Accident_Index,Vehicle_Reference,Vehicle_Type,Towing_and_Articulation,Vehicle_Manoeuvre,Vehicle_Location-Restricted_Lane,Junction_Location,Skidding_and_Overturning,Hit_Object_in_Carriageway,Vehicle_Leaving_Carriageway,Hit_Object_off_Carriageway,1st_Point_of_Impact,Was_Vehicle_Left_Hand_Drive?,Journey_Purpose_of_Driver,Sex_of_Driver,Age_Band_of_Driver,Engine_Capacity_(CC),Propulsion_Code,Age_of_Vehicle,Driver_IMD_Decile,Driver_Home_Area_Type
201301BS70387,1,8,0,18,0,8,0,0,0,0,1,1,1,1,7,1997,2,1,1,1
201301BS70387,2,9,0,9,0,8,0,0,0,0,4,1,6,1,-1,1896,2,9,7,1
201301BS70388,1,8,0,18,0,8,0,0,0,0,4,1,1,1,8,2499,2,6,3,1
201301BS70390,1,9,0,2,0,2,0,0,0,0,3,1,6,1,7,1598,1,3,7,1
201301BS70390,2,1,0,16,0,2,0,0,0,0,1,1,6,2,5,-1,-1,-1,2,1
201301BS70391,1,9,0,18,0,8,0,0,0,0,3,1,6,1,6,1595,1,9,1,1
201301BS70391,2,9,0,18,0,8,0,0,0,0,1,1,6,2,8,3311,8,8,8,1
201301BS70391,3,19,0,10,0,8,0,0,0,0,0,1,6,3,-1,-1,-1,-1,-1,-1
201301BS70392,1,1,0,18,0,0,0,0,0,0,1,1,6,1,-1,-1,-1,-1,2,1
201301BS70394,1,11,0,5,0,0,0,0,0,0,0,1,1,1,6,4461,2,-1,6,1
201301BS70395,1,9,0,3,0,8,0,0,0,0,3,1,6,1,-1,1898,1,11,7,1
201301BS70395,2,9,0,1,0,8,0,0,0,0,1,1,6,3,-1,-1,-1,-1,-1,-1
201301BS70397,1,9,0,9,0,8,0,0,0,0,1,1,2,1,8,1598,2,2,9,1
201301BS70397,2,1,0,14,0,8,0,0,0,0,4,1,2,1,6,-1,-1,-1,2,1
201301BS70398,1,11,0,5,0,1,0,0,0,0,0,1,1,1,7,4461,2,-1,3,1
201301BS70399,1,8,0,18,0,8,0,0,0,0,1,1,6,1,5,1997,2,4,6,1
201301BS70401,1,9,0,10,0,8,0,0,0,0,3,1,6,2,5,1390,1,7,8,1
201301BS70401,2,5,0,18,0,8,0,0,0,0,1,1,6,1,8,998,1,8,3,1
201301BS70401,3,9,0,18,0,8,0,0,0,0,3,1,6,1,6,2987,2,6,2,1
201301BS70402,1,9,0,9,0,8,0,0,0,0,4,1,6,1,8,2184,2,8,7,1
201301BS70402,2,1,0,18,0,8,0,0,0,0,1,1,6,1,7,-1,-1,-1,4,1
201301BS70403,1,1,0,18,0,8,0,0,0,0,3,1,2,1,5,-1,-1,-1,4,1
201301BS70403,2,9,0,7,0,8,0,0,0,0,4,1,6,3,-1,1149,1,9,-1,-1
201301BS70404,1,1,0,18,0,8,0,0,0,0,1,1,6,1,6,-1,-1,-1,1,1
201301BS70405,1,9,0,9,0,8,0,0,0,0,3,1,6,1,5,1149,1,12,9,1
201301BS70405,2,11,0,18,0,8,0,0,0,0,1,1,1,1,8,7300,2,9,2,1
201301BS70406,1,9,0,18,0,8,0,0,0,0,3,1,6,1,9,1685,2,2,7,1
201301BS70406,2,2,0,18,0,8,0,0,0,0,1,1,1,2,6,49,1,2,4,1
201301BS70407,1,9,0,18,0,1,0,0,0,0,1,1,6,2,10,1398,1,1,1,1
201301BS70407,2,9,0,4,0,1,0,0,0,0,2,1,6,1,6,1240,1,7,3,1
201301BS70408,1,1,0,18,0,0,0,0,0,0,4,1,6,1,7,-1,-1,-1,7,3
201301BS70408,2,9,0,2,0,0,0,0,0,0,3,1,6,3,-1,2435,1,15,-1,-1
201301BS70409,1,8,0,9,0,8,0,0,0,0,1,1,1,1,7,1598,1,8,1,1
201301BS70410,1,11,0,18,0,8,0,0,0,0,4,1,1,2,8,7300,2,9,-1,-1
201301BS70410,2,1,0,18,0,8,0,0,0,0,4,1,6,2,7,-1,-1,-1,6,1
201301BS70410,3,9,0,7,0,8,0,0,0,0,1,1,6,3,-1,-1,-1,-1,-1,-1
201301BS70411,1,1,0,18,0,0,0,0,0,0,3,1,2,1,7,-1,-1,-1,4,1
201301BS70411,2,19,0,13,0,0,0,0,0,0,4,1,6,3,-1,-1,-1,-1,-1,-1
201301BS70412,1,9,0,18,0,0,0,0,0,0,4,1,6,3,-1,5972,1,2,-1,-1
201301BS70413,1,9,0,18,0,1,0,0,0,0,3,1,6,1,7,4395,1,2,4,1
201301BS70414,1,9,0,12,0,0,0,0,0,0,3,1,6,1,7,1497,8,7,-1,-1
201301BS70414,2,1,0,14,0,0,0,0,0,0,4,1,6,2,6,-1,-1,-1,5,1
201301BS70416,1,9,0,3,0,1,0,0,0,0,2,1,1,1,-1,1560,2,2,7,1
201301BS70416,2,9,0,18,0,1,0,0,0,0,1,1,6,1,8,4000,1,7,2,1
201301BS70417,1,19,0,7,0,8,0,0,0,0,4,1,1,1,7,2198,2,6,4,1
201301BS70417,2,1,0,16,0,8,0,0,0,0,3,1,2,1,7,-1,-1,-1,6,1
201301BS70418,1,9,0,3,0,8,0,0,0,0,1,1,6,1,7,1108,1,4,3,1
201301BS70418,2,5,0,14,0,8,0,0,0,0,1,1,6,1,7,599,1,15,5,1
201301BS70419,1,1,0,18,0,0,0,0,0,0,1,1,6,1,7,-1,-1,-1,6,1
201301BS70419,2,19,0,4,0,0,0,0,0,0,2,1,6,3,-1,-1,-1,-1,-1,-1
201301BS70420,1,1,0,18,0,1,0,8,0,0,1,1,6,1,8,-1,-1,-1,6,1
201301BS70420,2,8,0,18,0,1,0,0,0,0,4,1,1,1,7,2664,2,12,4,1
201301BS70421,1,1,0,12,0,1,0,0,0,0,3,1,1,2,6,-1,-1,-1,5,1
201301BS70421,2,9,0,18,0,1,0,0,0,0,4,1,6,1,-1,2987,2,4,8,1
201301BS70422,1,19,0,7,0,5,0,0,0,0,4,1,1,1,8,2402,2,5,6,1
201301BS70422,2,1,0,15,0,1,0,0,0,0,3,1,6,1,5,-1,-1,-1,3,1
201301BS70423,1,9,0,4,0,0,0,0,0,0,2,1,6,1,9,2993,2,2,10,1
201301BS70423,2,1,0,18,0,0,0,0,0,0,1,1,6,1,3,-1,-1,-1,2,1
201301BS70424,1,9,0,9,0,8,0,0,0,0,3,1,6,2,6,1598,1,5,5,1
201301BS70424,2,1,0,9,0,8,0,0,0,0,4,1,6,1,6,-1,-1,-1,4,1
201301BS70425,1,1,0,5,0,8,0,0,0,0,4,1,6,2,7,-1,-1,-1,4,1
201301BS70425,2,9,0,18,0,8,0,0,0,0,1,1,6,1,-1,2000,1,7,-1,-1
201301BS70426,1,90,0,17,0,8,0,0,0,0,0,1,6,1,6,-1,-1,-1,-1,-1
201301BS70426,2,3,0,17,0,8,0,10,0,0,4,1,6,2,8,124,1,2,3,1
201301BS70427,1,8,0,9,0,8,0,0,0,0,1,1,1,1,-1,1497,8,5,3,1
201301BS70429,1,9,0,9,0,8,0,0,0,0,2,1,2,1,8,2497,1,8,9,1
201301BS70429,2,9,0,9,0,8,0,0,0,0,2,1,2,1,-1,1997,1,-1,6,1
201301BS70429,3,9,0,9,0,8,0,0,0,0,1,1,6,1,-1,1796,1,3,-1,-1
201301BS70430,1,4,0,18,0,8,0,0,0,0,1,1,6,2,6,249,1,8,6,1
201301BS70430,2,9,0,9,0,8,0,0,0,0,1,1,6,2,-1,2996,1,2,7,1
201301BS70431,1,9,0,2,0,2,0,0,0,0,3,1,1,1,6,1200,1,1,4,1
201301BS70431,2,3,0,16,0,2,0,0,0,0,1,1,6,1,5,108,1,3,2,1
201301BS70432,1,9,0,18,0,8,0,10,1,1,1,1,6,1,7,1995,2,4,3,1
201301BS70433,1,3,0,16,0,8,0,0,0,0,1,1,6,1,5,125,1,6,8,1
201301BS70434,1,9,0,5,0,8,0,0,0,0,4,1,2,1,6,1600,1,14,-1,-1
201301BS70434,2,3,0,18,0,1,0,0,0,0,1,1,1,1,6,125,1,5,9,1
201301BS70435,1,3,0,18,0,8,0,0,0,0,3,1,2,1,6,125,1,11,2,1
201301BS70436,1,21,0,18,0,8,0,0,0,0,1,1,6,1,7,6692,2,2,4,1
201301BS70436,2,9,0,18,0,8,0,0,0,0,3,1,6,1,6,2148,2,5,10,1
201301BS70437,1,11,0,3,0,8,0,0,0,0,0,1,1,1,5,4500,2,1,2,1
201301BS70438,1,9,0,9,0,2,0,0,0,0,3,1,6,1,7,-1,-1,-1,7,1
201301BS70438,2,1,0,9,0,2,0,0,0,0,4,1,6,1,11,-1,-1,-1,7,1
201301BS70439,1,1,0,18,0,8,0,0,0,0,1,1,6,1,6,-1,-1,-1,2,1
201301BS70440,1,9,0,18,0,1,0,0,0,0,3,1,6,1,6,1956,2,3,3,1
201301BS70440,2,1,0,18,0,2,0,0,0,0,1,1,6,1,6,-1,-1,-1,3,1
201301BS70441,1,5,0,7,0,8,0,0,0,0,4,1,6,1,8,782,1,9,6,1
201301BS70441,2,9,0,9,0,8,0,0,0,0,0,1,1,1,-1,-1,-1,-1,-1,-1
201301BS70442,1,21,0,7,0,0,0,0,0,0,3,1,6,1,8,5193,2,1,6,1
201301BS70443,1,1,0,18,0,1,1,0,0,0,4,1,6,1,5,-1,-1,-1,1,1
201301BS70443,2,9,0,5,0,1,0,0,0,0,0,1,6,3,-1,-1,-1,-1,-1,-1
201301BS70444,1,4,0,13,0,8,0,0,0,0,1,1,2,1,8,1284,1,5,5,1
201301BS70444,2,19,0,12,0,8,0,0,0,0,3,1,1,2,5,2143,2,4,3,1
201301BS70445,1,9,0,13,0,1,0,0,0,0,1,1,6,2,-1,-1,-1,-1,-1,-1
201301BS70445,2,1,0,18,0,1,0,0,0,0,2,1,6,1,5,-1,-1,-1,2,1
201301BS70447,1,9,0,18,0,2,0,0,0,0,1,1,6,2,11,1796,1,5,10,1
201301BS70448,1,9,0,9,0,8,0,0,0,0,4,1,6,1,5,1390,1,1,3,1
201301BS70448,2,5,0,18,0,8,0,0,0,0,1,1,6,1,8,498,1,17,2,1
201301BS70449,1,9,0,9,0,8,0,0,0,0,4,1,6,1,6,1396,1,11,2,1
201301BS70449,2,1,0,18,0,8,0,0,0,0,1,1,6,2,7,-1,-1,-1,5,1
201301BS70453,1,19,0,3,0,1,0,0,0,0,2,1,2,1,6,1598,2,5,3,1
201301BS70453,2,9,0,18,0,1,0,0,0,0,1,1,6,3,-1,1797,8,2,-1,-1
201301BS70454,1,8,0,7,0,8,0,0,0,0,1,1,1,1,7,1910,2,4,1,1
201301BS70455,1,9,0,12,0,1,0,0,0,0,3,1,6,1,6,1388,1,11,3,1
201301BS70455,2,3,0,14,0,1,0,0,0,0,1,1,6,1,7,124,1,5,6,1
201301BS70456,1,9,0,13,0,8,0,0,0,0,4,1,6,2,8,2793,1,15,4,1
201301BS70456,2,1,0,18,0,8,0,0,0,0,3,1,6,2,8,-1,-1,-1,5,1
201301BS70457,1,9,0,9,0,8,0,0,0,0,3,1,6,1,7,2494,1,10,3,1
201301BS70457,2,3,0,13,0,8,0,0,0,0,1,1,1,1,6,108,1,1,3,1
201301BS70459,1,9,0,12,0,8,0,4,0,0,1,1,6,1,9,1497,1,13,7,1
201301BS70459,2,9,0,2,0,8,0,4,0,0,2,1,6,2,9,1968,2,6,8,3
201301BS70459,3,19,0,2,0,8,0,4,0,0,2,1,1,1,6,2460,2,10,-1,-1
201301BS70459,4,9,0,2,0,8,0,0,0,0,2,1,6,3,-1,-1,-1,-1,-1,-1
201301BS70460,1,11,0,18,0,8,0,0,0,0,0,1,1,1,9,7300,2,11,6,1
201301BS70461,1,9,0,18,0,1,0,4,0,0,1,1,6,2,9,1998,1,12,8,1
201301BS70461,2,9,0,2,0,1,0,0,0,0,2,1,6,1,-1,2496,2,12,3,1
201301BS70463,1,5,0,7,0,8,0,0,0,0,4,1,6,1,5,599,1,12,3,1
201301BS70463,2,3,0,7,0,8,0,0,0,0,4,1,6,1,6,124,1,4,9,1
201301BS70464,1,1,0,18,0,8,0,0,0,0,1,1,6,2,6,-1,-1,-1,3,1
201301BS70464,2,9,0,1,0,8,0,0,0,0,2,1,6,1,-1,2435,1,15,-1,-1
201301BS70465,1,11,0,4,0,1,0,0,0,0,0,1,1,1,7,6700,2,1,4,1
201301BS70466,1,1,0,18,0,8,0,0,0,0,4,1,6,1,7,-1,-1,-1,2,1
201301BS70466,2,8,0,18,0,8,0,0,0,0,1,1,6,1,8,-1,-1,-1,10,2
201301BS70467,1,1,0,18,0,1,0,8,0,0,1,1,6,1,6,-1,-1,-1,6,1
201301BS70467,2,9,0,2,0,1,0,0,0,0,0,1,6,1,-1,-1,-1,-1,-1,-1
201301BS70469,1,9,0,7,0,8,0,0,0,0,4,1,6,1,-1,-1,-1,-1,-1,-1
201301BS70469,2,1,0,7,0,8,0,0,0,0,1,1,6,1,6,-1,-1,-1,3,1
201301BS70471,1,9,0,7,0,8,0,0,0,0,4,1,6,3,-1,-1,-1,-1,-1,-1
201301BS70471,2,1,0,7,0,8,0,0,0,0,1,1,6,2,8,-1,-1,-1,3,1
201301BS70472,1,19,0,9,0,8,0,0,0,0,2,1,1,1,6,2143,2,2,6,3
201301BS70472,2,11,0,9,0,8,0,0,0,0,1,1,6,1,8,-1,-1,-1,3,1
201301BS70474,1,9,0,18,0,8,0,10,1,0,4,1,6,2,11,1995,2,-1,2,1
201301BS70474,2,9,0,9,0,8,0,0,0,0,1,1,6,2,6,1390,1,5,8,1
201301BS70475,1,9,0,18,0,8,0,0,0,0,4,1,6,2,10,2457,1,3,4,1
201301BS70475,2,9,0,18,0,8,0,0,0,0,1,1,6,1,7,1596,1,1,2,1
201301BS70475,3,9,0,18,0,8,0,0,0,0,1,1,6,2,7,698,1,9,3,1
201301BS70476,1,9,0,9,0,8,0,0,0,0,1,1,6,3,-1,-1,-1,-1,-1,-1
201301BS70477,1,1,0,18,0,8,0,0,0,0,1,1,6,1,7,-1,-1,-1,-1,-1
201301BS70478,1,9,0,9,0,8,0,0,0,0,1,1,6,1,7,2995,1,-1,6,1
201301BS70478,2,9,0,18,0,8,0,0,0,0,4,1,6,1,8,2000,2,4,10,1
201301BS70479,1,21,0,12,0,8,0,0,0,0,3,1,1,1,8,5193,2,2,3,1
201301BS70479,2,19,0,18,0,8,0,0,0,0,4,1,1,1,6,2461,2,9,7,1
201301BS70480,1,9,0,18,0,8,0,0,0,0,1,1,6,1,6,1796,1,13,6,1
201301BS70480,2,8,0,18,0,8,0,0,0,0,2,1,1,1,8,2664,2,12,10,1
201301BS70481,1,9,0,18,0,0,0,0,0,0,1,1,6,2,6,1598,1,2,4,1
201301BS70481,2,9,0,4,0,0,0,0,0,0,1,1,6,1,9,6162,1,4,7,1
201301BS70481,3,19,0,4,0,0,0,0,0,0,2,1,6,1,7,2198,2,-1,10,1
201301BS70482,1,1,0,18,0,8,0,0,0,0,4,1,6,1,7,-1,-1,-1,2,1
201301BS70482,2,9,0,7,0,8,0,0,0,0,1,1,6,1,-1,-1,-1,-1,-1,-1
201301BS70491,1,8,0,18,0,8,0,10,3,1,1,1,1,1,8,1896,2,10,1,1
201301BS70491,2,9,0,18,0,8,0,0,0,0,1,1,6,1,4,2401,2,7,-1,-1
201301BS70492,1,9,0,3,0,8,0,0,0,0,3,1,6,1,8,1594,1,14,4,1
201301BS70492,2,1,0,18,0,8,0,0,0,0,1,1,6,1,6,-1,-1,-1,3,1
201301BS70493,1,9,0,18,0,8,0,0,0,0,1,1,6,2,6,-1,-1,-1,2,1
201301BS70493,2,1,0,18,0,8,0,0,0,0,1,1,6,2,6,-1,-1,-1,6,1
201301BS70494,1,5,0,18,0,8,0,0,0,0,1,1,6,1,8,-1,-1,-1,-1,-1
201301BS70494,2,8,0,6,0,8,0,0,0,0,1,1,1,1,10,2664,2,14,5,1
201301BS70495,1,8,0,18,0,0,0,0,0,0,1,1,1,3,-1,-1,-1,-1,-1,-1
201301BS70496,1,19,0,6,0,0,0,0,0,0,1,1,1,1,9,2402,2,4,8,1
201301BS70496,2,4,0,18,0,0,0,0,0,0,1,1,2,1,8,244,1,5,4,1
201301BS70497,1,11,0,18,0,8,0,0,0,0,1,1,1,1,7,12000,2,4,-1,1
201301BS70497,2,19,0,7,0,8,2,0,0,0,4,1,1,1,7,2402,2,9,3,1
201301BS70497,3,19,0,18,0,8,0,0,0,0,2,1,1,1,8,1896,2,7,-1,1
201301BS70499,1,9,0,18,0,8,0,0,0,0,1,1,6,1,5,1389,1,16,5,1
201301BS70499,2,9,0,9,0,8,0,0,0,0,1,1,6,1,7,1910,2,6,2,1
201301BS70500,1,21,0,18,0,8,0,0,0,0,0,1,6,3,-1,-1,-1,-1,-1,-1
201301BS70501,1,8,0,7,0,8,0,0,0,0,2,1,1,1,8,2148,2,6,8,1
201301BS70501,2,9,0,7,0,8,0,0,0,0,1,1,6,1,-1,2967,2,-1,-1,-1
201301BS70502,1,9,0,6,0,0,0,0,0,0,1,1,6,2,5,1397,1,5,6,1
201301BS70502,2,3,0,18,0,0,0,0,0,0,3,1,1,1,5,-1,-1,-1,7,1
201301BS70503,1,9,0,9,0,8,0,0,0,0,4,1,6,2,7,1998,1,10,5,1
201301BS70503,2,1,0,18,0,8,0,0,0,0,1,1,6,1,8,-1,-1,-1,2,1
201301BS70504,1,8,0,18,0,8,0,0,0,0,1,1,1,1,7,2143,2,1,10,1
201301BS70505,1,9,0,9,0,8,0,0,0,0,1,1,6,1,5,2987,2,5,2,1
201301BS70505,2,3,0,18,0,8,0,0,0,0,1,1,6,1,5,125,1,2,-1,-1
201301BS70506,1,9,0,18,0,8,0,0,0,0,1,1,6,1,4,998,1,13,10,1
201301BS70507,1,9,0,18,0,8,0,0,0,0,3,1,6,2,5,1360,1,4,6,1
201301BS70507,2,1,0,18,0,8,0,0,0,0,1,1,6,1,7,-1,-1,-1,3,1
201301BS70508,1,9,0,18,0,1,0,0,0,0,4,1,6,1,8,875,1,1,2,1
201301BS70509,1,9,0,18,0,8,0,0,0,0,1,1,6,1,7,4800,1,5,6,1
201301BS70509,2,9,0,3,0,8,0,0,0,0,2,1,6,1,6,1598,1,11,2,1
201301BS70510,1,9,0,18,0,8,0,0,0,0,2,1,1,2,5,1600,2,1,3,1
201301BS70510,2,1,0,18,0,8,0,0,0,0,1,1,6,1,-1,-1,-1,-1,-1,-1
201301BS70511,1,11,0,13,0,0,0,0,0,0,4,1,1,1,6,-1,-1,-1,6,1
201301BS70511,2,1,0,18,0,0,0,0,0,0,3,1,6,1,3,-1,-1,-1,1,1
201301BS70512,1,9,0,9,0,8,0,0,0,0,4,1,6,1,5,1422,2,12,10,3
201301BS70512,2,5,0,18,0,8,0,0,0,0,1,1,6,1,9,599,1,4,4,1
201301BS70513,1,8,0,9,0,1,0,0,0,0,4,1,1,1,8,1794,1,6,3,1
201301BS70513,2,1,0,18,0,1,0,0,0,0,1,1,2,1,6,-1,-1,-1,9,1
201301BS70514,1,1,0,18,0,1,0,0,0,0,4,1,1,1,6,-1,-1,-1,1,1
201301BS70514,2,9,0,3,0,1,0,0,0,0,3,1,6,1,6,1997,2,3,2,1
201301BS70515,1,9,0,18,0,8,0,0,0,0,0,1,6,1,6,2496,2,10,5,1
201301BS70515,2,2,0,18,0,8,1,0,0,0,0,1,6,1,4,124,1,9,2,1
201301BS70516,1,8,0,7,0,1,0,0,0,0,4,1,1,1,8,2987,2,2,3,1
201301BS70516,2,1,0,15,0,1,0,0,0,0,1,1,2,1,8,-1,-1,-1,1,1
201301BS70517,1,11,0,18,0,0,0,0,0,0,0,1,1,1,7,9000,2,6,7,1
201301BS70518,1,8,0,14,0,0,0,0,0,0,4,1,1,1,8,2499,2,3,3,1
201301BS70519,1,3,0,18,0,2,1,0,0,0,1,1,6,1,5,125,1,-1,-1,-1
201301BS70519,2,9,0,18,0,2,0,0,0,0,2,1,1,1,7,1497,8,11,7,1
201301BS70522,1,3,0,14,0,0,0,0,0,0,1,1,2,1,9,98,1,11,4,1
201301BS70523,1,3,0,18,0,1,0,0,0,0,3,1,2,1,7,124,1,3,6,1
201301BS70523,2,11,0,11,0,1,0,0,0,0,4,1,6,3,-1,-1,-1,-1,-1,-1
201301BS70524,1,9,0,18,0,8,0,0,0,0,1,1,6,1,6,1896,2,7,7,1
201301BS70524,2,1,0,18,0,8,0,0,0,0,4,1,6,2,6,-1,-1,-1,4,1
201301BS70525,1,2,0,14,0,1,1,0,0,0,1,1,1,1,5,125,1,2,-1,-1
201301BS70526,1,9,0,17,0,1,0,0,0,0,1,1,1,1,8,-1,-1,-1,7,1
201301BS70527,1,90,0,9,0,8,0,0,0,0,3,1,1,1,6,-1,-1,-1,-1,-1
201301BS70527,2,3,0,9,0,8,0,0,0,0,4,1,6,2,7,124,1,5,5,1
201301BS70528,1,8,0,3,0,2,0,0,0,0,3,1,1,1,9,1968,2,7,3,1
201301BS70528,2,9,0,14,0,2,0,0,0,0,4,1,6,2,-1,1598,2,1,-1,-1
201301BS70529,1,1,0,18,0,8,0,0,0,0,1,1,1,1,6,-1,-1,-1,5,1
201301BS70531,1,9,0,18,0,8,0,10,1,10,4,1,6,1,7,2979,1,8,4,1
201301BS70531,2,8,0,18,0,1,0,0,0,0,1,1,1,1,8,-1,-1,-1,4,1
201301BS70531,3,9,0,2,0,2,0,0,0,0,2,1,6,1,7,5654,1,7,-1,-1
201301BS70532,1,8,0,18,0,2,0,0,0,0,1,1,1,1,7,1797,8,1,1,1
201301BS70532,2,9,0,18,0,1,0,10,7,10,1,1,2,1,8,1797,8,4,2,1
201301BS70533,1,9,0,14,0,2,0,0,0,0,3,1,6,1,9,-1,-1,-1,7,1
201301BS70533,2,19,0,14,0,2,0,0,0,0,4,1,6,2,7,-1,-1,-1,4,1
201301BS70534,1,11,0,2,0,0,0,0,0,0,0,1,1,1,10,7300,2,11,7,1
201301BS70535,1,9,0,18,0,0,0,0,0,0,1,1,6,2,5,1598,1,7,5,1
201301BS70536,1,9,0,18,0,1,0,0,0,0,3,1,1,1,5,-1,-1,-1,2,1
201301BS70537,1,3,0,14,0,0,0,0,0,0,1,1,6,1,-1,-1,-1,-1,-1,-1
201301BS70538,1,8,0,6,0,0,0,0,0,0,4,1,1,1,7,2402,2,10,10,1
201301BS70538,2,9,0,18,0,0,0,0,0,0,1,1,6,2,5,1397,1,6,7,1
201301BS70539,1,1,0,18,0,8,0,8,0,0,1,1,6,1,8,-1,-1,-1,1,1
201301BS70539,2,9,0,2,0,1,0,0,0,0,3,1,6,2,-1,-1,-1,-1,-1,-1
201301BS70540,1,1,0,9,0,8,0,0,0,0,4,1,2,1,4,-1,-1,-1,2,1
201301BS70540,2,9,0,18,0,8,0,0,0,0,1,1,6,1,5,1596,1,-1,2,1
201301BS70541,1,9,0,18,0,8,0,4,0,0,3,1,6,1,5,-1,-1,-1,5,1
201301BS70541,2,9,0,18,0,8,0,0,0,0,1,1,6,1,6,-1,-1,-1,3,1
201301BS70541,3,9,0,2,0,1,0,0,0,0,1,1,6,1,8,1997,2,9,-1,-1
201301BS70542,1,9,0,9,0,8,0,0,0,0,1,1,6,1,4,1598,1,7,4,1
201301BS70542,2,8,0,18,0,8,0,0,0,0,1,1,1,1,7,2499,2,6,1,1
201301BS70543,1,1,0,18,0,8,0,0,0,0,1,1,6,2,6,-1,-1,-1,6,1
201301BS70543,2,9,0,9,0,8,0,0,0,0,4,1,6,2,-1,998,1,8,-1,-1
201301BS70545,1,9,0,18,0,8,0,0,0,0,2,1,6,2,9,2000,1,8,9,1
201301BS70545,2,8,0,15,0,1,0,0,0,0,1,1,1,1,-1,-1,-1,-1,-1,-1
201301BS70547,1,9,0,9,0,2,0,0,0,0,3,1,6,1,7,-1,-1,-1,7,1
201301BS70548,1,11,0,18,0,0,0,0,0,0,4,1,1,1,7,4462,2,7,2,1
201301BS70548,2,9,0,18,0,0,0,0,0,0,3,1,6,2,6,1997,2,7,3,1
201301BS70548,3,11,0,18,0,0,0,0,0,0,1,1,1,1,9,8300,2,6,3,1
201301BS70548,4,9,0,18,0,0,0,0,0,0,1,1,6,1,7,2967,2,1,4,1
201301BS70548,5,11,0,18,0,0,0,0,0,0,1,1,1,1,9,-1,-1,-1,2,1
201301BS70549,1,9,0,6,0,0,0,0,0,0,3,1,1,1,6,2967,2,-1,4,1
201301BS70549,2,3,0,13,0,0,1,0,0,0,1,1,1,1,4,125,1,3,-1,-1
201301BS70550,1,11,0,18,0,1,0,0,0,0,4,1,1,2,8,730,2,9,3,1
201301BS70551,1,17,4,9,0,8,0,0,0,0,3,1,1,1,6,-1,2,5,6,1
201301BS70551,2,9,0,14,0,8,0,0,0,0,4,1,6,2,5,1360,1,5,3,1
201301BS70552,1,8,0,9,0,8,0,0,0,0,4,1,1,1,7,1997,2,1,1,1
201301BS70553,1,4,0,18,0,8,0,0,0,0,3,1,6,1,7,278,1,1,3,1
201301BS70553,2,9,0,9,0,8,0,0,0,0,0,1,6,1,8,4134,2,2,7,3
201301BS70554,1,9,0,16,0,8,0,0,0,0,1,1,6,3,-1,-1,-1,-1,-1,-1
201301BS70555,1,11,0,18,0,2,0,0,0,0,0,1,1,2,-1,9000,2,3,7,1
201301BS70557,1,9,0,9,0,8,0,0,0,0,4,1,6,1,10,1988,1,13,1,1
201301BS70557,2,1,0,18,0,8,0,0,0,0,1,1,6,1,6,-1,-1,-1,-1,-1
201301BS70558,1,4,0,14,0,1,0,0,0,0,4,1,6,1,6,125,1,4,5,1
201301BS70558,2,9,0,9,0,1,0,0,0,0,3,1,6,1,-1,2993,2,1,8,1
201301BS70559,1,9,0,18,0,0,0,0,0,0,1,1,1,1,6,-1,-1,-1,-1,-1
201301BS70560,1,1,0,9,0,8,0,0,0,0,1,1,6,2,8,-1,-1,-1,3,1
201301BS70560,2,9,0,13,0,8,0,0,0,0,4,1,6,1,-1,-1,-1,-1,-1,-1
201301BS70561,1,5,0,18,0,8,0,0,0,0,1,1,6,1,7,-1,-1,-1,5,1
201301BS70561,2,9,0,9,0,8,0,0,0,0,1,1,6,1,8,1199,2,2,-1,-1
201301BS70561,3,90,0,18,0,8,0,0,0,0,3,1,1,3,-1,-1,-1,-1,-1,-1
201301BS70562,1,1,0,18,0,2,0,0,0,0,3,1,1,1,8,-1,-1,-1,5,1
201301BS70562,2,20,0,11,0,2,0,0,0,0,4,1,6,1,-1,-1,-1,-1,-1,-1
201301BS70564,1,9,0,4,0,1,0,0,0,0,2,1,6,2,6,1560,2,-1,3,1
201301BS70564,2,9,0,18,0,1,0,0,0,0,1,1,6,3,-1,-1,-1,-1,-1,-1
201301BS70565,1,1,0,18,0,8,0,0,0,0,1,1,1,1,5,-1,-1,-1,4,1
201301BS70565,2,19,0,7,0,8,0,0,0,0,4,1,1,1,5,1248,2,5,3,1
201301BS70566,1,9,0,14,0,8,0,0,0,0,1,1,6,1,6,1870,2,10,7,1
201301BS70567,1,5,0,4,0,8,0,0,0,0,3,1,6,1,8,744,1,8,4,1
201301BS70567,2,9,0,13,0,8,0,0,0,0,0,1,6,1,7,3600,1,4,3,1
201301BS70567,3,19,0,9,0,8,0,0,0,0,0,1,1,1,8,2151,2,12,5,2
201301BS70568,1,9,0,12,0,1,0,0,0,0,3,1,2,1,8,1984,1,12,4,1
201301BS70568,2,5,0,18,0,1,0,0,0,0,4,1,2,1,-1,599,1,11,2,1
201301BS70569,1,9,0,18,0,8,0,0,0,0,4,1,6,1,6,1995,2,5,2,1
201301BS70569,2,9,0,18,0,8,0,0,0,0,1,1,6,3,-1,1796,1,7,-1,-1
201301BS70570,1,9,0,18,0,8,0,0,0,0,1,1,6,1,7,2295,1,14,3,1
201301BS70570,2,19,0,9,0,8,0,0,0,0,1,1,1,1,6,2198,2,5,3,1
201301BS70571,1,5,0,18,0,0,0,0,0,0,3,1,1,1,7,-1,-1,-1,-1,-1
201301BS70572,1,9,0,9,0,8,0,0,0,0,4,1,6,2,7,2993,2,2,3,1
201301BS70572,2,1,0,18,0,8,0,0,0,0,1,1,6,1,6,-1,-1,-1,2,1
201301BS70573,1,9,0,4,0,0,0,0,0,0,2,1,6,1,7,1968,2,7,1,1
201301BS70573,2,19,0,18,0,0,0,0,0,0,1,1,1,1,5,1598,2,-1,1,1
201301BS70574,1,9,0,18,0,0,0,0,0,0,1,1,6,1,7,2697,2,6,2,1