Accident_Index,Vehicle_Reference,Vehicle_Type,Towing_and_Articulation,Vehicle_Manoeuvre,Vehicle_Location-Restricted_Lane,Junction_Location,Skidding_and_Overturning,Hit_Object_in_Carriageway,Vehicle_Leaving_Carriageway,Hit_Object_off_Carriageway,1st_Point_of_Impact,Was_Vehicle_Left_Hand_Drive?,Journey_Purpose_of_Driver,Sex_of_Driver,Age_Band_of_Driver,Engine_Capacity_(CC),Propulsion_Code,Age_of_Vehicle,Driver_IMD_Decile,Driver_Home_Area_Type
201301CW10008,1,11,0,18,0,0,0,0,0,0,4,1,1,1,7,6700,2,6,1,1
201301CW10009,1,9,0,18,0,1,0,0,0,0,1,1,6,2,5,1390,1,12,2,1
201301CW10010,1,3,0,16,0,8,0,0,0,0,2,1,6,1,5,125,1,7,2,1
201301CW10010,2,9,0,16,0,8,0,0,0,0,1,1,6,3,-1,1997,1,14,-1,-1
201301CW10011,1,19,0,18,0,8,0,0,0,0,3,1,1,1,6,1598,2,2,5,1
201301CW10011,2,9,0,18,0,8,0,0,0,0,1,1,6,2,-1,1968,2,1,-1,-1
201301CW10013,1,9,0,9,0,0,0,0,0,0,3,1,2,1,6,1800,1,13,8,1
201301CW10013,2,2,0,15,0,0,0,0,0,0,4,1,2,2,6,124,1,12,3,1
201301CW10014,1,9,0,9,0,8,0,0,0,0,3,1,6,2,8,1997,2,11,8,1
201301CW10014,2,3,0,18,0,8,0,0,0,0,1,1,6,1,6,124,1,9,3,1
201301CW10015,1,90,0,1,0,8,0,0,0,0,2,1,1,1,6,-1,-1,-1,7,2
201301CW10015,2,11,0,2,0,8,0,0,0,0,2,1,1,1,6,6700,2,2,4,1
201301CW10016,1,9,0,9,0,8,0,0,0,0,1,1,6,1,6,-1,-1,-1,-1,-1
201301CW10016,2,3,0,18,0,8,0,0,0,0,3,1,6,1,6,124,1,11,3,1
201301CW10018,1,8,0,18,0,8,0,0,0,0,4,1,1,1,9,2402,2,7,8,1
201301CW10018,2,5,0,17,0,8,0,0,0,0,1,1,6,1,6,599,1,4,3,1
201301CW10020,1,9,0,7,0,8,0,0,0,0,1,1,6,1,8,2987,2,3,3,1
201301CW10021,1,11,0,18,0,8,0,0,0,0,1,1,1,1,8,4760,2,2,4,1
201301CW10021,2,8,0,18,0,8,0,0,0,0,4,1,1,1,8,2402,2,7,-1,-1
201301CW10022,1,19,0,9,0,8,0,0,0,0,1,1,1,1,8,2402,2,7,3,1
201301CW10023,1,3,0,16,0,8,0,0,0,0,3,1,2,1,-1,85,1,13,-1,-1
201301CW10023,2,19,0,17,0,8,0,0,0,0,0,1,1,1,-1,2299,2,1,-1,-1
201301CW10024,1,1,0,18,0,8,0,0,0,0,1,1,6,1,6,-1,-1,-1,9,1
201301CW10024,2,19,0,9,0,8,0,0,0,0,3,1,1,1,-1,-1,-1,-1,3,1
201301CW10025,1,1,0,18,0,8,0,0,0,0,4,1,6,1,8,-1,-1,-1,7,1
201301CW10025,2,19,0,9,0,8,0,0,0,0,1,1,1,1,-1,-1,-1,-1,10,2
201301CW10026,1,9,0,4,0,0,0,0,0,0,2,1,1,1,8,1995,2,2,8,3
201301CW10026,2,19,0,18,0,0,0,0,0,0,1,1,1,1,8,2151,2,10,6,2
201301CW10026,3,19,0,4,0,0,0,0,0,0,2,1,1,1,5,1560,2,1,3,1
201301CW10027,1,9,0,4,0,1,0,0,0,0,0,1,6,2,7,1598,1,6,7,1
201301CW10030,1,9,0,18,0,8,0,0,0,0,1,1,6,1,6,2000,1,17,8,1
201301CW10030,2,9,0,18,0,8,0,0,0,0,2,1,6,2,7,1598,2,1,-1,-1
201301CW10031,1,3,0,3,0,1,0,0,0,0,2,1,6,1,6,125,1,1,10,1
201301CW10031,2,3,0,18,0,1,0,0,0,0,1,1,6,1,5,-1,-1,-1,1,1
201301CW10032,1,11,0,18,0,0,0,0,0,0,1,1,1,1,9,9360,2,3,5,1
201301CW10032,2,9,0,6,0,0,0,0,0,0,3,1,6,1,6,1598,1,3,5,1
201301CW10033,1,1,0,17,0,8,0,0,0,0,1,1,6,1,8,-1,-1,-1,7,1
201301CW10034,1,9,0,18,0,2,0,4,0,0,1,1,6,2,6,1995,2,9,2,1
201301CW10034,2,19,0,2,0,2,0,0,0,0,0,1,1,1,8,2402,2,6,2,1
201301CW10035,1,4,0,18,0,2,0,0,0,0,1,1,6,3,-1,-1,-1,-1,-1,-1
201301CW10036,1,9,0,18,0,2,0,0,0,0,1,1,6,2,7,2720,2,5,3,1
201301CW10037,1,8,0,18,0,8,0,0,0,0,4,1,1,1,6,-1,-1,-1,5,1
201301CW10037,2,9,0,12,0,8,0,0,0,0,3,1,6,1,-1,1796,1,10,4,1
201301CW10038,1,9,0,9,0,8,0,0,0,0,1,1,6,1,-1,1997,2,7,-1,-1
201301CW10039,1,3,0,18,0,2,0,0,0,0,1,1,1,1,5,124,1,6,4,1
201301CW10039,2,9,0,6,0,2,0,0,0,0,3,1,6,1,7,1896,2,10,-1,1
201301CW10040,1,9,0,18,0,0,0,0,0,0,3,1,6,2,4,1390,1,10,3,1
201301CW10040,2,19,0,18,0,0,0,0,0,0,4,1,1,1,-1,1998,2,9,-1,-1
201301CW10040,3,9,0,18,0,0,0,0,0,0,3,1,6,3,-1,-1,-1,-1,-1,-1
201301CW10042,1,9,0,7,0,8,0,0,0,0,1,1,2,1,8,1968,2,4,3,1
201301CW10042,2,1,0,18,0,8,0,0,0,0,4,1,6,1,8,-1,-1,-1,-1,-1
201301CW10043,1,9,0,18,0,2,0,0,0,0,1,1,6,1,11,1796,1,15,3,1
201301CW10046,1,11,0,16,0,8,0,0,0,0,0,1,1,1,8,6700,2,1,-1,-1
201301CW10047,1,8,0,17,0,8,0,0,0,0,0,1,1,1,9,2664,2,12,9,1
201301CW10048,1,9,0,18,0,2,0,10,3,10,1,1,6,2,11,1598,1,5,8,3
201301CW10049,1,9,0,7,0,8,0,0,0,0,4,1,6,1,6,1997,2,7,9,1
201301CW10049,2,1,0,18,0,8,0,0,0,0,1,1,6,1,5,-1,-1,-1,8,1
201301CW10050,1,9,0,18,0,1,0,0,0,0,1,1,6,2,5,998,1,14,3,1
201301CW10051,1,11,0,18,0,1,0,0,0,0,1,1,1,1,7,6700,2,5,4,1
201301CW10052,1,9,0,9,0,8,0,0,0,0,4,1,6,2,6,2685,2,10,4,1
201301CW10052,2,3,0,18,0,8,0,0,0,0,1,1,6,1,4,125,1,8,9,1
201301CW10053,1,5,0,15,0,8,0,0,0,0,1,1,1,1,6,599,1,8,6,1
201301CW10053,2,21,0,9,0,8,0,0,0,0,4,1,2,1,6,-1,-1,-1,-1,-1
201301CW10055,1,1,0,18,0,8,0,0,0,0,4,1,6,1,7,-1,-1,-1,3,1
201301CW10055,2,8,0,18,0,8,0,0,0,0,1,1,1,1,-1,1598,1,7,-1,-1
201301CW10056,1,8,0,5,0,1,0,0,0,0,3,1,1,1,9,2446,2,13,5,1
201301CW10056,2,4,0,17,0,1,0,0,0,0,1,1,1,1,7,992,1,6,2,1
201301CW10057,1,9,0,18,0,8,0,0,0,0,3,1,2,1,7,1200,1,1,3,1
201301CW10057,2,9,0,9,0,8,0,0,0,0,1,1,6,2,5,1396,1,11,8,1
201301CW10058,1,9,0,3,0,1,0,0,0,0,1,1,2,1,5,1598,1,11,3,1
201301CW10058,2,9,0,6,0,2,0,0,0,0,2,1,6,3,-1,-1,-1,-1,-1,-1
201301CW10060,1,21,0,4,0,1,0,0,0,0,0,1,1,1,6,6871,2,9,2,1
201301CW10061,1,9,0,18,0,0,0,0,0,0,1,1,6,1,-1,-1,3,8,-1,-1
201301CW10062,1,1,0,18,0,8,0,0,0,0,1,1,6,1,5,-1,-1,-1,4,1
201301CW10062,2,11,0,18,0,8,0,0,0,0,4,1,1,3,-1,-1,-1,-1,-1,-1
201301CW10064,1,11,0,4,0,1,0,0,0,0,0,1,1,1,8,7300,2,10,3,1
201301CW10065,1,11,0,18,0,2,0,0,0,0,4,1,1,1,7,6692,2,4,2,1
201301CW10066,1,19,0,7,0,8,0,0,0,0,1,1,1,1,-1,2148,2,3,-1,-1
201301CW10067,1,9,0,18,0,8,0,0,0,0,1,1,6,1,9,3301,1,14,1,1
201301CW10068,1,19,0,18,0,8,0,0,0,0,3,1,1,1,4,2179,2,7,3,1
201301CW10068,2,9,0,18,0,8,0,0,0,0,1,1,6,1,8,1799,1,16,4,1
201301CW10069,1,8,0,18,0,0,0,0,0,0,1,1,1,1,8,2664,2,16,7,1
201301CW10069,2,1,0,18,0,0,0,0,0,0,3,1,6,2,8,-1,-1,-1,2,1
201301CW10070,1,11,0,17,0,8,0,0,0,0,0,1,1,1,7,9360,2,1,2,1
201301CW10071,1,9,0,17,0,8,0,0,0,0,3,1,6,2,5,1360,1,12,3,1
201301CW10071,2,1,0,11,0,8,0,0,0,0,2,1,6,2,6,-1,-1,-1,-1,-1
201301CW10072,1,19,0,3,0,8,0,0,0,0,2,1,1,1,7,-1,-1,-1,4,1
201301CW10072,2,9,0,3,0,8,0,0,0,0,2,1,6,1,6,-1,-1,-1,2,1
201301CW10072,3,9,0,18,0,1,0,0,0,0,1,1,6,1,8,6000,1,7,3,1
201301CW10073,1,11,0,18,0,8,0,0,0,0,4,1,1,1,7,4760,2,2,-1,-1
201301CW10074,1,9,0,12,0,2,0,0,0,0,3,1,6,1,9,1796,1,7,1,1
201301CW10074,2,3,0,18,0,2,0,0,0,0,1,1,6,1,6,125,1,2,7,1
201301CW10075,1,9,0,9,0,8,0,0,0,0,3,1,6,1,6,1951,2,12,4,1
201301CW10075,2,3,0,18,0,8,0,0,0,0,1,1,6,1,6,124,1,6,5,1
201301CW10078,1,8,0,9,0,2,0,0,0,0,3,1,1,1,9,2143,2,2,8,1
201301CW10079,1,9,0,9,0,8,0,0,0,0,4,1,1,1,7,1796,1,5,2,1
201301CW10080,1,3,0,18,0,8,0,0,0,0,1,1,6,1,7,-1,-1,-1,1,1
201301CW10081,1,9,0,3,0,8,0,0,0,0,2,1,6,1,7,1587,1,15,2,1
201301CW10081,2,9,0,18,0,1,0,0,0,0,1,1,6,2,-1,-1,-1,-1,-1,-1
201301CW10082,1,9,0,9,0,8,0,0,0,0,1,1,6,1,8,2362,1,9,7,1
201301CW10082,2,3,0,18,0,8,0,0,0,0,3,1,6,1,5,-1,-1,-1,5,1
201301CW10083,1,19,0,18,0,8,0,0,0,0,4,1,1,1,9,2402,2,8,-1,-1
201301CW10084,1,3,0,17,0,8,0,0,0,0,1,1,6,3,-1,-1,-1,-1,-1,-1
201301CW10084,2,1,0,17,0,8,0,0,0,0,3,1,6,1,7,-1,-1,-1,2,1
201301CW10085,1,9,0,18,0,8,0,0,0,0,4,1,6,1,8,1995,2,3,1,1
201301CW10085,2,19,0,18,0,8,0,0,0,0,1,1,1,1,6,2198,2,2,2,1
201301CW10086,1,8,0,18,0,2,0,7,0,0,1,1,1,1,8,2499,2,6,4,1
201301CW10087,1,9,0,9,0,8,0,0,0,0,0,1,6,1,6,-1,-1,-1,6,1
201301CW10087,2,3,0,4,0,8,0,0,0,0,3,1,6,1,6,124,1,9,4,1
201301CW10088,1,11,0,18,0,8,0,0,0,0,0,1,1,1,7,4760,2,2,2,1
201301CW10089,1,9,0,5,0,8,0,0,0,0,3,1,6,1,8,1598,1,8,2,1
201301CW10089,2,1,0,18,0,8,0,0,0,0,1,1,6,1,6,-1,-1,-1,6,1
201301CW10090,1,9,0,7,0,8,0,0,0,0,1,1,6,1,6,2993,2,3,1,1
201301CW10090,2,1,0,18,0,8,0,0,0,0,4,1,6,1,9,-1,-1,-1,4,1
201301CW10091,1,9,0,18,0,1,0,0,0,0,4,1,1,1,7,2993,2,1,4,1
201301CW10093,1,9,0,7,0,8,0,0,0,0,3,1,1,1,10,-1,-1,-1,6,1
201301CW10093,2,1,0,18,0,8,0,0,0,0,1,1,6,1,8,-1,-1,-1,2,1
201301CW10095,1,1,0,18,0,1,0,0,0,0,1,1,2,1,6,-1,-1,-1,-1,-1
201301CW10096,1,8,0,18,0,0,0,0,0,0,3,1,1,1,5,1997,2,5,6,1
201301CW10096,2,8,0,11,0,0,0,0,0,0,4,1,1,1,-1,2664,2,14,-1,-1
201301CW10097,1,2,0,9,0,8,0,0,0,0,1,1,6,2,6,49,1,5,2,1
201301CW10097,2,9,0,9,0,8,0,0,0,0,2,1,6,1,-1,2402,2,12,-1,-1
201301CW10098,1,3,0,18,0,8,0,0,0,0,1,1,6,1,6,124,1,5,6,1
201301CW10098,2,9,0,9,0,8,0,0,0,0,4,1,6,1,9,1248,2,8,1,1
201301CW10099,1,9,0,7,0,8,0,0,0,0,2,1,6,2,6,2720,2,5,6,1
201301CW10099,2,11,0,7,0,8,0,0,0,0,4,2,1,2,7,-1,-1,-1,-1,-1
201301CW10100,1,1,0,18,0,8,0,0,0,0,4,1,6,1,4,-1,-1,-1,4,1
201301CW10100,2,9,0,18,0,8,0,0,0,0,1,1,1,1,6,-1,-1,-1,8,1
201301CW10102,1,9,0,18,0,8,0,0,0,0,4,1,6,1,-1,-1,-1,-1,-1,-1
201301CW10103,1,9,0,18,0,1,0,0,0,0,4,1,6,2,-1,1968,2,5,-1,-1
201301CW10104,1,9,0,18,0,8,0,0,0,0,1,1,6,2,8,875,1,-1,8,1
201301CW10104,2,9,0,18,0,8,0,0,0,0,3,1,6,1,7,1956,2,2,9,1
201301CW10106,1,9,0,13,0,1,0,0,0,0,4,1,6,2,6,1360,1,11,6,1
201301CW10106,2,1,0,18,0,1,0,0,0,0,3,1,1,1,-1,-1,-1,-1,-1,-1
201301CW10107,1,9,0,18,0,8,0,0,0,0,1,1,6,1,6,4367,2,1,-1,-1
201301CW10107,2,1,0,18,0,8,0,0,0,0,4,1,6,1,7,-1,-1,-1,6,1
201301CW10108,1,9,0,18,0,8,0,0,1,10,1,1,6,1,-1,1997,2,2,-1,-1
201301CW10108,2,9,0,18,0,8,0,0,0,0,1,1,6,1,-1,1896,2,9,-1,-1
201301CW10110,1,11,0,7,0,8,0,0,0,0,0,1,1,1,8,6700,2,1,9,1
201301CW10111,1,19,0,4,0,8,0,0,0,0,2,1,1,1,7,-1,-1,-1,-1,-1
201301CW10111,2,8,0,18,0,8,0,0,0,0,1,1,6,1,7,-1,-1,-1,4,1
201301CW10111,3,9,0,18,0,8,0,0,0,0,2,1,6,2,5,1206,1,2,1,1
201301CW10112,1,8,0,18,0,8,0,0,0,0,3,1,1,1,-1,-1,-1,-1,-1,-1
201301CW10112,2,1,0,13,0,8,0,0,0,0,4,1,6,1,8,-1,-1,-1,-1,-1
201301CW10113,1,9,0,9,0,8,0,0,0,0,4,1,6,2,8,2171,1,11,5,1
201301CW10113,2,9,0,18,0,8,0,0,0,0,1,1,6,3,-1,-1,-1,-1,-1,-1
201301CW10114,1,9,0,9,0,8,0,0,0,0,1,1,6,1,6,1198,1,8,4,1
201301CW10115,1,3,0,12,0,8,0,0,0,0,3,1,6,1,5,125,1,9,5,1
201301CW10115,2,9,0,18,0,8,0,0,0,0,4,1,6,1,-1,-1,-1,-1,-1,-1
201301CW10116,1,9,0,9,0,8,0,0,0,0,1,1,6,3,-1,-1,-1,-1,-1,-1
201301CW10117,1,9,0,18,0,8,0,0,0,0,4,1,6,2,6,998,1,13,3,1
201301CW10117,2,9,0,9,0,8,0,0,0,0,1,1,6,1,-1,-1,-1,-1,-1,-1
201301CW10119,1,1,0,18,0,1,0,4,0,0,1,1,2,1,8,-1,-1,-1,10,1
201301CW10119,2,9,0,2,0,1,0,0,0,0,3,1,6,1,-1,2148,2,4,-1,-1
201301CW10120,1,9,0,4,0,0,0,0,0,0,2,1,6,1,7,2698,2,3,6,1
201301CW10120,2,9,0,18,0,0,0,0,0,0,1,1,6,1,-1,1390,1,10,-1,-1
201301CW10121,1,8,0,16,0,1,0,0,0,0,1,1,1,1,7,2499,2,3,6,1
201301CW10122,1,8,0,18,0,8,0,0,0,0,1,1,1,1,6,-1,-1,-1,-1,-1
201301CW10122,2,8,0,3,0,8,0,0,0,0,2,1,1,1,8,1997,1,8,2,1
201301CW10123,1,1,0,18,0,2,0,0,0,0,1,1,6,2,6,-1,-1,-1,5,1
201301CW10126,1,11,0,4,0,1,0,0,0,0,4,1,1,1,8,8650,2,14,4,1
201301CW10129,1,9,0,3,0,8,0,0,0,0,4,1,6,2,6,2996,1,3,7,1
201301CW10129,2,8,0,3,0,8,0,0,0,0,3,1,1,2,7,2499,2,7,-1,-1
201301CW10129,3,3,0,4,0,8,0,0,0,0,1,1,6,1,6,109,1,1,4,1
201301CW10130,1,1,0,18,0,8,0,0,0,0,1,1,6,1,6,-1,-1,-1,7,1
201301CW10130,2,8,0,2,0,8,0,0,0,0,3,1,1,1,-1,-1,-1,-1,-1,-1
201301CW10133,1,2,0,18,0,8,0,0,0,0,4,1,6,1,7,49,1,3,3,1
201301CW10134,1,1,0,18,0,8,0,0,0,0,2,1,6,1,-1,-1,-1,-1,-1,-1
201301CW10134,2,5,0,18,0,8,0,0,0,0,1,1,6,1,7,999,1,5,9,1
201301CW10135,1,9,0,18,0,1,0,0,0,0,3,1,6,1,6,1390,1,2,4,1
201301CW10135,2,9,0,13,0,1,0,0,0,0,1,1,6,3,-1,1796,1,9,-1,-1
201301CW10137,1,19,0,7,0,8,0,0,0,0,4,1,1,1,6,2488,2,1,3,1
201301CW10138,1,9,0,18,0,8,0,0,0,0,1,1,6,1,6,2494,1,11,2,1
201301CW10139,1,9,0,6,0,8,0,0,0,0,4,1,6,1,4,1229,1,7,9,1
201301CW10139,2,8,0,18,0,8,0,0,0,0,1,1,1,1,8,2499,2,6,1,1
201301CW10140,1,8,0,9,0,3,0,0,0,0,3,1,1,1,7,2402,2,9,8,2
201301CW10140,2,3,0,13,0,8,0,0,0,0,1,1,6,1,6,-1,-1,-1,3,1
201301CW10141,1,9,0,9,0,8,0,0,0,0,1,1,6,2,-1,-1,-1,-1,-1,-1
201301CW10142,1,9,0,4,0,0,0,0,0,0,2,1,6,1,-1,-1,-1,-1,-1,-1
201301CW10142,2,1,0,18,0,0,0,0,0,0,1,1,6,2,6,-1,-1,-1,3,1
201301CW10143,1,19,0,18,0,8,0,0,0,0,0,1,1,1,-1,-1,-1,-1,-1,-1
201301CW10144,1,11,0,18,0,1,0,0,0,0,1,1,6,1,6,-1,2,13,6,1
201301CW10146,1,19,0,1,0,2,0,0,0,0,2,1,1,1,5,1997,2,1,6,1
201301CW10146,2,3,0,2,0,2,0,0,0,0,1,1,6,1,6,108,1,4,3,1
201301CW10147,1,11,0,4,0,8,0,0,0,0,1,1,6,1,8,6692,2,3,5,1
201301CW10148,1,3,0,18,0,8,0,0,0,0,1,1,6,1,9,124,1,13,8,1
201301CW10148,2,9,0,9,0,8,0,0,0,0,4,1,6,1,-1,1796,7,8,8,1
201301CW10149,1,3,0,13,0,1,0,0,0,0,1,1,6,2,5,124,1,3,5,1
201301CW10149,2,9,0,9,0,1,0,0,0,0,3,1,6,1,-1,3800,1,3,-1,-1
201301CW10151,1,3,0,9,0,8,0,0,0,0,4,1,6,2,8,124,1,2,6,1
201301CW10151,2,9,0,9,0,8,0,0,0,0,4,1,6,1,5,1596,1,13,5,1
201301CW10152,1,4,0,18,0,8,0,0,0,0,1,1,6,1,7,398,1,5,7,1
201301CW10153,1,3,0,18,0,1,0,0,0,0,4,1,6,2,6,124,1,15,-1,-1
201301CW10153,2,9,0,18,0,1,0,0,0,0,3,1,6,1,7,2143,2,1,4,1
201301CW10154,1,5,0,18,0,0,0,0,0,0,3,1,6,1,5,599,1,13,6,1
201301CW10155,1,9,0,7,0,8,0,0,0,0,4,1,6,1,8,2720,2,5,-1,-1
201301CW10155,2,3,0,18,2,8,0,0,0,0,1,1,6,1,5,125,1,2,1,1
201301CW10156,1,9,0,7,0,5,0,0,0,0,4,1,6,1,7,1896,2,10,3,1
201301CW10156,2,1,0,18,0,8,0,0,0,0,1,1,6,1,5,-1,-1,-1,5,1
201301CW10157,1,3,0,18,0,8,0,0,0,0,1,1,6,1,-1,125,1,8,4,1
201301CW10158,1,8,0,18,0,8,0,0,0,0,1,1,1,1,8,2402,2,8,3,1
201301CW10159,1,8,0,9,0,8,0,0,0,0,4,1,1,1,8,2664,2,13,1,1
201301CW10159,2,1,0,18,0,8,0,0,0,0,1,1,6,1,4,-1,-1,-1,5,1
201301CW10160,1,11,0,18,0,8,0,0,0,0,0,1,1,1,7,6700,2,3,6,1
201301CW10161,1,9,0,18,0,1,0,0,0,0,4,1,6,1,8,1596,1,6,5,1
201301CW10161,2,1,0,12,0,1,0,0,0,0,3,1,6,2,6,-1,-1,-1,2,1
201301CW10162,1,9,0,3,0,8,0,0,0,0,1,1,2,1,6,1242,1,4,6,1
201301CW10162,2,9,0,5,0,8,0,0,0,0,2,1,6,1,5,1390,1,9,9,1
201301CW10163,1,9,0,18,0,8,0,10,0,0,4,1,6,1,6,698,1,9,4,1
201301CW10163,2,1,0,18,0,8,0,0,0,0,1,1,6,1,8,-1,-1,-1,3,1
201301CW10164,1,9,0,16,0,8,2,10,0,0,4,1,6,1,7,988,1,22,2,1
201301CW10165,1,1,0,18,0,8,0,0,0,0,3,1,6,1,6,-1,-1,-1,3,1
201301CW10165,2,8,0,7,0,8,0,0,0,0,4,1,1,1,-1,-1,-1,-1,-1,-1
201301CW10168,1,11,0,4,0,2,0,0,0,0,0,1,1,1,7,4760,2,1,3,1
201301CW10169,1,8,0,18,0,8,0,0,0,0,3,1,1,1,9,2664,2,14,5,1
201301CW10170,1,9,0,7,0,8,0,0,0,0,1,1,6,3,-1,1368,1,7,-1,-1
201301CW10170,2,9,0,8,0,8,0,0,0,0,2,1,6,1,8,1896,2,8,4,1
201301CW10171,1,1,0,18,0,8,0,0,0,0,1,1,6,1,6,-1,-1,-1,10,1
201301CW10171,2,19,0,9,0,8,0,0,0,0,1,1,1,1,-1,-1,-1,-1,-1,-1
201301CW10172,1,8,0,11,0,0,0,0,0,0,0,1,1,1,-1,2664,2,14,-1,-1
201301CW10172,2,1,0,12,0,0,0,0,0,0,1,1,6,1,8,-1,-1,-1,9,1
201301CW10172,3,9,0,18,0,0,0,0,0,0,2,1,6,3,-1,-1,-1,-1,-1,-1
201301CW10173,1,11,0,9,0,8,0,0,0,0,0,1,1,1,-1,-1,-1,-1,-1,-1
201301CW10174,1,9,0,16,0,8,0,0,0,0,2,1,6,1,6,1995,2,3,4,1
201301CW10174,2,9,0,16,0,8,0,0,0,0,1,1,6,1,-1,-1,-1,-1,-1,-1
201301CW10175,1,11,0,18,0,1,0,0,0,0,0,1,1,1,8,4760,2,1,2,1
201301CW10176,1,9,0,12,0,1,0,10,4,6,3,1,6,1,7,1995,2,1,5,1
201301CW10178,1,9,0,1,0,8,0,11,0,0,2,1,6,2,10,-1,-1,-1,2,1
201301CW10180,1,11,0,2,0,1,0,0,0,0,0,1,1,1,6,-1,-1,-1,7,1
201301CW10181,1,11,0,16,0,8,0,0,0,0,0,1,1,1,7,7300,2,9,4,1
201301CW10182,1,1,0,18,0,8,0,0,0,0,4,1,6,2,5,-1,-1,-1,2,1
201301CW10182,2,9,0,17,0,8,0,0,0,0,1,1,6,1,-1,2987,2,2,-1,-1
201301CW10183,1,9,0,9,0,8,0,0,0,0,3,1,6,1,6,2967,2,1,2,1
201301CW10183,2,21,0,9,0,8,0,0,0,0,4,1,6,3,-1,11967,2,12,-1,-1
201301CW10184,1,3,0,9,0,8,0,0,0,0,1,1,6,1,6,124,1,11,4,1
201301CW10185,1,21,0,18,0,8,0,0,0,0,4,1,6,1,6,6692,2,-1,4,1
201301CW10186,1,11,0,18,0,8,0,0,0,0,1,1,6,3,-1,-1,-1,-1,-1,-1
201301CW10187,1,9,0,18,0,8,0,10,1,0,3,1,6,2,10,1798,8,1,8,1
201301CW10187,2,9,0,18,0,8,0,0,0,0,1,1,6,1,7,-1,-1,-1,3,1
201301CW10188,1,8,0,18,0,8,0,0,0,0,3,1,1,1,6,2148,2,4,10,1
201301CW10188,2,1,0,18,0,8,0,0,0,0,1,1,6,2,5,-1,-1,-1,4,1
201301CW10189,1,11,0,18,0,1,0,0,0,0,4,1,1,1,7,-1,-1,-1,-1,-1
201301CW10190,1,1,0,18,0,8,0,0,0,0,1,1,6,1,6,-1,-1,-1,1,1
201301CW10190,2,9,0,18,0,8,0,0,0,0,4,1,6,3,-1,-1,-1,-1,-1,-1
201301CW10191,1,9,0,18,0,8,0,0,0,0,3,1,6,1,6,-1,-1,-1,8,1
201301CW10191,2,3,0,13,0,8,0,0,0,0,1,1,6,2,5,108,1,1,-1,-1
201301CW10192,1,11,0,9,0,1,0,0,0,0,1,1,1,1,8,7300,2,9,5,1
201301CW10193,1,5,0,18,0,8,0,0,0,0,1,1,6,1,6,-1,-1,-1,3,1
201301CW10194,1,19,0,9,0,8,0,0,0,0,1,1,1,1,8,1753,2,9,8,1
201301CW10195,1,8,0,18,0,8,0,0,0,0,1,1,1,1,6,1997,2,5,-1,-1
201301CW10195,2,9,0,18,0,8,0,0,0,0,1,1,6,1,7,-1,-1,-1,3,1
201301CW10197,1,9,0,18,0,8,0,0,0,0,1,1,6,1,-1,2685,2,9,7,1
201301CW10198,1,11,0,4,0,1,0,0,0,0,0,1,1,1,6,9000,2,6,3,1
201301CW10199,1,1,0,9,0,8,0,0,0,0,1,1,6,3,-1,-1,-1,-1,-1,-1
201301CW10201,1,9,0,18,0,2,0,0,0,0,1,1,6,2,6,1598,2,1,5,1
201301CW10201,2,1,0,18,0,2,0,0,0,0,2,1,6,1,6,-1,-1,-1,2,1
201301CW10202,1,9,0,18,0,2,0,0,0,0,1,1,6,1,9,1600,1,7,2,1
201301CW10203,1,9,0,4,0,1,0,0,0,0,2,1,6,1,7,1997,2,6,9,3
201301CW10203,2,19,0,18,0,1,0,0,0,0,1,1,1,1,8,1998,2,7,9,2
201301CW10204,1,1,0,18,0,0,0,0,0,0,1,1,6,1,8,-1,-1,-1,2,1
201301CW10204,2,9,0,2,0,0,0,0,0,0,2,1,6,1,6,2299,1,29,4,1
201301CW10205,1,9,0,18,0,2,0,0,0,0,1,1,1,1,8,1560,2,1,2,1
201301CW10206,1,9,0,18,0,2,0,7,0,0,1,1,6,1,5,1598,1,2,6,1
201301CW10207,1,11,0,4,0,1,0,0,0,0,0,1,1,2,8,9000,2,3,4,1
201301CW10207,2,9,0,4,0,1,0,0,0,0,0,1,6,3,-1,-1,-1,-1,-1,-1
201301CW10208,1,9,0,3,0,1,0,0,0,0,3,1,6,1,10,2967,1,6,6,1
201301CW10208,2,9,0,15,0,1,0,0,0,0,4,1,6,3,-1,2776,2,7,-1,-1
201301CW10209,1,9,0,18,0,0,0,0,0,0,1,1,6,1,6,1396,1,12,6,1
201301CW10209,2,9,0,4,0,0,0,0,0,0,2,1,6,2,8,1242,1,1,1,1
201301CW10210,1,11,0,18,0,0,0,0,0,0,4,1,1,1,7,4500,2,5,2,1
201301CW10211,1,3,0,13,0,0,0,0,0,0,1,1,6,1,10,49,1,14,8,1
201301CW10212,1,11,0,4,0,1,0,0,0,0,0,1,1,2,7,7300,2,9,1,1
201301CW10213,1,19,0,7,0,8,0,0,0,0,1,1,1,1,5,2494,2,8,8,1
201301CW10213,2,9,0,7,0,8,0,0,0,0,4,1,6,1,-1,4196,1,25,-1,-1
201301CW10214,1,11,0,13,0,0,0,0,0,0,4,1,1,1,6,12900,2,1,-1,1
201301CW10214,2,1,0,18,0,0,0,0,0,0,3,1,6,2,6,-1,-1,-1,2,1
201301CW10215,1,9,0,3,0,1,0,0,0,0,4,1,6,2,8,1910,2,7,1,1
201301CW10215,2,1,0,18,0,1,0,0,0,0,1,1,6,1,-1,-1,-1,-1,6,1
201301CW10216,1,9,0,18,0,8,0,0,0,0,0,1,6,1,6,4398,1,14,5,1
201301CW10218,1,8,0,3,0,2,0,0,0,0,4,1,1,1,9,2499,2,5,8,1
201301CW10218,2,1,0,18,0,2,0,0,0,0,1,1,6,1,7,-1,-1,-1,3,1
201301CW10220,1,1,0,18,0,8,0,0,0,0,1,1,1,1,6,-1,-1,-1,4,1
201301CW10220,2,8,0,5,0,8,0,0,0,0,3,1,6,1,8,2148,2,4,7,1