Accident_Index,Vehicle_Reference,Vehicle_Type,Towing_and_Articulation,Vehicle_Manoeuvre,Vehicle_Location-Restricted_Lane,Junction_Location,Skidding_and_Overturning,Hit_Object_in_Carriageway,Vehicle_Leaving_Carriageway,Hit_Object_off_Carriageway,1st_Point_of_Impact,Was_Vehicle_Left_Hand_Drive?,Journey_Purpose_of_Driver,Sex_of_Driver,Age_Band_of_Driver,Engine_Capacity_(CC),Propulsion_Code,Age_of_Vehicle,Driver_IMD_Decile,Driver_Home_Area_Type
201301CW10221,1,8,0,4,0,8,0,0,0,0,2,1,1,1,6,1997,2,1,2,1
201301CW10221,2,9,0,18,0,8,0,0,0,0,1,1,6,3,-1,2393,1,15,-1,-1
201301CW10221,3,9,0,9,0,8,0,0,0,0,1,1,6,1,7,1997,2,1,2,1
201301CW10222,1,11,0,5,0,8,0,0,0,0,3,1,1,1,9,12600,2,9,6,1
201301CW10222,2,1,0,5,0,8,0,0,0,0,4,1,2,1,9,-1,-1,-1,2,1
201301CW10223,1,1,0,18,0,1,0,0,0,0,3,1,6,1,6,-1,-1,-1,6,2
201301CW10223,2,9,0,18,0,1,0,0,0,0,4,1,6,1,-1,-1,-1,-1,-1,-1
201301CW10225,1,9,0,9,0,8,0,0,0,0,4,1,6,1,8,2993,2,7,8,1
201301CW10225,2,1,0,18,0,8,0,0,0,0,1,1,6,1,8,-1,-1,-1,1,1
201301CW10226,1,10,0,7,0,8,0,0,0,0,4,1,1,1,7,-1,-1,-1,6,1
201301CW10226,2,1,0,18,0,8,0,0,0,0,1,1,2,1,6,-1,-1,-1,9,1
201301CW10227,1,9,0,18,0,0,0,0,0,0,1,1,2,2,9,1995,2,1,10,1
201301CW10228,1,3,0,14,0,0,0,0,0,0,4,1,2,1,6,-1,-1,-1,7,1
201301CW10229,1,19,0,18,0,8,0,0,0,0,3,1,1,1,7,2198,2,1,2,1
201301CW10229,2,9,0,13,0,8,0,0,0,0,4,1,2,1,9,1996,1,16,6,1
201301CW10230,1,1,0,18,0,0,0,0,0,0,4,1,6,1,6,-1,-1,-1,7,1
201301CW10230,2,9,0,12,0,0,0,0,0,0,3,1,6,1,-1,2685,2,9,-1,-1
201301CW10231,1,1,0,18,0,2,0,0,0,0,0,1,6,1,-1,-1,-1,-1,-1,-1
201301CW10233,1,9,0,5,0,8,0,0,0,0,1,1,6,1,7,2993,2,1,7,3
201301CW10233,2,8,0,18,0,8,0,0,0,0,3,1,1,1,8,2499,2,1,1,1
201301CW10234,1,1,0,18,0,2,0,0,0,0,3,1,1,1,7,-1,-1,-1,10,1
201301CW10235,1,20,0,18,0,2,0,0,0,0,4,1,1,3,-1,-1,-1,-1,-1,-1
201301CW10237,1,1,0,4,0,8,0,0,0,0,0,1,6,1,8,-1,-1,-1,7,1
201301CW10238,1,19,0,18,0,2,0,0,0,0,4,1,1,1,7,2143,2,2,3,1
201301CW10239,1,9,0,7,0,1,0,0,0,0,1,1,6,3,-1,-1,-1,-1,-1,-1
201301CW10240,1,11,0,5,0,8,0,0,0,0,0,1,1,1,8,9000,2,6,2,1
201301CW10241,1,11,0,16,0,1,0,0,0,0,0,1,1,1,6,4461,2,-1,1,1
201301CW10242,1,19,0,9,0,8,0,0,0,0,1,1,6,1,8,1560,2,3,8,1
201301CW10243,1,10,0,9,0,8,0,0,0,0,4,1,1,1,6,-1,-1,-1,9,1
201301CW10243,2,1,0,18,0,8,0,0,0,0,1,1,2,1,7,-1,-1,-1,-1,-1
201301CW10244,1,3,0,18,0,8,0,0,0,0,3,1,1,1,4,125,1,6,2,1
201301CW10244,2,1,0,18,0,8,0,0,0,0,1,1,1,1,7,-1,-1,-1,7,1
201301CW10245,1,1,0,18,0,0,0,0,0,0,4,1,1,1,6,-1,-1,-1,3,1
201301CW10246,1,9,0,18,0,1,0,0,0,0,1,1,1,1,7,1997,2,1,4,1
201301CW10247,1,9,0,18,0,2,0,0,0,0,1,1,6,2,7,1995,2,8,9,1
201301CW10248,1,21,0,15,0,8,0,0,0,0,3,2,1,1,7,-1,-1,-1,-1,-1
201301CW10248,2,9,0,18,0,8,0,0,0,0,4,1,6,1,7,1598,1,10,5,1
201301CW10249,1,11,0,5,0,8,0,0,0,0,0,1,1,1,6,6700,2,2,3,1
201301CW10250,1,9,0,7,0,2,0,0,0,0,4,1,3,2,7,-1,-1,-1,6,1
201301CW10251,1,9,0,9,0,8,0,0,0,0,4,1,2,1,7,1596,1,13,4,1
201301CW10251,2,1,0,18,0,8,0,0,0,0,1,1,1,1,7,-1,-1,-1,4,1
201301CW10254,1,1,0,18,0,8,0,0,0,0,1,1,6,2,7,-1,-1,-1,3,1
201301CW10254,2,9,0,9,0,8,0,0,0,0,4,1,6,2,-1,-1,-1,-1,-1,-1
201301CW10255,1,9,0,3,0,8,0,0,0,0,2,1,1,1,7,1896,2,7,1,1
201301CW10255,2,9,0,18,0,1,0,0,0,0,1,1,6,1,-1,1596,1,4,-1,-1
201301CW10256,1,1,0,18,0,1,0,0,0,0,1,1,6,1,7,-1,-1,-1,1,1
201301CW10256,2,9,0,6,0,2,0,0,0,0,3,1,6,1,7,1248,1,3,2,1
201301CW10257,1,11,0,4,0,0,0,0,0,0,0,1,1,1,8,7300,2,10,6,1
201301CW10258,1,11,0,18,0,1,0,0,0,0,0,1,1,1,8,4500,2,3,8,1
201301CW10262,1,9,0,3,0,0,0,0,0,0,4,1,1,1,7,1998,1,9,3,1
201301CW10262,2,3,0,18,0,0,0,0,0,0,1,1,2,1,6,124,1,3,4,1
201301CW10264,1,9,0,9,0,2,0,0,0,0,1,1,6,2,9,1794,1,9,4,1
201301CW10265,1,9,0,18,0,1,0,0,0,0,1,1,6,1,8,2720,2,8,4,1
201301CW10265,2,9,0,3,0,1,0,0,0,0,2,1,6,1,8,2688,2,10,6,1
201301CW10266,1,1,0,18,0,8,0,0,0,0,4,1,6,1,7,-1,-1,-1,7,1
201301CW10266,2,19,0,5,0,8,0,0,0,0,3,1,6,1,-1,1896,2,3,-1,-1
201301CW10267,1,8,0,18,0,1,0,0,0,0,4,1,1,1,9,2664,2,14,2,1
201301CW10268,1,9,0,3,0,1,0,0,0,0,4,1,6,1,7,1461,2,10,3,1
201301CW10268,2,1,0,18,0,1,0,0,0,0,1,1,2,1,6,-1,-1,-1,-1,-1
201301CW10271,1,9,0,18,0,1,0,0,0,0,4,1,1,1,-1,-1,-1,-1,-1,-1
201301CW10271,2,3,0,18,0,1,0,0,0,0,3,1,6,1,8,125,1,42,4,1
201301CW10271,3,11,0,18,0,1,0,0,0,0,3,1,1,1,7,12000,2,4,1,1
201301CW10272,1,1,0,15,0,0,0,0,0,0,1,1,6,1,6,-1,-1,-1,8,1
201301CW10274,1,9,0,6,0,0,0,0,0,0,0,1,6,1,6,1997,2,3,3,1
201301CW10274,2,2,0,4,0,0,1,0,0,0,3,1,6,2,6,124,1,10,4,1
201301CW10275,1,9,0,9,0,2,0,0,0,0,3,1,2,1,8,1527,2,12,9,1
201301CW10276,1,8,0,7,0,2,0,0,0,0,4,1,1,1,8,2499,2,5,5,1
201301CW10277,1,1,0,18,0,0,0,0,0,0,2,1,6,1,6,-1,-1,-1,6,1
201301CW10277,2,9,0,6,0,0,0,0,0,0,1,1,6,3,-1,1598,1,10,-1,-1
201301CW10279,1,19,0,1,0,2,0,0,0,0,2,1,6,1,-1,2198,2,7,-1,-1
201301CW10281,1,19,0,18,0,1,0,0,0,0,4,1,1,1,5,2977,2,7,8,1
201301CW10284,1,8,0,3,0,0,0,0,0,0,4,1,1,1,-1,2499,2,3,-1,-1
201301CW10284,2,3,0,18,0,0,0,0,0,0,1,1,2,1,7,125,1,2,-1,-1
201301CW10285,1,9,0,18,0,8,0,0,0,0,3,1,2,1,6,1497,8,5,1,1
201301CW10286,1,8,0,18,0,8,0,0,0,0,3,1,6,1,8,2499,2,6,2,1
201301CW10286,2,9,0,5,0,8,0,0,0,0,1,1,6,2,7,1968,2,5,4,1
201301CW10288,1,9,0,18,0,8,0,0,0,0,3,1,1,1,8,1896,2,10,-1,-1
201301CW10288,2,1,0,18,0,8,0,0,0,0,1,1,6,1,-1,-1,-1,-1,3,1
201301CW10289,1,8,0,9,0,8,0,0,0,0,3,1,1,1,7,1796,1,7,1,1
201301CW10289,2,19,0,18,0,8,0,10,1,10,1,1,1,1,5,1598,2,2,-1,-1
201301CW10290,1,8,0,18,0,1,0,0,0,0,4,1,6,1,9,-1,-1,-1,-1,-1
201301CW10291,1,8,0,4,0,1,0,0,0,0,2,1,1,1,8,2664,2,16,-1,-1
201301CW10291,2,9,0,18,0,1,0,0,0,0,1,1,1,1,7,1199,2,1,3,1
201301CW10292,1,3,0,9,0,8,0,0,0,0,1,1,1,1,6,125,1,6,4,1
201301CW10292,2,8,0,7,0,8,0,0,0,0,3,1,1,1,7,2499,2,2,7,1
201301CW10293,1,9,0,2,0,2,0,0,0,0,3,1,2,2,8,1598,1,6,3,1
201301CW10293,2,1,0,18,0,2,0,0,0,0,1,1,2,1,8,-1,-1,-1,9,1
201301CW10294,1,19,0,9,0,2,0,0,0,0,1,1,1,1,6,2148,2,4,1,1
201301CW10295,1,9,0,7,0,8,0,0,0,0,4,1,1,1,7,-1,-1,-1,5,1
201301CW10295,2,1,0,18,0,8,0,0,0,0,3,1,6,2,5,-1,-1,-1,7,1
201301CW10296,1,9,0,13,0,0,0,0,0,0,4,1,1,2,6,-1,-1,-1,3,1
201301CW10297,1,1,0,4,0,2,0,0,0,0,2,1,6,1,9,-1,-1,-1,7,1
201301CW10297,2,9,0,18,0,2,0,0,0,0,1,1,6,1,-1,1390,1,8,-1,-1
201301CW10299,1,1,0,9,0,8,0,0,0,0,4,1,2,2,5,-1,-1,-1,2,1
201301CW10299,2,9,0,18,0,8,0,0,0,0,1,1,6,1,-1,-1,-1,-1,-1,-1
201301CW10300,1,1,0,7,0,8,0,0,0,0,3,1,2,1,5,-1,-1,-1,4,1
201301CW10300,2,8,0,7,0,8,0,0,0,0,4,1,1,1,-1,2499,2,6,-1,-1
201301CW10301,1,19,0,9,0,8,0,0,0,0,4,1,1,1,5,1868,2,11,5,1
201301CW10301,2,1,0,18,0,8,0,0,0,0,1,1,2,2,5,-1,-1,-1,1,1
201301CW10302,1,8,0,18,0,8,0,0,0,0,3,1,1,1,5,2987,2,3,2,1
201301CW10303,1,9,0,4,0,1,0,0,0,0,1,1,6,1,7,2967,2,-1,5,1
201301CW10304,1,11,0,5,0,0,0,0,0,0,0,1,1,1,8,6700,2,1,2,1
201301CW10305,1,5,0,18,0,8,0,0,0,0,1,1,2,1,7,1215,1,-1,9,2
201301CW10305,2,9,0,9,0,8,0,0,0,0,4,1,6,2,11,1493,1,18,6,1
201301CW10306,1,9,0,4,0,2,0,0,0,0,2,1,1,1,6,1598,1,7,4,1
201301CW10306,2,19,0,18,0,2,0,0,0,0,1,1,1,1,5,2148,2,6,3,1
201301CW10307,1,11,0,4,0,1,0,0,0,0,0,1,1,1,7,6696,2,-1,2,1
201301CW10308,1,1,0,18,0,1,0,0,0,0,3,1,6,2,6,-1,-1,-1,6,1
201301CW10308,2,90,0,13,0,1,0,0,0,0,4,1,6,3,-1,-1,-1,-1,-1,-1
201301CW10311,1,8,0,17,0,8,0,0,8,7,3,1,1,1,9,2664,2,15,3,1
201301CW10312,1,8,0,13,0,0,0,0,0,0,4,1,1,1,8,1997,2,3,3,1
201301CW10312,2,1,0,18,0,0,0,0,0,0,3,1,6,1,6,-1,-1,-1,1,1
201301CW10313,1,5,0,18,0,8,0,0,0,0,1,1,6,1,5,-1,-1,-1,1,1
201301CW10313,2,5,0,3,0,8,0,0,0,0,3,1,1,1,-1,-1,-1,-1,-1,-1
201301CW10313,3,5,0,3,0,8,0,0,0,0,3,1,1,1,-1,-1,-1,-1,-1,-1
201301CW10314,1,9,0,18,0,8,0,0,0,0,4,1,6,2,6,1956,2,2,10,1
201301CW10314,2,5,0,5,0,8,0,0,0,0,1,1,6,1,6,599,1,11,7,1
201301CW10314,3,9,0,2,0,8,0,0,0,0,1,1,6,3,-1,4966,1,13,-1,-1
201301CW10315,1,9,0,7,0,8,0,0,0,0,4,1,1,1,6,2143,2,2,1,1
201301CW10315,2,1,0,18,0,8,0,0,0,0,3,1,2,1,8,-1,-1,-1,4,1
201301CW10316,1,11,0,18,0,2,0,0,0,0,4,1,1,1,9,4500,2,1,3,1
201301CW10317,1,9,0,12,0,0,0,0,0,0,3,1,6,1,8,-1,-1,-1,2,1
201301CW10317,2,5,0,18,0,0,0,0,0,0,4,1,6,1,6,865,1,2,7,1
201301CW10318,1,1,0,4,0,0,0,0,0,0,1,1,1,1,6,-1,-1,-1,2,1
201301CW10318,2,9,0,11,0,0,0,0,0,0,2,1,1,1,-1,-1,-1,-1,-1,-1
201301CW10319,1,1,0,18,0,8,0,0,0,0,2,1,2,1,6,-1,-1,-1,2,1
201301CW10319,2,9,0,18,0,8,0,0,0,0,1,1,6,1,-1,-1,-1,-1,-1,-1
201301CW10321,1,9,0,18,0,2,0,0,0,0,1,1,6,2,9,1339,1,5,6,1
201301CW10323,1,9,0,9,0,8,0,0,0,0,1,1,1,1,6,1910,2,3,9,1
201301CW10324,1,1,0,18,0,8,0,0,0,0,4,1,6,1,7,-1,-1,-1,3,1
201301CW10324,2,19,0,7,0,8,0,0,0,0,0,1,1,1,7,-1,-1,-1,4,1
201301CW10325,1,1,0,18,0,0,0,0,0,0,1,1,6,1,7,-1,-1,-1,2,1
201301CW10325,2,9,0,2,0,0,0,0,0,0,3,1,6,1,-1,-1,-1,-1,-1,-1
201301CW10326,1,9,0,18,0,8,0,0,0,0,3,1,2,1,6,1999,1,2,5,1
201301CW10326,2,1,0,18,0,8,0,0,0,0,1,1,6,1,-1,-1,-1,-1,-1,-1
201301CW10329,1,9,0,18,0,0,0,0,0,0,1,1,6,1,7,1497,8,6,-1,-1
201301CW10330,1,9,0,5,0,8,0,0,0,0,1,1,1,2,7,1598,1,7,2,1
201301CW10330,2,8,0,5,0,8,0,0,0,0,1,1,2,1,7,2664,2,15,4,1
201301CW10331,1,9,0,18,0,8,0,0,0,0,3,1,1,1,6,-1,-1,-1,7,1
201301CW10333,1,9,0,9,0,8,0,10,1,10,1,1,2,1,5,1461,2,1,4,1
201301CW10335,1,9,0,4,0,1,0,0,0,0,2,1,6,2,10,1390,1,11,8,1
201301CW10335,2,19,0,18,0,1,0,0,0,0,1,1,1,1,5,2402,2,6,2,1
201301CW10336,1,5,0,18,0,8,0,0,0,0,1,1,2,1,7,599,1,8,4,1
201301CW10336,2,9,0,9,0,8,0,0,0,0,3,1,1,1,9,1598,2,3,2,1
201301CW10340,1,5,0,18,0,0,0,0,0,0,4,1,6,1,7,748,1,3,3,1
201301CW10341,1,8,0,4,0,0,0,0,0,0,2,1,6,1,7,1997,2,4,2,1
201301CW10341,2,9,0,18,0,0,0,0,0,0,1,1,6,1,5,-1,-1,-1,9,1
201301CW10343,1,11,0,4,0,1,0,0,0,0,0,1,1,1,7,-1,-1,-1,4,1
201301CW10344,1,4,0,13,0,8,0,0,0,0,4,1,2,1,8,493,1,6,5,1
201301CW10344,2,1,0,9,0,8,0,0,0,0,3,1,2,1,7,-1,-1,-1,5,1
201301CW10345,1,9,0,5,0,1,0,0,0,0,2,1,6,1,6,2494,1,11,4,1
201301CW10345,2,8,0,5,0,1,0,0,0,0,1,1,6,1,8,2402,2,10,8,2
201301CW10346,1,11,0,5,0,0,0,0,0,0,0,1,1,1,7,4500,2,1,2,1
201301CW10347,1,11,0,18,0,0,0,0,0,0,4,1,1,1,7,7300,2,10,5,1
201301CW10348,1,1,0,18,0,8,0,0,0,0,2,1,6,1,6,-1,-1,-1,3,1
201301CW10348,2,9,0,18,0,8,0,0,0,0,1,1,6,2,-1,998,1,1,6,1
201301CW10349,1,9,0,9,0,8,0,0,0,0,4,1,6,1,8,1999,1,11,4,1
201301CW10349,2,9,0,18,0,8,0,0,0,0,1,1,6,1,7,1951,2,9,4,1
201301CW10350,1,9,0,18,0,1,0,0,0,0,4,1,1,1,9,-1,-1,-1,3,1
201301CW10351,1,11,0,16,0,8,0,0,0,0,0,1,1,1,7,4760,2,1,2,1
201301CW10352,1,3,0,18,0,0,0,0,0,0,4,1,1,1,6,125,1,4,5,1
201301CW10353,1,11,0,18,0,1,0,0,0,0,1,1,1,1,7,9000,2,5,3,1
201301CW10353,2,20,0,3,0,8,0,0,0,0,2,1,6,1,7,2300,2,10,4,1
201301CW10354,1,1,0,18,0,0,0,0,0,0,2,1,2,1,7,-1,-1,-1,2,1
201301CW10354,2,9,0,18,0,0,0,0,0,0,1,1,6,1,-1,-1,-1,-1,-1,-1
201301CW10356,1,1,0,18,0,1,0,0,0,0,0,1,4,1,5,-1,-1,-1,7,1
201301CW10356,2,11,0,13,0,1,0,0,0,0,4,1,1,1,-1,4760,2,2,-1,-1
201301CW10358,1,9,0,18,0,8,0,0,0,0,1,1,6,1,5,2148,2,7,3,1
201301CW10358,2,8,0,6,0,8,0,0,0,0,1,1,6,1,9,2499,2,3,5,1
201301CW10359,1,9,0,7,0,2,0,0,0,0,3,1,6,1,8,1986,1,20,10,2
201301CW10360,1,9,0,3,0,8,0,0,0,0,2,1,6,1,5,2143,2,3,1,1
201301CW10360,2,9,0,18,0,8,0,0,0,0,1,1,6,3,-1,-1,-1,-1,-1,-1
201301CW10361,1,9,0,9,0,8,0,0,0,0,4,1,2,1,6,1598,1,2,3,1
201301CW10363,1,1,0,18,0,0,0,0,0,0,2,1,6,1,5,-1,-1,-1,6,1
201301CW10363,2,1,0,18,0,0,0,0,0,0,1,1,6,3,-1,-1,-1,-1,-1,-1
201301CW10364,1,9,0,18,0,0,0,0,0,0,4,1,6,3,-1,-1,-1,-1,-1,-1
201301CW10365,1,9,0,18,0,0,5,0,0,0,3,1,2,1,6,1360,1,13,3,1
201301CW10366,1,9,0,4,0,0,0,0,0,0,2,1,2,1,8,278,1,2,9,1
201301CW10366,2,9,0,18,0,0,0,0,0,0,1,1,6,2,5,1390,1,2,2,2
201301CW10367,1,11,0,18,0,1,0,0,0,0,4,1,1,3,-1,-1,-1,-1,-1,-1
201301CW10368,1,1,0,18,0,8,0,0,0,0,1,1,6,1,7,-1,-1,-1,4,1
201301CW10369,1,9,0,1,0,2,0,0,0,0,2,1,3,1,-1,-1,-1,-1,-1,-1
201301CW10370,1,11,0,18,0,0,0,0,0,0,0,1,1,1,7,9200,2,8,2,1
201301CW10371,1,4,0,18,0,8,0,0,0,0,3,1,6,1,6,249,1,5,3,1
201301CW10372,1,9,0,9,0,8,0,0,0,0,3,1,6,1,8,-1,-1,-1,6,1
201301CW10373,1,9,0,10,0,8,0,0,0,0,2,1,6,1,5,2993,2,6,1,1
201301CW10373,2,9,0,18,0,8,0,0,0,0,1,1,6,2,8,1997,2,20,1,1
201301CW10374,1,8,0,18,8,1,0,0,0,0,4,1,1,3,-1,-1,-1,-1,-1,-1
201301CW10375,1,9,0,13,0,0,0,0,0,0,4,1,6,2,11,999,1,16,4,1
201301CW10375,2,1,0,18,0,0,0,0,0,0,3,1,1,2,7,-1,-1,-1,-1,-1
201301CW10376,1,19,0,18,0,8,0,0,0,0,1,1,1,1,6,-1,-1,-1,2,1
201301CW10376,2,1,0,9,0,8,0,0,0,0,4,1,1,1,8,-1,-1,-1,5,1
201301CW10377,1,9,0,18,0,0,0,0,0,0,1,1,2,2,7,1299,1,11,2,1
201301CW10380,1,9,0,3,0,1,0,0,0,0,2,1,6,2,11,1998,1,14,6,3
201301CW10380,2,9,0,18,0,1,0,0,0,0,1,1,6,2,6,1390,1,11,3,1
201301CW10381,1,9,0,1,0,0,0,0,0,0,2,1,6,1,-1,1968,2,6,-1,-1
201301CW10382,1,19,0,2,0,0,0,0,0,0,0,1,6,2,6,-1,-1,-1,3,1
201301CW10382,2,19,0,5,0,0,0,0,0,0,0,1,1,3,-1,-1,-1,-1,-1,-1
201301CW10383,1,9,0,2,0,0,0,0,0,0,3,1,6,2,-1,1397,1,13,4,1
201301CW10383,2,9,0,14,0,0,0,0,0,0,4,1,6,1,-1,1390,1,15,-1,-1
201301CW10385,1,19,0,18,0,0,0,0,0,0,4,1,6,1,-1,-1,-1,-1,-1,-1
201301CW10386,1,1,0,18,0,2,0,8,0,0,1,1,6,2,6,-1,-1,-1,3,1
201301CW10386,2,8,0,3,0,2,0,0,0,0,4,1,1,1,-1,2499,2,2,-1,-1
201301CW10387,1,1,0,5,0,1,0,0,0,0,3,1,2,1,7,-1,-1,-1,9,1
201301CW10387,2,20,0,5,0,1,0,0,0,0,4,1,1,1,-1,6692,2,3,-1,-1
201301CW10388,1,19,0,2,0,0,0,0,0,0,3,1,1,1,8,2198,2,2,1,1
201301CW10388,2,1,0,18,0,0,0,0,0,0,4,1,6,1,7,-1,-1,-1,4,1
201301CW10389,1,90,0,5,0,2,0,0,0,0,1,1,1,1,7,-1,-1,-1,5,1
201301CW10390,1,9,0,9,0,8,0,0,0,0,3,1,6,1,7,1396,1,16,2,1
201301CW10390,2,1,0,18,0,8,0,0,0,0,1,1,6,1,7,-1,-1,-1,3,1
201301CW10391,1,19,0,18,0,8,0,0,4,2,1,1,1,1,8,2143,2,1,2,1
201301CW10392,1,9,0,7,0,8,0,0,0,0,4,1,1,1,8,1590,1,13,5,1
201301CW10392,2,1,0,7,0,8,0,0,0,0,3,1,6,1,9,-1,-1,-1,2,1
201301CW10394,1,3,0,18,0,8,0,0,0,0,1,1,6,1,6,125,1,3,3,1
201301CW10394,2,9,0,9,0,8,0,0,0,0,4,1,6,1,6,1998,1,3,9,1
201301CW10396,1,11,0,3,0,0,0,0,0,0,2,1,1,1,6,7300,2,9,-1,-1
201301CW10396,2,11,0,5,0,0,0,0,0,0,1,1,1,1,8,9000,2,3,2,1
201301CW10397,1,9,0,7,0,8,0,0,0,0,4,1,6,2,6,1995,2,1,4,1
201301CW10397,2,1,0,18,0,8,0,0,0,0,1,1,6,2,5,-1,-1,-1,4,1
201301CW10398,1,90,0,5,0,2,0,0,0,0,4,1,1,1,8,-1,-1,-1,8,1
201301CW10398,2,90,0,18,0,2,0,0,0,0,3,1,1,1,6,-1,-1,-1,2,1
201301CW10399,1,8,0,18,0,1,0,0,0,0,1,1,1,1,8,1497,8,4,1,1
201301CW10400,1,9,0,3,0,2,0,0,0,0,2,1,6,1,4,998,1,6,5,1
201301CW10400,2,9,0,18,0,2,0,0,0,0,1,1,6,2,5,1397,1,11,6,1
201301CW10401,1,11,0,4,0,8,0,0,0,0,0,1,1,1,7,4760,2,3,3,1
201301CW10402,1,5,0,18,6,0,1,10,0,0,4,1,1,1,-1,1170,1,1,5,1
201301CW10403,1,9,0,18,0,2,0,0,0,0,1,1,6,1,8,-1,-1,-1,3,1
201301CW10404,1,8,0,3,0,1,0,0,0,0,4,1,1,3,-1,-1,-1,-1,-1,-1
201301CW10404,2,1,0,15,0,1,0,0,0,0,1,1,6,1,8,-1,-1,-1,10,1
201301CW10405,1,9,0,18,0,8,0,0,0,0,4,1,6,1,6,-1,-1,-1,6,1
201301CW10406,1,8,0,18,0,0,0,0,0,0,2,1,1,1,11,2664,2,14,9,1
201301CW10406,2,9,0,18,0,0,0,0,0,0,1,1,6,1,6,1240,1,9,5,1
201301CW10407,1,11,0,1,0,8,0,0,0,0,2,1,1,1,7,4249,2,3,4,1
201301CW10408,1,9,0,6,0,0,0,0,0,0,3,1,6,1,7,1686,2,11,2,1
201301CW10408,2,4,0,18,0,0,1,0,0,0,1,1,6,1,5,400,1,20,2,1
201301CW10409,1,11,0,17,0,8,0,0,0,0,0,1,1,1,9,6700,2,1,2,1
201301CW10410,1,1,0,14,0,8,0,0,0,0,1,1,6,1,6,-1,-1,-1,6,1
201301CW10410,2,11,0,7,0,8,0,0,0,0,4,1,1,1,7,4462,2,8,5,1
201301CW10412,1,19,0,7,0,8,0,0,0,0,4,1,1,1,7,-1,-1,-1,8,1
201301CW10412,2,1,0,18,0,8,0,0,0,0,1,1,6,1,4,-1,-1,-1,1,1
201301CW10413,1,8,0,3,0,1,0,0,0,0,4,1,6,2,6,1997,2,1,5,1
201301CW10413,2,1,0,18,0,1,0,0,0,0,1,1,6,1,-1,-1,-1,-1,-1,-1
201301CW10414,1,9,0,18,0,8,0,0,0,0,3,1,1,3,-1,-1,-1,-1,-1,-1
201301CW10414,2,9,0,7,0,8,0,0,0,0,1,1,6,1,5,1596,1,8,2,1
201301CW10415,1,5,0,18,0,8,0,0,0,0,1,1,2,1,6,1690,1,1,6,1
201301CW10415,2,8,0,9,0,8,0,0,0,0,1,1,1,1,7,2987,2,2,1,1
201301CW10416,1,8,0,3,0,8,0,0,0,0,4,1,1,1,9,2664,2,14,9,1
201301CW10416,2,1,0,18,0,8,0,0,0,0,1,1,6,2,-1,-1,-1,-1,-1,-1
201301CW10417,1,5,0,17,0,1,0,0,0,0,1,1,6,1,7,647,1,14,7,1
201301CW10419,1,1,0,18,0,1,0,0,0,0,3,1,6,2,6,-1,-1,-1,7,1
201301CW10419,2,9,0,7,0,1,0,0,0,0,4,1,6,2,6,1686,2,3,-1,-1
201301CW10420,1,19,0,2,0,2,0,0,0,0,1,1,6,1,6,2461,2,2,8,3
201301CW10420,2,1,0,18,0,2,0,0,0,0,1,1,6,1,6,-1,-1,-1,2,1
201301CW10421,1,11,0,4,0,1,0,0,0,0,0,1,1,1,5,-1,-1,-1,4,1
201301CW10422,1,11,0,17,0,8,0,0,0,0,1,1,1,1,9,11000,2,7,-1,-1
201301CW10422,2,1,0,17,0,8,0,0,0,0,2,1,6,1,8,-1,-1,-1,6,3
201301CW10423,1,11,0,7,0,1,0,0,0,0,4,1,1,1,7,-1,-1,-1,1,1
201301CW10423,2,3,0,15,0,1,1,0,0,0,3,1,6,1,6,124,1,3,3,1
201301CW10425,1,21,0,9,0,8,0,0,0,0,4,1,1,1,7,12900,2,6,2,1
201301CW10427,1,3,0,18,0,3,0,10,1,2,3,1,6,1,4,124,1,4,3,1
201301CW10427,2,20,0,12,0,2,0,0,0,0,4,1,1,1,9,-1,-1,-1,5,1
201301CW10429,1,4,0,18,0,2,0,0,0,0,1,1,6,1,-1,-1,-1,-1,-1,-1
201301CW10430,1,8,0,5,0,8,0,0,0,0,3,1,1,1,7,2148,2,3,-1,-1
201301CW10433,1,8,0,3,0,8,0,0,0,0,2,1,1,1,8,1497,8,5,5,1
201301CW10433,2,1,0,4,0,8,0,0,0,0,1,1,6,1,6,-1,-1,-1,-1,-1
201301CW10435,1,3,0,18,0,0,0,0,0,0,1,1,6,1,7,124,1,3,9,1
201301CW10435,2,1,0,16,0,0,0,0,0,0,1,1,6,2,6,-1,-1,-1,3,1
201301CW10436,1,9,0,18,0,8,0,0,0,0,4,1,6,1,8,2720,2,5,7,3
201301CW10436,2,3,0,18,0,8,0,0,0,0,1,1,6,1,7,124,1,11,2,1
201301CW10437,1,1,0,13,0,8,0,0,0,0,4,1,6,1,7,-1,-1,-1,-1,-1
201301CW10437,2,1,0,12,0,8,0,0,0,0,3,1,6,1,6,-1,-1,-1,2,1
201301CW10438,1,9,0,11,0,1,0,0,0,0,4,1,6,2,7,1339,1,8,3,1
201301CW10438,2,1,0,18,0,1,0,0,0,0,3,1,6,1,8,-1,-1,-1,7,1
201301CW10440,1,1,0,18,0,2,0,0,0,0,3,1,2,2,6,-1,-1,-1,4,1
201301CW10440,2,9,0,18,0,2,0,0,0,0,4,1,6,1,-1,-1,-1,-1,-1,-1
201301CW10441,1,3,0,18,0,8,0,0,0,0,3,1,6,2,6,101,1,4,-1,-1
201301CW10441,2,19,0,13,0,8,0,0,0,0,4,1,6,1,-1,1753,2,4,8,3
201301CW10442,1,1,0,9,0,2,0,0,0,0,1,1,6,1,7,-1,-1,-1,3,1
201301CW10443,1,11,0,4,0,1,0,0,0,0,1,1,1,1,8,7300,2,10,2,1
201301CW10444,1,9,0,18,0,2,0,0,0,0,1,1,1,1,7,1896,2,8,4,1
201301CW10445,1,9,0,18,0,8,0,0,0,0,1,1,6,1,7,1598,1,11,3,1
201301CW10445,2,9,0,18,0,8,0,0,0,0,3,1,6,1,8,2400,2,3,2,1
201301CW10446,1,8,0,3,0,8,0,0,0,0,2,1,1,1,6,2987,2,1,4,1
201301CW10446,2,9,0,18,0,8,0,0,0,0,1,1,6,1,-1,1598,1,6,-1,-1