Accident_Index,Vehicle_Reference,Vehicle_Type,Towing_and_Articulation,Vehicle_Manoeuvre,Vehicle_Location-Restricted_Lane,Junction_Location,Skidding_and_Overturning,Hit_Object_in_Carriageway,Vehicle_Leaving_Carriageway,Hit_Object_off_Carriageway,1st_Point_of_Impact,Was_Vehicle_Left_Hand_Drive?,Journey_Purpose_of_Driver,Sex_of_Driver,Age_Band_of_Driver,Engine_Capacity_(CC),Propulsion_Code,Age_of_Vehicle,Driver_IMD_Decile,Driver_Home_Area_Type
201301CW10448,1,4,0,18,0,2,0,0,0,0,4,1,6,3,-1,-1,-1,-1,-1,-1
201301CW10448,2,1,0,18,0,2,0,0,0,0,1,1,6,2,7,-1,-1,-1,-1,-1
201301CW10449,1,11,0,4,0,1,0,0,0,0,0,1,1,2,6,4500,2,3,2,1
201301CW10450,1,9,0,4,0,1,0,0,0,0,1,1,6,1,8,5935,1,11,7,1
201301CW10450,2,9,0,4,0,1,0,0,0,0,2,1,1,1,7,-1,-1,-1,7,1
201301CW10451,1,8,0,1,0,2,0,0,0,0,2,1,1,1,6,-1,-1,-1,7,1
201301CW10452,1,2,0,18,0,2,0,0,0,0,3,1,6,1,6,49,1,8,7,1
201301CW10452,2,9,0,11,0,2,0,0,0,0,4,1,6,3,-1,-1,-1,-1,-1,-1
201301CW10453,1,9,0,9,0,8,0,0,0,0,4,1,1,1,8,1686,2,3,4,1
201301CW10453,2,1,0,18,0,8,0,0,0,0,1,1,6,2,5,-1,-1,-1,2,1
201301CW10455,1,9,0,18,0,0,0,4,0,0,1,1,6,1,10,1560,2,2,3,1
201301CW10455,2,9,0,2,0,0,0,0,0,0,2,1,6,3,-1,-1,-1,-1,-1,-1
201301CW10456,1,5,0,13,0,8,0,0,0,0,4,1,1,1,7,1261,1,10,10,3
201301CW10456,2,8,0,9,0,8,0,0,0,0,3,1,1,1,9,1995,2,7,-1,-1
201301CW10457,1,9,0,18,0,0,0,10,0,0,3,1,6,2,5,1895,1,13,4,1
201301CW10457,2,21,0,11,0,0,0,0,0,0,4,1,6,1,7,4580,2,6,8,2
201301CW10459,1,8,0,18,0,0,0,0,0,0,0,1,1,1,8,2402,2,9,3,1
201301CW10462,1,9,0,9,0,8,0,0,0,0,1,1,2,2,7,-1,-1,-1,9,1
201301CW10462,2,3,0,18,0,8,0,0,0,0,1,1,2,1,7,125,1,8,10,1
201301CW10463,1,3,0,18,0,0,0,0,0,0,1,1,2,1,4,-1,-1,-1,10,1
201301CW10464,1,3,0,9,0,8,0,0,0,0,3,1,6,1,6,125,1,4,4,1
201301CW10464,2,3,0,18,0,8,0,0,0,0,1,1,6,1,8,125,1,1,-1,-1
201301CW10466,1,5,0,18,0,0,1,10,6,0,3,1,6,1,6,-1,-1,-1,5,1
201301CW10467,1,9,0,10,0,1,0,0,0,0,2,1,1,1,6,1984,1,13,5,3
201301CW10467,2,3,0,18,0,1,0,0,0,0,1,1,6,1,6,125,1,2,2,1
201301CW10469,1,9,0,18,0,0,0,0,0,0,1,1,6,3,-1,-1,-1,-1,-1,-1
201301CW10472,1,10,0,18,0,2,0,0,0,0,4,1,1,1,7,2402,2,10,2,1
201301CW10473,1,11,0,18,0,0,0,0,0,0,0,1,1,2,-1,-1,-1,-1,-1,-1
201301CW10474,1,19,0,7,0,8,0,0,0,0,4,1,1,1,10,1360,7,8,7,1
201301CW10475,1,9,0,9,0,8,0,0,0,0,1,1,1,1,8,2993,2,1,3,1
201301CW10476,1,8,0,16,0,8,0,0,0,0,3,1,1,1,7,1769,1,10,5,1
201301CW10476,2,9,0,16,0,8,0,0,0,0,4,1,6,1,-1,1341,1,9,-1,-1
201301CW10477,1,3,0,18,0,0,0,0,0,0,4,1,6,1,7,124,1,3,6,1
201301CW10477,2,9,0,6,0,0,0,0,0,0,3,1,6,1,-1,2993,2,-1,-1,-1
201301CW10478,1,19,0,5,0,0,0,0,0,0,1,1,6,1,-1,-1,-1,-1,-1,-1
201301CW10479,1,8,0,5,0,0,0,0,0,0,4,1,1,1,-1,2499,2,1,-1,-1
201301CW10480,1,9,0,9,0,8,0,0,0,0,4,1,1,1,6,1686,2,4,2,1
201301CW10480,2,1,0,18,0,8,0,0,0,0,1,1,2,1,8,-1,-1,-1,2,1
201301CW10481,1,11,0,18,0,2,0,0,0,0,1,1,6,1,9,7300,2,9,2,1
201301CW10482,1,5,0,17,0,8,0,0,0,0,1,1,6,1,8,1137,1,15,2,1
201301CW10482,2,9,0,9,0,8,0,0,0,0,3,1,6,1,6,-1,-1,-1,3,1
201301CW10483,1,9,0,4,0,1,0,0,0,0,2,1,1,1,-1,-1,-1,-1,-1,-1
201301CW10483,2,8,0,18,0,1,0,0,0,0,1,1,1,1,8,2402,2,9,5,1
201301CW10484,1,20,0,7,0,8,0,0,0,0,4,1,6,1,6,3920,2,7,2,1
201301CW10484,2,1,0,18,0,8,0,0,0,0,1,1,6,1,6,-1,-1,-1,1,1
201301CW10485,1,11,0,18,0,0,0,0,0,0,1,1,1,1,7,9000,2,6,5,1
201301CW10486,1,8,0,18,0,8,0,0,0,0,1,1,1,1,7,1896,2,7,2,1
201301CW10487,1,11,0,4,0,0,0,0,0,0,0,1,1,1,7,7300,2,9,1,1
201301CW10488,1,1,0,18,0,8,0,0,0,0,1,1,6,1,6,-1,-1,-1,-1,-1
201301CW10488,2,3,0,7,0,8,0,0,0,0,1,1,6,1,-1,-1,-1,-1,-1,-1
201301CW10489,1,1,0,18,0,1,0,0,0,0,3,1,2,1,6,-1,-1,-1,2,1
201301CW10489,2,9,0,11,0,1,0,0,0,0,4,1,1,1,-1,2143,2,2,4,1
201301CW10490,1,9,0,9,0,8,0,10,4,6,1,1,6,2,5,1598,2,1,2,1
201301CW10491,1,8,0,17,0,8,0,0,0,0,1,1,6,1,9,2499,2,5,-1,-1
201301CW10492,1,11,0,4,0,8,0,0,1,0,0,1,1,1,7,6700,2,5,4,1
201301CW10494,1,9,0,5,0,8,0,0,0,0,4,1,2,1,8,1997,2,13,2,1
201301CW10494,2,3,0,12,0,8,0,0,0,0,3,1,2,2,10,124,1,-1,1,1
201301CW10494,3,1,0,12,0,8,0,0,0,0,3,1,2,2,9,-1,-1,-1,2,1
201301CW10495,1,3,0,18,0,8,0,0,0,0,1,1,1,1,6,125,1,1,4,1
201301CW10495,2,9,0,1,0,8,0,0,0,0,2,1,6,1,-1,6498,1,1,5,1
201301CW10496,1,3,0,18,0,0,0,0,0,0,1,1,6,1,4,124,1,11,-1,-1
201301CW10496,2,3,0,18,0,0,0,0,0,0,2,1,2,1,4,125,1,5,5,1
201301CW10496,3,9,0,1,0,0,0,0,0,0,0,1,6,2,8,2400,2,3,6,1
201301CW10497,1,1,0,9,0,8,0,0,0,0,1,1,6,2,6,-1,-1,-1,3,1
201301CW10497,2,11,0,9,0,8,0,0,0,0,3,1,1,1,8,4760,2,-1,1,1
201301CW10499,1,1,0,12,0,8,0,0,0,0,3,1,6,1,7,-1,-1,-1,9,1
201301CW10499,2,1,0,18,0,8,0,0,0,0,4,1,6,2,6,-1,-1,-1,-1,-1
201301CW10500,1,9,0,18,0,0,0,0,0,0,1,1,6,1,-1,-1,-1,-1,-1,-1
201301CW10500,2,9,0,3,0,0,0,0,0,0,2,1,6,2,8,1461,2,2,8,3
201301CW10501,1,19,0,18,0,8,0,0,0,0,2,1,6,1,7,-1,-1,-1,8,1
201301CW10501,2,8,0,18,0,8,0,0,0,0,1,1,6,3,-1,-1,-1,-1,-1,-1
201301CW10502,1,1,0,17,0,0,0,0,0,0,1,1,6,2,6,-1,-1,-1,3,1
201301CW10502,2,9,0,11,0,0,0,0,0,0,4,1,6,1,-1,-1,-1,-1,-1,-1
201301CW10504,1,9,0,9,0,8,0,0,0,0,1,1,6,1,7,1995,2,3,10,1
201301CW10504,2,1,0,18,0,8,0,0,0,0,1,1,6,1,7,-1,-1,-1,9,1
201301CW10505,1,8,0,18,0,8,0,0,0,0,1,1,6,1,9,-1,-1,-1,10,1
201301CW10506,1,19,0,18,0,0,0,0,0,0,1,1,1,1,8,-1,-1,-1,8,1
201301CW10507,1,3,0,18,0,8,0,0,0,0,3,1,6,2,-1,125,1,-1,-1,-1
201301CW10507,2,9,0,9,0,8,0,0,0,0,1,1,6,1,-1,1229,1,1,-1,-1
201301CW10509,1,1,0,17,0,8,0,0,0,0,1,1,6,1,4,-1,-1,-1,4,1
201301CW10509,2,8,0,17,0,8,0,0,0,0,1,1,1,1,-1,2499,2,6,-1,-1
201301CW10510,1,1,0,14,0,0,0,0,0,0,1,1,2,1,6,-1,-1,-1,4,1
201301CW10510,2,9,0,3,0,0,0,0,0,0,4,1,6,1,-1,1997,2,1,-1,-1
201301CW10512,1,11,0,4,0,1,0,0,0,0,0,1,1,1,9,9400,2,8,6,1
201301CW10513,1,9,0,2,0,0,0,0,0,0,3,1,1,1,8,-1,-1,-1,5,3
201301CW10513,2,1,0,18,0,0,0,0,0,0,1,1,6,1,7,-1,-1,-1,-1,-1
201301CW10514,1,9,0,18,0,8,0,0,0,0,4,1,1,1,10,2987,2,5,4,1
201301CW10514,2,19,0,7,0,8,0,0,0,0,1,1,1,1,-1,2402,2,3,-1,-1
201301CW10516,1,3,0,18,0,2,0,0,0,0,1,1,6,1,-1,124,1,2,-1,-1
201301CW10518,1,3,0,17,0,8,0,4,0,0,3,1,1,1,8,125,1,11,7,1
201301CW10519,1,9,0,18,0,8,0,0,0,0,1,1,6,1,6,999,1,5,4,1
201301CW10519,2,9,0,18,0,8,0,0,0,0,1,1,6,1,-1,2498,1,12,2,1
201301CW10521,1,1,0,18,0,2,0,0,0,0,1,1,1,2,7,-1,-1,-1,3,1
201301CW10521,2,9,0,3,0,1,0,0,0,0,3,1,6,1,7,1997,2,2,1,1
201301CW10522,1,9,0,6,0,0,0,0,0,0,3,1,6,1,-1,3700,1,11,6,1
201301CW10522,2,2,0,14,0,0,0,0,0,0,4,1,2,1,7,49,1,7,8,3
201301CW10523,1,3,0,12,0,0,0,0,0,0,3,1,6,1,8,124,1,2,2,1
201301CW10523,2,9,0,18,0,0,0,0,0,0,4,1,6,1,8,1794,1,12,1,1
201301CW10524,1,8,0,18,0,8,0,0,0,0,1,1,1,1,9,2664,2,12,10,1
201301CW10524,2,5,0,9,0,8,0,0,0,0,1,1,6,1,7,-1,-1,-1,9,1
201301CW10525,1,8,0,4,0,8,0,0,0,0,1,1,6,1,8,2402,2,10,4,1
201301CW10525,2,3,0,3,0,8,0,0,0,0,2,1,6,1,5,124,1,8,6,1
201301CW10527,1,11,0,18,0,1,0,0,0,0,1,1,1,1,-1,9000,2,6,-1,-1
201301CW10528,1,3,0,18,0,0,1,0,0,0,3,1,6,1,5,125,1,1,8,1
201301CW10529,1,9,0,7,0,8,0,0,0,0,3,1,1,1,8,2987,2,4,-1,-1
201301CW10529,2,5,0,18,0,8,0,0,0,0,4,1,2,1,6,996,1,6,5,1
201301CW10530,1,3,0,18,0,8,0,0,0,0,4,1,6,1,7,125,1,5,3,1
201301CW10530,2,9,0,9,0,8,0,0,0,0,1,1,6,1,-1,-1,-1,-1,-1,-1
201301CW10531,1,1,0,15,0,8,0,0,0,0,1,1,6,1,6,-1,-1,-1,8,1
201301CW10531,2,9,0,3,0,8,0,0,0,0,4,1,6,1,-1,-1,-1,-1,-1,-1
201301CW10532,1,9,0,18,0,8,0,0,0,0,2,1,6,1,6,1598,1,6,5,1
201301CW10532,2,9,0,18,0,8,0,0,0,0,1,1,6,1,7,1968,2,2,3,1
201301CW10533,1,9,0,7,0,8,0,0,0,0,2,1,6,1,7,2979,1,4,2,1
201301CW10533,2,11,0,5,2,8,0,0,0,0,1,1,1,1,-1,6700,2,1,5,1
201301CW10534,1,9,0,18,0,8,0,0,0,0,0,1,1,1,-1,-1,-1,-1,-1,-1
201301CW10534,2,1,0,18,0,8,0,4,0,0,1,1,6,1,4,-1,-1,-1,-1,-1
201301CW10534,3,9,0,2,0,8,0,0,0,0,2,1,6,2,-1,1991,2,9,-1,-1
201301CW10535,1,5,0,18,0,2,0,0,0,0,1,1,6,1,7,-1,-1,-1,3,1
201301CW10535,2,9,0,6,0,8,0,0,0,0,1,1,6,1,8,1896,2,7,3,1
201301CW10536,1,9,0,18,0,2,0,0,0,0,3,1,6,2,6,1598,1,-1,1,1
201301CW10536,2,19,0,18,0,1,0,0,0,0,4,1,6,1,6,2402,2,4,6,1
201301CW10538,1,5,0,12,0,8,0,0,0,0,3,1,6,1,8,1237,1,1,3,1
201301CW10538,2,9,0,18,0,8,0,0,0,0,1,1,6,1,7,1995,2,2,3,1
201301CW10539,1,9,0,18,0,8,0,0,0,0,1,1,1,2,6,1910,2,5,-1,-1
201301CW10539,2,9,0,9,0,8,0,0,0,0,4,1,1,1,8,1896,2,5,4,1
201301CW10540,1,3,0,8,0,8,0,0,0,0,1,1,6,1,7,124,1,8,7,1
201301CW10540,2,9,0,7,0,8,0,0,0,0,4,1,6,1,-1,2993,2,6,-1,-1
201301CW10541,1,9,0,18,0,8,0,0,0,0,1,1,6,1,11,1988,1,15,-1,-1
201301CW10542,1,8,0,3,0,0,0,0,0,0,4,1,1,1,8,2402,2,7,7,1
201301CW10542,2,3,0,15,0,0,0,8,0,0,1,1,6,1,7,124,1,11,6,1
201301CW10543,1,11,0,4,0,1,0,0,0,0,0,1,1,1,7,9360,2,2,2,1
201301CW10544,1,11,0,9,0,8,0,0,0,0,0,1,6,1,7,9360,2,5,5,1
201301CW10546,1,1,0,18,0,8,0,0,0,0,3,1,2,2,6,-1,-1,-1,8,1
201301CW10546,2,19,0,9,0,8,0,0,0,0,1,1,6,1,-1,-1,-1,-1,-1,-1
201301CW10547,1,8,0,18,0,2,0,0,0,0,1,1,1,1,8,2499,2,1,6,1
201301CW10548,1,19,0,9,0,8,0,0,0,0,4,1,1,1,8,2287,2,3,8,1
201301CW10548,2,3,0,18,0,8,0,0,0,0,1,1,6,1,8,124,1,1,3,1
201301CW10549,1,19,0,18,0,8,0,0,0,0,1,1,1,1,9,2402,2,11,5,1
201301CW10550,1,3,0,18,0,8,0,0,0,0,1,1,6,1,7,124,1,1,4,1
201301CW10550,2,9,0,6,0,8,0,0,0,0,3,1,6,2,6,2720,2,7,4,1
201301CW10552,1,9,0,18,0,8,0,0,0,0,1,1,6,1,5,-1,-1,-1,1,1
201301CW10553,1,8,0,3,0,8,0,0,0,0,2,1,6,1,7,1997,2,3,6,1
201301CW10553,2,21,0,18,0,1,0,0,0,0,1,1,1,1,6,5900,2,7,-1,-1
201301CW10554,1,9,0,3,0,1,0,0,0,0,2,1,2,2,5,1598,1,-1,2,1
201301CW10554,2,9,0,18,0,1,0,0,0,0,1,1,6,1,-1,-1,-1,-1,-1,-1
201301CW10555,1,1,0,18,0,8,0,0,0,0,1,1,6,1,6,-1,-1,-1,3,1
201301CW10555,2,90,0,9,0,8,0,0,0,0,4,1,6,2,-1,-1,-1,-1,-1,-1
201301CW10556,1,1,0,18,0,8,0,0,0,0,1,1,6,1,6,-1,-1,-1,1,1
201301CW10556,2,9,0,7,0,8,0,0,0,0,4,1,6,3,-1,-1,-1,-1,-1,-1
201301CW10559,1,11,0,4,0,8,0,0,0,0,0,1,1,1,8,6692,2,4,2,1
201301CW10560,1,9,0,16,0,8,0,0,0,0,2,1,6,1,7,1991,1,16,3,1
201301CW10560,2,9,0,16,0,8,0,0,0,0,1,1,6,2,6,1598,1,12,4,1
201301CW10561,1,9,0,4,0,8,0,0,0,0,2,2,6,1,7,-1,-1,-1,-1,-1
201301CW10561,2,1,0,18,0,8,0,0,0,0,1,1,6,1,6,-1,-1,-1,2,1
201301CW10563,1,3,0,18,0,1,0,0,0,0,3,1,6,2,6,124,1,7,6,1
201301CW10564,1,8,0,3,0,8,0,0,0,0,2,1,1,1,8,2402,2,10,3,1
201301CW10564,2,9,0,18,0,1,0,0,0,0,1,1,6,1,7,2179,2,-1,9,1
201301CW10565,1,9,0,3,0,1,0,0,0,0,2,1,1,2,-1,-1,-1,-1,-1,-1
201301CW10565,2,9,0,18,0,1,0,0,0,0,1,1,6,2,5,1590,1,11,-1,-1
201301CW10566,1,9,0,1,0,8,0,0,0,0,1,1,6,1,-1,-1,3,2,-1,-1
201301CW10567,1,8,0,12,0,0,0,0,0,0,3,1,1,1,8,1598,2,2,2,1
201301CW10567,2,5,0,18,0,0,0,0,0,0,1,1,6,1,8,680,1,7,5,1
201301CW10568,1,9,0,7,0,8,0,0,0,0,1,1,6,1,5,1390,1,2,1,1
201301CW10568,2,1,0,7,0,8,0,0,0,0,2,1,6,2,6,-1,-1,-1,2,1
201301CW10570,1,2,0,18,0,8,0,0,0,0,1,1,6,1,5,49,1,10,1,1
201301CW10570,2,9,0,6,0,8,0,0,0,0,3,1,6,3,-1,-1,-1,-1,-1,-1
201301CW10572,1,3,0,18,0,0,0,0,0,0,1,1,6,1,-1,-1,-1,-1,2,1
201301CW10572,2,9,0,2,0,0,0,0,0,0,3,1,1,1,-1,2926,2,14,1,1
201301CW10572,3,9,0,2,0,0,0,0,0,0,3,1,6,1,-1,1896,2,14,4,1
201301CW10573,1,9,0,9,0,8,0,0,0,0,3,1,6,1,10,2698,2,5,10,3
201301CW10573,2,4,0,14,0,8,0,0,0,0,4,1,2,1,7,779,1,-1,2,1
201301CW10574,1,9,0,7,0,8,0,0,0,0,1,1,1,1,6,-1,-1,-1,8,1
201301CW10574,2,1,0,18,0,8,0,0,0,0,4,1,1,2,9,-1,-1,-1,1,1
201301CW10577,1,9,0,2,0,0,0,0,0,0,3,1,6,1,-1,1968,2,6,5,1
201301CW10578,1,1,0,18,0,8,0,0,0,0,1,1,2,1,6,-1,-1,-1,2,1
201301CW10578,2,9,0,7,0,8,0,0,0,0,3,1,6,1,-1,1796,1,4,-1,-1
201301CW10579,1,1,0,18,0,8,0,8,0,0,1,1,6,1,10,-1,-1,-1,1,1
201301CW10579,2,9,0,4,0,8,0,0,0,0,4,1,6,1,-1,1995,2,-1,-1,-1
201301CW10580,1,1,0,16,0,8,0,0,0,0,1,1,6,1,5,-1,-1,-1,4,1
201301CW10580,2,19,0,9,0,8,0,0,0,0,1,1,1,3,-1,-1,-1,-1,-1,-1
201301CW10581,1,11,0,18,0,8,0,0,0,0,1,1,1,1,-1,-1,-1,-1,-1,-1
201301CW10586,1,11,0,5,0,1,0,0,0,0,4,1,1,3,-1,-1,-1,-1,-1,-1
201301CW10588,1,19,0,7,0,8,0,0,0,0,4,1,2,1,7,2151,2,9,2,1
201301CW10588,2,1,0,18,0,8,0,7,0,0,1,1,6,1,6,-1,-1,-1,3,1
201301CW10590,1,5,0,18,0,8,0,0,0,0,1,1,6,1,6,599,1,2,2,1
201301CW10590,2,9,0,9,0,8,0,0,0,0,1,1,6,2,7,1968,2,3,5,1
201301CW10591,1,9,0,5,0,8,0,0,0,0,1,1,6,1,7,1995,1,6,2,1
201301CW10591,2,9,0,18,0,8,0,0,0,0,4,1,6,1,4,1598,1,12,-1,-1
201301CW10591,3,9,0,2,0,8,0,0,0,0,2,1,6,2,-1,1796,2,1,1,1
201301CW10593,1,1,0,18,0,8,0,0,0,0,3,1,6,2,6,-1,-1,-1,1,1
201301CW10593,2,9,0,11,0,8,0,0,0,0,1,1,6,1,-1,-1,-1,-1,-1,-1
201301CW10594,1,9,0,9,0,8,0,0,0,0,1,1,6,1,6,2494,1,12,3,1
201301CW10594,2,3,0,18,0,8,0,0,0,0,4,1,6,1,4,125,1,1,5,1
201301CW10596,1,11,0,18,0,2,0,0,0,0,0,1,1,1,6,6700,2,2,7,1
201301CW10597,1,9,0,4,0,1,0,0,0,0,2,1,6,1,9,1910,2,4,-1,-1
201301CW10597,2,3,0,18,0,1,0,0,0,0,1,1,6,1,6,124,1,10,3,1
201301CW10599,1,9,0,18,0,8,0,0,0,0,3,1,6,1,6,1498,1,18,4,1
201301CW10599,2,3,0,14,0,8,0,0,0,0,1,1,2,1,7,125,1,2,7,1
201301CW10600,1,1,0,18,0,1,0,0,0,0,1,1,6,1,6,-1,-1,-1,1,1
201301CW10602,1,11,0,7,0,8,0,0,0,0,3,1,1,1,6,7300,2,8,5,1
201301CW10602,2,9,0,18,0,8,0,0,0,0,4,1,6,1,-1,-1,-1,-1,7,1
201301CW10604,1,19,0,2,0,8,0,0,0,0,1,1,1,1,7,2143,2,2,7,1
201301CW10604,2,1,0,14,0,8,0,0,0,0,1,1,6,1,6,-1,-1,-1,3,1
201301CW10605,1,9,0,12,0,0,0,0,0,0,3,1,6,3,-1,-1,-1,-1,-1,-1
201301CW10605,2,3,0,18,0,0,0,0,0,0,4,1,1,1,6,124,1,1,4,1
201301CW10606,1,11,0,3,0,8,0,0,0,0,2,1,1,1,7,9360,2,1,2,1
201301CW10606,2,1,0,18,0,1,0,0,0,0,1,1,6,1,5,-1,-1,-1,2,1
201301CW10608,1,9,0,18,0,8,0,0,0,0,4,1,1,1,7,-1,-1,-1,-1,-1
201301CW10609,1,8,0,18,0,0,0,0,0,0,1,1,1,1,10,2402,2,8,6,1
201301CW10609,2,1,0,12,0,0,0,0,0,0,2,1,2,1,7,-1,-1,-1,7,1
201301CW10610,1,1,0,18,0,0,0,0,0,0,1,1,2,2,7,-1,-1,-1,5,1
201301CW10610,2,8,0,3,0,0,0,0,0,0,4,1,1,1,-1,2499,2,6,-1,-1
201301CW10611,1,3,0,4,0,8,0,0,0,0,3,1,6,1,6,125,1,7,2,1
201301CW10611,2,19,0,9,0,8,0,0,0,0,0,1,1,1,8,-1,-1,-1,6,1
201301CW10612,1,8,0,9,0,8,0,0,0,0,1,1,1,1,8,2499,2,3,5,2
201301CW10612,2,5,0,18,0,8,0,0,0,0,1,1,6,1,7,-1,-1,-1,6,3
201301CW10613,1,8,0,5,0,8,0,0,0,0,3,1,1,1,7,2499,2,4,8,1
201301CW10615,1,9,0,9,0,8,0,0,0,0,3,1,6,1,9,1991,1,13,10,1
201301CW10615,2,5,0,18,0,8,0,0,0,0,1,1,6,1,6,998,1,7,2,1
201301CW10616,1,19,0,7,0,8,0,0,0,0,4,1,1,1,5,2402,2,2,-1,-1
201301CW10617,1,9,0,7,0,8,0,0,0,0,4,1,1,1,6,1598,2,-1,-1,-1
201301CW10617,2,1,0,18,0,8,0,0,0,0,3,1,1,1,6,-1,-1,-1,6,1
201301CW10618,1,9,0,7,0,8,0,0,0,0,4,1,6,3,-1,5514,1,6,-1,-1
201301CW10618,2,1,0,18,0,8,0,0,0,0,1,1,6,1,6,-1,-1,-1,5,1
201301CW10619,1,9,0,18,0,1,0,0,0,0,1,1,6,1,7,1997,1,9,4,1
201301CW10620,1,1,0,14,0,8,0,0,0,0,4,1,1,1,6,-1,-1,-1,8,1
201301CW10620,2,9,0,5,0,8,0,0,0,0,3,1,6,1,6,1598,2,-1,2,1
201301CW10621,1,11,0,16,0,1,0,0,0,0,0,1,1,1,7,4500,2,2,2,1
201301CW10624,1,9,0,18,0,8,0,0,0,0,3,1,6,1,6,1339,8,3,4,1
201301CW10625,1,9,0,18,0,0,0,0,0,0,3,1,6,1,6,-1,-1,-1,5,1
201301CW10625,2,9,0,18,0,0,0,0,0,0,3,1,6,1,7,2993,2,2,10,1
201301CW10625,3,3,0,13,0,0,0,0,0,0,1,1,6,1,6,125,1,5,3,1
201301CW10626,1,8,0,18,0,0,0,0,0,0,4,1,1,3,-1,-1,-1,-1,-1,-1
201301CW10627,1,19,0,18,0,1,0,0,0,0,4,1,6,1,7,2143,2,2,3,1
201301CW10628,1,1,0,18,0,8,0,0,0,0,1,1,6,1,5,-1,-1,-1,3,1
201301CW10628,2,9,0,9,0,8,0,0,0,0,1,1,6,2,11,1590,1,8,9,3
201301CW10629,1,9,0,18,0,2,0,0,0,0,1,1,1,1,6,1798,8,-1,-1,-1
201301CW10629,2,9,0,4,0,2,0,0,0,0,2,1,6,2,8,1390,1,6,9,1
201301CW10630,1,9,0,1,0,8,0,0,0,0,2,1,6,1,4,-1,-1,-1,3,1
201301CW10630,2,2,0,10,3,8,0,0,0,0,1,1,6,1,6,49,1,9,5,1
201301CW10631,1,9,0,16,0,8,0,0,4,1,1,1,2,1,6,1984,1,9,5,1
201301CW10631,2,9,0,16,0,8,0,0,0,0,0,1,6,3,-1,-1,-1,-1,-1,-1
201301CW10632,1,3,0,11,0,8,0,0,0,0,4,1,2,1,6,124,1,4,2,1
201301CW10632,2,1,0,18,0,8,0,0,0,0,3,1,2,1,8,-1,-1,-1,2,1
201301CW10633,1,19,0,18,0,8,0,0,0,0,1,1,1,1,8,1753,2,7,4,1
201301CW10633,2,9,0,18,0,8,0,0,0,0,4,1,6,1,6,1248,2,1,2,1
201301CW10635,1,9,0,1,0,8,0,0,0,0,2,1,6,3,-1,-1,-1,-1,-1,-1
201301CW10636,1,8,0,18,0,2,0,0,0,0,1,1,1,1,10,2402,2,7,7,1
201301CW10637,1,11,0,18,0,8,0,0,0,0,0,1,1,1,9,-1,-1,-1,5,1
201301CW10638,1,1,0,18,0,0,0,8,0,0,1,1,6,1,6,-1,-1,-1,3,1
201301CW10638,2,8,0,2,0,0,0,0,0,0,3,1,1,1,-1,998,1,2,-1,-1
201301CW10640,1,9,0,18,0,2,0,0,0,0,1,1,6,2,6,1999,1,6,3,1
201301CW10640,2,9,0,3,0,2,0,0,0,0,2,1,6,2,7,-1,-1,-1,3,1
201301CW10640,3,19,0,3,0,2,0,0,0,0,2,1,1,1,-1,1968,2,5,4,1
201301CW10641,1,9,0,7,0,8,0,0,0,0,4,1,1,1,7,-1,-1,-1,-1,-1
201301CW10641,2,1,0,7,0,8,0,0,0,0,1,1,1,1,7,-1,-1,-1,-1,-1
201301CW10642,1,5,0,17,0,1,0,0,0,0,1,1,6,1,7,-1,-1,-1,6,3
201301CW10642,2,9,0,4,0,8,0,0,0,0,2,1,6,1,7,1896,2,3,4,1
201301CW10643,1,9,0,18,0,1,0,0,0,0,4,1,6,2,5,1598,1,-1,2,1
201301CW10644,1,3,0,18,0,8,0,0,0,0,4,1,6,2,4,125,1,6,3,1
201301CW10644,2,8,0,12,0,8,0,0,0,0,3,1,6,1,8,2402,2,8,10,1
201301CW10645,1,8,0,18,0,2,0,0,0,0,1,1,1,3,-1,-1,-1,-1,-1,-1
201301CW10646,1,9,0,18,0,8,0,0,0,0,1,1,6,1,6,-1,-1,-1,5,2
201301CW10653,1,9,0,5,0,1,0,0,0,0,1,1,6,1,6,1895,1,13,3,1
201301CW10653,2,9,0,4,0,1,0,0,0,0,2,1,6,3,-1,-1,-1,-1,-1,-1
201301CW10655,1,9,0,9,0,8,0,0,0,0,3,1,6,1,6,-1,-1,-1,3,1
201301CW10656,1,9,0,18,0,2,0,7,0,0,3,1,6,1,7,1242,1,16,3,1
201301CW10656,2,9,0,5,0,8,0,0,0,0,0,1,6,3,-1,-1,-1,-1,-1,-1
201301CW10657,1,3,0,3,0,1,0,0,0,0,2,1,1,1,7,124,1,12,3,1
201301CW10657,2,9,0,18,0,1,0,0,0,0,1,1,1,1,6,-1,-1,-1,2,1
201301CW10659,1,9,0,9,0,8,0,0,0,0,3,1,1,1,6,2993,2,1,4,1
201301CW10659,2,1,0,18,0,8,0,0,0,0,1,1,6,2,7,-1,-1,-1,5,1
201301CW10661,1,9,0,5,0,8,0,0,0,0,3,1,1,1,10,3199,1,16,2,1
201301CW10661,2,11,0,14,0,8,0,0,0,0,1,1,6,1,8,9360,2,3,1,1
201301CW10662,1,5,0,18,0,0,0,0,0,0,1,1,6,1,7,647,1,11,3,1
201301CW10663,1,9,0,9,0,8,0,0,0,0,1,1,6,3,-1,-1,-1,-1,-1,-1
201301CW10667,1,11,0,18,0,0,0,0,0,0,4,1,1,2,8,9000,2,3,5,3
201301CW10669,1,1,0,9,0,8,0,0,0,0,3,1,6,1,9,-1,-1,-1,-1,-1
201301CW10669,2,5,0,7,0,8,0,0,0,0,4,1,1,1,8,1137,1,5,1,1
201301CW10670,1,9,0,6,0,0,0,0,0,0,3,1,6,1,9,1896,2,9,8,1
201301CW10670,2,1,0,14,0,0,0,0,0,0,1,1,6,1,6,-1,-1,-1,4,1
201301CW10671,1,9,0,9,0,8,0,0,0,0,0,1,1,2,6,1461,2,2,1,1
201301CW10671,2,3,0,4,0,8,0,0,0,0,3,1,6,1,9,955,1,11,3,1
201301CW10672,1,9,0,7,0,8,0,0,0,0,4,1,1,1,7,1560,2,7,6,1