Accident_Index,Vehicle_Reference,Vehicle_Type,Towing_and_Articulation,Vehicle_Manoeuvre,Vehicle_Location-Restricted_Lane,Junction_Location,Skidding_and_Overturning,Hit_Object_in_Carriageway,Vehicle_Leaving_Carriageway,Hit_Object_off_Carriageway,1st_Point_of_Impact,Was_Vehicle_Left_Hand_Drive?,Journey_Purpose_of_Driver,Sex_of_Driver,Age_Band_of_Driver,Engine_Capacity_(CC),Propulsion_Code,Age_of_Vehicle,Driver_IMD_Decile,Driver_Home_Area_Type
201301CW10868,1,19,0,4,0,8,0,0,0,0,2,1,1,3,-1,-1,-1,-1,-1,-1
201301CW10868,2,1,0,18,0,8,0,0,0,0,1,1,6,1,9,-1,-1,-1,5,1
201301CW10869,1,3,0,4,0,1,0,0,0,0,1,1,6,1,6,125,1,1,6,1
201301CW10869,2,3,0,4,0,1,0,0,0,0,2,1,2,1,7,124,1,1,4,1
201301CW10871,1,1,0,14,0,8,0,0,0,0,4,1,6,1,6,-1,-1,-1,5,1
201301CW10871,2,9,0,9,0,8,0,0,0,0,3,1,6,1,-1,2494,1,8,10,1
201301CW10872,1,9,0,3,0,0,0,0,0,0,1,1,6,1,7,1497,8,5,3,1
201301CW10872,2,9,0,1,0,0,0,0,0,0,2,1,6,1,-1,5400,1,2,-1,-1
201301CW10873,1,9,0,16,0,0,0,0,0,0,1,1,6,1,8,2494,2,4,10,1
201301CW10874,1,9,0,10,0,8,0,0,0,0,3,1,6,1,6,-1,-1,-1,2,1
201301CW10874,2,4,0,18,0,8,0,10,3,0,1,1,6,1,4,198,1,10,5,1
201301CW10875,1,90,0,9,0,8,0,0,0,0,3,1,1,1,7,-1,-1,-1,3,1
201301CW10876,1,9,0,17,0,8,0,0,0,0,3,2,1,1,-1,-1,-1,-1,8,3
201301CW10876,2,3,0,9,0,8,0,0,0,0,1,1,6,1,6,125,1,5,2,1
201301CW10877,1,8,0,6,0,8,0,0,0,0,3,1,1,1,8,2402,2,8,8,1
201301CW10877,2,3,0,18,0,2,0,0,0,0,1,1,6,1,10,124,1,-1,3,1
201301CW10878,1,3,0,4,0,8,0,0,0,0,0,1,6,1,6,124,1,9,8,1
201301CW10879,1,8,0,7,0,8,0,0,0,0,4,1,1,1,6,1362,1,1,2,1
201301CW10879,2,9,0,2,0,8,0,0,0,0,3,1,6,3,-1,2497,1,7,4,1
201301CW10879,3,9,0,2,0,8,0,0,0,0,2,1,6,3,-1,1598,1,1,7,1
201301CW10880,1,21,1,7,0,8,0,0,0,0,4,1,6,1,5,6692,2,1,8,1
201301CW10880,2,1,0,18,0,8,0,0,0,0,1,1,6,2,7,-1,-1,-1,2,1
201301CW10883,1,9,0,18,0,0,0,0,0,0,0,1,6,3,-1,-1,-1,-1,-1,-1
201301CW10884,1,19,4,18,0,8,0,0,0,0,2,1,1,1,-1,-1,-1,-1,-1,-1
201301CW10884,2,1,0,18,0,8,0,0,0,0,1,1,6,1,8,-1,-1,-1,3,1
201301CW10885,1,9,0,6,0,1,0,0,0,0,3,1,6,1,8,-1,-1,-1,5,1
201301CW10885,2,3,0,18,0,1,0,0,0,0,1,1,6,1,7,125,1,9,3,1
201301CW10886,1,11,0,4,0,8,0,0,0,0,0,1,1,1,7,6700,2,4,3,1
201301CW10887,1,1,0,18,0,8,0,0,0,0,1,1,6,2,5,-1,-1,-1,4,1
201301CW10887,2,9,0,9,0,8,0,0,0,0,4,1,6,3,-1,-1,-1,-1,-1,-1
201301CW10888,1,1,0,18,0,8,0,0,0,0,3,1,6,2,6,-1,-1,-1,6,1
201301CW10888,2,21,0,9,0,8,0,0,0,0,1,1,1,1,8,9200,2,2,8,1
201301CW10889,1,1,0,18,0,8,0,0,0,0,1,1,6,1,6,-1,-1,-1,4,1
201301CW10889,2,1,0,18,0,8,0,0,0,0,1,1,1,1,-1,-1,-1,-1,-1,-1
201301CW10890,1,9,0,3,0,8,0,0,0,0,2,1,1,1,7,-1,-1,-1,3,1
201301CW10890,2,9,0,18,0,8,0,0,0,0,1,1,6,1,7,1896,2,5,-1,-1
201301CW10890,3,19,0,3,0,8,0,0,0,0,2,1,6,2,6,1364,1,3,3,1
201301CW10891,1,1,0,18,0,0,0,0,0,0,1,1,6,1,7,-1,-1,-1,3,1
201301CW10892,1,9,0,18,0,8,0,0,0,0,1,1,6,1,8,1799,1,5,-1,-1
201301CW10892,2,9,0,9,0,8,0,0,0,0,1,1,6,1,-1,2987,2,4,-1,-1
201301CW10893,1,11,0,18,0,8,0,0,0,0,1,1,1,1,8,-1,-1,-1,3,1
201301CW10894,1,9,0,18,0,0,0,0,0,0,1,1,6,1,5,1360,1,11,2,1
201301CW10895,1,9,0,17,0,8,0,0,0,0,1,1,6,1,8,1984,1,10,3,1
201301CW10897,1,11,0,7,0,8,0,0,0,0,4,1,1,1,-1,-1,-1,-1,-1,-1
201301CW10897,2,1,0,7,0,8,0,0,0,0,3,1,6,1,7,-1,-1,-1,4,1
201301CW10898,1,1,0,18,0,1,0,0,0,0,1,1,2,1,8,-1,-1,-1,4,1
201301CW10900,1,90,0,18,0,8,0,0,0,0,4,1,1,1,7,6370,2,9,2,1
201301CW10900,2,1,0,18,0,8,0,0,0,0,1,1,6,1,6,-1,-1,-1,2,1
201301CW10901,1,9,0,1,0,8,0,0,0,0,2,1,6,3,-1,1248,2,6,-1,-1
201301CW10902,1,1,0,4,0,1,0,0,0,0,2,1,6,1,4,-1,-1,-1,7,1
201301CW10902,2,1,0,18,0,1,0,0,0,0,1,1,6,1,-1,-1,-1,-1,1,1
201301CW10903,1,9,0,6,0,2,0,0,0,0,3,1,6,1,7,2993,2,8,-1,-1
201301CW10903,2,1,0,13,0,2,0,0,0,0,1,1,6,1,7,-1,-1,-1,8,1
201301CW10904,1,1,0,18,0,2,0,0,0,0,3,1,6,2,6,-1,-1,-1,3,1
201301CW10904,2,19,0,18,0,2,0,0,0,0,4,1,1,3,-1,-1,-1,-1,-1,-1
201301CW10906,1,9,0,2,0,0,0,0,0,0,2,1,6,2,8,1995,2,-1,6,1
201301CW10906,2,9,0,18,0,0,0,0,0,0,1,1,6,1,-1,1976,1,3,-1,-1
201301CW10907,1,1,0,12,0,0,0,0,0,0,2,1,6,1,7,-1,-1,-1,5,1
201301CW10907,2,8,0,18,0,0,0,0,0,0,1,1,1,1,8,-1,-1,-1,7,1
201301CW10907,3,9,0,2,0,0,0,0,0,0,0,1,6,2,7,4966,1,13,6,1
201301CW10909,1,8,0,7,0,8,0,0,0,0,1,1,1,1,-1,-1,-1,-1,-1,-1
201301CW10911,1,9,0,13,0,8,0,0,0,0,4,1,6,2,9,1275,1,13,3,1
201301CW10911,2,1,0,9,0,8,0,0,0,0,3,1,6,1,6,-1,-1,-1,7,1
201301CW10912,1,5,0,18,0,1,0,0,0,0,1,1,6,1,8,998,1,8,4,1
201301CW10912,2,9,0,4,0,8,0,0,0,0,1,1,6,1,-1,999,1,1,-1,-1
201301CW10913,1,8,0,2,0,0,0,0,0,0,3,1,1,1,8,2664,2,15,5,1
201301CW10913,2,1,0,18,0,0,0,8,0,0,1,1,6,2,8,-1,-1,-1,4,1
201301CW10914,1,19,0,18,0,8,0,0,0,0,1,1,1,1,7,-1,-1,-1,5,1
201301CW10914,2,9,0,18,0,8,0,0,0,0,3,1,1,1,6,-1,-1,-1,2,1
201301CW10914,3,9,0,18,0,8,0,0,0,0,1,1,1,1,8,2143,2,1,2,1
201301CW10915,1,9,0,6,0,8,0,0,0,0,4,1,6,1,8,-1,-1,-1,2,1
201301CW10915,2,1,0,18,0,8,0,0,0,0,3,1,6,1,5,-1,-1,-1,3,1
201301CW10916,1,9,0,18,0,8,0,0,0,0,2,1,6,1,5,-1,-1,-1,8,2
201301CW10916,2,9,0,18,0,1,0,0,0,0,1,1,6,1,-1,1997,2,6,-1,-1
201301CW10917,1,9,0,2,0,1,0,0,0,0,3,1,6,3,-1,2148,2,5,-1,-1
201301CW10917,2,1,0,18,0,1,0,0,0,0,1,1,6,1,6,-1,-1,-1,1,1
201301CW10918,1,8,0,10,0,8,0,0,0,0,2,1,1,1,8,2143,2,4,4,1
201301CW10918,2,9,0,10,0,8,0,0,0,0,2,1,6,1,9,1796,2,-1,-1,-1
201301CW10918,3,9,0,18,0,8,0,0,0,0,1,1,6,1,9,1998,1,5,4,1
201301CW10920,1,1,0,17,0,8,0,0,0,0,1,1,6,2,8,-1,-1,-1,-1,-1
201301CW10921,1,8,0,18,0,1,0,0,0,0,1,1,6,1,7,2499,2,4,10,1
201301CW10922,1,11,0,4,0,8,0,0,0,0,0,1,1,1,10,4760,2,1,10,1
201301CW10923,1,17,0,9,0,8,0,7,0,0,3,1,1,3,-1,-1,-1,-1,-1,-1
201301CW10924,1,19,0,18,0,8,0,0,0,0,0,1,6,1,8,2143,2,-1,3,1
201301CW10925,1,8,0,7,0,8,0,0,0,0,3,1,1,1,10,2148,2,4,4,1
201301CW10925,2,1,0,18,0,8,0,0,0,0,1,1,6,1,7,-1,-1,-1,10,1
201301CW10926,1,3,0,10,0,8,0,0,0,0,2,1,6,1,6,124,1,-1,8,1
201301CW10926,2,9,0,18,0,8,0,0,0,0,1,1,6,1,-1,-1,-1,-1,-1,-1
201301CW10928,1,9,0,5,0,2,0,0,0,0,3,1,6,1,6,2993,2,5,3,1
201301CW10929,1,9,0,6,0,0,0,0,0,0,3,1,6,1,8,1896,2,5,8,1
201301CW10929,2,1,0,18,0,0,0,0,0,0,1,1,6,2,6,-1,-1,-1,4,1
201301CW10930,1,9,0,9,0,8,0,0,0,0,4,1,6,2,11,1598,1,4,6,1
201301CW10930,2,1,0,18,0,8,0,0,0,0,1,1,6,1,5,-1,-1,-1,3,1
201301CW10932,1,11,0,18,0,0,0,0,0,0,1,1,1,1,7,7300,2,9,5,1
201301CW10933,1,8,0,18,0,0,0,0,0,0,4,1,6,1,7,2499,2,1,9,1
201301CW10933,2,1,0,15,0,0,0,4,0,0,3,1,6,1,6,-1,-1,-1,1,1
201301CW10935,1,1,0,9,0,8,0,0,0,0,1,1,6,1,6,-1,-1,-1,2,1
201301CW10935,2,8,0,9,0,8,0,0,0,0,3,1,1,1,9,2995,1,7,6,1
201301CW10936,1,9,0,18,0,8,0,0,0,0,1,1,6,2,-1,1360,1,3,3,1
201301CW10936,2,9,0,18,0,8,0,0,0,0,4,1,6,1,5,1598,1,10,2,1
201301CW10937,1,9,0,18,0,8,0,0,0,0,1,1,6,1,8,-1,-1,-1,4,1
201301CW10937,2,5,0,18,0,8,0,0,0,0,1,1,6,1,7,883,1,-1,7,1
201301CW10937,3,9,0,5,0,8,0,0,0,0,3,1,6,1,7,-1,-1,-1,2,1
201301CW10938,1,8,0,18,0,1,0,0,0,0,3,1,1,1,8,2499,2,6,1,1
201301CW10939,1,11,0,18,0,8,0,0,0,0,4,1,1,1,7,7300,2,9,2,1
201301CW10940,1,11,0,7,0,8,0,0,0,0,4,1,1,1,8,6700,2,2,8,1
201301CW10940,2,1,0,18,0,8,0,0,0,0,1,1,6,1,7,-1,-1,-1,-1,-1
201301CW10941,1,9,0,18,0,8,0,0,0,0,1,1,6,1,7,2204,2,7,10,1
201301CW10941,2,9,0,18,0,8,0,0,0,0,1,1,6,1,-1,1598,1,7,3,1
201301CW10943,1,1,0,18,0,8,0,0,0,0,1,1,6,1,6,-1,-1,-1,1,1
201301CW10943,2,19,0,7,0,8,0,0,0,0,4,1,6,1,-1,2143,2,2,-1,-1
201301CW10944,1,11,0,17,0,0,0,0,0,0,0,1,1,1,8,9100,2,2,9,1
201301CW10945,1,8,0,18,0,8,0,0,0,0,1,1,1,3,-1,2143,2,1,-1,-1
201301CW10946,1,9,0,18,0,8,0,0,0,0,3,1,6,2,5,1796,1,11,4,1
201301CW10946,2,21,0,7,0,8,0,0,0,0,4,1,1,1,-1,12900,2,6,6,1
201301CW10947,1,1,0,18,0,0,0,0,0,0,3,1,6,1,7,-1,-1,-1,4,1
201301CW10947,2,9,0,18,0,0,0,0,0,0,1,1,6,1,-1,1229,1,5,-1,-1
201301CW10948,1,11,0,16,0,1,0,0,0,0,4,1,1,1,8,7300,2,9,4,1
201301CW10950,1,9,0,18,0,8,0,0,0,0,3,1,6,2,8,1598,1,2,6,1
201301CW10950,2,9,0,18,0,8,0,0,0,0,1,1,6,1,7,2494,1,9,2,1
201301CW10952,1,9,0,18,0,8,0,0,0,0,3,1,6,2,8,1599,1,9,1,1
201301CW10953,1,9,0,9,0,8,0,0,0,0,1,1,6,1,8,1341,1,9,2,1
201301CW10953,2,5,0,18,0,8,0,0,0,0,1,1,6,1,8,675,1,-1,4,1
201301CW10954,1,90,0,6,0,8,0,0,0,0,0,1,1,1,5,2143,2,2,4,1
201301CW10954,2,9,0,4,0,8,0,0,0,0,2,1,6,1,7,1560,2,5,5,1
201301CW10954,3,9,0,4,0,8,0,0,0,0,1,1,6,1,9,2148,2,4,4,1
201301CW10954,4,9,0,18,0,8,0,0,0,0,1,1,6,1,8,1896,2,4,5,1
201301CW10955,1,19,0,7,0,8,0,0,0,0,4,1,6,1,7,1995,2,1,3,1
201301CW10955,2,5,0,18,0,8,0,0,0,0,1,1,6,1,6,670,1,1,2,1
201301CW10957,1,4,0,18,0,2,0,0,0,0,1,1,6,1,5,124,1,-1,2,1
201301CW10958,1,9,0,5,0,0,0,0,0,0,3,1,6,2,8,1598,1,9,4,1
201301CW10958,2,1,0,18,0,0,0,0,0,0,1,1,6,1,6,-1,-1,-1,7,1
201301CW10961,1,11,0,3,0,1,0,0,0,0,0,1,1,1,-1,4461,2,-1,-1,-1
201301CW10962,1,9,0,7,0,8,0,0,0,0,3,1,1,1,8,1997,2,2,7,1
201301CW10962,2,1,0,7,0,8,0,0,0,0,1,1,2,2,6,-1,-1,-1,2,1
201301CW10963,1,9,0,12,0,0,0,0,0,0,2,1,1,1,7,1242,1,8,1,1
201301CW10963,2,2,0,4,0,0,0,0,0,0,1,1,1,1,7,49,1,8,6,1
201301CW10964,1,8,0,18,0,2,0,0,0,0,3,1,6,1,8,2499,2,2,4,1
201301CW10965,1,21,0,9,0,8,0,0,0,0,1,2,1,1,8,-1,-1,-1,-1,-1
201301CW10967,1,8,0,18,0,0,0,0,0,0,4,1,1,1,6,3498,1,1,10,1
201301CW10967,2,1,0,18,0,0,0,0,0,0,3,1,6,2,5,-1,-1,-1,4,1
201301CW10968,1,8,0,18,0,8,0,0,0,0,0,1,1,1,10,2402,2,7,6,1
201301CW10969,1,9,0,4,0,2,0,0,0,0,4,1,1,1,7,-1,-1,-1,6,1
201301CW10969,2,1,0,18,0,2,0,0,0,0,3,1,2,1,7,-1,-1,-1,4,1
201301CW10970,1,9,0,12,0,0,0,0,0,0,2,1,6,1,6,1798,8,-1,1,1
201301CW10970,2,1,0,18,0,0,0,0,0,0,1,1,6,2,5,-1,-1,-1,3,1
201301CW10971,1,9,0,18,0,2,0,0,0,0,1,1,6,1,6,1689,2,9,4,1
201301CW10972,1,1,0,18,0,8,0,0,0,0,1,1,6,1,5,-1,-1,-1,-1,-1
201301CW10974,1,9,0,3,0,1,0,0,0,0,3,1,6,2,5,-1,-1,-1,5,1
201301CW10974,2,9,0,1,0,2,0,0,0,0,2,1,6,1,-1,2179,2,-1,-1,-1
201301CW10975,1,11,0,5,0,0,0,0,0,0,4,1,1,1,10,-1,-1,-1,6,1
201301CW10976,1,1,0,18,0,8,0,0,0,0,2,1,6,1,5,-1,-1,-1,2,1
201301CW10976,2,8,0,18,0,8,0,0,0,0,1,1,1,1,-1,-1,-1,-1,-1,-1
201301CW10977,1,11,0,4,0,1,0,0,0,0,0,1,1,2,8,4760,2,1,2,1
201301CW10978,1,9,0,2,0,2,0,0,0,0,3,1,6,3,-1,1560,2,2,-1,-1
201301CW10978,2,1,0,18,0,2,0,0,0,0,1,1,6,1,8,-1,-1,-1,10,1
201301CW10979,1,1,0,18,0,0,0,0,0,0,3,1,2,1,8,-1,-1,-1,10,1
201301CW10979,2,11,0,18,0,0,0,0,0,0,4,1,1,1,-1,-1,-1,-1,-1,-1
201301CW10980,1,19,0,9,0,8,0,0,0,0,3,1,1,3,-1,-1,-1,-1,-1,-1
201301CW10980,2,1,0,9,0,8,0,0,0,0,4,1,6,2,9,-1,-1,-1,-1,-1
201301CW10981,1,1,0,18,0,8,0,0,0,0,1,1,6,1,8,-1,-1,-1,7,1
201301CW10982,1,1,0,18,0,8,0,0,0,0,1,1,6,1,7,-1,-1,-1,4,1
201301CW10982,2,90,0,9,0,8,0,0,0,0,1,1,1,1,-1,-1,-1,-1,-1,-1
201301CW10983,1,2,0,16,0,0,0,0,0,0,4,1,2,1,7,49,1,6,3,1
201301CW10984,1,9,0,4,0,2,0,0,0,0,1,1,6,2,7,1997,1,4,6,1
201301CW10984,2,9,0,1,0,2,0,0,0,0,2,1,6,1,-1,-1,-1,-1,-1,-1
201301CW10985,1,8,0,18,0,0,0,0,0,0,4,1,6,1,8,2149,2,6,-1,-1
201301CW10985,2,8,0,2,0,0,0,0,0,0,3,1,6,1,8,2148,2,2,7,1
201301CW10985,3,8,0,2,0,0,0,0,0,0,3,1,6,1,8,2402,2,10,10,1
201301CW10985,4,8,0,2,0,0,0,0,0,0,3,1,6,2,9,2402,2,9,9,1
201301CW10986,1,9,0,18,0,0,0,0,1,2,1,1,6,1,-1,2497,1,7,3,1
201301CW10987,1,11,0,4,0,8,0,4,0,0,1,1,1,1,8,-1,2,3,2,1
201301CW10987,2,11,0,2,0,8,0,0,0,0,2,2,1,1,9,-1,-1,-1,-1,-1
201301CW10989,1,11,0,18,0,8,0,0,0,0,1,1,6,1,7,9200,2,9,2,1
201301CW10991,1,2,0,18,0,1,0,0,0,0,1,1,2,2,6,108,1,5,3,1
201301CW10992,1,11,0,7,0,8,0,0,0,0,0,1,6,1,8,4500,2,2,2,1
201301CW10993,1,8,0,18,0,2,0,0,0,0,4,1,1,1,9,2499,2,4,7,1
201301CW10994,1,9,0,9,0,8,0,0,0,0,1,1,1,1,6,1753,2,4,8,1
201301CW10994,2,3,0,18,0,8,0,0,0,0,1,1,6,1,11,125,1,7,4,1
201301CW10995,1,9,0,7,0,8,0,0,0,0,4,1,6,1,6,2993,2,6,-1,-1
201301CW10995,2,1,0,7,0,8,0,0,0,0,1,1,6,1,4,-1,-1,-1,4,1
201301CW10996,1,9,0,4,0,1,0,0,0,0,2,1,6,1,6,2616,1,9,4,1
201301CW10996,2,2,0,4,0,1,0,0,0,0,1,1,1,1,7,123,1,5,2,1
201301CW10997,1,9,0,18,0,1,0,0,0,0,4,1,6,1,6,1591,1,1,4,1
201301CW10998,1,8,0,18,0,1,0,0,0,0,3,1,1,1,10,2664,2,16,8,2
201301CW10999,1,1,0,18,0,0,0,0,0,0,1,1,2,1,6,-1,-1,-1,7,1
201301CW10999,2,9,0,2,0,0,0,0,0,0,2,1,6,1,8,1910,2,3,1,1
201301CW11000,1,9,0,7,0,8,0,0,0,0,4,1,1,1,6,-1,-1,-1,-1,-1
201301CW11001,1,9,0,6,0,0,0,0,0,0,3,1,6,1,6,1896,2,6,2,1
201301CW11001,2,4,0,15,0,0,0,0,0,0,1,1,6,1,-1,459,1,7,4,1
201301CW11002,1,9,0,5,0,8,0,0,0,0,1,1,6,1,7,2143,2,3,3,1
201301CW11002,2,3,0,5,0,8,0,0,0,0,2,1,6,1,6,125,1,8,3,1
201301CW11003,1,1,0,18,0,1,0,0,0,0,3,1,1,1,7,-1,-1,-1,-1,-1
201301CW11004,1,8,0,18,0,8,0,0,0,0,0,1,1,1,9,1896,2,6,3,1
201301CW11004,2,1,0,4,0,8,0,0,0,0,3,1,6,2,6,-1,-1,-1,4,1
201301CW11005,1,9,0,2,0,0,0,0,0,0,3,1,6,1,8,1598,1,13,4,1
201301CW11005,2,1,0,18,0,0,0,0,0,0,1,1,6,1,7,-1,-1,-1,-1,-1
201301CW11006,1,11,0,3,0,1,0,0,0,0,0,1,6,1,6,4461,2,-1,2,1
201301CW11007,1,1,0,18,0,8,0,0,0,0,1,1,2,1,8,-1,-1,-1,3,1
201301CW11007,2,9,0,7,0,8,0,0,0,0,4,1,2,1,-1,1796,1,2,-1,-1
201301CW11008,1,1,0,18,0,0,0,0,0,0,1,1,1,1,7,-1,-1,-1,7,1
201301CW11009,1,9,0,18,0,1,0,0,0,0,1,1,6,1,5,2987,2,7,5,1
201301CW11009,2,9,0,4,0,1,0,0,0,0,2,1,6,1,5,1995,2,1,4,1
201301CW11010,1,8,0,16,0,8,0,0,0,0,3,1,6,1,7,2148,2,4,4,1
201301CW11010,2,11,0,9,0,8,0,0,0,0,1,1,1,1,6,9360,2,1,4,1
201301CW11011,1,9,0,9,0,8,0,0,0,0,3,1,6,3,-1,2979,1,12,-1,-1
201301CW11011,2,1,0,18,0,8,0,0,0,0,1,1,1,1,5,-1,-1,-1,6,1
201301CW11013,1,5,0,17,0,8,0,0,0,0,4,1,6,1,7,1043,1,2,2,1
201301CW11014,1,9,0,18,0,1,0,0,0,0,1,1,6,3,-1,-1,-1,-1,-1,-1
201301CW11016,1,9,0,11,0,0,0,0,0,0,4,1,6,1,8,1998,1,11,10,1
201301CW11016,2,3,0,18,0,0,0,0,0,0,3,1,6,1,6,125,1,5,2,1
201301CW11018,1,3,0,18,0,8,0,0,0,0,3,1,6,1,5,125,1,4,3,1
201301CW11018,2,9,0,7,0,8,0,0,0,0,4,1,6,3,-1,2204,2,6,-1,-1
201301CW11019,1,9,0,9,0,8,0,0,0,0,4,1,6,1,6,1600,1,13,-1,-1
201301CW11019,2,3,0,18,0,8,0,0,0,0,1,1,6,1,-1,124,1,2,8,1
201301CW11021,1,11,0,18,0,8,0,0,0,0,1,1,6,1,7,-1,-1,-1,1,1
201301CW11023,1,21,0,9,0,8,0,0,0,0,1,1,1,1,8,4580,2,4,5,1
201301CW11023,2,3,0,18,0,8,0,0,0,0,1,1,6,1,6,124,1,-1,1,1
201301CW11024,1,11,0,4,0,2,0,0,0,0,0,1,1,1,6,7300,2,9,2,1
201301CW11025,1,1,0,18,0,8,0,0,0,0,1,1,6,2,5,-1,-1,-1,3,1
201301CW11025,2,9,0,2,0,8,0,0,0,0,2,1,6,3,-1,2979,1,12,-1,-1
201301CW11026,1,11,0,5,0,1,0,0,0,0,0,1,1,1,7,4760,2,1,2,1
201301CW11027,1,9,0,2,0,0,0,0,0,0,2,1,6,1,8,2143,2,2,8,1
201301CW11027,2,1,0,18,0,0,0,0,0,0,1,1,6,1,6,-1,-1,-1,3,1
201301CW11028,1,8,0,11,0,0,0,0,0,0,4,1,1,1,9,2664,2,14,10,1
201301CW11028,2,1,0,18,0,0,0,0,0,0,1,1,2,1,6,-1,-1,-1,1,1
201301CW11029,1,3,0,17,0,8,0,0,0,0,1,1,6,2,6,125,1,9,1,1
201301CW11030,1,11,0,4,0,1,0,0,0,0,0,1,1,1,8,7300,2,10,6,1
201301CW11031,1,1,0,18,0,8,0,0,0,0,1,1,1,1,-1,-1,-1,-1,-1,-1
201301CW11032,1,9,0,16,0,8,0,0,0,0,1,1,6,1,7,1997,2,2,-1,-1
201301CW11032,2,9,0,18,0,8,0,0,0,0,3,1,2,1,5,1796,1,9,1,1
201301CW11033,1,1,0,18,0,8,0,0,0,0,1,1,6,1,6,-1,-1,-1,6,1
201301CW11033,2,9,0,3,0,1,0,0,0,0,2,1,6,1,6,1198,1,9,8,1
201301CW11034,1,9,0,7,0,8,0,0,0,0,1,1,1,1,8,-1,-1,-1,-1,-1
201301CW11035,1,3,0,18,0,0,0,0,0,0,3,1,6,1,7,125,1,4,6,1
201301CW11036,1,1,0,18,0,8,0,0,0,0,4,1,2,1,10,-1,-1,-1,4,1
201301CW11036,2,9,0,7,0,8,0,0,0,0,0,1,6,1,7,-1,-1,-1,4,1
201301CW11037,1,9,0,9,0,8,0,0,0,0,3,1,6,1,6,1896,2,10,9,3
201301CW11037,2,1,0,18,0,8,0,0,0,0,1,1,6,1,7,-1,-1,-1,5,1
201301CW11038,1,8,0,18,0,1,0,0,0,0,4,1,1,1,7,2402,2,11,8,1
201301CW11039,1,8,0,18,0,0,0,0,0,0,1,1,6,1,8,2987,2,1,4,1
201301CW11039,2,9,0,3,0,0,0,0,0,0,2,1,6,1,7,1598,1,7,2,1
201301CW11041,1,20,0,18,0,8,0,0,0,0,1,1,6,1,8,5193,2,2,2,1
201301CW11041,2,3,0,3,0,8,0,0,0,0,2,1,6,1,6,125,1,2,3,1
201301CW11042,1,19,0,17,0,0,0,0,0,0,1,1,1,1,5,1560,2,3,6,1
201301CW11043,1,9,0,18,0,8,0,0,0,0,4,1,6,1,9,1461,2,1,3,1
201301CW11043,2,21,0,13,0,8,0,0,0,0,3,1,6,3,-1,9200,2,2,-1,-1
201301CW11044,1,9,0,17,0,8,0,0,0,0,4,1,2,1,6,2993,2,6,5,1
201301CW11044,2,1,0,5,0,8,0,0,0,0,1,1,6,2,4,-1,-1,-1,6,1
201301CW11046,1,9,0,9,0,8,0,0,0,0,4,1,6,1,5,1798,8,1,6,3
201301CW11046,2,1,0,18,0,8,0,0,0,0,1,1,2,1,-1,-1,-1,-1,5,1
201301CW11047,1,2,0,18,0,8,0,0,0,0,3,1,6,1,7,124,1,9,3,1
201301CW11047,2,9,0,9,0,8,0,0,0,0,3,1,6,1,6,1995,2,2,6,1
201301CW11048,1,19,0,9,0,8,0,0,0,0,4,1,6,1,9,2198,2,1,3,1
201301CW11048,2,1,0,18,0,8,0,0,0,0,1,1,6,1,6,-1,-1,-1,7,1
201301CW11049,1,9,0,18,0,1,0,0,0,0,4,1,6,1,11,1242,1,11,-1,-1
201301CW11049,2,9,0,3,0,1,0,0,0,0,3,1,6,1,8,1997,2,1,2,1
201301CW11050,1,9,0,4,0,0,0,0,0,0,2,1,6,1,8,2777,2,3,2,1
201301CW11050,2,9,0,18,0,0,0,0,0,0,1,1,6,1,7,2148,2,4,4,1
201301CW11052,1,9,0,18,0,2,0,0,0,0,4,1,6,1,11,2143,12,1,-1,-1
201301CW11052,2,1,0,18,0,2,0,0,0,0,1,1,6,1,7,-1,-1,-1,1,1
201301CW11053,1,11,0,5,0,1,0,0,0,0,0,1,6,1,7,6700,2,1,2,1
201301CW11054,1,4,0,18,0,1,0,0,0,0,1,1,6,1,4,124,1,1,3,1
201301CW11054,2,8,0,4,0,1,0,0,0,0,2,1,1,1,8,1896,2,5,1,1
201301CW11055,1,1,0,18,0,2,0,0,0,0,3,1,1,2,8,-1,-1,-1,7,1
201301CW11056,1,9,0,3,0,0,0,0,0,0,2,1,6,2,5,1397,1,5,2,1
201301CW11056,2,9,0,18,0,0,0,0,0,0,1,1,6,1,7,1587,1,9,3,1
201301CW11056,3,9,0,3,0,0,0,0,0,0,2,1,6,1,8,1896,2,8,3,1
201301CW11057,1,11,0,4,0,8,0,0,0,0,0,1,1,1,6,6700,2,2,2,1
201301CW11059,1,9,0,4,0,8,0,0,0,0,2,1,6,1,8,1997,1,16,-1,-1
201301CW11059,2,90,0,18,0,8,0,0,0,0,0,1,6,2,7,-1,-1,-1,5,1
201301CW11059,3,21,0,18,0,1,0,0,0,0,1,1,1,1,9,4461,2,4,3,1
201301CW11060,1,11,0,18,0,2,0,0,0,0,4,1,1,1,7,9000,2,3,-1,-1
201301CW11061,1,8,0,17,0,8,0,0,0,0,4,1,1,1,6,2148,2,3,1,1
201301CW11063,1,8,0,5,0,8,0,0,0,0,3,1,1,1,9,2499,2,2,10,1
201301CW11063,2,1,0,18,0,8,0,0,0,0,1,1,6,2,4,-1,-1,-1,6,1
201301CW11064,1,9,0,16,0,8,0,0,0,0,4,1,6,2,7,1248,2,5,4,1
201301CW11064,2,1,0,16,0,8,0,0,0,0,3,1,6,2,-1,-1,-1,-1,5,1
201301CW11067,1,8,0,18,0,8,0,0,0,0,1,1,1,1,7,1997,2,2,1,1
201301CW11067,2,1,0,9,0,8,0,0,0,0,3,1,6,1,6,-1,-1,-1,7,1
201301CW11068,1,1,0,9,0,8,0,0,0,0,1,1,6,1,6,-1,-1,-1,2,1
201301CW11068,2,9,0,7,0,8,0,0,0,0,3,1,6,1,-1,-1,-1,-1,-1,-1
201301CW11069,1,9,0,3,0,0,0,0,0,0,2,1,2,2,6,1753,2,9,1,1
201301CW11069,2,9,0,18,0,0,0,0,0,0,1,1,6,1,-1,2400,2,4,-1,-1