Accident_Index,Vehicle_Reference,Vehicle_Type,Towing_and_Articulation,Vehicle_Manoeuvre,Vehicle_Location-Restricted_Lane,Junction_Location,Skidding_and_Overturning,Hit_Object_in_Carriageway,Vehicle_Leaving_Carriageway,Hit_Object_off_Carriageway,1st_Point_of_Impact,Was_Vehicle_Left_Hand_Drive?,Journey_Purpose_of_Driver,Sex_of_Driver,Age_Band_of_Driver,Engine_Capacity_(CC),Propulsion_Code,Age_of_Vehicle,Driver_IMD_Decile,Driver_Home_Area_Type
201301CW11071,1,11,0,4,0,0,0,0,0,0,0,1,1,1,-1,-1,-1,-1,-1,-1
201301CW11072,1,9,0,18,0,0,0,0,0,0,1,1,6,3,-1,-1,-1,-1,-1,-1
201301CW11073,1,1,0,18,0,0,0,0,0,0,3,1,6,1,7,-1,-1,-1,5,1
201301CW11073,2,9,0,6,0,0,0,0,0,0,1,1,6,2,8,2231,2,1,-1,-1
201301CW11074,1,11,0,18,0,8,0,0,0,0,4,1,1,1,-1,-1,-1,-1,-1,-1
201301CW11075,1,9,0,9,0,8,0,0,0,0,3,1,6,1,10,1990,1,8,5,1
201301CW11075,2,3,0,13,0,8,0,0,0,0,4,1,6,1,5,125,1,3,4,1
201301CW11076,1,2,0,4,0,1,1,0,0,0,4,1,1,1,4,125,1,2,-1,-1
201301CW11077,1,3,0,18,0,8,0,7,0,0,3,1,6,1,6,124,1,-1,3,1
201301CW11078,1,9,0,2,0,1,0,0,0,0,3,1,6,1,8,-1,-1,-1,5,1
201301CW11078,2,1,0,18,0,1,0,0,0,0,1,1,2,1,9,-1,-1,-1,5,1
201301CW11080,1,1,0,7,0,8,0,0,0,0,3,1,2,1,7,-1,-1,-1,3,1
201301CW11080,2,90,0,7,0,8,0,0,0,0,4,1,1,1,8,9364,2,10,3,1
201301CW11082,1,1,0,18,0,0,0,0,0,0,4,1,2,1,9,-1,-1,-1,10,1
201301CW11083,1,8,0,12,0,2,0,0,0,0,3,1,1,1,8,2402,2,9,2,1
201301CW11083,2,11,0,18,0,2,0,0,0,0,4,1,1,1,7,6692,2,4,3,1
201301CW11084,1,5,0,18,0,0,0,0,0,0,0,1,6,1,6,2294,1,-1,2,1
201301CW11085,1,9,0,18,0,1,0,0,0,0,1,1,6,1,5,1400,1,9,-1,-1
201301CW11085,2,9,0,3,0,1,0,0,0,0,2,1,2,1,-1,1998,2,8,4,1
201301CW11085,3,9,0,3,0,1,0,0,0,0,2,1,2,1,6,1968,2,-1,10,1
201301CW11086,1,1,0,18,0,8,0,0,0,0,4,1,6,1,6,-1,-1,-1,6,1
201301CW11087,1,19,0,6,0,2,0,0,0,0,3,1,1,1,6,1870,2,9,4,1
201301CW11087,2,5,0,18,0,2,0,0,0,0,1,1,2,1,6,1690,1,1,7,1
201301CW11088,1,1,0,9,0,1,0,0,0,0,1,1,6,1,-1,-1,-1,-1,-1,-1
201301CW11089,1,9,0,5,0,8,0,0,0,0,1,1,6,1,7,1995,2,9,10,2
201301CW11089,2,1,0,9,0,8,0,0,0,0,1,1,6,1,8,-1,-1,-1,1,1
201301CW11092,1,2,0,14,0,2,0,0,0,0,4,1,2,2,6,49,1,-1,4,1
201301CW11092,2,19,0,14,0,2,0,0,0,0,3,1,2,1,6,1248,2,3,10,1
201301CW11093,1,9,0,3,0,1,0,0,0,0,2,1,1,1,7,1596,1,6,3,1
201301CW11093,2,1,0,18,0,1,0,0,0,0,1,1,1,2,7,-1,-1,-1,1,1
201301CW11094,1,19,0,1,0,2,0,0,0,0,2,1,1,1,-1,2198,2,-1,6,1
201301CW11095,1,11,0,5,0,0,0,0,0,0,0,1,1,1,6,6700,2,3,4,1
201301CW11096,1,1,0,18,0,8,0,0,0,0,3,1,6,1,5,-1,-1,-1,4,1
201301CW11096,2,9,0,7,0,8,0,0,0,0,4,1,6,1,-1,-1,-1,-1,-1,-1
201301CW11099,1,8,0,4,0,0,0,0,0,0,2,1,6,1,6,-1,-1,-1,1,1
201301CW11099,2,8,0,18,0,0,0,0,0,0,1,1,6,2,5,1598,1,5,5,1
201301CW11100,1,9,0,13,0,1,0,0,0,0,4,1,6,1,-1,-1,-1,-1,-1,-1
201301CW11100,2,1,0,18,0,1,0,0,0,0,3,1,6,2,5,-1,-1,-1,7,1
201301CW11101,1,9,0,7,0,8,0,0,0,0,2,1,6,1,7,4266,1,11,3,1
201301CW11101,2,1,0,18,0,8,0,0,0,0,1,1,6,1,4,-1,-1,-1,-1,-1
201301CW11102,1,8,0,6,0,8,0,0,0,0,3,1,1,1,8,2499,2,5,4,1
201301CW11102,2,1,0,18,0,8,0,0,0,0,1,1,6,1,6,-1,-1,-1,3,1
201301CW11103,1,21,0,7,0,8,0,0,0,0,4,1,1,1,9,12130,2,11,-1,-1
201301CW11104,1,19,0,18,0,8,0,0,0,0,1,1,1,1,7,2198,2,2,6,1
201301CW11104,2,9,0,9,0,8,0,0,0,0,3,1,6,1,6,1149,1,12,2,1
201301CW11105,1,8,0,7,0,8,0,0,0,0,4,1,1,1,7,1997,2,3,2,1
201301CW11105,2,3,0,18,0,8,0,0,0,0,1,1,1,1,6,125,1,2,2,1
201301CW11106,1,9,0,6,0,8,0,0,0,0,3,1,6,1,5,2148,2,4,2,1
201301CW11106,2,9,0,18,0,8,0,0,0,0,4,1,6,2,9,1397,1,1,4,1
201301CW11107,1,9,0,18,0,8,0,10,7,1,1,1,1,1,-1,1997,2,1,7,1
201301CW11107,2,9,0,18,0,8,0,0,0,0,3,1,6,2,6,1995,1,2,1,1
201301CW11108,1,8,0,18,0,1,0,0,0,0,3,1,1,1,-1,2402,2,9,6,1
201301CW11108,2,9,0,6,0,1,0,0,0,0,1,1,6,3,-1,1797,8,3,-1,-1
201301CW11110,1,9,0,18,0,0,0,10,6,1,1,1,6,1,7,1299,1,13,2,1
201301CW11112,1,9,0,18,0,8,0,0,0,0,1,1,6,1,6,-1,-1,-1,-1,-1
201301CW11112,2,8,0,18,0,8,0,0,0,0,3,1,6,1,10,2664,2,15,3,1
201301CW11113,1,8,0,17,0,8,0,0,0,0,3,1,1,1,11,2664,2,17,6,1
201301CW11113,2,19,0,17,0,8,0,0,0,0,4,1,6,1,9,2402,2,5,2,1
201301CW11114,1,19,0,1,0,1,0,0,0,0,2,1,1,1,8,1995,2,4,5,1
201301CW11116,1,1,0,18,0,2,0,0,0,0,1,1,6,1,-1,-1,-1,-1,-1,-1
201301CW11117,1,9,0,7,0,8,0,0,0,0,4,1,2,1,8,1590,1,13,6,1
201301CW11117,2,1,0,18,0,8,0,0,0,0,3,1,2,1,8,-1,-1,-1,4,1
201301CW11118,1,5,0,18,0,8,0,0,0,0,1,1,1,1,8,599,1,4,7,1
201301CW11118,2,1,0,9,0,8,0,0,0,0,3,1,6,1,5,-1,-1,-1,5,1
201301CW11119,1,9,0,9,0,8,0,0,0,0,1,1,1,1,6,1248,2,5,-1,-1
201301CW11119,2,3,0,18,0,8,0,0,0,0,1,1,2,1,7,124,1,8,4,1
201301CW11120,1,9,0,18,0,2,0,0,0,0,1,1,2,1,6,2967,2,2,8,1
201301CW11121,1,9,0,18,0,8,0,0,0,0,4,1,6,2,-1,1598,1,8,9,3
201301CW11121,2,1,0,18,0,8,0,0,0,0,3,1,6,1,8,-1,-1,-1,-1,-1
201301CW11122,1,3,0,18,0,8,0,0,0,0,1,1,6,1,6,102,1,7,7,1
201301CW11123,1,19,0,2,0,0,0,0,0,0,3,1,1,1,8,-1,-1,-1,1,1
201301CW11123,2,1,0,14,0,0,0,8,0,0,1,1,6,1,7,-1,-1,-1,8,1
201301CW11124,1,1,0,18,0,0,0,0,0,0,2,1,6,1,7,-1,-1,-1,-1,-1
201301CW11124,2,8,0,13,0,0,0,0,0,0,4,1,1,1,-1,2664,2,14,-1,-1
201301CW11125,1,5,0,18,0,8,0,0,0,0,1,1,2,1,6,-1,-1,-1,3,1
201301CW11125,2,9,0,9,0,8,0,0,0,0,4,1,6,1,7,2496,1,7,5,1
201301CW11128,1,3,0,3,0,0,0,0,0,0,1,1,6,1,6,124,1,5,4,1
201301CW11128,2,19,0,1,0,0,0,0,0,0,2,1,1,1,6,2402,2,10,4,1
201301CW11129,1,8,0,7,0,8,0,0,0,0,4,1,6,1,7,1896,2,7,2,1
201301CW11129,2,1,0,18,0,8,0,0,0,0,1,1,6,2,9,-1,-1,-1,2,1
201301CW11130,1,5,0,18,0,8,0,0,0,0,1,1,6,1,6,-1,-1,-1,3,1
201301CW11130,2,9,0,18,0,8,0,0,0,0,1,1,6,1,7,1240,1,8,2,1
201301CW11131,1,19,0,16,0,8,0,0,0,0,1,1,1,1,7,1968,2,3,4,1
201301CW11132,1,9,0,13,0,1,0,0,0,0,4,1,6,1,5,1595,1,-1,7,1
201301CW11132,2,3,0,18,0,1,0,0,0,0,3,1,6,1,7,-1,-1,-1,9,1
201301CW11133,1,3,0,13,0,8,0,0,0,0,4,1,2,1,-1,124,1,7,8,1
201301CW11133,2,90,0,9,0,8,0,0,0,0,3,1,1,1,7,-1,3,27,3,1
201301CW11135,1,9,0,18,0,1,0,0,0,0,4,1,6,1,8,-1,-1,-1,-1,-1
201301CW11135,2,1,0,18,0,1,0,0,0,0,3,1,6,2,8,-1,-1,-1,2,1
201301CW11136,1,11,0,9,0,8,0,0,0,0,0,1,1,1,6,4461,2,-1,5,1
201301CW11138,1,9,0,3,0,8,0,0,0,0,2,1,6,1,7,1560,2,7,5,1
201301CW11138,2,8,0,3,0,8,0,0,0,0,2,1,1,1,8,2499,2,5,6,1
201301CW11138,3,9,0,18,0,1,0,0,0,0,1,1,6,3,-1,2000,2,8,-1,-1
201301CW11139,1,4,0,4,0,8,0,0,0,0,2,1,6,1,7,249,1,4,1,1
201301CW11139,2,9,0,18,0,8,0,0,0,0,1,1,6,1,6,2993,2,9,10,1
201301CW11140,1,1,0,12,0,1,0,0,0,0,1,1,6,1,5,-1,-1,-1,-1,-1
201301CW11140,2,9,0,4,0,8,0,0,0,0,2,1,6,3,-1,-1,-1,-1,-1,-1
201301CW11141,1,5,0,9,0,8,0,0,0,0,3,1,6,1,6,798,1,3,4,1
201301CW11143,1,9,0,5,0,0,0,0,0,0,2,1,6,2,-1,1248,2,3,1,1
201301CW11143,2,3,0,14,0,0,0,0,1,0,1,1,6,1,6,-1,-1,-1,8,1
201301CW11144,1,9,0,7,0,8,0,0,0,0,3,1,6,1,7,999,1,4,1,1
201301CW11144,2,21,0,7,0,8,0,0,0,0,4,1,1,1,6,-1,-1,-1,10,1
201301CW11145,1,11,0,5,0,1,0,0,0,0,0,1,1,1,-1,9000,2,4,2,1
201301CW11146,1,8,0,6,0,2,0,0,0,0,3,1,1,1,9,2664,2,15,9,1
201301CW11146,2,1,0,18,0,2,0,0,0,0,4,1,6,1,5,-1,-1,-1,2,1
201301CW11147,1,9,0,18,0,1,0,0,0,0,1,1,6,2,5,1388,1,10,5,1
201301CW11147,2,9,0,3,0,8,0,0,0,0,2,1,6,2,8,1560,2,3,1,1
201301CW11148,1,9,0,18,0,2,0,0,0,0,4,1,6,2,8,1399,1,7,-1,-1
201301CW11148,2,9,0,5,0,2,0,0,0,0,3,1,6,2,9,1199,1,13,-1,-1
201301CW11150,1,8,0,17,0,8,0,0,0,0,1,1,6,1,7,1497,8,4,2,1
201301CW11150,2,5,0,18,0,8,0,0,0,0,4,1,6,1,9,-1,-1,-1,3,1
201301CW11151,1,9,0,4,0,8,0,10,4,2,1,1,6,1,5,1397,1,4,1,1
201301CW11152,1,11,0,5,0,1,0,0,0,0,0,1,1,1,6,9360,2,3,4,1
201301CW11153,1,10,0,9,0,8,0,0,0,0,0,1,1,3,-1,-1,-1,-1,-1,-1
201301CW11153,2,1,0,4,0,8,0,0,0,0,3,1,6,1,8,-1,-1,-1,10,3
201301CW11154,1,1,0,18,0,0,0,0,0,0,2,1,1,1,-1,-1,-1,-1,-1,-1
201301CW11155,1,9,0,7,0,8,0,0,0,0,4,1,6,1,10,1388,1,3,8,1
201301CW11155,2,3,0,18,0,8,0,0,0,0,3,1,6,1,6,198,1,8,8,1
201301CW11156,1,9,0,7,0,8,0,0,0,0,4,1,6,1,6,1797,8,1,5,1
201301CW11156,2,11,0,17,0,8,0,0,0,0,3,1,1,1,7,9000,2,4,3,1
201301CW11157,1,8,0,9,0,8,0,0,0,0,1,1,1,1,7,1997,2,4,4,1
201301CW11157,2,1,0,9,0,8,0,0,0,0,2,1,6,1,6,-1,-1,-1,1,1
201301CW11158,1,11,0,7,0,8,0,0,0,0,0,1,1,1,7,-1,-1,-1,4,1
201301CW11159,1,11,0,5,0,8,0,0,0,0,3,1,1,1,7,7300,2,9,2,1
201301CW11159,2,3,0,18,0,8,0,0,0,0,1,1,6,1,4,125,1,2,5,1
201301CW11160,1,5,0,18,0,2,0,0,0,0,1,1,6,1,5,1000,1,-1,2,1
201301CW11160,2,9,0,6,0,2,0,0,0,0,4,1,6,1,6,1997,2,1,1,1
201301CW11161,1,8,0,4,0,1,0,0,0,0,0,1,1,3,-1,-1,-1,-1,-1,-1
201301CW11162,1,9,0,9,0,8,0,0,0,0,1,1,6,1,7,2720,2,7,6,1
201301CW11163,1,1,0,18,0,8,0,0,0,0,1,1,2,1,6,-1,-1,-1,7,1
201301CW11164,1,9,0,18,0,0,0,0,0,0,1,1,6,1,-1,6208,1,5,-1,-1
201301CW11164,2,1,0,12,0,0,0,0,0,0,2,1,6,1,8,-1,-1,-1,6,1
201301CW11165,1,1,0,7,0,8,0,0,0,0,1,1,6,1,6,-1,-1,-1,4,1
201301CW11165,2,8,0,2,0,8,0,0,0,0,4,1,1,1,-1,-1,-1,-1,-1,-1
201301CW11166,1,3,0,18,0,2,0,0,0,0,1,1,1,1,8,125,1,3,10,1
201301CW11167,1,1,0,18,0,8,0,0,0,0,3,1,6,1,7,-1,-1,-1,7,1
201301CW11167,2,9,0,7,0,8,0,0,0,0,4,1,6,3,-1,-1,-1,-1,-1,-1
201301CW11168,1,5,0,18,3,8,0,0,0,0,1,1,6,1,5,600,1,-1,2,1
201301CW11168,2,9,0,9,0,8,0,0,0,0,4,1,6,3,-1,-1,-1,-1,-1,-1
201301CW11170,1,8,0,18,0,2,0,0,0,0,4,1,1,1,7,1997,2,1,2,1
201301CW11171,1,1,0,7,0,0,0,0,0,0,2,1,2,1,6,-1,-1,-1,3,1
201301CW11171,2,1,0,18,0,0,0,0,0,0,1,1,6,1,4,-1,-1,-1,-1,-1
201301CW11172,1,9,0,9,0,8,0,0,0,0,1,1,6,1,-1,1149,1,12,7,1
201301CW11174,1,9,0,17,0,1,0,0,0,0,1,1,6,1,10,2987,2,3,9,2
201301CW11174,2,1,0,17,0,1,0,0,0,0,2,1,6,1,7,-1,-1,-1,2,1
201301CW11175,1,11,0,9,0,8,0,0,0,0,4,1,1,1,6,6700,2,2,2,1
201301CW11175,2,1,0,9,0,8,0,0,0,0,3,1,1,1,6,-1,-1,-1,3,1
201301CW11176,1,8,0,2,0,2,0,0,0,0,3,1,1,1,9,-1,-1,-1,2,1
201301CW11176,2,1,0,18,0,2,0,0,0,0,1,1,2,1,-1,-1,-1,-1,2,1
201301CW11177,1,1,0,18,9,2,0,0,0,0,1,1,1,1,5,-1,-1,-1,-1,-1
201301CW11178,1,9,0,18,0,8,0,0,0,0,3,1,6,1,7,2401,2,11,6,1
201301CW11178,2,9,0,18,0,8,0,0,0,0,1,1,6,1,6,1798,8,-1,2,1
201301CW11179,1,9,0,18,0,8,0,0,0,0,1,1,6,1,6,1984,1,8,3,1
201301CW11179,2,1,0,2,0,2,0,0,0,0,3,1,1,1,5,-1,-1,-1,2,1
201301CW11179,3,1,0,2,0,2,0,0,0,0,3,1,1,1,6,-1,-1,-1,2,1
201301CW11182,1,11,0,4,0,1,0,0,0,0,0,1,1,1,8,7300,2,10,8,1
201301CW11183,1,11,0,2,0,0,0,0,0,0,1,1,1,1,8,9000,2,4,6,1
201301CW11184,1,9,0,18,0,0,0,0,0,0,1,1,6,1,6,1796,1,14,4,1
201301CW11185,1,3,0,18,0,0,0,0,0,0,1,1,6,1,-1,125,1,1,3,1
201301CW11189,1,8,0,18,0,8,0,0,0,0,1,1,1,1,7,1461,2,3,5,1
201301CW11189,2,1,0,18,0,8,0,0,0,0,3,1,6,1,4,-1,-1,-1,2,1
201301CW11190,1,8,0,5,0,2,0,0,0,0,4,1,1,1,9,2664,2,12,6,1
201301CW11191,1,3,0,14,0,1,0,0,0,0,1,1,6,1,-1,101,1,10,-1,-1
201301CW11194,1,9,0,18,0,1,0,0,0,0,2,1,6,1,7,-1,-1,-1,3,1
201301CW11194,2,9,0,18,0,1,0,0,0,0,1,1,6,3,-1,1895,1,12,-1,-1
201301CW11195,1,1,0,18,0,8,0,0,0,0,4,1,2,2,5,-1,-1,-1,2,1
201301CW11195,2,9,0,7,0,8,0,0,0,0,1,1,1,1,-1,1000,1,18,3,1
201301CW11196,1,5,0,18,0,2,0,0,0,0,4,1,6,1,6,675,1,1,1,1
201301CW11196,2,9,0,18,0,2,0,0,0,0,3,1,6,1,-1,-1,-1,-1,-1,-1
201301CW11197,1,9,0,18,0,8,0,0,0,0,1,1,6,1,7,1791,8,2,7,1
201301CW11198,1,5,0,9,0,8,0,0,0,0,2,1,6,1,6,-1,-1,-1,1,1
201301CW11198,2,9,0,7,0,8,0,0,0,0,1,1,6,1,7,2967,2,-1,8,1
201301CW11199,1,9,0,2,0,0,0,0,0,0,3,1,6,1,6,1598,1,11,2,1
201301CW11199,2,1,0,18,0,0,0,8,0,0,1,1,6,1,7,-1,-1,-1,1,1
201301CW11200,1,1,0,18,9,1,0,10,0,0,1,1,6,1,6,-1,-1,-1,4,1
201301CW11201,1,1,0,7,0,8,0,0,0,0,3,1,2,2,7,-1,-1,-1,3,1
201301CW11201,2,20,0,7,0,8,0,0,0,0,4,1,6,1,-1,5880,2,7,4,1
201301CW11202,1,5,0,18,0,2,0,0,0,0,4,1,6,1,6,599,1,13,7,2
201301CW11202,2,8,0,6,0,2,0,0,0,0,3,1,6,3,-1,2143,2,1,-1,-1
201301CW11203,1,19,0,1,0,8,0,0,0,0,4,1,1,1,6,1896,2,5,4,1
201301CW11203,2,4,0,9,0,8,0,0,0,0,1,1,6,1,7,249,1,5,4,1
201301CW11205,1,1,0,18,0,8,0,0,0,0,1,1,6,1,7,-1,-1,-1,2,1
201301CW11206,1,11,0,7,0,8,0,0,0,0,0,1,1,1,7,4500,2,1,8,1
201301CW11208,1,11,0,7,0,8,0,0,0,0,1,1,6,1,7,10838,2,1,6,1
201301CW11209,1,11,0,17,0,8,0,0,0,0,1,1,1,1,8,9360,2,2,2,1
201301CW11211,1,1,0,5,0,8,0,0,0,0,4,1,6,2,9,-1,-1,-1,1,1
201301CW11211,2,9,0,9,0,8,0,0,0,0,1,1,6,1,8,1998,1,11,1,1
201301CW11212,1,1,0,18,0,0,0,0,0,0,1,1,6,1,8,-1,-1,-1,1,1
201301CW11212,2,9,0,18,0,0,0,0,0,0,1,1,6,1,5,1598,1,9,2,1
201301CW11213,1,11,0,18,0,8,0,0,0,0,1,1,1,1,7,9200,2,10,2,1
201301CW11214,1,9,0,9,0,8,0,0,0,0,1,1,6,1,7,1796,1,9,6,1
201301CW11214,2,1,0,15,0,1,0,0,0,0,1,1,6,1,6,-1,-1,-1,5,1
201301CW11216,1,9,0,7,0,2,1,10,1,2,1,1,1,1,7,-1,-1,-1,2,1
201301CW11218,1,3,0,14,0,8,0,0,0,0,1,1,6,1,6,124,1,-1,4,1
201301CW11218,2,9,0,8,0,8,0,0,0,0,1,1,6,1,6,1298,1,11,2,1
201301CW11218,3,11,0,12,0,8,0,0,0,0,3,1,1,1,8,7300,2,9,-1,-1
201301CW11218,4,19,0,8,0,8,0,0,0,0,3,1,6,2,7,1560,2,5,1,1
201301CW11219,1,9,0,4,0,8,0,0,0,0,2,1,6,2,6,-1,-1,-1,9,1
201301CW11219,2,9,0,18,0,8,0,0,0,0,1,1,6,2,8,2987,2,2,5,1
201301CW11220,1,9,0,18,0,8,0,0,0,0,1,1,6,1,9,2143,2,3,5,1
201301CW11220,2,19,0,6,0,8,0,0,0,0,3,1,1,1,9,2198,2,2,7,2
201301CW11221,1,3,0,17,0,8,0,0,0,0,2,1,6,1,6,125,1,7,4,1
201301CW11221,2,19,0,17,0,8,0,0,0,0,1,1,6,1,6,2286,2,7,7,1
201301CW11221,3,9,0,7,0,8,0,0,0,0,1,1,6,1,5,-1,3,2,3,1
201301CW11222,1,9,0,18,0,1,0,0,0,0,4,1,6,2,7,998,1,-1,2,1
201301CW11222,2,9,0,12,0,1,0,0,0,0,3,1,6,3,-1,1968,2,7,-1,-1
201301CW11223,1,1,0,4,0,8,0,0,0,0,0,1,6,1,5,-1,-1,-1,3,1
201301CW11223,2,9,0,9,0,8,0,0,0,0,0,1,6,1,-1,3999,1,3,-1,-1
201301CW11224,1,9,0,3,0,1,0,0,0,0,3,1,6,1,11,3724,1,9,6,1
201301CW11224,2,4,0,4,0,1,0,0,0,0,4,1,6,1,7,125,1,4,6,1
201301CW11225,1,3,0,18,0,0,0,0,0,0,3,1,2,1,6,-1,-1,-1,3,1
201301CW11226,1,1,0,5,0,1,0,0,0,0,2,1,6,2,8,-1,-1,-1,3,1
201301CW11226,2,9,0,5,0,1,0,0,0,0,1,1,6,1,-1,1781,1,7,-1,-1
201301CW11227,1,9,0,3,0,1,0,0,0,0,2,1,6,1,8,-1,-1,-1,10,1
201301CW11227,2,9,0,18,0,1,0,0,0,0,1,1,6,2,7,1797,8,3,8,1
201301CW11228,1,1,0,18,0,0,0,0,0,0,3,1,6,2,7,-1,-1,-1,8,1
201301CW11228,2,8,0,13,0,0,0,0,0,0,4,1,1,1,-1,2402,2,9,-1,-1
201301CW11229,1,1,0,18,0,8,0,0,0,0,1,1,6,1,7,-1,-1,-1,2,1
201301CW11229,2,9,0,9,0,8,0,0,0,0,1,1,6,1,-1,-1,-1,-1,-1,-1
201301CW11230,1,1,0,7,0,8,0,0,0,0,4,1,6,2,7,-1,-1,-1,8,1
201301CW11230,2,8,0,7,0,8,0,0,0,0,0,1,1,1,-1,-1,-1,-1,-1,-1
201301CW11231,1,9,0,18,0,0,0,0,0,0,3,1,6,1,8,2720,2,8,4,1
201301CW11232,1,20,0,5,0,1,0,0,0,0,4,1,1,1,8,7201,2,-1,5,1
201301CW11233,1,19,0,6,0,8,0,0,0,0,3,1,1,1,7,1461,2,2,7,1
201301CW11233,2,1,0,18,0,8,0,0,0,0,1,1,6,1,6,-1,-1,-1,2,1
201301CW11234,1,1,0,18,0,1,0,0,0,0,1,1,6,1,-1,-1,-1,-1,-1,-1
201301CW11235,1,9,0,18,0,2,0,0,0,0,1,1,6,1,4,1498,1,14,4,1
201301CW11236,1,9,0,7,0,1,0,0,0,0,4,1,6,1,7,1390,1,14,2,1
201301CW11236,2,5,0,18,0,1,0,0,0,0,1,1,6,1,5,656,1,6,5,1
201301CW11237,1,5,0,9,0,8,0,0,0,0,4,1,6,1,8,-1,-1,-1,7,3
201301CW11237,2,1,0,18,0,8,0,0,0,0,4,1,6,1,5,-1,-1,-1,-1,-1
201301CW11238,1,1,0,14,0,0,0,0,0,0,4,1,6,1,5,-1,-1,-1,3,1
201301CW11239,1,9,0,9,0,8,0,0,0,0,3,1,1,1,6,1582,2,-1,-1,-1
201301CW11239,2,1,0,14,0,8,0,0,0,0,1,1,6,1,7,-1,-1,-1,7,1
201301CW11240,1,11,0,5,0,0,0,0,0,0,0,1,6,1,9,-1,-1,-1,9,1
201301CW11241,1,9,0,18,0,1,0,4,0,0,1,1,6,2,11,-1,-1,-1,-1,-1
201301CW11241,2,9,0,3,0,1,0,0,0,0,1,1,6,2,9,-1,-1,-1,10,1
201301CW11241,3,9,0,2,0,1,0,0,0,0,2,1,6,2,-1,1498,1,3,-1,-1
201301CW11242,1,9,0,1,0,2,0,0,0,0,2,1,6,3,-1,1997,2,4,-1,-1
201301CW11243,1,3,0,18,0,8,0,0,0,0,1,1,6,1,-1,124,1,5,-1,-1
201301CW11244,1,1,0,16,0,8,0,0,0,0,1,1,6,2,-1,-1,-1,-1,-1,-1
201301CW11245,1,8,0,18,0,8,0,0,0,0,1,1,1,1,7,2184,2,9,10,1
201301CW11245,2,1,0,6,0,8,0,0,0,0,4,1,6,1,7,-1,-1,-1,-1,-1
201301CW11246,1,9,0,7,0,8,0,0,0,0,4,1,6,1,6,1395,1,-1,1,1
201301CW11246,2,1,0,18,0,8,0,0,0,0,1,1,6,2,6,-1,-1,-1,3,1
201301CW11247,1,9,0,7,0,8,0,0,0,0,4,1,6,2,9,1332,1,14,10,3
201301CW11247,2,3,0,18,0,8,0,0,0,0,3,1,6,1,6,124,1,4,4,1
201301CW11248,1,9,0,4,0,8,0,0,0,0,2,1,6,2,7,1497,1,9,1,1
201301CW11248,2,20,0,18,0,1,0,0,0,0,1,1,6,1,6,3920,2,1,8,1
201301CW11249,1,1,0,9,0,8,0,0,0,0,2,1,6,1,7,-1,-1,-1,2,1
201301CW11249,2,8,0,18,0,8,0,0,0,0,1,1,1,2,-1,2402,2,10,-1,-1
201301CW11250,1,9,0,18,0,8,0,0,0,0,3,1,6,1,7,2987,2,5,5,1
201301CW11250,2,1,0,18,0,8,0,0,0,0,1,1,6,1,7,-1,-1,-1,4,1
201301CW11254,1,1,0,18,0,8,0,0,0,0,2,1,6,2,6,-1,-1,-1,3,1
201301CW11254,2,9,0,7,0,8,0,0,0,0,1,1,6,3,-1,-1,-1,-1,-1,-1
201301CW11255,1,2,0,18,0,0,0,0,0,0,1,1,2,1,5,49,1,7,3,1
201301CW11256,1,9,0,7,0,8,0,0,0,0,1,1,6,2,6,1598,2,1,4,1
201301CW11256,2,9,0,18,0,8,0,7,7,0,4,1,6,1,6,-1,-1,-1,-1,-1
201301CW11257,1,9,0,7,0,8,0,0,0,0,1,1,6,3,-1,-1,-1,-1,-1,-1
201301CW11257,2,3,0,2,0,8,0,0,0,0,4,1,6,1,6,-1,-1,-1,3,1
201301CW11257,3,9,0,2,0,8,0,0,0,0,1,1,6,3,-1,1968,2,2,-1,-1
201301CW11258,1,11,0,5,0,8,0,0,0,0,0,1,1,1,6,9200,2,9,2,1
201301CW11259,1,8,0,5,4,8,0,0,0,0,1,1,1,1,8,2664,2,15,3,3
201301CW11260,1,9,0,17,0,8,0,0,0,0,2,1,6,1,6,1497,8,5,2,1
201301CW11260,2,9,0,17,0,8,0,0,0,0,1,1,6,1,5,1998,1,12,1,1
201301CW11261,1,9,0,9,0,8,0,0,0,0,1,1,6,1,6,1997,2,1,1,1
201301CW11261,2,3,0,17,0,8,0,0,0,0,1,1,6,1,6,108,1,4,2,1
201301CW11262,1,9,0,18,0,2,0,0,0,0,1,1,6,1,9,1390,1,9,6,1
201301CW11263,1,5,0,17,0,8,0,0,0,0,3,1,6,1,7,599,1,6,5,1
201301CW11264,1,9,0,18,0,8,0,0,0,0,3,1,6,1,10,1968,2,4,-1,-1
201301CW11264,2,8,0,9,0,8,0,0,0,0,3,1,1,1,7,1796,1,10,7,1
201301CW11266,1,3,0,4,0,8,0,0,0,0,2,1,6,2,6,124,1,4,2,1
201301CW11266,2,9,0,18,0,8,0,0,0,0,1,1,6,3,-1,1299,1,12,-1,-1
201301CW11267,1,1,0,15,0,0,0,0,0,0,1,1,6,1,5,-1,-1,-1,2,1
201301CW11268,1,1,0,18,0,8,0,0,1,0,1,1,6,1,-1,-1,-1,-1,1,1
201301CW11268,2,9,0,9,0,8,0,0,0,0,3,1,6,1,5,1197,1,-1,3,1
201301CW11269,1,9,0,18,0,8,0,0,0,0,1,1,6,1,9,1896,2,11,1,1
201301CW11270,1,19,0,9,0,8,0,0,0,0,1,1,1,1,7,1753,2,9,6,1
201301CW11270,2,3,0,5,0,8,0,0,0,0,2,1,6,1,-1,125,1,-1,2,1
201301CW11271,1,9,0,18,0,1,0,0,0,0,3,1,6,2,6,1149,1,10,2,1
201301CW11271,2,9,0,11,0,1,0,0,0,0,4,1,6,1,-1,1490,1,7,-1,-1
201301CW11272,1,3,0,18,0,2,0,10,0,0,1,1,1,1,5,125,1,4,5,1
201301CW11274,1,1,0,18,0,1,0,0,0,0,3,1,2,1,6,-1,-1,-1,1,1
201301CW11274,2,9,0,7,0,1,0,0,0,0,4,1,6,3,-1,-1,-1,-1,-1,-1
201301CW11275,1,9,0,15,0,1,0,0,0,0,1,1,6,3,-1,-1,-1,-1,-1,-1