Accident_Index,Vehicle_Reference,Vehicle_Type,Towing_and_Articulation,Vehicle_Manoeuvre,Vehicle_Location-Restricted_Lane,Junction_Location,Skidding_and_Overturning,Hit_Object_in_Carriageway,Vehicle_Leaving_Carriageway,Hit_Object_off_Carriageway,1st_Point_of_Impact,Was_Vehicle_Left_Hand_Drive?,Journey_Purpose_of_Driver,Sex_of_Driver,Age_Band_of_Driver,Engine_Capacity_(CC),Propulsion_Code,Age_of_Vehicle,Driver_IMD_Decile,Driver_Home_Area_Type
201301CW11278,1,9,0,16,0,8,0,0,0,0,3,1,6,1,6,2996,1,7,3,1
201301CW11278,2,9,0,17,0,8,0,0,0,0,1,1,6,1,7,2231,2,5,10,1
201301CW11280,1,9,0,9,0,8,0,0,0,0,4,1,6,1,4,1598,1,6,3,1
201301CW11280,2,3,0,18,0,8,0,0,0,0,1,1,6,1,5,124,1,2,1,1
201301CW11281,1,19,0,18,0,0,0,0,0,0,4,1,1,1,6,2143,2,3,4,1
201301CW11281,2,19,0,2,0,0,0,0,0,0,2,1,6,1,-1,2460,2,9,4,1
201301CW11281,3,1,0,12,0,0,0,4,0,0,1,1,6,1,6,-1,-1,-1,2,1
201301CW11282,1,4,0,18,0,8,0,0,0,0,3,1,6,1,6,279,1,5,7,1
201301CW11283,1,9,0,1,0,8,0,0,0,0,2,1,6,3,-1,2143,2,2,-1,-1
201301CW11284,1,9,0,9,0,8,0,0,0,0,3,1,6,1,8,5514,1,6,7,1
201301CW11284,2,1,0,18,0,8,0,0,0,0,1,1,6,1,7,-1,-1,-1,4,1
201301CW11285,1,5,0,14,0,1,0,0,0,0,1,1,6,1,9,535,1,12,3,1
201301CW11285,2,9,0,12,0,1,0,0,0,0,3,1,6,1,-1,-1,-1,-1,-1,-1
201301CW11286,1,5,0,6,0,0,0,0,0,0,3,1,6,1,7,599,1,3,9,1
201301CW11286,2,1,0,18,0,0,0,0,0,0,1,1,6,1,6,-1,-1,-1,2,1
201301CW11287,1,11,0,3,0,1,0,0,0,0,0,1,1,1,8,4500,2,2,-1,-1
201301CW11287,2,90,0,1,0,1,0,0,1,2,2,1,6,2,7,-1,-1,-1,-1,-1
201301CW11289,1,5,0,12,0,1,0,0,0,0,3,1,1,1,-1,-1,-1,-1,-1,-1
201301CW11290,1,9,0,5,0,1,0,0,0,0,4,1,6,1,7,1560,2,5,3,1
201301CW11290,2,1,0,9,0,1,0,0,0,0,3,1,6,1,6,-1,-1,-1,3,1
201301CW11291,1,9,0,18,0,8,0,0,0,0,1,1,6,1,8,1590,1,12,1,1
201301CW11291,2,1,0,18,0,8,0,0,0,0,3,1,6,2,4,-1,-1,-1,3,1
201301CW11292,1,9,0,6,0,2,0,0,0,0,3,1,6,1,7,1998,2,5,6,1
201301CW11292,2,19,0,18,0,2,0,0,0,0,1,1,1,1,6,2143,2,2,1,1
201301CW11293,1,9,0,10,0,8,0,0,0,0,2,1,6,1,7,1796,1,9,1,1
201301CW11293,2,9,0,16,0,8,0,0,0,0,1,1,6,1,6,1596,1,8,8,1
201301CW11294,1,19,0,9,0,8,0,0,0,0,1,1,1,1,8,1968,2,3,10,1
201301CW11295,1,19,0,11,0,1,0,0,0,0,4,1,1,1,4,-1,-1,-1,-1,-1
201301CW11295,2,8,0,18,0,1,0,0,0,0,3,1,1,1,8,2499,2,3,2,1
201301CW11296,1,19,0,1,0,1,0,0,0,0,0,1,1,1,7,2461,2,6,5,1
201301CW11297,1,4,0,5,0,1,0,0,0,0,1,1,6,1,7,-1,-1,-1,9,1
201301CW11298,1,9,0,18,0,8,0,0,0,0,0,1,6,1,9,1392,1,19,10,1
201301CW11298,2,3,0,4,0,8,0,0,0,0,3,1,6,2,6,124,1,8,1,1
201301CW11299,1,11,0,7,0,8,0,0,0,0,0,1,1,1,8,6700,2,2,-1,-1
201301CW11300,1,9,0,18,0,0,0,0,0,0,1,1,6,1,5,1598,2,-1,1,1
201301CW11301,1,8,0,18,0,8,0,0,0,0,3,1,6,1,7,1998,1,9,2,1
201301CW11301,2,9,0,18,0,8,0,0,0,0,1,1,6,1,-1,1995,1,8,6,1
201301CW11302,1,1,0,2,0,8,0,0,0,0,1,1,1,1,6,-1,-1,-1,5,1
201301CW11302,2,9,0,11,0,8,0,4,0,0,1,1,6,1,-1,5998,1,7,-1,-1
201301CW11303,1,8,0,18,0,0,0,0,0,0,2,1,1,1,8,2499,2,6,6,1
201301CW11303,2,9,0,18,0,0,0,0,0,0,1,1,6,1,7,2793,1,14,7,1
201301CW11306,1,11,0,18,0,8,0,0,0,0,4,1,1,1,6,-1,-1,-1,3,1
201301CW11307,1,3,0,3,0,0,0,0,0,0,1,1,2,1,7,124,1,7,4,1
201301CW11307,2,19,0,1,0,0,0,0,0,0,2,1,6,3,-1,1868,2,9,-1,-1
201301CW11308,1,19,0,18,0,8,0,0,0,0,4,1,1,1,-1,-1,-1,-1,-1,-1
201301CW11309,1,9,0,18,0,0,0,0,0,0,0,1,6,1,10,4395,1,2,8,1
201301CW11310,1,9,0,3,0,8,0,0,0,0,2,1,6,2,4,1199,1,9,1,1
201301CW11310,2,9,0,18,0,8,0,0,0,0,1,1,6,1,-1,1497,8,4,-1,-1
201301CW11311,1,8,0,9,0,8,0,0,0,0,1,1,1,1,-1,-1,-1,-1,-1,-1
201301CW11312,1,1,0,12,2,8,0,0,0,0,2,1,2,1,6,-1,-1,-1,4,1
201301CW11312,2,5,0,18,2,8,0,0,0,0,1,1,2,1,5,599,1,4,3,1
201301CW11314,1,1,0,18,0,8,0,0,0,0,4,1,6,1,9,-1,-1,-1,4,1
201301CW11314,2,9,0,18,0,8,0,0,0,0,1,1,6,1,-1,2720,2,5,-1,-1
201301CW11315,1,9,0,1,0,0,0,0,0,0,2,1,6,1,-1,3628,2,4,3,1
201301CW11316,1,8,0,18,0,8,0,0,0,0,1,1,1,1,8,-1,-1,-1,-1,-1
201301CW11317,1,11,0,5,0,1,0,0,0,0,0,1,1,1,7,9000,2,4,-1,-1
201301CW11318,1,9,0,9,0,8,0,0,0,0,1,1,6,3,-1,-1,-1,-1,-1,-1
201301CW11319,1,9,0,7,0,1,0,0,0,0,4,1,2,1,8,2685,2,8,7,1
201301CW11319,2,3,0,18,0,1,0,0,0,0,3,1,2,1,5,125,1,2,4,1
201301CW11320,1,9,0,9,0,8,0,0,0,0,1,1,6,1,7,1997,2,1,1,1
201301CW11320,2,1,0,18,0,8,0,0,0,0,1,1,6,1,5,-1,-1,-1,4,1
201301CW11321,1,3,0,9,0,8,0,0,0,0,2,1,6,1,6,125,1,-1,-1,-1
201301CW11321,2,19,0,9,0,8,0,0,0,0,1,1,1,1,-1,2148,2,8,-1,-1
201301CW11322,1,9,0,9,0,8,0,0,0,0,1,1,6,1,7,1896,2,3,5,1
201301CW11322,2,3,0,18,0,1,0,0,0,0,3,1,2,1,5,124,1,1,2,1
201301CW11325,1,11,0,4,0,8,0,0,0,0,0,1,1,1,6,7300,2,9,3,1
201301CW11326,1,11,0,4,0,8,0,0,0,0,1,1,6,1,8,7300,2,9,1,1
201301CW11327,1,9,0,3,0,1,0,0,0,0,2,1,2,1,6,2143,2,3,4,1
201301CW11327,2,9,0,4,0,1,0,0,0,0,1,1,6,1,-1,2148,2,4,3,1
201301CW11328,1,3,0,7,0,8,0,0,0,0,4,1,6,1,4,124,1,3,4,1
201301CW11328,2,19,0,7,0,8,0,0,0,0,3,1,1,1,6,-1,-1,-1,4,1
201301CW11329,1,9,0,18,0,8,0,0,0,0,3,1,6,2,6,1598,2,2,4,1
201301CW11329,2,1,0,18,0,8,0,0,0,0,1,1,6,2,-1,-1,-1,-1,3,1
201301CW11330,1,8,0,18,0,1,0,0,0,0,1,1,6,3,-1,-1,-1,-1,-1,-1
201301CW11331,1,8,0,18,0,0,0,0,0,0,1,1,6,1,9,2148,2,11,4,1
201301CW11332,1,8,0,18,0,8,0,0,0,0,1,1,6,2,10,2664,2,12,7,1
201301CW11333,1,1,0,18,0,8,0,0,0,0,1,1,6,1,6,-1,-1,-1,-1,-1
201301CW11334,1,3,0,15,2,1,0,0,0,0,1,1,6,1,5,123,1,-1,9,1
201301CW11335,1,9,0,4,0,2,0,0,0,0,2,1,6,1,7,1986,2,8,1,1
201301CW11335,2,9,0,18,0,2,0,0,0,0,1,1,6,1,8,1998,1,11,2,1
201301CW11336,1,1,0,18,0,2,0,0,0,0,1,1,6,1,5,-1,-1,-1,-1,2
201301CW11337,1,9,0,9,0,8,0,0,0,0,4,1,6,1,6,1781,1,12,7,1
201301CW11337,2,3,0,18,0,8,0,0,0,0,1,1,6,1,7,107,1,-1,2,1
201301CW11338,1,3,0,4,0,1,0,0,0,0,2,1,6,1,5,125,1,4,3,1
201301CW11338,2,9,0,18,0,1,0,0,0,0,1,1,6,3,-1,1998,1,12,-1,-1
201301CW11339,1,1,0,18,0,8,0,0,0,0,4,1,6,2,8,-1,-1,-1,1,1
201301CW11339,2,9,0,18,0,8,0,0,0,0,1,1,6,1,-1,-1,-1,-1,-1,-1
201301CW11342,1,11,0,18,2,1,0,0,0,0,0,1,1,2,7,7300,2,11,5,1
201301CW11344,1,19,0,11,0,1,0,0,0,0,4,1,6,1,-1,-1,-1,-1,-1,-1
201301CW11344,2,5,0,15,0,1,0,0,0,0,3,1,6,1,5,670,1,1,3,1
201301CW11345,1,5,0,7,0,8,0,0,0,0,4,1,6,1,8,599,1,7,4,1
201301CW11348,1,3,0,18,0,8,0,0,0,0,1,1,6,1,6,124,1,12,4,1
201301CW11348,2,8,0,9,0,8,0,0,0,0,3,1,1,1,-1,2499,2,2,-1,-1
201301CW11349,1,5,0,9,0,8,0,0,0,0,1,1,6,1,6,1157,1,10,2,1
201301CW11350,1,19,0,9,0,8,0,0,0,0,0,1,6,1,7,2143,2,1,10,1
201301CW11351,1,9,0,17,0,8,0,0,0,0,1,1,6,1,7,1896,2,4,5,1
201301CW11352,1,9,0,9,0,8,0,0,0,0,4,1,6,2,-1,1997,1,12,8,1
201301CW11352,2,3,0,18,0,8,0,0,0,0,1,1,6,1,6,124,1,6,5,1
201301CW11353,1,19,0,7,0,8,0,0,0,0,3,1,6,1,7,2198,2,-1,6,1
201301CW11353,2,1,0,15,0,8,0,0,0,0,1,1,6,1,8,-1,-1,-1,3,1
201301CW11354,1,9,0,9,0,8,0,0,0,0,1,1,6,1,-1,2987,2,4,3,1
201301CW11354,2,9,0,18,0,8,0,0,0,0,1,1,6,1,7,2979,1,10,3,1
201301CW11356,1,11,0,9,0,8,0,0,0,0,0,1,1,1,6,4760,2,-1,5,1
201301CW11357,1,9,0,18,0,8,0,0,0,0,4,1,6,1,7,1984,1,12,9,1
201301CW11357,2,9,0,12,0,8,0,0,0,0,3,1,6,1,6,-1,-1,-1,10,1
201301CW11358,1,3,0,4,0,0,0,0,0,0,3,1,1,1,6,125,1,9,1,1
201301CW11358,2,9,0,1,0,0,0,0,0,0,2,1,6,1,7,2776,2,9,1,1
201301CW11359,1,8,0,18,0,8,0,0,0,0,1,1,1,1,8,1896,2,5,5,1
201301CW11359,2,8,0,9,0,8,0,0,0,0,4,1,1,1,8,1797,8,2,1,1
201301CW11361,1,19,0,3,0,0,0,0,0,0,4,1,1,1,-1,-1,-1,-1,-1,-1
201301CW11361,2,1,0,14,0,0,0,8,0,0,3,1,6,1,8,-1,-1,-1,8,1
201301CW11362,1,1,0,18,0,8,0,0,0,0,1,1,6,1,8,-1,-1,-1,7,1
201301CW11362,2,8,0,9,0,8,0,0,0,0,4,1,1,1,9,2198,2,-1,4,1
201301CW11363,1,9,0,17,0,8,0,0,0,0,3,1,6,1,6,1598,1,10,3,1
201301CW11363,2,1,0,18,0,8,0,0,0,0,1,1,6,1,6,-1,-1,-1,3,1
201301CW11364,1,9,0,18,0,8,0,10,3,2,1,1,6,1,9,1149,1,10,4,1
201301CW11365,1,11,0,5,0,8,0,0,0,0,0,1,1,1,9,7300,2,8,3,1
201301CW11366,1,19,0,7,0,8,0,0,0,0,4,1,1,1,7,2500,2,7,2,1
201301CW11366,2,1,0,18,0,8,0,0,0,0,1,1,6,2,6,-1,-1,-1,3,1
201301CW11367,1,90,0,4,0,8,0,0,0,0,1,1,1,1,7,-1,-1,-1,6,1
201301CW11367,2,9,0,4,0,8,0,0,0,0,2,1,6,1,7,1398,1,13,3,1
201301CW11368,1,9,0,9,0,8,0,0,0,0,1,1,6,3,-1,1587,1,11,-1,-1
201301CW11368,2,1,0,18,0,8,0,0,0,0,1,1,6,1,5,-1,-1,-1,2,1
201301CW11369,1,11,0,18,0,8,0,0,0,0,0,1,1,2,7,6696,2,-1,3,1
201301CW11370,1,8,0,18,0,8,0,0,0,0,3,1,6,1,7,-1,-1,-1,8,1
201301CW11371,1,9,0,18,0,8,0,0,0,0,0,1,6,1,10,1794,1,5,1,1
201301CW11372,1,9,0,17,0,8,0,0,0,0,1,1,6,1,5,998,1,11,7,1
201301CW11372,2,3,0,17,0,8,0,0,0,0,2,1,6,1,8,125,1,8,5,1
201301CW11372,3,8,0,17,0,8,0,0,0,0,2,1,6,1,8,2402,2,7,7,1
201301CW11374,1,9,0,12,0,0,0,0,0,0,4,1,6,1,9,1560,2,-1,8,1
201301CW11374,2,5,0,14,0,0,0,0,0,0,1,1,6,1,8,1237,1,3,5,1
201301CW11375,1,9,0,9,0,8,0,0,0,0,4,1,6,1,8,2254,1,13,2,1
201301CW11376,1,9,0,18,0,8,0,0,0,0,1,1,6,1,6,1368,1,1,6,1
201301CW11377,1,3,0,18,0,8,0,0,0,0,1,1,6,1,7,109,1,1,6,1
201301CW11377,2,9,0,7,0,8,0,0,0,0,4,1,6,1,-1,2967,2,6,-1,-1
201301CW11378,1,1,0,18,0,8,0,0,0,0,3,1,1,1,7,-1,-1,-1,5,1
201301CW11378,2,2,0,11,0,8,0,0,0,0,4,1,6,1,-1,49,1,3,-1,-1
201301CW11379,1,9,0,7,0,8,0,0,0,0,1,1,6,1,-1,1999,1,4,-1,-1
201301CW11380,1,11,0,4,0,8,0,0,0,0,4,1,6,1,7,4500,2,1,4,1
201301CW11381,1,1,0,18,0,8,0,0,0,0,1,1,2,1,8,-1,-1,-1,5,1
201301CW11381,2,9,0,9,0,8,0,0,0,0,1,1,6,2,7,2995,8,-1,8,1
201301CW11382,1,8,0,18,0,1,0,0,0,0,1,1,1,1,8,2664,2,13,9,1
201301CW11383,1,1,0,16,0,8,0,0,0,0,3,1,6,1,7,-1,-1,-1,4,1
201301CW11383,2,9,0,16,0,8,0,0,0,0,4,1,6,3,-1,1598,1,7,-1,-1
201301CW11384,1,19,0,1,0,0,0,0,0,0,2,1,6,1,7,2198,2,2,-1,-1
201301CW11385,1,9,0,11,0,8,0,0,0,0,4,1,6,1,10,1242,1,-1,7,1
201301CW11385,2,1,0,18,0,8,0,0,0,0,3,1,6,1,6,-1,-1,-1,1,1
201301CW11386,1,5,0,12,0,0,0,10,4,0,1,1,6,1,5,599,1,4,1,1
201301CW11386,2,8,0,18,0,0,0,0,0,0,3,1,1,1,7,2402,2,9,2,1
201301CW11388,1,1,0,18,0,8,0,0,0,0,1,1,6,1,6,-1,-1,-1,1,1
201301CW11388,2,9,0,7,0,8,0,0,0,0,4,1,6,1,-1,1200,1,-1,-1,-1
201301CW11390,1,9,0,18,0,8,0,0,0,0,1,1,6,3,-1,-1,-1,-1,-1,-1
201301CW11391,1,5,0,18,0,8,0,0,0,0,1,1,6,1,6,998,1,-1,1,1
201301CW11391,2,9,0,18,0,8,0,0,0,0,1,1,6,1,8,2362,1,8,2,1
201301CW11392,1,8,0,2,0,8,0,0,0,0,3,1,1,1,10,1248,2,8,5,1
201301CW11392,2,1,0,18,0,8,0,0,0,0,1,1,6,1,6,-1,-1,-1,3,1
201301CW11394,1,11,0,5,0,8,0,0,0,0,1,1,1,1,8,9360,2,3,2,1
201301CW11394,2,11,0,2,0,8,0,0,0,0,2,1,1,1,8,-1,-1,-1,2,1
201301CW11396,1,8,0,18,0,8,0,0,0,0,1,1,6,1,9,2402,2,7,10,1
201301CW11397,1,9,0,2,0,0,0,0,0,0,2,1,6,1,-1,1796,1,10,3,1
201301CW11397,2,1,0,18,0,0,0,4,0,0,4,1,6,1,6,-1,-1,-1,2,1
201301CW11397,3,1,0,18,0,0,0,0,0,0,1,1,6,1,5,-1,-1,-1,3,1
201301CW11398,1,9,0,7,0,8,0,10,3,10,1,1,6,1,6,5204,1,1,-1,-1
201301CW11399,1,1,0,15,0,8,0,0,0,0,1,1,6,1,-1,-1,-1,-1,-1,-1
201301CW11399,2,11,0,18,0,8,0,0,0,0,4,1,1,1,7,6692,2,4,3,1
201301CW11400,1,8,0,5,0,0,0,0,0,0,0,1,1,1,-1,2664,2,15,-1,-1
201301CW11402,1,1,0,9,0,8,0,0,0,0,2,1,6,2,6,-1,-1,-1,5,1
201301CW11402,2,9,0,9,0,8,0,0,0,0,1,1,6,3,-1,1995,2,10,-1,-1
201301CW11403,1,19,0,2,0,0,0,0,0,0,3,1,1,2,-1,2148,2,9,6,2
201301CW11403,2,1,0,18,0,0,0,8,0,0,1,1,6,1,7,-1,-1,-1,-1,-1
201301CW11404,1,1,0,17,0,8,0,0,0,0,1,1,6,1,6,-1,-1,-1,2,1
201301CW11404,2,19,0,7,0,8,0,0,0,0,4,1,6,1,-1,2143,2,3,-1,-1
201301CW11406,1,1,0,17,0,8,0,0,0,0,1,1,6,1,6,-1,-1,-1,4,1
201301CW11407,1,19,0,18,0,8,0,0,0,0,1,1,6,1,5,-1,-1,-1,9,3
201301CW11407,2,1,0,18,0,8,0,0,0,0,4,1,6,1,8,-1,-1,-1,2,1
201301CW11408,1,9,0,17,0,8,0,0,0,0,4,1,6,1,8,998,1,1,3,1
201301CW11408,2,9,0,7,0,8,0,0,0,0,1,1,6,3,-1,2204,2,5,-1,-1
201301CW11409,1,9,0,9,0,8,0,0,0,0,3,1,6,1,7,1560,2,2,1,1
201301CW11409,2,1,0,18,0,8,0,0,0,0,1,1,6,1,5,-1,-1,-1,5,1
201301CW11410,1,3,0,13,0,8,0,0,0,0,1,1,6,1,7,124,1,4,2,1
201301CW11411,1,2,0,9,0,8,0,0,0,0,3,1,6,1,7,49,1,1,5,1
201301CW11412,1,9,0,18,0,1,0,0,0,0,1,1,6,2,8,1781,1,13,2,1
201301CW11413,1,8,0,9,0,8,0,0,0,0,1,1,1,1,8,-1,-1,-1,2,1
201301CW11415,1,8,0,9,0,8,0,0,0,0,1,1,6,1,8,1598,1,4,2,1
201301CW11416,1,9,0,18,0,8,0,0,0,0,0,1,6,3,-1,-1,-1,-1,-1,-1
201301CW11417,1,11,0,4,0,1,0,0,0,0,0,1,1,1,6,-1,-1,-1,-1,-1
201301CW11419,1,3,0,18,0,8,0,0,0,0,1,1,6,1,6,125,1,9,-1,-1
201301CW11419,2,9,0,9,0,8,0,0,0,0,1,1,6,1,7,1388,1,5,5,3
201301CW11420,1,8,0,14,0,0,0,0,0,0,4,1,6,1,8,2143,2,-1,2,1
201301CW11421,1,8,0,12,0,8,0,0,0,0,3,1,1,1,8,2987,2,4,5,1
201301CW11421,2,2,0,18,0,8,0,0,0,0,4,1,6,2,8,49,1,1,1,1
201301CW11422,1,9,0,18,0,8,0,0,0,0,1,1,6,1,6,2987,2,-1,3,1
201301CW11423,1,9,0,9,0,8,0,0,0,0,3,1,6,1,10,-1,-1,-1,3,1
201301CW11423,2,3,0,18,0,8,0,0,0,0,1,1,6,1,5,125,1,6,2,1
201301CW11424,1,9,0,7,0,8,0,0,0,0,4,1,6,1,6,1799,1,17,8,1
201301CW11424,2,11,0,7,0,8,0,0,0,0,3,1,1,1,-1,4801,2,6,-1,-1
201301CW11425,1,9,0,1,0,8,0,0,0,0,3,1,6,1,7,1968,2,9,-1,-1
201301CW11426,1,9,0,17,0,8,0,0,0,0,4,1,6,1,8,2488,2,5,2,1
201301CW11426,2,9,0,9,0,8,0,0,0,0,1,1,6,1,5,1198,1,7,6,1
201301CW11427,1,11,0,18,0,8,0,0,0,0,1,1,6,1,8,7300,2,9,2,1
201301CW11427,2,1,0,12,0,8,0,0,0,0,2,1,6,2,6,-1,-1,-1,5,1
201301CW11428,1,8,0,6,0,8,0,0,0,0,3,1,1,1,6,1997,2,4,4,1
201301CW11428,2,1,0,18,0,8,0,0,0,0,1,1,6,1,6,-1,-1,-1,5,1
201301CW11429,1,11,0,4,0,8,0,0,0,0,0,1,6,1,6,4760,2,-1,7,1
201301CW11430,1,9,0,9,0,8,0,0,0,0,1,1,6,1,11,1834,1,12,5,1
201301CW11431,1,1,0,7,0,8,0,0,0,0,1,1,6,2,8,-1,-1,-1,7,1
201301CW11432,1,11,0,2,0,8,0,0,0,0,0,1,1,1,6,6700,2,2,9,1
201301CW11433,1,9,0,17,0,8,0,0,0,0,1,1,1,1,7,-1,-1,-1,7,1
201301CW11434,1,9,0,18,0,8,0,0,0,0,3,1,6,1,6,2497,1,6,7,1
201301CW11434,2,9,0,18,0,8,0,0,0,0,1,1,6,2,4,1598,2,-1,-1,-1
201301CW11435,1,8,0,7,0,8,0,0,0,0,4,1,6,1,6,-1,-1,-1,-1,-1
201301CW11435,2,3,0,18,0,8,0,0,0,0,1,1,6,1,-1,125,1,3,1,1
201301CW11437,1,19,0,6,0,0,0,0,0,0,0,1,1,1,6,2402,2,2,2,1
201301CW11437,2,2,0,18,0,0,0,10,1,2,1,1,6,1,5,48,1,7,6,1
201301CW11438,1,9,0,18,0,8,0,0,0,0,1,1,6,2,-1,-1,-1,-1,-1,-1
201301CW11439,1,1,0,14,0,1,0,0,0,0,1,1,6,1,-1,-1,-1,-1,-1,-1
201301CW11440,1,9,0,18,0,8,0,0,0,0,1,1,6,3,-1,-1,-1,-1,-1,-1
201301CW11442,1,1,0,18,4,8,0,0,0,0,1,1,6,1,6,-1,-1,-1,7,1
201301CW11442,2,9,0,7,0,8,0,0,0,0,4,1,6,1,-1,2993,2,7,6,1
201301CW11443,1,2,0,18,0,8,0,0,0,0,1,1,1,1,-1,49,1,7,5,1
201301CW11443,2,8,0,18,0,8,0,0,0,0,1,1,6,1,7,2499,2,2,1,1
201301CW11444,1,9,0,18,0,8,0,0,0,0,1,1,2,2,8,1956,2,-1,6,2
201301CW11444,2,8,0,18,0,8,0,0,0,0,1,1,1,1,8,1896,2,8,6,1
201301CW11446,1,19,0,18,0,8,0,0,0,0,1,1,1,1,8,2402,2,5,3,1
201301CW11447,1,8,0,9,0,8,0,0,0,0,1,1,1,1,7,2143,2,1,3,1
201301CW11448,1,3,0,3,0,8,0,0,0,0,3,1,6,1,5,124,1,4,-1,-1
201301CW11448,2,9,0,7,0,8,0,0,0,0,4,1,6,1,8,2993,2,3,5,1
201301CW11449,1,3,0,17,0,8,0,0,0,0,3,1,6,1,7,125,1,3,3,1
201301CW11449,2,9,0,16,0,8,0,0,0,0,3,1,6,2,-1,2987,2,6,-1,-1
201301CW11450,1,9,0,12,0,8,0,0,0,0,3,1,6,1,9,1390,1,10,4,1
201301CW11450,2,3,0,14,0,8,0,0,0,0,1,1,6,1,6,-1,-1,-1,1,1
201301CW11451,1,8,0,9,0,1,0,0,0,0,1,1,1,3,-1,1997,2,1,6,1
201301CW11451,2,9,0,10,0,8,0,0,0,0,2,1,1,1,6,1796,1,5,2,1
201301CW11452,1,9,0,3,0,8,0,0,0,0,2,1,6,1,4,1560,2,5,4,1
201301CW11452,2,9,0,18,0,8,0,0,0,0,1,1,6,1,5,1598,2,-1,3,1
201301CW11453,1,1,0,18,0,1,0,0,0,0,4,1,6,1,6,-1,-1,-1,6,1
201301CW11454,1,9,0,17,0,8,0,0,0,0,3,1,6,1,6,1968,2,7,-1,-1
201301CW11454,2,4,0,17,0,8,0,0,0,0,4,1,6,2,7,279,1,2,-1,-1
201301CW11455,1,1,0,18,0,0,0,0,0,0,1,1,6,1,6,-1,-1,-1,2,1
201301CW11456,1,8,0,18,0,1,0,0,0,0,0,1,1,1,7,2499,2,6,6,1
201301CW11457,1,8,0,18,0,8,0,0,0,0,1,1,1,3,-1,-1,-1,-1,-1,-1
201301CW11458,1,8,0,14,0,0,0,0,0,0,1,1,1,1,10,1997,2,-1,6,1
201301CW11459,1,8,0,7,0,8,0,0,0,0,1,1,6,1,9,-1,-1,-1,3,1
201301CW11460,1,9,0,18,0,8,0,0,0,0,1,1,6,1,5,1390,1,-1,2,1
201301CW11460,2,3,0,18,0,8,0,0,0,0,3,1,6,1,6,125,1,6,5,1
201301CW11461,1,9,0,5,0,8,0,0,0,0,4,1,6,1,6,1399,2,9,6,1
201301CW11461,2,8,0,1,0,8,0,0,0,0,2,1,1,1,-1,2402,2,8,-1,-1
201301CW11462,1,9,0,7,0,8,0,0,0,0,4,1,6,1,7,5998,1,6,-1,2
201301CW11462,2,1,0,18,0,8,0,0,0,0,3,1,6,1,5,-1,-1,-1,-1,-1
201301CW11463,1,3,0,18,0,8,0,0,0,0,1,1,6,1,6,125,1,3,4,1
201301CW11463,2,9,0,9,0,8,0,0,0,0,4,1,6,2,4,1598,1,12,-1,-1
201301CW11464,1,9,0,9,0,8,0,0,0,0,3,1,6,1,6,1390,1,12,2,1
201301CW11464,2,3,0,18,0,8,0,0,0,0,1,1,1,1,4,108,1,2,1,1
201301CW11465,1,19,0,2,0,8,0,0,0,0,1,1,6,1,7,1598,1,6,2,1
201301CW11465,2,9,0,1,0,8,0,0,0,0,2,1,6,1,-1,1995,1,4,-1,-1
201301CW11467,1,3,0,14,0,8,0,0,0,0,1,1,6,1,6,124,1,9,2,1
201301CW11467,2,9,0,9,0,8,0,0,0,0,4,1,6,3,-1,1598,1,-1,-1,-1
201301CW11470,1,9,0,8,0,8,0,0,0,0,2,1,6,1,7,1984,1,10,1,1
201301CW11470,2,19,0,7,0,8,0,0,0,0,1,1,1,1,6,1998,2,9,2,1
201301CW11472,1,1,0,4,0,1,0,0,0,0,2,1,6,1,5,-1,-1,-1,4,1
201301CW11472,2,9,0,18,0,1,0,0,0,0,1,1,6,1,7,-1,-1,-1,7,1
201301CW11473,1,9,0,9,0,8,0,0,0,0,2,1,6,2,7,-1,-1,-1,1,1
201301CW11473,2,9,0,9,0,8,0,0,0,0,1,1,6,1,-1,3605,1,1,-1,-1
201301CW11474,1,1,0,9,0,8,0,0,0,0,1,1,6,1,5,-1,-1,-1,1,1
201301CW11475,1,9,0,7,0,8,0,0,0,0,4,1,6,1,7,1686,2,2,3,1
201301CW11475,2,8,0,16,0,8,0,0,0,0,1,1,1,1,7,2143,2,1,6,1
201301CW11478,1,1,0,13,0,1,0,0,0,0,1,1,6,1,5,-1,-1,-1,2,1
201301CW11478,2,19,0,6,0,1,0,0,0,0,3,1,6,1,-1,-1,-1,-1,-1,-1
201301CW11479,1,1,0,13,0,0,0,0,0,0,1,1,6,1,6,-1,-1,-1,4,1
201301CW11479,2,19,0,18,0,0,0,0,0,0,3,1,1,1,6,1461,2,8,6,1
201301CW11480,1,8,0,2,0,0,0,0,0,0,3,1,1,1,8,2143,2,3,2,1
201301CW11480,2,1,0,14,0,0,0,8,0,0,1,1,6,2,6,-1,-1,-1,2,1
201301CW11481,1,11,0,17,0,8,0,0,0,0,0,1,1,1,6,9360,2,2,2,1
201301CW11482,1,8,0,12,0,8,0,0,0,0,3,1,6,1,7,2143,2,1,6,1
201301CW11482,2,1,0,18,0,8,0,0,0,0,1,1,6,2,8,-1,-1,-1,5,1
201301CW11484,1,8,0,11,0,8,0,0,0,0,1,1,1,1,9,2499,2,1,5,1
201301CW11484,2,1,0,15,0,8,0,0,0,0,1,1,6,1,5,-1,-1,-1,1,1
201301CW11485,1,9,0,9,0,8,0,0,0,0,3,1,6,1,6,2477,2,9,8,3
201301CW11485,2,5,0,9,0,8,0,0,0,0,1,1,6,1,9,600,1,1,2,1
201301CW11486,1,3,0,18,0,1,0,0,0,0,1,1,6,1,-1,125,1,7,2,1
201301CW11486,2,9,0,6,0,8,0,0,0,0,3,1,6,1,5,1984,1,6,9,1
201301CW11487,1,1,0,18,0,8,0,0,0,0,1,1,6,1,-1,-1,-1,-1,-1,-1
201301CW11487,2,9,0,9,0,8,0,0,0,0,3,1,6,1,-1,3996,1,15,8,2
201301CW11488,1,8,0,18,0,0,0,0,0,0,1,1,1,1,7,2499,2,4,8,1