Accident_Index,Vehicle_Reference,Vehicle_Type,Towing_and_Articulation,Vehicle_Manoeuvre,Vehicle_Location-Restricted_Lane,Junction_Location,Skidding_and_Overturning,Hit_Object_in_Carriageway,Vehicle_Leaving_Carriageway,Hit_Object_off_Carriageway,1st_Point_of_Impact,Was_Vehicle_Left_Hand_Drive?,Journey_Purpose_of_Driver,Sex_of_Driver,Age_Band_of_Driver,Engine_Capacity_(CC),Propulsion_Code,Age_of_Vehicle,Driver_IMD_Decile,Driver_Home_Area_Type
201301CW11489,1,11,0,4,0,8,0,0,0,0,0,1,6,1,8,7300,2,9,3,1
201301CW11490,1,9,0,9,0,8,0,0,0,0,1,1,6,2,7,999,1,3,6,1
201301CW11490,2,3,0,18,0,8,0,0,0,0,3,1,6,1,5,124,1,1,5,1
201301CW11491,1,5,0,18,0,8,0,0,0,0,1,1,6,1,7,-1,-1,-1,6,1
201301CW11493,1,19,0,17,0,8,0,0,0,0,2,1,1,1,6,2494,2,2,4,1
201301CW11493,2,11,0,17,0,8,0,0,0,0,1,1,1,1,8,4500,2,4,3,1
201301CW11494,1,3,0,18,0,0,0,0,0,0,3,1,6,2,11,124,1,14,4,1
201301CW11497,1,1,0,9,0,8,0,0,0,0,1,1,2,1,6,-1,-1,-1,2,1
201301CW11497,2,1,0,18,0,8,0,0,0,0,1,1,6,1,6,-1,-1,-1,6,1
201301CW11498,1,19,0,17,0,8,0,0,0,0,1,1,1,1,6,1870,2,10,2,1
201301CW11498,2,2,0,17,0,8,0,0,0,0,1,1,6,1,6,49,1,8,1,1
201301CW11499,1,9,0,6,0,8,0,0,0,0,4,1,6,1,7,1896,2,10,1,1
201301CW11499,2,3,0,18,0,8,0,0,0,0,1,1,6,1,6,108,1,-1,3,1
201301CW11500,1,9,0,9,0,8,0,0,0,0,1,1,6,1,7,3189,1,8,5,2
201301CW11500,2,8,0,18,0,8,0,0,0,0,1,1,1,1,7,1997,2,4,7,1
201301CW11502,1,9,0,3,0,8,0,0,0,0,3,1,6,1,7,1328,1,5,8,1
201301CW11502,2,9,0,18,0,8,0,0,0,0,3,1,6,1,-1,-1,-1,-1,-1,-1
201301CW11503,1,5,0,18,0,8,0,0,0,0,1,1,6,1,8,-1,-1,-1,9,1
201301CW11503,2,8,0,11,0,8,0,0,0,0,4,1,1,1,7,2499,2,6,7,1
201301CW11504,1,11,0,3,0,0,0,0,0,0,2,1,1,1,6,-1,-1,-1,6,1
201301CW11504,2,9,0,18,0,0,0,0,0,0,1,1,6,1,10,1796,1,10,7,1
201301CW11505,1,9,0,6,0,8,0,0,0,0,3,1,6,1,7,2987,2,1,8,1
201301CW11505,2,3,0,18,0,8,0,0,0,0,1,1,6,1,6,125,1,-1,2,1
201301CW11506,1,8,0,3,0,8,0,0,0,0,4,1,1,1,8,2499,2,6,8,1
201301CW11506,2,1,0,15,0,8,0,0,0,0,1,1,6,1,5,-1,-1,-1,3,1
201301CW11507,1,9,0,18,0,1,0,0,0,0,1,1,6,1,8,5000,1,1,9,3
201301CW11507,2,9,0,3,0,1,0,0,0,0,2,1,6,2,7,1497,8,8,5,1
201301CW11507,3,9,0,3,0,8,0,0,0,0,2,1,6,2,5,1796,1,12,3,1
201301CW11508,1,1,0,17,0,8,0,0,0,0,3,1,6,1,6,-1,-1,-1,4,1
201301CW11508,2,9,0,17,0,8,0,0,0,0,4,1,6,1,5,1999,1,7,2,1
201301CW11509,1,9,0,5,0,8,0,0,0,0,2,1,6,2,6,-1,-1,-1,3,1
201301CW11509,2,9,0,5,0,8,0,0,0,0,1,1,6,1,5,1596,1,-1,2,1
201301CW11510,1,5,0,17,0,0,0,0,0,0,4,1,6,1,6,-1,-1,-1,6,1
201301CW11510,2,8,0,11,0,0,0,0,0,0,0,1,1,1,7,1997,2,3,-1,-1
201301CW11511,1,8,0,18,0,0,0,10,4,2,1,1,1,1,7,1997,2,2,3,1
201301CW11512,1,9,0,18,0,8,0,0,0,0,1,1,6,1,8,1598,2,1,7,1
201301CW11513,1,5,0,18,0,1,0,0,0,0,1,1,6,1,6,599,1,14,5,1
201301CW11513,2,9,0,6,0,8,0,0,0,0,3,1,6,1,5,1199,1,11,3,1
201301CW11514,1,3,0,18,0,1,0,0,0,0,1,1,6,1,6,125,1,5,2,1
201301CW11514,2,9,0,6,0,8,0,0,0,0,3,1,6,1,-1,-1,-1,-1,-1,-1
201301CW11515,1,9,0,18,0,0,5,10,1,4,1,1,6,1,9,1299,1,8,5,1
201301CW11516,1,1,0,18,0,8,0,0,0,0,1,1,6,1,5,-1,-1,-1,2,1
201301CW11516,2,19,0,7,0,8,0,0,0,0,2,1,1,1,8,2148,2,8,7,3
201301CW11517,1,11,0,9,0,8,0,0,0,0,4,1,1,1,8,-1,-1,-1,4,1
201301CW11517,2,3,0,7,0,8,0,0,0,0,3,1,6,1,7,124,1,1,5,1
201301CW11519,1,11,0,4,0,8,0,0,0,0,0,1,1,1,8,-1,-1,-1,5,1
201301CW11520,1,1,0,18,0,8,0,0,0,0,1,1,6,1,6,-1,-1,-1,3,1
201301CW11520,2,1,0,18,0,8,0,0,0,0,1,1,6,1,-1,-1,-1,-1,-1,-1
201301CW11521,1,1,0,18,0,8,0,0,0,0,1,1,6,1,6,-1,-1,-1,-1,-1
201301CW11521,2,9,0,9,0,8,0,0,0,0,4,1,6,1,7,1968,2,2,6,1
201301CW11522,1,4,0,14,0,8,0,0,0,0,1,1,6,1,7,278,1,3,2,1
201301CW11522,2,9,0,9,0,8,0,0,0,0,1,1,6,2,7,2993,2,3,8,1
201301CW11524,1,9,0,18,0,0,0,0,0,0,2,1,6,1,-1,2148,2,5,-1,-1
201301CW11525,1,9,0,5,0,1,0,0,0,0,4,1,6,1,-1,1997,2,10,-1,-1
201301CW11526,1,1,0,17,0,0,0,0,0,0,3,1,6,1,5,-1,-1,-1,10,1
201301CW11526,2,9,0,17,0,0,0,0,0,0,4,1,6,1,6,2148,2,10,10,1
201301CW11527,1,9,0,4,0,8,0,0,0,0,2,1,6,2,6,1896,2,11,7,1
201301CW11527,2,9,0,18,0,8,0,0,0,0,1,1,6,2,5,1329,1,-1,2,1
201301CW11528,1,3,0,3,0,8,0,0,0,0,2,1,6,1,5,124,1,12,4,1
201301CW11528,2,19,0,18,0,1,0,0,0,0,1,1,1,1,6,-1,-1,-1,2,1
201301CW11529,1,8,0,9,0,8,0,0,0,0,1,1,6,1,10,2664,2,15,10,1
201301CW11529,2,1,0,17,0,8,0,0,0,0,1,1,6,1,7,-1,-1,-1,2,1
201301CW11530,1,11,0,17,0,8,0,0,0,0,0,1,1,1,8,-1,-1,-1,-1,-1
201301CW11530,2,9,0,7,0,8,0,0,0,0,0,1,6,1,-1,-1,-1,-1,-1,-1
201301CW11531,1,9,0,9,0,8,0,0,0,0,4,1,6,1,6,1596,1,8,3,1
201301CW11531,2,3,0,18,0,8,0,0,0,0,1,1,6,1,6,124,1,1,2,1
201301CW11532,1,9,0,18,0,8,0,0,0,0,1,1,6,1,7,1798,1,6,2,1
201301CW11532,2,9,0,7,0,8,0,0,0,0,4,1,6,1,7,799,2,2,5,1
201301CW11534,1,5,0,18,0,8,0,0,0,0,1,1,2,1,6,645,1,3,6,1
201301CW11534,2,9,0,9,0,8,0,0,0,0,4,1,2,1,8,1995,1,4,7,1
201301CW11535,1,11,0,18,0,1,0,0,0,0,1,1,1,1,6,6692,2,4,-1,-1
201301CW11535,2,9,0,18,0,1,0,0,0,0,2,1,6,2,7,1590,1,12,8,1
201301CW11536,1,5,0,18,0,8,0,0,0,0,3,1,6,1,7,885,1,9,6,1
201301CW11537,1,1,0,18,0,8,0,0,0,0,1,1,6,1,7,-1,-1,-1,8,1
201301CW11538,1,3,0,18,0,0,0,0,0,0,1,1,6,1,5,125,1,1,1,1
201301CW11540,1,8,0,18,0,8,0,0,0,0,1,1,6,1,7,-1,-1,-1,3,1
201301CW11540,2,9,0,9,0,8,0,0,0,0,3,1,1,1,8,1910,2,5,6,1
201301CW11541,1,9,0,18,0,1,0,0,0,0,0,1,6,3,-1,-1,-1,-1,-1,-1
201301CW11541,2,2,0,18,0,1,0,0,0,0,3,1,6,1,4,125,1,7,2,1
201301CW11542,1,11,0,18,0,1,0,0,0,0,1,1,1,1,8,-1,-1,-1,-1,-1
201301CW11543,1,3,0,18,0,8,0,0,0,0,1,1,6,1,5,-1,-1,-1,2,1
201301CW11543,2,9,0,9,0,8,0,0,0,0,3,1,6,3,-1,-1,-1,-1,-1,-1
201301CW11545,1,9,0,18,0,1,0,0,0,0,4,1,6,1,7,1910,2,6,3,1
201301CW11545,2,1,0,12,0,1,0,0,0,0,3,1,6,1,-1,-1,-1,-1,3,1
201301CW11548,1,5,0,18,0,8,0,0,0,0,4,1,1,1,-1,-1,-1,-1,-1,-1
201301CW11548,2,9,0,11,0,8,0,0,0,0,3,1,6,1,8,1968,2,6,2,1
201301CW11549,1,8,0,2,0,0,0,0,0,0,1,1,1,1,10,-1,-1,-1,2,1
201301CW11549,2,1,0,18,0,0,0,0,0,0,1,1,6,1,7,-1,-1,-1,3,1
201301CW11550,1,5,0,18,0,0,0,0,0,0,1,1,6,1,7,599,1,3,10,1
201301CW11550,2,16,0,18,0,0,0,0,0,0,2,1,1,1,-1,-1,-1,-1,-1,-1
201301CW11551,1,1,0,18,0,8,0,0,0,0,1,1,6,1,6,-1,-1,-1,8,1
201301CW11551,2,9,0,9,0,8,0,0,0,0,4,1,6,1,-1,1400,1,13,-1,-1
201301CW11552,1,9,0,7,0,2,0,0,0,0,4,1,1,1,7,2993,2,-1,5,1
201301CW11553,1,8,0,7,0,2,0,0,0,0,1,1,1,1,8,2402,2,10,3,1
201301CW11554,1,8,0,3,0,0,0,0,0,0,4,1,1,1,-1,-1,-1,-1,6,1
201301CW11554,2,1,0,14,0,0,0,8,0,0,1,1,6,2,7,-1,-1,-1,4,1
201301CW11555,1,9,0,11,0,8,0,0,0,0,4,1,6,1,10,1968,2,3,10,1
201301CW11555,2,8,0,14,0,8,0,0,0,0,3,1,1,1,6,1997,2,1,2,1
201301CW11556,1,11,0,18,0,8,0,0,0,0,1,1,1,3,-1,-1,-1,-1,-1,-1
201301CW11557,1,21,0,7,0,8,0,0,0,0,1,1,1,1,8,10837,2,2,1,1
201301CW11557,2,1,0,5,0,8,0,0,0,0,2,1,6,1,8,-1,-1,-1,-1,-1
201301CW11559,1,19,0,5,0,1,0,0,0,0,1,1,6,1,8,2500,2,6,1,1
201301CW11559,2,1,0,3,0,1,0,0,0,0,2,1,6,2,6,-1,-1,-1,8,1
201301CW11560,1,9,0,3,0,1,0,0,0,0,2,1,6,1,8,-1,-1,-1,1,1
201301CW11560,2,9,0,18,0,1,0,0,0,0,1,1,1,1,8,2720,2,7,10,1
201301CW11561,1,1,0,18,0,8,0,0,0,0,1,1,6,1,-1,-1,-1,-1,-1,-1
201301CW11562,1,5,0,16,0,0,0,10,0,0,4,1,6,1,6,645,1,4,8,1
201301CW11563,1,11,0,3,0,1,0,0,0,0,4,1,1,3,-1,6696,2,-1,-1,-1
201301CW11564,1,8,0,5,0,1,0,0,0,0,4,1,1,3,-1,-1,-1,-1,-1,-1
201301CW11565,1,8,0,7,0,2,0,0,0,0,3,1,1,1,8,2664,2,13,4,1
201301CW11565,2,1,0,18,0,1,0,0,0,0,4,1,6,1,6,-1,-1,-1,-1,-1
201301CW11566,1,1,0,18,0,8,0,0,0,0,1,1,6,3,-1,-1,-1,-1,-1,-1
201301CW11567,1,21,1,18,0,8,0,0,0,0,1,2,6,1,6,-1,-1,-1,8,3
201301CW11567,2,9,0,11,0,8,0,0,0,0,4,1,6,1,6,1995,2,2,3,1
201301CW11568,1,19,0,9,0,8,0,0,0,0,4,1,1,1,5,-1,-1,-1,4,1
201301CW11568,2,5,0,18,0,8,0,0,0,0,1,1,6,1,7,675,1,4,5,1
201301CW11570,1,3,0,18,0,8,0,0,0,0,1,1,6,3,-1,-1,-1,-1,-1,-1
201301CW11572,1,9,0,18,0,8,0,0,0,0,4,1,6,1,7,1596,1,15,-1,-1
201301CW11572,2,9,0,18,0,8,0,0,0,0,1,1,1,1,7,1598,1,5,5,1
201301CW11573,1,8,0,12,0,0,0,0,0,0,2,1,1,1,8,-1,-1,-1,4,1
201301CW11573,2,4,0,13,0,0,0,0,0,0,1,1,6,1,8,499,1,11,9,1
201301CW11574,1,9,0,18,0,1,0,0,0,0,1,1,6,1,11,1990,1,16,4,1
201301CW11575,1,4,0,18,0,2,0,0,0,0,1,1,6,1,6,-1,-1,-1,1,1
201301CW11576,1,8,0,18,0,8,0,0,0,0,1,1,1,1,6,1598,1,5,8,1
201301CW11576,2,9,0,17,0,8,0,0,0,0,4,1,6,2,5,1198,1,7,6,1
201301CW11577,1,11,0,9,0,2,0,0,0,0,0,1,1,1,6,7300,2,10,3,1
201301CW11578,1,2,0,18,0,1,0,0,0,0,1,1,6,1,4,-1,-1,-1,1,1
201301CW11578,2,9,0,7,0,1,0,0,0,0,4,1,6,1,9,1995,2,-1,4,1
201301CW11579,1,8,0,7,0,8,0,0,0,0,0,1,1,1,-1,-1,-1,-1,-1,-1
201301CW11580,1,1,0,18,0,1,0,0,0,0,1,1,6,1,7,-1,-1,-1,3,1
201301CW11581,1,9,0,12,0,8,0,0,0,0,1,1,6,1,6,1248,2,-1,4,1
201301CW11581,2,1,0,12,0,8,0,0,0,0,2,1,6,2,8,-1,-1,-1,2,1
201301CW11582,1,1,0,18,0,1,0,0,0,0,1,1,6,1,9,-1,-1,-1,5,1
201301CW11583,1,3,0,18,0,2,0,0,0,0,1,1,6,1,-1,49,1,11,-1,-1
201301CW11584,1,4,0,18,0,1,0,0,0,0,1,1,6,1,9,-1,-1,-1,-1,-1
201301CW11584,2,9,0,6,0,2,0,0,0,0,4,1,1,1,10,2148,2,5,1,1
201301CW11586,1,3,0,18,0,2,0,0,0,0,3,1,6,1,7,125,1,12,2,1
201301CW11586,2,9,0,6,0,1,0,0,0,0,0,1,6,2,8,1781,1,15,1,1
201301CW11587,1,9,0,5,0,1,0,0,0,0,1,1,6,1,6,1598,1,3,3,1
201301CW11588,1,8,0,2,0,0,0,0,0,0,2,1,1,2,9,2499,2,2,10,1
201301CW11588,2,1,0,15,0,0,0,4,0,0,1,1,6,1,-1,-1,-1,-1,3,1
201301CW11589,1,9,0,7,0,1,0,0,0,0,4,1,6,2,4,1997,1,11,2,1
201301CW11589,2,3,0,15,2,1,0,0,0,0,1,1,6,1,6,125,1,4,1,1
201301CW11590,1,1,0,18,0,1,0,0,0,0,1,1,6,1,7,-1,-1,-1,5,1
201301CW11591,1,9,0,18,0,8,0,0,0,0,1,1,6,1,8,2148,2,11,2,1
201301CW11593,1,4,0,18,0,0,0,0,0,0,1,1,1,1,6,125,1,4,4,1
201301CW11594,1,21,0,7,0,5,0,0,0,0,4,1,1,1,6,6692,2,2,3,1
201301CW11594,2,1,0,15,0,1,0,0,0,0,1,1,6,1,6,-1,-1,-1,10,1
201301CW11595,1,1,0,7,0,2,0,0,0,0,4,1,6,1,7,-1,-1,-1,-1,-1
201301CW11595,2,21,0,2,0,2,0,0,0,0,2,1,1,1,6,12900,2,6,4,1
201301CW11596,1,8,0,18,0,0,0,0,0,0,4,1,6,3,-1,-1,-1,-1,-1,-1
201301CW11597,1,1,0,18,0,0,0,0,0,0,2,1,6,1,5,-1,-1,-1,1,1
201301CW11597,2,9,0,18,0,0,0,0,0,0,1,1,6,3,-1,-1,-1,-1,-1,-1
201301CW11599,1,9,0,1,0,1,0,0,0,0,2,1,1,1,9,-1,-1,-1,10,1
201301CW11600,1,8,0,6,0,2,0,0,0,0,2,1,1,1,7,1997,2,4,3,1
201301CW11600,2,11,0,18,0,1,0,0,0,0,1,1,1,1,6,4500,2,3,2,1
201301CW11601,1,1,0,18,0,0,0,0,0,0,4,1,6,1,5,-1,-1,-1,-1,-1
201301CW11601,2,8,0,18,0,0,0,0,0,0,3,1,6,3,-1,-1,-1,-1,-1,-1
201301CW11603,1,2,0,5,0,0,0,0,0,0,4,1,6,1,7,-1,-1,-1,3,1
201301CW11603,2,9,0,14,0,0,0,0,0,0,3,1,1,1,8,2993,2,-1,6,1
201301CW11604,1,9,0,7,0,2,0,0,0,0,4,1,1,1,8,2993,2,-1,-1,-1
201301CW11606,1,9,0,18,0,8,0,0,0,0,1,1,1,2,6,1587,1,10,3,1
201301CW11606,2,1,0,9,0,8,0,0,0,0,4,1,1,1,6,-1,-1,-1,4,1
201301CW11607,1,9,0,18,0,2,5,4,0,0,4,1,6,1,6,1598,1,1,1,1
201301CW11607,2,9,0,2,0,2,0,0,0,0,3,1,6,3,-1,-1,-1,-1,-1,-1
201301CW11608,1,9,0,18,0,1,0,0,0,0,4,1,1,1,7,1997,2,1,5,1
201301CW11608,2,9,0,6,0,1,0,0,0,0,3,1,6,3,-1,-1,-1,-1,-1,-1
201301CW11609,1,19,0,18,0,0,0,0,0,0,1,1,6,1,6,2198,2,6,2,1
201301CW11609,2,9,0,3,0,0,0,0,0,0,2,1,6,1,7,1461,2,5,-1,-1
201301CW11610,1,1,0,18,0,8,0,0,0,0,1,1,6,1,-1,-1,-1,-1,-1,-1
201301CW11612,1,9,0,18,0,8,0,0,0,0,1,1,6,3,-1,-1,-1,-1,-1,-1
201301CW11613,1,9,0,9,0,8,0,0,0,0,2,1,6,1,7,-1,-1,-1,-1,-1
201301CW11613,2,4,0,18,0,8,0,0,0,0,1,1,6,3,-1,955,1,15,-1,-1
201301CW11614,1,9,0,11,0,2,0,0,0,0,2,1,1,1,8,1797,8,2,2,1
201301CW11614,2,11,0,18,0,2,0,0,0,0,1,1,1,1,7,-1,-1,-1,5,1
201301CW11615,1,11,0,18,0,2,0,0,0,0,4,1,1,1,7,6700,2,1,3,1
201301CW11616,1,11,0,18,0,2,0,0,0,0,4,1,1,1,8,4500,2,1,1,1
201301CW11617,1,9,0,4,0,8,0,0,0,0,2,1,6,1,7,1797,8,4,4,1
201301CW11617,2,9,0,18,0,1,0,0,0,0,1,1,6,1,-1,1332,1,16,1,1
201301CW11618,1,9,0,5,0,1,0,0,0,0,4,1,6,3,-1,-1,-1,-1,-1,-1
201301CW11621,1,9,0,4,0,8,0,0,0,0,2,1,6,1,6,1796,1,11,3,1
201301CW11621,2,9,0,18,0,8,0,0,0,0,1,1,6,1,8,3199,1,17,8,1
201301CW11622,1,1,0,15,0,1,0,0,0,0,1,1,6,1,5,-1,-1,-1,2,1
201301CW11622,2,9,0,9,0,1,0,0,0,0,4,1,6,1,10,1896,2,6,10,1
201301CW11623,1,21,0,7,0,2,0,0,0,0,1,1,6,3,-1,-1,-1,-1,-1,-1
201301CW11625,1,3,0,18,0,8,0,0,0,0,1,1,6,1,6,123,1,6,5,1
201301CW11625,2,9,0,9,0,8,0,0,0,0,1,1,6,1,-1,1896,2,11,3,1
201301CW11626,1,3,0,18,0,1,0,0,0,0,1,1,2,1,6,124,1,10,7,1
201301CW11626,2,1,0,9,0,1,0,0,0,0,4,1,2,2,6,-1,-1,-1,8,1
201301CW11627,1,11,0,18,0,2,0,0,0,0,3,1,1,3,-1,-1,-1,-1,-1,-1
201301CW11631,1,9,0,18,0,1,0,0,0,0,1,1,6,3,-1,-1,-1,-1,-1,-1
201301CW11631,2,1,0,18,0,1,0,0,0,0,2,1,6,1,6,-1,-1,-1,-1,-1
201301CW11632,1,9,0,18,0,0,0,0,0,0,1,1,6,1,9,2987,2,1,6,3
201301CW11633,1,3,0,13,0,1,0,0,0,0,3,1,1,1,4,-1,-1,-1,-1,-1
201301CW11634,1,11,0,18,0,8,0,0,0,0,1,1,1,1,8,10838,2,1,5,1
201301CW11635,1,20,0,4,0,1,0,0,0,0,1,1,1,1,7,-1,-1,-1,2,1
201301CW11636,1,19,0,18,0,8,0,0,0,0,3,1,1,1,6,2151,2,11,2,1
201301CW11636,2,1,0,18,0,8,0,0,0,0,1,1,6,1,7,-1,-1,-1,6,1
201301CW11638,1,8,0,5,0,8,0,0,0,0,1,1,1,1,7,2993,2,4,7,1
201301CW11638,2,90,0,9,0,8,0,0,0,0,3,1,1,1,7,-1,-1,-1,-1,-1
201301CW11639,1,1,0,15,0,1,0,0,0,0,1,1,6,3,-1,-1,-1,-1,-1,-1
201301CW11640,1,9,0,6,0,2,0,0,0,0,3,1,6,1,8,1896,2,5,2,1
201301CW11640,2,4,0,13,0,2,0,0,0,0,1,1,6,1,9,398,1,7,4,1
201301CW11641,1,11,0,5,0,0,0,0,0,0,0,1,1,1,8,4461,2,-1,1,1
201301CW11642,1,9,0,18,0,1,0,0,0,0,1,1,1,1,6,1896,2,5,3,1
201301CW11643,1,9,0,18,0,1,0,0,0,0,1,1,6,1,6,-1,-1,-1,5,1
201301CW11643,2,9,0,3,0,1,0,0,0,0,2,1,2,1,7,1968,2,3,8,1
201301CW11644,1,8,0,18,0,1,0,0,0,0,1,1,1,1,6,1497,8,5,4,1
201301CW11644,2,9,0,6,0,1,0,0,0,0,3,1,6,2,5,1364,1,5,3,1
201301CW11645,1,9,0,17,0,2,0,0,0,0,1,1,1,1,9,1995,2,5,1,1
201301CW11646,1,9,0,9,0,2,0,0,0,0,1,1,2,1,9,2720,2,8,5,1
201301CW11647,1,19,0,18,0,1,0,0,0,0,1,1,2,1,7,2198,2,3,3,1
201301CW11648,1,11,0,18,0,2,0,0,0,0,1,1,1,1,6,9000,2,6,5,1
201301CW11649,1,11,0,4,0,1,0,0,0,0,1,1,1,1,6,-1,-1,-1,1,1
201301CW11651,1,3,0,15,0,1,0,0,0,0,3,1,6,2,6,125,1,2,-1,-1
201301CW11651,2,9,0,11,0,1,0,0,0,0,4,1,6,1,7,1910,2,9,-1,-1
201301CW11653,1,8,0,5,0,8,0,0,0,0,3,1,6,1,8,1995,2,3,1,1
201301CW11653,2,9,0,18,0,8,0,0,0,0,1,1,6,2,-1,1329,1,-1,-1,-1
201301CW11656,1,11,0,5,0,1,0,0,0,0,0,1,1,1,7,6700,2,2,3,1
201301CW11657,1,9,0,7,0,1,0,0,0,0,4,1,6,1,8,1997,2,9,2,1
201301CW11657,2,9,0,15,0,1,0,0,0,0,3,1,6,1,5,2143,2,2,1,1
201301CW11658,1,19,0,1,0,0,0,0,0,0,2,1,6,1,6,1968,2,1,4,1
201301CW11659,1,9,0,11,0,0,0,10,1,4,1,1,6,1,4,1781,1,12,3,1
201301CW11659,2,8,0,3,0,0,0,0,0,0,4,1,1,1,8,2499,2,6,5,1
201301CW11659,3,8,0,3,0,0,0,0,0,0,2,1,1,1,9,2402,2,9,9,1
201301CW11659,4,19,0,3,0,0,0,0,0,0,2,1,6,1,8,1968,2,1,-1,-1
201301CW11660,1,4,0,3,0,0,0,0,0,0,2,1,2,1,6,278,1,3,3,1
201301CW11660,2,11,0,3,0,0,0,0,0,0,1,1,1,1,-1,9360,2,-1,-1,-1
201301CW11661,1,9,0,4,0,8,0,0,0,0,2,2,6,1,9,-1,-1,-1,-1,-1
201301CW11661,2,9,0,18,0,1,0,0,0,0,1,1,6,2,-1,2179,2,6,1,1
201301CW11662,1,9,0,2,0,2,0,0,0,0,3,1,6,1,7,2987,2,5,3,1
201301CW11662,2,1,0,14,0,2,0,8,0,0,1,1,6,1,5,-1,-1,-1,6,1
201301CW11663,1,11,0,17,0,8,0,0,0,0,4,1,1,1,5,7300,2,9,-1,-1
201301CW11663,2,9,0,5,0,8,0,0,0,0,1,1,6,1,-1,1497,8,9,1,1
201301CW11664,1,3,0,18,0,0,0,0,0,0,4,1,6,1,7,125,1,8,2,1
201301CW11664,2,9,0,12,0,0,0,0,0,0,3,1,6,1,11,1995,2,-1,8,3
201301CW11665,1,8,0,18,0,8,0,0,0,0,4,1,6,1,8,2402,2,7,3,1
201301CW11665,2,9,0,18,0,8,0,0,0,0,1,1,6,1,-1,1968,2,6,3,1
201301CW11666,1,1,0,15,0,1,0,8,0,0,1,1,6,1,6,-1,-1,-1,3,1
201301CW11666,2,9,0,3,0,1,0,0,0,0,4,1,6,1,-1,-1,-1,-1,-1,-1
201301CW11667,1,1,0,18,4,1,0,0,0,0,3,1,2,2,6,-1,-1,-1,1,1
201301CW11667,2,20,0,7,0,1,0,0,0,0,4,1,1,1,-1,2143,2,2,-1,-1
201301CW11668,1,1,0,3,0,1,0,0,0,0,1,1,6,1,7,-1,-1,-1,3,1
201301CW11668,2,9,0,1,0,1,0,0,0,0,2,1,6,3,-1,1968,2,-1,-1,-1
201301CW11669,1,8,0,18,0,1,0,0,0,0,1,1,1,1,6,1997,2,-1,3,1
201301CW11670,1,8,0,18,0,1,0,0,0,0,4,1,1,1,10,2664,2,12,7,1
201301CW11671,1,3,0,18,0,1,0,0,0,0,1,1,6,1,6,85,1,11,8,1
201301CW11671,2,9,0,9,0,1,0,0,0,0,4,1,3,2,6,1198,1,5,1,1
201301CW11672,1,11,0,18,0,2,0,0,0,0,1,1,1,1,6,-1,-1,-1,7,1
201301CW11673,1,19,0,9,0,8,0,0,0,0,3,1,1,1,7,1248,2,-1,3,1
201301CW11673,2,4,0,13,0,8,0,0,0,0,1,1,6,1,6,125,1,10,1,1
201301CW11675,1,9,0,18,0,0,0,0,0,0,4,1,6,1,6,-1,-1,-1,4,1
201301CW11678,1,9,0,9,0,8,0,0,0,0,3,1,6,1,7,1497,8,5,5,1
201301CW11678,2,3,0,17,0,8,0,0,0,0,1,1,6,1,5,125,1,2,1,1
201301CW11679,1,8,0,18,0,8,0,0,0,0,3,1,6,1,7,2400,2,2,9,1
201301CW11680,1,3,0,18,0,0,0,0,0,0,4,1,6,1,6,125,1,3,2,1
201301CW11680,2,8,0,6,0,0,0,0,0,0,3,1,1,1,8,2402,2,10,2,1
201301CW11681,1,3,0,18,0,0,0,0,0,0,1,1,6,1,8,120,1,12,5,1
201301CW11682,1,9,0,9,0,8,0,0,0,0,3,1,6,2,7,1149,1,4,8,1
201301CW11682,2,3,0,18,0,8,0,0,0,0,1,1,6,1,7,125,1,-1,2,1
201301CW11683,1,19,0,7,0,1,0,0,0,0,4,1,1,1,6,2143,2,2,4,1
201301CW11683,2,5,0,15,2,1,0,0,0,0,3,1,6,1,9,-1,-1,-1,2,1
201301CW11684,1,1,0,18,0,0,0,0,0,0,1,1,6,2,5,-1,-1,-1,-1,-1
201301CW11685,1,8,0,16,0,2,0,0,0,0,4,1,1,1,7,2499,2,2,9,1
201301CW11687,1,8,0,18,0,1,0,0,0,0,4,1,1,1,8,2499,2,5,-1,-1
201301CW11688,1,11,0,18,0,0,0,0,0,0,3,1,1,1,-1,4760,2,1,6,1
201301CW11690,1,11,0,2,0,1,0,0,0,0,3,1,1,1,8,4500,2,3,-1,-1
201301CW11690,2,11,0,9,0,8,0,4,0,0,2,1,1,1,-1,12419,2,1,-1,-1
201301CW11692,1,8,0,3,0,8,0,0,0,0,1,1,1,1,8,2499,2,6,6,1
201301CW11692,2,8,0,6,0,8,0,0,0,0,3,1,1,1,8,2664,2,11,5,1
201301CW11692,3,8,0,18,0,8,0,0,0,0,1,1,6,1,8,2402,2,9,9,1
201301CW11693,1,20,0,9,0,8,0,0,0,0,1,1,1,1,7,2500,2,6,2,1
201301CW11694,1,1,0,18,0,8,0,0,0,0,1,1,6,1,4,-1,-1,-1,2,1
201301CW11695,1,8,0,18,0,8,0,0,0,0,1,1,1,1,8,2664,2,15,9,1
201301CW11695,2,3,0,18,0,8,0,0,0,0,3,1,6,1,6,125,1,1,2,1
201301CW11696,1,8,0,18,0,0,0,0,0,0,3,1,1,1,9,2496,2,14,7,1
201301CW11697,1,5,0,3,0,2,0,0,0,0,1,1,1,1,6,-1,-1,-1,-1,-1
201301CW11697,2,1,0,14,0,1,0,0,0,0,1,1,1,1,7,-1,-1,-1,7,1
201301CW11698,1,9,0,9,0,8,0,0,0,0,1,1,6,2,9,1198,1,1,2,1
201301CW11698,2,1,0,9,0,8,0,0,0,0,1,1,6,1,7,-1,-1,-1,-1,-1
201301CW11699,1,9,0,9,0,8,0,0,0,0,4,1,1,1,4,2295,1,14,10,2
201301CW11699,2,5,0,18,0,8,0,0,0,0,1,1,6,1,8,1170,1,2,9,1
201301CW11700,1,21,0,7,0,8,0,0,0,0,4,1,1,1,7,6870,2,7,3,1
201301CW11700,2,3,0,7,0,8,0,0,0,0,1,1,6,1,6,125,1,6,5,1