Accident_Index,Vehicle_Reference,Vehicle_Type,Towing_and_Articulation,Vehicle_Manoeuvre,Vehicle_Location-Restricted_Lane,Junction_Location,Skidding_and_Overturning,Hit_Object_in_Carriageway,Vehicle_Leaving_Carriageway,Hit_Object_off_Carriageway,1st_Point_of_Impact,Was_Vehicle_Left_Hand_Drive?,Journey_Purpose_of_Driver,Sex_of_Driver,Age_Band_of_Driver,Engine_Capacity_(CC),Propulsion_Code,Age_of_Vehicle,Driver_IMD_Decile,Driver_Home_Area_Type
201301CW11703,1,1,0,18,0,8,0,0,0,0,1,1,6,1,5,-1,-1,-1,6,1
201301CW11703,2,9,0,9,0,8,0,0,0,0,3,1,6,3,-1,-1,-1,-1,-1,-1
201301CW11705,1,9,0,18,0,8,0,0,0,0,1,1,6,3,-1,-1,-1,-1,-1,-1
201301CW11706,1,1,0,18,0,8,0,0,0,0,1,1,6,1,6,-1,-1,-1,1,1
201301CW11706,2,8,0,11,0,1,0,0,0,0,4,1,1,1,8,2499,2,5,9,2
201301CW11708,1,8,0,4,0,1,0,0,0,0,2,1,1,1,10,2664,2,14,5,1
201301CW11708,2,3,0,18,0,1,0,0,0,0,1,1,6,1,8,124,1,-1,1,1
201301CW11709,1,11,0,18,0,8,0,0,0,0,1,1,6,1,7,7300,2,8,3,1
201301CW11710,1,11,0,5,0,8,0,0,0,0,0,1,1,1,9,9200,2,10,4,1
201301CW11711,1,9,0,9,0,8,0,0,0,0,1,1,6,2,7,1598,1,16,1,1
201301CW11711,2,1,0,17,0,8,0,0,0,0,1,1,6,2,7,-1,-1,-1,3,1
201301CW11712,1,10,0,1,0,8,0,0,0,0,2,1,6,1,7,2148,2,5,3,1
201301CW11714,1,11,0,18,0,8,0,0,0,0,1,1,1,1,7,7300,2,8,2,1
201301CW11717,1,9,0,9,0,8,0,0,0,0,4,1,1,1,-1,-1,-1,-1,-1,-1
201301CW11717,2,1,0,18,0,8,0,0,0,0,1,1,6,1,6,-1,-1,-1,4,1
201301CW11718,1,9,0,18,0,8,0,0,0,0,1,1,6,1,8,-1,-1,-1,2,1
201301CW11719,1,11,0,18,0,8,0,0,0,0,4,1,1,1,8,6700,2,6,3,1
201301CW11720,1,11,0,18,0,2,0,0,0,0,0,1,1,1,8,4461,2,-1,1,1
201301CW11722,1,9,0,1,0,1,0,0,0,0,2,1,6,1,-1,-1,-1,-1,-1,-1
201301CW11723,1,1,0,18,0,0,0,8,0,0,4,1,2,1,5,-1,-1,-1,6,1
201301CW11723,2,9,0,2,0,0,0,0,0,0,3,1,6,1,-1,1995,2,5,2,1
201301CW11724,1,1,0,15,4,1,0,8,0,0,3,1,6,1,8,-1,-1,-1,4,1
201301CW11724,2,8,0,3,0,1,0,0,0,0,4,1,1,3,-1,2664,2,13,-1,-1
201301CW11725,1,11,0,5,0,8,0,0,0,0,0,1,1,1,8,9360,2,6,3,1
201301CW11726,1,9,0,9,0,8,0,0,0,0,1,1,6,3,-1,1968,2,-1,-1,-1
201301CW11728,1,9,0,1,0,8,0,0,0,0,2,1,6,1,5,-1,-1,-1,10,1
201301CW11728,2,9,0,3,0,8,0,0,0,0,1,1,1,1,-1,-1,-1,-1,-1,-1
201301CW11730,1,9,0,9,0,8,0,0,0,0,1,1,6,1,7,1995,2,8,5,1
201301CW11730,2,1,0,9,0,8,0,0,0,0,1,1,6,2,6,-1,-1,-1,3,1
201301CW11731,1,5,0,18,0,0,0,0,0,0,1,1,6,1,8,918,1,13,7,1
201301CW11732,1,3,0,18,0,1,0,0,0,0,1,1,6,1,5,124,1,1,3,1
201301CW11733,1,9,0,18,0,0,0,0,0,0,1,1,6,1,7,3628,2,4,4,1
201301CW11733,2,5,0,18,0,0,0,0,0,0,1,1,6,2,6,399,1,17,4,1
201301CW11734,1,9,0,9,0,8,0,0,0,0,1,1,6,3,-1,1968,2,1,-1,-1
201301CW11734,2,1,0,18,0,8,0,0,0,0,1,1,6,1,8,-1,-1,-1,6,1
201301CW11736,1,11,0,4,0,1,0,0,0,0,0,1,1,2,8,4461,2,-1,5,1
201301CW11737,1,3,0,18,0,8,0,0,0,0,1,1,6,1,5,125,1,2,6,1
201301CW11737,2,9,0,9,0,8,0,0,0,0,3,1,6,1,8,1686,2,4,7,1
201301CW11738,1,9,0,9,0,8,0,0,0,0,1,1,6,1,6,1242,1,-1,-1,-1
201301CW11738,2,1,0,18,0,8,0,0,0,0,1,1,6,1,5,-1,-1,-1,3,1
201301CW11739,1,19,0,7,0,8,0,0,0,0,1,1,1,1,-1,2143,2,2,-1,-1
201301CW11740,1,8,0,18,0,1,0,0,0,0,1,1,1,2,7,1598,1,-1,2,1
201301CW11740,2,3,0,9,0,1,0,0,0,0,4,1,2,1,7,125,1,2,9,1
201301CW11742,1,9,0,1,0,1,0,0,0,0,4,1,6,1,7,1197,1,-1,10,1
201301CW11743,1,3,0,18,0,8,0,0,0,0,1,1,6,1,6,125,1,-1,4,1
201301CW11744,1,11,0,9,0,8,0,0,0,0,0,1,6,1,7,-1,-1,-1,5,1
201301CW11745,1,1,0,18,0,8,0,0,0,0,0,1,6,1,-1,-1,-1,-1,-1,-1
201301CW11747,1,8,0,2,0,2,0,0,0,0,3,1,6,1,7,1910,2,3,4,1
201301CW11747,2,1,0,18,0,2,0,0,0,0,1,1,6,1,5,-1,-1,-1,2,1
201301CW11748,1,5,0,18,0,0,0,0,0,0,1,1,6,1,-1,998,1,1,9,1
201301CW11751,1,9,0,18,0,8,0,0,0,0,1,1,6,1,7,1896,2,8,2,1
201301CW11751,2,9,0,9,0,8,0,0,0,0,1,1,6,1,7,-1,-1,-1,1,1
201301CW11752,1,1,0,18,0,0,0,4,0,0,1,1,6,1,6,-1,-1,-1,5,1
201301CW11752,2,21,0,2,0,0,0,0,0,0,2,1,1,1,6,6370,2,1,8,1
201301CW11753,1,5,0,14,0,0,0,0,0,0,0,1,6,3,-1,-1,-1,-1,-1,-1
201301CW11754,1,1,0,18,0,8,0,0,0,0,1,1,6,1,6,-1,-1,-1,3,1
201301CW11754,2,9,0,2,0,8,0,0,0,0,3,1,6,1,-1,1596,1,8,-1,-1
201301CW11755,1,1,0,9,0,8,0,0,0,0,1,1,6,1,7,-1,-1,-1,1,1
201301CW11755,2,8,0,18,0,8,0,0,0,0,1,1,1,3,-1,-1,-1,-1,-1,-1
201301CW11756,1,8,0,17,0,8,0,0,0,0,1,1,1,1,9,-1,-1,-1,6,1
201301CW11757,1,9,0,16,0,8,0,0,0,0,1,1,6,3,-1,-1,-1,-1,-1,-1
201301CW11759,1,9,0,9,0,8,0,0,0,0,1,1,6,2,7,5439,1,11,4,1
201301CW11759,2,9,0,18,0,8,0,0,0,0,3,1,6,1,7,1388,1,4,2,1
201301CW11760,1,9,0,11,0,8,0,0,0,0,1,1,6,1,-1,1995,1,3,-1,-1
201301CW11760,2,1,0,18,0,8,0,0,0,0,1,1,6,1,8,-1,-1,-1,6,1
201301CW11761,1,9,0,12,0,0,0,0,0,0,1,1,6,2,5,1229,1,6,6,1
201301CW11761,2,2,0,18,0,0,0,0,0,0,1,1,6,1,6,49,1,2,3,1
201301CW11762,1,5,0,18,0,8,0,0,0,0,1,1,6,1,-1,-1,-1,-1,-1,-1
201301CW11763,1,5,0,18,0,8,0,0,0,0,1,1,6,1,6,998,1,2,3,1
201301CW11765,1,9,0,18,0,8,0,0,0,0,4,1,6,1,7,1747,1,11,5,1
201301CW11765,2,1,0,9,0,8,0,0,0,0,1,1,6,1,6,-1,-1,-1,2,1
201301CW11766,1,3,0,18,0,8,0,0,0,0,1,1,6,1,6,124,1,10,4,1
201301CW11768,1,8,0,14,0,2,0,0,0,0,4,1,6,3,-1,1229,1,4,-1,-1
201301CW11769,1,4,0,3,0,1,0,0,0,0,1,1,6,1,8,278,1,1,7,1
201301CW11769,2,19,0,9,0,2,0,0,0,0,3,1,6,1,-1,1560,2,4,-1,-1
201301CW11771,1,11,0,18,0,0,0,0,0,0,0,1,1,1,-1,8300,2,7,-1,-1
201301CW11772,1,9,0,18,0,8,0,0,0,0,4,1,1,1,7,1968,2,6,3,1
201301CW11772,2,9,0,7,0,8,0,0,0,0,1,1,6,1,-1,2499,1,6,1,1
201301CW11773,1,8,0,9,0,8,0,0,0,0,3,1,1,1,-1,1896,2,9,-1,-1
201301CW11774,1,5,0,18,0,8,0,0,0,0,1,1,6,1,7,696,1,5,6,1
201301CW11774,2,8,0,9,0,8,0,0,0,0,1,1,1,1,-1,2402,2,10,-1,-1
201301CW11776,1,8,0,18,0,0,0,0,0,0,1,1,1,1,6,1997,2,5,4,1
201301CW11778,1,9,0,9,0,8,0,0,0,0,1,1,6,2,8,-1,-1,-1,6,1
201301CW11778,2,3,0,9,0,8,0,0,0,0,2,1,6,2,8,395,1,-1,-1,-1
201301CW11780,1,9,0,18,0,2,0,0,0,0,0,1,6,1,6,1497,8,6,3,1
201301CW11781,1,8,0,18,0,0,0,0,0,0,1,1,1,1,10,-1,-1,-1,8,1
201301CW11781,2,1,0,12,0,0,0,0,0,0,2,1,6,1,6,-1,-1,-1,6,1
201301CW11782,1,8,0,9,0,8,0,0,0,0,1,1,6,1,9,2143,2,1,7,1
201301CW11783,1,3,0,18,0,1,0,0,0,0,1,1,6,2,-1,-1,-1,-1,-1,-1
201301CW11784,1,9,0,16,0,8,0,0,0,0,4,1,6,3,-1,1396,1,10,-1,-1
201301CW11785,1,1,0,14,0,0,0,4,0,0,3,1,6,1,8,-1,-1,-1,3,1
201301CW11785,2,11,0,2,0,0,0,0,0,0,3,1,1,1,8,6700,2,2,3,1
201301CW11785,3,11,0,13,0,0,0,0,0,0,4,1,1,1,9,-1,-1,-1,2,1
201301CW11786,1,11,0,18,0,0,0,0,0,0,0,1,6,1,7,7300,2,11,9,1
201301CW11787,1,9,0,18,0,2,0,0,0,0,1,1,6,1,6,1910,2,6,-1,-1
201301CW11789,1,3,0,18,0,8,0,0,0,0,1,1,6,1,7,124,1,1,9,1
201301CW11790,1,11,0,18,0,8,0,0,0,0,0,1,6,1,7,-1,-1,-1,2,1
201301CW11791,1,3,0,5,0,1,0,0,0,0,3,1,6,1,6,109,1,-1,2,1
201301CW11791,2,9,0,11,0,1,0,0,0,0,4,1,6,3,-1,2143,2,2,4,1
201301CW11792,1,9,0,2,0,2,0,0,0,0,4,1,6,1,8,1997,2,3,3,1
201301CW11792,2,9,0,18,0,2,0,4,0,0,1,1,6,1,-1,3301,1,11,-1,-1
201301CW11793,1,3,0,18,0,0,0,0,0,0,1,1,6,2,-1,-1,-1,-1,-1,-1
201301CW11795,1,1,0,18,0,8,0,0,0,0,1,1,6,2,7,-1,-1,-1,4,1
201301CW11795,2,8,0,9,0,8,0,0,0,0,1,1,1,1,-1,2499,2,2,-1,-1
201301CW11797,1,8,0,18,0,2,0,0,0,0,1,1,1,1,-1,1461,2,3,7,1
201301CW11798,1,11,0,18,0,8,0,0,0,0,1,1,1,1,5,9200,2,10,3,1
201301CW11802,1,3,0,18,0,8,0,0,0,0,1,1,6,1,4,125,1,7,2,1
201301CW11802,2,9,0,6,0,8,0,0,0,0,3,1,6,1,7,1992,2,6,4,1
201301CW11803,1,9,0,9,0,8,0,0,0,0,4,1,6,1,9,1328,1,5,7,1
201301CW11803,2,3,0,18,0,8,0,0,0,0,1,1,6,1,5,125,1,4,2,1
201301CW11804,1,11,0,1,0,8,0,0,0,0,4,1,6,1,8,12419,2,2,3,1
201301CW11805,1,8,0,18,0,8,0,0,0,0,0,1,1,1,-1,2664,2,14,5,1
201301CW11806,1,11,0,5,0,1,0,0,0,0,0,1,6,3,-1,-1,-1,-1,-1,-1
201301CW11807,1,8,0,7,0,8,0,0,0,0,4,1,6,1,9,2499,2,2,10,1
201301CW11807,2,1,0,3,0,8,0,0,0,0,1,1,6,2,6,-1,-1,-1,4,1
201301CW11808,1,9,0,9,0,8,0,0,0,0,1,1,6,1,9,1364,2,5,3,1
201301CW11808,2,1,0,18,0,8,0,0,0,0,1,1,6,1,5,-1,-1,-1,-1,-1
201301CW11810,1,9,0,9,0,8,0,0,0,0,0,1,6,1,9,1910,2,6,8,3
201301CW11811,1,8,0,18,0,8,0,0,0,0,3,1,6,1,6,1797,8,3,7,1
201301CW11811,2,8,0,18,0,8,0,0,0,0,1,1,1,1,8,1997,2,2,2,1
201301CW11812,1,1,0,18,0,8,0,8,0,0,1,1,6,2,7,-1,-1,-1,5,1
201301CW11812,2,8,0,2,0,8,0,0,0,0,3,1,1,1,8,1797,8,3,1,1
201301CW11813,1,8,0,18,0,2,0,0,0,0,3,1,1,1,-1,-1,-1,-1,-1,-1
201301CW11813,2,11,0,2,0,1,0,4,0,0,4,1,1,1,8,-1,2,47,10,1
201301CW11814,1,9,0,18,0,8,0,0,0,0,1,1,6,2,8,1400,1,7,2,1
201301CW11814,2,1,0,18,0,8,0,0,0,0,1,1,6,1,6,-1,-1,-1,2,1
201301CW11815,1,9,0,11,0,1,0,0,0,0,4,1,6,1,6,1388,1,1,1,1
201301CW11815,2,1,0,18,0,1,0,0,0,0,3,1,6,1,7,-1,-1,-1,3,1
201301CW11816,1,8,0,18,0,8,0,0,0,0,1,1,1,1,8,2143,2,-1,3,1
201301CW11817,1,5,0,18,0,0,0,10,1,10,1,1,6,1,5,-1,-1,-1,2,1
201301CW11818,1,9,0,18,0,1,0,0,0,0,4,1,6,1,8,1591,1,5,3,1
201301CW11819,1,8,0,4,0,0,0,0,0,0,2,1,1,1,9,1968,2,3,3,1
201301CW11819,2,3,0,18,0,0,0,0,0,0,1,1,6,1,8,124,1,1,7,1
201301CW11820,1,5,0,11,0,0,0,0,0,0,2,1,6,1,4,599,1,9,6,1
201301CW11820,2,19,0,18,0,0,0,0,0,0,1,1,1,1,-1,1560,2,2,4,1
201301CW11821,1,9,0,18,0,8,0,0,0,0,1,1,6,2,7,1975,1,13,2,1
201301CW11821,2,3,0,7,0,8,0,0,0,0,1,1,6,1,5,125,1,7,1,1
201301CW11822,1,9,0,18,0,8,0,0,0,0,1,1,6,2,10,-1,-1,-1,-1,-1
201301CW11823,1,19,0,18,0,8,0,0,0,0,0,1,1,3,-1,-1,-1,-1,-1,-1
201301CW11825,1,3,0,16,0,8,0,0,0,0,1,1,6,1,7,125,1,2,4,1
201301CW11825,2,9,0,17,0,8,0,7,0,0,4,1,6,1,9,1769,1,11,3,1
201301CW11825,3,9,0,10,0,8,0,0,0,0,3,1,6,1,7,1399,2,10,2,1
201301CW11825,4,20,0,10,0,8,0,0,0,0,3,1,6,1,7,9200,2,1,-1,-1
201301CW11826,1,3,0,18,0,0,0,0,0,0,1,1,6,1,4,124,1,2,6,1
201301CW11827,1,5,0,18,0,8,0,0,0,0,1,1,6,1,8,1137,1,13,1,1
201301CW11827,2,19,0,6,0,8,0,0,0,0,0,1,1,1,-1,-1,-1,-1,-1,-1
201301CW11828,1,8,0,18,0,8,0,0,0,0,1,1,1,1,6,2402,2,11,4,1
201301CW11828,2,9,0,18,0,8,0,0,0,0,3,1,6,2,6,400,1,6,2,1
201301CW11829,1,11,0,4,0,8,0,0,0,0,0,1,1,3,-1,-1,-1,-1,-1,-1
201301CW11830,1,19,0,9,0,8,0,0,0,0,1,1,6,1,8,-1,-1,-1,1,1
201301CW11831,1,9,0,7,0,8,0,0,0,0,4,1,6,2,6,1686,2,8,3,1
201301CW11831,2,5,0,18,0,8,0,0,0,0,1,1,6,1,6,125,1,1,2,1
201301CW11832,1,9,0,3,0,8,0,0,0,0,2,1,6,2,9,1149,1,15,7,1
201301CW11832,2,9,0,18,0,8,0,0,0,0,1,1,6,1,-1,2179,2,1,-1,-1
201301CW11833,1,9,0,8,0,8,0,0,0,0,1,1,6,1,7,1794,1,10,6,1
201301CW11833,2,9,0,16,0,8,0,0,0,0,1,1,6,1,-1,1598,2,2,8,3
201301CW11835,1,9,0,4,0,2,0,0,0,0,2,1,6,1,6,-1,-1,-1,1,1
201301CW11835,2,9,0,4,0,2,0,0,0,0,2,1,6,1,8,-1,-1,-1,4,1
201301CW11835,3,9,0,18,0,1,0,0,0,0,1,1,6,1,9,-1,-1,-1,1,1
201301CW11836,1,9,0,6,0,8,0,0,0,0,1,1,6,1,7,1598,1,16,6,1
201301CW11836,2,1,0,18,0,8,0,0,0,0,1,1,6,1,6,-1,-1,-1,1,1
201301CW11837,1,11,0,4,0,1,0,0,0,0,0,1,6,1,7,4461,2,-1,2,1
201301CW11838,1,9,0,4,0,8,0,0,0,0,2,1,6,1,6,1997,1,-1,-1,-1
201301CW11838,2,9,0,18,0,8,0,0,0,0,1,1,6,2,7,2494,1,15,3,1
201301CW11839,1,11,0,4,0,8,0,0,0,0,0,1,1,1,8,4461,2,-1,2,1
201301CW11839,2,9,0,18,0,8,0,0,0,0,0,1,6,3,-1,-1,-1,-1,-1,-1
201301CW11840,1,11,0,2,0,2,0,0,0,0,0,1,6,1,8,4500,2,1,2,1
201301CW11841,1,9,0,17,0,8,0,0,0,0,1,1,6,1,6,-1,-1,-1,3,1
201301CW11841,2,9,0,17,0,8,0,0,0,0,2,1,6,1,6,2438,1,20,3,1
201301CW11843,1,3,0,18,0,8,0,0,0,0,1,1,6,1,9,124,1,12,6,1
201301CW11843,2,19,0,2,0,2,0,0,0,0,0,1,1,1,7,-1,-1,-1,4,1
201301CW11843,3,9,0,18,0,2,0,0,0,0,1,1,6,1,7,-1,-1,-1,9,1
201301CW11844,1,8,0,18,0,0,0,0,0,0,2,1,1,1,7,1910,2,5,2,1
201301CW11844,2,21,0,18,0,0,0,0,0,0,1,1,1,1,7,4461,2,4,5,1
201301CW11844,3,20,0,18,0,0,0,0,0,0,1,1,1,1,6,-1,-1,-1,2,1
201301CW11847,1,9,0,18,0,8,0,0,0,0,1,1,6,1,-1,-1,-1,-1,-1,-1
201301CW11848,1,11,0,18,0,0,0,0,0,0,1,1,1,2,-1,-1,-1,-1,-1,-1
201301CW11849,1,9,0,18,0,8,0,0,0,0,1,1,6,1,10,1996,1,16,5,1
201301CW11849,2,3,0,9,0,8,0,0,0,0,1,1,6,1,5,125,1,-1,1,1
201301CW11850,1,11,0,2,0,8,0,0,0,0,0,1,6,1,7,6700,2,2,3,1
201301CW11852,1,8,0,18,0,1,0,0,0,0,0,1,1,3,-1,-1,-1,-1,-1,-1
201301CW11856,1,1,0,18,0,8,0,0,0,0,1,1,6,2,6,-1,-1,-1,6,1
201301CW11856,2,8,0,9,0,8,0,0,0,0,4,1,1,1,-1,2664,2,14,5,2
201301CW11858,1,9,0,16,0,8,0,0,0,0,3,1,6,1,7,1910,2,4,5,1
201301CW11858,2,9,0,11,0,8,0,0,0,0,1,2,6,1,-1,-1,-1,-1,-1,-1
201301CW11865,1,9,0,18,0,1,0,0,0,0,4,1,6,1,7,1360,1,14,1,1
201301CW11865,2,9,0,12,0,8,0,0,0,0,4,1,6,1,-1,1796,1,11,1,1
201301CW11876,1,9,0,7,0,8,0,0,0,0,3,1,6,1,8,1997,2,6,1,1
201301CW11876,2,9,0,16,0,8,0,0,0,0,4,1,6,1,-1,1798,1,5,-1,-1
201301CW11883,1,1,0,18,0,8,0,0,0,0,1,1,6,1,6,-1,-1,-1,2,1
201301CW11883,2,8,0,9,0,8,0,0,0,0,3,1,1,1,-1,2499,2,2,-1,-1
201301CW11901,1,9,0,18,0,0,0,0,0,0,1,1,6,3,-1,-1,-1,-1,-1,-1
201301CW11906,1,5,0,16,0,8,1,0,0,0,1,1,6,1,8,-1,-1,-1,-1,-1
201301CW11910,1,11,0,18,0,0,0,0,0,0,0,1,1,3,-1,-1,-1,-1,-1,-1
201301CW11911,1,9,0,3,0,8,0,0,0,0,4,1,6,1,9,2494,1,13,7,1
201301CW11911,2,11,0,7,0,8,0,0,0,0,3,1,1,3,-1,-1,-1,-1,-1,-1
201301CW19307,1,9,0,18,0,8,0,0,0,0,1,1,6,1,-1,2148,2,9,-1,-1
201301EK40001,1,9,0,18,0,8,0,0,0,0,1,1,6,1,7,999,1,12,1,1
201301EK40001,2,9,0,6,0,8,0,0,0,0,3,1,6,3,-1,1796,1,10,-1,-1
201301EK40002,1,9,0,18,0,8,0,0,0,0,1,1,6,1,10,1598,1,6,8,1
201301EK40002,2,20,0,18,0,8,0,0,0,0,4,1,1,1,8,-1,-1,-1,2,1
201301EK40003,1,3,0,3,0,1,0,0,0,0,1,1,6,1,4,125,1,11,-1,-1
201301EK40003,2,9,0,1,0,2,0,0,0,0,2,1,6,3,-1,-1,-1,-1,-1,-1
201301EK40004,1,9,0,18,0,1,0,0,0,0,1,1,6,3,-1,-1,-1,-1,-1,-1
201301EK40005,1,9,0,2,0,1,0,0,0,0,3,1,6,1,7,-1,-1,-1,3,1
201301EK40005,2,1,0,14,0,1,0,0,0,0,1,1,6,1,-1,-1,-1,-1,-1,-1
201301EK40006,1,1,0,14,0,0,0,8,0,0,1,1,6,1,6,-1,-1,-1,3,1
201301EK40006,2,9,0,2,0,0,0,0,0,0,3,1,6,2,-1,1796,1,15,-1,-1
201301EK40007,1,1,0,14,0,2,0,8,0,0,1,1,6,2,7,-1,-1,-1,-1,-1
201301EK40007,2,9,0,2,0,2,0,0,0,0,3,1,6,2,-1,1398,1,3,2,1
201301EK40008,1,3,0,18,0,1,0,0,0,0,1,1,6,1,7,125,1,1,6,1
201301EK40009,1,9,0,18,0,2,0,0,0,0,1,1,6,3,-1,1591,1,5,-1,-1
201301EK40010,1,9,0,18,0,8,0,0,0,0,1,1,6,2,7,2967,2,6,7,1
201301EK40011,1,9,0,5,0,8,0,0,0,0,4,1,6,1,7,1797,8,3,4,1
201301EK40011,2,1,0,5,0,8,0,0,0,0,3,1,6,1,7,-1,-1,-1,-1,-1
201301EK40012,1,11,0,18,0,1,0,0,0,0,1,1,1,1,7,9000,2,4,3,1
201301EK40014,1,9,0,18,0,1,0,0,0,0,1,1,6,1,7,1248,2,9,3,1
201301EK40015,1,9,0,18,0,1,0,0,0,0,1,1,6,1,6,2143,2,3,-1,-1
201301EK40016,1,9,0,9,0,8,0,0,0,0,4,1,6,2,6,1598,1,9,2,1
201301EK40016,2,9,0,18,0,8,0,0,0,0,1,1,6,1,-1,-1,-1,-1,-1,-1
201301EK40017,1,1,0,18,0,8,0,0,0,0,1,1,6,1,-1,-1,-1,-1,-1,-1
201301EK40019,1,9,0,18,0,2,0,0,0,0,3,1,6,1,8,-1,-1,-1,3,1
201301EK40019,2,9,0,18,0,1,0,4,0,0,3,1,6,1,8,1600,1,11,6,1
201301EK40019,3,9,0,2,0,1,0,0,0,0,3,1,6,1,5,1984,1,12,3,1
201301EK40020,1,9,0,13,0,8,0,0,0,0,1,1,6,2,8,1797,8,2,-1,-1
201301EK40020,2,1,0,18,0,8,0,0,0,0,2,1,6,1,-1,-1,-1,-1,-1,-1
201301EK40021,1,9,0,4,0,1,0,0,0,0,2,1,6,1,7,1398,1,7,8,1
201301EK40021,2,9,0,4,0,1,0,0,0,0,1,1,6,3,-1,1896,2,10,-1,-1
201301EK40023,1,9,0,18,0,1,0,0,0,0,1,1,6,1,5,1997,2,1,3,1
201301EK40023,2,9,0,18,0,1,0,0,0,0,2,1,6,1,4,2979,1,9,4,1
201301EK40025,1,3,0,13,0,1,0,0,0,0,4,1,6,1,5,-1,-1,-1,3,1
201301EK40025,2,1,0,18,0,1,0,0,0,0,3,1,6,1,6,-1,-1,-1,2,1
201301EK40026,1,3,0,18,0,8,0,0,0,0,1,1,6,1,6,125,1,3,2,1
201301EK40026,2,9,0,9,0,8,0,0,0,0,4,1,6,2,-1,1896,2,14,7,3
201301EK40027,1,9,0,13,0,1,0,0,0,0,1,1,1,1,9,-1,-1,-1,3,1
201301EK40027,2,1,0,18,0,1,0,0,0,0,2,1,6,2,7,-1,-1,-1,1,1
201301EK40028,1,9,0,18,0,8,0,0,0,0,4,1,6,1,9,1598,1,1,4,1
201301EK40028,2,9,0,7,0,8,0,0,0,0,1,1,6,3,-1,-1,-1,-1,-1,-1
201301EK40029,1,11,0,4,0,1,0,0,0,0,0,1,1,1,8,6692,2,2,2,1
201301EK40031,1,1,0,18,0,1,0,0,0,0,2,1,6,1,7,-1,-1,-1,2,1
201301EK40031,2,9,0,13,0,1,0,0,0,0,1,1,6,3,-1,-1,-1,-1,-1,-1
201301EK40032,1,1,0,18,0,1,0,0,0,0,2,1,6,1,7,-1,-1,-1,5,1
201301EK40032,2,9,0,13,0,1,0,0,0,0,1,1,6,3,-1,-1,-1,-1,-1,-1
201301EK40033,1,9,0,17,0,0,0,0,0,0,2,1,6,1,8,1900,2,8,2,1
201301EK40033,2,9,0,17,0,0,0,0,0,0,1,1,6,1,-1,1984,1,8,5,1
201301EK40038,1,1,0,3,0,0,0,0,0,0,3,1,2,2,7,-1,-1,-1,4,1
201301EK40038,2,8,0,14,0,0,0,0,0,0,1,1,1,1,-1,-1,-1,-1,-1,-1
201301EK40039,1,19,0,18,0,0,0,0,0,0,1,1,1,1,8,2402,2,2,2,1
201301EK40041,1,5,0,18,0,8,0,0,0,0,1,1,6,1,-1,-1,-1,-1,-1,-1
201301EK40042,1,3,0,18,0,8,0,0,0,0,3,1,1,1,7,-1,-1,-1,6,1
201301EK40042,2,3,0,15,0,8,1,0,0,0,4,1,2,1,6,125,1,3,4,1
201301EK40043,1,11,0,18,0,8,1,0,0,0,1,1,1,1,7,7300,2,9,2,1
201301EK40043,2,9,0,5,0,8,0,0,0,0,2,1,2,1,7,1896,2,6,2,1
201301EK40043,3,90,0,5,0,8,0,0,1,0,2,1,1,1,-1,-1,-1,-1,1,1
201301EK40044,1,9,0,9,0,8,0,10,5,10,1,1,6,1,9,1781,1,14,3,1
201301EK40044,2,9,0,18,0,8,0,0,0,0,3,1,6,1,7,-1,-1,-1,2,1
201301EK40045,1,9,0,18,0,8,0,0,0,0,1,1,6,1,-1,-1,-1,-1,-1,-1
201301EK40046,1,9,0,18,0,8,0,0,0,0,1,1,3,1,6,1396,1,13,4,1
201301EK40047,1,8,0,4,0,0,0,0,0,0,2,1,1,1,8,2664,2,14,7,1
201301EK40047,2,8,0,4,0,0,0,0,0,0,2,1,1,1,9,2402,2,9,5,1
201301EK40047,3,8,0,18,0,0,0,0,0,0,1,1,1,1,7,2993,2,2,9,3
201301EK40048,1,9,0,9,0,8,0,0,0,0,1,1,6,3,-1,-1,-1,-1,-1,-1
201301EK40048,2,1,0,9,0,8,0,0,0,0,1,1,2,1,6,-1,-1,-1,8,1
201301EK40049,1,8,0,9,0,8,0,0,0,0,4,1,1,1,10,2664,2,14,3,1
201301EK40050,1,5,0,18,0,1,0,0,0,0,1,1,2,1,8,980,1,30,2,1
201301EK40050,2,19,0,1,0,1,0,0,0,0,2,1,6,1,7,1998,2,10,4,1
201301EK40051,1,8,0,3,0,8,0,0,0,0,3,1,1,1,8,2499,2,6,2,1
201301EK40051,2,11,0,14,0,8,0,0,0,0,1,1,1,1,6,6700,2,6,4,1
201301EK40052,1,9,0,9,0,8,0,0,0,0,1,1,6,1,6,1229,1,2,5,1
201301EK40053,1,1,0,3,0,8,0,0,0,0,1,1,1,1,9,-1,-1,-1,1,1
201301EK40053,2,9,0,5,0,8,0,0,0,0,3,1,4,1,8,-1,-1,-1,3,1
201301EK40054,1,1,0,18,0,1,0,0,0,0,3,1,2,1,6,-1,-1,-1,2,1
201301EK40054,2,21,0,13,0,1,0,0,0,0,4,1,1,1,-1,9364,2,9,-1,-1
201301EK40056,1,9,0,18,0,8,0,10,1,1,1,1,6,1,7,1900,2,8,1,1
201301EK40059,1,9,0,18,0,0,0,0,1,0,1,1,6,1,-1,1600,2,3,-1,-1
201301EK40060,1,9,0,2,0,1,0,0,0,0,3,1,6,2,10,2967,2,2,4,1
201301EK40060,2,9,0,18,0,1,0,8,0,0,1,1,6,2,-1,1400,1,15,8,1
201301EK40062,1,19,0,18,0,1,0,0,0,0,1,1,1,1,6,-1,-1,-1,6,1
201301EK40063,1,8,0,5,0,1,0,0,0,0,4,1,1,1,8,1998,2,3,1,1
201301EK40064,1,9,0,1,0,1,0,0,0,0,2,1,6,1,10,1598,1,1,7,1
201301EK40064,2,1,0,3,0,1,0,0,0,0,1,1,6,2,-1,-1,-1,-1,3,1
201301EK40065,1,1,0,18,0,0,0,0,0,0,0,1,2,1,8,-1,-1,-1,1,1
201301EK40067,1,11,0,18,0,1,0,0,0,0,4,1,1,3,-1,-1,-1,-1,-1,-1