Accident_Index,Vehicle_Reference,Vehicle_Type,Towing_and_Articulation,Vehicle_Manoeuvre,Vehicle_Location-Restricted_Lane,Junction_Location,Skidding_and_Overturning,Hit_Object_in_Carriageway,Vehicle_Leaving_Carriageway,Hit_Object_off_Carriageway,1st_Point_of_Impact,Was_Vehicle_Left_Hand_Drive?,Journey_Purpose_of_Driver,Sex_of_Driver,Age_Band_of_Driver,Engine_Capacity_(CC),Propulsion_Code,Age_of_Vehicle,Driver_IMD_Decile,Driver_Home_Area_Type
201301EK40277,1,11,0,18,0,0,0,0,0,0,0,1,1,1,8,3900,2,7,2,1
201301EK40278,1,9,0,12,0,2,0,0,0,0,3,1,6,2,5,1368,1,5,9,3
201301EK40278,2,9,0,18,0,2,0,0,0,0,4,1,6,1,5,1590,1,9,1,1
201301EK40279,1,9,0,18,0,1,0,0,0,0,4,1,6,3,-1,-1,-1,-1,-1,-1
201301EK40280,1,9,0,4,0,2,0,0,0,0,2,1,1,1,7,1498,1,4,5,1
201301EK40280,2,1,0,18,0,2,0,0,0,0,1,1,2,1,5,-1,-1,-1,4,1
201301EK40281,1,1,0,18,0,1,0,0,0,0,3,1,2,1,6,-1,-1,-1,3,1
201301EK40281,2,19,0,7,0,5,0,0,0,0,4,1,6,1,-1,2402,2,8,-1,-1
201301EK40282,1,9,0,18,0,1,0,0,0,0,1,1,6,2,7,2993,2,1,7,1
201301EK40282,2,1,0,18,0,1,0,0,0,0,2,1,6,1,9,-1,-1,-1,6,1
201301EK40283,1,3,0,18,0,2,0,0,0,0,1,1,1,1,6,125,1,1,3,1
201301EK40284,1,9,0,18,0,0,0,0,0,0,1,1,6,1,8,1560,2,3,3,1
201301EK40284,2,9,0,18,0,0,0,0,0,0,2,1,6,1,5,1995,1,8,-1,-1
201301EK40285,1,4,0,18,0,2,0,0,0,0,1,1,6,1,-1,-1,-1,-1,-1,-1
201301EK40286,1,8,0,18,0,2,0,0,0,0,1,1,6,1,8,2499,2,6,7,1
201301EK40287,1,19,0,9,0,8,0,0,0,0,3,1,6,1,10,-1,-1,-1,8,1
201301EK40287,2,2,0,13,0,8,0,0,0,0,4,1,6,1,5,49,1,4,4,1
201301EK40289,1,1,0,18,0,1,0,0,0,0,3,1,6,1,6,-1,-1,-1,4,1
201301EK40289,2,9,0,7,0,5,0,0,0,0,4,1,1,1,-1,1997,2,4,-1,-1
201301EK40290,1,9,0,7,0,5,0,0,0,0,4,1,6,2,7,1995,2,8,3,1
201301EK40290,2,1,0,18,0,1,0,0,0,0,3,1,6,1,6,-1,-1,-1,6,1
201301EK40291,1,8,0,18,0,1,0,0,0,0,1,1,1,1,8,1997,2,1,3,1
201301EK40293,1,9,0,5,0,1,0,0,0,0,1,1,6,1,7,1388,1,8,3,1
201301EK40293,2,3,0,5,0,1,0,0,0,0,2,1,2,1,6,125,1,4,2,1
201301EK40294,1,2,0,18,0,2,0,0,0,0,1,1,2,1,6,-1,-1,-1,2,1
201301EK40294,2,19,0,1,0,2,0,0,0,0,2,1,1,1,6,1560,2,-1,-1,-1
201301EK40295,1,9,0,18,9,0,0,10,1,2,1,1,6,2,6,1598,2,1,4,1
201301EK40296,1,8,0,5,0,0,0,0,0,0,1,1,1,1,8,1598,1,7,4,1
201301EK40296,2,1,0,18,0,0,0,0,0,0,1,1,2,1,7,-1,-1,-1,3,1
201301EK40297,1,9,0,9,0,8,0,0,0,0,1,1,2,1,7,2698,2,4,6,1
201301EK40297,2,1,0,17,0,8,0,0,0,0,4,1,2,1,8,-1,-1,-1,7,1
201301EK40299,1,9,0,18,0,8,0,0,0,0,3,1,3,2,8,2967,2,1,3,1
201301EK40299,2,9,0,18,0,8,0,0,0,0,1,1,6,2,-1,1149,1,3,-1,-1
201301EK40300,1,9,0,18,0,0,0,0,0,0,1,1,6,2,6,999,1,-1,3,1
201301EK40300,2,9,0,18,0,0,0,0,0,0,2,1,6,1,8,2259,1,20,8,1
201301EK40301,1,9,0,9,0,8,0,0,0,0,4,1,6,2,6,2179,2,-1,3,1
201301EK40301,2,1,0,18,0,8,0,0,0,0,1,1,6,1,7,-1,-1,-1,3,1
201301EK40303,1,9,0,18,0,2,0,0,0,0,1,1,6,3,-1,5935,1,8,-1,-1
201301EK40306,1,19,0,2,0,0,0,0,0,0,3,1,1,1,7,2198,2,2,4,1
201301EK40306,2,1,0,18,0,0,0,8,0,0,1,1,6,1,7,-1,-1,-1,3,1
201301EK40307,1,3,0,18,0,8,0,0,0,0,1,1,6,1,-1,50,1,45,-1,-1
201301EK40307,2,9,0,7,0,8,0,0,0,0,4,1,6,1,8,1997,2,4,10,1
201301EK40308,1,5,0,18,0,8,0,0,0,0,1,1,6,1,6,865,1,1,4,1
201301EK40308,2,1,0,9,0,8,0,0,0,0,2,1,6,1,10,-1,-1,-1,2,1
201301EK40309,1,5,0,18,0,0,0,0,0,0,1,1,6,1,5,998,1,11,7,1
201301EK40310,1,3,0,18,0,1,0,0,0,0,1,1,1,1,5,125,1,3,3,1
201301EK40310,2,20,0,3,0,1,0,0,0,0,2,1,1,1,7,7146,2,-1,-1,-1
201301EK40311,1,2,0,16,0,8,0,0,0,0,1,1,2,2,6,124,1,4,5,1
201301EK40311,2,9,0,9,0,8,0,0,0,0,4,1,6,2,9,998,1,7,8,1
201301EK40312,1,19,0,18,0,0,0,0,0,0,2,1,1,1,6,-1,-1,-1,1,1
201301EK40312,2,9,0,4,0,0,0,0,0,0,1,1,2,1,9,-1,-1,-1,9,3
201301EK40313,1,1,0,18,0,1,0,0,0,0,3,1,6,1,6,-1,-1,-1,3,1
201301EK40313,2,4,0,18,0,1,0,0,0,0,1,1,6,3,-1,-1,-1,-1,-1,-1
201301EK40315,1,9,0,4,0,1,0,0,0,0,2,1,1,1,-1,-1,-1,-1,-1,-1
201301EK40315,2,4,0,18,0,1,0,0,0,0,1,1,2,1,8,599,1,4,7,2
201301EK40316,1,9,0,9,0,8,0,0,0,0,3,1,2,1,9,1560,2,6,4,1
201301EK40316,2,1,0,18,0,8,0,0,0,0,1,1,2,1,6,-1,-1,-1,2,1
201301EK40317,1,19,0,18,0,8,0,0,0,0,2,1,2,1,5,1560,2,2,10,2
201301EK40317,2,1,0,18,0,8,0,0,0,0,1,1,2,1,7,-1,-1,-1,1,1
201301EK40318,1,19,0,18,0,1,0,0,0,0,4,1,1,1,9,4461,2,1,7,3
201301EK40319,1,8,0,18,0,0,0,0,0,0,4,1,1,1,9,1598,1,2,2,1
201301EK40319,2,1,0,18,0,0,0,0,0,0,1,1,2,2,7,-1,-1,-1,3,1
201301EK40320,1,9,0,9,0,2,0,0,0,0,3,1,1,1,6,1598,2,2,3,1
201301EK40321,1,11,0,18,0,8,0,0,0,0,1,1,1,1,5,6700,2,4,2,1
201301EK40321,2,1,0,18,0,8,0,0,0,0,3,1,6,1,7,-1,-1,-1,-1,-1
201301EK40322,1,9,0,18,0,8,0,0,0,0,4,1,1,1,6,1598,1,8,1,1
201301EK40322,2,1,0,18,0,8,0,0,0,0,1,1,6,1,5,-1,-1,-1,4,1
201301EK40323,1,19,0,5,0,8,0,0,0,0,4,1,1,1,6,1461,2,2,10,1
201301EK40324,1,11,0,18,0,0,0,0,0,0,0,1,1,1,-1,9000,2,4,-1,-1
201301EK40326,1,8,0,18,0,2,0,0,0,0,1,1,1,1,10,1896,2,3,8,1
201301EK40327,1,11,0,11,0,0,0,0,0,0,4,1,1,1,7,9200,2,5,2,1
201301EK40327,2,1,0,18,0,0,0,0,1,0,1,1,2,1,7,-1,-1,-1,4,1
201301EK40328,1,9,0,4,0,0,0,0,0,0,2,1,6,2,6,998,1,11,1,1
201301EK40328,2,9,0,18,0,0,0,0,0,0,1,1,6,3,-1,1299,1,9,-1,-1
201301EK40329,1,1,0,18,0,0,0,0,0,0,2,1,2,1,6,-1,-1,-1,1,1
201301EK40329,2,9,0,13,0,0,0,0,0,0,1,1,6,2,-1,1596,1,2,-1,-1
201301EK40330,1,11,0,18,0,0,0,0,0,0,0,1,1,1,7,-1,-1,-1,4,1
201301EK40333,1,19,0,2,6,8,0,0,0,0,1,1,1,1,7,1998,2,10,3,1
201301EK40333,2,19,0,1,8,8,0,4,0,0,2,1,1,1,-1,-1,-1,-1,-1,-1
201301EK40334,1,9,0,13,0,1,0,0,0,0,4,1,1,1,10,-1,-1,-1,6,1
201301EK40334,2,1,0,18,0,1,0,0,0,0,3,1,2,2,6,-1,-1,-1,2,1
201301EK40335,1,9,0,18,0,0,0,0,0,0,1,1,2,1,7,1360,1,12,3,1
201301EK40335,2,1,0,18,0,0,0,0,0,0,2,1,1,1,7,-1,-1,-1,6,1
201301EK40336,1,1,0,18,0,0,0,0,0,0,2,1,2,2,7,-1,-1,-1,3,1
201301EK40336,2,9,0,18,0,0,0,0,0,0,1,1,6,2,-1,-1,-1,-1,-1,-1
201301EK40338,1,1,0,18,0,8,0,0,1,0,3,1,2,1,5,-1,-1,-1,2,1
201301EK40338,2,9,0,18,0,8,0,0,0,0,1,1,6,1,-1,-1,-1,-1,-1,-1
201301EK40339,1,21,0,4,0,8,0,0,0,0,1,1,1,1,6,12882,2,5,1,1
201301EK40339,2,19,0,3,0,8,0,0,0,0,2,1,1,1,8,1560,2,4,2,1
201301EK40342,1,9,0,3,0,1,0,0,0,0,2,1,6,1,7,1598,1,1,8,1
201301EK40342,2,9,0,18,0,1,0,0,0,0,1,1,6,1,-1,-1,-1,-1,7,1
201301EK40343,1,8,0,4,0,0,0,0,0,0,1,1,1,1,8,2402,2,8,-1,-1
201301EK40345,1,1,0,18,0,8,0,0,0,0,1,1,2,1,6,-1,-1,-1,-1,-1
201301EK40345,2,9,0,7,0,8,0,0,0,0,3,1,6,1,-1,1997,1,18,3,1
201301EK40346,1,1,0,18,2,0,0,0,0,0,3,1,2,1,5,-1,-1,-1,2,1
201301EK40346,2,19,0,11,2,0,0,0,0,0,4,1,6,1,-1,-1,-1,-1,-1,-1
201301EK40347,1,8,0,3,0,8,0,0,0,0,3,1,1,1,9,2402,2,10,5,1
201301EK40347,2,9,0,1,0,8,0,0,0,0,2,1,6,1,-1,1968,2,3,-1,-1
201301EK40348,1,9,0,18,0,8,0,0,0,0,2,1,6,1,7,1762,1,17,3,1
201301EK40348,2,19,0,18,0,8,0,0,0,0,1,1,6,1,-1,-1,-1,-1,-1,-1
201301EK40349,1,9,0,18,0,0,0,0,0,0,1,1,6,1,7,1998,1,8,3,1
201301EK40349,2,9,0,6,0,0,0,0,0,0,3,1,6,1,-1,-1,-1,-1,-1,-1
201301EK40351,1,8,0,6,0,8,0,0,0,0,3,1,1,1,7,2499,2,5,6,1
201301EK40351,2,1,0,13,0,8,0,0,0,0,1,1,2,1,8,-1,-1,-1,-1,-1
201301EK40352,1,3,0,9,0,8,0,0,0,0,1,1,6,1,4,125,1,1,3,1
201301EK40352,2,9,0,18,0,8,0,0,0,0,3,1,6,2,7,998,1,6,5,1
201301EK40353,1,9,0,18,0,8,0,4,0,0,3,1,1,1,8,1910,2,3,-1,-1
201301EK40353,2,8,0,18,0,8,0,0,0,0,3,1,1,1,7,1896,2,6,6,1
201301EK40353,3,19,0,2,0,8,0,0,0,0,3,1,1,1,8,2287,2,-1,3,1
201301EK40353,4,8,0,18,0,8,0,0,0,0,3,1,1,1,8,1798,1,7,1,1
201301EK40355,1,3,0,18,0,8,0,0,1,0,4,1,6,1,4,-1,-1,-1,2,1
201301EK40355,2,9,0,9,0,8,0,0,1,0,1,1,6,1,-1,-1,-1,-1,-1,-1
201301EK40356,1,3,0,4,0,8,0,0,1,0,1,1,2,1,6,125,1,5,5,1
201301EK40357,1,9,0,16,0,8,0,0,0,0,3,1,6,2,9,1799,1,4,3,1
201301EK40358,1,1,0,14,0,8,0,0,0,0,4,1,1,1,7,-1,-1,-1,-1,-1
201301EK40358,2,19,0,12,0,8,0,0,0,0,3,1,1,1,6,1796,1,10,3,1
201301EK40359,1,8,0,9,0,8,0,0,0,0,4,1,1,1,8,2148,2,4,-1,-1
201301EK40359,2,8,0,18,0,8,0,0,0,0,1,1,1,1,5,1997,2,2,2,1
201301EK40360,1,3,0,18,0,1,1,0,0,0,4,1,2,1,6,125,1,1,4,1
201301EK40361,1,9,0,9,0,8,0,0,0,0,4,1,6,1,9,4806,1,-1,-1,-1
201301EK40361,2,3,0,18,0,8,0,0,0,0,1,1,6,1,8,244,1,7,2,1
201301EK40363,1,3,0,18,0,8,0,0,0,0,1,1,1,1,6,124,1,6,6,1
201301EK40363,2,9,0,9,0,8,0,0,0,0,3,1,2,1,6,-1,-1,-1,6,1
201301EK40364,1,1,0,18,0,1,0,0,0,0,1,1,2,1,6,-1,-1,-1,2,1
201301EK40365,1,19,0,5,0,1,0,0,0,0,1,1,1,1,8,4580,2,1,4,1
201301EK40366,1,19,0,18,0,0,0,0,0,0,1,1,1,1,5,2198,2,1,2,1
201301EK40368,1,9,0,9,0,8,0,0,0,0,3,1,6,2,4,1229,1,5,8,1
201301EK40368,2,4,0,13,0,8,0,0,0,0,4,1,6,1,5,125,1,3,3,1
201301EK40370,1,9,0,5,0,8,0,0,0,0,1,1,6,1,-1,1368,1,7,-1,-1
201301EK40371,1,9,0,9,0,8,0,0,0,0,4,1,2,1,6,1598,1,9,9,1
201301EK40371,2,9,0,18,0,8,0,0,0,0,1,1,1,1,9,1997,2,1,5,1
201301EK40372,1,5,0,13,0,0,0,0,0,0,1,1,2,1,7,998,1,13,8,3
201301EK40372,2,9,0,18,0,0,0,0,0,0,1,1,6,1,7,1598,1,-1,8,1
201301EK40373,1,9,0,7,0,5,0,0,0,0,4,1,6,3,-1,1997,2,-1,-1,-1
201301EK40373,2,1,0,18,0,1,0,0,0,0,3,1,6,1,-1,-1,-1,-1,-1,-1
201301EK40374,1,9,0,4,0,1,0,0,0,0,2,1,6,1,6,2499,1,4,9,1
201301EK40374,2,3,0,18,0,1,0,0,0,0,1,1,6,1,5,125,1,9,9,1
201301EK40375,1,19,0,6,0,1,0,0,0,0,3,1,6,1,5,2460,2,6,2,1
201301EK40375,2,4,0,18,0,1,0,0,0,0,1,1,6,1,8,499,1,15,3,1
201301EK40376,1,9,0,18,0,1,0,4,0,0,1,1,6,2,-1,1998,1,8,5,1
201301EK40376,2,9,0,2,0,1,0,0,0,0,2,1,6,1,6,1796,1,9,2,1
201301EK40377,1,9,0,9,0,8,0,0,0,0,3,1,1,1,10,2979,1,12,6,1
201301EK40377,2,3,0,13,0,8,0,0,0,0,4,1,2,1,7,125,1,3,3,1
201301EK40378,1,19,0,17,0,0,0,0,0,0,1,1,1,1,7,2998,2,2,3,1
201301EK40378,2,1,0,18,0,0,0,0,0,0,3,1,6,1,5,-1,-1,-1,-1,-1
201301EK40379,1,19,0,4,0,0,0,0,0,0,2,1,2,1,6,1753,2,10,5,1
201301EK40379,2,9,0,4,0,0,0,0,0,0,1,1,2,1,-1,1968,2,1,-1,-1
201301EK40380,1,9,0,18,0,2,0,0,0,0,1,1,6,1,-1,1984,1,16,-1,-1
201301EK40381,1,8,0,9,0,8,0,0,0,0,2,1,1,1,8,1798,8,1,4,1
201301EK40381,2,3,0,9,0,8,0,0,0,0,1,1,6,1,6,125,1,1,7,1
201301EK40382,1,3,0,9,0,8,0,0,0,0,1,1,2,1,7,120,1,13,7,1
201301EK40382,2,1,0,18,0,8,0,0,0,0,3,1,2,1,7,-1,-1,-1,4,1
201301EK40383,1,9,0,7,0,8,0,0,0,0,3,1,6,1,6,1997,2,10,2,1
201301EK40383,2,1,0,18,0,8,0,0,0,0,1,1,2,2,6,-1,-1,-1,2,1
201301EK40384,1,9,0,9,0,8,0,0,0,0,1,1,6,1,9,1598,1,6,6,1
201301EK40384,2,3,0,18,0,8,0,0,0,0,3,1,6,1,6,124,1,-1,2,1
201301EK40385,1,9,0,18,0,0,0,0,0,0,1,1,6,3,-1,-1,-1,-1,-1,-1
201301EK40386,1,9,0,9,0,8,0,0,0,0,1,1,6,1,6,1598,2,1,2,1
201301EK40386,2,2,0,18,0,8,0,0,0,0,3,1,6,1,6,123,1,30,7,1
201301EK40388,1,3,0,9,0,8,0,0,0,0,4,1,6,2,7,124,1,4,8,1
201301EK40388,2,9,0,9,0,8,0,0,0,0,1,1,6,1,-1,1275,1,14,1,1
201301EK40389,1,1,0,18,0,8,0,0,0,0,1,1,6,1,8,-1,-1,-1,2,1
201301EK40389,2,9,0,9,0,8,0,0,0,0,4,1,6,1,-1,-1,-1,-1,-1,-1
201301EK40390,1,1,0,18,0,8,0,0,0,0,1,1,6,1,6,-1,-1,-1,2,1
201301EK40390,2,9,0,9,0,8,0,0,0,0,4,1,6,1,-1,1995,2,8,2,1
201301EK40391,1,9,0,9,0,2,0,0,0,0,2,1,2,2,6,1242,1,5,3,1
201301EK40391,2,9,0,9,0,2,0,0,0,0,1,1,6,2,6,-1,-1,-1,3,1
201301EK40392,1,9,0,1,0,2,0,0,0,0,2,1,1,1,-1,-1,-1,-1,-1,-1
201301EK40393,1,9,0,7,0,8,0,0,0,0,3,1,1,1,10,-1,-1,-1,8,1
201301EK40393,2,1,0,18,0,8,0,0,0,0,1,1,6,2,6,-1,-1,-1,4,1
201301EK40395,1,9,0,9,0,8,0,0,0,0,1,1,6,1,7,-1,-1,-1,3,1
201301EK40395,2,5,0,18,0,8,0,0,0,0,1,1,6,1,6,649,1,3,3,1
201301EK40396,1,9,0,7,0,2,0,0,0,0,1,1,6,1,5,1598,1,12,2,1
201301EK40396,2,9,0,18,0,1,0,0,0,0,3,1,6,1,7,2401,2,9,2,1
201301EK40397,1,5,0,18,0,8,1,0,0,0,1,1,1,1,7,-1,-1,-1,-1,-1
201301EK40397,2,9,0,9,0,8,0,0,0,0,4,1,1,2,-1,1390,1,4,6,1
201301EK40398,1,3,0,13,0,8,0,0,0,0,4,1,6,1,7,125,1,-1,-1,-1
201301EK40398,2,9,0,9,0,8,0,0,0,0,3,1,6,1,8,1798,1,10,8,1
201301EK40399,1,9,0,18,0,0,0,0,0,0,1,1,6,3,-1,-1,-1,-1,-1,-1
201301EK40400,1,11,0,3,0,0,0,0,0,0,0,1,1,1,9,6692,2,4,5,1
201301EK40401,1,9,0,11,0,0,0,0,0,0,4,1,6,1,6,2687,1,7,6,1
201301EK40401,2,3,0,18,0,0,0,0,0,0,3,1,6,1,7,125,1,8,4,1
201301EK40402,1,1,0,18,0,0,0,0,0,0,1,1,6,1,5,-1,-1,-1,4,1
201301EK40403,1,3,0,4,0,2,0,0,0,0,2,1,1,1,6,125,1,3,7,1
201301EK40403,2,9,0,4,0,2,0,0,0,0,1,1,2,1,7,1995,2,8,2,1
201301EK40404,1,11,0,16,0,8,0,0,0,0,0,1,1,1,6,9000,2,4,1,1
201301EK40405,1,11,0,18,0,0,0,0,0,0,0,1,1,1,8,4461,2,-1,3,1
201301EK40406,1,1,0,18,0,0,0,8,0,0,1,1,6,1,7,-1,-1,-1,3,1
201301EK40406,2,9,0,2,0,0,0,0,0,0,3,1,6,1,-1,-1,-1,-1,-1,-1
201301EK40407,1,3,0,18,0,1,0,0,0,0,4,1,1,1,6,125,1,3,-1,-1
201301EK40407,2,19,0,12,0,1,0,0,0,0,3,1,6,3,-1,-1,-1,-1,-1,-1
201301EK40409,1,9,0,18,0,0,0,0,0,0,1,1,6,2,5,1398,1,11,7,1
201301EK40410,1,1,0,9,0,2,0,0,0,0,3,1,2,1,6,-1,-1,-1,-1,-1
201301EK40411,1,2,0,18,0,2,0,0,0,0,1,1,6,2,7,49,1,-1,4,1
201301EK40411,2,9,0,4,0,2,0,0,0,0,2,1,6,1,7,2685,2,10,6,1
201301EK40413,1,9,0,9,0,2,0,0,0,0,1,1,1,1,6,-1,-1,-1,8,1
201301EK40414,1,1,0,3,0,1,0,0,0,0,2,1,6,1,7,-1,-1,-1,1,1
201301EK40414,2,9,0,18,0,1,0,0,0,0,1,1,6,1,-1,1339,1,6,-1,-1
201301EK40415,1,8,0,9,0,5,0,0,0,0,1,1,1,1,9,2402,2,11,8,1
201301EK40416,1,9,0,14,0,8,0,0,0,0,1,1,6,2,4,1598,1,3,5,1
201301EK40416,2,9,0,9,0,8,0,0,0,0,3,1,6,2,5,1796,1,7,7,1
201301EK40417,1,19,0,9,0,8,0,0,0,0,3,1,1,1,8,-1,-1,-1,3,1
201301EK40417,2,1,0,18,0,8,0,0,0,0,1,1,2,1,6,-1,-1,-1,-1,-1
201301EK40418,1,9,0,14,0,0,0,0,0,0,1,1,6,1,-1,2496,2,10,-1,-1
201301EK40419,1,8,0,9,0,8,0,0,0,0,1,1,1,1,9,2499,2,7,5,1
201301EK40419,2,1,0,18,0,8,0,0,0,0,1,1,6,1,6,-1,-1,-1,2,1
201301EK40420,1,9,0,1,0,0,0,0,0,0,2,1,6,3,-1,-1,-1,-1,-1,-1
201301EK40421,1,1,0,18,0,1,0,8,0,0,1,1,2,1,6,-1,-1,-1,3,1
201301EK40421,2,9,0,2,0,1,0,0,0,0,3,1,6,1,-1,1461,2,6,1,1
201301EK40422,1,9,0,4,0,1,0,0,0,0,2,1,6,1,5,2499,1,8,3,1
201301EK40422,2,9,0,18,0,1,0,0,0,0,1,1,6,1,6,1240,1,8,2,1
201301EK40423,1,1,0,15,0,1,0,8,0,0,1,1,6,1,6,-1,-1,-1,5,1
201301EK40423,2,9,0,3,0,1,0,0,0,0,4,1,6,2,-1,1498,1,5,-1,-1
201301EK40424,1,9,0,18,0,1,0,0,0,0,1,1,6,1,9,1397,1,5,3,1
201301EK40426,1,9,0,3,0,1,0,0,0,0,2,1,6,1,-1,1242,1,13,4,1
201301EK40426,2,9,0,18,0,1,0,0,0,0,1,1,6,3,-1,-1,-1,-1,-1,-1
201301EK40427,1,8,0,9,0,6,0,0,0,0,1,1,1,1,-1,-1,-1,-1,6,1
201301EK40427,2,1,0,18,0,8,0,0,0,0,4,1,6,2,6,-1,-1,-1,5,1
201301EK40428,1,1,0,18,0,8,0,0,0,0,3,1,2,2,6,-1,-1,-1,3,1
201301EK40428,2,9,0,9,0,8,0,0,0,0,1,1,6,1,-1,1998,1,-1,-1,-1
201301EK40429,1,1,0,18,0,0,0,0,0,0,2,1,6,2,6,-1,-1,-1,-1,-1
201301EK40429,2,19,0,18,0,0,0,0,0,0,1,1,6,3,-1,1399,2,2,-1,-1
201301EK40430,1,1,0,18,0,8,0,0,0,0,3,1,6,1,7,-1,-1,-1,4,1
201301EK40430,2,8,0,7,0,8,0,0,0,0,4,1,1,1,-1,-1,-1,-1,-1,-1
201301EK40432,1,1,0,18,0,8,0,0,0,0,3,1,6,2,6,-1,-1,-1,1,1
201301EK40432,2,19,0,9,0,8,0,0,0,0,1,1,1,1,6,2143,2,3,4,1
201301EK40434,1,9,0,2,0,2,0,0,0,0,3,1,1,1,7,1896,2,8,1,1
201301EK40434,2,9,0,6,0,2,0,4,0,0,1,1,6,3,-1,-1,-1,-1,-1,-1
201301EK40435,1,9,0,18,0,1,0,0,0,0,1,1,6,3,-1,-1,-1,-1,-1,-1
201301EK40436,1,9,0,16,0,8,0,0,0,0,4,1,1,2,8,1598,1,17,2,1
201301EK40436,2,5,0,18,0,8,0,0,0,0,1,1,1,1,8,1198,1,2,4,1
201301EK40437,1,3,0,15,0,0,0,8,0,0,1,1,6,1,5,125,1,6,1,1
201301EK40437,2,9,0,3,0,0,0,0,0,0,4,1,6,1,6,1997,2,2,-1,1
201301EK40437,3,9,0,2,0,0,0,0,0,0,2,1,6,1,-1,1339,8,-1,4,1
201301EK40438,1,9,0,9,0,8,0,0,0,0,4,1,1,1,6,-1,-1,-1,5,1
201301EK40438,2,1,0,18,0,8,0,0,0,0,1,1,6,1,8,-1,-1,-1,-1,-1
201301EK40439,1,9,0,2,0,0,0,0,0,0,3,1,6,1,9,3311,8,7,3,1
201301EK40439,2,1,0,18,0,0,0,8,0,0,1,1,6,2,6,-1,-1,-1,4,1
201301EK40440,1,1,0,14,0,0,0,0,0,0,1,1,2,1,5,-1,-1,-1,4,1
201301EK40441,1,9,0,18,0,8,0,0,0,0,4,1,6,2,6,1596,1,6,9,1
201301EK40441,2,1,0,18,0,8,0,0,0,0,1,1,6,1,6,-1,-1,-1,3,1
201301EK40442,1,19,0,9,0,8,0,0,0,0,3,1,1,1,9,2143,2,-1,3,1
201301EK40442,2,1,0,13,0,8,0,0,0,0,4,1,2,1,5,-1,-1,-1,1,1
201301EK40443,1,9,0,18,0,8,0,0,0,0,1,1,1,1,7,1582,2,-1,-1,-1
201301EK40443,2,4,0,18,0,8,1,0,0,0,1,1,6,1,4,124,1,2,2,1
201301EK40444,1,11,0,13,0,1,0,0,0,0,4,1,1,3,-1,-1,-1,-1,-1,-1
201301EK40444,2,1,0,18,0,1,0,0,0,0,3,1,6,1,5,-1,-1,-1,6,1
201301EK40445,1,9,0,18,0,0,0,0,0,0,1,1,6,1,5,1753,2,11,2,1
201301EK40445,2,3,0,18,0,0,0,0,0,0,2,1,6,1,4,125,1,2,6,1
201301EK40446,1,8,0,9,0,8,0,0,0,0,3,1,1,1,9,1796,1,8,3,1
201301EK40446,2,8,0,17,0,8,0,0,0,0,1,1,1,1,-1,2499,2,6,10,1
201301EK40447,1,9,0,18,0,0,0,0,0,0,1,1,6,1,7,2400,2,-1,7,1
201301EK40448,1,20,0,18,0,0,0,0,0,0,1,1,1,1,6,11967,2,7,9,1
201301EK40448,2,1,0,18,0,0,0,0,0,0,2,1,2,1,7,-1,-1,-1,6,1
201301EK40449,1,3,0,18,0,8,0,0,0,0,1,1,1,1,7,125,1,6,-1,-1
201301EK40449,2,1,0,18,0,8,0,0,0,0,3,1,1,1,7,-1,-1,-1,-1,-1
201301EK40450,1,3,0,18,0,1,0,0,0,0,1,1,6,1,-1,330,1,1,-1,-1
201301EK40450,2,9,0,3,0,1,0,0,0,0,2,1,6,2,8,1587,1,8,3,1
201301EK40451,1,8,0,18,0,8,0,0,0,0,0,1,2,1,8,1999,1,4,1,1
201301EK40451,2,1,0,18,0,8,0,0,0,0,0,1,6,1,6,-1,-1,-1,3,1
201301EK40452,1,3,0,18,0,2,0,0,0,0,3,1,2,1,8,-1,-1,-1,7,1
201301EK40453,1,9,0,9,0,8,0,0,0,0,4,1,1,2,8,1796,1,3,9,1
201301EK40453,2,3,0,18,0,8,0,0,0,0,1,1,6,1,5,108,1,1,7,1
201301EK40454,1,9,0,11,0,1,0,0,0,0,4,1,1,1,6,1753,2,9,2,1
201301EK40454,2,1,0,18,0,1,0,0,0,0,3,1,2,2,6,-1,-1,-1,3,1
201301EK40455,1,9,0,18,0,8,0,0,0,0,1,1,1,2,6,1398,2,4,4,1
201301EK40455,2,19,0,18,0,8,0,0,0,0,4,1,1,1,8,1996,2,2,3,1
201301EK40456,1,9,0,7,0,5,0,0,0,0,4,1,6,2,4,1229,1,8,1,1
201301EK40456,2,1,0,18,0,1,0,0,0,0,3,1,6,2,6,-1,-1,-1,7,1
201301EK40457,1,9,0,18,0,8,0,0,0,0,4,1,6,1,10,2488,1,8,-1,-1
201301EK40457,2,9,0,18,0,8,0,0,0,0,1,1,6,1,7,1998,2,7,8,1
201301EK40458,1,5,0,18,0,8,0,0,0,0,4,1,6,1,6,125,1,5,4,1
201301EK40458,2,19,0,9,0,6,0,0,0,0,1,1,6,1,-1,2998,2,5,-1,-1
201301EK40459,1,9,0,18,0,0,0,0,0,0,3,1,2,1,6,1798,1,4,2,1
201301EK40460,1,1,0,18,0,0,0,0,0,0,3,1,2,1,7,-1,-1,-1,3,1
201301EK40460,2,11,0,11,0,0,0,0,0,0,4,1,1,1,7,4500,2,4,6,1
201301EK40461,1,5,0,18,0,0,0,0,0,0,3,1,6,1,7,599,1,3,1,1
201301EK40462,1,8,0,18,0,1,0,0,0,0,1,1,1,1,9,1998,2,6,3,1
201301EK40462,2,9,0,4,0,1,0,0,0,0,2,1,6,1,-1,-1,-1,-1,-1,-1
201301EK40463,1,9,0,18,0,0,0,0,0,0,4,1,6,1,6,1968,2,-1,2,1
201301EK40464,1,1,0,4,0,1,0,0,0,0,2,1,6,2,6,-1,-1,-1,2,1
201301EK40464,2,9,0,18,0,1,0,0,0,0,1,1,6,1,-1,1248,2,8,7,1
201301EK40465,1,8,0,7,0,8,0,0,0,0,1,1,2,1,7,2231,2,5,6,1
201301EK40465,2,1,0,18,0,8,0,0,0,0,4,1,6,1,7,-1,-1,-1,1,1