Accident_Index,Vehicle_Reference,Vehicle_Type,Towing_and_Articulation,Vehicle_Manoeuvre,Vehicle_Location-Restricted_Lane,Junction_Location,Skidding_and_Overturning,Hit_Object_in_Carriageway,Vehicle_Leaving_Carriageway,Hit_Object_off_Carriageway,1st_Point_of_Impact,Was_Vehicle_Left_Hand_Drive?,Journey_Purpose_of_Driver,Sex_of_Driver,Age_Band_of_Driver,Engine_Capacity_(CC),Propulsion_Code,Age_of_Vehicle,Driver_IMD_Decile,Driver_Home_Area_Type
201301EK40668,1,11,0,18,0,1,0,0,0,0,0,1,1,1,9,6692,2,4,5,1
201301EK40669,1,9,0,7,0,8,0,0,0,0,4,1,6,1,8,1587,1,11,2,1
201301EK40669,2,1,0,18,0,8,0,0,0,0,1,1,6,1,6,-1,-1,-1,3,1
201301EK40670,1,11,0,2,0,1,0,0,0,0,4,1,1,3,-1,6692,2,4,-1,-1
201301EK40671,1,9,0,18,0,8,0,0,0,0,4,1,6,1,7,1797,8,3,8,1
201301EK40671,2,9,0,7,0,8,0,0,0,0,1,1,6,2,9,-1,-1,-1,7,1
201301EK40672,1,8,0,18,0,1,0,0,0,0,1,1,1,1,9,2499,2,3,9,1
201301EK40673,1,9,0,18,0,0,0,0,0,0,1,1,1,1,6,2148,2,6,-1,-1
201301EK40674,1,11,0,16,0,0,0,0,0,0,0,1,1,2,8,4461,2,-1,3,1
201301EK40675,1,21,0,4,0,1,0,0,0,0,2,1,1,1,8,12130,2,9,7,3
201301EK40675,2,9,0,18,0,1,0,0,0,0,1,1,6,1,6,1796,1,8,3,1
201301EK40677,1,9,0,9,0,8,0,0,0,0,1,1,6,1,5,1598,1,3,2,1
201301EK40677,2,1,0,18,0,8,0,0,0,0,1,1,6,1,8,-1,-1,-1,8,3
201301EK40678,1,3,0,18,0,2,0,0,0,0,1,1,6,1,6,125,1,-1,10,1
201301EK40679,1,11,0,3,0,0,0,0,0,0,2,1,1,1,8,12600,2,8,6,1
201301EK40679,2,9,0,18,0,0,0,0,0,0,1,1,2,2,7,1998,1,8,7,1
201301EK40680,1,9,0,18,0,1,0,0,0,0,1,1,6,1,8,1968,2,6,5,1
201301EK40681,1,9,0,9,0,8,0,0,0,0,4,1,1,1,10,1997,2,-1,6,3
201301EK40681,2,5,0,18,0,8,0,0,0,0,1,1,6,2,7,749,1,3,4,1
201301EK40682,1,1,0,18,0,0,0,4,0,0,1,1,2,1,5,-1,-1,-1,4,1
201301EK40682,2,9,0,2,0,0,0,0,0,0,2,1,6,3,-1,-1,-1,-1,-1,-1
201301EK40684,1,9,0,5,0,1,0,0,0,0,3,1,1,1,6,1600,1,2,5,1
201301EK40684,2,4,0,18,0,1,0,0,0,0,1,1,6,1,9,249,1,3,4,1
201301EK40685,1,9,0,7,0,5,0,0,0,0,4,1,6,3,-1,-1,-1,-1,-1,-1
201301EK40685,2,1,0,18,0,1,0,0,0,0,3,1,6,1,6,-1,-1,-1,1,1
201301EK40686,1,9,0,7,0,5,0,0,0,0,4,1,6,2,7,1198,1,7,-1,-1
201301EK40686,2,1,0,18,0,1,0,0,0,0,3,1,6,1,4,-1,-1,-1,2,1
201301EK40687,1,9,0,18,0,2,0,0,0,0,1,1,6,3,-1,-1,-1,-1,-1,-1
201301EK40688,1,8,0,18,0,1,0,0,0,0,1,1,1,1,8,2499,2,-1,8,1
201301EK40690,1,9,0,3,0,8,0,0,0,0,2,1,6,1,8,-1,-1,-1,2,1
201301EK40690,2,9,0,4,0,8,0,0,0,0,1,1,6,3,-1,-1,-1,-1,-1,-1
201301EK40691,1,2,0,18,0,1,0,0,0,0,3,1,6,1,4,49,1,12,-1,-1
201301EK40692,1,1,0,18,0,8,0,0,0,0,3,1,6,1,8,-1,-1,-1,8,1
201301EK40692,2,9,0,9,0,8,0,0,0,0,1,1,6,3,-1,2435,1,9,-1,-1
201301EK40693,1,9,0,9,0,8,0,0,0,0,4,1,6,2,7,1388,1,3,6,1
201301EK40693,2,2,0,18,0,8,0,0,0,0,1,1,6,1,4,125,1,2,-1,-1
201301EK40694,1,9,0,7,0,8,0,0,0,0,4,1,6,1,7,-1,-1,-1,3,1
201301EK40694,2,1,0,7,0,8,0,0,0,0,1,1,6,2,4,-1,-1,-1,5,1
201301EK40695,1,9,0,9,0,8,0,0,0,0,3,1,6,2,5,999,1,12,4,1
201301EK40695,2,19,0,18,0,8,0,0,0,0,1,1,6,1,-1,-1,-1,-1,-1,-1
201301EK40696,1,9,0,7,0,5,0,0,0,0,4,1,6,1,5,-1,-1,-1,2,1
201301EK40696,2,1,0,18,0,1,0,0,0,0,3,1,6,2,6,-1,-1,-1,4,1
201301EK40697,1,1,0,18,0,1,0,0,0,0,2,1,2,1,6,-1,-1,-1,1,1
201301EK40697,2,3,0,18,0,1,0,0,0,0,1,1,1,1,-1,-1,-1,-1,-1,-1
201301EK40699,1,9,0,18,0,1,0,0,0,0,1,1,1,1,9,-1,-1,-1,9,1
201301EK40700,1,9,0,18,0,0,0,0,0,0,1,1,1,2,6,1339,8,-1,5,1
201301EK40700,2,9,0,4,0,0,0,0,0,0,2,1,1,1,-1,-1,-1,-1,-1,-1
201301EK40701,1,1,0,18,0,0,0,4,0,0,4,1,6,2,9,-1,-1,-1,2,1
201301EK40701,2,19,0,2,0,0,0,0,0,0,3,1,6,1,9,1360,1,4,4,1
201301EK40702,1,9,0,18,0,0,0,4,0,0,3,1,2,2,6,1999,1,12,3,1
201301EK40702,2,9,0,2,0,0,0,0,0,0,4,1,6,3,-1,1396,1,4,-1,-1
201301EK40703,1,1,0,18,0,1,0,0,0,0,1,1,2,1,6,-1,-1,-1,1,1
201301EK40703,2,1,0,18,0,1,0,0,0,0,2,1,2,2,8,-1,-1,-1,3,1
201301EK40704,1,8,0,18,0,0,0,0,0,0,1,1,1,1,8,2499,2,6,3,1
201301EK40705,1,9,0,18,0,1,0,0,0,0,1,1,2,1,8,1598,1,5,-1,-1
201301EK40706,1,19,0,18,0,0,0,0,0,0,1,1,1,1,5,-1,-1,-1,-1,-1
201301EK40707,1,5,0,18,0,0,0,0,0,0,1,1,6,1,5,-1,-1,-1,-1,-1
201301EK40709,1,9,0,17,0,8,0,0,0,0,1,1,2,1,8,998,1,13,2,1
201301EK40709,2,1,0,9,0,8,0,0,0,0,1,1,2,1,6,-1,-1,-1,10,1
201301EK40710,1,20,0,2,0,0,0,0,0,0,3,1,6,1,6,3920,2,10,-1,-1
201301EK40710,2,1,0,18,0,0,0,8,0,0,1,1,6,2,7,-1,-1,-1,-1,-1
201301EK40711,1,11,0,18,0,2,0,0,0,0,0,1,1,1,8,4461,2,-1,-1,-1
201301EK40712,1,3,0,18,0,0,1,0,0,0,3,1,6,1,7,108,1,2,3,1
201301EK40713,1,9,0,4,0,0,0,0,0,0,2,1,6,1,6,1360,1,3,4,1
201301EK40713,2,9,0,18,0,0,0,0,0,0,1,1,6,1,-1,2656,1,10,-1,-1
201301EK40715,1,1,0,18,0,0,0,0,0,0,1,1,6,3,-1,-1,-1,-1,-1,-1
201301EK40716,1,9,0,4,0,2,0,0,0,0,2,1,6,1,8,2987,2,1,-1,-1
201301EK40716,2,9,0,18,0,2,0,0,0,0,1,1,1,1,6,-1,-1,-1,7,1
201301EK40717,1,1,0,14,0,1,0,0,0,0,1,1,6,1,8,-1,-1,-1,1,1
201301EK40717,2,9,0,2,0,1,0,0,0,0,3,1,6,1,-1,1995,2,4,-1,-1
201301EK40718,1,9,0,12,0,1,0,0,0,0,3,1,6,1,8,1798,1,8,-1,-1
201301EK40718,2,3,0,18,0,1,0,0,0,0,4,1,1,1,6,125,1,-1,6,1
201301EK40719,1,19,0,18,0,8,0,0,0,0,1,1,6,1,9,2198,2,1,4,1
201301EK40719,2,8,0,18,0,8,0,0,0,0,4,1,1,1,7,1997,2,9,3,1
201301EK40720,1,3,0,9,0,8,0,0,0,0,3,1,6,1,8,124,1,7,5,1
201301EK40721,1,1,0,17,0,1,0,0,0,0,2,1,2,2,9,-1,-1,-1,2,1
201301EK40721,2,9,0,17,0,1,0,0,0,0,1,1,6,1,4,1598,1,-1,7,1
201301EK40722,1,9,0,5,0,1,0,0,0,0,3,1,2,2,6,1781,1,7,1,1
201301EK40722,2,1,0,18,0,1,0,0,0,0,4,1,2,1,7,-1,-1,-1,3,1
201301EK40723,1,5,0,18,0,8,0,0,0,0,4,1,1,1,-1,-1,-1,-1,-1,-1
201301EK40723,2,9,0,9,0,6,0,0,0,0,1,1,6,1,6,1796,1,9,6,1
201301EK40724,1,11,0,18,0,1,0,0,0,0,1,1,1,1,8,8268,2,10,2,1
201301EK40725,1,1,0,18,0,0,0,0,0,0,1,1,6,1,-1,-1,-1,-1,-1,-1
201301EK40725,2,9,0,4,0,0,0,0,0,0,2,1,6,1,7,-1,-1,-1,2,1
201301EK40726,1,5,0,18,0,8,0,0,0,0,4,1,6,1,7,-1,-1,-1,5,1
201301EK40726,2,19,0,9,0,5,0,0,0,0,1,1,6,1,7,-1,-1,-1,3,1
201301EK40727,1,9,0,7,0,5,0,0,0,0,4,1,2,1,7,2993,2,2,10,1
201301EK40727,2,1,0,18,0,1,0,0,0,0,3,1,6,1,9,-1,-1,-1,3,1
201301EK40728,1,11,0,18,0,0,0,0,0,0,1,1,1,1,6,8300,2,7,3,1
201301EK40729,1,19,0,3,0,1,0,0,0,0,2,1,6,1,6,1248,2,7,5,1
201301EK40729,2,9,0,4,0,1,0,0,0,0,2,1,6,2,8,1498,1,6,10,2
201301EK40729,3,9,0,18,0,1,0,0,0,0,1,1,6,1,6,1598,1,7,3,1
201301EK40730,1,19,0,18,0,1,0,0,0,0,1,1,1,1,6,2298,2,-1,10,2
201301EK40730,2,5,0,18,0,1,0,0,0,0,2,1,1,1,8,600,1,16,5,1
201301EK40731,1,9,0,9,0,8,0,0,0,0,3,1,6,1,8,2993,2,2,7,1
201301EK40731,2,3,0,18,0,8,0,0,0,0,1,1,6,1,4,125,1,7,3,1
201301EK40733,1,5,0,13,0,8,0,0,0,0,4,1,1,1,6,600,1,11,3,1
201301EK40733,2,9,0,9,0,8,0,0,0,0,3,1,6,1,7,1769,1,9,2,1
201301EK40734,1,9,0,18,0,2,0,10,1,10,1,1,6,2,11,1118,1,21,-1,-1
201301EK40735,1,1,0,18,0,1,0,4,0,0,1,1,6,1,6,-1,-1,-1,2,1
201301EK40735,2,9,0,2,0,1,0,0,0,0,2,1,6,1,8,1699,1,4,9,1
201301EK40736,1,9,0,18,0,8,0,0,0,0,1,1,6,2,10,1395,1,-1,7,1
201301EK40736,2,11,0,18,0,8,0,0,0,0,1,1,1,1,-1,3900,2,7,5,1
201301EK40737,1,20,0,18,0,1,0,0,0,0,1,1,1,1,6,-1,-1,-1,3,1
201301EK40738,1,1,0,18,0,1,0,0,0,0,1,1,6,1,6,-1,-1,-1,-1,-1
201301EK40739,1,1,0,14,0,1,0,8,0,0,1,1,6,1,6,-1,-1,-1,-1,-1
201301EK40739,2,9,0,2,0,1,0,0,0,0,3,1,6,3,-1,-1,-1,-1,-1,-1
201301EK40740,1,1,0,18,0,8,0,0,0,0,1,1,6,1,7,-1,-1,-1,-1,-1
201301EK40740,2,8,0,9,0,8,0,0,0,0,4,1,1,1,-1,2402,2,8,-1,-1
201301EK40741,1,11,0,18,0,1,0,0,0,0,0,1,1,1,8,4461,2,-1,1,1
201301EK40742,1,19,0,1,0,2,0,0,0,0,2,1,1,1,6,2402,2,10,2,1
201301EK40742,2,3,0,3,0,1,0,0,0,0,1,1,6,1,6,124,1,11,2,1
201301EK40743,1,9,0,18,0,8,0,0,0,0,3,1,6,2,8,1598,1,9,7,1
201301EK40743,2,3,0,18,0,8,0,0,0,0,1,1,6,1,-1,-1,-1,-1,-1,-1
201301EK40745,1,19,0,1,0,2,0,0,0,0,2,1,1,1,8,1968,2,1,3,1
201301EK40745,2,4,0,3,0,1,0,0,0,0,1,1,6,1,7,1200,1,13,9,1
201301EK40746,1,9,0,18,0,1,0,0,0,0,1,1,6,1,5,1598,1,5,2,1
201301EK40747,1,9,0,18,0,1,0,0,0,0,1,1,6,3,-1,-1,-1,-1,-1,-1
201301EK40748,1,9,0,18,0,2,0,0,0,0,1,1,6,3,-1,-1,-1,-1,-1,-1
201301EK40749,1,9,0,18,0,1,0,0,0,0,1,1,1,1,7,-1,-1,-1,-1,-1
201301EK40750,1,9,0,3,0,0,0,0,0,0,2,1,6,2,7,1797,8,2,6,2
201301EK40750,2,9,0,18,0,0,0,0,0,0,1,1,6,1,-1,1968,2,5,-1,-1
201301EK40751,1,9,0,18,0,1,0,0,0,0,1,1,1,1,8,1798,1,2,5,1
201301EK40752,1,9,0,3,0,1,0,0,0,0,2,1,6,2,8,1796,1,11,2,1
201301EK40752,2,19,0,18,0,1,0,0,0,0,1,1,6,3,-1,1996,2,2,-1,-1
201301EK40755,1,1,0,18,0,1,0,0,0,0,1,1,6,3,-1,-1,-1,-1,-1,-1
201301EK40757,1,9,0,3,0,1,0,0,0,0,2,1,6,1,6,1968,2,3,4,1
201301EK40757,2,19,0,4,0,1,0,0,0,0,1,1,6,3,-1,2402,2,5,-1,-1
201301EK40759,1,9,0,18,0,1,0,0,0,0,1,1,6,3,-1,-1,-1,-1,-1,-1
201301EK40761,1,5,0,18,0,2,0,0,0,0,1,1,6,1,6,656,1,3,-1,-1
201301EK40762,1,1,0,18,0,1,0,0,0,0,3,1,6,1,7,-1,-1,-1,4,1
201301EK40762,2,9,0,11,0,1,0,0,0,0,4,1,6,3,-1,2378,1,8,-1,-1
201301EK40763,1,9,0,4,0,0,0,0,0,0,2,1,1,1,8,2290,1,14,3,1
201301EK40763,2,19,0,18,0,0,0,0,0,0,1,1,6,3,-1,-1,-1,-1,-1,-1
201301EK40764,1,9,0,9,0,8,0,0,0,0,4,1,1,1,7,1968,2,5,4,1
201301EK40764,2,1,0,18,0,8,0,0,0,0,1,1,6,1,5,-1,-1,-1,4,1
201301EK40765,1,5,0,18,0,8,0,0,0,0,1,1,6,1,7,749,1,8,3,1
201301EK40765,2,9,0,7,0,8,0,0,0,0,3,1,6,1,9,2993,2,2,10,2
201301EK40766,1,19,0,18,0,1,0,0,0,0,2,1,1,1,7,2198,2,-1,1,1
201301EK40766,2,3,0,13,0,1,0,0,0,0,1,1,1,1,6,108,1,1,1,1
201301EK40767,1,9,0,18,0,1,0,0,0,0,1,1,6,1,5,1390,1,8,4,1
201301EK40767,2,1,0,18,0,1,0,0,0,0,3,1,6,1,6,-1,-1,-1,1,1
201301EK40768,1,8,0,14,0,1,0,0,0,0,1,1,1,1,7,1896,2,8,-1,-1
201301EK40769,1,21,0,18,0,1,0,0,0,0,2,1,1,1,-1,-1,-1,-1,-1,-1
201301EK40769,2,3,0,13,0,1,0,0,0,0,1,1,6,1,6,125,1,7,-1,-1
201301EK40770,1,11,0,4,0,1,0,0,0,0,0,1,1,3,-1,-1,-1,-1,-1,-1
201301EK40771,1,9,0,18,0,8,0,0,0,0,1,1,6,1,-1,2926,2,12,-1,-1
201301EK40771,2,9,0,18,0,8,0,0,0,0,3,1,6,1,-1,1598,1,-1,-1,-1
201301EK40772,1,1,0,18,0,0,0,0,0,0,3,1,6,1,6,-1,-1,-1,4,1
201301EK40772,2,9,0,13,0,0,0,0,0,0,4,1,6,2,-1,-1,-1,-1,-1,-1
201301EK40774,1,9,0,4,0,1,0,0,0,0,2,1,6,1,7,-1,-1,-1,7,3
201301EK40774,2,9,0,18,0,1,0,0,0,0,1,1,6,1,-1,2967,2,6,2,1
201301EK40775,1,9,0,18,0,1,0,0,0,0,1,1,6,1,5,1598,1,3,-1,-1
201301EK40776,1,11,0,18,0,1,0,0,0,0,1,1,1,1,9,6700,2,6,6,1
201301EK40777,1,8,0,12,0,1,0,0,0,0,3,1,1,1,8,2402,2,8,1,1
201301EK40777,2,3,0,18,0,1,0,0,0,0,4,1,6,1,6,124,1,10,2,1
201301EK40778,1,19,0,4,0,1,0,0,0,0,2,1,6,1,6,1968,2,7,9,1
201301EK40778,2,9,0,4,0,1,0,0,0,0,1,1,6,1,7,2148,2,5,7,1
201301EK40779,1,3,0,4,0,1,0,0,0,0,1,1,6,1,7,-1,-1,-1,10,1
201301EK40779,2,19,0,3,0,1,0,0,0,0,2,1,1,2,6,2800,2,11,-1,-1
201301EK40780,1,9,0,18,0,8,0,0,0,0,1,1,6,1,5,1997,2,3,-1,-1
201301EK40780,2,1,0,18,0,8,0,0,0,0,4,1,6,1,5,-1,-1,-1,2,1
201301EK40781,1,9,0,9,0,8,0,0,0,0,1,1,1,1,8,1686,2,1,3,1
201301EK40781,2,9,0,18,0,8,0,0,0,0,3,1,1,1,6,2987,2,4,4,1
201301EK40783,1,9,0,18,0,1,1,10,2,2,4,1,6,1,6,-1,-1,-1,7,1
201301EK40783,2,9,0,18,0,1,0,0,0,0,4,1,6,2,5,1598,2,-1,4,1
201301EK40783,3,9,0,18,0,1,0,0,0,0,4,1,6,1,5,3246,1,12,6,1
201301EK40784,1,9,0,18,0,1,0,4,0,0,1,1,6,2,10,1598,1,4,-1,-1
201301EK40784,2,9,0,2,0,1,0,0,0,0,2,1,6,3,-1,1968,2,8,-1,-1
201301EK40785,1,1,0,18,0,2,0,0,0,0,1,1,6,1,-1,-1,-1,-1,-1,-1
201301EK40786,1,9,0,4,0,1,0,0,0,0,2,1,6,1,6,2987,2,3,3,1
201301EK40786,2,3,0,4,0,1,0,0,0,0,1,1,6,1,8,125,1,-1,-1,-1
201301EK40788,1,9,0,4,0,8,0,0,0,0,2,1,6,1,6,1299,1,9,7,1
201301EK40788,2,9,0,4,0,8,0,0,0,0,1,1,6,1,-1,2494,1,15,3,1
201301EK40789,1,9,0,9,0,8,0,0,0,0,3,1,6,1,7,1798,1,3,5,1
201301EK40789,2,5,0,18,0,8,0,0,0,0,1,1,6,1,6,645,1,3,-1,-1
201301EK40790,1,21,0,13,0,1,0,0,0,0,1,1,1,1,8,6870,2,2,-1,-1
201301EK40790,2,1,0,18,0,1,0,0,0,0,2,1,6,1,8,-1,-1,-1,3,1
201301EK40791,1,19,0,2,0,1,0,0,0,0,3,1,1,1,8,2198,2,6,3,1
201301EK40791,2,1,0,14,0,1,0,8,0,0,1,1,6,1,7,-1,-1,-1,2,1
201301EK40792,1,11,0,4,0,1,0,0,0,0,0,1,1,1,8,6692,2,2,1,1
201301EK40793,1,19,0,14,0,1,0,0,0,0,1,1,1,1,8,2143,2,1,5,1
201301EK40794,1,19,0,1,0,2,0,0,0,0,2,1,1,1,8,-1,-1,-1,3,1
201301EK40796,1,8,0,18,0,1,0,0,0,0,1,1,1,1,9,2499,2,6,-1,-1
201301EK40797,1,9,0,9,0,8,0,0,0,0,4,1,6,1,6,2143,2,3,-1,-1
201301EK40797,2,1,0,18,0,8,0,0,0,0,1,1,6,1,6,-1,-1,-1,5,1
201301EK40798,1,11,0,5,0,2,0,0,0,0,0,1,1,1,7,4760,2,-1,2,1
201301EK40799,1,11,0,5,0,1,0,0,0,0,4,1,6,3,-1,-1,-1,-1,-1,-1
201301EK40800,1,9,0,18,0,1,0,0,0,0,1,1,6,2,5,1995,2,3,2,1
201301EK40801,1,8,0,4,0,1,0,0,0,0,2,1,1,1,7,2993,2,1,5,1
201301EK40801,2,9,0,4,0,1,0,0,0,0,1,1,6,2,11,1339,1,5,7,1
201301EK40804,1,8,0,18,0,1,0,0,0,0,1,1,1,1,9,2402,2,10,9,1
201301EK40805,1,9,0,4,0,1,0,0,0,0,2,1,1,1,7,-1,-1,-1,1,1
201301EK40805,2,4,0,4,0,1,0,0,0,0,1,1,6,2,5,124,1,5,1,1
201301EK40806,1,9,0,18,0,1,0,0,0,0,4,1,6,1,6,-1,-1,-1,6,1
201301EK40806,2,9,0,12,0,1,0,0,0,0,3,1,6,1,-1,2993,2,4,-1,-1
201301EK40807,1,9,0,18,0,1,0,0,0,0,1,1,6,3,-1,-1,-1,-1,-1,-1
201301EK40808,1,9,0,18,0,1,0,0,0,0,1,1,6,1,6,1968,2,3,3,1
201301EK40809,1,9,0,2,0,2,0,0,0,0,3,1,6,1,7,2000,2,6,6,1
201301EK40809,2,1,0,14,0,2,0,8,0,0,1,1,6,2,8,-1,-1,-1,2,1
201301EK40810,1,3,0,5,0,0,0,0,0,0,2,1,6,1,7,125,1,3,5,1
201301EK40810,2,9,0,18,0,0,0,0,0,0,1,1,6,1,8,1968,2,7,2,1
201301EK40811,1,9,0,18,0,1,0,0,0,0,1,1,6,3,-1,-1,-1,-1,-1,-1
201301EK40812,1,11,0,5,0,1,0,0,0,0,0,1,1,1,8,4760,2,1,1,1
201301EK40814,1,8,0,1,0,2,0,0,0,0,2,1,1,1,9,1896,2,4,3,1
201301EK40815,1,9,0,18,0,2,0,0,0,0,1,1,6,1,8,1598,1,9,1,1
201301EK40816,1,3,0,4,0,1,0,0,0,0,0,1,6,1,4,124,1,1,-1,-1
201301EK40817,1,9,0,18,0,1,0,0,0,0,1,1,6,3,-1,2461,2,4,-1,-1
201301EK40818,1,8,0,18,0,2,0,0,0,0,1,1,1,1,9,1797,8,2,7,1
201301EK40821,1,9,0,9,0,8,0,0,0,0,3,1,6,2,8,2000,1,8,8,1
201301EK40821,2,1,0,18,0,8,0,0,0,0,1,1,6,1,4,-1,-1,-1,8,1
201301EK40822,1,1,0,18,0,8,0,0,0,0,1,1,6,1,5,-1,-1,-1,5,1
201301EK40823,1,1,0,18,0,1,0,0,0,0,2,1,6,1,7,-1,-1,-1,-1,-1
201301EK40823,2,9,0,13,0,1,0,0,0,0,1,1,6,1,-1,-1,-1,-1,-1,-1
201301EK40824,1,19,0,18,0,0,0,0,0,0,1,1,1,1,8,-1,-1,-1,3,1
201301EK40825,1,9,0,9,0,2,0,0,0,0,3,1,6,2,7,1598,1,5,4,1
201301EK40826,1,9,0,9,0,0,0,0,0,0,3,1,2,1,10,1398,1,-1,5,1
201301EK40826,2,3,0,18,0,0,0,0,0,0,1,1,6,1,6,124,1,-1,7,1
201301EK40827,1,9,0,2,0,1,0,0,0,0,1,1,6,2,9,2987,2,4,4,2
201301EK40827,2,9,0,1,0,2,0,4,0,0,2,1,6,3,-1,2521,1,7,-1,-1
201301EK40828,1,9,0,4,0,1,0,0,0,0,1,1,6,2,6,1598,1,14,7,1
201301EK40828,2,9,0,4,0,1,0,0,0,0,2,1,6,1,-1,1896,2,7,2,1
201301EK40829,1,8,0,2,0,2,0,0,0,0,1,1,1,1,7,2402,2,9,10,1
201301EK40829,2,9,0,1,0,1,0,0,0,0,2,1,6,2,7,1598,1,-1,1,1
201301EK40831,1,19,0,18,0,2,0,0,0,0,1,1,1,1,8,1560,2,6,7,1
201301EK40832,1,11,0,18,0,2,0,0,0,0,4,1,1,3,-1,9000,2,3,-1,-1
201301EK40833,1,1,0,18,0,8,0,0,0,0,1,1,6,1,5,-1,-1,-1,3,1
201301EK40833,2,9,0,7,0,8,0,0,0,0,3,1,6,1,9,1242,1,-1,-1,-1
201301EK40834,1,8,0,3,0,1,0,0,0,0,4,1,1,2,8,2402,2,8,2,1
201301EK40834,2,1,0,15,0,1,0,8,0,0,1,1,2,1,6,-1,-1,-1,2,1
201301EK40835,1,3,0,13,0,8,0,0,0,0,1,1,6,1,4,-1,-1,-1,-1,-1
201301EK40835,2,9,0,6,0,8,0,0,0,0,3,1,1,2,-1,-1,-1,-1,-1,-1
201301EK40836,1,8,0,18,0,2,0,0,0,0,1,1,1,1,8,2499,2,4,8,1
201301EK40837,1,11,0,3,0,1,0,0,0,0,3,1,1,2,8,3900,2,8,2,1
201301EK40837,2,19,0,14,0,1,0,0,0,0,4,1,6,1,11,1461,2,9,4,1
201301EK40838,1,3,0,7,0,5,0,0,0,0,4,1,2,1,7,125,1,9,2,1
201301EK40839,1,3,0,3,0,2,0,0,0,0,1,1,6,1,7,125,1,4,2,1
201301EK40839,2,21,0,1,0,2,0,0,0,0,2,1,1,1,7,4764,2,-1,9,2
201301EK40841,1,9,0,9,0,8,0,0,0,0,3,1,6,2,10,2976,1,10,7,1
201301EK40841,2,3,0,18,0,8,0,0,0,0,1,1,1,1,6,124,1,5,3,1
201301EK40843,1,9,0,18,0,1,0,0,0,0,1,1,6,1,8,2143,2,3,2,1
201301EK40844,1,9,0,1,0,1,0,0,0,0,2,1,6,1,-1,1896,2,10,-1,-1
201301EK40847,1,9,0,7,0,5,0,0,0,0,4,1,6,1,7,-1,-1,-1,2,1
201301EK40847,2,1,0,18,0,1,0,0,0,0,3,1,2,2,6,-1,-1,-1,-1,-1
201301EK40848,1,8,0,18,0,1,0,0,0,0,1,1,1,1,8,1796,1,6,4,1
201301EK40849,1,11,0,18,0,2,0,0,0,0,4,1,1,3,-1,-1,-1,-1,-1,-1
201301EK40850,1,11,0,5,0,0,0,0,0,0,0,1,1,1,6,6700,2,4,1,1
201301EK40852,1,5,0,9,0,8,0,0,0,0,2,1,2,1,9,1298,1,4,2,1
201301EK40852,2,5,0,18,0,8,0,0,0,0,1,1,2,1,8,1170,1,-1,10,1
201301EK40853,1,1,0,9,0,2,0,0,0,0,3,1,6,1,8,-1,-1,-1,3,1
201301EK40856,1,9,0,18,0,1,0,0,0,0,4,1,6,2,-1,2401,2,7,-1,-1
201301EK40857,1,1,0,9,0,8,0,0,0,0,3,1,2,1,7,-1,-1,-1,3,1
201301EK40858,1,1,0,18,0,2,0,0,0,0,3,1,6,1,8,-1,-1,-1,5,1
201301EK40858,2,9,0,13,0,2,0,0,0,0,4,1,6,3,-1,1560,2,-1,-1,-1
201301EK40859,1,9,0,18,0,0,0,4,0,0,1,1,2,1,6,2688,2,9,6,1
201301EK40859,2,9,0,2,0,0,0,0,0,0,4,1,6,1,7,1896,2,5,1,1
201301EK40861,1,1,0,18,0,0,0,4,0,0,1,1,6,1,6,-1,-1,-1,2,1
201301EK40861,2,9,0,2,0,0,0,0,0,0,2,1,6,1,-1,1582,2,4,2,1
201301EK40863,1,5,0,18,0,0,0,0,0,0,1,1,2,1,7,1050,1,8,10,1
201301EK40865,1,5,0,18,0,1,0,0,0,0,1,1,2,2,6,676,1,11,3,1
201301EK40866,1,1,0,18,0,0,0,0,0,0,3,1,6,1,6,-1,-1,-1,5,1
201301EK40867,1,9,0,18,9,0,0,10,1,10,1,1,6,2,5,1242,1,11,1,1
201301EK40868,1,9,0,9,0,2,0,0,0,0,1,1,1,1,6,1360,1,10,9,1
201301EK40869,1,19,0,9,0,8,0,0,0,0,4,1,2,1,7,1560,2,-1,5,1
201301EK40869,2,1,0,18,0,8,0,0,0,0,1,1,6,1,6,-1,-1,-1,2,1
201301EK40870,1,9,0,9,0,8,0,0,0,0,4,1,1,1,9,1400,1,6,9,1
201301EK40870,2,5,0,18,0,8,0,0,0,0,1,1,1,1,7,599,1,11,2,1
201301EK40871,1,9,0,18,0,0,0,4,0,0,1,1,6,1,9,1596,1,-1,4,1
201301EK40871,2,9,0,2,0,0,0,0,0,0,4,1,6,1,-1,-1,-1,-1,9,1
201301EK40872,1,1,0,18,0,8,0,0,0,0,1,1,6,1,7,-1,-1,-1,3,1
201301EK40872,2,8,0,9,0,8,0,0,0,0,3,1,6,3,-1,-1,-1,-1,-1,-1
201301EK40873,1,1,0,5,0,1,0,0,0,0,2,1,2,1,7,-1,-1,-1,4,1
201301EK40873,2,9,0,5,0,1,0,0,0,0,1,1,6,2,-1,1396,1,20,-1,-1
201301EK40875,1,1,0,18,0,1,0,0,0,0,3,1,6,1,6,-1,-1,-1,5,1
201301EK40875,2,9,0,7,0,5,0,0,0,0,4,1,6,1,-1,1995,1,11,-1,-1
201301EK40877,1,9,0,13,0,2,0,0,0,0,4,1,6,1,8,1390,1,11,4,1
201301EK40877,2,1,0,18,0,2,0,0,0,0,3,1,6,1,8,-1,-1,-1,3,1
201301EK40878,1,1,0,18,0,8,0,0,0,0,1,1,2,2,5,-1,-1,-1,2,1
201301EK40878,2,8,0,9,0,8,0,0,0,0,4,1,1,1,-1,1997,2,1,-1,-1
201301EK40879,1,3,0,18,0,1,0,12,0,0,1,1,6,1,5,124,1,11,4,1
201301EK40880,1,9,0,18,0,0,0,0,0,0,1,1,6,2,-1,1596,1,6,-1,-1
201301EK40881,1,9,0,9,0,8,0,0,0,0,4,1,6,1,6,1149,1,9,3,1
201301EK40881,2,3,0,18,0,8,0,0,0,0,1,1,6,1,8,124,1,10,5,1