Accident_Index,Vehicle_Reference,Vehicle_Type,Towing_and_Articulation,Vehicle_Manoeuvre,Vehicle_Location-Restricted_Lane,Junction_Location,Skidding_and_Overturning,Hit_Object_in_Carriageway,Vehicle_Leaving_Carriageway,Hit_Object_off_Carriageway,1st_Point_of_Impact,Was_Vehicle_Left_Hand_Drive?,Journey_Purpose_of_Driver,Sex_of_Driver,Age_Band_of_Driver,Engine_Capacity_(CC),Propulsion_Code,Age_of_Vehicle,Driver_IMD_Decile,Driver_Home_Area_Type
201301EK40882,1,19,0,9,0,8,0,0,0,0,4,1,1,1,5,2148,2,5,7,2
201301EK40882,2,8,0,18,0,8,0,0,0,0,1,1,1,1,8,1997,2,2,2,1
201301EK40883,1,3,0,18,9,0,0,10,1,0,1,1,1,1,10,125,1,11,3,1
201301EK40885,1,19,0,18,0,0,0,0,0,0,1,1,6,1,-1,-1,-1,-1,-1,-1
201301EK40887,1,9,0,18,0,0,0,0,0,0,1,1,1,1,7,1560,2,-1,9,1
201301EK40888,1,9,0,9,0,8,0,0,0,0,4,1,1,1,10,-1,-1,-1,8,1
201301EK40888,2,1,0,18,0,8,0,0,0,0,1,1,6,1,4,-1,-1,-1,7,1
201301EK40889,1,8,0,5,0,1,0,0,0,0,3,1,1,1,7,2402,2,11,8,1
201301EK40889,2,1,0,18,0,1,0,0,0,0,4,1,6,1,6,-1,-1,-1,2,1
201301EK40890,1,9,0,7,0,2,0,0,0,0,1,1,6,1,6,1598,1,10,2,1
201301EK40891,1,9,0,18,0,1,0,0,0,0,3,1,6,1,6,1995,2,9,3,1
201301EK40891,2,9,0,11,0,1,0,0,0,0,4,1,6,3,-1,-1,-1,-1,-1,-1
201301EK40892,1,8,0,18,0,1,0,0,0,0,1,1,1,3,-1,-1,-1,-1,-1,-1
201301EK40893,1,5,0,18,0,1,1,0,0,0,4,1,2,1,7,998,1,7,4,1
201301EK40894,1,8,0,9,0,2,0,0,0,0,1,1,1,1,7,1997,2,1,2,1
201301EK40895,1,1,0,18,0,2,0,0,0,0,1,1,6,1,5,-1,-1,-1,-1,-1
201301EK40896,1,9,0,9,0,8,0,0,0,0,4,1,6,1,10,1797,8,1,4,1
201301EK40896,2,3,0,18,0,8,0,0,0,0,1,1,1,1,4,125,1,9,2,1
201301EK40897,1,9,0,18,0,0,0,0,0,0,1,1,1,1,7,1797,8,3,1,1
201301EK40898,1,11,0,3,0,0,0,0,0,0,0,1,1,1,9,9200,2,10,3,1
201301EK40899,1,11,0,18,0,1,0,0,0,0,4,1,1,1,7,4461,2,-1,2,1
201301EK40901,1,9,0,18,0,8,0,0,0,0,4,1,6,1,7,-1,-1,-1,-1,-1
201301EK40901,2,9,0,18,0,8,0,0,0,0,1,1,6,1,7,-1,-1,-1,-1,-1
201301EK40902,1,8,0,18,0,8,0,7,0,0,1,1,1,1,8,1997,2,4,1,1
201301EK40910,1,3,0,3,0,1,0,0,0,0,1,1,6,1,6,124,1,8,6,1
201301EK40910,2,20,0,1,0,1,0,0,0,0,2,1,1,1,-1,5880,2,10,-1,-1
201301EK40913,1,1,0,18,2,1,0,0,0,0,3,1,2,1,5,-1,-1,-1,1,1
201301EK40913,2,9,0,11,2,1,0,0,0,0,4,1,6,3,-1,1998,1,14,-1,-1
201301EK40916,1,9,0,18,0,2,0,0,0,0,1,1,6,1,-1,-1,-1,-1,-1,-1
201301EK40925,1,1,0,18,0,0,0,8,0,0,1,1,2,1,6,-1,-1,-1,2,1
201301EK40925,2,9,0,2,0,0,0,0,0,0,3,1,6,1,-1,1997,2,5,2,1
201301EK40934,1,1,0,9,0,8,0,0,0,0,3,1,6,1,11,-1,-1,-1,-1,-1
201301EK40936,1,19,0,3,0,1,0,0,0,0,1,1,1,1,5,2151,2,13,1,1
201301EK40936,2,9,0,1,0,1,0,0,0,0,2,1,6,2,-1,1390,1,3,-1,-1
201301EK40938,1,3,0,9,0,8,0,0,0,0,4,1,6,1,6,79,1,27,4,1
201301EK40938,2,11,0,9,0,8,0,0,0,0,3,1,1,3,-1,-1,-1,-1,-1,-1
201301EK40939,1,9,0,18,0,2,0,0,0,0,1,1,6,3,-1,-1,-1,-1,-1,-1
201301EK40940,1,2,0,18,0,1,0,0,0,0,2,1,1,1,5,125,1,7,4,1
201301EK40940,2,9,0,18,0,1,0,0,0,0,1,1,6,3,-1,-1,-1,-1,-1,-1
201301EK40941,1,1,0,18,0,0,0,0,0,0,3,1,6,1,7,-1,-1,-1,3,1
201301EK40941,2,19,0,13,0,0,0,0,0,0,4,1,6,3,-1,1686,2,10,-1,-1
201301EK40945,1,1,0,18,0,8,0,0,0,0,3,1,2,1,6,-1,-1,-1,2,1
201301EK40945,2,9,0,9,0,8,0,0,0,0,1,1,6,1,-1,1995,2,-1,-1,-1
201301EK49029,1,9,0,9,0,8,0,0,0,0,4,1,6,2,-1,1598,2,2,-1,-1
201301EK49029,2,1,0,18,0,8,0,0,0,0,1,1,6,1,8,-1,-1,-1,5,1
201301EK49061,1,8,0,18,0,1,0,0,0,0,4,1,6,3,-1,-1,-1,-1,-1,-1
201301EO40001,1,9,0,1,0,0,0,0,0,0,1,1,6,1,7,2494,1,11,1,1
201301EO40001,2,3,0,18,0,0,0,0,0,0,1,1,6,1,8,124,1,7,3,1
201301EO40002,1,4,0,18,0,8,1,0,0,0,3,1,1,1,6,599,1,9,6,1
201301EO40002,2,9,0,9,0,5,0,0,0,0,1,1,6,1,8,2799,1,13,3,1
201301EO40003,1,9,0,13,0,0,0,0,0,0,4,1,6,3,-1,-1,-1,-1,-1,-1
201301EO40003,2,1,0,18,0,0,0,0,0,0,3,1,2,1,7,-1,-1,-1,3,1
201301EO40004,1,9,0,7,0,5,0,0,0,0,2,1,3,1,6,1199,1,14,2,1
201301EO40004,2,19,0,18,0,8,0,0,0,0,1,1,1,1,6,1997,2,8,2,1
201301EO40005,1,9,0,18,0,1,0,0,0,0,1,1,6,1,7,1390,1,1,9,1
201301EO40005,2,9,0,3,0,1,0,0,0,0,2,1,2,1,6,1242,1,5,-1,-1
201301EO40005,3,9,0,3,0,1,0,0,0,0,2,1,2,1,9,3980,1,16,8,1
201301EO40006,1,3,0,18,0,8,1,0,1,0,1,1,1,1,6,124,1,2,6,1
201301EO40006,2,9,0,9,0,6,0,0,0,0,4,1,6,1,6,1390,1,4,2,1
201301EO40007,1,1,0,18,0,0,0,0,0,0,3,1,2,1,-1,-1,-1,-1,3,1
201301EO40008,1,19,0,1,0,8,0,0,0,0,2,1,6,1,7,2148,2,5,3,1
201301EO40009,1,9,0,5,0,1,0,0,0,0,2,1,6,2,6,1600,1,8,5,3
201301EO40009,2,9,0,18,0,1,0,0,0,0,1,1,6,3,-1,-1,-1,-1,-1,-1
201301EO40010,1,2,0,9,0,6,0,0,0,0,2,1,1,1,6,49,1,5,3,1
201301EO40010,2,9,0,9,0,6,0,0,0,0,1,1,6,2,-1,1498,1,8,-1,-1
201301EO40012,1,3,0,4,0,1,1,0,0,0,1,1,2,1,5,125,1,2,6,1
201301EO40013,1,5,0,4,0,1,0,0,0,0,1,1,2,1,7,-1,-1,-1,1,1
201301EO40014,1,9,0,9,0,8,0,0,0,0,3,1,6,1,8,1797,8,1,3,1
201301EO40016,1,19,0,4,0,8,0,0,1,10,3,1,6,1,7,1461,2,6,4,1
201301EO40016,2,19,0,18,0,6,0,0,0,0,1,1,6,1,8,2402,2,5,-1,-1
201301EO40017,1,9,0,18,0,1,0,0,0,0,1,1,6,1,6,1560,2,2,3,1
201301EO40017,2,8,0,3,0,1,0,0,0,0,2,1,1,1,8,1388,1,7,1,1
201301EO40017,3,9,0,3,0,1,0,0,0,0,2,1,6,1,5,1360,1,10,-1,-1
201301EO40018,1,19,0,1,0,2,0,0,0,0,2,1,1,1,6,2143,2,2,4,1
201301EO40019,1,9,0,18,0,8,0,0,0,0,1,1,6,1,6,2996,1,6,3,1
201301EO40019,2,9,0,9,0,6,0,0,0,0,3,1,6,2,6,1998,1,8,3,1
201301EO40020,1,8,0,7,0,6,0,0,0,0,1,1,1,1,7,1997,2,1,2,1
201301EO40020,2,11,0,18,2,8,0,0,0,0,4,1,1,1,7,9360,2,3,5,1
201301EO40021,1,3,0,18,0,8,0,0,0,0,0,1,2,1,6,124,1,6,3,1
201301EO40021,2,9,0,9,0,8,0,0,0,0,0,1,3,2,8,1998,1,18,4,1
201301EO40022,1,9,0,2,0,2,0,0,0,0,3,1,2,1,8,-1,-1,-1,2,1
201301EO40022,2,1,0,18,0,2,0,4,0,0,4,1,2,1,6,-1,-1,-1,7,1
201301EO40023,1,19,0,9,0,8,0,0,0,0,1,1,1,1,7,1995,2,6,7,1
201301EO40023,2,3,0,18,0,8,0,0,0,0,4,1,2,2,6,102,1,9,4,1
201301EO40024,1,9,0,9,0,5,0,0,0,0,1,1,6,2,4,1229,1,5,1,1
201301EO40025,1,9,0,9,0,8,0,0,0,0,0,1,6,2,7,-1,-1,-1,3,1
201301EO40025,2,3,0,18,0,8,1,0,0,0,3,1,1,1,6,125,1,7,2,1
201301EO40026,1,1,0,18,0,8,0,0,0,0,4,1,2,2,6,-1,-1,-1,4,1
201301EO40026,2,9,0,18,0,8,0,0,0,0,1,1,6,2,-1,1124,1,8,-1,-1
201301EO40027,1,9,0,3,0,1,0,0,0,0,3,1,2,2,7,-1,-1,-1,5,1
201301EO40027,2,21,1,18,0,2,0,0,0,0,4,1,1,1,8,10837,2,3,8,1
201301EO40027,3,1,0,18,0,1,0,0,0,0,3,1,6,1,6,-1,-1,-1,3,1
201301EO40028,1,9,0,3,0,3,0,0,0,0,2,1,6,2,5,1595,1,12,2,1
201301EO40028,2,9,0,7,0,3,0,0,0,0,1,1,1,1,-1,1997,2,4,2,1
201301EO40029,1,1,0,18,0,1,0,0,0,0,3,1,6,1,6,-1,-1,-1,2,1
201301EO40029,2,9,0,11,0,1,0,0,0,0,4,1,6,3,-1,-1,-1,-1,-1,-1
201301EO40030,1,9,0,4,0,1,0,0,0,0,0,1,4,2,6,1995,2,9,4,1
201301EO40030,2,3,0,18,0,1,0,0,0,0,0,1,2,1,7,124,1,2,2,1
201301EO40031,1,9,0,5,0,2,0,0,0,0,1,1,6,2,7,1596,1,11,1,1
201301EO40031,2,1,0,18,0,2,0,0,0,0,4,1,6,2,7,-1,-1,-1,2,1
201301EO40032,1,21,0,18,0,2,0,0,0,0,1,1,1,1,8,4250,2,1,7,1
201301EO40032,2,9,0,18,0,1,0,0,0,0,1,1,6,1,8,2996,1,6,3,1
201301EO40033,1,11,0,3,0,1,0,0,0,0,0,1,1,1,-1,6692,2,4,5,1
201301EO40034,1,9,0,7,0,1,0,0,0,0,2,1,6,1,-1,1108,1,13,-1,-1
201301EO40034,2,1,0,18,0,1,0,0,0,0,1,1,6,2,6,-1,-1,-1,3,1
201301EO40035,1,9,0,18,0,8,0,0,0,0,3,1,6,2,6,1598,1,9,6,1
201301EO40035,2,3,0,9,0,8,0,0,0,0,1,1,6,2,6,125,1,1,-1,-1
201301EO40036,1,3,0,18,0,8,0,0,0,0,1,1,6,1,6,124,1,7,3,1
201301EO40036,2,9,0,9,0,8,0,0,0,0,4,1,6,1,6,1994,2,9,6,1
201301EO40038,1,1,0,18,0,1,0,0,0,0,1,1,2,1,6,-1,-1,-1,4,1
201301EO40038,2,9,0,7,0,8,0,0,0,0,2,1,6,1,-1,1910,2,7,5,1
201301EO40039,1,9,0,18,0,1,0,0,0,0,4,1,6,2,7,1390,1,2,4,1
201301EO40041,1,1,0,18,0,1,0,0,0,0,3,1,2,1,6,-1,-1,-1,2,1
201301EO40041,2,9,0,7,0,1,0,0,0,0,4,1,6,3,-1,1598,1,9,-1,-1
201301EO40042,1,11,0,18,0,1,0,0,0,0,3,1,1,1,-1,-1,-1,-1,-1,-1
201301EO40043,1,1,0,9,0,8,0,0,0,0,4,1,6,1,7,-1,-1,-1,4,1
201301EO40043,2,19,0,9,0,8,0,0,0,0,3,1,6,1,-1,6692,2,1,-1,-1
201301EO40044,1,9,0,3,0,8,0,0,0,0,1,1,1,2,6,1796,1,10,2,1
201301EO40044,2,19,0,1,0,8,0,0,0,0,2,1,6,1,-1,-1,-1,-1,-1,-1
201301EO40045,1,19,0,3,0,1,0,0,0,0,2,1,1,1,7,1968,2,1,1,1
201301EO40045,2,9,0,18,0,1,0,0,0,0,1,1,6,1,-1,1396,1,1,-1,-1
201301EO40046,1,11,0,5,2,1,0,0,0,0,4,1,1,1,9,6700,2,3,1,1
201301EO40047,1,1,0,18,0,0,0,4,1,0,4,1,2,2,6,-1,-1,-1,3,1
201301EO40047,2,9,0,2,0,0,0,0,0,0,3,1,6,1,-1,-1,-1,-1,-1,-1
201301EO40048,1,3,0,7,0,8,0,0,0,0,3,1,1,1,8,599,1,4,3,1
201301EO40048,2,1,0,9,0,8,0,0,0,0,0,1,6,3,-1,-1,-1,-1,-1,-1
201301EO40049,1,8,0,5,0,1,0,0,0,0,1,1,1,1,7,2499,2,5,1,1
201301EO40049,2,1,0,18,0,1,0,0,0,0,2,1,6,1,8,-1,-1,-1,2,1
201301EO40050,1,3,0,18,0,0,0,0,0,0,1,1,6,3,-1,-1,-1,-1,-1,-1
201301EO40050,2,1,0,18,0,0,0,4,0,0,2,1,1,2,5,-1,-1,-1,4,1
201301EO40050,3,9,0,2,0,0,0,0,0,0,2,1,6,3,-1,1984,1,5,-1,-1
201301EO40051,1,19,0,9,0,8,0,0,0,0,3,1,1,1,8,1753,2,3,-1,-1
201301EO40051,2,1,0,18,0,1,0,0,0,0,1,1,6,1,6,-1,-1,-1,1,1
201301EO40053,1,9,0,9,0,1,0,0,0,0,4,1,2,1,9,1998,2,4,1,1
201301EO40053,2,1,0,15,0,1,0,0,0,0,1,1,6,1,6,-1,-1,-1,2,1
201301EO40054,1,8,0,1,0,0,0,0,0,0,2,1,1,1,-1,1997,1,9,2,1
201301EO40055,1,9,0,4,0,0,0,0,0,0,4,1,6,1,6,-1,-1,-1,1,1
201301EO40055,2,3,0,18,0,0,0,0,0,0,3,1,1,1,4,125,1,7,2,1
201301EO40056,1,9,0,9,0,2,0,0,0,0,1,1,6,1,-1,-1,-1,-1,-1,-1
201301EO40057,1,1,0,18,2,8,0,0,0,0,4,1,2,1,7,-1,-1,-1,7,1
201301EO40057,2,1,0,9,4,8,0,0,0,0,1,1,2,2,6,-1,-1,-1,-1,-1
201301EO40058,1,2,0,18,0,1,0,0,0,0,1,1,1,1,6,125,1,1,2,1
201301EO40058,2,9,0,9,0,8,0,0,0,0,3,1,6,1,8,2993,2,2,3,1
201301EO40060,1,1,0,18,0,8,0,0,0,0,1,1,1,1,-1,-1,-1,-1,2,1
201301EO40060,2,9,0,9,0,8,0,0,0,0,4,1,1,1,5,1686,2,5,1,1
201301EO40061,1,11,0,7,2,2,0,0,0,0,0,1,1,1,8,6692,2,2,1,1
201301EO40062,1,9,0,11,2,1,0,0,0,0,2,1,2,1,7,1390,1,15,8,1
201301EO40062,2,19,0,11,2,1,0,0,0,0,1,1,2,1,8,1686,2,10,6,1
201301EO40062,3,8,0,18,2,1,0,0,0,0,1,1,1,1,8,2402,2,7,4,1
201301EO40063,1,9,0,5,0,0,0,0,0,0,4,1,6,1,6,998,1,1,-1,-1
201301EO40064,1,9,0,9,0,1,0,0,0,0,4,1,6,2,8,1995,1,7,4,1
201301EO40064,2,3,0,15,0,8,0,0,1,10,1,1,6,1,6,-1,-1,-1,9,1
201301EO40065,1,19,0,9,0,8,0,0,0,0,3,1,6,1,6,2402,2,9,1,1
201301EO40065,2,1,0,18,0,8,0,0,0,0,1,1,6,1,7,-1,-1,-1,3,1
201301EO40066,1,3,0,18,0,1,0,10,1,0,3,1,2,2,6,124,1,10,3,1
201301EO40066,2,9,0,7,0,1,0,0,0,0,4,1,6,1,-1,2993,2,1,-1,-1
201301EO40068,1,1,0,18,0,2,0,0,0,0,1,1,1,3,-1,-1,-1,-1,-1,-1
201301EO40068,2,11,0,18,0,2,0,0,0,0,3,1,1,3,-1,-1,-1,-1,-1,-1
201301EO40069,1,1,0,18,0,8,0,0,0,0,1,1,6,2,6,-1,-1,-1,1,1
201301EO40069,2,9,0,5,0,8,0,0,0,0,3,1,6,1,9,1896,2,12,1,1
201301EO40071,1,1,0,18,4,8,0,0,0,0,3,1,6,1,7,-1,-1,-1,3,1
201301EO40071,2,8,0,7,0,8,0,0,0,0,4,1,1,1,-1,1497,8,9,-1,-1
201301EO40072,1,1,0,18,2,0,0,0,0,0,3,1,2,2,6,-1,-1,-1,3,1
201301EO40072,2,9,0,4,2,0,0,0,0,0,4,1,6,1,-1,1998,2,1,-1,-1
201301EO40073,1,11,0,5,2,1,0,0,0,0,4,1,1,1,7,6700,2,1,5,1
201301EO40074,1,11,0,5,2,0,0,0,0,0,0,1,1,3,-1,-1,-1,-1,-1,-1
201301EO40077,1,11,0,5,2,1,0,0,0,0,0,1,6,1,8,7300,2,8,3,1
201301EO40078,1,11,0,18,0,1,0,0,0,0,4,1,1,1,7,9360,2,3,2,1
201301EO40078,2,1,0,18,0,1,0,0,0,0,3,1,6,1,3,-1,-1,-1,1,1
201301EO40079,1,9,0,18,0,1,0,0,0,0,4,1,6,3,-1,1364,1,7,-1,-1
201301EO40080,1,9,0,1,4,1,0,0,0,0,2,1,6,1,-1,1995,2,2,-1,-1
201301EO40080,2,1,0,18,4,2,0,0,0,0,1,1,6,1,5,-1,-1,-1,3,1
201301EO40081,1,5,0,13,0,8,0,0,0,0,4,1,2,2,5,599,1,15,2,1
201301EO40081,2,9,0,9,0,8,0,0,0,0,3,1,6,3,-1,-1,-1,-1,-1,-1
201301EO40082,1,8,0,3,0,1,0,0,0,0,2,1,1,1,8,-1,-1,-1,-1,-1
201301EO40082,2,9,0,5,0,1,0,0,0,0,1,1,6,1,8,2148,2,10,3,1
201301EO40084,1,11,0,4,0,0,0,0,0,0,0,1,1,1,6,-1,-1,-1,2,1
201301EO40085,1,1,0,18,0,8,1,0,0,0,3,1,6,1,6,-1,-1,-1,2,1
201301EO40085,2,9,0,18,0,6,0,0,0,0,4,1,6,1,-1,-1,-1,-1,-1,-1
201301EO40086,1,5,0,7,0,5,0,0,0,0,4,1,6,1,-1,-1,-1,-1,-1,-1
201301EO40087,1,1,0,18,4,8,0,0,0,0,1,1,1,2,6,-1,-1,-1,2,1
201301EO40087,2,19,0,9,0,5,0,0,0,0,4,1,1,1,-1,2143,2,3,4,1
201301EO40088,1,9,0,9,0,6,0,0,0,0,1,1,6,1,7,1596,1,1,5,1
201301EO40088,2,3,0,10,0,8,0,0,0,0,3,1,6,1,5,125,1,3,3,1
201301EO40089,1,9,0,5,0,2,0,0,0,0,1,1,3,1,7,1997,1,6,4,1
201301EO40090,1,1,0,9,0,6,0,0,0,0,3,1,6,1,9,-1,-1,-1,10,1
201301EO40090,2,9,0,7,0,6,0,0,0,0,4,1,6,2,-1,1242,1,3,-1,-1
201301EO40092,1,3,0,13,0,8,1,0,0,0,1,1,2,1,7,124,1,3,-1,-1
201301EO40092,2,9,0,9,0,6,0,0,0,0,3,1,2,1,-1,1896,2,11,-1,-1
201301EO40093,1,9,0,3,0,1,0,0,0,0,2,1,6,1,6,2993,2,9,10,1
201301EO40093,2,9,0,18,0,1,0,0,0,0,1,1,6,1,-1,998,1,1,-1,-1
201301EO40095,1,19,0,9,0,5,0,0,0,0,4,1,1,1,7,1896,2,4,1,1
201301EO40095,2,1,0,18,0,8,0,0,0,0,1,1,2,1,6,-1,-1,-1,1,1
201301EO40097,1,8,0,6,0,1,0,0,0,0,3,1,1,1,10,2499,2,6,4,1
201301EO40097,2,4,0,4,0,1,0,0,0,0,1,1,2,1,5,125,1,6,-1,-1
201301EO40098,1,11,0,18,0,1,0,0,0,0,0,1,1,1,-1,7300,2,10,7,1
201301EO40100,1,9,0,18,0,8,0,0,0,0,1,1,1,1,-1,1686,2,3,3,1
201301EO40100,2,9,0,18,0,8,0,0,0,0,4,1,2,1,7,-1,-1,-1,2,1
201301EO40101,1,9,0,18,0,8,0,0,0,0,1,1,6,1,6,1590,1,14,2,1
201301EO40101,2,8,0,18,0,8,0,0,0,0,4,1,1,1,7,-1,-1,-1,5,1
201301EO40102,1,9,0,4,0,2,0,0,0,0,1,1,6,1,-1,1997,2,6,4,1
201301EO40103,1,3,0,5,0,6,0,0,0,0,1,1,1,1,5,108,1,1,1,1
201301EO40103,2,9,0,7,0,6,0,0,0,0,4,1,6,1,-1,1995,2,2,-1,-1
201301EO40104,1,9,0,3,0,2,0,0,0,0,2,1,6,1,6,-1,-1,-1,2,1
201301EO40104,2,9,0,4,0,2,0,0,0,0,1,1,2,1,7,1995,2,11,5,1
201301EO40105,1,9,0,13,0,8,0,0,0,0,3,1,6,1,9,1968,2,6,5,1
201301EO40105,2,1,0,13,0,8,0,0,0,0,1,1,6,1,7,-1,-1,-1,3,1
201301EO40105,3,90,1,1,0,8,0,0,0,0,0,1,6,1,-1,-1,-1,-1,2,1
201301EO40106,1,19,0,9,0,6,0,0,0,0,3,1,1,1,9,2198,2,5,6,1
201301EO40106,2,3,0,14,0,8,1,0,0,0,1,1,6,1,6,125,1,2,-1,-1
201301EO40107,1,19,0,9,0,8,0,0,0,0,4,1,6,1,-1,2287,2,3,-1,-1
201301EO40108,1,9,0,9,0,6,0,0,0,0,4,1,6,1,7,2000,2,7,2,1
201301EO40108,2,9,0,18,0,8,0,0,0,0,3,1,6,1,9,2435,1,12,9,1
201301EO40109,1,9,0,1,0,1,0,0,0,0,2,1,6,2,8,2401,2,6,5,1
201301EO40110,1,9,0,18,0,8,0,0,0,0,1,1,6,2,7,1596,1,7,2,1
201301EO40111,1,9,0,13,0,0,0,7,0,0,1,1,1,2,6,1598,1,14,-1,-1
201301EO40111,2,9,0,2,0,0,0,0,1,10,1,1,6,3,-1,1595,1,16,-1,-1
201301EO40112,1,9,0,18,0,0,0,0,0,0,3,1,1,1,6,1560,2,3,3,1
201301EO40112,2,9,0,5,0,0,0,4,0,0,4,1,3,2,7,-1,-1,-1,-1,-1
201301EO40112,3,9,0,2,0,0,0,0,0,0,1,1,6,3,-1,-1,-1,-1,-1,-1
201301EO40113,1,1,0,18,0,8,0,10,0,0,3,1,6,1,6,-1,-1,-1,3,1
201301EO40113,2,9,0,7,0,5,0,0,0,0,1,1,6,1,-1,1968,2,6,-1,-1
201301EO40114,1,11,0,3,0,2,0,0,0,0,0,1,1,1,8,4500,2,1,2,1
201301EO40115,1,9,0,18,0,8,0,0,0,0,4,1,6,3,-1,-1,-1,-1,-1,-1
201301EO40116,1,11,0,4,0,1,0,0,0,0,0,1,1,1,7,-1,-1,-1,2,1
201301EO40117,1,5,0,18,0,8,0,0,1,7,3,1,2,1,6,599,1,15,2,1
201301EO40117,2,8,0,6,0,8,0,0,0,0,4,1,1,1,8,1896,2,6,-1,-1
201301EO40119,1,9,0,4,0,1,0,0,0,0,4,1,6,1,6,1388,1,9,4,1
201301EO40119,2,3,0,15,0,1,1,10,1,10,3,1,1,1,5,124,1,10,1,1
201301EO40121,1,9,0,8,0,8,0,0,0,0,2,1,6,1,8,-1,-1,-1,-1,-1
201301EO40121,2,9,0,4,0,8,0,0,0,0,0,1,6,1,-1,1596,1,10,3,1
201301EO40122,1,4,0,4,0,2,0,0,0,0,1,1,6,1,8,125,1,1,7,1
201301EO40122,2,19,0,6,0,2,0,0,0,0,3,1,1,1,7,1248,2,8,4,1
201301EO40123,1,9,0,4,0,8,0,0,0,0,4,1,2,1,9,1242,1,3,1,1
201301EO40124,1,9,0,9,0,5,0,0,0,0,4,1,6,1,6,1586,1,9,3,1
201301EO40124,2,1,0,18,0,8,0,0,0,0,1,1,6,1,5,-1,-1,-1,10,1
201301EO40125,1,11,0,4,0,0,0,0,0,0,0,1,1,1,-1,9000,2,4,-1,-1
201301EO40126,1,9,0,18,0,1,0,0,0,0,3,1,6,1,8,1248,2,7,4,1
201301EO40128,1,11,0,18,0,2,0,4,0,0,4,1,6,1,8,6692,2,4,2,1
201301EO40128,2,9,0,2,0,2,0,0,0,0,3,1,6,2,5,1598,1,1,3,1
201301EO40129,1,9,0,7,0,5,0,0,0,0,4,1,6,1,9,1799,1,15,-1,-1
201301EO40129,2,1,0,18,0,8,0,0,0,0,1,1,6,1,6,-1,-1,-1,2,1
201301EO40130,1,1,0,14,0,2,0,4,0,0,1,1,2,1,7,-1,-1,-1,4,1
201301EO40130,2,8,0,2,0,2,0,0,0,0,3,1,1,1,8,1896,2,9,2,1
201301EO40131,1,1,0,18,0,0,0,0,0,0,4,1,2,2,6,-1,-1,-1,1,1
201301EO40131,2,8,0,6,0,0,0,0,0,0,4,1,6,1,-1,1598,1,5,-1,-1
201301EO40132,1,3,0,18,0,8,0,0,0,0,4,1,6,1,5,124,1,16,1,1
201301EO40132,2,9,0,6,0,8,0,0,0,0,1,1,6,1,-1,-1,-1,-1,-1,-1
201301EO40133,1,5,0,3,0,8,0,0,0,0,3,1,6,1,9,-1,-1,-1,2,1
201301EO40133,2,9,0,14,0,8,0,0,0,0,4,1,6,1,-1,2494,1,11,-1,-1
201301EO40134,1,3,0,3,0,8,0,0,0,0,2,1,6,1,6,125,1,1,3,1
201301EO40134,2,3,0,4,0,8,1,0,0,0,1,1,6,1,8,124,1,1,10,1
201301EO40135,1,1,0,14,0,2,0,0,0,0,2,1,2,1,6,-1,-1,-1,2,1
201301EO40135,2,20,0,18,0,2,0,0,0,0,1,1,6,1,-1,-1,-1,-1,-1,-1
201301EO40136,1,9,0,5,0,6,0,0,0,0,1,1,6,3,-1,-1,-1,-1,-1,-1
201301EO40136,2,1,0,18,0,8,0,0,0,0,3,1,6,1,6,-1,-1,-1,5,1
201301EO40137,1,9,0,2,0,1,0,0,0,0,3,1,6,1,7,2987,2,8,9,1
201301EO40137,2,1,0,18,2,1,0,0,0,0,4,1,6,1,7,-1,-1,-1,2,1
201301EO40138,1,19,0,1,0,8,0,0,0,0,2,1,1,1,7,2198,2,5,3,1
201301EO40139,1,3,0,18,0,8,0,0,0,0,4,1,6,1,4,125,1,7,2,1
201301EO40139,2,8,0,9,0,6,0,0,0,0,1,1,1,1,7,1598,1,7,2,1
201301EO40140,1,5,0,4,2,8,1,0,0,0,0,1,1,1,6,-1,-1,-1,9,1
201301EO40140,2,9,0,7,0,5,0,0,0,0,0,1,6,1,-1,-1,-1,-1,-1,-1
201301EO40141,1,8,0,2,0,8,0,0,0,0,3,1,6,1,7,1896,2,6,3,1
201301EO40141,2,1,0,18,0,8,0,4,0,0,1,1,6,1,6,-1,-1,-1,-1,-1
201301EO40142,1,1,0,4,0,0,0,0,0,0,1,1,2,2,6,-1,-1,-1,3,1
201301EO40143,1,19,0,18,0,8,0,0,0,0,1,1,6,1,8,-1,-1,-1,-1,-1
201301EO40143,2,5,0,18,0,8,0,0,0,0,4,1,6,1,8,680,1,3,7,1
201301EO40144,1,11,0,4,0,1,0,0,0,0,0,1,1,2,7,6692,2,2,6,1
201301EO40145,1,9,0,18,0,2,0,0,0,0,1,1,6,1,5,1596,1,7,-1,-1
201301EO40145,2,11,0,3,0,2,0,0,0,0,2,1,1,1,6,4500,2,6,2,1
201301EO40146,1,9,0,18,0,2,1,4,0,0,3,1,6,1,6,1198,1,3,9,3
201301EO40146,2,9,0,2,0,2,0,0,0,0,2,1,6,3,-1,1587,1,6,-1,-1
201301EO40147,1,3,0,15,0,8,0,0,0,0,1,1,1,1,5,125,1,3,6,1
201301EO40147,2,9,0,9,0,8,0,0,0,0,4,1,1,1,9,1461,2,3,3,1
201301EO40148,1,9,0,17,0,8,0,0,0,0,4,1,6,1,7,1686,2,5,1,1
201301EO40148,2,9,0,9,0,8,0,0,0,0,3,1,6,1,7,1242,1,3,3,1
201301EO40149,1,9,0,4,0,2,0,0,0,0,1,1,6,1,6,1598,1,6,4,1
201301EO40149,2,9,0,3,0,2,0,0,0,0,2,1,6,1,7,1497,1,17,2,1
201301EO40150,1,19,0,18,0,0,0,0,0,0,4,1,6,1,8,2198,2,1,3,1
201301EO40150,2,1,0,13,0,0,0,0,0,0,3,1,6,1,4,-1,-1,-1,2,1
201301EO40151,1,9,0,18,0,0,2,4,0,0,1,1,6,2,7,1598,1,7,3,1
201301EO40151,2,9,0,2,0,0,5,0,0,0,3,1,6,3,-1,1598,1,1,-1,-1
201301EO40152,1,9,0,5,0,2,0,0,0,0,4,1,6,1,7,2148,2,8,7,2