Accident_Index,Vehicle_Reference,Vehicle_Type,Towing_and_Articulation,Vehicle_Manoeuvre,Vehicle_Location-Restricted_Lane,Junction_Location,Skidding_and_Overturning,Hit_Object_in_Carriageway,Vehicle_Leaving_Carriageway,Hit_Object_off_Carriageway,1st_Point_of_Impact,Was_Vehicle_Left_Hand_Drive?,Journey_Purpose_of_Driver,Sex_of_Driver,Age_Band_of_Driver,Engine_Capacity_(CC),Propulsion_Code,Age_of_Vehicle,Driver_IMD_Decile,Driver_Home_Area_Type
201301EO40152,2,9,0,18,0,2,0,0,0,0,3,1,6,2,6,1596,1,3,2,1
201301EO40153,1,5,0,18,2,0,1,0,0,0,1,1,6,1,7,599,1,5,3,1
201301EO40155,1,1,0,18,0,8,0,0,0,0,1,1,6,2,6,-1,-1,-1,1,1
201301EO40155,2,19,0,9,0,8,0,0,0,0,1,1,6,1,-1,1560,2,2,-1,-1
201301EO40156,1,9,0,5,0,2,0,0,0,0,3,1,6,3,-1,-1,-1,-1,-1,-1
201301EO40157,1,9,0,4,0,1,0,0,0,0,2,1,6,2,7,-1,-1,-1,3,1
201301EO40157,2,9,0,18,0,1,0,0,0,0,1,1,6,1,-1,-1,-1,-1,-1,-1
201301EO40158,1,1,0,18,0,1,1,8,0,0,1,1,2,2,6,-1,-1,-1,3,1
201301EO40158,2,9,0,2,0,1,0,0,0,0,3,1,6,1,-1,-1,-1,-1,-1,-1
201301EO40159,1,11,0,3,2,1,0,0,0,0,0,1,1,1,8,7300,2,12,3,1
201301EO40160,1,5,0,18,0,0,1,4,0,0,1,1,6,1,6,-1,-1,-1,-1,-1
201301EO40160,2,9,0,18,0,0,0,0,0,0,0,1,1,1,-1,1598,2,3,2,1
201301EO40160,3,9,0,2,0,0,0,0,0,0,3,1,6,3,-1,-1,-1,-1,-1,-1
201301EO40161,1,9,0,7,0,8,0,0,0,0,1,1,2,2,6,1390,1,1,3,1
201301EO40161,2,1,0,7,0,8,0,0,0,0,2,1,6,1,10,-1,-1,-1,3,1
201301EO40162,1,8,0,2,0,0,0,0,0,0,2,1,6,1,8,2354,1,6,1,1
201301EO40162,2,9,0,18,0,0,0,4,0,0,1,1,6,1,-1,-1,-1,-1,-1,-1
201301EO40163,1,11,0,7,0,2,0,0,0,0,1,1,1,2,7,4500,2,2,2,1
201301EO40165,1,9,0,4,0,2,0,0,0,0,2,1,1,1,-1,1248,2,6,-1,-1
201301EO40165,2,19,0,18,0,2,0,0,0,0,1,1,1,1,-1,1753,2,9,5,1
201301EO40166,1,1,0,18,0,1,0,0,0,0,4,1,6,1,5,-1,-1,-1,2,1
201301EO40166,2,9,0,5,0,6,0,0,0,0,1,1,6,1,-1,1399,1,5,-1,-1
201301EO40167,1,9,0,5,0,1,0,0,0,0,1,1,6,1,8,1149,1,10,8,1
201301EO40167,2,1,0,3,0,1,0,0,0,0,2,1,6,1,7,-1,-1,-1,6,1
201301EO40168,1,1,0,18,0,8,0,0,0,0,3,1,6,1,6,-1,-1,-1,3,1
201301EO40168,2,9,0,9,0,8,0,0,0,0,3,1,6,1,-1,-1,-1,-1,-1,-1
201301EO40169,1,20,0,18,0,0,0,0,0,0,4,1,6,3,-1,-1,-1,-1,-1,-1
201301EO40170,1,9,0,18,0,1,0,0,0,0,4,1,6,3,-1,-1,-1,-1,-1,-1
201301EO40171,1,9,0,3,0,0,0,0,0,0,2,1,6,1,7,2993,2,3,5,1
201301EO40171,2,2,0,4,0,0,0,0,0,0,1,1,6,1,6,125,1,5,2,1
201301EO40173,1,9,0,18,0,8,0,0,0,0,4,1,6,1,5,1390,1,4,4,1
201301EO40173,2,1,0,9,0,6,0,0,0,0,1,1,6,1,4,-1,-1,-1,2,1
201301EO40174,1,3,0,4,0,1,0,0,0,0,1,1,6,1,6,124,1,5,3,1
201301EO40176,1,11,0,4,2,8,0,0,0,0,0,1,1,1,7,8300,2,7,2,1
201301EO40176,2,9,0,7,0,5,0,0,0,0,0,1,6,3,-1,1753,2,4,-1,-1
201301EO40177,1,3,0,4,0,2,0,0,0,0,2,1,6,1,7,125,1,5,3,1
201301EO40177,2,9,0,18,0,2,0,0,0,0,1,1,6,2,8,1686,2,1,2,1
201301EO40178,1,9,0,9,0,5,0,0,0,0,1,1,1,1,9,1797,8,2,1,1
201301EO40178,2,1,0,18,0,6,0,0,0,0,2,1,6,1,4,-1,-1,-1,1,1
201301EO40178,3,1,0,18,0,6,0,0,0,0,2,1,6,1,5,-1,-1,-1,1,1
201301EO40179,1,9,0,1,0,0,0,4,0,0,2,1,6,1,-1,1761,1,17,-1,-1
201301EO40179,2,9,0,2,0,0,0,4,0,0,1,1,6,3,-1,-1,-1,-1,-1,-1
201301EO40179,3,9,0,2,0,0,0,4,0,0,2,1,6,3,-1,-1,-1,-1,-1,-1
201301EO40179,4,9,0,2,0,0,0,0,0,0,4,1,6,3,-1,3200,1,15,-1,-1
201301EO40180,1,1,0,18,0,8,0,0,0,0,3,1,6,1,5,-1,-1,-1,5,1
201301EO40180,2,19,0,13,0,8,0,0,0,0,4,1,6,1,-1,2148,2,5,8,1
201301EO40181,1,1,0,18,0,2,0,10,1,10,1,1,6,1,9,-1,-1,-1,3,1
201301EO40182,1,1,0,18,0,1,0,0,0,0,4,1,6,2,5,-1,-1,-1,2,1
201301EO40183,1,8,0,4,2,0,0,0,0,0,2,1,1,1,10,2499,2,6,3,1
201301EO40183,2,1,0,18,2,0,0,0,0,0,1,1,2,1,6,-1,-1,-1,3,1
201301EO40184,1,11,0,4,0,1,0,0,0,0,0,1,1,1,7,-1,-1,-1,-1,-1
201301EO40185,1,8,0,18,0,8,0,0,0,0,4,1,1,1,6,1910,2,7,-1,-1
201301EO40185,2,9,0,9,0,6,0,0,0,0,1,1,6,2,6,1995,2,-1,3,1
201301EO40186,1,5,0,18,0,2,0,0,0,0,3,1,6,2,6,599,1,12,2,1
201301EO40186,2,9,0,11,0,2,0,0,0,0,4,1,6,3,-1,-1,-1,-1,-1,-1
201301EO40187,1,3,0,18,0,1,1,0,0,0,1,1,6,1,5,124,1,2,2,1
201301EO40187,2,8,0,18,0,1,0,0,0,0,1,1,2,1,7,2664,2,13,2,1
201301EO40188,1,9,0,9,0,1,0,0,0,0,1,1,3,2,7,1797,8,3,3,1
201301EO40188,2,1,0,18,0,1,0,0,0,0,1,1,2,1,6,-1,-1,-1,7,1
201301EO40189,1,1,0,18,0,1,0,0,0,0,1,1,2,1,6,-1,-1,-1,1,1
201301EO40189,2,9,0,13,0,1,0,0,0,0,4,1,2,3,-1,-1,-1,-1,-1,-1
201301EO40190,1,3,0,18,0,1,0,0,0,0,1,1,1,1,6,124,1,5,2,1
201301EO40190,2,9,0,4,0,1,0,0,0,0,2,1,6,2,6,1396,1,10,2,1
201301EO40192,1,1,0,18,0,8,0,0,0,0,1,1,6,1,6,-1,-1,-1,3,1
201301EO40192,2,19,0,9,0,8,0,0,0,0,4,1,6,1,-1,2198,2,6,-1,-1
201301EO40193,1,8,0,18,0,1,0,0,0,0,1,1,6,3,-1,2499,2,4,-1,-1
201301EO40193,2,9,0,4,0,1,0,0,0,0,2,1,6,1,8,1795,1,13,5,1
201301EO40195,1,9,0,3,0,0,0,0,0,0,2,1,6,1,6,1388,1,13,6,1
201301EO40195,2,9,0,4,0,0,0,0,0,0,1,1,6,1,6,1995,2,5,1,1
201301EO40195,3,9,0,4,0,0,0,0,0,0,1,1,6,1,8,1560,2,-1,2,1
201301EO40196,1,9,0,18,0,0,0,0,0,0,4,1,6,1,9,2148,2,4,4,1
201301EO40197,1,11,0,5,0,1,0,0,0,0,0,1,1,1,8,9360,2,2,4,1
201301EO40198,1,1,0,11,2,2,0,0,0,0,1,1,6,1,6,-1,-1,-1,2,1
201301EO40198,2,8,0,18,2,2,0,0,0,0,3,1,1,1,8,2402,2,7,9,1
201301EO40199,1,9,0,5,0,8,0,0,0,0,2,1,6,1,7,1598,1,7,1,1
201301EO40199,2,9,0,18,0,8,0,0,0,0,1,1,6,1,-1,1198,1,8,-1,-1
201301EO40200,1,9,0,18,0,1,0,0,0,0,1,1,6,1,6,1686,2,2,1,1
201301EO40201,1,9,0,3,0,1,0,0,0,0,2,1,6,2,7,1560,2,8,6,1
201301EO40201,2,9,0,18,0,1,0,0,0,0,1,1,6,1,6,-1,-1,-1,3,1
201301EO40201,3,9,0,3,0,1,0,0,0,0,2,1,6,2,-1,1896,2,6,7,3
201301EO40202,1,11,0,4,0,8,0,0,0,0,0,1,1,1,6,4250,2,2,-1,-1
201301EO40202,2,9,0,11,0,8,0,0,0,0,0,1,6,3,-1,1086,1,5,-1,-1
201301EO40203,1,11,0,4,2,8,0,0,0,0,0,1,1,1,6,-1,-1,-1,-1,-1
201301EO40203,2,9,0,18,0,8,0,0,0,0,4,1,6,3,-1,1299,1,12,-1,-1
201301EO40203,3,1,0,15,0,8,0,0,0,0,3,1,6,1,-1,-1,-1,-1,-1,-1
201301EO40204,1,9,0,9,0,1,0,0,0,0,1,1,6,2,8,1753,2,8,5,1
201301EO40204,2,5,0,15,0,1,0,0,0,0,1,1,6,1,6,649,1,6,5,1
201301EO40206,1,9,0,4,0,2,0,0,0,0,1,1,6,1,6,1598,1,7,2,1
201301EO40207,1,9,0,3,0,0,0,0,0,0,2,1,2,1,6,2987,2,3,2,1
201301EO40207,2,1,0,18,0,0,0,0,0,0,1,1,2,2,5,-1,-1,-1,-1,-1
201301EO40209,1,9,0,9,0,8,0,0,0,0,1,1,6,1,6,1997,2,5,3,1
201301EO40209,2,9,0,18,0,8,0,0,0,0,1,1,6,2,10,1497,8,-1,4,1
201301EO40210,1,9,0,3,0,2,0,0,0,0,2,1,6,2,5,1781,1,18,3,1
201301EO40210,2,9,0,3,0,2,0,0,0,0,1,1,6,1,6,1986,2,5,5,1
201301EO40211,1,9,0,9,0,5,0,0,0,0,3,1,6,2,7,1598,1,6,5,1
201301EO40211,2,3,0,13,0,8,0,0,0,0,1,1,6,1,6,124,1,1,5,1
201301EO40212,1,1,0,18,0,8,0,0,0,0,3,1,6,2,5,-1,-1,-1,2,1
201301EO40212,2,9,0,7,0,8,0,0,0,0,4,1,6,1,-1,998,1,10,-1,-1
201301EO40214,1,9,0,2,0,0,0,0,0,0,3,1,6,1,7,1870,2,12,2,1
201301EO40214,2,1,0,14,0,0,0,8,0,0,1,1,6,2,6,-1,-1,-1,4,1
201301EO40216,1,11,0,18,0,1,0,0,0,0,0,1,1,1,-1,-1,-1,-1,-1,-1
201301EO40217,1,9,0,9,0,1,0,0,0,0,1,1,2,2,9,1397,1,10,1,1
201301EO40217,2,1,0,15,0,1,0,0,0,0,1,1,2,1,5,-1,-1,-1,1,1
201301EO40220,1,9,0,7,0,1,0,0,0,0,4,1,1,1,6,1398,1,1,8,1
201301EO40220,2,1,0,15,0,1,0,0,0,0,3,1,6,1,7,-1,-1,-1,1,1
201301EO40221,1,3,0,4,0,1,0,0,0,0,4,1,6,1,5,124,1,8,3,1
201301EO40221,2,21,1,18,0,1,0,0,0,0,3,1,6,3,-1,-1,-1,-1,-1,-1
201301EO40222,1,9,0,7,0,8,0,0,0,0,4,1,6,1,7,1598,1,7,4,1
201301EO40222,2,1,0,18,0,8,0,0,0,0,1,1,6,1,4,-1,-1,-1,2,1
201301EO40223,1,19,0,18,0,0,0,0,0,0,4,1,1,1,6,1870,2,8,6,1
201301EO40223,2,1,0,13,0,0,0,0,0,0,3,1,2,1,7,-1,-1,-1,7,1
201301EO40224,1,3,0,7,0,1,0,0,0,0,1,1,1,1,-1,125,1,6,-1,-1
201301EO40225,1,8,0,18,0,0,0,0,0,0,1,1,1,1,9,2499,2,2,10,1
201301EO40227,1,9,0,7,0,8,0,0,0,0,4,1,6,3,-1,-1,-1,-1,-1,-1
201301EO40227,2,1,0,18,0,8,0,0,0,0,1,1,2,1,5,-1,-1,-1,2,1
201301EO40228,1,4,0,9,0,2,1,0,0,0,0,1,1,1,7,-1,-1,-1,-1,-1
201301EO40229,1,1,0,18,0,0,0,0,0,0,1,1,6,1,7,-1,-1,-1,9,1
201301EO40230,1,9,0,18,0,0,0,0,0,0,3,1,6,2,7,1968,2,7,3,1
201301EO40231,1,8,0,9,0,8,0,0,0,0,4,1,1,1,10,1797,8,2,5,1
201301EO40231,2,1,0,18,0,8,0,0,0,0,1,1,2,1,8,-1,-1,-1,5,1
201301EO40232,1,1,0,18,0,2,0,0,0,0,1,1,2,1,8,-1,-1,-1,2,1
201301EO40232,2,9,0,13,0,2,0,0,0,0,4,1,6,1,-1,-1,-1,-1,-1,-1
201301EO40233,1,8,0,18,0,0,0,0,0,0,1,1,6,1,8,1797,8,4,2,1
201301EO40234,1,9,0,18,0,1,0,0,0,0,1,1,6,1,7,1368,1,2,5,1
201301EO40236,1,19,0,7,0,8,0,0,0,0,4,1,1,2,6,2402,2,10,6,1
201301EO40236,2,3,0,18,0,8,0,0,0,0,1,1,2,1,6,125,1,7,1,1
201301EO40237,1,8,0,18,0,8,0,0,0,0,4,1,1,1,7,1584,1,5,1,1
201301EO40237,2,1,0,18,0,8,0,0,0,0,1,1,6,1,2,-1,-1,-1,1,1
201301EO40238,1,9,0,10,0,6,0,0,0,0,1,1,6,1,4,1149,1,9,-1,-1
201301EO40238,2,4,0,18,0,1,1,0,0,0,3,1,6,1,6,998,1,8,9,1
201301EO40239,1,3,0,18,2,1,0,0,0,0,2,1,1,1,4,125,1,5,2,1
201301EO40239,2,9,0,7,2,1,0,0,0,0,1,1,6,1,-1,-1,-1,-1,2,1
201301EO40240,1,9,0,7,0,1,0,0,0,0,4,1,6,1,8,1995,2,9,1,1
201301EO40240,2,9,0,8,0,1,0,0,0,0,3,1,6,1,4,1390,1,10,6,1
201301EO40242,1,1,0,18,0,0,0,0,0,0,1,1,2,1,7,-1,-1,-1,2,1
201301EO40242,2,19,0,4,0,0,0,0,0,0,2,1,1,1,-1,1461,2,3,-1,-1
201301EO40243,1,19,0,1,0,0,0,0,0,0,2,1,1,1,6,2143,2,3,1,1
201301EO40244,1,11,0,13,2,1,0,0,0,0,4,1,1,1,9,4760,2,1,4,1
201301EO40244,2,1,0,18,2,1,0,0,0,0,3,1,6,1,6,-1,-1,-1,3,1
201301EO40245,1,9,0,9,0,8,0,0,0,0,4,1,6,1,5,999,1,12,9,1
201301EO40245,2,3,0,18,0,8,0,0,0,0,1,1,6,1,5,-1,-1,-1,5,1
201301EO40246,1,9,0,18,0,1,0,0,0,0,1,1,6,1,6,1796,1,12,2,1
201301EO40246,2,9,0,9,0,1,0,0,0,0,3,1,2,1,8,1995,1,6,3,1
201301EO40247,1,9,0,9,0,8,0,0,0,0,1,1,6,1,6,1998,2,1,2,1
201301EO40247,2,5,0,14,0,8,0,0,0,0,4,1,6,2,8,798,1,4,2,1
201301EO40248,1,19,0,7,0,1,0,0,0,0,1,1,1,1,9,1753,2,-1,3,1
201301EO40248,2,1,0,18,0,8,0,0,0,0,4,1,2,2,6,-1,-1,-1,4,1
201301EO40250,1,8,0,9,0,1,0,0,0,0,1,1,1,1,7,2987,2,5,3,1
201301EO40250,2,1,0,18,2,1,0,0,0,0,3,1,2,1,6,-1,-1,-1,6,1
201301EO40251,1,2,0,15,0,8,1,0,0,0,2,1,6,1,4,49,1,15,4,1
201301EO40251,2,9,0,9,0,8,0,0,0,0,1,1,6,1,-1,1595,1,6,-1,-1
201301EO40252,1,3,0,18,0,1,0,0,0,0,3,1,6,1,8,125,1,4,2,1
201301EO40252,2,9,0,11,0,1,0,0,0,0,4,1,6,1,5,1596,1,6,6,1
201301EO40253,1,3,0,18,0,1,0,4,0,0,1,1,2,1,5,124,1,4,3,1
201301EO40253,2,19,0,2,0,1,0,0,0,0,4,1,1,1,6,1968,2,3,-1,-1
201301EO40254,1,3,0,18,0,1,0,0,0,0,0,1,6,1,6,124,1,8,3,1
201301EO40254,2,19,0,9,0,1,0,0,0,0,0,1,6,3,-1,-1,-1,-1,-1,-1
201301EO40255,1,9,0,11,0,0,0,10,1,4,0,1,6,2,8,1149,1,2,3,1
201301EO40256,1,9,0,3,0,0,0,0,0,0,2,1,6,2,8,1948,1,16,4,1
201301EO40256,2,9,0,3,0,0,0,0,0,0,1,1,6,1,-1,-1,-1,-1,-1,-1
201301EO40256,3,8,0,18,0,0,0,0,0,0,1,1,6,1,-1,1997,2,4,-1,-1
201301EO40257,1,9,0,18,0,0,0,0,0,0,1,1,6,1,7,-1,-1,-1,2,1
201301EO40258,1,9,0,3,0,1,0,0,0,0,2,1,6,2,6,1198,1,11,3,1
201301EO40258,2,9,0,18,0,1,0,0,0,0,1,1,6,1,-1,1968,2,2,-1,-1
201301EO40259,1,9,0,3,0,2,0,0,0,0,2,1,3,1,7,1997,1,5,4,1
201301EO40259,2,19,0,18,0,2,0,0,0,0,1,1,1,1,6,1870,2,7,1,1
201301EO40260,1,3,0,18,0,1,0,7,7,10,1,1,2,1,6,124,1,4,2,1
201301EO40260,2,9,0,7,0,1,0,0,0,0,3,1,2,1,8,1968,2,5,3,1
201301EO40261,1,5,0,15,0,8,1,0,0,0,1,1,2,1,9,647,1,7,1,1
201301EO40261,2,8,0,10,0,8,0,0,0,0,1,1,1,1,8,2664,2,16,9,1
201301EO40262,1,9,0,9,0,2,0,0,0,0,1,1,6,2,6,1397,1,6,2,1
201301EO40262,2,8,0,9,0,2,0,0,0,0,2,1,6,2,9,1598,1,4,1,1
201301EO40263,1,9,0,7,0,1,0,0,0,0,2,1,6,2,7,1388,1,11,2,1
201301EO40263,2,1,0,18,0,1,0,0,0,0,1,1,6,1,5,-1,-1,-1,8,1
201301EO40264,1,9,0,18,0,0,0,0,0,0,1,1,3,2,6,1242,1,12,5,1
201301EO40266,1,5,0,3,0,1,0,0,0,0,2,1,6,1,6,955,1,11,10,1
201301EO40266,2,9,0,18,0,1,0,0,0,0,1,1,6,2,-1,1199,1,13,1,1
201301EO40267,1,8,0,7,0,8,0,0,0,0,4,1,1,1,8,2664,2,15,5,1
201301EO40267,2,1,0,18,0,8,0,0,0,0,3,1,6,1,5,-1,-1,-1,2,1
201301EO40268,1,9,0,18,0,2,0,0,0,0,1,1,1,1,7,1240,1,3,10,1
201301EO40269,1,1,0,18,0,1,0,0,0,0,1,1,6,1,5,-1,-1,-1,3,1
201301EO40269,2,19,0,9,0,8,0,0,0,0,4,1,1,1,-1,-1,-1,-1,4,1
201301EO40270,1,1,0,14,0,0,0,0,0,0,3,1,6,2,5,-1,-1,-1,2,1
201301EO40270,2,9,0,18,0,0,0,0,0,0,4,1,6,2,10,1242,1,3,4,1
201301EO40271,1,1,0,18,0,8,0,0,0,0,1,1,2,1,6,-1,-1,-1,2,1
201301EO40271,2,9,0,9,0,8,0,0,0,0,4,1,6,1,-1,3199,1,15,-1,-1
201301EO40272,1,19,0,7,0,2,0,0,0,0,0,1,6,1,8,-1,-1,-1,2,1
201301EO40272,2,5,0,13,0,1,0,7,0,0,0,1,2,1,6,599,1,12,9,1
201301EO40273,1,9,0,9,0,8,0,0,0,0,1,1,6,1,10,4973,1,26,3,1
201301EO40273,2,4,0,18,0,8,1,0,0,0,1,1,1,1,5,125,1,2,1,1
201301EO40274,1,3,0,18,0,1,0,0,0,0,3,1,1,1,5,125,1,3,-1,-1
201301EO40274,2,8,0,18,0,1,0,0,0,0,1,1,2,2,9,-1,-1,-1,6,1
201301EO40276,1,9,0,3,0,1,0,0,0,0,2,1,6,1,8,1686,2,2,-1,-1
201301EO40276,2,9,0,18,0,1,0,0,0,0,1,1,6,1,-1,1560,2,-1,-1,-1
201301EO40277,1,11,0,5,0,2,0,0,0,0,0,1,1,1,8,7300,2,10,2,1
201301EO40278,1,3,0,9,0,8,0,0,0,0,1,1,6,2,6,-1,-1,-1,3,1
201301EO40278,2,1,0,14,0,8,0,0,0,0,1,1,6,1,-1,-1,-1,-1,6,1
201301EO40280,1,4,0,18,0,1,0,0,0,0,1,1,6,1,-1,670,1,1,7,1
201301EO40281,1,1,0,18,0,1,0,0,0,0,1,1,6,1,6,-1,-1,-1,2,1
201301EO40281,2,9,0,4,0,1,0,0,0,0,2,1,1,1,-1,-1,-1,-1,-1,-1
201301EO40282,1,9,0,7,0,1,0,0,0,0,4,1,6,2,7,1598,1,12,1,1
201301EO40282,2,1,0,15,0,1,0,0,0,0,3,1,6,2,7,-1,-1,-1,4,1
201301EO40283,1,1,0,7,0,8,0,0,0,0,1,1,1,1,6,-1,-1,-1,8,1
201301EO40284,1,1,0,18,0,2,0,0,0,0,3,1,6,1,5,-1,-1,-1,5,1
201301EO40284,2,8,0,14,0,2,0,0,0,0,4,1,6,1,-1,-1,-1,-1,-1,-1
201301EO40285,1,1,0,18,0,2,0,4,0,0,3,1,4,1,4,-1,-1,-1,3,1
201301EO40285,2,8,0,13,0,2,0,0,0,0,4,1,6,1,-1,2664,2,16,-1,-1
201301EO40286,1,8,0,9,0,8,0,0,0,0,1,1,1,1,7,1997,2,5,2,1
201301EO40286,2,1,0,18,0,8,0,0,0,0,3,1,6,1,6,-1,-1,-1,2,1
201301EO40287,1,11,0,18,0,8,0,0,0,0,1,1,1,1,6,8268,2,10,2,1
201301EO40288,1,3,0,18,0,0,0,10,1,10,4,1,6,1,6,124,1,3,2,1
201301EO40290,1,9,0,6,0,8,0,0,0,0,4,1,6,1,7,1968,2,7,4,1
201301EO40290,2,3,0,18,0,1,0,0,0,0,3,1,6,1,6,125,1,6,2,1
201301EO40291,1,8,0,18,0,0,0,0,0,0,1,1,1,1,9,2664,2,14,8,1
201301EO40292,1,1,0,13,0,8,0,0,0,0,4,1,6,1,8,-1,-1,-1,6,1
201301EO40292,2,1,0,7,0,8,0,0,0,0,3,1,6,2,-1,-1,-1,-1,2,1
201301EO40293,1,9,0,7,0,8,0,0,0,0,4,1,6,1,6,998,1,4,5,1
201301EO40293,2,5,0,18,0,8,0,0,0,0,3,1,6,1,7,656,1,4,4,1
201301EO40294,1,8,0,5,0,1,0,0,0,0,1,1,1,1,8,1388,1,5,1,1
201301EO40297,1,9,0,9,0,8,0,0,0,0,1,1,6,1,6,1560,2,4,3,1
201301EO40297,2,1,0,18,0,8,0,0,0,0,3,1,6,1,6,-1,-1,-1,1,1
201301EO40298,1,4,0,4,0,1,0,0,0,0,4,1,6,1,8,499,1,4,4,1
201301EO40298,2,9,0,4,0,1,0,0,0,0,3,1,6,2,6,-1,-1,-1,4,1
201301EO40299,1,9,0,4,0,2,0,0,0,0,2,1,6,1,7,2143,2,-1,3,1
201301EO40299,2,9,0,18,0,2,0,0,0,0,1,1,6,1,8,-1,-1,-1,7,1
201301EO40301,1,8,0,12,0,1,0,0,0,0,3,1,1,1,6,2231,2,5,3,1
201301EO40301,2,9,0,18,0,1,0,0,0,0,4,1,6,1,6,1348,1,11,2,1
201301EO40302,1,1,0,13,0,1,0,0,0,0,1,1,2,2,6,-1,-1,-1,3,1
201301EO40302,2,1,0,5,0,1,0,0,0,0,2,1,2,1,7,-1,-1,-1,1,1
201301EO40303,1,9,0,6,3,1,0,0,0,0,4,1,6,1,6,1781,1,25,4,1
201301EO40303,2,1,0,18,0,1,0,0,0,0,1,1,6,1,7,-1,-1,-1,-1,-1
201301EO40304,1,9,0,9,0,8,0,0,0,0,1,1,6,1,6,1390,1,2,2,1
201301EO40304,2,19,0,18,0,8,0,0,0,0,1,1,1,1,5,2287,2,3,8,1
201301EO40305,1,90,0,18,0,0,0,0,0,0,2,1,1,1,-1,-1,-1,-1,-1,-1
201301EO40306,1,9,0,7,0,8,0,0,0,0,2,1,1,1,7,2982,2,3,4,1
201301EO40306,2,5,0,18,0,8,1,0,0,0,1,1,2,1,8,998,1,5,3,1
201301EO40307,1,3,0,18,0,0,1,0,1,2,1,1,6,1,5,124,1,1,4,1
201301EO40308,1,9,0,8,0,1,0,0,0,0,3,1,6,2,9,3200,1,5,-1,-1
201301EO40308,2,21,1,18,0,1,0,0,0,0,4,1,6,3,-1,12777,2,5,-1,-1
201301EO40310,1,9,0,9,0,1,0,0,0,0,4,1,6,2,10,1364,1,5,5,1
201301EO40310,2,3,0,18,0,1,1,0,0,0,1,1,1,1,5,125,1,9,1,1
201301EO40311,1,3,0,9,0,1,0,0,0,0,2,1,6,2,7,102,1,8,1,1
201301EO40311,2,9,0,18,0,1,0,0,0,0,1,1,1,1,5,-1,-1,-1,1,1
201301EO40312,1,3,0,14,0,8,1,0,7,0,1,1,6,1,6,124,1,1,4,1
201301EO40312,2,8,0,9,0,8,0,0,0,0,3,1,1,1,7,2664,2,12,10,1
201301EO40313,1,8,0,18,0,2,0,0,0,0,2,1,1,1,11,2402,2,11,7,1
201301EO40313,2,1,0,18,0,2,0,0,0,0,1,1,6,1,8,-1,-1,-1,1,1
201301EO40314,1,9,0,1,0,1,0,0,0,0,2,1,6,2,5,-1,-1,-1,2,1
201301EO40315,1,9,0,7,2,8,0,0,0,0,4,1,6,2,5,1598,2,2,8,1
201301EO40315,2,11,0,18,2,8,0,0,0,0,1,1,1,1,5,9000,2,4,2,1
201301EO40316,1,9,0,9,0,8,0,0,0,0,4,1,6,1,6,1910,2,10,2,1
201301EO40317,1,1,0,7,0,1,0,0,0,0,3,1,6,1,6,-1,-1,-1,3,1
201301EO40317,2,9,0,7,0,1,0,0,0,0,4,1,6,3,-1,1339,8,2,-1,-1
201301EO40318,1,1,0,18,0,1,0,0,0,0,1,1,6,1,6,-1,-1,-1,3,1
201301EO40319,1,9,0,7,0,2,0,0,0,0,1,1,6,3,-1,-1,-1,-1,-1,-1
201301EO40320,1,19,0,9,0,1,0,0,0,0,3,1,6,1,8,-1,-1,-1,2,1
201301EO40320,2,5,0,18,0,1,0,0,0,0,1,1,6,1,6,535,1,15,3,1
201301EO40321,1,9,0,7,0,1,0,0,0,0,4,1,6,1,6,1560,2,-1,2,1
201301EO40321,2,3,0,18,2,1,0,4,0,0,1,1,6,1,6,125,1,4,6,1
201301EO40321,3,9,0,2,0,1,0,0,0,0,2,1,6,1,8,-1,-1,-1,3,1
201301EO40322,1,9,0,18,0,2,0,0,0,0,1,1,6,1,5,1497,1,11,6,1
201301EO40322,2,9,0,3,0,2,0,0,0,0,2,1,6,2,7,1598,1,4,3,1
201301EO40323,1,1,0,18,0,1,0,0,0,0,3,1,6,1,5,-1,-1,-1,8,3
201301EO40323,2,8,0,9,0,1,0,0,0,0,1,1,1,1,-1,1997,2,3,-1,-1
201301EO40324,1,9,0,18,0,0,5,10,1,10,4,1,6,2,6,1229,1,-1,-1,-1
201301EO40325,1,9,0,9,0,8,0,0,0,0,4,1,2,1,6,-1,-1,-1,3,1
201301EO40325,2,5,0,14,0,8,0,0,0,0,1,1,6,1,7,-1,-1,-1,4,1
201301EO40326,1,9,0,18,0,8,0,0,0,0,1,1,6,2,10,1198,1,2,4,1
201301EO40326,2,9,0,18,0,8,0,0,0,0,4,1,6,1,7,1590,1,12,3,1
201301EO40327,1,8,0,2,0,1,0,0,0,0,3,1,1,1,7,1896,2,9,3,1
201301EO40327,2,1,0,18,0,1,0,0,0,0,1,1,6,1,5,-1,-1,-1,2,1
201301EO40328,1,1,0,4,0,1,0,0,0,0,4,1,2,1,5,-1,-1,-1,6,1
201301EO40328,2,9,0,7,0,2,0,0,0,0,4,1,6,2,-1,-1,-1,-1,-1,-1
201301EO40329,1,3,0,9,0,8,0,0,0,0,4,1,6,2,6,124,1,-1,4,1
201301EO40331,1,11,0,4,0,1,0,0,0,0,0,1,1,1,7,9360,2,3,1,1
201301EO40332,1,1,0,18,0,1,0,10,0,0,3,1,6,1,7,-1,-1,-1,4,1
201301EO40332,2,11,0,5,0,1,0,0,0,0,1,1,1,1,6,6692,2,4,4,1
201301EO40333,1,19,0,7,0,8,0,0,0,0,1,1,1,1,8,1868,2,13,3,1
201301EO40333,2,1,0,9,0,8,0,0,0,0,1,1,6,1,8,-1,-1,-1,4,1
201301EO40334,1,19,0,5,0,1,0,0,0,0,4,1,1,1,8,2198,2,-1,10,1
201301EO40335,1,5,0,15,0,8,0,0,0,0,4,1,6,1,7,781,1,15,9,1
201301EO40335,2,9,0,5,0,8,0,0,0,0,1,1,6,1,-1,-1,-1,-1,-1,-1
201301EO40336,1,8,0,9,0,8,0,0,0,0,1,1,1,1,-1,-1,-1,-1,-1,-1
201301EO40336,2,1,0,18,0,8,0,0,0,0,3,1,6,1,6,-1,-1,-1,5,1
201301EO40337,1,11,0,18,0,0,0,0,0,0,0,1,1,2,9,6692,2,-1,3,1