Accident_Index,Vehicle_Reference,Vehicle_Type,Towing_and_Articulation,Vehicle_Manoeuvre,Vehicle_Location-Restricted_Lane,Junction_Location,Skidding_and_Overturning,Hit_Object_in_Carriageway,Vehicle_Leaving_Carriageway,Hit_Object_off_Carriageway,1st_Point_of_Impact,Was_Vehicle_Left_Hand_Drive?,Journey_Purpose_of_Driver,Sex_of_Driver,Age_Band_of_Driver,Engine_Capacity_(CC),Propulsion_Code,Age_of_Vehicle,Driver_IMD_Decile,Driver_Home_Area_Type
201301EO40338,1,9,0,2,0,0,0,0,0,0,3,1,6,1,8,1896,2,9,1,1
201301EO40338,2,1,0,18,0,0,0,0,0,0,1,1,6,2,6,-1,-1,-1,2,1
201301EO40339,1,9,0,3,0,1,0,0,0,0,2,1,6,2,7,-1,-1,-1,1,1
201301EO40339,2,9,0,18,0,1,0,0,0,0,1,1,6,1,-1,-1,-1,-1,-1,-1
201301EO40340,1,9,0,14,0,0,0,0,0,0,1,1,6,1,7,2500,1,14,2,1
201301EO40341,1,1,0,18,0,0,0,4,0,0,1,1,6,2,4,-1,-1,-1,3,1
201301EO40342,1,8,0,18,0,1,0,0,0,0,0,1,1,1,-1,1997,2,2,-1,-1
201301EO40343,1,21,0,18,0,8,0,0,0,0,1,1,1,1,7,12740,2,1,6,1
201301EO40343,2,9,0,4,0,8,0,0,0,0,2,1,1,1,5,-1,-1,-1,4,1
201301EO40344,1,11,0,18,0,0,0,0,0,0,0,1,1,1,-1,-1,-1,-1,-1,-1
201301EO40345,1,9,0,18,0,8,0,0,0,0,4,1,6,1,-1,1997,2,9,-1,-1
201301EO40345,2,1,0,15,0,8,0,0,0,0,1,1,6,1,8,-1,-1,-1,7,1
201301EO40346,1,4,0,18,0,1,0,0,0,0,1,1,6,1,7,125,1,8,3,1
201301EO40347,1,9,0,9,0,8,0,0,0,0,3,1,6,1,5,1596,1,8,2,1
201301EO40347,2,3,0,18,0,8,0,0,0,0,1,1,6,1,-1,124,1,15,-1,-1
201301EO40348,1,9,0,9,0,8,0,0,0,0,4,1,1,1,8,1461,2,2,3,1
201301EO40348,2,5,0,15,0,8,1,0,0,0,1,1,6,1,6,599,1,13,2,1
201301EO40349,1,19,0,1,0,2,0,0,0,0,2,1,6,1,-1,-1,-1,-1,-1,-1
201301EO40350,1,9,0,18,0,2,0,0,0,0,1,1,6,1,7,2922,1,9,8,1
201301EO40351,1,2,0,13,0,2,1,0,7,0,4,1,2,1,8,49,1,5,1,1
201301EO40352,1,1,0,18,4,1,0,0,0,0,3,1,6,1,6,-1,-1,-1,3,1
201301EO40352,2,9,0,13,0,1,0,0,0,0,4,1,6,1,-1,-1,-1,-1,-1,-1
201301EO40353,1,9,0,18,0,0,0,0,0,0,1,1,6,1,8,1796,1,4,6,1
201301EO40353,2,9,0,3,0,0,0,0,0,0,2,1,6,1,6,1396,1,12,9,1
201301EO40353,3,9,0,3,0,0,0,0,0,0,2,1,6,1,-1,-1,-1,-1,8,3
201301EO40354,1,9,0,14,0,0,0,0,0,0,4,1,6,1,7,1398,1,-1,1,1
201301EO40355,1,9,0,18,0,8,0,0,0,0,4,1,6,1,6,1796,1,14,2,1
201301EO40355,2,3,0,15,0,8,0,0,0,0,1,1,6,1,6,599,1,9,-1,-1
201301EO40356,1,2,0,18,0,2,0,0,0,0,1,1,6,1,5,-1,-1,-1,2,1
201301EO40356,2,1,0,13,0,1,0,0,0,0,1,1,6,1,7,-1,-1,-1,4,1
201301EO40357,1,8,0,18,0,0,0,0,0,0,1,1,1,1,-1,1596,1,5,5,1
201301EO40357,2,19,0,4,0,0,0,0,0,0,2,1,1,1,-1,-1,-1,-1,-1,-1
201301EO40358,1,5,0,9,0,8,0,0,0,0,4,1,6,1,6,748,1,1,5,1
201301EO40358,2,9,0,9,0,8,0,0,0,0,3,1,6,2,-1,2143,2,1,-1,-1
201301EO40359,1,1,0,18,0,1,0,0,0,0,2,1,6,1,-1,-1,-1,-1,-1,-1
201301EO40359,2,1,0,13,0,1,0,0,0,0,1,1,6,3,-1,-1,-1,-1,-1,-1
201301EO40359,3,9,0,3,0,1,0,0,0,0,2,1,6,3,-1,1769,1,11,-1,-1
201301EO40360,1,9,0,18,0,1,0,0,0,0,1,1,6,3,-1,-1,-1,-1,-1,-1
201301EO40361,1,3,0,14,0,1,1,0,0,0,1,1,2,1,6,125,1,9,2,1
201301EO40361,2,9,0,9,0,2,0,0,0,0,3,1,2,2,4,1398,1,1,3,1
201301EO40363,1,9,0,18,0,1,0,0,0,0,1,1,6,1,-1,-1,-1,-1,-1,-1
201301EO40363,2,9,0,4,0,1,0,0,0,0,2,1,6,1,9,-1,-1,-1,1,1
201301EO40363,3,9,0,3,0,1,0,0,0,0,2,1,6,1,-1,1998,1,11,1,1
201301EO40364,1,9,0,5,0,1,0,0,0,0,1,1,6,1,-1,1587,1,16,-1,-1
201301EO40365,1,2,0,9,0,2,0,0,0,0,3,1,6,1,7,49,1,-1,2,1
201301EO40365,2,9,0,5,0,1,0,0,0,0,1,1,6,1,6,1598,2,1,5,1
201301EO40366,1,1,0,18,0,1,1,0,0,0,3,1,2,1,6,-1,-1,-1,1,1
201301EO40366,2,9,0,7,0,1,0,0,0,0,4,1,6,1,-1,1798,8,-1,-1,-1
201301EO40367,1,1,0,18,0,0,0,0,0,0,3,1,6,2,6,-1,-1,-1,3,1
201301EO40367,2,9,0,18,0,0,0,0,0,0,4,1,6,3,-1,1229,1,6,-1,-1
201301EO40367,3,9,0,6,0,0,0,0,0,0,0,1,6,3,-1,-1,-1,-1,-1,-1
201301EO40368,1,9,0,2,0,0,0,0,0,0,3,1,6,1,6,2460,2,9,1,1
201301EO40368,2,1,0,18,0,0,0,0,0,0,1,1,6,2,6,-1,-1,-1,2,1
201301EO40369,1,19,0,4,0,0,0,0,0,0,2,1,6,1,7,1998,2,13,3,1
201301EO40369,2,9,0,18,0,0,0,0,0,0,1,1,6,1,-1,-1,-1,-1,-1,-1
201301EO40370,1,5,0,7,0,8,0,0,0,0,3,1,1,1,8,1170,1,2,-1,-1
201301EO40370,2,9,0,7,0,8,0,0,0,0,4,1,6,3,-1,1596,1,11,-1,-1
201301EO40371,1,9,0,18,0,1,0,0,0,0,1,1,6,3,-1,-1,-1,-1,-1,-1
201301EO40372,1,1,0,13,0,1,0,0,0,0,3,1,2,1,8,-1,-1,-1,6,1
201301EO40372,2,9,0,5,0,1,0,0,0,0,4,1,6,1,-1,-1,-1,-1,-1,-1
201301EO40373,1,9,0,1,0,1,0,0,0,0,4,1,6,1,-1,2494,1,14,-1,-1
201301EO40374,1,8,0,2,0,8,0,0,0,0,3,1,1,1,6,1997,2,1,3,1
201301EO40374,2,1,0,18,4,8,0,0,0,0,1,1,2,1,8,-1,-1,-1,7,1
201301EO40375,1,19,0,18,0,8,0,0,0,0,4,1,1,1,7,1997,2,6,-1,-1
201301EO40375,2,1,0,18,0,6,0,0,0,0,1,1,6,1,-1,-1,-1,-1,3,1
201301EO40376,1,3,0,18,0,0,0,10,1,1,1,1,6,1,8,125,1,9,-1,-1
201301EO40378,1,9,0,5,0,0,0,0,0,0,1,1,2,1,7,1995,2,3,2,1
201301EO40379,1,1,0,15,2,8,0,0,0,0,3,1,2,1,6,-1,-1,-1,8,1
201301EO40379,2,9,0,7,2,5,0,0,0,0,4,1,6,1,-1,-1,-1,-1,-1,-1
201301EO40380,1,1,0,4,0,0,0,4,0,0,1,1,2,1,6,-1,-1,-1,2,1
201301EO40380,2,8,0,2,0,0,0,0,0,0,2,1,6,3,-1,-1,-1,-1,-1,-1
201301EO40381,1,9,0,18,0,1,0,0,0,0,3,1,3,2,10,1596,1,4,2,1
201301EO40382,1,1,0,18,0,8,0,0,0,0,1,1,6,2,6,-1,-1,-1,3,1
201301EO40382,2,8,0,9,0,8,0,0,0,0,1,1,6,1,7,2664,2,16,3,1
201301EO40383,1,1,0,18,0,1,0,10,1,0,1,1,6,1,5,-1,-1,-1,10,1
201301EO40384,1,9,0,18,0,0,0,0,0,0,1,1,6,1,-1,-1,-1,-1,-1,-1
201301EO40385,1,19,0,2,0,2,0,0,0,0,3,1,1,1,7,-1,-1,-1,1,1
201301EO40385,2,1,0,18,0,2,0,4,0,0,1,1,6,1,5,-1,-1,-1,-1,-1
201301EO40386,1,9,0,18,0,0,0,0,0,0,1,1,6,2,-1,-1,-1,-1,-1,-1
201301EO40387,1,9,0,3,0,0,1,0,0,0,2,1,2,2,6,1390,1,3,3,1
201301EO40387,2,9,0,18,0,0,0,0,0,0,1,1,6,1,-1,1995,2,2,-1,-1
201301EO40387,3,19,0,3,0,0,0,0,0,0,2,1,6,3,-1,1753,2,7,-1,-1
201301EO40388,1,9,0,9,0,5,0,0,0,0,4,1,6,2,9,1399,1,3,3,1
201301EO40390,1,9,0,9,0,8,0,0,0,0,3,1,6,3,-1,1497,8,6,-1,-1
201301EO40390,2,2,0,18,0,8,0,0,0,0,4,1,6,1,4,124,1,4,1,1
201301EO40391,1,9,0,3,0,8,0,0,0,0,2,1,6,1,8,2987,2,4,4,1
201301EO40391,2,9,0,18,0,8,0,0,0,0,1,1,6,1,6,1796,1,9,1,1
201301EO40392,1,9,0,9,0,5,0,0,0,0,3,1,2,2,7,1595,1,11,3,1
201301EO40392,2,3,0,13,0,8,0,10,0,0,1,1,6,1,6,124,1,8,5,1
201301EO40393,1,11,0,4,0,0,0,0,0,0,0,1,1,1,9,6700,2,1,3,1
201301EO40394,1,9,0,18,0,1,0,0,0,0,1,1,6,3,-1,-1,-1,-1,-1,-1
201301EO40395,1,8,0,18,2,1,0,0,0,0,1,1,1,1,7,2664,2,13,7,3
201301EO40396,1,9,0,9,0,1,0,0,0,0,1,1,1,1,6,1600,2,4,-1,-1
201301EO40396,2,5,0,18,0,1,0,0,0,0,1,1,6,1,6,599,1,2,5,1
201301EO40397,1,8,0,18,0,8,0,0,0,0,1,1,1,1,6,1796,7,5,2,1
201301EO40397,2,9,0,9,0,8,0,0,0,0,3,1,6,1,-1,1598,2,-1,-1,-1
201301EO40398,1,19,0,9,0,1,0,0,0,0,4,1,6,1,6,-1,-1,-1,1,1
201301EO40398,2,1,0,18,0,1,0,0,0,0,1,1,6,2,7,-1,-1,-1,4,1
201301EO40399,1,1,0,18,0,1,0,0,0,0,3,1,1,1,8,-1,-1,-1,3,1
201301EO40399,2,9,0,7,0,1,0,0,0,0,4,1,6,3,-1,-1,-1,-1,-1,-1
201301EO40401,1,9,0,9,0,8,0,0,0,0,1,1,6,2,9,1596,1,6,6,1
201301EO40401,2,9,0,18,0,8,0,0,0,0,1,1,6,3,-1,-1,-1,-1,-1,-1
201301EO40402,1,11,0,5,0,0,0,0,0,0,0,1,1,1,8,4760,2,1,4,1
201301EO40403,1,9,0,7,0,8,0,0,0,0,1,1,6,3,-1,-1,-1,-1,-1,-1
201301EO40403,2,90,0,18,0,8,0,0,0,0,3,1,6,2,8,-1,-1,-1,2,1
201301EO40404,1,9,0,10,0,8,0,0,0,0,1,1,2,2,8,2362,1,10,3,1
201301EO40404,2,4,0,13,0,8,0,0,0,0,1,1,2,1,7,125,1,3,2,1
201301EO40405,1,1,0,18,2,2,0,11,0,0,0,1,6,1,6,-1,-1,-1,-1,-1
201301EO40406,1,8,0,3,0,2,0,0,0,0,4,1,1,1,-1,2499,2,6,9,1
201301EO40406,2,3,0,15,0,2,0,8,0,0,1,1,6,1,7,244,1,7,4,1
201301EO40407,1,9,0,18,0,1,1,0,0,0,3,1,6,1,7,-1,-1,-1,10,1
201301EO40407,2,9,0,18,0,2,1,0,0,0,1,1,6,1,-1,2171,1,12,-1,-1
201301EO40408,1,11,0,7,0,8,0,0,0,0,4,1,1,1,9,8268,2,11,4,1
201301EO40409,1,9,0,18,0,1,0,0,0,0,1,1,6,1,11,1598,1,14,5,1
201301EO40410,1,9,0,1,0,1,0,0,0,0,2,1,1,1,9,1798,8,-1,10,1
201301EO40411,1,9,0,9,0,1,0,0,0,0,3,1,6,2,5,1598,1,8,7,1
201301EO40411,2,1,0,18,0,1,0,0,0,0,1,1,6,1,9,-1,-1,-1,8,1
201301EO40412,1,9,0,2,0,0,0,0,0,0,3,1,6,2,-1,1242,1,4,6,1
201301EO40412,2,9,0,18,0,0,0,0,0,0,1,1,6,1,-1,-1,-1,-1,-1,-1
201301EO40413,1,21,0,13,0,2,0,0,0,0,4,1,1,1,8,7146,2,5,-1,-1
201301EO40413,2,1,0,18,0,2,0,0,0,0,3,1,6,2,6,-1,-1,-1,4,1
201301EO40414,1,4,0,4,0,0,0,10,7,0,2,1,6,1,5,599,1,1,5,1
201301EO40414,2,9,0,18,0,0,0,0,0,0,1,1,6,1,-1,-1,-1,-1,-1,-1
201301EO40415,1,8,0,6,0,0,0,0,0,0,1,1,1,1,10,2499,2,6,9,1
201301EO40415,2,3,0,18,0,0,0,0,0,0,4,1,6,1,4,124,1,7,3,1
201301EO40416,1,4,0,18,0,2,0,0,0,0,1,1,6,1,-1,-1,-1,-1,-1,-1
201301EO40417,1,9,0,18,0,2,0,0,0,0,4,1,6,2,6,1598,1,7,8,1
201301EO40417,2,21,0,12,2,2,0,0,0,0,3,1,1,1,7,-1,-1,-1,10,1
201301EO40417,3,9,0,18,0,2,0,0,0,0,4,1,6,2,6,2000,1,4,5,1
201301EO40419,1,5,0,18,0,0,1,0,0,0,0,1,1,1,7,-1,-1,-1,-1,-1
201301EO40419,2,1,0,18,0,0,0,0,0,0,0,1,6,2,6,-1,-1,-1,3,1
201301EO40420,1,11,0,17,0,0,0,0,0,0,0,1,1,1,6,7300,2,10,2,1
201301EO40422,1,9,0,9,0,1,0,0,0,0,1,1,6,2,6,1796,1,8,-1,-1
201301EO40422,2,1,0,7,0,8,0,0,0,0,3,1,6,2,7,-1,-1,-1,3,1
201301EO40423,1,3,0,5,0,2,0,0,0,0,3,1,6,1,7,125,1,5,9,1
201301EO40423,2,9,0,5,0,2,0,0,0,0,4,1,6,1,9,3800,1,1,4,1
201301EO40424,1,3,0,18,0,0,0,0,0,0,1,1,6,1,7,125,1,5,2,1
201301EO40425,1,9,0,18,0,1,1,10,7,10,1,1,6,1,5,-1,-1,-1,2,1
201301EO40425,2,8,0,9,0,8,0,0,0,0,4,1,1,1,5,1497,8,6,1,1
201301EO40425,3,1,0,18,0,1,0,0,0,0,1,1,2,1,6,-1,-1,-1,3,1
201301EO40426,1,8,0,5,0,1,0,0,0,0,1,1,1,1,6,1497,8,4,5,1
201301EO40429,1,1,0,5,0,1,0,0,0,0,2,1,6,2,6,-1,-1,-1,5,1
201301EO40429,2,9,0,5,0,1,0,0,0,0,1,1,6,1,-1,2792,1,11,-1,-1
201301EO40430,1,9,0,18,0,0,0,0,0,0,4,1,6,1,8,-1,-1,-1,4,1
201301EO40430,2,1,0,18,0,0,0,0,0,0,3,1,6,1,7,-1,-1,-1,6,1
201301EO40431,1,8,0,6,0,0,0,0,0,0,3,1,1,1,7,-1,-1,-1,6,1
201301EO40431,2,5,0,13,0,0,0,0,0,0,1,1,6,1,6,-1,-1,-1,4,1
201301EO40432,1,11,0,4,0,0,0,0,0,0,4,1,1,1,-1,4760,2,2,-1,-1
201301EO40432,2,1,0,18,0,0,0,0,0,0,3,1,6,2,6,-1,-1,-1,5,1
201301EO40433,1,11,0,5,0,0,0,0,0,0,0,1,1,1,10,9360,2,1,3,1
201301EO40434,1,9,0,7,0,1,0,0,0,0,4,1,6,1,-1,3387,1,5,-1,-1
201301EO40434,2,1,0,18,0,1,0,0,0,0,3,1,2,1,6,-1,-1,-1,2,1
201301EO40435,1,9,0,7,0,1,0,0,0,0,4,1,6,1,6,998,1,16,3,1
201301EO40435,2,3,0,15,2,1,0,0,0,0,1,1,6,1,4,-1,-1,-1,-1,-1
201301EO40436,1,4,0,18,0,8,0,0,0,0,1,1,1,1,8,-1,-1,-1,10,2
201301EO40436,2,19,0,9,0,8,0,0,0,0,4,1,1,1,6,2198,2,3,6,1
201301EO40437,1,3,0,3,0,0,0,0,0,0,1,1,6,2,6,-1,-1,-1,3,1
201301EO40437,2,19,0,1,0,0,0,0,0,0,2,1,1,1,6,2402,2,7,3,1
201301EO40437,3,9,0,18,0,0,0,0,0,0,0,1,1,1,6,1582,2,1,3,1
201301EO40438,1,9,0,9,0,1,0,0,0,0,3,1,6,2,6,-1,-1,-1,-1,-1
201301EO40438,2,5,0,13,0,1,0,0,0,0,1,1,6,1,6,918,1,16,4,1
201301EO40439,1,1,0,10,0,1,0,0,0,0,1,1,6,2,8,-1,-1,-1,-1,1
201301EO40439,2,9,0,9,0,8,0,0,0,0,1,1,6,2,8,1497,8,6,-1,-1
201301EO40440,1,1,0,18,0,2,0,0,0,0,1,1,6,1,-1,-1,-1,-1,-1,-1
201301EO40442,1,1,0,18,0,8,0,0,0,0,4,1,2,2,8,-1,-1,-1,10,1
201301EO40442,2,8,0,9,0,8,0,0,0,0,1,1,1,1,-1,-1,-1,-1,4,3
201301EO40443,1,9,0,5,0,1,0,0,0,0,1,1,6,2,6,1388,1,2,2,1
201301EO40443,2,1,0,4,0,1,1,0,0,0,1,1,6,1,6,-1,-1,-1,-1,-1
201301EO40444,1,3,0,18,2,0,0,0,0,0,1,1,6,1,6,124,1,-1,6,1
201301EO40445,1,11,0,4,0,1,0,0,0,0,1,1,6,1,7,9360,2,3,2,1
201301EO40446,1,1,0,18,0,1,0,0,0,0,1,1,1,1,7,-1,-1,-1,-1,-1
201301EO40446,2,1,0,9,0,1,0,0,0,0,4,1,6,1,5,-1,-1,-1,4,1
201301EO40447,1,21,0,5,0,1,0,0,0,0,1,1,1,1,6,6693,2,-1,3,1
201301EO40447,2,1,0,5,0,1,0,0,0,0,2,1,2,2,7,-1,-1,-1,3,1
201301EO40449,1,21,0,18,0,1,0,0,0,0,4,1,1,1,8,12777,2,4,8,1
201301EO40450,1,1,0,18,0,8,0,0,0,0,4,1,2,1,7,-1,-1,-1,4,1
201301EO40450,2,9,0,7,0,1,0,0,0,0,1,1,6,2,-1,1598,1,2,5,1
201301EO40451,1,9,0,18,0,0,0,0,0,0,1,1,1,1,5,1997,2,-1,4,1
201301EO40451,2,9,0,18,0,0,0,0,0,0,2,1,6,1,8,-1,-1,-1,2,1
201301EO40452,1,3,0,4,0,1,0,0,0,0,2,1,1,1,4,125,1,3,3,1
201301EO40452,2,9,0,4,0,1,0,0,0,0,1,1,6,1,8,-1,-1,-1,1,1
201301EO40453,1,9,0,7,0,5,0,0,0,0,4,1,1,2,7,1248,1,3,-1,-1
201301EO40453,2,1,0,18,0,8,0,0,0,0,1,1,2,2,6,-1,-1,-1,3,1
201301EO40454,1,4,0,18,0,2,1,0,0,0,3,1,1,1,6,125,1,3,2,1
201301EO40454,2,9,0,13,0,2,0,0,0,0,1,1,6,1,-1,1794,1,9,2,1
201301EO40455,1,11,0,4,0,1,0,0,0,0,0,1,1,1,6,8300,2,8,1,1
201301EO40455,2,19,0,9,0,6,0,0,0,0,0,1,6,3,-1,1598,2,2,-1,-1
201301EO40457,1,19,0,7,0,2,0,0,0,0,1,1,6,1,6,1968,2,1,7,3
201301EO40458,1,9,0,9,0,8,0,0,0,0,1,1,6,1,5,1368,1,-1,1,1
201301EO40458,2,1,0,18,0,8,0,0,0,0,1,1,6,1,7,-1,-1,-1,-1,-1
201301EO40459,1,1,0,18,0,8,0,0,0,0,1,1,1,1,6,-1,-1,-1,3,1
201301EO40459,2,9,0,7,0,5,0,0,0,0,4,1,6,1,-1,1398,1,1,-1,-1
201301EO40461,1,8,0,18,0,8,0,0,0,0,1,1,1,1,6,1791,8,1,6,1
201301EO40461,2,1,0,18,0,8,0,0,0,0,1,1,6,1,4,-1,-1,-1,-1,-1
201301EO40462,1,9,0,3,0,0,0,0,0,0,2,1,6,1,5,2184,2,8,-1,-1
201301EO40462,2,9,0,3,0,0,0,0,0,0,2,1,6,1,8,1497,8,5,3,1
201301EO40462,3,9,0,18,0,0,0,0,0,0,1,1,2,1,6,-1,-1,-1,7,1
201301EO40463,1,19,0,18,0,1,0,0,0,0,1,1,6,1,7,1968,2,2,7,1
201301EO40463,2,9,0,5,0,1,0,0,0,0,2,1,6,1,6,1493,1,14,3,1
201301EO40463,3,9,0,4,0,1,0,0,0,0,2,1,6,1,6,1895,1,13,2,1
201301EO40464,1,5,0,18,2,8,0,0,0,0,1,1,6,1,8,1050,1,6,7,1
201301EO40464,2,9,0,7,0,5,0,0,0,0,4,1,6,1,8,1596,1,1,4,1
201301EO40465,1,11,0,18,0,2,0,0,0,0,1,1,1,3,-1,4500,2,1,-1,-1
201301EO40467,1,11,0,3,0,1,0,0,0,0,0,1,1,1,8,6700,2,3,6,1
201301EO40468,1,1,0,18,0,0,0,10,0,0,1,1,6,2,6,-1,-1,-1,-1,-1
201301EO40469,1,9,0,9,0,5,0,0,0,0,4,1,1,1,6,1956,2,-1,3,1
201301EO40470,1,4,0,14,0,0,0,0,0,0,0,1,6,1,-1,-1,-1,-1,-1,-1
201301EO40471,1,9,0,13,0,0,0,0,7,0,4,1,1,1,6,2204,2,3,3,1
201301EO40471,2,9,0,6,0,0,0,0,0,0,3,1,6,1,6,1598,1,5,-1,-1
201301EO40472,1,1,0,13,0,8,0,0,0,0,1,1,6,1,6,-1,-1,-1,4,1
201301EO40472,2,9,0,9,0,5,0,0,0,0,3,1,6,2,8,1996,1,16,3,1
201301EO40473,1,1,0,18,0,1,0,0,0,0,0,1,6,2,6,-1,-1,-1,2,1
201301EO40475,1,9,0,3,0,1,0,0,0,0,2,1,6,2,9,1246,1,6,3,1
201301EO40475,2,5,0,4,0,1,0,0,0,0,1,1,6,1,7,599,1,5,2,1
201301EO40476,1,9,0,7,0,8,0,0,0,0,1,1,6,1,-1,5000,1,4,-1,-1
201301EO40476,2,90,0,18,0,6,0,0,0,0,3,1,6,1,6,-1,-1,-1,2,1
201301EO40477,1,9,0,6,0,1,0,0,0,0,1,1,1,1,7,2493,8,-1,2,1
201301EO40477,2,5,0,13,0,1,1,0,0,0,4,1,1,1,6,-1,-1,-1,6,1
201301EO40478,1,2,0,5,0,2,0,0,0,0,1,1,6,1,-1,124,1,10,-1,-1
201301EO40479,1,9,0,7,0,5,0,0,0,0,4,1,1,1,8,1798,8,-1,9,1
201301EO40479,2,1,0,15,4,8,1,0,0,0,1,1,6,1,-1,-1,-1,-1,3,1
201301EO40480,1,19,0,9,0,8,0,0,0,0,1,1,1,1,5,2402,2,7,-1,-1
201301EO40480,2,1,0,18,0,8,0,0,0,0,1,1,6,1,-1,-1,-1,-1,-1,-1
201301EO40481,1,9,0,18,2,8,0,0,0,0,1,1,6,1,6,1390,1,1,-1,-1
201301EO40481,2,9,0,7,2,6,0,0,0,0,3,1,6,1,5,1560,2,-1,-1,-1
201301EO40482,1,9,0,9,0,8,0,0,0,0,1,1,6,1,11,2962,1,26,3,1
201301EO40482,2,1,0,18,0,8,0,0,0,0,1,1,2,2,6,-1,-1,-1,-1,-1
201301EO40483,1,1,0,17,4,8,0,0,0,0,1,1,2,1,7,-1,-1,-1,5,1
201301EO40483,2,19,0,9,4,8,0,0,0,0,4,1,6,3,-1,-1,-1,-1,-1,-1
201301EO40484,1,3,0,5,0,8,0,0,0,0,4,1,2,1,6,124,1,6,7,1
201301EO40484,2,1,0,15,0,8,0,0,0,0,1,1,2,2,5,-1,-1,-1,3,1
201301EO40486,1,9,0,9,0,5,0,0,0,0,3,1,6,1,8,2198,1,7,3,1
201301EO40486,2,3,0,13,0,8,0,0,0,0,1,1,6,1,7,125,1,2,-1,-1
201301EO40487,1,9,0,18,0,8,0,0,0,0,3,1,6,1,8,1599,1,13,-1,-1
201301EO40487,2,9,0,5,0,6,0,0,0,0,1,1,6,1,9,1397,1,3,3,1
201301EO40489,1,9,0,9,0,8,0,0,0,0,1,1,6,1,8,1461,2,1,3,1
201301EO40489,2,9,0,9,0,6,0,0,0,0,3,1,2,2,7,1598,1,9,3,1
201301EO40490,1,1,0,18,0,2,0,8,0,0,1,1,6,2,5,-1,-1,-1,2,1
201301EO40490,2,9,0,2,0,2,0,0,0,0,3,1,6,2,-1,-1,-1,-1,-1,-1
201301EO40491,1,3,0,18,0,1,0,0,0,0,1,1,1,1,7,124,1,8,8,1
201301EO40492,1,11,0,5,0,0,0,0,0,0,0,1,1,1,8,-1,-1,-1,3,1
201301EO40493,1,11,0,18,2,1,0,0,0,0,4,1,1,1,6,3900,2,8,1,1
201301EO40493,2,1,0,18,4,1,0,0,0,0,3,1,2,1,6,-1,-1,-1,3,1
201301EO40495,1,19,0,9,0,5,0,0,0,0,4,1,1,1,7,-1,-1,-1,2,1
201301EO40495,2,1,0,18,4,8,0,0,0,0,1,1,6,1,6,-1,-1,-1,2,1
201301EO40496,1,5,0,18,0,8,0,0,0,0,3,1,6,2,6,656,1,8,3,1
201301EO40496,2,9,0,18,0,8,0,0,0,0,1,1,6,2,-1,1984,1,-1,-1,-1
201301EO40497,1,9,0,6,0,1,1,0,0,0,4,1,6,1,8,-1,-1,-1,-1,-1
201301EO40497,2,9,0,18,0,2,0,0,0,0,1,1,6,1,7,1597,1,12,4,1
201301EO40498,1,9,0,4,0,8,0,0,0,0,4,1,6,1,5,1560,2,-1,1,1
201301EO40499,1,3,0,5,0,8,0,0,0,0,3,1,6,1,7,124,1,13,3,1
201301EO40499,2,9,0,5,0,6,0,0,0,0,1,1,1,1,9,2987,2,-1,1,1
201301EO40500,1,9,0,17,0,2,0,0,0,0,2,1,2,1,8,1998,1,10,10,1
201301EO40500,2,1,0,17,0,2,0,0,0,0,1,1,2,1,6,-1,-1,-1,3,1
201301EO40501,1,3,0,4,0,8,0,0,0,0,1,1,6,1,7,-1,-1,-1,7,1
201301EO40502,1,1,0,18,0,8,0,0,0,0,1,1,1,2,6,-1,-1,-1,2,1
201301EO40502,2,9,0,7,0,8,0,0,0,0,3,1,6,1,-1,-1,-1,-1,-1,-1
201301EO40503,1,9,0,5,0,8,0,0,0,0,1,1,6,1,11,1797,8,4,7,1
201301EO40503,2,1,0,5,4,8,0,0,0,0,4,1,2,1,8,-1,-1,-1,1,1
201301EO40504,1,9,0,9,0,8,0,0,0,0,3,1,6,1,8,2979,1,8,2,1
201301EO40504,2,1,0,18,0,8,0,0,0,0,1,1,6,1,6,-1,-1,-1,3,1
201301EO40505,1,9,0,3,0,0,0,0,0,0,2,1,2,1,8,1896,2,5,2,1
201301EO40505,2,19,0,16,0,0,0,0,0,0,1,1,1,1,7,2295,7,9,3,1
201301EO40506,1,9,0,9,0,5,0,0,0,0,1,1,2,1,6,1753,2,7,1,1
201301EO40506,2,1,0,15,0,8,0,0,0,0,1,1,2,1,8,-1,-1,-1,3,1
201301EO40508,1,9,0,18,0,1,0,0,0,0,1,1,6,1,-1,-1,-1,-1,-1,-1
201301EO40508,2,8,0,3,0,1,0,0,0,0,2,1,1,1,9,2402,2,10,4,1
201301EO40508,3,9,0,3,0,1,0,0,0,0,2,1,6,1,6,1339,1,9,-1,-1
201301EO40509,1,1,0,18,2,1,0,0,0,0,3,1,6,2,6,-1,-1,-1,5,1
201301EO40509,2,9,0,15,2,1,0,0,0,0,4,1,6,3,-1,-1,-1,-1,-1,-1
201301EO40510,1,9,0,18,0,2,0,0,0,0,0,1,6,1,8,3500,1,7,1,1
201301EO40510,2,1,0,12,0,2,0,0,0,0,0,1,6,3,-1,-1,-1,-1,-1,-1
201301EO40511,1,3,0,7,0,2,0,0,0,0,1,1,6,1,8,125,1,3,8,1
201301EO40512,1,19,0,5,0,1,0,0,0,0,1,1,1,1,5,2148,2,8,-1,-1
201301EO40513,1,1,0,18,0,8,0,0,0,0,3,1,6,2,5,-1,-1,-1,3,1
201301EO40513,2,9,0,7,0,8,0,0,0,0,1,1,6,3,-1,-1,-1,-1,-1,-1
201301EO40514,1,9,0,7,0,8,0,0,0,0,4,1,2,1,9,1796,1,9,9,1
201301EO40514,2,5,0,18,0,8,0,0,0,0,1,1,1,1,7,-1,-1,-1,4,1
201301EO40515,1,4,0,18,0,0,0,0,0,0,1,1,6,1,-1,125,1,5,-1,-1
201301EO40516,1,3,0,18,0,0,0,0,0,0,4,1,1,1,6,125,1,2,2,1
201301EO40517,1,11,0,18,2,1,0,0,0,0,1,1,1,1,7,7300,2,10,1,1
201301EO40518,1,8,0,18,0,1,0,10,1,10,1,1,1,1,7,2499,2,2,2,1
201301EO40519,1,9,0,3,0,1,0,0,0,0,2,1,6,1,8,-1,-1,-1,3,1