Accident_Index,Vehicle_Reference,Vehicle_Type,Towing_and_Articulation,Vehicle_Manoeuvre,Vehicle_Location-Restricted_Lane,Junction_Location,Skidding_and_Overturning,Hit_Object_in_Carriageway,Vehicle_Leaving_Carriageway,Hit_Object_off_Carriageway,1st_Point_of_Impact,Was_Vehicle_Left_Hand_Drive?,Journey_Purpose_of_Driver,Sex_of_Driver,Age_Band_of_Driver,Engine_Capacity_(CC),Propulsion_Code,Age_of_Vehicle,Driver_IMD_Decile,Driver_Home_Area_Type
201301EO40519,2,9,0,4,0,1,0,0,0,0,2,1,6,2,8,1389,1,10,1,1
201301EO40519,3,9,0,4,0,1,0,0,0,0,1,1,6,1,5,1597,1,5,4,1
201301EO40520,1,11,0,18,2,8,0,0,0,0,1,1,1,1,9,4760,2,1,4,1
201301EO40521,1,9,0,5,0,0,0,0,0,0,1,1,6,1,8,1798,8,-1,1,1
201301EO40522,1,1,0,18,0,1,0,4,0,0,1,1,6,1,-1,-1,-1,-1,-1,-1
201301EO40523,1,9,0,18,0,8,0,0,0,0,3,1,6,2,6,1390,1,11,2,1
201301EO40523,2,5,0,18,0,8,0,0,0,0,1,1,6,1,6,-1,-1,-1,1,1
201301EO40524,1,3,0,18,0,0,0,0,0,0,4,1,2,1,7,124,1,4,1,1
201301EO40525,1,1,0,18,0,8,0,0,0,0,1,1,6,1,5,-1,-1,-1,2,1
201301EO40525,2,9,0,7,0,5,0,0,0,0,4,1,2,1,8,1997,1,14,4,1
201301EO40526,1,9,0,9,0,1,0,0,0,0,3,1,6,2,8,1598,1,13,2,1
201301EO40526,2,3,0,9,0,1,0,0,0,0,3,1,6,2,5,-1,-1,-1,1,1
201301EO40528,1,9,0,7,0,8,0,0,0,0,4,1,2,1,8,2148,2,8,4,1
201301EO40528,2,1,0,15,0,8,0,0,0,0,3,1,6,1,6,-1,-1,-1,4,1
201301EO40529,1,9,0,7,0,8,0,0,0,0,1,1,6,3,-1,-1,-1,-1,-1,-1
201301EO40530,1,19,0,9,0,8,0,0,0,0,4,1,6,1,7,2402,2,9,1,1
201301EO40530,2,1,0,4,0,8,0,0,0,0,1,1,2,2,-1,-1,-1,-1,2,1
201301EO40531,1,3,0,11,0,0,0,0,0,0,4,1,6,1,6,125,1,7,1,1
201301EO40531,2,1,0,15,0,0,0,0,0,0,3,1,6,1,6,-1,-1,-1,-1,-1
201301EO40532,1,1,0,9,0,5,0,0,0,0,1,1,6,1,4,-1,-1,-1,2,1
201301EO40532,2,9,0,18,0,6,0,0,0,0,1,1,6,3,-1,-1,-1,-1,-1,-1
201301EO40533,1,1,0,18,0,8,0,0,0,0,1,1,2,2,6,-1,-1,-1,3,1
201301EO40533,2,9,0,9,0,8,0,0,0,0,4,1,6,2,-1,998,1,8,-1,-1
201301EO40534,1,5,0,18,0,0,0,0,0,0,1,1,6,1,6,-1,-1,-1,2,1
201301EO40535,1,1,0,18,0,2,0,0,0,0,2,1,1,1,6,-1,-1,-1,1,1
201301EO40535,2,9,0,13,0,2,0,0,0,0,1,1,6,3,-1,-1,-1,-1,-1,-1
201301EO40537,1,9,0,18,0,1,0,0,0,0,1,1,6,1,8,2000,1,8,5,1
201301EO40537,2,9,0,3,0,1,0,0,0,0,2,1,6,1,7,1995,2,5,3,1
201301EO40538,1,11,0,5,0,1,0,0,0,0,0,1,1,1,6,6692,2,2,2,1
201301EO40539,1,1,0,18,0,1,0,0,0,0,1,1,2,1,7,-1,-1,-1,2,1
201301EO40540,1,3,0,4,0,0,1,0,0,0,0,1,2,1,6,-1,-1,-1,9,1
201301EO40541,1,8,0,3,0,0,0,0,0,0,4,1,1,1,-1,-1,-1,-1,-1,-1
201301EO40541,2,1,0,18,0,0,0,0,0,0,3,1,6,2,6,-1,-1,-1,4,1
201301EO40542,1,11,0,18,0,0,0,0,0,0,0,1,1,1,6,6692,2,4,3,1
201301EO40543,1,1,0,14,0,1,0,0,0,0,4,1,2,1,7,-1,-1,-1,1,1
201301EO40543,2,8,0,5,0,1,0,0,0,0,1,1,1,1,-1,1910,2,4,-1,-1
201301EO40544,1,1,0,18,0,8,0,0,0,0,1,1,2,2,6,-1,-1,-1,3,1
201301EO40544,2,9,0,7,0,8,0,0,0,0,4,1,2,1,8,998,1,-1,2,1
201301EO40545,1,4,0,18,2,8,0,0,0,0,1,1,6,1,7,278,1,3,9,1
201301EO40545,2,19,0,7,0,5,0,0,0,0,4,1,6,1,8,1968,2,-1,9,1
201301EO40546,1,9,0,17,0,0,5,4,0,0,4,1,6,1,8,1998,1,26,2,1
201301EO40546,2,9,0,2,0,0,0,0,0,0,4,1,6,3,-1,1595,2,3,-1,-1
201301EO40546,3,9,0,2,0,0,0,0,0,0,3,1,6,3,-1,1390,1,4,-1,-1
201301EO40547,1,9,0,18,0,8,0,0,0,0,4,1,1,1,7,1753,2,13,4,1
201301EO40549,1,5,0,4,0,0,0,0,0,0,1,1,6,1,7,599,1,2,2,1
201301EO40550,1,3,0,18,0,8,0,0,0,0,1,1,6,1,5,124,1,6,10,1
201301EO40550,2,8,0,9,0,5,0,0,0,0,1,1,1,1,7,1997,2,1,3,1
201301EO40551,1,9,0,18,0,1,0,0,0,0,2,1,6,2,5,1598,1,4,2,1
201301EO40551,2,1,0,18,0,1,0,0,0,0,1,1,6,1,5,-1,-1,-1,2,1
201301EO40552,1,8,0,9,0,8,0,0,0,0,4,1,1,1,6,1910,2,6,2,1
201301EO40552,2,9,0,18,0,8,0,0,0,0,1,1,6,1,7,1398,1,8,3,1
201301EO40554,1,1,0,18,0,8,0,0,0,0,4,1,1,2,9,-1,-1,-1,2,1
201301EO40554,2,90,0,5,0,6,0,0,0,0,1,1,6,1,-1,-1,-1,-1,-1,-1
201301EO40555,1,3,0,18,0,8,0,0,0,0,1,1,6,1,7,125,1,4,6,1
201301EO40555,2,9,0,9,0,8,0,0,0,0,1,1,6,1,6,1149,1,9,8,1
201301EO40555,3,9,0,3,0,1,0,0,0,0,1,1,6,2,6,998,1,2,-1,-1
201301EO40556,1,3,0,18,0,1,0,0,0,0,1,1,1,1,4,124,1,2,4,1
201301EO40556,2,5,0,4,0,1,0,0,0,0,2,1,1,1,-1,680,1,2,3,1
201301EO40557,1,3,0,9,0,0,0,0,0,0,2,1,1,1,7,125,1,10,7,1
201301EO40557,2,1,0,18,0,0,0,0,1,10,4,1,2,2,-1,-1,-1,-1,-1,-1
201301EO40558,1,11,0,5,0,0,0,0,0,0,3,1,1,1,9,9360,2,3,3,1
201301EO40559,1,1,0,4,0,8,1,0,0,0,0,1,2,1,6,-1,-1,-1,2,1
201301EO40559,2,9,0,9,0,5,0,0,0,0,0,1,2,1,8,2987,2,7,2,1
201301EO40560,1,9,0,7,0,5,0,0,1,0,4,1,2,1,6,-1,-1,-1,3,1
201301EO40560,2,1,0,15,0,8,0,0,0,0,1,1,2,1,5,-1,-1,-1,4,1
201301EO40561,1,19,0,7,0,5,0,0,0,0,4,1,2,1,8,2148,2,5,3,1
201301EO40561,2,1,0,15,0,8,0,0,0,0,1,1,6,1,9,-1,-1,-1,-1,-1
201301EO40562,1,9,0,5,0,6,0,0,0,0,3,1,6,1,8,1870,2,15,-1,-1
201301EO40562,2,1,0,14,0,8,0,0,0,0,1,1,1,1,9,-1,-1,-1,3,1
201301EO40565,1,1,0,5,0,6,0,0,0,0,3,1,1,2,6,-1,-1,-1,3,1
201301EO40565,2,9,0,18,0,8,0,0,0,0,1,1,6,2,-1,1461,2,8,1,1
201301EO40566,1,9,0,2,0,2,0,0,0,0,3,1,6,1,6,2793,1,13,4,1
201301EO40566,2,1,0,16,0,2,0,0,0,0,4,1,2,1,4,-1,-1,-1,-1,-1
201301EO40567,1,8,0,18,0,8,0,0,7,7,1,1,1,1,8,1796,1,5,3,1
201301EO40567,2,9,0,18,0,8,0,0,0,0,0,1,1,1,6,-1,-1,-1,-1,-1
201301EO40568,1,9,0,3,0,1,0,0,0,0,1,1,6,1,5,-1,-1,-1,2,1
201301EO40568,2,90,0,1,0,1,0,0,0,0,2,1,1,1,8,-1,-1,-1,4,1
201301EO40569,1,1,0,5,0,8,0,0,0,0,1,1,1,1,5,-1,-1,-1,2,1
201301EO40570,1,3,0,18,0,1,0,0,0,0,4,1,6,3,-1,124,1,1,-1,-1
201301EO40571,1,1,0,15,0,1,0,0,0,0,1,1,1,1,6,-1,-1,-1,2,1
201301EO40571,2,9,0,9,0,8,0,0,0,0,4,1,1,2,6,1598,1,8,1,1
201301EO40572,1,9,0,5,0,1,0,0,0,0,1,1,6,1,11,2188,2,10,1,1
201301EO40572,2,9,0,3,0,1,0,0,0,0,2,1,6,1,7,1998,2,6,3,1
201301EO40573,1,19,0,9,0,6,0,0,0,0,1,1,1,1,7,2143,2,-1,2,1
201301EO40573,2,1,0,18,0,8,0,0,0,0,4,1,2,2,6,-1,-1,-1,3,1
201301EO40574,1,19,0,9,0,5,0,0,0,0,4,1,6,1,6,2464,2,3,5,1
201301EO40574,2,5,0,15,0,8,0,0,1,10,1,1,2,1,7,1000,1,-1,-1,-1
201301EO40575,1,5,0,13,0,8,0,0,0,0,4,1,2,1,8,670,1,1,-1,-1
201301EO40575,2,19,0,9,0,5,0,0,0,0,3,1,1,1,7,2198,2,6,1,1
201301EO40576,1,3,0,5,0,8,1,0,0,0,3,1,1,1,5,125,1,9,2,1
201301EO40576,2,9,0,9,0,6,0,0,0,0,1,1,6,1,8,1896,2,16,3,1
201301EO40577,1,21,0,14,0,0,0,0,0,0,4,1,6,1,7,12900,2,2,2,1
201301EO40578,1,8,0,3,0,8,0,0,0,0,2,1,1,1,8,1598,1,5,1,1
201301EO40578,2,8,0,9,0,8,0,0,0,0,1,1,6,1,-1,1896,2,7,-1,-1
201301EO40579,1,1,0,18,0,8,0,0,0,0,3,1,6,1,8,-1,-1,-1,1,1
201301EO40579,2,9,0,18,0,8,0,0,0,0,1,1,6,1,-1,-1,-1,-1,-1,-1
201301EO40580,1,9,0,11,0,2,0,0,0,0,2,1,6,1,6,3724,1,9,2,1
201301EO40580,2,9,0,18,0,2,0,0,0,0,1,1,6,2,-1,1000,1,13,-1,-1
201301EO40581,1,9,0,18,0,0,0,0,0,0,1,1,6,1,-1,-1,-1,-1,-1,-1
201301EO40582,1,9,0,7,0,2,0,0,0,0,1,1,1,1,8,-1,-1,-1,5,2
201301EO40583,1,9,0,18,0,0,1,10,1,10,4,1,6,1,5,1598,1,8,3,1
201301EO40584,1,9,0,18,0,1,0,0,0,0,1,1,6,1,8,1590,1,12,1,1
201301EO40584,2,9,0,18,0,1,0,0,0,0,2,1,6,1,6,2902,2,6,3,1
201301EO40585,1,8,0,3,0,1,0,0,0,0,2,1,1,1,8,2664,2,13,1,1
201301EO40585,2,9,0,4,0,1,0,0,0,0,2,1,6,1,5,998,1,7,2,1
201301EO40585,3,19,0,4,0,1,1,0,0,0,1,1,6,1,6,2151,2,9,-1,-1
201301EO40586,1,8,0,5,0,1,0,0,0,0,1,1,1,1,6,2148,2,4,4,1
201301EO40586,2,9,0,3,0,1,0,0,0,0,2,1,6,1,7,1997,2,5,4,1
201301EO40587,1,1,0,18,0,1,0,0,0,0,3,1,2,2,6,-1,-1,-1,3,1
201301EO40587,2,9,0,7,0,1,0,0,0,0,4,1,2,1,5,-1,-1,-1,2,1
201301EO40588,1,9,0,18,0,2,0,0,0,0,1,1,6,1,9,1968,2,-1,-1,-1
201301EO40588,2,11,0,18,0,1,0,0,0,0,1,1,1,1,6,4500,2,2,4,1
201301EO40589,1,9,0,4,0,8,0,0,0,0,2,1,6,2,8,1596,1,6,1,1
201301EO40589,2,20,0,18,0,8,0,0,0,0,1,1,1,1,6,5880,2,11,3,1
201301EO40590,1,9,0,6,0,0,0,0,0,0,3,1,6,1,-1,1798,1,9,-1,-1
201301EO40590,2,1,0,18,0,0,0,0,0,0,1,1,2,1,5,-1,-1,-1,9,1
201301EO40591,1,8,0,9,0,2,0,0,0,0,4,1,1,1,5,1497,8,5,3,1
201301EO40593,1,9,0,9,0,5,0,0,0,0,1,1,6,2,4,1199,1,10,3,1
201301EO40593,2,1,0,18,0,8,0,0,0,0,1,1,6,1,5,-1,-1,-1,3,1
201301EO40594,1,1,0,4,0,6,1,0,0,0,1,1,6,1,5,-1,-1,-1,3,1
201301EO40594,2,8,0,9,0,8,0,0,0,0,4,1,6,1,-1,1798,1,6,-1,-1
201301EO40595,1,9,0,18,0,0,0,0,0,0,1,1,6,1,6,1598,1,6,8,1
201301EO40595,2,5,0,3,0,0,0,0,0,0,2,1,6,1,7,680,1,5,6,1
201301EO40595,3,9,0,3,0,0,0,0,0,0,2,1,6,3,-1,-1,-1,-1,-1,-1
201301EO40597,1,1,0,18,2,1,0,0,0,0,1,1,1,1,5,-1,-1,-1,2,1
201301EO40598,1,9,0,9,0,1,0,0,0,0,4,1,6,2,8,1598,1,6,4,1
201301EO40598,2,1,0,18,2,1,0,0,0,0,1,1,6,1,4,-1,-1,-1,3,1
201301EO40599,1,9,0,3,0,8,0,0,0,0,2,1,6,2,5,1595,2,3,1,1
201301EO40599,2,9,0,9,0,6,0,0,0,0,1,1,6,1,-1,1910,2,9,-1,-1
201301EO40600,1,1,0,15,0,1,1,0,0,0,1,1,2,1,7,-1,-1,-1,3,1
201301EO40601,1,9,0,9,0,8,1,0,0,0,3,1,2,1,4,-1,-1,-1,7,3
201301EO40601,2,9,0,18,0,8,1,0,0,0,1,1,6,2,8,1997,1,4,7,1
201301EO40602,1,9,0,4,0,0,0,0,0,0,1,1,6,1,6,1968,2,7,2,1
201301EO40602,2,19,0,1,0,0,0,0,0,0,2,1,6,1,7,2198,2,3,-1,-1
201301EO40603,1,9,0,3,0,0,0,0,0,0,2,1,1,2,7,-1,-1,-1,4,1
201301EO40603,2,1,0,12,0,0,0,0,0,0,1,1,2,1,5,-1,-1,-1,4,1
201301EO40604,1,9,0,18,0,1,0,0,0,0,1,1,6,1,6,1364,1,4,4,1
201301EO40605,1,11,0,5,0,8,0,0,0,0,1,1,1,2,9,7300,2,8,4,1
201301EO40605,2,5,0,9,0,8,1,0,0,0,3,1,6,1,8,645,1,5,8,1
201301EO40606,1,11,0,13,2,2,0,0,0,0,4,1,1,1,7,-1,-1,-1,3,1
201301EO40606,2,1,0,18,2,2,0,0,0,0,3,1,6,1,9,-1,-1,-1,4,1
201301EO40607,1,9,0,18,0,0,0,0,0,0,1,1,6,1,7,1248,2,-1,3,1
201301EO40607,2,8,0,4,0,0,0,0,0,0,2,1,1,1,8,2231,2,5,2,1
201301EO40608,1,5,0,9,0,5,0,0,0,0,1,1,1,1,8,656,1,2,4,1
201301EO40608,2,1,0,15,0,8,0,0,0,0,1,1,2,1,6,-1,-1,-1,3,1
201301EO40609,1,1,0,18,0,2,0,0,0,0,1,1,2,1,6,-1,-1,-1,2,1
201301EO40610,1,3,0,18,0,2,0,0,0,0,1,1,6,1,6,125,1,1,2,1
201301EO40611,1,1,0,18,0,8,0,0,0,0,3,1,2,1,6,-1,-1,-1,3,1
201301EO40611,2,9,0,9,0,8,0,0,0,0,1,1,1,1,-1,1398,2,2,3,1
201301EO40612,1,11,0,2,0,0,0,0,0,0,0,1,1,1,7,4760,2,-1,2,1
201301EO40613,1,9,0,9,0,8,0,0,0,0,4,1,6,1,6,1560,2,-1,4,1
201301EO40613,2,5,0,18,0,8,0,0,0,0,1,1,1,1,-1,1000,1,-1,9,3
201301EO40614,1,9,0,5,0,8,0,0,0,0,1,1,6,1,8,2967,2,-1,6,1
201301EO40614,2,1,0,9,0,8,0,0,0,0,4,1,6,1,6,-1,-1,-1,2,1
201301EO40615,1,9,0,18,0,2,0,0,0,0,4,1,6,2,8,1598,1,1,1,1
201301EO40615,2,1,0,18,9,1,0,0,0,0,1,1,6,1,-1,-1,-1,-1,-1,-1
201301EO40616,1,1,0,18,0,1,1,0,0,0,1,1,2,1,6,-1,-1,-1,3,1
201301EO40616,2,8,0,9,0,1,0,0,0,0,1,1,6,1,-1,1997,2,1,6,1
201301EO40617,1,1,0,18,0,8,0,0,0,0,1,1,2,1,6,-1,-1,-1,7,1
201301EO40617,2,19,0,9,0,8,0,0,0,0,1,1,2,1,6,-1,-1,-1,2,1
201301EO40618,1,9,0,18,0,0,0,0,0,0,2,1,2,1,6,1399,2,8,4,1
201301EO40618,2,9,0,18,0,0,0,0,0,0,1,1,6,1,6,1769,1,9,10,1
201301EO40619,1,9,0,18,0,2,0,0,0,0,4,1,6,1,7,1587,1,11,1,1
201301EO40620,1,9,0,12,0,0,0,0,0,0,3,1,6,1,5,4164,2,13,2,1
201301EO40620,2,1,0,18,0,0,0,0,0,0,4,1,6,1,6,-1,-1,-1,2,1
201301EO40621,1,9,0,7,0,1,0,0,0,0,2,1,6,3,-1,-1,-1,-1,-1,-1
201301EO40621,2,1,0,18,0,1,0,0,0,0,1,1,2,1,5,-1,-1,-1,2,1
201301EO40622,1,9,0,3,0,1,0,0,0,0,2,1,6,2,6,998,1,1,-1,-1
201301EO40622,2,9,0,3,0,1,0,0,0,0,2,1,6,1,7,1968,2,5,1,1
201301EO40622,3,8,0,3,0,1,0,0,0,0,2,1,1,1,9,2499,2,3,8,1
201301EO40622,4,9,0,3,0,1,0,0,0,0,2,1,6,2,6,1590,1,13,2,1
201301EO40622,5,9,0,18,0,1,0,0,0,0,1,1,6,2,7,-1,-1,-1,4,1
201301EO40624,1,11,0,5,0,0,0,0,0,0,0,1,1,1,6,6700,2,4,-1,-1
201301EO40625,1,9,0,18,0,8,0,0,0,0,4,1,6,1,8,2171,1,9,5,1
201301EO40625,2,9,0,9,0,8,0,0,0,0,3,1,6,1,8,1329,1,1,5,1
201301EO40626,1,9,0,9,0,1,0,0,0,0,3,1,6,1,6,1595,1,15,2,1
201301EO40626,2,4,0,13,0,1,0,0,0,0,4,1,1,1,5,125,1,9,2,1
201301EO40627,1,9,0,4,0,2,0,0,0,0,4,1,1,1,-1,-1,-1,-1,-1,-1
201301EO40627,2,1,0,15,0,2,0,0,0,0,3,1,2,2,7,-1,-1,-1,3,1
201301EO40628,1,9,0,6,0,0,0,0,0,0,3,1,6,2,5,1796,1,5,2,1
201301EO40628,2,1,0,18,0,0,0,0,0,0,1,1,6,1,6,-1,-1,-1,7,1
201301EO40629,1,11,0,18,0,8,0,0,0,0,4,1,1,3,-1,-1,-1,-1,-1,-1
201301EO40629,2,9,0,9,0,1,0,0,0,0,1,1,6,2,7,1360,1,7,1,1
201301EO40630,1,9,0,4,0,0,0,0,0,0,2,1,6,1,7,1390,1,15,2,1
201301EO40630,2,9,0,18,0,0,0,0,0,0,1,1,6,1,7,-1,-1,-1,2,1
201301EO40630,3,9,0,18,0,0,0,0,0,0,3,1,6,1,8,1598,1,13,1,1
201301EO40631,1,9,0,12,0,0,0,0,0,0,1,1,6,1,9,1997,2,4,4,1
201301EO40632,1,19,0,7,0,1,0,0,0,0,0,1,1,1,8,2143,2,-1,2,1
201301EO40632,2,1,0,15,0,1,0,0,0,0,0,1,6,1,7,-1,-1,-1,-1,-1
201301EO40633,1,9,0,18,0,1,0,0,0,0,1,1,6,1,-1,2967,2,4,-1,-1
201301EO40633,2,9,0,3,0,1,0,0,0,0,2,1,6,1,7,-1,-1,-1,5,1
201301EO40634,1,19,0,1,0,1,0,0,0,0,0,1,1,1,5,4461,2,2,-1,-1
201301EO40634,2,3,0,13,0,1,1,0,0,0,1,1,2,1,5,124,1,8,2,1
201301EO40634,3,1,0,13,0,1,0,0,0,0,2,1,2,2,6,-1,-1,-1,1,1
201301EO40635,1,3,0,15,0,0,0,0,0,0,1,1,1,1,7,125,1,2,2,1
201301EO40635,2,1,0,15,0,0,0,0,0,0,2,1,1,1,7,-1,-1,-1,6,1
201301EO40637,1,3,0,7,0,2,0,11,0,0,1,1,1,1,5,124,1,2,3,1
201301EO40639,1,9,0,7,0,8,0,0,0,0,4,1,1,1,6,1997,1,9,6,1
201301EO40639,2,1,0,15,0,8,0,0,0,0,3,1,2,1,6,-1,-1,-1,4,1
201301EO40640,1,8,0,9,0,2,0,0,0,0,1,1,1,1,9,2143,2,1,7,3
201301EO40641,1,9,0,18,0,0,0,0,0,0,4,1,6,1,6,1497,8,5,3,1
201301EO40642,1,19,0,7,0,8,0,0,0,0,4,1,1,1,9,1870,2,11,4,1
201301EO40642,2,3,0,18,0,8,0,0,0,0,3,1,6,1,6,124,1,7,2,1
201301EO40643,1,9,0,9,0,8,0,0,0,0,4,1,6,2,7,1339,1,8,8,1
201301EO40643,2,1,0,18,0,8,0,0,0,0,1,1,6,2,5,-1,-1,-1,-1,-1
201301EO40644,1,3,0,4,0,2,0,0,0,0,3,1,6,2,7,124,1,7,2,1
201301EO40645,1,1,0,18,0,2,0,0,0,0,1,1,6,1,5,-1,-1,-1,3,1
201301EO40647,1,9,0,9,0,8,0,0,0,0,1,1,6,1,6,1560,2,9,1,1
201301EO40647,2,1,0,18,0,8,0,0,0,0,4,1,6,2,8,-1,-1,-1,3,1
201301EO40648,1,1,0,18,0,1,0,0,0,0,3,1,6,2,7,-1,-1,-1,3,1
201301EO40648,2,19,0,7,0,1,0,0,0,0,4,1,6,3,-1,-1,-1,-1,-1,-1
201301EO40649,1,9,0,18,0,0,0,0,0,0,2,1,6,2,6,1398,1,2,2,1
201301EO40649,2,9,0,18,0,0,0,0,0,0,1,1,6,1,-1,1956,2,2,-1,-1
201301EO40650,1,8,0,3,2,2,0,0,0,0,4,1,1,1,7,1997,2,-1,3,1
201301EO40650,2,1,0,18,2,2,0,0,0,0,1,1,6,1,7,-1,-1,-1,3,1
201301EO40651,1,1,0,18,0,2,0,0,0,0,4,1,6,2,6,-1,-1,-1,2,1
201301EO40652,1,2,0,9,0,8,0,0,0,0,1,1,6,1,4,49,1,8,2,1
201301EO40652,2,8,0,18,0,8,0,0,0,0,3,1,1,1,6,2499,2,3,2,1
201301EO40653,1,1,0,9,0,1,0,0,0,0,2,1,2,1,9,-1,-1,-1,9,2
201301EO40653,2,9,0,18,0,1,0,0,0,0,1,1,2,1,-1,1461,2,2,6,1
201301EO40654,1,9,0,15,0,0,1,10,7,10,3,1,2,1,6,1360,1,7,3,1
201301EO40654,2,21,0,18,0,0,0,0,0,0,4,1,1,1,5,-1,-1,-1,3,1
201301EO40655,1,19,0,9,0,8,0,0,0,0,0,1,6,1,6,2402,2,11,2,1
201301EO40655,2,3,0,18,0,8,0,0,0,0,4,1,6,2,5,85,1,20,1,1
201301EO40656,1,9,0,18,0,8,0,0,0,0,1,1,6,1,7,1968,2,-1,-1,-1
201301EO40656,2,1,0,18,0,8,0,0,0,0,4,1,6,2,6,-1,-1,-1,1,1
201301EO40657,1,9,0,5,0,1,0,0,0,0,1,1,6,1,6,-1,-1,-1,3,1
201301EO40657,2,2,0,3,0,1,0,0,0,0,2,1,1,1,5,107,1,-1,7,1
201301EO40658,1,9,0,9,0,2,0,0,0,0,1,1,6,1,9,998,1,17,-1,-1
201301EO40658,2,1,0,15,0,1,0,0,0,0,3,1,6,2,6,-1,-1,-1,2,1
201301EO40659,1,9,0,14,0,0,0,0,0,0,1,1,6,1,6,-1,-1,-1,2,1
201301EO40661,1,9,0,18,0,1,0,0,0,0,1,1,6,1,-1,1796,1,13,-1,-1
201301EO40661,2,9,0,3,0,1,0,0,0,0,2,1,6,1,7,1997,2,1,6,1
201301EO40662,1,19,0,9,0,1,0,0,0,0,4,1,1,1,6,1995,2,7,4,1
201301EO40662,2,1,0,18,0,1,0,0,0,0,1,1,2,1,5,-1,-1,-1,2,1
201301EO40663,1,1,0,18,0,8,0,0,0,0,4,1,2,1,7,-1,-1,-1,5,1
201301EO40663,2,9,0,18,0,8,1,0,0,0,1,1,6,2,-1,1686,2,10,1,1
201301EO40664,1,1,0,18,0,8,0,0,0,0,3,1,6,1,6,-1,-1,-1,3,1
201301EO40664,2,8,0,9,0,8,0,0,0,0,1,1,1,1,-1,2499,2,6,-1,-1
201301EO40665,1,1,0,18,4,8,0,0,0,0,3,1,6,1,6,-1,-1,-1,2,1
201301EO40665,2,9,0,9,4,8,0,0,0,0,1,1,6,1,-1,-1,-1,-1,-1,-1
201301EO40666,1,9,0,2,0,0,0,0,0,0,3,1,1,2,9,1769,1,11,2,1
201301EO40666,2,1,0,18,0,0,0,0,0,0,1,1,1,2,7,-1,-1,-1,3,1
201301EO40667,1,9,0,18,0,2,0,4,0,0,1,1,6,1,-1,796,1,11,6,1
201301EO40668,1,9,0,18,0,0,0,0,0,0,1,1,6,1,6,1896,2,10,4,1
201301EO40669,1,9,0,1,0,0,0,4,1,10,2,1,6,2,8,1968,2,8,2,1
201301EO40670,1,9,0,2,0,0,0,0,0,0,3,1,6,1,6,1796,1,1,2,1
201301EO40670,2,1,0,18,0,0,0,4,0,0,1,1,6,1,6,-1,-1,-1,5,1
201301EO40671,1,3,0,18,0,8,0,0,0,0,1,1,6,1,7,125,1,4,10,2
201301EO40671,2,9,0,9,0,8,0,0,0,0,1,1,6,1,7,2143,12,-1,1,1
201301EO40672,1,3,0,14,0,1,0,0,0,0,4,1,6,1,4,124,1,2,2,1
201301EO40672,2,8,0,6,0,1,0,0,0,0,3,1,1,1,-1,2499,2,5,-1,-1
201301EO40673,1,19,0,9,0,8,0,0,0,0,3,1,6,1,6,2300,2,10,9,1
201301EO40673,2,3,0,14,0,8,0,0,0,0,1,1,2,1,4,124,1,4,3,1
201301EO40675,1,9,0,9,0,1,0,0,0,0,3,1,6,2,8,1796,1,17,2,1
201301EO40675,2,3,0,18,0,1,1,0,0,0,1,1,6,1,4,-1,-1,-1,1,1
201301EO40676,1,9,0,9,0,8,0,0,0,0,4,1,6,1,8,1995,1,9,-1,-1
201301EO40676,2,1,0,18,0,8,0,0,0,0,1,1,6,2,8,-1,-1,-1,4,1
201301EO40677,1,5,0,4,0,8,0,0,1,0,1,1,1,1,9,499,1,11,2,1
201301EO40677,2,5,0,4,0,8,0,0,0,0,0,1,6,3,-1,-1,-1,-1,-1,-1
201301EO40678,1,9,0,2,0,1,0,0,0,0,3,1,6,1,6,1896,2,5,1,1
201301EO40678,2,90,0,14,0,1,0,4,0,0,4,1,6,3,-1,-1,-1,-1,-1,-1
201301EO40679,1,9,0,18,0,1,0,0,0,0,4,1,2,1,5,1797,8,2,1,1
201301EO40679,2,1,0,12,0,1,0,0,0,0,3,1,2,2,7,-1,-1,-1,3,1
201301EO40680,1,9,0,9,0,1,0,0,0,0,1,1,6,2,7,1997,2,-1,4,1
201301EO40680,2,4,0,18,0,1,0,0,0,0,3,1,2,1,7,279,1,6,10,1
201301EO40681,1,3,0,18,0,1,0,0,0,0,4,1,6,1,5,125,1,4,2,1
201301EO40681,2,8,0,18,0,1,0,0,0,0,0,1,6,1,8,2499,2,5,2,1
201301EO40682,1,9,0,18,0,1,0,0,0,0,1,1,6,1,10,1598,1,-1,2,1
201301EO40683,1,19,0,3,0,1,0,0,0,0,2,1,1,1,5,1995,2,2,3,1
201301EO40683,2,9,0,18,0,1,0,0,0,0,1,1,6,3,-1,1984,1,12,-1,-1
201301EO40684,1,3,0,3,0,1,0,0,0,0,2,1,1,1,7,125,1,5,4,1
201301EO40684,2,9,0,18,0,1,0,0,0,0,1,1,6,2,-1,1598,1,3,-1,-1
201301EO40685,1,8,0,9,0,8,0,0,0,0,0,1,1,1,8,1796,1,9,1,1
201301EO40685,2,1,0,18,0,8,0,10,1,10,0,1,6,2,6,-1,-1,-1,3,1
201301EO40686,1,9,0,18,0,2,0,0,0,0,1,1,6,3,-1,1753,2,7,-1,-1
201301EO40686,2,1,0,18,0,1,0,0,0,0,1,1,6,1,6,-1,-1,-1,-1,1
201301EO40687,1,9,0,6,0,2,0,0,0,0,3,1,6,1,-1,659,1,6,3,1
201301EO40687,2,4,0,14,0,2,0,0,0,0,1,1,2,1,-1,330,1,-1,7,1
201301EO40688,1,8,0,9,0,2,0,0,0,0,3,1,1,1,6,1560,2,4,3,1
201301EO40688,2,8,0,18,0,1,0,0,0,0,1,1,1,1,8,2664,2,11,7,1
201301EO40689,1,19,0,3,0,1,0,0,0,0,2,1,1,1,5,2198,2,-1,3,1
201301EO40689,2,1,0,18,0,1,0,0,0,0,1,1,2,2,7,-1,-1,-1,3,1
201301EO40690,1,21,1,18,0,0,5,5,0,0,1,1,1,1,6,11967,2,5,3,1
201301EO40692,1,9,0,9,0,1,0,0,0,0,1,1,1,2,8,1596,1,-1,1,1