Accident_Index,Vehicle_Reference,Vehicle_Type,Towing_and_Articulation,Vehicle_Manoeuvre,Vehicle_Location-Restricted_Lane,Junction_Location,Skidding_and_Overturning,Hit_Object_in_Carriageway,Vehicle_Leaving_Carriageway,Hit_Object_off_Carriageway,1st_Point_of_Impact,Was_Vehicle_Left_Hand_Drive?,Journey_Purpose_of_Driver,Sex_of_Driver,Age_Band_of_Driver,Engine_Capacity_(CC),Propulsion_Code,Age_of_Vehicle,Driver_IMD_Decile,Driver_Home_Area_Type
201301EO40692,2,5,0,18,2,1,0,0,0,0,3,1,1,2,6,599,1,3,1,1
201301EO40693,1,1,0,18,0,1,0,0,0,0,1,1,1,1,7,-1,-1,-1,10,2
201301EO40693,2,9,0,4,0,1,0,0,0,0,2,1,6,3,-1,-1,-1,-1,-1,-1
201301EO40694,1,9,0,18,0,8,0,0,0,0,1,1,6,2,6,996,1,4,2,1
201301EO40694,2,4,0,18,0,8,0,0,0,0,4,1,6,1,8,1170,1,4,-1,-1
201301EO40695,1,1,0,18,0,1,0,0,0,0,1,1,1,2,5,-1,-1,-1,2,1
201301EO40695,2,9,0,9,0,1,0,0,0,0,4,1,6,1,-1,1595,1,9,-1,-1
201301EO40696,1,9,0,9,0,1,0,0,0,0,4,1,2,1,9,1995,2,4,2,1
201301EO40696,2,1,0,18,2,1,1,0,0,0,1,1,2,1,6,-1,-1,-1,1,1
201301EO40697,1,19,0,9,0,2,0,0,0,0,1,1,1,1,6,2402,2,10,2,1
201301EO40697,2,4,0,18,0,1,0,0,0,0,3,1,2,1,8,535,1,16,5,1
201301EO40698,1,9,0,18,0,0,0,0,0,0,1,1,6,1,7,1598,1,7,4,1
201301EO40700,1,9,0,3,0,1,0,0,0,0,2,1,6,1,-1,1598,1,6,3,1
201301EO40700,2,8,0,18,0,1,0,0,0,0,1,1,1,1,-1,2664,2,14,3,1
201301EO40700,3,8,0,3,0,1,0,0,0,0,2,1,1,1,7,2499,2,2,5,1
201301EO40701,1,3,0,18,0,1,0,0,0,0,1,1,6,1,5,124,1,7,1,1
201301EO40702,1,1,0,18,0,8,0,0,0,0,0,1,6,3,-1,-1,-1,-1,-1,-1
201301EO40702,2,1,0,18,0,8,0,0,0,0,1,1,6,1,-1,-1,-1,-1,-1,-1
201301EO40702,3,1,0,18,0,8,0,0,0,0,2,1,6,2,6,-1,-1,-1,4,1
201301EO40704,1,11,0,14,0,1,0,0,0,0,0,1,1,1,5,7300,2,10,1,1
201301EO40705,1,1,0,15,0,2,0,0,1,2,3,1,6,1,8,-1,-1,-1,3,1
201301EO40705,2,90,0,18,0,2,0,0,0,0,4,1,6,3,-1,-1,-1,-1,-1,-1
201301EO40706,1,19,0,3,0,0,0,0,0,0,2,1,1,1,7,2198,2,6,1,1
201301EO40706,2,9,0,18,0,0,0,0,0,0,1,1,6,2,8,2688,2,9,1,1
201301EO40707,1,8,0,2,0,0,0,0,0,0,2,1,6,1,7,1797,8,2,4,1
201301EO40707,2,3,0,17,0,0,0,4,0,0,1,1,6,1,6,125,1,6,1,1
201301EO40708,1,1,0,18,0,8,0,0,0,0,3,1,6,2,6,-1,-1,-1,2,1
201301EO40708,2,9,0,9,0,8,0,0,0,0,1,1,6,2,-1,2799,1,15,-1,-1
201301EO40709,1,19,0,18,0,1,0,0,0,0,4,1,6,1,6,1998,2,10,2,1
201301EO40709,2,1,0,18,0,1,0,0,0,0,1,1,6,1,8,-1,-1,-1,-1,-1
201301EO40710,1,9,0,8,0,1,0,0,0,0,2,1,2,1,7,1997,2,5,6,1
201301EO40710,2,1,0,18,0,1,0,0,0,0,1,1,2,1,5,-1,-1,-1,1,1
201301EO40711,1,9,0,18,0,0,0,0,0,0,4,1,6,1,7,1896,2,4,2,1
201301EO40711,2,9,0,12,0,0,0,0,0,0,3,1,6,3,-1,2996,1,6,-1,-1
201301EO40712,1,8,0,9,0,8,0,0,0,0,4,1,1,1,7,2499,2,2,10,1
201301EO40713,1,90,0,9,0,1,0,0,0,0,3,1,1,1,7,5880,2,6,2,1
201301EO40713,2,3,0,18,0,1,0,0,0,0,1,1,1,1,6,125,1,2,1,1
201301EO40714,1,19,0,18,0,1,0,0,0,0,4,1,1,1,6,2148,2,5,5,1
201301EO40715,1,1,0,18,0,1,0,0,0,0,3,1,6,2,6,-1,-1,-1,2,1
201301EO40716,1,3,0,9,0,2,0,0,0,0,1,1,1,1,5,109,1,1,1,1
201301EO40717,1,9,0,18,0,2,0,0,0,0,1,1,6,2,6,998,1,5,4,1
201301EO40718,1,9,0,5,0,8,0,0,0,0,1,1,6,2,9,1596,1,14,2,1
201301EO40718,2,3,0,18,0,8,0,0,0,0,4,1,6,2,5,124,1,2,3,1
201301EO40719,1,9,0,2,0,0,0,0,0,0,3,1,6,1,-1,1598,1,5,-1,-1
201301EO40719,2,1,0,18,0,0,0,4,0,0,4,1,6,1,7,-1,-1,-1,4,1
201301EO40720,1,9,0,2,0,2,0,0,0,0,3,1,6,1,-1,1796,1,9,1,1
201301EO40720,2,1,0,18,0,2,0,4,0,0,1,1,2,1,6,-1,-1,-1,2,1
201301EO40721,1,9,0,5,0,1,0,0,0,0,1,1,6,2,6,1242,1,12,2,1
201301EO40721,2,5,0,3,0,1,0,0,0,0,2,1,6,1,5,656,1,6,8,1
201301EO40722,1,9,0,18,0,8,0,0,0,0,4,1,6,1,6,1396,1,17,2,1
201301EO40722,2,1,0,15,0,8,0,0,0,0,1,1,6,1,8,-1,-1,-1,2,1
201301EO40724,1,9,0,18,0,2,0,0,0,0,4,1,6,1,9,1998,1,13,8,1
201301EO40724,2,1,0,18,0,2,0,0,0,0,3,1,6,1,7,-1,-1,-1,3,1
201301EO40725,1,1,0,18,0,8,0,0,0,0,1,1,6,2,6,-1,-1,-1,2,1
201301EO40725,2,9,0,9,0,8,0,0,0,0,4,1,6,1,-1,1997,2,1,4,1
201301EO40726,1,19,0,9,0,8,0,0,0,0,4,1,6,1,6,-1,-1,-1,1,1
201301EO40726,2,1,0,18,0,8,0,0,0,0,1,1,6,2,6,-1,-1,-1,2,1
201301EO40727,1,1,0,18,0,1,0,0,0,0,1,1,6,1,6,-1,-1,-1,2,1
201301EO40727,2,9,0,9,0,1,0,0,0,0,4,1,6,1,-1,-1,-1,-1,-1,-1
201301EO40728,1,11,0,5,0,8,0,0,0,0,0,1,1,1,-1,-1,-1,-1,-1,-1
201301EO40729,1,9,0,18,0,2,0,0,0,0,1,1,6,3,-1,-1,-1,-1,-1,-1
201301EO40730,1,9,0,9,0,8,0,0,0,0,3,1,6,1,7,1587,1,9,8,1
201301EO40730,2,3,0,18,0,8,0,0,0,0,4,1,6,1,5,-1,-1,-1,3,1
201301EO40731,1,3,0,18,0,8,0,0,0,0,4,1,6,1,4,124,1,-1,2,1
201301EO40731,2,1,0,9,0,8,0,0,0,0,3,1,6,1,-1,-1,-1,-1,-1,-1
201301EO40733,1,9,0,14,0,0,0,0,0,0,4,1,6,1,7,1731,1,15,2,1
201301EO40734,1,4,0,18,0,8,1,0,0,0,4,1,6,1,8,750,1,-1,3,1
201301EO40734,2,19,0,18,0,8,0,0,0,0,4,1,6,1,6,2198,2,2,1,1
201301EO40735,1,1,0,9,0,8,0,0,0,0,3,1,6,1,6,-1,-1,-1,2,1
201301EO40735,2,4,0,18,0,8,0,0,0,0,1,1,6,1,-1,278,1,2,-1,-1
201301EO40736,1,8,0,8,0,8,0,0,0,0,2,1,1,1,8,2499,2,2,9,1
201301EO40736,2,1,0,18,0,8,0,0,0,0,1,1,6,1,7,-1,-1,-1,2,1
201301EO40737,1,9,0,3,0,8,0,0,0,0,2,1,6,1,6,1398,1,2,1,1
201301EO40737,2,9,0,18,0,8,0,0,0,0,1,1,6,1,-1,1998,1,10,-1,-1
201301EO40738,1,1,0,18,0,2,0,10,1,7,3,1,2,1,8,-1,-1,-1,2,1
201301EO40738,2,11,0,13,0,2,0,0,0,0,4,1,1,3,-1,8300,2,7,-1,-1
201301EO40739,1,8,0,2,0,8,0,0,0,0,4,1,1,1,-1,2402,2,11,-1,-1
201301EO40739,2,1,0,15,4,8,0,8,0,0,1,1,6,1,5,-1,-1,-1,2,1
201301EO40740,1,11,0,18,0,1,0,0,0,0,0,1,1,1,9,7300,2,9,1,1
201301EO40741,1,5,0,5,0,1,0,0,0,0,1,1,2,1,6,599,1,8,3,1
201301EO40741,2,9,0,9,0,1,0,0,0,0,3,1,6,1,6,1796,1,1,4,1
201301EO40742,1,5,0,18,0,2,0,0,0,0,1,1,6,1,7,-1,-1,-1,4,1
201301EO40743,1,4,0,3,0,2,0,0,0,0,2,1,6,1,7,599,1,3,3,1
201301EO40743,2,9,0,4,0,2,1,0,0,0,1,1,6,1,9,2993,2,1,4,1
201301EO40744,1,9,0,1,0,1,0,0,0,0,2,1,6,3,-1,-1,-1,-1,-1,-1
201301EO40745,1,19,0,9,0,8,0,0,0,0,3,1,6,1,8,2198,2,3,1,1
201301EO40745,2,2,0,13,0,8,0,0,0,0,4,1,6,1,8,-1,-1,-1,4,1
201301EO40747,1,2,0,3,0,1,0,0,0,0,2,1,6,2,6,124,1,2,3,1
201301EO40747,2,9,0,5,0,1,0,0,0,0,1,1,6,1,8,1956,2,1,2,1
201301EO40748,1,21,0,5,0,0,0,0,0,0,1,1,1,1,7,12882,2,2,7,3
201301EO40749,1,9,0,9,0,8,0,0,0,0,3,1,6,2,7,1199,1,10,-1,-1
201301EO40749,2,4,0,14,0,8,0,0,0,0,1,1,6,1,6,660,1,7,-1,-1
201301EO40750,1,1,0,18,0,8,0,0,0,0,1,1,6,1,6,-1,-1,-1,3,1
201301EO40750,2,9,0,9,0,8,0,0,0,0,4,1,6,1,-1,-1,-1,-1,-1,-1
201301EO40752,1,3,0,13,0,8,0,0,0,0,4,1,6,1,7,124,1,2,2,1
201301EO40752,2,9,0,9,0,8,0,0,0,0,3,1,6,1,-1,-1,-1,-1,-1,-1
201301EO40753,1,9,0,7,0,8,0,0,0,0,4,1,6,1,6,1368,1,3,3,1
201301EO40753,2,1,0,18,0,8,0,0,0,0,1,1,6,2,6,-1,-1,-1,4,1
201301EO40754,1,5,0,14,0,1,0,0,0,0,1,1,6,1,8,848,1,7,5,1
201301EO40756,1,11,0,18,0,2,0,0,0,0,3,1,1,1,6,9000,2,4,2,1
201301EO40756,2,3,0,13,0,2,0,7,0,0,4,1,6,1,7,-1,-1,-1,3,1
201301EO40757,1,19,0,3,0,0,0,0,0,0,3,1,1,1,6,2148,2,5,-1,-1
201301EO40757,2,19,0,18,0,0,0,0,0,0,3,1,1,3,-1,-1,-1,-1,-1,-1
201301EO40757,3,1,0,14,0,0,0,0,0,0,3,1,6,2,5,-1,-1,-1,2,1
201301EO40758,1,8,0,9,0,8,0,0,0,0,3,1,6,1,-1,1896,2,7,-1,-1
201301EO40758,2,1,0,18,0,8,0,0,0,0,1,1,6,1,-1,-1,-1,-1,-1,-1
201301EO40759,1,3,0,3,0,1,0,0,0,0,2,1,1,2,6,102,1,8,1,1
201301EO40759,2,1,0,18,0,1,0,0,0,0,1,1,6,1,-1,-1,-1,-1,-1,-1
201301EO40760,1,2,0,14,0,2,0,0,0,0,1,1,6,3,-1,-1,-1,-1,-1,-1
201301EO40761,1,11,0,18,0,1,0,0,0,0,0,1,1,1,8,-1,-1,-1,3,1
201301EO40762,1,9,0,10,0,8,0,0,0,0,3,1,6,1,7,1598,1,12,3,1
201301EO40762,2,9,0,18,0,8,0,0,0,0,3,1,6,2,7,1984,1,11,5,1
201301EO40763,1,9,0,9,0,8,0,0,0,0,4,1,2,1,4,1242,1,6,2,1
201301EO40763,2,5,0,18,0,8,0,0,0,0,1,1,2,1,7,656,1,3,5,1
201301EO40765,1,8,0,9,0,8,0,0,0,0,4,1,1,1,8,1797,8,3,-1,-1
201301EO40765,2,8,0,4,0,8,0,0,0,0,3,1,1,1,7,1910,2,3,1,1
201301EO40766,1,3,0,18,0,0,0,0,0,0,1,1,6,1,4,124,1,2,2,1
201301EO40766,2,9,0,5,0,0,0,0,0,0,1,1,6,1,8,1124,1,13,1,1
201301EO40767,1,9,0,9,0,8,0,0,0,0,4,1,1,1,5,1242,1,-1,4,1
201301EO40767,2,9,0,5,0,8,0,0,0,0,1,1,2,2,7,2987,2,3,7,1
201301EO40768,1,3,0,18,0,2,0,0,0,0,3,1,1,1,9,125,1,1,3,1
201301EO40769,1,9,0,18,0,1,0,0,0,0,1,1,6,1,8,-1,-1,-1,5,1
201301EO40770,1,9,0,9,0,1,0,0,0,0,1,1,6,1,-1,-1,-1,-1,-1,-1
201301EO40771,1,9,0,18,0,8,0,0,0,0,1,1,6,1,6,1997,1,12,7,1
201301EO40771,2,1,0,18,0,8,0,0,0,0,3,1,6,1,6,-1,-1,-1,-1,-1
201301EO40772,1,8,0,18,0,2,0,0,0,0,0,1,1,1,-1,1995,2,-1,-1,-1
201301EO40773,1,5,0,15,0,8,0,0,0,0,1,1,6,1,5,645,1,10,2,1
201301EO40773,2,19,0,9,0,8,0,0,0,0,4,1,6,1,9,2143,2,2,4,1
201301EO40774,1,11,0,4,0,1,0,0,0,0,0,1,1,1,9,9360,2,1,3,1
201301EO40774,2,9,0,7,0,1,0,0,0,0,0,1,6,3,-1,-1,-1,-1,-1,-1
201301EO40775,1,1,0,18,0,8,0,0,0,0,4,1,6,1,7,-1,-1,-1,2,1
201301EO40775,2,9,0,9,0,8,0,0,0,0,0,1,6,1,7,3798,1,-1,-1,-1
201301EO40776,1,11,0,9,0,8,0,0,0,0,4,1,1,1,8,9360,2,2,3,1
201301EO40776,2,3,0,3,0,8,0,0,0,0,1,1,6,2,8,125,1,6,8,1
201301EO40777,1,9,0,6,0,0,0,0,0,0,3,1,6,1,7,1368,1,3,2,1
201301EO40777,2,3,0,18,0,0,0,0,0,0,4,1,6,2,7,124,1,2,4,1
201301EO40778,1,2,0,10,0,8,0,0,0,0,2,1,6,1,6,49,1,5,3,1
201301EO40778,2,9,0,18,0,8,0,0,0,0,1,1,6,1,-1,-1,-1,-1,3,1
201301EO40779,1,5,0,14,0,1,0,0,0,0,4,1,6,1,6,599,1,5,-1,-1
201301EO40780,1,11,0,18,0,1,0,0,0,0,0,1,1,1,7,6692,2,2,2,1
201301EO40781,1,9,0,9,0,2,0,0,0,0,1,1,6,1,-1,1910,2,4,-1,-1
201301EO40782,1,9,0,18,0,0,5,7,0,0,4,1,6,1,5,1399,1,6,2,1
201301EO40783,1,3,0,7,0,1,0,4,0,0,1,1,6,1,4,124,1,12,2,1
201301EO40783,2,9,0,2,0,1,0,0,0,0,4,1,6,1,6,2993,2,2,2,1
201301EO40784,1,9,0,7,0,8,0,0,0,0,3,1,6,2,8,1198,1,3,5,1
201301EO40785,1,19,0,11,0,1,0,0,0,0,0,1,1,1,-1,2998,2,2,-1,-1
201301EO40785,2,11,0,18,0,1,0,0,0,0,0,1,1,1,5,7300,2,10,3,1
201301EO40786,1,1,0,18,0,8,0,0,0,0,4,1,2,2,6,-1,-1,-1,3,1
201301EO40786,2,9,0,18,0,8,0,0,0,0,1,1,6,1,-1,-1,-1,-1,-1,-1
201301EO40787,1,9,0,18,0,8,0,0,0,0,1,1,6,1,7,1896,2,7,4,1
201301EO40787,2,9,0,18,0,8,0,0,0,0,4,1,6,1,-1,1242,1,8,3,1
201301EO40788,1,11,0,18,0,8,0,0,0,0,0,1,1,1,7,4461,2,1,1,1
201301EO40789,1,9,0,9,0,8,0,0,0,0,3,1,6,1,5,1796,1,8,4,1
201301EO40789,2,3,0,18,0,8,0,0,0,0,1,1,6,1,4,125,1,6,1,1
201301EO40790,1,9,0,9,0,1,0,0,0,0,3,1,6,1,4,1242,1,4,4,1
201301EO40790,2,19,0,18,0,1,0,0,0,0,1,1,1,1,8,-1,-1,-1,2,1
201301EO40791,1,5,0,18,0,2,0,0,0,0,1,1,6,2,8,654,1,6,-1,-1
201301EO40791,2,3,0,18,0,2,0,0,0,0,2,1,6,1,6,125,1,1,4,1
201301EO40792,1,5,0,18,0,1,0,0,0,0,1,1,6,1,8,805,1,3,8,1
201301EO40792,2,9,0,18,0,1,0,0,0,0,4,1,6,1,6,998,1,15,2,1
201301EO40794,1,1,0,5,0,8,0,0,0,0,1,1,6,1,5,-1,-1,-1,1,1
201301EO40794,2,8,0,18,0,8,0,0,0,0,4,1,1,1,9,2402,2,9,5,1
201301EO40795,1,8,0,3,0,2,0,0,0,0,2,1,1,1,6,2446,2,12,-1,-1
201301EO40795,2,1,0,18,0,2,0,0,0,0,1,1,6,1,6,-1,-1,-1,2,1
201301EO40796,1,9,0,9,0,8,0,0,0,0,1,1,6,1,6,1796,1,12,2,1
201301EO40796,2,3,0,18,0,8,0,0,0,0,3,1,6,1,7,125,1,-1,8,1
201301EO40797,1,9,0,18,0,0,0,0,0,0,3,1,6,1,6,-1,-1,-1,1,1
201301EO40798,1,11,0,5,0,2,0,0,0,0,0,1,1,2,7,8300,2,7,1,1
201301EO40799,1,5,0,18,0,0,1,10,1,2,1,1,6,1,-1,647,1,15,9,2
201301EO40800,1,3,0,18,0,0,0,0,0,0,1,1,6,1,4,124,1,13,-1,-1
201301EO40800,2,9,0,5,0,0,0,0,0,0,3,1,6,2,6,1596,1,6,2,1
201301EO40801,1,8,0,5,0,1,0,0,0,0,3,1,1,1,8,2499,2,4,3,1
201301EO40801,2,1,0,18,0,1,0,0,0,0,4,1,6,1,7,-1,-1,-1,1,1
201301EO40802,1,8,0,18,0,2,1,0,0,0,1,1,1,1,8,1798,8,1,1,1
201301EO40804,1,9,0,18,0,2,0,0,0,0,1,1,6,1,5,1360,1,7,2,1
201301EO40805,1,1,0,4,0,1,0,0,0,0,3,1,2,2,8,-1,-1,-1,2,1
201301EO40805,2,19,0,9,0,1,0,0,0,0,4,1,6,1,-1,2402,2,8,-1,-1
201301EO40806,1,9,0,18,0,1,0,0,0,0,0,1,6,3,-1,-1,-1,-1,-1,-1
201301EO40807,1,1,0,18,0,1,0,0,0,0,1,1,2,2,7,-1,-1,-1,9,1
201301EO40807,2,19,0,9,0,1,0,0,0,0,3,1,2,1,6,2287,2,5,3,1
201301EO40808,1,9,0,18,0,1,0,0,0,0,1,1,6,1,8,1400,1,3,2,1
201301EO40808,2,1,0,18,0,1,0,0,0,0,3,1,6,1,6,-1,-1,-1,2,1
201301EO40809,1,1,0,18,0,8,0,0,0,0,1,1,2,1,7,-1,-1,-1,2,1
201301EO40809,2,19,0,9,0,8,0,0,0,0,3,1,1,1,-1,-1,-1,-1,3,1
201301EO40811,1,3,0,14,0,1,1,0,0,0,4,1,1,2,6,125,1,3,4,1
201301EO40811,2,9,0,9,0,2,1,0,0,0,1,1,1,2,7,1995,2,4,4,1
201301EO40812,1,9,0,18,0,8,0,0,0,0,1,1,6,2,5,1198,1,9,6,1
201301EO40812,2,1,0,17,0,8,0,0,0,0,2,1,6,1,7,-1,-1,-1,2,1
201301EO40813,1,1,0,18,0,0,0,0,0,0,0,1,6,1,7,-1,-1,-1,1,1
201301EO40814,1,11,0,18,0,1,0,0,0,0,0,1,1,2,8,4760,2,2,3,1
201301EO40815,1,11,0,18,0,1,0,0,0,0,3,1,1,1,7,4500,2,1,-1,-1
201301EO40815,2,9,0,7,0,1,0,0,0,0,3,1,6,1,4,1595,1,5,5,2
201301EO40816,1,8,0,9,0,2,0,0,0,0,1,1,1,1,8,2198,1,6,3,1
201301EO40818,1,9,0,18,0,1,0,0,0,0,1,1,6,1,8,998,1,11,2,1
201301EO40819,1,8,0,18,0,2,0,0,0,0,3,1,1,1,8,1984,2,7,2,1
201301EO40819,2,9,0,18,0,1,0,0,0,0,3,1,6,1,-1,1388,1,11,-1,-1
201301EO40820,1,1,0,9,0,1,0,0,0,0,4,1,6,2,5,-1,-1,-1,3,1
201301EO40820,2,9,0,18,0,1,0,0,0,0,1,1,6,3,-1,-1,-1,-1,-1,-1
201301EO40822,1,8,0,9,0,2,0,0,0,0,3,1,1,1,6,2402,2,8,3,1
201301EO40822,2,8,0,18,0,1,0,0,0,0,1,1,1,1,7,-1,-1,-1,3,1
201301EO40824,1,19,0,9,0,1,0,0,0,0,3,1,6,1,4,-1,-1,-1,5,1
201301EO40824,2,3,0,18,0,1,0,0,0,0,4,1,6,1,6,124,1,9,2,1
201301EO40825,1,9,0,3,0,1,0,0,0,0,2,1,6,1,5,1242,1,4,6,1
201301EO40825,2,9,0,4,0,1,0,0,0,0,1,1,6,1,8,1587,1,9,2,1
201301EO40826,1,9,0,18,0,8,0,0,0,0,3,1,6,2,5,1390,1,3,7,1
201301EO40826,2,9,0,18,0,8,0,0,0,0,1,1,6,2,6,1956,2,1,2,1
201301EO40829,1,5,0,18,0,1,0,0,0,0,1,1,1,1,8,499,1,12,-1,-1
201301EO40830,1,4,0,18,2,1,0,0,0,0,1,1,2,1,7,124,1,4,5,1
201301EO40830,2,21,0,7,0,1,0,0,0,0,4,1,1,1,6,6692,2,1,4,1
201301EO40831,1,5,0,4,0,1,0,0,0,0,3,1,2,1,7,750,1,8,8,1
201301EO40831,2,3,0,18,0,1,1,0,0,0,1,1,2,1,6,123,1,1,7,1
201301EO40832,1,1,0,18,0,8,0,0,0,0,3,1,6,1,8,-1,-1,-1,2,1
201301EO40832,2,19,0,9,0,8,0,0,0,0,1,1,6,1,-1,1753,2,8,-1,-1
201301EO40833,1,1,0,5,0,1,0,0,0,0,3,1,2,2,6,-1,-1,-1,2,1
201301EO40833,2,19,0,7,0,1,0,0,0,0,4,1,6,1,-1,-1,-1,-1,-1,-1
201301EO40834,1,4,0,18,0,0,0,10,0,0,4,1,2,1,6,-1,-1,-1,5,1
201301EO40835,1,11,0,4,0,2,0,0,0,0,1,1,1,1,9,9000,2,4,2,1
201301EO40838,1,9,0,1,0,1,0,0,0,0,2,1,6,1,10,1870,2,2,2,1
201301EO40839,1,9,0,9,0,1,0,0,0,0,1,1,6,1,10,2987,2,4,8,1
201301EO40840,1,90,0,7,0,3,0,0,0,0,4,1,1,1,7,6370,2,9,7,1
201301EO40841,1,19,0,18,0,0,0,0,0,0,4,1,1,1,8,2461,2,3,1,1
201301EO40843,1,9,0,5,0,8,0,0,0,0,0,1,6,1,8,4367,2,2,1,1
201301EO40843,2,1,0,5,0,8,0,0,0,0,0,1,6,2,6,-1,-1,-1,2,1
201301EO40844,1,1,0,18,0,1,0,0,0,0,3,1,6,2,8,-1,-1,-1,1,1
201301EO40844,2,1,0,18,0,1,0,11,0,0,0,1,6,3,-1,-1,-1,-1,-1,-1
201301EO40844,3,90,0,18,0,1,0,0,0,0,4,1,6,3,-1,-1,-1,-1,-1,-1
201301EO49005,1,1,0,18,0,1,0,0,0,0,1,1,6,1,6,-1,-1,-1,4,1
201301EO49006,1,1,0,15,0,1,0,0,0,0,1,1,2,1,6,-1,-1,-1,6,1
201301EO49006,2,9,0,9,0,1,0,0,0,0,4,1,6,2,-1,-1,-1,-1,-1,-1
201301EO49007,1,19,0,5,0,8,0,0,0,0,1,1,1,1,7,2151,2,11,1,1
201301EO49007,2,5,0,5,0,8,0,0,0,0,2,1,2,1,6,645,1,10,3,1
201301EO49008,1,9,0,18,0,0,0,0,0,0,1,1,6,3,-1,1598,1,1,-1,-1
201301EO49018,1,3,0,17,0,0,1,4,0,0,1,1,6,1,7,125,1,10,5,1
201301EO49018,2,8,0,2,0,0,0,0,0,0,2,1,1,1,7,1797,8,4,3,1
201301EO49025,1,9,0,11,0,0,0,0,0,0,4,1,6,2,7,1598,1,9,2,1
201301EO49025,2,1,0,13,0,0,0,0,0,0,3,1,2,2,7,-1,-1,-1,2,1
201301EO49040,1,9,0,18,0,1,0,0,0,0,1,1,6,1,5,1596,1,12,1,1
201301EO49040,2,9,0,6,0,1,0,0,0,0,1,1,6,2,8,1392,1,15,2,1
201301EO49085,1,3,0,18,2,1,0,0,0,0,1,1,2,1,7,125,1,2,6,1
201301FH10004,1,19,0,2,0,0,0,0,0,0,3,1,1,1,6,2148,2,4,8,1
201301FH10004,2,9,0,18,0,0,0,0,0,0,3,1,6,1,10,3222,2,8,5,1
201301FH10004,3,1,0,14,0,0,0,0,0,0,4,1,6,1,9,-1,-1,-1,7,1
201301FH10005,1,19,0,9,0,8,0,0,0,0,4,1,1,1,8,1910,2,8,2,1
201301FH10005,2,1,0,18,0,8,0,0,0,0,1,1,6,2,6,-1,-1,-1,4,1
201301FH10007,1,9,0,3,0,1,0,0,0,0,2,1,6,1,8,1997,2,1,1,1
201301FH10007,2,19,0,18,0,1,0,0,0,0,1,1,1,1,-1,-1,-1,-1,-1,-1
201301FH10008,1,5,0,18,0,8,0,0,0,0,1,1,6,1,6,1255,1,5,5,1
201301FH10008,2,9,0,9,0,8,0,0,0,0,3,1,6,1,7,2494,1,9,3,1
201301FH10009,1,9,0,18,0,0,0,0,0,0,1,1,6,1,11,1598,1,14,5,1
201301FH10010,1,1,0,14,0,0,0,0,0,0,1,1,6,2,6,-1,-1,-1,6,1
201301FH10010,2,9,0,2,0,0,0,0,0,0,3,1,6,2,7,2993,2,8,9,1
201301FH10012,1,9,0,10,0,8,0,0,0,0,0,1,6,1,6,3248,1,11,-1,-1
201301FH10012,2,5,0,18,0,8,0,0,0,0,1,1,6,1,6,1137,1,17,5,1
201301FH10013,1,9,0,18,0,8,0,0,0,0,3,1,6,2,10,1390,1,10,3,1
201301FH10013,2,19,0,7,0,8,0,0,0,0,3,1,1,1,-1,-1,-1,-1,-1,-1
201301FH10014,1,9,0,3,0,0,0,0,0,0,1,1,6,1,8,1229,1,8,6,1
201301FH10014,2,19,0,18,0,0,0,0,0,0,1,1,1,3,-1,-1,-1,-1,-1,-1
201301FH10015,1,9,0,9,0,8,0,0,0,0,4,1,6,1,8,1497,8,7,5,1
201301FH10015,2,3,0,18,0,8,0,0,0,0,1,1,6,1,7,-1,-1,-1,3,1
201301FH10016,1,11,0,16,0,1,0,10,1,2,1,1,1,1,8,4500,2,4,2,1
201301FH10017,1,9,0,3,0,8,0,0,0,0,2,1,6,2,6,1199,1,11,5,1
201301FH10017,2,9,0,18,0,8,0,0,0,0,1,1,6,1,10,-1,-1,-1,10,3
201301FH10018,1,11,0,4,0,8,0,0,0,0,0,1,1,1,6,6700,2,1,3,1
201301FH10019,1,1,0,18,0,8,0,0,0,0,1,1,6,1,6,-1,-1,-1,3,1
201301FH10019,2,9,0,9,0,8,0,0,0,0,4,1,6,1,-1,1560,2,1,10,1
201301FH10024,1,9,0,18,0,8,0,0,0,0,3,1,6,2,4,1299,1,12,4,1
201301FH10024,2,9,0,5,0,8,0,0,0,0,1,1,6,1,9,1968,2,3,7,1
201301FH10025,1,19,0,9,0,8,0,0,0,0,1,1,1,1,7,2287,2,2,2,1
201301FH10025,2,8,0,18,0,8,0,0,0,0,3,1,1,1,7,1598,1,8,3,1
201301FH10027,1,9,0,18,0,2,0,0,0,0,3,1,6,2,10,1299,1,10,-1,-1
201301FH10027,2,1,0,15,0,2,0,0,0,0,2,1,6,1,5,-1,-1,-1,2,1
201301FH10028,1,9,0,9,0,8,0,0,0,0,4,1,6,2,7,1242,1,3,6,1
201301FH10028,2,1,0,18,0,8,0,0,0,0,1,1,2,1,6,-1,-1,-1,9,1
201301FH10029,1,19,0,2,0,0,0,0,0,0,3,1,6,1,7,1686,2,9,4,1
201301FH10029,2,1,0,15,0,0,0,0,0,0,1,1,6,1,7,-1,-1,-1,10,1
201301FH10031,1,9,0,3,0,2,0,0,0,0,1,1,6,2,8,2035,1,5,4,1
201301FH10031,2,9,0,18,0,1,0,0,0,0,1,1,6,3,-1,-1,-1,-1,-1,-1
201301FH10032,1,9,0,9,0,8,0,0,0,0,3,1,6,1,8,1685,2,1,-1,-1
201301FH10032,2,3,0,15,0,8,0,0,0,0,1,1,6,2,4,124,1,1,1,1
201301FH10033,1,3,0,18,0,8,0,0,0,0,1,1,6,1,5,125,1,4,3,1
201301FH10034,1,9,0,9,0,2,0,0,0,0,4,1,6,2,4,-1,-1,-1,2,1
201301FH10034,2,9,0,18,0,2,0,0,0,0,1,1,6,1,7,1390,1,8,3,1
201301FH10035,1,9,0,4,0,1,0,0,0,0,2,1,6,1,6,2231,2,6,8,1
201301FH10035,2,9,0,4,0,1,0,0,0,0,2,1,6,2,8,1598,1,5,-1,-1
201301FH10035,3,9,0,18,0,1,0,0,0,0,1,1,6,2,8,1896,2,12,4,1