Accident_Index,Vehicle_Reference,Vehicle_Type,Towing_and_Articulation,Vehicle_Manoeuvre,Vehicle_Location-Restricted_Lane,Junction_Location,Skidding_and_Overturning,Hit_Object_in_Carriageway,Vehicle_Leaving_Carriageway,Hit_Object_off_Carriageway,1st_Point_of_Impact,Was_Vehicle_Left_Hand_Drive?,Journey_Purpose_of_Driver,Sex_of_Driver,Age_Band_of_Driver,Engine_Capacity_(CC),Propulsion_Code,Age_of_Vehicle,Driver_IMD_Decile,Driver_Home_Area_Type
201301GD10493,1,1,0,18,0,8,0,0,0,0,1,1,6,1,6,-1,-1,-1,-1,-1
201301GD10494,1,1,0,18,0,8,0,0,0,0,1,1,6,1,3,-1,-1,-1,1,1
201301GD10494,2,9,0,18,0,8,0,0,0,0,4,1,6,1,5,1390,2,10,1,1
201301GD10495,1,11,0,3,0,8,0,0,0,0,2,1,1,1,6,8268,2,10,2,1
201301GD10495,2,4,0,14,0,8,0,0,1,0,1,1,6,1,7,125,1,5,1,1
201301GD10498,1,9,0,4,0,0,0,0,0,0,2,1,6,1,7,2184,2,10,2,1
201301GD10498,2,9,0,4,0,0,1,0,0,0,2,1,6,2,5,1598,1,11,4,1
201301GD10498,3,8,0,18,0,0,1,0,0,0,1,1,6,1,6,1896,2,5,4,1
201301GD10499,1,9,0,9,0,8,0,0,0,0,3,1,1,1,7,-1,-1,-1,1,1
201301GD10499,2,3,0,13,0,8,0,0,1,2,1,1,6,1,3,124,1,6,2,1
201301GD10503,1,19,0,18,0,8,0,0,0,0,3,1,1,1,7,2148,2,6,2,1
201301GD10503,2,1,0,18,0,8,0,0,0,0,1,1,1,1,-1,-1,-1,-1,4,1
201301GD10504,1,1,0,9,0,8,0,0,0,0,3,1,6,1,6,-1,-1,-1,3,1
201301GD10504,2,9,0,18,0,8,0,0,0,0,1,1,6,1,10,1796,1,11,2,1
201301GD10506,1,1,0,9,0,8,0,0,0,0,3,1,2,1,6,-1,-1,-1,3,1
201301GD10506,2,90,0,14,0,8,0,0,0,0,4,1,6,3,-1,-1,-1,-1,-1,-1
201301GD10507,1,9,0,9,0,8,0,0,0,0,3,1,6,1,9,1956,2,2,3,1
201301GD10507,2,5,0,13,0,8,0,0,0,0,1,1,6,1,8,798,1,28,-1,-1
201301GD10508,1,9,0,18,0,1,0,0,0,0,4,1,6,2,8,1229,1,3,1,1
201301GD10508,2,9,0,5,0,1,0,0,0,0,1,1,6,1,-1,1769,1,11,2,1
201301GD10509,1,9,0,18,0,8,5,0,0,0,3,1,6,1,6,1598,1,13,1,1
201301GD10509,2,9,0,18,0,8,0,0,0,0,3,1,6,1,11,1397,1,10,6,1
201301GD10511,1,2,0,4,0,1,0,0,0,0,1,1,6,2,4,124,1,12,2,1
201301GD10511,2,2,0,4,0,1,0,0,0,0,2,1,6,1,5,125,1,10,2,1
201301GD10512,1,9,0,18,0,8,0,0,0,0,1,1,6,1,6,2000,2,8,10,1
201301GD10513,1,9,0,9,0,8,0,0,0,0,1,1,6,2,10,1388,1,10,-1,-1
201301GD10513,2,9,0,18,0,8,0,0,0,0,1,1,6,1,7,2967,1,10,3,1
201301GD10514,1,1,0,18,0,0,0,0,0,0,2,1,6,1,5,-1,-1,-1,-1,-1
201301GD10514,2,9,0,18,0,0,0,0,0,0,1,1,6,1,-1,-1,-1,-1,-1,-1
201301GD10515,1,11,0,4,0,8,0,0,0,0,0,1,1,1,6,6692,2,2,4,1
201301GD10516,1,1,0,18,0,8,0,0,0,0,1,1,6,1,6,-1,-1,-1,-1,-1
201301GD10517,1,9,0,13,0,0,0,0,0,0,4,1,6,1,8,2362,1,9,2,1
201301GD10517,2,5,0,12,0,0,0,0,0,0,3,1,6,1,6,-1,-1,-1,3,1
201301GD10518,1,8,0,18,0,8,0,0,0,0,3,1,1,1,7,1149,1,11,2,1
201301GD10520,1,5,0,3,0,8,0,0,0,0,2,1,2,1,8,599,1,6,6,1
201301GD10520,2,1,0,18,0,8,0,0,0,0,1,1,6,1,-1,-1,-1,-1,-1,-1
201301GD10521,1,3,0,18,0,2,0,0,0,0,1,1,6,1,6,124,1,7,1,1
201301GD10521,2,19,0,18,0,1,0,0,0,0,1,1,2,1,5,1560,2,2,1,1
201301GD10522,1,1,0,18,0,8,0,0,0,0,4,1,2,2,6,-1,-1,-1,2,1
201301GD10522,2,9,0,9,0,8,0,0,0,0,1,1,6,1,-1,1995,2,7,-1,-1
201301GD10523,1,9,0,9,0,8,0,0,0,0,4,1,6,1,9,1796,1,8,2,1
201301GD10523,2,2,0,18,0,8,0,0,0,0,1,1,6,1,6,-1,-1,-1,2,1
201301GD10524,1,9,0,13,0,1,0,0,0,0,4,1,6,3,-1,1598,1,2,-1,-1
201301GD10524,2,1,0,18,0,1,0,0,0,0,3,1,6,1,7,-1,-1,-1,3,1
201301GD10525,1,9,0,5,0,0,0,0,0,0,1,1,6,1,6,2435,1,10,1,1
201301GD10525,2,9,0,18,0,0,0,0,0,0,1,1,6,1,4,1968,2,-1,2,1
201301GD10526,1,9,0,7,0,8,0,0,0,0,4,1,6,1,7,1497,8,5,3,1
201301GD10526,2,4,0,15,0,8,0,0,0,0,3,1,6,1,5,125,1,1,2,1
201301GD10527,1,3,0,6,0,8,0,0,0,0,1,1,1,1,6,198,1,9,3,1
201301GD10527,2,9,0,18,0,8,0,0,0,0,3,1,6,3,-1,1995,2,10,-1,-1
201301GD10528,1,1,0,18,0,8,0,0,0,0,3,1,2,1,5,-1,-1,-1,3,1
201301GD10528,2,9,0,5,0,8,0,0,0,0,1,1,6,1,-1,1997,1,13,-1,-1
201301GD10529,1,19,0,18,0,7,0,0,0,0,4,1,6,3,-1,1995,2,4,-1,-1
201301GD10530,1,1,0,18,0,1,0,0,0,0,2,1,6,2,6,-1,-1,-1,1,1
201301GD10530,2,9,0,18,0,1,0,0,0,0,1,1,6,1,-1,1998,1,11,2,1
201301GD10531,1,5,0,9,0,8,0,0,0,0,0,1,6,1,8,885,1,17,3,1
201301GD10531,2,9,0,18,0,8,0,0,0,0,0,1,6,1,7,2987,2,2,4,1
201301GD10532,1,19,0,1,0,8,0,0,0,0,2,1,1,1,6,2198,2,1,4,1
201301GD10533,1,9,0,3,0,8,0,0,0,0,2,1,3,2,6,1560,2,6,4,1
201301GD10533,2,9,0,18,0,8,0,0,0,0,1,1,6,1,-1,1242,1,6,-1,-1
201301GD10534,1,1,0,9,0,8,0,0,0,0,1,1,2,1,6,-1,-1,-1,3,1
201301GD10534,2,9,0,9,0,8,0,0,0,0,3,1,2,2,-1,-1,-1,-1,2,1
201301GD10535,1,5,0,18,0,2,0,0,0,0,1,1,6,3,-1,-1,-1,-1,-1,-1
201301GD10536,1,9,0,18,0,1,0,0,0,0,1,1,6,3,-1,-1,-1,-1,-1,-1
201301GD10537,1,9,0,18,0,8,0,0,0,0,1,1,6,2,7,2494,1,9,2,1
201301GD10537,2,9,0,9,0,7,0,0,0,0,2,1,6,1,7,2494,1,11,6,1
201301GD10538,1,1,0,9,0,8,0,0,0,0,3,1,6,1,5,-1,-1,-1,-1,3
201301GD10538,2,8,0,13,0,8,0,0,0,0,4,1,6,1,7,2143,2,1,10,1
201301GD10539,1,1,0,9,0,8,0,0,0,0,3,1,6,2,6,-1,-1,-1,3,1
201301GD10539,2,9,0,13,0,8,0,0,0,0,1,1,6,3,-1,-1,-1,-1,-1,-1
201301GD10540,1,9,0,4,0,1,0,0,0,0,2,1,6,1,6,1497,1,10,2,1
201301GD10540,2,19,0,18,0,1,0,0,0,0,1,1,1,1,8,2463,2,7,2,1
201301GD10541,1,1,0,7,0,0,0,0,0,0,3,1,6,1,8,-1,-1,-1,4,1
201301GD10541,2,3,0,18,0,0,0,0,1,0,1,1,6,1,5,124,1,11,1,1
201301GD10542,1,1,0,15,0,0,0,8,0,0,1,1,2,2,6,-1,-1,-1,2,1
201301GD10542,2,9,0,3,0,0,0,0,0,0,4,1,6,1,-1,2362,1,10,-1,-1
201301GD10544,1,1,0,7,0,8,0,0,0,0,1,1,6,1,-1,-1,-1,-1,-1,-1
201301GD10545,1,11,0,4,2,0,0,0,0,0,2,1,1,1,6,9360,2,3,1,1
201301GD10545,2,9,0,18,2,0,0,0,0,0,1,1,6,3,-1,-1,-1,-1,-1,-1
201301GD10546,1,19,0,5,0,1,0,0,0,0,3,1,6,1,5,1248,2,6,5,1
201301GD10546,2,1,0,18,0,1,0,0,0,0,1,1,6,1,6,-1,-1,-1,2,1
201301GD10547,1,3,0,7,0,8,0,0,0,0,1,1,6,1,4,124,1,6,-1,-1
201301GD10547,2,9,0,18,0,8,0,0,0,0,1,1,6,1,9,1998,2,6,3,1
201301GD10549,1,9,0,1,0,2,0,0,0,0,2,1,6,1,6,1598,2,-1,2,1
201301GD10550,1,9,0,18,0,8,0,0,0,0,3,1,6,1,6,1598,1,11,2,1
201301GD10550,2,9,0,18,0,8,0,0,0,0,1,1,6,1,6,1596,1,7,5,1
201301GD10551,1,9,0,5,0,1,0,0,0,0,3,1,1,2,7,1595,1,7,8,1
201301GD10551,2,19,0,18,0,1,0,0,0,0,4,1,1,1,7,2148,2,5,3,1
201301GD10552,1,1,0,18,0,8,0,0,0,0,1,1,6,1,6,-1,-1,-1,2,1
201301GD10552,2,19,0,9,0,8,0,0,0,0,4,1,6,3,-1,-1,-1,-1,-1,-1
201301GD10553,1,8,0,4,0,8,1,0,0,0,1,1,6,1,6,1968,2,2,10,1
201301GD10554,1,8,0,2,0,0,0,0,0,0,3,1,1,1,7,1997,2,-1,2,1
201301GD10554,2,1,0,18,0,0,0,8,0,0,1,1,2,2,9,-1,-1,-1,3,1
201301GD10555,1,1,0,18,0,8,0,0,0,0,4,1,2,2,6,-1,-1,-1,3,1
201301GD10555,2,8,0,9,0,8,0,0,0,0,1,1,6,1,-1,1896,2,3,-1,-1
201301GD10556,1,9,0,4,0,1,0,0,0,0,2,1,2,2,6,1242,1,1,5,1
201301GD10556,2,9,0,4,0,1,0,0,0,0,2,1,2,1,9,-1,-1,-1,2,1
201301GD10556,3,9,0,18,0,1,0,0,0,0,1,1,2,2,5,1328,1,7,5,1
201301GD10557,1,11,0,2,0,2,0,0,0,0,0,1,1,1,7,6692,2,3,-1,-1
201301GD10560,1,9,0,11,0,8,0,0,0,0,0,1,6,1,5,1149,1,12,10,1
201301GD10560,2,3,0,4,0,8,0,0,0,0,0,1,6,1,4,124,1,6,1,1
201301GD10561,1,11,0,5,0,8,0,0,0,0,0,1,1,1,7,-1,-1,-1,6,1
201301GD10563,1,2,0,18,0,0,0,0,0,0,1,1,1,3,-1,-1,-1,-1,-1,-1
201301GD10564,1,11,0,18,0,0,0,0,0,0,1,1,1,1,-1,8268,2,10,3,1
201301GD10565,1,1,0,18,0,1,0,0,0,0,3,1,2,1,6,-1,-1,-1,1,1
201301GD10565,2,9,0,7,0,5,0,0,0,0,4,1,6,1,7,2473,1,17,4,1
201301GD10566,1,3,0,18,0,2,0,0,0,0,1,1,6,1,6,124,1,2,-1,-1
201301GD10566,2,1,0,12,0,2,0,0,0,0,2,1,6,3,-1,-1,-1,-1,-1,-1
201301GD10567,1,11,0,18,0,1,0,0,0,0,3,1,1,1,6,8268,2,10,7,1
201301GD10567,2,19,0,11,0,1,0,0,0,0,4,1,6,1,-1,-1,-1,-1,-1,-1
201301GD10570,1,9,0,4,0,1,0,0,0,0,2,1,6,1,8,2460,2,8,7,1
201301GD10570,2,1,0,18,0,1,0,0,0,0,1,1,6,2,6,-1,-1,-1,1,1
201301GD10571,1,8,0,6,0,2,0,0,0,0,3,1,1,1,10,2664,2,15,6,1
201301GD10571,2,5,0,13,0,2,0,0,0,0,4,1,6,1,7,749,1,12,5,1
201301GD10572,1,9,0,9,0,8,0,0,0,0,2,1,6,1,7,1600,1,13,1,1
201301GD10572,2,19,0,18,0,8,0,0,0,0,1,1,6,1,-1,2198,2,5,-1,-1
201301GD10573,1,11,0,4,0,1,0,0,0,0,0,1,1,1,9,6692,2,4,1,1
201301GD10574,1,11,0,5,0,1,0,0,0,0,0,1,1,1,8,6700,2,4,-1,-1
201301GD10575,1,8,0,18,0,8,0,0,0,0,2,1,1,1,6,1997,2,1,6,1
201301GD10575,2,9,0,18,0,8,0,0,0,0,1,1,6,1,-1,1796,1,5,-1,-1
201301GD10576,1,9,0,7,0,5,0,0,0,0,4,1,6,2,-1,-1,-1,-1,-1,-1
201301GD10576,2,1,0,18,0,1,0,0,0,0,3,1,6,1,6,-1,-1,-1,4,1
201301GD10577,1,1,0,14,0,2,0,8,0,0,1,1,6,1,7,-1,-1,-1,2,1
201301GD10577,2,90,0,2,0,2,0,0,0,0,3,1,6,1,8,2970,2,1,1,1
201301GD10578,1,20,0,4,0,1,0,0,0,0,1,1,1,1,6,-1,-1,-1,4,1
201301GD10578,2,4,0,4,0,1,0,0,0,0,2,1,6,1,7,108,1,3,-1,-1
201301GD10579,1,3,0,18,0,8,0,0,0,0,3,1,6,1,7,85,1,18,1,1
201301GD10579,2,9,0,9,0,8,0,0,0,0,1,1,6,1,10,1988,1,16,1,1
201301GD10580,1,9,0,18,0,1,0,0,0,0,1,1,1,1,7,-1,-1,-1,-1,-1
201301GD10581,1,3,0,10,0,8,0,0,0,0,2,1,6,1,6,125,1,8,-1,-1
201301GD10581,2,9,0,18,0,8,0,0,0,0,1,1,6,1,7,-1,-1,-1,2,1
201301GD10582,1,9,0,5,0,1,0,0,0,0,1,1,6,3,-1,1596,1,7,-1,-1
201301GD10582,2,1,0,3,0,1,0,0,0,0,2,1,6,2,6,-1,-1,-1,2,1
201301GD10583,1,9,0,9,0,8,0,0,0,0,3,1,6,1,6,1796,1,11,1,1
201301GD10584,1,1,0,18,0,1,0,0,0,0,3,1,6,1,6,-1,-1,-1,2,1
201301GD10584,2,9,0,13,0,1,0,0,0,0,4,1,6,1,6,2435,1,13,2,1
201301GD10585,1,9,0,18,0,8,0,0,0,0,1,1,6,1,7,1596,1,1,3,1
201301GD10586,1,9,0,3,0,0,0,0,0,0,2,1,2,1,7,1988,1,10,2,1
201301GD10586,2,9,0,18,0,0,0,0,0,0,1,1,6,1,5,-1,-1,-1,4,1
201301GD10587,1,9,0,9,0,8,0,0,0,0,3,1,6,1,8,1800,1,14,2,1
201301GD10587,2,9,0,18,0,8,0,0,0,0,1,1,6,3,-1,1798,1,12,-1,-1
201301GD10588,1,9,0,9,0,8,0,0,0,0,1,1,6,2,6,1796,1,6,1,1
201301GD10588,2,1,0,18,0,8,0,0,0,0,3,1,6,2,6,-1,-1,-1,1,1
201301GD10589,1,9,0,18,0,0,0,0,0,0,1,1,6,1,6,2987,2,3,3,1
201301GD10589,2,9,0,4,0,0,0,0,0,0,2,1,6,2,5,1598,1,5,3,1
201301GD10589,3,9,0,3,0,0,0,0,0,0,2,1,6,1,9,1998,1,10,2,1
201301GD10589,4,9,0,3,0,0,0,0,0,0,2,1,6,1,6,1399,2,5,3,1
201301GD10590,1,11,0,5,0,0,0,0,0,0,0,1,1,1,-1,-1,-1,-1,-1,-1
201301GD10591,1,4,0,13,0,8,0,0,0,0,4,1,2,1,7,244,1,7,7,1
201301GD10591,2,9,0,9,0,8,0,0,0,0,3,1,1,1,7,-1,-1,-1,1,1
201301GD10592,1,9,0,18,0,1,0,0,0,0,1,1,6,1,-1,-1,-1,-1,-1,-1
201301GD10593,1,9,0,4,0,1,0,0,0,0,2,1,6,1,9,875,1,1,5,1
201301GD10593,2,9,0,18,0,1,0,0,0,0,1,1,6,1,4,-1,-1,-1,4,1
201301GD10594,1,90,0,9,0,8,0,0,0,0,3,1,1,1,9,-1,3,31,10,3
201301GD10594,2,1,0,18,0,8,0,0,0,0,1,1,6,2,8,-1,-1,-1,2,1
201301GD10595,1,9,0,9,0,8,0,0,0,0,3,1,1,2,8,1988,1,13,1,1
201301GD10595,2,4,0,18,0,8,0,0,0,0,1,1,6,1,6,124,1,7,1,1
201301GD10596,1,9,0,7,0,8,0,0,0,0,3,1,6,2,6,1299,1,9,1,1
201301GD10596,2,1,0,18,0,8,0,0,0,0,1,1,6,1,4,-1,-1,-1,-1,-1
201301GD10598,1,9,0,9,0,8,0,0,0,0,1,1,1,1,6,-1,-1,-1,5,1
201301GD10598,2,2,0,9,0,8,0,0,0,0,1,1,6,1,6,125,1,5,9,1
201301GD10599,1,9,0,7,0,5,0,0,0,0,4,1,6,3,-1,-1,-1,-1,-1,-1
201301GD10599,2,1,0,7,0,5,0,0,0,0,3,1,6,1,6,-1,-1,-1,1,1
201301GD10600,1,9,0,3,0,2,0,0,0,0,2,1,6,2,8,1339,1,4,1,1
201301GD10600,2,9,0,4,0,2,0,0,0,0,1,1,6,2,7,1388,1,1,2,1
201301GD10601,1,19,0,9,0,8,0,0,0,0,3,1,1,1,6,2402,2,6,4,1
201301GD10601,2,1,0,18,0,8,0,0,0,0,1,1,6,1,5,-1,-1,-1,-1,-1
201301GD10602,1,9,0,9,0,8,0,0,0,0,4,1,6,1,6,1584,1,11,3,1
201301GD10602,2,2,0,18,0,8,0,0,0,0,1,1,6,1,7,125,1,5,3,1
201301GD10603,1,9,0,18,0,8,0,0,0,0,4,1,6,2,6,1364,1,5,1,1
201301GD10603,2,9,0,7,0,8,0,0,0,0,1,1,6,2,-1,1149,1,1,-1,-1
201301GD10604,1,1,0,4,0,1,0,0,0,0,2,1,6,1,6,-1,-1,-1,2,1
201301GD10604,2,9,0,4,0,1,0,0,0,0,1,1,6,2,8,1699,1,3,4,1
201301GD10605,1,9,0,9,0,8,0,0,0,0,3,1,6,1,5,998,1,9,4,1
201301GD10605,2,1,0,18,0,8,0,0,0,0,1,1,6,1,5,-1,-1,-1,1,1
201301GD10606,1,9,0,7,0,8,0,0,0,0,3,1,6,1,11,2319,1,16,1,1
201301GD10606,2,1,0,18,0,8,0,0,0,0,1,1,6,1,9,-1,-1,-1,2,1
201301GD10607,1,9,0,9,0,8,0,0,0,0,4,1,6,1,8,2435,1,12,-1,-1
201301GD10607,2,1,0,18,0,8,0,0,0,0,1,1,6,1,6,-1,-1,-1,3,1
201301GD10608,1,2,0,18,0,1,0,0,0,0,1,1,6,3,-1,124,1,8,-1,-1
201301GD10609,1,1,0,18,0,1,0,0,0,0,3,1,2,2,6,-1,-1,-1,2,1
201301GD10609,2,9,0,7,0,5,0,0,0,0,4,1,2,1,-1,2180,2,16,3,1
201301GD10610,1,1,0,18,0,1,0,0,0,0,2,1,6,1,5,-1,-1,-1,1,1
201301GD10610,2,11,0,18,0,1,0,0,0,0,1,1,1,3,-1,-1,-1,-1,-1,-1
201301GD10612,1,9,0,18,0,0,0,0,0,0,1,1,6,1,-1,-1,-1,-1,-1,-1
201301GD10613,1,9,0,18,0,1,0,0,0,0,1,1,6,1,8,1124,1,10,2,1
201301GD10613,2,1,0,18,0,1,0,0,0,0,3,1,6,2,7,-1,-1,-1,-1,-1
201301GD10614,1,9,0,7,0,8,0,0,0,0,1,1,6,1,6,-1,-1,-1,9,1
201301GD10614,2,1,0,18,0,8,0,0,0,0,3,1,6,1,6,-1,-1,-1,2,1
201301GD10615,1,11,0,18,0,1,0,0,0,0,4,1,1,3,6,-1,-1,-1,1,1
201301GD10615,2,9,0,12,0,1,0,0,0,0,3,1,6,1,6,1997,1,9,3,1
201301GD10616,1,1,0,18,0,1,0,0,0,0,1,1,6,1,6,-1,-1,-1,3,1
201301GD10617,1,9,0,9,0,8,0,0,0,0,4,1,6,1,6,1995,2,5,2,1
201301GD10617,2,4,0,18,0,8,0,0,0,0,1,1,6,1,7,-1,-1,-1,-1,-1
201301GD10618,1,1,0,18,0,1,0,0,0,0,1,1,6,1,7,-1,-1,-1,2,1
201301GD10619,1,11,0,4,0,8,0,0,0,0,1,1,1,1,6,7300,2,10,-1,-1
201301GD10619,2,9,0,3,0,8,0,0,0,0,2,1,6,1,7,1598,1,13,-1,-1
201301GD10619,3,9,0,7,0,8,0,0,0,0,3,1,6,1,5,2987,2,6,-1,-1
201301GD10620,1,9,0,18,0,1,0,0,0,0,3,1,6,1,5,-1,-1,-1,-1,-1
201301GD10620,2,9,0,11,0,1,0,0,0,0,4,1,6,1,-1,1895,1,12,-1,-1
201301GD10621,1,9,0,18,0,1,0,0,0,0,1,1,6,1,6,1895,1,14,2,1
201301GD10622,1,9,0,9,0,8,0,0,0,0,4,1,6,1,-1,1995,1,10,1,1
201301GD10622,2,1,0,18,0,8,0,0,0,0,1,1,6,2,6,-1,-1,-1,2,1
201301GD10623,1,9,0,9,0,8,0,0,0,0,4,1,1,1,8,1598,1,9,3,1
201301GD10623,2,9,0,18,0,8,0,0,0,0,1,1,6,2,7,1598,1,-1,3,1
201301GD10624,1,3,0,16,0,1,0,8,0,0,1,1,1,1,6,125,1,8,2,1
201301GD10624,2,9,0,2,0,1,0,0,0,0,3,1,6,2,5,1149,1,10,1,1
201301GD10625,1,11,0,4,0,1,0,0,0,0,0,1,1,2,7,3900,2,10,7,1
201301GD10627,1,9,0,9,0,8,0,0,0,0,3,1,6,2,6,1199,1,10,2,1
201301GD10627,2,3,0,13,0,8,0,0,0,0,4,1,6,1,8,125,1,6,6,1
201301GD10629,1,9,0,4,0,1,0,0,0,0,2,1,6,1,7,1598,1,7,3,1
201301GD10629,2,9,0,4,0,1,0,0,0,0,2,1,6,2,8,1299,1,15,2,1
201301GD10629,3,9,0,4,0,1,0,0,0,0,1,1,6,2,5,1995,2,4,3,1
201301GD10630,1,11,0,18,0,1,0,0,0,0,0,1,1,1,7,9360,2,1,4,1
201301GD10631,1,4,0,18,0,8,0,0,0,0,1,1,6,1,9,625,1,8,2,1
201301GD10631,2,4,0,9,0,8,0,0,0,0,4,1,1,1,7,-1,-1,-1,-1,-1
201301GD10632,1,9,0,18,0,2,0,0,0,0,1,1,6,1,9,1497,8,5,2,1
201301GD10633,1,9,0,18,0,1,0,0,0,0,1,1,6,1,-1,1598,1,10,2,1
201301GD10634,1,11,0,3,0,8,0,0,0,0,2,1,1,2,6,4500,2,6,2,1
201301GD10634,2,9,0,16,0,8,1,0,0,0,1,1,1,1,11,-1,-1,-1,4,1
201301GD10635,1,11,0,2,0,1,0,0,0,0,4,1,1,1,8,6700,2,2,2,1
201301GD10636,1,9,0,2,0,8,0,0,0,0,2,1,6,1,6,1597,1,16,2,1
201301GD10636,2,9,0,18,0,8,0,4,0,0,1,1,6,1,-1,1796,1,12,-1,-1
201301GD10637,1,9,0,18,0,1,0,0,0,0,1,1,6,1,-1,2148,2,9,-1,-1
201301GD10637,2,1,0,7,0,5,0,0,0,0,2,1,6,1,3,-1,-1,-1,2,1
201301GD10638,1,5,0,13,0,8,0,0,0,0,1,1,6,1,6,750,1,36,3,1
201301GD10638,2,9,0,9,0,8,0,0,0,0,3,1,6,1,6,-1,-1,-1,5,1
201301GD10641,1,8,0,1,0,2,0,0,0,0,2,1,1,1,-1,1339,8,4,1,1
201301GD10642,1,9,0,1,0,2,0,0,0,0,2,1,6,1,-1,1796,1,11,-1,-1
201301GD10643,1,9,0,9,0,8,0,0,0,0,1,1,2,1,-1,-1,-1,-1,-1,-1
201301GD10643,2,9,0,9,0,8,0,0,0,0,3,1,6,1,-1,998,1,7,-1,-1
201301GD10644,1,9,0,9,0,2,0,0,0,0,4,1,6,1,-1,1998,1,11,1,1
201301GD10645,1,8,0,3,0,2,0,0,0,0,2,1,1,1,6,1997,2,1,6,1
201301GD10645,2,9,0,18,0,2,0,0,0,0,1,1,1,1,-1,1798,8,-1,-1,-1
201301GD10646,1,9,0,7,0,8,0,0,0,0,4,1,6,2,7,1396,2,-1,8,1
201301GD10646,2,1,0,18,0,8,0,0,0,0,1,1,6,2,6,-1,-1,-1,2,1
201301GD10647,1,9,0,18,0,2,0,0,0,0,1,1,1,1,-1,-1,-1,-1,-1,-1
201301GD10648,1,9,0,3,0,1,0,0,0,0,1,1,6,1,8,1364,1,4,4,1
201301GD10648,2,9,0,1,0,1,0,0,0,0,2,1,6,1,-1,-1,-1,-1,4,1
201301GD10649,1,9,0,18,0,8,0,0,0,0,1,1,6,1,-1,1248,2,8,-1,-1
201301GD10649,2,1,0,9,0,8,0,0,0,0,4,1,6,1,6,-1,-1,-1,3,1
201301GD10650,1,1,0,18,0,8,0,0,0,0,2,1,6,1,7,-1,-1,-1,2,1
201301GD10650,2,8,0,13,0,8,0,0,0,0,1,1,1,3,-1,2402,2,10,-1,-1
201301GD10651,1,1,0,18,0,0,0,0,0,0,3,1,6,1,6,-1,-1,-1,3,1
201301GD10651,2,19,0,13,0,0,0,0,0,0,4,1,6,1,-1,-1,-1,-1,-1,-1
201301GD10652,1,5,0,18,0,0,0,0,0,0,3,1,6,1,7,999,1,3,2,1
201301GD10652,2,9,0,11,0,0,0,0,0,0,4,1,6,1,-1,1242,1,-1,1,1
201301GD10653,1,9,0,16,0,0,0,0,0,0,1,1,6,1,8,1598,1,13,2,1
201301GD10653,2,1,0,16,0,0,0,0,0,0,2,1,6,1,8,-1,-1,-1,2,1
201301GD10654,1,3,0,18,0,8,0,0,0,0,4,1,6,1,4,124,1,11,1,1
201301GD10654,2,9,0,9,0,8,0,0,0,0,1,1,6,1,6,1560,2,-1,2,1
201301GD10655,1,9,0,5,0,1,0,0,0,0,1,1,6,1,10,1598,1,2,-1,-1
201301GD10655,2,1,0,5,0,1,0,0,0,0,2,1,6,1,3,-1,-1,-1,1,1
201301GD10656,1,1,0,18,0,1,0,0,0,0,3,1,6,1,9,-1,-1,-1,2,1
201301GD10656,2,9,0,13,0,1,0,0,0,0,4,1,6,1,-1,-1,-1,-1,-1,-1
201301GD10657,1,19,0,9,0,8,0,0,0,0,3,1,6,1,8,1753,2,10,2,1
201301GD10657,2,1,0,18,0,8,0,0,0,0,1,1,6,1,5,-1,-1,-1,3,1
201301GD10658,1,9,0,7,0,8,0,0,0,0,4,1,6,2,4,1248,2,6,1,1
201301GD10658,2,1,0,18,0,8,0,0,0,0,1,1,6,1,6,-1,-1,-1,5,1
201301GD10659,1,9,0,11,0,1,0,0,0,0,4,1,6,1,6,1956,2,2,8,1
201301GD10659,2,8,0,18,0,1,0,0,0,0,3,1,1,1,8,2402,2,11,6,1
201301GD10660,1,11,0,18,0,1,0,0,0,0,0,1,1,1,7,6692,2,-1,1,1
201301GD10661,1,9,0,18,0,1,0,0,0,0,4,1,6,2,6,1360,1,5,6,1
201301GD10661,2,1,0,12,0,1,0,0,0,0,3,1,6,2,6,-1,-1,-1,2,1
201301GD10662,1,9,0,9,0,8,0,0,0,0,2,1,6,1,6,1753,2,8,8,1
201301GD10662,2,3,0,18,0,8,0,0,0,0,1,1,6,1,8,124,1,4,3,1
201301GD10663,1,11,0,3,0,1,0,0,0,0,2,1,1,1,7,6692,2,4,8,1
201301GD10663,2,1,0,15,0,1,0,0,0,0,1,1,6,1,-1,-1,-1,-1,2,1
201301GD10664,1,19,0,9,0,8,0,0,0,0,1,1,1,1,6,1870,2,8,2,1
201301GD10664,2,1,0,7,0,8,0,0,0,0,3,1,6,1,7,-1,-1,-1,-1,-1
201301GD10665,1,11,0,9,0,8,1,0,0,0,1,1,1,1,6,4500,2,1,3,1
201301GD10665,2,9,0,9,0,8,1,0,0,0,1,1,6,1,7,1598,1,3,1,1
201301GD10665,3,9,0,4,0,8,0,0,0,0,2,1,1,2,6,-1,-1,-1,2,1
201301GD10666,1,9,0,18,0,1,0,0,0,0,0,1,6,3,-1,1364,1,9,-1,-1
201301GD10667,1,11,0,4,0,0,0,0,0,0,0,1,1,1,8,6692,2,-1,2,1
201301GD10668,1,1,0,18,0,0,0,0,0,0,3,1,6,2,8,-1,-1,-1,3,1
201301GD10668,2,9,0,11,0,0,0,0,0,0,4,1,6,3,-1,-1,-1,-1,-1,-1
201301GD10669,1,11,0,18,0,1,0,0,0,0,1,1,1,1,7,4760,2,1,-1,-1
201301GD10670,1,9,0,7,0,8,0,0,0,0,4,1,1,1,8,1794,1,9,3,1
201301GD10670,2,1,0,18,0,8,0,0,0,0,1,1,6,1,6,-1,-1,-1,-1,-1
201301GD10672,1,19,0,18,0,8,0,0,0,0,1,1,6,3,-1,-1,-1,-1,-1,-1
201301GD10672,2,1,0,18,0,8,0,0,0,0,2,1,6,1,8,-1,-1,-1,2,1
201301GD10673,1,11,0,18,0,1,0,0,0,0,1,1,1,1,7,9000,2,3,4,1
201301GD10675,1,1,0,18,0,1,0,0,0,0,3,1,6,1,6,-1,-1,-1,1,1