Accident_Index,Vehicle_Reference,Vehicle_Type,Towing_and_Articulation,Vehicle_Manoeuvre,Vehicle_Location-Restricted_Lane,Junction_Location,Skidding_and_Overturning,Hit_Object_in_Carriageway,Vehicle_Leaving_Carriageway,Hit_Object_off_Carriageway,1st_Point_of_Impact,Was_Vehicle_Left_Hand_Drive?,Journey_Purpose_of_Driver,Sex_of_Driver,Age_Band_of_Driver,Engine_Capacity_(CC),Propulsion_Code,Age_of_Vehicle,Driver_IMD_Decile,Driver_Home_Area_Type
201301GD10675,2,1,0,18,0,1,0,0,0,0,3,1,6,1,6,-1,-1,-1,2,1
201301GD10675,3,8,0,18,0,1,0,0,0,0,4,1,1,1,8,2499,2,6,-1,-1
201301GD10676,1,9,0,18,0,2,0,0,0,0,1,1,6,1,7,2996,2,4,5,1
201301GD10677,1,9,0,9,0,8,0,0,0,0,3,1,6,1,9,2148,2,10,2,1
201301GD10677,2,1,0,18,0,8,0,0,0,0,1,1,6,1,-1,-1,-1,-1,2,1
201301GD10678,1,9,0,9,0,8,0,0,0,0,4,1,6,2,4,1198,1,3,6,1
201301GD10678,2,1,0,18,0,8,0,0,0,0,1,1,6,2,9,-1,-1,-1,2,1
201301GD10680,1,9,0,4,0,8,0,0,0,0,0,1,6,1,7,-1,-1,-1,2,1
201301GD10680,2,1,0,4,0,8,1,0,0,0,0,1,6,1,8,-1,-1,-1,1,1
201301GD10681,1,1,0,18,0,8,0,0,0,0,1,1,6,1,7,-1,-1,-1,2,1
201301GD10681,2,19,0,7,0,8,0,0,0,0,4,1,6,3,-1,2402,2,9,-1,-1
201301GD10682,1,9,0,18,0,1,0,0,0,0,1,1,3,2,8,1796,1,17,4,1
201301GD10682,2,3,0,4,0,1,0,0,0,0,2,1,6,1,-1,125,1,11,-1,-1
201301GD10683,1,3,0,18,0,1,0,0,0,0,3,1,6,1,5,125,1,9,2,1
201301GD10683,2,9,0,11,0,1,0,0,0,0,4,1,6,3,-1,2000,1,8,-1,-1
201301GD10685,1,9,0,18,0,1,0,0,0,0,1,1,6,2,11,1332,1,20,2,1
201301GD10688,1,9,0,3,0,1,0,0,0,0,2,1,6,2,7,1598,1,14,8,1
201301GD10688,2,8,0,4,0,1,0,0,0,0,1,1,6,1,8,2143,2,3,1,1
201301GD10690,1,9,0,18,0,1,0,0,0,0,1,1,6,1,7,2688,2,10,2,1
201301GD10691,1,9,0,4,0,1,0,0,0,0,2,1,6,1,5,2993,2,3,5,1
201301GD10691,2,9,0,4,0,1,0,0,0,0,1,1,6,1,6,1590,1,2,-1,-1
201301GD10692,1,9,0,18,0,1,0,0,0,0,1,1,6,2,4,-1,-1,-1,3,1
201301GD10693,1,19,0,18,0,1,0,0,0,0,1,1,6,3,-1,-1,-1,-1,-1,-1
201301GD10694,1,9,0,9,0,8,0,0,0,0,4,1,6,1,11,1400,1,6,6,1
201301GD10694,2,9,0,18,0,8,0,0,0,0,1,1,6,1,9,-1,-1,-1,2,1
201301GD10695,1,9,0,18,0,1,0,0,0,0,1,1,6,1,6,1796,1,6,-1,-1
201301GD10698,1,5,0,18,0,8,0,0,0,0,1,1,6,1,8,652,1,9,3,1
201301GD10698,2,9,0,9,0,8,0,0,0,0,4,1,6,2,8,1796,1,13,3,1
201301GD10699,1,9,0,18,0,1,0,10,1,10,1,1,6,1,5,1995,1,4,3,1
201301GD10700,1,9,0,18,0,1,0,0,0,0,1,1,6,2,6,1598,1,5,2,1
201301GD10701,1,9,0,3,0,1,0,0,0,0,2,1,6,2,5,1086,1,9,2,1
201301GD10701,2,9,0,4,0,1,0,0,0,0,1,1,6,1,-1,2494,1,12,-1,-1
201301GD10704,1,3,0,4,0,1,0,0,0,0,1,1,1,1,6,124,1,9,-1,-1
201301GD10706,1,9,0,18,0,8,0,0,0,0,4,1,6,3,-1,-1,-1,-1,-1,-1
201301GD10706,2,1,0,18,0,8,0,0,0,0,1,1,6,1,8,-1,-1,-1,-1,-1
201301GD10707,1,9,0,3,0,1,0,0,0,0,2,1,6,2,6,999,1,2,6,1
201301GD10707,2,8,0,4,0,1,0,0,0,0,1,1,6,1,-1,-1,-1,-1,-1,-1
201301GD10708,1,1,0,18,0,8,0,0,0,0,1,1,6,1,5,-1,-1,-1,-1,-1
201301GD10708,2,8,0,9,0,8,0,0,0,0,4,1,6,3,-1,-1,-1,-1,-1,-1
201301GD10709,1,11,0,6,0,2,0,0,0,0,3,1,1,2,8,-1,-1,-1,2,1
201301GD10709,2,3,0,18,0,1,0,0,0,0,1,1,6,1,6,279,1,5,2,1
201301GD10710,1,11,0,4,0,8,0,0,0,0,0,1,1,1,7,6692,2,4,-1,-1
201301GD10711,1,11,0,13,0,8,0,0,0,0,4,1,1,1,8,6692,2,-1,1,1
201301GD10711,2,19,0,5,0,8,0,0,0,0,3,1,6,3,-1,-1,-1,-1,-1,-1
201301GD10712,1,3,0,18,0,8,0,0,0,0,0,1,6,1,6,125,1,6,2,1
201301GD10712,2,9,0,9,0,8,0,0,0,0,0,1,6,1,-1,1840,1,13,-1,-1
201301GD10713,1,11,0,2,0,1,0,0,0,0,4,1,1,1,7,4461,2,1,1,1
201301GD10714,1,11,0,5,0,1,0,0,0,0,0,1,1,1,9,9360,2,3,3,1
201301GD10715,1,9,0,18,0,2,0,0,0,0,1,1,6,2,7,1497,8,6,2,1
201301GD10716,1,9,0,9,0,8,0,0,0,0,3,1,1,1,9,2435,1,16,-1,-1
201301GD10716,2,5,0,13,0,8,0,0,0,0,1,1,1,1,7,599,1,5,-1,-1
201301GD10718,1,10,0,18,0,0,0,0,0,0,1,1,1,1,6,2500,2,6,-1,-1
201301GD10719,1,9,0,11,0,0,0,0,0,0,2,1,6,1,7,1560,2,3,3,1
201301GD10719,2,9,0,2,0,0,0,0,0,0,3,1,6,1,7,2521,1,7,-1,-1
201301GD10719,3,3,0,18,0,0,0,4,0,0,1,1,6,1,7,124,1,9,8,1
201301GD10720,1,8,0,18,0,1,0,0,0,0,1,1,1,1,7,1497,8,4,2,1
201301GD10721,1,9,0,9,0,8,0,0,0,0,4,1,6,3,-1,-1,-1,-1,-1,-1
201301GD10721,2,1,0,18,0,8,0,0,0,0,1,1,6,2,6,-1,-1,-1,2,1
201301GD10722,1,9,0,11,0,2,0,0,0,0,2,1,6,3,-1,2599,1,23,-1,-1
201301GD10722,2,1,0,18,0,2,0,0,0,0,1,1,6,1,6,-1,-1,-1,2,1
201301GD10723,1,3,0,18,0,8,0,0,0,0,3,1,6,1,5,125,1,-1,-1,-1
201301GD10723,2,9,0,13,0,8,0,0,0,0,4,1,6,3,-1,-1,-1,-1,-1,-1
201301GD10724,1,9,0,4,0,1,0,0,0,0,1,1,6,1,8,2401,2,8,7,1
201301GD10724,2,9,0,4,0,1,0,0,0,0,2,1,6,2,7,1984,1,14,7,3
201301GD10725,1,9,0,18,0,2,0,0,0,0,1,1,6,1,6,1988,1,13,8,1
201301GD10725,2,1,0,14,0,1,0,0,0,0,1,1,6,2,6,-1,-1,-1,2,1
201301GD10726,1,8,0,18,0,2,0,0,0,0,1,1,6,3,-1,1997,2,1,6,1
201301GD10727,1,19,0,18,0,1,0,0,0,0,1,1,1,1,7,1560,2,2,1,1
201301GD10728,1,8,0,18,0,8,0,0,0,0,3,1,6,1,8,1797,8,2,2,1
201301GD10728,2,1,0,18,0,8,0,0,0,0,1,1,6,2,7,-1,-1,-1,4,1
201301GD10729,1,8,0,3,0,8,0,0,0,0,1,1,1,1,9,2499,2,4,10,1
201301GD10729,2,9,0,3,0,8,0,0,0,0,2,1,6,1,6,-1,-1,-1,-1,-1
201301GD10730,1,1,0,18,0,8,0,0,0,0,1,1,6,1,7,-1,-1,-1,1,1
201301GD10730,2,9,0,9,0,8,0,0,0,0,3,1,6,3,-1,-1,-1,-1,-1,-1
201301GD10732,1,9,0,18,0,1,0,0,0,0,1,1,6,1,7,1796,1,11,1,1
201301GD10733,1,9,0,1,0,2,0,0,0,0,2,1,6,3,-1,-1,-1,-1,-1,-1
201301GD10734,1,9,0,18,0,1,0,0,0,0,4,1,6,2,6,1360,1,13,1,1
201301GD10734,2,9,0,5,0,1,0,0,0,0,3,1,6,3,-1,-1,-1,-1,-1,-1
201301GD10735,1,9,0,7,0,8,0,0,0,0,3,1,6,2,5,1968,2,-1,9,1
201301GD10735,2,1,0,18,0,8,0,0,0,0,1,1,6,2,6,-1,-1,-1,4,1
201301GD10736,1,9,0,18,0,1,0,0,0,0,1,1,6,1,9,1839,1,18,10,1
201301GD10736,2,1,0,18,0,1,0,0,0,0,3,1,6,1,-1,-1,-1,-1,3,1
201301GD10737,1,8,0,18,0,1,0,0,0,0,1,1,1,1,-1,1390,1,9,-1,-1
201301GD10738,1,1,0,18,0,1,0,0,0,0,2,1,6,2,6,-1,-1,-1,2,1
201301GD10738,2,9,0,13,0,1,0,0,0,0,1,1,6,1,-1,2685,2,10,-1,-1
201301GD10739,1,4,0,18,0,8,0,0,0,0,1,1,1,1,5,102,1,6,5,1
201301GD10739,2,9,0,9,0,8,0,0,0,0,4,1,6,1,7,1390,1,12,1,1
201301GD10740,1,9,0,4,0,1,0,0,0,0,2,1,6,2,7,1997,2,3,2,1
201301GD10740,2,11,0,4,0,1,0,0,0,0,1,1,6,1,-1,8268,2,10,-1,-1
201301GD10741,1,1,0,17,0,8,0,0,0,0,1,1,6,2,6,-1,-1,-1,1,1
201301GD10741,2,9,0,7,0,8,0,0,0,0,3,1,6,3,-1,2597,1,11,2,1
201301GD10742,1,1,0,18,0,1,0,10,0,0,1,1,6,2,8,-1,-1,-1,4,1
201301GD10743,1,9,0,18,0,2,0,10,1,1,1,1,6,1,8,2171,1,9,1,1
201301GD10743,2,9,0,18,0,2,0,0,0,0,0,1,1,3,-1,-1,-1,-1,-1,-1
201301GD10744,1,9,0,2,0,1,0,0,0,0,3,1,6,1,6,1587,1,11,2,1
201301GD10744,2,1,0,14,0,1,0,8,0,0,1,1,6,2,5,-1,-1,-1,3,1
201301GD10745,1,9,0,7,0,5,0,0,0,0,2,1,6,2,5,698,1,9,5,1
201301GD10745,2,11,0,18,0,1,0,0,0,0,1,1,1,1,5,6692,2,-1,2,1
201301GD10746,1,9,0,18,0,2,0,0,0,0,1,1,6,1,5,1368,1,9,3,1
201301GD10747,1,3,0,18,0,0,0,0,0,0,1,1,6,1,6,1137,1,15,1,1
201301GD10747,2,9,0,4,0,0,0,0,0,0,2,1,6,1,8,2184,2,9,1,1
201301GD10748,1,3,0,18,0,8,0,0,0,0,1,1,6,1,5,124,1,6,2,1
201301GD10748,2,9,0,9,0,8,0,0,0,0,4,1,6,3,-1,-1,-1,-1,-1,-1
201301GD10749,1,19,0,7,0,5,0,0,0,0,4,1,1,1,8,2287,2,1,7,1
201301GD10749,2,4,0,18,0,1,0,0,0,0,3,1,6,1,7,998,1,-1,2,1
201301GD10751,1,1,0,4,0,8,0,0,0,0,1,1,6,2,5,-1,-1,-1,2,1
201301GD10751,2,9,0,9,0,8,0,0,0,0,4,1,6,3,-1,-1,-1,-1,3,1
201301GD10752,1,9,0,18,0,8,0,10,1,2,1,1,6,1,10,1870,2,12,2,1
201301GD10753,1,1,0,18,0,1,0,0,0,0,3,1,6,2,6,-1,-1,-1,4,1
201301GD10753,2,8,0,7,0,5,0,0,0,0,4,1,1,1,-1,1997,2,2,-1,-1
201301GD10754,1,9,0,18,0,0,0,4,0,0,1,2,6,1,6,-1,-1,-1,3,1
201301GD10754,2,9,0,2,0,0,0,0,0,0,2,1,6,1,-1,1397,1,15,1,1
201301GD10754,3,9,0,2,0,0,0,0,0,0,1,1,6,2,-1,1596,1,10,3,1
201301GD10755,1,9,0,14,0,0,0,0,0,0,1,1,6,1,7,1590,1,12,2,1
201301GD10759,1,19,0,13,0,1,0,0,0,0,1,1,1,1,7,-1,-1,-1,2,1
201301GD10759,2,1,0,18,0,1,0,0,0,0,2,1,6,1,8,-1,-1,-1,-1,-1
201301GD10760,1,9,0,18,0,1,0,0,0,0,1,1,6,3,-1,-1,-1,-1,-1,-1
201301GD10761,1,9,0,18,0,1,0,0,0,0,1,1,6,1,8,1598,1,9,-1,-1
201301GD10762,1,19,0,18,0,1,0,0,0,0,1,1,6,1,9,-1,-1,-1,9,3
201301GD10763,1,9,0,4,0,1,0,0,0,0,2,1,6,1,6,1598,1,3,-1,-1
201301GD10763,2,9,0,4,0,1,0,0,0,0,1,1,6,1,8,1910,2,8,1,1
201301GD10764,1,9,0,9,0,8,0,0,0,0,3,1,6,1,9,1461,2,-1,9,2
201301GD10764,2,1,0,18,0,8,0,0,0,0,1,1,6,1,7,-1,-1,-1,1,1
201301GD10765,1,1,0,18,0,2,0,0,0,0,2,1,6,2,6,-1,-1,-1,2,1
201301GD10765,2,9,0,18,0,2,0,0,0,0,1,1,6,3,-1,1596,1,20,-1,-1
201301GD10766,1,19,0,2,0,1,0,0,0,0,1,1,6,1,7,2151,2,12,-1,-1
201301GD10766,2,11,0,1,0,2,0,4,0,0,2,1,1,3,-1,6692,2,2,-1,-1
201301GD10768,1,9,0,9,0,8,0,0,0,0,4,1,1,1,7,2316,1,16,1,1
201301GD10768,2,3,0,18,0,8,0,0,0,0,1,1,6,1,8,125,1,-1,6,1
201301GD10772,1,5,0,13,0,8,0,0,0,0,4,1,6,1,4,124,1,1,4,1
201301GD10772,2,9,0,9,0,8,0,0,0,0,3,1,6,1,8,1997,2,4,3,1
201301GD10773,1,9,0,3,0,0,0,0,0,0,3,1,6,1,8,1800,1,13,2,1
201301GD10773,2,1,0,14,0,0,0,8,0,0,1,1,2,1,7,-1,-1,-1,2,1
201301GD10774,1,20,0,7,0,8,0,0,0,0,4,1,1,3,-1,-1,-1,-1,-1,-1
201301GD10775,1,10,0,18,0,1,0,0,0,0,1,1,6,3,-1,-1,-1,-1,-1,-1
201301GD10776,1,4,0,18,0,8,0,0,0,0,1,1,6,1,7,781,1,14,3,1
201301GD10776,2,3,0,9,0,8,0,0,0,0,2,1,6,1,6,102,1,8,2,1
201301GD10777,1,5,0,18,0,0,0,0,0,0,4,1,6,1,8,600,1,12,3,1
201301GD10777,2,9,0,6,0,0,0,0,0,0,3,1,6,1,4,1388,1,8,2,1
201301GD10778,1,3,0,17,0,0,0,0,0,0,1,1,6,1,6,125,1,-1,3,1
201301GD10778,2,9,0,16,0,0,0,0,0,0,1,1,6,1,7,2000,2,8,3,1
201301GD10781,1,19,0,18,0,1,0,0,0,0,1,1,1,1,-1,-1,-1,-1,2,1
201301GD10781,2,1,0,18,0,1,0,0,0,0,2,1,6,2,7,-1,-1,-1,3,1
201301GD10782,1,9,0,18,0,1,0,0,0,0,1,1,6,3,-1,-1,-1,-1,-1,-1
201301GD10784,1,9,0,18,0,0,0,0,0,0,1,1,6,1,6,1753,2,10,1,1
201301GD10785,1,9,0,14,0,2,0,0,0,0,1,1,6,3,-1,-1,-1,-1,-1,-1
201301GD10787,1,5,0,18,0,8,0,0,0,0,1,1,6,1,5,598,1,15,2,1
201301GD10787,2,9,0,9,0,8,0,0,0,0,4,1,1,1,7,-1,-1,-1,1,1
201301GD10788,1,5,0,3,0,1,0,0,0,0,2,1,6,1,7,600,1,12,5,1
201301GD10788,2,9,0,4,0,1,0,0,0,0,1,1,6,2,-1,1390,1,2,-1,-1
201301GD10789,1,9,0,4,0,1,0,0,0,0,2,1,1,2,6,1124,1,10,1,1
201301GD10789,2,9,0,18,0,1,0,0,0,0,1,1,6,2,6,998,1,9,2,1
201301GD10790,1,9,0,18,0,1,0,0,0,0,1,1,6,1,6,973,1,11,2,1
201301GD10791,1,9,0,3,0,1,0,0,0,0,2,1,6,1,4,1596,1,5,7,3
201301GD10791,2,9,0,3,0,1,0,0,0,0,2,1,6,1,5,1999,1,7,-1,-1
201301GD10791,3,9,0,18,0,1,0,0,0,0,1,1,6,1,-1,2720,2,7,-1,-1
201301GD10792,1,9,0,7,0,2,0,0,0,0,1,1,2,1,7,1392,1,14,1,1
201301GD10792,2,1,0,18,0,2,0,0,0,0,2,1,6,1,8,-1,-1,-1,-1,-1
201301GD10794,1,9,0,9,0,8,0,0,0,0,4,1,6,1,6,2685,2,8,1,1
201301GD10794,2,1,0,18,0,8,0,0,0,0,1,1,6,1,8,-1,-1,-1,2,1
201301GD10795,1,9,0,13,0,0,0,0,0,0,4,1,6,1,11,1796,1,12,2,1
201301GD10795,2,1,0,18,0,0,0,0,0,0,3,1,2,2,8,-1,-1,-1,3,1
201301GD10796,1,9,0,9,0,2,0,0,0,0,1,1,6,2,7,1590,1,13,1,1
201301GD10799,1,9,0,18,0,8,0,0,0,0,4,1,6,1,7,1799,1,14,-1,-1
201301GD10799,2,11,0,9,0,6,0,0,0,0,1,1,1,1,6,6696,2,-1,3,1
201301GD10800,1,9,0,1,0,2,0,0,0,0,2,1,6,1,8,4266,1,12,-1,-1
201301GD10801,1,9,0,9,0,8,0,0,0,0,4,1,2,1,6,1997,2,1,10,1
201301GD10801,2,8,0,18,0,8,0,0,0,0,1,1,1,1,7,2148,2,4,3,1
201301GD10802,1,5,0,3,0,0,0,0,0,0,3,1,6,1,8,680,1,7,5,1
201301GD10802,2,9,0,11,0,0,0,0,0,0,4,1,6,1,-1,2143,2,2,-1,-1
201301GD10803,1,9,0,9,0,8,0,0,0,0,1,1,6,2,6,1749,1,12,3,1
201301GD10803,2,5,0,18,0,8,0,0,0,0,3,1,6,1,6,599,1,12,-1,-1
201301GD10804,1,19,0,9,0,8,0,0,0,0,3,1,2,1,8,1997,2,10,10,1
201301GD10804,2,3,0,13,0,8,0,0,0,0,4,1,2,1,7,108,1,5,2,1
201301GD10805,1,4,0,18,0,8,0,0,0,0,1,1,6,1,7,-1,-1,-1,3,1
201301GD10805,2,9,0,9,0,8,0,0,0,0,1,1,6,2,6,-1,-1,-1,2,1
201301GD10807,1,1,0,7,0,8,0,0,0,0,3,1,6,1,5,-1,-1,-1,-1,-1
201301GD10807,2,11,0,7,0,8,0,0,0,0,4,1,1,1,6,4760,2,-1,3,1
201301GD10809,1,9,0,1,9,0,0,0,0,0,2,1,6,1,-1,1248,2,5,-1,-1
201301GD10810,1,9,0,7,0,8,0,0,0,0,1,1,6,2,8,1995,2,9,2,1
201301GD10810,2,1,0,18,0,8,0,0,0,0,4,1,6,1,-1,-1,-1,-1,1,1
201301GD10812,1,9,0,7,0,2,0,0,0,0,1,1,6,2,7,1598,1,2,1,1
201301GD10813,1,19,0,9,0,6,0,0,0,0,1,1,6,1,-1,2148,2,6,1,1
201301GD10813,2,1,0,18,0,8,0,0,0,0,4,1,6,2,6,-1,-1,-1,1,1
201301GD10816,1,11,0,18,0,0,0,0,0,0,0,1,1,1,8,8268,2,10,2,1
201301GD10817,1,9,0,18,0,0,0,0,0,0,1,1,2,1,7,1242,1,12,1,1
201301GD10817,2,2,0,4,0,0,0,0,0,0,2,1,1,1,5,-1,-1,-1,2,1
201301GD10818,1,8,0,2,0,1,0,0,0,0,3,1,1,1,8,1497,8,5,1,1
201301GD10818,2,1,0,18,0,1,0,8,0,0,1,1,6,2,6,-1,-1,-1,3,1
201301GD10819,1,9,0,9,0,8,0,0,0,0,3,1,2,1,6,1598,2,4,3,1
201301GD10819,2,1,0,12,0,8,0,0,0,0,4,1,6,1,6,-1,-1,-1,1,1
201301GD10821,1,9,0,1,0,2,0,0,0,0,2,1,6,1,6,1968,2,7,1,1
201301GD10822,1,9,0,18,0,2,0,0,0,0,1,1,6,1,5,1364,1,-1,1,1
201301GD10823,1,1,0,18,0,1,0,0,0,0,3,1,6,1,8,-1,-1,-1,10,1
201301GD10823,2,9,0,13,0,1,0,0,0,0,4,1,6,3,-1,-1,-1,-1,-1,-1
201301GD10825,1,9,0,13,0,1,0,0,0,0,4,1,1,1,9,2987,2,1,-1,-1
201301GD10825,2,1,0,18,0,1,0,0,0,0,3,1,6,1,7,-1,-1,-1,2,1
201301GD10826,1,9,0,7,0,5,0,0,0,0,4,1,6,1,9,1986,1,19,3,1
201301GD10826,2,3,0,18,2,1,0,0,0,0,3,1,1,1,8,125,1,5,3,1
201301GD10827,1,9,0,8,0,1,0,0,0,0,2,1,6,1,5,1596,1,11,8,1
201301GD10827,2,9,0,18,0,1,0,0,0,0,1,1,6,1,-1,1596,1,12,1,1
201301GD10828,1,1,0,18,0,1,0,0,0,0,1,1,6,2,6,-1,-1,-1,3,1
201301GD10828,2,19,0,13,0,2,0,0,0,0,1,1,6,1,-1,-1,-1,-1,-1,-1
201301GD10830,1,9,0,18,0,1,0,0,0,0,1,1,6,1,10,1998,1,17,-1,-1
201301GD10831,1,9,0,18,0,1,0,0,0,0,1,1,1,1,-1,-1,-1,-1,-1,-1
201301GD10831,2,1,0,18,0,1,0,0,0,0,3,1,6,1,7,-1,-1,-1,-1,-1
201301GD10834,1,9,0,9,0,2,0,0,0,0,1,1,6,3,-1,-1,-1,-1,-1,-1
201301GD10835,1,9,0,4,0,1,0,0,0,0,2,1,6,1,7,2401,2,8,-1,-1
201301GD10835,2,9,0,18,0,1,0,0,0,0,1,1,6,1,-1,-1,-1,-1,-1,-1
201301GD10836,1,11,0,3,0,0,0,0,0,0,0,1,1,1,-1,6700,2,2,-1,-1
201301GD10837,1,2,0,18,0,1,0,0,0,0,1,1,6,1,-1,124,1,5,-1,-1
201301GD10838,1,1,0,18,0,0,0,0,0,0,4,1,2,1,6,-1,-1,-1,2,1
201301GD10838,2,9,0,5,0,0,0,0,0,0,3,1,2,1,-1,1895,1,14,-1,-1
201301GD10839,1,5,0,18,0,1,0,0,0,0,1,1,6,1,-1,125,1,1,-1,-1
201301GD10840,1,1,0,18,0,8,0,0,0,0,1,1,2,1,8,-1,-1,-1,2,1
201301GD10840,2,19,0,18,0,8,0,0,0,0,4,1,1,1,-1,1560,2,2,-1,-1
201301GD10841,1,9,0,5,0,8,0,0,0,0,3,1,6,1,8,1988,1,11,1,1
201301GD10841,2,9,0,18,0,8,0,0,0,0,1,1,1,1,5,1956,2,2,5,1
201301GD10842,1,9,0,18,0,1,0,4,0,0,1,1,6,1,7,2793,1,15,5,1
201301GD10842,2,19,0,2,0,1,0,0,0,0,2,1,6,1,6,1870,2,8,3,1
201301GD10843,1,9,0,18,0,8,0,0,0,0,1,1,6,1,7,2987,2,4,1,1
201301GD10843,2,2,0,18,0,8,0,0,0,0,3,1,6,1,7,-1,-1,-1,1,1
201301GD10844,1,3,0,18,0,8,0,0,0,0,4,1,6,1,6,125,1,5,2,1
201301GD10844,2,9,0,5,0,8,0,0,0,0,1,1,6,1,-1,1800,1,13,-1,-1
201301GD10846,1,4,0,7,0,8,0,0,0,0,4,1,6,1,6,599,1,2,2,1
201301GD10848,1,1,0,18,0,8,0,0,0,0,1,1,2,1,5,-1,-1,-1,2,1
201301GD10848,2,9,0,9,0,8,0,0,0,0,4,1,6,1,11,2495,2,18,1,1
201301GD10849,1,8,0,5,0,1,0,0,0,0,3,1,1,1,8,1797,8,3,10,1
201301GD10849,2,1,0,18,0,1,0,0,0,0,4,1,6,1,-1,-1,-1,-1,-1,-1
201301GD10851,1,9,0,9,0,8,0,0,0,0,1,1,6,2,7,1598,1,14,3,1
201301GD10851,2,9,0,18,0,8,0,0,0,0,1,1,6,2,7,2231,2,2,1,1
201301GD10854,1,1,0,18,0,8,0,0,0,0,4,1,6,2,6,-1,-1,-1,2,1
201301GD10854,2,9,0,18,0,8,0,0,0,0,1,1,6,3,-1,2179,2,5,-1,-1
201301GD10855,1,8,0,9,0,8,0,0,0,0,4,1,6,1,7,1995,2,5,2,1
201301GD10855,2,5,0,18,0,8,0,0,0,0,1,1,6,1,6,599,1,2,-1,-1
201301GD10857,1,8,0,18,0,8,0,0,0,0,4,1,1,1,7,1995,2,10,1,1
201301GD10857,2,9,0,9,0,6,0,0,0,0,1,1,6,1,-1,1781,1,12,-1,-1
201301GD10858,1,3,0,18,0,1,0,0,0,0,4,1,1,1,8,125,1,4,1,1
201301GD10858,2,19,0,6,0,1,0,0,0,0,3,1,6,1,-1,-1,-1,-1,-1,-1
201301GD10859,1,5,0,3,0,1,0,0,0,0,2,1,1,1,5,670,1,1,1,1
201301GD10859,2,9,0,18,0,1,0,0,0,0,1,1,6,1,6,1339,8,5,3,1
201301GD10860,1,9,0,18,0,8,0,0,0,0,1,1,1,1,6,1339,8,3,1,1
201301GD10860,2,1,0,9,0,8,0,0,0,0,4,1,6,2,6,-1,-1,-1,3,1
201301GD10861,1,9,0,18,0,0,0,0,0,0,1,1,6,3,-1,-1,-1,-1,-1,-1
201301GD10862,1,8,0,18,0,0,0,0,0,0,1,1,1,1,7,1995,2,8,3,1
201301GD10863,1,1,0,18,0,8,0,0,0,0,3,1,6,2,6,-1,-1,-1,3,1
201301GD10863,2,9,0,18,0,8,0,0,0,0,1,1,6,2,8,1461,2,3,-1,-1
201301GD10865,1,9,0,18,0,8,0,0,0,0,1,1,6,1,5,1388,1,10,2,1
201301GD10865,2,9,0,9,0,8,0,0,0,0,4,1,6,1,7,998,1,12,-1,-1
201301GD10866,1,9,0,18,0,0,0,4,0,0,1,1,6,1,11,3199,1,12,1,1
201301GD10866,2,9,0,2,0,0,0,0,0,0,2,1,6,1,-1,1124,1,12,1,1
201301GD10868,1,9,0,18,0,1,0,0,0,0,4,1,1,1,8,-1,-1,-1,7,1
201301GD10868,2,19,0,5,0,1,0,0,0,0,3,1,6,1,6,1753,2,1,4,1
201301GD10869,1,9,0,9,0,8,0,0,0,0,3,1,6,2,6,998,1,8,2,1
201301GD10869,2,3,0,13,0,8,0,0,0,0,4,1,6,1,-1,124,1,2,1,1
201301GD10870,1,1,0,18,0,8,0,0,0,0,1,1,6,1,7,-1,-1,-1,3,1
201301GD10870,2,9,0,9,0,8,0,0,0,0,3,1,6,3,-1,-1,-1,-1,-1,-1
201301GD10871,1,5,0,18,0,8,0,0,0,0,1,1,6,1,7,656,1,8,-1,-1
201301GD10871,2,9,0,9,0,8,0,0,0,0,4,1,6,1,8,-1,-1,-1,2,1
201301GD10872,1,9,0,18,0,8,0,0,0,0,1,1,2,1,11,2099,1,8,7,1
201301GD10872,2,9,0,9,0,8,0,0,0,0,4,1,2,2,7,1995,2,7,3,1
201301GD10873,1,9,0,9,0,8,0,0,0,0,4,1,1,1,8,1995,2,10,1,1
201301GD10873,2,3,0,18,0,8,0,0,0,0,1,1,6,1,6,-1,-1,-1,1,1
201301GD10874,1,9,0,9,0,8,0,0,0,0,4,1,6,1,8,-1,-1,-1,5,1
201301GD10874,2,1,0,18,0,8,0,0,0,0,1,1,6,1,8,-1,-1,-1,2,1
201301GD10875,1,5,0,10,0,8,0,0,0,0,2,1,1,1,-1,-1,-1,-1,-1,-1
201301GD10875,2,9,0,18,0,8,0,0,0,0,1,1,6,1,-1,-1,-1,-1,-1,-1
201301GD10876,1,9,0,18,0,8,0,0,0,0,1,1,6,1,6,1299,1,9,2,1
201301GD10876,2,9,0,18,0,8,0,0,0,0,2,1,1,1,9,1596,1,2,10,1
201301GD10877,1,9,0,18,0,1,0,0,0,0,1,1,6,1,7,998,1,4,6,1
201301GD10878,1,9,0,18,0,1,0,0,0,0,1,1,6,1,6,1781,1,10,1,1
201301GD10879,1,9,0,9,0,8,0,0,0,0,1,1,1,1,6,-1,-1,-1,6,1
201301GD10879,2,8,0,18,0,8,0,0,0,0,3,1,1,1,8,2231,2,4,2,1
201301GD10881,1,9,0,2,0,2,0,0,0,0,3,1,6,2,6,973,1,11,2,1
201301GD10881,2,1,0,14,0,2,0,8,0,0,1,1,6,1,6,-1,-1,-1,1,1
201301GD10882,1,19,0,18,0,0,0,0,0,0,4,1,1,1,-1,1896,2,4,-1,-1
201301GD10883,1,9,0,9,0,8,0,0,0,0,3,1,6,1,5,1149,1,9,2,1
201301GD10883,2,9,0,18,0,8,0,0,0,0,1,1,6,1,7,1995,2,6,10,1
201301GD10884,1,9,0,4,0,8,0,0,0,0,1,1,6,2,6,1598,1,6,2,1
201301GD10884,2,9,0,3,0,8,0,0,0,0,2,1,6,2,6,1242,1,5,-1,-1
201301GD10884,3,9,0,3,0,8,0,0,0,0,2,1,6,1,9,1998,1,8,-1,-1
201301GD10885,1,2,0,3,0,1,0,0,0,0,2,1,6,1,8,124,1,6,2,1
201301GD10885,2,9,0,4,0,1,0,0,0,0,1,1,6,1,-1,1910,2,5,2,1