Accident_Index,Vehicle_Reference,Vehicle_Type,Towing_and_Articulation,Vehicle_Manoeuvre,Vehicle_Location-Restricted_Lane,Junction_Location,Skidding_and_Overturning,Hit_Object_in_Carriageway,Vehicle_Leaving_Carriageway,Hit_Object_off_Carriageway,1st_Point_of_Impact,Was_Vehicle_Left_Hand_Drive?,Journey_Purpose_of_Driver,Sex_of_Driver,Age_Band_of_Driver,Engine_Capacity_(CC),Propulsion_Code,Age_of_Vehicle,Driver_IMD_Decile,Driver_Home_Area_Type
201301GD10886,1,2,0,3,0,8,0,0,0,0,2,1,6,2,7,-1,-1,-1,1,1
201301GD10886,2,9,0,4,0,8,0,0,0,0,1,1,6,3,-1,-1,-1,-1,-1,-1
201301GD10887,1,9,0,9,0,8,0,0,0,0,4,1,6,2,8,1388,1,3,3,1
201301GD10887,2,1,0,18,0,8,0,0,0,0,1,1,6,2,5,-1,-1,-1,2,1
201301GD10888,1,11,0,3,0,0,0,0,0,0,0,1,1,1,7,2402,2,9,1,1
201301GD10889,1,8,0,18,0,8,0,0,0,0,3,1,1,1,9,2499,2,1,7,1
201301GD10889,2,19,0,18,0,8,0,0,0,0,1,1,1,1,6,2148,2,6,2,1
201301GD10890,1,1,0,16,0,2,0,0,0,0,2,1,6,1,7,-1,-1,-1,5,1
201301GD10890,2,9,0,16,0,2,0,0,0,0,1,1,6,1,6,1984,1,4,-1,-1
201301GD10891,1,9,0,18,0,8,0,0,0,0,1,1,6,1,7,1896,2,6,3,1
201301GD10891,2,9,0,9,0,8,0,0,0,0,4,1,6,1,7,1968,2,3,1,1
201301GD10892,1,1,0,18,0,0,0,0,0,0,1,1,6,1,-1,-1,-1,-1,-1,-1
201301GD10894,1,9,0,9,0,8,0,0,0,0,1,1,6,1,7,1796,1,8,2,1
201301GD10894,2,9,0,18,0,8,0,0,0,0,3,1,6,2,6,1598,1,9,5,1
201301GD10895,1,9,0,7,0,8,0,0,0,0,4,1,6,1,6,999,1,3,-1,-1
201301GD10895,2,1,0,18,0,8,0,0,0,0,1,1,6,2,6,-1,-1,-1,-1,-1
201301GD10896,1,9,0,9,0,8,0,0,0,0,4,1,6,1,7,-1,-1,-1,1,1
201301GD10896,2,1,0,18,0,8,0,0,0,0,1,1,6,1,7,-1,-1,-1,8,1
201301GD10897,1,9,0,5,0,1,0,0,0,0,1,1,6,1,-1,1598,1,1,-1,-1
201301GD10897,2,1,0,3,0,1,0,0,0,0,2,1,2,1,7,-1,-1,-1,3,1
201301GD10899,1,9,0,9,0,8,0,0,0,0,4,1,6,1,5,1781,1,14,-1,-1
201301GD10899,2,2,0,18,0,8,0,0,0,0,1,1,6,1,6,48,1,4,-1,-1
201301GD10900,1,9,0,7,0,8,0,0,0,0,3,1,1,1,-1,-1,-1,-1,-1,-1
201301GD10900,2,9,0,18,0,8,0,0,0,0,1,1,1,1,7,1800,1,12,1,1
201301GD10903,1,9,0,18,0,0,0,8,0,0,4,1,6,1,6,1598,1,8,4,1
201301GD10903,2,9,0,2,0,0,0,0,0,0,3,1,6,2,-1,1995,2,4,6,1
201301GD10906,1,9,0,4,0,1,0,0,0,0,2,1,6,1,6,1595,1,4,2,1
201301GD10906,2,9,0,18,0,1,0,0,0,0,1,1,6,2,6,1587,1,8,2,1
201301GD10907,1,1,0,18,0,8,0,0,0,0,4,1,6,1,7,-1,-1,-1,2,1
201301GD10907,2,19,0,9,0,6,0,0,0,0,1,1,6,1,-1,2143,2,4,-1,-1
201301GD10908,1,1,0,18,0,8,0,0,0,0,1,1,6,1,3,-1,-1,-1,1,1
201301GD10908,2,9,0,7,0,8,0,0,0,0,3,1,6,3,-1,-1,-1,-1,-1,-1
201301GD10914,1,9,0,18,0,1,0,0,0,0,1,1,6,2,5,1199,1,15,2,1
201301GD10914,2,9,0,4,0,1,0,0,0,0,2,1,6,1,5,1598,2,1,1,1
201301GD10915,1,9,0,18,0,1,0,0,0,0,1,1,6,1,8,2362,1,9,3,1
201301GD10916,1,5,0,18,0,1,0,0,0,0,4,1,6,3,-1,-1,-1,-1,-1,-1
201301GD10922,1,20,0,5,0,1,0,0,0,0,1,1,1,1,7,-1,-1,-1,4,1
201301GD10922,2,3,0,5,0,1,0,0,0,0,2,1,2,1,6,125,1,1,2,1
201301GD10923,1,1,0,18,0,1,0,0,0,0,3,1,2,1,6,-1,-1,-1,1,1
201301GD10923,2,19,0,18,0,2,0,0,0,0,3,1,1,3,-1,-1,-1,-1,-1,-1
201301GD10925,1,1,0,18,0,8,0,0,0,0,4,1,2,2,6,-1,-1,-1,3,1
201301GD10925,2,9,0,18,0,8,0,0,0,0,1,1,6,1,-1,2993,2,7,3,1
201301GD10926,1,8,0,9,0,8,0,0,0,0,3,1,6,1,8,1896,2,8,1,1
201301GD10926,2,1,0,18,0,8,0,0,0,0,1,1,6,1,7,-1,-1,-1,2,1
201301GD10927,1,9,0,17,0,1,0,0,0,0,1,1,6,1,4,1995,1,2,2,1
201301GD10928,1,9,0,9,0,8,0,0,0,0,1,1,6,1,7,2401,2,9,-1,-1
201301GD10928,2,9,0,18,0,8,0,0,0,0,3,1,6,2,8,1329,1,3,5,1
201301GD10929,1,9,0,3,0,0,0,0,0,0,2,1,6,1,5,1198,1,1,2,1
201301GD10929,2,5,0,18,0,0,0,0,0,0,1,1,6,1,8,599,1,16,2,1
201301GD10930,1,9,0,18,0,8,0,0,0,0,3,1,6,1,8,1997,1,10,2,1
201301GD10930,2,9,0,18,0,8,0,0,0,0,1,1,6,1,5,1229,1,-1,2,1
201301GD10931,1,1,0,9,0,8,0,0,0,0,4,1,6,1,7,-1,-1,-1,3,1
201301GD10931,2,9,0,18,0,8,0,0,0,0,1,1,6,2,8,1796,1,11,-1,-1
201301GD10932,1,1,0,18,0,1,0,0,0,0,3,1,6,1,6,-1,-1,-1,1,1
201301GD10932,2,11,0,11,0,1,0,0,0,0,4,1,6,1,7,6700,2,2,2,1
201301GD10933,1,9,0,7,0,6,0,0,0,0,1,1,1,1,5,1995,1,5,2,1
201301GD10933,2,1,0,18,0,8,0,0,0,0,4,1,6,2,7,-1,-1,-1,1,1
201301GD10935,1,9,0,18,0,0,0,0,0,0,3,1,2,1,7,1398,2,4,2,1
201301GD10935,2,19,0,11,0,0,0,0,0,0,4,1,6,1,-1,1896,2,6,-1,-1
201301GD10937,1,1,0,9,0,8,0,0,0,0,3,1,6,1,7,-1,-1,-1,3,1
201301GD10937,2,9,0,18,0,8,0,0,0,0,1,1,6,1,-1,-1,-1,-1,-1,-1
201301GD10942,1,9,0,3,0,0,0,0,0,0,2,1,6,2,7,1360,1,10,1,1
201301GD10942,2,19,0,1,0,0,0,0,0,0,2,1,6,1,-1,-1,-1,-1,-1,-1
201301GD19002,1,9,0,18,0,1,0,0,0,0,1,1,6,3,-1,1364,1,4,-1,-1
201301GD19007,1,9,0,18,0,1,0,0,0,0,4,1,6,1,-1,2148,2,5,2,1
201301GD19007,2,9,0,1,0,1,0,0,0,0,2,1,6,1,-1,1591,1,-1,-1,-1
201301GD19028,1,1,0,18,0,0,0,0,0,0,1,1,2,1,7,-1,-1,-1,2,1
201301GD19036,1,11,0,4,0,2,0,0,0,0,0,1,1,1,6,6692,2,3,1,1
201301GD19046,1,1,0,9,0,2,0,0,0,0,3,1,6,1,4,-1,-1,-1,3,1
201301GD19064,1,9,0,3,0,1,0,0,0,0,2,1,6,2,6,1390,1,5,2,1
201301GD19064,2,9,0,18,0,1,0,0,0,0,1,1,6,2,-1,998,1,-1,-1,-1
201301GD19106,1,1,0,18,0,0,0,8,0,0,1,1,6,1,10,-1,-1,-1,1,1
201301GD19106,2,9,0,2,0,0,0,0,0,0,3,1,6,1,-1,-1,-1,-1,-1,-1
201301GD19167,1,9,0,9,0,8,0,0,0,0,4,1,6,1,6,1595,1,9,5,1
201301GD19167,2,9,0,18,0,8,0,0,0,0,1,1,6,1,7,998,1,8,1,1
201301HT20002,1,1,0,18,0,1,0,0,0,0,4,1,6,1,8,-1,-1,-1,6,1
201301HT20002,2,19,0,18,0,1,0,0,0,0,3,1,6,3,-1,12740,2,2,2,1
201301HT20002,3,90,0,18,0,1,0,0,0,0,4,1,1,1,8,-1,-1,-1,-1,-1
201301HT20003,1,9,0,13,0,1,0,0,0,0,1,1,1,1,7,1998,2,7,1,1
201301HT20003,2,1,0,18,0,1,0,0,0,0,2,1,6,1,5,-1,-1,-1,2,1
201301HT20004,1,21,0,4,0,0,0,0,0,0,1,1,1,1,6,11021,2,8,3,1
201301HT20004,2,9,0,3,0,0,0,0,0,0,2,1,1,1,7,-1,-1,-1,9,1
201301HT20004,3,19,0,3,0,0,0,0,0,0,2,1,1,1,8,-1,-1,-1,2,1
201301HT20005,1,9,0,9,0,8,0,0,0,0,4,1,6,1,5,1598,1,6,6,1
201301HT20005,2,9,0,18,0,8,0,0,0,0,1,1,6,2,5,1242,1,11,2,1
201301HT20006,1,9,0,13,0,1,0,0,0,0,1,1,6,1,7,1995,2,6,6,1
201301HT20006,2,1,0,18,0,1,0,0,0,0,2,1,6,1,7,-1,-1,-1,6,1
201301HT20008,1,19,0,18,0,1,0,8,0,0,1,1,6,1,7,2198,2,1,9,1
201301HT20008,2,9,0,18,0,1,0,0,0,0,2,1,6,1,-1,-1,-1,-1,1,1
201301HT20010,1,1,0,18,0,8,0,0,0,0,1,1,6,1,6,-1,-1,-1,2,1
201301HT20010,2,9,0,7,0,8,0,0,0,0,4,1,6,3,-1,-1,-1,-1,-1,-1
201301HT20011,1,1,0,15,0,1,0,0,0,0,3,1,6,1,6,-1,-1,-1,3,1
201301HT20011,2,9,0,3,0,1,0,0,0,0,4,1,6,3,-1,-1,-1,-1,-1,-1
201301HT20012,1,9,0,3,0,8,0,0,0,0,4,1,6,1,6,-1,-1,-1,-1,-1
201301HT20012,2,1,0,15,0,8,0,0,0,0,3,1,6,1,5,-1,-1,-1,1,1
201301HT20013,1,1,0,18,0,8,0,0,0,0,1,1,6,1,7,-1,-1,-1,1,1
201301HT20013,2,9,0,7,0,8,0,0,0,0,4,1,6,3,-1,-1,-1,-1,-1,-1
201301HT20015,1,19,0,1,0,2,0,0,0,0,2,1,1,1,5,2287,2,2,4,1
201301HT20016,1,4,0,18,0,1,0,0,0,0,1,1,6,1,8,124,1,5,9,1
201301HT20016,2,9,0,18,0,2,0,0,0,0,1,1,6,3,-1,-1,-1,-1,-1,-1
201301HT20017,1,9,0,18,0,1,0,10,1,10,1,1,6,2,6,-1,-1,-1,-1,-1
201301HT20019,1,9,0,18,0,2,0,0,0,0,1,1,6,1,6,2993,2,7,6,1
201301HT20020,1,8,0,18,0,8,0,0,0,0,3,1,1,1,6,1995,2,1,5,1
201301HT20020,2,19,0,18,0,8,0,0,0,0,1,1,1,1,7,2261,7,5,2,1
201301HT20021,1,4,0,18,0,8,0,0,0,0,4,1,6,1,6,249,1,1,1,1
201301HT20021,2,9,0,18,0,8,0,0,0,0,1,1,1,1,9,1686,2,4,4,1
201301HT20022,1,19,0,5,0,1,0,0,0,0,3,1,1,1,6,2143,2,2,3,1
201301HT20022,2,4,0,13,0,1,0,0,0,0,4,1,6,1,6,124,1,7,2,1
201301HT20023,1,9,0,18,0,8,0,0,0,0,3,1,6,1,6,1598,1,10,2,1
201301HT20023,2,9,0,9,0,8,0,0,0,0,1,1,6,1,6,1399,2,3,1,1
201301HT20024,1,9,0,18,0,8,0,0,0,0,1,1,6,1,6,1587,1,15,7,1
201301HT20024,2,9,0,9,0,8,0,0,0,0,4,1,6,1,7,1997,1,10,3,1
201301HT20025,1,3,0,4,0,1,0,0,0,0,1,1,6,1,6,-1,-1,-1,1,1
201301HT20026,1,11,0,18,0,8,0,0,0,0,0,1,6,1,8,4500,2,4,2,1
201301HT20029,1,9,0,4,0,1,0,0,0,0,3,1,6,1,7,1329,1,2,9,1
201301HT20029,2,19,0,11,0,1,0,0,0,0,4,1,1,1,7,2300,2,7,3,1
201301HT20030,1,90,0,18,0,8,0,0,0,0,4,1,1,1,-1,-1,-1,-1,-1,-1
201301HT20030,2,9,0,7,0,8,0,0,0,0,1,1,6,1,8,1796,1,7,1,1
201301HT20031,1,9,0,18,0,1,0,0,0,0,1,1,6,3,-1,-1,-1,-1,-1,-1
201301HT20032,1,11,0,5,0,8,0,0,0,0,1,1,1,1,8,-1,-1,-1,2,1
201301HT20033,1,1,0,18,0,8,0,0,0,0,2,1,6,1,6,-1,-1,-1,5,1
201301HT20033,2,9,0,13,0,8,0,0,0,0,1,1,6,1,-1,-1,-1,-1,-1,-1
201301HT20036,1,9,0,18,0,2,0,0,0,0,1,1,6,3,-1,1798,1,11,-1,-1
201301HT20037,1,9,0,18,0,2,0,0,0,0,1,1,6,2,7,1796,1,9,5,1
201301HT20038,1,1,0,18,0,8,0,0,0,0,1,1,6,1,6,-1,-1,-1,1,1
201301HT20038,2,9,0,7,0,8,0,0,0,0,3,1,6,3,-1,-1,-1,-1,-1,-1
201301HT20039,1,9,0,9,0,8,0,0,0,0,4,1,1,1,8,-1,-1,-1,2,1
201301HT20039,2,9,0,18,0,8,0,0,0,0,1,1,6,1,6,-1,-1,-1,5,1
201301HT20041,1,11,0,4,0,8,0,0,0,0,0,1,1,1,6,4500,2,1,3,1
201301HT20042,1,9,0,7,0,8,0,0,0,0,2,1,6,1,8,-1,-1,-1,1,1
201301HT20042,2,9,0,9,0,8,0,0,0,0,1,1,6,1,5,1560,2,1,1,1
201301HT20043,1,9,0,18,0,1,0,0,0,0,2,1,6,1,8,-1,-1,-1,2,1
201301HT20043,2,9,0,18,0,1,1,0,0,0,1,1,6,3,-1,-1,-1,-1,-1,-1
201301HT20044,1,19,0,9,4,2,0,0,0,0,1,1,1,1,7,2402,2,3,2,1
201301HT20044,2,1,0,18,4,1,0,0,0,0,1,1,6,1,5,-1,-1,-1,1,1
201301HT20045,1,1,0,18,0,8,0,0,0,0,4,1,6,1,6,-1,-1,-1,2,1
201301HT20045,2,9,0,7,0,8,0,0,0,0,1,1,6,2,4,1198,1,7,3,1
201301HT20046,1,3,0,18,0,8,0,0,0,0,1,1,6,1,9,1170,1,4,10,2
201301HT20046,2,1,0,9,0,8,0,0,0,0,4,1,6,2,5,-1,-1,-1,-1,-1
201301HT20049,1,9,0,7,0,8,0,0,0,0,4,1,6,3,-1,2967,2,6,-1,-1
201301HT20049,2,1,0,18,0,8,0,0,0,0,1,1,6,1,6,-1,-1,-1,2,1
201301HT20050,1,9,0,6,0,1,0,0,0,0,3,1,6,1,6,2143,2,1,2,1
201301HT20050,2,1,0,18,0,2,0,0,0,0,1,1,6,1,6,-1,-1,-1,4,1
201301HT20051,1,5,0,18,0,1,0,0,0,0,1,1,6,1,5,1000,1,4,7,1
201301HT20053,1,9,0,18,0,1,0,0,0,0,1,1,6,3,-1,-1,-1,-1,-1,-1
201301HT20054,1,9,0,18,0,1,0,0,0,0,1,1,6,1,7,-1,-1,-1,1,1
201301HT20055,1,1,0,9,0,8,0,0,0,0,4,1,6,1,7,-1,-1,-1,3,1
201301HT20055,2,3,0,18,0,8,0,0,0,0,1,1,6,3,-1,125,1,10,-1,-1
201301HT20057,1,9,0,3,0,8,0,0,0,0,1,1,1,1,6,1997,2,2,1,1
201301HT20057,2,9,0,1,0,8,0,0,0,0,2,1,6,1,-1,1596,1,6,-1,-1
201301HT20058,1,1,0,18,0,1,0,0,0,0,3,1,6,1,7,-1,-1,-1,3,1
201301HT20058,2,19,0,11,0,1,0,0,0,0,4,1,6,3,-1,-1,-1,-1,-1,-1
201301HT20059,1,3,0,17,0,0,0,0,0,0,1,1,1,1,6,125,1,5,3,1
201301HT20059,2,9,0,1,0,0,0,0,0,0,3,1,2,1,8,1560,2,4,8,1
201301HT20061,1,9,0,18,0,8,0,0,0,0,3,1,2,1,8,1896,2,8,4,1
201301HT20061,2,21,0,7,0,8,1,0,0,0,4,1,1,1,8,12777,2,2,-1,-1
201301HT20063,1,9,0,18,0,0,0,0,0,0,1,1,6,3,-1,-1,-1,-1,-1,-1
201301HT20064,1,9,0,16,0,0,1,10,1,10,4,1,6,1,5,-1,-1,-1,2,1
201301HT20065,1,5,0,3,0,8,0,0,0,0,2,1,2,1,8,670,1,1,-1,-1
201301HT20065,2,9,0,18,0,8,0,0,0,0,1,1,6,1,-1,2497,1,7,5,1
201301HT20066,1,9,0,9,0,8,0,0,0,0,3,1,1,1,9,2149,2,6,1,1
201301HT20066,2,9,0,18,0,8,0,0,0,0,1,1,6,1,8,-1,-1,-1,6,1
201301HT20068,1,9,0,12,0,8,0,0,0,0,1,1,1,1,6,1390,1,7,-1,-1
201301HT20068,2,9,0,18,0,8,0,0,0,0,2,1,6,1,8,-1,-1,-1,2,1
201301HT20069,1,9,0,18,0,8,1,7,0,0,1,1,6,1,4,1596,1,12,4,1
201301HT20070,1,2,0,14,0,2,0,8,0,0,1,1,1,1,5,125,1,4,3,1
201301HT20070,2,9,0,2,0,2,0,0,0,0,3,1,6,1,7,1796,7,10,2,1
201301HT20071,1,9,0,12,0,0,0,0,0,0,1,1,6,1,5,-1,-1,-1,2,1
201301HT20071,2,9,0,13,0,0,0,0,0,0,1,1,6,1,6,-1,-1,-1,2,1
201301HT20072,1,9,0,16,0,8,5,0,0,0,3,1,6,1,6,1598,1,1,1,1
201301HT20072,2,9,0,18,0,8,0,0,0,0,0,1,6,3,-1,-1,-1,-1,-1,-1
201301HT20073,1,8,0,18,0,0,0,0,0,0,1,1,1,1,8,2402,2,9,7,1
201301HT20073,2,9,0,18,0,0,0,0,0,0,1,1,6,1,-1,-1,-1,-1,-1,-1
201301HT20075,1,8,0,18,0,0,0,0,0,0,1,1,1,1,7,1339,8,5,1,1
201301HT20076,1,3,0,4,0,0,0,0,0,0,1,1,6,1,5,124,1,2,1,1
201301HT20076,2,9,0,6,0,0,0,0,0,0,4,1,6,1,7,2148,2,6,1,1
201301HT20077,1,19,0,7,4,8,0,0,0,0,4,1,1,1,7,1360,1,6,2,1
201301HT20077,2,1,0,18,4,8,0,0,0,0,1,1,1,2,5,-1,-1,-1,2,1
201301HT20078,1,3,0,18,0,8,0,0,0,0,1,1,6,1,7,125,1,7,-1,-1
201301HT20080,1,9,0,4,0,1,0,0,0,0,2,1,6,1,6,2698,2,5,10,1
201301HT20080,2,9,0,4,0,1,0,0,0,0,2,1,6,2,5,1390,1,6,-1,-1
201301HT20080,3,9,0,4,0,1,0,0,0,0,1,1,6,2,5,1240,1,3,5,1
201301HT20081,1,19,0,4,0,1,0,0,0,0,2,1,1,1,7,1896,2,16,5,1
201301HT20081,2,9,0,18,0,1,0,0,0,0,1,1,6,2,-1,1598,1,7,-1,-1
201301HT20085,1,9,0,3,0,1,0,0,0,0,2,1,6,2,6,1242,1,2,3,1
201301HT20085,2,9,0,4,0,1,0,0,0,0,1,1,1,1,-1,-1,-1,-1,-1,-1
201301HT20086,1,9,0,18,0,8,0,0,0,0,4,1,6,1,6,2993,2,6,1,1
201301HT20086,2,9,0,18,0,8,0,0,0,0,1,1,6,1,-1,1796,1,10,-1,-1
201301HT20087,1,1,0,18,0,8,0,0,0,0,1,1,6,1,4,-1,-1,-1,1,1
201301HT20087,2,9,0,7,0,8,0,0,0,0,4,1,6,1,-1,1997,1,13,1,1
201301HT20088,1,9,0,9,0,8,0,0,0,0,1,1,6,2,6,1498,1,8,2,1
201301HT20088,2,9,0,9,0,8,0,0,0,0,1,1,6,1,8,1796,1,17,2,1
201301HT20089,1,1,0,18,0,8,0,0,0,0,3,1,2,2,7,-1,-1,-1,3,1
201301HT20089,2,8,0,7,0,8,0,0,0,0,1,1,6,1,-1,1896,2,5,-1,-1
201301HT20090,1,9,0,12,0,8,0,0,0,0,1,1,6,1,8,-1,-1,-1,2,2
201301HT20090,2,5,0,18,0,8,0,0,0,0,1,1,6,1,6,-1,-1,-1,1,1
201301HT20091,1,3,0,18,0,0,0,0,0,0,1,1,6,1,7,124,1,3,1,1
201301HT20091,2,9,0,11,0,0,0,0,0,0,4,1,6,1,7,1796,1,8,2,1
201301HT20092,1,1,0,18,0,8,0,0,0,0,1,1,6,1,7,-1,-1,-1,-1,-1
201301HT20092,2,9,0,7,0,8,0,0,0,0,1,1,6,1,7,1596,1,11,-1,-1
201301HT20094,1,11,0,4,0,0,0,0,0,0,0,1,1,1,7,8268,2,12,1,1
201301HT20095,1,9,0,18,0,2,0,0,0,0,1,1,6,1,5,1364,1,7,1,1
201301HT20095,2,9,0,18,0,1,0,0,0,0,0,1,6,3,-1,-1,-1,-1,-1,-1
201301HT20096,1,8,0,3,0,8,0,0,0,0,2,1,1,1,9,2499,2,6,9,1
201301HT20096,2,9,0,18,0,8,0,0,0,0,1,1,6,1,7,1910,2,8,-1,-1
201301HT20097,1,1,0,18,0,8,0,0,0,0,3,1,6,1,6,-1,-1,-1,1,1
201301HT20097,2,9,0,9,0,8,0,0,0,0,1,1,6,1,-1,1796,1,8,-1,-1
201301HT20098,1,8,0,5,0,0,0,0,0,0,0,1,1,1,8,2143,2,1,4,1
201301HT20099,1,9,0,18,0,0,1,10,5,7,3,1,6,1,8,1998,2,9,1,1
201301HT20099,2,9,0,18,0,0,0,0,0,0,1,1,6,1,7,1781,1,16,2,1
201301HT20100,1,8,0,18,0,8,0,0,0,0,3,1,1,1,7,1686,2,3,2,1
201301HT20100,2,9,0,18,0,8,0,0,0,0,1,1,6,2,5,1596,1,6,1,1
201301HT20101,1,3,0,13,0,8,0,0,0,0,3,1,1,1,9,124,1,9,3,1
201301HT20101,2,9,0,9,0,8,0,0,0,0,1,1,6,1,6,1598,1,14,-1,-1
201301HT20103,1,9,0,18,0,8,0,10,1,10,1,1,6,1,6,2148,2,5,1,1
201301HT20103,2,9,0,9,0,8,0,0,0,0,0,1,6,3,-1,-1,-1,-1,-1,-1
201301HT20104,1,1,0,18,0,8,0,0,0,0,0,1,6,2,5,-1,-1,-1,2,1
201301HT20106,1,21,0,11,0,1,0,0,0,0,4,1,1,1,6,6692,2,2,7,1
201301HT20106,2,9,0,18,0,1,0,0,0,0,3,1,6,1,6,-1,-1,-1,2,1
201301HT20107,1,9,0,9,0,8,0,0,0,0,1,1,6,1,5,1598,1,7,4,1
201301HT20107,2,1,0,18,0,8,0,0,0,0,3,1,6,2,6,-1,-1,-1,3,1
201301HT20108,1,9,0,4,0,2,0,0,0,0,2,1,6,1,6,1596,1,5,-1,-1
201301HT20108,2,9,0,4,0,2,0,0,0,0,1,1,6,1,6,2487,2,14,9,1
201301HT20109,1,9,0,4,0,1,0,0,0,0,2,1,6,1,7,1498,1,7,1,1
201301HT20109,2,19,0,4,0,1,0,0,0,0,1,1,1,1,7,2148,2,6,4,1
201301HT20110,1,8,0,9,0,8,0,0,0,0,4,1,1,1,6,1242,1,3,2,1
201301HT20111,1,9,0,18,0,8,0,0,0,0,1,1,6,1,4,1596,1,4,2,1
201301HT20111,2,9,0,9,0,8,0,0,0,0,4,1,6,1,-1,2967,2,2,6,1
201301HT20112,1,8,0,18,0,1,0,0,0,0,2,1,6,2,6,1797,8,1,-1,-1
201301HT20112,2,9,0,18,0,1,0,0,0,0,1,1,6,1,6,1599,1,5,2,1
201301HT20114,1,1,0,14,0,1,0,8,0,0,4,1,2,1,8,-1,-1,-1,4,1
201301HT20114,2,9,0,2,0,1,0,0,0,0,3,1,6,1,-1,1596,1,12,-1,-1
201301HT20115,1,1,0,18,0,8,0,0,0,0,4,1,6,1,6,-1,-1,-1,1,1
201301HT20115,2,9,0,18,0,8,0,0,0,0,1,1,6,3,-1,1796,1,11,-1,-1
201301HT20118,1,9,0,18,0,2,0,0,0,0,1,1,6,3,-1,1248,2,4,-1,-1
201301HT20118,2,3,0,18,0,1,0,0,0,0,1,1,6,1,7,124,1,8,9,1
201301HT20122,1,19,0,3,0,1,0,0,0,0,2,1,1,1,8,1870,2,10,-1,-1
201301HT20122,2,8,0,4,0,1,0,0,0,0,1,1,1,1,8,2148,2,3,9,1
201301HT20123,1,19,0,17,0,8,0,0,0,0,3,1,1,1,6,1364,1,5,2,1
201301HT20123,2,9,0,9,0,8,0,0,0,0,1,1,6,2,6,1388,1,9,4,1
201301HT20124,1,9,0,18,0,1,0,4,0,0,1,1,6,1,-1,3189,1,7,2,1
201301HT20124,2,9,0,2,0,1,0,0,0,0,2,1,6,3,-1,-1,-1,-1,-1,-1
201301HT20125,1,9,0,3,0,1,0,0,0,0,2,1,6,1,6,-1,-1,-1,5,1
201301HT20125,2,1,0,18,0,1,0,0,0,0,1,1,6,1,5,-1,-1,-1,-1,-1
201301HT20126,1,9,0,18,0,8,0,0,0,0,3,1,6,1,9,2499,2,9,1,1
201301HT20128,1,9,0,18,0,1,0,0,0,0,3,1,6,1,9,1995,2,1,9,1
201301HT20131,1,9,0,7,0,2,0,0,0,0,3,1,6,1,8,1995,2,7,3,1
201301HT20132,1,4,0,13,0,1,0,0,0,0,4,1,6,3,-1,-1,-1,-1,-1,-1
201301HT20132,2,1,0,18,0,1,0,0,0,0,3,1,1,1,8,-1,-1,-1,1,1
201301HT20133,1,9,0,18,0,2,0,0,0,0,1,1,6,1,-1,1995,2,3,1,1
201301HT20134,1,9,0,18,0,0,0,0,0,0,1,1,4,1,-1,1600,1,14,-1,-1
201301HT20134,2,19,0,2,0,0,0,0,0,0,0,1,6,3,-1,-1,-1,-1,-1,-1
201301HT20135,1,19,0,18,0,1,0,0,0,0,3,1,6,1,7,-1,-1,-1,3,1
201301HT20136,1,9,0,18,0,8,0,0,0,0,2,1,6,1,8,-1,-1,-1,2,1
201301HT20136,2,5,0,13,0,8,0,0,0,0,1,1,6,1,6,499,1,13,-1,-1
201301HT20138,1,19,0,18,0,0,0,0,0,0,1,1,1,1,6,2151,2,9,1,1
201301HT20138,2,19,0,11,0,0,0,0,0,0,4,1,1,1,-1,-1,-1,-1,-1,-1
201301HT20139,1,9,0,5,0,2,0,0,0,0,4,1,6,3,-1,-1,-1,-1,-1,-1
201301HT20140,1,9,0,10,0,1,0,0,0,0,2,1,6,2,8,1275,1,19,3,1
201301HT20140,2,9,0,18,0,1,0,0,0,0,1,1,6,1,-1,1991,1,13,-1,-1
201301HT20141,1,9,0,18,0,8,0,0,0,0,1,1,6,1,5,-1,-1,-1,9,1
201301HT20141,2,9,0,18,0,8,0,0,0,0,1,1,6,3,-1,-1,-1,-1,-1,-1
201301HT20143,1,9,0,18,0,8,0,0,0,0,1,1,6,1,6,-1,-1,-1,1,1
201301HT20143,2,19,0,9,0,8,0,0,0,0,4,1,6,1,-1,2461,2,2,-1,-1
201301HT20144,1,9,0,4,0,1,0,0,0,0,2,1,6,1,9,1896,2,8,1,1
201301HT20144,2,9,0,4,0,1,0,0,0,0,1,1,6,1,5,1910,2,6,-1,-1
201301HT20145,1,9,0,4,0,8,0,0,0,0,1,1,6,1,7,1984,1,10,5,1
201301HT20145,2,9,0,3,0,8,0,0,0,0,2,1,6,3,-1,-1,-1,-1,-1,-1
201301HT20146,1,19,0,3,0,1,0,0,0,0,2,1,1,1,8,1998,2,7,10,3
201301HT20146,2,9,0,3,0,1,0,0,0,0,2,1,6,1,6,-1,-1,-1,-1,-1
201301HT20146,3,9,0,4,0,1,0,0,0,0,1,1,6,2,5,1299,1,8,6,1
201301HT20147,1,9,0,6,0,0,0,0,0,0,1,1,6,1,6,2987,2,7,4,1
201301HT20148,1,9,0,18,0,2,0,0,0,0,1,1,6,2,5,1796,1,13,1,1
201301HT20148,2,9,0,6,0,1,0,0,0,0,1,1,6,1,5,1598,1,8,3,1
201301HT20149,1,8,0,9,0,8,0,7,0,0,1,1,1,1,7,1910,2,4,1,1
201301HT20150,1,11,0,4,0,8,0,0,0,0,0,1,1,1,8,4250,2,1,3,1
201301HT20151,1,1,0,18,0,8,0,0,0,0,3,1,2,1,6,-1,-1,-1,1,1
201301HT20151,2,9,0,9,0,8,0,0,0,0,1,1,1,1,-1,1242,1,2,2,1
201301HT20152,1,9,0,18,0,0,0,0,0,0,1,1,6,1,-1,1398,1,2,-1,-1
201301HT20152,2,9,0,17,0,0,0,0,0,0,1,1,6,1,5,1999,1,7,5,1
201301HT20153,1,11,0,5,0,8,0,0,0,0,3,1,1,1,9,8268,2,10,2,1
201301HT20153,2,19,0,11,0,8,0,0,0,0,1,1,1,1,-1,-1,-1,-1,-1,-1
201301HT20154,1,9,0,18,0,8,0,0,0,0,1,1,2,2,7,1968,2,6,2,1
201301HT20156,1,9,0,18,0,8,0,0,0,0,1,1,6,2,5,1596,1,13,6,1