Accident_Index,Vehicle_Reference,Vehicle_Type,Towing_and_Articulation,Vehicle_Manoeuvre,Vehicle_Location-Restricted_Lane,Junction_Location,Skidding_and_Overturning,Hit_Object_in_Carriageway,Vehicle_Leaving_Carriageway,Hit_Object_off_Carriageway,1st_Point_of_Impact,Was_Vehicle_Left_Hand_Drive?,Journey_Purpose_of_Driver,Sex_of_Driver,Age_Band_of_Driver,Engine_Capacity_(CC),Propulsion_Code,Age_of_Vehicle,Driver_IMD_Decile,Driver_Home_Area_Type
201301HT20899,1,9,0,18,0,0,0,0,0,0,3,1,6,1,5,1995,2,8,1,1
201301HT20899,2,9,0,11,0,0,0,0,0,0,4,1,6,1,-1,2967,1,11,-1,-1
201301HT20901,1,11,0,4,0,1,0,0,0,0,0,1,1,1,6,6692,2,2,1,1
201301HT20904,1,9,0,18,0,8,0,0,0,0,3,1,6,1,7,1968,2,6,1,1
201301HT20904,2,9,0,18,0,8,0,0,0,0,1,1,6,3,-1,1560,2,1,-1,-1
201301HT20905,1,3,0,4,0,1,0,0,0,0,1,1,6,1,6,-1,-1,-1,5,1
201301HT20906,1,9,0,9,0,8,0,0,0,0,4,1,6,1,-1,2198,1,7,2,1
201301HT20906,2,1,0,18,0,8,0,0,0,0,1,1,6,2,6,-1,-1,-1,-1,-1
201301HT20907,1,19,0,4,0,1,0,0,0,0,2,1,1,1,7,-1,-1,-1,4,1
201301HT20907,2,19,0,18,0,1,0,0,0,0,1,1,6,3,-1,1753,2,10,-1,-1
201301HT20908,1,9,0,3,0,1,0,0,0,0,3,1,1,1,7,1910,2,4,4,1
201301HT20908,2,4,0,14,0,1,0,0,0,0,4,1,1,1,7,279,1,4,7,1
201301HT20909,1,9,0,18,0,1,0,0,0,0,1,1,6,1,6,2993,2,9,-1,-1
201301HT20910,1,9,0,18,0,8,0,0,0,0,1,1,6,1,6,1598,1,4,3,1
201301HT20910,2,4,0,7,0,8,0,0,0,0,3,1,6,1,8,-1,-1,-1,5,3
201301HT20911,1,11,0,2,0,1,0,0,0,0,0,1,1,1,9,4500,2,1,2,1
201301HT20913,1,1,0,18,0,8,0,0,0,0,1,1,6,1,5,-1,-1,-1,10,1
201301HT20913,2,9,0,9,0,8,0,0,0,0,4,1,6,3,-1,-1,-1,-1,-1,-1
201301HT20914,1,9,0,18,0,8,0,0,0,0,1,1,6,1,-1,1997,2,3,-1,-1
201301HT20915,1,19,0,2,0,1,0,0,0,0,3,1,6,1,6,2198,2,-1,4,1
201301HT20915,2,19,0,14,0,1,0,4,0,0,4,1,6,3,-1,2402,2,2,-1,-1
201301HT20916,1,2,0,18,0,1,0,0,0,0,0,1,1,1,4,125,1,6,-1,-1
201301HT20917,1,9,0,4,0,2,0,0,0,0,1,1,6,1,4,1587,1,11,-1,-1
201301HT20917,2,9,0,4,0,2,0,0,0,0,2,1,6,1,8,1796,1,1,2,1
201301HT20918,1,9,0,18,0,2,0,0,0,0,1,1,6,1,6,2996,1,6,1,1
201301HT20918,2,1,0,18,0,2,0,0,0,0,2,1,6,1,5,-1,-1,-1,5,1
201301HT20919,1,9,0,9,0,8,0,0,0,0,3,1,6,1,5,1390,1,9,2,1
201301HT20919,2,5,0,18,0,8,0,0,0,0,1,1,6,1,7,742,1,10,3,1
201301HT20920,1,19,0,18,0,1,0,0,0,0,1,1,6,3,-1,2402,2,7,-1,-1
201301HT20920,2,1,0,18,0,1,0,0,0,0,3,1,6,1,6,-1,-1,-1,3,1
201301HT20921,1,3,0,4,0,1,1,0,0,0,0,1,6,1,6,125,1,6,3,1
201301HT20921,2,8,0,6,0,1,0,0,0,0,0,1,1,1,8,2148,2,4,9,1
201301HT20922,1,1,0,18,0,1,0,0,0,0,2,1,6,1,5,-1,-1,-1,2,1
201301HT20922,2,9,0,13,0,1,0,0,0,0,1,1,6,3,-1,-1,-1,-1,-1,-1
201301HT20923,1,19,0,4,0,1,0,0,0,0,2,1,1,1,6,1598,2,-1,-1,-1
201301HT20923,2,5,0,4,0,1,0,0,0,0,1,1,6,1,5,599,1,4,1,1
201301HT20924,1,9,0,7,0,8,0,0,0,0,4,1,6,1,7,1388,1,4,1,1
201301HT20924,2,1,0,18,0,8,0,0,0,0,1,1,6,2,6,-1,-1,-1,1,1
201301HT20925,1,19,0,11,0,1,0,0,0,0,2,1,1,1,7,2198,2,3,-1,-1
201301HT20925,2,5,0,18,0,1,0,0,0,0,1,1,6,1,5,998,1,5,-1,-1
201301HT20926,1,9,0,3,0,1,0,0,0,0,2,1,6,1,8,1332,1,15,5,1
201301HT20926,2,9,0,4,0,1,0,0,0,0,1,1,6,2,-1,1769,1,12,-1,-1
201301HT20927,1,1,0,18,0,1,0,0,0,0,2,1,6,1,6,-1,-1,-1,2,1
201301HT20927,2,19,0,13,0,1,0,0,0,0,1,1,6,1,-1,2402,2,6,1,1
201301HT20928,1,3,0,18,0,1,0,10,1,5,1,1,6,1,4,124,1,4,2,1
201301HT20929,1,3,0,18,0,1,0,0,0,0,1,1,6,1,6,108,1,2,3,1
201301HT20929,2,9,0,12,0,1,0,0,0,0,2,1,6,1,-1,-1,-1,-1,-1,-1
201301HT20930,1,4,0,18,0,0,0,0,0,0,1,1,6,1,-1,124,1,5,-1,-1
201301HT20931,1,9,0,18,0,1,0,0,0,0,1,1,6,1,6,2698,2,4,2,1
201301HT20933,1,9,0,3,0,1,0,0,0,0,2,1,6,1,6,1984,1,15,-1,-1
201301HT20933,2,9,0,4,0,1,0,0,0,0,1,1,6,3,-1,-1,-1,-1,-1,-1
201301HT20934,1,9,0,18,0,1,0,0,0,0,1,1,6,3,-1,-1,-1,-1,-1,-1
201301HT20935,1,9,0,18,0,8,0,0,0,0,1,1,6,1,-1,1198,1,1,2,1
201301HT20935,2,1,0,7,0,8,0,0,0,0,2,1,6,1,7,-1,-1,-1,-1,-1
201301HT20936,1,5,0,15,0,8,0,0,0,0,1,1,6,1,7,656,1,8,3,1
201301HT20936,2,9,0,7,0,8,0,0,0,0,4,1,6,1,-1,1900,2,15,7,1
201301HT20937,1,9,0,18,0,8,0,0,0,0,1,1,6,3,-1,-1,-1,-1,-1,-1
201301HT20938,1,5,0,18,0,2,0,0,0,0,1,1,6,1,8,647,1,13,-1,-1
201301HT20938,2,19,0,18,0,1,0,0,0,0,4,1,1,1,7,-1,-1,-1,-1,-1
201301HT20938,3,19,0,18,0,1,0,0,0,0,3,1,1,1,8,-1,-1,-1,2,1
201301HT20938,4,19,0,18,0,1,0,0,0,0,2,1,1,1,5,-1,-1,-1,3,1
201301HT20939,1,9,0,18,0,1,0,0,0,0,1,1,6,2,5,1590,1,13,-1,-1
201301HT20940,1,9,0,18,0,1,0,0,0,0,1,1,1,1,-1,-1,-1,-1,5,1
201301HT20941,1,4,0,18,0,8,0,0,0,0,1,1,1,1,7,125,1,7,1,1
201301HT20941,2,9,0,7,0,8,0,0,0,0,3,1,6,3,-1,-1,-1,-1,-1,-1
201301HT20942,1,9,0,18,0,0,0,0,0,0,4,1,6,1,6,1956,2,1,2,1
201301HT20942,2,9,0,5,0,0,0,0,0,0,3,1,6,1,5,1598,2,-1,1,1
201301HT20943,1,9,0,18,0,2,0,0,0,0,1,1,6,1,5,1797,8,2,2,1
201301HT20944,1,9,0,2,0,1,0,0,0,0,2,1,6,1,9,1498,1,6,-1,-1
201301HT20944,2,21,0,4,0,1,0,0,0,0,1,1,6,3,-1,-1,-1,-1,-1,-1
201301HT20945,1,19,0,18,0,1,0,0,0,0,1,1,1,1,7,2400,2,12,4,1
201301HT20946,1,1,0,18,0,8,0,0,0,0,1,1,6,1,6,-1,-1,-1,1,1
201301HT20946,2,9,0,7,0,8,0,0,0,0,3,1,6,1,-1,-1,-1,-1,-1,-1
201301HT20947,1,9,0,4,0,1,0,0,0,0,2,1,6,2,8,1596,1,7,2,1
201301HT20947,2,9,0,4,0,1,0,0,0,0,1,1,6,1,6,1997,2,-1,3,1
201301HT20949,1,9,0,7,0,8,0,0,0,0,3,1,6,2,8,1299,1,17,1,1
201301HT20949,2,1,0,18,0,8,0,0,0,0,1,1,6,2,7,-1,-1,-1,5,1
201301HT20950,1,3,0,18,0,2,0,0,0,0,2,1,1,1,6,125,1,-1,3,1
201301HT20950,2,9,0,18,0,2,0,0,0,0,1,1,1,1,7,2967,2,2,2,1
201301HT20951,1,9,0,6,0,8,0,0,0,0,3,1,6,1,7,1956,2,-1,3,1
201301HT20951,2,5,0,18,0,8,0,0,0,0,1,1,6,1,6,599,1,10,-1,-1
201301HT20952,1,9,0,7,0,8,0,0,0,0,3,1,6,1,6,2171,1,10,-1,-1
201301HT20952,2,1,0,18,0,8,0,0,0,0,1,1,6,1,7,-1,-1,-1,-1,-1
201301HT20953,1,1,0,18,0,1,0,0,0,0,1,1,2,1,5,-1,-1,-1,5,1
201301HT20954,1,9,0,18,0,1,0,0,0,0,1,1,6,2,-1,1997,2,6,-1,-1
201301HT20955,1,9,0,3,0,1,0,0,0,0,2,1,6,1,5,2143,2,1,10,1
201301HT20955,2,9,0,4,0,1,0,0,0,0,1,1,6,3,-1,1796,1,9,-1,-1
201301HT20956,1,9,0,18,0,8,0,0,0,0,1,1,6,3,-1,2495,1,12,-1,-1
201301HT20956,2,9,0,7,0,8,0,0,0,0,3,1,6,1,7,1497,1,13,1,1
201301HT20958,1,9,0,1,0,0,0,0,0,0,2,1,6,3,-1,1118,1,22,-1,-1
201301HT20959,1,9,0,17,0,2,0,0,0,0,1,1,6,3,-1,-1,-1,-1,-1,-1
201301HT20960,1,8,0,4,0,1,0,0,0,0,2,1,1,1,8,1997,2,4,4,1
201301HT20960,2,9,0,4,0,1,0,0,0,0,1,1,6,1,6,1598,2,2,3,1
201301HT20961,1,9,0,18,0,8,0,0,0,0,4,1,6,1,8,3199,1,12,2,1
201301HT20961,2,19,0,18,0,8,0,0,0,0,1,1,6,1,9,2402,2,7,3,1
201301HT20962,1,9,0,4,0,2,0,0,0,0,1,1,6,1,6,1590,1,12,4,1
201301HT20962,2,9,0,4,0,2,0,0,0,0,2,1,6,1,6,1896,2,5,9,1
201301HT20962,3,19,0,4,0,2,0,0,0,0,2,1,1,1,6,1753,2,2,2,1
201301HT20963,1,3,0,4,0,2,0,0,0,0,2,1,6,1,4,107,1,-1,-1,-1
201301HT20963,2,9,0,4,0,2,0,0,0,0,1,1,6,3,-1,-1,-1,-1,-1,-1
201301HT20964,1,9,0,9,0,8,0,0,0,0,4,1,6,1,7,1998,2,8,2,1
201301HT20964,2,5,0,18,0,8,0,0,0,0,1,1,6,1,5,599,1,13,1,1
201301HT20965,1,9,0,18,0,2,0,0,0,0,1,1,6,3,-1,-1,-1,-1,-1,-1
201301HT20965,2,1,0,18,0,2,0,0,0,0,3,1,6,1,3,-1,-1,-1,2,1
201301HT20966,1,8,0,7,0,8,0,0,0,0,3,1,1,1,7,2402,2,9,4,1
201301HT20966,2,3,0,18,0,8,0,0,0,0,1,1,6,1,7,125,1,6,1,1
201301HT20967,1,9,0,18,0,8,0,0,0,0,3,1,6,1,5,-1,-1,-1,2,1
201301HT20967,2,4,0,18,0,8,0,0,0,0,1,1,6,1,6,279,1,5,-1,-1
201301HT20968,1,9,0,9,0,8,0,0,0,0,4,1,6,1,6,1248,2,5,1,1
201301HT20968,2,5,0,18,0,8,0,0,0,0,1,1,6,1,6,649,1,-1,3,1
201301HT20969,1,9,0,7,0,8,0,0,0,0,3,1,6,1,6,-1,-1,-1,-1,-1
201301HT20969,2,1,0,18,0,8,0,0,0,0,1,1,6,1,6,-1,-1,-1,1,1
201301HT20970,1,1,0,18,0,8,0,0,0,0,1,1,6,1,6,-1,-1,-1,2,1
201301HT20970,2,3,0,7,0,8,0,0,0,0,3,1,6,1,5,125,1,4,2,1
201301HT20971,1,9,0,18,0,2,0,0,0,0,1,1,6,1,8,1600,1,9,2,1
201301HT20971,2,9,0,18,0,2,0,0,0,0,2,1,6,1,5,2996,1,6,3,1
201301HT20972,1,11,0,4,0,1,0,0,0,0,0,1,1,1,6,4500,2,2,6,1
201301HT20973,1,9,0,18,0,1,0,0,0,0,1,1,6,1,8,1753,2,5,3,1
201301HT20974,1,9,0,4,0,8,0,0,0,0,1,1,6,1,6,1598,1,13,4,1
201301HT20974,2,1,0,18,0,8,0,0,0,0,2,1,6,2,5,-1,-1,-1,-1,-1
201301HT20975,1,3,0,18,0,8,0,0,0,0,1,1,6,1,6,125,1,8,3,1
201301HT20975,2,9,0,7,0,8,0,0,0,0,3,1,1,1,7,1686,2,-1,6,1
201301HT20976,1,9,0,18,0,1,0,0,0,0,3,1,6,2,5,-1,-1,-1,10,1
201301HT20976,2,9,0,11,0,1,0,0,0,0,4,1,6,1,-1,-1,-1,-1,-1,-1
201301HT20977,1,9,0,18,0,1,0,0,0,0,1,1,6,1,6,1997,2,-1,-1,-1
201301HT20977,2,9,0,18,0,1,0,0,0,0,2,1,6,1,9,1388,1,11,-1,-1
201301HT20978,1,9,0,18,0,1,0,0,0,0,1,1,6,3,-1,1596,1,4,-1,-1
201301HT20978,2,9,0,4,0,1,0,0,0,0,2,1,6,1,7,-1,-1,-1,-1,-1
201301HT20979,1,1,0,18,0,2,0,0,0,0,3,1,6,2,6,-1,-1,-1,2,1
201301HT20979,2,9,0,11,0,2,0,0,0,0,4,1,6,1,7,-1,-1,-1,-1,-1
201301HT20980,1,9,0,18,0,1,0,0,0,0,1,1,6,3,-1,-1,-1,-1,-1,-1
201301HT20980,2,19,0,18,0,1,0,0,0,0,2,1,6,1,8,-1,-1,-1,-1,-1
201301HT20981,1,9,0,18,0,1,0,0,0,0,1,1,6,3,-1,1390,1,8,-1,-1
201301HT20982,1,9,0,9,0,8,0,0,0,0,1,1,6,1,7,-1,-1,-1,2,1
201301HT20983,1,9,0,18,0,1,0,0,0,0,2,1,6,1,8,2231,2,4,4,1
201301HT20983,2,9,0,18,0,1,0,0,0,0,1,1,6,1,-1,1598,1,4,-1,-1
201301HT20984,1,5,0,18,0,8,0,0,0,0,1,1,6,1,7,582,1,1,5,2
201301HT20984,2,19,0,18,0,8,0,0,0,0,1,1,1,1,9,2198,2,6,10,3
201301HT20985,1,9,0,9,0,8,0,0,0,0,4,1,6,1,6,1598,2,3,2,1
201301HT20985,2,1,0,18,0,8,0,0,0,0,1,1,6,2,5,-1,-1,-1,-1,-1
201301HT20986,1,1,0,18,0,8,0,0,0,0,1,1,6,2,7,-1,-1,-1,3,1
201301HT20986,2,8,0,7,0,8,0,0,0,0,3,1,6,1,-1,-1,-1,-1,-1,-1
201301HT20988,1,3,0,4,0,1,0,0,0,0,1,1,1,1,5,107,1,-1,2,1
201301HT20988,2,9,0,3,0,1,0,0,0,0,2,1,6,1,7,-1,-1,-1,1,1
201301HT20989,1,9,0,18,0,1,0,7,0,0,1,1,6,1,7,2171,1,10,5,1
201301HT20990,1,9,0,18,0,1,0,0,0,0,1,1,6,3,-1,1598,1,11,-1,-1
201301HT20991,1,19,0,18,0,1,0,0,0,0,1,1,1,1,7,2148,2,6,1,1
201301HT20992,1,9,0,18,0,2,0,0,0,0,1,1,6,1,6,1600,1,20,2,1
201301HT20992,2,1,0,18,0,2,0,0,0,0,3,1,6,1,-1,-1,-1,-1,2,1
201301HT20993,1,5,0,18,0,1,0,0,0,0,1,1,6,1,6,1157,1,6,10,2
201301HT20994,1,9,0,5,0,8,0,0,0,0,1,1,6,3,-1,-1,-1,-1,-1,-1
201301HT20995,1,9,0,3,0,1,0,0,0,0,2,1,1,1,7,1753,2,3,2,1
201301HT20995,2,9,0,4,0,1,0,0,0,0,1,1,6,3,-1,-1,-1,-1,-1,-1
201301HT20996,1,8,0,4,0,2,0,0,0,0,2,1,6,3,-1,-1,-1,-1,-1,-1
201301HT20996,2,1,0,4,0,2,0,0,0,0,1,1,6,1,6,-1,-1,-1,7,1
201301HT20997,1,9,0,1,0,2,0,0,0,0,2,1,6,3,-1,-1,-1,-1,-1,-1
201301HT20998,1,1,0,18,0,8,0,0,0,0,1,1,6,1,4,-1,-1,-1,-1,-1
201301HT20998,2,9,0,18,0,8,0,0,0,0,3,1,6,3,-1,-1,-1,-1,-1,-1
201301HT20999,1,9,0,18,0,1,0,0,0,0,1,1,6,3,-1,1997,2,4,-1,-1
201301HT21000,1,5,0,18,0,8,0,0,0,0,1,1,6,1,6,649,1,5,9,2
201301HT21000,2,9,0,9,0,8,0,0,0,0,4,1,6,1,-1,1399,2,2,8,1
201301HT21001,1,9,0,3,0,8,0,0,0,0,2,1,6,1,9,1999,1,8,1,1
201301HT21001,2,9,0,4,0,8,0,0,0,0,1,1,6,1,-1,1242,1,7,-1,-1
201301HT21002,1,2,0,18,0,8,0,0,0,0,1,1,6,1,6,636,1,10,3,1
201301HT21002,2,9,0,9,0,8,0,0,0,0,3,1,6,3,-1,-1,-1,-1,-1,-1
201301HT21003,1,19,0,9,0,8,0,0,0,0,4,1,6,1,5,2143,2,1,2,1
201301HT21003,2,1,0,18,0,8,0,0,0,0,1,1,6,3,-1,-1,-1,-1,-1,-1
201301HT21004,1,3,0,18,0,1,0,0,0,0,1,1,6,1,5,124,1,1,3,1
201301HT21005,1,9,0,18,0,0,0,0,0,0,2,1,6,1,-1,-1,-1,-1,-1,-1
201301HT21005,2,9,0,18,0,0,0,0,0,0,1,1,6,3,-1,1995,1,7,-1,-1
201301HT21006,1,9,0,18,0,8,0,0,0,0,3,1,6,1,7,-1,-1,-1,-1,-1
201301HT21006,2,3,0,18,0,8,0,0,0,0,1,1,6,1,5,124,1,-1,1,1
201301HT21007,1,9,0,18,0,1,0,0,0,0,1,1,6,3,-1,-1,-1,-1,-1,-1
201301HT21008,1,3,0,3,0,2,0,0,0,0,2,1,6,1,6,125,1,-1,1,1
201301HT21008,2,21,0,4,0,2,0,0,0,0,1,1,1,1,8,-1,-1,-1,-1,-1
201301HT21009,1,9,0,4,0,2,0,0,0,0,2,1,6,2,6,1339,8,1,10,1
201301HT21009,2,19,0,4,0,2,0,0,0,0,1,1,1,1,7,1996,2,2,5,1
201301HT21010,1,3,0,18,0,8,0,0,0,0,1,1,6,1,4,-1,-1,-1,1,1
201301HT21010,2,9,0,6,0,8,0,0,0,0,3,1,6,3,-1,1598,1,1,-1,-1
201301HT21011,1,4,0,18,0,8,0,0,0,0,1,1,6,1,7,649,1,16,-1,-1
201301HT21011,2,9,0,9,0,8,0,0,0,0,3,1,6,1,-1,1999,1,10,1,1
201301HT21012,1,1,0,18,0,1,0,0,0,0,1,1,6,1,6,-1,-1,-1,1,1
201301HT21012,2,9,0,1,0,2,0,0,0,0,2,1,6,1,-1,1686,2,9,-1,-1
201301HT21013,1,9,0,9,0,8,0,0,0,0,3,1,6,1,5,1596,1,8,2,1
201301HT21013,2,2,0,13,0,8,0,0,0,0,1,1,6,1,4,107,1,-1,2,1
201301HT21014,1,9,0,18,0,8,0,0,0,0,4,1,6,2,7,1796,1,9,2,1
201301HT21014,2,9,0,7,0,8,0,0,0,0,1,1,6,2,4,1390,1,9,1,1
201301HT21015,1,9,0,18,0,1,0,0,0,0,1,1,6,3,-1,-1,-1,-1,-1,-1
201301HT21017,1,9,0,9,0,8,0,0,0,0,4,1,6,1,6,1995,1,5,1,1
201301HT21017,2,9,0,14,0,8,0,0,0,0,1,1,6,1,-1,-1,-1,-1,-1,-1
201301HT21018,1,3,0,18,0,8,0,0,0,0,1,1,6,1,6,124,1,6,-1,-1
201301HT21018,2,9,0,7,0,8,0,0,0,0,3,1,6,1,-1,-1,-1,-1,-1,-1
201301HT21019,1,9,0,7,0,8,0,0,0,0,3,1,6,1,5,1388,1,7,1,1
201301HT21019,2,3,0,18,0,8,0,0,0,0,1,1,6,1,7,124,1,10,1,1
201301HT21020,1,9,0,18,0,8,0,0,0,0,4,1,6,1,9,1560,2,2,2,1
201301HT21020,2,9,0,18,0,8,0,0,0,0,1,1,6,1,6,1994,2,11,2,1
201301HT21021,1,1,0,18,0,8,0,0,0,0,3,1,6,2,6,-1,-1,-1,3,1
201301HT21021,2,19,0,7,0,8,0,0,0,0,4,1,6,1,4,1686,2,11,6,1
201301HT21022,1,3,0,18,0,2,0,0,0,0,1,1,6,1,5,-1,-1,-1,4,1
201301HT21023,1,8,0,2,0,2,0,0,0,0,3,1,1,1,8,2967,2,-1,7,1
201301HT21023,2,1,0,14,0,2,0,8,0,0,1,1,6,2,6,-1,-1,-1,2,1
201301HT21024,1,5,0,18,0,1,0,0,0,0,1,1,1,1,5,670,1,-1,4,1
201301HT21025,1,3,0,18,0,8,0,0,0,0,1,1,6,1,6,50,1,-1,2,1
201301HT21025,2,20,0,9,0,8,0,0,0,0,4,1,1,1,7,-1,-1,-1,5,1
201301HT21026,1,9,0,18,0,1,0,0,0,0,1,1,1,1,7,1596,1,8,-1,-1
201301HT21027,1,1,0,18,0,1,0,0,0,0,2,1,6,1,6,-1,-1,-1,1,1
201301HT21027,2,9,0,18,0,1,0,0,0,0,1,1,6,3,-1,-1,-1,-1,-1,-1
201301HT21028,1,1,0,14,0,1,0,8,0,0,1,1,6,1,7,-1,-1,-1,1,1
201301HT21028,2,9,0,2,0,1,0,0,0,0,3,1,6,3,-1,-1,-1,-1,-1,-1
201301HT21029,1,11,0,5,0,1,0,0,0,0,0,1,1,1,8,4500,2,1,3,1
201301HT21030,1,9,0,18,0,2,0,0,0,0,4,1,1,1,8,-1,-1,-1,1,1
201301HT21031,1,9,0,18,0,1,0,0,0,0,1,1,6,3,-1,-1,-1,-1,-1,-1
201301HT21032,1,3,0,18,0,1,0,0,0,0,0,1,6,1,5,125,1,-1,2,1
201301HT21033,1,9,0,3,0,8,0,0,0,0,2,1,6,1,5,1299,1,11,5,1
201301HT21033,2,9,0,4,0,8,0,0,0,0,1,1,6,1,-1,1360,1,13,-1,-1
201301HT21034,1,4,0,18,0,1,0,0,0,0,1,1,6,1,5,125,1,7,2,1
201301HT21035,1,8,0,9,0,8,0,0,0,0,4,1,1,1,8,2148,2,7,3,1
201301HT21035,2,3,0,18,0,8,0,0,0,0,1,1,6,1,6,124,1,8,6,1
201301HT21037,1,9,0,6,0,8,0,0,0,0,3,1,1,1,5,1368,1,1,4,1
201301HT21037,2,3,0,18,0,8,0,0,0,0,1,1,6,1,4,124,1,4,4,1
201301HT21038,1,1,0,18,0,8,0,10,0,0,1,1,6,1,8,-1,-1,-1,2,1
201301HT21040,1,9,0,4,0,2,0,0,0,0,2,1,6,2,8,-1,-1,-1,2,1
201301HT21040,2,9,0,4,0,2,0,0,0,0,1,1,6,1,7,1289,1,14,3,1
201301HT21044,1,19,0,18,0,1,0,0,0,0,1,1,1,1,7,2143,2,2,3,1
201301HT21047,1,9,0,18,0,1,0,0,0,0,1,1,6,3,-1,-1,-1,-1,-1,-1
201301HT21049,1,9,0,9,0,8,0,0,0,0,4,1,6,1,8,1796,1,6,2,1
201301HT21049,2,1,0,1,0,8,0,0,0,0,1,1,6,1,9,-1,-1,-1,2,1
201301HT21055,1,19,0,1,0,2,0,0,0,0,2,1,6,1,7,2198,2,4,2,1
201301HT29002,1,9,0,9,0,8,0,0,0,0,4,1,6,1,4,1598,1,7,-1,-1
201301HT29002,2,1,0,18,0,8,0,0,0,0,1,1,6,2,5,-1,-1,-1,-1,-1
201301HT29010,1,9,0,9,0,8,0,0,0,0,4,1,6,1,5,1390,1,1,1,1
201301HT29010,2,9,0,18,0,8,0,0,0,0,1,1,6,1,7,1762,1,14,1,1
201301HT29034,1,9,0,4,0,2,0,0,0,0,2,1,1,1,6,-1,-1,-1,3,1
201301HT29034,2,5,0,4,0,2,0,0,0,0,2,1,1,1,-1,-1,-1,-1,-1,-1
201301HT29034,3,9,0,4,0,2,0,0,0,0,1,1,6,1,8,1582,2,1,2,1
201301HT29047,1,2,0,18,0,1,0,0,0,0,1,1,1,1,7,125,1,8,-1,-1
201301HT29047,2,9,0,6,0,1,0,0,0,0,3,1,6,1,7,1910,2,5,-1,-1
201301HT29055,1,9,0,2,0,0,0,0,0,0,3,1,1,1,-1,1984,2,2,4,1
201301HT29055,2,1,0,14,0,0,0,8,0,0,1,1,6,2,6,-1,-1,-1,9,1
201301HT29063,1,4,0,18,0,2,0,0,0,0,1,1,6,1,6,499,1,12,1,1
201301HT29063,2,1,0,18,0,1,0,0,0,0,1,1,6,1,-1,-1,-1,-1,7,1
201301HT29065,1,19,0,4,0,1,0,0,0,0,2,1,1,1,-1,1968,2,-1,-1,-1
201301HT29065,2,3,0,4,0,1,0,0,0,0,1,1,6,1,8,-1,-1,-1,-1,-1
201301HT29081,1,9,0,5,0,1,0,0,0,0,1,1,6,1,8,2000,2,12,5,1
201301HT29081,2,2,0,3,0,1,0,0,0,0,2,1,6,2,7,-1,-1,-1,3,1
201301HT29137,1,1,0,18,0,0,0,0,0,0,3,1,6,1,-1,-1,-1,-1,3,1
201301HT29137,2,9,0,13,0,0,0,0,0,0,4,1,6,1,-1,-1,-1,-1,-1,-1
201301HT29176,1,5,0,18,0,8,0,0,0,0,1,1,2,1,6,599,1,1,3,1
201301HT29176,2,9,0,9,0,8,0,0,0,0,4,1,1,1,10,1995,2,-1,3,2
201301ID60002,1,11,0,7,0,8,0,0,0,0,4,1,6,1,6,8268,2,12,3,1
201301ID60002,2,3,0,18,0,8,0,0,0,0,1,1,6,1,9,-1,-1,-1,3,1
201301ID60003,1,9,0,18,0,2,0,0,0,0,1,1,6,1,5,1199,1,12,-1,-1
201301ID60003,2,9,0,12,0,2,0,0,0,0,2,1,6,2,6,1360,1,8,4,1
201301ID60005,1,9,0,9,0,8,0,0,0,0,3,1,6,2,8,-1,-1,-1,8,1
201301ID60005,2,3,0,18,0,8,0,0,0,0,1,1,6,1,6,125,1,5,10,1
201301ID60007,1,9,0,4,0,1,1,0,0,0,3,1,6,2,7,1587,1,6,10,1
201301ID60007,2,11,0,13,0,1,0,0,0,0,4,1,1,3,-1,-1,-1,-1,-1,-1
201301ID60008,1,9,0,18,0,8,0,0,0,0,1,1,6,1,6,1995,2,4,4,1
201301ID60008,2,9,0,9,0,8,0,0,0,0,3,1,6,1,8,1984,2,7,4,1
201301ID60009,1,9,0,3,0,0,0,0,0,0,2,1,2,1,8,2993,2,9,8,2
201301ID60009,2,9,0,3,0,0,0,0,0,0,2,1,2,2,8,-1,-1,-1,5,1
201301ID60009,3,9,0,18,0,0,0,0,0,0,1,1,1,2,7,1461,2,1,9,1
201301ID60010,1,9,0,18,0,0,2,10,0,0,4,1,6,1,7,1200,1,1,-1,-1
201301ID60012,1,9,0,18,0,8,0,0,0,0,1,1,1,1,7,1560,2,3,6,1
201301ID60012,2,9,0,18,0,8,0,0,0,0,1,1,1,1,8,1995,2,4,-1,-1
201301ID60012,3,21,0,18,0,8,0,0,0,0,3,1,1,1,-1,12419,2,1,5,1
201301ID60013,1,9,0,7,0,8,0,0,0,0,3,1,6,1,11,1905,2,15,-1,-1
201301ID60013,2,9,0,17,0,8,0,0,0,0,1,1,6,2,10,1229,1,4,-1,-1
201301ID60015,1,11,0,5,2,8,0,0,0,0,0,1,1,1,8,9000,2,4,8,1
201301ID60016,1,9,0,13,0,1,0,0,0,0,1,1,1,1,7,1598,2,2,-1,-1
201301ID60016,2,9,0,5,0,1,0,0,0,0,2,1,6,1,-1,1968,2,4,-1,-1
201301ID60019,1,8,0,4,0,8,0,0,0,0,2,1,1,1,6,1798,8,-1,-1,-1
201301ID60019,2,9,0,18,0,8,0,0,0,0,1,1,2,2,-1,1242,1,1,7,1
201301ID60020,1,21,1,7,0,8,0,0,0,0,4,1,1,1,9,10518,2,5,3,1
201301ID60020,2,9,0,18,0,8,0,0,7,0,3,1,2,1,8,1598,1,12,6,1
201301ID60021,1,5,0,9,0,8,0,9,7,7,1,1,1,1,6,1199,1,12,-1,-1
201301ID60023,1,9,0,17,0,8,0,0,0,0,1,1,2,2,6,1328,1,3,4,1
201301ID60023,2,9,0,18,0,8,0,0,0,0,1,1,1,1,9,-1,-1,-1,4,1
201301ID60024,1,5,0,17,0,8,0,0,0,0,1,1,6,1,9,-1,-1,-1,6,1
201301ID60024,2,9,0,17,0,8,0,0,0,0,2,1,6,2,9,2967,2,3,10,3
201301ID60027,1,5,0,12,0,2,0,0,0,0,1,1,2,1,6,675,1,3,4,1
201301ID60027,2,9,0,18,0,2,0,0,0,0,2,1,2,1,6,999,1,4,4,1
201301ID60032,1,8,0,4,0,0,0,4,0,0,1,1,1,1,9,2987,2,2,5,1