Accident_Index,Vehicle_Reference,Vehicle_Type,Towing_and_Articulation,Vehicle_Manoeuvre,Vehicle_Location-Restricted_Lane,Junction_Location,Skidding_and_Overturning,Hit_Object_in_Carriageway,Vehicle_Leaving_Carriageway,Hit_Object_off_Carriageway,1st_Point_of_Impact,Was_Vehicle_Left_Hand_Drive?,Journey_Purpose_of_Driver,Sex_of_Driver,Age_Band_of_Driver,Engine_Capacity_(CC),Propulsion_Code,Age_of_Vehicle,Driver_IMD_Decile,Driver_Home_Area_Type
201301ID60033,1,8,0,3,0,0,0,0,0,0,2,1,1,1,6,2143,2,1,2,1
201301ID60033,2,8,0,18,0,0,0,0,0,0,1,1,1,1,6,3222,2,9,4,1
201301ID60037,1,5,0,18,0,8,0,0,0,0,4,1,1,1,8,1130,1,11,10,3
201301ID60037,2,19,0,6,0,8,0,0,0,0,3,1,1,1,8,-1,-1,-1,9,1
201301ID60038,1,5,0,18,0,8,1,0,0,0,4,1,2,1,6,-1,-1,-1,1,1
201301ID60039,1,11,0,2,0,2,0,0,0,0,2,1,1,1,7,-1,-1,-1,5,1
201301ID60039,2,1,0,18,0,2,0,4,0,0,1,1,2,1,7,-1,-1,-1,5,1
201301ID60040,1,9,0,3,0,1,0,0,0,0,2,1,2,1,7,-1,-1,-1,9,1
201301ID60040,2,8,0,18,0,1,1,0,0,0,1,1,1,1,7,2664,2,15,4,1
201301ID60041,1,11,0,18,0,2,0,0,0,0,3,1,1,1,7,11000,2,8,8,1
201301ID60042,1,8,0,11,0,8,0,0,0,0,4,1,1,1,7,1797,8,2,2,1
201301ID60042,2,9,0,18,0,8,0,0,0,0,3,1,6,2,6,998,1,7,-1,-1
201301ID60044,1,19,0,18,0,8,5,7,3,1,4,1,1,1,6,1997,2,8,10,1
201301ID60044,2,19,4,9,0,8,0,0,0,0,1,1,1,1,7,-1,-1,-1,-1,-1
201301ID60044,3,11,0,3,0,1,0,0,0,0,3,1,1,1,8,12000,2,6,4,1
201301ID60045,1,5,0,13,0,2,0,0,0,0,4,1,2,1,8,781,1,11,10,1
201301ID60045,2,8,0,6,0,2,0,0,0,0,3,1,2,1,-1,2179,2,8,-1,-1
201301ID60046,1,9,0,9,0,8,0,0,0,0,4,1,6,1,6,1781,1,12,-1,-1
201301ID60046,2,9,0,18,0,8,0,0,0,0,1,1,6,1,10,2184,2,10,4,1
201301ID60047,1,8,0,4,0,8,0,0,0,0,1,1,6,1,7,2664,2,12,7,1
201301ID60048,1,9,0,4,0,8,0,0,0,0,2,1,2,2,5,1229,1,6,7,1
201301ID60048,2,9,0,4,0,8,1,0,0,0,1,1,2,1,5,1686,2,6,6,1
201301ID60054,1,1,0,18,0,8,0,0,0,0,4,1,2,1,7,-1,-1,-1,4,1
201301ID60054,2,9,0,18,0,8,0,0,0,0,0,1,6,1,6,1461,2,2,-1,-1
201301ID60055,1,9,0,18,0,8,0,0,0,0,1,1,6,1,7,2967,1,11,-1,-1
201301ID60055,2,9,0,9,0,8,0,0,0,0,1,1,6,1,8,1995,2,1,10,1
201301ID60064,1,9,0,4,0,0,0,0,0,0,1,1,6,1,6,1995,2,6,4,1
201301ID60064,2,9,0,4,0,0,0,0,0,0,2,1,6,1,8,2776,2,8,8,1
201301ID60064,3,9,0,4,0,0,0,0,0,0,2,1,6,2,4,2157,1,16,3,1
201301ID60064,4,9,0,4,0,0,0,0,0,0,2,1,6,1,9,1796,1,8,4,1
201301ID60065,1,19,0,18,0,1,0,0,0,0,1,1,1,1,-1,2461,2,2,-1,-1
201301ID69001,1,8,0,18,0,0,0,0,0,0,0,1,1,1,8,1997,2,-1,7,1
201301ID69001,2,1,0,15,0,0,0,0,0,0,0,1,1,1,6,-1,-1,-1,-1,-1
201301JC30001,1,9,0,10,0,1,0,0,0,0,2,1,6,1,5,1299,1,10,7,1
201301JC30001,2,9,0,18,0,1,0,0,0,0,1,1,6,1,-1,2926,2,11,-1,-1
201301JC30002,1,9,0,4,0,1,0,0,0,0,2,1,3,2,7,1598,1,16,2,1
201301JC30002,2,21,2,18,0,1,0,0,0,0,1,1,1,1,7,7201,2,5,6,2
201301JC30003,1,9,0,14,0,0,0,0,0,0,1,1,2,1,6,1598,1,7,6,3
201301JC30003,2,9,0,18,0,0,0,0,0,0,1,1,2,1,7,1360,1,13,3,1
201301JC30004,1,1,0,18,0,1,0,0,0,0,1,1,4,1,-1,-1,-1,-1,-1,-1
201301JC30007,1,1,0,18,0,8,0,0,0,0,1,1,6,1,6,-1,-1,-1,3,1
201301JC30007,2,9,0,9,0,8,0,0,0,0,3,1,6,2,-1,1000,1,13,3,1
201301JC30009,1,3,0,18,0,0,0,0,0,0,4,1,6,1,6,125,1,4,2,1
201301JC30009,2,9,0,5,0,0,0,0,0,0,3,1,6,1,-1,1598,2,2,4,1
201301JC30010,1,9,0,18,0,0,0,0,0,0,1,1,6,1,6,1360,1,8,3,1
201301JC30015,1,19,0,18,0,8,0,0,0,0,4,1,6,1,7,-1,-1,-1,1,1
201301JC30015,2,9,0,18,0,8,0,0,0,0,1,1,6,1,5,1198,1,1,3,1
201301JC30016,1,9,0,3,0,0,0,0,0,0,2,1,3,2,7,1242,1,5,2,1
201301JC30016,2,9,0,18,0,0,0,0,0,0,1,1,6,1,-1,1910,2,8,-1,-1
201301JC30018,1,9,0,7,0,5,0,0,0,0,4,1,2,2,5,1598,1,5,2,1
201301JC30018,2,9,0,18,0,1,0,0,0,0,3,1,2,1,7,1398,1,2,3,1
201301JC30019,1,9,0,4,0,2,0,0,0,0,2,1,6,1,7,1796,1,6,1,1
201301JC30019,2,4,0,18,0,2,0,0,0,0,1,1,6,1,8,249,1,12,2,1
201301JC30020,1,9,0,4,0,1,0,0,0,0,2,1,3,2,6,1984,1,10,2,1
201301JC30020,2,19,0,18,0,1,0,0,0,0,1,1,1,1,-1,2151,2,12,-1,-1
201301JC30021,1,9,0,4,0,1,0,0,0,0,1,1,6,2,4,1124,1,10,4,1
201301JC30021,2,4,0,4,2,1,0,0,0,0,2,1,1,1,6,125,1,5,4,1
201301JC30022,1,9,0,3,0,1,0,0,0,0,2,1,6,1,6,998,1,9,2,1
201301JC30022,2,9,0,4,0,1,0,0,0,0,1,1,6,1,-1,-1,-1,-1,-1,-1
201301JC30024,1,9,0,16,0,1,0,10,1,2,1,1,6,1,6,1461,2,11,2,1
201301JC30025,1,9,0,1,0,1,0,0,0,0,2,1,6,2,-1,1900,2,7,-1,-1
201301JC30026,1,19,0,18,0,1,0,0,0,0,1,1,1,1,6,2488,2,6,8,1
201301JC30029,1,19,0,2,0,0,0,0,0,0,0,1,6,1,7,-1,-1,-1,2,1
201301JC30029,2,9,0,18,0,0,0,0,0,0,4,1,6,3,-1,-1,-1,-1,-1,-1
201301JC30030,1,90,0,18,0,2,0,0,0,0,1,1,6,1,-1,-1,-1,-1,-1,-1
201301JC30030,2,9,0,11,0,2,0,0,0,0,2,1,6,1,8,1598,1,-1,1,1
201301JC30033,1,9,0,18,0,1,0,0,0,0,1,1,6,3,-1,-1,-1,-1,-1,-1
201301JC30034,1,9,0,7,0,8,0,0,0,0,1,1,6,1,7,998,1,13,3,1
201301JC30034,2,9,0,18,0,8,0,0,0,0,4,1,6,2,6,1984,1,12,2,1
201301JC30036,1,9,0,18,0,8,0,0,0,0,1,1,6,2,6,1398,1,13,3,1
201301JC30036,2,9,0,9,0,8,0,0,0,0,1,1,6,1,5,1781,1,10,4,1
201301JC30037,1,11,0,5,0,2,0,0,0,0,0,1,1,1,6,8268,2,9,2,1
201301JC30038,1,9,0,18,0,0,0,0,0,0,1,1,6,1,4,1149,1,10,-1,-1
201301JC30039,1,9,0,3,0,1,0,0,0,0,2,1,2,2,7,1397,1,4,9,1
201301JC30039,2,9,0,4,0,1,0,0,0,0,1,1,6,3,-1,1598,1,8,-1,-1
201301JC30040,1,9,0,3,0,8,0,0,0,0,2,1,6,2,7,1596,1,6,4,1
201301JC30040,2,9,0,4,0,8,0,0,0,0,1,1,6,2,5,599,1,11,2,1
201301JC30043,1,9,0,8,0,1,0,0,0,0,3,1,3,2,6,1686,2,9,3,1
201301JC30043,2,9,0,5,0,1,0,0,0,0,4,1,6,2,-1,1560,2,2,-1,-1
201301JC30045,1,9,0,9,0,8,0,0,0,0,3,1,6,1,8,1797,8,2,1,1
201301JC30045,2,3,0,18,0,8,0,0,0,0,1,1,1,1,5,125,1,8,2,1
201301JC30046,1,9,0,18,0,8,0,0,0,0,1,1,6,1,5,1560,2,1,2,1
201301JC30046,2,1,0,18,0,8,0,0,0,0,3,1,6,1,8,-1,-1,-1,3,1
201301JC30047,1,9,0,18,0,2,0,0,0,0,2,1,2,1,6,1796,1,4,2,1
201301JC30047,2,9,0,18,0,2,0,0,0,0,1,1,2,2,5,-1,-1,-1,8,1
201301JC30048,1,9,0,9,0,2,0,0,0,0,1,1,6,1,5,-1,-1,-1,2,1
201301JC30049,1,19,0,18,0,8,0,0,0,0,1,1,6,1,9,2500,2,7,1,1
201301JC30049,2,9,0,18,0,8,0,0,0,0,4,1,6,1,7,4197,1,8,5,1
201301JC30050,1,1,0,18,0,8,0,0,0,0,3,1,6,1,5,-1,-1,-1,3,1
201301JC30050,2,9,0,13,0,8,0,0,0,0,4,1,6,3,-1,2736,1,11,-1,-1
201301JC30052,1,11,0,18,0,1,0,0,0,0,1,1,1,1,8,8268,2,12,5,1
201301JC30053,1,1,0,18,0,8,0,0,0,0,1,1,2,1,5,-1,-1,-1,5,1
201301JC30053,2,9,0,9,0,8,0,0,0,0,4,1,6,1,5,1749,1,12,3,1
201301JC30054,1,9,0,18,0,8,0,0,0,0,3,1,6,2,6,1796,1,4,2,1
201301JC30054,2,19,0,18,0,8,0,0,0,0,4,1,6,2,7,2198,2,2,3,1
201301JC30055,1,9,0,18,0,1,0,0,0,0,2,1,6,1,7,1968,2,8,2,1
201301JC30055,2,19,0,15,0,1,0,0,0,0,1,1,6,3,-1,1896,2,9,-1,-1
201301JC30057,1,9,0,18,0,8,0,0,0,0,1,1,6,1,7,-1,-1,-1,5,1
201301JC30057,2,9,0,9,0,8,0,0,0,0,3,1,6,1,5,1998,1,12,3,1
201301JC30058,1,9,0,18,0,8,0,0,0,0,4,1,6,2,5,998,1,3,4,1
201301JC30058,2,9,0,9,0,8,0,0,0,0,1,1,6,2,4,1299,1,13,-1,-1
201301JC30060,1,9,0,18,0,8,0,0,0,0,4,1,6,1,5,1242,1,10,3,1
201301JC30060,2,9,0,18,0,1,0,0,0,0,1,1,6,3,-1,1762,1,14,8,1
201301JC30061,1,3,0,17,0,8,0,0,0,0,2,1,6,1,-1,-1,-1,-1,-1,-1
201301JC30061,2,9,0,4,0,8,0,0,0,0,1,1,6,1,8,1896,2,7,5,1
201301JC30062,1,9,0,3,0,8,0,0,0,0,2,1,6,1,9,-1,-1,-1,2,1
201301JC30062,2,9,0,18,0,1,0,0,0,0,1,1,6,1,-1,1998,1,10,5,1
201301JC30063,1,9,0,18,0,8,0,0,0,0,4,1,6,1,6,1794,1,13,2,1
201301JC30063,2,9,0,18,0,8,0,0,0,0,1,1,6,1,9,1762,1,13,3,1
201301JC30064,1,9,0,18,0,0,0,0,0,0,4,1,6,2,7,1493,1,13,2,1
201301JC30065,1,9,0,4,0,8,0,0,0,0,4,1,6,1,11,1498,1,4,2,1
201301JC30068,1,9,0,9,0,8,0,0,0,0,2,1,6,2,9,1560,2,2,1,1
201301JC30068,2,9,0,18,0,8,0,0,0,0,1,1,6,1,5,1360,1,5,4,1
201301JC30069,1,9,0,18,0,8,0,0,0,0,4,1,6,2,11,1951,2,9,6,1
201301JC30069,2,9,0,7,0,8,0,0,0,0,1,1,6,2,8,1998,1,11,6,1
201301JC30070,1,9,0,1,0,8,0,0,0,0,2,1,6,1,7,1396,1,15,2,1
201301JC30071,1,9,0,4,0,0,0,0,0,0,1,1,6,1,9,1995,2,10,3,1
201301JC30072,1,9,0,9,0,8,0,0,0,0,3,1,1,1,8,1997,2,5,3,1
201301JC30072,2,4,0,13,0,8,0,0,0,0,4,1,1,1,6,233,1,16,6,1
201301JC30073,1,9,0,7,0,8,0,0,0,0,1,1,2,1,8,1968,2,2,2,1
201301JC30074,1,10,0,5,0,1,0,0,0,0,1,1,1,1,-1,-1,-1,-1,1,1
201301JC30075,1,9,0,9,0,8,0,0,0,0,4,1,6,2,8,1296,1,13,3,1
201301JC30075,2,3,0,14,0,8,0,0,0,0,1,1,6,1,6,124,1,13,1,1
201301JC30076,1,9,0,18,0,0,0,0,0,0,1,1,6,3,-1,-1,-1,-1,-1,-1
201301JC30077,1,9,0,18,0,1,0,0,0,0,1,1,6,2,-1,-1,-1,-1,-1,-1
201301JC30078,1,9,0,4,0,8,0,0,0,0,1,1,6,1,6,1596,1,10,3,1
201301JC30078,2,1,0,4,0,8,0,0,0,0,4,1,6,1,8,-1,-1,-1,-1,-1
201301JC30079,1,9,0,18,0,1,0,0,0,0,1,1,2,1,7,-1,-1,-1,2,1
201301JC30079,2,9,0,18,0,2,0,0,0,0,2,1,6,1,7,1199,1,11,4,1
201301JC30080,1,9,0,7,0,8,0,4,0,0,1,1,6,1,6,2148,2,12,4,1
201301JC30080,2,9,0,7,0,8,0,0,0,0,3,1,6,1,7,1781,1,13,4,1
201301JC30080,3,9,0,2,0,8,0,0,0,0,3,1,6,3,-1,1994,2,10,-1,-1
201301JC30083,1,19,0,4,0,0,0,0,0,0,1,1,1,1,-1,1896,2,4,-1,-1
201301JC30083,2,9,0,4,0,0,0,0,0,0,2,1,6,1,5,1769,1,11,3,1
201301JC30083,3,19,0,4,0,0,0,0,0,0,1,1,1,1,8,1753,2,4,6,1
201301JC30083,4,9,0,4,0,0,0,0,0,0,1,1,6,1,6,1998,1,3,4,1
201301JC30083,5,19,0,4,0,0,0,0,0,0,1,1,1,1,8,1997,2,7,10,1
201301JC30083,6,19,0,4,0,0,0,0,0,0,1,1,6,1,8,1686,2,9,2,1
201301JC30084,1,9,0,18,0,0,0,0,0,0,1,1,6,1,6,2000,2,9,1,1
201301JC30085,1,19,0,4,0,0,0,0,0,0,2,1,6,1,6,1248,2,8,5,2
201301JC30085,2,9,0,4,0,0,0,0,0,0,1,1,6,1,-1,1900,2,9,4,1
201301JC30086,1,9,0,18,0,0,0,0,0,0,1,1,3,2,7,-1,-1,-1,1,1
201301JC30087,1,1,0,17,0,8,0,0,0,0,4,1,2,2,7,-1,-1,-1,1,1
201301JC30087,2,9,0,7,0,8,0,0,0,0,1,1,6,1,-1,1389,1,12,-1,-1
201301JC30089,1,9,0,4,0,1,0,0,0,0,2,1,6,2,7,1995,2,6,1,1
201301JC30089,2,9,0,18,0,1,0,0,0,0,1,1,6,1,5,1910,2,5,2,1
201301JC30090,1,9,0,18,0,0,0,0,0,0,1,1,2,1,5,1124,1,15,5,1
201301JC30090,2,9,0,4,0,0,0,0,0,0,2,1,6,1,8,1794,1,11,2,1
201301JC30090,3,9,0,4,0,0,0,0,1,0,2,1,6,1,5,1343,1,10,6,1
201301JC30090,4,9,0,4,0,0,0,0,0,0,2,1,1,1,9,-1,-1,-1,2,1
201301JC30091,1,9,0,18,0,2,0,0,0,0,1,1,6,1,6,1596,1,12,3,1
201301JC30092,1,9,0,18,0,0,0,0,0,0,1,1,2,1,8,1896,2,13,4,1
201301JC30093,1,9,0,1,0,0,0,0,0,0,2,1,6,1,-1,1560,2,8,-1,-1
201301JC30095,1,9,0,4,0,1,0,0,0,0,2,1,6,2,6,1296,1,6,2,1
201301JC30095,2,19,0,18,0,1,0,0,0,0,1,1,6,1,-1,-1,-1,-1,3,1
201301JC30097,1,9,0,9,0,2,0,0,0,0,1,1,1,1,7,1968,2,4,5,1
201301JC30098,1,9,0,18,0,0,0,0,0,0,3,1,6,1,5,1753,2,13,2,1
201301JC30098,2,9,0,13,0,0,0,0,0,0,4,1,6,1,-1,2771,1,16,-1,-1
201301JC30099,1,9,0,4,0,1,0,0,0,0,2,1,6,2,8,1332,1,17,3,1
201301JC30099,2,9,0,18,0,1,0,0,0,0,1,1,6,1,-1,2664,2,15,2,1
201301JC30100,1,9,0,18,0,0,0,4,0,0,1,1,6,2,5,1598,1,11,5,1
201301JC30100,2,9,0,2,0,0,0,4,0,0,2,1,6,1,7,1299,1,8,3,1
201301JC30100,3,9,0,2,0,0,0,4,0,0,2,1,6,2,7,1896,2,11,2,1
201301JC30100,4,9,0,2,0,0,0,0,0,0,2,1,6,1,10,1796,1,10,2,1
201301JC30101,1,11,0,7,0,8,0,0,0,0,1,1,1,2,8,4500,2,1,4,3
201301JC30101,2,1,0,18,0,8,0,0,0,0,4,1,6,1,9,-1,-1,-1,-1,-1
201301JC30102,1,19,0,14,0,1,0,0,0,0,4,1,1,1,5,-1,-1,-1,5,1
201301JC30103,1,9,0,18,9,0,0,10,1,2,1,1,6,1,4,2171,1,12,-1,-1
201301JC30104,1,9,0,9,0,8,0,0,0,0,3,1,6,1,8,2148,2,8,2,1
201301JC30104,2,9,0,17,0,8,0,0,0,0,4,1,6,3,-1,1493,1,21,-1,-1
201301JC30106,1,1,0,15,0,0,0,8,0,0,1,1,6,1,7,-1,-1,-1,3,1
201301JC30106,2,9,0,3,0,0,0,0,0,0,4,1,6,1,-1,-1,-1,-1,-1,-1
201301JC30108,1,19,0,9,0,2,0,0,0,0,4,1,2,2,7,1461,2,9,3,1
201301JC30109,1,9,0,1,9,0,0,0,0,0,2,1,6,1,-1,-1,-1,-1,-1,-1
201301JC30110,1,8,0,3,0,1,0,0,0,0,3,1,6,1,7,1910,2,5,3,1
201301JC30110,2,9,0,11,0,1,0,0,0,0,4,1,6,1,-1,1596,1,7,1,1
201301JC30111,1,9,0,9,0,8,0,0,0,0,1,1,6,1,6,1596,1,13,2,1
201301JC30111,2,1,0,18,0,8,0,0,0,0,3,1,2,1,7,-1,-1,-1,2,1
201301JC30112,1,3,0,18,9,1,0,10,1,5,1,1,6,1,5,108,1,4,2,1
201301JC30113,1,9,0,18,0,2,0,0,0,0,3,1,1,1,-1,-1,-1,-1,-1,-1
201301JC30114,1,9,0,4,0,0,0,0,0,0,2,1,2,1,6,1997,2,11,1,1
201301JC30114,2,8,0,18,0,0,0,0,0,0,1,1,6,1,-1,1968,2,4,-1,-1
201301JC30115,1,9,0,18,0,0,0,0,1,0,1,1,6,1,-1,-1,-1,-1,-1,-1
201301JC30116,1,19,0,18,0,0,0,0,0,0,1,1,2,1,5,1870,2,8,4,1
201301JC30116,2,9,0,18,0,0,0,0,0,0,2,1,2,2,8,1397,1,12,-1,-1
201301JC30117,1,9,0,18,0,8,0,0,0,0,1,1,6,1,5,1199,1,12,2,1
201301JC30117,2,9,0,9,0,8,0,0,0,0,4,1,6,1,4,1396,1,12,3,1
201301JC30118,1,8,0,16,0,2,0,4,0,0,1,1,1,1,7,1995,2,9,2,1
201301JC30118,2,9,0,17,0,1,0,0,0,0,1,1,6,1,8,1796,1,13,2,1
201301JC30118,3,9,0,2,0,2,0,0,0,0,4,1,6,1,-1,2499,1,6,3,1
201301JC30118,4,9,0,2,0,2,0,0,1,0,4,1,6,1,-1,1985,1,15,4,1
201301JC30118,5,9,0,2,0,2,0,0,0,0,4,1,6,1,-1,2616,1,7,-1,-1
201301JC30119,1,9,0,4,0,0,0,0,0,0,2,1,6,1,8,1998,1,11,2,1
201301JC30119,2,19,0,4,0,0,0,0,0,0,1,1,6,1,9,-1,-1,-1,-1,-1
201301JC30121,1,9,0,18,0,8,1,0,2,7,1,1,6,1,5,2993,2,5,7,1
201301JC30122,1,3,0,18,0,8,0,0,0,0,1,1,1,1,4,49,1,4,2,1
201301JC30122,2,9,0,9,0,8,0,0,0,0,3,1,6,3,-1,-1,-1,-1,-1,-1
201301JC30123,1,19,0,9,0,8,0,0,0,0,3,1,1,1,8,2148,2,7,1,1
201301JC30123,2,9,0,18,0,8,0,0,0,0,3,1,6,1,4,1598,1,-1,3,1
201301JC30124,1,9,0,7,0,5,0,0,0,0,4,1,2,2,8,1998,1,7,2,1
201301JC30124,2,1,0,18,0,1,0,0,0,0,3,1,2,1,5,-1,-1,-1,3,1
201301JC30125,1,9,0,4,0,1,0,0,0,0,2,1,6,2,5,1242,1,8,1,1
201301JC30125,2,9,0,18,0,1,0,0,0,0,1,1,6,1,-1,1242,1,12,-1,-1
201301JC30126,1,9,0,4,0,0,0,0,0,0,2,1,1,1,6,1360,1,4,7,1
201301JC30126,2,9,0,4,0,0,0,0,0,0,1,1,1,1,7,1686,2,1,1,1
201301JC30126,3,9,0,4,0,0,1,0,0,0,1,1,2,1,7,1587,1,11,1,1
201301JC30126,4,19,0,4,0,0,1,0,0,0,1,1,1,1,8,1868,2,7,3,1
201301JC30128,1,5,0,4,0,2,0,0,0,0,1,1,6,1,5,600,1,19,-1,-1
201301JC30128,2,9,0,4,0,1,0,0,0,0,1,1,6,2,10,1560,2,3,2,1
201301JC30129,1,9,0,4,0,1,0,0,0,0,2,1,6,1,7,1600,1,9,2,1
201301JC30129,2,9,0,18,0,1,0,0,0,0,1,1,6,1,-1,1956,2,3,-1,-1
201301JC30130,1,9,0,3,0,1,0,0,0,0,2,1,6,3,-1,1797,8,4,-1,-1
201301JC30130,2,9,0,4,0,1,0,0,0,0,1,1,6,1,7,1796,1,14,4,1
201301JC30130,3,9,0,3,0,1,0,0,0,0,2,1,6,3,-1,2143,2,2,-1,-1
201301JC30132,1,9,0,4,0,8,0,0,0,0,1,1,1,1,8,1497,8,5,-1,-1
201301JC30132,2,9,0,3,0,8,0,0,0,0,2,1,1,1,7,1497,8,5,1,1
201301JC30134,1,9,0,16,0,2,0,0,0,0,1,1,6,2,-1,998,1,17,3,1
201301JC30136,1,9,0,3,0,2,0,0,0,0,1,1,6,2,-1,1348,1,12,5,1
201301JC30136,2,9,0,18,0,1,0,0,0,0,1,1,6,3,-1,1796,1,10,-1,-1
201301JC30137,1,19,0,18,0,8,0,0,0,0,1,1,6,1,6,1998,2,9,2,1
201301JC30137,2,9,0,4,0,8,0,0,0,0,2,1,1,1,8,1796,1,5,1,1
201301JC30137,3,9,0,4,0,8,0,0,0,0,2,1,6,1,7,1995,2,4,4,1
201301JC30139,1,9,0,18,0,8,0,0,0,0,1,1,6,1,7,1995,2,11,1,1
201301JC30139,2,9,0,9,0,8,0,0,0,0,4,1,6,3,-1,1895,1,14,-1,-1
201301JC30140,1,19,0,9,0,8,0,0,0,0,4,1,1,1,7,-1,-1,-1,-1,-1
201301JC30140,2,9,0,18,0,8,0,0,0,0,1,1,6,1,10,1339,1,10,4,1
201301JC30141,1,9,0,18,0,0,0,0,0,0,1,1,2,1,6,1396,1,16,3,1
201301JC30141,2,3,0,12,0,0,0,0,0,0,3,1,2,1,6,125,1,2,3,1
201301JC30142,1,3,0,18,0,8,0,0,0,0,3,1,2,1,7,125,1,6,7,1
201301JC30142,2,21,1,9,0,8,0,0,0,0,1,2,1,1,-1,-1,-1,-1,-1,-1
201301JC30144,1,11,0,4,0,1,0,0,0,0,0,1,1,1,7,8268,2,12,1,1
201301JC30145,1,9,0,17,0,8,0,7,0,0,1,1,6,1,9,-1,-1,-1,2,1
201301JC30145,2,9,0,16,0,8,0,0,0,0,0,1,6,3,-1,-1,-1,-1,-1,-1
201301JC30146,1,19,0,11,0,2,0,0,0,0,4,1,6,1,8,2402,2,4,-1,-1
201301JC30146,2,11,0,18,0,2,0,0,0,0,3,1,1,1,7,-1,-1,-1,1,1
201301JC30147,1,9,0,18,0,8,0,0,0,0,1,1,6,1,8,2698,2,5,1,1
201301JC30147,2,9,0,18,0,8,0,0,0,0,4,1,6,2,4,1248,2,1,3,1
201301JC30148,1,9,0,4,0,1,0,0,0,0,2,1,6,1,6,1997,1,9,6,1
201301JC30148,2,9,0,4,0,1,0,0,0,0,1,1,6,3,-1,1796,1,12,-1,-1
201301JC30149,1,9,0,18,0,1,0,0,0,0,1,1,6,2,10,1598,1,9,3,1
201301JC30152,1,9,0,1,0,2,0,0,0,0,2,1,6,2,7,3226,2,12,2,1
201301JC30153,1,9,0,4,0,1,0,0,0,0,1,1,6,2,7,3199,1,14,3,1
201301JC30153,2,8,0,4,0,1,0,0,0,0,2,1,6,1,8,1956,2,-1,7,1
201301JC30154,1,9,0,4,0,8,0,0,0,0,2,1,1,1,5,-1,-1,-1,-1,-1
201301JC30154,2,9,0,4,0,8,0,0,0,0,2,1,6,1,6,4398,1,13,3,1
201301JC30154,3,9,0,4,0,8,0,0,0,0,2,1,6,1,8,1560,2,2,3,1
201301JC30154,4,9,0,4,0,8,0,0,0,0,1,1,6,1,6,1796,1,10,-1,-1
201301JC30155,1,9,0,18,0,2,0,0,0,0,1,1,6,3,-1,-1,-1,-1,-1,-1
201301JC30156,1,9,0,3,0,1,0,0,0,0,2,1,6,1,7,1599,1,10,5,1
201301JC30156,2,9,0,4,0,1,0,0,0,0,1,1,6,1,-1,2231,2,7,3,1
201301JC30157,1,9,0,16,0,1,0,0,0,0,1,1,6,1,5,1560,2,1,2,1
201301JC30157,2,1,0,18,0,1,0,0,0,0,3,1,6,1,7,-1,-1,-1,3,1
201301JC30159,1,9,0,18,0,0,0,0,0,0,1,1,6,1,6,1968,2,4,-1,-1
201301JC30160,1,9,0,3,0,1,0,0,0,0,2,1,6,2,4,1229,1,2,2,1
201301JC30160,2,9,0,4,0,1,0,0,0,0,1,1,6,1,6,1896,2,11,3,1
201301JC30161,1,9,0,3,0,1,0,0,0,0,2,1,6,2,8,1398,1,9,4,1
201301JC30161,2,9,0,18,0,1,0,0,0,0,1,1,6,1,-1,1242,1,15,-1,-1
201301JC30162,1,9,0,3,0,1,0,0,0,0,2,1,6,2,7,1686,2,2,8,2
201301JC30162,2,9,0,4,0,1,0,0,0,0,1,1,1,1,8,-1,-1,-1,1,1
201301JC30163,1,9,0,7,0,8,0,0,0,0,4,1,1,1,8,1598,1,-1,2,1
201301JC30163,2,1,0,18,0,8,0,0,0,0,1,1,6,1,8,-1,-1,-1,3,1
201301JC30164,1,9,0,4,0,1,0,0,0,0,2,1,6,1,5,1988,1,13,1,1
201301JC30164,2,9,0,4,0,1,0,0,0,0,1,1,6,1,8,1598,1,9,2,1
201301JC30165,1,9,0,1,0,0,0,0,0,0,2,1,6,1,6,1341,1,12,2,1
201301JC30165,2,19,0,18,0,0,0,0,0,0,1,1,6,1,-1,2300,2,12,-1,-1
201301JC30166,1,11,0,5,0,1,0,0,0,0,0,1,1,1,7,7300,2,8,1,1
201301JC30167,1,9,0,3,0,8,0,0,1,0,2,1,6,1,6,1896,2,8,-1,-1
201301JC30167,2,9,0,4,0,8,0,0,3,1,1,1,6,3,-1,-1,-1,-1,-1,-1
201301JC30168,1,9,0,18,0,2,0,0,0,0,1,1,6,1,6,1896,2,13,6,1
201301JC30168,2,3,0,3,0,2,0,0,0,0,2,1,6,1,5,-1,-1,-1,2,1
201301JC30170,1,9,0,18,0,1,0,0,0,0,2,1,6,2,9,1598,1,9,3,1
201301JC30170,2,9,0,18,0,1,0,0,0,0,1,1,6,3,-1,1396,1,14,-1,-1
201301JC30171,1,9,0,3,0,8,0,0,0,0,3,1,6,1,8,1587,1,18,4,1
201301JC30171,2,9,0,7,0,8,0,0,0,0,1,1,6,3,-1,1124,1,15,-1,-1
201301JC30173,1,9,0,4,0,1,0,0,0,0,2,1,6,1,6,-1,-1,-1,3,3
201301JC30173,2,1,0,4,0,1,0,0,0,0,1,1,6,1,5,-1,-1,-1,3,1
201301JC30174,1,9,0,9,0,8,0,0,0,0,3,1,6,1,6,1598,1,9,2,1
201301JC30174,2,9,0,18,0,8,0,0,0,0,1,1,6,1,7,1998,1,12,2,1
201301JC30176,1,9,0,9,0,2,0,0,0,0,1,1,6,1,8,1461,2,8,2,1
201301JC30176,2,9,0,9,0,2,0,0,0,0,2,1,6,1,8,-1,-1,-1,-1,-1
201301JC30177,1,9,0,4,0,8,0,0,0,0,2,1,6,1,5,1199,1,12,3,1
201301JC30177,2,9,0,4,0,8,0,0,0,0,1,1,6,3,-1,-1,-1,-1,-1,-1
201301JC30178,1,9,0,18,0,8,0,0,0,0,1,1,6,2,7,1242,1,11,5,1