Accident_Index,Vehicle_Reference,Vehicle_Type,Towing_and_Articulation,Vehicle_Manoeuvre,Vehicle_Location-Restricted_Lane,Junction_Location,Skidding_and_Overturning,Hit_Object_in_Carriageway,Vehicle_Leaving_Carriageway,Hit_Object_off_Carriageway,1st_Point_of_Impact,Was_Vehicle_Left_Hand_Drive?,Journey_Purpose_of_Driver,Sex_of_Driver,Age_Band_of_Driver,Engine_Capacity_(CC),Propulsion_Code,Age_of_Vehicle,Driver_IMD_Decile,Driver_Home_Area_Type
201301JC30360,2,9,0,6,0,0,0,0,0,0,3,1,6,2,7,1490,1,7,4,1
201301JC30361,1,1,0,18,0,8,0,0,0,0,1,1,6,2,7,-1,-1,-1,1,1
201301JC30361,2,9,0,7,0,8,0,0,0,0,4,1,6,3,-1,-1,-1,-1,-1,-1
201301JC30363,1,3,0,9,0,8,0,0,0,0,4,1,1,1,6,85,1,13,2,1
201301JC30363,2,9,0,9,0,8,0,0,0,0,3,1,1,1,7,1896,2,4,3,1
201301JC30364,1,9,0,3,0,1,0,0,0,0,2,1,6,2,7,-1,-1,-1,2,1
201301JC30364,2,9,0,4,0,1,0,0,0,0,1,1,6,2,-1,1997,1,12,-1,-1
201301JC30365,1,1,0,18,0,8,0,4,0,0,1,1,6,2,4,-1,-1,-1,-1,-1
201301JC30365,2,9,0,2,0,8,0,0,0,0,2,1,6,1,-1,2987,2,2,2,1
201301JC30366,1,9,0,4,0,8,0,0,1,0,3,1,6,1,5,2494,1,25,4,1
201301JC30366,2,1,0,9,0,8,0,0,0,0,1,1,6,2,3,-1,-1,-1,1,1
201301JC30367,1,9,0,18,0,8,0,0,0,0,3,1,6,1,7,2148,2,8,2,1
201301JC30368,1,9,0,7,0,8,0,0,0,0,4,1,6,1,9,1400,2,7,4,1
201301JC30368,2,3,0,18,2,1,0,0,0,0,1,1,6,1,6,108,1,5,3,1
201301JC30369,1,11,0,3,0,8,0,0,0,0,3,1,1,1,8,9000,2,3,3,1
201301JC30369,2,19,0,14,0,8,0,0,0,0,4,1,1,1,-1,-1,-1,-1,5,1
201301JC30370,1,11,0,4,0,2,0,0,0,0,0,1,1,1,8,7300,2,10,3,1
201301JC30371,1,9,0,9,0,8,0,0,0,0,4,1,6,1,7,1587,1,10,3,1
201301JC30371,2,3,0,18,0,8,0,0,0,0,1,1,1,1,4,85,1,13,3,1
201301JC30373,1,9,0,7,0,8,0,0,0,0,4,1,6,1,8,1397,1,14,2,1
201301JC30373,2,1,0,18,0,8,0,0,0,0,3,1,6,2,7,-1,-1,-1,2,1
201301JC30374,1,9,0,9,0,8,0,0,0,0,1,1,6,1,10,1598,1,15,8,1
201301JC30374,2,1,0,18,0,8,0,0,0,0,3,1,2,1,5,-1,-1,-1,3,1
201301JC30375,1,1,0,7,0,0,0,0,0,0,3,1,6,1,5,-1,-1,-1,1,1
201301JC30375,2,19,0,18,0,0,0,0,1,0,1,1,2,1,8,1296,1,11,10,1
201301JC30376,1,5,0,3,0,0,0,0,0,0,2,1,6,2,8,675,1,5,4,1
201301JC30376,2,9,0,18,0,0,0,0,0,0,1,1,6,1,-1,1397,1,11,1,1
201301JC30377,1,1,0,18,0,1,0,0,0,0,4,1,6,1,7,-1,-1,-1,3,1
201301JC30377,2,9,0,18,0,1,0,0,0,0,1,1,6,3,-1,-1,-1,-1,-1,-1
201301JC30379,1,8,0,5,0,8,0,0,0,0,2,1,1,1,8,1598,1,3,3,1
201301JC30379,2,9,0,18,0,8,0,0,0,0,1,1,6,1,-1,-1,-1,-1,-1,-1
201301JC30381,1,9,0,9,0,8,0,0,0,0,4,1,6,1,8,1598,1,3,6,1
201301JC30381,2,3,0,18,0,8,1,0,0,0,1,1,2,1,4,124,1,-1,3,1
201301JC30382,1,21,1,9,0,8,0,9,0,0,0,1,1,1,9,12580,2,8,4,2
201301JC30382,2,9,0,16,0,8,0,0,0,0,0,1,6,2,8,1390,1,13,3,1
201301JC30383,1,19,0,4,0,8,0,0,0,0,0,1,6,3,-1,1997,2,5,-1,-1
201301JC30383,2,11,0,4,0,8,0,0,0,0,1,1,1,1,8,7300,2,8,1,1
201301JC30384,1,9,0,18,0,0,0,0,0,0,2,1,6,2,10,1299,1,10,2,1
201301JC30384,2,9,0,18,0,0,0,0,0,0,1,1,6,1,-1,1390,1,10,3,1
201301JC30386,1,9,0,18,0,0,0,0,0,0,1,1,6,1,7,3200,1,7,2,1
201301JC30387,1,3,0,18,0,1,0,0,0,0,1,1,6,1,6,124,1,7,-1,-1
201301JC30387,2,19,0,18,0,2,0,0,0,0,1,1,6,1,-1,1686,2,8,-1,-1
201301JC30388,1,9,0,18,0,8,0,0,0,0,2,1,6,1,8,1973,1,14,-1,-1
201301JC30388,2,9,0,18,0,8,0,0,0,0,1,1,6,3,-1,1796,1,15,-1,-1
201301JC30389,1,9,0,1,0,0,0,0,0,0,2,1,6,1,8,1995,2,10,-1,-1
201301JC30392,1,11,0,18,0,8,0,0,0,0,3,1,1,1,6,9000,2,4,2,1
201301JC30392,2,9,0,7,0,8,0,0,0,0,4,1,6,2,-1,1396,1,11,-1,-1
201301JC30393,1,8,0,18,0,0,0,0,0,0,0,1,1,1,8,-1,-1,-1,2,1
201301JC30394,1,9,0,11,0,0,0,0,0,0,3,1,6,2,5,1198,1,2,4,1
201301JC30394,2,9,0,18,0,0,0,0,0,0,4,1,2,1,-1,2521,1,7,-1,-1
201301JC30395,1,9,0,7,2,8,0,0,0,0,4,1,6,1,-1,1995,2,7,2,1
201301JC30395,2,1,0,18,2,8,0,0,0,0,1,1,2,1,7,-1,-1,-1,3,1
201301JC30397,1,9,0,18,0,0,0,0,0,0,1,1,6,1,10,2199,1,18,3,1
201301JC30398,1,9,0,17,0,8,0,0,0,0,3,1,6,1,5,1398,1,10,-1,-1
201301JC30398,2,9,0,17,0,8,0,0,0,0,4,1,6,1,7,2993,2,3,1,1
201301JC30399,1,9,0,9,0,8,0,0,0,0,3,1,6,1,-1,-1,-1,-1,-1,-1
201301JC30399,2,1,0,18,0,8,0,0,0,0,1,1,6,1,6,-1,-1,-1,4,1
201301JC30400,1,9,0,18,0,8,0,0,0,0,3,1,6,2,10,1296,1,7,6,1
201301JC30400,2,1,0,18,0,8,0,0,0,0,1,1,6,1,4,-1,-1,-1,-1,-1
201301JC30401,1,1,0,18,0,8,0,0,0,0,3,1,2,2,6,-1,-1,-1,3,1
201301JC30401,2,9,0,9,0,8,0,0,0,0,1,1,6,1,-1,-1,-1,-1,-1,-1
201301JC30402,1,9,0,1,0,2,0,0,0,0,2,1,6,1,-1,1997,2,6,-1,-1
201301JC30403,1,19,0,3,0,8,0,0,0,0,2,1,2,1,9,1753,2,7,1,1
201301JC30403,2,20,0,18,0,8,0,0,0,0,1,1,1,1,-1,-1,-1,-1,-1,-1
201301JC30404,1,9,0,2,0,1,0,0,0,0,3,1,6,2,7,1149,1,12,-1,-1
201301JC30404,2,1,0,14,0,1,0,8,0,0,1,1,6,1,-1,-1,-1,-1,-1,-1
201301JC30405,1,9,0,3,0,8,0,0,0,0,2,1,6,1,-1,1995,2,7,-1,-1
201301JC30405,2,9,0,18,0,7,0,0,1,0,1,1,6,1,-1,-1,-1,-1,-1,-1
201301JC30406,1,9,0,18,0,0,0,0,0,0,4,1,2,1,5,1800,1,14,4,1
201301JC30406,2,9,0,15,0,0,0,0,1,0,3,1,6,2,-1,1348,1,11,-1,-1
201301JC30407,1,9,0,7,0,5,0,0,0,0,4,1,6,1,6,1598,1,7,4,1
201301JC30407,2,1,0,18,0,1,0,0,0,0,3,1,2,1,6,-1,-1,-1,3,1
201301JC30408,1,9,0,18,0,8,0,0,0,0,3,1,6,1,10,2799,1,15,1,1
201301JC30408,2,9,0,6,0,8,0,0,0,0,1,1,6,1,-1,3936,2,8,-1,-1
201301JC30409,1,1,0,18,0,1,0,0,0,0,1,1,6,2,4,-1,-1,-1,2,1
201301JC30409,2,9,0,18,0,2,0,0,0,0,1,1,6,3,-1,-1,-1,-1,-1,-1
201301JC30410,1,1,0,18,0,8,0,0,0,0,3,1,6,2,8,-1,-1,-1,4,1
201301JC30410,2,9,0,9,0,8,0,0,0,0,1,1,6,1,6,1198,1,11,1,1
201301JC30411,1,2,0,18,0,1,0,0,0,0,4,1,6,1,-1,125,1,4,4,1
201301JC30411,2,9,0,18,0,1,0,0,0,0,2,1,6,1,6,1753,2,7,3,1
201301JC30411,3,9,0,18,0,1,0,0,0,0,3,1,6,2,5,999,1,-1,6,1
201301JC30412,1,1,0,18,0,8,0,0,0,0,1,1,6,1,6,-1,-1,-1,2,1
201301JC30412,2,19,0,9,0,8,0,0,0,0,4,1,6,1,-1,1998,2,8,2,1
201301JC30413,1,1,0,18,0,8,0,0,0,0,3,1,6,1,7,-1,-1,-1,4,1
201301JC30413,2,9,0,9,0,8,0,0,0,0,1,1,6,3,-1,-1,-1,-1,-1,-1
201301JC30414,1,1,0,18,0,1,0,0,0,0,3,1,2,1,8,-1,-1,-1,6,1
201301JC30414,2,9,0,7,0,5,0,0,0,0,4,1,6,3,-1,-1,-1,-1,-1,-1
201301JC30415,1,9,0,3,0,8,0,0,0,0,2,1,6,1,6,1360,1,12,4,1
201301JC30415,2,9,0,4,0,8,0,0,0,0,1,1,6,1,8,-1,-1,-1,-1,-1
201301JC30415,3,9,0,3,0,8,0,0,0,0,2,2,6,1,7,-1,-1,-1,-1,-1
201301JC30417,1,5,0,18,0,8,0,0,0,0,1,1,2,1,8,-1,-1,-1,6,1
201301JC30417,2,9,0,7,0,8,0,0,0,0,3,1,6,1,11,998,1,11,8,1
201301JC30418,1,9,0,18,9,0,0,10,1,2,1,1,6,1,7,1598,1,6,1,1
201301JC30419,1,9,0,18,0,8,0,0,0,0,1,1,6,1,6,1900,2,14,7,1
201301JC30419,2,9,0,9,0,8,0,0,0,0,1,1,6,1,6,1956,2,4,1,1
201301JC30420,1,9,0,18,0,8,0,0,0,0,3,1,6,2,8,1595,1,13,-1,-1
201301JC30420,2,1,0,17,0,8,0,0,0,0,1,1,6,2,7,-1,-1,-1,3,1
201301JC30421,1,9,0,3,0,0,0,0,0,0,2,1,6,1,9,2499,2,14,2,1
201301JC30421,2,9,0,3,0,0,0,0,0,0,2,1,6,1,6,-1,-1,-1,2,1
201301JC30421,3,9,0,18,0,0,0,0,0,0,1,1,6,1,5,1998,1,12,2,1
201301JC30423,1,9,0,18,0,0,0,0,0,0,1,1,6,1,5,1968,2,7,1,1
201301JC30423,2,9,0,4,0,0,0,0,0,0,2,1,6,2,6,1242,1,8,8,1
201301JC30424,1,9,0,16,0,0,0,0,0,0,3,1,6,1,5,1149,1,12,9,1
201301JC30424,2,11,0,17,0,0,0,0,0,0,3,1,1,1,5,6871,2,6,1,1
201301JC30425,1,9,0,18,0,0,0,0,0,0,1,1,6,1,10,-1,-1,-1,5,1
201301JC30425,2,1,0,18,0,0,0,0,0,0,4,1,6,1,3,-1,-1,-1,4,1
201301JC30426,1,1,0,18,0,8,0,0,0,0,3,1,2,1,6,-1,-1,-1,2,1
201301JC30426,2,9,0,9,0,8,0,0,0,0,1,1,6,2,-1,1796,1,6,-1,-1
201301JC30427,1,1,0,18,0,1,0,0,0,0,3,1,6,1,6,-1,-1,-1,8,1
201301JC30427,2,9,0,7,0,5,0,0,0,0,4,1,6,2,-1,1560,2,6,-1,-1
201301JC30428,1,3,0,18,0,0,0,0,0,0,4,1,2,1,6,124,1,5,2,1
201301JC30428,2,9,0,5,0,0,0,0,0,0,3,1,6,1,-1,1598,1,5,-1,-1
201301JC30429,1,9,0,18,0,8,0,10,1,10,1,1,6,1,6,1781,1,13,3,1
201301JC30430,1,9,0,5,0,8,0,0,0,0,1,1,1,1,9,1398,2,1,10,1
201301JC30430,2,9,0,18,0,8,0,0,0,0,2,1,1,1,6,1994,1,22,3,1
201301JC30431,1,9,0,9,0,8,2,4,0,0,1,1,6,2,7,2179,2,2,-1,-1
201301JC30431,2,9,0,2,0,8,0,0,0,0,3,1,6,3,-1,1560,2,2,-1,-1
201301JC30432,1,9,0,4,0,1,0,0,0,0,2,1,6,1,-1,1968,2,10,1,1
201301JC30432,2,19,0,4,0,1,0,0,0,0,2,1,6,3,-1,2402,2,11,-1,-1
201301JC30433,1,11,0,4,0,2,0,0,0,0,0,1,1,1,7,-1,-1,-1,2,1
201301JC30434,1,9,0,9,0,2,0,0,0,0,4,1,3,1,6,1997,2,4,1,1
201301JC30435,1,9,0,18,0,0,0,0,0,0,1,1,6,2,-1,4966,1,8,-1,-1
201301JC30435,2,1,0,18,0,0,0,0,0,0,2,1,6,1,7,-1,-1,-1,-1,-1
201301JC30439,1,9,0,18,0,1,0,0,0,0,1,1,6,1,4,1198,1,10,8,3
201301JC30439,2,9,0,3,0,1,0,0,0,0,2,1,6,1,9,1870,2,11,4,1
201301JC30440,1,3,0,13,0,8,0,0,0,0,1,1,1,1,4,125,1,6,1,1
201301JC30440,2,9,0,10,0,8,0,0,0,0,1,1,6,1,4,1388,1,8,3,1
201301JC30441,1,3,0,4,0,1,1,0,0,0,0,1,6,1,6,124,1,1,2,1
201301JC30443,1,9,0,4,0,2,0,4,0,0,1,1,6,2,5,998,1,4,7,1
201301JC30443,2,9,0,2,0,2,0,0,0,0,2,1,6,3,-1,-1,-1,-1,-1,-1
201301JC30443,3,9,0,2,0,2,0,0,0,0,1,1,6,3,-1,-1,-1,-1,-1,-1
201301JC30444,1,9,0,9,0,8,0,0,0,0,4,1,6,1,6,-1,-1,-1,4,1
201301JC30444,2,1,0,18,0,8,0,0,0,0,1,1,6,2,6,-1,-1,-1,8,1
201301JC30445,1,1,0,18,0,0,0,0,0,0,3,1,6,1,7,-1,-1,-1,2,1
201301JC30445,2,9,0,13,0,0,0,0,0,0,4,1,6,1,-1,1995,2,-1,-1,-1
201301JC30446,1,1,0,18,0,8,0,0,0,0,1,1,6,1,7,-1,-1,-1,3,1
201301JC30446,2,9,0,9,0,8,0,0,0,0,4,1,6,3,-1,-1,-1,-1,-1,-1
201301JC30447,1,3,0,18,0,8,0,0,0,0,1,1,6,1,4,124,1,11,-1,-1
201301JC30447,2,9,0,9,0,8,0,0,0,0,4,1,6,2,7,1124,1,9,-1,-1
201301JC30448,1,1,0,17,0,8,0,0,0,0,4,1,1,1,7,-1,-1,-1,3,1
201301JC30448,2,9,0,18,0,8,0,0,0,0,1,1,6,2,-1,1597,1,8,4,1
201301JC30449,1,3,0,18,0,1,0,0,0,0,1,1,1,1,5,108,1,-1,2,1
201301JC30450,1,9,0,5,0,1,0,0,0,0,1,1,6,1,9,1596,1,8,2,1
201301JC30450,2,9,0,3,0,1,0,0,0,0,2,1,6,1,7,2967,1,12,6,1
201301JC30451,1,9,0,18,0,1,0,0,0,0,1,1,6,1,-1,-1,-1,-1,-1,-1
201301JC30454,1,9,0,17,0,8,0,0,0,0,1,1,6,1,5,1995,2,5,4,1
201301JC30455,1,9,0,4,0,1,0,0,0,0,2,1,6,1,6,1587,1,11,2,1
201301JC30455,2,9,0,4,0,1,0,0,0,0,1,1,6,2,-1,1560,2,4,-1,-1
201301JC30456,1,1,0,18,0,8,0,0,0,0,1,1,6,2,6,-1,-1,-1,3,1
201301JC30456,2,9,0,9,0,8,0,0,0,0,4,1,6,2,5,-1,-1,-1,-1,-1
201301JC30457,1,9,0,4,0,1,0,0,0,0,2,1,6,1,9,1998,2,7,2,1
201301JC30457,2,9,0,4,0,1,0,0,0,0,1,1,6,3,-1,-1,-1,-1,-1,-1
201301JC30458,1,9,0,9,0,8,0,0,0,0,4,1,6,1,5,-1,-1,-1,3,1
201301JC30458,2,1,0,1,0,8,0,0,0,0,1,1,6,2,6,-1,-1,-1,1,1
201301JC30459,1,9,0,18,0,8,0,0,0,0,1,1,6,2,7,1300,1,41,1,1
201301JC30459,2,9,0,9,0,8,0,0,0,0,4,1,6,3,-1,1198,1,10,-1,-1
201301JC30460,1,9,0,18,0,1,0,0,0,0,1,1,6,2,6,1348,1,11,2,1
201301JC30461,1,9,0,4,0,2,0,0,0,0,2,1,6,1,7,1598,1,8,3,1
201301JC30461,2,9,0,4,0,2,0,0,0,0,2,1,6,1,7,1799,2,4,-1,-1
201301JC30461,3,9,0,4,0,2,0,0,0,0,1,1,6,1,4,-1,-1,-1,-1,-1
201301JC30463,1,11,0,4,0,1,0,0,0,0,0,1,1,1,8,-1,-1,-1,7,1
201301JC30464,1,9,0,18,0,1,0,10,1,10,1,1,6,1,5,1587,1,11,-1,-1
201301JC30465,1,9,0,18,0,1,0,0,0,0,1,1,6,2,6,1968,1,4,4,1
201301JC30465,2,1,0,9,0,2,0,0,0,0,1,1,6,1,5,-1,-1,-1,1,1
201301JC30467,1,9,0,4,0,1,0,0,0,0,2,1,1,1,7,1968,2,3,1,1
201301JC30467,2,9,0,4,0,1,0,0,0,0,1,1,1,1,-1,-1,-1,-1,5,1
201301JC30469,1,9,0,18,0,1,0,0,0,0,1,1,6,2,8,1598,2,2,6,1
201301JC30471,1,1,0,14,0,1,0,8,0,0,1,1,6,1,-1,-1,-1,-1,-1,-1
201301JC30471,2,9,0,2,0,1,0,0,0,0,3,1,6,1,-1,1599,1,10,-1,-1
201301JC30473,1,1,0,15,0,8,0,0,0,0,1,1,6,1,6,-1,-1,-1,9,1
201301JC30473,2,11,0,7,0,8,0,0,0,0,4,1,1,3,-1,-1,-1,-1,-1,-1
201301JC30474,1,9,0,18,0,8,0,0,0,0,1,1,6,2,6,1240,1,3,2,1
201301JC30474,2,9,0,9,0,8,0,0,0,0,4,1,6,1,7,1998,2,9,-1,-1
201301JC30475,1,9,0,18,0,8,0,0,0,0,3,1,6,1,8,1124,1,12,3,1
201301JC30475,2,19,0,9,0,8,0,0,0,0,1,1,6,3,-1,-1,-1,-1,-1,-1
201301JC30476,1,19,0,3,0,2,0,0,0,0,2,1,6,1,8,1995,2,3,7,3
201301JC30476,2,9,0,4,0,2,0,0,0,0,2,1,6,2,9,2494,1,9,-1,-1
201301JC30476,3,19,0,18,0,2,0,0,0,0,1,1,6,1,8,-1,-1,-1,-1,-1
201301JC30477,1,9,0,18,0,1,0,0,0,0,1,1,6,3,-1,-1,-1,-1,-1,-1
201301JC30477,2,1,0,18,0,1,0,0,0,0,2,1,6,1,5,-1,-1,-1,3,1
201301JC30478,1,9,0,18,0,1,0,0,0,0,1,1,2,1,6,2499,2,12,6,1
201301JC30479,1,1,0,18,0,8,0,0,0,0,1,1,6,1,3,-1,-1,-1,3,1
201301JC30479,2,9,0,9,0,8,0,0,0,0,4,1,6,3,-1,-1,-1,-1,-1,-1
201301JC30480,1,1,0,14,0,0,0,8,0,0,1,1,6,1,8,-1,-1,-1,10,1
201301JC30480,2,9,0,2,0,0,0,0,0,0,3,1,6,1,8,1896,2,9,3,1
201301JC30481,1,9,0,4,0,1,0,0,0,0,2,1,6,2,6,996,1,-1,3,1
201301JC30481,2,1,0,4,0,1,0,0,0,0,1,1,6,1,6,-1,-1,-1,3,1
201301JC30486,1,11,0,18,0,2,0,0,0,0,0,1,1,1,7,9360,2,1,2,1
201301JC30487,1,9,0,18,0,1,0,0,0,0,1,1,6,3,-1,-1,-1,-1,-1,-1
201301JC30488,1,9,0,18,0,1,0,0,0,0,1,1,6,2,4,1242,1,10,4,1
201301JC30488,2,9,0,3,0,1,0,0,0,0,2,1,2,1,8,2179,2,11,4,1
201301JC30488,3,9,0,3,0,1,0,0,0,0,2,1,2,2,8,1389,1,8,7,1
201301JC30488,4,9,0,3,0,1,0,0,0,0,2,1,2,2,7,1461,2,2,4,3
201301JC30489,1,11,0,18,0,1,0,0,0,0,1,1,1,1,6,9360,2,1,1,1
201301JC30493,1,9,0,3,0,1,0,0,0,0,3,1,6,1,6,1198,1,-1,2,1
201301JC30493,2,1,0,14,0,1,0,0,0,0,4,1,6,1,8,-1,-1,-1,2,1
201301JC30494,1,9,0,18,0,2,0,0,0,0,4,1,6,1,7,1398,1,8,2,1
201301JC30494,2,19,0,5,0,2,0,0,0,0,3,1,2,1,9,1998,2,11,3,1
201301JC30495,1,9,0,3,0,1,0,0,0,0,2,1,6,1,7,1998,1,13,2,1
201301JC30495,2,19,0,14,0,1,0,0,0,0,1,1,6,3,-1,-1,-1,-1,-1,-1
201301JC30496,1,9,0,18,0,8,0,0,0,0,1,1,1,2,-1,-1,-1,-1,-1,-1
201301JC30496,2,1,0,17,0,8,0,0,0,0,4,1,6,2,5,-1,-1,-1,6,1
201301JC30498,1,9,0,3,0,1,0,0,0,0,2,1,6,2,5,998,1,1,9,1
201301JC30498,2,9,0,4,0,1,0,0,0,0,1,1,6,2,6,1229,1,6,-1,1
201301JC30499,1,9,0,9,0,2,0,0,0,0,1,1,6,2,7,1910,2,5,3,1
201301JC30500,1,9,0,5,0,2,0,0,0,0,1,1,1,1,9,1997,2,4,3,1
201301JC30500,2,3,0,18,0,1,0,0,0,0,1,1,6,1,-1,102,1,6,3,1
201301JC30501,1,9,0,18,0,1,0,0,0,0,1,1,6,1,6,1968,2,7,3,1
201301JC30502,1,4,0,10,0,1,0,0,0,0,2,1,6,1,6,-1,-1,-1,4,1
201301JC30502,2,9,0,18,0,1,0,0,0,0,1,1,6,2,8,1198,1,10,2,1
201301JC30504,1,9,0,14,0,0,0,0,0,0,1,1,2,1,7,3400,1,11,3,1
201301JC30505,1,19,0,5,0,1,0,0,0,0,3,1,2,1,6,1995,2,5,7,1
201301JC30505,2,1,0,18,0,1,0,0,0,0,4,1,6,1,6,-1,-1,-1,3,1
201301JC30506,1,3,0,18,0,1,1,0,0,0,4,1,6,1,5,124,1,5,1,1
201301JC30507,1,9,0,3,0,0,0,0,0,0,2,1,6,2,8,1461,2,6,3,1
201301JC30507,2,9,0,4,0,0,0,0,0,0,1,1,1,1,8,1997,2,-1,2,1
201301JC30508,1,19,0,13,0,0,0,0,0,0,4,1,6,3,-1,-1,-1,-1,-1,-1
201301JC30508,2,1,0,18,0,0,0,0,0,0,3,1,6,1,6,-1,-1,-1,2,1
201301JC30509,1,9,0,9,0,8,0,0,0,0,3,1,6,1,6,-1,-1,-1,2,1
201301JC30509,2,3,0,13,0,8,0,0,0,0,4,1,1,1,7,125,1,8,2,1
201301JC30511,1,9,0,9,0,8,0,0,0,0,3,1,6,1,7,1497,8,5,1,1
201301JC30511,2,1,0,13,0,8,0,0,0,0,4,1,6,1,4,-1,-1,-1,4,1
201301JC30512,1,9,0,18,0,0,0,0,0,0,4,1,6,2,8,1299,1,9,1,1
201301JC30513,1,9,0,18,0,0,0,0,0,0,1,1,6,1,11,1299,1,19,5,1
201301JC30514,1,9,0,18,0,2,0,0,0,0,1,1,6,3,-1,-1,-1,-1,-1,-1
201301JC30515,1,9,0,18,0,0,0,0,0,0,1,1,6,1,6,1299,1,9,3,1
201301JC30515,2,9,0,18,0,0,0,0,0,0,1,1,6,1,6,-1,-1,-1,3,1
201301JC30517,1,1,0,18,0,1,0,0,0,0,2,1,2,2,7,-1,-1,-1,2,1
201301JC30517,2,9,0,18,0,1,0,0,0,0,1,1,6,1,10,1995,2,8,2,1
201301JC30520,1,9,0,18,0,2,0,0,0,0,1,1,6,1,7,1986,2,6,1,1
201301JC30520,2,9,0,18,0,1,0,0,0,0,1,1,6,1,8,1240,1,7,1,1
201301JC30522,1,9,0,18,0,0,0,0,0,0,4,1,1,1,6,1560,2,1,6,1
201301JC30522,2,9,0,5,0,0,0,0,0,0,3,1,1,2,8,1240,1,8,2,1
201301JC30523,1,1,0,4,0,1,0,0,0,0,0,1,6,1,8,-1,-1,-1,2,1
201301JC30524,1,9,0,18,0,0,0,0,0,0,1,1,6,1,8,1968,2,2,-1,-1
201301JC30525,1,3,0,18,0,8,0,0,0,0,4,1,1,1,6,124,1,7,2,1
201301JC30525,2,19,0,9,0,8,0,0,0,0,1,1,1,1,9,1461,2,1,7,1
201301JC30526,1,9,0,18,0,0,0,0,0,0,1,1,6,3,-1,-1,-1,-1,-1,-1
201301JC30527,1,1,0,18,0,1,0,0,0,0,3,1,2,1,9,-1,-1,-1,-1,-1
201301JC30527,2,9,0,7,0,5,0,0,0,0,4,1,6,3,-1,-1,-1,-1,-1,-1
201301JC30529,1,9,0,18,0,8,0,0,0,0,3,1,6,1,9,1149,1,12,2,1
201301JC30529,2,19,0,9,0,8,0,0,0,0,1,1,1,1,-1,1753,2,6,-1,-1
201301JC30531,1,9,0,4,0,0,0,0,0,0,2,1,6,1,9,1850,1,11,3,1
201301JC30531,2,9,0,18,0,0,0,0,0,0,1,1,6,2,10,2521,1,1,10,1
201301JC30533,1,3,0,18,0,8,0,0,0,0,1,1,6,1,5,124,1,3,1,1
201301JC30533,2,9,0,9,0,8,0,0,0,0,4,1,6,3,-1,-1,-1,-1,-1,-1
201301JC30534,1,11,0,18,0,1,0,0,0,0,0,1,1,1,6,9000,2,3,5,1
201301JC30535,1,9,0,18,0,1,0,0,0,0,2,1,6,1,7,3311,8,4,3,1
201301JC30535,2,19,0,18,0,1,0,0,0,0,1,1,6,1,6,1149,1,9,9,1
201301JC30536,1,8,0,18,0,8,0,0,0,0,1,1,6,1,8,1198,1,3,1,1
201301JC30536,2,9,0,9,0,8,0,0,0,0,4,1,6,2,9,1242,1,2,10,2
201301JC30537,1,9,0,18,0,0,0,0,0,0,1,1,6,1,-1,-1,-1,-1,-1,-1
201301JC30539,1,9,0,9,0,8,0,0,0,0,4,1,6,2,5,1364,1,8,2,1
201301JC30539,2,1,0,18,2,8,0,0,0,0,1,1,6,1,7,-1,-1,-1,3,1
201301JC30540,1,9,0,18,0,8,0,0,0,0,4,1,2,2,6,1240,1,7,2,1
201301JC30540,2,9,0,18,0,8,0,0,0,0,1,1,6,1,-1,1796,1,11,2,1
201301JC30542,1,9,0,18,9,0,0,10,1,0,1,1,6,1,-1,-1,-1,-1,-1,-1
201301JC30543,1,9,0,18,0,8,0,0,0,0,1,1,6,2,5,1598,1,7,4,1
201301JC30543,2,9,0,9,0,8,0,0,0,0,4,1,6,1,6,3950,1,14,2,1
201301JC30544,1,1,0,18,0,1,0,0,0,0,3,1,6,1,7,-1,-1,-1,6,1
201301JC30544,2,11,0,11,0,1,0,0,0,0,4,1,1,3,-1,-1,-1,-1,-1,-1
201301JC30545,1,2,0,18,0,0,0,0,0,0,1,1,6,1,7,124,1,13,2,1
201301JC30546,1,9,0,18,0,0,0,0,0,0,1,1,6,1,7,1794,1,5,7,1
201301JC30546,2,1,0,4,0,0,0,0,0,0,2,1,6,1,7,-1,-1,-1,3,1
201301JC30547,1,3,0,13,0,8,0,0,0,0,4,1,6,1,6,124,1,2,1,1
201301JC30547,2,9,0,9,0,8,0,0,0,0,3,1,6,1,7,973,1,10,1,1
201301JC30548,1,20,0,4,0,1,0,0,0,0,2,1,1,1,5,-1,-1,-1,-1,-1
201301JC30548,2,11,0,18,0,1,0,0,0,0,1,1,1,1,6,6692,2,-1,-1,-1
201301JC30549,1,8,0,18,0,8,0,0,0,0,4,1,1,1,7,1497,8,8,3,1
201301JC30549,2,8,0,18,0,8,0,0,0,0,1,1,1,1,8,-1,-1,-1,3,1
201301JC30550,1,9,0,9,0,8,0,0,0,0,1,1,6,1,7,1799,1,7,2,1
201301JC30550,2,1,0,18,0,8,0,0,0,0,1,1,2,1,5,-1,-1,-1,1,1
201301JC30552,1,9,0,9,0,8,0,0,0,0,4,1,6,1,7,-1,-1,-1,2,1
201301JC30552,2,1,0,18,0,8,0,0,0,0,1,1,6,1,-1,-1,-1,-1,-1,-1
201301JC30553,1,9,0,18,0,8,0,0,0,0,3,1,6,2,5,1598,1,-1,-1,-1
201301JC30553,2,9,0,18,0,8,0,0,0,0,1,1,6,2,-1,1968,2,4,-1,-1
201301JC30554,1,21,0,9,0,8,0,0,0,0,4,1,1,1,7,4461,2,5,10,1
201301JC30554,2,11,0,18,0,8,0,0,0,0,1,1,1,1,6,12000,2,6,3,1
201301JC30555,1,1,0,18,0,1,0,0,0,0,2,1,6,1,6,-1,-1,-1,4,1
201301JC30555,2,9,0,18,0,1,0,0,0,0,1,1,6,3,-1,-1,-1,-1,-1,-1
201301JC30557,1,9,0,6,0,1,0,0,0,0,4,1,6,1,8,1149,1,15,3,1
201301JC30557,2,4,0,18,0,2,0,0,0,0,1,1,6,1,6,998,1,5,2,1
201301JC30558,1,1,0,18,0,1,0,0,0,0,3,1,6,2,8,-1,-1,-1,3,1