Accident_Index,Vehicle_Reference,Vehicle_Type,Towing_and_Articulation,Vehicle_Manoeuvre,Vehicle_Location-Restricted_Lane,Junction_Location,Skidding_and_Overturning,Hit_Object_in_Carriageway,Vehicle_Leaving_Carriageway,Hit_Object_off_Carriageway,1st_Point_of_Impact,Was_Vehicle_Left_Hand_Drive?,Journey_Purpose_of_Driver,Sex_of_Driver,Age_Band_of_Driver,Engine_Capacity_(CC),Propulsion_Code,Age_of_Vehicle,Driver_IMD_Decile,Driver_Home_Area_Type
201301JI40079,1,9,0,7,0,8,0,0,0,0,4,1,6,1,4,1497,1,8,6,1
201301JI40079,2,9,0,7,0,8,0,0,0,0,3,1,6,1,7,1598,1,11,4,1
201301JI40080,1,9,0,18,0,1,0,0,0,0,1,1,6,2,-1,1360,1,11,-1,-1
201301JI40082,1,9,0,18,0,8,0,0,0,0,1,1,6,3,-1,1995,1,4,-1,-1
201301JI40084,1,9,0,15,0,1,0,0,0,0,3,1,6,1,5,-1,-1,-1,3,1
201301JI40084,2,3,0,3,0,1,0,0,0,0,4,1,6,1,6,-1,-1,-1,2,1
201301JI40087,1,9,0,12,0,2,0,0,0,0,3,1,6,2,9,1850,1,14,3,1
201301JI40087,2,5,0,18,0,2,0,0,0,0,4,1,6,1,7,599,1,6,9,1
201301JI40090,1,9,0,18,0,1,0,0,0,0,2,1,6,2,7,1995,2,8,3,1
201301JI40090,2,20,0,18,0,1,0,0,0,0,1,1,6,1,8,-1,-1,-1,7,2
201301JI40091,1,9,0,2,0,0,0,0,0,0,4,2,6,2,7,-1,-1,-1,5,1
201301JI40091,2,9,0,18,0,0,0,4,0,0,3,1,6,1,-1,-1,-1,-1,-1,-1
201301JI40092,1,9,0,2,0,0,0,0,0,0,1,1,6,2,9,1298,1,15,5,1
201301JI40092,2,9,0,1,0,0,0,0,0,0,2,1,6,3,-1,1997,1,4,-1,-1
201301JI40094,1,9,0,6,0,0,0,0,0,0,3,1,6,1,5,1598,1,5,10,1
201301JI40094,2,9,0,18,0,0,0,0,0,0,4,1,6,1,11,1086,1,9,3,1
201301JI40095,1,9,0,2,0,1,0,0,0,0,2,1,1,1,-1,-1,-1,-1,-1,-1
201301JI40095,2,9,0,18,0,1,0,4,0,0,1,1,6,1,11,3301,1,9,7,1
201301JI40096,1,9,0,4,0,1,0,0,0,0,2,1,6,1,8,1598,1,7,5,1
201301JI40096,2,9,0,4,0,1,0,0,0,0,2,1,6,2,11,1600,1,15,5,1
201301JI40096,3,9,0,4,0,1,0,0,0,0,1,1,6,2,8,1199,1,12,7,1
201301JI40097,1,9,0,18,0,8,0,0,0,0,4,1,6,1,5,1329,1,4,3,1
201301JI40097,2,3,0,18,0,8,0,0,0,0,1,1,6,1,6,124,1,1,-1,-1
201301JI40099,1,9,0,18,0,0,0,0,0,0,4,1,6,1,7,1850,1,14,6,1
201301JI40100,1,9,0,18,0,8,0,0,0,0,3,1,6,2,6,-1,-1,-1,8,1
201301JI40101,1,9,0,18,0,0,0,0,0,0,1,1,6,2,-1,1360,1,14,2,1
201301JI40102,1,9,0,3,0,2,0,0,0,0,2,1,6,2,7,-1,-1,-1,5,1
201301JI40102,2,9,0,18,0,1,0,0,0,0,1,1,6,2,-1,1388,1,6,3,1
201301JI40103,1,9,0,4,0,0,0,0,0,0,2,1,6,2,7,2199,2,2,7,1
201301JI40103,2,9,0,4,0,0,0,0,0,0,1,1,6,1,7,1596,1,11,-1,-1
201301JI40104,1,9,0,18,0,0,0,10,1,5,1,1,6,1,11,1498,1,5,6,1
201301JI40104,2,9,0,18,0,0,0,0,0,0,2,1,6,1,9,1587,1,8,3,1
201301JI40105,1,9,0,4,0,2,0,0,0,0,2,1,6,1,7,2495,1,12,2,1
201301JI40105,2,9,0,4,0,2,0,0,0,0,2,1,6,1,6,1598,1,6,3,1
201301JI40105,3,9,0,4,0,2,0,0,0,0,1,1,6,2,7,2777,2,5,9,1
201301JI40107,1,9,0,17,0,8,0,0,0,0,3,1,6,1,4,1364,1,7,-1,-1
201301JI40107,2,9,0,17,0,8,0,0,0,0,1,1,6,1,5,1997,1,13,3,1
201301JI40108,1,9,0,3,0,0,0,0,0,0,0,1,6,1,5,1799,1,17,3,1
201301JI40108,2,9,0,4,0,0,0,0,0,0,2,1,6,3,-1,-1,-1,-1,-1,-1
201301JI40108,3,9,0,4,0,0,0,0,0,0,1,1,2,1,7,1896,2,11,5,1
201301JI40108,4,9,0,4,0,0,0,0,0,0,1,1,6,2,6,1984,1,6,4,1
201301JI40108,5,9,0,4,0,0,0,0,0,0,1,1,6,2,6,1240,1,7,4,1
201301JI40108,6,9,0,4,0,0,0,0,0,0,1,1,6,1,6,1783,1,9,7,1
201301JI40108,7,9,0,4,0,0,0,0,0,0,1,1,6,1,8,1388,1,6,5,1
201301JI40109,1,19,0,18,0,1,0,0,0,0,2,1,1,1,6,2402,2,8,-1,-1
201301JI40109,2,3,0,18,0,1,0,0,0,0,1,1,1,1,8,125,1,1,10,1
201301JI40110,1,9,0,10,0,1,0,0,0,0,2,1,6,2,6,1896,2,7,3,1
201301JI40110,2,9,0,18,0,1,0,0,0,0,1,1,6,2,-1,1598,1,10,2,1
201301JI40112,1,3,0,4,0,0,0,0,0,0,1,1,6,1,5,-1,-1,-1,8,1
201301JI40112,2,9,0,4,0,0,0,0,0,0,2,1,2,1,8,1596,1,2,4,1
201301JI40113,1,9,0,18,0,0,5,10,0,0,1,1,6,2,5,1242,1,10,4,1
201301JI40114,1,9,0,9,0,8,0,0,0,0,1,1,6,2,7,3199,1,12,3,1
201301JI40114,2,9,0,18,0,8,0,0,0,0,1,1,6,1,8,1896,2,6,5,1
201301JI40115,1,9,0,7,0,8,0,0,0,0,3,1,6,2,8,2993,2,3,10,1
201301JI40115,2,9,0,18,0,8,0,0,0,0,1,1,6,2,6,-1,-1,-1,3,1
201301JI40116,1,9,0,18,0,8,0,0,0,0,1,1,1,1,6,1998,2,-1,2,1
201301JI40116,2,9,0,7,0,8,0,0,0,0,3,1,6,2,6,1360,1,7,9,1
201301JI40117,1,9,0,9,0,8,0,0,0,0,3,1,6,2,7,2982,2,10,7,1
201301JI40117,2,19,0,17,0,8,0,0,0,0,1,1,1,1,4,1753,2,4,9,1
201301JI40118,1,9,0,4,0,1,0,0,0,0,2,1,1,2,7,1997,2,6,3,1
201301JI40118,2,9,0,4,0,1,0,0,0,0,1,1,6,2,8,1796,1,9,1,1
201301JI40119,1,9,0,18,0,8,0,0,0,0,4,1,6,1,6,1997,2,13,7,1
201301JI40120,1,9,0,18,0,0,0,4,0,0,4,1,6,1,10,1388,1,10,3,1
201301JI40120,2,9,0,13,0,0,0,0,0,0,0,1,6,1,7,1997,2,2,5,1
201301JI40121,1,9,0,18,0,2,0,10,1,8,1,1,6,1,4,1796,1,11,2,1
201301JI40122,1,9,0,9,0,8,0,0,0,0,3,1,6,2,6,1341,1,8,4,1
201301JI40122,2,19,0,18,0,8,0,0,0,0,1,1,6,1,-1,-1,-1,-1,-1,-1
201301JI40123,1,9,0,18,0,8,0,0,0,0,1,1,6,1,7,1328,1,8,5,1
201301JI40123,2,9,0,7,0,8,0,0,0,0,2,1,6,1,-1,1149,1,4,-1,-1
201301JI40124,1,9,0,5,0,2,0,0,0,0,3,1,6,1,7,-1,-1,-1,5,1
201301JI40124,2,1,0,13,0,2,0,0,0,0,1,1,6,2,6,-1,-1,-1,8,1
201301JI40125,1,11,0,5,0,1,0,0,0,0,0,1,1,1,8,-1,-1,-1,3,1
201301JI40126,1,9,0,1,0,0,0,0,0,0,2,1,6,1,5,998,1,4,6,1
201301JI40127,1,9,0,3,0,1,0,0,0,0,2,1,6,1,8,1298,1,15,6,1
201301JI40127,2,9,0,4,0,1,0,0,0,0,1,1,6,1,5,1390,1,9,2,1
201301JI40128,1,9,0,14,0,0,5,4,0,0,4,1,6,1,5,1587,1,11,2,1
201301JI40128,2,9,0,2,0,0,0,0,0,0,3,1,6,1,-1,1998,2,9,-1,-1
201301JI40130,1,9,0,18,0,0,0,0,0,0,1,1,6,1,7,1390,1,11,2,1
201301JI40131,1,9,0,11,0,8,0,0,0,0,4,1,6,1,8,1997,2,3,10,1
201301JI40131,2,4,0,18,0,8,0,0,0,0,3,1,6,1,8,645,1,12,3,1
201301JI40132,1,9,0,18,0,0,0,0,0,0,2,1,6,2,5,1198,1,8,6,1
201301JI40132,2,9,0,18,0,0,0,0,0,0,1,1,6,1,-1,1995,1,7,6,1
201301JI40133,1,9,0,17,0,6,0,0,0,0,1,1,6,1,7,1997,2,7,8,1
201301JI40133,2,9,0,18,0,8,0,0,0,0,4,1,6,1,9,1991,1,9,5,1
201301JI40134,1,9,0,18,0,0,0,0,0,0,1,1,6,2,8,1973,1,15,5,1
201301JI40134,2,11,0,4,0,0,0,0,0,0,2,1,1,2,7,4500,2,6,5,1
201301JI40135,1,9,0,18,0,8,0,0,0,0,4,1,6,2,7,1461,2,4,5,1
201301JI40135,2,9,0,18,0,8,0,0,0,0,1,1,6,2,6,1997,2,11,5,1
201301JI40136,1,9,0,3,0,8,0,0,0,0,2,1,6,1,6,1598,1,12,1,1
201301JI40136,2,9,0,4,0,8,0,0,0,0,1,1,6,1,-1,1998,1,15,-1,-1
201301JI40137,1,9,0,4,0,8,0,0,5,6,3,1,6,1,8,2976,1,11,8,1
201301JI40138,1,19,0,18,0,0,0,4,0,0,2,1,6,1,5,-1,-1,-1,7,1
201301JI40138,2,9,0,18,0,0,0,0,0,0,1,1,6,1,5,998,1,6,5,1
201301JI40138,3,9,0,2,0,0,0,0,0,0,1,1,6,3,-1,1997,2,1,-1,-1
201301JI40139,1,9,0,18,0,8,0,0,0,0,1,1,6,1,7,1896,2,9,6,1
201301JI40139,2,9,0,9,0,8,0,0,0,0,4,1,6,2,4,998,1,19,7,1
201301JI40140,1,9,0,9,0,8,0,0,0,0,4,1,6,1,9,1896,2,13,2,1
201301JI40140,2,3,0,18,0,8,0,0,0,0,1,1,6,1,6,279,1,1,4,1
201301JI40141,1,9,0,18,0,8,0,0,0,0,3,1,6,1,9,1998,1,12,-1,-1
201301JI40141,2,19,0,9,0,8,0,0,0,0,1,1,6,1,-1,-1,-1,-1,-1,-1
201301JI40142,1,9,0,18,0,8,0,0,0,0,1,1,6,1,5,1998,1,8,4,1
201301JI40142,2,19,0,9,0,8,0,0,0,0,1,1,6,1,-1,-1,-1,-1,-1,-1
201301JI40144,1,9,0,4,0,1,0,0,0,0,2,2,6,1,7,-1,-1,-1,4,1
201301JI40144,2,9,0,11,0,1,0,0,0,0,1,1,6,1,5,2494,1,14,4,1
201301JI40146,1,9,0,18,0,0,0,0,0,0,1,1,6,2,6,1200,1,9,5,1
201301JI40146,2,9,0,9,0,0,0,0,0,0,3,1,6,2,6,1299,1,11,5,1
201301JI40146,3,9,0,9,0,0,0,0,0,0,3,1,6,2,7,1968,2,4,4,1
201301JI40147,1,9,0,18,0,8,0,0,0,0,2,1,6,2,7,1998,2,6,7,1
201301JI40147,2,9,0,18,0,8,0,0,0,0,1,1,6,1,4,1998,2,7,2,1
201301JI40148,1,9,0,5,0,0,0,10,7,10,1,1,6,1,7,1240,1,6,-1,-1
201301JI40151,1,9,0,3,0,0,0,0,0,0,2,1,6,1,7,1995,2,7,3,1
201301JI40151,2,9,0,3,0,0,0,0,0,0,2,1,6,1,6,1781,1,11,2,1
201301JI40151,3,9,0,3,0,0,0,0,0,0,2,1,6,1,5,1753,2,13,7,1
201301JI40151,4,9,0,18,0,0,0,0,0,0,1,1,6,2,5,1242,1,1,3,1
201301JI40152,1,9,0,18,0,8,0,0,0,0,1,1,6,1,6,1497,8,8,1,1
201301JI40152,2,9,0,18,0,8,0,0,0,0,3,1,6,1,7,698,1,7,2,1
201301JI40153,1,11,0,3,0,1,0,0,0,0,2,1,1,1,8,9360,2,3,3,1
201301JI40153,2,9,0,18,0,1,0,0,0,0,1,1,6,1,7,2793,1,15,1,1
201301JI40154,1,9,0,9,0,8,0,4,0,0,1,1,6,1,6,-1,-1,-1,2,1
201301JI40154,2,9,0,2,0,8,0,0,0,0,1,1,6,1,-1,-1,-1,-1,-1,-1
201301JI40154,3,9,0,2,0,8,0,0,0,0,1,1,6,2,5,1364,1,4,4,1
201301JI40154,4,9,0,2,0,8,0,0,0,0,3,1,6,1,-1,1339,1,5,5,1
201301JI40155,1,9,0,2,0,1,0,0,0,0,1,1,6,2,10,2997,2,22,8,1
201301JI40155,2,9,0,18,0,2,0,4,0,0,1,1,6,1,11,1339,1,1,9,1
201301JI40157,1,9,0,18,0,8,0,0,0,0,3,1,6,2,7,1599,1,13,7,1
201301JI40157,2,90,0,18,0,8,0,0,0,0,1,1,1,2,7,2143,2,1,1,1
201301JI40158,1,9,0,18,0,1,0,0,0,0,1,1,6,1,8,1975,2,16,-1,-1
201301JI40160,1,9,0,18,0,0,0,4,0,0,1,1,6,2,9,-1,-1,-1,6,1
201301JI40160,2,9,0,2,0,0,0,0,0,0,2,1,6,2,5,1598,1,4,8,1
201301JI40161,1,9,0,4,0,1,0,0,0,0,2,1,6,2,9,-1,-1,-1,5,1
201301JI40161,2,9,0,4,0,1,0,0,0,0,1,1,6,3,-1,1587,1,11,-1,-1
201301JI40162,1,9,0,18,0,8,0,0,0,0,4,1,6,1,6,1796,1,1,8,1
201301JI40162,2,19,0,9,0,8,0,0,0,0,1,1,6,3,-1,1995,2,13,-1,-1
201301JI40163,1,9,0,12,0,0,1,7,1,7,3,1,6,1,6,1794,1,11,2,1
201301JI40163,2,9,0,18,0,0,0,0,0,0,3,1,4,3,-1,1796,1,6,2,1
201301JI40164,1,9,0,18,0,8,0,0,0,0,1,1,6,3,-1,1598,1,6,-1,-1
201301JI40165,1,9,0,9,0,8,0,0,0,0,3,1,6,2,7,1242,1,6,1,1
201301JI40165,2,4,0,7,0,8,0,0,0,0,1,1,1,1,-1,1170,1,4,4,1
201301JI40166,1,9,0,12,0,0,0,0,1,7,3,1,6,2,4,1124,1,12,7,1
201301JI40166,2,21,0,18,0,0,0,0,1,0,1,1,1,1,8,12777,2,5,6,1
201301JI40167,1,9,0,1,0,0,0,0,0,0,2,1,6,1,5,1590,1,12,6,1
201301JI40168,1,11,0,3,0,0,0,0,0,0,0,1,1,1,-1,-1,-1,-1,-1,-1
201301JI40170,1,9,0,9,0,8,0,0,0,0,3,1,6,1,7,2996,2,4,4,1
201301JI40170,2,11,0,18,0,8,0,0,0,0,1,1,1,2,7,8268,2,12,6,1
201301JI40171,1,9,0,6,0,2,0,0,0,0,3,1,6,2,8,1299,1,11,4,1
201301JI40171,2,9,0,18,0,2,0,0,0,0,1,1,6,1,7,1896,2,5,6,1
201301JI40172,1,9,0,7,0,8,0,0,0,0,1,1,6,2,4,1299,1,10,9,1
201301JI40172,2,19,0,18,0,8,0,0,0,0,4,1,6,1,9,1461,2,1,4,1
201301JI40173,1,2,0,18,0,0,1,0,0,0,3,1,6,1,5,49,1,1,6,1
201301JI40174,1,9,0,6,0,0,0,0,0,0,4,1,6,2,7,1796,1,11,2,1
201301JI40174,2,4,0,18,0,0,0,0,0,0,1,1,6,1,-1,998,1,6,-1,-1
201301JI40175,1,9,0,9,0,8,0,0,0,0,3,1,6,1,6,1596,1,5,4,1
201301JI40175,2,3,0,18,0,8,0,0,0,0,1,1,6,1,5,124,1,1,2,1
201301JI40176,1,9,0,4,0,0,0,0,0,0,2,1,6,2,10,1798,1,4,7,1
201301JI40176,2,19,0,18,0,0,0,0,0,0,1,1,6,1,-1,2198,2,1,-1,-1
201301JI40177,1,4,0,18,0,8,0,0,0,0,4,1,6,1,7,680,1,5,3,1
201301JI40177,2,9,0,9,0,8,0,0,0,0,1,1,6,2,6,2401,2,8,2,1
201301JI40178,1,9,0,3,0,8,0,0,0,0,2,1,6,1,4,1198,1,10,6,1
201301JI40178,2,9,0,18,0,8,0,0,0,0,1,1,6,3,-1,1910,2,4,6,1
201301JI40179,1,9,0,18,0,8,0,0,0,0,4,1,6,1,7,3600,1,11,7,1
201301JI40179,2,9,0,16,0,8,0,0,0,0,1,1,6,1,-1,1995,2,10,1,1
201301JI40181,1,19,0,7,0,8,0,0,0,0,3,1,1,1,6,-1,-1,-1,2,1
201301JI40181,2,1,0,18,0,8,0,0,0,0,1,1,6,2,2,-1,-1,-1,3,1
201301JI40182,1,9,0,18,0,0,0,0,0,0,0,1,2,2,5,1596,1,7,1,1
201301JI40182,2,20,0,18,0,0,0,0,0,0,0,1,1,3,-1,-1,-1,-1,-1,-1
201301JI40183,1,9,0,18,0,1,0,0,0,0,1,1,6,1,6,1598,1,10,3,1
201301JI40183,2,9,0,8,0,1,0,0,0,0,2,1,6,2,8,1781,1,7,5,1
201301JI40184,1,9,0,3,0,8,0,0,0,0,2,1,6,1,7,1910,2,8,-1,-1
201301JI40184,2,9,0,4,0,8,0,0,0,0,1,1,6,3,-1,4367,2,2,-1,-1
201301JI40185,1,9,0,18,0,2,0,0,0,0,3,1,1,1,8,2143,2,1,5,3
201301JI40185,2,9,0,6,0,2,0,0,0,0,1,1,6,1,8,1389,1,14,2,1
201301JI40186,1,9,0,18,0,8,0,0,0,0,1,1,6,1,11,1596,1,9,5,1
201301JI40186,2,9,0,7,0,8,0,0,0,0,3,1,1,1,7,-1,-1,-1,2,1
201301JI40187,1,11,0,2,0,2,0,0,0,0,3,1,1,1,8,6700,2,1,2,1
201301JI40188,1,9,0,9,0,8,0,0,0,0,4,1,6,1,6,1599,1,9,2,1
201301JI40188,2,1,0,18,0,8,0,0,0,0,1,1,6,1,8,-1,-1,-1,10,1
201301JI40189,1,9,0,18,0,8,0,0,0,0,1,1,6,1,7,1796,1,6,2,1
201301JI40190,1,9,0,9,0,8,0,0,0,0,2,1,6,2,8,2351,1,14,3,1
201301JI40190,2,9,0,18,0,8,0,0,0,0,1,1,6,2,8,1390,1,11,6,1
201301JI40191,1,9,0,18,0,1,0,0,0,0,1,1,6,2,10,1242,1,9,2,1
201301JI40192,1,90,0,18,0,2,0,0,0,0,1,1,6,3,-1,-1,-1,-1,-1,-1
201301JI40193,1,9,0,9,0,8,0,0,0,0,4,1,6,2,9,-1,-1,-1,3,1
201301JI40193,2,9,0,7,0,8,0,0,0,0,1,1,6,2,6,1600,1,2,4,1
201301JI40194,1,9,0,18,0,2,0,0,0,0,2,1,6,1,6,1461,2,3,2,1
201301JI40194,2,3,0,18,0,2,0,0,0,0,1,1,6,1,5,124,1,1,8,1
201301JI40195,1,9,0,18,0,0,0,0,0,0,1,1,1,2,7,1995,1,5,8,1
201301JI40196,1,9,0,3,0,1,0,0,0,0,2,1,6,1,7,1910,2,5,5,1
201301JI40196,2,9,0,4,0,1,0,0,0,0,1,1,6,3,-1,1242,1,12,-1,-1
201301JI40197,1,9,0,18,0,8,0,0,0,0,3,1,1,2,7,1360,1,12,3,1
201301JI40197,2,3,0,18,0,8,0,0,0,0,1,1,1,1,5,125,1,7,3,1
201301JI40198,1,9,0,18,0,2,0,4,0,0,1,1,6,1,7,1796,1,10,4,1
201301JI40198,2,9,0,2,0,2,0,0,0,0,2,1,6,2,6,-1,-1,-1,5,1
201301JI40199,1,9,0,9,0,8,0,0,0,0,4,1,6,2,7,1360,1,12,6,1
201301JI40199,2,9,0,18,0,8,0,0,0,0,1,1,6,2,7,999,1,1,9,1
201301JI40200,1,9,0,12,0,1,0,0,0,0,3,1,6,1,6,1461,2,6,9,1
201301JI40200,2,3,0,18,0,1,0,0,0,0,4,1,6,1,4,124,1,5,-1,-1
201301JI40201,1,9,0,9,0,8,0,0,0,0,3,1,6,2,8,1781,1,16,7,1
201301JI40201,2,9,0,18,0,8,0,0,0,0,1,1,6,1,-1,1598,1,11,3,1
201301JI40202,1,9,0,4,0,2,0,0,0,0,2,1,1,1,7,-1,-1,-1,2,1
201301JI40202,2,9,0,18,0,2,0,0,0,0,1,1,1,1,6,-1,-1,-1,4,1
201301JI40203,1,9,0,18,0,1,0,0,0,0,4,1,6,1,10,-1,-1,-1,4,1
201301JI40203,2,21,1,12,0,1,0,0,0,0,3,1,1,1,9,12900,2,6,-1,-1
201301JI40204,1,9,0,4,0,1,0,0,0,0,2,1,6,1,5,-1,-1,-1,4,1
201301JI40204,2,9,0,4,0,1,0,0,0,0,2,1,6,2,5,1124,1,10,2,1
201301JI40204,3,9,0,4,0,1,0,0,0,0,1,1,6,1,9,1329,1,4,8,1
201301JI40205,1,9,0,4,0,0,0,0,0,0,2,1,6,1,6,1995,1,11,3,1
201301JI40205,2,9,0,18,0,0,0,0,0,0,1,1,6,1,-1,1598,1,7,2,1
201301JI40206,1,17,4,12,0,2,0,0,0,0,3,1,1,1,9,-1,-1,-1,2,1
201301JI40206,2,9,0,18,0,2,0,0,0,0,4,1,6,2,11,1388,1,8,4,1
201301JI40207,1,9,0,7,0,8,0,0,0,0,2,1,2,2,7,-1,-1,-1,9,1
201301JI40207,2,19,0,7,0,8,0,0,0,0,1,1,2,1,6,-1,-1,-1,6,1
201301JI40208,1,9,0,16,0,8,0,0,0,0,4,1,2,2,9,2148,2,5,6,1
201301JI40208,2,9,0,16,0,8,0,0,0,0,1,1,6,2,-1,-1,-1,-1,-1,-1
201301JI40209,1,9,0,18,0,1,0,10,1,7,1,1,6,1,4,1390,1,5,1,1
201301JI40210,1,5,0,18,0,1,0,0,0,0,4,1,6,1,4,-1,-1,-1,-1,-1
201301JI40210,2,21,1,12,0,1,0,0,0,0,3,1,1,1,7,-1,-1,-1,-1,-1
201301JI40211,1,9,0,18,0,8,0,0,0,0,4,1,6,1,6,1598,2,2,3,1
201301JI40211,2,9,0,18,0,8,0,0,0,0,1,1,6,1,-1,1124,1,11,2,1
201301JI40212,1,9,0,18,9,0,0,10,1,2,1,1,6,1,6,1598,1,12,1,1
201301JI40213,1,9,0,18,0,1,0,0,0,0,1,1,6,1,9,1910,2,3,4,1
201301JI40214,1,9,0,4,0,0,0,0,0,0,2,1,3,2,7,1248,1,3,3,1
201301JI40214,2,9,0,18,0,0,0,0,0,0,1,1,6,2,8,1242,1,14,5,1
201301JI40215,1,8,0,5,0,1,0,0,0,0,4,1,1,1,7,1910,2,5,5,1
201301JI40216,1,19,0,7,0,5,0,0,0,0,4,1,6,3,-1,-1,-1,-1,-1,-1
201301JI40216,2,1,0,18,0,1,0,0,0,0,3,1,6,1,3,-1,-1,-1,5,1
201301JI40218,1,9,0,7,0,6,0,0,0,0,1,1,6,1,7,1997,2,3,3,1
201301JI40218,2,1,0,18,0,8,0,0,0,0,4,1,6,1,11,-1,-1,-1,6,1
201301JI40219,1,4,0,18,0,1,0,0,0,0,1,1,6,1,10,647,1,18,8,1
201301JI40219,2,1,0,18,0,1,0,0,0,0,2,1,6,2,6,-1,-1,-1,8,1
201301JI40220,1,9,0,4,0,8,0,0,0,0,2,1,1,1,8,1364,1,8,6,1
201301JI40220,2,3,0,18,0,8,0,0,0,0,1,1,1,1,5,124,1,1,2,1
201301JI40222,1,9,0,7,0,2,0,10,7,10,1,1,6,1,9,1598,1,4,6,1
201301JI40223,1,9,0,18,0,2,0,4,0,0,4,1,6,2,10,998,1,12,7,1
201301JI40223,2,9,0,2,0,2,0,0,0,0,3,1,6,3,-1,1896,2,12,-1,-1
201301JI40225,1,9,0,9,0,2,0,0,0,0,1,1,6,2,7,1796,1,6,-1,-1
201301JI40226,1,9,0,18,0,1,0,0,0,0,1,1,6,3,-1,-1,-1,-1,-1,-1
201301JI40228,1,9,0,4,0,8,0,0,0,0,2,1,6,1,9,1998,1,11,5,1
201301JI40228,2,9,0,18,0,8,0,0,0,0,1,1,6,1,-1,-1,-1,-1,-1,-1
201301JI40229,1,5,0,18,0,0,1,0,2,10,1,1,1,2,7,1199,1,8,4,1
201301JI40229,2,9,0,11,0,0,0,0,0,0,2,1,6,2,7,1796,1,10,2,1
201301JI40230,1,9,0,3,0,0,0,0,0,0,3,1,6,2,6,2149,2,6,3,1
201301JI40230,2,11,0,18,0,0,0,0,0,0,3,1,1,1,-1,4461,2,1,-1,-1
201301JI40231,1,9,0,18,0,2,0,0,0,0,1,1,6,3,-1,1229,1,7,-1,-1
201301JI40232,1,9,0,4,0,0,0,0,0,0,0,1,6,1,6,2494,1,14,5,1
201301JI40232,2,9,0,4,0,0,0,0,0,0,1,1,6,2,7,1596,1,11,4,1
201301JI40232,3,9,0,4,0,0,0,0,0,0,1,1,6,1,6,1749,1,9,3,1
201301JI40232,4,9,0,4,0,0,0,0,0,0,2,1,6,2,8,2496,2,11,4,1
201301JI40233,1,11,0,18,0,0,0,0,0,0,0,1,1,1,9,3900,2,7,5,1
201301JI40234,1,3,0,17,0,2,0,0,0,0,3,1,6,1,4,124,1,10,4,1
201301JI40235,1,9,0,18,0,8,0,0,0,0,4,1,6,1,4,1242,1,2,2,1
201301JI40235,2,19,0,9,0,6,0,0,0,0,1,1,6,1,-1,1598,2,-1,-1,-1
201301JI40236,1,9,0,18,0,2,0,0,0,0,1,1,6,1,9,1497,8,5,2,1
201301JI40237,1,9,0,9,0,8,0,0,0,0,4,1,6,1,7,1198,1,5,7,1
201301JI40237,2,19,0,18,0,8,0,0,0,0,1,1,6,3,-1,8500,2,17,-1,-1
201301JI40239,1,9,0,4,0,0,0,0,0,0,2,1,6,2,6,1598,1,5,3,1
201301JI40239,2,19,0,18,0,0,0,0,0,0,1,1,1,1,6,1997,2,4,4,1
201301JI40239,3,9,0,4,0,0,0,0,0,0,2,1,6,2,8,1798,1,3,4,1
201301JI40240,1,9,0,18,0,8,0,0,0,0,4,1,6,1,5,1390,1,4,4,1
201301JI40240,2,9,0,7,0,6,0,0,0,0,1,1,6,1,-1,1149,1,12,-1,-1
201301JI40241,1,19,0,16,0,8,0,0,0,0,1,1,6,1,6,1997,2,8,4,1
201301JI40241,2,9,0,17,0,8,0,0,0,0,1,1,1,1,-1,-1,-1,-1,-1,-1
201301JI40242,1,8,0,4,0,1,0,0,0,0,2,1,1,1,8,3628,2,5,5,1
201301JI40242,2,9,0,18,0,1,0,0,0,0,1,1,2,2,4,1124,1,8,6,1
201301JI40243,1,21,1,18,0,0,0,0,0,0,3,1,1,1,7,12777,2,6,6,2
201301JI40243,2,9,0,11,0,0,0,0,0,0,3,1,6,2,7,1498,1,7,-1,-1
201301JI40244,1,11,0,18,0,1,0,0,0,0,0,1,1,1,7,6700,2,2,4,1
201301JI40245,1,3,0,18,0,1,0,0,0,0,1,1,6,1,4,124,1,4,5,1
201301JI40245,2,9,0,18,0,1,0,0,0,0,2,1,6,1,7,-1,-1,-1,6,1
201301JI40246,1,9,0,18,0,8,0,0,0,0,1,1,6,2,7,1997,1,14,6,1
201301JI40246,2,9,0,9,0,8,0,0,0,0,4,1,6,2,7,2204,2,8,4,1
201301JI40247,1,19,0,4,0,0,0,0,0,0,1,1,6,1,6,1461,2,5,3,1
201301JI40247,2,9,0,4,0,0,0,0,0,0,2,1,6,2,7,1598,1,10,2,1
201301JI40247,3,9,0,4,0,0,0,10,1,10,1,1,6,1,6,1388,1,7,7,1
201301JI40248,1,9,0,18,0,8,0,0,0,0,1,1,6,1,9,2996,1,6,6,1
201301JI40248,2,1,0,9,0,8,0,0,0,0,4,1,6,1,3,-1,-1,-1,-1,-1
201301JI40249,1,9,0,18,0,1,0,0,0,0,1,1,6,2,4,1229,1,3,2,1
201301JI40250,1,9,0,3,0,1,0,0,0,0,1,1,6,1,8,1896,2,9,2,1
201301JI40250,2,8,0,1,0,1,0,0,0,0,2,1,1,1,-1,1896,2,5,-1,-1
201301JI40251,1,9,0,18,0,1,0,0,0,0,1,1,6,1,5,1242,1,15,3,1
201301JI40251,2,9,0,4,0,1,0,0,0,0,2,1,6,2,7,1497,8,8,5,1
201301JI40252,1,9,0,4,0,1,0,0,0,0,1,1,6,2,9,1587,1,11,8,1
201301JI40252,2,9,0,3,0,1,0,0,0,0,2,1,6,2,6,2148,2,5,2,1
201301JI40252,3,9,0,3,0,1,0,0,0,0,2,1,6,1,6,1461,2,2,-1,-1
201301JI40252,4,9,0,3,0,1,0,0,0,0,2,1,6,2,4,998,1,13,-1,-1