Accident_Index,Vehicle_Reference,Vehicle_Type,Towing_and_Articulation,Vehicle_Manoeuvre,Vehicle_Location-Restricted_Lane,Junction_Location,Skidding_and_Overturning,Hit_Object_in_Carriageway,Vehicle_Leaving_Carriageway,Hit_Object_off_Carriageway,1st_Point_of_Impact,Was_Vehicle_Left_Hand_Drive?,Journey_Purpose_of_Driver,Sex_of_Driver,Age_Band_of_Driver,Engine_Capacity_(CC),Propulsion_Code,Age_of_Vehicle,Driver_IMD_Decile,Driver_Home_Area_Type
201301JI40437,1,9,0,7,0,8,0,0,0,0,3,2,6,1,7,-1,-1,-1,2,1
201301JI40437,2,20,0,17,0,8,0,0,0,0,1,1,6,3,-1,-1,-1,-1,-1,-1
201301JI40438,1,9,0,18,0,0,0,0,0,0,1,1,6,2,5,1240,1,7,2,1
201301JI40439,1,9,0,18,0,1,0,0,0,0,2,1,6,1,8,1389,1,14,2,1
201301JI40439,2,9,0,18,0,1,0,0,0,0,1,1,6,1,6,1061,1,8,5,1
201301JI40440,1,9,0,18,0,2,0,10,5,6,3,1,6,2,5,998,1,8,-1,-1
201301JI40440,2,9,0,18,0,2,0,0,0,0,3,1,6,2,6,1596,1,11,2,1
201301JI40441,1,9,0,9,0,8,0,0,0,0,3,1,6,2,6,1390,1,1,9,1
201301JI40441,2,9,0,18,0,8,0,0,0,0,1,1,6,2,8,1596,1,-1,3,1
201301JI40442,1,9,0,4,0,8,0,0,0,0,1,1,6,2,6,1600,1,2,5,1
201301JI40442,2,9,0,4,0,8,0,0,0,0,2,1,6,1,10,1799,1,16,8,1
201301JI40443,1,9,0,18,0,2,0,0,0,0,1,1,6,1,6,2979,1,11,3,1
201301JI40444,1,9,0,3,0,1,0,0,0,0,2,1,6,2,9,1398,1,3,7,1
201301JI40444,2,9,0,4,0,1,0,0,0,0,1,1,6,3,-1,2926,2,10,-1,-1
201301JI40445,1,9,0,18,0,8,0,0,0,0,1,1,6,2,5,1598,1,14,3,1
201301JI40445,2,9,0,9,0,8,0,0,0,0,4,1,6,1,6,1999,1,5,3,1
201301JI40446,1,9,0,4,0,1,0,0,0,0,2,1,6,2,5,-1,-1,-1,8,1
201301JI40446,2,9,0,18,0,1,0,0,0,0,1,1,6,1,-1,6208,1,-1,-1,-1
201301JI40447,1,9,0,18,0,1,0,0,0,0,1,1,6,3,-1,1229,1,3,-1,-1
201301JI40448,1,8,0,17,0,8,0,0,0,0,1,1,1,1,9,1796,1,3,2,1
201301JI40448,2,9,0,17,0,8,0,0,0,0,2,1,6,2,8,2720,2,4,8,1
201301JI40449,1,3,0,18,0,1,0,0,0,0,3,1,6,1,4,125,1,1,-1,-1
201301JI40449,2,9,0,11,0,1,0,0,0,0,4,1,6,3,-1,-1,-1,-1,-1,-1
201301JI40450,1,19,0,12,0,1,0,0,0,0,3,1,2,1,6,1996,2,3,4,1
201301JI40450,2,9,0,18,0,1,0,0,0,0,4,1,6,1,7,1896,2,10,8,1
201301JI40451,1,9,0,18,0,1,0,0,0,0,3,1,6,1,6,2300,1,16,5,1
201301JI40451,2,9,0,11,0,1,0,0,0,0,4,1,6,3,-1,-1,-1,-1,-1,-1
201301JI40454,1,9,0,3,0,8,0,0,0,0,2,1,6,2,6,1364,1,7,2,1
201301JI40454,2,9,0,3,0,8,0,0,0,0,2,1,6,1,6,1799,1,17,6,1
201301JI40454,3,19,0,4,0,8,0,0,0,0,1,1,1,1,8,1870,2,7,1,1
201301JI40455,1,9,0,4,0,1,0,0,0,0,2,1,6,1,7,1596,1,7,8,1
201301JI40455,2,9,0,4,0,1,0,0,0,0,1,1,6,2,-1,1997,2,4,-1,-1
201301JI40456,1,11,0,3,0,0,0,0,0,0,0,1,1,2,-1,7300,2,8,-1,-1
201301JI40457,1,19,0,2,0,0,0,0,0,0,1,1,6,1,6,-1,-1,-1,2,1
201301JI40457,2,9,0,1,0,0,0,4,0,0,2,1,6,1,-1,1590,1,11,-1,-1
201301JI40459,1,9,0,18,0,8,0,0,0,0,1,1,6,1,11,1388,1,6,5,1
201301JI40459,2,3,0,18,0,8,0,0,0,0,4,1,6,1,9,125,1,6,3,1
201301JI40461,1,9,0,17,0,8,0,0,0,0,3,1,6,2,11,1198,1,2,3,1
201301JI40461,2,9,0,18,0,8,0,0,0,0,1,1,6,2,-1,1769,1,13,4,1
201301JI40462,1,9,0,18,0,1,0,0,0,0,1,1,6,1,9,1598,1,1,2,1
201301JI40462,2,1,0,18,0,1,0,0,0,0,2,1,6,1,-1,-1,-1,-1,-1,-1
201301JI40463,1,9,0,18,0,1,0,0,0,0,1,1,6,1,4,-1,-1,-1,4,1
201301JI40463,2,1,0,18,0,1,0,0,0,0,3,1,6,1,2,-1,-1,-1,4,1
201301JI40464,1,19,0,18,0,8,0,0,0,0,4,1,1,1,5,2143,2,4,3,1
201301JI40464,2,9,0,18,0,8,0,0,0,0,1,1,6,2,5,1299,1,14,4,1
201301JI40466,1,9,0,18,0,8,0,0,0,0,4,1,6,2,7,1390,1,4,5,1
201301JI40466,2,9,0,7,0,8,0,0,0,0,1,1,6,1,4,1598,1,8,9,1
201301JI40468,1,19,0,4,0,0,0,0,0,0,2,1,6,1,7,2500,2,6,5,1
201301JI40468,2,9,0,18,0,0,0,0,0,0,1,1,6,1,4,1360,1,13,7,1
201301JI40469,1,3,0,18,0,8,0,0,0,0,1,1,6,1,7,125,1,-1,8,1
201301JI40469,2,9,0,18,0,8,0,0,0,0,4,1,6,1,-1,2993,2,9,2,1
201301JI40470,1,9,0,18,0,0,0,0,0,0,3,1,6,1,7,1910,2,7,6,1
201301JI40470,2,9,0,6,0,0,0,0,0,0,1,1,6,1,-1,1995,2,9,6,1
201301JI40471,1,9,0,4,0,1,0,0,0,0,2,1,6,1,9,1589,1,16,-1,-1
201301JI40471,2,9,0,4,0,1,0,0,0,0,1,1,6,2,9,1596,1,11,-1,-1
201301JI40473,1,9,0,11,0,8,0,0,0,0,4,1,6,1,-1,1598,1,2,-1,-1
201301JI40473,2,5,0,18,0,8,0,0,0,0,3,1,6,1,6,675,1,1,-1,-1
201301JI40474,1,9,0,18,0,8,0,0,0,0,2,1,6,1,6,2497,2,9,5,1
201301JI40474,2,9,0,18,0,8,0,0,0,0,1,1,1,1,6,1598,2,1,-1,-1
201301JI40475,1,9,0,11,0,1,0,0,0,0,4,1,6,3,-1,-1,-1,-1,-1,-1
201301JI40475,2,1,0,18,0,1,0,0,0,0,3,1,6,1,9,-1,-1,-1,2,1
201301JI40476,1,9,0,18,0,8,0,0,0,0,4,1,6,2,7,1995,2,11,5,1
201301JI40476,2,9,0,18,0,8,0,0,0,0,1,1,6,2,8,1995,2,1,-1,-1
201301JI40477,1,9,0,16,0,2,0,0,0,0,1,1,6,1,6,1248,2,9,2,1
201301JI40477,2,9,0,18,0,1,0,0,0,0,1,1,6,1,6,1596,1,9,7,1
201301JI40478,1,9,0,18,0,8,0,0,0,0,1,1,6,2,10,1498,1,6,-1,-1
201301JI40479,1,9,0,18,0,2,0,0,0,0,1,1,6,2,6,-1,-1,-1,4,1
201301JI40479,2,1,0,18,0,2,0,0,0,0,3,1,6,1,3,-1,-1,-1,-1,-1
201301JI40480,1,9,0,18,0,2,0,0,0,0,1,1,6,2,7,1396,1,10,-1,-1
201301JI40482,1,9,0,18,4,2,0,0,0,0,1,1,6,1,10,2979,1,11,10,2
201301JI40482,2,1,0,18,0,2,0,0,0,0,2,1,6,1,7,-1,-1,-1,-1,-1
201301JI40483,1,1,0,18,0,1,0,0,0,0,1,1,6,1,7,-1,-1,-1,5,1
201301JI40483,2,9,0,5,0,1,0,0,0,0,3,1,6,2,-1,1498,1,6,-1,-1
201301JI40485,1,9,0,4,0,1,0,0,0,0,2,1,6,1,7,1461,2,4,4,1
201301JI40485,2,2,0,4,0,1,0,0,0,0,1,1,6,1,4,-1,-1,-1,7,1
201301JI40486,1,21,1,18,0,8,0,0,0,0,1,1,6,1,7,-1,-1,-1,3,1
201301JI40486,2,9,0,7,0,8,0,0,0,0,3,1,6,1,8,-1,-1,-1,3,1
201301JI40487,1,11,0,18,0,1,0,0,0,0,0,1,1,2,6,8268,2,11,-1,-1
201301JI40488,1,9,0,3,0,2,0,0,0,0,2,1,6,1,8,2143,2,1,-1,-1
201301JI40488,2,9,0,5,0,2,0,0,0,0,1,1,6,1,6,1995,2,4,5,1
201301JI40489,1,9,0,18,0,1,0,0,0,0,1,1,6,1,10,2198,1,12,3,1
201301JI40490,1,1,0,18,0,8,0,0,0,0,3,1,6,1,6,-1,-1,-1,2,1
201301JI40490,2,9,0,9,0,8,0,0,0,0,1,1,6,1,-1,-1,-1,-1,-1,-1
201301JI40491,1,9,0,3,0,1,0,0,0,0,2,1,6,2,7,1596,1,5,2,1
201301JI40491,2,9,0,4,0,1,0,0,0,0,1,1,6,3,-1,-1,-1,-1,-1,-1
201301JI40492,1,3,0,18,0,8,0,0,0,0,2,1,6,1,7,125,1,1,7,1
201301JI40492,2,9,0,13,0,8,0,0,0,0,1,1,6,3,-1,1868,2,14,-1,-1
201301JI40493,1,9,0,18,0,8,0,10,1,2,4,1,6,1,9,1598,1,1,3,1
201301JI40493,2,9,0,7,0,8,0,0,0,0,1,1,6,2,9,1242,1,14,5,1
201301JI40495,1,9,0,18,0,1,0,0,0,0,1,1,6,1,9,-1,-1,-1,6,1
201301JI40496,1,9,0,4,0,8,0,0,0,0,2,1,1,2,-1,-1,-1,-1,-1,-1
201301JI40496,2,9,0,4,0,8,0,0,0,0,1,1,6,2,4,1984,1,7,3,1
201301JI40497,1,9,0,4,0,1,0,0,0,0,2,1,6,1,10,1597,1,15,2,1
201301JI40497,2,9,0,4,0,1,0,0,0,0,2,1,6,2,5,1995,1,4,8,1
201301JI40497,3,9,0,18,0,1,0,0,0,0,1,1,6,3,-1,-1,-1,-1,-1,-1
201301JI40498,1,4,0,18,9,1,0,10,0,0,1,1,6,1,8,234,1,19,1,1
201301JI40498,2,19,0,2,9,1,0,0,0,0,2,1,6,3,-1,-1,-1,-1,-1,-1
201301JI40499,1,9,0,7,0,0,0,0,0,0,2,1,6,2,7,998,1,14,4,1
201301JI40499,2,9,0,4,0,0,0,0,1,0,1,1,6,2,-1,3222,2,10,4,1
201301JI40500,1,9,0,3,0,1,0,0,0,0,2,1,6,2,6,1299,1,12,1,1
201301JI40500,2,9,0,4,0,1,0,0,0,0,1,1,6,1,7,1587,1,12,2,1
201301JI40501,1,19,0,11,0,0,0,0,0,0,4,1,1,1,5,2198,2,1,6,1
201301JI40501,2,9,0,18,0,0,0,0,0,0,3,1,6,1,4,1388,1,7,6,1
201301JI40502,1,9,0,18,0,8,0,0,0,0,4,1,6,2,6,1598,1,8,8,1
201301JI40502,2,8,0,12,0,8,0,0,0,0,3,1,1,1,-1,2499,2,6,-1,-1
201301JI40503,1,9,0,17,0,8,0,0,0,0,2,1,6,1,5,1598,1,2,6,1
201301JI40503,2,19,0,17,0,8,0,0,0,0,1,1,6,1,-1,1998,2,11,-1,-1
201301JI40504,1,9,0,4,0,0,0,0,0,0,2,1,6,1,6,1968,2,6,4,1
201301JI40504,2,9,0,18,0,0,0,0,0,0,1,1,6,1,4,1995,2,8,2,1
201301JI40504,3,9,0,4,0,0,0,0,0,0,2,1,6,1,9,1968,2,3,3,1
201301JI40505,1,3,0,18,0,0,0,0,0,0,3,1,6,1,8,124,1,5,-1,-1
201301JI40505,2,9,0,11,0,0,0,0,0,0,4,1,6,3,-1,-1,-1,-1,-1,-1
201301JI40506,1,9,0,18,0,1,0,0,0,0,1,1,6,2,7,998,1,3,8,1
201301JI40507,1,9,0,18,0,8,0,0,0,0,1,1,6,2,9,1598,1,7,5,1
201301JI40507,2,9,0,9,0,8,0,0,0,0,1,1,6,1,5,1386,1,10,5,1
201301JI40508,1,9,0,3,0,1,0,0,0,0,3,1,6,1,7,1999,1,2,3,1
201301JI40508,2,9,0,11,0,1,0,0,0,0,4,1,6,1,-1,1753,2,12,-1,-1
201301JI40509,1,9,0,18,0,0,0,10,5,6,1,1,2,1,4,1149,1,9,8,1
201301JI40510,1,8,0,4,0,1,0,0,0,0,2,1,6,1,7,1896,2,3,3,1
201301JI40510,2,9,0,18,0,1,0,0,0,0,1,1,6,1,8,999,1,15,4,1
201301JI40511,1,9,0,9,0,8,0,0,0,0,4,1,6,2,7,2987,2,7,5,1
201301JI40511,2,1,0,18,0,8,0,0,0,0,1,1,6,1,6,-1,-1,-1,7,1
201301JI40512,1,9,0,9,0,8,0,0,0,0,1,1,6,1,6,1896,2,6,4,1
201301JI40512,2,3,0,18,0,8,0,0,0,0,3,1,2,1,5,125,1,1,8,1
201301JI40513,1,9,0,18,0,1,0,10,1,10,1,1,2,1,8,1896,2,10,3,1
201301JI40514,1,9,0,4,0,0,0,0,0,0,2,1,6,1,10,1956,2,1,9,1
201301JI40514,2,5,0,4,0,0,0,0,0,0,1,1,6,1,6,998,1,2,5,1
201301JI40515,1,5,0,18,0,0,0,0,0,0,4,1,6,1,6,599,1,12,6,1
201301JI40515,2,9,0,5,0,0,0,0,0,0,3,1,6,1,6,2979,1,10,3,1
201301JI40516,1,9,0,18,0,0,0,0,0,0,3,1,1,1,7,1299,1,5,-1,-1
201301JI40516,2,21,1,11,0,0,0,0,0,0,4,1,1,1,5,9290,2,1,-1,-1
201301JI40517,1,9,0,4,0,1,0,0,0,0,2,1,6,2,6,1995,1,4,1,1
201301JI40517,2,9,0,18,0,1,0,0,0,0,1,1,6,2,7,1299,1,12,5,1
201301JI40518,1,9,0,18,0,8,0,0,0,0,3,1,6,1,5,1988,1,12,3,1
201301JI40518,2,9,0,9,0,8,0,0,0,0,1,1,6,1,6,1968,2,4,3,1
201301JI40519,1,9,0,4,0,1,0,0,0,0,2,1,6,1,5,-1,-1,-1,2,1
201301JI40519,2,9,0,18,0,1,0,0,0,0,1,1,6,1,-1,2993,2,7,-1,-1
201301JI40520,1,11,0,18,0,0,0,0,0,0,0,1,1,1,8,8268,2,8,-1,-1
201301JI40521,1,9,0,3,0,1,0,0,0,0,2,1,1,1,9,1399,2,3,-1,-1
201301JI40521,2,9,0,18,0,1,0,0,0,0,1,1,6,1,-1,1995,2,9,-1,-1
201301JI40522,1,9,0,18,0,2,0,0,0,0,1,1,1,1,-1,-1,-1,-1,5,1
201301JI40523,1,1,0,18,0,1,0,0,0,0,3,1,6,2,8,-1,-1,-1,6,1
201301JI40523,2,9,0,13,0,1,0,0,0,0,4,1,6,1,-1,1984,1,3,8,1
201301JI40524,1,1,0,18,0,0,0,0,0,0,1,1,6,1,6,-1,-1,-1,3,1
201301JI40524,2,9,0,1,0,0,0,0,0,0,2,1,6,1,8,1596,1,4,4,1
201301JI40525,1,9,0,4,0,1,0,0,0,0,2,1,6,2,9,1988,1,13,3,1
201301JI40525,2,9,0,18,0,1,0,0,0,0,1,1,6,2,-1,1339,1,11,-1,-1
201301JI40526,1,9,0,18,0,8,0,0,0,0,1,1,6,2,5,1598,1,3,3,1
201301JI40526,2,3,0,9,0,8,0,0,0,0,3,1,6,1,5,124,1,4,2,1
201301JI40527,1,9,0,18,0,1,0,0,0,0,1,1,6,3,-1,1242,1,3,-1,-1
201301JI40528,1,9,0,16,9,0,0,10,7,0,3,1,6,1,6,1910,2,8,3,1
201301JI40529,1,9,0,14,0,0,0,0,0,0,1,1,6,1,4,1582,2,1,7,3
201301JI40530,1,3,0,18,0,8,0,0,0,0,4,1,6,1,5,124,1,2,7,1
201301JI40530,2,9,0,9,0,8,0,0,0,0,1,1,6,2,-1,1796,1,9,3,1
201301JI40531,1,9,0,14,0,8,0,0,0,0,1,1,6,1,7,-1,-1,-1,5,1
201301JI40531,2,5,0,9,0,8,0,0,0,0,3,1,6,1,6,675,1,2,4,1
201301JI40532,1,9,0,18,0,1,0,0,0,0,3,1,6,1,10,1769,1,10,5,1
201301JI40533,1,9,0,3,0,0,0,0,0,0,2,1,6,1,8,2494,1,12,2,1
201301JI40533,2,9,0,18,0,0,0,0,0,0,1,1,6,1,7,2401,2,9,3,1
201301JI40534,1,9,0,7,0,8,0,0,0,0,1,1,6,3,-1,-1,-1,-1,-1,-1
201301JI40534,2,1,0,18,0,8,0,0,0,0,4,1,2,1,7,-1,-1,-1,7,1
201301JI40535,1,9,0,18,0,0,0,0,0,0,1,1,6,1,6,1600,1,9,5,1
201301JI40535,2,9,0,5,0,0,0,0,0,0,3,1,6,1,6,1794,1,8,4,1
201301JI40536,1,1,0,18,0,0,0,0,0,0,3,1,6,2,-1,-1,-1,-1,2,1
201301JI40536,2,9,0,13,0,0,0,0,0,0,4,1,6,3,-1,-1,-1,-1,-1,-1
201301JI40537,1,9,0,10,0,1,0,0,0,0,2,1,6,1,7,1595,1,5,7,1
201301JI40537,2,9,0,18,0,1,0,0,0,0,1,1,6,2,-1,1498,1,6,-1,-1
201301JI40538,1,1,0,18,0,1,0,0,0,0,2,1,6,1,6,-1,-1,-1,3,1
201301JI40538,2,9,0,18,0,1,0,0,0,0,1,1,6,1,-1,1598,2,1,-1,-1
201301JI40539,1,9,0,4,0,0,0,0,0,0,2,1,6,1,8,2143,2,-1,8,1
201301JI40539,2,9,0,18,0,0,0,0,0,0,1,1,6,1,-1,1762,1,15,-1,-1
201301JI40540,1,9,0,6,0,2,0,0,0,0,3,1,1,2,6,1995,2,7,3,1
201301JI40540,2,5,0,13,0,2,0,0,0,0,4,1,1,1,7,599,1,6,5,1
201301JI40541,1,3,0,17,0,8,0,0,0,0,2,1,6,1,6,100,1,9,3,1
201301JI40541,2,9,0,17,0,8,0,0,0,0,1,1,6,1,5,1596,1,-1,4,1
201301JI40542,1,3,0,18,0,0,0,0,0,0,4,1,1,1,6,107,1,10,2,1
201301JI40542,2,19,0,12,0,0,0,0,0,0,3,1,6,3,-1,-1,-1,-1,-1,-1
201301JI40544,1,9,0,17,0,8,0,0,0,0,2,1,6,2,7,1364,1,6,4,1
201301JI40544,2,9,0,17,0,8,0,0,0,0,1,1,6,2,-1,-1,-1,-1,-1,-1
201301JI40546,1,3,0,18,0,0,0,0,0,0,3,1,6,1,7,-1,-1,-1,6,1
201301JI40548,1,9,0,3,0,1,0,0,0,0,2,1,6,2,8,3724,1,10,10,1
201301JI40548,2,9,0,18,0,1,0,0,0,0,1,1,6,1,-1,2000,2,4,-1,-1
201301JI40549,1,11,0,3,0,0,0,0,0,0,0,1,1,1,-1,6700,2,1,-1,-1
201301JI40550,1,9,0,9,0,8,0,0,0,0,1,1,6,1,8,1798,1,12,9,1
201301JI40550,2,9,0,18,0,8,0,0,0,0,1,1,6,1,6,1598,1,5,2,1
201301JI40551,1,9,0,5,0,0,0,0,0,0,3,1,6,2,6,1991,2,8,3,1
201301JI40551,2,9,0,18,0,0,0,0,0,0,4,1,6,3,-1,1587,1,10,-1,-1
201301JI40552,1,3,0,13,0,8,0,0,0,0,4,1,1,1,5,125,1,7,6,1
201301JI40552,2,9,0,9,0,8,0,0,0,0,3,1,6,1,8,1596,1,6,6,1
201301JI40553,1,9,0,18,0,0,0,0,0,0,3,1,6,2,9,1560,2,1,3,1
201301JI40554,1,9,0,7,0,8,0,0,0,0,3,1,6,1,6,1990,1,10,2,1
201301JI40554,2,9,0,16,0,8,0,0,0,0,1,1,6,1,5,1798,1,3,8,1
201301JI40555,1,3,0,18,0,8,0,0,0,0,1,1,1,1,6,124,1,14,1,1
201301JI40555,2,9,0,18,0,8,0,0,0,0,3,1,6,2,7,1598,1,8,2,1
201301JI40557,1,9,0,18,0,1,0,0,0,0,4,1,6,2,6,1149,1,11,3,1
201301JI40558,1,9,0,18,0,1,0,0,0,0,1,1,6,1,8,1242,1,7,6,1
201301JI40559,1,9,0,3,0,1,0,0,0,0,2,1,6,2,5,1598,1,9,6,1
201301JI40559,2,9,0,18,0,1,0,0,0,0,1,1,6,2,-1,1396,1,12,-1,-1
201301JI40560,1,9,0,18,0,0,0,0,0,0,2,1,6,1,5,1229,1,6,2,1
201301JI40560,2,9,0,18,0,0,0,0,0,0,1,1,6,3,-1,-1,-1,-1,-1,-1
201301JI40561,1,9,0,18,0,2,0,0,0,0,2,1,6,1,6,1248,2,2,3,1
201301JI40561,2,9,0,18,0,2,0,0,0,0,1,1,6,3,-1,-1,-1,-1,-1,-1
201301JI40562,1,9,0,18,0,0,0,0,0,0,4,1,6,2,7,2180,2,16,3,1
201301JI40562,2,1,0,18,0,0,0,0,0,0,1,1,6,1,5,-1,-1,-1,3,1
201301JI40563,1,9,0,2,0,0,0,0,0,0,2,1,6,1,6,1598,1,11,8,1
201301JI40563,2,9,0,18,0,0,0,4,0,0,1,1,6,2,7,1390,1,8,3,1
201301JI40564,1,9,0,18,0,0,0,0,0,0,3,1,1,1,9,1588,1,9,3,1
201301JI40564,2,19,0,18,0,0,0,0,0,0,3,1,6,1,-1,1870,2,9,-1,-1
201301JI40565,1,9,0,18,0,2,0,0,0,0,1,1,1,1,6,1968,2,4,9,1
201301JI40565,2,9,0,4,0,2,0,0,0,0,2,1,6,1,6,1339,1,1,2,1
201301JI40566,1,9,0,18,0,0,0,0,0,0,4,1,6,1,7,1332,1,15,5,1
201301JI40566,2,9,0,12,0,0,0,0,0,0,3,1,6,2,-1,1587,1,8,-1,-1
201301JI40567,1,9,0,18,0,8,0,0,0,0,1,1,6,1,10,-1,-1,-1,-1,-1
201301JI40567,2,9,0,18,0,8,0,0,0,0,4,1,6,1,8,1397,1,9,6,1
201301JI40568,1,9,0,4,0,1,0,0,0,0,2,1,6,2,6,1995,2,2,8,1
201301JI40568,2,9,0,18,0,1,0,0,0,0,1,1,6,1,-1,1970,1,13,-1,-1
201301JI40569,1,9,0,18,0,8,0,0,0,0,4,1,6,1,6,2494,1,8,1,1
201301JI40569,2,19,0,7,0,8,0,0,0,0,1,1,6,1,-1,1998,2,7,-1,-1
201301JI40570,1,9,0,4,0,0,0,0,0,0,2,1,6,1,6,1995,2,7,8,1
201301JI40570,2,9,0,4,0,0,0,0,0,0,2,1,6,2,11,1329,1,2,9,1
201301JI40570,3,9,0,18,0,0,0,0,0,0,1,1,6,2,4,1299,1,11,6,1
201301JI40571,1,9,0,7,0,5,0,0,0,0,4,1,3,1,7,-1,-1,-1,5,1
201301JI40571,2,1,0,18,0,1,0,0,0,0,3,1,6,1,6,-1,-1,-1,2,1
201301JI40572,1,9,0,9,0,8,0,0,0,0,1,1,6,1,5,1598,1,4,6,1
201301JI40572,2,9,0,18,0,8,0,0,0,0,3,1,6,1,8,1997,1,7,4,1
201301JI40574,1,9,0,18,0,0,0,0,0,0,1,1,6,1,9,1796,1,8,6,1
201301JI40575,1,9,0,18,0,0,0,0,0,0,1,1,6,2,7,1997,1,6,2,1
201301JI40576,1,9,0,17,0,0,0,0,0,0,1,1,6,1,5,1388,1,5,-1,-1
201301JI40577,1,3,0,4,0,8,0,0,0,0,0,1,6,1,6,-1,-1,-1,7,1
201301JI40577,2,19,0,18,0,8,0,0,0,0,0,1,6,1,7,-1,-1,-1,-1,-1
201301JI40578,1,9,0,13,0,1,0,0,0,0,4,1,6,1,-1,1794,1,8,3,1
201301JI40578,2,1,0,18,0,1,0,0,0,0,3,1,2,1,6,-1,-1,-1,3,1
201301JI40581,1,9,0,18,0,0,0,0,0,0,1,1,2,1,6,2494,1,19,2,1
201301JI40581,2,1,0,18,0,0,0,0,0,0,2,1,6,1,2,-1,-1,-1,6,1
201301JI40583,1,9,0,8,0,1,0,0,0,0,2,1,6,1,7,1796,1,5,4,1
201301JI40583,2,9,0,18,0,1,0,0,0,0,1,1,6,2,-1,1597,1,5,-1,-1
201301JI40584,1,9,0,4,0,0,0,0,0,0,2,1,2,1,10,1598,1,6,10,1
201301JI40584,2,9,0,18,0,0,0,0,0,0,1,1,6,1,-1,2993,2,1,-1,-1
201301JI40586,1,9,0,18,0,8,0,0,0,0,1,1,6,1,5,1296,1,7,2,1
201301JI40586,2,5,0,18,0,8,0,0,0,0,4,1,6,1,4,598,1,13,4,1
201301JI40587,1,9,0,6,0,0,0,0,0,0,3,1,2,2,8,998,1,14,3,1
201301JI40587,2,19,0,18,0,0,0,0,0,0,1,1,1,1,8,2148,2,8,2,1
201301JI40588,1,9,0,18,0,0,0,4,0,0,1,1,6,2,-1,1597,1,20,3,1
201301JI40588,2,9,0,2,0,0,0,0,0,0,1,1,6,2,-1,1349,1,9,3,1
201301JI40589,1,9,0,4,0,0,0,0,0,0,2,1,2,2,6,1798,1,11,2,1
201301JI40589,2,9,0,18,0,0,0,0,0,0,1,1,1,1,-1,-1,-1,-1,-1,-1
201301JI40591,1,9,0,9,0,2,0,0,0,0,1,1,6,3,-1,-1,-1,-1,-1,-1
201301JI40592,1,11,0,5,0,1,0,0,0,0,0,1,1,1,9,6700,2,2,3,1
201301JI40593,1,9,0,18,0,0,0,0,0,0,1,1,6,1,9,1598,1,12,4,1
201301JI40593,2,9,0,4,0,0,0,0,0,0,2,1,6,1,5,1388,1,10,2,1
201301JI40594,1,11,0,18,0,1,0,0,0,0,1,1,1,2,8,6700,2,2,-1,-1
201301JI40595,1,19,0,4,0,1,0,0,0,0,2,1,1,1,7,10837,2,1,2,1
201301JI40595,2,19,0,4,0,1,0,0,0,0,1,1,1,1,10,1997,2,7,3,1
201301JI40596,1,9,0,4,0,1,0,0,0,0,1,1,6,2,7,1998,2,6,6,1
201301JI40596,2,9,0,4,0,1,0,0,0,0,2,1,6,1,7,1461,2,4,4,1
201301JI40598,1,9,0,18,0,8,0,0,0,0,4,1,6,2,8,998,1,-1,7,1
201301JI40598,2,9,0,18,0,8,0,0,0,0,1,1,6,1,6,1339,1,8,-1,-1
201301JI40599,1,3,0,18,0,1,0,0,0,0,0,1,1,1,6,124,1,10,3,1
201301JI40600,1,1,0,18,0,1,0,0,0,0,2,1,6,1,3,-1,-1,-1,-1,-1
201301JI40600,2,9,0,13,0,1,0,0,0,0,1,1,6,3,-1,1390,1,12,-1,-1
201301JI40602,1,19,0,5,0,1,0,0,0,0,3,1,6,1,7,2151,2,12,4,1
201301JI40602,2,3,0,13,0,1,0,0,0,0,1,1,6,1,5,124,1,5,6,1
201301JI40603,1,9,0,5,0,1,0,0,0,0,1,1,6,1,8,1998,2,6,3,1
201301JI40604,1,9,0,4,0,1,0,0,0,0,2,1,6,2,8,1598,1,9,2,1
201301JI40604,2,19,0,18,0,1,0,0,0,0,1,1,6,1,-1,1753,2,5,-1,-1
201301JI40605,1,8,0,1,0,1,0,0,0,0,4,1,2,1,8,2776,2,5,6,1
201301JI40605,2,9,0,18,0,1,0,0,0,0,1,1,6,2,-1,-1,-1,-1,2,1
201301JI40606,1,9,0,3,0,8,0,0,0,0,2,1,6,2,6,2148,2,8,7,1
201301JI40606,2,9,0,4,0,8,0,0,0,0,1,1,6,1,-1,1984,1,6,-1,-1
201301JI40607,1,9,0,9,0,8,0,0,0,0,1,1,6,1,10,1598,1,15,6,1
201301JI40607,2,9,0,9,0,8,0,0,0,0,1,1,6,2,5,1997,1,9,7,1
201301JI40608,1,9,0,18,0,1,0,0,0,0,3,1,6,2,5,-1,-1,-1,5,3
201301JI40608,2,9,0,18,0,2,0,0,0,0,1,1,6,3,-1,-1,-1,-1,-1,-1
201301JI40609,1,9,0,18,0,1,0,0,0,0,1,1,6,1,-1,-1,-1,-1,-1,-1
201301JI40610,1,9,0,9,0,8,0,0,0,0,1,1,6,1,5,1596,1,14,4,1
201301JI40610,2,1,0,18,0,8,0,0,0,0,3,1,2,1,8,-1,-1,-1,9,1
201301JI40612,1,9,0,18,0,1,0,0,0,0,1,1,6,1,7,1560,2,8,5,1
201301JI40614,1,19,0,12,0,1,0,0,0,0,3,1,1,1,5,1998,2,8,3,1
201301JI40614,2,3,0,18,0,1,0,0,0,0,4,1,6,1,5,-1,-1,-1,6,1
201301JI40615,1,3,0,4,0,1,1,0,0,0,1,1,6,1,4,124,1,4,4,1
201301JI40615,2,9,0,3,0,1,0,0,0,0,2,1,6,2,6,1988,1,11,6,1
201301JI40616,1,9,0,12,0,1,0,0,0,0,2,1,6,1,5,998,1,5,5,1
201301JI40616,2,4,0,4,0,1,0,0,0,0,1,1,6,1,5,125,1,3,2,1