Accident_Index,Vehicle_Reference,Vehicle_Type,Towing_and_Articulation,Vehicle_Manoeuvre,Vehicle_Location-Restricted_Lane,Junction_Location,Skidding_and_Overturning,Hit_Object_in_Carriageway,Vehicle_Leaving_Carriageway,Hit_Object_off_Carriageway,1st_Point_of_Impact,Was_Vehicle_Left_Hand_Drive?,Journey_Purpose_of_Driver,Sex_of_Driver,Age_Band_of_Driver,Engine_Capacity_(CC),Propulsion_Code,Age_of_Vehicle,Driver_IMD_Decile,Driver_Home_Area_Type
201301KD50031,1,9,0,2,0,0,0,0,0,0,3,1,6,1,10,1591,1,1,9,1
201301KD50031,2,19,0,18,0,0,0,8,0,0,1,1,6,3,-1,-1,-1,-1,-1,-1
201301KD50032,1,19,0,18,0,2,0,8,0,0,1,1,6,1,4,2402,2,7,5,1
201301KD50032,2,20,1,18,0,2,0,0,0,0,2,1,1,1,-1,11021,2,9,-1,-1
201301KD50033,1,1,0,17,0,8,0,0,0,0,1,1,2,1,8,-1,-1,-1,2,1
201301KD50034,1,19,0,18,0,1,0,7,0,0,1,1,6,1,5,1560,2,1,7,1
201301KD50035,1,9,0,18,0,0,1,0,0,0,1,1,6,1,-1,-1,-1,-1,-1,-1
201301KD50036,1,9,0,9,0,8,0,0,0,0,4,1,6,1,11,1242,1,17,5,1
201301KD50036,2,9,0,17,0,8,0,0,0,0,1,1,6,1,11,1240,1,7,9,1
201301KD50037,1,21,1,12,0,0,0,0,0,0,3,1,1,1,8,-1,-1,-1,-1,-1
201301KD50037,2,9,0,18,0,0,0,0,0,0,4,1,6,1,8,1796,1,7,6,1
201301KD50038,1,9,0,12,0,0,0,0,0,0,2,1,6,1,7,1124,1,7,5,1
201301KD50038,2,9,0,18,0,0,0,0,0,0,1,1,6,2,6,1368,1,4,9,1
201301KD50039,1,9,0,3,0,8,0,0,0,0,2,1,6,2,6,1997,1,9,8,1
201301KD50039,2,19,0,18,0,8,0,0,0,0,1,1,2,1,-1,1998,2,9,7,1
201301KD50040,1,11,0,4,0,0,0,0,0,0,0,1,1,1,8,9000,2,5,3,1
201301KD50041,1,9,0,4,0,0,0,0,0,0,2,1,1,2,9,1198,1,7,6,1
201301KD50041,2,9,0,18,0,0,0,0,0,0,1,1,6,3,-1,-1,-1,-1,-1,-1
201301KD50042,1,9,0,18,0,0,2,10,5,6,3,1,6,2,5,999,1,3,4,1
201301KD50043,1,9,0,18,0,0,0,0,0,0,4,1,6,1,5,698,1,9,8,1
201301KD50043,2,9,0,5,0,0,0,0,0,0,3,1,6,1,-1,-1,-1,-1,-1,-1
201301KD50044,1,9,0,18,0,8,0,0,0,0,1,1,6,2,9,1386,1,7,3,1
201301KD50044,2,1,0,18,0,8,0,0,0,0,4,1,6,1,8,-1,-1,-1,8,1
201301KD50045,1,9,0,18,0,8,0,10,1,2,1,1,6,1,6,1781,1,11,5,1
201301KD50046,1,9,0,18,0,1,0,0,0,0,1,1,6,2,7,1598,1,13,1,1
201301KD50047,1,9,0,9,0,8,0,0,0,0,1,1,1,1,8,1968,2,1,2,1
201301KD50047,2,9,0,18,0,8,0,0,0,0,1,1,3,2,6,1149,1,6,6,1
201301KD50048,1,9,0,18,0,8,0,0,0,0,1,1,6,2,10,998,1,11,-1,-1
201301KD50048,2,9,0,2,9,8,0,0,0,0,3,1,3,2,7,1988,1,13,-1,-1
201301KD50049,1,19,0,18,0,0,0,0,0,0,1,1,1,1,6,1996,2,1,5,1
201301KD50049,2,9,0,3,0,0,0,0,0,0,2,1,6,2,8,-1,-1,-1,4,1
201301KD50050,1,9,0,18,0,0,0,0,0,0,1,1,6,2,4,998,1,15,6,1
201301KD50051,1,9,0,7,0,8,0,0,0,0,1,1,6,1,10,-1,-1,-1,5,1
201301KD50051,2,5,0,18,0,8,0,0,0,0,4,1,1,1,8,748,1,7,7,1
201301KD50052,1,11,0,18,0,0,0,0,0,0,1,1,1,1,8,14620,2,27,4,1
201301KD50052,2,9,0,3,0,0,0,0,0,0,2,1,1,1,6,1595,2,3,3,1
201301KD50052,3,9,0,3,0,0,0,0,0,0,2,1,6,1,7,1242,1,14,5,1
201301KD50053,1,9,0,18,0,0,0,0,0,0,1,1,6,1,6,-1,-1,-1,9,1
201301KD50055,1,9,0,4,0,0,0,0,0,0,2,1,6,2,5,1796,1,8,6,1
201301KD50055,2,9,0,18,0,0,0,0,0,0,1,1,6,1,-1,1968,2,4,3,1
201301KD50056,1,11,0,14,0,0,0,0,0,0,1,1,1,1,9,6700,2,5,7,1
201301KD50058,1,9,0,4,0,8,1,0,0,0,3,1,6,1,11,1999,1,6,5,1
201301KD50058,2,9,0,4,0,8,0,0,0,0,1,1,6,1,7,1461,2,2,3,1
201301KD50058,3,9,0,4,0,8,0,0,0,0,4,1,6,2,8,2499,2,13,5,1
201301KD50059,1,9,0,9,0,8,0,10,1,3,1,1,6,1,11,1995,1,5,8,1
201301KD50059,2,9,0,18,0,8,0,0,0,0,1,1,6,2,7,2295,1,13,4,1
201301KD50060,1,9,0,18,0,0,0,4,0,0,1,1,6,1,5,1229,1,1,7,1
201301KD50060,2,8,0,2,0,0,0,0,0,0,2,1,6,1,9,2402,2,11,7,1
201301KD50061,1,11,0,18,0,0,0,0,0,0,0,1,1,1,9,-1,-1,-1,3,1
201301KD50063,1,9,0,4,0,0,0,0,0,0,1,1,2,1,4,1587,1,12,5,1
201301KD50063,2,9,0,3,0,0,0,0,0,0,2,1,2,2,6,3200,1,7,8,1
201301KD50064,1,9,0,9,0,8,0,0,0,0,3,1,6,1,8,1597,1,14,3,1
201301KD50064,2,9,0,17,0,8,0,0,0,0,1,1,6,1,6,2926,2,11,5,1
201301KD50066,1,9,0,5,0,8,0,0,0,0,4,1,6,2,7,1360,1,8,1,1
201301KD50066,2,9,0,9,0,8,0,0,0,0,1,1,6,2,7,1299,1,8,9,1
201301KD50067,1,11,0,3,0,0,0,0,0,0,0,1,1,1,10,5883,2,11,2,1
201301KD50069,1,19,0,1,9,1,0,10,1,10,2,1,6,1,7,1870,2,8,7,1
201301KD50070,1,4,0,18,0,8,0,0,0,0,4,1,6,1,7,499,1,10,7,1
201301KD50070,2,9,0,7,0,8,0,0,0,0,1,1,6,3,-1,-1,-1,-1,-1,-1
201301KD50071,1,9,0,18,0,1,0,0,0,0,1,1,6,2,6,2993,2,7,4,1
201301KD50071,2,5,0,18,0,2,0,0,0,0,1,1,6,1,7,1157,1,15,-1,-1
201301KD50072,1,9,0,18,9,0,0,10,7,10,1,1,6,3,-1,1995,2,2,-1,-1
201301KD50073,1,9,0,9,0,8,0,0,0,0,1,1,6,1,9,1988,1,12,6,1
201301KD50073,2,9,0,18,0,8,0,0,0,0,1,1,6,2,11,1299,1,10,7,3
201301KD50074,1,9,0,18,0,8,0,0,0,0,1,1,6,1,6,1990,1,20,8,1
201301KD50074,2,9,0,9,0,8,0,0,0,0,3,1,6,1,-1,1598,1,5,-1,-1
201301KD50075,1,1,0,5,0,0,0,0,0,0,3,1,6,1,6,-1,-1,-1,7,1
201301KD50075,2,9,0,18,0,0,0,0,0,0,1,1,6,1,5,2902,2,9,2,1
201301KD50076,1,9,0,12,0,1,0,0,0,0,3,1,6,1,7,1596,1,1,7,1
201301KD50076,2,9,0,18,0,1,0,0,0,0,4,1,6,1,-1,1753,2,13,7,1
201301KD50078,1,9,0,18,0,0,0,0,0,0,1,1,2,2,9,1299,1,16,5,1
201301KD50078,2,9,0,18,0,0,0,0,0,0,1,1,2,2,8,1560,2,1,4,1
201301KD50078,3,9,0,18,0,0,0,0,0,0,1,1,2,1,4,973,1,14,6,1
201301KD50080,1,9,0,18,0,2,0,0,0,0,1,1,6,2,9,999,1,13,3,1
201301KD50080,2,9,0,3,0,2,0,0,0,0,2,1,6,2,8,1598,1,3,2,1
201301KD50081,1,9,0,3,0,8,0,0,0,0,2,1,6,2,6,1796,2,1,5,1
201301KD50081,2,9,0,3,0,8,0,0,0,0,2,1,6,2,6,1493,2,8,4,1
201301KD50081,3,9,0,4,0,8,0,0,0,0,1,1,6,1,9,2179,2,2,10,1
201301KD50082,1,9,0,17,0,8,0,0,0,0,4,1,2,2,7,1984,1,6,10,1
201301KD50082,2,19,0,7,0,8,0,0,0,0,1,1,2,1,5,2198,2,1,5,3
201301KD50083,1,9,0,5,0,8,0,0,0,0,1,1,6,1,5,1493,1,17,8,1
201301KD50083,2,19,0,17,0,8,0,0,0,0,4,1,6,1,5,1996,2,3,-1,-1
201301KD50084,1,9,0,18,0,8,0,0,0,0,3,1,6,2,9,1590,1,9,9,1
201301KD50084,2,9,0,9,0,8,0,0,0,0,1,1,6,1,7,1968,2,1,10,1
201301KD50086,1,9,0,18,0,0,0,0,0,0,1,1,6,1,7,1868,2,9,6,1
201301KD50088,1,3,0,18,0,8,0,0,0,0,1,1,6,1,-1,-1,-1,-1,3,1
201301KD50088,2,19,0,9,0,8,0,0,0,0,4,1,6,1,-1,1248,2,6,-1,-1
201301KD50089,1,9,0,9,0,8,0,0,0,0,1,1,6,1,5,-1,-1,-1,-1,-1
201301KD50089,2,19,0,18,0,8,0,0,0,0,1,1,6,1,4,-1,-1,-1,2,1
201301KD50090,1,90,0,18,0,8,0,0,0,0,3,1,1,1,-1,-1,-1,-1,-1,-1
201301KD50090,2,9,0,18,0,8,0,0,0,0,1,1,6,1,7,-1,-1,-1,6,1
201301KD50091,1,9,0,4,0,0,0,0,0,0,2,1,6,1,8,1956,2,-1,5,1
201301KD50091,2,9,0,4,0,0,0,0,0,0,1,1,6,2,8,1360,1,10,-1,-1
201301KD50092,1,11,0,5,0,1,0,0,0,0,1,1,1,1,6,8268,2,10,5,1
201301KD50093,1,9,0,18,0,2,0,10,4,6,4,1,6,2,6,1386,1,8,2,1
201301KD50093,2,9,0,18,0,2,0,0,0,0,3,1,6,2,7,999,1,1,4,1
201301KD50094,1,19,0,9,0,8,0,0,0,0,1,1,6,1,4,-1,-1,-1,9,1
201301KD50094,2,3,0,18,0,8,0,0,0,0,1,1,6,2,6,124,1,3,3,1
201301KD50095,1,9,0,4,0,0,1,10,1,9,1,1,2,1,8,-1,-1,-1,7,1
201301KD50095,2,9,0,4,0,0,1,0,0,0,1,1,2,1,8,1596,1,6,2,1
201301KD50095,3,9,0,4,0,0,1,0,0,0,3,1,2,1,5,2521,1,7,7,1
201301KD50095,4,9,0,4,0,0,0,0,0,0,1,1,2,2,6,1796,1,6,2,1
201301KD50095,5,9,0,4,0,0,0,0,0,0,1,1,2,1,7,1956,2,2,4,1
201301KD50096,1,9,0,9,0,8,0,0,0,0,4,1,6,1,-1,1360,1,11,7,1
201301KD50096,2,9,0,16,0,8,0,0,0,0,1,1,6,1,8,-1,-1,-1,8,1
201301KD50098,1,9,0,18,0,0,0,0,0,0,1,1,6,2,11,1388,1,4,8,1
201301KD50099,1,9,0,4,0,8,0,0,0,0,2,1,6,2,8,1582,2,4,6,1
201301KD50099,2,9,0,4,0,8,0,0,0,0,1,1,6,2,-1,-1,-1,-1,7,1
201301KD50100,1,9,0,9,0,8,0,0,0,0,4,1,6,1,11,1368,1,3,-1,-1
201301KD50100,2,11,0,18,0,8,0,0,0,0,1,1,1,2,5,-1,-1,-1,5,1
201301KD50101,1,9,0,18,0,1,0,0,0,0,1,1,1,1,8,2982,2,3,6,3
201301KD50101,2,9,0,18,0,2,0,0,0,0,1,1,6,2,5,1124,1,12,8,1
201301KD50104,1,9,0,18,0,0,0,6,0,0,1,1,6,1,7,-1,-1,-1,7,1
201301KD50105,1,9,0,18,0,1,0,0,0,0,1,1,6,2,7,1461,2,1,10,1
201301KD50107,1,9,0,4,0,8,0,0,0,0,2,1,6,2,6,1986,2,7,3,1
201301KD50107,2,9,0,4,0,8,0,0,0,0,1,1,6,1,-1,1910,2,4,2,1
201301KD50109,1,9,0,9,0,0,0,0,0,0,4,1,6,1,9,1999,1,5,8,1
201301KD50111,1,9,0,4,0,8,0,0,0,0,0,1,6,1,6,1388,1,9,2,1
201301KD50111,2,9,0,4,0,8,0,0,0,0,0,1,6,1,4,1199,1,10,9,1
201301KD50112,1,3,0,4,0,8,0,0,0,0,0,1,6,1,6,125,1,1,7,1
201301KD50112,2,20,0,9,0,8,0,0,0,0,0,1,6,3,-1,-1,-1,-1,-1,-1
201301KD50113,1,3,0,18,0,1,0,0,0,0,1,1,6,1,4,124,1,7,3,1
201301KD50114,1,9,0,4,0,1,0,0,0,0,1,1,6,1,6,1598,1,8,-1,-1
201301KD50114,2,9,0,4,0,1,0,0,0,0,2,1,6,2,9,1390,1,12,6,1
201301KD50115,1,9,0,18,0,8,0,0,0,0,2,1,6,1,-1,2496,2,10,-1,-1
201301KD50115,2,9,0,18,0,8,0,0,0,0,1,1,6,3,-1,1895,1,13,-1,-1
201301KD50116,1,11,0,4,0,1,0,0,0,0,0,1,1,3,-1,-1,-1,-1,-1,-1
201301KD50117,1,9,0,18,0,8,0,0,0,0,3,1,6,1,8,1598,1,6,5,1
201301KD50117,2,9,0,18,0,8,0,0,0,0,1,1,6,1,6,2148,2,7,10,1
201301KD50118,1,9,0,4,0,1,0,0,0,0,2,1,6,1,6,-1,-1,-1,8,1
201301KD50118,2,9,0,4,0,1,0,0,0,0,1,1,6,1,-1,-1,-1,-1,-1,-1
201301KD50119,1,9,0,7,0,8,0,10,1,10,1,1,6,2,10,1388,1,3,-1,-1
201301KD50120,1,9,0,18,0,2,0,0,0,0,1,1,6,1,11,998,1,2,8,1
201301KD50121,1,9,0,18,0,2,0,0,0,0,1,1,6,1,4,1242,1,1,7,1
201301KD50121,2,9,0,18,0,1,0,0,0,0,1,1,1,1,6,-1,-1,-1,4,1
201301KD50122,1,5,0,18,0,8,0,0,0,0,1,1,6,1,6,599,1,16,4,1
201301KD50122,2,9,0,9,0,8,0,0,0,0,4,1,6,2,4,1149,1,11,-1,-1
201301KD50123,1,9,0,3,0,1,0,0,0,0,2,1,6,2,5,1796,1,6,9,3
201301KD50123,2,9,0,3,0,1,0,0,0,0,2,1,6,1,7,1796,1,11,7,1
201301KD50123,3,9,0,3,0,1,0,0,0,0,2,1,6,1,7,-1,-1,-1,2,1
201301KD50123,4,19,0,3,0,1,0,0,0,0,1,1,1,1,8,1996,2,3,6,1
201301KD50124,1,9,0,5,0,1,0,10,0,0,1,1,6,1,11,-1,-1,-1,8,1
201301KD50125,1,9,0,3,0,2,0,0,0,0,2,1,6,1,8,1997,2,1,7,1
201301KD50125,2,9,0,4,0,2,0,0,0,0,1,1,6,1,-1,1398,2,10,6,3
201301KD50126,1,9,0,18,0,0,0,0,0,0,1,1,6,1,-1,1396,1,16,7,1
201301KD50126,2,9,0,18,0,0,5,0,0,0,4,1,6,1,11,1198,1,4,5,1
201301KD50128,1,9,0,18,0,0,0,0,0,0,1,1,1,1,7,-1,-1,-1,8,1
201301KD50128,2,9,0,3,0,0,0,0,0,0,2,1,6,1,8,-1,-1,-1,7,1
201301KD50129,1,9,0,4,0,2,0,0,0,0,2,1,6,1,8,1389,1,14,3,1
201301KD50129,2,9,0,4,0,2,0,0,0,0,1,1,1,1,8,1968,2,2,4,1
201301KD50130,1,9,0,18,0,8,0,0,0,0,4,1,6,2,7,1124,1,4,3,1
201301KD50130,2,9,0,18,0,8,0,0,0,0,1,1,1,1,7,1560,2,1,6,1
201301KD50131,1,9,0,18,0,8,0,0,0,0,1,1,6,1,8,1985,1,18,2,1
201301KD50131,2,19,0,9,0,8,0,0,0,0,4,1,1,1,8,1998,2,7,-1,1
201301KD50132,1,9,0,3,0,1,0,0,0,0,2,1,6,1,6,1769,1,9,-1,-1
201301KD50132,2,9,0,3,0,1,0,0,0,0,2,1,6,1,7,1968,2,4,5,1
201301KD50132,3,9,0,3,0,1,0,0,0,0,2,1,6,2,9,1992,2,7,3,1
201301KD50132,4,9,0,3,0,1,0,0,0,0,2,1,1,1,8,-1,-1,-1,-1,-1
201301KD50132,5,9,0,3,0,1,0,0,0,0,2,1,6,1,6,1968,2,5,10,1
201301KD50132,6,9,0,4,0,1,0,0,0,0,1,1,6,2,-1,1299,1,12,4,1
201301KD50133,1,9,0,9,0,8,0,0,0,0,3,1,6,1,9,1956,2,3,8,1
201301KD50133,2,90,0,18,0,8,0,0,0,0,1,1,1,2,-1,-1,-1,-1,-1,-1
201301KD50134,1,9,0,2,0,2,0,0,0,0,2,1,6,2,6,1997,2,6,8,1
201301KD50134,2,9,0,5,0,2,0,0,0,0,1,1,6,1,4,1229,1,1,-1,-1
201301KD50135,1,19,0,17,0,8,0,0,0,0,2,1,2,1,6,2148,2,7,5,1
201301KD50135,2,9,0,17,0,8,0,0,0,0,1,1,6,2,6,1998,1,9,5,1
201301KD50135,3,9,0,17,0,8,0,0,0,0,2,1,2,1,6,2148,2,9,3,1
201301KD50136,1,9,0,7,0,0,0,0,0,0,1,1,6,2,5,1242,1,8,8,1
201301KD50136,2,9,0,18,0,0,0,0,0,0,4,1,6,2,7,-1,-1,-1,8,1
201301KD50137,1,20,0,18,0,8,0,0,0,0,1,1,1,1,8,12580,2,7,6,1
201301KD50137,2,9,0,18,0,8,0,0,0,0,1,1,1,1,9,1597,1,15,9,1
201301KD50137,3,9,5,18,0,8,0,0,0,0,0,1,6,1,10,1392,1,15,10,1
201301KD50138,1,9,0,16,0,8,0,0,0,0,1,1,6,1,11,1951,2,9,5,1
201301KD50138,2,9,0,5,0,8,0,0,0,0,3,1,6,2,5,1229,1,3,8,1
201301KD50139,1,19,0,18,0,0,1,0,0,0,4,1,6,1,6,2198,2,4,9,1
201301KD50139,2,9,0,12,0,0,1,0,0,0,3,1,6,2,7,1596,1,2,5,1
201301KD50141,1,9,0,3,0,1,0,0,0,0,2,1,6,2,8,1242,1,1,5,2
201301KD50141,2,9,0,4,0,1,0,0,0,0,1,1,6,3,-1,1149,1,11,-1,-1
201301KD50143,1,19,0,18,0,8,0,0,0,0,1,1,1,1,7,1560,2,6,3,1
201301KD50144,1,9,0,9,0,8,0,0,0,0,4,1,6,1,4,1686,2,1,1,1
201301KD50144,2,9,0,18,0,8,0,0,0,0,1,1,1,1,9,-1,-1,-1,3,1
201301KD50146,1,9,0,3,0,8,0,0,0,0,2,1,6,1,-1,-1,-1,-1,3,1
201301KD50146,2,9,0,4,0,8,0,0,0,0,1,1,6,1,-1,1995,1,3,-1,-1
201301KD50148,1,9,0,18,0,8,0,0,0,0,1,1,6,1,4,1149,1,11,8,1
201301KD50148,2,9,0,7,0,8,0,0,0,0,3,1,6,1,-1,1999,1,6,-1,-1
201301KD50150,1,9,0,18,0,8,0,0,0,0,1,1,6,1,11,1390,1,14,3,1
201301KD50150,2,1,0,18,0,8,0,0,0,0,2,1,6,1,9,-1,-1,-1,4,1
201301KD50154,1,9,0,17,0,2,0,4,0,0,2,1,6,1,4,1995,1,9,10,1
201301KD50154,2,9,0,17,0,2,0,0,0,0,1,1,6,3,-1,1796,1,10,-1,-1
201301KD50154,3,9,0,2,0,2,0,0,0,0,3,1,6,3,-1,-1,-1,-1,-1,-1
201301KD50155,1,9,0,18,0,8,0,0,0,0,4,1,6,1,5,1560,2,7,7,1
201301KD50155,2,9,0,18,0,8,0,0,0,0,1,1,6,1,6,-1,-1,-1,6,1
201301KD50156,1,9,0,4,0,1,0,0,0,0,2,1,6,1,-1,1896,2,11,3,1
201301KD50156,2,9,0,4,0,1,0,0,0,0,1,1,6,2,8,-1,-1,-1,6,1
201301KD50157,1,19,0,18,0,0,0,10,7,3,1,1,6,2,-1,2198,2,6,3,3
201301KD50157,2,19,0,18,0,0,0,0,0,0,1,1,1,1,8,-1,-1,-1,-1,-1
201301KD50159,1,9,0,18,0,1,0,0,0,0,0,1,6,1,5,-1,-1,-1,3,1
201301KD50160,1,9,0,18,0,8,0,0,0,0,1,1,6,2,6,1248,2,9,5,1
201301KD50160,2,9,0,18,0,8,0,0,0,0,3,1,6,1,-1,1997,2,3,6,1
201301KD50161,1,4,0,18,0,8,0,0,0,0,1,1,6,1,8,125,1,5,3,1
201301KD50161,2,9,0,7,0,8,0,0,0,0,3,1,6,1,8,2068,2,17,-1,-1
201301KD50164,1,1,0,18,0,8,0,0,0,0,1,1,6,1,6,-1,-1,-1,4,1
201301KD50164,2,9,0,9,0,8,0,0,0,0,4,1,6,2,-1,-1,-1,-1,-1,-1
201301KD50165,1,90,0,18,0,1,0,0,0,0,2,1,1,1,7,1505,2,3,1,1
201301KD50165,2,4,0,18,0,1,0,0,0,0,1,1,6,1,6,-1,-1,-1,2,1
201301KD50168,1,11,0,4,0,8,0,0,0,0,1,1,1,1,8,9000,2,5,-1,-1
201301KD50169,1,9,0,5,0,8,0,0,0,0,1,1,6,1,10,2664,2,12,2,1
201301KD50169,2,9,0,16,0,8,0,0,0,0,4,1,6,2,6,1242,1,15,2,1
201301KD50170,1,9,0,9,0,8,0,0,0,0,1,1,6,1,8,1587,1,7,8,1
201301KD50171,1,11,0,5,0,8,0,0,0,0,0,1,1,1,7,4500,2,6,5,1
201301KD50172,1,9,0,11,0,0,0,0,0,0,2,1,6,2,9,-1,-1,-1,5,1
201301KD50172,2,9,0,18,0,0,0,0,0,0,1,1,6,3,-1,-1,-1,-1,-1,-1
201301KD50173,1,9,0,18,0,8,0,0,0,0,4,1,6,1,7,2649,1,24,3,1
201301KD50173,2,9,0,9,0,8,0,0,0,0,1,1,6,2,9,1386,1,4,-1,-1
201301KD50175,1,9,0,18,0,0,0,0,0,0,1,1,6,2,8,1390,1,1,9,1
201301KD50176,1,5,0,13,0,8,0,0,0,0,3,1,6,1,6,-1,-1,-1,6,1
201301KD50176,2,9,0,9,0,8,0,0,0,0,1,1,6,2,8,1598,2,1,10,1
201301KD50177,1,9,0,4,0,0,0,0,0,0,2,1,6,2,8,1329,1,3,1,1
201301KD50177,2,19,0,18,0,0,0,0,0,0,1,1,6,3,-1,2461,2,4,-1,-1
201301KD50178,1,11,0,4,0,1,0,0,0,0,0,1,1,1,8,6700,2,1,2,1
201301KD50179,1,9,0,14,0,8,1,0,0,0,1,1,6,1,7,1598,1,5,3,1
201301KD50179,2,5,0,18,0,8,2,10,1,10,1,1,6,1,7,749,1,13,2,1
201301KD50181,1,9,0,13,0,8,0,0,0,0,1,1,6,3,-1,1995,2,2,-1,-1
201301KD50181,2,9,0,9,0,8,0,0,0,0,3,1,6,1,8,1560,2,-1,-1,-1
201301KD50182,1,9,0,4,0,0,1,0,0,0,0,1,6,2,-1,1796,1,14,9,1
201301KD50182,2,9,0,4,0,0,1,0,0,0,1,1,6,1,-1,1598,1,1,8,1
201301KD50182,3,9,0,4,0,0,0,0,0,0,1,1,6,1,-1,1396,1,11,3,1
201301KD50182,4,9,0,4,0,0,0,0,0,0,2,1,6,1,-1,1360,1,12,6,1
201301KD50182,5,9,0,4,0,0,0,0,0,0,1,1,6,1,-1,-1,-1,-1,-1,-1
201301KD50182,6,9,0,4,0,0,0,0,0,0,1,1,6,1,-1,1896,2,5,-1,-1
201301KD50183,1,11,0,2,0,1,0,0,0,0,0,1,1,1,7,3900,2,7,2,1
201301KD50184,1,11,0,18,0,1,0,0,0,0,1,1,1,1,8,8268,2,9,6,1
201301KD50185,1,9,0,4,0,2,0,0,0,0,1,1,6,1,4,1388,1,9,7,1
201301KD50185,2,9,0,4,0,2,0,0,0,0,2,1,6,2,6,1598,1,7,9,1
201301KD50186,1,9,0,9,0,8,0,0,0,0,3,1,6,1,7,-1,-1,-1,7,1
201301KD50186,2,9,0,18,0,8,0,0,0,0,1,1,6,3,-1,2926,2,8,-1,-1
201301KD50187,1,3,0,7,0,8,0,0,0,0,3,1,6,1,6,-1,-1,-1,7,1
201301KD50187,2,11,0,7,0,8,0,0,0,0,4,1,1,3,-1,-1,-1,-1,-1,-1
201301KD50188,1,9,0,4,0,2,0,0,0,0,2,1,6,2,7,1598,1,9,1,1
201301KD50188,2,9,0,4,0,2,0,0,0,0,2,1,6,1,5,1595,1,1,2,1
201301KD50188,3,9,0,4,0,2,0,0,0,0,1,1,6,1,6,1388,1,7,5,1
201301KD50189,1,10,0,7,0,8,2,10,1,9,4,1,1,1,9,-1,-1,-1,5,1
201301KD50191,1,9,0,2,0,0,0,0,0,0,3,1,6,1,8,1796,1,13,8,1
201301KD50191,2,9,0,1,0,0,1,4,0,0,2,1,6,2,9,1242,1,2,3,1
201301KD50192,1,5,0,7,0,7,0,0,0,0,2,1,6,1,7,-1,-1,-1,9,1
201301KD50192,2,9,0,7,0,8,0,0,0,0,1,1,6,1,7,1364,1,7,4,1
201301KD50193,1,9,0,11,0,0,0,0,1,0,4,1,6,2,6,1769,1,11,2,1
201301KD50193,2,9,0,12,0,0,0,0,1,0,0,1,6,2,5,1388,1,11,4,1
201301KD50194,1,9,0,16,0,8,0,0,0,0,1,1,6,1,6,2231,2,6,7,1
201301KD50194,2,9,0,9,0,8,0,0,0,0,1,1,6,2,6,1796,1,9,6,3
201301KD50195,1,9,0,16,0,8,0,0,0,0,3,1,6,1,7,1598,1,2,3,1
201301KD50195,2,9,0,16,0,8,0,0,0,0,1,1,6,2,-1,1597,1,13,-1,-1
201301KD50196,1,9,0,16,0,0,0,0,0,0,2,1,1,1,8,-1,-1,-1,5,2
201301KD50196,2,9,0,16,0,0,0,0,0,0,2,1,6,1,-1,2259,1,20,1,1
201301KD50197,1,9,0,18,0,0,0,0,0,0,1,1,6,1,6,1242,1,12,-1,-1
201301KD50198,1,9,0,7,0,8,0,0,0,0,3,1,6,1,5,999,1,6,6,3
201301KD50198,2,9,0,18,0,8,0,0,0,0,1,1,6,1,6,1086,1,8,2,1
201301KD50199,1,9,0,3,0,1,0,0,0,0,2,1,6,2,6,1149,1,13,5,1
201301KD50199,2,9,0,4,0,1,0,0,0,0,1,1,6,3,-1,-1,-1,-1,-1,-1
201301KD50200,1,9,0,18,0,8,0,0,0,0,1,1,6,1,8,1388,1,2,9,1
201301KD50200,2,9,0,7,0,8,0,0,0,0,3,1,6,1,8,1199,1,9,1,1
201301KD50202,1,9,0,18,0,2,0,0,0,0,2,1,6,1,5,1781,1,9,1,1
201301KD50202,2,19,0,18,0,2,0,0,0,0,1,1,1,1,7,-1,-1,-1,-1,-1
201301KD50203,1,9,0,16,0,2,0,0,0,0,1,1,1,1,4,1360,1,9,8,1
201301KD50203,2,9,0,17,0,1,0,0,0,0,3,1,1,2,9,1229,1,1,3,1
201301KD50204,1,5,0,18,0,0,0,0,0,0,1,1,6,1,8,749,1,27,1,1
201301KD50204,2,19,0,6,0,0,0,0,0,0,3,1,6,1,6,1868,2,11,6,1
201301KD50205,1,5,0,18,0,1,0,0,0,0,1,1,2,1,7,599,1,11,-1,-1
201301KD50205,2,9,0,4,0,1,0,0,0,0,2,1,6,2,5,1596,1,3,6,1
201301KD50206,1,9,0,5,0,8,0,0,0,0,4,1,6,1,-1,1679,1,11,8,1
201301KD50207,1,9,0,7,0,8,0,0,0,0,3,1,6,2,10,1598,1,5,10,1
201301KD50207,2,9,0,18,0,8,0,0,0,0,1,1,6,1,8,1229,1,6,-1,-1
201301KD50208,1,5,0,7,0,8,0,0,1,0,2,1,6,1,5,599,1,13,3,1
201301KD50208,2,9,0,18,0,8,0,0,0,0,1,1,6,2,6,1599,1,9,1,1
201301KD50209,1,9,0,17,0,8,0,0,0,0,3,1,2,1,8,1598,1,7,2,1
201301KD50209,2,9,0,16,0,8,0,0,0,0,1,1,6,1,-1,-1,-1,-1,-1,-1
201301KD50210,1,9,0,5,0,8,0,10,1,7,1,1,2,2,5,-1,-1,-1,4,1
201301KD50210,2,9,0,5,0,8,0,0,0,0,0,1,6,1,8,-1,-1,-1,9,1
201301KD50210,3,9,0,9,0,8,0,0,0,0,1,1,6,2,-1,1229,1,1,-1,-1
201301KD50210,4,9,0,9,0,8,0,0,0,0,0,1,6,2,6,-1,-1,-1,1,1
201301KD50211,1,8,0,2,6,8,0,0,0,0,3,1,1,1,9,1769,1,10,7,1
201301KD50211,2,9,0,4,6,7,0,4,0,0,1,1,6,3,-1,-1,-1,-1,-1,-1
201301KD50212,1,9,0,18,0,0,0,0,0,0,1,1,6,2,6,1242,1,11,9,1
201301KD50212,2,21,1,11,0,0,0,0,0,0,4,2,1,1,8,-1,-1,-1,-1,-1