Accident_Index,Vehicle_Reference,Vehicle_Type,Towing_and_Articulation,Vehicle_Manoeuvre,Vehicle_Location-Restricted_Lane,Junction_Location,Skidding_and_Overturning,Hit_Object_in_Carriageway,Vehicle_Leaving_Carriageway,Hit_Object_off_Carriageway,1st_Point_of_Impact,Was_Vehicle_Left_Hand_Drive?,Journey_Purpose_of_Driver,Sex_of_Driver,Age_Band_of_Driver,Engine_Capacity_(CC),Propulsion_Code,Age_of_Vehicle,Driver_IMD_Decile,Driver_Home_Area_Type
201301KD50567,2,9,0,9,0,8,0,0,0,0,4,1,6,1,10,1360,1,11,5,3
201301KD50568,1,9,0,17,0,8,0,0,0,0,3,1,6,1,6,1999,1,11,4,1
201301KD50568,2,9,0,9,0,8,0,0,0,0,1,1,6,1,-1,-1,-1,-1,3,1
201301KD50569,1,9,0,9,0,8,0,0,0,0,3,1,6,2,5,1364,1,5,-1,-1
201301KD50569,2,9,0,13,0,8,0,0,0,0,4,1,6,1,10,4398,1,9,2,1
201301KD50570,1,9,0,9,0,8,0,0,0,0,3,1,6,1,8,1596,1,11,8,1
201301KD50570,2,9,0,18,0,8,0,0,0,0,1,1,1,1,8,1968,2,-1,8,2
201301KD50571,1,9,0,18,0,0,0,0,0,0,3,1,6,1,8,1400,2,6,9,1
201301KD50571,2,21,0,11,0,0,0,0,0,0,4,1,1,1,8,10308,2,2,3,1
201301KD50573,1,9,0,18,0,0,0,10,0,0,1,1,6,2,10,-1,-1,-1,7,1
201301KD50573,2,19,0,2,0,0,0,0,0,0,1,1,6,3,-1,1248,2,1,-1,-1
201301KD50574,1,9,0,3,0,2,0,0,0,0,2,1,6,2,7,1360,1,13,2,1
201301KD50574,2,9,0,18,0,2,0,0,0,0,1,1,6,2,-1,1596,1,6,1,1
201301KD50575,1,9,0,17,0,1,0,4,0,0,1,1,6,1,-1,1956,2,3,-1,-1
201301KD50575,2,9,0,2,0,1,0,0,0,0,1,1,6,3,-1,1149,1,11,-1,-1
201301KD50576,1,9,0,18,0,0,0,0,0,0,3,1,6,1,7,1400,1,13,5,1
201301KD50577,1,9,0,9,0,8,0,0,0,0,4,1,2,1,4,1360,1,13,3,1
201301KD50577,2,9,0,18,0,8,0,0,0,0,1,1,1,1,8,-1,-1,-1,3,1
201301KD50579,1,9,0,4,0,0,0,0,5,6,1,1,6,2,5,998,1,6,3,1
201301KD50579,2,9,0,4,0,0,0,0,0,0,0,1,6,3,-1,-1,-1,-1,-1,-1
201301KD50583,1,11,0,18,0,0,0,0,0,0,0,1,1,1,9,-1,-1,-1,-1,-1
201301KD50584,1,9,0,7,0,8,0,0,0,0,3,1,6,1,6,1968,2,6,7,1
201301KD50584,2,1,0,18,0,8,0,0,0,0,1,1,6,1,7,-1,-1,-1,-1,-1
201301KD50585,1,19,0,4,0,1,0,0,0,0,1,1,6,1,5,2143,2,2,6,1
201301KD50585,2,9,0,4,0,1,0,0,0,0,2,1,6,2,6,1560,2,2,4,1
201301KD50586,1,9,0,7,0,8,0,0,0,0,1,1,6,1,5,1596,1,3,8,1
201301KD50586,2,9,0,18,0,8,0,0,0,0,1,1,6,2,10,998,1,10,8,1
201301KD50587,1,9,0,17,0,0,0,10,1,10,1,1,6,2,4,1596,1,8,4,1
201301KD50589,1,9,0,9,0,8,0,0,0,0,1,1,6,2,8,1796,1,11,4,1
201301KD50589,2,1,0,18,0,8,0,0,0,0,1,1,6,2,9,-1,-1,-1,9,1
201301KD50590,1,9,0,9,0,2,0,0,0,0,1,1,6,3,-1,-1,-1,-1,-1,-1
201301KD50591,1,21,1,18,0,8,0,0,0,0,1,2,1,1,8,-1,-1,-1,-1,-1
201301KD50591,2,9,0,18,0,8,0,0,0,0,2,1,6,1,7,1388,1,4,-1,-1
201301KD50593,1,9,0,17,0,0,0,0,0,0,1,1,6,2,7,1498,1,6,5,1
201301KD50593,2,9,0,16,0,0,0,0,0,0,1,1,6,1,6,2148,2,9,2,1
201301KD50594,1,3,0,18,0,0,0,0,0,0,3,1,6,1,8,125,1,-1,-1,-1
201301KD50595,1,9,0,9,0,8,0,0,0,0,1,1,6,2,6,1997,2,1,-1,-1
201301KD50595,2,4,0,10,0,8,0,0,0,0,1,1,6,1,5,-1,-1,-1,-1,-1
201301KD50596,1,9,0,9,0,8,0,0,0,0,1,1,6,2,5,1242,1,2,6,1
201301KD50596,2,1,0,15,0,8,0,0,0,0,1,1,6,1,7,-1,-1,-1,6,3
201301KD50597,1,9,0,18,0,0,2,0,0,0,0,1,6,2,7,-1,-1,-1,1,1
201301KD50598,1,9,0,18,0,1,0,0,0,0,1,1,6,1,8,2967,1,11,-1,-1
201301KD50598,2,9,0,3,0,1,0,0,0,0,2,1,6,1,9,1596,1,4,1,1
201301KD50598,3,9,0,3,0,1,0,0,0,0,2,1,6,2,6,-1,-1,-1,10,1
201301KD50599,1,9,0,9,0,8,0,0,0,0,3,1,6,1,5,1360,1,9,3,1
201301KD50599,2,9,0,18,0,8,0,0,0,0,1,1,6,2,7,1796,1,9,4,1
201301KD50600,1,9,0,18,0,0,0,0,0,0,1,1,6,2,5,1360,1,10,-1,-1
201301KD50600,2,9,0,18,0,0,0,0,0,0,1,1,6,1,10,1598,1,11,2,1
201301KD50601,1,11,0,5,0,1,0,0,0,0,0,1,6,1,7,9000,2,5,7,3
201301KD50604,1,9,0,18,0,8,0,0,0,0,3,1,6,2,5,-1,-1,-1,7,1
201301KD50604,2,9,0,18,0,8,0,0,0,0,3,1,6,2,-1,-1,-1,-1,-1,-1
201301KD50606,1,9,0,12,0,8,0,0,0,0,3,1,6,1,9,1120,2,-1,7,3
201301KD50606,2,5,0,18,0,8,0,0,0,0,4,1,6,1,8,-1,-1,-1,10,1
201301KD50607,1,9,0,18,0,0,0,0,5,6,3,1,6,1,6,2993,2,9,3,1
201301KD50608,1,9,0,18,0,0,0,0,0,0,4,1,6,1,6,1798,1,-1,8,1
201301KD50609,1,9,0,4,0,0,0,0,0,0,2,1,6,1,8,1997,2,2,6,1
201301KD50609,2,9,0,4,0,0,0,0,0,0,2,1,6,1,7,1596,1,7,8,1
201301KD50609,3,19,0,4,0,0,0,0,0,0,1,1,6,1,8,2198,2,6,-1,-1
201301KD50614,1,9,0,18,0,8,0,0,0,0,3,1,6,1,5,1794,1,7,-1,-1
201301KD50614,2,9,0,18,0,8,0,0,0,0,1,1,6,1,4,1400,1,14,2,1
201301KD50614,3,9,0,2,0,2,0,0,0,0,2,1,6,3,-1,-1,-1,-1,-1,-1
201301KD50616,1,9,0,9,0,8,0,0,0,0,1,1,6,1,7,1997,2,11,5,1
201301KD50616,2,9,0,18,0,8,0,0,0,0,4,1,6,2,4,1388,1,10,3,1
201301KD50618,1,9,0,18,0,0,5,7,5,6,3,1,6,2,4,1229,1,-1,1,1
201301KD50620,1,9,0,18,0,0,0,0,0,0,3,1,6,2,4,1149,1,9,3,1
201301KD50620,2,9,0,2,0,0,0,0,0,0,4,1,6,1,-1,-1,-1,-1,-1,-1
201301KD50621,1,19,0,18,0,0,0,0,0,0,1,1,6,1,9,-1,-1,-1,9,1
201301KD50621,2,19,0,18,0,0,0,0,0,0,1,1,6,1,6,1753,2,11,-1,-1
201301KD50625,1,2,0,18,0,8,0,0,0,0,3,1,6,1,6,50,1,1,2,1
201301KD50629,1,9,0,3,0,8,0,0,0,0,2,1,6,1,8,1910,2,5,9,1
201301KD50629,2,9,0,18,0,8,0,0,0,0,1,1,6,1,-1,1396,1,11,-1,-1
201301KD50629,3,9,0,3,0,8,0,0,0,0,2,1,6,1,6,1956,2,2,6,1
201301KD59006,1,9,0,14,0,0,0,0,0,0,1,1,6,1,5,1086,1,9,-1,-1
201301KD59011,1,9,0,4,0,8,0,0,0,0,2,1,6,1,8,-1,-1,-1,8,1
201301KD59011,2,9,0,18,0,8,0,0,0,0,1,1,6,2,7,1399,2,10,7,1
201301KD59017,1,9,0,9,0,8,0,0,0,0,1,1,6,2,-1,1968,2,3,3,1
201301KD59017,2,1,0,9,0,8,0,0,0,0,1,1,6,1,7,-1,-1,-1,1,1
201301KD59022,1,5,0,18,0,8,0,0,0,0,3,1,6,1,6,1098,1,6,1,1
201301KD59064,1,11,0,4,0,0,0,0,0,0,0,1,1,1,-1,8268,2,10,-1,-1
201301KD59129,1,9,0,3,0,1,0,0,0,0,2,1,6,1,7,1995,2,6,10,1
201301KD59129,2,19,0,18,0,1,0,0,0,0,1,1,6,1,-1,2143,2,-1,-1,-1
201301KF60002,1,11,0,5,0,1,0,0,0,0,0,1,1,1,8,6700,2,2,1,1
201301KF60003,1,5,0,3,0,1,0,0,0,0,2,1,6,1,7,996,1,10,2,1
201301KF60003,2,9,0,18,0,1,0,0,0,0,1,1,6,2,-1,-1,-1,-1,-1,-1
201301KF60004,1,11,0,3,0,0,0,0,0,0,0,1,1,1,9,8268,2,9,-1,-1
201301KF60005,1,9,0,18,0,0,0,0,0,0,1,1,6,2,6,-1,-1,-1,4,1
201301KF60007,1,9,0,7,0,5,0,0,0,0,4,1,6,1,8,1995,2,5,2,1
201301KF60007,2,1,0,18,0,1,0,0,0,0,3,1,6,1,4,-1,-1,-1,1,1
201301KF60009,1,9,0,18,0,1,0,0,0,0,1,1,6,1,9,1799,1,16,1,1
201301KF60011,1,9,0,18,0,8,0,0,0,0,1,1,6,1,8,1598,1,4,1,1
201301KF60011,2,9,0,9,0,8,0,0,0,0,4,1,6,1,7,1997,2,15,2,1
201301KF60014,1,9,0,9,0,8,0,0,0,0,3,1,6,1,7,1998,1,23,2,1
201301KF60014,2,9,0,14,0,8,0,0,0,0,1,1,6,1,7,998,1,12,1,1
201301KF60016,1,9,0,17,0,8,0,0,0,0,2,1,6,2,6,998,1,2,2,1
201301KF60016,2,9,0,17,0,8,0,0,0,0,1,1,6,1,5,1598,1,3,4,1
201301KF60018,1,8,0,18,0,0,0,0,0,0,1,1,1,1,7,1598,1,5,2,1
201301KF60019,1,3,0,18,0,1,0,0,0,0,1,1,1,1,6,108,1,4,1,1
201301KF60021,1,9,0,9,0,2,0,0,0,0,1,1,6,1,-1,1396,1,12,-1,-1
201301KF60022,1,9,0,18,0,1,0,0,0,0,1,1,6,1,6,1895,1,12,4,1
201301KF60022,2,9,0,3,0,1,0,0,0,0,2,1,6,2,6,2987,2,7,2,1
201301KF60023,1,9,0,18,0,8,0,0,0,0,3,1,6,1,5,1998,1,3,6,1
201301KF60023,2,9,0,18,0,8,0,0,0,0,1,1,6,1,8,1149,1,10,5,1
201301KF60024,1,9,0,9,0,2,0,0,0,0,1,1,2,1,6,2494,1,14,6,1
201301KF60025,1,1,0,18,0,8,0,0,0,0,4,1,2,1,6,-1,-1,-1,4,3
201301KF60025,2,9,0,7,0,6,0,0,0,0,1,1,6,1,8,1995,2,8,2,1
201301KF60028,1,9,0,18,0,8,0,0,0,0,2,1,1,1,7,1995,1,4,3,1
201301KF60028,2,9,0,18,0,8,0,0,0,0,1,1,1,1,6,1995,2,9,2,1
201301KF60029,1,8,0,18,0,8,0,0,0,0,1,1,6,1,5,1596,1,2,1,1
201301KF60029,2,9,0,9,0,8,0,0,0,0,4,1,6,2,5,1360,1,11,2,1
201301KF60030,1,2,0,18,0,8,0,0,0,0,3,1,6,1,6,102,1,10,1,1
201301KF60030,2,9,0,14,0,8,0,0,0,0,4,1,6,3,-1,-1,-1,-1,-1,-1
201301KF60031,1,4,0,18,0,8,0,0,0,0,3,1,6,1,5,124,1,3,2,1
201301KF60031,2,9,0,6,0,8,0,0,0,0,1,1,6,1,9,1997,2,9,1,1
201301KF60032,1,9,0,18,0,0,1,0,4,7,3,1,2,1,4,1197,1,1,3,1
201301KF60032,2,9,0,18,0,0,1,0,4,6,1,1,6,1,4,1910,2,7,2,1
201301KF60033,1,9,0,18,0,2,0,0,0,0,1,1,1,1,5,998,1,3,2,1
201301KF60034,1,9,0,4,0,1,0,0,0,0,2,1,6,1,7,1896,2,16,5,1
201301KF60034,2,9,0,4,0,1,0,0,0,0,2,1,6,1,10,1389,1,19,3,1
201301KF60034,3,8,0,4,0,1,0,0,0,0,1,1,1,1,7,2402,2,9,4,1
201301KF60035,1,9,0,18,0,8,0,0,0,0,1,1,6,1,6,1796,1,10,-1,-1
201301KF60035,2,9,0,9,0,8,0,0,0,0,3,1,6,1,7,1984,1,13,3,1
201301KF60036,1,9,0,5,0,0,0,0,0,0,1,1,6,1,7,-1,-1,-1,6,1
201301KF60036,2,1,0,18,0,0,0,0,0,0,1,1,6,1,6,-1,-1,-1,7,1
201301KF60037,1,9,0,18,0,1,0,4,0,0,1,1,6,2,6,-1,-1,-1,2,1
201301KF60037,2,9,0,2,0,1,0,4,0,0,2,1,6,2,-1,1796,1,6,-1,-1
201301KF60037,3,9,0,2,0,1,0,4,0,0,2,1,6,2,-1,1781,1,15,-1,-1
201301KF60037,4,9,0,2,0,1,0,0,0,0,2,1,6,2,-1,1598,1,2,-1,-1
201301KF60038,1,9,0,18,0,0,0,0,0,0,3,1,6,1,6,998,1,12,5,1
201301KF60038,2,9,0,6,0,0,0,0,0,0,1,1,6,1,-1,-1,-1,-1,-1,-1
201301KF60039,1,9,0,18,0,0,0,0,0,0,1,1,6,1,7,1988,1,14,1,1
201301KF60039,2,1,0,4,0,0,0,0,0,0,2,1,6,1,6,-1,-1,-1,1,1
201301KF60040,1,9,0,18,0,2,0,0,0,0,1,1,6,1,8,1896,2,10,9,1
201301KF60041,1,3,0,18,0,0,0,0,0,0,0,1,2,1,6,124,1,5,3,1
201301KF60042,1,9,0,9,9,2,0,4,7,10,1,1,6,1,10,2398,1,15,1,1
201301KF60042,2,9,0,2,0,2,0,0,0,0,2,1,6,1,-1,1388,1,11,2,1
201301KF60044,1,9,0,1,0,0,0,0,0,0,2,1,6,2,8,1599,1,5,3,1
201301KF60044,2,9,0,3,0,0,0,0,0,0,1,1,6,1,-1,1951,2,7,-1,-1
201301KF60045,1,11,0,4,0,0,0,0,0,0,0,1,1,1,6,4500,2,2,1,1
201301KF60046,1,9,0,16,0,8,0,0,0,0,1,1,6,1,9,1984,1,15,2,1
201301KF60047,1,9,0,3,0,8,0,0,1,0,2,1,6,1,5,1598,2,1,-1,-1
201301KF60047,2,9,0,18,0,8,0,0,0,0,1,1,6,2,5,1242,1,10,5,1
201301KF60048,1,8,0,9,0,8,0,0,0,0,1,1,1,1,6,1896,2,5,2,1
201301KF60049,1,9,0,18,0,0,0,0,0,0,1,1,6,1,6,1968,2,9,2,1
201301KF60049,2,8,0,18,0,0,1,0,0,0,1,1,1,1,6,-1,-1,-1,2,1
201301KF60050,1,9,0,12,0,0,0,0,0,0,3,1,6,1,5,1199,1,11,1,1
201301KF60050,2,1,0,18,0,0,1,0,0,0,1,1,6,1,5,-1,-1,-1,9,1
201301KF60053,1,9,0,4,0,0,1,0,0,0,1,1,6,1,6,1995,2,8,1,1
201301KF60054,1,9,0,18,0,0,1,0,1,4,1,1,6,1,-1,1984,1,19,-1,-1
201301KF60055,1,9,0,18,0,2,0,0,0,0,1,1,6,1,6,1956,2,1,2,1
201301KF60056,1,9,0,9,0,8,0,0,0,0,3,1,6,1,7,-1,-1,-1,1,1
201301KF60057,1,1,0,14,0,8,0,4,0,0,1,1,6,2,6,-1,-1,-1,6,1
201301KF60057,2,9,0,2,0,8,0,0,0,0,3,1,6,1,6,2000,2,13,1,1
201301KF60058,1,9,0,4,0,8,0,0,0,0,1,1,2,2,6,998,1,12,2,1
201301KF60058,2,9,0,4,0,8,0,0,0,0,2,1,2,1,6,1242,1,4,6,1
201301KF60059,1,3,0,18,0,8,0,0,0,0,1,1,1,1,6,108,1,4,6,1
201301KF60060,1,19,0,18,0,0,0,0,0,0,4,1,6,1,7,2402,2,6,-1,-1
201301KF60061,1,9,0,18,0,8,0,0,1,0,4,1,2,2,6,1997,1,11,1,1
201301KF60062,1,9,0,18,0,8,0,0,0,0,3,1,6,1,8,-1,-1,-1,3,1
201301KF60062,2,9,0,18,0,8,0,0,0,0,1,1,6,2,7,999,1,7,3,1
201301KF60062,3,9,0,9,0,8,0,0,0,0,4,1,6,2,7,1796,1,12,-1,-1
201301KF60063,1,3,0,18,0,8,0,0,0,0,3,1,6,1,6,124,1,3,1,1
201301KF60063,2,9,0,9,0,8,0,0,0,0,1,1,6,1,7,1896,2,12,4,1
201301KF60064,1,1,0,13,0,8,0,4,0,0,4,1,2,1,7,-1,-1,-1,5,1
201301KF60064,2,9,0,4,0,8,0,0,0,0,1,1,6,1,-1,1870,2,10,-1,-1
201301KF60065,1,9,0,3,0,0,0,0,0,0,2,1,2,1,7,1587,1,7,-1,-1
201301KF60065,2,19,0,18,0,0,0,0,0,0,1,1,2,1,6,-1,-1,-1,-1,-1
201301KF60066,1,21,1,18,0,1,0,0,0,0,3,1,1,1,6,-1,-1,-1,-1,-1
201301KF60066,2,19,0,18,0,1,0,0,0,0,4,1,1,1,6,1867,2,13,4,1
201301KF60067,1,11,0,18,0,1,0,0,0,0,0,1,1,1,7,8268,2,11,3,1
201301KF60068,1,9,0,9,0,8,0,0,0,0,1,1,6,2,6,1388,1,12,-1,-1
201301KF60068,2,9,0,18,0,8,0,0,0,0,1,1,6,2,6,-1,-1,-1,3,1
201301KF60069,1,11,0,4,2,0,0,0,0,0,0,1,1,1,8,-1,-1,-1,-1,-1
201301KF60070,1,9,0,18,0,2,0,0,0,0,1,1,6,1,8,1910,2,7,2,1
201301KF60070,2,9,0,18,0,1,0,0,0,0,1,1,6,1,6,1796,1,-1,2,1
201301KF60071,1,9,0,18,0,1,0,0,0,0,1,1,6,1,8,2295,1,11,3,1
201301KF60072,1,9,0,9,0,8,0,0,0,0,4,1,6,1,8,1596,1,3,2,1
201301KF60072,2,8,0,18,0,8,0,0,0,0,1,1,1,1,8,1797,8,3,3,1
201301KF60073,1,9,0,4,0,8,0,0,0,0,1,1,6,1,4,1422,2,9,6,1
201301KF60073,2,9,0,4,0,8,0,0,0,0,2,1,6,1,5,2393,1,10,2,1
201301KF60074,1,9,0,18,0,1,0,0,0,0,3,1,6,1,9,1560,2,1,1,1
201301KF60074,2,21,0,11,0,1,0,0,0,0,4,1,1,1,7,6692,2,1,5,1
201301KF60075,1,9,0,3,0,8,0,0,0,0,2,1,6,1,6,1998,1,13,4,1
201301KF60075,2,9,0,18,0,8,0,0,0,0,1,1,6,1,-1,1396,1,16,-1,-1
201301KF60076,1,9,0,7,0,8,0,0,0,0,4,1,6,1,6,-1,-1,-1,2,1
201301KF60076,2,1,0,18,0,8,0,0,0,0,3,1,6,1,6,-1,-1,-1,4,1
201301KF60077,1,8,0,13,0,0,0,7,1,5,1,1,1,1,5,1796,1,5,-1,-1
201301KF60078,1,9,0,18,0,0,0,0,0,0,1,1,6,1,5,1339,1,9,2,1
201301KF60079,1,9,0,4,0,8,0,0,0,0,2,1,6,2,8,1397,1,12,2,1
201301KF60079,2,9,0,4,0,8,0,0,0,0,1,1,6,3,-1,-1,-1,-1,-1,-1
201301KF60081,1,9,0,9,0,8,0,0,0,0,1,1,6,1,7,2720,2,6,4,1
201301KF60081,2,9,0,18,0,8,0,0,0,0,3,1,6,1,10,-1,-1,-1,6,1
201301KF60082,1,9,0,7,0,8,0,0,0,0,3,1,1,1,5,-1,-1,-1,-1,-1
201301KF60082,2,1,0,18,0,8,0,0,0,0,1,1,6,1,4,-1,-1,-1,4,1
201301KF60083,1,9,0,3,0,1,0,0,0,0,4,1,1,1,7,-1,-1,-1,5,1
201301KF60084,1,19,0,18,0,8,0,0,0,0,4,1,1,1,6,-1,-1,-1,3,1
201301KF60085,1,9,0,9,0,0,0,0,0,0,3,1,6,1,9,1360,1,11,4,1
201301KF60085,2,4,0,13,0,0,0,0,0,0,1,1,6,1,9,656,1,4,5,1
201301KF60087,1,8,0,14,0,0,0,0,0,0,1,1,6,1,5,1595,1,9,4,1
201301KF60087,2,11,0,3,0,0,0,0,1,0,3,1,1,1,8,4500,2,3,3,1
201301KF60088,1,9,0,6,0,0,0,0,7,0,3,1,6,1,6,2993,2,5,2,1
201301KF60088,2,9,0,18,0,0,0,0,7,0,1,1,6,1,6,1600,1,14,2,1
201301KF60089,1,11,0,3,2,0,0,0,0,0,0,1,1,1,7,6700,2,2,5,1
201301KF60090,1,9,0,3,0,8,0,0,0,0,3,1,6,2,5,1595,1,13,1,1
201301KF60090,2,9,0,1,0,8,0,0,0,0,2,1,6,2,-1,2362,1,10,-1,-1
201301KF60091,1,9,0,5,0,8,0,0,0,0,2,1,6,1,9,-1,-1,-1,6,1
201301KF60091,2,9,0,18,0,8,0,0,0,0,1,1,6,1,4,-1,-1,-1,3,1
201301KF60093,1,9,0,18,0,2,0,0,0,0,1,1,6,1,6,1596,1,7,-1,-1
201301KF60094,1,19,0,4,0,8,0,0,0,0,1,1,1,1,6,1248,2,5,1,1
201301KF60094,2,3,0,3,0,8,0,0,0,0,2,1,6,1,8,125,1,1,6,1
201301KF60095,1,9,0,3,0,1,0,0,0,0,1,1,6,2,8,1598,1,8,1,1
201301KF60095,2,9,0,1,0,2,0,0,0,0,2,1,6,1,-1,-1,-1,-1,-1,-1
201301KF60096,1,9,0,17,0,8,0,0,0,0,0,1,6,2,6,1596,1,7,1,1
201301KF60097,1,9,0,1,0,0,0,0,0,0,2,1,6,1,-1,-1,-1,-1,2,1
201301KF60098,1,9,0,4,0,0,0,0,0,0,2,1,6,1,6,2172,2,11,4,1
201301KF60098,2,9,0,18,0,0,0,0,0,0,1,1,6,2,6,1596,1,12,-1,-1
201301KF60099,1,9,0,3,0,1,0,0,0,0,2,1,6,1,7,2198,2,8,10,1
201301KF60099,2,19,0,3,0,1,0,0,0,0,2,1,6,1,7,-1,-1,-1,4,3
201301KF60099,3,19,0,4,0,1,0,0,0,0,1,1,1,1,7,2402,2,6,3,1
201301KF60100,1,11,0,5,0,7,0,0,0,0,1,1,1,1,-1,-1,-1,-1,-1,-1
201301KF60102,1,9,0,18,0,0,0,0,0,0,1,1,6,1,7,1587,1,11,2,1
201301KF60102,2,9,0,3,0,0,0,0,0,0,2,1,6,1,7,1997,2,4,4,1
201301KF60102,3,9,0,3,0,0,0,0,0,0,2,1,6,1,6,2401,2,11,3,1
201301KF60103,1,8,0,4,0,8,0,0,1,0,1,1,6,1,6,1984,1,9,2,1
201301KF60104,1,11,0,4,0,8,0,0,0,0,0,1,1,2,4,4500,2,3,5,1
201301KF60106,1,9,0,18,0,0,0,0,0,0,3,1,6,1,8,1870,2,13,1,1
201301KF60107,1,8,0,18,0,8,0,0,0,0,4,1,2,1,6,-1,-1,-1,-1,-1
201301KF60108,1,9,0,3,0,0,0,0,0,0,2,1,6,2,6,1598,1,7,1,1
201301KF60108,2,5,0,18,0,0,0,4,0,0,1,1,6,1,-1,-1,-1,-1,-1,-1
201301KF60109,1,19,0,1,0,0,0,0,0,0,2,1,1,1,7,1870,2,8,10,1
201301KF60110,1,9,0,9,0,8,0,0,0,0,4,1,6,1,5,1997,1,6,2,1
201301KF60110,2,9,0,18,0,8,0,0,0,0,1,1,6,1,8,2151,2,13,-1,-1
201301KF60111,1,9,0,18,0,0,0,0,0,0,2,1,6,1,8,1587,1,10,4,2
201301KF60111,2,9,0,18,0,0,0,0,0,0,1,1,6,1,-1,1497,1,11,-1,-1
201301KF60112,1,11,0,4,0,0,0,0,0,0,1,1,1,1,-1,-1,-1,-1,-1,-1
201301KF60113,1,11,0,3,0,8,0,0,0,0,4,1,1,1,7,9360,2,2,2,1
201301KF60113,2,9,0,18,0,8,1,0,0,0,1,1,6,1,-1,1493,1,16,-1,-1
201301KF60113,3,9,0,4,0,8,0,0,0,0,0,1,1,1,7,-1,-1,-1,1,1
201301KF60114,1,9,0,4,0,0,0,0,0,0,3,1,6,1,7,1797,8,2,1,1
201301KF60115,1,9,0,18,0,2,0,0,0,0,4,1,6,1,6,1896,2,6,2,1
201301KF60115,2,9,0,7,0,2,0,0,0,0,1,1,6,1,-1,-1,-1,-1,-1,-1
201301KF60116,1,9,0,18,2,8,0,0,0,0,3,1,2,2,8,1299,1,19,5,1
201301KF60117,1,8,0,18,0,8,0,0,0,0,4,1,1,1,6,1998,1,10,2,1
201301KF60117,2,3,0,18,0,8,0,0,0,0,1,1,6,1,-1,645,1,13,-1,-1
201301KF60118,1,8,0,4,0,0,0,0,0,0,2,1,1,1,6,1396,1,16,3,1
201301KF60118,2,9,0,4,0,0,0,0,0,0,2,1,6,1,6,1199,1,10,1,1
201301KF60118,3,9,0,18,0,0,0,0,0,0,1,1,6,2,-1,-1,-1,-1,-1,-1
201301KF60119,1,4,0,18,0,0,1,2,7,2,3,1,6,1,7,244,1,6,2,1
201301KF60120,1,9,0,5,0,8,0,0,0,0,2,1,6,1,7,1997,1,13,2,1
201301KF60120,2,9,0,5,0,8,0,0,0,0,1,1,6,2,7,-1,-1,-1,10,1
201301KF60121,1,9,0,18,0,0,0,0,0,0,4,1,6,1,9,1995,2,1,2,1
201301KF60122,1,9,0,9,0,8,0,0,0,0,1,1,6,2,6,998,1,11,2,1
201301KF60122,2,9,0,1,0,8,0,0,0,0,2,1,6,2,-1,1386,1,7,-1,-1
201301KF60123,1,1,0,18,0,8,0,0,0,0,3,1,1,1,6,-1,-1,-1,2,1
201301KF60123,2,9,0,7,0,8,0,0,0,0,3,1,6,2,-1,1598,1,3,-1,-1
201301KF60124,1,9,0,2,0,8,0,0,0,0,1,1,6,2,4,1560,2,8,3,1
201301KF60124,2,9,0,1,0,8,0,4,0,0,2,1,6,1,-1,2979,7,9,-1,-1
201301KF60125,1,21,0,12,0,0,0,0,0,0,3,1,1,1,6,-1,-1,-1,6,1
201301KF60125,2,9,0,15,0,0,0,0,0,0,4,1,6,1,5,2204,2,6,5,1
201301KF60126,1,9,0,5,0,0,0,0,0,0,2,1,6,1,6,1242,1,9,2,1
201301KF60126,2,9,0,18,0,0,0,0,0,0,1,1,6,1,-1,1850,1,14,-1,-1
201301KF60127,1,9,0,18,0,2,0,0,0,0,1,1,6,2,9,2435,1,11,3,1
201301KF60128,1,9,0,18,0,8,0,0,0,0,3,1,6,1,8,-1,-1,-1,3,1
201301KF60129,1,9,0,3,0,8,0,0,0,0,2,1,6,2,8,2792,1,12,1,1
201301KF60129,2,9,0,18,0,8,0,0,0,0,1,1,6,1,-1,599,1,11,-1,-1
201301KF60130,1,1,0,9,0,8,0,0,0,0,2,1,2,1,7,-1,-1,-1,1,1
201301KF60130,2,9,0,18,0,8,0,0,0,0,1,1,6,1,-1,-1,-1,-1,-1,-1
201301KF60132,1,9,0,4,0,1,0,0,0,0,1,1,6,1,8,1391,1,16,2,1
201301KF60132,2,9,0,4,0,1,0,0,0,0,2,1,6,1,7,1598,1,3,4,1
201301KF60133,1,9,0,3,0,8,0,0,0,0,1,1,6,2,6,1895,1,12,6,1
201301KF60133,2,9,0,1,0,8,0,0,0,0,2,1,6,3,-1,-1,-1,-1,-1,-1
201301KF60134,1,3,0,3,0,1,0,0,0,0,3,1,6,1,8,125,1,4,3,1
201301KF60134,2,9,0,3,0,1,0,0,0,0,3,1,6,1,8,1796,1,11,5,1
201301KF60134,3,9,0,11,0,1,0,0,0,0,1,1,6,3,-1,-1,-1,-1,-1,-1
201301KF60135,1,10,0,18,0,2,0,10,1,10,1,1,1,1,6,-1,-1,-1,5,1
201301KF60136,1,9,0,9,0,8,0,0,0,0,4,1,6,1,5,1390,1,4,2,1
201301KF60136,2,9,0,18,0,8,0,0,0,0,1,1,1,2,7,1598,1,5,2,1
201301KF60138,1,90,0,18,0,1,0,0,0,0,1,1,1,1,-1,-1,-1,-1,-1,-1
201301KF60138,2,9,0,11,0,1,0,0,0,0,2,1,6,1,7,1794,1,8,-1,-1
201301KF60140,1,9,0,18,0,2,0,0,0,0,1,1,6,1,8,2799,1,12,6,1
201301KF60142,1,9,0,4,0,0,0,0,0,0,1,1,6,1,6,2494,1,12,4,1
201301KF60142,2,9,0,5,0,0,0,0,0,0,3,1,6,1,-1,2148,2,4,-1,-1
201301KF60142,3,9,0,4,0,0,0,0,0,0,0,1,1,2,-1,-1,-1,-1,-1,-1
201301KF60143,1,9,0,18,0,8,0,0,0,0,1,1,6,2,8,1598,1,14,3,1
201301KF60145,1,1,0,18,0,8,0,0,0,0,1,1,6,1,8,-1,-1,-1,2,1