Accident_Index,Vehicle_Reference,Vehicle_Type,Towing_and_Articulation,Vehicle_Manoeuvre,Vehicle_Location-Restricted_Lane,Junction_Location,Skidding_and_Overturning,Hit_Object_in_Carriageway,Vehicle_Leaving_Carriageway,Hit_Object_off_Carriageway,1st_Point_of_Impact,Was_Vehicle_Left_Hand_Drive?,Journey_Purpose_of_Driver,Sex_of_Driver,Age_Band_of_Driver,Engine_Capacity_(CC),Propulsion_Code,Age_of_Vehicle,Driver_IMD_Decile,Driver_Home_Area_Type
201301KF60146,1,9,0,18,0,0,0,0,0,0,1,1,6,1,6,1850,1,13,2,1
201301KF60146,2,9,0,18,0,0,0,0,0,0,2,1,1,1,7,3311,8,8,4,1
201301KF60147,1,9,0,4,0,0,0,0,0,0,1,1,6,1,7,-1,-1,-1,3,1
201301KF60148,1,11,0,18,0,8,0,0,0,0,0,1,1,2,5,8268,2,10,1,1
201301KF60149,1,90,0,18,0,2,0,0,0,0,1,1,1,1,-1,2143,2,1,-1,-1
201301KF60151,1,9,0,18,0,8,0,0,0,0,1,1,6,1,6,2987,2,7,2,1
201301KF60151,2,9,0,6,0,8,0,0,0,0,3,1,6,3,-1,1388,1,11,-1,-1
201301KF60152,1,9,0,18,0,8,0,0,0,0,1,1,6,1,5,998,1,11,2,1
201301KF60152,2,9,0,18,0,8,0,0,0,0,3,1,6,1,9,1396,1,1,2,1
201301KF60153,1,9,0,18,0,1,0,0,0,0,3,1,6,1,-1,1895,1,13,-1,-1
201301KF60153,2,9,0,13,0,1,0,0,0,0,4,1,6,1,-1,1598,1,10,5,1
201301KF60154,1,9,0,3,0,1,0,0,0,0,3,1,6,1,7,-1,-1,-1,2,1
201301KF60154,2,9,0,11,0,1,0,0,0,0,4,1,6,3,-1,2157,1,12,-1,-1
201301KF60155,1,9,0,18,0,1,0,0,0,0,1,1,6,3,-1,-1,-1,-1,-1,-1
201301KF60156,1,9,0,18,0,1,0,0,0,0,1,1,6,1,7,-1,-1,-1,-1,-1
201301KF60157,1,9,0,18,0,8,0,0,0,0,2,1,6,1,7,1598,1,7,3,1
201301KF60157,2,9,0,18,0,8,0,0,0,0,1,1,6,1,-1,2204,2,7,-1,-1
201301KF60158,1,9,0,18,0,1,0,0,0,0,3,1,2,1,7,1783,1,10,2,1
201301KF60158,2,3,0,13,0,1,0,0,0,0,4,1,6,1,6,124,1,-1,3,1
201301KF60159,1,8,0,4,0,0,0,0,0,0,4,1,1,1,7,-1,-1,-1,3,1
201301KF60160,1,9,0,4,0,8,0,0,0,0,2,1,6,1,-1,-1,-1,-1,-1,-1
201301KF60160,2,9,0,18,0,8,0,0,0,0,1,1,6,1,6,1388,1,11,2,1
201301KF60161,1,1,0,18,0,8,0,0,0,0,4,1,2,1,6,-1,-1,-1,1,1
201301KF60161,2,9,0,18,0,8,0,0,0,0,1,1,6,1,-1,2401,2,11,2,1
201301KF60162,1,9,0,18,0,0,0,0,0,0,1,1,6,1,8,1896,2,4,1,1
201301KF60164,1,3,0,18,0,1,0,0,0,0,1,1,2,1,6,125,1,8,1,1
201301KF60164,2,9,0,7,0,5,0,0,0,0,2,1,2,2,8,1996,1,11,4,1
201301KF60166,1,9,0,4,0,8,0,0,0,0,2,1,6,1,5,1995,2,1,3,1
201301KF60166,2,9,0,3,0,8,1,0,0,0,1,1,6,2,6,1968,2,8,2,1
201301KF60168,1,3,0,3,0,8,0,0,0,0,2,1,6,1,5,124,1,5,2,1
201301KF60168,2,9,0,4,0,8,0,0,0,0,1,1,6,1,-1,-1,-1,-1,-1,-1
201301KF60169,1,9,0,4,0,8,0,0,0,0,2,1,6,1,7,1995,2,2,9,1
201301KF60169,2,9,0,14,0,8,0,0,0,0,1,1,6,1,6,1598,2,2,1,1
201301KF60170,1,8,0,9,0,8,0,0,0,0,3,1,2,1,6,1997,2,13,2,1
201301KF60170,2,1,0,18,0,8,0,0,0,0,3,1,2,1,6,-1,-1,-1,2,1
201301KF60171,1,9,0,18,0,0,0,0,0,0,2,1,6,1,6,1998,1,10,2,1
201301KF60171,2,9,0,18,0,0,0,0,0,0,1,1,6,1,5,1587,1,11,3,1
201301KF60172,1,9,0,3,0,0,0,0,0,0,2,1,6,1,6,1753,2,5,2,1
201301KF60172,2,9,0,18,0,0,0,0,0,0,1,1,6,1,6,1794,1,11,4,1
201301KF60173,1,9,0,9,0,8,0,0,0,0,4,1,1,1,8,1198,1,3,3,1
201301KF60173,2,2,0,18,0,8,0,0,0,0,1,1,1,2,7,102,1,9,1,1
201301KF60174,1,9,0,9,9,2,0,10,1,10,1,1,6,1,7,2979,1,13,2,1
201301KF60175,1,9,0,18,0,1,0,0,0,0,1,1,6,3,-1,-1,-1,-1,-1,-1
201301KF60176,1,9,0,9,0,6,0,0,0,0,1,1,6,1,6,1598,1,-1,2,1
201301KF60176,2,9,0,18,0,8,0,0,0,0,4,1,6,2,6,2295,1,16,2,1
201301KF60178,1,9,0,18,0,0,0,0,0,0,1,1,6,1,-1,-1,-1,-1,-1,-1
201301KF60179,1,9,0,9,0,8,0,0,0,0,1,1,6,1,6,2967,1,13,3,1
201301KF60179,2,9,0,3,0,8,0,0,0,0,2,1,6,2,5,1796,1,6,3,1
201301KF60179,3,9,0,4,0,8,0,0,2,1,2,1,6,1,7,1596,1,12,4,1
201301KF60180,1,9,0,12,0,0,0,0,0,0,0,1,6,1,9,1995,2,5,6,1
201301KF60180,2,9,0,18,0,0,0,0,0,0,2,1,1,1,9,1242,1,5,4,1
201301KF60180,3,9,0,18,0,0,0,0,0,0,1,1,6,2,6,1997,1,11,2,1
201301KF60181,1,9,0,18,0,1,0,0,0,0,1,1,6,1,-1,1798,1,10,-1,-1
201301KF60182,1,9,0,4,0,0,0,0,0,0,4,1,6,1,5,1796,1,8,2,1
201301KF60184,1,9,0,16,0,8,0,0,3,2,1,1,6,1,-1,1781,1,12,-1,-1
201301KF60186,1,9,0,18,0,1,0,0,0,0,1,1,6,3,-1,2295,1,12,-1,-1
201301KF60187,1,9,0,5,0,1,0,0,0,0,4,1,6,1,6,1749,1,11,2,1
201301KF60187,2,1,0,5,0,1,0,0,0,0,3,1,6,1,7,-1,-1,-1,2,1
201301KF60188,1,9,0,6,0,0,0,0,0,0,4,1,6,1,9,1461,2,2,2,1
201301KF60188,2,4,0,18,0,0,0,0,0,0,1,1,6,1,4,125,1,6,2,1
201301KF60189,1,9,0,18,0,1,0,0,0,0,4,1,6,1,7,1343,1,13,1,1
201301KF60190,1,9,0,2,0,0,0,0,0,0,3,1,6,2,7,998,1,12,5,1
201301KF60190,2,9,0,3,0,0,0,4,0,0,2,1,6,1,8,1396,1,13,3,1
201301KF60190,3,9,0,18,0,0,1,0,0,0,1,1,6,1,9,1796,1,18,1,1
201301KF60191,1,9,0,4,0,1,0,0,0,0,2,1,1,1,9,-1,-1,-1,3,1
201301KF60191,2,9,0,18,0,1,0,0,0,0,1,1,6,3,-1,1995,2,6,-1,-1
201301KF60192,1,9,0,12,0,0,1,0,0,0,3,1,6,1,4,973,1,11,1,1
201301KF60192,2,20,0,18,0,0,0,0,0,0,1,1,1,1,8,12913,2,5,4,1
201301KF60193,1,9,0,3,0,0,0,0,0,0,2,1,6,1,8,1896,2,9,1,1
201301KF60193,2,9,0,3,0,0,0,0,0,0,2,1,6,1,8,2494,1,25,2,1
201301KF60193,3,9,0,4,0,0,0,0,0,0,1,1,6,1,-1,1794,1,9,8,1
201301KF60194,1,9,0,18,0,0,0,0,0,0,1,1,6,3,-1,-1,-1,-1,-1,-1
201301KF60194,2,1,0,18,0,0,0,0,0,0,2,1,2,1,6,-1,-1,-1,1,1
201301KF60195,1,90,0,18,0,2,0,0,0,0,1,1,1,1,7,2143,2,2,3,1
201301KF60197,1,9,0,3,0,0,0,0,0,0,2,1,2,1,5,1498,1,6,8,1
201301KF60197,2,9,0,4,0,0,0,0,0,0,1,1,6,1,-1,1390,1,8,-1,-1
201301KF60198,1,9,0,18,0,0,1,10,5,6,4,1,6,1,7,1398,1,12,5,1
201301KF60198,2,19,0,18,0,0,0,0,0,0,0,1,6,1,-1,4899,2,4,-1,-1
201301KF60199,1,9,0,4,0,8,0,0,0,0,4,1,2,1,8,1997,2,11,2,1
201301KF60201,1,9,0,18,0,8,0,0,0,0,1,1,6,1,7,2198,1,10,3,1
201301KF60201,2,9,0,9,0,8,0,0,0,0,1,1,6,1,8,1988,1,9,-1,-1
201301KF60202,1,9,0,4,0,8,0,0,0,0,1,1,6,1,6,1598,1,-1,2,1
201301KF60203,1,8,0,18,0,1,0,0,0,0,1,1,2,1,6,1398,1,-1,2,1
201301KF60203,2,9,0,7,0,1,0,0,0,0,1,1,2,2,7,998,1,1,3,1
201301KF60204,1,9,0,18,0,8,0,0,0,0,3,1,6,1,6,1598,1,12,2,1
201301KF60204,2,9,0,7,0,8,0,0,0,0,1,1,6,1,5,1800,1,11,3,1
201301KF60205,1,9,0,4,0,0,0,0,0,0,2,1,2,2,7,1240,1,8,6,1
201301KF60205,2,9,0,18,0,0,0,0,0,0,1,1,6,3,-1,2000,1,6,-1,-1
201301KF60206,1,9,0,18,0,8,0,0,0,0,3,1,6,3,-1,-1,-1,-1,-1,-1
201301KF60207,1,3,0,15,0,0,0,4,0,0,1,1,6,1,5,49,1,7,2,1
201301KF60207,2,9,0,2,0,0,0,0,0,0,4,1,6,1,7,1242,1,14,2,1
201301KF60208,1,9,0,18,0,0,0,10,1,7,1,1,6,1,6,5204,1,1,1,1
201301KF60209,1,9,0,3,0,8,0,0,0,0,1,1,6,1,-1,2698,2,5,2,1
201301KF60209,2,8,0,18,0,8,0,0,1,0,2,1,6,1,5,1390,1,12,2,1
201301KF60209,3,9,0,18,0,8,0,0,0,0,3,1,6,1,6,1995,2,1,2,1
201301KF60210,1,3,0,13,0,0,0,10,0,0,3,1,6,1,8,125,1,1,3,1
201301KF60210,2,9,0,12,0,0,0,0,0,0,0,1,6,1,-1,-1,-1,-1,-1,-1
201301KF60212,1,19,0,5,0,2,0,0,0,0,4,1,1,1,9,2998,2,2,2,1
201301KF60212,2,9,0,18,0,2,0,0,0,0,3,1,6,1,8,1910,2,5,2,1
201301KF60213,1,9,0,18,0,0,0,0,0,0,4,1,6,3,-1,-1,-1,-1,-1,-1
201301KF60214,1,9,0,18,0,2,0,0,0,0,1,1,6,2,7,1798,1,10,3,1
201301KF60214,2,9,0,3,0,2,0,0,0,0,2,1,6,1,-1,-1,-1,-1,-1,-1
201301KF60214,3,9,0,3,0,2,0,0,0,0,2,1,6,1,6,2993,2,8,5,1
201301KF60215,1,9,0,18,0,1,0,0,0,0,1,1,6,1,5,1796,1,3,2,1
201301KF60215,2,9,0,10,0,1,0,0,0,0,2,1,6,1,6,1242,1,1,2,1
201301KF60216,1,9,0,18,0,8,0,0,0,0,1,1,6,1,-1,1796,1,13,9,1
201301KF60216,2,1,0,17,0,8,0,0,0,0,4,1,6,1,8,-1,-1,-1,1,1
201301KF60217,1,8,0,17,0,2,0,0,0,0,1,1,1,1,7,1910,2,4,3,1
201301KF60218,1,9,0,4,0,0,0,0,0,0,1,1,6,1,5,1995,1,6,4,1
201301KF60218,2,9,0,4,0,0,0,0,0,0,2,1,6,1,7,-1,-1,-1,2,1
201301KF60219,1,4,0,14,0,0,0,0,0,0,1,1,6,2,6,198,1,1,7,1
201301KF60219,2,9,0,3,0,0,0,0,0,0,3,1,6,1,6,1229,1,7,-1,-1
201301KF60220,1,9,0,9,0,8,0,0,0,0,4,1,6,1,-1,1400,1,13,-1,-1
201301KF60220,2,19,0,18,0,8,0,0,0,0,1,1,6,1,-1,2148,2,9,-1,-1
201301KF60221,1,3,0,9,0,8,0,0,0,0,1,1,2,1,7,-1,-1,-1,4,1
201301KF60221,2,8,0,18,0,8,0,0,0,0,3,1,2,2,9,1598,1,8,8,1
201301KF60222,1,9,0,4,0,2,0,0,0,0,1,1,6,1,7,1798,1,3,3,1
201301KF60222,2,9,0,4,0,2,0,0,0,0,2,1,6,1,7,2198,2,8,6,1
201301KF60223,1,9,0,18,0,1,0,0,0,0,1,1,6,1,5,1229,1,3,3,1
201301KF60223,2,9,0,18,0,2,0,0,0,0,1,1,6,1,7,2400,2,3,6,2
201301KF60224,1,9,0,7,0,5,0,0,0,0,4,1,6,1,5,1299,1,10,3,1
201301KF60224,2,1,0,18,0,1,0,0,0,0,3,1,6,2,6,-1,-1,-1,2,1
201301KF60225,1,9,0,4,0,0,0,0,0,0,2,1,6,2,6,1595,1,4,2,1
201301KF60225,2,9,0,4,0,0,0,0,0,0,1,1,6,1,10,1898,2,13,8,1
201301KF60225,3,9,0,4,0,0,0,0,0,0,1,1,6,2,7,1360,1,12,-1,-1
201301KF60226,1,9,0,16,0,8,0,0,0,0,1,1,6,2,7,1995,1,13,9,1
201301KF60226,2,9,0,16,0,8,0,0,0,0,1,1,6,1,6,1598,1,8,7,2
201301KF60227,1,9,0,2,0,8,0,0,1,0,1,1,6,1,6,-1,-1,-1,3,1
201301KF60227,2,9,0,1,0,8,0,4,0,0,2,1,6,1,-1,998,1,-1,-1,-1
201301KF60228,1,11,0,4,0,8,0,0,0,0,1,1,1,1,6,4500,2,2,6,1
201301KF60229,1,90,0,18,0,8,0,0,1,0,1,1,1,1,8,6370,2,10,10,1
201301KF60229,2,9,0,9,0,8,0,0,0,0,3,1,6,1,7,1596,1,6,2,1
201301KF60230,1,21,1,17,0,8,1,0,0,0,1,1,1,1,8,12900,2,2,2,1
201301KF60230,2,9,0,16,0,8,0,0,0,0,3,1,6,1,9,1493,2,7,6,1
201301KF60231,1,9,0,4,0,8,0,0,0,0,2,1,6,1,6,-1,-1,-1,4,1
201301KF60231,2,9,0,18,0,8,1,0,0,0,1,1,6,1,5,-1,-1,-1,1,1
201301KF60232,1,19,0,11,0,0,0,0,0,0,4,1,2,1,6,1248,2,1,5,1
201301KF60232,2,5,0,18,0,0,0,0,0,0,1,1,2,1,9,1237,1,3,8,1
201301KF60233,1,9,0,18,0,0,0,0,0,0,3,1,1,1,7,1686,2,3,1,1
201301KF60234,1,9,0,18,0,8,0,0,0,0,1,1,6,2,5,1364,1,6,1,1
201301KF60234,2,9,0,18,0,8,0,0,0,0,1,1,6,1,5,1968,2,10,4,1
201301KF60235,1,9,0,9,0,8,0,0,0,0,3,1,6,1,6,1781,1,9,2,1
201301KF60235,2,2,0,18,0,8,0,0,0,0,1,1,1,1,-1,49,1,6,2,1
201301KF60237,1,9,0,9,0,8,0,0,0,0,3,1,6,1,6,1390,1,9,-1,-1
201301KF60237,2,9,0,13,0,8,0,0,7,10,1,1,1,1,-1,2993,2,3,-1,-1
201301KF60238,1,9,0,7,2,8,0,0,0,0,4,1,6,1,7,1596,1,2,2,1
201301KF60238,2,9,0,15,2,8,0,0,0,0,1,1,6,1,4,1896,2,10,2,1
201301KF60239,1,9,0,18,0,1,0,0,0,0,1,1,6,1,7,1590,1,12,1,1
201301KF60240,1,9,0,3,0,1,0,0,0,0,2,1,1,1,7,1984,1,10,-1,-1
201301KF60240,2,3,0,4,0,1,0,0,0,0,1,1,6,2,5,125,1,3,2,1
201301KF60241,1,1,0,18,0,1,0,0,0,0,3,1,6,1,8,-1,-1,-1,2,1
201301KF60241,2,9,0,11,0,1,0,0,0,0,4,1,6,3,-1,-1,-1,-1,-1,-1
201301KF60242,1,9,0,4,0,2,0,0,0,0,2,1,6,1,6,1997,2,1,2,1
201301KF60242,2,9,0,4,0,2,0,0,0,0,1,1,6,2,7,1597,1,15,6,1
201301KF60243,1,3,0,18,0,1,0,0,0,0,3,1,6,1,5,125,1,9,2,1
201301KF60243,2,9,0,1,0,1,0,0,0,0,4,1,6,1,8,1596,1,2,2,1
201301KF60244,1,1,0,18,0,1,0,0,0,0,0,1,6,1,6,-1,-1,-1,-1,-1
201301KF60245,1,9,0,18,0,8,0,0,0,0,4,1,6,1,7,2926,2,11,6,1
201301KF60245,2,9,0,18,0,8,0,0,0,0,1,1,6,2,7,-1,-1,-1,1,1
201301KF60246,1,9,0,18,0,8,0,0,0,0,1,1,6,1,8,2967,2,1,8,1
201301KF60247,1,1,0,18,0,8,0,4,0,0,1,1,6,1,6,-1,-1,-1,4,1
201301KF60247,2,9,0,2,6,8,0,0,0,0,3,1,6,1,7,1900,2,9,4,1
201301KF60248,1,1,0,18,0,0,0,0,0,0,3,1,6,1,5,-1,-1,-1,3,1
201301KF60248,2,9,0,13,0,0,0,0,0,0,4,1,6,3,-1,-1,-1,-1,-1,-1
201301KF60249,1,5,0,18,0,8,0,0,0,0,1,1,2,1,7,1783,1,2,2,1
201301KF60249,2,9,0,9,0,8,0,0,0,0,4,1,6,3,-1,-1,-1,-1,-1,-1
201301KF60250,1,9,0,3,0,1,0,0,0,0,2,1,6,1,6,1753,2,8,3,1
201301KF60250,2,9,0,4,0,1,0,0,0,0,1,1,6,3,-1,1998,1,5,-1,-1
201301KF60251,1,9,0,18,0,1,0,0,0,0,1,1,6,3,-1,1587,1,11,-1,-1
201301KF60252,1,9,0,18,0,8,0,0,0,0,4,1,6,1,7,2496,2,12,-1,1
201301KF60252,2,9,0,12,0,8,0,0,0,0,3,1,6,3,-1,-1,-1,-1,-1,-1
201301KF60253,1,9,0,12,0,0,0,4,0,0,1,1,6,1,6,-1,-1,-1,2,1
201301KF60253,2,8,0,2,0,0,0,0,0,0,3,1,6,1,-1,998,1,10,2,1
201301KF60253,3,19,0,2,0,0,0,0,0,0,3,1,6,1,7,1867,2,7,2,1
201301KF60255,1,11,0,18,0,8,0,0,1,0,1,1,1,1,6,6700,2,2,5,1
201301KF60256,1,9,0,7,0,8,0,0,0,0,2,1,6,1,8,-1,-1,-1,1,1
201301KF60256,2,3,0,18,0,8,0,0,0,0,1,1,6,1,6,124,1,7,2,1
201301KF60257,1,9,0,16,0,8,1,0,1,2,1,1,6,1,8,2700,6,13,2,1
201301KF60258,1,9,0,18,0,8,0,0,0,0,1,1,6,1,6,1590,1,11,3,1
201301KF60259,1,9,0,15,2,8,0,10,1,0,3,1,6,1,9,2295,1,11,2,1
201301KF60259,2,9,0,9,0,8,0,0,0,0,1,1,6,2,6,1995,2,2,1,1
201301KF60260,1,9,0,18,0,8,0,0,0,0,3,1,6,1,9,1587,1,10,1,1
201301KF60260,2,1,0,12,2,8,0,0,1,0,1,1,6,1,-1,-1,-1,-1,-1,-1
201301KF60261,1,9,0,18,0,8,0,0,0,0,4,1,6,1,8,1596,1,3,1,1
201301KF60262,1,9,0,18,0,8,0,0,0,0,1,1,6,1,-1,-1,-1,-1,-1,-1
201301KF60263,1,1,0,14,0,8,0,0,0,0,1,1,2,1,6,-1,-1,-1,8,1
201301KF60263,2,11,0,3,0,8,0,0,1,0,0,1,1,1,-1,-1,-1,-1,-1,-1
201301KF60264,1,9,0,5,0,0,0,4,1,10,1,1,6,1,10,1390,1,10,1,1
201301KF60264,2,9,0,2,0,0,0,0,0,0,4,1,6,3,-1,-1,-1,-1,-1,-1
201301KF60265,1,9,0,9,0,8,0,0,0,0,1,1,6,1,7,-1,-1,-1,2,1
201301KF60266,1,9,0,18,0,8,0,0,0,0,3,1,6,1,5,1997,2,11,-1,-1
201301KF60266,2,9,0,9,0,8,0,0,0,0,1,1,6,2,6,1275,1,14,-1,-1
201301KF60267,1,9,0,18,0,0,0,10,0,0,4,1,4,2,8,1339,1,9,7,1
201301KF60267,2,9,4,15,0,0,0,0,0,0,3,1,6,1,-1,-1,-1,-1,-1,-1
201301KF60268,1,11,0,4,0,0,0,0,0,0,0,1,1,1,8,8268,2,12,3,1
201301KF60268,2,9,0,4,0,0,0,0,0,0,0,1,6,1,-1,-1,-1,-1,2,1
201301KF60269,1,3,0,4,0,8,0,0,0,0,1,1,6,1,8,124,1,3,1,1
201301KF60269,2,9,0,9,0,8,0,0,0,0,3,1,6,2,-1,1229,1,1,2,1
201301KF60270,1,9,0,9,0,8,0,0,0,0,1,1,6,1,6,1598,1,5,5,1
201301KF60270,2,3,0,18,0,8,0,0,0,0,3,1,6,1,6,125,1,-1,1,1
201301KF60271,1,9,0,4,0,0,0,0,0,0,2,1,6,2,5,-1,-1,-1,3,1
201301KF60271,2,9,0,4,0,0,0,0,0,0,1,1,6,1,-1,1998,2,10,2,1
201301KF60271,3,9,0,4,0,0,0,0,0,0,1,1,6,1,-1,2494,2,9,-1,-1
201301KF60272,1,9,0,4,0,8,0,0,0,0,1,1,6,1,5,1596,1,10,2,1
201301KF60273,1,19,0,14,0,0,0,0,0,0,1,1,1,1,6,2148,2,5,4,1
201301KF60274,1,9,0,18,0,8,0,0,0,0,4,1,1,1,6,1248,2,2,2,1
201301KF60275,1,9,0,17,0,8,0,0,0,0,3,1,6,2,5,1242,1,7,1,1
201301KF60275,2,3,0,17,0,8,0,0,0,0,1,1,6,1,6,125,1,-1,4,1
201301KF60276,1,1,0,7,0,8,0,0,0,0,3,1,2,1,6,-1,-1,-1,-1,-1
201301KF60276,2,9,0,7,0,8,0,0,0,0,4,1,6,3,-1,-1,-1,-1,-1,-1
201301KF60277,1,9,0,3,0,8,0,0,0,0,2,1,2,1,8,1587,1,15,2,1
201301KF60277,2,9,0,4,0,8,0,0,0,0,1,1,6,1,-1,1997,1,14,-1,-1
201301KF60278,1,8,0,9,0,8,0,0,0,0,4,1,1,1,8,1997,1,3,3,1
201301KF60278,2,1,0,18,0,8,0,0,0,0,1,1,6,1,7,-1,-1,-1,4,1
201301KF60280,1,9,0,18,0,1,0,0,0,0,1,1,6,1,6,1762,1,17,2,1
201301KF60281,1,9,0,4,0,0,0,0,0,0,4,1,2,1,7,1598,1,6,1,1
201301KF60282,1,9,0,4,0,8,0,0,0,0,2,1,6,2,7,1753,2,9,3,1
201301KF60282,2,9,0,4,0,8,0,0,0,0,1,1,6,1,9,1850,1,14,2,1
201301KF60283,1,9,0,16,0,0,0,0,0,0,1,1,6,1,7,1596,1,2,3,1
201301KF60283,2,9,0,17,0,0,0,0,0,0,1,1,6,1,8,1796,1,12,3,1
201301KF60284,1,9,0,3,0,8,0,0,0,0,2,1,6,1,10,2597,1,11,8,1
201301KF60284,2,9,0,4,0,8,0,0,0,0,1,1,6,3,-1,1598,1,12,-1,-1
201301KF60285,1,8,0,18,0,8,0,0,0,0,1,1,6,1,7,1995,2,7,5,1
201301KF60285,2,9,0,3,0,8,0,0,0,0,2,1,6,1,6,1124,1,14,3,1
201301KF60285,3,9,0,3,0,8,0,0,0,0,2,1,6,1,6,-1,-1,-1,3,1
201301KF60286,1,9,0,7,0,8,0,0,0,0,1,1,6,1,5,1598,1,4,-1,-1
201301KF60286,2,1,0,18,0,8,0,0,0,0,4,1,6,1,7,-1,-1,-1,3,1
201301KF60287,1,9,0,9,0,8,0,0,0,0,1,1,6,1,8,1598,1,5,2,1
201301KF60287,2,1,0,9,0,8,0,0,0,0,3,1,2,2,8,-1,-1,-1,2,1
201301KF60288,1,11,0,5,0,1,0,0,0,0,0,1,1,3,-1,-1,-1,-1,-1,-1
201301KF60290,1,9,0,16,0,1,0,0,0,0,1,1,6,2,7,-1,-1,-1,10,2
201301KF60290,2,20,0,16,0,8,0,0,0,0,3,1,2,1,7,6692,2,1,3,1
201301KF60291,1,9,0,18,0,0,0,0,0,0,1,1,6,3,-1,1900,2,15,-1,-1
201301KF60291,2,1,0,18,0,0,0,0,0,0,4,1,6,1,4,-1,-1,-1,-1,-1
201301KF60292,1,9,0,3,0,8,0,0,0,0,3,1,6,1,6,1587,1,15,2,1
201301KF60293,1,9,0,4,0,0,0,0,0,0,1,1,3,2,7,2500,2,9,1,1
201301KF60294,1,8,0,4,0,8,0,0,0,0,1,1,1,1,7,1797,8,4,-1,-1
201301KF60294,2,9,0,3,0,8,0,0,0,0,2,1,6,2,6,1299,1,9,2,1
201301KF60295,1,9,0,9,0,8,0,0,0,0,1,1,6,2,7,1598,1,10,2,1
201301KF60295,2,9,0,18,0,8,0,0,0,0,4,1,6,1,5,1560,2,1,2,1
201301KF60296,1,9,0,18,0,8,0,0,0,0,1,1,6,1,-1,1598,1,9,-1,-1
201301KF60297,1,11,0,18,0,8,0,0,0,0,4,1,1,2,8,-1,-1,-1,-1,-1
201301KF60297,2,9,0,7,0,8,0,0,0,0,1,1,6,1,-1,1240,1,8,-1,-1
201301KF60298,1,9,0,18,0,1,0,0,0,0,1,1,6,1,4,1299,1,12,2,1
201301KF60299,1,1,0,18,0,8,0,0,0,0,3,1,6,1,3,-1,-1,-1,3,1
201301KF60299,2,9,0,9,0,8,0,0,0,0,1,1,6,1,-1,-1,-1,-1,-1,-1
201301KF60300,1,9,0,5,0,8,0,0,0,0,1,1,6,1,7,1794,1,8,2,1
201301KF60300,2,9,0,13,0,8,0,0,0,0,2,1,6,1,8,-1,-1,-1,2,1
201301KF60303,1,9,0,18,0,1,0,0,0,0,1,1,6,2,6,1596,1,11,1,1
201301KF60304,1,9,0,3,0,8,0,0,0,0,2,1,6,1,6,1229,1,7,1,1
201301KF60304,2,9,0,4,0,8,0,0,0,0,1,1,6,2,5,1598,1,5,2,1
201301KF60305,1,9,0,18,0,1,0,0,0,0,2,1,6,2,9,1598,1,6,2,1
201301KF60305,2,9,0,18,0,1,0,0,0,0,1,1,6,2,6,2993,2,7,2,1
201301KF60306,1,9,0,4,0,1,0,0,0,0,2,1,6,2,5,-1,-1,-1,2,1
201301KF60306,2,9,0,4,0,1,0,0,0,0,1,1,6,2,7,1242,1,-1,-1,-1
201301KF60306,3,9,0,4,0,1,0,0,0,0,1,1,6,2,7,1398,1,2,6,1
201301KF60307,1,9,0,18,0,2,0,0,0,0,2,1,6,1,5,1783,1,11,3,1
201301KF60307,2,9,0,18,0,2,0,0,0,0,1,1,6,3,-1,2393,1,4,-1,-1
201301KF60308,1,9,0,1,0,2,0,0,0,0,2,1,6,1,6,-1,-1,-1,1,1
201301KF60309,1,3,0,4,0,1,0,0,0,0,0,1,6,1,6,124,1,15,1,1
201301KF60310,1,9,0,18,0,1,0,0,0,0,1,1,6,2,8,-1,-1,-1,4,1
201301KF60311,1,9,0,7,0,8,0,0,0,0,3,1,1,1,6,-1,-1,-1,2,1
201301KF60311,2,1,0,18,0,8,0,0,0,0,1,1,6,1,5,-1,-1,-1,-1,-1
201301KF60312,1,5,0,4,0,1,0,0,0,0,2,1,6,1,7,599,1,4,10,1
201301KF60312,2,19,0,4,0,1,1,0,0,0,1,1,1,1,8,1753,2,5,8,1
201301KF60313,1,9,0,3,0,1,0,0,0,0,3,1,6,1,6,1999,1,6,10,1
201301KF60313,2,9,0,11,0,1,0,0,0,0,4,1,6,1,8,1798,1,6,2,1
201301KF60314,1,19,0,1,0,2,0,0,0,0,2,1,1,1,6,2151,2,12,2,1
201301KF60315,1,5,0,13,0,8,0,0,0,0,1,1,6,1,7,-1,-1,-1,2,1
201301KF60315,2,9,0,9,0,8,0,0,0,0,3,1,6,1,5,-1,-1,-1,-1,-1
201301KF60316,1,9,0,18,0,1,0,0,0,0,1,1,6,2,-1,1398,2,8,1,1
201301KF60317,1,9,0,18,0,8,0,0,0,0,2,1,6,2,7,-1,-1,-1,1,1
201301KF60317,2,19,0,18,0,8,0,0,0,0,1,1,6,2,-1,-1,-1,-1,6,1
201301KF60318,1,9,0,18,0,0,0,0,0,0,1,1,6,1,4,1596,1,11,2,1
201301KF60319,1,9,0,4,0,2,0,0,0,0,1,1,6,3,-1,-1,-1,-1,-1,-1
201301KF60319,2,9,0,4,0,2,0,0,0,0,2,1,6,1,4,1397,1,12,1,1
201301KF60319,3,5,0,4,0,2,0,0,0,0,2,1,6,1,7,1298,1,9,4,2
201301KF60319,4,9,0,4,0,2,0,0,0,0,2,1,6,1,5,1388,1,1,5,1
201301KF60320,1,9,0,3,0,2,0,0,0,0,1,1,6,2,7,1390,1,14,2,1
201301KF60320,2,19,0,1,0,2,0,0,0,0,2,1,1,1,-1,2494,2,10,-1,-1
201301KF60321,1,9,0,18,0,8,0,0,0,0,1,1,6,1,5,1388,1,10,2,1
201301KF60321,2,9,0,9,0,8,0,0,0,0,4,1,6,1,8,1796,1,4,6,1
201301KF60322,1,4,0,18,0,0,0,0,0,0,1,1,6,3,-1,-1,-1,-1,-1,-1
201301KF60323,1,3,0,18,0,0,1,0,0,0,3,1,1,1,8,108,1,-1,2,1