Accident_Index,Vehicle_Reference,Vehicle_Type,Towing_and_Articulation,Vehicle_Manoeuvre,Vehicle_Location-Restricted_Lane,Junction_Location,Skidding_and_Overturning,Hit_Object_in_Carriageway,Vehicle_Leaving_Carriageway,Hit_Object_off_Carriageway,1st_Point_of_Impact,Was_Vehicle_Left_Hand_Drive?,Journey_Purpose_of_Driver,Sex_of_Driver,Age_Band_of_Driver,Engine_Capacity_(CC),Propulsion_Code,Age_of_Vehicle,Driver_IMD_Decile,Driver_Home_Area_Type
201301KF60324,1,11,0,18,0,0,0,0,0,0,1,1,1,2,-1,6700,2,1,1,1
201301KF60325,1,9,0,18,0,8,0,0,0,0,1,1,6,1,-1,-1,-1,-1,2,1
201301KF60325,2,8,0,18,0,8,0,0,0,0,4,1,1,1,7,1497,8,4,2,1
201301KF60326,1,9,0,9,9,2,0,10,7,10,1,1,1,2,6,1341,1,10,2,1
201301KF60327,1,9,0,18,0,1,0,0,0,0,1,1,1,1,6,1896,2,7,1,1
201301KF60329,1,9,0,4,0,8,0,0,0,0,2,1,6,1,6,1896,2,11,-1,-1
201301KF60329,2,90,0,4,0,8,0,0,0,0,1,1,1,1,10,-1,-1,-1,2,1
201301KF60330,1,5,0,18,0,8,0,0,0,0,1,1,6,2,7,599,1,4,1,1
201301KF60330,2,8,0,9,0,8,0,0,0,0,3,1,1,1,7,2148,2,5,8,1
201301KF60331,1,1,0,18,0,0,0,0,0,0,1,1,2,2,8,-1,-1,-1,3,1
201301KF60331,2,9,0,5,0,0,0,0,0,0,1,1,6,1,-1,1781,1,16,3,1
201301KF60333,1,9,0,18,0,2,0,0,0,0,1,1,6,2,4,1560,2,8,3,1
201301KF60333,2,9,0,6,0,2,0,0,0,0,3,1,6,1,-1,1998,1,11,-1,-1
201301KF60334,1,9,0,18,0,8,0,0,0,0,3,1,1,1,7,2685,2,9,3,1
201301KF60334,2,9,0,18,0,8,0,0,0,0,1,1,1,1,4,1398,2,10,3,1
201301KF60335,1,9,0,18,0,8,0,0,0,0,1,1,6,2,8,1364,1,8,3,1
201301KF60335,2,9,0,7,0,8,0,0,0,0,3,1,6,3,-1,1989,1,13,-1,-1
201301KF60336,1,9,0,4,0,1,0,0,0,0,2,1,6,1,6,1995,2,11,3,1
201301KF60336,2,9,0,4,0,1,0,0,0,0,1,1,6,1,8,1598,2,2,1,1
201301KF60337,1,9,0,3,0,0,0,0,0,0,2,1,6,1,6,2171,1,12,3,1
201301KF60337,2,9,0,18,0,0,0,0,0,0,1,1,6,1,-1,1781,1,15,-1,-1
201301KF60338,1,9,0,18,0,0,0,0,0,0,4,1,6,1,6,1998,1,12,3,1
201301KF60338,2,9,0,12,0,0,0,0,0,0,3,1,6,3,-1,-1,-1,-1,-1,-1
201301KF60339,1,9,0,2,0,2,0,0,0,0,2,1,6,2,8,1560,2,9,2,1
201301KF60339,2,9,0,5,0,2,0,4,0,0,1,1,6,1,-1,1995,2,6,-1,-1
201301KF60341,1,9,0,2,0,1,0,0,0,0,2,1,6,2,6,1596,1,8,2,1
201301KF60341,2,9,0,3,0,1,0,0,0,0,2,1,6,2,5,1560,2,1,-1,-1
201301KF60341,3,9,0,4,0,1,0,0,0,0,1,1,6,2,8,1343,1,9,2,1
201301KF60342,1,9,0,3,0,8,0,0,0,0,2,1,6,1,6,1598,1,12,1,1
201301KF60342,2,9,0,18,0,8,0,0,0,0,1,1,4,1,-1,2231,2,5,-1,-1
201301KF60344,1,9,0,18,0,0,0,0,0,0,1,1,6,2,7,1242,1,8,3,1
201301KF60344,2,9,0,4,0,0,0,0,0,0,2,1,6,1,6,1396,1,5,1,1
201301KF60344,3,9,0,4,0,0,0,0,0,0,2,1,6,2,6,1598,1,7,1,1
201301KF60345,1,9,0,18,0,0,0,0,0,0,1,1,6,1,6,1997,2,-1,2,1
201301KF60345,2,9,0,18,0,0,0,0,0,0,1,1,6,3,-1,-1,-1,-1,-1,-1
201301KF60346,1,9,0,18,0,1,0,0,0,0,2,1,6,1,8,2597,1,9,2,1
201301KF60346,2,21,1,18,0,1,0,0,0,0,1,1,1,3,-1,-1,-1,-1,-1,-1
201301KF60347,1,9,0,18,0,1,0,0,0,0,4,1,6,1,9,-1,-1,-1,6,1
201301KF60347,2,9,0,12,0,1,0,0,0,0,3,1,6,3,-1,-1,-1,-1,-1,-1
201301KF60348,1,9,0,18,0,1,0,0,0,0,1,1,6,1,8,998,1,15,2,1
201301KF60348,2,9,0,4,0,1,0,0,0,0,2,1,6,1,7,2946,1,12,2,1
201301KF60349,1,9,0,18,0,8,0,0,0,0,3,1,6,1,7,1896,2,8,3,1
201301KF60349,2,9,0,12,0,8,0,0,0,0,0,1,6,3,-1,-1,-1,-1,-1,-1
201301KF60350,1,9,0,18,0,0,0,0,0,0,1,1,6,1,7,2967,2,1,2,1
201301KF60351,1,1,0,18,0,2,0,0,0,0,2,1,2,1,7,-1,-1,-1,6,1
201301KF60351,2,9,0,18,0,2,0,0,0,0,1,1,6,1,7,1895,1,12,8,1
201301KF60352,1,1,0,18,4,0,0,0,0,0,1,1,6,1,6,-1,-1,-1,-1,-1
201301KF60353,1,19,0,18,0,0,0,0,0,0,2,1,2,1,7,1968,2,3,8,1
201301KF60353,2,3,0,18,0,0,0,0,0,0,1,1,2,2,6,-1,-1,-1,-1,-1
201301KF60354,1,9,0,4,0,0,0,0,0,0,2,1,6,2,6,1229,1,1,2,1
201301KF60354,2,19,0,4,0,0,0,0,0,0,2,1,1,1,5,1995,2,1,1,1
201301KF60354,3,21,1,18,0,0,0,0,0,0,1,1,1,1,6,12809,2,1,2,1
201301KF60355,1,1,0,18,0,8,0,0,0,0,3,1,2,1,6,-1,-1,-1,2,1
201301KF60355,2,9,0,13,0,8,0,0,0,0,4,1,1,1,9,3123,1,7,9,1
201301KF60356,1,9,0,2,0,2,0,0,0,0,2,1,1,1,7,1598,2,-1,-1,-1
201301KF60356,2,9,0,4,0,2,0,4,0,0,1,1,6,1,7,1794,1,8,6,2
201301KF60356,3,9,0,4,0,2,0,0,0,0,1,1,6,2,9,1560,2,5,-1,-1
201301KF60356,4,9,0,4,0,2,0,0,0,0,1,1,6,1,8,-1,-1,-1,1,1
201301KF60356,5,9,0,4,0,2,0,0,0,0,2,1,6,1,8,1870,2,3,8,1
201301KF60357,1,9,0,14,0,0,0,0,0,0,1,1,1,1,6,3189,1,5,2,1
201301KF60358,1,9,0,4,0,0,0,0,0,0,2,1,6,1,5,2099,1,8,5,1
201301KF60358,2,3,0,18,0,0,0,0,0,0,1,1,2,1,8,124,1,-1,1,1
201301KF60359,1,9,0,16,0,8,0,0,1,0,1,1,6,1,7,1399,2,4,6,1
201301KF60359,2,9,0,17,0,8,0,0,0,0,1,1,6,1,6,1392,1,17,1,1
201301KF60360,1,16,0,5,0,8,0,0,0,0,0,1,6,2,5,-1,-1,-1,1,1
201301KF60360,2,11,0,3,0,8,0,0,0,0,0,1,1,3,-1,-1,-1,-1,-1,-1
201301KF60361,1,3,0,18,0,8,0,0,0,0,4,1,2,1,6,125,1,10,1,1
201301KF60361,2,9,0,9,0,8,0,0,0,0,1,1,6,3,-1,-1,-1,-1,-1,-1
201301KF60362,1,1,0,16,0,8,0,0,0,0,1,1,2,1,7,-1,-1,-1,1,1
201301KF60362,2,11,0,16,0,8,1,0,0,0,4,1,1,1,9,6700,2,1,5,1
201301KF60363,1,9,0,18,0,8,0,4,0,0,1,1,6,2,5,1364,1,7,7,1
201301KF60363,2,11,0,2,0,8,0,0,0,0,3,1,1,1,7,-1,-1,-1,3,1
201301KF60364,1,9,0,6,0,0,0,0,0,0,3,1,6,2,5,2993,2,-1,5,1
201301KF60364,2,9,0,18,0,0,0,10,4,9,1,1,6,1,7,1968,2,3,4,1
201301KF60365,1,9,0,1,0,2,0,0,0,0,2,1,6,1,-1,-1,-1,-1,-1,-1
201301KF60366,1,9,0,1,0,2,0,0,0,0,2,1,6,1,7,1794,1,5,1,1
201301KF60367,1,9,0,18,0,0,0,0,0,0,1,1,3,2,6,1598,1,9,6,1
201301KF60367,2,9,0,3,0,0,0,0,0,0,2,1,6,1,9,1396,1,15,2,1
201301KF60368,1,9,0,16,0,8,0,0,0,0,2,1,2,2,8,1896,2,10,6,1
201301KF60368,2,9,0,16,0,8,0,0,0,0,1,1,6,1,-1,2435,1,13,-1,-1
201301KF60369,1,9,0,18,0,8,0,0,0,0,1,1,6,2,7,1364,1,6,1,1
201301KF60369,2,9,0,9,0,8,0,0,0,0,4,1,6,1,6,1998,1,10,1,1
201301KF60370,1,3,0,18,0,0,0,0,0,0,2,1,2,1,5,124,1,1,3,2
201301KF60370,2,9,0,18,0,0,0,0,0,0,1,1,6,2,5,1596,1,11,-1,-1
201301KF60371,1,1,0,18,0,8,0,0,0,0,3,1,1,1,7,-1,-1,-1,4,1
201301KF60371,2,19,0,9,0,8,0,0,0,0,1,1,2,1,9,-1,-1,-1,7,1
201301KF60372,1,9,0,18,0,8,0,0,0,0,1,1,6,1,5,-1,-1,-1,1,1
201301KF60372,2,9,0,18,0,8,0,0,0,0,4,1,6,1,11,1329,1,-1,2,1
201301KF60373,1,1,0,17,0,8,0,0,0,0,4,1,6,2,6,-1,-1,-1,5,1
201301KF60373,2,9,0,18,0,8,0,0,0,0,1,1,6,1,-1,1997,2,4,1,1
201301KF60374,1,9,0,3,0,8,0,0,0,0,2,1,6,1,6,1388,1,10,1,1
201301KF60374,2,9,0,18,0,8,0,0,0,0,1,1,6,3,-1,1596,1,14,-1,-1
201301KF60375,1,9,0,18,0,8,0,0,0,0,1,1,6,1,6,1390,1,15,1,1
201301KF60375,2,9,0,9,0,8,0,0,0,0,4,1,6,1,5,1598,1,8,4,1
201301KF60376,1,9,0,18,0,1,0,0,0,0,1,1,6,3,-1,-1,-1,-1,-1,-1
201301KF60378,1,8,0,18,0,0,0,0,0,0,1,1,1,1,8,-1,-1,-1,8,1
201301KF60378,2,9,0,18,0,0,0,0,0,0,1,1,6,1,6,1395,1,-1,-1,-1
201301KF60379,1,9,0,7,0,8,0,0,0,0,1,1,6,1,7,1796,1,12,7,1
201301KF60380,1,9,0,18,0,1,0,0,0,0,1,1,6,2,6,1598,1,-1,1,1
201301KF60381,1,11,0,18,0,1,0,0,0,0,1,1,1,1,7,9360,2,3,2,1
201301KF60382,1,9,0,18,0,1,0,0,0,0,1,1,1,1,8,1998,1,9,-1,-1
201301KF60383,1,9,0,18,0,2,0,0,0,0,2,1,6,1,5,1796,1,11,6,1
201301KF60383,2,9,0,18,0,2,0,0,0,0,1,1,6,1,6,1800,1,13,3,1
201301KF60384,1,19,0,4,0,1,0,0,0,0,1,1,1,1,-1,-1,-1,-1,-1,-1
201301KF60384,2,9,0,4,0,1,0,0,0,0,2,1,1,1,6,1242,1,5,-1,-1
201301KF60385,1,9,0,4,0,1,0,0,0,0,2,1,6,2,5,1242,1,5,4,1
201301KF60385,2,9,0,4,0,1,0,0,0,0,1,1,6,1,-1,1396,1,15,-1,-1
201301KF60386,1,9,0,3,0,1,0,0,0,0,2,1,6,2,9,1598,1,11,2,1
201301KF60386,2,19,0,4,0,1,0,0,0,0,1,1,6,1,7,2402,2,3,2,1
201301KF60387,1,9,0,18,0,1,0,0,0,0,1,1,6,3,-1,1910,2,7,-1,-1
201301KF60388,1,19,0,18,0,1,0,0,0,0,1,1,1,1,8,2500,2,5,5,1
201301KF60388,2,1,0,18,0,1,0,0,0,0,2,1,6,1,5,-1,-1,-1,2,1
201301KF60389,1,9,0,18,0,1,0,10,5,6,4,1,6,1,7,1900,2,14,3,1
201301KF60389,2,20,0,18,0,1,0,0,0,0,3,1,6,1,-1,-1,2,11,-1,-1
201301KF60391,1,9,0,3,0,1,0,0,0,0,3,1,6,2,6,1386,1,6,2,1
201301KF60391,2,9,0,7,0,2,0,0,0,0,1,1,6,2,-1,1242,1,12,-1,-1
201301KF60393,1,9,0,18,0,0,0,0,0,0,1,1,6,1,7,1596,1,9,3,1
201301KF60394,1,1,0,18,0,8,0,0,0,0,1,1,6,1,7,-1,-1,-1,4,1
201301KF60394,2,9,0,9,0,8,0,0,0,0,4,1,6,1,-1,1388,1,11,-1,-1
201301KF60395,1,9,0,18,0,1,0,0,0,0,1,1,6,1,8,1399,1,5,5,1
201301KF60397,1,1,0,18,0,1,0,0,0,0,3,1,6,1,6,-1,-1,-1,2,1
201301KF60397,2,9,0,7,0,5,0,0,0,0,4,1,6,3,-1,-1,-1,-1,-1,-1
201301KF60398,1,8,0,16,0,0,0,0,0,0,1,1,1,1,8,2402,2,9,2,1
201301KF60398,2,9,0,16,0,0,0,0,0,0,2,1,6,2,-1,1995,2,6,9,1
201301KF60399,1,11,0,18,0,1,0,0,0,0,0,1,1,1,7,4500,2,2,4,1
201301KF60400,1,9,0,18,0,0,0,0,0,0,1,1,6,3,-1,-1,-1,-1,-1,-1
201301KF60402,1,19,0,7,0,2,0,0,0,0,4,1,2,1,5,2143,2,3,-1,-1
201301KF60403,1,9,0,7,0,2,0,0,0,0,1,1,6,1,8,1560,2,1,-1,-1
201301KF60405,1,9,0,3,0,0,0,0,0,0,2,1,6,1,6,1870,2,7,2,1
201301KF60405,2,9,0,4,0,0,0,0,0,0,2,1,6,2,6,1794,1,5,2,1
201301KF60405,3,9,0,18,0,0,0,0,0,0,1,1,6,1,6,1796,1,10,-1,-1
201301KF60406,1,9,0,18,0,0,0,4,0,0,1,1,6,1,6,2494,1,24,2,1
201301KF60406,2,11,0,2,0,0,0,0,0,0,2,1,1,1,9,7300,2,8,2,1
201301KF60407,1,9,0,18,0,8,0,0,0,0,1,1,6,1,5,1398,1,-1,2,1
201301KF60407,2,1,0,18,0,8,0,0,0,0,4,1,6,1,4,-1,-1,-1,2,1
201301KF60408,1,9,0,18,0,0,0,0,0,0,0,1,6,1,8,-1,-1,-1,2,1
201301KF60408,2,5,0,18,0,0,0,11,0,0,4,1,6,1,8,998,1,10,-1,-1
201301KF60409,1,9,0,18,0,1,0,0,0,0,2,1,6,2,8,1397,1,12,2,1
201301KF60409,2,19,0,18,0,1,0,0,0,0,1,1,1,1,5,1560,2,2,3,1
201301KF60410,1,9,0,14,0,2,0,0,0,0,1,1,6,2,7,1995,2,10,2,1
201301KF60411,1,9,0,14,0,8,0,0,0,0,2,1,6,1,8,1332,1,13,2,1
201301KF60411,2,9,0,14,0,8,0,0,0,0,1,1,6,1,-1,1769,1,10,-1,-1
201301KF60412,1,9,0,18,0,8,0,0,0,0,3,1,6,1,5,1995,2,12,2,1
201301KF60412,2,9,0,9,0,8,0,0,0,0,1,1,6,1,-1,1598,1,9,-1,-1
201301KF60413,1,1,0,18,0,0,0,0,0,0,2,1,6,2,8,-1,-1,-1,1,1
201301KF60413,2,9,0,1,0,0,0,0,0,0,4,1,6,1,-1,3199,1,12,-1,-1
201301KF60414,1,9,0,3,0,0,0,0,0,0,2,1,2,2,6,1769,1,7,6,1
201301KF60414,2,9,0,5,0,0,0,0,0,0,1,1,6,2,-1,1299,1,11,6,1
201301KF60415,1,9,0,17,0,0,0,0,1,7,4,1,2,1,6,1998,1,12,1,1
201301KF60416,1,9,0,18,0,8,0,0,0,0,4,1,6,3,-1,-1,-1,-1,-1,-1
201301KF60417,1,9,0,7,0,8,0,0,0,0,4,1,6,2,5,1328,1,6,9,1
201301KF60417,2,11,0,18,0,8,0,0,0,0,1,1,1,1,6,8268,2,8,2,1
201301KF60418,1,9,0,4,0,0,0,0,0,0,3,1,2,2,7,1798,1,6,1,1
201301KF60418,2,1,0,18,0,0,0,0,0,0,1,1,6,1,-1,-1,-1,-1,-1,-1
201301KF60421,1,9,0,3,0,0,0,0,0,0,1,1,6,1,6,1229,1,7,2,1
201301KF60421,2,9,0,1,0,0,0,0,0,0,2,1,6,2,6,1198,1,3,3,1
201301KF60422,1,9,0,18,0,2,0,0,0,0,1,1,6,1,7,2000,7,13,2,1
201301KF60422,2,9,0,13,0,1,0,0,0,0,1,1,6,1,7,1598,1,5,1,1
201301KF60422,3,11,0,5,0,1,0,0,0,0,3,1,1,1,7,8268,2,9,2,1
201301KF60422,4,9,0,3,0,2,0,0,0,0,1,1,6,2,6,1248,2,9,3,1
201301KF60423,1,9,0,17,0,8,0,0,0,0,4,1,3,1,7,1497,1,7,1,1
201301KF60423,2,9,0,16,0,8,0,0,0,0,1,1,6,2,-1,1390,1,12,1,1
201301KF60424,1,9,0,9,0,8,0,0,0,0,4,1,2,1,6,1598,1,8,3,1
201301KF60424,2,3,0,18,0,8,0,0,0,0,1,1,2,1,8,124,1,13,-1,-1
201301KF60425,1,1,0,18,0,0,0,0,0,0,4,1,2,1,8,-1,-1,-1,3,1
201301KF60425,2,9,0,12,0,0,0,0,0,0,3,1,6,1,-1,2000,1,14,-1,-1
201301KF60427,1,9,0,18,0,2,0,0,0,0,1,1,6,1,6,2143,2,-1,2,1
201301KF60427,2,9,0,18,0,1,0,0,0,0,1,1,6,1,-1,1598,1,3,-1,-1
201301KF60428,1,9,0,7,0,2,0,0,0,0,1,1,6,1,6,1995,2,8,1,1
201301KF60429,1,9,0,17,0,2,0,0,0,0,1,1,6,1,-1,-1,-1,-1,-1,-1
201301KF60430,1,9,0,3,0,2,0,0,0,0,2,1,6,1,8,-1,-1,-1,3,1
201301KF60430,2,9,0,4,0,2,0,0,0,0,1,1,6,1,-1,-1,-1,-1,-1,-1
201301KF60431,1,9,0,9,0,8,0,0,0,0,4,1,6,1,5,1998,1,11,7,1
201301KF60431,2,8,0,9,0,8,0,0,0,0,1,1,2,1,7,1796,1,10,2,1
201301KF60432,1,19,0,18,0,0,0,0,0,0,3,1,1,1,8,4250,2,1,3,1
201301KF60432,2,21,1,5,0,0,0,0,0,0,4,1,1,1,-1,12740,2,3,-1,-1
201301KF60433,1,11,0,18,0,2,0,0,0,0,1,1,1,2,5,6700,2,1,2,1
201301KF60433,2,9,0,18,0,1,0,0,0,0,1,1,6,1,5,1781,1,21,3,1
201301KF60434,1,9,0,3,0,8,0,0,0,0,2,1,2,1,6,1596,1,9,5,1
201301KF60434,2,9,0,4,0,8,0,0,0,0,1,1,2,1,9,-1,-1,-1,7,1
201301KF60436,1,9,0,11,0,7,0,0,0,0,1,1,6,1,9,1388,1,5,3,1
201301KF60436,2,8,0,4,0,7,0,0,0,0,2,1,6,2,9,1398,2,-1,3,1
201301KF60437,1,9,0,18,0,0,5,4,0,0,1,1,6,1,7,1398,1,12,3,1
201301KF60437,2,9,0,2,0,0,0,0,0,0,4,1,6,2,10,1124,1,12,2,1
201301KF60437,3,9,0,2,0,0,0,0,0,0,3,1,6,1,6,1600,1,13,2,1
201301KF60438,1,9,0,18,0,1,0,0,0,0,1,1,6,1,9,1598,1,2,2,1
201301KF60439,1,9,0,18,0,1,0,0,0,0,2,1,1,1,7,-1,-1,-1,3,1
201301KF60439,2,9,0,18,0,1,0,0,0,0,1,1,6,1,4,1968,2,5,1,1
201301KF60440,1,3,0,18,0,8,0,0,0,0,1,1,6,1,5,-1,-1,-1,-1,-1
201301KF60440,2,9,0,9,0,8,0,0,0,0,4,1,6,1,5,-1,-1,-1,1,1
201301KF60442,1,8,0,1,0,0,0,0,0,0,3,1,1,1,9,1995,2,9,4,1
201301KF60442,2,9,0,1,0,0,0,0,0,0,2,1,6,1,-1,-1,-1,-1,-1,-1
201301KF60443,1,1,0,18,0,0,0,8,0,0,1,1,6,1,6,-1,-1,-1,1,1
201301KF60443,2,9,0,2,0,0,0,0,0,0,3,1,6,2,-1,1998,1,13,-1,-1
201301KF60444,1,9,0,3,0,8,0,0,0,0,2,1,6,1,7,1299,1,14,3,1
201301KF60444,2,9,0,18,0,8,0,0,0,0,1,1,6,1,-1,1598,1,10,-1,-1
201301KF60445,1,9,0,18,0,2,0,0,0,0,1,1,6,3,-1,-1,-1,-1,-1,-1
201301KF60446,1,9,0,18,0,1,0,0,0,0,1,1,6,1,5,1242,1,5,2,1
201301KF60446,2,3,0,18,0,1,0,0,0,0,2,1,6,1,8,124,1,2,3,1
201301KF60447,1,11,0,3,0,2,0,0,0,0,0,1,1,1,8,8268,2,10,-1,-1
201301KF60448,1,19,0,9,0,0,0,0,1,0,1,1,6,1,7,-1,-1,-1,2,1
201301KF60448,2,9,0,18,0,0,1,0,0,0,1,1,6,2,6,-1,-1,-1,6,1
201301KF60449,1,9,0,18,0,0,0,0,0,0,1,1,6,1,6,1781,1,14,6,1
201301KF60449,2,9,0,3,0,0,0,0,0,0,2,1,6,2,4,1240,1,9,8,3
201301KF60449,3,8,0,3,0,0,0,0,0,0,2,1,6,1,7,1956,2,4,7,1
201301KF60451,1,9,0,18,0,8,0,0,0,0,1,1,6,1,7,2698,2,7,5,1
201301KF60451,2,9,0,9,0,8,0,0,0,0,1,1,6,1,9,1299,1,14,1,1
201301KF60452,1,9,0,18,0,8,0,0,0,0,1,1,6,1,5,1984,1,4,2,1
201301KF60452,2,9,0,9,0,8,0,0,0,0,4,1,6,1,7,1240,1,7,2,1
201301KF60453,1,1,0,18,0,8,0,0,0,0,4,1,2,1,7,-1,-1,-1,1,1
201301KF60453,2,9,0,7,0,8,0,0,0,0,1,1,1,1,5,1461,2,3,2,1
201301KF60454,1,11,0,18,0,0,0,0,0,0,1,1,1,1,5,9360,2,2,2,1
201301KF60455,1,19,0,13,0,0,0,0,0,0,3,1,2,1,8,-1,-1,-1,6,1
201301KF60455,2,1,0,16,0,0,0,0,0,0,1,1,2,1,8,-1,-1,-1,3,1
201301KF60456,1,9,0,18,0,8,0,0,0,0,4,1,6,2,5,1242,1,9,1,1
201301KF60456,2,9,0,18,0,8,0,0,0,0,1,1,6,1,5,1498,1,1,2,1
201301KF60457,1,9,0,18,0,8,0,0,0,0,3,1,6,1,7,1995,2,10,3,1
201301KF60457,2,9,0,9,0,8,0,0,0,0,1,1,6,1,5,1900,2,14,-1,-1
201301KF60458,1,9,0,6,9,0,0,10,7,10,1,1,2,2,8,1598,1,3,2,1
201301KF60461,1,9,0,9,0,8,0,0,0,0,3,1,6,1,6,1868,2,13,2,1
201301KF60461,2,9,0,18,0,8,0,0,0,0,1,1,6,1,-1,1560,2,-1,-1,-1
201301KF60462,1,3,0,3,0,8,0,0,0,0,3,1,6,1,6,124,1,-1,3,1
201301KF60462,2,9,0,3,0,8,0,0,1,0,4,1,6,1,6,-1,-1,-1,4,1
201301KF60463,1,3,0,3,0,8,0,0,0,0,2,1,1,1,6,125,1,1,6,1
201301KF60463,2,9,0,4,0,8,0,0,0,0,1,1,6,1,6,1998,1,-1,-1,-1
201301KF60464,1,9,0,5,0,0,0,0,0,0,2,1,6,2,7,2378,1,9,1,1
201301KF60464,2,9,0,18,0,0,0,0,0,0,1,1,6,1,7,1199,1,10,3,1
201301KF60465,1,19,0,18,0,8,0,0,0,0,1,1,6,3,-1,-1,-1,-1,-1,-1
201301KF60465,2,1,0,18,0,8,0,0,0,0,4,1,6,1,8,-1,-1,-1,1,1
201301KF60466,1,9,0,18,0,8,0,0,0,0,4,1,6,1,6,1386,1,10,1,1
201301KF60466,2,9,0,7,0,8,0,0,0,0,1,1,6,3,-1,-1,-1,-1,-1,-1
201301KF60467,1,9,0,18,0,0,0,0,0,0,1,1,6,1,5,1360,1,9,1,1
201301KF60468,1,9,0,12,0,0,0,0,0,0,1,1,6,1,6,1995,2,-1,2,1
201301KF60468,2,9,0,18,0,0,0,0,0,0,2,1,6,1,6,999,1,4,2,1
201301KF60469,1,9,0,10,0,1,0,0,0,0,2,1,6,1,6,1997,2,1,2,1
201301KF60469,2,9,0,18,0,1,0,0,0,0,1,1,6,2,5,998,1,9,6,1
201301KF60470,1,9,0,9,0,8,0,0,0,0,4,1,6,1,9,1390,1,14,2,1
201301KF60470,2,9,0,18,0,8,0,0,0,0,1,1,6,3,-1,-1,-1,-1,-1,-1
201301KF60471,1,9,0,18,0,0,0,0,1,7,4,1,6,1,5,2000,1,8,1,1
201301KF60472,1,9,0,18,0,8,0,0,0,0,0,1,6,1,9,1995,2,7,1,1
201301KF60473,1,9,0,2,0,0,0,0,0,0,2,1,6,1,8,1956,2,4,1,1
201301KF60473,2,19,0,5,0,0,0,4,0,0,1,1,1,1,8,2143,2,1,-1,-1
201301KF60474,1,19,0,7,0,2,0,0,0,0,1,1,6,1,-1,-1,-1,-1,-1,-1
201301KF60475,1,9,0,9,0,2,0,0,0,0,1,1,6,2,7,1199,1,10,1,1
201301KF60475,2,5,0,18,0,1,0,0,0,0,1,1,6,1,6,1084,1,12,9,3
201301KF60476,1,9,0,3,0,1,0,0,0,0,2,1,2,2,5,1341,1,8,6,1
201301KF60476,2,9,0,18,0,1,0,0,0,0,1,1,6,1,-1,1998,1,15,-1,-1
201301KF60477,1,9,0,1,0,0,0,0,0,0,2,1,6,1,5,1870,2,8,1,1
201301KF60478,1,9,0,18,0,8,0,0,0,0,1,1,6,3,-1,-1,-1,-1,-1,-1
201301KF60479,1,9,0,15,0,0,0,0,0,0,1,1,6,1,5,1590,1,12,9,1
201301KF60479,2,9,0,18,0,0,0,0,0,0,1,1,1,1,8,1794,1,10,2,1
201301KF60479,3,3,0,18,0,0,0,0,0,0,1,1,6,1,6,124,1,11,-1,-1
201301KF60480,1,9,0,18,0,8,0,0,0,0,1,1,6,1,7,1587,1,11,5,1
201301KF60480,2,5,0,18,0,8,0,0,0,0,1,1,6,2,6,599,1,10,8,1
201301KF60481,1,9,0,18,0,1,0,0,0,0,3,1,6,1,6,1590,1,6,3,1
201301KF60481,2,9,0,11,0,1,0,0,0,0,4,1,6,3,-1,-1,-1,-1,-1,-1
201301KF60482,1,9,0,11,0,8,0,0,0,0,4,1,6,2,5,1242,1,4,8,1
201301KF60482,2,3,0,18,0,8,0,0,0,0,3,1,6,1,6,124,1,12,4,1
201301KF60483,1,9,0,18,0,1,0,0,0,0,2,1,6,1,7,1339,1,8,2,1
201301KF60483,2,9,0,18,0,1,0,0,0,0,1,1,6,3,-1,-1,-1,-1,-1,-1
201301KF60484,1,1,0,18,0,1,0,0,0,0,1,1,6,3,-1,-1,-1,-1,-1,-1
201301KF60485,1,11,0,4,0,1,0,0,0,0,0,1,1,2,7,6700,2,2,5,1
201301KF60486,1,9,0,18,0,1,0,0,0,0,3,1,6,1,8,-1,-1,-1,10,1
201301KF60486,2,9,0,11,0,1,0,0,0,0,4,1,6,1,5,1995,1,6,-1,-1
201301KF60487,1,1,0,14,0,1,0,8,0,0,1,1,6,1,6,-1,-1,-1,2,1
201301KF60487,2,9,0,2,0,1,0,0,0,0,3,1,6,1,-1,1950,2,14,-1,-1
201301KF60489,1,9,0,18,0,8,0,0,0,0,1,1,6,1,6,-1,-1,-1,-1,-1
201301KF60489,2,9,0,7,0,8,0,0,0,0,3,1,6,2,6,-1,-1,-1,-1,-1
201301KF60490,1,9,0,7,0,8,0,0,0,0,1,1,6,1,5,1364,1,8,5,1
201301KF60490,2,9,0,18,0,8,0,4,0,0,4,1,6,1,9,1998,1,13,-1,-1
201301KF60490,3,9,0,2,0,8,0,0,0,0,2,1,6,1,6,-1,-1,-1,2,1
201301KF60492,1,1,0,18,0,8,0,0,0,0,1,1,6,1,7,-1,-1,-1,7,1
201301KF60492,2,9,0,7,0,8,0,0,0,0,3,1,6,3,-1,-1,-1,-1,-1,-1
201301KF60493,1,9,0,18,0,1,0,0,0,0,2,1,6,2,6,1968,2,7,4,1
201301KF60493,2,9,0,18,0,1,0,0,0,0,1,1,6,3,-1,-1,-1,-1,-1,-1
201301KF60494,1,3,0,18,0,2,0,0,0,0,1,1,6,1,7,124,1,10,10,1
201301KF60495,1,9,0,18,0,8,0,0,0,0,4,1,6,1,8,1796,1,10,7,1
201301KF60495,2,9,0,18,0,8,0,0,0,0,1,1,6,3,-1,-1,-1,-1,-1,-1
201301KF60496,1,1,0,18,0,8,0,0,0,0,2,1,6,1,4,-1,-1,-1,-1,-1
201301KF60496,2,9,0,18,0,8,0,0,0,0,1,1,6,1,-1,1769,1,9,-1,-1
201301KF60497,1,9,0,18,0,8,0,0,0,0,4,1,6,1,5,1390,1,2,1,1
201301KF60497,2,9,0,12,0,8,0,0,0,0,3,1,6,1,8,3222,2,10,5,1
201301KF60499,1,4,0,18,0,8,0,0,0,0,1,1,6,1,7,124,1,2,6,1