Accident_Index,Vehicle_Reference,Vehicle_Type,Towing_and_Articulation,Vehicle_Manoeuvre,Vehicle_Location-Restricted_Lane,Junction_Location,Skidding_and_Overturning,Hit_Object_in_Carriageway,Vehicle_Leaving_Carriageway,Hit_Object_off_Carriageway,1st_Point_of_Impact,Was_Vehicle_Left_Hand_Drive?,Journey_Purpose_of_Driver,Sex_of_Driver,Age_Band_of_Driver,Engine_Capacity_(CC),Propulsion_Code,Age_of_Vehicle,Driver_IMD_Decile,Driver_Home_Area_Type
201301KF60499,2,9,0,7,0,8,0,0,0,0,2,1,6,2,-1,1598,2,1,-1,-1
201301KF60500,1,9,0,18,0,1,0,0,0,0,2,1,1,1,9,1396,1,15,2,1
201301KF60500,2,19,0,18,0,1,0,0,0,0,1,1,6,3,-1,1364,7,8,-1,-1
201301KF60501,1,9,0,18,0,1,0,0,0,0,1,1,2,1,5,1364,1,3,1,1
201301KF60501,2,9,0,4,0,1,0,0,0,0,2,1,2,1,6,2698,2,5,3,1
201301KF60501,3,9,0,4,0,1,0,0,0,0,2,1,1,1,-1,-1,-1,-1,-1,-1
201301KF60502,1,9,0,4,0,1,0,0,0,0,2,1,6,1,7,1596,1,12,1,1
201301KF60502,2,9,0,4,0,1,0,0,0,0,2,1,6,2,7,1360,1,7,-1,-1
201301KF60502,3,9,0,4,0,1,0,0,0,0,1,1,6,3,-1,1998,1,11,-1,-1
201301KF60503,1,1,0,18,0,1,0,0,0,0,3,1,2,1,7,-1,-1,-1,2,1
201301KF60503,2,9,0,13,0,1,0,0,0,0,4,1,6,1,-1,-1,-1,-1,-1,-1
201301KF60504,1,9,0,18,0,1,0,10,1,2,1,1,2,1,7,1590,1,13,2,1
201301KF60505,1,11,0,17,0,8,0,0,0,0,0,1,1,1,5,4500,2,2,2,1
201301KF60505,2,9,0,18,0,8,0,0,0,0,0,1,6,1,6,1360,1,12,4,1
201301KF60506,1,9,0,9,0,8,0,0,0,0,1,1,6,2,7,1796,1,12,3,1
201301KF60506,2,3,0,18,0,8,0,0,0,0,3,1,6,1,5,124,1,12,1,1
201301KF60507,1,9,0,17,0,8,0,0,0,0,2,1,6,1,7,2143,2,-1,1,1
201301KF60507,2,9,0,17,0,8,0,0,0,0,1,1,6,3,-1,-1,-1,-1,-1,-1
201301KF60508,1,9,0,4,0,1,0,0,0,0,2,1,6,1,8,2987,2,7,-1,-1
201301KF60508,2,9,0,4,0,1,0,0,0,0,1,1,6,1,-1,2099,1,9,2,1
201301KF60509,1,9,0,3,0,1,0,0,0,0,2,1,6,1,6,1796,1,12,3,1
201301KF60509,2,9,0,4,0,1,0,0,0,0,1,1,6,3,-1,999,1,13,-1,-1
201301KF60510,1,9,0,18,0,1,0,0,0,0,1,1,6,2,9,1997,2,9,2,1
201301KF60511,1,9,0,9,0,8,0,0,0,0,4,1,6,1,6,2987,2,6,2,1
201301KF60511,2,9,0,18,0,8,0,0,0,0,1,1,6,1,5,-1,-1,-1,3,1
201301KF60512,1,9,0,9,0,8,0,0,0,0,1,1,4,1,4,1796,1,11,1,1
201301KF60513,1,9,0,18,0,0,0,0,0,0,2,1,6,1,-1,1248,2,5,2,1
201301KF60513,2,9,0,18,0,0,0,0,0,0,2,1,6,1,-1,1762,1,15,2,1
201301KF60513,3,19,0,18,0,0,0,0,0,0,1,2,6,1,-1,1998,2,9,7,1
201301KF60514,1,9,0,13,0,1,0,0,0,0,1,1,6,3,-1,-1,-1,-1,-1,-1
201301KF60514,2,1,0,18,0,1,0,0,0,0,2,1,6,1,7,-1,-1,-1,3,1
201301KF60515,1,9,0,7,0,8,0,0,0,0,4,1,6,1,6,-1,-1,-1,1,1
201301KF60515,2,1,0,18,0,8,0,0,0,0,1,1,6,1,8,-1,-1,-1,2,1
201301KF60516,1,5,0,18,0,8,0,0,0,0,1,1,6,1,5,599,1,12,10,3
201301KF60516,2,9,0,7,0,8,0,0,0,0,3,1,6,1,5,1799,1,5,2,1
201301KF60518,1,9,0,18,0,2,2,10,1,10,1,1,6,1,5,3246,1,9,6,1
201301KF60519,1,9,0,18,0,8,0,0,0,0,1,1,1,1,8,1968,2,1,5,1
201301KF60519,2,1,0,7,0,8,0,0,0,0,3,1,6,1,5,-1,-1,-1,-1,-1
201301KF60520,1,1,0,18,0,8,0,0,1,0,0,1,6,1,7,-1,-1,-1,2,1
201301KF60520,2,21,1,13,0,8,0,0,0,0,0,1,1,1,-1,10837,2,1,-1,-1
201301KF60521,1,11,0,18,0,0,0,0,0,0,0,1,1,1,-1,-1,-1,-1,-1,-1
201301KF60522,1,9,0,18,0,0,0,0,0,0,1,1,2,2,7,1560,2,3,2,1
201301KF60522,2,9,0,18,0,0,0,0,0,0,1,1,6,1,-1,-1,-1,-1,-1,-1
201301KF60523,1,9,0,9,0,8,0,0,0,0,1,1,6,3,-1,-1,-1,-1,-1,-1
201301KF60523,2,1,0,18,0,8,0,0,0,0,3,1,6,1,5,-1,-1,-1,5,1
201301KF60524,1,3,0,18,0,8,0,0,0,0,1,1,6,1,6,125,1,9,-1,-1
201301KF60524,2,10,0,7,0,8,0,0,0,0,3,1,6,2,6,-1,-1,-1,-1,-1
201301KF60525,1,11,0,4,0,8,0,0,0,0,0,1,1,1,6,8268,2,10,-1,-1
201301KF60526,1,11,0,18,0,2,0,0,0,0,1,1,1,1,7,8268,2,10,2,1
201301KF60526,2,1,0,18,0,1,0,0,0,0,1,1,6,2,8,-1,-1,-1,2,1
201301KF60527,1,9,0,3,0,1,0,0,0,0,2,1,6,1,7,1560,2,4,5,1
201301KF60527,2,9,0,18,0,1,0,0,0,0,1,1,6,3,-1,1796,1,8,-1,-1
201301KF60528,1,9,0,18,0,1,0,0,0,0,1,1,6,3,-1,2231,2,5,-1,-1
201301KF60529,1,9,0,11,0,1,0,0,0,0,4,1,6,3,-1,-1,-1,-1,-1,-1
201301KF60529,2,5,0,18,0,1,0,0,0,0,3,1,6,1,8,599,1,15,7,1
201301KF60531,1,9,0,3,0,1,0,0,0,0,1,1,6,1,6,1497,1,13,2,1
201301KF60531,2,9,0,1,0,2,0,0,0,0,2,1,6,3,-1,1997,2,3,-1,-1
201301KF60532,1,9,0,18,0,1,0,10,0,0,4,1,6,1,-1,-1,-1,-1,-1,-1
201301KF60532,2,9,0,18,0,1,0,10,0,0,3,1,1,3,-1,-1,-1,-1,-1,-1
201301KF60532,3,9,0,18,0,1,0,10,0,0,4,1,1,3,-1,-1,-1,-1,-1,-1
201301KF60532,4,19,0,18,0,1,0,0,0,0,2,1,6,1,-1,-1,-1,-1,2,1
201301KF60533,1,9,0,4,0,1,0,0,0,0,2,1,6,1,10,1598,1,8,2,1
201301KF60533,2,9,0,18,0,1,0,0,0,0,1,1,6,1,6,1199,2,2,2,1
201301KF60534,1,3,0,18,0,1,0,0,0,0,3,1,6,1,4,124,1,3,1,1
201301KF60535,1,9,0,18,0,0,0,0,0,0,1,1,6,1,8,2184,2,9,4,1
201301KF60535,2,9,0,18,0,0,0,0,0,0,2,1,6,2,5,1397,1,5,3,1
201301KF60536,1,9,0,18,0,1,0,0,0,0,4,1,6,1,7,2987,2,6,2,1
201301KF60537,1,3,0,18,0,8,0,0,0,0,1,1,2,1,5,125,1,4,2,1
201301KF60537,2,9,0,9,0,8,0,0,0,0,3,1,6,1,-1,1797,8,1,-1,-1
201301KF60538,1,9,0,18,0,8,0,0,0,0,1,1,6,1,6,1329,1,1,2,1
201301KF60538,2,8,0,9,0,8,0,0,0,0,1,1,1,1,9,1896,2,5,5,1
201301KF60539,1,1,0,18,0,0,0,0,0,0,2,1,6,1,4,-1,-1,-1,1,1
201301KF60539,2,9,0,18,0,0,0,0,0,0,1,1,1,1,-1,-1,-1,-1,-1,-1
201301KF60540,1,1,0,18,0,0,0,0,0,0,4,1,2,1,6,-1,-1,-1,-1,-1
201301KF60540,2,19,0,5,0,0,0,0,0,0,3,1,6,3,-1,-1,-1,-1,-1,-1
201301KF60541,1,19,0,3,0,1,0,0,0,0,2,1,6,1,6,1598,2,1,4,1
201301KF60541,2,9,0,4,0,1,0,0,0,0,2,1,6,2,8,1998,1,12,2,1
201301KF60541,3,9,0,18,0,1,0,0,0,0,1,1,6,2,6,1596,1,7,3,1
201301KF60542,1,9,0,18,0,0,0,0,0,0,3,1,6,2,6,1584,1,12,3,1
201301KF60542,2,9,0,18,0,0,0,0,0,0,3,1,6,1,-1,-1,-1,-1,-1,-1
201301KF60543,1,1,0,18,0,1,0,0,0,0,1,1,6,1,8,-1,-1,-1,1,1
201301KF60543,2,9,0,18,0,1,0,0,0,0,2,1,6,2,4,1199,1,11,8,1
201301KF60545,1,1,0,17,0,8,0,0,0,0,4,1,6,1,4,-1,-1,-1,2,1
201301KF60545,2,9,0,18,0,8,0,0,0,0,1,1,6,2,-1,1997,1,8,-1,-1
201301KF60546,1,9,0,18,0,2,0,0,0,0,4,1,6,2,-1,-1,-1,-1,-1,-1
201301KF60547,1,4,0,13,0,8,0,0,0,0,1,1,6,1,6,124,1,3,4,1
201301KF60547,2,8,0,9,0,8,0,0,0,0,3,1,1,1,5,2497,2,1,4,1
201301KF60548,1,9,0,9,0,2,0,0,0,0,1,1,6,1,5,2496,1,12,1,1
201301KF60549,1,9,0,3,0,2,0,0,0,0,2,1,6,1,6,1497,1,13,2,1
201301KF60549,2,21,0,9,0,2,0,0,0,0,1,1,1,1,-1,-1,-1,-1,-1,-1
201301KF60550,1,9,0,3,0,1,0,0,0,0,2,1,6,1,5,1598,1,12,2,1
201301KF60550,2,9,0,18,0,1,0,0,0,0,1,1,6,3,-1,2157,1,15,-1,-1
201301KF60551,1,9,0,18,9,2,0,10,3,10,1,1,6,1,5,2143,2,1,1,1
201301KF60552,1,9,0,7,0,2,0,0,0,0,1,1,6,3,-1,-1,-1,-1,-1,-1
201301KF60553,1,9,0,18,0,2,0,0,0,0,1,1,2,2,5,-1,-1,-1,2,1
201301KF60554,1,9,0,9,0,8,0,0,0,0,4,1,6,1,6,1396,1,13,-1,-1
201301KF60554,2,5,0,17,0,8,0,0,0,0,1,1,6,1,6,1000,1,5,2,1
201301KF60555,1,11,0,4,0,1,0,0,0,0,0,1,1,1,6,8268,2,10,2,1
201301KF60556,1,9,0,18,0,8,0,0,0,0,1,1,6,1,5,1796,1,6,-1,-1
201301KF60556,2,9,0,9,0,8,0,0,0,0,3,1,6,1,7,1988,1,10,3,1
201301KF60557,1,11,0,5,0,1,0,0,0,0,4,1,1,2,8,-1,-1,-1,2,1
201301KF60558,1,9,0,18,0,1,0,4,0,0,1,1,6,2,6,1560,2,-1,1,1
201301KF60558,2,9,0,2,0,1,0,0,0,0,3,1,6,1,8,1896,2,10,1,1
201301KF60559,1,3,0,18,0,8,0,0,0,0,1,1,6,1,6,124,1,3,2,1
201301KF60559,2,9,0,9,0,8,0,0,0,0,4,1,6,1,9,-1,-1,-1,2,1
201301KF60560,1,9,0,18,0,1,0,0,0,0,1,1,6,1,6,1997,2,10,2,1
201301KF60562,1,9,0,4,0,2,0,0,0,0,2,1,1,1,8,1796,1,4,3,1
201301KF60562,2,9,0,18,0,2,0,0,0,0,1,1,6,2,-1,1598,1,11,-1,-1
201301KF60563,1,9,0,9,0,2,0,0,0,0,1,1,6,1,5,1799,1,6,3,1
201301KF60565,1,9,0,4,0,1,0,0,0,0,2,1,6,1,6,1598,1,11,2,1
201301KF60565,2,9,0,4,0,1,0,0,0,0,2,1,6,1,8,1498,1,2,7,1
201301KF60565,3,9,0,4,0,1,0,0,0,0,1,1,6,1,5,1796,1,7,-1,-1
201301KF60566,1,11,0,18,0,1,0,0,0,0,1,1,1,1,7,8268,2,10,2,1
201301KF60567,1,11,0,3,0,0,0,0,0,0,2,1,1,1,-1,9360,2,2,-1,-1
201301KF60567,2,11,0,18,0,0,0,0,0,0,1,1,1,3,-1,8268,2,10,-1,-1
201301KF60568,1,8,0,18,0,1,0,0,0,0,2,1,6,1,6,1991,2,10,3,1
201301KF60568,2,9,0,18,0,1,0,0,0,0,1,1,1,1,6,-1,-1,-1,6,1
201301KF60569,1,19,0,18,9,2,0,10,1,2,1,1,6,1,6,1753,2,6,9,3
201301KF60570,1,3,0,18,0,0,0,4,0,0,1,1,2,1,5,125,1,1,5,1
201301KF60570,2,19,0,2,0,0,0,0,0,0,2,1,1,1,-1,-1,-1,-1,-1,-1
201301KF60572,1,1,0,18,0,8,0,0,0,0,1,1,6,1,6,-1,-1,-1,2,1
201301KF60572,2,9,0,7,0,8,0,0,0,0,3,1,6,1,-1,1753,2,12,1,1
201301KF60573,1,4,0,12,0,1,0,0,0,0,3,1,6,1,7,124,1,2,10,1
201301KF60573,2,20,0,18,0,1,0,0,0,0,4,1,1,1,7,12777,2,6,6,1
201301KF60573,3,9,0,18,0,1,0,0,0,0,3,1,6,1,-1,1108,1,4,3,1
201301KF60574,1,5,0,7,0,8,0,0,1,0,3,1,6,1,6,-1,-1,-1,1,1
201301KF60578,1,11,0,2,0,1,0,0,0,0,4,1,1,3,-1,-1,-1,-1,-1,-1
201301KF60579,1,11,0,4,0,2,0,0,0,0,0,1,1,1,8,7300,2,8,-1,-1
201301KF60580,1,9,0,14,0,0,0,0,0,0,1,1,6,2,7,2198,1,10,2,1
201301KF60580,2,9,0,5,0,0,0,0,0,0,3,1,2,1,6,1596,1,6,-1,-1
201301KF60581,1,5,0,3,0,1,0,0,0,0,3,1,6,1,8,1130,1,11,4,1
201301KF60581,2,9,0,13,0,1,0,0,0,0,4,1,6,1,5,1796,1,7,6,1
201301KF60584,1,1,0,18,0,1,0,0,0,0,4,1,6,1,4,-1,-1,-1,-1,-1
201301KF60584,2,9,0,5,0,1,0,0,0,0,3,1,6,1,5,1598,1,5,1,1
201301KF60585,1,5,0,18,0,1,0,10,1,1,1,1,6,1,8,696,1,1,-1,-1
201301KF60585,2,9,0,18,0,1,0,0,0,0,2,1,6,3,-1,-1,-1,-1,-1,-1
201301KF60586,1,5,0,18,0,1,0,0,0,0,3,1,6,1,6,1050,1,4,8,2
201301KF60586,2,9,0,11,0,1,0,0,0,0,4,1,6,1,6,-1,-1,-1,2,1
201301KF60587,1,9,0,18,0,1,0,0,0,0,1,1,6,1,5,1988,1,12,3,1
201301KF60588,1,9,0,18,0,1,0,10,1,10,1,1,6,1,6,2148,2,12,3,1
201301KF60589,1,4,0,18,0,1,0,0,0,0,1,1,6,1,5,125,1,6,-1,-1
201301KF60589,2,9,0,6,0,2,0,0,0,0,3,1,6,1,7,1596,1,10,2,1
201301KF60590,1,9,0,18,0,8,0,0,0,0,4,1,6,2,5,1242,1,1,4,1
201301KF60590,2,9,0,18,0,8,0,0,0,0,1,1,6,3,-1,-1,-1,-1,-1,-1
201301KF60592,1,9,0,14,0,0,0,4,0,0,1,1,6,1,6,1199,1,11,1,1
201301KF60592,2,9,0,2,0,0,0,0,0,0,3,1,6,1,7,2148,2,9,-1,-1
201301KF60593,1,9,0,4,0,1,0,0,0,0,2,1,6,2,6,1398,1,2,1,1
201301KF60593,2,9,0,4,0,1,0,0,0,0,1,1,6,2,8,2967,2,-1,10,2
201301KF60595,1,9,0,18,0,1,0,10,1,4,1,1,6,2,7,1900,2,13,2,1
201301KF60596,1,9,0,18,0,1,0,0,0,0,1,1,6,1,-1,1598,1,11,-1,-1
201301KF60598,1,11,0,7,0,8,0,0,0,0,1,1,1,1,6,8268,2,10,-1,-1
201301KF60600,1,11,0,18,0,0,0,0,0,0,1,1,1,1,7,8268,2,10,4,1
201301KF60601,1,4,0,4,0,1,1,0,0,0,0,1,6,1,9,645,1,5,8,1
201301KF60603,1,11,0,18,0,1,0,0,0,0,1,1,1,1,9,6700,2,2,6,1
201301KF60605,1,11,0,4,0,1,0,0,0,0,0,1,1,3,-1,-1,-1,-1,-1,-1
201301KF60606,1,9,0,3,0,8,0,0,0,0,2,1,6,2,-1,999,1,13,2,1
201301KF60606,2,9,0,4,0,8,0,0,0,0,1,1,6,3,-1,796,1,13,-1,-1
201301KF60607,1,9,0,4,0,1,0,0,0,0,2,1,6,1,9,1598,2,-1,1,1
201301KF60607,2,9,0,4,0,1,0,0,0,0,1,1,6,3,-1,-1,-1,-1,-1,-1
201301KF60608,1,9,0,4,0,1,0,0,0,0,1,1,6,2,5,1388,1,1,-1,-1
201301KF60608,2,9,0,4,0,1,0,0,0,0,2,1,6,1,6,1598,1,1,3,1
201301KF60608,3,21,0,4,0,1,0,0,0,0,2,1,1,1,5,-1,-1,-1,2,1
201301KF60610,1,3,0,4,0,1,1,0,0,0,0,1,6,1,6,124,1,5,-1,-1
201301KF60611,1,9,0,9,0,8,0,0,0,0,4,1,1,1,7,2685,2,8,3,1
201301KF60611,2,9,0,18,0,8,0,0,0,0,1,1,6,1,8,1598,2,3,2,1
201301KF60612,1,9,0,18,0,1,0,0,0,0,1,1,6,2,8,2231,2,7,1,1
201301KF60613,1,4,0,4,0,2,0,0,0,0,1,1,6,1,6,200,1,25,2,1
201301KF60614,1,9,0,18,0,8,0,0,0,0,1,1,6,1,-1,1991,2,11,1,1
201301KF60614,2,9,0,7,0,8,0,0,0,0,3,1,6,3,-1,1332,1,14,-1,-1
201301KF60615,1,9,0,6,0,8,0,0,0,0,4,1,6,1,7,1998,2,12,3,1
201301KF60615,2,9,0,7,0,8,0,0,0,0,1,1,6,1,5,1796,1,4,3,1
201301KF60616,1,9,0,4,0,2,0,0,0,0,2,1,6,2,6,1781,1,14,2,1
201301KF60616,2,5,0,4,0,2,0,0,0,0,1,1,6,1,7,1150,1,3,3,1
201301KF60617,1,9,0,18,0,1,0,0,0,0,2,1,6,1,7,2354,1,10,9,1
201301KF60617,2,20,0,18,0,1,0,0,0,0,1,1,6,1,-1,-1,-1,-1,-1,-1
201301KF60618,1,9,0,7,0,8,0,0,0,0,4,1,6,1,6,-1,-1,-1,-1,-1
201301KF60618,2,1,0,18,0,8,0,0,0,0,1,1,6,1,5,-1,-1,-1,2,1
201301KF60619,1,8,0,4,0,1,0,0,0,0,2,1,1,1,8,1560,2,6,-1,-1
201301KF60619,2,21,4,4,0,1,0,0,0,0,1,1,1,1,9,11705,2,9,4,1
201301KF60620,1,9,0,3,0,1,0,0,0,0,2,1,6,1,7,1896,2,11,-1,-1
201301KF60620,2,9,0,4,0,1,0,0,0,0,1,1,6,2,-1,1598,1,11,-1,-1
201301KF60621,1,1,0,18,0,0,0,0,0,0,0,1,6,1,4,-1,-1,-1,2,1
201301KF60622,1,9,0,18,0,1,0,0,0,0,1,1,6,1,-1,-1,-1,-1,-1,-1
201301KF60623,1,9,0,3,0,1,0,0,0,0,2,1,6,1,6,1360,1,6,2,1
201301KF60623,2,20,0,4,0,1,0,0,0,0,1,1,6,3,-1,-1,-1,-1,-1,-1
201301KF60624,1,9,0,2,0,1,0,0,0,0,3,1,6,1,8,1149,1,10,7,1
201301KF60624,2,1,0,14,0,1,0,8,0,0,1,1,6,1,7,-1,-1,-1,3,1
201301KF60626,1,1,0,13,0,1,0,0,0,0,4,1,6,1,8,-1,-1,-1,2,1
201301KF60626,2,19,0,5,0,1,0,0,0,0,3,1,6,3,-1,-1,-1,-1,-1,-1
201301KF60627,1,9,0,18,0,8,0,0,0,0,4,1,6,1,10,1390,1,12,-1,-1
201301KF60627,2,9,0,18,0,8,0,10,1,10,1,1,6,1,5,1598,2,2,2,1
201301KF60628,1,9,0,18,0,0,0,0,0,0,1,1,6,1,5,1995,2,7,2,1
201301KF60630,1,8,0,18,0,1,0,0,0,0,1,1,1,1,7,1796,1,5,2,1
201301KF60631,1,9,0,4,0,0,0,0,0,0,1,1,6,1,5,1299,1,11,-1,-1
201301KF60631,2,9,0,4,0,0,0,0,0,0,2,1,6,3,-1,-1,-1,-1,-1,-1
201301KF60631,3,9,0,4,0,0,0,0,0,0,1,1,6,1,5,1396,1,14,2,1
201301KF60632,1,9,0,18,0,0,0,0,2,7,4,1,6,1,5,-1,-1,-1,2,1
201301KF60633,1,9,0,18,0,1,0,0,0,0,1,1,6,2,6,1560,2,7,2,1
201301KF60634,1,9,0,18,0,0,0,0,0,0,4,1,6,2,5,1598,1,2,2,1
201301KF60635,1,19,0,18,0,0,0,0,0,0,1,1,6,1,6,2148,2,9,4,1
201301KF60636,1,9,0,13,0,1,0,0,0,0,1,1,6,3,-1,-1,-1,-1,-1,-1
201301KF60636,2,1,0,18,0,1,0,0,0,0,2,1,6,1,4,-1,-1,-1,2,1
201301KF60637,1,9,0,18,0,8,0,0,0,0,1,1,6,1,5,1596,1,13,-1,-1
201301KF60637,2,9,0,7,0,8,0,0,0,0,3,1,6,3,-1,1242,1,10,-1,-1
201301KF60638,1,3,0,18,0,8,0,0,0,0,1,1,6,1,5,125,1,3,-1,-1
201301KF60638,2,9,0,18,0,8,0,0,0,0,3,1,6,1,6,1796,1,8,2,1
201301KF60639,1,9,0,3,0,1,0,0,0,0,2,1,6,2,8,1598,1,11,1,1
201301KF60639,2,19,0,4,0,1,0,0,0,0,1,1,6,1,-1,2151,2,9,-1,-1
201301KF60640,1,9,0,18,0,1,0,0,0,0,1,1,6,1,8,1997,2,4,2,1
201301KF60641,1,9,0,9,0,8,0,0,0,0,1,1,6,1,6,1396,1,13,3,1
201301KF60641,2,9,0,18,0,8,0,0,0,0,1,1,6,2,6,1590,1,11,-1,-1
201301KF60642,1,9,0,18,0,8,0,0,0,0,1,1,6,1,6,-1,-1,-1,2,1
201301KF60642,2,9,0,9,0,8,0,0,0,0,4,1,6,1,5,-1,-1,-1,3,1
201301KF60644,1,9,0,18,0,1,0,0,0,0,1,1,6,2,6,1368,1,-1,1,1
201301KF60645,1,1,0,14,0,2,0,8,0,0,1,1,6,1,7,-1,-1,-1,2,1
201301KF60645,2,9,0,2,0,2,0,0,0,0,3,1,6,3,-1,-1,-1,-1,-1,-1
201301KF60646,1,9,0,3,0,1,0,0,0,0,3,1,6,1,6,998,1,11,2,1
201301KF60646,2,1,0,14,0,1,0,0,0,0,4,1,6,1,7,-1,-1,-1,3,1
201301KF60647,1,9,0,3,0,1,0,0,0,0,2,1,6,1,6,1497,8,5,2,1
201301KF60647,2,9,0,4,0,1,0,0,0,0,1,1,6,3,-1,1600,1,14,-1,-1
201301KF60648,1,9,0,4,0,1,0,0,0,0,2,1,6,2,5,1598,2,1,2,1
201301KF60648,2,9,0,4,0,1,0,0,0,0,1,1,6,3,-1,1596,1,12,-1,-1
201301KF60649,1,9,0,18,0,1,0,0,0,0,1,1,6,1,9,1997,1,6,1,1
201301KF60649,2,1,0,18,0,1,0,0,0,0,2,1,6,1,7,-1,-1,-1,4,1
201301KF60650,1,9,0,9,0,2,0,0,0,0,1,1,6,1,7,1388,1,9,4,1
201301KF60651,1,9,0,10,0,1,0,0,0,0,1,1,6,1,7,1199,1,8,1,1
201301KF60651,2,9,0,9,0,2,0,0,0,0,1,1,6,1,-1,1242,1,12,-1,-1
201301KF60652,1,9,0,3,0,1,0,0,0,0,2,1,1,1,6,1396,1,-1,4,1
201301KF60652,2,9,0,3,0,1,0,0,0,0,2,1,6,1,4,1798,1,7,-1,-1
201301KF60652,3,9,0,4,0,1,0,0,0,0,1,1,6,2,5,999,1,3,2,1
201301KF60653,1,9,0,18,0,8,0,0,0,0,3,1,6,1,4,1598,1,7,2,1
201301KF60653,2,9,0,18,0,8,0,0,0,0,1,1,6,3,-1,-1,-1,-1,-1,-1
201301KF60654,1,19,0,18,0,0,0,0,0,0,3,1,6,1,5,2151,2,8,2,1
201301KF60654,2,9,0,11,0,0,0,0,0,0,4,1,6,1,6,1229,1,6,3,1
201301KF60655,1,9,0,5,0,1,0,0,0,0,3,1,6,3,-1,-1,-1,-1,-1,-1
201301KF60655,2,2,0,18,0,1,0,0,0,0,4,1,6,1,6,50,1,7,3,1
201301KF60657,1,17,0,11,0,1,0,0,0,0,2,1,1,1,6,-1,-1,-1,3,1
201301KF60657,2,5,0,18,0,1,0,0,0,0,1,1,6,1,4,600,1,13,5,1
201301KF60658,1,9,0,18,0,8,0,0,0,0,1,1,6,1,5,1595,1,14,1,1
201301KF60658,2,9,0,18,0,8,0,0,0,0,2,1,6,2,7,1895,1,13,2,1
201301KF60659,1,9,0,18,0,0,0,0,0,0,1,1,6,2,-1,-1,-1,-1,-1,-1
201301KF60660,1,5,0,18,0,1,0,0,0,0,4,1,6,1,7,998,1,15,5,1
201301KF60661,1,9,0,4,0,0,0,0,0,0,2,1,6,1,5,1997,1,9,2,1
201301KF60661,2,9,0,18,0,0,0,0,0,0,1,1,6,1,-1,1896,2,6,-1,-1
201301KF60662,1,9,0,18,0,2,0,0,0,0,1,1,6,2,8,1360,1,9,2,1
201301KF60662,2,9,0,18,0,2,0,0,0,0,2,1,6,1,-1,1984,1,8,5,1
201301KF60666,1,9,0,18,0,0,0,0,0,0,1,1,6,3,-1,-1,-1,-1,-1,-1
201301KF60667,1,9,0,9,0,2,0,0,0,0,1,1,6,3,-1,1598,1,5,-1,-1
201301KF60668,1,9,0,18,0,0,0,0,0,0,1,1,6,3,-1,-1,-1,-1,-1,-1
201301KF60669,1,19,0,18,0,0,0,0,0,0,1,1,1,1,6,2198,2,1,-1,-1
201301KF60669,2,9,0,4,0,0,0,0,0,0,2,1,6,2,8,1598,1,8,3,1
201301KF60670,1,9,0,7,0,2,0,0,0,0,1,1,6,1,-1,1598,1,3,-1,-1
201301KF60671,1,11,0,4,0,0,0,0,0,0,4,1,1,1,8,6700,2,1,3,1
201301KF60672,1,3,0,18,0,1,0,0,0,0,4,1,2,1,-1,-1,-1,-1,-1,-1
201301KF60672,2,9,0,5,0,1,0,0,0,0,3,1,2,1,6,2993,2,3,6,1
201301KF60673,1,1,0,18,0,8,0,0,0,0,1,1,2,1,9,-1,-1,-1,9,1
201301KF60673,2,9,0,9,0,8,0,0,0,0,4,1,6,3,-1,-1,-1,-1,-1,-1
201301KF60674,1,9,0,18,0,8,0,0,0,0,3,1,6,2,6,1390,1,10,2,1
201301KF60674,2,9,0,9,0,8,0,0,0,0,1,1,6,1,-1,1598,1,12,-1,-1
201301KF60675,1,11,0,5,0,0,0,0,0,0,2,1,1,1,8,9360,2,2,3,1
201301KF60675,2,11,0,5,0,0,0,0,0,0,1,1,1,2,8,8268,2,10,3,1
201301KF60676,1,9,0,9,0,8,0,0,0,0,1,1,1,2,5,1198,1,9,5,1
201301KF60676,2,9,0,18,0,8,0,0,0,0,3,1,1,1,5,-1,-1,-1,3,1
201301KF60677,1,11,0,3,0,1,0,0,0,0,0,1,1,1,10,8268,2,11,5,1
201301KF60678,1,9,0,10,0,1,0,0,0,0,2,1,6,2,5,-1,-1,-1,1,1
201301KF60678,2,9,0,18,0,1,0,0,0,0,1,1,6,3,-1,1596,1,11,-1,-1
201301KF60679,1,1,0,18,9,1,0,0,0,0,1,1,6,1,5,-1,-1,-1,2,1
201301KF60680,1,1,0,18,0,1,0,0,0,0,1,1,2,1,7,-1,-1,-1,3,1
201301KF60681,1,9,0,18,0,2,0,0,0,0,3,1,6,1,7,1598,1,7,2,1
201301KF60681,2,9,0,18,0,1,0,0,0,0,3,1,6,1,6,998,1,8,2,1
201301KF60682,1,9,0,18,0,2,0,0,0,0,3,1,6,1,6,-1,-1,-1,-1,-1
201301KF60682,2,9,0,18,0,1,0,0,0,0,3,1,6,1,7,1997,1,-1,6,1
201301KF60682,3,9,0,18,0,1,0,0,0,0,3,1,6,1,6,1790,1,5,1,1
201301KF60683,1,9,0,18,9,1,0,10,1,1,1,1,6,2,6,1595,1,12,1,1
201301KF60684,1,19,0,7,0,5,0,0,0,0,4,1,1,2,7,2148,2,6,4,1
201301KF60684,2,1,0,18,0,1,0,0,0,0,3,1,6,1,5,-1,-1,-1,3,1
201301KF60685,1,9,0,9,0,8,0,0,0,0,4,1,6,2,6,1596,1,8,2,1
201301KF60685,2,3,0,18,0,8,0,0,0,0,1,1,6,1,7,124,1,1,-1,-1
201301KF60686,1,9,0,18,0,0,0,0,0,0,2,1,6,2,6,1796,1,7,3,1
201301KF60686,2,9,0,18,0,0,0,0,0,0,1,1,6,2,-1,1995,2,11,4,1
201301KF60688,1,9,0,18,0,8,0,0,0,0,4,1,6,1,4,1598,1,9,7,1
201301KF60688,2,19,0,9,0,8,0,0,0,0,1,1,1,2,4,1598,2,-1,1,1