Accident_Index,Vehicle_Reference,Vehicle_Type,Towing_and_Articulation,Vehicle_Manoeuvre,Vehicle_Location-Restricted_Lane,Junction_Location,Skidding_and_Overturning,Hit_Object_in_Carriageway,Vehicle_Leaving_Carriageway,Hit_Object_off_Carriageway,1st_Point_of_Impact,Was_Vehicle_Left_Hand_Drive?,Journey_Purpose_of_Driver,Sex_of_Driver,Age_Band_of_Driver,Engine_Capacity_(CC),Propulsion_Code,Age_of_Vehicle,Driver_IMD_Decile,Driver_Home_Area_Type
201301KF60689,1,1,0,17,0,8,0,0,0,0,4,1,6,1,5,-1,-1,-1,2,1
201301KF60689,2,9,0,18,0,8,0,0,0,0,1,1,6,2,-1,998,1,11,-1,-1
201301KF60690,1,9,0,9,0,8,0,0,0,0,4,1,6,1,6,1968,2,6,2,1
201301KF60690,2,9,0,18,0,8,0,0,0,0,1,1,6,1,5,1598,1,7,1,1
201301KF60691,1,9,0,18,0,2,0,0,0,0,1,1,6,1,5,1995,2,10,2,1
201301KF60691,2,9,0,14,0,1,0,0,0,0,1,1,6,1,5,2685,2,9,6,1
201301KF60692,1,9,0,3,0,1,0,0,0,0,1,1,6,1,6,4196,1,7,6,1
201301KF60692,2,9,0,7,0,2,0,0,0,0,1,1,6,1,4,1275,1,14,6,2
201301KF60693,1,11,0,18,0,1,0,0,0,0,0,1,1,1,8,9360,2,2,2,1
201301KF60695,1,9,0,18,0,0,0,0,0,0,4,1,6,1,9,1596,1,13,2,1
201301KF60697,1,9,0,18,0,2,0,0,0,0,1,1,6,2,9,1769,1,10,2,1
201301KF60698,1,5,0,18,0,8,0,0,0,0,3,1,6,1,4,124,1,4,5,1
201301KF60698,2,9,0,9,0,8,0,0,0,0,1,1,6,1,8,-1,-1,-1,2,1
201301KF60699,1,19,0,9,0,8,0,0,0,0,3,1,6,1,8,1360,1,5,2,1
201301KF60699,2,9,0,18,0,8,0,0,0,0,1,1,6,1,5,4398,1,9,3,1
201301KF60700,1,9,0,18,0,0,0,0,0,0,0,1,1,2,-1,-1,-1,-1,-1,-1
201301KF60701,1,9,0,9,0,8,0,0,0,0,3,1,6,1,6,2597,1,9,3,1
201301KF60701,2,4,0,13,0,8,0,0,0,0,4,1,6,1,6,649,1,4,3,1
201301KF60702,1,3,0,18,0,8,0,0,0,0,1,1,6,1,5,125,1,7,-1,-1
201301KF60702,2,3,0,9,0,8,0,0,0,0,1,1,6,1,6,107,1,3,2,1
201301KF60703,1,19,0,2,0,1,0,0,0,0,2,1,6,1,6,2494,2,9,3,1
201301KF60703,2,9,0,18,0,1,0,4,0,0,1,1,6,2,-1,1598,1,12,-1,-1
201301KF60704,1,9,0,2,0,0,0,0,0,0,3,1,6,1,8,1596,1,9,7,1
201301KF60704,2,1,0,18,0,0,0,8,0,0,1,1,6,1,7,-1,-1,-1,-1,-1
201301KF60705,1,9,0,18,0,0,0,0,0,0,1,1,6,1,-1,1753,2,7,-1,-1
201301KF60706,1,1,0,3,0,1,0,0,0,0,2,1,2,1,7,-1,-1,-1,3,1
201301KF60706,2,9,0,18,0,1,0,0,0,0,1,1,6,2,-1,-1,-1,-1,-1,-1
201301KF60707,1,9,0,2,0,2,0,0,0,0,1,1,2,1,6,1560,2,9,2,1
201301KF60707,2,9,0,1,0,2,0,4,0,0,2,1,6,1,-1,1598,1,8,-1,-1
201301KF60708,1,9,0,18,0,2,0,0,0,0,1,1,6,2,6,1598,1,1,3,1
201301KF60709,1,9,0,3,0,1,0,0,0,0,2,1,6,2,6,1998,1,9,4,1
201301KF60709,2,9,0,3,0,1,0,0,0,0,2,1,6,1,7,1248,2,4,1,1
201301KF60709,3,8,0,4,0,1,0,0,0,0,1,1,6,1,7,2402,2,11,5,1
201301KF60710,1,8,0,18,0,1,0,0,0,0,1,1,1,1,6,1797,8,4,2,1
201301KF60711,1,9,0,16,0,1,0,0,0,0,1,1,6,1,6,1997,2,5,2,1
201301KF60712,1,4,0,18,0,1,0,0,0,0,4,1,1,1,7,1043,1,3,3,1
201301KF60713,1,9,0,9,0,8,0,0,0,0,1,1,6,1,6,1984,1,11,3,1
201301KF60713,2,1,0,18,0,8,0,0,0,0,4,1,6,1,6,-1,-1,-1,5,1
201301KF60714,1,9,0,18,0,1,0,0,0,0,1,1,6,2,8,1900,2,7,2,1
201301KF60715,1,9,0,18,0,1,0,0,0,0,1,1,6,1,5,1229,1,7,2,1
201301KF60715,2,9,0,4,0,1,0,0,0,0,2,1,6,1,5,-1,-1,-1,-1,-1
201301KF60716,1,9,0,9,0,2,0,0,0,0,1,1,6,2,-1,1988,1,12,-1,-1
201301KF60717,1,9,0,18,0,2,0,0,0,0,1,1,6,2,6,1988,1,12,2,1
201301KF60718,1,9,0,18,9,0,0,4,1,2,1,1,6,2,7,1061,1,7,1,1
201301KF60718,2,9,0,2,0,0,0,0,0,0,2,1,6,2,8,1299,1,14,1,1
201301KF60719,1,1,0,18,0,1,0,0,0,0,2,1,6,1,9,-1,-1,-1,2,1
201301KF60719,2,9,0,18,0,1,0,0,0,0,1,1,6,2,-1,1598,2,2,-1,-1
201301KF60720,1,9,0,18,0,1,0,0,0,0,1,1,6,2,9,1796,1,5,8,1
201301KF60722,1,9,0,18,0,1,0,0,0,0,1,1,6,3,-1,-1,-1,-1,-1,-1
201301KF60723,1,9,0,18,0,1,0,0,0,0,2,1,6,1,9,998,1,7,1,1
201301KF60723,2,9,0,18,0,1,0,0,0,0,1,1,6,1,-1,698,1,8,3,1
201301KF60724,1,9,0,9,0,2,0,0,0,0,1,1,1,1,5,-1,-1,-1,-1,-1
201301KF60725,1,9,0,18,0,0,0,0,0,0,1,1,6,1,8,-1,-1,-1,9,3
201301KF60725,2,9,0,4,0,0,0,0,0,0,2,1,6,1,6,-1,-1,-1,8,1
201301KF60726,1,9,0,1,0,2,0,0,0,0,2,1,6,1,6,2143,2,2,2,1
201301KF60727,1,9,0,18,0,2,0,0,0,0,1,1,6,1,8,1596,1,12,2,1
201301KF60728,1,9,0,18,0,8,0,0,0,0,3,1,6,1,6,1900,2,14,3,1
201301KF60728,2,9,0,9,0,8,0,0,0,0,1,1,6,1,-1,1796,1,13,-1,-1
201301KF60729,1,3,0,12,0,8,0,0,0,0,3,1,6,1,6,125,1,4,2,1
201301KF60729,2,9,0,18,0,8,0,0,0,0,4,1,6,2,6,999,1,-1,2,1
201301KF60730,1,9,0,3,0,1,0,0,0,0,2,1,6,2,5,1364,1,6,1,1
201301KF60730,2,9,0,18,0,1,0,0,0,0,1,1,6,2,-1,1299,1,12,-1,-1
201301KF60731,1,1,0,18,0,8,0,0,0,0,1,1,6,1,8,-1,-1,-1,6,1
201301KF60731,2,9,0,9,0,8,0,0,0,0,4,1,6,2,6,1242,1,1,2,1
201301KF60735,1,9,0,9,0,8,0,0,0,0,1,1,6,2,6,1998,2,5,1,1
201301KF60735,2,9,0,18,0,8,0,0,0,0,1,1,1,1,5,1797,8,4,4,1
201301KF60736,1,9,0,6,0,0,0,0,0,0,1,1,6,2,6,1598,1,8,2,1
201301KF60737,1,9,0,16,0,0,0,10,5,6,1,1,6,1,5,-1,-1,-1,2,1
201301KF60738,1,9,0,4,0,0,0,0,0,0,2,1,6,1,6,1598,1,13,4,1
201301KF60738,2,9,0,18,0,0,0,0,0,0,1,1,6,3,-1,-1,-1,-1,-1,-1
201301KF60739,1,3,0,18,0,8,0,0,0,0,1,1,6,1,6,124,1,-1,2,1
201301KF60739,2,9,0,9,0,8,0,0,0,0,4,1,6,3,-1,-1,-1,-1,-1,-1
201301KF60741,1,9,0,18,0,0,0,0,0,0,4,1,6,1,5,1796,1,7,2,1
201301KF60741,2,9,0,5,0,0,0,0,0,0,3,1,6,1,-1,1998,1,13,9,1
201301KF60742,1,9,0,1,0,1,0,0,0,0,2,1,6,1,6,1997,2,9,1,1
201301KF60743,1,9,0,3,0,1,0,0,0,0,2,1,6,2,6,1388,1,7,2,1
201301KF60743,2,9,0,18,0,1,0,0,0,0,1,1,6,2,-1,1390,1,11,-1,-1
201301KF60745,1,9,0,18,0,2,0,0,0,0,1,1,6,1,6,1968,2,9,3,1
201301KF60745,2,9,0,4,0,2,0,0,0,0,2,1,6,1,7,998,1,11,2,1
201301KF60746,1,9,0,9,0,8,0,0,0,0,4,1,1,2,-1,1390,1,5,-1,-1
201301KF60746,2,1,0,18,0,8,0,0,0,0,1,1,2,1,6,-1,-1,-1,3,1
201301KF60747,1,8,0,9,0,2,0,0,0,0,4,1,1,1,8,1598,1,8,2,1
201301KF60748,1,19,0,15,0,0,0,0,0,0,3,1,2,1,9,2148,2,6,7,1
201301KF60748,2,9,0,18,0,0,0,0,0,0,4,1,6,2,6,2993,2,5,6,1
201301KF60750,1,11,0,3,0,0,0,0,0,0,0,1,1,1,7,9360,2,3,2,1
201301KF60751,1,9,0,5,0,0,0,0,0,0,1,1,6,1,-1,-1,-1,-1,-1,-1
201301KF60752,1,9,0,5,0,0,0,0,0,0,3,1,6,1,5,1396,1,10,1,1
201301KF60752,2,19,0,18,0,0,0,0,0,0,4,1,1,1,5,2400,2,6,7,1
201301KF60753,1,9,0,7,0,1,0,0,0,0,4,1,6,1,4,-1,-1,-1,4,1
201301KF60753,2,1,0,18,4,1,0,0,0,0,3,1,6,1,8,-1,-1,-1,1,1
201301KF60755,1,9,0,9,0,8,0,0,0,0,1,1,6,1,5,1364,1,6,10,1
201301KF60755,2,9,0,18,0,8,0,0,0,0,1,1,6,1,9,1398,1,9,2,1
201301KF60756,1,9,0,9,0,8,0,0,0,0,1,1,6,2,7,1461,2,6,1,1
201301KF60756,2,2,0,15,0,8,0,0,0,0,1,1,2,1,6,108,1,2,3,1
201301KF60757,1,9,0,1,0,1,0,0,0,0,1,1,1,1,6,1499,2,-1,1,1
201301KF60758,1,5,0,7,0,8,0,0,0,0,3,1,6,1,6,599,1,6,2,1
201301KF60758,2,11,0,18,0,8,0,0,0,0,1,1,1,1,7,8268,2,11,2,1
201301KF60759,1,9,0,18,0,1,0,0,0,0,1,1,6,1,10,2316,1,24,-1,-1
201301KF60760,1,3,0,18,0,8,0,0,0,0,2,1,6,2,7,125,1,-1,8,1
201301KF60760,2,9,0,18,0,8,0,0,0,0,1,1,6,1,4,-1,-1,-1,10,1
201301KF60761,1,9,0,18,0,1,0,0,0,0,1,1,6,1,6,1242,1,-1,2,1
201301KF60762,1,9,0,4,0,0,0,0,0,0,2,1,6,1,6,1995,2,3,4,1
201301KF60762,2,9,0,18,0,0,0,0,0,0,1,1,6,2,6,1461,2,3,3,1
201301KF60764,1,9,0,3,0,0,0,0,0,0,2,1,6,1,6,2494,1,11,1,1
201301KF60764,2,9,0,18,0,0,0,0,0,0,1,1,6,1,7,1796,1,4,3,1
201301KF60765,1,9,0,9,0,8,0,0,0,0,1,1,6,1,5,2170,2,8,2,1
201301KF60765,2,1,0,18,0,8,0,0,0,0,4,1,6,1,7,-1,-1,-1,3,1
201301KF60766,1,9,0,4,0,1,0,0,0,0,2,1,6,1,8,1242,1,14,3,1
201301KF60766,2,9,0,18,0,1,0,0,0,0,1,1,6,1,8,-1,-1,-1,1,1
201301KF60767,1,9,0,16,9,1,0,10,7,4,1,1,6,1,5,1796,1,5,1,1
201301KF60768,1,1,0,18,0,1,0,0,0,0,3,1,6,1,6,-1,-1,-1,2,1
201301KF60768,2,9,0,18,0,1,0,0,0,0,1,1,6,3,-1,-1,-1,-1,-1,-1
201301KF60769,1,2,0,13,0,8,0,0,0,0,4,1,1,1,6,49,1,5,1,1
201301KF60769,2,9,0,9,0,8,0,0,0,0,3,1,2,1,7,1753,2,5,-1,-1
201301KF60770,1,11,0,18,0,1,0,0,0,0,0,1,1,1,7,4500,2,2,1,1
201301KF60771,1,9,0,18,0,0,0,0,0,0,2,1,6,2,6,1461,2,3,3,1
201301KF60771,2,9,0,18,0,0,0,0,0,0,1,1,6,1,-1,1896,2,10,10,1
201301KF60772,1,9,0,18,0,0,0,0,0,0,1,1,6,1,10,1461,2,-1,2,1
201301KF60772,2,9,0,3,0,0,0,0,0,0,2,1,6,1,7,1595,1,10,2,1
201301KF60772,3,9,0,3,0,0,0,0,0,0,2,1,6,2,6,1198,1,7,1,1
201301KF60774,1,9,0,9,0,8,0,0,0,0,1,1,6,2,5,998,1,12,6,1
201301KF60774,2,8,0,18,0,8,0,0,0,0,1,1,1,1,8,1997,2,4,6,1
201301KF60775,1,9,0,18,0,1,0,0,0,0,1,1,6,1,-1,-1,-1,-1,-1,-1
201301KF60777,1,9,0,14,0,8,0,0,0,0,3,1,6,1,7,-1,-1,-1,2,1
201301KF60777,2,1,0,18,0,8,0,0,0,0,4,1,6,1,10,-1,-1,-1,2,1
201301KF60780,1,9,0,18,0,0,0,0,0,0,1,1,6,1,-1,-1,-1,-1,2,1
201301KF60780,2,9,0,4,0,0,0,0,0,0,2,1,6,1,7,1596,1,1,1,1
201301KF60780,3,9,0,4,0,0,0,0,0,0,2,1,6,2,8,1797,8,3,4,1
201301KF60782,1,9,0,2,0,2,0,0,0,0,2,1,6,2,6,1339,1,3,-1,-1
201301KF60782,2,9,0,18,0,2,0,4,0,0,1,1,6,3,-1,1984,1,12,-1,-1
201301KF60785,1,5,0,18,0,0,0,0,0,0,1,1,6,3,-1,-1,-1,-1,-1,-1
201301KF60787,1,9,0,18,0,0,0,0,0,0,1,1,6,1,6,1781,1,10,1,1
201301KF60795,1,9,0,1,0,0,0,0,0,0,2,1,6,2,-1,1364,1,8,-1,-1
201301KF60797,1,9,0,18,0,1,0,0,0,0,3,1,6,3,-1,-1,-1,-1,-1,-1
201301KF60801,1,9,0,18,0,8,0,0,0,0,1,1,6,1,-1,4991,1,5,2,1
201301KF60801,2,9,0,9,0,8,0,0,0,0,1,1,6,1,7,3200,2,7,2,1
201301KF60802,1,9,0,18,0,2,0,0,0,0,1,1,6,1,6,998,1,12,2,1
201301KF60803,1,9,0,9,0,2,0,0,0,0,4,1,6,1,10,1597,1,14,2,1
201301KF60806,1,11,0,4,0,1,0,0,0,0,0,1,1,1,7,8268,2,9,6,1
201301KF69004,1,9,0,9,0,2,0,0,0,0,1,1,6,3,-1,-1,-1,-1,-1,-1
201301KF69035,1,9,0,3,0,1,0,0,0,0,2,1,6,2,7,1339,1,2,1,1
201301KF69035,2,9,0,5,0,1,0,0,0,0,1,1,6,2,-1,1596,1,8,-1,-1
201301KF69037,1,9,0,18,0,0,0,0,0,0,1,1,6,1,6,1796,1,9,2,1
201301KF69037,2,9,0,1,0,0,0,0,0,0,2,1,6,1,-1,1796,1,8,-1,-1
201301KF69052,1,9,0,18,0,0,0,0,0,0,1,1,6,2,6,1396,1,13,3,1
201301KF69052,2,3,0,18,0,0,0,0,0,0,1,1,6,1,5,49,1,5,-1,-1
201301KF69058,1,1,0,18,0,8,0,0,0,0,3,1,6,1,7,-1,-1,-1,2,1
201301KF69058,2,19,0,9,0,8,0,0,0,0,1,1,1,1,-1,1968,2,-1,-1,-1
201301KF69061,1,9,0,18,0,0,0,0,0,0,0,1,6,1,6,-1,-1,-1,2,1
201301KF69061,2,11,0,18,0,0,0,0,0,0,0,1,1,2,7,4500,2,3,3,1
201301KF69068,1,21,0,9,0,2,0,0,0,0,4,1,1,1,9,12740,2,2,5,2
201301KF69072,1,9,0,3,0,2,0,0,0,0,2,1,6,1,8,-1,-1,-1,1,1
201301KF69072,2,1,0,18,0,2,0,0,0,0,1,1,6,1,5,-1,-1,-1,-1,-1
201301KF69095,1,9,0,18,0,2,0,0,0,0,1,1,6,1,-1,-1,-1,-1,-1,-1
201301KG70003,1,9,0,18,0,8,0,0,0,0,1,1,6,2,-1,1149,1,12,2,1
201301KG70003,2,9,0,18,0,8,0,0,0,0,3,1,1,1,5,-1,-1,-1,-1,-1
201301KG70004,1,3,0,18,0,8,0,0,0,0,1,1,6,1,4,124,1,4,4,1
201301KG70004,2,9,0,9,0,8,0,0,0,0,1,1,6,1,8,1995,2,6,3,1
201301KG70006,1,9,0,18,0,1,0,0,0,0,1,1,6,1,10,1910,2,9,2,1
201301KG70006,2,9,0,4,0,1,0,0,0,0,2,1,6,2,5,1598,1,1,2,1
201301KG70007,1,9,0,18,0,8,0,0,0,0,1,1,3,2,-1,1796,1,11,2,1
201301KG70007,2,9,0,18,0,8,0,0,0,0,4,1,6,2,-1,-1,-1,-1,2,1
201301KG70008,1,9,0,4,0,1,0,0,0,0,2,1,6,1,7,2493,1,8,2,1
201301KG70008,2,9,0,18,0,1,0,0,0,0,1,1,6,1,5,-1,-1,-1,8,1
201301KG70009,1,9,0,6,0,2,0,0,0,0,3,1,2,1,8,998,1,8,6,1
201301KG70009,2,5,0,18,0,2,0,0,0,0,1,1,2,1,8,680,1,5,4,1
201301KG70010,1,9,0,18,0,0,0,10,2,2,1,1,6,1,5,1596,1,5,3,1
201301KG70011,1,9,0,9,0,8,0,0,0,0,3,1,6,2,11,1495,1,12,-1,-1
201301KG70011,2,9,0,9,0,8,0,0,0,0,1,1,6,1,-1,1984,1,11,-1,-1
201301KG70012,1,9,0,4,0,1,0,0,0,0,2,1,6,1,6,1968,2,8,4,1
201301KG70012,2,9,0,4,0,1,0,0,0,0,1,1,6,1,5,1229,1,2,2,1
201301KG70013,1,9,0,18,0,0,0,4,0,0,1,1,3,2,6,1198,1,2,1,1
201301KG70013,2,19,0,2,0,0,0,0,0,0,2,1,6,1,6,-1,-1,-1,1,1
201301KG70015,1,11,0,2,0,2,0,0,0,0,0,1,1,3,-1,-1,-1,-1,-1,-1
201301KG70017,1,9,0,18,0,8,0,0,0,0,3,1,6,2,7,2997,1,14,2,1
201301KG70017,2,9,0,18,0,8,0,0,0,0,1,1,6,2,7,2148,2,10,3,1
201301KG70019,1,9,0,3,0,1,0,0,0,0,2,1,2,1,7,1796,1,3,-1,-1
201301KG70019,2,19,0,18,0,1,0,0,0,0,1,1,6,1,-1,-1,-1,-1,-1,-1
201301KG70020,1,9,0,18,0,1,0,0,0,0,1,1,6,2,10,1242,1,14,2,1
201301KG70021,1,9,0,4,0,2,0,0,0,0,2,1,6,2,6,1781,1,14,5,1
201301KG70021,2,9,0,4,0,2,0,0,0,0,1,1,6,2,8,1596,1,9,4,1
201301KG70022,1,9,0,13,0,1,0,0,0,0,1,1,6,3,-1,-1,-1,-1,-1,-1
201301KG70022,2,1,0,18,0,1,0,0,0,0,2,1,6,1,4,-1,-1,-1,-1,-1
201301KG70023,1,9,0,9,0,8,0,0,0,0,4,1,6,2,6,1988,1,10,1,1
201301KG70023,2,1,0,18,0,8,0,0,0,0,1,1,6,1,6,-1,-1,-1,1,1
201301KG70024,1,9,0,2,0,1,0,0,0,0,2,1,6,2,6,1991,2,12,4,1
201301KG70024,2,9,0,4,0,1,0,4,0,0,1,1,6,1,-1,2776,2,8,-1,-1
201301KG70025,1,9,0,4,0,0,0,0,0,0,1,1,6,2,6,-1,-1,-1,6,1
201301KG70025,2,9,0,4,0,0,0,0,0,0,2,1,1,1,5,-1,-1,-1,-1,-1
201301KG70026,1,9,0,18,0,8,0,0,0,0,3,1,6,1,11,1390,1,1,6,1
201301KG70026,2,1,0,17,0,8,0,0,0,0,1,1,6,1,8,-1,-1,-1,-1,-1
201301KG70027,1,9,0,18,0,8,0,0,0,0,1,1,6,1,-1,2979,1,9,2,1
201301KG70027,2,19,0,18,0,8,0,0,0,0,4,1,6,1,6,1998,2,9,-1,-1
201301KG70028,1,9,0,4,0,1,0,0,0,0,1,1,6,2,6,1198,1,3,4,1
201301KG70028,2,9,0,4,0,1,0,0,0,0,2,1,6,1,-1,2148,2,5,-1,-1
201301KG70029,1,19,0,18,0,1,0,0,0,0,2,1,1,1,9,2143,2,1,3,1
201301KG70029,2,9,0,18,0,1,0,0,0,0,1,1,6,2,7,-1,-1,-1,4,1
201301KG70030,1,8,0,18,0,2,0,0,0,0,1,1,1,1,6,1598,1,4,3,1
201301KG70031,1,9,0,18,0,8,0,0,0,0,1,1,6,1,8,1753,2,12,3,1
201301KG70031,2,9,0,18,0,8,0,0,0,0,4,1,6,2,5,1997,2,5,2,1
201301KG70032,1,9,0,18,0,0,0,0,0,0,3,1,6,2,4,1199,1,10,1,1
201301KG70033,1,5,0,18,0,8,0,0,0,0,4,1,6,1,6,599,1,2,-1,-1
201301KG70033,2,9,0,7,0,8,0,0,0,0,1,1,6,1,-1,1397,1,5,-1,-1
201301KG70034,1,3,0,18,0,8,0,0,0,0,1,1,6,1,5,125,1,7,-1,-1
201301KG70034,2,9,0,9,0,8,0,0,0,0,4,1,6,1,6,1199,1,13,2,1
201301KG70035,1,9,0,18,0,8,0,0,0,0,1,1,6,1,8,1560,2,2,-1,-1
201301KG70035,2,9,0,18,0,8,0,0,0,0,3,1,6,1,-1,1596,1,5,2,1
201301KG70036,1,9,0,4,0,1,0,0,0,0,2,1,6,1,8,2499,2,11,2,1
201301KG70036,2,9,0,4,0,1,0,0,0,0,1,1,6,1,8,1596,1,10,7,1
201301KG70037,1,19,0,4,0,1,0,0,0,0,1,1,6,1,6,2198,2,4,3,1
201301KG70037,2,9,0,4,0,1,0,0,0,0,2,1,6,2,8,1973,1,13,10,1
201301KG70038,1,9,0,18,0,8,0,0,0,0,2,1,6,2,6,1124,1,6,2,1
201301KG70038,2,3,0,18,0,8,0,0,0,0,1,1,6,1,-1,124,1,3,4,1
201301KG70039,1,9,0,18,0,8,0,0,0,0,1,1,6,1,7,2151,2,13,3,1
201301KG70041,1,5,0,3,0,8,0,0,0,0,3,1,6,1,6,599,1,5,3,1
201301KG70041,2,9,0,11,0,8,0,0,0,0,4,1,6,3,-1,1587,1,11,-1,-1
201301KG70043,1,19,0,4,0,8,0,0,0,0,1,1,6,1,-1,-1,-1,-1,9,2
201301KG70043,2,9,0,3,0,8,0,0,0,0,2,1,6,2,5,1242,1,2,10,1
201301KG70044,1,9,0,18,0,8,0,0,0,0,4,1,6,1,9,1998,2,10,-1,-1
201301KG70044,2,9,0,18,0,8,0,0,0,0,1,1,6,1,5,1896,2,12,2,1
201301KG70045,1,9,0,18,0,8,0,0,0,0,1,1,6,1,6,1388,1,9,2,1
201301KG70045,2,9,0,9,0,8,0,0,0,0,4,1,6,1,11,1149,1,3,2,1
201301KG70046,1,9,0,3,0,0,0,0,0,0,2,1,6,2,7,1598,1,9,4,1
201301KG70046,2,10,0,4,0,0,0,0,0,0,1,1,6,3,-1,-1,-1,-1,-1,-1
201301KG70049,1,9,0,2,0,0,0,0,0,0,3,1,6,2,6,2926,2,12,3,1
201301KG70049,2,9,0,18,0,0,0,0,0,0,1,1,6,2,-1,1497,1,10,-1,-1
201301KG70050,1,9,0,18,0,8,0,0,0,0,1,1,6,2,6,1598,1,8,-1,-1
201301KG70050,2,9,0,18,0,8,0,0,0,0,4,1,6,1,9,2295,1,12,2,1
201301KG70051,1,9,0,18,0,8,0,0,0,0,3,1,6,2,7,1397,1,5,2,1
201301KG70051,2,9,0,18,0,8,0,0,0,0,1,1,6,1,-1,2143,2,2,-1,-1
201301KG70053,1,5,0,18,0,2,0,0,0,0,3,1,6,1,8,599,1,4,7,1
201301KG70053,2,9,0,11,0,2,0,0,0,0,4,1,6,1,6,1796,1,7,4,1
201301KG70055,1,19,0,18,0,0,0,0,0,0,1,1,1,1,9,1399,2,2,4,1
201301KG70055,2,9,0,2,0,0,0,0,0,0,1,1,1,1,9,1587,1,10,4,1
201301KG70057,1,9,0,18,0,2,0,0,0,0,1,1,6,1,5,1998,1,10,5,1
201301KG70057,2,9,0,18,0,1,0,0,0,0,1,1,6,1,7,1999,1,8,-1,-1
201301KG70058,1,9,0,4,0,1,0,0,0,0,2,1,6,1,8,1999,1,9,4,1
201301KG70058,2,9,0,4,0,1,0,0,0,0,1,1,6,1,8,1999,1,8,1,1
201301KG70059,1,9,0,3,0,1,0,0,0,0,2,1,6,1,-1,2995,1,1,8,1
201301KG70059,2,9,0,3,0,1,0,0,0,0,2,1,6,2,7,1242,1,11,9,1
201301KG70059,3,9,0,4,0,1,0,0,0,0,1,1,6,2,10,-1,-1,-1,5,1
201301KG70060,1,9,0,2,0,0,0,0,0,0,3,1,6,1,8,1796,1,7,2,1
201301KG70060,2,3,0,14,0,0,0,8,0,0,1,1,6,1,6,108,1,1,4,1
201301KG70061,1,11,0,3,0,8,0,0,0,0,3,1,6,1,8,4500,2,1,2,1
201301KG70061,2,9,0,5,0,8,0,0,0,0,3,1,6,1,4,1796,1,8,2,1
201301KG70062,1,9,0,4,0,8,0,0,0,0,2,1,6,2,4,1229,1,1,6,1
201301KG70062,2,9,0,4,0,8,0,0,0,0,1,1,6,1,-1,1360,1,12,-1,-1
201301KG70063,1,19,0,4,0,1,0,0,0,0,2,1,1,1,5,1968,2,2,9,1
201301KG70063,2,19,0,4,0,1,0,0,0,0,1,1,6,3,-1,-1,-1,-1,-1,-1
201301KG70063,3,9,0,4,0,1,0,0,0,0,2,1,1,1,8,-1,-1,-1,1,1
201301KG70064,1,1,0,18,0,8,0,0,0,0,4,1,6,1,8,-1,-1,-1,8,1
201301KG70064,2,9,0,7,0,8,0,0,0,0,1,1,6,3,-1,-1,-1,-1,-1,-1
201301KG70065,1,9,0,4,0,2,0,0,0,0,2,1,6,2,5,1229,1,8,2,1
201301KG70065,2,9,0,4,0,2,0,0,0,0,1,1,6,1,-1,1596,1,10,-1,-1
201301KG70066,1,9,0,18,0,0,0,0,0,0,1,1,6,2,7,1598,1,5,3,1
201301KG70068,1,9,0,18,0,1,0,0,0,0,1,1,6,2,7,1598,1,8,4,1
201301KG70070,1,9,0,2,0,0,0,0,0,0,3,1,1,1,7,1951,2,12,2,1
201301KG70070,2,9,0,14,0,0,0,0,0,0,1,1,6,3,10,1598,1,14,3,1
201301KG70071,1,9,0,18,0,8,0,0,0,0,1,1,6,2,5,1388,1,9,3,1
201301KG70071,2,9,0,6,0,8,0,0,0,0,4,1,6,2,11,1242,1,15,-1,-1
201301KG70072,1,8,0,3,0,1,0,0,0,0,2,1,6,1,7,1560,2,6,-1,-1
201301KG70072,2,9,0,4,0,1,0,0,0,0,1,1,6,2,-1,1242,1,10,-1,-1
201301KG70073,1,21,0,4,0,1,0,0,0,0,1,1,1,1,6,11021,2,7,-1,-1
201301KG70073,2,19,0,4,0,1,0,0,0,0,2,1,1,1,8,2143,2,2,4,1
201301KG70074,1,9,0,18,0,2,0,0,0,0,2,1,6,2,4,998,1,2,4,1
201301KG70074,2,9,0,18,0,2,0,0,0,0,1,1,6,2,6,1796,1,13,1,1
201301KG70075,1,19,0,4,0,1,0,0,0,0,1,1,6,1,8,1248,2,2,10,2
201301KG70075,2,9,0,3,0,1,0,0,0,0,2,1,6,1,-1,-1,-1,-1,6,1
201301KG70076,1,9,0,18,0,2,0,0,0,0,1,1,6,1,8,1997,2,4,-1,-1
201301KG70077,1,90,0,18,0,1,0,0,0,0,1,1,1,1,-1,-1,-1,-1,-1,-1
201301KG70078,1,19,0,4,0,0,0,0,0,0,2,1,1,1,7,1364,1,4,8,3
201301KG70078,2,9,0,4,0,0,0,0,0,0,1,1,6,3,-1,-1,-1,-1,-1,-1
201301KG70080,1,9,0,18,0,2,0,0,0,0,1,1,6,1,9,1783,1,15,-1,-1
201301KG70081,1,9,0,3,0,1,0,0,0,0,2,1,6,2,5,1242,1,8,4,1
201301KG70082,1,9,0,18,0,2,0,0,0,0,2,1,1,1,5,-1,-1,-1,5,1
201301KG70082,2,19,0,18,0,2,0,0,0,0,1,1,6,1,4,-1,-1,-1,2,1
201301KG70084,1,9,0,3,0,0,0,0,0,0,2,1,2,1,5,1600,1,9,5,1
201301KG70084,2,9,0,18,0,0,0,0,0,0,1,1,2,1,-1,-1,-1,-1,-1,-1
201301KG70085,1,9,0,16,0,8,0,0,0,0,4,1,6,2,8,1997,2,4,4,1
201301KG70085,2,9,0,7,0,8,0,0,0,0,1,1,6,1,-1,-1,-1,-1,-1,-1
201301KG70086,1,9,0,12,0,2,0,0,0,0,3,1,1,1,8,-1,-1,-1,2,1
201301KG70086,2,19,0,18,0,2,0,0,0,0,4,1,1,1,7,-1,-1,-1,-1,-1
201301KG70087,1,19,0,5,0,8,0,0,0,0,0,1,1,1,6,2143,2,4,5,1