Accident_Index,Vehicle_Reference,Vehicle_Type,Towing_and_Articulation,Vehicle_Manoeuvre,Vehicle_Location-Restricted_Lane,Junction_Location,Skidding_and_Overturning,Hit_Object_in_Carriageway,Vehicle_Leaving_Carriageway,Hit_Object_off_Carriageway,1st_Point_of_Impact,Was_Vehicle_Left_Hand_Drive?,Journey_Purpose_of_Driver,Sex_of_Driver,Age_Band_of_Driver,Engine_Capacity_(CC),Propulsion_Code,Age_of_Vehicle,Driver_IMD_Decile,Driver_Home_Area_Type
201301KG70088,1,9,0,18,0,1,0,0,0,0,2,1,6,2,6,1783,1,10,2,1
201301KG70088,2,9,0,18,0,1,0,0,0,0,1,1,6,1,-1,-1,-1,-1,-1,-1
201301KG70089,1,9,0,3,0,2,0,0,0,0,2,1,6,1,8,1560,2,4,2,1
201301KG70089,2,9,0,4,0,2,0,0,0,0,1,1,6,3,-1,1995,1,5,-1,-1
201301KG70090,1,9,0,14,0,0,0,0,0,0,1,1,6,1,6,1781,1,13,3,1
201301KG70090,2,9,0,18,0,0,0,0,0,0,1,1,6,1,7,1796,1,10,-1,-1
201301KG70091,1,9,0,4,0,8,0,0,0,0,1,1,1,2,6,-1,-1,-1,-1,-1
201301KG70091,2,9,0,4,0,8,0,0,0,0,2,1,6,1,-1,1598,1,7,3,1
201301KG70092,1,9,0,9,0,0,0,0,0,0,4,1,6,1,8,1242,1,4,5,1
201301KG70092,2,9,0,18,0,0,0,0,0,0,1,1,6,1,5,1910,2,8,2,1
201301KG70093,1,9,0,18,0,2,0,0,0,0,1,1,6,1,6,2993,2,5,4,1
201301KG70094,1,9,0,18,0,0,0,0,0,0,1,1,6,2,-1,3301,1,15,2,1
201301KG70096,1,9,0,18,0,1,0,0,0,0,1,1,1,1,6,1868,2,12,5,2
201301KG70097,1,9,0,9,0,8,0,0,0,0,4,1,6,2,5,1149,1,8,2,1
201301KG70097,2,9,0,18,0,8,0,0,0,0,1,1,6,2,6,-1,-1,-1,2,1
201301KG70099,1,9,0,18,0,8,0,0,0,0,3,1,6,1,11,1598,1,1,3,1
201301KG70099,2,9,0,18,0,8,0,0,0,0,1,1,6,2,9,1999,1,12,3,1
201301KG70100,1,1,0,18,0,1,0,0,0,0,3,1,6,1,4,-1,-1,-1,2,1
201301KG70100,2,9,0,18,0,1,0,0,0,0,1,1,6,3,-1,-1,-1,-1,-1,-1
201301KG70101,1,5,0,4,0,8,0,0,0,0,0,1,6,1,6,600,1,15,6,2
201301KG70101,2,19,0,3,0,8,0,0,0,0,2,1,1,1,8,2400,2,11,3,1
201301KG70102,1,9,0,18,0,1,0,0,0,0,1,1,6,1,8,-1,-1,-1,3,1
201301KG70103,1,11,0,4,0,8,0,0,0,0,0,1,1,2,9,8268,2,9,5,1
201301KG70104,1,9,0,18,0,1,0,0,0,0,3,1,6,2,7,1598,1,12,2,1
201301KG70104,2,9,0,11,0,1,0,0,0,0,4,1,6,1,7,1995,2,5,3,1
201301KG70105,1,9,0,3,0,1,0,0,0,0,2,1,6,1,5,1968,2,1,3,1
201301KG70105,2,9,0,4,0,1,0,0,0,0,1,1,6,2,6,998,1,13,-1,-1
201301KG70106,1,9,0,18,0,8,0,0,0,0,2,1,6,1,6,1995,2,6,3,1
201301KG70106,2,20,0,11,0,8,0,0,0,0,1,1,1,1,-1,-1,-1,-1,-1,-1
201301KG70108,1,8,0,7,0,8,0,0,0,0,3,1,1,1,8,1910,2,6,-1,-1
201301KG70108,2,19,0,7,0,8,0,0,0,0,4,1,1,1,6,7284,2,12,2,1
201301KG70110,1,21,0,13,0,8,0,0,0,0,1,1,1,3,-1,-1,-1,-1,-1,-1
201301KG70110,2,1,0,18,0,8,0,0,0,0,2,1,6,1,-1,-1,-1,-1,5,1
201301KG70111,1,9,0,18,0,2,0,0,0,0,1,1,6,3,-1,-1,-1,-1,-1,-1
201301KG70112,1,9,0,18,0,8,0,10,1,2,1,1,6,2,6,1799,1,15,4,1
201301KG70113,1,9,0,18,0,1,0,10,0,0,1,1,6,2,8,2295,1,13,2,1
201301KG70114,1,90,0,18,0,0,0,10,1,2,1,1,1,1,-1,-1,-1,-1,-1,-1
201301KG70116,1,9,0,4,0,1,0,0,0,0,2,1,6,2,-1,1596,1,7,6,1
201301KG70116,2,9,0,4,0,1,0,0,0,0,2,1,1,1,8,-1,-1,-1,-1,-1
201301KG70116,3,9,0,4,0,1,0,0,0,0,2,1,6,1,6,1560,2,3,7,1
201301KG70116,4,8,0,4,0,1,0,0,0,0,1,1,1,1,8,2499,2,1,1,1
201301KG70118,1,9,0,18,0,8,0,0,0,0,4,1,6,2,7,1390,1,13,1,1
201301KG70118,2,9,0,12,0,8,0,0,0,0,3,1,6,3,-1,-1,-1,-1,-1,-1
201301KG70119,1,9,0,18,0,1,0,10,1,7,2,1,6,2,8,-1,-1,-1,5,1
201301KG70119,2,9,0,18,0,1,0,0,0,0,2,1,6,2,7,1896,2,14,2,1
201301KG70119,3,21,0,18,0,1,0,0,0,0,1,1,1,1,9,-1,-1,-1,8,1
201301KG70120,1,9,0,18,0,1,0,0,0,0,1,1,6,2,7,1796,1,13,-1,-1
201301KG70122,1,9,0,7,0,8,0,0,0,0,3,1,6,1,7,-1,-1,-1,3,1
201301KG70122,2,3,0,18,0,8,0,0,0,0,1,1,6,1,7,125,1,1,2,1
201301KG70123,1,9,0,18,0,1,0,0,0,0,1,1,6,3,-1,-1,-1,-1,-1,-1
201301KG70124,1,9,0,4,0,2,0,0,0,0,1,1,6,1,6,2495,1,11,4,1
201301KG70124,2,9,0,4,0,2,0,0,0,0,2,1,6,1,6,1896,2,7,2,1
201301KG70125,1,9,0,18,0,8,0,0,0,0,3,1,6,1,5,-1,-1,-1,2,1
201301KG70125,2,9,0,18,0,8,0,0,0,0,1,1,6,1,6,1388,1,4,-1,-1
201301KG70126,1,8,0,4,0,8,0,0,0,0,2,1,1,1,6,1998,2,5,2,1
201301KG70126,2,9,0,4,0,8,0,0,0,0,1,1,6,3,-1,4197,7,6,-1,-1
201301KG70127,1,9,0,7,0,8,0,0,0,0,3,1,1,1,8,1598,1,4,4,1
201301KG70127,2,9,0,18,0,8,0,0,0,0,1,1,6,1,-1,-1,-1,-1,-1,-1
201301KG70128,1,9,0,18,0,2,0,0,0,0,4,1,6,1,8,1242,1,10,3,1
201301KG70128,2,9,0,18,0,2,0,0,0,0,3,1,6,1,11,2198,1,12,3,1
201301KG70129,1,9,0,4,0,8,0,0,0,0,1,1,6,2,7,1390,1,11,4,1
201301KG70129,2,4,0,4,0,8,0,0,0,0,2,1,6,1,-1,749,1,8,-1,-1
201301KG70129,3,9,0,4,0,8,0,0,0,0,1,1,6,1,6,1995,2,6,-1,-1
201301KG70131,1,19,0,9,0,8,0,0,0,0,4,1,1,1,7,1998,2,10,1,1
201301KG70131,2,3,0,18,0,8,0,0,0,0,1,1,6,1,8,125,1,2,5,1
201301KG70132,1,9,0,4,0,8,0,0,0,0,1,1,6,1,5,1596,1,5,9,1
201301KG70133,1,9,0,13,0,1,0,0,0,0,1,1,6,1,10,1596,1,5,4,1
201301KG70133,2,1,0,18,0,1,0,0,0,0,2,1,6,1,5,-1,-1,-1,5,1
201301KG70134,1,9,0,7,0,8,0,0,0,0,3,1,6,2,7,1968,2,4,2,1
201301KG70134,2,5,0,14,0,8,0,0,0,0,4,1,6,1,8,-1,-1,-1,3,1
201301KG70135,1,9,0,18,0,8,0,0,0,0,2,1,6,1,6,1998,1,11,4,1
201301KG70135,2,9,0,17,0,8,0,0,0,0,1,1,6,2,7,-1,-1,-1,6,1
201301KG70136,1,9,0,2,0,2,0,0,0,0,1,1,6,2,4,1229,1,8,2,1
201301KG70136,2,9,0,1,0,2,0,0,0,0,2,1,6,2,7,1598,1,8,2,1
201301KG70137,1,9,0,4,0,1,0,0,0,0,2,1,6,2,7,2688,2,10,1,1
201301KG70137,2,19,0,4,0,1,0,0,0,0,2,1,6,1,6,-1,-1,-1,1,1
201301KG70137,3,9,0,4,0,1,0,0,0,0,1,1,6,2,7,1360,1,4,2,1
201301KG70138,1,9,0,18,0,0,0,0,0,0,1,1,6,1,6,1796,1,7,3,1
201301KG70140,1,9,0,3,0,8,0,0,0,0,2,1,6,1,6,1850,1,13,3,1
201301KG70140,2,9,0,3,0,8,0,0,0,0,2,1,6,1,6,1364,2,8,6,1
201301KG70140,3,9,0,4,0,8,0,0,0,0,1,1,6,1,8,973,1,13,2,1
201301KG70141,1,9,0,13,0,0,0,0,0,0,1,1,6,1,7,1910,2,6,2,1
201301KG70141,2,1,0,18,0,0,0,0,0,0,2,1,6,1,-1,-1,-1,-1,-1,-1
201301KG70142,1,9,0,9,0,8,0,0,0,0,4,1,6,1,6,1598,1,10,3,1
201301KG70142,2,9,0,18,0,8,0,0,0,0,1,1,6,3,-1,-1,-1,-1,-1,-1
201301KG70143,1,9,0,18,0,8,0,0,0,0,4,1,6,2,6,1149,1,11,-1,-1
201301KG70143,2,9,0,18,0,8,0,0,0,0,1,1,6,3,-1,-1,-1,-1,-1,-1
201301KG70144,1,9,0,18,0,1,0,0,0,0,2,1,6,2,7,1329,1,1,2,1
201301KG70144,2,9,0,18,0,1,0,0,0,0,1,1,6,3,-1,-1,-1,-1,-1,-1
201301KG70145,1,9,0,4,0,2,0,0,0,0,2,1,6,2,7,1988,1,13,2,1
201301KG70145,2,90,0,4,0,2,0,0,0,0,1,1,1,1,6,7790,2,5,4,1
201301KG70146,1,9,0,18,0,1,0,0,0,0,1,1,6,3,-1,-1,-1,-1,-1,-1
201301KG70147,1,9,0,18,0,0,0,0,0,0,1,1,6,1,5,1390,1,10,2,1
201301KG70148,1,21,1,18,0,1,0,0,0,0,1,1,1,1,8,5880,2,2,9,1
201301KG70150,1,9,0,18,0,1,0,0,0,0,1,1,6,2,6,1388,1,11,4,1
201301KG70151,1,9,0,7,0,2,0,0,0,0,1,1,6,1,4,1598,1,10,4,1
201301KG70151,2,9,0,18,0,1,0,0,0,0,1,1,6,2,7,1560,2,9,5,1
201301KG70153,1,9,0,18,0,8,0,0,0,0,3,1,6,2,7,1796,1,12,1,1
201301KG70153,2,9,0,9,0,8,0,0,0,0,1,1,6,1,5,1587,1,8,-1,-1
201301KG70154,1,3,0,18,0,2,0,0,0,0,0,1,6,1,6,125,1,1,2,1
201301KG70154,2,90,0,18,0,2,0,0,0,0,0,1,1,3,-1,-1,-1,-1,-1,-1
201301KG70155,1,9,0,3,0,2,0,0,0,0,2,1,6,1,7,-1,-1,-1,1,1
201301KG70155,2,9,0,4,0,2,0,0,0,0,1,1,6,2,-1,-1,-1,-1,-1,-1
201301KG70156,1,9,0,18,0,1,0,0,0,0,1,1,6,2,6,2494,2,2,6,3
201301KG70157,1,9,0,7,0,8,0,0,0,0,4,1,1,1,9,1497,8,4,3,1
201301KG70157,2,1,0,18,0,8,0,0,0,0,1,1,6,1,4,-1,-1,-1,3,1
201301KG70158,1,9,0,18,0,1,0,0,0,0,1,1,6,1,7,-1,-1,-1,3,1
201301KG70159,1,11,0,4,0,1,0,0,0,0,0,1,1,3,-1,-1,-1,-1,-1,-1
201301KG70160,1,9,0,4,0,1,0,0,0,0,2,1,6,1,7,1796,1,5,1,1
201301KG70160,2,9,0,4,0,1,0,0,0,0,1,1,6,1,6,1796,1,12,3,1
201301KG70161,1,9,0,17,0,8,0,0,0,0,3,1,6,1,7,1686,2,9,2,1
201301KG70161,2,9,0,17,0,8,0,0,0,0,1,1,6,1,-1,1995,2,10,-1,-1
201301KG70162,1,9,0,3,0,1,0,0,0,0,2,1,6,1,6,1299,1,14,4,1
201301KG70162,2,9,0,4,0,1,0,0,0,0,1,1,6,3,-1,-1,-1,-1,-1,-1
201301KG70164,1,9,0,11,0,1,0,0,0,0,4,1,6,1,4,1686,2,13,6,1
201301KG70164,2,5,0,18,0,1,0,0,0,0,3,1,6,1,6,998,1,7,5,1
201301KG70165,1,9,0,18,0,8,0,0,0,0,1,1,6,2,5,1796,1,11,7,1
201301KG70165,2,19,0,9,0,8,0,0,0,0,4,1,1,1,5,1753,2,6,5,1
201301KG70167,1,1,0,18,0,8,0,0,0,0,1,1,6,1,5,-1,-1,-1,7,1
201301KG70167,2,9,0,9,0,8,0,0,0,0,4,1,1,1,-1,-1,-1,-1,-1,-1
201301KG70168,1,9,0,9,0,8,0,0,0,0,3,1,6,2,7,1242,1,4,2,1
201301KG70168,2,9,0,18,0,8,0,0,0,0,1,1,6,1,5,1596,1,8,3,1
201301KG70169,1,9,0,18,0,1,0,0,0,0,1,1,6,2,6,1998,1,8,2,1
201301KG70170,1,9,0,4,0,1,0,0,0,0,2,1,6,3,-1,1598,2,1,-1,-1
201301KG70170,2,9,0,4,0,1,0,0,0,0,1,1,6,1,5,-1,-1,-1,4,1
201301KG70171,1,2,0,18,0,1,0,0,0,0,1,1,6,1,4,50,1,6,8,1
201301KG70172,1,8,0,4,0,8,1,0,1,0,1,1,3,1,10,1798,1,3,2,1
201301KG70173,1,9,0,18,0,8,0,0,0,0,4,1,1,1,6,1560,2,7,2,1
201301KG70173,2,9,0,9,0,8,0,0,0,0,1,1,1,1,7,1796,1,5,3,1
201301KG70174,1,11,0,4,0,1,0,0,0,0,0,1,1,1,-1,8268,2,10,-1,-1
201301KG70175,1,1,0,18,0,8,0,0,0,0,3,1,6,1,4,-1,-1,-1,3,1
201301KG70175,2,9,0,11,0,8,0,0,0,0,4,1,6,3,-1,2996,1,8,-1,-1
201301KG70176,1,9,0,18,0,8,0,0,0,0,1,1,6,1,-1,1910,2,5,6,1
201301KG70176,2,9,0,18,0,8,0,0,0,0,3,1,6,1,4,1388,1,11,2,1
201301KG70178,1,9,0,3,0,1,0,0,0,0,2,1,6,1,5,999,1,4,-1,-1
201301KG70178,2,9,0,3,0,1,0,0,0,0,2,1,6,2,-1,1242,1,1,3,1
201301KG70178,3,9,0,4,0,1,0,0,0,0,1,1,6,1,6,1587,1,19,5,1
201301KG70179,1,9,0,13,0,2,0,0,0,0,1,1,6,2,6,1390,1,6,2,1
201301KG70179,2,1,0,18,0,2,0,0,0,0,2,1,6,2,11,-1,-1,-1,4,1
201301KG70180,1,9,0,18,0,0,0,0,0,0,4,1,6,1,7,1598,1,8,6,1
201301KG70180,2,9,0,12,0,0,0,0,0,0,3,1,6,1,6,1796,1,8,-1,-1
201301KG70181,1,9,0,4,0,1,0,0,0,0,2,1,1,1,8,1998,1,9,7,1
201301KG70181,2,9,0,4,0,1,0,0,0,0,1,1,6,1,6,1896,2,9,1,1
201301KG70182,1,9,0,18,0,1,0,0,0,0,1,1,6,1,4,1995,2,1,6,3
201301KG70182,2,9,0,13,0,2,0,0,0,0,1,1,6,1,7,1796,1,18,2,1
201301KG70183,1,9,0,18,0,1,0,0,0,0,1,1,6,2,7,1461,2,3,3,1
201301KG70183,2,9,0,6,0,1,0,0,0,0,3,1,6,1,-1,1870,2,14,-1,-1
201301KG70184,1,8,0,2,0,1,0,0,0,0,2,1,1,1,7,1910,2,5,2,1
201301KG70184,2,9,0,18,0,1,0,4,0,0,1,1,6,2,-1,2198,1,12,-1,-1
201301KG70187,1,5,0,12,0,1,0,0,0,0,3,1,6,1,8,-1,-1,-1,5,1
201301KG70187,2,19,0,18,0,1,0,0,0,0,4,1,1,1,5,1796,7,7,5,2
201301KG70188,1,9,0,18,0,0,1,0,1,0,4,1,6,2,6,1995,2,-1,4,1
201301KG70188,2,9,0,12,0,0,0,0,0,0,3,1,6,2,7,1587,1,6,3,1
201301KG70191,1,1,0,18,0,0,0,0,0,0,3,1,6,1,9,-1,-1,-1,3,1
201301KG70191,2,9,0,13,0,0,0,0,0,0,4,1,6,3,-1,-1,-1,-1,-1,-1
201301KG70193,1,1,0,18,0,1,0,0,0,0,1,1,2,1,7,-1,-1,-1,2,1
201301KG70193,2,19,0,4,0,1,0,0,0,0,2,1,6,3,-1,-1,-1,-1,-1,-1
201301KG70195,1,11,0,18,0,1,0,0,0,0,3,1,1,1,9,-1,-1,-1,-1,-1
201301KG70195,2,9,0,11,0,1,0,0,0,0,4,1,6,3,-1,-1,-1,-1,-1,-1
201301KG70196,1,9,0,18,0,0,0,0,0,0,1,1,6,1,5,1798,1,4,2,1
201301KG70196,2,9,0,4,0,0,0,0,0,0,2,1,6,2,7,1587,1,9,3,1
201301KG70197,1,11,0,5,0,1,0,0,0,0,0,1,1,1,7,6700,2,1,2,1
201301KG70198,1,9,0,18,0,1,0,0,0,0,2,1,6,2,7,2204,2,8,1,1
201301KG70198,2,9,0,4,0,1,0,0,0,0,1,1,6,1,8,2148,2,10,6,1
201301KG70199,1,9,0,9,0,8,0,0,0,0,1,1,6,1,-1,1896,2,8,-1,-1
201301KG70200,1,9,0,3,0,1,0,0,0,0,2,1,6,1,6,1587,1,11,1,1
201301KG70200,2,9,0,3,0,1,0,0,0,0,2,1,6,2,5,1595,1,9,4,1
201301KG70200,3,8,0,18,0,1,0,0,0,0,1,1,1,1,9,2664,2,15,2,1
201301KG70202,1,4,0,18,0,0,0,0,0,0,4,1,6,1,7,125,1,1,6,1
201301KG70202,2,9,0,12,0,0,0,0,0,0,3,1,6,2,5,1598,1,1,9,1
201301KG70203,1,9,0,4,0,1,0,0,0,0,1,1,6,2,7,1398,1,2,3,1
201301KG70203,2,9,0,4,0,1,0,0,0,0,2,1,6,1,6,2967,2,7,5,1
201301KG70205,1,19,0,18,0,0,0,0,0,0,1,1,2,1,6,1560,2,2,8,3
201301KG70206,1,9,0,7,0,8,0,0,0,0,3,1,6,1,7,-1,-1,-1,-1,-1
201301KG70206,2,9,0,17,0,8,0,0,0,0,1,1,6,1,7,1086,1,6,3,1
201301KG70207,1,11,0,18,0,2,0,0,0,0,1,1,1,1,8,6700,2,2,4,1
201301KG70208,1,5,0,18,0,0,0,0,0,0,1,1,6,1,8,2053,1,8,2,1
201301KG70208,2,9,0,6,0,0,0,0,0,0,3,1,6,1,5,1149,1,10,2,1
201301KG70209,1,9,0,18,0,8,0,0,0,0,1,1,6,1,5,1390,1,8,2,1
201301KG70209,2,9,0,18,0,8,0,0,0,0,3,1,6,2,6,1149,1,10,3,1
201301KG70210,1,9,0,4,0,1,0,0,0,0,2,1,6,1,6,1390,1,9,6,1
201301KG70210,2,19,0,4,0,1,0,0,0,0,1,1,6,1,7,2148,2,6,2,1
201301KG70211,1,11,0,18,0,0,0,0,0,0,4,1,1,1,-1,-1,-1,-1,-1,-1
201301KG70212,1,9,0,4,0,1,0,0,0,0,1,1,6,1,7,-1,-1,-1,2,1
201301KG70212,2,9,0,4,0,1,0,0,0,0,2,1,6,2,-1,1560,2,4,2,1
201301KG70213,1,9,0,2,0,1,0,0,0,0,2,1,1,1,-1,-1,-1,-1,-1,-1
201301KG70213,2,9,0,5,0,1,0,0,0,0,1,1,6,3,-1,1388,1,10,-1,-1
201301KG70214,1,9,0,18,0,1,0,0,0,0,1,1,6,3,-1,-1,-1,-1,-1,-1
201301KG70215,1,9,0,18,0,1,0,0,0,0,1,1,6,1,9,1995,2,9,4,1
201301KG70216,1,3,0,18,0,2,0,0,0,0,2,1,6,1,8,180,1,46,6,1
201301KG70216,2,9,0,18,0,2,0,0,0,0,1,1,6,1,6,-1,-1,-1,9,1
201301KG70217,1,9,0,4,0,8,0,0,0,0,2,1,6,1,5,1398,1,3,6,1
201301KG70217,2,9,0,4,0,8,2,0,0,0,1,1,6,1,4,698,1,10,10,1
201301KG70218,1,9,0,5,0,0,0,0,0,0,1,1,6,2,6,2148,2,9,3,1
201301KG70219,1,9,0,4,0,1,0,0,0,0,2,1,6,1,7,1296,1,7,8,1
201301KG70219,2,5,0,4,0,1,0,0,0,0,1,1,6,1,7,1255,1,2,10,1
201301KG70220,1,3,0,18,0,1,0,0,0,0,0,1,6,1,5,-1,-1,-1,3,1
201301KG70221,1,9,0,3,0,8,0,0,0,0,2,1,2,1,6,1598,1,8,2,1
201301KG70221,2,9,0,18,0,8,0,0,0,0,1,1,6,1,-1,1299,1,16,-1,-1
201301KG70223,1,9,0,3,0,1,0,0,0,0,1,1,6,2,6,2460,2,9,4,1
201301KG70223,2,9,0,1,0,2,0,0,0,0,2,1,6,1,-1,-1,-1,-1,-1,-1
201301KG70224,1,9,0,17,0,8,0,0,0,0,1,1,6,1,5,1598,1,4,2,1
201301KG70224,2,9,0,7,0,8,0,0,0,0,3,1,6,1,-1,1896,2,7,-1,-1
201301KG70225,1,1,0,18,0,8,0,0,0,0,1,1,6,1,6,-1,-1,-1,5,1
201301KG70225,2,9,0,9,0,8,0,0,0,0,3,1,6,2,-1,1968,2,2,-1,-1
201301KG70229,1,3,0,18,0,0,0,0,0,0,1,1,6,1,7,125,1,3,3,1
201301KG70229,2,9,0,5,0,0,0,0,0,0,1,1,3,2,-1,1388,1,7,-1,-1
201301KG70230,1,9,0,18,0,0,0,0,0,0,1,1,6,2,7,1596,1,10,1,1
201301KG70231,1,9,0,9,0,8,0,0,0,0,4,1,6,2,7,1598,1,11,-1,-1
201301KG70231,2,1,0,18,0,8,0,0,0,0,1,1,6,1,5,-1,-1,-1,3,1
201301KG70232,1,9,0,5,0,8,0,0,0,0,3,1,1,1,8,1997,2,2,4,1
201301KG70232,2,1,0,17,0,8,0,0,0,0,1,1,6,1,4,-1,-1,-1,4,1
201301KG70233,1,9,0,4,0,1,0,0,0,0,2,1,6,1,6,1400,2,6,4,1
201301KG70233,2,9,0,4,0,1,0,0,0,0,1,1,1,1,7,2143,2,3,1,1
201301KG70234,1,5,0,18,0,1,0,0,0,0,2,1,6,1,5,1000,1,8,3,1
201301KG70234,2,9,0,18,0,1,0,0,0,0,1,1,6,3,-1,-1,-1,-1,-1,-1
201301KG70235,1,9,0,18,0,1,0,10,1,1,1,1,6,1,8,2350,1,15,-1,-1
201301KG70236,1,5,0,4,0,1,0,0,0,0,1,1,1,1,6,749,1,11,4,1
201301KG70236,2,19,0,4,0,1,0,0,0,0,2,1,1,1,6,1995,2,6,3,1
201301KG70237,1,9,0,18,0,1,0,0,0,0,1,1,6,1,9,2496,1,10,3,1
201301KG70238,1,9,0,17,0,8,0,0,0,0,3,1,6,2,5,998,1,1,6,1
201301KG70238,2,9,0,17,0,8,0,0,0,0,4,1,6,1,-1,2324,1,11,5,1
201301KG70239,1,9,0,18,0,1,0,0,0,0,1,1,6,1,6,1422,2,11,3,1
201301KG70240,1,9,0,18,0,2,0,0,0,0,1,1,6,1,6,3200,1,7,2,1
201301KG70240,2,9,0,18,0,2,0,0,0,0,2,1,6,1,-1,-1,-1,-1,-1,-1
201301KG70242,1,9,0,18,0,1,0,0,0,0,1,1,6,1,-1,1910,2,5,-1,-1
201301KG70243,1,9,0,18,0,1,0,0,0,0,1,1,6,2,-1,1299,1,12,-1,-1
201301KG70246,1,9,0,18,0,0,0,0,0,0,1,1,1,1,8,1461,2,-1,4,1
201301KG70248,1,21,1,18,0,8,0,0,0,0,1,1,1,1,8,10518,2,8,2,1
201301KG70248,2,9,0,3,0,8,0,0,0,0,2,1,2,2,7,-1,-1,-1,-1,-1
201301KG70252,1,11,0,18,0,0,0,0,0,0,0,1,1,1,6,4500,2,6,6,1
201301KG70253,1,1,0,4,0,1,0,0,0,0,2,1,6,1,6,-1,-1,-1,2,1
201301KG70253,2,19,0,18,0,1,0,0,0,0,1,1,6,1,6,1896,2,4,2,1
201301KG70254,1,9,0,18,0,0,0,0,0,0,1,1,6,1,6,1798,1,5,3,1
201301KG70254,2,9,0,5,0,0,0,0,0,0,1,1,6,1,6,1910,2,5,7,1
201301KG70255,1,11,0,18,0,0,0,0,0,0,0,1,1,1,9,8268,2,10,6,1
201301KG70256,1,9,0,18,0,0,0,0,0,0,1,1,6,1,6,1896,2,10,3,1
201301KG70257,1,9,0,4,0,0,0,0,0,0,2,1,6,2,8,1590,1,16,6,1
201301KG70257,2,9,0,18,0,0,0,0,0,0,1,1,6,1,5,1364,1,5,4,1
201301KG70259,1,9,0,3,0,1,0,0,0,0,2,1,6,1,-1,1968,2,5,-1,-1
201301KG70259,2,9,0,18,0,1,0,0,0,0,1,2,6,1,-1,-1,-1,-1,-1,-1
201301KG70260,1,9,0,6,0,0,0,0,0,0,3,1,6,1,5,1242,1,13,8,1
201301KG70260,2,9,0,18,0,0,0,0,0,0,1,1,6,1,6,1587,1,11,3,1
201301KG70261,1,9,0,9,0,8,0,0,0,0,4,1,6,2,4,1242,1,15,3,1
201301KG70261,2,3,0,18,0,8,0,0,0,0,1,1,6,1,5,124,1,2,4,1
201301KG70262,1,9,0,18,0,1,0,0,0,0,1,1,6,2,6,2148,2,10,3,1
201301KG70262,2,1,0,18,0,1,0,0,0,0,3,1,6,1,4,-1,-1,-1,1,1
201301KG70263,1,9,0,3,0,1,0,0,0,0,2,1,6,2,8,1598,1,9,2,1
201301KG70263,2,9,0,4,0,1,0,0,0,0,1,1,6,1,-1,-1,-1,-1,4,1
201301KG70264,1,9,0,18,9,0,0,10,1,2,1,1,6,1,5,2299,2,23,-1,-1
201301KG70265,1,11,0,18,0,0,0,0,0,0,3,1,1,1,9,4250,2,4,2,1
201301KG70265,2,9,0,11,0,0,0,0,0,0,4,1,6,1,-1,1896,2,6,8,1
201301KG70266,1,9,0,3,0,1,0,0,0,0,3,1,6,1,6,1596,1,2,1,1
201301KG70266,2,9,0,7,0,5,0,0,0,0,4,1,6,3,-1,1798,1,10,-1,-1
201301KG70267,1,9,0,9,0,8,0,0,0,0,1,1,2,2,6,1598,1,-1,5,1
201301KG70267,2,9,0,18,0,8,0,0,0,0,3,1,6,1,5,1242,1,10,7,1
201301KG70270,1,9,0,18,0,8,0,0,0,0,1,1,6,2,6,1299,1,9,2,1
201301KG70270,2,9,0,9,0,8,0,0,0,0,1,1,6,2,6,1587,1,7,2,1
201301KG70271,1,9,0,11,0,8,0,0,0,0,2,1,6,1,6,3200,1,10,-1,-1
201301KG70271,2,9,0,18,0,8,0,0,0,0,1,1,6,1,-1,1595,1,-1,-1,-1
201301KG70272,1,9,0,18,0,8,0,0,0,0,4,1,6,1,8,2148,2,12,3,1
201301KG70272,2,9,0,18,0,8,0,0,0,0,1,1,6,1,5,1995,2,11,6,1
201301KG70273,1,9,0,4,0,2,0,0,0,0,2,1,6,1,-1,-1,-1,-1,-1,-1
201301KG70273,2,19,0,18,0,2,0,0,0,0,1,1,6,1,-1,2148,2,8,-1,-1
201301KG70274,1,9,0,18,0,0,0,0,0,0,4,1,6,2,5,1598,1,9,2,1
201301KG70275,1,3,0,14,0,1,0,0,0,0,1,1,6,1,4,-1,-1,-1,2,1
201301KG70275,2,20,1,3,0,1,0,0,0,0,3,1,1,1,6,-1,-1,-1,1,1
201301KG70275,3,9,0,3,0,1,0,0,0,0,2,1,6,1,8,2993,2,5,4,1
201301KG70276,1,9,0,18,0,0,0,0,0,0,1,1,6,3,-1,-1,-1,-1,-1,-1
201301KG70277,1,9,0,9,0,8,0,0,0,0,4,1,6,1,9,1997,2,7,7,1
201301KG70277,2,9,0,18,0,8,0,0,0,0,1,1,6,2,4,998,1,-1,4,1
201301KG70278,1,5,0,18,0,0,0,0,0,0,3,1,2,1,8,600,1,1,10,1
201301KG70278,2,19,0,11,0,0,0,0,0,0,4,1,2,1,6,1896,2,6,2,1
201301KG70279,1,9,0,4,0,0,0,0,0,0,2,1,6,2,6,1388,1,9,4,1
201301KG70279,2,9,0,18,0,0,0,0,0,0,1,1,6,2,-1,999,1,12,2,1
201301KG70280,1,9,0,3,0,1,0,0,0,0,2,1,6,1,5,1368,1,5,4,1
201301KG70280,2,9,0,18,0,1,0,0,0,0,1,1,6,1,-1,1596,1,4,-1,-1
201301KG70281,1,9,0,18,0,8,0,0,0,0,4,1,6,2,6,-1,-1,-1,2,1
201301KG70281,2,19,0,18,0,8,0,0,0,0,1,1,6,1,-1,2151,2,11,-1,-1
201301KG70282,1,9,0,3,0,1,0,0,0,0,2,1,6,1,8,1796,1,3,6,1
201301KG70282,2,9,0,18,0,1,0,0,0,0,1,1,6,2,7,1299,1,9,2,1
201301KG70283,1,9,0,9,0,8,0,0,0,0,4,1,6,1,10,1388,1,11,3,1
201301KG70283,2,5,0,18,0,8,0,0,0,0,1,1,6,1,7,1079,1,1,10,1
201301KG70284,1,11,0,18,0,1,0,0,0,0,0,1,1,1,-1,6700,2,2,2,1