Accident_Index,Vehicle_Reference,Vehicle_Type,Towing_and_Articulation,Vehicle_Manoeuvre,Vehicle_Location-Restricted_Lane,Junction_Location,Skidding_and_Overturning,Hit_Object_in_Carriageway,Vehicle_Leaving_Carriageway,Hit_Object_off_Carriageway,1st_Point_of_Impact,Was_Vehicle_Left_Hand_Drive?,Journey_Purpose_of_Driver,Sex_of_Driver,Age_Band_of_Driver,Engine_Capacity_(CC),Propulsion_Code,Age_of_Vehicle,Driver_IMD_Decile,Driver_Home_Area_Type
201301KG70475,1,9,0,18,0,8,0,0,0,0,1,1,6,1,6,1798,1,11,1,1
201301KG70476,1,9,0,8,0,8,0,0,0,0,3,1,6,1,4,1587,1,10,-1,-1
201301KG70476,2,9,0,18,0,8,0,0,0,0,4,1,6,1,-1,1781,1,12,-1,-1
201301KG70477,1,9,0,4,0,8,0,0,0,0,3,1,6,1,-1,-1,-1,-1,-1,-1
201301KG70478,1,9,0,9,0,8,0,0,0,0,3,1,6,1,8,1796,1,8,4,1
201301KG70478,2,9,0,18,0,8,0,0,0,0,1,1,6,2,6,1753,2,14,3,1
201301KG70479,1,9,0,3,0,0,0,0,0,0,1,1,6,2,6,1396,1,18,5,1
201301KG70479,2,9,0,1,0,0,0,0,0,0,2,1,6,3,-1,2688,2,11,-1,-1
201301KG70480,1,11,0,18,0,1,0,0,0,0,1,1,1,1,8,4250,2,4,3,1
201301KG70481,1,9,0,5,0,8,0,0,0,0,3,1,6,1,4,1598,1,3,10,1
201301KG70481,2,9,0,18,0,8,0,0,0,0,1,1,6,1,10,1798,1,10,10,1
201301KG70482,1,9,0,4,0,8,0,0,0,0,2,1,6,1,7,1993,1,23,7,1
201301KG70482,2,9,0,4,0,8,0,0,0,0,1,1,6,3,-1,-1,-1,-1,-1,-1
201301KG70483,1,9,0,18,0,2,0,0,0,0,2,1,6,2,6,1995,2,8,3,1
201301KG70483,2,9,0,18,0,2,0,0,0,0,1,1,6,2,6,2926,2,9,1,1
201301KG70484,1,9,0,18,0,8,0,0,0,0,1,1,6,1,8,1299,1,17,2,1
201301KG70484,2,1,0,7,0,8,0,0,0,0,3,1,6,1,6,-1,-1,-1,1,1
201301KG70485,1,21,0,18,0,8,0,0,0,0,1,1,1,1,6,11021,2,13,4,1
201301KG70485,2,5,0,7,0,8,0,0,0,0,3,1,6,1,7,-1,-1,-1,2,1
201301KG70486,1,9,0,5,0,1,0,0,0,0,1,1,6,3,-1,-1,-1,-1,-1,-1
201301KG70487,1,9,0,18,0,1,0,0,0,0,1,1,6,2,6,1396,1,11,-1,-1
201301KG70488,1,9,0,17,0,8,0,0,0,0,4,1,1,1,8,1796,1,6,1,1
201301KG70488,2,9,0,18,0,8,0,0,0,0,1,1,6,3,-1,1598,1,5,-1,-1
201301KG70489,1,9,0,18,0,8,0,0,0,0,4,1,6,1,8,2354,1,8,2,1
201301KG70489,2,9,0,18,0,8,0,0,0,0,1,1,6,1,5,2993,2,3,-1,-1
201301KG70490,1,9,0,3,0,1,0,0,0,0,2,1,6,2,7,1242,1,10,2,1
201301KG70490,2,9,0,4,0,1,0,0,0,0,1,1,6,1,7,1794,1,12,-1,-1
201301KG70492,1,9,0,3,0,8,0,0,0,0,3,1,6,1,5,1596,1,2,-1,-1
201301KG70492,2,9,0,7,0,8,0,0,0,0,1,1,6,3,-1,-1,-1,-1,-1,-1
201301KG70493,1,1,0,18,0,1,0,0,0,0,2,1,6,1,5,-1,-1,-1,7,1
201301KG70493,2,9,0,13,0,1,0,0,0,0,1,1,6,3,-1,-1,-1,-1,-1,-1
201301KG70494,1,9,0,18,0,2,0,0,0,0,1,1,6,2,-1,-1,-1,-1,-1,-1
201301KG70496,1,9,0,2,0,2,0,0,0,0,3,1,6,2,7,1275,1,18,4,1
201301KG70496,2,1,0,13,0,2,0,8,0,0,1,1,6,1,5,-1,-1,-1,-1,-1
201301KG70497,1,9,0,4,0,1,0,0,0,0,2,1,6,1,5,1149,1,12,4,1
201301KG70497,2,9,0,4,0,1,0,0,0,0,1,1,6,1,6,-1,-1,-1,-1,-1
201301KG70498,1,9,0,18,0,8,0,0,0,0,1,1,6,2,5,2148,2,11,5,1
201301KG70498,2,1,0,18,0,8,0,0,0,0,1,1,6,1,8,-1,-1,-1,2,1
201301KG70499,1,9,0,18,0,8,0,0,0,0,1,1,6,2,7,1596,1,2,3,1
201301KG70499,2,9,0,7,0,8,0,0,0,0,3,1,6,3,-1,-1,-1,-1,-1,-1
201301KG70501,1,9,0,18,0,2,0,0,0,0,1,1,6,1,5,1396,1,11,1,1
201301KG70502,1,9,0,18,0,1,0,0,0,0,1,1,6,1,7,-1,-1,-1,-1,-1
201301KG70502,2,9,0,6,0,2,0,0,0,0,3,1,6,3,-1,-1,-1,-1,-1,-1
201301KG70503,1,9,0,18,0,0,0,0,0,0,1,1,6,2,5,1388,1,7,2,1
201301KG70503,2,8,0,6,0,0,0,0,0,0,4,1,6,1,-1,1896,2,3,-1,-1
201301KG70504,1,9,0,18,0,8,0,0,0,0,1,1,6,1,-1,-1,-1,-1,-1,-1
201301KG70504,2,9,0,3,0,8,0,0,0,0,2,1,6,2,7,1399,2,9,4,1
201301KG70506,1,9,0,18,0,8,0,0,0,0,1,1,6,1,7,1995,2,6,2,1
201301KG70506,2,4,0,9,0,8,0,0,0,0,3,1,6,1,5,125,1,14,5,1
201301KG70509,1,9,0,4,0,0,0,0,0,0,2,1,6,1,8,1998,2,5,-1,-1
201301KG70509,2,9,0,18,0,0,0,0,0,0,1,1,6,1,-1,1596,1,14,-1,-1
201301KG79006,1,11,0,18,0,2,0,0,0,0,1,1,1,2,8,8268,2,11,-1,-1
201301KG79010,1,9,0,18,0,0,0,10,1,2,1,1,6,2,9,1598,1,1,2,1
201301LX50001,1,9,0,1,0,0,0,0,0,0,2,1,6,1,9,2438,1,15,1,1
201301LX50001,2,1,0,18,0,0,0,0,0,0,3,1,6,2,8,-1,-1,-1,3,1
201301LX50002,1,9,0,9,0,8,0,0,0,0,1,1,6,1,7,4398,1,8,2,1
201301LX50003,1,19,0,1,0,8,0,0,0,0,2,1,6,1,6,2402,2,9,2,1
201301LX50003,2,9,0,18,0,8,0,0,0,0,1,1,6,1,7,1229,1,5,-1,-1
201301LX50004,1,9,0,18,0,0,1,10,1,10,1,1,6,1,6,1229,1,5,5,1
201301LX50005,1,9,0,9,0,8,0,0,0,0,4,1,6,1,8,1598,1,8,3,1
201301LX50005,2,3,0,18,0,8,0,0,0,0,1,1,6,1,5,-1,-1,-1,4,1
201301LX50006,1,9,0,9,0,8,0,0,0,0,3,1,6,1,-1,1398,1,2,3,1
201301LX50006,2,1,0,18,0,8,0,0,0,0,1,1,6,2,6,-1,-1,-1,4,1
201301LX50009,1,9,0,7,0,8,0,0,0,0,4,1,6,1,7,1242,1,14,4,2
201301LX50009,2,1,0,10,0,8,0,0,0,0,1,1,6,1,5,-1,-1,-1,4,1
201301LX50010,1,9,0,18,0,8,1,0,0,0,1,1,6,1,-1,1995,2,4,-1,-1
201301LX50010,2,9,0,2,0,8,0,0,0,0,4,1,6,1,6,1587,1,6,2,1
201301LX50013,1,5,0,15,0,8,0,0,0,0,1,1,6,1,6,599,1,5,9,1
201301LX50013,2,9,0,9,0,8,0,0,0,0,4,1,6,1,6,1910,2,6,1,1
201301LX50014,1,11,0,7,0,8,0,0,0,0,4,1,1,1,9,3900,2,8,4,1
201301LX50017,1,9,0,16,0,8,0,0,0,0,4,1,6,2,8,3000,1,7,1,1
201301LX50017,2,3,0,16,0,8,0,0,0,0,3,1,6,1,4,124,1,6,6,1
201301LX50023,1,11,0,18,0,0,0,0,0,0,4,1,1,3,-1,-1,-1,-1,-1,-1
201301LX50024,1,19,0,18,0,2,0,0,0,0,4,1,6,1,5,1968,2,2,10,1
201301LX50026,1,9,0,18,0,8,0,0,0,0,3,1,6,1,-1,1332,1,16,3,1
201301LX50026,2,9,0,13,0,8,0,0,0,0,4,1,6,3,-1,-1,-1,-1,-1,-1
201301LX50027,1,19,0,7,0,8,0,0,0,0,4,1,6,1,9,4461,2,1,5,1
201301LX50027,2,5,0,18,0,8,0,0,0,0,1,1,6,1,7,600,1,7,7,1
201301LX50028,1,9,0,18,0,8,0,0,0,0,1,1,6,1,4,1596,1,12,2,1
201301LX50028,2,11,0,18,0,8,0,0,0,0,4,1,1,1,6,6700,2,4,4,1
201301LX50029,1,3,0,18,0,1,0,0,0,0,4,1,6,1,-1,-1,-1,-1,-1,-1
201301LX50030,1,8,0,18,0,1,0,0,0,0,2,1,6,1,7,-1,-1,-1,3,1
201301LX50030,2,9,0,18,0,1,0,0,0,0,1,1,6,3,-1,-1,-1,-1,-1,-1
201301LX50031,1,9,0,9,0,8,0,0,0,0,4,1,6,1,8,1596,1,6,3,1
201301LX50031,2,4,0,18,0,8,0,0,0,0,1,1,6,1,7,124,1,8,-1,-1
201301LX50033,1,1,0,14,0,0,0,0,0,0,1,1,6,1,5,-1,-1,-1,3,1
201301LX50035,1,9,0,9,0,8,0,0,0,0,3,1,6,1,8,1397,1,12,5,1
201301LX50035,2,1,0,18,0,8,0,0,0,0,1,1,6,1,7,-1,-1,-1,1,1
201301LX50036,1,3,0,9,0,2,0,0,0,0,1,1,6,1,4,108,1,1,3,1
201301LX50036,2,9,0,6,0,2,0,0,0,0,3,1,6,1,11,3311,8,7,4,1
201301LX50037,1,9,0,9,0,8,0,0,0,0,1,1,6,2,5,1149,1,6,2,1
201301LX50037,2,3,0,15,0,8,0,0,0,0,3,1,6,1,5,-1,-1,-1,2,1
201301LX50038,1,9,0,9,0,8,0,0,0,0,4,1,6,1,7,1560,2,2,3,1
201301LX50038,2,1,0,18,0,8,0,0,0,0,1,1,6,2,6,-1,-1,-1,5,1
201301LX50040,1,9,0,18,0,0,0,0,0,0,1,1,6,1,5,1108,1,16,3,1
201301LX50040,2,9,0,5,0,0,0,0,0,0,1,1,6,1,-1,1390,1,1,1,1
201301LX50041,1,1,0,18,0,8,0,0,0,0,1,1,6,1,6,-1,-1,-1,2,1
201301LX50041,2,9,0,7,0,8,0,0,0,0,3,1,6,1,-1,1596,1,16,-1,-1
201301LX50042,1,11,0,4,0,2,0,0,0,0,0,1,1,1,7,-1,-1,-1,2,1
201301LX50043,1,9,0,9,0,8,0,0,0,0,1,1,6,1,5,1360,1,3,4,1
201301LX50044,1,9,0,9,0,8,0,0,0,0,1,1,6,1,5,998,1,1,1,1
201301LX50044,2,9,0,18,0,8,0,0,0,0,1,1,6,1,6,1397,1,13,5,1
201301LX50045,1,9,0,6,0,8,0,0,0,0,3,1,6,1,6,1968,2,5,6,1
201301LX50045,2,2,0,18,0,8,0,0,0,0,1,1,6,1,-1,125,1,4,3,1
201301LX50046,1,19,0,18,0,1,0,0,0,0,4,1,6,1,7,2148,2,5,1,1
201301LX50047,1,9,0,16,0,8,0,0,0,0,1,1,6,2,6,1349,1,11,6,1
201301LX50048,1,3,0,18,0,8,1,0,0,0,0,1,6,1,-1,125,1,4,4,1
201301LX50049,1,9,0,18,0,0,0,10,7,10,4,1,6,1,5,973,1,11,2,1
201301LX50050,1,19,0,18,0,8,0,0,0,0,4,1,6,1,6,2402,2,4,3,1
201301LX50050,2,9,0,18,0,8,0,0,0,0,1,1,6,1,8,1995,2,2,4,1
201301LX50051,1,9,0,3,0,8,0,0,0,0,2,1,6,2,9,1240,1,4,4,1
201301LX50051,2,9,0,18,0,8,0,0,0,0,1,1,6,1,-1,1910,2,4,-1,-1
201301LX50052,1,1,0,18,0,8,0,0,0,0,1,1,6,2,6,-1,-1,-1,3,1
201301LX50052,2,3,0,18,0,8,0,0,0,0,1,1,6,1,-1,-1,-1,-1,-1,-1
201301LX50054,1,1,0,14,0,0,0,0,0,0,4,1,6,2,6,-1,-1,-1,4,1
201301LX50054,2,9,0,2,0,0,0,0,0,0,3,1,6,2,-1,-1,-1,-1,-1,-1
201301LX50055,1,3,0,18,0,8,0,0,0,0,1,1,6,1,6,124,1,5,6,1
201301LX50055,2,9,0,9,0,8,0,0,0,0,4,1,6,1,7,-1,-1,-1,1,1
201301LX50056,1,9,0,9,0,8,0,0,0,0,1,1,6,1,6,1560,2,1,4,1
201301LX50056,2,9,0,16,0,8,0,0,0,0,1,1,6,1,11,1242,1,15,4,1
201301LX50057,1,1,0,9,0,8,0,0,0,0,4,1,6,1,7,-1,-1,-1,3,1
201301LX50057,2,9,0,18,0,8,0,0,0,0,1,1,6,1,5,1975,1,9,-1,-1
201301LX50058,1,1,0,15,0,8,0,0,0,0,3,1,6,1,6,-1,-1,-1,3,1
201301LX50058,2,9,0,7,0,8,0,0,0,0,4,1,6,1,8,2500,2,17,8,1
201301LX50059,1,1,0,18,0,8,0,0,0,0,1,1,6,1,6,-1,-1,-1,5,1
201301LX50060,1,1,0,7,0,8,0,0,0,0,3,1,6,1,4,-1,-1,-1,3,1
201301LX50060,2,9,0,18,0,8,0,0,0,0,1,1,6,1,7,1299,1,12,3,1
201301LX50062,1,9,0,1,0,8,0,0,0,0,2,1,6,3,-1,-1,-1,-1,-1,-1
201301LX50065,1,1,0,14,0,8,0,4,0,0,4,1,6,1,4,-1,-1,-1,2,1
201301LX50065,2,9,0,2,0,8,0,0,0,0,3,1,6,1,-1,1587,1,14,3,1
201301LX50066,1,9,0,6,0,8,0,0,0,0,3,1,6,1,7,1997,2,14,7,1
201301LX50066,2,3,0,18,0,8,0,0,0,0,1,1,6,1,5,125,1,5,-1,-1
201301LX50067,1,9,0,18,0,8,0,0,0,0,1,1,6,2,6,1598,1,8,5,1
201301LX50068,1,19,0,2,0,0,0,0,0,0,3,1,6,1,6,4461,2,2,2,1
201301LX50068,2,1,0,14,0,0,0,4,0,0,4,1,6,2,7,-1,-1,-1,3,1
201301LX50069,1,1,0,14,0,0,0,4,0,0,4,1,6,2,6,-1,-1,-1,4,1
201301LX50069,2,9,0,2,0,0,0,0,0,0,3,1,6,2,9,1229,1,5,4,1
201301LX50070,1,9,0,9,0,8,0,0,0,0,4,1,6,2,8,2401,2,8,3,1
201301LX50070,2,1,0,15,0,8,0,0,0,0,1,1,6,1,6,-1,-1,-1,3,1
201301LX50071,1,9,0,12,0,0,0,0,0,0,3,1,6,2,7,1390,1,1,2,1
201301LX50071,2,3,0,18,0,0,0,0,0,0,4,1,6,1,5,124,1,1,-1,-1
201301LX50072,1,1,0,18,0,8,0,0,0,0,1,1,6,2,5,-1,-1,-1,4,1
201301LX50072,2,9,0,9,0,8,0,0,0,0,3,1,6,2,-1,999,1,22,-1,-1
201301LX50073,1,9,0,18,0,0,0,0,0,0,3,1,6,1,11,1396,1,10,1,1
201301LX50074,1,3,0,9,0,8,0,0,0,0,1,1,6,2,6,125,1,11,3,1
201301LX50074,2,1,0,18,0,8,0,0,0,0,1,1,6,1,5,-1,-1,-1,6,1
201301LX50075,1,9,0,6,0,0,0,0,0,0,3,1,6,2,7,1968,2,1,5,1
201301LX50075,2,19,0,18,0,0,0,0,0,0,1,1,6,1,10,-1,-1,-1,-1,-1
201301LX50076,1,11,0,4,0,0,0,0,0,0,0,1,1,2,8,-1,-1,-1,2,1
201301LX50077,1,9,0,18,0,8,0,0,0,0,1,1,6,1,7,1390,1,12,4,1
201301LX50078,1,90,0,3,0,2,0,0,0,0,2,1,1,1,7,-1,-1,-1,4,1
201301LX50078,2,9,0,18,0,2,0,0,0,0,1,1,6,1,9,2902,2,5,3,1
201301LX50079,1,1,0,18,0,0,0,0,0,0,1,1,6,1,7,-1,-1,-1,10,1
201301LX50081,1,3,0,18,0,8,0,0,0,0,2,1,6,1,6,124,1,5,1,1
201301LX50081,2,9,0,9,0,8,0,0,0,0,3,1,6,1,7,1597,1,5,4,1
201301LX50082,1,4,0,18,0,8,0,0,0,0,4,1,6,1,9,-1,-1,-1,5,1
201301LX50082,2,19,0,12,0,8,0,0,0,0,3,1,6,1,-1,1900,2,10,2,1
201301LX50083,1,9,0,18,0,8,0,0,0,0,4,1,6,1,7,2902,2,5,2,1
201301LX50084,1,9,0,5,0,8,0,0,0,0,3,1,6,1,-1,-1,-1,-1,6,1
201301LX50084,2,1,0,13,0,8,0,0,0,0,4,1,6,1,5,-1,-1,-1,3,1
201301LX50085,1,9,0,7,0,8,0,0,0,0,4,1,6,1,5,1388,1,11,6,1
201301LX50085,2,3,0,18,0,8,0,0,0,0,1,1,6,1,6,125,1,1,2,1
201301LX50086,1,9,0,18,0,8,0,0,0,0,3,1,6,1,6,1698,2,12,4,1
201301LX50086,2,9,0,2,0,8,0,0,0,0,4,1,6,1,-1,2993,2,6,-1,-1
201301LX50087,1,1,0,18,0,8,0,0,0,0,1,1,6,1,8,-1,-1,-1,-1,-1
201301LX50087,2,9,0,9,0,8,0,0,0,0,4,1,6,1,-1,1364,1,8,3,1
201301LX50089,1,3,0,18,0,8,0,0,0,0,0,1,6,1,6,108,1,1,1,1
201301LX50089,2,9,0,9,0,8,0,0,0,0,0,1,6,2,5,1490,1,6,2,1
201301LX50090,1,11,0,5,0,8,0,0,0,0,0,1,6,1,7,6692,2,3,3,1
201301LX50091,1,1,0,9,0,8,0,0,0,0,3,1,6,1,6,-1,-1,-1,-1,-1
201301LX50091,2,9,0,18,0,8,0,0,0,0,4,1,6,1,8,1798,1,9,6,1
201301LX50092,1,5,0,18,0,8,0,0,0,0,1,1,6,1,8,675,1,3,2,1
201301LX50092,2,9,0,13,0,8,0,0,0,0,0,1,6,3,-1,-1,-1,-1,-1,-1
201301LX50093,1,19,0,1,0,8,0,0,0,0,2,1,6,1,6,2402,2,9,5,1
201301LX50093,2,8,0,3,0,8,0,0,0,0,1,1,1,1,9,2664,2,13,7,1
201301LX50094,1,11,0,18,0,8,0,0,0,0,0,1,1,1,8,6700,2,4,4,1
201301LX50095,1,9,0,4,0,8,0,0,0,0,4,1,6,1,7,1956,2,1,1,1
201301LX50096,1,5,0,7,0,8,0,0,0,0,0,1,6,1,-1,955,1,12,-1,-1
201301LX50097,1,1,0,4,2,8,0,0,0,0,2,1,6,2,6,-1,-1,-1,1,1
201301LX50097,2,8,0,18,2,8,0,0,0,0,1,1,1,3,-1,-1,-1,-1,-1,-1
201301LX50098,1,11,0,18,0,8,0,0,0,0,0,1,1,1,-1,-1,-1,-1,-1,-1
201301LX50099,1,8,0,18,0,8,0,0,0,0,1,1,1,1,9,2499,2,6,5,1
201301LX50100,1,90,0,9,0,8,0,0,0,0,4,1,1,1,6,-1,-1,-1,8,1
201301LX50100,2,3,0,18,0,8,0,0,0,0,1,1,6,1,7,125,1,1,4,1
201301LX50101,1,3,0,18,0,8,0,0,0,0,1,1,6,1,6,125,1,1,3,1
201301LX50101,2,9,0,9,0,8,0,0,0,0,4,1,6,1,9,1388,1,14,-1,-1
201301LX50102,1,9,0,18,0,8,0,0,0,0,1,1,6,1,7,998,1,9,3,1
201301LX50103,1,19,0,18,0,8,0,0,0,0,0,1,6,3,-1,-1,-1,-1,-1,-1
201301LX50103,2,3,0,18,0,8,1,0,0,0,0,1,6,2,6,-1,-1,-1,5,1
201301LX50105,1,5,0,18,0,8,0,0,0,0,1,1,6,3,-1,-1,-1,-1,-1,-1
201301LX50106,1,9,0,18,0,8,0,0,0,0,1,1,6,1,7,1596,1,7,7,1
201301LX50106,2,9,0,18,0,8,0,0,0,0,1,1,6,2,8,2362,7,12,2,1
201301LX50107,1,9,0,9,0,8,0,0,0,0,3,1,6,1,8,1896,2,12,5,1
201301LX50107,2,5,0,18,0,8,0,0,0,0,1,1,6,1,6,670,1,1,-1,-1
201301LX50108,1,1,0,18,0,8,0,0,0,0,3,1,6,2,7,-1,-1,-1,2,1
201301LX50108,2,9,0,7,0,8,0,0,0,0,1,1,6,3,-1,-1,-1,-1,-1,-1
201301LX50110,1,9,0,3,0,8,0,0,0,0,2,1,6,1,7,1896,2,6,7,1
201301LX50110,2,9,0,18,0,8,0,0,0,0,1,1,6,3,-1,-1,-1,-1,-1,-1
201301LX50111,1,9,0,10,0,8,0,0,0,0,3,1,6,1,7,1984,1,10,6,1
201301LX50111,2,3,0,18,0,8,0,0,0,0,1,1,6,1,5,124,1,2,-1,-1
201301LX50112,1,4,0,18,0,8,0,0,0,0,1,1,6,1,7,279,1,4,5,1
201301LX50112,2,9,0,9,0,8,0,0,0,0,4,1,6,1,6,1598,1,10,4,1
201301LX50113,1,9,0,9,0,8,0,0,0,0,3,1,6,2,7,1596,1,10,10,1
201301LX50113,2,3,0,13,0,8,0,0,0,0,4,1,6,1,6,108,1,1,-1,-1
201301LX50114,1,1,0,18,0,8,0,0,0,0,1,1,6,1,6,-1,-1,-1,5,1
201301LX50114,2,9,0,9,0,8,0,0,0,0,4,1,6,3,-1,1560,2,4,-1,-1
201301LX50115,1,1,0,18,0,8,0,0,0,0,4,1,6,1,6,-1,-1,-1,3,1
201301LX50115,2,19,0,12,0,8,0,0,0,0,3,1,6,3,-1,-1,-1,-1,-1,-1
201301LX50116,1,9,0,14,0,0,0,0,0,0,1,1,6,3,-1,-1,-1,-1,-1,-1
201301LX50118,1,9,0,18,0,0,0,0,0,0,1,1,6,1,9,1988,1,13,-1,-1
201301LX50119,1,9,0,18,0,8,0,0,0,0,1,1,6,1,-1,1988,2,8,-1,-1
201301LX50119,2,9,0,18,0,8,0,0,0,0,3,1,6,1,-1,1598,1,11,-1,-1
201301LX50119,3,9,0,18,0,8,0,0,0,0,1,1,6,1,7,1339,8,3,5,1
201301LX50120,1,11,0,16,0,8,0,0,0,0,1,1,1,1,8,7300,2,10,3,1
201301LX50121,1,9,0,7,0,8,0,0,0,0,3,1,6,2,6,1995,2,8,4,1
201301LX50121,2,9,0,11,0,8,0,0,0,0,4,1,6,1,-1,2204,2,7,4,1
201301LX50122,1,9,0,9,0,8,0,0,0,0,1,1,6,2,7,1796,1,4,1,1
201301LX50122,2,9,0,18,0,8,0,0,0,0,4,1,6,2,9,1388,1,9,-1,-1
201301LX50123,1,3,0,18,0,8,0,0,0,0,1,1,6,1,5,49,1,6,3,1
201301LX50123,2,9,0,2,0,8,0,0,0,0,1,1,6,1,6,1388,1,10,2,1
201301LX50124,1,9,0,18,0,0,5,0,0,0,3,1,6,1,7,4197,1,8,4,1
201301LX50124,2,9,0,2,0,0,0,0,0,0,2,1,6,3,-1,-1,-1,-1,-1,-1
201301LX50124,3,9,0,2,0,0,0,0,0,0,2,1,6,3,-1,2148,2,9,-1,-1
201301LX50125,1,9,0,18,0,0,0,10,1,10,1,1,6,1,8,1596,1,12,2,1
201301LX50126,1,9,0,18,0,8,0,0,0,0,1,1,6,1,4,-1,-1,-1,4,1
201301LX50126,2,9,0,3,0,8,0,0,0,0,2,1,6,1,6,1388,1,3,3,1
201301LX50126,3,9,0,3,0,8,0,0,0,0,2,1,6,2,6,999,1,14,3,1
201301LX50126,4,9,0,3,0,8,0,0,0,0,2,1,6,1,8,1998,1,10,2,1
201301LX50127,1,11,0,18,0,8,0,10,1,0,0,1,1,1,8,7300,2,8,3,1
201301LX50128,1,11,0,7,0,8,0,0,0,0,0,1,6,1,6,3900,2,8,6,1
201301LX50129,1,1,0,18,0,8,0,0,0,0,1,1,6,2,6,-1,-1,-1,-1,-1
201301LX50129,2,9,0,7,0,8,0,0,0,0,4,1,6,3,-1,-1,-1,-1,-1,-1
201301LX50130,1,11,0,4,0,0,0,0,0,0,0,1,1,1,7,-1,-1,-1,1,1
201301LX50131,1,19,0,7,0,8,0,0,0,0,4,1,6,3,-1,2198,2,3,-1,-1
201301LX50131,2,1,0,18,0,8,0,0,0,0,1,1,6,1,7,-1,-1,-1,2,1
201301LX50133,1,9,0,9,0,2,0,0,0,0,1,1,6,3,-1,-1,-1,-1,-1,-1
201301LX50137,1,1,0,18,0,0,0,0,0,0,2,1,6,2,6,-1,-1,-1,4,1
201301LX50137,2,9,0,18,0,0,0,0,0,0,1,1,6,1,-1,1588,1,9,-1,-1
201301LX50138,1,1,0,15,0,8,0,0,0,0,1,1,6,1,6,-1,-1,-1,3,1
201301LX50138,2,21,0,7,0,8,0,0,0,0,4,1,1,1,9,3920,2,8,2,1
201301LX50140,1,1,0,18,0,8,0,10,1,0,0,1,6,1,5,-1,-1,-1,2,1
201301LX50140,2,9,0,9,0,8,0,0,0,0,0,1,6,2,-1,-1,-1,-1,-1,-1
201301LX50141,1,9,0,11,0,8,0,0,0,0,4,1,6,1,10,1597,1,18,4,1
201301LX50141,2,1,0,18,0,8,0,0,0,0,1,1,6,1,-1,-1,-1,-1,4,1
201301LX50143,1,9,0,18,0,8,0,10,1,1,1,1,6,1,6,-1,-1,-1,-1,-1
201301LX50144,1,9,0,18,0,8,0,0,0,0,1,1,6,1,6,2993,2,2,3,1
201301LX50144,2,9,0,9,0,8,0,0,0,0,1,1,6,2,8,-1,-1,-1,7,1
201301LX50145,1,9,0,9,0,0,0,0,0,0,1,1,6,1,6,2143,2,1,2,1
201301LX50145,2,2,0,18,0,0,0,0,0,0,1,1,6,1,4,124,1,8,2,1
201301LX50147,1,9,0,18,0,0,0,0,0,0,1,1,6,1,9,1995,2,10,1,1
201301LX50147,2,9,0,18,0,0,0,0,0,0,1,1,6,1,8,1598,1,10,-1,-1
201301LX50149,1,9,0,18,0,0,0,0,0,0,1,1,6,3,-1,1598,1,6,-1,-1
201301LX50151,1,9,0,18,0,8,0,0,0,0,1,1,6,1,-1,3199,1,10,3,1
201301LX50152,1,9,0,18,0,1,0,0,0,0,1,1,6,2,10,1996,1,17,5,1
201301LX50152,2,1,0,18,0,1,0,0,0,0,2,1,6,2,5,-1,-1,-1,2,1
201301LX50153,1,9,0,7,0,8,0,0,0,0,0,1,6,1,9,1998,1,6,2,1
201301LX50153,2,1,0,18,0,8,0,0,0,0,0,1,6,2,-1,-1,-1,-1,-1,-1
201301LX50154,1,9,0,18,0,8,0,0,0,0,1,1,6,1,-1,1799,1,13,-1,-1
201301LX50154,2,1,0,18,0,8,0,0,0,0,1,1,6,1,6,-1,-1,-1,3,1
201301LX50155,1,11,0,4,0,8,0,0,0,0,1,1,6,1,8,9200,2,10,3,1
201301LX50156,1,1,0,18,0,0,0,0,0,0,1,1,6,1,6,-1,-1,-1,5,1
201301LX50156,2,2,0,15,0,0,0,0,0,0,1,1,6,1,-1,-1,-1,-1,-1,-1
201301LX50158,1,9,0,9,0,1,0,0,0,0,1,1,6,1,7,-1,-1,-1,10,1
201301LX50158,2,9,0,9,0,1,0,0,0,0,2,1,6,1,6,1396,2,2,2,1
201301LX50158,3,9,0,9,0,1,0,0,0,0,2,1,6,1,8,1400,1,6,3,1
201301LX50159,1,1,0,18,0,8,0,0,0,0,1,1,6,1,6,-1,-1,-1,8,1
201301LX50159,2,19,0,4,0,8,0,0,0,0,2,1,6,1,-1,1997,2,3,-1,-1
201301LX50160,1,9,0,9,0,8,0,0,0,0,1,1,6,1,7,-1,-1,-1,1,1
201301LX50160,2,2,0,18,0,8,0,0,0,0,1,1,6,1,5,-1,-1,-1,2,1
201301LX50161,1,9,0,18,0,8,0,0,0,0,1,1,6,1,6,2698,2,5,2,1
201301LX50161,2,9,0,5,0,8,0,0,0,0,3,1,6,2,-1,1796,1,7,-1,-1
201301LX50162,1,9,0,18,0,8,0,0,0,0,1,1,6,1,-1,-1,-1,-1,-1,-1
201301LX50163,1,9,0,18,0,8,0,0,0,0,1,1,6,1,6,1796,1,1,1,1
201301LX50164,1,3,0,3,0,0,0,0,0,0,1,1,6,1,6,125,1,6,-1,-1
201301LX50164,2,9,0,1,0,0,0,0,0,0,2,1,6,3,-1,1984,1,7,-1,-1
201301LX50165,1,11,0,2,0,8,0,0,0,0,0,1,6,2,6,-1,-1,-1,7,1
201301LX50166,1,11,0,4,0,8,0,0,0,0,0,1,6,1,9,-1,-1,-1,3,1
201301LX50167,1,8,0,18,0,8,0,0,0,0,1,1,6,1,-1,2499,2,6,7,2
201301LX50168,1,19,0,18,0,0,0,0,0,0,1,1,6,1,6,2402,2,11,3,1
201301LX50168,2,9,0,4,0,0,0,0,0,0,2,1,6,1,8,-1,-1,-1,6,1
201301LX50169,1,9,0,7,0,8,0,0,0,0,4,1,6,1,5,1360,1,9,-1,-1
201301LX50169,2,1,0,18,0,8,0,0,0,0,1,1,6,2,6,-1,-1,-1,3,1
201301LX50170,1,9,0,14,0,8,0,0,0,0,4,1,6,2,9,1390,1,12,3,1