Accident_Index,Vehicle_Reference,Vehicle_Type,Towing_and_Articulation,Vehicle_Manoeuvre,Vehicle_Location-Restricted_Lane,Junction_Location,Skidding_and_Overturning,Hit_Object_in_Carriageway,Vehicle_Leaving_Carriageway,Hit_Object_off_Carriageway,1st_Point_of_Impact,Was_Vehicle_Left_Hand_Drive?,Journey_Purpose_of_Driver,Sex_of_Driver,Age_Band_of_Driver,Engine_Capacity_(CC),Propulsion_Code,Age_of_Vehicle,Driver_IMD_Decile,Driver_Home_Area_Type
201301LX50753,1,11,0,18,0,1,0,0,0,0,1,1,1,1,8,7300,2,10,2,1
201301LX50755,1,1,0,18,0,8,0,0,0,0,0,1,6,2,-1,-1,-1,-1,4,1
201301LX50755,2,1,0,18,0,8,0,0,0,0,4,1,6,2,6,-1,-1,-1,1,1
201301LX50755,3,1,0,18,0,8,0,0,0,0,3,1,6,2,6,-1,-1,-1,-1,-1
201301LX50757,1,9,0,18,2,8,0,0,0,0,3,1,6,1,5,1910,2,7,3,1
201301LX50757,2,8,0,7,2,8,0,0,0,0,4,1,1,1,7,1968,2,4,4,1
201301LX50758,1,11,0,5,0,1,0,0,0,0,0,1,1,1,7,9200,2,10,9,1
201301LX50759,1,5,0,13,0,8,0,0,0,0,1,1,6,2,-1,-1,-1,-1,-1,-1
201301LX50759,2,9,0,9,0,8,0,0,0,0,3,1,6,1,7,1598,1,8,4,1
201301LX50760,1,9,0,18,0,0,0,0,0,0,3,1,6,1,-1,2000,2,9,5,1
201301LX50760,2,9,0,18,0,0,0,0,0,0,3,1,1,1,-1,-1,-1,-1,-1,-1
201301LX50761,1,9,0,11,0,1,0,0,0,0,4,1,6,1,7,-1,-1,-1,4,1
201301LX50761,2,1,0,18,0,1,0,0,0,0,3,1,6,1,8,-1,-1,-1,3,1
201301LX50762,1,9,0,14,0,1,0,4,0,0,4,1,6,2,8,2401,2,8,4,1
201301LX50762,2,9,0,5,0,1,0,0,0,0,3,1,6,1,7,1527,2,15,3,1
201301LX50763,1,19,0,7,0,8,0,0,0,0,4,1,6,1,7,2298,2,2,3,1
201301LX50763,2,1,0,18,0,8,0,0,0,0,1,1,6,1,6,-1,-1,-1,2,1
201301LX50764,1,9,0,7,0,8,0,0,0,0,4,1,6,2,5,1399,2,5,6,1
201301LX50764,2,1,0,18,0,8,0,0,0,0,1,1,6,2,6,-1,-1,-1,3,1
201301LX50765,1,9,0,18,0,1,0,0,0,0,1,1,6,3,-1,-1,-1,-1,-1,-1
201301LX50766,1,8,0,6,0,1,0,0,0,0,3,1,1,1,10,2402,2,9,7,1
201301LX50766,2,5,0,18,0,1,0,0,0,0,1,1,6,1,7,798,1,2,10,1
201301LX50767,1,5,0,18,0,8,0,0,0,0,0,1,6,1,5,599,1,4,2,1
201301LX50770,1,9,0,18,0,8,0,0,0,0,3,1,6,2,6,2148,2,11,3,1
201301LX50770,2,9,0,7,0,8,0,0,0,0,4,1,6,2,-1,1587,1,7,-1,-1
201301LX50771,1,3,0,3,0,8,0,0,0,0,2,1,6,1,6,-1,-1,-1,4,1
201301LX50771,2,11,0,4,0,8,0,0,0,0,1,1,1,1,7,8300,2,7,1,1
201301LX50772,1,19,0,3,0,8,0,0,0,0,2,1,6,1,6,2461,2,7,3,1
201301LX50772,2,9,0,18,0,8,0,0,0,0,1,1,6,2,10,1995,2,8,7,3
201301LX50773,1,1,0,18,0,0,0,0,0,0,1,1,6,1,2,-1,-1,-1,2,1
201301LX50773,2,9,0,16,0,0,0,0,0,0,4,1,6,1,6,1598,2,1,4,1
201301LX50774,1,1,0,17,0,8,0,0,0,0,3,1,2,1,6,-1,-1,-1,2,1
201301LX50774,2,9,0,7,0,8,0,0,0,0,4,1,6,1,-1,1986,2,3,-1,-1
201301LX50775,1,11,0,4,0,2,0,0,0,0,0,1,1,1,8,3900,2,8,6,1
201301LX50777,1,9,0,18,0,0,0,0,0,0,4,1,6,1,8,2616,1,8,-1,-1
201301LX50778,1,9,0,9,0,8,0,0,0,0,4,1,6,2,8,1598,1,5,3,1
201301LX50778,2,90,0,18,0,8,0,0,0,0,1,1,6,1,6,-1,-1,-1,4,1
201301LX50779,1,11,0,14,0,0,0,0,0,0,0,1,1,1,6,4500,2,1,2,1
201301LX50780,1,11,0,18,0,0,0,0,0,0,1,1,1,1,8,9200,2,8,1,1
201301LX50781,1,9,0,9,0,8,0,0,0,0,3,1,6,2,6,1560,2,-1,5,1
201301LX50781,2,5,0,13,0,8,0,0,0,0,4,1,6,1,7,800,1,1,4,1
201301LX50782,1,9,0,9,0,8,0,0,0,0,4,1,6,2,6,1396,1,13,-1,-1
201301LX50782,2,1,0,15,0,8,0,0,0,0,1,1,6,1,6,-1,-1,-1,4,1
201301LX50784,1,1,0,18,0,1,0,0,0,0,3,1,6,1,6,-1,-1,-1,2,1
201301LX50784,2,11,0,11,0,1,0,0,0,0,4,1,1,1,8,-1,2,12,-1,-1
201301LX50785,1,11,0,18,0,0,0,0,0,0,0,1,1,1,8,6692,2,3,2,1
201301LX50786,1,9,0,18,0,8,0,0,0,0,1,1,6,1,5,1242,1,9,3,1
201301LX50786,2,1,0,18,0,8,0,0,0,0,4,1,6,1,6,-1,-1,-1,3,1
201301LX50787,1,9,0,5,0,0,0,0,0,0,1,1,6,1,6,1896,2,10,2,1
201301LX50788,1,9,0,7,0,8,0,0,0,0,1,1,6,1,7,1994,2,11,2,1
201301LX50788,2,1,0,18,0,8,0,0,0,0,4,1,6,2,6,-1,-1,-1,3,1
201301LX50789,1,9,0,18,0,0,0,0,0,0,4,1,6,1,6,1997,2,8,4,1
201301LX50789,2,1,0,18,0,0,0,0,0,0,1,1,6,2,2,-1,-1,-1,-1,-1
201301LX50791,1,9,0,7,0,8,0,0,0,0,4,1,6,2,6,1598,1,6,3,1
201301LX50791,2,1,0,18,0,8,0,0,0,0,3,1,6,1,8,-1,-1,-1,9,1
201301LX50792,1,9,0,9,0,8,0,0,0,0,4,1,6,2,7,1390,1,8,5,1
201301LX50792,2,9,0,18,0,8,0,0,0,0,1,1,6,1,7,1598,1,13,4,1
201301LX50793,1,9,0,9,0,0,0,0,0,0,3,1,1,1,7,1997,2,4,2,1
201301LX50793,2,3,0,13,0,0,0,0,0,0,1,1,6,1,5,124,1,-1,3,1
201301LX50795,1,11,0,5,0,1,0,0,0,0,0,1,1,1,8,9600,2,13,2,1
201301LX50796,1,9,0,11,0,2,0,0,0,0,4,1,1,1,7,3700,1,4,2,1
201301LX50796,2,5,0,18,0,2,0,0,0,0,3,1,6,1,5,599,1,2,-1,-1
201301LX50799,1,11,0,3,0,0,0,0,0,0,0,1,1,2,6,3900,2,10,-1,-1
201301LX50802,1,1,0,18,0,0,0,0,0,0,0,1,6,2,7,-1,-1,-1,2,1
201301LX50803,1,9,0,9,0,8,0,0,0,0,3,1,6,2,8,1598,1,4,3,1
201301LX50803,2,3,0,13,0,8,0,0,0,0,1,1,6,1,8,125,1,7,4,1
201301LX50805,1,9,0,18,0,0,0,0,0,0,1,1,6,1,-1,-1,-1,-1,-1,-1
201301LX50806,1,11,0,4,0,1,0,0,0,0,0,1,1,2,7,-1,-1,-1,2,1
201301LX50807,1,3,0,18,0,8,0,0,0,0,4,1,1,1,4,107,1,-1,3,1
201301LX50807,2,9,0,18,0,8,0,0,0,0,1,1,6,3,-1,-1,-1,-1,-1,-1
201301LX50808,1,5,0,7,0,8,0,0,0,0,3,1,6,1,6,600,1,1,-1,-1
201301LX50808,2,1,0,18,0,8,0,0,0,0,1,1,6,1,6,-1,-1,-1,5,1
201301LX50809,1,1,0,18,0,2,0,0,0,0,0,1,6,1,5,-1,-1,-1,6,1
201301LX50811,1,9,0,16,0,0,0,0,0,0,3,1,6,1,11,1796,1,14,2,1
201301LX50811,2,90,0,17,0,0,0,0,0,0,4,1,6,1,-1,9200,2,5,-1,-1
201301LX50812,1,11,0,4,0,1,0,0,0,0,0,1,1,1,6,6700,2,4,3,1
201301LX50813,1,5,0,18,0,1,0,0,0,0,1,1,6,1,6,640,1,11,4,1
201301LX50814,1,9,0,18,0,8,0,10,1,2,1,1,6,1,4,-1,-1,-1,9,1
201301LX50815,1,9,0,18,0,1,0,0,0,0,1,1,6,3,-1,-1,-1,-1,-1,-1
201301LX50815,2,1,0,18,0,1,0,0,0,0,4,1,6,1,2,-1,-1,-1,3,1
201301LX50816,1,11,0,2,0,1,0,0,0,0,2,1,1,1,6,12000,2,7,2,1
201301LX50816,2,11,0,5,0,1,0,4,0,0,1,1,1,2,8,-1,-1,-1,8,1
201301LX50817,1,9,0,15,0,2,0,0,0,0,1,1,6,1,5,1598,1,5,4,1
201301LX50818,1,3,0,18,0,0,0,0,0,0,1,1,6,1,7,108,1,1,5,1
201301LX50818,2,9,0,5,0,0,0,0,0,0,4,1,6,3,-1,-1,-1,-1,-1,-1
201301LX50819,1,11,0,4,0,2,0,0,0,0,0,1,1,1,8,7300,2,8,4,1
201301LX50820,1,9,0,18,0,8,0,0,0,0,4,1,6,1,8,3498,1,7,1,1
201301LX50820,2,5,0,18,0,8,0,0,0,0,1,1,6,1,8,782,1,10,6,1
201301LX50821,1,3,0,18,0,0,0,0,0,0,3,1,6,1,6,125,1,7,9,1
201301LX50821,2,9,0,13,0,0,0,0,0,0,4,1,6,1,-1,2290,1,15,-1,-1
201301LX50822,1,5,0,4,0,8,0,0,0,0,0,1,6,1,7,749,1,7,8,1
201301LX50822,2,9,0,9,0,8,0,0,0,0,0,1,6,3,-1,-1,-1,-1,-1,-1
201301LX50824,1,3,0,18,0,8,0,0,0,0,1,1,6,1,8,125,1,5,6,1
201301LX50824,2,9,0,9,0,8,0,0,0,0,3,1,6,2,8,1984,1,13,9,1
201301LX50825,1,9,0,18,0,0,0,0,0,0,1,1,6,1,5,1995,2,-1,6,1
201301LX50827,1,9,0,18,0,2,0,0,0,0,1,1,6,2,7,1197,1,2,2,1
201301LX50828,1,11,0,5,0,0,0,0,0,0,4,1,6,1,-1,-1,-1,-1,-1,-1
201301LX50829,1,9,0,3,0,0,0,0,0,0,2,1,6,2,10,1598,1,3,9,1
201301LX50829,2,1,0,4,0,0,0,0,0,0,1,1,6,1,7,-1,-1,-1,-1,-1
201301LX50831,1,1,0,14,0,0,0,0,0,0,1,1,6,1,6,-1,-1,-1,1,1
201301LX50832,1,9,0,16,0,8,0,0,0,0,3,1,6,1,6,1598,1,5,2,1
201301LX50832,2,1,0,18,0,8,0,0,0,0,4,1,6,2,6,-1,-1,-1,6,1
201301LX50833,1,5,0,15,0,8,0,0,0,0,1,1,6,1,4,645,1,6,2,1
201301LX50833,2,19,0,7,0,8,0,0,0,0,2,1,6,1,6,-1,-1,-1,-1,-1
201301LX50835,1,5,0,18,0,2,0,0,0,0,1,1,6,1,6,1200,1,4,3,1
201301LX50837,1,11,0,18,0,1,0,0,0,0,4,1,1,1,7,7300,2,7,5,1
201301LX50838,1,1,0,5,0,1,0,0,0,0,3,1,6,1,9,-1,-1,-1,5,1
201301LX50838,2,9,0,5,0,1,0,0,0,0,4,1,6,1,8,1796,1,11,-1,-1
201301LX50839,1,3,0,13,0,1,0,0,0,0,4,1,6,1,6,125,1,7,5,1
201301LX50839,2,9,0,9,0,1,0,0,0,0,1,1,6,1,-1,1598,2,1,-1,-1
201301LX50841,1,9,0,9,0,5,0,0,0,0,4,1,6,3,-1,-1,-1,-1,-1,-1
201301LX50841,2,1,0,18,0,1,0,0,0,0,1,1,6,1,5,-1,-1,-1,1,1
201301LX50842,1,20,0,2,0,2,0,0,0,0,3,1,6,3,-1,6870,2,4,-1,-1
201301LX50842,2,1,0,18,0,2,0,8,0,0,4,1,6,1,8,-1,-1,-1,2,1
201301LX50843,1,9,0,7,0,5,0,0,0,0,2,1,6,1,8,-1,-1,-1,4,1
201301LX50843,2,1,0,18,0,1,0,0,0,0,0,1,6,1,6,-1,-1,-1,2,1
201301LX50844,1,9,0,18,0,0,0,0,0,0,1,1,1,1,-1,2993,2,7,-1,-1
201301LX50846,1,9,0,4,0,2,0,0,0,0,4,1,6,1,6,1598,1,5,5,1
201301LX50847,1,9,0,2,4,0,0,0,0,0,3,1,6,1,7,1598,1,13,2,1
201301LX50847,2,1,0,18,0,0,0,8,0,0,1,1,6,2,7,-1,-1,-1,2,1
201301LX50848,1,9,0,18,0,1,0,0,0,0,1,1,6,1,7,1995,2,11,1,1
201301LX50849,1,11,0,18,0,8,0,0,0,0,0,1,1,3,-1,-1,-1,-1,-1,-1
201301LX50851,1,2,0,14,0,8,0,0,0,0,4,1,6,1,4,49,1,6,4,1
201301LX50851,2,9,0,5,0,8,0,0,0,0,3,1,6,2,9,1794,1,11,4,1
201301LX50852,1,9,0,18,0,1,0,4,0,0,1,1,6,1,5,1598,1,3,2,1
201301LX50852,2,9,0,2,0,1,0,0,0,0,2,1,6,2,6,1753,2,6,3,1
201301LX50852,3,9,0,2,0,1,0,0,0,0,2,1,6,2,-1,995,1,9,3,1
201301LX50854,1,9,0,9,0,8,0,0,0,0,4,1,6,2,8,1598,1,2,4,1
201301LX50854,2,1,0,18,0,8,0,0,0,0,1,1,6,1,8,-1,-1,-1,3,1
201301LX50855,1,1,0,18,0,0,0,0,0,0,4,1,6,1,7,-1,-1,-1,-1,-1
201301LX50856,1,1,0,18,0,0,0,0,0,0,3,1,6,2,8,-1,-1,-1,3,1
201301LX50856,2,11,0,13,0,0,0,0,0,0,4,1,1,1,6,4500,2,1,2,1
201301LX50857,1,1,0,18,0,1,0,0,0,0,1,1,6,1,4,-1,-1,-1,3,1
201301LX50858,1,19,0,7,0,8,0,0,0,0,2,1,6,1,7,1461,2,2,4,1
201301LX50858,2,5,0,18,0,8,0,0,0,0,1,1,6,1,7,599,1,5,9,1
201301LX50859,1,9,0,9,0,1,0,0,0,0,3,1,1,2,7,1329,1,-1,8,1
201301LX50859,2,1,0,13,0,1,0,0,0,0,4,1,6,2,6,-1,-1,-1,7,1
201301LX50860,1,9,0,9,0,5,0,0,0,0,2,1,6,2,6,1598,1,6,4,1
201301LX50860,2,19,0,18,0,5,0,0,0,0,1,1,1,1,6,-1,-1,-1,2,1
201301LX50861,1,8,0,18,0,0,0,0,0,0,1,1,1,1,7,2143,2,2,2,1
201301LX50862,1,11,0,18,0,0,0,0,0,0,0,1,1,1,8,6700,2,4,4,1
201301LX50863,1,1,0,15,0,1,0,10,0,0,4,1,6,2,6,-1,-1,-1,4,1
201301LX50863,2,11,0,5,0,1,0,0,0,0,0,1,6,3,-1,-1,-1,-1,-1,-1
201301LX50864,1,9,0,18,0,8,0,0,0,0,1,1,6,2,5,1248,1,3,-1,-1
201301LX50864,2,9,0,18,0,8,0,0,0,0,4,1,6,1,9,2000,1,5,2,1
201301LX50865,1,1,0,15,0,8,0,0,0,0,1,1,6,1,4,-1,-1,-1,3,1
201301LX50865,2,9,0,18,0,8,0,0,0,0,1,1,6,1,5,1149,1,8,4,1
201301LX50866,1,9,0,7,0,2,0,10,0,0,2,1,6,1,6,3189,1,9,-1,-1
201301LX50866,2,9,0,7,0,2,0,0,0,0,1,1,1,1,6,-1,-1,-1,-1,-1
201301LX50867,1,5,0,15,2,8,0,0,0,0,1,1,6,1,6,599,1,14,3,1
201301LX50867,2,9,0,9,0,8,0,0,0,0,4,1,6,2,8,1399,2,3,2,1
201301LX50868,1,3,0,15,0,1,0,0,0,0,4,1,6,1,6,-1,-1,-1,3,1
201301LX50868,2,9,0,7,0,1,0,0,0,0,0,1,1,1,6,1797,8,2,8,1
201301LX50869,1,9,0,18,0,1,0,0,0,0,3,1,6,1,5,1248,2,4,2,1
201301LX50869,2,9,0,9,0,5,0,0,0,0,3,1,6,2,5,-1,-1,-1,2,1
201301LX50870,1,5,0,4,0,1,0,0,0,0,4,1,6,1,8,-1,-1,-1,-1,-1
201301LX50871,1,9,0,5,0,1,0,0,0,0,1,1,6,1,6,1598,1,3,3,1
201301LX50872,1,90,0,18,0,1,0,0,0,0,2,1,6,1,8,2000,2,9,3,1
201301LX50872,2,19,0,18,0,1,0,0,0,0,1,1,6,3,-1,2148,2,8,-1,-1
201301LX50873,1,1,0,18,0,1,0,0,0,0,3,1,6,1,6,-1,-1,-1,3,1
201301LX50873,2,9,0,7,0,1,0,0,0,0,4,1,6,3,-1,-1,-1,-1,-1,-1
201301LX50875,1,9,0,18,0,0,0,0,0,0,1,1,6,3,-1,-1,-1,-1,-1,-1
201301LX50877,1,11,0,5,0,1,0,0,0,0,0,1,1,1,5,7300,2,8,3,1
201301LX50878,1,11,0,5,0,1,0,0,0,0,4,1,1,3,-1,-1,-1,-1,-1,-1
201301LX50879,1,9,0,4,0,0,0,0,0,0,2,1,6,1,9,1995,2,2,10,1
201301LX50879,2,9,0,18,0,0,0,0,0,0,1,1,6,2,7,2143,2,1,2,1
201301LX50881,1,9,0,18,0,1,0,0,0,0,3,1,6,1,6,-1,-1,-1,5,1
201301LX50881,2,9,0,14,0,1,0,0,0,0,4,1,6,3,-1,-1,-1,-1,-1,-1
201301LX50882,1,9,0,4,0,1,0,0,0,0,2,1,6,1,7,2171,1,13,5,1
201301LX50882,2,9,0,18,0,1,0,0,0,0,1,1,6,2,-1,1796,1,8,6,1
201301LX50883,1,9,0,9,0,8,0,0,0,0,4,1,6,1,5,1400,1,14,10,1
201301LX50883,2,1,0,15,0,8,0,0,0,0,1,1,6,1,6,-1,-1,-1,2,1
201301LX50884,1,9,0,9,0,8,0,0,0,0,3,1,6,1,6,1332,1,3,3,1
201301LX50884,2,4,0,14,0,8,0,0,0,0,3,1,6,1,6,125,1,7,1,1
201301LX50885,1,1,0,15,0,2,0,0,0,0,1,1,6,1,6,-1,-1,-1,4,1
201301LX50886,1,9,0,18,0,8,0,0,0,0,1,1,6,1,8,2398,1,13,10,1
201301LX50886,2,1,0,18,9,8,0,0,0,0,4,1,6,1,5,-1,-1,-1,3,1
201301LX50887,1,19,0,5,0,8,0,0,0,0,0,1,1,1,7,-1,-1,-1,7,1
201301LX50887,2,1,0,18,0,8,0,0,0,0,3,1,6,1,7,-1,-1,-1,3,1
201301LX50889,1,5,0,13,0,8,0,0,0,0,1,1,6,1,7,645,1,7,3,1
201301LX50889,2,9,0,9,0,8,0,0,0,0,3,1,6,1,6,1896,2,8,2,1
201301LX50890,1,9,0,18,0,2,0,0,0,0,1,1,6,3,-1,-1,-1,-1,-1,-1
201301LX50891,1,1,0,18,0,2,0,0,0,0,3,1,6,2,6,-1,-1,-1,7,1
201301LX50891,2,9,0,9,0,2,0,0,0,0,4,1,6,1,-1,-1,-1,-1,-1,-1
201301LX50893,1,9,0,9,0,8,0,0,0,0,3,1,6,1,7,-1,-1,-1,1,1
201301LX50893,2,9,0,18,0,8,0,0,0,0,1,1,6,1,7,2261,2,6,5,1
201301LX50894,1,3,0,5,0,1,0,0,0,0,1,1,6,1,7,125,1,2,5,1
201301LX50895,1,9,0,18,0,2,0,0,0,0,1,1,6,1,6,1598,1,3,2,1
201301LX50896,1,9,0,7,0,8,0,0,0,0,4,1,6,1,5,1229,1,1,3,1
201301LX50896,2,1,0,15,0,8,0,0,0,0,1,1,6,1,8,-1,-1,-1,2,1
201301LX50897,1,11,0,4,0,1,0,0,0,0,0,1,1,1,6,6700,2,3,1,1
201301LX50898,1,1,0,18,0,1,0,0,0,0,4,1,6,1,-1,-1,-1,-1,6,1
201301LX50898,2,1,0,18,0,1,0,0,0,0,3,1,6,1,-1,-1,-1,-1,-1,-1
201301LX50899,1,9,0,18,0,8,0,0,0,0,1,1,6,1,8,-1,-1,-1,6,1
201301LX50899,2,1,0,9,0,8,0,0,0,0,1,1,6,1,6,-1,-1,-1,8,1
201301LX50901,1,1,0,18,0,1,0,8,0,0,1,1,6,1,-1,-1,-1,-1,-1,-1
201301LX50901,2,9,0,2,0,1,0,0,0,0,3,1,6,1,-1,3724,1,9,-1,-1
201301LX50902,1,19,0,18,0,0,0,0,0,0,2,1,6,1,6,-1,-1,-1,4,1
201301LX50902,2,9,0,18,0,0,0,0,0,0,1,1,6,2,7,1600,2,3,4,1
201301LX50904,1,1,0,18,0,0,0,0,0,0,1,1,6,1,7,-1,-1,-1,-1,-1
201301LX50905,1,4,0,14,0,2,0,0,0,0,1,1,6,1,6,-1,-1,-1,5,1
201301LX50907,1,9,0,1,0,8,0,0,0,0,2,1,6,1,8,1796,1,11,8,1
201301LX50908,1,1,0,15,0,1,0,0,0,0,1,1,6,1,6,-1,-1,-1,8,1
201301LX50911,1,9,0,9,0,8,0,0,0,0,1,1,6,2,7,1242,1,6,1,1
201301LX50911,2,1,0,18,0,8,0,0,0,0,1,1,6,1,6,-1,-1,-1,5,1
201301LX50912,1,9,0,18,0,8,0,0,0,0,3,1,6,1,7,1598,1,10,4,1
201301LX50912,2,9,0,7,0,8,0,0,0,0,1,1,6,3,-1,-1,-1,-1,-1,-1
201301LX50913,1,9,0,9,0,8,0,0,0,0,4,1,6,1,6,1968,2,6,2,1
201301LX50913,2,4,0,18,0,8,0,0,0,0,1,1,6,1,8,249,1,17,4,1
201301LX50914,1,11,0,5,0,0,0,0,0,0,0,1,1,1,10,6700,2,3,3,1
201301LX50915,1,9,0,18,0,1,0,0,0,0,4,1,6,1,9,1598,1,7,2,1
201301LX50915,2,1,0,12,0,1,0,0,0,0,3,1,6,1,6,-1,-1,-1,2,1
201301LX50918,1,9,0,4,0,0,0,0,0,0,2,1,6,1,6,-1,-1,-1,3,1
201301LX50918,2,9,0,4,0,0,0,0,0,0,1,1,6,3,-1,-1,-1,-1,-1,-1
201301LX50919,1,3,0,18,0,1,0,0,0,0,1,1,6,2,6,125,1,3,5,1
201301LX50920,1,9,0,9,0,2,0,0,0,0,2,1,6,1,4,1390,1,9,5,1
201301LX50920,2,8,0,9,0,2,0,0,0,0,1,1,6,1,6,1753,2,6,4,1
201301LX50921,1,1,0,18,0,8,0,0,0,0,1,1,6,1,6,-1,-1,-1,3,1
201301LX50921,2,9,0,9,0,8,0,0,0,0,4,1,6,3,-1,-1,-1,-1,-1,-1
201301LX50922,1,5,0,4,0,1,0,0,0,0,0,1,6,1,7,599,1,9,1,1
201301LX50925,1,11,0,4,0,8,0,0,0,0,0,1,1,1,8,-1,-1,-1,4,1
201301LX50926,1,9,0,1,0,1,0,0,0,0,2,1,6,1,-1,-1,-1,-1,-1,-1
201301LX50927,1,2,0,18,0,1,0,0,0,0,1,1,6,1,8,49,1,10,4,1
201301LX50928,1,3,0,18,0,0,0,8,0,0,1,1,6,1,8,124,1,11,1,1
201301LX50928,2,9,0,2,0,0,0,0,0,0,3,1,6,1,6,1769,1,9,5,1
201301LX50929,1,19,0,9,0,8,0,0,0,0,2,1,6,1,7,2402,2,8,4,1
201301LX50929,2,9,0,18,0,8,0,0,0,0,1,1,6,2,8,1870,2,11,5,1
201301LX50931,1,3,0,18,0,8,0,0,0,0,1,1,6,1,8,-1,-1,-1,5,1
201301LX50931,2,9,0,6,0,8,0,0,0,0,3,1,6,1,6,1998,1,10,10,1
201301LX50932,1,2,0,18,0,0,0,0,0,0,1,1,6,1,6,49,1,1,-1,-1
201301LX50932,2,9,0,3,0,0,0,0,0,0,2,1,6,1,6,2204,2,4,2,1
201301LX50934,1,9,0,9,0,8,0,0,0,0,1,1,6,2,8,1995,2,6,2,1
201301LX50935,1,3,0,18,0,8,0,0,0,0,1,1,6,1,6,996,1,15,10,1
201301LX50935,2,9,0,9,0,8,0,0,0,0,3,1,6,1,7,1598,1,8,2,1
201301LX50936,1,9,0,6,0,1,0,0,0,0,4,1,6,1,7,2979,1,9,4,1
201301LX50936,2,1,0,18,0,1,0,0,0,0,1,1,6,1,6,-1,-1,-1,-1,-1
201301LX50937,1,19,0,2,0,0,0,0,0,0,3,1,6,1,-1,-1,-1,-1,-1,-1
201301LX50937,2,1,0,18,0,0,0,8,0,0,1,1,6,2,5,-1,-1,-1,3,1
201301LX50938,1,9,0,18,0,8,0,0,0,0,1,1,6,2,6,1323,1,11,6,1
201301LX50938,2,9,0,18,0,8,0,0,0,0,3,1,6,1,11,-1,-1,-1,-1,-1
201301LX50939,1,1,0,18,0,8,0,0,0,0,1,1,6,2,6,-1,-1,-1,2,1
201301LX50939,2,9,0,7,0,8,0,0,0,0,4,1,6,1,-1,1461,2,12,-1,-1
201301LX50940,1,9,0,9,0,8,0,0,0,0,2,1,6,2,9,1198,1,3,4,1
201301LX50940,2,5,0,18,0,8,0,0,0,0,1,1,6,1,7,-1,-1,-1,3,1
201301LX50941,1,11,0,3,0,1,0,0,0,0,2,1,1,1,7,6700,2,6,-1,-1
201301LX50941,2,1,0,7,0,1,0,0,0,0,1,1,6,1,5,-1,-1,-1,3,1
201301LX50942,1,9,0,9,0,8,0,0,0,0,0,1,6,2,5,1198,1,5,8,3
201301LX50942,2,3,0,13,0,8,0,0,0,0,0,1,6,1,6,487,1,10,5,1
201301LX50943,1,5,0,14,0,1,0,0,0,0,1,1,6,1,5,-1,-1,-1,3,1
201301LX50944,1,9,0,18,0,0,0,0,0,0,1,1,6,1,7,1598,2,1,6,1
201301LX50945,1,9,0,18,0,8,0,0,0,0,1,1,6,1,11,998,1,12,3,1
201301LX50946,1,11,0,18,0,1,0,0,0,0,4,1,1,1,8,6692,2,3,1,1
201301LX50947,1,9,0,18,0,8,0,0,0,0,3,1,6,1,8,1560,2,7,4,1
201301LX50947,2,9,0,18,0,8,0,0,0,0,1,1,6,1,-1,-1,-1,-1,-1,-1
201301LX50948,1,5,0,18,0,1,0,0,0,0,1,1,6,1,-1,865,1,2,-1,-1
201301LX50949,1,1,0,18,0,1,0,0,0,0,1,1,6,1,8,-1,-1,-1,3,1
201301LX50951,1,8,0,18,0,1,0,0,0,0,4,1,6,1,7,1560,2,-1,5,1
201301LX50952,1,20,0,18,0,1,0,0,0,0,1,1,1,1,8,3920,2,1,7,1
201301LX50953,1,10,0,13,0,8,0,0,0,0,4,1,1,1,-1,-1,-1,-1,-1,-1
201301LX50953,2,9,0,9,0,8,0,0,0,0,3,1,6,1,7,1400,1,9,2,1
201301LX50955,1,19,0,7,0,8,0,0,0,0,4,1,6,1,9,1686,2,3,4,1
201301LX50955,2,3,0,15,0,8,0,0,0,0,1,1,6,1,5,124,1,3,-1,-1
201301LX50957,1,3,0,18,0,2,0,0,0,0,1,1,6,1,4,-1,-1,-1,3,1
201301LX50958,1,9,0,18,0,8,0,0,0,0,1,1,6,2,5,1242,1,1,2,1
201301LX50958,2,9,0,9,0,8,0,0,0,0,3,1,6,2,6,1991,2,8,-1,-1
201301LX50959,1,2,0,18,0,1,0,0,0,0,3,1,6,1,6,108,1,-1,2,1
201301LX50959,2,9,0,18,0,1,0,0,0,0,4,1,6,3,-1,-1,-1,-1,-1,-1
201301LX50960,1,9,0,18,0,1,0,0,0,0,3,1,6,2,5,1997,1,9,4,1
201301LX50960,2,9,0,7,0,1,0,0,0,0,4,1,6,1,8,2967,2,1,8,1
201301LX50963,1,9,0,3,0,0,0,0,0,0,4,1,6,3,-1,1242,1,12,-1,-1
201301LX50963,2,1,0,15,0,0,0,0,0,0,1,1,6,1,6,-1,-1,-1,4,1
201301LX50964,1,9,0,9,0,8,0,0,0,0,4,1,6,1,7,1242,1,14,2,1
201301LX50964,2,1,0,18,0,8,0,0,0,0,1,1,6,1,5,-1,-1,-1,6,1
201301LX50966,1,9,0,9,0,8,0,0,0,0,4,1,6,1,7,1968,2,7,-1,-1
201301LX50966,2,1,0,18,0,8,0,0,0,0,1,1,6,1,7,-1,-1,-1,5,1
201301LX50967,1,3,0,15,0,8,0,0,0,0,1,1,6,1,4,125,1,1,2,1
201301LX50967,2,9,0,9,0,8,0,0,0,0,4,1,6,2,5,1198,1,11,3,1
201301LX50968,1,9,0,7,0,8,0,0,0,0,4,1,6,2,5,1240,1,10,4,1
201301LX50968,2,9,0,15,0,8,0,0,0,0,1,1,6,1,6,-1,-1,-1,5,1
201301LX50969,1,1,0,13,0,8,0,0,0,0,3,1,6,1,9,-1,-1,-1,8,1
201301LX50969,2,9,0,7,0,8,0,0,0,0,3,1,6,3,-1,-1,-1,-1,-1,-1
201301LX50969,3,11,0,13,0,8,0,0,0,0,4,1,1,3,-1,-1,-1,-1,-1,-1
201301LX50971,1,1,0,18,0,8,0,0,0,0,1,1,6,1,5,-1,-1,-1,5,1
201301LX50971,2,9,0,9,0,8,0,0,0,0,1,1,6,1,7,1796,1,3,3,1
201301LX50973,1,1,0,14,0,2,0,0,0,0,1,1,6,2,6,-1,-1,-1,2,1