Accident_Index,Vehicle_Reference,Vehicle_Type,Towing_and_Articulation,Vehicle_Manoeuvre,Vehicle_Location-Restricted_Lane,Junction_Location,Skidding_and_Overturning,Hit_Object_in_Carriageway,Vehicle_Leaving_Carriageway,Hit_Object_off_Carriageway,1st_Point_of_Impact,Was_Vehicle_Left_Hand_Drive?,Journey_Purpose_of_Driver,Sex_of_Driver,Age_Band_of_Driver,Engine_Capacity_(CC),Propulsion_Code,Age_of_Vehicle,Driver_IMD_Decile,Driver_Home_Area_Type
201301LX50975,1,1,0,13,0,8,0,0,0,0,4,1,6,1,7,-1,-1,-1,3,1
201301LX50975,2,9,0,9,0,8,0,0,0,0,3,1,6,2,8,-1,-1,-1,4,1
201301LX50976,1,5,0,17,0,1,0,0,0,0,0,1,6,1,-1,-1,-1,-1,-1,-1
201301LX50977,1,9,0,7,0,8,0,0,0,0,3,1,6,1,5,1595,1,8,1,1
201301LX50977,2,9,0,18,0,8,0,0,0,0,1,1,6,1,7,-1,-1,-1,4,1
201301LX50978,1,9,0,16,0,8,0,0,0,0,4,1,6,2,6,1769,1,12,2,1
201301LX50978,2,1,0,18,0,8,0,0,0,0,3,1,6,2,6,-1,-1,-1,3,1
201301LX50979,1,1,0,18,0,8,0,0,0,0,1,1,6,2,6,-1,-1,-1,5,1
201301LX50979,2,9,0,7,0,8,0,0,0,0,4,1,6,1,-1,1799,1,4,-1,-1
201301LX50980,1,1,0,18,0,0,0,0,0,0,1,1,6,1,-1,-1,-1,-1,-1,-1
201301LX50982,1,11,0,4,0,2,0,0,0,0,0,1,6,1,7,7300,2,11,2,1
201301LX50983,1,9,0,18,0,1,0,0,0,0,1,1,6,1,4,1461,2,1,3,1
201301LX50983,2,9,0,3,0,1,0,0,0,0,2,1,6,1,8,1598,1,6,1,1
201301LX50984,1,9,0,6,0,0,0,0,0,0,3,1,6,1,6,1598,1,-1,3,1
201301LX50984,2,3,0,13,0,0,0,0,0,0,1,1,6,1,4,124,1,4,3,1
201301LX50985,1,9,0,5,0,1,0,0,0,0,1,1,6,1,7,1995,2,3,2,1
201301LX50986,1,3,0,18,0,8,0,0,0,0,3,1,6,1,6,124,1,4,4,1
201301LX50986,2,11,0,18,0,8,0,0,0,0,1,1,6,1,6,-1,-1,-1,2,1
201301LX50989,1,9,0,18,0,1,0,0,0,0,1,1,6,2,9,2688,2,12,2,1
201301LX50990,1,11,0,4,0,2,0,0,0,0,2,1,1,1,6,7300,2,8,5,1
201301LX50990,2,9,0,18,0,2,0,0,0,0,1,1,6,1,7,1596,1,-1,2,1
201301LX50991,1,9,0,18,0,2,0,0,0,0,1,1,6,1,7,1497,8,8,3,1
201301LX50992,1,9,0,18,0,1,0,0,0,0,1,1,6,1,8,-1,-1,-1,8,1
201301LX50993,1,1,0,18,0,8,0,0,0,0,1,1,6,1,8,-1,-1,-1,4,1
201301LX50993,2,9,0,7,0,8,0,0,0,0,4,1,6,2,-1,1388,1,13,2,1
201301LX50994,1,9,0,14,0,1,0,0,0,0,1,1,6,2,5,1598,2,1,3,1
201301LX50995,1,9,0,18,0,0,0,0,0,0,1,1,6,1,6,-1,-1,-1,7,1
201301LX50996,1,11,0,4,0,0,0,0,0,0,0,1,1,2,7,8300,2,7,-1,-1
201301LX50997,1,9,0,3,0,8,0,0,0,0,3,1,6,1,6,1984,1,4,7,1
201301LX50997,2,3,0,3,0,8,0,0,0,0,4,1,6,1,5,125,1,7,1,1
201301LX50997,3,9,0,18,0,8,0,0,0,0,1,1,6,3,-1,-1,-1,-1,-1,-1
201301LX50998,1,9,0,18,0,1,0,0,0,0,1,1,1,1,6,-1,-1,-1,-1,-1
201301LX50999,1,5,0,7,0,5,0,0,0,0,0,1,1,1,7,-1,-1,-1,-1,-1
201301LX51000,1,19,0,7,0,8,0,0,0,0,4,1,1,1,5,2143,2,2,2,1
201301LX51000,2,1,0,15,0,8,0,0,0,0,1,1,6,1,6,-1,-1,-1,4,1
201301LX51001,1,11,0,18,0,0,0,0,0,0,1,1,1,1,8,-1,-1,-1,2,1
201301LX51001,2,9,0,18,0,0,0,0,0,0,1,1,6,1,6,-1,-1,-1,2,1
201301LX51002,1,1,0,15,0,8,0,0,0,0,1,1,6,1,6,-1,-1,-1,5,1
201301LX51002,2,9,0,9,0,8,0,0,0,0,4,1,6,1,6,1598,2,1,7,1
201301LX51003,1,11,0,4,0,2,0,0,0,0,0,1,1,1,8,3900,2,9,-1,-1
201301LX51007,1,3,0,18,0,0,0,0,0,0,1,1,6,3,-1,-1,-1,-1,-1,-1
201301LX51008,1,9,0,9,0,8,0,0,0,0,4,1,6,2,11,1796,1,12,4,1
201301LX51008,2,3,0,18,0,8,0,0,0,0,1,1,6,1,5,-1,-1,-1,4,1
201301LX51009,1,1,0,18,0,8,0,0,0,0,0,1,6,1,6,-1,-1,-1,-1,-1
201301LX51009,2,9,0,9,0,8,0,0,0,0,0,1,6,1,5,2143,2,-1,3,1
201301LX51010,1,1,0,18,0,8,0,0,0,0,1,1,6,1,6,-1,-1,-1,-1,-1
201301LX51010,2,9,0,9,0,8,0,0,0,0,3,1,6,1,7,1124,1,13,1,1
201301LX51011,1,19,0,1,0,0,0,0,0,0,2,1,6,1,7,-1,-1,-1,3,1
201301LX51011,2,1,0,17,0,0,0,0,0,0,1,1,6,1,8,-1,-1,-1,3,1
201301LX51012,1,9,0,9,0,8,0,0,0,0,4,1,6,1,11,1597,1,16,4,1
201301LX51012,2,21,0,9,0,8,0,0,0,0,1,1,6,1,9,11967,2,2,-1,-1
201301LX51013,1,9,0,9,0,8,0,0,0,0,1,1,6,2,8,1598,1,9,5,1
201301LX51013,2,1,0,10,0,8,0,0,0,0,4,1,6,1,7,-1,-1,-1,4,1
201301LX51015,1,9,0,6,0,0,0,0,0,0,3,1,6,1,6,1956,2,-1,2,1
201301LX51015,2,5,0,13,0,0,0,0,0,0,1,1,6,1,6,998,1,2,-1,-1
201301LX51016,1,9,0,18,0,2,0,0,0,0,3,1,6,2,8,1598,1,13,2,1
201301LX51016,2,9,0,9,0,2,0,0,0,0,1,1,6,2,-1,1397,1,4,-1,-1
201301LX51017,1,9,0,5,0,1,0,0,0,0,1,1,6,1,-1,2143,2,1,-1,-1
201301LX51018,1,9,0,18,0,8,0,0,0,0,4,1,6,1,6,1896,2,10,2,1
201301LX51019,1,9,0,9,0,8,0,0,0,0,3,1,6,1,6,1800,1,17,-1,-1
201301LX51019,2,5,0,13,0,8,0,0,0,0,1,1,6,1,6,999,1,4,2,1
201301LX51020,1,21,0,18,0,1,0,0,0,0,4,1,6,3,-1,-1,-1,-1,-1,-1
201301LX51021,1,4,0,14,0,1,0,0,0,0,1,1,6,1,-1,-1,-1,-1,-1,-1
201301LX51022,1,8,0,18,0,2,0,0,0,0,1,1,6,1,7,2664,2,12,4,1
201301LX51023,1,1,0,17,0,8,0,0,0,0,3,1,6,1,9,-1,-1,-1,8,3
201301LX51023,2,4,0,18,0,8,0,0,0,0,4,1,6,1,-1,-1,-1,-1,-1,-1
201301LX51025,1,9,0,18,0,1,0,0,0,0,4,1,6,1,-1,1984,1,11,2,1
201301LX51026,1,4,0,18,0,8,0,0,0,0,3,1,6,1,8,-1,-1,-1,1,1
201301LX51026,2,9,0,13,0,8,0,0,0,0,4,1,6,3,-1,-1,-1,-1,-1,-1
201301LX51033,1,2,0,18,0,8,0,0,0,0,3,1,1,1,5,49,1,5,4,1
201301LX51033,2,3,0,9,0,8,0,0,0,0,1,1,6,1,6,124,1,13,4,1
201301LX51035,1,9,0,9,0,5,0,0,0,0,3,1,6,2,7,-1,-1,-1,4,1
201301LX51035,2,3,0,13,0,1,0,0,0,0,1,1,6,1,6,124,1,3,3,1
201301LX51036,1,9,0,7,0,8,0,0,0,0,3,1,6,1,6,2199,2,2,2,1
201301LX51036,2,3,0,18,0,8,0,0,0,0,1,1,6,2,6,108,1,-1,8,1
201301LX51037,1,9,0,18,0,1,0,0,0,0,1,1,6,1,10,1242,1,14,5,1
201301LX51038,1,3,0,18,2,1,1,0,0,0,0,1,6,1,6,124,1,11,4,1
201301LX51038,2,9,0,11,2,1,0,0,0,0,0,1,6,3,-1,-1,-1,-1,-1,-1
201301LX51039,1,3,0,12,0,8,0,0,0,0,2,1,6,1,7,125,1,-1,4,1
201301LX51039,2,9,0,18,0,8,0,0,0,0,1,1,6,1,7,2488,1,8,8,1
201301LX51040,1,9,0,2,0,0,0,0,0,0,3,1,6,1,7,3222,2,8,4,1
201301LX51040,2,1,0,18,0,0,0,0,0,0,1,1,6,1,8,-1,-1,-1,2,1
201301LX51041,1,5,0,18,0,8,0,0,0,0,4,1,6,1,7,645,1,13,3,1
201301LX51041,2,9,0,10,0,8,0,0,0,0,1,1,6,1,6,1242,1,9,2,1
201301LX51042,1,9,0,9,0,8,0,0,0,0,3,1,6,2,5,1598,1,-1,6,1
201301LX51042,2,9,0,9,0,8,0,0,0,0,1,1,6,3,-1,-1,-1,-1,-1,-1
201301LX51044,1,5,0,18,0,1,0,0,0,0,1,1,6,1,8,-1,-1,-1,-1,-1
201301LX51045,1,1,0,18,0,1,0,0,0,0,3,1,6,1,8,-1,-1,-1,3,1
201301LX51045,2,19,0,13,0,1,0,0,0,0,4,1,6,3,-1,-1,-1,-1,-1,-1
201301LX51046,1,9,0,18,0,1,0,0,0,0,1,1,6,2,6,1596,1,4,3,1
201301LX51047,1,9,0,18,0,8,0,0,0,0,3,1,6,2,6,1598,1,5,6,1
201301LX51047,2,9,0,18,0,8,0,0,0,0,1,1,6,1,9,1299,1,11,4,1
201301LX51048,1,1,0,16,0,1,0,0,0,0,1,1,6,1,6,-1,-1,-1,3,1
201301LX51050,1,19,0,9,0,8,0,0,0,0,4,1,6,1,8,1995,2,1,1,1
201301LX51050,2,1,0,15,0,8,0,0,0,0,1,1,6,1,7,-1,-1,-1,3,1
201301LX51054,1,1,0,18,0,0,0,0,0,0,1,1,6,1,6,-1,-1,-1,6,1
201301LX51055,1,1,0,18,0,0,0,4,0,0,1,1,6,1,6,-1,-1,-1,-1,-1
201301LX51055,2,9,0,2,0,0,0,0,0,0,2,1,6,3,-1,-1,-1,-1,-1,-1
201301LX51056,1,1,0,18,0,8,0,0,0,0,1,1,6,1,6,-1,-1,-1,3,1
201301LX51056,2,9,0,9,0,8,0,0,0,0,3,1,6,2,-1,-1,-1,-1,-1,-1
201301LX51057,1,9,0,11,0,0,0,0,0,0,4,1,6,2,6,1598,1,6,2,1
201301LX51058,1,9,0,18,0,0,0,0,0,0,1,1,6,1,5,1895,1,13,2,1
201301LX51059,1,9,0,4,0,0,0,0,0,0,2,1,6,1,7,1998,1,8,6,1
201301LX51059,2,9,0,4,0,0,0,0,0,0,2,1,6,1,6,1794,1,8,6,1
201301LX51059,3,9,0,18,0,0,0,0,0,0,1,1,6,1,-1,-1,-1,-1,-1,-1
201301LX51060,1,11,0,7,0,8,0,0,0,0,4,1,1,1,7,-1,-1,-1,2,1
201301LX51060,2,1,0,15,0,8,0,0,0,0,3,1,6,2,6,-1,-1,-1,4,1
201301LX51061,1,8,0,2,0,0,0,0,0,0,2,1,6,1,7,2148,2,4,8,1
201301LX51061,2,1,0,18,0,0,0,4,0,0,1,1,6,1,5,-1,-1,-1,6,1
201301LX51062,1,19,0,18,0,1,0,0,0,0,4,1,6,1,7,-1,-1,-1,10,1
201301LX51064,1,9,0,9,0,1,0,0,0,0,0,1,6,2,9,-1,-1,-1,4,1
201301LX51064,2,1,0,15,0,1,0,0,0,0,3,1,6,1,-1,-1,-1,-1,4,1
201301LX51065,1,9,0,7,0,2,0,0,0,0,1,1,1,1,6,-1,-1,-1,-1,-1
201301LX51066,1,11,0,3,0,0,0,0,0,0,2,1,1,1,8,7300,2,8,5,1
201301LX51066,2,1,0,18,0,0,0,0,0,0,1,1,6,1,5,-1,-1,-1,3,1
201301LX51067,1,9,0,9,0,8,0,0,0,0,3,1,6,1,7,-1,-1,-1,-1,-1
201301LX51067,2,2,0,14,0,8,0,0,0,0,1,1,6,1,6,645,1,13,4,1
201301LX51069,1,9,0,18,0,1,0,0,0,0,3,1,1,1,6,1598,1,1,2,1
201301LX51070,1,9,0,9,0,8,0,0,0,0,1,1,6,1,8,-1,-1,-1,2,1
201301LX51070,2,9,0,9,0,8,0,0,0,0,1,1,6,1,8,1598,1,9,2,1
201301LX51071,1,9,0,3,0,1,0,0,0,0,2,1,6,1,6,1984,1,3,5,1
201301LX51071,2,9,0,18,0,1,0,0,0,0,1,1,6,3,-1,-1,-1,-1,-1,-1
201301LX51074,1,9,0,9,0,8,0,0,0,0,3,1,1,1,5,-1,-1,-1,4,1
201301LX51074,2,1,0,14,0,8,0,0,0,0,1,1,6,1,6,-1,-1,-1,-1,-1
201301LX51076,1,11,0,18,0,1,0,0,0,0,0,1,1,1,8,7300,2,11,-1,-1
201301LX51077,1,1,0,15,2,0,0,0,0,0,4,1,6,1,4,-1,-1,-1,2,1
201301LX51078,1,3,0,18,0,1,0,0,0,0,1,1,6,3,-1,-1,-1,-1,-1,-1
201301LX51079,1,9,0,2,0,0,0,0,0,0,4,1,6,1,-1,1043,1,18,2,1
201301LX51079,2,9,0,1,0,0,0,4,0,0,3,1,6,1,-1,-1,-1,-1,-1,-1
201301LX51082,1,9,0,18,2,2,0,0,0,0,1,1,6,1,-1,1995,1,5,6,1
201301LX51085,1,8,0,9,0,8,0,0,0,0,3,1,6,1,8,1497,8,7,2,1
201301LX51085,2,1,0,18,0,8,0,0,0,0,4,1,6,1,6,-1,-1,-1,2,1
201301LX51086,1,9,0,18,0,0,0,0,0,0,1,1,6,1,7,1600,1,9,-1,-1
201301LX51086,2,9,0,12,0,0,0,0,0,0,0,1,6,3,-1,-1,-1,-1,-1,-1
201301LX51086,3,19,0,3,0,0,0,0,0,0,2,1,6,3,-1,-1,-1,-1,-1,-1
201301LX51088,1,9,0,2,0,2,0,0,0,0,1,1,6,1,6,-1,-1,-1,2,1
201301LX51088,2,1,0,18,0,2,0,0,0,0,1,1,6,1,4,-1,-1,-1,2,1
201301LX51089,1,9,0,18,0,2,0,0,0,0,4,1,6,1,6,1598,1,12,4,1
201301LX51089,2,9,0,18,0,1,0,0,0,0,1,1,6,1,5,1598,1,17,-1,-1
201301LX51090,1,11,0,18,0,8,0,0,0,0,1,1,1,2,8,6700,2,3,5,1
201301LX51090,2,1,0,9,0,8,0,0,0,0,3,1,6,1,5,-1,-1,-1,3,1
201301LX51091,1,9,0,9,0,8,0,0,0,0,1,1,6,2,8,-1,-1,-1,5,1
201301LX51091,2,1,0,18,0,8,0,0,0,0,1,1,6,2,5,-1,-1,-1,3,1
201301LX51092,1,9,0,9,0,1,0,0,0,0,1,1,6,1,9,1598,1,8,6,1
201301LX51093,1,1,0,18,0,8,0,0,0,0,1,1,6,2,6,-1,-1,-1,4,1
201301LX51093,2,9,0,7,0,8,0,0,0,0,4,1,6,3,-1,1124,1,11,-1,-1
201301LX51094,1,9,0,13,0,0,0,0,0,0,4,1,6,2,7,-1,-1,-1,8,1
201301LX51094,2,1,0,14,0,0,0,0,0,0,3,1,6,2,6,-1,-1,-1,-1,-1
201301LX51096,1,11,0,4,0,0,0,0,0,0,0,1,1,1,6,7300,2,7,4,1
201301LX51097,1,9,0,9,0,8,0,0,0,0,1,1,6,1,6,1598,1,2,3,1
201301LX51097,2,1,0,18,0,8,0,0,0,0,3,1,6,2,6,-1,-1,-1,4,1
201301LX51099,1,1,0,17,0,8,0,0,0,0,3,1,6,1,7,-1,-1,-1,10,3
201301LX51099,2,9,0,16,0,8,0,0,0,0,4,1,6,1,-1,2198,1,7,3,1
201301LX51100,1,9,0,12,0,1,0,0,0,0,3,1,6,1,5,1984,1,4,2,1
201301LX51100,2,1,0,18,0,1,0,0,0,0,4,1,6,2,6,-1,-1,-1,-1,-1
201301LX51102,1,5,0,18,0,1,0,0,0,0,4,1,6,1,4,599,1,4,2,1
201301LX51102,2,19,0,5,0,1,0,0,0,0,3,1,6,1,8,1753,2,5,3,1
201301LX51102,3,9,0,2,0,1,0,0,0,0,1,1,6,1,8,-1,-1,-1,-1,-1
201301LX51103,1,11,0,3,0,0,0,0,0,0,2,1,1,1,6,7300,2,8,-1,-1
201301LX51103,2,1,0,18,0,0,0,0,0,0,1,1,6,1,5,-1,-1,-1,4,1
201301LX51104,1,9,0,18,0,0,0,0,0,0,3,1,6,2,7,1242,1,1,-1,-1
201301LX51105,1,9,0,18,0,0,0,0,0,0,3,1,6,2,4,1124,1,6,2,1
201301LX51105,2,9,0,18,0,0,0,0,0,0,3,1,6,1,6,2460,2,9,4,1
201301LX51105,3,19,0,2,0,0,0,0,0,0,4,1,6,3,-1,2151,2,10,-1,-1
201301LX51106,1,1,0,15,0,2,0,0,0,0,1,1,6,2,9,-1,-1,-1,3,1
201301LX51106,2,9,0,3,0,2,0,0,0,0,4,1,6,3,-1,-1,-1,-1,-1,-1
201301LX51107,1,9,0,9,0,8,0,0,0,0,3,1,6,2,7,1389,1,8,4,1
201301LX51107,2,1,0,18,0,8,0,0,0,0,1,1,6,1,8,-1,-1,-1,1,1
201301LX51108,1,11,0,3,0,0,0,0,0,0,0,1,6,1,-1,-1,-1,-1,-1,-1
201301LX51109,1,9,0,11,0,0,0,0,0,0,4,1,6,1,5,-1,-1,-1,2,1
201301LX51109,2,11,0,18,0,0,0,0,0,0,3,1,1,1,9,6700,2,6,3,1
201301LX51110,1,1,0,18,0,1,0,0,0,0,1,1,6,1,6,-1,-1,-1,2,1
201301LX51111,1,11,0,3,0,0,0,0,0,0,0,1,1,1,8,7300,2,8,5,1
201301LX51112,1,9,0,9,0,8,0,0,0,0,1,1,6,1,8,1995,1,10,2,1
201301LX51112,2,9,0,18,0,8,0,0,0,0,3,1,6,1,6,2363,1,11,3,1
201301LX51113,1,21,0,4,0,2,0,0,0,0,1,1,1,1,7,8867,2,5,2,1
201301LX51113,2,11,0,4,0,2,0,0,0,0,2,1,1,1,8,3900,2,10,3,1
201301LX51114,1,9,0,4,0,0,0,0,0,0,1,1,1,1,6,-1,-1,-1,-1,-1
201301LX51114,2,9,0,1,0,0,0,0,0,0,2,1,6,3,-1,-1,-1,-1,-1,-1
201301LX51114,3,19,0,4,0,0,0,0,0,0,1,1,1,1,6,-1,-1,-1,-1,-1
201301LX51115,1,3,0,18,0,0,0,0,0,0,1,1,6,1,5,125,1,1,4,1
201301LX51116,1,19,0,18,0,1,0,0,0,0,1,1,6,3,-1,-1,-1,-1,-1,-1
201301LX51117,1,1,0,15,4,0,0,8,0,0,1,1,6,1,8,-1,-1,-1,2,1
201301LX51117,2,9,0,3,4,0,0,0,0,0,4,1,6,3,-1,-1,-1,-1,-1,-1
201301LX51118,1,9,0,18,0,8,0,0,0,0,4,1,6,2,6,1995,1,3,2,1
201301LX51118,2,9,0,14,0,8,0,0,0,0,1,1,6,1,5,1598,1,6,2,1
201301LX51119,1,9,0,18,0,8,0,0,0,0,4,1,6,1,7,1560,2,5,3,1
201301LX51119,2,8,0,18,0,8,0,0,0,0,1,1,6,1,-1,2664,2,14,2,1
201301LX51120,1,20,0,18,0,2,0,5,0,0,1,1,1,1,-1,5880,2,12,-1,-1
201301LX51121,1,9,0,13,0,2,0,0,0,0,1,1,6,2,8,998,1,9,3,1
201301LX51124,1,11,0,18,0,1,0,0,0,0,1,1,1,1,8,-1,-1,-1,2,1
201301LX51125,1,9,0,1,9,6,0,0,0,0,2,1,6,2,7,1999,1,6,4,1
201301LX51127,1,1,0,18,0,1,0,0,0,0,4,1,6,1,6,-1,-1,-1,2,1
201301LX51127,2,9,0,13,0,1,0,0,0,0,0,1,6,3,-1,-1,-1,-1,-1,-1
201301LX51128,1,4,0,15,0,8,0,0,0,0,1,1,6,1,6,124,1,7,3,1
201301LX51128,2,9,0,9,0,8,0,0,0,0,4,1,6,1,7,-1,-1,-1,7,1
201301LX51129,1,2,0,4,0,0,0,0,0,0,1,1,6,1,7,48,1,3,3,1
201301LX51129,2,9,0,1,0,0,0,0,0,0,2,1,6,1,-1,-1,-1,-1,-1,-1
201301LX51130,1,5,0,18,0,0,0,0,0,0,3,1,6,2,6,599,1,3,3,1
201301LX51130,2,19,0,18,0,0,0,0,0,0,3,1,6,1,7,2151,2,11,4,1
201301LX51131,1,9,0,5,0,1,0,0,0,0,1,1,6,3,-1,1997,2,1,-1,-1
201301LX51132,1,9,0,9,0,8,0,0,0,0,4,1,6,2,5,-1,-1,-1,3,1
201301LX51132,2,1,0,15,0,8,0,0,0,0,1,1,6,1,5,-1,-1,-1,-1,-1
201301LX51133,1,1,0,18,0,1,0,0,0,0,3,1,6,1,7,-1,-1,-1,4,1
201301LX51134,1,9,0,18,0,2,0,0,0,0,1,1,6,1,6,2148,2,9,2,1
201301LX51135,1,8,0,9,0,0,0,0,0,0,3,1,1,1,7,1968,2,8,-1,-1
201301LX51135,2,5,0,14,0,0,0,0,0,0,1,1,6,1,8,-1,-1,-1,4,1
201301LX51136,1,9,0,7,0,8,0,0,0,0,3,1,6,2,7,1596,1,13,3,1
201301LX51136,2,1,0,18,0,8,0,0,0,0,1,1,6,1,8,-1,-1,-1,9,1
201301LX51137,1,9,0,2,0,2,0,0,0,0,3,1,6,2,7,-1,-1,-1,4,1
201301LX51137,2,9,0,18,0,2,0,0,0,0,1,1,6,3,-1,-1,-1,-1,-1,-1
201301LX51138,1,11,0,18,0,0,0,1,0,0,1,1,1,1,9,6700,2,2,2,1
201301LX51138,2,10,0,2,0,0,0,0,0,0,2,1,1,1,7,-1,-1,-1,1,1
201301LX51138,3,9,0,2,0,0,0,0,0,0,2,1,6,2,-1,1364,1,4,2,1
201301LX51140,1,19,0,9,0,8,0,0,0,0,1,1,6,1,9,2198,2,-1,2,1
201301LX51140,2,1,0,18,0,8,0,0,0,0,1,1,6,1,5,-1,-1,-1,4,1
201301LX51141,1,11,0,18,0,2,0,0,0,0,1,1,6,2,-1,-1,-1,-1,-1,-1
201301LX51142,1,9,0,4,0,1,0,0,0,0,2,1,6,1,9,1000,1,-1,10,1
201301LX51142,2,9,0,18,0,1,0,0,0,0,1,1,6,1,7,-1,-1,-1,3,1
201301LX51143,1,8,0,1,0,2,0,0,0,0,2,1,1,1,6,1997,2,2,3,1
201301LX51144,1,9,0,18,0,1,0,0,0,0,1,1,6,1,9,-1,-1,-1,3,1
201301LX51145,1,9,0,9,0,2,0,7,0,0,1,1,6,2,7,-1,-1,-1,2,1
201301LX51146,1,1,0,18,0,8,0,0,0,0,4,1,6,1,5,-1,-1,-1,-1,-1
201301LX51146,2,9,0,7,0,8,0,0,0,0,1,1,6,3,-1,1994,2,10,-1,-1
201301LX51147,1,11,0,4,0,1,0,0,0,0,0,1,1,1,7,4500,2,1,2,1
201301LX51148,1,11,0,4,0,1,0,0,0,0,0,1,1,1,9,4461,2,-1,2,1
201301LX51149,1,3,0,18,2,0,0,0,0,0,3,1,6,1,6,125,1,5,2,1
201301LX51149,2,9,0,13,2,0,0,0,0,0,4,1,6,3,-1,-1,-1,-1,-1,-1
201301LX51150,1,90,0,9,0,8,0,0,0,0,3,1,6,1,6,-1,-1,-1,1,1
201301LX51150,2,5,0,13,0,8,0,0,0,0,1,1,6,1,7,660,1,2,2,1
201301LX51151,1,1,0,18,0,1,0,0,0,0,1,1,6,1,5,-1,-1,-1,3,1
201301LX51151,2,19,0,9,0,5,0,0,0,0,4,1,6,1,8,-1,-1,-1,6,1
201301LX51152,1,9,0,18,0,2,0,0,0,0,1,1,6,1,-1,-1,-1,-1,-1,-1
201301LX51153,1,9,0,1,0,1,0,0,0,0,2,1,6,1,6,1398,1,1,2,1
201301LX51153,2,3,0,3,0,1,0,0,0,0,1,1,1,1,5,107,1,-1,1,1
201301LX51154,1,1,0,15,0,8,0,0,0,0,1,1,6,1,8,-1,-1,-1,2,1
201301LX51154,2,9,0,9,0,8,0,0,0,0,4,1,6,2,9,1390,1,13,4,1
201301LX51155,1,9,0,18,0,8,0,0,0,0,3,1,6,1,7,1686,2,3,4,1
201301LX51155,2,19,0,1,0,8,0,0,0,0,2,1,6,1,7,2148,2,5,2,1
201301LX51156,1,9,0,18,0,1,0,0,0,0,1,1,6,1,10,1390,1,16,4,1
201301LX51157,1,11,0,5,0,0,0,0,0,0,0,1,1,1,5,6692,2,3,2,1
201301LX51158,1,9,0,7,0,8,0,0,0,0,1,1,6,1,9,1896,2,5,1,1
201301LX51158,2,3,0,7,0,8,0,0,0,0,2,1,6,1,7,125,1,7,2,1
201301LX51159,1,11,0,4,0,1,0,0,0,0,0,1,1,1,7,7300,2,11,5,1
201301LX51160,1,9,0,18,0,0,0,0,0,0,1,1,6,3,-1,-1,-1,-1,-1,-1
201301LX51161,1,11,0,4,0,1,0,0,0,0,0,1,1,1,9,7300,2,11,2,1
201301LX51162,1,9,0,9,0,8,0,0,0,0,4,1,6,1,6,1595,1,-1,4,1
201301LX51162,2,9,0,18,0,8,0,0,0,0,1,1,6,1,4,2199,2,2,2,1
201301LX51163,1,9,0,7,0,8,0,0,0,0,4,1,6,2,6,1360,1,9,4,1
201301LX51163,2,9,0,5,0,8,0,0,0,0,1,1,6,1,-1,-1,-1,-1,-1,-1
201301LX51164,1,11,0,5,0,1,0,0,0,0,1,1,1,2,9,-1,-1,-1,3,1
201301LX51164,2,1,0,15,0,1,0,0,0,0,2,1,6,2,5,-1,-1,-1,1,1
201301LX51165,1,9,0,18,0,2,0,0,0,0,1,1,6,3,-1,-1,-1,-1,-1,-1
201301LX51166,1,1,0,17,0,8,0,0,0,0,3,1,6,2,8,-1,-1,-1,4,1
201301LX51166,2,9,0,17,0,8,0,0,0,0,0,1,6,3,-1,-1,-1,-1,-1,-1
201301LX51167,1,9,0,18,0,0,0,0,0,0,1,1,6,1,8,1493,1,18,5,1
201301LX51167,2,9,0,3,0,0,0,0,0,0,2,1,6,1,-1,3996,1,15,2,1
201301LX51167,3,9,0,3,0,0,0,0,0,0,2,1,6,3,-1,-1,-1,-1,-1,-1
201301LX51168,1,9,0,9,0,8,0,0,0,0,1,1,6,1,8,1598,1,4,3,1
201301LX51168,2,1,0,18,0,8,0,0,0,0,1,1,6,2,7,-1,-1,-1,2,1
201301LX51170,1,9,0,9,0,8,0,0,0,0,4,1,6,1,6,1598,1,9,4,1
201301LX51170,2,5,0,18,0,8,0,0,0,0,1,1,6,1,6,999,1,-1,4,1
201301LX51171,1,3,0,14,0,1,0,0,0,0,1,1,6,1,8,-1,-1,-1,-1,-1
201301LX51172,1,11,0,18,0,0,0,0,0,0,0,1,1,1,9,8300,2,7,4,1
201301LX51173,1,9,0,18,0,0,0,4,0,0,1,1,6,2,6,-1,-1,-1,-1,-1
201301LX51173,2,19,0,2,0,0,0,0,0,0,2,1,6,3,-1,2148,2,4,-1,-1
201301LX51174,1,9,0,18,0,0,0,0,0,0,1,1,6,1,9,1229,1,3,6,1
201301LX51175,1,9,0,16,0,8,0,0,0,0,4,1,6,1,6,2148,2,5,4,1
201301LX51175,2,9,0,16,0,8,0,0,0,0,3,1,6,1,-1,1995,2,6,-1,-1
201301LX51176,1,9,0,10,0,8,0,0,0,0,1,1,6,2,7,1598,1,9,4,1
201301LX51176,2,9,0,15,0,8,0,0,0,0,3,1,6,1,6,-1,-1,-1,3,1
201301LX51176,3,9,0,11,0,8,0,0,0,0,4,1,6,1,11,-1,-1,-1,4,1
201301LX51177,1,3,0,18,0,2,0,0,0,0,1,1,6,1,4,-1,-1,-1,2,1
201301LX51178,1,9,0,3,0,8,0,0,0,0,2,1,6,1,9,1796,1,6,6,1
201301LX51178,2,9,0,18,0,8,0,0,0,0,1,1,6,1,7,2967,2,1,3,1
201301LX51179,1,1,0,17,0,1,0,0,0,0,3,1,6,1,6,-1,-1,-1,4,1
201301LX51179,2,8,0,17,0,1,0,0,0,0,4,1,6,1,11,2664,2,16,4,1
201301LX51180,1,19,0,18,0,0,0,0,0,0,4,1,6,1,7,1896,2,7,4,1
201301LX51180,2,90,0,2,3,0,0,0,0,0,3,1,6,3,-1,-1,-1,-1,-1,-1
201301LX51181,1,11,0,4,0,0,0,0,0,0,4,1,1,1,7,-1,-1,-1,2,1
201301LX51181,2,1,0,15,0,0,0,0,0,0,3,1,6,1,8,-1,-1,-1,8,1
201301LX51182,1,9,0,9,0,8,0,0,0,0,1,1,6,1,7,1797,8,2,3,1
201301LX51182,2,9,0,18,0,8,0,0,0,0,1,1,6,1,7,-1,-1,-1,3,1