Accident_Index,Vehicle_Reference,Vehicle_Type,Towing_and_Articulation,Vehicle_Manoeuvre,Vehicle_Location-Restricted_Lane,Junction_Location,Skidding_and_Overturning,Hit_Object_in_Carriageway,Vehicle_Leaving_Carriageway,Hit_Object_off_Carriageway,1st_Point_of_Impact,Was_Vehicle_Left_Hand_Drive?,Journey_Purpose_of_Driver,Sex_of_Driver,Age_Band_of_Driver,Engine_Capacity_(CC),Propulsion_Code,Age_of_Vehicle,Driver_IMD_Decile,Driver_Home_Area_Type
201301LX51183,1,9,0,9,0,8,0,0,0,0,0,1,6,1,7,1749,1,12,-1,-1
201301LX51183,2,3,0,15,0,8,0,0,0,0,4,1,6,1,6,124,1,4,4,1
201301LX51184,1,9,0,6,0,8,0,0,0,0,3,1,6,1,-1,1598,2,-1,1,1
201301LX51184,2,1,0,13,0,8,0,0,0,0,1,1,6,1,6,-1,-1,-1,3,1
201301LX51185,1,9,0,9,0,2,0,0,0,0,1,1,6,1,7,1240,1,9,2,1
201301LX51186,1,1,0,18,0,8,0,0,0,0,1,1,6,1,7,-1,-1,-1,1,1
201301LX51186,2,9,0,9,0,8,0,0,0,0,1,1,6,1,7,-1,-1,-1,2,1
201301LX51187,1,9,0,18,0,2,0,0,0,0,1,1,6,3,-1,-1,-1,-1,-1,-1
201301LX51188,1,1,0,16,0,0,0,0,0,0,1,1,6,1,7,-1,-1,-1,2,1
201301LX51188,2,9,0,17,0,0,0,0,0,0,1,1,6,1,-1,1796,1,6,-1,-1
201301LX51189,1,9,0,18,0,0,0,0,0,0,3,1,6,1,9,1781,1,6,6,1
201301LX51189,2,3,0,18,0,0,0,0,0,0,3,1,6,1,6,124,1,4,7,1
201301LX51190,1,5,0,9,0,2,0,0,0,0,1,1,6,1,6,-1,-1,-1,4,1
201301LX51192,1,11,0,18,0,1,0,0,0,0,0,1,1,3,-1,6700,2,3,-1,-1
201301LX51194,1,9,0,6,0,0,0,0,0,0,1,1,6,1,7,1396,1,9,4,1
201301LX51194,2,5,0,18,0,0,0,0,0,0,3,1,6,1,7,-1,-1,-1,3,1
201301LX51195,1,1,0,18,0,1,0,0,0,0,0,1,6,1,9,-1,-1,-1,4,1
201301LX51196,1,9,0,3,0,1,0,0,0,0,1,1,6,1,6,1498,1,1,5,1
201301LX51196,2,9,0,4,0,1,0,0,0,0,2,1,6,1,7,1910,2,5,4,1
201301LX51197,1,9,0,5,0,0,0,0,0,0,1,1,6,2,10,3456,8,4,2,1
201301LX51198,1,9,0,18,0,1,0,0,0,0,1,1,6,1,-1,-1,-1,-1,-1,-1
201301LX51200,1,9,0,18,0,0,0,0,0,0,4,1,6,2,6,-1,-1,-1,3,1
201301LX51201,1,9,0,18,0,1,0,0,0,0,1,1,6,1,5,1600,1,9,5,1
201301LX51202,1,1,0,18,0,8,0,0,0,0,4,1,6,1,9,-1,-1,-1,3,1
201301LX51202,2,9,0,9,0,8,0,0,0,0,1,1,6,1,-1,-1,-1,-1,-1,-1
201301LX51203,1,4,0,18,0,8,0,0,0,0,3,1,6,1,7,530,1,-1,4,1
201301LX51203,2,9,0,9,0,8,0,0,0,0,1,1,6,1,8,2401,2,11,3,1
201301LX51204,1,9,0,1,0,8,0,0,0,0,2,1,6,2,7,1798,1,3,4,1
201301LX51204,2,1,0,18,0,8,0,0,0,0,4,1,6,2,2,-1,-1,-1,4,1
201301LX51205,1,9,0,9,0,8,0,0,0,0,4,1,6,2,8,1895,1,15,-1,-1
201301LX51205,2,5,0,15,0,8,0,0,0,0,1,1,6,1,6,600,1,-1,2,1
201301LX51206,1,9,0,18,0,0,0,0,0,0,1,1,6,2,-1,1587,1,10,5,1
201301LX51207,1,11,0,5,0,0,0,0,0,0,4,1,1,1,-1,-1,-1,-1,-1,-1
201301LX51208,1,9,0,18,0,0,0,0,0,0,1,1,6,1,7,1995,2,-1,3,1
201301LX51208,2,9,0,5,0,0,0,0,0,0,1,1,6,2,7,-1,-1,-1,3,1
201301LX51209,1,9,0,18,0,1,0,0,0,0,3,1,6,1,-1,-1,-1,-1,-1,-1
201301LX51210,1,9,0,18,0,1,0,0,0,0,1,1,6,2,6,1242,1,12,3,1
201301LX51211,1,21,0,7,0,8,0,0,0,0,2,1,1,1,6,-1,-1,-1,6,1
201301LX51211,2,11,0,18,0,8,0,0,0,0,1,1,1,1,7,-1,2,13,2,1
201301LX51213,1,9,0,18,0,2,0,0,0,0,1,1,6,1,8,1796,1,2,7,1
201301LX51214,1,11,0,18,0,0,0,0,0,0,1,1,1,1,7,9200,2,8,4,1
201301LX51215,1,4,0,18,0,0,0,0,0,0,1,1,6,1,5,124,1,9,3,1
201301LX51217,1,9,0,9,0,8,0,0,0,0,4,2,6,1,7,-1,-1,-1,-1,-1
201301LX51217,2,1,0,17,0,8,0,0,0,0,1,1,6,1,6,-1,-1,-1,3,1
201301LX51218,1,9,0,18,0,8,0,0,0,0,3,1,6,1,7,1910,2,4,3,1
201301LX51218,2,3,0,18,0,8,0,0,0,0,1,1,6,1,7,-1,-1,-1,2,1
201301LX51219,1,19,0,5,0,1,0,0,0,0,3,1,6,1,7,2402,2,10,8,1
201301LX51219,2,20,0,5,0,1,0,0,0,0,4,1,6,1,8,12900,2,6,10,1
201301LX51219,3,4,0,15,0,1,0,0,0,0,3,1,6,1,5,487,1,6,2,1
201301LX51220,1,11,0,18,2,0,0,0,0,0,1,1,1,1,6,4462,2,2,4,1
201301LX51220,2,1,0,18,2,0,0,0,0,0,1,1,6,2,7,-1,-1,-1,5,1
201301LX51221,1,9,0,2,0,2,0,0,0,0,3,1,6,1,6,1560,2,3,10,1
201301LX51221,2,1,0,14,0,2,0,0,0,0,1,1,6,1,7,-1,-1,-1,2,1
201301LX51221,3,1,0,14,0,2,0,0,0,0,1,1,6,1,6,-1,-1,-1,2,1
201301LX51222,1,9,0,9,0,8,0,0,0,0,4,1,6,1,8,1992,2,5,4,1
201301LX51222,2,1,0,15,0,8,0,0,0,0,1,1,6,2,6,-1,-1,-1,4,1
201301LX51223,1,11,0,4,0,0,0,0,0,0,0,1,1,3,-1,7300,2,11,-1,-1
201301LX51224,1,19,0,9,0,8,0,0,0,0,0,1,6,1,8,2496,2,13,1,1
201301LX51224,2,3,0,18,0,8,0,0,0,0,0,1,6,1,4,125,1,5,2,1
201301LX51225,1,1,0,3,0,2,0,0,0,0,3,1,6,1,5,-1,-1,-1,4,1
201301LX51225,2,19,0,7,0,2,0,10,0,0,3,1,6,1,-1,-1,-1,-1,-1,-1
201301LX51227,1,9,0,18,0,8,0,0,0,0,1,1,6,2,6,2000,2,3,4,1
201301LX51227,2,3,0,9,0,8,0,0,0,0,1,1,1,1,6,125,1,9,1,1
201301LX51228,1,3,0,18,0,8,0,0,0,0,1,1,6,1,-1,124,1,9,9,1
201301LX51228,2,9,0,9,0,8,0,0,0,0,4,1,6,1,9,2400,2,5,8,1
201301LX51230,1,9,0,18,0,1,0,0,0,0,1,1,6,2,-1,-1,-1,-1,-1,-1
201301LX51231,1,9,0,9,0,8,0,0,0,0,3,1,6,1,9,2198,1,11,2,1
201301LX51231,2,1,0,14,0,8,0,0,0,0,1,1,6,1,7,-1,-1,-1,5,1
201301LX51233,1,9,0,9,0,8,0,0,0,0,1,1,6,1,4,1199,1,10,2,1
201301LX51233,2,3,0,4,0,8,0,0,0,0,1,1,6,1,8,599,1,3,10,1
201301LX51234,1,11,0,18,0,0,0,0,0,0,0,1,1,1,9,-1,2,12,2,1
201301LX51238,1,9,0,7,0,8,0,0,0,0,4,1,6,2,6,1360,1,7,4,1
201301LX51238,2,1,0,15,0,8,0,0,0,0,1,1,6,1,6,-1,-1,-1,9,1
201301LX51239,1,1,0,1,0,1,0,0,0,0,2,1,6,1,7,-1,-1,-1,3,1
201301LX51239,2,9,0,18,0,1,0,0,0,0,1,1,6,3,-1,-1,-1,-1,-1,-1
201301LX51240,1,1,0,18,0,8,0,0,0,0,4,1,6,1,6,-1,-1,-1,-1,-1
201301LX51240,2,3,0,7,0,8,0,0,0,0,3,1,6,1,-1,-1,-1,-1,-1,-1
201301LX51241,1,1,0,18,0,8,0,0,0,0,1,1,6,2,7,-1,-1,-1,3,1
201301LX51241,2,9,0,9,0,8,0,0,0,0,4,1,6,1,6,999,1,5,3,1
201301LX51244,1,9,0,6,0,8,0,0,0,0,4,1,6,1,8,1994,2,5,10,1
201301LX51244,2,3,0,18,0,8,0,0,0,0,1,1,6,1,5,124,1,-1,3,1
201301LX51245,1,1,0,18,0,8,0,0,0,0,1,1,6,1,7,-1,-1,-1,4,1
201301LX51245,2,9,0,9,0,8,0,0,0,0,1,1,6,1,-1,1948,1,12,5,1
201301LX51246,1,9,0,9,0,8,0,0,0,0,4,1,6,1,8,2685,2,9,3,1
201301LX51246,2,1,0,15,0,8,0,0,0,0,1,1,6,1,6,-1,-1,-1,-1,-1
201301LX51247,1,9,0,1,0,0,0,0,0,0,2,1,6,2,6,1364,1,7,-1,-1
201301LX51248,1,4,0,18,0,0,0,0,0,0,1,1,6,1,6,399,1,-1,2,1
201301LX51248,2,9,0,6,0,0,0,0,0,0,3,1,6,1,-1,1598,2,2,6,1
201301LX51249,1,9,0,9,0,8,0,0,0,0,3,1,6,1,8,1968,2,1,3,1
201301LX51249,2,4,0,13,0,8,0,0,0,0,4,1,6,1,6,244,1,5,8,1
201301LX51250,1,1,0,18,0,8,0,0,0,0,1,1,6,1,7,-1,-1,-1,5,1
201301LX51250,2,19,0,9,0,8,0,0,0,0,4,1,6,1,7,1686,2,6,6,1
201301LX51251,1,9,0,18,0,8,0,0,0,0,4,1,6,1,6,2979,1,1,4,1
201301LX51251,2,1,0,18,0,8,0,0,0,0,1,1,6,2,6,-1,-1,-1,4,1
201301LX51252,1,9,0,18,0,0,0,0,0,0,1,1,6,1,6,-1,-1,-1,2,1
201301LX51253,1,9,0,9,0,8,0,0,0,0,1,1,6,2,7,1753,2,12,4,1
201301LX51253,2,1,0,18,0,8,0,0,0,0,1,1,6,1,6,-1,-1,-1,5,1
201301LX51254,1,9,0,18,0,0,0,0,0,0,4,1,6,1,10,1390,1,4,10,1
201301LX51255,1,9,0,9,0,1,0,0,0,0,1,1,6,1,7,1995,2,6,4,1
201301LX51255,2,19,0,10,0,1,0,0,0,0,2,1,6,1,4,2198,2,6,2,1
201301LX51257,1,1,0,18,0,1,0,0,0,0,1,1,6,1,3,-1,-1,-1,6,1
201301LX51257,2,20,0,9,0,1,0,0,0,0,2,1,6,1,-1,-1,-1,-1,5,1
201301LX51259,1,9,0,4,0,1,0,0,0,0,1,1,6,1,5,1895,1,13,1,1
201301LX51259,2,9,0,4,0,1,0,0,0,0,2,1,6,2,5,-1,-1,-1,2,1
201301LX51260,1,11,0,4,0,0,0,0,0,0,0,1,1,1,6,6370,2,4,2,1
201301LX51261,1,19,0,7,0,8,0,0,0,0,4,1,1,1,8,2402,2,9,4,1
201301LX51261,2,5,0,15,0,8,0,0,0,0,1,1,6,1,7,670,1,1,7,1
201301LX51262,1,3,0,18,0,8,0,0,0,0,4,1,6,1,5,125,1,9,3,1
201301LX51262,2,9,0,9,0,8,0,0,0,0,1,1,6,1,8,1596,1,2,3,1
201301LX51263,1,11,0,7,0,5,0,0,0,0,0,1,1,1,7,7300,2,10,-1,-1
201301LX51264,1,9,0,5,0,1,0,0,0,0,3,2,6,1,6,-1,-1,-1,3,1
201301LX51264,2,9,0,18,0,1,0,0,0,0,4,1,6,1,6,2979,1,9,4,1
201301LX51265,1,9,0,9,0,8,0,0,0,0,1,1,6,1,5,1242,1,5,6,1
201301LX51265,2,1,0,15,0,8,0,0,0,0,1,1,6,1,7,-1,-1,-1,7,1
201301LX51266,1,3,0,14,0,8,0,0,0,0,1,1,6,1,6,125,1,2,3,1
201301LX51266,2,1,0,9,0,8,0,0,0,0,1,1,6,2,6,-1,-1,-1,4,1
201301LX51267,1,9,0,18,0,8,0,0,0,0,3,1,6,1,5,998,1,1,4,1
201301LX51267,2,9,0,18,0,8,0,0,0,0,1,1,6,1,6,-1,-1,-1,3,1
201301LX51268,1,8,0,3,0,0,0,0,0,0,4,1,1,1,7,2143,2,-1,4,1
201301LX51269,1,9,0,18,0,1,0,0,0,0,1,1,6,1,-1,1796,1,9,-1,-1
201301LX51270,1,1,0,18,0,0,0,0,0,0,2,1,6,1,6,-1,-1,-1,2,1
201301LX51270,2,9,0,18,0,0,0,0,0,0,1,1,6,3,-1,-1,-1,-1,-1,-1
201301LX51271,1,9,0,9,0,0,0,0,0,0,1,1,1,1,6,1896,2,6,2,1
201301LX51272,1,9,0,18,0,8,0,0,0,0,1,1,6,2,9,1329,1,1,4,1
201301LX51272,2,9,0,7,0,8,0,0,0,0,1,1,6,3,-1,1997,1,16,-1,-1
201301LX51273,1,1,0,18,0,2,0,8,0,0,1,1,6,2,6,-1,-1,-1,6,1
201301LX51273,2,9,0,2,0,2,0,0,0,0,3,1,6,1,6,1299,1,13,3,1
201301LX51274,1,9,0,18,0,0,0,0,0,0,1,1,6,2,6,1598,1,7,4,1
201301LX51276,1,19,0,18,0,8,0,0,0,0,1,1,6,1,9,1598,2,1,-1,-1
201301LX51276,2,9,0,18,0,8,0,0,0,0,4,1,6,1,6,1798,8,-1,2,1
201301LX51277,1,9,0,9,0,8,0,0,0,0,4,1,6,1,6,-1,-1,-1,1,1
201301LX51277,2,2,0,15,0,8,0,0,0,0,1,1,6,1,9,49,1,-1,6,1
201301LX51278,1,4,0,18,0,8,0,0,0,0,3,1,6,1,7,-1,-1,-1,-1,-1
201301LX51278,2,9,0,9,0,8,0,0,0,0,1,1,6,3,-1,-1,-1,-1,-1,-1
201301LX51280,1,19,0,4,0,2,0,0,0,0,2,1,6,1,9,2497,2,4,5,1
201301LX51280,2,3,0,4,0,2,0,0,0,0,1,1,6,1,6,125,1,-1,-1,-1
201301LX51281,1,5,0,14,0,0,0,0,0,0,4,1,6,1,7,883,1,3,3,1
201301LX51281,2,19,0,12,0,0,0,0,0,0,3,1,1,1,8,-1,-1,-1,2,1
201301LX51283,1,9,0,18,0,8,0,0,0,0,1,1,6,1,9,1598,1,11,2,1
201301LX51283,2,9,0,2,0,8,0,0,0,0,3,1,6,1,8,-1,-1,-1,-1,-1
201301LX51283,3,9,0,18,0,1,0,4,0,0,1,1,6,1,6,-1,-1,-1,-1,-1
201301LX51284,1,5,0,4,0,0,0,0,0,0,1,1,1,1,-1,-1,-1,-1,-1,-1
201301LX51284,2,5,0,3,0,0,0,0,0,0,2,1,1,1,-1,-1,-1,-1,-1,-1
201301LX51287,1,9,0,9,0,8,5,0,0,0,4,1,6,2,8,1598,1,1,8,1
201301LX51288,1,9,0,18,0,0,0,0,0,0,0,1,6,2,6,-1,-1,-1,3,1
201301LX51288,2,1,0,18,0,0,0,0,0,0,1,1,6,1,-1,-1,-1,-1,4,1
201301LX51289,1,11,0,18,0,1,0,0,0,0,4,1,1,1,8,-1,-1,-1,2,1
201301LX51290,1,19,0,4,0,8,0,0,0,0,2,1,6,1,7,-1,-1,-1,3,1
201301LX51290,2,1,0,18,0,8,0,0,0,0,1,1,6,1,5,-1,-1,-1,2,1
201301LX51292,1,2,0,4,0,8,0,0,0,0,2,1,6,1,6,124,1,10,5,1
201301LX51292,2,19,0,18,0,8,0,0,0,0,1,1,6,1,8,1896,2,8,3,1
201301LX51293,1,5,0,18,0,8,0,0,0,0,0,1,6,1,6,559,1,13,4,1
201301LX51294,1,8,0,9,0,2,0,0,0,0,1,1,1,1,9,2143,2,-1,9,1
201301LX51295,1,5,0,3,0,1,0,0,0,0,2,1,6,1,7,645,1,4,9,2
201301LX51295,2,3,0,18,0,1,0,0,0,0,1,1,6,1,7,-1,-1,-1,9,1
201301LX51296,1,1,0,18,0,8,0,0,0,0,4,1,6,1,7,-1,-1,-1,10,1
201301LX51296,2,19,0,18,0,8,0,0,0,0,1,1,6,1,-1,1686,2,4,-1,-1
201301LX51297,1,19,0,18,0,0,0,10,1,0,1,1,6,3,-1,-1,-1,-1,-1,-1
201301LX51298,1,9,0,18,0,8,0,0,0,0,1,1,6,1,7,-1,-1,-1,2,1
201301LX51298,2,3,0,9,0,8,0,0,0,0,2,1,6,1,6,125,1,9,-1,-1
201301LX51299,1,1,0,18,0,8,0,0,0,0,1,1,6,1,6,-1,-1,-1,3,1
201301LX51299,2,19,0,9,0,8,0,0,0,0,3,1,6,3,-1,-1,-1,-1,-1,-1
201301LX51300,1,9,0,18,0,8,0,0,0,0,1,1,6,1,8,998,1,17,4,1
201301LX51300,2,9,0,7,0,8,0,0,0,0,3,1,6,1,10,1299,1,11,4,1
201301LX51301,1,3,0,18,0,0,0,0,0,0,1,1,6,1,5,125,1,4,5,1
201301LX51301,2,9,0,6,0,0,0,0,0,0,3,1,6,1,7,1796,1,6,2,1
201301LX51303,1,9,0,9,0,8,0,0,0,0,3,1,6,1,9,1591,1,6,3,1
201301LX51303,2,2,0,18,0,8,0,0,0,0,3,1,6,1,8,124,1,7,4,1
201301LX51304,1,9,0,9,0,2,0,0,0,0,4,1,6,1,8,-1,-1,-1,3,1
201301LX51305,1,8,0,9,4,6,0,0,0,0,3,1,1,1,8,1794,1,7,1,1
201301LX51305,2,1,0,18,4,1,0,0,0,0,1,1,6,1,6,-1,-1,-1,8,1
201301LX51306,1,8,0,15,0,8,0,0,0,0,3,1,6,1,8,2664,2,15,10,1
201301LX51306,2,4,0,15,0,8,0,0,0,0,4,1,6,1,5,125,1,5,1,1
201301LX51307,1,9,0,9,0,8,0,0,0,0,3,1,6,2,6,1390,1,9,1,1
201301LX51307,2,1,0,18,0,8,0,0,0,0,0,1,6,1,8,-1,-1,-1,3,1
201301LX51308,1,2,0,18,0,8,0,0,0,0,3,1,6,2,7,124,1,1,-1,-1
201301LX51309,1,9,0,18,0,8,0,0,0,0,1,1,6,2,9,1796,1,1,2,1
201301LX51310,1,3,0,18,0,8,1,0,0,0,1,1,6,1,5,125,1,4,4,1
201301LX51310,2,9,0,9,0,8,0,0,0,0,4,1,6,1,-1,-1,-1,-1,-1,-1
201301LX51311,1,1,0,15,0,8,0,0,0,0,3,1,6,1,4,-1,-1,-1,3,1
201301LX51311,2,9,0,15,0,8,0,0,0,0,4,1,6,1,-1,-1,-1,-1,-1,-1
201301LX51312,1,9,0,18,0,0,0,0,0,0,0,1,6,1,8,2685,2,9,5,1
201301LX51313,1,9,0,9,0,8,0,0,0,0,3,1,6,1,5,1149,1,8,5,1
201301LX51313,2,5,0,13,0,8,0,0,0,0,4,1,6,1,8,-1,-1,-1,3,1
201301LX51314,1,9,0,18,0,8,0,0,0,0,1,1,6,1,6,2499,1,5,-1,-1
201301LX51316,1,9,0,3,0,1,0,0,0,0,1,1,6,1,7,1998,1,9,4,1
201301LX51316,2,9,0,1,0,1,0,0,0,0,2,1,6,1,-1,1998,1,11,-1,-1
201301LX51317,1,1,0,18,0,1,0,0,0,0,3,1,6,2,4,-1,-1,-1,3,1
201301LX51317,2,9,0,13,0,1,0,0,0,0,4,1,6,1,-1,1461,2,1,-1,-1
201301LX51318,1,3,0,18,0,8,0,0,0,0,1,1,6,1,5,125,1,-1,3,1
201301LX51318,2,9,0,9,0,8,0,0,0,0,3,1,6,2,8,2148,2,8,2,1
201301LX51319,1,9,0,4,0,0,0,0,0,0,1,1,6,1,5,1598,1,-1,4,1
201301LX51319,2,9,0,4,0,0,0,0,0,0,2,1,6,2,8,1598,1,-1,4,1
201301LX51321,1,9,0,7,0,8,0,0,0,0,4,1,6,2,9,1390,1,-1,2,1
201301LX51321,2,1,0,18,0,8,0,0,0,0,3,1,6,1,7,-1,-1,-1,3,1
201301LX51322,1,9,0,18,0,8,0,0,0,0,1,1,6,2,7,1796,1,7,-1,-1
201301LX51322,2,9,0,18,0,8,0,0,0,0,1,1,6,2,8,1991,2,9,-1,-1
201301LX51322,3,9,0,18,0,8,0,0,0,0,3,1,6,1,-1,1461,2,7,-1,-1
201301LX51323,1,11,0,3,0,0,0,0,0,0,4,1,1,1,8,7300,2,10,2,1
201301LX51325,1,9,0,18,0,0,0,0,0,0,3,1,6,1,5,1242,1,5,9,1
201301LX51325,2,3,0,13,0,0,0,0,0,0,4,1,6,1,6,125,1,6,2,1
201301LX51327,1,9,0,18,0,0,0,0,0,0,1,1,6,3,-1,-1,-1,-1,-1,-1
201301LX51328,1,9,0,2,0,0,0,0,0,0,1,1,6,2,6,1598,1,9,4,1
201301LX51328,2,9,0,1,0,0,0,0,0,0,2,1,6,1,-1,1798,1,6,-1,-1
201301LX51329,1,3,0,14,0,8,0,0,0,0,1,1,6,1,6,-1,-1,-1,-1,-1
201301LX51329,2,9,0,9,0,8,0,0,0,0,1,1,6,1,5,-1,-1,-1,4,1
201301LX51330,1,9,0,9,0,8,0,0,0,0,1,1,6,1,6,-1,-1,-1,4,1
201301LX51330,2,4,0,18,0,8,0,0,0,0,1,1,6,1,7,244,1,6,6,1
201301LX51331,1,3,0,18,0,8,0,0,0,0,3,1,6,2,8,-1,-1,-1,3,1
201301LX51331,2,9,0,7,0,8,0,0,0,0,4,1,6,1,7,1275,1,19,4,1
201301LX51333,1,3,0,18,0,0,0,0,0,0,0,1,1,1,6,125,1,3,3,1
201301LX51334,1,11,0,4,0,2,0,0,0,0,0,1,1,1,6,4462,2,8,-1,-1
201301LX51335,1,9,0,9,0,8,0,0,0,0,4,1,6,1,6,1560,2,6,-1,-1
201301LX51335,2,3,0,18,0,8,0,0,0,0,1,1,6,1,7,125,1,1,5,1
201301LX51337,1,9,0,18,0,8,0,0,0,0,1,1,6,2,7,1796,1,5,4,1
201301LX51337,2,9,0,9,0,8,0,0,0,0,2,1,6,2,9,-1,-1,-1,4,1
201301LX51338,1,3,0,18,0,0,0,0,0,0,1,1,6,1,7,125,1,-1,5,1
201301LX51339,1,9,0,4,0,1,0,0,0,0,2,1,6,1,8,1108,1,11,-1,-1
201301LX51339,2,1,0,4,0,1,0,0,0,0,1,1,6,1,6,-1,-1,-1,3,1
201301LX51340,1,9,0,7,2,5,0,0,0,0,4,1,6,1,7,1461,2,5,2,1
201301LX51340,2,3,0,15,4,1,0,0,0,0,3,1,6,1,6,249,1,5,-1,-1
201301LX51341,1,9,0,18,0,8,0,0,0,0,1,1,6,3,-1,2987,2,-1,-1,-1
201301LX51342,1,9,0,18,0,8,0,0,0,0,1,1,6,1,7,1198,1,7,4,1
201301LX51342,2,9,0,9,0,8,0,0,0,0,1,1,6,2,6,1360,1,15,4,1
201301LX51343,1,19,0,1,0,0,0,0,0,0,2,1,1,1,8,-1,-1,-1,3,1
201301LX51344,1,9,0,4,0,1,0,0,0,0,1,1,6,1,6,2148,2,9,3,1
201301LX51344,2,9,0,4,0,1,0,0,0,0,2,1,6,2,8,1998,1,11,5,1
201301LX51344,3,9,0,3,0,1,0,0,0,0,2,1,6,3,-1,-1,-1,-1,-1,-1
201301LX51345,1,9,0,18,0,0,0,0,0,0,1,1,6,1,8,1988,1,12,7,1
201301LX51346,1,11,0,18,0,2,0,10,1,4,1,1,1,1,6,-1,-1,-1,6,1
201301LX51346,2,9,0,9,0,2,0,0,0,0,0,1,6,1,6,2148,2,6,6,1
201301LX51348,1,8,0,4,0,2,0,0,0,0,0,1,6,1,-1,-1,-1,-1,-1,-1
201301LX51349,1,2,0,14,0,8,0,0,0,0,4,1,6,1,7,125,1,-1,2,1
201301LX51349,2,9,0,9,0,8,0,0,0,0,1,1,6,2,8,1390,1,16,5,1
201301LX51351,1,19,0,7,0,2,0,0,0,0,4,1,6,1,6,2402,2,2,6,1
201301LX51352,1,9,0,18,0,0,0,0,0,0,3,1,6,1,6,1956,2,4,2,1
201301LX51354,1,9,0,9,0,8,0,0,0,0,3,1,6,1,7,1390,1,9,7,1
201301LX51354,2,9,0,18,0,8,0,0,0,0,1,1,6,2,8,-1,-1,-1,7,1
201301LX51355,1,9,0,18,0,8,0,0,0,0,1,1,6,1,6,1198,1,-1,3,1
201301LX51356,1,9,0,9,0,5,0,0,0,0,3,1,6,1,7,1896,2,12,6,3
201301LX51356,2,5,0,13,0,8,0,0,0,0,1,1,6,1,8,652,1,1,6,1
201301LX51357,1,9,0,18,0,1,0,10,1,1,1,1,6,2,6,-1,-1,-1,1,1
201301LX51358,1,9,0,18,0,1,0,0,0,0,1,1,6,1,6,1999,1,9,2,1
201301LX51359,1,9,0,5,0,1,0,0,0,0,1,1,6,3,-1,-1,-1,-1,-1,-1
201301LX51361,1,9,0,18,0,1,0,0,0,0,1,1,6,1,9,2982,2,6,3,1
201301LX51361,2,3,0,18,0,2,0,0,0,0,1,1,6,1,5,-1,-1,-1,-1,-1
201301LX51363,1,8,0,18,0,2,0,0,0,0,1,1,6,1,7,2499,2,7,3,1
201301LX51365,1,19,0,18,0,1,0,0,0,0,1,1,6,3,-1,-1,-1,-1,-1,-1
201301LX51365,2,9,0,4,0,1,0,0,0,0,2,1,6,2,6,1596,1,4,3,1
201301LX51365,3,9,0,4,0,1,0,0,0,0,2,1,6,1,6,1998,1,8,-1,-1
201301LX51365,4,9,0,3,0,1,0,0,0,0,2,1,6,1,6,1896,2,17,2,1
201301LX51366,1,9,0,9,0,2,0,0,0,0,1,1,6,1,4,1397,1,12,-1,-1
201301LX51368,1,9,0,18,0,1,0,0,0,0,1,1,1,1,-1,1595,1,2,2,1
201301LX51369,1,9,0,18,0,1,0,0,0,0,4,1,6,2,6,1397,1,4,3,1
201301LX51370,1,4,0,10,0,1,0,0,0,0,1,1,6,1,-1,124,1,13,5,1
201301LX51370,2,9,0,7,0,1,0,0,0,0,3,1,6,1,6,1596,1,9,4,1
201301LX51371,1,4,0,13,0,2,0,0,0,0,1,1,6,1,6,125,1,4,3,1
201301LX51371,2,1,0,6,0,2,0,0,0,0,3,1,6,2,9,-1,-1,-1,-1,-1
201301LX51372,1,9,0,18,0,2,0,0,0,0,1,1,6,1,5,1248,1,1,5,1
201301LX51372,2,9,0,6,0,2,0,0,0,0,3,1,1,1,6,1598,1,9,2,1
201301LX51373,1,9,0,7,0,2,0,0,0,0,3,1,6,2,7,1984,1,6,5,1
201301LX51373,2,9,0,7,0,2,0,10,0,0,3,1,6,1,6,1995,1,7,5,1
201301LX51373,3,9,0,9,0,2,0,0,7,10,2,1,6,3,-1,2993,2,3,-1,-1
201301LX51373,4,19,0,3,0,1,0,0,0,0,2,1,1,1,5,1870,2,10,-1,-1
201301LX51374,1,9,0,9,0,5,0,0,0,0,1,1,6,2,6,1598,1,2,2,1
201301LX51374,2,1,0,15,0,1,0,0,0,0,1,1,6,1,6,-1,-1,-1,3,1
201301LX51376,1,8,0,9,0,2,0,0,0,0,1,1,1,1,5,1896,2,8,1,1
201301LX51378,1,9,0,3,0,1,0,0,0,0,3,1,6,1,6,1798,1,15,6,1
201301LX51378,2,9,0,9,0,1,0,0,0,0,4,1,6,3,-1,1997,2,5,-1,-1
201301LX51380,1,9,0,18,0,0,0,0,0,0,1,1,1,1,6,1339,8,7,3,1
201301LX51384,1,3,0,13,0,8,0,0,0,0,4,1,6,1,6,-1,-1,-1,5,1
201301LX51384,2,9,0,9,0,8,0,0,0,0,3,1,6,1,9,1796,1,10,3,1
201301LX51386,1,11,0,18,0,2,0,0,0,0,1,1,1,1,8,6700,2,4,7,1
201301LX51392,1,1,0,4,0,8,0,0,0,0,0,1,6,1,6,-1,-1,-1,4,1
201301LX51392,2,9,0,4,0,8,0,0,0,0,0,1,6,3,-1,-1,-1,-1,-1,-1
201301LX51395,1,11,0,3,0,0,0,0,0,0,2,1,1,1,8,6700,2,6,5,1
201301LX51395,2,11,0,5,0,0,0,0,0,0,1,1,1,1,8,4461,2,-1,5,1
201301LX51410,1,9,0,18,0,0,0,0,0,0,4,1,6,1,6,-1,-1,-1,4,1
201301LX51410,2,3,0,15,0,0,0,0,0,0,3,1,6,1,5,125,1,-1,3,1
201301LX59003,1,1,0,15,0,1,0,0,0,0,1,1,6,1,7,-1,-1,-1,2,1
201301LX59003,2,9,0,3,0,1,0,0,0,0,4,1,6,3,-1,-1,-1,-1,-1,-1
201301LX59013,1,9,0,18,0,8,0,0,0,0,1,1,6,1,8,-1,-1,-1,3,1
201301LX59013,2,9,0,9,0,8,0,0,0,0,1,1,6,1,5,1360,1,7,4,1
201301LX59066,1,9,0,6,0,0,0,0,0,0,3,1,6,2,6,1360,1,11,4,1
201301LX59066,2,3,0,18,0,0,0,0,0,0,1,1,6,1,5,-1,-1,-1,4,1