Accident_Index,Vehicle_Reference,Vehicle_Type,Towing_and_Articulation,Vehicle_Manoeuvre,Vehicle_Location-Restricted_Lane,Junction_Location,Skidding_and_Overturning,Hit_Object_in_Carriageway,Vehicle_Leaving_Carriageway,Hit_Object_off_Carriageway,1st_Point_of_Impact,Was_Vehicle_Left_Hand_Drive?,Journey_Purpose_of_Driver,Sex_of_Driver,Age_Band_of_Driver,Engine_Capacity_(CC),Propulsion_Code,Age_of_Vehicle,Driver_IMD_Decile,Driver_Home_Area_Type
201301MM70398,1,9,0,9,0,8,0,0,0,0,0,1,6,2,8,1598,1,7,3,1
201301MM70398,2,3,0,18,0,1,1,0,0,0,3,1,1,1,4,125,1,9,6,1
201301MM70399,1,9,0,5,0,1,0,0,0,0,3,1,6,1,8,-1,-1,-1,3,1
201301MM70399,2,1,0,18,0,8,0,0,0,0,1,1,6,1,-1,-1,-1,-1,1,1
201301MM70400,1,90,4,13,0,8,0,0,0,0,4,1,1,1,-1,-1,-1,-1,-1,-1
201301MM70400,2,1,0,18,0,8,0,0,0,0,3,1,6,1,5,-1,-1,-1,2,1
201301MM70401,1,3,0,4,0,8,0,0,0,0,0,1,6,1,8,-1,-1,-1,5,1
201301MM70401,2,8,0,6,0,8,0,0,0,0,0,1,1,1,6,2499,2,4,1,1
201301MM70402,1,1,0,18,0,1,0,10,1,0,1,1,2,1,8,-1,-1,-1,5,1
201301MM70404,1,11,0,2,0,0,0,0,0,0,0,1,1,1,6,-1,-1,-1,2,1
201301MM70405,1,9,0,18,0,8,0,0,0,0,1,1,6,1,6,1984,1,12,3,1
201301MM70405,2,1,0,18,0,8,0,0,0,0,3,1,6,1,6,-1,-1,-1,2,1
201301MM70406,1,9,0,18,0,8,0,0,0,0,3,1,3,2,6,1582,2,6,5,1
201301MM70406,2,9,0,9,0,8,0,0,0,0,1,1,1,1,7,1497,8,7,3,1
201301MM70408,1,9,0,18,0,0,0,4,0,0,1,1,6,2,5,998,1,7,5,1
201301MM70408,2,9,0,2,0,0,0,0,0,0,2,1,6,3,-1,1527,2,17,-1,-1
201301MM70409,1,9,0,9,0,8,0,0,0,0,4,1,6,1,6,1560,2,5,2,1
201301MM70409,2,8,0,18,0,8,0,0,0,0,1,1,1,1,7,2402,2,7,7,1
201301MM70410,1,1,0,15,4,1,0,8,0,0,1,1,2,1,7,-1,-1,-1,5,1
201301MM70410,2,9,0,3,0,1,0,0,0,0,4,1,6,1,-1,1997,2,6,5,1
201301MM70412,1,9,0,9,0,8,0,0,0,0,4,1,6,1,6,1998,1,9,2,1
201301MM70412,2,9,0,18,0,8,0,0,0,0,1,1,6,2,6,-1,-1,-1,3,1
201301MM70413,1,9,0,9,0,8,0,0,0,0,3,1,6,2,6,1896,2,9,2,1
201301MM70413,2,4,0,18,0,8,0,0,0,0,1,1,2,1,6,599,1,8,5,1
201301MM70414,1,3,0,3,0,8,0,0,0,0,2,1,6,1,8,125,1,6,4,1
201301MM70414,2,9,0,18,0,8,0,0,0,0,1,1,6,1,7,1242,1,13,2,1
201301MM70415,1,9,0,4,0,0,0,0,0,0,2,1,1,2,9,1587,1,7,5,1
201301MM70415,2,1,0,18,0,0,0,0,0,0,1,1,6,1,5,-1,-1,-1,10,1
201301MM70416,1,4,0,14,0,0,0,0,0,0,1,1,6,1,6,-1,-1,-1,3,1
201301MM70417,1,21,0,13,0,1,0,0,0,0,4,1,1,1,6,-1,-1,-1,-1,-1
201301MM70417,2,1,0,18,0,1,0,0,0,0,3,1,6,2,8,-1,-1,-1,1,1
201301MM70418,1,11,0,18,0,0,0,0,0,0,0,1,1,1,9,7300,2,8,6,1
201301MM70420,1,9,0,18,0,2,0,0,0,0,1,1,6,1,6,1594,1,12,4,1
201301MM70420,2,19,0,3,0,2,0,0,0,0,2,1,6,1,6,2198,2,1,2,1
201301MM70422,1,9,0,18,0,1,0,0,0,0,2,1,6,1,7,1595,1,8,-1,-1
201301MM70422,2,9,0,12,0,1,0,0,0,0,1,1,6,2,-1,-1,-1,-1,-1,-1
201301MM70424,1,9,0,9,0,8,0,0,0,0,4,1,6,1,10,-1,-1,-1,4,1
201301MM70424,2,4,0,18,0,8,0,0,0,0,1,1,1,1,5,125,1,4,3,1
201301MM70425,1,9,0,18,0,1,0,0,0,0,1,1,6,2,6,1598,2,1,7,1
201301MM70426,1,9,0,18,0,1,0,0,0,0,1,1,6,3,-1,1389,1,11,-1,-1
201301MM70427,1,9,0,18,0,0,0,10,2,7,1,1,6,2,5,1360,1,12,2,1
201301MM70428,1,8,0,3,0,1,0,0,0,0,4,1,6,1,7,1388,1,2,2,1
201301MM70428,2,1,0,15,0,1,0,8,0,0,1,1,6,1,7,-1,-1,-1,9,2
201301MM70429,1,9,0,18,0,1,0,0,0,0,1,1,6,3,-1,-1,-1,-1,-1,-1
201301MM70429,2,1,0,18,2,1,0,0,1,0,2,1,2,1,6,-1,-1,-1,3,1
201301MM70430,1,19,0,18,0,0,0,0,0,0,1,1,1,1,6,1868,2,9,5,1
201301MM70430,2,1,0,18,0,0,0,0,0,0,2,1,6,1,7,-1,-1,-1,5,1
201301MM70431,1,9,0,18,0,0,0,8,0,0,4,1,6,1,6,-1,-1,-1,1,1
201301MM70431,2,9,0,2,0,0,0,0,0,0,4,1,6,2,5,2000,1,4,6,1
201301MM70432,1,9,0,3,0,2,0,0,0,0,2,1,1,2,6,1995,1,6,-1,-1
201301MM70432,2,9,0,18,0,2,0,0,0,0,1,1,6,1,7,1900,2,8,-1,-1
201301MM70432,3,9,0,18,0,2,0,0,0,0,1,1,6,1,6,1598,1,7,3,1
201301MM70433,1,3,0,9,0,8,0,0,0,0,2,1,1,1,5,125,1,7,1,1
201301MM70433,2,8,0,9,0,8,0,0,0,0,1,1,1,1,8,-1,-1,-1,3,1
201301MM70434,1,1,0,18,0,1,0,0,0,0,1,1,2,1,6,-1,-1,-1,3,1
201301MM70434,2,9,0,9,0,6,0,0,0,0,3,1,6,2,5,1598,1,7,2,1
201301MM70435,1,8,0,18,0,8,0,0,0,0,1,1,1,1,8,2402,2,9,-1,-1
201301MM70435,2,19,0,18,0,8,0,0,0,0,1,1,6,1,5,1968,2,1,-1,-1
201301MM70436,1,9,0,18,0,2,0,0,0,0,1,1,6,1,7,1781,1,11,3,1
201301MM70437,1,19,0,3,0,1,0,0,0,0,2,1,1,1,7,1870,2,11,6,1
201301MM70437,2,9,0,18,0,1,0,0,0,0,1,1,6,1,8,1998,1,14,3,1
201301MM70437,3,9,0,18,0,1,0,0,0,0,1,1,6,1,5,1686,2,8,-1,-1
201301MM70438,1,1,0,18,0,2,0,8,0,0,1,1,6,1,6,-1,-1,-1,4,1
201301MM70438,2,9,0,2,0,2,0,0,0,0,3,1,6,3,-1,-1,-1,-1,-1,-1
201301MM70439,1,9,0,7,0,8,0,0,0,0,4,1,6,1,9,-1,-1,-1,4,1
201301MM70439,2,1,0,17,0,8,0,0,0,0,3,1,6,1,9,-1,-1,-1,2,1
201301MM70440,1,9,0,9,0,8,0,0,0,0,4,1,6,2,5,1124,1,13,10,1
201301MM70440,2,9,0,18,0,8,0,0,0,0,1,1,1,1,6,1997,2,4,4,1
201301MM70441,1,9,0,9,0,8,0,0,0,0,4,1,6,2,7,1198,1,8,-1,-1
201301MM70441,2,1,0,18,0,8,0,0,0,0,1,1,6,2,5,-1,-1,-1,4,1
201301MM70442,1,20,0,5,0,1,0,0,0,0,1,1,6,3,-1,-1,-1,-1,-1,-1
201301MM70444,1,9,0,10,0,8,0,0,0,0,2,1,6,2,9,1339,1,1,5,2
201301MM70444,2,9,0,3,0,8,0,0,0,0,2,1,6,1,6,1686,2,1,2,1
201301MM70444,3,9,0,18,0,8,0,0,0,0,1,1,6,2,7,3498,1,4,8,1
201301MM70446,1,9,0,11,0,0,0,0,0,0,4,1,6,2,5,1799,1,6,2,1
201301MM70446,2,4,0,18,0,0,0,0,0,0,3,1,6,2,7,656,1,5,1,1
201301MM70447,1,9,0,18,0,1,0,0,0,0,1,1,6,1,6,1781,1,10,-1,-1
201301MM70447,2,9,0,9,0,1,0,0,0,0,2,1,6,1,5,1995,2,1,6,1
201301MM70448,1,3,0,4,0,2,1,0,0,0,4,1,6,1,4,125,1,5,2,1
201301MM70448,2,11,0,3,0,2,0,0,0,0,3,1,1,1,9,6700,2,2,2,1
201301MM70448,3,19,0,3,0,2,0,0,0,0,4,1,1,1,9,2494,2,6,8,1
201301MM70449,1,9,0,7,0,5,0,0,0,0,2,1,6,3,-1,-1,-1,-1,-1,-1
201301MM70449,2,1,0,18,0,1,0,0,0,0,2,1,6,2,6,-1,-1,-1,2,1
201301MM70449,3,9,0,18,0,1,0,0,0,0,1,1,6,3,-1,-1,-1,-1,-1,-1
201301MM70450,1,1,0,18,9,1,0,10,1,2,1,1,2,1,6,-1,-1,-1,2,1
201301MM70451,1,9,0,18,0,1,0,0,0,0,1,1,1,1,7,1984,1,6,2,1
201301MM70451,2,1,0,18,0,6,0,0,0,0,3,1,6,1,7,-1,-1,-1,2,1
201301MM70452,1,5,0,5,0,8,0,0,0,0,3,1,6,1,8,1215,1,1,4,1
201301MM70452,2,1,0,9,0,8,0,0,0,0,1,1,6,1,6,-1,-1,-1,2,1
201301MM70453,1,9,0,13,0,1,0,0,0,0,4,1,6,2,6,1995,2,1,2,1
201301MM70453,2,1,0,18,4,1,0,0,0,0,3,1,6,2,6,-1,-1,-1,-1,-1
201301MM70454,1,9,0,5,0,1,0,0,0,0,1,1,6,2,7,1339,1,5,2,1
201301MM70455,1,8,0,18,0,2,0,0,0,0,1,1,6,1,10,2499,2,2,8,1
201301MM70456,1,1,0,18,0,1,0,0,0,0,3,1,6,1,6,-1,-1,-1,3,1
201301MM70456,2,9,0,18,0,1,0,0,0,0,4,1,6,3,-1,-1,-1,-1,-1,-1
201301MM70457,1,9,0,9,0,1,0,0,0,0,1,1,6,1,10,2435,1,16,2,1
201301MM70458,1,9,0,14,0,0,0,0,0,0,1,1,6,1,6,998,1,1,1,1
201301MM70459,1,9,0,2,0,2,0,0,0,0,3,1,6,3,-1,-1,-1,-1,-1,-1
201301MM70459,2,1,0,18,0,2,0,0,0,0,1,1,6,2,6,-1,-1,-1,3,1
201301MM70460,1,9,0,18,0,1,0,0,0,0,4,1,6,1,-1,-1,-1,-1,6,1
201301MM70460,2,1,0,18,0,1,0,0,0,0,3,1,2,1,6,-1,-1,-1,5,1
201301MM70462,1,1,0,18,0,0,0,0,0,0,0,1,6,2,7,-1,-1,-1,2,1
201301MM70462,2,9,0,2,0,0,0,0,0,0,0,1,6,1,-1,2979,1,12,-1,-1
201301MM70464,1,9,0,18,0,0,0,10,1,2,1,1,6,1,7,1390,1,12,5,1
201301MM70465,1,9,0,4,0,8,0,0,0,0,2,1,6,1,7,2197,1,16,3,1
201301MM70465,2,1,0,18,0,8,0,0,0,0,1,1,6,1,6,-1,-1,-1,2,1
201301MM70466,1,1,0,9,0,8,0,0,0,0,3,1,6,2,10,-1,-1,-1,6,1
201301MM70466,2,1,0,18,0,8,0,0,0,0,1,1,6,3,-1,-1,-1,-1,-1,-1
201301MM70467,1,1,0,18,0,1,0,0,0,0,3,1,6,1,8,-1,-1,-1,3,1
201301MM70467,2,9,0,7,0,5,0,0,0,0,4,1,6,3,-1,-1,-1,-1,-1,-1
201301MM70468,1,1,0,14,0,0,0,8,0,0,1,1,6,2,10,-1,-1,-1,5,1
201301MM70468,2,9,0,2,0,0,0,0,0,0,3,1,6,2,-1,1590,1,8,2,1
201301MM70469,1,3,0,18,0,8,0,0,0,0,4,1,6,2,7,124,1,10,4,1
201301MM70469,2,9,0,7,0,8,0,0,0,0,1,1,6,1,-1,-1,-1,-1,6,1
201301MM70470,1,8,0,3,0,1,0,0,0,0,2,1,1,1,8,2499,2,3,9,1
201301MM70470,2,1,0,18,0,1,0,0,0,0,1,1,6,1,-1,-1,-1,-1,-1,-1
201301MM70473,1,9,0,18,0,8,0,0,0,0,1,1,6,1,9,2398,1,15,3,1
201301MM70473,2,9,0,9,0,8,0,0,0,0,3,1,6,2,6,1587,1,11,3,1
201301MM70474,1,19,0,9,0,0,0,0,0,0,3,1,6,1,6,2151,2,8,4,1
201301MM70474,2,3,0,13,0,0,0,0,0,0,1,1,6,1,5,125,1,7,3,1
201301MM70475,1,11,0,18,0,8,0,0,0,0,0,1,1,1,9,7300,2,9,4,1
201301MM70476,1,19,0,18,0,0,0,0,0,0,1,1,6,1,7,2148,2,4,5,3
201301MM70477,1,9,0,4,0,1,0,0,0,0,2,1,6,2,5,1149,1,10,6,1
201301MM70477,2,9,0,4,0,1,0,0,0,0,1,1,6,1,7,1999,1,8,5,1
201301MM70478,1,9,0,3,0,8,0,0,0,0,2,1,6,1,7,1968,2,6,2,1
201301MM70478,2,9,0,18,0,8,0,0,0,0,1,1,6,1,6,1896,2,8,3,1
201301MM70479,1,9,0,9,0,8,0,0,0,0,1,1,6,1,6,1984,1,10,7,1
201301MM70479,2,1,0,18,0,8,0,0,0,0,1,1,6,1,6,-1,-1,-1,1,1
201301MM70482,1,9,0,18,0,8,0,0,0,0,1,1,6,1,6,1796,1,8,4,1
201301MM70482,2,3,0,9,0,8,0,0,0,0,4,1,6,1,5,125,1,4,1,1
201301MM70483,1,19,0,9,0,6,0,0,0,0,3,1,1,1,7,2402,2,3,3,1
201301MM70483,2,1,0,18,0,1,0,0,0,0,1,1,6,2,9,-1,-1,-1,2,1
201301MM70484,1,9,0,18,0,8,0,0,0,0,4,1,6,2,4,1360,1,11,2,1
201301MM70484,2,9,0,18,0,8,0,0,0,0,1,1,6,1,6,1995,2,6,4,1
201301MM70485,1,19,0,9,0,8,0,0,0,0,1,1,6,1,6,1753,2,7,10,1
201301MM70485,2,1,0,18,0,8,0,0,0,0,1,1,6,1,6,-1,-1,-1,-1,-1
201301MM70486,1,9,0,17,0,8,0,0,0,0,4,1,6,2,9,1604,1,5,2,1
201301MM70486,2,9,0,2,0,8,0,0,0,0,3,1,6,1,8,1999,1,7,8,1
201301MM70487,1,1,0,7,0,2,0,0,0,0,2,1,6,1,6,-1,-1,-1,1,1
201301MM70487,2,9,0,7,0,2,0,0,0,0,1,1,6,3,-1,-1,-1,-1,-1,-1
201301MM70488,1,9,0,18,0,0,0,10,7,0,1,1,1,2,6,1242,1,4,10,1
201301MM70489,1,9,0,9,0,5,0,0,0,0,1,1,6,1,6,1591,1,1,3,1
201301MM70489,2,1,0,9,0,5,0,0,0,0,2,1,6,1,6,-1,-1,-1,2,1
201301MM70490,1,11,0,18,0,8,0,0,0,0,0,1,1,1,8,6700,2,2,4,1
201301MM70491,1,9,0,3,0,1,0,0,0,0,2,1,1,1,7,1910,2,6,1,1
201301MM70491,2,9,0,18,0,1,0,0,0,0,1,1,6,3,-1,-1,-1,-1,-1,-1
201301MM70492,1,9,0,3,0,1,0,0,0,0,2,1,6,1,8,973,1,15,2,1
201301MM70492,2,9,0,18,0,1,0,0,0,0,1,1,6,1,-1,1596,1,11,5,1
201301MM70493,1,9,0,18,0,1,0,0,0,0,1,1,6,2,7,1360,1,6,5,1
201301MM70494,1,9,0,18,0,8,5,0,0,0,1,1,6,2,7,1598,1,1,1,1
201301MM70494,2,9,0,18,0,8,0,0,0,0,1,1,6,1,7,1198,1,9,-1,-1
201301MM70495,1,9,0,9,0,1,0,0,0,0,1,1,6,2,6,1997,2,10,3,1
201301MM70496,1,9,0,18,0,8,0,0,0,0,3,1,6,1,6,1995,1,5,3,1
201301MM70496,2,9,0,12,0,8,0,0,0,0,4,1,6,2,-1,1689,2,12,-1,-1
201301MM70497,1,1,0,18,0,2,0,0,0,0,3,1,2,1,6,-1,-1,-1,-1,-1
201301MM70497,2,9,0,13,0,2,0,0,0,0,4,1,6,1,-1,1797,8,3,2,1
201301MM70498,1,9,0,18,0,8,0,0,0,0,3,1,6,1,7,-1,-1,-1,3,1
201301MM70498,2,9,0,1,0,8,0,0,0,0,1,1,6,1,-1,-1,-1,-1,-1,-1
201301MM70499,1,4,0,18,2,1,0,0,0,0,3,1,6,1,7,125,1,-1,2,1
201301MM70499,2,9,0,18,0,1,0,0,0,0,4,1,6,1,9,1598,1,9,5,3
201301MM70500,1,9,0,7,0,5,0,0,0,0,1,1,6,1,6,1900,2,14,2,1
201301MM70501,1,9,0,18,0,8,0,0,0,0,1,1,6,1,5,1242,1,9,6,1
201301MM70502,1,9,4,18,0,1,0,0,0,0,3,1,6,3,-1,-1,-1,-1,-1,-1
201301MM70502,2,2,0,3,0,1,0,0,0,0,4,1,6,1,6,124,1,6,7,1
201301MM70503,1,9,0,11,0,1,0,0,0,0,4,1,6,1,7,-1,-1,-1,2,1
201301MM70503,2,9,0,18,0,1,0,0,0,0,1,1,6,1,7,-1,-1,-1,7,1
201301MM70504,1,11,0,4,0,0,0,0,0,0,0,1,1,1,8,7300,2,11,3,1
201301MM70505,1,1,0,15,0,8,0,4,0,0,1,1,6,1,8,-1,-1,-1,-1,-1
201301MM70505,2,9,0,2,0,8,0,0,0,0,4,1,6,3,-1,-1,-1,-1,-1,-1
201301MM70506,1,3,0,18,0,8,0,0,0,0,1,1,6,1,8,85,1,16,3,1
201301MM70507,1,9,0,18,0,8,5,0,0,0,4,1,6,1,9,1986,2,6,9,1
201301MM70507,2,9,0,2,0,8,0,0,0,0,2,1,6,3,7,1998,1,10,-1,-1
201301MM70507,3,9,0,2,0,8,0,0,0,0,2,1,6,3,-1,-1,-1,-1,-1,-1
201301MM70508,1,19,0,18,0,0,0,0,0,0,1,1,1,1,9,2198,2,5,2,1
201301MM70508,2,1,0,18,0,0,0,0,0,0,2,1,6,1,8,-1,-1,-1,-1,-1
201301MM70509,1,9,0,2,0,2,0,0,0,0,3,1,6,2,7,4701,1,14,3,1
201301MM70509,2,1,0,14,0,2,0,0,0,0,1,1,6,2,6,-1,-1,-1,2,1
201301MM70511,1,11,0,4,0,2,0,0,0,0,0,1,1,1,6,7300,2,8,4,1
201301MM70512,1,1,0,18,0,0,0,0,0,0,1,1,6,1,6,-1,-1,-1,3,1
201301MM70512,2,9,0,2,0,0,0,0,0,0,2,1,6,1,9,1560,2,5,2,1
201301MM70513,1,9,0,4,0,8,0,0,0,0,2,1,6,2,7,1984,1,3,2,1
201301MM70513,2,9,0,18,0,8,0,0,0,0,1,1,6,3,-1,-1,-1,-1,-1,-1
201301MM70514,1,9,0,18,0,8,0,0,0,0,2,1,6,1,7,2995,1,10,6,1
201301MM70514,2,3,0,18,0,8,0,0,0,0,1,1,6,1,6,102,1,9,5,1
201301MM70515,1,9,0,2,0,2,0,0,0,0,2,1,6,1,6,1497,8,7,7,1
201301MM70515,2,3,0,9,0,2,0,0,0,0,1,1,6,1,6,109,1,1,4,1
201301MM70516,1,11,0,18,0,1,0,0,0,0,2,1,1,1,7,-1,-1,-1,5,1
201301MM70516,2,9,0,18,0,1,0,0,0,0,1,1,6,3,-1,1984,1,1,-1,-1
201301MM70517,1,11,0,18,0,2,0,0,0,0,1,1,1,2,7,8300,2,7,2,1
201301MM70518,1,19,0,9,0,8,0,0,0,0,4,1,1,1,8,11705,2,5,-1,-1
201301MM70518,2,1,0,18,0,8,0,0,0,0,1,1,6,1,6,-1,-1,-1,-1,-1
201301MM70520,1,9,0,7,0,8,0,0,0,0,4,1,6,1,6,1598,2,2,-1,-1
201301MM70520,2,1,0,18,0,8,0,0,0,0,1,1,6,2,5,-1,-1,-1,-1,-1
201301MM70521,1,9,0,18,0,8,0,0,0,0,1,1,6,1,10,-1,-1,-1,3,1
201301MM70521,2,9,0,18,0,8,0,0,0,0,2,1,6,1,8,1598,1,6,3,1
201301MM70522,1,21,0,9,0,8,0,0,0,0,4,1,6,3,-1,-1,-1,-1,-1,-1
201301MM70522,2,1,0,18,0,8,0,0,0,0,1,1,6,1,5,-1,-1,-1,-1,-1
201301MM70523,1,9,0,18,0,8,0,0,0,0,1,1,6,1,6,-1,-1,-1,4,1
201301MM70524,1,9,0,18,0,8,0,0,0,0,4,1,6,2,6,1198,1,7,5,1
201301MM70524,2,9,0,18,0,8,0,0,0,0,1,1,6,1,7,-1,-1,-1,-1,-1
201301MM70525,1,11,0,17,0,8,0,0,0,0,1,1,6,1,8,9360,2,2,2,1
201301MM70525,2,5,0,16,0,8,0,0,0,0,1,1,6,1,8,748,1,8,10,1
201301MM70526,1,9,0,18,0,1,0,10,7,4,1,1,6,2,5,1229,1,8,-1,-1
201301MM70527,1,9,0,18,0,8,0,0,0,0,1,1,6,1,10,1997,2,15,2,1
201301MM70527,2,9,0,18,0,8,0,0,0,0,3,1,1,1,8,1896,2,4,-1,-1
201301MM70529,1,5,0,10,0,8,0,0,0,0,2,1,6,1,8,675,1,3,9,1
201301MM70529,2,5,0,18,0,8,0,0,0,0,1,1,6,1,-1,656,1,2,3,1
201301MM70530,1,9,0,4,0,8,0,0,0,0,1,1,6,1,10,1590,1,13,1,1
201301MM70530,2,8,0,4,0,8,0,0,0,0,2,1,1,1,7,1794,1,10,3,1
201301MM70531,1,9,0,3,0,8,0,0,0,0,2,2,6,1,7,-1,-1,-1,2,1
201301MM70531,2,9,0,18,0,8,0,0,0,0,1,1,6,1,7,1968,2,3,3,1
201301MM70532,1,11,0,5,0,0,0,0,0,0,0,1,6,1,8,-1,-1,-1,-1,-1
201301MM70534,1,11,0,18,0,8,0,0,0,0,0,1,1,1,8,-1,-1,-1,2,1
201301MM70535,1,1,0,18,0,8,0,0,0,0,1,1,6,1,7,-1,-1,-1,4,1
201301MM70535,2,8,0,9,0,8,0,0,0,0,3,1,6,3,-1,-1,-1,-1,-1,-1
201301MM70537,1,5,0,18,0,8,0,0,0,0,1,1,6,1,10,659,1,17,2,1
201301MM70537,2,9,0,9,0,8,0,0,0,0,1,1,6,1,10,1587,1,9,2,1
201301MM70538,1,9,0,9,0,8,0,0,0,0,3,1,6,1,7,2204,2,9,4,1
201301MM70538,2,3,0,18,0,8,0,0,0,0,4,1,6,1,8,-1,-1,-1,5,1
201301MM70539,1,9,0,18,0,8,0,0,0,0,3,1,6,1,8,2993,2,4,6,2
201301MM70539,2,9,0,18,0,8,0,0,0,0,1,1,6,1,8,2494,1,13,3,1
201301MM70540,1,9,0,18,0,0,0,0,0,0,1,1,6,1,9,1389,1,18,2,1
201301MM70542,1,9,0,2,0,8,0,0,0,0,2,1,1,1,-1,-1,-1,-1,-1,-1
201301MM70542,2,1,0,18,3,8,0,0,0,0,1,1,6,1,6,-1,-1,-1,3,1
201301MM70543,1,11,0,15,0,8,0,0,0,0,3,1,1,1,7,4500,2,2,3,1
201301MM70543,2,21,0,7,0,8,0,0,0,0,4,1,1,1,7,12130,2,10,3,1
201301MM70546,1,9,0,9,0,8,0,0,0,0,3,1,6,2,8,1896,2,6,5,1
201301MM70546,2,5,0,13,0,8,0,0,0,0,1,1,6,1,6,1052,1,15,4,1
201301MM70547,1,1,0,18,0,8,0,0,0,0,4,1,6,1,7,-1,-1,-1,2,1
201301MM70547,2,9,0,9,0,8,0,0,0,0,1,1,6,3,-1,-1,-1,-1,-1,-1
201301MM70548,1,9,0,11,0,1,0,0,0,0,4,1,6,2,5,1587,1,8,-1,-1
201301MM70548,2,3,0,18,0,1,0,0,0,0,3,1,6,2,6,125,1,3,-1,-1
201301MM70549,1,1,0,13,0,8,0,0,0,0,1,1,6,1,6,-1,-1,-1,1,1
201301MM70549,2,9,0,9,0,8,0,0,0,0,3,1,6,1,8,1997,2,-1,5,1
201301MM70550,1,3,0,14,0,8,0,0,0,0,1,1,6,1,6,-1,-1,-1,3,1
201301MM70550,2,9,0,9,0,8,0,0,0,0,4,1,6,3,-1,1149,1,5,-1,-1
201301MM70553,1,3,0,13,0,0,0,0,0,0,4,1,6,1,7,125,1,7,2,1
201301MM70553,2,9,0,5,0,0,0,0,0,0,3,1,6,1,6,2496,1,11,8,1
201301MM70554,1,5,0,18,0,2,0,0,0,0,1,1,6,1,7,649,1,4,5,1
201301MM70554,2,1,0,12,0,2,0,0,0,0,2,1,6,1,4,-1,-1,-1,4,1
201301MM70555,1,9,0,8,0,1,0,0,0,0,4,1,6,1,6,998,1,3,-1,-1
201301MM70555,2,9,0,7,0,1,0,10,2,7,4,1,6,2,9,1896,2,10,3,1
201301MM70557,1,9,0,3,0,2,0,0,0,0,2,1,6,2,8,-1,-1,-1,2,1
201301MM70557,2,9,0,18,0,2,0,0,0,0,1,1,6,1,-1,1390,1,3,-1,-1
201301MM70558,1,3,0,18,0,8,0,0,0,0,1,1,6,1,7,125,1,1,2,1
201301MM70558,2,19,0,18,0,8,0,0,0,0,1,1,6,1,-1,-1,-1,-1,-1,-1
201301MM70559,1,11,0,7,0,8,0,0,0,0,1,1,1,1,8,7300,2,10,6,1
201301MM70559,2,9,0,11,0,8,0,0,0,0,2,1,6,1,9,2777,2,4,-1,-1
201301MM70560,1,9,0,18,0,8,0,0,0,0,3,1,6,1,9,1992,2,8,8,1
201301MM70560,2,3,0,13,0,8,0,0,0,0,1,1,6,2,6,124,1,5,2,1
201301MM70561,1,1,0,7,0,8,0,0,0,0,1,1,6,1,6,-1,-1,-1,4,1
201301MM70561,2,9,0,18,0,8,0,0,0,0,4,1,6,1,8,1896,2,5,5,1
201301MM70562,1,9,0,16,0,1,0,0,0,0,3,1,6,1,7,1797,8,3,3,1
201301MM70562,2,9,0,16,0,1,0,0,0,0,4,1,6,1,-1,1229,1,-1,-1,-1
201301MM70564,1,1,0,18,0,8,0,0,0,0,4,1,6,1,6,-1,-1,-1,6,1
201301MM70564,2,9,0,9,0,8,0,0,0,0,3,1,6,3,-1,-1,-1,-1,-1,-1
201301MM70565,1,3,0,11,0,2,0,0,0,0,4,1,6,1,6,-1,-1,-1,3,1
201301MM70565,2,1,0,18,0,2,0,0,0,0,3,1,6,2,7,-1,-1,-1,-1,-1
201301MM70567,1,9,0,3,0,0,0,0,0,0,2,1,6,2,5,1600,1,2,5,1
201301MM70567,2,9,0,18,0,0,0,0,0,0,1,1,6,1,-1,-1,-1,-1,2,1
201301MM70568,1,9,0,9,0,8,0,0,0,0,1,1,2,1,7,1595,1,4,3,1
201301MM70568,2,1,0,18,0,8,0,0,0,0,3,1,2,1,7,-1,-1,-1,5,1
201301MM70569,1,9,0,9,0,2,0,0,0,0,1,1,6,1,5,1360,1,8,5,1
201301MM70570,1,9,0,3,0,1,0,0,0,0,2,1,6,1,5,-1,-1,-1,8,1
201301MM70570,2,9,0,3,0,1,0,0,0,0,2,1,6,2,8,1984,1,5,4,1
201301MM70570,3,9,0,18,0,1,0,0,0,0,1,1,6,1,5,-1,-1,-1,3,1
201301MM70571,1,9,0,18,0,8,0,0,0,0,1,1,6,1,-1,1390,1,6,5,1
201301MM70571,2,1,0,18,0,8,0,0,0,0,3,1,6,2,3,-1,-1,-1,-1,-1
201301MM70572,1,9,0,7,0,2,0,0,0,0,4,1,6,1,6,1995,1,6,5,1
201301MM70573,1,3,0,18,0,8,0,0,0,0,1,1,6,1,6,125,1,4,3,1
201301MM70573,2,9,0,9,0,8,0,0,0,0,4,1,6,1,6,-1,-1,-1,9,1
201301MM70574,1,9,0,4,0,0,0,0,0,0,2,1,6,2,6,-1,-1,-1,8,2
201301MM70574,2,9,0,18,0,0,0,0,0,0,1,1,6,1,-1,2993,2,3,10,1
201301MM70575,1,11,0,5,0,0,0,0,0,0,0,1,1,1,7,6700,2,1,4,1
201301MM70576,1,19,0,18,0,8,0,0,0,0,1,1,1,3,-1,-1,-1,-1,-1,-1
201301MM70576,2,9,0,7,0,8,0,0,0,0,3,1,1,1,6,1242,1,4,-1,-1
201301MM70577,1,9,0,3,0,8,0,0,0,0,2,1,6,2,7,1390,1,5,2,1
201301MM70577,2,3,0,4,0,8,0,0,0,0,1,1,6,1,6,-1,-1,-1,7,1
201301MM70578,1,1,0,4,0,1,0,0,0,0,1,1,6,1,5,-1,-1,-1,-1,-1
201301MM70578,2,9,0,4,0,1,0,0,0,0,2,1,6,1,9,1997,2,9,-1,-1
201301MM70579,1,9,0,18,0,1,0,0,0,0,1,1,6,1,8,1998,1,11,2,1
201301MM70580,1,9,0,13,0,8,0,0,0,0,4,1,6,3,-1,-1,-1,-1,-1,-1
201301MM70580,2,3,0,18,0,8,0,0,0,0,3,1,6,1,5,-1,-1,-1,3,1
201301MM70581,1,3,0,7,0,2,0,0,0,0,1,1,6,1,-1,125,1,4,2,1
201301MM70582,1,9,0,9,0,8,0,0,0,0,4,1,6,1,8,2143,2,-1,-1,-1