Accident_Index,Vehicle_Reference,Vehicle_Type,Towing_and_Articulation,Vehicle_Manoeuvre,Vehicle_Location-Restricted_Lane,Junction_Location,Skidding_and_Overturning,Hit_Object_in_Carriageway,Vehicle_Leaving_Carriageway,Hit_Object_off_Carriageway,1st_Point_of_Impact,Was_Vehicle_Left_Hand_Drive?,Journey_Purpose_of_Driver,Sex_of_Driver,Age_Band_of_Driver,Engine_Capacity_(CC),Propulsion_Code,Age_of_Vehicle,Driver_IMD_Decile,Driver_Home_Area_Type
201301MM70785,2,9,0,13,0,2,0,0,0,0,4,1,6,3,-1,-1,-1,-1,-1,-1
201301MM70786,1,9,0,9,0,8,0,0,0,0,1,1,6,2,7,1598,1,4,5,1
201301MM70786,2,1,0,18,0,8,0,0,0,0,1,1,6,1,-1,-1,-1,-1,4,1
201301MM70787,1,9,0,3,0,2,0,0,0,0,2,1,6,2,5,1242,1,1,8,1
201301MM70787,2,9,0,3,0,2,0,0,0,0,2,1,6,2,-1,1596,1,7,-1,-1
201301MM70787,3,9,0,18,0,2,0,0,0,0,1,1,6,3,-1,-1,-1,-1,-1,-1
201301MM70790,1,9,0,4,0,0,0,0,0,0,2,1,6,1,7,3982,1,19,4,1
201301MM70790,2,9,0,18,0,0,0,0,0,0,1,1,6,1,6,-1,-1,-1,6,1
201301MM70791,1,11,0,3,0,0,0,0,0,0,2,1,6,1,6,6700,2,3,5,1
201301MM70791,2,20,0,18,0,0,0,0,0,0,1,1,6,1,6,4461,2,3,1,1
201301MM70792,1,5,0,18,0,0,0,0,0,0,1,1,6,1,5,599,1,7,2,1
201301MM70792,2,1,0,18,0,0,0,0,0,0,1,1,6,2,-1,-1,-1,-1,-1,-1
201301MM70794,1,21,1,18,0,0,0,0,0,0,4,1,6,1,-1,12000,2,9,-1,-1
201301MM70795,1,1,0,9,0,8,0,0,0,0,2,1,6,1,-1,-1,-1,-1,3,1
201301MM70795,2,9,0,18,0,8,0,0,0,0,1,1,6,1,-1,1598,1,10,4,1
201301MM70797,1,1,0,18,0,8,0,0,0,0,1,1,6,1,6,-1,-1,-1,3,1
201301MM70797,2,9,0,9,0,8,0,0,0,0,3,1,6,1,-1,2979,1,13,-1,-1
201301MM70798,1,21,1,9,0,8,0,0,0,0,3,1,1,1,6,6870,2,2,6,1
201301MM70798,2,5,0,13,0,8,0,0,0,0,4,1,6,1,6,599,1,1,-1,-1
201301MM70799,1,9,0,9,0,8,0,0,0,0,1,1,6,1,6,1598,2,3,2,1
201301MM70799,2,3,0,18,0,8,0,0,0,0,4,1,6,1,7,124,1,1,3,1
201301MM70800,1,8,0,16,0,0,0,0,0,0,1,1,1,1,-1,1598,1,3,3,1
201301MM70800,2,3,0,17,0,0,0,0,0,0,1,1,6,1,4,-1,-1,-1,-1,-1
201301MM70801,1,1,0,18,0,0,0,0,0,0,1,1,6,1,6,-1,-1,-1,-1,-1
201301MM70802,1,1,0,18,0,8,0,0,0,0,4,1,6,1,8,-1,-1,-1,7,1
201301MM70802,2,9,0,5,0,8,0,0,0,0,1,1,6,1,-1,1988,2,9,-1,-1
201301MM70803,1,2,0,13,0,8,0,0,0,0,1,1,6,1,4,49,1,9,6,1
201301MM70803,2,9,0,9,0,8,0,0,0,0,4,1,6,1,4,1598,1,4,2,1
201301MM70804,1,9,0,18,0,1,0,0,0,0,1,1,6,1,-1,-1,-1,-1,-1,-1
201301MM70805,1,9,0,3,0,1,0,0,0,0,2,1,6,1,6,1597,1,4,5,1
201301MM70805,2,9,0,18,0,1,0,0,0,0,1,1,6,1,-1,1360,1,9,-1,-1
201301MM70806,1,5,0,13,0,2,0,0,0,0,4,1,6,1,5,636,1,7,2,1
201301MM70806,2,9,0,6,0,2,0,0,0,0,3,1,6,3,-1,-1,-1,-1,-1,-1
201301MM70807,1,1,0,18,0,2,0,0,0,0,4,1,2,1,6,-1,-1,-1,2,1
201301MM70808,1,1,0,15,0,8,0,0,0,0,1,1,6,1,6,-1,-1,-1,5,1
201301MM70808,2,9,0,9,0,8,0,0,0,0,1,1,6,1,-1,-1,-1,-1,9,2
201301MM70809,1,9,0,4,0,0,0,0,0,0,4,1,6,1,7,2967,2,2,1,1
201301MM70810,1,20,0,18,0,1,0,0,0,0,1,1,1,1,9,-1,-1,-1,3,1
201301MM70812,1,19,0,13,0,1,0,0,0,0,4,1,1,1,8,-1,-1,-1,5,1
201301MM70812,2,1,0,4,0,1,0,0,0,0,3,1,1,1,7,-1,-1,-1,2,1
201301MM70813,1,9,0,18,0,0,0,0,0,0,1,1,6,1,5,1242,1,10,1,1
201301MM70813,2,9,0,18,0,0,0,0,0,0,1,1,6,1,5,1796,1,9,3,1
201301MM70814,1,8,0,9,0,8,0,0,0,0,3,1,1,1,9,2402,2,7,5,1
201301MM70814,2,1,0,18,0,8,0,0,0,0,1,1,2,2,-1,-1,-1,-1,-1,-1
201301MM70815,1,3,0,3,0,1,0,0,0,0,2,1,6,1,6,124,1,-1,6,1
201301MM70815,2,8,0,5,0,1,0,0,0,0,1,1,6,1,-1,2664,2,13,-1,-1
201301MM70816,1,9,0,9,0,1,0,0,0,0,1,1,6,1,9,1598,1,4,2,1
201301MM70816,2,1,0,9,0,8,0,0,0,0,4,1,6,1,6,-1,-1,-1,2,1
201301MM70817,1,11,0,18,0,2,0,0,0,0,0,1,1,1,8,9360,2,2,2,1
201301MM70818,1,11,0,18,0,1,0,0,0,0,0,1,1,1,8,7300,2,10,3,1
201301MM70819,1,9,0,9,0,1,0,0,0,0,3,1,1,1,7,-1,-1,-1,3,1
201301MM70819,2,5,0,18,0,1,0,0,0,0,4,1,6,1,7,645,1,4,6,1
201301MM70820,1,11,0,18,2,1,0,0,0,0,4,1,1,1,7,7300,2,7,2,1
201301MM70821,1,9,0,9,0,8,0,0,0,0,3,1,6,2,9,1896,2,6,7,1
201301MM70821,2,4,0,18,0,8,0,0,0,0,1,1,1,1,6,125,1,1,3,1
201301MM70822,1,9,0,1,0,8,0,0,0,0,4,1,6,3,-1,-1,-1,-1,-1,-1
201301MM70822,2,1,0,18,0,8,0,0,0,0,1,1,6,1,8,-1,-1,-1,3,1
201301MM70823,1,9,0,13,0,8,0,0,0,0,1,1,1,1,-1,-1,-1,-1,-1,-1
201301MM70823,2,9,0,9,0,8,0,0,0,0,3,1,6,1,5,1984,1,5,-1,-1
201301MM70824,1,9,0,9,0,8,0,0,0,0,1,1,6,1,6,1997,2,5,4,1
201301MM70824,2,1,0,15,0,8,0,0,0,0,1,1,6,1,7,-1,-1,-1,5,1
201301MM70826,1,11,0,5,2,8,0,0,0,0,0,1,1,1,9,6700,2,2,3,1
201301MM70827,1,9,0,4,0,0,0,0,0,0,1,1,6,2,4,1299,1,12,3,1
201301MM70827,2,9,0,4,0,0,0,0,0,0,2,1,1,1,8,-1,-1,-1,3,1
201301MM70828,1,11,0,18,0,2,0,0,0,0,4,1,6,3,-1,-1,-1,-1,-1,-1
201301MM70831,1,9,0,11,0,0,0,0,0,0,4,1,6,1,6,-1,-1,-1,6,1
201301MM70831,2,1,0,18,0,0,0,0,0,0,3,1,6,1,5,-1,-1,-1,2,1
201301MM70834,1,11,0,7,0,8,0,0,0,0,0,1,1,2,7,-1,-1,-1,3,1
201301MM70835,1,1,0,18,0,8,0,0,0,0,4,1,6,2,6,-1,-1,-1,3,1
201301MM70835,2,9,0,9,0,8,0,0,0,0,1,1,6,1,8,1896,2,9,5,1
201301MM70837,1,9,0,2,0,0,0,0,0,0,4,1,6,1,-1,-1,-1,-1,-1,-1
201301MM70837,2,3,0,18,0,0,0,0,0,0,1,1,6,3,-1,-1,-1,-1,-1,-1
201301MM70838,1,4,0,4,0,0,0,0,0,0,0,1,6,1,7,-1,-1,-1,7,1
201301MM70840,1,9,0,9,0,8,0,0,0,0,4,1,6,1,7,1461,2,9,2,1
201301MM70840,2,4,0,18,0,8,0,0,0,0,1,1,6,1,5,400,1,22,5,1
201301MM70841,1,11,0,9,0,8,0,0,0,0,3,1,1,1,8,6700,2,3,1,1
201301MM70842,1,3,0,14,2,1,0,0,0,0,4,1,2,1,6,124,1,11,7,3
201301MM70843,1,19,0,7,0,5,0,0,0,0,4,1,1,1,-1,2148,2,7,-1,-1
201301MM70843,2,1,0,15,0,8,0,0,0,0,1,1,6,1,8,-1,-1,-1,-1,-1
201301MM70846,1,3,0,18,0,0,0,0,0,0,0,1,6,1,6,124,1,1,2,1
201301MM70848,1,1,0,18,4,8,0,0,0,0,1,1,1,1,6,-1,-1,-1,4,1
201301MM70848,2,19,0,9,0,5,0,0,0,0,4,1,1,1,-1,2148,2,5,4,1
201301MM70850,1,1,0,18,0,8,0,0,0,0,0,1,6,1,6,-1,-1,-1,3,1
201301MM70850,2,19,0,9,0,8,0,0,0,0,0,1,6,1,9,2198,2,1,2,1
201301MM70851,1,21,4,18,2,8,0,0,1,1,4,1,1,1,7,-1,2,9,10,1
201301MM70853,1,9,0,7,0,8,0,0,0,0,1,1,6,1,5,1388,1,8,5,1
201301MM70853,2,1,0,17,0,8,0,0,0,0,3,1,6,1,5,-1,-1,-1,8,1
201301MM70854,1,19,0,12,0,2,0,0,0,0,4,1,6,1,6,1870,2,11,10,1
201301MM70854,2,5,0,18,0,2,0,0,0,0,3,1,6,1,6,599,1,3,5,1
201301MM70855,1,9,0,9,0,5,0,0,0,0,1,1,1,1,7,1910,2,5,1,1
201301MM70856,1,5,0,18,0,8,0,0,0,0,4,1,6,1,8,659,1,8,10,1
201301MM70856,2,9,0,9,0,8,0,0,0,0,1,1,6,1,-1,1995,1,6,-1,-1
201301MM70857,1,1,0,15,0,8,0,0,0,0,1,1,6,2,6,-1,-1,-1,2,1
201301MM70857,2,9,0,7,0,8,0,0,0,0,4,1,6,1,-1,-1,-1,-1,-1,-1
201301MM70859,1,1,0,12,0,8,0,0,0,0,2,1,2,1,6,-1,-1,-1,5,1
201301MM70859,2,5,0,18,0,8,0,0,0,0,1,1,2,1,8,645,1,12,4,1
201301MM70861,1,9,0,3,0,0,0,0,0,0,2,1,2,1,6,973,1,16,8,1
201301MM70861,2,3,0,18,0,0,1,0,0,0,1,1,6,1,-1,124,1,10,2,1
201301MM70862,1,1,0,18,0,8,0,0,0,0,4,1,6,1,6,-1,-1,-1,3,1
201301MM70862,2,9,0,5,0,8,0,0,0,0,1,1,6,1,-1,2996,2,3,-1,-1
201301MM70863,1,9,0,6,0,2,0,0,0,0,3,1,6,2,-1,1598,1,10,2,1
201301MM70863,2,5,0,13,0,2,0,0,0,0,4,1,6,1,6,649,1,1,5,1
201301MM70864,1,9,0,18,0,8,0,0,0,0,1,1,6,1,4,1198,1,7,2,1
201301MM70864,2,9,0,18,0,8,0,0,0,0,1,1,6,2,7,1896,2,9,6,1
201301MM70865,1,11,0,18,0,0,0,0,0,0,3,1,6,1,-1,-1,-1,-1,-1,-1
201301MM70865,2,9,0,18,0,0,0,0,0,0,3,1,6,1,-1,-1,-1,-1,-1,-1
201301MM70866,1,9,0,9,0,2,0,0,0,0,1,1,6,2,9,1400,1,7,2,1
201301MM70868,1,3,0,18,0,8,0,0,0,0,4,1,6,2,5,85,1,23,2,1
201301MM70868,2,9,0,9,0,8,0,0,0,0,3,1,6,1,6,1299,1,6,5,1
201301MM70869,1,19,0,7,0,2,0,0,0,0,1,1,6,1,7,3920,2,3,-1,-1
201301MM70870,1,19,0,18,0,0,0,0,0,0,4,1,6,1,8,2148,2,5,3,1
201301MM70872,1,1,0,18,0,8,0,0,0,0,0,1,6,1,7,-1,-1,-1,3,1
201301MM70874,1,1,0,18,0,8,0,0,0,0,1,1,6,2,6,-1,-1,-1,3,1
201301MM70874,2,9,0,9,0,8,0,0,0,0,4,1,6,3,-1,998,1,9,-1,-1
201301MM70875,1,1,0,15,0,1,0,0,0,0,1,1,6,2,5,-1,-1,-1,2,1
201301MM70875,2,9,0,3,0,1,0,0,0,0,4,1,6,1,-1,2438,1,15,2,1
201301MM70877,1,9,0,9,0,2,0,0,0,0,1,1,6,2,7,998,1,13,2,1
201301MM70878,1,1,0,9,0,8,0,0,0,0,2,1,6,1,6,-1,-1,-1,2,1
201301MM70878,2,9,0,18,0,8,0,0,0,0,1,1,6,1,-1,1299,1,10,2,1
201301MM70879,1,9,0,1,0,1,0,0,0,0,2,1,6,1,6,1598,2,1,-1,-1
201301MM70880,1,3,0,18,0,1,1,0,0,0,4,1,6,2,6,124,1,8,2,1
201301MM70880,2,9,0,11,0,1,0,0,0,0,0,1,6,3,-1,-1,-1,-1,-1,-1
201301MM70882,1,5,0,18,0,2,1,0,0,0,0,1,6,1,5,599,1,10,-1,-1
201301MM70882,2,8,0,6,0,2,0,0,0,0,0,1,6,3,-1,-1,-1,-1,-1,-1
201301MM70883,1,3,0,18,0,0,0,0,0,0,1,1,6,1,-1,125,1,1,-1,-1
201301MM70884,1,11,0,4,0,8,0,0,0,0,0,1,1,2,8,-1,-1,-1,3,1
201301MM70885,1,19,0,3,0,1,0,0,0,0,2,1,6,1,7,2198,2,2,8,1
201301MM70885,2,9,0,18,0,1,0,0,0,0,1,1,6,1,-1,-1,-1,-1,-1,-1
201301MM70886,1,11,0,18,0,8,0,0,0,0,1,1,1,1,8,-1,-1,-1,-1,-1
201301MM70886,2,9,0,18,0,8,0,0,0,0,2,1,6,2,-1,1796,1,10,-1,-1
201301MM70887,1,9,0,16,0,2,0,0,0,0,4,1,6,1,5,1598,1,6,3,1
201301MM70887,2,19,0,6,0,2,0,0,0,0,3,1,6,1,-1,-1,-1,-1,-1,-1
201301MM70889,1,1,0,9,0,8,0,0,0,0,1,1,6,1,6,-1,-1,-1,3,1
201301MM70889,2,1,0,18,0,8,0,0,0,0,1,1,6,1,-1,-1,-1,-1,-1,-1
201301MM70891,1,9,0,18,0,8,0,0,0,0,1,1,6,1,4,1598,1,7,2,1
201301MM70891,2,1,0,18,0,8,0,0,0,0,3,1,6,2,5,-1,-1,-1,4,1
201301MM70892,1,1,0,7,0,2,0,0,0,0,1,1,6,1,6,-1,-1,-1,4,1
201301MM70893,1,11,0,18,0,1,0,0,0,0,0,1,1,1,7,6700,2,4,-1,-1
201301MM70893,2,9,0,7,0,8,0,0,0,0,0,1,6,2,-1,-1,-1,-1,-1,-1
201301MM70894,1,9,0,18,0,2,0,0,0,0,1,1,2,1,6,1995,1,4,2,1
201301MM70895,1,19,0,4,0,1,0,0,0,0,1,1,6,1,7,2151,2,7,-1,-1
201301MM70895,2,9,0,4,0,1,0,0,0,0,2,1,6,1,7,1598,1,8,3,1
201301MM70896,1,9,0,3,0,1,0,0,0,0,2,1,1,1,7,2792,1,16,-1,-1
201301MM70896,2,1,0,18,0,1,0,0,0,0,1,1,1,1,5,-1,-1,-1,2,1
201301MM70897,1,9,0,5,0,8,0,0,0,0,1,1,2,1,6,1242,1,13,3,1
201301MM70897,2,1,0,18,4,8,0,0,0,0,4,1,6,2,6,-1,-1,-1,2,1
201301MM70898,1,1,0,7,0,8,0,0,0,0,1,1,6,1,6,-1,-1,-1,5,1
201301MM70898,2,9,0,7,0,8,0,0,0,0,4,1,6,1,-1,-1,-1,-1,-1,-1
201301MM70899,1,9,0,18,9,1,0,0,0,0,1,1,6,3,-1,-1,-1,-1,-1,-1
201301MM70900,1,9,0,18,0,0,0,0,0,0,1,1,6,3,-1,-1,-1,-1,-1,-1
201301MM70903,1,9,0,9,0,8,0,0,0,0,3,1,6,1,5,1596,1,12,2,1
201301MM70903,2,9,0,9,0,8,0,0,0,0,1,1,6,2,6,2616,1,9,3,1
201301MM70904,1,9,0,18,0,2,0,7,1,0,1,1,6,1,5,1596,1,7,3,1
201301MM70905,1,9,0,9,0,8,0,0,0,0,1,1,6,1,6,1895,1,12,3,1
201301MM70905,2,9,0,9,0,8,0,0,0,0,2,1,6,1,7,1988,1,10,-1,-1
201301MM70906,1,9,0,9,0,8,0,0,0,0,1,1,6,2,7,1598,1,-1,2,1
201301MM70906,2,3,0,18,0,8,0,0,0,0,1,1,6,1,7,-1,-1,-1,4,1
201301MM70909,1,1,0,15,0,8,0,0,0,0,3,1,6,1,7,-1,-1,-1,5,1
201301MM70909,2,19,0,7,0,8,0,0,0,0,4,1,1,1,6,-1,-1,-1,1,1
201301MM70910,1,1,0,18,0,8,0,0,0,0,1,1,6,1,6,-1,-1,-1,3,1
201301MM70910,2,9,0,9,0,8,0,0,0,0,3,1,6,1,8,1796,1,14,6,1
201301MM70911,1,9,0,3,0,1,0,0,0,0,2,1,6,1,8,1997,1,10,3,1
201301MM70911,2,9,0,5,0,1,0,0,0,0,1,1,6,1,-1,1360,1,10,-1,-1
201301MM70912,1,1,0,18,0,0,0,0,0,0,1,1,6,1,5,-1,-1,-1,2,1
201301MM70912,2,9,0,3,0,0,0,0,0,0,4,1,6,1,-1,1598,1,7,-1,-1
201301MM70913,1,5,0,13,0,2,0,0,0,0,4,1,6,1,8,798,1,5,2,1
201301MM70913,2,9,0,18,0,2,0,0,0,0,3,1,6,1,-1,1998,2,7,-1,-1
201301MM70914,1,9,0,7,0,1,0,0,0,0,4,1,6,1,9,1968,2,5,3,1
201301MM70914,2,1,0,15,0,1,0,0,0,0,1,1,6,2,8,-1,-1,-1,4,1
201301MM70915,1,3,0,18,0,1,0,0,0,0,1,1,1,1,5,125,1,2,1,1
201301MM70915,2,9,0,9,0,1,0,0,0,0,2,1,1,1,7,1461,2,4,3,1
201301MM70916,1,9,0,9,0,8,0,0,0,0,3,1,6,2,5,1997,2,12,-1,-1
201301MM70916,2,9,0,13,0,8,0,0,7,10,1,1,6,1,5,1598,1,9,4,1
201301MM70917,1,3,0,4,0,0,0,0,0,0,0,1,6,1,5,100,1,9,5,1
201301MM70919,1,20,0,18,0,0,0,0,0,0,4,1,1,1,7,-1,-1,-1,3,1
201301MM70920,1,9,0,3,0,1,0,0,0,0,2,1,6,1,7,1391,1,18,3,1
201301MM70920,2,9,0,18,0,1,0,0,0,0,1,1,6,1,-1,-1,-1,-1,-1,-1
201301MM70921,1,3,0,14,0,8,0,0,0,0,1,1,6,1,6,125,1,1,2,1
201301MM70921,2,9,0,9,0,8,0,0,0,0,3,1,6,2,-1,-1,-1,-1,6,1
201301MM70922,1,9,0,18,0,0,1,10,7,10,1,1,6,1,5,1998,1,5,2,1
201301MM70923,1,9,0,18,0,8,0,0,0,0,4,1,6,2,8,2290,1,6,7,3
201301MM70923,2,11,0,17,0,8,0,0,0,0,1,1,1,1,6,9360,2,4,3,1
201301MM70924,1,5,0,18,0,8,0,0,0,0,0,1,6,1,8,-1,-1,-1,2,1
201301MM70924,2,9,0,9,0,8,0,0,0,0,0,1,6,1,5,1199,1,12,1,1
201301MM70925,1,3,0,18,0,0,0,0,0,0,4,1,6,1,-1,-1,-1,-1,-1,-1
201301MM70926,1,9,0,9,0,1,0,0,0,0,4,1,6,1,7,-1,-1,-1,3,1
201301MM70928,1,9,0,18,0,0,0,0,0,0,1,1,6,2,8,1598,1,11,5,1
201301MM70929,1,9,0,18,0,1,0,0,0,0,1,1,6,1,9,-1,-1,-1,1,1
201301MM70930,1,9,0,9,0,8,0,0,0,0,4,1,6,1,6,2996,1,6,3,1
201301MM70930,2,1,0,18,0,8,0,0,0,0,1,1,6,1,7,-1,-1,-1,5,1
201301MM70932,1,9,0,15,0,2,0,0,0,0,1,1,6,2,-1,-1,-1,-1,-1,-1
201301MM70934,1,9,0,18,0,1,0,10,5,6,3,1,6,1,5,1590,1,8,3,1
201301MM70935,1,1,0,18,0,8,0,0,0,0,1,1,6,1,8,-1,-1,-1,5,1
201301MM70935,2,1,0,18,0,8,0,0,0,0,1,1,6,1,7,-1,-1,-1,9,1
201301MM70936,1,3,0,9,0,8,0,0,0,0,1,1,1,1,6,125,1,2,3,1
201301MM70936,2,9,0,18,0,8,0,0,0,0,4,1,6,3,-1,-1,-1,-1,-1,-1
201301MM70937,1,9,0,18,0,1,0,0,0,0,4,1,6,1,-1,-1,-1,-1,-1,-1
201301MM70938,1,11,0,3,0,0,0,0,0,0,4,1,1,1,9,9360,2,4,4,1
201301MM70940,1,1,0,18,0,8,0,0,0,0,1,1,6,1,7,-1,-1,-1,2,1
201301MM70940,2,9,0,9,0,8,0,0,0,0,3,1,6,1,-1,1596,2,13,-1,-1
201301MM70942,1,9,0,3,0,8,0,0,0,0,2,1,6,1,9,1986,2,6,7,1
201301MM70942,2,9,0,18,0,8,0,0,0,0,1,1,6,1,-1,1998,1,12,3,1
201301MM70943,1,3,0,18,0,0,0,0,0,0,0,1,6,1,5,-1,-1,-1,3,1
201301MM70945,1,8,0,18,0,8,0,0,0,0,1,1,6,2,8,2664,2,14,-1,-1
201301MM70945,2,8,0,9,0,8,0,0,0,0,4,1,6,1,8,1797,8,1,3,1
201301MM70946,1,9,0,17,0,8,0,0,0,0,2,1,6,2,7,998,1,1,3,1
201301MM70946,2,21,0,17,0,8,0,0,0,0,1,1,6,1,-1,6370,2,2,-1,-1
201301MM70948,1,9,0,9,0,8,0,0,0,0,3,1,6,1,-1,1781,1,14,-1,-1
201301MM70948,2,1,0,18,0,8,0,0,0,0,1,1,6,1,7,-1,-1,-1,-1,-1
201301MM70950,1,9,0,9,0,8,0,0,0,0,4,1,6,1,5,1595,1,7,9,1
201301MM70950,2,1,0,18,0,8,0,0,0,0,1,1,6,1,6,-1,-1,-1,3,1
201301MM70951,1,9,0,18,0,0,0,0,0,0,0,1,6,1,11,1591,1,1,5,1
201301MM70952,1,9,0,18,0,2,0,0,0,0,1,1,6,1,7,1598,1,13,6,1
201301MM70954,1,9,0,3,0,1,0,0,0,0,2,1,6,2,7,1240,1,7,4,1
201301MM70954,2,19,0,3,0,1,0,0,0,0,2,1,1,1,11,1995,2,6,-1,-1
201301MM70954,3,21,0,4,0,1,0,0,0,0,1,1,1,1,8,12777,2,2,2,1
201301MM70955,1,9,0,7,0,8,0,0,0,0,1,1,6,3,-1,-1,-1,-1,-1,-1
201301MM70956,1,5,0,18,0,8,0,0,0,0,1,1,6,1,9,996,1,15,2,1
201301MM70956,2,9,0,3,0,8,0,0,0,0,1,1,6,2,6,-1,-1,-1,1,1
201301MM70957,1,1,0,8,0,1,0,0,0,0,2,1,6,1,7,-1,-1,-1,4,1
201301MM70957,2,4,0,7,0,1,0,0,0,0,1,1,6,1,-1,-1,-1,-1,-1,-1
201301MM70958,1,1,0,18,0,1,0,0,0,0,1,1,6,1,7,-1,-1,-1,-1,-1
201301MM70959,1,9,0,18,0,0,0,0,0,0,4,1,6,3,-1,-1,-1,-1,-1,-1
201301MM70960,1,9,0,3,0,0,0,0,0,0,3,1,6,1,6,1995,2,8,2,1
201301MM70960,2,3,0,18,0,0,0,0,0,0,1,1,6,1,5,125,1,1,6,1
201301MM70961,1,1,0,18,0,8,0,0,0,0,0,1,6,1,6,-1,-1,-1,8,1
201301MM70961,2,9,0,9,0,8,0,0,0,0,0,1,6,3,-1,-1,-1,-1,-1,-1
201301MM70962,1,19,0,9,0,2,0,0,0,0,1,1,6,1,4,-1,-1,-1,10,1
201301MM70963,1,5,0,18,0,1,0,0,0,0,1,1,6,1,5,599,1,3,2,1
201301MM70963,2,9,0,4,0,1,0,0,0,0,2,1,6,1,7,-1,-1,-1,2,1
201301MM70964,1,19,0,7,0,8,0,0,0,0,1,1,6,1,8,2402,2,5,4,1
201301MM70964,2,3,0,18,0,8,0,0,0,0,4,1,6,1,6,124,1,-1,2,1
201301MM70965,1,9,0,5,0,8,0,0,0,0,3,1,6,1,9,3200,2,7,3,1
201301MM70965,2,5,0,18,0,8,0,0,0,0,4,1,6,1,5,1261,1,8,7,3
201301MM70967,1,3,0,5,0,2,0,0,0,0,1,1,1,1,5,-1,-1,-1,2,1
201301MM70969,1,9,0,1,0,8,0,0,0,0,2,1,6,1,7,-1,-1,-1,-1,-1
201301MM70970,1,5,0,14,0,1,0,0,0,0,4,1,6,1,7,1000,1,2,4,1
201301MM70970,2,11,0,3,0,1,0,0,0,0,3,1,1,1,9,-1,-1,-1,-1,-1
201301MM70971,1,9,0,9,0,8,0,0,0,0,3,1,6,2,6,1598,1,7,2,1
201301MM70971,2,1,0,18,0,8,0,0,0,0,1,1,6,1,6,-1,-1,-1,4,1
201301MM70972,1,9,0,6,0,0,0,0,0,0,4,1,6,1,8,1896,2,8,6,1
201301MM70972,2,3,0,18,0,0,0,0,0,0,1,1,6,1,4,124,1,3,2,1
201301MM70973,1,9,0,12,0,0,0,0,0,0,0,1,6,2,8,1242,1,-1,5,1
201301MM70973,2,3,0,13,0,0,0,0,0,0,0,1,6,1,7,125,1,8,10,1
201301MM70974,1,9,0,18,0,8,0,0,0,0,4,1,6,1,8,-1,-1,-1,3,1
201301MM70974,2,1,0,18,0,8,0,0,0,0,3,1,6,1,8,-1,-1,-1,-1,-1
201301MM70976,1,9,0,18,0,1,0,0,0,0,4,1,6,1,7,1896,2,4,4,1
201301MM70976,2,2,0,15,0,1,0,0,0,0,3,1,6,1,8,49,1,4,2,1
201301MM70977,1,9,0,18,0,2,0,0,0,0,1,1,6,1,7,1976,1,3,2,1
201301MM70977,2,9,0,18,0,1,0,0,0,0,1,1,6,1,9,-1,-1,-1,5,1
201301MM70977,3,9,0,2,0,2,0,0,0,0,3,1,6,3,-1,-1,-1,-1,-1,-1
201301MM70978,1,9,0,18,0,0,0,0,0,0,1,1,6,1,7,1797,8,4,2,1
201301MM70979,1,8,0,18,0,0,0,0,0,0,2,1,1,1,8,-1,-1,-1,-1,-1
201301MM70979,2,9,0,18,0,0,0,0,0,0,1,1,6,1,7,-1,-1,-1,2,1
201301MM70981,1,11,0,5,0,0,0,0,0,0,0,1,1,1,5,9000,2,4,4,1
201301MM70982,1,9,0,18,0,0,0,0,0,0,1,1,6,1,6,1984,1,9,2,1
201301MM70983,1,9,0,18,0,1,0,0,0,0,1,1,6,1,5,1339,1,-1,3,1
201301MM70984,1,9,0,3,0,1,0,0,0,0,4,1,6,1,7,1910,2,4,3,1
201301MM70985,1,9,0,7,0,8,0,0,0,0,2,1,6,1,5,1895,1,12,2,1
201301MM70985,2,4,0,18,0,8,0,0,0,0,1,1,6,1,5,125,1,1,6,1
201301MM70986,1,19,0,7,0,8,0,0,0,0,4,1,6,1,7,2461,2,4,2,1
201301MM70986,2,5,0,15,0,8,0,0,0,0,1,1,6,1,5,599,1,5,-1,-1
201301MM70988,1,9,0,7,0,8,0,0,0,0,3,1,6,1,-1,1896,2,5,5,1
201301MM70988,2,1,0,18,0,8,0,0,0,0,1,1,6,1,5,-1,-1,-1,2,1
201301MM70989,1,11,0,3,0,1,0,0,0,0,0,1,1,1,7,6700,2,4,3,1
201301MM70990,1,19,0,18,0,8,0,0,0,0,1,1,6,1,8,-1,-1,-1,9,1
201301MM70990,2,9,0,18,0,8,0,0,0,0,3,1,6,2,5,1296,1,6,5,1
201301MM70991,1,1,0,18,4,0,0,0,0,0,3,1,6,1,7,-1,-1,-1,2,1
201301MM70991,2,9,0,18,0,0,0,0,0,0,4,1,6,2,-1,1910,2,4,-1,-1
201301MM70996,1,1,0,18,0,2,0,0,0,0,1,1,6,2,6,-1,-1,-1,4,1
201301MM70996,2,9,0,18,0,2,0,0,0,0,3,1,6,1,6,1598,2,1,2,1
201301MM70998,1,9,0,4,0,2,0,0,0,0,0,1,6,3,-1,-1,-1,-1,-1,-1
201301MM70998,2,1,0,4,0,2,0,0,0,0,0,1,6,1,6,-1,-1,-1,3,1
201301MM70999,1,1,0,14,0,8,0,0,0,0,1,1,6,1,6,-1,-1,-1,5,1
201301MM70999,2,9,0,9,0,8,0,0,0,0,3,1,6,1,-1,1598,1,3,-1,-1
201301MM71000,1,9,0,16,0,8,0,0,0,0,1,1,6,1,7,1242,1,-1,2,1
201301MM71000,2,9,0,16,0,8,0,0,0,0,2,1,6,1,-1,-1,-1,-1,-1,-1
201301MM71001,1,1,0,18,0,8,0,0,0,0,1,1,6,2,6,-1,-1,-1,2,1
201301MM71001,2,9,0,9,0,8,0,0,0,0,1,1,6,1,-1,-1,-1,-1,-1,-1
201301MM71003,1,3,0,3,0,1,0,0,0,0,2,1,6,1,8,125,1,3,-1,-1
201301MM71003,2,8,0,4,0,1,0,0,0,0,1,1,6,1,-1,2143,2,1,-1,-1
201301MM71004,1,9,0,9,0,8,0,0,0,0,3,1,6,1,6,1596,1,7,3,1
201301MM71004,2,3,0,18,0,8,0,0,0,0,1,1,6,1,-1,125,1,5,2,1
201301MM71005,1,9,0,4,0,1,0,0,0,0,2,1,6,1,6,1798,1,4,10,1