Accident_Index,Vehicle_Reference,Vehicle_Type,Towing_and_Articulation,Vehicle_Manoeuvre,Vehicle_Location-Restricted_Lane,Junction_Location,Skidding_and_Overturning,Hit_Object_in_Carriageway,Vehicle_Leaving_Carriageway,Hit_Object_off_Carriageway,1st_Point_of_Impact,Was_Vehicle_Left_Hand_Drive?,Journey_Purpose_of_Driver,Sex_of_Driver,Age_Band_of_Driver,Engine_Capacity_(CC),Propulsion_Code,Age_of_Vehicle,Driver_IMD_Decile,Driver_Home_Area_Type
201301MM71005,2,9,0,4,0,1,0,0,0,0,1,1,6,3,-1,1896,2,12,-1,-1
201301MM71006,1,9,0,9,0,8,0,0,0,0,4,1,6,1,8,2987,2,3,6,1
201301MM71006,2,1,0,18,0,8,0,0,0,0,1,1,6,2,6,-1,-1,-1,3,1
201301MM71007,1,9,0,9,0,8,0,0,0,0,4,1,6,1,8,1998,1,10,1,1
201301MM71007,2,1,0,15,0,8,0,0,0,0,1,1,6,1,7,-1,-1,-1,5,1
201301MM71008,1,19,0,1,0,1,0,0,0,0,2,1,6,1,-1,1998,2,9,-1,-1
201301MM71012,1,1,0,18,0,8,0,0,0,0,3,1,6,2,5,-1,-1,-1,3,1
201301MM71012,2,9,0,7,0,8,0,0,0,0,4,1,6,1,-1,1995,2,9,-1,-1
201301MM71013,1,9,0,7,0,2,0,0,0,0,4,1,6,1,7,1797,8,4,3,1
201301MM71014,1,9,0,18,0,8,0,0,0,0,1,1,6,1,6,4799,1,6,3,1
201301MM71014,2,9,0,7,0,8,0,0,0,0,3,1,6,2,8,1596,1,12,2,1
201301MM71016,1,1,0,18,0,8,0,0,0,0,1,1,6,1,7,-1,-1,-1,3,1
201301MM71016,2,19,0,9,0,8,0,0,0,0,3,1,6,1,-1,2198,2,1,2,1
201301MM71019,1,9,0,18,0,2,0,0,0,0,4,1,6,3,-1,-1,-1,-1,-1,-1
201301MM71020,1,1,0,18,0,8,0,0,0,0,3,1,6,1,6,-1,-1,-1,3,1
201301MM71020,2,9,0,9,0,8,0,0,0,0,1,1,6,2,-1,-1,-1,-1,-1,-1
201301MM71023,1,9,0,18,0,1,0,0,0,0,4,1,6,1,7,2776,2,8,2,1
201301MM71025,1,3,0,17,0,8,0,0,0,0,2,1,6,1,5,124,1,12,2,1
201301MM71025,2,9,0,18,0,8,0,0,0,0,1,1,6,1,8,1798,8,-1,4,1
201301MM71026,1,9,0,18,0,0,0,0,0,0,1,1,6,1,8,1796,1,8,3,1
201301MM71027,1,8,0,18,0,0,0,0,0,0,3,1,1,1,8,1794,1,5,2,1
201301MM71028,1,9,0,3,0,1,0,0,0,0,2,1,6,2,6,1398,1,1,7,1
201301MM71028,2,9,0,18,0,1,0,0,0,0,1,1,6,1,7,1339,8,7,7,3
201301MM71029,1,9,0,9,0,2,0,0,0,0,4,1,6,2,5,-1,-1,-1,3,1
201301MM71030,1,9,0,3,0,2,0,0,0,0,2,1,6,2,8,1368,1,6,6,1
201301MM71030,2,9,0,18,0,2,0,0,0,0,1,1,6,2,6,2497,2,9,7,1
201301MM71031,1,5,0,10,0,1,0,0,0,0,2,1,6,1,7,1050,1,1,2,1
201301MM71031,2,8,0,9,0,1,0,0,0,0,1,1,6,1,10,-1,-1,-1,2,1
201301MM71032,1,9,0,18,0,0,0,0,0,0,1,1,6,1,7,1598,1,9,3,1
201301MM71033,1,11,0,4,0,0,0,0,0,0,0,1,1,1,-1,-1,-1,-1,-1,-1
201301MM71034,1,8,0,9,0,8,0,0,0,0,3,1,1,1,7,1997,2,2,4,1
201301MM71035,1,5,0,18,0,0,0,0,0,0,4,1,6,1,8,1203,1,8,3,1
201301MM71037,1,1,0,18,0,0,0,0,0,0,1,1,6,1,-1,-1,-1,-1,-1,-1
201301MM71038,1,9,0,7,0,8,0,0,0,0,4,1,6,1,7,1984,1,11,3,1
201301MM71038,2,1,0,18,0,8,0,0,0,0,1,1,6,1,6,-1,-1,-1,-1,-1
201301MM71039,1,19,0,9,0,2,0,0,0,0,1,1,6,1,5,2402,2,5,3,1
201301MM71040,1,9,0,8,0,8,0,0,0,0,3,1,6,1,7,-1,-1,-1,3,1
201301MM71040,2,9,0,18,0,8,0,0,0,0,4,1,6,1,-1,1995,2,9,-1,-1
201301MM71042,1,9,0,2,0,0,0,0,0,0,4,1,6,1,10,998,1,13,3,1
201301MM71042,2,1,0,18,0,0,0,0,0,0,1,1,6,1,5,-1,-1,-1,-1,-1
201301MM71043,1,5,0,4,0,8,0,0,0,0,2,1,6,1,9,1450,1,8,2,1
201301MM71043,2,3,0,5,0,8,0,0,0,0,1,1,6,1,-1,125,1,9,6,1
201301MM71044,1,9,0,18,0,8,0,0,0,0,1,1,6,1,-1,1769,1,11,-1,-1
201301MM71045,1,8,0,3,0,1,0,0,0,0,2,1,1,1,7,1997,2,3,2,1
201301MM71045,2,9,0,4,0,1,0,0,0,0,1,1,6,1,-1,-1,-1,-1,-1,-1
201301MM71046,1,11,0,16,0,8,0,0,0,0,1,1,1,1,8,6700,2,3,-1,-1
201301MM71046,2,9,0,17,0,8,0,0,0,0,2,1,6,3,-1,-1,-1,-1,-1,-1
201301MM71047,1,3,0,18,0,8,0,0,0,0,1,1,6,2,5,124,1,-1,3,1
201301MM71047,2,9,0,4,0,8,0,0,0,0,2,1,6,1,8,1995,2,11,2,1
201301MM71048,1,5,0,18,0,1,1,0,0,0,1,1,6,1,6,599,1,2,8,1
201301MM71048,2,21,0,4,0,1,0,0,0,0,2,1,1,1,6,11705,2,5,5,1
201301MM71049,1,2,0,18,0,8,0,0,0,0,1,1,6,1,6,49,1,10,4,1
201301MM71049,2,9,0,6,0,8,0,0,0,0,4,1,6,1,6,-1,-1,-1,3,1
201301MM71050,1,8,0,17,0,8,0,0,0,0,3,1,1,1,8,1753,2,5,3,1
201301MM71052,1,9,0,9,0,8,0,0,0,0,3,1,6,1,6,2616,1,7,3,1
201301MM71052,2,5,0,18,0,8,1,0,0,0,1,1,6,1,5,899,1,13,3,1
201301MM71054,1,1,0,18,0,8,0,0,0,0,1,1,6,1,6,-1,-1,-1,4,1
201301MM71054,2,9,0,7,0,8,0,0,0,0,4,1,6,1,-1,1998,1,16,-1,-1
201301MM71055,1,9,0,18,0,0,0,0,0,0,1,1,6,1,-1,-1,-1,-1,-1,-1
201301MM71056,1,9,0,9,0,8,0,0,0,0,4,1,6,2,8,3199,1,10,8,1
201301MM71056,2,4,0,18,0,8,0,0,0,0,1,1,6,1,8,124,1,3,2,1
201301MM71057,1,9,0,16,0,8,0,0,0,0,4,1,6,2,5,875,1,1,10,1
201301MM71057,2,1,0,16,0,8,0,0,0,0,3,1,6,1,6,-1,-1,-1,2,1
201301MM71060,1,9,0,18,0,1,0,0,0,0,1,1,6,1,6,1995,2,5,4,1
201301MM71060,2,9,0,4,0,1,0,0,0,0,2,1,6,1,6,4244,1,12,6,1
201301MM71060,3,9,0,4,0,1,0,0,0,0,2,1,6,1,8,1910,2,9,1,1
201301MM71061,1,9,0,7,0,8,0,0,0,0,4,1,6,1,6,-1,-1,-1,6,1
201301MM71061,2,1,0,18,0,8,0,0,0,0,1,1,6,1,4,-1,-1,-1,4,1
201301MM71063,1,9,0,5,0,8,0,0,0,0,2,1,6,2,7,1988,1,14,4,1
201301MM71063,2,9,0,18,0,8,0,0,0,0,1,1,6,2,-1,1364,1,4,-1,-1
201301MM71067,1,2,0,18,0,1,0,0,0,0,1,1,2,1,8,124,1,10,6,1
201301MM71068,1,9,0,4,0,8,0,0,0,0,2,1,6,2,7,1390,1,10,2,1
201301MM71068,2,8,0,18,0,8,0,0,0,0,1,1,6,1,-1,2664,2,12,-1,-1
201301MM71070,1,3,0,18,0,8,0,0,0,0,1,1,6,1,8,-1,-1,-1,4,1
201301MM71070,2,9,0,18,0,8,0,0,0,0,1,1,6,1,5,3199,1,9,2,1
201301MM71070,3,9,0,7,0,8,0,0,0,0,2,1,6,1,-1,-1,-1,-1,-1,-1
201301MM71070,4,9,0,18,0,8,0,0,0,0,1,1,6,1,-1,-1,-1,-1,-1,-1
201301MM71074,1,11,0,4,0,0,0,0,0,0,0,1,1,1,8,-1,2,11,2,1
201301MM71077,1,3,0,18,0,0,0,0,0,0,1,1,6,1,7,124,1,4,4,1
201301MM71077,2,9,0,6,0,0,0,0,0,0,4,1,6,1,-1,1149,1,3,-1,-1
201301MM71084,1,3,0,7,0,8,0,0,0,0,2,1,6,1,5,-1,-1,-1,4,1
201301MM71084,2,9,0,18,0,8,0,0,0,0,1,1,6,2,-1,-1,-1,-1,-1,-1
201301MM71085,1,9,0,9,0,8,0,0,0,0,4,1,6,1,7,2792,1,16,4,1
201301MM71085,2,5,0,15,0,8,0,0,0,0,1,1,6,1,6,-1,-1,-1,7,1
201301MM71089,1,11,0,5,0,1,0,0,0,0,4,1,1,1,7,7300,2,9,4,1
201301MM71091,1,9,0,18,0,8,0,0,0,0,1,1,6,1,8,1397,1,12,5,1
201301MM71091,2,9,0,18,0,8,0,0,0,0,3,1,6,1,-1,1896,2,10,-1,-1
201301MM71097,1,9,0,3,0,1,0,0,0,0,2,1,6,2,7,3199,1,12,2,1
201301MM71097,2,9,0,18,0,1,0,0,0,0,1,1,6,1,-1,-1,-1,-1,-1,-1
201301MM71102,1,9,0,18,0,2,0,0,0,0,4,1,6,1,8,1995,1,5,5,1
201301MM71107,1,1,0,18,0,1,0,0,0,0,1,1,6,1,6,-1,-1,-1,4,1
201301MM79002,1,9,0,3,0,1,0,0,0,0,4,1,6,1,5,1596,1,4,2,1
201301MM79002,2,1,0,15,0,1,0,8,0,0,1,1,6,1,7,-1,-1,-1,4,1
201301MM79006,1,5,0,9,0,8,0,0,0,0,0,1,6,1,8,599,1,7,-1,-1
201301MM79006,2,8,0,18,0,8,0,0,0,0,0,1,6,1,-1,1686,2,2,-1,-1
201301MM79022,1,11,0,4,0,0,0,0,0,0,0,1,1,1,8,-1,2,12,-1,-1
201301MM79040,1,9,0,9,0,8,0,0,0,0,1,1,6,2,9,1988,1,15,9,1
201301MM79040,2,1,0,18,0,8,0,0,0,0,1,1,6,1,8,-1,-1,-1,3,1
201301MM79041,1,1,0,18,0,2,0,0,0,0,1,1,6,1,6,-1,-1,-1,-1,-1
201301MM79041,2,9,0,18,0,1,0,0,0,0,1,1,6,3,-1,-1,-1,-1,-1,-1
201301MM79041,3,9,0,2,0,2,0,0,0,0,1,1,6,3,-1,-1,-1,-1,-1,-1
201301MM79042,1,8,0,4,0,0,0,0,0,0,2,1,6,1,8,2664,2,14,5,1
201301MM79042,2,1,0,18,0,0,0,0,0,0,1,1,6,1,8,-1,-1,-1,3,1
201301MM79047,1,9,0,18,0,0,0,0,0,0,3,1,6,3,-1,-1,-1,-1,-1,-1
201301MM79048,1,9,0,18,0,8,0,0,0,0,1,1,6,1,7,1798,1,9,-1,-1
201301MM79055,1,9,0,3,0,0,0,0,0,0,2,1,6,2,9,1397,1,11,2,1
201301MM79055,2,9,0,3,0,0,0,0,0,0,2,1,6,1,4,1984,1,5,9,1
201301MM79055,3,9,0,18,0,0,0,0,0,0,1,1,6,2,8,2993,2,9,8,1
201301MM79090,1,9,0,7,0,2,0,0,0,0,1,1,6,1,4,1299,1,10,3,1
201301MM79141,1,9,0,18,0,1,0,0,0,0,1,1,6,3,-1,-1,-1,-1,-1,-1
201301PL60006,1,11,0,5,3,0,0,0,0,0,0,1,1,1,6,7300,2,12,2,1
201301PL60007,1,9,0,18,0,2,0,0,0,0,1,1,6,2,6,1595,1,6,3,1
201301PL60007,2,9,0,18,0,1,0,0,0,0,1,1,6,1,6,1197,1,3,3,1
201301PL60008,1,9,0,18,0,8,0,0,0,0,3,1,6,2,7,1968,2,2,3,1
201301PL60008,2,3,0,18,0,8,0,0,0,0,1,1,6,1,6,125,1,1,-1,-1
201301PL60009,1,9,0,9,0,8,0,0,0,0,1,1,6,3,-1,1999,1,8,-1,-1
201301PL60009,2,1,0,18,0,8,0,0,0,0,3,1,6,1,6,-1,-1,-1,5,1
201301PL60011,1,9,0,9,0,8,0,0,0,0,3,1,6,2,7,-1,-1,-1,8,1
201301PL60011,2,3,0,18,0,8,0,0,0,0,1,1,6,1,4,124,1,4,7,1
201301PL60012,1,9,0,3,0,2,0,0,0,0,2,1,6,2,7,2987,2,6,2,1
201301PL60012,2,9,0,18,0,2,0,0,0,0,1,1,6,1,-1,1461,2,3,4,1
201301PL60012,3,19,0,3,0,2,0,0,0,0,2,1,6,1,-1,-1,-1,-1,-1,-1
201301PL60013,1,9,0,18,0,8,0,0,0,0,3,1,6,2,8,1598,1,6,3,1
201301PL60013,2,11,0,9,0,8,0,0,0,0,4,1,6,1,8,9000,2,7,8,1
201301PL60014,1,9,0,17,0,0,0,0,0,0,1,1,6,1,8,-1,-1,-1,3,1
201301PL60014,2,3,0,16,0,0,0,0,0,0,1,1,6,1,6,125,1,7,2,1
201301PL60016,1,9,0,18,0,0,0,0,0,0,4,1,6,2,-1,-1,-1,-1,-1,-1
201301PL60017,1,9,0,18,0,1,0,0,0,0,4,1,6,1,8,1910,2,6,-1,-1
201301PL60018,1,3,0,14,0,8,0,0,0,0,1,1,6,1,5,125,1,2,2,1
201301PL60018,2,9,0,9,0,8,0,0,0,0,3,1,6,1,6,1497,8,6,-1,-1
201301PL60019,1,1,0,15,0,0,0,0,0,0,1,1,6,1,6,-1,-1,-1,2,1
201301PL60019,2,9,0,3,0,0,0,0,0,0,4,1,6,1,-1,-1,-1,-1,-1,-1
201301PL60020,1,9,0,11,0,0,0,0,0,0,4,1,6,2,8,1396,1,16,5,1
201301PL60020,2,11,0,18,0,0,0,0,0,0,3,1,6,1,7,8268,2,7,3,1
201301PL60021,1,9,0,5,0,8,0,10,1,10,3,1,6,1,6,1781,1,13,3,1
201301PL60021,2,9,0,3,0,8,0,0,0,0,2,1,6,2,6,-1,-1,-1,6,1
201301PL60022,1,9,0,8,0,1,0,0,0,0,2,1,6,2,6,1198,1,5,1,1
201301PL60022,2,9,0,18,0,1,0,0,0,0,1,1,6,1,-1,-1,-1,-1,-1,-1
201301PL60023,1,9,0,18,0,8,0,10,1,10,1,1,6,1,6,1299,1,12,9,2
201301PL60024,1,1,0,18,0,8,0,0,0,0,4,1,6,1,6,-1,-1,-1,5,1
201301PL60024,2,9,0,9,0,8,0,0,0,0,1,1,6,1,-1,1796,1,6,-1,-1
201301PL60025,1,9,0,3,0,8,0,0,0,0,2,1,6,1,5,1796,1,4,9,1
201301PL60025,2,9,0,18,0,8,0,0,0,0,1,1,6,1,-1,1896,2,9,4,1
201301PL60026,1,9,0,4,0,8,0,0,0,0,2,1,6,1,5,-1,-1,-1,3,1
201301PL60026,2,9,0,4,0,8,0,0,0,0,2,1,6,1,8,1995,2,2,9,1
201301PL60026,3,9,0,18,0,8,0,0,0,0,1,1,6,2,6,1596,1,5,1,1
201301PL60028,1,11,0,18,0,8,0,0,0,0,0,1,6,2,8,9000,2,4,-1,-1
201301PL60029,1,9,0,2,0,8,0,0,0,0,1,1,6,2,7,1240,1,6,3,1
201301PL60029,2,9,0,1,0,8,0,0,0,0,2,1,6,1,10,-1,-1,-1,3,1
201301PL60030,1,9,0,5,0,8,0,0,0,0,4,1,6,1,7,1598,1,17,6,1
201301PL60031,1,11,0,5,0,8,0,0,0,0,0,1,6,1,7,9000,2,7,9,1
201301PL60032,1,9,0,7,0,8,0,0,0,0,1,1,6,2,7,1995,1,10,3,1
201301PL60032,2,1,0,18,0,8,0,0,0,0,4,1,6,2,6,-1,-1,-1,2,1
201301PL60033,1,9,0,9,0,8,0,0,0,0,3,1,6,1,8,1794,1,12,2,1
201301PL60033,2,3,0,14,0,8,0,0,0,0,1,1,6,1,6,124,1,5,5,1
201301PL60034,1,9,0,4,0,8,0,0,0,0,4,1,6,2,9,1396,1,1,2,1
201301PL60035,1,3,0,4,0,8,0,0,0,0,2,1,6,1,6,-1,-1,-1,3,1
201301PL60035,2,4,0,18,0,8,0,0,0,0,1,1,6,1,6,124,1,6,2,1
201301PL60036,1,9,0,3,0,8,0,0,0,0,2,1,6,2,7,1339,1,10,4,1
201301PL60036,2,9,0,18,0,8,0,0,0,0,1,1,6,3,-1,-1,-1,-1,-1,-1
201301PL60037,1,5,0,18,0,8,0,0,0,0,0,1,6,1,5,675,1,2,4,1
201301PL60037,2,9,0,7,0,8,0,0,0,0,0,1,6,1,-1,1796,1,5,5,1
201301PL60039,1,1,0,18,0,8,0,0,0,0,1,1,6,1,7,-1,-1,-1,2,1
201301PL60039,2,9,0,9,0,8,0,0,0,0,3,1,6,1,-1,-1,-1,-1,-1,-1
201301PL60041,1,9,0,18,0,8,0,0,0,0,4,1,6,2,7,1299,1,15,3,1
201301PL60041,2,9,0,18,0,8,0,0,0,0,1,1,6,2,8,-1,-1,-1,7,1
201301PL60045,1,9,0,3,0,8,0,0,0,0,2,1,6,1,7,1995,2,5,8,1
201301PL60045,2,9,0,18,0,8,0,0,0,0,1,1,6,3,-1,-1,-1,-1,-1,-1
201301PL60046,1,9,0,3,0,8,0,0,0,0,4,1,6,2,5,1598,1,7,4,1
201301PL60046,2,9,0,15,0,8,0,0,0,0,3,1,6,3,-1,1796,1,9,-1,-1
201301PL60047,1,9,0,18,0,8,0,0,0,0,1,1,6,2,4,1240,1,9,3,1
201301PL60047,2,9,0,7,0,8,0,0,0,0,1,1,6,1,-1,-1,-1,-1,-1,-1
201301PL60048,1,9,0,4,0,8,0,0,0,0,2,1,6,2,6,1598,1,1,4,1
201301PL60048,2,9,0,4,0,8,0,0,0,0,2,1,6,2,9,1299,1,9,5,1
201301PL60048,3,9,0,18,0,8,0,0,0,0,1,1,6,1,6,-1,-1,-1,7,1
201301PL60049,1,9,0,3,0,8,0,0,0,0,2,1,6,2,7,1968,2,1,5,1
201301PL60049,2,9,0,18,0,8,0,0,0,0,1,1,6,1,5,1560,2,4,7,3
201301PL60050,1,19,0,3,0,8,0,0,0,0,2,1,6,1,6,2402,2,7,2,1
201301PL60050,2,5,0,18,0,8,0,0,0,0,1,1,6,1,6,670,1,1,2,1
201301PL60051,1,9,0,7,0,8,0,0,0,0,1,1,6,2,8,1797,8,1,3,1
201301PL60052,1,9,0,18,0,8,0,0,0,0,1,1,6,1,4,1242,1,6,5,1
201301PL60052,2,9,0,9,0,8,0,0,0,0,1,1,6,2,4,-1,-1,-1,3,1
201301PL60053,1,9,0,18,0,8,0,0,0,0,1,1,6,1,6,-1,-1,-1,-1,-1
201301PL60054,1,9,0,18,0,8,0,0,0,0,1,1,6,1,-1,-1,-1,-1,-1,-1
201301PL60057,1,11,0,5,0,8,0,0,0,0,0,1,6,1,-1,-1,-1,-1,-1,-1
201301PL60058,1,9,0,9,0,8,0,0,0,0,1,1,6,1,-1,1742,1,4,4,1
201301PL60059,1,1,0,18,0,8,0,0,0,0,1,1,6,1,-1,-1,-1,-1,7,1
201301PL60059,2,9,0,9,0,8,0,0,0,0,1,1,6,1,-1,1686,2,2,5,1
201301PL60060,1,9,0,9,0,8,0,0,0,0,1,1,6,2,7,1595,1,8,9,1
201301PL60060,2,2,0,18,0,8,0,0,0,0,1,1,6,1,6,-1,-1,-1,-1,-1
201301PL60061,1,11,0,4,0,8,0,0,0,0,0,1,6,1,-1,6700,2,1,2,1
201301PL60062,1,9,0,5,0,8,0,0,0,0,1,1,6,2,8,1587,1,11,2,1
201301PL60062,2,9,0,5,0,8,0,0,0,0,2,1,6,1,-1,-1,-1,-1,-1,-1
201301PL60062,3,90,0,5,0,8,0,0,0,0,1,1,6,1,-1,-1,-1,-1,-1,-1
201301PL60063,1,11,0,18,0,0,0,0,0,0,4,1,6,1,8,6700,2,2,3,1
201301PL60064,1,5,0,18,0,8,0,0,0,0,4,1,6,1,8,1050,1,5,8,1
201301PL60064,2,9,0,9,0,8,0,0,0,0,3,1,6,1,6,875,1,1,8,1
201301PL60065,1,9,0,9,0,8,0,0,0,0,1,1,6,1,6,1398,1,1,8,1
201301PL60066,1,19,0,9,0,8,0,0,0,0,1,1,2,1,6,1870,2,8,2,1
201301PL60066,2,3,0,18,0,8,0,0,0,0,3,1,2,1,6,125,1,10,4,1
201301PL60067,1,9,0,5,0,8,0,0,0,0,1,1,6,1,7,1997,2,5,4,1
201301PL60067,2,1,0,17,0,8,0,0,0,0,4,1,6,1,7,-1,-1,-1,4,1
201301PL60068,1,1,0,9,0,8,0,0,0,0,3,1,6,1,9,-1,-1,-1,3,1
201301PL60068,2,9,0,13,0,8,0,0,0,0,4,1,6,1,11,1364,1,8,9,2
201301PL60069,1,9,0,6,0,0,0,0,0,0,3,1,6,2,6,1781,1,11,2,1
201301PL60069,2,3,0,18,0,0,0,0,0,0,1,1,6,2,4,124,1,4,2,1
201301PL60070,1,9,0,18,0,8,1,10,7,2,1,1,6,1,8,3824,1,5,9,1
201301PL60070,2,9,0,9,0,8,0,0,0,0,3,1,6,1,8,-1,-1,-1,2,1
201301PL60071,1,9,0,9,0,8,0,0,0,0,3,1,1,2,8,-1,-1,-1,3,1
201301PL60071,2,3,0,18,0,8,0,0,0,0,1,1,6,1,8,85,1,14,-1,-1
201301PL60072,1,3,0,18,0,8,0,0,0,0,1,1,2,1,5,125,1,7,-1,-1
201301PL60072,2,9,0,9,0,8,0,0,0,0,4,1,2,2,9,1598,1,14,-1,-1
201301PL60073,1,9,0,18,0,0,0,0,0,0,3,1,6,2,6,1590,1,16,5,1
201301PL60074,1,1,0,18,0,8,0,0,0,0,3,1,6,1,7,-1,-1,-1,5,1
201301PL60074,2,9,0,11,0,8,0,0,0,0,4,1,6,1,-1,1910,2,4,-1,-1
201301PL60075,1,3,0,18,0,8,0,0,0,0,3,1,6,1,6,124,1,3,8,1
201301PL60075,2,9,0,18,0,8,0,0,0,0,3,1,6,1,6,1198,1,3,3,1
201301PL60075,3,9,0,18,0,8,0,0,0,0,3,1,6,1,6,1396,1,11,3,1
201301PL60076,1,9,0,9,0,8,0,0,0,0,4,1,6,1,7,-1,-1,-1,2,1
201301PL60076,2,9,0,18,0,8,0,0,0,0,1,1,6,1,5,998,1,10,5,1
201301PL60078,1,11,0,4,0,8,0,0,0,0,0,1,6,1,-1,-1,-1,-1,-1,-1
201301PL60080,1,9,0,18,0,8,0,0,0,0,1,1,6,1,6,-1,-1,-1,5,1
201301PL60081,1,9,0,18,0,8,0,0,0,0,1,1,6,2,8,2183,2,2,6,1
201301PL60082,1,9,0,9,0,8,0,0,0,0,1,1,6,1,-1,-1,-1,-1,-1,-1
201301PL60082,2,1,0,18,0,8,0,0,0,0,1,1,6,1,6,-1,-1,-1,-1,-1
201301PL60084,1,9,0,9,0,8,0,0,0,0,3,1,6,1,6,1598,1,3,-1,-1
201301PL60084,2,9,0,18,0,8,0,0,0,0,1,1,6,1,8,-1,-1,-1,2,1
201301PL60086,1,1,0,18,0,0,0,0,0,0,2,1,6,1,8,-1,-1,-1,4,1
201301PL60086,2,9,0,18,0,0,0,0,0,0,1,1,6,3,-1,-1,-1,-1,-1,-1
201301PL60087,1,9,0,18,0,1,0,0,0,0,1,1,6,2,6,1995,2,8,6,1
201301PL60088,1,5,0,18,0,0,0,0,0,0,1,1,6,1,6,645,1,6,-1,-1
201301PL60089,1,21,1,18,0,0,0,0,0,0,1,2,1,1,-1,-1,-1,-1,-1,-1
201301PL60089,2,9,0,3,0,0,0,0,0,0,2,1,6,2,7,2793,1,17,-1,-1
201301PL60090,1,11,0,4,0,0,0,0,0,0,0,1,1,1,7,8268,2,11,2,1
201301PL60091,1,1,0,18,0,8,0,0,0,0,1,1,6,1,6,-1,-1,-1,2,1
201301PL60091,2,9,0,7,0,8,0,0,0,0,4,1,6,1,-1,973,1,10,-1,-1
201301PL60092,1,9,0,9,0,8,0,0,0,0,4,1,6,1,10,1119,1,18,2,1
201301PL60092,2,1,0,15,0,8,0,0,0,0,1,1,6,1,7,-1,-1,-1,5,1
201301PL60093,1,9,0,9,0,8,0,0,0,0,3,1,6,1,5,1390,1,13,2,1
201301PL60093,2,9,0,9,0,8,0,0,0,0,1,1,6,2,-1,1497,1,11,-1,-1
201301PL60094,1,9,0,12,0,0,0,0,0,0,3,1,6,2,7,2198,1,6,2,1
201301PL60094,2,19,0,18,0,0,0,0,0,0,4,1,6,3,-1,-1,-1,-1,-1,-1
201301PL60097,1,3,0,18,0,8,0,0,0,0,1,1,6,1,4,124,1,3,2,1
201301PL60097,2,9,0,7,0,8,0,0,0,0,0,1,6,1,11,-1,-1,-1,4,1
201301PL60099,1,11,0,4,0,1,0,0,0,0,0,1,1,1,6,-1,-1,-1,8,1
201301PL60100,1,1,0,18,0,1,0,0,0,0,1,1,6,1,-1,-1,-1,-1,-1,-1
201301PL60101,1,9,0,12,0,1,0,0,0,0,3,1,6,1,8,998,1,11,3,1
201301PL60101,2,3,0,18,0,1,0,0,0,0,4,1,6,1,8,124,1,8,6,1
201301PL60102,1,9,0,3,0,1,0,0,0,0,2,1,6,2,8,1398,1,3,3,1
201301PL60102,2,19,0,5,0,1,0,0,0,0,1,1,6,1,7,1995,2,1,5,1
201301PL60103,1,9,0,18,0,8,0,0,0,0,2,1,6,1,6,1396,1,1,3,1
201301PL60103,2,3,0,18,0,8,0,0,0,0,1,1,6,3,-1,-1,-1,-1,-1,-1
201301PL60104,1,5,0,18,0,8,0,0,0,0,3,1,6,1,6,600,1,14,4,1
201301PL60104,2,9,0,11,0,8,0,0,0,0,4,1,6,1,7,2993,2,7,10,3
201301PL60105,1,9,0,18,0,8,0,0,0,0,4,1,6,1,6,1595,1,13,3,1
201301PL60106,1,3,0,18,0,8,0,0,0,0,1,1,6,1,6,124,1,4,2,1
201301PL60107,1,9,0,16,0,0,1,10,7,10,1,1,6,1,7,3199,1,11,4,1
201301PL60109,1,11,0,4,0,8,0,0,0,0,0,1,1,1,7,3900,2,7,5,1
201301PL60110,1,9,0,18,0,8,0,0,0,0,1,1,6,1,6,1587,1,12,3,1
201301PL60111,1,19,0,18,0,8,0,0,0,0,3,1,1,1,7,1995,2,4,10,1
201301PL60111,2,19,0,6,0,8,0,0,0,0,1,1,1,3,-1,-1,-1,-1,-1,-1
201301PL60113,1,9,0,18,0,8,0,0,0,0,2,1,6,2,7,1796,1,8,2,1
201301PL60113,2,19,0,18,0,8,0,0,0,0,1,1,6,1,7,-1,-1,-1,3,1
201301PL60114,1,1,0,18,0,8,0,0,0,0,1,1,6,1,7,-1,-1,-1,9,1
201301PL60114,2,9,0,9,0,8,0,0,0,0,4,1,6,1,-1,1198,1,2,7,1
201301PL60115,1,9,0,18,0,8,0,0,0,0,1,1,6,1,8,1461,2,10,4,1
201301PL60115,2,19,0,3,0,8,0,0,0,0,2,1,6,1,10,-1,-1,-1,6,1
201301PL60115,3,9,0,3,0,8,0,0,0,0,2,1,6,2,6,1796,1,2,6,1
201301PL60116,1,9,0,3,0,0,0,0,0,0,2,1,6,2,7,1988,1,9,5,1
201301PL60116,2,19,0,3,0,0,0,0,0,0,2,1,1,2,6,1753,2,5,2,1
201301PL60116,3,19,0,18,0,0,0,0,0,0,1,1,1,1,6,2402,2,2,-1,-1
201301PL60117,1,9,0,7,0,8,0,0,0,0,4,1,6,1,5,1242,1,4,3,1
201301PL60117,2,1,0,7,0,8,0,0,0,0,3,1,6,2,6,-1,-1,-1,3,1
201301PL60118,1,9,0,4,0,8,0,0,0,0,2,1,6,2,8,1796,1,5,-1,-1
201301PL60118,2,9,0,18,0,8,0,0,0,0,1,1,6,2,5,1398,2,-1,1,1
201301PL60119,1,9,0,9,0,8,0,0,0,0,4,1,6,2,6,1910,2,7,5,1
201301PL60119,2,9,0,18,0,8,0,0,0,0,1,1,6,2,8,1598,1,9,3,1
201301PL60120,1,9,0,18,0,8,0,0,0,0,1,1,6,2,8,1796,1,13,8,1
201301PL60121,1,11,0,18,2,8,0,0,0,0,1,1,1,1,7,9000,2,4,8,1
201301PL60121,2,9,0,7,0,8,0,0,0,0,4,1,6,1,6,1399,2,10,5,1
201301PL60122,1,9,0,18,0,0,0,0,0,0,1,1,6,2,7,-1,-1,-1,8,1
201301PL60124,1,9,0,18,0,8,0,0,0,0,4,1,6,1,5,1798,1,4,4,1
201301PL60124,2,9,0,15,0,8,0,0,0,0,3,1,6,3,-1,1199,1,12,-1,-1
201301PL60127,1,3,0,14,0,8,0,0,0,0,1,1,6,1,-1,108,1,1,-1,-1