Accident_Index,Vehicle_Reference,Vehicle_Type,Towing_and_Articulation,Vehicle_Manoeuvre,Vehicle_Location-Restricted_Lane,Junction_Location,Skidding_and_Overturning,Hit_Object_in_Carriageway,Vehicle_Leaving_Carriageway,Hit_Object_off_Carriageway,1st_Point_of_Impact,Was_Vehicle_Left_Hand_Drive?,Journey_Purpose_of_Driver,Sex_of_Driver,Age_Band_of_Driver,Engine_Capacity_(CC),Propulsion_Code,Age_of_Vehicle,Driver_IMD_Decile,Driver_Home_Area_Type
201301PL60127,2,9,0,9,0,8,0,0,0,0,3,1,6,1,7,973,1,12,-1,-1
201301PL60130,1,9,0,9,0,8,0,0,0,0,2,1,6,1,8,-1,-1,-1,2,1
201301PL60130,2,9,0,7,0,8,0,0,0,0,1,1,6,1,4,-1,-1,-1,-1,-1
201301PL60135,1,9,0,9,0,8,0,0,0,0,3,1,6,1,5,1686,2,8,2,1
201301PL60135,2,3,0,13,0,8,0,0,0,0,4,1,6,1,5,49,1,7,2,1
201301PL60136,1,9,0,18,0,8,0,0,0,0,3,1,6,2,10,1598,1,6,3,1
201301PL60136,2,19,0,18,0,8,0,0,0,0,4,1,6,1,-1,-1,-1,-1,-1,-1
201301PL60142,1,1,0,18,0,8,0,0,0,0,2,1,6,1,6,-1,-1,-1,5,1
201301PL60142,2,9,0,7,0,8,0,0,0,0,1,1,6,3,-1,1796,1,9,-1,-1
201301PL60145,1,11,0,18,0,8,0,0,0,0,3,1,1,2,8,-1,-1,-1,-1,-1
201301PL60145,2,9,0,7,0,8,0,0,0,0,4,1,6,2,9,1995,2,1,5,1
201301PL60146,1,5,0,14,0,2,0,0,0,0,1,1,6,1,6,-1,-1,-1,8,1
201301PL60147,1,9,0,10,0,1,0,0,0,0,2,1,6,2,8,-1,-1,-1,10,1
201301PL60147,2,19,0,18,0,1,0,0,0,0,1,1,6,1,-1,-1,-1,-1,-1,-1
201301PL60149,1,9,0,11,0,0,0,0,0,0,4,1,6,1,5,1596,1,6,4,1
201301PL60149,2,5,0,18,0,0,0,0,0,0,3,1,6,1,-1,-1,-1,-1,-1,-1
201301PL60151,1,19,0,7,0,8,0,0,0,0,1,1,6,1,6,-1,-1,-1,-1,-1
201301PL60151,2,9,0,9,0,8,0,0,0,0,4,1,6,2,5,1598,1,7,2,1
201301PL60153,1,8,0,1,0,0,0,0,0,0,2,1,1,1,7,1997,2,11,1,1
201301PL60154,1,9,0,2,0,1,0,0,0,0,2,1,6,1,4,1598,1,7,3,1
201301PL60154,2,9,0,18,0,1,0,0,0,0,1,1,6,2,7,1590,1,3,3,1
201301PL60156,1,9,0,9,0,8,0,0,0,0,1,1,6,1,7,-1,-1,-1,3,1
201301PL60157,1,11,0,5,0,8,0,0,0,0,0,1,6,1,-1,8268,2,10,-1,-1
201301PL60158,1,9,0,18,0,8,0,0,0,0,1,1,6,1,-1,1598,1,9,-1,-1
201301PL60159,1,9,0,4,0,8,0,0,0,0,2,1,6,1,6,2499,2,9,-1,-1
201301PL60159,2,9,0,18,0,8,0,0,0,0,1,1,6,1,-1,-1,-1,-1,-1,-1
201301PL60160,1,1,0,18,0,8,0,0,0,0,1,1,6,1,-1,-1,-1,-1,3,1
201301PL60160,2,9,0,18,0,8,0,0,0,0,1,1,6,2,-1,-1,-1,-1,-1,-1
201301PL60161,1,9,0,18,0,8,0,0,0,0,1,1,6,1,-1,-1,-1,-1,-1,-1
201301PL60162,1,1,0,18,0,8,0,0,0,0,1,1,6,1,6,-1,-1,-1,4,1
201301PL60162,2,9,0,7,0,8,0,0,0,0,1,1,6,1,-1,1242,1,7,-1,-1
201301PL60163,1,1,0,18,0,8,0,0,0,0,1,1,6,1,6,-1,-1,-1,-1,-1
201301PL60163,2,9,0,7,0,8,0,0,0,0,4,1,6,1,-1,-1,-1,-1,-1,-1
201301PL60164,1,9,0,18,0,0,0,0,0,0,1,1,6,1,7,1498,1,3,10,1
201301PL60165,1,9,0,18,0,8,0,0,0,0,1,1,6,1,5,-1,-1,-1,8,1
201301PL60165,2,9,0,9,0,8,0,0,0,0,1,1,6,1,4,-1,-1,-1,8,1
201301PL60166,1,9,0,1,0,8,0,0,0,0,2,1,6,3,-1,-1,-1,-1,-1,-1
201301PL60167,1,9,0,18,0,8,0,0,0,0,1,1,6,1,7,2597,1,13,2,1
201301PL60167,2,9,0,2,0,8,0,0,0,0,4,1,6,1,-1,1580,1,19,-1,-1
201301PL60168,1,9,0,18,0,8,0,0,0,0,1,1,6,2,7,1598,1,14,3,1
201301PL60168,2,4,0,9,0,8,0,0,0,0,1,1,6,1,-1,599,1,16,2,1
201301PL60170,1,9,0,18,0,8,0,0,0,0,1,1,6,1,6,-1,-1,-1,5,1
201301PL60170,2,9,0,4,0,8,0,0,0,0,2,1,6,2,-1,-1,-1,-1,6,1
201301PL60170,3,9,0,4,0,8,0,0,0,0,2,1,6,1,6,1896,2,5,-1,-1
201301PL60171,1,9,0,14,0,8,0,0,0,0,4,1,6,3,-1,-1,-1,-1,-1,-1
201301PL60172,1,1,0,18,0,0,0,0,0,0,1,1,6,3,-1,-1,-1,-1,-1,-1
201301PL60173,1,9,0,4,0,8,0,0,0,0,2,1,6,1,5,-1,-1,-1,3,1
201301PL60173,2,2,0,18,0,8,0,0,0,0,1,1,6,1,6,124,1,4,-1,-1
201301PL60174,1,11,0,9,0,8,0,0,0,0,0,1,6,1,-1,-1,-1,-1,-1,-1
201301PL60175,1,2,0,18,0,8,0,0,0,0,3,1,6,1,4,50,1,11,3,1
201301PL60176,1,9,0,18,0,8,0,0,0,0,1,1,6,2,-1,1590,1,11,2,1
201301PL60176,2,9,0,18,0,8,0,0,0,0,1,1,6,1,-1,1796,1,12,-1,-1
201301PL60177,1,9,0,18,0,8,0,0,0,0,1,1,6,1,-1,-1,-1,-1,-1,-1
201301PL60177,2,19,0,7,0,8,0,0,0,0,1,1,6,1,8,-1,-1,-1,5,1
201301PL60178,1,3,0,18,0,8,0,0,0,0,1,1,6,1,-1,-1,-1,-1,3,1
201301PL60178,2,9,0,9,0,8,0,0,0,0,1,1,6,2,7,1388,1,1,6,1
201301PL60179,1,9,0,4,0,8,0,0,0,0,2,1,6,1,6,-1,-1,-1,2,1
201301PL60179,2,2,0,18,0,8,0,0,0,0,1,1,6,1,4,124,1,7,2,1
201301PL60180,1,9,0,18,0,8,0,0,0,0,1,1,6,2,6,1999,1,2,3,1
201301PL60180,2,9,0,4,0,8,0,0,0,0,2,1,6,1,-1,1896,2,6,-1,-1
201301PL60181,1,9,0,14,0,0,0,0,0,0,1,1,6,2,6,1769,1,13,2,1
201301PL60182,1,1,0,18,0,8,0,0,0,0,1,1,6,2,3,-1,-1,-1,-1,-1
201301PL60182,2,9,0,18,0,8,0,0,0,0,1,1,6,1,-1,-1,-1,-1,-1,-1
201301PL60183,1,9,0,9,0,8,0,0,0,0,1,1,6,2,-1,-1,-1,-1,5,1
201301PL60183,2,9,0,18,0,8,0,0,0,0,1,1,6,2,-1,1560,2,9,-1,-1
201301PL60184,1,9,0,4,0,8,0,0,0,0,2,1,6,1,6,1998,1,10,4,1
201301PL60184,2,9,0,18,0,8,0,0,0,0,1,1,6,1,-1,998,1,8,-1,-1
201301PL60185,1,11,0,4,0,8,0,0,0,0,0,1,6,1,8,6700,2,1,-1,-1
201301PL60186,1,9,0,9,0,8,0,0,0,0,1,1,6,1,6,-1,-1,-1,-1,-1
201301PL60186,2,1,0,18,0,8,0,0,0,0,1,1,6,1,5,-1,-1,-1,1,1
201301PL60187,1,9,0,18,0,8,0,0,0,0,1,1,6,1,-1,1850,1,11,4,1
201301PL60187,2,9,0,18,0,8,0,0,0,0,1,1,6,1,6,1968,2,7,4,1
201301PL60188,1,11,0,5,0,8,0,0,0,0,4,1,1,1,6,9000,2,4,2,1
201301PL60188,2,90,0,18,0,8,0,0,0,0,3,1,6,1,9,-1,-1,-1,-1,-1
201301PL60189,1,9,0,18,0,8,0,0,0,0,3,1,6,2,6,1995,2,2,2,1
201301PL60189,2,3,0,13,0,8,0,0,0,0,4,1,6,3,-1,-1,-1,-1,-1,-1
201301PL60190,1,3,0,18,0,8,0,0,0,0,1,1,6,1,4,-1,-1,-1,6,1
201301PL60190,2,9,0,9,0,8,0,0,0,0,1,1,6,1,7,998,1,6,3,1
201301PL60191,1,11,0,5,0,0,0,0,0,0,0,1,1,1,8,9000,2,4,9,1
201301PL60192,1,9,0,3,0,8,0,0,0,0,2,1,6,1,5,2231,2,7,10,1
201301PL60192,2,9,0,18,0,8,0,0,0,0,1,1,6,3,-1,1997,2,9,-1,-1
201301PL60193,1,1,0,18,0,8,0,0,0,0,3,1,6,1,5,-1,-1,-1,3,1
201301PL60193,2,9,0,9,0,8,0,0,0,0,1,1,6,2,-1,-1,-1,-1,-1,-1
201301PL60194,1,9,0,18,0,8,0,0,0,0,3,1,6,1,-1,2480,1,1,-1,-1
201301PL60194,2,9,0,2,0,8,0,0,0,0,2,1,6,2,7,998,1,6,4,1
201301PL60194,3,9,0,2,0,8,0,0,0,0,4,1,6,2,-1,1598,1,2,4,1
201301PL60195,1,2,0,18,0,8,0,0,0,0,1,1,6,1,6,929,1,11,-1,-1
201301PL60195,2,9,0,2,0,8,0,0,0,0,3,1,6,1,-1,-1,-1,-1,-1,-1
201301PL60197,1,1,0,18,0,2,0,0,0,0,1,1,6,1,5,-1,-1,-1,7,1
201301PL60200,1,9,0,18,0,8,0,0,0,0,1,1,6,2,9,1951,2,7,3,1
201301PL60201,1,9,0,9,0,8,0,0,0,0,1,1,6,1,8,1598,1,11,3,1
201301PL60202,1,9,0,18,0,8,0,0,0,0,1,1,6,1,7,1598,1,1,2,1
201301PL60203,1,3,0,18,0,8,0,0,0,0,4,1,6,1,6,-1,-1,-1,3,1
201301PL60204,1,9,0,4,0,8,0,0,0,0,2,1,6,1,-1,1498,1,6,6,1
201301PL60204,2,9,0,18,0,8,0,0,0,0,1,1,6,2,-1,-1,-1,-1,-1,-1
201301PL60205,1,9,0,18,0,8,0,0,0,0,1,1,6,1,-1,-1,-1,-1,2,1
201301PL60205,2,9,0,18,0,8,0,0,0,0,2,1,6,1,-1,1951,2,11,2,1
201301PL60205,3,9,0,18,0,8,0,0,0,0,3,1,6,1,-1,-1,-1,-1,-1,-1
201301PL60206,1,9,0,9,0,8,0,0,0,0,1,1,6,1,8,-1,-1,-1,7,1
201301PL60206,2,2,0,18,0,8,0,0,0,0,1,1,6,1,4,124,1,11,1,1
201301PL60207,1,9,0,18,0,8,0,0,0,0,1,1,6,1,6,-1,-1,-1,-1,-1
201301PL60208,1,3,0,18,0,8,0,0,0,0,1,1,6,1,6,125,1,4,2,1
201301PL60208,2,9,0,9,0,8,0,0,0,0,1,1,6,1,4,1360,1,15,1,1
201301PL60209,1,9,0,18,0,8,0,0,0,0,1,1,6,2,11,1242,1,7,-1,-1
201301PL60210,1,9,0,4,0,8,0,0,0,0,2,1,6,1,6,1910,2,6,-1,-1
201301PL60210,2,9,0,18,0,8,0,0,0,0,1,1,6,1,-1,1199,1,11,6,1
201301PL60211,1,9,0,7,0,8,0,0,0,0,1,1,6,1,9,1988,1,9,3,1
201301PL60211,2,9,0,18,0,8,0,0,0,0,1,1,6,2,6,1598,1,11,2,1
201301PL60211,3,9,0,2,0,8,0,0,0,0,3,1,6,1,-1,1597,1,10,-1,-1
201301PL60212,1,9,0,9,0,8,0,0,0,0,1,1,6,1,7,-1,-1,-1,-1,-1
201301PL60212,2,1,0,18,0,8,0,0,0,0,1,1,6,1,7,-1,-1,-1,-1,-1
201301PL60213,1,9,0,4,0,8,0,0,0,0,2,1,6,1,7,-1,-1,-1,5,1
201301PL60213,2,9,0,18,0,8,0,0,0,0,1,1,6,1,4,-1,-1,-1,3,1
201301PL60214,1,4,0,15,0,8,0,0,0,0,1,1,6,1,-1,1284,1,9,5,1
201301PL60214,2,9,0,5,0,8,0,0,0,0,3,1,6,2,6,1797,8,1,1,1
201301PL60214,3,19,0,9,0,8,0,0,0,0,3,1,6,1,9,2402,2,4,8,3
201301PL60215,1,9,0,18,0,8,0,10,1,10,1,1,6,1,4,1368,1,4,3,1
201301PL60216,1,1,0,18,0,8,0,0,0,0,4,1,6,2,6,-1,-1,-1,3,1
201301PL60216,2,11,1,7,0,8,1,0,0,0,1,1,1,1,-1,6696,2,-1,-1,-1
201301PL60217,1,2,0,18,0,8,0,0,0,0,1,1,6,1,4,-1,-1,-1,4,1
201301PL60218,1,9,0,18,0,1,5,4,0,0,4,1,6,1,7,-1,-1,-1,3,1
201301PL60218,2,9,0,2,0,1,0,0,0,0,3,1,6,3,-1,1560,2,5,-1,-1
201301PL60218,3,9,0,2,0,1,0,0,0,0,3,1,6,3,-1,999,1,12,-1,-1
201301PL60219,1,19,0,5,0,0,0,0,0,0,1,1,6,1,6,-1,-1,-1,-1,-1
201301PL60219,2,3,0,18,0,0,0,0,0,0,1,1,6,1,4,125,1,9,-1,-1
201301PL60220,1,19,0,3,0,0,0,0,0,0,2,1,1,1,7,2477,2,4,1,1
201301PL60220,2,9,0,18,0,0,0,0,0,0,1,1,6,1,-1,1796,1,9,3,1
201301PL60221,1,3,0,18,0,8,0,0,0,0,1,1,1,1,5,125,1,7,-1,-1
201301PL60221,2,9,0,18,0,8,0,0,0,0,3,1,6,2,8,1390,1,9,3,1
201301PL60222,1,11,0,18,0,8,0,0,0,0,0,1,6,1,-1,8268,2,7,4,1
201301PL60223,1,9,0,7,0,8,0,0,0,0,4,1,6,2,8,1598,1,9,3,1
201301PL60223,2,1,0,18,0,8,0,0,0,0,1,1,6,1,6,-1,-1,-1,2,1
201301PL60224,1,9,0,18,0,0,0,0,0,0,1,1,6,1,4,-1,-1,-1,4,1
201301PL60225,1,9,0,2,0,0,0,0,0,0,3,1,6,1,5,1995,2,3,2,1
201301PL60225,2,1,0,18,0,0,0,8,0,0,1,1,6,1,6,-1,-1,-1,2,1
201301PL60227,1,9,0,7,0,8,0,0,0,0,4,1,6,1,7,1299,1,13,4,1
201301PL60227,2,1,0,18,0,8,0,0,0,0,1,1,6,2,5,-1,-1,-1,3,1
201301PL60228,1,9,0,18,0,8,0,0,0,0,3,1,6,1,5,1984,1,4,-1,-1
201301PL60228,2,9,0,18,0,8,0,0,0,0,3,1,6,2,7,2495,2,9,2,1
201301PL60230,1,1,0,18,0,8,0,0,0,0,1,1,6,1,5,-1,-1,-1,-1,-1
201301PL60231,1,9,0,18,0,8,0,4,0,0,4,1,6,1,8,2500,1,14,4,1
201301PL60231,2,19,0,9,0,8,0,0,0,0,0,1,6,1,8,1796,7,10,2,1
201301PL60231,3,9,0,2,0,8,0,0,0,0,3,1,6,3,-1,-1,-1,-1,-1,-1
201301PL60231,4,9,0,2,0,8,0,0,0,0,3,1,6,3,-1,-1,-1,-1,-1,-1
201301PL60233,1,9,0,7,0,8,0,0,0,0,3,1,6,1,6,1598,1,8,4,1
201301PL60233,2,1,0,18,0,8,0,0,0,0,1,1,6,1,5,-1,-1,-1,-1,-1
201301PL60234,1,9,0,18,0,1,0,0,0,0,1,1,6,1,8,1910,2,5,3,1
201301PL60235,1,9,0,3,0,8,0,0,0,0,3,1,6,1,7,-1,-1,-1,2,1
201301PL60235,2,9,0,18,0,8,0,0,0,0,3,1,6,3,-1,-1,-1,-1,-1,-1
201301PL60236,1,9,0,8,0,8,0,0,0,0,2,1,6,1,6,1968,2,8,2,1
201301PL60236,2,11,0,5,0,8,0,0,0,0,1,1,6,1,7,9000,2,4,5,1
201301PL60238,1,9,0,18,0,8,0,0,0,0,3,1,6,1,7,1598,1,11,2,1
201301PL60240,1,9,0,18,0,1,0,0,0,0,1,1,6,2,6,1390,1,10,10,2
201301PL60241,1,2,0,4,0,8,0,0,0,0,1,1,6,1,4,-1,-1,-1,-1,-1
201301PL60241,2,19,0,4,0,8,0,0,0,0,2,1,6,1,7,1868,2,7,6,1
201301PL60242,1,9,0,18,0,0,0,4,0,0,1,1,6,2,6,1598,1,4,10,1
201301PL60242,2,9,0,2,0,0,0,0,0,0,2,1,6,3,-1,-1,-1,-1,-1,-1
201301PL60244,1,3,0,9,0,8,0,0,0,0,4,1,6,1,5,125,1,9,2,1
201301PL60244,2,9,0,9,0,8,0,0,0,0,3,1,6,1,9,1240,1,3,5,1
201301PL60245,1,11,0,4,0,8,0,0,0,0,0,1,6,1,8,-1,-1,-1,9,1
201301PL60248,1,9,0,9,0,8,0,0,0,0,1,1,6,2,7,1390,1,5,4,1
201301PL60248,2,1,0,18,0,8,0,0,0,0,4,1,6,1,-1,-1,-1,-1,-1,-1
201301PL60250,1,3,0,13,0,8,0,0,0,0,4,1,6,1,9,124,1,2,7,1
201301PL60250,2,9,0,9,0,8,0,0,0,0,3,1,6,1,-1,-1,-1,-1,-1,-1
201301PL60252,1,9,0,18,0,1,0,0,0,0,1,1,6,1,8,1242,1,12,1,1
201301PL60254,1,9,0,9,0,8,0,0,0,0,1,1,6,1,7,1910,2,8,-1,-1
201301PL60254,2,4,0,18,0,8,0,0,0,0,4,1,6,1,7,600,1,11,3,1
201301PL60255,1,5,0,18,0,0,0,0,0,0,0,1,6,1,-1,750,1,5,-1,-1
201301PL60255,2,1,0,12,0,0,0,0,0,0,0,1,6,1,-1,-1,-1,-1,-1,-1
201301PL60256,1,19,0,7,0,8,0,0,0,0,1,1,6,1,7,2300,2,10,2,1
201301PL60256,2,90,0,18,9,8,0,0,0,0,3,1,6,1,11,-1,-1,-1,2,1
201301PL60257,1,4,0,7,0,1,0,0,0,0,2,1,6,1,8,499,1,14,4,1
201301PL60257,2,9,0,7,0,1,0,0,0,0,1,1,6,2,6,1196,1,16,3,1
201301PL60259,1,5,0,14,0,0,0,0,0,0,1,1,6,1,7,599,1,10,-1,-1
201301PL60260,1,5,0,18,0,2,0,0,0,0,0,1,6,1,9,1340,1,18,2,1
201301PL60261,1,5,0,18,0,1,0,0,0,0,1,1,6,3,-1,-1,-1,-1,-1,-1
201301PL60262,1,1,0,18,0,0,0,0,0,0,2,1,6,1,7,-1,-1,-1,3,1
201301PL60262,2,9,0,13,0,0,0,0,0,0,1,1,6,2,-1,1796,1,10,-1,-1
201301PL60263,1,5,0,13,0,2,0,0,0,0,1,1,6,1,9,-1,-1,-1,2,1
201301PL60263,2,9,0,6,0,2,0,0,0,0,3,1,6,2,7,1390,1,11,3,1
201301PL60265,1,9,0,18,0,8,0,0,0,0,3,1,6,2,6,2231,2,6,5,1
201301PL60265,2,2,0,18,0,8,0,0,0,0,1,1,6,1,5,124,1,11,3,1
201301PL60269,1,9,0,17,0,8,0,0,0,0,1,1,6,2,7,-1,-1,-1,2,1
201301PL60269,2,9,0,9,0,8,0,0,0,0,3,1,6,1,-1,1364,1,5,2,1
201301PL60270,1,1,0,18,0,8,0,0,0,0,1,1,6,2,6,-1,-1,-1,4,1
201301PL60270,2,9,0,7,0,8,0,0,0,0,4,1,6,1,-1,-1,-1,-1,-1,-1
201301PL60271,1,4,0,18,0,8,0,0,0,0,1,1,6,1,7,125,1,1,2,1
201301PL60271,2,9,0,7,0,8,0,0,0,0,4,1,6,1,-1,2000,2,8,3,1
201301PL60272,1,9,0,9,0,8,0,7,0,0,1,1,6,1,11,1600,1,15,-1,-1
201301PL60272,2,19,0,18,0,8,0,0,0,0,1,1,6,1,-1,-1,-1,-1,-1,-1
201301PL60273,1,9,0,18,0,0,0,0,0,0,1,1,6,1,6,1597,1,13,4,1
201301PL60274,1,9,0,18,0,1,0,0,0,0,1,1,6,2,5,1198,1,10,5,1
201301PL60274,2,5,0,4,0,1,0,0,0,0,2,1,6,1,6,649,1,4,3,1
201301PL60275,1,9,0,18,0,0,0,0,0,0,3,1,6,2,6,1248,2,4,3,1
201301PL60275,2,9,0,13,0,0,0,0,0,0,4,1,6,2,-1,1998,1,12,-1,-1
201301PL60276,1,9,0,6,0,2,0,0,0,0,3,1,6,2,6,2000,2,4,3,1
201301PL60276,2,2,0,13,0,2,0,0,0,0,1,1,1,1,4,49,1,3,4,1
201301PL60278,1,1,0,18,0,1,0,0,0,0,1,1,6,1,6,-1,-1,-1,3,1
201301PL60279,1,9,0,18,0,8,0,0,0,0,1,1,6,1,6,1392,1,14,2,1
201301PL60279,2,9,0,9,0,8,0,0,0,0,1,1,6,1,4,1598,1,9,9,1
201301PL60280,1,9,0,9,0,8,0,0,0,0,0,1,6,2,8,1596,1,12,-1,-1
201301PL60280,2,1,0,4,0,8,0,0,0,0,0,1,6,1,8,-1,-1,-1,4,1
201301PL60281,1,5,0,15,0,8,0,0,0,0,1,1,6,1,8,1284,1,1,4,1
201301PL60281,2,19,0,9,0,8,0,0,0,0,1,1,6,1,6,1870,2,10,3,1
201301PL60282,1,9,0,8,0,8,0,0,0,0,2,1,6,2,6,1596,1,10,-1,-1
201301PL60282,2,19,0,18,0,8,0,0,0,0,1,1,6,1,6,-1,-1,-1,5,1
201301PL60283,1,9,0,9,0,8,0,0,0,0,3,1,6,2,6,1493,2,7,4,1
201301PL60283,2,9,0,18,0,8,0,0,0,0,1,1,1,1,-1,-1,-1,-1,-1,-1
201301PL60284,1,9,0,18,0,8,0,0,0,0,1,1,6,2,8,1398,1,3,-1,-1
201301PL60284,2,9,0,9,0,8,0,0,0,0,1,1,6,1,8,1910,2,8,4,1
201301PL60285,1,9,0,18,0,1,0,0,0,0,1,1,6,2,8,1598,1,9,4,1
201301PL60286,1,9,0,18,0,1,0,0,0,0,4,1,6,1,5,1200,1,11,4,1
201301PL60287,1,90,0,18,9,0,0,0,0,0,1,1,6,1,-1,-1,-1,-1,-1,-1
201301PL60288,1,9,0,9,0,8,0,0,0,0,1,1,6,1,6,-1,-1,-1,4,1
201301PL60288,2,9,0,18,0,8,0,0,0,0,1,1,6,2,-1,2204,2,6,-1,-1
201301PL60289,1,5,0,14,0,0,0,0,0,0,1,1,6,1,7,656,1,5,5,1
201301PL60290,1,9,0,9,0,8,0,0,0,0,3,1,6,1,7,-1,-1,-1,2,1
201301PL60290,2,5,0,18,0,8,0,0,0,0,1,1,6,1,8,599,1,15,4,1
201301PL60291,1,1,0,18,0,0,0,0,0,0,3,1,6,1,-1,-1,-1,-1,2,1
201301PL60291,2,9,0,13,0,0,0,0,0,0,4,1,6,3,-1,-1,-1,-1,-1,-1
201301PL60292,1,3,0,18,0,8,0,0,0,0,1,1,6,1,8,124,1,2,3,1
201301PL60292,2,9,0,7,0,8,0,0,0,0,4,1,6,1,7,1796,1,9,1,1
201301PL60293,1,9,0,7,0,8,0,0,0,0,1,1,6,2,7,1995,2,3,3,1
201301PL60294,1,9,0,3,0,1,0,0,0,0,2,1,6,1,4,1199,1,10,-1,-1
201301PL60294,2,9,0,18,0,1,0,0,0,0,1,1,6,1,6,-1,-1,-1,-1,-1
201301PL60295,1,9,0,17,0,8,0,0,0,0,3,1,6,1,7,1596,1,11,4,1
201301PL60295,2,19,0,17,0,8,0,0,0,0,4,1,6,1,-1,2198,2,4,-1,-1
201301PL60297,1,1,0,15,2,2,0,0,0,0,1,1,6,1,7,-1,-1,-1,4,2
201301PL60298,1,9,0,18,0,1,0,0,0,0,1,1,6,1,7,1910,2,4,5,1
201301PL60300,1,9,0,1,0,8,0,0,0,0,2,1,6,2,-1,2993,2,3,-1,-1
201301PL60300,2,9,0,3,0,8,0,0,0,0,1,1,6,1,5,2993,2,5,2,1
201301PL60301,1,1,0,18,0,2,0,0,0,0,1,1,6,1,7,-1,-1,-1,4,1
201301PL60301,2,9,0,4,0,2,0,0,0,0,2,1,6,2,7,2295,1,12,-1,-1
201301PL60302,1,9,0,18,0,8,0,0,0,0,3,1,6,2,8,1390,1,9,3,1
201301PL60302,2,1,0,18,0,8,0,0,0,0,1,1,6,1,6,-1,-1,-1,2,1
201301PL60304,1,5,0,18,0,1,0,0,0,0,1,1,6,1,8,885,1,19,6,1
201301PL60305,1,3,0,13,0,8,0,0,0,0,0,1,6,1,6,125,1,-1,7,1
201301PL60305,2,9,0,9,0,8,0,0,0,0,0,1,6,2,9,1968,2,8,-1,-1
201301PL60307,1,19,0,1,0,0,0,0,0,0,2,1,1,1,5,2198,2,1,9,1
201301PL60308,1,9,0,18,0,8,0,0,0,0,3,1,6,2,-1,969,1,7,2,1
201301PL60308,2,9,0,18,0,8,0,0,0,0,1,1,6,3,-1,-1,-1,-1,-1,-1
201301PL60309,1,8,0,5,0,8,0,0,0,0,3,1,6,3,-1,-1,-1,-1,-1,-1
201301PL60310,1,9,0,18,0,8,0,0,0,0,4,1,6,1,9,1896,2,9,4,1
201301PL60311,1,9,0,3,0,8,0,0,0,0,2,1,6,2,5,1229,1,1,7,1
201301PL60311,2,9,0,18,0,8,0,0,0,0,1,1,6,3,-1,1493,2,10,-1,-1
201301PL60312,1,9,0,18,0,0,5,10,7,0,1,1,6,1,-1,1968,1,7,-1,-1
201301PL60312,2,9,0,2,0,0,0,0,0,0,4,1,6,3,-1,1149,1,13,-1,-1
201301PL60313,1,9,0,9,0,8,0,0,0,0,4,1,6,1,5,2967,1,10,3,1
201301PL60313,2,1,0,18,0,8,0,0,0,0,1,1,6,1,7,-1,-1,-1,3,1
201301PL60314,1,1,0,18,0,8,0,0,0,0,1,1,6,1,7,-1,-1,-1,1,1
201301PL60314,2,9,0,7,0,8,0,0,0,0,4,1,6,2,-1,-1,-1,-1,-1,-1
201301PL60315,1,3,0,18,0,8,0,0,0,0,1,1,1,1,5,49,1,3,2,1
201301PL60315,2,9,0,5,0,8,0,0,0,0,3,1,6,1,8,1349,1,16,2,1
201301PL60316,1,9,0,9,0,2,0,0,0,0,3,1,6,1,5,-1,-1,-1,4,1
201301PL60316,2,1,0,18,0,2,0,0,0,0,1,1,6,1,3,-1,-1,-1,3,1
201301PL60317,1,9,0,9,0,2,0,0,0,0,1,1,6,3,-1,-1,-1,-1,-1,-1
201301PL60318,1,1,0,18,0,1,0,0,0,0,3,1,6,1,7,-1,-1,-1,5,1
201301PL60318,2,11,0,13,0,1,0,0,0,0,4,1,1,3,-1,-1,-1,-1,-1,-1
201301PL60319,1,9,0,9,0,8,0,0,0,0,0,1,6,1,8,1995,1,4,-1,-1
201301PL60319,2,5,0,18,0,8,0,0,0,0,0,1,6,1,5,599,1,8,5,1
201301PL60320,1,1,0,18,0,8,0,0,0,0,0,1,6,1,7,-1,-1,-1,3,1
201301PL60320,2,5,0,7,0,8,0,0,0,0,0,1,6,3,-1,-1,-1,-1,-1,-1
201301PL60321,1,9,0,16,0,0,0,0,0,0,1,1,6,1,5,1398,2,6,4,1
201301PL60321,2,1,0,18,9,0,0,0,0,0,1,1,6,2,2,-1,-1,-1,4,1
201301PL60324,1,19,0,18,0,1,0,0,0,0,3,1,6,1,7,2461,2,4,4,1
201301PL60325,1,9,0,9,0,8,0,0,0,0,3,1,6,1,9,-1,-1,-1,3,1
201301PL60325,2,3,0,14,0,8,0,0,0,0,1,1,6,1,6,124,1,5,3,1
201301PL60326,1,19,0,7,0,8,0,0,0,0,2,1,6,1,6,2198,2,3,3,1
201301PL60326,2,1,0,18,0,8,0,0,0,0,1,1,6,1,7,-1,-1,-1,5,1
201301PL60327,1,9,0,3,0,1,0,0,0,0,2,1,6,2,6,998,1,13,-1,-1
201301PL60327,2,9,0,18,0,1,0,0,0,0,1,1,6,3,-1,-1,-1,-1,-1,-1
201301PL60327,3,9,0,3,0,1,0,0,0,0,2,1,6,3,-1,-1,-1,-1,-1,-1
201301PL60328,1,1,0,18,0,2,0,0,0,0,0,1,6,1,7,-1,-1,-1,5,1
201301PL60328,2,19,0,18,0,1,0,0,0,0,0,1,6,1,-1,1995,2,1,-1,-1
201301PL60329,1,9,0,14,0,1,0,0,0,0,1,1,6,1,8,2198,2,7,10,1
201301PL60330,1,9,0,9,0,8,0,0,0,0,1,1,6,2,6,-1,-1,-1,2,1
201301PL60330,2,1,0,18,0,8,0,0,0,0,4,1,6,2,7,-1,-1,-1,3,1
201301PL60331,1,9,0,7,0,8,0,0,0,0,0,1,6,2,5,-1,-1,-1,4,1
201301PL60332,1,2,0,13,0,8,0,0,0,0,4,1,6,1,4,-1,-1,-1,2,1
201301PL60332,2,9,0,9,0,8,0,0,0,0,3,1,6,1,8,1398,2,5,2,1
201301PL60333,1,1,0,18,0,8,0,0,0,0,1,1,6,1,5,-1,-1,-1,3,1
201301PL60333,2,9,0,7,0,8,0,0,0,0,4,1,6,1,9,1896,2,11,3,1
201301PL60334,1,9,0,9,0,8,0,0,0,0,3,1,6,1,8,-1,-1,-1,5,1