Accident_Index,Vehicle_Reference,Vehicle_Type,Towing_and_Articulation,Vehicle_Manoeuvre,Vehicle_Location-Restricted_Lane,Junction_Location,Skidding_and_Overturning,Hit_Object_in_Carriageway,Vehicle_Leaving_Carriageway,Hit_Object_off_Carriageway,1st_Point_of_Impact,Was_Vehicle_Left_Hand_Drive?,Journey_Purpose_of_Driver,Sex_of_Driver,Age_Band_of_Driver,Engine_Capacity_(CC),Propulsion_Code,Age_of_Vehicle,Driver_IMD_Decile,Driver_Home_Area_Type
201301PL60535,2,9,0,18,0,1,0,0,0,0,1,1,6,1,-1,-1,-1,-1,-1,-1
201301PL60536,1,9,0,18,0,0,0,0,0,0,1,1,1,1,7,1390,1,11,3,1
201301PL60537,1,9,0,18,0,0,0,0,0,0,1,1,1,1,9,1997,2,10,-1,-1
201301PL60538,1,9,0,9,0,8,0,0,0,0,4,1,6,1,6,1598,1,7,5,1
201301PL60538,2,1,0,18,0,8,0,0,0,0,1,1,6,1,7,-1,-1,-1,2,1
201301PL60541,1,9,0,1,0,1,0,0,0,0,2,1,6,2,-1,1997,1,6,-1,-1
201301PL60542,1,9,0,18,0,1,0,0,0,0,1,1,6,3,-1,1896,2,11,-1,-1
201301PL60543,1,1,0,18,0,8,0,0,0,0,0,1,6,2,6,-1,-1,-1,5,1
201301PL60543,2,9,0,7,0,8,0,0,0,0,0,1,6,1,-1,-1,-1,-1,-1,-1
201301PL60544,1,1,0,15,0,8,0,0,0,0,1,1,6,2,6,-1,-1,-1,5,1
201301PL60544,2,9,0,9,0,8,0,0,0,0,1,1,6,3,-1,-1,-1,-1,-1,-1
201301PL60545,1,9,0,3,0,0,0,0,0,0,4,1,6,1,6,-1,-1,-1,8,1
201301PL60545,2,1,0,15,0,0,0,0,0,0,1,1,6,1,5,-1,-1,-1,3,1
201301PL60547,1,19,0,1,0,8,0,0,0,0,2,1,6,1,-1,-1,-1,-1,-1,-1
201301PL60548,1,19,0,18,0,0,0,10,7,10,3,1,1,1,7,2298,2,1,-1,-1
201301PL60549,1,11,0,5,0,1,0,0,0,0,0,1,1,3,-1,-1,-1,-1,-1,-1
201301PL60550,1,11,0,3,0,1,0,0,0,0,2,1,1,1,6,9000,2,7,2,1
201301PL60550,2,9,0,14,0,1,0,0,0,0,1,1,6,2,-1,-1,-1,-1,4,1
201301PL60551,1,9,0,18,0,1,0,0,0,0,1,1,6,1,-1,1364,1,5,-1,-1
201301PL60551,2,9,0,3,0,1,0,0,0,0,2,1,6,2,7,1686,2,19,3,1
201301PL60552,1,3,0,18,0,2,0,0,0,0,1,1,6,1,4,125,1,-1,4,1
201301PL60553,1,9,0,18,0,1,0,0,0,0,1,1,6,2,-1,1390,1,9,3,1
201301PL60554,1,3,0,13,0,8,0,0,0,0,1,1,6,1,5,-1,-1,-1,2,1
201301PL60554,2,9,0,9,0,8,0,0,0,0,3,1,6,2,-1,-1,-1,-1,-1,-1
201301PL60555,1,9,0,3,0,0,0,0,0,0,2,1,6,1,10,1248,1,3,7,3
201301PL60555,2,9,0,3,0,0,0,0,0,0,2,1,6,1,7,-1,-1,-1,5,1
201301PL60555,3,9,0,18,0,0,0,0,0,0,1,1,6,1,-1,-1,-1,-1,-1,-1
201301PL60556,1,9,0,18,0,2,0,0,0,0,1,1,6,2,6,1587,1,10,3,1
201301PL60556,2,11,0,4,0,2,0,0,0,0,2,1,1,1,9,5883,2,11,8,1
201301PL60559,1,9,0,14,0,1,0,0,0,0,1,1,6,2,5,2148,2,4,2,1
201301PL60561,1,11,0,13,0,0,0,0,0,0,4,1,1,3,-1,-1,-1,-1,-1,-1
201301PL60561,2,1,0,18,0,0,0,0,0,0,3,1,2,1,4,-1,-1,-1,2,1
201301PL60563,1,9,0,9,0,8,0,0,0,0,3,1,6,2,6,1598,1,10,4,1
201301PL60563,2,5,0,14,0,8,0,0,0,0,1,1,6,2,5,645,1,3,9,3
201301PL60564,1,9,0,18,0,0,0,0,0,0,1,1,6,1,7,1998,2,11,2,1
201301PL60564,2,9,0,6,0,0,0,0,0,0,3,1,6,1,8,1598,1,9,8,1
201301PL60566,1,9,0,9,0,8,0,0,0,0,4,1,6,1,5,973,1,10,2,1
201301PL60566,2,3,0,18,0,8,0,0,0,0,1,1,6,1,-1,100,1,8,1,1
201301PL60567,1,9,0,3,0,0,0,0,0,0,2,1,6,1,5,1896,2,6,2,1
201301PL60567,2,9,0,18,0,0,0,0,0,0,1,1,6,1,-1,1968,2,1,-1,-1
201301PL60568,1,9,0,9,0,8,0,0,0,0,4,1,6,1,11,1596,1,18,9,1
201301PL60568,2,1,0,18,0,8,0,0,0,0,1,1,6,1,6,-1,-1,-1,5,1
201301PL60569,1,8,0,4,0,1,0,0,0,0,2,1,1,1,7,1796,1,2,3,1
201301PL60569,2,9,0,4,0,1,0,0,0,0,1,1,6,2,-1,1984,1,1,-1,-1
201301PL60571,1,9,0,2,0,0,0,0,0,0,2,1,6,1,6,3199,1,10,3,1
201301PL60571,2,9,0,14,0,0,0,0,0,0,4,1,6,2,7,1198,1,3,4,1
201301PL60572,1,5,0,5,0,1,0,0,0,0,2,1,6,1,7,598,1,12,4,1
201301PL60572,2,9,0,5,0,1,0,0,0,0,1,1,6,1,7,698,1,9,3,1
201301PL60573,1,9,0,18,0,0,0,0,0,0,4,1,6,2,7,1753,2,9,5,1
201301PL60574,1,9,0,18,0,8,0,0,0,0,3,1,6,2,5,1399,2,2,1,1
201301PL60574,2,9,0,7,0,8,0,0,0,0,4,1,6,1,7,1598,1,3,2,1
201301PL60577,1,11,0,5,0,0,0,0,0,0,0,1,1,1,8,8268,2,10,5,1
201301PL60578,1,11,0,4,0,0,0,0,0,0,0,1,1,1,7,6700,2,1,4,1
201301PL60579,1,9,0,3,0,1,0,0,0,0,2,1,6,1,8,2671,1,13,3,1
201301PL60579,2,9,0,18,0,1,0,0,0,0,1,1,6,1,6,1124,1,9,4,1
201301PL60580,1,11,0,5,0,1,0,0,0,0,1,1,1,1,8,6700,2,1,5,1
201301PL60580,2,9,0,4,0,1,0,0,0,0,2,1,6,1,8,1995,1,9,3,1
201301PL60582,1,9,0,3,0,1,0,0,0,0,4,1,1,1,8,1868,1,10,2,1
201301PL60582,2,1,0,15,0,1,0,8,0,0,1,1,6,1,7,-1,-1,-1,3,1
201301PL60583,1,8,0,5,0,8,0,0,0,0,1,1,1,1,6,1968,2,6,3,1
201301PL60583,2,1,0,18,0,8,0,0,0,0,1,1,6,1,7,-1,-1,-1,9,1
201301PL60584,1,9,0,9,0,8,0,0,0,0,4,1,6,1,4,973,1,12,10,1
201301PL60584,2,11,0,18,0,8,0,0,0,0,1,1,1,1,7,-1,-1,-1,-1,-1
201301PL60585,1,1,0,17,0,8,0,0,0,0,1,1,6,2,7,-1,-1,-1,4,1
201301PL60585,2,9,0,16,0,8,0,0,0,0,1,1,6,2,-1,1598,1,9,-1,-1
201301PL60586,1,9,0,9,0,8,0,0,0,0,1,1,6,2,8,3996,2,2,6,1
201301PL60586,2,5,0,18,0,8,0,0,0,0,3,1,6,1,6,595,1,9,-1,-1
201301PL60587,1,9,0,4,0,1,0,0,0,0,1,1,6,2,-1,-1,-1,-1,-1,-1
201301PL60588,1,2,0,9,0,8,0,0,0,0,1,1,1,1,5,124,1,-1,4,1
201301PL60588,2,19,0,18,0,8,0,0,0,0,3,1,1,1,8,2198,2,-1,3,1
201301PL60589,1,9,0,9,0,8,0,0,0,0,3,1,1,1,8,3199,1,11,3,1
201301PL60589,2,5,0,13,0,8,0,0,0,0,4,1,6,1,4,645,1,5,2,1
201301PL60590,1,1,0,18,0,1,0,0,0,0,4,1,6,1,2,-1,-1,-1,7,1
201301PL60590,2,9,0,18,0,1,0,0,0,0,1,1,1,2,8,1596,1,7,-1,-1
201301PL60591,1,21,0,9,0,8,0,0,0,0,1,1,1,1,6,6870,2,1,-1,-1
201301PL60591,2,1,0,18,0,8,0,0,0,0,1,1,6,1,8,-1,-1,-1,10,1
201301PL60592,1,1,0,18,0,8,0,0,0,0,1,1,6,2,4,-1,-1,-1,2,1
201301PL60592,2,9,0,9,0,8,0,0,0,0,4,1,6,3,-1,-1,-1,-1,-1,-1
201301PL60593,1,11,0,7,0,8,0,0,0,0,0,1,1,1,6,-1,-1,-1,-1,-1
201301PL60594,1,9,0,18,0,1,0,10,1,2,1,1,6,1,5,1598,1,8,3,1
201301PL60595,1,1,0,18,0,1,0,0,0,0,3,1,6,1,7,-1,-1,-1,3,1
201301PL60595,2,19,0,7,0,5,0,0,0,0,4,1,6,3,-1,-1,-1,-1,-1,-1
201301PL60596,1,9,0,10,0,1,0,0,0,0,2,1,6,2,9,1997,2,3,3,1
201301PL60596,2,9,0,18,0,1,0,0,0,0,1,1,6,1,-1,1396,1,16,-1,-1
201301PL60597,1,9,0,7,0,8,0,4,0,0,1,1,6,2,8,1299,1,13,2,1
201301PL60597,2,9,0,2,0,2,0,4,0,0,2,1,6,2,9,1296,1,6,-1,-1
201301PL60597,3,9,0,2,0,2,0,0,0,0,1,1,6,2,10,1896,2,11,-1,-1
201301PL60599,1,1,0,18,0,1,0,0,0,0,2,1,1,1,6,-1,-1,-1,2,1
201301PL60599,2,9,0,13,0,1,0,0,0,0,1,1,6,3,-1,1149,1,6,-1,-1
201301PL60600,1,1,0,17,0,8,0,0,0,0,1,1,6,1,7,-1,-1,-1,3,1
201301PL60600,2,9,0,9,0,8,0,0,0,0,1,1,6,1,8,1783,1,12,1,1
201301PL60602,1,9,0,13,0,0,0,0,0,0,4,1,6,1,7,2362,1,11,2,1
201301PL60602,2,1,0,18,0,0,0,0,0,0,3,1,6,1,6,-1,-1,-1,3,1
201301PL60603,1,9,0,18,0,0,0,0,0,0,1,1,6,1,10,1896,2,10,3,1
201301PL60603,2,9,0,9,0,0,0,0,0,0,3,1,6,2,5,1360,1,14,-1,-1
201301PL60606,1,19,0,18,0,0,0,0,0,0,4,1,6,3,-1,-1,-1,-1,-1,-1
201301PL60607,1,11,0,5,0,1,0,0,0,0,0,1,1,2,6,6871,2,4,5,1
201301PL60608,1,9,0,18,0,8,0,0,0,0,1,1,6,1,7,1896,2,11,10,2
201301PL60609,1,9,0,17,0,8,0,0,0,0,4,1,6,1,5,1328,1,3,2,1
201301PL60609,2,1,0,17,0,8,0,0,0,0,1,1,6,1,4,-1,-1,-1,3,1
201301PL60610,1,9,0,4,0,0,0,0,0,0,1,1,6,2,-1,-1,-1,-1,-1,-1
201301PL60610,2,9,0,18,0,0,0,0,0,0,2,1,6,2,6,1799,1,15,2,1
201301PL60611,1,1,0,16,0,0,0,0,0,0,0,1,6,2,4,-1,-1,-1,5,1
201301PL60612,1,5,0,18,0,8,0,0,0,0,1,1,6,1,4,599,1,12,-1,-1
201301PL60612,2,9,0,9,0,8,0,0,0,0,1,1,6,1,7,1686,2,9,5,1
201301PL60614,1,9,0,16,0,1,0,0,0,0,2,1,6,1,6,1998,2,10,4,1
201301PL60614,2,21,0,16,0,1,0,0,0,0,1,1,1,1,-1,5880,2,9,-1,-1
201301PL60615,1,11,0,5,2,0,0,0,0,0,0,1,1,1,8,8268,2,11,1,1
201301PL60615,2,9,0,11,2,0,0,0,0,0,0,1,6,3,-1,-1,-1,-1,-1,-1
201301PL60617,1,5,0,18,0,8,0,0,0,0,1,1,6,1,7,599,1,13,10,1
201301PL60617,2,9,0,9,0,8,0,0,0,0,3,1,6,2,7,1390,1,11,3,1
201301PL60618,1,11,0,4,0,0,0,0,0,0,4,1,1,1,6,9360,2,4,4,1
201301PL60619,1,9,0,18,0,8,0,0,0,0,1,1,6,1,5,1364,1,6,3,1
201301PL60619,2,8,0,9,0,8,0,0,0,0,1,1,6,1,6,1598,2,1,3,1
201301PL60620,1,5,0,14,0,1,0,0,0,0,1,1,6,1,8,748,1,7,7,2
201301PL60621,1,19,0,5,0,8,0,0,0,0,1,1,1,1,7,2148,2,8,3,1
201301PL60621,2,1,0,18,0,8,0,0,1,0,4,1,2,2,6,-1,-1,-1,10,1
201301PL60622,1,9,0,18,0,8,0,0,0,0,3,1,1,2,6,1900,2,7,3,1
201301PL60622,2,19,0,18,0,8,5,0,0,0,1,1,1,1,8,1598,2,6,5,1
201301PL60623,1,8,0,9,0,0,0,0,0,0,1,1,1,1,8,1910,2,8,4,1
201301PL60624,1,9,0,7,0,8,0,0,0,0,4,1,6,1,6,1390,1,7,2,1
201301PL60624,2,1,0,18,0,8,0,0,0,0,1,1,6,2,7,-1,-1,-1,2,1
201301PL60625,1,11,0,18,0,8,0,0,0,0,4,1,1,1,6,6700,2,1,2,1
201301PL60625,2,1,0,7,0,8,0,0,0,0,1,1,6,1,3,-1,-1,-1,-1,-1
201301PL60626,1,9,0,3,0,8,0,0,1,0,3,1,6,2,7,-1,-1,-1,3,1
201301PL60626,2,9,0,7,0,8,0,0,0,0,1,1,6,2,-1,1998,1,9,-1,-1
201301PL60627,1,1,0,18,0,8,0,0,0,0,4,1,6,1,4,-1,-1,-1,5,1
201301PL60627,2,3,0,18,0,8,0,0,0,0,1,1,6,1,-1,-1,-1,-1,-1,-1
201301PL60629,1,9,0,9,0,8,0,0,0,0,3,1,6,1,11,1390,1,13,2,1
201301PL60629,2,3,0,13,0,8,0,0,0,0,1,1,6,1,7,124,1,3,1,1
201301PL60631,1,11,0,4,0,0,0,0,0,0,0,1,1,1,9,6700,2,2,6,1
201301PL60632,1,3,0,14,0,8,0,0,0,0,4,1,6,1,9,278,1,2,9,1
201301PL60632,2,19,4,7,0,8,0,0,0,0,3,1,6,3,-1,1997,2,8,-1,-1
201301PL60634,1,9,0,3,0,1,0,0,0,0,2,1,6,1,7,1794,1,6,-1,-1
201301PL60634,2,9,0,18,0,1,1,0,0,0,1,1,6,1,8,1840,1,12,3,1
201301PL60635,1,1,0,18,0,1,0,0,0,0,3,1,6,1,6,-1,-1,-1,3,1
201301PL60635,2,9,0,13,0,1,0,0,0,0,4,1,6,3,-1,-1,-1,-1,-1,-1
201301PL60637,1,11,0,4,0,0,0,0,0,0,0,1,1,1,8,8268,2,12,2,1
201301PL60638,1,9,0,4,0,1,0,0,0,0,2,1,6,1,8,1500,1,6,-1,-1
201301PL60638,2,9,0,4,0,1,0,0,0,0,1,1,6,1,-1,1388,1,7,-1,-1
201301PL60640,1,9,0,18,0,0,0,0,0,0,4,1,6,3,-1,-1,-1,-1,-1,-1
201301PL60641,1,9,0,4,0,1,0,0,0,0,2,1,6,1,4,1364,1,3,3,1
201301PL60641,2,9,0,18,0,1,0,0,0,0,1,1,6,1,7,-1,-1,-1,1,1
201301PL60642,1,9,0,3,0,0,0,0,0,0,4,1,6,2,8,1590,1,3,5,1
201301PL60642,2,1,0,18,0,0,0,0,0,0,3,1,6,1,2,-1,-1,-1,3,1
201301PL60643,1,9,0,9,0,1,0,0,0,0,1,1,6,1,8,1800,1,14,1,1
201301PL60643,2,9,0,18,0,1,0,0,0,0,1,1,6,2,6,1587,1,9,1,1
201301PL60645,1,9,0,7,0,8,0,0,0,0,4,1,6,3,-1,1595,1,-1,-1,-1
201301PL60645,2,1,0,18,0,8,0,0,0,0,1,1,6,1,8,-1,-1,-1,8,1
201301PL60647,1,9,0,18,0,0,0,4,0,0,1,1,6,1,4,1196,1,20,2,1
201301PL60647,2,8,0,2,0,0,0,0,0,0,2,1,1,3,-1,2148,2,4,-1,-1
201301PL60648,1,1,0,18,4,0,0,0,0,0,3,1,6,1,5,-1,-1,-1,3,1
201301PL60648,2,9,0,13,0,0,0,0,0,0,4,1,6,3,-1,-1,-1,-1,-1,-1
201301PL60649,1,9,0,1,0,8,0,0,0,0,2,1,6,1,5,2143,2,2,2,1
201301PL60650,1,9,0,18,0,0,0,0,0,0,1,1,6,1,5,1242,1,4,3,1
201301PL60651,1,11,0,18,0,1,0,0,0,0,0,1,1,1,-1,6700,2,1,4,1
201301PL60652,1,9,0,5,0,0,0,0,0,0,1,1,6,1,8,1990,1,22,-1,-1
201301PL60653,1,11,0,18,0,1,0,0,0,0,0,1,1,1,-1,7300,2,12,-1,-1
201301PL60654,1,9,0,17,0,8,0,0,0,0,4,1,6,2,8,1600,1,15,4,1
201301PL60654,2,9,0,18,0,8,0,0,0,0,1,1,6,1,6,1910,2,8,4,1
201301PL60655,1,9,0,18,0,1,0,0,0,0,1,1,6,1,6,1229,1,8,-1,-1
201301PL60656,1,1,0,5,0,1,0,0,0,0,2,1,6,1,9,-1,-1,-1,5,1
201301PL60656,2,9,0,5,0,1,0,0,0,0,1,1,6,1,-1,1977,1,16,3,1
201301PL60657,1,9,0,7,0,5,0,0,0,0,4,1,6,2,4,1299,1,12,4,1
201301PL60657,2,1,0,15,0,1,0,0,0,0,3,1,6,1,9,-1,-1,-1,3,1
201301PL60658,1,9,0,18,0,8,0,0,0,0,4,1,6,2,7,1598,1,9,2,1
201301PL60658,2,9,0,5,0,8,0,0,0,0,1,1,6,1,-1,-1,-1,-1,1,1
201301PL60659,1,9,0,9,0,8,0,0,0,0,1,1,6,1,-1,1248,2,2,-1,-1
201301PL60659,2,9,0,18,0,8,0,0,0,0,1,1,6,1,8,1997,1,14,4,1
201301PL60660,1,5,0,5,0,1,0,0,0,0,2,1,6,1,6,599,1,13,7,1
201301PL60660,2,9,0,5,0,1,0,0,0,0,1,1,6,3,-1,1998,1,12,-1,-1
201301PL60661,1,9,0,18,0,8,0,0,0,0,3,1,1,1,7,1896,2,10,-1,-1
201301PL60661,2,9,0,18,0,8,0,0,0,0,1,1,6,1,6,1390,1,11,2,1
201301PL60662,1,5,0,15,0,8,0,0,0,0,3,1,6,1,6,998,1,-1,4,1
201301PL60662,2,9,0,7,0,8,0,0,0,0,4,1,6,1,6,-1,-1,-1,4,1
201301PL60663,1,11,0,18,2,1,0,0,0,0,3,1,1,1,9,6700,2,2,9,1
201301PL60663,2,19,0,11,2,1,0,0,0,0,4,1,6,1,6,2143,2,2,7,1
201301PL60664,1,9,0,6,0,0,0,0,0,0,3,1,6,2,7,1910,2,6,3,1
201301PL60664,2,9,0,18,0,0,0,0,0,0,1,1,6,1,6,3199,1,9,-1,-1
201301PL60665,1,9,0,18,0,1,0,0,0,0,1,1,6,2,9,1198,1,10,2,1
201301PL60665,2,9,0,4,0,1,0,0,0,0,2,1,6,1,7,1794,1,5,3,1
201301PL60666,1,9,0,18,0,2,0,0,0,0,4,1,6,2,5,1199,1,11,4,1
201301PL60667,1,9,0,9,0,8,0,0,0,0,3,1,6,1,7,1596,1,9,5,1
201301PL60667,2,3,0,13,0,8,0,0,0,0,4,1,6,1,5,125,1,10,2,1
201301PL60668,1,4,0,13,0,8,0,0,0,0,4,1,6,1,6,645,1,13,2,1
201301PL60668,2,9,0,9,0,8,0,0,0,0,3,1,1,1,7,-1,-1,-1,2,1
201301PL60669,1,3,0,18,0,8,0,0,0,0,1,1,6,1,5,124,1,17,-1,-1
201301PL60669,2,9,0,7,0,8,0,0,0,0,1,1,6,1,6,2000,2,7,5,1
201301PL60671,1,19,0,18,0,8,0,0,0,0,1,1,6,1,5,-1,-1,-1,3,1
201301PL60672,1,1,0,18,0,0,0,0,0,0,1,1,1,2,5,-1,-1,-1,-1,-1
201301PL60673,1,9,0,18,0,1,0,0,0,0,1,1,6,2,7,-1,-1,-1,3,1
201301PL60673,2,9,0,3,0,1,0,0,0,0,2,1,6,2,6,1199,1,11,3,1
201301PL60673,3,9,0,3,0,1,0,0,0,0,2,1,6,1,5,1984,1,2,8,1
201301PL60675,1,9,0,1,0,0,0,0,0,0,2,1,6,3,-1,1798,1,9,-1,-1
201301PL60676,1,1,0,3,0,1,0,0,0,0,2,1,2,2,6,-1,-1,-1,3,1
201301PL60676,2,9,0,18,0,1,0,0,0,0,1,1,6,3,-1,-1,-1,-1,-1,-1
201301PL60677,1,9,0,9,0,5,0,0,0,0,3,1,6,1,7,1296,1,6,7,1
201301PL60677,2,1,0,11,0,1,0,0,0,0,1,1,6,1,6,-1,-1,-1,6,1
201301PL60678,1,9,0,9,0,8,0,0,0,0,4,1,6,1,8,-1,-1,-1,6,3
201301PL60678,2,9,0,5,0,8,0,0,0,0,1,1,6,2,5,1560,2,4,-1,-1
201301PL60678,3,9,0,5,0,8,0,0,0,0,1,1,6,1,8,-1,-1,-1,4,1
201301PL60679,1,9,0,3,0,1,0,0,0,0,2,1,6,1,8,1769,1,11,2,1
201301PL60679,2,9,0,18,0,1,0,0,0,0,1,1,6,2,-1,-1,-1,-1,4,1
201301PL60680,1,9,0,18,0,8,0,0,0,0,1,1,6,2,4,1229,1,9,2,1
201301PL60680,2,8,0,9,0,8,0,0,0,0,4,1,1,1,7,1968,2,1,1,1
201301PL60681,1,1,0,18,0,0,0,0,0,0,3,1,6,1,8,-1,-1,-1,5,1
201301PL60681,2,9,0,13,0,0,0,0,0,0,4,1,6,3,-1,1598,1,11,-1,-1
201301PL60682,1,1,0,15,0,8,0,0,0,0,3,1,6,1,9,-1,-1,-1,3,1
201301PL60682,2,19,0,7,0,8,0,0,0,0,4,1,6,1,-1,2198,2,-1,3,1
201301PL60683,1,9,0,3,0,1,0,0,0,0,1,1,6,1,5,1390,1,4,2,1
201301PL60683,2,3,0,14,0,1,0,0,0,0,4,1,6,1,4,125,1,7,7,1
201301PL60683,3,9,0,3,0,1,0,0,0,0,3,1,6,1,6,2000,2,9,9,1
201301PL60684,1,90,0,11,0,1,0,0,0,0,4,1,1,1,7,11967,2,-1,1,1
201301PL60684,2,9,0,18,0,1,0,0,0,0,3,1,1,1,7,1796,1,11,3,1
201301PL60685,1,9,0,9,0,8,0,0,0,0,3,1,6,2,5,1600,1,2,6,1
201301PL60685,2,9,0,17,0,8,0,0,0,0,1,1,6,2,6,-1,-1,-1,2,1
201301PL60686,1,19,0,18,0,2,0,10,1,2,1,1,1,1,6,2178,2,7,2,1
201301PL60687,1,9,0,18,0,0,0,0,0,0,1,1,6,1,-1,2982,2,9,-1,-1
201301PL60687,2,3,0,4,0,0,0,0,7,0,2,1,6,1,6,125,1,6,3,1
201301PL60687,3,9,0,3,0,0,0,0,0,0,2,1,6,1,-1,1598,1,3,3,1
201301PL60687,4,9,0,3,0,0,0,0,0,0,2,1,6,2,-1,2360,1,6,2,1
201301PL60687,5,9,0,18,0,0,0,0,0,0,3,1,6,1,7,1968,2,1,8,1
201301PL60688,1,3,0,18,0,8,0,0,0,0,4,1,6,1,5,124,1,8,2,1
201301PL60688,2,9,0,9,0,8,0,0,0,0,1,1,6,1,-1,3199,1,14,3,1
201301PL60689,1,5,0,3,0,1,0,0,0,0,3,1,6,1,7,1151,1,-1,3,1
201301PL60689,2,9,0,5,0,1,0,0,0,0,4,1,6,2,-1,1997,2,8,-1,-1
201301PL60690,1,11,0,18,0,0,0,0,0,0,0,1,1,1,6,4461,2,-1,-1,-1
201301PL60691,1,9,0,18,0,8,0,0,0,0,4,1,6,2,6,1895,1,13,2,1
201301PL60691,2,9,0,9,0,8,0,0,0,0,1,1,6,1,-1,1587,1,12,1,1
201301PL60692,1,9,0,3,0,1,0,0,0,0,2,1,6,1,5,1362,1,1,10,1
201301PL60692,2,9,0,18,0,1,0,0,0,0,1,1,6,2,6,-1,-1,-1,2,1
201301PL60694,1,5,0,14,0,0,0,0,0,0,1,1,6,1,8,670,1,1,9,3
201301PL60695,1,3,0,15,0,8,0,0,0,0,3,1,6,1,4,125,1,4,1,1
201301PL60695,2,19,0,7,0,8,0,0,0,0,4,1,6,1,6,-1,-1,-1,3,1
201301PL60696,1,8,0,18,0,8,0,0,0,0,1,1,1,1,7,1596,1,1,2,1
201301PL60696,2,19,0,1,0,8,0,0,0,0,2,1,1,1,4,2402,2,9,2,1
201301PL60698,1,9,0,18,0,1,0,0,0,0,1,1,6,2,-1,1296,1,6,-1,-1
201301PL60699,1,9,0,3,0,0,0,0,0,0,2,1,6,1,8,1998,1,14,5,1
201301PL60699,2,9,0,18,0,0,0,0,0,0,1,1,6,1,-1,1997,2,1,-1,-1
201301PL60700,1,9,0,14,0,1,0,0,0,0,1,1,6,3,-1,-1,-1,-1,-1,-1
201301PL60700,2,3,0,18,0,2,0,0,0,0,3,1,6,1,6,124,1,4,2,1
201301PL60700,3,11,0,3,0,1,0,0,0,0,3,1,1,1,8,4500,2,5,2,1
201301PL60701,1,9,0,3,0,1,0,0,0,0,2,1,6,1,6,1796,1,2,3,1
201301PL60701,2,9,0,18,0,1,0,0,0,0,1,1,6,1,6,-1,-1,-1,7,1
201301PL60702,1,9,0,18,0,0,0,4,0,0,1,1,1,1,4,-1,-1,-1,7,1
201301PL60703,1,1,0,15,0,8,0,0,0,0,1,1,6,1,5,-1,-1,-1,2,1
201301PL60703,2,9,0,7,0,8,0,0,0,0,4,1,6,3,-1,-1,-1,-1,-1,-1
201301PL60704,1,3,0,18,2,1,0,0,0,0,3,1,6,2,6,125,1,1,3,1
201301PL60704,2,9,0,7,0,5,0,0,0,0,4,1,6,3,-1,1796,2,-1,-1,-1
201301PL60706,1,9,0,18,0,8,0,0,0,0,3,1,6,1,4,1149,1,15,5,1
201301PL60706,2,9,0,9,0,8,0,0,0,0,1,1,6,1,5,1595,1,6,6,1
201301PL60707,1,9,0,9,0,8,0,0,0,0,1,1,6,2,7,998,1,8,5,1
201301PL60707,2,1,0,18,0,8,0,0,0,0,1,1,6,1,6,-1,-1,-1,3,1
201301PL60708,1,9,0,9,0,8,0,0,0,0,1,1,6,2,4,1299,1,10,2,1
201301PL60708,2,9,0,17,0,8,0,0,0,0,4,1,6,2,9,1686,2,2,5,1
201301PL60709,1,9,0,4,0,1,0,0,0,0,1,1,6,1,7,-1,-1,-1,2,1
201301PL60709,2,9,0,3,0,1,0,0,0,0,2,1,6,1,-1,-1,-1,-1,-1,-1
201301PL60710,1,19,0,18,0,2,0,0,0,0,4,1,1,1,8,2402,2,10,3,1
201301PL60712,1,9,0,7,0,8,0,10,0,0,4,1,6,1,-1,-1,-1,-1,-1,-1
201301PL60713,1,3,0,14,0,1,0,0,0,0,1,1,6,1,5,125,1,6,8,1
201301PL60714,1,3,0,13,0,0,0,0,0,0,0,1,6,1,6,124,1,6,4,1
201301PL60714,2,9,0,12,0,0,0,0,0,0,0,1,6,3,-1,1242,1,-1,-1,-1
201301PL60715,1,9,0,18,0,1,0,0,0,0,3,1,6,1,8,-1,-1,-1,3,1
201301PL60715,2,3,0,13,0,1,0,0,0,0,1,1,6,1,5,124,1,-1,2,1
201301PL60716,1,9,0,9,0,8,0,0,0,0,1,1,6,2,10,1299,1,7,6,1
201301PL60716,2,1,0,15,0,8,0,0,0,0,1,1,6,1,8,-1,-1,-1,3,1
201301PL60717,1,9,0,2,0,2,0,0,0,0,3,1,6,1,8,3724,1,10,5,1
201301PL60717,2,1,0,18,0,2,0,0,0,0,1,1,6,2,7,-1,-1,-1,9,1
201301PL60718,1,9,0,7,0,8,0,0,0,0,2,1,6,1,8,999,1,4,1,1
201301PL60718,2,1,0,16,0,8,0,0,0,0,1,1,6,1,4,-1,-1,-1,1,1
201301PL60719,1,19,0,18,0,2,0,0,0,0,1,1,6,3,-1,-1,-1,-1,-1,-1
201301PL60720,1,19,0,18,0,1,0,0,0,0,3,1,6,1,6,-1,-1,-1,2,1
201301PL60720,2,9,0,13,0,1,0,0,0,0,4,1,6,1,-1,2179,2,11,10,1
201301PL60721,1,9,0,4,0,2,0,0,0,0,2,1,6,2,5,1299,1,13,3,1
201301PL60721,2,9,0,18,0,2,0,0,0,0,1,1,6,1,-1,1398,2,10,-1,-1
201301PL60722,1,9,0,7,0,8,0,0,0,0,4,1,6,1,6,1560,2,8,2,1
201301PL60722,2,3,0,15,0,8,0,0,0,0,1,1,6,1,6,-1,-1,-1,3,1
201301PL60723,1,9,0,9,0,1,0,0,0,0,4,1,6,1,4,1968,2,6,3,1
201301PL60724,1,19,0,1,0,0,0,0,0,0,2,1,6,1,5,1995,2,-1,10,1
201301PL60724,2,1,0,3,0,0,0,0,0,0,1,1,6,2,6,-1,-1,-1,4,1
201301PL60725,1,1,0,18,0,0,0,0,0,0,1,1,6,1,7,-1,-1,-1,5,1
201301PL60725,2,9,0,6,0,0,0,0,0,0,1,1,6,1,-1,1497,8,1,-1,-1
201301PL60726,1,9,0,4,0,0,0,0,0,0,2,1,6,3,-1,-1,-1,-1,-1,-1