Accident_Index,Vehicle_Reference,Vehicle_Type,Towing_and_Articulation,Vehicle_Manoeuvre,Vehicle_Location-Restricted_Lane,Junction_Location,Skidding_and_Overturning,Hit_Object_in_Carriageway,Vehicle_Leaving_Carriageway,Hit_Object_off_Carriageway,1st_Point_of_Impact,Was_Vehicle_Left_Hand_Drive?,Journey_Purpose_of_Driver,Sex_of_Driver,Age_Band_of_Driver,Engine_Capacity_(CC),Propulsion_Code,Age_of_Vehicle,Driver_IMD_Decile,Driver_Home_Area_Type
201301PL60726,2,1,0,18,0,0,0,0,0,0,1,1,6,1,5,-1,-1,-1,-1,-1
201301PL60727,1,5,0,14,0,0,0,0,0,0,1,1,6,1,6,779,1,1,4,1
201301PL60729,1,19,0,18,0,1,0,0,0,0,1,1,6,3,-1,1870,2,9,-1,-1
201301PL60729,2,8,0,18,0,1,0,0,0,0,2,1,6,2,4,1296,1,7,3,1
201301PL60730,1,9,0,10,0,2,0,0,0,0,2,1,6,2,6,1595,1,10,1,1
201301PL60730,2,9,0,4,0,1,0,0,0,0,1,1,6,1,8,1796,1,5,1,1
201301PL60731,1,9,0,9,0,1,0,0,0,0,3,1,6,2,6,1999,1,6,3,1
201301PL60732,1,1,0,17,0,8,0,0,0,0,1,1,6,1,9,-1,-1,-1,5,1
201301PL60732,2,9,0,9,0,8,0,0,0,0,1,1,6,1,7,1497,8,7,3,1
201301PL60734,1,9,0,3,0,1,0,0,0,0,3,1,6,2,5,1149,1,6,-1,-1
201301PL60734,2,9,0,18,0,1,0,0,0,0,1,1,6,1,-1,1995,1,10,-1,-1
201301PL60735,1,19,0,7,0,8,0,0,0,0,4,1,6,1,5,1870,2,7,3,1
201301PL60735,2,1,0,18,0,8,0,0,0,0,3,1,6,2,6,-1,-1,-1,3,1
201301PL60736,1,9,0,15,0,8,0,0,0,0,1,1,3,1,4,1560,2,3,5,1
201301PL60737,1,11,0,5,0,0,0,0,0,0,0,1,1,1,9,6700,2,2,2,1
201301PL60738,1,90,0,18,0,0,0,0,0,0,1,1,1,1,8,8970,2,6,-1,-1
201301PL60740,1,11,0,18,2,2,0,0,0,0,0,1,1,1,8,9000,2,4,3,1
201301PL60741,1,9,0,18,0,0,0,0,0,0,2,1,6,3,-1,-1,-1,-1,-1,-1
201301PL60741,2,3,0,18,0,0,0,0,0,0,1,1,6,1,6,125,1,1,2,1
201301PL60742,1,9,0,18,0,1,1,4,0,0,4,1,6,2,6,-1,-1,-1,3,1
201301PL60742,2,9,0,2,0,1,0,0,0,0,3,1,6,3,-1,1598,1,14,-1,-1
201301PL60742,3,9,0,2,0,1,0,0,0,0,3,1,6,3,-1,1240,1,4,-1,-1
201301PL60742,4,9,0,9,0,1,0,0,0,0,1,1,6,2,6,1149,1,13,2,1
201301PL60742,5,9,0,2,0,1,0,0,0,0,3,1,6,1,6,-1,-1,-1,3,1
201301PL60744,1,1,0,10,0,8,0,0,0,0,3,1,6,1,6,-1,-1,-1,3,1
201301PL60744,2,9,0,9,0,8,0,0,0,0,1,1,6,1,-1,-1,-1,-1,-1,-1
201301PL60746,1,9,0,17,0,2,0,0,0,0,1,1,6,1,7,1388,1,4,3,1
201301PL60746,2,9,0,17,0,2,0,0,0,0,2,1,6,2,7,1997,1,6,1,1
201301PL60747,1,9,0,5,0,8,0,0,0,0,1,1,6,2,5,1199,1,11,2,1
201301PL60747,2,1,0,18,0,8,0,0,0,0,4,1,6,1,6,-1,-1,-1,-1,-1
201301PL60748,1,9,0,7,0,8,0,0,0,0,2,1,6,2,8,1796,1,6,2,1
201301PL60748,2,9,0,18,0,8,0,0,0,0,1,1,6,1,6,1582,2,-1,3,1
201301PL60749,1,9,0,9,0,8,0,0,0,0,1,1,6,1,6,1596,1,13,3,1
201301PL60749,2,3,0,13,0,8,0,0,0,0,4,1,6,1,4,125,1,8,1,1
201301PL60750,1,5,0,18,0,0,0,0,0,0,1,1,6,1,6,599,1,5,4,1
201301PL60751,1,4,0,18,0,8,0,0,0,0,3,1,6,1,5,-1,-1,-1,2,1
201301PL60751,2,19,0,7,0,8,0,0,0,0,2,1,1,1,9,2143,2,3,10,1
201301PL60752,1,11,0,18,0,8,0,0,0,0,1,1,1,1,6,6700,2,1,-1,-1
201301PL60752,2,9,0,6,0,8,0,0,0,0,3,1,6,1,6,-1,-1,-1,5,1
201301PL60753,1,9,0,18,0,1,0,0,0,0,4,1,6,3,-1,-1,-1,-1,-1,-1
201301PL60754,1,3,0,18,0,1,0,0,0,0,4,1,6,1,5,-1,-1,-1,2,1
201301PL60756,1,9,0,4,0,0,0,0,0,0,2,1,6,1,5,1360,1,10,4,1
201301PL60756,2,19,0,4,0,0,0,0,0,0,1,1,6,1,-1,1995,2,5,-1,-1
201301PL60758,1,9,0,18,0,1,0,0,0,0,1,1,6,2,6,1598,1,3,5,1
201301PL60759,1,3,0,9,0,8,0,0,0,0,1,1,6,1,5,125,1,4,5,1
201301PL60759,2,9,0,9,0,8,0,0,0,0,3,1,6,1,7,1968,2,4,4,1
201301PL60760,1,9,0,9,0,6,0,0,0,0,1,1,6,1,-1,2597,1,10,3,1
201301PL60760,2,1,0,18,0,1,0,0,0,0,3,1,6,2,8,-1,-1,-1,1,1
201301PL60761,1,9,0,7,0,5,0,0,0,0,4,1,1,1,9,-1,-1,-1,2,1
201301PL60761,2,5,0,15,0,1,0,0,0,0,3,1,6,1,8,645,1,11,4,1
201301PL60762,1,11,0,4,0,2,0,0,0,0,0,1,1,1,8,6700,2,1,5,1
201301PL60763,1,11,0,7,2,2,0,0,0,0,0,1,1,1,6,8268,2,7,3,1
201301PL60764,1,9,0,5,0,8,0,0,0,0,1,1,6,1,6,1998,1,12,3,1
201301PL60764,2,9,0,9,0,8,0,0,0,0,4,1,6,1,5,2179,2,11,10,1
201301PL60765,1,9,0,3,0,0,0,0,0,0,2,1,6,1,6,2597,1,11,6,1
201301PL60765,2,9,0,18,0,0,0,0,0,0,1,1,6,2,-1,1598,1,13,-1,-1
201301PL60766,1,1,0,18,2,0,0,0,0,0,3,1,6,2,7,-1,-1,-1,2,1
201301PL60766,2,9,0,7,2,0,0,0,0,0,4,1,6,2,-1,-1,-1,-1,3,1
201301PL60768,1,9,0,4,0,0,0,0,0,0,1,1,6,1,6,2987,2,2,3,1
201301PL60768,2,9,0,4,0,0,0,0,0,0,2,1,6,1,8,1991,2,2,1,1
201301PL60769,1,3,0,16,0,3,0,0,0,0,4,1,6,1,4,124,1,2,6,1
201301PL60769,2,9,0,16,0,3,0,0,0,0,3,1,6,1,6,-1,-1,-1,9,1
201301PL60770,1,1,0,15,0,0,0,0,0,0,1,1,6,2,6,-1,-1,-1,3,1
201301PL60770,2,9,0,9,0,0,0,0,0,0,4,1,6,3,-1,1598,1,11,-1,-1
201301PL60771,1,1,0,3,0,0,0,0,0,0,2,1,6,1,6,-1,-1,-1,-1,-1
201301PL60771,2,9,0,18,0,0,0,0,0,0,1,1,6,3,-1,-1,-1,-1,-1,-1
201301PL60772,1,9,0,3,0,1,0,0,0,0,2,1,6,1,6,2084,1,9,2,1
201301PL60772,2,9,0,4,0,1,0,0,0,0,1,1,6,1,9,-1,-1,-1,1,1
201301PL60773,1,9,0,9,0,2,0,0,0,0,4,1,6,1,9,-1,-1,-1,2,1
201301PL60773,2,4,0,9,0,2,0,0,0,0,4,1,6,1,7,124,1,4,4,1
201301PL60774,1,3,0,13,0,1,0,0,0,0,1,1,6,1,8,124,1,1,3,1
201301PL60774,2,9,0,6,0,1,0,0,0,0,3,1,6,2,8,1149,1,15,3,1
201301PL60775,1,9,0,18,0,8,0,0,0,0,3,1,6,2,9,1896,2,6,3,1
201301PL60775,2,1,0,17,0,8,0,0,0,0,4,1,6,2,5,-1,-1,-1,6,1
201301PL60776,1,1,0,15,4,0,0,0,0,0,1,1,6,1,5,-1,-1,-1,9,1
201301PL60776,2,9,0,9,0,0,0,0,0,0,4,1,6,2,8,1149,1,1,4,1
201301PL60777,1,9,0,7,0,6,0,0,0,0,1,1,6,3,-1,-1,-1,-1,-1,-1
201301PL60777,2,1,0,18,0,8,0,0,0,0,4,1,6,1,4,-1,-1,-1,6,1
201301PL60778,1,3,0,15,2,0,0,0,0,0,1,1,6,1,9,-1,-1,-1,9,1
201301PL60778,2,9,0,9,0,0,0,0,0,0,4,1,6,2,7,-1,-1,-1,4,1
201301PL60779,1,3,0,14,0,0,0,0,0,0,1,1,6,1,6,-1,-1,-1,3,1
201301PL60781,1,19,0,1,0,8,0,0,0,0,2,1,6,1,6,1896,2,4,1,1
201301PL60783,1,9,0,18,0,0,0,0,0,0,3,1,6,3,-1,-1,-1,-1,-1,-1
201301PL60783,2,1,0,18,0,0,0,0,0,0,4,1,6,1,6,-1,-1,-1,2,1
201301PL60784,1,9,0,18,0,0,0,0,0,0,1,1,6,1,-1,2979,1,12,-1,-1
201301PL60785,1,9,0,9,0,8,0,0,0,0,3,1,6,2,5,1796,1,12,3,1
201301PL60785,2,9,0,18,0,8,0,0,0,0,1,1,6,2,6,1240,1,7,9,1
201301PL60787,1,1,0,17,0,8,0,0,0,0,2,1,6,1,6,-1,-1,-1,4,1
201301PL60787,2,11,0,18,0,8,0,0,0,0,1,1,6,3,-1,8268,2,7,-1,-1
201301PL60788,1,9,0,9,0,8,0,0,0,0,3,1,6,2,7,1995,2,4,6,1
201301PL60789,1,3,0,18,0,8,0,0,0,0,4,1,6,1,5,124,1,2,8,1
201301PL60789,2,9,0,9,0,8,0,0,0,0,0,1,6,3,-1,-1,-1,-1,-1,-1
201301PL60790,1,3,0,18,2,0,0,0,0,0,1,1,6,2,9,108,1,5,4,1
201301PL60790,2,9,0,6,0,0,0,0,0,0,4,1,6,1,7,1240,1,10,4,1
201301PL60791,1,9,0,18,0,1,0,0,0,0,1,1,6,1,8,1299,1,16,4,1
201301PL60791,2,9,0,18,0,2,0,0,0,0,1,1,6,1,6,1597,1,12,2,1
201301PL60792,1,3,0,18,2,1,0,0,0,0,3,1,6,1,7,124,1,-1,9,1
201301PL60792,2,9,0,7,0,5,0,0,0,0,4,1,6,1,8,1896,2,9,1,1
201301PL60793,1,5,0,18,0,2,0,0,0,0,1,1,6,1,7,125,1,9,-1,-1
201301PL60793,2,9,0,6,0,1,0,0,0,0,4,1,6,1,8,1910,2,12,2,1
201301PL60794,1,8,0,9,0,8,0,0,0,0,4,1,1,1,8,1791,8,2,6,1
201301PL60794,2,1,0,18,0,8,0,0,0,0,1,1,6,1,7,-1,-1,-1,4,1
201301PL60795,1,1,0,18,0,8,0,0,0,0,4,1,6,1,6,-1,-1,-1,-1,-1
201301PL60795,2,9,0,9,0,8,0,0,0,0,1,1,6,1,8,-1,-1,-1,9,1
201301PL60796,1,9,0,18,0,1,0,0,0,0,1,1,6,3,-1,-1,-1,-1,-1,-1
201301PL60797,1,9,0,18,0,8,0,0,0,0,3,1,6,1,7,1108,1,13,3,1
201301PL60797,2,9,0,18,0,8,0,0,0,0,1,1,6,2,-1,1998,1,12,-1,-1
201301PL60798,1,9,0,18,0,1,0,0,0,0,4,1,6,2,6,1597,1,6,2,1
201301PL60798,2,9,0,12,0,1,0,0,0,0,3,1,6,2,-1,1596,1,9,2,1
201301PL60799,1,11,0,18,0,2,0,0,0,0,4,1,6,3,-1,9360,2,4,-1,-1
201301PL60800,1,9,0,18,0,1,0,0,0,0,1,1,6,1,8,1998,1,3,7,1
201301PL60800,2,9,0,6,0,1,0,0,0,0,4,1,6,2,-1,1840,1,11,-1,-1
201301PL60801,1,3,0,14,0,1,0,0,0,0,4,1,6,1,7,125,1,8,2,1
201301PL60801,2,9,0,9,0,5,0,0,0,0,3,1,6,1,6,1362,1,-1,5,1
201301PL60802,1,5,0,18,0,0,0,0,0,0,1,1,6,1,8,599,1,5,4,1
201301PL60803,1,9,0,18,0,1,0,0,0,0,4,1,6,1,6,-1,-1,-1,-1,-1
201301PL60803,2,9,0,2,0,1,0,0,0,0,3,1,6,3,-1,-1,-1,-1,-1,-1
201301PL60806,1,1,0,18,0,8,0,0,0,0,1,1,6,1,8,-1,-1,-1,4,1
201301PL60807,1,9,0,7,0,0,0,0,0,0,4,1,6,1,-1,7000,1,46,4,1
201301PL60807,2,1,0,15,0,0,0,0,0,0,1,1,6,2,4,-1,-1,-1,3,1
201301PL60808,1,21,0,5,0,1,0,0,0,0,1,1,1,1,9,11705,2,6,8,3
201301PL60809,1,1,0,18,0,8,0,0,0,0,4,1,6,1,7,-1,-1,-1,-1,-1
201301PL60809,2,9,0,1,0,8,0,0,0,0,2,1,6,1,-1,-1,-1,-1,-1,-1
201301PL60810,1,9,0,18,0,2,0,0,0,0,2,1,6,2,6,996,1,1,3,1
201301PL60810,2,9,0,18,0,8,0,0,0,0,1,1,6,1,5,1896,2,7,8,1
201301PL60810,3,11,0,18,0,1,0,0,0,0,1,1,1,1,6,6700,2,1,3,1
201301PL60811,1,3,0,18,0,1,0,0,0,0,1,1,6,1,6,-1,-1,-1,5,1
201301PL60812,1,5,0,14,0,1,0,0,0,0,3,1,6,1,8,1050,1,4,7,1
201301PL60812,2,9,0,9,0,5,0,0,0,0,1,1,6,1,6,1596,1,1,-1,-1
201301PL60813,1,19,0,3,0,2,0,0,0,0,2,1,1,1,6,1398,2,9,3,1
201301PL60813,2,9,0,4,0,2,0,0,0,0,1,1,6,1,5,1769,1,8,2,1
201301PL60814,1,9,0,14,0,1,0,0,0,0,1,1,6,1,4,-1,-1,-1,4,1
201301PL60815,1,9,0,18,0,8,0,0,0,0,4,1,6,2,8,1796,1,7,3,1
201301PL60815,2,1,0,15,0,8,0,0,0,0,1,1,6,1,6,-1,-1,-1,-1,-1
201301PL60816,1,9,0,18,0,2,0,0,0,0,3,1,6,1,7,1910,2,8,1,1
201301PL60816,2,9,0,6,0,2,0,0,0,0,1,1,6,1,-1,1596,1,4,2,1
201301PL60817,1,9,0,18,0,1,0,0,0,0,1,1,6,2,-1,-1,-1,-1,4,2
201301PL60817,2,9,0,4,0,1,0,0,0,0,2,1,6,2,7,1596,1,9,4,2
201301PL60818,1,3,0,18,0,8,0,0,0,0,1,1,6,1,6,-1,-1,-1,3,1
201301PL60818,2,9,0,9,0,8,0,0,0,0,3,1,6,2,5,1390,1,11,-1,-1
201301PL60819,1,9,0,18,0,1,0,0,0,0,4,1,6,3,-1,-1,-1,-1,-1,-1
201301PL60820,1,9,0,14,0,0,0,0,0,0,1,1,6,1,5,1587,1,5,5,1
201301PL60820,2,4,0,14,0,0,0,0,0,0,1,1,6,1,5,-1,-1,-1,-1,-1
201301PL60821,1,11,0,18,2,0,0,0,0,0,1,1,1,1,5,9000,2,4,6,1
201301PL60821,2,9,0,7,2,0,0,0,0,0,4,1,6,3,-1,-1,-1,-1,-1,-1
201301PL60822,1,9,0,2,0,0,0,0,0,0,4,1,6,2,6,1598,1,3,2,1
201301PL60822,2,9,0,18,0,0,0,8,0,0,1,1,6,3,-1,-1,-1,-1,-1,-1
201301PL60823,1,9,0,18,0,0,0,4,0,0,1,1,2,2,7,1390,1,11,3,1
201301PL60823,2,9,0,2,0,0,0,0,0,0,3,1,6,1,7,-1,-1,-1,2,1
201301PL60824,1,9,0,5,0,0,0,0,0,0,2,1,6,1,6,-1,-1,-1,7,1
201301PL60824,2,21,0,5,0,0,0,0,0,0,1,1,1,1,8,-1,-1,-1,3,1
201301PL60825,1,9,0,9,0,2,0,0,0,0,1,1,6,1,7,4511,1,10,2,1
201301PL60826,1,11,0,18,2,1,0,0,0,0,3,1,1,1,8,9360,2,4,2,1
201301PL60826,2,19,0,11,0,1,0,0,0,0,4,1,6,3,-1,-1,-1,-1,-1,-1
201301PL60827,1,9,0,3,0,1,0,0,0,0,2,1,6,1,8,-1,-1,-1,7,3
201301PL60827,2,9,0,18,0,1,0,0,0,0,1,1,6,3,-1,1390,1,10,-1,-1
201301PL60828,1,19,0,18,0,1,0,0,0,0,1,1,1,1,7,-1,-1,-1,5,1
201301PL60828,2,9,0,9,0,5,0,0,0,0,2,1,6,2,-1,998,1,7,4,1
201301PL60829,1,9,0,18,0,1,0,0,0,0,1,1,6,2,6,2967,2,6,1,1
201301PL60830,1,9,0,9,0,8,0,0,0,0,3,1,6,2,7,1360,1,9,3,1
201301PL60830,2,5,0,18,0,8,0,0,0,0,1,1,6,1,6,244,1,5,6,1
201301PL60831,1,1,0,18,0,8,0,0,0,0,4,1,2,2,7,-1,-1,-1,3,1
201301PL60831,2,8,0,7,0,8,0,0,0,0,1,1,6,1,-1,1798,1,7,-1,-1
201301PL60832,1,9,0,18,0,8,0,0,0,0,4,1,1,1,-1,-1,-1,-1,-1,-1
201301PL60832,2,9,0,18,0,8,0,0,0,0,1,1,6,1,5,973,1,12,-1,-1
201301PL60833,1,1,0,15,0,8,0,0,0,0,1,1,6,2,6,-1,-1,-1,6,1
201301PL60833,2,9,0,9,0,8,0,0,0,0,1,1,6,2,5,1198,1,2,3,1
201301PL60835,1,9,0,18,0,1,0,0,0,0,1,1,6,2,4,1796,1,7,4,1
201301PL60835,2,9,0,3,0,1,0,0,0,0,2,1,1,1,6,1997,2,3,2,1
201301PL60835,3,9,0,3,0,1,0,0,0,0,2,1,6,1,6,1984,1,5,3,1
201301PL60836,1,9,0,7,0,2,0,0,0,0,1,1,6,1,4,1242,1,4,2,1
201301PL60837,1,11,0,3,0,0,0,0,0,0,0,1,1,1,8,6700,2,1,5,1
201301PL60838,1,4,0,15,2,1,0,0,0,0,1,1,6,1,6,398,1,21,2,1
201301PL60838,2,9,0,9,0,5,0,0,0,0,4,1,6,2,7,1240,1,6,2,1
201301PL60839,1,9,0,18,0,2,0,0,0,0,1,1,6,1,7,1968,2,9,2,1
201301PL60840,1,1,0,18,0,8,0,0,0,0,1,1,6,1,6,-1,-1,-1,1,1
201301PL60840,2,9,0,9,0,8,0,0,0,0,3,1,6,2,8,1198,1,2,5,1
201301PL60841,1,9,0,17,0,8,0,0,0,0,3,1,1,1,9,2362,1,8,2,1
201301PL60841,2,9,0,17,0,8,0,0,0,0,4,1,6,1,5,1796,1,8,-1,-1
201301PL60842,1,9,0,9,0,8,0,0,0,0,1,1,6,1,10,1994,1,25,3,1
201301PL60842,2,1,0,14,0,8,0,0,0,0,4,1,6,1,8,-1,-1,-1,2,1
201301PL60843,1,9,0,13,0,0,0,0,0,0,4,1,6,3,-1,1600,2,3,-1,-1
201301PL60843,2,1,0,18,0,0,0,0,0,0,3,1,6,1,-1,-1,-1,-1,4,1
201301PL60844,1,11,0,18,0,1,0,0,0,0,3,1,1,1,7,9000,2,4,1,1
201301PL60844,2,19,0,13,0,1,0,0,0,0,4,1,1,1,7,2402,2,10,3,1
201301PL60845,1,11,0,16,0,8,0,0,0,0,3,1,1,1,7,4500,2,6,4,1
201301PL60845,2,19,0,17,0,8,0,0,0,0,3,1,6,1,7,2151,2,10,3,1
201301PL60846,1,9,0,7,9,8,0,10,0,0,1,1,6,1,9,998,1,15,2,1
201301PL60847,1,11,0,18,0,1,0,0,0,0,0,1,1,1,7,-1,-1,-1,2,1
201301PL60849,1,9,0,7,0,8,0,0,0,0,4,1,6,3,-1,-1,-1,-1,-1,-1
201301PL60849,2,1,0,18,0,8,0,0,0,0,3,1,6,1,6,-1,-1,-1,2,1
201301PL60850,1,9,0,3,0,1,0,0,0,0,2,1,1,1,7,1686,2,2,4,1
201301PL60850,2,9,0,18,0,1,0,0,0,0,1,1,6,2,8,1796,1,5,5,1
201301PL60851,1,9,0,18,0,2,0,0,0,0,1,1,6,1,7,1968,2,3,9,1
201301PL60851,2,9,0,3,0,2,0,0,0,0,2,1,6,1,7,1995,2,2,3,1
201301PL60852,1,9,0,18,0,0,0,0,0,0,4,1,1,1,7,1896,2,3,3,1
201301PL60852,2,8,0,6,0,0,0,0,0,0,3,1,1,1,10,1997,2,6,2,1
201301PL60853,1,9,0,7,0,5,0,0,0,0,4,1,6,1,11,1390,1,13,5,3
201301PL60853,2,1,0,15,2,1,0,0,0,0,1,1,6,1,7,-1,-1,-1,2,1
201301PL60854,1,11,0,17,0,1,0,0,0,0,1,1,1,1,7,-1,-1,-1,1,1
201301PL60854,2,1,0,18,9,6,0,0,0,0,1,1,6,1,9,-1,-1,-1,3,1
201301PL60856,1,8,0,3,0,1,0,0,0,0,2,1,1,1,6,-1,-1,-1,3,1
201301PL60856,2,9,0,18,0,1,0,0,0,0,1,1,6,1,7,1896,2,4,4,1
201301PL60857,1,9,0,18,0,0,0,0,0,0,4,1,6,2,6,1498,1,8,5,1
201301PL60857,2,9,0,15,0,0,0,0,0,0,3,1,6,3,-1,-1,-1,-1,-1,-1
201301PL60858,1,1,0,18,0,8,0,0,0,0,4,1,6,1,8,-1,-1,-1,5,1
201301PL60858,2,9,0,5,0,8,0,0,0,0,1,1,6,1,6,1598,1,8,7,1
201301PL60859,1,9,0,18,0,0,0,0,0,0,4,1,6,2,6,-1,-1,-1,3,1
201301PL60861,1,11,0,9,0,2,0,0,0,0,1,1,1,1,7,4500,2,6,5,1
201301PL60862,1,4,0,14,0,1,0,0,0,0,4,1,6,1,4,125,1,7,5,1
201301PL60862,2,9,0,9,0,5,0,0,0,0,3,1,6,3,-1,1956,2,2,-1,-1
201301PL60863,1,9,0,9,0,8,0,0,0,0,4,1,6,2,7,1240,1,8,7,1
201301PL60863,2,4,0,18,0,8,0,0,0,0,1,1,6,1,8,-1,-1,-1,7,1
201301PL60864,1,3,0,5,0,1,0,0,0,0,3,1,6,1,7,125,1,1,10,1
201301PL60865,1,19,0,1,0,0,0,0,0,0,2,1,1,2,7,-1,-1,-1,4,1
201301PL60865,2,9,0,18,0,0,0,0,0,0,1,1,6,1,5,2979,1,13,3,1
201301PL60866,1,3,0,18,0,0,0,0,0,0,3,1,6,3,-1,-1,-1,-1,-1,-1
201301PL60867,1,9,0,18,2,8,0,0,0,0,1,1,1,1,6,-1,-1,-1,4,1
201301PL60867,2,9,0,9,0,8,0,0,0,0,4,1,6,1,5,1598,1,6,3,1
201301PL60868,1,9,0,14,0,2,0,0,0,0,3,1,6,1,7,1598,1,14,2,1
201301PL60868,2,10,0,3,0,2,0,0,0,0,3,1,1,1,8,-1,-1,-1,-1,-1
201301PL60868,3,19,0,18,0,1,0,0,0,0,1,1,6,1,7,2402,2,5,3,1
201301PL60869,1,9,0,9,0,0,0,0,0,0,1,1,6,1,8,2874,2,8,10,2
201301PL60870,1,3,0,14,0,1,0,0,0,0,1,1,6,1,6,125,1,5,2,1
201301PL60870,2,9,0,7,0,1,0,0,0,0,3,1,6,2,7,998,1,3,2,1
201301PL60871,1,9,0,18,0,8,0,4,0,0,1,1,6,2,9,1198,1,4,2,1
201301PL60871,2,9,0,2,0,8,0,0,0,0,2,1,6,1,6,1796,1,2,2,1
201301PL60873,1,9,0,15,0,2,0,0,0,0,1,1,6,2,5,1198,1,2,8,1
201301PL60874,1,9,0,4,0,1,0,0,0,0,2,1,6,1,8,1997,1,18,2,1
201301PL60874,2,9,0,18,0,1,0,0,0,0,1,1,6,3,-1,-1,-1,-1,-1,-1
201301PL60875,1,1,0,18,0,1,0,0,0,0,3,1,6,2,6,-1,-1,-1,5,1
201301PL60875,2,9,0,7,0,1,0,0,0,0,4,1,6,3,-1,-1,-1,-1,-1,-1
201301PL60878,1,9,0,18,0,2,0,4,1,0,4,1,6,2,8,1595,1,8,4,1
201301PL60878,2,9,0,2,0,2,0,0,0,0,4,1,6,1,8,1368,1,3,4,1
201301PL60878,3,20,0,2,0,2,0,0,0,0,2,1,2,1,-1,6692,2,-1,2,1
201301PL60879,1,9,0,9,0,2,0,0,0,0,1,1,6,1,6,-1,-1,-1,4,1
201301PL60879,2,1,0,7,0,2,0,0,0,0,1,1,6,1,8,-1,-1,-1,5,1
201301PL60880,1,9,0,14,0,0,0,0,0,0,1,1,6,1,9,999,1,13,7,1
201301PL60881,1,9,0,5,0,8,0,0,0,0,3,1,6,1,8,1598,1,-1,3,1
201301PL60881,2,1,0,5,0,8,0,0,0,0,4,1,6,1,5,-1,-1,-1,3,1
201301PL60883,1,9,0,5,0,2,0,0,0,0,3,1,6,2,10,999,1,12,5,1
201301PL60883,2,9,0,18,0,2,0,0,0,0,4,1,6,1,5,1398,1,3,5,1
201301PL60884,1,9,0,18,0,1,0,7,0,0,1,1,6,2,7,1590,1,12,4,1
201301PL60885,1,9,0,9,0,5,0,0,0,0,3,1,6,1,7,1398,2,7,4,1
201301PL60885,2,5,0,14,0,1,0,0,0,0,1,1,6,2,7,1052,1,20,7,3
201301PL60886,1,9,0,9,0,2,0,0,0,0,1,1,6,2,5,-1,-1,-1,2,1
201301PL60887,1,9,0,9,0,0,0,0,0,0,4,1,6,1,10,1896,2,9,6,1
201301PL60887,2,1,0,18,0,0,0,0,0,0,1,1,6,1,8,-1,-1,-1,6,1
201301PL60888,1,9,0,18,0,8,0,0,0,0,1,1,6,1,6,-1,-1,-1,6,1
201301PL60888,2,19,0,9,0,8,0,0,0,0,0,1,6,3,-1,-1,-1,-1,-1,-1
201301PL60889,1,9,0,3,0,8,0,0,0,0,2,1,6,2,8,1796,1,10,3,1
201301PL60889,2,9,0,18,0,8,0,0,0,0,1,1,6,1,7,1896,2,11,10,2
201301PL60890,1,9,0,9,0,5,0,0,0,0,4,1,6,1,-1,1596,1,13,-1,-1
201301PL60890,2,1,0,18,0,1,0,0,0,0,1,1,2,1,6,-1,-1,-1,4,1
201301PL60891,1,3,0,14,0,0,0,0,0,0,1,1,6,2,6,124,1,1,2,1
201301PL60891,2,9,0,6,0,0,0,0,0,0,3,1,6,1,6,1595,1,10,3,1
201301PL60893,1,9,0,2,0,0,0,0,0,0,2,1,6,3,-1,-1,-1,-1,-1,-1
201301PL60893,2,9,0,2,0,0,0,0,0,0,2,1,6,2,6,1397,1,9,2,1
201301PL60893,3,9,0,3,0,0,0,4,0,0,2,1,1,1,-1,2776,2,5,7,1
201301PL60893,4,19,0,18,0,0,0,0,0,0,1,1,6,1,6,2402,2,6,-1,-1
201301PL60894,1,9,0,18,0,1,0,0,0,0,1,1,6,3,-1,1596,1,10,-1,-1
201301PL60895,1,9,0,14,0,8,0,0,0,0,1,1,6,1,7,-1,-1,-1,1,1
201301PL60895,2,9,0,9,0,8,0,0,0,0,3,1,6,1,8,-1,-1,-1,3,1
201301PL60896,1,9,0,4,0,0,0,0,0,0,2,1,6,2,8,1769,1,11,-1,-1
201301PL60896,2,9,0,4,0,0,0,0,0,0,1,1,1,1,6,-1,-1,-1,-1,-1
201301PL60897,1,9,0,9,0,8,0,0,0,0,3,1,6,1,11,1329,1,4,10,1
201301PL60897,2,9,0,18,0,8,0,0,0,0,3,1,6,2,6,1796,1,7,6,1
201301PL60898,1,9,0,1,0,6,0,0,0,0,2,1,6,2,6,1769,1,9,-1,-1
201301PL60898,2,1,0,18,9,1,0,0,0,0,4,1,6,1,1,-1,-1,-1,3,1
201301PL60899,1,9,0,18,0,1,0,0,0,0,1,1,6,2,5,1798,1,-1,2,1
201301PL60899,2,20,0,18,0,1,0,0,0,0,2,1,1,1,6,-1,-1,-1,6,1
201301PL60900,1,9,0,4,0,0,0,0,0,0,2,1,6,1,6,1199,1,13,6,1
201301PL60900,2,9,0,4,0,0,0,0,0,0,1,1,6,1,7,1910,2,7,4,1
201301PL60901,1,9,0,9,0,8,0,0,0,0,3,1,6,2,7,1598,1,4,2,1
201301PL60901,2,3,0,14,0,8,0,0,0,0,1,1,6,1,-1,108,1,-1,-1,-1
201301PL60902,1,3,0,18,0,8,0,0,0,0,1,1,2,1,7,125,1,7,3,1
201301PL60902,2,19,0,18,0,8,0,0,0,0,0,1,6,1,-1,2402,2,6,2,1
201301PL60903,1,8,0,3,0,1,0,0,0,0,0,1,1,1,8,2664,2,13,4,1
201301PL60904,1,3,0,15,2,8,0,0,0,0,4,1,6,1,5,124,1,5,5,1
201301PL60904,2,9,0,9,0,8,0,0,0,0,1,1,6,1,8,2993,2,6,-1,-1
201301PL60905,1,11,0,18,0,1,0,0,0,0,1,1,2,1,6,6700,2,1,-1,-1
201301PL60905,2,9,0,11,0,1,0,0,0,0,4,1,6,1,6,1364,1,3,2,1
201301PL60906,1,11,0,18,0,1,0,0,0,0,0,1,1,2,8,-1,-1,-1,3,1
201301PL60907,1,1,0,7,0,2,0,0,0,0,2,1,6,1,8,-1,-1,-1,4,1
201301PL60907,2,9,0,7,0,2,0,0,0,0,1,1,6,3,-1,-1,-1,-1,-1,-1