Accident_Index,Vehicle_Reference,Vehicle_Type,Towing_and_Articulation,Vehicle_Manoeuvre,Vehicle_Location-Restricted_Lane,Junction_Location,Skidding_and_Overturning,Hit_Object_in_Carriageway,Vehicle_Leaving_Carriageway,Hit_Object_off_Carriageway,1st_Point_of_Impact,Was_Vehicle_Left_Hand_Drive?,Journey_Purpose_of_Driver,Sex_of_Driver,Age_Band_of_Driver,Engine_Capacity_(CC),Propulsion_Code,Age_of_Vehicle,Driver_IMD_Decile,Driver_Home_Area_Type
201301PL60908,1,20,0,18,0,1,0,10,0,0,1,1,1,1,8,-1,-1,-1,2,1
201301PL60908,2,9,0,18,0,2,0,0,0,0,2,1,6,1,7,4619,1,10,5,1
201301PL60908,3,9,0,9,0,2,0,0,0,0,1,1,6,1,8,1997,2,5,-1,-1
201301PL60909,1,9,0,14,0,1,0,0,0,0,1,1,6,3,-1,-1,-1,-1,-1,-1
201301PL60910,1,9,0,5,0,2,0,0,0,0,1,1,6,1,8,1596,1,4,2,1
201301PL60910,2,3,0,18,0,2,1,0,0,0,3,1,1,1,4,125,1,2,2,1
201301PL60911,1,9,0,9,0,2,0,0,0,0,1,1,6,2,5,1124,1,10,2,1
201301PL60913,1,9,0,18,0,8,0,0,0,0,3,1,6,2,8,995,1,7,2,1
201301PL60913,2,9,0,9,0,8,0,0,0,0,1,1,6,1,-1,1199,1,12,-1,-1
201301PL60914,1,5,0,18,0,1,0,10,0,0,4,1,6,1,7,899,1,15,8,1
201301PL60914,2,11,0,3,0,1,0,0,0,0,4,1,1,1,7,9000,2,4,7,1
201301PL60915,1,19,0,6,0,1,0,0,0,0,3,1,6,1,8,2148,2,7,2,1
201301PL60915,2,3,0,18,0,1,0,0,0,0,1,1,6,2,4,-1,-1,-1,3,1
201301PL60917,1,9,0,9,0,8,0,0,0,0,4,1,6,2,9,1598,1,10,5,1
201301PL60917,2,1,0,18,0,8,0,0,0,0,3,1,6,2,7,-1,-1,-1,2,1
201301PL60919,1,9,0,7,0,2,0,0,0,0,1,1,6,3,-1,-1,-1,-1,-1,-1
201301PL60920,1,9,0,9,0,5,0,0,0,0,3,1,6,1,6,1595,1,4,5,1
201301PL60920,2,5,0,13,0,1,0,0,0,0,4,1,6,1,7,1340,1,4,7,1
201301PL60921,1,19,0,17,0,8,0,0,0,0,1,1,6,1,6,2148,2,6,2,2
201301PL60922,1,3,0,18,0,1,0,0,0,0,4,1,1,1,5,-1,-1,-1,-1,-1
201301PL60923,1,9,0,4,0,0,0,0,0,0,4,1,6,2,7,1598,1,10,8,1
201301PL60924,1,9,0,9,0,2,0,0,0,0,1,1,6,1,6,1910,2,9,6,1
201301PL60925,1,9,0,4,0,0,0,0,0,0,2,1,6,2,7,1598,1,8,5,1
201301PL60925,2,9,0,4,0,0,0,0,0,0,2,1,6,1,5,1968,2,5,3,1
201301PL60925,3,9,0,18,0,0,0,0,0,0,1,1,6,1,6,1997,2,9,2,1
201301PL60926,1,9,0,18,0,8,0,0,0,0,1,1,1,1,7,1388,1,2,-1,-1
201301PL60926,2,9,0,18,0,8,0,0,0,0,3,1,6,1,8,-1,-1,-1,3,1
201301PL60927,1,9,0,9,0,2,0,0,0,0,1,1,6,1,6,1679,1,14,3,1
201301PL60928,1,9,0,4,0,2,0,0,0,0,1,1,1,1,8,-1,-1,-1,-1,-1
201301PL60929,1,9,0,3,0,1,0,0,0,0,2,1,6,2,7,1598,1,2,2,1
201301PL60929,2,9,0,18,0,1,0,0,0,0,1,1,6,3,-1,999,1,4,-1,-1
201301PL60930,1,9,0,9,0,2,0,0,0,0,4,1,6,2,6,1686,2,8,-1,-1
201301PL60931,1,9,0,9,0,0,0,0,0,0,3,1,6,1,4,1242,1,4,5,1
201301PL60931,2,3,0,14,0,0,0,0,0,0,1,1,6,1,9,299,1,-1,4,1
201301PL60932,1,9,0,9,0,8,0,0,0,0,3,1,6,1,7,2996,1,6,4,1
201301PL60932,2,5,0,5,0,8,0,0,0,0,1,1,6,1,5,398,1,20,-1,-1
201301PL60933,1,2,0,14,0,8,0,0,0,0,4,1,1,1,7,125,1,8,6,1
201301PL60933,2,9,0,18,0,8,0,0,0,0,1,1,6,2,8,1229,1,1,-1,-1
201301PL60934,1,9,0,18,9,0,0,10,1,0,4,1,6,1,4,1390,1,6,-1,-1
201301PL60935,1,4,0,14,0,1,0,0,0,0,1,1,6,1,-1,-1,-1,-1,2,1
201301PL60936,1,9,0,9,0,8,0,0,0,0,1,1,6,1,6,2393,1,9,7,2
201301PL60936,2,1,0,18,0,8,0,0,0,0,1,1,6,1,7,-1,-1,-1,4,1
201301PL60937,1,9,0,18,0,0,0,0,0,0,2,1,2,2,6,1229,1,2,5,1
201301PL60937,2,9,0,18,0,0,0,0,0,0,2,1,6,3,-1,-1,-1,-1,-1,-1
201301PL60937,3,9,0,18,0,0,0,0,0,0,1,1,6,3,-1,-1,-1,-1,-1,-1
201301PL60938,1,9,0,3,0,1,0,0,0,0,3,1,6,1,6,1560,2,8,-1,-1
201301PL60938,2,1,0,17,0,8,0,0,0,0,1,1,6,2,6,-1,-1,-1,3,1
201301PL60939,1,9,0,18,0,2,0,0,0,0,2,1,6,1,6,1794,1,5,-1,-1
201301PL60939,2,9,0,18,0,2,0,0,0,0,1,1,6,3,-1,-1,-1,-1,-1,-1
201301PL60940,1,9,0,18,0,1,0,0,0,0,1,1,6,1,8,1389,1,17,2,1
201301PL60941,1,10,0,4,0,0,0,0,0,0,2,1,1,2,8,2463,2,8,9,1
201301PL60941,2,9,0,18,0,0,0,0,0,0,1,1,6,1,7,1461,2,-1,5,1
201301PL60942,1,3,0,18,0,1,0,0,0,0,1,1,6,1,7,124,1,2,-1,-1
201301PL60942,2,9,0,4,0,1,0,0,0,0,2,1,6,2,-1,1398,1,1,-1,-1
201301PL60944,1,9,0,18,0,0,0,10,1,10,1,1,6,1,6,3498,1,7,3,1
201301PL60948,1,5,0,7,0,2,0,0,0,0,4,1,6,1,7,781,1,9,9,1
201301PL60949,1,5,0,18,0,1,0,0,0,0,1,1,6,1,6,998,1,9,2,1
201301PL60951,1,1,0,18,0,2,0,0,0,0,1,1,6,1,8,-1,-1,-1,4,1
201301PL60951,2,9,0,2,0,2,0,0,0,0,3,1,6,2,-1,1587,1,9,2,1
201301PL60952,1,9,0,9,0,8,0,0,0,0,3,1,6,1,6,1560,2,6,9,1
201301PL60952,2,9,0,7,0,8,0,0,0,0,1,1,6,3,-1,-1,-1,-1,-1,-1
201301PL60953,1,9,0,3,0,1,0,0,0,0,2,1,6,2,6,1587,1,11,3,1
201301PL60953,2,9,0,18,0,1,0,0,0,0,1,1,6,2,-1,1493,2,4,-1,-1
201301PL60955,1,9,0,3,0,2,0,0,0,0,1,1,6,1,10,1753,2,12,2,1
201301PL60955,2,1,0,18,0,2,0,0,0,0,1,1,6,1,6,-1,-1,-1,2,1
201301PL60959,1,9,0,9,0,5,0,0,0,0,4,1,6,1,5,2435,7,12,2,1
201301PL60959,2,9,0,15,0,1,0,0,0,0,1,1,6,2,6,1900,2,9,-1,-1
201301PL60961,1,9,0,5,0,8,0,0,0,0,3,1,6,1,7,-1,-1,-1,-1,-1
201301PL60961,2,9,0,18,0,8,0,0,0,0,1,1,1,1,7,-1,-1,-1,3,1
201301PL60962,1,9,0,18,0,8,0,0,0,0,1,1,6,2,6,1898,1,12,9,1
201301PL60962,2,9,0,9,0,8,0,0,0,0,4,1,6,3,-1,1400,1,12,-1,-1
201301PL60965,1,1,0,18,0,8,0,0,0,0,2,1,6,1,5,-1,-1,-1,6,1
201301PL60965,2,9,0,18,0,8,0,0,0,0,1,1,6,3,-1,-1,-1,-1,-1,-1
201301PL60970,1,9,0,18,5,2,0,10,0,0,1,1,6,1,5,2362,1,10,3,1
201301PL69007,1,5,0,15,0,8,0,0,0,0,1,1,6,1,-1,-1,-1,-1,-1,-1
201301PL69007,2,9,0,9,0,8,0,0,0,0,4,1,6,1,-1,-1,-1,-1,-1,-1
201301PL69019,1,9,0,1,0,0,0,0,0,0,2,1,6,1,6,2979,1,8,3,1
201301PL69021,1,3,0,3,0,8,0,0,0,0,1,1,6,1,10,124,1,10,2,1
201301PL69021,2,9,0,9,0,8,0,0,0,0,1,1,6,2,7,2198,1,5,2,1
201301PL69052,1,9,0,17,0,8,0,0,0,0,4,1,6,1,6,1596,1,15,1,1
201301PL69052,2,19,0,18,0,8,0,0,0,0,1,1,6,1,-1,1560,2,3,9,1
201301PL69072,1,3,0,15,0,8,0,0,0,0,1,1,6,2,-1,-1,-1,-1,-1,-1
201301PL69072,2,9,0,7,0,8,0,0,0,0,4,1,6,2,-1,-1,-1,-1,-1,-1
201301PL69083,1,9,0,18,0,8,0,0,0,0,1,1,6,1,5,1995,1,10,3,1
201301PL69083,2,9,0,9,0,8,0,0,0,0,2,1,6,2,8,-1,-1,-1,5,1
201301PL69083,3,9,0,18,0,8,0,0,0,0,1,1,6,2,8,1588,1,9,2,1
201301PL69091,1,11,0,4,0,0,0,0,0,0,0,1,1,1,8,-1,-1,-1,-1,-1
201301PL69106,1,5,0,18,0,2,0,0,0,0,3,1,6,1,6,998,1,5,-1,-1
201301PY20001,1,9,0,18,0,0,0,10,8,2,1,1,6,1,11,2496,1,8,8,1
201301PY20002,1,9,0,18,0,2,0,0,0,0,1,1,6,1,5,1781,1,9,8,1
201301PY20002,2,9,0,4,0,2,0,0,0,0,2,1,6,2,-1,-1,-1,-1,7,1
201301PY20003,1,9,0,16,0,2,0,0,0,0,1,1,6,2,7,1598,1,5,2,1
201301PY20003,2,9,0,16,0,2,0,0,0,0,2,1,6,2,7,-1,-1,-1,8,1
201301PY20004,1,9,0,18,0,8,0,0,0,0,3,1,6,2,7,4999,1,1,10,1
201301PY20004,2,9,0,18,0,8,0,0,0,0,1,1,6,1,6,1598,1,5,8,1
201301PY20005,1,9,0,18,0,1,0,4,0,0,1,1,2,1,9,2500,2,9,6,1
201301PY20005,2,9,0,2,0,1,0,0,0,0,2,1,6,3,-1,1796,1,7,-1,-1
201301PY20006,1,9,0,18,0,0,0,4,0,0,1,1,6,1,11,1998,1,13,8,1
201301PY20006,2,9,0,2,0,0,0,0,0,0,2,1,6,3,-1,1587,1,6,-1,-1
201301PY20007,1,9,0,4,0,8,0,0,0,0,1,1,6,1,6,1296,1,5,8,1
201301PY20007,2,9,0,4,0,8,1,0,0,0,3,1,6,1,-1,1995,2,9,-1,-1
201301PY20011,1,9,0,18,0,1,0,0,0,0,1,1,6,2,6,998,1,23,3,1
201301PY20011,2,11,0,3,0,1,0,0,0,0,2,1,1,1,6,4500,2,5,3,1
201301PY20012,1,9,0,18,0,2,0,0,0,0,1,1,6,1,6,1991,2,10,1,1
201301PY20012,2,9,0,18,0,1,0,0,0,0,1,1,6,1,6,1587,1,11,-1,-1
201301PY20013,1,9,0,13,0,0,0,0,0,0,4,1,6,2,7,1995,2,6,3,1
201301PY20013,2,1,0,18,0,0,0,0,0,0,3,1,6,1,8,-1,-1,-1,10,1
201301PY20014,1,9,0,7,0,8,0,0,0,0,2,1,6,1,7,2148,2,9,2,1
201301PY20014,2,9,0,18,0,8,0,0,0,0,1,1,6,2,7,1587,1,8,3,1
201301PY20014,3,9,0,18,0,8,0,0,0,0,2,1,6,3,-1,1999,1,11,-1,-1
201301PY20015,1,9,0,18,0,0,0,0,0,0,1,1,6,1,4,1596,1,10,5,1
201301PY20015,2,9,0,18,0,0,0,0,0,0,1,1,6,3,-1,-1,-1,-1,-1,-1
201301PY20017,1,11,0,4,0,1,0,0,0,0,4,1,1,3,-1,-1,-1,-1,-1,-1
201301PY20018,1,9,0,3,0,1,0,0,0,0,2,1,6,1,6,1995,1,12,2,1
201301PY20018,2,9,0,4,0,1,0,0,0,0,1,1,6,1,-1,2967,2,6,-1,-1
201301PY20019,1,9,0,2,0,0,0,0,0,0,3,1,1,1,-1,998,1,13,-1,-1
201301PY20019,2,1,0,18,0,0,0,8,0,0,1,1,6,1,6,-1,-1,-1,3,1
201301PY20020,1,9,0,18,0,0,0,4,0,0,1,1,6,2,7,2393,1,14,7,1
201301PY20020,2,9,0,2,0,0,0,0,0,0,2,1,3,2,6,1991,2,5,1,1
201301PY20021,1,9,0,3,0,1,0,0,0,0,1,1,6,2,5,1242,1,17,6,1
201301PY20021,2,9,0,4,0,2,1,0,0,0,1,1,6,1,-1,-1,-1,-1,-1,-1
201301PY20023,1,9,0,9,0,6,0,0,0,0,1,1,2,2,9,1368,1,5,9,1
201301PY20023,2,1,0,9,0,6,0,0,0,0,2,1,2,2,7,-1,-1,-1,10,1
201301PY20024,1,9,0,6,0,0,0,0,0,0,4,1,6,1,9,3199,1,13,9,1
201301PY20024,2,9,0,18,0,0,0,0,0,0,1,1,6,2,6,1119,1,19,2,1
201301PY20026,1,9,0,9,0,8,0,0,0,0,3,1,6,2,4,973,1,13,7,1
201301PY20026,2,11,0,18,0,8,0,0,0,0,1,1,1,1,8,6700,2,1,9,1
201301PY20027,1,9,0,9,0,8,0,0,0,0,4,1,1,2,8,1242,1,4,7,1
201301PY20027,2,9,0,16,0,8,0,0,0,0,1,1,6,1,7,1896,2,9,4,1
201301PY20028,1,9,0,18,0,0,1,0,0,0,1,1,6,1,5,-1,-1,-1,9,1
201301PY20028,2,9,0,18,0,0,0,0,0,0,1,1,6,2,11,1497,1,10,8,1
201301PY20029,1,9,0,18,0,1,0,0,0,0,1,1,6,1,7,2967,2,6,8,3
201301PY20029,2,19,0,2,0,1,0,0,0,0,2,1,6,3,-1,2287,2,5,-1,-1
201301PY20032,1,19,0,9,0,8,0,0,0,0,1,1,6,1,6,1995,2,5,3,1
201301PY20033,1,9,0,18,0,0,0,0,0,0,1,1,6,1,7,1197,1,1,4,1
201301PY20033,2,9,0,18,0,0,0,0,0,0,2,1,6,1,5,1781,1,14,3,1
201301PY20034,1,9,0,18,0,1,0,10,1,4,1,1,6,1,11,1761,1,12,-1,-1
201301PY20035,1,90,0,5,0,0,0,0,0,0,1,1,6,1,11,-1,3,1,5,1
201301PY20036,1,9,0,4,0,1,0,0,0,0,2,1,6,1,9,1991,1,13,8,1
201301PY20036,2,9,0,4,0,1,0,0,0,0,1,1,6,2,11,1240,1,10,2,1
201301PY20037,1,9,0,18,0,8,0,0,0,0,4,1,6,2,8,-1,-1,-1,8,1
201301PY20037,2,9,0,9,0,8,0,0,0,0,1,1,6,1,8,2664,2,13,2,1
201301PY20038,1,9,0,18,0,0,0,7,0,0,1,1,6,2,7,1910,2,5,4,1
201301PY20039,1,19,0,3,0,1,0,0,0,0,2,1,6,1,6,2198,2,1,2,1
201301PY20039,2,9,0,4,0,1,0,0,0,0,1,1,6,1,-1,-1,-1,-1,-1,-1
201301PY20040,1,9,0,18,0,8,0,0,0,0,1,1,6,1,5,1391,1,13,-1,-1
201301PY20040,2,9,0,9,0,8,0,0,0,0,4,1,6,1,7,-1,-1,-1,-1,-1
201301PY20041,1,9,0,18,0,1,0,0,0,0,1,1,6,1,8,-1,-1,-1,-1,-1
201301PY20042,1,9,0,18,0,0,0,0,0,0,3,1,6,1,10,2488,1,5,8,3
201301PY20042,2,19,0,18,0,0,0,0,0,0,3,1,6,1,4,2148,2,4,9,1
201301PY20043,1,11,0,4,0,8,0,0,0,0,0,1,1,1,6,6700,2,1,6,1
201301PY20044,1,9,0,18,0,0,0,0,0,0,1,1,6,1,8,1796,1,10,6,1
201301PY20046,1,9,0,3,0,8,0,0,0,0,2,1,6,2,6,1242,1,1,1,1
201301PY20046,2,9,0,18,0,8,0,0,0,0,1,1,6,2,6,2993,2,3,7,1
201301PY20047,1,9,0,18,0,1,0,0,0,0,4,1,6,3,-1,-1,-1,-1,-1,-1
201301PY20049,1,1,0,7,0,8,0,0,0,0,3,1,6,1,8,-1,-1,-1,9,1
201301PY20049,2,9,0,18,0,8,0,0,0,0,1,1,6,3,-1,-1,-1,-1,-1,-1
201301PY20052,1,3,0,18,0,8,1,0,0,0,1,1,6,1,6,125,1,4,5,1
201301PY20052,2,9,0,9,0,8,0,0,0,0,1,1,6,1,5,2148,2,11,9,1
201301PY20053,1,9,0,18,0,8,0,0,0,0,1,1,6,3,-1,-1,-1,-1,-1,-1
201301PY20054,1,9,0,18,0,2,5,4,0,0,4,1,6,1,6,1598,1,5,-1,-1
201301PY20054,2,19,0,2,0,2,0,0,0,0,3,1,6,3,-1,2143,2,2,-1,-1
201301PY20054,3,9,0,2,0,2,0,0,0,0,3,1,6,3,-1,-1,-1,-1,-1,-1
201301PY20055,1,19,0,18,0,8,0,0,0,0,1,1,6,3,-1,1998,2,9,-1,-1
201301PY20056,1,21,1,5,0,8,0,0,0,0,1,2,1,1,7,-1,-1,-1,-1,-1
201301PY20056,2,9,0,9,0,8,0,0,0,0,4,1,6,2,6,-1,-1,-1,4,1
201301PY20057,1,9,0,18,0,8,0,0,0,0,4,1,6,1,5,1995,2,8,-1,-1
201301PY20057,2,9,0,18,0,8,0,0,0,0,1,1,6,1,6,1206,1,1,9,1
201301PY20058,1,1,0,18,0,8,0,0,0,0,1,1,6,1,5,-1,-1,-1,2,1
201301PY20058,2,9,0,9,0,8,0,0,0,0,4,1,6,1,-1,2231,2,7,9,1
201301PY20059,1,3,0,18,0,8,0,0,0,0,1,1,6,1,6,-1,-1,-1,3,1
201301PY20059,2,9,0,6,0,8,0,0,0,0,3,1,6,1,4,1598,1,7,8,1
201301PY20060,1,3,0,18,0,8,0,0,0,0,1,1,6,1,6,125,1,5,3,1
201301PY20061,1,9,0,18,0,8,0,0,0,0,1,1,6,2,4,1299,1,10,8,1
201301PY20061,2,9,0,18,0,8,0,0,0,0,4,1,6,1,7,-1,-1,-1,8,1
201301PY20062,1,9,0,18,0,0,0,0,0,0,4,1,6,1,11,1398,1,3,9,1
201301PY20063,1,9,0,9,0,8,0,0,0,0,1,1,6,1,7,1591,1,2,5,1
201301PY20064,1,9,0,9,0,8,0,0,0,0,1,1,6,1,8,3189,1,7,8,1
201301PY20065,1,9,0,10,0,8,0,0,0,0,3,1,6,2,6,2148,2,7,2,1
201301PY20065,2,9,0,9,0,8,0,0,0,0,1,1,6,3,-1,-1,-1,-1,-1,-1
201301PY20066,1,1,0,18,0,8,0,0,0,0,1,1,6,2,8,-1,-1,-1,5,1
201301PY20066,2,9,0,9,0,8,0,0,0,0,4,1,6,2,6,1796,1,9,7,1
201301PY20067,1,9,0,18,0,8,0,10,1,0,4,1,6,3,-1,-1,-1,-1,-1,-1
201301PY20068,1,1,0,18,0,8,0,0,0,0,3,1,6,1,9,-1,-1,-1,9,1
201301PY20068,2,9,0,18,0,8,0,0,0,0,1,1,6,2,11,1396,1,23,-1,-1
201301PY20069,1,9,0,18,0,0,0,0,0,0,1,1,6,1,4,1124,1,11,8,3
201301PY20069,2,9,0,11,0,0,0,0,0,0,0,1,6,3,-1,-1,-1,-1,-1,-1
201301PY20070,1,9,0,9,0,8,0,0,0,0,4,1,6,2,9,1900,2,6,-1,-1
201301PY20070,2,9,0,18,0,8,0,0,0,0,1,1,6,1,-1,1997,1,1,9,1
201301PY20071,1,9,0,18,0,2,0,0,0,0,1,1,6,1,10,1783,1,10,9,1
201301PY20071,2,9,0,2,0,2,0,0,0,0,2,1,6,1,8,-1,-1,-1,9,1
201301PY20073,1,1,0,18,0,8,0,0,0,0,1,1,6,1,6,-1,-1,-1,5,1
201301PY20073,2,9,0,9,0,8,0,0,0,0,3,1,6,3,-1,-1,-1,-1,-1,-1
201301PY20075,1,9,0,9,0,8,0,0,0,0,2,1,6,2,7,1598,1,6,2,1
201301PY20075,2,9,0,18,0,8,0,0,0,0,1,1,6,1,6,1796,1,8,3,1
201301PY20076,1,9,0,6,0,0,0,0,0,0,3,1,6,2,8,1149,1,6,9,1
201301PY20076,2,3,0,13,0,0,0,0,0,0,1,1,6,1,6,125,1,1,4,1
201301PY20077,1,9,0,1,0,0,0,10,1,0,2,1,6,2,-1,-1,-1,-1,-1,-1
201301PY20078,1,9,0,16,0,0,0,0,0,0,1,1,6,1,4,1905,2,17,3,1
201301PY20078,2,9,0,17,0,0,0,0,0,0,1,1,6,2,8,1686,2,8,3,1
201301PY20079,1,9,0,18,0,2,0,0,0,0,1,1,6,1,7,1796,1,7,5,1
201301PY20080,1,9,0,18,0,0,0,10,1,4,1,1,6,1,5,1781,1,11,3,1
201301PY20081,1,9,0,9,0,8,0,0,0,0,3,1,6,1,6,1149,1,6,7,1
201301PY20081,2,11,0,18,0,8,0,0,0,0,1,1,1,1,-1,6370,2,1,-1,-1
201301PY20082,1,9,0,18,0,1,0,0,0,0,1,1,6,2,8,998,1,5,5,1
201301PY20083,1,9,0,7,0,8,0,0,0,0,4,1,6,1,9,1596,1,1,6,1
201301PY20083,2,3,0,18,0,8,0,0,0,0,1,1,6,1,6,124,1,6,8,1
201301PY20085,1,9,0,18,0,0,0,0,0,0,1,1,6,2,9,1390,1,12,9,1
201301PY20086,1,9,0,3,0,1,0,0,0,0,2,1,6,2,8,1398,1,16,5,1
201301PY20086,2,9,0,3,0,1,0,0,0,0,2,1,6,2,6,2400,2,1,8,1
201301PY20086,3,9,0,18,0,1,0,0,0,0,1,1,6,3,-1,1796,1,9,-1,-1
201301PY20087,1,9,0,18,0,0,0,0,0,0,1,1,6,2,4,-1,-1,-1,10,1
201301PY20087,2,9,0,18,0,0,0,0,0,0,1,1,6,2,11,-1,-1,-1,5,1
201301PY20088,1,9,0,18,0,8,0,0,0,0,3,1,6,2,11,-1,-1,-1,10,1
201301PY20088,2,9,0,18,0,8,0,0,0,0,1,1,6,2,6,2993,2,7,-1,-1
201301PY20088,3,9,0,18,0,8,0,0,0,0,1,1,6,1,9,1796,1,4,9,1
201301PY20089,1,9,0,18,0,2,0,8,0,0,1,1,6,2,6,1895,1,13,7,1
201301PY20089,2,9,0,2,0,2,0,0,0,0,2,1,6,1,6,1998,1,10,2,1
201301PY20090,1,9,0,1,0,1,0,0,0,0,2,1,6,1,7,1968,2,4,8,1
201301PY20091,1,9,0,6,0,2,0,0,0,0,3,1,6,2,4,1124,1,8,3,1
201301PY20091,2,1,0,14,0,2,0,0,0,0,1,1,6,1,9,-1,-1,-1,5,1
201301PY20092,1,9,0,7,0,8,0,0,0,0,0,1,6,1,4,1368,1,2,8,1
201301PY20092,2,19,0,18,0,8,0,0,0,0,1,1,6,1,7,1868,2,11,-1,-1
201301PY20092,3,9,0,18,0,8,0,0,0,0,1,1,6,1,7,-1,-1,-1,10,1
201301PY20093,1,9,0,10,0,8,0,0,0,0,1,1,6,1,8,1388,1,4,-1,-1
201301PY20093,2,19,0,18,0,8,0,10,1,5,1,1,6,1,6,-1,-1,-1,2,1
201301PY20093,3,9,0,3,0,8,0,0,0,0,3,1,6,2,7,1390,1,9,10,1
201301PY20094,1,3,0,18,0,8,0,0,0,0,0,1,6,1,4,124,1,3,2,1
201301PY20097,1,9,0,18,0,8,0,0,0,0,1,1,6,1,6,2497,2,9,9,1
201301PY20098,1,5,0,18,0,8,0,0,0,0,1,1,6,1,7,1050,1,2,9,1
201301PY20098,2,9,0,18,0,8,0,0,0,0,1,1,6,2,5,1390,1,15,6,1
201301PY20099,1,3,0,18,0,8,0,0,0,0,1,1,6,1,9,249,1,14,4,1
201301PY20099,2,19,0,9,0,8,0,0,0,0,4,1,6,3,-1,2402,2,5,-1,-1
201301PY20101,1,11,0,5,0,8,0,0,0,0,0,1,6,1,8,9000,2,7,9,1
201301PY20102,1,9,0,9,0,8,0,0,0,0,0,1,6,3,-1,-1,-1,-1,-1,-1
201301PY20102,2,5,0,18,0,8,0,10,1,10,0,1,6,1,4,599,1,15,8,3
201301PY20103,1,1,0,14,0,8,0,0,0,0,4,1,6,1,7,-1,-1,-1,7,1
201301PY20103,2,19,0,2,0,8,0,0,0,0,4,1,6,3,-1,-1,-1,-1,-1,-1
201301PY20104,1,9,0,7,0,8,0,0,0,0,4,1,6,1,8,2143,2,1,10,1
201301PY20104,2,19,0,18,0,8,0,0,0,0,1,1,6,1,5,-1,-1,-1,3,1
201301PY20105,1,9,0,18,0,0,0,0,0,0,3,1,6,2,8,-1,-1,-1,10,1
201301PY20105,2,5,0,13,0,0,0,0,0,0,4,1,6,1,6,600,1,12,7,1
201301PY20106,1,3,0,5,0,0,0,0,0,0,4,1,6,1,5,125,1,2,2,1
201301PY20107,1,8,0,6,0,2,0,0,0,0,1,1,1,1,6,1968,2,7,2,1
201301PY20108,1,9,0,3,0,8,0,0,0,0,2,1,6,2,7,1896,2,10,7,1
201301PY20108,2,9,0,18,0,8,0,0,0,0,1,1,6,2,-1,2967,2,2,10,1
201301PY20109,1,9,0,18,0,1,0,0,0,0,1,1,6,1,7,1761,1,17,3,1
201301PY20110,1,9,0,7,0,6,0,0,0,0,3,1,6,1,7,1598,1,14,8,1
201301PY20110,2,9,0,18,0,1,0,0,0,0,4,1,6,2,7,1299,1,10,9,1
201301PY20111,1,11,0,9,0,1,0,0,0,0,0,1,1,2,8,-1,2,10,9,1
201301PY20112,1,1,0,14,0,0,0,0,0,0,4,1,6,2,6,-1,-1,-1,10,1
201301PY20112,2,9,0,5,0,0,0,0,0,0,3,1,6,2,-1,-1,-1,-1,-1,-1
201301PY20113,1,9,0,9,0,1,0,0,0,0,3,1,6,1,7,1461,2,7,4,1
201301PY20113,2,4,0,13,0,1,0,0,0,0,1,1,6,1,4,124,1,2,9,1
201301PY20114,1,9,0,4,0,0,0,0,0,0,1,1,6,1,7,1389,1,16,9,1
201301PY20115,1,19,0,9,0,5,0,0,0,0,1,1,1,1,5,1753,2,10,2,1
201301PY20116,1,9,0,18,0,1,0,0,0,0,4,1,6,1,7,1198,1,7,7,1
201301PY20117,1,9,0,1,0,2,0,0,0,0,2,1,6,2,7,1596,1,7,8,1
201301PY20119,1,9,0,3,0,1,0,0,0,0,2,1,6,2,7,1198,1,10,4,1
201301PY20119,2,9,0,18,0,2,0,0,0,0,3,1,1,2,5,1388,1,1,7,1
201301PY20119,3,9,0,14,0,1,0,0,0,0,1,1,6,3,-1,1596,1,6,-1,-1
201301PY20120,1,9,0,18,0,2,0,4,0,0,4,1,6,1,10,1598,1,7,8,1
201301PY20120,2,9,0,18,0,1,0,0,0,0,3,1,6,1,9,-1,-1,-1,2,1
201301PY20120,3,9,0,2,0,2,0,0,0,0,3,1,6,1,9,1598,1,3,9,1
201301PY20121,1,9,0,17,0,2,0,0,0,0,2,1,6,1,11,2230,1,11,-1,-1
201301PY20121,2,9,0,17,0,2,0,0,0,0,2,1,6,2,8,-1,-1,-1,3,1
201301PY20121,3,9,0,17,0,2,0,0,0,0,1,1,6,3,8,1796,1,16,-1,-1
201301PY20122,1,1,0,9,0,8,0,0,0,0,1,1,6,1,8,-1,-1,-1,5,1
201301PY20122,2,9,0,18,0,8,0,0,0,0,1,1,6,2,-1,-1,-1,-1,-1,-1
201301PY20123,1,5,0,14,0,0,0,0,0,0,1,1,6,1,6,-1,-1,-1,-1,-1
201301PY20123,2,9,0,6,0,0,0,0,0,0,3,1,6,1,8,-1,-1,-1,3,1
201301PY20124,1,9,0,1,0,0,0,0,0,0,2,1,6,2,7,-1,-1,-1,8,1
201301PY20124,2,9,0,18,0,0,0,0,0,0,1,1,6,2,7,2979,1,10,8,1
201301PY20126,1,3,0,18,0,0,0,0,0,0,0,1,6,1,6,-1,-1,-1,2,1
201301PY20127,1,9,0,9,0,8,0,0,0,0,3,1,6,1,11,1598,1,3,8,1
201301PY20127,2,9,0,16,0,8,0,0,0,0,1,1,6,2,6,1596,1,9,6,1
201301PY20128,1,9,0,18,0,8,0,0,0,0,3,1,6,1,6,-1,-1,-1,9,1
201301PY20128,2,2,0,18,0,8,0,0,0,0,1,1,6,2,-1,-1,-1,-1,7,3
201301PY20129,1,9,0,18,0,8,0,0,0,0,1,1,6,1,7,1968,2,2,10,1
201301PY20130,1,9,0,18,0,0,0,0,0,0,1,1,6,1,6,1598,1,9,2,1
201301PY20131,1,9,0,17,0,8,0,0,0,0,4,1,6,1,-1,1598,1,-1,-1,-1
201301PY20131,2,19,0,17,0,8,0,0,0,0,3,1,6,2,7,-1,-1,-1,7,1
201301PY20132,1,9,0,18,0,2,0,7,0,0,1,1,6,1,7,2170,2,10,2,1