Accident_Index,Vehicle_Reference,Vehicle_Type,Towing_and_Articulation,Vehicle_Manoeuvre,Vehicle_Location-Restricted_Lane,Junction_Location,Skidding_and_Overturning,Hit_Object_in_Carriageway,Vehicle_Leaving_Carriageway,Hit_Object_off_Carriageway,1st_Point_of_Impact,Was_Vehicle_Left_Hand_Drive?,Journey_Purpose_of_Driver,Sex_of_Driver,Age_Band_of_Driver,Engine_Capacity_(CC),Propulsion_Code,Age_of_Vehicle,Driver_IMD_Decile,Driver_Home_Area_Type
201301PY20133,1,19,0,9,0,2,0,0,0,0,1,1,6,1,7,2402,2,5,8,1
201301PY20134,1,9,0,18,0,8,0,0,0,0,3,1,6,2,9,1339,1,5,10,1
201301PY20134,2,9,0,18,0,8,0,0,0,0,1,1,6,2,6,1796,1,6,2,1
201301PY20135,1,9,0,18,0,0,0,0,0,0,0,1,6,1,6,1364,1,8,2,1
201301PY20135,2,1,0,18,0,0,0,10,0,0,0,1,6,1,7,-1,-1,-1,9,1
201301PY20137,1,9,0,1,0,8,0,0,0,0,2,1,6,3,-1,1590,1,9,-1,-1
201301PY20139,1,9,0,18,0,1,0,7,0,0,1,1,6,2,6,1339,1,2,3,1
201301PY20140,1,9,0,7,0,8,0,0,0,0,3,1,6,1,7,1598,1,6,7,1
201301PY20140,2,9,0,18,0,8,0,0,0,0,1,1,6,1,-1,-1,-1,-1,-1,-1
201301PY20142,1,11,0,4,0,0,0,0,0,0,0,1,1,1,8,9000,2,10,10,1
201301PY20145,1,9,0,18,0,8,0,0,0,0,1,1,6,1,6,1598,1,11,9,1
201301PY20145,2,9,0,18,0,8,0,0,0,0,1,1,6,1,10,1599,1,11,7,1
201301PY20148,1,9,0,18,0,1,1,0,0,0,1,1,6,2,5,1242,1,13,5,1
201301PY20148,2,9,0,2,0,1,0,0,0,0,2,1,6,2,7,1796,1,6,2,3
201301PY20148,3,9,0,2,0,1,0,0,0,0,2,1,6,1,7,-1,-1,-1,7,1
201301PY20149,1,11,0,7,0,8,0,0,0,0,1,1,6,1,5,4500,2,2,3,1
201301PY20149,2,9,0,9,0,8,0,0,0,0,2,1,6,1,7,1796,1,9,4,1
201301PY20150,1,9,0,18,0,8,0,0,0,0,1,1,6,2,8,1390,1,3,9,1
201301PY20150,2,9,0,18,0,8,0,0,0,0,4,1,6,2,4,-1,-1,-1,8,1
201301PY20151,1,9,0,9,0,2,0,0,0,0,3,1,6,2,8,1968,2,4,-1,-1
201301PY20153,1,9,0,3,0,0,0,0,0,0,2,1,6,1,10,1598,1,4,8,1
201301PY20153,2,9,0,18,0,0,0,0,0,0,1,1,6,1,11,1589,1,14,9,1
201301PY20154,1,9,0,18,0,8,0,7,0,0,1,1,6,1,9,1389,1,19,3,1
201301PY20156,1,9,0,9,0,8,0,0,0,0,3,1,6,1,10,2400,2,3,9,1
201301PY20156,2,9,0,18,0,8,0,0,0,0,1,1,6,1,4,-1,-1,-1,6,1
201301PY20157,1,19,0,18,0,0,0,0,0,0,1,1,1,1,7,1870,2,9,6,2
201301PY20158,1,9,0,18,0,8,0,0,0,0,1,1,1,1,6,-1,-1,-1,-1,-1
201301PY20158,2,9,0,18,0,8,0,0,0,0,3,1,6,1,6,1386,1,5,4,1
201301PY20159,1,19,0,7,0,2,0,0,0,0,1,1,1,1,7,2500,2,6,2,1
201301PY20160,1,9,0,9,0,5,0,0,0,0,3,1,1,1,10,1999,1,7,8,1
201301PY20160,2,3,0,13,0,1,0,0,0,0,1,1,6,1,8,124,1,13,9,1
201301PY20162,1,19,0,18,0,1,0,0,0,0,1,1,1,1,7,2198,2,3,5,1
201301PY20162,2,5,0,16,0,2,0,0,0,0,1,1,6,2,5,-1,-1,-1,-1,-1
201301PY20163,1,9,0,1,0,8,0,0,0,0,2,1,6,1,7,1587,1,9,-1,-1
201301PY20164,1,9,0,9,0,8,0,0,0,0,3,1,6,2,7,2198,1,6,8,1
201301PY20164,2,9,0,13,0,8,0,0,0,0,1,1,6,3,-1,-1,-1,-1,-1,-1
201301PY20166,1,9,0,18,0,8,0,0,0,0,3,1,6,1,9,1296,1,5,9,1
201301PY20167,1,9,0,18,0,2,0,7,0,0,1,1,6,1,8,1796,1,12,7,1
201301PY20168,1,9,0,18,0,8,5,10,1,10,1,1,6,1,9,-1,-1,-1,7,3
201301PY20168,2,90,0,18,0,8,0,0,0,0,1,1,1,1,6,6370,2,10,8,2
201301PY20169,1,9,0,18,0,8,0,0,0,0,1,1,6,1,9,1796,1,5,9,1
201301PY20169,2,9,0,18,0,8,0,0,0,0,1,1,6,2,10,1498,1,3,8,1
201301PY20171,1,9,0,18,0,8,0,0,0,0,1,1,6,1,5,1985,1,14,9,1
201301PY20172,1,19,0,18,0,8,0,0,0,0,1,1,6,1,8,2402,2,4,7,1
201301PY20172,2,1,0,4,0,8,0,0,0,0,2,1,6,1,7,-1,-1,-1,3,1
201301PY20173,1,9,0,9,0,8,0,0,0,0,4,1,6,2,9,999,1,14,4,1
201301PY20173,2,9,0,18,0,8,0,0,0,0,1,1,6,3,-1,1240,1,10,-1,-1
201301PY20174,1,9,0,4,0,8,0,0,0,0,2,1,6,1,7,698,1,8,4,3
201301PY20174,2,9,0,18,0,8,0,0,0,0,1,1,6,2,6,1598,1,12,-1,-1
201301PY20176,1,3,0,4,0,8,0,0,0,0,2,1,6,1,5,125,1,16,2,1
201301PY20176,2,9,0,18,0,8,0,0,0,0,1,1,6,2,5,1598,1,3,6,1
201301PY20178,1,1,0,18,0,8,0,0,0,0,1,1,6,1,4,-1,-1,-1,10,1
201301PY20178,2,9,0,9,0,8,0,0,0,0,3,1,6,3,-1,-1,-1,-1,-1,-1
201301PY20179,1,9,0,18,0,8,0,0,0,0,1,1,6,2,8,998,1,5,7,1
201301PY20181,1,19,0,18,0,8,0,0,0,0,1,1,6,2,5,1560,2,1,4,1
201301PY20181,2,19,0,18,0,8,0,0,0,0,4,1,6,2,4,-1,-1,-1,3,1
201301PY20182,1,9,0,9,0,8,0,0,0,0,1,1,6,2,11,1364,1,4,6,1
201301PY20183,1,9,0,4,0,8,0,0,0,0,2,1,6,2,5,-1,-1,-1,2,1
201301PY20183,2,9,0,18,0,8,0,0,0,0,1,1,6,1,5,1248,1,3,6,1
201301PY20184,1,9,0,18,0,8,0,0,0,0,1,1,6,1,7,-1,-1,-1,8,1
201301PY20184,2,9,0,18,0,8,0,0,0,0,1,1,6,2,8,1389,1,18,7,3
201301PY20184,3,9,0,9,0,8,0,0,0,0,0,1,6,2,8,1364,1,5,2,1
201301PY20185,1,9,0,17,0,0,5,0,0,0,1,1,6,1,11,999,1,14,6,1
201301PY20185,2,9,0,2,0,0,0,0,0,0,3,1,6,2,5,1390,1,16,4,1
201301PY20186,1,9,0,13,0,8,0,0,0,0,4,1,6,1,8,1973,1,16,7,3
201301PY20186,2,16,0,18,0,8,0,0,0,0,3,1,6,2,8,-1,-1,-1,8,1
201301PY20187,1,9,0,5,0,8,0,0,0,0,3,1,6,1,6,2362,1,9,6,1
201301PY20187,2,1,0,7,0,8,0,0,0,0,1,1,6,1,11,-1,-1,-1,8,1
201301PY20189,1,11,0,5,0,8,0,0,0,0,0,1,1,1,9,9000,2,4,4,1
201301PY20190,1,21,0,18,0,1,0,0,0,0,1,1,1,1,9,5900,2,6,5,1
201301PY20190,2,9,0,3,0,1,0,0,0,0,2,1,6,1,7,-1,-1,-1,7,1
201301PY20190,3,9,0,3,0,1,0,0,0,0,2,1,6,1,8,1968,2,8,9,1
201301PY20190,4,9,0,3,0,1,0,0,0,0,2,1,6,2,-1,-1,-1,-1,-1,-1
201301PY20192,1,3,0,18,0,8,0,0,0,0,1,1,6,1,7,-1,-1,-1,2,1
201301PY20193,1,9,0,9,0,8,0,0,0,0,3,1,6,1,5,-1,-1,-1,-1,-1
201301PY20193,2,3,0,13,0,8,0,0,0,0,1,1,6,1,5,124,1,7,9,1
201301PY20194,1,9,0,9,0,8,0,0,0,0,3,1,6,2,8,1998,1,14,7,1
201301PY20194,2,3,0,18,0,8,0,0,0,0,1,1,6,1,7,125,1,1,6,1
201301PY20195,1,9,0,1,0,0,0,0,0,0,2,1,6,2,6,1870,2,10,3,1
201301PY20196,1,9,0,7,0,8,0,0,0,0,1,1,6,2,5,1299,1,12,9,1
201301PY20197,1,9,0,18,0,8,0,0,0,0,1,1,6,1,10,-1,-1,-1,9,1
201301PY20197,2,9,0,4,0,8,0,0,0,0,2,1,6,2,4,1988,1,14,10,1
201301PY20198,1,9,0,18,0,8,0,0,0,0,1,1,6,1,6,1968,2,7,3,1
201301PY20199,1,9,0,18,0,8,0,0,0,0,3,1,6,2,6,1796,1,9,4,1
201301PY20200,1,9,0,18,0,8,0,0,0,0,1,1,6,3,-1,-1,-1,-1,-1,-1
201301PY20201,1,9,0,16,0,0,1,10,1,4,3,1,6,1,4,1242,1,11,2,1
201301PY20202,1,9,0,9,0,8,0,0,0,0,1,1,6,1,-1,-1,-1,-1,9,1
201301PY20203,1,9,0,3,0,8,0,0,0,0,2,1,6,1,9,2191,2,1,8,1
201301PY20203,2,9,0,18,0,8,0,0,0,0,1,1,6,1,-1,3199,1,15,-1,-1
201301PY20204,1,9,0,7,0,8,0,0,0,0,4,1,6,1,7,3598,1,6,-1,-1
201301PY20204,2,1,0,18,0,8,0,0,0,0,1,1,6,1,3,-1,-1,-1,7,1
201301PY20205,1,1,0,18,0,8,0,0,0,0,3,1,6,1,7,-1,-1,-1,3,1
201301PY20205,2,9,0,6,0,8,0,0,0,0,1,1,6,2,6,999,1,6,6,1
201301PY20206,1,9,0,18,0,8,0,0,0,0,3,1,6,1,8,1910,2,6,3,1
201301PY20206,2,9,0,9,0,8,0,0,0,0,1,1,6,3,-1,-1,-1,-1,-1,-1
201301PY20209,1,19,0,6,0,0,0,0,0,0,4,1,1,1,6,1560,2,1,3,1
201301PY20209,2,1,0,18,0,0,0,0,0,0,1,1,6,2,6,-1,-1,-1,3,1
201301PY20211,1,1,0,18,0,0,0,0,0,0,1,1,6,1,7,-1,-1,-1,6,1
201301PY20212,1,3,0,13,0,8,0,0,0,0,4,1,6,1,6,-1,-1,-1,1,1
201301PY20212,2,19,0,9,0,8,0,0,0,0,3,1,6,1,-1,-1,-1,-1,-1,-1
201301PY20213,1,1,0,18,0,1,0,0,0,0,3,1,6,1,7,-1,-1,-1,9,1
201301PY20213,2,19,0,13,0,1,0,0,0,0,4,1,6,1,-1,-1,-1,-1,-1,-1
201301PY20215,1,9,0,3,0,1,0,0,0,0,2,1,6,1,8,-1,-1,-1,9,1
201301PY20215,2,9,0,3,0,1,0,0,0,0,2,1,6,3,-1,-1,-1,-1,-1,-1
201301PY20215,3,9,0,3,0,1,0,0,0,0,2,1,6,3,-1,-1,-1,-1,-1,-1
201301PY20215,4,11,0,18,0,1,0,0,0,0,1,1,1,1,6,-1,2,10,1,1
201301PY20216,1,19,0,4,0,1,0,0,0,0,2,1,6,1,-1,-1,-1,-1,-1,-1
201301PY20216,2,1,0,4,0,1,0,0,0,0,1,1,6,1,4,-1,-1,-1,2,1
201301PY20217,1,9,0,18,0,8,0,0,0,0,1,1,6,1,4,1461,2,1,-1,-1
201301PY20217,2,8,0,18,0,8,0,0,0,0,4,1,6,1,8,2402,2,11,3,1
201301PY20218,1,9,0,9,0,8,0,0,0,0,3,1,6,2,9,1796,1,12,10,1
201301PY20218,2,5,0,18,0,8,0,0,0,0,1,1,6,1,8,1085,1,16,10,1
201301PY20219,1,9,0,9,0,8,0,0,0,0,1,1,6,2,4,1587,1,8,7,1
201301PY20219,2,9,0,18,0,8,0,0,0,0,1,1,6,2,7,-1,-1,-1,5,1
201301PY20220,1,11,0,4,0,1,0,0,0,0,0,1,1,2,8,4500,2,6,1,1
201301PY20221,1,9,0,16,0,0,0,0,0,0,1,1,6,2,5,1896,2,6,3,1
201301PY20221,2,9,0,17,0,0,0,0,0,0,1,1,6,2,-1,1242,1,2,3,1
201301PY20223,1,9,0,9,0,8,0,0,0,0,3,1,6,2,9,1198,1,7,8,1
201301PY20223,2,9,0,9,0,8,0,0,0,0,1,1,6,1,6,1124,1,5,8,1
201301PY20224,1,9,0,5,0,1,0,0,0,0,1,1,6,1,10,1560,2,4,7,1
201301PY20224,2,9,0,18,0,1,0,0,0,0,2,1,6,1,5,1596,1,6,7,1
201301PY20225,1,9,0,18,0,8,0,0,0,0,4,1,6,1,6,1587,1,10,9,1
201301PY20226,1,9,0,18,0,8,0,0,0,0,4,1,6,1,9,1242,1,11,5,1
201301PY20227,1,9,0,9,0,2,0,0,0,0,1,1,6,1,-1,2148,2,12,9,1
201301PY20229,1,9,0,7,0,8,0,0,0,0,4,1,6,3,-1,-1,-1,-1,-1,-1
201301PY20230,1,9,0,3,0,8,0,0,0,0,2,1,6,1,9,2143,2,3,6,1
201301PY20230,2,9,0,18,0,8,0,0,0,0,1,1,6,3,-1,1988,1,11,-1,-1
201301PY20231,1,9,0,9,0,8,0,0,0,0,3,1,6,2,8,1242,1,9,7,1
201301PY20231,2,1,0,18,0,8,0,0,0,0,1,1,6,1,10,-1,-1,-1,10,1
201301PY20232,1,9,0,3,0,8,0,0,0,0,2,1,6,1,6,1598,1,10,4,1
201301PY20232,2,9,0,3,0,8,0,0,0,0,2,1,6,1,8,1769,1,10,1,1
201301PY20232,3,9,0,18,0,8,0,0,0,0,1,1,6,1,9,1997,1,8,1,1
201301PY20233,1,5,0,9,0,8,0,0,0,0,0,1,6,1,6,599,1,9,2,1
201301PY20235,1,9,0,4,0,0,0,0,0,0,2,1,6,1,6,1560,2,1,8,1
201301PY20235,2,19,0,18,0,0,0,0,0,0,1,1,6,1,9,2198,2,2,10,1
201301PY20236,1,9,0,4,0,8,0,0,0,0,2,1,6,1,11,1229,1,1,3,1
201301PY20236,2,10,0,18,0,8,0,0,0,0,1,1,6,1,10,-1,-1,-1,8,1
201301PY20237,1,9,0,1,0,8,0,0,0,0,3,1,6,1,-1,-1,-1,-1,4,1
201301PY20239,1,9,0,9,0,8,0,0,0,0,3,1,6,2,10,1600,1,14,-1,-1
201301PY20239,2,3,0,13,0,8,0,0,0,0,1,1,6,1,-1,85,1,23,7,1
201301PY20240,1,5,0,13,0,0,0,0,0,0,1,1,6,1,-1,749,1,5,8,1
201301PY20241,1,9,0,18,0,8,0,0,0,0,4,1,6,1,7,-1,-1,-1,-1,-1
201301PY20242,1,9,0,18,0,8,0,0,0,0,1,1,6,2,9,1596,1,7,7,1
201301PY20242,2,9,0,9,0,8,0,0,0,0,1,1,6,2,6,1598,1,6,-1,-1
201301PY20243,1,11,0,18,0,8,0,0,0,0,0,1,1,2,8,4500,2,2,5,1
201301PY20244,1,9,0,18,0,8,0,0,0,0,1,1,6,1,-1,-1,-1,-1,-1,-1
201301PY20244,2,9,0,2,0,8,0,0,0,0,3,1,6,3,-1,-1,-1,-1,-1,-1
201301PY20244,3,9,0,2,0,8,0,0,0,0,3,1,6,3,-1,-1,-1,-1,-1,-1
201301PY20244,4,9,0,2,0,8,0,0,0,0,3,1,6,3,-1,-1,-1,-1,-1,-1
201301PY20244,5,9,0,2,0,8,0,0,0,0,3,1,6,3,-1,-1,-1,-1,-1,-1
201301PY20244,6,9,0,2,0,8,0,0,0,0,0,1,6,3,-1,-1,-1,-1,-1,-1
201301PY20245,1,9,0,9,0,8,0,0,0,0,4,2,6,1,8,-1,-1,-1,6,1
201301PY20245,2,9,0,18,0,8,1,0,0,0,1,1,6,1,10,1343,1,10,10,1
201301PY20246,1,9,0,18,0,8,0,0,0,0,4,1,6,1,9,1597,1,22,5,1
201301PY20247,1,11,0,18,0,8,0,0,0,0,1,1,1,1,7,6700,2,7,7,1
201301PY20248,1,9,0,18,0,0,0,0,0,0,1,1,6,1,7,2495,1,12,7,1
201301PY20250,1,9,0,18,0,8,0,0,0,0,3,1,6,1,7,-1,-1,-1,8,3
201301PY20251,1,19,0,3,0,0,0,0,0,0,2,1,1,1,6,1399,2,3,9,1
201301PY20251,2,9,0,18,0,0,0,0,0,0,1,1,6,3,-1,1388,1,10,-1,-1
201301PY20252,1,9,0,8,0,8,0,0,0,0,2,1,6,2,5,1199,1,15,10,1
201301PY20252,2,19,0,18,0,8,0,0,0,0,1,1,6,3,-1,-1,-1,-1,-1,-1
201301PY20253,1,9,0,18,0,0,0,0,0,0,1,1,6,1,4,1149,1,12,2,1
201301PY20253,2,9,0,4,0,0,0,0,0,0,2,1,6,2,4,1364,1,6,10,1
201301PY20254,1,9,0,10,0,1,0,0,0,0,2,1,6,1,7,1839,1,17,8,1
201301PY20254,2,9,0,18,0,1,0,0,0,0,1,1,6,2,-1,1598,1,6,6,1
201301PY20255,1,1,0,17,0,8,0,0,0,0,4,1,6,1,6,-1,-1,-1,6,1
201301PY20255,2,9,0,18,0,8,0,0,0,0,1,1,6,2,-1,-1,-1,-1,-1,-1
201301PY20256,1,19,0,18,0,8,0,0,0,0,1,1,6,1,8,-1,-1,-1,2,1
201301PY20256,2,9,0,9,0,8,0,0,0,0,1,1,6,2,5,1149,1,12,8,1
201301PY20257,1,11,0,4,0,8,0,0,0,0,0,1,1,1,8,9000,2,4,4,1
201301PY20257,2,9,0,9,0,8,0,0,0,0,0,1,6,1,7,-1,-1,-1,8,3
201301PY20258,1,9,0,6,0,0,0,0,0,0,1,1,6,1,8,1399,1,8,-1,-1
201301PY20258,2,5,0,13,0,0,0,0,0,0,3,1,6,1,6,998,1,4,6,1
201301PY20259,1,2,0,5,0,8,0,0,0,0,3,1,6,1,4,124,1,1,2,1
201301PY20259,2,9,0,18,0,8,0,0,0,0,1,1,6,1,-1,-1,-1,-1,-1,-1
201301PY20260,1,9,0,4,0,8,0,0,0,0,2,1,6,2,8,1984,1,4,6,1
201301PY20260,2,9,0,18,0,8,0,0,0,0,1,1,6,1,7,1598,1,11,-1,-1
201301PY20261,1,11,0,5,0,8,0,0,0,0,0,1,6,1,7,3900,2,7,2,1
201301PY20262,1,2,0,18,0,8,0,0,0,0,1,1,6,1,4,599,1,4,10,1
201301PY20262,2,9,0,4,0,8,0,0,0,0,2,1,6,1,6,1798,1,5,10,2
201301PY20263,1,9,0,18,0,8,0,10,1,10,1,1,6,1,6,-1,-1,-1,7,1
201301PY20264,1,9,0,4,0,8,0,0,0,0,1,1,6,2,-1,-1,-1,-1,9,1
201301PY20264,2,9,0,4,0,8,0,0,0,0,2,1,6,2,7,1794,1,7,10,1
201301PY20264,3,9,0,4,0,8,0,0,0,0,2,1,6,1,9,-1,-1,-1,-1,-1
201301PY20265,1,2,0,18,0,8,0,0,0,0,1,1,6,1,8,675,1,1,8,1
201301PY20265,2,9,0,9,0,8,0,0,0,0,4,1,6,1,-1,-1,-1,-1,-1,-1
201301PY20266,1,9,0,18,0,8,0,0,0,0,1,1,6,2,9,1598,1,14,5,1
201301PY20267,1,11,0,18,0,1,0,0,0,0,3,1,6,3,-1,-1,-1,-1,-1,-1
201301PY20268,1,9,0,18,0,0,0,0,0,0,3,1,1,1,7,1896,2,4,8,1
201301PY20268,2,9,0,9,0,0,0,0,0,0,3,1,6,2,5,1299,1,14,7,1
201301PY20270,1,9,0,17,0,3,0,0,0,0,1,1,6,1,9,2184,2,11,-1,-1
201301PY20270,2,19,0,18,0,1,0,0,0,0,1,1,1,1,6,1461,2,2,-1,-1
201301PY20271,1,9,0,8,0,1,0,0,0,0,2,1,6,2,8,-1,-1,-1,4,1
201301PY20271,2,19,0,18,0,1,0,0,0,0,1,1,6,1,-1,1149,1,12,10,1
201301PY20272,1,9,0,2,0,0,0,0,0,0,3,1,6,3,-1,-1,-1,-1,-1,-1
201301PY20272,2,9,0,2,0,0,0,0,0,0,3,1,6,3,-1,-1,-1,-1,-1,-1
201301PY20272,3,9,0,18,0,0,0,0,0,0,4,1,6,1,7,1968,2,6,8,1
201301PY20273,1,9,0,18,0,0,0,0,1,10,1,1,6,2,4,1598,1,1,9,1
201301PY20274,1,5,0,18,0,8,0,0,0,0,4,1,6,1,7,998,1,5,7,1
201301PY20274,2,9,0,9,0,8,0,0,0,0,1,1,6,3,-1,1196,1,16,-1,-1
201301PY20275,1,20,0,18,0,1,0,0,0,0,4,1,6,3,-1,-1,-1,-1,-1,-1
201301PY20276,1,9,0,9,0,8,0,0,0,0,1,1,6,2,7,1596,1,11,4,1
201301PY20276,2,9,0,18,0,8,0,0,0,0,4,1,1,2,5,998,1,-1,3,1
201301PY20277,1,9,0,18,0,8,1,0,0,0,3,1,6,1,4,1389,1,15,9,1
201301PY20277,2,9,0,9,0,8,0,0,0,0,1,1,6,2,6,1753,2,7,10,1
201301PY20278,1,9,0,18,0,1,0,0,1,10,4,1,6,1,8,2143,2,3,3,1
201301PY20278,2,9,0,9,0,6,0,0,0,0,4,1,1,1,6,-1,-1,-1,9,1
201301PY20279,1,9,0,4,0,2,0,0,0,0,2,1,6,1,9,-1,-1,-1,7,1
201301PY20279,2,3,0,18,0,2,0,0,0,0,1,1,6,1,4,124,1,1,7,1
201301PY20280,1,9,0,1,0,8,0,0,0,0,2,1,6,2,7,1598,1,9,8,1
201301PY20281,1,9,0,10,0,8,0,0,0,0,2,1,6,2,7,1753,2,6,6,1
201301PY20281,2,9,0,18,0,8,0,0,0,0,1,1,6,1,9,1598,1,2,7,1
201301PY20284,1,9,0,3,0,8,0,0,0,0,2,1,6,1,10,2231,2,3,8,1
201301PY20284,2,9,0,18,0,8,0,0,0,0,1,1,6,2,6,1242,1,1,10,1
201301PY20285,1,9,0,18,0,8,0,0,0,0,1,1,6,2,6,-1,-1,-1,4,1
201301PY20286,1,9,0,18,0,8,0,0,0,0,1,1,6,2,5,1598,1,6,-1,-1
201301PY20286,2,2,0,7,0,8,0,0,0,0,1,1,6,1,7,748,1,19,-1,-1
201301PY20287,1,9,0,4,0,8,0,0,0,0,2,1,6,1,8,1968,2,1,10,1
201301PY20287,2,9,0,18,0,8,0,0,0,0,1,1,6,1,-1,-1,-1,-1,-1,-1
201301PY20288,1,3,0,9,0,8,0,0,0,0,2,1,6,1,4,-1,-1,-1,8,1
201301PY20288,2,5,0,16,0,8,0,0,0,0,1,1,6,1,4,749,1,17,7,1
201301PY20289,1,9,0,18,0,8,0,0,0,0,1,1,6,3,-1,-1,-1,-1,-1,-1
201301PY20290,1,2,0,14,0,8,0,0,0,0,1,1,6,1,4,49,1,7,5,1
201301PY20292,1,9,0,4,0,8,0,0,0,0,2,1,6,1,7,1998,1,8,8,1
201301PY20292,2,9,0,18,0,8,0,0,0,0,1,1,6,2,5,998,1,4,4,1
201301PY20293,1,9,0,18,0,0,0,10,1,10,1,1,6,1,9,1368,1,5,8,1
201301PY20296,1,9,0,18,0,8,0,0,0,0,1,1,6,2,7,-1,-1,-1,2,1
201301PY20296,2,9,0,5,0,8,0,0,0,0,3,1,6,2,6,1598,1,11,6,1
201301PY20297,1,9,0,18,0,8,0,0,0,0,4,1,6,2,10,1598,1,6,9,1
201301PY20297,2,3,0,18,0,8,0,0,0,0,1,1,6,1,7,124,1,2,7,1
201301PY20298,1,11,0,3,0,1,0,0,0,0,0,1,1,1,9,9000,2,10,-1,-1
201301PY20299,1,2,0,18,0,8,0,0,0,0,4,1,6,1,-1,125,1,4,-1,-1
201301PY20300,1,9,0,18,0,8,0,0,0,0,2,1,6,2,5,1242,1,3,6,1
201301PY20300,2,3,0,18,0,8,0,0,0,0,1,1,6,1,9,125,1,1,2,1
201301PY20302,1,9,0,9,0,8,0,0,0,0,4,1,6,1,8,2143,2,1,8,3
201301PY20302,2,1,0,16,0,8,0,0,0,0,1,1,6,1,10,-1,-1,-1,8,1
201301PY20303,1,9,0,16,0,0,0,0,0,0,1,1,6,2,6,1124,1,6,7,2
201301PY20303,2,5,0,17,0,0,0,0,0,0,1,1,6,1,6,929,1,12,7,1
201301PY20306,1,1,0,18,0,1,0,0,0,0,2,1,6,1,9,-1,-1,-1,9,1
201301PY20306,2,9,0,18,0,1,0,0,0,0,1,1,6,1,-1,1995,2,5,-1,-1
201301PY20307,1,19,0,7,0,8,0,0,0,0,1,1,6,1,9,2402,2,5,6,1
201301PY20307,2,1,0,18,0,8,0,0,0,0,4,1,6,1,6,-1,-1,-1,1,1
201301PY20309,1,3,0,18,0,8,0,0,0,0,1,1,6,1,6,124,1,4,8,1
201301PY20309,2,9,0,9,0,8,0,0,0,0,3,1,6,3,-1,-1,-1,-1,-1,-1
201301PY20310,1,3,0,18,0,8,0,0,0,0,4,1,6,1,7,125,1,1,8,1
201301PY20310,2,90,0,18,0,8,0,0,0,0,0,1,1,1,6,-1,-1,-1,7,1
201301PY20311,1,9,0,17,0,0,0,0,0,0,4,1,6,1,4,1199,1,12,2,1
201301PY20312,1,9,0,18,0,0,0,0,0,0,1,1,6,1,6,1597,1,16,7,1
201301PY20313,1,5,0,18,0,1,0,0,0,0,1,1,6,1,6,599,1,4,3,1
201301PY20314,1,1,0,18,0,2,0,4,0,0,1,1,6,1,7,-1,-1,-1,4,1
201301PY20314,2,9,0,2,0,2,0,0,0,0,2,1,6,3,-1,1248,2,1,-1,-1
201301PY20315,1,9,0,18,0,8,0,0,0,0,1,1,6,1,11,-1,-1,-1,7,1
201301PY20315,2,9,0,9,0,8,0,0,0,0,1,1,6,1,7,1595,1,13,10,1
201301PY20316,1,19,0,9,0,8,0,0,0,0,1,1,6,1,5,1968,2,2,-1,-1
201301PY20316,2,9,0,18,0,8,0,0,0,0,4,1,6,2,7,1299,1,13,9,1
201301PY20317,1,9,0,9,0,8,0,0,0,0,2,1,6,1,7,1360,1,14,4,1
201301PY20317,2,5,0,13,0,8,0,0,0,0,1,1,6,1,7,-1,-1,-1,4,1
201301PY20318,1,9,0,18,0,0,0,0,0,0,1,1,6,2,6,1995,1,6,3,1
201301PY20319,1,9,0,4,0,8,0,0,0,0,2,1,6,1,-1,1998,1,9,-1,-1
201301PY20319,2,9,0,18,0,8,0,0,0,0,1,1,6,1,7,-1,-1,-1,-1,-1
201301PY20320,1,9,0,18,0,8,0,0,0,0,1,1,6,1,8,1998,2,7,6,1
201301PY20320,2,9,0,7,0,8,0,0,0,0,3,1,6,2,9,1339,1,10,8,1
201301PY20321,1,9,0,4,0,1,0,0,0,0,2,1,6,2,-1,1229,1,8,8,1
201301PY20321,2,9,0,4,0,1,0,0,0,0,1,1,6,2,-1,2035,1,7,7,1
201301PY20322,1,9,0,18,0,8,0,0,0,0,3,1,6,2,8,1299,1,5,4,1
201301PY20322,2,9,0,9,0,8,0,0,0,0,1,1,6,1,-1,2143,2,1,-1,-1
201301PY20323,1,9,0,9,0,2,0,0,0,0,1,1,6,2,6,-1,-1,-1,8,1
201301PY20324,1,11,0,4,0,8,0,0,0,0,0,1,1,1,7,4500,2,1,9,1
201301PY20325,1,19,0,7,0,8,0,0,0,0,3,1,6,1,8,-1,-1,-1,9,1
201301PY20325,2,1,0,18,0,8,0,0,0,0,1,1,6,1,6,-1,-1,-1,10,1
201301PY20326,1,3,0,18,0,8,0,0,0,0,4,1,6,1,6,124,1,5,-1,-1
201301PY20327,1,9,0,9,0,8,5,0,0,0,4,1,6,1,8,1598,1,10,9,1
201301PY20327,2,9,0,18,0,8,0,0,0,0,1,1,6,1,10,1390,1,10,9,1
201301PY20328,1,19,0,1,0,8,0,0,0,0,2,1,6,1,6,1995,2,1,10,1
201301PY20329,1,9,0,18,0,8,0,0,0,0,1,1,6,2,7,2987,2,6,10,1
201301PY20329,2,9,0,3,0,8,0,0,0,0,2,1,6,2,8,-1,-1,-1,6,1
201301PY20329,3,9,0,10,0,8,0,0,0,0,2,1,6,2,8,1275,1,20,10,1
201301PY20331,1,9,0,18,0,8,0,0,0,0,1,1,6,1,-1,-1,-1,-1,-1,-1
201301PY20332,1,3,0,18,0,1,0,0,0,0,1,1,6,1,4,125,1,4,1,1
201301PY20332,2,9,0,6,0,1,0,0,0,0,1,1,6,2,4,999,1,13,5,1
201301PY20333,1,5,0,18,0,8,0,0,0,0,4,1,6,1,8,781,1,11,4,1
201301PY20333,2,9,0,9,0,8,0,0,0,0,3,1,6,1,6,1598,1,7,3,1
201301PY20334,1,9,0,15,0,8,0,0,0,0,1,1,6,2,-1,1397,1,6,-1,-1
201301PY20335,1,9,0,9,0,8,0,0,0,0,4,1,6,1,7,1997,2,5,9,1