Accident_Index,Vehicle_Reference,Vehicle_Type,Towing_and_Articulation,Vehicle_Manoeuvre,Vehicle_Location-Restricted_Lane,Junction_Location,Skidding_and_Overturning,Hit_Object_in_Carriageway,Vehicle_Leaving_Carriageway,Hit_Object_off_Carriageway,1st_Point_of_Impact,Was_Vehicle_Left_Hand_Drive?,Journey_Purpose_of_Driver,Sex_of_Driver,Age_Band_of_Driver,Engine_Capacity_(CC),Propulsion_Code,Age_of_Vehicle,Driver_IMD_Decile,Driver_Home_Area_Type
201301PY20715,1,11,0,5,0,1,0,0,0,0,3,1,1,1,8,-1,-1,-1,-1,-1
201301PY20715,2,20,0,11,0,1,0,0,0,0,4,1,1,1,9,3908,2,10,4,1
201301PY20716,1,9,0,18,0,1,0,0,0,0,4,1,6,1,9,1896,2,8,5,1
201301PY20717,1,9,0,7,0,2,0,0,0,0,2,1,6,1,7,1796,1,10,9,1
201301PY20717,2,9,0,18,0,2,0,0,0,0,1,1,6,2,-1,1395,1,-1,10,1
201301PY20718,1,9,0,17,0,2,0,0,0,0,1,1,6,1,7,-1,-1,-1,3,1
201301PY20718,2,9,0,16,0,1,0,0,0,0,1,1,6,1,6,1388,1,9,9,1
201301PY20719,1,9,0,18,0,0,0,4,0,0,1,1,6,1,7,1199,1,11,7,3
201301PY20719,2,9,0,2,0,0,0,0,0,0,1,1,6,1,8,-1,-1,-1,8,1
201301PY20720,1,9,0,1,0,5,0,0,0,0,2,1,6,1,10,1995,2,7,4,1
201301PY20721,1,19,0,1,9,0,0,0,0,0,2,1,6,3,-1,-1,-1,-1,-1,-1
201301PY20722,1,9,0,13,0,1,0,0,0,0,1,1,6,2,-1,1149,1,4,9,1
201301PY20724,1,3,0,18,0,1,0,0,0,0,4,1,6,2,5,124,1,5,6,1
201301PY20724,2,9,0,12,0,1,0,0,0,0,3,1,6,3,-1,-1,-1,-1,-1,-1
201301PY20725,1,19,0,2,0,0,0,0,0,0,3,1,1,1,9,2148,2,5,7,1
201301PY20725,2,19,0,18,0,0,0,4,1,0,4,1,6,1,6,1298,1,12,8,3
201301PY20726,1,11,0,18,0,1,0,0,0,0,0,1,1,3,-1,-1,-1,-1,-1,-1
201301PY20727,1,9,0,9,0,0,0,0,0,0,3,1,1,1,8,-1,-1,-1,10,1
201301PY20727,2,9,0,18,0,0,1,0,0,0,1,1,6,1,4,998,1,16,-1,-1
201301PY20728,1,9,0,9,0,8,0,0,0,0,1,1,1,1,8,1753,2,5,3,1
201301PY20728,2,9,0,18,0,8,0,10,1,10,3,1,6,2,5,1199,1,10,3,1
201301PY20729,1,9,0,18,0,2,0,7,0,0,1,1,6,2,6,1598,1,10,5,1
201301PY20730,1,8,0,18,0,8,0,0,0,0,3,1,1,1,6,1399,1,6,2,1
201301PY20730,2,9,0,18,0,8,0,0,0,0,1,1,6,2,7,1999,1,6,3,1
201301PY20731,1,9,0,18,0,1,0,7,0,0,1,1,6,1,6,1995,2,5,3,1
201301PY20733,1,9,0,18,0,8,0,10,8,1,4,1,6,2,4,998,1,2,1,1
201301PY20733,2,9,0,9,0,8,0,0,0,0,3,1,1,1,9,1997,2,8,2,1
201301PY20734,1,9,0,18,0,1,0,0,0,0,1,1,6,1,9,1753,2,10,3,1
201301PY20734,2,9,0,3,0,1,0,0,0,0,2,1,6,1,-1,1229,1,7,4,1
201301PY20734,3,9,0,3,0,1,0,0,0,0,2,1,6,2,8,1997,2,6,3,1
201301PY20735,1,11,0,3,0,0,0,0,0,0,0,1,1,1,8,4500,2,1,2,1
201301PY20736,1,9,0,18,0,8,0,0,0,0,4,1,6,2,8,1248,1,2,3,1
201301PY20736,2,9,0,9,0,8,0,0,0,0,1,1,6,1,6,1896,2,9,-1,-1
201301PY20737,1,9,0,3,0,0,0,0,0,0,2,1,6,2,5,1389,1,13,-1,-1
201301PY20737,2,9,0,18,0,0,1,0,0,0,1,1,6,1,-1,1364,1,6,-1,-1
201301PY20739,1,8,0,18,0,0,0,0,0,0,1,1,1,1,6,-1,-1,-1,2,1
201301PY20739,2,9,0,2,0,0,0,0,0,0,1,1,6,3,-1,-1,-1,-1,-1,-1
201301PY20740,1,9,0,16,0,2,1,0,0,0,1,1,6,2,5,1299,1,11,-1,-1
201301PY20740,2,9,0,18,0,1,0,0,0,0,1,1,6,1,8,1896,2,10,3,1
201301PY20742,1,9,0,5,0,5,0,0,0,0,1,1,6,3,-1,-1,-1,-1,-1,-1
201301PY20742,2,3,0,9,0,2,0,0,0,0,4,1,6,1,7,125,1,1,3,1
201301PY20743,1,9,0,18,0,8,0,0,0,0,1,1,6,2,5,973,1,11,1,1
201301PY20743,2,9,0,18,0,8,0,0,0,0,4,1,6,1,8,1995,2,10,4,1
201301PY20744,1,9,0,9,0,2,0,12,0,0,1,1,6,2,11,1299,1,11,8,1
201301PY20745,1,11,0,18,0,0,0,0,0,0,1,1,6,1,6,-1,-1,-1,1,1
201301PY20745,2,8,0,18,0,0,0,0,0,0,1,1,1,1,9,1896,2,6,7,1
201301PY20747,1,9,0,9,0,8,0,0,0,0,2,1,6,2,5,-1,-1,-1,4,1
201301PY20747,2,9,0,9,0,8,0,0,0,0,1,1,6,2,6,1149,1,11,4,1
201301PY20748,1,9,0,4,0,8,0,0,0,0,1,1,6,1,7,-1,-1,-1,5,1
201301PY20748,2,9,0,4,0,8,0,0,0,0,2,1,6,1,6,1390,1,1,3,1
201301PY20749,1,9,0,9,0,8,0,0,0,0,4,1,1,2,6,2179,2,-1,9,1
201301PY20749,2,9,0,18,0,8,0,0,0,0,1,1,6,2,7,1598,1,5,6,1
201301PY20755,1,9,0,9,0,8,0,0,0,0,3,1,6,1,10,-1,-1,-1,-1,-1
201301PY20755,2,9,0,18,0,8,0,0,0,0,1,1,6,1,10,2497,2,7,-1,-1
201301PY20756,1,9,0,18,0,2,0,0,0,0,2,1,6,1,7,1240,1,10,2,1
201301PY20756,2,9,0,18,0,2,0,0,0,0,1,1,6,1,-1,1590,1,9,-1,-1
201301PY20758,1,9,0,2,0,2,0,0,0,0,4,1,3,2,6,1598,1,7,7,1
201301PY20758,2,9,0,18,0,2,0,8,0,0,1,1,6,2,6,-1,-1,-1,-1,-1
201301PY20759,1,11,0,3,0,1,0,0,0,0,0,1,1,1,6,9000,2,10,7,1
201301PY20760,1,9,0,1,0,1,0,0,0,0,2,1,6,3,-1,-1,-1,-1,-1,-1
201301PY20761,1,9,0,18,0,0,0,0,1,2,1,1,6,1,8,2793,1,13,3,1
201301PY20763,1,11,0,4,0,1,0,0,0,0,0,1,1,1,6,4500,2,1,3,1
201301PY20764,1,3,0,18,0,8,0,0,0,0,1,1,6,1,5,125,1,-1,7,1
201301PY20764,2,9,0,9,0,8,0,0,0,0,1,1,6,1,8,1984,1,11,3,1
201301PY20765,1,9,0,7,0,8,0,0,0,0,1,1,6,2,9,1360,1,12,9,1
201301PY20765,2,19,0,18,0,8,0,0,0,0,4,1,6,1,9,1868,2,7,-1,-1
201301PY20776,1,9,0,16,0,0,0,0,0,0,2,1,6,2,4,1360,1,10,10,1
201301PY20776,2,3,0,16,0,0,0,0,0,0,1,1,6,1,-1,108,1,-1,-1,-1
201301PY20778,1,9,0,18,0,2,0,0,0,0,1,1,6,1,-1,2198,1,11,8,1
201301PY29006,1,90,0,18,0,0,0,4,0,0,4,1,1,2,-1,-1,-1,-1,-1,-1
201301PY29006,2,9,0,2,0,0,0,0,0,0,3,1,6,3,-1,1389,1,16,-1,-1
201301PY29012,1,11,0,2,0,0,0,0,0,0,0,1,6,3,-1,-1,-1,-1,-1,-1
201301PY29023,1,9,0,5,0,0,0,0,0,0,4,1,6,2,6,1796,1,9,7,3
201301PY29027,1,9,0,3,0,0,0,0,0,0,2,1,6,1,6,1951,2,9,2,1
201301PY29027,2,9,0,18,0,0,0,0,0,0,1,1,6,2,-1,1360,1,12,-1,-1
201301PY29030,1,9,0,4,0,2,0,0,0,0,2,1,6,1,6,1797,8,2,2,1
201301PY29030,2,9,0,4,0,2,0,0,0,0,1,1,6,1,-1,-1,-1,-1,4,1
201301PY29036,1,9,0,10,0,8,0,0,0,0,2,1,6,2,5,1560,2,-1,3,1
201301PY29036,2,9,0,18,0,8,0,0,0,0,1,1,6,2,-1,2979,1,11,-1,-1
201301PY29073,1,9,0,18,0,0,0,0,0,0,1,1,6,1,10,1390,1,14,7,1
201301PY29073,2,9,0,2,0,0,0,0,0,0,2,1,6,3,-1,1498,1,2,-1,-1
201301PY29100,1,9,0,3,0,0,0,0,0,0,2,1,6,1,7,2495,1,9,6,1
201301PY29100,2,9,0,4,0,0,0,0,0,0,1,1,6,2,-1,1498,1,5,8,1
201301QA10002,1,9,0,18,0,1,0,0,2,10,4,1,6,1,5,1242,1,16,2,1
201301QA10003,1,3,0,18,9,7,0,0,0,0,4,1,1,1,5,125,1,8,9,1
201301QA10004,1,9,0,18,0,1,0,0,0,0,1,1,6,2,6,1997,2,6,6,1
201301QA10004,2,11,0,2,3,1,0,0,0,0,2,1,1,1,9,7300,2,11,2,1
201301QA10006,1,9,0,18,0,3,0,0,0,0,1,1,1,2,6,1240,1,9,6,1
201301QA10008,1,9,0,2,0,0,0,0,0,0,3,1,6,1,6,1998,1,13,7,1
201301QA10008,2,1,0,18,0,0,0,0,0,0,1,1,1,1,7,-1,-1,-1,3,1
201301QA10009,1,11,0,18,0,0,0,0,0,0,0,1,1,1,-1,7300,2,10,5,1
201301QA10010,1,9,0,18,0,1,0,0,0,0,1,1,6,1,6,1995,1,7,7,1
201301QA10010,2,9,0,10,0,1,0,0,0,0,3,1,6,1,6,1600,1,13,-1,-1
201301QA10011,1,9,0,18,0,0,0,0,0,0,1,1,6,2,5,1360,1,5,10,1
201301QA10011,2,9,0,18,0,0,0,0,0,0,2,1,6,1,-1,1339,1,6,3,1
201301QA10012,1,19,0,4,0,2,0,0,0,0,3,1,6,1,7,2187,2,10,2,1
201301QA10013,1,9,0,18,0,8,0,0,0,0,4,1,6,3,-1,-1,-1,-1,-1,-1
201301QA10014,1,9,0,4,0,1,0,0,0,0,1,1,2,1,7,-1,-1,-1,7,1
201301QA10015,1,9,0,9,0,8,0,0,0,0,1,1,3,1,8,1794,1,10,8,1
201301QA10015,2,1,0,10,0,8,0,0,0,0,3,1,6,1,7,-1,-1,-1,8,1
201301QA10017,1,9,0,9,0,8,0,0,0,0,1,1,6,2,7,1995,2,6,8,1
201301QA10017,2,11,0,18,0,8,0,0,0,0,4,1,1,1,8,7300,2,12,4,1
201301QA10019,1,9,0,18,0,0,0,0,0,0,3,1,6,1,6,1590,1,12,6,1
201301QA10019,2,9,0,11,0,0,0,0,0,0,4,1,6,1,-1,1995,1,6,7,1
201301QA10020,1,9,0,5,0,8,0,0,0,0,3,1,6,1,7,1896,2,6,3,1
201301QA10020,2,9,0,18,0,8,0,0,0,0,1,1,6,1,7,2171,1,10,2,1
201301QA10021,1,9,0,9,0,2,0,0,0,0,3,1,6,1,6,1686,2,9,7,1
201301QA10023,1,9,0,18,0,1,0,0,0,0,3,1,2,1,6,1997,1,9,6,1
201301QA10023,2,9,0,16,0,1,2,7,1,3,1,1,2,1,6,-1,-1,-1,8,1
201301QA10024,1,11,0,17,0,8,0,0,0,0,3,1,1,1,9,7300,2,11,5,1
201301QA10025,1,9,0,9,0,5,0,0,0,0,4,1,6,2,7,2720,2,8,6,1
201301QA10025,2,3,0,18,0,8,0,0,0,0,1,1,1,1,6,124,1,6,2,1
201301QA10026,1,9,0,18,0,2,0,0,0,0,4,1,6,1,4,1242,1,12,7,1
201301QA10027,1,9,0,18,0,8,0,10,7,1,4,1,6,1,7,1368,1,3,6,1
201301QA10027,2,9,0,18,0,8,0,0,0,0,1,1,6,2,4,973,1,10,10,1
201301QA10028,1,9,0,18,0,1,0,0,0,0,1,1,6,1,9,1598,1,10,5,3
201301QA10029,1,9,0,18,0,2,0,0,0,0,1,1,6,2,6,1796,1,7,6,1
201301QA10030,1,9,0,2,0,0,0,0,0,0,2,1,6,1,8,2987,2,4,8,1
201301QA10030,2,9,0,18,0,0,0,4,0,0,1,1,6,1,8,1598,1,13,4,1
201301QA10031,1,9,0,9,0,5,0,0,0,0,3,1,6,2,9,1399,2,9,6,1
201301QA10031,2,3,0,18,0,1,0,0,0,0,1,1,1,1,5,125,1,1,5,1
201301QA10033,1,9,0,18,0,3,0,0,0,0,4,1,6,2,8,1390,1,12,4,1
201301QA10033,2,9,0,18,0,8,0,0,0,0,1,1,6,1,7,1689,2,13,6,1
201301QA10033,3,9,0,4,0,8,0,0,0,0,1,1,6,1,4,1198,1,7,10,1
201301QA10034,1,11,0,5,0,0,0,0,0,0,4,1,1,1,8,7300,2,11,5,1
201301QA10035,1,9,0,18,0,8,0,0,0,0,1,1,6,2,7,1796,1,6,5,1
201301QA10035,2,1,0,18,0,8,0,0,0,0,4,1,6,2,5,-1,-1,-1,5,1
201301QA10036,1,9,0,2,0,0,0,0,0,0,2,1,6,2,6,1896,2,8,6,1
201301QA10036,2,9,0,1,0,0,0,0,0,0,2,1,6,3,-1,1985,1,13,-1,-1
201301QA10037,1,9,0,18,0,0,1,0,0,0,2,1,6,1,6,-1,-1,-1,5,1
201301QA10037,2,8,0,18,0,0,1,4,0,0,1,1,2,1,-1,2184,2,9,-1,-1
201301QA10037,3,9,0,2,0,0,0,0,0,0,3,1,6,3,-1,-1,-1,-1,-1,-1
201301QA10039,1,5,0,18,0,0,0,0,0,0,4,1,6,1,6,-1,-1,-1,8,1
201301QA10040,1,1,0,12,0,0,0,0,0,0,3,1,1,1,5,-1,-1,-1,2,1
201301QA10040,2,9,0,18,0,0,0,0,0,0,4,1,6,1,-1,-1,-1,-1,-1,-1
201301QA10041,1,9,0,9,0,8,0,0,0,0,3,1,6,2,7,3724,1,9,7,1
201301QA10041,2,9,0,18,0,8,0,0,0,0,1,1,6,1,9,1896,2,8,10,1
201301QA10042,1,9,0,4,0,1,0,0,0,0,2,1,6,1,7,2926,2,10,6,1
201301QA10042,2,10,0,18,0,1,0,0,0,0,1,1,1,1,7,-1,-1,-1,-1,-1
201301QA10044,1,9,0,18,0,0,0,0,7,10,1,1,6,2,6,1240,1,10,4,1
201301QA10045,1,9,0,6,0,0,0,7,0,0,3,1,6,2,9,1397,1,8,-1,-1
201301QA10047,1,9,0,9,0,2,0,0,7,10,1,1,6,2,4,1388,1,6,5,1
201301QA10047,2,9,0,7,0,2,0,0,0,0,3,1,6,1,7,2993,2,9,5,1
201301QA10047,3,9,0,18,0,1,0,0,1,0,1,1,6,2,8,1590,1,13,4,1
201301QA10048,1,9,0,18,0,0,0,0,0,0,1,1,6,2,-1,-1,-1,-1,-1,-1
201301QA10049,1,11,0,9,0,8,0,0,0,0,0,1,1,1,7,7300,2,9,-1,-1
201301QA10050,1,9,0,4,0,1,0,0,0,0,3,1,6,3,-1,-1,-1,-1,-1,-1
201301QA10051,1,9,0,18,0,8,0,0,0,0,4,1,6,1,11,1598,1,9,5,1
201301QA10051,2,9,0,18,0,8,0,0,0,0,1,1,6,1,-1,2199,2,2,7,1
201301QA10052,1,9,0,17,0,0,1,0,1,9,1,1,6,2,5,1390,1,5,3,1
201301QA10052,2,9,0,2,9,0,0,0,0,0,2,1,6,2,6,1198,1,9,10,1
201301QA10052,3,9,0,17,0,0,1,4,1,0,1,1,6,2,6,1598,1,6,4,1
201301QA10054,1,8,0,18,0,8,0,0,3,1,1,1,1,1,6,1968,2,8,3,1
201301QA10054,2,9,0,18,0,8,0,0,0,0,3,1,6,2,5,1332,1,16,3,1
201301QA10056,1,9,0,5,0,0,0,0,7,10,1,1,3,2,6,1595,1,10,-1,-1
201301QA10056,2,9,0,18,0,0,0,0,0,0,3,1,1,2,6,1198,1,10,6,1
201301QA10057,1,11,0,18,0,8,0,0,0,0,3,1,1,3,-1,-1,-1,-1,-1,-1
201301QA10058,1,9,0,4,0,8,1,0,0,0,1,1,3,2,6,1994,2,5,7,1
201301QA10058,2,19,0,4,0,8,0,0,1,2,3,1,1,1,8,2402,2,9,5,1
201301QA10058,3,9,0,18,0,8,1,1,0,0,1,1,6,1,10,1341,1,15,7,1
201301QA10058,4,9,0,18,0,8,1,1,0,0,3,1,6,2,7,3697,1,10,7,1
201301QA10063,1,9,0,9,0,8,0,0,0,0,1,1,2,1,8,1398,1,8,7,1
201301QA10063,2,1,0,18,0,8,0,0,0,0,1,1,6,1,6,-1,-1,-1,3,1
201301QA10064,1,11,0,3,2,1,0,0,0,0,2,1,1,1,6,4500,2,3,5,1
201301QA10064,2,9,0,14,0,1,0,0,0,0,1,1,2,2,6,998,1,14,4,1
201301QA10065,1,9,0,9,0,8,0,0,0,0,1,1,1,1,8,1995,2,7,1,1
201301QA10065,2,9,0,9,0,8,0,7,1,10,3,1,1,1,8,1910,2,7,3,1
201301QA10067,1,9,0,10,0,8,0,0,0,0,3,1,6,1,-1,1968,2,7,-1,-1
201301QA10067,2,9,0,5,0,8,0,0,0,0,1,1,6,1,-1,-1,-1,-1,5,1
201301QA10068,1,9,0,6,0,2,0,0,0,0,4,1,1,1,6,1242,1,2,5,1
201301QA10068,2,5,0,18,0,2,0,0,0,0,1,1,1,1,8,-1,-1,-1,7,1
201301QA10069,1,9,0,4,0,1,0,0,0,0,2,1,6,1,6,2979,1,7,-1,-1
201301QA10069,2,9,0,18,0,1,0,0,0,0,1,1,6,2,-1,1796,1,8,4,2
201301QA10070,1,9,0,18,0,2,0,0,0,0,4,1,6,1,9,2148,2,12,9,1
201301QA10071,1,9,0,18,0,8,0,0,0,0,3,1,6,1,4,1598,1,5,5,1
201301QA10071,2,9,0,18,0,8,0,0,0,0,1,1,6,1,11,1396,1,10,8,1
201301QA10073,1,9,0,9,0,6,0,0,0,0,1,1,6,2,6,1598,1,7,9,1
201301QA10073,2,19,0,5,0,6,0,0,0,0,1,1,2,1,6,7146,2,4,4,1
201301QA10074,1,9,0,7,0,8,0,0,0,0,1,1,6,1,8,1598,1,9,5,1
201301QA10074,2,1,0,18,0,8,0,0,0,0,4,1,6,1,4,-1,-1,-1,7,1
201301QA10075,1,9,0,1,0,0,0,4,0,0,2,1,6,1,11,1598,1,7,8,1
201301QA10075,2,9,0,2,0,0,0,0,0,0,1,1,6,3,-1,2387,2,11,-1,-1
201301QA10075,3,9,0,2,0,0,0,4,0,0,2,1,6,3,-1,1896,2,8,-1,-1
201301QA10075,4,9,0,2,0,0,0,4,0,0,2,1,6,3,-1,2926,2,10,-1,-1
201301QA10076,1,9,0,1,0,2,0,0,0,0,2,1,6,1,11,1796,1,17,9,1
201301QA10077,1,9,0,9,0,8,0,0,0,0,1,1,6,1,7,1198,1,4,5,1
201301QA10077,2,9,0,18,0,8,0,0,0,0,3,1,6,2,5,973,1,12,5,1
201301QA10078,1,9,0,18,0,8,0,0,0,0,4,1,2,2,8,1598,1,-1,6,1
201301QA10078,2,21,1,18,0,8,0,0,0,0,1,1,1,1,-1,11967,2,9,6,1
201301QA10079,1,9,0,1,0,0,0,10,7,0,2,1,6,1,-1,-1,-1,-1,-1,-1
201301QA10080,1,1,0,18,0,6,0,0,0,0,3,1,6,2,7,-1,-1,-1,7,1
201301QA10080,2,9,0,7,0,6,0,0,0,0,4,1,6,3,-1,-1,-1,-1,-1,-1
201301QA10081,1,19,0,18,0,8,0,0,0,0,1,1,1,1,6,1870,2,7,-1,-1
201301QA10081,2,9,0,9,0,8,0,0,0,0,3,1,6,1,-1,1360,1,9,2,1
201301QA10083,1,9,0,7,0,2,0,0,0,0,4,1,6,2,8,1339,1,9,6,1
201301QA10083,2,9,0,7,0,2,0,0,0,0,3,1,6,2,6,2204,2,6,5,1
201301QA10084,1,9,0,8,0,1,0,0,0,0,2,1,1,2,7,1895,1,13,5,1
201301QA10084,2,9,0,4,0,1,1,0,0,0,1,1,1,2,6,1870,2,11,6,1
201301QA10085,1,9,0,16,0,0,1,0,0,0,1,1,6,2,9,-1,-1,-1,5,1
201301QA10086,1,9,0,9,0,5,0,0,0,0,1,1,1,1,8,1248,2,5,3,1
201301QA10086,2,9,0,18,0,8,0,0,0,0,3,1,6,1,7,1870,2,10,5,1
201301QA10087,1,9,0,3,0,2,0,0,0,0,1,1,6,2,6,1597,1,4,4,1
201301QA10087,2,9,0,1,0,1,0,0,0,0,2,1,6,2,-1,1386,1,10,-1,-1
201301QA10089,1,9,0,7,0,6,0,0,0,0,1,1,6,1,11,1597,1,15,4,1
201301QA10090,1,9,0,18,2,0,0,0,0,0,4,1,6,1,6,1686,2,9,6,1
201301QA10091,1,9,0,9,0,8,0,0,0,0,4,1,6,1,8,1896,2,9,9,1
201301QA10091,2,1,0,18,0,8,0,0,0,0,1,1,6,1,6,-1,-1,-1,-1,-1
201301QA10092,1,11,0,4,0,2,0,0,0,0,1,1,1,1,7,4500,2,2,2,1
201301QA10093,1,9,0,18,0,8,0,0,0,0,4,1,6,1,6,1198,1,7,10,1
201301QA10093,2,19,0,18,0,8,0,0,0,0,1,1,1,1,-1,1461,2,2,5,1
201301QA10094,1,9,0,18,0,8,0,0,0,0,1,1,6,1,5,1596,1,7,6,1
201301QA10094,2,8,0,9,0,8,0,0,0,0,1,1,1,1,8,1896,2,3,2,1
201301QA10094,3,9,0,10,0,8,0,0,0,0,3,1,6,1,8,1796,1,11,9,1
201301QA10095,1,9,0,18,0,0,0,0,0,0,1,1,6,1,-1,1596,1,13,-1,-1
201301QA10095,2,9,0,4,0,0,0,0,0,0,2,1,2,1,7,1590,1,14,-1,-1
201301QA10095,3,9,0,4,0,0,0,0,0,0,2,1,6,1,7,1587,1,12,5,1
201301QA10096,1,11,0,7,0,2,0,0,0,0,4,1,1,1,7,7300,2,9,3,1
201301QA10098,1,9,0,2,0,0,0,0,0,0,3,1,6,2,6,1560,2,2,10,1
201301QA10098,2,19,0,18,0,0,0,0,0,0,4,1,6,3,-1,2402,2,6,-1,-1
201301QA10099,1,9,0,9,0,5,1,0,0,0,1,1,2,1,-1,1299,1,11,4,1
201301QA10100,1,9,0,18,0,8,0,0,0,0,1,1,6,1,6,1999,1,11,-1,-1
201301QA10100,2,9,0,18,0,6,0,0,7,10,4,1,6,2,6,-1,-1,-1,7,1
201301QA10101,1,9,0,9,0,6,0,0,0,0,1,1,6,1,11,1797,8,3,9,1
201301QA10101,2,4,0,18,0,8,0,0,0,0,3,1,6,1,7,278,1,1,6,1
201301QA10102,1,9,0,3,0,1,0,0,0,0,2,1,6,1,6,1797,8,4,5,1
201301QA10102,2,9,0,18,0,1,0,0,0,0,1,1,6,1,-1,1951,2,9,-1,-1
201301QA10103,1,9,0,9,0,1,0,0,0,0,2,1,1,1,7,-1,-1,-1,2,1
201301QA10103,2,8,0,18,0,1,0,0,0,0,1,1,1,1,5,1968,2,3,7,1
201301QA10104,1,11,0,5,0,0,0,0,0,0,0,1,1,1,7,4500,2,2,-1,-1
201301QA10105,1,9,0,18,0,1,0,0,0,0,1,1,6,1,8,1997,1,14,6,1
201301QA10105,2,9,0,3,0,1,0,0,0,0,3,1,6,1,9,2987,2,-1,9,1
201301QA10105,3,9,0,18,0,2,0,0,0,0,1,1,6,1,9,1497,8,1,10,1
201301QA10105,4,9,0,8,0,1,0,0,0,0,2,1,1,1,7,-1,-1,-1,6,1
201301QA10106,1,19,0,7,0,6,0,0,0,0,1,1,6,1,6,2800,2,9,6,1
201301QA10106,2,9,0,18,0,2,0,0,0,0,4,1,6,2,9,1995,2,3,9,1
201301QA10109,1,9,0,18,0,0,0,0,0,0,2,1,1,1,6,1560,2,1,4,1
201301QA10109,2,9,0,18,0,0,0,0,0,0,1,1,1,1,-1,1995,2,2,-1,-1
201301QA10110,1,9,0,3,0,1,0,0,0,0,2,1,2,2,8,1598,1,9,7,1
201301QA10110,2,9,0,18,0,1,0,0,0,0,0,1,6,1,-1,-1,-1,-1,-1,-1
201301QA10111,1,19,0,2,0,0,0,0,0,0,1,1,1,1,6,1753,2,7,9,1
201301QA10111,2,9,0,18,0,0,0,0,0,0,1,1,6,1,-1,-1,-1,-1,-1,-1
201301QA10112,1,9,0,17,0,0,1,0,1,4,2,1,6,1,8,1796,1,9,6,1
201301QA10113,1,9,0,9,0,1,0,0,0,0,1,1,6,2,5,1796,1,4,4,1
201301QA10113,2,4,0,9,0,8,0,0,0,0,4,1,6,1,5,124,1,4,6,1
201301QA10114,1,9,0,5,0,1,0,0,0,0,1,1,6,1,10,-1,-1,-1,5,1
201301QA10114,2,9,0,5,0,1,0,0,0,0,2,1,6,2,6,1360,1,7,-1,-1
201301QA10115,1,9,0,1,0,0,0,0,0,0,2,1,6,1,-1,1397,1,10,-1,-1
201301QA10116,1,11,0,18,0,0,0,0,0,0,0,1,1,1,8,7300,2,11,1,1
201301QA10117,1,9,0,18,0,8,0,0,0,0,1,1,6,1,7,1598,1,12,8,1
201301QA10117,2,1,0,18,0,8,0,0,0,0,4,1,6,1,7,-1,-1,-1,-1,-1
201301QA10118,1,9,0,16,0,2,0,0,0,0,1,1,6,1,-1,1995,2,5,5,1
201301QA10119,1,9,0,18,0,8,0,4,0,0,3,1,6,2,9,-1,-1,-1,5,1
201301QA10119,2,9,0,18,0,2,0,0,0,0,1,1,6,1,7,2148,2,8,6,1
201301QA10119,3,19,0,2,0,2,0,0,0,0,3,1,6,3,-1,-1,-1,-1,-1,-1
201301QA10120,1,9,0,9,0,8,0,0,0,0,1,1,6,1,6,-1,-1,-1,5,1
201301QA10120,2,9,0,18,0,8,0,0,0,0,4,1,6,2,9,-1,-1,-1,-1,-1
201301QA10122,1,9,0,3,0,1,0,0,0,0,2,1,6,2,6,1968,2,8,4,3
201301QA10122,2,9,0,3,0,1,0,0,0,0,2,1,6,2,-1,989,1,14,-1,-1
201301QA10122,3,9,0,18,0,1,0,0,0,0,1,1,6,1,-1,1968,2,3,-1,-1
201301QA10123,1,9,0,18,0,0,0,0,0,0,4,1,3,2,6,1796,1,13,7,1
201301QA10124,1,9,0,3,0,1,0,0,0,0,2,1,6,1,9,1400,1,13,7,1
201301QA10124,2,19,0,18,0,1,0,0,0,0,1,1,6,1,-1,1686,2,12,-1,-1
201301QA10125,1,9,0,18,0,0,0,0,0,0,4,1,6,2,11,998,1,13,9,1
201301QA10126,1,9,0,18,0,1,0,0,0,0,1,1,6,1,5,1796,1,14,6,1
201301QA10126,2,9,0,18,0,1,0,0,0,0,2,1,1,1,6,1896,2,10,2,1
201301QA10127,1,8,0,18,0,8,0,0,0,0,3,1,1,1,7,1997,2,5,4,1
201301QA10127,2,19,0,7,0,8,0,0,0,0,4,1,6,1,-1,1998,2,10,-1,-1
201301QA10128,1,9,0,18,0,0,0,0,0,0,4,1,6,2,6,1396,1,11,9,1
201301QA10128,2,9,0,5,0,0,0,0,0,0,3,1,6,2,-1,2979,1,9,8,1
201301QA10129,1,11,0,9,0,8,0,0,0,0,0,1,1,1,7,7300,2,9,5,1
201301QA10130,1,9,0,9,0,2,0,0,0,0,1,1,6,1,8,2179,2,1,6,1
201301QA10132,1,9,0,1,0,8,0,0,0,0,2,1,6,1,-1,-1,-1,-1,-1,-1
201301QA10132,2,8,0,3,0,1,0,0,0,0,1,1,6,1,7,1984,1,12,5,1
201301QA10133,1,11,0,18,0,8,0,0,0,0,1,1,1,1,8,9200,2,10,5,1
201301QA10133,2,9,0,9,0,8,0,0,0,0,1,1,6,2,6,1598,1,3,8,1
201301QA10134,1,9,0,7,0,2,0,0,0,0,1,1,6,1,6,1970,1,12,-1,-1
201301QA10134,2,1,0,18,0,1,0,0,0,0,1,1,6,2,2,-1,-1,-1,10,1
201301QA10135,1,9,0,2,0,0,0,0,0,0,2,1,6,2,8,1235,1,23,3,1
201301QA10135,2,9,0,18,0,0,0,4,0,0,1,1,6,2,4,1461,2,9,6,1
201301QA10136,1,9,0,1,9,1,0,0,0,0,2,1,6,2,7,1498,1,8,4,1
201301QA10137,1,9,0,9,0,8,0,0,0,0,4,1,6,2,9,1498,1,5,5,1
201301QA10137,2,9,0,18,2,1,0,0,0,0,1,1,6,1,5,1995,2,9,7,1
201301QA10138,1,11,0,3,0,2,0,0,0,0,0,1,1,1,7,-1,2,15,9,1