Accident_Index,Vehicle_Reference,Vehicle_Type,Towing_and_Articulation,Vehicle_Manoeuvre,Vehicle_Location-Restricted_Lane,Junction_Location,Skidding_and_Overturning,Hit_Object_in_Carriageway,Vehicle_Leaving_Carriageway,Hit_Object_off_Carriageway,1st_Point_of_Impact,Was_Vehicle_Left_Hand_Drive?,Journey_Purpose_of_Driver,Sex_of_Driver,Age_Band_of_Driver,Engine_Capacity_(CC),Propulsion_Code,Age_of_Vehicle,Driver_IMD_Decile,Driver_Home_Area_Type
201301QA10318,1,11,0,5,0,1,0,0,0,0,0,1,1,1,9,7300,2,11,3,1
201301QA10319,1,11,0,4,0,2,0,0,0,0,0,1,1,1,6,-1,-1,-1,10,1
201301QA10319,2,9,0,4,0,2,0,0,0,0,0,1,6,3,-1,1968,2,3,-1,-1
201301QA10321,1,19,0,1,0,1,0,0,0,0,2,1,1,1,6,1248,2,-1,5,1
201301QA10323,1,19,0,4,0,0,0,0,0,0,1,1,6,1,6,2143,2,1,5,1
201301QA10323,2,9,0,4,0,0,0,0,0,0,2,1,6,1,-1,1796,1,12,2,1
201301QA10323,3,9,0,4,0,0,0,0,0,0,2,1,6,1,7,1796,1,8,7,1
201301QA10325,1,9,0,1,0,8,0,0,0,0,2,1,6,2,5,2926,2,11,6,1
201301QA10326,1,3,0,18,0,8,0,0,0,0,3,1,6,1,5,124,1,2,4,1
201301QA10326,2,9,0,9,0,6,0,0,0,0,1,1,6,2,7,1598,1,9,-1,-1
201301QA10327,1,3,0,13,0,8,0,0,0,0,1,1,6,1,5,125,1,1,3,1
201301QA10327,2,9,0,9,0,5,0,0,0,0,3,1,6,2,6,1299,1,13,4,1
201301QA10328,1,9,0,4,0,1,0,0,0,0,2,1,6,1,8,-1,-1,-1,-1,-1
201301QA10328,2,9,0,18,0,1,0,0,0,0,1,1,6,1,6,998,1,9,1,1
201301QA10329,1,10,0,18,0,0,0,0,0,0,4,1,1,1,6,2500,2,6,3,1
201301QA10329,2,1,0,18,0,0,0,0,0,0,3,1,6,1,7,-1,-1,-1,5,1
201301QA10331,1,9,0,9,0,8,0,0,0,0,4,1,6,3,-1,1679,1,11,-1,-1
201301QA10331,2,1,0,18,0,8,1,0,0,0,1,1,2,1,6,-1,-1,-1,6,1
201301QA10332,1,9,0,9,0,8,0,0,0,0,3,1,6,1,9,1896,2,8,4,1
201301QA10332,2,9,0,9,0,8,0,0,0,0,3,1,6,1,-1,1198,1,5,6,1
201301QA10333,1,9,0,13,0,8,0,0,0,0,4,1,6,2,8,-1,-1,-1,7,1
201301QA10333,2,1,0,9,0,8,0,0,0,0,3,1,6,1,5,-1,-1,-1,5,1
201301QA10334,1,9,0,18,0,2,0,0,7,0,3,1,6,2,7,1587,1,6,3,1
201301QA10334,2,9,0,18,0,1,0,0,0,0,3,1,6,1,7,-1,-1,-1,3,1
201301QA10336,1,11,0,4,0,1,0,0,0,0,4,1,1,1,7,4500,2,2,-1,-1
201301QA10337,1,9,0,9,0,8,0,0,0,0,0,1,6,1,8,1389,1,17,5,1
201301QA10337,2,3,0,4,0,8,1,0,0,0,0,1,1,1,7,124,1,5,3,1
201301QA10338,1,9,0,16,0,0,1,10,1,4,1,1,6,2,4,998,1,10,8,1
201301QA10339,1,9,0,18,0,0,0,0,0,0,4,1,6,2,8,1596,1,2,4,1
201301QA10340,1,9,0,6,0,0,0,0,0,0,3,1,6,2,6,1595,1,10,3,1
201301QA10340,2,3,0,18,0,0,0,0,0,0,1,1,6,1,4,124,1,3,7,1
201301QA10341,1,9,0,18,0,0,0,0,0,0,1,1,6,3,-1,-1,-1,-1,-1,-1
201301QA10343,1,9,0,7,0,8,0,0,0,0,4,1,6,1,4,1388,1,4,5,1
201301QA10343,2,1,0,15,0,8,0,0,0,0,1,1,6,1,5,-1,-1,-1,7,1
201301QA10344,1,9,0,18,0,2,0,10,1,1,1,1,6,1,5,1781,1,15,5,1
201301QA10345,1,9,0,9,0,5,0,0,0,0,4,1,6,2,9,1600,1,8,7,1
201301QA10345,2,9,0,10,0,1,0,0,0,0,3,1,6,1,8,2793,1,12,6,1
201301QA10345,3,4,0,18,0,8,0,0,0,0,1,1,6,1,6,-1,-1,-1,4,1
201301QA10346,1,19,0,5,0,8,0,0,0,0,4,1,6,1,7,1560,2,4,6,1
201301QA10346,2,9,0,5,0,6,0,0,0,0,3,1,6,1,5,1896,2,6,4,1
201301QA10348,1,3,0,18,0,8,0,0,0,0,3,1,1,1,5,125,1,4,-1,-1
201301QA10348,2,19,0,9,0,8,0,0,0,0,3,1,1,1,6,4461,2,3,8,1
201301QA10349,1,9,0,3,0,0,0,0,0,0,2,1,6,2,7,2967,2,7,5,1
201301QA10349,2,9,0,18,0,0,1,0,0,0,1,1,6,1,-1,1796,1,11,9,1
201301QA10350,1,9,0,1,0,2,0,0,0,0,2,1,6,1,5,1896,2,11,4,1
201301QA10352,1,9,0,14,0,2,0,0,0,0,1,1,6,2,-1,1796,1,9,-1,-1
201301QA10354,1,9,0,18,0,1,0,0,0,0,3,1,1,2,5,1149,1,13,8,1
201301QA10355,1,5,0,14,0,8,0,0,7,0,4,1,6,1,5,599,1,10,5,1
201301QA10355,2,9,0,9,0,6,0,0,0,0,1,1,6,2,7,1398,1,2,6,1
201301QA10356,1,11,0,4,0,8,0,0,0,0,0,1,1,1,8,9200,2,10,7,1
201301QA10356,2,9,0,7,0,6,0,0,0,0,0,1,6,3,-1,-1,-1,-1,-1,-1
201301QA10357,1,5,0,13,0,0,0,0,0,0,1,1,6,1,7,1203,1,4,8,1
201301QA10357,2,9,0,18,0,0,0,0,0,0,3,1,6,1,8,2148,2,11,10,1
201301QA10358,1,9,0,3,0,1,0,0,0,0,2,1,6,1,8,1896,2,7,3,1
201301QA10358,2,9,0,18,0,1,0,0,0,0,1,1,6,1,5,998,1,7,8,1
201301QA10360,1,9,0,2,0,0,0,0,0,0,3,1,6,1,8,1850,1,12,8,1
201301QA10360,2,1,0,18,4,0,0,4,0,0,1,1,6,1,5,-1,-1,-1,4,1
201301QA10360,3,19,0,18,0,0,0,0,0,0,3,1,6,1,-1,-1,-1,-1,-1,-1
201301QA10361,1,9,0,18,0,0,0,0,0,0,1,1,6,2,-1,1896,2,12,-1,-1
201301QA10362,1,9,0,18,0,2,0,0,0,0,1,1,6,1,8,998,1,11,-1,-1
201301QA10365,1,19,0,18,0,2,0,0,0,0,4,1,6,3,-1,-1,-1,-1,-1,-1
201301QA10366,1,9,0,9,0,8,0,0,0,0,4,1,6,1,7,1896,2,6,4,1
201301QA10366,2,3,0,18,0,8,0,0,0,0,1,1,6,1,4,124,1,2,-1,-1
201301QA10368,1,20,1,18,0,0,0,0,0,0,1,1,6,2,7,6370,2,2,4,2
201301QA10368,2,9,0,12,0,0,0,0,0,0,3,1,6,1,11,1762,1,13,3,1
201301QA10370,1,9,0,5,0,0,0,0,0,0,3,1,6,1,9,2143,2,2,10,1
201301QA10370,2,3,0,18,0,0,0,0,0,0,4,1,6,1,-1,124,1,6,6,1
201301QA10371,1,9,0,9,0,8,0,0,0,0,1,1,6,2,-1,-1,-1,-1,-1,-1
201301QA10372,1,4,0,5,0,8,0,0,0,0,1,1,6,1,4,124,1,1,6,1
201301QA10372,2,9,0,9,0,8,0,0,0,0,1,1,6,1,-1,1896,2,12,6,1
201301QA10373,1,9,0,1,0,2,0,0,0,0,2,1,6,1,6,2496,2,12,6,1
201301QA10374,1,9,0,1,9,2,0,0,0,0,2,1,6,1,6,1798,1,12,5,1
201301QA10375,1,3,0,18,0,0,1,0,0,0,4,1,2,1,8,124,1,6,7,1
201301QA10376,1,9,0,9,0,8,0,0,0,0,0,1,6,2,7,1794,1,9,7,1
201301QA10376,2,3,0,18,0,1,1,0,0,0,4,1,4,2,4,125,1,2,5,1
201301QA10377,1,9,0,18,0,0,0,4,0,0,4,1,6,1,5,1896,2,15,9,1
201301QA10377,2,9,0,2,0,0,0,0,0,0,3,1,6,3,-1,1984,1,2,-1,-1
201301QA10377,3,9,0,18,0,0,0,0,0,0,3,1,6,2,8,-1,-1,-1,4,1
201301QA10378,1,9,0,9,0,8,0,0,0,0,3,1,6,2,-1,1598,1,13,-1,-1
201301QA10378,2,1,0,9,0,8,0,0,0,0,4,1,6,1,5,-1,-1,-1,7,1
201301QA10379,1,9,0,18,0,0,0,0,0,0,1,1,6,1,9,1997,1,12,7,1
201301QA10379,2,8,0,6,0,0,0,0,0,0,3,1,1,1,8,1753,2,6,8,1
201301QA10380,1,9,0,14,0,0,0,0,0,0,4,1,6,2,-1,-1,-1,-1,-1,-1
201301QA10381,1,9,0,3,0,0,0,0,0,0,2,1,6,1,8,1769,1,8,3,1
201301QA10381,2,19,0,18,0,0,0,0,0,0,1,1,6,1,-1,1998,2,11,-1,-1
201301QA10382,1,9,0,18,0,0,0,0,0,0,1,1,2,2,9,1339,1,6,7,3
201301QA10384,1,9,0,9,0,8,0,0,0,0,1,1,6,1,4,1198,1,3,8,1
201301QA10384,2,9,0,18,0,8,0,0,0,0,1,1,6,1,-1,1970,1,11,-1,-1
201301QA10385,1,9,0,18,0,0,0,0,0,0,4,1,6,1,6,1590,1,12,2,1
201301QA10385,2,9,0,15,2,0,0,0,0,0,3,1,6,1,-1,-1,-1,-1,-1,-1
201301QA10385,3,9,0,18,0,0,0,0,0,0,1,1,6,3,-1,-1,-1,-1,-1,-1
201301QA10386,1,9,0,18,0,0,0,0,0,0,2,1,1,1,4,973,1,11,5,1
201301QA10386,2,9,0,18,0,0,0,0,0,0,1,1,1,1,8,3222,2,11,6,1
201301QA10386,3,9,0,18,0,0,0,0,0,0,1,1,1,2,6,1596,1,13,4,1
201301QA10386,4,9,0,18,0,0,0,0,0,0,1,1,1,2,7,1242,1,15,4,1
201301QA10387,1,4,0,18,0,8,0,11,0,0,4,1,6,1,7,124,1,3,4,1
201301QA10388,1,9,0,14,0,2,0,0,0,0,1,1,2,2,6,1896,2,3,7,1
201301QA10389,1,8,0,9,0,8,0,0,0,0,3,1,1,1,7,-1,-1,-1,7,1
201301QA10389,2,9,0,18,0,8,0,0,0,0,4,1,6,1,7,1998,1,7,2,1
201301QA10393,1,9,0,18,0,0,0,4,0,0,1,1,1,2,5,1598,1,7,8,1
201301QA10393,2,9,0,2,0,0,0,0,0,0,3,1,6,3,-1,1796,1,6,-1,-1
201301QA10394,1,9,0,18,0,1,0,0,0,0,1,1,6,1,6,-1,-1,-1,5,1
201301QA10395,1,9,0,5,0,0,0,0,0,0,2,1,6,1,7,1149,1,-1,10,1
201301QA10395,2,9,0,5,0,0,0,0,0,0,1,1,1,1,8,2387,2,4,6,1
201301QA10396,1,9,0,9,0,1,0,0,0,0,3,1,6,1,6,2494,1,12,4,1
201301QA10396,2,11,0,9,0,1,0,0,0,0,4,1,1,3,-1,-1,-1,-1,-1,-1
201301QA10397,1,9,0,18,0,0,0,7,7,2,1,1,6,1,9,1589,1,17,4,1
201301QA10398,1,1,0,18,0,0,0,10,1,4,1,1,2,1,7,-1,-1,-1,-1,-1
201301QA10399,1,9,0,18,0,0,0,0,0,0,1,1,6,2,5,1299,1,13,4,1
201301QA10399,2,9,0,5,0,0,0,0,0,0,3,1,6,2,6,1598,1,11,6,1
201301QA10400,1,9,0,4,0,2,0,0,0,0,1,1,6,1,7,3497,1,12,2,1
201301QA10402,1,19,0,7,0,8,0,0,0,0,4,1,1,1,8,4461,2,4,2,1
201301QA10403,1,3,0,14,0,1,0,0,0,0,1,1,6,1,4,125,1,5,5,1
201301QA10404,1,9,0,9,0,6,0,0,1,2,3,1,6,2,4,1248,1,3,9,1
201301QA10404,2,9,0,4,0,8,0,0,0,0,1,1,2,1,6,1896,2,17,-1,-1
201301QA10405,1,9,0,18,0,0,0,0,0,0,0,1,6,3,-1,-1,-1,-1,-1,-1
201301QA10406,1,9,0,5,0,2,0,0,0,0,1,1,6,2,6,-1,-1,-1,3,1
201301QA10406,2,1,0,18,0,2,0,0,0,0,3,1,6,1,4,-1,-1,-1,7,1
201301QA10407,1,9,0,5,0,1,0,0,0,0,2,1,6,2,8,1364,1,7,1,1
201301QA10407,2,9,0,5,0,1,0,0,0,0,1,1,2,1,8,998,1,3,3,1
201301QA10408,1,9,0,10,0,1,0,0,0,0,2,1,6,1,8,1998,1,12,3,1
201301QA10408,2,9,0,18,0,1,0,0,0,0,1,1,6,2,-1,2926,2,11,7,1
201301QA10409,1,9,0,14,0,1,0,0,0,0,1,1,6,2,6,1598,1,8,4,1
201301QA10409,2,9,0,9,0,1,0,0,0,0,3,1,6,1,6,2401,2,10,9,1
201301QA10410,1,9,0,3,0,1,0,0,0,0,3,1,6,1,8,2171,1,10,3,1
201301QA10410,2,9,0,9,0,8,0,0,0,0,1,1,6,2,5,1796,1,8,6,1
201301QA10410,3,9,0,18,0,8,0,0,0,0,1,1,6,1,7,1796,1,9,-1,-1
201301QA10410,4,9,0,3,0,1,0,0,0,0,3,1,6,1,10,1339,1,5,5,1
201301QA10411,1,9,0,4,0,0,0,0,0,0,2,1,6,2,8,1397,1,9,5,1
201301QA10411,2,9,0,18,0,0,0,0,0,0,1,1,1,1,8,-1,-1,-1,10,1
201301QA10412,1,9,0,7,0,8,0,0,0,0,3,1,6,1,11,1198,1,4,5,1
201301QA10412,2,1,0,18,0,8,0,0,0,0,1,1,6,1,-1,-1,-1,-1,-1,-1
201301QA10413,1,9,0,9,0,8,0,0,0,0,1,1,6,1,10,1794,1,8,7,1
201301QA10414,1,9,0,18,0,8,0,0,1,4,1,1,6,2,-1,1339,1,8,5,1
201301QA10415,1,9,0,18,0,0,0,10,7,10,1,1,3,2,7,1390,1,12,7,1
201301QA10417,1,9,0,6,0,8,0,0,0,0,0,1,6,2,4,1124,1,11,-1,-1
201301QA10417,2,3,0,18,0,8,0,0,0,0,0,1,6,1,-1,599,1,4,3,1
201301QA10418,1,9,0,18,0,8,0,0,0,0,1,1,6,1,7,-1,-1,-1,-1,-1
201301QA10418,2,9,0,9,0,8,0,0,0,0,4,1,6,2,10,2926,2,9,8,1
201301QA10419,1,9,0,18,0,0,0,0,0,0,1,1,6,1,6,1362,1,1,5,1
201301QA10420,1,19,0,5,0,0,0,0,0,0,1,1,6,1,8,2198,2,6,5,1
201301QA10420,2,9,0,2,0,0,0,0,0,0,2,1,6,2,6,1686,2,-1,3,1
201301QA10421,1,9,0,18,0,0,0,0,0,0,1,1,6,1,-1,-1,-1,-1,-1,-1
201301QA10422,1,9,0,18,0,8,0,0,0,0,1,1,6,2,4,1299,1,12,2,1
201301QA10422,2,9,0,9,0,8,0,0,0,0,4,1,6,1,5,998,1,12,3,1
201301QA10423,1,9,0,18,0,8,0,0,0,0,4,1,6,2,5,1596,1,12,5,1
201301QA10423,2,9,0,5,0,8,0,0,0,0,1,1,6,1,10,1086,1,8,10,1
201301QA10424,1,9,0,18,0,0,0,0,0,0,4,1,6,3,-1,2685,2,11,-1,-1
201301QA10425,1,9,0,5,0,1,0,0,0,0,1,1,6,2,-1,1995,1,4,-1,-1
201301QA10427,1,9,0,3,0,2,0,0,0,0,2,1,6,2,6,1796,1,10,6,1
201301QA10427,2,9,0,18,0,2,0,0,0,0,1,1,6,1,6,1596,1,8,6,1
201301QA10428,1,19,0,7,0,1,0,0,0,0,1,1,6,1,8,2198,2,2,6,1
201301QA10429,1,9,0,3,0,1,0,0,0,0,2,1,6,1,8,1386,1,3,7,1
201301QA10429,2,9,0,4,0,1,0,0,0,0,1,1,6,1,-1,1332,1,17,-1,-1
201301QA10430,1,9,0,18,0,8,0,0,0,0,1,1,6,2,9,1999,1,6,8,1
201301QA10430,2,19,0,18,0,8,0,0,0,0,4,1,6,1,-1,2402,2,4,-1,-1
201301QA10431,1,9,0,9,0,2,0,0,0,0,1,1,6,2,9,1199,1,10,8,1
201301QA10431,2,1,0,18,0,1,0,0,0,0,3,1,2,1,7,-1,-1,-1,7,1
201301QA10432,1,9,0,18,0,8,0,0,0,0,4,1,6,2,10,1339,1,1,-1,-1
201301QA10433,1,9,0,18,0,1,0,0,0,0,3,1,2,2,8,1598,1,-1,6,1
201301QA10434,1,9,0,18,0,0,0,0,0,0,1,1,3,1,8,-1,-1,-1,3,1
201301QA10434,2,9,0,5,0,0,0,4,0,0,3,1,3,1,8,-1,-1,-1,3,1
201301QA10434,3,9,0,2,0,0,0,0,0,0,1,1,6,1,-1,1461,2,5,-1,-1
201301QA10435,1,2,0,14,0,1,0,0,0,0,1,1,1,1,5,49,1,4,6,1
201301QA10435,2,9,0,9,0,1,0,0,0,0,3,1,6,1,-1,1995,2,1,6,1
201301QA10436,1,9,0,9,0,8,0,0,0,0,1,1,6,1,8,4966,1,10,5,1
201301QA10436,2,1,0,18,0,8,0,0,0,0,4,1,6,1,7,-1,-1,-1,-1,-1
201301QA10437,1,11,0,18,0,1,0,0,0,0,4,1,1,1,8,4500,2,2,6,1
201301QA10437,2,9,0,18,0,1,0,0,0,0,1,1,6,1,8,1896,2,8,8,1
201301QA10438,1,9,0,5,0,1,0,0,0,0,1,1,6,2,7,1489,1,15,6,1
201301QA10439,1,9,0,14,0,1,1,0,0,0,1,1,6,1,6,1296,1,7,8,1
201301QA10440,1,9,0,18,0,1,0,0,0,0,4,1,6,1,6,998,1,1,1,1
201301QA10441,1,9,0,3,0,1,0,0,0,0,2,1,6,2,6,998,1,7,7,1
201301QA10441,2,8,0,18,0,1,0,0,0,0,1,1,6,1,-1,1997,2,3,-1,-1
201301QA10442,1,9,0,14,0,0,0,0,0,0,1,1,6,1,4,-1,-1,-1,2,1
201301QA10442,2,9,0,14,0,0,0,0,0,0,1,1,6,2,5,2993,2,7,6,1
201301QA10443,1,19,0,18,0,8,0,0,0,0,3,1,6,1,5,2148,2,8,9,1
201301QA10443,2,1,0,18,0,8,0,0,0,0,4,1,6,2,8,-1,-1,-1,8,1
201301QA10444,1,11,0,4,0,1,0,0,0,0,0,1,1,1,9,4500,2,2,10,1
201301QA10445,1,9,0,18,0,8,0,0,0,0,4,1,6,2,7,1497,8,-1,4,1
201301QA10445,2,9,0,7,0,8,0,0,0,0,3,1,6,1,5,1390,1,14,6,1
201301QA10446,1,9,0,18,0,0,0,4,0,0,1,1,6,1,11,1328,1,12,5,2
201301QA10446,2,9,0,2,0,0,0,0,0,0,2,1,6,2,-1,-1,-1,-1,-1,-1
201301QA10447,1,9,0,18,0,8,0,0,0,0,1,1,6,1,5,3498,1,8,6,1
201301QA10447,2,9,0,18,0,5,0,0,0,0,1,1,6,2,5,1242,1,-1,4,1
201301QA10449,1,9,0,18,0,0,0,0,0,0,4,1,2,2,8,1388,1,1,8,1
201301QA10452,1,19,0,18,0,1,0,0,0,0,4,1,1,1,6,2143,2,3,3,1
201301QA10453,1,9,0,18,0,0,0,0,0,0,4,1,6,2,11,-1,-1,-1,10,1
201301QA10453,2,9,0,18,0,0,0,0,0,0,3,1,6,3,-1,-1,-1,-1,-1,-1
201301QA10454,1,9,0,18,0,0,0,0,0,0,1,1,6,2,6,1988,1,9,3,1
201301QA10455,1,9,0,17,0,0,0,4,0,0,1,1,6,2,5,1598,1,5,6,1
201301QA10455,2,9,0,2,0,0,0,0,0,0,2,1,6,3,-1,1598,1,14,-1,-1
201301QA10455,3,9,0,2,0,0,0,0,0,0,2,1,6,3,-1,2993,2,9,-1,-1
201301QA10455,4,9,0,2,0,0,0,0,0,0,2,1,6,3,-1,1896,2,5,-1,-1
201301QA10456,1,9,0,18,0,1,0,0,0,0,4,1,6,1,7,1360,1,7,5,1
201301QA10457,1,3,0,4,0,2,1,0,0,0,0,1,2,1,6,124,1,1,7,1
201301QA10458,1,9,0,9,0,8,0,0,0,0,1,1,6,2,8,1998,1,7,4,1
201301QA10460,1,9,0,7,0,2,0,0,0,0,1,1,6,1,10,1397,1,10,10,1
201301QA10461,1,9,0,3,0,2,0,0,0,0,3,1,6,1,8,1560,2,-1,4,1
201301QA10461,2,9,0,9,0,1,0,0,0,0,3,1,6,1,-1,1598,1,4,-1,-1
201301QA10463,1,9,0,9,0,1,0,0,0,0,4,1,6,1,6,1984,1,13,6,1
201301QA10463,2,1,0,18,0,1,0,0,0,0,1,1,6,1,7,-1,-1,-1,9,1
201301QA10465,1,8,0,18,0,1,0,0,0,0,1,1,1,1,7,1797,8,4,3,1
201301QA10465,2,9,0,9,0,1,0,0,0,0,4,1,1,2,8,1242,1,-1,3,1
201301QA10466,1,8,0,9,0,2,0,0,0,0,1,1,2,1,8,1896,2,5,4,1
201301QA10467,1,11,0,5,0,0,0,0,0,0,4,1,1,3,-1,-1,-1,-1,-1,-1
201301QA10470,1,11,0,4,0,1,0,0,0,0,0,1,1,3,-1,-1,-1,-1,-1,-1
201301QA10471,1,3,0,18,0,1,1,0,0,0,0,1,2,1,8,124,1,3,9,1
201301QA10471,2,9,0,9,0,1,0,0,0,0,0,1,6,1,8,1995,2,10,2,1
201301QA10476,1,9,0,9,0,8,0,0,0,0,4,1,6,1,7,1493,1,14,6,1
201301QA10476,2,9,0,9,0,8,0,0,0,0,3,1,6,1,-1,2979,1,10,-1,-1
201301QA19007,1,9,0,18,0,1,0,0,0,0,1,1,1,2,5,1199,1,10,3,1
201301QA19010,1,3,0,9,0,8,0,0,0,0,4,1,6,1,6,-1,-1,-1,4,1
201301QA19010,2,9,0,18,0,6,0,0,0,0,1,1,6,3,-1,-1,-1,-1,-1,-1
201301QA19011,1,9,0,3,0,1,0,0,0,0,2,1,2,2,6,1686,2,1,8,2
201301QA19011,2,9,0,3,0,1,0,0,0,0,2,1,1,1,7,1598,2,-1,-1,-1
201301QA19011,3,9,0,4,0,1,0,0,0,0,1,1,2,2,4,1299,1,8,9,1
201301QA19022,1,9,0,18,0,0,0,0,0,0,1,1,6,2,-1,1560,2,5,-1,-1
201301QA19039,1,9,0,7,0,8,0,0,0,0,2,1,6,2,7,1998,1,15,7,1
201301QA19039,2,9,0,18,0,8,0,0,0,0,1,1,6,3,-1,-1,-1,-1,-1,-1
201301QA19351,1,9,0,18,0,0,0,0,0,0,4,1,2,1,6,1596,1,9,4,1
201301QA19364,1,5,0,4,0,8,1,0,0,0,1,1,6,1,-1,984,1,8,7,1
201301QA19364,2,9,0,4,0,8,0,0,0,0,2,1,6,2,6,1296,1,5,9,1
201301QK50003,1,19,0,14,0,1,0,0,0,0,4,1,6,1,7,-1,-1,-1,-1,-1
201301QK50004,1,9,0,9,0,8,0,0,0,0,3,1,6,2,10,1988,1,10,10,1
201301QK50004,2,9,0,13,0,8,0,0,0,0,4,1,6,2,-1,-1,-1,-1,6,1
201301QK50005,1,2,0,3,0,2,0,0,0,0,2,1,1,1,5,125,1,2,-1,-1
201301QK50005,2,19,0,4,0,2,0,0,0,0,1,1,1,1,8,-1,-1,-1,-1,-1
201301QK50008,1,5,0,12,0,0,0,0,0,0,1,1,2,1,7,-1,-1,-1,2,1
201301QK50008,2,9,0,4,0,0,0,0,0,0,2,1,6,1,7,-1,-1,-1,-1,-1
201301QK50011,1,9,0,4,0,8,0,0,0,0,1,1,6,1,6,-1,-1,-1,-1,-1
201301QK50011,2,9,0,9,0,8,0,0,0,0,4,1,6,2,4,1560,2,1,5,1
201301QK50012,1,9,0,4,0,8,0,7,3,2,1,1,6,1,6,1240,1,10,3,1
201301QK50014,1,9,0,5,0,0,0,0,0,0,4,1,6,2,8,1199,1,9,1,1
201301QK50015,1,1,0,15,0,1,0,0,0,0,3,1,2,2,8,-1,-1,-1,2,1
201301QK50015,2,9,0,3,0,1,0,0,0,0,4,1,6,2,-1,2099,1,10,-1,-1
201301QK50016,1,9,0,10,0,8,0,0,0,0,2,1,6,2,4,1242,1,4,2,1
201301QK50016,2,9,0,4,0,8,1,0,0,0,1,1,6,1,6,1796,1,8,7,1
201301QK50017,1,11,0,7,0,6,0,0,0,0,0,1,1,1,7,4500,2,5,-1,-1
201301QK50018,1,9,0,18,0,8,0,0,0,0,3,1,6,1,7,1000,1,18,3,1
201301QK50018,2,9,0,9,0,5,0,0,0,0,1,1,6,1,-1,1600,1,14,5,1
201301QK50020,1,9,0,9,0,6,0,0,0,0,3,1,6,1,9,1000,1,1,8,1
201301QK50020,2,4,0,13,0,8,0,0,0,0,1,1,2,1,5,124,1,4,1,1
201301QK50021,1,3,0,4,0,8,0,0,0,0,0,1,6,1,5,124,1,1,1,1
201301QK50021,2,9,0,7,0,8,0,0,0,0,0,1,6,1,7,1895,1,13,1,1
201301QK50023,1,19,0,7,0,2,0,0,0,0,4,1,1,1,-1,2198,2,4,7,1
201301QK50023,2,90,0,5,0,2,0,0,0,0,1,1,6,1,9,-1,-1,-1,-1,-1
201301QK50024,1,9,0,18,0,8,0,4,0,0,4,1,6,1,6,2148,2,11,1,1
201301QK50024,2,9,0,9,0,6,0,0,1,10,1,1,6,1,8,2099,1,9,3,1
201301QK50024,3,9,0,2,0,8,0,0,0,0,4,1,6,3,-1,796,1,14,-1,-1
201301QK50025,1,5,0,18,0,0,1,0,0,0,0,1,2,1,8,644,1,14,3,1
201301QK50026,1,9,0,10,0,2,0,0,0,0,1,1,6,1,7,1388,1,13,4,1
201301QK50026,2,9,0,4,0,1,0,0,7,10,1,1,6,1,-1,2494,1,9,-1,-1
201301QK50027,1,2,0,18,0,8,0,0,0,0,4,1,6,1,6,49,1,11,4,1
201301QK50027,2,9,0,5,0,8,0,0,0,0,3,1,6,2,6,-1,-1,-1,4,1
201301QK50029,1,9,0,4,0,0,1,0,0,0,4,1,6,2,6,1364,1,5,4,1
201301QK50030,1,3,0,18,0,8,1,0,0,0,4,1,6,1,6,125,1,4,2,1
201301QK50030,2,9,0,9,0,8,0,0,0,0,1,1,6,1,-1,1582,2,1,-1,-1
201301QK50032,1,19,0,6,0,0,0,0,0,0,1,1,6,1,6,1389,7,12,-1,-1
201301QK50032,2,9,0,18,0,0,0,0,0,0,3,1,6,1,6,1753,2,9,2,1
201301QK50033,1,9,0,5,0,8,0,0,0,0,3,1,6,1,6,998,1,13,6,1
201301QK50033,2,9,0,6,0,8,0,0,0,0,1,1,6,3,-1,1997,2,4,-1,-1
201301QK50034,1,9,0,7,0,8,1,9,3,0,2,1,1,1,7,1198,1,2,4,1
201301QK50034,2,9,0,17,0,8,0,0,0,0,1,1,1,1,8,999,1,-1,6,1
201301QK50035,1,11,0,18,0,0,0,0,0,0,4,1,1,1,6,-1,-1,-1,5,1
201301QK50035,2,19,0,1,0,0,0,0,0,0,3,1,6,1,-1,-1,-1,-1,2,1
201301QK50036,1,19,0,14,0,1,0,0,0,0,1,1,1,1,6,2148,2,8,4,1
201301QK50037,1,3,0,18,0,0,0,0,0,0,1,1,1,1,6,124,1,3,3,1
201301QK50037,2,1,0,5,0,0,0,0,0,0,3,1,6,3,-1,-1,-1,-1,-1,-1
201301QK50038,1,9,0,18,0,8,0,0,0,0,3,1,6,1,8,1598,1,13,4,1
201301QK50038,2,9,0,9,0,8,0,0,0,0,4,1,6,3,-1,1590,1,11,-1,-1
201301QK50039,1,9,0,9,0,8,0,0,0,0,1,1,6,2,4,1598,1,10,5,1
201301QK50039,2,8,0,7,0,5,0,0,0,0,4,1,1,1,6,1598,1,4,3,1
201301QK50040,1,9,0,1,0,8,0,0,0,0,2,1,3,2,6,1598,1,10,1,1
201301QK50041,1,9,0,9,0,5,0,0,0,0,1,1,2,2,8,1999,1,11,1,1
201301QK50041,2,2,0,18,0,5,0,0,0,0,3,1,6,1,4,49,1,5,2,1
201301QK50042,1,9,0,9,0,2,0,0,0,0,3,1,1,2,6,1753,2,9,8,1
201301QK50042,2,19,0,18,0,1,0,0,0,0,1,1,1,1,9,2402,2,9,-1,-1
201301QK50043,1,9,0,18,0,0,0,0,1,2,1,1,6,1,4,1360,1,5,4,1
201301QK50046,1,19,0,5,0,1,0,0,0,0,1,1,6,2,9,-1,-1,-1,7,1
201301QK50048,1,9,0,7,0,5,0,0,0,0,1,1,6,2,-1,1493,1,15,4,1
201301QK50049,1,9,0,18,0,8,0,0,0,0,1,1,2,1,6,1995,2,7,9,1
201301QK50049,2,9,0,9,0,8,0,0,0,0,4,1,2,2,6,998,1,3,4,1
201301QK50050,1,9,0,9,0,5,0,0,0,0,1,1,6,1,6,2204,2,8,4,1