Accident_Index,Vehicle_Reference,Vehicle_Type,Towing_and_Articulation,Vehicle_Manoeuvre,Vehicle_Location-Restricted_Lane,Junction_Location,Skidding_and_Overturning,Hit_Object_in_Carriageway,Vehicle_Leaving_Carriageway,Hit_Object_off_Carriageway,1st_Point_of_Impact,Was_Vehicle_Left_Hand_Drive?,Journey_Purpose_of_Driver,Sex_of_Driver,Age_Band_of_Driver,Engine_Capacity_(CC),Propulsion_Code,Age_of_Vehicle,Driver_IMD_Decile,Driver_Home_Area_Type
201301QK50241,2,9,0,18,0,8,0,0,0,0,1,1,1,1,5,1595,1,3,3,1
201301QK50242,1,19,0,18,0,0,0,0,0,0,1,1,1,1,7,-1,-1,-1,3,1
201301QK50243,1,9,0,18,0,0,0,0,0,0,1,1,6,1,6,2148,2,4,1,1
201301QK50245,1,3,0,18,0,8,0,0,0,0,3,1,6,1,5,124,1,1,2,1
201301QK50245,2,9,0,11,0,8,0,0,0,0,4,1,6,1,-1,1896,2,20,1,1
201301QK50246,1,9,0,18,0,2,0,0,0,0,1,1,6,3,-1,1242,1,4,-1,-1
201301QK50247,1,9,0,4,0,1,0,0,0,0,2,1,6,1,-1,1598,1,11,2,1
201301QK50247,2,9,0,4,0,1,0,0,0,0,2,1,6,2,8,1896,2,7,5,1
201301QK50247,3,9,0,18,0,1,0,0,0,0,1,1,6,2,9,1699,1,3,9,1
201301QK50248,1,1,0,18,0,8,0,0,0,0,1,1,6,1,4,-1,-1,-1,1,1
201301QK50248,2,9,0,18,0,8,0,0,0,0,3,1,6,2,6,1386,1,6,1,1
201301QK50249,1,19,0,18,0,8,0,0,0,0,3,1,1,1,6,1248,2,-1,3,1
201301QK50249,2,9,0,12,0,8,0,0,0,0,4,1,6,3,-1,1596,1,11,-1,-1
201301QK50252,1,9,0,4,0,0,0,0,0,0,3,1,6,1,8,1998,1,15,3,1
201301QK50252,2,1,0,18,0,0,0,0,0,0,1,1,6,1,2,-1,-1,-1,3,1
201301QK50253,1,9,0,18,0,2,0,0,0,0,1,1,6,1,-1,-1,-1,-1,-1,-1
201301QK50254,1,9,0,9,0,1,0,0,0,0,3,1,6,1,8,2299,1,24,2,1
201301QK50254,2,3,0,13,0,1,0,0,0,0,4,1,6,1,6,125,1,9,2,1
201301QK50256,1,11,0,18,0,1,0,0,0,0,0,1,1,1,6,6700,2,1,1,1
201301QK50257,1,9,0,18,0,8,0,0,0,0,3,1,6,1,5,-1,-1,-1,6,1
201301QK50258,1,1,0,18,0,1,0,0,0,0,3,1,6,2,9,-1,-1,-1,4,1
201301QK50258,2,19,0,7,0,1,0,0,0,0,4,1,6,1,-1,-1,-1,-1,-1,-1
201301QK50259,1,9,0,18,0,0,0,0,0,0,4,1,3,1,8,1560,2,6,4,1
201301QK50260,1,9,0,14,0,1,0,0,0,0,4,1,6,2,7,2151,2,13,2,1
201301QK50261,1,9,0,18,0,1,0,0,0,0,1,1,6,1,6,2497,1,6,7,1
201301QK50261,2,9,0,18,0,1,0,0,0,0,2,1,6,1,7,1689,2,11,2,1
201301QK50262,1,9,0,18,0,0,0,0,0,0,2,1,6,2,-1,1984,1,10,1,1
201301QK50262,2,9,0,18,0,0,0,0,0,0,1,1,6,1,-1,-1,-1,-1,-1,-1
201301QK50263,1,9,0,2,0,2,0,0,0,0,2,1,6,2,7,2171,1,10,-1,-1
201301QK50263,2,9,0,18,0,2,0,4,0,0,3,1,6,1,-1,3456,8,3,-1,-1
201301QK50265,1,9,0,9,0,8,0,0,0,0,4,1,6,1,4,1242,1,4,2,1
201301QK50265,2,9,0,18,0,8,0,0,0,0,1,1,6,1,10,1242,1,13,6,1
201301QK50266,1,21,1,18,0,1,0,0,0,0,3,1,1,1,8,15607,2,1,6,1
201301QK50266,2,9,0,18,0,1,0,0,0,0,4,1,6,1,6,-1,-1,-1,-1,-1
201301QK50267,1,19,0,1,0,1,0,0,0,0,2,1,1,1,-1,-1,-1,-1,-1,-1
201301QK50268,1,9,0,9,0,8,0,0,0,0,1,1,6,1,-1,2143,2,-1,-1,-1
201301QK50268,2,1,0,18,0,8,0,0,0,0,3,1,6,1,7,-1,-1,-1,4,1
201301QK50269,1,3,0,13,0,1,0,0,0,0,4,1,2,1,6,124,1,3,6,1
201301QK50269,2,9,0,9,0,1,0,0,0,0,3,1,2,1,9,-1,-1,-1,2,1
201301QK50270,1,9,0,5,0,0,0,0,0,0,3,1,6,2,8,1796,1,8,9,1
201301QK50270,2,9,0,18,0,0,0,7,0,0,4,1,6,2,6,-1,-1,-1,6,1
201301QK50271,1,9,0,12,0,0,0,0,0,0,3,1,2,1,7,1896,2,5,4,1
201301QK50271,2,5,0,18,0,0,0,0,0,0,4,1,2,1,6,599,1,12,9,1
201301QK50271,3,9,0,18,0,0,0,0,0,0,2,1,2,2,6,1595,1,11,6,1
201301QK50272,1,9,0,18,0,8,0,0,0,0,3,1,6,1,6,1896,2,12,5,1
201301QK50272,2,9,0,18,0,8,0,0,0,0,1,1,6,1,7,1968,2,1,4,1
201301QK50272,3,3,0,18,0,8,0,0,0,0,1,1,6,1,4,-1,-1,-1,2,1
201301QK50274,1,9,0,9,0,8,0,0,0,0,2,1,6,1,8,1910,2,6,-1,-1
201301QK50274,2,9,0,7,0,8,0,0,0,0,1,1,6,1,6,1598,1,13,4,1
201301QK50275,1,9,0,14,0,8,1,0,0,0,1,1,1,1,6,1900,2,13,7,1
201301QK50275,2,9,0,1,0,8,0,0,0,0,3,1,6,1,8,2179,2,10,4,1
201301QK50276,1,9,0,18,0,0,0,0,0,0,4,1,6,2,-1,1388,1,10,-1,-1
201301QK50277,1,9,0,4,0,1,0,0,0,0,1,1,6,1,6,1896,1,16,9,1
201301QK50278,1,9,0,7,0,8,0,0,0,0,3,1,6,2,7,1388,1,10,5,1
201301QK50278,2,3,0,18,0,1,0,0,0,0,1,1,6,1,4,125,1,8,4,1
201301QK50279,1,9,0,18,0,1,0,0,0,0,3,1,6,1,11,1590,1,15,1,1
201301QK50280,1,9,0,9,0,8,0,0,0,0,1,1,6,2,7,1598,1,10,3,1
201301QK50281,1,3,0,18,0,1,0,0,0,0,3,1,6,1,5,125,1,2,1,1
201301QK50281,2,9,0,13,0,1,0,0,0,0,4,1,6,3,-1,-1,-1,-1,-1,-1
201301QK50282,1,11,0,18,0,8,0,0,0,0,3,1,1,1,7,4500,2,1,-1,-1
201301QK50282,2,9,0,13,0,8,0,9,0,0,4,1,6,1,7,1390,1,8,-1,-1
201301QK50283,1,9,0,4,0,0,0,0,0,0,1,1,6,1,8,2494,1,9,-1,-1
201301QK50283,2,9,0,4,0,0,0,0,0,0,2,1,6,1,7,2496,1,6,-1,-1
201301QK50283,3,9,0,12,0,0,0,0,0,0,0,1,6,3,-1,-1,-1,-1,-1,-1
201301QK50284,1,19,0,4,0,2,0,0,0,0,1,1,1,1,5,2198,2,-1,1,1
201301QK50284,2,9,0,3,0,2,0,0,0,0,2,1,6,1,9,1389,1,12,8,1
201301QK50285,1,19,0,7,0,5,0,0,0,0,4,1,1,1,7,1998,2,8,2,1
201301QK50285,2,1,0,18,4,8,0,0,0,0,1,1,2,1,6,-1,-1,-1,6,1
201301QK50286,1,9,0,18,0,1,0,0,0,0,3,1,6,1,11,954,1,22,3,1
201301QK50286,2,9,0,18,0,2,0,0,0,0,3,1,6,1,9,998,1,13,3,1
201301QK50287,1,5,0,18,0,0,0,10,1,2,1,1,1,1,6,659,1,8,3,1
201301QK50287,2,9,0,5,0,0,0,0,0,0,0,1,6,3,-1,-1,-1,-1,-1,-1
201301QK50288,1,1,0,18,0,8,0,0,0,0,1,1,2,1,7,-1,-1,-1,7,1
201301QK50288,2,9,0,9,0,8,0,0,0,0,4,1,6,2,7,1598,1,9,2,1
201301QK50289,1,9,0,1,0,6,0,8,0,0,2,1,6,2,5,1199,1,10,3,1
201301QK50289,2,9,0,2,0,8,0,0,0,0,3,1,6,1,7,1984,1,9,6,1
201301QK50291,1,11,0,7,0,2,0,0,0,0,0,1,1,1,8,7300,2,10,2,1
201301QK50294,1,9,0,9,0,6,0,0,0,0,1,1,2,1,7,1598,1,14,4,1
201301QK50294,2,3,0,18,0,6,0,0,0,0,1,1,6,1,4,125,1,5,3,1
201301QK50295,1,19,0,11,0,0,0,0,0,0,4,1,1,1,8,2287,2,4,6,1
201301QK50295,2,9,0,18,0,0,0,0,0,0,3,1,6,1,8,1753,2,4,1,1
201301QK50296,1,9,0,9,0,8,0,0,0,0,1,1,6,2,6,1598,1,9,2,1
201301QK50296,2,4,0,18,0,8,0,0,0,0,3,1,6,1,-1,-1,-1,-1,6,1
201301QK50297,1,9,0,9,0,8,0,0,0,0,1,1,6,1,8,2799,1,9,2,1
201301QK50297,2,9,0,18,0,8,0,0,0,0,4,1,6,1,7,1598,1,3,9,1
201301QK50298,1,19,0,3,0,0,0,0,0,0,2,1,6,1,8,1399,2,2,5,1
201301QK50298,2,3,0,18,0,0,0,0,0,0,1,1,6,1,8,125,1,1,3,1
201301QK50299,1,9,0,7,0,1,0,0,0,0,4,1,6,1,-1,1900,2,14,-1,-1
201301QK50299,2,1,0,7,0,1,0,0,0,0,3,1,6,2,7,-1,-1,-1,5,1
201301QK50300,1,9,0,18,0,0,0,0,0,0,1,1,6,2,6,698,1,7,3,1
201301QK50301,1,9,0,9,0,8,0,0,0,0,4,1,6,2,6,1988,1,12,4,1
201301QK50301,2,2,0,18,0,8,0,0,0,0,1,1,1,1,4,125,1,2,3,1
201301QK50302,1,9,0,18,0,1,0,0,0,0,1,1,6,2,5,1086,1,3,4,1
201301QK50302,2,9,0,4,0,1,0,0,0,0,2,1,6,1,7,-1,-1,-1,5,1
201301QK50302,3,9,0,4,0,1,0,0,0,0,2,1,6,2,6,-1,-1,-1,6,1
201301QK50303,1,9,0,9,0,8,0,0,0,0,3,1,6,2,6,1360,1,16,4,1
201301QK50303,2,9,0,18,0,8,0,0,0,0,1,1,6,1,5,1299,1,8,8,1
201301QK50304,1,9,0,9,0,2,0,0,0,0,1,1,6,2,8,1596,1,14,3,1
201301QK50305,1,9,0,18,0,8,0,0,0,0,1,1,6,2,8,1590,1,10,4,1
201301QK50305,2,9,0,9,0,8,0,0,0,0,1,1,6,2,-1,1998,1,15,6,1
201301QK50306,1,5,0,18,0,0,0,0,0,0,3,1,6,1,7,599,1,7,2,1
201301QK50307,1,9,0,7,0,8,0,0,0,0,4,1,6,1,8,1296,1,7,3,1
201301QK50307,2,1,0,15,0,8,0,0,0,0,1,1,6,1,8,-1,-1,-1,-1,-1
201301QK50309,1,1,0,15,0,8,0,0,0,0,1,1,6,1,5,-1,-1,-1,6,1
201301QK50309,2,4,0,9,0,8,0,0,0,0,4,1,6,1,8,1255,1,3,5,1
201301QK50310,1,3,0,14,0,1,0,0,0,0,4,1,6,1,7,125,1,6,5,1
201301QK50310,2,9,0,5,0,1,0,0,0,0,3,1,6,1,-1,1794,1,12,-1,-1
201301QK50311,1,8,0,1,0,1,0,0,0,0,2,1,1,1,6,1497,8,4,1,1
201301QK50312,1,11,0,4,2,2,0,0,0,0,4,1,1,2,-1,4500,2,4,-1,-1
201301QK50313,1,9,0,3,0,0,0,0,0,0,3,1,2,1,9,1668,1,12,2,1
201301QK50313,2,21,0,18,0,0,0,0,0,0,3,1,1,1,-1,-1,-1,-1,4,1
201301QK50314,1,9,0,18,0,1,0,0,0,0,0,1,1,1,6,1582,2,-1,4,1
201301QK50314,2,3,0,18,0,1,1,0,0,0,4,1,6,1,5,125,1,1,4,1
201301QK50315,1,9,0,9,0,8,0,0,0,0,1,1,6,1,7,1595,1,4,8,1
201301QK50316,1,9,0,3,0,1,0,0,0,0,2,1,6,2,7,1798,1,1,7,1
201301QK50316,2,21,0,18,0,1,0,0,0,0,1,1,1,1,-1,10837,2,-1,3,1
201301QK50317,1,3,0,18,0,0,0,10,1,0,0,1,6,1,4,124,1,1,3,1
201301QK50317,2,9,0,5,0,0,0,0,0,0,0,1,6,3,-1,-1,-1,-1,-1,-1
201301QK50318,1,5,0,18,0,0,0,0,0,0,1,1,6,1,6,-1,-1,-1,1,1
201301QK50319,1,9,0,14,0,8,0,0,0,0,1,1,1,1,7,1798,8,1,9,1
201301QK50319,2,9,0,9,0,8,0,0,0,0,3,1,6,1,6,1587,1,12,3,1
201301QK50320,1,9,0,16,0,3,0,0,0,0,1,1,6,1,4,1598,1,8,3,1
201301QK50322,1,11,0,5,0,0,0,0,0,0,0,1,1,1,8,4760,2,-1,2,1
201301QK50323,1,9,0,3,0,1,0,0,0,0,3,1,6,2,7,-1,-1,-1,9,1
201301QK50323,2,9,0,9,0,8,0,0,0,0,3,1,6,1,5,1995,2,6,4,1
201301QK50323,3,3,0,14,0,1,0,0,0,0,1,1,6,1,6,125,1,2,3,1
201301QK50324,1,9,0,8,0,8,0,0,0,0,2,1,6,1,6,2926,2,14,1,1
201301QK50324,2,9,0,18,0,8,0,0,0,0,1,1,1,2,5,1896,2,7,8,2
201301QK50325,1,9,0,18,0,8,0,0,0,0,1,1,6,1,-1,1390,1,9,-1,-1
201301QK50325,2,9,0,9,0,8,0,0,0,0,3,1,6,1,7,1595,1,4,5,1
201301QK50326,1,11,0,18,0,2,0,0,0,0,1,1,1,1,7,7300,2,9,1,1
201301QK50327,1,9,0,3,0,1,0,0,0,0,2,1,3,2,5,698,1,9,6,1
201301QK50327,2,8,0,18,0,1,0,0,0,0,1,1,1,1,7,2499,2,3,6,1
201301QK50328,1,9,0,2,0,0,0,4,0,0,1,1,6,1,7,2231,2,7,1,1
201301QK50328,2,19,0,2,0,0,0,4,0,0,1,1,6,1,-1,-1,-1,-1,-1,-1
201301QK50329,1,9,0,9,0,8,0,10,6,10,1,1,6,2,6,998,1,14,2,1
201301QK50329,2,9,0,18,0,8,0,0,0,0,1,1,6,2,6,1595,1,9,2,1
201301QK50330,1,9,0,18,0,8,0,0,0,0,4,1,6,1,5,1396,1,13,4,1
201301QK50330,2,9,0,9,0,8,0,0,0,0,1,1,6,1,7,1798,1,3,2,1
201301QK50331,1,9,0,5,0,7,0,0,0,0,1,1,6,2,6,1799,1,5,1,1
201301QK50332,1,9,0,9,0,8,0,0,0,0,1,1,6,1,6,1896,2,14,4,1
201301QK50332,2,9,0,18,0,8,0,0,0,0,1,1,6,2,6,-1,-1,-1,4,1
201301QK50333,1,11,0,3,0,0,0,0,0,0,0,1,1,1,7,9000,2,6,4,1
201301QK50334,1,11,0,5,0,2,0,0,0,0,0,1,1,1,7,7300,2,9,4,1
201301QK50336,1,5,0,14,0,1,0,0,0,0,4,1,6,3,-1,670,1,1,-1,-1
201301QK50337,1,9,0,2,0,0,0,0,0,0,2,1,6,1,6,1590,1,8,3,1
201301QK50337,2,19,0,18,0,0,0,4,0,0,1,1,6,2,-1,-1,-1,-1,-1,-1
201301QK50338,1,9,0,4,0,1,0,0,0,0,4,1,6,1,7,1388,1,15,5,1
201301QK50339,1,9,0,18,0,0,0,0,0,0,2,1,6,2,7,1497,8,8,3,1
201301QK50339,2,9,0,18,0,0,0,0,0,0,1,1,6,1,-1,-1,-1,-1,-1,-1
201301QK50341,1,3,0,13,0,1,0,0,0,0,1,1,2,1,7,125,1,9,1,1
201301QK50341,2,8,0,9,0,1,0,0,0,0,3,1,1,1,9,1797,8,1,1,1
201301QK50342,1,3,0,18,0,8,0,0,0,0,4,1,6,1,7,125,1,4,3,1
201301QK50342,2,9,0,9,0,8,0,0,0,0,1,1,6,1,10,1762,1,14,4,1
201301QK50343,1,3,0,3,0,0,0,0,0,0,4,1,6,1,6,-1,-1,-1,1,1
201301QK50343,2,9,0,5,0,0,0,0,0,0,3,1,6,2,-1,1796,1,11,-1,-1
201301QK50346,1,9,0,18,0,0,0,0,0,0,4,1,6,2,4,1364,1,8,4,1
201301QK50347,1,9,0,2,0,0,0,0,0,0,3,1,6,1,7,3222,2,9,-1,-1
201301QK50347,2,9,0,18,0,0,2,4,0,0,4,1,6,1,9,1968,2,7,4,1
201301QK50348,1,5,0,18,0,0,0,0,0,0,1,1,6,1,-1,659,1,5,-1,-1
201301QK50350,1,9,0,3,0,0,0,0,0,0,2,1,6,2,6,2685,2,8,6,1
201301QK50350,2,9,0,18,0,0,0,0,0,0,1,1,6,2,-1,1997,1,5,-1,-1
201301QK50351,1,9,0,9,0,2,0,0,0,0,3,1,3,2,7,1595,1,11,2,1
201301QK50351,2,8,0,18,0,1,1,0,0,0,1,1,1,1,4,1995,2,5,3,1
201301QK50352,1,5,0,18,0,0,0,0,0,0,1,1,6,1,8,749,1,9,2,1
201301QK50352,2,9,0,18,0,0,0,0,0,0,2,1,6,1,-1,-1,-1,-1,-1,-1
201301QK50353,1,9,0,18,0,1,0,0,0,0,1,1,6,2,6,1461,2,9,1,1
201301QK50353,2,3,0,4,0,1,0,0,0,0,2,1,6,1,6,125,1,1,2,1
201301QK50354,1,9,0,5,0,8,0,0,0,0,1,1,6,1,6,1390,1,9,5,1
201301QK50355,1,9,0,3,0,2,0,0,0,0,2,1,6,1,8,1995,2,9,2,1
201301QK50355,2,9,0,18,0,2,0,0,0,0,1,1,6,1,-1,1390,1,15,-1,-1
201301QK50356,1,9,0,3,0,1,0,0,0,0,2,1,6,2,5,1199,1,13,4,1
201301QK50356,2,9,0,18,0,1,1,0,0,0,1,1,6,1,-1,1598,1,11,-1,-1
201301QK50357,1,9,0,5,0,2,0,0,0,0,1,1,6,3,-1,-1,-1,-1,-1,-1
201301QK50358,1,9,0,18,0,1,0,0,0,0,4,1,6,2,7,2309,1,20,7,1
201301QK50358,2,9,0,9,0,1,0,0,0,0,1,1,6,2,5,1198,1,4,6,1
201301QK50359,1,4,0,18,0,8,0,0,0,0,1,1,6,1,6,-1,-1,-1,1,1
201301QK50359,2,9,0,9,0,5,0,0,0,0,4,1,6,1,9,1997,2,5,4,1
201301QK50360,1,9,0,18,0,0,0,0,0,0,1,1,6,1,6,1796,1,8,6,1
201301QK50360,2,9,0,18,0,0,0,0,0,0,2,1,6,1,7,1497,8,6,8,1
201301QK50360,3,9,0,18,0,0,0,0,0,0,2,1,6,1,8,1995,2,10,3,1
201301QK50361,1,9,0,3,0,1,0,0,0,0,2,1,6,1,4,1199,1,10,6,1
201301QK50361,2,4,0,18,0,1,0,0,0,0,2,1,6,1,5,749,1,6,10,1
201301QK50362,1,3,0,9,0,2,0,0,0,0,1,1,6,1,4,-1,-1,-1,1,1
201301QK50362,2,9,0,1,0,1,0,0,0,0,2,1,6,1,6,1349,1,7,3,1
201301QK50363,1,9,0,18,0,0,0,0,0,0,1,1,1,1,10,1229,1,2,3,1
201301QK50363,2,1,0,18,0,0,0,0,0,0,4,1,1,1,4,-1,-1,-1,6,1
201301QK50364,1,9,0,18,0,2,0,0,0,0,3,1,3,2,7,4619,1,10,3,1
201301QK50365,1,3,0,14,0,0,0,0,0,0,1,1,6,1,8,124,1,6,5,1
201301QK50366,1,9,0,18,0,2,0,0,0,0,1,1,6,2,7,1598,1,11,3,1
201301QK50367,1,9,0,18,0,0,0,4,0,0,1,1,6,1,8,1991,1,13,4,1
201301QK50367,2,9,0,2,0,0,0,0,1,0,2,1,6,1,8,1984,1,12,-1,-1
201301QK50367,3,9,0,2,0,0,0,0,0,0,2,1,6,3,-1,-1,-1,-1,-1,-1
201301QK50368,1,9,0,9,0,8,0,0,0,0,1,1,6,1,6,-1,-1,-1,3,1
201301QK50368,2,8,0,18,0,8,0,0,0,0,1,1,1,1,8,2402,2,11,-1,-1
201301QK50369,1,9,0,9,0,8,0,0,0,0,1,1,6,1,7,1905,2,15,4,1
201301QK50369,2,9,0,18,0,8,0,0,0,0,1,1,1,2,8,-1,-1,-1,-1,-1
201301QK50370,1,9,0,7,0,2,0,0,0,0,1,1,6,1,6,1199,1,10,3,1
201301QK50370,2,9,0,4,0,2,0,0,0,0,2,1,6,1,7,989,1,13,2,1
201301QK50371,1,1,0,18,0,0,0,0,0,0,2,1,6,1,3,-1,-1,-1,1,1
201301QK50371,2,9,0,18,0,0,0,0,0,0,1,1,6,3,-1,-1,-1,-1,-1,-1
201301QK50372,1,3,0,1,0,1,0,0,0,0,2,1,6,1,-1,124,1,3,-1,-1
201301QK50373,1,11,0,18,0,8,0,0,0,0,0,1,1,1,8,7300,2,10,3,1
201301QK50374,1,9,0,10,0,1,0,0,0,0,3,1,6,2,5,998,1,16,3,1
201301QK50374,2,90,0,14,0,1,0,0,0,0,1,1,6,1,4,-1,-1,-1,2,1
201301QK50375,1,9,0,3,0,1,0,0,0,0,4,1,6,1,9,2295,1,15,4,1
201301QK50376,1,11,0,3,0,2,0,0,0,0,0,1,1,1,8,4500,2,1,8,1
201301QK50378,1,1,0,18,0,1,0,8,0,0,1,1,6,1,6,-1,-1,-1,4,1
201301QK50378,2,9,0,2,0,1,0,0,0,0,3,1,6,1,-1,1794,1,9,-1,-1
201301QK50379,1,9,0,8,0,1,0,0,0,0,2,1,6,2,7,2231,2,7,10,1
201301QK50379,2,19,0,8,0,1,0,0,0,0,1,1,6,1,7,1870,2,9,5,1
201301QK50381,1,9,0,18,0,2,0,0,0,0,4,1,6,1,9,1796,1,6,5,3
201301QK50382,1,9,0,9,0,8,0,0,0,0,3,1,6,2,6,1998,1,14,4,1
201301QK50382,2,9,0,18,0,8,0,0,0,0,1,1,6,1,6,2231,2,6,4,1
201301QK50383,1,19,0,3,0,1,0,0,0,0,2,1,6,1,8,1896,2,9,5,1
201301QK50383,2,9,0,18,0,1,0,0,0,0,1,1,6,2,-1,1242,1,9,-1,-1
201301QK50384,1,9,0,3,0,2,0,0,0,0,2,1,6,1,6,1896,2,15,4,1
201301QK50384,2,9,0,18,0,2,0,0,0,0,1,1,6,1,-1,1390,1,10,-1,-1
201301QK50385,1,5,0,18,0,1,0,0,0,0,1,1,6,1,6,599,1,10,6,1
201301QK50385,2,9,0,4,0,1,0,0,0,0,2,1,2,1,7,1600,1,14,7,1
201301QK50386,1,9,0,18,0,1,0,0,0,0,2,1,6,2,7,1798,1,10,4,1
201301QK50386,2,9,0,18,0,1,0,0,0,0,1,1,6,3,-1,-1,-1,-1,-1,-1
201301QK50387,1,9,0,4,0,0,0,0,0,0,2,1,6,1,7,2171,2,11,2,1
201301QK50387,2,9,0,4,0,0,0,0,0,0,1,1,6,2,7,1598,1,12,5,1
201301QK50388,1,9,0,18,0,1,0,0,0,0,1,1,3,2,6,1999,1,6,1,1
201301QK50388,2,9,0,18,0,2,0,0,0,0,3,1,1,1,8,2435,1,6,4,1
201301QK50388,3,9,0,18,0,2,0,0,0,0,1,1,2,1,8,1997,2,3,-1,-1
201301QK50389,1,19,0,1,0,1,0,0,0,0,2,1,1,1,5,1998,2,11,1,1
201301QK50389,2,3,0,9,0,8,0,0,0,0,4,1,6,2,5,125,1,9,5,1
201301QK50390,1,9,0,1,0,5,0,0,0,0,2,1,6,1,10,1596,1,3,5,1
201301QK50392,1,9,0,5,0,8,0,0,0,0,3,1,3,1,10,1796,1,1,1,1
201301QK50392,2,19,0,17,0,8,0,0,0,0,4,1,1,1,7,1998,2,7,2,1
201301QK50393,1,21,0,18,2,1,0,0,0,0,1,1,1,1,8,5900,2,6,4,1
201301QK50393,2,9,0,13,2,1,1,0,0,0,4,1,6,2,6,2000,1,5,4,1
201301QK50394,1,9,0,18,0,1,0,0,0,0,3,1,3,2,7,1598,1,7,6,1
201301QK50394,2,9,0,18,0,2,0,0,0,0,3,1,3,1,10,3500,1,12,5,1
201301QK50395,1,9,0,2,0,0,0,0,0,0,2,1,6,1,7,3246,1,8,4,1
201301QK50395,2,9,0,18,0,0,0,10,7,0,1,1,6,1,-1,-1,-1,-1,-1,-1
201301QK50395,3,9,0,2,0,0,0,0,0,0,2,1,6,3,-1,998,1,15,-1,-1
201301QK50396,1,9,0,9,0,8,0,0,0,0,3,1,6,2,9,1595,1,16,7,1
201301QK50396,2,9,0,9,0,8,0,0,0,0,4,1,6,2,6,1995,2,1,4,1
201301QK50397,1,9,0,18,0,0,0,0,0,0,0,1,6,3,-1,1590,1,14,-1,-1
201301QK50398,1,8,0,10,0,1,0,0,0,0,2,1,1,1,8,1798,8,-1,4,1
201301QK50398,2,9,0,18,0,1,0,0,0,0,1,1,6,1,-1,-1,-1,-1,-1,-1
201301QK50399,1,9,0,7,0,1,0,0,0,0,4,1,2,1,7,-1,-1,-1,3,1
201301QK50399,2,11,0,18,2,1,0,0,0,0,1,1,1,1,7,-1,-1,-1,2,1
201301QK50400,1,8,0,3,0,0,0,0,0,0,2,1,6,1,6,2696,2,8,6,1
201301QK50400,2,8,0,18,0,0,0,0,0,0,1,1,6,2,6,998,1,12,6,1
201301QK50401,1,9,0,18,0,1,0,0,0,0,3,1,2,2,8,-1,-1,-1,2,1
201301QK50401,2,19,0,18,0,2,0,0,0,0,3,1,2,1,7,2800,2,12,6,1
201301QK50402,1,11,0,18,0,2,0,0,0,0,4,1,1,1,8,9360,2,2,3,1
201301QK50405,1,9,0,18,0,1,0,0,0,0,4,1,6,1,11,1343,1,10,3,1
201301QK50405,2,3,0,15,0,1,1,0,1,0,3,1,1,1,5,124,1,2,1,1
201301QK50406,1,1,0,18,0,1,0,0,0,0,3,1,6,1,5,-1,-1,-1,6,1
201301QK50406,2,9,0,7,0,1,0,0,0,0,4,1,6,1,5,-1,-1,-1,-1,-1
201301QK50407,1,11,0,18,0,2,0,0,0,0,0,1,1,1,7,9360,2,1,-1,-1
201301QK50408,1,1,0,9,0,5,0,0,0,0,3,1,6,1,-1,-1,-1,-1,3,1
201301QK50408,2,9,0,18,0,8,0,0,0,0,1,1,6,2,6,1388,1,10,3,1
201301QK50409,1,11,0,18,0,1,0,0,0,0,4,1,1,1,7,9360,2,1,-1,-1
201301QK50409,2,1,0,13,0,1,0,0,0,0,4,1,6,2,6,-1,-1,-1,4,1
201301QK50409,3,11,0,5,0,1,0,0,0,0,3,1,1,3,-1,-1,-1,-1,-1,-1
201301QK50410,1,9,0,1,0,8,0,0,0,0,2,1,6,1,6,1396,1,12,5,1
201301QK50410,2,9,0,18,0,8,0,0,0,0,1,1,6,1,-1,1597,1,16,-1,-1
201301QK50411,1,9,0,18,0,1,0,0,0,0,2,1,6,1,-1,2979,1,9,-1,-1
201301QK50411,2,9,0,18,0,1,0,0,0,0,1,1,6,1,6,1998,1,12,4,1
201301QK50412,1,9,0,4,0,0,0,0,0,0,3,1,6,1,-1,-1,-1,-1,3,1
201301QK50412,2,1,0,5,0,0,0,0,0,0,1,1,6,2,2,-1,-1,-1,3,1
201301QK50413,1,9,0,18,0,8,0,0,0,0,1,1,6,1,6,1598,1,12,3,1
201301QK50413,2,9,0,9,0,8,0,0,0,0,1,1,6,1,-1,1124,1,7,3,1
201301QK50414,1,8,0,2,0,0,0,0,0,0,3,1,1,1,8,1910,2,6,3,1
201301QK50414,2,11,0,18,0,0,0,4,0,0,4,1,1,1,9,7300,2,10,2,1
201301QK50415,1,9,0,9,0,6,0,0,0,0,1,1,6,1,8,1398,1,11,5,1
201301QK50415,2,5,0,5,0,6,0,0,0,0,3,1,6,1,6,1202,1,1,2,1
201301QK50417,1,9,0,5,0,8,0,0,0,0,4,1,6,1,5,1124,1,9,-1,-1
201301QK50417,2,9,0,5,0,8,0,0,0,0,1,1,6,2,7,1910,2,4,7,1
201301QK50418,1,11,0,9,0,8,0,0,0,0,4,1,1,1,8,4250,2,16,2,1
201301QK50418,2,1,0,18,0,8,0,0,0,0,3,1,2,2,5,-1,-1,-1,3,1
201301QK50419,1,9,0,5,0,8,0,0,0,0,1,1,6,2,8,1599,1,10,-1,-1
201301QK50419,2,9,0,9,0,8,0,0,0,0,4,1,6,2,7,2148,2,6,10,1
201301QK50420,1,9,0,7,0,5,0,0,0,0,4,1,1,1,8,1997,2,9,3,1
201301QK50420,2,1,0,15,0,8,0,0,0,0,1,1,2,1,8,-1,-1,-1,1,1
201301QK50421,1,19,0,4,0,0,0,0,0,0,2,1,1,1,6,1560,2,2,2,1
201301QK50421,2,9,0,4,0,0,0,0,0,0,1,1,1,1,8,1598,1,-1,2,1
201301QK50422,1,9,0,2,0,0,0,4,0,0,3,1,6,3,-1,1397,1,13,-1,-1