Accident_Index,Vehicle_Reference,Vehicle_Type,Towing_and_Articulation,Vehicle_Manoeuvre,Vehicle_Location-Restricted_Lane,Junction_Location,Skidding_and_Overturning,Hit_Object_in_Carriageway,Vehicle_Leaving_Carriageway,Hit_Object_off_Carriageway,1st_Point_of_Impact,Was_Vehicle_Left_Hand_Drive?,Journey_Purpose_of_Driver,Sex_of_Driver,Age_Band_of_Driver,Engine_Capacity_(CC),Propulsion_Code,Age_of_Vehicle,Driver_IMD_Decile,Driver_Home_Area_Type
201301QK50761,2,3,0,18,0,1,0,0,0,0,1,1,6,1,7,125,1,2,2,1
201301QK50762,1,9,0,5,0,1,0,0,0,0,3,1,2,1,5,1796,1,5,10,1
201301QK50762,2,9,0,14,0,1,0,0,0,0,1,1,6,1,9,1769,1,11,2,1
201301QK50763,1,19,0,2,0,0,0,0,0,0,3,1,1,1,8,2148,2,4,4,1
201301QK50763,2,1,0,14,0,0,0,8,0,0,1,1,6,1,7,-1,-1,-1,2,1
201301QK50764,1,9,0,3,0,1,0,0,0,0,2,1,6,1,6,1796,1,14,7,1
201301QK50764,2,8,0,4,0,1,0,0,0,0,1,1,6,1,8,1997,2,5,2,1
201301QK50765,1,5,0,18,0,0,0,0,0,0,1,1,2,1,8,790,1,10,4,1
201301QK50766,1,9,0,9,0,1,0,0,0,0,0,1,6,1,6,1590,1,11,3,1
201301QK50766,2,1,0,14,0,1,0,0,0,0,0,1,2,2,8,-1,-1,-1,6,1
201301QK50767,1,9,0,3,0,0,0,0,0,0,2,1,2,1,7,-1,-1,-1,5,1
201301QK50767,2,9,0,18,0,0,0,0,0,0,1,1,6,1,-1,1995,2,-1,7,1
201301QK50768,1,9,0,7,0,1,0,0,0,0,4,1,6,1,-1,1598,1,3,3,1
201301QK50769,1,1,0,18,0,8,0,0,0,0,1,1,2,1,6,-1,-1,-1,9,1
201301QK50769,2,19,0,9,0,8,0,0,0,0,1,1,6,1,-1,1598,2,-1,1,1
201301QK50770,1,3,0,9,0,8,0,0,0,0,0,1,6,1,6,125,1,-1,3,1
201301QK50770,2,9,0,18,0,8,0,0,0,0,0,1,6,1,8,3222,2,9,7,1
201301QK50771,1,9,0,4,0,1,0,0,0,0,1,1,6,1,5,-1,-1,-1,4,1
201301QK50771,2,1,0,18,0,1,0,0,0,0,4,1,6,1,1,-1,-1,-1,-1,-1
201301QK50772,1,1,0,15,4,1,0,8,0,0,1,1,2,1,8,-1,-1,-1,4,1
201301QK50772,2,19,0,3,0,1,0,0,0,0,4,1,6,1,-1,1870,2,7,4,1
201301QK50773,1,19,0,18,0,2,0,0,0,0,4,1,6,1,-1,-1,-1,-1,-1,-1
201301QK50774,1,19,0,18,0,0,0,0,0,0,4,1,1,1,7,1995,2,5,6,1
201301QK50775,1,9,0,18,0,8,0,0,0,0,3,1,2,1,9,1598,1,2,4,1
201301QK50775,2,9,0,9,0,8,0,0,0,0,4,1,2,2,6,1781,1,13,4,1
201301QK50776,1,9,0,14,0,0,0,0,0,0,4,1,6,1,7,1998,1,12,7,1
201301QK50777,1,9,0,18,0,0,0,0,0,0,4,1,6,2,7,1986,1,3,3,1
201301QK50777,2,11,0,12,0,0,0,0,0,0,3,1,1,1,-1,4500,2,2,-1,-1
201301QK50779,1,5,0,13,0,1,0,0,0,0,1,1,6,1,6,1584,1,6,4,1
201301QK50779,2,9,0,9,0,1,0,0,0,0,3,1,6,1,-1,-1,-1,-1,-1,-1
201301QK50780,1,2,0,18,0,8,0,0,0,0,3,1,6,1,4,49,1,-1,1,1
201301QK50780,2,9,0,9,0,8,0,0,0,0,1,1,6,3,-1,-1,-1,-1,-1,-1
201301QK50782,1,3,0,13,0,1,0,0,0,0,0,1,2,1,7,-1,-1,-1,2,1
201301QK50782,2,19,0,9,0,1,0,0,0,0,0,1,1,1,8,2198,2,-1,4,1
201301QK50783,1,4,0,9,0,6,0,0,0,0,1,1,6,1,-1,-1,-1,-1,-1,-1
201301QK50784,1,19,0,14,0,0,0,0,0,0,3,1,3,1,7,1896,2,6,4,1
201301QK50784,2,10,0,14,0,0,0,0,0,0,3,1,6,1,-1,-1,-1,-1,-1,-1
201301QK50785,1,9,0,9,0,1,0,0,0,0,3,1,6,2,7,1198,1,6,5,1
201301QK50785,2,9,0,18,0,1,0,0,0,0,1,1,6,1,-1,1990,1,17,-1,-1
201301QK50786,1,9,0,13,0,1,0,7,0,0,1,1,1,2,6,1390,1,9,5,1
201301QK50787,1,9,0,9,0,8,0,0,0,0,4,1,2,1,8,1995,2,-1,4,1
201301QK50787,2,1,0,18,0,8,0,0,0,0,1,1,2,1,7,-1,-1,-1,5,1
201301QK50788,1,9,0,4,0,2,0,0,0,0,1,1,6,2,6,1299,1,15,1,1
201301QK50789,1,9,0,14,0,2,0,0,0,0,1,1,6,1,6,1364,1,5,1,1
201301QK50791,1,8,0,5,0,2,0,0,0,0,1,1,1,1,9,-1,-1,-1,5,1
201301QK50792,1,8,0,9,0,0,0,0,0,0,3,1,6,1,6,1995,2,6,2,1
201301QK50792,2,3,0,13,0,0,0,0,0,0,4,1,6,1,4,-1,-1,-1,5,1
201301QK50793,1,5,0,13,0,8,0,0,0,0,1,1,2,1,6,-1,-1,-1,-1,-1
201301QK50793,2,9,0,9,0,6,0,0,0,0,3,1,6,1,-1,1968,2,7,-1,-1
201301QK50795,1,90,0,2,0,0,0,0,0,0,3,1,1,1,6,-1,-1,-1,5,1
201301QK50795,2,3,0,14,0,0,0,8,0,0,1,1,6,1,7,124,1,-1,1,1
201301QK50797,1,9,0,18,0,2,0,0,0,0,1,1,2,1,9,1988,1,13,5,1
201301QK50797,2,9,0,5,0,2,0,0,0,0,2,1,6,2,8,1910,2,3,5,1
201301QK50798,1,11,0,18,0,1,0,0,0,0,4,1,1,1,6,4500,2,1,-1,-1
201301QK50798,2,20,0,1,0,1,0,0,0,0,2,1,1,1,6,12900,2,6,4,1
201301QK50799,1,9,0,18,0,1,0,0,0,0,4,1,6,1,7,1896,2,7,4,1
201301QK50799,2,9,0,7,0,2,0,0,0,0,1,1,6,3,-1,-1,-1,-1,-1,-1
201301QK50800,1,3,0,13,0,1,0,0,0,0,0,1,6,1,6,125,1,-1,3,1
201301QK50800,2,9,0,9,0,1,0,0,0,0,0,1,6,1,9,3199,1,8,8,1
201301QK50801,1,3,0,3,0,8,0,0,0,0,2,1,1,1,5,124,1,3,1,1
201301QK50801,2,9,0,4,0,8,0,0,0,0,1,1,6,2,-1,1995,2,6,7,1
201301QK50802,1,9,0,18,0,0,0,0,0,0,1,1,6,3,-1,-1,-1,-1,-1,-1
201301QK50803,1,9,0,8,0,1,0,0,0,0,2,1,6,1,7,1596,1,-1,3,1
201301QK50803,2,9,0,7,0,1,0,0,0,0,1,1,6,3,-1,-1,-1,-1,-1,-1
201301QK50804,1,9,0,6,0,0,0,0,0,0,3,1,6,1,8,998,1,2,5,1
201301QK50804,2,9,0,13,0,0,0,0,0,0,1,1,6,1,5,2996,1,6,4,1
201301QK50805,1,19,0,18,0,1,0,0,0,0,1,1,1,1,7,2198,2,-1,5,1
201301QK50805,2,1,0,12,0,1,0,0,0,0,3,1,6,1,7,-1,-1,-1,5,1
201301QK50806,1,21,0,18,0,1,0,0,0,0,1,1,1,1,8,12902,2,-1,3,1
201301QK50806,2,9,0,4,0,1,0,0,0,0,2,1,2,1,9,1781,1,16,4,1
201301QK50807,1,8,0,18,0,0,0,0,0,0,4,1,2,1,6,1968,2,6,4,1
201301QK50807,2,9,0,12,0,0,0,0,0,0,3,1,6,3,-1,2231,2,2,-1,-1
201301QK50808,1,9,0,18,0,2,0,0,0,0,4,1,6,3,-1,-1,-1,-1,-1,-1
201301QK50809,1,21,1,18,0,0,0,0,0,0,3,2,1,1,7,-1,-1,-1,-1,-1
201301QK50809,2,9,0,11,0,0,5,10,1,5,4,1,6,1,7,1997,1,9,3,1
201301QK50810,1,3,0,18,0,1,0,0,0,0,0,1,6,1,5,100,1,12,1,1
201301QK50811,1,9,0,2,0,0,0,0,0,0,2,1,6,2,6,1998,1,10,4,1
201301QK50811,2,19,0,17,0,0,0,4,0,0,1,1,2,1,7,2287,2,6,10,2
201301QK50812,1,9,0,18,0,1,0,0,0,0,1,1,6,1,6,1596,1,11,4,1
201301QK50813,1,2,0,18,0,8,0,0,0,0,4,1,6,1,6,49,1,3,3,1
201301QK50813,2,9,0,18,0,8,0,0,0,0,1,1,1,1,8,1587,1,10,6,1
201301QK50816,1,9,0,3,0,1,0,0,0,0,2,1,6,1,7,2499,2,11,2,1
201301QK50816,2,9,0,18,0,1,0,0,0,0,1,1,6,1,-1,1984,1,11,4,1
201301QK50819,1,9,0,9,0,1,0,0,0,0,3,1,1,1,9,1968,2,6,-1,-1
201301QK50819,2,3,0,13,0,1,0,0,0,0,4,1,6,1,5,125,1,8,6,1
201301QK50820,1,9,0,14,0,0,0,0,0,0,1,1,6,2,6,1598,1,11,5,1
201301QK50821,1,9,0,4,0,7,0,0,0,0,2,1,6,1,7,1896,2,9,4,1
201301QK50821,2,19,0,5,0,7,0,0,0,0,1,1,6,1,-1,2198,2,-1,3,1
201301QK50821,3,9,0,4,0,7,0,0,0,0,2,1,6,1,-1,-1,-1,-1,6,1
201301QK50823,1,9,0,9,0,8,0,0,0,0,1,1,6,1,5,1242,1,12,5,1
201301QK50823,2,9,0,18,0,8,0,0,0,0,1,1,6,1,8,1896,2,6,4,1
201301QK50824,1,9,0,18,0,0,0,0,0,0,4,1,6,1,7,-1,-1,-1,9,1
201301QK50825,1,3,0,18,0,0,0,0,0,0,0,1,1,1,6,125,1,2,7,1
201301QK50825,2,9,0,6,0,0,0,0,0,0,0,1,6,1,9,2204,2,6,6,1
201301QK50826,1,9,0,7,0,2,0,0,0,0,1,1,6,1,7,2204,2,9,3,1
201301QK50826,2,9,0,18,0,1,0,0,0,0,1,1,6,1,8,1397,1,11,5,1
201301QK50827,1,9,0,18,0,0,0,0,0,0,3,1,6,1,6,998,1,12,4,1
201301QK50829,1,1,0,18,0,1,0,0,0,0,1,1,6,2,6,-1,-1,-1,3,1
201301QK50829,2,9,0,18,0,1,0,0,0,0,3,1,6,2,-1,1086,1,3,-1,-1
201301QK50831,1,4,0,4,0,8,1,0,0,0,0,1,6,1,6,125,1,9,4,1
201301QK50831,2,19,0,9,0,8,0,0,0,0,0,1,1,1,5,2148,2,5,6,1
201301QK50833,1,9,0,3,0,1,0,0,0,0,2,1,6,2,7,1598,1,9,10,1
201301QK50833,2,9,0,5,0,1,0,0,0,0,1,1,6,3,-1,1910,2,7,-1,-1
201301QK50834,1,9,0,9,0,1,0,0,0,0,3,1,6,1,8,998,1,11,10,1
201301QK50834,2,3,0,18,0,1,0,0,0,0,1,1,6,1,8,124,1,10,3,1
201301QK50835,1,9,0,18,0,0,0,0,0,0,1,1,6,1,11,1596,1,2,1,1
201301QK50836,1,9,0,5,0,8,0,0,0,0,0,1,6,1,6,1997,1,9,-1,-1
201301QK50836,2,3,0,18,0,8,0,0,0,0,4,1,6,1,-1,-1,-1,-1,1,1
201301QK50838,1,3,0,18,0,0,0,0,0,0,1,1,6,1,-1,-1,-1,-1,-1,-1
201301QK50842,1,9,0,5,0,7,0,0,0,0,3,1,2,2,6,1587,1,12,1,1
201301QK50842,2,5,0,5,0,7,0,0,0,0,4,1,2,1,7,998,1,30,10,2
201301QK50843,1,9,0,7,0,1,0,0,0,0,4,1,6,3,-1,-1,-1,-1,-1,-1
201301QK59003,1,9,0,6,0,1,0,0,0,0,3,1,2,2,7,2179,2,7,4,1
201301QK59003,2,2,0,18,0,1,1,0,0,0,1,1,2,1,5,125,1,2,4,1
201301QK59015,1,21,0,18,0,1,0,0,0,0,1,1,1,1,7,6692,2,1,9,2
201301QK59015,2,19,0,7,0,1,0,4,1,10,2,1,1,1,8,2461,2,8,3,1
201301QK59015,3,9,0,2,0,1,0,0,0,0,1,1,6,3,-1,1896,2,7,-1,-1
201301QK59018,1,9,0,18,0,0,0,0,0,0,4,1,6,1,6,1390,1,7,-1,-1
201301QK59018,2,9,0,12,0,0,0,0,0,0,3,1,6,3,-1,1968,2,8,-1,-1
201301QK59019,1,9,0,18,0,0,0,0,0,0,3,1,6,1,5,1598,1,10,8,3
201301QK59019,2,19,0,5,0,0,0,0,0,0,4,1,6,1,6,2299,2,-1,1,1
201301QK59041,1,9,0,18,0,2,0,0,0,0,1,1,6,2,7,1329,1,3,5,1
201301QK59042,1,19,0,18,0,1,0,0,0,0,3,1,6,1,6,2148,2,9,3,1
201301QK59042,2,9,0,6,0,2,0,0,0,0,3,1,6,1,4,1461,2,2,2,1
201301QK59043,1,3,0,5,0,1,0,0,0,0,4,1,1,1,4,125,1,7,3,1
201301QK59045,1,4,0,18,0,8,0,0,0,0,1,1,6,1,8,919,1,14,3,1
201301QK59045,2,9,0,9,0,8,0,0,0,0,4,1,6,1,-1,-1,-1,-1,-1,-1
201301QK59051,1,9,0,9,0,8,0,0,0,0,1,1,6,1,10,1796,1,16,2,1
201301QK59051,2,5,0,18,0,8,0,0,0,0,1,1,6,1,6,599,1,12,4,1
201301QK59054,1,9,0,9,0,8,0,0,0,0,1,1,6,2,7,1461,2,-1,4,1
201301QK59054,2,1,0,15,0,8,0,0,0,0,1,1,6,1,4,-1,-1,-1,4,1
201301QK59056,1,8,0,7,0,3,0,0,0,0,4,1,1,1,-1,-1,-1,-1,-1,-1
201301QK59064,1,9,0,1,0,0,0,0,0,0,2,1,6,1,9,1587,1,18,2,1
201301QK59064,2,9,0,18,0,0,0,0,0,0,1,1,6,2,-1,1598,1,5,4,1
201301QK59070,1,9,0,2,0,0,0,0,0,0,3,1,6,2,7,1998,1,12,1,1
201301QK59070,2,1,0,18,0,0,0,0,0,0,1,1,6,1,7,-1,-1,-1,4,1
201301QK59081,1,9,0,18,0,0,0,0,0,0,3,1,6,1,5,1995,1,11,-1,-1
201301QK59081,2,9,0,18,0,0,0,0,0,0,3,1,6,3,-1,2720,2,7,-1,-1
201301QK59086,1,9,0,9,0,6,0,0,0,0,0,1,6,2,8,1998,1,12,6,1
201301QK59086,2,3,0,4,0,8,0,0,0,0,0,1,6,1,7,-1,-1,-1,6,1
201301QK59102,1,9,0,5,0,8,0,0,0,0,0,1,6,1,8,1999,1,8,4,1
201301QK59102,2,2,0,18,0,8,0,0,0,0,3,1,4,1,4,49,1,2,6,1
201301QK59112,1,9,0,9,0,1,0,0,0,0,4,1,6,1,7,1598,1,12,1,1
201301QK59112,2,5,0,18,0,1,0,0,0,0,1,1,6,1,7,599,1,2,6,1
201301QK59119,1,1,0,18,0,1,0,0,0,0,3,1,2,2,8,-1,-1,-1,6,1
201301QK59119,2,9,0,18,0,1,0,0,0,0,1,1,6,1,-1,1598,1,4,-1,-1
201301QK59132,1,8,0,18,0,1,0,0,0,0,1,1,1,1,-1,-1,-1,-1,-1,-1
201301QK59132,2,9,0,18,0,1,0,0,0,0,2,1,6,3,-1,-1,-1,-1,-1,-1
201301QK59138,1,2,0,12,0,8,0,0,0,0,3,1,6,1,-1,49,1,5,-1,-1
201301QK59138,2,9,0,18,0,8,0,0,0,0,4,1,6,1,-1,1794,1,12,-1,-1
201301QK59138,3,19,0,8,0,1,0,0,0,0,3,1,6,1,-1,2461,2,3,-1,-1
201301QK59144,1,9,0,18,0,0,0,0,0,0,1,1,6,1,8,1968,2,4,3,1
201301QK59168,1,9,0,8,0,1,0,0,0,0,2,1,6,2,9,1998,1,9,4,1
201301QK59168,2,9,0,5,0,1,0,0,0,0,1,1,6,1,5,-1,-1,-1,3,1
201301QK59194,1,9,0,9,0,8,0,0,0,0,3,1,6,2,-1,973,1,11,-1,-1
201301QK59194,2,9,0,18,0,8,0,0,0,0,4,1,6,1,-1,1390,1,8,-1,-1
201301QK59223,1,11,0,18,0,0,0,0,0,0,0,1,1,1,-1,-1,-1,-1,-1,-1
201301RG40002,1,9,0,4,0,1,0,0,0,0,1,1,6,2,6,1248,2,6,3,1
201301RG40002,2,9,0,4,0,1,0,0,0,0,2,1,6,1,6,1596,1,4,2,1
201301RG40003,1,9,0,3,0,8,0,0,0,0,3,1,6,1,6,1910,2,9,3,1
201301RG40003,2,9,0,9,0,8,0,0,0,0,4,1,6,1,8,1396,1,16,7,1
201301RG40003,3,9,0,18,0,8,0,7,0,0,1,1,6,1,7,1984,1,7,3,1
201301RG40004,1,9,0,18,0,8,0,0,0,0,4,1,6,1,7,1986,2,6,2,1
201301RG40004,2,9,0,7,0,8,0,0,0,0,1,1,6,1,7,1956,2,2,-1,1
201301RG40005,1,9,0,6,0,1,0,0,0,0,1,1,6,1,-1,1598,1,8,-1,-1
201301RG40006,1,9,0,18,0,1,0,0,0,0,1,1,6,1,6,1119,1,18,3,1
201301RG40010,1,3,0,18,0,2,0,0,0,0,1,1,6,1,5,124,1,12,3,1
201301RG40011,1,9,0,9,0,8,0,0,0,0,4,1,6,1,11,1781,1,17,-1,-1
201301RG40011,2,1,0,18,0,8,0,0,0,0,1,1,6,1,6,-1,-1,-1,-1,-1
201301RG40014,1,1,0,18,0,2,0,0,0,0,2,1,6,1,4,-1,-1,-1,1,1
201301RG40014,2,11,0,13,0,2,0,0,0,0,1,1,1,3,-1,-1,-1,-1,-1,-1
201301RG40015,1,9,0,5,0,8,0,0,0,0,1,1,6,1,10,1598,1,16,3,1
201301RG40017,1,9,0,4,0,0,0,0,0,0,2,1,6,2,5,1398,2,4,4,1
201301RG40017,2,9,0,4,0,0,0,0,0,0,1,1,6,1,5,1299,1,19,7,1
201301RG40027,1,9,0,18,0,0,0,10,1,2,1,1,6,1,5,1198,1,9,1,1
201301RG40028,1,9,0,18,0,8,0,0,0,0,1,1,6,1,9,2497,2,11,4,1
201301RG40029,1,9,0,18,0,2,0,0,0,0,2,1,6,1,8,1796,1,8,2,1
201301RG40029,2,9,0,18,0,2,0,0,0,0,1,1,6,1,9,1590,1,12,1,1
201301RG40030,1,9,0,9,0,8,0,0,0,0,3,1,6,1,8,1598,1,11,-1,-1
201301RG40030,2,5,0,13,0,8,0,0,0,0,4,1,6,1,7,-1,-1,-1,3,1
201301RG40031,1,9,0,3,0,1,0,0,0,0,2,1,6,1,8,1796,1,7,7,1
201301RG40031,2,11,0,18,0,1,0,0,0,0,1,1,1,1,9,-1,-1,-1,2,1
201301RG40032,1,5,0,18,0,0,0,0,0,0,3,1,6,1,7,659,1,6,-1,-1
201301RG40032,2,9,0,11,0,0,0,0,0,0,4,1,6,1,4,1198,1,2,-1,-1
201301RG40034,1,8,0,5,0,2,0,0,0,0,0,1,1,1,-1,-1,-1,-1,-1,-1
201301RG40035,1,1,0,17,0,8,0,0,0,0,1,1,6,1,4,-1,-1,-1,1,1
201301RG40035,2,9,0,18,0,8,0,0,0,0,3,1,6,2,6,1896,2,8,5,1
201301RG40036,1,9,0,2,0,0,0,0,0,0,3,1,6,1,-1,2902,2,9,4,1
201301RG40036,2,1,0,18,0,0,0,8,0,0,1,1,6,1,5,-1,-1,-1,2,1
201301RG40037,1,3,0,18,0,8,0,0,0,0,2,1,6,1,6,108,1,5,1,1
201301RG40037,2,9,0,3,0,8,0,0,0,0,1,1,6,1,6,2494,1,14,2,1
201301RG40038,1,9,0,4,0,0,0,0,0,0,2,1,6,2,6,1242,1,9,5,1
201301RG40038,2,9,0,4,0,0,0,0,0,0,1,1,6,1,9,1560,2,4,2,1
201301RG40039,1,9,0,18,0,8,0,0,0,0,1,1,6,3,-1,3246,1,10,-1,-1
201301RG40041,1,1,0,14,0,0,0,0,0,0,3,1,6,1,9,-1,-1,-1,5,1
201301RG40041,2,9,0,18,0,0,0,0,0,0,4,1,6,1,10,1396,1,14,3,1
201301RG40042,1,9,0,11,0,0,0,0,0,0,0,1,6,1,5,1299,1,8,4,1
201301RG40042,2,5,0,18,0,0,0,0,0,0,0,1,6,1,7,649,1,4,10,1
201301RG40044,1,3,0,18,0,0,0,0,0,0,3,1,6,1,4,125,1,9,3,1
201301RG40044,2,9,0,11,0,0,0,0,0,0,4,1,6,1,8,1598,1,12,7,1
201301RG40045,1,9,0,5,0,8,0,0,0,0,4,1,6,2,8,-1,-1,-1,9,1
201301RG40045,2,9,0,15,0,8,0,0,0,0,3,1,6,1,7,1560,2,2,2,1
201301RG40046,1,9,0,18,0,8,0,0,0,0,1,1,6,1,10,2295,1,13,5,1
201301RG40047,1,9,0,9,0,8,0,0,0,0,1,1,6,3,-1,-1,-1,-1,-1,-1
201301RG40047,2,9,0,9,0,8,0,0,0,0,1,1,6,1,8,-1,-1,-1,2,1
201301RG40048,1,3,0,18,0,8,0,0,0,0,1,1,6,1,6,125,1,1,-1,-1
201301RG40049,1,9,0,17,0,1,0,0,0,0,1,1,6,1,-1,-1,-1,-1,-1,-1
201301RG40050,1,9,0,3,0,8,0,0,0,0,2,1,6,2,6,1364,1,4,5,1
201301RG40050,2,9,0,18,0,8,0,0,0,0,1,1,6,1,7,1968,2,7,2,1
201301RG40051,1,9,0,1,0,8,0,0,0,0,4,1,6,3,-1,-1,-1,-1,-1,-1
201301RG40053,1,1,0,18,0,1,0,0,0,0,1,1,6,1,6,-1,-1,-1,5,1
201301RG40053,2,9,0,3,0,1,0,0,0,0,2,1,6,1,-1,1390,1,12,2,1
201301RG40054,1,9,0,4,0,1,0,0,0,0,0,1,6,2,6,1598,1,7,2,1
201301RG40055,1,4,0,9,0,8,0,0,0,0,1,1,6,1,7,249,1,2,8,3
201301RG40055,2,9,0,18,0,8,0,0,0,0,3,2,6,1,8,-1,-1,-1,7,1
201301RG40056,1,11,0,18,0,8,0,0,0,0,0,1,1,1,7,3900,2,9,1,1
201301RG40057,1,3,0,18,0,8,0,0,0,0,2,1,6,1,5,124,1,13,1,1
201301RG40057,2,9,0,18,0,8,0,0,0,0,1,1,6,1,8,1598,2,1,3,1
201301RG40058,1,9,0,2,0,0,0,0,0,0,4,1,6,2,8,998,1,6,2,1
201301RG40060,1,19,0,18,0,1,0,0,0,0,1,1,6,1,6,1995,2,3,1,1
201301RG40060,2,9,0,3,0,1,0,0,0,0,2,1,6,1,6,1396,1,14,8,1
201301RG40061,1,5,0,18,0,0,0,0,0,0,4,1,6,1,7,599,1,6,2,1
201301RG40061,2,9,0,12,0,0,0,0,0,0,3,1,6,3,-1,-1,-1,-1,-1,-1
201301RG40062,1,11,0,18,0,0,0,0,0,0,0,1,1,1,7,9000,2,4,3,1
201301RG40064,1,9,0,7,0,8,0,0,0,0,1,1,6,2,6,1397,1,4,8,1
201301RG40064,2,9,0,18,0,8,0,0,0,0,1,1,6,1,8,1598,1,7,4,1
201301RG40065,1,9,0,15,0,0,0,0,2,7,3,1,6,1,5,1598,1,5,4,1
201301RG40065,2,21,1,18,0,0,0,0,0,0,4,1,1,1,6,-1,-1,-1,2,1
201301RG40066,1,19,0,9,0,8,0,0,0,0,3,1,6,3,-1,-1,-1,-1,-1,-1
201301RG40066,2,3,0,18,0,8,0,0,0,0,1,1,6,2,6,100,1,9,7,1
201301RG40067,1,9,0,18,0,8,0,10,7,2,1,1,6,1,6,2993,2,9,3,1
201301RG40067,2,9,0,9,0,8,0,0,0,0,3,1,6,2,6,1968,2,6,-1,-1
201301RG40068,1,9,0,2,0,8,0,0,0,0,3,1,6,3,-1,-1,-1,-1,-1,-1
201301RG40068,2,1,0,7,0,8,0,0,0,0,4,1,6,2,5,-1,-1,-1,4,1
201301RG40069,1,9,0,9,0,8,0,0,0,0,4,1,6,2,4,1242,1,7,5,1
201301RG40069,2,9,0,18,0,8,0,0,0,0,1,1,6,1,5,1149,1,9,-1,-1
201301RG40070,1,19,0,3,0,0,0,0,0,0,2,1,6,1,6,2143,2,2,7,1
201301RG40070,2,9,0,18,0,0,0,0,0,0,1,1,6,1,7,1598,1,3,5,1
201301RG40071,1,3,0,18,0,8,0,0,0,0,4,1,6,1,4,124,1,1,5,1
201301RG40071,2,9,0,9,0,8,0,0,0,0,1,1,6,1,6,-1,-1,-1,1,1
201301RG40072,1,19,0,9,0,8,0,0,0,0,3,1,6,1,9,-1,-1,-1,5,1
201301RG40072,2,19,0,17,0,8,0,0,0,0,1,1,6,1,-1,1461,2,5,2,1
201301RG40074,1,3,0,7,0,8,0,0,0,0,0,1,6,1,8,125,1,1,3,1
201301RG40076,1,9,0,11,0,0,0,0,0,0,4,1,6,3,-1,-1,-1,-1,-1,-1
201301RG40076,2,3,0,18,0,0,0,0,0,0,3,1,6,1,8,124,1,28,5,1
201301RG40077,1,9,0,9,0,8,0,0,0,0,2,1,6,2,10,1598,1,8,5,1
201301RG40077,2,9,0,17,0,8,0,0,0,0,1,1,6,2,6,1995,1,8,8,1
201301RG40078,1,9,0,3,0,8,0,0,0,0,2,1,6,1,5,1988,1,11,1,1
201301RG40078,2,9,0,3,0,8,0,0,0,0,2,1,6,2,6,4799,1,6,2,1
201301RG40078,3,9,0,3,0,8,0,0,0,0,2,1,6,2,7,1999,1,9,4,1
201301RG40078,4,9,0,18,0,8,0,0,0,0,1,1,6,2,5,1388,1,7,10,1
201301RG40079,1,9,0,12,0,0,0,0,0,0,3,1,6,1,7,1796,1,9,5,1
201301RG40079,2,5,0,13,0,0,0,0,0,0,1,1,6,1,7,999,1,2,7,3
201301RG40080,1,9,0,4,0,1,0,0,0,0,1,1,6,2,5,1242,1,4,9,1
201301RG40080,2,9,0,4,0,1,0,0,0,0,2,1,6,1,-1,1910,2,6,9,1
201301RG40082,1,2,0,5,0,8,0,10,1,10,3,1,6,1,6,-1,-1,-1,2,1
201301RG40082,2,21,1,7,0,8,0,0,0,0,4,1,1,1,9,6370,2,3,9,1
201301RG40083,1,5,0,18,0,0,0,8,0,0,3,1,6,1,7,599,1,4,7,1
201301RG40083,2,9,0,3,0,0,0,0,0,0,3,1,6,2,8,-1,-1,-1,4,1
201301RG40083,3,9,0,3,0,0,0,0,0,0,4,1,6,2,7,1679,1,14,2,1
201301RG40083,4,9,0,3,0,0,0,0,0,0,4,1,6,1,5,1364,1,6,9,1
201301RG40084,1,3,0,18,0,8,0,0,0,0,0,1,6,1,4,125,1,7,5,1
201301RG40084,2,9,0,9,0,8,0,0,0,0,0,1,6,1,8,2696,2,7,2,1
201301RG40085,1,1,0,18,0,8,0,0,0,0,1,1,6,1,6,-1,-1,-1,7,2
201301RG40085,2,9,0,7,0,8,0,0,0,0,4,1,6,3,-1,-1,-1,-1,-1,-1
201301RG40086,1,9,0,18,0,8,0,0,0,0,1,1,6,2,8,1229,1,5,5,1
201301RG40086,2,2,0,9,0,8,0,0,0,0,2,1,6,1,7,649,1,11,8,1
201301RG40087,1,11,0,5,0,0,0,0,0,0,3,1,1,3,-1,-1,-1,-1,-1,-1
201301RG40088,1,9,0,12,0,0,0,0,0,0,3,1,6,1,6,2993,2,1,8,1
201301RG40088,2,3,0,18,0,0,0,0,0,0,1,1,6,1,5,-1,-1,-1,2,1
201301RG40090,1,3,0,18,0,0,0,0,0,0,0,1,6,1,9,1462,1,7,9,1
201301RG40090,2,9,0,5,0,0,0,0,0,0,0,1,6,3,-1,-1,-1,-1,-1,-1
201301RG40092,1,21,1,7,0,8,0,0,0,0,4,1,1,1,-1,12882,2,3,3,1
201301RG40092,2,9,0,18,0,8,0,0,0,0,3,1,6,1,-1,1587,1,12,-1,-1
201301RG40094,1,9,0,12,0,0,0,0,0,0,3,1,6,2,5,1124,1,15,2,1
201301RG40094,2,3,0,13,0,0,0,0,0,0,4,1,6,1,6,124,1,2,9,1
201301RG40095,1,9,0,18,0,8,0,0,0,0,1,1,6,2,7,1328,1,8,6,1
201301RG40097,1,9,0,9,0,0,0,0,0,0,4,1,6,2,5,1149,1,7,10,3
201301RG40097,2,1,0,15,4,0,0,0,0,0,1,1,6,1,6,-1,-1,-1,9,1
201301RG40098,1,9,0,18,0,8,0,0,0,0,1,1,6,2,6,-1,-1,-1,1,1
201301RG40099,1,9,0,3,0,1,0,0,0,0,2,1,6,2,8,1389,1,8,5,1
201301RG40099,2,9,0,3,0,1,0,0,0,0,2,1,6,1,8,2199,2,1,5,1
201301RG40099,3,9,0,4,0,1,0,0,0,0,2,1,6,1,6,-1,-1,-1,3,1
201301RG40099,4,9,0,18,0,1,0,0,0,0,1,1,6,1,7,1297,1,28,8,1