Accident_Index,Vehicle_Reference,Vehicle_Type,Towing_and_Articulation,Vehicle_Manoeuvre,Vehicle_Location-Restricted_Lane,Junction_Location,Skidding_and_Overturning,Hit_Object_in_Carriageway,Vehicle_Leaving_Carriageway,Hit_Object_off_Carriageway,1st_Point_of_Impact,Was_Vehicle_Left_Hand_Drive?,Journey_Purpose_of_Driver,Sex_of_Driver,Age_Band_of_Driver,Engine_Capacity_(CC),Propulsion_Code,Age_of_Vehicle,Driver_IMD_Decile,Driver_Home_Area_Type
201301RG40101,1,9,0,18,0,0,0,0,0,0,1,1,6,2,5,1497,1,7,5,1
201301RG40101,2,9,0,3,0,0,0,0,0,0,2,1,6,1,6,2926,2,10,2,1
201301RG40103,1,19,0,3,0,8,0,0,0,0,2,1,6,1,8,2198,2,6,6,1
201301RG40103,2,9,0,18,0,8,0,0,0,0,1,1,6,2,6,1796,1,10,4,1
201301RG40104,1,9,0,18,0,0,0,4,0,0,1,1,6,2,7,1998,1,11,5,1
201301RG40104,2,9,0,2,9,0,0,0,0,0,1,1,6,1,9,1995,2,3,7,1
201301RG40104,3,9,0,2,9,0,0,0,0,0,1,1,6,1,-1,3059,2,17,7,1
201301RG40104,4,9,0,2,0,0,0,0,0,0,1,1,6,1,-1,3059,2,17,8,1
201301RG40105,1,9,0,14,0,1,0,0,0,0,1,1,6,1,6,1360,1,7,2,1
201301RG40106,1,9,0,18,0,8,0,0,0,0,1,1,6,2,8,2429,1,7,3,1
201301RG40106,2,19,0,18,0,8,0,0,0,0,2,1,6,1,7,2463,2,8,2,1
201301RG40107,1,9,0,5,0,8,0,0,0,0,1,1,6,1,8,1796,1,5,7,1
201301RG40107,2,1,0,3,0,8,0,0,0,0,2,1,6,1,-1,-1,-1,-1,-1,-1
201301RG40108,1,5,0,18,0,0,0,0,0,0,1,1,6,1,6,929,1,12,3,1
201301RG40108,2,9,0,3,0,0,0,0,0,0,2,1,6,1,5,998,1,11,4,1
201301RG40109,1,9,0,9,0,8,0,0,0,0,1,1,6,2,9,1989,1,13,2,1
201301RG40109,2,9,0,18,0,8,0,0,0,0,3,1,6,2,6,998,1,12,3,1
201301RG40110,1,9,0,1,0,2,0,0,0,0,2,1,6,1,10,1598,1,9,4,1
201301RG40111,1,9,0,9,0,8,0,0,0,0,1,1,6,1,9,1796,1,9,6,1
201301RG40111,2,1,0,18,0,8,0,0,0,0,1,1,6,1,7,-1,-1,-1,8,1
201301RG40113,1,9,0,18,0,0,0,10,5,6,1,1,6,1,7,1900,2,14,8,1
201301RG40113,2,9,0,18,0,0,0,0,0,0,2,1,6,1,5,1299,1,16,5,1
201301RG40114,1,11,0,18,0,8,0,0,0,0,0,1,1,1,9,4500,2,2,2,1
201301RG40115,1,11,0,18,0,8,0,0,0,0,0,1,1,1,6,7300,2,12,3,1
201301RG40116,1,9,0,9,0,8,0,0,0,0,4,1,6,2,6,-1,-1,-1,-1,-1
201301RG40116,2,1,0,18,0,8,0,0,0,0,4,1,6,1,5,-1,-1,-1,5,1
201301RG40120,1,9,0,7,0,8,0,0,0,0,4,1,6,3,-1,-1,-1,-1,-1,-1
201301RG40120,2,1,0,18,0,8,0,0,0,0,1,1,6,1,7,-1,-1,-1,5,1
201301RG40121,1,9,0,18,0,1,0,0,0,0,4,1,6,1,6,1124,1,14,8,1
201301RG40122,1,9,0,18,0,8,0,0,0,0,1,1,6,3,-1,1968,2,2,-1,-1
201301RG40123,1,9,0,1,0,8,0,0,0,0,2,1,6,1,8,2198,1,12,8,1
201301RG40124,1,11,0,5,0,8,0,0,0,0,0,1,6,1,8,9360,2,2,10,1
201301RG40125,1,9,0,18,0,0,0,0,0,0,2,1,6,1,-1,-1,-1,-1,3,1
201301RG40125,2,19,0,18,0,0,0,0,0,0,1,1,6,1,7,-1,-1,-1,10,1
201301RG40125,3,19,0,18,0,0,0,0,0,0,1,1,6,1,6,1868,2,11,5,1
201301RG40125,4,19,0,18,0,0,0,0,0,0,1,1,6,1,8,1995,2,3,7,3
201301RG40127,1,9,0,18,0,0,0,0,0,0,1,1,6,2,8,1240,1,10,10,1
201301RG40127,2,90,0,18,0,0,0,0,0,0,1,1,6,1,3,-1,-1,-1,8,1
201301RG40128,1,19,0,5,0,1,0,0,0,0,1,1,6,1,5,-1,-1,-1,3,1
201301RG40128,2,9,0,3,0,1,0,0,0,0,2,1,6,2,4,1198,1,7,3,1
201301RG40128,3,19,0,3,0,1,0,0,0,0,2,1,6,1,8,1968,2,-1,7,1
201301RG40129,1,9,0,4,0,1,0,0,0,0,2,1,6,1,7,1360,1,15,2,1
201301RG40129,2,9,0,18,0,1,0,0,0,0,1,1,6,2,5,1582,2,3,2,1
201301RG40130,1,9,0,3,0,1,0,0,0,0,2,1,6,1,5,-1,-1,-1,3,1
201301RG40130,2,9,0,18,0,1,0,0,0,0,1,1,6,2,8,1998,2,9,7,3
201301RG40132,1,9,0,18,0,0,0,0,0,0,1,1,6,2,7,1242,1,14,-1,-1
201301RG40134,1,9,0,9,0,2,0,10,1,0,1,1,6,1,-1,-1,-1,-1,-1,-1
201301RG40135,1,9,0,3,0,1,0,0,0,0,2,1,6,1,7,-1,-1,-1,9,1
201301RG40135,2,8,0,18,0,1,0,0,0,0,1,1,6,1,7,2402,2,10,-1,-1
201301RG40136,1,9,0,18,0,0,0,0,0,0,1,1,6,2,7,-1,-1,-1,5,1
201301RG40137,1,9,0,5,8,8,0,10,0,0,4,1,6,1,5,1360,1,14,5,1
201301RG40137,2,9,0,18,0,8,0,0,0,0,1,1,6,1,-1,1896,2,10,2,1
201301RG40138,1,19,0,18,0,0,0,0,0,0,1,1,6,1,4,1248,2,6,3,1
201301RG40138,2,3,0,18,0,0,0,0,0,0,2,1,6,1,8,85,1,17,9,1
201301RG40138,3,9,0,18,0,0,0,0,0,0,2,1,6,1,7,1598,1,11,1,1
201301RG40139,1,9,0,18,0,8,0,0,0,0,3,1,6,1,7,1596,1,18,2,1
201301RG40139,2,9,0,9,0,8,0,0,0,0,4,1,6,2,6,1149,1,10,3,1
201301RG40141,1,8,0,18,0,0,0,0,0,0,1,1,1,1,8,-1,-1,-1,2,1
201301RG40141,2,19,0,18,0,0,0,0,0,0,1,1,6,1,-1,-1,-1,-1,-1,-1
201301RG40142,1,9,0,5,0,8,0,0,0,0,3,1,6,1,9,1794,1,12,1,1
201301RG40143,1,9,0,4,0,1,0,0,0,0,2,1,1,1,7,1896,2,6,5,1
201301RG40143,2,9,0,18,0,1,0,0,0,0,1,1,2,2,8,-1,-1,-1,1,1
201301RG40144,1,11,0,18,0,0,0,0,0,0,0,1,1,1,8,6700,2,2,-1,-1
201301RG40145,1,9,0,9,0,8,0,0,0,0,3,1,6,1,9,-1,-1,-1,3,1
201301RG40145,2,2,0,18,0,8,0,0,0,0,1,1,6,1,7,72,1,13,3,1
201301RG40146,1,9,0,9,0,8,0,0,0,0,1,1,6,1,8,1896,2,7,-1,-1
201301RG40147,1,21,0,11,0,1,0,0,0,0,4,1,6,1,8,-1,-1,-1,1,1
201301RG40147,2,5,0,18,0,1,0,0,0,0,3,1,6,1,6,-1,-1,-1,5,1
201301RG40149,1,9,0,9,0,8,0,0,0,0,3,1,6,1,-1,1686,2,-1,-1,-1
201301RG40149,2,9,0,13,0,8,0,0,0,0,4,1,6,3,-1,-1,-1,-1,-1,-1
201301RG40150,1,9,0,7,0,8,0,0,0,0,4,1,6,2,-1,1197,1,-1,-1,-1
201301RG40150,2,1,0,18,0,8,0,0,0,0,1,1,6,1,5,-1,-1,-1,2,1
201301RG40151,1,9,0,17,0,8,0,0,0,0,1,1,1,2,8,1560,2,2,7,1
201301RG40151,2,3,0,17,0,8,0,0,0,0,2,1,6,1,7,125,1,1,2,1
201301RG40152,1,9,0,18,0,8,0,0,0,0,4,1,6,1,5,1598,1,7,2,1
201301RG40152,2,9,0,18,0,8,0,0,0,0,1,1,6,1,6,-1,-1,-1,3,1
201301RG40153,1,11,0,4,0,1,0,0,0,0,0,1,1,1,8,7300,2,13,7,1
201301RG40156,1,9,0,9,0,8,0,0,0,0,1,1,6,1,9,1339,8,1,7,1
201301RG40157,1,9,0,18,0,8,0,0,0,0,4,1,6,2,4,1199,1,10,4,1
201301RG40157,2,9,0,18,0,8,0,0,0,0,3,1,6,2,-1,1396,1,3,8,1
201301RG40158,1,1,0,17,0,8,0,0,0,0,3,1,6,1,7,-1,-1,-1,10,1
201301RG40158,2,9,0,18,0,8,0,0,0,0,4,1,6,3,-1,-1,-1,-1,-1,-1
201301RG40159,1,9,0,9,0,5,0,0,0,0,4,1,6,1,7,1896,2,10,4,1
201301RG40159,2,9,0,18,0,8,0,0,0,0,3,1,6,2,6,1749,1,12,-1,-1
201301RG40160,1,9,0,18,0,8,0,4,0,0,3,1,6,2,8,998,1,3,8,1
201301RG40160,2,9,0,18,0,8,0,0,0,0,0,1,6,1,-1,1598,2,2,7,1
201301RG40160,3,9,0,2,0,8,0,0,0,0,1,1,6,3,-1,1596,1,5,-1,-1
201301RG40161,1,9,0,6,0,1,0,0,0,0,3,1,6,2,5,1149,1,6,4,1
201301RG40161,2,1,0,13,0,1,0,0,0,0,1,1,6,1,7,-1,-1,-1,7,1
201301RG40162,1,19,0,4,0,1,0,0,0,0,1,1,1,1,10,2400,2,9,3,1
201301RG40163,1,19,0,7,0,8,0,0,0,0,4,1,6,3,-1,-1,-1,-1,-1,-1
201301RG40163,2,1,0,18,0,8,0,0,0,0,3,1,6,1,6,-1,-1,-1,5,1
201301RG40164,1,9,0,9,0,8,0,0,0,0,1,1,6,1,6,-1,-1,-1,4,1
201301RG40164,2,9,0,18,0,8,0,0,0,0,4,1,6,1,5,1596,1,8,2,1
201301RG40165,1,3,0,14,0,2,0,0,0,0,1,1,6,1,7,124,1,1,2,1
201301RG40166,1,9,0,9,0,8,0,0,0,0,3,1,6,2,8,1598,1,-1,2,1
201301RG40166,2,2,0,18,0,8,0,0,0,0,1,1,6,1,4,49,1,9,1,1
201301RG40167,1,9,0,1,0,2,0,0,0,0,2,1,6,1,-1,1896,2,6,2,1
201301RG40168,1,11,0,18,0,1,0,0,0,0,0,1,1,1,8,8268,2,10,2,1
201301RG40169,1,11,0,4,0,0,0,0,0,0,1,1,6,1,7,-1,-1,-1,-1,-1
201301RG40169,2,9,0,4,0,0,0,0,0,0,2,1,6,1,7,1598,1,7,1,1
201301RG40170,1,9,0,18,0,0,1,0,0,0,1,1,6,1,-1,1995,2,7,-1,-1
201301RG40170,2,9,0,18,0,0,0,0,0,0,1,1,6,1,9,1587,1,11,5,1
201301RG40171,1,21,0,16,0,0,0,10,0,0,4,1,1,1,8,10518,2,4,2,1
201301RG40172,1,9,0,1,0,2,0,0,0,0,2,1,6,2,-1,1850,1,13,-1,-1
201301RG40174,1,9,0,18,0,8,0,0,0,0,1,1,6,2,9,1988,1,15,1,1
201301RG40174,2,9,0,18,0,8,0,0,0,0,1,1,6,3,-1,-1,-1,-1,-1,-1
201301RG40175,1,9,0,7,0,8,0,0,0,0,1,1,6,2,5,-1,-1,-1,-1,-1
201301RG40175,2,9,0,18,0,8,0,0,0,0,1,1,6,1,-1,-1,-1,-1,-1,-1
201301RG40176,1,9,0,9,0,8,0,0,0,0,3,1,6,1,7,2496,2,6,7,1
201301RG40176,2,3,0,18,0,8,0,0,0,0,1,1,6,1,4,124,1,5,5,1
201301RG40177,1,9,0,18,0,0,0,0,0,0,1,1,6,1,6,-1,-1,-1,2,1
201301RG40178,1,9,0,18,0,8,0,0,0,0,1,1,6,1,8,1596,1,11,-1,-1
201301RG40179,1,21,0,5,0,8,0,0,0,0,1,1,1,1,8,5880,2,8,3,1
201301RG40179,2,1,0,15,0,8,0,0,0,0,2,1,6,1,7,-1,-1,-1,8,1
201301RG40180,1,9,0,3,0,1,0,0,0,0,2,1,6,1,8,1910,2,4,3,1
201301RG40180,2,9,0,18,0,1,0,0,0,0,2,1,6,1,-1,-1,-1,-1,-1,-1
201301RG40181,1,9,0,11,0,8,0,0,0,0,4,1,6,1,7,2460,2,7,3,1
201301RG40181,2,5,0,18,0,8,0,0,0,0,3,1,6,2,9,998,1,4,8,1
201301RG40182,1,9,0,14,0,0,0,0,0,0,4,1,6,1,7,-1,-1,-1,4,1
201301RG40183,1,9,0,13,0,8,5,0,0,0,4,1,6,1,7,1396,1,12,4,1
201301RG40183,2,17,0,18,0,8,0,0,0,0,3,1,6,1,9,-1,-1,-1,3,1
201301RG40184,1,9,0,4,0,1,0,0,0,0,2,1,6,1,7,1388,1,11,2,1
201301RG40184,2,9,0,5,0,1,0,0,0,0,1,1,6,1,8,1498,1,6,2,1
201301RG40185,1,9,0,9,0,8,0,0,0,0,4,1,1,1,8,2143,2,2,7,1
201301RG40185,2,9,0,18,0,8,0,0,0,0,1,1,6,2,7,1995,1,1,2,1
201301RG40187,1,9,0,9,0,8,0,0,0,0,0,1,6,2,6,1560,2,7,2,1
201301RG40187,2,1,0,15,0,8,0,0,0,0,0,1,6,1,8,-1,-1,-1,-1,-1
201301RG40188,1,9,0,4,0,8,0,0,0,0,2,1,6,2,6,1998,1,10,3,1
201301RG40188,2,9,0,4,0,8,0,0,0,0,2,1,6,1,6,1796,1,11,3,1
201301RG40188,3,9,0,18,0,8,0,0,0,0,1,1,6,2,8,1796,1,9,4,2
201301RG40189,1,9,0,3,0,1,0,0,0,0,2,1,6,2,6,1796,1,8,2,1
201301RG40189,2,9,0,18,0,1,0,0,0,0,1,1,6,1,-1,2987,2,8,-1,-1
201301RG40190,1,9,0,17,0,8,0,0,0,0,3,1,6,1,9,1597,1,15,7,1
201301RG40190,2,9,0,9,0,8,0,0,0,0,1,1,6,3,-1,-1,-1,-1,-1,-1
201301RG40191,1,11,0,9,0,8,0,0,0,0,2,1,1,1,9,4500,2,1,5,1
201301RG40191,2,9,0,18,0,8,0,0,0,0,1,1,6,2,7,-1,-1,-1,5,1
201301RG40192,1,9,0,9,0,8,0,0,0,0,1,1,6,1,9,1988,1,13,5,1
201301RG40192,2,1,0,9,0,8,0,0,0,0,2,1,6,1,8,-1,-1,-1,6,1
201301RG40193,1,11,0,5,0,0,0,0,0,0,1,1,1,2,7,6871,2,4,7,1
201301RG40193,2,9,0,3,0,0,0,0,0,0,2,1,6,2,-1,2497,1,8,-1,-1
201301RG40193,3,9,0,3,0,0,0,0,0,0,2,1,6,2,-1,1598,1,10,5,1
201301RG40193,4,9,0,3,0,0,0,0,0,0,2,1,6,1,10,-1,-1,-1,7,1
201301RG40194,1,9,0,18,0,0,0,10,1,7,1,1,6,1,6,1910,2,7,2,1
201301RG40195,1,9,0,4,0,8,0,0,0,0,2,1,6,1,9,-1,-1,-1,2,1
201301RG40195,2,9,0,4,0,8,0,0,0,0,2,1,6,1,-1,1590,1,9,1,1
201301RG40195,3,9,0,18,0,8,0,0,0,0,1,1,6,1,8,-1,-1,-1,7,1
201301RG40198,1,9,0,9,0,8,0,0,0,0,1,1,6,1,7,2496,1,12,3,1
201301RG40198,2,9,0,18,0,8,0,0,0,0,4,1,6,2,7,1299,1,12,2,1
201301RG40199,1,21,0,18,0,8,0,0,0,0,4,1,1,1,7,-1,-1,-1,1,1
201301RG40200,1,9,0,18,0,8,0,0,0,0,1,1,6,2,7,2034,1,8,1,1
201301RG40201,1,19,0,14,0,8,0,0,0,0,1,1,1,3,-1,-1,-1,-1,-1,-1
201301RG40202,1,11,0,5,0,8,0,0,0,0,4,1,1,1,7,8268,2,11,3,1
201301RG40203,1,9,0,18,0,2,0,0,0,0,1,1,6,1,7,1598,2,-1,6,1
201301RG40203,2,9,0,3,0,2,0,0,0,0,2,1,6,2,6,1598,1,5,7,1
201301RG40203,3,3,0,3,0,2,0,0,0,0,2,1,6,1,6,124,1,1,9,1
201301RG40205,1,9,0,18,0,8,0,0,0,0,3,1,6,2,7,1598,1,9,2,1
201301RG40205,2,19,0,15,0,8,0,0,0,0,4,1,6,1,-1,1998,2,10,-1,-1
201301RG40206,1,9,0,15,0,8,0,0,0,0,4,1,6,1,6,1388,1,12,1,1
201301RG40206,2,19,0,18,0,8,0,0,0,0,3,1,6,1,6,-1,-1,-1,7,1
201301RG40208,1,9,0,17,0,8,0,0,0,0,1,1,6,1,6,1124,1,8,5,1
201301RG40210,1,9,0,18,0,8,0,0,0,0,1,1,6,1,6,1598,1,7,5,1
201301RG40211,1,9,0,2,0,8,0,0,0,0,3,1,6,2,7,-1,-1,-1,-1,-1
201301RG40211,2,9,0,18,0,8,0,0,0,0,1,1,6,1,-1,2351,1,12,-1,-1
201301RG40212,1,9,0,9,0,8,0,0,0,0,1,1,6,1,7,1975,1,4,3,1
201301RG40212,2,9,0,18,0,8,0,0,0,0,4,1,6,1,8,1699,1,8,5,1
201301RG40213,1,9,0,4,0,8,0,0,0,0,2,1,6,1,9,999,1,2,4,1
201301RG40213,2,9,0,18,0,8,0,0,0,0,1,1,6,1,5,1386,1,10,4,1
201301RG40214,1,11,0,18,0,8,0,0,0,0,0,1,6,1,8,6700,2,2,-1,-1
201301RG40215,1,9,0,1,0,8,0,0,0,0,2,1,6,2,-1,-1,-1,-1,-1,-1
201301RG40216,1,9,0,4,0,8,0,0,0,0,2,1,6,2,5,1299,1,6,-1,-1
201301RG40216,2,9,0,4,0,8,0,0,0,0,2,1,6,1,6,1596,1,5,9,1
201301RG40216,3,9,0,4,0,8,0,0,0,0,2,1,6,1,-1,-1,-1,-1,2,1
201301RG40216,4,9,0,18,0,8,0,0,0,0,1,1,6,1,7,-1,-1,-1,7,1
201301RG40217,1,9,0,9,0,8,0,0,0,0,1,1,6,1,6,1799,1,6,3,1
201301RG40217,2,2,0,18,0,8,0,0,0,0,1,1,6,1,4,-1,-1,-1,4,1
201301RG40218,1,9,0,18,0,8,0,0,0,0,1,1,6,1,-1,-1,-1,-1,-1,-1
201301RG40219,1,9,0,18,0,8,0,0,0,0,4,1,6,1,6,2000,1,7,4,1
201301RG40219,2,9,0,18,0,8,0,0,0,0,1,1,6,1,8,1587,1,13,3,1
201301RG40221,1,9,0,18,0,8,0,0,0,0,1,1,6,1,-1,1686,2,5,-1,-1
201301RG40222,1,11,0,18,0,8,0,0,0,0,0,1,6,1,8,9000,2,4,4,1
201301RG40223,1,9,0,18,0,8,0,0,0,0,1,1,6,1,6,-1,-1,-1,-1,-1
201301RG40224,1,1,0,18,0,8,0,0,0,0,1,1,6,1,8,-1,-1,-1,1,1
201301RG40224,2,9,0,9,0,8,0,0,0,0,3,1,6,2,-1,1598,1,6,-1,-1
201301RG40226,1,9,0,18,0,8,0,0,0,0,1,1,6,1,-1,-1,-1,-1,-1,-1
201301RG40227,1,9,0,4,0,8,0,0,0,0,2,1,6,2,7,1995,2,9,4,1
201301RG40227,2,9,0,18,0,8,0,0,0,0,1,1,6,2,6,-1,-1,-1,1,1
201301RG40228,1,1,0,18,0,8,0,0,0,0,1,1,6,1,3,-1,-1,-1,-1,-1
201301RG40228,2,9,0,18,0,8,0,0,0,0,1,1,6,1,-1,-1,-1,-1,-1,-1
201301RG40229,1,9,0,15,0,8,0,0,0,0,1,1,6,1,5,1995,2,12,8,1
201301RG40229,2,9,0,18,0,8,0,0,0,0,1,1,6,1,-1,-1,-1,-1,2,1
201301RG40229,3,9,0,2,0,8,0,0,0,0,3,1,6,1,-1,-1,-1,-1,2,1
201301RG40229,4,9,0,2,0,8,0,0,0,0,3,1,6,2,-1,-1,-1,-1,5,1
201301RG40230,1,9,0,4,0,8,0,0,0,0,2,1,6,2,8,1061,1,9,3,1
201301RG40230,2,9,0,18,0,8,0,0,0,0,1,1,6,1,7,1598,1,5,10,3
201301RG40231,1,9,0,18,0,0,0,0,0,0,4,1,6,1,9,3222,2,9,6,1
201301RG40232,1,11,0,4,0,1,0,0,0,0,2,1,1,1,5,8268,2,12,2,1
201301RG40232,2,19,0,4,0,1,0,0,0,0,1,1,6,1,8,2148,2,4,2,1
201301RG40233,1,9,0,18,0,2,0,0,0,0,1,1,6,1,-1,1796,1,10,-1,-1
201301RG40233,2,9,0,3,0,2,0,0,0,0,2,1,6,1,8,1296,1,7,7,1
201301RG40234,1,11,0,9,0,8,0,0,0,0,0,1,6,1,-1,-1,-1,-1,-1,-1
201301RG40236,1,9,0,9,0,8,0,0,0,0,3,1,6,2,5,1108,1,18,4,1
201301RG40236,2,19,0,18,0,8,0,0,0,0,1,1,6,1,7,-1,-1,-1,3,1
201301RG40237,1,2,0,18,0,8,0,7,0,0,1,1,6,1,6,-1,-1,-1,9,1
201301RG40238,1,11,0,18,0,8,0,0,0,0,1,1,1,1,5,-1,-1,-1,-1,-1
201301RG40240,1,2,0,18,0,8,0,0,0,0,1,1,6,1,5,-1,-1,-1,3,1
201301RG40241,1,19,0,1,0,8,0,0,0,0,2,1,1,1,7,2299,2,1,7,1
201301RG40242,1,9,0,18,0,2,0,10,1,10,1,1,6,2,7,-1,-1,-1,2,1
201301RG40244,1,9,0,18,0,8,0,0,0,0,4,1,6,2,7,1796,1,8,4,1
201301RG40244,2,9,0,9,0,8,0,0,0,0,1,1,6,1,-1,1870,2,11,5,1
201301RG40245,1,9,0,9,0,8,0,0,0,0,1,1,6,1,6,-1,-1,-1,-1,-1
201301RG40245,2,1,0,18,0,8,0,0,0,0,1,1,6,1,7,-1,-1,-1,3,1
201301RG40246,1,1,0,18,0,0,0,0,0,0,1,1,6,1,3,-1,-1,-1,1,1
201301RG40246,2,9,0,18,0,0,0,0,0,0,1,1,6,1,7,1896,2,6,-1,-1
201301RG40247,1,9,0,18,0,0,0,10,7,4,1,1,6,1,5,1797,8,2,3,1
201301RG40249,1,9,0,18,0,8,0,7,0,0,1,1,6,1,6,1497,1,11,10,1
201301RG40250,1,11,0,18,0,8,0,0,0,0,0,1,1,1,9,7300,2,13,3,1
201301RG40251,1,3,0,14,0,1,0,0,0,0,1,1,6,1,-1,-1,-1,-1,-1,-1
201301RG40252,1,1,0,17,0,8,0,0,0,0,1,1,6,2,7,-1,-1,-1,9,1
201301RG40252,2,9,0,18,0,8,0,0,0,0,4,1,6,3,-1,-1,-1,-1,-1,-1
201301RG40255,1,9,0,9,0,8,0,0,0,0,3,1,6,2,7,1598,1,10,4,1
201301RG40255,2,9,0,18,0,8,0,0,0,0,1,1,6,1,6,1997,2,5,-1,-1
201301RG40256,1,11,0,4,0,2,0,0,0,0,0,1,1,1,6,8268,2,11,1,1
201301RG40257,1,9,0,4,0,8,0,0,0,0,2,1,6,1,8,1998,2,12,-1,-1
201301RG40257,2,9,0,18,0,8,0,0,0,0,1,1,6,1,5,-1,-1,-1,1,1
201301RG40259,1,9,0,7,0,8,0,0,0,0,1,1,6,1,7,1997,2,3,2,1
201301RG40259,2,1,0,18,0,8,0,0,0,0,3,1,6,1,5,-1,-1,-1,3,1
201301RG40260,1,9,0,12,0,8,0,0,0,0,2,1,6,1,7,-1,-1,-1,9,2
201301RG40260,2,5,0,18,0,8,0,0,0,0,1,1,6,1,6,600,1,1,-1,-1
201301RG40261,1,9,0,17,0,2,2,0,0,0,1,1,6,2,6,1796,1,6,3,1
201301RG40262,1,9,0,18,0,1,0,0,0,0,1,1,6,2,6,1390,1,8,-1,-1
201301RG40262,2,9,0,8,0,1,0,0,0,0,2,1,6,1,8,1997,1,11,-1,-1
201301RG40263,1,9,0,3,0,0,0,0,0,0,2,1,6,2,4,1299,1,10,7,1
201301RG40263,2,11,0,18,0,0,0,0,0,0,1,1,1,1,9,9000,2,4,-1,-1
201301RG40264,1,1,0,18,0,8,0,0,0,0,1,1,6,1,6,-1,-1,-1,4,1
201301RG40264,2,9,0,9,0,8,0,0,0,0,1,1,6,1,-1,2099,1,11,2,1
201301RG40265,1,9,0,4,0,8,0,0,0,0,2,1,6,1,6,1968,2,8,4,1
201301RG40265,2,9,0,18,0,8,0,0,0,0,1,1,6,1,4,1598,1,8,1,1
201301RG40266,1,9,0,18,0,1,0,0,0,0,4,1,6,2,7,1360,1,9,3,1
201301RG40268,1,9,0,18,0,0,0,0,0,0,1,1,6,2,6,-1,-1,-1,2,1
201301RG40268,2,9,0,3,0,0,0,0,0,0,2,1,6,1,8,1896,2,7,-1,-1
201301RG40268,3,9,0,3,0,0,0,0,0,0,2,1,6,2,6,1997,1,8,5,1
201301RG40269,1,11,0,18,0,8,0,0,0,0,1,1,6,1,8,-1,-1,-1,3,1
201301RG40270,1,3,0,18,0,2,0,0,0,0,3,1,6,3,-1,-1,-1,-1,-1,-1
201301RG40271,1,19,0,18,0,0,1,0,0,0,1,1,6,1,6,1896,2,16,5,1
201301RG40271,2,19,0,4,0,0,0,0,0,0,2,1,6,1,7,1868,2,11,6,1
201301RG40271,3,9,0,3,0,0,0,0,0,0,2,1,6,1,7,2143,2,3,5,1
201301RG40272,1,1,0,18,0,1,0,8,0,0,1,1,6,1,6,-1,-1,-1,5,1
201301RG40272,2,9,0,2,0,1,0,0,0,0,3,1,6,3,-1,1596,1,11,-1,-1
201301RG40273,1,2,0,9,0,8,0,0,0,0,4,1,6,2,7,124,1,1,5,1
201301RG40273,2,9,0,16,0,8,0,0,0,0,3,1,6,2,8,1598,1,-1,2,1
201301RG40274,1,1,0,18,0,1,0,0,0,0,2,1,6,1,6,-1,-1,-1,-1,-1
201301RG40274,2,9,0,18,0,1,0,0,0,0,1,1,6,3,-1,-1,-1,-1,-1,-1
201301RG40275,1,9,0,9,0,8,0,0,0,0,4,1,6,1,8,2494,1,14,4,1
201301RG40275,2,1,0,18,0,8,0,0,0,0,1,1,6,1,7,-1,-1,-1,5,1
201301RG40276,1,9,0,4,0,8,0,0,0,0,2,1,6,1,5,2179,2,5,6,1
201301RG40276,2,9,0,18,0,8,0,0,0,0,1,1,6,1,5,973,1,10,2,1
201301RG40277,1,2,0,18,0,8,0,0,0,0,1,1,6,1,4,125,1,1,3,1
201301RG40278,1,9,0,18,0,1,0,10,1,4,1,1,6,2,4,-1,-1,-1,2,1
201301RG40279,1,9,0,3,0,8,0,0,0,0,2,1,6,1,-1,-1,-1,-1,5,1
201301RG40279,2,9,0,18,0,8,0,0,0,0,1,1,6,3,-1,-1,-1,-1,-1,-1
201301RG40280,1,19,0,3,0,1,0,0,0,0,2,1,1,1,5,2287,2,2,3,1
201301RG40280,2,9,0,3,0,1,0,0,0,0,2,1,6,1,8,1956,2,2,5,1
201301RG40280,3,9,0,4,0,1,0,0,0,0,1,1,6,1,8,-1,-1,-1,5,1
201301RG40281,1,9,0,7,0,8,0,0,0,0,3,1,1,2,9,-1,-1,-1,2,1
201301RG40281,2,1,0,18,0,8,0,0,0,0,1,1,6,1,9,-1,-1,-1,3,1
201301RG40282,1,9,0,11,0,0,0,0,0,0,4,1,6,1,6,1596,1,12,1,1
201301RG40282,2,21,1,12,0,0,0,0,0,0,3,2,1,1,7,-1,-1,-1,-1,-1
201301RG40283,1,9,0,18,0,1,0,10,4,6,3,1,6,2,5,1364,1,6,-1,-1
201301RG40284,1,3,0,18,0,8,0,0,0,0,1,1,6,1,7,125,1,1,-1,-1
201301RG40284,2,9,0,9,0,8,0,0,0,0,4,1,6,2,5,1498,1,7,-1,-1
201301RG40285,1,1,0,18,0,1,0,0,0,0,3,1,6,1,6,-1,-1,-1,10,1
201301RG40285,2,9,0,13,0,1,0,0,0,0,4,1,6,1,-1,1968,2,5,-1,-1
201301RG40286,1,9,0,11,0,8,0,0,0,0,4,1,6,1,10,-1,-1,-1,2,1
201301RG40286,2,3,0,18,0,8,0,0,0,0,3,1,6,2,5,-1,-1,-1,5,1
201301RG40287,1,9,0,7,0,8,0,0,0,0,4,1,6,1,6,1596,1,6,7,1
201301RG40287,2,1,0,15,0,8,0,0,0,0,1,1,6,1,-1,-1,-1,-1,-1,-1
201301RG40288,1,9,0,18,0,1,0,0,0,0,2,1,6,1,8,1246,1,7,2,1
201301RG40288,2,19,0,18,0,1,0,0,0,0,1,1,6,1,-1,2299,2,2,-1,-1
201301RG40289,1,1,0,18,0,0,0,0,0,0,1,1,6,2,5,-1,-1,-1,3,1
201301RG40289,2,9,0,6,0,0,0,0,0,0,2,1,6,1,-1,1999,1,11,-1,-1
201301RG40290,1,9,0,18,0,0,0,0,0,0,3,1,6,1,8,1998,1,10,1,1
201301RG40290,2,1,0,18,0,0,0,0,0,0,1,1,6,2,2,-1,-1,-1,1,1