Accident_Index,Vehicle_Reference,Vehicle_Type,Towing_and_Articulation,Vehicle_Manoeuvre,Vehicle_Location-Restricted_Lane,Junction_Location,Skidding_and_Overturning,Hit_Object_in_Carriageway,Vehicle_Leaving_Carriageway,Hit_Object_off_Carriageway,1st_Point_of_Impact,Was_Vehicle_Left_Hand_Drive?,Journey_Purpose_of_Driver,Sex_of_Driver,Age_Band_of_Driver,Engine_Capacity_(CC),Propulsion_Code,Age_of_Vehicle,Driver_IMD_Decile,Driver_Home_Area_Type
201301RY10173,2,9,0,18,0,0,0,0,0,0,2,1,6,2,9,1797,8,3,10,1
201301RY10173,3,9,0,18,0,0,0,0,0,0,1,1,6,1,7,1998,1,12,4,1
201301RY10174,1,9,0,18,0,0,0,0,0,0,1,1,6,1,6,1995,2,1,9,1
201301RY10174,2,9,0,3,0,0,0,0,0,0,2,1,6,2,6,1199,1,9,1,1
201301RY10174,3,9,0,18,0,0,0,0,0,0,1,1,6,1,6,1798,1,11,-1,-1
201301RY10175,1,19,0,9,0,8,0,0,0,0,1,1,6,1,9,-1,-1,-1,9,1
201301RY10175,2,9,0,18,0,8,0,0,0,0,3,1,6,2,7,1598,1,10,9,1
201301RY10176,1,9,0,18,0,8,0,0,0,0,1,1,6,1,7,1248,1,4,-1,-1
201301RY10176,2,9,0,18,0,8,0,0,0,0,4,1,6,2,7,1124,1,13,-1,-1
201301RY10177,1,9,0,3,0,8,0,0,0,0,2,1,6,2,5,1600,1,8,6,1
201301RY10177,2,19,0,18,0,8,0,0,0,0,1,1,1,1,-1,-1,-1,-1,-1,-1
201301RY10178,1,9,0,9,0,8,0,0,0,0,3,1,6,2,6,1587,1,9,2,1
201301RY10178,2,3,0,13,0,8,0,0,0,0,1,1,6,1,6,124,1,-1,6,1
201301RY10179,1,9,0,9,0,8,0,0,0,0,4,1,6,2,9,1391,1,11,9,1
201301RY10179,2,9,0,18,0,8,0,0,0,0,1,1,6,2,6,1994,2,5,5,1
201301RY10181,1,9,0,3,0,8,0,0,0,0,2,1,6,2,6,1390,1,10,4,1
201301RY10181,2,9,0,18,0,8,0,0,0,0,1,1,6,2,-1,1242,1,6,-1,-1
201301RY10182,1,9,0,3,0,8,0,0,0,0,2,1,6,2,7,1598,1,10,8,1
201301RY10182,2,9,0,18,0,8,0,0,0,0,1,1,6,1,-1,-1,-1,-1,-1,-1
201301RY10183,1,3,0,18,0,8,0,0,0,0,4,1,6,1,6,124,1,4,7,1
201301RY10184,1,5,0,18,0,8,0,0,0,0,4,1,6,1,8,749,1,7,8,1
201301RY10185,1,9,0,18,0,8,0,0,0,0,1,1,6,2,8,1598,1,6,10,1
201301RY10185,2,9,0,18,0,8,0,0,0,0,1,1,6,1,4,1796,1,7,1,1
201301RY10186,1,9,0,18,0,0,0,0,0,0,1,1,6,1,9,1364,1,3,7,1
201301RY10187,1,11,0,4,0,0,0,0,0,0,0,1,1,2,7,4500,2,3,6,1
201301RY10188,1,9,0,1,0,8,0,0,0,0,2,1,6,3,-1,1968,2,-1,-1,-1
201301RY10190,1,90,0,18,0,0,0,0,0,0,4,1,6,2,11,-1,-1,-1,-1,-1
201301RY10190,2,9,0,18,0,0,0,0,0,0,1,1,6,1,7,1910,2,5,9,1
201301RY10191,1,9,0,9,0,8,0,0,0,0,1,1,6,1,4,1798,1,3,-1,-1
201301RY10191,2,1,0,18,0,8,0,0,0,0,4,1,6,1,-1,-1,-1,-1,3,1
201301RY10192,1,9,0,12,0,1,0,0,0,0,3,1,6,1,-1,1968,2,1,8,1
201301RY10192,2,1,0,18,0,1,0,0,0,0,4,1,6,1,-1,-1,-1,-1,1,1
201301RY10193,1,9,0,5,0,1,0,0,0,0,1,1,6,2,5,1598,1,12,-1,-1
201301RY10193,2,9,0,7,0,1,0,0,0,0,2,1,6,1,6,1896,2,10,8,1
201301RY10194,1,9,0,9,0,8,0,0,0,0,3,1,6,1,5,1596,1,10,4,1
201301RY10194,2,4,0,9,0,8,0,0,0,0,3,1,6,1,5,749,1,1,4,1
201301RY10195,1,9,0,18,0,1,0,0,0,0,4,1,6,2,6,1798,1,4,4,1
201301RY10196,1,9,0,9,0,0,0,0,0,0,2,1,6,2,7,2488,2,6,8,1
201301RY10196,2,9,0,18,0,0,0,0,0,0,1,1,6,2,6,1598,1,13,3,1
201301RY10198,1,9,0,9,0,8,0,0,0,0,3,1,6,1,4,1598,1,10,10,1
201301RY10198,2,2,0,18,0,8,0,0,0,0,1,1,6,1,4,124,1,10,7,1
201301RY10199,1,9,0,3,0,1,0,0,0,0,2,1,6,2,6,1598,2,2,2,1
201301RY10199,2,9,0,18,0,1,0,0,0,0,1,1,6,3,-1,-1,-1,-1,-1,-1
201301RY10201,1,9,0,18,0,1,0,0,0,0,1,1,1,1,7,2494,2,11,10,1
201301RY10202,1,9,0,18,0,8,0,0,0,0,1,1,6,1,8,3199,1,12,4,1
201301RY10202,2,9,0,3,0,8,0,0,0,0,2,1,6,1,7,1596,1,13,5,1
201301RY10204,1,3,0,4,0,8,0,0,0,0,2,1,6,1,6,123,1,9,8,1
201301RY10204,2,9,0,18,0,8,0,0,0,0,1,1,6,1,6,1198,1,3,8,1
201301RY10205,1,11,0,7,0,8,0,0,0,0,0,1,1,1,8,-1,-1,-1,7,1
201301RY10206,1,11,0,18,0,0,0,0,0,0,0,1,1,2,8,9000,2,4,-1,-1
201301RY10207,1,11,0,3,0,8,0,0,0,0,2,1,6,1,7,4500,2,4,2,1
201301RY10207,2,21,0,18,0,8,0,0,0,0,1,1,6,1,6,12419,2,1,6,1
201301RY10208,1,9,0,18,0,8,0,0,0,0,4,1,6,2,7,1149,1,8,3,1
201301RY10209,1,9,0,18,0,8,0,0,0,0,1,1,6,1,7,-1,-1,-1,7,1
201301RY10210,1,9,0,4,0,8,0,0,0,0,0,1,6,1,4,1149,1,10,9,1
201301RY10210,2,3,0,18,0,8,0,0,0,0,3,1,6,1,6,125,1,-1,8,1
201301RY10211,1,19,0,18,0,8,0,0,0,0,4,1,1,1,6,1753,2,6,-1,-1
201301RY10212,1,19,0,6,0,0,0,0,0,0,4,1,6,1,6,1870,2,10,7,1
201301RY10212,2,9,0,18,0,0,0,0,0,0,1,1,6,1,-1,1968,2,7,-1,-1
201301RY10213,1,1,0,18,0,8,0,0,0,0,3,1,6,1,6,-1,-1,-1,6,1
201301RY10213,2,11,0,5,0,8,0,0,0,0,4,1,1,3,-1,-1,-1,-1,-1,-1
201301RY10214,1,3,0,14,0,1,0,0,0,0,1,1,6,1,4,124,1,-1,8,1
201301RY10214,2,9,0,9,0,1,0,0,0,0,3,1,6,2,6,1598,1,6,9,1
201301RY10216,1,11,0,9,0,2,0,0,0,0,0,1,1,1,7,6700,2,2,4,1
201301RY10217,1,9,0,18,0,8,0,0,0,0,1,1,6,1,-1,1596,1,12,4,1
201301RY10217,2,9,0,4,0,8,0,0,0,0,2,1,6,1,7,1360,1,10,5,1
201301RY10218,1,3,0,13,0,8,0,0,0,0,1,1,6,1,5,124,1,12,-1,-1
201301RY10218,2,9,0,9,0,8,0,0,0,0,3,1,6,2,4,-1,-1,-1,10,1
201301RY10219,1,9,0,7,0,8,0,0,0,0,1,1,6,1,8,1896,2,3,6,1
201301RY10219,2,1,0,16,0,8,0,0,0,0,4,1,6,1,8,-1,-1,-1,9,1
201301RY10220,1,9,0,18,0,8,0,0,0,0,1,1,6,1,6,1560,2,6,2,1
201301RY10220,2,9,0,3,0,8,0,0,0,0,2,1,6,2,5,1199,1,9,7,1
201301RY10221,1,9,0,17,0,0,0,0,0,0,3,1,6,2,8,1968,1,8,7,1
201301RY10221,2,9,0,16,0,0,0,0,0,0,3,1,6,1,8,1998,2,6,4,1
201301RY10222,1,9,0,9,0,8,0,0,0,0,1,1,6,2,4,998,1,13,-1,-1
201301RY10222,2,4,0,18,0,8,0,0,0,0,3,1,6,1,6,1050,1,3,2,1
201301RY10223,1,9,0,9,0,8,0,0,0,0,4,1,6,1,8,1796,1,7,8,1
201301RY10223,2,3,0,18,0,8,0,0,0,0,1,1,6,1,6,-1,-1,-1,8,1
201301RY10224,1,1,0,9,0,8,0,0,0,0,3,1,6,1,8,-1,-1,-1,7,1
201301RY10224,2,9,0,9,0,8,0,0,0,0,1,1,6,1,8,1896,2,3,7,1
201301RY10225,1,9,0,17,0,8,0,0,0,0,1,1,6,3,-1,-1,-1,-1,-1,-1
201301RY10225,2,1,0,9,0,8,0,0,0,0,4,1,2,1,7,-1,-1,-1,5,1
201301RY10226,1,21,1,12,0,0,0,0,0,0,3,2,1,1,8,-1,-1,-1,-1,-1
201301RY10226,2,9,0,13,0,0,1,0,0,0,4,1,6,2,8,1896,2,9,5,1
201301RY10227,1,9,0,18,0,8,0,0,0,0,4,1,6,1,5,1596,1,12,10,1
201301RY10227,2,3,0,18,0,8,0,0,0,0,1,1,6,1,6,125,1,12,3,1
201301RY10228,1,9,0,9,0,8,0,0,0,0,4,1,6,2,10,1995,2,6,10,1
201301RY10228,2,9,0,18,0,8,0,0,0,0,1,1,6,2,9,1396,1,13,5,1
201301RY10231,1,9,0,4,0,0,0,0,0,0,2,1,6,1,-1,-1,-1,-1,-1,-1
201301RY10231,2,9,0,18,0,0,0,0,0,0,1,1,6,1,7,-1,-1,-1,2,1
201301RY10231,3,9,0,18,0,0,0,0,0,0,1,1,6,1,6,-1,-1,-1,2,1
201301RY10233,1,9,0,18,0,0,0,0,0,0,1,1,6,2,8,1390,1,11,5,1
201301RY10233,2,9,0,2,0,0,0,0,0,0,1,1,6,1,6,1796,1,5,-1,-1
201301RY10234,1,9,0,4,0,8,0,0,0,0,2,1,6,1,6,1595,1,14,5,1
201301RY10234,2,9,0,18,0,8,0,0,0,0,1,1,6,1,5,1995,2,-1,2,1
201301RY10235,1,9,0,18,0,8,0,0,0,0,3,1,6,1,7,2143,2,-1,5,1
201301RY10235,2,9,0,9,0,8,0,0,0,0,1,1,6,2,8,1242,1,14,2,1
201301RY10238,1,1,0,18,0,8,0,0,0,0,3,1,6,1,4,-1,-1,-1,7,1
201301RY10238,2,9,0,18,0,8,0,0,0,0,1,1,6,1,9,1998,1,18,8,1
201301RY10239,1,9,0,7,0,8,0,0,0,0,3,1,6,3,-1,-1,-1,-1,-1,-1
201301RY10240,1,9,0,18,0,8,0,0,0,0,1,1,6,1,8,1895,1,13,5,1
201301RY10241,1,9,0,4,0,0,0,0,0,0,2,1,6,1,5,2148,2,5,9,1
201301RY10241,2,9,0,18,0,0,0,0,0,0,1,1,6,1,4,1400,1,14,4,1
201301RY10242,1,9,0,18,0,8,0,0,0,0,1,1,6,1,6,1360,1,10,2,1
201301RY10242,2,9,0,9,0,8,0,0,0,0,1,1,6,2,5,1296,1,6,10,1
201301RY10243,1,9,0,18,0,2,0,0,0,0,1,1,6,1,7,1997,2,12,5,1
201301RY10243,2,19,0,3,0,2,0,0,0,0,2,1,6,2,-1,-1,-1,-1,-1,-1
201301RY10244,1,9,0,9,0,8,0,0,0,0,3,1,6,2,6,1360,1,3,9,1
201301RY10244,2,3,0,13,0,8,0,0,0,0,4,1,6,1,4,124,1,-1,8,1
201301RY10245,1,19,0,2,0,2,0,0,0,0,2,1,6,3,-1,1560,2,3,-1,-1
201301RY10245,2,9,0,7,0,2,0,4,0,0,1,1,6,2,-1,1199,1,14,6,1
201301RY10246,1,9,0,18,0,1,0,0,0,0,1,1,6,1,10,3248,1,15,8,1
201301RY10248,1,9,0,14,0,0,0,0,0,0,4,1,6,1,7,2993,2,4,4,1
201301RY10249,1,9,0,5,0,8,0,0,0,0,3,1,6,1,6,1397,1,4,3,1
201301RY10249,2,1,0,18,0,8,0,0,0,0,1,1,6,1,7,-1,-1,-1,3,1
201301RY10250,1,5,0,3,0,0,0,0,0,0,2,1,6,1,6,598,1,17,5,1
201301RY10250,2,9,0,3,0,0,0,0,0,0,2,1,6,1,7,-1,-1,-1,-1,-1
201301RY10250,3,9,0,18,0,0,0,0,0,0,1,1,6,1,8,1596,1,8,-1,-1
201301RY10251,1,9,0,9,0,8,0,0,0,0,4,1,6,1,4,1149,1,11,3,1
201301RY10251,2,9,0,18,0,8,0,0,0,0,1,1,6,1,7,1587,7,9,9,1
201301RY10253,1,9,0,9,0,8,0,0,0,0,1,1,6,1,11,4196,1,9,7,1
201301RY10253,2,9,0,14,0,8,0,0,0,0,4,1,6,2,7,1598,1,6,8,1
201301RY10254,1,9,0,9,0,8,0,0,0,0,4,1,6,1,4,1299,1,12,-1,-1
201301RY10254,2,5,0,18,0,8,0,0,0,0,1,1,6,1,7,749,1,14,6,2
201301RY10255,1,9,0,18,0,0,0,0,0,0,1,1,6,1,8,1794,1,9,2,1
201301RY10255,2,9,0,2,0,0,0,0,0,0,1,1,6,3,-1,1596,1,6,-1,-1
201301RY10256,1,1,0,18,0,8,0,0,0,0,1,1,6,1,8,-1,-1,-1,9,1
201301RY10256,2,9,0,9,0,8,0,0,0,0,3,1,6,1,-1,-1,-1,-1,5,1
201301RY10257,1,11,0,5,0,0,0,0,0,0,0,1,1,1,8,4500,2,2,-1,-1
201301RY10258,1,9,0,18,0,0,5,10,7,4,4,1,6,1,4,-1,-1,-1,7,1
201301RY10258,2,9,0,18,0,0,0,0,0,0,0,1,6,3,-1,-1,-1,-1,-1,-1
201301RY10259,1,1,0,18,0,0,0,4,0,0,1,1,6,1,4,-1,-1,-1,7,1
201301RY10259,2,9,0,2,0,0,0,0,0,0,4,1,6,3,-1,2498,2,11,-1,-1
201301RY10260,1,1,0,9,0,1,0,0,0,0,4,1,6,1,8,-1,-1,-1,8,1
201301RY10260,2,9,0,18,0,1,0,0,0,0,3,1,6,3,-1,1896,2,8,-1,-1
201301RY10261,1,3,0,18,0,8,0,10,5,6,1,1,6,1,6,-1,-1,-1,5,1
201301RY10263,1,11,0,5,0,1,0,0,0,0,0,1,1,2,6,-1,-1,-1,1,1
201301RY10264,1,9,0,17,0,2,0,10,1,10,1,1,6,1,11,1390,1,13,8,1
201301RY10265,1,9,0,18,0,8,0,0,0,0,4,1,6,2,5,1598,1,5,9,1
201301RY10265,2,9,0,9,0,8,0,0,0,0,1,1,6,2,-1,1390,1,2,4,2
201301RY10266,1,2,0,3,0,2,0,0,0,0,3,1,6,1,5,-1,-1,-1,3,1
201301RY10266,2,9,0,1,0,2,0,0,0,0,2,1,6,1,6,1397,1,10,8,1
201301RY10267,1,19,0,9,0,8,0,0,0,0,3,1,1,1,9,2500,2,6,3,1
201301RY10267,2,1,0,18,0,8,0,0,0,0,1,1,6,1,6,-1,-1,-1,2,1
201301RY10268,1,9,0,9,0,8,0,0,0,0,4,1,6,1,5,-1,-1,-1,7,1
201301RY10268,2,3,0,18,0,8,0,0,0,0,1,1,6,1,5,-1,-1,-1,10,1
201301RY10270,1,9,0,4,0,1,0,0,0,0,2,1,6,2,6,1998,1,9,10,1
201301RY10270,2,9,0,18,0,1,0,0,0,0,1,1,6,2,7,1679,1,11,8,1
201301RY10271,1,9,0,9,0,8,0,0,0,0,1,1,6,1,4,1796,1,10,8,1
201301RY10272,1,9,0,14,0,2,0,0,0,0,4,1,6,1,-1,-1,-1,-1,-1,-1
201301RY10274,1,9,0,7,0,8,0,0,0,0,1,1,6,2,8,1149,1,8,9,1
201301RY10274,2,1,0,18,0,8,0,0,0,0,4,1,6,1,7,-1,-1,-1,3,1
201301RY10276,1,19,0,18,0,8,0,0,0,0,1,1,6,1,8,1998,2,10,7,1
201301RY10276,2,9,0,18,0,8,0,0,0,0,4,1,6,1,4,1149,1,13,7,1
201301RY10277,1,19,0,18,0,8,0,0,0,0,3,1,6,1,9,1248,2,5,3,1
201301RY10277,2,90,0,9,0,8,0,0,0,0,4,1,6,1,11,-1,-1,-1,7,1
201301RY10278,1,9,0,18,0,2,5,7,0,0,1,1,6,1,5,1390,1,-1,5,1
201301RY10280,1,9,0,13,0,1,0,0,0,0,4,1,6,1,7,2688,2,12,5,1
201301RY10280,2,9,0,5,0,1,0,0,0,0,3,1,6,1,7,2204,2,6,10,1
201301RY10281,1,9,0,5,0,0,0,0,0,0,1,1,6,1,11,-1,-1,-1,10,1
201301RY10282,1,9,0,18,0,8,0,0,0,0,4,1,6,1,7,2967,1,10,5,1
201301RY10282,2,9,0,17,0,8,0,0,0,0,1,1,6,1,7,-1,-1,-1,2,1
201301RY10283,1,19,0,18,0,1,0,0,0,0,4,1,6,1,4,1905,2,15,-1,-1
201301RY10284,1,9,0,18,0,1,0,10,5,6,3,1,6,1,6,3189,1,9,1,1
201301RY10285,1,3,0,18,0,8,0,0,0,0,1,1,6,1,4,124,1,3,3,1
201301RY10285,2,9,0,9,0,8,0,0,0,0,4,1,6,1,6,1598,1,1,5,1
201301RY10286,1,3,0,18,0,8,0,0,0,0,0,1,6,1,7,124,1,3,5,1
201301RY10286,2,9,0,9,0,8,0,0,0,0,0,1,6,1,-1,1360,1,10,9,1
201301RY10287,1,11,0,3,0,0,0,0,0,0,0,1,1,1,8,6700,2,1,6,1
201301RY10289,1,3,0,16,0,0,0,10,7,7,3,1,6,1,4,124,1,6,8,1
201301RY10291,1,9,0,6,0,0,0,0,0,0,3,1,6,1,5,1781,1,10,6,1
201301RY10291,2,3,0,13,0,0,0,0,0,0,4,1,6,1,6,125,1,1,2,1
201301RY10293,1,9,0,18,0,8,0,0,0,0,1,1,6,1,5,-1,-1,-1,6,1
201301RY10293,2,9,0,18,0,8,0,0,0,0,3,1,6,1,6,1975,1,7,6,1
201301RY10294,1,9,0,6,0,0,0,0,0,0,1,1,6,1,5,998,1,9,8,1
201301RY10294,2,9,0,18,0,0,0,0,0,0,1,1,6,1,-1,2771,1,13,4,1
201301RY10295,1,9,0,3,0,1,0,0,0,0,2,1,6,1,10,1248,1,1,5,1
201301RY10295,2,9,0,18,0,1,0,0,0,0,1,1,6,1,-1,-1,-1,-1,-1,-1
201301RY10296,1,9,0,14,0,8,0,0,0,0,3,1,6,2,8,1364,1,5,8,1
201301RY10296,2,9,0,7,0,8,0,0,0,0,1,1,6,3,-1,-1,-1,-1,-1,-1
201301RY10296,3,11,0,3,0,8,0,0,0,0,3,1,6,1,-1,-1,-1,-1,-1,-1
201301RY10297,1,11,0,18,0,0,0,0,0,0,4,1,6,3,-1,-1,-1,-1,-1,-1
201301RY10300,1,11,0,18,0,1,0,0,0,0,1,1,1,1,7,9360,2,2,6,1
201301RY10301,1,9,0,17,0,2,0,0,0,0,1,1,6,2,9,2435,1,10,-1,-1
201301RY10302,1,9,0,18,0,0,0,0,0,0,1,1,6,1,7,-1,-1,-1,9,1
201301RY10304,1,9,0,2,0,0,0,0,0,0,2,1,6,3,-1,1229,1,-1,-1,-1
201301RY10304,2,9,0,18,0,0,0,4,0,0,1,1,6,1,6,1598,1,13,3,1
201301RY10305,1,9,0,7,0,1,0,0,0,0,1,1,6,1,6,2996,2,3,10,1
201301RY10305,2,5,0,8,0,1,0,0,0,0,2,1,6,1,6,1584,1,4,5,2
201301RY10306,1,11,0,18,0,0,0,0,0,0,1,1,1,1,5,9000,2,4,2,1
201301RY10307,1,9,0,9,0,8,0,0,0,0,1,1,6,1,-1,-1,-1,-1,-1,-1
201301RY10308,1,9,0,18,0,1,0,0,0,0,4,1,6,2,11,796,1,5,-1,-1
201301RY10308,2,9,0,2,0,1,0,0,0,0,3,1,6,3,-1,-1,-1,-1,-1,-1
201301RY10310,1,9,0,7,0,8,0,0,0,0,4,1,6,2,6,1149,1,14,9,1
201301RY10310,2,9,0,18,0,8,0,0,0,0,1,1,6,1,-1,1895,1,12,5,1
201301RY10312,1,5,0,18,0,2,1,0,0,0,0,1,6,1,7,599,1,15,1,1
201301RY10313,1,3,0,18,0,0,0,0,0,0,0,1,6,1,8,100,1,13,4,1
201301RY10313,2,9,0,8,0,0,0,0,0,0,0,1,6,1,7,-1,-1,-1,4,1
201301RY10314,1,21,0,5,0,1,0,0,0,0,1,1,1,1,9,11946,2,1,3,1
201301RY10314,2,9,0,3,0,1,0,0,0,0,2,1,6,2,7,1596,1,12,1,1
201301RY10315,1,9,0,3,0,1,0,0,0,0,3,1,6,2,5,1598,1,5,9,1
201301RY10315,2,9,0,9,0,2,0,0,0,0,3,1,6,1,9,-1,-1,-1,7,1
201301RY10315,3,9,0,3,0,1,0,0,0,0,3,1,6,2,6,-1,-1,-1,-1,-1
201301RY10316,1,9,0,14,0,0,0,0,0,0,1,1,6,2,6,-1,-1,-1,4,1
201301RY10317,1,11,0,5,0,0,0,0,0,0,0,1,1,1,7,9360,2,2,9,1
201301RY10318,1,3,0,18,0,8,0,0,0,0,4,1,6,1,5,124,1,1,6,1
201301RY10318,2,9,0,18,0,8,0,0,0,0,1,1,6,2,7,1498,1,6,-1,-1
201301RY10319,1,9,0,18,0,8,0,0,0,0,3,1,6,2,7,-1,-1,-1,6,1
201301RY10319,2,9,0,9,0,8,0,0,0,0,1,1,6,1,4,-1,-1,-1,4,1
201301RY10320,1,9,0,9,0,8,0,0,0,0,1,1,6,2,8,1998,2,6,-1,-1
201301RY10320,2,5,0,18,0,8,0,0,0,0,4,1,6,1,7,696,1,5,7,1
201301RY10320,3,19,0,2,0,8,0,0,0,0,3,1,6,1,9,-1,-1,-1,-1,-1
201301RY10321,1,9,0,11,0,1,0,0,0,0,4,1,6,1,5,1598,2,2,3,1
201301RY10321,2,1,0,18,0,1,0,0,0,0,3,1,6,1,8,-1,-1,-1,6,1
201301RY10322,1,9,0,5,0,0,0,4,0,0,1,1,6,2,6,1999,1,11,2,1
201301RY10322,2,9,0,2,0,0,0,0,0,0,2,1,6,3,-1,1364,1,4,-1,-1
201301RY10322,3,9,0,2,0,0,0,0,0,0,1,1,6,3,-1,1997,2,3,-1,-1
201301RY10322,4,9,0,2,0,0,0,0,0,0,2,1,6,3,-1,1396,1,12,-1,-1
201301RY10323,1,9,0,9,0,5,0,0,0,0,4,1,1,1,7,1686,2,2,2,1
201301RY10323,2,9,0,15,0,1,0,0,0,0,3,1,6,3,-1,-1,-1,-1,-1,-1
201301RY10324,1,9,0,18,0,0,0,0,0,0,3,1,6,2,6,1560,2,6,9,1
201301RY10324,2,9,0,9,0,0,0,0,0,0,1,1,6,3,-1,2967,1,13,-1,-1
201301RY10325,1,1,0,18,0,8,0,0,0,0,4,1,6,1,4,-1,-1,-1,2,1
201301RY10325,2,9,0,9,0,8,0,0,0,0,1,1,6,1,-1,1598,1,10,4,1
201301RY10326,1,9,0,18,0,1,0,0,0,0,4,1,6,2,4,-1,-1,-1,7,2
201301RY10326,2,5,0,18,0,1,0,0,0,0,1,1,6,1,6,599,1,9,7,2
201301RY10327,1,9,0,15,0,0,0,0,0,0,4,1,1,1,9,1560,2,-1,6,1
201301RY10327,2,9,0,17,0,0,0,0,0,0,1,1,6,1,7,2188,2,14,5,1
201301RY10328,1,9,0,18,0,0,0,0,0,0,1,1,6,2,11,998,1,10,10,1
201301RY10329,1,9,0,4,0,1,0,0,0,0,2,1,6,1,8,1783,1,12,1,1
201301RY10329,2,9,0,4,0,1,0,0,0,0,1,1,6,1,5,1796,1,12,4,1
201301RY10330,1,9,0,3,0,2,0,0,0,0,2,1,6,2,8,1398,2,2,4,1
201301RY10330,2,9,0,4,0,2,0,0,0,0,1,1,6,1,7,1461,2,1,-1,-1
201301RY10331,1,5,0,14,0,0,0,8,0,0,1,1,6,1,9,1450,1,14,10,1
201301RY10331,2,8,0,3,0,0,0,0,0,0,3,1,1,1,8,1956,2,4,5,1
201301RY10332,1,3,0,18,0,8,0,0,0,0,3,1,6,1,5,124,1,5,3,1
201301RY10332,2,9,0,11,0,8,0,0,0,0,4,1,6,1,10,2179,2,9,7,1
201301RY10333,1,4,0,18,0,1,0,0,1,0,4,1,6,1,10,598,1,13,7,1
201301RY10334,1,9,0,14,0,0,0,0,0,0,1,1,6,2,4,1242,1,12,7,1
201301RY10336,1,9,0,9,0,8,0,0,0,0,1,1,6,2,8,-1,-1,-1,9,1
201301RY10336,2,9,0,18,0,8,0,0,0,0,4,1,6,2,5,-1,-1,-1,6,1
201301RY10339,1,9,0,4,0,1,0,0,0,0,2,1,6,1,6,1596,1,11,6,1
201301RY10339,2,4,0,4,0,1,0,0,0,0,1,1,6,1,8,124,1,11,6,1
201301RY10340,1,2,0,18,0,0,0,0,0,0,0,1,6,3,-1,-1,-1,-1,-1,-1
201301RY10341,1,9,0,3,0,0,0,0,0,0,2,1,6,2,7,1796,1,6,7,1
201301RY10341,2,9,0,18,0,0,0,0,0,0,1,1,6,1,-1,-1,-1,-1,-1,-1
201301RY10342,1,11,0,18,0,1,0,0,0,0,0,1,1,1,8,4500,2,2,9,1
201301RY10343,1,9,0,18,0,1,0,0,0,0,1,1,6,1,8,1762,1,14,2,1
201301RY10343,2,9,0,4,0,1,0,0,0,0,2,1,6,2,7,1598,1,7,-1,-1
201301RY10345,1,9,0,5,0,0,0,0,0,0,4,1,6,3,-1,-1,-1,-1,-1,-1
201301RY10345,2,1,0,18,0,0,0,0,0,0,1,1,6,1,7,-1,-1,-1,5,1
201301RY10346,1,9,0,9,0,8,0,0,0,0,4,1,6,2,6,1199,1,14,2,1
201301RY10346,2,19,0,18,0,8,0,0,0,0,1,1,1,1,7,1998,2,9,7,1
201301RY10347,1,9,0,18,0,1,0,0,0,0,1,1,6,3,-1,998,1,10,-1,-1
201301RY10348,1,20,0,11,0,0,0,0,0,0,4,1,1,1,8,-1,-1,-1,10,1
201301RY10348,2,9,0,18,0,0,0,0,0,0,3,1,6,2,6,998,1,8,3,1
201301RY10351,1,9,0,9,0,5,0,0,0,0,2,1,6,1,6,-1,-1,-1,2,1
201301RY10351,2,3,0,18,0,1,0,0,0,0,1,1,6,1,5,-1,-1,-1,4,1
201301RY10352,1,9,0,18,0,8,0,10,5,1,1,1,6,2,6,1396,1,8,-1,-1
201301RY10353,1,9,0,9,0,8,0,0,0,0,4,1,6,2,9,-1,-1,-1,-1,-1
201301RY10353,2,4,0,18,0,8,0,0,0,0,1,1,6,1,5,125,1,5,8,1
201301RY10354,1,9,0,2,0,0,0,0,0,0,2,1,6,1,10,1968,2,8,-1,-1
201301RY10354,2,9,0,18,0,0,0,0,0,0,1,1,6,1,-1,1124,1,11,3,1
201301RY10355,1,9,0,3,0,0,0,0,0,0,2,1,6,2,6,1998,1,10,2,1
201301RY10355,2,9,0,18,0,0,0,0,0,0,1,1,1,1,6,-1,-1,-1,3,1
201301RY10356,1,9,0,16,0,0,0,0,0,0,1,1,6,2,7,-1,-1,-1,9,1
201301RY10356,2,9,0,2,0,0,0,0,0,0,2,1,6,3,-1,1999,1,5,-1,-1
201301RY10358,1,9,0,18,0,0,0,0,0,0,4,1,6,1,7,1596,1,12,3,1
201301RY10358,2,2,0,15,0,0,0,0,0,0,3,1,6,1,5,-1,-1,-1,9,1
201301RY10359,1,9,0,13,0,1,0,0,0,0,4,1,6,3,-1,-1,-1,-1,-1,-1
201301RY10359,2,1,0,18,0,1,0,0,0,0,3,1,6,1,6,-1,-1,-1,10,1
201301RY10360,1,9,0,5,0,1,0,0,0,0,1,1,6,1,7,1995,2,3,-1,-1
201301RY10360,2,9,0,5,0,1,0,0,0,0,2,1,6,2,4,1229,1,8,5,1
201301RY10361,1,4,0,18,0,2,0,0,0,0,1,1,6,1,5,123,1,-1,3,1
201301RY10362,1,9,0,4,0,1,0,0,0,0,2,1,4,2,6,-1,-1,-1,-1,-1
201301RY10362,2,19,0,18,0,1,0,0,0,0,1,1,1,1,4,2198,2,1,4,1
201301RY10363,1,19,0,14,0,0,0,0,0,0,4,1,6,3,-1,-1,-1,-1,-1,-1
201301RY10364,1,9,0,18,0,8,0,0,0,0,1,1,6,1,11,1086,1,8,4,1
201301RY10365,1,9,0,18,0,1,0,0,0,0,2,1,6,1,8,1896,2,5,8,1
201301RY10365,2,9,0,18,0,1,0,0,0,0,1,1,6,2,9,1242,1,11,-1,-1
201301RY10366,1,8,0,9,0,5,0,0,0,0,3,1,1,1,8,2664,2,15,10,1
201301RY10366,2,1,0,10,0,1,0,0,0,0,1,1,6,1,8,-1,-1,-1,5,1
201301RY10367,1,21,0,4,0,0,0,0,0,0,1,1,1,1,10,6870,2,1,-1,-1
201301RY10367,2,9,0,4,0,0,0,0,0,0,2,1,6,1,-1,-1,-1,-1,-1,-1