Accident_Index,Vehicle_Reference,Vehicle_Type,Towing_and_Articulation,Vehicle_Manoeuvre,Vehicle_Location-Restricted_Lane,Junction_Location,Skidding_and_Overturning,Hit_Object_in_Carriageway,Vehicle_Leaving_Carriageway,Hit_Object_off_Carriageway,1st_Point_of_Impact,Was_Vehicle_Left_Hand_Drive?,Journey_Purpose_of_Driver,Sex_of_Driver,Age_Band_of_Driver,Engine_Capacity_(CC),Propulsion_Code,Age_of_Vehicle,Driver_IMD_Decile,Driver_Home_Area_Type
201301RY10368,1,9,0,5,0,0,0,0,0,0,0,1,6,2,6,2327,1,14,2,1
201301RY10369,1,9,0,18,0,0,0,4,0,0,1,1,6,1,11,1596,1,12,10,1
201301RY10369,2,9,0,2,0,0,0,0,0,0,2,1,6,2,6,1997,2,10,-1,-1
201301RY10370,1,9,0,5,0,1,0,0,0,0,3,1,6,2,7,1685,2,1,8,1
201301RY10370,2,19,0,14,0,1,0,0,0,0,4,1,1,1,5,2287,2,2,2,1
201301RY10371,1,8,0,18,0,1,0,0,0,0,1,1,1,1,8,1229,1,6,4,1
201301RY10371,2,9,0,4,0,1,0,0,0,0,2,1,6,1,7,1339,1,7,4,1
201301RY10372,1,19,0,12,0,1,0,0,0,0,3,1,6,3,-1,-1,-1,-1,-1,-1
201301RY10373,1,19,0,18,0,0,0,0,0,0,2,1,1,1,6,-1,-1,-1,7,2
201301RY10373,2,9,0,7,0,0,0,0,0,0,1,1,6,1,11,999,1,1,4,1
201301RY10374,1,9,0,16,0,1,5,0,0,0,4,1,6,2,4,-1,-1,-1,4,1
201301RY10375,1,9,0,18,0,1,0,0,0,0,4,1,6,1,7,998,1,13,2,1
201301RY10375,2,9,0,7,0,6,0,0,0,0,1,1,6,1,9,1796,1,11,4,1
201301RY10376,1,9,0,18,0,1,0,0,0,0,3,1,6,2,4,1229,1,3,6,1
201301RY10376,2,1,0,11,0,1,0,0,0,0,4,1,6,1,7,-1,-1,-1,2,1
201301RY10377,1,9,0,13,0,1,0,0,0,0,4,1,6,1,6,1997,2,4,3,1
201301RY10377,2,1,0,9,0,1,0,0,0,0,3,1,6,1,6,-1,-1,-1,6,1
201301RY10378,1,11,0,5,0,1,0,0,0,0,0,1,1,1,8,9000,2,4,8,1
201301RY10379,1,1,0,18,9,0,0,0,0,0,3,1,6,1,5,-1,-1,-1,-1,-1
201301RY10379,2,20,0,18,0,0,0,0,0,0,4,1,6,3,-1,-1,-1,-1,-1,-1
201301RY10380,1,20,0,2,0,1,0,0,0,0,2,1,1,1,9,-1,-1,-1,4,1
201301RY10380,2,9,0,17,0,1,0,4,0,0,1,1,6,2,9,1299,1,7,2,1
201301RY10381,1,9,0,18,0,8,0,0,0,0,1,1,6,2,10,1598,1,3,5,1
201301RY10381,2,9,0,9,0,8,0,0,0,0,1,1,6,2,5,1998,1,8,7,1
201301RY10382,1,9,0,4,0,1,0,0,0,0,2,1,6,2,6,1995,1,6,2,1
201301RY10382,2,9,0,18,0,1,0,0,0,0,1,1,6,2,6,1753,2,11,8,1
201301RY10383,1,9,0,16,0,0,0,0,0,0,2,1,6,2,6,-1,-1,-1,2,1
201301RY10383,2,9,0,16,0,0,0,0,0,0,1,1,6,1,6,1900,2,8,-1,-1
201301RY10384,1,9,0,18,0,8,0,0,0,0,4,1,6,2,7,1995,2,8,4,1
201301RY10384,2,9,0,7,0,8,0,0,0,0,1,1,6,1,-1,1988,1,9,6,1
201301RY10385,1,9,0,5,0,0,0,0,0,0,3,1,6,2,6,1339,1,11,4,1
201301RY10385,2,9,0,18,0,0,0,0,0,0,4,1,6,1,9,-1,-1,-1,10,1
201301RY10386,1,11,0,18,0,8,0,0,0,0,0,1,1,1,8,6700,2,6,2,1
201301RY10386,2,9,0,7,0,8,0,0,0,0,0,1,6,1,7,1896,2,13,6,1
201301RY10387,1,9,0,18,0,1,0,0,0,0,3,1,6,2,5,1388,1,7,6,1
201301RY10387,2,9,0,9,0,8,0,0,0,0,4,1,6,1,4,-1,-1,-1,4,1
201301RY10388,1,9,0,18,0,0,0,0,0,0,1,1,6,2,9,1796,1,2,2,1
201301RY10388,2,90,0,18,0,0,0,0,0,0,2,1,6,1,6,-1,-1,-1,7,1
201301RY10389,1,8,0,3,0,0,0,0,0,0,2,1,1,1,6,1986,2,5,5,1
201301RY10389,2,9,0,18,0,0,0,0,0,0,1,1,6,3,-1,-1,-1,-1,-1,-1
201301RY10390,1,3,0,15,0,0,0,0,0,0,1,1,6,1,4,125,1,-1,1,1
201301RY10390,2,9,0,9,0,0,0,0,0,0,3,1,6,2,8,1598,1,7,10,1
201301RY10391,1,9,0,16,0,8,0,0,0,0,3,1,1,1,7,-1,-1,-1,5,1
201301RY10391,2,9,0,18,0,8,0,0,0,0,4,1,6,3,-1,-1,-1,-1,-1,-1
201301RY10392,1,9,0,7,0,2,0,0,0,0,1,1,6,1,9,1686,2,2,3,1
201301RY10392,2,9,0,18,0,1,0,0,0,0,1,1,6,2,9,-1,-1,-1,9,1
201301RY10393,1,9,0,4,0,0,0,0,0,0,1,1,6,1,4,1560,2,4,-1,-1
201301RY10393,2,9,0,11,0,0,0,0,0,0,2,1,6,2,5,1910,2,7,9,1
201301RY10394,1,9,0,3,0,1,0,0,0,0,2,1,6,1,11,-1,-1,-1,10,1
201301RY10394,2,9,0,18,0,1,0,0,0,0,1,1,6,3,-1,1149,1,8,-1,-1
201301RY10395,1,9,0,9,0,0,0,0,0,0,2,1,6,1,6,-1,-1,-1,4,1
201301RY10395,2,9,0,18,0,0,0,0,0,0,1,1,6,1,6,-1,-1,-1,4,1
201301RY10396,1,9,0,4,0,1,0,0,0,0,1,1,6,1,10,1360,1,11,9,1
201301RY10397,1,9,0,18,0,1,0,0,0,0,1,1,6,1,6,1998,1,4,10,1
201301RY10398,1,3,0,17,0,2,0,0,0,0,1,1,6,1,6,125,1,5,5,1
201301RY10398,2,9,0,18,0,1,0,0,0,0,1,1,6,3,-1,1149,1,6,-1,-1
201301RY10399,1,11,0,4,0,2,0,0,0,0,0,1,1,1,8,-1,-1,-1,4,1
201301RY10400,1,11,0,18,0,0,0,0,0,0,4,1,6,3,-1,-1,-1,-1,-1,-1
201301RY10401,1,9,0,9,0,8,0,0,0,0,1,1,6,2,6,1840,1,11,5,1
201301RY10401,2,9,0,9,0,8,0,0,0,0,1,1,6,2,7,1984,1,12,3,1
201301RY10402,1,9,0,18,0,1,0,0,0,0,2,1,6,2,8,1248,2,-1,6,1
201301RY10402,2,9,0,18,0,1,0,0,0,0,1,1,6,2,7,1339,1,7,6,1
201301RY10403,1,9,0,18,0,0,0,0,0,0,1,1,6,1,5,1329,1,3,10,1
201301RY10403,2,9,0,18,0,0,0,0,0,0,2,1,6,1,6,1596,1,3,-1,-1
201301RY10404,1,9,0,4,0,2,0,0,0,0,2,1,6,1,5,1995,1,10,5,1
201301RY10404,2,9,0,18,0,2,0,0,0,0,1,1,6,1,-1,1124,1,10,-1,-1
201301RY10406,1,9,0,18,0,2,0,0,0,0,3,1,6,1,7,-1,-1,-1,-1,-1
201301RY10407,1,19,0,4,0,1,0,0,0,0,2,1,6,1,9,1753,2,10,9,1
201301RY10407,2,9,0,4,0,1,0,0,0,0,1,1,6,1,5,1242,1,11,9,1
201301RY10408,1,3,0,13,0,2,0,0,0,0,4,1,6,1,4,124,1,4,2,1
201301RY10408,2,9,0,18,0,1,0,0,0,0,1,1,1,1,-1,3000,2,16,2,1
201301RY10408,3,9,0,18,0,2,0,0,0,0,3,1,6,1,10,1997,1,1,-1,-1
201301RY10409,1,90,0,18,0,0,0,10,1,10,4,1,1,1,7,-1,-1,-1,-1,-1
201301RY10410,1,1,0,18,0,0,0,0,0,0,1,1,6,1,8,-1,-1,-1,3,1
201301RY10411,1,9,0,3,0,1,0,0,0,0,1,1,6,2,7,1560,2,8,6,1
201301RY10411,2,19,0,1,0,1,0,0,0,0,2,1,1,1,-1,2287,2,-1,-1,-1
201301RY10412,1,9,0,9,0,1,0,0,0,0,3,1,6,2,4,-1,-1,-1,9,1
201301RY10412,2,4,0,13,0,1,0,0,0,0,1,1,6,1,6,749,1,4,5,3
201301RY10413,1,9,0,17,0,1,0,0,0,0,3,1,6,1,7,1299,1,8,9,1
201301RY10413,2,9,0,9,0,5,0,0,0,0,1,1,6,1,7,2793,1,14,2,1
201301RY10414,1,1,0,3,0,0,0,0,0,0,3,1,6,1,9,-1,-1,-1,7,1
201301RY10414,2,9,0,4,0,0,0,0,0,0,4,1,6,2,-1,998,1,3,-1,-1
201301RY10415,1,9,0,16,0,0,0,4,0,0,4,1,6,2,6,1360,1,8,8,1
201301RY10415,2,8,0,2,0,0,0,0,0,0,4,1,6,1,8,2499,2,5,9,1
201301RY10416,1,9,0,18,0,0,0,0,0,0,1,1,6,3,-1,-1,-1,-1,-1,-1
201301RY10417,1,9,0,18,0,8,0,0,0,0,4,1,6,2,8,1796,1,7,4,1
201301RY10417,2,9,0,9,0,8,0,0,0,0,1,1,6,1,11,1390,1,7,8,1
201301RY10420,1,9,0,7,0,6,0,0,0,0,1,1,6,1,-1,1896,2,9,7,1
201301RY10420,2,1,0,18,0,1,0,0,0,0,4,1,6,1,8,-1,-1,-1,7,1
201301RY10421,1,9,0,18,0,1,0,0,0,0,1,1,6,2,5,-1,-1,-1,6,1
201301RY10421,2,9,0,7,0,2,1,0,0,0,1,1,6,1,4,1242,1,9,9,1
201301RY10422,1,9,0,18,0,0,0,0,0,0,1,1,6,1,4,1199,1,11,4,1
201301RY10422,2,9,0,18,0,0,0,4,0,0,1,1,6,2,8,1390,1,9,5,1
201301RY10422,3,9,0,2,0,0,0,0,0,0,3,1,6,1,-1,1998,1,20,7,1
201301RY10423,1,9,0,18,0,1,0,0,0,0,4,1,6,3,-1,-1,-1,-1,-1,-1
201301RY10424,1,9,0,10,0,1,0,0,0,0,2,1,6,2,9,1596,1,10,7,1
201301RY10424,2,9,0,18,0,1,0,0,0,0,1,1,1,1,6,1396,1,10,7,1
201301RY10424,3,9,0,3,0,1,0,0,0,0,2,1,6,1,5,1199,1,9,2,1
201301RY10425,1,9,0,15,0,0,0,0,0,0,1,1,6,3,-1,-1,-1,-1,-1,-1
201301RY10426,1,9,0,18,0,1,0,0,0,0,1,1,6,2,6,1596,1,7,7,1
201301RY10426,2,9,0,7,0,2,0,0,0,0,1,1,6,1,-1,-1,-1,-1,9,1
201301RY10427,1,9,0,4,0,0,0,0,0,0,2,1,6,1,9,1997,2,6,6,3
201301RY10427,2,9,0,18,0,0,0,0,0,0,1,1,6,2,6,-1,-1,-1,8,1
201301RY10428,1,11,0,18,0,2,0,0,0,0,0,1,1,1,10,4500,2,5,6,1
201301RY10429,1,9,0,7,0,8,0,0,0,0,3,1,6,1,7,1796,1,2,-1,-1
201301RY10429,2,3,0,18,0,8,0,0,0,0,4,1,6,1,4,124,1,1,3,2
201301RY10430,1,9,0,9,0,8,0,0,0,0,1,1,6,1,-1,1599,1,9,7,1
201301RY10430,2,9,0,18,0,8,0,0,0,0,3,1,6,2,6,1988,1,11,2,1
201301RY10431,1,9,0,9,0,8,0,0,0,0,4,1,6,2,8,1995,1,11,3,1
201301RY10431,2,9,0,18,0,8,0,0,0,0,1,1,1,1,7,973,1,12,9,1
201301RY10432,1,9,0,8,0,0,0,0,0,0,2,1,6,1,8,1995,2,5,-1,-1
201301RY10432,2,19,0,8,0,0,0,0,0,0,1,1,1,1,5,2198,2,4,4,1
201301RY10433,1,9,0,7,0,0,0,0,0,0,4,1,6,1,10,1798,1,9,2,1
201301RY10433,2,19,0,18,0,0,0,0,0,0,3,1,1,1,8,-1,-1,-1,4,1
201301RY10435,1,9,0,18,0,8,0,0,0,0,4,1,6,2,8,1560,2,1,-1,-1
201301RY10435,2,1,0,18,0,8,0,0,0,0,1,1,6,1,6,-1,-1,-1,9,1
201301RY10437,1,4,0,18,0,0,0,0,0,0,3,1,6,1,5,499,1,12,-1,-1
201301RY10438,1,20,0,2,0,0,0,0,0,0,2,1,1,1,8,-1,-1,-1,2,1
201301RY10438,2,9,0,15,0,0,0,0,0,0,1,1,6,1,8,698,1,8,4,1
201301RY10439,1,19,0,18,0,8,0,0,0,0,3,1,6,1,7,1998,2,8,7,1
201301RY10439,2,19,0,18,0,8,0,0,0,0,1,1,6,1,6,2143,2,1,5,1
201301RY10440,1,11,0,7,0,2,0,0,0,0,4,1,1,1,5,9000,2,4,3,1
201301RY10441,1,9,0,5,0,0,0,0,0,0,1,1,6,1,8,1797,8,4,2,1
201301RY10442,1,9,0,18,0,1,0,0,0,0,1,1,1,2,10,1397,1,5,5,1
201301RY10442,2,9,0,10,0,1,0,0,0,0,2,1,6,1,8,1360,1,17,9,1
201301RY10444,1,9,0,18,0,8,0,0,0,0,4,1,6,2,9,1598,1,8,9,1
201301RY10444,2,9,0,18,0,8,0,0,0,0,1,1,1,1,9,-1,-1,-1,-1,-1
201301RY10445,1,9,0,9,0,8,0,0,0,0,3,1,6,2,9,1988,1,9,9,1
201301RY10445,2,2,0,18,0,8,0,0,0,0,1,1,6,1,-1,49,1,-1,-1,-1
201301RY10446,1,19,0,2,0,2,0,0,0,0,3,1,6,1,5,-1,-1,-1,-1,-1
201301RY10446,2,11,0,18,0,1,0,0,0,0,3,1,6,3,-1,-1,-1,-1,-1,-1
201301RY10447,1,9,0,18,0,8,0,0,0,0,3,1,6,1,4,-1,-1,-1,-1,-1
201301RY10447,2,9,0,9,0,8,0,0,0,0,1,1,6,1,6,1910,2,3,-1,-1
201301RY10448,1,9,0,7,0,0,0,0,0,0,3,1,6,1,6,-1,-1,-1,2,1
201301RY10448,2,9,0,18,0,0,0,0,0,0,1,1,6,1,7,-1,-1,-1,5,1
201301RY10449,1,9,0,18,0,0,0,0,0,0,2,1,6,1,6,1997,2,5,10,1
201301RY10449,2,9,0,18,0,0,0,0,0,0,1,1,6,2,-1,1390,1,2,8,1
201301RY10450,1,9,0,7,0,8,0,0,0,0,2,1,1,1,8,1997,2,4,9,1
201301RY10450,2,9,0,18,0,8,0,0,0,0,1,1,6,3,-1,-1,-1,-1,-1,-1
201301RY10451,1,8,0,18,0,0,0,0,0,0,1,1,1,1,6,1998,1,5,2,1
201301RY10452,1,11,0,3,0,2,0,0,0,0,0,1,1,1,8,6700,2,6,4,1
201301RY10453,1,9,0,9,0,0,0,0,0,0,4,1,6,1,5,1364,1,8,8,1
201301RY10453,2,9,0,18,0,0,0,0,0,0,1,1,6,1,4,1199,1,12,7,1
201301RY10454,1,9,0,9,0,1,0,0,0,0,3,1,6,2,5,1796,1,7,9,1
201301RY10454,2,4,0,18,0,1,0,0,0,0,1,1,6,1,-1,636,1,9,-1,-1
201301RY10454,3,9,0,2,0,2,0,0,0,0,3,1,6,3,-1,1598,1,15,-1,-1
201301RY10455,1,8,0,5,0,1,0,0,0,0,3,1,1,1,6,1968,2,5,2,1
201301RY10455,2,19,0,13,0,1,0,0,0,0,4,1,1,1,5,1753,2,7,6,1
201301RY10455,3,9,0,10,0,1,0,0,0,0,1,1,1,2,6,1364,1,8,5,1
201301RY10456,1,9,0,3,0,0,0,0,0,0,2,1,6,2,7,1598,1,1,4,1
201301RY10456,2,9,0,5,0,0,0,0,0,0,1,1,1,1,7,1798,1,5,9,1
201301RY10457,1,9,0,18,0,2,0,0,0,0,1,1,6,1,6,1364,1,8,5,1
201301RY10457,2,9,0,18,0,1,0,0,0,0,1,1,6,1,8,1392,1,15,4,1
201301RY10458,1,9,0,18,0,1,0,0,0,0,4,1,6,1,5,1461,2,-1,3,1
201301RY10458,2,9,0,2,0,1,0,0,0,0,3,1,6,1,8,1769,1,10,2,1
201301RY19002,1,9,0,18,0,0,0,0,0,0,3,1,6,1,-1,-1,-1,-1,-1,-1
201301RY19004,1,9,0,9,0,8,0,0,0,0,1,1,6,2,4,1596,1,10,9,1
201301RY19004,2,9,0,18,0,8,0,0,0,0,4,1,6,1,7,1991,2,8,7,1
201301RY19009,1,9,0,14,0,1,0,0,0,0,1,1,6,1,7,3311,8,5,5,1
201301RY19029,1,9,0,18,0,8,0,0,0,0,4,1,6,2,8,1242,1,-1,10,1
201301RY19029,2,9,0,18,0,8,0,0,0,0,1,1,6,2,6,1598,1,8,9,1
201301RY19034,1,19,0,2,0,0,0,0,0,0,2,1,6,1,7,2463,2,9,4,1
201301RY19034,2,19,0,1,0,0,0,0,0,0,2,1,6,1,7,-1,-1,-1,3,1
201301RY19044,1,19,0,18,0,8,0,0,0,0,1,1,6,1,8,-1,-1,-1,4,1
201301RY19044,2,9,0,9,0,8,0,0,0,0,4,1,6,1,7,-1,-1,-1,4,1
201301RY19067,1,2,0,18,0,2,0,0,0,0,3,1,6,1,5,49,1,12,2,1
201301RY19067,2,19,0,13,0,2,0,0,0,0,4,1,6,3,-1,-1,-1,-1,-1,-1
201301SX20001,1,9,0,18,0,1,1,0,0,0,1,1,6,2,6,1910,2,8,-1,-1
201301SX20001,2,9,0,18,0,1,0,0,0,0,2,1,6,1,5,1398,1,10,2,1
201301SX20003,1,9,0,9,0,8,0,0,0,0,1,1,6,1,8,3222,2,7,3,1
201301SX20003,2,1,0,18,0,8,0,0,0,0,3,1,6,1,8,-1,-1,-1,-1,-1
201301SX20004,1,9,0,3,0,2,0,0,0,0,1,1,2,1,9,1390,1,17,6,1
201301SX20004,2,9,0,1,0,1,0,0,0,0,2,1,6,1,-1,1796,1,13,-1,-1
201301SX20005,1,9,0,4,0,1,1,0,7,0,2,1,6,1,6,-1,-1,-1,5,1
201301SX20005,2,9,0,18,0,1,1,0,0,0,1,1,6,1,-1,1596,1,10,-1,-1
201301SX20006,1,11,0,18,0,2,0,0,0,0,1,1,1,1,6,4500,2,2,-1,-1
201301SX20008,1,9,0,9,0,6,0,0,0,0,3,1,6,1,5,973,1,11,5,1
201301SX20008,2,3,0,18,0,8,0,0,0,0,1,1,1,1,5,125,1,3,2,1
201301SX20009,1,9,0,18,0,8,0,0,0,0,1,1,6,1,8,1591,1,1,9,1
201301SX20010,1,9,0,13,0,1,0,0,7,10,1,1,1,1,8,999,1,3,7,1
201301SX20010,2,9,0,6,0,1,0,0,0,0,3,1,6,1,4,1229,1,8,10,1
201301SX20011,1,11,0,18,0,8,0,0,0,0,4,1,6,1,8,4500,2,5,-1,-1
201301SX20011,2,9,0,4,0,8,0,0,0,0,1,1,2,1,8,1598,2,1,-1,-1
201301SX20012,1,9,0,4,0,8,1,4,1,0,1,1,6,1,7,1995,2,9,4,1
201301SX20012,2,9,0,2,0,8,0,0,0,0,1,1,6,3,-1,1386,1,3,-1,-1
201301SX20013,1,9,0,7,0,8,0,0,0,0,3,1,6,1,8,1199,2,1,3,1
201301SX20013,2,3,0,18,0,8,0,0,0,0,1,1,6,1,5,124,1,1,3,1
201301SX20014,1,9,0,8,0,8,0,0,0,0,1,1,6,2,6,1598,1,9,3,1
201301SX20014,2,19,0,15,0,8,0,0,0,0,3,1,6,1,-1,-1,-1,-1,-1,-1
201301SX20015,1,9,0,3,0,2,0,0,0,0,2,1,6,1,7,1998,2,5,6,1
201301SX20015,2,9,0,1,0,2,0,10,0,0,2,1,6,1,-1,2967,2,5,-1,-1
201301SX20016,1,8,0,18,0,8,0,0,0,0,1,1,1,1,8,1910,2,8,3,1
201301SX20018,1,4,0,18,0,8,0,0,0,0,4,1,2,1,5,398,1,10,6,1
201301SX20018,2,9,0,9,0,6,0,0,0,0,1,1,2,2,5,1598,2,2,3,1
201301SX20019,1,9,0,9,0,8,0,0,0,0,1,2,6,1,4,-1,-1,-1,-1,-1
201301SX20019,2,8,0,18,0,8,0,0,0,0,3,1,1,1,9,1997,2,5,5,1
201301SX20020,1,8,0,18,0,8,0,0,0,0,3,1,1,3,-1,1896,2,5,-1,-1
201301SX20020,2,9,0,18,0,8,0,0,0,0,4,1,6,3,-1,1956,2,1,-1,-1
201301SX20022,1,9,0,18,0,6,0,0,0,0,1,1,6,3,-1,-1,-1,-1,-1,-1
201301SX20023,1,9,0,18,0,3,0,0,0,0,4,1,3,2,7,1998,1,7,7,1
201301SX20024,1,9,0,4,0,2,5,7,1,2,4,1,1,1,6,1364,1,4,5,1
201301SX20026,1,9,0,18,0,8,0,0,0,0,4,1,6,1,6,1999,1,8,3,1
201301SX20026,2,3,0,18,0,8,0,0,0,0,1,1,1,1,5,125,1,2,2,1
201301SX20027,1,9,0,4,0,0,0,0,0,0,1,1,6,1,11,998,1,10,5,1
201301SX20028,1,9,0,18,0,2,0,0,0,0,1,1,6,1,6,-1,-1,-1,10,1
201301SX20029,1,9,0,18,0,2,0,0,0,0,4,1,6,1,7,1870,2,8,2,1
201301SX20029,2,9,0,7,0,6,0,0,0,0,1,1,6,1,9,2198,2,4,5,1
201301SX20030,1,9,0,18,0,8,0,0,0,0,1,1,6,2,9,1299,1,10,-1,-1
201301SX20030,2,9,0,18,0,8,0,0,0,0,4,1,4,1,8,1299,1,13,-1,-1
201301SX20031,1,9,0,3,0,8,0,0,0,0,2,1,1,2,6,1995,1,5,7,1
201301SX20031,2,9,0,18,0,8,0,0,0,0,1,1,6,1,-1,1362,1,1,-1,-1
201301SX20033,1,3,0,18,0,8,0,0,0,0,1,1,6,1,8,124,1,5,5,1
201301SX20033,2,9,0,9,0,6,0,0,0,0,3,1,6,2,7,1984,1,4,6,1
201301SX20034,1,20,0,18,0,8,0,0,0,0,3,1,1,1,7,-1,-1,-1,-1,-1
201301SX20034,2,1,0,18,0,8,0,0,0,0,1,1,6,1,7,-1,-1,-1,-1,-1
201301SX20036,1,9,0,18,0,0,0,0,0,0,2,1,6,1,7,1896,2,7,5,1
201301SX20036,2,9,0,18,0,0,1,0,0,0,1,1,6,1,8,1398,1,1,5,1
201301SX20037,1,9,0,3,0,8,0,0,0,0,2,1,6,1,9,2398,5,14,-1,-1
201301SX20037,2,9,0,5,0,8,0,0,0,0,1,1,6,1,9,1598,1,20,4,1
201301SX20038,1,9,0,9,0,8,0,0,0,0,1,1,6,1,8,2324,1,11,6,1
201301SX20038,2,1,0,17,0,8,0,0,0,0,1,1,6,1,8,-1,-1,-1,7,1
201301SX20040,1,4,0,18,0,8,0,0,0,0,4,1,6,1,8,244,1,6,-1,-1
201301SX20040,2,9,0,9,0,6,0,0,0,0,1,1,6,1,7,1870,2,2,-1,-1
201301SX20041,1,1,0,15,0,8,0,0,0,0,1,1,2,1,8,-1,-1,-1,8,1
201301SX20041,2,9,0,9,0,5,1,0,0,0,4,1,6,1,-1,3248,1,13,-1,-1
201301SX20043,1,9,0,18,0,2,0,0,0,0,4,1,1,1,7,1995,2,12,4,1
201301SX20044,1,9,0,18,0,8,0,0,0,0,0,1,6,1,6,1364,2,5,2,1
201301SX20044,2,9,0,18,0,8,0,0,0,0,2,1,6,1,7,1998,2,7,7,1
201301SX20044,3,19,0,18,0,8,0,0,0,0,1,1,1,1,7,1598,1,3,2,1
201301SX20046,1,9,0,1,0,1,0,0,0,0,2,1,6,1,-1,-1,-1,-1,-1,-1
201301SX20047,1,9,0,4,0,1,0,0,0,0,3,1,6,1,5,-1,-1,-1,2,1
201301SX20048,1,8,0,18,0,0,0,0,1,10,1,1,6,1,6,1598,1,4,1,1
201301SX20049,1,11,0,4,0,0,0,0,0,0,0,1,1,1,7,3900,2,7,4,1
201301SX20050,1,9,0,4,0,8,0,0,0,0,2,1,6,2,7,999,1,12,2,1
201301SX20050,2,9,0,5,0,8,0,0,0,0,1,1,6,1,-1,-1,-1,-1,-1,-1
201301SX20051,1,9,0,13,0,8,0,0,0,0,4,1,6,2,7,1794,1,8,4,1
201301SX20051,2,9,0,9,0,8,0,0,0,0,1,1,6,2,5,-1,-1,-1,3,1
201301SX20052,1,9,0,18,0,1,0,0,0,0,1,1,6,3,-1,-1,-1,-1,-1,-1
201301SX20054,1,9,0,18,0,8,0,0,0,0,1,1,2,1,8,998,1,8,9,1
201301SX20054,2,9,0,18,0,8,0,0,2,10,3,1,2,1,8,-1,-1,-1,10,1
201301SX20055,1,9,0,4,0,1,0,0,0,0,2,1,6,2,6,1299,1,12,2,1
201301SX20055,2,9,0,5,0,1,0,0,0,0,1,1,1,1,8,-1,-1,-1,-1,-1
201301SX20055,3,19,0,5,0,1,0,0,0,0,1,1,1,1,9,2198,2,1,5,1
201301SX20056,1,9,0,9,0,8,0,0,0,0,1,1,6,1,10,1762,1,14,6,1
201301SX20056,2,3,0,7,0,8,0,0,0,0,3,1,1,1,7,125,1,4,-1,-1
201301SX20059,1,19,0,15,0,8,0,0,0,0,1,1,1,1,7,2402,2,9,6,1
201301SX20059,2,9,0,9,0,8,0,0,0,0,4,1,2,1,8,1299,1,11,-1,-1
201301SX20060,1,9,0,3,0,1,0,0,0,0,2,1,1,2,5,1598,1,5,4,1
201301SX20060,2,8,0,18,0,1,0,0,0,0,1,1,6,2,-1,2231,2,2,-1,-1
201301SX20061,1,9,0,17,0,0,0,0,0,0,3,1,6,2,6,1598,1,1,6,1
201301SX20063,1,3,0,18,0,0,0,0,0,0,3,1,2,1,5,124,1,4,3,1
201301SX20063,2,9,0,11,0,0,0,0,0,0,4,1,6,2,6,1984,1,14,8,1
201301SX20064,1,9,0,4,0,0,0,0,0,0,2,1,6,1,8,1896,2,6,1,1
201301SX20064,2,9,0,4,0,0,0,0,0,0,1,1,6,1,6,1596,1,9,5,1
201301SX20065,1,9,0,4,0,1,0,0,0,0,2,1,6,1,6,1995,1,10,2,1
201301SX20065,2,9,0,4,0,1,0,0,0,0,1,1,6,2,6,1910,2,7,7,1
201301SX20066,1,19,0,3,0,8,0,0,0,0,2,1,6,1,7,1560,2,1,5,1
201301SX20066,2,9,0,18,0,8,0,0,0,0,1,1,1,1,-1,1686,2,4,-1,-1
201301SX20068,1,9,0,18,0,8,0,4,7,2,1,1,1,1,11,1781,1,11,9,3
201301SX20068,2,19,4,3,0,8,0,0,0,0,2,1,6,1,8,2402,2,3,3,1
201301SX20068,3,9,0,2,0,8,0,0,0,0,2,1,6,3,-1,-1,-1,-1,-1,-1
201301SX20068,4,9,0,2,0,2,0,4,0,0,2,1,6,3,-1,1997,1,12,-1,-1
201301SX20068,5,9,0,2,0,2,0,4,0,0,2,1,6,3,-1,-1,-1,-1,-1,-1
201301SX20069,1,1,0,15,0,8,0,0,0,0,1,1,2,1,6,-1,-1,-1,8,1
201301SX20069,2,19,0,7,0,5,0,0,0,0,4,1,6,1,-1,-1,-1,-1,-1,-1
201301SX20070,1,9,0,7,0,8,0,0,0,0,1,1,6,2,7,1560,2,2,6,1
201301SX20070,2,9,0,18,0,8,0,0,0,0,4,1,6,1,6,-1,-1,-1,7,1
201301SX20071,1,9,0,9,0,8,0,0,0,0,1,1,6,1,10,1796,1,13,3,1
201301SX20072,1,9,0,18,0,1,1,10,1,10,1,1,6,1,5,1587,1,15,-1,-1
201301SX20073,1,9,0,9,0,8,0,0,0,0,3,1,2,1,7,1896,2,8,2,1
201301SX20073,2,3,0,13,0,8,0,0,0,0,1,1,2,1,5,125,1,7,4,1
201301SX20074,1,9,0,1,0,1,0,0,0,0,2,1,6,1,8,2000,1,7,-1,-1
201301SX20075,1,9,0,17,0,8,0,0,0,0,3,1,2,1,8,1896,2,13,4,1
201301SX20075,2,9,0,7,0,8,2,0,0,0,1,1,6,1,-1,1995,2,6,-1,-1
201301SX20076,1,19,0,2,0,0,0,0,0,0,2,1,6,3,-1,1998,2,12,-1,-1
201301SX20076,2,3,0,18,0,0,1,4,0,0,1,1,6,1,-1,124,1,14,-1,-1
201301SX20077,1,9,0,18,0,8,0,0,0,0,1,1,6,1,7,1896,2,12,-1,-1
201301SX20077,2,9,0,11,0,8,0,0,0,0,2,1,6,1,6,1900,2,7,3,1
201301SX20078,1,9,0,4,0,8,0,0,0,0,1,1,1,1,4,1398,1,1,5,1
201301SX20078,2,9,0,9,0,6,0,0,0,0,1,1,1,1,4,1198,1,9,6,1
201301SX20079,1,9,0,18,0,8,0,0,0,0,3,1,6,2,7,1910,2,5,3,1
201301SX20079,2,19,0,4,0,8,0,0,0,0,4,1,6,1,7,1753,2,7,3,1
201301SX20080,1,9,0,4,0,0,0,0,0,0,1,1,6,1,8,799,2,4,-1,-1