Accident_Index,Vehicle_Reference,Vehicle_Type,Towing_and_Articulation,Vehicle_Manoeuvre,Vehicle_Location-Restricted_Lane,Junction_Location,Skidding_and_Overturning,Hit_Object_in_Carriageway,Vehicle_Leaving_Carriageway,Hit_Object_off_Carriageway,1st_Point_of_Impact,Was_Vehicle_Left_Hand_Drive?,Journey_Purpose_of_Driver,Sex_of_Driver,Age_Band_of_Driver,Engine_Capacity_(CC),Propulsion_Code,Age_of_Vehicle,Driver_IMD_Decile,Driver_Home_Area_Type
201301SX20080,2,9,0,3,0,0,0,0,0,0,2,1,6,1,5,-1,-1,-1,-1,-1
201301SX20082,1,10,0,5,0,8,0,0,0,0,4,1,1,2,8,-1,-1,-1,-1,-1
201301SX20082,2,9,0,18,0,6,0,0,0,0,1,1,6,3,-1,-1,-1,-1,-1,-1
201301SX20083,1,3,0,18,0,8,0,0,0,0,1,1,6,1,-1,125,1,5,3,1
201301SX20083,2,9,0,18,0,8,0,0,0,0,3,1,6,2,10,1229,1,6,-1,-1
201301SX20084,1,9,0,18,0,8,0,0,0,0,1,1,6,1,6,2148,2,6,6,1
201301SX20084,2,9,0,9,0,8,0,0,0,0,1,1,6,2,10,1360,1,8,5,1
201301SX20085,1,9,0,18,0,0,0,0,0,0,3,1,6,2,6,-1,-1,-1,-1,-1
201301SX20087,1,9,0,9,0,5,0,0,0,0,1,1,6,1,7,2996,1,7,6,1
201301SX20087,2,1,0,18,0,8,0,0,0,0,1,1,6,1,7,-1,-1,-1,2,1
201301SX20089,1,9,0,11,0,8,1,0,0,0,4,1,6,1,5,1149,1,9,1,1
201301SX20089,2,9,0,18,0,8,0,0,0,0,3,1,6,2,10,1388,1,1,4,1
201301SX20090,1,9,0,18,0,1,0,0,0,0,1,1,6,1,6,1596,1,10,6,1
201301SX20090,2,9,0,4,0,1,0,0,0,0,2,1,6,1,9,1493,1,16,6,1
201301SX20091,1,9,0,10,0,1,0,0,0,0,2,1,6,2,5,1199,1,12,9,1
201301SX20091,2,9,0,4,0,1,0,0,0,0,1,1,6,2,-1,1596,1,3,-1,-1
201301SX20092,1,9,0,9,0,6,0,0,0,0,4,1,6,1,5,1199,1,10,3,1
201301SX20092,2,9,0,18,0,8,0,0,0,0,1,1,6,1,9,1390,1,12,4,1
201301SX20093,1,9,0,18,0,8,0,0,0,0,3,1,1,2,6,1796,1,4,10,1
201301SX20093,2,9,0,9,0,5,0,0,0,0,3,1,6,2,8,1998,1,11,7,1
201301SX20093,3,9,0,8,0,8,0,0,0,0,1,1,6,2,7,1968,2,5,6,1
201301SX20095,1,9,0,17,0,0,1,10,1,0,1,1,6,2,4,-1,-1,-1,2,1
201301SX20095,2,9,0,2,9,0,0,0,0,0,1,1,6,3,-1,2720,2,6,-1,-1
201301SX20097,1,9,0,18,0,2,0,0,0,0,4,1,6,1,7,1997,2,4,-1,-1
201301SX20097,2,9,0,6,0,2,0,0,0,0,3,1,6,3,-1,-1,-1,-1,-1,-1
201301SX20098,1,9,0,4,0,8,0,0,0,0,1,1,6,1,6,1995,2,1,6,1
201301SX20098,2,9,0,5,0,6,0,0,0,0,3,1,1,1,6,1600,1,14,-1,-1
201301SX20099,1,9,0,18,0,0,1,2,1,4,1,1,6,1,5,1596,1,1,3,1
201301SX20101,1,9,0,18,0,8,0,0,0,0,4,1,6,2,5,1388,1,8,7,1
201301SX20101,2,19,0,18,0,6,0,0,0,0,1,1,6,1,-1,2198,2,4,-1,-1
201301SX20103,1,9,0,18,0,2,0,0,0,0,4,1,2,1,7,1086,1,7,5,1
201301SX20103,2,9,0,15,0,2,0,0,0,0,1,1,6,1,-1,1998,2,11,-1,-1
201301SX20104,1,19,0,18,0,2,0,0,0,0,1,1,6,1,-1,2148,2,6,-1,-1
201301SX20104,2,9,0,3,0,2,0,0,0,0,2,1,1,2,6,-1,-1,-1,8,1
201301SX20105,1,3,0,13,0,0,0,0,0,0,4,1,6,1,4,125,1,1,7,1
201301SX20105,2,9,0,5,0,0,0,0,0,0,3,1,6,3,-1,-1,-1,-1,-1,-1
201301SX20106,1,3,0,18,0,1,0,0,0,0,2,1,2,1,7,125,1,6,1,1
201301SX20106,2,9,0,9,0,6,0,0,0,0,4,1,6,2,5,1995,2,10,3,1
201301SX20107,1,9,0,18,0,8,0,0,0,0,4,1,2,2,6,1388,1,2,2,1
201301SX20108,1,9,0,18,0,0,0,0,0,0,1,1,6,1,6,1895,1,14,4,1
201301SX20109,1,9,0,9,0,8,0,0,0,0,4,1,6,1,6,1493,1,18,6,1
201301SX20109,2,5,0,18,0,8,0,0,0,0,1,1,6,1,7,1098,1,6,-1,-1
201301SX20110,1,9,0,14,0,1,0,0,0,0,4,1,2,1,10,-1,-1,-1,3,1
201301SX20111,1,9,0,18,0,0,0,0,0,0,3,1,1,2,7,1343,1,9,1,1
201301SX20111,2,9,0,18,0,0,0,4,0,0,3,1,1,1,6,1796,1,14,7,1
201301SX20111,3,19,0,2,0,0,0,0,0,0,2,1,6,3,-1,-1,-1,-1,-1,-1
201301SX20112,1,9,0,5,0,6,0,0,0,0,1,1,6,2,10,-1,-1,-1,8,1
201301SX20112,2,19,0,18,0,8,0,0,0,0,3,1,6,1,8,1753,2,7,2,1
201301SX20114,1,9,0,9,0,6,0,0,0,0,4,1,2,2,8,1390,1,10,4,1
201301SX20114,2,9,0,18,0,8,0,0,0,0,4,1,6,1,6,2993,2,4,5,1
201301SX20116,1,1,0,18,0,8,0,0,0,0,1,1,6,2,4,-1,-1,-1,-1,-1
201301SX20117,1,9,0,4,0,1,0,0,0,0,2,1,2,1,7,875,1,-1,10,1
201301SX20117,2,9,0,18,0,1,0,0,0,0,1,1,6,3,-1,-1,-1,-1,-1,-1
201301SX20118,1,9,0,18,0,1,0,10,4,0,4,1,2,2,9,2084,1,10,3,1
201301SX20118,2,9,0,12,0,1,0,0,0,0,3,1,6,3,-1,-1,-1,-1,-1,-1
201301SX20122,1,19,0,3,0,1,0,0,0,0,1,1,1,1,6,2148,2,6,7,1
201301SX20122,2,9,0,3,0,1,0,0,0,0,2,1,6,1,7,2199,2,2,8,1
201301SX20122,3,9,0,18,0,1,0,0,0,0,2,1,6,1,7,2967,1,12,2,1
201301SX20123,1,9,0,18,0,7,0,0,0,0,2,1,6,2,5,1781,1,15,3,1
201301SX20123,2,9,0,18,0,7,0,0,0,0,1,1,6,2,8,2378,1,9,8,1
201301SX20124,1,9,0,4,0,1,0,0,0,0,1,1,6,1,7,-1,-1,-1,-1,-1
201301SX20124,2,9,0,4,0,1,0,0,0,0,2,1,6,1,4,999,1,16,5,1
201301SX20125,1,9,0,18,0,0,0,0,0,0,1,1,6,1,10,2720,2,5,6,1
201301SX20126,1,21,0,17,0,8,0,0,0,0,4,1,1,1,9,12900,2,4,-1,-1
201301SX20126,2,9,0,5,0,6,0,0,0,0,3,1,6,2,8,1396,1,2,-1,-1
201301SX20127,1,9,0,9,0,1,0,0,0,0,3,1,6,2,5,998,1,7,7,1
201301SX20127,2,9,0,18,0,1,0,0,0,0,1,1,6,1,6,1124,1,11,8,1
201301SX20128,1,1,0,9,0,8,0,0,0,0,4,1,6,1,4,-1,-1,-1,2,1
201301SX20128,2,19,0,18,0,8,0,0,0,0,1,1,6,1,-1,1399,2,3,-1,-1
201301SX20129,1,5,0,18,0,0,0,10,0,0,3,1,6,1,6,599,1,8,2,1
201301SX20130,1,9,0,3,0,1,0,0,0,0,2,1,6,1,6,1390,1,9,6,1
201301SX20130,2,9,0,18,0,1,0,0,0,0,1,1,6,1,-1,-1,-1,-1,-1,-1
201301SX20131,1,9,0,18,0,8,0,0,7,10,1,1,6,2,4,996,1,3,9,1
201301SX20131,2,9,0,18,0,8,0,0,0,0,0,1,6,2,-1,1595,1,11,-1,-1
201301SX20132,1,1,0,18,0,8,0,0,0,0,3,1,6,2,7,-1,-1,-1,8,1
201301SX20132,2,9,0,7,0,5,0,0,0,0,4,1,6,2,7,2149,2,6,7,1
201301SX20133,1,9,0,4,0,1,0,0,0,0,1,1,6,2,7,1598,1,10,8,1
201301SX20134,1,9,0,9,0,8,0,0,0,0,1,1,6,2,6,1998,1,8,2,1
201301SX20134,2,9,0,18,0,1,0,0,0,0,1,1,6,1,7,1597,1,15,6,1
201301SX20135,1,3,0,13,0,0,0,0,0,0,1,1,6,1,6,124,1,8,2,1
201301SX20136,1,9,0,4,0,0,0,0,0,0,2,1,2,1,6,1390,1,4,8,1
201301SX20136,2,5,0,4,0,0,0,0,0,0,1,1,2,1,6,649,1,3,2,1
201301SX20138,1,9,0,3,0,8,0,0,0,0,2,1,6,2,8,1296,1,14,10,1
201301SX20138,2,9,0,18,0,8,0,0,0,0,1,1,6,3,-1,-1,-1,-1,-1,-1
201301SX20139,1,9,0,18,0,1,1,0,0,0,1,1,6,2,6,1600,1,14,6,1
201301SX20139,2,9,0,18,0,1,0,0,0,0,2,1,6,1,-1,1798,1,14,-1,-1
201301SX20140,1,9,0,15,0,8,0,0,0,0,3,1,2,2,5,1242,1,2,7,1
201301SX20140,2,9,0,7,0,5,0,0,0,0,1,1,3,1,10,1596,1,1,7,1
201301SX20141,1,9,0,7,0,8,0,0,0,0,2,1,2,1,7,1995,2,11,5,1
201301SX20141,2,5,0,18,0,8,0,0,0,0,1,1,2,1,7,680,1,5,10,1
201301SX20142,1,9,0,18,0,0,0,0,0,0,3,1,6,1,8,1796,1,7,9,1
201301SX20142,2,9,0,12,0,0,0,0,0,0,3,1,6,2,10,1388,1,3,3,1
201301SX20142,3,9,0,18,0,0,0,0,0,0,3,1,6,1,8,2400,2,5,9,1
201301SX20143,1,9,0,18,0,0,0,0,0,0,3,1,6,1,10,1796,1,9,3,1
201301SX20144,1,9,0,18,0,8,0,0,0,0,1,1,6,1,7,1598,2,2,4,1
201301SX20144,2,1,0,18,0,8,0,0,0,0,1,1,6,1,5,-1,-1,-1,6,1
201301SX20145,1,9,0,9,0,6,0,0,0,0,3,1,6,2,5,1388,1,10,6,1
201301SX20145,2,9,0,18,0,8,0,0,0,0,1,1,6,1,-1,2435,1,15,-1,-1
201301SX20146,1,8,0,18,0,6,0,0,0,0,1,1,1,1,8,-1,-1,-1,-1,-1
201301SX20147,1,9,0,18,0,8,0,0,0,0,4,1,6,1,6,1389,1,14,8,1
201301SX20147,2,9,0,18,0,6,0,0,0,0,1,1,6,1,8,2597,1,11,6,1
201301SX20148,1,19,0,18,0,1,0,0,1,4,1,1,6,1,7,-1,-1,-1,2,1
201301SX20149,1,9,0,18,0,7,0,0,0,0,2,1,6,1,9,1364,1,5,4,1
201301SX20149,2,9,0,18,0,7,0,0,0,0,1,1,6,1,9,1343,1,22,5,1
201301SX20150,1,9,0,18,0,8,0,4,0,0,1,1,6,2,9,1299,1,10,4,1
201301SX20150,2,9,0,2,0,8,0,0,7,1,2,1,6,3,-1,1598,2,2,-1,-1
201301SX20153,1,9,0,9,0,6,0,0,0,0,1,1,6,2,-1,1229,1,5,-1,-1
201301SX20154,1,19,0,4,0,2,0,0,0,0,1,1,1,1,6,2402,2,10,7,1
201301SX20154,2,2,0,3,0,2,0,0,0,0,2,1,1,1,6,124,1,2,1,1
201301SX20155,1,11,0,18,0,8,0,0,0,0,4,1,1,1,7,4500,2,3,4,1
201301SX20155,2,9,0,9,0,8,0,0,0,0,3,1,6,1,6,1995,2,1,3,1
201301SX20156,1,9,0,18,0,0,0,0,0,0,1,1,6,1,-1,1242,1,4,-1,-1
201301SX20156,2,9,0,4,0,0,0,0,0,0,2,1,6,1,-1,2497,2,12,-1,3
201301SX20156,3,9,0,3,0,0,0,0,0,0,2,1,6,2,5,1390,1,1,9,1
201301SX20156,4,9,0,4,0,0,0,0,0,0,1,1,6,1,9,1896,2,11,5,1
201301SX20157,1,9,0,17,0,1,1,0,8,10,1,1,6,1,-1,-1,-1,-1,-1,-1
201301SX20158,1,5,0,18,0,8,0,0,0,0,4,1,1,1,6,600,1,8,6,1
201301SX20158,2,9,0,7,0,8,0,0,0,0,2,1,6,3,-1,-1,-1,-1,-1,-1
201301SX20159,1,9,0,18,0,8,0,0,1,1,1,1,6,1,6,1796,1,13,7,1
201301SX20159,2,8,0,9,0,8,0,0,7,0,1,1,1,1,9,1794,1,6,6,1
201301SX20160,1,9,0,18,0,8,0,0,0,0,1,1,2,1,9,1597,1,18,2,1
201301SX20160,2,9,0,9,0,8,0,0,0,0,3,1,6,2,8,1390,1,12,7,1
201301SX20161,1,9,0,4,0,0,0,0,0,0,2,1,6,1,6,1598,1,10,-1,-1
201301SX20161,2,9,0,4,0,0,0,0,0,0,1,1,6,1,7,1199,1,14,3,1
201301SX20161,3,9,0,18,0,0,0,0,0,0,1,1,2,1,8,-1,-1,-1,6,1
201301SX20163,1,9,0,17,0,8,0,0,0,0,3,1,6,1,8,1995,1,10,10,1
201301SX20163,2,9,0,5,0,8,0,0,0,0,4,1,6,1,4,1229,1,1,6,1
201301SX20164,1,9,0,9,0,5,0,0,7,10,1,1,6,1,6,1997,2,9,7,1
201301SX20165,1,9,0,18,0,0,1,0,5,6,1,1,2,1,5,1598,1,8,3,1
201301SX20165,2,9,0,12,0,0,0,0,0,0,0,1,6,3,-1,-1,-1,-1,-1,-1
201301SX20166,1,9,0,18,0,8,0,0,0,0,1,1,1,2,8,1597,1,3,8,1
201301SX20167,1,9,0,4,0,0,1,4,0,0,1,1,6,1,7,1598,1,13,1,1
201301SX20167,2,9,0,2,0,0,0,0,0,0,2,1,1,1,-1,-1,-1,-1,-1,-1
201301SX20168,1,9,0,6,0,8,0,0,0,0,3,1,2,1,4,1199,1,9,-1,-1
201301SX20168,2,3,0,13,0,8,0,0,0,0,1,1,2,1,6,125,1,4,-1,-1
201301SX20169,1,9,0,7,0,8,0,0,0,0,1,1,6,2,7,-1,-1,-1,8,1
201301SX20169,2,3,0,15,0,8,0,0,0,0,3,1,6,1,6,125,1,7,6,1
201301SX20170,1,9,0,18,0,8,0,0,0,0,3,1,1,1,8,2793,7,12,5,1
201301SX20170,2,9,0,9,0,8,0,0,0,0,1,1,1,1,-1,2987,2,6,3,1
201301SX20171,1,5,0,13,0,8,1,7,0,0,1,1,1,1,7,659,1,5,6,1
201301SX20171,2,9,0,9,0,5,0,0,0,0,3,1,6,1,-1,-1,-1,-1,-1,-1
201301SX20172,1,9,0,11,0,0,0,0,0,0,1,1,6,1,5,1997,1,1,10,1
201301SX20172,2,9,0,18,0,0,0,0,0,0,2,1,6,1,6,1000,1,13,2,1
201301SX20173,1,9,0,18,0,0,0,0,0,0,4,1,6,3,-1,-1,-1,-1,-1,-1
201301SX20174,1,5,0,5,0,8,0,0,0,0,4,1,2,1,8,885,1,15,-1,-1
201301SX20174,2,21,0,5,0,8,0,0,0,0,4,1,1,1,9,9364,2,8,4,3
201301SX20174,3,9,0,12,0,8,0,0,0,0,3,1,2,2,7,1360,1,10,2,1
201301SX20175,1,19,0,7,0,1,0,0,0,0,2,1,1,1,6,2402,2,9,5,1
201301SX20175,2,9,0,4,0,1,0,0,0,0,2,1,6,1,6,1686,2,10,4,1
201301SX20175,3,19,0,18,0,1,0,0,0,0,1,1,1,1,10,11705,2,4,7,3
201301SX20176,1,9,0,4,0,2,0,0,0,0,1,1,6,1,11,2499,1,3,-1,-1
201301SX20176,2,9,0,3,0,1,0,0,0,0,3,1,6,2,8,1229,1,2,-1,-1
201301SX20177,1,9,0,9,0,5,0,0,0,0,3,1,2,2,9,1560,2,5,6,1
201301SX20177,2,3,0,13,0,8,0,0,0,0,4,1,2,1,6,124,1,1,2,1
201301SX20178,1,9,0,4,0,8,1,0,0,0,1,1,6,1,5,2000,1,17,3,1
201301SX20179,1,8,0,8,0,1,0,0,0,0,2,1,1,1,7,1997,2,3,3,1
201301SX20179,2,9,0,18,0,1,0,0,0,0,1,1,6,1,-1,1390,1,8,-1,-1
201301SX20183,1,9,0,16,0,8,1,0,0,0,3,1,6,1,9,1242,1,12,8,1
201301SX20183,2,9,0,9,0,8,1,0,0,0,4,1,6,2,7,1968,2,8,6,1
201301SX20184,1,9,0,4,0,1,0,0,0,0,2,1,6,1,6,1968,2,7,2,1
201301SX20184,2,19,0,4,0,1,0,0,0,0,1,1,6,1,6,1753,2,7,5,1
201301SX20184,3,9,0,4,0,1,0,0,0,0,1,1,6,1,7,2099,1,9,10,2
201301SX20187,1,9,0,18,0,8,0,9,8,7,1,1,6,1,7,1389,1,12,-1,-1
201301SX20188,1,9,0,11,0,1,1,0,2,7,1,1,2,1,7,1968,2,5,-1,-1
201301SX20188,2,9,0,18,0,1,0,0,1,7,1,1,6,2,5,1796,1,8,1,1
201301SX20188,3,8,0,18,0,1,0,0,5,6,1,1,6,1,7,1910,2,4,3,1
201301SX20188,4,9,0,4,0,1,1,0,0,0,1,1,6,1,7,1984,1,10,9,1
201301SX20189,1,9,0,2,0,1,0,0,0,0,3,1,6,1,6,1699,1,5,-1,-1
201301SX20189,2,1,0,18,0,1,0,8,0,0,1,1,2,2,8,-1,-1,-1,9,1
201301SX20191,1,4,0,14,0,0,0,0,0,0,1,1,6,1,-1,1298,1,5,7,1
201301SX20192,1,9,0,4,0,0,1,0,4,6,3,1,2,1,-1,1896,2,-1,2,1
201301SX20192,2,9,0,12,0,0,0,0,0,0,0,1,2,2,7,1900,2,8,-1,-1
201301SX20193,1,3,0,18,0,2,0,0,0,0,4,1,6,2,9,-1,-1,-1,10,1
201301SX20195,1,9,0,4,0,8,1,0,2,7,1,1,6,2,4,599,1,13,2,1
201301SX20196,1,9,0,4,0,1,0,0,0,0,1,1,1,2,5,-1,-1,-1,8,1
201301SX20196,2,9,0,4,0,1,0,0,0,0,2,1,1,1,6,1992,2,6,4,1
201301SX20197,1,9,0,6,0,0,0,0,0,0,1,1,6,1,6,1388,1,8,7,1
201301SX20197,2,5,0,4,0,0,0,0,0,0,1,1,6,1,5,600,1,8,6,1
201301SX20198,1,9,0,18,0,8,0,0,0,0,1,1,6,2,8,1598,1,11,2,1
201301SX20198,2,9,0,9,0,8,0,0,0,0,3,1,6,1,7,-1,-1,-1,8,1
201301SX20201,1,9,0,18,0,8,0,0,0,0,1,1,6,1,5,-1,-1,-1,4,1
201301SX20201,2,9,0,4,0,8,0,0,0,0,2,1,6,1,5,-1,-1,-1,4,1
201301SX20202,1,11,0,9,0,8,0,0,0,0,4,1,6,1,-1,11967,2,5,-1,-1
201301SX20203,1,9,0,18,0,0,0,0,0,0,4,1,6,1,5,1598,2,-1,8,1
201301SX20203,2,2,0,18,0,0,0,0,0,0,3,1,6,1,7,124,1,9,2,1
201301SX20204,1,9,0,5,0,6,0,0,0,0,1,1,1,1,8,1998,1,9,5,1
201301SX20204,2,1,0,15,0,8,0,0,0,0,3,1,1,1,7,-1,-1,-1,2,1
201301SX20205,1,9,0,3,0,1,0,0,0,0,2,1,6,2,7,1584,1,12,8,1
201301SX20205,2,9,0,5,0,1,0,0,0,0,1,1,6,2,5,1149,1,6,9,1
201301SX20206,1,9,0,18,0,0,0,0,0,0,1,1,6,2,6,-1,-1,-1,6,1
201301SX20206,2,11,0,18,0,0,0,0,0,0,1,1,1,1,6,4500,2,2,4,1
201301SX20207,1,1,0,15,0,1,1,4,0,0,3,1,1,1,7,-1,-1,-1,10,1
201301SX20207,2,8,0,3,0,1,0,0,0,0,4,1,1,1,-1,-1,-1,-1,-1,-1
201301SX20207,3,9,0,2,0,1,0,0,0,0,4,1,6,3,-1,1590,1,12,-1,-1
201301SX20209,1,9,0,4,0,1,0,0,0,0,1,1,6,2,-1,-1,-1,-1,-1,-1
201301SX20210,1,9,0,12,0,0,0,0,0,0,4,1,6,2,4,1198,1,1,-1,-1
201301SX20210,2,19,0,4,0,0,0,0,0,0,2,1,6,1,-1,-1,-1,-1,-1,-1
201301SX20212,1,11,0,4,0,8,0,0,0,0,1,1,1,1,6,4500,2,5,4,1
201301SX20212,2,9,0,3,0,8,0,0,0,0,2,1,2,1,7,1794,1,11,7,1
201301SX20213,1,9,0,18,0,0,0,0,0,0,3,1,2,2,7,1598,2,-1,7,1
201301SX20213,2,9,0,18,0,0,1,0,0,0,2,1,2,2,7,1587,1,8,-1,-1
201301SX20213,3,19,0,18,0,0,1,0,0,0,2,1,1,1,6,1389,7,12,-1,-1
201301SX20213,4,20,0,11,0,0,0,0,5,6,1,1,1,1,7,2143,2,-1,-1,-1
201301SX20214,1,11,0,4,0,2,0,0,0,0,2,1,6,1,7,6700,2,5,6,1
201301SX20214,2,9,0,13,0,2,0,0,0,0,1,1,6,1,-1,1198,1,1,-1,-1
201301SX20215,1,9,0,9,0,5,0,0,0,0,1,1,6,1,9,1299,1,11,6,1
201301SX20215,2,3,0,15,0,8,0,0,0,0,1,1,6,1,6,124,1,1,3,1
201301SX20216,1,11,0,4,2,8,0,0,0,0,0,1,1,1,8,9000,2,4,-1,-1
201301SX20217,1,9,0,4,0,1,0,0,0,0,2,1,1,1,7,2179,2,12,-1,-1
201301SX20217,2,9,0,18,0,1,0,0,0,0,1,1,1,1,6,2180,2,17,3,1
201301SX20218,1,9,0,18,0,1,0,0,0,0,1,1,6,1,7,2143,2,-1,-1,-1
201301SX20218,2,9,0,3,0,1,0,0,0,0,2,1,6,2,6,-1,-1,-1,8,1
201301SX20218,3,9,0,4,0,1,0,0,0,0,1,1,6,1,9,-1,-1,-1,6,1
201301SX20218,4,9,0,3,0,1,0,0,0,0,2,1,6,1,5,1781,1,10,4,1
201301SX20219,1,19,0,18,0,8,5,10,2,7,4,1,2,1,6,1399,2,3,4,1
201301SX20220,1,9,0,18,0,8,1,0,1,0,4,1,6,1,7,1598,1,10,5,1
201301SX20220,2,9,0,18,0,6,0,0,0,0,1,1,6,1,-1,1984,1,11,4,1
201301SX20220,3,9,0,18,0,8,0,0,0,0,2,1,6,1,8,1598,1,10,10,3
201301SX20221,1,9,0,5,0,6,0,0,0,0,1,1,2,1,6,1798,1,8,4,1
201301SX20221,2,5,0,9,0,6,0,0,0,0,3,1,2,1,7,-1,-1,-1,3,1
201301SX20222,1,9,0,7,0,5,0,0,0,0,4,1,6,2,7,1242,1,13,7,1
201301SX20222,2,2,0,4,0,8,0,0,0,0,1,1,6,1,7,49,1,4,6,1
201301SX20225,1,9,0,4,0,2,1,0,0,0,1,1,6,1,7,1598,1,9,3,1
201301SX20226,1,9,0,18,0,8,0,0,0,0,4,1,6,1,8,2993,2,7,8,1
201301SX20226,2,9,0,7,0,8,0,0,0,0,1,1,6,2,-1,2401,2,6,8,1
201301SX20227,1,9,0,11,0,1,1,0,5,6,1,1,2,1,5,1599,1,8,3,1
201301SX20228,1,9,0,18,0,8,0,0,5,6,1,1,6,1,6,1598,1,4,3,1
201301SX20228,2,9,0,9,0,8,0,0,0,0,1,1,6,2,6,1587,1,7,5,1
201301SX20229,1,9,0,3,0,1,0,0,0,0,2,1,6,2,6,1794,1,8,-1,-1
201301SX20229,2,9,0,18,0,1,0,0,0,0,1,1,6,1,-1,1330,1,10,-1,-1
201301SX20230,1,9,0,18,0,8,1,0,0,0,4,1,3,2,7,1198,1,4,2,1
201301SX20230,2,9,0,18,0,6,0,0,0,0,1,1,6,2,-1,1796,1,2,-1,-1
201301SX20232,1,9,0,1,0,8,0,0,0,0,2,1,6,2,5,1396,1,13,1,1
201301SX20232,2,4,0,18,0,8,0,0,0,0,1,1,1,1,5,125,1,1,3,1
201301SX20233,1,9,0,12,0,0,0,0,0,0,2,1,6,1,8,1397,1,10,2,1
201301SX20233,2,9,0,18,0,0,0,0,0,0,1,1,6,1,8,2204,2,7,5,1
201301SX20234,1,9,0,18,0,1,1,0,0,0,2,1,6,1,6,1597,1,12,1,1
201301SX20234,2,9,0,18,0,1,1,0,0,0,1,1,6,2,7,1598,1,8,3,1
201301SX20235,1,9,0,5,0,2,0,0,0,0,1,1,6,2,8,1400,1,13,-1,-1
201301SX20236,1,9,0,9,0,5,0,0,0,0,1,1,6,2,6,1149,1,9,-1,-1
201301SX20237,1,9,0,18,0,2,0,0,0,0,1,1,6,1,5,1198,1,8,1,1
201301SX20237,2,9,0,13,0,1,0,0,0,0,1,1,6,2,-1,-1,-1,-1,-1,-1
201301SX20239,1,9,0,18,0,8,0,4,0,0,1,1,6,2,5,1995,2,4,5,1
201301SX20239,2,19,0,2,0,8,0,0,0,0,1,1,6,3,-1,2287,2,6,-1,-1
201301SX20240,1,9,0,4,0,2,0,0,0,0,2,1,6,1,-1,1390,1,13,4,1
201301SX20240,2,19,0,4,0,2,1,0,0,0,1,1,2,1,6,1998,2,10,2,1
201301SX20240,3,9,0,18,0,2,0,10,4,0,1,1,6,1,7,1999,1,7,10,1
201301SX20241,1,9,0,4,0,1,0,0,0,0,2,1,6,1,6,1588,1,14,5,1
201301SX20241,2,9,0,3,0,1,0,0,0,0,2,1,6,2,6,1390,1,1,9,1
201301SX20241,3,9,0,4,0,1,0,0,0,0,1,1,1,1,8,-1,-1,-1,-1,-1
201301SX20241,4,9,0,3,0,1,0,0,0,0,2,1,1,1,11,1753,2,10,-1,-1
201301SX20241,5,9,0,3,0,1,0,0,0,0,2,1,6,1,5,1422,2,10,6,1
201301SX20241,6,9,0,4,0,1,0,0,0,0,1,1,6,2,6,1598,1,8,5,1
201301SX20242,1,9,0,18,0,0,0,7,7,1,1,1,6,1,11,1341,1,9,8,1
201301SX20243,1,9,0,4,0,0,0,0,0,0,2,1,6,1,5,3724,1,10,5,1
201301SX20243,2,10,0,4,0,0,0,0,0,0,2,1,6,1,8,2500,2,13,2,1
201301SX20243,3,21,0,18,0,0,0,0,0,0,1,1,1,1,7,12740,2,3,6,1
201301SX20244,1,9,0,18,0,8,0,0,0,0,4,1,6,1,5,1240,1,10,2,1
201301SX20244,2,9,0,18,0,6,0,0,0,0,1,1,6,1,-1,1339,1,9,1,1
201301SX20245,1,5,0,11,0,1,1,0,2,7,1,1,6,1,6,599,1,14,5,1
201301SX20246,1,19,0,18,0,0,0,0,0,0,4,1,6,1,10,2494,2,5,5,1
201301SX20247,1,9,0,9,0,8,0,0,0,0,1,1,6,2,8,1598,1,-1,4,1
201301SX20247,2,5,0,15,0,8,0,0,0,0,1,1,6,1,7,599,1,9,6,1
201301SX20248,1,9,0,5,0,6,0,0,0,0,1,1,6,1,8,1781,1,19,5,1
201301SX20248,2,1,0,9,0,8,0,0,0,0,2,1,6,1,7,-1,-1,-1,2,1
201301SX20249,1,9,0,7,0,8,0,0,0,0,1,1,6,3,-1,-1,-1,-1,-1,-1
201301SX20250,1,9,0,7,0,5,0,0,0,0,1,1,6,1,-1,2000,2,7,9,1
201301SX20251,1,9,0,3,0,8,0,0,0,0,2,1,6,1,6,1388,1,14,3,1
201301SX20251,2,9,0,18,0,8,0,0,0,0,1,1,6,2,-1,1242,1,3,-1,-1
201301SX20252,1,9,0,18,0,8,0,0,0,0,3,1,6,3,-1,-1,-1,-1,-1,-1
201301SX20253,1,9,0,5,0,8,0,4,7,10,1,1,6,2,10,1348,1,12,-1,-1
201301SX20253,2,9,0,2,0,8,0,10,0,0,1,1,6,2,9,1242,1,11,-1,-1
201301SX20253,3,1,0,2,0,8,0,0,0,0,1,1,6,3,-1,-1,-1,-1,-1,-1
201301SX20254,1,9,0,7,0,8,0,0,0,0,1,1,6,3,-1,-1,-1,-1,-1,-1
201301SX20255,1,9,0,9,0,6,0,0,0,0,1,1,6,1,5,1560,2,1,9,3
201301SX20255,2,9,0,18,0,8,0,0,4,10,1,1,6,2,-1,2497,1,7,3,1
201301SX20256,1,8,0,9,0,5,0,0,0,0,3,1,1,1,8,1598,1,5,2,1
201301SX20256,2,9,0,13,0,8,0,0,0,0,4,1,6,2,8,1587,1,20,7,1
201301SX20257,1,19,0,4,0,1,1,0,0,0,2,1,2,1,6,2143,2,-1,-1,-1
201301SX20257,2,19,0,4,0,1,1,0,0,0,1,1,6,1,6,1870,2,11,-1,-1
201301SX20259,1,3,0,4,0,0,0,0,0,0,1,1,6,1,8,102,1,8,3,1
201301SX20260,1,9,0,12,0,0,1,0,5,6,1,1,2,2,5,998,1,6,7,2
201301SX20262,1,9,0,18,0,2,0,0,0,0,1,1,6,1,7,1397,1,11,6,1