Accident_Index,Vehicle_Reference,Vehicle_Type,Towing_and_Articulation,Vehicle_Manoeuvre,Vehicle_Location-Restricted_Lane,Junction_Location,Skidding_and_Overturning,Hit_Object_in_Carriageway,Vehicle_Leaving_Carriageway,Hit_Object_off_Carriageway,1st_Point_of_Impact,Was_Vehicle_Left_Hand_Drive?,Journey_Purpose_of_Driver,Sex_of_Driver,Age_Band_of_Driver,Engine_Capacity_(CC),Propulsion_Code,Age_of_Vehicle,Driver_IMD_Decile,Driver_Home_Area_Type
201301SX20448,1,8,0,11,0,1,0,0,0,0,4,1,1,1,8,1997,2,6,2,1
201301SX20448,2,9,0,18,0,1,0,0,5,6,3,2,2,1,5,-1,-1,-1,7,1
201301SX20450,1,9,0,9,0,8,0,0,0,0,4,1,1,2,9,1390,1,2,-1,-1
201301SX20450,2,4,0,18,0,8,0,0,0,0,1,1,6,1,5,124,1,3,5,1
201301SX20451,1,9,0,5,0,1,0,0,0,0,1,1,6,1,-1,1598,1,10,-1,-1
201301SX20452,1,9,0,18,0,8,0,0,0,0,1,1,6,1,7,1995,2,8,8,1
201301SX20452,2,9,0,5,0,8,0,0,0,0,3,1,6,2,11,999,1,13,4,1
201301SX20453,1,9,0,9,0,6,0,0,0,0,3,1,6,1,7,1299,1,13,-1,-1
201301SX20453,2,3,0,14,0,8,0,0,0,0,4,1,6,1,5,125,1,7,3,1
201301SX20454,1,9,0,18,0,8,0,4,1,7,3,1,6,2,7,2499,1,5,7,1
201301SX20454,2,9,0,2,0,8,0,0,0,0,1,1,6,1,6,1242,1,-1,7,1
201301SX20455,1,9,0,18,0,8,0,10,0,0,1,1,6,2,7,1997,2,3,-1,-1
201301SX20455,2,9,0,18,0,6,0,0,1,10,3,1,6,2,8,1598,1,4,6,1
201301SX20457,1,19,0,1,0,1,0,0,0,0,2,1,1,1,6,1998,2,7,-1,-1
201301SX20458,1,2,0,18,0,1,0,0,0,0,4,1,6,1,5,-1,-1,-1,4,1
201301SX20458,2,9,0,10,0,1,0,0,0,0,1,1,6,2,7,3498,1,6,2,1
201301SX20459,1,9,0,9,0,8,0,0,0,0,4,1,6,2,10,1598,1,11,5,1
201301SX20459,2,3,0,18,0,8,0,0,0,0,1,1,6,1,7,124,1,4,3,1
201301SX20460,1,1,0,18,0,0,0,4,0,0,1,1,6,1,8,-1,-1,-1,6,1
201301SX20460,2,9,0,2,0,0,0,0,0,0,3,1,6,1,-1,1086,1,5,3,1
201301SX20461,1,19,0,3,0,8,0,0,0,0,2,1,6,1,8,-1,-1,-1,10,3
201301SX20461,2,20,0,18,0,8,0,0,0,0,1,1,6,1,-1,-1,-1,-1,-1,-1
201301SX20464,1,9,0,5,0,6,0,0,0,0,3,1,6,2,11,1231,1,29,8,1
201301SX20464,2,1,0,15,0,8,0,0,0,0,1,1,6,2,6,-1,-1,-1,8,1
201301SX20465,1,8,0,9,0,5,0,0,0,0,1,1,6,1,9,2148,2,5,6,1
201301SX20465,2,3,0,18,0,8,0,0,0,0,3,1,6,1,4,125,1,8,6,1
201301SX20468,1,9,0,9,0,8,0,0,0,0,1,1,6,2,4,973,1,10,8,1
201301SX20468,2,9,0,18,0,8,0,0,0,0,4,1,6,2,10,1998,1,8,-1,-1
201301SX20469,1,9,0,3,0,1,0,0,0,0,2,1,6,1,6,998,1,17,7,1
201301SX20469,2,9,0,18,0,1,0,0,0,0,1,1,6,1,6,1598,1,13,8,1
201301SX20470,1,11,0,18,0,1,0,0,0,0,0,1,1,1,5,3900,2,11,5,1
201301SX20471,1,9,0,18,0,1,0,0,0,0,1,1,6,1,10,1998,1,14,6,1
201301SX20472,1,9,0,18,0,8,0,0,0,0,4,1,6,1,4,1796,1,5,5,1
201301SX20472,2,9,0,5,0,8,0,0,0,0,1,1,6,2,-1,1390,1,3,5,1
201301SX20473,1,9,0,18,0,1,0,0,0,0,1,1,6,1,9,2198,2,4,6,1
201301SX20473,2,9,0,3,0,1,0,0,0,0,2,1,6,1,7,1242,1,5,10,1
201301SX20475,1,9,0,18,2,8,0,0,0,0,1,1,6,1,9,1668,1,11,5,1
201301SX20475,2,9,0,9,0,5,0,0,0,0,4,1,6,1,5,1390,1,10,4,1
201301SX20476,1,19,0,18,0,1,0,0,0,0,4,1,2,1,5,2151,2,9,9,1
201301SX20478,1,3,0,18,0,1,0,0,0,0,1,1,1,1,4,-1,-1,-1,3,1
201301SX20479,1,9,0,9,0,1,0,0,0,0,3,1,2,2,8,1390,1,7,-1,-1
201301SX20479,2,5,0,14,0,1,0,0,0,0,1,1,2,1,5,499,1,8,4,1
201301SX20480,1,9,0,18,0,1,0,0,0,0,1,1,6,3,-1,2490,1,19,-1,-1
201301SX20481,1,8,0,18,0,8,0,0,0,0,4,1,3,1,7,1796,1,11,2,1
201301SX20481,2,9,0,1,0,6,0,0,0,0,2,1,6,1,-1,1994,2,10,-1,-1
201301SX20482,1,9,0,9,0,8,0,0,0,0,4,1,6,1,7,-1,-1,-1,3,1
201301SX20482,2,9,0,5,0,8,0,0,0,0,1,1,6,1,8,-1,-1,-1,6,1
201301SX20483,1,9,0,3,0,1,0,0,0,0,2,1,6,1,7,1798,1,8,2,1
201301SX20483,2,9,0,18,0,1,0,0,0,0,1,1,6,2,-1,-1,-1,-1,-1,-1
201301SX20485,1,9,0,18,0,8,0,10,1,0,1,1,6,1,9,2143,2,1,4,1
201301SX20485,2,9,0,9,0,8,0,0,0,0,4,1,6,1,7,1422,2,9,3,1
201301SX20486,1,9,0,2,0,2,0,0,0,0,3,1,6,1,7,1997,2,6,-1,-1
201301SX20486,2,9,0,9,0,2,0,4,0,0,1,1,6,2,-1,1998,1,13,-1,-1
201301SX20488,1,9,0,18,0,8,0,0,0,0,1,1,6,1,7,2204,2,8,5,1
201301SX20488,2,9,0,18,0,8,0,0,0,0,3,1,6,2,8,1390,1,10,9,1
201301SX20489,1,9,0,18,0,0,0,0,0,0,1,1,6,2,7,1992,2,5,9,1
201301SX20490,1,9,0,2,0,1,0,0,0,0,2,1,6,1,5,1598,2,1,3,1
201301SX20490,2,9,0,18,0,1,0,4,0,0,1,1,6,3,-1,1595,1,5,-1,-1
201301SX20491,1,5,0,4,0,1,1,0,0,0,1,1,6,2,6,645,1,4,7,1
201301SX20491,2,9,0,18,0,1,0,0,0,0,2,1,6,2,-1,1240,1,10,8,1
201301SX20491,3,9,0,12,0,1,0,0,0,0,0,1,6,1,-1,-1,-1,-1,-1,-1
201301SX20492,1,9,0,18,0,1,0,0,0,0,3,1,6,1,6,1299,1,14,6,1
201301SX20492,2,9,0,9,0,1,0,0,0,0,1,1,6,1,-1,1398,1,1,-1,-1
201301SX20494,1,9,0,7,0,8,0,0,0,0,4,1,6,3,-1,1242,1,2,-1,-1
201301SX20494,2,1,0,18,0,8,0,0,0,0,1,1,6,1,3,-1,-1,-1,3,1
201301SX20495,1,2,0,18,0,1,0,0,0,0,1,1,6,1,7,-1,-1,-1,4,1
201301SX20497,1,3,0,18,0,1,0,0,0,0,0,1,6,1,8,85,1,13,3,1
201301SX20498,1,9,0,3,0,0,0,0,0,0,2,1,6,1,9,1598,1,1,5,1
201301SX20498,2,9,0,18,0,0,0,0,0,0,1,1,6,1,-1,-1,-1,-1,6,1
201301SX20499,1,9,0,18,0,1,0,4,0,0,1,1,6,1,6,2143,2,-1,2,1
201301SX20499,2,9,0,5,0,2,0,4,0,0,1,1,6,2,10,1799,1,7,8,1
201301SX20500,1,9,0,6,0,8,0,0,0,0,3,1,6,1,7,1296,1,18,5,1
201301SX20500,2,5,0,14,0,8,0,0,0,0,4,1,1,1,7,1284,1,6,5,1
201301SX20501,1,9,0,18,0,0,0,0,0,0,4,1,3,2,7,1997,2,1,6,1
201301SX20502,1,9,0,18,0,1,0,0,0,0,1,1,6,1,6,1968,2,4,2,1
201301SX20502,2,9,0,4,0,1,0,0,0,0,2,1,6,1,7,1198,1,2,3,1
201301SX20503,1,9,0,3,0,1,0,0,0,0,2,1,6,1,10,1599,1,11,6,1
201301SX20503,2,9,0,18,0,1,0,0,0,0,1,1,6,2,9,1497,8,6,-1,-1
201301SX20505,1,19,0,18,0,0,0,0,0,0,1,1,1,1,5,2198,2,3,8,3
201301SX20506,1,9,0,4,0,1,0,0,0,0,2,1,6,1,7,1995,2,9,2,1
201301SX20506,2,19,0,18,0,1,0,0,0,0,1,1,1,1,6,2461,2,5,-1,-1
201301SX20507,1,19,0,18,0,8,0,0,0,0,1,1,1,1,6,-1,-1,-1,6,1
201301SX20507,2,9,0,3,0,8,0,0,0,0,2,1,6,2,7,1984,1,6,8,1
201301SX20509,1,8,0,11,0,1,0,0,0,0,4,1,6,2,7,2400,2,3,3,1
201301SX20509,2,11,0,15,0,1,0,0,0,0,3,1,1,1,-1,7300,2,11,-1,-1
201301SX20510,1,9,0,5,0,8,0,0,0,0,4,1,6,1,10,1956,2,4,-1,-1
201301SX20510,2,5,0,3,0,8,0,0,0,0,3,1,1,1,8,-1,-1,-1,-1,-1
201301SX20511,1,9,0,18,0,0,1,0,0,0,1,1,6,1,6,1396,1,17,5,1
201301SX20511,2,19,0,3,0,0,0,0,0,0,2,1,6,1,7,2461,2,7,-1,-1
201301SX20512,1,9,0,9,0,5,0,0,0,0,4,1,6,1,7,3125,2,12,4,1
201301SX20512,2,9,0,18,0,8,0,0,0,0,1,1,6,2,7,1398,1,3,4,1
201301SX20514,1,19,0,7,0,5,0,0,0,0,4,1,2,1,7,1248,2,8,7,1
201301SX20514,2,1,0,18,0,8,0,0,0,0,3,1,2,1,7,-1,-1,-1,10,1
201301SX20516,1,3,0,4,0,8,0,0,0,0,0,1,6,1,4,125,1,2,2,1
201301SX20516,2,9,0,5,0,8,0,0,0,0,0,1,6,1,7,1798,1,8,2,1
201301SX20517,1,9,0,4,0,0,0,0,0,0,4,1,6,2,8,1596,1,14,4,1
201301SX20517,2,3,0,12,0,0,0,0,0,0,3,1,6,1,8,85,1,13,4,1
201301SX20518,1,9,0,1,0,6,0,0,0,0,2,1,1,1,6,2143,12,-1,7,1
201301SX20519,1,9,0,1,0,8,0,0,0,0,2,1,6,2,6,1598,1,10,6,1
201301SX20520,1,90,0,18,0,8,0,0,0,0,4,1,6,1,8,-1,3,-1,10,1
201301SX20520,2,9,0,9,0,6,0,0,0,0,1,1,6,2,4,999,1,11,5,1
201301SX20521,1,9,0,4,0,2,0,0,0,0,4,1,6,2,4,-1,-1,-1,9,1
201301SX20522,1,9,0,18,0,0,0,0,0,0,1,1,6,1,-1,1560,2,2,-1,-1
201301SX20523,1,11,0,18,0,1,0,0,0,0,0,1,1,1,6,4500,2,4,3,1
201301SX20524,1,9,0,12,0,0,0,0,0,0,0,1,6,3,-1,-1,-1,-1,-1,-1
201301SX20524,2,9,0,18,0,0,0,0,0,0,3,1,6,1,6,1686,2,9,5,1
201301SX20524,3,9,0,18,0,0,0,10,1,2,4,1,6,1,8,1769,1,9,7,1
201301SX20525,1,19,0,9,0,8,0,0,0,0,3,1,6,1,7,2500,2,8,6,1
201301SX20525,2,5,0,18,0,8,0,0,0,0,1,1,6,2,6,599,1,14,6,1
201301SX20526,1,3,0,12,0,0,1,0,0,0,0,1,6,1,6,125,1,-1,3,1
201301SX20527,1,9,0,18,0,1,0,0,0,0,1,1,1,2,8,1998,1,8,6,1
201301SX20528,1,9,0,18,0,1,0,0,0,0,1,1,6,2,6,1597,1,16,6,1
201301SX20528,2,9,0,18,0,1,0,0,0,0,4,1,6,2,6,1995,2,3,8,1
201301SX20529,1,19,0,5,0,0,0,0,0,0,3,1,1,1,-1,1995,2,-1,-1,-1
201301SX20529,2,1,0,18,0,0,0,0,0,0,4,1,1,1,6,-1,-1,-1,6,1
201301SX20530,1,9,0,3,0,0,0,0,0,0,2,1,2,1,7,1242,1,1,9,1
201301SX20530,2,19,0,4,0,0,0,0,0,0,2,1,2,1,7,1700,2,13,5,1
201301SX20530,3,9,0,1,0,0,0,0,0,0,1,1,2,2,7,2987,2,6,3,1
201301SX20531,1,9,0,4,0,0,0,10,7,10,1,1,6,2,11,1596,1,9,7,1
201301SX20532,1,19,0,4,0,1,0,0,0,0,2,1,1,1,5,-1,-1,-1,9,1
201301SX20532,2,19,0,18,0,1,0,0,0,0,1,1,1,1,7,2402,2,3,-1,-1
201301SX20533,1,9,0,18,0,8,0,0,0,0,3,1,6,1,-1,998,1,12,-1,-1
201301SX20533,2,8,0,18,0,8,0,7,0,0,1,1,6,3,-1,-1,-1,-1,-1,-1
201301SX20534,1,11,0,5,0,0,0,0,0,0,0,1,1,1,8,-1,-1,-1,7,1
201301SX20535,1,9,0,18,0,1,0,0,0,0,1,1,6,3,-1,-1,-1,-1,-1,-1
201301SX20536,1,9,0,18,0,0,0,0,0,0,1,1,1,1,7,1896,2,3,10,1
201301SX20537,1,20,0,4,0,1,0,0,0,0,2,1,1,1,9,6370,2,1,3,1
201301SX20537,2,2,0,18,0,1,0,0,0,0,1,1,6,1,4,49,1,10,7,1
201301SX20539,1,9,0,17,0,0,1,0,0,0,1,1,6,1,6,1870,2,10,3,1
201301SX20539,2,9,0,18,0,0,0,0,1,0,3,1,6,2,6,1296,1,5,6,1
201301SX20539,3,19,0,18,0,0,0,0,0,0,1,1,6,1,9,1399,2,2,5,1
201301SX20540,1,9,0,18,0,1,0,0,0,0,1,1,6,3,-1,-1,-1,-1,-1,-1
201301SX20541,1,19,0,16,0,0,0,10,7,10,1,1,1,1,6,2148,2,5,4,1
201301SX20542,1,9,0,18,0,8,0,0,0,0,4,1,6,1,11,1498,1,3,8,1
201301SX20542,2,9,0,5,0,8,0,0,0,0,1,1,6,2,6,1198,1,10,6,1
201301SX20543,1,9,0,9,0,8,0,0,0,0,1,1,6,2,8,1124,1,8,5,1
201301SX20543,2,9,0,18,0,8,0,0,0,0,3,1,6,1,5,1149,1,7,8,1
201301SX20544,1,9,0,18,0,8,0,0,0,0,2,1,6,1,6,1999,1,6,5,1
201301SX20544,2,9,0,18,0,8,0,0,0,0,1,1,6,1,6,1797,8,3,3,1
201301SX20545,1,9,0,4,0,1,0,0,0,0,2,1,2,1,6,1560,2,6,3,1
201301SX20545,2,19,0,4,0,1,0,0,0,0,1,1,1,2,7,1998,2,7,-1,-1
201301SX20547,1,3,0,14,0,8,0,0,0,0,4,1,2,1,6,124,1,4,6,1
201301SX20547,2,9,0,9,0,8,0,0,0,0,1,1,6,2,-1,1329,1,1,-1,-1
201301SX20548,1,1,0,4,0,0,0,0,0,0,2,1,2,1,7,-1,-1,-1,6,1
201301SX20548,2,4,0,18,0,0,0,0,0,0,1,1,6,1,-1,-1,-1,-1,-1,-1
201301SX20548,3,9,0,4,0,0,0,0,0,0,2,1,6,3,-1,-1,-1,-1,-1,-1
201301SX20549,1,3,0,18,0,1,0,10,4,6,1,1,6,1,6,124,1,3,7,1
201301SX20552,1,9,0,18,0,0,0,0,0,0,1,1,6,1,5,1299,1,12,8,1
201301SX20552,2,8,0,4,0,0,0,0,0,0,2,1,1,1,6,1997,2,5,3,1
201301SX20552,3,8,0,4,0,0,0,0,0,0,2,1,1,1,5,1896,2,9,2,1
201301SX20553,1,9,0,9,0,8,0,0,0,0,3,1,6,1,8,1998,1,14,7,1
201301SX20553,2,2,0,18,0,8,0,0,0,0,1,1,6,1,7,124,1,2,7,1
201301SX20554,1,9,0,9,0,8,0,0,0,0,3,1,2,1,6,1360,1,12,6,1
201301SX20554,2,5,0,14,0,8,0,4,7,0,1,1,2,1,8,900,1,15,2,1
201301SX20555,1,19,0,3,0,1,0,0,0,0,2,1,1,1,8,2143,2,2,4,1
201301SX20555,2,9,0,4,0,1,0,0,0,0,1,1,1,1,7,1598,1,-1,10,1
201301SX20556,1,9,0,4,0,1,0,0,0,0,2,1,2,1,6,1991,1,16,4,1
201301SX20556,2,9,0,18,0,1,0,0,0,0,1,1,6,2,7,1870,2,3,5,1
201301SX20556,3,9,0,18,0,1,0,0,0,0,1,1,6,1,8,1762,1,17,6,1
201301SX20556,4,9,0,7,0,1,0,0,0,0,0,1,6,3,-1,-1,-1,-1,-1,-1
201301SX20557,1,9,0,18,0,0,0,0,0,0,1,1,6,1,8,278,1,-1,-1,-1
201301SX20557,2,9,0,6,0,0,0,0,0,0,3,1,6,1,9,1840,1,13,3,1
201301SX20559,1,1,0,18,0,2,0,0,0,0,1,1,2,1,6,-1,-1,-1,2,1
201301SX20560,1,9,0,9,0,1,0,0,0,0,3,1,2,2,8,1149,1,5,9,1
201301SX20560,2,3,0,13,0,1,0,0,7,10,4,1,2,1,6,125,1,3,4,1
201301SX20561,1,3,0,15,0,0,0,4,0,0,1,1,6,1,5,125,1,2,6,1
201301SX20561,2,9,0,3,0,0,0,0,0,0,4,1,6,1,7,1995,2,12,3,1
201301SX20561,3,8,0,2,0,0,0,0,0,0,3,1,1,1,7,2446,2,10,4,1
201301SX20563,1,11,0,4,2,0,0,0,0,0,0,1,1,1,9,8268,2,8,5,1
201301SX20563,2,8,0,18,0,0,0,0,0,0,0,1,6,1,-1,1896,2,5,-1,-1
201301SX20564,1,9,0,16,0,0,1,4,0,0,3,1,6,2,-1,2990,1,18,4,1
201301SX20564,2,19,0,2,0,0,0,0,0,0,3,1,6,3,-1,2998,2,7,-1,-1
201301SX20565,1,9,0,18,0,0,0,0,0,0,4,1,6,1,7,-1,-1,-1,-1,-1
201301SX20565,2,3,0,18,0,0,0,10,0,0,1,1,6,1,4,125,1,9,3,1
201301SX20566,1,9,0,5,0,1,0,0,0,0,1,1,1,1,6,1997,2,-1,3,1
201301SX20566,2,1,0,18,0,8,0,0,0,0,4,1,4,1,3,-1,-1,-1,8,1
201301SX20568,1,9,0,2,0,0,0,8,0,0,2,1,6,1,11,1597,1,14,8,1
201301SX20568,2,9,0,1,0,0,0,0,0,0,3,1,6,1,6,1991,1,15,3,1
201301SX20570,1,9,0,18,0,1,5,0,1,0,1,1,6,1,-1,1360,1,13,-1,-1
201301SX20570,2,9,0,18,0,1,0,0,0,0,2,1,6,2,5,1598,1,5,8,1
201301SX20570,3,9,0,18,0,1,0,0,0,0,0,1,1,1,-1,-1,-1,-1,-1,-1
201301SX20571,1,9,0,18,0,0,0,0,0,0,4,1,6,3,-1,-1,-1,-1,-1,-1
201301SX20572,1,8,0,18,0,0,0,0,0,0,1,1,1,1,10,1686,2,5,8,1
201301SX20572,2,9,0,3,0,0,0,0,0,0,3,1,6,1,-1,1596,1,9,8,1
201301SX20572,3,9,0,3,0,0,0,0,0,0,2,1,6,2,8,1598,1,4,3,1
201301SX20573,1,11,0,18,0,8,0,0,0,0,1,1,1,1,6,7300,2,11,5,1
201301SX20573,2,9,0,4,0,8,0,0,0,0,2,1,6,1,-1,3199,1,10,-1,-1
201301SX20574,1,9,0,18,0,1,0,0,0,0,3,1,2,1,7,1497,1,10,5,1
201301SX20574,2,11,0,18,0,1,0,0,0,0,1,1,1,1,9,6700,2,1,1,1
201301SX20575,1,1,0,18,0,8,0,0,0,0,1,1,6,1,5,-1,-1,-1,7,1
201301SX20575,2,9,0,9,0,8,0,0,0,0,4,1,6,2,-1,1596,1,8,-1,-1
201301SX20576,1,9,0,9,0,1,0,4,0,0,1,1,6,1,11,1339,1,2,9,1
201301SX20576,2,9,0,2,0,1,0,0,0,0,1,1,6,1,6,1984,1,12,-1,-1
201301SX20577,1,9,0,7,0,1,0,0,0,0,1,1,6,3,-1,-1,-1,-1,-1,-1
201301SX20577,2,1,0,18,0,8,0,0,0,0,4,1,6,1,6,-1,-1,-1,10,1
201301SX20578,1,9,0,5,0,0,0,0,0,0,1,1,6,3,-1,1598,1,8,-1,-1
201301SX20580,1,9,0,13,0,0,0,0,0,0,4,1,6,1,8,-1,-1,-1,-1,-1
201301SX20580,2,1,0,18,0,0,0,0,0,0,3,1,6,2,5,-1,-1,-1,10,1
201301SX20583,1,9,0,13,0,0,0,0,0,0,3,1,6,1,5,1781,1,6,7,1
201301SX20583,2,3,0,18,0,0,0,10,1,0,1,1,6,1,-1,100,1,13,-1,-1
201301SX20584,1,9,0,4,0,2,0,0,0,0,2,1,6,1,6,1998,2,11,6,1
201301SX20584,2,19,0,4,0,2,0,0,0,0,1,1,6,1,8,2143,2,3,5,1
201301SX20584,3,19,0,18,0,2,0,0,0,0,1,1,6,1,7,4580,2,2,4,1
201301SX20585,1,9,0,4,0,1,0,0,0,0,4,1,1,1,6,-1,-1,-1,8,1
201301SX20585,2,1,0,15,0,1,0,0,0,0,3,1,6,1,6,-1,-1,-1,3,1
201301SX20586,1,19,0,18,0,1,0,0,0,0,3,1,6,1,9,2402,2,10,7,1
201301SX20586,2,1,0,18,0,1,0,0,0,0,1,1,6,2,4,-1,-1,-1,-1,-1
201301SX20587,1,9,0,18,0,0,0,4,0,0,4,1,6,1,7,1895,1,13,2,1
201301SX20588,1,9,0,6,0,1,0,0,0,0,3,1,6,1,8,1997,2,5,6,1
201301SX20588,2,5,0,18,0,1,0,0,0,0,1,1,6,1,7,535,1,17,8,1
201301SX20589,1,9,0,18,0,0,0,0,0,0,4,1,6,2,6,1598,1,1,2,1
201301SX20590,1,9,0,6,0,0,0,0,0,0,3,1,6,1,5,2184,2,3,-1,-1
201301SX20590,2,4,0,18,0,0,0,0,0,0,1,1,6,1,5,600,1,9,4,1
201301SX20591,1,9,0,3,0,1,0,0,0,0,2,1,6,2,8,1388,1,10,3,1
201301SX20591,2,9,0,18,0,1,0,0,0,0,1,1,6,1,-1,1998,2,3,-1,-1
201301SX20593,1,9,0,18,0,1,0,0,0,0,1,1,6,2,5,1598,1,6,7,1
201301SX20593,2,9,0,18,0,1,0,0,0,0,2,1,6,1,-1,1995,2,10,-1,-1
201301SX20594,1,9,0,18,0,0,0,10,0,0,1,1,6,1,-1,1968,2,1,-1,-1
201301SX20595,1,9,0,5,0,1,0,0,0,0,1,1,6,1,9,1598,1,12,-1,-1
201301SX20596,1,5,0,18,0,2,0,0,0,0,1,1,6,1,8,1294,1,5,5,1
201301SX20597,1,9,0,18,0,0,0,0,0,0,2,1,6,1,6,-1,-1,-1,5,1
201301SX20597,2,9,0,18,0,0,0,0,0,0,1,1,6,1,7,2143,2,3,2,1
201301SX20598,1,9,0,9,0,8,0,0,0,0,3,1,6,2,7,1591,1,3,6,1
201301SX20598,2,3,0,14,0,8,0,0,0,0,1,1,6,1,5,122,1,9,8,1
201301SX20599,1,9,0,18,0,8,0,0,0,0,1,1,6,2,8,1796,1,8,4,1
201301SX20599,2,11,0,17,0,8,0,0,0,0,4,1,1,1,8,8300,2,7,6,1
201301SX20600,1,19,0,18,0,1,0,0,0,0,1,1,2,1,6,2198,2,1,2,1
201301SX20600,2,9,0,4,0,1,0,0,0,0,2,1,6,1,-1,-1,-1,-1,-1,-1
201301SX20601,1,11,0,3,0,2,0,0,0,0,2,1,1,1,9,6696,2,-1,4,1
201301SX20601,2,11,0,5,0,2,0,0,0,0,4,1,1,1,7,6700,2,1,3,1
201301SX20602,1,3,0,4,0,1,0,0,0,0,0,1,6,1,6,124,1,-1,-1,-1
201301SX20602,2,9,0,12,0,1,0,0,0,0,0,1,6,3,-1,-1,-1,-1,-1,-1
201301SX20603,1,19,0,3,0,0,0,0,0,0,4,1,6,1,-1,1997,2,3,7,1
201301SX20603,2,1,0,15,0,0,0,0,0,0,1,1,6,1,7,-1,-1,-1,10,1
201301SX20604,1,9,0,18,0,1,0,0,0,0,3,1,6,2,6,1997,1,12,3,1
201301SX20605,1,9,0,2,0,8,0,0,0,0,2,1,6,1,8,1596,1,9,3,1
201301SX20605,2,9,0,3,0,8,0,4,0,0,2,1,6,2,5,1396,1,11,10,1
201301SX20605,3,9,0,18,0,8,0,0,0,0,1,1,6,1,6,1600,1,8,2,1
201301SX20605,4,9,0,18,0,8,0,0,0,0,1,1,6,1,4,-1,-1,-1,-1,-1
201301SX20605,5,9,0,18,0,8,0,0,0,0,1,1,6,2,8,-1,-1,-1,5,1
201301SX20607,1,9,0,5,0,1,0,10,1,0,4,1,6,1,-1,3000,1,12,-1,-1
201301SX20608,1,9,0,4,0,0,1,0,0,0,1,1,6,2,7,1086,1,5,3,1
201301SX20608,2,9,0,4,0,0,0,0,0,0,2,1,6,2,10,999,1,12,7,1
201301SX20608,3,9,0,4,0,0,0,0,0,0,1,1,6,1,6,2979,1,6,6,1
201301SX20609,1,9,0,18,0,8,0,0,0,0,3,1,6,2,7,1590,1,10,7,1
201301SX20609,2,1,0,18,0,8,0,0,0,0,1,1,6,1,3,-1,-1,-1,2,1
201301SX20610,1,1,0,10,0,1,0,0,0,0,1,1,2,1,6,-1,-1,-1,8,1
201301SX20610,2,9,0,9,0,8,0,0,0,0,1,1,6,1,-1,1796,1,11,5,1
201301SX20611,1,9,0,5,0,8,0,0,0,0,1,1,6,2,6,2993,2,2,6,1
201301SX20611,2,9,0,18,0,8,0,0,0,0,3,1,6,1,-1,1587,1,11,-1,-1
201301SX20612,1,19,0,18,0,0,0,0,0,0,1,1,1,1,5,2300,2,8,8,3
201301SX20612,2,9,0,18,0,0,0,0,0,0,2,1,1,1,-1,2993,2,1,6,1
201301SX20612,3,9,0,18,0,0,0,0,0,0,2,1,6,2,7,1794,1,10,-1,-1
201301SX20613,1,9,0,4,0,2,0,0,0,0,4,1,6,1,7,2362,1,9,8,1
201301SX20614,1,11,0,5,0,0,0,0,0,0,0,1,1,1,7,4500,2,2,5,1
201301SX20616,1,8,0,9,0,1,0,0,0,0,1,1,1,1,7,1598,1,8,3,1
201301SX20617,1,3,0,18,0,8,1,0,0,0,0,1,6,1,6,125,1,3,3,1
201301SX20618,1,11,0,4,0,0,0,0,0,0,0,1,1,1,5,3900,2,7,3,1
201301SX20619,1,5,0,15,0,0,1,0,0,0,1,1,6,1,7,1000,1,5,2,1
201301SX20619,2,19,0,18,0,0,1,0,0,0,2,1,2,1,4,2198,2,3,7,1
201301SX20620,1,9,0,1,0,0,0,0,0,0,2,1,6,3,-1,-1,-1,-1,-1,-1
201301SX20621,1,9,0,18,0,0,0,10,0,0,3,1,6,2,5,1242,1,4,10,1
201301SX20621,2,9,0,11,0,0,0,0,0,0,4,1,6,3,-1,-1,-1,-1,-1,-1
201301SX20622,1,1,0,18,0,1,0,0,1,0,3,1,6,1,7,-1,-1,-1,1,1
201301SX20622,2,10,0,7,0,1,0,0,0,0,4,1,6,1,7,-1,-1,-1,-1,-1
201301SX20623,1,9,0,18,0,2,0,0,0,0,1,1,6,2,6,1299,1,9,5,1
201301SX20623,2,9,0,4,0,2,0,0,0,0,2,1,6,1,-1,1590,1,12,6,1
201301SX20624,1,10,0,18,0,0,0,0,0,0,0,1,1,2,7,2998,2,2,10,1
201301SX20624,2,20,0,18,0,0,0,0,0,0,0,1,6,3,-1,-1,-1,-1,-1,-1
201301SX20625,1,1,0,3,0,1,0,0,0,0,3,1,6,1,7,-1,-1,-1,2,1
201301SX20625,2,9,0,18,0,1,0,0,0,0,4,1,6,1,8,1998,1,14,-1,-1
201301SX20626,1,3,0,18,0,8,0,0,0,0,1,1,1,1,4,125,1,3,2,1
201301SX20626,2,9,0,18,0,8,0,0,0,0,4,1,6,1,6,1248,2,8,4,1
201301SX20627,1,9,0,9,0,2,0,4,0,0,1,1,6,2,8,1998,1,6,7,1
201301SX20627,2,9,0,2,0,2,0,0,0,0,2,1,6,3,-1,973,1,11,-1,-1
201301SX20627,3,9,0,2,0,2,0,0,0,0,2,1,6,3,-1,1360,1,10,-1,-1
201301SX20627,4,9,0,2,0,2,0,0,0,0,2,1,6,2,6,2777,2,5,7,1
201301SX20628,1,9,0,18,0,8,0,0,0,0,1,1,6,2,7,1896,2,7,8,1
201301SX20628,2,3,0,18,0,8,0,0,0,0,4,1,6,1,4,-1,-1,-1,6,1
201301SX20629,1,9,0,18,0,0,0,4,0,0,1,1,6,1,8,1896,2,10,6,1
201301SX20629,2,9,0,2,0,0,0,0,0,0,1,1,6,1,6,1968,2,4,-1,-1
201301SX20629,3,9,0,2,0,0,0,0,0,0,1,1,6,2,-1,996,1,3,-1,-1
201301SX20629,4,9,0,2,0,0,0,0,0,0,1,1,6,1,-1,2987,2,5,-1,-1