Accident_Index,Vehicle_Reference,Vehicle_Type,Towing_and_Articulation,Vehicle_Manoeuvre,Vehicle_Location-Restricted_Lane,Junction_Location,Skidding_and_Overturning,Hit_Object_in_Carriageway,Vehicle_Leaving_Carriageway,Hit_Object_off_Carriageway,1st_Point_of_Impact,Was_Vehicle_Left_Hand_Drive?,Journey_Purpose_of_Driver,Sex_of_Driver,Age_Band_of_Driver,Engine_Capacity_(CC),Propulsion_Code,Age_of_Vehicle,Driver_IMD_Decile,Driver_Home_Area_Type
201301SX20805,1,9,0,9,0,8,0,0,0,0,4,1,6,1,11,1360,1,12,6,1
201301SX20805,2,1,0,7,0,8,0,0,0,0,3,1,6,1,-1,-1,-1,-1,7,1
201301SX20807,1,9,0,9,0,8,0,0,0,0,1,1,6,2,10,1796,1,12,8,1
201301SX20807,2,1,0,9,0,8,0,0,0,0,3,1,6,1,8,-1,-1,-1,8,1
201301SX20808,1,9,0,18,0,0,0,4,1,0,1,1,6,2,10,1998,1,18,9,1
201301SX20808,2,9,0,2,0,0,0,0,1,0,1,1,6,3,-1,1598,1,9,-1,-1
201301SX20808,3,9,0,2,9,0,0,0,0,0,2,1,6,3,-1,1582,2,2,-1,-1
201301SX20809,1,9,0,18,0,0,0,10,1,10,4,1,2,1,6,3246,1,9,2,1
201301SX20810,1,9,0,18,0,0,0,0,0,0,2,1,6,2,7,-1,-1,-1,2,1
201301SX20810,2,9,0,18,0,0,0,0,0,0,1,1,6,2,6,1598,1,6,8,1
201301SX20811,1,9,0,10,0,8,0,0,0,0,2,1,6,1,4,1896,2,12,2,1
201301SX20811,2,9,0,18,0,8,0,0,0,0,1,1,6,1,-1,1796,1,8,8,1
201301SX20812,1,9,0,9,0,8,0,0,0,0,3,1,6,2,9,1248,1,4,7,1
201301SX20812,2,3,0,13,0,8,0,0,0,0,4,1,6,1,5,125,1,13,7,1
201301SX20814,1,9,0,3,0,0,0,0,0,0,2,1,6,1,9,1229,1,1,10,1
201301SX20814,2,9,0,5,0,0,0,0,0,0,1,1,6,1,-1,1595,1,-1,9,1
201301SX20815,1,9,0,18,0,8,1,0,0,0,4,1,6,1,6,1900,2,15,6,1
201301SX20816,1,9,0,3,0,1,0,0,0,0,2,1,6,2,6,1910,2,4,7,1
201301SX20816,2,9,0,18,0,1,0,0,0,0,1,1,6,2,-1,1998,1,8,5,1
201301SX20818,1,9,0,6,0,8,0,0,0,0,1,1,6,1,5,1968,2,-1,6,1
201301SX20818,2,3,0,18,0,8,0,0,0,0,3,1,6,1,8,-1,-1,-1,4,1
201301SX20820,1,9,0,9,0,8,0,0,0,0,1,1,6,2,8,-1,-1,-1,3,1
201301SX20820,2,5,0,18,0,8,0,0,0,0,1,1,6,1,6,998,1,9,3,1
201301SX20821,1,9,0,9,0,8,0,0,0,0,1,1,2,1,7,1998,1,10,8,1
201301SX20822,1,11,0,16,0,0,0,0,0,0,0,1,1,1,8,4500,2,2,3,1
201301SX20824,1,9,0,9,0,3,0,0,0,0,4,1,6,1,8,2987,2,6,6,1
201301SX20824,2,1,0,7,0,3,0,0,0,0,3,1,6,1,-1,-1,-1,-1,-1,-1
201301SX20825,1,9,0,3,0,0,0,0,0,0,2,1,6,2,5,1242,1,3,9,1
201301SX20825,2,9,0,5,0,0,0,0,0,0,1,1,6,1,9,1560,2,2,5,1
201301SX20826,1,9,0,7,0,2,0,10,1,10,1,1,6,1,5,1968,2,4,5,1
201301SX20826,2,9,0,7,0,2,0,0,0,0,0,1,6,3,-1,-1,-1,-1,-1,-1
201301SX20827,1,9,0,3,0,0,0,0,0,0,2,1,6,1,7,2993,2,6,7,1
201301SX20827,2,9,0,18,0,0,0,0,0,0,1,1,6,1,-1,1149,1,7,-1,-1
201301SX20828,1,9,0,1,0,6,0,0,0,0,2,1,6,1,-1,2295,1,12,-1,-1
201301SX20828,2,1,0,18,0,8,0,0,0,0,4,1,6,1,6,-1,-1,-1,-1,-1
201301SX20829,1,9,0,4,0,8,0,0,0,0,2,1,6,1,5,-1,-1,-1,3,1
201301SX20829,2,9,0,18,0,8,0,0,0,0,1,1,6,1,-1,-1,-1,-1,5,1
201301SX20831,1,9,0,16,0,1,5,4,0,0,1,1,6,1,7,1388,1,7,-1,-1
201301SX20832,1,19,0,2,0,0,0,0,1,0,2,1,1,1,8,1560,2,2,8,1
201301SX20832,2,9,0,18,0,0,0,0,0,0,1,1,6,1,5,1998,1,11,3,1
201301SX20836,1,9,0,4,0,1,0,0,0,0,2,1,1,1,4,1598,1,8,1,1
201301SX20836,2,19,0,18,0,1,0,0,0,0,1,1,1,1,6,2143,2,2,8,1
201301SX20837,1,9,0,18,0,0,1,7,5,6,1,1,2,2,6,1998,1,-1,10,2
201301SX20838,1,1,0,18,0,1,0,0,0,0,1,1,6,1,6,-1,-1,-1,2,1
201301SX20838,2,9,0,7,0,1,0,0,0,0,2,1,6,3,-1,-1,-1,-1,-1,-1
201301SX20840,1,9,0,12,0,8,1,0,0,0,1,1,6,1,6,1461,2,7,3,1
201301SX20840,2,8,0,3,0,8,0,0,0,0,2,1,1,1,7,1896,2,5,5,1
201301SX20840,3,8,0,18,0,8,0,0,0,0,3,1,1,1,7,2499,2,3,-1,-1
201301SX20841,1,19,0,4,0,1,0,0,0,0,1,1,6,1,6,2287,2,2,-1,-1
201301SX20842,1,9,0,5,0,8,0,0,0,0,1,1,6,1,6,1598,1,10,3,1
201301SX20843,1,9,0,13,0,0,0,0,0,0,4,1,6,1,10,1769,1,8,5,1
201301SX20843,2,1,0,18,0,0,0,0,0,0,3,1,6,1,6,-1,-1,-1,1,1
201301SX20844,1,3,0,18,0,1,0,0,0,0,4,1,6,1,7,-1,-1,-1,5,1
201301SX20845,1,9,0,5,0,8,0,0,0,0,1,1,6,1,9,1968,2,2,9,3
201301SX20845,2,9,0,18,0,8,0,0,0,0,1,1,6,1,6,875,1,2,8,3
201301SX20847,1,9,0,9,0,8,0,0,0,0,3,1,6,2,6,1598,1,7,8,1
201301SX20847,2,9,0,18,0,8,0,0,0,0,1,1,6,2,-1,1242,1,5,-1,-1
201301SX20848,1,9,0,18,0,0,1,0,7,2,1,1,2,2,5,1240,1,8,5,1
201301SX20849,1,9,0,2,0,0,0,0,0,0,4,1,6,1,7,1248,2,3,-1,-1
201301SX20849,2,9,0,18,0,0,0,0,0,0,1,1,6,1,8,-1,-1,-1,3,1
201301SX20850,1,9,0,18,0,8,0,0,0,0,4,1,6,2,6,-1,-1,-1,-1,-1
201301SX20851,1,9,0,18,0,0,0,0,0,0,3,1,3,2,6,1956,2,2,7,1
201301SX20851,2,9,0,18,0,0,0,0,0,0,3,1,6,1,6,3301,7,9,6,1
201301SX20852,1,9,0,18,0,0,0,7,1,0,4,1,6,1,7,2926,2,10,6,1
201301SX20853,1,9,0,9,0,6,0,0,0,0,1,1,6,1,10,1299,1,13,7,1
201301SX20853,2,9,0,18,0,8,0,0,0,0,3,1,6,1,9,1396,1,23,7,1
201301SX20854,1,9,0,3,0,1,0,0,0,0,2,1,1,2,8,-1,-1,-1,-1,-1
201301SX20854,2,9,0,3,0,1,0,0,0,0,2,1,6,2,7,2987,2,4,-1,-1
201301SX20854,3,11,0,18,0,1,0,0,0,0,1,1,1,1,8,9000,2,4,9,1
201301SX20855,1,19,0,4,0,0,0,0,0,0,1,1,1,1,6,-1,-1,-1,-1,-1
201301SX20856,1,9,0,18,0,0,0,4,0,0,1,1,6,2,9,1596,1,7,6,1
201301SX20856,2,9,0,2,0,0,0,4,1,0,1,1,6,3,-1,1721,1,23,-1,-1
201301SX20856,3,9,0,2,0,0,0,4,0,0,1,1,6,3,-1,1796,1,9,-1,-1
201301SX20858,1,9,0,9,0,8,0,0,0,0,1,1,3,2,7,1587,1,6,3,1
201301SX20858,2,1,0,18,0,8,0,0,0,0,3,1,6,1,8,-1,-1,-1,6,1
201301SX20861,1,9,0,13,0,1,5,0,7,0,1,1,2,1,7,1329,1,-1,3,1
201301SX20861,2,9,0,18,0,2,0,0,0,0,1,1,6,2,10,1229,1,3,7,1
201301SX20861,3,9,0,18,0,2,0,0,0,0,1,1,6,1,11,1797,8,1,8,1
201301SX20862,1,5,0,14,0,8,0,0,0,0,1,1,6,1,6,675,1,-1,7,1
201301SX20862,2,9,0,9,0,5,0,0,0,0,4,1,6,2,7,1598,1,5,2,1
201301SX20862,3,9,0,3,0,8,0,0,0,0,3,1,6,1,8,2143,2,2,6,1
201301SX20863,1,9,0,18,0,2,0,0,0,0,1,1,6,2,7,1997,2,-1,-1,-1
201301SX20863,2,1,0,9,0,6,0,0,0,0,3,1,6,1,5,-1,-1,-1,8,1
201301SX20864,1,9,0,6,0,8,0,0,0,0,1,1,6,2,6,1199,1,10,9,1
201301SX20865,1,9,0,4,0,1,0,0,0,0,2,1,2,2,9,1390,1,7,2,1
201301SX20865,2,9,0,18,0,1,0,0,0,0,1,1,6,2,7,1997,2,-1,3,1
201301SX20865,3,9,0,18,0,1,0,0,0,0,0,1,1,1,6,-1,-1,-1,-1,-1
201301SX20867,1,19,0,9,0,6,0,0,0,0,3,1,2,1,9,1248,2,7,6,1
201301SX20867,2,2,0,18,0,8,1,0,0,0,1,1,2,1,7,124,1,1,-1,-1
201301SX20868,1,11,0,5,0,1,0,0,0,0,1,1,6,1,-1,9360,2,1,-1,-1
201301SX20869,1,9,0,3,0,1,0,0,0,0,2,1,6,2,8,-1,-1,-1,7,1
201301SX20869,2,9,0,4,0,1,0,0,0,0,1,1,6,2,6,998,1,11,7,1
201301SX20870,1,9,0,18,0,1,1,4,1,10,1,1,6,2,5,998,1,9,-1,-1
201301SX20870,2,9,0,2,0,1,0,0,0,0,2,1,6,1,5,-1,-1,-1,6,1
201301SX20871,1,9,0,18,0,1,0,7,8,2,4,1,6,2,11,1299,1,11,8,1
201301SX20872,1,8,0,3,0,0,0,0,0,0,2,1,6,1,11,1329,1,1,8,1
201301SX20872,2,9,0,3,0,0,0,0,0,0,2,1,6,1,9,2993,2,4,10,1
201301SX20872,3,9,0,18,0,0,0,0,0,0,1,1,6,2,10,1390,1,12,10,1
201301SX20873,1,9,0,10,0,8,0,0,0,0,2,1,6,2,5,2148,2,4,5,1
201301SX20873,2,19,0,9,0,5,0,0,0,0,1,1,6,1,-1,2402,2,9,-1,-1
201301SX20874,1,9,0,3,0,1,0,0,0,0,2,1,3,2,7,1596,1,14,1,1
201301SX20874,2,9,0,4,0,1,0,0,0,0,1,1,6,1,-1,1497,1,13,-1,-1
201301SX20875,1,9,0,9,0,6,0,0,0,0,1,1,6,1,6,-1,-1,-1,-1,-1
201301SX20875,2,4,0,14,0,8,0,0,0,0,4,1,1,1,7,680,1,7,-1,-1
201301SX20876,1,9,0,3,0,8,0,0,0,0,2,1,6,2,10,1769,1,10,8,1
201301SX20876,2,9,0,18,0,8,0,0,0,0,1,1,6,1,-1,-1,-1,-1,-1,-1
201301SX20877,1,3,0,7,0,8,1,9,0,0,3,1,6,1,4,124,1,1,1,1
201301SX20878,1,9,0,11,0,0,1,0,0,0,4,1,6,1,6,-1,-1,-1,4,1
201301SX20878,2,9,0,18,0,0,1,0,1,10,3,1,6,1,6,1896,2,6,3,1
201301SX20878,3,9,0,18,0,0,1,0,0,0,3,1,6,1,5,1984,1,6,8,3
201301SX20879,1,11,0,4,0,8,0,0,0,0,0,1,1,1,6,9000,2,9,6,1
201301SX20880,1,3,0,18,0,8,0,0,0,0,3,1,6,2,6,108,1,-1,6,1
201301SX20880,2,9,0,7,0,5,0,0,0,0,1,1,6,1,-1,2720,2,6,-1,-1
201301SX20883,1,9,0,11,0,8,0,0,0,0,4,1,6,1,6,1598,1,11,3,1
201301SX20883,2,9,0,9,0,8,0,0,0,0,3,1,6,1,7,2143,2,2,4,1
201301SX20884,1,9,0,9,0,5,0,0,0,0,1,1,6,2,4,599,1,11,-1,-1
201301SX20884,2,2,0,13,0,8,1,0,0,0,4,1,1,1,4,124,1,2,-1,-1
201301SX20886,1,9,0,3,0,0,0,0,0,0,2,1,6,2,6,1997,2,10,6,1
201301SX20886,2,9,0,3,0,0,0,0,0,0,2,1,6,1,-1,999,1,4,8,1
201301SX20886,3,9,0,18,0,0,0,0,0,0,1,1,6,1,-1,1896,2,11,-1,-1
201301SX20887,1,19,0,4,0,8,0,0,0,0,3,1,6,1,9,1598,2,5,2,1
201301SX20887,2,5,0,9,0,8,0,0,0,0,1,1,6,1,5,798,1,-1,4,1
201301SX20888,1,5,0,4,0,0,0,0,0,0,1,1,2,1,5,1157,1,16,5,1
201301SX20888,2,21,0,12,0,0,0,0,0,0,2,1,6,3,-1,-1,-1,-1,-1,-1
201301SX20889,1,8,0,4,0,0,0,0,0,0,2,1,1,1,8,1598,1,5,2,1
201301SX20889,2,9,0,18,0,0,0,0,0,0,1,1,6,2,7,1999,1,10,-1,-1
201301SX20890,1,9,0,4,0,1,1,0,0,0,1,1,6,1,7,1968,2,2,3,1
201301SX20892,1,9,0,18,0,0,0,0,0,0,1,1,2,2,6,1800,1,6,-1,-1
201301SX20892,2,9,0,4,0,0,0,0,0,0,2,1,6,2,8,1461,2,1,4,1
201301SX20893,1,9,0,3,0,2,0,0,0,0,2,1,6,1,7,1796,1,8,9,1
201301SX20893,2,19,0,18,0,2,0,0,0,0,1,1,6,1,-1,2464,2,4,-1,-1
201301SX20894,1,9,0,7,0,6,0,0,0,0,4,1,6,2,9,1997,2,13,5,1
201301SX20895,1,11,0,7,0,5,0,0,0,0,1,1,1,1,6,3900,2,7,3,1
201301SX20896,1,9,0,18,0,0,1,0,0,0,1,1,6,1,4,1199,1,10,-1,-1
201301SX20896,2,19,0,3,0,0,0,0,0,0,2,1,1,1,8,1910,2,8,-1,-1
201301SX20897,1,9,0,18,0,0,0,0,0,0,4,1,6,1,10,1968,2,3,9,1
201301SX20898,1,9,0,18,0,0,0,0,0,0,4,1,6,2,-1,-1,-1,-1,-1,-1
201301SX20899,1,9,0,18,0,0,0,10,1,2,4,1,6,1,10,1896,2,10,4,1
201301SX20900,1,4,0,18,0,0,0,0,0,0,3,1,6,1,9,1340,1,4,8,1
201301SX20900,2,9,0,11,0,0,0,0,0,0,4,1,6,1,5,1598,2,1,1,1
201301SX20901,1,9,0,18,0,1,0,0,0,0,4,1,6,1,6,998,1,16,-1,-1
201301SX20902,1,9,0,9,0,6,0,0,0,0,1,1,6,2,7,1598,1,1,6,1
201301SX20903,1,9,0,18,0,1,0,0,0,0,3,1,6,1,8,1910,2,6,2,1
201301SX20903,2,9,0,18,0,2,0,7,0,0,3,1,6,1,4,1599,1,8,4,1
201301SX20904,1,11,0,6,0,8,0,0,0,0,3,1,1,1,8,9600,1,17,5,1
201301SX20904,2,5,0,13,0,8,1,0,0,0,1,1,2,1,6,916,1,15,8,1
201301SX20905,1,9,0,9,0,5,0,0,0,0,4,1,6,1,5,1995,2,7,10,1
201301SX20906,1,8,0,5,0,0,0,0,0,0,1,1,1,1,7,1497,8,7,4,1
201301SX20907,1,9,0,18,0,8,0,4,0,0,1,1,2,2,8,1198,1,7,7,1
201301SX20907,2,9,0,2,0,8,0,4,1,0,3,1,6,3,-1,999,1,13,-1,-1
201301SX20907,3,9,0,2,0,8,0,4,1,0,2,1,6,3,-1,1360,1,10,-1,-1
201301SX20908,1,9,0,18,0,1,0,0,0,0,1,1,6,1,8,-1,-1,-1,5,1
201301SX20909,1,9,0,5,0,2,0,0,0,0,1,1,6,2,7,1390,1,8,1,1
201301SX20909,2,9,0,3,0,2,0,4,7,10,2,1,6,2,8,2979,1,11,5,1
201301SX20909,3,9,0,2,9,2,0,0,0,0,4,1,6,3,-1,-1,-1,-1,-1,-1
201301SX20910,1,9,0,4,0,2,0,0,0,0,2,1,6,2,9,1998,1,11,7,1
201301SX20910,2,19,0,9,0,6,0,0,0,0,1,1,6,1,-1,-1,-1,-1,-1,-1
201301SX20911,1,19,0,18,0,8,0,0,0,0,3,1,1,1,7,2402,2,9,6,1
201301SX20911,2,9,0,18,0,8,0,0,0,0,1,1,6,2,7,1598,1,2,5,2
201301SX20913,1,3,0,18,0,8,0,0,0,0,3,1,2,1,6,-1,-1,-1,3,1
201301SX20913,2,20,0,9,0,6,0,0,0,0,4,1,1,1,6,2148,2,6,3,1
201301SX20914,1,9,0,18,0,1,0,0,0,0,4,1,1,2,6,3311,8,7,6,1
201301SX20914,2,9,0,11,0,1,0,0,0,0,3,1,1,1,9,1598,1,10,10,1
201301SX20915,1,9,0,9,0,5,0,0,0,0,1,1,6,2,-1,-1,-1,-1,-1,-1
201301SX20916,1,8,0,18,0,8,0,0,0,0,4,1,1,1,8,1997,2,-1,10,1
201301SX20916,2,3,0,9,0,5,0,0,0,0,3,1,2,1,7,125,1,5,7,1
201301SX20917,1,19,0,4,0,8,0,0,0,0,0,1,1,1,8,2461,2,2,3,1
201301SX20917,2,9,0,7,0,8,0,0,0,0,0,1,1,1,5,1499,2,-1,4,1
201301SX20918,1,9,0,9,0,5,0,0,0,0,1,1,6,1,10,-1,-1,-1,2,1
201301SX20919,1,9,0,5,9,0,0,0,0,0,1,1,6,2,8,1995,2,1,6,1
201301SX20921,1,9,0,18,0,8,1,0,5,6,2,1,6,1,5,1397,1,6,5,1
201301SX20921,2,9,0,4,0,8,1,4,0,0,4,1,6,1,6,2987,2,3,3,1
201301SX20921,3,9,0,18,0,8,0,0,0,0,2,1,6,1,7,1388,1,12,-1,-1
201301SX20922,1,9,0,7,0,5,0,0,0,0,4,1,6,2,9,1797,8,2,8,1
201301SX20922,2,1,0,15,0,8,0,0,0,0,1,1,6,1,3,-1,-1,-1,7,1
201301SX20923,1,9,0,18,0,8,0,0,0,0,4,1,3,2,-1,1596,1,2,6,1
201301SX20924,1,9,0,9,0,8,0,9,0,0,4,1,1,1,6,1149,1,15,10,1
201301SX20924,2,9,0,7,0,8,0,0,0,0,1,1,6,1,-1,-1,-1,-1,-1,-1
201301SX20926,1,9,0,18,0,0,0,0,0,0,3,1,6,3,-1,-1,-1,-1,-1,-1
201301SX20927,1,21,0,3,0,0,0,0,0,0,2,1,1,1,8,4250,2,8,3,1
201301SX20927,2,9,0,3,0,0,0,0,0,0,2,1,6,2,7,1896,2,7,3,1
201301SX20927,3,21,0,18,0,0,0,0,0,0,1,1,1,1,6,12740,2,-1,-1,-1
201301SX20928,1,11,0,9,0,8,0,10,0,0,4,1,1,2,7,4500,2,3,5,1
201301SX20930,1,90,0,5,0,8,0,0,1,10,2,1,1,1,-1,-1,-1,-1,-1,-1
201301SX20931,1,5,0,4,0,8,0,0,0,0,1,1,6,1,6,645,1,11,6,1
201301SX20931,2,9,0,9,0,5,0,0,0,0,4,1,6,1,-1,1587,1,20,7,1
201301SX20932,1,11,0,4,0,1,0,0,0,0,0,1,1,1,7,6696,2,-1,5,1
201301SX20932,2,9,0,5,0,1,0,0,0,0,0,1,6,2,6,1149,1,9,3,1
201301SX20934,1,9,0,9,0,6,0,0,0,0,4,1,6,1,7,2793,1,16,2,1
201301SX20934,2,1,0,5,0,6,0,0,0,0,1,1,6,1,6,-1,-1,-1,5,1
201301SX20937,1,9,0,18,0,8,0,0,0,0,1,1,6,2,9,1995,2,1,7,1
201301SX20937,2,9,0,18,0,8,0,0,1,0,3,1,6,2,7,1984,1,5,8,1
201301SX20939,1,11,0,4,0,1,0,0,0,0,0,1,1,1,4,7300,2,11,5,1
201301SX20941,1,19,0,18,0,8,0,0,0,0,4,1,6,1,8,-1,-1,-1,2,1
201301SX20941,2,1,0,18,0,6,0,0,0,0,1,1,6,1,3,-1,-1,-1,6,1
201301SX20942,1,9,0,18,0,1,0,0,0,0,4,1,6,1,11,1395,1,-1,5,1
201301SX20943,1,9,0,14,0,1,0,0,0,0,1,1,6,1,8,1598,1,10,4,1
201301SX20944,1,5,0,18,0,8,0,0,0,0,1,1,2,1,6,645,1,2,8,1
201301SX20944,2,19,0,9,0,6,0,0,0,0,3,1,6,1,-1,1300,1,4,-1,-1
201301SX20945,1,9,0,18,0,8,0,0,0,0,3,1,6,1,-1,1900,2,7,-1,-1
201301SX20945,2,9,0,7,0,8,0,0,0,0,4,1,6,1,8,2967,1,14,5,1
201301SX20946,1,5,0,4,0,8,0,0,0,0,2,1,6,1,7,499,1,19,9,1
201301SX20946,2,9,0,4,0,8,0,0,0,0,1,1,6,1,7,1984,1,12,6,1
201301SX20946,3,9,0,4,0,8,0,0,0,0,2,1,6,1,8,2440,2,21,9,1
201301SX20947,1,9,0,4,0,1,0,0,0,0,2,1,6,1,5,1598,1,3,6,1
201301SX20947,2,9,0,4,0,1,0,0,0,0,1,1,6,1,4,1390,1,3,10,1
201301SX20949,1,9,0,4,0,2,0,0,0,0,3,1,6,2,9,1299,1,10,-1,-1
201301SX20949,2,9,0,18,0,1,0,0,0,0,3,1,6,3,-1,-1,-1,-1,-1,-1
201301SX20950,1,9,0,9,0,6,0,10,1,0,3,1,6,1,7,1124,1,8,3,1
201301SX20950,2,9,0,18,0,8,0,0,0,0,1,1,6,1,8,2793,1,12,3,1
201301SX20951,1,9,0,18,0,1,0,0,0,0,1,1,2,1,7,1985,1,12,-1,-1
201301SX20952,1,9,0,4,0,1,0,0,0,0,2,1,6,1,7,2494,1,10,2,1
201301SX20952,2,9,0,18,0,1,0,0,0,0,1,1,6,1,7,1995,2,5,-1,-1
201301SX20955,1,9,0,18,0,8,0,0,0,0,4,1,6,2,9,1329,1,1,5,1
201301SX20955,2,19,0,9,0,6,0,0,0,0,1,1,6,2,6,1753,2,9,6,1
201301SX20956,1,9,0,2,0,8,0,0,0,0,3,1,6,1,8,2993,2,2,8,1
201301SX20956,2,3,0,18,0,8,0,4,0,0,1,1,1,1,-1,125,1,2,5,1
201301SX20958,1,9,0,1,0,2,0,0,0,0,2,1,6,1,-1,1970,1,12,-1,-1
201301SX20959,1,9,0,4,0,1,0,0,0,0,2,1,6,2,6,1242,1,-1,8,1
201301SX20959,2,19,0,4,0,1,0,0,0,0,1,1,2,1,6,1598,2,2,-1,-1
201301SX20959,3,9,0,4,0,1,0,0,0,0,2,1,6,3,-1,-1,-1,-1,-1,-1
201301SX20960,1,9,0,18,0,8,1,4,0,0,4,1,2,2,5,1242,1,3,6,1
201301SX20960,2,9,0,18,0,8,0,0,0,0,1,1,6,1,-1,1560,2,2,8,1
201301SX20960,3,9,0,2,0,1,0,0,0,0,1,1,6,3,-1,1598,1,13,-1,-1
201301SX20961,1,9,0,9,0,6,0,0,0,0,1,1,6,1,6,1596,1,10,1,1
201301SX20961,2,9,0,18,0,8,0,0,0,0,4,1,6,1,7,1968,2,5,2,1
201301SX20962,1,9,0,2,0,8,0,0,0,0,2,1,3,1,7,1596,1,-1,7,1
201301SX20962,2,9,0,1,0,8,0,4,0,0,2,1,2,2,8,1796,1,10,6,1
201301SX20963,1,9,0,4,0,2,0,0,0,0,2,1,6,1,5,1995,2,8,4,1
201301SX20963,2,9,0,4,0,2,0,0,1,0,1,1,6,1,8,1587,1,6,10,1
201301SX20963,3,9,0,18,0,2,0,0,0,0,1,1,6,3,-1,1598,1,7,-1,-1
201301SX20964,1,1,0,15,0,8,0,0,0,0,1,1,6,1,7,-1,-1,-1,9,1
201301SX20964,2,9,0,9,0,5,0,0,0,0,4,1,6,2,10,1360,1,13,10,1
201301SX20965,1,9,0,6,0,0,0,0,0,0,3,1,6,1,9,-1,-1,-1,2,1
201301SX20965,2,9,0,4,0,0,0,0,0,0,1,1,6,1,5,1124,1,12,7,1
201301SX20966,1,8,0,18,0,1,0,0,0,0,4,1,6,1,6,2987,2,8,1,1
201301SX20967,1,9,0,13,0,0,0,0,0,0,1,1,6,1,8,2000,2,2,10,1
201301SX20967,2,9,0,2,0,0,0,0,0,0,4,1,6,3,-1,-1,-1,-1,-1,-1
201301SX20967,3,9,0,4,0,0,0,4,0,0,1,1,1,1,6,-1,-1,-1,-1,-1
201301SX20968,1,9,0,18,0,1,0,0,0,0,4,1,6,1,10,1984,1,2,8,1
201301SX20969,1,9,0,6,2,0,0,0,0,0,3,1,6,1,-1,1968,2,3,-1,-1
201301SX20970,1,3,0,18,0,2,0,0,0,0,0,1,6,1,6,124,1,2,5,1
201301SX20970,2,9,0,6,0,2,0,0,0,0,0,1,6,2,7,1198,1,1,7,1
201301SX20972,1,9,0,18,0,1,0,0,0,0,1,1,1,1,8,1968,2,-1,7,2
201301SX20975,1,11,0,3,0,0,0,0,0,0,0,1,1,1,9,7300,2,10,3,1
201301SX20976,1,9,0,18,0,8,0,0,0,0,1,1,6,1,7,1995,2,7,3,1
201301SX20976,2,9,0,3,0,8,0,0,0,0,2,1,6,1,10,1796,1,3,9,1
201301SX20977,1,9,0,4,0,8,0,0,0,0,1,1,6,2,5,1390,1,-1,7,1
201301SX20977,2,9,0,7,0,6,0,0,0,0,3,1,6,2,5,-1,-1,-1,-1,-1
201301SX20978,1,9,0,18,0,8,0,0,0,0,1,1,6,1,10,1339,1,8,10,1
201301SX20979,1,11,0,4,0,2,0,0,0,0,0,1,1,1,6,4500,2,2,5,1
201301SX20980,1,9,0,9,0,5,0,0,0,0,1,1,6,2,11,1242,1,3,-1,-1
201301SX20981,1,9,0,18,0,0,0,4,0,0,1,1,6,2,6,1242,1,8,5,1
201301SX20981,2,9,0,2,0,0,0,0,0,0,2,1,6,3,-1,1364,1,6,-1,-1
201301SX20982,1,9,0,18,0,0,0,4,0,0,1,1,6,1,8,2387,2,5,-1,-1
201301SX20982,2,9,0,2,0,0,0,0,0,0,2,1,6,1,8,1870,2,7,4,1
201301SX20983,1,9,0,7,0,6,0,0,0,0,1,1,2,1,6,2143,2,-1,6,1
201301SX20983,2,1,0,18,0,8,0,0,0,0,4,1,2,1,7,-1,-1,-1,2,1
201301SX20984,1,9,0,2,0,8,0,0,0,0,4,1,6,1,6,1986,2,6,7,1
201301SX20984,2,9,0,9,0,5,0,4,0,0,1,1,6,1,9,1598,1,12,3,1
201301SX20985,1,9,0,9,0,8,0,0,0,0,1,1,6,1,8,1995,1,2,6,1
201301SX20985,2,19,0,9,0,8,0,0,0,0,4,1,6,1,8,2198,2,-1,5,1
201301SX20986,1,1,0,18,0,8,0,0,0,0,0,1,2,1,7,-1,-1,-1,3,1
201301SX20987,1,9,0,3,0,2,0,0,0,0,2,1,6,1,8,1497,8,6,7,1
201301SX20987,2,9,0,4,0,2,0,0,0,0,1,1,6,1,7,1240,1,7,-1,-1
201301SX20988,1,9,0,8,0,1,0,0,0,0,3,1,6,1,10,1399,1,6,8,1
201301SX20988,2,9,0,5,0,1,0,0,0,0,4,1,6,1,8,2720,2,5,10,3
201301SX20988,3,9,0,4,0,1,0,0,0,0,1,1,6,1,5,1360,1,4,9,1
201301SX20988,4,9,0,10,0,1,0,0,0,0,1,1,6,1,9,-1,-1,-1,6,1
201301SX20988,5,9,0,18,0,1,0,0,0,0,3,1,6,1,-1,2204,2,7,-1,-1
201301SX20989,1,9,0,18,0,0,0,4,0,0,1,1,6,1,-1,1781,1,13,8,1
201301SX20989,2,9,0,2,0,0,0,4,0,0,3,1,6,3,-1,1781,1,15,-1,-1
201301SX20989,3,9,0,2,0,0,0,4,0,0,2,1,6,3,-1,999,1,3,-1,-1
201301SX20990,1,11,0,4,0,0,0,0,0,0,0,1,1,1,9,4500,2,2,1,1
201301SX20991,1,19,0,9,0,5,0,0,0,0,1,1,6,1,6,1753,2,7,8,1
201301SX20992,1,9,0,4,0,8,0,0,0,0,2,1,6,1,8,4966,1,10,7,1
201301SX20992,2,9,0,5,0,8,0,0,0,0,1,1,6,1,5,-1,-1,-1,6,1
201301SX20995,1,3,0,18,0,1,1,0,0,0,1,1,1,1,4,-1,-1,-1,6,1
201301SX20995,2,9,0,4,0,1,0,0,0,0,2,1,6,2,-1,-1,-1,-1,-1,-1
201301SX20995,3,9,0,18,0,1,0,0,0,0,0,1,6,2,-1,-1,-1,-1,-1,-1
201301SX20996,1,9,0,11,0,0,0,0,0,0,2,1,6,1,6,1598,2,1,-1,-1
201301SX20996,2,9,0,11,0,0,0,0,0,0,1,1,6,2,6,1900,2,15,6,1
201301SX20996,3,9,0,18,0,0,0,0,0,0,0,1,1,1,5,-1,-1,-1,-1,-1