Accident_Index,Vehicle_Reference,Vehicle_Type,Towing_and_Articulation,Vehicle_Manoeuvre,Vehicle_Location-Restricted_Lane,Junction_Location,Skidding_and_Overturning,Hit_Object_in_Carriageway,Vehicle_Leaving_Carriageway,Hit_Object_off_Carriageway,1st_Point_of_Impact,Was_Vehicle_Left_Hand_Drive?,Journey_Purpose_of_Driver,Sex_of_Driver,Age_Band_of_Driver,Engine_Capacity_(CC),Propulsion_Code,Age_of_Vehicle,Driver_IMD_Decile,Driver_Home_Area_Type
201301SX20997,1,9,0,4,0,2,1,0,0,0,1,1,6,2,6,1968,2,9,9,1
201301SX20997,2,9,0,4,0,2,0,0,0,0,2,1,6,2,-1,1600,1,8,10,1
201301SX20998,1,9,0,4,0,0,0,0,0,0,1,1,2,2,6,-1,-1,-1,9,1
201301SX20998,2,2,0,4,0,0,0,0,0,0,2,1,1,1,5,49,1,4,8,1
201301SX20999,1,9,0,4,0,8,0,0,0,0,2,1,6,2,-1,1968,2,2,8,1
201301SX20999,2,9,0,5,0,8,0,0,0,0,1,1,6,1,8,1956,2,1,8,1
201301SX21000,1,1,0,4,0,8,0,0,0,0,1,1,2,1,6,-1,-1,-1,2,1
201301SX21000,2,9,0,9,0,5,0,0,0,0,4,1,6,1,6,5439,1,10,5,1
201301SX21001,1,9,0,9,0,8,0,0,0,0,1,1,6,1,8,1598,1,11,3,1
201301SX21001,2,1,0,18,0,8,0,0,0,0,1,1,6,1,6,-1,-1,-1,-1,-1
201301SX21003,1,9,0,3,0,1,0,0,0,0,2,1,6,1,7,875,1,1,-1,-1
201301SX21003,2,9,0,18,0,1,0,0,0,0,1,1,6,1,5,2143,2,2,6,1
201301SX21005,1,19,0,4,0,1,0,0,0,0,1,1,1,1,6,2198,2,-1,1,1
201301SX21005,2,9,0,3,0,1,0,0,0,0,2,1,2,2,8,1296,1,5,9,1
201301SX21006,1,9,0,18,0,2,0,0,0,0,3,1,6,1,6,1296,1,7,4,1
201301SX21008,1,9,0,12,0,8,0,0,0,0,1,1,2,1,8,-1,-1,-1,7,1
201301SX21008,2,9,0,18,0,8,0,0,0,0,2,1,6,1,9,1796,1,9,5,1
201301SX21008,3,9,0,18,0,2,0,0,0,0,2,1,6,1,7,-1,-1,-1,6,1
201301SX21009,1,9,0,4,0,0,0,0,0,0,3,1,6,1,7,1299,1,10,3,1
201301SX21009,2,9,0,11,0,0,0,0,0,0,4,1,6,3,-1,1590,1,9,-1,-1
201301SX21010,1,9,0,18,0,2,0,0,0,0,0,1,6,1,11,1797,8,3,6,1
201301SX21010,2,9,0,2,0,2,0,0,0,0,0,1,6,3,-1,-1,-1,-1,-1,-1
201301SX21011,1,9,0,18,0,8,0,0,0,0,4,1,6,1,8,1299,1,12,6,1
201301SX21012,1,9,0,18,0,5,0,0,3,10,1,1,6,2,11,1590,1,11,8,1
201301SX21013,1,9,0,18,0,0,0,0,0,0,3,1,6,1,-1,-1,-1,-1,-1,-1
201301SX21014,1,9,0,1,0,2,0,0,0,0,2,1,1,1,6,-1,-1,-1,9,1
201301SX21015,1,9,0,9,0,1,0,0,0,0,1,1,6,2,9,1497,8,6,6,1
201301SX21016,1,11,0,4,0,0,0,0,0,0,0,1,1,1,-1,-1,-1,-1,-1,-1
201301SX21017,1,11,0,4,0,8,0,0,0,0,0,1,1,2,8,8300,2,7,6,1
201301SX21017,2,9,0,18,0,8,0,0,0,0,0,1,6,1,-1,1794,1,11,8,1
201301SX21020,1,9,0,9,0,6,0,0,0,0,1,1,6,2,10,1390,1,14,7,1
201301SX21020,2,1,0,18,0,6,0,0,0,0,1,1,6,1,8,-1,-1,-1,4,1
201301SX21021,1,9,0,18,0,0,2,4,0,0,1,1,6,2,9,1968,2,2,9,1
201301SX21021,2,9,0,2,0,0,1,0,7,0,1,1,6,3,-1,1240,1,8,-1,-1
201301SX21023,1,2,0,13,0,8,0,0,0,0,1,1,1,1,7,108,1,2,6,1
201301SX21023,2,9,0,9,0,5,0,0,0,0,3,1,1,2,8,1796,1,10,7,1
201301SX21025,1,9,0,9,0,5,0,0,0,0,1,1,6,1,10,1685,2,2,6,1
201301SX21025,2,2,0,18,0,8,1,0,0,0,3,1,6,2,5,-1,-1,-1,5,1
201301SX21027,1,19,0,18,0,0,0,0,0,0,3,1,1,1,5,1686,2,6,7,1
201301SX21027,2,9,0,1,0,0,0,0,0,0,2,1,6,1,9,1796,1,2,6,1
201301SX21028,1,9,0,1,0,6,0,0,0,0,0,1,1,1,8,1999,1,8,4,1
201301SX21028,2,8,0,18,0,8,0,0,0,0,0,1,1,1,8,1997,2,9,6,1
201301SX21028,3,5,0,4,0,8,1,0,0,0,0,1,1,1,9,1000,1,4,10,1
201301SX21030,1,9,0,18,0,8,0,0,0,0,1,1,1,2,7,1995,1,7,1,1
201301SX21030,2,9,0,18,0,8,0,0,0,0,3,1,1,2,7,1896,2,10,2,1
201301SX21031,1,9,0,18,0,1,1,4,7,4,1,1,6,1,8,1329,1,3,9,1
201301SX21031,2,9,0,2,0,1,0,0,0,0,2,1,6,3,-1,1995,2,1,-1,-1
201301SX21032,1,8,0,4,0,1,0,0,0,0,2,1,1,1,7,1998,2,6,4,1
201301SX21032,2,9,0,18,0,1,0,0,0,0,1,1,6,1,-1,1997,1,8,-1,-1
201301SX21033,1,9,0,18,0,8,0,0,0,0,1,1,6,3,-1,1968,2,3,-1,-1
201301SX21033,2,3,0,18,0,8,0,0,0,0,1,1,6,1,4,124,1,7,4,1
201301SX21034,1,9,0,18,0,2,0,0,0,0,4,1,6,2,5,1229,1,9,6,1
201301SX21034,2,21,0,12,0,2,0,0,0,0,3,1,1,1,-1,12419,2,2,5,2
201301SX21036,1,9,0,3,0,0,0,0,0,0,2,1,6,2,5,1242,1,-1,7,1
201301SX21036,2,21,0,18,0,0,0,0,0,0,1,1,1,1,-1,12777,2,4,-1,-1
201301SX21038,1,9,0,4,0,0,0,0,0,0,2,1,2,1,8,1896,2,12,2,1
201301SX21038,2,9,0,18,0,0,0,0,0,0,1,1,6,1,-1,1360,1,5,7,1
201301SX21039,1,9,0,4,0,1,1,0,0,0,2,1,6,1,4,973,1,10,2,1
201301SX21039,2,19,0,4,0,1,1,0,0,0,2,1,2,1,6,2198,2,3,3,1
201301SX21039,3,20,0,18,0,1,1,0,0,0,1,1,6,3,-1,-1,-1,-1,-1,-1
201301SX21040,1,9,0,18,0,0,0,4,0,0,4,1,1,2,6,1995,1,2,3,1
201301SX21040,2,9,0,2,0,0,0,0,0,0,4,1,6,1,-1,1794,1,12,-1,-1
201301SX21041,1,9,0,9,0,6,0,0,0,0,3,1,6,1,8,1360,1,10,5,1
201301SX21041,2,9,0,4,0,8,0,0,0,0,1,1,1,2,6,-1,-1,-1,-1,-1
201301SX21042,1,9,0,3,0,8,0,0,0,0,2,1,6,2,-1,1900,2,7,6,1
201301SX21042,2,19,0,18,0,8,0,0,0,0,1,1,6,1,-1,2402,2,9,-1,-1
201301SX21043,1,9,0,18,0,1,0,0,0,0,1,1,6,1,-1,-1,-1,-1,-1,-1
201301SX21043,2,9,0,4,0,1,0,0,0,0,2,1,6,2,7,4806,1,-1,9,1
201301SX21043,3,9,0,4,0,8,0,0,0,0,0,1,6,3,-1,-1,-1,-1,-1,-1
201301SX21044,1,19,0,6,0,5,0,0,0,0,3,1,6,1,6,-1,-1,-1,9,1
201301SX21044,2,5,0,13,0,8,0,0,0,0,4,1,6,1,6,656,1,7,5,1
201301SX21045,1,9,0,18,0,8,0,0,0,0,1,1,6,1,6,4163,1,7,6,1
201301SX21045,2,9,0,9,0,8,0,10,7,0,4,1,6,1,8,2497,1,11,-1,-1
201301SX21046,1,9,0,4,0,1,0,0,0,0,2,1,6,2,8,1329,1,-1,-1,-1
201301SX21046,2,9,0,18,0,1,0,0,0,0,1,1,6,1,6,2967,2,6,3,1
201301SX21049,1,11,0,4,0,1,0,0,0,0,0,1,1,1,-1,-1,-1,-1,-1,-1
201301SX21050,1,9,0,18,0,0,0,0,0,0,1,1,6,3,-1,1796,1,13,-1,-1
201301SX21051,1,10,0,18,0,0,0,0,0,0,0,1,1,1,9,-1,-1,-1,5,1
201301SX21052,1,9,0,3,0,8,0,0,0,0,2,1,2,2,6,1598,1,5,2,1
201301SX21052,2,9,0,7,0,8,0,0,0,0,1,1,6,1,-1,-1,-1,-1,-1,-1
201301SX21053,1,9,0,1,7,0,0,0,0,0,2,1,6,1,7,1598,1,12,-1,-1
201301SX21054,1,8,0,5,0,0,0,0,0,0,0,1,1,3,-1,-1,-1,-1,-1,-1
201301SX21055,1,9,0,7,0,2,1,4,1,10,1,1,6,2,7,1898,1,12,3,1
201301SX21055,2,90,0,2,0,2,0,0,0,0,3,1,6,3,-1,-1,-1,-1,-1,-1
201301SX21055,3,9,0,2,0,2,0,0,0,0,3,1,6,3,-1,1598,1,10,-1,-1
201301SX21056,1,11,0,5,0,0,0,0,0,0,4,1,1,3,-1,-1,-1,-1,-1,-1
201301SX21057,1,9,0,9,0,8,0,0,0,0,3,1,6,1,8,1796,1,6,9,1
201301SX21057,2,3,0,18,0,8,0,0,0,0,1,1,1,1,6,125,1,1,9,1
201301SX21058,1,9,0,14,0,1,1,0,0,0,1,1,6,2,9,1242,1,15,7,1
201301SX21058,2,9,0,9,0,2,0,0,0,0,1,1,6,2,8,1598,1,3,2,1
201301SX21059,1,9,0,3,0,1,0,0,0,0,2,1,6,2,7,1560,2,-1,8,1
201301SX21059,2,9,0,4,0,1,0,0,0,0,2,1,6,2,9,1596,1,5,6,1
201301SX21059,3,9,0,4,0,1,0,0,0,0,1,1,6,2,6,-1,-1,-1,5,1
201301SX21060,1,9,0,9,0,8,0,0,0,0,3,1,6,2,7,3222,2,9,6,1
201301SX21060,2,21,0,18,0,8,0,0,0,0,1,1,1,1,8,3920,2,6,-1,-1
201301SX21061,1,2,0,9,0,2,0,0,0,0,3,1,6,1,4,49,1,3,7,1
201301SX21061,2,9,0,18,0,1,0,0,0,0,3,1,6,3,-1,-1,-1,-1,-1,-1
201301SX21062,1,8,0,9,0,2,0,0,0,0,1,1,1,1,7,1753,2,4,4,1
201301SX21063,1,9,0,1,0,2,0,0,0,0,2,1,6,1,-1,-1,-1,-1,-1,-1
201301SX21064,1,9,0,4,0,0,0,0,0,0,2,1,6,1,6,1596,1,15,1,1
201301SX21064,2,9,0,4,0,0,0,0,0,0,1,1,6,1,6,1364,1,-1,2,1
201301SX21065,1,9,0,10,0,1,0,0,0,0,2,1,6,1,7,1968,2,1,9,2
201301SX21065,2,9,0,4,0,1,0,0,0,0,2,1,6,2,10,1596,1,24,2,1
201301SX21065,3,19,0,18,0,1,0,0,0,0,1,1,6,1,11,1753,2,5,4,1
201301SX21066,1,9,0,3,0,1,0,0,0,0,2,1,2,1,4,2143,2,-1,8,1
201301SX21066,2,9,0,18,0,1,0,0,0,0,1,1,6,3,-1,1149,1,11,-1,-1
201301SX21067,1,9,0,14,0,2,0,0,0,0,1,1,6,3,-1,-1,-1,-1,-1,-1
201301SX21068,1,11,0,7,0,6,0,0,0,0,4,1,1,1,6,7300,2,8,7,1
201301SX21069,1,9,0,18,0,8,0,0,0,0,1,1,6,1,5,1390,1,7,6,1
201301SX21069,2,9,0,18,0,8,0,0,0,0,3,1,6,1,5,1597,1,16,6,1
201301SX21070,1,9,0,5,0,1,0,0,0,0,4,1,6,3,-1,2967,2,1,-1,-1
201301SX21072,1,9,0,18,0,1,0,0,0,0,2,1,1,1,7,1910,2,5,3,1
201301SX21072,2,9,0,18,0,1,0,0,0,0,1,1,6,2,6,1951,2,12,9,1
201301SX21072,3,8,0,18,0,1,0,0,0,0,1,1,1,1,7,1997,2,2,7,2
201301SX21073,1,9,0,18,0,0,0,0,0,0,1,1,6,1,6,1596,1,2,-1,-1
201301SX21073,2,9,0,18,0,0,0,0,0,0,2,1,6,2,7,2494,1,10,6,1
201301SX21074,1,9,0,9,0,8,0,7,0,0,1,1,6,2,4,1229,1,8,9,1
201301SX21074,2,9,0,18,0,8,0,0,0,0,3,1,6,1,-1,2987,2,4,-1,-1
201301SX21075,1,9,0,10,0,1,0,0,0,0,1,1,6,2,8,2204,2,7,4,1
201301SX21075,2,3,0,18,0,1,0,0,0,0,1,1,6,1,6,124,1,-1,4,1
201301SX21076,1,9,0,9,0,2,0,0,0,0,1,1,6,2,10,2148,2,8,6,1
201301SX21076,2,4,0,14,0,1,0,0,0,0,1,1,6,1,6,125,1,2,-1,-1
201301SX21077,1,19,0,16,0,0,0,0,0,0,1,1,6,1,8,-1,-1,-1,-1,-1
201301SX21077,2,9,0,3,0,0,0,0,0,0,2,1,6,1,4,1242,1,13,10,1
201301SX21077,3,9,0,3,0,0,0,0,0,0,2,1,6,1,7,2962,1,22,2,1
201301SX21078,1,9,0,10,0,8,0,0,0,0,3,1,6,2,6,1242,1,7,4,1
201301SX21078,2,9,0,1,0,8,0,0,0,0,2,1,6,2,-1,1910,2,8,7,1
201301SX21079,1,9,0,3,0,2,0,0,0,0,2,1,6,1,10,1360,1,9,3,1
201301SX21079,2,3,0,18,0,2,0,0,0,0,1,1,1,1,6,124,1,13,3,1
201301SX21080,1,9,0,16,0,0,0,0,0,0,3,1,6,1,7,1896,2,8,3,1
201301SX21080,2,9,0,17,0,0,0,0,0,0,3,1,6,1,11,1850,1,14,8,1
201301SX21081,1,9,0,16,0,0,0,10,1,3,1,1,1,2,9,998,1,13,4,1
201301SX21082,1,19,0,3,0,1,0,0,0,0,2,1,6,1,8,2198,2,-1,5,1
201301SX21082,2,3,0,3,0,1,0,0,0,0,2,1,6,1,7,124,1,6,2,1
201301SX21082,3,9,0,4,0,1,0,0,0,0,1,1,6,2,6,1386,1,8,4,1
201301SX21084,1,2,0,18,0,2,0,0,0,0,4,1,2,2,8,49,1,5,2,1
201301SX21084,2,9,0,18,0,2,0,0,0,0,3,1,6,2,-1,2198,1,7,2,1
201301SX21085,1,5,0,9,0,8,0,0,0,0,3,1,1,1,7,670,1,1,4,1
201301SX21085,2,9,0,9,0,8,0,0,0,0,1,1,6,2,6,1390,1,13,6,1
201301SX21086,1,9,0,18,0,8,0,0,0,0,1,1,6,2,5,2171,1,10,5,1
201301SX21086,2,9,0,6,0,8,0,0,0,0,3,1,6,2,5,1598,1,9,5,1
201301SX21087,1,9,0,11,0,1,0,0,0,0,2,1,6,2,6,1598,1,6,5,1
201301SX21087,2,9,0,18,0,1,0,0,0,0,1,1,6,3,-1,1998,1,11,-1,-1
201301SX21088,1,9,0,9,0,1,0,0,0,0,4,1,6,1,8,-1,-1,-1,5,1
201301SX21088,2,1,0,18,0,1,0,0,0,0,1,1,6,2,6,-1,-1,-1,5,1
201301SX21089,1,9,0,4,0,1,0,0,0,0,2,1,1,2,6,2987,2,2,9,1
201301SX21089,2,8,0,18,0,1,0,0,0,0,1,1,1,1,6,2987,2,5,4,1
201301SX21090,1,9,0,4,0,2,0,0,0,0,1,1,2,1,5,1796,1,12,3,1
201301SX21090,2,9,0,3,0,2,0,0,0,0,2,1,1,2,6,2720,2,6,9,1
201301SX21090,3,9,0,3,0,2,0,0,0,0,2,1,1,1,6,1796,1,11,3,1
201301SX21091,1,9,0,3,0,8,0,0,0,0,2,1,6,2,7,1998,1,11,8,1
201301SX21091,2,9,0,4,0,8,0,0,0,0,1,1,6,2,4,1368,1,6,5,3
201301SX21092,1,9,0,18,0,8,0,0,0,0,1,2,6,1,8,-1,-1,-1,2,1
201301SX21092,2,9,0,16,0,8,0,0,0,0,4,1,6,1,7,2993,2,7,7,1
201301SX21093,1,3,0,4,0,1,1,0,0,0,1,1,6,1,5,-1,-1,-1,1,1
201301SX21095,1,9,0,4,0,8,1,0,0,0,1,1,2,2,10,1396,1,14,7,1
201301SX21095,2,9,0,3,0,8,0,0,0,0,2,1,6,2,7,1798,1,4,8,1
201301SX21095,3,9,0,3,0,8,0,0,0,0,2,1,6,1,8,1796,1,6,6,1
201301SX21098,1,9,0,9,0,8,0,0,0,0,1,1,3,2,7,2979,1,9,6,1
201301SX21098,2,3,0,14,0,8,0,0,0,0,3,1,2,1,6,125,1,-1,10,1
201301SX21099,1,9,0,18,0,8,0,0,0,0,4,1,6,2,5,2993,2,8,3,1
201301SX21099,2,9,0,5,0,6,0,0,0,0,1,1,6,2,-1,998,1,-1,2,1
201301SX21100,1,9,0,3,0,8,0,0,0,0,2,1,6,1,5,1300,1,13,1,1
201301SX21100,2,9,0,18,0,8,0,0,0,0,3,1,6,1,7,1753,2,6,2,1
201301SX21100,3,9,0,18,0,8,0,0,0,0,1,1,6,1,5,1798,1,9,1,1
201301SX21100,4,8,0,18,0,8,0,0,0,0,4,1,6,2,6,1956,2,1,3,1
201301SX21101,1,9,0,18,0,6,0,0,0,0,1,1,6,1,7,1339,1,10,7,1
201301SX21101,2,19,0,18,0,8,5,0,0,0,3,1,6,1,8,-1,-1,-1,-1,-1
201301SX21102,1,9,0,5,0,0,0,0,0,0,3,1,6,1,6,1461,2,-1,5,1
201301SX21102,2,19,0,14,0,0,0,0,0,0,3,1,6,1,7,2461,2,6,3,1
201301SX21103,1,9,0,2,0,8,0,0,0,0,3,1,6,2,6,1229,1,7,6,1
201301SX21103,2,9,0,18,0,8,0,0,0,0,4,1,6,1,-1,1896,2,10,6,1
201301SX21104,1,9,0,18,0,8,0,0,0,0,2,1,6,1,-1,1995,2,9,2,1
201301SX21104,2,9,0,7,2,6,0,0,0,0,1,1,6,1,-1,1497,8,6,-1,-1
201301SX21105,1,9,0,9,0,8,0,0,0,0,4,1,6,1,9,998,1,15,7,1
201301SX21105,2,3,0,14,0,8,0,0,0,0,1,1,6,1,4,124,1,7,10,1
201301SX21106,1,9,0,6,0,0,0,0,0,0,3,1,6,1,7,-1,-1,-1,4,1
201301SX21106,2,9,0,18,0,0,0,0,0,0,1,1,6,1,6,1598,1,6,8,1
201301SX21106,3,9,0,18,0,0,0,0,0,0,1,1,6,2,6,1364,1,7,9,1
201301SX21107,1,9,0,4,0,1,0,0,0,0,2,1,2,2,7,1598,1,-1,3,1
201301SX21107,2,9,0,4,0,1,0,0,0,0,1,1,2,1,7,1796,1,11,7,1
201301SX21108,1,9,0,3,0,1,0,0,0,0,2,1,6,1,7,1388,1,2,10,1
201301SX21108,2,9,0,3,0,1,0,0,0,0,2,1,6,2,9,1242,1,5,7,1
201301SX21108,3,9,0,18,0,1,0,0,0,0,1,1,6,2,8,1339,1,6,4,1
201301SX21109,1,9,0,7,0,2,0,0,0,0,4,1,6,1,10,1998,1,15,7,1
201301SX21110,1,9,0,3,0,1,0,0,0,0,2,1,1,2,5,1390,1,1,5,1
201301SX21110,2,9,0,4,0,1,0,0,0,0,1,1,6,2,-1,2148,2,10,-1,-1
201301SX21111,1,9,0,3,0,0,0,0,0,0,1,1,6,1,10,-1,-1,-1,8,1
201301SX21111,2,8,0,3,0,0,0,0,0,0,0,1,1,3,-1,-1,-1,-1,-1,-1
201301SX21112,1,9,0,18,0,8,0,0,0,0,3,1,6,1,7,-1,-1,-1,8,2
201301SX21112,2,8,0,18,0,8,0,0,0,0,1,1,6,1,9,1910,2,5,4,1
201301SX21113,1,9,0,18,0,1,0,0,0,0,1,1,6,2,9,1984,1,9,8,1
201301SX21113,2,2,0,4,0,1,0,0,0,0,2,1,1,1,7,109,1,-1,1,1
201301SX21114,1,9,0,6,0,0,0,0,1,0,1,1,6,1,8,1596,1,11,6,1
201301SX21115,1,9,0,18,0,1,0,0,0,0,1,1,6,2,4,-1,-1,-1,9,1
201301SX21116,1,19,0,7,0,8,0,0,0,0,4,1,1,1,8,2463,2,9,9,1
201301SX21116,2,9,0,7,0,8,0,0,0,0,1,1,6,1,5,1598,1,10,1,1
201301SX21117,1,9,0,3,0,1,0,0,0,0,2,1,6,2,9,1968,2,-1,9,1
201301SX21117,2,19,0,18,0,1,0,0,0,0,1,1,6,3,-1,1998,2,9,-1,-1
201301SX21118,1,9,0,3,0,8,0,0,0,0,3,1,6,2,4,-1,-1,-1,3,1
201301SX21118,2,9,0,9,0,8,0,0,0,0,1,1,6,1,-1,1388,1,12,4,1
201301SX21119,1,9,0,2,0,1,0,0,0,0,1,1,6,1,6,1582,2,-1,3,1
201301SX21119,2,9,0,2,0,1,0,0,0,0,1,1,6,3,-1,2231,2,5,-1,-1
201301SX21119,3,9,0,1,0,1,0,4,0,0,2,1,6,3,-1,-1,-1,-1,-1,-1
201301SX21120,1,9,0,3,0,1,0,0,0,0,2,1,6,2,5,1595,1,10,5,1
201301SX21120,2,19,0,18,0,1,0,0,0,0,1,1,6,1,-1,2402,2,9,-1,-1
201301SX21122,1,9,0,18,0,8,0,0,0,0,1,1,6,1,6,1364,1,8,3,1
201301SX21122,2,9,0,18,0,8,0,10,3,1,4,1,6,2,5,1600,1,15,5,1
201301SX21123,1,9,0,3,0,1,0,0,0,0,2,1,6,2,7,1490,1,10,7,1
201301SX21123,2,9,0,18,0,1,0,0,0,0,1,1,6,1,-1,-1,-1,-1,-1,-1
201301SX21124,1,9,0,5,0,1,0,0,0,0,0,1,6,1,6,1600,1,8,6,1
201301SX21124,2,3,0,4,0,1,0,0,0,0,0,1,6,1,6,124,1,12,-1,-1
201301SX21126,1,9,0,18,0,8,0,0,0,0,1,1,6,1,7,1198,1,10,4,1
201301SX21126,2,9,0,9,0,8,0,0,0,0,4,1,6,1,7,2993,2,6,6,1
201301SX21128,1,9,0,18,0,2,0,0,0,0,4,1,6,1,9,899,1,20,6,1
201301SX21129,1,19,0,9,0,6,0,0,0,0,3,1,6,1,9,1870,2,11,7,1
201301SX21130,1,9,0,18,0,8,0,0,0,0,1,1,6,1,8,1998,1,9,4,1
201301SX21130,2,9,0,6,0,8,0,0,1,0,1,1,6,2,11,998,1,11,8,1
201301SX21131,1,9,0,7,0,8,0,10,1,10,1,1,6,2,7,1598,1,6,6,1
201301SX21132,1,9,0,12,0,0,0,0,0,0,3,1,6,2,6,2179,2,1,7,1
201301SX21132,2,9,0,18,0,0,0,0,0,0,4,1,6,2,6,1591,1,-1,3,1
201301SX21133,1,9,0,18,0,1,0,0,0,0,3,1,6,1,5,1910,2,7,-1,-1
201301SX21133,2,9,0,7,0,1,0,0,0,0,4,1,6,1,4,-1,-1,-1,5,1
201301SX21134,1,9,0,9,0,6,0,0,0,0,1,1,6,1,7,2231,2,1,4,1
201301SX21134,2,19,0,18,0,8,0,0,0,0,4,1,6,1,7,2494,2,2,-1,-1
201301SX21135,1,9,0,9,0,5,0,0,0,0,4,1,6,1,8,1796,1,9,6,1
201301SX21135,2,3,0,15,0,8,0,0,0,0,1,1,1,1,5,-1,-1,-1,-1,-1
201301SX21136,1,9,0,9,0,5,0,0,0,0,1,1,6,1,-1,1995,1,7,-1,-1
201301SX21137,1,9,0,2,0,8,0,0,0,0,2,1,6,1,9,1596,1,2,3,1
201301SX21137,2,9,0,1,0,5,0,8,0,0,3,1,6,1,8,2295,1,12,6,1
201301SX21138,1,9,0,18,0,8,0,0,0,0,1,1,6,2,6,1240,1,9,3,1
201301SX21141,1,9,0,3,0,1,0,0,0,0,2,1,6,2,5,1498,1,5,2,1
201301SX21141,2,9,0,18,0,1,0,0,0,0,1,1,6,1,-1,1582,2,6,-1,-1
201301SX21142,1,3,0,4,0,8,0,0,0,0,0,1,1,1,6,124,1,2,2,1
201301SX21142,2,9,0,1,0,6,0,0,0,0,0,1,6,2,8,1198,1,-1,-1,-1
201301SX21143,1,9,0,18,0,8,0,0,0,0,4,1,6,2,6,1900,2,7,9,1
201301SX21143,2,9,0,5,0,6,0,0,0,0,1,1,1,1,6,2231,2,6,3,1
201301SX21145,1,10,0,3,0,8,0,0,0,0,2,1,2,1,8,2300,2,6,5,1
201301SX21145,2,9,0,4,0,8,1,0,0,0,1,1,6,1,-1,2993,2,8,-1,-1
201301SX21148,1,9,0,18,0,8,0,0,0,0,1,1,6,1,6,1995,2,7,5,1
201301SX21148,2,9,0,9,0,5,0,0,0,0,1,1,6,1,-1,-1,-1,-1,-1,-1
201301SX21149,1,9,0,9,0,5,0,0,0,0,3,1,6,1,7,698,1,10,6,1
201301SX21149,2,3,0,13,0,8,0,0,0,0,4,1,1,1,7,125,1,1,5,1
201301SX21150,1,9,0,2,0,2,0,0,0,0,4,1,3,2,7,1995,2,9,5,1
201301SX21150,2,9,0,18,0,2,0,8,0,0,4,1,6,2,-1,-1,-1,-1,-1,-1
201301SX21159,1,9,0,9,0,6,0,0,0,0,3,1,6,2,6,1896,2,12,7,1
201301SX21159,2,4,0,4,0,8,1,0,0,0,1,1,1,1,6,109,1,1,2,1
201301SX21162,1,9,0,18,0,0,0,10,2,10,1,1,6,1,6,1598,1,16,9,1
201301SX21166,1,3,0,18,0,8,0,0,0,0,1,1,1,1,5,125,1,3,6,1
201301SX21166,2,9,0,9,0,5,0,0,0,0,4,1,6,1,-1,-1,-1,-1,-1,-1
201301SX21180,1,9,0,18,0,8,0,0,0,0,4,1,1,1,8,1995,2,7,2,1
201301SX21180,2,9,0,12,0,8,0,0,0,0,3,1,6,3,-1,1242,1,12,-1,-1
201301SX21182,1,9,0,5,0,1,0,0,0,0,2,1,6,2,8,998,1,12,2,1
201301SX21182,2,9,0,5,0,1,0,0,0,0,1,1,6,2,5,1149,1,9,8,1
201301SX21187,1,9,0,18,0,1,1,0,0,0,1,1,2,1,5,1587,1,10,6,1
201301SX21187,2,8,0,18,0,1,0,0,0,0,2,1,1,1,7,1910,2,5,1,1
201301SX21187,3,90,0,3,0,1,0,0,0,0,0,1,1,2,7,2143,2,1,-1,-1
201301SX21203,1,9,0,18,0,8,0,0,0,0,4,1,6,2,8,1560,2,2,7,1
201301SX21203,2,9,0,18,0,8,0,0,0,0,1,1,6,1,8,4395,1,2,10,1
201301SX29027,1,9,0,2,0,0,0,0,0,0,2,1,6,2,4,1388,1,9,5,1
201301SX29027,2,9,0,18,0,0,0,4,0,0,1,1,6,2,-1,1598,1,7,-1,-1
201301SX29033,1,9,0,9,0,8,0,0,0,0,3,1,3,2,7,2143,2,1,10,1
201301SX29033,2,9,0,9,0,8,0,0,0,0,1,1,6,2,-1,1339,1,11,-1,-1
201301SX29042,1,19,0,2,0,1,0,0,0,0,2,1,6,1,8,-1,-1,-1,2,1
201301SX29042,2,19,0,18,0,1,0,4,0,0,1,1,6,1,-1,2148,2,7,-1,-1
201301SX29086,1,5,0,18,0,0,2,10,5,6,4,1,6,1,5,600,1,6,2,1
201301SX29097,1,9,0,8,0,1,0,0,0,0,2,1,6,2,-1,-1,-1,-1,-1,-1
201301SX29097,2,9,0,18,0,1,0,0,0,0,1,1,6,1,-1,1995,1,5,-1,-1
201301SX29098,1,19,0,18,0,1,0,0,0,0,4,1,6,3,-1,-1,-1,-1,-1,-1
201301SX29113,1,19,0,9,0,6,0,0,0,0,1,1,1,1,8,-1,-1,-1,1,1
201301SX29113,2,5,0,14,0,8,0,0,0,0,4,1,6,1,9,599,1,13,-1,-1
201301SX29152,1,1,0,18,0,0,0,0,1,7,3,1,6,1,5,-1,-1,-1,3,1
201301SX29152,2,90,0,13,0,0,0,0,0,0,4,1,6,1,9,-1,-1,-1,2,1
201301SX29175,1,9,0,6,0,0,0,0,0,0,1,1,2,1,7,1497,1,13,9,1
201301SX29175,2,9,0,16,0,0,0,0,0,0,3,1,2,2,8,998,1,13,3,1
201301SX29190,1,9,0,5,0,0,0,0,0,0,3,1,6,2,5,1499,1,6,9,2
201301SX29190,2,3,0,17,0,0,0,0,0,0,4,1,6,1,7,107,1,-1,6,1
201301TA00000,1,9,0,16,0,0,0,10,1,10,4,1,6,1,4,998,1,4,5,1
201301TA00001,1,8,0,5,0,8,0,0,0,0,1,1,1,1,5,1797,8,2,2,1
201301TA00001,2,1,0,18,0,8,0,0,0,0,4,1,6,1,8,-1,-1,-1,-1,-1
201301TA00004,1,9,0,18,0,8,0,0,0,0,1,1,1,1,5,-1,-1,-1,-1,-1
201301TA00004,2,9,0,18,0,8,0,0,0,0,4,1,6,2,7,1339,8,1,3,1
201301TA00005,1,5,0,7,0,6,0,0,0,0,4,1,6,1,7,599,1,11,5,1
201301TA00006,1,9,0,9,0,8,0,0,0,0,4,1,1,1,4,-1,-1,-1,10,3