Accident_Index,Vehicle_Reference,Vehicle_Type,Towing_and_Articulation,Vehicle_Manoeuvre,Vehicle_Location-Restricted_Lane,Junction_Location,Skidding_and_Overturning,Hit_Object_in_Carriageway,Vehicle_Leaving_Carriageway,Hit_Object_off_Carriageway,1st_Point_of_Impact,Was_Vehicle_Left_Hand_Drive?,Journey_Purpose_of_Driver,Sex_of_Driver,Age_Band_of_Driver,Engine_Capacity_(CC),Propulsion_Code,Age_of_Vehicle,Driver_IMD_Decile,Driver_Home_Area_Type
201301TW60100,2,9,0,4,0,8,0,0,0,0,2,1,6,2,6,1995,2,5,5,1
201301TW60102,1,9,0,16,0,8,0,0,0,0,4,1,1,2,7,1600,1,13,9,1
201301TW60102,2,21,1,7,0,8,0,0,0,0,3,2,6,1,-1,-1,-1,-1,-1,-1
201301TW60103,1,9,0,18,0,1,0,0,0,0,1,1,6,1,6,1798,1,12,4,1
201301TW60103,2,9,0,3,0,1,0,0,0,0,3,1,6,2,6,1242,1,12,-1,-1
201301TW60103,3,19,0,3,0,1,0,0,0,0,1,1,1,1,9,7201,2,3,10,1
201301TW60104,1,9,0,4,0,8,0,0,0,0,3,1,3,1,10,1390,1,3,-1,-1
201301TW60105,1,9,0,5,0,8,0,0,0,0,2,1,4,1,7,1984,1,11,3,1
201301TW60105,2,9,0,5,0,8,0,0,0,0,1,1,6,1,6,1997,2,1,3,1
201301TW60106,1,9,0,4,0,8,0,0,0,0,1,1,6,1,11,796,1,3,7,1
201301TW60107,1,9,0,5,0,8,0,0,0,0,1,1,6,2,11,1422,2,13,4,1
201301TW60107,2,3,0,18,0,8,0,0,0,0,1,1,6,1,9,535,1,16,4,1
201301TW60108,1,9,0,3,0,8,0,0,0,0,2,1,6,1,7,3192,1,6,9,1
201301TW60108,2,3,0,4,0,8,0,0,0,0,1,1,6,2,5,123,1,11,-1,-1
201301TW60109,1,1,0,18,0,8,0,0,0,0,0,1,6,1,8,-1,-1,-1,6,1
201301TW60109,2,9,0,9,0,8,0,0,0,0,0,1,6,1,-1,-1,-1,-1,-1,-1
201301TW60111,1,9,0,18,0,0,0,0,0,0,1,1,6,2,8,2720,2,4,7,1
201301TW60111,2,9,0,4,0,0,0,0,0,0,1,1,6,2,-1,1998,1,7,9,1
201301TW60111,3,9,0,4,0,0,0,0,0,0,2,1,6,1,9,998,1,20,9,1
201301TW60112,1,9,0,5,0,8,0,0,0,0,2,1,6,2,8,1596,1,7,8,1
201301TW60112,2,9,0,5,0,8,0,0,1,0,1,1,6,2,7,1598,1,12,10,1
201301TW60113,1,9,0,3,0,2,0,0,0,0,2,1,6,2,5,1968,2,6,10,1
201301TW60113,2,2,0,18,0,2,0,0,0,0,1,1,6,1,4,49,1,2,3,1
201301TW60114,1,3,0,13,0,8,0,0,0,0,1,1,6,1,4,124,1,13,3,1
201301TW60114,2,9,0,9,0,8,0,0,0,0,3,1,6,2,6,1910,2,3,9,1
201301TW60115,1,9,0,9,0,8,0,0,2,7,4,1,6,1,5,1995,2,7,5,1
201301TW60116,1,9,0,9,0,8,0,0,0,0,4,1,6,2,8,1997,2,4,8,1
201301TW60116,2,9,0,18,0,8,0,0,0,0,1,1,6,2,8,-1,-1,-1,5,1
201301TW60117,1,9,0,7,0,8,0,0,0,0,4,1,6,1,-1,-1,-1,-1,-1,-1
201301TW60119,1,8,0,1,0,8,0,0,0,0,2,1,1,1,7,1797,8,3,3,1
201301TW60120,1,3,0,14,0,8,0,0,0,0,1,1,6,1,4,125,1,-1,8,1
201301TW60120,2,9,0,9,0,6,0,0,0,0,1,1,6,2,8,1388,1,3,9,1
201301TW60121,1,9,0,13,0,0,0,0,0,0,4,1,6,1,8,1596,1,11,-1,-1
201301TW60121,2,1,0,18,0,0,0,0,0,0,3,1,6,2,6,-1,-1,-1,-1,-1
201301TW60122,1,1,0,18,0,0,0,0,0,0,3,1,1,1,7,-1,-1,-1,7,1
201301TW60122,2,19,0,13,0,0,0,0,0,0,1,1,1,1,-1,-1,-1,-1,-1,-1
201301TW60123,1,9,0,3,0,8,0,0,0,0,2,1,2,2,9,-1,-1,-1,6,1
201301TW60123,2,9,0,4,0,8,0,0,0,0,1,1,6,1,-1,-1,-1,-1,3,1
201301TW60124,1,11,0,5,0,8,0,0,0,0,1,1,1,1,8,9600,2,13,5,1
201301TW60124,2,9,0,18,0,8,0,0,0,0,1,1,6,2,10,1895,1,13,10,1
201301TW60125,1,19,0,4,0,0,0,0,0,0,2,1,1,2,6,-1,-1,-1,2,1
201301TW60125,2,19,0,4,0,0,0,0,0,0,1,1,1,1,6,1995,2,4,9,1
201301TW60127,1,9,0,7,2,2,0,0,0,0,4,1,6,1,7,1290,1,12,2,1
201301TW60127,2,5,0,15,2,2,0,0,0,0,1,1,6,2,6,645,1,1,3,1
201301TW60129,1,8,0,9,0,1,0,0,0,0,3,1,1,1,6,1997,2,5,7,1
201301TW60129,2,3,0,13,0,1,0,0,0,0,1,1,6,1,-1,598,1,15,8,1
201301TW60130,1,9,0,7,0,5,0,0,0,0,4,1,6,2,6,-1,-1,-1,8,1
201301TW60130,2,1,0,15,0,1,0,0,0,0,4,1,6,1,-1,-1,-1,-1,10,1
201301TW60131,1,9,0,5,0,1,0,4,0,0,3,1,6,2,7,2231,2,7,5,1
201301TW60131,2,9,0,2,0,1,0,0,0,0,3,1,6,1,9,-1,-1,-1,9,1
201301TW60131,3,9,0,2,0,1,0,0,0,0,1,1,6,2,7,1753,2,9,6,1
201301TW60131,4,9,0,2,0,1,0,0,0,0,2,1,6,1,5,1598,1,6,-1,-1
201301TW60132,1,9,0,9,0,8,0,0,0,0,4,1,6,1,9,1117,1,22,8,1
201301TW60132,2,9,0,18,0,8,0,0,0,0,1,1,1,1,6,-1,-1,-1,9,1
201301TW60133,1,11,0,18,0,8,0,0,0,0,3,1,1,1,7,4250,2,4,2,1
201301TW60133,2,9,0,18,0,8,0,0,0,0,3,1,6,1,7,-1,-1,-1,6,1
201301TW60133,3,9,0,18,0,8,0,0,0,0,3,1,6,1,8,-1,-1,-1,8,1
201301TW60134,1,3,0,18,0,0,0,0,0,0,3,1,2,1,6,96,1,5,-1,-1
201301TW60135,1,9,0,13,0,2,0,0,0,0,4,1,6,1,11,847,1,16,-1,-1
201301TW60135,2,1,0,18,0,2,0,10,0,0,3,1,6,2,5,-1,-1,-1,9,1
201301TW60136,1,9,0,18,0,0,0,0,0,0,0,1,6,1,5,1242,1,7,4,1
201301TW60136,2,1,0,18,0,0,0,0,0,0,0,1,6,1,9,-1,-1,-1,-1,-1
201301TW60137,1,9,0,18,0,8,0,0,0,0,2,1,1,1,7,2993,2,6,9,1
201301TW60137,2,1,0,18,0,8,0,0,0,0,1,1,1,1,7,-1,-1,-1,9,1
201301TW60139,1,9,0,4,0,0,0,0,0,0,2,1,6,1,7,2987,2,2,6,1
201301TW60139,2,11,0,18,0,0,0,0,0,0,1,1,1,1,-1,6692,2,5,-1,-1
201301TW60140,1,9,0,9,0,8,0,10,3,10,1,1,6,1,4,1198,1,6,-1,-1
201301TW60141,1,9,0,18,0,2,0,0,0,0,1,1,6,2,4,1388,1,9,9,1
201301TW60142,1,9,0,18,0,0,0,0,0,0,3,1,6,2,10,1596,1,6,3,1
201301TW60142,2,9,0,18,0,0,0,0,0,0,1,1,6,2,9,3980,1,18,8,1
201301TW60142,3,9,0,18,0,0,0,0,0,0,1,1,6,2,9,1596,1,-1,8,1
201301TW60143,1,9,0,4,0,1,0,0,0,0,2,1,6,1,7,1896,2,11,6,1
201301TW60143,2,9,0,4,0,1,0,0,0,0,2,1,6,1,6,998,1,11,3,1
201301TW60143,3,9,0,4,0,1,0,0,0,0,1,1,1,1,6,2143,2,2,5,1
201301TW60144,1,9,0,18,0,2,0,0,0,0,4,1,6,3,-1,-1,-1,-1,-1,-1
201301TW60145,1,9,0,9,0,0,0,0,0,0,3,1,6,2,6,1242,1,12,7,3
201301TW60145,2,3,0,18,0,0,0,0,0,0,1,1,6,1,8,1293,1,-1,3,1
201301TW60147,1,9,0,18,0,1,0,0,0,0,1,1,1,1,6,1995,2,7,4,1
201301TW60148,1,1,0,18,0,2,0,0,0,0,1,1,6,1,6,-1,-1,-1,-1,-1
201301TW60148,2,11,0,18,0,1,0,0,0,0,1,1,1,1,7,3900,2,6,10,1
201301TW60149,1,9,0,3,0,1,0,0,0,0,3,1,6,2,7,2179,2,2,9,1
201301TW60149,2,9,0,14,0,1,0,0,0,0,4,1,6,1,-1,-1,-1,-1,-1,-1
201301TW60149,3,9,0,2,0,1,0,0,0,0,3,1,6,2,-1,-1,-1,-1,-1,-1
201301TW60150,1,9,0,18,0,8,0,0,0,0,3,1,6,1,11,1598,1,3,10,1
201301TW60150,2,9,0,10,0,8,0,0,0,0,4,1,6,1,6,1124,1,9,10,1
201301TW60152,1,9,0,6,0,0,0,0,0,0,0,1,6,2,5,1596,1,12,3,1
201301TW60152,2,5,0,17,0,0,0,0,0,0,3,1,6,1,-1,999,1,4,8,1
201301TW60154,1,1,0,18,0,1,1,0,0,0,0,1,6,1,7,-1,-1,-1,5,1
201301TW60155,1,1,0,18,0,0,0,0,0,0,1,1,6,1,4,-1,-1,-1,10,1
201301TW60156,1,19,0,7,0,0,0,0,0,0,4,1,1,1,6,-1,-1,-1,6,1
201301TW60156,2,1,0,18,0,0,0,0,0,0,3,1,2,2,7,-1,-1,-1,5,1
201301TW60157,1,9,0,18,0,0,0,0,0,0,1,1,6,2,-1,1349,1,4,10,1
201301TW60157,2,9,0,18,0,0,0,0,0,0,1,1,6,2,7,1798,1,6,-1,-1
201301TW60158,1,9,0,12,0,8,0,0,0,0,0,1,1,1,4,1390,1,11,9,1
201301TW60158,2,9,0,4,0,8,0,0,0,0,2,1,1,1,7,2204,2,5,6,1
201301TW60158,3,9,0,18,0,8,0,0,0,0,1,1,1,2,6,-1,-1,-1,9,1
201301TW60159,1,1,0,15,0,1,0,0,0,0,1,1,6,1,5,-1,-1,-1,3,1
201301TW60159,2,9,0,11,0,1,0,0,0,0,4,1,6,3,-1,2987,2,1,-1,-1
201301TW60160,1,9,0,18,0,8,0,0,0,0,1,1,1,1,6,1560,2,2,8,1
201301TW60160,2,1,0,12,0,8,0,0,0,0,2,1,6,1,4,-1,-1,-1,-1,-1
201301TW60161,1,9,0,5,0,8,0,0,0,0,4,1,6,1,5,1590,1,11,4,1
201301TW60161,2,9,0,18,0,8,0,0,0,0,1,1,6,1,6,1975,2,19,4,1
201301TW60162,1,5,0,18,0,8,0,0,0,0,4,1,6,1,6,599,1,10,7,1
201301TW60162,2,8,0,9,0,8,0,0,0,0,1,1,1,1,-1,2664,2,14,3,1
201301TW60163,1,9,0,9,0,8,0,0,0,0,1,1,6,1,6,-1,-1,-1,10,1
201301TW60163,2,1,0,18,0,8,0,0,0,0,3,1,6,2,7,-1,-1,-1,8,1
201301TW60164,1,9,0,17,0,8,0,0,0,0,3,1,6,1,8,-1,-1,-1,9,1
201301TW60164,2,1,0,17,0,8,0,0,0,0,4,1,6,1,6,-1,-1,-1,5,1
201301TW60166,1,9,0,1,0,2,0,0,0,0,2,1,6,3,-1,-1,-1,-1,-1,-1
201301TW60166,2,9,0,3,0,2,0,0,0,0,1,1,6,1,-1,1598,1,3,3,1
201301TW60167,1,9,0,9,0,8,0,0,0,0,4,1,6,1,10,1560,2,2,10,1
201301TW60167,2,5,0,14,0,8,0,0,0,0,1,1,6,1,6,675,1,1,8,1
201301TW60168,1,9,0,18,0,0,0,0,0,0,3,1,6,1,10,1998,1,12,4,1
201301TW60168,2,9,0,18,0,0,0,0,0,0,3,1,6,1,7,1753,2,7,5,1
201301TW60169,1,5,0,17,0,8,0,0,0,0,4,1,1,1,6,656,1,7,9,1
201301TW60169,2,5,0,5,0,8,0,0,0,0,1,1,1,1,6,-1,-1,-1,7,1
201301TW60170,1,1,0,18,0,8,0,0,0,0,1,1,1,2,6,-1,-1,-1,6,1
201301TW60170,2,9,0,7,0,8,0,0,0,0,4,1,1,1,7,1956,2,2,5,1
201301TW60172,1,9,0,3,0,0,0,0,0,0,2,1,1,1,7,1598,1,4,9,1
201301TW60172,2,9,0,5,0,0,0,0,0,0,1,1,6,1,7,2494,1,11,5,1
201301TW60173,1,9,0,18,0,0,0,0,0,0,1,1,6,1,5,1596,1,11,10,1
201301TW60173,2,9,0,18,0,0,0,0,0,0,1,1,6,2,9,1390,1,9,8,1
201301TW60174,1,11,0,18,0,0,0,0,0,0,3,1,1,1,8,4250,2,4,-1,-1
201301TW60175,1,9,0,7,0,8,0,0,0,0,4,1,6,2,8,1598,1,10,9,1
201301TW60176,1,3,0,4,0,2,0,0,0,0,2,1,6,2,6,124,1,10,6,1
201301TW60176,2,9,0,18,0,2,0,0,0,0,1,1,6,2,6,1598,1,9,2,1
201301TW60177,1,9,0,18,0,0,0,0,0,0,2,1,6,1,9,1599,1,10,9,1
201301TW60177,2,1,0,18,0,0,0,0,0,0,0,1,6,1,6,-1,-1,-1,9,1
201301TW60177,3,9,0,18,0,0,0,0,0,0,3,1,6,1,5,1390,1,14,-1,-1
201301TW60178,1,9,0,1,0,8,0,0,0,0,2,1,3,2,7,1198,1,11,6,1
201301TW60178,2,1,0,18,0,8,0,0,0,0,1,1,3,2,8,-1,-1,-1,9,1
201301TW60179,1,4,0,4,0,1,0,0,0,0,3,1,6,1,-1,-1,-1,-1,4,1
201301TW60180,1,9,0,7,0,8,0,0,0,0,4,1,6,2,7,2324,1,12,9,1
201301TW60180,2,1,0,18,0,8,0,0,0,0,1,1,6,1,8,-1,-1,-1,4,1
201301TW60181,1,9,0,9,0,8,0,0,0,0,3,1,6,1,5,1797,8,3,8,1
201301TW60181,2,9,0,18,0,8,0,0,0,0,1,1,6,1,4,1242,1,13,6,1
201301TW60183,1,10,0,18,0,0,0,0,0,0,4,1,1,1,8,-1,-1,-1,7,1
201301TW60183,2,11,0,3,0,0,0,0,0,0,0,1,1,1,8,6700,2,2,-1,-1
201301TW60183,3,1,0,15,0,0,0,0,0,0,3,1,2,1,7,-1,-1,-1,10,1
201301TW60184,1,5,0,14,0,1,0,0,0,0,1,1,2,1,7,675,1,1,9,1
201301TW60184,2,9,0,9,0,6,0,0,0,0,3,1,1,1,6,1995,2,7,9,1
201301TW60185,1,1,0,18,0,8,0,0,0,0,3,1,2,1,8,-1,-1,-1,4,1
201301TW60185,2,9,0,7,0,8,0,0,0,0,4,1,2,2,9,-1,-1,-1,9,1
201301TW60186,1,9,0,3,0,1,0,0,0,0,2,1,1,1,7,1598,1,7,8,1
201301TW60186,2,1,0,18,0,1,0,0,0,0,1,1,3,2,3,-1,-1,-1,7,1
201301TW60187,1,5,0,4,0,0,0,0,0,0,3,1,6,1,7,998,1,8,7,1
201301TW60188,1,20,0,2,0,1,0,0,0,0,3,1,1,1,8,-1,-1,-1,5,1
201301TW60188,2,1,0,16,0,1,0,0,0,0,1,1,6,1,6,-1,-1,-1,-1,-1
201301TW60189,1,9,0,18,0,0,0,10,1,10,1,1,6,2,10,1390,1,14,6,1
201301TW60190,1,9,0,18,0,0,0,0,0,0,3,1,3,1,11,1242,1,12,2,1
201301TW60191,1,9,0,18,0,1,0,0,0,0,3,1,1,1,9,1497,8,4,3,1
201301TW60193,1,9,0,9,0,8,0,0,0,0,3,1,2,1,6,973,1,10,4,1
201301TW60193,2,5,0,14,0,8,0,0,0,0,1,1,2,1,6,-1,-1,-1,8,1
201301TW60194,1,9,0,18,0,0,0,0,0,0,3,1,6,1,6,1896,2,10,4,1
201301TW60194,2,9,0,18,0,0,0,0,0,0,3,1,6,1,6,1149,1,4,7,1
201301TW60196,1,1,0,9,0,8,0,0,0,0,1,1,1,1,8,-1,-1,-1,10,1
201301TW60196,2,10,0,5,0,8,0,0,0,0,3,1,6,3,-1,1998,2,8,-1,-1
201301TW60197,1,11,0,18,0,1,0,0,0,0,4,1,1,3,-1,-1,-1,-1,-1,-1
201301TW60198,1,1,0,4,0,8,0,0,0,0,4,1,6,1,8,-1,-1,-1,3,1
201301TW60198,2,9,0,9,0,8,0,0,0,0,0,1,6,1,8,1598,1,12,10,1
201301TW60199,1,9,0,18,0,2,0,0,0,0,4,1,6,1,-1,-1,-1,-1,-1,-1
201301TW60200,1,5,0,18,0,8,0,0,0,0,1,1,2,1,7,599,1,16,9,1
201301TW60200,2,19,0,9,0,8,0,0,0,0,3,1,1,1,7,2143,2,3,4,1
201301TW60201,1,21,0,5,0,0,0,0,0,0,4,1,1,1,8,11021,2,11,2,1
201301TW60201,2,1,0,5,0,0,0,0,0,0,3,1,6,1,7,-1,-1,-1,-1,-1
201301TW60202,1,11,0,3,0,1,0,0,0,0,4,1,1,1,7,4500,2,5,3,1
201301TW60203,1,19,0,9,0,8,0,0,0,0,3,1,1,1,6,1868,2,8,6,1
201301TW60203,2,1,0,14,0,8,0,0,0,0,1,1,6,1,6,-1,-1,-1,6,1
201301TW60204,1,9,0,12,0,1,0,0,0,0,3,1,6,2,6,1679,1,12,2,1
201301TW60204,2,3,0,15,0,1,0,0,0,0,4,1,6,1,5,675,1,4,5,1
201301TW60205,1,9,0,18,0,0,0,0,0,0,2,1,6,2,5,1124,1,12,-1,1
201301TW60205,2,20,0,3,0,0,0,0,0,0,1,1,6,1,7,6370,2,2,4,1
201301TW60206,1,9,0,5,0,0,0,0,0,0,4,1,6,3,-1,1229,1,3,-1,-1
201301TW60208,1,9,0,17,0,8,0,0,0,0,1,1,6,2,6,1598,1,11,8,1
201301TW60209,1,5,0,18,0,0,0,0,0,0,3,1,2,1,7,599,1,8,9,1
201301TW60209,2,9,0,4,0,0,0,0,0,0,0,1,2,1,7,-1,-1,-1,6,1
201301TW60210,1,9,0,9,0,1,0,0,0,0,3,1,6,1,9,1197,1,-1,7,1
201301TW60210,2,9,0,18,0,1,0,0,0,0,1,1,6,2,8,1600,1,14,8,1
201301TW60211,1,9,0,18,0,2,0,0,0,0,4,1,2,1,7,2143,2,3,8,1
201301TW60212,1,1,0,18,0,0,0,0,0,0,1,1,2,1,8,-1,-1,-1,5,1
201301TW60212,2,9,0,5,0,0,0,0,0,0,3,1,6,3,-1,1390,1,10,-1,-1
201301TW60213,1,1,0,3,0,1,0,0,0,0,2,1,6,1,5,-1,-1,-1,6,1
201301TW60213,2,9,0,18,0,1,0,0,0,0,1,1,6,2,-1,1796,1,5,-1,-1
201301TW60214,1,19,0,3,0,1,0,0,0,0,2,1,6,1,7,2402,2,6,3,1
201301TW60214,2,9,0,3,0,1,0,0,0,0,2,1,6,1,6,-1,-1,-1,3,1
201301TW60214,3,9,0,18,0,1,0,0,0,0,1,1,6,2,-1,1968,2,2,8,1
201301TW60215,1,9,0,9,0,8,0,0,0,0,4,1,6,2,9,1595,1,15,8,1
201301TW60215,2,1,0,18,0,8,0,0,0,0,1,1,6,2,6,-1,-1,-1,7,1
201301TW60216,1,9,0,4,0,0,0,0,0,0,2,1,6,1,9,2151,2,11,10,1
201301TW60216,2,21,0,18,0,0,0,0,0,0,1,1,1,1,8,5880,2,6,8,1
201301TW60217,1,9,0,9,0,8,0,0,0,0,1,1,6,1,8,1799,1,13,2,1
201301TW60217,2,9,0,18,0,8,0,0,0,0,4,1,6,1,6,1299,1,5,2,1
201301TW60218,1,9,0,4,0,1,0,0,0,0,2,1,6,1,7,1995,2,10,5,1
201301TW60218,2,9,0,4,0,1,0,0,0,0,1,1,6,2,6,1198,1,8,5,1
201301TW60218,3,9,0,4,0,1,0,0,0,0,1,1,6,2,5,1598,1,5,3,1
201301TW60219,1,2,0,15,0,2,0,0,0,0,1,1,4,1,4,49,1,5,7,1
201301TW60219,2,11,0,3,2,2,0,0,0,0,2,1,1,1,-1,4500,2,3,-1,-1
201301TW60220,1,9,0,18,0,8,0,0,0,0,0,1,6,1,7,1997,1,7,-1,-1
201301TW60220,2,9,0,17,0,8,0,0,0,0,2,1,6,1,-1,1995,2,2,10,1
201301TW60220,3,5,0,17,0,8,0,0,0,0,1,1,6,1,6,599,1,12,7,1
201301TW60221,1,9,0,18,0,1,0,0,0,0,1,1,6,3,-1,-1,-1,-1,-1,-1
201301TW60222,1,1,0,18,0,2,0,8,0,0,1,1,6,1,7,-1,-1,-1,3,1
201301TW60222,2,9,0,2,0,2,0,0,0,0,3,1,6,1,8,-1,-1,-1,-1,-1
201301TW60223,1,9,0,9,0,8,0,0,0,0,3,1,6,1,11,2982,2,3,7,1
201301TW60223,2,1,0,18,0,8,0,0,0,0,1,1,6,1,6,-1,-1,-1,6,1
201301TW60224,1,1,0,11,9,0,0,0,0,0,1,1,6,1,7,-1,-1,-1,9,1
201301TW60225,1,9,0,18,0,8,0,0,0,0,0,1,6,2,4,1242,1,13,10,1
201301TW60226,1,9,0,9,0,8,0,0,0,0,4,1,6,1,8,1910,2,6,2,1
201301TW60226,2,3,0,17,0,8,0,0,0,0,1,1,6,1,6,125,1,1,5,1
201301TW60228,1,9,0,18,0,8,0,0,0,0,1,1,6,1,4,973,1,13,10,1
201301TW60228,2,9,0,18,0,8,0,0,0,0,2,1,6,1,7,2199,2,2,6,1
201301TW60229,1,9,0,18,0,8,0,0,0,0,1,1,6,2,5,1390,1,12,10,1
201301TW60229,2,9,0,18,0,8,0,0,0,0,2,1,6,1,6,1995,1,5,5,1
201301TW60229,3,9,0,3,0,8,0,0,0,0,1,1,6,2,9,2597,1,9,10,1
201301TW60231,1,9,0,18,0,0,0,0,0,0,1,1,6,2,6,1390,1,2,7,1
201301TW60231,2,9,0,18,0,0,0,0,0,0,2,1,6,2,9,1386,1,9,8,1
201301TW60231,3,9,0,18,0,0,0,0,0,0,2,1,6,1,6,1998,1,21,6,1
201301TW60232,1,9,0,18,0,1,0,0,0,0,1,1,6,3,-1,-1,-1,-1,-1,-1
201301TW60233,1,3,0,10,0,8,0,0,0,0,2,1,6,1,5,102,1,9,3,1
201301TW60233,2,8,0,16,0,8,0,0,0,0,1,1,1,1,7,2499,2,5,5,1
201301TW60234,1,9,0,7,0,8,0,0,0,0,4,1,6,1,6,1149,1,13,-1,-1
201301TW60234,2,5,0,18,2,8,0,0,0,0,1,1,6,1,7,781,1,16,-1,-1
201301TW60236,1,5,0,17,0,0,0,0,0,0,3,1,6,1,6,9976,1,10,9,1
201301TW60237,1,9,0,9,0,8,0,0,0,0,3,1,6,2,7,-1,-1,-1,10,1
201301TW60237,2,5,0,13,0,8,0,0,0,0,1,1,6,1,6,1261,1,3,4,1
201301TW60238,1,19,0,18,0,8,0,0,0,0,4,1,1,1,7,-1,-1,-1,6,1
201301TW60238,2,3,0,18,0,8,0,0,0,0,1,1,6,1,4,124,1,1,7,1
201301TW60239,1,3,0,4,0,8,0,0,0,0,1,1,6,2,7,49,1,7,7,1
201301TW60239,2,9,0,4,0,8,0,0,0,0,2,1,6,1,10,1762,1,16,8,1
201301TW60240,1,11,0,16,0,8,0,0,0,0,3,1,1,1,6,4500,2,4,10,1
201301TW60240,2,1,0,12,0,8,0,0,0,0,1,1,6,1,7,-1,-1,-1,9,1
201301TW60241,1,9,0,13,0,0,0,0,0,0,1,1,6,3,-1,-1,-1,-1,-1,-1
201301TW60241,2,1,0,18,0,0,0,0,0,0,2,1,6,1,4,-1,-1,-1,8,1
201301TW60242,1,1,0,18,0,0,0,0,0,0,3,1,6,1,4,-1,-1,-1,8,1
201301TW60242,2,9,0,11,0,0,0,0,0,0,4,1,6,1,10,-1,-1,-1,10,1
201301TW60244,1,1,0,18,0,8,0,0,0,0,1,1,6,1,5,-1,-1,-1,3,1
201301TW60244,2,9,0,9,0,8,0,0,0,0,4,1,6,1,7,1598,1,9,-1,-1
201301TW60246,1,9,0,9,0,8,0,0,0,0,4,1,6,1,8,-1,-1,-1,-1,-1
201301TW60246,2,9,0,17,0,8,0,0,0,0,1,1,6,2,7,1275,1,17,6,1
201301TW60247,1,11,0,18,0,1,0,0,0,0,1,1,1,1,9,4500,2,6,5,1
201301TW60249,1,9,0,3,0,8,0,0,0,0,1,1,6,1,-1,1600,2,3,-1,-1
201301TW60249,2,1,0,11,0,8,0,0,0,0,2,1,6,1,5,-1,-1,-1,7,1
201301TW60250,1,1,0,18,0,0,0,0,0,0,3,1,6,2,8,-1,-1,-1,5,1
201301TW60251,1,9,0,9,0,8,0,0,0,0,1,1,6,1,4,1198,1,1,8,1
201301TW60251,2,9,0,9,0,8,0,0,0,0,3,1,6,2,4,1242,1,13,10,1
201301TW60252,1,9,0,4,0,0,0,0,0,0,3,1,6,1,7,1984,1,2,9,1
201301TW60252,2,1,0,18,0,0,0,0,0,0,1,1,6,2,6,-1,-1,-1,5,1
201301TW60253,1,9,0,12,0,0,0,0,0,0,1,1,6,2,11,1298,1,11,8,1
201301TW60253,2,9,0,18,0,0,0,0,0,0,3,1,6,2,5,1799,1,4,9,1
201301TW60253,3,9,0,18,0,0,0,0,0,0,1,1,6,1,6,-1,-1,-1,-1,-1
201301TW60254,1,9,0,17,0,8,0,0,0,0,4,1,6,1,6,998,1,10,5,1
201301TW60254,2,3,0,9,0,8,0,0,0,0,1,1,6,1,7,124,1,2,8,1
201301TW60255,1,9,0,18,0,8,0,10,3,1,1,1,6,2,9,1749,1,12,9,1
201301TW60256,1,9,0,18,0,0,0,0,0,0,1,1,6,2,9,-1,-1,-1,9,1
201301TW60256,2,5,0,13,0,0,0,0,0,0,1,1,1,1,6,498,1,14,3,1
201301TW60257,1,3,0,4,0,8,0,0,0,0,2,1,1,1,6,124,1,5,5,1
201301TW60257,2,9,0,18,0,8,0,0,0,0,1,1,6,1,6,1461,2,-1,9,1
201301TW60258,1,5,0,18,0,8,0,0,0,0,3,1,6,1,4,659,1,6,2,1
201301TW60259,1,9,0,9,0,8,0,0,0,0,4,1,6,1,4,1242,1,6,8,1
201301TW60259,2,1,0,18,0,8,0,0,0,0,1,1,6,2,6,-1,-1,-1,9,1
201301TW60260,1,9,0,18,0,2,0,0,0,0,1,1,6,2,7,1388,1,5,9,1
201301TW60260,2,19,0,3,0,2,0,0,0,0,2,1,6,1,6,1896,2,17,9,1
201301TW60260,3,9,0,3,0,8,0,0,0,0,3,1,6,2,6,1341,1,10,6,1
201301TW60260,4,9,0,3,0,8,0,0,0,0,2,1,6,1,7,1796,1,16,-1,-1
201301TW60261,1,9,0,18,0,0,0,0,0,0,3,1,6,1,8,1332,1,14,7,1
201301TW60262,1,1,0,17,0,8,0,0,0,0,1,1,6,1,7,-1,-1,-1,9,1
201301TW60262,2,19,0,16,0,8,0,0,0,0,1,1,6,1,6,2148,2,4,4,1
201301TW60263,1,1,0,18,0,0,0,0,0,0,1,1,6,1,6,-1,-1,-1,10,1
201301TW60263,2,9,0,6,0,0,0,0,0,0,3,1,6,1,-1,1248,1,1,10,1
201301TW60264,1,9,0,17,0,1,0,10,1,10,1,1,6,1,11,998,1,10,8,1
201301TW60265,1,1,0,4,0,0,0,0,0,0,3,1,6,2,5,-1,-1,-1,5,1
201301TW60265,2,9,0,4,0,0,0,0,0,0,0,1,6,3,-1,-1,-1,-1,-1,-1
201301TW60266,1,11,0,2,0,2,0,0,0,0,0,1,1,3,-1,-1,-1,-1,-1,-1
201301TW60268,1,9,0,18,0,8,0,0,0,0,3,1,6,1,9,998,1,1,10,1
201301TW60268,2,1,0,11,0,8,0,0,0,0,1,1,6,1,8,-1,-1,-1,7,1
201301TW60269,1,3,0,18,0,1,1,0,0,0,1,1,1,1,7,125,1,1,8,1
201301TW60270,1,20,0,18,0,2,0,0,0,0,1,1,1,1,6,-1,-1,-1,4,1
201301TW60270,2,9,0,4,0,2,0,10,7,10,2,1,6,2,5,1242,1,2,9,1
201301TW60270,3,9,0,2,0,2,0,0,0,0,4,1,6,1,-1,1598,1,9,5,1
201301TW60271,1,19,0,3,0,0,0,0,0,0,2,1,1,1,8,2198,2,-1,2,1
201301TW60271,2,1,0,18,0,0,0,0,0,0,1,1,6,2,3,-1,-1,-1,-1,-1
201301TW60272,1,9,0,18,0,8,0,0,0,0,1,1,1,1,10,1560,2,7,5,1
201301TW60272,2,9,0,9,0,8,0,0,0,0,4,1,1,2,5,1149,1,14,9,1
201301TW60273,1,9,0,4,0,1,0,0,0,0,2,1,6,1,7,1783,1,9,2,1
201301TW60273,2,9,0,18,0,1,0,0,0,0,1,1,6,2,-1,-1,-1,-1,-1,-1