Accident_Index,Vehicle_Reference,Vehicle_Type,Towing_and_Articulation,Vehicle_Manoeuvre,Vehicle_Location-Restricted_Lane,Junction_Location,Skidding_and_Overturning,Hit_Object_in_Carriageway,Vehicle_Leaving_Carriageway,Hit_Object_off_Carriageway,1st_Point_of_Impact,Was_Vehicle_Left_Hand_Drive?,Journey_Purpose_of_Driver,Sex_of_Driver,Age_Band_of_Driver,Engine_Capacity_(CC),Propulsion_Code,Age_of_Vehicle,Driver_IMD_Decile,Driver_Home_Area_Type
201301TW60274,1,10,0,18,0,0,0,7,1,10,4,1,6,1,7,-1,-1,-1,9,1
201301TW60275,1,11,0,4,0,2,0,0,0,0,0,1,6,1,8,4500,2,3,4,1
201301TW60276,1,9,0,9,0,0,0,0,0,0,3,1,1,1,6,-1,-1,-1,5,1
201301TW60276,2,19,0,7,0,0,0,0,0,0,3,1,1,1,7,-1,-1,-1,-1,-1
201301TW60277,1,9,0,18,0,0,0,0,0,0,4,1,6,2,4,1229,1,7,4,1
201301TW60277,2,1,0,18,0,0,0,0,0,0,1,1,6,1,2,-1,-1,-1,4,1
201301TW60278,1,1,0,18,0,2,0,0,0,0,1,1,1,1,6,-1,-1,-1,9,1
201301TW60278,2,9,0,2,0,2,0,0,0,0,3,1,6,1,-1,998,1,-1,-1,-1
201301TW60279,1,9,0,9,0,8,0,0,0,0,3,1,2,2,6,1422,2,11,10,1
201301TW60279,2,3,0,13,0,8,0,0,0,0,1,1,1,1,6,125,1,1,4,1
201301TW60280,1,3,0,18,0,8,0,0,0,0,1,1,6,1,7,124,1,6,6,1
201301TW60280,2,19,0,5,0,8,0,0,0,0,3,1,6,3,-1,-1,-1,-1,-1,-1
201301TW60281,1,9,0,18,0,0,0,0,0,0,4,1,6,1,8,-1,-1,-1,9,1
201301TW60282,1,90,0,1,0,6,0,0,0,0,2,1,1,1,6,-1,-1,-1,5,1
201301TW60282,2,3,0,3,6,6,0,0,0,0,1,1,1,1,8,108,1,3,2,1
201301TW60283,1,9,0,2,0,0,0,0,0,0,2,1,6,1,8,3200,1,9,8,1
201301TW60283,2,1,0,13,0,0,0,4,0,0,0,1,6,1,9,-1,-1,-1,7,1
201301TW60284,1,19,0,9,0,1,0,0,0,0,1,1,1,1,7,2148,2,5,5,1
201301TW60284,2,1,0,18,0,1,0,0,0,0,3,1,6,2,6,-1,-1,-1,9,1
201301TW60285,1,9,0,7,0,2,0,0,0,0,1,1,1,2,8,1588,1,9,8,1
201301TW60286,1,9,0,9,0,1,0,0,0,0,3,1,6,1,7,2171,2,11,10,1
201301TW60286,2,1,0,14,0,1,0,0,0,0,1,1,6,1,7,-1,-1,-1,3,1
201301TW60287,1,3,0,18,0,0,0,0,0,0,4,1,6,3,-1,-1,-1,-1,-1,-1
201301TW60290,1,1,0,17,0,0,0,0,0,0,1,1,6,1,8,-1,-1,-1,7,1
201301TW60290,2,1,0,16,0,0,0,0,0,0,1,1,6,1,3,-1,-1,-1,8,1
201301TW60291,1,1,0,15,0,2,0,0,0,0,3,1,2,1,7,-1,-1,-1,4,1
201301TW60291,2,9,0,18,0,2,0,0,0,0,4,1,2,1,-1,1598,2,1,7,1
201301TW60292,1,9,0,13,0,0,0,0,0,0,4,1,6,3,-1,-1,-1,-1,-1,-1
201301TW60292,2,1,0,18,0,0,0,0,0,0,3,1,6,2,5,-1,-1,-1,9,1
201301TW60293,1,5,0,18,0,1,1,0,0,0,1,1,1,1,8,1170,1,1,3,1
201301TW60293,2,9,0,9,0,1,0,0,0,0,3,1,1,1,7,1598,1,1,8,1
201301TW60293,3,5,0,18,0,1,1,0,0,0,0,1,1,1,7,654,1,2,5,1
201301TW60294,1,9,0,9,0,8,0,0,0,0,4,1,2,1,6,1995,1,11,3,1
201301TW60294,2,3,0,14,0,1,0,0,0,0,1,1,1,1,7,102,1,7,3,1
201301TW60295,1,9,0,18,0,0,0,7,0,0,1,1,1,2,5,1242,1,-1,7,1
201301TW60298,1,9,0,6,0,0,0,0,0,0,3,1,6,1,8,2319,1,11,10,1
201301TW60298,2,5,0,18,0,0,0,0,0,0,1,1,6,1,6,-1,-1,-1,7,1
201301TW60299,1,3,0,18,0,0,1,10,1,0,1,1,1,1,7,125,1,4,3,1
201301TW60300,1,9,0,18,0,2,0,10,1,2,1,1,6,1,6,1598,1,6,5,1
201301TW60301,1,3,0,18,0,8,0,0,0,0,1,1,6,1,5,124,1,2,5,1
201301TW60302,1,8,0,2,0,0,0,0,0,0,3,1,1,1,7,2148,2,7,6,1
201301TW60302,2,9,0,5,0,0,0,0,0,0,4,1,1,2,7,1991,2,7,6,3
201301TW60303,1,9,0,8,0,8,0,0,0,0,2,1,2,1,8,1364,1,9,6,1
201301TW60303,2,3,0,18,0,8,0,0,0,0,1,1,6,1,-1,124,1,-1,-1,-1
201301TW60304,1,9,0,3,0,0,0,0,0,0,2,1,6,2,7,3246,1,10,8,1
201301TW60304,2,11,0,18,0,0,0,0,0,0,1,1,1,1,6,-1,-1,-1,1,1
201301TW60305,1,1,0,18,4,8,0,0,0,0,1,1,6,2,9,-1,-1,-1,6,1
201301TW60305,2,1,0,7,0,8,0,0,0,0,4,1,6,3,-1,-1,-1,-1,-1,-1
201301TW60306,1,9,0,9,0,5,0,0,0,0,4,1,6,2,10,1299,1,14,6,1
201301TW60306,2,1,0,18,0,1,0,0,0,0,1,1,6,2,6,-1,-1,-1,8,1
201301TW60307,1,9,0,18,0,0,0,4,0,0,4,1,6,1,11,1986,1,24,7,1
201301TW60307,2,9,0,2,0,0,0,0,0,0,4,1,6,3,-1,1798,1,6,-1,-1
201301TW60307,3,9,0,2,0,0,0,0,0,0,1,1,6,3,-1,1596,1,9,-1,-1
201301TW60307,4,9,0,2,0,0,0,0,0,0,3,1,6,1,8,1998,1,18,7,1
201301TW60307,5,9,0,2,0,0,0,0,0,0,3,1,6,1,-1,-1,-1,-1,7,1
201301TW60307,6,9,0,2,0,0,0,0,0,0,4,1,1,2,7,1995,2,11,5,1
201301TW60307,7,9,0,2,0,0,0,0,0,0,3,1,6,2,7,2967,2,5,7,1
201301TW60307,8,9,0,2,0,0,0,0,0,0,4,1,6,2,9,1398,2,4,7,1
201301TW60307,9,9,0,2,0,0,0,0,0,0,3,1,6,1,10,4554,1,18,7,1
201301TW60307,10,9,0,2,0,0,0,0,0,0,1,1,6,1,-1,1896,2,9,7,1
201301TW60308,1,11,0,5,0,2,0,0,0,0,0,1,1,2,7,-1,-1,-1,6,1
201301TW60309,1,1,0,18,0,1,0,0,0,0,1,1,1,1,6,-1,-1,-1,4,1
201301TW60309,2,9,0,3,0,1,0,0,0,0,2,1,6,3,-1,-1,-1,-1,-1,-1
201301TW60310,1,9,0,18,0,0,0,10,7,2,3,1,6,2,8,1498,1,2,8,1
201301TW60311,1,9,0,9,0,5,0,0,0,0,4,1,6,1,6,1229,1,5,10,1
201301TW60311,2,9,0,18,0,1,0,0,0,0,1,1,6,1,8,1582,2,1,6,1
201301TW60312,1,8,0,7,0,8,0,0,0,0,3,1,1,1,8,1896,2,6,4,1
201301TW60312,2,1,0,18,0,8,0,0,0,0,4,1,6,1,7,-1,-1,-1,3,1
201301TW60314,1,9,0,18,0,1,5,0,0,0,3,1,6,1,4,1242,1,1,7,1
201301TW60315,1,5,0,14,0,8,0,0,0,0,1,1,6,1,6,-1,-1,-1,-1,-1
201301TW60315,2,9,0,9,0,8,0,0,0,0,3,1,6,2,6,1595,1,1,9,1
201301TW60316,1,9,0,14,0,8,0,0,0,0,1,1,6,2,-1,1149,1,4,-1,-1
201301TW60317,1,9,0,10,0,8,0,0,0,0,1,1,6,1,4,1275,1,25,10,1
201301TW60317,2,3,0,18,0,8,0,0,0,0,1,1,6,1,4,124,1,3,7,1
201301TW60318,1,11,0,5,0,1,0,0,0,0,0,1,1,1,9,-1,-1,-1,3,1
201301TW60319,1,3,0,14,0,1,0,0,0,0,1,1,6,1,5,-1,-1,-1,7,1
201301TW60319,2,9,0,9,0,5,0,0,0,0,3,1,6,2,8,1598,1,1,6,1
201301TW60320,1,9,0,5,0,2,0,0,0,0,1,1,6,2,7,1390,1,5,-1,-1
201301TW60320,2,5,0,14,0,1,0,0,0,0,1,1,6,1,5,645,1,6,7,1
201301TW60321,1,11,0,5,0,0,0,0,0,0,0,1,1,1,7,4500,2,4,4,1
201301TW60322,1,1,0,3,0,1,0,0,0,0,2,1,6,1,8,-1,-1,-1,5,1
201301TW60322,2,9,0,18,0,1,0,0,0,0,1,1,6,1,-1,1997,1,10,-1,-1
201301TW60323,1,9,0,9,0,2,0,0,0,0,1,1,6,2,6,1390,1,1,9,1
201301TW60323,2,9,0,14,0,1,0,0,0,0,1,1,6,1,8,1997,2,9,8,1
201301TW60323,3,9,0,2,0,1,0,0,0,0,3,1,6,1,6,1799,1,6,4,1
201301TW60324,1,9,0,4,0,1,0,0,0,0,2,1,6,2,8,1997,2,5,2,1
201301TW60324,2,9,0,18,0,1,0,0,0,0,1,1,6,1,6,2000,1,6,6,1
201301TW60325,1,11,0,4,0,1,0,0,0,0,0,1,1,1,5,8268,2,12,6,1
201301TW60326,1,3,0,18,0,8,0,0,0,0,4,1,6,2,7,124,1,5,10,1
201301TW60326,2,9,0,7,0,8,0,0,0,0,1,1,1,1,9,2149,2,6,3,1
201301TW60327,1,4,0,18,0,1,0,0,0,0,1,1,6,1,5,749,1,9,3,1
201301TW60328,1,1,0,17,0,8,0,0,0,0,4,1,6,1,5,-1,-1,-1,-1,-1
201301TW60328,2,9,0,5,0,8,0,0,0,0,1,1,6,1,10,2299,1,21,7,1
201301TW60329,1,9,0,18,0,1,0,0,0,0,1,1,1,1,10,1598,1,8,7,1
201301TW60330,1,19,0,9,0,8,0,0,0,0,1,1,1,1,8,-1,-1,-1,-1,-1
201301TW60330,2,9,0,18,0,8,0,0,0,0,1,1,6,1,5,-1,-1,-1,4,1
201301TW60331,1,1,0,18,0,2,0,0,0,0,1,1,6,1,-1,-1,-1,-1,5,1
201301TW60331,2,1,0,18,0,2,0,0,0,0,2,1,6,2,6,-1,-1,-1,5,1
201301TW60332,1,1,0,18,0,2,0,0,0,0,3,1,6,2,7,-1,-1,-1,8,1
201301TW60334,1,90,0,18,9,1,0,0,0,0,4,1,6,1,11,-1,-1,-1,10,1
201301TW60334,2,9,0,18,0,1,0,0,0,0,0,1,1,1,9,1199,2,2,10,1
201301TW60335,1,9,0,13,0,0,0,0,0,0,1,1,6,2,8,2993,2,3,-1,-1
201301TW60335,2,2,0,9,0,0,0,0,0,0,3,1,6,1,6,124,1,11,8,1
201301TW60336,1,3,0,18,0,1,0,0,0,0,1,1,6,1,10,125,1,1,8,1
201301TW60337,1,1,0,18,0,1,0,0,0,0,3,1,6,1,8,-1,-1,-1,9,1
201301TW60337,2,9,0,9,0,1,0,0,0,0,1,1,6,1,-1,-1,-1,-1,-1,-1
201301TW60338,1,9,0,9,0,8,0,0,0,0,3,1,1,1,7,1984,1,8,9,1
201301TW60338,2,1,0,18,0,8,0,0,0,0,1,1,6,1,7,-1,-1,-1,3,1
201301TW60339,1,9,0,14,0,0,0,0,0,0,1,1,6,1,6,1229,1,1,5,1
201301TW60340,1,10,0,3,0,1,0,0,0,0,3,1,1,1,10,2143,2,2,-1,-1
201301TW60340,2,1,0,14,0,1,0,8,0,0,1,1,6,1,6,-1,-1,-1,4,1
201301TW60341,1,9,0,9,0,5,0,0,0,0,4,1,6,2,6,1995,1,4,7,1
201301TW60341,2,1,0,18,0,1,0,0,0,0,1,1,6,1,6,-1,-1,-1,7,1
201301TW60342,1,9,0,9,0,8,0,0,0,0,4,1,6,1,9,-1,-1,-1,9,1
201301TW60342,2,4,0,18,0,8,0,0,0,0,1,1,6,1,4,-1,-1,-1,3,1
201301TW60343,1,9,0,3,0,1,0,0,0,0,2,1,1,1,5,-1,-1,-1,8,1
201301TW60343,2,9,0,18,0,1,0,0,0,0,1,1,6,1,-1,2993,2,9,7,1
201301TW60344,1,5,0,14,0,1,0,0,0,0,1,1,6,1,6,649,1,5,8,1
201301TW60344,2,9,0,9,0,1,0,0,0,0,3,1,6,2,6,1400,1,8,-1,-1
201301TW60345,1,1,0,13,0,8,0,0,0,0,2,1,6,1,6,-1,-1,-1,2,1
201301TW60345,2,9,0,18,0,8,0,0,0,0,1,1,6,3,-1,-1,-1,-1,-1,-1
201301TW60346,1,9,0,12,0,0,0,0,0,0,3,1,6,2,7,1986,2,5,6,1
201301TW60346,2,5,0,13,0,0,0,0,0,0,1,1,6,1,8,904,1,20,8,1
201301TW60347,1,21,0,5,0,8,0,0,0,0,4,1,1,1,7,11946,2,4,-1,-1
201301TW60347,2,1,0,5,0,8,0,10,0,0,3,1,6,2,6,-1,-1,-1,-1,-1
201301TW60348,1,9,0,18,0,0,0,0,0,0,1,1,6,1,8,1796,1,9,9,1
201301TW60348,2,9,0,9,0,0,0,0,0,0,4,1,6,1,6,1341,1,10,7,1
201301TW60349,1,9,0,9,0,0,0,0,0,0,4,1,6,1,6,1598,1,11,3,1
201301TW60350,1,9,0,7,0,2,0,4,0,0,2,1,6,1,8,1390,1,7,8,1
201301TW60350,2,9,0,18,0,2,0,0,0,0,1,1,6,1,-1,1997,2,9,3,1
201301TW60350,3,9,0,2,0,2,0,0,0,0,2,1,1,3,-1,1560,2,3,-1,-1
201301TW60351,1,9,0,18,0,8,0,0,0,0,1,1,6,2,7,-1,-1,-1,10,1
201301TW60352,1,1,0,18,0,8,0,0,0,0,1,1,6,2,4,-1,-1,-1,8,1
201301TW60352,2,9,0,9,0,8,0,0,0,0,4,1,6,3,-1,-1,-1,-1,-1,-1
201301TW60353,1,9,0,4,0,8,0,0,0,0,2,1,6,1,10,-1,-1,-1,9,1
201301TW60353,2,9,0,18,0,8,0,0,0,0,1,1,6,1,7,1799,1,7,7,1
201301TW60355,1,9,0,18,0,2,0,7,1,10,1,1,6,2,4,1242,1,4,8,1
201301TW60356,1,11,0,9,0,8,0,0,0,0,3,1,1,1,6,9000,2,7,8,1
201301TW60356,2,5,0,13,0,8,0,0,0,0,1,1,2,1,6,656,1,2,8,1
201301TW60357,1,11,0,5,0,0,0,0,0,0,0,1,1,1,9,8268,2,10,7,1
201301TW60358,1,9,0,1,0,0,0,0,0,0,2,1,6,1,9,1397,1,4,7,1
201301TW60359,1,9,0,9,0,8,0,0,0,0,2,1,6,1,6,-1,-1,-1,6,1
201301TW60359,2,9,0,18,0,8,0,0,0,0,1,1,6,2,8,1598,1,11,6,1
201301TW60360,1,9,0,5,0,8,0,0,0,0,4,1,6,1,10,1910,2,8,10,1
201301TW60360,2,9,0,18,0,8,0,0,0,0,1,1,6,1,5,-1,-1,-1,2,1
201301TW60361,1,3,0,18,0,0,0,0,0,0,3,1,6,1,6,124,1,-1,7,1
201301TW60361,2,9,0,13,0,0,0,0,0,0,1,1,6,3,-1,-1,-1,-1,-1,-1
201301TW60362,1,9,0,18,0,1,0,11,0,0,3,1,1,1,9,2979,1,9,8,1
201301TW60362,2,5,0,18,0,8,0,11,0,0,1,1,1,1,8,647,1,12,4,3
201301TW60364,1,9,0,14,0,8,0,0,1,0,4,1,6,1,7,1598,1,5,3,1
201301TW60364,2,11,0,3,0,1,0,0,0,0,0,1,1,1,7,4500,2,3,-1,-1
201301TW60365,1,9,0,18,0,0,0,0,0,0,1,1,6,2,6,998,1,9,5,1
201301TW60366,1,11,0,3,0,0,0,0,0,0,0,1,1,1,7,4500,2,1,7,1
201301TW60368,1,9,0,18,0,1,0,0,0,0,1,1,6,2,6,1596,1,12,9,1
201301TW60369,1,1,0,4,0,0,0,0,0,0,0,1,6,1,5,-1,-1,-1,3,1
201301TW60370,1,9,0,9,0,8,0,0,0,0,0,1,6,2,11,1198,1,-1,7,1
201301TW60370,2,1,0,4,0,8,0,0,0,0,0,1,6,1,6,-1,-1,-1,9,1
201301TW60371,1,9,0,4,0,8,0,0,1,0,4,1,1,1,9,-1,-1,-1,2,1
201301TW60372,1,1,0,4,0,0,0,0,0,0,1,1,2,1,7,-1,-1,-1,10,3
201301TW60373,1,9,0,18,0,0,0,0,0,0,1,1,6,3,-1,-1,-1,-1,-1,-1
201301TW60374,1,1,0,3,0,0,0,0,0,0,3,1,4,1,3,-1,-1,-1,10,1
201301TW60374,2,9,0,14,0,0,0,0,0,0,4,1,6,1,-1,-1,-1,-1,-1,-1
201301TW60375,1,1,0,18,4,0,0,0,0,0,1,1,2,1,6,-1,-1,-1,8,1
201301TW60375,2,3,0,12,0,0,0,0,0,0,1,1,2,1,-1,-1,-1,-1,-1,-1
201301TW60376,1,9,0,9,0,8,0,0,0,0,3,1,6,1,7,1360,1,12,4,1
201301TW60376,2,1,0,18,0,8,0,0,0,0,1,1,6,3,-1,-1,-1,-1,-1,-1
201301TW60377,1,9,0,9,0,8,0,0,0,0,3,1,6,1,5,1896,2,8,10,1
201301TW60377,2,1,0,18,0,8,0,0,0,0,1,1,6,1,6,-1,-1,-1,10,1
201301TW60378,1,11,0,18,0,8,0,0,0,0,4,1,1,3,-1,-1,-1,-1,-1,-1
201301TW60379,1,9,0,18,0,8,0,0,0,0,1,1,6,2,-1,-1,-1,-1,-1,-1
201301TW60380,1,9,0,9,0,8,0,0,0,0,4,1,1,2,5,1461,2,8,6,3
201301TW60380,2,1,0,18,0,8,0,0,0,0,1,1,6,1,5,-1,-1,-1,9,1
201301TW60381,1,1,0,16,0,8,0,0,0,0,4,1,2,1,6,-1,-1,-1,8,1
201301TW60381,2,9,0,12,0,8,0,0,0,0,3,1,6,2,-1,1248,2,8,7,1
201301TW60382,1,9,0,18,0,8,0,0,0,0,1,1,6,2,8,1242,1,14,9,1
201301TW60383,1,9,0,9,0,8,0,0,0,0,2,1,6,2,-1,1397,1,11,-1,-1
201301TW60383,2,9,0,18,0,8,0,0,0,0,1,1,6,1,7,998,1,3,10,1
201301TW60384,1,1,0,18,0,8,0,0,0,0,4,1,1,1,7,-1,-1,-1,5,1
201301TW60384,2,9,0,5,0,6,0,0,0,0,1,1,6,1,-1,2143,2,2,7,1
201301TW60385,1,9,0,18,0,8,1,0,0,0,1,1,2,2,4,1242,1,11,9,1
201301TW60386,1,9,0,7,0,8,1,0,0,0,4,1,6,2,6,1956,2,4,2,1
201301TW60386,2,1,0,7,0,8,0,0,0,0,3,1,6,2,6,-1,-1,-1,3,1
201301TW60387,1,1,0,18,0,0,0,0,0,0,1,1,6,1,7,-1,-1,-1,4,1
201301TW60388,1,9,0,4,0,8,1,0,0,0,0,1,2,1,7,-1,-1,-1,7,1
201301TW60389,1,9,0,3,0,8,0,0,0,0,3,1,1,1,8,-1,-1,-1,6,1
201301TW60390,1,1,0,18,0,1,0,0,0,0,3,1,6,2,7,-1,-1,-1,2,1
201301TW60390,2,9,0,13,0,1,0,0,0,0,4,1,6,1,-1,-1,-1,-1,-1,-1
201301TW60391,1,1,0,18,0,0,0,0,0,0,3,1,6,2,6,-1,-1,-1,9,1
201301TW60391,2,9,0,7,0,0,0,0,0,0,1,1,6,3,-1,-1,-1,-1,-1,-1
201301TW60392,1,9,0,9,0,8,0,0,0,0,3,1,6,1,6,1598,1,3,2,1
201301TW60392,2,1,0,18,0,8,0,0,0,0,1,1,6,1,9,-1,-1,-1,4,1
201301TW60393,1,1,0,4,0,0,1,0,0,0,0,1,6,1,-1,-1,-1,-1,-1,-1
201301TW60393,2,1,0,4,0,0,1,0,0,0,0,1,6,1,6,-1,-1,-1,4,1
201301TW60394,1,3,0,9,0,8,0,0,0,0,1,1,6,1,6,101,1,11,2,1
201301TW60394,2,9,0,14,0,8,0,0,0,0,3,1,1,1,6,1968,2,3,3,1
201301TW60395,1,9,0,9,0,8,0,0,0,0,3,1,3,2,7,1796,1,6,8,1
201301TW60396,1,1,0,14,0,8,0,0,0,0,3,1,2,1,6,-1,-1,-1,5,1
201301TW60396,2,9,0,9,0,8,0,0,0,0,1,1,2,2,-1,998,1,-1,-1,-1
201301TW60397,1,9,0,18,0,2,0,0,0,0,3,1,6,1,9,1587,1,7,7,1
201301TW60397,2,8,0,18,0,1,1,10,5,10,1,1,1,1,7,1995,2,7,4,1
201301TW60398,1,8,0,18,0,0,0,0,0,0,3,1,1,1,9,1796,1,7,6,1
201301TW60399,1,5,0,17,0,8,2,0,0,0,3,1,2,1,5,916,1,11,7,1
201301TW60400,1,3,0,18,0,8,0,0,0,0,4,1,2,1,5,124,1,3,8,1
201301TW60400,2,9,0,9,0,8,0,0,0,0,1,1,2,1,6,1998,2,9,8,1
201301TW60400,3,9,0,18,0,8,0,0,0,0,1,1,2,1,8,1598,1,1,6,1
201301TW60401,1,9,0,7,0,8,0,0,0,0,4,1,6,1,7,1796,7,8,-1,-1
201301TW60401,2,1,0,7,0,8,0,4,1,0,3,1,6,1,6,-1,-1,-1,7,1
201301TW60401,3,9,0,2,0,8,0,0,0,0,3,1,6,3,-1,-1,-1,-1,-1,-1
201301TW60402,1,9,0,11,0,8,0,0,0,0,0,1,6,2,5,1400,2,6,4,2
201301TW60402,2,9,0,11,0,8,0,0,0,0,2,1,1,1,6,-1,-1,-1,3,1
201301TW60402,3,5,0,17,0,8,0,0,0,0,1,1,6,2,6,600,1,-1,5,1
201301TW60403,1,3,0,15,0,1,0,0,0,0,1,1,2,1,6,646,1,9,9,1
201301TW60403,2,19,0,4,0,1,0,0,0,0,4,1,1,1,6,2198,2,1,-1,-1
201301TW60403,3,3,0,5,0,1,0,0,0,0,3,1,2,1,8,-1,-1,-1,9,1
201301TW60404,1,9,0,18,0,8,0,0,0,0,3,1,6,2,5,-1,-1,-1,8,1
201301TW60404,2,1,0,9,0,8,0,0,0,0,1,1,6,1,4,-1,-1,-1,6,1
201301TW60405,1,3,0,5,0,8,0,0,0,0,2,1,1,1,6,530,1,1,6,1
201301TW60405,2,8,0,7,0,8,0,0,0,0,1,1,1,1,-1,1997,2,1,-1,-1
201301TW60406,1,9,0,3,0,8,0,0,0,0,2,1,6,2,8,1339,1,10,4,1
201301TW60406,2,9,0,18,0,8,0,0,0,0,1,1,6,1,-1,3969,1,15,8,1
201301TW60407,1,3,0,14,0,1,0,0,0,0,1,1,6,1,4,108,1,-1,5,1
201301TW60407,2,9,0,9,0,1,0,0,0,0,3,1,6,1,6,1124,1,5,6,1
201301TW60409,1,9,0,18,0,1,0,0,0,0,3,1,1,1,7,1998,1,12,8,1
201301TW60411,1,9,0,9,0,1,0,0,0,0,1,1,6,1,-1,-1,-1,-1,-1,-1
201301TW60412,1,9,0,18,0,1,0,0,0,0,4,1,6,1,7,1118,1,23,3,1
201301TW60412,2,1,0,7,0,1,0,0,0,0,1,1,6,1,8,-1,-1,-1,-1,-1
201301TW60413,1,1,0,18,0,8,0,0,1,0,3,1,2,1,6,-1,-1,-1,7,1
201301TW60413,2,9,0,7,0,8,0,0,0,0,4,1,6,1,-1,-1,-1,-1,-1,-1
201301TW60414,1,5,0,18,0,8,5,0,0,0,2,1,2,1,6,1050,1,4,4,1
201301TW60414,2,9,0,9,0,8,0,0,0,0,1,1,2,1,6,1596,1,1,4,1
201301TW60415,1,9,0,10,0,1,0,0,0,0,2,1,6,1,7,1968,2,2,10,1
201301TW60415,2,9,0,18,0,1,0,0,0,0,1,1,3,2,7,2188,2,9,10,1
201301TW60416,1,2,0,13,0,8,0,0,0,0,3,1,1,1,8,-1,-1,-1,8,1
201301TW60416,2,9,0,9,0,8,0,0,0,0,3,1,6,2,7,1798,1,3,9,1
201301TW60417,1,9,0,4,0,8,0,0,0,0,4,1,6,2,7,1796,1,4,6,1
201301TW60418,1,9,0,9,0,2,0,0,0,0,3,1,6,1,8,2143,2,-1,9,1
201301TW60419,1,9,0,17,0,0,0,0,0,0,1,2,6,2,-1,-1,-1,-1,-1,-1
201301TW60420,1,9,0,4,0,2,0,0,0,0,1,1,6,1,5,1598,2,3,10,1
201301TW60421,1,5,0,18,0,8,0,0,0,0,1,1,2,1,7,798,1,5,6,1
201301TW60421,2,9,0,9,0,8,0,0,0,0,4,1,6,1,-1,1910,2,5,7,1
201301TW60422,1,9,0,9,0,8,0,0,0,0,1,1,6,1,7,1968,2,1,3,1
201301TW60422,2,3,0,18,0,8,0,0,0,0,1,1,1,1,6,125,1,6,4,1
201301TW60423,1,19,0,18,0,0,0,10,1,3,4,1,1,1,6,2488,2,9,3,1
201301TW60424,1,1,0,17,0,8,0,0,0,0,1,1,6,1,8,-1,-1,-1,6,1
201301TW60424,2,9,0,7,0,8,0,0,0,0,3,1,6,1,-1,-1,-1,-1,-1,-1
201301TW60425,1,9,0,18,0,8,0,0,0,0,4,1,2,1,8,1984,1,5,8,1
201301TW60425,2,8,0,7,0,8,0,0,0,0,1,1,1,1,-1,1910,2,3,2,1
201301TW60426,1,3,0,18,0,0,1,0,0,0,4,1,6,1,4,124,1,-1,9,1
201301TW60426,2,9,0,5,0,0,0,0,0,0,3,1,6,1,-1,2148,2,7,-1,-1
201301TW60427,1,9,0,9,0,8,0,0,0,0,1,1,1,1,8,-1,-1,-1,7,1
201301TW60427,2,2,0,15,0,8,0,0,0,0,3,1,2,1,7,49,1,-1,9,1
201301TW60428,1,9,0,18,0,0,5,7,0,0,1,1,6,1,11,1598,1,9,9,1
201301TW60429,1,9,0,18,0,8,0,0,1,0,4,1,6,2,6,1329,1,4,4,1
201301TW60429,2,9,0,7,0,8,0,0,0,0,1,1,6,1,6,1587,1,14,-1,-1
201301TW60430,1,9,0,2,0,0,0,0,0,0,3,1,6,2,8,2148,2,8,5,1
201301TW60430,2,1,0,15,0,0,0,8,0,0,1,1,2,1,6,-1,-1,-1,7,1
201301TW60432,1,9,0,11,0,1,0,0,0,0,4,1,2,1,7,1587,1,8,3,1
201301TW60432,2,11,0,18,0,1,0,0,0,0,3,1,6,1,7,9600,2,13,7,1
201301TW60433,1,3,0,9,0,8,1,0,0,0,3,1,2,1,6,599,1,6,7,1
201301TW60433,2,9,0,18,0,8,0,0,0,0,1,1,6,1,10,1388,1,8,8,1
201301TW60434,1,9,0,18,0,8,2,10,7,0,4,1,6,1,9,1794,1,8,9,1
201301TW60434,2,9,0,7,0,8,0,10,3,10,3,1,6,1,11,1390,1,5,9,1
201301TW60435,1,8,0,18,0,0,0,0,1,0,4,1,1,1,6,-1,-1,-1,7,1
201301TW60436,1,1,0,18,0,8,0,0,0,0,1,1,2,1,5,-1,-1,-1,-1,-1
201301TW60436,2,19,0,18,0,8,0,0,0,0,4,1,1,1,6,2198,2,-1,9,1
201301TW60437,1,9,0,18,0,8,5,7,0,0,4,1,6,1,11,-1,-1,-1,8,1
201301TW60438,1,8,0,6,0,0,0,0,0,0,3,1,1,1,7,2664,2,15,3,1
201301TW60438,2,1,0,18,0,0,0,0,0,0,1,1,6,1,7,-1,-1,-1,8,1
201301TW60439,1,9,0,3,0,0,0,0,0,0,4,1,6,2,7,2400,2,3,9,1
201301TW60439,2,5,0,15,0,0,0,4,0,0,1,1,1,1,8,998,1,4,5,1
201301TW60439,3,9,0,2,0,0,0,0,0,0,3,1,6,2,-1,1797,8,-1,-1,-1
201301TW60441,1,1,0,18,0,8,0,0,0,0,1,1,6,1,3,-1,-1,-1,9,1
201301TW60441,2,9,0,9,0,8,0,0,0,0,4,1,6,3,-1,-1,-1,-1,-1,-1
201301TW60442,1,9,0,9,0,8,0,0,0,0,1,1,1,1,8,-1,-1,-1,4,1
201301TW60442,2,1,0,9,0,8,0,0,1,0,2,1,1,1,8,-1,-1,-1,7,1
201301TW60443,1,9,0,3,0,8,0,0,0,0,2,1,6,1,6,-1,-1,-1,4,1
201301TW60443,2,9,0,4,0,8,0,0,0,0,1,1,6,1,6,-1,-1,-1,10,1
201301TW60444,1,9,0,4,0,8,0,0,0,0,2,1,6,1,7,998,1,14,10,1
201301TW60444,2,9,0,18,0,8,0,0,0,0,1,1,6,1,6,1242,1,10,-1,-1
201301TW60445,1,9,0,18,0,0,0,0,0,0,1,1,6,1,8,-1,-1,-1,7,1
201301TW60445,2,9,0,18,0,0,0,0,0,0,1,1,6,3,-1,-1,-1,-1,-1,-1
201301TW60446,1,9,0,18,0,0,0,0,0,0,1,1,6,2,9,1985,1,13,9,1
201301TW60447,1,9,0,9,0,8,0,0,1,0,2,1,2,1,7,1716,2,15,-1,-1
201301TW60447,2,4,0,18,0,8,0,0,0,0,1,1,2,1,9,471,1,-1,8,1