Accident_Index,Vehicle_Reference,Vehicle_Type,Towing_and_Articulation,Vehicle_Manoeuvre,Vehicle_Location-Restricted_Lane,Junction_Location,Skidding_and_Overturning,Hit_Object_in_Carriageway,Vehicle_Leaving_Carriageway,Hit_Object_off_Carriageway,1st_Point_of_Impact,Was_Vehicle_Left_Hand_Drive?,Journey_Purpose_of_Driver,Sex_of_Driver,Age_Band_of_Driver,Engine_Capacity_(CC),Propulsion_Code,Age_of_Vehicle,Driver_IMD_Decile,Driver_Home_Area_Type
201301TW60448,1,1,0,15,0,8,0,0,0,0,1,1,6,1,7,-1,-1,-1,7,1
201301TW60448,2,9,0,9,0,8,0,0,0,0,4,1,6,1,-1,1596,1,6,-1,-1
201301TW60449,1,1,0,9,0,8,0,0,0,0,4,1,6,1,10,-1,-1,-1,10,1
201301TW60449,2,9,0,9,0,8,0,0,1,0,1,1,6,2,-1,1968,2,4,-1,-1
201301TW60450,1,1,0,18,0,0,0,0,0,0,1,1,6,1,8,-1,-1,-1,3,1
201301TW60450,2,1,0,18,0,0,0,0,0,0,1,1,6,1,7,-1,-1,-1,6,1
201301TW60451,1,9,0,18,0,8,0,0,0,0,1,1,6,1,-1,2231,2,4,5,1
201301TW60451,2,9,0,9,0,8,0,0,0,0,4,1,6,1,8,2996,1,4,9,1
201301TW60452,1,9,0,9,0,8,0,0,0,0,3,1,1,1,6,1598,1,13,3,1
201301TW60452,2,3,0,14,0,8,0,0,1,0,1,1,6,1,5,124,1,3,5,1
201301TW60453,1,9,0,7,0,8,0,0,0,0,4,1,6,2,6,1461,2,10,4,1
201301TW60454,1,9,0,18,0,1,0,0,0,0,4,1,6,1,-1,1229,1,8,-1,-1
201301TW60455,1,9,0,16,0,8,1,0,0,0,1,1,6,1,5,1299,1,14,4,1
201301TW60455,2,19,0,4,0,8,0,0,1,0,1,1,6,1,6,2400,2,6,-1,-1
201301TW60455,3,9,0,4,0,8,0,0,1,1,1,1,6,1,7,1995,2,4,4,1
201301TW60456,1,21,0,12,0,0,0,0,0,0,0,1,1,1,6,3920,2,-1,9,1
201301TW60456,2,1,0,18,0,0,0,0,0,0,0,1,2,1,4,-1,-1,-1,2,1
201301TW60457,1,1,0,18,0,0,0,0,0,0,0,1,6,1,5,-1,-1,-1,10,1
201301TW60458,1,9,0,18,0,0,0,0,0,0,4,1,6,1,8,2148,2,6,8,1
201301TW60459,1,9,0,18,0,8,0,0,0,0,1,1,6,2,5,998,1,4,6,1
201301TW60459,2,9,0,16,0,8,0,0,0,0,4,1,6,1,8,-1,-1,-1,4,1
201301TW60460,1,9,0,14,0,8,0,0,0,0,1,1,6,2,7,1497,8,9,-1,-1
201301TW60461,1,9,0,10,0,8,0,0,0,0,3,1,6,1,8,1896,2,7,9,1
201301TW60461,2,1,0,14,0,8,0,0,0,0,1,1,6,1,3,-1,-1,-1,6,1
201301TW60462,1,1,0,18,0,8,0,0,0,0,1,1,6,1,6,-1,-1,-1,7,1
201301TW60462,2,9,0,14,0,8,0,0,0,0,4,1,6,1,-1,-1,-1,-1,-1,-1
201301TW60463,1,5,0,18,0,8,0,0,0,0,1,1,6,2,7,599,1,8,6,1
201301TW60463,2,9,0,11,0,8,0,0,0,0,4,1,6,3,-1,-1,-1,-1,-1,-1
201301TW60464,1,9,0,18,0,2,0,0,0,0,4,1,6,1,6,-1,-1,-1,4,1
201301TW60465,1,9,0,18,0,8,0,10,3,2,1,1,6,1,10,2149,2,6,-1,-1
201301TW60466,1,4,0,4,0,8,1,0,0,0,1,1,6,1,6,-1,-1,-1,8,1
201301TW60466,2,9,0,9,0,8,0,0,0,0,0,1,6,2,-1,1999,1,7,8,1
201301TW60467,1,2,0,18,0,0,0,0,0,0,1,1,6,1,6,49,1,4,6,1
201301TW60468,1,3,0,18,0,8,0,0,0,0,1,1,6,1,4,125,1,-1,8,1
201301TW60468,2,9,0,9,0,8,0,0,0,0,1,1,6,3,-1,-1,-1,-1,-1,-1
201301TW60469,1,9,0,18,0,8,0,0,0,0,1,1,6,2,10,1339,1,2,-1,-1
201301TW60470,1,9,0,13,0,0,0,0,0,0,4,1,6,2,5,1199,1,11,5,1
201301TW60470,2,1,0,17,0,0,0,0,0,0,3,1,6,1,3,-1,-1,-1,5,1
201301TW60471,1,19,0,4,0,8,0,0,0,0,2,1,6,1,8,-1,-1,-1,4,1
201301TW60471,2,5,0,18,0,8,0,0,0,0,1,1,6,1,5,738,1,13,6,1
201301TW60472,1,3,0,16,0,8,0,0,0,0,1,1,6,1,7,125,1,5,3,1
201301TW60472,2,9,0,1,0,8,0,0,0,0,2,1,6,1,-1,1360,1,12,10,1
201301TW60473,1,9,0,2,0,0,0,0,0,0,3,1,6,2,6,2993,2,6,4,1
201301TW60473,2,19,0,16,0,0,0,0,0,0,1,1,6,1,-1,-1,-1,-1,-1,-1
201301TW60474,1,3,0,18,0,8,0,0,0,0,1,1,6,3,-1,-1,-1,-1,-1,-1
201301TW60475,1,9,0,16,0,8,0,10,3,2,1,1,6,1,8,1997,2,1,5,1
201301TW60476,1,9,0,18,0,8,0,0,0,0,1,1,6,3,-1,-1,-1,-1,-1,-1
201301TW60477,1,8,0,16,0,2,0,0,0,0,1,1,6,1,7,2402,2,10,2,1
201301TW60478,1,9,0,9,0,8,0,0,0,0,2,1,6,1,8,1968,2,5,9,1
201301TW60478,2,9,0,9,0,8,0,0,0,0,1,1,6,2,-1,1386,1,5,9,1
201301TW60479,1,1,0,4,0,8,1,0,0,0,0,1,6,1,10,-1,-1,-1,8,1
201301TW60484,1,9,0,17,0,8,0,0,0,0,1,1,6,1,-1,1796,1,9,-1,-1
201301TW60485,1,9,0,16,0,8,0,0,0,0,3,1,6,2,11,1229,1,6,7,1
201301TW60485,2,9,0,18,0,8,0,0,0,0,4,1,6,1,-1,-1,-1,-1,-1,-1
201301TW60504,1,9,0,18,0,8,0,0,0,0,1,1,6,1,6,2254,1,12,6,1
201301TW60504,2,1,0,18,0,8,0,0,0,0,1,1,6,1,6,-1,-1,-1,5,1
201301TW69030,1,9,0,18,0,2,0,0,0,0,3,1,6,2,-1,-1,-1,-1,-1,-1
201301TW69102,1,9,0,3,0,8,0,0,0,0,2,1,6,1,8,2993,2,6,9,1
201301TW69102,2,9,0,18,0,8,0,0,0,0,1,1,6,2,-1,1896,2,10,-1,-1
201301TX20002,1,9,0,9,0,8,0,0,0,0,4,1,6,2,7,1560,2,1,7,1
201301TX20002,2,1,0,18,0,8,0,0,0,0,1,1,6,1,7,-1,-1,-1,5,1
201301TX20003,1,9,0,9,0,8,0,0,0,0,4,1,6,1,6,1896,2,8,9,3
201301TX20003,2,9,0,18,0,8,0,0,0,0,1,1,6,2,-1,1990,1,17,4,1
201301TX20004,1,9,0,18,0,8,0,0,0,0,4,1,2,1,8,1870,2,7,7,1
201301TX20004,2,9,0,12,0,8,0,0,0,0,3,1,6,3,-1,1198,1,7,-1,-1
201301TX20005,1,9,0,6,0,2,0,0,0,0,3,1,6,2,7,1124,1,9,6,1
201301TX20005,2,9,0,18,0,2,0,0,0,0,4,1,6,1,6,1199,1,12,8,1
201301TX20007,1,2,0,3,0,1,0,0,0,0,2,1,2,1,6,49,1,5,4,1
201301TX20007,2,9,0,4,0,1,0,0,0,0,1,1,6,2,9,1998,1,10,3,1
201301TX20009,1,1,0,9,0,8,0,0,0,0,4,1,2,1,6,-1,-1,-1,5,1
201301TX20009,2,9,0,5,0,8,0,0,0,0,1,1,6,3,-1,-1,-1,-1,-1,-1
201301TX20010,1,9,0,18,0,8,0,0,0,0,1,1,2,2,6,-1,-1,-1,7,1
201301TX20010,2,9,0,9,0,8,0,0,0,0,4,1,3,2,7,1798,8,1,3,1
201301TX20012,1,9,0,4,0,1,0,0,0,0,2,1,6,1,4,1796,1,12,1,1
201301TX20012,2,9,0,18,0,1,0,0,0,0,1,1,6,1,7,1598,2,1,9,1
201301TX20013,1,3,0,18,0,0,1,0,0,0,1,1,6,1,4,124,1,4,-1,-1
201301TX20013,2,9,0,2,0,0,0,0,0,0,2,1,6,3,-1,1999,1,9,-1,-1
201301TX20015,1,9,0,1,0,0,0,0,0,0,3,1,6,1,6,-1,-1,-1,5,1
201301TX20015,2,1,0,18,0,0,0,0,0,0,1,1,2,1,6,-1,-1,-1,7,1
201301TX20016,1,9,0,6,0,0,0,0,0,0,4,1,6,1,9,1998,1,18,5,1
201301TX20016,2,20,0,18,0,0,0,0,0,0,1,1,1,3,-1,-1,-1,-1,-1,-1
201301TX20017,1,5,0,4,0,0,0,0,0,0,3,1,2,1,8,998,1,2,10,1
201301TX20017,2,9,0,11,0,0,0,0,0,0,0,1,2,1,8,2143,2,-1,2,1
201301TX20018,1,2,0,18,0,1,0,0,0,0,1,1,6,1,4,124,1,2,4,1
201301TX20018,2,2,0,4,0,1,0,0,0,0,2,1,1,1,7,125,1,7,2,1
201301TX20019,1,9,0,4,0,1,0,0,0,0,2,1,3,2,6,1242,1,12,4,1
201301TX20019,2,19,0,18,0,1,0,0,0,0,1,1,1,1,6,2402,2,6,4,1
201301TX20020,1,9,0,17,0,8,0,0,0,0,1,1,2,1,8,-1,-1,-1,10,1
201301TX20020,2,9,0,9,0,8,0,0,0,0,3,1,6,2,8,1587,1,11,-1,-1
201301TX20022,1,9,0,9,0,8,0,0,0,0,3,1,6,2,-1,-1,-1,-1,3,1
201301TX20022,2,2,0,9,0,8,0,0,0,0,1,1,6,1,4,49,1,2,3,1
201301TX20023,1,9,0,18,0,0,0,0,0,0,3,1,6,3,-1,-1,-1,-1,-1,-1
201301TX20024,1,5,0,18,0,8,0,0,0,0,1,1,6,1,8,1064,1,7,8,1
201301TX20024,2,9,0,9,0,8,0,0,0,0,4,1,6,1,7,1149,1,8,2,1
201301TX20025,1,9,0,4,0,0,0,0,0,0,2,1,6,1,9,1242,1,1,5,1
201301TX20025,2,19,0,4,0,0,0,0,0,0,2,1,6,1,-1,1968,2,1,3,1
201301TX20025,3,9,0,18,0,0,0,0,0,0,1,1,6,1,6,1995,2,9,3,1
201301TX20026,1,9,0,18,0,0,0,0,0,0,1,1,6,2,5,1796,1,8,5,1
201301TX20026,2,9,0,1,0,0,0,0,0,0,2,1,6,1,-1,-1,-1,-1,-1,-1
201301TX20027,1,9,0,18,0,1,0,0,0,0,4,1,6,1,8,1796,1,7,3,1
201301TX20027,2,9,0,12,0,1,0,0,0,0,3,1,6,1,-1,1596,1,2,-1,-1
201301TX20028,1,2,0,15,0,8,0,0,0,0,1,1,6,1,6,49,1,4,-1,-1
201301TX20028,2,9,0,9,0,8,0,0,0,0,3,1,6,1,7,1497,1,11,1,1
201301TX20029,1,9,0,18,0,8,0,0,0,0,4,1,6,1,7,2967,2,7,7,1
201301TX20029,2,9,0,9,0,8,0,0,0,0,3,1,6,1,8,1781,2,9,7,1
201301TX20030,1,9,0,4,0,1,0,0,0,0,2,1,6,1,8,1587,1,6,9,3
201301TX20030,2,9,0,18,0,1,0,0,0,0,1,1,6,3,-1,-1,-1,-1,-1,-1
201301TX20031,1,9,0,5,0,8,0,0,0,0,3,1,1,2,6,1984,1,5,8,1
201301TX20031,2,9,0,18,0,8,0,0,0,0,1,1,3,2,7,998,1,13,8,1
201301TX20031,3,9,0,2,0,8,0,0,0,0,2,1,6,2,7,1796,1,11,5,1
201301TX20032,1,9,0,7,0,8,0,0,0,0,4,1,6,2,8,1229,1,7,4,1
201301TX20033,1,9,0,5,0,1,0,0,0,0,4,1,2,2,-1,1598,2,3,-1,-1
201301TX20034,1,9,0,18,0,0,0,0,0,0,4,1,1,2,9,1242,1,5,5,1
201301TX20035,1,9,0,18,0,8,0,0,0,0,1,1,1,1,6,-1,-1,-1,3,1
201301TX20035,2,19,0,9,0,8,0,0,0,0,1,1,6,3,-1,1870,2,8,-1,-1
201301TX20036,1,4,0,18,0,1,0,0,0,0,4,1,2,2,8,1198,1,16,3,1
201301TX20036,2,9,0,12,0,1,0,0,0,0,3,1,2,2,5,1560,2,6,4,1
201301TX20037,1,9,0,18,0,2,0,0,0,0,1,1,2,2,6,1360,1,9,2,1
201301TX20038,1,9,0,3,0,1,0,0,0,0,2,1,3,2,7,1390,1,7,6,1
201301TX20038,2,9,0,18,0,1,0,0,0,0,1,1,6,3,-1,1686,2,2,-1,-1
201301TX20038,3,9,0,3,0,1,0,0,0,0,2,1,6,3,-1,-1,-1,-1,-1,-1
201301TX20039,1,11,0,15,0,0,0,0,0,0,4,1,1,1,8,9360,2,2,1,1
201301TX20039,2,1,0,18,0,0,0,0,0,0,3,1,2,1,7,-1,-1,-1,-1,-1
201301TX20040,1,9,0,18,0,8,0,0,0,0,3,1,1,1,7,1797,8,4,5,1
201301TX20040,2,9,0,9,0,8,0,0,0,0,1,1,6,2,5,1198,1,4,-1,-1
201301TX20041,1,9,0,4,0,0,0,0,0,0,2,1,6,2,7,3199,1,10,9,1
201301TX20041,2,9,0,18,0,0,0,0,0,0,1,1,6,1,7,1997,1,8,3,1
201301TX20042,1,9,0,5,0,8,0,0,0,0,1,1,2,2,6,2179,2,2,10,2
201301TX20042,2,9,0,9,0,8,0,0,0,0,4,1,6,2,6,1598,1,9,4,1
201301TX20044,1,9,0,9,0,8,0,0,0,0,4,1,2,2,5,1149,1,12,4,1
201301TX20044,2,9,0,18,0,8,0,0,0,0,1,1,6,1,8,1968,2,7,5,1
201301TX20046,1,9,0,4,0,1,0,0,0,0,2,1,6,1,6,1349,1,9,4,1
201301TX20046,2,9,0,18,0,1,0,0,0,0,1,1,6,2,6,1390,1,6,7,1
201301TX20047,1,9,0,9,0,8,0,0,0,0,4,1,6,2,8,1390,1,14,3,1
201301TX20047,2,2,0,18,0,8,0,0,0,0,1,1,6,1,4,49,1,10,5,1
201301TX20048,1,5,0,18,0,0,1,0,0,0,4,1,6,1,8,-1,-1,-1,2,1
201301TX20049,1,10,0,18,0,8,0,0,0,0,3,1,1,1,6,-1,-1,-1,9,1
201301TX20049,2,21,0,18,0,8,0,0,0,0,1,2,1,2,6,-1,-1,-1,-1,-1
201301TX20051,1,9,0,15,0,0,0,0,0,0,3,1,6,1,7,1798,1,6,10,1
201301TX20051,2,9,0,18,0,0,0,0,0,0,3,1,6,1,9,1364,1,6,6,1
201301TX20052,1,9,0,18,0,0,0,0,0,0,1,1,6,1,6,1995,2,11,6,1
201301TX20052,2,9,0,4,0,0,0,0,0,0,2,1,6,1,8,1339,1,3,6,1
201301TX20052,3,9,0,4,0,0,0,0,0,0,2,1,6,1,7,1896,2,9,2,1
201301TX20053,1,4,0,18,0,0,0,0,0,0,1,1,1,1,7,330,1,1,-1,-1
201301TX20054,1,9,0,17,0,0,1,10,1,3,1,1,6,1,6,1995,1,12,4,1
201301TX20055,1,9,0,18,0,8,0,0,0,0,3,1,1,1,7,-1,-1,-1,6,1
201301TX20055,2,3,0,18,0,8,0,0,0,0,1,1,1,1,5,125,1,2,4,1
201301TX20057,1,9,0,18,0,0,0,0,0,0,1,1,6,1,5,1396,1,13,-1,-1
201301TX20057,2,19,0,2,0,0,0,0,0,0,3,1,6,1,6,-1,-1,-1,-1,-1
201301TX20057,3,21,0,18,0,0,0,0,0,0,1,1,1,1,6,12913,2,6,4,1
201301TX20060,1,9,0,18,0,2,0,0,0,0,4,1,6,3,-1,-1,-1,-1,-1,-1
201301TX20061,1,1,0,18,0,8,0,0,0,0,4,1,6,1,6,-1,-1,-1,9,1
201301TX20061,2,9,0,7,0,8,0,0,0,0,1,1,6,2,-1,-1,-1,-1,-1,-1
201301TX20062,1,9,0,7,0,8,0,0,0,0,4,1,2,1,7,1461,2,4,2,1
201301TX20062,2,1,0,18,0,8,0,0,0,0,1,1,6,1,-1,-1,-1,-1,-1,-1
201301TX20063,1,9,0,4,0,0,0,0,0,0,2,1,1,1,4,1598,1,8,-1,-1
201301TX20063,2,9,0,4,0,0,0,0,0,0,2,1,1,2,8,1984,1,7,8,1
201301TX20063,3,9,0,4,0,0,0,0,0,0,2,1,2,2,9,-1,-1,-1,5,1
201301TX20063,4,9,0,18,0,0,0,0,0,0,1,1,6,1,-1,1870,2,10,-1,-1
201301TX20064,1,9,0,18,0,0,0,0,0,0,2,1,6,2,-1,2179,2,-1,9,1
201301TX20064,2,9,0,18,0,0,0,0,0,0,2,1,2,1,8,1298,1,8,1,1
201301TX20064,3,19,0,18,0,0,0,0,0,0,1,1,6,1,6,-1,-1,-1,5,1
201301TX20065,1,9,0,4,0,0,0,0,0,0,2,1,6,2,6,2688,2,10,8,1
201301TX20065,2,10,0,18,0,0,0,0,0,0,1,1,6,1,8,-1,-1,-1,2,1
201301TX20065,3,9,0,18,0,0,0,0,0,0,1,1,6,1,8,4398,1,9,6,2
201301TX20065,4,9,0,18,0,0,0,0,0,0,1,1,6,1,6,1390,1,1,-1,-1
201301TX20066,1,9,0,18,0,0,0,0,0,0,3,1,2,1,7,1242,1,1,-1,-1
201301TX20067,1,19,0,18,0,8,0,0,0,0,4,1,1,1,6,2300,2,9,1,1
201301TX20067,2,9,0,9,0,8,0,0,0,0,3,1,6,1,7,2148,2,10,10,1
201301TX20069,1,9,0,18,0,8,0,0,0,0,3,1,6,1,9,1388,1,13,-1,-1
201301TX20069,2,9,0,9,0,8,0,0,0,0,1,1,6,1,9,1796,1,9,8,1
201301TX20071,1,11,0,4,0,1,0,0,0,0,0,1,1,1,8,4500,2,5,-1,-1
201301TX20072,1,8,0,5,0,2,0,0,0,0,0,1,1,3,-1,-1,-1,-1,-1,-1
201301TX20074,1,3,0,18,0,0,0,0,0,0,1,1,1,1,5,-1,-1,-1,4,1
201301TX20074,2,20,0,18,0,0,0,0,0,0,1,1,1,1,8,-1,-1,-1,-1,-1
201301TX20076,1,9,0,18,0,0,0,0,4,7,1,1,6,2,6,1229,1,1,3,1
201301TX20077,1,9,0,4,0,0,0,0,0,0,2,1,6,1,7,796,1,11,3,1
201301TX20077,2,3,0,18,0,0,0,0,0,0,1,1,6,1,-1,85,1,15,-1,-1
201301TX20078,1,9,0,11,0,0,0,0,0,0,2,1,6,2,4,1299,1,7,7,1
201301TX20078,2,9,0,18,0,0,0,0,0,0,1,1,6,2,-1,1422,2,4,4,1
201301TX20080,1,9,0,18,0,0,0,0,0,0,1,1,6,2,6,796,1,5,2,1
201301TX20080,2,9,0,4,0,0,0,0,0,0,2,1,6,2,5,1242,1,9,-1,-1
201301TX20081,1,9,0,18,0,0,0,0,0,0,1,1,1,2,-1,1124,1,12,4,1
201301TX20081,2,9,0,4,0,0,0,0,0,0,2,1,1,1,6,1229,1,1,9,1
201301TX20082,1,21,0,2,6,0,0,0,0,0,3,1,1,1,8,12419,2,5,9,1
201301TX20082,2,9,0,18,0,0,0,0,0,0,4,1,6,3,-1,1998,2,6,-1,-1
201301TX20083,1,9,0,18,0,8,0,0,0,0,1,1,6,1,6,1598,1,13,4,1
201301TX20083,2,9,0,9,0,8,0,0,0,0,3,1,6,1,6,1390,1,11,4,1
201301TX20083,3,3,0,18,0,8,0,0,0,0,1,1,6,1,4,125,1,1,3,1
201301TX20084,1,9,0,4,0,0,0,0,0,0,2,1,6,1,-1,2497,2,8,6,1
201301TX20084,2,9,0,18,0,0,0,0,0,0,1,1,2,1,8,1998,1,12,7,1
201301TX20085,1,9,0,5,0,0,0,0,0,0,3,1,6,1,6,1400,1,14,-1,-1
201301TX20085,2,9,0,7,0,0,0,0,0,0,4,1,6,2,8,1390,1,17,7,1
201301TX20086,1,19,0,18,0,0,0,0,1,7,1,1,1,1,8,2198,2,2,-1,-1
201301TX20087,1,9,0,4,0,1,1,0,0,0,1,1,1,1,6,2148,2,7,3,1
201301TX20087,2,9,0,4,0,1,0,0,0,0,2,1,6,2,6,1998,1,12,8,1
201301TX20088,1,11,0,5,0,1,0,0,0,0,0,1,1,3,-1,-1,-1,-1,-1,-1
201301TX20089,1,9,0,18,0,0,0,0,0,0,1,1,6,1,7,1968,2,4,3,1
201301TX20090,1,9,0,4,0,0,0,0,0,0,2,1,2,2,6,1461,2,1,1,1
201301TX20090,2,9,0,4,0,0,0,0,0,0,2,1,6,1,6,2430,1,16,3,1
201301TX20090,3,9,0,18,0,0,0,0,0,0,1,1,2,1,6,1124,1,13,7,1
201301TX20091,1,9,0,18,0,2,0,0,0,0,4,1,6,1,6,1360,1,12,4,1
201301TX20092,1,9,0,18,0,0,0,0,0,0,2,1,6,2,7,1910,2,8,3,1
201301TX20092,2,9,0,15,0,0,0,0,4,6,1,1,6,1,5,1794,1,12,3,1
201301TX20092,3,9,0,18,0,0,0,0,4,6,4,1,6,1,6,1968,2,6,3,1
201301TX20093,1,9,0,9,0,8,0,0,0,0,2,1,1,2,6,-1,-1,-1,3,1
201301TX20093,2,9,0,9,0,8,0,0,0,0,1,1,1,1,8,1388,1,3,5,1
201301TX20094,1,9,0,9,0,8,0,0,0,0,1,1,2,2,8,2429,1,8,3,1
201301TX20094,2,9,0,18,0,8,0,0,0,0,3,1,2,2,-1,1388,1,6,-1,-1
201301TX20096,1,9,0,4,0,2,0,0,0,0,1,1,6,1,7,1598,1,4,5,1
201301TX20097,1,9,0,5,0,1,0,0,0,0,1,1,6,1,11,1596,1,10,-1,-1
201301TX20098,1,4,0,18,0,2,0,0,0,0,1,1,6,1,-1,-1,-1,-1,-1,-1
201301TX20099,1,3,0,18,0,0,0,0,0,0,3,1,1,1,5,-1,-1,-1,2,1
201301TX20099,2,9,0,11,0,0,0,0,0,0,4,1,1,1,6,1896,2,11,10,3
201301TX20100,1,9,0,9,0,0,0,0,0,0,3,1,6,1,6,1895,1,14,-1,-1
201301TX20100,2,9,0,1,0,0,0,0,0,0,2,1,6,1,-1,2171,1,9,4,1
201301TX20101,1,9,0,9,0,0,0,0,0,0,3,1,6,1,6,-1,-1,-1,6,1
201301TX20101,2,1,0,18,0,0,0,0,0,0,1,1,6,1,6,-1,-1,-1,6,1
201301TX20103,1,9,0,18,0,8,0,0,0,0,1,1,6,1,6,2993,2,10,5,1
201301TX20103,2,9,0,7,0,8,0,0,0,0,3,1,6,1,-1,1299,1,12,-1,-1
201301TX20104,1,11,0,4,0,1,0,0,0,0,0,1,1,2,8,3900,2,8,1,1
201301TX20105,1,19,0,12,0,8,5,0,0,0,3,1,1,1,5,1296,1,7,7,1
201301TX20105,2,19,0,7,0,8,0,0,0,0,4,1,2,1,5,-1,-1,-1,6,2
201301TX20107,1,9,0,9,0,8,0,0,0,0,1,1,6,2,7,1390,1,3,5,1
201301TX20108,1,19,0,18,0,0,0,0,0,0,4,1,6,3,-1,-1,-1,-1,-1,-1
201301TX20109,1,9,0,4,0,1,0,0,0,0,4,1,1,1,6,1998,2,10,4,1
201301TX20109,2,1,0,18,0,1,0,0,0,0,1,1,1,1,6,-1,-1,-1,8,1
201301TX20110,1,9,0,10,0,1,0,0,0,0,2,1,6,2,7,1798,1,9,4,1
201301TX20110,2,19,0,5,0,1,0,0,0,0,1,1,1,1,7,1995,2,6,2,1
201301TX20111,1,9,0,18,0,0,0,0,0,0,4,1,6,2,-1,1390,1,15,8,1
201301TX20112,1,9,0,9,0,8,0,0,0,0,1,1,6,1,9,1597,1,4,6,1
201301TX20112,2,3,0,18,0,8,0,0,0,0,1,1,6,1,5,125,1,4,3,1
201301TX20113,1,9,0,4,0,1,0,0,0,0,2,1,6,2,8,-1,-1,-1,8,1
201301TX20113,2,9,0,4,0,1,0,0,0,0,1,1,6,1,-1,-1,-1,-1,3,1
201301TX20115,1,9,0,18,0,8,0,0,0,0,1,1,2,2,7,1086,1,7,7,1
201301TX20115,2,9,0,4,0,8,0,0,0,0,2,1,2,2,7,1497,8,11,3,1
201301TX20116,1,11,0,4,0,2,0,0,0,0,0,1,1,1,7,4500,2,2,2,1
201301TX20117,1,3,0,14,0,2,0,0,0,0,1,1,6,1,4,125,1,10,-1,-1
201301TX20117,2,9,0,10,0,1,0,0,0,0,1,1,6,1,9,2792,1,11,-1,-1
201301TX20118,1,9,0,18,0,0,0,0,0,0,1,1,6,2,8,1587,1,11,4,1
201301TX20119,1,9,0,18,0,1,0,0,0,0,1,1,6,1,7,-1,-1,-1,6,1
201301TX20119,2,9,0,18,0,1,0,0,0,0,2,1,6,1,5,1299,1,12,5,1
201301TX20120,1,9,0,4,0,1,0,0,0,0,2,1,6,2,5,-1,-1,-1,-1,-1
201301TX20120,2,9,0,4,0,1,0,0,0,0,1,1,6,2,-1,-1,-1,-1,-1,-1
201301TX20121,1,9,0,4,0,8,0,10,4,6,1,1,6,1,7,1598,1,5,6,1
201301TX20121,2,9,0,13,0,8,0,0,0,0,0,1,6,1,6,-1,-1,-1,4,1
201301TX20122,1,9,0,3,0,1,0,0,0,0,2,1,6,2,8,1598,1,1,3,1
201301TX20122,2,9,0,4,0,1,0,0,0,0,1,1,6,3,-1,-1,-1,-1,-1,-1
201301TX20123,1,9,0,18,0,8,0,0,0,0,3,1,6,1,9,1390,1,7,4,1
201301TX20123,2,9,0,9,0,8,0,0,0,0,1,1,6,1,6,1598,2,1,8,1
201301TX20124,1,11,0,18,0,1,0,0,0,0,1,1,1,1,8,9000,2,3,4,1
201301TX20125,1,9,0,18,0,0,0,0,0,0,1,1,6,2,5,1390,1,4,3,1
201301TX20125,2,9,0,3,0,0,0,0,0,0,2,1,6,1,7,1956,2,1,10,3
201301TX20125,3,9,0,3,0,0,0,0,0,0,2,1,6,1,8,1984,2,1,1,1
201301TX20126,1,9,0,7,0,2,0,0,0,0,1,1,6,2,7,2776,2,7,-1,-1
201301TX20129,1,20,0,2,0,8,0,0,0,0,3,1,1,1,-1,-1,-1,-1,-1,-1
201301TX20129,2,1,0,14,0,8,0,4,0,0,1,1,6,1,-1,-1,-1,-1,7,1
201301TX20130,1,1,0,18,0,8,0,0,0,0,4,1,2,1,6,-1,-1,-1,-1,-1
201301TX20130,2,9,0,7,0,8,0,0,0,0,1,1,6,1,-1,1895,1,14,-1,-1
201301TX20131,1,9,0,16,0,8,0,0,0,0,2,1,6,1,7,3123,1,6,10,1
201301TX20131,2,8,0,16,0,8,0,0,0,0,1,1,1,1,-1,2664,2,14,-1,-1
201301TX20132,1,9,0,18,0,2,0,10,2,7,1,1,6,1,5,1596,1,5,7,1
201301TX20133,1,9,0,18,0,0,0,0,0,0,1,1,6,1,8,1599,1,22,4,1
201301TX20134,1,9,0,18,0,1,0,0,0,0,1,1,6,3,-1,-1,-1,-1,-1,-1
201301TX20135,1,9,0,4,0,1,0,0,0,0,2,1,6,1,7,1596,1,12,-1,-1
201301TX20135,2,9,0,4,0,1,0,0,0,0,2,1,6,1,7,1984,2,7,4,1
201301TX20135,3,9,0,4,0,1,0,0,0,0,2,1,6,3,-1,1798,1,7,10,1
201301TX20135,4,9,0,4,0,1,0,0,0,0,1,1,6,3,6,2231,2,7,7,1
201301TX20136,1,3,0,18,0,0,1,0,0,0,2,1,6,2,6,124,1,1,6,1
201301TX20136,2,9,0,18,0,0,0,0,0,0,1,1,6,3,-1,-1,-1,-1,-1,-1
201301TX20137,1,9,0,18,0,8,0,0,0,0,3,1,6,2,9,1400,1,8,5,1
201301TX20137,2,9,0,5,0,8,0,0,0,0,1,1,3,1,-1,1497,1,10,6,1
201301TX20138,1,8,0,18,0,8,0,10,7,10,1,1,6,1,5,-1,-1,-1,4,1
201301TX20139,1,9,0,18,0,8,0,0,0,0,1,1,2,1,7,1199,1,11,4,1
201301TX20139,2,9,0,9,0,8,0,0,0,0,3,1,2,1,7,-1,-1,-1,5,1
201301TX20140,1,9,0,4,0,8,0,0,0,0,1,1,6,1,7,1199,1,12,2,1
201301TX20141,1,9,0,18,0,0,0,10,1,4,1,1,6,1,8,1895,1,15,6,1
201301TX20142,1,9,0,18,0,0,1,10,1,7,1,1,6,2,5,1995,2,6,7,1
201301TX20143,1,9,0,17,0,0,0,0,0,0,2,1,6,1,7,1997,1,6,8,1
201301TX20143,2,9,0,17,0,0,0,0,0,0,1,1,6,1,7,2143,2,3,4,1
201301TX20143,3,9,0,17,0,0,0,0,0,0,1,1,6,1,7,1968,2,10,1,1
201301TX20144,1,9,0,9,0,8,0,0,0,0,1,1,6,2,7,1794,1,6,5,1
201301TX20145,1,9,0,12,0,8,0,0,0,0,2,1,6,2,5,1275,1,19,2,1
201301TX20145,2,9,0,18,0,1,0,0,0,0,1,1,6,1,-1,3199,1,13,-1,-1