Accident_Index,Vehicle_Reference,Vehicle_Type,Towing_and_Articulation,Vehicle_Manoeuvre,Vehicle_Location-Restricted_Lane,Junction_Location,Skidding_and_Overturning,Hit_Object_in_Carriageway,Vehicle_Leaving_Carriageway,Hit_Object_off_Carriageway,1st_Point_of_Impact,Was_Vehicle_Left_Hand_Drive?,Journey_Purpose_of_Driver,Sex_of_Driver,Age_Band_of_Driver,Engine_Capacity_(CC),Propulsion_Code,Age_of_Vehicle,Driver_IMD_Decile,Driver_Home_Area_Type
201301TX20490,2,1,0,18,0,8,0,0,0,0,1,1,6,1,4,-1,-1,-1,-1,-1
201301TX20492,1,9,0,18,0,8,0,0,0,0,4,1,6,1,6,1968,2,6,5,1
201301TX20492,2,9,0,1,0,8,0,0,0,0,1,1,6,1,-1,1795,1,13,-1,-1
201301TX20493,1,9,0,18,0,2,0,0,0,0,4,1,6,1,9,1799,1,15,4,1
201301TX20493,2,21,1,18,0,2,0,0,0,0,3,1,1,1,8,-1,-1,-1,-1,-1
201301TX20494,1,21,0,13,0,1,0,0,0,0,4,1,6,3,-1,-1,-1,-1,-1,-1
201301TX20494,2,1,0,18,0,1,0,0,0,0,3,1,6,2,6,-1,-1,-1,7,1
201301TX20495,1,9,0,18,0,0,0,7,4,8,1,1,6,2,7,1461,2,1,3,1
201301TX20495,2,8,0,18,0,0,0,0,0,0,3,1,1,1,7,2987,2,5,10,1
201301TX20496,1,9,0,18,0,1,0,10,1,2,4,1,6,1,-1,1339,1,2,-1,-1
201301TX20497,1,19,0,3,0,1,0,0,0,0,2,1,1,1,7,2198,2,-1,5,1
201301TX20497,2,5,0,18,0,1,0,0,0,0,1,1,6,1,6,599,1,12,7,1
201301TX20498,1,9,0,18,0,1,0,0,0,0,4,1,6,1,10,1396,1,9,5,1
201301TX20499,1,1,0,17,0,8,0,0,0,0,1,1,6,2,6,-1,-1,-1,9,1
201301TX20499,2,9,0,9,0,8,0,0,0,0,3,1,6,2,-1,1296,1,5,-1,-1
201301TX20501,1,9,0,3,0,1,0,0,0,0,2,1,6,2,8,1348,1,11,9,1
201301TX20501,2,9,0,18,0,1,0,0,0,0,1,1,6,3,-1,2497,2,7,-1,-1
201301TX20502,1,1,0,18,9,1,0,0,0,0,3,1,6,1,7,-1,-1,-1,6,1
201301TX20502,2,9,0,18,0,2,0,0,0,0,1,1,6,3,-1,1587,1,8,-1,-1
201301TX20503,1,9,0,18,0,8,0,0,0,0,3,1,6,1,6,1598,1,4,8,1
201301TX20503,2,21,0,11,0,8,0,0,0,0,4,1,6,1,-1,9200,2,7,3,1
201301TX20504,1,1,0,18,5,2,0,0,0,0,1,1,6,1,7,-1,-1,-1,4,1
201301TX20504,2,9,0,9,5,2,0,0,0,0,4,1,6,2,6,998,1,4,6,1
201301TX20506,1,9,0,18,0,0,0,0,0,0,4,1,6,1,9,1299,1,11,6,1
201301TX20506,2,21,0,11,0,0,0,0,0,0,3,1,1,1,7,6692,2,1,-1,-1
201301TX20507,1,9,0,16,0,0,0,10,1,1,4,1,6,1,8,1794,1,11,4,1
201301TX20507,2,9,0,18,0,0,0,0,0,0,1,1,6,1,9,1968,2,6,3,1
201301TX20508,1,9,0,7,0,8,0,0,0,0,3,1,1,1,9,-1,-1,-1,4,1
201301TX20508,2,1,0,15,0,8,0,0,0,0,1,1,6,2,9,-1,-1,-1,6,1
201301TX20509,1,9,0,18,0,8,0,0,1,1,3,1,6,1,6,1896,2,12,6,1
201301TX20509,2,9,0,9,0,8,0,0,0,0,1,1,6,2,8,2999,2,14,6,1
201301TX20510,1,9,0,3,0,0,0,0,0,0,2,1,6,2,6,998,1,-1,5,1
201301TX20510,2,9,0,18,0,0,0,0,0,0,1,1,6,1,8,1998,1,14,-1,-1
201301TX20511,1,9,0,5,0,8,0,0,0,0,3,1,6,2,8,1896,2,6,7,1
201301TX20511,2,1,0,18,0,8,0,0,0,0,1,1,6,1,9,-1,-1,-1,4,1
201301TX20512,1,1,0,18,0,2,0,0,0,0,1,1,6,1,7,-1,-1,-1,3,1
201301TX20513,1,1,0,18,0,8,0,0,0,0,4,1,2,1,4,-1,-1,-1,5,1
201301TX20513,2,19,0,18,0,8,0,0,0,0,1,1,6,3,-1,-1,-1,-1,-1,-1
201301TX20514,1,19,0,9,0,2,0,0,0,0,2,1,6,1,7,2198,2,-1,3,1
201301TX20514,2,1,0,18,0,2,0,0,0,0,1,1,6,1,8,-1,-1,-1,3,1
201301TX20515,1,9,0,4,0,0,0,0,0,0,2,1,6,2,6,1360,1,6,6,1
201301TX20515,2,9,0,4,0,0,0,0,0,0,1,1,1,1,7,1560,2,6,2,1
201301TX20516,1,9,0,7,0,2,0,0,0,0,1,1,3,2,7,1124,1,13,-1,-1
201301TX20517,1,9,0,18,0,0,0,0,0,0,1,1,6,1,7,2398,1,14,4,1
201301TX20517,2,9,0,9,0,0,0,0,0,0,4,1,6,1,4,-1,-1,-1,8,3
201301TX20518,1,9,0,18,0,0,0,0,0,0,3,1,6,2,7,1388,1,12,2,1
201301TX20518,2,9,0,11,0,0,0,0,0,0,4,1,6,1,7,3000,1,21,2,1
201301TX20519,1,9,0,7,0,8,0,0,0,0,4,1,1,1,7,1998,2,5,3,1
201301TX20519,2,1,0,18,0,8,0,0,0,0,3,1,6,1,8,-1,-1,-1,6,1
201301TX20520,1,8,0,18,0,8,0,0,0,0,4,1,1,1,8,1598,1,7,2,1
201301TX20520,2,9,0,7,0,8,0,0,0,0,3,1,1,1,7,-1,-1,-1,10,1
201301TX20521,1,2,0,18,0,1,0,0,0,0,4,1,6,1,4,124,1,8,4,1
201301TX20521,2,9,0,6,0,1,0,0,0,0,1,1,6,1,6,1388,1,12,-1,-1
201301TX20522,1,3,0,4,0,1,0,0,0,0,4,1,6,1,7,125,1,1,7,1
201301TX20523,1,1,0,18,0,1,0,0,0,0,1,1,6,1,6,-1,-1,-1,4,1
201301TX20524,1,5,0,18,0,2,0,0,0,0,4,1,6,1,6,599,1,1,5,1
201301TX20524,2,9,0,12,0,2,0,0,0,0,3,1,6,1,6,1769,1,9,2,1
201301TX20525,1,9,0,5,0,1,0,0,0,0,1,1,1,1,7,-1,-1,-1,-1,-1
201301TX20525,2,2,0,2,0,1,0,0,0,0,2,1,6,1,4,49,1,12,2,1
201301TX20526,1,9,0,18,0,8,0,0,0,0,3,1,6,1,6,1997,2,6,5,1
201301TX20526,2,9,0,18,0,8,0,0,0,0,4,1,6,1,-1,1599,1,9,-1,-1
201301TX20527,1,4,0,18,0,0,0,0,0,0,1,1,1,1,8,-1,-1,-1,8,1
201301TX20527,2,9,0,18,0,0,0,0,0,0,2,1,6,2,7,1995,2,7,3,1
201301TX20528,1,9,0,3,0,1,0,0,0,0,2,1,6,2,6,1198,1,9,5,1
201301TX20528,2,9,0,18,0,1,0,0,0,0,1,1,6,1,5,1796,1,8,5,1
201301TX20529,1,9,0,18,0,1,0,0,0,0,1,1,6,1,5,1598,1,7,-1,-1
201301TX20529,2,9,0,4,0,1,0,0,0,0,2,1,6,2,7,1800,1,14,-1,-1
201301TX20530,1,9,0,11,0,1,0,0,0,0,4,1,6,2,6,3436,1,1,10,3
201301TX20530,2,9,0,5,0,1,0,0,0,0,3,1,6,2,4,1339,1,8,4,1
201301TX20531,1,9,0,18,0,8,0,0,0,0,3,1,6,1,9,1600,2,4,9,1
201301TX20532,1,9,4,18,0,2,0,0,0,0,4,1,1,1,9,4164,2,9,9,3
201301TX20532,2,1,0,15,0,2,0,0,0,0,3,1,6,1,6,-1,-1,-1,-1,-1
201301TX20533,1,9,0,18,0,8,0,0,0,0,1,1,6,2,5,1900,2,9,3,1
201301TX20533,2,19,0,5,0,8,0,0,0,0,3,1,1,2,8,2198,2,5,-1,-1
201301TX20534,1,9,0,18,0,2,0,0,0,0,1,1,6,1,5,1364,1,4,7,1
201301TX20534,2,1,0,18,0,2,0,0,0,0,3,1,6,1,5,-1,-1,-1,4,1
201301TX20535,1,9,0,16,0,8,0,0,0,0,1,1,6,1,6,1598,1,10,8,1
201301TX20535,2,9,0,18,0,8,0,0,0,0,4,1,6,2,6,-1,-1,-1,-1,-1
201301TX20537,1,9,0,4,0,0,0,0,0,0,2,1,6,1,6,1598,1,10,4,1
201301TX20537,2,9,0,4,0,0,0,0,0,0,1,1,1,1,6,1995,2,8,2,1
201301TX20538,1,9,0,18,0,8,0,0,0,0,1,1,6,1,7,1590,1,10,-1,-1
201301TX20538,2,9,0,9,0,8,0,0,0,0,4,1,6,2,5,1598,1,10,6,1
201301TX20539,1,9,0,18,0,8,0,0,0,0,3,1,6,1,7,-1,-1,-1,4,1
201301TX20539,2,9,0,7,0,8,0,0,0,0,1,1,6,1,8,1597,1,16,7,1
201301TX20540,1,5,0,18,0,1,0,0,0,0,3,1,6,1,5,125,1,-1,5,2
201301TX20540,2,9,0,18,0,1,0,0,0,0,4,1,6,1,-1,2183,2,2,-1,-1
201301TX20541,1,4,0,18,0,1,0,0,0,0,1,1,6,1,7,124,1,3,7,1
201301TX20541,2,19,0,9,0,5,0,0,0,0,4,1,6,1,9,2198,2,2,3,1
201301TX20542,1,9,0,18,0,2,0,0,0,0,1,1,6,3,-1,-1,-1,-1,-1,-1
201301TX20543,1,9,0,18,0,1,0,0,0,0,1,1,6,1,6,1390,1,-1,-1,-1
201301TX20544,1,9,0,7,0,5,0,0,0,0,4,1,6,2,7,2987,2,4,4,1
201301TX20544,2,1,0,18,0,1,0,0,0,0,3,1,6,1,5,-1,-1,-1,8,1
201301TX20545,1,1,0,18,0,1,0,0,0,0,3,1,6,1,8,-1,-1,-1,9,1
201301TX20545,2,9,0,7,0,1,0,0,0,0,4,1,6,2,-1,-1,-1,-1,-1,-1
201301TX20546,1,4,0,14,0,1,0,0,0,0,1,1,6,1,4,124,1,-1,4,1
201301TX20547,1,11,0,5,0,1,0,0,0,0,4,1,1,1,6,-1,-1,-1,3,1
201301TX20548,1,9,0,18,0,1,0,0,0,0,4,1,6,1,6,1995,1,8,4,1
201301TX20548,2,3,0,15,0,1,0,0,0,0,1,1,6,1,7,124,1,3,5,1
201301TX20549,1,9,0,3,0,1,0,0,0,0,2,1,6,2,9,1998,1,8,6,1
201301TX20549,2,1,0,15,0,1,0,0,0,0,1,1,6,1,7,-1,-1,-1,9,1
201301TX20550,1,9,0,7,0,8,0,0,0,0,1,1,6,1,7,1332,1,15,-1,-1
201301TX20550,2,1,0,18,5,8,0,0,0,0,1,1,6,2,-1,-1,-1,-1,5,1
201301TX20551,1,9,0,5,0,0,0,0,0,0,3,1,6,1,9,-1,-1,-1,4,1
201301TX20551,2,9,0,18,0,0,0,0,0,0,4,1,6,2,8,1560,2,5,3,1
201301TX20552,1,9,0,18,0,1,0,0,0,0,1,1,6,1,8,-1,-1,-1,5,1
201301TX20552,2,3,0,18,0,1,0,0,0,0,1,1,6,1,4,124,1,-1,3,1
201301TX20553,1,9,0,5,0,8,0,0,0,0,2,1,6,2,9,1229,1,1,6,1
201301TX20553,2,9,0,5,0,8,0,0,0,0,2,1,6,1,5,1242,1,10,6,1
201301TX20553,3,9,0,5,0,8,0,0,0,0,1,1,6,1,4,1598,1,10,3,1
201301TX20554,1,9,0,18,0,0,0,0,0,0,1,1,6,3,-1,-1,-1,-1,-1,-1
201301TX20555,1,9,0,3,0,1,0,0,0,0,2,1,6,2,6,1895,1,13,3,1
201301TX20555,2,9,0,18,0,1,0,0,0,0,1,1,1,1,7,-1,-1,-1,4,1
201301TX20555,3,9,0,3,0,1,0,0,0,0,2,1,6,1,-1,1396,1,3,-1,-1
201301TX20556,1,9,0,3,0,1,0,0,0,0,2,1,6,2,7,1598,1,10,9,1
201301TX20556,2,9,0,3,0,1,0,0,0,0,2,1,6,2,8,1339,8,1,6,1
201301TX20556,3,9,0,18,0,1,0,0,0,0,1,1,1,1,5,1399,2,4,2,1
201301TX20557,1,9,0,3,0,0,0,0,0,0,2,1,6,1,5,1896,2,14,2,1
201301TX20557,2,9,0,18,0,0,0,0,0,0,1,1,6,1,8,-1,-1,-1,-1,-1
201301TX20558,1,9,0,4,0,1,0,0,0,0,2,1,6,1,8,1997,2,6,-1,-1
201301TX20558,2,9,0,18,0,1,0,0,0,0,1,1,6,2,4,998,1,18,5,1
201301TX20559,1,3,0,18,0,2,0,0,0,0,4,1,6,1,5,124,1,3,4,1
201301TX20559,2,9,0,12,0,2,0,0,0,0,3,1,6,1,7,1753,2,5,3,1
201301TX20560,1,9,0,18,0,0,0,0,0,0,1,1,6,1,-1,1995,2,1,-1,-1
201301TX20560,2,9,0,3,0,0,0,0,0,0,2,1,6,1,8,2477,2,9,6,3
201301TX20561,1,9,0,18,0,8,0,0,0,0,4,1,6,2,7,2497,1,11,2,1
201301TX20561,2,9,0,15,0,8,0,0,0,0,3,1,6,1,8,2198,1,9,-1,-1
201301TX20562,1,1,0,18,0,1,0,0,0,0,1,1,6,1,6,-1,-1,-1,2,1
201301TX20563,1,9,0,18,0,8,0,0,0,0,4,1,1,1,8,-1,-1,-1,1,1
201301TX20563,2,9,0,12,0,8,0,0,0,0,3,1,6,2,10,1339,1,7,4,1
201301TX20566,1,9,0,8,0,1,0,0,0,0,2,1,6,2,7,1339,1,2,5,1
201301TX20566,2,9,0,18,0,1,0,0,0,0,1,1,6,3,-1,1396,1,6,-1,-1
201301TX20567,1,9,0,4,0,2,0,4,0,0,1,1,6,1,10,2435,1,16,4,1
201301TX20567,2,9,0,2,0,1,0,0,0,0,4,1,6,2,7,1968,2,5,4,1
201301TX20567,3,9,0,2,0,1,0,0,0,0,2,1,6,2,9,1461,2,9,4,1
201301TX20568,1,9,0,4,0,1,0,0,0,0,2,1,6,2,6,1363,2,8,-1,-1
201301TX20568,2,9,0,4,0,1,0,0,0,0,2,1,6,1,5,1149,1,9,-1,-1
201301TX20568,3,9,0,18,0,1,0,0,0,0,1,1,1,1,6,-1,-1,-1,5,1
201301TX20569,1,8,0,9,0,8,0,0,0,0,2,1,1,1,6,1896,2,9,-1,-1
201301TX20569,2,9,0,15,0,8,0,0,0,0,1,1,6,3,-1,1198,1,10,-1,-1
201301TX20570,1,9,0,18,0,0,0,0,0,0,2,1,6,1,6,1198,1,1,5,1
201301TX20570,2,9,0,18,0,0,0,0,0,0,2,1,6,2,6,1968,2,1,-1,-1
201301TX20570,3,8,0,18,0,0,0,0,0,0,1,1,1,1,-1,2664,2,14,-1,-1
201301TX20571,1,9,0,9,0,2,0,0,0,0,3,1,6,1,4,1360,1,14,7,1
201301TX20571,2,5,0,14,0,1,0,0,0,0,1,1,6,1,8,996,1,10,-1,-1
201301TX20572,1,9,0,18,0,8,0,0,0,0,1,1,6,1,4,1400,1,13,4,1
201301TX20572,2,9,0,5,0,8,0,0,0,0,3,1,6,1,7,1392,1,15,4,1
201301TX20573,1,9,0,3,0,1,0,0,0,0,2,1,6,1,5,1910,2,10,4,1
201301TX20573,2,19,0,18,0,1,1,0,0,0,1,1,1,1,6,2464,2,5,-1,-1
201301TX20575,1,9,0,7,0,8,0,0,0,0,1,1,6,2,6,1870,2,9,4,1
201301TX20575,2,9,0,7,0,8,1,0,0,0,2,1,6,1,7,1596,1,12,9,1
201301TX20576,1,9,0,9,0,8,0,0,0,0,4,1,6,1,7,1396,1,10,4,1
201301TX20576,2,9,0,7,0,8,0,0,0,0,1,1,6,2,8,1598,1,11,5,1
201301TX20577,1,3,0,3,0,8,0,0,0,0,1,1,1,1,6,49,1,6,2,1
201301TX20577,2,90,0,1,0,8,0,0,0,0,2,1,6,3,-1,-1,-1,-1,-1,-1
201301TX20578,1,19,0,16,0,8,0,0,0,0,3,1,1,1,6,2402,2,11,4,1
201301TX20579,1,3,0,18,4,0,0,4,0,0,3,1,6,1,4,124,1,4,1,1
201301TX20579,2,9,0,2,0,0,0,0,0,0,4,1,6,1,-1,1896,2,12,5,1
201301TX20579,3,9,0,2,0,0,0,0,0,0,4,1,6,2,-1,1995,2,8,5,1
201301TX20579,4,9,0,2,0,0,0,0,0,0,3,1,6,2,-1,1497,8,6,5,1
201301TX20580,1,1,0,15,0,0,0,8,0,0,1,1,2,2,8,-1,-1,-1,6,1
201301TX20580,2,8,0,3,0,0,0,0,0,0,4,1,6,1,-1,1984,1,5,6,1
201301TX20581,1,9,0,18,0,1,0,0,0,0,1,1,6,2,4,1598,1,15,5,1
201301TX20581,2,9,0,4,0,1,0,0,0,0,2,1,6,1,-1,-1,-1,-1,9,1
201301TX20582,1,1,0,15,4,1,0,0,0,0,1,1,6,1,5,-1,-1,-1,4,1
201301TX20582,2,9,0,7,0,5,0,0,0,0,4,1,6,3,-1,2000,2,3,-1,-1
201301TX20583,1,9,0,7,0,8,0,0,0,0,4,1,6,1,-1,1598,1,12,7,1
201301TX20583,2,1,0,18,0,8,0,0,0,0,1,1,6,1,6,-1,-1,-1,4,1
201301TX20584,1,3,0,18,0,0,0,0,0,0,1,1,6,1,4,125,1,1,4,1
201301TX20584,2,9,0,3,0,0,0,0,0,0,2,1,6,2,8,1968,2,2,9,1
201301TX20585,1,9,0,18,0,0,1,0,4,6,1,1,6,1,7,2979,1,8,2,1
201301TX20586,1,9,0,16,0,2,0,0,0,0,1,1,6,1,5,2148,2,6,4,1
201301TX20586,2,11,0,18,0,1,0,0,0,0,1,1,1,1,7,6871,2,6,3,1
201301TX20587,1,9,0,4,0,1,0,0,0,0,2,1,6,1,9,1598,1,13,4,1
201301TX20587,2,9,0,18,0,1,0,0,0,0,1,1,6,1,-1,1246,1,7,2,1
201301TX20587,3,9,0,4,0,1,0,0,0,0,1,1,6,2,-1,1364,1,4,3,1
201301TX20588,1,9,0,9,0,8,0,0,0,0,4,1,6,2,8,1998,1,16,6,1
201301TX20588,2,3,0,18,0,8,0,0,0,0,1,1,6,1,5,125,1,1,4,1
201301TX20589,1,1,0,18,0,1,0,0,0,0,3,1,2,1,6,-1,-1,-1,3,1
201301TX20589,2,3,0,13,0,1,0,0,0,0,4,1,6,3,-1,-1,-1,-1,-1,-1
201301TX20590,1,9,0,3,0,1,0,0,0,0,2,1,6,2,8,-1,-1,-1,9,1
201301TX20590,2,9,0,18,0,1,0,0,0,0,1,1,6,1,-1,-1,-1,-1,-1,-1
201301TX20591,1,9,0,18,0,1,0,0,0,0,1,1,6,2,7,1598,1,10,5,1
201301TX20591,2,9,0,3,0,1,0,0,0,0,2,1,6,2,6,1596,1,11,5,1
201301TX20594,1,9,0,3,0,8,0,0,0,0,1,1,6,1,7,1497,1,10,6,1
201301TX20594,2,9,0,5,0,8,0,0,0,0,1,1,6,2,7,1229,1,-1,4,1
201301TX20594,3,9,0,5,0,8,0,0,0,0,2,1,6,1,8,1398,1,12,8,1
201301TX20595,1,8,0,18,0,0,0,0,0,0,1,1,1,1,9,1896,2,9,2,1
201301TX20595,2,9,0,3,0,0,0,0,0,0,2,1,1,1,7,-1,-1,-1,5,1
201301TX20596,1,19,0,9,0,8,0,0,0,0,1,1,1,1,6,2198,2,2,2,1
201301TX20596,2,9,0,18,0,8,0,0,0,0,4,1,2,1,7,2993,2,3,6,1
201301TX20597,1,9,0,16,0,8,0,0,0,0,3,1,6,1,10,1595,2,3,3,1
201301TX20597,2,21,1,16,0,8,0,0,0,0,1,2,1,1,8,-1,-1,-1,-1,-1
201301TX20598,1,9,0,3,0,1,0,0,0,0,2,1,6,1,9,1390,1,2,4,1
201301TX20598,2,19,0,3,0,1,0,0,0,0,2,1,1,1,6,1753,2,1,-1,-1
201301TX20598,3,19,0,18,0,1,0,0,0,0,1,1,1,1,8,1968,2,3,5,1
201301TX20598,4,19,0,3,0,1,0,0,0,0,2,1,1,1,6,-1,-1,-1,6,1
201301TX20599,1,19,0,18,0,8,0,0,0,0,4,1,6,2,6,-1,-1,-1,4,1
201301TX20603,1,1,0,18,9,2,0,0,0,0,1,1,6,1,3,-1,-1,-1,5,1
201301TX20604,1,9,0,9,0,8,0,0,0,0,1,1,6,1,7,1598,1,9,4,1
201301TX20605,1,8,0,4,0,0,0,0,1,0,2,1,1,1,8,1560,2,-1,4,1
201301TX20605,2,19,0,18,0,0,0,0,0,0,1,1,1,1,8,-1,-1,-1,-1,-1
201301TX20606,1,1,0,15,0,1,0,0,0,0,1,1,6,1,4,-1,-1,-1,3,1
201301TX20607,1,9,0,18,0,8,5,10,1,2,4,1,6,2,4,1198,1,11,8,1
201301TX20607,2,9,0,2,0,8,0,0,0,0,4,1,6,1,7,1560,2,6,7,1
201301TX20607,3,9,0,2,0,8,0,0,0,0,4,1,6,2,-1,1975,1,7,-1,-1
201301TX20608,1,9,0,9,0,0,0,0,0,0,3,1,6,1,8,1329,1,2,9,1
201301TX20608,2,3,0,13,0,0,0,0,0,0,1,1,6,1,8,988,1,10,10,1
201301TX20609,1,9,0,3,0,0,0,0,0,0,2,1,2,1,5,1397,1,6,9,1
201301TX20609,2,8,0,18,0,0,0,0,0,0,1,1,1,1,-1,1797,8,3,-1,-1
201301TX20610,1,9,0,4,0,0,0,0,0,0,2,1,6,1,5,998,1,-1,6,1
201301TX20610,2,3,0,18,0,0,0,0,0,0,1,1,6,1,6,109,1,1,7,1
201301TX20611,1,19,0,11,0,8,0,0,0,0,3,1,1,1,7,2402,2,8,4,1
201301TX20611,2,8,0,18,0,8,0,0,0,0,4,1,1,1,7,2143,2,2,8,1
201301TX20612,1,9,0,18,0,0,0,0,0,0,1,1,6,1,7,-1,-1,-1,10,1
201301TX20613,1,9,0,5,0,0,0,0,1,0,1,1,6,2,9,1598,1,16,2,1
201301TX20613,2,9,0,18,0,0,0,0,0,0,4,1,6,2,6,998,1,9,3,1
201301TX20614,1,5,0,18,0,8,0,0,0,0,4,1,2,1,7,-1,-1,-1,4,1
201301TX20614,2,11,0,11,0,8,0,0,0,0,1,1,1,3,-1,4249,2,-1,3,1
201301TX20615,1,9,0,7,0,8,0,0,0,0,2,1,6,1,6,-1,-1,-1,5,1
201301TX20615,2,21,1,7,0,8,0,0,1,0,1,1,1,1,9,12777,2,5,6,3
201301TX20615,3,9,0,9,0,8,0,0,0,0,0,1,1,1,8,1229,1,1,3,1
201301TX20616,1,5,0,5,0,1,0,0,0,0,2,1,1,1,6,102,1,10,4,1
201301TX20616,2,9,0,4,0,1,0,0,0,0,1,1,2,1,6,2926,2,10,6,1
201301TX20618,1,11,0,4,0,0,0,0,0,0,0,1,1,3,-1,-1,-1,-1,-1,-1
201301TX20619,1,9,0,9,0,5,0,0,0,0,3,1,6,1,10,1598,1,10,-1,-1
201301TX20619,2,5,0,14,0,1,0,0,0,0,1,1,6,1,7,599,1,11,9,1
201301TX20620,1,9,0,3,0,8,0,0,1,0,1,1,6,1,6,1398,1,-1,2,1
201301TX20620,2,3,0,3,0,8,0,0,0,0,2,1,6,1,7,125,1,11,7,1
201301TX20621,1,9,0,6,0,0,0,0,0,0,3,1,1,1,6,1968,2,-1,4,1
201301TX20621,2,9,0,13,0,0,0,0,0,0,1,1,6,1,-1,1560,2,-1,-1,-1
201301TX20622,1,5,0,7,0,8,0,0,1,7,3,1,1,1,6,645,1,7,3,1
201301TX20623,1,9,0,18,0,8,0,0,0,0,1,1,6,1,9,1686,2,8,4,1
201301TX20624,1,1,0,15,0,8,0,0,0,0,4,1,6,1,7,-1,-1,-1,10,1
201301TX20624,2,2,0,5,0,8,0,0,0,0,4,1,6,1,6,-1,-1,-1,8,1
201301TX20625,1,1,0,15,0,0,0,0,0,0,3,1,6,1,5,-1,-1,-1,2,1
201301TX20625,2,9,0,11,0,0,0,0,0,0,1,1,6,1,-1,2184,2,4,9,3
201301TX20626,1,9,0,18,0,8,0,0,0,0,3,1,1,1,5,-1,-1,-1,4,1
201301TX20626,2,9,0,9,0,8,0,0,0,0,3,1,6,1,5,1150,1,9,9,3
201301TX20627,1,21,0,9,0,8,0,11,3,1,1,1,1,1,8,5880,2,5,7,1
201301TX20628,1,9,0,4,0,8,0,0,0,0,2,1,2,1,6,1598,1,-1,8,1
201301TX20628,2,9,0,4,0,8,0,0,0,0,1,1,6,1,7,1997,2,4,2,1
201301TX20628,3,4,0,4,0,8,0,0,0,0,1,1,6,2,5,124,1,-1,5,1
201301TX20628,4,9,0,4,0,8,0,0,0,0,1,1,2,1,8,1229,1,1,9,1
201301TX20629,1,1,0,18,0,8,0,0,0,0,4,1,2,1,4,-1,-1,-1,3,1
201301TX20629,2,9,0,9,0,8,0,0,0,0,1,1,2,1,-1,1587,1,12,-1,-1
201301TX20630,1,19,0,18,0,8,0,0,0,0,1,1,1,1,7,1968,2,-1,4,1
201301TX20630,2,11,0,5,0,8,0,0,0,0,2,1,1,1,7,6370,2,2,3,1
201301TX20631,1,9,0,4,0,8,0,0,0,0,2,1,6,2,6,1339,1,2,3,1
201301TX20631,2,9,0,18,0,8,0,0,0,0,1,1,6,1,8,1794,1,5,5,1
201301TX20632,1,9,0,18,0,0,0,0,0,0,1,1,2,1,6,-1,-1,-1,3,1
201301TX20633,1,9,0,5,0,8,0,0,0,0,2,1,6,1,6,1799,1,7,-1,-1
201301TX20633,2,9,0,5,0,8,0,0,0,0,2,1,6,1,6,-1,-1,-1,5,1
201301TX20633,3,9,0,4,0,8,0,0,0,0,1,1,6,2,6,1200,1,-1,7,1
201301TX20634,1,9,0,7,0,8,0,0,0,0,1,1,2,1,9,1598,2,3,-1,-1
201301TX20634,2,1,0,18,0,8,0,0,0,0,4,1,6,1,8,-1,-1,-1,-1,-1
201301TX20635,1,4,0,14,0,0,0,0,0,0,4,1,6,1,8,-1,-1,-1,6,1
201301TX20635,2,9,0,9,0,0,0,0,0,0,1,1,6,1,-1,1598,1,8,3,1
201301TX20636,1,19,0,5,0,0,0,0,0,0,4,1,1,1,9,2143,2,2,3,1
201301TX20637,1,1,0,13,0,8,0,0,1,0,4,1,2,1,6,-1,-1,-1,5,1
201301TX20637,2,9,0,9,0,8,0,0,0,0,1,1,3,2,-1,1995,1,3,-1,-1
201301TX20639,1,8,0,18,0,0,0,0,0,0,1,1,1,1,10,2496,2,15,6,1
201301TX20639,2,9,0,18,0,0,0,0,0,0,2,1,6,1,9,2993,2,2,10,2
201301TX20640,1,19,0,6,0,0,0,0,0,0,2,1,2,1,7,2198,2,2,4,1
201301TX20640,2,5,0,18,0,0,0,0,0,0,1,1,6,1,5,599,1,12,2,1
201301TX20642,1,9,0,1,9,0,0,0,1,0,2,1,6,2,6,2993,2,7,-1,-1
201301TX20643,1,8,0,18,0,8,0,0,1,0,4,1,1,1,8,1997,2,2,5,1
201301TX20644,1,11,0,4,0,8,0,0,0,0,0,1,1,1,9,4500,2,3,9,1
201301TX20645,1,9,0,18,0,8,0,0,0,0,1,1,6,1,6,1968,2,5,8,1
201301TX20645,2,9,0,7,0,8,0,0,0,0,1,1,6,1,7,1896,2,10,7,1
201301TX20646,1,5,0,18,0,8,0,0,0,0,1,1,6,1,5,-1,-1,-1,3,1
201301TX20646,2,9,0,7,0,8,0,0,0,0,3,1,6,1,8,-1,-1,-1,10,1
201301TX20647,1,9,0,18,0,0,1,4,0,0,3,1,1,2,6,1582,2,1,-1,-1
201301TX20647,2,9,0,2,0,0,0,0,0,0,3,1,6,1,7,1388,1,11,5,1
201301TX20648,1,3,0,18,0,8,0,0,0,0,3,1,2,1,6,124,1,16,4,1
201301TX20648,2,9,0,9,0,8,0,0,0,0,4,1,1,1,7,1896,2,5,4,1
201301TX20649,1,8,0,4,0,8,0,0,0,0,2,1,1,1,11,2402,2,9,6,1
201301TX20649,2,9,0,4,0,8,0,0,0,0,1,1,1,1,7,2688,2,11,2,1
201301TX20649,3,1,0,3,0,8,0,0,0,0,2,1,6,2,7,-1,-1,-1,5,1
201301TX20650,1,9,0,16,0,8,0,0,0,0,2,1,6,2,7,1124,1,15,9,1
201301TX20650,2,9,0,16,0,8,0,0,0,0,1,1,6,1,6,1870,2,9,7,1
201301TX20650,3,9,0,9,0,8,0,0,0,0,4,1,6,2,6,1796,1,4,5,1
201301TX20651,1,9,0,4,0,0,0,0,0,0,1,1,6,1,6,1798,1,6,4,1
201301TX20651,2,19,0,4,0,0,0,0,0,0,2,1,6,1,7,1998,2,8,4,1
201301TX20651,3,9,0,4,0,0,0,0,0,0,2,1,6,1,7,1747,1,12,8,1
201301TX20653,1,9,0,9,0,8,0,0,0,0,4,1,6,1,4,1388,1,3,5,1