Accident_Index,Vehicle_Reference,Vehicle_Type,Towing_and_Articulation,Vehicle_Manoeuvre,Vehicle_Location-Restricted_Lane,Junction_Location,Skidding_and_Overturning,Hit_Object_in_Carriageway,Vehicle_Leaving_Carriageway,Hit_Object_off_Carriageway,1st_Point_of_Impact,Was_Vehicle_Left_Hand_Drive?,Journey_Purpose_of_Driver,Sex_of_Driver,Age_Band_of_Driver,Engine_Capacity_(CC),Propulsion_Code,Age_of_Vehicle,Driver_IMD_Decile,Driver_Home_Area_Type
201301TX20653,2,9,0,18,0,8,0,0,0,0,1,1,6,1,6,1598,1,11,3,1
201301TX20653,3,19,0,4,0,1,0,0,0,0,3,1,1,1,9,2143,2,3,7,1
201301TX20654,1,9,0,4,0,0,0,0,1,0,1,1,6,1,8,-1,-1,-1,4,1
201301TX20656,1,1,0,18,0,8,0,0,1,0,3,1,2,1,5,-1,-1,-1,2,1
201301TX20656,2,9,0,7,0,8,0,0,0,0,1,1,6,1,-1,1799,1,7,-1,-1
201301TX20658,1,9,0,5,0,8,0,0,0,0,3,1,6,1,-1,2993,2,3,-1,-1
201301TX20658,2,9,0,9,0,8,0,0,0,0,1,1,6,1,-1,1796,1,13,-1,-1
201301TX20659,1,9,0,18,0,8,0,10,1,2,3,1,6,1,6,1598,1,12,2,1
201301TX20659,2,9,0,6,0,8,0,0,1,0,1,1,6,2,8,1199,1,11,5,1
201301TX20660,1,8,0,5,0,8,0,0,0,0,3,1,6,1,8,1995,1,6,2,1
201301TX20660,2,19,0,18,0,8,0,0,0,0,1,1,1,1,-1,2402,2,3,10,1
201301TX20661,1,19,0,18,0,1,0,0,0,0,1,1,6,1,5,-1,-1,-1,-1,-1
201301TX20661,2,9,0,5,0,6,0,0,0,0,3,1,6,1,6,1999,1,8,4,1
201301TX20662,1,8,0,4,0,8,0,0,0,0,2,1,1,1,8,1997,2,1,5,1
201301TX20662,2,20,0,4,0,8,0,0,0,0,1,1,1,1,8,4461,2,5,10,1
201301TX20663,1,11,0,3,0,0,0,0,0,0,0,1,1,1,7,4500,2,1,3,1
201301TX20664,1,3,0,7,0,8,0,0,0,0,3,1,2,1,7,-1,-1,-1,5,1
201301TX20664,2,19,0,7,0,8,0,0,1,0,4,1,6,1,-1,-1,-1,-1,-1,-1
201301TX20665,1,9,0,3,0,0,0,0,0,0,3,1,6,1,8,2993,2,3,10,2
201301TX20665,2,9,0,18,0,0,0,10,2,10,1,1,6,1,6,1396,1,11,3,1
201301TX20666,1,9,0,7,5,0,0,0,0,0,4,1,2,1,-1,1988,2,10,5,1
201301TX20666,2,1,0,18,5,0,0,0,0,0,1,1,3,1,8,-1,-1,-1,3,1
201301TX20667,1,9,0,4,0,8,0,0,0,0,3,1,6,1,7,2149,2,6,4,1
201301TX20667,2,1,0,9,0,8,0,0,0,0,1,1,6,1,3,-1,-1,-1,3,1
201301TX20668,1,9,0,7,0,8,0,0,0,0,1,1,6,3,-1,-1,-1,-1,-1,-1
201301TX20669,1,9,0,2,0,0,0,0,0,0,3,1,6,2,-1,1900,2,9,4,1
201301TX20669,2,9,0,14,0,0,0,4,0,0,1,1,6,1,-1,1398,1,3,-1,-1
201301TX20670,1,4,0,18,0,1,0,4,0,0,1,1,1,1,8,125,1,8,3,1
201301TX20670,2,9,0,3,0,2,0,0,0,0,1,1,1,2,7,973,1,11,7,1
201301TX20670,3,9,0,2,0,2,0,0,0,0,4,1,6,3,-1,1596,1,5,-1,-1
201301TX20671,1,9,0,4,0,8,0,0,0,0,2,1,6,2,7,2295,1,11,-1,-1
201301TX20671,2,9,0,4,0,8,0,0,0,0,1,1,6,2,8,1590,1,12,-1,-1
201301TX20672,1,9,0,18,0,8,0,4,0,0,1,1,6,2,8,2143,2,-1,4,1
201301TX20672,2,9,0,2,0,8,0,0,0,0,4,1,6,2,8,-1,-1,-1,6,1
201301TX20673,1,9,0,9,0,5,0,0,0,0,1,1,6,2,7,3200,2,6,4,1
201301TX20673,2,9,0,18,0,8,0,0,0,0,3,1,2,1,7,1796,1,16,2,1
201301TX20674,1,5,0,7,0,0,0,0,0,0,3,1,2,2,7,-1,-1,-1,6,1
201301TX20674,2,11,0,18,0,0,0,0,0,0,4,1,1,1,6,4500,2,5,2,1
201301TX20675,1,9,0,13,0,0,0,0,0,0,4,1,6,1,6,1984,1,5,8,1
201301TX20675,2,1,0,15,0,0,0,0,0,0,1,1,6,1,8,-1,-1,-1,4,1
201301TX20676,1,9,0,9,0,8,0,0,0,0,1,1,6,1,9,1796,1,11,7,1
201301TX20676,2,19,0,18,0,8,0,0,0,0,4,1,1,1,6,1996,2,2,10,1
201301TX20677,1,21,1,1,0,0,0,0,0,0,3,1,1,1,7,11946,2,5,3,1
201301TX20677,2,19,0,3,0,0,0,0,0,0,1,1,1,1,7,2198,2,1,-1,-1
201301TX20678,1,9,0,3,0,8,0,0,0,0,2,1,2,1,9,2793,1,15,10,1
201301TX20678,2,9,0,18,0,8,0,0,0,0,1,1,6,1,-1,1595,1,11,-1,-1
201301TX20680,1,9,0,9,0,1,0,0,0,0,3,1,6,2,6,1329,1,1,9,2
201301TX20680,2,3,0,13,0,1,0,0,0,0,1,1,6,1,4,98,1,25,6,1
201301TX20681,1,9,0,4,0,1,0,0,0,0,2,1,6,1,8,1951,2,10,4,1
201301TX20681,2,9,0,4,0,1,0,0,0,0,1,1,6,2,7,1242,1,8,10,1
201301TX20684,1,9,0,18,0,0,0,10,1,10,1,1,6,1,11,1598,1,5,5,1
201301TX20685,1,3,0,18,0,1,0,10,1,0,1,1,6,1,6,-1,-1,-1,2,1
201301TX20686,1,9,0,9,0,8,0,0,0,0,4,1,6,2,6,2000,2,8,7,1
201301TX20686,2,3,0,18,0,8,0,0,0,0,1,1,6,1,6,124,1,5,4,1
201301TX20687,1,3,0,4,0,8,1,9,0,0,3,1,1,1,6,124,1,-1,-1,-1
201301TX20688,1,9,0,4,0,0,0,0,0,0,2,1,2,2,5,1199,1,14,6,1
201301TX20688,2,9,0,18,0,0,0,0,0,0,1,1,6,3,-1,-1,-1,-1,-1,-1
201301TX20689,1,1,0,18,0,8,0,0,0,0,4,1,2,1,9,-1,-1,-1,3,1
201301TX20689,2,8,0,9,0,8,0,0,0,0,1,1,1,1,-1,-1,-1,-1,7,1
201301TX20690,1,8,0,18,0,1,0,0,0,0,1,1,1,1,9,1997,2,9,5,1
201301TX20691,1,3,0,11,0,8,0,0,0,0,4,1,6,1,5,125,1,4,3,1
201301TX20691,2,9,0,7,0,6,0,0,0,0,3,1,6,2,7,2967,2,3,9,1
201301TX20692,1,11,0,4,0,0,0,0,0,0,1,1,1,1,8,4500,2,3,-1,-1
201301TX20693,1,9,0,17,0,1,0,0,0,0,3,1,6,2,7,1240,1,8,9,1
201301TX20693,2,1,0,16,0,2,0,0,0,0,3,1,6,1,10,-1,-1,-1,5,1
201301TX20695,1,9,0,9,0,8,0,0,0,0,3,1,3,1,5,1390,1,10,6,1
201301TX20695,2,9,0,13,0,8,0,9,0,0,1,1,2,1,-1,1747,1,11,6,1
201301TX20696,1,9,0,18,0,2,0,0,0,0,4,1,6,1,-1,-1,-1,-1,-1,-1
201301TX20697,1,9,0,18,0,2,0,0,0,0,3,1,6,1,-1,1229,1,8,-1,-1
201301TX20697,2,1,0,18,0,2,0,0,0,0,3,1,6,2,-1,-1,-1,-1,-1,-1
201301TX20698,1,9,0,18,0,2,0,0,0,0,1,1,6,3,-1,-1,-1,-1,-1,-1
201301TX20699,1,1,0,17,0,8,0,0,0,0,4,1,2,1,5,-1,-1,-1,9,1
201301TX20699,2,9,0,7,0,8,0,0,0,0,3,1,6,1,7,2401,2,5,6,1
201301TX20700,1,9,0,9,0,8,0,0,0,0,3,1,2,2,7,1582,2,2,2,1
201301TX20700,2,9,0,18,0,8,0,0,0,0,1,1,2,2,5,1587,1,9,4,1
201301TX20700,3,19,0,18,0,8,0,0,0,0,3,1,1,1,-1,-1,-1,-1,-1,-1
201301TX20701,1,9,0,18,0,0,0,0,0,0,1,1,6,2,5,2996,1,5,8,1
201301TX20702,1,1,0,3,0,0,0,0,0,0,0,1,2,1,7,-1,-1,-1,5,1
201301TX20702,2,9,0,18,0,0,0,0,0,0,1,1,6,1,-1,1997,2,5,-1,-1
201301TX20703,1,9,0,18,0,0,0,0,0,0,1,2,6,1,-1,-1,-1,-1,-1,-1
201301TX20704,1,9,0,9,0,8,0,0,0,0,3,1,6,1,6,1199,2,1,8,1
201301TX20704,2,5,0,9,0,8,0,0,0,0,1,1,1,1,5,-1,-1,-1,4,1
201301TX20705,1,9,0,2,0,0,0,0,0,0,2,1,6,1,9,1587,1,11,1,1
201301TX20705,2,3,0,11,0,0,0,4,0,0,1,1,6,1,6,124,1,1,4,1
201301TX20706,1,4,0,7,0,0,0,10,7,10,1,1,6,2,8,125,1,1,8,1
201301TX20707,1,9,0,18,0,0,0,0,0,0,4,1,6,1,9,1799,1,19,3,1
201301TX20708,1,9,0,18,0,8,0,4,2,4,1,1,6,1,5,-1,-1,-1,6,1
201301TX20708,2,19,0,2,0,8,0,0,0,0,4,1,6,1,6,2402,2,12,4,1
201301TX20709,1,9,0,9,0,8,0,0,0,0,1,1,2,1,-1,-1,-1,-1,-1,-1
201301TX20709,2,1,0,18,2,8,0,0,0,0,1,1,2,1,8,-1,-1,-1,9,1
201301TX20710,1,9,0,18,0,2,0,0,0,0,3,1,6,1,11,1598,1,17,5,1
201301TX20710,2,20,1,18,0,1,0,0,0,0,3,1,1,1,6,6374,2,-1,6,1
201301TX20711,1,9,0,4,0,8,0,0,0,0,1,1,6,2,5,1390,1,8,10,1
201301TX20711,2,9,0,4,0,8,0,0,0,0,2,1,6,2,8,1796,1,13,-1,-1
201301TX20713,1,9,0,18,0,0,0,0,0,0,1,1,6,1,6,2993,2,8,3,1
201301TX20713,2,1,0,18,0,0,0,0,0,0,2,1,2,1,6,-1,-1,-1,3,1
201301TX20714,1,9,0,18,0,8,0,0,0,0,4,1,6,1,9,1390,1,17,4,1
201301TX20714,2,21,0,12,0,8,0,0,0,0,3,1,1,1,8,11946,2,1,-1,-1
201301TX20715,1,9,0,4,0,1,0,0,0,0,2,1,6,1,7,1753,2,11,-1,-1
201301TX20715,2,9,0,4,0,1,0,0,0,0,2,1,6,2,5,1299,1,8,5,1
201301TX20715,3,9,0,4,0,1,0,0,0,0,1,1,6,1,9,-1,-1,-1,-1,-1
201301TX20716,1,9,0,9,0,2,0,0,0,0,1,1,6,1,-1,-1,-1,-1,-1,-1
201301TX20718,1,9,0,16,0,0,0,0,0,0,2,1,6,2,7,998,1,5,-1,1
201301TX20718,2,19,0,16,0,0,0,0,0,0,1,1,6,3,-1,-1,-1,-1,-1,-1
201301TX20720,1,5,0,9,0,0,0,0,0,0,4,1,2,1,8,999,1,1,4,1
201301TX20721,1,9,0,18,0,1,0,0,0,0,1,1,2,1,6,1590,1,14,5,1
201301TX20721,2,1,0,18,0,1,0,0,0,0,2,1,6,1,7,-1,-1,-1,-1,-1
201301TX20723,1,5,0,18,0,0,0,0,0,0,2,1,6,1,5,749,1,11,4,1
201301TX20723,2,9,0,18,0,0,0,0,0,0,1,1,6,1,-1,4163,1,6,-1,-1
201301TX20725,1,1,0,18,0,0,0,0,0,0,4,1,6,1,6,-1,-1,-1,3,1
201301TX20725,2,9,0,5,0,0,0,0,0,0,3,1,6,1,-1,1796,1,10,-1,-1
201301TX20726,1,9,0,7,0,2,0,0,0,0,1,1,6,3,-1,-1,-1,-1,-1,-1
201301TX20727,1,19,0,3,0,2,0,0,0,0,2,1,6,1,7,1461,2,7,8,1
201301TX20727,2,19,0,3,0,2,0,0,0,0,2,1,6,1,-1,2402,2,9,8,1
201301TX20727,3,9,0,18,0,2,0,0,0,0,1,1,6,2,-1,1991,2,2,8,1
201301TX20728,1,9,0,3,0,8,0,0,0,0,2,1,6,2,6,1246,1,6,3,1
201301TX20728,2,9,0,18,0,8,0,0,0,0,1,1,6,1,-1,1396,1,15,-1,-1
201301TX20729,1,5,0,10,0,8,0,0,0,0,3,1,6,1,6,652,1,9,8,1
201301TX20729,2,9,0,18,0,8,0,0,0,0,3,1,6,1,-1,1796,1,2,3,1
201301TX20730,1,3,0,18,0,8,0,10,0,0,1,1,6,1,-1,1195,1,2,-1,-1
201301TX20731,1,1,0,18,0,1,0,0,0,0,3,1,6,1,7,-1,-1,-1,-1,-1
201301TX20731,2,19,0,18,0,1,0,0,0,0,1,1,6,1,10,2500,2,7,-1,-1
201301TX20732,1,9,0,3,0,1,0,0,0,0,1,1,1,2,4,1398,1,2,-1,-1
201301TX20732,2,9,0,1,0,2,0,0,0,0,2,1,1,1,8,2996,2,4,-1,-1
201301TX20733,1,9,0,4,0,8,0,0,0,0,2,1,6,2,6,2000,1,5,5,1
201301TX20733,2,8,0,4,0,8,0,0,0,0,1,1,6,1,7,1896,2,8,4,1
201301TX20734,1,1,0,14,0,1,0,8,0,0,1,1,6,1,7,-1,-1,-1,-1,-1
201301TX20734,2,9,0,2,0,1,0,0,0,0,3,1,6,3,-1,-1,-1,-1,-1,-1
201301TX20735,1,9,0,4,0,0,0,0,0,0,2,1,6,2,10,1598,1,3,4,1
201301TX20735,2,9,0,4,0,0,0,0,0,0,1,1,1,1,7,-1,-1,-1,3,1
201301TX20736,1,9,0,4,0,1,0,0,0,0,2,1,6,1,5,1596,1,15,4,1
201301TX20736,2,19,0,4,0,1,0,0,0,0,2,1,1,1,8,2198,2,-1,5,3
201301TX20736,3,21,0,4,0,1,0,0,0,0,1,1,1,1,8,4580,2,7,-1,-1
201301TX20737,1,9,0,4,0,1,0,0,0,0,2,1,6,2,8,2143,2,2,8,1
201301TX20737,2,10,0,4,0,1,0,0,0,0,1,1,6,1,-1,2402,2,2,-1,-1
201301TX20738,1,9,0,5,0,0,0,0,0,0,3,1,6,1,-1,1896,2,13,-1,-1
201301TX20738,2,9,0,12,0,0,0,0,0,0,3,1,6,1,-1,2497,1,8,-1,-1
201301TX20738,3,11,0,4,0,0,0,0,0,0,4,1,1,1,-1,12000,2,9,-1,-1
201301TX20739,1,5,0,5,0,8,0,0,0,0,2,1,6,1,8,670,1,1,9,1
201301TX20739,2,9,0,5,0,8,0,0,0,0,1,1,6,1,7,1968,2,-1,2,1
201301TX20740,1,9,0,4,0,2,0,0,0,0,2,1,6,2,5,1198,1,1,2,1
201301TX20740,2,9,0,4,0,2,0,0,0,0,1,1,6,2,-1,1390,1,14,-1,-1
201301TX20741,1,9,0,9,0,8,0,0,0,0,1,1,2,1,8,2521,1,5,8,1
201301TX20741,2,9,0,18,0,8,0,0,0,0,3,1,6,1,5,1598,1,6,7,1
201301TX20742,1,9,0,18,0,8,0,0,0,0,1,1,6,2,9,1197,1,3,4,1
201301TX20742,2,9,0,10,0,8,0,0,0,0,2,1,6,1,-1,1995,2,4,7,1
201301TX20743,1,9,0,12,0,1,0,0,0,0,3,1,6,1,6,-1,-1,-1,-1,-1
201301TX20743,2,9,0,18,0,1,0,10,6,6,4,1,6,2,6,1596,1,6,2,1
201301TX20744,1,11,0,4,0,1,0,0,0,0,0,1,1,1,6,4461,2,-1,-1,-1
201301TX20745,1,11,0,4,0,1,0,0,0,0,0,1,1,1,6,9000,2,5,7,1
201301TX20746,1,9,0,4,0,0,0,0,0,0,2,1,6,2,8,799,2,4,5,1
201301TX20746,2,9,0,18,0,0,0,0,0,0,1,1,6,1,-1,-1,-1,-1,4,1
201301TX20747,1,9,0,18,0,2,0,0,0,0,1,1,6,2,-1,1587,1,11,4,1
201301TX20748,1,9,0,18,0,0,0,0,0,0,1,1,6,1,6,1686,2,8,3,1
201301TX20748,2,9,0,4,0,0,0,0,0,0,2,1,6,1,6,1598,1,4,5,1
201301TX20749,1,9,0,18,0,6,0,0,0,0,3,1,2,1,6,1560,2,4,5,1
201301TX20749,2,9,0,9,0,6,0,0,0,0,1,1,3,2,7,1905,2,14,9,1
201301TX20750,1,9,0,4,0,2,0,0,0,0,2,1,6,1,8,2497,1,9,10,1
201301TX20750,2,19,0,18,0,2,0,0,0,0,1,1,1,1,9,-1,-1,-1,-1,-1
201301TX20751,1,9,0,3,0,1,0,0,0,0,2,1,6,2,7,1299,1,10,3,1
201301TX20751,2,9,0,5,0,1,0,0,0,0,1,1,6,1,-1,1783,1,14,-1,-1
201301TX20753,1,9,0,18,0,2,0,0,0,0,1,1,6,1,6,1896,2,6,4,1
201301TX20754,1,3,0,18,0,8,0,0,0,0,0,1,6,1,5,125,1,6,2,1
201301TX20754,2,9,0,9,0,8,0,0,0,0,1,1,6,3,-1,-1,-1,-1,-1,-1
201301TX20755,1,9,0,7,0,2,0,4,0,0,1,1,6,1,4,1364,1,9,4,1
201301TX20755,2,9,0,2,0,2,0,0,0,0,2,1,6,1,5,1329,1,4,5,1
201301TX20756,1,9,0,18,0,1,0,0,0,0,2,1,6,1,6,1600,1,14,7,1
201301TX20756,2,4,0,18,0,1,1,0,0,0,1,1,6,1,8,249,1,2,-1,-1
201301TX20757,1,3,0,18,0,2,0,0,0,0,1,1,6,1,6,96,1,7,2,1
201301TX20758,1,9,0,6,0,2,0,0,0,0,2,1,6,1,4,1896,2,12,5,1
201301TX20758,2,1,0,18,0,2,0,0,0,0,1,1,6,2,6,-1,-1,-1,7,1
201301TX20759,1,9,0,12,0,0,0,0,0,0,3,1,6,1,7,1596,1,12,6,1
201301TX20759,2,2,0,18,0,0,0,0,0,0,4,1,2,1,6,50,1,-1,5,1
201301TX20760,1,9,0,5,0,0,0,0,0,0,1,1,6,1,8,1799,1,19,-1,-1
201301TX20761,1,9,0,6,0,8,0,0,0,0,1,1,6,1,7,1596,1,7,7,1
201301TX20761,2,19,0,18,0,8,0,0,0,0,3,1,1,1,6,1968,2,1,7,1
201301TX20762,1,1,0,18,0,0,0,0,0,0,3,1,6,1,9,-1,-1,-1,6,1
201301TX20762,2,9,0,13,0,0,0,0,0,0,4,1,6,3,-1,-1,-1,-1,-1,-1
201301TX20764,1,3,0,17,0,8,0,0,0,0,1,1,6,2,9,124,1,-1,10,1
201301TX20764,2,19,0,17,0,8,0,0,0,0,2,1,1,1,8,2143,2,-1,-1,1
201301TX20765,1,9,0,11,0,0,0,0,0,0,4,1,1,1,8,1498,1,4,10,1
201301TX20765,2,5,0,15,0,0,0,0,0,0,3,1,1,1,8,670,1,-1,4,1
201301TX20766,1,11,0,18,0,0,0,0,0,0,4,1,1,3,-1,-1,-1,-1,9,1
201301TX20767,1,9,0,3,0,1,1,0,0,0,2,1,2,1,-1,998,1,4,6,1
201301TX20767,2,9,0,18,0,1,0,0,0,0,1,1,6,1,-1,1997,2,12,-1,-1
201301TX20768,1,19,0,3,0,1,0,0,0,0,2,1,6,1,6,1998,2,9,4,1
201301TX20768,2,9,0,18,0,1,0,0,0,0,1,1,2,1,7,1995,1,7,7,1
201301TX20769,1,9,0,18,0,1,0,7,3,2,1,1,1,1,7,1995,2,5,2,1
201301TX20770,1,5,0,5,0,8,0,0,0,0,1,1,6,2,7,955,1,13,7,1
201301TX20770,2,9,0,11,0,8,0,0,0,0,4,1,6,3,-1,-1,-1,-1,-1,-1
201301TX20771,1,9,0,3,0,1,1,0,0,0,2,1,2,1,6,1248,2,8,3,1
201301TX20771,2,9,0,18,0,1,0,0,0,0,1,1,6,2,-1,1497,8,8,-1,-1
201301TX20772,1,9,0,9,0,8,0,0,0,0,1,1,6,2,8,995,1,6,-1,-1
201301TX20772,2,9,0,18,0,8,0,0,0,0,1,1,6,1,5,1149,1,9,5,1
201301TX20773,1,9,0,18,0,8,0,0,0,0,3,1,2,2,8,1796,2,-1,-1,-1
201301TX20776,1,19,0,18,0,1,0,0,0,0,1,1,1,1,8,2800,2,10,3,1
201301TX20777,1,9,0,4,0,0,0,0,0,0,2,1,6,2,6,1349,1,4,-1,-1
201301TX20777,2,9,0,4,0,0,0,0,0,0,1,1,6,1,5,1998,1,1,9,2
201301TX20779,1,9,0,4,0,1,0,0,0,0,1,1,6,2,6,1390,1,12,4,1
201301TX20779,2,9,0,3,0,1,0,0,0,0,2,1,6,2,8,-1,-1,-1,4,1
201301TX20782,1,9,0,9,0,5,0,0,0,0,1,1,6,2,5,1299,1,8,9,1
201301TX20783,1,3,0,13,0,8,0,0,0,0,4,1,4,1,6,109,1,-1,-1,-1
201301TX20783,2,9,0,18,0,8,0,0,0,0,3,1,6,1,5,1229,1,6,7,1
201301TX20784,1,9,0,9,0,8,0,0,0,0,3,1,6,2,5,1997,1,10,6,1
201301TX20784,2,5,0,18,0,8,0,0,0,0,1,1,6,1,6,1050,1,2,-1,1
201301TX20786,1,9,0,9,0,2,0,0,0,0,3,1,6,2,9,1598,1,8,4,1
201301TX20786,2,9,0,18,0,1,0,0,0,0,1,1,6,1,9,1587,1,11,7,1
201301TX20787,1,9,0,4,0,8,0,0,0,0,1,1,6,1,6,1400,1,6,7,1
201301TX20788,1,3,0,18,0,1,1,0,0,0,3,1,6,1,6,108,1,-1,2,1
201301TX20788,2,19,0,7,0,1,0,0,0,0,4,1,6,1,7,1998,2,8,-1,-1
201301TX20789,1,9,0,9,0,8,0,0,0,0,1,1,6,1,5,1591,1,-1,4,1
201301TX20789,2,9,0,18,0,8,0,0,0,0,3,1,6,2,7,1397,1,12,4,1
201301TX20790,1,3,0,9,0,8,0,0,0,0,1,1,6,1,7,125,1,6,4,1
201301TX20790,2,9,0,18,0,8,0,0,0,0,3,1,6,1,6,1598,1,9,4,1
201301TX20791,1,1,0,18,0,2,0,0,0,0,0,1,6,1,4,-1,-1,-1,4,1
201301TX20792,1,9,0,3,0,8,0,0,0,0,2,1,6,1,5,1895,1,14,4,1
201301TX20792,2,3,0,4,0,8,0,0,0,0,1,1,6,1,8,125,1,3,7,1
201301TX20794,1,20,0,4,0,2,0,0,0,0,2,1,1,1,9,2198,2,-1,3,1
201301TX20794,2,3,0,18,0,2,1,0,0,0,1,1,1,1,5,124,1,1,8,1
201301TX20795,1,9,0,3,0,1,0,0,0,0,2,1,6,2,7,1390,1,12,5,1
201301TX20795,2,9,0,18,0,1,0,0,0,0,1,1,6,2,-1,-1,-1,-1,-1,-1
201301TX20796,1,4,0,18,0,8,0,0,0,0,3,1,6,1,9,399,1,14,7,1
201301TX20796,2,9,0,11,0,8,0,0,0,0,4,1,6,3,-1,-1,-1,-1,-1,-1
201301TX20798,1,9,0,18,0,1,0,0,0,0,4,1,6,3,-1,-1,-1,-1,-1,-1
201301TX20799,1,19,0,18,0,0,0,0,0,0,0,1,1,1,7,1753,2,8,4,1
201301TX20799,2,3,0,18,0,0,1,11,1,0,1,1,1,1,7,124,1,8,8,1
201301TX20800,1,9,0,9,0,6,0,0,0,0,1,1,6,1,4,1998,1,6,9,1
201301TX20800,2,9,0,18,0,6,0,0,0,0,1,1,6,1,7,998,1,12,-1,-1
201301TX20801,1,3,0,18,0,8,0,0,0,0,1,1,6,1,8,124,1,7,3,1
201301TX20801,2,8,0,9,0,8,0,0,0,0,4,1,6,1,5,1896,2,6,4,1
201301TX20802,1,9,0,18,0,0,1,0,0,0,1,1,6,1,8,3199,1,14,6,1
201301TX20802,2,8,0,18,0,0,0,0,0,0,3,1,6,1,-1,1997,2,3,2,1
201301TX20803,1,3,0,4,0,0,1,0,0,0,0,1,1,1,5,109,1,1,4,1
201301TX20803,2,19,0,9,0,0,0,0,0,0,0,1,2,1,6,1968,2,2,3,1
201301TX20804,1,9,0,3,0,0,0,0,0,0,2,1,1,2,6,1870,2,8,3,1
201301TX20804,2,9,0,18,0,0,0,0,1,0,1,1,1,1,7,-1,-1,-1,-1,-1
201301TX20805,1,2,0,10,0,1,0,0,0,0,0,1,1,1,6,-1,-1,-1,5,1
201301TX20805,2,19,0,9,0,1,0,0,0,0,3,1,1,1,-1,2402,2,7,-1,-1
201301TX20806,1,19,0,14,0,1,0,0,0,0,4,1,1,1,6,2148,2,7,2,1
201301TX20807,1,9,0,9,0,6,0,0,0,0,3,1,6,2,6,1600,1,13,3,1
201301TX20807,2,3,0,4,0,8,0,0,0,0,1,1,2,1,4,124,1,-1,5,1
201301TX20808,1,19,0,18,0,8,0,0,0,0,3,1,2,1,8,2402,2,12,4,1
201301TX20808,2,9,0,18,0,8,0,0,0,0,1,1,6,1,-1,1596,1,-1,3,1
201301TX20809,1,9,0,9,0,1,0,0,0,0,3,1,1,1,6,1560,2,-1,5,1
201301TX20809,2,5,0,13,0,1,0,0,0,0,1,1,6,1,5,599,1,16,9,1
201301TX20810,1,9,0,18,0,1,0,0,0,0,1,1,6,3,-1,-1,-1,-1,-1,-1
201301TX20811,1,9,0,2,0,1,0,0,0,0,3,1,6,2,6,1598,2,2,10,1
201301TX20811,2,8,0,5,0,1,0,4,0,0,4,1,1,1,6,1753,2,7,4,1
201301TX20813,1,9,0,18,0,8,0,0,0,0,3,1,6,2,5,-1,-1,-1,-1,-1
201301TX20813,2,9,0,9,0,8,0,0,0,0,4,1,6,2,-1,1799,1,6,-1,-1
201301TX20814,1,9,0,11,0,0,0,0,0,0,4,1,6,1,7,1596,1,2,-1,-1
201301TX20814,2,9,0,18,0,0,0,0,0,0,3,2,6,1,10,-1,-1,-1,-1,-1
201301TX20815,1,9,0,4,0,1,0,0,0,0,2,1,6,1,5,1896,2,10,4,1
201301TX20815,2,9,0,4,0,1,0,0,0,0,1,1,6,1,-1,2902,2,10,-1,-1
201301TX20816,1,19,0,18,0,8,0,0,0,0,3,1,1,1,7,-1,-1,-1,4,1
201301TX20817,1,9,0,3,0,0,0,0,0,0,2,1,6,2,7,1984,2,2,8,1
201301TX20817,2,9,0,4,0,0,1,0,0,0,1,1,6,1,7,1598,1,12,10,1
201301TX20819,1,9,0,17,0,8,0,0,0,0,3,1,2,2,5,1240,1,3,4,1
201301TX20819,2,9,0,11,0,8,0,0,0,0,1,1,6,3,-1,-1,-1,-1,-1,-1
201301TX20820,1,9,0,1,9,0,0,0,1,0,2,1,6,1,-1,1390,1,11,-1,-1
201301TX20821,1,9,0,18,0,0,0,0,0,0,1,1,1,1,7,1598,1,12,4,1
201301TX20821,2,9,0,4,0,0,0,0,0,0,2,1,1,1,8,1769,1,10,6,1
201301TX20822,1,2,0,16,0,0,0,0,0,0,1,1,6,1,4,49,1,19,-1,-1
201301TX20822,2,2,0,16,0,0,0,0,0,0,1,1,6,1,4,49,1,11,3,1
201301TX20822,3,3,0,17,0,0,0,0,0,0,1,1,1,1,5,125,1,3,4,1
201301TX20823,1,2,0,18,0,8,0,0,0,0,2,1,1,1,5,109,1,-1,6,1
201301TX20823,2,9,0,18,0,8,0,0,0,0,1,1,6,1,5,2993,2,7,4,1
201301TX20824,1,19,0,18,0,1,0,0,0,0,1,1,1,1,7,2143,2,3,8,1
201301TX20824,2,19,0,18,0,1,0,0,0,0,2,1,1,1,6,-1,-1,-1,4,1
201301TX20825,1,9,0,5,0,8,0,0,0,0,1,1,6,2,9,1596,1,1,3,1
201301TX20825,2,9,0,18,0,8,0,0,0,0,3,1,6,2,-1,-1,-1,-1,-1,-1
201301TX20826,1,9,0,17,0,1,0,7,0,0,3,1,2,1,7,1242,1,12,7,1
201301TX20826,2,9,0,7,0,1,0,0,0,0,1,1,6,1,-1,-1,-1,-1,-1,-1
201301TX20827,1,9,0,18,0,0,0,0,0,0,1,1,6,1,6,1968,2,-1,4,1
201301TX20827,2,9,0,18,0,0,0,0,0,0,1,1,6,3,-1,-1,-1,-1,-1,-1
201301TX20828,1,19,0,3,0,1,0,0,0,0,4,1,1,1,7,1995,2,6,5,1
201301TX20828,2,1,0,15,0,1,0,8,0,0,1,1,6,2,7,-1,-1,-1,4,1
201301TX20829,1,9,0,9,0,8,0,0,0,0,1,1,6,1,7,1493,1,17,5,1
201301TX20829,2,1,0,18,0,8,0,0,0,0,4,1,6,2,6,-1,-1,-1,3,1
201301TX20830,1,4,0,14,0,0,0,0,0,0,3,1,6,1,8,498,1,13,3,1
201301TX20831,1,8,0,2,0,2,0,4,0,0,2,1,1,1,7,2777,2,2,3,1
201301TX20831,2,9,0,18,0,2,0,0,0,0,1,1,6,3,-1,-1,-1,-1,-1,-1
201301TX20832,1,9,0,9,0,2,0,0,0,0,1,1,6,1,6,1598,1,3,6,1