Accident_Index,Vehicle_Reference,Vehicle_Type,Towing_and_Articulation,Vehicle_Manoeuvre,Vehicle_Location-Restricted_Lane,Junction_Location,Skidding_and_Overturning,Hit_Object_in_Carriageway,Vehicle_Leaving_Carriageway,Hit_Object_off_Carriageway,1st_Point_of_Impact,Was_Vehicle_Left_Hand_Drive?,Journey_Purpose_of_Driver,Sex_of_Driver,Age_Band_of_Driver,Engine_Capacity_(CC),Propulsion_Code,Age_of_Vehicle,Driver_IMD_Decile,Driver_Home_Area_Type
201301TX20833,1,9,0,3,0,1,0,0,0,0,2,1,6,1,-1,1587,1,11,7,1
201301TX20833,2,19,0,4,0,1,0,0,0,0,1,1,6,1,-1,1248,2,3,-1,-1
201301TX20834,1,9,0,18,0,1,0,0,0,0,1,1,6,1,10,1968,2,4,-1,-1
201301TX20835,1,21,0,3,0,8,0,0,0,0,1,1,1,1,7,6692,2,1,2,1
201301TX20835,2,9,0,17,0,8,0,0,0,0,3,1,6,1,6,1598,1,6,6,1
201301TX20836,1,9,0,4,0,8,0,0,0,0,2,1,6,1,7,1590,1,10,1,1
201301TX20836,2,9,0,4,0,8,0,0,1,0,1,1,6,2,6,1360,1,11,4,1
201301TX20836,3,9,0,4,0,8,0,0,0,0,1,1,1,1,7,1598,1,7,-1,-1
201301TX20838,1,9,0,7,0,8,0,0,0,0,2,1,3,2,6,1796,1,10,7,1
201301TX20838,2,11,0,18,0,8,0,0,0,0,1,1,1,1,-1,4500,2,3,-1,-1
201301TX20839,1,19,0,16,0,0,0,10,7,0,1,1,1,1,6,2402,2,6,3,1
201301TX20840,1,8,0,4,0,8,0,0,0,0,4,1,1,3,-1,-1,-1,-1,-1,-1
201301TX20841,1,9,0,5,0,8,0,0,0,0,4,1,6,1,10,1898,1,12,1,1
201301TX20843,1,19,0,16,0,8,0,0,0,0,4,1,1,1,8,-1,-1,-1,3,1
201301TX20843,2,9,0,12,0,8,0,0,0,0,1,1,6,1,-1,-1,-1,-1,-1,-1
201301TX20845,1,9,0,3,0,8,0,0,0,0,2,1,6,1,8,-1,-1,-1,7,1
201301TX20845,2,9,0,3,0,8,0,0,0,0,2,1,6,1,5,1896,2,16,6,3
201301TX20845,3,9,0,3,0,8,0,0,0,0,2,1,6,2,6,2179,2,-1,10,2
201301TX20845,4,9,0,4,0,8,0,0,0,0,1,1,6,2,7,1995,2,5,7,1
201301TX20849,1,9,0,18,0,8,0,0,0,0,2,1,1,1,7,-1,-1,-1,3,1
201301TX20849,2,9,0,4,0,8,0,0,0,0,1,1,6,2,7,1396,1,15,9,1
201301TX20850,1,9,0,3,0,8,0,0,0,0,2,1,1,1,7,2143,2,4,3,1
201301TX20850,2,9,0,4,0,8,1,0,0,0,1,1,6,2,6,1461,2,9,5,1
201301TX20851,1,9,0,4,0,1,0,0,0,0,2,1,6,1,6,1984,1,4,5,1
201301TX20851,2,9,0,18,0,1,0,0,0,0,1,1,6,1,6,1272,1,22,5,1
201301TX20852,1,9,0,9,0,8,0,0,0,0,4,1,2,1,7,2982,2,8,3,1
201301TX20852,2,9,0,18,0,8,0,0,0,0,1,1,6,2,8,1587,1,12,2,1
201301TX20853,1,11,0,4,0,1,0,0,0,0,0,1,1,1,9,9000,2,3,7,1
201301TX20857,1,1,0,18,0,1,0,0,0,0,1,1,6,1,9,-1,-1,-1,9,1
201301TX20860,1,21,0,17,0,8,0,0,0,0,4,1,6,1,7,11967,2,1,3,1
201301TX20860,2,9,0,17,0,8,0,0,0,0,3,1,6,2,8,2777,2,2,9,1
201301TX20863,1,19,0,16,0,8,0,4,0,0,4,1,1,1,-1,-1,-1,-1,-1,-1
201301TX20863,2,9,0,2,0,8,0,0,0,0,2,1,6,2,7,1905,2,16,5,1
201301TX20874,1,19,0,10,0,1,0,0,0,0,4,1,1,1,6,2148,2,8,4,1
201301TX20874,2,1,0,18,9,1,0,0,0,0,1,1,4,1,3,-1,-1,-1,-1,-1
201301TX20875,1,9,0,9,0,8,0,0,0,0,3,1,6,2,4,998,1,8,5,1
201301TX20875,2,8,0,6,0,8,0,0,0,0,3,1,1,1,7,1910,2,4,3,1
201301TX20877,1,5,0,3,0,1,0,0,0,0,2,1,1,1,9,599,1,4,3,1
201301TX20877,2,9,0,5,0,1,0,0,0,0,1,1,6,1,-1,1968,2,1,7,1
201301TX20882,1,11,0,18,0,0,0,0,0,0,0,1,1,1,9,9000,2,8,7,1
201301TX20885,1,9,0,18,0,0,0,0,0,0,1,1,2,1,7,1396,1,13,6,1
201301TX20886,1,9,0,9,0,8,0,0,0,0,4,1,6,1,10,2720,2,8,4,1
201301TX20886,2,9,0,18,0,8,0,0,4,7,1,1,6,1,9,3498,1,1,7,1
201301TX20887,1,9,0,18,0,8,0,10,3,10,1,1,6,2,6,1389,1,13,3,1
201301TX29033,1,9,0,18,0,8,0,0,1,7,1,1,6,1,-1,1149,1,12,-1,-1
201301TX29033,2,9,0,9,0,5,0,0,0,0,4,1,6,1,-1,659,1,6,-1,-1
201301TX29034,1,9,0,18,0,1,1,0,4,6,2,1,2,2,6,1390,1,1,8,1
201301TX29034,2,9,0,18,0,1,1,0,1,4,4,1,6,3,-1,6208,1,-1,-1,-1
201301TX29035,1,3,0,4,0,0,0,10,1,10,1,1,6,1,6,109,1,1,7,1
201301TX29035,2,9,0,6,0,0,0,0,0,0,0,1,6,2,7,1299,1,16,-1,-1
201301TX29058,1,1,0,15,0,1,0,0,0,0,1,1,6,1,9,-1,-1,-1,9,1
201301TX29058,2,19,0,7,0,1,0,0,0,0,4,1,6,3,-1,-1,-1,-1,-1,-1
201301TX29078,1,9,0,18,0,0,0,0,0,0,1,1,6,2,-1,1390,1,3,7,1
201301TX29101,1,9,0,18,0,8,0,0,0,0,1,1,6,2,6,1149,1,11,4,1
201301TX29101,2,19,0,2,0,8,0,0,0,0,3,1,6,2,-1,-1,-1,-1,3,1
201301TX29159,1,9,0,2,0,0,0,0,0,0,4,1,3,1,8,-1,-1,-1,5,1
201301TX29159,2,1,0,16,0,0,0,8,0,0,1,1,6,1,9,-1,-1,-1,4,1
201301VK30001,1,19,0,5,0,8,0,0,0,0,1,1,6,1,9,1598,2,5,9,1
201301VK30001,2,1,0,18,0,8,0,0,0,0,4,1,1,1,6,-1,-1,-1,8,1
201301VK30002,1,11,0,4,0,8,0,0,0,0,0,1,1,1,7,3900,2,8,10,1
201301VK30003,1,9,0,4,0,1,0,0,0,0,2,1,6,1,8,1781,1,15,-1,1
201301VK30003,2,11,0,18,0,1,0,0,0,0,1,1,1,1,5,8268,2,11,7,1
201301VK30005,1,4,0,4,0,1,0,0,0,0,2,1,6,1,7,-1,-1,-1,3,1
201301VK30005,2,9,0,18,0,1,0,0,0,0,1,1,6,1,5,1995,2,11,2,1
201301VK30006,1,9,0,18,0,0,0,0,0,0,1,1,6,1,7,2148,2,11,7,1
201301VK30006,2,9,0,2,0,0,0,0,0,0,2,1,6,3,-1,1199,1,10,-1,-1
201301VK30007,1,3,0,18,0,0,0,0,0,0,4,1,2,2,7,125,1,9,8,1
201301VK30008,1,9,0,18,0,8,0,0,0,0,1,1,2,1,9,1871,2,9,10,1
201301VK30008,2,9,0,18,0,8,0,0,0,0,3,1,2,2,7,1242,1,11,8,1
201301VK30009,1,11,0,3,0,0,0,0,0,0,0,1,1,1,9,9000,2,4,2,1
201301VK30011,1,9,0,4,0,0,0,0,0,0,4,1,6,2,9,-1,-1,-1,10,1
201301VK30011,2,9,0,2,0,0,0,0,0,0,3,1,6,1,-1,-1,-1,-1,-1,-1
201301VK30011,3,9,0,2,0,0,0,0,0,0,3,1,6,3,-1,2171,1,8,-1,-1
201301VK30011,4,9,0,2,0,0,0,0,0,0,3,1,6,3,-1,1686,2,4,-1,-1
201301VK30011,5,9,0,2,0,0,0,0,0,0,3,1,6,3,-1,-1,-1,-1,-1,-1
201301VK30012,1,9,0,3,0,1,0,0,0,0,2,1,2,2,6,1299,1,12,7,1
201301VK30012,2,9,0,18,0,1,0,0,0,0,1,1,1,1,-1,1997,2,1,-1,-1
201301VK30013,1,9,0,18,0,8,0,0,0,0,1,1,6,1,5,1988,1,9,4,1
201301VK30013,2,9,0,4,0,8,0,0,0,0,2,1,6,2,6,1596,1,11,8,1
201301VK30013,3,9,0,10,0,8,0,0,0,0,2,1,6,3,-1,-1,-1,-1,-1,-1
201301VK30014,1,9,0,18,0,1,0,0,0,0,1,1,6,1,9,1388,1,7,8,1
201301VK30014,2,9,0,4,0,1,0,0,0,0,2,1,6,2,7,-1,-1,-1,6,1
201301VK30015,1,9,0,18,0,0,0,0,0,0,3,1,6,1,6,1242,1,13,10,1
201301VK30015,2,9,0,9,0,0,0,0,0,0,1,1,6,1,5,1590,1,13,4,1
201301VK30017,1,3,0,15,0,1,0,0,0,0,1,1,2,1,5,124,1,6,6,1
201301VK30017,2,9,0,6,0,2,0,0,0,0,3,1,1,1,8,1910,2,5,8,1
201301VK30018,1,9,0,9,0,8,0,0,0,0,4,1,6,2,4,1360,1,6,9,1
201301VK30018,2,3,0,18,0,8,0,0,0,0,1,1,1,1,7,125,1,3,7,1
201301VK30020,1,9,0,7,0,8,0,0,0,0,1,1,6,1,7,1910,2,5,7,1
201301VK30020,2,1,0,18,0,8,0,0,0,0,2,1,6,1,8,-1,-1,-1,9,1
201301VK30021,1,9,0,18,0,8,0,0,0,0,2,1,6,2,-1,-1,-1,-1,6,1
201301VK30021,2,9,0,18,0,8,0,0,0,0,1,1,6,3,-1,-1,-1,-1,-1,-1
201301VK30022,1,5,0,4,0,0,0,0,0,0,0,1,6,1,7,996,1,16,9,1
201301VK30022,2,9,0,4,0,0,0,0,0,0,2,1,6,2,8,1398,1,3,3,1
201301VK30022,3,9,0,4,0,0,0,0,0,0,1,1,6,1,-1,1991,2,5,6,1
201301VK30023,1,9,0,9,0,8,0,0,0,0,3,1,6,2,5,1390,1,9,9,1
201301VK30023,2,2,0,18,0,8,0,0,0,0,1,1,6,1,6,109,1,1,3,1
201301VK30024,1,9,0,18,0,1,0,0,0,0,1,1,6,1,5,1390,1,10,2,1
201301VK30025,1,9,0,4,0,1,0,0,0,0,2,1,1,1,9,-1,-1,-1,7,1
201301VK30025,2,9,0,18,0,1,0,0,0,0,1,1,6,1,-1,2143,2,1,-1,-1
201301VK30026,1,9,0,9,0,8,0,0,0,0,4,1,6,1,11,1360,1,7,7,1
201301VK30026,2,1,0,18,0,8,0,0,0,0,1,1,6,1,6,-1,-1,-1,3,1
201301VK30027,1,9,0,4,0,1,0,0,0,0,2,1,6,1,8,1598,1,5,10,1
201301VK30027,2,9,0,18,0,1,0,0,0,0,1,1,6,1,-1,1461,2,2,-1,-1
201301VK30028,1,8,0,6,0,0,0,0,0,0,4,1,6,1,7,2402,2,11,5,1
201301VK30029,1,9,0,9,0,8,0,0,0,0,4,1,6,1,9,1798,1,10,8,1
201301VK30030,1,1,0,18,0,8,0,0,0,0,4,1,2,2,6,-1,-1,-1,8,1
201301VK30030,2,9,0,5,0,8,0,0,0,0,1,1,6,3,-1,-1,-1,-1,-1,-1
201301VK30031,1,11,0,4,2,1,0,0,0,0,4,1,1,1,6,9000,2,4,4,1
201301VK30034,1,1,0,18,0,8,0,0,0,0,1,1,6,1,8,-1,-1,-1,8,1
201301VK30034,2,9,0,9,0,8,0,0,0,0,4,1,6,3,-1,1598,1,12,-1,-1
201301VK30035,1,9,0,9,0,8,0,0,0,0,1,1,6,2,9,2996,2,15,10,1
201301VK30035,2,2,0,10,0,8,0,0,0,0,1,1,6,1,7,399,1,5,8,1
201301VK30036,1,9,0,4,0,8,0,0,0,0,2,1,6,2,8,-1,-1,-1,10,1
201301VK30036,2,9,0,4,0,8,0,0,0,0,2,1,6,2,9,1598,1,1,10,1
201301VK30036,3,9,0,4,0,8,0,0,0,0,1,1,6,1,9,1991,1,14,-1,-1
201301VK30037,1,9,0,18,0,2,0,0,0,0,1,1,6,1,6,1396,1,13,-1,-1
201301VK30037,2,9,0,18,0,1,0,0,0,0,1,1,6,1,5,-1,-1,-1,-1,-1
201301VK30038,1,9,0,9,0,8,0,0,0,0,1,1,6,2,8,1598,1,9,-1,-1
201301VK30038,2,1,0,18,0,8,0,0,0,0,1,1,6,1,5,-1,-1,-1,5,1
201301VK30039,1,11,0,5,0,1,0,0,0,0,0,1,1,1,9,5883,2,11,-1,-1
201301VK30040,1,5,0,17,0,2,0,10,1,2,1,1,6,1,5,599,1,5,10,1
201301VK30040,2,9,0,16,0,1,0,0,0,0,0,1,6,3,-1,-1,-1,-1,-1,-1
201301VK30041,1,9,0,18,0,2,0,0,0,0,3,1,6,1,5,1686,2,9,8,1
201301VK30042,1,9,0,18,0,1,0,0,0,0,1,1,1,1,7,-1,-1,-1,8,1
201301VK30042,2,1,0,18,0,1,0,0,0,0,3,1,6,1,6,-1,-1,-1,10,1
201301VK30043,1,9,0,9,0,8,0,0,0,0,1,1,6,2,8,1390,1,11,9,1
201301VK30043,2,1,0,18,0,8,0,0,0,0,1,1,6,2,6,-1,-1,-1,10,1
201301VK30047,1,9,0,18,0,1,0,0,0,0,1,1,6,1,8,1910,2,5,8,1
201301VK30047,2,9,0,4,0,1,0,0,0,0,2,1,6,1,6,698,1,10,8,1
201301VK30047,3,9,0,4,0,8,0,0,0,0,2,1,6,2,10,1598,1,7,10,1
201301VK30048,1,1,0,18,0,8,0,0,0,0,3,1,6,1,7,-1,-1,-1,10,1
201301VK30048,2,9,0,7,0,8,0,0,0,0,4,1,6,2,-1,1364,1,5,-1,-1
201301VK30049,1,9,0,9,3,8,0,0,0,0,0,1,6,1,6,1149,1,10,3,1
201301VK30049,2,3,0,18,0,8,0,0,0,0,4,1,6,1,4,125,1,6,8,1
201301VK30050,1,9,0,18,0,0,0,0,0,0,1,1,6,2,6,1360,1,13,6,1
201301VK30050,2,2,0,18,0,0,0,0,0,0,1,1,6,1,-1,-1,-1,-1,-1,-1
201301VK30054,1,9,0,17,0,0,0,0,0,0,1,1,6,2,5,1124,1,13,9,1
201301VK30054,2,9,0,16,0,0,0,0,0,0,1,1,6,1,7,2499,1,6,4,1
201301VK30055,1,9,0,18,0,0,0,0,0,0,3,1,2,1,8,1699,1,3,8,1
201301VK30056,1,9,0,7,0,8,0,0,0,0,4,1,6,1,8,998,1,18,5,1
201301VK30056,2,5,0,18,0,8,0,0,0,0,1,1,6,1,6,883,1,10,3,1
201301VK30057,1,90,0,7,0,8,0,0,0,0,3,1,6,1,8,-1,-1,-1,8,1
201301VK30057,2,5,0,18,0,8,0,0,0,0,1,1,6,2,6,599,1,10,8,1
201301VK30058,1,1,0,18,0,8,0,0,0,0,1,1,6,1,7,-1,-1,-1,8,1
201301VK30058,2,19,0,7,0,8,0,0,0,0,4,1,1,1,-1,2198,2,5,-1,-1
201301VK30059,1,9,0,9,0,8,0,0,0,0,1,1,6,1,5,-1,-1,-1,10,1
201301VK30059,2,11,0,18,0,8,0,0,0,0,4,1,6,1,7,9000,2,4,5,1
201301VK30060,1,8,0,18,0,8,0,0,0,0,1,1,6,3,-1,-1,-1,-1,-1,-1
201301VK30061,1,9,0,18,0,0,0,0,0,0,4,1,6,1,10,2198,1,12,6,1
201301VK30062,1,9,0,18,0,8,0,10,3,2,1,1,6,2,7,1390,1,10,9,1
201301VK30063,1,9,0,13,0,1,0,0,0,0,1,1,6,1,8,-1,-1,-1,4,1
201301VK30063,2,1,0,18,0,1,0,0,0,0,2,1,6,1,7,-1,-1,-1,10,1
201301VK30064,1,9,0,6,0,8,0,0,0,0,3,1,6,1,6,2171,1,9,6,1
201301VK30064,2,3,0,18,0,8,0,0,0,0,1,1,6,1,7,125,1,4,7,1
201301VK30067,1,9,0,9,0,8,0,0,0,0,4,1,6,2,8,1390,1,2,5,1
201301VK30067,2,1,0,18,0,8,0,0,0,0,1,1,6,1,8,-1,-1,-1,10,1
201301VK30068,1,9,0,3,0,8,0,0,0,0,3,1,6,2,5,-1,-1,-1,9,1
201301VK30068,2,21,0,7,0,8,0,0,0,0,4,1,1,1,-1,12777,2,5,-1,3
201301VK30069,1,9,0,18,0,8,0,0,0,0,2,1,6,1,5,1998,1,11,9,1
201301VK30069,2,9,0,18,0,8,0,0,0,0,1,1,6,2,7,4163,2,5,10,1
201301VK30070,1,9,0,18,0,1,0,0,0,0,1,1,6,2,-1,-1,-1,-1,-1,-1
201301VK30071,1,9,0,18,0,8,0,0,0,0,4,1,6,2,6,1997,1,8,8,1
201301VK30071,2,9,0,9,0,8,0,0,0,0,3,1,6,2,6,1686,2,9,8,1
201301VK30072,1,9,0,9,0,8,0,0,0,0,3,1,6,1,6,1391,1,18,5,1
201301VK30072,2,3,0,18,0,8,0,0,0,0,1,1,6,1,6,124,1,-1,-1,-1
201301VK30073,1,9,0,18,0,8,0,0,0,0,1,1,6,1,6,1364,1,6,7,1
201301VK30074,1,9,0,1,0,8,0,0,0,0,1,1,6,2,4,-1,-1,-1,7,1
201301VK30074,2,9,0,18,0,8,0,0,0,0,1,1,6,1,-1,-1,-1,-1,-1,-1
201301VK30075,1,9,0,18,0,8,0,0,0,0,2,1,6,2,8,1497,1,12,10,1
201301VK30075,2,9,0,18,0,8,0,0,0,0,1,1,6,1,-1,-1,-1,-1,-1,-1
201301VK30076,1,11,0,18,0,8,0,0,0,0,1,1,6,1,6,-1,-1,-1,3,1
201301VK30077,1,9,0,18,0,8,0,0,0,0,1,1,6,2,6,1296,1,6,-1,-1
201301VK30077,2,9,0,4,0,8,0,0,0,0,2,1,6,2,8,1390,1,8,10,1
201301VK30078,1,9,0,18,0,8,0,0,0,0,1,1,6,1,7,-1,-1,-1,3,1
201301VK30079,1,9,0,9,0,8,2,10,3,1,1,1,6,1,5,1598,1,8,6,1
201301VK30080,1,9,0,18,0,0,0,0,0,0,1,1,6,1,9,-1,-1,-1,9,1
201301VK30082,1,9,0,4,0,8,0,0,0,0,2,1,6,2,8,1995,1,8,9,1
201301VK30082,2,9,0,18,0,8,0,0,0,0,1,1,6,1,8,2400,2,6,8,1
201301VK30083,1,9,0,15,0,0,0,0,0,0,1,1,6,1,6,1988,1,10,7,1
201301VK30083,2,9,0,18,0,0,0,0,0,0,1,1,6,1,5,-1,-1,-1,10,1
201301VK30083,3,9,0,18,0,0,0,0,0,0,1,1,6,1,6,-1,-1,-1,5,1
201301VK30084,1,5,0,18,0,0,0,10,4,6,3,1,6,1,7,670,1,1,-1,-1
201301VK30084,2,5,0,18,0,0,0,1,0,0,1,1,6,1,8,1170,1,9,10,1
201301VK30086,1,9,0,18,0,8,0,0,0,0,1,1,6,1,8,1973,1,12,7,1
201301VK30086,2,9,0,7,0,8,0,0,0,0,1,1,6,2,8,998,1,16,7,1
201301VK30087,1,9,0,3,0,8,0,0,0,0,2,1,6,1,9,1797,8,3,10,3
201301VK30087,2,9,0,3,0,8,0,0,0,0,2,1,6,2,8,1389,1,8,7,1
201301VK30087,3,9,0,18,0,1,0,0,0,0,1,1,6,1,9,1896,2,3,9,1
201301VK30088,1,9,0,18,0,8,0,0,0,0,1,1,6,1,4,1596,1,9,4,1
201301VK30088,2,3,0,18,0,8,0,0,0,0,1,1,6,1,4,-1,-1,-1,3,1
201301VK30089,1,3,0,18,0,8,0,0,0,0,1,1,6,1,7,124,1,8,10,1
201301VK30089,2,9,0,15,0,8,0,0,0,0,1,1,6,1,-1,-1,-1,-1,-1,-1
201301VK30091,1,9,0,4,0,8,0,0,0,0,2,1,6,2,5,2000,2,2,-1,-1
201301VK30091,2,9,0,4,0,8,0,0,0,0,1,1,6,1,4,973,1,11,5,1
201301VK30091,3,8,0,18,0,1,0,0,0,0,1,1,1,3,-1,1781,1,12,-1,-1
201301VK30092,1,9,0,18,0,8,0,0,0,0,1,1,6,1,7,-1,-1,-1,5,1
201301VK30094,1,9,0,10,0,8,0,0,0,0,2,1,6,2,10,1760,1,27,10,1
201301VK30094,2,9,0,18,0,8,0,0,0,0,1,1,6,2,-1,3301,1,10,-1,-1
201301VK30095,1,19,0,18,0,8,0,0,0,0,1,1,6,1,6,2198,2,-1,3,1
201301VK30095,2,9,0,10,0,8,0,0,0,0,2,1,6,2,7,1999,1,7,9,1
201301VK30096,1,21,1,17,0,8,0,0,0,0,1,1,6,1,9,12900,2,5,4,1
201301VK30096,2,9,0,12,0,8,0,0,0,0,2,1,6,2,5,1242,1,15,7,1
201301VK30097,1,5,0,13,0,8,0,0,0,0,1,1,6,1,8,1137,1,6,6,1
201301VK30097,2,9,0,9,0,8,0,0,0,0,3,1,6,1,8,1797,8,2,6,1
201301VK30098,1,9,0,7,0,0,0,0,0,0,4,1,3,2,8,2494,1,10,7,1
201301VK30098,2,1,0,18,0,0,0,0,0,0,3,1,6,1,6,-1,-1,-1,9,1
201301VK30099,1,3,0,16,0,8,0,0,0,0,1,1,6,1,4,125,1,2,-1,-1
201301VK30100,1,9,0,18,0,8,0,0,0,0,1,1,6,1,6,1895,1,14,9,1
201301VK30101,1,19,0,2,0,0,0,0,0,0,0,1,6,1,8,2148,2,5,2,1
201301VK30101,2,9,0,18,0,0,0,0,0,0,4,1,6,1,6,1498,1,14,8,1
201301VK30102,1,9,0,18,0,0,0,0,0,0,4,1,6,1,11,-1,-1,-1,6,1
201301VK30103,1,9,0,9,0,8,0,0,0,0,3,1,1,1,8,1598,1,9,9,1
201301VK30103,2,5,0,18,0,8,0,0,0,0,1,1,1,1,6,649,1,1,9,1
201301VK30104,1,1,0,18,0,8,0,0,0,0,1,1,6,1,7,-1,-1,-1,7,1
201301VK30104,2,9,0,9,0,8,0,0,0,0,4,1,6,1,-1,-1,-1,-1,-1,-1
201301VK30105,1,9,0,2,0,0,0,0,0,0,2,1,1,1,8,1796,1,6,6,1
201301VK30105,2,9,0,1,0,0,0,0,0,0,1,1,6,2,-1,-1,-1,-1,-1,-1
201301VK30106,1,9,0,18,0,2,0,0,0,0,1,1,2,1,9,2987,2,2,9,3
201301VK30106,2,9,0,3,0,2,0,0,0,0,2,1,6,1,6,-1,-1,-1,10,1
201301VK30106,3,9,0,3,0,2,0,0,0,0,2,1,6,1,6,-1,-1,-1,10,1
201301VK30108,1,9,0,4,0,1,0,0,0,0,2,1,6,1,8,2231,2,5,7,1
201301VK30108,2,9,0,18,0,1,0,0,0,0,1,1,6,1,7,1896,2,4,4,1
201301VK30109,1,19,0,18,0,8,0,0,0,0,3,1,2,1,7,1968,2,4,3,1
201301VK30109,2,9,0,13,0,8,0,0,0,0,4,1,2,1,4,-1,-1,-1,4,1
201301VK30110,1,11,0,7,0,1,0,0,0,0,0,1,6,1,6,9000,2,4,8,1
201301VK30111,1,9,0,18,0,8,0,0,0,0,3,1,6,1,10,1149,1,1,7,1
201301VK30111,2,21,0,9,0,8,0,0,0,0,3,1,6,3,-1,-1,-1,-1,-1,-1
201301VK30113,1,4,0,3,0,1,0,0,0,0,2,1,6,1,6,-1,-1,-1,6,1
201301VK30113,2,19,0,5,0,1,0,0,0,0,1,1,6,1,-1,2494,2,5,-1,-1
201301VK30115,1,9,0,5,0,1,0,0,0,0,3,1,6,1,5,1598,1,9,6,1
201301VK30115,2,11,0,11,0,1,0,0,0,0,4,1,1,1,8,8268,2,12,5,1
201301VK30116,1,9,0,18,0,0,1,0,1,3,4,1,6,1,8,2498,1,13,8,1
201301VK30117,1,9,0,3,0,1,0,0,0,0,2,1,1,2,6,1686,2,2,6,1
201301VK30117,2,9,0,18,0,1,0,0,0,0,1,1,6,1,7,1390,1,10,6,1
201301VK30118,1,3,0,18,0,8,0,0,0,0,1,1,6,1,7,102,1,8,8,1
201301VK30118,2,9,0,7,0,8,0,0,0,0,4,1,1,1,6,1997,1,5,-1,-1
201301VK30119,1,21,0,7,0,8,0,0,0,0,4,1,1,1,8,12777,2,6,6,1
201301VK30119,2,1,0,18,0,8,0,0,0,0,3,1,2,1,7,-1,-1,-1,10,3
201301VK30120,1,11,0,3,0,1,0,0,0,0,4,1,1,1,8,6700,2,4,8,1
201301VK30120,2,90,0,18,0,1,0,0,0,0,1,1,6,1,9,-1,-1,-1,5,1
201301VK30121,1,9,0,13,0,0,0,0,0,0,4,1,2,1,7,1997,2,9,9,1
201301VK30121,2,1,0,18,0,0,0,0,0,0,3,1,2,1,7,-1,-1,-1,7,1
201301VK30122,1,11,0,16,0,2,0,0,0,0,0,1,1,1,6,6700,2,4,3,1
201301VK30124,1,9,0,9,0,8,0,0,0,0,2,1,6,2,5,1390,1,4,10,1
201301VK30124,2,19,0,18,0,8,0,0,0,0,1,1,1,1,8,2143,2,2,5,1
201301VK30125,1,3,0,4,0,0,0,0,0,0,2,1,1,1,6,125,1,1,10,1
201301VK30125,2,9,0,18,0,0,0,0,0,0,1,1,6,2,6,1000,1,13,7,1
201301VK30126,1,9,0,18,0,1,0,0,0,0,3,1,6,1,6,1598,1,9,6,1
201301VK30126,2,19,0,18,0,2,0,0,7,1,1,1,6,1,5,-1,-1,-1,-1,-1
201301VK30126,3,9,0,3,0,1,0,0,0,0,2,1,6,2,5,1389,1,13,2,1
201301VK30127,1,9,0,18,0,0,0,0,0,0,4,1,6,3,-1,-1,-1,-1,-1,-1
201301VK30128,1,19,0,4,0,1,0,0,0,0,2,1,1,1,6,1686,2,10,7,1
201301VK30128,2,9,0,4,0,1,0,0,0,0,2,1,6,1,8,1995,2,14,7,1
201301VK30128,3,11,0,18,0,1,0,0,0,0,1,1,1,2,7,5883,2,12,-1,-1
201301VK30129,1,9,0,18,0,0,0,4,0,0,1,1,6,2,11,1339,1,6,10,1
201301VK30129,2,9,0,2,0,0,0,4,0,0,2,1,6,2,10,2497,1,9,9,1
201301VK30129,3,9,0,2,0,0,0,0,0,0,2,1,6,1,9,2316,1,18,8,1
201301VK30130,1,9,0,4,0,0,0,0,0,0,4,1,6,1,9,2521,1,1,8,1
201301VK30133,1,20,0,9,0,0,0,0,0,0,3,1,1,1,8,-1,-1,-1,6,1
201301VK30133,2,4,0,18,0,0,0,0,0,0,1,1,2,1,7,249,1,2,1,1
201301VK30134,1,1,0,18,0,8,0,0,0,0,1,1,2,2,6,-1,-1,-1,9,1
201301VK30134,2,9,0,9,0,8,0,0,0,0,1,1,3,2,-1,1598,2,1,-1,-1
201301VK30135,1,9,0,7,0,5,0,0,0,0,4,1,6,2,5,1998,1,10,10,1
201301VK30135,2,1,0,15,0,8,0,0,0,0,1,1,6,1,6,-1,-1,-1,-1,-1
201301VK30137,1,9,0,18,0,8,0,0,0,0,1,1,6,1,7,1364,2,4,8,1
201301VK30138,1,9,0,18,0,2,0,0,0,0,1,1,6,1,7,1896,2,11,8,1
201301VK30138,2,9,0,3,0,2,0,0,0,0,2,1,6,1,7,1985,1,14,4,1
201301VK30138,3,9,0,3,0,2,0,0,0,0,2,1,6,2,4,1240,1,8,10,1
201301VK30139,1,19,0,5,0,6,0,10,3,10,1,1,1,1,8,-1,-1,-1,8,1
201301VK30139,2,9,0,2,9,8,0,0,0,0,2,1,6,3,-1,-1,-1,-1,-1,-1
201301VK30140,1,9,0,9,0,8,0,0,0,0,3,1,2,2,7,1299,1,13,7,1
201301VK30140,2,3,0,18,0,8,0,0,0,0,1,1,4,1,4,124,1,1,10,1
201301VK30141,1,19,0,4,0,2,0,0,0,0,1,1,6,2,6,-1,-1,-1,4,1
201301VK30142,1,9,0,5,0,6,0,0,0,0,3,1,6,1,8,2496,1,6,6,1
201301VK30142,2,1,0,9,0,8,0,0,0,0,1,1,6,1,8,-1,-1,-1,7,1
201301VK30144,1,11,0,7,2,5,0,0,0,0,0,1,1,1,7,8268,2,12,3,1
201301VK30145,1,11,0,18,0,8,0,0,0,0,1,1,1,1,5,8268,2,10,10,1
201301VK30146,1,9,0,4,0,0,0,0,0,0,2,1,2,1,-1,1796,1,11,8,1
201301VK30146,2,19,0,4,0,0,1,0,0,0,1,1,1,1,9,1686,2,9,3,1
201301VK30146,3,9,0,4,0,0,0,0,0,0,2,1,6,1,-1,1798,8,1,3,1
201301VK30147,1,1,0,12,0,1,0,0,0,0,2,1,2,1,4,-1,-1,-1,5,1
201301VK30147,2,9,0,18,0,1,0,0,0,0,1,1,6,2,-1,1968,2,9,9,1