Accident_Index,Vehicle_Reference,Vehicle_Type,Towing_and_Articulation,Vehicle_Manoeuvre,Vehicle_Location-Restricted_Lane,Junction_Location,Skidding_and_Overturning,Hit_Object_in_Carriageway,Vehicle_Leaving_Carriageway,Hit_Object_off_Carriageway,1st_Point_of_Impact,Was_Vehicle_Left_Hand_Drive?,Journey_Purpose_of_Driver,Sex_of_Driver,Age_Band_of_Driver,Engine_Capacity_(CC),Propulsion_Code,Age_of_Vehicle,Driver_IMD_Decile,Driver_Home_Area_Type
201301VK30319,1,9,0,10,0,8,0,0,0,0,2,1,6,2,7,1360,1,2,9,1
201301VK30319,2,3,0,18,0,8,0,0,0,0,1,1,6,1,6,124,1,1,10,1
201301VK30320,1,3,0,16,0,2,0,0,0,0,3,1,1,1,5,125,1,3,6,1
201301VK30321,1,9,0,1,0,0,0,0,0,0,2,1,6,2,8,1399,1,3,7,1
201301VK30323,1,9,0,12,0,1,0,0,0,0,1,2,6,2,5,-1,-1,-1,7,1
201301VK30323,2,9,0,18,0,1,0,0,0,0,2,1,3,2,8,1590,1,9,10,1
201301VK30324,1,9,0,18,0,1,0,0,0,0,3,1,1,2,6,-1,-1,-1,-1,-1
201301VK30324,2,9,0,9,0,2,0,0,0,0,1,1,6,1,6,-1,-1,-1,6,1
201301VK30325,1,2,0,9,0,8,0,0,0,0,0,1,1,1,7,125,1,-1,7,1
201301VK30325,2,9,0,18,0,8,0,0,0,0,3,1,6,1,6,1995,2,2,7,1
201301VK30327,1,19,0,18,0,8,0,0,0,0,4,1,1,1,7,1995,2,-1,10,1
201301VK30327,2,1,0,18,0,8,0,0,0,0,1,1,6,1,5,-1,-1,-1,10,1
201301VK30328,1,9,0,3,0,1,0,0,0,0,4,1,1,1,7,1248,2,-1,7,3
201301VK30328,2,1,0,15,0,1,0,8,0,0,1,1,1,1,6,-1,-1,-1,10,1
201301VK30329,1,5,0,18,0,1,0,0,0,0,1,1,6,1,6,998,1,14,7,1
201301VK30329,2,9,0,9,0,1,0,0,0,0,1,1,6,1,11,1796,1,9,10,1
201301VK30330,1,9,0,18,0,1,0,0,0,0,1,1,6,1,-1,-1,-1,-1,-1,-1
201301VK30331,1,1,0,18,0,8,0,0,0,0,4,1,6,2,8,-1,-1,-1,10,1
201301VK30331,2,9,0,7,0,8,0,0,1,0,1,1,6,1,6,1984,1,17,10,1
201301VK30332,1,9,0,14,0,0,0,0,0,0,1,1,6,2,-1,2143,2,2,-1,-1
201301VK30333,1,9,0,18,0,1,0,0,0,0,1,1,3,2,7,1390,1,2,7,1
201301VK30333,2,9,0,3,0,1,0,0,0,0,2,1,2,1,4,1229,1,2,9,1
201301VK30333,3,9,0,3,0,1,0,0,0,0,2,1,2,2,9,1598,1,4,10,1
201301VK30333,4,9,0,3,0,1,0,0,0,0,2,1,2,1,8,2204,2,5,7,1
201301VK30335,1,1,0,9,0,8,0,0,0,0,2,1,6,1,5,-1,-1,-1,2,1
201301VK30335,2,9,0,9,0,8,0,0,0,0,1,1,6,1,-1,2494,1,12,-1,-1
201301VK30336,1,9,0,5,0,8,0,0,0,0,1,1,6,2,8,1595,1,6,5,1
201301VK30336,2,9,0,5,0,8,0,0,0,0,2,1,6,2,10,1598,1,2,10,1
201301VK30337,1,9,0,4,0,1,0,0,0,0,2,1,2,1,7,1598,2,-1,6,1
201301VK30337,2,5,0,4,0,1,1,0,0,0,1,1,6,1,7,600,1,13,4,1
201301VK30338,1,9,0,4,0,1,0,0,0,0,2,1,6,1,6,1339,8,4,5,1
201301VK30338,2,9,0,5,0,1,0,0,0,0,1,1,6,1,6,1587,1,11,9,1
201301VK30339,1,9,0,18,0,0,0,10,1,2,1,1,2,2,6,4799,1,9,2,1
201301VK30340,1,9,0,9,0,1,0,0,0,0,3,1,2,2,8,1339,1,5,10,1
201301VK30340,2,3,0,14,0,1,0,0,0,0,1,1,2,2,5,124,1,7,8,1
201301VK30341,1,9,0,4,0,0,0,0,0,0,2,1,6,1,6,1995,1,10,8,1
201301VK30341,2,9,0,4,0,0,0,0,0,0,2,1,6,2,5,1198,1,1,5,1
201301VK30341,3,9,0,4,0,0,0,0,0,0,2,1,6,1,6,1995,1,4,10,1
201301VK30341,4,9,0,4,0,0,0,0,0,0,2,1,6,1,7,1242,1,11,6,1
201301VK30341,5,9,0,4,0,0,0,0,0,0,1,1,6,2,5,1422,2,4,5,3
201301VK30342,1,9,0,9,0,8,0,0,1,0,1,1,6,2,5,1398,1,-1,6,1
201301VK30342,2,3,0,18,0,8,0,0,0,0,1,1,6,1,5,125,1,7,7,1
201301VK30343,1,9,0,18,0,8,0,0,0,0,1,1,6,1,4,1781,1,12,8,1
201301VK30344,1,9,0,18,0,0,5,4,0,0,1,1,6,2,10,1086,1,4,7,1
201301VK30346,1,9,0,16,0,0,1,10,1,0,1,1,2,1,8,-1,-1,-1,7,1
201301VK30347,1,1,0,18,4,1,0,0,0,0,3,1,2,1,5,-1,-1,-1,8,1
201301VK30347,2,9,0,7,0,1,0,0,0,0,4,1,6,1,-1,-1,-1,-1,-1,-1
201301VK30348,1,19,0,4,0,1,0,0,0,0,1,1,1,1,7,2143,2,1,2,1
201301VK30348,2,9,0,3,0,1,0,0,0,0,2,1,2,2,9,1600,1,14,10,1
201301VK30349,1,9,0,7,0,1,0,0,0,0,3,1,6,1,9,1591,1,3,8,1
201301VK30349,2,1,0,18,0,1,0,0,0,0,1,1,6,2,8,-1,-1,-1,8,1
201301VK30350,1,9,0,9,0,8,0,0,0,0,3,1,2,1,5,1995,1,7,4,1
201301VK30351,1,9,0,18,0,8,0,0,0,0,1,1,6,2,-1,-1,-1,-1,5,1
201301VK30351,2,1,0,18,0,8,0,0,0,0,4,1,6,1,-1,-1,-1,-1,-1,-1
201301VK30352,1,9,0,9,0,8,0,0,0,0,1,1,6,1,8,1242,1,1,6,1
201301VK30352,2,9,0,18,0,8,0,0,0,0,1,1,6,2,8,1998,7,7,2,1
201301VK30353,1,9,0,18,0,8,0,0,0,0,1,1,2,2,4,973,1,12,7,1
201301VK30353,2,1,0,18,0,8,0,0,0,0,1,1,6,1,8,-1,-1,-1,9,1
201301VK30356,1,9,0,1,0,1,0,0,0,0,2,1,6,2,6,1995,1,10,7,1
201301VK30357,1,9,0,1,0,1,0,0,0,0,2,1,6,1,-1,-1,-1,-1,-1,-1
201301VK30358,1,3,0,18,0,0,0,0,0,0,1,1,6,1,5,-1,-1,-1,6,1
201301VK30358,2,4,0,18,0,0,0,0,0,0,1,1,6,1,5,-1,-1,-1,-1,-1
201301VK30358,3,19,0,18,0,0,0,0,0,0,1,1,6,1,7,-1,-1,-1,5,1
201301VK30359,1,5,0,18,0,8,0,0,0,0,3,1,6,1,5,599,1,2,-1,-1
201301VK30359,2,9,0,9,0,8,0,0,0,0,1,1,6,2,6,998,1,3,3,1
201301VK30360,1,9,0,5,0,0,0,0,0,0,1,1,6,1,-1,-1,-1,-1,-1,-1
201301VK30361,1,1,0,4,0,8,0,0,0,0,1,1,6,1,5,-1,-1,-1,5,1
201301VK30361,2,9,0,3,0,8,0,0,0,0,2,1,6,2,5,-1,-1,-1,6,1
201301VK30362,1,9,0,18,0,0,0,0,0,0,1,1,6,2,-1,-1,-1,-1,-1,-1
201301VK30364,1,9,0,18,0,0,0,0,0,0,1,1,1,1,9,-1,-1,-1,9,1
201301VK30364,2,9,0,4,0,0,0,0,0,0,2,1,6,2,7,1598,1,1,10,1
201301VK30365,1,9,0,17,0,8,0,0,0,0,3,1,2,1,6,1995,2,6,2,1
201301VK30365,2,9,0,18,0,8,0,0,0,0,4,1,6,1,-1,1666,1,12,4,1
201301VK30366,1,9,0,18,0,1,0,0,0,0,1,1,6,1,6,2000,1,10,7,1
201301VK30366,2,9,0,9,0,1,0,0,0,0,3,1,6,1,6,2199,2,3,3,1
201301VK30367,1,9,0,16,0,8,0,0,0,0,4,1,6,2,8,1590,1,2,9,1
201301VK30367,2,9,0,9,0,8,0,0,0,0,1,1,6,2,7,1339,1,7,6,1
201301VK30368,1,3,0,18,0,8,0,0,0,0,4,1,6,1,4,109,1,1,3,1
201301VK30368,2,9,0,6,0,8,0,0,0,0,3,1,6,1,-1,1493,2,8,8,1
201301VK30369,1,9,0,4,0,1,0,0,0,0,4,1,6,3,-1,-1,-1,-1,-1,-1
201301VK30370,1,9,0,18,0,0,0,0,0,0,1,1,6,2,6,1390,1,11,8,1
201301VK30373,1,9,0,4,0,0,0,0,0,0,2,1,6,1,6,1995,2,6,2,1
201301VK30373,2,9,0,18,0,0,0,0,0,0,1,1,6,2,-1,1596,1,7,7,1
201301VK30375,1,9,0,18,0,1,0,0,0,0,4,1,6,1,6,3222,2,9,5,1
201301VK30377,1,9,0,4,0,1,0,0,0,0,2,1,6,1,8,1995,1,12,7,1
201301VK30377,2,9,0,18,0,1,0,0,0,0,1,1,6,1,7,1995,2,3,-1,-1
201301VK30378,1,9,0,9,0,8,0,0,0,0,1,1,1,1,9,-1,-1,-1,4,1
201301VK30378,2,3,0,14,0,8,0,0,0,0,4,1,6,1,6,670,1,1,2,1
201301VK30379,1,3,0,4,0,2,1,0,0,0,0,1,6,1,6,125,1,3,4,1
201301VK30380,1,9,0,18,0,0,0,0,0,0,1,1,2,1,7,1995,2,1,6,1
201301VK30383,1,19,0,9,0,1,0,0,0,0,1,1,6,1,-1,-1,-1,-1,-1,-1
201301VK30385,1,9,0,4,0,8,0,0,0,0,2,1,6,1,7,1499,2,-1,3,1
201301VK30385,2,9,0,4,0,8,0,0,0,0,2,1,6,2,4,1242,1,1,9,3
201301VK30385,3,9,0,18,0,8,0,0,0,0,1,1,6,2,7,-1,-1,-1,9,1
201301VK30386,1,11,0,5,0,0,0,0,0,0,0,1,1,1,6,8268,2,12,4,1
201301VK30387,1,9,0,3,0,1,0,0,0,0,2,1,6,2,4,1199,1,9,9,1
201301VK30387,2,9,0,18,0,1,0,0,0,0,1,1,6,3,-1,1598,2,2,-1,-1
201301VK30388,1,4,0,18,0,1,1,0,0,0,0,1,6,1,9,249,1,11,10,1
201301VK30388,2,9,0,7,0,2,0,0,0,0,0,1,6,3,-1,-1,-1,-1,-1,-1
201301VK30390,1,9,0,9,0,8,0,0,0,0,1,1,6,2,6,1598,1,4,6,1
201301VK30390,2,2,0,14,0,8,0,0,0,0,1,1,6,2,4,-1,3,-1,3,1
201301VK30391,1,9,0,1,0,8,0,0,0,0,2,1,6,2,10,-1,-1,-1,5,1
201301VK30392,1,9,0,18,0,8,0,0,0,0,1,1,6,2,9,1390,1,3,9,1
201301VK30392,2,19,0,9,0,8,0,0,0,0,1,1,6,1,7,-1,-1,-1,2,1
201301VK30393,1,9,0,9,0,8,0,0,0,0,1,1,6,2,10,1396,1,12,7,1
201301VK30393,2,1,0,18,0,8,0,0,0,0,1,1,6,1,4,-1,-1,-1,8,1
201301VK30394,1,5,0,16,0,0,0,0,0,0,3,1,6,1,8,748,1,14,7,1
201301VK30395,1,9,0,7,0,0,0,0,0,0,1,1,6,1,7,-1,-1,-1,7,1
201301VK30396,1,9,0,7,0,1,0,0,0,0,4,1,6,2,6,1240,1,5,5,1
201301VK30396,2,1,0,18,0,1,0,0,0,0,1,1,6,1,6,-1,-1,-1,4,1
201301VK30398,1,9,0,4,0,0,0,0,0,0,1,1,6,1,9,1998,1,11,8,1
201301VK30398,2,9,0,4,0,0,0,0,0,0,2,1,6,1,8,799,2,2,-1,-1
201301VK30399,1,9,0,3,0,0,0,0,0,0,2,1,6,2,7,1998,1,5,5,3
201301VK30399,2,9,0,18,0,0,0,0,0,0,1,1,6,1,-1,1229,1,4,9,1
201301VK30401,1,8,0,18,0,8,0,0,0,0,1,1,1,1,7,2664,2,12,4,1
201301VK30401,2,9,0,9,0,8,0,10,4,10,4,1,6,2,4,1197,1,1,6,1
201301VK30402,1,11,0,5,0,2,0,0,0,0,3,1,1,1,9,4461,2,-1,6,1
201301VK30403,1,11,0,4,0,1,0,0,0,0,0,1,1,1,6,-1,-1,-1,-1,-1
201301VK30404,1,3,0,5,0,1,0,0,0,0,2,1,6,1,5,-1,-1,-1,6,1
201301VK30404,2,9,0,5,0,1,0,0,0,0,1,1,2,1,6,1299,1,13,-1,-1
201301VK30405,1,9,0,4,0,0,0,0,0,0,2,1,6,2,6,1596,1,8,4,1
201301VK30405,2,9,0,18,0,0,0,0,0,0,1,1,6,2,-1,2497,2,6,-1,-1
201301VK30406,1,9,0,4,0,2,0,0,0,0,4,1,6,1,5,-1,-1,-1,-1,-1
201301VK30406,2,1,0,18,0,6,0,0,0,0,3,1,6,1,6,-1,-1,-1,-1,-1
201301VK30407,1,9,0,18,0,0,0,0,0,0,1,1,6,1,5,1798,1,8,-1,-1
201301VK30407,2,9,0,18,0,0,0,0,0,0,1,1,6,2,4,973,1,10,-1,-1
201301VK30408,1,9,0,4,0,0,0,0,0,0,2,1,6,2,6,-1,-1,-1,3,1
201301VK30408,2,9,0,4,0,0,0,0,0,0,2,1,6,2,6,1794,1,9,-1,-1
201301VK30408,3,9,0,18,0,0,0,0,0,0,1,1,6,3,-1,-1,-1,-1,-1,-1
201301VK30409,1,11,0,4,0,1,0,0,0,0,0,1,6,1,8,-1,-1,-1,8,1
201301VK30410,1,19,0,5,0,0,0,0,0,0,3,1,1,1,6,-1,-1,-1,-1,-1
201301VK30411,1,9,0,2,0,0,0,0,0,0,3,1,2,1,9,-1,-1,-1,8,1
201301VK30411,2,1,0,14,0,0,0,4,0,0,1,1,6,1,-1,-1,-1,-1,-1,-1
201301VK30412,1,9,0,9,0,8,0,0,0,0,3,1,6,2,9,1240,1,5,8,1
201301VK30412,2,3,0,18,0,8,0,0,0,0,1,1,1,1,4,109,1,1,-1,-1
201301VK30413,1,9,0,9,0,8,0,0,0,0,3,1,6,1,10,1998,1,9,7,1
201301VK30413,2,3,0,14,0,8,0,0,0,0,1,1,1,1,6,125,1,2,5,1
201301VK30415,1,9,0,18,2,8,0,0,0,0,1,1,6,1,7,1598,1,11,7,1
201301VK30415,2,1,0,5,2,8,0,0,0,0,4,1,6,1,6,-1,-1,-1,8,1
201301VK30416,1,9,0,9,0,8,0,0,0,0,3,1,6,2,8,1124,1,12,-1,-1
201301VK30416,2,2,0,14,0,8,0,0,0,0,1,1,6,1,-1,49,1,10,6,1
201301VK30417,1,9,0,18,0,8,0,0,0,0,3,1,6,2,9,1998,1,15,8,1
201301VK30417,2,9,0,9,0,8,0,0,0,0,1,1,6,2,-1,1598,1,8,10,1
201301VK30418,1,5,0,18,0,8,0,0,0,0,4,1,6,1,7,659,1,3,9,1
201301VK30418,2,9,0,5,0,8,0,0,0,0,1,1,6,1,7,2996,1,5,6,1
201301VK30419,1,9,0,5,0,8,0,0,0,0,1,1,6,1,8,-1,-1,-1,3,1
201301VK30419,2,9,0,9,0,8,0,0,0,0,1,1,6,2,9,998,1,-1,8,1
201301VK30420,1,11,0,3,0,0,0,0,0,0,0,1,1,1,7,4500,2,6,6,1
201301VK30421,1,9,0,4,0,8,1,0,1,7,3,1,6,2,6,998,1,2,-1,-1
201301VK30421,2,9,0,9,0,8,0,0,0,0,4,1,6,2,7,-1,-1,-1,7,1
201301VK30422,1,9,0,4,0,2,0,0,0,0,1,1,6,2,5,1198,1,9,2,1
201301VK30423,1,9,0,4,0,0,0,0,0,0,1,2,6,2,6,1753,2,13,3,1
201301VK30423,2,9,0,4,0,0,0,0,0,0,2,1,1,1,7,1997,2,5,4,1
201301VK30424,1,2,0,18,0,2,0,0,0,0,4,1,1,1,7,125,1,4,1,1
201301VK30425,1,3,0,4,0,1,0,0,0,0,1,1,1,1,6,125,1,7,2,1
201301VK30425,2,9,0,3,0,1,0,0,0,0,2,1,2,2,7,1560,2,1,8,1
201301VK30426,1,9,0,1,0,8,0,0,0,0,2,1,6,2,8,-1,-1,-1,8,1
201301VK30426,2,19,0,9,0,8,0,0,1,0,3,1,6,3,-1,-1,-1,-1,-1,-1
201301VK30427,1,9,0,4,0,0,0,0,0,0,1,1,1,2,-1,1396,1,10,8,1
201301VK30427,2,9,0,3,0,0,0,0,0,0,2,1,1,2,8,1796,1,7,-1,-1
201301VK30428,1,9,0,11,0,1,0,0,0,0,0,1,1,1,6,1598,2,2,4,1
201301VK30428,2,5,0,18,0,1,0,0,0,0,0,1,2,1,6,-1,-1,-1,10,2
201301VK30428,3,9,0,18,0,1,0,0,0,0,0,1,2,1,6,-1,-1,-1,4,1
201301VK30429,1,9,0,2,0,0,0,0,0,0,3,1,6,1,11,3000,1,9,10,1
201301VK30429,2,1,0,18,0,0,0,8,0,0,1,1,6,1,4,-1,-1,-1,6,1
201301VK30430,1,9,0,18,0,0,0,0,0,0,3,1,6,2,8,-1,-1,-1,5,1
201301VK30431,1,9,0,18,0,0,0,0,0,0,1,1,6,1,6,1995,1,6,8,1
201301VK30431,2,9,0,4,0,0,0,0,0,0,2,1,6,2,6,1995,2,1,8,1
201301VK30432,1,9,0,9,0,8,0,0,0,0,1,1,6,1,6,2268,2,-1,8,1
201301VK30432,2,9,0,18,0,8,0,0,0,0,4,1,6,1,10,-1,-1,-1,6,1
201301VK30433,1,9,0,4,0,0,1,0,0,0,2,1,6,2,6,1364,1,4,4,1
201301VK30433,2,9,0,4,0,0,0,0,0,0,1,1,6,1,8,1339,1,8,2,1
201301VK30433,3,9,0,4,0,0,0,0,0,0,2,1,2,2,8,1796,1,11,10,1
201301VK30433,4,9,0,11,0,0,0,0,0,0,3,1,6,2,6,1997,2,5,10,1
201301VK30433,5,9,0,11,0,0,1,0,0,0,1,1,2,1,6,1596,1,2,-1,-1
201301VK30435,1,9,0,14,0,8,0,0,0,0,1,1,6,1,10,2496,2,11,8,1
201301VK30436,1,9,0,9,0,8,0,0,0,0,1,1,6,2,7,998,1,11,6,1
201301VK30436,2,9,0,4,0,8,0,0,0,0,1,1,6,2,7,1598,1,15,6,1
201301VK30438,1,11,0,12,0,0,0,0,0,0,1,1,1,1,8,3900,2,10,10,1
201301VK30439,1,11,0,17,0,8,0,0,0,0,1,1,1,1,6,9000,2,5,6,1
201301VK30439,2,9,0,17,0,1,0,0,1,0,2,1,6,1,7,1560,2,5,4,1
201301VK30440,1,9,0,4,0,8,0,0,0,0,2,1,6,2,5,1199,1,9,3,1
201301VK30440,2,9,0,5,0,8,0,0,0,0,1,1,6,1,5,1995,2,9,7,1
201301VK30441,1,9,0,9,0,8,0,0,0,0,1,1,6,1,6,1299,1,11,6,1
201301VK30441,2,9,0,18,0,8,0,0,0,0,1,1,6,1,8,1910,2,5,6,3
201301VK30442,1,9,0,9,0,8,0,0,0,0,3,1,6,1,8,2993,2,6,10,1
201301VK30442,2,5,0,18,0,8,1,0,0,0,1,1,1,1,4,125,1,3,3,1
201301VK30443,1,9,0,9,0,8,0,0,0,0,4,1,6,1,6,1149,1,14,10,1
201301VK30443,2,9,0,18,0,8,0,0,0,0,1,1,6,1,5,1299,1,8,10,1
201301VK30444,1,5,0,18,0,8,0,0,0,0,3,1,6,1,5,645,1,13,8,1
201301VK30444,2,9,0,3,0,8,0,0,0,0,4,1,1,2,6,1596,1,9,3,1
201301VK30445,1,9,0,4,0,0,0,0,1,0,2,1,1,1,8,1968,2,4,-1,-1
201301VK30445,2,9,0,4,0,0,0,0,1,0,1,1,2,1,-1,2494,1,19,6,1
201301VK30446,1,9,0,5,0,8,0,0,0,0,3,1,6,1,5,1798,1,3,9,1
201301VK30446,2,9,0,17,0,8,0,0,0,0,1,1,6,1,-1,1796,1,8,-1,-1
201301VK30447,1,9,0,11,0,8,0,0,0,0,4,1,6,1,6,1896,2,12,4,1
201301VK30447,2,11,0,18,0,8,0,0,0,0,3,1,1,1,6,9000,2,4,8,1
201301VK30448,1,9,0,3,0,0,0,0,0,0,2,1,6,2,7,998,1,11,8,1
201301VK30448,2,9,0,4,0,0,0,0,0,0,1,1,6,1,8,1988,2,8,8,1
201301VK30448,3,9,0,4,0,0,0,0,0,0,1,1,6,2,5,1198,1,9,2,1
201301VK30449,1,9,0,18,0,8,0,0,0,0,2,1,6,1,5,250,1,2,8,1
201301VK30449,2,9,0,18,0,8,0,0,0,0,1,1,6,1,-1,2494,2,3,-1,-1
201301VK30450,1,9,0,18,0,8,0,0,0,0,4,1,6,2,7,1596,1,9,6,1
201301VK30450,2,9,0,18,0,8,0,0,1,0,1,1,6,1,-1,2148,2,7,-1,-1
201301VK30453,1,9,0,4,0,8,0,0,0,0,1,1,6,2,6,1587,1,17,3,1
201301VK30453,2,9,0,4,0,8,0,0,0,0,1,1,6,2,8,1995,2,13,7,1
201301VK30453,3,9,0,4,0,8,0,0,0,0,2,1,6,1,9,1769,1,10,3,1
201301VK30456,1,9,0,9,0,8,0,0,0,0,3,1,6,1,10,1360,1,9,5,1
201301VK39001,1,3,0,14,0,8,0,0,0,0,3,1,6,2,4,124,1,6,6,1
201301VK39001,2,9,0,9,0,8,0,0,0,0,3,1,6,2,8,999,1,9,10,1
201301VK39001,3,9,0,3,0,1,0,0,0,0,3,1,6,1,8,1560,2,2,6,1
201301VK39025,1,9,0,4,0,8,0,0,0,0,1,1,6,2,4,1998,1,9,8,1
201301VK39025,2,9,0,9,0,8,0,0,0,0,4,1,6,1,5,1149,1,12,10,1
201301VK39045,1,5,0,14,0,1,0,0,0,0,4,1,2,1,-1,1198,1,-1,8,1
201301VK39045,2,9,0,3,0,1,0,0,0,0,2,1,2,2,6,1389,1,10,8,1
201301VK39045,3,8,0,18,0,1,0,0,0,0,4,1,2,1,6,1896,2,5,1,1
201301VK39066,1,5,0,18,0,8,0,0,0,0,1,1,2,1,6,553,1,7,6,1
201301VK39066,2,19,0,9,0,8,0,0,0,0,3,1,1,1,-1,1870,2,10,-1,-1
201301VK39067,1,4,0,4,0,1,0,0,0,0,2,1,6,1,6,124,1,-1,6,1
201301VK39067,2,9,0,4,0,1,0,0,0,0,1,1,6,2,6,1596,1,6,8,1
201301VW40002,1,5,0,18,0,8,0,0,0,0,1,1,6,1,7,996,1,13,3,1
201301VW40002,2,9,0,9,0,8,0,0,0,0,2,1,6,1,8,-1,-1,-1,6,1
201301VW40003,1,9,0,18,0,0,0,0,0,0,4,1,3,1,8,1998,2,11,4,1
201301VW40003,2,1,0,15,0,0,0,0,0,0,4,1,6,1,6,-1,-1,-1,-1,-1
201301VW40004,1,11,0,3,0,0,0,0,0,0,3,1,1,1,7,3900,2,7,5,1
201301VW40004,2,9,0,15,0,0,0,0,0,0,4,1,6,2,7,796,1,7,3,1
201301VW40005,1,9,0,17,0,8,0,0,0,0,1,1,1,1,5,1390,1,13,-1,-1
201301VW40005,2,5,0,18,0,8,0,0,0,0,3,1,1,1,7,660,1,5,4,1
201301VW40006,1,3,0,18,0,0,1,0,0,0,4,1,6,1,7,124,1,3,3,1
201301VW40007,1,3,0,4,0,8,0,0,0,0,3,1,6,1,4,124,1,4,-1,-1
201301VW40007,2,9,0,5,0,8,0,0,0,0,0,1,6,3,-1,-1,-1,-1,-1,-1
201301VW40008,1,9,0,18,0,8,0,0,0,0,4,1,1,1,5,1596,1,8,3,1
201301VW40008,2,1,0,9,0,8,0,0,0,0,1,1,6,2,7,-1,-1,-1,2,1
201301VW40009,1,3,0,18,0,8,0,0,0,0,4,1,6,1,6,124,1,9,5,1
201301VW40009,2,21,0,9,0,8,0,0,0,0,1,1,6,3,-1,-1,-1,-1,-1,-1
201301VW40010,1,5,0,18,0,8,0,0,0,0,1,1,1,1,7,781,1,15,4,1
201301VW40010,2,9,0,9,0,8,0,0,0,0,3,1,1,1,-1,-1,-1,-1,-1,-1
201301VW40011,1,9,0,16,0,1,1,0,1,4,1,1,6,1,5,1242,1,11,10,1
201301VW40013,1,9,0,18,0,0,1,0,7,10,1,1,6,1,5,1895,1,13,2,1
201301VW40013,2,9,0,1,0,0,0,0,0,0,1,1,6,1,-1,2198,2,-1,10,1
201301VW40015,1,9,0,17,0,8,0,0,0,0,1,1,1,1,9,1598,1,3,-1,-1
201301VW40015,2,1,0,9,0,8,0,0,0,0,4,1,6,1,5,-1,-1,-1,9,1
201301VW40016,1,1,0,18,0,8,0,0,0,0,1,1,1,1,5,-1,-1,-1,6,1
201301VW40016,2,9,0,7,0,8,0,0,0,0,4,1,6,1,-1,-1,-1,-1,-1,-1
201301VW40017,1,11,0,18,0,0,0,0,0,0,4,1,1,2,7,7300,2,11,3,1
201301VW40017,2,9,0,12,0,0,0,0,0,0,3,1,6,2,8,1686,2,2,4,1
201301VW40018,1,9,0,18,0,2,0,0,0,0,1,1,3,2,6,-1,-1,-1,3,1
201301VW40018,2,9,0,18,0,1,0,0,0,0,1,1,2,2,9,1999,1,11,8,1
201301VW40019,1,9,0,18,0,0,0,0,0,0,4,1,6,2,5,-1,-1,-1,3,1
201301VW40019,2,9,0,2,0,0,0,0,0,0,3,1,6,1,-1,-1,-1,-1,-1,-1
201301VW40020,1,9,0,18,0,1,0,0,0,0,4,1,1,1,9,1781,1,13,5,1
201301VW40021,1,9,0,18,0,1,0,0,0,0,3,1,2,1,10,998,1,12,8,1
201301VW40022,1,8,0,18,0,8,0,0,0,0,1,1,6,1,10,2664,2,15,10,1
201301VW40022,2,5,0,9,0,8,0,0,0,0,4,1,6,1,4,750,1,2,9,1
201301VW40023,1,9,0,18,0,1,0,0,0,0,4,1,6,1,10,1769,1,11,4,1
201301VW40024,1,9,0,18,0,8,0,0,0,0,1,1,6,1,8,1991,2,8,5,1
201301VW40025,1,1,0,18,0,0,0,0,0,0,2,1,2,1,6,-1,-1,-1,3,1
201301VW40025,2,9,0,18,0,0,0,0,0,0,1,1,6,1,-1,1397,1,10,-1,-1
201301VW40026,1,9,0,18,0,1,0,0,7,7,4,1,6,1,6,1995,2,5,2,1
201301VW40027,1,9,0,18,0,1,0,0,0,0,4,1,6,2,9,1360,1,8,10,1
201301VW40028,1,3,0,18,0,2,0,0,0,0,4,1,6,1,4,124,1,4,5,1
201301VW40029,1,5,0,4,0,8,0,0,0,0,3,1,6,1,9,618,1,7,9,1
201301VW40030,1,9,0,9,0,8,0,0,0,0,1,1,6,1,6,1598,1,12,6,1
201301VW40030,2,2,0,18,0,8,0,0,0,0,1,1,6,1,6,124,1,15,8,1
201301VW40031,1,9,0,9,0,8,0,0,0,0,0,1,6,3,-1,2438,1,13,-1,-1
201301VW40033,1,9,0,18,0,8,0,0,0,0,3,1,1,1,7,2720,2,5,8,1
201301VW40033,2,19,0,9,0,8,0,0,0,0,1,1,1,1,11,1248,2,7,2,1
201301VW40034,1,9,0,18,0,2,0,0,0,0,1,1,6,2,10,1560,2,1,4,1
201301VW40035,1,9,0,18,0,8,0,0,0,0,1,1,6,1,9,1796,1,5,3,1
201301VW40035,2,9,0,9,0,8,0,0,0,0,1,1,6,2,6,1598,1,7,10,1
201301VW40036,1,9,0,18,0,8,0,0,0,0,1,1,6,1,8,-1,-1,-1,3,1
201301VW40036,2,3,0,4,0,8,0,0,0,0,2,1,6,1,6,-1,-1,-1,6,1
201301VW40037,1,3,0,16,0,8,0,10,0,0,4,1,6,1,6,125,1,3,4,1
201301VW40038,1,4,0,7,0,8,0,0,0,0,1,1,6,1,-1,582,1,2,8,1
201301VW40038,2,9,0,18,0,8,0,0,0,0,1,1,6,1,-1,-1,-1,-1,-1,-1
201301VW40039,1,9,0,9,0,8,0,0,0,0,3,1,6,1,5,1229,1,1,7,1
201301VW40039,2,3,0,14,0,8,0,0,0,0,1,1,6,1,6,124,1,4,2,1
201301VW40040,1,9,0,15,0,2,0,0,0,0,4,1,2,2,8,1390,1,12,4,1
201301VW40041,1,3,0,18,2,1,0,0,0,0,1,1,6,1,4,102,1,6,9,1
201301VW40041,2,1,0,9,0,8,0,0,0,0,1,1,6,1,6,-1,-1,-1,5,1
201301VW40042,1,9,0,16,0,0,0,0,0,0,2,1,6,1,6,1598,2,2,6,1
201301VW40042,2,19,0,16,0,0,0,0,0,0,2,1,6,1,8,2148,2,5,6,1
201301VW40042,3,90,0,16,0,0,0,0,0,0,1,1,1,2,7,2143,2,1,-1,-1
201301VW40044,1,1,0,18,0,0,0,0,0,0,4,1,6,1,7,-1,-1,-1,5,1
201301VW40044,2,9,0,18,0,0,0,0,0,0,1,1,6,1,4,1388,1,14,10,1