Accident_Index,Vehicle_Reference,Vehicle_Type,Towing_and_Articulation,Vehicle_Manoeuvre,Vehicle_Location-Restricted_Lane,Junction_Location,Skidding_and_Overturning,Hit_Object_in_Carriageway,Vehicle_Leaving_Carriageway,Hit_Object_off_Carriageway,1st_Point_of_Impact,Was_Vehicle_Left_Hand_Drive?,Journey_Purpose_of_Driver,Sex_of_Driver,Age_Band_of_Driver,Engine_Capacity_(CC),Propulsion_Code,Age_of_Vehicle,Driver_IMD_Decile,Driver_Home_Area_Type
201301VW40045,1,19,0,5,0,2,0,0,0,0,1,1,1,1,7,2286,2,7,8,1
201301VW40045,2,5,0,18,0,1,0,0,0,0,1,1,1,1,7,599,1,10,6,1
201301VW40046,1,9,0,1,0,8,0,0,0,0,2,1,6,2,7,1896,2,12,3,1
201301VW40047,1,3,0,18,0,8,0,0,0,0,1,1,6,1,8,124,1,1,2,1
201301VW40047,2,9,0,2,0,8,0,0,0,0,2,1,6,1,10,1124,1,9,7,1
201301VW40048,1,9,0,18,0,8,0,0,0,0,1,1,6,1,6,1364,1,6,2,1
201301VW40048,2,9,0,4,0,8,0,0,0,0,2,1,6,1,10,1998,1,12,3,1
201301VW40051,1,9,0,18,0,8,0,0,0,0,1,1,6,1,8,1390,1,7,7,1
201301VW40051,2,9,0,4,0,8,0,0,0,0,2,1,6,1,8,-1,-1,-1,10,1
201301VW40052,1,9,0,18,0,8,0,0,0,0,1,1,6,2,-1,1149,1,1,4,1
201301VW40052,2,1,0,18,0,8,0,0,0,0,1,1,6,1,8,-1,-1,-1,3,1
201301VW40053,1,9,0,18,0,8,0,0,0,0,1,1,6,3,-1,-1,-1,-1,-1,-1
201301VW40054,1,19,0,15,0,0,0,0,0,0,4,1,6,1,7,1598,2,1,10,1
201301VW40054,2,1,0,18,0,0,0,0,0,0,3,1,6,1,6,-1,-1,-1,5,1
201301VW40055,1,9,0,9,0,8,0,0,0,0,4,1,6,1,11,1747,1,11,-1,-1
201301VW40055,2,1,0,18,0,8,0,0,0,0,1,1,6,1,5,-1,-1,-1,8,1
201301VW40056,1,9,0,12,0,0,0,0,0,0,1,1,6,1,7,1796,1,13,5,1
201301VW40056,2,9,0,18,0,0,0,0,0,0,3,1,6,1,6,1149,1,7,4,1
201301VW40057,1,9,0,17,0,1,0,0,0,0,1,1,6,1,9,1997,2,2,9,2
201301VW40057,2,9,0,10,0,1,0,0,0,0,2,1,6,1,8,1896,2,6,3,1
201301VW40057,3,9,0,10,0,1,0,0,0,0,2,1,6,2,7,1587,1,12,-1,-1
201301VW40057,4,9,0,10,0,8,0,0,0,0,2,1,6,1,7,1951,2,9,7,1
201301VW40059,1,5,0,14,0,8,0,0,0,0,1,1,6,1,5,1585,1,1,3,1
201301VW40059,2,19,0,9,0,8,0,0,0,0,1,1,1,1,9,1753,2,13,9,1
201301VW40060,1,8,0,1,0,2,0,0,0,0,0,1,1,1,7,1797,8,2,9,1
201301VW40061,1,11,0,4,0,8,0,0,0,0,0,1,1,1,7,4500,2,4,2,1
201301VW40062,1,1,0,18,0,8,0,0,0,0,1,1,2,1,7,-1,-1,-1,10,1
201301VW40062,2,9,0,7,0,8,0,0,0,0,4,1,6,3,-1,-1,-1,-1,-1,-1
201301VW40063,1,5,0,12,0,8,0,0,0,0,1,1,6,1,6,999,1,5,2,1
201301VW40063,2,19,0,3,0,8,0,0,0,0,2,1,1,1,-1,2143,2,1,-1,-1
201301VW40065,1,9,0,18,0,8,0,0,0,0,2,1,6,2,6,1598,1,8,3,1
201301VW40065,2,19,0,18,0,8,0,0,0,0,1,1,1,1,-1,2143,2,2,-1,-1
201301VW40066,1,9,0,14,0,8,0,0,0,0,1,1,6,3,-1,-1,-1,-1,-1,-1
201301VW40067,1,9,0,1,0,1,0,0,0,0,2,1,6,2,8,999,1,3,3,1
201301VW40068,1,9,0,18,0,8,0,0,0,0,1,1,6,1,6,1761,1,14,6,1
201301VW40068,2,9,0,7,0,8,0,0,0,0,2,1,6,1,5,-1,-1,-1,3,1
201301VW40069,1,9,0,18,0,0,0,10,1,7,4,1,6,1,9,2231,2,6,9,1
201301VW40070,1,9,0,9,0,8,0,0,0,0,1,1,6,2,6,2496,2,11,3,1
201301VW40070,2,3,0,18,0,8,0,0,0,0,1,1,2,1,7,125,1,5,3,1
201301VW40071,1,9,0,18,0,8,0,0,0,0,1,1,6,2,10,1229,1,5,9,1
201301VW40071,2,1,0,18,0,8,0,0,0,0,4,1,6,2,8,-1,-1,-1,-1,-1
201301VW40072,1,9,0,1,0,8,0,0,0,0,2,1,6,1,11,1998,1,16,5,1
201301VW40074,1,9,0,18,0,1,0,0,0,0,1,1,6,2,5,1598,1,9,8,1
201301VW40074,2,9,0,3,0,8,0,0,0,0,2,1,6,1,8,1995,2,10,3,1
201301VW40075,1,9,0,18,0,8,0,0,0,0,1,1,6,1,6,-1,-1,-1,5,1
201301VW40075,2,9,0,9,0,8,0,0,0,0,1,1,6,2,6,1364,1,5,5,1
201301VW40077,1,9,0,16,0,0,0,0,0,0,1,1,1,1,7,-1,-1,-1,-1,-1
201301VW40078,1,9,0,9,0,8,0,0,0,0,1,1,6,1,9,1299,1,10,9,1
201301VW40078,2,11,0,18,0,8,0,0,0,0,1,1,1,1,8,7300,2,10,2,1
201301VW40079,1,9,0,3,0,8,0,0,0,0,2,1,6,2,7,1598,1,11,4,1
201301VW40079,2,19,0,18,0,8,0,0,0,0,1,1,6,3,-1,-1,-1,-1,-1,-1
201301VW40080,1,9,0,18,0,8,0,0,0,0,3,1,6,2,6,1598,1,13,5,1
201301VW40080,2,9,0,9,0,8,0,0,0,0,1,1,6,2,-1,1999,1,8,-1,-1
201301VW40081,1,9,0,16,0,8,0,0,0,0,1,1,6,1,6,1586,1,4,6,1
201301VW40081,2,9,0,17,0,8,0,0,0,0,1,1,6,1,5,1995,2,6,4,1
201301VW40082,1,19,0,18,0,8,0,0,0,0,1,1,1,1,7,2198,2,1,1,1
201301VW40082,2,9,0,7,0,8,0,4,0,0,2,1,6,1,8,1595,1,12,-1,-1
201301VW40082,3,9,0,2,0,8,0,0,0,0,2,1,6,1,6,1590,1,11,4,1
201301VW40083,1,19,0,7,0,8,0,0,0,0,1,1,6,1,9,1389,1,13,8,1
201301VW40083,2,90,0,18,0,8,0,0,0,0,1,1,6,1,8,2148,2,4,2,1
201301VW40084,1,9,0,9,0,8,0,0,0,0,1,1,6,1,10,-1,-1,-1,-1,-1
201301VW40084,2,1,0,18,0,8,0,0,0,0,1,1,6,1,6,-1,-1,-1,8,1
201301VW40085,1,9,0,9,0,8,0,0,0,0,1,1,6,1,6,1560,2,3,4,1
201301VW40085,2,9,0,14,0,8,0,0,0,0,4,1,6,2,7,1598,1,7,8,1
201301VW40086,1,9,0,18,0,0,0,0,0,0,1,1,6,1,5,1360,1,7,4,1
201301VW40086,2,9,0,4,0,0,0,0,0,0,2,1,6,1,-1,-1,-1,-1,7,1
201301VW40087,1,9,0,18,0,1,0,10,7,1,1,1,6,2,6,1388,1,7,6,1
201301VW40088,1,9,0,18,0,8,0,0,0,0,2,1,6,1,6,1951,2,13,7,1
201301VW40088,2,9,0,2,0,8,0,0,0,0,2,1,6,1,6,1984,1,3,9,1
201301VW40089,1,19,0,18,0,8,0,0,0,0,1,1,1,1,-1,2463,2,7,-1,-1
201301VW40090,1,19,0,4,0,8,0,0,0,0,0,1,1,1,9,-1,-1,-1,4,1
201301VW40091,1,9,0,4,0,8,0,0,0,0,2,1,6,1,8,1598,1,11,2,1
201301VW40091,2,9,0,18,0,8,0,0,0,0,2,1,6,1,8,1360,1,10,5,1
201301VW40091,3,9,0,18,0,8,0,0,0,0,1,1,6,1,10,1968,2,8,9,1
201301VW40092,1,9,0,9,0,8,0,0,0,0,4,1,6,2,7,1388,1,8,5,1
201301VW40092,2,9,0,15,0,8,0,0,0,0,1,1,6,1,8,2143,2,1,4,1
201301VW40093,1,9,0,18,0,0,1,10,7,4,1,1,6,1,6,1762,1,16,6,1
201301VW40094,1,9,0,9,0,6,0,0,0,0,1,1,6,2,6,1390,1,15,5,1
201301VW40094,2,3,0,13,0,8,0,0,0,0,4,1,6,1,4,125,1,6,6,1
201301VW40097,1,9,0,7,0,1,0,0,0,0,4,1,6,2,10,1360,1,14,9,1
201301VW40097,2,1,0,9,0,1,0,0,0,0,3,1,6,1,7,-1,-1,-1,9,1
201301VW40098,1,9,0,9,0,8,0,0,0,0,4,1,6,2,4,1198,1,5,8,1
201301VW40098,2,9,0,18,0,8,0,0,0,0,1,1,6,1,-1,1590,1,10,-1,-1
201301VW40099,1,9,0,17,0,1,0,0,0,0,1,1,6,3,-1,-1,-1,-1,-1,-1
201301VW40100,1,9,0,18,0,8,0,0,0,0,1,1,6,2,7,1596,1,5,10,1
201301VW40101,1,9,0,7,0,1,0,0,0,0,4,1,6,1,7,-1,-1,-1,6,1
201301VW40101,2,1,0,18,0,1,0,0,0,0,3,1,6,1,7,-1,-1,-1,9,1
201301VW40102,1,9,0,9,0,8,0,0,0,0,4,1,6,1,9,796,1,7,6,1
201301VW40102,2,1,0,18,0,8,0,0,0,0,1,1,6,1,-1,-1,-1,-1,-1,-1
201301VW40103,1,9,0,4,0,1,0,0,0,0,2,1,6,2,6,1800,1,14,9,1
201301VW40103,2,9,0,18,0,1,0,0,0,0,1,1,6,1,-1,-1,-1,-1,-1,-1
201301VW40103,3,9,0,4,0,1,0,0,0,0,2,1,6,1,-1,1997,1,13,3,1
201301VW40104,1,9,0,9,0,1,0,0,0,0,4,1,6,2,4,1341,1,16,3,1
201301VW40105,1,9,0,17,0,1,0,0,0,0,4,1,6,2,10,1390,1,2,8,1
201301VW40106,1,9,0,9,0,1,0,0,0,0,4,1,6,2,7,1596,1,12,5,1
201301VW40106,2,3,0,18,0,1,0,0,0,0,1,1,6,1,4,125,1,7,-1,-1
201301VW40108,1,3,0,14,0,0,0,0,0,0,1,1,6,1,6,102,1,6,8,1
201301VW40109,1,19,0,7,0,1,0,0,0,0,4,1,6,1,10,-1,-1,-1,4,1
201301VW40109,2,1,0,15,0,1,0,0,0,0,1,1,6,1,6,-1,-1,-1,-1,-1
201301VW40110,1,9,0,8,0,8,0,0,0,0,3,1,6,2,7,1800,1,14,4,1
201301VW40110,2,9,0,16,0,8,0,0,0,0,4,1,6,1,7,1598,1,14,2,1
201301VW40111,1,9,0,14,0,0,0,0,0,0,3,1,6,1,5,1968,2,4,2,1
201301VW40111,2,4,0,18,0,0,0,0,0,0,4,1,1,2,8,600,1,1,3,1
201301VW40112,1,9,0,3,0,8,0,0,0,0,1,1,6,1,-1,1997,2,5,7,1
201301VW40112,2,1,0,18,0,1,0,0,0,0,1,1,6,1,7,-1,-1,-1,5,1
201301VW40113,1,9,0,18,0,2,0,0,0,0,1,1,6,1,9,2362,1,11,7,1
201301VW40114,1,9,0,1,0,8,0,0,0,0,2,1,6,1,8,1796,1,11,2,1
201301VW40114,2,19,0,10,0,8,0,0,0,0,1,1,6,1,7,-1,-1,-1,4,1
201301VW40114,3,19,0,18,0,8,0,0,0,0,1,1,1,1,-1,1686,2,11,-1,-1
201301VW40115,1,4,0,14,0,1,0,0,0,0,1,1,1,1,7,-1,-1,-1,4,1
201301VW40115,2,9,0,9,0,2,0,0,0,0,3,1,6,2,-1,-1,-1,-1,-1,-1
201301VW40116,1,9,0,9,0,8,0,0,0,0,1,1,2,1,10,1999,1,-1,9,1
201301VW40116,2,2,0,9,0,8,0,0,0,0,2,1,1,1,8,49,1,7,-1,-1
201301VW40117,1,5,0,9,0,8,0,0,0,0,3,1,1,1,7,-1,-1,-1,-1,-1
201301VW40118,1,9,0,18,0,1,0,0,0,0,1,1,6,2,6,1598,1,7,3,1
201301VW40118,2,9,0,9,0,1,0,0,0,0,3,1,6,1,5,1199,1,11,3,1
201301VW40119,1,3,0,4,0,1,0,0,0,0,2,1,6,1,7,125,1,2,3,1
201301VW40119,2,9,0,18,0,1,0,0,0,0,1,1,6,1,6,1598,1,24,4,1
201301VW40120,1,9,0,9,0,8,0,0,0,0,4,1,3,2,7,1400,1,7,9,1
201301VW40120,2,1,0,17,0,1,0,0,0,0,1,1,2,1,6,-1,-1,-1,3,1
201301VW40121,1,9,0,1,0,0,0,4,0,0,2,1,6,1,6,1796,1,5,9,1
201301VW40121,2,9,0,2,0,0,0,0,0,0,4,1,6,2,7,1461,2,3,9,1
201301VW40122,1,9,0,18,0,1,0,0,0,0,2,1,1,1,7,1998,2,4,8,1
201301VW40122,2,9,0,18,0,1,0,0,1,0,1,1,6,1,5,2000,2,8,5,1
201301VW40122,3,9,0,18,0,1,0,0,0,0,2,1,6,2,6,1598,1,6,9,1
201301VW40123,1,9,0,3,0,1,0,0,0,0,2,1,2,2,8,1587,1,14,8,1
201301VW40123,2,9,0,5,0,1,0,0,0,0,1,1,6,2,-1,-1,-1,-1,-1,-1
201301VW40124,1,9,0,18,0,6,0,0,0,0,1,1,6,1,7,1364,2,5,7,1
201301VW40124,2,1,0,9,0,8,0,0,0,0,1,1,1,2,6,-1,-1,-1,3,1
201301VW40125,1,20,0,13,0,0,0,0,0,0,4,1,6,1,-1,6870,2,6,-1,-1
201301VW40125,2,9,0,2,0,0,0,0,0,0,3,1,6,3,-1,1951,2,9,-1,-1
201301VW40125,3,1,0,14,0,0,0,4,0,0,3,1,6,2,6,-1,-1,-1,5,1
201301VW40126,1,9,0,18,0,6,0,0,0,0,1,1,6,1,-1,1497,1,9,-1,-1
201301VW40127,1,19,0,4,0,1,0,0,0,0,4,1,6,1,9,-1,-1,-1,7,1
201301VW40128,1,9,0,4,0,8,0,0,0,0,0,1,6,2,7,2180,2,17,9,1
201301VW40128,2,9,0,18,0,8,0,0,0,0,0,1,6,2,-1,1497,8,8,-1,-1
201301VW40129,1,5,0,9,0,8,0,0,0,0,0,1,1,1,8,1151,1,2,7,1
201301VW40129,2,9,0,5,0,8,0,0,0,0,0,1,1,1,8,1968,2,1,9,1
201301VW40130,1,9,0,3,0,1,0,0,0,0,2,1,6,1,6,1753,2,7,-1,-1
201301VW40130,2,9,0,18,0,1,0,0,0,0,1,1,6,1,-1,-1,-1,-1,-1,-1
201301VW40131,1,9,0,7,0,5,0,0,0,0,2,1,6,2,9,1497,1,12,5,1
201301VW40131,2,9,0,18,0,1,0,0,0,0,1,1,6,1,9,2460,2,5,5,1
201301VW40132,1,10,0,7,0,8,0,0,0,0,1,1,1,1,9,-1,-1,-1,2,1
201301VW40132,2,9,0,18,0,8,0,0,0,0,4,1,3,2,7,1560,2,3,4,1
201301VW40133,1,11,0,4,0,1,0,0,0,0,0,1,6,1,8,-1,-1,-1,2,1
201301VW40135,1,9,0,9,0,8,0,10,7,2,1,1,6,1,8,-1,-1,-1,10,1
201301VW40136,1,9,0,18,0,8,0,0,0,0,1,1,6,2,5,1598,1,11,7,1
201301VW40136,2,19,0,18,0,8,0,0,0,0,4,1,1,1,8,2198,2,2,8,1
201301VW40137,1,9,0,9,0,8,0,0,0,0,1,1,6,1,8,1364,1,3,6,1
201301VW40137,2,3,0,18,0,8,0,0,0,0,1,1,1,1,4,125,1,3,2,1
201301VW40138,1,9,0,3,0,8,0,0,0,0,2,1,6,2,8,1973,1,12,8,1
201301VW40138,2,9,0,18,0,8,0,0,0,0,1,1,6,1,6,1968,2,4,10,1
201301VW40139,1,9,0,3,0,0,0,0,0,0,1,1,6,1,8,1248,2,1,4,1
201301VW40139,2,19,0,1,0,0,0,0,0,0,2,1,6,1,8,1686,2,11,5,1
201301VW40140,1,1,0,17,0,8,0,0,0,0,4,1,6,1,7,-1,-1,-1,7,1
201301VW40140,2,9,0,9,0,8,0,0,0,0,1,1,6,1,8,-1,-1,-1,7,1
201301VW40141,1,8,0,18,0,8,0,0,0,0,3,1,6,1,7,1997,2,-1,6,1
201301VW40141,2,9,0,9,0,8,0,0,0,0,1,1,6,1,7,3799,1,3,9,1
201301VW40142,1,9,0,6,0,8,0,0,0,0,1,1,6,2,5,1590,1,10,3,1
201301VW40142,2,9,0,18,0,8,0,0,0,0,4,1,6,1,5,1198,1,10,2,1
201301VW40143,1,1,0,15,0,0,0,8,0,0,1,1,6,1,5,-1,-1,-1,-1,-1
201301VW40143,2,9,0,2,0,0,0,0,0,0,4,1,6,3,-1,-1,-1,-1,-1,-1
201301VW40144,1,9,0,7,0,8,0,0,0,0,4,1,6,1,8,-1,-1,-1,4,1
201301VW40145,1,2,0,18,0,0,0,0,0,0,3,1,2,1,5,-1,-1,-1,10,1
201301VW40145,2,9,0,13,0,0,0,0,0,0,4,1,6,3,-1,-1,-1,-1,-1,-1
201301VW40146,1,9,0,18,0,0,0,0,0,0,1,1,6,2,7,3724,1,10,9,1
201301VW40146,2,9,0,18,0,0,0,0,0,0,1,1,6,3,-1,2987,2,5,-1,-1
201301VW40147,1,9,0,9,0,1,0,0,0,0,4,1,1,1,9,1560,2,2,7,1
201301VW40147,2,1,0,18,4,1,0,0,0,0,1,1,6,1,6,-1,-1,-1,-1,-1
201301VW40148,1,19,0,4,0,0,0,0,0,0,2,1,1,1,8,1968,2,-1,2,1
201301VW40148,2,19,0,18,0,0,0,0,0,0,1,1,1,1,6,1560,2,1,4,1
201301VW40149,1,9,0,18,0,0,0,0,0,0,1,1,6,1,7,1995,1,2,7,1
201301VW40150,1,9,0,9,0,8,0,0,0,0,3,1,2,1,7,1796,1,11,3,1
201301VW40150,2,4,0,13,0,8,0,0,0,0,4,1,2,1,6,7817,1,11,3,1
201301VW40151,1,9,0,6,0,0,0,0,0,0,4,1,6,1,4,1242,1,7,4,1
201301VW40151,2,3,0,18,0,0,0,0,0,0,1,1,2,1,7,49,1,10,7,1
201301VW40152,1,1,0,18,0,8,0,0,0,0,3,1,2,2,8,-1,-1,-1,10,1
201301VW40152,2,9,0,9,0,8,0,0,0,0,1,1,2,1,7,2204,2,6,9,1
201301VW40154,1,9,0,9,0,8,0,0,0,0,3,1,6,1,6,1598,1,6,10,1
201301VW40154,2,5,0,13,0,8,0,0,0,0,4,1,6,1,6,883,1,10,7,1
201301VW40155,1,9,0,18,0,0,0,0,0,0,1,1,1,1,6,1905,2,15,3,1
201301VW40155,2,19,0,18,0,0,0,0,0,0,2,1,2,1,8,1753,2,9,3,1
201301VW40156,1,9,0,2,0,0,0,0,0,0,3,1,6,2,7,1797,8,2,9,1
201301VW40156,2,1,0,18,0,0,0,8,0,0,1,1,6,2,10,-1,-1,-1,9,1
201301VW40157,1,19,0,18,0,8,0,0,0,0,4,1,1,1,8,2998,2,2,3,1
201301VW40157,2,9,0,9,0,8,0,0,0,0,1,1,6,2,11,1999,1,12,2,1
201301VW40158,1,9,0,9,0,8,0,0,0,0,3,1,6,1,9,1997,2,3,6,1
201301VW40158,2,3,0,18,0,8,0,0,0,0,1,1,1,2,-1,124,1,7,8,1
201301VW40159,1,2,0,18,0,0,0,0,0,0,1,1,6,1,4,49,1,2,6,1
201301VW40159,2,19,0,4,0,0,0,0,0,0,2,1,1,1,6,2461,2,3,5,1
201301VW40160,1,1,0,17,0,8,0,0,0,0,2,1,6,1,10,-1,-1,-1,4,1
201301VW40160,2,9,0,17,0,8,0,0,0,0,1,1,6,2,7,4921,2,10,10,1
201301VW40161,1,9,0,7,0,8,0,0,0,0,3,1,6,1,6,1896,2,10,8,1
201301VW40161,2,19,0,18,0,8,0,0,0,0,1,1,6,1,-1,-1,-1,-1,-1,-1
201301VW40162,1,9,0,18,0,0,0,0,0,0,1,1,6,1,8,-1,-1,-1,8,1
201301VW40166,1,9,0,1,0,8,0,0,0,0,4,1,6,2,6,-1,-1,-1,8,1
201301VW40166,2,9,0,18,0,8,0,0,0,0,1,1,6,1,-1,1400,1,15,5,1
201301VW40167,1,5,0,9,0,8,0,0,0,0,4,1,6,1,8,599,1,4,7,1
201301VW40167,2,9,0,9,0,8,0,0,0,0,1,1,6,1,-1,1761,1,20,-1,-1
201301VW40168,1,9,0,18,9,0,0,10,7,2,1,1,6,1,5,1388,1,8,-1,-1
201301VW40169,1,1,0,12,0,8,0,0,0,0,2,1,6,1,9,-1,-1,-1,10,1
201301VW40169,2,9,0,18,0,8,0,0,0,0,1,1,6,1,-1,1595,1,12,8,1
201301VW40170,1,9,0,18,0,8,0,0,0,0,3,1,6,1,8,1299,1,8,3,1
201301VW40170,2,9,0,18,0,8,0,0,0,0,1,1,6,1,7,1390,1,5,4,1
201301VW40171,1,9,0,18,0,1,0,0,0,0,1,1,6,2,8,2993,2,2,4,1
201301VW40171,2,9,0,3,0,1,0,0,0,0,2,1,6,1,6,2496,1,12,6,1
201301VW40171,3,9,0,3,0,1,0,0,0,0,2,1,6,2,6,1390,1,1,5,1
201301VW40172,1,9,0,18,0,8,0,0,0,0,1,1,6,1,8,1749,1,13,4,1
201301VW40173,1,9,0,5,0,0,0,0,0,0,3,1,6,2,8,989,1,9,4,1
201301VW40173,2,11,0,18,0,0,0,0,0,0,1,1,1,1,8,6700,2,6,5,1
201301VW40174,1,9,0,9,0,8,0,0,0,0,1,1,6,3,-1,-1,-1,-1,-1,-1
201301VW40175,1,9,0,17,0,8,0,0,0,0,1,1,6,2,8,1388,1,2,9,1
201301VW40175,2,1,0,18,0,8,0,0,0,0,1,1,6,1,8,-1,-1,-1,3,1
201301VW40176,1,9,0,9,0,8,0,0,0,0,3,1,6,1,7,1198,1,10,4,1
201301VW40176,2,9,0,18,0,8,0,0,1,1,3,1,6,1,6,-1,-1,-1,9,1
201301VW40177,1,19,0,7,0,8,0,0,0,0,4,1,6,1,7,1998,2,10,8,1
201301VW40177,2,5,0,7,0,8,0,0,0,0,3,1,6,1,5,125,1,2,-1,-1
201301VW40178,1,19,0,18,0,1,0,0,0,0,1,2,6,1,7,-1,-1,-1,2,1
201301VW40178,2,9,0,4,0,1,0,0,0,0,2,1,6,2,4,1198,1,4,8,3
201301VW40178,3,9,0,4,0,1,0,0,0,0,2,1,6,1,6,1390,1,11,6,1
201301VW40181,1,9,0,4,0,0,0,0,0,0,2,1,6,2,7,1598,2,3,8,1
201301VW40181,2,9,0,18,0,0,0,0,0,0,1,1,6,1,-1,2993,2,-1,-1,-1
201301VW40183,1,9,0,3,0,8,0,0,0,0,2,1,6,1,5,1360,1,7,-1,-1
201301VW40183,2,9,0,18,0,8,0,0,0,0,1,1,6,2,-1,-1,-1,-1,-1,-1
201301VW40184,1,9,0,18,0,8,0,0,0,0,1,1,6,2,7,-1,-1,-1,2,1
201301VW40184,2,21,0,9,0,8,0,0,0,0,4,1,1,1,6,-1,-1,-1,2,1
201301VW40185,1,1,0,17,0,0,0,0,0,0,1,1,6,1,5,-1,-1,-1,10,1
201301VW40185,2,9,0,2,0,0,0,0,0,0,2,1,6,3,-1,1368,1,4,-1,-1
201301VW40187,1,9,0,18,0,8,0,0,0,0,1,1,6,1,7,1598,1,5,8,1
201301VW40187,2,9,0,18,0,8,0,0,0,0,4,1,6,1,7,2362,1,10,10,1
201301VW40189,1,9,0,18,9,1,0,10,1,1,1,1,6,1,6,1988,1,12,5,1
201301VW40190,1,9,0,9,0,8,0,0,0,0,4,1,2,2,7,1998,1,10,8,1
201301VW40190,2,1,0,18,0,8,0,0,0,0,1,1,2,1,7,-1,-1,-1,10,1
201301VW40191,1,3,0,14,0,8,0,0,0,0,1,1,2,2,7,125,1,2,4,1
201301VW40191,2,9,0,9,0,8,0,0,0,0,3,1,6,3,-1,-1,-1,-1,-1,-1
201301VW40192,1,11,0,18,0,0,0,0,0,0,4,1,1,1,8,6700,2,4,5,1
201301VW40193,1,1,0,18,0,8,0,0,0,0,1,1,6,3,-1,-1,-1,-1,-1,-1
201301VW40194,1,9,0,18,0,0,0,0,0,0,1,1,6,1,5,1527,2,13,6,1
201301VW40194,2,9,0,2,0,0,0,0,0,0,4,1,6,2,4,1242,1,6,9,1
201301VW40194,3,9,0,2,0,0,0,0,0,0,4,1,6,2,8,1753,2,10,9,1
201301VW40195,1,9,0,1,0,0,0,0,0,0,2,1,6,2,7,1598,1,11,9,1
201301VW40195,2,9,0,3,0,0,0,0,0,0,4,1,6,2,6,998,1,8,9,1
201301VW40196,1,2,0,18,0,1,0,0,0,0,1,1,6,3,-1,-1,-1,-1,-1,-1
201301VW40197,1,3,0,18,0,8,0,0,0,0,1,1,6,2,5,124,1,2,5,1
201301VW40197,2,9,0,9,0,8,0,0,0,0,3,1,6,1,-1,-1,-1,-1,-1,-1
201301VW40198,1,11,0,18,0,1,0,0,0,0,4,1,1,1,8,4500,2,6,5,1
201301VW40199,1,9,0,11,0,1,0,0,0,0,4,1,2,1,5,1242,1,4,-1,1
201301VW40199,2,4,0,18,0,1,0,0,1,10,3,1,2,1,6,125,1,2,-1,-1
201301VW40200,1,9,0,9,0,8,0,0,0,0,3,1,6,2,5,1590,1,12,4,1
201301VW40200,2,3,0,13,0,8,0,0,0,0,1,1,6,1,5,124,1,-1,9,2
201301VW40201,1,1,0,18,0,8,0,0,0,0,1,1,2,1,6,-1,-1,-1,8,1
201301VW40201,2,19,0,9,0,8,0,0,0,0,4,1,2,1,6,1753,2,7,9,1
201301VW40202,1,11,0,4,0,1,0,0,0,0,0,1,1,1,8,7300,2,8,2,1
201301VW40203,1,9,0,18,0,1,0,0,0,0,1,1,2,1,9,1968,2,4,9,1
201301VW40204,1,9,0,9,0,8,0,0,0,0,4,1,6,2,7,1968,2,3,4,1
201301VW40204,2,1,0,18,0,8,0,0,0,0,1,1,6,1,7,-1,-1,-1,10,1
201301VW40205,1,9,0,5,0,1,0,0,0,0,4,1,6,2,6,1596,1,12,2,1
201301VW40206,1,9,0,3,0,1,0,0,0,0,2,1,6,1,6,1497,8,6,7,1
201301VW40206,2,9,0,3,0,1,0,0,0,0,2,1,2,1,7,1596,1,12,2,1
201301VW40206,3,9,0,18,0,1,0,0,0,0,1,1,6,1,11,1783,1,9,6,1
201301VW40207,1,9,0,18,0,1,0,0,0,0,4,1,6,3,-1,1396,1,8,-1,-1
201301VW40208,1,9,0,3,0,0,0,0,0,0,2,1,2,2,6,1900,2,9,10,1
201301VW40208,2,1,0,18,0,0,0,0,0,0,1,1,4,1,3,-1,-1,-1,8,1
201301VW40209,1,20,0,1,0,1,0,0,0,0,2,1,2,1,-1,2287,2,5,8,1
201301VW40209,2,5,0,18,0,2,0,0,0,0,1,1,2,1,7,1050,1,3,-1,-1
201301VW40210,1,1,0,17,0,8,0,0,0,0,1,1,6,1,6,-1,-1,-1,2,1
201301VW40210,2,9,0,18,0,8,0,0,0,0,3,1,6,3,-1,-1,-1,-1,-1,-1
201301VW40211,1,9,0,14,0,0,0,0,0,0,1,1,6,1,9,1769,1,11,4,1
201301VW40211,2,9,0,18,0,0,0,0,0,0,1,1,1,1,-1,3189,1,8,4,1
201301VW40213,1,9,0,14,0,8,0,0,0,0,4,1,6,1,6,1560,2,-1,-1,-1
201301VW40214,1,9,0,9,0,8,0,0,0,0,4,1,1,1,9,1896,2,5,4,1
201301VW40214,2,1,0,18,0,8,0,0,0,0,3,1,1,2,5,-1,-1,-1,3,1
201301VW40215,1,9,0,12,0,1,0,0,0,0,3,1,6,2,4,1598,2,1,7,1
201301VW40215,2,3,0,18,0,1,0,0,0,0,4,1,6,1,8,198,1,10,5,1
201301VW40217,1,3,0,13,0,0,0,0,0,0,4,1,6,1,5,-1,-1,-1,3,1
201301VW40217,2,19,0,14,0,0,0,0,0,0,3,1,6,1,7,1753,2,2,2,1
201301VW40217,3,9,0,3,0,0,0,0,0,0,4,1,6,1,7,1796,1,14,4,1
201301VW40218,1,9,0,9,0,1,0,0,0,0,1,1,2,1,6,1596,1,13,9,1
201301VW40218,2,1,0,15,4,1,0,0,0,0,3,1,2,1,5,-1,-1,-1,3,1
201301VW40220,1,9,0,3,0,1,0,0,0,0,2,1,2,2,6,1198,1,5,3,1
201301VW40220,2,8,0,18,0,1,0,0,0,0,1,1,1,1,7,1968,2,6,3,1
201301VW40221,1,9,0,9,0,8,0,0,0,0,2,1,6,1,5,-1,-1,-1,2,1
201301VW40221,2,9,0,9,0,8,0,0,0,0,1,1,2,2,-1,-1,-1,-1,2,1
201301VW40222,1,9,0,9,0,8,0,0,0,0,3,1,6,2,8,1796,1,13,6,1