Accident_Index,Vehicle_Reference,Vehicle_Type,Towing_and_Articulation,Vehicle_Manoeuvre,Vehicle_Location-Restricted_Lane,Junction_Location,Skidding_and_Overturning,Hit_Object_in_Carriageway,Vehicle_Leaving_Carriageway,Hit_Object_off_Carriageway,1st_Point_of_Impact,Was_Vehicle_Left_Hand_Drive?,Journey_Purpose_of_Driver,Sex_of_Driver,Age_Band_of_Driver,Engine_Capacity_(CC),Propulsion_Code,Age_of_Vehicle,Driver_IMD_Decile,Driver_Home_Area_Type
201301VW40222,2,2,0,13,0,8,0,0,0,0,4,1,6,1,4,49,1,8,6,1
201301VW40223,1,9,0,3,0,1,0,0,0,0,2,1,2,1,6,-1,-1,-1,-1,-1
201301VW40223,2,9,0,18,0,1,0,0,0,0,1,1,6,1,-1,-1,-1,-1,-1,-1
201301VW40223,3,19,0,3,0,1,0,0,0,0,2,1,6,1,-1,-1,-1,-1,-1,-1
201301VW40225,1,9,0,9,0,8,0,0,0,0,4,1,6,1,6,1781,1,13,7,1
201301VW40225,2,5,0,18,0,8,0,0,0,0,1,1,6,1,-1,1450,1,11,6,1
201301VW40227,1,9,0,18,0,8,0,0,0,0,4,1,6,1,5,998,1,11,4,1
201301VW40227,2,9,0,9,0,8,0,0,0,0,3,1,6,1,8,1997,2,3,4,1
201301VW40228,1,9,0,9,0,1,0,0,0,0,3,1,6,2,6,1240,1,8,7,1
201301VW40228,2,3,0,14,0,1,0,0,0,0,4,1,6,2,7,125,1,2,3,1
201301VW40229,1,9,0,18,0,1,0,0,0,0,4,1,6,1,7,1896,2,10,6,1
201301VW40230,1,9,0,9,0,8,0,0,0,0,4,1,6,1,9,1250,1,13,6,1
201301VW40230,2,1,0,16,0,8,0,0,0,0,1,1,6,1,6,-1,-1,-1,3,1
201301VW40231,1,9,0,9,0,1,0,0,0,0,1,1,6,2,4,1242,1,11,10,1
201301VW40231,2,1,0,15,0,1,0,0,0,0,1,1,2,1,7,-1,-1,-1,7,1
201301VW40232,1,9,0,9,0,8,0,0,0,0,3,1,1,1,5,2969,2,7,-1,-1
201301VW40232,2,3,0,18,0,1,0,4,0,0,1,1,1,1,5,124,1,6,4,1
201301VW40232,3,9,0,2,0,1,0,0,0,0,3,1,6,1,8,1997,2,4,-1,-1
201301VW40233,1,9,0,4,0,0,0,0,0,0,2,1,2,2,5,1997,1,11,9,1
201301VW40233,2,9,0,18,0,0,0,0,0,0,1,1,6,1,-1,1796,1,6,-1,-1
201301VW40235,1,9,0,14,0,1,0,0,0,0,1,1,6,2,9,-1,-1,-1,5,1
201301VW40236,1,1,0,18,0,0,0,0,0,0,0,1,6,1,7,-1,-1,-1,3,1
201301VW40236,2,9,0,18,0,0,0,0,0,0,2,1,6,1,6,1598,1,4,6,1
201301VW40236,3,9,0,18,0,0,0,0,0,0,1,1,6,1,6,3199,1,12,3,1
201301VW40236,4,9,0,18,0,0,0,0,0,0,0,1,6,1,6,4799,1,8,6,1
201301VW40237,1,9,0,18,0,0,0,0,0,0,1,1,1,2,5,1995,1,3,7,1
201301VW40237,2,9,0,18,0,0,0,0,0,0,1,1,6,1,9,1461,2,9,6,1
201301VW40237,3,9,0,4,0,0,0,0,0,0,2,1,6,3,-1,-1,-1,-1,-1,-1
201301VW40239,1,19,0,7,0,2,0,0,0,0,4,1,2,1,6,1998,2,12,4,1
201301VW40239,2,1,0,15,0,2,0,0,0,0,1,1,2,1,6,-1,-1,-1,9,1
201301VW40240,1,9,0,18,0,1,2,4,0,0,1,1,6,2,4,1389,1,15,6,1
201301VW40240,2,9,0,2,0,1,0,0,0,0,2,1,6,2,-1,1896,2,7,-1,-1
201301VW40241,1,8,0,5,0,2,0,0,0,0,2,1,1,1,8,1797,8,3,1,1
201301VW40241,2,9,0,18,0,2,0,0,0,0,1,1,2,1,6,1998,1,5,6,1
201301VW40242,1,9,0,12,0,0,0,0,0,0,3,1,6,2,8,1984,1,4,6,1
201301VW40242,2,4,0,14,0,0,1,0,0,0,4,1,6,1,5,996,1,14,3,1
201301VW40243,1,1,0,18,0,0,0,0,0,0,1,1,6,1,7,-1,-1,-1,10,1
201301VW40246,1,9,0,3,0,1,0,0,0,0,1,1,6,1,6,1996,1,13,3,1
201301VW40246,2,9,0,1,0,2,0,0,0,0,2,1,6,1,-1,2720,2,7,10,1
201301VW40247,1,9,0,18,0,8,0,0,0,0,1,1,6,1,10,1998,2,11,6,1
201301VW40247,2,9,0,9,0,8,0,0,0,0,4,1,6,1,6,2995,1,10,5,1
201301VW40248,1,5,0,18,0,2,0,0,0,0,4,1,6,1,6,645,1,4,5,1
201301VW40248,2,9,0,18,0,2,0,0,0,0,3,1,2,1,5,1590,1,12,8,1
201301VW40249,1,20,0,9,0,8,0,0,0,0,1,1,1,1,-1,6370,2,2,8,1
201301VW40250,1,3,0,13,0,1,0,0,7,0,1,1,6,1,7,124,1,4,2,1
201301VW40250,2,9,0,9,0,1,0,0,0,0,3,1,6,2,8,1796,1,2,9,1
201301VW40251,1,9,0,3,0,2,0,0,0,0,4,1,6,2,6,1560,2,4,9,1
201301VW40251,2,1,0,15,0,2,0,8,0,0,1,1,6,1,7,-1,-1,-1,5,1
201301VW40252,1,9,0,5,0,1,0,0,0,0,1,1,6,1,7,-1,-1,-1,1,1
201301VW40252,2,9,0,3,0,1,0,0,0,0,2,1,6,1,6,1781,1,17,2,1
201301VW40253,1,9,0,9,0,8,0,0,0,0,1,1,3,2,7,1396,1,17,6,1
201301VW40253,2,1,0,18,0,8,0,0,0,0,1,1,1,1,9,-1,-1,-1,6,1
201301VW40254,1,9,0,3,0,1,0,0,0,0,2,1,6,1,6,1995,2,8,3,1
201301VW40254,2,9,0,18,0,1,0,0,0,0,1,1,6,1,-1,1597,1,17,-1,-1
201301VW40255,1,9,0,2,0,1,0,0,0,0,3,1,2,1,-1,-1,-1,-1,-1,-1
201301VW40255,2,1,0,18,0,1,0,4,0,0,1,1,6,2,5,-1,-1,-1,6,1
201301VW40256,1,2,0,4,0,1,0,0,0,0,2,1,1,1,6,125,1,3,-1,-1
201301VW40256,2,9,0,4,0,1,0,0,0,0,1,1,1,2,-1,1796,1,14,-1,-1
201301VW40257,1,9,0,5,0,0,0,0,0,0,1,1,6,2,-1,1910,2,6,-1,-1
201301VW40258,1,9,0,18,0,0,0,4,7,10,1,1,2,1,9,1360,1,12,3,1
201301VW40260,1,3,0,18,0,8,0,0,0,0,4,1,6,1,6,102,1,9,5,1
201301VW40260,2,9,0,9,0,5,0,0,0,0,3,1,6,1,-1,-1,-1,-1,-1,-1
201301VW40261,1,9,0,17,0,1,0,0,0,0,1,1,6,3,-1,-1,-1,-1,-1,-1
201301VW40262,1,9,0,9,0,0,0,0,0,0,3,1,1,1,6,1242,1,12,5,1
201301VW40262,2,4,0,13,0,0,0,0,7,9,4,1,1,1,4,125,1,5,4,1
201301VW40263,1,1,0,18,0,1,0,0,0,0,3,1,6,1,9,-1,-1,-1,10,1
201301VW40263,2,19,0,13,0,1,0,0,0,0,4,1,6,3,-1,-1,-1,-1,-1,-1
201301VW40264,1,9,0,9,0,8,0,0,0,0,3,1,6,1,6,1896,2,6,4,1
201301VW40264,2,9,0,18,0,8,0,0,0,0,1,1,6,2,6,1968,2,5,5,1
201301VW40265,1,9,0,3,0,0,0,0,0,0,0,1,1,2,-1,-1,-1,-1,-1,-1
201301VW40266,1,9,0,9,0,8,0,0,0,0,3,1,6,1,9,2149,2,6,8,1
201301VW40266,2,1,0,18,0,8,0,0,0,0,1,1,6,1,5,-1,-1,-1,8,1
201301VW40267,1,9,0,18,0,0,0,0,0,0,4,1,6,2,4,1248,2,1,5,1
201301VW40268,1,9,0,13,0,0,0,0,0,0,4,1,6,2,-1,1598,1,8,-1,-1
201301VW40268,2,1,0,18,0,0,0,0,0,0,3,1,4,1,3,-1,-1,-1,2,1
201301VW40271,1,1,0,18,0,0,0,0,0,0,3,1,6,1,3,-1,-1,-1,8,1
201301VW40271,2,5,0,18,0,0,0,0,0,0,1,1,6,1,9,885,1,11,6,1
201301VW40272,1,11,0,18,0,2,0,0,0,0,1,1,1,1,9,4500,2,4,1,1
201301VW40272,2,9,0,4,0,2,0,0,0,0,2,1,6,1,8,1794,1,9,10,1
201301VW40273,1,1,0,18,0,1,0,0,0,0,1,1,6,2,6,-1,-1,-1,5,1
201301VW40273,2,9,0,9,0,1,0,0,0,0,4,1,6,1,-1,1199,1,9,-1,-1
201301VW40274,1,9,0,9,0,1,0,0,0,0,4,1,6,1,6,1587,1,6,-1,-1
201301VW40274,2,5,0,18,0,1,0,0,0,0,1,1,6,1,8,1585,1,1,8,2
201301VW40275,1,1,0,18,0,1,0,0,0,0,3,1,2,1,7,-1,-1,-1,9,1
201301VW40275,2,11,0,15,0,1,0,0,0,0,4,1,1,3,-1,-1,-1,-1,-1,-1
201301VW40276,1,1,0,18,0,1,0,0,0,0,0,1,6,1,6,-1,-1,-1,4,1
201301VW40276,2,9,0,9,0,1,0,0,0,0,0,1,6,2,-1,-1,-1,-1,-1,-1
201301VW40277,1,9,0,5,0,8,0,0,0,0,1,1,6,2,8,1598,2,2,-1,-1
201301VW40277,2,1,0,18,0,8,0,0,0,0,3,1,1,1,6,-1,-1,-1,9,1
201301VW40278,1,9,0,4,0,1,0,0,0,0,1,1,1,1,7,1590,1,9,7,1
201301VW40278,2,9,0,4,0,1,0,0,0,0,2,1,1,1,6,1598,1,5,7,1
201301VW40279,1,9,0,9,0,1,0,0,0,0,3,1,6,1,5,1275,1,13,8,1
201301VW40279,2,1,0,13,0,1,0,0,0,0,4,1,6,1,7,-1,-1,-1,8,1
201301VW40280,1,4,0,18,0,1,0,0,0,0,3,1,2,1,6,738,1,9,-1,-1
201301VW40280,2,9,0,7,0,1,0,0,0,0,4,1,6,2,6,1587,1,10,4,1
201301VW40282,1,9,0,18,0,1,0,0,0,0,1,1,6,2,8,1240,1,7,2,1
201301VW40283,1,3,0,18,0,1,1,0,0,0,0,1,2,1,8,125,1,-1,5,1
201301VW40283,2,9,0,9,0,1,0,0,0,0,0,1,6,3,-1,-1,-1,-1,-1,-1
201301VW40284,1,9,0,9,0,1,0,0,0,0,1,1,2,1,5,1598,1,10,5,1
201301VW40284,2,3,0,18,0,1,0,0,0,0,1,1,6,1,6,124,1,3,6,1
201301VW40285,1,9,0,11,0,8,0,0,0,0,4,1,6,3,-1,-1,-1,-1,-1,-1
201301VW40285,2,3,0,18,0,8,0,0,0,0,3,1,6,1,4,124,1,3,4,1
201301VW40286,1,9,0,18,0,0,0,0,1,10,4,1,6,1,6,-1,-1,-1,7,1
201301VW40286,2,9,0,18,0,0,0,0,0,0,0,1,6,3,-1,-1,-1,-1,-1,-1
201301VW40287,1,9,0,9,0,1,0,0,0,0,3,1,6,1,-1,6000,1,8,-1,-1
201301VW40287,2,1,0,13,0,1,0,0,0,0,4,1,2,1,8,-1,-1,-1,6,1
201301VW40288,1,11,0,18,0,4,0,10,0,0,0,1,1,1,8,-1,-1,-1,8,1
201301VW40289,1,9,0,18,0,2,1,0,0,0,3,1,6,1,9,1590,1,8,6,1
201301VW40289,2,19,0,18,0,1,1,0,1,1,3,1,1,1,7,2998,2,2,-1,-1
201301VW40290,1,9,0,10,0,1,0,0,0,0,2,1,6,2,10,1400,1,13,9,1
201301VW40290,2,9,0,18,0,1,0,0,0,0,1,1,6,3,-1,-1,-1,-1,-1,-1
201301VW40291,1,11,0,18,0,0,0,0,0,0,0,1,1,2,8,-1,-1,-1,4,1
201301VW40292,1,19,0,18,0,1,0,0,0,0,3,1,6,1,8,1248,2,6,10,1
201301VW40293,1,9,0,3,0,0,0,0,0,0,2,1,6,1,6,1975,1,12,4,1
201301VW40293,2,9,0,3,0,0,0,0,0,0,2,1,6,1,7,1497,8,8,4,1
201301VW40293,3,9,0,18,0,0,0,0,0,0,1,1,6,3,-1,-1,-1,-1,-1,-1
201301VW40294,1,9,0,18,0,2,0,4,0,0,4,1,6,1,6,998,1,11,5,1
201301VW40294,2,9,0,2,0,2,0,0,0,0,3,1,6,3,-1,1968,2,5,-1,-1
201301VW40295,1,9,0,2,4,0,0,0,0,0,2,1,6,1,7,1997,2,6,5,1
201301VW40295,2,1,0,18,4,0,0,0,0,0,1,1,6,1,6,-1,-1,-1,4,1
201301VW40296,1,9,0,7,0,1,0,0,0,0,4,1,1,2,6,1364,1,6,6,1
201301VW40296,2,1,0,18,0,1,0,0,0,0,3,1,6,2,3,-1,-1,-1,6,1
201301VW40297,1,9,0,9,0,8,0,0,0,0,1,1,6,2,6,1242,1,14,5,1
201301VW40297,2,9,0,18,0,8,0,0,0,0,1,1,2,2,8,998,1,7,4,1
201301VW40298,1,11,0,18,0,0,0,0,0,0,1,1,1,1,9,4500,2,4,-1,-1
201301VW40299,1,9,0,18,0,1,0,0,0,0,1,1,2,2,6,998,1,6,5,1
201301VW40299,2,19,0,3,0,1,0,0,0,0,2,1,6,1,7,-1,-1,-1,8,1
201301VW40300,1,9,0,2,0,8,0,0,0,0,3,1,6,2,10,-1,-1,-1,-1,-1
201301VW40300,2,1,0,14,0,8,0,4,0,0,1,1,2,1,6,-1,-1,-1,-1,-1
201301VW40301,1,1,0,18,4,1,0,0,0,0,3,1,6,1,6,-1,-1,-1,4,1
201301VW40301,2,9,0,7,0,1,0,0,0,0,4,1,6,1,7,2497,1,6,6,1
201301VW40302,1,9,0,7,0,8,0,0,0,0,4,1,1,1,9,1975,1,14,6,1
201301VW40302,2,1,0,18,0,8,0,0,0,0,3,1,1,1,7,-1,-1,-1,4,1
201301VW40303,1,2,0,18,0,8,0,0,0,0,4,1,6,1,6,49,1,1,2,1
201301VW40304,1,8,0,18,0,0,0,0,0,0,3,1,1,1,8,1997,2,5,4,1
201301VW40304,2,2,0,13,0,0,1,0,0,0,4,1,6,1,4,-1,-1,-1,1,1
201301VW40305,1,9,0,18,0,0,0,0,0,0,2,1,6,1,6,3498,1,4,10,1
201301VW40305,2,19,0,18,0,0,0,0,0,0,1,1,6,1,-1,2198,2,-1,-1,-1
201301VW40307,1,9,0,2,0,0,0,0,0,0,3,1,6,1,7,4196,1,10,6,1
201301VW40307,2,1,0,14,0,0,0,8,0,0,1,1,6,2,-1,-1,-1,-1,9,1
201301VW40307,3,11,0,14,0,0,0,1,0,0,1,1,1,3,-1,-1,-1,-1,-1,-1
201301VW40310,1,9,0,18,0,1,0,0,0,0,1,1,6,1,9,1796,1,5,8,1
201301VW40310,2,9,0,5,0,1,0,0,0,0,2,1,6,1,5,1598,2,1,1,1
201301VW40310,3,9,0,3,0,1,0,0,0,0,2,1,6,1,7,1910,2,8,6,1
201301VW40311,1,9,0,3,0,1,0,0,0,0,2,1,6,1,8,1229,1,4,6,1
201301VW40311,2,9,0,18,0,1,0,0,0,0,1,1,6,1,-1,2990,1,20,10,1
201301VW40313,1,9,0,11,0,0,0,0,0,0,4,1,6,2,6,1390,1,12,10,1
201301VW40313,2,3,0,15,0,0,0,4,0,0,3,1,6,1,4,124,1,11,2,1
201301VW40313,3,9,0,2,0,0,0,0,0,0,2,1,6,1,6,1998,2,9,-1,-1
201301VW40314,1,9,0,9,0,1,0,0,0,0,4,1,2,1,6,1699,1,8,3,1
201301VW40314,2,1,0,9,0,1,0,0,0,0,1,1,6,2,9,-1,-1,-1,4,1
201301VW40315,1,11,0,18,0,4,0,0,0,0,0,1,1,1,8,7300,2,7,4,1
201301VW40315,2,19,0,18,0,8,0,0,0,0,0,1,6,3,-1,-1,-1,-1,-1,-1
201301VW40317,1,5,0,14,0,2,0,0,0,0,4,1,1,1,7,599,1,3,1,1
201301VW40318,1,9,0,2,0,8,0,0,0,0,3,1,2,1,8,1086,1,8,9,1
201301VW40318,2,1,0,14,0,8,0,4,0,0,1,1,2,1,10,-1,-1,-1,6,1
201301VW40319,1,9,0,4,0,1,0,0,0,0,2,1,6,1,8,1997,2,3,3,1
201301VW40319,2,9,0,4,0,1,0,0,0,0,1,1,6,1,8,2499,1,3,3,1
201301VW40320,1,9,0,18,0,8,0,0,0,0,4,1,6,1,8,999,1,1,4,1
201301VW40321,1,1,0,7,0,8,0,0,0,0,1,1,1,1,6,-1,-1,-1,7,1
201301VW40321,2,9,0,18,0,8,0,0,0,0,3,1,6,1,11,1598,1,16,9,1
201301VW40322,1,9,0,7,2,6,0,0,0,0,1,1,6,2,4,1149,1,6,4,1
201301VW40322,2,9,0,18,2,8,0,0,0,0,3,1,6,1,8,1598,1,13,5,1
201301VW40322,3,9,0,3,0,2,0,0,0,0,4,1,6,1,7,-1,-1,-1,5,1
201301VW40323,1,9,0,18,0,0,0,0,0,0,4,1,1,2,5,1242,1,-1,9,1
201301VW40323,2,19,0,15,0,0,0,0,0,0,3,1,6,3,-1,-1,-1,-1,-1,-1
201301VW40324,1,3,0,18,0,0,0,0,0,0,1,1,1,1,5,125,1,2,1,1
201301VW40324,2,9,0,6,0,0,0,0,0,0,3,1,1,1,10,1968,2,5,7,1
201301VW40326,1,19,0,9,0,2,0,0,0,0,1,1,6,1,-1,1686,2,10,-1,-1
201301VW40327,1,9,0,18,0,8,0,0,1,0,1,1,6,2,4,1124,1,9,8,1
201301VW40327,2,1,0,5,0,8,0,0,0,0,3,1,4,1,3,-1,-1,-1,-1,-1
201301VW40328,1,2,0,7,0,8,0,0,0,0,2,1,6,1,5,125,1,1,9,1
201301VW40328,2,9,0,18,0,7,0,0,0,0,1,1,6,1,6,-1,-1,-1,7,1
201301VW40329,1,9,0,9,0,8,0,0,0,0,4,1,6,2,7,1560,2,3,6,1
201301VW40331,1,9,0,5,0,1,0,0,0,0,1,1,3,2,7,1598,1,1,7,1
201301VW40332,1,8,0,16,0,8,0,0,0,0,4,1,1,1,7,1997,2,2,3,1
201301VW40332,2,1,0,16,0,8,0,0,0,0,1,1,6,1,10,-1,-1,-1,10,1
201301VW40333,1,9,0,18,0,8,0,0,0,0,2,1,6,1,6,1339,1,10,9,1
201301VW40333,2,3,0,3,0,8,0,0,1,0,1,1,1,1,5,108,1,4,3,1
201301VW40334,1,9,0,9,0,8,0,0,0,0,1,1,2,2,5,1229,1,6,3,1
201301VW40334,2,1,0,18,0,8,0,0,0,0,3,1,6,1,9,-1,-1,-1,4,1
201301VW40335,1,9,0,18,0,2,0,0,0,0,4,1,6,1,-1,-1,-1,-1,-1,-1
201301VW40336,1,3,0,18,0,1,0,4,0,0,2,1,6,1,6,108,1,-1,6,1
201301VW40336,2,9,0,18,0,1,0,0,0,0,1,1,6,3,-1,1149,1,11,-1,-1
201301VW40336,3,9,0,2,0,1,0,0,0,0,2,1,6,2,5,-1,-1,-1,6,1
201301VW40337,1,9,0,18,0,8,0,0,0,0,3,1,6,1,7,2148,2,5,9,1
201301VW40337,2,3,0,18,0,8,0,0,0,0,1,1,6,1,-1,85,1,12,9,1
201301VW40338,1,9,0,9,0,8,0,0,1,0,1,1,6,1,6,1689,2,12,2,1
201301VW40339,1,9,0,7,0,2,0,0,0,0,1,1,6,1,6,1360,1,7,6,1
201301VW40340,1,9,0,18,0,0,0,0,0,0,2,1,6,1,10,1591,1,2,7,1
201301VW40340,2,9,0,3,0,0,0,0,0,0,2,1,6,1,7,1461,2,10,4,1
201301VW40340,3,9,0,3,0,0,0,0,0,0,1,1,6,2,5,1242,1,2,-1,-1
201301VW40341,1,11,0,7,0,8,0,0,0,0,0,1,1,1,6,6700,2,5,2,1
201301VW40342,1,9,0,16,0,8,0,0,0,0,1,1,6,1,5,-1,-1,-1,6,1
201301VW40342,2,1,0,9,0,8,0,0,0,0,1,1,6,1,9,-1,-1,-1,5,1
201301VW40343,1,9,0,16,0,8,0,0,0,0,1,1,2,1,5,1995,1,7,10,1
201301VW40343,2,11,0,16,0,8,1,0,0,0,2,1,1,1,7,6700,2,4,3,1
201301VW40344,1,1,0,18,0,8,0,0,0,0,3,1,6,1,6,-1,-1,-1,5,1
201301VW40344,2,9,0,7,0,8,0,0,0,0,1,1,6,3,-1,1229,1,7,-1,-1
201301VW40345,1,9,0,1,0,0,0,0,0,0,2,1,2,1,7,2982,2,4,-1,-1
201301VW40345,2,9,0,1,0,0,0,0,0,0,3,1,2,1,7,1598,1,11,4,1
201301VW40346,1,9,0,4,0,0,0,0,0,0,3,1,6,1,4,1199,1,11,8,1
201301VW40346,2,9,0,18,0,0,1,0,0,0,3,1,6,2,-1,1596,1,2,10,1
201301VW40347,1,9,0,18,0,8,0,0,0,0,1,1,6,2,7,1390,1,13,9,1
201301VW40347,2,9,0,18,0,8,0,0,1,0,3,1,6,1,11,1299,1,13,8,1
201301VW40348,1,9,0,18,0,0,0,0,0,0,1,1,6,3,-1,-1,-1,-1,-1,-1
201301VW40349,1,9,0,9,0,8,0,0,0,0,1,1,6,1,11,1242,1,11,4,1
201301VW40349,2,9,0,18,0,8,0,0,1,1,1,1,6,1,-1,1242,1,10,4,1
201301VW40350,1,3,0,3,0,0,0,0,0,0,2,1,2,1,5,124,1,13,4,1
201301VW40350,2,90,0,4,0,0,0,0,0,0,1,1,6,3,-1,-1,-1,-1,-1,-1
201301VW40351,1,9,0,9,0,0,0,0,0,0,1,1,6,1,7,1600,1,8,9,1
201301VW40351,2,1,0,18,0,0,0,0,0,0,4,1,6,1,7,-1,-1,-1,3,1
201301VW40352,1,1,0,18,0,8,0,0,0,0,4,1,6,1,10,-1,-1,-1,8,1
201301VW40352,2,9,0,9,0,8,0,0,0,0,1,1,6,2,-1,3311,8,6,-1,-1
201301VW40353,1,9,0,9,0,2,0,0,0,0,1,1,6,3,-1,-1,-1,-1,-1,-1
201301VW40355,1,11,0,3,0,8,0,0,0,0,0,1,1,1,6,4500,2,4,5,1
201301VW40356,1,9,0,16,0,8,0,0,0,0,1,1,1,1,10,-1,-1,-1,8,1
201301VW40356,2,9,0,16,0,8,0,0,0,0,2,1,2,2,9,2967,1,9,8,1
201301VW40356,3,9,0,16,0,8,0,0,0,0,2,1,2,1,5,-1,-1,-1,-1,-1
201301VW40357,1,9,0,9,0,5,0,0,0,0,1,1,6,1,6,2494,1,12,3,1
201301VW40357,2,3,0,18,0,1,0,0,0,0,3,1,6,2,6,125,1,10,-1,-1
201301VW40358,1,19,0,18,0,8,0,0,1,0,4,1,1,1,7,2198,2,7,4,1
201301VW40359,1,9,0,18,0,0,2,4,0,0,4,1,6,2,5,1242,1,15,8,1
201301VW40359,2,9,0,2,0,0,0,0,0,0,3,1,6,3,-1,1799,1,6,-1,-1
201301VW40360,1,9,0,18,0,8,0,0,0,0,4,1,6,2,7,1498,1,8,3,1
201301VW40362,1,9,0,18,0,8,0,0,0,0,4,1,6,3,-1,1995,2,1,-1,-1
201301VW40363,1,3,0,18,0,8,0,0,0,0,3,1,6,1,8,-1,-1,-1,7,1
201301VW40363,2,9,0,13,0,8,0,0,0,0,4,1,6,2,7,3189,1,9,-1,-1
201301VW40364,1,3,0,18,0,8,0,0,0,0,1,1,6,1,8,124,1,7,10,1
201301VW40364,2,9,0,9,0,8,0,0,0,0,1,1,6,1,10,-1,-1,-1,7,1
201301VW40365,1,9,0,18,0,6,0,0,0,0,4,1,1,2,9,998,1,3,3,1
201301VW40365,2,19,0,18,0,8,0,0,0,0,1,1,1,1,10,2148,2,7,8,1
201301VW40366,1,9,0,18,0,8,0,0,0,0,2,1,6,1,7,2198,1,7,4,1
201301VW40366,2,9,0,9,0,8,0,0,0,0,1,1,6,1,7,1781,1,12,8,1
201301VW40367,1,9,0,9,0,0,0,0,0,0,3,1,1,2,6,-1,-1,-1,7,1
201301VW40367,2,5,0,13,0,0,0,0,1,0,1,1,6,1,7,-1,-1,-1,8,1
201301VW40368,1,9,0,2,0,0,0,0,0,0,4,1,6,1,-1,1598,1,12,8,1
201301VW40368,2,9,0,18,0,0,0,4,0,0,3,1,6,3,-1,1896,2,8,-1,-1
201301VW40368,3,9,0,2,0,0,0,0,0,0,4,1,6,3,-1,-1,-1,-1,-1,-1
201301VW40370,1,9,0,18,0,0,0,0,0,0,1,1,6,2,7,1997,1,3,3,1
201301VW40370,2,1,0,12,0,0,0,0,0,0,3,1,6,1,6,-1,-1,-1,-1,-1
201301VW40371,1,9,0,3,0,8,0,0,0,0,2,1,6,2,6,1598,1,1,9,1
201301VW40371,2,9,0,4,0,8,0,0,1,0,1,1,6,1,9,1390,1,6,4,1
201301VW40372,1,9,0,9,0,8,0,0,0,0,1,1,6,1,6,1988,1,13,5,1
201301VW40372,2,4,0,18,0,8,0,0,0,0,1,1,6,1,5,399,1,21,-1,-1
201301VW40374,1,9,0,4,0,8,0,10,0,0,4,1,6,2,6,1598,1,8,7,1
201301VW40374,2,9,0,18,0,6,0,0,0,0,1,1,6,1,-1,2143,2,-1,-1,-1
201301VW40375,1,1,0,15,0,1,1,0,0,0,1,1,2,1,8,-1,-1,-1,-1,-1
201301VW40375,2,19,0,3,0,1,0,0,0,0,4,1,2,1,-1,1399,2,8,-1,-1
201301VW40376,1,9,0,3,0,1,0,0,0,0,2,1,6,2,8,1995,1,2,5,1
201301VW40376,2,9,0,18,0,1,0,0,0,0,1,1,6,1,-1,1242,1,7,4,1
201301VW40377,1,9,0,3,0,0,0,0,0,0,2,1,6,2,7,-1,-1,-1,7,1
201301VW40377,2,9,0,3,0,0,0,0,0,0,2,1,6,1,5,3222,2,9,-1,-1
201301VW40377,3,9,0,3,0,0,0,0,0,0,2,1,6,2,7,-1,-1,-1,8,1
201301VW40377,4,9,0,18,0,0,0,0,0,0,1,1,6,2,5,1598,1,6,8,1
201301VW40378,1,11,0,3,0,0,0,0,0,0,4,1,1,3,-1,-1,-1,-1,-1,-1
201301VW40379,1,11,0,18,0,2,0,0,0,0,1,1,1,1,7,6700,2,6,-1,-1
201301VW40379,2,9,0,4,0,2,0,0,0,0,2,1,6,1,6,1598,1,9,6,1
201301VW40381,1,5,0,18,0,0,0,0,4,6,3,1,6,1,7,1198,1,1,8,1
201301VW40382,1,9,0,6,0,0,0,0,0,0,3,1,6,1,7,2996,2,15,4,1
201301VW40382,2,3,0,13,0,0,0,0,0,0,1,1,6,1,-1,125,1,2,6,1
201301VW40383,1,3,0,13,0,8,0,0,0,0,1,1,1,1,5,124,1,6,2,1
201301VW40383,2,9,0,9,0,8,0,0,0,0,3,1,1,1,8,1995,2,5,9,1
201301VW40384,1,19,0,12,0,8,1,0,0,0,1,1,1,1,5,1753,2,10,-1,-1
201301VW40384,2,1,0,12,0,8,0,0,1,0,2,1,6,2,7,-1,-1,-1,5,1
201301VW40385,1,9,0,9,0,8,0,0,0,0,4,1,6,1,4,1461,2,-1,3,1
201301VW40385,2,1,0,4,0,6,0,0,0,0,1,1,4,1,3,-1,-1,-1,8,1
201301VW40386,1,1,0,4,0,8,0,0,0,0,1,1,6,1,4,-1,-1,-1,5,1
201301VW40387,1,9,0,16,0,8,0,0,0,0,1,1,6,2,8,1598,1,13,6,1
201301VW40387,2,9,0,5,0,8,0,0,1,0,4,1,3,2,7,1498,1,5,4,1
201301VW40388,1,3,0,13,0,0,0,0,0,0,4,1,6,1,6,125,1,7,3,1
201301VW40388,2,9,0,18,0,0,0,0,0,0,3,1,6,1,8,2099,2,7,1,1
201301VW40389,1,11,0,3,0,8,0,0,1,0,3,1,1,2,8,4500,2,4,6,1
201301VW40389,2,9,0,14,0,8,0,0,0,0,1,1,6,2,5,1364,1,7,-1,-1
201301VW40389,3,9,0,18,0,8,0,0,0,0,1,1,2,1,6,1343,1,20,4,1
201301VW40390,1,9,0,9,0,8,0,0,0,0,4,1,6,1,8,1998,1,8,5,1
201301VW40390,2,3,0,17,0,8,1,0,0,0,1,1,1,1,8,125,1,3,4,1
201301VW40391,1,3,0,13,0,0,0,0,0,0,4,1,2,1,8,-1,-1,-1,8,1
201301VW40391,2,19,0,18,0,0,0,0,0,0,3,1,1,1,9,1896,2,14,-1,-1
201301VW40392,1,9,0,14,0,0,0,0,0,0,4,1,6,3,-1,-1,-1,-1,-1,-1
201301VW40393,1,9,0,18,0,1,0,0,0,0,1,1,6,1,4,1390,1,12,5,1
201301VW40393,2,3,0,1,0,6,0,4,0,0,3,1,6,1,6,124,1,4,2,1
201301VW40393,3,9,0,2,0,1,0,0,0,0,3,1,6,1,7,1598,1,12,2,1
201301VW40394,1,9,0,2,0,0,0,0,0,0,3,1,6,3,-1,1998,1,19,-1,-1