Accident_Index,Vehicle_Reference,Vehicle_Type,Towing_and_Articulation,Vehicle_Manoeuvre,Vehicle_Location-Restricted_Lane,Junction_Location,Skidding_and_Overturning,Hit_Object_in_Carriageway,Vehicle_Leaving_Carriageway,Hit_Object_off_Carriageway,1st_Point_of_Impact,Was_Vehicle_Left_Hand_Drive?,Journey_Purpose_of_Driver,Sex_of_Driver,Age_Band_of_Driver,Engine_Capacity_(CC),Propulsion_Code,Age_of_Vehicle,Driver_IMD_Decile,Driver_Home_Area_Type
201301WW50420,1,5,0,18,0,8,0,0,0,0,3,1,6,1,8,1585,1,3,-1,2
201301WW50420,2,19,0,9,0,8,0,0,0,0,1,1,6,1,5,1686,2,10,3,1
201301WW50421,1,20,0,7,0,8,0,0,0,0,4,1,1,1,8,-1,-1,-1,5,1
201301WW50421,2,1,0,18,0,8,0,0,0,0,1,1,6,2,6,-1,-1,-1,3,1
201301WW50422,1,1,0,18,0,8,0,0,0,0,1,1,6,1,8,-1,-1,-1,5,1
201301WW50422,2,9,0,7,0,8,0,0,0,0,4,1,6,2,-1,-1,-1,-1,-1,-1
201301WW50423,1,1,0,4,0,8,0,0,0,0,1,1,6,1,6,-1,-1,-1,3,1
201301WW50423,2,9,0,4,0,8,0,0,0,0,2,1,6,3,-1,-1,-1,-1,-1,-1
201301WW50424,1,21,0,3,0,8,0,0,0,0,2,1,6,1,7,-1,2,5,4,1
201301WW50424,2,9,0,3,0,1,0,0,0,0,2,1,6,2,9,-1,-1,-1,4,1
201301WW50424,3,9,0,18,0,1,0,0,0,0,1,1,6,1,9,2149,2,6,5,1
201301WW50425,1,5,0,18,0,8,0,0,0,0,1,1,6,2,7,749,1,4,10,1
201301WW50425,2,9,0,9,0,8,0,0,0,0,1,1,6,2,6,1598,1,6,3,1
201301WW50426,1,9,0,4,0,1,0,0,0,0,1,1,6,1,-1,1968,2,4,6,1
201301WW50426,2,9,0,18,0,1,0,0,0,0,2,1,6,1,7,1896,2,9,2,1
201301WW50427,1,9,0,10,0,8,0,0,0,0,1,1,6,2,6,1198,1,11,9,1
201301WW50427,2,9,0,18,0,8,0,0,0,0,1,1,6,2,9,1422,2,4,5,1
201301WW50429,1,9,0,8,0,8,0,0,0,0,4,1,1,1,8,-1,-1,-1,-1,-1
201301WW50429,2,9,0,1,0,8,0,0,0,0,3,1,6,1,6,1598,1,6,-1,-1
201301WW50430,1,9,0,18,0,8,0,0,0,0,1,1,6,1,6,1997,2,6,-1,-1
201301WW50430,2,1,0,18,0,8,0,0,0,0,1,1,6,1,7,-1,-1,-1,8,1
201301WW50431,1,1,0,18,4,8,0,0,0,0,3,1,1,1,7,-1,-1,-1,6,1
201301WW50431,2,8,0,7,0,5,0,0,0,0,4,1,1,1,8,-1,-1,-1,5,1
201301WW50432,1,5,0,18,0,1,1,0,0,0,2,1,1,1,7,998,1,2,7,1
201301WW50432,2,9,0,18,0,1,0,0,0,0,1,1,6,3,-1,-1,-1,-1,-1,-1
201301WW50433,1,1,0,18,0,0,0,0,0,0,1,1,6,1,6,-1,-1,-1,4,1
201301WW50433,2,9,0,6,0,0,0,0,0,0,3,1,6,2,7,2926,2,10,6,1
201301WW50434,1,3,0,18,2,8,1,0,0,0,1,1,2,1,5,124,1,4,6,1
201301WW50434,2,19,0,7,0,5,0,0,0,0,4,1,1,1,-1,-1,-1,-1,-1,-1
201301WW50435,1,1,0,18,0,8,0,0,0,0,1,1,6,1,8,-1,-1,-1,9,1
201301WW50435,2,9,0,9,0,8,0,0,0,0,3,1,6,2,-1,1497,8,6,4,1
201301WW50436,1,9,0,9,0,8,0,0,0,0,4,1,6,2,5,1598,1,5,6,1
201301WW50436,2,1,0,18,0,8,0,0,0,0,4,1,6,2,7,-1,-1,-1,9,1
201301WW50437,1,9,0,18,0,8,0,0,0,0,4,1,6,1,-1,-1,-1,-1,-1,-1
201301WW50438,1,3,0,3,0,1,0,0,0,0,3,1,1,1,6,125,1,6,3,1
201301WW50438,2,9,0,5,0,1,0,0,0,0,4,1,6,1,-1,1968,2,7,-1,-1
201301WW50439,1,1,0,18,4,8,0,0,0,0,1,1,2,1,5,-1,-1,-1,7,1
201301WW50439,2,9,0,7,0,5,0,0,0,0,4,1,6,1,-1,-1,-1,-1,5,1
201301WW50440,1,9,0,6,0,0,0,0,0,0,3,1,6,1,7,1984,1,11,2,1
201301WW50440,2,5,0,18,0,0,0,0,0,0,1,1,6,1,7,999,1,3,-1,-1
201301WW50441,1,9,0,3,0,8,0,0,0,0,2,1,6,1,6,1596,1,7,2,1
201301WW50441,2,9,0,4,0,8,0,0,0,0,1,1,6,1,5,998,1,6,8,3
201301WW50442,1,9,0,18,0,8,0,0,0,0,1,1,6,1,9,1598,1,9,3,1
201301WW50442,2,3,0,18,0,8,0,0,0,0,1,1,6,1,5,125,1,8,5,1
201301WW50443,1,11,0,4,0,1,0,0,0,0,0,1,6,1,7,6700,2,4,2,1
201301WW50444,1,19,0,7,0,8,0,0,0,0,4,1,6,1,7,1995,2,3,3,1
201301WW50444,2,1,0,18,0,8,0,0,0,0,1,1,6,1,6,-1,-1,-1,6,1
201301WW50445,1,19,0,7,0,8,0,0,0,0,4,1,6,1,6,2402,2,6,5,3
201301WW50445,2,1,0,18,0,8,0,0,0,0,1,1,6,1,6,-1,-1,-1,-1,-1
201301WW50446,1,9,0,9,0,8,0,0,0,0,3,1,6,1,8,1973,1,15,5,1
201301WW50446,2,9,0,18,0,8,0,0,0,0,1,1,6,1,10,1686,2,-1,5,1
201301WW50447,1,9,0,18,0,8,0,0,0,0,3,1,6,1,8,1598,1,9,8,1
201301WW50447,2,8,0,18,0,8,0,0,0,0,1,1,1,1,8,1968,2,2,3,1
201301WW50448,1,9,0,9,0,8,0,0,0,0,1,1,6,2,7,1997,2,1,7,1
201301WW50448,2,5,0,18,0,8,0,0,0,0,1,1,6,1,6,998,1,5,9,1
201301WW50449,1,19,0,1,0,0,0,0,0,0,2,1,1,1,6,1995,2,5,2,1
201301WW50450,1,9,0,18,0,8,0,0,0,0,4,1,2,2,6,1390,1,6,7,1
201301WW50450,2,1,0,5,0,8,0,0,0,0,1,1,2,2,6,-1,-1,-1,10,1
201301WW50451,1,9,0,18,0,0,0,0,4,6,4,1,6,2,9,1560,2,4,5,1
201301WW50451,2,9,0,12,0,0,0,0,0,0,3,1,6,1,8,3590,1,27,7,1
201301WW50452,1,11,0,4,0,8,0,0,0,0,0,1,1,1,-1,-1,-1,-1,-1,-1
201301WW50453,1,9,0,7,0,8,0,0,0,0,0,1,6,1,6,1896,2,10,5,1
201301WW50453,2,3,0,4,0,8,0,0,0,0,4,1,6,1,4,-1,-1,-1,6,1
201301WW50454,1,9,0,9,0,2,0,0,0,0,1,1,1,1,8,1796,1,6,6,1
201301WW50454,2,1,0,15,2,8,0,0,0,0,3,1,6,1,6,-1,-1,-1,3,1
201301WW50455,1,9,0,18,0,8,0,0,0,0,1,1,6,1,5,1798,1,1,-1,-1
201301WW50455,2,1,0,18,0,8,0,0,0,0,1,1,6,1,7,-1,-1,-1,7,1
201301WW50456,1,9,0,17,0,8,0,0,0,0,1,1,6,1,4,1199,1,9,3,1
201301WW50456,2,1,0,17,0,8,0,0,0,0,1,1,6,2,5,-1,-1,-1,6,1
201301WW50457,1,9,0,9,0,8,0,0,0,0,1,1,6,1,5,1596,1,8,10,1
201301WW50459,1,1,0,18,0,1,0,0,0,0,3,1,6,1,6,-1,-1,-1,8,1
201301WW50459,2,4,0,18,0,1,0,0,0,0,4,1,6,1,8,-1,-1,-1,8,1
201301WW50460,1,9,0,7,0,8,0,0,0,0,1,1,6,1,8,2295,1,12,8,3
201301WW50460,2,1,0,18,0,8,0,0,0,0,1,1,6,1,10,-1,-1,-1,6,1
201301WW50461,1,19,0,9,0,8,0,0,0,0,1,1,1,1,8,1995,2,1,5,1
201301WW50461,2,1,0,18,0,8,0,0,0,0,1,1,6,1,6,-1,-1,-1,5,1
201301WW50462,1,9,0,9,0,8,0,0,0,0,3,1,6,1,8,1493,1,17,4,1
201301WW50462,2,5,0,13,0,8,0,0,0,0,1,1,6,1,6,636,1,10,4,1
201301WW50463,1,9,0,16,0,0,0,4,0,0,1,1,6,2,6,998,1,15,7,1
201301WW50463,2,9,0,2,0,0,0,0,0,0,1,1,6,1,7,1990,1,12,4,1
201301WW50464,1,1,0,18,0,0,0,0,0,0,1,1,2,1,7,-1,-1,-1,5,1
201301WW50464,2,9,0,2,0,0,0,0,0,0,2,1,2,1,9,1149,1,14,8,1
201301WW50465,1,2,0,18,0,8,0,0,0,0,1,1,6,1,7,49,1,7,1,1
201301WW50465,2,9,0,9,0,8,0,0,0,0,3,1,6,1,-1,2148,2,9,4,1
201301WW50466,1,9,0,11,0,0,0,0,0,0,2,1,6,1,-1,1796,1,6,-1,-1
201301WW50466,2,1,0,18,0,0,0,0,0,0,1,1,6,2,6,-1,-1,-1,2,1
201301WW50467,1,9,0,18,0,2,0,0,0,0,4,1,6,1,-1,-1,-1,-1,-1,-1
201301WW50468,1,1,0,17,0,0,0,0,0,0,3,1,2,1,8,-1,-1,-1,6,1
201301WW50468,2,21,0,12,0,0,0,0,0,0,0,1,1,1,-1,4500,2,6,-1,-1
201301WW50469,1,9,0,18,0,1,0,0,0,0,2,1,6,1,9,1997,2,1,6,1
201301WW50469,2,9,0,18,0,1,0,0,0,0,1,1,6,2,-1,2987,2,6,8,1
201301WW50470,1,1,0,18,0,1,0,0,0,0,1,1,6,1,5,-1,-1,-1,3,1
201301WW50470,2,9,0,18,0,1,0,0,0,0,2,1,6,3,-1,-1,-1,-1,-1,-1
201301WW50471,1,11,0,3,0,0,0,0,0,0,0,1,1,3,-1,-1,-1,-1,-1,-1
201301WW50472,1,9,0,18,0,8,0,10,1,10,1,1,6,1,6,1598,2,2,5,1
201301WW50474,1,9,0,17,8,8,0,0,0,0,4,1,6,3,-1,-1,-1,-1,-1,-1
201301WW50474,2,1,0,17,0,8,0,0,0,0,1,1,6,1,6,-1,-1,-1,5,1
201301WW50475,1,9,0,18,0,8,0,0,0,0,0,1,6,2,-1,1360,1,12,-1,-1
201301WW50476,1,9,0,18,0,8,0,0,0,0,1,1,6,2,11,1199,1,9,3,1
201301WW50476,2,9,0,18,0,8,0,0,0,0,4,1,6,1,10,1360,1,10,5,1
201301WW50476,3,9,0,10,0,8,0,0,0,0,3,1,6,2,7,1598,1,12,-1,-1
201301WW50477,1,1,0,18,0,1,0,0,0,0,1,1,6,2,6,-1,-1,-1,10,1
201301WW50477,2,21,0,18,0,1,0,0,0,0,4,1,1,1,7,-1,-1,-1,2,1
201301WW50478,1,9,0,1,0,0,0,0,0,0,4,1,6,2,9,-1,-1,-1,3,1
201301WW50479,1,9,0,3,0,8,0,0,0,0,2,1,6,2,6,1997,1,3,3,1
201301WW50479,2,19,0,18,0,8,0,0,0,0,1,1,1,1,6,2461,2,4,5,1
201301WW50480,1,5,0,18,0,8,0,0,0,0,1,1,6,1,8,800,1,-1,9,3
201301WW50480,2,9,0,9,0,8,0,0,0,0,4,1,6,1,6,1598,1,5,6,1
201301WW50481,1,1,0,18,4,8,0,0,0,0,1,1,6,1,6,-1,-1,-1,3,1
201301WW50481,2,9,0,9,0,8,0,0,0,0,4,1,6,1,6,1560,2,3,7,2
201301WW50482,1,9,0,3,0,8,0,0,0,0,2,1,6,1,8,2792,1,16,4,1
201301WW50482,2,19,0,7,0,8,0,0,0,0,1,1,1,1,6,-1,-1,-1,8,1
201301WW50483,1,9,0,18,0,0,0,10,1,10,1,1,1,1,6,998,1,1,1,1
201301WW50484,1,9,0,9,0,8,0,0,0,0,3,1,6,2,11,2922,1,16,8,1
201301WW50484,2,1,0,18,0,8,0,0,0,0,1,1,6,1,4,-1,-1,-1,6,1
201301WW50485,1,9,0,9,0,8,0,0,0,0,0,1,6,2,7,1689,2,12,7,1
201301WW50486,1,9,0,18,0,8,0,0,0,0,1,1,1,1,7,1896,2,9,10,1
201301WW50486,2,1,0,18,0,8,0,0,0,0,1,1,6,1,5,-1,-1,-1,5,1
201301WW50487,1,19,0,1,0,2,0,0,0,0,2,1,1,1,8,2198,2,5,5,1
201301WW50487,2,9,0,18,0,2,0,0,0,0,1,1,6,1,6,1397,1,12,5,1
201301WW50488,1,9,0,7,0,8,0,0,0,0,0,1,6,3,-1,-1,-1,-1,-1,-1
201301WW50489,1,3,0,18,0,2,0,0,0,0,1,1,6,1,5,125,1,2,5,1
201301WW50490,1,9,0,14,0,8,0,4,0,0,3,1,6,1,6,1598,1,9,2,1
201301WW50490,2,11,0,2,0,1,0,0,0,0,3,1,1,1,6,7300,2,8,3,1
201301WW50490,3,11,0,2,0,1,0,0,0,0,3,1,1,1,8,-1,-1,-1,1,1
201301WW50490,4,9,0,7,0,8,0,0,0,0,1,1,6,3,-1,-1,-1,-1,-1,-1
201301WW50491,1,1,0,18,0,0,0,0,0,0,1,1,6,1,6,-1,-1,-1,9,1
201301WW50492,1,8,0,9,0,8,0,0,0,0,1,1,6,1,6,1497,8,5,2,1
201301WW50492,2,3,0,17,0,8,0,0,0,0,0,1,6,1,6,124,1,6,5,1
201301WW50493,1,1,0,9,0,8,0,0,0,0,3,1,2,2,6,-1,-1,-1,6,1
201301WW50493,2,9,0,18,0,8,0,0,0,0,1,1,6,1,-1,-1,-1,-1,-1,-1
201301WW50494,1,3,0,18,0,8,1,7,0,0,1,1,6,1,4,124,1,4,4,1
201301WW50495,1,9,0,7,0,8,0,0,0,0,3,1,1,2,7,1596,1,2,-1,-1
201301WW50495,2,1,0,18,0,8,0,0,0,0,1,1,6,2,6,-1,-1,-1,3,1
201301WW50497,1,1,0,18,0,8,0,0,0,0,3,1,6,2,5,-1,-1,-1,5,1
201301WW50497,2,90,0,9,0,8,0,0,0,0,1,1,6,2,-1,-1,-1,-1,5,1
201301WW50498,1,9,0,9,0,8,0,0,0,0,4,1,2,2,5,1598,1,10,6,1
201301WW50498,2,1,0,18,0,8,0,0,0,0,1,1,6,1,6,-1,-1,-1,-1,-1
201301WW50499,1,3,0,18,0,1,0,0,0,0,4,1,6,1,5,125,1,6,4,1
201301WW50500,1,9,0,5,0,0,0,0,0,0,1,1,1,1,8,-1,-1,-1,-1,-1
201301WW50500,2,2,0,3,0,0,0,0,0,0,2,1,6,1,6,101,1,13,2,1
201301WW50501,1,11,0,4,0,1,0,0,0,0,0,1,1,1,7,7300,2,8,-1,-1
201301WW50503,1,19,0,18,0,0,0,0,0,0,3,1,6,1,6,1686,2,11,4,1
201301WW50503,2,9,0,18,0,0,0,10,1,10,3,1,6,1,5,1968,2,5,1,1
201301WW50504,1,9,0,18,0,0,0,0,0,0,4,1,6,1,5,1560,2,1,6,1
201301WW50504,2,9,0,2,0,0,0,0,0,0,3,1,6,2,6,1868,2,13,3,1
201301WW50504,3,9,0,2,0,0,0,0,0,0,2,1,6,1,-1,1396,1,11,3,1
201301WW50504,4,9,0,2,0,0,0,0,0,0,2,1,6,1,-1,2793,1,16,3,1
201301WW50506,1,11,0,7,0,8,0,0,0,0,4,1,1,1,8,7300,2,10,2,1
201301WW50506,2,1,0,18,0,8,0,0,0,0,1,1,6,1,7,-1,-1,-1,2,1
201301WW50507,1,1,0,18,0,8,0,0,0,0,1,1,6,1,6,-1,-1,-1,2,1
201301WW50507,2,9,0,7,0,8,0,0,0,0,4,1,6,3,-1,-1,-1,-1,-1,-1
201301WW50508,1,11,0,9,0,2,0,0,0,0,1,1,1,1,5,6700,2,6,5,1
201301WW50509,1,11,0,18,0,2,0,0,0,0,1,1,1,1,7,8300,2,7,2,1
201301WW50510,1,1,0,18,0,2,0,0,0,0,1,1,1,1,2,-1,-1,-1,6,1
201301WW50510,2,9,0,18,0,2,0,0,0,0,4,1,6,2,5,1242,1,9,1,1
201301WW50511,1,9,0,9,0,8,0,0,0,0,4,1,6,1,4,1998,1,5,6,1
201301WW50511,2,5,0,18,0,8,0,0,0,0,1,1,6,1,6,645,1,7,3,1
201301WW50512,1,9,0,18,0,1,0,0,0,0,1,1,1,1,8,-1,-1,-1,8,1
201301WW50512,2,5,0,3,0,1,0,0,0,0,2,1,1,1,7,599,1,3,10,1
201301WW50512,3,9,0,3,0,1,0,0,0,0,4,1,1,1,8,-1,-1,-1,8,1
201301WW50513,1,9,0,18,0,0,0,0,0,0,1,1,3,2,7,1596,1,8,3,1
201301WW50514,1,9,0,12,0,1,0,0,0,0,3,1,6,1,6,1796,1,6,5,1
201301WW50514,2,9,0,3,0,1,0,0,0,0,1,1,6,1,6,1753,2,4,7,1
201301WW50515,1,9,0,18,0,1,0,0,0,0,3,1,2,1,7,998,1,10,10,1
201301WW50515,2,9,0,5,0,1,0,0,0,0,4,1,6,1,-1,-1,-1,-1,-1,-1
201301WW50517,1,19,0,1,0,0,0,0,0,0,2,1,1,1,5,2143,2,2,6,1
201301WW50519,1,9,0,5,0,8,0,0,0,0,1,1,6,2,6,1596,1,6,1,1
201301WW50519,2,1,0,18,0,8,0,0,0,0,4,1,6,2,8,-1,-1,-1,5,1
201301WW50520,1,9,0,3,0,0,0,0,0,0,3,1,6,1,7,1497,8,5,3,1
201301WW50520,2,19,0,18,0,0,0,0,0,0,3,1,1,1,-1,-1,-1,-1,-1,-1
201301WW50521,1,4,0,14,0,8,0,0,0,0,4,1,6,1,7,660,1,6,-1,-1
201301WW50521,2,9,0,9,0,8,0,0,0,0,3,1,6,1,5,1390,1,8,5,1
201301WW50522,1,1,0,12,0,8,0,0,0,0,3,1,6,1,7,-1,-1,-1,5,1
201301WW50522,2,9,0,7,0,8,0,0,0,0,4,1,6,1,7,-1,-1,-1,4,1
201301WW50523,1,9,0,18,0,8,0,0,0,0,1,1,6,2,7,2435,1,13,3,1
201301WW50523,2,9,0,9,0,8,0,0,0,0,4,1,6,1,5,1461,2,1,3,1
201301WW50524,1,9,0,7,0,8,0,0,0,0,3,1,2,1,7,1753,2,7,-1,-1
201301WW50524,2,9,0,18,0,8,0,0,0,0,1,1,2,2,6,1968,2,3,5,1
201301WW50525,1,5,0,18,0,1,0,0,0,0,1,1,6,1,6,499,1,18,6,1
201301WW50527,1,9,0,18,0,8,0,0,0,0,1,1,6,1,7,1998,1,13,5,1
201301WW50527,2,3,0,9,0,8,0,0,0,0,4,1,6,1,6,124,1,-1,4,1
201301WW50528,1,21,0,14,0,0,0,0,0,0,4,1,6,1,8,11967,2,-1,6,1
201301WW50529,1,9,0,18,0,2,0,0,0,0,3,1,6,1,7,1797,8,3,3,1
201301WW50529,2,3,0,18,0,1,0,0,0,0,4,1,6,1,6,108,1,4,1,1
201301WW50530,1,9,0,18,0,1,0,0,0,0,4,1,6,1,8,2979,1,10,4,1
201301WW50530,2,19,0,9,0,1,0,0,0,0,1,1,2,1,7,-1,-1,-1,1,1
201301WW50531,1,1,0,9,0,8,0,0,0,0,3,1,1,1,6,-1,-1,-1,8,1
201301WW50531,2,19,0,18,0,8,0,0,0,0,1,1,6,1,8,2460,2,6,10,1
201301WW50532,1,1,0,18,0,8,0,0,0,0,1,1,6,2,6,-1,-1,-1,3,1
201301WW50532,2,3,0,7,0,8,0,0,0,0,4,1,6,3,-1,124,1,2,-1,-1
201301WW50533,1,9,0,18,0,8,0,0,0,0,2,1,6,1,7,1329,1,1,5,1
201301WW50533,2,9,0,18,0,8,0,0,0,0,1,1,6,1,11,1339,1,4,5,1
201301WW50533,3,9,0,18,0,8,0,0,0,0,1,1,6,1,6,2698,2,5,2,1
201301WW50534,1,5,0,18,0,8,0,0,0,0,1,1,6,1,8,599,1,11,10,1
201301WW50534,2,9,0,9,0,8,0,0,0,0,4,1,6,1,7,1910,2,5,4,1
201301WW50535,1,3,0,3,0,0,0,0,0,0,2,1,6,1,8,125,1,-1,7,1
201301WW50535,2,9,0,18,0,0,0,0,0,0,1,1,6,2,-1,1796,1,4,-1,-1
201301WW50536,1,4,0,13,0,8,0,0,0,0,1,1,6,1,9,250,1,18,3,1
201301WW50536,2,19,0,1,0,8,0,0,0,0,3,1,1,1,6,-1,-1,-1,-1,-1
201301WW50537,1,1,0,18,4,8,0,0,0,0,3,1,6,1,5,-1,-1,-1,2,1
201301WW50537,2,9,0,9,0,8,0,0,0,0,1,1,2,1,-1,4969,8,4,-1,-1
201301WW50538,1,9,0,9,0,8,0,0,0,0,4,1,2,1,7,1388,1,14,3,1
201301WW50538,2,1,0,18,0,8,0,0,0,0,1,1,2,1,7,-1,-1,-1,10,1
201301WW50539,1,9,0,9,0,8,0,0,0,0,4,1,6,1,6,-1,-1,-1,10,1
201301WW50539,2,3,0,18,0,8,0,0,0,0,1,1,6,1,6,124,1,7,4,1
201301WW50540,1,1,0,18,0,1,0,0,0,0,1,1,6,1,6,-1,-1,-1,7,1
201301WW50540,2,9,0,2,0,8,0,0,0,0,4,1,6,2,-1,1391,1,20,-1,-1
201301WW50542,1,9,0,7,0,8,0,0,0,0,4,1,6,2,6,2188,2,9,9,1
201301WW50542,2,1,0,18,0,8,0,0,0,0,1,1,6,1,6,-1,-1,-1,8,1
201301WW50543,1,9,0,10,0,8,0,0,0,0,2,1,6,1,7,1896,2,9,3,1
201301WW50543,2,1,0,9,0,8,0,0,0,0,1,1,6,1,6,-1,-1,-1,6,1
201301WW50544,1,5,0,18,0,0,0,0,0,0,1,1,1,1,-1,-1,-1,-1,-1,-1
201301WW50544,2,8,0,4,0,0,0,0,0,0,2,1,1,1,8,1598,1,8,1,1
201301WW50544,3,5,0,18,0,0,0,0,0,0,1,1,1,1,8,1170,1,4,-1,-1
201301WW50545,1,9,0,9,0,8,0,0,0,0,4,1,6,2,11,1242,1,14,5,1
201301WW50545,2,1,0,18,4,8,0,0,0,0,1,1,6,1,7,-1,-1,-1,8,1
201301WW50546,1,8,0,3,0,8,0,0,0,0,2,1,1,1,7,-1,-1,-1,3,1
201301WW50546,2,9,0,18,0,1,0,0,0,0,2,1,6,1,7,2231,2,7,2,1
201301WW50546,3,9,0,18,0,1,0,0,0,0,1,1,6,3,-1,-1,-1,-1,-1,-1
201301WW50547,1,9,0,9,0,8,0,0,0,0,1,1,6,2,8,1360,1,11,8,1
201301WW50547,2,1,0,18,0,8,0,0,0,0,1,1,6,1,6,-1,-1,-1,3,1
201301WW50548,1,9,0,3,0,2,0,0,0,0,2,1,1,1,6,-1,-1,-1,7,1
201301WW50548,2,1,0,18,0,2,0,0,0,0,1,1,6,1,-1,-1,-1,-1,-1,-1
201301WW50549,1,9,0,18,0,8,0,0,0,0,1,1,6,3,-1,-1,-1,-1,-1,-1
201301WW50550,1,9,0,18,0,1,0,0,0,0,3,1,6,2,6,1598,2,2,10,1
201301WW50550,2,9,0,11,0,1,0,0,0,0,4,1,6,1,9,2188,2,12,7,3
201301WW50551,1,9,0,18,0,8,0,10,1,1,1,1,6,1,7,1984,1,6,4,1
201301WW50551,2,9,0,18,0,8,0,0,0,0,1,1,6,1,6,1796,1,11,3,1
201301WW50553,1,9,0,3,0,8,0,0,0,0,2,1,6,2,7,1598,1,4,2,1
201301WW50553,2,8,0,9,0,8,0,0,0,0,1,1,1,1,-1,1910,2,4,-1,-1
201301WW50555,1,9,0,9,0,8,0,0,0,0,4,1,1,1,7,1997,2,4,6,1
201301WW50555,2,1,0,18,4,8,0,0,0,0,1,1,6,1,5,-1,-1,-1,3,1
201301WW50556,1,9,0,9,0,8,0,0,0,0,1,1,6,1,6,799,2,1,7,1
201301WW50556,2,1,0,18,0,8,0,0,0,0,1,1,6,1,7,-1,-1,-1,5,1
201301WW50557,1,9,0,2,0,0,0,0,0,0,3,1,6,1,7,2993,2,1,5,1
201301WW50557,2,9,0,11,0,0,0,0,0,0,1,1,6,1,5,1796,1,7,5,1
201301WW50558,1,9,0,9,0,8,0,0,0,0,1,1,6,1,8,2148,2,6,5,1
201301WW50558,2,1,0,18,0,8,0,0,0,0,1,1,6,1,6,-1,-1,-1,2,1
201301WW50559,1,9,0,9,0,8,0,0,0,0,1,1,6,1,9,1998,2,6,8,1
201301WW50559,2,3,0,18,0,8,0,0,0,0,1,1,6,1,-1,108,1,5,7,1
201301WW50560,1,11,0,4,0,0,0,0,0,0,0,1,1,1,7,3900,2,10,3,1
201301WW50561,1,19,0,18,0,1,0,10,3,10,1,1,6,1,7,2463,2,9,3,1
201301WW50561,2,9,0,12,0,2,0,0,0,0,1,1,2,1,7,1896,2,4,6,1
201301WW50562,1,1,0,18,0,0,0,10,0,0,1,1,6,1,7,-1,-1,-1,-1,-1
201301WW50563,1,9,0,9,0,8,0,0,0,0,1,1,6,2,7,1997,2,6,-1,-1
201301WW50563,2,1,0,18,0,8,0,0,0,0,1,1,6,1,7,-1,-1,-1,8,1
201301WW50564,1,1,0,9,0,8,0,0,0,0,3,1,6,1,4,-1,-1,-1,2,1
201301WW50564,2,9,0,18,0,8,0,0,0,0,1,1,6,3,-1,-1,-1,-1,-1,-1
201301WW50565,1,9,0,18,0,0,2,4,0,0,1,1,6,2,5,1390,1,8,2,1
201301WW50565,2,9,0,2,0,0,0,0,0,0,4,1,6,3,-1,1840,1,12,-1,-1
201301WW50565,3,9,0,2,0,0,0,0,0,0,4,1,6,3,-1,2995,1,3,-1,-1
201301WW50565,4,9,0,2,0,0,0,0,0,0,3,1,6,3,-1,1995,1,9,-1,-1
201301WW50565,5,9,0,2,0,0,0,0,0,0,3,1,6,3,-1,2993,2,7,-1,-1
201301WW50566,1,19,0,1,0,1,0,0,0,0,2,1,6,1,6,2143,2,2,2,1
201301WW50566,2,3,0,3,0,1,0,0,0,0,1,1,6,2,6,125,1,2,5,1
201301WW50567,1,3,0,9,0,8,1,0,0,0,3,1,6,1,6,-1,-1,-1,4,1
201301WW50567,2,8,0,18,0,8,0,0,0,0,1,1,6,1,7,1796,1,6,6,1
201301WW50568,1,5,0,4,0,8,0,0,0,0,3,1,6,1,6,600,1,2,6,1
201301WW50568,2,9,0,9,0,8,0,0,0,0,0,1,6,1,-1,-1,-1,-1,-1,-1
201301WW50569,1,9,0,9,0,8,0,0,0,0,4,1,6,1,9,1769,1,8,1,1
201301WW50569,2,1,0,18,0,8,0,0,0,0,1,1,6,1,6,-1,-1,-1,-1,-1
201301WW50570,1,9,0,4,0,8,0,0,0,0,4,1,6,1,6,1798,1,11,6,1
201301WW50570,2,1,0,18,0,8,0,0,0,0,1,1,6,1,6,-1,-1,-1,3,1
201301WW50571,1,1,0,18,0,8,0,0,0,0,3,1,6,2,6,-1,-1,-1,9,3
201301WW50571,2,9,0,11,0,8,0,0,0,0,4,1,6,1,-1,1995,2,9,-1,-1
201301WW50572,1,1,0,17,0,8,0,0,0,0,1,1,6,1,7,-1,-1,-1,6,1
201301WW50572,2,19,0,9,0,8,0,0,0,0,4,1,6,1,9,1968,2,6,7,1
201301WW50573,1,9,0,18,0,8,0,0,0,0,1,1,6,2,6,-1,-1,-1,2,1
201301WW50573,2,4,0,18,0,8,0,0,0,0,4,1,6,1,6,-1,-1,-1,7,1
201301WW50574,1,9,0,18,0,8,0,0,0,0,1,1,6,2,10,1497,8,6,9,1
201301WW50575,1,9,0,9,0,8,0,0,0,0,1,1,6,3,-1,-1,-1,-1,-1,-1
201301WW50575,2,1,0,18,0,8,0,0,0,0,1,1,6,1,5,-1,-1,-1,4,1
201301WW50576,1,8,0,18,0,8,0,0,0,0,1,1,6,1,9,1984,2,3,9,1
201301WW50576,2,9,0,4,0,8,0,0,0,0,2,1,6,1,7,1598,1,3,2,1
201301WW50577,1,9,0,9,0,8,0,0,0,0,3,1,6,2,6,1368,1,7,4,1
201301WW50577,2,3,0,13,0,8,0,0,0,0,1,1,6,1,6,108,1,5,2,1
201301WW50578,1,1,0,9,0,8,0,0,0,0,1,1,6,1,6,-1,-1,-1,5,1
201301WW50578,2,2,0,18,0,8,0,0,0,0,1,1,6,1,6,49,1,9,3,1
201301WW50579,1,9,0,3,0,8,0,0,0,0,2,1,6,2,6,1198,1,-1,4,1
201301WW50579,2,9,0,18,0,8,0,0,0,0,1,1,6,1,-1,-1,-1,-1,-1,-1
201301WW50582,1,9,0,9,0,8,0,0,0,0,3,1,6,2,7,1124,1,8,5,1
201301WW50582,2,5,0,14,0,8,0,0,0,0,1,1,6,1,8,998,1,10,3,1
201301WW50583,1,19,0,17,0,0,0,0,0,0,1,1,1,1,7,2198,2,1,4,1
201301WW50583,2,1,0,16,0,0,0,0,0,0,1,1,6,1,6,-1,-1,-1,6,1