Accident_Index,Vehicle_Reference,Vehicle_Type,Towing_and_Articulation,Vehicle_Manoeuvre,Vehicle_Location-Restricted_Lane,Junction_Location,Skidding_and_Overturning,Hit_Object_in_Carriageway,Vehicle_Leaving_Carriageway,Hit_Object_off_Carriageway,1st_Point_of_Impact,Was_Vehicle_Left_Hand_Drive?,Journey_Purpose_of_Driver,Sex_of_Driver,Age_Band_of_Driver,Engine_Capacity_(CC),Propulsion_Code,Age_of_Vehicle,Driver_IMD_Decile,Driver_Home_Area_Type
201301WW50584,1,1,0,18,0,8,0,0,0,0,1,1,6,1,6,-1,-1,-1,3,1
201301WW50584,2,3,0,9,0,8,0,0,0,0,1,1,6,1,-1,-1,-1,-1,-1,-1
201301WW50586,1,11,0,18,0,8,0,0,0,0,3,1,6,1,7,6700,2,3,2,1
201301WW50586,2,2,0,18,0,8,0,0,0,0,1,1,6,1,4,49,1,4,3,1
201301WW50587,1,5,0,4,0,8,0,0,0,0,2,1,6,1,8,1157,1,8,5,1
201301WW50587,2,9,0,18,0,8,0,0,0,0,1,1,6,1,8,2148,2,6,1,1
201301WW50588,1,9,0,18,0,8,0,0,0,0,1,1,6,1,7,1910,2,3,9,1
201301WW50590,1,11,0,5,0,0,0,0,0,0,0,1,1,3,-1,-1,-1,-1,-1,-1
201301WW50591,1,9,0,7,0,8,0,0,0,0,1,1,6,1,-1,2993,2,6,-1,-1
201301WW50592,1,1,0,18,0,8,0,0,0,0,1,1,6,1,5,-1,-1,-1,6,1
201301WW50592,2,9,0,9,0,8,0,0,0,0,4,1,6,1,6,-1,-1,-1,6,1
201301WW50593,1,9,0,16,0,8,0,0,0,0,2,1,6,2,9,1997,1,21,3,1
201301WW50593,2,1,0,16,0,8,0,0,0,0,1,1,6,1,7,-1,-1,-1,1,1
201301WW50594,1,8,0,9,0,8,0,0,0,0,2,1,6,1,6,2499,2,1,8,1
201301WW50594,2,5,0,18,0,8,0,0,0,0,1,1,6,1,7,748,1,7,5,1
201301WW50595,1,11,0,18,0,8,0,0,0,0,0,1,6,1,8,6700,2,1,1,1
201301WW50596,1,1,0,18,0,8,0,0,0,0,1,1,6,2,5,-1,-1,-1,3,1
201301WW50596,2,9,0,7,0,8,0,0,0,0,4,1,6,3,-1,-1,-1,-1,-1,-1
201301WW50597,1,9,0,18,0,8,0,0,0,0,1,1,6,2,7,1997,1,-1,6,1
201301WW50597,2,3,0,9,0,8,0,0,0,0,2,1,6,1,6,124,1,6,2,1
201301WW50598,1,9,0,18,0,1,0,10,1,10,1,1,6,2,9,1396,1,13,6,1
201301WW50599,1,1,0,9,0,8,0,0,0,0,1,1,6,1,6,-1,-1,-1,5,1
201301WW50599,2,4,0,7,0,8,0,0,0,0,1,1,6,1,-1,1690,1,-1,-1,-1
201301WW50600,1,21,1,11,0,0,0,10,4,6,4,1,1,1,8,10518,2,6,8,2
201301WW50600,2,9,0,18,0,0,1,0,0,0,2,1,6,2,7,1870,2,11,6,1
201301WW50600,3,9,0,18,0,0,1,0,0,0,1,1,6,1,6,1560,2,-1,1,1
201301WW50602,1,9,0,18,0,2,0,0,0,0,2,1,6,1,7,1783,1,11,5,1
201301WW50602,2,9,0,18,0,2,0,0,0,0,1,1,6,2,9,1598,1,10,5,1
201301WW50603,1,9,0,9,0,8,0,0,0,0,3,1,6,1,8,2497,2,6,8,2
201301WW50603,2,1,0,13,0,8,0,0,0,0,1,1,6,1,7,-1,-1,-1,5,1
201301WW50604,1,9,0,18,0,0,0,0,0,0,1,1,6,2,7,2979,1,8,4,1
201301WW50605,1,9,0,5,0,8,0,0,0,0,1,1,6,1,5,1388,1,7,2,1
201301WW50605,2,1,0,9,0,8,0,0,0,0,4,1,6,1,7,-1,-1,-1,7,1
201301WW50606,1,11,0,4,0,8,0,0,1,0,0,1,1,1,6,7300,2,10,3,1
201301WW50608,1,3,0,18,0,1,0,0,0,0,1,1,1,1,6,109,1,1,3,1
201301WW50608,2,9,0,9,0,8,0,0,0,0,1,1,6,2,6,1390,1,10,8,1
201301WW50609,1,9,0,9,0,8,0,0,0,0,2,1,6,2,5,1200,1,11,1,1
201301WW50609,2,9,0,18,0,8,0,0,0,0,1,1,6,1,-1,3199,1,10,-1,-1
201301WW50610,1,9,0,18,0,8,0,0,0,0,4,1,6,1,9,1997,1,29,10,1
201301WW50610,2,2,0,5,0,8,0,0,0,0,1,1,6,1,5,50,1,-1,3,1
201301WW50611,1,3,0,18,0,8,0,0,0,0,3,1,1,1,8,125,1,10,2,1
201301WW50611,2,9,0,9,0,8,0,0,0,0,4,1,6,1,8,1560,2,2,5,1
201301WW50612,1,9,0,18,0,0,0,4,0,0,1,1,6,1,6,1590,1,8,2,1
201301WW50612,2,9,0,2,0,0,0,0,0,0,2,1,6,2,7,1984,1,11,5,1
201301WW50612,3,9,0,2,0,0,0,0,0,0,1,1,6,3,-1,1497,8,7,-1,-1
201301WW50612,4,9,0,2,0,0,0,0,0,0,4,1,6,3,-1,1198,1,6,-1,-1
201301WW50613,1,9,0,18,0,1,0,0,0,0,1,1,6,2,6,1242,1,2,8,1
201301WW50613,2,9,0,10,0,8,0,0,0,0,2,1,6,1,6,1781,1,16,4,1
201301WW50614,1,9,0,5,0,8,0,0,0,0,1,1,6,2,8,1206,1,3,-1,-1
201301WW50615,1,9,0,7,0,8,5,7,2,10,1,1,2,2,8,999,1,-1,6,1
201301WW50616,1,9,0,15,0,0,0,0,0,0,4,1,6,1,7,1248,2,10,4,1
201301WW50616,2,4,0,5,0,0,0,0,0,0,3,1,6,1,6,102,1,9,4,1
201301WW50617,1,8,0,18,0,8,0,0,0,0,4,1,6,1,5,1598,1,4,6,1
201301WW50617,2,3,0,18,0,8,0,0,0,0,1,1,6,1,6,125,1,3,4,1
201301WW50619,1,1,0,18,4,8,0,0,0,0,3,1,2,1,6,-1,-1,-1,3,1
201301WW50619,2,9,0,7,4,8,0,0,0,0,1,1,6,3,-1,-1,-1,-1,-1,-1
201301WW50620,1,11,0,18,0,0,0,0,0,0,1,1,1,1,7,6700,2,1,2,1
201301WW50620,2,9,0,14,0,0,0,0,0,0,2,1,6,1,6,2198,2,7,4,1
201301WW50621,1,2,0,18,0,8,0,0,0,0,1,1,6,1,-1,-1,-1,-1,-1,-1
201301WW50622,1,1,0,12,4,8,0,0,0,0,2,1,2,2,6,-1,-1,-1,5,1
201301WW50622,2,1,0,18,4,8,0,0,0,0,1,1,2,1,4,-1,-1,-1,8,1
201301WW50623,1,8,0,4,0,8,0,0,0,0,4,1,1,1,6,1896,2,5,6,1
201301WW50624,1,11,0,4,0,8,0,0,0,0,0,1,1,1,7,9000,2,4,-1,-1
201301WW50625,1,9,0,4,0,8,0,0,0,0,3,1,1,1,-1,-1,-1,-1,-1,-1
201301WW50625,2,1,0,14,0,8,0,4,0,0,1,1,6,1,6,-1,-1,-1,3,1
201301WW50626,1,9,0,7,4,8,0,0,0,0,3,1,6,1,7,1598,2,2,4,1
201301WW50626,2,1,0,18,4,8,0,0,0,0,1,1,6,1,9,-1,-1,-1,2,1
201301WW50627,1,3,0,18,0,1,0,8,0,0,1,1,6,1,7,49,1,4,3,1
201301WW50627,2,8,0,2,0,1,0,0,0,0,3,1,1,1,6,1896,2,5,3,1
201301WW50628,1,11,0,4,0,8,0,0,0,0,0,1,1,1,7,6700,2,6,4,1
201301WW50629,1,9,0,14,0,0,0,0,0,0,3,1,1,2,7,1396,1,4,-1,-1
201301WW50629,2,2,0,13,0,0,0,0,1,1,4,1,2,1,7,124,1,12,8,1
201301WW50630,1,19,0,18,0,0,0,0,0,0,1,1,1,1,8,1753,2,5,2,1
201301WW50630,2,8,0,18,0,0,0,0,1,0,1,1,6,1,-1,1796,1,7,-1,-1
201301WW50631,1,5,0,18,0,8,0,0,0,0,2,1,1,1,7,-1,-1,-1,4,1
201301WW50631,2,9,0,9,0,8,0,0,0,0,2,1,1,1,6,1995,2,7,3,1
201301WW50632,1,11,0,3,0,8,0,0,0,0,0,1,1,1,6,9200,2,10,3,1
201301WW50633,1,20,0,18,0,8,0,0,0,0,1,1,1,1,8,2298,2,2,5,1
201301WW50634,1,9,0,9,4,8,0,0,0,0,4,1,6,1,7,1596,1,4,5,1
201301WW50634,2,1,0,18,4,8,0,0,0,0,1,1,6,1,7,-1,-1,-1,5,1
201301WW50635,1,3,0,14,0,8,0,0,0,0,1,1,6,1,6,125,1,4,4,1
201301WW50635,2,9,0,9,0,8,0,0,0,0,1,1,6,1,7,1598,1,7,2,1
201301WW50636,1,8,0,18,0,8,0,0,0,0,1,1,1,1,6,993,1,13,5,1
201301WW50636,2,8,0,9,0,8,0,0,0,0,1,1,1,1,6,1797,8,4,6,1
201301WW50637,1,9,0,18,0,0,0,0,1,0,2,1,6,1,9,2597,1,13,9,1
201301WW50637,2,5,0,18,0,0,0,0,0,0,1,1,6,1,-1,279,1,1,6,1
201301WW50638,1,9,0,9,0,8,0,0,0,0,4,1,6,2,4,-1,-1,-1,4,1
201301WW50638,2,5,0,4,0,8,0,0,1,0,1,1,6,1,6,535,1,12,7,1
201301WW50639,1,9,0,5,0,8,0,0,1,1,3,1,6,1,6,1895,1,15,3,1
201301WW50639,2,1,0,18,0,8,0,0,0,0,1,1,1,2,7,-1,-1,-1,9,1
201301WW50640,1,9,0,9,0,8,0,0,1,0,1,1,6,1,4,1598,1,8,6,1
201301WW50640,2,9,0,18,0,8,0,0,7,10,1,1,6,1,7,1590,1,11,7,1
201301WW50641,1,9,0,5,0,0,0,0,0,0,3,1,6,2,5,1332,1,16,9,1
201301WW50641,2,4,0,18,0,0,0,0,0,0,1,1,1,1,7,125,1,7,4,1
201301WW50642,1,9,0,9,0,8,0,0,0,0,3,1,6,1,-1,-1,-1,-1,-1,-1
201301WW50643,1,8,0,18,0,8,0,0,0,0,3,1,1,1,6,1997,2,4,2,1
201301WW50643,2,8,0,9,0,8,0,0,0,0,1,1,1,1,6,-1,-1,-1,2,1
201301WW50645,1,9,0,9,0,8,0,0,1,0,4,1,6,2,9,3628,2,6,6,1
201301WW50645,2,1,0,18,0,8,0,0,0,0,1,1,6,1,6,-1,-1,-1,7,1
201301WW50646,1,19,0,18,0,8,0,0,1,0,4,1,6,1,5,1995,2,2,7,1
201301WW50647,1,1,0,18,0,8,0,0,0,0,1,1,4,1,4,-1,-1,-1,5,1
201301WW50647,2,9,0,18,0,8,0,0,0,0,4,1,6,3,-1,998,1,5,-1,-1
201301WW50648,1,3,0,9,0,8,1,0,0,0,3,1,2,1,6,124,1,-1,7,1
201301WW50649,1,1,0,18,4,8,0,0,0,0,4,1,6,1,6,-1,-1,-1,6,1
201301WW50649,2,9,0,5,0,8,0,0,0,0,1,1,6,1,7,1997,2,6,4,1
201301WW50650,1,9,0,9,4,8,1,0,1,0,1,1,1,2,9,1968,2,5,7,3
201301WW50650,2,3,0,18,0,8,1,0,0,0,4,1,2,1,9,1157,1,13,9,1
201301WW50651,1,9,0,9,0,8,0,0,0,0,1,1,3,2,8,1240,1,5,4,1
201301WW50651,2,1,0,18,0,8,0,0,0,0,1,1,2,1,6,-1,-1,-1,3,1
201301WW50652,1,11,0,9,0,8,0,0,0,0,4,1,1,1,5,4500,2,2,1,1
201301WW50652,2,5,0,18,0,8,0,0,0,0,1,1,6,1,8,599,1,3,4,1
201301WW50653,1,1,0,18,0,8,0,0,0,0,1,1,6,1,7,-1,-1,-1,2,1
201301WW50653,2,9,0,9,0,8,0,0,0,0,3,1,6,3,-1,-1,-1,-1,-1,-1
201301WW50654,1,9,0,9,0,5,0,0,0,0,4,1,6,2,8,1596,1,8,2,1
201301WW50654,2,5,0,15,0,1,0,0,0,0,1,1,6,1,6,599,1,13,4,1
201301WW50655,1,9,0,18,0,0,1,4,0,0,1,1,6,1,5,1124,1,10,1,1
201301WW50655,2,9,0,2,0,0,0,0,0,0,1,1,6,1,6,-1,-1,-1,3,1
201301WW50656,1,1,0,18,0,8,0,0,0,0,1,1,2,1,-1,-1,-1,-1,-1,-1
201301WW50657,1,9,0,9,0,8,0,0,0,0,0,1,6,1,9,1149,1,10,7,1
201301WW50657,2,9,0,7,0,8,0,0,0,0,3,1,6,2,5,1248,2,6,4,1
201301WW50657,3,1,0,4,0,8,1,0,0,0,0,1,2,1,7,-1,-1,-1,10,1
201301WW50658,1,9,0,7,0,8,0,0,0,0,1,1,6,1,8,3456,8,1,10,1
201301WW50658,2,1,0,18,0,8,0,0,0,0,3,1,6,1,9,-1,-1,-1,3,1
201301WW50659,1,8,0,2,0,8,0,0,0,0,3,1,1,1,6,1998,2,7,4,1
201301WW50659,2,9,0,18,0,8,0,0,0,0,4,1,6,1,-1,1598,1,12,6,1
201301WW50660,1,1,0,18,4,0,0,4,0,0,1,1,2,2,6,-1,-1,-1,2,1
201301WW50660,2,8,0,2,0,0,0,0,0,0,4,1,3,1,-1,1896,2,5,-1,-1
201301WW50661,1,9,0,3,0,1,0,0,0,0,2,1,6,1,6,1388,1,9,2,1
201301WW50661,2,8,0,18,0,1,0,0,0,0,1,1,6,1,-1,1796,7,10,-1,-1
201301WW50662,1,1,0,18,4,8,0,0,0,0,2,1,1,1,6,-1,-1,-1,3,1
201301WW50662,2,9,0,7,2,8,0,0,0,0,1,1,1,2,9,1769,1,9,9,1
201301WW50663,1,9,0,12,0,8,5,10,7,1,0,1,2,1,7,1998,1,19,6,1
201301WW50663,2,1,0,15,0,8,0,0,0,0,0,1,6,3,-1,-1,-1,-1,-1,-1
201301WW50664,1,19,0,7,0,8,0,0,0,0,4,1,1,1,8,2464,2,8,6,1
201301WW50664,2,1,0,18,0,8,0,0,0,0,1,1,6,2,6,-1,-1,-1,-1,-1
201301WW50665,1,11,0,9,0,8,0,0,0,0,3,1,1,1,8,9365,2,1,5,1
201301WW50665,2,3,0,13,0,8,0,0,1,0,1,1,6,1,4,124,1,3,3,1
201301WW50666,1,3,0,9,0,8,0,0,0,0,3,1,6,1,8,125,1,3,3,1
201301WW50666,2,9,0,18,0,8,0,0,0,0,0,1,6,1,6,1598,1,10,-1,1
201301WW50667,1,9,0,9,0,8,0,0,0,0,4,1,6,1,9,2148,2,11,4,1
201301WW50667,2,1,0,18,0,8,0,0,0,0,1,1,6,1,7,-1,-1,-1,5,1
201301WW50668,1,9,0,5,8,0,0,0,0,0,4,1,2,2,8,1595,1,6,10,1
201301WW50668,2,1,0,18,9,0,0,0,0,0,1,1,4,1,3,-1,-1,-1,3,1
201301WW50670,1,19,0,18,0,8,0,0,1,0,4,1,6,2,6,2151,2,11,2,1
201301WW50670,2,8,0,18,0,8,0,0,1,0,1,1,6,1,6,1997,2,2,4,1
201301WW50671,1,9,0,18,0,0,0,0,0,0,2,1,1,1,7,-1,-1,-1,-1,-1
201301WW50671,2,9,0,5,0,0,0,0,0,0,1,1,6,1,-1,1390,1,4,9,1
201301WW50672,1,9,0,5,0,8,0,0,0,0,4,1,4,2,11,988,1,23,5,1
201301WW50672,2,9,0,18,0,8,0,0,0,0,1,1,6,2,7,2993,2,-1,4,1
201301WW50673,1,5,0,4,0,8,0,0,0,0,1,1,1,1,6,647,1,14,3,1
201301WW50673,2,9,0,9,0,8,0,0,0,0,3,1,6,3,-1,-1,-1,-1,-1,-1
201301WW50674,1,1,0,18,0,1,0,0,0,0,1,1,6,1,-1,-1,-1,-1,-1,-1
201301WW50675,1,1,0,18,0,8,0,0,1,0,4,1,6,1,7,-1,-1,-1,8,1
201301WW50675,2,9,0,5,0,8,0,0,0,0,1,1,6,1,5,1596,1,2,7,1
201301WW50676,1,1,0,18,0,8,0,0,0,0,1,1,6,1,6,-1,-1,-1,3,1
201301WW50676,2,9,0,7,0,8,0,0,0,0,2,1,6,3,-1,-1,-1,-1,-1,-1
201301WW50677,1,4,0,18,0,8,0,0,0,0,1,1,6,1,4,125,1,8,3,1
201301WW50677,2,1,0,9,0,8,0,0,0,0,2,1,6,1,5,-1,-1,-1,3,1
201301WW50678,1,1,0,5,4,8,0,0,0,0,1,1,6,2,6,-1,-1,-1,4,1
201301WW50678,2,9,0,11,4,8,0,0,0,0,4,1,6,1,-1,4969,8,2,-1,-1
201301WW50679,1,5,0,13,0,8,0,0,0,0,1,1,6,1,6,645,1,8,7,1
201301WW50679,2,19,0,9,0,8,0,0,0,0,3,1,6,1,-1,1560,2,2,-1,-1
201301WW50681,1,3,0,14,0,8,0,0,0,0,1,1,1,1,6,-1,-1,-1,3,1
201301WW50681,2,9,0,9,0,8,0,0,0,0,1,1,6,1,9,1229,1,-1,3,1
201301WW50682,1,3,0,18,0,1,0,0,0,0,1,1,6,1,7,125,1,2,-1,-1
201301WW50682,2,9,0,9,0,1,0,0,0,0,4,1,6,2,6,998,1,10,2,1
201301WW50683,1,4,0,13,0,8,0,0,0,0,1,1,1,1,7,865,1,6,5,1
201301WW50683,2,9,0,5,0,8,0,0,0,0,2,1,1,1,6,-1,-1,-1,-1,-1
201301WW50683,3,19,0,2,0,8,0,0,1,0,4,1,6,3,-1,1461,2,9,-1,-1
201301WW50683,4,9,0,2,0,8,0,0,0,0,4,1,6,3,-1,-1,-1,-1,-1,-1
201301WW50684,1,3,0,9,0,8,0,0,0,0,0,1,2,1,7,124,1,13,-1,-1
201301WW50685,1,9,0,9,0,8,0,0,1,0,4,1,1,1,8,-1,-1,-1,5,1
201301WW50685,2,2,0,18,0,8,0,0,0,0,1,1,6,1,-1,125,1,2,-1,-1
201301WW50686,1,11,0,5,0,0,0,0,0,0,4,1,1,1,-1,-1,-1,-1,-1,-1
201301WW50688,1,1,0,3,0,8,0,0,0,0,2,1,6,1,7,-1,-1,-1,6,1
201301WW50688,2,9,0,4,0,7,0,0,1,0,1,1,6,2,6,1997,2,3,2,1
201301WW50689,1,20,0,7,0,8,0,0,0,0,1,1,1,1,7,-1,2,10,3,1
201301WW50689,2,1,0,14,0,8,0,0,0,0,1,1,6,1,8,-1,-1,-1,3,1
201301WW50690,1,11,0,18,0,8,0,0,0,0,2,1,1,1,7,9360,2,4,4,1
201301WW50690,2,17,0,18,0,8,0,0,0,0,3,1,6,1,7,-1,-1,-1,3,1
201301WW50691,1,8,0,18,0,0,1,0,0,0,4,1,6,1,8,2171,2,10,3,1
201301WW50692,1,9,0,9,0,8,0,0,0,0,4,1,6,1,7,2171,1,12,5,1
201301WW50692,2,3,0,18,0,8,0,0,0,0,3,1,2,1,4,-1,-1,-1,4,1
201301WW50693,1,9,0,18,0,1,0,0,0,0,1,1,6,1,7,2179,2,11,3,1
201301WW50693,2,9,0,9,0,1,0,0,0,0,1,1,6,2,8,1598,2,1,-1,-1
201301WW50694,1,9,0,2,0,8,0,0,0,0,2,1,6,1,9,1598,1,2,3,1
201301WW50694,2,9,0,1,0,8,0,4,0,0,1,1,6,2,-1,1390,1,2,4,1
201301WW50695,1,9,0,18,0,0,0,0,0,0,3,1,6,2,7,-1,-1,-1,5,1
201301WW50695,2,1,0,18,0,0,0,0,0,0,1,1,4,1,3,-1,-1,-1,1,1
201301WW50696,1,9,0,18,0,2,0,0,0,0,1,1,6,3,-1,-1,-1,-1,-1,-1
201301WW50697,1,20,0,9,0,8,0,0,0,0,4,1,1,1,6,4250,2,1,4,1
201301WW50697,2,1,0,18,0,8,0,0,0,0,1,1,6,1,8,-1,-1,-1,4,1
201301WW50698,1,9,0,2,0,0,0,0,0,0,0,1,6,1,7,1598,1,14,5,1
201301WW50698,2,9,0,18,0,0,0,0,0,0,0,1,6,1,9,-1,-1,-1,5,1
201301WW50700,1,9,0,3,0,1,0,0,0,0,2,1,6,2,6,1587,1,10,3,1
201301WW50700,2,9,0,18,0,1,0,0,0,0,1,1,6,3,-1,1242,1,17,-1,-1
201301WW50701,1,9,0,9,0,0,0,0,0,0,4,1,6,2,6,1595,1,4,5,1
201301WW50701,2,1,0,18,0,0,0,0,0,0,1,1,6,1,6,-1,-1,-1,6,1
201301WW50702,1,19,4,4,0,8,1,0,0,0,1,1,1,1,7,2198,2,1,-1,-1
201301WW50702,2,9,0,4,0,8,0,0,0,0,2,1,2,1,7,1896,2,10,3,1
201301WW50702,3,9,0,4,0,8,0,0,0,0,2,1,1,1,5,-1,-1,-1,7,3
201301WW50704,1,9,0,13,0,1,0,0,0,0,1,1,6,3,-1,999,1,-1,-1,-1
201301WW50704,2,1,0,18,0,1,0,0,0,0,2,1,6,1,6,-1,-1,-1,4,1
201301WW50705,1,8,0,7,0,8,0,0,0,0,4,1,1,1,-1,1560,2,-1,7,1
201301WW50705,2,1,0,7,0,8,0,0,0,0,3,1,6,2,6,-1,-1,-1,6,1
201301WW50706,1,20,0,7,0,8,0,0,1,0,4,1,1,1,-1,5900,2,6,4,1
201301WW50706,2,1,0,18,0,8,0,0,1,0,4,1,2,2,6,-1,-1,-1,4,1
201301WW50707,1,9,0,14,0,8,0,0,0,0,1,1,6,2,6,1560,2,8,4,1
201301WW50707,2,9,0,18,0,8,0,0,0,0,1,1,6,1,9,1956,2,2,5,1
201301WW50709,1,9,0,13,0,8,0,0,0,0,4,1,6,2,5,1598,1,8,2,1
201301WW50709,2,1,0,3,0,8,0,0,0,0,3,1,6,2,6,-1,-1,-1,5,1
201301WW50710,1,9,0,9,0,5,0,0,0,0,4,1,6,1,7,1783,1,10,4,1
201301WW50710,2,3,0,18,0,1,0,0,0,0,1,1,6,1,8,124,1,7,4,1
201301WW50711,1,1,0,18,0,0,0,0,0,0,1,1,1,1,6,-1,-1,-1,9,1
201301WW50711,2,9,0,5,0,0,0,0,0,0,3,1,6,1,-1,-1,-1,-1,-1,-1
201301WW50712,1,9,0,3,0,8,0,0,0,0,3,1,6,1,6,-1,-1,-1,2,1
201301WW50712,2,9,0,18,0,8,0,0,0,0,1,1,6,1,-1,2401,2,6,-1,-1
201301WW50713,1,2,0,13,0,1,0,0,0,0,4,1,1,1,8,108,1,4,3,1
201301WW50713,2,1,0,18,0,1,0,0,0,0,3,1,6,1,3,-1,-1,-1,3,1
201301WW50714,1,9,0,4,0,0,0,0,0,0,2,1,3,2,7,1360,1,6,4,1
201301WW50714,2,9,0,18,0,0,0,0,1,0,1,1,6,1,-1,1149,1,5,-1,-1
201301WW50715,1,9,0,5,0,8,0,0,0,0,2,1,2,1,7,1798,1,5,10,1
201301WW50715,2,1,0,18,0,8,0,0,1,0,1,1,6,1,6,-1,-1,-1,3,1
201301WW50716,1,8,0,18,0,0,0,0,0,0,1,1,1,1,7,1797,8,4,5,1
201301WW50717,1,1,0,18,0,8,0,0,0,0,1,1,2,1,6,-1,-1,-1,5,1
201301WW50718,1,11,0,3,0,0,0,0,0,0,3,1,1,1,9,8268,2,11,8,1
201301WW50718,2,4,0,12,0,0,0,0,0,0,1,1,6,1,7,124,1,12,10,1
201301WW50719,1,9,0,5,0,1,0,0,0,0,4,1,6,1,-1,-1,-1,-1,-1,-1
201301WW50720,1,9,0,7,0,8,0,0,0,0,4,1,6,2,8,1598,1,9,4,1
201301WW50720,2,1,0,18,0,8,0,0,0,0,1,1,6,1,5,-1,-1,-1,4,1
201301WW50721,1,8,0,9,0,8,0,0,0,0,1,1,1,1,8,1798,8,-1,3,1
201301WW50721,2,3,0,18,0,8,0,0,0,0,1,1,6,2,6,124,1,2,2,1
201301WW50722,1,9,0,17,0,8,0,0,0,0,3,1,6,2,6,1598,1,11,2,1
201301WW50722,2,3,0,9,0,8,0,0,0,0,1,1,6,1,8,-1,-1,-1,4,1
201301WW50723,1,9,0,5,0,8,0,0,0,0,2,1,6,1,6,1998,1,13,-1,-1
201301WW50723,2,1,0,18,0,8,0,0,0,0,1,1,6,1,6,-1,-1,-1,-1,-1
201301WW50724,1,5,0,18,0,8,0,0,0,0,3,1,6,1,7,-1,-1,-1,8,1
201301WW50724,2,9,0,7,0,8,0,0,0,0,1,1,6,2,7,1390,1,3,10,1
201301WW50725,1,5,0,13,0,1,0,0,0,0,1,1,6,1,6,675,1,7,-1,-1
201301WW50725,2,1,0,9,0,1,0,0,0,0,3,1,6,2,6,-1,-1,-1,6,1
201301WW50726,1,3,0,1,0,8,0,0,0,0,2,1,1,1,7,125,1,1,2,1
201301WW50726,2,8,0,3,0,8,0,0,0,0,1,1,6,1,8,1896,2,6,2,1
201301WW50727,1,9,0,18,0,0,0,0,0,0,0,1,1,1,8,1360,1,8,7,1
201301WW50728,1,9,0,3,0,8,0,0,0,0,2,1,6,1,8,2688,2,12,3,1
201301WW50728,2,9,0,3,0,8,0,0,0,0,2,1,6,2,8,1900,2,7,10,1
201301WW50728,3,9,0,18,0,8,0,0,0,0,1,1,6,1,5,1364,1,8,8,1
201301WW50729,1,9,0,5,0,8,0,0,0,0,4,1,6,1,6,1968,2,6,5,1
201301WW50729,2,9,0,5,0,8,0,0,0,0,1,1,2,1,9,1390,1,1,10,1
201301WW50730,1,5,0,4,0,8,0,0,0,0,1,1,2,1,6,749,1,8,4,1
201301WW50730,2,9,0,18,0,8,0,0,0,0,2,1,2,2,6,1497,1,10,7,1
201301WW50731,1,9,0,5,0,2,0,0,0,0,1,1,1,1,6,1686,2,2,6,1
201301WW50732,1,1,0,9,0,2,0,0,0,0,1,1,6,1,7,-1,-1,-1,4,1
201301WW50732,2,19,0,9,0,2,0,0,0,0,2,1,1,1,8,-1,-1,-1,8,1
201301WW50733,1,1,0,15,4,1,0,10,0,0,3,1,6,1,6,-1,-1,-1,2,1
201301WW50733,2,9,0,7,0,5,0,0,0,0,4,1,6,1,-1,-1,-1,-1,4,1
201301WW50734,1,9,0,18,0,0,0,0,0,0,1,1,6,1,-1,-1,-1,-1,-1,-1
201301WW50735,1,1,0,14,0,0,0,4,0,0,1,1,6,1,7,-1,-1,-1,6,1
201301WW50735,2,9,0,2,0,0,0,0,1,0,3,1,6,2,6,1900,2,7,7,1
201301WW50736,1,5,0,12,0,8,0,0,0,0,2,1,6,1,7,998,1,6,10,1
201301WW50736,2,19,0,18,0,8,0,0,0,0,1,1,1,1,-1,2299,2,1,-1,-1
201301WW50737,1,9,0,18,0,8,0,0,0,0,1,1,6,1,7,1984,1,7,6,1
201301WW50738,1,1,0,7,0,8,0,0,0,0,2,1,6,1,4,-1,-1,-1,7,1
201301WW50738,2,9,0,7,0,8,0,0,0,0,4,1,6,1,-1,-1,-1,-1,-1,-1
201301WW50739,1,9,0,2,0,0,0,0,0,0,2,1,3,2,10,1600,1,8,6,1
201301WW50739,2,1,0,4,0,0,0,4,0,0,1,1,6,1,3,-1,-1,-1,-1,-1
201301WW50740,1,9,0,18,0,8,0,0,0,0,1,1,6,2,7,1360,1,8,4,1
201301WW50740,2,9,0,9,0,8,0,0,0,0,4,1,6,1,8,1493,1,15,4,1
201301WW50742,1,9,0,9,0,8,0,0,0,0,3,1,6,1,8,1397,1,13,7,1
201301WW50742,2,3,0,13,0,8,0,0,0,0,1,1,6,1,4,124,1,3,10,1
201301WW50743,1,9,0,7,0,8,0,0,0,0,1,1,6,2,6,-1,-1,-1,6,1
201301WW50743,2,9,0,3,0,8,0,0,0,0,4,1,1,1,7,-1,-1,-1,7,1
201301WW50744,1,3,0,18,0,1,0,0,0,0,1,1,6,1,-1,-1,-1,-1,9,1
201301WW50745,1,9,0,5,0,0,0,0,1,0,1,1,6,2,9,1798,8,1,5,1
201301WW50745,2,1,0,18,5,0,0,0,1,0,1,1,6,1,-1,-1,-1,-1,-1,-1
201301WW50746,1,9,0,9,0,8,0,0,0,0,1,1,6,2,6,998,1,14,3,1
201301WW50746,2,3,0,18,0,8,0,0,0,0,1,1,6,1,7,125,1,7,7,1
201301WW50747,1,11,0,4,0,0,0,0,1,0,0,1,1,3,-1,-1,-1,-1,-1,-1
201301WW50748,1,2,0,4,0,8,0,0,0,0,1,1,6,1,3,49,1,6,6,1
201301WW50748,2,3,0,18,0,8,0,0,0,0,2,1,6,3,-1,-1,-1,-1,-1,-1
201301WW50749,1,1,0,18,0,8,0,0,0,0,3,1,6,1,6,-1,-1,-1,-1,-1
201301WW50749,2,9,0,7,0,8,0,0,0,0,1,1,6,2,-1,1598,1,8,-1,-1
201301WW50750,1,9,0,18,0,0,0,0,0,0,4,1,6,1,10,1199,1,12,10,1
201301WW50751,1,9,0,7,0,8,0,0,0,0,2,1,6,2,6,1896,2,13,5,1
201301WW50751,2,9,0,7,0,8,0,0,1,0,1,1,6,1,7,1896,2,6,3,1
201301WW50752,1,19,0,18,0,0,0,4,0,0,4,1,1,1,7,4250,2,1,6,1