Accident_Index,Vehicle_Reference,Vehicle_Type,Towing_and_Articulation,Vehicle_Manoeuvre,Vehicle_Location-Restricted_Lane,Junction_Location,Skidding_and_Overturning,Hit_Object_in_Carriageway,Vehicle_Leaving_Carriageway,Hit_Object_off_Carriageway,1st_Point_of_Impact,Was_Vehicle_Left_Hand_Drive?,Journey_Purpose_of_Driver,Sex_of_Driver,Age_Band_of_Driver,Engine_Capacity_(CC),Propulsion_Code,Age_of_Vehicle,Driver_IMD_Decile,Driver_Home_Area_Type
201301WW50752,2,9,0,2,0,0,0,0,0,0,3,1,2,2,8,1296,1,6,4,1
201301WW50753,1,1,0,18,0,8,0,0,0,0,0,1,6,1,7,-1,-1,-1,6,1
201301WW50754,1,8,0,18,0,0,0,0,1,0,1,1,1,1,7,1797,8,3,8,1
201301WW50754,2,5,0,4,0,0,0,0,0,0,2,1,1,1,7,1050,1,4,-1,-1
201301WW50755,1,9,0,9,0,7,0,0,0,0,3,1,6,1,7,1198,1,6,3,1
201301WW50755,2,3,0,13,0,8,0,0,0,0,1,1,6,1,7,125,1,7,4,1
201301WW50756,1,9,0,15,0,0,1,0,0,0,3,1,6,1,6,2494,1,8,2,1
201301WW50756,2,9,0,18,0,0,0,0,0,0,4,1,4,1,8,1910,2,4,-1,-1
201301WW50757,1,1,0,18,0,0,0,10,1,0,0,1,6,2,6,-1,-1,-1,3,1
201301WW50757,2,20,0,13,0,0,0,0,0,0,0,1,1,3,-1,-1,-1,-1,-1,-1
201301WW50758,1,9,0,18,0,8,0,0,0,0,1,1,6,1,5,1296,1,7,5,1
201301WW50759,1,19,0,7,0,8,0,0,0,0,4,1,1,1,6,1686,2,10,8,1
201301WW50759,2,1,0,18,0,8,0,0,0,0,1,1,6,2,5,-1,-1,-1,4,1
201301WW50760,1,1,0,18,0,8,0,0,0,0,0,1,2,2,8,-1,-1,-1,6,1
201301WW50761,1,9,0,11,0,0,0,0,0,0,4,1,6,1,7,1685,2,1,4,1
201301WW50761,2,1,0,18,0,0,1,0,1,0,1,1,6,1,-1,-1,-1,-1,-1,-1
201301WW50762,1,9,0,4,0,8,0,0,0,0,1,1,6,2,8,1598,1,7,6,1
201301WW50762,2,9,0,3,0,8,0,0,0,0,2,1,6,2,7,1598,1,10,4,1
201301WW50763,1,3,0,18,0,0,0,0,0,0,3,1,2,2,7,125,1,-1,4,1
201301WW50763,2,9,0,7,0,0,0,0,0,0,1,1,2,1,5,1598,1,2,5,1
201301WW50764,1,11,0,5,0,0,0,0,0,0,0,1,1,1,8,7300,2,8,8,1
201301WW50765,1,9,0,9,0,8,0,0,0,0,1,1,2,2,9,1275,1,14,7,1
201301WW50766,1,9,0,9,0,8,0,0,0,0,4,1,3,2,7,1390,1,14,4,1
201301WW50766,2,1,0,15,0,8,0,0,0,0,1,1,2,1,6,-1,-1,-1,3,1
201301WW50767,1,9,0,9,0,8,0,0,0,0,3,1,2,1,6,-1,-1,-1,4,1
201301WW50767,2,2,0,18,0,8,0,0,0,0,1,1,2,1,6,124,1,12,2,1
201301WW50768,1,1,0,18,0,8,0,0,0,0,3,1,6,1,6,-1,-1,-1,3,1
201301WW50768,2,9,0,7,0,8,0,0,0,0,4,1,6,2,6,1984,1,1,8,1
201301WW50769,1,1,0,7,0,8,0,0,1,0,1,1,6,1,6,-1,-1,-1,5,1
201301WW50769,2,9,0,18,0,8,0,0,0,0,4,1,6,2,5,-1,-1,-1,4,1
201301WW50770,1,11,0,4,0,8,0,0,0,0,0,1,1,1,7,3900,2,10,1,1
201301WW50771,1,9,0,4,0,8,0,0,0,0,1,1,6,1,6,-1,-1,-1,3,1
201301WW50772,1,9,0,18,0,8,0,0,0,0,3,1,6,1,9,2922,1,16,-1,-1
201301WW50774,1,8,0,9,0,8,0,0,0,0,1,1,1,1,6,-1,-1,-1,4,1
201301WW50775,1,3,0,18,0,8,0,0,0,0,4,1,1,1,4,124,1,13,4,1
201301WW50775,2,9,0,9,0,8,0,0,0,0,1,1,6,1,-1,-1,-1,-1,-1,-1
201301WW50777,1,3,0,18,2,8,0,0,0,0,3,1,2,1,8,124,1,14,3,1
201301WW50777,2,9,0,7,0,8,0,0,0,0,4,1,6,1,4,1198,1,6,4,1
201301WW50778,1,9,0,9,0,8,0,0,1,0,3,1,6,2,7,1397,1,10,4,1
201301WW50778,2,1,0,18,0,8,0,0,0,0,1,1,6,1,5,-1,-1,-1,7,1
201301WW50779,1,9,0,15,0,8,0,0,0,0,1,1,6,2,7,2773,1,2,-1,-1
201301WW50779,2,19,0,3,0,8,0,0,0,0,0,1,1,1,5,2402,2,5,4,1
201301WW50780,1,2,0,4,0,8,0,0,0,0,3,1,6,1,6,125,1,4,3,1
201301WW50780,2,9,0,3,0,8,0,0,0,0,1,1,6,2,-1,1999,1,19,-1,-1
201301WW50782,1,8,0,18,0,8,0,0,0,0,1,1,1,1,9,2987,2,4,4,1
201301WW50783,1,9,0,3,0,8,0,0,1,0,3,1,1,1,7,1968,2,9,7,1
201301WW50783,2,5,0,14,0,8,0,0,0,0,1,1,1,1,7,-1,-1,-1,6,1
201301WW50784,1,9,0,9,0,8,0,0,0,0,4,1,6,2,6,1240,1,8,6,1
201301WW50784,2,9,0,9,0,8,0,0,0,0,1,1,6,3,-1,-1,-1,-1,-1,-1
201301WW50785,1,3,0,13,0,8,0,0,0,0,1,1,6,1,7,-1,-1,-1,-1,-1
201301WW50785,2,19,0,9,0,8,0,0,0,0,3,1,1,1,5,2198,2,1,6,1
201301WW50786,1,3,0,4,0,1,0,0,0,0,1,1,1,1,4,124,1,6,4,1
201301WW50786,2,19,0,4,0,1,0,0,0,0,2,1,1,1,7,2148,2,6,2,1
201301WW50787,1,4,0,7,0,8,1,0,0,0,0,1,2,1,7,-1,-1,-1,9,1
201301WW50789,1,9,0,9,0,8,0,0,0,0,3,1,6,2,7,1461,2,6,5,1
201301WW50789,2,1,0,18,0,8,0,0,0,0,1,1,6,1,6,-1,-1,-1,4,1
201301WW50790,1,8,0,18,0,8,0,0,0,0,1,1,1,1,7,2499,2,6,10,1
201301WW50790,2,1,0,9,0,8,0,0,0,0,1,1,6,1,6,-1,-1,-1,8,1
201301WW50791,1,9,0,9,0,8,0,0,0,0,1,1,6,1,6,1850,1,11,2,1
201301WW50791,2,1,0,18,0,8,0,0,0,0,4,1,6,1,5,-1,-1,-1,-1,-1
201301WW50792,1,4,0,14,0,0,0,4,0,0,1,1,6,1,6,125,1,3,6,1
201301WW50792,2,9,0,2,0,0,0,0,0,0,3,1,6,1,9,1998,1,15,3,1
201301WW50793,1,5,0,9,0,8,0,0,0,0,1,1,6,1,6,1050,1,4,5,1
201301WW50793,2,2,0,18,0,8,0,0,0,0,1,1,6,1,-1,85,1,17,6,1
201301WW50793,3,9,0,18,0,8,0,0,0,0,1,1,6,2,8,1968,2,5,8,1
201301WW50794,1,9,0,18,0,8,0,0,0,0,4,1,6,2,-1,1997,2,2,4,1
201301WW50795,1,1,0,18,4,0,0,0,0,0,1,1,6,1,6,-1,-1,-1,5,1
201301WW50796,1,3,0,18,0,8,1,0,0,0,4,1,1,1,4,109,1,1,6,1
201301WW50796,2,9,0,18,0,8,0,0,0,0,3,1,1,1,7,1896,2,9,3,1
201301WW50797,1,9,0,5,0,0,0,0,1,0,1,1,6,1,7,1328,1,4,7,1
201301WW50798,1,19,0,9,0,8,0,0,0,0,3,1,6,1,6,2198,2,1,8,1
201301WW50798,2,1,0,9,0,8,0,0,0,0,1,1,4,1,8,-1,-1,-1,6,1
201301WW50799,1,9,0,9,0,8,0,0,0,0,2,1,2,1,7,-1,-1,-1,6,1
201301WW50799,2,9,0,9,0,8,0,0,0,0,1,1,2,1,-1,-1,-1,-1,10,1
201301WW50800,1,1,0,18,0,1,0,0,0,0,2,1,6,1,7,-1,-1,-1,6,1
201301WW50800,2,9,0,18,0,1,0,0,0,0,1,1,6,3,-1,-1,-1,-1,-1,-1
201301WW50801,1,9,0,9,0,8,0,0,0,0,3,1,6,2,8,1596,1,7,5,1
201301WW50801,2,9,0,9,0,8,0,0,0,0,1,1,6,2,-1,-1,-1,-1,5,1
201301WW50802,1,3,0,9,0,8,0,0,0,0,3,1,1,1,5,124,1,1,2,1
201301WW50802,2,5,0,13,0,8,0,0,0,0,4,1,6,1,7,-1,-1,-1,6,1
201301WW50803,1,1,0,18,0,0,0,0,0,0,1,1,6,1,7,-1,-1,-1,6,1
201301WW50803,2,9,0,9,0,0,1,0,0,0,4,1,6,1,-1,-1,-1,-1,-1,-1
201301WW50804,1,9,0,16,0,1,0,0,0,0,2,1,6,1,8,2231,2,6,3,1
201301WW50804,2,9,0,16,0,1,0,0,0,0,1,1,6,2,-1,-1,-1,-1,-1,-1
201301WW50805,1,9,0,9,0,8,0,0,0,0,3,1,6,2,5,1235,1,24,4,1
201301WW50805,2,9,0,18,0,8,0,0,0,0,1,1,6,3,-1,-1,-1,-1,-1,-1
201301WW50806,1,1,0,4,0,1,0,0,0,0,3,1,6,1,6,-1,-1,-1,4,1
201301WW50807,1,21,0,2,0,0,0,0,0,0,3,1,1,1,8,5880,2,8,1,1
201301WW50807,2,1,0,14,0,0,0,8,0,0,1,1,2,2,7,-1,-1,-1,4,1
201301WW50808,1,9,0,9,0,8,0,0,0,0,1,1,6,2,7,-1,-1,-1,7,1
201301WW50808,2,1,0,18,0,8,0,0,0,0,1,1,6,1,7,-1,-1,-1,3,1
201301WW50809,1,20,0,4,0,8,0,0,0,0,4,1,1,1,8,-1,-1,-1,2,1
201301WW50809,2,1,0,15,0,8,0,0,0,0,1,1,2,1,7,-1,-1,-1,6,1
201301WW50810,1,9,0,18,0,1,0,0,0,0,1,1,6,1,6,2494,1,14,8,1
201301WW50812,1,1,0,18,0,8,0,0,0,0,1,1,6,1,6,-1,-1,-1,-1,-1
201301WW50813,1,19,0,18,0,0,0,4,0,0,1,1,1,1,6,1399,2,4,4,1
201301WW50813,2,9,0,2,0,0,0,0,0,0,2,1,6,1,6,1560,2,-1,2,1
201301WW50814,1,90,0,6,0,1,0,0,0,0,3,1,1,1,7,-1,-1,-1,7,1
201301WW50814,2,9,0,18,0,2,0,0,0,0,1,1,6,1,7,1242,1,7,2,1
201301WW50815,1,9,0,9,0,8,0,0,0,0,4,1,1,1,8,998,1,13,3,1
201301WW50815,2,1,0,18,0,8,0,0,0,0,1,1,6,1,8,-1,-1,-1,-1,-1
201301WW50816,1,3,0,9,0,8,0,0,0,0,1,1,1,1,6,125,1,4,6,1
201301WW50816,2,9,0,18,0,8,0,0,0,0,1,1,2,1,8,1968,2,1,4,1
201301WW50817,1,9,0,9,0,8,0,0,0,0,1,1,6,1,-1,1968,2,7,3,1
201301WW50817,2,1,0,15,0,8,0,0,0,0,1,1,6,1,7,-1,-1,-1,9,1
201301WW50818,1,9,0,16,0,0,0,0,0,0,1,1,6,1,5,1296,1,6,6,1
201301WW50818,2,9,0,17,0,0,0,0,0,0,1,1,6,1,6,1198,1,1,3,1
201301WW50819,1,2,0,18,0,8,0,0,0,0,4,1,6,1,7,125,1,1,4,1
201301WW50819,2,9,0,9,0,6,0,0,0,0,1,1,6,2,7,1461,2,5,8,1
201301WW50820,1,9,0,18,0,8,0,0,0,0,3,1,6,2,4,1242,1,1,3,1
201301WW50820,2,9,0,9,0,8,0,0,0,0,1,1,4,2,-1,-1,-1,-1,-1,-1
201301WW50821,1,9,0,18,0,2,0,0,0,0,1,1,1,1,9,1422,2,9,7,1
201301WW50821,2,4,0,4,0,2,0,0,0,0,2,1,2,1,6,647,1,14,-1,-1
201301WW50822,1,9,0,5,0,8,0,0,0,0,1,1,6,1,6,1598,1,16,3,1
201301WW50822,2,1,0,17,0,8,0,0,0,0,4,1,6,1,5,-1,-1,-1,2,1
201301WW50823,1,5,0,18,0,8,0,0,0,0,1,1,1,1,5,781,1,13,9,3
201301WW50823,2,21,0,4,0,8,0,0,0,0,4,1,1,1,8,10518,2,3,1,1
201301WW50824,1,9,0,9,0,8,0,0,0,0,1,1,1,1,10,1295,1,22,4,1
201301WW50824,2,3,0,18,0,8,1,0,0,0,1,1,1,1,6,125,1,3,3,1
201301WW50825,1,4,0,18,0,0,0,0,0,0,4,1,6,1,6,998,1,7,3,1
201301WW50826,1,9,0,17,0,8,0,0,0,0,3,1,6,2,8,2987,2,1,6,1
201301WW50826,2,9,0,9,0,8,0,0,0,0,1,1,1,2,6,1399,2,10,4,1
201301WW50827,1,9,0,16,0,0,0,0,0,0,1,1,6,1,7,1910,2,7,-1,-1
201301WW50828,1,9,0,9,0,8,0,0,0,0,3,1,6,1,8,998,1,-1,10,1
201301WW50828,2,5,0,9,0,8,0,0,0,0,4,1,2,1,7,-1,-1,-1,7,1
201301WW50829,1,9,0,9,0,8,0,0,0,0,4,2,6,1,7,-1,-1,-1,4,1
201301WW50829,2,11,0,18,0,8,0,0,0,0,1,1,1,1,8,3900,2,8,2,1
201301WW50830,1,3,0,9,0,8,0,0,0,0,4,1,3,1,5,124,1,4,7,1
201301WW50830,2,8,0,6,0,8,0,0,0,0,1,1,1,1,6,1997,2,1,10,1
201301WW50832,1,9,0,13,0,0,0,0,0,0,4,1,6,2,10,1968,2,2,10,3
201301WW50832,2,1,0,18,0,0,0,0,0,0,3,1,6,1,8,-1,-1,-1,6,1
201301WW50833,1,11,0,17,0,8,0,0,0,0,0,1,1,1,8,6700,2,1,4,1
201301WW50834,1,9,0,18,0,8,0,0,0,0,3,1,6,1,7,-1,-1,-1,5,1
201301WW50834,2,9,0,11,0,8,0,0,0,0,4,1,6,3,-1,-1,-1,-1,-1,-1
201301WW50835,1,9,0,9,0,8,0,0,0,0,4,1,6,1,7,1598,1,11,4,1
201301WW50835,2,5,0,18,0,8,0,0,0,0,1,1,6,1,7,600,1,8,3,1
201301WW50836,1,9,0,13,0,0,0,0,0,0,4,1,6,1,11,1596,1,10,3,1
201301WW50836,2,1,0,18,0,0,0,0,0,0,3,1,6,1,6,-1,-1,-1,4,1
201301WW50837,1,9,0,17,0,2,0,0,0,0,1,1,6,3,-1,-1,-1,-1,-1,-1
201301WW50838,1,9,0,9,0,8,0,0,0,0,2,1,6,1,8,2688,2,10,6,1
201301WW50838,2,20,0,18,0,8,0,0,0,0,1,1,6,3,-1,10518,2,2,-1,-1
201301WW50839,1,5,0,7,0,8,2,0,0,0,1,1,1,1,4,599,1,14,7,1
201301WW50839,2,3,0,18,0,8,0,0,0,0,1,1,1,1,6,124,1,5,9,1
201301WW50839,3,9,0,18,0,8,0,0,0,0,1,1,1,1,7,1896,2,15,8,3
201301WW50840,1,4,0,18,0,1,1,0,0,0,4,1,2,1,7,124,1,7,2,1
201301WW50841,1,9,0,2,0,0,0,0,0,0,2,1,6,2,9,1998,1,11,2,1
201301WW50841,2,19,0,18,0,0,0,4,0,0,1,1,6,3,-1,1910,2,8,-1,-1
201301WW50842,1,9,0,18,0,8,5,10,7,1,1,1,2,1,7,1796,1,12,4,1
201301WW50842,2,9,0,18,0,8,0,0,0,0,1,1,6,1,6,1598,2,1,-1,-1
201301WW50843,1,19,0,18,0,1,0,0,0,0,1,1,6,1,6,2402,2,3,10,1
201301WW50843,2,9,0,3,0,8,0,0,0,0,1,1,6,1,9,1968,2,4,6,1
201301WW50843,3,9,0,3,0,8,0,0,0,0,1,1,6,2,5,2720,2,8,3,1
201301WW50843,4,9,0,3,0,8,0,0,0,0,2,1,6,1,6,1596,1,6,1,1
201301WW50844,1,1,0,18,0,2,0,0,0,0,1,1,6,2,7,-1,-1,-1,4,1
201301WW50845,1,9,0,5,0,8,0,0,0,0,1,1,6,3,-1,1679,1,12,-1,-1
201301WW50846,1,3,0,14,0,0,0,0,0,0,1,1,6,1,6,-1,-1,-1,6,1
201301WW50847,1,9,0,9,0,1,0,0,0,0,3,1,6,1,9,1973,1,13,2,1
201301WW50847,2,4,0,13,0,1,0,0,0,0,1,1,6,1,6,125,1,10,3,1
201301WW50848,1,9,0,1,0,1,0,0,0,0,2,1,6,1,5,1595,1,4,6,1
201301WW50849,1,9,0,9,0,8,0,0,0,0,3,1,6,2,5,1364,1,9,-1,-1
201301WW50849,2,1,0,18,4,1,0,0,0,0,1,1,2,2,6,-1,-1,-1,9,1
201301WW50850,1,9,0,9,0,1,0,0,0,0,3,1,6,1,9,1910,2,4,7,3
201301WW50851,1,3,0,18,2,1,0,0,0,0,1,1,6,2,6,-1,-1,-1,2,1
201301WW50851,2,9,0,9,0,5,0,0,0,0,4,1,6,3,-1,1560,2,-1,-1,-1
201301WW50852,1,9,0,9,0,5,0,0,0,0,4,1,1,1,9,1995,2,9,7,1
201301WW50852,2,9,0,18,0,8,0,0,0,0,1,1,6,1,5,1390,1,12,3,1
201301WW50853,1,9,0,18,0,8,0,0,0,0,1,1,6,1,-1,-1,-1,-1,-1,-1
201301WW50854,1,9,0,9,0,8,0,0,0,0,4,1,6,1,8,1796,1,12,7,1
201301WW50854,2,3,0,18,0,8,0,0,0,0,1,1,6,1,4,125,1,6,-1,-1
201301WW50855,1,3,0,18,0,8,0,0,0,0,4,1,6,1,7,124,1,-1,4,1
201301WW50855,2,9,0,5,0,8,0,0,0,0,1,1,6,2,6,1598,1,7,6,1
201301WW50856,1,1,0,18,0,8,1,0,0,0,4,1,6,2,6,-1,-1,-1,4,1
201301WW50857,1,9,0,7,0,8,0,0,0,0,1,1,6,2,7,1242,1,16,9,1
201301WW50857,2,9,0,18,0,8,0,0,0,0,4,1,6,1,7,1995,2,-1,-1,-1
201301WW50858,1,3,0,18,0,8,0,4,0,0,1,1,6,1,4,102,1,8,7,1
201301WW50858,2,9,0,6,0,8,0,0,0,0,0,1,6,1,8,-1,-1,-1,8,1
201301WW50858,3,9,0,2,0,8,0,0,0,0,3,1,6,3,-1,1797,1,22,-1,-1
201301WW50859,1,1,0,15,4,1,0,0,0,0,1,1,6,1,7,-1,-1,-1,4,1
201301WW50859,2,9,0,9,0,5,0,0,0,0,3,1,6,3,-1,-1,-1,-1,-1,-1
201301WW50860,1,9,0,18,0,8,0,0,0,0,1,1,6,3,-1,-1,-1,-1,-1,-1
201301WW50861,1,9,0,18,0,8,0,0,0,0,1,1,6,1,6,1598,1,6,3,1
201301WW50861,2,9,0,2,0,8,0,0,0,0,3,1,6,1,-1,1242,1,11,4,1
201301WW50862,1,11,0,9,0,8,0,0,0,0,0,1,6,1,7,-1,-1,-1,4,1
201301WW50863,1,9,0,7,0,8,0,0,0,0,4,1,6,2,9,1248,1,3,3,1
201301WW50863,2,1,0,18,0,8,0,0,0,0,1,1,6,1,7,-1,-1,-1,5,1
201301WW50864,1,1,0,18,0,8,0,0,0,0,4,1,1,1,5,-1,-1,-1,1,1
201301WW50864,2,9,0,18,0,8,0,0,0,0,1,1,6,2,-1,-1,-1,-1,-1,-1
201301WW50865,1,9,0,9,0,8,0,0,0,0,1,1,6,1,7,1798,8,-1,2,1
201301WW50865,2,3,0,13,0,8,0,0,0,0,4,1,1,1,4,125,1,5,3,1
201301WW50865,3,1,0,18,0,8,0,0,0,0,1,1,6,1,7,-1,-1,-1,4,1
201301WW50866,1,5,0,18,0,8,0,0,0,0,1,1,6,1,6,942,1,2,3,1
201301WW50866,2,11,0,18,0,8,0,0,0,0,3,1,1,1,9,-1,2,12,4,1
201301WW50868,1,9,0,4,0,1,0,0,0,0,2,1,6,1,7,1299,1,13,5,1
201301WW50868,2,9,0,4,0,1,0,0,0,0,1,1,6,1,7,1598,1,8,4,1
201301WW50870,1,9,0,4,0,0,0,0,0,0,2,1,6,1,6,1242,1,8,4,1
201301WW50870,2,3,0,18,0,0,0,0,0,0,1,1,6,1,-1,-1,-1,-1,3,1
201301WW50871,1,1,0,18,0,8,0,0,0,0,1,1,6,1,7,-1,-1,-1,10,1
201301WW50871,2,9,0,7,0,8,0,0,0,0,3,1,6,2,-1,1991,1,21,5,1
201301WW50872,1,9,0,9,0,5,0,0,0,0,1,1,6,1,7,1997,2,4,7,1
201301WW50872,2,3,0,18,0,1,0,0,0,0,3,1,6,2,5,124,1,-1,4,1
201301WW50873,1,9,0,1,0,1,0,0,0,0,2,1,6,3,-1,-1,-1,-1,-1,-1
201301WW50873,2,2,0,3,0,1,0,0,0,0,1,1,6,1,7,108,1,-1,5,1
201301WW50874,1,3,0,13,0,1,0,0,0,0,1,1,2,2,6,124,1,1,8,1
201301WW50874,2,9,0,9,0,1,0,0,0,0,3,1,2,1,6,1968,2,1,10,1
201301WW50875,1,1,0,18,0,2,0,8,0,0,1,1,6,1,5,-1,-1,-1,4,1
201301WW50875,2,9,0,2,0,2,0,0,0,0,3,1,2,1,8,-1,-1,-1,1,1
201301WW50876,1,19,0,4,0,8,0,0,0,0,2,1,1,1,6,2402,2,7,4,1
201301WW50876,2,19,0,18,0,8,0,0,0,0,1,1,1,1,8,2148,2,5,2,1
201301WW50876,3,9,0,4,0,8,0,0,0,0,2,1,6,1,9,1995,2,9,6,1
201301WW50878,1,1,0,18,0,1,0,0,0,0,3,1,6,1,6,-1,-1,-1,2,1
201301WW50878,2,9,0,7,0,1,0,0,0,0,4,1,6,3,-1,1397,1,10,-1,-1
201301WW50879,1,9,0,18,0,8,1,10,3,0,1,1,6,3,-1,1796,1,19,-1,-1
201301WW50879,2,9,0,18,0,8,0,0,0,0,4,1,6,1,6,1390,1,1,8,1
201301WW50880,1,9,0,7,0,8,0,0,0,0,1,1,6,2,7,1598,2,-1,3,1
201301WW50882,1,1,0,9,0,8,0,0,0,0,4,1,6,1,6,-1,-1,-1,9,1
201301WW50882,2,9,0,18,0,8,0,0,0,0,1,1,6,3,-1,-1,-1,-1,-1,-1
201301WW50883,1,9,0,10,0,1,0,0,0,0,1,1,2,1,8,1598,1,3,9,1
201301WW50883,2,19,0,4,0,1,0,0,0,0,1,1,1,1,-1,2148,2,8,-1,-1
201301WW50883,3,9,0,10,0,1,0,0,0,0,0,1,6,3,-1,2993,2,3,-1,-1
201301WW50884,1,1,0,18,0,0,0,0,0,0,1,1,6,1,8,-1,-1,-1,3,1
201301WW50885,1,9,0,7,0,1,0,0,0,0,4,1,2,1,6,1595,1,9,6,1
201301WW50885,2,19,0,18,2,1,0,0,0,0,1,1,1,1,7,2198,2,1,1,1
201301WW50886,1,9,0,7,0,1,0,0,0,0,4,1,2,1,7,2987,2,6,9,3
201301WW50886,2,1,0,15,4,1,0,0,0,0,1,1,2,2,5,-1,-1,-1,7,1
201301WW50888,1,9,0,3,0,8,0,0,0,0,2,1,6,1,6,1598,1,13,5,1
201301WW50888,2,19,0,18,0,8,0,0,0,0,1,1,6,1,6,1995,2,4,2,1
201301WW50889,1,9,0,3,0,1,0,0,0,0,2,1,6,1,6,1796,1,7,5,1
201301WW50889,2,21,0,18,0,1,0,0,0,0,1,1,1,1,-1,12777,2,5,-1,-1
201301WW50890,1,9,0,9,0,8,0,0,0,0,1,1,6,1,6,1870,2,10,-1,-1
201301WW50892,1,3,0,18,0,8,0,0,0,0,1,1,1,1,6,125,1,1,8,1
201301WW50892,2,9,0,9,0,8,0,0,0,0,4,1,6,3,-1,-1,-1,-1,-1,-1
201301WW50893,1,9,0,3,0,8,0,0,0,0,1,1,6,1,7,2979,1,12,5,1
201301WW50893,2,9,0,18,0,8,0,0,0,0,1,1,6,1,-1,2962,1,23,-1,-1
201301WW50894,1,9,0,2,0,2,0,0,0,0,1,1,6,2,8,1596,1,5,2,1
201301WW50894,2,9,0,18,0,8,0,0,0,0,4,1,6,3,-1,1976,1,3,-1,-1
201301WW50895,1,9,0,17,0,8,2,4,0,0,1,1,6,2,6,1396,1,12,3,1
201301WW50895,2,9,0,2,0,8,0,0,0,0,4,1,6,3,-1,-1,-1,-1,-1,-1
201301WW50895,3,9,0,2,0,8,0,0,0,0,4,1,6,3,-1,1360,1,5,-1,-1
201301WW50896,1,9,0,5,0,0,0,0,0,0,0,1,6,1,7,1968,2,4,3,1
201301WW50897,1,9,0,18,0,8,0,0,0,0,4,1,6,1,7,2179,2,9,4,1
201301WW50898,1,3,0,18,0,8,0,0,0,0,1,1,6,1,-1,125,1,9,4,1
201301WW50898,2,19,0,1,0,8,0,0,0,0,2,1,1,1,5,1598,2,-1,3,1
201301WW50899,1,1,0,18,0,8,0,0,0,0,1,1,6,1,6,-1,-1,-1,4,1
201301WW50899,2,9,0,9,0,8,0,0,0,0,3,1,6,2,9,2143,2,-1,6,1
201301WW50900,1,9,0,2,0,1,0,0,0,0,3,1,6,1,8,2148,2,10,3,1
201301WW50900,2,1,0,18,0,1,0,0,0,0,1,1,6,1,7,-1,-1,-1,6,1
201301WW50901,1,9,0,11,0,8,0,0,0,0,2,1,6,1,4,1248,2,8,4,1
201301WW50901,2,1,0,18,4,8,0,0,0,0,1,1,6,1,6,-1,-1,-1,9,1
201301WW50903,1,1,0,18,0,8,0,0,0,0,3,1,6,2,7,-1,-1,-1,5,1
201301WW50903,2,9,0,9,0,8,0,0,0,0,1,1,6,1,-1,2993,2,2,7,1
201301WW50904,1,3,0,14,0,8,0,0,0,0,1,1,6,1,-1,125,1,10,9,1
201301WW50904,2,9,0,9,0,8,0,0,0,0,3,1,6,1,-1,3199,1,13,6,1
201301WW50905,1,5,0,17,0,8,0,0,0,0,4,1,6,1,8,636,1,11,9,1
201301WW50905,2,9,0,17,0,8,0,0,0,0,1,1,6,1,10,1560,2,5,8,1
201301WW50907,1,1,0,18,0,8,0,0,0,0,1,1,6,1,4,-1,-1,-1,-1,-1
201301WW50907,2,9,0,7,0,8,0,0,0,0,4,1,6,3,-1,-1,-1,-1,-1,-1
201301WW50908,1,3,0,3,0,8,0,0,0,0,2,1,6,1,5,124,1,6,1,1
201301WW50908,2,9,0,18,0,8,0,0,0,0,1,1,6,1,-1,1598,1,6,-1,-1
201301WW50910,1,19,0,18,0,8,0,10,3,10,1,1,1,1,5,1686,2,10,8,1
201301WW50910,2,9,0,9,0,8,0,0,0,0,3,1,6,3,-1,1685,2,-1,-1,-1
201301WW50911,1,11,0,4,0,1,0,0,0,0,0,1,1,1,10,4760,2,1,5,1
201301WW50912,1,1,0,17,0,8,0,0,0,0,1,1,6,2,7,-1,-1,-1,10,1
201301WW50912,2,9,0,9,0,8,0,0,0,0,3,1,6,1,6,1999,1,11,6,3
201301WW50913,1,19,0,14,0,1,0,0,0,0,0,1,1,1,-1,2402,2,10,1,1
201301WW50914,1,11,0,4,0,8,0,0,0,0,0,1,1,1,-1,-1,-1,-1,-1,-1
201301WW50915,1,9,0,9,0,8,0,0,0,0,4,1,6,1,6,1769,1,9,3,1
201301WW50915,2,3,0,18,0,8,0,0,0,0,1,1,6,2,6,125,1,-1,2,1
201301WW50916,1,3,0,18,0,8,0,0,0,0,3,1,6,2,6,124,1,3,2,1
201301WW50917,1,11,0,4,0,1,0,0,0,0,0,1,1,3,-1,-1,-1,-1,-1,-1
201301WW50918,1,9,0,3,0,2,0,0,0,0,2,1,6,2,6,998,1,-1,6,1
201301WW50918,2,9,0,18,0,2,0,0,0,0,1,1,6,2,7,1998,1,10,3,1
201301WW50919,1,9,0,9,0,8,0,0,0,0,1,1,6,2,6,1598,1,5,2,1
201301WW50919,2,3,0,18,0,8,0,0,0,0,1,1,6,1,6,125,1,7,8,1
201301WW50920,1,3,0,18,0,8,0,0,0,0,1,1,6,1,5,124,1,2,5,1
201301WW50921,1,2,0,18,0,8,0,0,0,0,4,1,6,1,6,108,1,1,5,1
201301WW50921,2,9,0,18,0,8,0,0,0,0,1,1,6,1,7,1769,1,9,3,1
201301WW50922,1,9,0,9,0,8,0,0,0,0,1,1,6,1,7,2401,2,9,4,1
201301WW50924,1,9,0,17,0,8,0,0,0,0,4,1,6,1,7,1956,2,4,2,1
201301WW50925,1,8,0,1,0,0,0,0,0,0,3,1,6,1,10,2402,2,9,6,1
201301WW50925,2,3,0,18,0,0,0,0,0,0,1,1,1,1,5,109,1,-1,4,1
201301WW50925,3,9,0,3,0,0,0,0,0,0,4,1,1,3,-1,-1,-1,-1,-1,-1
201301WW50926,1,9,0,9,0,8,0,0,0,0,1,1,6,1,8,1997,1,4,10,1
201301WW50926,2,3,0,18,0,8,0,0,0,0,1,1,6,1,6,125,1,3,2,1
201301WW50927,1,9,0,9,0,8,0,0,0,0,1,1,6,2,10,1896,2,4,7,1
201301WW50928,1,9,0,18,0,8,0,0,0,0,1,1,6,1,8,3628,2,6,9,3