Accident_Index,Vehicle_Reference,Vehicle_Type,Towing_and_Articulation,Vehicle_Manoeuvre,Vehicle_Location-Restricted_Lane,Junction_Location,Skidding_and_Overturning,Hit_Object_in_Carriageway,Vehicle_Leaving_Carriageway,Hit_Object_off_Carriageway,1st_Point_of_Impact,Was_Vehicle_Left_Hand_Drive?,Journey_Purpose_of_Driver,Sex_of_Driver,Age_Band_of_Driver,Engine_Capacity_(CC),Propulsion_Code,Age_of_Vehicle,Driver_IMD_Decile,Driver_Home_Area_Type
201301WW50929,1,19,0,2,0,1,0,0,0,0,1,1,1,1,9,2402,2,8,3,1
201301WW50929,2,3,0,18,0,2,0,4,0,0,1,1,6,1,5,124,1,1,9,1
201301WW50930,1,9,0,2,0,1,0,0,0,0,4,1,6,1,7,1229,1,8,4,1
201301WW50930,2,1,0,18,0,1,0,0,0,0,1,1,6,1,6,-1,-1,-1,5,1
201301WW50931,1,9,0,18,0,0,0,0,0,0,4,1,6,1,4,-1,-1,-1,5,1
201301WW50932,1,1,0,17,0,8,0,0,0,0,1,1,6,1,5,-1,-1,-1,10,1
201301WW50933,1,8,0,1,0,0,0,10,1,1,2,1,1,2,8,1598,1,9,5,1
201301WW50934,1,11,0,18,0,8,0,0,0,0,0,1,1,1,7,6700,2,4,4,1
201301WW50935,1,1,0,18,0,8,0,0,0,0,1,1,6,1,7,-1,-1,-1,5,1
201301WW50935,2,8,0,9,0,8,0,0,0,0,1,1,1,1,8,2499,2,-1,8,1
201301WW50936,1,8,0,9,0,8,0,0,0,0,1,1,1,1,11,-1,-1,-1,1,1
201301WW50936,2,1,0,18,0,8,0,0,0,0,1,1,6,2,5,-1,-1,-1,9,1
201301WW50937,1,9,0,4,0,8,0,0,0,0,2,1,6,1,7,-1,-1,-1,8,1
201301WW50937,2,9,0,18,0,8,0,0,0,0,1,1,6,1,6,1753,2,13,4,1
201301WW50938,1,19,0,9,0,8,0,0,0,0,1,1,1,1,7,1896,2,4,4,1
201301WW50939,1,9,0,18,0,0,0,0,0,0,1,1,6,3,-1,-1,-1,-1,-1,-1
201301WW50940,1,9,0,18,0,1,0,0,0,0,1,1,6,1,9,1360,1,10,7,1
201301WW50940,2,9,0,3,0,8,0,0,0,0,2,1,6,1,7,-1,-1,-1,2,1
201301WW50940,3,9,0,3,0,8,0,0,0,0,2,1,6,1,8,1968,2,-1,-1,-1
201301WW50942,1,9,0,18,0,8,0,10,3,2,1,1,6,1,5,-1,-1,-1,7,1
201301WW50943,1,5,0,17,0,0,0,0,0,0,3,1,6,1,8,599,1,2,3,1
201301WW50944,1,1,0,18,0,8,0,0,0,0,1,1,6,1,7,-1,-1,-1,9,1
201301WW50944,2,9,0,18,0,8,0,0,0,0,4,1,6,3,-1,-1,-1,-1,-1,-1
201301WW50945,1,1,0,18,0,8,0,0,0,0,1,1,6,1,8,-1,-1,-1,9,1
201301WW50945,2,9,0,18,0,8,0,0,0,0,3,2,6,1,6,-1,-1,-1,5,1
201301WW50946,1,19,0,1,0,0,0,0,0,0,2,1,1,1,8,2198,2,2,-1,-1
201301WW50947,1,9,0,7,0,2,2,4,0,0,1,1,6,2,4,-1,-1,-1,4,1
201301WW50947,2,9,0,2,0,2,0,4,0,0,2,1,6,3,-1,1400,1,6,-1,-1
201301WW50947,3,9,0,2,0,8,0,0,0,0,2,1,6,3,-1,1390,1,7,-1,-1
201301WW50948,1,3,0,9,0,8,0,0,0,0,1,1,6,1,4,125,1,5,2,1
201301WW50948,2,9,0,18,0,8,0,0,0,0,1,1,6,1,6,1388,1,12,4,1
201301WW50949,1,9,0,18,0,8,0,10,1,1,1,1,6,2,8,998,1,19,2,1
201301WW50950,1,9,0,18,0,0,0,0,0,0,1,1,6,1,7,1396,1,11,8,1
201301WW50951,1,9,0,7,0,8,0,0,0,0,2,1,6,1,8,2996,1,7,4,1
201301WW50951,2,9,0,18,0,8,0,0,0,0,1,1,6,1,-1,1397,1,15,-1,-1
201301WW50952,1,9,0,4,0,1,0,0,0,0,2,1,6,1,9,1910,2,6,10,1
201301WW50952,2,9,0,18,0,1,0,0,0,0,1,1,6,1,6,2993,2,6,9,1
201301WW50953,1,19,0,3,0,8,0,0,0,0,2,1,1,1,6,2198,2,2,4,1
201301WW50953,2,19,0,3,0,8,0,0,0,0,2,1,1,1,7,2198,2,1,7,1
201301WW50953,3,10,0,18,0,1,0,0,0,0,1,1,6,2,7,-1,-1,-1,-1,-1
201301WW50954,1,11,0,4,0,8,0,0,0,0,0,1,6,1,8,-1,2,12,3,1
201301WW50955,1,11,0,17,0,8,0,0,0,0,0,1,6,1,6,9000,2,5,2,1
201301WW50956,1,19,0,9,0,8,0,0,0,0,4,1,1,1,8,1248,2,1,3,1
201301WW50956,2,8,0,18,0,8,0,0,0,0,1,1,6,1,7,1995,2,2,9,1
201301WW50959,1,9,0,3,0,8,0,0,0,0,3,1,6,1,5,1598,1,6,7,1
201301WW50959,2,9,0,11,0,8,0,0,0,0,4,1,6,1,-1,1896,2,9,-1,-1
201301WW50961,1,9,0,9,0,8,0,0,0,0,1,1,6,1,10,1799,1,14,5,1
201301WW50961,2,9,0,18,0,8,0,0,0,0,1,1,6,1,7,-1,-1,-1,7,1
201301WW50963,1,3,0,18,0,0,0,0,0,0,1,1,6,1,8,124,1,1,4,1
201301WW50963,2,19,0,4,0,0,0,0,0,0,2,1,1,1,7,1968,2,-1,1,1
201301WW50964,1,3,0,18,0,0,0,0,0,0,1,1,6,1,9,-1,-1,-1,-1,-1
201301WW50965,1,9,0,10,0,8,0,0,0,0,2,1,6,1,6,1390,1,7,8,1
201301WW50965,2,9,0,9,0,1,0,0,0,0,1,1,6,2,5,1498,1,7,5,1
201301WW50965,3,9,0,10,0,8,0,0,0,0,2,1,6,3,-1,-1,-1,-1,-1,-1
201301WW50967,1,9,0,18,0,0,0,0,0,0,1,1,6,2,6,-1,-1,-1,7,1
201301WW50970,1,9,0,18,0,8,0,0,0,0,4,1,6,1,6,1896,2,5,2,1
201301WW50970,2,9,0,18,0,8,0,0,0,0,1,1,6,3,-1,-1,-1,-1,-1,-1
201301WW50974,1,8,0,17,0,8,0,0,0,0,1,1,6,1,7,1896,2,3,3,1
201301WW50982,1,9,0,9,0,8,0,0,0,0,3,1,6,2,6,1598,1,4,5,1
201301WW50983,1,9,0,18,0,8,0,0,0,0,4,1,6,1,9,1998,1,8,4,1
201301WW50983,2,1,0,12,0,8,0,0,0,0,1,1,6,1,-1,-1,-1,-1,4,1
201301WW50985,1,19,0,9,0,8,0,0,0,0,1,1,6,1,9,-1,-1,-1,4,1
201301WW50986,1,9,0,18,0,8,0,0,0,0,1,1,6,1,5,1364,1,10,8,1
201301WW50986,2,9,0,3,0,1,0,0,0,0,2,1,6,2,6,1599,1,11,6,1
201301WW50986,3,9,0,3,0,1,0,0,0,0,2,1,6,1,-1,-1,-1,-1,-1,-1
201301WW50986,4,9,0,3,0,8,0,0,0,0,2,1,6,1,7,1497,8,6,7,1
201301WW50990,1,1,0,18,0,8,0,0,0,0,1,1,6,1,6,-1,-1,-1,5,1
201301WW50990,2,9,0,7,0,8,0,0,0,0,4,1,6,3,-1,-1,-1,-1,-1,-1
201301WW50991,1,19,0,1,0,8,0,0,0,0,2,1,1,1,6,2198,2,7,6,1
201301WW50991,2,9,0,18,0,1,0,0,0,0,1,1,6,2,-1,796,1,11,-1,-1
201301WW50992,1,9,0,14,0,0,0,0,0,0,1,1,6,2,7,-1,-1,-1,2,1
201301WW50992,2,11,0,2,0,0,0,0,0,0,0,1,1,1,-1,-1,-1,-1,2,1
201301WW50994,1,9,0,9,0,8,0,0,0,0,4,1,6,1,11,998,1,11,4,1
201301WW50994,2,3,0,18,0,8,0,0,0,0,1,1,6,1,4,124,1,8,3,1
201301WW59003,1,9,0,18,0,8,0,0,0,0,1,1,6,1,6,3800,1,1,4,1
201301WW59003,2,9,0,4,0,8,0,0,0,0,2,1,6,2,8,1794,1,8,2,1
201301WW59133,1,1,0,18,0,8,0,0,0,0,1,1,6,1,6,-1,-1,-1,3,1
201301WW59133,2,9,0,9,0,8,0,0,0,0,1,1,6,2,-1,1199,1,11,-1,-1
201301XD80002,1,11,0,18,0,8,0,0,0,0,1,1,1,3,-1,-1,-1,-1,-1,-1
201301XD80003,1,9,0,17,0,8,0,0,0,0,2,1,6,1,4,1124,1,10,3,1
201301XD80003,2,9,0,17,0,8,0,0,0,0,1,1,6,1,-1,1995,1,6,-1,-1
201301XD80006,1,9,0,14,0,8,0,0,0,0,1,1,6,2,6,1597,1,29,6,1
201301XD80007,1,19,0,18,0,8,0,0,0,0,1,1,1,1,5,1461,2,2,-1,-1
201301XD80007,2,3,0,9,0,8,0,0,0,0,3,1,2,1,6,124,1,3,6,1
201301XD80008,1,11,0,5,0,1,0,0,0,0,0,1,1,1,8,7300,2,8,7,1
201301XD80010,1,9,0,18,0,8,0,0,0,0,1,1,6,1,4,999,1,14,3,1
201301XD80010,2,9,0,3,0,8,0,0,0,0,2,1,6,1,5,1968,2,5,4,1
201301XD80011,1,9,0,3,0,0,0,0,0,0,2,1,6,1,6,998,1,14,4,1
201301XD80011,2,9,0,3,0,0,0,0,0,0,2,1,6,1,8,2979,1,12,4,1
201301XD80011,3,19,0,18,0,0,0,0,0,0,1,1,6,1,7,1995,2,6,2,1
201301XD80013,1,3,0,17,0,1,0,0,0,0,2,1,6,1,5,125,1,7,1,1
201301XD80013,2,9,0,17,0,1,0,0,0,0,1,1,6,1,7,1248,2,6,2,1
201301XD80014,1,9,0,15,0,8,5,0,0,0,1,1,6,2,7,1799,1,8,5,1
201301XD80014,2,9,0,10,0,8,0,0,0,0,2,1,6,1,8,1995,2,9,8,1
201301XD80014,3,9,0,15,0,8,0,0,0,0,1,1,6,3,-1,-1,-1,-1,-1,-1
201301XD80016,1,9,0,4,0,0,0,0,0,0,2,1,2,1,6,1995,1,11,2,1
201301XD80016,2,9,0,18,0,0,0,0,0,0,1,1,6,3,-1,-1,-1,-1,-1,-1
201301XD80017,1,9,0,9,0,8,0,0,0,0,3,1,6,1,8,1900,2,13,6,1
201301XD80017,2,3,0,18,0,8,0,0,0,0,1,1,6,1,6,124,1,6,6,1
201301XD80019,1,9,0,12,0,8,0,0,0,0,3,1,6,1,6,1968,2,5,9,1
201301XD80019,2,9,0,18,0,8,0,0,0,0,1,1,6,1,6,-1,-1,-1,3,1
201301XD80020,1,4,0,14,0,8,0,0,0,0,1,1,6,1,7,279,1,6,5,1
201301XD80020,2,11,0,2,0,8,0,0,0,0,0,1,1,1,7,9360,2,4,6,1
201301XD80021,1,9,0,18,0,0,0,10,7,2,1,1,6,2,7,1998,1,11,5,1
201301XD80022,1,9,0,9,0,8,0,0,0,0,4,1,6,1,8,-1,-1,-1,8,1
201301XD80022,2,3,0,18,0,8,0,0,0,0,1,1,6,1,7,125,1,8,9,1
201301XD80023,1,9,0,13,0,0,0,0,0,0,1,1,6,1,6,1368,1,1,2,1
201301XD80023,2,9,0,18,0,0,0,0,0,0,2,1,6,2,6,1598,1,10,2,1
201301XD80024,1,5,0,18,0,0,0,0,0,0,1,1,6,1,6,599,1,5,5,1
201301XD80025,1,9,0,12,0,0,0,0,0,0,0,1,6,3,-1,-1,-1,-1,-1,-1
201301XD80025,2,9,0,18,0,0,0,10,8,7,1,1,6,1,7,1364,1,6,5,1
201301XD80025,3,9,0,18,0,0,0,0,0,0,3,1,6,1,8,2902,2,9,3,1
201301XD80025,4,9,0,18,0,0,0,0,0,0,2,1,6,2,7,1799,1,5,2,1
201301XD80025,5,9,0,18,0,0,0,0,0,0,1,1,6,1,9,2148,2,9,2,1
201301XD80027,1,1,0,18,0,8,0,0,0,0,0,1,6,1,4,-1,-1,-1,4,1
201301XD80027,2,9,0,9,0,8,0,0,0,0,0,1,6,3,-1,-1,-1,-1,-1,-1
201301XD80028,1,9,0,14,0,0,0,0,0,0,1,1,6,1,6,-1,-1,-1,5,1
201301XD80030,1,5,0,18,0,0,0,0,0,0,1,1,6,1,7,749,1,5,9,1
201301XD80031,1,9,0,18,0,8,0,0,0,0,1,1,6,3,-1,-1,-1,-1,-1,-1
201301XD80032,1,8,0,3,0,8,0,0,0,0,2,1,1,1,6,1791,8,1,1,1
201301XD80032,2,9,0,18,0,1,0,0,0,0,1,1,6,1,5,1396,1,18,7,1
201301XD80033,1,9,0,18,0,0,0,0,0,0,3,1,6,1,7,1896,2,12,4,1
201301XD80033,2,9,0,18,0,0,0,0,0,0,4,1,6,1,8,3199,1,13,6,1
201301XD80033,3,9,0,18,0,0,0,0,0,0,3,1,6,2,9,1229,1,6,4,1
201301XD80034,1,19,0,5,0,0,0,0,0,0,1,1,6,1,6,2143,2,3,2,1
201301XD80035,1,9,0,18,0,0,0,0,0,0,2,1,6,2,5,1360,1,7,6,1
201301XD80035,2,9,0,4,0,0,0,0,0,0,1,1,6,2,8,-1,-1,-1,3,1
201301XD80036,1,9,0,13,0,8,0,0,0,0,1,1,6,3,-1,2198,2,7,-1,-1
201301XD80036,2,9,0,16,0,8,0,0,0,0,3,1,6,1,4,1686,2,2,4,1
201301XD80036,3,9,0,2,0,8,0,0,0,0,1,1,6,3,-1,1590,1,8,-1,-1
201301XD80036,4,9,0,16,0,8,0,0,0,0,2,1,6,1,-1,1995,1,11,4,1
201301XD80037,1,9,0,17,0,8,0,0,0,0,1,1,6,2,8,2521,1,4,6,2
201301XD80037,2,9,0,9,0,8,0,0,0,0,4,1,6,1,5,1349,1,13,9,1
201301XD80038,1,9,0,18,0,8,0,0,0,0,1,1,6,1,5,1390,1,11,2,1
201301XD80038,2,9,0,9,0,8,0,0,0,0,4,1,6,1,6,-1,-1,-1,1,1
201301XD80039,1,9,0,18,0,0,0,4,0,0,1,1,6,2,5,1400,1,7,5,1
201301XD80039,2,9,0,18,0,0,0,4,0,0,3,1,6,1,9,1461,2,3,5,1
201301XD80039,3,9,0,2,0,0,0,0,0,0,3,1,6,1,7,2926,2,12,5,1
201301XD80039,4,9,0,2,0,0,0,0,0,0,3,1,6,1,11,1798,1,4,5,1
201301XD80040,1,9,0,18,0,1,0,0,0,0,4,1,6,2,8,1998,1,11,3,1
201301XD80040,2,9,0,15,0,1,0,0,0,0,3,1,6,2,-1,1299,1,12,-1,-1
201301XD80041,1,9,0,8,0,8,0,0,0,0,2,1,2,1,9,1995,2,5,4,1
201301XD80041,2,19,0,9,0,8,0,10,3,1,1,1,6,3,-1,-1,-1,-1,-1,-1
201301XD80042,1,19,0,18,0,0,0,10,8,7,4,1,1,1,7,2148,2,5,9,1
201301XD80042,2,9,0,15,0,0,0,10,1,7,3,1,2,1,7,1839,1,17,7,1
201301XD80044,1,3,0,16,0,8,0,0,0,0,1,1,6,1,5,124,1,6,6,1
201301XD80045,1,90,0,18,0,8,0,0,0,0,4,1,6,1,7,2402,2,8,8,1
201301XD80045,2,9,0,16,0,8,0,0,0,0,1,1,6,1,6,1299,1,10,9,1
201301XD80046,1,20,0,2,0,8,0,0,0,0,2,1,1,1,-1,-1,-1,-1,-1,-1
201301XD80047,1,5,0,18,0,8,0,10,0,0,1,1,6,1,6,998,1,3,2,1
201301XD80050,1,1,0,18,0,8,0,0,0,0,1,1,6,1,7,-1,-1,-1,8,1
201301XD80050,2,9,0,9,0,8,0,0,0,0,1,1,6,3,-1,-1,-1,-1,-1,-1
201301XD80051,1,9,0,3,0,1,0,0,0,0,2,1,6,1,7,1896,2,11,8,1
201301XD80051,2,9,0,18,0,1,0,0,0,0,1,1,6,1,-1,1896,2,5,3,1
201301XD80052,1,1,0,18,0,2,0,0,0,0,1,1,6,1,8,-1,-1,-1,8,3
201301XD80052,2,9,0,18,0,2,0,0,0,0,4,1,6,3,-1,-1,-1,-1,-1,-1
201301XD80053,1,9,0,10,0,1,0,0,0,0,2,1,6,1,4,1390,1,10,6,1
201301XD80053,2,19,0,9,0,8,0,0,0,0,1,1,6,1,-1,1753,2,12,-1,-1
201301XD80054,1,9,0,18,0,0,0,0,0,0,1,1,6,3,-1,-1,-1,-1,-1,-1
201301XD80055,1,9,0,14,0,0,0,0,0,0,1,1,6,1,8,799,2,4,5,1
201301XD80055,2,90,0,2,0,0,0,0,0,0,0,1,1,1,-1,-1,-1,-1,-1,-1
201301XD80056,1,9,0,18,0,8,0,0,0,0,1,1,6,1,7,998,1,7,3,1
201301XD80056,2,19,0,18,0,8,0,0,0,0,1,1,6,1,7,2402,2,3,4,1
201301XD80057,1,9,0,9,0,8,0,0,0,0,1,1,6,1,8,1590,1,12,2,1
201301XD80057,2,1,0,17,0,8,0,0,0,0,1,1,6,1,7,-1,-1,-1,5,1
201301XD80058,1,9,0,9,0,8,0,0,0,0,3,1,6,1,7,1598,1,10,3,1
201301XD80058,2,3,0,18,0,8,0,0,0,0,1,1,6,1,5,124,1,6,1,1
201301XD80059,1,9,0,17,0,0,0,0,0,0,3,1,6,1,6,1598,1,6,5,1
201301XD80060,1,19,0,9,0,8,0,0,0,0,3,1,6,1,6,2151,2,9,7,1
201301XD80060,2,3,0,18,0,8,0,0,0,0,1,1,6,1,5,124,1,2,3,1
201301XD80061,1,9,0,9,0,8,0,0,0,0,1,1,6,2,8,1991,2,8,9,3
201301XD80062,1,11,0,4,0,1,0,0,0,0,0,1,1,1,7,-1,-1,-1,3,1
201301XD80063,1,9,0,18,0,8,0,0,0,0,2,1,6,1,5,1229,1,3,2,1
201301XD80063,2,9,0,18,0,8,0,0,0,0,1,1,6,1,-1,1997,2,10,-1,-1
201301XD80064,1,9,0,9,0,8,0,0,0,0,3,1,6,2,8,1396,1,17,5,1
201301XD80064,2,3,0,18,0,8,0,0,0,0,1,1,6,1,5,124,1,2,6,1
201301XD80065,1,5,0,18,0,8,0,0,0,0,1,1,6,1,6,675,1,4,5,1
201301XD80065,2,9,0,9,0,8,0,0,0,0,1,1,6,1,8,2387,2,9,4,1
201301XD80067,1,11,0,4,0,0,0,0,0,0,0,1,1,1,5,-1,-1,-1,6,1
201301XD80068,1,3,0,2,0,8,0,0,0,0,0,1,1,1,7,124,1,3,-1,-1
201301XD80068,2,9,0,5,0,8,0,0,0,0,0,1,6,1,5,1390,1,1,-1,-1
201301XD80070,1,9,0,7,0,8,0,0,0,0,1,1,6,3,-1,-1,-1,-1,-1,-1
201301XD80072,1,3,0,16,0,8,0,0,0,0,4,1,6,1,6,-1,-1,-1,7,1
201301XD80072,2,9,0,12,0,8,0,0,0,0,3,1,6,1,-1,2996,1,6,3,1
201301XD80074,1,9,0,3,0,8,0,0,0,0,2,1,6,2,6,1995,2,8,5,1
201301XD80074,2,9,0,3,0,8,0,0,0,0,2,1,6,2,6,1597,1,4,4,1
201301XD80074,3,19,0,18,0,1,0,0,0,0,1,1,1,1,-1,-1,-1,-1,-1,-1
201301XD80075,1,9,0,4,0,0,0,0,0,0,2,1,6,1,6,1991,2,8,4,1
201301XD80075,2,8,0,4,0,0,0,0,0,0,2,1,6,1,7,2143,2,1,10,1
201301XD80075,3,9,0,4,0,0,0,0,0,0,2,1,6,1,7,1896,2,10,5,1
201301XD80075,4,9,0,18,0,0,0,0,0,0,1,1,6,1,-1,1995,2,9,5,1
201301XD80076,1,9,0,18,0,0,0,0,0,0,1,1,6,3,-1,-1,-1,-1,-1,-1
201301XD80077,1,3,0,18,0,0,0,0,0,0,1,1,2,1,-1,49,1,7,2,1
201301XD80077,2,9,0,4,0,0,0,0,0,0,2,1,2,1,8,1598,1,1,3,1
201301XD80077,3,9,0,11,0,0,0,0,0,0,0,1,2,1,5,1995,2,2,2,1
201301XD80078,1,11,0,4,0,0,0,0,0,0,0,1,6,1,7,9360,2,4,1,1
201301XD80080,1,9,0,18,0,8,0,0,0,0,1,1,6,1,6,1199,1,12,2,1
201301XD80080,2,1,0,9,0,8,0,0,0,0,1,1,6,1,5,-1,-1,-1,4,1
201301XD80081,1,9,0,11,0,0,0,0,0,0,2,1,6,1,6,1988,1,11,6,1
201301XD80081,2,9,0,18,0,0,0,0,0,0,1,1,6,1,7,2497,2,11,3,1
201301XD80082,1,9,0,18,0,8,0,0,0,0,2,1,6,2,9,1461,2,2,4,1
201301XD80082,2,9,0,1,0,8,0,0,0,0,1,1,6,1,-1,1360,1,12,-1,-1
201301XD80083,1,9,0,18,0,1,0,0,0,0,1,1,6,1,7,1997,1,5,4,1
201301XD80083,2,9,0,4,0,8,0,0,0,0,2,1,6,1,-1,1299,1,10,-1,-1
201301XD80084,1,9,0,18,0,8,0,0,0,0,3,1,6,2,8,1799,1,5,5,1
201301XD80084,2,9,0,9,0,8,0,0,0,0,1,1,6,2,5,1299,1,13,4,1
201301XD80085,1,11,0,3,0,2,0,0,0,0,2,1,1,1,6,9000,2,4,3,1
201301XD80085,2,9,0,15,0,2,0,0,0,0,1,1,1,1,6,-1,-1,-1,3,1
201301XD80086,1,9,0,7,0,8,0,0,0,0,1,1,6,2,-1,1360,1,6,8,1
201301XD80086,2,1,0,18,0,8,0,0,0,0,1,1,6,1,6,-1,-1,-1,4,1
201301XD80087,1,9,0,9,0,8,0,0,0,0,3,1,6,1,7,1679,1,12,4,1
201301XD80087,2,3,0,15,0,8,0,0,0,0,1,1,6,1,6,125,1,3,4,1
201301XD80089,1,19,0,18,0,8,0,0,0,0,1,1,1,1,7,2198,2,2,2,1
201301XD80089,2,9,0,3,0,8,0,0,0,0,1,1,6,1,6,1061,1,8,7,1
201301XD80090,1,1,0,7,0,8,0,0,0,0,2,1,6,1,6,-1,-1,-1,3,1
201301XD80090,2,9,0,7,0,8,0,0,0,0,1,1,6,2,-1,-1,-1,-1,-1,-1
201301XD80091,1,11,0,4,0,1,0,0,0,0,0,1,1,1,8,9000,2,2,5,1
201301XD80092,1,9,0,9,0,8,0,0,0,0,2,1,6,1,7,1794,1,5,6,1
201301XD80092,2,9,0,9,0,8,0,0,0,0,1,1,6,1,-1,-1,-1,-1,1,1
201301XD80093,1,9,0,4,0,0,0,0,0,0,2,1,6,1,-1,2987,2,3,4,1
201301XD80093,2,19,0,18,0,0,0,0,0,0,1,1,1,1,8,-1,-1,-1,3,1
201301XD80094,1,9,0,18,0,2,0,0,0,0,4,1,6,1,7,1598,2,7,5,1
201301XD80095,1,11,0,4,0,1,0,0,0,0,0,1,1,1,7,9360,2,1,2,1
201301XD80096,1,9,0,10,0,1,0,0,0,0,2,1,1,1,7,2231,2,5,-1,-1
201301XD80096,2,9,0,18,0,1,0,0,0,0,3,1,6,1,7,1587,1,8,4,1
201301XD80096,3,9,0,18,0,1,0,0,0,0,4,1,6,1,6,3596,1,6,3,1
201301XD80097,1,9,0,1,0,2,0,0,0,0,0,1,6,2,6,1598,1,11,10,1
201301XD80098,1,8,0,18,0,0,0,0,0,0,1,1,6,1,7,1560,2,1,2,1
201301XD80098,2,10,0,4,0,0,0,0,0,0,2,1,6,2,8,-1,-1,-1,-1,-1
201301XD80099,1,19,0,8,0,8,0,0,0,0,2,1,1,1,8,1461,2,2,-1,-1
201301XD80099,2,9,0,18,0,8,0,0,0,0,1,1,6,3,-1,1995,1,10,-1,-1
201301XD80100,1,9,0,18,0,8,0,0,0,0,3,1,6,1,5,2204,2,9,4,1
201301XD80100,2,11,0,9,0,8,0,0,0,0,1,1,1,1,9,4500,2,4,3,1
201301XD80101,1,9,0,9,0,8,0,0,0,0,0,1,6,2,6,1896,2,10,5,1
201301XD80101,2,3,0,4,0,1,1,0,0,0,4,1,2,1,6,124,1,2,4,1
201301XD80103,1,19,0,18,0,0,0,0,0,0,4,1,6,3,-1,-1,-1,-1,-1,-1
201301XD80104,1,3,0,18,0,0,0,0,0,0,0,1,1,1,6,124,1,2,-1,-1
201301XD80104,2,9,0,12,0,0,0,0,0,0,0,1,6,3,-1,-1,-1,-1,-1,-1
201301XD80105,1,9,0,3,0,2,0,0,0,0,2,1,6,1,6,-1,-1,-1,5,1
201301XD80105,2,9,0,18,0,2,0,0,0,0,1,1,6,2,-1,1360,1,11,5,1
201301XD80106,1,11,0,18,0,1,0,0,0,0,4,1,6,1,8,9360,2,3,3,1
201301XD80106,2,1,0,18,0,1,0,0,0,0,1,1,6,1,4,-1,-1,-1,1,1
201301XD80107,1,9,0,4,0,2,0,0,0,0,0,1,6,3,-1,-1,-1,-1,-1,-1
201301XD80107,2,9,0,4,0,2,0,0,0,0,2,1,6,2,6,1998,1,11,2,1
201301XD80107,3,9,0,4,0,2,0,0,0,0,1,1,6,2,7,1896,2,9,9,1
201301XD80107,4,9,0,4,0,2,0,0,0,0,1,1,6,2,7,998,1,14,4,1
201301XD80107,5,9,0,4,0,2,0,0,0,0,2,1,6,1,8,1986,2,8,5,1
201301XD80107,6,9,0,4,0,2,0,0,0,0,1,1,6,1,6,1461,2,3,2,1
201301XD80108,1,11,0,4,0,2,0,0,0,0,0,1,1,1,-1,-1,-1,-1,-1,-1
201301XD80109,1,9,0,18,0,0,0,0,0,0,3,1,6,1,11,-1,-1,-1,3,1
201301XD80111,1,11,0,4,0,2,0,0,0,0,0,1,1,2,8,9000,2,2,4,1
201301XD80112,1,9,0,18,0,1,0,0,0,0,3,1,6,2,8,1332,1,15,-1,-1
201301XD80113,1,9,0,7,0,8,0,0,0,0,2,1,6,1,7,1995,2,6,5,1
201301XD80113,2,9,0,18,0,8,0,0,0,0,1,1,6,1,7,2438,1,13,-1,-1
201301XD80114,1,8,0,11,0,0,0,0,0,0,1,1,6,1,6,1896,2,7,3,1
201301XD80114,2,3,0,18,0,0,0,0,0,0,1,1,6,1,7,125,1,5,10,1
201301XD80115,1,1,0,9,0,8,0,0,0,0,1,1,6,1,6,-1,-1,-1,6,1
201301XD80115,2,8,0,18,0,8,0,0,0,0,3,1,1,1,9,2143,2,1,2,1
201301XD80116,1,9,0,1,0,8,0,0,0,0,2,1,1,1,9,-1,-1,-1,-1,-1
201301XD80117,1,9,0,4,0,0,0,0,0,0,0,1,6,3,-1,-1,-1,-1,-1,-1
201301XD80117,2,9,0,4,0,0,0,0,0,0,2,1,6,1,6,1796,1,6,4,1
201301XD80117,3,9,0,18,0,0,0,0,0,0,1,1,6,2,8,1998,1,7,4,1
201301XD80118,1,9,0,18,0,0,0,0,0,0,1,1,6,1,5,1390,1,3,4,1
201301XD80118,2,9,0,1,0,0,0,0,0,0,1,1,6,2,9,1596,1,8,4,1
201301XD80118,3,9,0,2,0,0,0,0,0,0,4,1,1,1,7,-1,-1,-1,-1,-1
201301XD80119,1,9,0,10,0,8,0,0,0,0,2,1,6,1,7,1796,1,5,-1,-1
201301XD80119,2,9,0,18,0,8,0,0,0,0,1,1,6,3,-1,1248,2,2,-1,-1
201301XD80120,1,9,0,9,0,8,0,0,1,2,4,1,1,1,6,1242,1,9,-1,-1
201301XD80120,2,19,0,18,0,8,0,0,0,0,1,1,6,1,5,1248,2,1,6,1
201301XD80121,1,9,0,18,0,0,0,0,0,0,2,1,6,1,5,1400,1,8,-1,-1
201301XD80121,2,9,0,12,0,0,0,0,0,0,1,1,6,3,-1,1199,1,11,-1,-1
201301XD80122,1,9,0,9,0,8,0,0,0,0,4,1,2,1,6,1596,1,8,-1,-1
201301XD80122,2,1,0,18,0,8,0,0,0,0,1,1,6,1,5,-1,-1,-1,5,1
201301XD80123,1,5,0,18,0,0,0,0,0,0,3,1,2,1,9,498,1,15,6,1
201301XD80124,1,9,0,3,0,8,0,0,0,0,2,1,6,1,8,1598,1,8,3,1
201301XD80124,2,9,0,18,0,8,0,0,0,0,1,1,6,3,-1,1896,2,7,-1,-1
201301XD80125,1,19,0,18,0,0,0,0,0,0,1,1,6,1,10,-1,-1,-1,8,1
201301XD80126,1,1,0,18,0,2,0,0,0,0,1,1,6,3,-1,-1,-1,-1,-1,-1
201301XD80127,1,9,0,4,0,2,0,0,0,0,2,1,2,1,6,2231,2,8,-1,-1
201301XD80127,2,9,0,18,0,2,0,0,0,0,1,1,2,1,7,-1,-1,-1,-1,-1
201301XD80129,1,1,0,18,0,8,0,0,0,0,1,1,6,2,6,-1,-1,-1,4,1
201301XD80129,2,9,0,9,0,8,0,0,0,0,4,1,6,1,10,2198,1,16,2,1
201301XD80130,1,9,0,15,0,0,0,0,0,0,4,1,2,1,5,1600,1,14,6,1
201301XD80130,2,9,0,2,0,0,0,0,0,0,1,1,6,1,7,1598,1,8,6,1