Accident_Index,Vehicle_Reference,Vehicle_Type,Towing_and_Articulation,Vehicle_Manoeuvre,Vehicle_Location-Restricted_Lane,Junction_Location,Skidding_and_Overturning,Hit_Object_in_Carriageway,Vehicle_Leaving_Carriageway,Hit_Object_off_Carriageway,1st_Point_of_Impact,Was_Vehicle_Left_Hand_Drive?,Journey_Purpose_of_Driver,Sex_of_Driver,Age_Band_of_Driver,Engine_Capacity_(CC),Propulsion_Code,Age_of_Vehicle,Driver_IMD_Decile,Driver_Home_Area_Type
201301XD80130,3,9,0,2,0,0,0,0,0,0,2,1,6,1,7,1896,2,11,-1,-1
201301XD80131,1,9,0,18,0,8,0,0,0,0,1,1,6,3,-1,-1,-1,-1,-1,-1
201301XD80132,1,9,0,3,0,8,0,0,0,0,2,1,3,1,5,1798,1,12,6,1
201301XD80132,2,20,0,9,0,8,0,0,0,0,1,1,1,3,-1,-1,-1,-1,-1,-1
201301XD80134,1,21,0,18,0,2,0,0,0,0,2,1,6,1,6,4500,2,6,9,1
201301XD80134,2,9,0,18,0,2,0,0,0,0,3,1,6,2,8,-1,-1,-1,8,1
201301XD80135,1,5,0,18,0,8,0,0,0,0,1,1,2,1,7,645,1,6,6,1
201301XD80135,2,9,0,9,0,8,0,0,0,0,0,1,6,1,-1,1199,1,12,-1,-1
201301XD80136,1,9,0,18,0,1,0,0,0,0,3,1,1,1,6,1968,2,1,3,1
201301XD80137,1,90,0,18,0,8,0,0,0,0,4,1,1,1,5,2148,2,4,8,1
201301XD80137,2,9,0,9,0,8,0,0,0,0,1,1,6,2,8,1390,1,6,7,1
201301XD80138,1,9,0,9,0,8,0,0,0,0,1,1,6,2,7,1590,1,8,6,1
201301XD80138,2,9,0,17,0,8,0,0,0,0,1,1,6,2,6,1399,2,4,5,1
201301XD80139,1,9,0,9,0,8,0,0,0,0,3,1,6,2,4,1149,1,15,1,1
201301XD80139,2,1,0,18,0,8,0,0,0,0,1,1,6,1,6,-1,-1,-1,2,1
201301XD80140,1,9,0,9,0,8,0,0,0,0,4,1,6,1,6,1998,1,11,6,1
201301XD80140,2,9,0,18,0,8,0,0,0,0,1,1,6,1,6,1299,1,14,5,1
201301XD80141,1,11,0,4,0,8,0,0,0,0,0,1,1,1,7,7300,2,8,3,1
201301XD80142,1,9,0,18,0,0,0,0,0,0,1,1,6,2,7,1388,1,10,5,1
201301XD80142,2,9,0,2,0,0,0,0,0,0,3,1,6,3,-1,1589,1,18,3,1
201301XD80143,1,9,0,14,0,0,0,0,0,0,4,1,6,1,4,1242,1,13,3,1
201301XD80143,2,9,0,18,0,0,0,0,0,0,3,1,6,3,-1,1399,2,9,-1,-1
201301XD80143,3,9,0,2,0,0,0,0,0,0,3,1,6,3,-1,4266,1,12,-1,-1
201301XD80144,1,3,0,18,0,8,0,0,0,0,1,1,6,1,-1,-1,-1,-1,-1,-1
201301XD80145,1,9,0,4,0,8,0,0,0,0,2,1,6,2,6,1995,1,3,6,1
201301XD80145,2,20,0,18,0,8,0,0,0,0,1,1,1,1,7,6370,2,1,2,1
201301XD80145,3,19,0,4,0,8,0,0,0,0,1,1,1,1,-1,2148,2,5,-1,-1
201301XD80146,1,9,0,4,0,0,0,0,0,0,2,1,6,1,7,1597,1,13,1,1
201301XD80146,2,9,0,18,0,0,0,0,0,0,1,2,6,1,-1,-1,-1,-1,-1,-1
201301XD80147,1,9,0,18,0,0,0,0,0,0,2,1,6,1,7,1995,2,9,3,1
201301XD80147,2,9,0,18,0,0,0,0,0,0,1,1,6,1,7,1498,1,5,5,1
201301XD80147,3,9,0,4,0,0,0,0,0,0,1,1,6,1,7,1910,2,5,8,1
201301XD80147,4,9,0,18,0,0,0,0,0,0,1,1,6,1,6,1590,1,8,1,1
201301XD80147,5,9,0,18,0,0,0,0,0,0,2,1,6,1,6,1397,1,11,2,1
201301XD80148,1,9,0,3,0,8,0,0,0,0,2,1,6,2,7,998,1,19,2,1
201301XD80148,2,9,0,18,0,8,0,0,0,0,1,1,6,1,-1,1910,2,5,-1,-1
201301XD80149,1,9,0,18,0,8,0,0,0,0,1,1,6,1,7,-1,-1,-1,8,1
201301XD80150,1,9,0,7,0,8,0,0,0,0,1,1,6,2,8,1598,1,10,3,1
201301XD80152,1,9,0,18,0,0,0,10,7,10,1,1,6,1,5,-1,-1,-1,4,1
201301XD80152,2,9,0,2,0,0,0,0,0,0,1,1,6,3,-1,1781,1,15,-1,-1
201301XD80153,1,90,0,16,0,0,0,5,0,0,4,1,1,1,7,6870,2,5,1,1
201301XD80154,1,9,0,6,0,0,0,0,0,0,2,1,6,3,-1,1598,1,6,-1,-1
201301XD80154,2,1,0,18,0,0,0,0,0,0,1,1,6,1,7,-1,-1,-1,7,1
201301XD80155,1,9,0,7,0,8,0,0,0,0,4,1,6,1,8,1850,1,15,3,1
201301XD80155,2,1,0,18,0,8,0,0,0,0,1,1,6,1,8,-1,-1,-1,5,1
201301XD80156,1,9,0,18,0,8,0,0,0,0,1,1,6,3,-1,-1,-1,-1,-1,-1
201301XD80158,1,9,0,18,0,8,0,0,0,0,1,1,6,2,8,998,1,4,-1,-1
201301XD80159,1,9,0,18,0,8,0,0,0,0,2,1,2,1,8,1800,1,13,7,1
201301XD80159,2,19,0,18,0,1,0,0,0,0,1,1,6,1,-1,1753,2,10,6,1
201301XD80160,1,1,0,18,2,2,0,0,0,0,1,1,2,1,-1,-1,-1,-1,-1,-1
201301XD80161,1,9,0,9,0,8,0,0,0,0,1,1,6,2,6,1598,1,11,3,1
201301XD80162,1,9,0,9,0,2,0,0,0,0,1,1,6,1,6,-1,-1,-1,3,1
201301XD80162,2,9,0,2,0,2,0,0,0,0,2,1,6,1,6,1299,1,11,8,1
201301XD80162,3,9,0,2,0,2,0,0,0,0,2,1,6,1,-1,1850,1,13,3,1
201301XD80163,1,9,0,9,0,8,0,0,0,0,1,1,6,1,7,2156,1,16,9,1
201301XD80163,2,5,0,18,0,8,0,0,0,0,1,1,6,1,6,998,1,6,5,1
201301XD80164,1,9,0,4,0,8,0,0,0,0,2,1,6,1,6,1781,1,14,3,1
201301XD80164,2,9,0,18,0,8,0,0,0,0,1,1,6,3,-1,1896,2,15,-1,-1
201301XD80165,1,9,0,4,0,0,0,0,0,0,2,1,6,1,-1,1229,1,1,-1,-1
201301XD80165,2,9,0,4,0,0,0,0,0,0,1,1,6,2,8,2435,1,9,10,1
201301XD80165,3,9,0,18,0,0,0,0,0,0,1,1,6,3,-1,998,1,15,-1,-1
201301XD80166,1,9,0,18,0,2,0,0,0,0,1,1,6,2,6,1390,1,11,4,1
201301XD80167,1,5,0,18,0,8,0,0,0,0,4,1,6,1,7,1255,1,3,4,1
201301XD80168,1,9,0,18,0,0,0,10,1,2,1,1,6,2,9,599,1,13,6,1
201301XD80169,1,9,0,10,0,8,0,0,0,0,2,1,6,1,7,1600,1,13,4,1
201301XD80169,2,9,0,18,0,8,0,0,0,0,1,1,6,1,-1,-1,-1,-1,-1,-1
201301XD80170,1,9,0,9,0,8,0,0,0,0,1,1,6,2,5,1397,1,11,3,1
201301XD80170,2,8,0,18,0,8,0,0,0,0,3,1,1,1,8,998,1,5,8,3
201301XD80171,1,3,0,18,0,8,0,0,0,0,1,1,1,1,5,109,1,-1,3,1
201301XD80171,2,9,0,18,0,8,0,0,0,0,1,1,6,2,5,1296,1,7,3,1
201301XD80172,1,9,0,18,0,0,0,0,0,0,2,1,6,1,6,1799,1,7,4,1
201301XD80172,2,3,0,18,0,0,0,0,0,0,1,1,6,1,8,125,1,8,5,1
201301XD80173,1,19,0,18,0,0,0,0,0,0,1,1,2,1,5,1686,2,10,3,1
201301XD80173,2,9,0,18,0,0,0,0,0,0,1,1,2,1,8,1598,2,-1,10,1
201301XD80173,3,9,0,4,0,0,0,0,0,0,2,1,6,1,6,1896,2,10,2,1
201301XD80174,1,9,0,18,0,8,0,0,0,0,3,1,6,1,-1,-1,-1,-1,4,1
201301XD80174,2,9,0,9,0,8,0,0,0,0,1,1,6,2,-1,2148,2,11,3,1
201301XD80175,1,3,0,9,0,8,0,0,0,0,1,1,6,1,6,124,1,5,4,1
201301XD80175,2,9,0,18,0,8,0,0,0,0,1,1,6,1,5,1149,1,14,4,3
201301XD80176,1,9,0,16,0,8,0,0,0,0,2,1,6,1,6,1896,2,9,3,1
201301XD80176,2,9,0,16,0,8,0,0,0,0,1,1,6,1,-1,1968,2,7,-1,-1
201301XD80177,1,3,0,18,0,8,0,0,0,0,1,1,6,1,6,125,1,2,5,1
201301XD80177,2,9,0,9,0,8,0,0,0,0,3,1,6,1,9,-1,-1,-1,4,1
201301XD80179,1,3,0,18,0,2,0,0,0,0,1,1,6,1,6,-1,-1,-1,6,1
201301XD80180,1,3,0,18,0,8,0,0,0,0,1,1,6,1,4,124,1,1,4,1
201301XD80180,2,9,0,9,0,8,0,0,0,0,1,1,6,1,8,998,1,18,6,1
201301XD80182,1,5,0,4,0,8,0,0,0,0,4,1,6,1,5,798,1,3,4,1
201301XD80182,2,9,0,11,0,8,0,0,0,0,0,1,6,2,6,1598,1,9,7,1
201301XD80184,1,9,0,18,0,8,0,0,0,0,1,1,6,1,4,1995,2,4,2,1
201301XD80185,1,9,0,18,0,8,0,0,0,0,1,1,6,2,6,1598,1,9,4,1
201301XD80185,2,11,0,9,0,8,0,0,0,0,4,1,1,2,7,-1,-1,-1,3,1
201301XD80186,1,9,0,17,0,8,0,0,0,0,1,1,6,1,7,2000,2,8,3,1
201301XD80186,2,9,0,9,0,8,0,0,0,0,1,1,6,1,7,1995,1,12,6,1
201301XD80187,1,9,0,7,0,8,0,0,0,0,1,1,6,1,7,1910,2,4,3,1
201301XD80187,2,19,0,18,0,8,0,10,7,10,4,1,6,1,10,1995,2,5,7,1
201301XD80188,1,11,0,4,0,8,0,0,0,0,0,1,1,1,9,4500,2,4,-1,-1
201301XD80189,1,9,0,9,0,8,0,0,0,0,3,1,6,1,9,1229,1,8,3,1
201301XD80189,2,5,0,14,0,8,0,0,0,0,1,1,6,1,4,400,1,23,3,1
201301XD80191,1,9,0,9,0,8,0,0,0,0,1,1,6,2,-1,1797,8,3,6,1
201301XD80193,1,19,0,16,0,0,0,0,0,0,3,1,1,1,5,2198,2,4,-1,-1
201301XD80193,2,9,0,17,0,0,0,0,0,0,3,1,6,1,10,2438,1,19,1,1
201301XD80193,3,9,0,17,0,0,0,0,0,0,3,1,6,3,7,1796,1,7,5,1
201301XD80194,1,9,0,18,0,8,0,0,0,0,1,1,6,3,-1,-1,-1,-1,-1,-1
201301XD80196,1,9,0,18,0,2,0,0,0,0,1,1,6,3,-1,-1,-1,-1,-1,-1
201301XD80198,1,21,0,18,0,0,0,0,4,6,3,1,6,1,8,12777,2,1,4,1
201301XD80198,2,9,0,18,0,0,0,11,0,0,3,1,6,1,7,2143,2,1,2,1
201301XD80198,3,9,0,18,0,0,0,0,0,0,3,1,6,1,8,2180,2,18,4,1
201301XD80198,4,9,0,18,0,0,0,0,0,0,3,1,6,1,8,1968,2,2,5,3
201301XD80199,1,9,0,18,0,2,0,0,0,0,1,1,6,2,6,1422,2,10,8,1
201301XD80200,1,1,0,9,0,8,0,0,0,0,1,1,6,1,8,-1,-1,-1,5,1
201301XD80200,2,9,0,18,0,8,0,0,0,0,1,1,6,1,11,1390,1,17,2,1
201301XD80201,1,9,0,18,0,8,0,0,0,0,1,1,6,2,7,1590,1,11,3,1
201301XD80203,1,9,0,18,0,8,0,0,0,0,1,1,6,1,6,1560,2,1,6,1
201301XD80203,2,9,0,18,0,8,0,0,0,0,2,1,6,1,5,2494,1,13,6,1
201301XD80205,1,9,0,18,0,0,0,0,0,0,1,1,6,2,7,1299,1,7,6,1
201301XD80205,2,9,0,12,0,0,0,0,0,0,1,1,6,1,-1,-1,-1,-1,-1,-1
201301XD80206,1,9,0,18,0,8,0,0,0,0,1,1,6,2,6,1240,1,8,3,1
201301XD80206,2,9,0,18,0,8,0,0,0,0,1,1,1,2,-1,-1,-1,-1,-1,-1
201301XD80209,1,9,0,18,0,8,0,10,1,10,4,1,6,2,6,1781,1,12,3,1
201301XD80209,2,9,0,9,0,8,0,0,0,0,1,1,6,2,8,1997,1,6,7,1
201301XD80210,1,9,0,3,0,8,0,0,0,0,2,1,6,2,9,1796,1,18,5,1
201301XD80210,2,9,0,18,0,8,0,0,0,0,1,1,6,2,-1,1598,2,3,-1,-1
201301XD80212,1,9,0,18,0,1,0,0,0,0,1,1,1,1,4,1984,1,11,-1,-1
201301XD80212,2,9,0,4,0,1,0,0,0,0,2,1,1,1,8,1896,2,8,-1,-1
201301XD80214,1,9,0,9,0,8,0,0,0,0,1,1,6,3,-1,1783,1,11,-1,-1
201301XD80215,1,8,0,9,0,8,0,0,0,0,2,1,6,1,7,1995,2,5,4,1
201301XD80215,2,3,0,18,0,8,0,0,0,0,1,1,6,2,7,-1,-1,-1,3,1
201301XD80216,1,11,0,4,2,2,0,0,0,0,4,1,1,1,9,7300,2,9,2,1
201301XD80217,1,9,0,18,0,8,0,0,0,0,1,1,6,1,6,1686,2,3,-1,1
201301XD80217,2,1,0,18,0,8,0,0,0,0,4,1,6,1,7,-1,-1,-1,4,1
201301XD80218,1,9,0,7,0,8,0,0,0,0,4,1,6,1,8,2143,2,4,4,1
201301XD80218,2,1,0,18,0,8,0,0,0,0,3,1,6,2,-1,-1,-1,-1,3,1
201301XD80219,1,11,0,4,0,0,0,0,0,0,0,1,1,1,-1,-1,-1,-1,-1,-1
201301XD80220,1,5,0,15,0,0,0,0,0,0,4,1,6,1,6,998,1,8,2,1
201301XD80220,2,9,0,11,0,0,0,0,0,0,3,1,6,1,-1,-1,-1,-1,-1,-1
201301XD80221,1,9,0,4,0,8,0,0,0,0,2,1,6,2,-1,998,1,6,-1,-1
201301XD80221,2,9,0,18,0,8,0,0,0,0,1,1,6,1,6,-1,-1,-1,3,1
201301XD80222,1,19,0,9,0,8,0,0,0,0,1,1,6,1,7,1399,2,6,3,1
201301XD80222,2,1,0,18,0,8,0,0,0,0,3,1,6,1,7,-1,-1,-1,-1,-1
201301XD80225,1,9,0,4,0,8,0,0,0,0,2,1,6,1,-1,1299,1,11,3,1
201301XD80225,2,9,0,18,0,8,0,0,0,0,1,1,6,1,6,-1,-1,-1,3,1
201301XD80226,1,9,0,4,0,8,0,0,0,0,1,1,2,1,5,-1,-1,-1,3,1
201301XD80228,1,9,0,18,0,0,0,0,0,0,1,1,6,2,4,1242,1,12,3,1
201301XD80229,1,11,0,4,0,8,0,0,0,0,0,1,1,1,9,8268,2,10,4,1
201301XD80230,1,9,0,5,0,1,0,0,0,0,2,1,6,1,6,2996,1,7,10,2
201301XD80230,2,5,0,15,0,1,0,0,0,0,1,1,6,1,6,998,1,-1,2,1
201301XD80231,1,9,0,18,0,0,0,0,0,0,1,1,6,1,9,1796,1,9,1,1
201301XD80231,2,9,0,5,0,0,0,0,0,0,3,1,6,1,7,1796,1,10,5,1
201301XD80232,1,9,0,4,0,1,0,0,0,0,2,1,6,1,7,1242,1,11,4,1
201301XD80232,2,9,0,18,0,1,0,0,0,0,1,1,6,1,6,2354,1,8,7,1
201301XD80233,1,9,0,18,0,8,0,0,0,0,1,1,6,1,6,1598,1,6,2,1
201301XD80234,1,9,0,17,0,8,0,0,0,0,2,1,6,1,5,1598,1,3,4,1
201301XD80234,2,19,0,16,0,8,0,0,0,0,1,1,6,3,-1,-1,-1,-1,-1,-1
201301XD80235,1,11,0,4,2,2,0,0,0,0,0,1,1,2,8,9360,2,4,-1,-1
201301XD80236,1,9,0,18,0,0,0,0,0,0,2,1,6,1,8,2685,2,8,2,1
201301XD80236,2,9,0,18,0,0,0,0,0,0,1,1,6,2,6,-1,-1,-1,9,2
201301XD80237,1,9,0,18,0,8,0,0,0,0,4,1,6,1,10,1951,2,9,9,1
201301XD80237,2,9,0,18,0,8,0,0,0,0,1,1,6,1,8,3497,1,13,2,1
201301XD80238,1,9,0,9,0,8,0,0,0,0,4,1,6,1,10,-1,-1,-1,6,1
201301XD80238,2,2,0,18,0,8,0,0,0,0,1,1,6,1,5,125,1,7,-1,-1
201301XD80239,1,9,0,18,0,0,0,0,0,0,4,1,6,3,-1,1968,2,5,-1,-1
201301XD80240,1,9,0,18,0,2,0,0,0,0,1,1,6,1,6,2143,2,4,2,1
201301XD80243,1,9,0,10,0,8,0,0,0,0,2,1,6,1,7,1390,1,14,6,1
201301XD80243,2,9,0,18,0,8,0,0,0,0,1,1,6,3,-1,-1,-1,-1,-1,-1
201301XD80244,1,1,0,7,0,2,0,0,0,0,3,1,6,1,7,-1,-1,-1,2,1
201301XD80244,2,9,0,2,0,2,0,0,0,0,3,1,6,2,-1,1995,1,3,4,1
201301XD80244,3,9,0,7,0,2,0,0,0,0,4,1,6,1,-1,-1,-1,-1,-1,-1
201301XD80245,1,9,0,18,0,8,0,0,2,10,1,1,6,2,-1,1198,1,4,2,1
201301XD80245,2,9,0,18,0,8,0,0,0,0,4,1,6,2,7,1794,1,11,2,1
201301XD80246,1,9,0,18,0,8,0,0,0,0,1,1,6,1,-1,1149,1,5,6,1
201301XD80246,2,9,0,9,0,8,0,0,0,0,1,1,6,2,7,-1,-1,-1,10,1
201301XD80247,1,9,0,18,2,1,0,0,0,0,1,1,6,1,5,1124,1,9,4,1
201301XD80248,1,3,0,18,0,0,0,0,0,0,3,1,6,1,5,-1,-1,-1,1,1
201301XD80248,2,10,0,18,0,0,0,0,0,0,4,1,6,1,8,-1,-1,-1,-1,-1
201301XD80249,1,2,0,18,0,8,0,0,0,0,1,1,6,1,7,897,1,5,10,1
201301XD80249,2,9,0,9,0,8,0,0,0,0,1,1,6,2,-1,1587,1,14,-1,-1
201301XD80250,1,9,0,11,0,1,0,0,0,0,4,1,6,1,7,1995,2,1,7,1
201301XD80250,2,5,0,18,0,1,0,0,0,0,3,1,6,1,6,-1,-1,-1,5,1
201301XD80251,1,9,0,18,0,1,0,0,0,0,4,1,6,2,5,1598,2,2,5,1
201301XD80254,1,9,0,9,0,8,0,0,0,0,1,1,6,2,7,1796,1,10,2,1
201301XD80254,2,9,0,18,0,8,0,0,0,0,3,1,6,2,5,1598,1,8,4,1
201301XD80254,3,9,0,9,0,8,0,0,0,0,0,1,6,3,-1,-1,-1,-1,-1,-1
201301XD80255,1,19,0,18,0,2,0,0,0,0,4,1,6,1,5,2198,2,2,4,1
201301XD80257,1,9,0,18,0,8,0,0,0,0,1,1,6,1,8,2143,2,1,-1,-1
201301XD80257,2,1,0,7,0,8,0,0,0,0,3,1,6,1,7,-1,-1,-1,-1,-1
201301XD80259,1,9,0,18,0,0,0,0,0,0,2,1,6,1,6,1799,1,7,6,1
201301XD80259,2,19,0,18,0,0,0,0,0,0,1,1,1,1,6,1248,2,7,3,1
201301XD80259,3,9,0,18,0,0,0,0,0,0,1,1,6,1,6,2171,1,12,6,1
201301XD80260,1,1,0,18,0,8,0,0,0,0,1,1,6,2,8,-1,-1,-1,-1,-1
201301XD80260,2,9,0,9,0,8,0,0,0,0,1,1,6,2,4,-1,-1,-1,-1,-1
201301XD80262,1,9,0,9,0,8,0,0,0,0,4,1,6,1,5,1339,1,8,3,1
201301XD80262,2,1,0,18,0,8,0,0,0,0,1,1,6,1,-1,-1,-1,-1,-1,-1
201301XD80263,1,9,0,9,0,8,0,0,0,0,3,1,6,1,-1,1582,2,-1,1,1
201301XD80263,2,9,0,17,0,8,0,0,0,0,1,1,6,2,6,1781,1,10,2,1
201301XD80264,1,9,0,18,0,1,0,0,0,0,1,1,6,2,-1,-1,-1,-1,-1,-1
201301XD80265,1,9,0,3,0,8,0,0,0,0,2,1,6,2,6,1995,1,6,3,1
201301XD80265,2,9,0,18,0,8,0,0,0,0,1,1,6,2,5,1229,1,4,8,1
201301XD80267,1,11,0,5,0,1,0,0,0,0,0,1,1,1,7,6700,2,1,2,1
201301XD80268,1,11,0,4,0,1,0,0,0,0,0,1,1,1,8,4500,2,3,-1,-1
201301XD80269,1,9,0,4,0,0,0,0,0,0,1,1,6,1,7,-1,-1,-1,5,1
201301XD80269,2,9,0,4,0,0,0,0,0,0,2,1,6,1,7,1997,2,5,9,3
201301XD80270,1,11,0,4,0,1,0,0,0,0,0,1,1,1,9,9360,2,3,3,1
201301XD80271,1,9,0,5,0,0,0,0,0,0,1,1,6,1,9,1596,1,-1,6,1
201301XD80271,2,9,0,5,0,0,0,0,0,0,2,1,6,1,6,1497,1,8,4,1
201301XD80271,3,9,0,5,0,0,0,0,0,0,2,1,6,1,6,1043,1,18,5,1
201301XD80272,1,9,0,18,0,0,0,0,0,0,1,1,6,2,7,1769,1,11,2,1
201301XD80272,2,9,0,6,0,0,0,0,0,0,3,1,6,1,9,-1,-1,-1,9,1
201301XD80273,1,9,0,18,0,0,0,0,0,0,1,1,6,1,8,1995,2,8,6,1
201301XD80275,1,9,0,18,0,8,0,0,0,0,1,1,6,1,8,1275,1,13,4,1
201301XD80275,2,9,0,9,0,8,0,0,0,0,3,1,6,1,6,999,1,2,6,1
201301XD80276,1,9,0,6,0,8,0,0,0,0,3,1,6,1,6,-1,-1,-1,6,1
201301XD80276,2,5,0,18,0,8,0,0,0,0,1,1,6,1,6,599,1,12,2,1
201301XD80277,1,9,0,18,0,0,0,0,0,0,1,1,6,1,5,1390,1,-1,3,1
201301XD80279,1,11,0,18,0,0,0,0,0,0,4,1,1,1,9,9000,2,2,4,1
201301XD80280,1,9,0,17,0,8,0,0,0,0,4,1,6,1,6,-1,-1,-1,-1,-1
201301XD80280,2,9,0,9,0,8,0,0,0,0,1,1,6,3,-1,1870,2,17,-1,-1
201301XD80281,1,9,0,9,0,8,0,0,0,0,3,1,6,2,8,1997,2,1,8,1
201301XD80281,2,9,0,18,0,8,0,0,0,0,4,1,6,1,7,1984,2,4,4,1
201301XD80282,1,9,0,9,0,8,0,0,0,0,1,1,6,1,9,1896,2,10,-1,-1
201301XD80282,2,1,0,18,0,8,0,0,0,0,4,1,4,1,8,-1,-1,-1,4,1
201301XD80284,1,11,0,5,0,1,0,0,0,0,0,1,1,1,8,7300,2,8,3,1
201301XD80285,1,9,0,18,0,2,0,0,0,0,1,1,6,1,5,-1,-1,-1,3,1
201301XD80285,2,9,0,4,0,2,0,0,0,0,2,1,6,1,7,2497,2,8,5,1
201301XD80286,1,9,0,9,0,8,0,0,0,0,1,1,6,2,7,998,1,11,5,1
201301XD80286,2,9,0,18,0,8,0,0,0,0,1,1,6,1,6,1998,1,13,5,1
201301XD80287,1,11,0,4,0,8,0,0,0,0,0,1,6,1,7,6700,2,4,2,1
201301XD80288,1,9,0,18,0,2,0,0,0,0,1,1,6,2,7,1781,1,15,-1,-1
201301XD80288,2,1,0,18,0,8,0,0,0,0,4,1,6,1,6,-1,-1,-1,2,1
201301XD80290,1,9,0,18,0,8,0,0,0,0,3,1,6,2,7,1390,1,12,9,1
201301XD80290,2,5,0,7,0,8,0,0,0,0,4,1,6,1,7,865,1,4,10,1
201301XD80291,1,21,0,5,0,8,0,0,0,0,0,1,1,1,10,12900,2,6,9,1
201301XD80291,2,5,0,5,0,8,0,0,0,0,0,1,6,1,8,1170,1,6,-1,-1
201301XD80292,1,9,0,18,0,0,0,0,0,0,4,1,2,1,4,1390,1,13,4,1
201301XD80293,1,9,0,3,0,8,0,0,0,0,2,1,6,2,7,1598,1,12,3,1
201301XD80293,2,9,0,18,0,8,0,0,0,0,1,1,6,3,-1,-1,-1,-1,-1,-1
201301XD80294,1,5,0,18,0,8,0,0,0,0,1,1,6,1,-1,680,1,5,9,1
201301XD80294,2,9,0,9,0,8,0,0,0,0,4,1,6,1,-1,1398,1,12,7,3
201301XD80295,1,9,0,9,0,8,0,0,0,0,3,1,6,1,7,2800,1,14,5,1
201301XD80295,2,3,0,18,0,8,0,0,0,0,1,1,1,1,6,109,1,-1,5,1
201301XD80296,1,3,0,17,0,8,0,0,0,0,1,1,6,1,5,109,1,-1,4,1
201301XD80296,2,19,0,9,0,8,0,0,0,0,3,1,6,3,-1,-1,-1,-1,-1,-1
201301XD80297,1,9,0,18,0,1,0,0,0,0,1,1,6,1,-1,-1,-1,-1,-1,-1
201301XD80298,1,9,0,3,0,8,0,0,0,0,2,1,6,1,7,1497,8,4,5,1
201301XD80298,2,9,0,18,0,8,0,0,0,0,1,1,6,1,-1,2460,2,7,3,1
201301XD80299,1,9,0,18,0,2,0,0,0,0,4,1,6,1,6,2720,2,7,4,1
201301XD80300,1,9,0,3,0,8,0,0,0,0,2,1,6,1,6,1796,1,13,5,1
201301XD80300,2,9,0,18,0,8,0,0,0,0,1,1,6,1,-1,1248,2,5,-1,-1
201301XD80301,1,9,0,18,0,8,0,0,0,0,4,1,6,1,5,5461,1,1,2,1
201301XD80301,2,1,0,18,0,8,0,0,0,0,1,1,6,1,6,-1,-1,-1,5,1
201301XD80302,1,3,0,18,0,8,0,0,0,0,1,1,6,1,6,124,1,16,2,1
201301XD80302,2,9,0,9,0,8,0,0,0,0,1,1,6,2,7,1753,2,6,7,1
201301XD80303,1,9,0,14,0,1,0,0,0,0,3,1,6,1,7,1598,1,5,-1,-1
201301XD80304,1,3,0,9,0,8,0,0,0,0,3,1,1,1,6,107,1,-1,-1,-1
201301XD80304,2,9,0,18,0,8,0,0,0,0,1,1,6,1,-1,-1,-1,-1,3,1
201301XD80305,1,9,0,18,0,1,0,10,4,6,1,1,6,1,6,1341,1,11,4,1
201301XD80305,2,9,0,12,0,1,0,0,0,0,3,1,6,3,-1,-1,-1,-1,-1,-1
201301XD80306,1,9,0,18,0,8,0,0,0,0,2,1,6,2,6,1390,1,12,3,1
201301XD80306,2,9,0,11,0,8,0,0,0,0,1,1,2,1,6,1796,1,4,2,1
201301XD80307,1,19,0,9,0,8,0,0,0,0,1,1,6,1,8,2998,2,8,4,1
201301XD80308,1,9,0,3,0,8,0,0,0,0,2,1,6,1,6,1240,1,8,-1,-1
201301XD80308,2,19,0,18,0,8,0,0,0,0,1,1,1,1,5,2198,2,4,2,1
201301XD80309,1,11,0,4,0,0,0,0,0,0,0,1,1,1,8,7300,2,8,3,1
201301XD80311,1,9,0,18,0,8,0,0,0,0,3,1,6,1,6,998,1,1,2,1
201301XD80311,2,9,0,9,0,8,0,0,0,0,1,1,6,2,5,1229,1,8,2,1
201301XD80312,1,9,0,3,0,8,0,0,0,0,1,1,6,2,-1,1360,1,4,8,2
201301XD80312,2,9,0,18,0,8,0,0,0,0,1,1,6,1,8,1984,1,5,9,3
201301XD80312,3,9,0,9,0,8,0,0,0,0,1,1,6,1,4,1199,1,11,4,1
201301XD80313,1,9,0,18,0,0,0,0,0,0,1,1,6,2,7,1796,1,13,4,1
201301XD80314,1,9,0,9,8,8,0,0,0,0,1,1,6,1,7,-1,-1,-1,4,1
201301XD80314,2,1,0,18,0,8,0,0,0,0,1,1,6,1,8,-1,-1,-1,4,1
201301XD80315,1,9,0,2,0,0,0,0,0,0,4,1,1,1,-1,-1,-1,-1,-1,-1
201301XD80316,1,90,0,4,0,8,0,0,3,7,3,1,1,1,8,-1,-1,-1,-1,-1
201301XD80316,2,9,0,18,0,8,0,0,5,6,1,1,6,2,6,3179,1,8,10,1
201301XD80317,1,9,0,18,0,0,0,4,0,0,1,1,6,2,9,1595,1,10,8,1
201301XD80317,2,9,0,2,0,0,0,0,0,0,2,1,6,1,-1,3189,1,9,5,1
201301XD80317,3,9,0,2,0,0,0,0,0,0,2,1,6,1,-1,2401,2,10,3,1
201301XD80318,1,9,0,18,0,0,0,10,1,2,1,1,6,1,6,1968,2,1,5,1
201301XD80318,2,9,0,18,0,0,0,0,0,0,1,1,6,3,-1,-1,-1,-1,-1,-1
201301XD80319,1,9,0,18,0,8,0,0,0,0,1,1,6,1,7,1796,1,5,3,1
201301XD80319,2,9,0,7,0,8,0,0,0,0,1,1,6,1,-1,2180,2,17,7,1
201301XD80320,1,9,0,3,0,2,0,0,0,0,2,1,6,1,8,2351,1,12,5,1
201301XD80320,2,9,0,18,0,8,0,0,0,0,1,1,6,2,-1,1796,2,1,8,1
201301XD80321,1,5,0,18,0,8,0,0,0,0,1,1,6,1,6,998,1,8,9,1