Accident_Index,Vehicle_Reference,Vehicle_Type,Towing_and_Articulation,Vehicle_Manoeuvre,Vehicle_Location-Restricted_Lane,Junction_Location,Skidding_and_Overturning,Hit_Object_in_Carriageway,Vehicle_Leaving_Carriageway,Hit_Object_off_Carriageway,1st_Point_of_Impact,Was_Vehicle_Left_Hand_Drive?,Journey_Purpose_of_Driver,Sex_of_Driver,Age_Band_of_Driver,Engine_Capacity_(CC),Propulsion_Code,Age_of_Vehicle,Driver_IMD_Decile,Driver_Home_Area_Type
201301XD80321,2,21,0,9,0,8,0,0,0,0,1,1,6,1,9,3900,2,10,7,1
201301XD80322,1,1,0,18,0,8,0,0,0,0,1,1,6,1,-1,-1,-1,-1,-1,-1
201301XD80322,2,19,0,9,0,8,0,0,0,0,1,1,1,1,-1,-1,-1,-1,-1,-1
201301XD80323,1,9,0,4,0,0,0,0,0,0,1,1,1,1,5,1390,1,13,3,1
201301XD80323,2,9,0,4,0,0,0,0,0,0,2,1,6,1,7,1598,1,1,8,1
201301XD80324,1,3,0,18,0,0,0,0,0,0,3,1,6,1,8,125,1,48,6,1
201301XD80324,2,9,0,12,0,0,0,0,0,0,0,1,6,3,-1,-1,-1,-1,-1,-1
201301XD80325,1,9,0,18,0,8,0,0,0,0,1,1,6,1,6,1998,2,9,4,1
201301XD80325,2,9,0,9,0,8,0,0,0,0,3,1,6,3,-1,1296,1,7,-1,-1
201301XD80326,1,9,0,10,0,8,0,0,0,0,2,1,6,1,7,1299,1,7,9,3
201301XD80326,2,9,0,18,0,8,0,0,0,0,2,1,6,2,7,1598,1,6,4,1
201301XD80326,3,9,0,18,0,1,0,0,0,0,1,1,6,1,6,1248,1,2,4,1
201301XD80327,1,5,0,18,0,1,0,0,0,0,1,1,6,1,5,865,1,4,-1,-1
201301XD80328,1,9,0,18,0,2,0,4,0,0,1,1,6,1,11,1850,1,13,5,1
201301XD80328,2,90,0,2,0,2,0,0,0,0,2,1,1,1,6,-1,-1,-1,10,1
201301XD80329,1,9,0,11,0,0,0,0,0,0,4,1,6,2,7,-1,-1,-1,4,1
201301XD80329,2,3,0,18,0,0,0,0,0,0,1,1,1,1,7,109,1,-1,2,1
201301XD80331,1,9,0,16,0,8,0,0,0,0,1,1,6,1,9,3222,2,10,6,1
201301XD80332,1,9,0,7,0,8,0,0,0,0,4,1,6,1,7,-1,-1,-1,2,1
201301XD80332,2,1,0,18,0,8,0,0,0,0,1,1,6,1,7,-1,-1,-1,3,1
201301XD80336,1,19,0,11,0,0,0,0,0,0,1,1,1,1,7,1248,2,3,5,1
201301XD80336,2,9,0,18,0,0,0,0,0,0,2,1,6,1,8,954,1,18,4,1
201301XD80336,3,9,0,18,0,0,0,0,0,0,2,1,6,1,5,-1,-1,-1,9,1
201301XD80337,1,3,0,18,0,2,0,0,0,0,1,1,6,1,4,124,1,12,4,1
201301XD80339,1,11,0,5,0,8,0,0,0,0,0,1,1,1,-1,-1,-1,-1,-1,-1
201301XD80340,1,3,0,12,0,0,0,0,0,0,0,1,6,1,6,124,1,1,1,1
201301XD80340,2,5,0,18,0,0,0,0,0,0,1,1,6,1,7,599,1,5,5,1
201301XD80340,3,9,0,18,0,0,0,0,0,0,4,1,6,2,9,1497,8,7,8,2
201301XD80340,4,9,0,18,0,0,0,0,0,0,3,1,6,1,9,1242,1,12,9,2
201301XD80341,1,9,0,4,0,8,0,0,0,0,1,1,6,1,7,1896,2,6,3,1
201301XD80341,2,9,0,4,0,8,0,0,0,0,2,1,6,1,7,1124,1,12,3,1
201301XD80342,1,9,0,18,0,8,0,10,1,10,1,1,6,2,7,1360,1,10,2,1
201301XD80343,1,9,0,18,0,8,0,0,0,0,1,1,6,2,7,1839,1,10,4,1
201301XD80344,1,9,0,9,0,8,0,0,0,0,3,1,6,2,6,1598,1,5,5,1
201301XD80344,2,3,0,18,0,8,0,0,0,0,1,1,6,1,6,599,1,2,3,1
201301XD80345,1,9,0,9,0,8,0,0,0,0,1,1,6,1,7,1242,1,11,2,1
201301XD80345,2,3,0,17,0,8,0,0,0,0,1,1,6,1,7,125,1,8,4,1
201301XD80348,1,9,0,9,0,8,0,0,0,0,2,1,6,1,7,1896,2,10,9,1
201301XD80348,2,5,0,18,0,8,0,0,0,0,1,1,6,1,5,599,1,7,10,1
201301XD80349,1,1,0,18,0,8,0,0,0,0,3,1,6,1,6,-1,-1,-1,10,1
201301XD80349,2,9,0,9,0,8,0,0,0,0,1,1,6,1,-1,-1,-1,-1,4,1
201301XD80350,1,9,0,16,0,0,0,0,0,0,1,1,6,1,8,-1,-1,-1,4,1
201301XD80350,2,9,0,16,0,0,0,0,0,0,2,1,6,1,6,1997,1,12,2,1
201301XD80351,1,9,0,3,0,8,0,0,0,0,2,1,6,1,9,1796,1,10,2,1
201301XD80351,2,20,0,18,0,8,0,0,0,0,1,1,6,1,-1,-1,-1,-1,-1,-1
201301XD80352,1,9,0,18,0,8,0,0,0,0,1,1,6,1,8,2435,1,13,4,2
201301XD80352,2,9,0,4,0,8,0,0,0,0,2,1,6,2,8,1968,2,3,10,1
201301XD80353,1,9,0,9,0,8,0,0,0,0,1,1,6,1,9,1796,1,14,5,1
201301XD80353,2,3,0,18,0,8,0,0,0,0,1,1,6,1,6,124,1,2,5,1
201301XD80354,1,9,0,13,0,0,0,0,0,0,1,1,6,2,8,1796,1,7,3,1
201301XD80354,2,19,0,18,0,0,0,0,0,0,3,1,1,2,9,-1,-1,-1,2,1
201301XD80355,1,19,0,11,0,1,0,10,1,0,1,1,1,3,-1,-1,-1,-1,-1,-1
201301XD80357,1,9,0,7,0,8,0,0,0,0,1,1,6,2,7,1339,1,1,4,1
201301XD80357,2,1,0,18,0,8,0,0,0,0,4,1,6,1,4,-1,-1,-1,6,1
201301XD80358,1,9,0,18,0,0,0,10,7,10,3,1,6,2,6,1900,2,7,3,1
201301XD80360,1,9,0,9,0,8,0,0,0,0,3,1,6,1,6,-1,-1,-1,9,1
201301XD80360,2,3,0,18,0,8,0,0,0,0,1,1,6,1,4,125,1,1,6,1
201301XD80361,1,8,0,5,0,8,0,0,0,0,4,1,1,1,-1,-1,-1,-1,-1,-1
201301XD80362,1,9,0,4,0,8,0,0,0,0,1,1,2,2,7,1995,1,3,-1,-1
201301XD80362,2,1,0,18,0,8,0,0,0,0,4,1,6,2,9,-1,-1,-1,3,1
201301XD80364,1,9,0,2,0,0,0,10,1,10,2,1,6,2,7,1339,1,2,7,1
201301XD80364,2,19,0,18,0,0,0,0,0,0,1,1,6,1,6,2402,2,8,4,1
201301XD80367,1,5,0,2,0,8,0,0,0,0,3,1,6,1,8,599,1,6,8,1
201301XD80367,2,9,0,11,0,1,0,4,0,0,4,1,6,2,6,1794,1,6,4,1
201301XD80369,1,90,0,18,0,8,0,0,0,0,0,1,1,1,7,-1,-1,-1,6,1
201301XD80370,1,19,0,18,0,8,0,0,0,0,1,1,6,3,-1,-1,-1,-1,-1,-1
201301XD80371,1,9,0,9,0,8,0,0,0,0,1,1,6,1,4,-1,-1,-1,6,1
201301XD80371,2,3,0,14,0,8,0,0,0,0,3,1,6,1,6,125,1,2,-1,-1
201301XD80372,1,9,0,18,0,8,0,0,0,0,1,1,6,1,7,1794,1,12,5,1
201301XD80374,1,9,0,18,0,8,0,0,0,0,3,1,6,1,5,1149,1,14,1,1
201301XD80374,2,9,0,16,0,8,0,0,0,0,1,1,6,1,4,1598,1,9,-1,-1
201301XD80375,1,9,0,18,0,8,0,0,0,0,4,1,6,1,7,1794,1,9,6,1
201301XD80375,2,9,0,9,0,8,0,0,0,0,1,1,6,1,-1,1596,1,12,-1,-1
201301XD80376,1,9,0,3,0,0,0,0,0,0,1,1,6,2,7,2179,2,9,4,1
201301XD80376,2,8,0,1,0,0,0,0,0,0,2,1,6,1,-1,2400,1,5,-1,-1
201301XD80378,1,9,0,9,0,2,0,0,0,0,1,1,6,2,6,1296,1,5,3,1
201301XD80379,1,19,0,3,0,1,0,0,0,0,2,1,1,1,6,2148,2,9,6,1
201301XD80379,2,19,0,4,0,1,0,0,0,0,1,1,1,1,7,4580,2,6,1,1
201301XD80380,1,9,0,18,0,0,0,0,0,0,1,1,6,1,6,1796,1,10,3,1
201301XD80380,2,9,0,2,0,0,0,0,0,0,4,1,6,1,10,1598,1,10,5,1
201301XD80380,3,19,0,6,0,0,0,0,0,0,3,1,6,1,10,1753,2,10,-1,-1
201301XD80381,1,9,0,4,0,0,0,0,0,0,2,1,6,1,6,1896,2,8,3,1
201301XD80381,2,19,0,18,0,0,0,0,0,0,1,1,6,1,-1,1753,2,6,5,1
201301XD80383,1,9,0,18,0,0,0,0,0,0,2,1,6,1,8,1242,1,7,4,1
201301XD80383,2,9,0,18,0,0,0,0,0,0,1,1,6,3,-1,-1,-1,-1,-1,-1
201301XD80383,3,9,0,18,0,0,0,0,0,0,2,1,6,1,-1,-1,-1,-1,-1,-1
201301XD80385,1,1,0,18,0,8,0,0,0,0,4,1,6,1,5,-1,-1,-1,3,1
201301XD80385,2,9,0,18,0,8,0,0,0,0,1,1,6,1,7,1995,2,10,2,1
201301XD80386,1,9,0,11,0,2,0,0,0,0,4,1,6,2,-1,1199,1,12,-1,-1
201301XD80386,2,9,0,18,0,2,0,0,0,0,3,1,6,2,6,1794,1,12,3,1
201301XD80387,1,9,0,4,0,0,0,0,0,0,3,1,6,1,6,1995,2,5,4,1
201301XD80387,2,9,0,18,0,0,0,0,0,0,1,1,6,1,8,1984,1,12,2,1
201301XD80387,3,9,0,18,0,0,0,0,0,0,4,1,6,2,7,-1,-1,-1,8,1
201301XD80388,1,19,0,12,0,1,0,0,0,0,3,1,1,1,9,2402,2,5,-1,-1
201301XD80388,2,1,0,14,0,1,0,0,0,0,4,1,6,1,7,-1,-1,-1,3,1
201301XD80389,1,1,0,15,4,8,1,0,0,0,0,1,2,2,6,-1,-1,-1,3,1
201301XD80389,2,9,0,5,0,6,0,0,0,0,0,1,6,2,7,1199,1,10,3,1
201301XD80390,1,9,0,12,0,1,0,4,4,10,3,1,6,1,5,1997,2,8,3,1
201301XD80390,2,19,0,18,0,1,0,0,0,0,4,1,1,1,8,2198,2,6,2,1
201301XD80390,3,9,0,18,0,1,0,0,0,0,3,1,1,1,6,-1,-1,-1,2,1
201301XD80390,4,9,0,2,0,1,0,0,0,0,2,1,6,2,8,1796,1,13,5,1
201301XD80391,1,9,0,18,0,2,0,0,0,0,4,1,6,1,9,1596,1,8,10,1
201301XD80391,2,4,0,12,0,2,0,0,0,0,3,1,2,1,8,249,1,2,5,1
201301XD80392,1,9,0,4,0,1,0,0,0,0,2,1,6,2,9,3311,8,7,8,1
201301XD80392,2,9,0,18,0,1,0,0,0,0,1,1,6,1,6,1896,2,8,3,1
201301XD80393,1,9,0,18,0,8,0,10,1,2,4,1,6,1,6,1598,1,7,-1,-1
201301XD80395,1,9,0,9,0,8,0,0,0,0,1,1,6,2,7,1299,1,12,2,1
201301XD80396,1,9,0,11,0,0,0,0,0,0,0,1,1,1,8,1999,1,9,6,1
201301XD80396,2,5,0,4,0,0,1,0,0,0,0,1,2,1,7,748,1,3,3,1
201301XD80397,1,1,0,18,0,1,0,0,0,0,3,1,6,2,8,-1,-1,-1,3,1
201301XD80397,2,19,0,13,0,1,0,0,0,0,4,1,6,1,6,2402,2,12,5,1
201301XD80398,1,3,0,13,0,8,0,0,0,0,4,1,6,1,6,-1,-1,-1,6,1
201301XD80398,2,19,0,9,0,5,0,0,0,0,3,1,6,1,8,1995,2,-1,6,1
201301XD80399,1,9,0,5,0,0,0,0,0,0,1,1,6,1,5,1995,2,7,4,1
201301XD80402,1,9,0,4,0,0,0,0,0,0,2,1,6,2,7,1329,1,2,2,1
201301XD80402,2,9,0,4,0,0,0,0,0,0,1,1,6,1,7,1248,2,4,6,1
201301XD80403,1,19,0,18,0,0,0,0,0,0,1,1,2,1,6,1998,2,10,4,1
201301XD80403,2,9,0,4,0,0,0,0,0,0,2,1,2,1,7,1794,1,8,7,1
201301XD80404,1,9,0,18,2,8,0,0,0,0,4,1,6,2,6,1000,1,11,-1,-1
201301XD80404,2,9,0,9,2,6,0,0,0,0,1,1,6,1,6,999,1,2,4,1
201301XD80405,1,9,0,5,0,8,0,0,0,0,1,1,6,2,8,1598,2,1,10,1
201301XD80405,2,9,0,1,0,8,0,0,0,0,2,1,6,3,-1,1997,1,1,-1,-1
201301XD80407,1,9,0,18,0,0,0,0,0,0,3,1,6,1,6,1968,2,3,6,1
201301XD80407,2,9,0,5,0,0,0,0,0,0,4,1,6,2,7,1389,1,12,7,1
201301XD80408,1,11,0,4,2,8,0,0,0,0,0,1,1,1,4,4500,2,3,3,1
201301XD80409,1,9,0,5,0,0,0,4,0,0,1,1,6,2,10,3301,1,13,4,1
201301XD80409,2,9,0,2,0,0,0,4,0,0,4,1,6,3,-1,1995,2,1,-1,-1
201301XD80409,3,9,0,2,0,0,0,4,0,0,4,1,6,3,-1,1896,2,7,-1,-1
201301XD80409,4,9,0,2,0,0,0,4,0,0,2,1,6,3,-1,1390,1,10,-1,-1
201301XD80409,5,9,0,2,0,0,0,4,0,0,1,1,6,3,-1,1896,2,11,-1,-1
201301XD80409,6,9,0,2,0,0,0,4,0,0,1,1,6,3,-1,1968,2,6,-1,-1
201301XD80410,1,9,0,7,0,2,0,0,0,0,2,1,6,1,9,1997,1,11,-1,-1
201301XD80410,2,3,0,14,0,2,0,0,0,0,1,1,6,1,5,124,1,5,1,1
201301XD80413,1,19,0,9,0,8,0,0,0,0,3,1,6,1,6,2402,2,12,5,1
201301XD80413,2,2,0,14,0,8,0,0,0,0,4,1,6,1,4,-1,-1,-1,3,1
201301XD80414,1,9,0,18,0,1,0,4,0,0,1,1,6,1,7,1198,1,7,6,1
201301XD80414,2,9,0,18,0,2,0,0,0,0,3,1,6,2,4,1390,1,5,-1,-1
201301XD80414,3,9,0,2,0,1,0,0,0,0,3,1,6,2,8,1968,2,2,7,1
201301XD80415,1,11,0,18,0,2,0,0,0,0,1,1,1,1,8,9000,2,4,3,1
201301XD80416,1,9,0,2,0,1,0,0,0,0,2,1,6,1,10,1598,1,10,3,1
201301XD80416,2,9,0,18,0,1,0,4,0,0,1,1,6,1,-1,1598,1,8,1,1
201301XD80417,1,9,0,7,0,1,0,0,0,0,4,1,6,1,8,1598,1,5,9,1
201301XD80417,2,9,0,18,2,1,0,10,1,10,1,1,6,2,6,1968,2,1,5,1
201301XD80418,1,5,0,13,0,1,0,0,0,0,4,1,6,1,6,609,1,15,6,1
201301XD80418,2,9,0,9,0,1,0,0,0,0,3,1,6,2,9,1598,1,6,4,1
201301XD80419,1,9,0,3,0,1,0,0,0,0,2,1,6,2,6,1997,2,6,7,1
201301XD80419,2,5,0,3,0,1,0,0,0,0,1,1,1,1,-1,-1,-1,-1,-1,-1
201301XD80422,1,9,0,9,0,1,0,0,0,0,3,1,6,2,6,1400,1,14,6,1
201301XD80422,2,3,0,13,0,1,0,0,0,0,1,1,6,1,6,124,1,4,8,1
201301XD80423,1,9,0,13,0,0,0,10,1,4,4,1,6,1,6,1796,1,4,5,1
201301XD80423,2,9,0,18,0,0,0,10,2,2,3,1,6,1,6,1997,2,3,7,1
201301XD80424,1,9,0,18,0,8,0,0,0,0,4,1,6,2,8,1795,1,13,5,1
201301XD80424,2,9,0,5,0,8,0,0,0,0,1,1,6,3,-1,-1,-1,-1,-1,-1
201301XD80425,1,21,1,5,0,0,0,0,0,0,1,2,1,1,7,-1,-1,-1,-1,-1
201301XD80425,2,3,0,3,0,0,0,0,0,0,2,1,1,1,6,125,1,1,3,1
201301XD80427,1,9,0,18,0,8,0,0,0,0,1,1,6,2,7,2497,1,4,5,1
201301XD80427,2,9,0,18,0,6,0,0,0,0,1,1,6,1,10,1998,1,14,7,1
201301XD80428,1,9,0,1,0,0,0,0,0,0,3,1,6,1,6,1997,1,11,2,1
201301XD80429,1,9,0,16,0,0,0,0,7,10,1,1,6,1,5,1895,1,12,5,1
201301XD80430,1,5,0,14,0,0,0,0,0,0,4,1,2,1,7,800,1,-1,6,1
201301XD80430,2,9,0,6,0,0,0,0,0,0,3,1,6,1,-1,1686,2,11,3,1
201301XD80431,1,9,0,6,0,0,0,0,0,0,3,1,6,1,8,1796,1,5,1,1
201301XD80431,2,5,0,18,0,0,0,0,0,0,1,1,6,1,6,1284,1,10,-1,-1
201301XD80432,1,2,0,17,0,0,0,0,0,0,4,1,6,1,4,125,1,3,3,1
201301XD80433,1,9,0,9,0,8,0,0,0,0,4,1,6,1,7,1149,1,5,5,1
201301XD80433,2,5,0,15,0,8,0,0,0,0,3,1,6,1,10,865,1,3,4,1
201301XD80434,1,9,0,4,0,1,0,0,0,0,2,1,6,3,-1,-1,-1,-1,-1,-1
201301XD80434,2,9,0,18,0,1,0,0,0,0,1,1,2,1,-1,1998,2,9,5,1
201301XD80434,3,9,0,18,0,1,0,0,0,0,1,1,2,1,6,1896,2,9,5,1
201301XD80434,4,9,0,18,0,1,0,0,0,0,1,1,2,1,6,1248,1,1,1,1
201301XD80434,5,9,0,18,0,1,0,0,0,0,1,1,2,1,-1,1149,1,8,4,1
201301XD80435,1,9,0,9,0,1,0,0,0,0,3,1,6,1,10,2231,2,7,10,1
201301XD80435,2,4,0,14,0,1,0,0,0,0,1,1,6,1,6,125,1,-1,3,1
201301XD80437,1,1,0,16,0,8,0,0,0,0,4,1,6,1,6,-1,-1,-1,7,1
201301XD80437,2,9,0,5,0,8,0,0,0,0,1,1,6,2,-1,1992,2,7,-1,-1
201301XD80439,1,11,0,4,0,8,0,0,0,0,0,1,1,1,7,6700,2,1,1,1
201301XD80439,2,9,0,9,0,8,0,0,0,0,0,1,6,2,7,1389,1,10,7,1
201301XD80440,1,9,0,18,0,0,0,0,0,0,1,1,6,1,-1,-1,-1,-1,-1,-1
201301XD80440,2,1,0,5,0,0,0,0,0,0,4,1,6,1,3,-1,-1,-1,1,1
201301XD80441,1,9,0,3,0,1,0,0,0,0,2,1,3,1,11,1798,1,3,4,1
201301XD80441,2,19,0,18,0,1,0,0,0,0,1,1,6,1,-1,1995,2,7,-1,-1
201301XD80443,1,3,0,18,0,8,0,0,0,0,1,1,6,1,4,399,1,-1,4,1
201301XD80443,2,9,0,6,0,8,0,0,0,0,4,1,6,1,8,1596,1,3,2,1
201301XD80444,1,19,0,18,0,0,0,0,0,0,1,1,1,1,6,2998,2,4,4,1
201301XD80444,2,9,0,4,0,0,0,0,0,0,2,1,6,2,6,1396,1,12,4,1
201301XD80445,1,9,0,7,0,5,0,0,0,0,4,1,1,1,8,1560,2,3,9,1
201301XD80445,2,1,0,18,0,8,0,0,0,0,3,1,1,1,7,-1,-1,-1,-1,-1
201301XD80446,1,3,0,3,0,1,0,0,0,0,1,1,6,1,7,125,1,1,6,1
201301XD80446,2,19,0,1,0,2,0,0,0,0,2,1,6,1,-1,2148,2,6,5,1
201301XD80447,1,9,0,18,0,0,0,0,0,0,2,1,6,1,7,1984,1,18,5,1
201301XD80447,2,9,0,18,0,0,0,0,0,0,2,1,3,2,7,1598,1,14,6,1
201301XD80447,3,9,0,18,0,0,1,0,0,0,1,1,3,1,6,1360,1,6,3,1
201301XD80448,1,9,0,18,0,1,0,0,0,0,1,1,6,1,6,1968,2,8,-1,-1
201301XD80448,2,9,0,18,0,1,0,0,0,0,2,1,3,2,8,1242,1,1,8,1
201301XD80449,1,19,0,2,0,0,0,0,0,0,4,1,1,1,5,2198,2,5,10,1
201301XD80449,2,19,0,1,0,0,0,4,0,0,2,1,1,1,-1,1598,7,11,1,1
201301XD80451,1,9,0,9,0,5,0,0,0,0,1,1,6,1,8,1242,1,8,1,1
201301XD80451,2,3,0,18,0,8,0,0,0,0,1,1,2,1,6,125,1,2,1,1
201301XD80452,1,9,0,9,0,6,0,0,0,0,3,1,6,1,6,1995,2,2,6,1
201301XD80452,2,9,0,18,0,8,0,0,0,0,1,1,6,2,5,-1,-1,-1,4,1
201301XD80453,1,1,0,18,0,0,0,0,0,0,1,1,6,1,8,-1,-1,-1,-1,-1
201301XD80453,2,9,0,6,0,0,0,0,0,0,3,1,6,3,-1,1596,1,11,-1,-1
201301XD80454,1,19,0,9,0,8,0,0,0,0,1,1,1,1,9,-1,-1,-1,7,1
201301XD80454,2,1,0,3,0,8,0,0,0,0,1,1,6,2,6,-1,-1,-1,1,1
201301XD80455,1,9,0,18,0,2,0,0,0,0,2,1,6,1,9,1500,1,23,-1,-1
201301XD80455,2,9,0,2,0,2,0,0,0,0,3,1,6,3,-1,1731,1,14,-1,-1
201301XD80455,3,9,0,13,0,2,0,0,7,0,1,1,6,1,-1,1997,1,1,-1,-1
201301XD80455,4,1,0,2,0,2,0,0,0,0,2,1,6,3,-1,-1,-1,-1,-1,-1
201301XD80456,1,9,0,11,0,0,0,0,0,0,2,1,2,1,7,1998,2,6,-1,-1
201301XD80456,2,5,0,4,0,0,0,0,0,0,1,1,2,1,7,999,1,1,-1,-1
201301XD80457,1,9,0,18,0,1,0,0,0,0,1,1,6,3,-1,1396,1,15,-1,-1
201301XD80457,2,1,0,18,0,1,0,0,0,0,2,1,6,1,7,-1,-1,-1,3,1
201301XD80458,1,9,0,2,0,0,0,0,0,0,3,1,6,2,8,1956,2,-1,5,1
201301XD80458,2,1,0,18,0,0,0,0,0,0,1,1,6,2,-1,-1,-1,-1,-1,-1
201301XD80460,1,9,0,7,0,5,0,0,0,0,4,1,6,2,7,-1,-1,-1,3,1
201301XD80460,2,1,0,18,5,6,0,0,0,0,1,1,2,1,6,-1,-1,-1,7,1
201301XD80461,1,9,0,9,0,8,0,0,0,0,1,1,6,2,7,1461,2,-1,10,2
201301XD80461,2,3,0,18,0,8,0,0,0,0,1,1,1,1,5,125,1,3,-1,-1
201301XD80462,1,8,0,6,0,1,0,0,0,0,4,1,2,1,7,998,1,8,4,1
201301XD80462,2,9,0,18,0,2,0,0,0,0,1,1,6,1,4,1598,1,16,4,1
201301XD80463,1,8,0,1,0,2,0,0,0,0,2,1,6,1,-1,-1,-1,-1,-1,-1
201301XD80464,1,1,0,18,4,0,0,8,0,0,4,1,6,1,6,-1,-1,-1,4,1
201301XD80464,2,9,0,2,6,0,0,0,0,0,3,1,6,3,-1,-1,-1,-1,-1,-1
201301XD80466,1,9,0,18,0,1,0,0,0,0,1,1,1,1,8,-1,-1,-1,9,1
201301XD80467,1,9,0,11,0,0,0,0,0,0,4,1,2,1,5,1984,1,9,6,1
201301XD80467,2,3,0,18,0,0,0,0,0,0,3,1,2,1,6,124,1,2,8,1
201301XD80468,1,9,0,4,0,0,0,0,0,0,2,1,6,1,5,2776,2,6,-1,-1
201301XD80468,2,9,0,4,0,0,0,0,0,0,2,1,6,2,7,4701,1,14,2,1
201301XD80468,3,19,0,4,0,0,0,0,0,0,1,1,1,1,9,2188,2,10,-1,-1
201301XD80469,1,9,0,4,0,0,0,0,0,0,1,1,6,1,7,2362,1,10,2,1
201301XD80469,2,9,0,2,0,0,0,0,0,0,3,1,6,3,-1,-1,-1,-1,-1,-1
201301XD80470,1,9,0,9,0,8,0,0,0,0,1,1,6,2,7,-1,-1,-1,3,1
201301XD80470,2,5,0,18,0,8,0,0,0,0,1,1,6,1,7,-1,-1,-1,3,1
201301XD80471,1,9,0,5,0,1,0,0,0,0,0,1,6,2,-1,-1,-1,-1,-1,-1
201301XD80472,1,9,0,9,0,8,1,10,1,10,1,1,6,1,-1,1796,1,13,-1,-1
201301XD80473,1,8,0,5,0,8,0,0,0,0,3,1,1,1,7,1896,2,7,5,1
201301XD80473,2,9,0,9,0,8,0,0,0,0,1,1,6,1,-1,1995,2,6,4,1
201301XD80474,1,8,0,4,0,0,0,0,0,0,2,1,1,1,6,1910,2,4,10,1
201301XD80474,2,9,0,18,0,0,0,0,0,0,1,1,6,3,-1,1956,2,2,-1,-1
201301XD80475,1,9,0,18,0,1,0,0,0,0,1,1,6,2,4,1997,1,11,4,1
201301XD80475,2,11,0,3,0,1,0,0,0,0,0,1,1,3,-1,-1,-1,-1,-1,-1
201301XD80476,1,9,0,18,2,1,0,0,0,0,3,1,1,2,7,1595,1,15,7,1
201301XD80476,2,9,0,7,0,1,0,0,0,0,4,1,6,1,6,1397,1,11,5,1
201301XD80477,1,9,0,7,0,8,0,0,0,0,4,1,6,2,7,1299,1,8,5,1
201301XD80477,2,90,0,9,0,8,0,0,0,0,1,1,6,1,11,-1,-1,-1,-1,-1
201301XD80478,1,9,0,9,0,8,0,0,0,0,1,1,6,1,8,2143,2,4,-1,-1
201301XD80478,2,9,0,14,0,8,0,0,0,0,1,1,6,2,8,1598,1,2,6,1
201301XD80479,1,9,0,18,0,8,0,0,0,0,1,1,1,2,6,-1,-1,-1,10,1
201301XD80480,1,5,0,5,0,1,0,0,0,0,3,1,6,1,8,645,1,3,6,1
201301XD80480,2,9,0,5,0,1,0,0,0,0,4,1,6,2,-1,2993,2,6,-1,-1
201301XD80481,1,3,0,14,0,0,0,0,0,0,3,1,2,1,8,124,1,7,6,1
201301XD80481,2,8,0,18,0,0,0,0,0,0,4,1,1,1,-1,-1,-1,-1,-1,-1
201301XD80481,3,19,0,18,0,0,0,0,0,0,3,1,6,1,-1,-1,-1,-1,-1,-1
201301XD80482,1,11,0,18,0,8,0,0,0,0,1,1,1,1,8,4500,2,4,3,1
201301XD80483,1,9,0,3,0,1,0,0,0,0,2,1,6,1,8,1796,1,13,10,1
201301XD80483,2,9,0,18,0,1,0,0,0,0,1,1,6,1,-1,-1,-1,-1,-1,-1
201301XD80485,1,3,0,18,0,1,0,0,0,0,1,1,6,1,5,124,1,2,2,1
201301XD80486,1,9,0,9,0,8,0,0,0,0,3,1,6,1,5,1360,1,4,3,1
201301XD80486,2,9,0,18,0,8,0,0,0,0,1,1,6,1,7,1598,1,14,3,1
201301XD80486,3,9,0,18,0,8,0,0,0,0,4,1,6,1,4,-1,-1,-1,4,1
201301XD80487,1,9,0,18,0,0,0,0,0,0,3,1,6,2,6,1995,1,4,6,1
201301XD80487,2,9,0,11,0,0,0,0,0,0,4,1,6,1,6,-1,-1,-1,5,1
201301XD80488,1,1,0,18,0,8,0,0,0,0,1,1,6,2,5,-1,-1,-1,5,1
201301XD80488,2,9,0,9,0,8,0,0,0,0,4,1,6,1,7,1753,2,6,2,1
201301XD80489,1,4,0,13,0,1,0,0,0,0,4,1,6,1,4,124,1,10,7,1
201301XD80489,2,9,0,18,0,1,0,0,0,0,3,1,2,1,6,1988,1,10,3,1
201301XD80490,1,3,0,18,0,8,0,0,0,0,1,1,6,1,7,124,1,11,7,1
201301XD80490,2,9,0,9,0,8,0,0,0,0,4,1,6,2,6,1598,2,1,1,1
201301XD80491,1,5,0,17,0,8,0,0,0,0,1,1,6,1,7,599,1,1,3,1
201301XD80492,1,9,0,18,0,0,0,4,0,0,1,1,6,2,5,998,1,-1,2,1
201301XD80492,2,9,0,2,0,0,0,0,0,0,1,1,6,1,6,1595,1,9,-1,-1
201301XD80493,1,11,0,4,0,0,0,0,0,0,0,1,1,2,7,4500,2,3,5,1
201301XD80494,1,9,0,18,0,0,0,0,0,0,1,1,6,1,7,2494,1,26,9,2
201301XD80495,1,9,0,18,0,0,0,0,0,0,1,1,6,1,9,1390,1,11,4,1
201301XD80495,2,9,0,15,0,0,0,0,0,0,4,1,6,1,6,1598,1,-1,3,1
201301XD80496,1,9,0,18,0,1,0,0,0,0,1,1,6,2,5,1598,1,14,4,1
201301XD80497,1,9,0,9,0,8,0,0,0,0,1,1,6,1,9,1796,1,13,3,1
201301XD80497,2,1,0,18,0,8,0,0,0,0,1,1,6,1,6,-1,-1,-1,9,1
201301XD80498,1,9,0,9,0,8,0,0,0,0,4,1,1,1,6,1968,2,6,3,1
201301XD80499,1,1,0,14,0,1,0,0,0,0,4,1,2,2,6,-1,-1,-1,1,1
201301XD80499,2,9,0,5,0,1,0,0,0,0,3,1,6,1,7,1299,1,12,7,1
201301XD80500,1,1,0,18,0,8,0,0,0,0,1,1,2,1,5,-1,-1,-1,1,1
201301XD80500,2,9,0,5,0,8,0,0,0,0,3,1,6,2,-1,1896,2,7,9,1
201301XD80501,1,9,0,18,0,8,0,0,0,0,1,1,6,1,8,1587,1,10,6,1