Accident_Index,Vehicle_Reference,Vehicle_Type,Towing_and_Articulation,Vehicle_Manoeuvre,Vehicle_Location-Restricted_Lane,Junction_Location,Skidding_and_Overturning,Hit_Object_in_Carriageway,Vehicle_Leaving_Carriageway,Hit_Object_off_Carriageway,1st_Point_of_Impact,Was_Vehicle_Left_Hand_Drive?,Journey_Purpose_of_Driver,Sex_of_Driver,Age_Band_of_Driver,Engine_Capacity_(CC),Propulsion_Code,Age_of_Vehicle,Driver_IMD_Decile,Driver_Home_Area_Type
201301XD80502,1,9,0,10,0,1,0,0,0,0,2,1,6,2,10,1686,2,1,1,1
201301XD80502,2,3,0,18,0,1,0,0,0,0,1,1,6,1,5,124,1,5,5,1
201301XD80503,1,9,0,5,0,0,0,0,0,0,2,1,2,2,-1,-1,-1,-1,2,1
201301XD80503,2,9,0,18,0,0,0,0,0,0,1,1,6,3,-1,-1,-1,-1,-1,-1
201301XD80504,1,1,0,18,0,1,0,0,0,0,1,1,6,1,-1,-1,-1,-1,-1,-1
201301XD80505,1,9,0,18,0,0,0,0,0,0,2,1,6,2,8,998,1,2,6,1
201301XD80505,2,19,0,4,0,0,0,0,0,0,1,1,6,3,-1,1968,2,3,-1,-1
201301XD80507,1,11,0,7,0,8,0,0,0,0,0,1,1,1,6,8268,2,10,-1,-1
201301XD80509,1,9,0,4,0,1,0,0,0,0,2,1,6,2,9,1587,1,7,2,1
201301XD80509,2,9,0,18,0,1,0,0,0,0,1,1,6,2,-1,1242,1,10,-1,-1
201301XD80510,1,11,0,18,0,1,0,0,0,0,0,1,1,1,8,9000,2,2,4,1
201301XD80511,1,1,0,18,0,8,0,0,0,0,2,1,6,1,7,-1,-1,-1,2,1
201301XD80511,2,9,0,18,0,8,0,0,0,0,1,1,6,1,-1,1198,1,1,-1,-1
201301XD80512,1,11,0,5,0,0,0,0,0,0,0,1,1,1,9,6374,2,4,6,1
201301XD80513,1,9,0,5,0,1,0,0,0,0,1,1,6,2,6,1596,1,11,-1,-1
201301XD80513,2,9,0,18,0,1,0,0,0,0,2,1,6,2,7,1198,1,4,1,1
201301XD80514,1,19,0,12,0,1,0,0,0,0,1,1,2,1,7,2299,2,2,-1,-1
201301XD80514,2,9,0,18,0,1,0,0,0,0,2,1,6,1,5,1798,1,11,-1,-1
201301XD80515,1,9,0,18,0,1,0,0,0,0,3,1,6,1,8,1360,1,9,5,1
201301XD80516,1,9,0,18,0,1,0,0,0,0,0,1,6,2,8,1598,1,11,5,1
201301XD80517,1,9,0,18,0,2,0,0,0,0,3,1,6,1,9,1988,2,8,5,1
201301XD80517,2,9,0,18,0,1,0,0,0,0,3,1,6,2,-1,1896,2,11,6,1
201301XD80518,1,11,0,3,0,0,0,0,0,0,0,1,1,2,-1,-1,-1,-1,-1,-1
201301XD80519,1,1,0,18,0,2,0,0,0,0,1,1,6,2,6,-1,-1,-1,7,1
201301XD80519,2,90,0,1,0,2,0,0,0,0,2,1,6,1,-1,-1,-1,-1,-1,-1
201301XD80520,1,1,0,18,0,8,0,0,0,0,1,1,6,1,7,-1,-1,-1,3,1
201301XD80520,2,9,0,9,0,8,0,0,0,0,4,1,6,1,7,2494,1,14,6,1
201301XD80521,1,9,0,4,0,8,0,0,0,0,2,1,6,1,9,2188,2,10,8,1
201301XD80521,2,19,0,18,0,8,0,0,0,0,1,1,1,1,-1,1560,2,4,4,1
201301XD80521,3,9,0,4,0,8,0,0,0,0,2,1,6,1,-1,1390,1,12,-1,-1
201301XD80522,1,1,0,18,0,8,0,0,0,0,1,1,6,1,7,-1,-1,-1,7,1
201301XD80522,2,9,0,3,0,8,0,0,0,0,2,1,6,1,-1,1798,1,8,4,1
201301XD80523,1,9,0,9,0,8,0,0,0,0,1,1,6,2,6,1560,2,3,5,1
201301XD80523,2,3,0,18,0,8,0,0,0,0,1,1,6,1,-1,124,1,-1,5,1
201301XD80523,3,3,0,18,0,8,0,0,0,0,1,1,6,1,-1,124,1,-1,1,1
201301XD80524,1,9,0,4,0,0,0,0,0,0,2,1,6,1,6,1995,1,11,4,1
201301XD80524,2,9,0,18,0,0,0,0,0,0,1,1,6,1,6,1796,1,11,4,1
201301XD80526,1,9,0,9,0,8,0,0,0,0,3,1,6,1,4,1390,1,10,5,1
201301XD80526,2,2,0,18,0,8,0,0,0,0,1,1,6,1,5,656,1,8,6,1
201301XD80527,1,9,0,4,0,0,0,0,0,0,2,1,6,1,9,1686,2,1,2,1
201301XD80527,2,3,0,18,0,0,0,0,0,0,1,1,6,1,4,125,1,4,4,1
201301XD80528,1,9,0,9,0,8,0,0,0,0,1,1,6,2,9,1397,1,10,5,1
201301XD80528,2,1,0,18,4,8,0,0,0,0,1,1,6,1,7,-1,-1,-1,6,1
201301XD80529,1,9,0,8,0,8,0,0,0,0,2,1,6,2,6,1598,2,1,1,1
201301XD80529,2,9,0,9,0,1,0,0,0,0,1,1,6,2,6,1998,2,9,6,1
201301XD80530,1,9,0,5,0,2,0,0,0,0,0,1,6,1,-1,1796,1,4,3,1
201301XD80531,1,11,0,4,0,8,0,0,0,0,0,1,1,1,6,4500,2,2,6,1
201301XD80533,1,9,0,17,0,8,0,0,0,0,3,1,6,1,6,1149,1,11,3,1
201301XD80534,1,1,0,18,0,8,0,0,0,0,1,1,6,1,6,-1,-1,-1,8,1
201301XD80534,2,9,0,9,0,8,0,0,0,0,4,1,6,2,-1,-1,-1,-1,-1,-1
201301XD80535,1,1,0,18,0,8,0,0,0,0,1,1,6,1,8,-1,-1,-1,2,1
201301XD80535,2,9,0,9,0,8,0,0,0,0,4,1,6,1,9,1360,1,7,5,1
201301XD80536,1,21,1,18,0,2,0,0,0,0,4,1,1,1,-1,10837,2,4,1,1
201301XD80536,2,90,0,18,0,1,0,0,0,0,3,1,6,2,-1,-1,-1,-1,2,1
201301XD80537,1,9,0,4,0,0,0,0,0,0,2,1,6,1,5,1596,1,15,1,1
201301XD80537,2,9,0,18,0,0,0,0,0,0,1,1,6,1,-1,1968,2,1,4,1
201301XD80538,1,3,0,18,0,0,0,0,0,0,4,1,6,1,5,124,1,12,2,1
201301XD80538,2,9,0,18,0,0,0,0,0,0,3,1,6,1,8,1762,1,15,5,1
201301XD80539,1,9,0,7,0,8,0,0,0,0,3,1,6,2,5,1299,1,12,5,1
201301XD80539,2,9,0,18,0,8,0,0,0,0,1,1,6,1,7,2435,1,11,6,1
201301XD80541,1,9,0,18,0,8,0,0,0,0,2,1,6,1,7,1910,2,8,1,1
201301XD80541,2,9,0,9,0,8,0,0,0,0,3,1,6,1,5,1396,1,12,3,1
201301XD80542,1,9,0,18,0,1,0,0,0,0,1,1,1,2,5,1560,2,4,5,1
201301XD80543,1,21,0,7,0,8,0,0,0,0,4,1,1,1,9,4461,2,2,5,1
201301XD80544,1,9,0,4,0,0,0,0,0,0,2,1,1,1,8,-1,-1,-1,5,1
201301XD80544,2,9,0,18,0,0,0,0,0,0,1,1,6,2,7,1388,1,2,3,1
201301XD80544,3,9,0,18,0,0,0,0,0,0,1,1,6,1,6,-1,-1,-1,5,1
201301XD80546,1,9,0,3,0,1,0,0,0,0,2,1,2,1,8,998,1,15,3,1
201301XD80546,2,9,0,18,0,1,0,0,0,0,1,1,6,1,-1,1984,1,10,-1,-1
201301XD80547,1,9,0,18,0,8,0,0,0,0,2,1,6,1,6,2204,2,6,5,1
201301XD80547,2,9,0,18,0,8,0,0,0,0,1,1,6,2,-1,1149,1,10,-1,-1
201301XD80548,1,9,0,4,0,0,0,0,0,0,2,1,6,1,9,1299,1,13,5,1
201301XD80548,2,9,0,18,0,0,0,0,0,0,1,1,6,1,7,2987,2,5,5,1
201301XD80549,1,9,0,18,0,8,0,0,0,0,1,1,6,1,7,-1,-1,-1,6,1
201301XD80550,1,9,0,9,0,8,0,10,1,10,1,1,6,2,8,1995,1,7,3,1
201301XD80552,1,1,0,18,0,8,0,0,0,0,1,1,6,1,-1,-1,-1,-1,5,1
201301XD80553,1,1,0,18,0,8,0,0,0,0,1,1,6,1,5,-1,-1,-1,6,1
201301XD80553,2,19,0,7,0,8,0,0,0,0,4,1,1,1,-1,2298,2,3,3,1
201301XD80554,1,9,0,7,0,8,0,0,0,0,4,1,6,1,7,1796,1,8,2,1
201301XD80554,2,9,0,18,0,8,0,0,0,0,3,2,6,1,5,-1,-1,-1,7,1
201301XD80556,1,8,0,9,0,8,0,0,0,0,4,1,1,1,7,1997,2,3,4,1
201301XD80556,2,9,0,18,0,8,0,0,0,0,1,1,6,1,6,1596,1,15,3,1
201301XD80557,1,3,0,13,0,8,0,0,0,0,4,1,6,1,5,102,1,7,-1,-1
201301XD80557,2,9,0,9,0,8,0,0,0,0,3,1,6,1,9,1984,1,6,6,1
201301XD80559,1,1,0,18,0,8,0,0,0,0,1,1,6,1,7,-1,-1,-1,6,1
201301XD80559,2,9,0,9,0,8,0,0,0,0,4,1,6,1,7,1910,2,7,2,1
201301XD80560,1,8,0,16,0,8,0,0,0,0,1,1,1,1,-1,1896,2,9,-1,-1
201301XD80561,1,9,0,7,0,8,0,0,0,0,1,1,6,2,9,998,1,18,3,1
201301XD80562,1,21,0,12,0,0,0,0,0,0,1,1,6,1,7,11967,2,2,3,1
201301XD80562,2,9,0,18,0,0,0,0,0,0,2,1,6,1,6,1910,2,6,5,1
201301XD80563,1,9,0,4,0,8,0,0,0,0,2,1,6,1,7,2148,2,7,2,1
201301XD80563,2,9,0,18,0,8,0,0,0,0,1,1,6,1,9,1997,1,5,7,1
201301XD80564,1,9,0,18,0,8,0,0,0,0,1,1,6,1,5,1390,1,9,5,1
201301XD80564,2,3,0,18,0,8,0,0,0,0,2,1,6,1,7,125,1,3,3,1
201301XD80564,3,5,0,18,0,8,0,0,0,0,2,1,6,1,7,848,1,3,2,1
201301XD80565,1,9,0,11,0,0,0,0,0,0,0,1,6,3,-1,-1,-1,-1,-1,-1
201301XD80565,2,9,0,4,0,0,0,0,0,0,2,1,6,1,5,2497,2,12,3,1
201301XD80565,3,19,0,18,0,0,0,0,0,0,1,1,6,1,7,1968,2,-1,5,1
201301XD80565,4,9,0,18,0,0,0,0,0,0,1,1,6,1,5,1339,1,11,9,1
201301XD80566,1,9,0,2,0,8,0,0,0,0,1,1,6,1,7,995,1,8,6,1
201301XD80566,2,19,0,1,0,8,0,0,0,0,2,1,1,1,6,1995,2,7,6,1
201301XD80567,1,9,0,18,0,0,2,10,4,10,1,1,6,1,6,1360,1,12,3,1
201301XD80567,2,9,0,2,0,0,0,0,0,0,1,1,6,2,-1,1324,1,13,4,1
201301XD80568,1,90,0,9,0,8,0,0,0,0,1,1,1,1,8,-1,-1,-1,6,1
201301XD80568,2,9,0,18,0,8,0,0,0,0,3,1,6,2,10,1364,1,7,4,1
201301XD80569,1,5,0,16,0,0,0,0,0,0,3,1,6,1,-1,998,1,8,5,1
201301XD80569,2,9,0,11,0,0,0,0,0,0,4,1,6,3,-1,-1,-1,-1,-1,-1
201301XD80570,1,9,0,4,0,8,0,0,0,0,2,1,6,2,8,1596,1,13,3,1
201301XD80570,2,9,0,18,0,8,0,0,0,0,1,1,6,2,6,1796,1,12,4,1
201301XD80571,1,9,0,16,0,8,0,0,0,0,1,1,6,1,11,1242,1,13,2,1
201301XD80572,1,9,0,18,0,1,0,10,7,2,1,1,6,1,9,1596,1,11,-1,-1
201301XD80572,2,10,0,9,0,2,0,0,0,0,3,1,1,1,8,-1,-1,-1,6,1
201301XD80573,1,9,0,18,0,0,0,0,0,0,1,1,6,2,6,-1,-1,-1,-1,-1
201301XD80573,2,9,0,18,0,0,0,0,0,0,1,1,6,1,7,-1,-1,-1,-1,-1
201301XD80573,3,9,0,4,0,0,0,0,0,0,2,1,6,3,-1,-1,-1,-1,-1,-1
201301XD80576,1,1,0,17,0,2,0,0,0,0,3,1,2,2,6,-1,-1,-1,8,1
201301XD80576,2,19,0,17,0,2,0,0,0,0,4,1,6,1,-1,-1,-1,-1,-1,-1
201301XD80577,1,9,0,7,0,0,0,0,0,0,1,1,6,3,-1,-1,-1,-1,-1,-1
201301XD80578,1,9,0,9,0,8,0,0,0,0,1,1,6,1,4,796,1,11,3,1
201301XD80578,2,9,0,16,0,8,0,0,0,0,4,1,6,1,8,1870,2,15,6,1
201301XD80579,1,9,0,18,0,8,0,0,0,0,3,1,6,1,4,1910,2,7,-1,-1
201301XD80580,1,9,0,18,0,8,0,0,0,0,1,1,6,1,6,2461,2,13,4,1
201301XD80580,2,9,0,9,0,8,0,0,0,0,3,1,6,2,6,1248,1,3,6,1
201301XD80581,1,9,0,1,0,8,0,0,0,0,2,1,6,1,8,1390,1,-1,4,1
201301XD80582,1,1,0,18,0,8,0,0,0,0,1,1,6,1,7,-1,-1,-1,5,1
201301XD80582,2,9,0,9,0,8,0,0,0,0,4,1,6,1,8,2393,1,12,4,1
201301XD80583,1,1,0,9,0,8,0,0,0,0,2,1,6,1,6,-1,-1,-1,2,1
201301XD80583,2,9,0,18,0,8,0,0,0,0,1,1,6,1,-1,-1,-1,-1,-1,-1
201301XD80586,1,11,0,4,0,0,0,0,0,0,0,1,1,1,7,8268,2,10,3,1
201301XD80587,1,9,0,1,0,8,0,0,0,0,2,1,6,1,-1,1796,1,8,7,1
201301XD80587,2,4,0,18,0,8,0,0,0,0,1,1,6,1,8,279,1,4,2,1
201301XD80588,1,9,0,16,0,8,5,4,0,0,1,1,6,1,5,-1,-1,-1,7,1
201301XD80588,2,9,0,2,0,1,0,0,0,0,4,1,6,1,7,1781,1,9,-1,-1
201301XD80589,1,2,0,18,0,0,0,10,0,0,0,1,2,2,8,49,1,12,4,1
201301XD80589,2,9,0,11,0,0,0,0,0,0,0,1,6,1,-1,1995,1,11,-1,-1
201301XD80590,1,1,0,7,0,8,0,0,0,0,3,1,6,1,6,-1,-1,-1,3,1
201301XD80590,2,19,0,7,0,8,0,0,0,0,4,1,6,3,-1,-1,-1,-1,-1,-1
201301XD80591,1,9,0,9,0,8,0,0,0,0,4,1,6,1,6,1956,2,-1,5,1
201301XD80591,2,9,0,18,0,8,0,0,0,0,2,1,6,1,9,1910,2,5,10,1
201301XD80591,3,9,0,18,0,8,0,0,0,0,3,1,6,1,9,1493,1,13,1,1
201301XD80592,1,9,0,1,0,1,0,0,0,0,2,1,6,1,7,2979,1,9,2,1
201301XD80593,1,11,0,5,0,8,0,0,0,0,0,1,1,2,8,4500,2,4,2,1
201301XD80596,1,9,0,18,0,2,0,0,0,0,1,1,6,1,6,1390,1,12,2,1
201301XD80597,1,9,0,9,0,8,0,0,0,0,1,1,6,3,-1,-1,-1,-1,-1,-1
201301XD80598,1,21,0,18,0,0,0,0,0,0,3,2,1,1,7,-1,-1,-1,-1,-1
201301XD80598,2,9,0,2,0,0,0,0,0,0,4,1,6,1,-1,2987,2,6,7,1
201301XD80599,1,9,0,1,0,8,0,0,0,0,2,1,6,1,7,1783,1,10,3,1
201301XD80600,1,9,0,7,0,8,0,10,1,7,1,1,1,1,9,-1,-1,-1,3,1
201301XD80601,1,1,0,18,0,2,0,0,0,0,1,1,6,1,6,-1,-1,-1,4,1
201301XD80601,2,3,0,5,0,2,0,0,0,0,3,1,6,3,-1,-1,-1,-1,-1,-1
201301XD80602,1,9,0,18,0,8,0,0,0,0,2,1,6,2,8,1798,1,-1,3,1
201301XD80602,2,9,0,9,0,8,0,0,0,0,1,1,6,1,-1,-1,-1,-1,-1,-1
201301XD80604,1,9,0,18,0,0,0,0,0,0,3,1,6,1,5,1998,2,5,1,1
201301XD80604,2,19,0,18,0,0,0,0,0,0,4,1,6,1,9,2402,2,7,5,1
201301XD80605,1,9,0,18,0,2,0,0,1,4,1,1,6,1,8,-1,-1,-1,3,1
201301XD80606,1,9,0,18,0,1,0,0,0,0,1,1,6,1,7,1998,1,13,4,1
201301XD80606,2,9,0,3,0,1,0,0,0,0,2,1,6,1,8,1796,1,17,4,1
201301XD80607,1,3,0,14,0,0,0,0,0,0,1,1,6,1,7,-1,-1,-1,2,1
201301XD80608,1,8,0,18,0,1,0,0,0,0,1,1,1,1,8,1995,2,1,2,1
201301XD80608,2,1,0,18,0,1,0,0,0,0,4,1,6,1,6,-1,-1,-1,1,1
201301XD80609,1,3,0,5,0,8,0,0,0,0,3,1,6,1,7,124,1,1,1,1
201301XD80609,2,9,0,9,0,8,0,0,0,0,4,1,6,1,9,1998,1,10,6,1
201301XD80610,1,9,0,5,0,8,0,0,0,0,2,1,6,2,4,1598,1,14,6,1
201301XD80610,2,9,0,5,0,8,0,0,0,0,1,1,6,2,7,1339,1,4,2,1
201301XD80611,1,19,0,2,0,1,0,0,0,0,2,1,1,1,5,2402,2,6,1,1
201301XD80611,2,9,0,5,0,1,0,0,0,0,1,1,1,1,8,-1,-1,-1,2,1
201301XD80613,1,4,0,18,0,0,0,0,0,0,1,1,6,1,7,738,1,10,-1,-1
201301XD80613,2,9,0,3,0,0,0,0,0,0,4,1,6,1,8,1348,1,12,2,1
201301XD80616,1,1,0,18,0,8,0,0,0,0,0,1,2,1,7,-1,-1,-1,6,1
201301XD80616,2,11,0,13,0,8,0,0,0,0,0,1,1,3,-1,-1,-1,-1,-1,-1
201301XD80617,1,9,0,4,0,0,0,0,0,0,2,1,6,1,6,-1,-1,-1,9,1
201301XD80617,2,3,0,18,0,0,0,0,1,0,1,1,6,1,5,124,1,1,4,1
201301XD80618,1,1,0,18,0,1,0,0,0,0,3,1,6,1,6,-1,-1,-1,4,1
201301XD80618,2,9,0,9,0,5,0,0,0,0,4,1,6,2,-1,1498,1,6,-1,-1
201301XD80619,1,9,0,18,0,0,0,0,0,0,4,1,6,2,6,1997,1,12,6,1
201301XD80619,2,3,0,18,0,0,1,0,0,0,4,1,6,1,6,124,1,3,9,1
201301XD80620,1,9,0,1,0,0,0,0,0,0,2,1,6,2,6,998,1,10,4,1
201301XD80622,1,9,0,9,0,0,0,0,0,0,4,1,6,1,7,1395,1,-1,6,1
201301XD80623,1,9,0,18,0,1,0,0,0,0,1,1,6,1,10,2400,2,1,6,3
201301XD80623,2,9,0,4,0,1,0,0,0,0,2,1,6,1,8,1997,2,10,-1,-1
201301XD80624,1,9,0,18,0,8,5,7,0,0,4,1,2,2,7,1895,1,12,6,1
201301XD80626,1,9,0,4,0,0,0,0,0,0,1,1,6,1,7,1364,1,7,5,1
201301XD80626,2,2,0,4,0,0,0,0,0,0,2,1,6,1,6,108,1,1,3,1
201301XD80627,1,9,0,4,0,0,0,0,0,0,2,1,6,1,7,1998,1,13,6,1
201301XD80627,2,3,0,4,0,0,0,0,0,0,1,1,6,1,5,125,1,10,3,1
201301XD80628,1,9,0,2,0,0,0,0,0,0,1,1,6,1,7,2378,1,9,1,1
201301XD80628,2,9,0,18,0,0,0,0,0,0,1,1,6,1,7,2494,1,14,1,1
201301XD80629,1,9,0,9,0,8,0,0,0,0,1,1,6,2,8,1560,2,2,2,1
201301XD80629,2,1,0,18,0,8,0,0,0,0,4,1,6,1,6,-1,-1,-1,3,1
201301XD80630,1,3,0,14,0,8,0,0,0,0,1,1,6,1,6,124,1,7,1,1
201301XD80630,2,9,0,6,0,8,0,0,0,0,3,1,6,2,5,1995,2,5,-1,-1
201301XD80632,1,9,0,18,0,8,0,0,0,0,4,1,1,2,8,1590,1,12,3,1
201301XD80632,2,9,0,5,0,8,0,0,0,0,1,1,6,1,-1,1796,1,6,-1,-1
201301XD80633,1,19,0,4,0,0,0,0,0,0,1,1,6,1,6,2402,2,12,4,1
201301XD80633,2,9,0,4,0,0,0,0,0,0,2,1,4,2,7,998,1,11,-1,-1
201301XD80634,1,9,0,4,0,0,0,0,1,0,1,1,6,1,9,1598,1,4,7,1
201301XD80635,1,11,0,4,0,0,0,0,1,0,0,1,1,1,9,9360,2,4,6,1
201301XD80636,1,9,0,4,0,8,0,0,0,0,1,1,6,2,5,1299,1,8,6,1
201301XD80636,2,9,0,4,0,8,0,0,0,0,2,1,6,1,6,1995,1,6,5,1
201301XD80637,1,3,0,14,0,1,0,0,1,0,1,1,2,1,6,-1,-1,-1,4,1
201301XD80637,2,9,0,9,0,1,0,0,0,0,4,1,2,1,6,2979,1,11,3,1
201301XD80639,1,9,0,3,0,0,0,0,0,0,2,1,2,2,-1,1997,1,13,3,1
201301XD80639,2,9,0,18,0,0,0,0,0,0,1,1,6,1,-1,1493,2,6,6,1
201301XD80640,1,9,0,18,0,0,0,10,5,6,3,1,6,2,5,1199,1,9,2,1
201301XD80641,1,9,0,18,0,1,0,0,0,0,1,1,6,2,6,1598,1,7,2,1
201301XD80643,1,9,0,3,0,1,0,0,0,0,2,1,2,1,7,1396,1,15,4,1
201301XD80643,2,9,0,5,0,1,0,0,0,0,1,1,2,1,6,1360,1,10,4,1
201301XD80645,1,9,0,18,0,8,0,0,0,0,1,1,6,2,-1,1598,1,-1,3,1
201301XD80647,1,3,0,18,0,8,0,0,0,0,3,1,6,1,7,125,1,8,9,1
201301XD80647,2,9,0,9,0,8,0,0,0,0,4,1,6,1,9,1796,1,6,6,1
201301XD80648,1,3,0,18,0,0,0,0,0,0,1,1,6,1,6,124,1,5,4,1
201301XD80648,2,9,0,4,0,0,0,0,0,0,2,1,6,3,-1,-1,-1,-1,-1,-1
201301XD80649,1,9,0,18,0,8,0,0,0,0,1,1,6,1,6,1668,1,11,3,1
201301XD80649,2,1,0,9,0,8,0,0,0,0,1,1,6,1,6,-1,-1,-1,2,1
201301XD80650,1,9,0,7,0,3,0,0,0,0,1,1,2,1,7,1596,1,6,4,1
201301XD80651,1,9,0,7,0,8,0,0,0,0,4,1,6,1,7,998,1,14,2,1
201301XD80653,1,9,0,7,0,8,0,0,0,0,1,1,6,2,6,1896,2,11,2,1
201301XD80654,1,9,0,18,0,0,0,10,1,10,1,1,6,2,11,1086,1,7,6,1
201301XD80655,1,19,0,18,0,1,0,0,0,0,1,1,1,1,8,2198,2,4,2,1
201301XD80656,1,9,0,3,0,1,0,0,0,0,2,1,6,2,7,-1,-1,-1,5,1
201301XD80656,2,9,0,18,0,1,0,0,0,0,1,1,6,1,7,1948,1,16,2,1
201301XD80658,1,9,0,9,0,8,0,0,0,0,3,1,6,2,8,1390,1,1,6,1
201301XD80658,2,5,0,14,0,8,0,0,0,0,1,1,6,1,6,999,1,6,7,1
201301XD80659,1,9,0,5,0,1,0,0,0,0,1,1,6,1,6,1598,1,5,6,1
201301XD80659,2,9,0,3,0,1,0,0,0,0,2,1,6,1,10,-1,-1,-1,4,1
201301XD80660,1,5,0,16,0,0,2,10,8,10,3,1,1,1,6,670,1,1,5,1
201301XD80661,1,9,0,18,0,0,0,0,0,0,2,1,6,1,6,1900,2,15,6,1
201301XD80661,2,9,0,18,0,0,0,0,0,0,2,1,6,1,8,-1,-1,-1,8,1
201301XD80661,3,9,0,18,0,0,0,0,0,0,1,1,6,1,-1,5439,1,13,2,1
201301XD80661,4,9,0,18,0,0,0,0,0,0,2,1,6,1,7,2183,2,3,-1,-1
201301XD80661,5,9,0,18,0,0,0,0,0,0,2,1,1,1,6,-1,-1,-1,5,1
201301XD80661,6,9,0,18,0,0,0,0,0,0,1,1,1,1,6,899,1,-1,9,1
201301XD80662,1,9,0,4,0,8,0,0,0,0,1,1,6,2,6,1999,1,6,4,1
201301XD80662,2,9,0,4,0,8,0,0,0,0,2,1,6,1,7,1389,1,8,4,1
201301XD80663,1,9,0,9,0,1,0,0,0,0,1,1,6,1,5,1800,1,7,3,1
201301XD80663,2,1,0,8,0,1,0,0,0,0,2,1,6,1,8,-1,-1,-1,9,1
201301XD80664,1,9,0,3,0,8,0,0,0,0,2,1,6,2,6,1299,1,6,3,1
201301XD80664,2,9,0,5,0,8,0,0,0,0,1,1,6,1,-1,-1,-1,-1,3,1
201301XD80666,1,9,0,15,0,8,0,0,0,0,1,1,6,1,9,1590,1,12,6,1
201301XD80666,2,9,0,9,0,8,0,0,0,0,4,1,1,1,7,1796,1,10,3,1
201301XD80666,3,9,0,3,0,1,0,0,0,0,0,1,6,3,-1,-1,-1,-1,-1,-1
201301XD80667,1,1,0,18,0,2,0,0,0,0,1,1,2,1,6,-1,-1,-1,-1,-1
201301XD80668,1,9,0,18,0,0,0,0,0,0,1,1,6,2,8,1587,1,11,2,1
201301XD80669,1,90,0,9,0,8,0,0,0,0,4,1,1,1,7,-1,-1,-1,5,1
201301XD80669,2,2,0,18,0,8,0,0,0,0,1,1,6,1,4,49,1,6,4,1
201301XD80670,1,9,0,5,0,8,0,0,0,0,1,1,1,1,4,-1,-1,-1,10,1
201301XD80670,2,4,0,18,0,8,0,0,0,0,4,1,6,1,7,649,1,24,3,1
201301XD80671,1,9,0,7,0,8,0,0,1,0,1,1,6,1,7,1686,2,7,-1,-1
201301XD80672,1,21,0,4,0,0,0,0,0,0,2,1,1,1,8,10518,2,1,1,1
201301XD80672,2,3,0,4,0,0,0,0,0,0,1,1,6,1,5,125,1,2,2,1
201301XD80674,1,9,0,9,2,0,0,0,0,0,4,1,6,1,6,-1,-1,-1,1,1
201301XD80674,2,9,0,4,2,0,0,0,0,0,1,1,6,1,8,1796,1,8,5,1
201301XD80674,3,9,0,2,5,0,0,0,0,0,3,1,6,1,7,1762,1,15,2,1
201301XD80675,1,9,0,18,0,1,0,0,0,0,1,1,6,2,8,-1,-1,-1,4,1
201301XD80675,2,9,0,7,0,2,0,0,0,0,3,1,6,1,-1,-1,-1,-1,-1,-1
201301XD80676,1,11,0,4,0,1,0,0,0,0,4,1,1,1,6,9000,2,4,8,1
201301XD80677,1,19,0,18,0,8,0,0,0,0,1,1,1,1,6,2402,2,12,3,1
201301XD80677,2,10,0,3,0,8,0,0,0,0,2,1,1,1,8,-1,-1,-1,2,1
201301XD80678,1,9,0,2,0,1,0,0,0,0,2,1,6,1,8,2967,1,11,2,1
201301XD80678,2,9,0,5,0,1,0,0,0,0,1,1,6,1,6,1390,1,10,7,1
201301XD80679,1,8,0,18,0,1,1,0,0,0,1,1,1,1,6,2499,2,3,5,1
201301XD80679,2,19,0,3,0,1,0,0,0,0,2,1,1,1,8,2198,2,2,-1,-1
201301XD80679,3,19,0,3,0,1,0,0,0,0,2,1,1,1,7,1996,2,6,4,1
201301XD80680,1,9,0,18,0,8,0,0,1,0,4,1,6,2,7,1399,1,3,6,1
201301XD80680,2,9,0,18,0,8,0,0,1,0,1,1,6,2,10,1397,1,6,6,1
201301XD80681,1,11,0,14,0,0,0,4,0,0,3,1,1,2,6,4500,2,3,-1,-1
201301XD80681,2,9,0,2,0,0,0,0,0,0,3,1,6,1,-1,4511,1,7,-1,-1
201301XD80681,3,9,0,14,0,0,0,0,0,0,3,1,6,3,-1,1396,2,-1,-1,-1
201301XD80682,1,9,0,18,0,0,0,0,0,0,3,1,6,1,6,1910,2,3,3,1
201301XD80682,2,9,0,9,0,0,0,0,7,2,4,1,6,2,6,1984,1,2,3,1
201301XD80683,1,9,0,5,0,8,0,0,0,0,1,1,6,1,7,998,1,12,2,1
201301XD80683,2,9,0,5,0,7,0,0,0,0,2,1,6,1,-1,1598,1,12,5,1
201301XD80684,1,3,0,9,0,8,0,0,0,0,4,1,2,1,5,-1,-1,-1,-1,1
201301XD80684,2,9,0,15,0,8,0,0,0,0,3,1,2,1,5,-1,-1,-1,6,1
201301XD80685,1,9,0,18,0,8,0,0,0,0,1,1,6,1,7,998,1,12,6,1
201301XD80685,2,19,0,9,0,8,0,0,0,0,1,1,6,1,7,1998,2,9,8,1
201301XD80686,1,8,0,1,0,1,0,0,0,0,2,1,1,1,8,1896,2,8,4,1
201301XD80686,2,9,0,3,0,1,0,0,0,0,1,1,6,1,5,1781,1,8,2,1
201301XD80687,1,9,0,18,0,0,0,0,0,0,1,1,6,1,6,2231,2,6,6,1
201301XD80688,1,9,0,18,0,8,0,0,1,0,4,1,6,2,7,1399,1,3,6,1
201301XD80688,2,9,0,18,0,8,0,0,0,0,1,1,6,2,10,1397,1,6,6,1
201301XD80689,1,9,0,3,0,0,0,0,0,0,2,1,2,2,8,998,1,1,3,1
201301XD80689,2,9,0,18,0,0,0,0,0,0,1,1,6,1,6,1995,2,8,2,1
201301XD80690,1,9,0,4,0,0,0,0,0,0,2,1,2,1,5,1997,2,6,-1,-1
201301XD80690,2,9,0,4,0,0,0,0,0,0,1,1,1,1,5,-1,-1,-1,6,1