Accident_Index,Vehicle_Reference,Vehicle_Type,Towing_and_Articulation,Vehicle_Manoeuvre,Vehicle_Location-Restricted_Lane,Junction_Location,Skidding_and_Overturning,Hit_Object_in_Carriageway,Vehicle_Leaving_Carriageway,Hit_Object_off_Carriageway,1st_Point_of_Impact,Was_Vehicle_Left_Hand_Drive?,Journey_Purpose_of_Driver,Sex_of_Driver,Age_Band_of_Driver,Engine_Capacity_(CC),Propulsion_Code,Age_of_Vehicle,Driver_IMD_Decile,Driver_Home_Area_Type
201301XD80690,3,20,0,4,0,0,0,0,0,0,1,1,1,1,8,2402,2,3,4,1
201301XD80690,4,21,0,4,0,0,0,0,1,0,1,1,1,1,6,12900,2,2,2,1
201301XD80691,1,9,0,4,0,0,0,0,0,0,1,1,6,2,6,1199,1,11,2,1
201301XD80691,2,9,0,3,0,0,0,0,0,0,2,1,1,1,7,-1,-1,-1,3,1
201301XD80692,1,9,0,5,0,0,0,0,0,0,2,1,6,1,8,1242,1,12,4,1
201301XD80692,2,9,0,18,0,0,0,0,0,0,1,1,6,1,-1,1968,2,-1,1,1
201301XD80693,1,9,0,18,0,0,0,0,0,0,4,1,6,1,10,1598,1,3,7,1
201301XD80693,2,21,0,11,0,0,0,0,0,0,3,1,1,3,-1,-1,-1,-1,-1,-1
201301XD80694,1,9,0,5,0,0,0,0,0,0,1,1,6,1,-1,5461,1,7,-1,-1
201301XD80695,1,9,0,17,0,0,0,0,0,0,2,1,6,2,9,1796,1,10,4,1
201301XD80695,2,1,0,17,0,0,0,0,0,0,1,1,6,1,4,-1,-1,-1,-1,-1
201301XD80696,1,11,0,9,0,8,0,0,0,0,0,1,1,1,9,4500,2,6,6,1
201301XD80697,1,9,0,6,0,0,0,0,0,0,3,1,6,1,8,1896,2,8,5,1
201301XD80697,2,9,0,18,0,0,0,0,0,0,1,1,6,2,6,1796,1,3,6,1
201301XD80698,1,9,0,11,0,8,0,0,0,0,3,1,6,1,5,1686,2,6,6,1
201301XD80698,2,9,0,12,0,8,0,0,0,0,4,1,6,2,5,1596,1,11,3,1
201301XD80699,1,9,0,9,0,0,0,0,1,0,2,1,6,1,7,1968,2,3,5,1
201301XD80699,2,5,0,18,0,0,0,0,0,0,1,1,4,1,-1,865,1,1,5,1
201301XD80700,1,3,0,9,0,8,1,0,0,0,0,1,1,1,6,125,1,-1,6,1
201301XD80701,1,9,0,18,0,8,0,0,0,0,1,1,6,3,-1,-1,-1,-1,-1,-1
201301XD80702,1,9,0,18,0,8,0,10,1,10,1,1,6,1,6,1995,1,4,-1,-1
201301XD80702,2,11,0,18,0,8,0,0,1,10,1,1,1,1,8,4500,2,3,7,1
201301XD80703,1,1,0,9,4,1,0,0,0,0,2,1,2,1,7,-1,-1,-1,5,1
201301XD80703,2,9,0,18,0,5,0,0,0,0,1,1,6,1,-1,1997,2,11,-1,-1
201301XD80704,1,1,0,18,0,1,0,0,0,0,3,1,6,1,6,-1,-1,-1,5,1
201301XD80704,2,9,0,5,0,1,0,0,0,0,0,1,6,3,-1,1242,1,2,-1,-1
201301XD80705,1,11,0,4,0,0,0,0,0,0,0,1,1,1,7,9360,2,1,4,1
201301XD80705,2,9,0,3,0,0,0,0,1,0,0,1,6,3,-1,2148,2,4,-1,-1
201301XD80706,1,9,0,3,0,8,0,0,0,0,2,1,3,2,6,-1,-1,-1,5,1
201301XD80706,2,21,1,7,0,8,0,0,0,0,3,1,1,3,-1,9200,2,2,-1,-1
201301XD80707,1,9,0,4,0,0,0,0,0,0,2,1,6,2,6,-1,-1,-1,5,1
201301XD80707,2,9,0,4,0,0,0,0,0,0,1,1,6,2,9,-1,-1,-1,6,1
201301XD80707,3,9,0,4,0,0,1,0,0,0,1,1,6,1,6,2099,1,9,6,1
201301XD80708,1,4,0,18,0,8,0,0,0,0,1,1,6,1,7,125,1,12,3,1
201301XD80708,2,9,0,17,0,8,0,0,0,0,4,1,6,2,7,2616,1,9,2,1
201301XD80710,1,9,0,18,0,0,0,0,0,0,2,1,6,1,9,-1,-1,-1,3,1
201301XD80710,2,9,0,4,0,0,0,0,0,0,2,1,6,3,-1,999,1,6,-1,-1
201301XD80710,3,9,0,18,0,0,0,0,0,0,1,1,6,3,-1,-1,-1,-1,-1,-1
201301XD80711,1,8,0,3,0,0,0,0,0,0,3,1,1,1,7,-1,-1,-1,5,1
201301XD80711,2,1,0,14,0,0,0,4,0,0,4,1,6,1,-1,-1,-1,-1,-1,-1
201301XD80712,1,11,0,16,0,0,0,0,0,0,3,1,1,1,7,4500,2,4,4,1
201301XD80712,2,20,0,9,0,0,0,0,0,0,1,1,1,3,-1,-1,-1,-1,-1,-1
201301XD80713,1,9,0,18,0,0,0,4,1,0,1,1,6,1,9,1299,1,10,6,1
201301XD80713,2,9,0,6,0,0,0,0,0,0,1,1,6,1,9,-1,-1,-1,6,1
201301XD80713,3,9,0,2,0,0,0,0,0,0,3,1,6,1,10,1331,1,19,9,2
201301XD80714,1,9,0,4,0,0,0,0,0,0,1,1,1,2,6,1560,2,2,-1,-1
201301XD80714,2,9,0,4,0,0,0,0,0,0,1,1,6,2,6,2993,2,4,7,1
201301XD80715,1,9,0,2,0,0,0,0,0,0,1,1,6,1,8,1985,1,13,2,1
201301XD80715,2,9,0,1,0,0,0,0,0,0,2,1,6,3,-1,-1,-1,-1,-1,-1
201301XD80716,1,8,0,3,0,0,0,0,0,0,2,1,1,1,8,1497,8,5,6,1
201301XD80716,2,9,0,18,0,0,0,4,0,0,1,1,6,1,-1,1596,1,5,-1,-1
201301XD80717,1,9,0,4,0,8,0,0,0,0,1,1,6,1,7,1397,1,13,-1,-1
201301XD80717,2,9,0,4,0,8,0,0,0,0,2,1,1,1,8,-1,-1,-1,6,1
201301XD80717,3,9,0,18,0,8,0,0,0,0,2,1,1,1,6,1596,1,7,4,1
201301XD80718,1,9,0,16,0,8,0,0,0,0,1,1,6,1,-1,-1,-1,-1,-1,-1
201301XD80719,1,9,0,18,0,2,0,0,0,0,1,1,6,1,5,2188,2,10,3,1
201301XD80720,1,9,0,18,0,8,0,0,0,0,4,1,6,2,10,1328,1,9,5,1
201301XD80720,2,9,0,18,0,8,0,0,0,0,1,1,6,1,7,2496,2,12,2,1
201301XD80721,1,9,0,17,0,0,0,0,0,0,3,1,6,2,7,1582,2,2,-1,-1
201301XD80721,2,9,0,12,0,0,0,0,0,0,4,1,6,1,-1,1600,1,9,-1,-1
201301XD80722,1,9,0,4,0,0,0,0,0,0,2,1,6,2,5,1596,1,3,3,1
201301XD80722,2,9,0,18,0,0,0,0,0,0,1,1,6,2,7,1794,1,11,3,1
201301XD80723,1,9,0,5,0,8,0,0,0,0,2,1,6,1,5,998,1,5,5,1
201301XD80723,2,9,0,18,0,8,0,0,0,0,1,1,6,1,-1,1595,2,3,-1,-1
201301XD80724,1,9,0,4,0,0,0,0,0,0,2,1,6,1,6,1995,2,8,1,1
201301XD80724,2,19,0,4,0,0,0,0,1,0,1,1,6,3,-1,-1,-1,-1,-1,-1
201301XD80725,1,9,0,18,0,8,0,0,0,0,4,1,6,2,5,1390,1,9,3,1
201301XD80726,1,9,0,5,0,8,0,0,1,0,2,1,6,1,7,998,1,15,5,1
201301XD80726,2,9,0,5,0,8,0,0,0,0,1,1,6,1,8,1968,2,6,2,1
201301XD80727,1,9,0,18,0,0,5,4,0,0,1,2,6,1,7,1598,2,-1,6,1
201301XD80727,2,9,0,2,0,0,0,0,0,0,2,1,6,2,8,2171,1,11,5,1
201301XD80728,1,9,0,9,0,7,0,0,0,0,3,1,6,1,7,1800,1,13,2,1
201301XD80728,2,5,0,18,0,8,0,0,1,0,1,1,4,1,6,-1,-1,-1,2,1
201301XD80729,1,3,0,14,0,8,0,0,0,0,1,1,6,1,8,499,1,19,2,1
201301XD80729,2,9,0,9,0,8,0,0,0,0,3,1,6,1,7,2231,2,7,3,1
201301XD80730,1,9,0,4,0,0,0,0,0,0,1,1,4,1,6,1396,1,10,-1,1
201301XD80731,1,9,0,18,0,8,0,0,0,0,1,1,6,2,6,1364,1,3,2,1
201301XD80731,2,9,0,9,0,8,0,0,0,0,4,1,6,2,8,1598,1,7,3,1
201301XD80733,1,9,0,16,0,8,0,0,0,0,1,1,1,2,5,1124,1,9,3,1
201301XD80733,2,9,0,16,0,8,0,0,0,0,4,1,6,1,10,1997,1,22,8,1
201301XD80733,3,9,0,16,0,8,0,0,0,0,1,1,2,1,8,2987,2,2,-1,-1
201301XD80734,1,5,0,18,0,8,0,0,0,0,0,1,6,1,8,649,1,-1,3,1
201301XD80734,2,9,0,9,0,8,0,0,0,0,0,1,6,2,7,2922,1,8,4,1
201301XD80735,1,9,0,2,0,0,0,0,0,0,3,1,6,1,9,1998,1,11,6,1
201301XD80735,2,1,0,18,0,0,0,8,0,0,1,1,6,2,9,-1,-1,-1,8,1
201301XD80736,1,5,0,3,0,0,0,0,0,0,3,1,2,1,6,599,1,10,6,1
201301XD80736,2,21,1,5,0,0,0,0,0,0,4,1,1,3,-1,-1,-1,-1,-1,-1
201301XD80737,1,8,0,18,0,8,0,0,0,0,1,1,1,1,6,1910,2,5,4,1
201301XD80737,2,3,0,18,0,8,0,0,0,0,1,1,6,1,6,125,1,1,-1,-1
201301XD80738,1,9,0,9,0,8,0,0,1,0,1,1,6,2,8,1587,1,11,1,1
201301XD80738,2,9,0,3,0,8,0,0,1,0,3,1,6,1,6,2500,1,15,3,1
201301XD80739,1,9,0,18,0,8,0,0,0,0,3,1,6,1,10,2143,2,1,4,1
201301XD80739,2,1,0,18,0,8,0,0,0,0,1,1,6,1,9,-1,-1,-1,2,1
201301XD80740,1,11,0,4,0,8,0,0,0,0,0,1,1,1,9,4500,2,4,4,1
201301XD80740,2,9,0,7,0,8,0,0,0,0,0,1,6,3,-1,1796,1,3,-1,-1
201301XD80741,1,5,0,18,0,0,0,0,0,0,3,1,1,1,5,-1,-1,-1,5,1
201301XD80742,1,9,0,18,0,8,0,0,1,0,1,1,6,1,5,-1,-1,-1,3,1
201301XD80742,2,9,0,9,0,8,0,0,0,0,3,1,6,2,9,1600,1,14,3,1
201301XD80743,1,3,0,9,0,8,0,0,0,0,3,1,6,1,8,-1,-1,-1,3,1
201301XD80743,2,9,0,18,0,8,0,0,0,0,3,1,6,2,6,-1,-1,-1,3,1
201301XD80744,1,9,0,3,0,8,0,0,0,0,0,1,6,2,8,1296,1,5,5,1
201301XD80744,2,9,0,3,0,8,0,0,0,0,0,1,6,1,11,1591,1,3,6,1
201301XD80745,1,9,0,18,0,8,0,10,1,2,1,1,6,1,6,1587,1,7,-1,-1
201301XD80746,1,8,0,3,0,8,0,0,1,0,2,1,1,1,5,1598,1,13,-1,-1
201301XD80746,2,9,0,18,0,8,0,0,0,0,1,1,6,1,6,1910,2,8,8,1
201301XD80747,1,9,0,18,0,8,1,0,7,10,1,1,6,1,6,2494,1,9,-1,-1
201301XD80749,1,9,0,3,0,8,0,0,0,0,3,1,6,2,8,1390,1,11,4,1
201301XD80749,2,9,0,9,0,8,0,0,0,0,1,1,6,2,4,995,1,8,10,1
201301XD80750,1,9,0,18,0,8,0,0,0,0,1,1,6,2,9,1240,1,10,9,1
201301XD80750,2,1,0,18,0,8,0,0,0,0,1,1,6,1,6,-1,-1,-1,5,1
201301XD80751,1,9,0,14,0,2,0,0,0,0,1,1,6,3,-1,-1,-1,-1,-1,-1
201301XD80752,1,9,0,18,0,8,1,0,0,0,1,1,1,1,8,1753,2,4,-1,-1
201301XD80752,2,9,0,9,0,8,1,0,1,0,4,1,6,1,11,1699,1,6,4,1
201301XD80752,3,9,0,7,0,8,0,0,0,0,3,1,6,1,11,1560,2,2,6,1
201301XD80753,1,9,0,4,0,8,0,0,1,0,1,1,6,1,6,1895,1,11,2,1
201301XD80755,1,8,0,7,0,8,0,0,0,0,4,1,6,1,8,2499,2,6,1,1
201301XD80755,2,1,0,18,0,8,0,0,0,0,1,1,6,2,6,-1,-1,-1,3,1
201301XD80757,1,9,0,4,0,0,0,0,1,0,2,1,1,2,6,1390,1,14,5,1
201301XD80757,2,20,0,18,0,0,0,0,0,0,1,1,1,1,-1,-1,-1,-1,-1,-1
201301XD80758,1,9,0,18,0,8,0,0,0,0,1,1,6,1,8,1598,1,13,3,1
201301XD80758,2,3,0,9,0,8,0,0,0,0,4,1,6,1,5,448,1,-1,6,1
201301XD80759,1,9,0,9,0,8,0,0,0,0,0,1,6,2,6,1461,2,7,5,1
201301XD80759,2,5,0,18,0,8,0,0,0,0,0,1,6,1,6,805,1,14,4,1
201301XD80760,1,9,0,3,0,8,0,0,0,0,2,1,6,1,6,1995,1,5,2,1
201301XD80760,2,9,0,18,0,8,0,0,1,0,1,1,6,1,-1,-1,-1,-1,-1,-1
201301XD80761,1,9,0,18,0,0,0,0,0,0,1,1,6,1,6,1598,2,2,5,1
201301XD80761,2,8,0,4,0,0,0,0,0,0,2,1,6,1,8,1896,2,8,4,1
201301XD80761,3,9,0,18,0,0,0,0,1,0,2,1,6,2,7,998,1,14,5,1
201301XD80762,1,11,0,4,0,1,0,0,0,0,0,1,1,1,8,9360,2,1,6,1
201301XD80763,1,5,0,18,0,8,0,0,0,0,4,1,6,1,8,599,1,3,2,1
201301XD80763,2,19,0,12,0,8,0,0,0,0,3,1,1,1,-1,1399,2,2,4,1
201301XD80764,1,9,0,18,0,0,0,0,0,0,1,1,2,1,8,1985,1,15,7,1
201301XD80766,1,11,0,18,0,8,0,0,0,0,4,1,6,1,-1,-1,-1,-1,-1,-1
201301XD80767,1,9,0,12,0,8,0,0,0,0,2,1,6,1,7,-1,-1,-1,1,1
201301XD80767,2,8,0,4,0,8,0,0,1,0,2,1,6,1,6,-1,-1,-1,2,1
201301XD80767,3,20,0,18,0,8,0,0,0,0,1,1,6,1,9,-1,-1,-1,2,1
201301XD80768,1,5,0,18,0,8,0,0,0,0,1,1,6,1,6,998,1,7,2,1
201301XD80768,2,9,0,9,0,8,0,0,0,0,3,1,6,1,7,1497,8,5,5,1
201301XD80769,1,9,0,18,0,8,0,0,0,0,1,1,6,1,8,1896,2,9,6,1
201301XD80769,2,9,0,4,0,8,0,0,0,0,2,1,6,1,6,1995,2,-1,6,1
201301XD80769,3,9,0,18,0,8,0,0,0,0,2,1,6,1,8,1497,8,5,5,1
201301XD80770,1,9,0,7,0,8,0,0,0,0,2,1,6,1,11,1762,1,13,5,1
201301XD80770,2,9,0,18,0,8,1,0,0,0,1,1,6,1,-1,1995,2,6,-1,-1
201301XD80771,1,9,0,9,0,8,0,0,0,0,1,1,6,1,8,1799,1,14,4,1
201301XD80771,2,3,0,18,0,8,0,0,0,0,1,1,6,1,6,108,1,1,4,1
201301XD80772,1,11,0,4,0,8,0,0,1,0,0,1,1,1,7,6700,2,1,-1,-1
201301XD80773,1,19,0,1,0,1,0,0,0,0,2,1,1,1,7,2463,2,6,4,1
201301XD80773,2,4,0,4,0,1,0,0,0,0,1,1,6,2,6,108,1,1,3,1
201301XD80775,1,3,0,16,0,0,0,0,0,0,1,1,6,1,7,125,1,4,4,1
201301XD80775,2,9,0,6,0,0,0,0,0,0,1,1,6,2,6,1390,1,12,3,1
201301XD80776,1,1,0,18,0,8,0,0,0,0,1,1,6,1,9,-1,-1,-1,5,1
201301XD80777,1,3,0,17,0,0,0,0,0,0,1,1,6,1,6,124,1,3,7,1
201301XD80778,1,11,0,18,0,1,0,0,0,0,4,1,1,1,-1,-1,-1,-1,-1,-1
201301XD80779,1,3,0,16,0,8,0,0,0,0,1,1,6,1,7,125,1,-1,7,1
201301XD80779,2,9,0,9,0,8,0,0,0,0,3,1,6,3,-1,1988,1,12,-1,-1
201301XD80780,1,9,0,18,0,8,0,10,1,2,4,1,6,1,6,1968,2,6,4,1
201301XD80781,1,19,0,11,0,0,0,0,0,0,2,1,1,1,8,2287,2,2,4,1
201301XD80781,2,1,0,18,0,0,0,0,0,0,1,1,6,1,5,-1,-1,-1,2,1
201301XD80782,1,9,0,18,0,0,0,0,0,0,2,1,6,2,-1,1399,2,4,-1,-1
201301XD80782,2,9,0,18,0,0,0,0,0,0,1,1,6,1,-1,1910,2,5,-1,-1
201301XD80783,1,9,0,18,0,8,0,0,0,0,4,1,6,1,6,1497,8,8,7,1
201301XD80784,1,9,0,12,0,8,0,0,0,0,3,1,6,1,8,1360,1,7,4,1
201301XD80784,2,3,0,18,0,8,0,0,0,0,1,1,6,1,4,124,1,1,3,1
201301XD80785,1,2,0,18,0,8,0,0,0,0,1,1,6,1,4,49,1,1,5,1
201301XD80785,2,9,0,9,0,8,0,0,0,0,3,1,6,1,8,1461,2,-1,6,1
201301XD80787,1,9,0,4,0,8,0,0,0,0,2,1,6,1,6,1198,1,-1,4,1
201301XD80787,2,9,0,18,0,8,0,0,0,0,1,1,6,2,5,1242,1,5,-1,-1
201301XD80788,1,3,0,18,0,8,0,0,0,0,1,1,6,1,6,124,1,4,4,1
201301XD80789,1,9,0,7,0,8,0,0,0,0,4,1,6,2,7,1796,1,14,3,1
201301XD80789,2,1,0,7,0,8,0,0,0,0,1,1,6,1,7,-1,-1,-1,5,1
201301XD80790,1,9,0,18,0,8,0,0,1,0,1,1,6,1,6,-1,-1,-1,8,1
201301XD80790,2,9,0,9,0,8,0,7,2,3,3,1,6,1,5,998,1,1,6,1
201301XD80790,3,9,0,18,0,8,0,0,0,0,0,1,6,1,7,-1,-1,-1,3,1
201301XD80791,1,9,0,13,0,0,0,10,1,2,1,1,6,1,6,1995,1,11,5,1
201301XD80792,1,8,0,18,0,1,0,0,0,0,1,1,1,1,8,2664,2,14,8,1
201301XD80793,1,3,0,18,0,8,0,0,0,0,4,1,6,1,5,124,1,3,5,1
201301XD80793,2,9,0,17,0,8,0,0,0,0,1,1,6,1,8,1910,2,6,6,1
201301XD80795,1,9,0,6,0,8,0,0,0,0,3,1,6,2,6,1596,1,25,2,1
201301XD80795,2,3,0,17,0,8,0,0,0,0,1,1,6,1,7,-1,-1,-1,2,1
201301XD80796,1,9,0,18,0,8,0,0,0,0,1,1,6,2,8,1896,2,6,6,1
201301XD80796,2,9,0,18,0,8,0,0,0,0,4,1,6,2,10,1199,1,14,5,1
201301XD80796,3,19,0,2,0,8,0,0,0,0,2,1,6,1,9,-1,-1,-1,8,1
201301XD80796,4,9,0,2,0,8,0,0,0,0,2,1,6,1,6,1796,1,11,8,1
201301XD80796,5,9,0,2,0,8,0,0,0,0,2,1,6,2,-1,-1,-1,-1,8,1
201301XD80797,1,9,0,7,0,8,0,0,0,0,2,1,6,1,7,1997,2,3,4,1
201301XD80797,2,9,0,7,0,8,0,0,0,0,1,1,6,1,-1,1149,1,6,-1,-1
201301XD80798,1,9,0,18,0,8,0,0,0,0,1,1,6,1,6,1368,1,1,5,1
201301XD80798,2,9,0,9,0,8,0,0,0,0,4,1,6,1,-1,-1,-1,-1,-1,-1
201301XD80800,1,21,0,10,0,8,0,0,0,0,4,1,1,1,7,9200,2,5,8,1
201301XD80800,2,9,0,12,0,8,0,0,0,0,3,1,6,1,6,1229,1,1,6,1
201301XD80801,1,9,0,18,0,8,0,10,5,1,1,1,6,1,8,5700,1,48,4,1
201301XD80801,2,9,0,18,0,8,0,0,0,0,3,1,6,1,5,3246,1,12,5,1
201301XD80802,1,9,0,9,0,8,0,0,0,0,1,1,6,1,6,1198,1,4,5,1
201301XD80802,2,9,0,7,0,8,0,0,0,0,2,1,6,1,6,1461,2,3,4,1
201301XD80803,1,5,0,13,0,8,0,0,0,0,1,1,6,1,6,124,1,9,6,1
201301XD80803,2,9,0,9,0,8,0,0,0,0,1,1,6,1,5,1493,1,18,4,1
201301XD80804,1,9,0,9,0,8,0,0,0,0,2,1,6,2,6,799,2,4,1,1
201301XD80804,2,9,0,10,0,1,0,0,0,0,1,1,6,1,-1,1799,1,5,-1,-1
201301XD80804,3,9,0,17,0,1,0,0,0,0,1,1,6,1,-1,1995,1,6,-1,-1
201301XD80805,1,20,0,4,0,0,0,0,0,0,2,1,1,1,8,-1,-1,-1,4,1
201301XD80805,2,9,0,4,0,0,0,0,0,0,1,1,6,1,7,1685,2,1,5,1
201301XD80805,3,9,0,18,0,0,0,0,0,0,1,1,6,1,8,599,1,12,6,1
201301XD80805,4,9,0,18,0,0,0,0,0,0,1,1,6,1,7,1598,2,1,4,1
201301XD80806,1,8,0,18,0,8,0,0,0,0,1,1,1,1,9,1896,2,6,3,1
201301XD80806,2,9,0,4,0,8,0,0,0,0,2,1,6,1,4,-1,-1,-1,4,1
201301XD80807,1,9,0,18,0,0,0,0,0,0,1,1,6,1,9,-1,-1,-1,-1,-1
201301XD80808,1,9,0,1,0,8,0,0,0,0,2,1,6,1,7,1896,2,8,7,1
201301XD80809,1,9,0,9,0,8,0,0,0,0,1,1,6,1,7,1300,1,14,4,1
201301XD80809,2,1,0,18,0,8,0,0,0,0,1,1,6,1,6,-1,-1,-1,4,1
201301XD80810,1,9,0,18,0,8,0,0,0,0,1,1,6,2,4,999,1,1,5,1
201301XD80810,2,3,0,18,0,8,0,0,0,0,3,1,6,1,6,125,1,3,3,1
201301XD80811,1,19,0,7,0,8,0,0,0,0,4,1,1,1,9,1753,2,8,6,1
201301XD80811,2,1,0,18,0,8,0,0,0,0,1,1,6,2,7,-1,-1,-1,5,1
201301XD80812,1,5,0,14,0,8,0,0,0,0,1,1,2,1,6,499,1,11,7,1
201301XD80812,2,9,0,9,0,8,0,0,0,0,1,1,6,2,6,-1,-1,-1,6,1
201301XD80813,1,3,0,18,0,8,0,0,0,0,1,1,6,1,6,125,1,2,7,1
201301XD80813,2,9,0,9,0,8,0,0,0,0,1,1,6,1,9,2151,2,11,5,1
201301XD80814,1,9,0,6,0,8,0,0,0,0,3,1,6,1,6,2204,2,5,5,1
201301XD80814,2,9,0,18,0,8,0,0,0,0,1,1,6,2,8,1299,1,13,2,1
201301XD80815,1,8,0,9,0,8,0,0,0,0,1,1,1,1,7,-1,-1,-1,3,1
201301XD80816,1,9,0,9,0,8,0,0,0,0,3,1,6,1,10,1400,1,6,2,1
201301XD80816,2,3,0,18,0,8,0,0,0,0,1,1,6,1,7,-1,-1,-1,4,1
201301XD80817,1,9,0,9,0,8,0,0,0,0,3,1,6,1,8,2494,1,10,7,1
201301XD80817,2,3,0,18,0,8,0,0,0,0,1,1,6,1,4,124,1,9,5,1
201301XD80818,1,9,0,18,0,2,0,0,0,0,2,1,6,1,10,2148,2,11,2,1
201301XD80818,2,9,0,18,0,2,0,0,0,0,1,1,6,1,-1,-1,-1,-1,-1,-1
201301XD80819,1,9,0,18,0,0,0,0,1,0,1,1,6,1,-1,-1,-1,-1,-1,-1
201301XD80820,1,3,0,18,0,8,0,0,0,0,1,1,6,1,5,124,1,12,2,1
201301XD80820,2,9,0,7,0,8,0,0,0,0,4,1,6,1,8,1686,2,12,6,1
201301XD80821,1,3,0,18,0,1,0,0,0,0,1,1,2,1,6,124,1,5,7,1
201301XD80821,2,11,0,2,0,8,0,0,0,0,0,1,1,3,-1,-1,-1,-1,-1,-1
201301XD80822,1,9,0,16,0,8,0,0,0,0,3,1,6,2,7,1968,2,4,4,1
201301XD80822,2,1,0,18,0,8,0,0,0,0,1,1,6,1,5,-1,-1,-1,2,1
201301XD80823,1,9,0,9,0,8,0,0,0,0,1,1,6,1,6,1796,1,10,2,1
201301XD80824,1,5,0,14,0,8,0,0,0,0,1,1,6,1,6,599,1,1,5,1
201301XD80824,2,9,0,9,0,8,0,0,0,0,3,1,6,2,7,1124,1,19,5,1
201301XD80825,1,9,0,12,0,0,0,0,0,0,3,1,6,2,5,1598,1,13,2,1
201301XD80825,2,19,0,18,0,0,0,0,0,0,4,1,6,1,11,-1,-1,-1,3,1
201301XD80825,3,21,0,18,0,0,0,0,0,0,1,1,1,1,-1,11967,2,4,8,1
201301XD80826,1,9,0,16,0,8,0,10,1,10,1,1,6,1,5,1590,1,-1,1,1
201301XD80827,1,9,0,18,0,8,0,0,0,0,1,1,6,2,-1,-1,-1,-1,-1,-1
201301XD80828,1,9,0,9,0,6,0,0,0,0,3,1,6,1,5,1390,1,5,4,1
201301XD80828,2,9,0,18,0,8,0,0,0,0,1,1,6,3,-1,1461,2,9,-1,-1
201301XD80830,1,9,0,18,0,1,0,0,0,0,1,1,6,2,7,1598,1,-1,9,1
201301XD80830,2,9,0,4,0,8,0,0,0,0,1,1,6,2,6,2597,1,13,5,1
201301XD80830,3,9,0,4,0,8,0,0,0,0,2,1,6,1,6,2993,2,8,6,1
201301XD80832,1,5,0,18,0,0,0,0,0,0,3,1,6,1,5,599,1,3,3,1
201301XD80832,2,9,0,18,0,0,0,0,0,0,4,1,6,1,6,1686,2,2,6,1
201301XD80833,1,19,0,18,0,1,0,11,0,0,4,1,1,1,8,1686,2,13,10,1
201301XD80834,1,9,0,14,0,8,0,0,0,0,1,1,6,1,5,1197,1,-1,4,1
201301XD80836,1,9,0,9,0,8,0,0,0,0,1,1,6,1,6,2401,2,10,6,1
201301XD80836,2,9,0,10,0,8,0,0,0,0,2,1,6,1,10,1298,1,10,3,1
201301XD80837,1,19,0,5,0,8,0,0,0,0,1,1,1,1,6,2198,2,1,7,1
201301XD80837,2,9,0,3,0,8,0,0,0,0,2,1,6,2,5,2000,1,4,3,1
201301XD80838,1,9,0,12,0,8,0,0,0,0,1,1,6,1,6,-1,-1,-1,4,1
201301XD80838,2,1,0,18,0,8,0,0,0,0,1,1,6,1,6,-1,-1,-1,-1,-1
201301XD80839,1,9,0,11,0,0,0,0,0,0,4,1,6,2,6,1598,1,11,3,1
201301XD80839,2,5,0,18,0,0,0,0,0,0,3,1,6,1,7,-1,-1,-1,7,1
201301XD80840,1,20,0,4,0,8,0,0,0,0,2,1,1,1,7,-1,-1,-1,6,1
201301XD80840,2,9,0,18,0,8,0,0,0,0,1,1,2,2,7,998,1,17,3,1
201301XD80841,1,19,0,4,0,0,0,0,0,0,2,1,1,1,7,2198,2,5,9,1
201301XD80841,2,9,0,4,0,0,0,0,0,0,1,1,2,2,6,2204,2,6,6,1
201301XD80842,1,3,0,18,0,8,0,0,0,0,3,1,6,1,6,-1,-1,-1,9,1
201301XD80842,2,9,0,11,0,8,0,0,0,0,4,1,6,1,8,1598,1,7,7,1
201301XD80842,3,21,0,18,0,8,0,0,0,0,3,2,6,1,8,-1,-1,-1,3,3
201301XD80843,1,9,0,18,0,8,0,0,0,0,1,1,6,1,4,1199,1,10,1,1
201301XD80843,2,9,0,18,0,8,0,0,0,0,1,1,6,2,-1,796,1,13,-1,-1
201301XD80844,1,3,0,18,0,8,0,0,0,0,1,1,6,2,6,-1,-1,-1,6,1
201301XD80844,2,9,0,3,0,8,0,0,0,0,2,1,6,2,6,-1,-1,-1,6,1
201301XD80845,1,9,0,18,0,1,0,0,0,0,1,1,6,1,10,1598,1,13,-1,-1
201301XD80846,1,9,0,9,0,8,0,0,0,0,1,1,6,3,-1,-1,-1,-1,-1,-1
201301XD80846,2,3,0,18,0,8,0,0,0,0,1,1,6,1,5,-1,-1,-1,10,1
201301XD80847,1,9,0,18,0,8,0,0,0,0,4,1,6,1,8,1896,2,11,8,1
201301XD80848,1,9,0,4,0,0,0,0,0,0,1,1,6,2,6,1299,1,13,4,3
201301XD80848,2,9,0,4,0,0,0,0,0,0,2,1,6,1,-1,1339,1,9,-1,-1
201301XD80850,1,9,0,17,0,0,0,0,0,0,2,1,6,1,8,-1,-1,-1,7,1
201301XD80850,2,90,0,17,0,0,0,0,0,0,1,1,6,1,8,-1,-1,-1,2,1
201301XD80851,1,3,0,13,0,8,0,0,0,0,1,1,2,1,4,125,1,-1,1,1
201301XD80851,2,9,0,9,0,8,0,0,0,0,3,1,6,1,6,698,1,8,5,1
201301XD80852,1,9,0,9,0,8,0,10,1,10,4,1,6,1,4,1747,1,9,-1,-1
201301XD80854,1,9,0,7,0,8,0,0,0,0,1,1,6,1,9,1985,1,15,4,1
201301XD80855,1,9,0,18,0,8,0,0,0,0,1,1,6,1,5,2000,2,6,8,1
201301XD80855,2,9,0,9,0,8,0,0,0,0,4,1,6,2,7,1198,1,11,5,1
201301XD80856,1,5,0,18,0,8,0,7,1,0,4,1,6,1,8,600,1,1,4,1