Accident_Index,Vehicle_Reference,Vehicle_Type,Towing_and_Articulation,Vehicle_Manoeuvre,Vehicle_Location-Restricted_Lane,Junction_Location,Skidding_and_Overturning,Hit_Object_in_Carriageway,Vehicle_Leaving_Carriageway,Hit_Object_off_Carriageway,1st_Point_of_Impact,Was_Vehicle_Left_Hand_Drive?,Journey_Purpose_of_Driver,Sex_of_Driver,Age_Band_of_Driver,Engine_Capacity_(CC),Propulsion_Code,Age_of_Vehicle,Driver_IMD_Decile,Driver_Home_Area_Type
201301XD80857,1,9,0,9,0,8,0,0,0,0,1,1,6,1,6,1461,2,-1,4,1
201301XD80857,2,1,0,18,0,8,0,0,0,0,1,1,6,2,6,-1,-1,-1,4,1
201301XD80858,1,9,0,18,0,8,0,0,0,0,1,1,6,1,-1,-1,-1,-1,-1,-1
201301XD80859,1,3,0,14,0,0,0,0,0,0,4,1,1,1,6,125,1,3,2,1
201301XD80860,1,9,0,18,0,2,0,4,0,0,1,1,6,2,9,1598,1,8,5,1
201301XD80860,2,9,0,2,0,8,0,0,0,0,1,1,6,1,5,2993,2,5,6,1
201301XD80860,3,19,0,2,0,2,0,0,0,0,1,1,6,1,6,2198,2,7,1,1
201301XD80861,1,9,0,14,0,0,0,0,0,0,1,1,6,2,6,1762,1,13,3,1
201301XD80861,2,5,0,18,0,0,0,0,0,0,1,1,6,1,6,998,1,6,-1,-1
201301XD80862,1,9,0,16,0,8,0,0,0,0,1,1,6,2,7,1598,1,10,3,1
201301XD80862,2,9,0,18,0,8,0,0,0,0,4,1,6,1,6,1956,2,3,7,1
201301XD80863,1,9,0,4,0,0,0,0,0,0,2,1,6,1,7,1896,2,6,5,1
201301XD80863,2,19,0,4,0,0,0,0,0,0,1,1,6,1,10,-1,-1,-1,7,1
201301XD80863,3,19,0,18,0,0,0,0,0,0,1,1,6,1,7,2402,2,11,4,1
201301XD80863,4,9,0,18,0,0,0,0,0,0,1,1,6,2,8,2494,1,11,4,1
201301XD80864,1,3,0,18,2,8,0,0,1,1,4,1,6,1,7,-1,-1,-1,4,1
201301XD80864,2,20,0,11,0,8,0,0,0,0,1,1,1,1,5,-1,-1,-1,9,1
201301XD80865,1,9,0,4,0,0,0,0,1,0,1,1,6,1,7,1799,1,7,2,1
201301XD80865,2,9,0,4,0,0,0,0,0,0,2,1,6,1,7,1199,1,11,2,1
201301XD80865,3,9,0,4,0,0,0,0,0,0,2,1,6,1,-1,2179,2,-1,-1,-1
201301XD80868,1,5,0,18,0,0,0,0,0,0,4,1,6,1,5,600,1,6,-1,-1
201301XD80868,2,9,0,12,0,0,0,0,0,0,3,1,6,1,9,2993,2,3,-1,1
201301XD80869,1,9,0,4,0,0,0,0,0,0,2,1,6,1,6,1560,2,1,6,1
201301XD80869,2,9,0,4,0,0,0,0,0,0,2,1,6,1,6,1796,1,9,3,1
201301XD80869,3,9,0,18,0,0,0,0,0,0,1,1,6,1,8,1968,2,5,5,1
201301XD80870,1,8,0,9,0,8,0,0,0,0,1,1,1,1,8,2143,2,1,3,1
201301XD80871,1,9,0,18,0,0,0,0,0,0,2,1,6,2,7,1968,2,2,8,1
201301XD80871,2,9,0,18,0,0,0,0,0,0,1,1,6,1,6,1598,1,14,3,1
201301XD80872,1,9,0,18,0,8,0,0,0,0,1,1,2,1,9,1388,1,2,7,3
201301XD80873,1,9,0,1,0,0,0,0,0,0,2,1,6,1,-1,2987,2,6,-1,-1
201301XD80875,1,1,0,9,0,8,0,0,0,0,1,1,2,2,7,-1,-1,-1,8,1
201301XD80875,2,11,0,7,0,8,0,0,0,0,3,1,1,1,-1,-1,-1,-1,-1,-1
201301XD80876,1,11,0,5,0,8,0,0,0,0,0,1,1,1,-1,6700,2,1,-1,-1
201301XD80877,1,9,0,9,0,3,0,0,0,0,4,1,6,1,8,1560,2,2,7,1
201301XD80877,2,3,0,18,0,8,0,0,0,0,1,1,6,1,7,278,1,-1,3,1
201301XD80878,1,9,0,4,0,0,0,0,0,0,2,1,6,2,6,-1,-1,-1,2,1
201301XD80878,2,9,0,4,0,0,0,0,1,0,2,1,6,1,7,1870,2,5,2,1
201301XD80878,3,19,0,18,0,0,0,0,0,0,1,1,6,3,-1,2198,2,6,-1,-1
201301XD80879,1,9,0,18,0,0,0,0,0,0,2,1,6,2,7,1341,1,8,3,1
201301XD80879,2,9,0,18,0,0,0,0,0,0,1,1,6,1,-1,1896,2,10,-1,-1
201301XD80880,1,9,0,3,0,8,0,0,0,0,2,1,6,1,7,998,1,11,7,1
201301XD80880,2,9,0,18,0,8,0,0,1,0,1,1,6,1,-1,1596,1,10,-1,-1
201301XD80881,1,9,0,18,0,1,0,0,0,0,4,1,6,1,7,1753,2,6,1,1
201301XD80881,2,9,0,1,0,8,0,0,0,0,2,1,1,1,-1,3226,2,12,2,1
201301XD80882,1,9,0,4,0,8,0,0,0,0,2,1,6,1,6,1598,2,2,6,1
201301XD80882,2,9,0,4,0,8,0,0,0,0,2,1,6,1,5,1598,2,-1,8,1
201301XD80882,3,9,0,18,0,8,0,0,1,0,1,1,6,2,9,1598,1,-1,4,1
201301XD80883,1,1,0,17,0,8,0,0,0,0,1,1,6,1,5,-1,-1,-1,3,1
201301XD80883,2,9,0,7,0,8,0,0,0,0,4,1,6,1,-1,-1,-1,-1,1,1
201301XD80884,1,9,0,2,0,0,0,10,0,0,2,1,1,1,9,1997,2,1,-1,-1
201301XD80884,2,9,0,14,0,0,0,0,0,0,1,1,6,1,-1,-1,-1,-1,-1,-1
201301XD80885,1,9,0,18,0,0,1,4,1,0,1,1,6,1,6,1595,1,7,3,1
201301XD80885,2,9,0,2,0,0,0,0,0,0,2,1,6,1,7,2792,1,12,3,1
201301XD80885,3,9,0,2,0,0,0,0,0,0,2,1,6,2,6,1995,2,-1,6,1
201301XD80885,4,19,0,2,0,0,0,0,0,0,2,1,6,1,-1,1686,2,11,4,1
201301XD80886,1,9,0,18,0,8,0,0,0,0,2,1,6,1,-1,2987,2,7,8,1
201301XD80886,2,19,0,18,0,8,0,0,0,0,1,1,1,1,7,2198,2,1,3,1
201301XD80887,1,9,0,4,0,8,0,0,0,0,2,1,6,2,9,1781,1,15,6,1
201301XD80887,2,90,0,18,0,8,0,0,0,0,1,1,1,1,-1,10837,2,1,4,1
201301XD80888,1,3,0,4,0,8,1,0,0,0,1,1,1,2,7,-1,-1,-1,7,1
201301XD80888,2,9,0,3,0,8,0,0,0,0,2,1,1,1,6,1762,1,13,3,1
201301XD80889,1,3,0,18,0,1,0,0,0,0,4,1,6,1,6,-1,-1,-1,2,1
201301XD80889,2,5,0,12,0,1,0,0,0,0,3,1,6,2,6,-1,-1,-1,4,1
201301XD80890,1,9,0,4,0,0,0,0,0,0,0,1,6,1,7,998,1,10,-1,-1
201301XD80890,2,9,0,13,0,0,0,0,0,0,1,1,6,1,9,1796,1,5,-1,-1
201301XD80891,1,1,0,18,0,8,0,0,0,0,4,1,2,2,6,-1,-1,-1,6,1
201301XD80891,2,9,0,7,0,8,0,0,0,0,1,1,6,2,-1,1598,1,8,-1,-1
201301XD80892,1,5,0,5,0,0,0,0,0,0,2,1,2,1,7,1157,1,14,4,1
201301XD80892,2,9,0,5,0,0,0,0,0,0,1,1,2,1,-1,1796,1,11,6,1
201301XD80893,1,9,0,18,0,8,0,0,0,0,4,1,6,2,7,1396,1,10,3,1
201301XD80894,1,9,0,18,0,0,0,0,4,6,3,1,6,2,5,1240,1,9,6,1
201301XD80895,1,19,0,18,0,8,0,0,0,0,1,1,2,1,8,2497,2,2,6,1
201301XD80896,1,8,0,5,0,8,0,0,0,0,3,1,6,1,7,1794,1,9,3,1
201301XD80896,2,1,0,14,0,8,0,0,0,0,1,1,6,2,6,-1,-1,-1,-1,-1
201301XD80897,1,11,0,18,2,8,0,0,0,0,0,1,1,2,8,4500,2,6,3,1
201301XD80897,2,9,0,7,0,8,0,0,0,0,0,1,6,2,6,1390,1,5,6,1
201301XD80898,1,20,0,11,0,8,0,0,0,0,4,2,6,1,4,-1,-1,-1,-1,-1
201301XD80898,2,9,0,18,0,8,0,0,1,0,3,1,6,1,6,1992,2,5,3,1
201301XD80899,1,3,0,9,0,8,0,0,0,0,4,1,6,1,4,124,1,4,4,1
201301XD80899,2,19,0,18,0,8,0,0,0,0,1,1,1,1,7,1995,2,4,6,1
201301XD80900,1,3,0,14,0,8,0,0,0,0,1,1,6,1,7,108,1,1,4,1
201301XD80900,2,9,0,9,0,8,0,0,0,0,3,1,6,1,5,1598,2,3,5,1
201301XD80901,1,9,0,18,0,0,5,4,0,0,4,1,2,1,6,1895,1,12,3,1
201301XD80901,2,9,0,2,0,0,0,0,0,0,3,1,6,2,9,1591,1,-1,-1,-1
201301XD80902,1,4,0,18,0,0,0,0,0,0,1,1,2,1,6,599,1,1,7,1
201301XD80902,2,9,0,9,0,0,0,0,0,0,4,1,2,1,5,1686,2,2,10,1
201301XD80903,1,1,0,4,0,8,0,0,0,0,1,1,1,1,8,-1,-1,-1,5,1
201301XD80903,2,9,0,7,0,8,0,0,0,0,3,1,6,1,-1,1390,1,9,-1,-1
201301XD80904,1,9,0,18,0,0,0,0,0,0,1,1,6,2,8,1686,2,10,5,1
201301XD80904,2,9,0,4,0,0,0,0,0,0,2,1,6,3,-1,-1,-1,-1,-1,-1
201301XD80905,1,1,0,18,0,0,0,8,0,0,1,1,6,2,6,-1,-1,-1,9,1
201301XD80905,2,9,0,3,0,0,0,0,0,0,4,1,6,2,-1,1598,1,6,-1,-1
201301XD80906,1,3,0,16,0,8,0,0,0,0,1,1,6,1,-1,124,1,5,-1,-1
201301XD80907,1,3,0,18,0,8,0,0,0,0,1,1,6,1,4,124,1,1,7,1
201301XD80907,2,9,0,9,0,8,0,0,0,0,3,1,6,1,5,1149,1,15,4,1
201301XD80908,1,9,0,1,0,2,0,0,0,0,2,1,1,1,10,1956,2,4,2,1
201301XD80909,1,3,0,18,0,8,0,0,0,0,3,1,1,1,6,125,1,3,-1,-1
201301XD80909,2,9,0,7,0,8,0,0,0,0,1,1,6,3,-1,-1,-1,-1,-1,-1
201301XD80910,1,9,0,18,0,0,0,0,0,0,1,1,2,2,6,998,1,5,5,1
201301XD80912,1,3,0,12,0,8,0,0,0,0,3,1,6,1,7,125,1,2,5,1
201301XD80912,2,9,0,13,0,8,0,0,0,0,3,1,6,1,7,1600,1,7,5,1
201301XD80913,1,9,0,18,0,8,0,0,0,0,4,1,2,1,7,1598,1,5,4,1
201301XD80913,2,3,0,7,0,8,0,0,0,0,1,1,2,1,5,-1,-1,-1,3,1
201301XD80915,1,9,0,18,0,8,0,9,3,1,1,1,6,1,8,4966,1,12,2,1
201301XD80916,1,9,0,18,0,8,0,0,0,0,1,1,6,2,7,1596,1,11,3,1
201301XD80916,2,9,0,7,0,8,0,0,0,0,4,1,6,1,6,1339,1,10,9,1
201301XD80917,1,9,0,4,0,0,0,0,0,0,2,1,6,1,7,1995,2,1,2,1
201301XD80917,2,9,0,4,0,0,0,0,0,0,2,1,6,2,6,1198,1,11,2,1
201301XD80917,3,9,0,4,0,0,0,0,0,0,1,1,6,1,7,1595,1,9,3,1
201301XD80918,1,3,0,9,0,8,0,0,0,0,1,1,6,1,-1,-1,-1,-1,-1,-1
201301XD80919,1,9,0,2,0,0,0,0,0,0,1,1,1,1,9,-1,-1,-1,4,1
201301XD80919,2,19,0,14,0,0,0,4,0,0,4,1,1,1,7,2800,2,7,2,1
201301XD80920,1,9,0,18,0,8,0,0,0,0,1,1,6,1,6,-1,-1,-1,2,1
201301XD80921,1,9,0,4,0,8,0,0,0,0,1,1,1,1,5,2792,1,16,1,1
201301XD80921,2,9,0,3,0,8,0,0,0,0,2,1,1,1,7,1796,1,13,5,1
201301XD80921,3,9,0,3,0,8,0,0,0,0,2,1,1,1,7,2360,1,6,8,1
201301XD80922,1,11,0,4,0,8,0,0,0,0,0,1,1,1,7,9000,2,4,7,1
201301XD80924,1,3,0,18,0,8,0,0,0,0,4,1,2,2,6,124,1,-1,4,1
201301XD80924,2,9,0,9,0,8,0,0,0,0,1,1,2,2,7,1998,1,11,1,1
201301XD80925,1,9,0,9,0,8,0,0,0,0,1,1,6,1,9,1762,1,14,3,1
201301XD80926,1,9,0,3,0,8,0,0,0,0,2,1,6,1,9,1598,1,11,1,1
201301XD80926,2,9,0,4,0,8,0,0,0,0,1,1,6,1,6,1995,1,5,2,1
201301XD80927,1,11,0,18,0,0,0,4,0,0,4,1,1,1,8,4500,2,4,3,1
201301XD80927,2,21,0,2,0,0,0,0,0,0,3,1,1,1,6,6370,2,7,3,1
201301XD80928,1,9,0,4,0,8,0,0,0,0,1,1,2,1,5,1229,1,4,10,1
201301XD80929,1,9,0,9,0,8,0,0,0,0,4,1,6,1,7,1995,1,8,3,1
201301XD80929,2,9,0,18,0,8,0,0,0,0,1,1,6,1,-1,2987,2,5,8,1
201301XD80930,1,9,0,4,0,8,0,0,0,0,2,1,6,2,10,1341,1,8,9,1
201301XD80930,2,9,0,4,0,8,0,0,0,0,1,1,6,1,6,2995,8,1,9,1
201301XD80931,1,11,0,9,0,8,0,0,0,0,1,1,1,1,-1,-1,-1,-1,-1,-1
201301XD80932,1,9,0,17,0,8,0,0,1,10,1,1,6,3,-1,-1,-1,-1,-1,-1
201301XD80933,1,9,0,18,0,8,0,0,0,0,4,1,6,2,4,1399,2,6,4,1
201301XD80933,2,9,0,9,0,8,0,0,0,0,1,1,6,1,-1,-1,-1,-1,-1,-1
201301XD80934,1,9,0,1,0,8,0,0,0,0,2,1,6,1,-1,3226,2,11,-1,-1
201301XD80935,1,1,0,18,0,8,0,0,0,0,4,1,6,1,6,-1,-1,-1,3,1
201301XD80935,2,9,0,9,0,8,0,0,0,0,1,1,6,1,9,1998,1,17,6,1
201301XD80936,1,9,0,18,0,8,0,0,0,0,1,1,4,2,-1,-1,-1,-1,-1,-1
201301XD80937,1,2,0,13,0,8,0,0,0,0,4,1,6,1,5,124,1,10,3,1
201301XD80937,2,9,0,9,0,8,0,0,0,0,3,1,6,2,9,1598,1,6,5,1
201301XD80938,1,9,0,4,0,8,0,0,0,0,1,1,6,1,9,1753,2,9,6,1
201301XD80938,2,8,0,3,0,8,0,0,0,0,2,1,6,1,9,2499,2,6,10,1
201301XD80939,1,9,0,1,0,8,0,0,0,0,2,1,6,2,6,1590,1,11,2,1
201301XD80940,1,4,0,14,0,8,0,0,0,0,4,1,6,1,5,400,1,23,6,1
201301XD80940,2,19,0,5,0,8,0,0,0,0,3,1,1,1,7,1995,2,-1,2,1
201301XD80940,3,9,0,18,0,8,0,0,0,0,1,1,6,2,-1,1390,1,13,-1,-1
201301XD80941,1,9,0,5,0,0,0,0,0,0,2,1,2,2,6,1598,1,4,6,1
201301XD80941,2,9,0,18,0,0,0,0,0,0,1,1,6,1,-1,1339,1,2,-1,-1
201301XD80942,1,11,0,4,2,8,0,0,0,0,0,1,1,1,7,9360,2,1,1,1
201301XD80942,2,9,0,9,2,8,0,0,0,0,0,1,6,1,-1,1360,1,6,8,2
201301XD80943,1,8,0,18,0,0,1,0,1,2,1,1,6,1,5,-1,-1,-1,-1,-1
201301XD80944,1,11,0,4,0,8,0,0,0,0,0,1,1,3,-1,-1,-1,-1,-1,-1
201301XD80945,1,9,0,18,0,8,0,0,0,0,1,1,6,2,6,1398,1,-1,4,1
201301XD80945,2,19,0,18,0,8,1,0,0,0,4,1,1,1,5,1598,2,1,7,1
201301XD80947,1,9,0,18,0,8,0,0,0,0,4,1,6,3,-1,-1,-1,-1,-1,-1
201301XD80948,1,9,0,1,0,0,0,0,0,0,2,1,6,1,9,1794,1,9,3,1
201301XD80951,1,9,0,9,0,8,0,0,0,0,3,1,6,2,5,1364,1,5,8,1
201301XD80951,2,9,0,18,0,8,0,0,1,0,1,1,1,1,7,1598,1,4,-1,-1
201301XD80952,1,9,0,18,0,0,0,0,0,0,1,1,6,1,-1,-1,-1,-1,-1,-1
201301XD80953,1,3,0,18,0,8,0,0,0,0,1,1,6,1,7,124,1,1,4,1
201301XD80953,2,19,0,9,0,8,0,0,0,0,3,1,1,1,6,1995,2,-1,-1,-1
201301XD80954,1,1,0,4,0,0,0,0,0,0,1,1,1,1,8,-1,-1,-1,7,1
201301XD80954,2,9,0,9,0,0,0,0,0,0,4,1,6,1,-1,1999,1,11,-1,-1
201301XD80955,1,19,0,2,0,0,0,0,0,0,4,1,2,1,8,1968,2,3,7,1
201301XD80955,2,9,0,14,0,0,0,4,0,0,1,1,6,1,-1,2720,2,7,-1,-1
201301XD80956,1,9,0,18,0,8,0,0,0,0,1,1,6,2,-1,-1,-1,-1,-1,-1
201301XD80957,1,1,0,18,0,0,0,4,0,0,1,1,2,2,8,-1,-1,-1,2,1
201301XD80957,2,9,0,2,0,0,0,0,0,0,2,1,6,1,-1,-1,-1,-1,-1,-1
201301XD80958,1,9,0,18,0,0,0,0,0,0,2,1,2,2,6,1242,1,1,4,1
201301XD80958,2,21,1,18,0,0,0,0,0,0,1,1,1,1,-1,12777,2,3,-1,-1
201301XD80959,1,9,0,5,0,8,0,0,0,0,2,1,6,1,9,1240,1,5,2,1
201301XD80959,2,9,0,5,0,8,0,0,0,0,1,1,6,2,4,1199,1,10,5,1
201301XD80960,1,9,0,9,0,8,0,0,0,0,3,1,1,2,6,-1,-1,-1,6,1
201301XD80960,2,5,0,13,0,8,0,0,0,0,1,1,6,1,7,599,1,18,5,1
201301XD80961,1,9,0,4,0,8,0,0,0,0,2,1,6,2,6,1896,2,6,6,1
201301XD80961,2,9,0,4,0,8,0,0,0,0,2,1,6,2,5,1240,1,4,1,1
201301XD80961,3,9,0,4,0,8,0,0,0,0,2,1,6,2,8,1386,1,7,-1,-1
201301XD80961,4,9,0,4,0,8,0,0,0,0,1,1,6,2,-1,1973,1,12,10,2
201301XD80962,1,9,0,9,0,8,0,0,0,0,1,1,2,1,6,1598,1,8,2,1
201301XD80962,2,9,0,18,0,8,0,0,0,0,1,1,6,1,6,1198,1,10,1,1
201301XD80963,1,5,0,18,0,8,0,0,0,0,1,1,6,1,6,-1,-1,-1,1,1
201301XD80963,2,2,0,7,0,8,0,0,0,0,3,1,6,1,-1,-1,-1,-1,8,1
201301XD80964,1,9,0,18,0,1,0,0,0,0,4,1,1,1,6,-1,-1,-1,-1,-1
201301XD80964,2,9,0,12,0,1,0,0,0,0,3,1,6,2,7,1769,1,8,6,1
201301XD80964,3,9,0,18,0,1,0,0,0,0,3,1,1,1,7,1968,2,6,4,1
201301XD80966,1,9,0,3,0,8,0,0,0,0,2,1,6,1,8,2148,2,5,2,1
201301XD80966,2,9,0,4,0,8,0,0,0,0,1,1,6,1,10,1396,1,17,5,1
201301XD80967,1,5,0,18,0,0,0,0,0,0,3,1,2,1,6,636,1,8,6,1
201301XD80967,2,9,0,12,0,0,0,0,0,0,3,1,2,1,7,1753,2,3,9,3
201301XD80967,3,9,0,18,0,0,0,0,0,0,2,1,2,1,7,1910,2,7,6,2
201301XD80968,1,9,0,18,0,8,0,0,0,0,3,1,6,1,6,1598,1,3,2,1
201301XD80968,2,9,0,6,0,8,0,0,0,0,4,1,6,1,7,1399,2,5,3,1
201301XD80969,1,9,0,18,0,0,0,0,0,0,1,1,6,1,6,1995,2,5,2,1
201301XD80970,1,9,0,9,0,2,0,10,1,2,1,1,6,2,10,1348,1,12,5,1
201301XD80971,1,9,0,7,0,8,0,10,1,4,1,1,6,2,5,-1,-1,-1,2,1
201301XD80972,1,5,0,14,0,8,0,0,0,0,3,1,1,1,5,645,1,13,4,1
201301XD80973,1,9,0,5,0,8,0,0,0,0,4,1,6,2,6,1595,1,7,3,1
201301XD80973,2,9,0,5,0,8,0,0,0,0,1,1,6,1,6,1840,1,11,3,1
201301XD80974,1,5,0,14,0,1,0,0,0,0,1,1,6,1,8,-1,-1,-1,-1,-1
201301XD80975,1,11,0,4,0,0,0,0,0,0,0,1,1,2,8,9000,2,3,5,1
201301XD80975,2,9,0,4,0,0,0,0,0,0,0,1,6,1,-1,1791,8,1,-1,-1
201301XD80976,1,9,0,11,0,0,0,0,0,0,4,1,6,1,4,1229,1,6,10,1
201301XD80976,2,3,0,18,0,0,0,0,0,0,3,1,6,1,9,-1,-1,-1,5,1
201301XD80977,1,9,0,7,0,8,0,0,0,0,4,1,6,1,6,1798,1,12,3,2
201301XD80977,2,9,0,18,0,8,0,10,1,0,1,1,6,1,-1,1198,1,3,-1,-1
201301XD80978,1,9,0,4,0,0,0,0,0,0,2,1,6,1,7,1240,1,10,2,1
201301XD80978,2,9,0,18,0,0,0,0,0,0,1,1,6,2,9,1364,1,5,6,2
201301XD80979,1,9,0,18,0,8,0,0,0,0,4,1,6,2,9,1299,1,15,7,1
201301XD80980,1,20,0,5,0,0,0,0,0,0,1,1,1,1,7,4764,2,5,-1,-1
201301XD80981,1,9,0,7,0,8,0,0,0,0,1,1,6,2,5,1598,1,-1,2,1
201301XD80981,2,1,0,16,0,8,0,0,0,0,4,1,6,1,8,-1,-1,-1,4,1
201301XD80982,1,9,0,18,0,0,0,10,4,4,1,1,6,2,7,1598,1,10,7,1
201301XD80984,1,1,0,18,0,0,0,0,0,0,1,1,6,2,6,-1,-1,-1,5,1
201301XD80984,2,9,0,9,0,0,0,0,0,0,4,1,6,2,5,1995,2,5,4,1
201301XD80986,1,9,0,9,0,8,0,0,0,0,4,1,6,1,9,1991,2,3,3,1
201301XD80986,2,9,0,17,0,1,0,0,0,0,4,1,6,1,6,1198,1,-1,4,1
201301XD80987,1,1,0,9,0,8,0,0,0,0,4,1,6,1,7,-1,-1,-1,3,1
201301XD80987,2,9,0,18,0,8,0,0,0,0,1,1,6,1,-1,1329,1,2,4,1
201301XD80988,1,5,0,3,0,1,0,0,0,0,2,1,6,1,8,-1,-1,-1,6,1
201301XD80988,2,21,0,5,0,1,0,0,0,0,1,1,1,1,6,-1,-1,-1,4,1
201301XD80989,1,9,0,9,0,8,0,0,0,0,1,1,6,1,-1,1497,1,7,-1,-1
201301XD80991,1,1,0,18,0,8,0,0,0,0,4,1,6,1,8,-1,-1,-1,-1,-1
201301XD80991,2,9,0,9,0,8,0,0,0,0,1,1,6,1,-1,-1,-1,-1,-1,-1
201301XD80992,1,9,0,9,0,1,0,0,0,0,3,1,6,1,-1,-1,-1,-1,-1,-1
201301XD80992,2,5,0,14,0,1,0,0,0,0,1,1,6,1,6,649,1,-1,6,1
201301XD80993,1,9,0,13,0,0,0,0,0,0,3,1,6,1,5,1896,2,10,8,3
201301XD80993,2,1,0,12,0,0,0,0,0,0,3,1,6,1,-1,-1,-1,-1,-1,-1
201301XD80995,1,1,0,18,0,8,0,0,0,0,4,1,6,1,6,-1,-1,-1,1,1
201301XD80995,2,9,0,9,0,8,0,0,0,0,1,1,6,1,-1,1598,1,12,-1,-1
201301XD80997,1,5,0,14,0,1,0,0,0,0,3,1,6,1,7,883,1,7,1,1
201301XD80997,2,9,0,3,0,1,0,0,0,0,0,1,6,1,6,-1,-1,-1,7,1
201301XD80998,1,4,0,12,0,0,0,0,0,0,1,1,6,1,5,408,1,35,6,1
201301XD80998,2,11,0,11,0,0,0,0,0,0,2,1,1,1,8,-1,-1,-1,2,1
201301XD81001,1,9,0,18,0,0,0,0,0,0,2,1,2,1,7,1339,1,10,3,1
201301XD81001,2,9,0,18,0,0,0,0,0,0,1,1,2,1,8,1870,2,10,-1,-1
201301XD81002,1,9,0,3,0,1,0,0,0,0,1,1,6,2,7,-1,-1,-1,2,1
201301XD81002,2,9,0,1,0,1,0,0,0,0,2,1,6,3,-1,1339,1,2,-1,-1
201301XD81003,1,9,0,9,0,8,0,0,0,0,3,1,6,2,5,1242,1,4,6,1
201301XD81003,2,3,0,14,0,8,0,0,0,0,1,1,6,1,6,-1,-1,-1,4,1
201301XD81004,1,9,0,7,0,1,0,0,0,0,1,1,6,3,-1,-1,-1,-1,-1,-1
201301XD81006,1,9,0,4,0,1,0,0,0,0,3,1,6,1,5,1984,1,11,7,1
201301XD81006,2,19,0,4,0,1,0,0,0,0,4,1,6,1,-1,10308,2,3,-1,-1
201301XD81007,1,9,0,4,0,0,0,0,0,0,2,1,6,1,9,1988,1,19,2,1
201301XD81007,2,9,0,5,0,0,0,0,0,0,1,1,6,2,7,1598,1,7,2,1
201301XD81008,1,9,0,3,0,1,0,0,0,0,2,1,6,1,7,-1,-1,-1,4,1
201301XD81008,2,9,0,18,0,1,0,0,0,0,1,1,6,2,7,1796,1,7,1,1
201301XD81009,1,9,0,16,0,8,0,0,0,0,3,1,6,2,6,1798,1,5,2,1
201301XD81009,2,19,0,16,0,8,0,0,0,0,4,1,1,1,6,1248,2,2,-1,-1
201301XD81010,1,9,0,18,0,8,0,0,0,0,1,1,6,2,6,-1,-1,-1,2,1
201301XD81010,2,9,0,9,0,5,0,0,0,0,4,1,1,1,7,999,1,4,9,1
201301XD81011,1,9,0,7,0,5,0,0,0,0,1,1,6,3,-1,-1,-1,-1,-1,-1
201301XD81012,1,9,0,9,0,1,0,0,0,0,3,1,6,2,7,1986,2,5,3,1
201301XD81012,2,3,0,13,0,1,0,0,0,0,1,1,6,1,6,124,1,2,4,1
201301XD81013,1,9,0,12,0,1,0,0,0,0,4,1,6,2,6,1360,1,10,6,1
201301XD81013,2,2,0,18,0,1,0,0,0,0,1,1,6,1,7,108,1,3,4,1
201301XD81014,1,9,0,18,0,1,0,0,0,0,1,1,6,2,6,1598,1,10,7,1
201301XD81015,1,19,0,18,0,8,0,0,0,0,1,1,1,1,7,1560,2,3,9,1
201301XD81016,1,9,0,16,0,1,0,7,6,7,1,1,6,2,5,1587,1,11,3,1
201301XD81017,1,5,0,18,0,0,0,0,0,0,4,1,6,1,7,1157,1,6,10,1
201301XD81017,2,9,0,12,0,0,0,0,0,0,1,1,6,3,-1,-1,-1,-1,-1,-1
201301XD81018,1,9,0,3,0,0,0,0,0,0,2,1,6,1,6,2231,2,6,1,1
201301XD81018,2,9,0,4,0,0,0,0,0,0,2,1,6,2,10,1390,1,11,4,1
201301XD81018,3,9,0,4,0,0,0,0,0,0,1,1,6,2,7,1991,2,4,-1,-1
201301XD81019,1,9,0,18,0,1,0,0,4,0,1,1,6,1,6,3246,1,10,4,1
201301XD81020,1,11,0,4,0,8,0,0,0,0,2,1,1,1,9,7300,2,12,-1,-1
201301XD81020,2,9,0,18,0,8,0,0,0,0,1,1,6,1,8,1590,1,14,5,1
201301XD81021,1,9,0,18,0,2,0,0,0,0,3,1,6,1,9,1390,1,9,3,1
201301XD81023,1,9,0,3,0,1,0,0,0,0,2,1,6,1,-1,-1,-1,-1,1,1
201301XD81023,2,9,0,3,0,1,0,0,0,0,2,1,6,2,9,2290,1,17,5,1
201301XD81023,3,21,0,18,0,1,0,0,0,0,1,1,1,3,-1,12900,2,5,-1,-1
201301XD81024,1,9,0,3,0,1,0,0,0,0,2,1,6,2,7,1600,2,2,-1,-1
201301XD81024,2,9,0,18,0,1,0,0,0,0,1,1,6,3,-1,-1,-1,-1,-1,-1
201301XD81025,1,9,0,9,0,0,0,0,0,0,1,1,6,1,6,1398,2,2,2,1
201301XD81026,1,9,0,4,0,1,0,0,0,0,1,1,1,1,6,1995,2,10,5,1
201301XD81026,2,9,0,4,0,1,0,0,0,0,2,1,6,2,7,1390,1,8,9,1
201301XD81027,1,5,0,14,0,8,0,0,0,0,1,1,6,1,7,599,1,4,7,1
201301XD81027,2,9,0,9,0,8,0,0,0,0,3,1,6,2,6,1248,1,-1,2,1
201301XD81028,1,9,0,9,0,1,0,0,0,0,1,1,6,2,6,1896,2,11,3,1
201301XD81028,2,3,0,18,0,1,0,0,0,0,4,1,6,1,5,-1,-1,-1,1,1
201301XD81029,1,9,0,4,0,0,0,0,0,0,2,1,2,2,6,1396,1,9,6,1
201301XD81029,2,9,0,18,0,0,0,0,0,0,1,1,2,1,7,1386,1,8,4,1
201301XD81029,3,9,0,4,0,0,0,0,0,0,2,1,2,1,7,2148,2,5,6,1
201301XD81030,1,4,0,18,0,8,0,0,0,0,3,1,6,1,9,745,1,12,3,1
201301XD81030,2,9,0,18,0,8,0,0,0,0,1,1,6,1,7,1497,8,6,4,1
201301XD81032,1,9,0,14,0,1,0,0,0,0,3,1,6,1,7,1997,2,8,5,1