Accident_Index,Vehicle_Reference,Vehicle_Type,Towing_and_Articulation,Vehicle_Manoeuvre,Vehicle_Location-Restricted_Lane,Junction_Location,Skidding_and_Overturning,Hit_Object_in_Carriageway,Vehicle_Leaving_Carriageway,Hit_Object_off_Carriageway,1st_Point_of_Impact,Was_Vehicle_Left_Hand_Drive?,Journey_Purpose_of_Driver,Sex_of_Driver,Age_Band_of_Driver,Engine_Capacity_(CC),Propulsion_Code,Age_of_Vehicle,Driver_IMD_Decile,Driver_Home_Area_Type
201301XD81032,2,3,0,13,0,1,0,0,0,0,4,1,1,1,5,109,1,-1,1,1
201301XD81033,1,9,0,7,0,8,0,0,0,0,2,1,2,1,7,1794,1,10,4,1
201301XD81033,2,9,0,7,0,8,0,0,0,0,1,1,6,1,-1,1598,1,10,9,1
201301XD81034,1,9,0,9,0,8,0,0,0,0,4,1,6,1,8,998,1,13,2,1
201301XD81034,2,9,0,18,0,8,0,0,0,0,1,1,6,1,-1,1397,1,13,-1,-1
201301XD81035,1,11,0,18,0,1,0,0,0,0,4,1,1,1,6,6700,2,4,3,1
201301XD81036,1,9,0,2,0,2,0,0,0,0,3,1,6,3,-1,-1,-1,-1,-1,-1
201301XD81036,2,1,0,18,0,2,0,4,0,0,4,1,6,1,6,-1,-1,-1,5,1
201301XD81037,1,9,0,9,0,8,0,0,0,0,3,1,6,1,6,-1,-1,-1,6,1
201301XD81037,2,1,0,14,0,8,0,0,0,0,1,1,6,2,8,-1,-1,-1,5,1
201301XD81038,1,3,0,18,0,1,0,0,0,0,4,1,2,1,7,124,1,10,3,1
201301XD81038,2,9,0,9,0,1,0,0,0,0,1,1,6,2,7,1984,1,7,6,1
201301XD81039,1,9,0,4,0,0,0,0,0,0,2,2,2,1,6,-1,-1,-1,8,1
201301XD81039,2,9,0,18,0,0,0,0,0,0,1,1,2,2,6,1587,1,11,3,1
201301XD81040,1,9,0,9,0,1,0,0,0,0,3,1,6,1,5,-1,-1,-1,3,1
201301XD81040,2,5,0,13,0,1,0,0,0,0,1,1,6,1,5,998,1,6,4,1
201301XD81041,1,11,0,18,2,0,0,0,0,0,0,1,1,1,-1,7300,2,9,4,1
201301XD81042,1,3,0,14,0,1,0,0,0,0,4,1,6,1,4,-1,-1,-1,7,1
201301XD81042,2,9,0,9,0,2,0,0,0,0,1,1,6,1,4,1364,1,9,2,1
201301XD81043,1,8,0,18,0,2,0,0,0,0,1,1,1,1,7,1910,2,5,4,1
201301XD81044,1,3,0,18,0,8,1,0,0,0,4,1,2,1,7,125,1,2,6,1
201301XD81044,2,20,0,9,0,8,0,0,0,0,0,1,1,1,-1,-1,-1,-1,-1,-1
201301XD81046,1,9,0,9,0,1,0,0,0,0,3,1,6,2,5,1984,1,5,1,1
201301XD81046,2,3,0,14,0,1,0,0,0,0,4,1,6,1,6,124,1,4,-1,-1
201301XD81047,1,9,0,5,0,1,0,0,0,0,3,1,6,1,7,2497,2,12,5,1
201301XD81047,2,9,0,11,0,1,0,0,0,0,4,1,6,3,-1,2171,2,11,-1,-1
201301XD81049,1,9,0,17,0,0,0,0,0,0,3,1,6,2,8,1794,1,6,3,1
201301XD81049,2,9,0,16,0,0,0,0,0,0,3,1,6,2,-1,1240,1,6,-1,-1
201301XD81051,1,11,0,2,0,1,0,0,0,0,0,1,6,1,7,4500,2,4,2,1
201301XD81052,1,9,0,4,0,1,0,0,0,0,2,1,2,2,6,1595,1,9,4,1
201301XD81052,2,9,0,18,0,1,1,0,0,0,1,1,2,1,7,1895,1,13,3,1
201301XD81053,1,9,0,18,0,1,0,4,0,0,4,1,6,2,10,998,1,1,6,1
201301XD81053,2,9,0,3,0,1,0,0,0,0,3,1,6,1,8,2183,2,3,9,1
201301XD81054,1,9,0,9,0,8,0,0,0,0,1,1,6,1,6,999,1,13,2,1
201301XD81054,2,9,0,18,0,8,0,0,0,0,1,1,6,1,5,1590,1,14,9,1
201301XD81056,1,9,0,11,2,1,0,0,0,0,4,1,6,2,6,1149,1,12,4,1
201301XD81056,2,9,0,18,2,1,0,10,1,2,3,1,6,1,-1,3189,1,6,-1,-1
201301XD81058,1,9,0,6,0,0,0,0,0,0,3,1,6,1,7,1998,1,11,-1,-1
201301XD81058,2,4,0,18,0,0,0,0,0,0,4,1,6,1,6,124,1,2,3,1
201301XD81060,1,9,0,5,0,0,0,0,0,0,1,1,6,1,6,-1,-1,-1,3,1
201301XD81061,1,3,0,14,0,8,0,0,0,0,1,1,1,1,6,125,1,8,8,1
201301XD81061,2,9,0,9,0,8,0,0,0,0,1,1,6,2,6,999,1,5,9,1
201301XD81062,1,9,0,5,0,8,0,0,0,0,1,1,6,1,8,1783,1,11,2,1
201301XD81062,2,1,0,18,0,8,0,0,0,0,4,1,6,2,7,-1,-1,-1,-1,-1
201301XD81064,1,9,0,7,0,8,0,0,0,0,3,1,6,1,10,1299,1,13,4,1
201301XD81064,2,1,0,18,0,8,0,0,0,0,1,1,6,1,7,-1,-1,-1,-1,-1
201301XD81065,1,19,0,18,0,8,0,0,0,0,3,1,6,1,9,2198,2,6,3,1
201301XD81066,1,9,0,17,0,8,0,0,0,0,2,2,6,1,6,-1,-1,-1,3,1
201301XD81066,2,9,0,17,0,8,0,0,0,0,1,1,6,1,-1,1587,1,11,7,1
201301XD81067,1,9,0,3,0,1,0,0,0,0,2,1,2,2,7,-1,-1,-1,-1,-1
201301XD81067,2,9,0,4,0,1,0,0,0,0,1,1,6,1,-1,1796,1,12,-1,-1
201301XD81069,1,9,0,18,0,8,0,0,0,0,1,1,6,2,7,1870,2,8,4,1
201301XD81069,2,9,0,9,0,8,0,0,0,0,3,1,6,1,6,1582,2,1,3,1
201301XD81070,1,1,0,18,0,8,0,0,0,0,1,1,6,2,6,-1,-1,-1,6,1
201301XD81070,2,9,0,18,0,8,0,0,0,0,4,1,6,1,-1,-1,-1,-1,-1,-1
201301XD81071,1,11,0,18,0,1,0,0,0,0,1,1,1,1,6,4500,2,4,1,1
201301XD81072,1,9,0,3,0,8,0,0,0,0,2,1,6,2,6,1900,2,9,-1,-1
201301XD81072,2,9,0,18,0,8,0,0,0,0,1,1,6,1,11,998,1,12,6,1
201301XD81073,1,9,0,9,0,8,0,0,0,0,3,1,6,1,-1,1995,2,1,-1,-1
201301XD81077,1,19,0,18,0,8,0,0,0,0,1,1,6,1,5,1968,2,-1,4,1
201301XD81077,2,9,0,18,0,8,0,0,0,0,3,1,6,2,8,1796,1,11,6,1
201301XD81078,1,5,0,18,0,1,0,0,0,0,1,1,2,1,6,738,1,13,-1,-1
201301XD81078,2,9,0,9,0,1,0,0,0,0,1,1,2,1,7,1997,2,3,3,1
201301XD81079,1,9,0,9,0,2,0,0,0,0,2,1,6,1,8,1388,1,9,5,1
201301XD81079,2,19,0,18,0,2,0,0,0,0,1,1,1,1,8,-1,-1,-1,4,1
201301XD81082,1,9,0,14,0,0,0,0,0,0,1,1,2,1,6,2198,1,6,6,1
201301XD81086,1,9,0,18,0,0,0,0,0,0,1,1,6,1,7,1985,1,15,5,1
201301XD81086,2,9,0,4,0,0,0,0,0,0,2,1,6,1,8,1596,1,11,5,1
201301XD81086,3,9,0,3,0,0,0,0,0,0,2,1,6,1,7,1560,2,3,3,1
201301XD81097,1,9,0,2,0,0,0,0,0,0,3,1,6,2,8,-1,-1,-1,6,1
201301XD81097,2,3,0,18,0,0,0,8,0,0,1,1,6,1,5,125,1,8,1,1
201301XD81099,1,90,0,18,0,1,0,0,0,0,1,1,6,3,-1,-1,-1,-1,-1,-1
201301XD81100,1,9,0,18,0,0,0,8,0,0,1,1,6,3,-1,-1,-1,-1,-1,-1
201301XD81103,1,9,0,18,0,0,0,0,0,0,1,1,6,3,-1,-1,-1,-1,-1,-1
201301XD89025,1,20,0,12,0,0,0,0,0,0,4,1,6,1,6,-1,-1,-1,6,1
201301XD89025,2,5,0,18,0,0,0,0,0,0,1,1,6,1,6,-1,-1,-1,3,1
201301XD89035,1,9,0,9,0,1,0,0,0,0,1,1,6,2,10,1388,1,7,9,1
201301XD89035,2,9,0,18,0,1,0,0,0,0,1,1,6,2,8,1200,1,10,9,1
201301XD89040,1,9,0,18,0,2,0,0,0,0,3,1,6,1,4,1390,1,10,2,1
201301XD89040,2,3,0,14,0,2,0,0,0,0,4,1,6,1,6,125,1,4,4,1
201301XD89041,1,9,0,17,0,8,0,0,0,0,4,1,6,1,6,1797,8,3,2,1
201301XD89041,2,9,0,12,0,8,0,0,0,0,1,1,6,3,-1,1339,1,4,-1,-1
201301XD89057,1,9,0,4,0,1,0,0,0,0,1,1,6,1,5,1968,2,-1,5,1
201301XD89057,2,9,0,4,0,1,0,0,0,0,2,1,6,1,6,1999,1,12,9,1
201301XD89057,3,9,0,4,0,1,0,0,0,0,2,1,6,2,8,1896,2,5,5,1
201301XD89080,1,9,0,7,0,1,0,10,1,0,2,1,6,2,8,1598,1,8,2,1
201301XD89080,2,9,0,18,0,1,0,0,0,0,1,1,6,1,5,1598,1,2,10,1
201301XD89091,1,9,0,2,0,1,0,0,0,0,3,1,6,1,-1,1791,8,2,-1,-1
201301XD89091,2,1,0,18,0,1,0,8,0,0,1,1,6,1,9,-1,-1,-1,8,1
201301XD89092,1,3,0,18,0,8,0,0,0,0,1,1,1,1,6,124,1,8,3,1
201301XD89092,2,9,0,9,0,8,0,0,0,0,3,1,6,1,8,2148,2,10,9,1
201301XD89192,1,9,0,10,0,8,0,0,0,0,1,1,6,2,9,1560,2,6,2,1
201301XD89192,2,9,0,9,0,8,0,0,0,0,1,1,6,1,-1,2204,2,5,-1,-1
201301XD89199,1,9,0,4,0,8,0,0,0,0,4,1,6,1,-1,1798,1,3,5,1
201301XH30002,1,9,0,18,0,1,0,0,0,0,4,1,2,1,5,1596,1,14,3,1
201301XH30005,1,5,0,9,0,6,0,0,0,0,0,1,6,1,6,599,1,15,5,1
201301XH30006,1,9,0,3,0,1,0,0,0,0,2,1,6,1,6,1997,2,2,-1,-1
201301XH30006,2,9,0,18,0,1,0,0,0,0,1,1,6,3,-1,2354,1,7,-1,-1
201301XH30007,1,9,0,4,0,1,0,0,0,0,2,1,1,2,7,1968,2,1,10,1
201301XH30007,2,21,1,18,0,1,0,0,0,0,1,2,1,1,7,-1,-1,-1,-1,-1
201301XH30008,1,9,0,5,0,8,0,0,0,0,2,1,1,1,7,1998,1,10,-1,-1
201301XH30008,2,9,0,18,0,8,0,0,1,10,1,1,6,1,11,1995,1,12,8,1
201301XH30009,1,9,0,18,0,0,0,4,0,0,1,1,2,1,-1,-1,-1,-1,-1,-1
201301XH30009,2,9,0,2,0,0,0,0,0,0,2,1,6,3,-1,2387,2,7,-1,-1
201301XH30010,1,9,0,4,0,8,0,0,0,0,1,1,6,1,5,999,1,3,-1,-1
201301XH30010,2,8,0,4,0,8,0,0,0,0,2,1,1,1,6,1968,2,4,2,1
201301XH30011,1,9,0,18,0,0,0,0,0,0,3,1,6,1,11,1498,1,6,10,1
201301XH30011,2,9,0,18,0,0,0,0,0,0,3,1,6,2,8,2000,2,7,4,1
201301XH30013,1,9,0,18,0,8,0,0,0,0,4,1,6,2,8,1296,1,6,3,1
201301XH30014,1,3,0,9,0,8,1,0,0,0,4,1,2,2,4,124,1,5,4,1
201301XH30016,1,9,0,7,0,8,0,0,0,0,3,1,2,2,9,2987,2,6,10,1
201301XH30016,2,9,0,18,0,8,0,0,0,0,4,1,2,2,7,-1,-1,-1,10,1
201301XH30018,1,9,0,18,0,0,0,0,0,0,1,1,6,1,-1,2987,2,4,8,1
201301XH30018,2,9,0,4,0,0,0,0,0,0,2,1,6,2,7,1896,2,5,4,1
201301XH30018,3,9,0,5,0,0,0,0,0,0,2,1,6,2,6,1995,2,5,5,1
201301XH30019,1,9,0,18,0,0,1,10,1,2,3,1,6,1,7,1595,1,11,-1,-1
201301XH30020,1,9,0,18,0,0,0,0,0,0,1,1,6,1,-1,-1,-1,-1,-1,-1
201301XH30021,1,9,0,18,0,2,0,0,0,0,1,1,6,2,8,1596,1,8,9,1
201301XH30022,1,9,0,18,0,1,0,0,0,0,1,1,2,1,7,-1,-1,-1,4,1
201301XH30023,1,9,0,9,0,8,1,0,0,0,3,1,6,1,5,1149,1,9,-1,-1
201301XH30023,2,9,0,18,0,8,0,0,0,0,1,1,6,1,-1,1598,1,12,-1,-1
201301XH30024,1,9,0,9,0,1,0,0,0,0,3,1,6,1,10,1587,1,6,6,1
201301XH30025,1,9,0,15,0,0,0,0,0,0,3,1,6,1,6,1896,2,9,-1,-1
201301XH30025,2,21,0,11,0,0,0,0,0,0,4,1,1,1,6,12777,2,5,5,1
201301XH30026,1,9,0,1,0,0,1,4,7,10,2,1,6,1,8,-1,-1,-1,5,1
201301XH30026,2,9,0,18,0,0,0,0,0,0,2,1,2,2,8,1199,1,10,4,1
201301XH30026,3,9,0,2,0,0,0,0,0,0,1,1,6,1,9,1753,2,6,-1,-1
201301XH30027,1,9,0,18,0,0,0,0,0,0,1,1,6,1,6,1399,2,7,-1,-1
201301XH30027,2,19,0,11,0,0,0,0,0,0,2,1,1,3,-1,2143,2,2,-1,-1
201301XH30028,1,9,0,4,0,0,1,0,0,0,1,1,6,1,6,1968,2,2,6,1
201301XH30028,2,9,0,3,0,0,0,0,0,0,2,1,6,1,7,1598,1,11,2,1
201301XH30029,1,9,0,18,0,8,0,7,1,1,1,1,2,1,6,1997,2,4,4,1
201301XH30029,2,11,0,9,0,8,0,0,0,0,1,1,1,1,5,3900,2,10,9,1
201301XH30030,1,9,0,18,0,2,1,0,0,0,1,1,6,1,4,1397,1,6,-1,-1
201301XH30030,2,21,0,12,0,2,0,0,0,0,3,1,6,1,-1,-1,-1,-1,-1,-1
201301XH30031,1,19,0,11,0,2,0,0,0,0,4,1,6,1,7,2148,2,5,7,1
201301XH30031,2,8,0,18,0,2,0,0,0,0,3,1,6,3,-1,1461,2,1,-1,-1
201301XH30033,1,9,0,9,0,8,1,0,0,0,1,1,3,2,-1,1388,1,3,-1,-1
201301XH30034,1,5,0,13,0,8,0,0,0,0,1,1,6,1,7,599,1,8,4,1
201301XH30034,2,9,0,9,0,8,0,0,0,0,3,1,6,2,8,995,1,10,5,1
201301XH30035,1,9,0,18,0,0,0,0,0,0,1,1,6,2,-1,-1,-1,-1,-1,-1
201301XH30036,1,9,0,3,0,8,0,0,0,0,2,1,1,1,7,1895,1,11,5,1
201301XH30036,2,9,0,3,0,8,0,0,0,0,1,1,1,1,6,2993,2,8,7,1
201301XH30037,1,9,0,18,0,0,0,4,0,0,1,1,6,1,9,3248,1,13,5,1
201301XH30037,2,9,0,2,0,0,0,0,0,0,2,1,6,1,9,1968,2,3,6,1
201301XH30038,1,9,0,9,0,8,0,0,0,0,4,1,6,1,7,1900,2,9,5,1
201301XH30038,2,9,0,18,0,8,0,0,0,0,1,1,6,1,6,1796,1,7,9,1
201301XH30039,1,9,0,1,0,0,0,0,0,0,2,1,6,2,-1,1299,1,12,-1,-1
201301XH30040,1,9,0,18,0,1,0,0,0,0,4,1,3,1,7,1598,1,4,3,1
201301XH30041,1,9,0,17,0,0,1,4,7,0,1,1,6,2,8,1598,1,13,3,1
201301XH30041,2,9,0,2,0,0,0,0,0,0,1,1,6,3,-1,1229,1,6,-1,-1
201301XH30041,3,9,0,2,0,0,0,0,0,0,4,1,6,3,-1,1590,1,10,-1,-1
201301XH30043,1,1,0,7,0,8,0,0,0,0,3,1,6,1,7,-1,-1,-1,5,1
201301XH30043,2,9,0,7,0,8,0,0,0,0,4,1,6,1,-1,1598,1,9,-1,-1
201301XH30044,1,19,0,18,0,8,0,0,0,0,1,1,1,1,8,4249,2,6,-1,-1
201301XH30044,2,9,0,7,0,8,0,0,0,0,4,1,6,2,9,1598,1,9,5,1
201301XH30045,1,9,0,18,0,0,0,0,0,0,3,1,6,2,10,1796,1,13,-1,-1
201301XH30048,1,9,0,18,0,0,0,0,0,0,1,1,6,2,4,1240,1,7,7,1
201301XH30048,2,9,0,4,0,0,0,0,0,0,2,1,6,1,6,1587,1,7,-1,-1
201301XH30048,3,9,0,4,0,0,0,0,0,0,2,1,6,1,7,1984,1,15,4,1
201301XH30049,1,9,0,9,0,6,0,0,0,0,3,1,6,2,7,1242,1,12,6,1
201301XH30049,2,3,0,18,0,1,0,0,0,0,1,1,6,1,6,124,1,4,7,1
201301XH30050,1,9,0,6,0,8,0,0,0,0,1,1,6,2,8,3996,1,15,8,1
201301XH30050,2,9,0,17,0,8,0,0,0,0,3,1,6,2,7,1997,2,6,8,1
201301XH30052,1,9,0,4,0,0,0,0,0,0,2,1,6,2,8,1386,1,10,8,1
201301XH30052,2,9,0,18,0,0,0,0,0,0,1,1,6,1,-1,1390,1,3,-1,-1
201301XH30053,1,9,0,18,0,0,0,0,0,0,2,1,3,1,7,1242,1,12,5,1
201301XH30053,2,9,0,18,0,0,0,0,0,0,0,1,1,1,8,2495,2,15,8,1
201301XH30054,1,9,0,8,0,1,0,0,0,0,2,1,6,2,7,1398,1,10,4,1
201301XH30054,2,9,0,18,0,1,0,0,0,0,1,1,6,1,-1,1896,2,18,3,1
201301XH30056,1,9,0,18,0,2,0,0,0,0,4,1,6,2,7,998,1,10,3,1
201301XH30056,2,1,0,18,9,1,0,0,0,0,1,1,6,1,4,-1,-1,-1,2,1
201301XH30057,1,3,0,14,0,1,0,0,0,0,1,1,1,1,6,125,1,1,3,1
201301XH30057,2,9,0,9,0,8,0,0,0,0,3,1,1,1,6,1796,1,7,2,1
201301XH30058,1,9,0,18,0,0,5,0,1,9,0,1,2,1,6,998,1,11,2,1
201301XH30058,2,9,0,12,0,0,0,0,0,0,0,1,6,3,-1,-1,-1,-1,-1,-1
201301XH30060,1,9,0,18,0,2,0,0,5,6,1,1,2,1,5,1596,1,9,3,1
201301XH30061,1,9,0,18,0,0,0,0,0,0,4,1,6,1,8,1598,1,10,2,1
201301XH30061,2,9,0,2,0,0,0,0,0,0,3,1,6,1,-1,1968,2,6,3,1
201301XH30061,3,9,0,2,0,0,0,0,0,0,3,1,6,3,-1,1598,2,3,-1,-1
201301XH30061,4,1,0,14,0,0,0,4,0,0,3,1,6,1,7,-1,-1,-1,2,1
201301XH30062,1,9,0,18,0,8,0,10,1,1,1,1,6,1,7,1896,2,9,3,1
201301XH30062,2,9,0,9,0,8,0,0,7,10,1,1,6,2,4,1299,1,8,6,2
201301XH30065,1,11,0,9,0,8,0,0,0,0,4,1,1,1,6,6700,2,3,3,1
201301XH30065,2,9,0,18,0,8,0,0,0,0,1,1,6,1,5,3996,1,15,3,1
201301XH30066,1,9,0,10,0,1,0,0,0,0,2,1,6,2,9,1587,1,9,3,1
201301XH30066,2,9,0,18,0,1,0,0,0,0,1,1,6,1,-1,-1,-1,-1,2,1
201301XH30067,1,9,0,11,0,0,0,0,0,0,4,1,1,2,8,1390,1,3,4,1
201301XH30067,2,9,0,18,0,0,0,0,0,0,3,1,6,1,6,1998,2,6,1,1
201301XH30068,1,10,0,17,0,8,0,0,0,0,3,1,1,1,8,1968,2,2,6,1
201301XH30068,2,3,0,18,0,8,0,0,0,0,1,1,1,1,5,125,1,4,4,1
201301XH30070,1,9,0,13,0,0,0,0,0,0,1,1,6,1,-1,2148,2,8,8,1
201301XH30073,1,9,0,18,0,8,0,0,0,0,1,1,6,1,7,1595,1,14,3,1
201301XH30073,2,11,0,18,0,8,0,0,0,0,4,1,6,1,8,2400,2,10,2,1
201301XH30074,1,9,0,18,0,1,1,0,0,0,3,1,6,2,5,1199,1,12,5,1
201301XH30074,2,9,0,18,0,2,0,0,0,0,3,1,6,2,6,1769,1,9,2,1
201301XH30076,1,9,0,7,0,8,0,0,0,0,2,1,6,1,7,1896,2,8,6,1
201301XH30076,2,9,0,7,0,8,0,0,0,0,1,1,6,3,-1,1598,1,4,-1,-1
201301XH30078,1,9,0,3,0,2,0,0,0,0,2,1,1,1,7,1910,2,6,2,1
201301XH30078,2,9,0,9,0,6,0,0,0,0,1,1,6,1,5,1299,1,10,4,1
201301XH30079,1,9,0,18,0,0,0,0,1,2,1,1,6,1,9,1332,1,16,3,1
201301XH30080,1,11,0,18,0,0,0,10,1,2,1,1,1,1,8,4250,2,2,4,1
201301XH30081,1,9,0,18,0,8,0,0,0,0,1,1,6,2,9,1590,1,12,3,1
201301XH30081,2,9,0,4,0,8,0,0,0,0,2,1,6,1,5,1970,1,12,2,1
201301XH30082,1,9,0,18,0,1,0,0,0,0,4,1,6,1,9,1246,1,6,8,1
201301XH30083,1,9,0,4,0,1,0,0,0,0,2,1,6,1,6,1991,1,13,4,1
201301XH30083,2,9,0,18,0,1,1,0,0,0,0,1,6,1,7,998,1,13,5,1
201301XH30084,1,9,0,1,0,2,0,0,0,0,3,1,6,2,7,1399,2,3,3,1
201301XH30085,1,8,0,18,0,0,2,10,1,0,1,1,2,1,7,2499,2,3,-1,-1
201301XH30086,1,9,0,18,0,0,0,0,0,0,2,1,6,1,7,1598,1,12,4,1
201301XH30086,2,9,0,18,0,0,0,0,0,0,1,1,6,1,8,3226,2,13,-1,-1
201301XH30086,3,9,0,18,0,0,0,0,0,0,2,1,6,2,5,1299,1,11,-1,-1
201301XH30086,4,9,0,18,0,0,0,0,0,0,1,1,6,1,6,1493,2,8,-1,-1
201301XH30087,1,9,0,18,0,8,0,0,1,4,3,1,6,1,11,-1,-1,-1,8,1
201301XH30087,2,9,0,18,0,8,0,0,0,0,1,1,6,1,5,1124,1,11,5,1
201301XH30089,1,9,0,18,0,0,0,0,0,0,1,1,6,1,9,2799,1,14,6,1
201301XH30090,1,9,0,1,0,2,0,0,0,0,3,1,6,3,-1,2922,1,8,-1,-1
201301XH30091,1,9,0,3,0,1,0,0,0,0,2,1,6,2,6,1299,1,8,6,1
201301XH30091,2,9,0,18,0,1,0,0,0,0,1,1,6,1,-1,1910,2,7,2,1
201301XH30092,1,9,0,18,0,1,0,0,0,0,1,1,2,1,8,2497,2,8,-1,-1
201301XH30092,2,9,0,18,0,1,0,0,0,0,2,1,2,1,7,1240,1,9,-1,-1
201301XH30093,1,9,0,5,0,1,0,0,0,0,2,1,6,2,9,1332,1,14,9,1
201301XH30093,2,9,0,5,0,1,0,0,0,0,1,2,6,2,8,-1,-1,-1,8,1
201301XH30094,1,9,0,3,0,8,0,0,0,0,4,1,6,2,9,1783,1,9,5,1
201301XH30094,2,9,0,18,0,8,0,0,0,0,1,1,6,1,6,999,1,3,5,1
201301XH30095,1,9,0,4,0,0,0,0,0,0,2,1,1,1,9,1796,1,3,3,1
201301XH30095,2,9,0,18,0,0,0,0,0,0,2,1,1,1,8,-1,-1,-1,1,1
201301XH30095,3,9,0,18,0,0,0,0,0,0,1,1,1,1,9,1984,2,3,1,1
201301XH30096,1,9,0,11,0,8,0,0,0,0,4,1,6,1,9,1998,1,2,9,1
201301XH30096,2,1,0,18,0,8,0,0,0,0,3,1,6,1,7,-1,-1,-1,4,1
201301XH30098,1,9,0,18,0,8,0,0,0,0,4,1,6,1,6,1956,2,1,6,1
201301XH30098,2,9,0,4,0,8,0,0,0,0,1,1,6,1,9,1598,1,13,6,1
201301XH30100,1,9,0,18,0,8,0,0,0,0,1,1,6,1,8,1299,1,12,4,1
201301XH30100,2,9,0,18,0,8,0,0,0,0,4,1,6,2,6,1598,1,14,3,1
201301XH30101,1,9,0,9,0,6,0,4,0,0,4,1,6,2,6,1598,1,12,5,1
201301XH30101,2,9,0,18,0,1,1,0,0,0,1,1,1,1,-1,-1,-1,-1,2,1
201301XH30101,3,9,0,2,0,1,0,0,0,0,4,1,6,3,-1,1590,1,9,-1,-1
201301XH30101,4,9,0,2,0,1,0,0,0,0,2,1,6,3,-1,1995,1,11,-1,-1
201301XH30101,5,9,0,2,0,1,0,0,0,0,2,1,6,3,-1,1124,1,16,-1,-1
201301XH30102,1,9,0,4,0,1,0,0,0,0,0,1,1,2,7,1998,1,6,10,1
201301XH30102,2,9,0,18,0,1,0,0,0,0,1,1,2,2,7,1396,1,8,-1,-1
201301XH30103,1,9,0,17,0,8,0,0,0,0,4,1,6,1,4,1390,1,4,4,1
201301XH30103,2,9,0,5,0,6,0,0,0,0,1,1,6,2,-1,1590,1,8,3,1
201301XH30106,1,9,0,18,0,8,0,7,0,0,3,1,6,2,6,1198,1,7,3,1
201301XH30106,2,9,0,9,0,5,0,0,0,0,4,1,6,1,4,1149,1,15,10,3
201301XH30108,1,9,0,4,0,1,0,0,0,0,3,1,6,2,7,1797,8,2,5,1
201301XH30109,1,9,0,18,0,0,0,0,0,0,1,1,6,1,4,1198,1,10,3,1
201301XH30109,2,9,0,3,0,0,0,0,0,0,2,1,6,2,5,1560,2,8,-1,-1
201301XH30110,1,9,0,3,0,1,0,0,0,0,2,1,2,2,8,1339,1,11,5,1
201301XH30110,2,9,0,18,0,1,0,0,0,0,1,1,6,2,-1,-1,-1,-1,10,1
201301XH30112,1,9,0,17,0,8,0,0,0,0,1,1,6,2,7,1796,1,4,6,1
201301XH30112,2,1,0,18,0,8,0,0,0,0,3,1,6,1,-1,-1,-1,-1,-1,-1
201301XH30113,1,9,0,17,0,8,0,0,0,0,1,1,6,1,6,998,1,1,6,1
201301XH30113,2,9,0,16,0,8,0,10,0,0,1,1,6,2,5,1596,1,11,2,1
201301XH30114,1,11,0,4,0,8,0,0,0,0,0,1,1,1,-1,6700,2,1,-1,-1
201301XH30115,1,9,0,4,0,2,0,10,1,10,1,1,6,1,8,1591,1,1,6,1
201301XH30116,1,19,0,15,0,1,0,0,0,0,1,1,1,1,5,2500,2,5,8,1
201301XH30117,1,9,0,7,0,6,0,0,0,0,2,1,2,2,6,1596,1,5,4,1
201301XH30117,2,11,0,7,0,6,0,0,0,0,1,1,1,1,6,-1,2,5,4,1
201301XH30118,1,9,0,4,0,0,0,0,0,0,1,1,6,2,10,1597,1,17,2,1
201301XH30118,2,19,0,9,0,0,0,0,0,0,1,1,1,1,6,2402,2,7,-1,-1
201301XH30120,1,9,0,18,0,1,0,0,0,0,3,1,2,2,7,-1,-1,-1,9,1
201301XH30120,2,9,0,3,0,1,0,0,0,0,4,1,6,1,7,1997,2,5,4,3
201301XH30120,3,9,0,3,0,1,0,0,0,0,2,1,6,2,8,1796,1,12,4,1
201301XH30121,1,9,0,2,0,2,0,0,0,0,3,1,6,2,6,1497,8,6,3,1
201301XH30121,2,9,0,18,0,1,0,4,0,0,1,1,6,1,7,1968,2,4,2,1
201301XH30121,3,9,0,18,0,2,0,4,0,0,4,1,6,1,9,3969,1,18,7,1
201301XH30121,4,9,0,2,0,1,0,0,0,0,4,1,6,1,6,1995,2,8,8,1
201301XH30122,1,9,0,9,0,6,0,0,7,10,3,1,6,1,4,1995,2,3,6,1
201301XH30122,2,90,0,18,0,8,0,0,0,0,1,1,1,1,7,-1,-1,-1,-1,-1
201301XH30123,1,21,0,18,8,0,0,0,0,0,2,1,1,1,6,7201,2,3,3,1
201301XH30123,2,9,0,18,0,0,1,0,5,6,1,1,6,1,4,1968,2,-1,8,3
201301XH30124,1,9,0,16,0,1,0,0,0,0,3,1,6,2,5,-1,-1,-1,1,1
201301XH30124,2,21,1,16,0,1,0,0,0,0,4,1,1,1,8,-1,-1,-1,-1,-1
201301XH30126,1,9,0,18,0,0,1,0,4,6,3,1,6,1,8,-1,-1,-1,-1,-1
201301XH30126,2,19,0,12,0,0,1,0,4,6,1,1,6,1,6,2287,2,5,4,1
201301XH30127,1,9,0,18,0,1,0,0,0,0,1,1,6,1,5,1910,2,8,3,1
201301XH30127,2,9,0,2,0,1,0,0,0,0,2,1,6,1,5,1956,2,4,-1,-1
201301XH30128,1,9,0,18,0,0,0,4,0,0,1,1,6,1,8,1397,1,10,4,1
201301XH30128,2,9,0,2,0,0,0,0,0,0,2,1,6,1,7,1896,2,6,-1,-1
201301XH30128,3,9,0,2,0,0,0,0,0,0,2,1,6,3,-1,1796,1,17,-1,-1
201301XH30128,4,9,0,2,0,0,0,0,0,0,2,1,6,3,-1,1360,1,13,-1,-1
201301XH30129,1,9,0,18,0,8,0,10,0,0,1,1,6,2,7,1149,1,12,5,1