Accident_Index,Vehicle_Reference,Vehicle_Type,Towing_and_Articulation,Vehicle_Manoeuvre,Vehicle_Location-Restricted_Lane,Junction_Location,Skidding_and_Overturning,Hit_Object_in_Carriageway,Vehicle_Leaving_Carriageway,Hit_Object_off_Carriageway,1st_Point_of_Impact,Was_Vehicle_Left_Hand_Drive?,Journey_Purpose_of_Driver,Sex_of_Driver,Age_Band_of_Driver,Engine_Capacity_(CC),Propulsion_Code,Age_of_Vehicle,Driver_IMD_Decile,Driver_Home_Area_Type
201301XH30130,1,19,0,1,0,5,0,0,0,0,2,1,1,1,6,2151,2,8,4,1
201301XH30131,1,9,0,3,0,0,0,0,0,0,2,1,6,1,8,1900,2,8,4,1
201301XH30131,2,9,0,3,0,0,0,0,0,0,2,1,6,1,8,1229,1,1,5,1
201301XH30131,3,9,0,4,0,0,1,0,0,0,1,1,6,2,5,1390,1,15,6,1
201301XH30132,1,9,0,8,0,1,0,0,0,0,4,1,6,1,9,1398,1,3,4,1
201301XH30132,2,1,0,18,9,1,0,0,0,0,1,1,6,1,5,-1,-1,-1,2,1
201301XH30133,1,21,1,18,0,0,0,0,1,9,1,1,1,1,-1,3920,2,9,3,1
201301XH30133,2,9,0,18,0,0,0,0,0,0,1,1,6,1,11,1299,1,5,3,1
201301XH30135,1,9,0,18,0,8,0,0,0,0,4,1,6,2,7,2496,1,9,3,1
201301XH30135,2,9,0,9,0,8,0,0,0,0,1,1,6,2,6,1360,1,10,7,1
201301XH30136,1,9,0,18,0,3,0,0,0,0,4,1,2,1,8,1796,1,8,4,1
201301XH30137,1,9,0,18,0,0,0,0,0,0,1,1,6,1,7,1968,2,7,2,1
201301XH30137,2,9,0,18,0,0,0,0,0,0,2,1,6,1,5,1968,2,4,4,1
201301XH30138,1,9,0,11,0,1,0,0,0,0,4,1,1,1,6,1686,2,8,6,1
201301XH30138,2,3,0,18,0,1,1,10,0,0,1,1,1,1,4,124,1,1,6,1
201301XH30139,1,9,0,18,0,1,0,0,0,0,1,1,6,2,-1,-1,-1,-1,-1,-1
201301XH30140,1,9,0,9,0,2,0,0,0,0,1,1,6,2,9,1598,1,7,6,1
201301XH30141,1,5,0,18,0,1,0,0,0,0,0,1,6,1,5,996,1,11,4,1
201301XH30142,1,21,4,5,0,8,0,0,0,0,4,1,6,1,8,16120,2,5,-1,-1
201301XH30142,2,8,0,5,0,8,0,0,0,0,3,1,1,1,8,2148,2,7,-1,-1
201301XH30143,1,9,0,14,0,0,0,4,0,0,1,1,2,1,7,1590,1,8,4,1
201301XH30143,2,9,0,18,0,0,0,0,0,0,1,1,6,1,5,2231,2,5,-1,-1
201301XH30143,3,9,0,2,0,0,0,0,0,0,3,1,6,1,6,1995,2,5,-1,-1
201301XH30144,1,9,0,9,0,6,0,0,0,0,3,1,1,1,7,-1,-1,-1,8,1
201301XH30144,2,9,0,18,0,1,0,0,0,0,1,1,1,2,7,1240,1,9,3,1
201301XH30145,1,9,0,18,0,0,2,0,7,10,1,1,2,2,7,1998,1,6,10,1
201301XH30146,1,3,0,13,0,1,0,0,0,0,1,1,1,1,6,125,1,8,8,1
201301XH30146,2,9,0,9,0,6,0,0,0,0,3,1,6,2,7,1995,2,1,-1,-1
201301XH30148,1,9,0,18,0,1,0,0,0,0,4,1,6,2,7,2000,2,7,4,1
201301XH30148,2,9,0,18,0,1,0,0,0,0,1,1,6,3,-1,-1,-1,-1,-1,-1
201301XH30150,1,9,0,3,0,8,0,0,0,0,1,1,1,1,-1,2496,1,11,10,1
201301XH30150,2,8,0,3,0,8,0,0,0,0,2,1,1,1,7,-1,-1,-1,3,1
201301XH30151,1,9,0,3,0,8,0,0,0,0,3,1,1,2,6,1240,1,10,-1,-1
201301XH30151,2,21,0,5,0,8,0,0,0,0,4,1,1,1,8,4250,2,3,-1,-1
201301XH30152,1,9,0,18,0,8,0,0,0,0,1,1,6,2,7,2149,2,6,4,1
201301XH30152,2,21,1,5,0,8,0,0,0,0,2,1,1,1,8,12777,2,7,6,1
201301XH30154,1,11,0,4,0,0,0,0,0,0,1,1,1,1,8,4500,2,3,8,1
201301XH30155,1,19,0,4,0,1,0,0,0,0,2,1,1,1,8,2198,2,4,4,1
201301XH30155,2,3,0,18,0,1,0,0,0,0,1,1,6,1,7,125,1,7,4,1
201301XH30155,3,19,0,18,0,1,0,0,0,0,1,1,1,1,8,2198,2,4,7,1
201301XH30158,1,5,0,18,0,1,1,0,0,0,1,1,1,1,7,1084,1,15,-1,-1
201301XH30159,1,19,0,18,0,2,0,7,7,2,1,1,6,1,6,-1,-1,-1,-1,-1
201301XH30160,1,9,0,7,0,8,0,0,0,0,1,1,6,1,9,1598,1,9,9,1
201301XH30160,2,1,0,18,0,8,0,0,0,0,3,1,6,1,7,-1,-1,-1,6,1
201301XH30162,1,21,1,18,0,0,0,0,0,0,1,1,1,1,7,12777,2,5,5,1
201301XH30162,2,9,0,12,0,0,0,0,0,0,2,1,2,1,6,1951,2,12,8,2
201301XH30163,1,5,0,18,0,0,1,0,0,0,4,1,6,1,7,999,1,2,6,1
201301XH30164,1,11,0,4,0,0,0,0,0,0,4,1,1,1,8,9360,2,3,4,2
201301XH30165,1,9,0,7,0,8,0,0,0,0,1,1,6,3,-1,-1,-1,-1,-1,-1
201301XH30166,1,9,0,9,0,6,0,0,0,0,1,1,1,1,7,1749,1,9,3,1
201301XH30166,2,9,0,18,0,8,0,0,0,0,3,1,2,2,6,1390,1,11,4,1
201301XH30167,1,9,0,3,0,1,0,0,0,0,2,1,6,1,7,1598,1,8,2,1
201301XH30167,2,9,0,5,0,1,0,0,0,0,1,1,2,1,8,1596,1,6,1,1
201301XH30168,1,9,0,18,0,0,0,10,2,2,1,1,6,1,6,1896,2,7,4,1
201301XH30169,1,9,0,4,0,0,0,0,0,0,2,1,6,2,7,1995,2,4,5,1
201301XH30169,2,9,0,3,0,0,0,0,0,0,1,1,6,1,8,1598,1,12,6,1
201301XH30169,3,9,0,4,0,0,0,0,0,0,1,1,6,1,8,1390,1,10,-1,-1
201301XH30170,1,9,0,18,0,0,0,0,0,0,1,1,6,2,6,1984,1,12,5,1
201301XH30170,2,9,0,11,0,0,0,0,0,0,2,1,1,2,6,1398,1,-1,8,1
201301XH30173,1,9,0,18,0,8,0,0,0,0,1,1,6,1,7,1598,2,3,3,1
201301XH30173,2,9,0,9,0,8,0,0,0,0,4,1,6,2,4,1398,1,11,7,1
201301XH30175,1,9,0,18,0,8,0,0,0,0,3,1,6,1,6,1895,1,13,5,1
201301XH30176,1,11,0,9,0,8,0,0,0,0,0,1,1,1,-1,3900,2,9,-1,-1
201301XH30177,1,19,0,18,0,6,0,9,0,0,1,1,2,1,6,1686,2,7,3,1
201301XH30177,2,9,0,17,0,8,0,0,0,0,4,1,2,1,8,-1,-1,-1,-1,-1
201301XH30178,1,9,0,18,0,0,0,0,0,0,3,1,6,1,7,1968,2,5,6,1
201301XH30179,1,9,0,7,0,0,0,0,1,1,1,1,2,2,7,1360,1,8,3,1
201301XH30179,2,9,0,10,0,0,0,0,0,0,2,1,2,2,8,1986,2,7,8,1
201301XH30180,1,9,0,18,0,3,0,0,0,0,2,1,6,1,7,1061,1,8,4,1
201301XH30180,2,3,0,18,0,8,0,0,0,0,1,1,6,1,5,49,1,5,3,1
201301XH30181,1,9,0,18,0,0,0,0,0,0,1,1,6,1,6,1582,2,1,3,1
201301XH30181,2,9,0,4,0,0,0,0,0,0,2,1,6,1,10,2156,1,20,3,1
201301XH30181,3,9,0,4,0,0,0,0,0,0,2,1,6,1,7,-1,-1,-1,1,1
201301XH30182,1,9,0,17,0,2,1,10,1,10,1,1,6,1,5,1796,1,9,4,1
201301XH30183,1,9,0,18,0,1,0,0,0,0,1,1,6,2,5,1198,1,7,6,1
201301XH30183,2,9,0,18,0,2,0,10,0,0,1,1,6,2,7,1199,1,10,8,1
201301XH30184,1,11,0,13,0,0,0,0,0,0,4,1,1,1,8,3900,2,10,5,1
201301XH30184,2,1,0,18,0,0,0,0,0,0,3,1,2,1,7,-1,-1,-1,1,1
201301XH30185,1,9,0,18,0,2,0,0,0,0,1,1,6,1,4,1229,1,-1,3,1
201301XH30186,1,9,0,7,0,8,0,0,0,0,2,1,1,2,10,1299,1,17,7,3
201301XH30186,2,19,0,9,0,8,0,0,3,1,1,1,6,1,6,1248,2,7,5,1
201301XH30187,1,9,0,9,0,5,0,7,0,0,4,1,6,2,7,2544,1,13,8,1
201301XH30187,2,9,0,18,0,8,0,0,0,0,1,1,6,2,11,1388,1,7,9,1
201301XH30188,1,9,0,7,0,6,0,0,0,0,3,1,1,1,7,1997,2,10,-1,-1
201301XH30188,2,19,0,13,0,8,0,0,5,10,1,1,1,1,6,2143,2,3,-1,-1
201301XH30189,1,5,0,18,0,1,0,0,0,0,1,1,6,1,5,656,1,4,2,1
201301XH30189,2,9,0,9,0,6,0,0,0,0,3,1,6,1,6,1998,1,11,4,1
201301XH30190,1,9,0,18,0,0,0,0,0,0,1,1,6,1,6,-1,-1,-1,6,1
201301XH30190,2,9,0,18,0,0,0,0,0,0,2,1,6,1,8,1896,2,8,-1,-1
201301XH30191,1,19,0,18,0,8,0,0,0,0,1,1,6,1,6,2148,2,9,4,1
201301XH30191,2,9,0,18,0,6,0,0,0,0,4,1,6,1,9,1339,1,2,2,1
201301XH30192,1,8,0,18,0,8,0,0,0,0,1,1,1,1,8,1968,2,6,2,1
201301XH30192,2,9,0,18,0,6,0,0,0,0,3,1,6,2,7,2687,1,5,4,1
201301XH30193,1,2,0,18,0,0,0,0,0,0,0,1,6,1,4,49,1,4,8,1
201301XH30193,2,9,0,18,0,0,0,0,0,0,1,1,6,2,10,1388,1,3,6,1
201301XH30194,1,9,0,4,0,1,0,0,0,0,2,1,6,1,7,1596,1,18,4,1
201301XH30194,2,9,0,18,0,1,0,0,0,0,1,1,6,3,-1,-1,-1,-1,-1,-1
201301XH30195,1,19,0,9,0,2,0,0,0,0,1,1,6,1,6,2198,2,6,3,1
201301XH30195,2,1,0,18,0,1,0,0,0,0,1,1,1,2,8,-1,-1,-1,3,1
201301XH30197,1,9,0,3,0,8,0,0,0,0,3,1,6,1,4,1685,2,1,5,1
201301XH30197,2,11,0,5,0,8,0,0,0,0,3,1,1,1,-1,-1,-1,-1,4,1
201301XH30198,1,11,0,4,0,0,0,0,0,0,0,1,1,1,6,-1,-1,-1,4,1
201301XH30200,1,9,0,1,0,5,0,0,0,0,2,1,6,2,-1,-1,-1,-1,-1,-1
201301XH30201,1,90,0,5,0,8,0,0,0,0,1,1,6,2,11,-1,-1,-1,9,1
201301XH30202,1,9,0,18,0,8,0,0,0,0,4,1,1,2,7,2143,2,1,5,1
201301XH30202,2,9,0,1,0,6,0,0,0,0,2,1,1,2,5,1598,1,1,8,1
201301XH30203,1,9,0,18,0,0,0,0,0,0,4,1,6,3,-1,-1,-1,-1,-1,-1
201301XH30204,1,9,0,18,0,0,0,0,0,0,1,1,6,1,-1,1794,1,5,10,1
201301XH30205,1,3,0,18,0,8,0,0,0,0,1,1,6,1,6,125,1,11,3,1
201301XH30205,2,9,0,9,0,8,0,0,0,0,1,1,6,1,-1,-1,-1,-1,-1,-1
201301XH30206,1,9,0,9,0,8,0,0,0,0,1,1,6,2,10,998,1,17,-1,-1
201301XH30206,2,9,0,18,0,8,0,0,0,0,1,1,6,1,7,1783,1,13,-1,-1
201301XH30207,1,5,0,11,0,0,0,0,0,0,1,1,2,1,-1,645,1,12,8,1
201301XH30207,2,9,0,11,0,0,0,0,0,0,4,1,6,3,-1,-1,-1,-1,-1,-1
201301XH30208,1,9,0,18,0,8,0,0,0,0,1,1,6,2,6,2493,1,13,1,1
201301XH30208,2,9,0,18,0,8,0,0,0,0,4,1,6,2,4,-1,-1,-1,-1,-1
201301XH30209,1,19,0,18,0,8,0,0,0,0,1,1,6,1,6,2148,2,6,-1,-1
201301XH30209,2,8,0,9,0,6,0,0,0,0,3,1,1,1,9,2184,2,8,-1,-1
201301XH30212,1,9,0,3,0,1,0,0,0,0,2,1,1,2,8,2179,2,5,9,1
201301XH30212,2,9,0,18,0,1,0,0,0,0,1,1,1,1,4,1299,1,11,9,1
201301XH30213,1,2,0,17,0,0,1,0,0,0,2,1,6,1,5,49,1,6,7,1
201301XH30213,2,19,0,17,0,0,0,0,0,0,1,1,6,3,-1,-1,-1,-1,-1,-1
201301XH30214,1,9,0,4,0,1,1,0,0,0,1,1,6,1,5,1753,2,8,9,2
201301XH30214,2,3,0,4,0,1,0,0,0,0,2,1,6,1,7,124,1,4,4,1
201301XH30215,1,9,0,14,0,8,0,0,0,0,1,1,1,1,-1,1397,1,11,5,1
201301XH30216,1,3,0,4,0,8,0,10,0,0,2,1,2,1,4,124,1,-1,6,1
201301XH30216,2,9,0,7,0,8,0,0,0,0,1,1,6,3,-1,-1,-1,-1,-1,-1
201301XH30217,1,1,0,18,0,1,0,0,0,0,3,1,4,1,3,-1,-1,-1,2,1
201301XH30217,2,9,0,18,0,1,0,0,0,0,1,1,6,3,-1,-1,-1,-1,-1,-1
201301XH30218,1,21,0,4,0,8,1,0,0,0,1,1,1,1,7,4250,2,4,3,1
201301XH30218,2,21,0,9,0,5,0,0,0,0,4,1,1,1,7,4580,2,6,4,1
201301XH30218,3,9,0,3,0,8,0,0,0,0,2,1,6,1,-1,1686,2,12,4,1
201301XH30219,1,9,0,18,0,8,0,0,0,0,1,1,2,1,8,1995,2,2,4,1
201301XH30219,2,9,0,9,0,5,0,0,3,1,1,1,6,2,6,-1,-1,-1,-1,-1
201301XH30220,1,9,0,4,0,2,0,0,0,0,1,1,6,1,7,1598,7,6,5,1
201301XH30221,1,9,0,18,0,0,0,4,0,0,4,1,6,1,11,2184,2,10,4,2
201301XH30221,2,9,0,2,0,0,0,0,0,0,3,1,6,2,6,1984,2,1,4,2
201301XH30222,1,9,0,18,0,1,1,4,1,10,3,1,1,1,4,1199,1,14,7,1
201301XH30222,2,9,0,5,0,1,0,0,0,0,1,1,1,2,9,1398,1,3,6,1
201301XH30222,3,9,0,2,0,1,0,0,0,0,2,1,6,1,11,1461,2,1,-1,-1
201301XH30223,1,9,0,18,0,0,0,0,0,0,4,1,6,2,7,-1,-1,-1,4,1
201301XH30224,1,9,0,9,0,5,0,0,0,0,4,1,3,2,6,2035,1,7,6,1
201301XH30224,2,9,0,18,0,1,0,0,0,0,1,1,2,1,9,-1,-1,-1,3,1
201301XH30225,1,8,0,5,0,0,0,0,0,0,0,1,6,1,-1,-1,-1,-1,-1,-1
201301XH30227,1,9,0,9,0,5,0,0,0,0,1,1,6,1,6,1598,1,8,7,1
201301XH30227,2,9,0,18,0,8,0,0,0,0,1,1,1,1,8,1595,1,14,4,1
201301XH30228,1,11,0,3,2,2,0,0,0,0,0,1,1,1,-1,3900,2,10,4,1
201301XH30229,1,9,0,4,0,8,0,0,0,0,2,1,3,2,7,1229,1,5,8,1
201301XH30229,2,9,0,18,0,8,0,0,0,0,1,1,6,2,-1,1461,2,9,-1,-1
201301XH30230,1,3,0,13,0,1,1,0,0,0,0,1,6,1,4,124,1,10,3,1
201301XH30231,1,9,0,15,0,8,0,0,0,0,4,1,6,1,8,1995,1,6,5,1
201301XH30231,2,1,0,18,5,8,0,0,0,0,3,1,6,2,8,-1,-1,-1,4,1
201301XH30234,1,8,0,5,0,0,0,0,0,0,0,1,1,1,-1,-1,-1,-1,-1,-1
201301XH30235,1,9,0,9,0,8,0,0,0,0,4,1,6,1,4,1332,1,6,4,1
201301XH30235,2,9,0,18,0,8,0,0,0,0,1,1,6,1,7,2000,2,4,6,1
201301XH30235,3,19,0,3,0,8,0,0,0,0,1,1,6,1,9,1296,1,10,10,2
201301XH30236,1,20,0,18,0,8,0,0,0,0,4,1,1,1,7,3920,2,6,4,1
201301XH30237,1,9,0,4,0,1,0,0,0,0,1,1,1,1,6,1600,1,15,2,1
201301XH30237,2,9,0,5,0,1,0,0,0,0,2,1,2,2,6,1753,2,13,2,1
201301XH30237,3,9,0,18,0,1,0,0,0,0,1,1,6,3,-1,-1,-1,-1,-1,-1
201301XH30238,1,9,0,8,0,8,0,0,0,0,2,1,6,1,7,1332,1,16,5,1
201301XH30238,2,9,0,18,0,8,0,0,0,0,1,1,6,2,-1,-1,-1,-1,-1,-1
201301XH30239,1,9,0,9,0,8,0,0,3,4,1,1,6,1,7,1497,8,7,4,1
201301XH30239,2,9,0,9,0,8,0,0,0,0,0,1,6,3,-1,-1,-1,-1,-1,-1
201301XH30240,1,9,0,18,0,0,0,0,0,0,4,1,6,2,7,1398,2,10,4,1
201301XH30241,1,9,0,18,0,3,0,0,0,0,4,1,6,2,6,1850,1,13,7,1
201301XH30241,2,9,0,18,0,3,0,0,0,0,3,1,6,3,-1,2319,1,12,-1,-1
201301XH30242,1,9,0,1,4,6,0,7,0,0,2,1,1,1,8,-1,-1,-1,-1,-1
201301XH30243,1,9,0,18,0,8,0,9,3,2,1,1,6,1,7,2149,2,6,4,1
201301XH30244,1,9,0,18,0,2,0,0,0,0,1,1,6,1,6,1339,1,6,9,1
201301XH30244,2,9,0,18,0,1,0,0,0,0,3,1,6,2,10,1348,1,13,5,1
201301XH30246,1,9,0,18,0,8,0,7,1,10,3,1,2,1,5,998,1,13,5,1
201301XH30246,2,9,0,9,0,8,0,0,0,0,1,1,6,2,7,1796,1,11,7,1
201301XH30248,1,9,0,18,0,8,1,0,0,0,3,1,6,2,7,1995,2,9,3,1
201301XH30248,2,9,0,14,0,8,0,0,0,0,1,1,2,1,-1,1396,1,16,3,1
201301XH30249,1,9,0,3,0,0,0,0,0,0,2,1,6,2,7,1598,1,6,8,1
201301XH30249,2,9,0,18,0,0,0,0,0,0,1,1,6,1,-1,-1,-1,-1,-1,-1
201301XH30251,1,9,0,4,0,1,0,0,0,0,1,1,6,1,8,2993,2,3,7,1
201301XH30251,2,9,0,3,0,1,0,0,0,0,2,1,6,1,8,2148,2,4,6,1
201301XH30252,1,9,0,18,0,0,1,0,0,0,3,1,6,1,9,2926,2,10,10,1
201301XH30252,2,9,0,18,0,0,0,0,5,6,4,1,6,1,8,2438,1,16,1,1
201301XH30252,3,9,0,12,0,0,0,0,0,0,3,1,6,3,-1,-1,-1,-1,-1,-1
201301XH30254,1,9,0,2,0,8,0,0,7,2,4,1,6,1,5,1596,1,-1,7,1
201301XH30254,2,9,0,18,0,8,0,4,0,0,4,1,6,3,-1,1968,2,-1,-1,-1
201301XH30255,1,9,0,9,0,8,0,0,0,0,3,1,6,2,8,1397,1,5,8,1
201301XH30255,2,1,0,18,0,8,0,0,0,0,4,1,6,1,6,-1,-1,-1,3,1
201301XH30256,1,9,0,7,0,2,0,0,0,0,4,1,6,2,11,1596,1,24,8,1
201301XH30257,1,9,0,18,0,2,0,0,0,0,4,1,3,2,8,1796,1,11,4,1
201301XH30258,1,9,0,9,0,8,0,0,0,0,3,1,2,2,8,1339,8,2,8,1
201301XH30259,1,9,0,10,0,1,0,0,0,0,2,1,6,1,7,-1,-1,-1,-1,-1
201301XH30259,2,9,0,15,0,1,0,0,0,0,1,1,6,1,-1,1590,1,13,-1,-1
201301XH30262,1,9,0,18,0,2,0,0,0,0,3,1,3,1,9,1298,1,2,3,1
201301XH30262,2,9,0,13,0,2,0,0,0,0,4,1,6,1,-1,1998,1,10,-1,-1
201301XH30263,1,9,0,4,0,0,0,0,0,0,2,1,2,1,7,1396,1,14,5,1
201301XH30263,2,9,0,3,0,0,0,0,0,0,2,1,2,1,6,2996,1,4,3,1
201301XH30263,3,19,0,18,0,0,0,0,0,0,1,1,2,1,4,2198,2,1,2,1
201301XH30264,1,3,0,10,0,1,0,0,0,0,2,1,2,1,7,125,1,2,7,3
201301XH30264,2,19,0,18,0,1,1,0,0,0,1,1,6,1,-1,1686,2,10,-1,-1
201301XH30265,1,9,0,9,0,8,0,0,0,0,3,1,2,2,8,2204,2,6,5,1
201301XH30265,2,9,0,9,0,8,0,0,0,0,1,1,6,3,-1,-1,-1,-1,-1,-1
201301XH30267,1,11,0,5,0,0,0,0,0,0,0,1,1,1,9,6871,2,6,6,1
201301XH30268,1,9,0,7,0,8,0,0,0,0,1,1,6,2,7,973,1,13,3,1
201301XH30268,2,9,0,14,0,8,0,0,0,0,4,1,6,1,8,1598,1,15,4,1
201301XH30269,1,9,0,18,0,8,0,0,0,0,1,1,2,1,6,2993,2,4,5,1
201301XH30269,2,3,0,9,0,8,0,0,0,0,1,1,1,1,6,125,1,9,-1,-1
201301XH30271,1,1,0,18,0,0,0,0,0,0,4,1,2,1,7,-1,-1,-1,4,1
201301XH30272,1,1,0,18,5,1,0,0,7,4,0,1,2,2,6,-1,-1,-1,5,1
201301XH30272,2,1,0,18,5,1,0,0,0,0,0,1,2,2,9,-1,-1,-1,4,2
201301XH30273,1,9,0,4,0,1,0,0,0,0,2,1,1,1,6,1396,1,15,4,1
201301XH30273,2,11,0,18,0,1,0,0,0,0,1,1,1,1,7,9186,2,-1,-1,2
201301XH30274,1,9,0,17,0,8,0,0,0,0,2,1,6,1,10,-1,-1,-1,4,1
201301XH30274,2,9,0,16,0,3,0,0,0,0,1,1,6,3,-1,-1,-1,-1,-1,-1
201301XH30275,1,9,0,1,0,0,0,4,0,0,2,1,3,1,7,1396,1,14,4,1
201301XH30275,2,3,0,2,0,0,0,0,0,0,4,1,6,1,5,108,1,3,4,1
201301XH30276,1,11,0,17,0,8,0,0,0,0,0,1,1,1,6,7300,2,8,5,1
201301XH30277,1,9,0,5,0,8,0,0,0,0,1,1,6,2,10,1198,1,10,6,1
201301XH30277,2,9,0,18,0,8,0,4,7,0,4,1,6,2,7,1388,1,5,9,1
201301XH30278,1,9,0,18,0,0,0,10,1,4,4,1,6,1,5,2143,2,1,3,1
201301XH30280,1,9,0,5,0,8,0,0,3,10,1,1,6,2,6,1389,1,10,4,1
201301XH30282,1,9,0,18,0,8,0,0,3,10,1,1,6,2,8,1490,1,8,-1,-1
201301XH30283,1,9,0,18,0,0,0,0,0,0,1,1,6,2,5,1199,1,10,6,1
201301XH30284,1,9,0,18,0,3,0,0,0,0,4,1,6,2,7,1598,1,-1,3,1
201301XH30284,2,19,0,18,0,3,0,0,0,0,3,2,6,1,7,-1,-1,-1,3,1
201301XH30285,1,9,0,7,0,8,1,0,0,0,3,1,6,2,8,1995,1,11,3,1
201301XH30285,2,9,0,9,0,8,0,0,0,0,4,1,6,2,6,998,1,7,4,1
201301XH30287,1,9,0,18,0,0,0,0,0,0,1,1,2,1,-1,2499,2,12,5,1
201301XH30288,1,5,0,13,0,2,0,0,0,0,1,1,1,1,6,599,1,10,6,1
201301XH30289,1,21,0,18,0,0,0,0,0,0,2,1,1,1,7,6370,2,4,4,1
201301XH30289,2,9,0,18,0,0,0,0,0,0,2,1,6,2,7,2987,2,6,-1,-1
201301XH30289,3,21,1,18,0,0,0,0,0,0,1,1,1,1,8,12777,2,3,-1,-1
201301XH30290,1,9,0,18,0,1,0,0,0,0,4,1,6,1,6,1598,1,5,5,1
201301XH30292,1,9,0,7,0,5,0,0,0,0,4,1,6,2,8,1598,1,8,8,1
201301XH30292,2,1,0,18,0,8,0,0,1,0,3,1,6,1,-1,-1,-1,-1,10,1
201301XH30293,1,9,0,12,0,8,0,0,0,0,3,1,6,2,5,1398,1,1,3,1
201301XH30293,2,9,0,11,0,8,0,0,0,0,4,1,6,3,-1,-1,-1,-1,-1,-1
201301XH30294,1,9,0,9,0,5,0,10,7,0,3,1,2,2,9,-1,-1,-1,6,1
201301XH30294,2,9,0,13,0,8,0,0,1,4,4,1,6,2,6,1598,1,10,2,1
201301XH30295,1,9,0,18,0,0,0,0,0,0,1,1,2,1,6,1995,2,10,3,1
201301XH30295,2,9,0,18,0,0,0,0,0,0,2,1,2,1,8,1598,1,10,-1,-1
201301XH30296,1,9,0,18,0,6,0,0,0,0,1,1,6,2,-1,1988,1,13,-1,-1
201301XH30296,2,9,0,18,0,8,5,0,0,0,3,1,1,2,4,1198,1,11,9,1
201301XH30297,1,9,0,9,0,1,0,0,0,0,1,1,2,1,7,1600,1,13,3,1
201301XH30298,1,9,0,18,0,8,0,0,0,0,1,1,1,2,5,1248,2,1,10,1
201301XH30298,2,9,0,18,0,8,5,0,0,0,4,1,6,1,-1,1229,1,1,3,1
201301XH30301,1,21,1,11,0,0,0,0,0,0,1,1,1,1,8,12777,2,4,6,1
201301XH30301,2,9,0,18,0,0,1,0,4,1,3,1,6,1,8,1598,1,15,10,1
201301XH30301,3,9,0,18,0,0,0,1,0,0,1,1,6,2,8,1998,1,9,7,1
201301XH30302,1,1,0,7,0,5,0,4,0,0,1,1,6,1,-1,-1,-1,-1,-1,-1
201301XH30302,2,19,0,2,0,2,0,0,0,0,2,1,6,3,-1,-1,-1,-1,-1,-1
201301XH30303,1,11,0,5,0,0,0,0,0,0,3,1,1,3,-1,-1,-1,-1,-1,-1
201301XH30304,1,11,0,4,0,0,0,0,0,0,0,1,1,1,7,6871,2,6,4,1
201301XH30304,2,9,0,11,0,0,0,0,0,0,0,1,6,3,-1,-1,-1,-1,-1,-1
201301XH30305,1,9,0,4,0,2,0,0,0,0,2,1,6,2,6,1598,1,5,3,1
201301XH30305,2,9,0,18,0,2,0,0,0,0,1,1,6,2,6,1753,2,10,6,1
201301XH30306,1,9,0,18,0,0,0,0,0,0,1,1,6,1,6,1242,1,15,9,1
201301XH30306,2,9,0,3,0,0,0,0,0,0,2,1,6,2,7,1984,2,2,9,1
201301XH30306,3,9,0,3,0,0,0,0,0,0,2,1,6,2,6,1600,1,8,9,1
201301XH30309,1,9,0,3,0,1,0,0,0,0,2,1,6,1,6,1242,1,13,6,1
201301XH30309,2,9,0,18,0,1,0,0,0,0,1,1,6,1,-1,4160,2,14,-1,-1
201301XH30312,1,9,0,4,0,1,0,0,0,0,1,1,6,2,10,1389,1,7,4,1
201301XH30312,2,1,0,18,0,1,0,0,0,0,3,1,6,2,11,-1,-1,-1,8,1
201301XH30313,1,19,0,7,0,1,0,0,0,0,4,1,6,3,-1,-1,-1,-1,-1,-1
201301XH30314,1,9,0,18,0,1,0,0,0,0,1,1,2,1,8,1389,1,16,2,1
201301XH30314,2,9,0,9,0,1,0,0,0,0,2,1,3,1,7,1995,2,12,4,1
201301XH30315,1,9,0,18,0,1,0,4,7,10,1,1,6,1,7,1497,8,4,3,1
201301XH30315,2,9,0,2,0,1,0,0,0,0,1,1,6,2,6,995,1,6,-1,-1
201301XH30315,3,9,0,18,0,1,0,0,0,0,1,1,6,1,7,-1,-1,-1,3,1
201301XH30316,1,9,0,9,0,8,0,0,0,0,1,1,6,2,8,1587,1,4,-1,-1
201301XH30316,2,9,0,7,0,8,0,0,0,0,4,1,1,1,6,-1,-1,-1,-1,-1
201301XH30317,1,8,0,1,0,8,0,0,0,0,2,1,1,1,7,1086,1,7,5,1
201301XH30318,1,19,0,1,0,1,0,0,0,0,2,1,6,1,5,2151,2,11,5,1
201301XH30318,2,90,0,18,9,1,0,0,0,0,4,1,6,1,10,-1,-1,-1,3,1
201301XH30319,1,3,0,18,0,8,0,0,0,0,3,1,6,1,4,124,1,-1,6,1
201301XH30319,2,9,0,4,0,8,0,0,0,0,2,1,6,3,-1,-1,-1,-1,-1,-1
201301XH30320,1,20,0,16,0,0,0,0,0,0,2,1,6,3,-1,-1,-1,-1,-1,-1
201301XH30321,1,9,0,18,0,1,0,0,0,0,3,1,3,2,7,1997,1,18,9,1
201301XH30321,2,9,0,7,0,1,0,0,0,0,1,1,6,2,-1,1984,1,8,9,1
201301XH30322,1,9,0,4,0,0,0,0,0,0,0,1,6,3,-1,-1,-1,-1,-1,-1
201301XH30322,2,9,0,18,0,0,0,0,0,0,2,1,6,3,-1,-1,-1,-1,-1,-1
201301XH30322,3,19,0,18,0,0,0,0,0,0,1,1,1,1,7,2198,2,2,10,1
201301XH30322,4,9,0,18,0,0,0,0,0,0,1,1,6,1,5,1399,2,1,1,1
201301XH30323,1,9,0,18,0,1,0,0,0,0,1,1,6,2,8,1796,1,10,5,1
201301XH30324,1,4,0,18,0,0,0,10,1,2,0,1,2,1,6,124,1,3,4,1