Accident_Index,Vehicle_Reference,Vehicle_Type,Towing_and_Articulation,Vehicle_Manoeuvre,Vehicle_Location-Restricted_Lane,Junction_Location,Skidding_and_Overturning,Hit_Object_in_Carriageway,Vehicle_Leaving_Carriageway,Hit_Object_off_Carriageway,1st_Point_of_Impact,Was_Vehicle_Left_Hand_Drive?,Journey_Purpose_of_Driver,Sex_of_Driver,Age_Band_of_Driver,Engine_Capacity_(CC),Propulsion_Code,Age_of_Vehicle,Driver_IMD_Decile,Driver_Home_Area_Type
201301XH30525,1,9,0,18,0,1,0,0,0,0,4,1,1,1,7,1968,2,4,5,1
201301XH30525,2,9,0,7,0,2,0,4,0,0,3,1,6,1,11,1997,1,18,6,1
201301XH30525,3,9,0,2,0,2,0,0,0,0,2,1,6,1,8,1199,1,10,4,1
201301XH30526,1,9,0,5,0,1,0,0,0,0,2,1,6,1,8,2480,1,1,7,1
201301XH30526,2,4,0,5,0,1,0,0,0,0,1,1,1,1,6,998,1,3,4,1
201301XH30527,1,9,0,18,0,0,0,0,0,0,3,1,6,1,6,1797,8,3,2,1
201301XH30528,1,9,0,9,0,8,0,0,0,0,1,1,6,1,7,1796,1,12,3,1
201301XH30528,2,9,0,18,0,8,0,0,0,0,1,1,6,1,7,2179,2,4,6,2
201301XH30529,1,2,0,3,0,1,0,0,0,0,2,1,6,1,5,49,1,5,4,1
201301XH30529,2,9,0,5,0,1,0,0,0,0,1,1,6,1,9,1910,2,5,4,1
201301XH30530,1,9,0,6,0,0,0,0,0,0,3,1,3,2,4,1299,1,8,3,1
201301XH30530,2,9,0,18,0,0,0,10,7,0,4,1,6,1,11,1391,1,19,6,1
201301XH30531,1,9,0,9,0,8,0,0,0,0,1,1,6,2,5,1398,2,11,1,1
201301XH30531,2,9,0,1,0,8,0,0,0,0,2,1,6,1,5,1598,2,-1,2,1
201301XH30534,1,9,0,18,0,0,0,4,0,0,4,1,6,1,4,1388,1,9,3,1
201301XH30535,1,9,0,18,0,0,1,10,7,1,1,1,6,1,4,1896,2,6,-1,-1
201301XH30536,1,9,0,18,0,0,1,2,0,0,1,1,6,1,4,1390,1,16,4,1
201301XH30536,2,9,0,4,0,0,0,0,0,0,2,1,6,2,9,2987,2,2,-1,-1
201301XH30537,1,9,0,14,0,0,0,0,0,0,4,1,6,1,7,1390,1,10,3,1
201301XH30538,1,3,0,18,0,8,0,0,0,0,1,1,6,1,7,125,1,-1,9,1
201301XH30538,2,9,0,9,0,8,0,0,0,0,4,1,6,3,-1,-1,-1,-1,-1,-1
201301XH30541,1,1,0,18,0,8,0,0,0,0,4,1,2,1,7,-1,-1,-1,9,1
201301XH30541,2,9,0,7,0,8,0,0,0,0,1,1,6,3,-1,-1,-1,-1,-1,-1
201301XH30542,1,9,0,18,0,2,0,0,0,0,3,1,6,1,7,1799,1,18,3,1
201301XH30543,1,9,0,9,0,1,0,0,0,0,3,1,6,2,11,973,1,13,5,1
201301XH30543,2,9,0,18,0,1,0,0,0,0,1,1,6,1,11,1275,1,15,7,1
201301XH30545,1,9,0,12,0,1,0,0,0,0,3,1,6,1,6,1995,2,9,3,1
201301XH30545,2,5,0,14,0,1,0,0,0,0,4,1,6,2,8,1250,1,12,-1,-1
201301XH30546,1,9,0,2,0,0,0,0,0,0,1,1,6,2,7,1586,1,-1,10,1
201301XH30546,2,9,0,1,0,0,0,4,0,0,2,1,6,1,-1,3999,1,5,-1,-1
201301XH30548,1,9,0,18,0,1,2,0,0,0,3,1,6,1,10,1796,1,4,9,1
201301XH30548,2,9,0,18,0,2,0,4,0,0,3,1,6,2,6,1598,1,13,9,1
201301XH30548,3,9,0,2,0,2,0,0,0,0,3,1,6,3,-1,1997,2,6,-1,-1
201301XH30549,1,11,0,9,0,8,0,0,0,0,1,1,1,1,7,6871,2,5,5,1
201301XH30549,2,9,0,18,0,8,0,0,0,0,4,1,6,1,7,1995,2,10,4,1
201301XH30550,1,9,0,18,0,2,0,10,1,2,1,1,6,1,6,3189,1,7,3,1
201301XH30550,2,9,0,3,0,2,0,0,0,0,3,1,6,1,6,1910,2,9,3,1
201301XH30552,1,9,0,18,0,0,0,12,0,0,2,1,1,2,8,1796,1,5,10,1
201301XH30552,2,9,0,18,0,0,0,0,0,0,1,1,6,1,4,1368,1,7,6,1
201301XH30553,1,3,0,9,0,1,0,0,0,0,1,1,6,1,4,124,1,6,4,1
201301XH30553,2,9,0,9,0,1,0,0,0,0,1,1,6,1,-1,-1,-1,-1,-1,-1
201301XH30554,1,9,0,9,0,8,0,0,0,0,4,1,6,1,-1,2496,2,8,-1,-1
201301XH30554,2,9,0,9,0,8,0,0,0,0,1,1,6,2,9,2976,1,11,6,1
201301XH30555,1,9,0,3,0,1,0,0,0,0,2,1,6,2,6,1598,1,9,2,1
201301XH30555,2,9,0,3,0,1,0,0,0,0,2,1,6,2,6,1498,1,6,5,1
201301XH30555,3,9,0,4,0,1,0,0,0,0,2,1,6,2,6,1799,1,16,2,1
201301XH30555,4,19,0,18,0,1,1,0,0,0,1,1,6,1,7,2198,2,-1,2,1
201301XH30556,1,9,0,8,0,1,0,0,0,0,2,1,6,2,-1,998,1,-1,4,2
201301XH30556,2,9,0,18,0,1,0,0,0,0,1,1,6,1,-1,1591,1,2,7,1
201301XH30557,1,19,0,18,0,0,0,0,0,0,1,1,6,1,6,2143,2,3,8,3
201301XH30558,1,9,0,4,0,0,0,0,0,0,2,1,6,1,7,1598,1,5,3,1
201301XH30558,2,9,0,18,0,0,0,0,0,0,1,1,6,3,-1,1360,1,8,-1,-1
201301XH30559,1,9,0,5,0,0,0,0,0,0,3,1,3,1,7,1870,2,12,3,1
201301XH30559,2,1,0,14,0,0,0,0,0,0,4,1,6,2,6,-1,-1,-1,3,1
201301XH30560,1,9,0,5,0,0,0,0,0,0,1,1,6,1,6,1598,1,1,7,1
201301XH30560,2,9,0,3,0,0,0,0,0,0,2,1,6,2,6,1389,1,15,-1,-1
201301XH30561,1,9,0,18,0,8,0,0,0,0,3,1,6,1,10,2987,2,3,4,1
201301XH30561,2,9,0,9,0,8,0,0,0,0,1,1,6,1,8,1248,2,8,2,1
201301XH30562,1,4,0,18,0,1,0,0,0,0,4,1,6,1,4,125,1,11,5,1
201301XH30562,2,9,0,5,0,1,0,0,0,0,1,1,6,2,-1,998,1,7,-1,-1
201301XH30563,1,9,0,2,0,2,0,0,0,0,3,1,6,1,6,2000,1,5,-1,-1
201301XH30563,2,9,0,18,0,2,0,4,0,0,4,1,3,2,7,1198,1,8,8,1
201301XH30564,1,9,0,18,0,1,0,0,0,0,1,1,6,2,6,1998,2,10,5,1
201301XH30564,2,9,0,8,0,1,0,4,7,10,2,1,1,2,8,-1,-1,-1,5,1
201301XH30564,3,19,0,2,0,1,0,0,0,0,2,1,6,1,-1,1560,2,1,-1,-1
201301XH30565,1,9,0,4,0,1,0,0,0,0,2,1,2,2,7,1386,1,6,3,1
201301XH30565,2,19,0,4,0,1,1,0,0,0,1,1,2,1,6,1560,2,2,4,1
201301XH30566,1,9,0,18,0,0,0,0,0,0,3,1,6,1,6,1896,2,13,1,1
201301XH30566,2,21,0,18,0,0,0,0,0,0,4,1,6,3,-1,15607,2,1,-1,-1
201301XH30567,1,9,0,2,0,0,0,0,0,0,3,1,1,1,6,2143,12,-1,4,1
201301XH30567,2,9,0,18,0,0,0,4,0,0,4,1,1,1,6,2148,2,5,3,1
201301XH30568,1,9,0,9,0,1,0,0,0,0,1,1,1,1,9,-1,-1,-1,10,1
201301XH30568,2,9,0,16,0,1,0,0,0,0,3,1,1,1,7,1896,2,9,8,1
201301XH30569,1,9,0,10,0,1,0,0,0,0,4,1,2,2,8,1242,1,4,7,2
201301XH30569,2,5,0,10,0,1,0,0,0,0,3,1,2,1,7,645,1,-1,6,1
201301XH30570,1,9,0,3,0,1,0,0,0,0,2,1,6,2,7,1597,2,-1,3,1
201301XH30570,2,9,0,4,0,1,0,0,0,0,1,1,6,2,8,1956,2,-1,6,1
201301XH30571,1,9,0,16,0,0,0,0,0,0,3,1,2,2,4,1299,1,15,2,1
201301XH30571,2,8,0,17,0,0,0,0,0,0,3,1,1,1,8,1997,2,-1,5,1
201301XH30572,1,9,0,9,0,8,0,0,0,0,1,1,6,1,6,1968,2,6,8,1
201301XH30572,2,9,0,9,0,8,0,0,0,0,2,1,6,1,5,1124,1,12,3,1
201301XH30573,1,9,0,3,0,1,0,0,0,0,2,1,6,2,9,1400,1,13,4,1
201301XH30573,2,9,0,18,0,1,0,0,0,0,1,1,6,2,-1,1596,1,11,3,1
201301XH30574,1,9,0,8,0,1,0,0,0,0,2,1,1,2,6,1598,1,5,-1,-1
201301XH30574,2,9,0,7,0,1,0,0,0,0,1,1,6,1,-1,1598,1,7,-1,-1
201301XH30575,1,9,0,5,0,0,0,0,0,0,0,1,6,1,-1,-1,-1,-1,-1,-1
201301XH30576,1,2,0,18,0,2,1,0,0,0,1,1,6,1,4,125,1,-1,3,1
201301XH30576,2,9,0,7,0,2,0,0,0,0,2,1,6,1,7,1600,2,3,4,2
201301XH30577,1,9,0,3,0,0,0,0,0,0,2,1,6,2,7,1798,1,3,10,1
201301XH30577,2,3,0,18,0,0,0,0,0,0,1,1,6,1,6,125,1,2,5,1
201301XH30578,1,9,0,9,0,8,0,0,0,0,1,1,6,2,6,1297,1,12,8,1
201301XH30578,2,9,0,18,0,8,0,0,0,0,3,1,6,1,7,1968,2,2,6,1
201301XH30579,1,9,0,3,0,1,0,0,0,0,2,1,6,1,8,1973,1,14,-1,-1
201301XH30579,2,9,0,18,0,1,0,0,0,0,1,1,6,1,-1,1242,1,15,-1,-1
201301XH30581,1,90,0,5,0,1,0,0,0,0,1,1,1,1,8,12900,2,2,10,1
201301XH30581,2,9,0,5,0,1,0,0,0,0,3,1,6,1,6,993,1,12,4,1
201301XH30583,1,9,0,9,0,8,0,0,0,0,3,1,2,1,5,1995,1,7,6,1
201301XH30583,2,3,0,13,0,1,0,0,0,0,1,1,6,1,4,-1,-1,-1,6,1
201301XH30584,1,9,0,18,0,8,0,0,0,0,1,1,6,1,-1,-1,-1,-1,-1,-1
201301XH30585,1,19,0,18,8,2,5,10,1,10,4,1,6,1,5,1753,2,7,4,1
201301XH30585,2,9,0,2,9,2,0,0,0,0,2,1,6,3,-1,3956,1,11,-1,-1
201301XH30586,1,9,0,9,0,8,0,0,0,0,4,1,6,2,7,2776,2,-1,8,3
201301XH30586,2,1,0,16,0,8,0,0,0,0,1,1,6,2,5,-1,-1,-1,6,1
201301XH30588,1,4,0,13,0,8,0,0,0,0,4,1,2,1,8,499,1,14,6,1
201301XH30588,2,9,0,9,0,5,0,0,0,0,3,1,3,1,-1,2143,2,1,-1,-1
201301XH30590,1,3,0,5,0,1,0,0,0,0,1,1,2,1,8,-1,-1,-1,3,1
201301XH30590,2,1,0,9,0,1,0,0,0,0,4,1,2,1,4,-1,-1,-1,9,1
201301XH30593,1,9,0,18,0,1,0,0,0,0,1,1,6,1,-1,998,1,12,6,1
201301XH30593,2,9,0,18,0,1,0,0,0,0,3,1,6,1,11,1797,1,21,10,1
201301XH30595,1,5,0,4,0,1,0,0,0,0,1,1,2,1,7,656,1,4,7,1
201301XH30595,2,8,0,3,0,1,0,0,0,0,2,1,2,1,8,1796,1,6,3,1
201301XH30596,1,9,0,18,0,0,0,10,7,3,1,1,6,1,11,1339,1,6,10,1
201301XH30597,1,9,0,9,0,1,0,0,0,0,4,1,6,1,7,2497,2,1,-1,-1
201301XH30597,2,3,0,15,0,1,0,0,0,0,1,1,6,1,5,125,1,1,8,1
201301XH30598,1,2,0,18,0,8,0,0,0,0,1,1,1,1,6,49,1,5,4,1
201301XH30598,2,9,0,9,0,8,0,0,0,0,3,1,6,1,-1,-1,-1,-1,-1,-1
201301XH30599,1,9,0,18,0,1,0,0,0,0,1,1,6,1,5,1560,2,8,3,1
201301XH30599,2,9,0,7,0,1,0,0,0,0,3,1,6,2,-1,1388,1,4,6,2
201301XH30600,1,9,0,1,0,8,0,10,3,10,4,1,6,1,10,1799,1,5,4,1
201301XH30602,1,9,0,7,0,1,0,0,0,0,3,1,6,1,8,1596,1,7,5,1
201301XH30602,2,21,0,9,0,1,0,0,0,0,4,1,1,1,8,12902,2,-1,6,1
201301XH30603,1,9,0,9,0,8,0,0,0,0,4,1,6,1,8,1360,1,9,6,1
201301XH30603,2,9,0,18,0,8,0,0,0,0,1,1,6,1,9,1360,1,12,4,1
201301XH30605,1,9,0,18,0,2,0,0,0,0,1,1,6,1,-1,-1,-1,-1,-1,-1
201301XH30606,1,8,0,18,0,0,0,0,0,0,4,1,1,1,7,2143,2,1,5,1
201301XH30606,2,19,0,18,0,0,0,0,0,0,3,1,1,1,-1,1968,2,-1,9,3
201301XH30607,1,9,0,9,0,1,0,0,0,0,4,1,6,1,8,998,1,1,3,1
201301XH30607,2,1,0,18,0,1,0,0,0,0,1,1,6,2,5,-1,-1,-1,1,1
201301XH30608,1,9,0,18,0,2,0,0,0,0,1,1,6,1,6,1995,2,4,5,1
201301XH30609,1,8,0,7,0,1,0,0,0,0,2,1,1,1,7,1600,2,3,4,1
201301XH30609,2,3,0,18,0,1,0,0,0,0,1,1,6,1,6,-1,-1,-1,3,1
201301XH30611,1,9,0,8,0,1,0,0,0,0,2,1,6,1,7,1461,2,10,2,1
201301XH30611,2,9,0,4,0,1,0,0,0,0,1,1,1,1,8,1910,2,8,4,1
201301XH30612,1,9,0,7,0,2,0,0,0,0,4,1,6,1,7,1731,1,17,3,1
201301XH30612,2,9,0,18,0,1,0,0,0,0,1,1,6,1,6,1968,2,2,5,1
201301XH30613,1,9,0,18,0,8,0,0,0,0,1,1,6,1,5,999,1,3,5,1
201301XH30613,2,9,0,9,0,8,0,0,0,0,1,1,6,2,7,1299,1,9,6,1
201301XH30614,1,9,0,9,0,8,0,0,0,0,1,1,1,1,6,1995,2,2,6,1
201301XH30614,2,9,0,18,0,8,0,0,0,0,1,1,6,2,6,1988,1,12,4,1
201301XH30615,1,9,0,9,0,2,0,0,0,0,0,1,6,1,8,1598,1,10,3,1
201301XH30616,1,9,0,18,0,1,0,0,0,0,1,1,1,1,5,1400,1,7,5,1
201301XH30616,2,9,0,4,0,7,0,0,0,0,2,1,2,1,-1,1390,1,8,5,1
201301XH30616,3,9,0,3,0,7,0,0,0,0,2,1,1,1,7,1984,2,-1,8,2
201301XH30616,4,9,0,18,0,7,0,0,0,0,1,1,2,2,7,1992,2,7,9,1
201301XH30617,1,9,0,18,0,1,0,0,0,0,1,1,6,2,10,1991,1,18,8,1
201301XH30617,2,8,0,18,0,8,0,0,0,0,2,1,6,1,9,2499,2,2,7,1
201301XH30617,3,9,0,9,0,2,0,0,0,0,1,1,6,2,8,1596,1,7,10,1
201301XH30618,1,9,0,7,0,8,0,0,0,0,1,1,6,3,-1,1229,1,1,7,2
201301XH30619,1,19,0,6,0,8,0,0,0,0,4,1,1,1,6,2287,2,-1,2,1
201301XH30619,2,4,0,18,0,8,0,0,0,0,1,1,6,1,8,385,1,13,5,1
201301XH30620,1,3,0,17,0,1,1,0,0,0,1,1,2,1,6,124,1,4,4,1
201301XH30620,2,9,0,9,0,1,0,0,0,0,3,1,6,1,6,1598,2,-1,9,1
201301XH30621,1,9,0,18,0,0,0,0,0,0,1,1,6,1,8,1798,1,6,4,1
201301XH30622,1,9,0,18,0,1,0,0,0,0,1,1,6,1,-1,-1,-1,-1,-1,-1
201301XH30623,1,11,0,3,2,0,0,0,0,0,0,1,1,1,7,7300,2,9,5,1
201301XH30624,1,9,0,18,0,8,0,0,0,0,1,1,6,2,7,4966,1,9,7,1
201301XH30624,2,1,0,9,0,8,0,0,0,0,4,1,6,1,9,-1,-1,-1,6,1
201301XH30625,1,9,0,7,0,1,0,0,0,0,2,1,6,1,4,1598,1,10,3,1
201301XH30625,2,9,0,18,0,1,0,0,0,0,1,1,6,1,4,1600,1,13,4,1
201301XH30626,1,9,0,17,0,8,0,0,0,0,1,1,6,1,10,1686,2,2,4,1
201301XH30627,1,11,0,5,0,1,0,0,0,0,0,1,1,2,9,4500,2,5,6,1
201301XH30628,1,9,0,4,0,1,0,0,0,0,1,1,6,1,5,998,1,13,4,1
201301XH30628,2,9,0,3,0,1,0,0,0,0,2,1,6,2,8,1596,1,8,8,1
201301XH30629,1,9,0,5,0,1,0,0,0,0,1,1,6,3,-1,-1,-1,-1,-1,-1
201301XH30631,1,9,0,4,0,0,0,0,0,0,2,1,6,2,6,1997,2,5,2,1
201301XH30631,2,9,0,4,0,0,0,0,0,0,1,1,6,2,6,1995,2,3,8,1
201301XH30632,1,9,0,18,0,8,0,0,0,0,1,1,1,1,7,1995,2,6,-1,-1
201301XH30632,2,9,0,18,0,8,0,0,0,0,3,1,1,2,7,1598,1,9,4,1
201301XH30644,1,9,0,9,0,8,0,0,0,0,3,1,6,2,6,-1,-1,-1,7,1
201301XH30644,2,4,0,18,0,8,0,0,0,0,4,1,6,1,7,599,1,18,2,1
201301XH30646,1,9,0,3,0,1,0,0,0,0,2,1,6,2,9,1587,1,12,5,1
201301XH30646,2,9,0,18,0,1,0,0,0,0,1,1,6,1,-1,1596,1,7,-1,-1
201301XH39001,1,9,0,3,0,1,0,0,0,0,2,1,2,2,6,1598,1,7,10,1
201301XH39001,2,9,0,18,0,1,0,0,0,0,1,1,6,1,-1,1199,1,11,-1,-1
201301XH39003,1,9,0,5,0,8,0,0,0,0,3,1,6,2,4,2835,2,13,-1,-1
201301XH39003,2,9,0,18,0,8,0,0,0,0,4,1,1,1,8,-1,-1,-1,3,1
201301XH39006,1,9,0,18,0,8,0,0,0,0,4,1,1,1,7,1968,2,1,5,1
201301XH39006,2,9,0,7,0,8,0,0,0,0,3,1,3,1,6,1400,1,13,3,1
201301XH39013,1,9,0,5,0,1,0,0,0,0,2,1,6,1,8,1598,1,2,1,1
201301XH39013,2,11,0,5,0,1,0,0,0,0,1,1,1,1,-1,-1,-1,-1,-1,-1
201301XH39019,1,3,0,13,0,1,0,0,0,0,4,1,2,1,5,125,1,6,4,1
201301XH39019,2,9,0,9,0,1,0,0,0,0,3,1,6,1,-1,2996,2,4,-1,-1
201301XH39025,1,90,0,18,0,0,1,10,0,0,4,1,1,1,9,7142,2,6,5,1
201301XH39026,1,11,0,18,0,1,0,0,0,0,0,1,1,1,6,4500,2,5,4,1
201301XH39027,1,9,0,18,0,1,0,0,0,0,3,1,6,1,6,1598,1,8,5,1
201301XH39027,2,1,0,18,0,8,0,0,0,0,4,1,6,1,7,-1,-1,-1,2,1
201301XH39029,1,1,0,13,0,2,0,0,0,0,1,1,2,1,7,-1,-1,-1,4,1
201301XH39029,2,1,0,9,0,2,0,0,0,0,3,1,6,1,3,-1,-1,-1,4,1
201301XH39031,1,9,0,9,0,8,0,0,0,0,1,1,6,1,9,1968,2,6,1,1
201301XH39031,2,9,0,18,0,1,0,0,0,0,3,1,6,1,7,1242,1,12,6,1
201301XH39034,1,9,0,18,0,0,0,4,0,0,1,1,6,1,11,1596,1,13,10,1
201301XH39034,2,9,0,2,0,0,0,0,0,0,2,1,6,3,-1,-1,-1,-1,-1,-1
201301XH39036,1,9,0,1,9,1,0,0,0,0,2,1,6,2,7,1796,1,14,2,1
201301XH39055,1,9,0,18,0,0,0,0,0,0,4,1,1,1,5,1598,2,-1,5,1
201301XH39056,1,10,0,18,0,1,5,0,0,0,3,1,1,2,7,2287,2,2,9,2
201301XH39056,2,21,1,18,0,8,0,0,0,0,4,2,1,1,9,-1,-1,-1,-1,-1
201301XH39148,1,9,0,3,0,8,0,0,0,0,2,1,6,2,8,2188,2,8,10,1
201301XH39148,2,9,0,1,0,8,0,0,0,0,2,1,6,1,-1,1796,1,7,-1,-1
201301YE80002,1,9,0,4,0,1,0,0,0,0,2,1,1,2,7,1995,2,1,1,1
201301YE80002,2,9,0,18,0,1,0,0,0,0,1,1,2,1,8,1242,1,17,1,1
201301YE80003,1,9,0,11,0,0,0,0,0,0,2,1,2,2,5,998,1,2,-1,-1
201301YE80003,2,19,0,18,0,0,0,0,0,0,1,1,2,1,7,2464,2,4,-1,-1
201301YE80003,3,9,0,18,0,0,0,0,0,0,2,1,2,1,5,3628,2,5,2,1
201301YE80006,1,11,0,18,0,1,0,0,0,0,0,1,1,1,6,-1,-1,-1,5,1
201301YE80007,1,9,0,18,0,8,0,0,7,4,3,1,6,1,9,3199,1,9,3,1
201301YE80007,2,9,0,5,0,8,0,0,0,0,1,1,6,1,-1,-1,-1,-1,-1,-1
201301YE80009,1,19,0,18,0,1,0,0,0,0,4,1,6,1,6,1870,2,7,1,1
201301YE80009,2,19,0,11,0,1,0,0,0,0,1,1,6,1,6,2300,2,7,2,1
201301YE80012,1,9,0,3,0,8,0,0,0,0,2,1,6,1,6,1398,1,11,3,1
201301YE80012,2,9,0,18,0,8,0,0,0,0,1,1,6,2,-1,2993,2,8,-1,-1
201301YE80014,1,9,0,9,0,8,0,0,0,0,4,1,6,1,4,1390,1,1,8,1
201301YE80014,2,9,0,18,0,8,0,0,0,0,1,1,6,2,6,1396,1,16,2,1
201301YE80015,1,9,0,7,0,2,0,0,0,0,1,1,6,1,-1,1597,1,13,-1,-1
201301YE80016,1,9,0,9,0,2,0,0,0,0,3,1,3,2,6,-1,-1,-1,4,1
201301YE80017,1,9,0,8,0,1,0,0,0,0,2,1,3,2,7,2993,2,4,5,1
201301YE80017,2,9,0,18,0,1,0,0,0,0,1,1,6,1,-1,1198,1,9,-1,-1
201301YE80018,1,9,0,4,0,1,0,0,0,0,1,1,6,2,6,2148,2,11,3,1
201301YE80018,2,9,0,3,0,1,0,0,0,0,2,1,6,2,7,1988,2,9,1,1
201301YE80019,1,11,0,5,0,0,0,0,0,0,0,1,1,1,9,8650,2,14,-1,-1
201301YE80020,1,9,0,18,0,2,0,0,0,0,4,1,6,1,6,1686,2,9,4,1
201301YE80020,2,19,0,12,0,2,0,0,0,0,3,1,6,1,7,1998,2,10,3,1
201301YE80021,1,9,0,9,0,8,0,0,0,0,4,1,6,1,6,1149,1,14,7,1
201301YE80021,2,9,0,18,0,8,0,0,0,0,1,1,6,1,-1,-1,-1,-1,-1,-1
201301YE80022,1,9,0,5,0,1,0,7,0,0,1,1,6,1,9,-1,-1,-1,4,1
201301YE80023,1,9,0,14,0,1,0,0,0,0,1,1,3,1,6,1489,1,17,-1,-1
201301YE80025,1,9,0,3,0,2,0,0,0,0,3,1,3,1,8,1596,1,11,3,1
201301YE80025,2,9,0,18,0,1,0,0,0,0,4,1,6,2,-1,1798,1,4,-1,-1
201301YE80026,1,9,0,18,0,1,0,0,0,0,4,1,1,1,7,1968,2,6,9,1
201301YE80027,1,9,0,18,0,8,0,0,0,0,1,1,6,2,5,1299,1,8,10,1
201301YE80027,2,9,0,18,0,8,0,0,0,0,3,1,6,2,9,1598,1,5,4,1
201301YE80028,1,11,0,18,0,1,0,0,0,0,0,1,1,1,8,-1,2,14,6,1
201301YE80029,1,11,0,5,2,0,0,0,0,0,0,1,1,1,7,7300,2,11,4,1
201301YE80030,1,9,0,18,0,1,0,0,0,0,3,1,6,2,6,1364,1,7,6,1
201301YE80031,1,9,0,5,0,0,0,0,0,0,3,1,6,2,6,1796,1,11,4,1
201301YE80031,2,9,0,18,0,0,0,0,0,0,4,1,6,1,-1,1587,1,7,-1,-1
201301YE80033,1,9,0,18,0,0,0,0,0,0,1,1,3,2,8,-1,-1,-1,3,1
201301YE80034,1,8,0,5,0,0,0,0,0,0,3,1,1,1,-1,-1,-1,-1,-1,-1
201301YE80035,1,9,0,18,0,8,0,0,0,0,1,1,6,1,5,1399,2,10,4,1
201301YE80035,2,9,0,9,0,8,0,0,0,0,4,1,6,1,7,1794,1,6,2,1
201301YE80036,1,9,0,2,0,1,0,0,0,0,2,1,6,2,8,1339,1,2,2,1
201301YE80036,2,9,0,1,0,1,0,4,0,0,2,1,6,3,-1,1896,2,10,-1,-1
201301YE80037,1,9,0,7,0,1,0,0,0,0,2,1,6,1,7,1497,8,6,2,1
201301YE80037,2,9,0,7,0,1,0,0,0,0,1,1,6,2,4,-1,-1,-1,8,1
201301YE80038,1,9,0,4,0,1,0,0,0,0,2,1,2,2,5,1596,1,6,8,1
201301YE80038,2,19,0,18,0,1,0,0,0,0,1,1,6,1,-1,2151,2,10,-1,-1
201301YE80039,1,9,0,15,2,0,0,0,0,0,3,1,6,1,7,2720,2,6,5,1
201301YE80040,1,9,0,5,0,8,0,0,0,0,1,1,6,1,8,1240,1,8,4,1
201301YE80040,2,9,0,18,0,8,0,0,0,0,3,1,6,2,11,1590,1,12,7,1
201301YE80042,1,9,0,2,0,8,0,0,0,0,2,1,6,1,6,1995,1,3,9,1
201301YE80042,2,9,0,1,0,8,0,4,0,0,2,1,6,2,-1,1984,1,2,-1,-1
201301YE80043,1,9,0,3,0,0,0,0,0,0,2,1,2,1,10,1299,1,8,2,1
201301YE80043,2,9,0,3,0,0,0,0,0,0,2,1,6,2,7,1796,1,7,3,1
201301YE80043,3,9,0,3,0,0,0,0,0,0,2,1,6,1,8,1997,1,14,2,1
201301YE80043,4,9,0,18,0,0,0,0,0,0,1,1,1,1,6,-1,-1,-1,2,1
201301YE80045,1,9,0,18,0,2,0,0,0,0,3,1,6,1,-1,-1,-1,-1,7,1
201301YE80046,1,8,0,18,0,2,0,0,0,0,2,1,3,1,7,1910,2,6,9,1
201301YE80046,2,9,0,18,0,2,0,0,0,0,1,1,6,2,-1,1686,2,3,-1,-1
201301YE80047,1,9,0,12,0,0,1,0,1,4,3,1,6,2,7,1248,2,8,3,1
201301YE80047,2,20,0,18,0,0,0,0,0,0,4,1,6,3,-1,-1,-1,-1,-1,-1
201301YE80048,1,9,0,9,0,5,0,0,0,0,1,1,6,2,6,2967,2,7,3,1
201301YE80050,1,9,0,18,0,0,0,4,0,0,1,1,6,1,11,1870,2,9,8,1
201301YE80050,2,9,0,2,9,0,0,0,0,0,4,1,6,2,-1,1598,1,16,5,1
201301YE80051,1,9,0,18,0,8,0,0,0,0,4,1,6,2,6,2198,1,10,-1,-1
201301YE80051,2,9,0,1,0,8,0,0,0,0,3,1,6,2,-1,1299,1,12,-1,-1
201301YE80052,1,8,0,18,0,0,5,7,1,0,4,1,1,1,9,-1,-1,-1,3,1
201301YE80055,1,11,0,4,0,1,0,0,0,0,0,1,1,1,7,6700,2,1,-1,-1
201301YE80056,1,9,0,4,0,2,0,0,0,0,2,1,6,1,8,-1,-1,-1,2,1
201301YE80056,2,19,0,18,0,2,0,0,0,0,1,1,6,1,-1,-1,-1,-1,-1,-1
201301YE80057,1,9,0,9,0,6,0,0,0,0,3,1,6,2,5,1242,1,11,6,1
201301YE80057,2,1,0,14,0,8,0,0,0,0,1,1,6,1,7,-1,-1,-1,7,1
201301YE80058,1,3,0,15,0,8,0,0,0,0,1,1,6,1,7,125,1,9,-1,-1
201301YE80058,2,9,0,3,0,8,0,0,0,0,2,1,6,1,6,1896,2,13,6,1
201301YE80059,1,9,0,18,0,8,0,0,0,0,1,1,6,3,-1,1390,1,16,-1,-1
201301YE80060,1,19,0,9,0,8,0,0,0,0,1,1,6,1,-1,1686,2,10,-1,-1
201301YE80061,1,9,5,9,0,5,0,0,0,0,0,1,6,1,9,1388,1,9,4,1
201301YE80061,2,19,5,9,0,5,0,0,0,0,4,1,6,1,10,-1,-1,-1,4,1
201301YE80061,3,90,0,9,0,6,0,0,0,0,3,1,1,1,8,2299,2,2,2,1
201301YE80062,1,9,0,9,0,8,0,0,4,6,4,1,6,1,4,1242,1,13,-1,-1
201301YE80062,2,9,0,18,0,8,0,0,0,0,1,1,6,1,6,-1,-1,-1,-1,-1
201301YE80063,1,5,0,18,0,8,0,0,0,0,3,1,6,1,6,748,1,16,3,1
201301YE80063,2,9,0,11,0,8,0,0,0,0,4,1,6,1,7,998,1,7,3,1
201301YE80063,3,9,0,18,0,8,0,0,0,0,0,1,1,1,7,1910,2,6,4,1
201301YE80064,1,9,0,3,0,2,0,0,0,0,2,1,6,2,9,1364,1,3,8,1
201301YE80064,2,9,0,3,0,2,0,0,0,0,2,1,6,2,8,1699,2,16,3,1