Accident_Index,Vehicle_Reference,Vehicle_Type,Towing_and_Articulation,Vehicle_Manoeuvre,Vehicle_Location-Restricted_Lane,Junction_Location,Skidding_and_Overturning,Hit_Object_in_Carriageway,Vehicle_Leaving_Carriageway,Hit_Object_off_Carriageway,1st_Point_of_Impact,Was_Vehicle_Left_Hand_Drive?,Journey_Purpose_of_Driver,Sex_of_Driver,Age_Band_of_Driver,Engine_Capacity_(CC),Propulsion_Code,Age_of_Vehicle,Driver_IMD_Decile,Driver_Home_Area_Type
201301YE80064,3,9,0,18,0,2,0,0,0,0,1,1,6,1,5,1598,1,6,8,1
201301YE80066,1,9,0,6,0,8,0,0,0,0,3,1,6,2,4,1242,1,11,5,1
201301YE80066,2,5,0,18,0,8,0,0,0,0,1,1,6,1,10,599,1,3,-1,-1
201301YE80068,1,9,0,18,0,8,0,0,0,0,3,1,2,2,7,1597,1,17,3,1
201301YE80068,2,21,0,11,0,8,0,0,0,0,4,1,1,1,9,12777,2,6,-1,-1
201301YE80069,1,9,0,4,0,1,0,0,4,1,2,1,2,2,6,1995,1,6,3,1
201301YE80069,2,9,0,18,0,1,0,0,0,0,1,1,2,2,9,1781,1,13,10,1
201301YE80072,1,9,0,18,0,0,0,0,0,0,1,1,6,2,7,-1,-1,-1,-1,-1
201301YE80073,1,9,0,4,0,0,0,0,0,0,2,1,6,1,6,2180,2,17,-1,-1
201301YE80073,2,19,0,18,0,0,1,0,0,0,1,1,1,1,6,1560,2,3,2,1
201301YE80073,3,9,0,18,0,0,0,0,0,0,1,1,6,2,5,1390,1,10,3,1
201301YE80074,1,19,0,7,0,2,0,0,0,0,4,1,1,1,7,2143,2,2,2,1
201301YE80074,2,3,0,7,0,2,0,0,0,0,3,1,2,1,5,125,1,1,4,1
201301YE80075,1,9,0,17,0,8,0,0,0,0,1,1,6,1,6,1398,2,7,6,1
201301YE80075,2,9,0,9,0,8,1,10,8,1,4,1,6,1,7,1896,2,11,2,1
201301YE80076,1,9,0,9,0,8,0,0,0,0,3,1,6,2,4,1198,1,11,-1,-1
201301YE80076,2,9,0,18,0,8,0,0,0,0,1,1,6,2,4,1242,1,1,1,1
201301YE80077,1,9,0,14,0,0,0,0,0,0,1,1,6,2,6,1395,1,9,1,1
201301YE80078,1,19,0,9,0,1,0,0,0,0,1,1,1,1,9,2461,2,9,10,1
201301YE80078,2,3,0,18,0,1,1,0,0,0,1,1,2,1,5,-1,-1,-1,4,3
201301YE80080,1,9,0,2,0,0,0,0,0,0,3,1,6,2,10,-1,-1,-1,-1,-1
201301YE80080,2,1,0,18,0,0,0,8,0,0,1,1,6,1,9,-1,-1,-1,6,1
201301YE80081,1,5,0,12,0,2,1,0,0,0,3,1,6,1,7,1063,1,19,3,1
201301YE80081,2,9,0,18,0,2,0,0,0,0,4,1,6,3,-1,2184,2,4,-1,-1
201301YE80082,1,9,0,18,0,0,1,0,0,0,0,1,6,2,8,1124,1,5,4,1
201301YE80082,2,19,0,11,0,0,0,0,0,0,0,1,6,3,-1,-1,-1,-1,-1,-1
201301YE80083,1,9,0,18,0,1,0,0,0,0,1,1,6,2,7,1596,1,8,2,1
201301YE80083,2,9,0,9,0,6,0,0,0,0,3,1,6,1,8,1248,2,2,1,1
201301YE80084,1,5,0,18,0,1,2,0,0,0,3,1,1,1,9,773,1,1,8,1
201301YE80084,2,9,0,9,0,6,0,0,0,0,0,1,3,2,-1,1596,1,9,1,1
201301YE80086,1,5,0,18,0,1,0,0,1,2,3,1,6,1,6,599,1,7,2,1
201301YE80087,1,9,0,18,0,0,0,0,0,0,1,1,6,2,5,1984,1,10,8,1
201301YE80087,2,9,0,4,0,0,0,0,0,0,2,1,6,1,7,2987,2,6,3,1
201301YE80088,1,5,0,18,0,0,0,0,0,0,1,1,2,1,8,1100,1,15,3,1
201301YE80088,2,9,0,6,0,0,0,0,0,0,4,1,6,2,6,1197,1,1,6,1
201301YE80089,1,9,0,10,0,5,0,0,0,0,4,1,2,2,9,1390,1,6,5,1
201301YE80089,2,3,0,18,0,1,0,0,0,0,1,1,6,1,5,124,1,5,4,1
201301YE80090,1,9,0,18,0,2,0,0,0,0,4,1,1,1,5,1596,1,1,7,1
201301YE80090,2,2,0,18,0,2,0,0,0,0,4,1,1,1,6,125,1,5,-1,-1
201301YE80090,3,9,0,10,0,6,0,0,0,0,1,1,6,3,-1,-1,-1,-1,-1,-1
201301YE80091,1,4,0,18,0,1,0,0,0,0,3,1,6,1,8,124,1,9,6,1
201301YE80092,1,9,0,4,0,1,0,0,0,0,2,1,6,1,7,1769,1,10,2,1
201301YE80092,2,2,0,9,0,2,0,0,0,0,1,1,1,1,7,109,1,-1,4,1
201301YE80093,1,8,0,18,0,0,0,0,0,0,3,1,1,1,7,1896,2,8,1,1
201301YE80094,1,9,0,18,0,0,0,4,0,0,1,1,6,1,8,2148,2,9,6,1
201301YE80094,2,9,0,2,0,0,0,0,0,0,3,1,6,3,-1,1124,1,8,-1,-1
201301YE80094,3,9,0,2,0,0,0,0,0,0,4,1,6,3,-1,1398,1,1,-1,-1
201301YE80094,4,9,0,2,0,0,0,0,0,0,3,1,6,3,-1,1796,1,14,-1,-1
201301YE80094,5,9,0,2,0,0,0,0,0,0,2,1,6,3,-1,1242,1,2,-1,-1
201301YE80095,1,9,0,5,0,0,0,10,0,0,1,1,6,2,8,1498,1,8,4,1
201301YE80095,2,9,0,5,0,0,0,0,0,0,4,1,6,1,4,1598,1,4,9,1
201301YE80095,3,9,0,18,0,0,0,0,0,0,1,1,6,1,8,-1,-1,-1,2,1
201301YE80096,1,9,0,7,0,6,0,0,0,0,2,1,6,1,6,1685,2,1,8,1
201301YE80096,2,9,0,18,0,1,0,0,0,0,0,1,6,2,-1,1895,1,14,-1,-1
201301YE80099,1,9,0,9,0,8,0,0,0,0,3,1,6,1,5,1596,1,8,3,1
201301YE80099,2,9,0,18,0,8,0,0,0,0,1,1,6,1,9,1596,1,12,-1,-1
201301YE80100,1,9,0,18,0,2,0,0,0,0,4,1,6,2,5,1199,1,10,2,1
201301YE80100,2,9,0,2,0,2,0,0,0,0,3,1,6,1,-1,-1,-1,-1,-1,-1
201301YE80100,3,9,0,2,0,2,0,0,0,0,3,1,6,3,-1,-1,-1,-1,-1,-1
201301YE80101,1,9,0,12,0,0,0,0,0,0,1,1,1,2,5,1360,1,13,3,1
201301YE80101,2,9,0,12,0,0,0,0,0,0,2,1,1,2,7,1870,2,10,2,1
201301YE80102,1,11,0,7,0,1,0,0,0,0,2,1,1,1,6,4500,2,1,5,1
201301YE80102,2,9,0,18,0,1,0,0,0,0,1,1,6,3,-1,-1,-1,-1,-1,-1
201301YE80103,1,9,0,18,0,0,0,10,5,6,2,1,6,2,7,1598,1,11,3,1
201301YE80103,2,21,0,13,0,0,0,0,0,0,1,1,6,3,-1,12900,2,3,-1,-1
201301YE80104,1,9,0,18,0,0,0,0,0,0,2,1,1,1,9,-1,-1,-1,10,1
201301YE80104,2,19,0,18,0,0,0,0,0,0,1,1,1,1,6,2151,2,12,5,1
201301YE80104,3,9,0,18,0,0,0,0,0,0,1,1,6,2,6,1598,1,5,-1,-1
201301YE80104,4,9,0,18,0,0,0,0,0,0,1,1,6,1,7,998,1,-1,-1,-1
201301YE80105,1,9,0,5,0,1,0,0,0,0,1,1,6,1,8,1388,1,6,8,1
201301YE80105,2,3,0,18,0,8,0,0,0,0,4,1,6,1,5,125,1,3,-1,-1
201301YE80106,1,9,0,3,0,1,0,0,0,0,2,1,6,2,6,2295,1,12,3,1
201301YE80106,2,9,0,16,0,1,0,0,0,0,1,1,6,1,5,1796,1,12,1,1
201301YE80107,1,1,0,18,0,8,0,0,0,0,4,1,6,1,8,-1,-1,-1,4,1
201301YE80107,2,9,0,7,0,8,0,0,0,0,1,1,6,2,-1,1686,2,7,-1,-1
201301YE80108,1,11,0,4,0,1,0,0,0,0,0,1,1,1,-1,9200,2,11,-1,-1
201301YE80109,1,9,0,9,0,5,0,0,0,0,4,1,6,2,5,1388,1,9,2,1
201301YE80110,1,9,0,4,0,0,0,0,0,0,1,1,6,2,7,-1,-1,-1,1,1
201301YE80110,2,19,0,3,0,0,0,0,0,0,2,1,6,3,-1,-1,-1,-1,-1,-1
201301YE80111,1,9,0,3,0,1,0,0,0,0,2,1,6,1,8,1997,2,11,3,1
201301YE80111,2,9,0,18,0,1,1,0,0,0,1,1,6,2,6,1493,1,17,5,1
201301YE80112,1,9,0,18,0,8,0,0,0,0,3,1,6,1,7,1590,1,15,1,1
201301YE80113,1,4,0,18,0,1,1,10,3,1,1,1,6,1,6,1084,1,12,5,1
201301YE80113,2,5,0,18,0,1,1,0,0,0,0,1,6,1,5,599,1,12,4,1
201301YE80114,1,9,0,3,0,2,0,0,0,0,2,1,6,1,6,-1,-1,-1,5,1
201301YE80114,2,11,0,7,0,2,0,0,0,0,1,1,6,3,-1,4500,2,2,-1,-1
201301YE80117,1,9,0,5,0,6,0,0,0,0,3,1,2,1,4,1598,1,7,8,1
201301YE80117,2,19,0,4,0,8,0,0,0,0,1,1,1,1,6,2151,2,10,8,1
201301YE80118,1,9,0,6,0,1,0,0,0,0,3,1,6,2,6,1796,1,6,9,1
201301YE80118,2,5,0,9,0,2,0,0,0,0,1,1,6,1,6,124,1,10,-1,-1
201301YE80119,1,9,0,9,0,8,0,0,0,0,1,1,3,2,7,1598,1,13,2,1
201301YE80119,2,9,0,17,0,8,0,0,0,0,4,1,1,1,8,1896,2,10,8,1
201301YE80120,1,9,0,18,0,1,0,0,0,0,1,1,6,1,6,1360,1,12,-1,-1
201301YE80121,1,2,0,14,0,8,0,0,0,0,1,1,1,1,5,49,1,6,1,1
201301YE80121,2,9,0,9,0,8,0,0,0,0,3,1,6,1,5,1781,1,13,5,1
201301YE80122,1,9,0,18,0,8,0,0,0,0,3,1,2,2,7,1588,1,11,3,1
201301YE80122,2,9,0,9,0,8,0,0,0,0,1,1,6,1,6,1598,1,12,3,1
201301YE80123,1,9,0,18,0,0,0,0,0,0,4,1,2,1,7,1910,2,6,4,1
201301YE80124,1,9,0,18,0,8,0,0,0,0,1,1,6,1,7,2993,2,7,8,1
201301YE80124,2,9,0,9,0,8,0,0,0,0,1,1,6,2,5,1870,2,9,-1,-1
201301YE80124,3,9,0,18,0,8,0,0,0,0,1,1,1,1,-1,-1,-1,-1,-1,-1
201301YE80125,1,9,0,11,0,1,0,0,0,0,4,1,6,2,7,1397,1,6,10,1
201301YE80125,2,3,0,18,0,1,0,0,0,0,3,1,6,1,5,124,1,4,8,1
201301YE80126,1,9,0,18,0,0,0,4,0,0,1,1,6,1,8,2148,2,9,5,1
201301YE80126,2,9,0,2,0,0,0,0,0,0,2,1,6,1,8,-1,-1,-1,-1,-1
201301YE80127,1,19,0,18,0,1,0,0,0,0,4,1,1,1,8,-1,-1,-1,3,1
201301YE80128,1,9,0,18,0,8,0,0,0,0,4,1,6,1,8,1998,1,9,6,1
201301YE80128,2,9,0,7,0,8,0,0,0,0,1,1,6,2,-1,1390,1,5,-1,-1
201301YE80129,1,11,0,5,0,0,0,0,0,0,0,1,1,1,8,4500,2,5,2,1
201301YE80130,1,9,0,5,0,0,0,0,0,0,1,1,3,2,6,1595,1,12,4,1
201301YE80131,1,9,0,4,0,1,0,0,0,0,1,1,6,1,8,-1,-1,-1,1,1
201301YE80131,2,9,0,4,0,1,0,0,0,0,2,1,6,1,6,1796,1,8,2,1
201301YE80131,3,9,0,4,0,1,0,0,0,0,2,1,6,2,7,1596,1,12,7,1
201301YE80133,1,11,0,4,0,1,0,0,0,0,0,1,1,1,8,6700,2,5,2,1
201301YE80134,1,19,0,3,0,1,0,0,0,0,2,1,1,1,5,1996,2,2,10,1
201301YE80134,2,9,0,4,0,1,0,0,0,0,1,1,6,1,-1,1386,1,10,-1,-1
201301YE80135,1,9,0,18,0,2,1,0,0,0,1,1,6,1,8,-1,-1,-1,9,1
201301YE80136,1,3,0,18,2,8,0,0,0,0,4,1,2,1,4,-1,-1,-1,1,1
201301YE80136,2,9,0,5,0,6,0,0,0,0,1,1,6,3,-1,-1,-1,-1,-1,-1
201301YE80137,1,9,0,5,0,1,0,0,0,0,4,1,6,1,7,1796,1,13,3,1
201301YE80137,2,9,0,18,0,8,0,0,0,0,1,1,6,2,7,2171,1,11,2,1
201301YE80138,1,9,0,7,0,2,0,0,0,0,1,1,6,1,-1,-1,-1,-1,-1,-1
201301YE80139,1,9,0,18,0,1,0,0,0,0,1,1,6,2,8,-1,-1,-1,2,1
201301YE80139,2,9,0,18,0,8,0,0,0,0,4,1,6,1,9,1398,1,1,9,1
201301YE80140,1,9,0,18,0,8,0,0,0,0,1,1,6,1,5,2494,1,12,4,1
201301YE80140,2,9,0,4,0,8,0,0,0,0,2,1,6,1,6,1781,1,20,2,1
201301YE80141,1,9,0,18,0,0,0,0,0,0,2,1,6,1,4,1198,1,2,2,1
201301YE80141,2,9,0,18,0,0,0,0,0,0,2,1,6,1,9,1360,1,4,3,1
201301YE80141,3,9,0,18,0,0,0,0,0,0,1,1,6,1,8,-1,-1,-1,9,1
201301YE80142,1,9,0,4,0,0,0,0,0,0,1,1,1,1,7,2143,2,2,6,1
201301YE80142,2,9,0,3,0,0,0,0,0,0,2,1,2,1,6,-1,-1,-1,4,1
201301YE80142,3,9,0,3,0,0,0,0,0,0,2,1,2,1,8,1997,2,4,2,1
201301YE80143,1,9,0,18,0,1,0,0,0,0,4,1,6,1,7,1389,1,12,2,1
201301YE80145,1,9,0,4,0,1,0,0,0,0,1,1,6,2,-1,2401,2,9,-1,-1
201301YE80145,2,9,0,3,0,1,0,0,0,0,2,1,6,1,7,1242,1,11,8,1
201301YE80146,1,8,0,18,0,0,1,10,0,0,4,1,1,1,-1,1896,2,7,-1,-1
201301YE80147,1,19,0,6,0,0,0,0,0,0,2,1,3,1,-1,1753,2,13,-1,-1
201301YE80148,1,9,0,18,0,0,0,0,0,0,2,1,6,2,5,1200,1,-1,6,1
201301YE80148,2,9,0,12,0,0,0,0,0,0,1,1,6,1,-1,1998,1,-1,-1,-1
201301YE80149,1,11,0,4,0,1,0,0,0,0,0,1,1,1,8,7300,2,10,2,1
201301YE80150,1,9,0,3,0,1,0,0,0,0,2,1,6,2,6,1364,2,10,3,1
201301YE80150,2,9,0,3,0,1,0,0,0,0,2,1,6,1,7,3301,1,15,4,1
201301YE80150,3,9,0,4,0,1,0,0,0,0,1,1,6,1,-1,4600,1,11,7,1
201301YE80151,1,9,0,18,0,0,0,0,0,0,1,1,6,2,7,1390,1,11,2,1
201301YE80152,1,2,0,15,0,1,0,0,0,0,3,1,6,1,6,49,1,6,1,1
201301YE80152,2,9,0,7,0,1,0,0,0,0,4,1,6,2,6,-1,-1,-1,6,1
201301YE80153,1,9,0,18,0,2,0,0,0,0,4,1,3,2,5,1388,1,9,1,1
201301YE80155,1,9,0,18,0,8,0,0,0,0,3,1,6,2,7,1390,1,13,2,1
201301YE80155,2,9,0,9,0,8,0,0,0,0,1,1,6,3,-1,1198,1,11,-1,-1
201301YE80156,1,9,0,10,0,1,0,0,0,0,2,1,6,1,8,2688,2,12,9,1
201301YE80156,2,9,0,3,0,1,0,0,0,0,2,1,6,2,7,1598,1,1,5,1
201301YE80156,3,9,0,4,0,1,0,0,0,0,1,1,6,1,5,1895,1,13,6,1
201301YE80158,1,9,0,4,0,1,0,0,0,0,2,1,6,1,6,1598,1,8,2,1
201301YE80158,2,9,0,18,0,1,0,0,0,0,1,1,2,1,7,2500,1,14,4,1
201301YE80159,1,5,0,18,0,0,0,0,7,7,1,1,2,1,7,998,1,2,-1,-1
201301YE80159,2,9,0,6,0,0,0,0,0,0,3,1,6,3,-1,1396,1,1,-1,-1
201301YE80160,1,9,0,18,0,8,0,0,0,0,1,1,6,1,8,1587,1,11,3,1
201301YE80160,2,9,0,9,0,8,0,0,0,0,3,1,6,1,6,-1,-1,-1,2,1
201301YE80161,1,9,0,18,0,1,0,0,0,0,1,1,1,1,7,-1,-1,-1,-1,-1
201301YE80161,2,9,0,9,0,2,0,0,0,0,3,1,6,2,7,1597,1,19,7,1
201301YE80162,1,11,0,4,0,2,0,0,0,0,0,1,1,1,9,6700,2,5,3,1
201301YE80163,1,9,0,9,0,8,0,0,0,0,4,1,6,1,7,1124,1,10,3,1
201301YE80163,2,9,0,18,0,8,0,0,0,0,1,1,6,1,6,1389,1,15,2,1
201301YE80164,1,9,0,18,0,8,0,0,0,0,1,1,6,3,-1,-1,-1,-1,-1,-1
201301YE80166,1,9,0,4,0,2,0,0,0,0,2,1,1,2,6,1896,2,11,3,1
201301YE80166,2,9,0,18,0,2,0,0,0,0,1,1,6,2,-1,1596,1,8,-1,-1
201301YE80167,1,9,0,9,0,5,0,10,7,0,4,1,6,1,9,-1,-1,-1,2,1
201301YE80167,2,9,0,4,0,8,1,0,0,0,1,1,6,1,5,1198,1,11,2,1
201301YE80168,1,11,0,4,0,8,0,0,0,0,0,1,1,1,8,6692,2,2,3,1
201301YE80169,1,9,0,5,0,6,0,0,0,0,1,1,2,2,8,1598,1,3,-1,-1
201301YE80169,2,3,0,14,0,8,0,0,0,0,4,1,1,1,4,124,1,1,2,1
201301YE80170,1,9,0,2,0,0,0,0,0,0,3,1,1,1,6,-1,-1,-1,-1,-1
201301YE80170,2,90,0,18,0,0,0,0,0,0,1,1,6,1,7,-1,-1,-1,-1,-1
201301YE80171,1,21,1,18,0,8,0,0,0,0,4,2,6,1,6,-1,-1,-1,-1,-1
201301YE80171,2,9,0,9,0,8,0,0,1,10,1,1,6,2,8,-1,-1,-1,9,1
201301YE80172,1,8,0,18,0,0,0,0,0,0,3,1,6,1,7,1995,2,9,5,1
201301YE80172,2,9,0,11,0,0,0,0,0,0,4,1,6,2,-1,-1,-1,-1,-1,-1
201301YE80173,1,9,0,18,0,0,0,0,1,7,4,1,6,2,6,1360,1,11,4,1
201301YE80173,2,9,0,11,0,0,0,0,0,0,0,1,6,2,-1,1299,1,9,3,1
201301YE80174,1,9,0,18,0,0,0,10,1,1,2,1,6,2,5,1679,1,12,8,1
201301YE80176,1,9,0,14,0,0,0,0,0,0,4,1,2,1,5,1242,1,10,7,1
201301YE80177,1,9,0,5,0,2,0,0,0,0,1,1,6,2,-1,1598,1,15,-1,-1
201301YE80179,1,9,0,18,0,8,0,0,0,0,1,1,6,2,6,2494,1,10,-1,-1
201301YE80179,2,9,0,9,0,8,0,0,0,0,1,1,6,1,4,-1,-1,-1,9,3
201301YE80180,1,9,0,18,0,1,1,10,1,2,4,1,6,1,6,-1,-1,-1,3,1
201301YE80181,1,9,0,18,0,0,0,4,0,0,2,1,6,1,6,1242,1,16,1,1
201301YE80181,2,9,0,15,0,0,1,0,0,0,1,1,6,1,5,1598,1,9,-1,-1
201301YE80181,3,9,0,2,0,0,0,0,0,0,2,1,6,1,6,1390,1,12,6,1
201301YE80181,4,9,0,2,0,0,0,0,0,0,4,1,6,2,9,1600,1,7,4,1
201301YE80181,5,9,0,2,0,0,0,0,0,0,2,1,6,1,9,1598,1,22,4,1
201301YE80182,1,9,0,18,0,3,0,0,1,10,4,1,6,2,6,1598,1,8,6,1
201301YE80182,2,9,0,18,0,1,0,0,0,0,1,1,6,2,6,1910,2,6,1,1
201301YE80183,1,9,0,5,0,1,0,0,0,0,1,1,6,2,6,2993,2,1,9,1
201301YE80183,2,9,0,3,0,1,0,0,0,0,4,1,1,1,7,799,2,3,10,1
201301YE80184,1,19,0,18,0,5,0,0,0,0,1,1,6,3,-1,-1,-1,-1,-1,-1
201301YE80184,2,9,0,4,0,3,0,0,0,0,1,1,6,1,10,1596,1,3,5,1
201301YE80184,3,9,0,4,0,3,0,0,0,0,2,1,6,2,-1,1242,1,7,10,2
201301YE80185,1,9,0,9,0,8,0,0,0,0,2,1,6,2,5,1299,1,9,5,1
201301YE80185,2,8,0,18,0,8,0,0,0,0,1,1,6,1,-1,-1,-1,-1,-1,-1
201301YE80186,1,19,0,9,0,6,0,0,0,0,1,1,2,1,6,1686,2,10,5,1
201301YE80187,1,9,0,18,0,8,0,0,0,0,4,1,6,1,5,1995,2,6,8,1
201301YE80187,2,9,0,18,0,8,0,0,0,0,1,1,6,2,5,1560,2,-1,-1,-1
201301YE80188,1,9,0,4,0,0,0,0,0,0,1,1,2,1,6,1998,1,23,3,1
201301YE80188,2,9,0,4,0,0,0,0,0,0,2,1,6,1,10,-1,-1,-1,4,1
201301YE80188,3,9,0,4,0,0,0,0,0,0,2,1,6,1,-1,2967,2,7,7,2
201301YE80189,1,1,0,11,0,1,1,0,0,0,4,1,2,1,5,-1,-1,-1,1,1
201301YE80189,2,11,0,18,0,1,0,0,0,0,1,1,1,1,-1,-1,-1,-1,-1,-1
201301YE80190,1,9,0,3,0,0,0,0,0,0,2,1,6,2,6,2143,2,4,5,1
201301YE80190,2,9,0,4,0,0,0,0,0,0,1,1,6,1,-1,1796,1,10,-1,-1
201301YE80191,1,9,0,6,0,0,0,0,0,0,3,1,6,1,8,2497,2,16,3,3
201301YE80191,2,9,0,18,0,0,0,0,0,0,4,1,2,1,8,2979,1,10,1,1
201301YE80192,1,9,0,18,0,0,0,0,0,0,4,1,6,1,7,1896,2,13,4,1
201301YE80194,1,9,0,14,0,0,0,0,0,0,4,1,1,2,10,1497,1,13,5,1
201301YE80196,1,9,0,18,0,0,0,0,0,0,4,1,6,2,11,1591,1,5,4,1
201301YE80198,1,9,0,3,0,1,0,0,0,0,2,1,6,2,9,1998,1,9,4,1
201301YE80198,2,9,0,18,0,1,0,0,0,0,1,1,6,1,-1,-1,-1,-1,-1,-1
201301YE80199,1,9,0,9,0,8,0,0,0,0,4,1,6,2,-1,1587,1,7,2,1
201301YE80199,2,19,0,18,0,8,0,0,0,0,1,1,1,1,7,1998,2,9,7,1
201301YE80201,1,9,0,18,0,1,0,0,0,0,1,1,2,2,6,-1,-1,-1,3,1
201301YE80202,1,9,0,5,0,1,0,0,0,0,1,1,6,2,5,-1,-1,-1,7,1
201301YE80202,2,9,0,3,0,1,0,0,0,0,2,1,2,2,6,1422,2,5,5,1
201301YE80204,1,9,0,3,0,1,0,0,0,0,2,1,6,2,6,-1,-1,-1,3,1
201301YE80204,2,9,0,4,0,1,0,0,0,0,1,1,6,1,-1,-1,-1,-1,-1,-1
201301YE80205,1,9,0,18,0,0,0,0,0,0,3,1,1,1,6,2000,2,4,1,1
201301YE80205,2,4,0,13,0,0,0,0,0,0,4,1,1,1,7,125,1,1,1,1
201301YE80206,1,9,0,18,0,2,0,0,0,0,1,1,6,1,6,1796,1,8,2,1
201301YE80206,2,9,0,18,0,1,0,0,0,0,1,1,6,1,8,1399,2,2,5,1
201301YE80207,1,9,0,18,0,6,0,0,0,0,3,1,6,2,7,1298,1,12,-1,-1
201301YE80207,2,9,0,18,0,8,0,0,0,0,1,1,6,2,8,973,1,13,1,1
201301YE80209,1,9,0,18,0,8,0,0,0,0,4,1,6,1,6,-1,-1,-1,8,1
201301YE80209,2,9,0,18,0,8,0,0,0,0,1,1,6,1,-1,2497,1,9,3,1
201301YE80211,1,9,0,18,0,0,0,0,0,0,1,1,6,1,5,1149,1,3,3,1
201301YE80211,2,9,0,18,0,0,0,0,0,0,2,1,6,3,-1,-1,-1,-1,-1,-1
201301YE80212,1,9,0,18,0,1,0,0,0,0,1,1,6,1,8,1399,2,7,-1,-1
201301YE80212,2,9,0,18,0,1,0,0,0,0,1,1,6,1,4,-1,-1,-1,7,1
201301YE80213,1,19,0,18,0,0,0,0,0,0,0,1,1,1,7,-1,-1,-1,-1,-1
201301YE80214,1,19,0,18,0,1,0,0,0,0,1,1,6,3,-1,-1,-1,-1,-1,-1
201301YE80215,1,9,0,18,0,8,0,7,0,0,1,1,6,1,8,1995,2,2,8,1
201301YE80216,1,9,0,18,0,8,0,0,0,0,1,1,1,1,8,1995,2,10,4,1
201301YE80216,2,1,0,9,0,8,0,0,0,0,1,1,1,2,5,-1,-1,-1,3,1
201301YE80217,1,19,0,18,0,1,2,0,1,2,4,1,6,1,7,2198,2,3,9,2
201301YE80217,2,9,0,9,0,1,0,0,0,0,1,1,6,1,11,998,1,2,5,1
201301YE80218,1,9,0,18,0,2,0,0,0,0,4,1,6,1,6,2494,1,19,6,1
201301YE80219,1,2,0,3,0,1,0,0,0,0,4,1,6,1,6,109,1,1,5,1
201301YE80219,2,9,0,4,0,1,0,0,0,0,1,1,6,1,-1,-1,-1,-1,-1,-1
201301YE80220,1,9,0,18,0,0,0,0,1,1,1,1,6,2,4,1198,1,4,7,3
201301YE80221,1,9,0,7,0,8,0,0,0,0,4,1,6,1,6,-1,-1,-1,-1,-1
201301YE80221,2,1,0,15,0,8,0,0,0,0,1,1,6,1,-1,-1,-1,-1,10,1
201301YE80222,1,9,0,15,0,1,0,0,0,0,4,1,6,1,-1,1587,1,11,-1,-1
201301YE80223,1,9,0,18,0,1,0,0,0,0,1,1,6,3,-1,-1,-1,-1,-1,-1
201301YE80223,2,9,0,18,0,1,0,0,0,0,0,1,6,1,7,-1,-1,-1,-1,-1
201301YE80223,3,9,0,18,0,1,0,0,4,6,2,1,6,1,6,1796,1,10,2,1
201301YE80223,4,9,0,18,0,1,0,0,0,0,2,1,6,3,6,1360,1,10,5,1
201301YE80223,5,19,0,6,0,8,0,0,0,0,1,1,6,1,-1,1968,2,3,-1,-1
201301YE80224,1,9,0,18,0,0,0,0,0,0,1,1,6,2,7,1896,2,10,3,1
201301YE80225,1,9,0,9,0,8,0,0,0,0,1,1,1,1,4,2148,2,4,8,1
201301YE80226,1,9,0,4,0,8,0,0,0,0,3,1,2,1,5,1149,1,2,-1,-1
201301YE80226,2,9,0,9,0,6,0,0,0,0,4,1,6,1,-1,1781,1,16,-1,-1
201301YE80227,1,9,0,18,0,8,0,0,0,0,3,1,6,1,5,1997,2,11,3,1
201301YE80227,2,9,0,18,0,8,0,4,0,0,3,1,6,1,9,-1,-1,-1,5,1
201301YE80227,3,9,0,1,0,5,0,0,0,0,0,1,6,1,7,2460,1,20,-1,-1
201301YE80227,4,19,0,2,0,8,0,0,0,0,3,1,6,3,-1,1753,2,18,-1,-1
201301YE80228,1,21,1,18,0,0,1,0,0,0,3,1,1,1,7,12900,2,4,9,1
201301YE80228,2,19,0,18,0,0,5,10,1,10,4,1,1,1,7,-1,-1,-1,4,1
201301YE80229,1,9,0,18,0,0,0,0,0,0,1,1,6,1,4,1242,1,13,3,1
201301YE80229,2,9,0,18,0,0,0,0,0,0,2,1,6,3,-1,-1,-1,-1,-1,-1
201301YE80230,1,9,0,3,0,1,0,0,0,0,1,1,1,1,6,998,1,12,3,1
201301YE80230,2,9,0,6,0,1,0,0,0,0,3,1,6,1,-1,2993,2,6,-1,-1
201301YE80231,1,9,0,7,0,2,1,10,1,10,1,1,6,1,10,-1,-1,-1,2,1
201301YE80232,1,9,0,18,0,0,0,10,1,10,3,1,6,1,5,-1,-1,-1,3,1
201301YE80232,2,9,0,18,0,0,0,0,0,0,3,1,6,3,-1,1796,1,11,-1,-1
201301YE80233,1,1,0,18,0,1,0,0,0,0,1,1,2,1,6,-1,-1,-1,2,1
201301YE80233,2,9,0,9,0,8,0,0,0,0,3,1,6,1,-1,998,1,4,-1,-1
201301YE80234,1,9,0,5,0,0,1,4,0,0,1,1,6,1,5,1242,1,10,3,1
201301YE80234,2,9,0,18,0,0,0,0,0,0,1,1,6,3,-1,-1,-1,-1,-1,-1
201301YE80234,3,9,0,2,0,0,0,0,0,0,2,1,6,3,-1,999,1,5,-1,-1
201301YE80235,1,1,0,8,0,1,0,0,0,0,4,1,6,1,8,-1,-1,-1,3,1
201301YE80235,2,9,0,1,0,6,0,0,0,0,2,1,1,1,-1,-1,-1,-1,3,1
201301YE80236,1,3,0,4,0,8,0,0,0,0,2,1,2,1,9,125,1,1,8,1
201301YE80236,2,9,0,18,0,8,0,0,0,0,1,1,6,1,-1,1299,1,12,-1,-1
201301YE80237,1,9,0,18,0,2,0,0,0,0,1,1,6,1,8,2698,2,8,8,1
201301YE80237,2,2,0,3,0,2,0,0,0,0,2,1,1,1,5,49,1,7,4,1