Accident_Index,Vehicle_Reference,Vehicle_Type,Towing_and_Articulation,Vehicle_Manoeuvre,Vehicle_Location-Restricted_Lane,Junction_Location,Skidding_and_Overturning,Hit_Object_in_Carriageway,Vehicle_Leaving_Carriageway,Hit_Object_off_Carriageway,1st_Point_of_Impact,Was_Vehicle_Left_Hand_Drive?,Journey_Purpose_of_Driver,Sex_of_Driver,Age_Band_of_Driver,Engine_Capacity_(CC),Propulsion_Code,Age_of_Vehicle,Driver_IMD_Decile,Driver_Home_Area_Type
201301YE80238,1,9,0,18,0,8,1,0,0,0,3,1,6,1,5,1596,1,9,3,1
201301YE80238,2,8,0,9,0,6,0,0,0,0,1,1,6,1,-1,1910,2,6,-1,-1
201301YE80239,1,9,0,13,0,0,0,0,0,0,4,1,6,2,-1,1896,2,3,-1,-1
201301YE80239,2,1,0,18,0,0,0,0,0,0,3,1,2,1,6,-1,-1,-1,1,1
201301YE80240,1,9,0,18,0,0,0,4,0,0,1,1,6,3,-1,-1,-1,-1,-1,-1
201301YE80241,1,11,0,5,0,0,0,0,0,0,0,1,1,1,8,7300,2,10,2,1
201301YE80242,1,9,0,9,0,8,5,0,0,0,3,1,6,1,6,1896,2,12,7,1
201301YE80242,2,9,0,18,0,8,0,0,0,0,1,1,6,2,7,1896,2,6,5,1
201301YE80243,1,9,0,7,0,8,0,0,0,0,2,1,6,1,9,2143,2,2,10,2
201301YE80243,2,9,0,7,0,8,0,0,0,0,1,1,6,1,-1,999,1,6,-1,-1
201301YE80245,1,9,0,18,0,1,0,0,0,0,1,1,6,1,7,1997,2,12,9,1
201301YE80246,1,9,0,18,0,1,0,0,0,0,1,1,6,1,-1,1998,1,15,2,1
201301YE80246,2,9,0,4,0,1,0,0,0,0,2,1,6,2,6,1587,1,11,7,2
201301YE80247,1,9,0,18,0,1,0,0,0,0,3,1,6,2,9,1796,2,-1,10,1
201301YE80247,2,9,0,11,0,1,0,0,0,0,4,1,6,1,6,1796,1,10,2,1
201301YE80249,1,9,0,18,0,2,0,0,0,0,4,1,6,3,-1,-1,-1,-1,-1,-1
201301YE80250,1,9,0,14,0,0,0,0,0,0,1,1,3,2,8,1399,1,4,4,1
201301YE80251,1,9,0,18,0,0,0,0,0,0,1,1,6,1,-1,-1,-1,-1,-1,-1
201301YE80252,1,9,0,4,0,1,0,0,0,0,2,1,6,1,6,1753,2,11,-1,-1
201301YE80252,2,9,0,4,0,1,0,0,0,0,1,1,6,1,7,1598,1,4,2,1
201301YE80253,1,9,0,3,0,1,0,0,0,0,2,1,6,2,6,1596,1,13,5,1
201301YE80253,2,9,0,3,0,1,0,0,0,0,2,1,6,2,-1,1242,1,3,-1,-1
201301YE80253,3,90,0,18,0,1,0,0,0,0,1,1,6,1,-1,-1,-1,-1,-1,-1
201301YE80254,1,9,0,18,0,0,0,0,0,0,1,1,6,1,7,2496,1,12,7,1
201301YE80254,2,20,0,18,0,0,0,0,0,0,2,1,6,1,-1,-1,-1,-1,-1,-1
201301YE80255,1,9,0,4,0,8,0,0,0,0,1,1,6,1,8,1998,1,18,3,1
201301YE80255,2,9,0,5,0,8,0,0,0,0,2,1,6,1,9,1910,2,5,8,1
201301YE80256,1,11,0,18,0,0,0,0,0,0,0,1,1,1,6,3900,2,8,3,1
201301YE80257,1,9,0,3,0,1,0,0,0,0,2,1,6,2,5,1242,1,6,4,1
201301YE80257,2,9,0,4,0,1,0,0,0,0,1,1,6,1,-1,-1,-1,-1,3,1
201301YE80258,1,9,0,3,0,2,0,0,0,0,2,1,6,2,9,1229,1,5,4,1
201301YE80258,2,9,0,18,0,2,0,0,0,0,1,1,6,1,-1,1900,2,15,5,1
201301YE80259,1,9,0,9,0,8,0,0,0,0,4,1,6,1,7,1422,2,8,2,1
201301YE80259,2,9,0,18,0,8,0,0,7,0,1,1,6,1,8,1896,2,16,1,1
201301YE80259,3,9,0,3,0,1,0,0,0,0,1,1,1,1,-1,-1,-1,-1,-1,-1
201301YE80260,1,9,0,3,0,0,0,0,0,0,2,1,6,1,7,1998,1,14,-1,-1
201301YE80260,2,9,0,4,0,0,0,0,0,0,1,1,1,1,6,-1,-1,-1,3,1
201301YE80261,1,8,0,3,0,2,0,0,0,0,2,1,1,1,8,1560,2,4,3,1
201301YE80261,2,9,0,18,0,2,0,0,0,0,1,1,6,1,-1,3222,2,8,-1,-1
201301YE80262,1,9,0,3,0,1,0,0,0,0,2,1,6,1,6,-1,-1,-1,1,1
201301YE80262,2,9,0,5,0,1,0,0,0,0,1,1,6,1,-1,2364,1,11,-1,-1
201301YE80263,1,2,0,18,0,7,0,0,0,0,1,1,6,1,4,49,1,1,4,1
201301YE80263,2,9,0,5,0,7,0,0,0,0,3,1,6,1,-1,-1,-1,-1,-1,-1
201301YE80264,1,9,0,18,0,0,0,0,0,0,1,1,6,1,5,1397,1,13,1,1
201301YE80264,2,9,0,18,0,0,0,0,0,0,1,1,6,1,5,1229,1,2,2,1
201301YE80266,1,9,0,7,0,8,0,0,0,0,2,1,6,2,8,1461,2,9,8,1
201301YE80266,2,9,0,7,0,8,0,0,0,0,1,1,6,1,8,2261,1,5,5,1
201301YE80267,1,9,0,18,0,1,0,0,0,0,3,1,6,1,10,1229,1,4,7,1
201301YE80268,1,9,0,3,0,0,0,0,0,0,2,1,6,1,8,1796,1,11,2,1
201301YE80268,2,9,0,18,0,0,0,0,0,0,1,1,6,2,6,1970,1,9,3,1
201301YE80269,1,9,0,18,0,0,0,0,0,0,4,1,6,1,7,1598,1,7,2,1
201301YE80269,2,9,0,3,0,0,0,0,0,0,3,1,6,1,7,1299,1,7,5,1
201301YE80270,1,21,0,5,0,8,0,0,0,0,1,1,1,1,8,-1,-1,-1,5,1
201301YE80270,2,9,0,5,0,8,0,0,0,0,3,1,2,2,7,1229,1,-1,4,1
201301YE80271,1,3,0,18,0,8,0,0,0,0,4,1,1,1,5,125,1,1,2,1
201301YE80271,2,9,0,9,0,8,0,0,0,0,1,1,6,1,8,1995,2,9,8,1
201301YE80272,1,9,0,18,0,8,0,0,0,0,2,1,6,1,6,1794,1,11,3,1
201301YE80272,2,9,0,18,0,8,0,0,0,0,2,1,6,2,6,1499,2,-1,2,1
201301YE80272,3,9,0,18,0,8,0,0,0,0,1,1,6,1,6,2967,2,5,3,1
201301YE80273,1,9,0,10,0,8,0,0,0,0,2,1,6,2,6,1560,2,3,8,1
201301YE80273,2,3,0,18,0,8,0,0,0,0,1,1,6,1,4,124,1,1,3,1
201301YE80275,1,9,0,18,0,0,0,0,0,0,1,1,6,2,6,1587,1,9,8,2
201301YE80275,2,9,0,3,0,0,0,0,0,0,2,1,6,1,9,-1,-1,-1,5,1
201301YE80275,3,9,0,3,0,0,0,0,0,0,2,1,6,1,8,-1,-1,-1,9,1
201301YE80276,1,9,0,4,0,1,0,0,0,0,1,1,6,1,-1,1339,1,11,-1,-1
201301YE80277,1,9,0,4,0,8,0,0,0,0,2,1,6,2,7,1242,1,2,2,1
201301YE80277,2,9,0,16,0,8,0,0,0,0,1,1,6,1,-1,1598,1,7,5,1
201301YE80278,1,9,0,4,0,2,0,0,0,0,1,1,2,1,7,1596,1,12,2,1
201301YE80280,1,9,0,14,0,0,0,0,0,0,1,1,6,2,7,1390,1,5,7,1
201301YE80281,1,9,0,18,0,0,0,0,0,0,1,1,6,1,8,1596,1,4,8,1
201301YE80282,1,9,0,18,0,1,0,0,0,0,1,1,6,1,8,1968,2,6,9,1
201301YE80284,1,9,0,18,0,0,0,0,0,0,3,1,6,2,5,1596,1,11,2,1
201301YE80284,2,5,0,12,0,0,0,0,0,0,3,1,6,1,5,-1,-1,-1,8,1
201301YE80286,1,90,0,18,0,0,0,4,0,0,1,1,1,1,8,-1,-1,-1,4,1
201301YE80287,1,9,0,10,0,1,0,0,0,0,2,1,6,2,8,1598,1,11,5,1
201301YE80287,2,9,0,4,0,1,0,0,0,0,2,1,6,1,4,1149,1,13,7,1
201301YE80287,3,9,0,18,0,1,0,0,0,0,1,1,6,3,-1,1388,1,10,-1,-1
201301YE80288,1,8,0,18,0,0,0,0,0,0,1,1,1,1,7,1968,2,3,1,1
201301YE80290,1,5,0,18,0,1,0,0,0,0,1,1,6,1,8,1050,1,1,6,1
201301YE80290,2,9,0,9,0,2,0,0,0,0,3,1,6,2,5,1198,1,5,5,1
201301YE80291,1,9,0,18,0,0,5,0,2,7,4,1,6,1,5,1900,2,8,8,3
201301YE80291,2,9,0,18,0,0,0,0,0,0,3,1,6,1,9,2993,2,2,-1,-1
201301YE80292,1,9,0,18,0,0,0,0,0,0,1,1,6,2,8,1197,1,1,9,1
201301YE80292,2,1,0,7,0,0,0,0,0,0,3,1,6,1,6,-1,-1,-1,-1,-1
201301YE80293,1,11,0,17,0,2,0,4,0,0,1,1,1,1,10,6700,2,5,-1,-1
201301YE80293,2,9,0,2,0,2,0,4,0,0,2,1,6,1,8,1896,2,11,4,1
201301YE80293,3,9,0,2,0,2,0,4,0,0,2,1,6,2,6,1242,1,2,10,1
201301YE80293,4,9,0,2,0,2,0,4,0,0,2,1,1,1,8,1988,1,13,3,1
201301YE80293,5,9,0,2,0,2,0,0,0,0,3,1,6,3,-1,-1,-1,-1,-1,-1
201301YE80293,6,9,0,2,0,2,0,0,0,0,2,1,6,3,-1,-1,-1,-1,10,1
201301YE80293,7,9,0,2,0,2,0,0,0,0,3,1,6,3,-1,2993,2,4,10,1
201301YE80293,8,9,0,2,0,2,0,0,0,0,1,1,6,1,-1,1797,8,4,9,1
201301YE80294,1,9,0,4,0,2,0,0,0,0,2,1,6,1,6,1461,2,4,4,1
201301YE80294,2,9,0,4,0,2,0,0,0,0,2,1,6,2,7,1596,1,6,6,1
201301YE80294,3,9,0,18,0,2,0,0,0,0,1,1,6,1,7,1998,1,9,1,1
201301YE80295,1,21,0,3,0,0,0,0,0,0,2,1,1,1,7,12900,2,5,9,3
201301YE80295,2,21,0,18,0,0,0,0,0,0,1,1,1,1,10,11705,2,4,1,1
201301YE80297,1,9,0,18,0,2,0,0,0,0,2,1,6,2,7,1299,1,13,1,1
201301YE80297,2,19,0,18,0,2,0,0,0,0,1,1,6,3,-1,6370,2,7,-1,-1
201301YE80298,1,9,0,17,0,0,0,10,1,10,4,1,2,2,5,998,1,5,5,1
201301YE80299,1,9,0,18,0,0,0,0,0,0,2,1,6,2,7,1339,1,7,3,1
201301YE80299,2,9,0,18,0,0,0,0,0,0,1,1,6,1,6,2184,2,8,2,1
201301YE80300,1,3,0,18,0,3,0,0,0,0,1,1,6,1,4,-1,-1,-1,2,1
201301YE80300,2,9,0,3,0,3,0,0,0,0,2,1,6,1,7,1896,2,3,3,1
201301YE80301,1,9,0,18,0,8,0,0,0,0,4,1,6,2,7,-1,-1,-1,3,1
201301YE80301,2,1,0,18,0,8,0,0,0,0,1,1,6,1,6,-1,-1,-1,3,1
201301YE80302,1,21,1,18,0,0,0,0,0,0,4,2,1,1,7,-1,-1,-1,-1,-1
201301YE80302,2,9,0,18,0,0,0,0,2,7,2,1,1,1,6,998,1,15,7,1
201301YE80304,1,9,0,18,0,1,0,0,0,0,4,1,6,2,5,1968,2,4,8,3
201301YE80304,2,9,0,9,0,1,0,0,0,0,1,1,6,3,-1,-1,-1,-1,-1,-1
201301YE80305,1,9,0,16,0,0,0,0,7,4,1,1,6,1,4,2151,2,12,-1,-1
201301YE80306,1,9,0,13,0,0,0,0,0,0,3,1,2,1,5,1149,1,8,-1,-1
201301YE80306,2,5,0,13,0,0,0,0,0,0,4,1,2,1,5,600,1,10,2,1
201301YE80307,1,9,0,4,0,0,0,0,0,0,2,1,6,1,7,1598,1,10,2,1
201301YE80307,2,9,0,18,0,0,0,0,0,0,1,1,6,1,9,1396,1,14,7,1
201301YE80309,1,9,0,1,0,8,0,4,0,0,2,1,1,1,6,1229,1,-1,2,1
201301YE80309,2,9,0,2,0,2,0,0,0,0,3,1,6,2,6,1390,1,12,3,1
201301YE80310,1,5,0,18,0,0,0,0,0,0,1,1,1,1,9,998,1,4,8,1
201301YE80311,1,9,0,3,0,1,0,0,0,0,2,1,6,2,9,1598,1,8,10,1
201301YE80311,2,9,0,3,0,1,0,0,0,0,2,1,6,1,9,1598,1,12,8,1
201301YE80311,3,9,0,18,0,1,0,0,0,0,1,1,6,3,-1,-1,-1,-1,-1,-1
201301YE80312,1,1,0,18,0,1,0,0,0,0,4,1,6,1,4,-1,-1,-1,2,1
201301YE80312,2,9,0,18,0,1,0,0,0,0,1,1,6,2,-1,-1,-1,-1,-1,-1
201301YE80313,1,9,0,18,0,0,0,4,0,0,1,1,6,1,8,1560,2,5,2,1
201301YE80314,1,9,0,14,0,1,0,0,0,0,1,1,2,1,7,1596,1,11,1,1
201301YE80315,1,9,0,18,0,0,5,4,7,0,1,1,6,1,7,1248,2,5,5,1
201301YE80315,2,9,0,2,0,0,0,0,0,0,2,1,6,2,8,1399,2,1,8,1
201301YE80315,3,9,0,18,0,0,0,0,0,0,1,1,6,1,8,2720,2,8,7,1
201301YE80317,1,9,0,18,0,0,0,0,0,0,3,1,2,2,9,2521,1,6,6,1
201301YE80318,1,9,0,4,0,0,0,0,0,0,2,1,6,2,6,1995,2,5,10,1
201301YE80318,2,9,0,18,0,0,0,0,0,0,1,1,6,3,-1,1388,1,6,-1,-1
201301YE80320,1,3,0,18,0,8,0,0,0,0,1,1,6,1,5,124,1,1,1,1
201301YE80320,2,19,0,5,0,1,0,0,0,0,3,1,6,1,7,1998,2,7,2,1
201301YE80322,1,9,0,16,0,8,0,0,0,0,1,1,6,2,5,1339,1,9,2,1
201301YE80322,2,9,0,11,0,8,0,0,0,0,2,1,6,1,-1,1988,1,12,-1,-1
201301YE80323,1,9,0,5,0,8,0,0,0,0,2,1,2,1,9,1995,1,11,5,1
201301YE80323,2,9,0,18,0,8,0,0,0,0,1,1,6,1,-1,-1,-1,-1,-1,-1
201301YE80324,1,4,0,13,0,1,0,0,0,0,1,1,1,1,8,487,1,5,7,1
201301YE80324,2,9,0,9,0,8,0,0,0,0,3,1,1,1,5,1250,1,13,5,1
201301YE80325,1,9,0,3,0,1,0,0,0,0,2,1,6,1,11,1299,1,13,4,1
201301YE80325,2,9,0,4,0,1,0,0,0,0,1,1,6,2,8,1461,2,7,3,1
201301YE80326,1,9,0,3,0,0,0,0,0,0,2,1,6,2,5,1198,1,2,3,1
201301YE80326,2,9,0,18,0,0,0,0,0,0,1,1,6,2,-1,1796,1,14,-1,-1
201301YE80327,1,9,0,18,0,0,0,0,0,0,4,1,6,2,8,1497,8,6,8,1
201301YE80328,1,9,0,9,0,8,0,0,0,0,1,1,6,2,-1,1596,1,8,7,3
201301YE80328,2,9,0,18,0,8,0,0,0,0,3,1,6,2,9,1598,1,7,8,1
201301YE80329,1,9,0,18,0,0,0,0,0,0,4,1,6,2,4,998,1,4,1,1
201301YE80330,1,9,0,18,0,0,0,0,0,0,1,1,6,1,10,1560,2,4,10,2
201301YE80331,1,11,0,3,0,1,0,0,0,0,0,1,1,1,8,8268,2,10,-1,-1
201301YE80333,1,9,0,18,0,8,0,0,0,0,3,1,6,1,6,1769,1,12,3,1
201301YE80333,2,9,0,9,0,8,0,0,0,0,1,1,6,2,6,1988,1,13,2,1
201301YE80334,1,9,0,5,0,0,0,0,0,0,3,1,6,1,5,1108,1,12,3,1
201301YE80334,2,9,0,18,0,0,0,0,0,0,4,1,6,1,-1,1995,2,8,-1,-1
201301YE80335,1,9,0,12,0,0,0,0,0,0,2,1,6,1,5,1598,1,10,9,3
201301YE80335,2,9,0,11,0,0,0,0,0,0,1,1,6,1,5,1461,2,7,5,1
201301YE80335,3,9,0,18,0,0,0,0,0,0,3,1,6,3,-1,-1,-1,-1,-1,-1
201301YE80336,1,9,0,9,0,8,0,0,7,0,2,1,6,2,5,1364,1,7,4,1
201301YE80336,2,9,0,18,0,8,0,0,0,0,1,1,6,1,-1,1896,2,10,-1,-1
201301YE80336,3,9,0,3,0,1,0,0,0,0,3,1,6,1,7,1995,2,9,1,1
201301YE80337,1,9,0,18,0,8,1,0,0,0,3,1,6,1,6,998,1,14,-1,-1
201301YE80337,2,9,0,7,0,8,0,0,0,0,1,1,6,3,-1,-1,-1,-1,-1,-1
201301YE80338,1,9,0,18,0,1,0,0,0,0,1,1,6,2,-1,1995,2,9,2,1
201301YE80340,1,11,0,13,0,0,0,0,0,0,4,1,1,3,-1,-1,-1,-1,-1,-1
201301YE80340,2,1,0,18,0,0,1,10,0,0,3,1,4,1,4,-1,-1,-1,8,1
201301YE80342,1,9,0,10,0,8,0,0,0,0,4,1,6,1,9,1390,1,3,3,1
201301YE80342,2,1,0,18,0,8,0,0,0,0,1,1,6,1,-1,-1,-1,-1,-1,-1
201301YE80343,1,5,0,18,0,1,1,4,0,0,4,1,2,1,7,599,1,5,2,1
201301YE80343,2,19,0,7,0,1,0,0,0,0,0,1,1,1,8,1248,2,3,2,1
201301YE80343,3,19,0,2,0,1,0,0,0,0,1,1,6,3,-1,2148,2,6,-1,-1
201301YE80344,1,11,0,5,0,1,0,0,0,0,0,1,1,1,9,8268,2,10,4,1
201301YE80345,1,9,0,14,0,2,0,0,0,0,3,1,6,1,8,2295,1,16,1,1
201301YE80345,2,3,0,5,0,2,0,0,0,0,1,1,6,1,5,124,1,4,2,1
201301YE80345,3,11,0,3,0,2,0,0,0,0,0,1,1,1,6,6700,2,1,1,1
201301YE80346,1,9,0,4,0,1,0,0,0,0,2,1,6,1,7,1596,1,8,3,1
201301YE80346,2,19,0,18,0,1,1,0,0,0,1,1,6,2,6,2198,2,1,6,1
201301YE80346,3,9,0,14,0,1,0,0,0,0,0,1,1,2,-1,1560,2,2,-1,-1
201301YE80347,1,9,0,7,0,1,1,10,1,3,2,1,1,1,5,1900,2,7,2,1
201301YE80347,2,20,1,18,0,1,0,0,0,0,1,1,1,1,6,5193,2,7,1,1
201301YE80347,3,9,0,2,0,2,0,4,0,0,2,1,6,3,-1,1896,1,16,-1,-1
201301YE80347,4,9,0,2,0,2,0,0,0,0,1,1,6,3,-1,2993,2,9,-1,-1
201301YE80348,1,9,0,18,0,0,0,0,0,0,3,1,6,1,6,1910,2,5,3,1
201301YE80348,2,19,0,11,0,0,0,0,0,0,4,1,6,3,-1,-1,-1,-1,-1,-1
201301YE80350,1,9,0,18,0,1,0,0,0,0,1,1,6,1,5,1587,1,10,1,1
201301YE80350,2,9,0,3,0,1,0,0,0,0,2,1,6,2,8,1229,1,1,2,1
201301YE80350,3,9,0,3,0,1,0,0,0,0,2,1,6,2,8,1386,1,3,4,1
201301YE80351,1,9,0,4,0,2,0,0,0,0,2,1,6,1,6,2993,2,7,8,1
201301YE80351,2,9,0,18,0,2,0,0,0,0,1,1,6,2,7,1995,2,7,7,1
201301YE80351,3,9,0,18,0,2,0,0,0,0,2,1,6,1,4,-1,-1,-1,4,1
201301YE80351,4,9,0,18,0,2,0,0,0,0,2,1,6,1,9,2688,2,10,5,1
201301YE80351,5,9,0,18,0,2,0,0,0,0,1,1,6,1,8,2435,1,12,3,1
201301YE80353,1,9,0,3,0,1,0,0,0,0,2,1,6,2,8,1360,1,8,10,1
201301YE80353,2,9,0,18,0,1,0,0,0,0,1,1,6,1,-1,-1,-1,-1,-1,-1
201301YE80354,1,9,0,3,0,1,0,0,0,0,2,1,6,2,8,1149,1,-1,3,1
201301YE80354,2,9,0,18,0,1,0,0,0,0,1,1,6,1,7,1360,1,9,2,1
201301YE80355,1,9,0,18,0,0,0,0,0,0,4,1,6,2,4,796,1,5,1,1
201301YE80356,1,9,0,18,0,3,0,10,5,6,4,1,6,1,6,2494,1,11,1,1
201301YE80356,2,19,0,12,0,3,0,0,0,0,3,1,6,3,-1,-1,-1,-1,-1,-1
201301YE80357,1,9,0,9,0,8,0,0,0,0,3,1,2,1,4,1086,1,5,8,1
201301YE80357,2,4,0,14,0,8,0,0,0,0,4,1,6,1,6,125,1,-1,3,1
201301YE80359,1,9,0,7,0,8,0,0,0,0,4,1,2,1,9,1998,2,12,4,1
201301YE80359,2,1,0,7,0,8,0,0,0,0,3,1,2,1,7,-1,-1,-1,9,1
201301YE80360,1,9,0,3,0,1,0,0,0,0,2,1,6,1,-1,-1,-1,-1,3,1
201301YE80360,2,9,0,3,0,1,0,0,0,0,2,1,6,3,-1,2902,2,9,-1,-1
201301YE80360,3,9,0,18,0,1,0,0,0,0,1,1,6,3,-1,-1,-1,-1,-1,-1
201301YE80361,1,9,0,18,0,0,0,0,0,0,1,1,6,3,-1,-1,-1,-1,-1,-1
201301YE80362,1,9,0,5,0,1,0,0,0,0,3,1,6,1,10,1686,2,2,5,2
201301YE80362,2,5,0,13,0,1,0,4,7,0,1,1,6,1,7,599,1,10,6,1
201301YE80362,3,9,0,2,0,2,0,0,0,0,3,1,6,3,-1,1769,1,11,-1,-1
201301YE80363,1,9,0,7,0,1,0,0,0,0,4,1,6,2,-1,1199,1,12,-1,-1
201301YE80365,1,9,0,18,0,1,0,0,0,0,4,1,6,1,6,1398,2,10,3,1
201301YE80365,2,9,0,18,0,1,0,0,0,0,3,1,6,1,-1,1896,2,11,-1,-1
201301YE80367,1,9,0,4,0,0,2,10,7,0,3,1,1,1,5,1994,2,10,2,1
201301YE80369,1,9,0,18,0,1,5,4,0,0,4,1,6,1,5,1198,1,-1,9,1
201301YE80369,2,9,0,18,0,1,0,0,0,0,4,1,6,2,9,1339,1,6,8,1
201301YE80369,3,9,0,2,0,1,0,0,0,0,3,1,6,2,9,1598,1,5,7,1
201301YE80370,1,9,0,4,0,1,0,0,0,0,2,1,2,2,8,1596,1,13,10,1
201301YE80370,2,19,0,4,0,1,0,0,0,0,1,1,2,1,5,2402,2,12,8,1
201301YE80371,1,9,0,7,0,6,0,0,0,0,3,1,6,1,8,-1,-1,-1,6,1
201301YE80371,2,20,0,9,0,5,0,0,0,0,3,1,1,1,6,5880,2,6,7,1
201301YE80372,1,5,0,9,0,5,0,0,0,0,3,1,1,1,9,1085,1,14,5,1
201301YE80372,2,19,0,18,0,8,0,0,0,0,1,1,2,1,8,2287,2,1,1,1
201301YE80373,1,9,0,9,0,2,0,0,0,0,4,1,1,1,5,1389,1,13,-1,-1
201301YE80374,1,9,0,1,0,6,0,0,0,0,4,1,6,2,9,998,1,16,3,1
201301YE80374,2,3,0,4,0,8,0,0,0,0,1,1,6,1,4,124,1,1,4,1
201301YE80375,1,9,0,7,0,1,0,0,1,0,4,1,6,1,5,2000,1,8,5,3
201301YE80375,2,9,0,7,0,1,0,0,0,0,3,1,6,1,8,1796,1,15,10,1
201301YE80376,1,9,0,5,0,6,0,0,0,0,3,1,1,1,5,1364,1,7,4,1
201301YE80376,2,2,0,18,0,8,0,0,0,0,1,1,1,1,5,49,1,41,2,1
201301YE80377,1,9,0,3,0,8,0,0,0,0,1,1,6,1,6,1809,1,19,7,1
201301YE80377,2,9,0,18,0,8,0,0,0,0,2,1,6,2,4,1299,1,10,6,1
201301YE80378,1,9,0,18,0,2,0,0,4,6,3,1,6,1,5,1991,1,15,-1,-1
201301YE80378,2,21,0,11,0,2,0,0,0,0,4,1,1,1,7,6692,2,4,7,1
201301YE80379,1,9,0,3,0,0,0,0,0,0,2,1,6,1,-1,2171,1,9,7,3
201301YE80379,2,9,0,4,0,0,0,0,0,0,1,1,6,1,7,1769,1,12,4,1
201301YE80379,3,9,0,3,0,0,0,0,0,0,2,2,6,1,7,-1,-1,-1,-1,-1
201301YE80379,4,9,0,4,0,0,0,0,0,0,1,1,6,1,10,1597,2,-1,8,2
201301YE80379,5,9,0,4,0,0,0,0,0,0,1,1,6,1,7,1968,2,-1,7,1
201301YE80380,1,9,0,3,0,1,0,0,0,0,2,1,6,2,8,2597,1,11,6,1
201301YE80380,2,9,0,18,0,1,0,0,0,0,1,1,6,1,-1,2987,2,2,-1,-1
201301YE80381,1,19,0,18,0,6,0,0,0,0,1,1,1,1,9,-1,-1,-1,1,1
201301YE80381,2,1,0,18,0,8,0,0,0,0,4,1,6,1,6,-1,-1,-1,-1,-1
201301YE80382,1,3,0,4,0,0,0,0,0,0,1,1,2,1,7,-1,-1,-1,6,1
201301YE80382,2,9,0,4,0,0,0,0,0,0,2,1,6,2,5,-1,-1,-1,2,1
201301YE80383,1,19,0,4,0,0,0,0,5,1,1,1,6,1,7,-1,-1,-1,-1,-1
201301YE80383,2,9,0,3,0,0,0,0,0,0,2,1,6,1,7,2188,2,11,-1,-1
201301YE80383,3,9,0,3,0,0,0,0,0,0,2,1,1,1,9,1791,8,2,9,2
201301YE80384,1,9,0,5,0,8,0,0,0,0,1,1,6,1,6,1596,1,8,7,1
201301YE80384,2,9,0,5,0,8,0,0,0,0,3,1,6,1,7,998,1,4,5,1
201301YE80385,1,9,0,9,0,2,0,0,0,0,3,1,6,1,10,1390,1,5,3,1
201301YE80385,2,4,0,18,0,1,1,0,0,0,1,1,6,1,-1,-1,-1,-1,-1,-1
201301YE80386,1,9,0,9,0,5,0,0,0,0,1,1,6,1,7,2793,1,15,2,1
201301YE80386,2,1,0,18,0,8,0,0,1,0,1,1,6,1,7,-1,-1,-1,3,1
201301YE80387,1,9,0,18,0,1,0,0,0,0,4,1,3,2,6,1240,1,7,-1,-1
201301YE80388,1,9,0,18,0,8,0,0,0,0,1,1,6,2,6,-1,-1,-1,1,1
201301YE80388,2,9,0,18,0,6,0,0,0,0,3,1,6,1,9,1061,1,8,2,1
201301YE80389,1,19,0,9,0,8,0,0,0,0,4,1,1,1,5,2198,2,1,4,1
201301YE80389,2,9,0,18,0,1,0,0,0,0,1,1,2,2,6,1242,1,-1,1,1
201301YE80390,1,9,0,18,0,0,0,10,1,10,1,1,6,1,7,2799,1,12,2,1
201301YE80391,1,1,0,18,0,2,0,0,0,0,4,1,6,2,9,-1,-1,-1,5,1
201301YE80391,2,9,0,7,0,2,0,0,0,0,3,1,6,2,7,1896,2,6,7,1
201301YE80392,1,19,0,4,0,1,0,0,0,0,1,1,6,1,7,1598,2,-1,1,1
201301YE80397,1,9,0,4,0,8,0,0,0,0,4,1,6,1,7,1598,1,-1,4,1
201301YE80398,1,9,0,14,0,0,0,0,0,0,1,1,6,1,8,1796,1,6,3,1
201301YE80398,2,9,0,14,0,0,0,0,0,0,1,1,6,3,-1,2148,2,10,-1,-1
201301YE80399,1,8,0,2,0,1,0,0,0,0,3,1,6,1,7,1997,2,4,1,1
201301YE80399,2,1,0,18,0,1,0,4,0,0,1,1,2,1,7,-1,-1,-1,6,1
201301YE80400,1,5,0,13,0,0,0,0,0,0,4,1,6,1,8,680,1,5,-1,-1
201301YE80400,2,9,0,6,0,0,0,0,0,0,3,1,6,1,-1,1910,2,8,-1,-1
201301YE80401,1,9,0,4,0,0,0,0,0,0,1,1,6,1,4,1242,1,11,7,1
201301YE80402,1,4,0,13,0,1,0,0,0,0,4,1,6,1,9,400,1,6,3,1
201301YE80402,2,19,0,9,0,1,0,0,0,0,3,1,6,1,-1,-1,-1,-1,10,1
201301YE80404,1,9,0,18,0,1,0,0,0,0,1,1,6,1,5,1242,1,10,3,1
201301YE80404,2,9,0,5,0,2,0,0,0,0,1,1,6,1,6,1686,2,11,9,1
201301YE80405,1,11,0,13,0,1,0,0,0,0,4,1,1,1,8,6700,2,1,1,1
201301YE80405,2,1,0,5,0,1,0,0,0,0,3,1,1,1,5,-1,-1,-1,4,1
201301YE80406,1,8,0,6,0,8,0,0,0,0,3,1,1,1,7,1998,2,7,3,1
201301YE80406,2,3,0,18,0,8,0,0,0,0,1,1,1,1,6,125,1,7,7,1
201301YE80411,1,9,0,8,0,1,0,0,0,0,2,1,1,2,6,1339,8,3,1,1
201301YE80411,2,19,0,18,0,1,0,0,0,0,1,1,6,1,-1,-1,-1,-1,-1,-1
201301YE80412,1,9,0,4,0,2,0,0,0,0,2,1,2,2,6,-1,-1,-1,10,2
201301YE80412,2,20,0,18,0,2,0,0,0,0,1,1,1,1,-1,12882,5,2,-1,-1
201301YE80414,1,11,0,4,0,2,0,0,0,0,0,1,1,1,-1,-1,-1,-1,-1,-1
201301YE80414,2,9,0,18,0,2,0,0,0,0,0,1,6,3,-1,-1,-1,-1,-1,-1
201301YE80417,1,11,0,5,0,1,0,0,0,0,0,1,1,1,6,6692,2,-1,1,1