Accident_Index,Vehicle_Reference,Vehicle_Type,Towing_and_Articulation,Vehicle_Manoeuvre,Vehicle_Location-Restricted_Lane,Junction_Location,Skidding_and_Overturning,Hit_Object_in_Carriageway,Vehicle_Leaving_Carriageway,Hit_Object_off_Carriageway,1st_Point_of_Impact,Was_Vehicle_Left_Hand_Drive?,Journey_Purpose_of_Driver,Sex_of_Driver,Age_Band_of_Driver,Engine_Capacity_(CC),Propulsion_Code,Age_of_Vehicle,Driver_IMD_Decile,Driver_Home_Area_Type
201301YE80418,1,9,0,4,0,1,0,0,0,0,2,1,6,1,6,2987,2,4,6,1
201301YE80418,2,9,0,5,0,1,0,0,0,0,1,1,6,1,8,1596,1,10,9,1
201301YE80419,1,9,0,2,0,0,0,0,0,0,3,1,6,1,5,1199,1,9,2,1
201301YE80419,2,9,0,3,0,0,0,0,0,0,4,1,3,2,8,2987,2,4,5,1
201301YE80419,3,1,0,18,0,0,0,4,0,0,1,1,2,1,7,-1,-1,-1,5,1
201301YE80420,1,9,0,9,0,8,0,4,1,0,4,1,6,2,9,1242,1,11,1,1
201301YE80420,2,19,0,2,0,8,0,0,0,0,4,1,6,3,-1,2402,2,6,-1,-1
201301YE80421,1,9,0,4,0,0,0,0,0,0,1,1,2,1,7,1598,1,14,-1,-1
201301YE80421,2,8,0,4,0,0,0,0,0,0,2,1,1,1,9,1995,2,7,2,1
201301YE80422,1,5,0,18,0,0,1,0,0,0,2,1,6,1,8,1585,1,1,9,2
201301YE80422,2,5,0,18,0,0,0,0,0,0,1,1,6,1,7,600,1,12,4,1
201301YE80423,1,1,0,15,0,8,0,0,0,0,3,1,6,1,7,-1,-1,-1,8,1
201301YE80423,2,9,0,7,0,5,0,0,0,0,4,1,6,1,7,3000,2,16,3,1
201301YE80424,1,9,0,9,0,8,0,0,0,0,1,1,2,2,8,1339,1,1,2,1
201301YE80424,2,1,0,18,0,8,0,0,0,0,1,1,6,1,8,-1,-1,-1,4,1
201301YE80425,1,9,0,18,0,8,0,0,0,0,1,1,6,2,6,1400,1,13,2,1
201301YE80425,2,9,0,12,0,8,0,0,0,0,2,1,6,1,8,-1,-1,-1,2,1
201301YE80425,3,9,0,18,0,8,0,0,0,0,1,1,6,1,8,1598,1,4,3,1
201301YE80425,4,19,0,18,0,8,0,0,0,0,1,1,6,1,6,1560,2,-1,5,1
201301YE80426,1,9,0,18,0,8,0,0,0,0,1,1,6,1,10,1298,1,10,2,1
201301YE80426,2,19,0,9,0,8,0,0,0,0,4,1,1,1,5,2402,2,4,5,1
201301YE80427,1,9,0,3,2,0,0,0,0,0,3,1,2,2,7,1368,1,5,6,1
201301YE80427,2,19,0,11,0,0,0,0,0,0,4,1,6,1,-1,-1,-1,-1,-1,-1
201301YE80429,1,9,0,18,0,8,0,0,0,0,4,1,6,2,9,2197,1,15,3,1
201301YE80430,1,9,0,18,2,8,0,0,1,0,1,1,3,2,5,1686,2,8,3,1
201301YE80430,2,9,0,9,0,5,0,0,7,10,4,1,6,1,5,1242,1,12,-1,-1
201301YE80431,1,19,0,18,0,1,0,0,0,0,1,1,2,1,6,2148,2,8,8,1
201301YE80431,2,8,0,4,0,1,0,0,0,0,2,1,2,1,9,1798,8,-1,2,1
201301YE80432,1,9,0,12,0,0,0,0,0,0,3,1,6,1,8,1598,1,1,6,1
201301YE80432,2,9,0,18,0,0,0,0,0,0,4,1,6,1,7,1753,2,10,1,1
201301YE80433,1,9,0,18,0,1,0,0,0,0,1,1,6,1,-1,998,1,6,10,2
201301YE80433,2,9,0,3,0,1,0,0,0,0,2,1,6,2,11,1386,1,7,7,1
201301YE80434,1,9,0,8,0,1,0,0,0,0,2,1,6,2,7,1796,1,11,2,1
201301YE80434,2,9,0,18,0,1,0,0,0,0,1,1,6,2,-1,1598,1,10,-1,-1
201301YE80436,1,9,0,18,0,0,0,0,0,0,4,1,6,1,7,1493,2,7,4,1
201301YE80436,2,1,0,18,0,0,0,0,0,0,1,1,6,2,3,-1,-1,-1,-1,-1
201301YE80437,1,11,0,4,0,0,0,0,0,0,0,1,6,1,8,6692,2,2,3,1
201301YE80438,1,9,0,18,0,1,1,0,2,4,1,1,2,2,-1,-1,-1,-1,-1,-1
201301YE80439,1,1,0,4,0,8,0,0,0,0,1,1,1,1,7,-1,-1,-1,7,1
201301YE80439,2,9,0,3,0,8,0,0,0,0,2,1,6,1,5,1596,1,18,5,1
201301YE80440,1,4,0,13,0,0,0,0,0,0,4,1,6,1,4,124,1,11,5,1
201301YE80440,2,1,0,18,0,0,0,4,0,0,3,1,6,1,3,-1,-1,-1,5,1
201301YE80440,3,9,0,2,0,0,0,0,0,0,2,1,6,3,-1,-1,-1,-1,-1,-1
201301YE80441,1,9,0,5,0,8,0,0,0,0,1,1,1,1,-1,-1,-1,-1,3,1
201301YE80441,2,9,0,18,0,8,0,0,0,0,3,1,6,2,-1,-1,-1,-1,-1,-1
201301YE80442,1,11,0,4,0,1,0,0,0,0,0,1,1,1,8,4461,2,-1,5,1
201301YE80443,1,9,0,3,0,8,0,0,0,0,2,1,6,2,6,1896,2,8,3,1
201301YE80443,2,9,0,4,0,8,0,0,0,0,1,1,6,2,5,1796,1,14,3,1
201301YE80444,1,9,0,9,0,8,0,0,0,0,1,1,2,1,-1,1598,1,7,1,1
201301YE80444,2,9,0,18,0,8,0,0,0,0,3,1,6,2,8,2143,2,2,4,1
201301YE80445,1,19,0,4,0,8,1,0,0,0,1,1,6,1,5,-1,-1,-1,3,1
201301YE80447,1,9,0,18,0,0,0,0,0,0,3,1,6,1,6,1396,1,11,4,1
201301YE80447,2,20,0,11,0,0,0,0,0,0,4,1,1,1,6,-1,-1,-1,9,3
201301YE80448,1,9,0,18,0,1,5,4,0,0,3,1,6,2,11,1242,1,3,5,1
201301YE80448,2,9,0,2,0,1,0,0,0,0,3,1,6,3,-1,1598,1,10,-1,-1
201301YE80449,1,2,0,18,0,2,0,10,1,0,3,1,2,1,7,-1,-1,-1,1,1
201301YE80449,2,21,1,13,0,2,0,0,0,0,4,1,6,3,-1,-1,-1,-1,-1,-1
201301YE80450,1,9,0,10,0,8,0,0,0,0,2,1,6,1,7,1390,1,14,2,1
201301YE80450,2,9,0,18,0,8,0,0,0,0,3,1,6,2,6,1360,1,7,7,1
201301YE80450,3,19,0,4,0,8,0,0,0,0,1,1,1,1,9,2998,2,5,2,1
201301YE80451,1,1,0,3,0,8,0,0,0,0,3,1,1,1,6,-1,-1,-1,2,1
201301YE80451,2,9,0,4,0,8,0,0,0,0,1,1,6,3,-1,-1,-1,-1,-1,-1
201301YE80454,1,9,0,3,0,1,0,0,0,0,2,1,1,1,5,1388,1,10,4,1
201301YE80454,2,9,0,18,0,1,0,0,0,0,1,1,1,1,6,1596,1,13,3,1
201301YE80455,1,9,0,4,0,1,0,0,0,0,1,1,6,1,6,3246,1,11,-1,-1
201301YE80455,2,9,0,18,0,8,0,10,1,0,4,1,6,2,8,1598,1,11,6,1
201301YE80455,3,19,0,9,0,6,0,0,0,0,1,1,6,1,7,1686,2,10,6,1
201301YE80456,1,9,0,3,0,1,0,0,0,0,2,1,6,2,6,1299,1,10,3,1
201301YE80456,2,9,0,18,0,1,0,0,0,0,1,1,6,3,-1,1798,1,15,-1,-1
201301YE80457,1,11,0,4,0,1,0,0,0,0,0,1,1,1,7,-1,-1,-1,1,1
201301YE80458,1,9,0,7,0,5,0,0,0,0,1,1,6,2,6,1086,1,9,3,1
201301YE80458,2,1,0,5,0,8,0,0,0,0,1,1,6,1,7,-1,-1,-1,3,1
201301YE80459,1,9,0,18,0,8,0,4,7,0,1,1,6,1,-1,1870,2,8,-1,-1
201301YE80459,2,9,0,18,0,8,0,0,1,10,3,1,6,1,7,1598,1,3,6,1
201301YE80459,3,9,0,2,0,2,0,4,0,0,2,1,6,3,-1,1242,1,9,-1,-1
201301YE80459,4,9,0,2,0,2,0,0,0,0,1,1,6,3,-1,2996,1,4,-1,-1
201301YE80460,1,9,0,4,0,0,1,0,0,0,1,1,6,1,6,1998,2,11,2,1
201301YE80460,2,9,0,4,0,0,0,0,0,0,2,1,6,2,7,1329,1,1,4,1
201301YE80461,1,9,0,18,0,8,0,0,0,0,4,1,6,1,8,1998,1,4,-1,-1
201301YE80461,2,1,0,18,0,8,0,0,0,0,1,1,6,1,2,-1,-1,-1,-1,-1
201301YE80462,1,11,0,5,0,8,0,0,0,0,0,1,1,1,9,6700,2,5,2,1
201301YE80463,1,8,0,5,0,8,0,0,0,0,3,1,1,1,8,1229,1,4,3,1
201301YE80464,1,19,0,1,0,1,0,0,0,0,2,1,6,1,-1,-1,-1,-1,-1,-1
201301YE80464,2,9,0,10,0,1,0,0,0,0,1,1,6,1,5,1598,1,12,2,1
201301YE80465,1,9,0,3,0,0,0,0,0,0,2,1,6,2,7,1999,1,7,2,1
201301YE80465,2,9,0,4,0,0,0,0,0,0,1,1,6,1,6,999,1,-1,-1,-1
201301YE80466,1,9,0,18,0,0,1,0,0,0,1,1,6,1,6,1598,1,9,10,1
201301YE80466,2,9,0,3,0,0,0,0,0,0,2,1,6,2,8,999,1,3,5,1
201301YE80466,3,9,0,3,0,0,0,0,0,0,2,1,2,2,7,-1,-1,-1,5,1
201301YE80467,1,3,0,18,0,2,0,0,0,0,3,1,1,1,4,125,1,1,4,1
201301YE80468,1,3,0,18,0,1,0,0,0,0,1,1,1,1,6,109,1,-1,5,1
201301YE80469,1,9,0,18,0,0,0,0,0,0,2,1,6,1,8,998,1,10,-1,-1
201301YE80469,2,9,0,18,0,0,0,0,0,0,1,1,6,1,8,1850,1,13,-1,-1
201301YE80470,1,9,0,9,0,8,0,0,0,0,1,1,2,1,8,2979,1,10,3,1
201301YE80470,2,9,0,7,0,8,0,0,0,0,1,1,6,2,7,1896,2,6,2,1
201301YE80471,1,9,0,18,0,0,0,0,2,10,1,1,6,1,-1,998,1,14,4,1
201301YE80473,1,9,0,3,0,0,0,0,0,0,2,1,6,1,8,1991,1,13,1,1
201301YE80473,2,19,0,18,0,0,0,0,0,0,1,1,1,1,6,2463,2,11,4,1
201301YE80474,1,9,0,3,0,1,0,0,0,0,2,1,6,1,6,1360,1,13,10,1
201301YE80474,2,19,0,18,0,1,0,0,0,0,1,1,6,1,-1,-1,-1,-1,-1,-1
201301YE80476,1,9,0,3,0,2,0,0,0,0,2,1,6,2,6,1991,2,3,9,2
201301YE80476,2,9,0,4,0,2,0,0,0,0,1,1,6,1,7,1596,1,1,2,1
201301YE80477,1,9,0,9,0,8,0,0,0,0,4,1,6,1,7,-1,-1,-1,7,1
201301YE80477,2,9,0,9,0,8,0,0,0,0,4,1,6,1,9,1796,1,10,9,1
201301YE80477,3,9,0,7,0,8,0,0,0,0,3,1,6,1,8,2987,2,2,9,1
201301YE80478,1,19,0,3,0,0,0,0,0,0,2,1,6,1,6,2151,2,8,3,1
201301YE80478,2,5,0,16,0,0,0,0,0,0,1,1,6,1,8,636,1,11,4,1
201301YE80479,1,11,0,18,0,1,0,0,0,0,0,1,1,1,8,9360,2,3,-1,-1
201301YE80480,1,9,0,18,0,0,0,0,0,0,0,1,6,2,6,1398,1,-1,9,2
201301YE80480,2,8,0,4,0,0,0,0,0,0,2,1,6,1,-1,1896,2,4,-1,-1
201301YE80480,3,19,0,18,0,0,0,0,0,0,1,1,6,3,-1,-1,-1,-1,-1,-1
201301YE80481,1,5,0,14,0,0,0,0,0,0,4,1,2,1,8,-1,-1,-1,-1,-1
201301YE80481,2,9,0,3,0,0,0,0,0,0,3,1,6,1,-1,-1,-1,-1,-1,-1
201301YE80481,3,19,0,18,0,0,0,0,0,0,3,1,6,3,-1,1686,2,11,-1,-1
201301YE80482,1,9,0,4,0,1,0,0,0,0,1,1,6,3,5,1400,1,15,2,1
201301YE80483,1,9,0,18,0,0,1,4,0,0,1,1,6,1,6,1896,2,6,7,1
201301YE80483,2,9,0,2,0,0,0,0,1,2,1,1,6,3,-1,1398,2,11,-1,-1
201301YE80483,3,9,0,2,0,0,0,0,0,0,3,1,6,3,-1,1388,1,10,-1,-1
201301YE80484,1,9,0,18,0,1,0,4,0,0,1,1,6,2,9,1388,1,3,5,1
201301YE80484,2,9,0,2,0,1,0,4,0,0,2,1,6,3,-1,1988,1,16,-1,-1
201301YE80484,3,9,0,2,0,1,0,4,0,0,2,1,6,3,-1,-1,-1,-1,-1,-1
201301YE80485,1,9,0,3,0,1,0,0,0,0,2,1,6,2,6,1149,1,4,10,3
201301YE80485,2,9,0,5,0,1,0,0,0,0,1,1,6,1,-1,1229,1,6,-1,-1
201301YE80486,1,21,0,18,0,0,0,0,0,0,1,1,1,1,7,10518,2,7,5,3
201301YE80486,2,9,0,12,0,0,0,0,4,6,3,1,6,2,7,1386,1,6,4,1
201301YE80486,3,9,0,4,0,0,0,0,0,0,2,1,6,2,6,1248,1,-1,10,1
201301YE80487,1,9,0,8,0,1,0,0,0,0,2,1,6,1,7,1686,2,10,2,1
201301YE80487,2,19,0,18,0,1,0,0,0,0,1,1,1,1,-1,2143,2,-1,-1,-1
201301YE80488,1,9,0,1,9,0,0,0,0,0,2,1,6,1,-1,2793,1,13,-1,-1
201301YE80489,1,9,0,18,0,1,0,0,0,0,1,1,6,2,-1,1199,1,10,-1,-1
201301YE80490,1,9,0,4,0,0,0,0,0,0,2,1,2,2,6,-1,-1,-1,2,1
201301YE80490,2,19,0,18,0,0,0,0,0,0,1,1,1,1,-1,2463,2,7,4,1
201301YE80491,1,9,0,4,0,0,0,0,0,0,2,1,6,1,6,1796,1,9,3,1
201301YE80491,2,9,0,3,0,0,0,0,0,0,2,1,6,1,8,1596,1,11,6,1
201301YE80491,3,9,0,3,0,0,1,0,0,0,2,1,1,1,8,1560,2,8,10,1
201301YE80491,4,19,0,18,0,0,0,0,0,0,1,1,1,1,9,-1,-1,-1,7,1
201301YE80493,1,5,0,4,0,0,1,0,0,0,0,1,6,1,8,998,1,7,-1,-1
201301YE80494,1,8,0,4,0,8,0,0,0,0,2,1,1,1,7,1896,2,6,4,1
201301YE80494,2,9,0,4,0,8,0,0,0,0,2,1,6,2,7,1598,1,11,4,1
201301YE80494,3,9,0,18,0,8,0,0,0,0,1,1,6,2,6,998,1,-1,5,1
201301YE80495,1,9,0,3,0,1,0,0,0,0,2,1,1,1,6,1598,2,2,4,1
201301YE80495,2,9,0,18,0,1,0,0,0,0,1,1,6,1,-1,1686,2,13,9,1
201301YE80496,1,9,0,14,0,0,0,0,0,0,4,1,6,1,-1,-1,-1,-1,-1,-1
201301YE80497,1,9,0,3,0,2,0,0,0,0,2,1,6,2,9,1995,1,11,3,1
201301YE80497,2,19,4,18,0,2,0,0,0,0,1,1,1,1,-1,2402,2,7,-1,-1
201301YE80499,1,9,0,5,0,8,0,0,0,0,1,1,1,1,6,-1,-1,-1,-1,-1
201301YE80499,2,9,0,5,0,8,0,0,0,0,3,1,1,1,8,1497,8,5,4,1
201301YE80500,1,9,0,4,0,0,1,0,4,6,3,1,6,1,7,2204,2,7,3,1
201301YE80502,1,9,0,18,0,8,0,0,0,0,1,1,6,1,6,2494,1,13,1,1
201301YE80502,2,9,0,9,0,6,0,0,0,0,3,1,6,1,5,1299,1,12,1,1
201301YE80503,1,9,0,18,0,1,5,0,8,10,3,1,6,2,5,1240,1,10,2,1
201301YE80504,1,9,0,9,0,8,0,0,0,0,4,1,2,2,9,1968,2,-1,8,3
201301YE80504,2,9,0,18,0,8,0,0,7,10,3,1,2,2,9,1461,2,-1,2,1
201301YE80505,1,9,0,13,0,8,0,0,7,1,1,1,6,1,5,1598,1,3,9,1
201301YE80505,2,9,0,9,0,5,0,0,0,0,3,1,6,2,7,1397,1,12,7,1
201301YE80506,1,11,0,4,0,0,0,0,0,0,0,1,1,2,8,6692,2,-1,5,1
201301YE80508,1,9,0,18,0,8,0,0,0,0,4,1,2,1,8,1598,1,6,5,1
201301YE80509,1,2,0,14,0,8,0,0,0,0,1,1,1,1,5,124,1,13,4,1
201301YE80509,2,9,0,9,0,6,0,0,0,0,1,1,6,1,6,1339,1,4,4,1
201301YE80510,1,9,0,4,2,0,0,0,0,0,1,1,1,1,5,1598,1,1,4,1
201301YE80511,1,3,0,18,0,8,0,0,0,0,1,1,6,1,6,124,1,5,4,1
201301YE80511,2,9,0,9,0,5,0,0,0,0,1,1,6,1,7,998,1,14,4,1
201301YE80512,1,5,0,18,0,0,0,0,1,0,3,1,6,1,5,649,1,4,3,1
201301YE80512,2,9,0,11,0,0,0,0,0,0,4,1,6,2,5,1390,1,2,7,3
201301YE80513,1,9,0,18,0,2,0,0,1,3,1,1,6,1,8,1910,2,3,2,1
201301YE80513,2,1,0,18,0,6,0,0,0,0,0,1,6,3,-1,-1,-1,-1,-1,-1
201301YE80514,1,21,0,18,0,8,0,0,7,0,4,1,1,1,8,4500,2,7,3,1
201301YE80514,2,9,0,9,0,5,0,0,7,0,3,1,1,1,9,1397,1,10,5,1
201301YE80515,1,9,0,9,0,5,0,0,0,0,1,1,6,1,5,1995,2,5,5,1
201301YE80515,2,3,0,18,0,8,0,0,0,0,1,1,1,1,8,125,1,4,8,1
201301YE80516,1,19,0,1,0,8,0,0,0,0,2,1,6,1,7,1868,2,10,-1,-1
201301YE80517,1,9,0,1,0,5,0,0,0,0,2,1,6,1,8,1796,1,13,3,1
201301YE80518,1,19,0,4,0,1,0,0,0,0,2,1,6,1,5,1248,2,8,5,1
201301YE80518,2,9,0,4,0,1,0,0,0,0,1,1,6,2,8,2993,2,1,8,3
201301YE80519,1,9,0,18,0,8,0,0,0,0,3,1,6,1,6,1968,2,5,2,1
201301YE80519,2,9,0,9,0,8,0,0,0,0,1,1,6,1,5,3000,2,13,5,1
201301YE80521,1,9,0,18,0,8,0,0,0,0,1,1,6,1,6,698,1,7,-1,-1
201301YE80521,2,9,0,9,0,8,0,0,0,0,4,1,6,1,6,1598,1,8,3,1
201301YE80522,1,9,0,3,0,1,0,0,0,0,2,1,6,1,6,-1,-1,-1,1,1
201301YE80522,2,9,0,18,0,1,0,0,0,0,1,1,6,1,-1,1590,1,16,1,1
201301YE80523,1,9,0,18,0,1,0,0,0,0,4,1,6,1,9,1910,2,6,5,1
201301YE80524,1,9,0,18,0,0,0,0,0,0,3,1,1,2,4,1388,1,1,7,1
201301YE80525,1,9,0,9,0,1,0,0,0,0,1,1,6,1,8,1998,1,12,6,1
201301YE80525,2,9,0,18,0,1,0,0,0,0,4,1,6,2,6,1598,1,9,1,1
201301YE80526,1,9,0,5,0,1,0,0,0,0,1,2,6,1,7,-1,-1,-1,9,1
201301YE80526,2,9,0,18,0,8,0,0,0,0,4,1,6,1,4,-1,-1,-1,9,1
201301YE80527,1,9,0,5,0,8,0,0,0,0,4,1,2,2,5,1391,1,17,1,1
201301YE80528,1,9,0,4,0,0,0,0,0,0,2,1,2,2,8,1598,1,10,6,1
201301YE80528,2,9,0,4,0,0,1,0,0,0,1,1,6,1,6,998,1,19,3,1
201301YE80528,3,19,0,4,0,0,0,0,0,0,1,1,2,1,8,2494,2,11,2,1
201301YE80529,1,9,0,18,0,8,0,0,0,0,4,1,6,2,8,1896,2,8,4,1
201301YE80529,2,9,0,7,0,1,0,0,0,0,1,1,6,1,-1,1796,1,8,1,1
201301YE80530,1,9,0,18,0,1,0,0,0,0,2,1,6,1,8,1998,2,14,5,1
201301YE80530,2,9,0,3,0,1,0,0,0,0,2,1,6,1,6,1968,2,-1,3,1
201301YE80531,1,9,0,18,0,8,0,10,6,10,1,1,2,2,6,1587,1,10,2,1
201301YE80531,2,9,0,18,0,8,0,10,6,7,3,1,6,1,5,1149,1,6,1,1
201301YE80532,1,9,0,17,0,2,0,0,0,0,4,1,6,1,5,1390,1,8,2,1
201301YE80533,1,9,0,18,0,1,0,0,0,0,2,1,6,2,5,1686,2,9,1,1
201301YE80533,2,19,0,18,0,1,0,0,0,0,1,1,6,1,7,2198,2,4,-1,-1
201301YE80533,3,9,0,5,0,1,0,0,0,0,0,1,6,3,-1,1769,1,8,-1,-1
201301YE80534,1,9,0,3,0,0,0,0,0,0,2,1,6,1,5,1968,2,1,6,1
201301YE80534,2,9,0,4,0,0,0,0,0,0,2,1,6,1,10,-1,-1,-1,7,2
201301YE80534,3,9,0,4,0,0,0,0,0,0,1,1,6,1,11,1242,1,6,1,1
201301YE80534,4,19,0,4,0,0,0,0,0,0,1,1,6,1,7,1900,2,8,-1,-1
201301YE80534,5,9,0,4,0,0,0,0,0,0,1,1,6,1,6,1242,1,12,5,1
201301YE80534,6,19,0,4,0,0,0,0,0,0,1,1,6,1,5,1870,2,9,1,1
201301YE80535,1,5,0,18,0,0,0,0,0,0,1,1,6,1,7,499,1,15,3,1
201301YE80535,2,9,0,6,0,0,0,0,0,0,3,1,6,2,7,1796,1,8,1,1
201301YE80536,1,9,0,4,0,0,0,0,0,0,2,1,6,2,6,1995,2,2,8,1
201301YE80536,2,9,0,4,0,0,0,0,0,0,2,1,6,1,7,2231,2,3,-1,-1
201301YE80536,3,9,0,4,0,0,0,0,0,0,2,1,6,1,5,1769,1,11,6,1
201301YE80536,4,9,0,18,0,0,0,0,0,0,1,1,6,1,6,1798,1,6,4,1
201301YE80537,1,9,0,7,0,2,0,10,1,2,3,1,6,1,8,1596,1,2,7,1
201301YE80537,2,9,0,18,0,1,1,0,0,0,4,1,6,1,7,1596,1,12,4,1
201301YE80538,1,1,0,18,0,1,0,0,0,0,1,1,6,1,8,-1,-1,-1,9,1
201301YE80538,2,9,0,9,0,2,0,0,0,0,3,1,6,3,-1,1299,1,9,-1,-1
201301YE80539,1,9,0,18,0,0,0,0,0,0,3,1,6,3,-1,-1,-1,-1,-1,-1
201301YE80540,1,9,0,4,0,0,0,0,0,0,2,1,6,1,8,1560,2,2,6,1
201301YE80540,2,9,0,18,0,0,0,0,0,0,1,1,6,2,6,1598,1,13,5,1
201301YE80541,1,19,0,4,0,0,1,0,0,0,1,1,1,1,6,-1,-1,-1,9,3
201301YE80541,2,9,0,3,0,0,0,0,0,0,2,1,6,1,7,1388,1,16,3,1
201301YE80541,3,9,0,3,0,0,0,0,0,0,2,1,6,1,6,1796,1,9,9,1
201301YE80541,4,9,0,3,0,0,0,0,0,0,2,1,6,1,5,1299,1,11,7,1
201301YE80541,5,9,0,3,0,0,0,0,0,0,2,1,6,1,6,1339,1,9,2,1
201301YE80541,6,9,0,3,0,0,0,0,0,0,2,1,6,1,8,1461,2,1,6,1
201301YE80542,1,9,0,18,0,1,0,0,0,0,1,1,6,1,6,2494,1,14,3,1
201301YE80544,1,9,0,18,0,2,0,10,1,2,0,1,6,1,5,1600,1,8,9,1
201301YE80544,2,9,0,13,0,2,0,0,0,0,0,1,6,3,-1,-1,-1,-1,-1,-1
201301YE80545,1,9,0,18,0,1,0,0,0,0,1,1,6,1,6,998,1,11,7,1
201301YE80545,2,90,0,1,0,1,0,0,0,0,2,1,1,1,-1,-1,-1,-1,-1,-1
201301YE80546,1,11,0,5,0,0,0,0,0,0,0,1,1,1,8,9360,2,3,1,1
201301YE80547,1,9,0,18,0,1,0,0,0,0,4,1,6,2,6,1896,2,10,5,1
201301YE80547,2,5,0,7,0,1,0,0,0,0,3,1,6,1,4,899,1,14,3,1
201301YE80548,1,9,0,16,0,2,0,0,0,0,4,1,6,1,8,2295,1,11,1,1
201301YE80548,2,9,0,17,0,1,0,0,0,0,3,1,6,1,6,1598,1,8,2,1
201301YE80549,1,9,0,3,0,0,0,0,0,0,2,1,6,1,8,1797,8,4,4,1
201301YE80549,2,9,0,3,0,0,0,0,0,0,2,1,6,1,8,2685,2,9,5,1
201301YE80549,3,9,0,11,0,0,0,0,0,0,1,1,6,1,7,1799,1,5,5,1
201301YE80550,1,3,0,18,0,1,0,0,0,0,1,1,2,1,5,124,1,4,2,1
201301YE80550,2,9,0,9,0,1,0,0,0,0,4,1,6,1,4,1590,1,9,10,1
201301YE80551,1,9,0,18,0,1,0,0,0,0,1,1,6,1,6,1796,1,10,6,1
201301YE80551,2,9,0,10,0,1,0,0,0,0,3,1,6,1,8,-1,-1,-1,6,3
201301YE80551,3,9,0,10,0,1,0,0,0,0,0,1,6,2,5,1995,2,10,5,1
201301YE80552,1,1,0,18,0,8,0,0,0,0,3,1,6,1,3,-1,-1,-1,6,1
201301YE80552,2,9,0,7,0,3,0,0,0,0,4,1,6,1,-1,1850,1,13,1,1
201301YE80553,1,9,0,9,0,2,0,0,0,0,3,1,6,2,-1,-1,-1,-1,-1,-1
201301YE80554,1,11,0,4,0,1,0,0,0,0,0,1,1,1,8,6700,2,5,3,1
201301YE80555,1,9,0,3,0,2,0,0,0,0,2,1,6,2,7,1339,1,2,4,1
201301YE80555,2,9,0,18,0,2,0,0,0,0,1,1,6,3,-1,2148,2,9,-1,-1
201301YE80557,1,9,0,4,0,0,0,0,0,0,2,1,6,1,6,2494,1,10,2,1
201301YE80557,2,9,0,18,0,0,0,0,0,0,1,1,6,1,-1,1995,2,11,-1,-1
201301YE80558,1,1,0,15,0,1,0,0,0,0,1,1,6,1,6,-1,-1,-1,3,1
201301YE80558,2,9,0,10,0,1,0,0,0,0,4,1,6,1,-1,-1,-1,-1,-1,-1
201301YE80559,1,9,0,18,0,6,0,0,0,0,3,1,6,1,7,1598,1,5,1,1
201301YE80559,2,1,0,18,0,8,0,0,0,0,1,1,6,1,4,-1,-1,-1,3,1
201301YE80560,1,9,0,3,0,2,0,0,0,0,2,1,6,1,10,2143,2,4,9,1
201301YE80560,2,9,0,5,0,2,0,0,0,0,1,1,6,2,6,1198,1,4,3,1
201301YE80561,1,3,0,18,0,1,0,0,0,0,4,1,2,1,5,125,1,13,7,1
201301YE80561,2,9,0,12,0,1,0,0,0,0,3,1,6,3,-1,-1,-1,-1,-1,-1
201301YE80562,1,9,0,9,0,8,0,0,0,0,1,1,6,1,8,2199,2,2,8,1
201301YE80562,2,9,0,18,0,8,0,0,0,0,3,1,6,1,6,1596,1,4,4,1
201301YE80563,1,9,0,18,0,0,5,7,8,1,1,1,6,1,8,6208,1,2,9,1
201301YE80564,1,9,0,3,0,0,0,0,0,0,2,1,6,1,6,1497,8,9,4,1
201301YE80564,2,9,0,18,0,0,0,0,0,0,1,1,6,2,-1,1999,1,3,-1,-1
201301YE80565,1,9,0,9,0,8,0,0,0,0,4,1,6,1,5,1242,1,11,6,1
201301YE80565,2,1,0,18,2,8,0,0,0,0,1,1,6,1,6,-1,-1,-1,5,1
201301YE80566,1,9,0,18,0,8,0,0,0,0,1,1,6,2,9,1388,1,4,8,1
201301YE80566,2,1,0,9,0,8,0,0,0,0,2,1,6,1,6,-1,-1,-1,6,1
201301YE80567,1,9,0,12,0,8,0,0,0,0,1,1,6,1,6,1781,1,11,5,1
201301YE80567,2,3,0,18,0,8,0,0,0,0,2,1,6,1,8,125,1,10,4,1
201301YE80568,1,9,0,18,0,2,0,0,0,0,1,1,6,2,6,1598,2,3,9,1
201301YE80568,2,11,0,18,0,2,0,0,0,0,1,1,6,2,6,6692,2,-1,9,1
201301YE80569,1,9,0,18,0,0,0,0,7,9,1,1,6,2,6,1399,2,5,9,1
201301YE80569,2,9,0,18,0,0,0,10,1,0,3,1,6,1,5,1598,2,2,5,1
201301YE80570,1,9,0,14,0,1,0,0,0,0,4,1,6,2,9,1995,1,8,2,1
201301YE80571,1,9,0,12,0,0,2,10,5,6,3,1,6,1,5,1598,1,6,8,1
201301YE80571,2,9,0,18,0,0,0,0,0,0,4,1,6,1,-1,1995,2,9,3,1
201301YE80572,1,9,0,4,0,0,0,0,0,0,2,1,6,1,8,1995,1,11,1,1
201301YE80572,2,11,0,18,0,0,0,0,0,0,1,1,1,1,8,7300,2,11,2,1
201301YE80573,1,11,0,4,0,1,0,0,0,0,0,1,1,2,5,6692,2,-1,2,1
201301YE80574,1,19,0,2,0,0,0,10,0,0,1,1,1,2,7,2148,2,6,4,1
201301YE80574,2,19,0,1,0,0,0,4,0,0,2,1,1,1,-1,-1,-1,-1,-1,-1
201301YE80575,1,9,0,17,0,8,0,0,0,0,1,1,2,1,7,2967,1,14,-1,-1