Accident_Index,Vehicle_Reference,Vehicle_Type,Towing_and_Articulation,Vehicle_Manoeuvre,Vehicle_Location-Restricted_Lane,Junction_Location,Skidding_and_Overturning,Hit_Object_in_Carriageway,Vehicle_Leaving_Carriageway,Hit_Object_off_Carriageway,1st_Point_of_Impact,Was_Vehicle_Left_Hand_Drive?,Journey_Purpose_of_Driver,Sex_of_Driver,Age_Band_of_Driver,Engine_Capacity_(CC),Propulsion_Code,Age_of_Vehicle,Driver_IMD_Decile,Driver_Home_Area_Type
201301YE80575,2,4,0,16,0,8,1,0,0,0,1,1,6,1,6,124,1,4,3,1
201301YE80576,1,9,0,9,0,1,0,0,0,0,1,1,6,2,7,1781,1,24,2,1
201301YE80576,2,3,0,18,0,1,0,0,0,0,1,1,1,1,6,125,1,6,1,1
201301YE80577,1,11,0,18,0,2,0,0,0,0,0,1,1,1,6,6692,2,-1,2,1
201301YE80578,1,9,0,18,0,8,0,0,0,0,1,1,6,1,5,1998,2,9,3,1
201301YE80578,2,9,0,9,0,8,0,0,0,0,1,1,6,3,-1,1598,1,12,-1,-1
201301YE80579,1,8,0,18,0,8,0,0,0,0,1,1,1,2,5,1956,2,1,6,1
201301YE80579,2,9,0,9,0,8,0,0,0,0,3,1,6,2,8,1364,1,3,8,1
201301YE80580,1,9,0,18,0,0,0,0,1,5,1,1,1,2,8,1686,2,12,5,1
201301YE80581,1,8,0,3,0,0,0,0,0,0,2,1,1,1,7,1598,1,5,7,1
201301YE80581,2,9,0,18,0,0,0,0,0,0,1,1,6,1,-1,2148,2,6,-1,-1
201301YE80582,1,9,0,18,0,0,1,0,0,0,1,1,6,1,4,1896,2,5,-1,-1
201301YE80585,1,9,0,18,5,0,0,0,0,0,1,1,6,3,-1,-1,-1,-1,-1,-1
201301YE80586,1,19,0,3,0,2,0,0,0,0,2,1,1,1,10,1998,2,10,3,1
201301YE80586,2,1,0,18,0,2,0,0,0,0,1,1,6,2,5,-1,-1,-1,10,1
201301YE80587,1,1,0,18,0,8,0,0,0,0,1,1,6,1,7,-1,-1,-1,2,1
201301YE80587,2,9,0,9,0,8,0,0,0,0,4,1,6,1,-1,-1,-1,-1,-1,-1
201301YE80588,1,9,0,9,0,8,0,0,0,0,3,1,6,2,5,-1,-1,-1,3,1
201301YE80590,1,9,0,3,0,0,0,0,0,0,2,1,6,1,8,-1,-1,-1,2,1
201301YE80590,2,1,0,18,0,0,0,0,0,0,1,1,6,1,6,-1,-1,-1,5,1
201301YE80591,1,9,0,18,0,1,0,0,0,0,1,1,6,1,6,1968,2,3,2,1
201301YE80592,1,9,0,5,0,8,0,0,0,0,2,1,6,1,6,1560,2,-1,8,1
201301YE80592,2,9,0,18,0,8,0,0,0,0,1,2,6,1,6,-1,-1,-1,3,1
201301YE80593,1,1,0,18,0,0,0,0,0,0,3,1,6,1,7,-1,-1,-1,1,1
201301YE80593,2,19,0,13,0,0,0,0,0,0,4,1,6,1,7,2461,2,10,3,1
201301YE80595,1,9,0,3,0,0,0,0,0,0,2,1,6,2,9,1769,1,10,4,1
201301YE80595,2,9,0,18,0,0,0,0,0,0,1,1,6,1,-1,-1,-1,-1,-1,-1
201301YE80596,1,9,0,5,0,0,0,0,0,0,1,1,6,2,10,998,1,14,5,1
201301YE80596,2,1,0,14,0,0,0,0,0,0,1,1,6,1,7,-1,-1,-1,3,1
201301YE80597,1,9,0,9,0,1,0,0,0,0,1,1,6,1,5,1363,2,8,5,1
201301YE80597,2,3,0,18,0,1,0,0,0,0,1,1,1,1,6,109,1,-1,1,1
201301YE80598,1,9,0,18,0,2,0,0,0,0,3,1,6,3,-1,-1,-1,-1,-1,-1
201301YE80598,2,3,0,18,0,1,0,0,0,0,3,1,6,1,6,124,1,1,3,1
201301YE80600,1,21,0,18,0,1,0,0,0,0,1,1,1,1,10,6370,2,3,4,1
201301YE80600,2,9,0,4,0,1,0,0,0,0,2,1,6,1,8,1398,2,8,4,1
201301YE80600,3,9,0,3,0,1,0,0,0,0,2,1,6,1,7,-1,-1,-1,3,1
201301YE80601,1,9,0,18,0,1,0,0,0,0,1,1,6,1,7,1248,2,2,5,1
201301YE80601,2,9,0,18,0,1,0,0,0,0,3,1,6,1,4,1364,1,3,-1,-1
201301YE80602,1,8,0,18,0,0,0,0,0,0,3,1,1,1,7,2204,2,6,1,1
201301YE80602,2,9,0,18,0,0,0,0,0,0,3,1,6,2,7,1390,1,11,2,1
201301YE80603,1,9,0,18,0,0,0,0,0,0,1,1,6,1,6,1895,1,13,2,1
201301YE80603,2,19,0,1,0,0,0,0,0,0,2,1,6,3,-1,1968,2,5,-1,-1
201301YE80604,1,9,0,18,0,0,0,10,2,7,4,1,6,3,-1,2993,2,3,-1,-1
201301YE80605,1,9,0,18,0,1,0,0,0,0,1,1,6,1,8,1870,2,9,4,1
201301YE80605,2,9,0,7,0,1,0,0,0,0,1,1,6,1,-1,1995,2,4,5,1
201301YE80606,1,9,0,5,0,0,0,4,0,0,3,1,6,1,10,1598,1,1,1,1
201301YE80606,2,9,0,18,0,0,0,0,0,0,1,1,6,1,4,1679,1,13,2,1
201301YE80607,1,9,0,18,0,8,0,0,0,0,4,1,6,1,-1,1995,2,6,4,1
201301YE80607,2,9,0,7,0,1,0,0,0,0,1,1,6,1,-1,1998,2,11,-1,-1
201301YE80608,1,9,0,3,0,0,0,0,0,0,1,1,6,2,6,1995,1,9,4,1
201301YE80608,2,9,0,1,0,0,0,0,0,0,2,1,6,1,-1,2987,2,4,-1,-1
201301YE80609,1,11,0,18,0,1,0,0,0,0,1,1,1,1,8,6700,2,1,3,1
201301YE80610,1,9,0,18,0,1,0,0,0,0,1,1,6,1,5,1198,1,8,3,1
201301YE80610,2,9,0,3,0,1,0,0,0,0,2,1,6,2,8,1598,1,13,2,1
201301YE80611,1,20,0,9,0,2,0,0,0,0,4,1,1,1,7,4116,2,9,5,1
201301YE80612,1,9,0,3,0,1,0,0,0,0,2,1,6,2,9,-1,-1,-1,5,1
201301YE80612,2,9,0,18,0,1,0,0,0,0,1,1,6,2,11,1598,1,3,9,1
201301YE80613,1,19,0,5,0,8,0,0,0,0,1,1,6,1,-1,-1,-1,-1,-1,-1
201301YE80614,1,9,0,18,0,1,0,0,0,0,1,1,2,2,10,1984,1,12,6,1
201301YE80614,2,9,0,18,0,1,0,0,0,0,1,1,2,2,8,1991,2,4,5,1
201301YE80616,1,5,0,18,0,8,0,10,1,0,1,1,6,1,6,599,1,5,3,1
201301YE80616,2,9,0,10,0,8,0,0,0,0,2,1,6,1,7,2231,2,2,4,1
201301YE80617,1,9,0,3,0,0,0,0,0,0,2,1,6,1,10,1332,1,15,7,1
201301YE80617,2,5,0,18,0,0,0,0,0,0,1,1,6,1,6,1000,1,9,4,1
201301YE80618,1,9,0,5,0,0,0,0,0,0,3,1,6,1,8,2148,2,10,3,1
201301YE80618,2,2,0,18,0,0,0,0,0,0,1,1,6,1,5,124,1,2,2,1
201301YE80619,1,9,0,9,0,8,0,0,0,0,3,1,6,1,5,1299,1,9,2,1
201301YE80619,2,9,0,18,0,8,0,0,0,0,1,1,6,1,-1,1900,2,14,3,1
201301YE80620,1,9,0,3,0,1,0,0,0,0,2,1,2,1,9,3936,2,9,9,3
201301YE80620,2,9,0,3,0,1,0,0,0,0,2,1,2,2,9,-1,-1,-1,9,1
201301YE80620,3,19,0,18,0,1,0,0,0,0,1,1,2,1,8,2460,2,6,10,1
201301YE80621,1,9,0,9,0,8,0,0,0,0,4,1,6,1,7,1596,1,13,4,1
201301YE80621,2,9,0,18,0,8,0,0,0,0,1,1,6,1,9,1896,2,12,3,1
201301YE80622,1,9,0,4,0,1,0,0,0,0,2,1,6,2,7,1968,2,4,3,1
201301YE80622,2,20,0,18,0,1,0,0,0,0,1,2,1,1,-1,-1,-1,-1,-1,-1
201301YE80623,1,19,0,18,0,1,0,0,0,0,4,1,6,3,-1,2287,5,2,-1,-1
201301YE80623,2,21,1,3,0,1,0,0,0,0,3,1,1,1,8,11946,2,2,2,1
201301YE80624,1,9,0,4,0,0,0,0,0,0,2,1,6,2,6,1998,2,9,5,1
201301YE80624,2,9,0,18,0,0,0,0,0,0,1,1,6,1,6,1149,1,13,2,1
201301YE80626,1,9,0,18,0,8,0,0,0,0,3,1,6,1,7,1390,1,9,3,1
201301YE80626,2,9,0,9,0,6,0,0,0,0,1,1,6,1,6,-1,-1,-1,3,1
201301YE80627,1,9,0,18,0,8,0,0,0,0,1,1,6,1,5,-1,-1,-1,1,1
201301YE80627,2,9,0,9,0,8,0,0,0,0,4,1,6,1,4,1242,1,13,3,1
201301YE80628,1,9,0,18,0,0,0,0,0,0,1,1,6,2,6,1390,1,12,5,1
201301YE80628,2,9,0,4,0,0,0,0,0,0,2,1,6,1,-1,1910,2,6,-1,-1
201301YE80629,1,9,0,18,0,0,0,0,0,0,1,1,6,1,4,1242,1,4,7,1
201301YE80630,1,9,0,17,0,8,0,0,0,0,4,1,6,2,6,1242,1,2,3,1
201301YE80630,2,9,0,7,0,8,0,0,0,0,1,1,6,1,-1,1598,1,14,2,1
201301YE80631,1,9,0,3,0,1,0,0,0,0,2,1,6,1,7,1896,2,9,-1,-1
201301YE80631,2,9,0,18,0,1,0,0,0,0,1,1,6,1,-1,1995,2,10,-1,-1
201301YE80632,1,9,0,18,0,0,0,0,0,0,4,1,6,1,7,-1,-1,-1,2,1
201301YE80632,2,1,0,18,0,0,0,0,0,0,3,1,4,1,2,-1,-1,-1,-1,-1
201301YE80633,1,3,0,18,0,8,0,0,0,0,1,1,6,1,6,125,1,12,1,1
201301YE80633,2,9,0,5,0,8,0,0,0,0,3,1,6,1,-1,1998,1,4,-1,-1
201301YE80634,1,9,0,18,0,8,0,0,0,0,1,1,6,2,10,1598,1,7,3,1
201301YE80634,2,9,0,9,0,8,0,0,0,0,1,1,6,1,7,-1,-1,-1,3,1
201301YE80635,1,3,0,18,0,1,0,10,3,0,3,1,6,1,4,-1,-1,-1,3,1
201301YE80636,1,9,0,4,0,0,0,0,0,0,2,1,2,1,9,2143,2,2,9,1
201301YE80636,2,9,0,4,0,0,0,0,0,0,2,1,6,1,8,-1,-1,-1,6,1
201301YE80636,3,9,0,4,0,0,0,0,0,0,2,1,6,1,5,1360,1,13,6,1
201301YE80636,4,9,0,4,0,0,0,0,0,0,2,1,6,1,7,1896,2,9,1,1
201301YE80636,5,9,0,18,0,0,0,0,0,0,1,1,6,1,6,4398,1,9,1,1
201301YE80637,1,11,0,18,0,0,0,0,0,0,1,1,1,1,8,6700,2,1,3,1
201301YE80638,1,5,0,8,0,1,0,0,0,0,4,1,1,1,-1,-1,-1,-1,-1,-1
201301YE80638,2,9,0,7,0,1,0,0,0,0,3,1,6,1,-1,1389,1,18,7,1
201301YE80639,1,9,0,4,0,1,0,0,0,0,2,1,6,1,6,1896,2,13,-1,-1
201301YE80639,2,11,0,18,0,1,0,0,0,0,1,1,1,1,7,9200,2,10,2,1
201301YE80640,1,9,0,18,0,0,0,0,0,0,1,1,6,1,6,1956,2,1,3,1
201301YE80640,2,9,0,18,0,0,0,0,0,0,1,1,6,1,6,1396,1,13,3,1
201301YE80642,1,9,0,9,0,6,0,0,0,0,1,1,6,2,6,1390,1,11,5,1
201301YE80642,2,3,0,18,0,8,1,0,0,0,1,1,6,1,7,125,1,6,2,1
201301YE80644,1,9,0,3,0,1,0,0,0,0,2,1,6,2,6,1596,1,6,5,1
201301YE80644,2,9,0,18,0,1,0,0,0,0,1,1,6,1,6,-1,-1,-1,1,1
201301YE80645,1,9,0,14,0,1,0,0,0,0,1,1,6,1,4,2148,2,6,1,1
201301YE80645,2,3,0,13,0,1,1,0,0,0,1,1,2,1,5,125,1,-1,1,1
201301YE80646,1,9,0,3,0,1,0,0,0,0,2,1,6,1,6,-1,-1,-1,2,1
201301YE80646,2,9,0,18,0,1,0,0,0,0,1,1,6,1,7,4700,1,30,2,1
201301YE80648,1,9,0,18,0,0,0,0,0,0,4,1,6,3,-1,-1,-1,-1,-1,-1
201301YE80649,1,9,0,3,0,1,0,0,0,0,2,1,6,2,6,1242,1,10,3,1
201301YE80649,2,9,0,18,0,1,0,0,0,0,1,1,6,1,-1,-1,-1,-1,-1,-1
201301YE80650,1,9,0,18,0,1,1,10,4,4,1,1,6,1,5,1600,1,13,4,1
201301YE80651,1,9,0,9,0,8,0,0,0,0,4,1,6,2,6,1598,1,9,1,1
201301YE80651,2,9,0,18,0,8,0,0,0,0,1,1,6,3,-1,-1,-1,-1,-1,-1
201301YE80652,1,9,0,5,0,8,0,0,0,0,1,1,6,1,-1,1896,2,5,5,1
201301YE80652,2,20,0,18,0,8,0,0,0,0,4,1,1,1,6,-1,-1,-1,8,2
201301YE80653,1,9,0,18,0,0,5,4,0,0,1,1,6,1,5,-1,-1,-1,5,1
201301YE80654,1,9,0,9,0,8,0,0,0,0,1,1,6,2,8,1998,1,9,4,1
201301YE80654,2,3,0,18,0,8,0,4,0,0,3,1,6,1,6,125,1,7,3,1
201301YE80656,1,9,0,11,0,0,0,0,0,0,1,1,6,1,8,1995,1,8,9,1
201301YE80657,1,8,0,1,0,1,0,0,0,0,2,1,1,1,8,1598,1,10,1,1
201301YE80658,1,9,0,9,0,8,0,0,0,0,3,1,6,1,5,1242,1,6,1,1
201301YE80658,2,5,0,18,0,8,0,0,0,0,1,1,6,1,5,599,1,11,5,1
201301YE80659,1,9,0,9,0,2,0,0,0,0,1,1,6,2,8,1598,1,3,5,1
201301YE80660,1,9,0,18,0,5,0,0,0,0,1,1,6,1,6,1798,1,10,-1,-1
201301YE80660,2,9,0,18,7,2,0,0,0,0,2,1,6,1,7,2295,1,12,4,1
201301YE80660,3,9,4,3,0,2,0,0,0,0,2,1,1,1,9,4164,2,13,-1,-1
201301YE80661,1,11,0,18,0,8,0,0,0,0,0,1,1,1,8,6700,2,5,-1,-1
201301YE80662,1,3,0,15,0,8,0,0,0,0,3,1,6,1,5,125,1,5,2,1
201301YE80662,2,9,0,7,0,8,0,0,0,0,4,1,6,1,6,1995,2,11,3,1
201301YE80663,1,4,0,18,0,1,0,0,0,0,3,1,6,1,5,125,1,6,2,1
201301YE80663,2,9,0,9,0,8,0,0,0,0,1,1,6,1,6,1248,2,9,5,1
201301YE80664,1,9,0,18,0,1,0,0,0,0,1,1,6,1,7,-1,-1,-1,2,1
201301YE80665,1,9,0,18,0,0,0,0,0,0,1,1,6,2,6,1248,2,5,9,1
201301YE80666,1,1,0,18,0,8,0,0,0,0,1,1,6,1,3,-1,-1,-1,3,1
201301YE80666,2,9,0,18,0,8,0,0,0,0,1,1,6,1,-1,-1,-1,-1,-1,-1
201301YE80667,1,9,0,18,0,0,0,0,0,0,2,1,6,1,6,1086,1,8,6,1
201301YE80667,2,9,0,18,0,0,0,0,0,0,1,1,6,2,-1,1242,1,12,-1,-1
201301YE80668,1,9,0,1,0,2,0,0,0,0,2,1,6,1,2,1791,8,2,4,1
201301YE80669,1,9,0,3,0,1,0,0,0,0,2,1,6,2,6,1753,2,7,9,1
201301YE80669,2,9,0,18,0,1,0,0,0,0,1,1,6,2,6,998,1,15,6,1
201301YE80671,1,9,0,18,0,1,0,0,0,0,1,1,6,1,7,-1,-1,-1,2,1
201301YE80671,2,9,0,18,0,1,0,0,0,0,1,1,6,1,11,1388,1,4,10,3
201301YE80672,1,21,0,18,0,0,2,2,0,0,4,1,1,1,8,11705,2,2,-1,-1
201301YE80673,1,9,0,18,0,1,0,0,0,0,1,1,6,2,-1,1390,1,12,-1,-1
201301YE80676,1,9,0,18,0,3,0,0,0,0,2,1,6,1,7,973,1,11,3,1
201301YE80676,2,9,0,18,0,3,0,0,0,0,1,1,6,1,8,2993,2,8,5,1
201301YE80677,1,19,0,18,0,8,0,0,0,0,3,1,6,1,7,1998,2,8,1,1
201301YE80677,2,9,0,18,0,8,0,0,0,0,3,1,6,1,9,-1,-1,-1,3,1
201301YE80678,1,9,0,18,0,8,0,0,0,0,3,1,6,2,8,1796,1,13,6,1
201301YE80678,2,3,0,18,0,8,0,0,0,0,4,1,1,1,6,109,1,-1,5,1
201301YE80679,1,9,0,3,0,1,0,0,0,0,2,1,6,1,9,2776,2,6,1,1
201301YE80679,2,9,0,18,0,1,0,0,0,0,1,1,6,1,-1,1989,1,14,-1,-1
201301YE80681,1,9,0,17,0,8,0,0,0,0,4,1,6,2,7,1364,1,5,1,1
201301YE80681,2,9,0,16,0,8,0,0,0,0,1,1,6,3,-1,1590,1,8,-1,-1
201301YE80682,1,9,0,3,0,1,0,0,0,0,2,1,6,1,-1,1984,1,9,5,1
201301YE80682,2,9,0,18,0,1,0,0,0,0,1,1,6,1,-1,1364,1,8,-1,-1
201301YE80683,1,9,0,3,0,0,0,0,0,0,2,1,6,1,6,1984,1,6,6,1
201301YE80683,2,9,0,3,0,0,0,0,0,0,2,1,6,1,-1,1796,1,5,-1,-1
201301YE80683,3,9,0,18,0,0,0,0,0,0,1,1,6,2,-1,-1,-1,-1,-1,-1
201301YE80685,1,9,0,18,0,8,0,0,0,0,4,1,6,2,6,1598,1,14,4,1
201301YE80685,2,9,0,7,0,8,0,0,0,0,1,1,6,3,-1,1781,1,11,-1,-1
201301YE80686,1,1,0,18,0,0,0,0,0,0,1,1,6,1,3,-1,-1,-1,5,1
201301YE80686,2,9,0,18,0,0,0,0,0,0,1,1,6,1,-1,1242,1,8,-1,-1
201301YE80687,1,9,0,18,0,8,0,0,0,0,1,1,2,1,7,2435,1,15,7,1
201301YE80687,2,9,0,9,0,8,0,0,0,0,4,1,6,2,6,1995,1,3,4,1
201301YE80688,1,3,0,3,0,1,0,0,0,0,2,1,6,1,6,124,1,4,3,1
201301YE80688,2,9,0,5,0,1,0,0,0,0,1,1,6,1,6,1149,1,14,4,1
201301YE80690,1,9,0,9,0,1,0,0,0,0,1,1,6,1,-1,2171,1,12,-1,-1
201301YE80691,1,9,0,3,0,1,0,0,0,0,2,1,6,1,7,1900,2,13,1,1
201301YE80691,2,9,0,5,0,1,0,0,0,0,1,1,6,1,-1,-1,-1,-1,-1,-1
201301YE80692,1,9,0,18,0,0,0,0,0,0,4,1,6,1,6,998,1,12,6,1
201301YE80693,1,9,0,3,0,8,0,0,0,0,2,1,2,1,10,999,1,5,9,1
201301YE80693,2,9,0,5,0,8,0,0,0,0,1,1,6,1,-1,2171,1,11,-1,-1
201301YE80695,1,8,0,18,0,1,0,10,1,1,1,1,1,1,6,1910,2,5,4,1
201301YE80696,1,9,0,5,6,1,0,0,0,0,4,1,6,1,10,1796,1,13,4,1
201301YE80697,1,21,0,18,6,0,0,0,0,0,1,1,1,1,8,11705,2,10,-1,-1
201301YE80697,2,9,0,3,6,0,0,0,0,0,2,1,6,1,5,-1,-1,-1,7,1
201301YE80697,3,21,0,3,6,0,0,0,0,0,2,1,1,1,9,12809,2,1,9,1
201301YE80698,1,19,0,1,0,8,0,0,0,0,2,1,1,1,6,-1,-1,-1,3,1
201301YE80698,2,3,0,18,0,8,0,0,0,0,1,1,6,1,9,-1,-1,-1,4,1
201301YE80699,1,9,0,3,0,1,0,0,0,0,2,1,6,2,5,1398,1,-1,3,1
201301YE80699,2,9,0,3,0,1,0,0,0,0,2,1,6,1,4,1390,1,12,2,1
201301YE80699,3,9,0,3,0,1,0,0,0,0,2,1,6,1,7,1998,1,7,6,1
201301YE80699,4,9,0,3,0,1,0,0,0,0,2,1,6,1,-1,1229,1,8,2,1
201301YE80699,5,9,0,3,0,1,0,0,0,0,2,1,6,1,5,1686,2,11,8,1
201301YE80699,6,9,0,3,0,1,0,0,0,0,2,1,6,2,7,1988,2,8,9,2
201301YE80699,7,9,0,18,0,1,1,0,0,0,1,1,6,1,6,1984,1,4,4,1
201301YE80700,1,9,0,18,0,8,0,10,4,1,4,1,6,1,9,2993,2,5,6,1
201301YE80700,2,9,0,18,0,8,0,0,0,0,1,1,6,1,7,1896,2,9,6,1
201301YE80701,1,3,0,13,0,1,0,0,0,0,1,1,1,1,5,125,1,2,3,1
201301YE80701,2,9,0,9,0,8,0,0,0,0,4,1,6,1,5,1390,1,8,2,1
201301YE80702,1,9,0,18,0,0,0,0,0,0,1,1,6,2,11,1389,1,8,8,1
201301YE80703,1,9,0,18,0,0,1,0,2,7,4,1,6,2,8,2000,1,7,5,1
201301YE80703,2,21,0,12,0,0,0,0,0,0,3,2,1,1,9,-1,-1,-1,-1,-1
201301YE80704,1,9,0,18,0,0,0,0,0,0,3,1,6,1,11,2198,1,9,10,2
201301YE80704,2,21,0,11,0,0,0,0,0,0,4,1,6,3,-1,-1,-1,-1,-1,-1
201301YE80705,1,9,0,9,0,8,0,0,0,0,3,1,6,2,10,1197,1,1,1,1
201301YE80705,2,9,0,13,0,8,0,0,0,0,1,1,6,2,6,1587,1,11,2,1
201301YE80706,1,8,0,18,0,2,0,7,1,0,1,1,1,1,8,1896,2,8,1,1
201301YE80706,2,9,0,2,0,2,0,0,0,0,2,1,6,3,-1,1598,1,8,-1,-1
201301YE80706,3,9,0,2,0,2,0,0,0,0,1,1,6,3,-1,1596,1,4,-1,-1
201301YE80706,4,9,0,2,0,2,0,0,0,0,2,1,6,3,-1,1332,1,14,-1,-1
201301YE80706,5,9,0,2,0,2,0,0,0,0,2,1,6,3,-1,1973,1,13,-1,-1
201301YE80707,1,9,0,18,0,2,0,4,0,0,1,1,6,1,-1,-1,-1,-1,-1,-1
201301YE80708,1,9,0,7,0,2,0,0,0,0,1,1,6,3,-1,-1,-1,-1,-1,-1
201301YE80709,1,9,0,5,0,1,0,0,0,0,2,1,6,2,10,1299,1,9,4,1
201301YE80709,2,9,0,5,0,1,0,0,0,0,1,1,3,2,-1,1998,1,11,-1,-1
201301YE80710,1,9,0,9,0,8,0,0,0,0,1,1,6,1,4,1242,1,5,2,1
201301YE80710,2,9,0,7,0,1,0,0,0,0,1,1,6,1,11,1998,2,4,6,1
201301YE80711,1,9,0,18,0,5,0,0,0,0,1,1,2,1,7,1598,1,14,-1,-1
201301YE80711,2,1,0,18,0,8,0,0,0,0,3,1,2,1,8,-1,-1,-1,5,1
201301YE80712,1,9,0,7,0,8,0,0,0,0,1,1,6,2,5,1595,1,8,4,1
201301YE80712,2,8,0,18,0,8,0,0,0,0,4,1,1,1,8,2402,2,8,10,1
201301YE80713,1,9,0,11,0,1,0,0,0,0,1,1,6,1,6,-1,-1,-1,5,1
201301YE80713,2,9,0,9,0,1,0,0,0,0,2,1,6,1,7,1968,2,1,-1,-1
201301YE80713,3,9,0,9,0,1,0,0,0,0,2,1,6,1,5,1596,1,8,3,1
201301YE80714,1,9,0,10,0,1,0,0,0,0,2,1,6,2,9,1995,2,9,7,1
201301YE80714,2,9,0,18,0,1,0,0,0,0,1,1,6,1,7,1390,1,10,3,1
201301YE80715,1,9,0,18,0,0,0,0,0,0,3,1,6,2,6,1598,1,3,3,1
201301YE80715,2,9,0,18,0,0,0,4,0,0,3,1,6,1,6,1968,1,8,7,1
201301YE80715,3,9,0,2,0,0,0,0,0,0,2,1,6,3,-1,1968,2,5,-1,-1
201301YE80716,1,9,0,9,0,8,0,0,0,0,3,1,6,2,5,1995,1,6,3,1
201301YE80716,2,9,0,18,0,8,0,0,1,0,1,1,6,1,6,999,1,3,4,1
201301YE80716,3,9,0,10,0,8,0,0,0,0,3,1,6,1,7,1896,2,9,1,1
201301YE80717,1,9,0,18,0,8,0,10,1,7,1,1,6,1,6,2993,2,4,10,3
201301YE80717,2,8,0,9,0,8,0,10,1,7,3,1,1,1,-1,1997,2,5,4,1
201301YE80718,1,9,0,7,0,8,0,0,0,0,4,1,6,1,6,2993,2,8,5,1
201301YE80718,2,2,0,15,0,8,0,0,0,0,3,1,1,1,6,49,1,5,3,1
201301YE80719,1,9,0,18,0,0,0,4,2,2,4,1,6,2,6,3311,8,8,9,1
201301YE80719,2,9,0,18,0,0,0,0,0,0,1,1,6,1,5,1596,1,2,-1,-1
201301YE80720,1,9,0,18,0,3,0,0,0,0,2,1,6,1,7,1596,1,7,1,1
201301YE80720,2,9,0,18,0,3,0,0,0,0,1,1,6,3,-1,1896,2,5,-1,-1
201301YE80721,1,9,0,9,0,2,0,0,0,0,1,1,6,2,-1,-1,-1,-1,-1,-1
201301YE80722,1,9,0,5,0,1,0,0,0,0,1,1,6,1,6,1149,1,3,10,1
201301YE80723,1,9,0,10,0,1,0,0,0,0,1,1,6,1,5,1229,1,1,4,1
201301YE80723,2,9,0,18,0,1,0,0,0,0,1,1,6,1,-1,1595,1,11,-1,-1
201301YE80725,1,9,0,3,0,1,0,0,0,0,4,1,6,1,8,1796,1,9,3,1
201301YE80725,2,9,0,18,0,1,0,0,0,0,1,1,6,1,-1,1968,2,2,-1,-1
201301YE80726,1,9,0,12,0,2,0,0,0,0,3,1,6,2,7,2171,1,12,2,1
201301YE80726,2,9,0,14,0,2,0,0,0,0,1,1,6,2,-1,1598,1,1,-1,-1
201301YE80727,1,11,0,9,0,8,0,0,0,0,0,1,1,1,8,8268,2,10,1,1
201301YE80728,1,3,0,18,0,1,0,0,0,0,1,1,6,1,5,124,1,5,3,1
201301YE80728,2,9,0,9,0,2,0,0,0,0,4,1,6,1,6,1994,2,11,6,1
201301YE80729,1,9,0,4,0,0,0,0,0,0,2,1,1,2,5,1590,1,10,5,1
201301YE80729,2,9,0,18,0,0,0,0,0,0,1,1,2,1,8,2231,2,6,4,1
201301YE80730,1,8,0,9,0,1,0,0,0,0,4,1,1,1,8,1997,2,4,2,1
201301YE80730,2,1,0,15,0,1,0,0,0,0,1,1,6,2,9,-1,-1,-1,1,1
201301YE80731,1,9,0,4,0,0,0,0,0,0,1,1,6,2,6,1956,2,2,5,1
201301YE80731,2,9,0,4,0,0,0,0,0,0,2,1,6,1,8,938,1,13,3,1
201301YE80732,1,9,0,16,0,0,0,0,0,0,1,1,1,1,9,3628,2,6,7,1
201301YE80732,2,9,0,17,0,0,0,0,0,0,1,1,2,2,7,998,1,13,1,1
201301YE80732,3,9,0,17,0,0,0,0,0,0,1,1,6,1,8,-1,-1,-1,3,1
201301YE80733,1,19,0,4,0,1,0,10,7,0,1,1,1,1,7,-1,-1,-1,1,1
201301YE80735,1,9,0,3,0,1,0,0,0,0,2,1,6,1,5,1360,1,14,2,1
201301YE80735,2,19,0,18,0,1,0,0,0,0,1,1,6,1,-1,-1,-1,-1,-1,-1
201301YE80736,1,9,0,18,0,0,0,4,0,0,4,1,6,2,6,1598,1,11,3,1
201301YE80736,2,9,0,2,0,0,0,0,0,0,4,1,6,2,6,2993,2,7,1,1
201301YE80737,1,9,0,18,0,0,5,4,0,0,4,1,6,1,7,998,1,4,2,1
201301YE80738,1,9,0,3,0,0,0,0,0,0,2,1,6,2,7,1896,2,8,6,1
201301YE80738,2,3,0,18,0,0,0,0,0,0,1,1,6,1,-1,-1,-1,-1,-1,-1
201301YE80739,1,9,0,9,0,2,0,0,0,0,1,1,6,2,6,1339,1,6,1,1
201301YE80739,2,9,0,18,0,1,0,0,0,0,1,1,6,1,7,1998,1,10,1,1
201301YE80740,1,3,0,18,0,8,0,0,0,0,1,1,6,1,8,85,1,14,6,1
201301YE80740,2,9,0,5,0,8,0,0,0,0,3,1,6,1,8,1968,2,4,-1,-1
201301YE80741,1,9,0,16,0,1,0,0,0,0,4,1,6,2,5,1598,1,13,5,1
201301YE80742,1,9,0,18,0,0,0,4,1,10,3,1,6,1,5,1588,1,10,4,1
201301YE80742,2,9,0,2,0,0,0,0,0,0,1,1,6,3,-1,1896,2,11,-1,-1
201301YE80742,3,9,0,2,0,0,0,0,0,0,3,1,6,3,-1,1998,1,10,-1,-1
201301YE80742,4,9,0,2,0,0,0,0,0,0,1,1,6,3,-1,1896,2,11,-1,-1
201301YE80743,1,9,0,18,0,0,1,4,1,10,1,1,6,1,8,1850,1,14,1,1
201301YE80744,1,9,0,18,0,0,0,0,0,0,1,1,6,2,6,3000,1,5,3,1
201301YE80744,2,90,0,3,0,0,0,0,0,0,2,1,6,1,8,-1,-1,-1,1,1
201301YE80745,1,9,0,18,0,8,0,0,0,0,1,1,6,2,-1,1598,1,2,5,1
201301YE80745,2,9,0,10,0,8,0,0,0,0,3,1,1,1,7,1995,2,3,7,1