Accident_Index,Vehicle_Reference,Vehicle_Type,Towing_and_Articulation,Vehicle_Manoeuvre,Vehicle_Location-Restricted_Lane,Junction_Location,Skidding_and_Overturning,Hit_Object_in_Carriageway,Vehicle_Leaving_Carriageway,Hit_Object_off_Carriageway,1st_Point_of_Impact,Was_Vehicle_Left_Hand_Drive?,Journey_Purpose_of_Driver,Sex_of_Driver,Age_Band_of_Driver,Engine_Capacity_(CC),Propulsion_Code,Age_of_Vehicle,Driver_IMD_Decile,Driver_Home_Area_Type
201301YR90272,2,1,0,18,0,8,0,0,0,0,1,1,6,1,5,-1,-1,-1,2,1
201301YR90274,1,3,0,13,0,1,0,0,0,0,4,1,1,1,6,-1,-1,-1,4,1
201301YR90274,2,9,0,9,0,2,0,0,0,0,3,1,6,1,5,-1,-1,-1,6,1
201301YR90275,1,9,0,18,0,2,0,0,0,0,1,1,6,1,7,1390,1,13,1,1
201301YR90276,1,1,0,16,0,1,0,0,0,0,2,1,6,1,9,-1,-1,-1,3,1
201301YR90276,2,19,0,16,0,1,0,0,0,0,4,1,6,1,-1,-1,-1,-1,-1,-1
201301YR90277,1,11,0,4,2,2,0,0,0,0,0,1,1,1,5,6692,2,3,3,1
201301YR90277,2,9,0,11,2,2,0,0,0,0,0,1,6,1,-1,-1,-1,-1,-1,-1
201301YR90278,1,11,0,4,0,2,0,0,0,0,3,1,1,1,8,4250,2,2,2,1
201301YR90279,1,9,0,9,0,8,0,0,0,0,4,1,6,2,7,1242,1,4,-1,-1
201301YR90279,2,1,0,15,0,8,0,0,0,0,1,1,6,1,5,-1,-1,-1,1,1
201301YR90280,1,11,0,4,0,0,0,0,0,0,4,1,1,2,-1,-1,-1,-1,-1,-1
201301YR90281,1,11,0,2,0,1,0,0,0,0,0,1,1,2,-1,-1,-1,-1,-1,-1
201301YR90282,1,3,0,14,0,0,0,0,0,0,1,1,1,1,7,-1,-1,-1,2,1
201301YR90282,2,3,0,9,0,0,0,0,0,0,3,1,1,1,5,125,1,7,1,1
201301YR90283,1,9,0,18,0,8,0,0,0,0,3,1,6,1,6,1781,1,16,2,1
201301YR90283,2,8,0,18,0,8,0,0,0,0,1,1,1,1,10,2499,2,6,4,1
201301YR90284,1,11,0,4,0,1,0,0,0,0,0,1,1,1,9,6700,2,1,-1,-1
201301YR90285,1,8,0,9,0,8,0,0,0,0,1,1,1,1,7,1497,8,5,-1,-1
201301YR90285,2,9,0,18,0,8,0,0,0,0,1,1,6,1,-1,-1,-1,-1,-1,-1
201301YR90286,1,9,0,18,0,0,0,0,0,0,1,1,6,3,-1,-1,-1,-1,-1,-1
201301YR90287,1,9,0,9,0,8,0,0,0,0,1,1,6,1,4,1364,1,8,-1,-1
201301YR90289,1,1,0,4,0,8,0,0,0,0,0,1,6,1,7,-1,-1,-1,5,1
201301YR90289,2,9,0,18,0,6,0,0,0,0,0,1,6,2,-1,1598,1,8,-1,-1
201301YR90290,1,11,0,4,0,0,0,0,0,0,0,1,1,1,9,6692,2,2,3,1
201301YR90291,1,11,0,9,0,8,0,0,0,0,0,1,1,1,8,6692,2,-1,1,1
201301YR90292,1,9,0,4,0,8,0,0,0,0,3,1,6,1,7,1794,1,7,1,1
201301YR90292,2,9,0,7,0,5,0,0,0,0,4,1,6,2,6,1199,1,11,3,1
201301YR90293,1,9,0,9,0,1,0,0,0,0,3,1,6,1,-1,1061,1,8,-1,-1
201301YR90293,2,1,0,18,0,8,0,0,0,0,1,1,6,1,6,-1,-1,-1,-1,-1
201301YR90296,1,9,0,4,0,1,0,0,0,0,2,1,6,2,6,1995,2,5,6,1
201301YR90296,2,9,0,18,0,1,0,0,0,0,1,1,6,1,4,1390,1,10,3,1
201301YR90297,1,9,0,18,0,1,0,4,0,0,1,1,6,1,-1,1679,1,14,-1,-1
201301YR90297,2,9,0,18,0,2,0,0,0,0,3,1,6,1,6,2993,2,8,2,1
201301YR90297,3,9,0,5,0,1,0,0,0,0,2,1,6,1,8,1339,1,4,2,1
201301YR90297,4,9,0,2,0,2,0,0,0,0,4,1,6,3,-1,1910,2,6,-1,-1
201301YR90299,1,9,0,4,0,8,0,0,0,0,1,1,1,1,6,-1,-1,-1,-1,-1
201301YR90299,2,19,0,9,0,5,0,0,0,0,2,1,2,1,7,2148,2,5,1,1
201301YR90300,1,19,0,18,0,1,0,0,0,0,1,1,1,1,5,2402,2,11,1,1
201301YR90300,2,9,0,8,0,1,0,0,0,0,2,1,6,2,5,1968,2,6,6,1
201301YR90301,1,1,0,18,0,8,0,0,0,0,1,1,2,1,6,-1,-1,-1,3,1
201301YR90301,2,8,0,6,0,8,0,0,0,0,3,1,1,1,-1,1997,2,1,-1,-1
201301YR90302,1,11,0,4,0,0,0,0,0,0,0,1,1,1,6,4760,2,-1,-1,-1
201301YR90303,1,9,0,18,0,8,0,0,0,0,3,1,6,1,6,1339,1,4,2,1
201301YR90303,2,9,0,18,0,8,0,0,0,0,1,1,6,2,-1,1242,1,12,-1,-1
201301YR90304,1,21,0,5,0,0,0,0,7,10,1,1,1,1,7,-1,-1,-1,-1,-1
201301YR90305,1,9,0,9,0,8,0,0,0,0,3,1,6,2,6,1598,1,9,4,1
201301YR90306,1,3,0,18,0,8,1,0,0,0,1,1,2,1,6,124,1,9,3,1
201301YR90306,2,19,0,9,0,8,0,0,0,0,4,1,1,1,6,2151,2,11,6,1
201301YR90307,1,9,0,18,0,1,0,0,0,0,1,1,6,1,8,1896,2,9,5,1
201301YR90307,2,9,0,4,0,1,0,0,0,0,2,1,6,2,6,1868,2,13,2,1
201301YR90307,3,9,0,4,0,1,0,0,0,0,2,1,6,1,6,-1,-1,-1,4,1
201301YR90308,1,9,0,3,0,1,0,0,0,0,2,1,6,2,6,1598,1,13,-1,-1
201301YR90308,2,9,0,4,0,1,0,0,0,0,1,1,6,1,-1,1753,2,12,-1,-1
201301YR90309,1,9,0,4,0,1,0,0,0,0,2,1,1,1,6,1598,2,-1,3,1
201301YR90309,2,1,0,18,0,1,0,0,0,0,1,1,6,1,7,-1,-1,-1,2,1
201301YR90310,1,9,0,15,0,0,0,10,1,2,3,1,6,1,6,3980,1,21,4,1
201301YR90310,2,19,0,18,0,0,0,0,0,0,4,1,6,1,9,-1,-1,-1,6,1
201301YR90311,1,9,0,7,0,1,0,0,0,0,3,1,6,1,6,-1,-1,-1,4,1
201301YR90311,2,1,0,18,0,1,0,0,0,0,1,1,2,2,5,-1,-1,-1,2,1
201301YR90312,1,9,0,18,0,8,0,0,0,0,1,1,6,1,5,1149,1,11,4,1
201301YR90312,2,9,0,18,0,8,0,0,0,0,4,2,6,1,7,-1,-1,-1,1,1
201301YR90313,1,9,0,5,0,1,0,0,0,0,1,1,6,1,-1,1390,1,21,2,1
201301YR90314,1,9,0,18,0,0,0,0,0,0,1,1,6,1,7,1497,8,5,3,1
201301YR90315,1,9,0,18,0,0,0,0,0,0,1,1,6,3,-1,-1,-1,-1,-1,-1
201301YR90316,1,5,0,18,2,2,1,10,0,0,1,1,1,1,6,599,1,9,4,1
201301YR90317,1,9,0,9,0,8,0,0,0,0,1,1,6,2,6,2497,1,8,-1,-1
201301YR90317,2,5,0,5,0,8,0,0,0,0,3,1,6,1,6,600,1,9,7,1
201301YR90318,1,9,0,9,0,5,0,0,0,0,1,1,2,1,9,2295,1,13,3,1
201301YR90318,2,3,0,4,0,8,0,0,0,0,1,1,2,1,5,124,1,-1,1,1
201301YR90319,1,9,0,4,0,1,0,0,0,0,2,1,6,1,9,1598,1,11,9,3
201301YR90319,2,9,0,18,0,1,0,0,0,0,1,1,6,1,7,1587,1,17,3,1
201301YR90320,1,9,0,18,0,0,0,0,0,0,1,1,6,1,-1,3311,8,7,-1,-1
201301YR90322,1,9,0,18,0,8,2,0,0,0,4,1,6,1,8,1598,1,2,-1,-1
201301YR90322,2,9,0,4,0,8,1,0,0,0,1,1,6,1,6,1598,2,-1,-1,-1
201301YR90323,1,9,0,7,0,6,0,0,4,6,1,1,6,1,4,1995,2,9,5,1
201301YR90324,1,9,0,3,0,0,0,0,0,0,2,1,6,1,8,2231,2,6,3,1
201301YR90324,2,9,0,18,0,0,0,0,0,0,1,1,6,1,-1,3199,1,8,-1,-1
201301YR90325,1,9,0,5,0,8,0,0,0,0,1,1,6,1,10,-1,-1,-1,-1,-1
201301YR90325,2,1,0,18,0,6,0,0,0,0,4,1,6,2,6,-1,-1,-1,2,1
201301YR90326,1,9,0,7,0,6,0,0,0,0,3,1,6,1,5,1360,1,7,3,1
201301YR90326,2,9,0,4,0,8,0,0,0,0,1,1,6,1,7,1797,8,3,6,1
201301YR90327,1,9,0,18,2,0,0,0,0,0,1,1,6,1,6,-1,-1,-1,3,1
201301YR90327,2,11,0,3,2,0,0,0,0,0,1,1,1,1,9,-1,-1,-1,1,1
201301YR90330,1,3,0,18,2,1,0,0,0,0,0,1,6,1,4,124,1,1,1,1
201301YR90330,2,8,0,9,0,5,0,0,0,0,0,1,1,1,8,1995,2,8,6,1
201301YR90331,1,1,0,18,0,2,0,10,0,0,2,1,6,1,8,-1,-1,-1,4,1
201301YR90331,2,9,0,13,0,2,0,0,0,0,4,1,6,3,-1,-1,-1,-1,-1,-1
201301YR90332,1,11,0,4,0,0,0,0,0,0,4,1,1,1,7,6700,2,1,1,1
201301YR90333,1,9,0,9,0,5,0,0,0,0,4,1,6,1,10,1796,1,8,9,1
201301YR90333,2,9,0,18,2,8,0,0,0,0,1,1,6,1,6,2494,1,14,-1,-1
201301YR90335,1,9,0,9,0,2,0,0,0,0,1,1,6,1,10,1390,1,12,1,1
201301YR90335,2,9,0,18,0,1,0,0,0,0,1,1,6,2,8,1275,1,15,8,1
201301YR90336,1,9,0,18,0,8,0,0,0,0,1,1,6,2,9,998,1,6,1,1
201301YR90336,2,1,0,18,0,6,0,0,0,0,4,1,6,1,2,-1,-1,-1,1,1
201301YR90338,1,11,0,5,0,1,0,0,0,0,0,1,1,1,6,4500,2,2,3,1
201301YR90339,1,9,0,16,0,0,1,10,1,2,4,1,6,1,8,1800,1,13,2,1
201301YR90340,1,4,0,18,0,8,0,0,0,0,4,1,1,1,6,49,1,4,3,1
201301YR90340,2,9,0,1,0,6,0,0,0,0,2,1,6,1,-1,-1,-1,-1,-1,-1
201301YR90341,1,9,0,18,0,8,0,0,0,0,1,1,6,3,-1,-1,-1,-1,-1,-1
201301YR90342,1,9,0,18,0,2,0,0,0,0,1,1,6,1,6,1198,1,9,1,1
201301YR90342,2,8,0,9,0,1,0,0,0,0,4,1,1,1,-1,-1,-1,-1,-1,-1
201301YR90343,1,9,0,9,0,1,0,0,0,0,3,1,6,2,6,2720,2,8,1,1
201301YR90343,2,1,0,13,0,1,0,0,0,0,1,1,6,1,6,-1,-1,-1,3,1
201301YR90344,1,9,0,1,0,2,0,0,0,0,2,1,6,1,9,1896,2,7,2,1
201301YR90345,1,9,0,13,0,8,0,0,0,0,3,1,6,1,6,1995,2,13,3,1
201301YR90345,2,4,0,13,0,8,0,0,0,0,1,1,6,1,5,124,1,14,2,1
201301YR90346,1,9,0,6,0,0,0,0,0,0,4,1,6,2,6,-1,-1,-1,-1,-1
201301YR90346,2,5,0,5,0,0,0,0,0,0,1,1,6,1,7,-1,-1,-1,4,1
201301YR90348,1,11,0,5,2,1,0,0,0,0,4,1,1,1,8,6692,2,3,3,1
201301YR90349,1,9,0,13,0,1,0,0,0,0,1,1,6,1,6,1595,1,1,1,1
201301YR90350,1,9,0,14,0,8,0,0,7,10,1,1,6,1,8,1896,2,11,1,1
201301YR90350,2,9,0,9,0,6,0,0,7,0,3,1,6,2,-1,1339,1,7,2,1
201301YR90351,1,9,0,2,0,8,0,0,0,0,3,1,6,1,6,1299,1,10,2,1
201301YR90351,2,1,0,14,0,8,0,0,0,0,1,1,1,1,6,-1,-1,-1,2,1
201301YR90354,1,9,0,9,0,5,0,0,0,0,3,1,6,1,6,2497,1,8,3,1
201301YR90354,2,4,0,18,0,8,0,10,7,0,1,1,6,1,6,645,1,9,2,1
201301YR90355,1,9,0,18,0,0,0,0,0,0,4,1,6,3,-1,-1,-1,-1,-1,-1
201301YR90356,1,9,0,3,0,1,0,0,0,0,2,1,6,1,7,1794,1,11,2,1
201301YR90356,2,9,0,18,0,1,0,0,0,0,1,1,6,2,-1,1895,1,14,-1,-1
201301YR90357,1,9,0,4,0,0,0,0,0,0,4,1,6,1,5,1299,1,14,2,1
201301YR90358,1,9,0,13,0,2,0,0,0,0,4,1,3,2,8,1339,1,3,6,1
201301YR90358,2,1,0,18,0,2,0,0,0,0,3,1,2,2,7,-1,-1,-1,4,1
201301YR90359,1,11,0,4,0,0,0,0,0,0,0,1,1,1,8,6692,2,2,2,1
201301YR90360,1,3,0,18,0,8,0,0,0,0,0,1,6,1,9,124,1,1,1,1
201301YR90360,2,9,0,18,0,6,0,0,0,0,0,1,6,3,-1,-1,-1,-1,-1,-1
201301YR90362,1,9,0,18,0,8,0,0,0,0,4,1,6,1,9,1999,1,7,2,1
201301YR90363,1,9,0,1,0,0,0,0,0,0,2,1,6,1,5,1390,1,4,-1,-1
201301YR90364,1,9,0,18,0,1,0,0,0,0,1,1,6,1,8,1686,2,8,-1,-1
201301YR90366,1,9,0,5,0,2,0,0,0,0,1,1,1,1,8,-1,-1,-1,6,1
201301YR90366,2,1,0,18,0,1,0,0,0,0,3,1,6,1,6,-1,-1,-1,2,1
201301YR90367,1,11,0,18,0,0,0,0,0,0,1,1,1,1,8,6692,2,2,-1,-1
201301YR90368,1,11,0,4,0,2,0,0,0,0,0,1,1,1,8,6692,2,2,3,1
201301YR90369,1,9,0,7,0,5,0,0,0,0,4,1,6,2,6,1242,1,7,8,1
201301YR90369,2,1,0,18,0,8,0,0,0,0,1,1,6,1,4,-1,-1,-1,3,1
201301YR90370,1,3,0,18,2,1,0,0,0,0,1,1,6,1,5,124,1,10,1,1
201301YR90370,2,1,0,18,2,1,0,0,0,0,4,1,6,1,3,-1,-1,-1,1,1
201301YR90371,1,9,0,18,0,8,0,0,0,0,3,1,6,2,7,1596,1,12,-1,-1
201301YR90372,1,9,0,3,0,8,0,0,0,0,1,1,6,1,6,1973,1,15,6,1
201301YR90372,2,9,0,1,0,8,0,0,0,0,2,1,6,1,-1,1390,1,15,-1,-1
201301YR90373,1,11,0,3,0,1,0,0,0,0,0,1,1,1,8,9360,2,1,3,1
201301YR90374,1,8,0,5,0,0,0,0,0,0,4,1,6,1,7,1598,1,5,2,1
201301YR90375,1,9,0,9,0,8,0,0,0,0,4,1,6,1,8,1799,1,18,1,1
201301YR90375,2,1,0,18,0,8,0,0,0,0,1,1,2,1,6,-1,-1,-1,2,1
201301YR90376,1,9,0,18,0,6,0,0,0,0,1,1,6,2,6,1329,1,1,1,1
201301YR90376,2,2,0,5,0,8,0,0,0,0,4,1,6,1,4,49,1,3,2,1
201301YR90377,1,9,0,18,0,1,0,0,0,0,4,1,6,1,6,1149,1,11,3,1
201301YR90378,1,11,0,4,0,1,0,0,0,0,0,1,1,1,7,6700,2,1,4,1
201301YR90379,1,9,0,7,0,1,0,0,0,0,4,1,1,1,6,1998,2,6,2,1
201301YR90379,2,4,0,18,2,1,0,0,0,0,1,1,6,1,7,675,1,3,-1,-1
201301YR90381,1,9,0,5,0,1,0,0,0,0,1,1,6,1,-1,2438,1,17,-1,-1
201301YR90382,1,9,0,4,0,0,0,0,0,0,1,1,1,1,9,1598,1,4,1,1
201301YR90383,1,9,0,5,0,1,0,10,1,10,1,1,6,1,11,1495,1,13,6,1
201301YR90384,1,9,0,4,0,8,0,0,0,0,3,1,6,1,5,1596,1,5,3,1
201301YR90384,2,9,0,9,0,6,0,0,0,0,1,1,3,2,-1,1968,2,6,2,1
201301YR90385,1,19,0,6,0,0,0,0,0,0,3,1,1,1,8,1560,2,2,2,1
201301YR90385,2,5,0,18,0,0,0,0,0,0,1,1,6,1,6,656,1,3,-1,-1
201301YR90386,1,9,0,7,0,5,0,0,0,0,4,1,6,3,-1,-1,-1,-1,-1,-1
201301YR90386,2,1,0,18,4,8,0,0,0,0,1,1,6,1,7,-1,-1,-1,2,1
201301YR90387,1,11,0,18,0,2,0,0,0,0,1,1,1,1,8,4500,2,2,1,1
201301YR90388,1,9,0,18,0,1,0,0,0,0,4,1,6,1,7,2362,1,6,2,1
201301YR90389,1,11,0,5,0,1,0,0,0,0,1,1,1,1,8,8268,2,10,2,1
201301YR90390,1,9,0,9,0,8,0,0,0,0,4,1,6,1,10,1364,1,4,3,1
201301YR90390,2,5,0,18,0,8,0,0,0,0,3,1,6,1,7,999,1,2,2,1
201301YR90391,1,11,0,4,0,1,0,0,0,0,4,1,1,1,8,4500,2,2,-1,-1
201301YR90392,1,9,0,10,0,8,0,0,0,0,4,1,6,2,6,1229,1,8,2,1
201301YR90392,2,2,0,14,0,8,0,0,0,0,1,1,1,1,5,49,1,6,1,1
201301YR90393,1,19,0,11,2,1,1,0,0,0,3,1,1,1,-1,1995,2,5,3,1
201301YR90395,1,9,0,7,0,5,0,0,0,0,4,1,1,2,8,1242,1,5,5,1
201301YR90395,2,1,0,7,0,5,0,0,0,0,3,1,6,1,8,-1,-1,-1,2,1
201301YR90397,1,9,0,18,0,1,0,4,1,10,1,1,6,1,6,1796,1,7,1,1
201301YR90397,2,9,0,2,9,1,0,0,0,0,1,1,6,3,-1,4999,1,7,-1,-1
201301YR90398,1,9,0,9,0,2,0,0,0,0,1,1,6,1,9,1560,2,-1,-1,-1
201301YR90398,2,19,0,9,0,2,0,0,0,0,2,1,6,1,6,1896,2,12,3,1
201301YR90399,1,9,0,4,0,1,0,0,0,0,2,1,6,1,6,-1,-1,-1,-1,-1
201301YR90399,2,19,0,18,0,1,0,0,0,0,1,1,6,1,6,1753,2,8,3,1
201301YR90400,1,9,0,9,0,6,0,0,0,0,1,1,6,1,5,1598,1,1,2,1
201301YR90400,2,9,0,13,0,8,0,0,0,0,4,1,6,2,7,1997,2,9,3,1
201301YR90402,1,8,0,2,0,0,0,0,0,0,4,1,1,1,7,1896,2,8,2,1
201301YR90402,2,1,0,18,0,0,0,4,0,0,1,1,6,1,10,-1,-1,-1,2,1
201301YR90403,1,9,0,9,0,8,0,0,0,0,3,1,6,2,9,1590,1,9,3,1
201301YR90403,2,2,0,13,0,8,0,0,0,0,1,1,6,1,7,599,1,17,3,1
201301YR90404,1,1,0,18,0,8,1,10,1,0,1,1,2,1,7,-1,-1,-1,3,1
201301YR90404,2,9,0,9,0,5,0,0,0,0,4,1,6,2,-1,1598,1,7,-1,-1
201301YR90405,1,19,0,5,0,8,0,0,0,0,1,1,6,1,9,1686,2,10,3,1
201301YR90405,2,9,0,18,0,8,5,4,0,0,4,1,6,1,6,1229,1,-1,-1,-1
201301YR90405,3,9,0,2,0,8,0,0,0,0,3,1,6,3,-1,1796,1,5,-1,-1
201301YR90407,1,1,0,18,0,1,0,0,0,0,1,1,2,1,6,-1,-1,-1,2,1
201301YR90409,1,9,0,2,2,0,0,0,0,0,3,1,6,2,7,1364,1,9,4,1
201301YR90409,2,1,0,18,2,0,0,4,0,0,1,1,6,1,7,-1,-1,-1,1,1
201301YR90410,1,9,0,14,0,0,0,0,0,0,4,1,1,2,6,1995,2,1,2,1
201301YR90411,1,9,0,18,0,0,0,0,0,0,3,1,6,1,-1,1199,1,12,8,1
201301YR90411,2,9,0,11,0,0,0,0,0,0,4,1,6,1,6,-1,-1,-1,7,1
201301YR90413,1,9,0,18,0,0,0,0,0,0,1,1,6,1,9,1598,1,26,1,1
201301YR90413,2,1,0,18,0,0,0,0,0,0,1,1,6,1,7,-1,-1,-1,3,1
201301YR90414,1,4,0,18,0,2,0,0,0,0,1,1,6,1,8,-1,-1,-1,2,1
201301YR90414,2,9,0,10,0,1,0,0,0,0,3,1,6,1,8,1794,7,8,1,1
201301YR90415,1,9,0,18,0,0,0,0,0,0,4,1,6,1,6,1796,1,12,3,1
201301YR90417,1,1,0,7,0,2,0,4,0,0,4,1,6,1,4,-1,-1,-1,2,1
201301YR90418,1,1,0,18,0,2,0,0,0,0,3,1,6,1,3,-1,-1,-1,-1,-1
201301YR90418,2,9,0,16,0,2,0,0,0,0,1,1,6,2,9,-1,-1,-1,2,1
201301YR90420,1,9,0,18,0,2,0,0,0,0,1,1,1,1,6,-1,-1,-1,2,1
201301YR90420,2,9,0,3,0,2,0,0,0,0,2,1,6,2,6,2179,2,4,3,1
201301YR90420,3,19,0,3,0,2,0,0,0,0,2,1,1,1,6,2198,2,4,3,1
201301YR90421,1,9,0,18,0,0,0,0,0,0,1,1,6,1,7,2987,2,4,2,1
201301YR90422,1,9,0,2,0,0,0,0,0,0,2,1,6,2,8,-1,-1,-1,5,1
201301YR90422,2,1,0,18,0,0,0,4,0,0,1,1,6,1,9,-1,-1,-1,4,1
201301YR90423,1,9,0,18,0,2,0,0,0,0,2,1,6,1,-1,-1,-1,-1,-1,-1
201301YR90423,2,3,0,18,0,2,0,0,0,0,1,1,1,1,6,125,1,9,1,1
201301YR90425,1,8,0,3,0,1,0,0,0,0,2,1,1,1,6,1910,2,5,3,1
201301YR90425,2,9,0,18,0,1,0,0,0,0,1,1,6,1,-1,1998,1,12,-1,-1
201301YR90426,1,21,1,16,0,0,0,0,0,0,0,1,1,1,8,11946,2,4,-1,-1
201301YR90427,1,9,0,9,0,8,0,0,0,0,4,1,3,2,7,1587,1,12,1,1
201301YR90427,2,3,0,18,0,8,0,0,0,0,1,1,6,1,4,124,1,28,3,1
201301YR90428,1,9,0,4,0,1,0,0,0,0,2,1,6,1,8,1997,2,13,3,1
201301YR90428,2,9,0,16,0,8,0,0,0,0,1,1,6,1,7,1240,1,8,1,1
201301YR90429,1,5,0,12,0,0,0,0,0,0,3,1,6,1,7,849,1,1,4,1
201301YR90429,2,9,0,18,0,0,0,0,0,0,4,1,6,2,6,1968,2,6,2,1
201301YR90429,3,11,0,18,2,0,0,0,0,0,3,1,1,1,7,6692,2,-1,-1,-1
201301YR90430,1,9,0,4,0,1,0,0,0,0,2,1,6,1,5,998,1,-1,1,1
201301YR90430,2,9,0,4,0,1,0,0,0,0,2,1,6,1,-1,1389,1,19,-1,-1
201301YR90430,3,19,0,4,0,1,0,0,0,0,1,1,6,1,-1,-1,-1,-1,-1,-1
201301YR90434,1,1,0,18,0,8,0,0,0,0,4,1,2,1,5,-1,-1,-1,6,1
201301YR90434,2,9,0,7,0,8,0,0,0,0,0,1,6,3,-1,1229,1,7,-1,-1
201301YR90435,1,9,0,5,0,0,0,0,0,0,1,1,6,2,6,1560,2,2,2,1
201301YR90435,2,5,0,14,0,0,0,0,0,0,4,1,1,1,5,670,1,1,-1,-1
201301YR90436,1,9,0,18,0,2,0,0,0,0,1,1,1,1,7,1686,2,-1,2,1
201301YR90437,1,9,0,9,0,8,0,0,0,0,4,1,1,2,5,1388,1,5,3,1
201301YR90437,2,5,0,18,0,8,0,0,0,0,1,1,6,1,6,998,1,7,2,1
201301YR90438,1,9,0,18,0,0,0,10,2,10,1,1,6,1,-1,1388,1,3,3,1
201301YR90439,1,9,0,5,0,1,0,0,0,0,3,1,6,2,6,1198,1,5,5,1
201301YR90439,2,9,0,18,0,1,0,0,0,0,1,1,1,1,9,1968,2,1,9,1
201301YR90440,1,3,0,18,0,2,0,0,0,0,3,1,6,1,9,124,1,1,3,1
201301YR90440,2,19,0,11,0,2,0,0,0,0,4,1,6,3,-1,-1,-1,-1,-1,-1
201301YR90441,1,9,0,18,0,1,0,0,0,0,2,1,6,1,7,1896,2,10,3,1
201301YR90441,2,9,0,18,0,1,0,0,0,0,1,1,6,1,-1,3200,1,5,-1,-1
201301YR90442,1,19,0,18,0,8,0,0,0,0,1,1,1,1,5,2198,2,-1,2,1
201301YR90443,1,19,0,4,0,0,0,0,0,0,1,1,6,3,-1,2287,2,1,-1,-1
201301YR90444,1,11,0,5,0,1,0,0,0,0,0,1,1,1,6,6692,2,3,1,1
201301YR90444,2,9,0,11,0,1,0,0,0,0,0,1,6,3,-1,-1,-1,-1,-1,-1
201301YR90445,1,8,0,18,0,1,0,0,0,0,1,1,6,1,8,1998,1,10,3,1
201301YR90445,2,8,0,3,0,1,0,0,0,0,2,1,6,1,6,1596,1,8,-1,-1
201301YR90446,1,9,0,18,0,0,0,0,0,0,1,1,6,2,6,1229,1,8,4,1
201301YR90446,2,9,0,3,0,0,0,0,0,0,0,1,6,3,-1,-1,-1,-1,-1,-1
201301YR90447,1,3,0,18,2,1,0,0,0,0,3,1,6,1,7,124,1,3,2,1
201301YR90447,2,9,0,7,0,1,0,0,0,0,4,1,6,1,7,1240,1,8,5,1
201301YR90448,1,9,0,6,0,0,0,0,0,0,4,1,6,2,7,1360,1,2,4,1
201301YR90448,2,5,0,18,0,0,0,0,0,0,1,1,2,1,7,998,1,5,-1,-1
201301YR90449,1,9,0,18,0,1,0,0,0,0,4,1,6,1,6,1598,1,5,2,1
201301YR90449,2,9,0,18,0,1,0,0,0,0,1,1,6,1,-1,-1,-1,-1,1,1
201301YR90451,1,11,0,18,0,1,0,0,0,0,0,1,1,2,8,4760,2,-1,1,1
201301YR90452,1,9,0,18,0,0,0,0,0,0,1,1,6,1,8,1461,2,5,2,1
201301YR90452,2,1,0,18,0,0,0,0,0,0,3,1,6,1,2,-1,-1,-1,2,1
201301YR90453,1,1,0,18,0,8,0,0,0,0,4,1,6,2,7,-1,-1,-1,6,1
201301YR90453,2,9,0,5,0,8,0,0,0,0,1,1,6,2,-1,1995,2,8,-1,-1
201301YR90454,1,5,0,18,2,1,0,0,0,0,1,1,2,1,8,499,1,12,4,1
201301YR90455,1,9,0,2,0,1,0,0,0,0,3,1,6,1,8,-1,-1,-1,10,1
201301YR90455,2,1,0,18,0,1,0,4,0,0,4,1,6,2,6,-1,-1,-1,1,1
201301YR90457,1,11,0,4,0,0,0,0,0,0,0,1,1,1,7,6692,2,2,8,1
201301YR90457,2,9,0,11,0,0,0,0,0,0,0,1,6,3,-1,-1,-1,-1,-1,-1
201301YR90458,1,3,0,17,0,0,0,0,0,0,0,1,6,1,-1,125,1,5,1,1
201301YR90460,1,9,0,17,0,0,0,0,0,0,1,1,2,1,5,1997,2,1,1,1
201301YR90462,1,4,0,18,0,1,0,0,0,0,1,1,6,1,6,-1,-1,-1,5,1
201301YR90462,2,9,0,9,0,1,0,0,0,0,4,1,6,1,9,2259,1,13,1,1
201301YR90463,1,9,0,3,0,1,0,0,0,0,2,1,6,2,6,1781,1,14,1,1
201301YR90463,2,9,0,18,0,1,0,0,0,0,1,1,6,3,-1,-1,-1,-1,-1,-1
201301YR90464,1,9,0,15,0,1,0,0,0,0,3,1,6,1,7,1968,2,3,1,1
201301YR90464,2,9,0,9,0,1,0,0,0,0,4,1,6,1,9,998,1,1,8,1
201301YR90465,1,1,0,4,0,0,0,4,0,0,4,1,6,2,6,-1,-1,-1,4,1
201301YR90465,2,9,0,2,0,0,0,0,0,0,3,1,6,3,-1,-1,-1,-1,-1,-1
201301YR90466,1,1,0,14,0,0,0,0,0,0,1,1,6,1,6,-1,-1,-1,-1,-1
201301YR90467,1,8,0,18,0,1,0,0,1,0,3,1,1,1,6,1991,2,8,3,1
201301YR90467,2,9,0,6,0,1,0,0,0,0,1,1,6,3,-1,1560,2,-1,-1,-1
201301YR90468,1,9,0,18,0,1,0,0,0,0,1,1,6,2,6,1339,1,5,1,1
201301YR90468,2,1,0,9,0,1,0,0,0,0,2,1,6,1,4,-1,-1,-1,2,1
201301YR90469,1,9,0,18,0,1,0,0,0,0,4,1,6,1,5,-1,-1,-1,2,1
201301YR90470,1,1,0,9,0,8,0,0,0,0,3,1,4,1,3,-1,-1,-1,5,1
201301YR90470,2,9,0,13,0,8,0,0,0,0,4,1,6,1,-1,1797,1,6,-1,-1
201301YR90471,1,11,0,4,0,2,0,0,0,0,1,1,1,1,9,6700,2,3,-1,-1
201301YR90471,2,9,0,3,0,2,0,0,0,0,2,1,6,1,7,1910,2,6,2,1
201301YR90472,1,1,0,18,0,8,0,0,0,0,1,1,6,1,8,-1,-1,-1,1,1
201301YR90473,1,19,0,18,0,0,0,0,0,0,4,1,1,1,6,2198,2,5,1,1
201301YR90474,1,1,0,18,0,1,0,0,0,0,3,1,6,1,6,-1,-1,-1,6,1
201301YR90474,2,9,0,13,0,1,0,0,0,0,4,1,6,1,-1,-1,-1,-1,1,1