Accident_Index,Vehicle_Reference,Vehicle_Type,Towing_and_Articulation,Vehicle_Manoeuvre,Vehicle_Location-Restricted_Lane,Junction_Location,Skidding_and_Overturning,Hit_Object_in_Carriageway,Vehicle_Leaving_Carriageway,Hit_Object_off_Carriageway,1st_Point_of_Impact,Was_Vehicle_Left_Hand_Drive?,Journey_Purpose_of_Driver,Sex_of_Driver,Age_Band_of_Driver,Engine_Capacity_(CC),Propulsion_Code,Age_of_Vehicle,Driver_IMD_Decile,Driver_Home_Area_Type
201301YR90858,2,9,0,18,0,1,0,0,0,0,1,1,6,1,8,1390,1,15,-1,-1
201301YR90859,1,9,0,9,0,8,0,0,0,0,4,1,6,3,-1,-1,-1,-1,-1,-1
201301YR90859,2,1,0,18,0,8,0,0,0,0,1,1,6,1,6,-1,-1,-1,1,1
201301YR90860,1,9,0,4,0,2,0,0,0,0,1,1,6,2,11,1598,1,3,7,1
201301YR90861,1,11,0,5,0,2,0,0,0,0,4,1,1,1,7,4760,2,2,2,1
201301YR90862,1,8,0,18,0,2,0,0,0,0,3,1,1,1,8,-1,-1,-1,1,1
201301YR90863,1,9,0,17,0,2,0,0,0,0,2,1,6,2,6,1995,1,4,1,1
201301YR90863,2,9,0,17,0,2,0,0,0,0,1,1,6,1,-1,1332,1,16,-1,-1
201301YR90864,1,3,0,18,0,8,0,0,0,0,3,1,6,1,5,125,1,6,2,1
201301YR90864,2,9,0,9,0,8,0,0,0,0,1,1,6,1,-1,-1,-1,-1,-1,-1
201301YR90865,1,9,0,9,0,8,0,0,0,0,3,1,6,1,6,1753,2,8,-1,-1
201301YR90865,2,3,0,17,0,8,0,0,0,0,1,1,6,1,5,125,1,7,2,1
201301YR90866,1,9,0,1,0,1,0,0,0,0,2,1,6,1,7,4398,1,10,3,1
201301YR90868,1,3,0,18,0,8,0,0,0,0,1,1,2,1,6,-1,-1,-1,3,1
201301YR90869,1,9,0,18,0,8,0,0,0,0,3,1,6,1,7,1896,2,8,4,1
201301YR90869,2,9,0,7,0,8,0,0,0,0,1,1,6,1,6,-1,-1,-1,-1,-1
201301YR90870,1,5,0,13,0,8,0,0,0,0,4,1,6,1,9,892,1,14,7,3
201301YR90870,2,19,0,9,0,8,0,0,0,0,3,1,6,1,-1,-1,-1,-1,-1,-1
201301YR90871,1,9,0,18,0,0,0,4,0,0,1,1,6,1,5,1364,1,7,2,1
201301YR90872,1,8,0,9,0,8,0,0,0,0,3,1,1,1,8,1997,2,2,2,1
201301YR90872,2,3,0,18,0,8,0,0,0,0,1,1,1,1,5,125,1,4,5,1
201301YR90873,1,9,0,18,0,2,0,0,0,0,1,1,6,3,-1,-1,-1,-1,-1,-1
201301YR90875,1,9,0,3,0,0,0,0,0,0,2,1,6,2,8,1598,1,10,3,1
201301YR90875,2,9,0,18,0,0,0,0,0,0,1,1,6,2,-1,1400,1,8,-1,-1
201301YR90876,1,9,0,7,0,2,0,0,0,0,4,1,6,1,10,1599,1,6,7,3
201301YR90877,1,9,0,5,0,0,0,10,1,2,1,1,6,1,6,1796,1,7,1,1
201301YR90878,1,8,0,9,0,8,0,0,0,0,1,1,1,1,7,1968,2,4,1,1
201301YR90878,2,3,0,18,0,8,0,0,0,0,1,1,6,1,5,124,1,5,3,1
201301YR90879,1,3,0,18,0,8,0,0,0,0,1,1,6,1,5,125,1,2,-1,-1
201301YR90879,2,19,0,9,0,8,0,0,0,0,4,1,6,1,8,1868,2,13,2,1
201301YR90880,1,19,0,5,0,0,0,0,0,0,1,1,1,1,11,2400,2,9,2,1
201301YR90880,2,1,0,18,0,0,0,0,0,0,1,1,6,1,6,-1,-1,-1,1,1
201301YR90881,1,9,0,18,0,0,0,0,0,0,4,1,6,1,7,2926,2,11,1,1
201301YR90881,2,9,0,12,0,0,0,0,0,0,3,1,6,3,-1,-1,-1,-1,-1,-1
201301YR90882,1,11,0,18,0,1,0,0,0,0,0,1,1,1,6,6692,2,2,2,1
201301YR90888,1,9,0,18,0,8,0,0,0,0,1,1,6,1,7,1198,1,1,-1,-1
201301YR90888,2,19,0,9,0,8,0,0,0,0,1,1,1,1,5,2143,2,2,3,1
201301YR90889,1,11,0,4,2,0,0,0,0,0,1,1,1,1,7,3900,2,11,2,1
201301YR90891,1,9,0,3,0,1,0,0,0,0,2,1,6,1,8,2362,1,12,4,1
201301YR90891,2,9,0,4,0,1,0,0,0,0,1,1,6,1,-1,-1,-1,-1,-1,-1
201301YR90893,1,9,0,9,0,8,0,0,0,0,4,1,6,1,8,1275,1,20,2,1
201301YR90893,2,1,0,18,0,8,0,0,0,0,1,1,6,1,6,-1,-1,-1,2,1
201301YR90894,1,9,0,18,2,0,0,0,0,0,1,1,2,1,7,2993,2,8,2,1
201301YR90895,1,9,0,3,0,0,0,0,0,0,2,1,6,1,6,1199,1,12,8,1
201301YR90895,2,9,0,18,0,0,0,0,0,0,1,1,6,1,-1,1796,1,9,-1,-1
201301YR90896,1,9,0,18,0,2,0,0,0,0,1,1,6,3,-1,-1,-1,-1,-1,-1
201301YR90897,1,11,0,4,0,0,0,0,0,0,4,1,1,3,-1,-1,-1,-1,-1,-1
201301YR90898,1,9,0,18,0,0,0,0,0,0,1,1,3,1,7,2000,1,11,1,1
201301YR90899,1,9,0,9,0,8,0,0,0,0,1,1,6,1,-1,1796,1,14,2,1
201301YR90900,1,8,0,18,0,8,0,0,0,0,3,1,1,1,5,1497,8,5,1,1
201301YR90900,2,9,0,9,0,8,0,10,7,0,4,1,6,1,6,2980,2,19,2,1
201301YR90901,1,11,0,18,0,1,0,0,0,0,0,1,1,1,6,6692,2,2,4,1
201301YR90903,1,9,0,10,0,1,0,0,0,0,2,1,6,1,6,1390,1,14,7,1
201301YR90903,2,9,0,18,0,1,0,0,0,0,1,1,2,2,5,998,1,9,10,1
201301YR90906,1,9,0,6,0,8,0,0,0,0,3,1,6,1,6,-1,-1,-1,6,1
201301YR90906,2,1,0,18,0,8,0,0,0,0,1,1,6,1,7,-1,-1,-1,4,1
201301YR90907,1,9,0,18,0,8,0,0,0,0,1,1,6,1,6,1598,1,8,2,1
201301YR90907,2,9,0,9,0,8,0,0,0,0,4,1,6,2,5,1399,2,9,4,1
201301YR90908,1,11,0,5,0,1,0,0,0,0,0,1,1,1,7,6700,2,2,2,1
201301YR90909,1,9,0,9,0,8,1,0,0,0,1,1,6,1,6,698,1,10,-1,1
201301YR99001,1,9,0,18,0,0,0,0,0,0,1,1,6,3,-1,-1,-1,-1,-1,-1
201301YR99004,1,9,0,18,0,0,0,0,0,0,1,1,2,1,7,998,1,10,-1,-1
201301YR99005,1,9,0,4,0,0,0,0,0,0,2,1,6,1,9,1598,1,8,3,1
201301YR99005,2,9,0,18,0,0,0,0,0,0,2,1,6,1,6,-1,-1,-1,1,1
201301YR99005,3,9,0,18,0,0,0,0,0,0,1,1,6,1,4,1398,1,3,-1,-1
201301YR99006,1,4,0,9,0,5,0,0,0,0,4,1,6,1,5,-1,-1,-1,3,1
201301YR99006,2,8,0,4,2,8,0,0,0,0,1,1,2,1,8,2664,2,12,6,1
201301YR99007,1,9,0,2,0,1,0,0,0,0,3,1,6,1,9,2438,1,17,2,1
201301YR99007,2,11,0,7,0,1,0,4,0,0,4,1,1,1,6,3900,2,11,-1,-1
201301YR99009,1,3,0,17,0,1,1,0,0,0,4,1,2,1,7,-1,-1,-1,10,1
201301YR99009,2,9,0,9,0,8,0,0,0,0,0,1,6,2,8,1299,1,12,-1,-1
201301YR99020,1,9,0,18,0,2,0,0,0,0,1,1,2,2,6,1598,1,2,3,1
201301YR99020,2,19,0,12,0,2,0,0,0,0,2,1,1,1,7,1995,2,5,4,1
201301YR99023,1,1,0,18,0,1,0,0,0,0,2,1,2,1,5,-1,-1,-1,3,1
201301YR99023,2,9,0,18,0,1,0,0,0,0,1,1,6,3,-1,-1,-1,-1,-1,-1
201301YR99061,1,1,0,18,0,0,0,4,0,0,1,1,6,1,7,-1,-1,-1,1,1
201301YR99061,2,9,0,2,0,0,0,0,0,0,1,1,6,3,-1,1360,1,10,-1,-1
201301YR99066,1,20,0,11,0,8,0,0,0,0,4,1,1,1,5,5880,2,8,10,1
201301YR99066,2,9,0,18,0,8,0,0,0,0,3,1,6,2,8,1968,2,7,1,1
201301YR99076,1,3,0,18,0,8,0,10,1,2,1,1,1,1,6,124,1,5,4,1
201301YR99076,2,9,0,9,0,8,0,0,0,0,3,1,6,1,9,1587,1,14,1,1
201301YR99079,1,9,0,18,0,1,0,0,0,0,1,1,6,1,-1,-1,-1,-1,-1,-1
201301YR99124,1,9,0,1,0,1,0,0,0,0,2,1,6,1,-1,1598,1,14,-1,-1
201301ZD30001,1,9,0,7,0,8,0,0,0,0,1,1,6,2,6,1248,2,1,-1,-1
201301ZD30001,2,9,0,18,0,8,0,0,0,0,1,1,6,1,8,1198,1,8,4,1
201301ZD30002,1,1,0,18,0,8,0,0,0,0,1,1,6,1,7,-1,-1,-1,3,1
201301ZD30002,2,9,0,7,0,8,0,0,0,0,4,1,6,3,-1,-1,-1,-1,-1,-1
201301ZD30003,1,9,0,18,0,0,0,10,1,2,1,1,6,1,9,1900,2,8,6,1
201301ZD30007,1,9,0,9,0,8,0,0,0,0,0,1,6,2,4,1968,2,5,4,3
201301ZD30007,2,4,0,18,0,8,0,0,0,0,3,1,6,1,8,234,1,18,8,1
201301ZD30008,1,8,0,2,0,0,0,0,0,0,1,1,6,1,7,2499,2,6,7,1
201301ZD30008,2,9,0,18,0,0,0,0,0,0,1,1,6,1,-1,2979,1,10,-1,-1
201301ZD30010,1,19,0,18,0,8,0,0,0,0,1,1,6,1,5,2500,2,6,2,1
201301ZD30010,2,9,0,9,0,8,0,0,0,0,4,1,6,2,10,1798,1,6,8,1
201301ZD30011,1,9,0,3,0,1,0,0,0,0,2,1,6,1,7,-1,-1,-1,4,1
201301ZD30011,2,9,0,3,0,1,0,0,0,0,2,1,6,1,6,-1,-1,-1,3,1
201301ZD30011,3,9,0,18,0,1,0,0,0,0,1,1,6,1,5,2179,2,1,9,1
201301ZD30012,1,9,0,18,0,1,0,0,0,0,3,1,6,2,6,1362,1,1,9,1
201301ZD30012,2,9,0,18,0,2,0,0,0,0,3,1,6,1,11,1348,1,13,4,1
201301ZD30013,1,9,0,18,0,0,0,4,1,4,4,1,6,1,7,1995,2,3,8,1
201301ZD30013,2,9,0,2,0,0,0,0,0,0,3,1,6,2,8,1991,2,8,9,1
201301ZD30015,1,19,0,16,0,8,0,0,0,0,4,1,6,1,-1,1896,2,6,9,1
201301ZD30015,2,1,0,16,0,8,0,0,0,0,3,1,6,1,6,-1,-1,-1,-1,-1
201301ZD30016,1,9,0,18,0,8,0,0,0,0,2,1,6,2,-1,-1,-1,-1,-1,-1
201301ZD30016,2,19,0,2,0,8,0,0,0,0,2,1,6,3,-1,-1,-1,-1,-1,-1
201301ZD30021,1,11,0,5,0,8,0,0,0,0,0,1,6,1,8,3900,2,7,2,1
201301ZD30024,1,9,0,9,0,8,0,0,0,0,1,1,6,1,6,-1,-1,-1,4,1
201301ZD30024,2,5,0,18,0,8,0,0,0,0,1,1,6,1,8,-1,-1,-1,8,1
201301ZD30025,1,9,0,2,0,0,0,0,0,0,4,1,6,2,6,1595,1,9,2,1
201301ZD30025,2,9,0,18,0,0,0,4,0,0,4,1,6,3,-1,1598,1,5,-1,-1
201301ZD30026,1,9,0,16,0,0,0,0,0,0,3,1,6,1,8,1794,1,8,3,1
201301ZD30026,2,19,0,17,0,0,0,0,0,0,3,1,6,1,-1,1868,2,15,5,1
201301ZD30028,1,9,0,18,0,1,0,0,0,0,1,1,6,1,11,1595,1,5,3,1
201301ZD30028,2,9,0,2,0,1,0,0,0,0,2,1,6,3,-1,1560,2,8,-1,-1
201301ZD30030,1,9,0,18,0,0,0,0,0,0,1,1,6,2,7,1364,1,4,2,1
201301ZD30031,1,9,0,18,0,0,0,0,0,0,1,1,6,1,6,1596,1,11,2,1
201301ZD30032,1,9,0,18,0,1,0,0,0,0,4,1,6,2,6,1149,1,8,3,1
201301ZD30032,2,9,0,2,0,1,0,0,0,0,3,1,6,3,-1,2793,1,15,-1,-1
201301ZD30033,1,9,0,10,0,8,0,0,0,0,2,1,6,1,6,1998,1,8,3,1
201301ZD30033,2,9,0,18,0,8,0,0,0,0,1,1,6,1,-1,1599,1,10,-1,-1
201301ZD30034,1,9,0,9,0,8,0,0,0,0,1,1,6,1,9,1150,1,6,6,1
201301ZD30034,2,21,0,18,0,8,0,0,0,0,1,1,1,1,7,10837,2,3,-1,-1
201301ZD30035,1,11,0,3,0,0,0,0,0,0,0,1,1,1,7,7300,2,11,5,1
201301ZD30037,1,9,0,9,0,0,0,0,0,0,1,1,6,1,8,-1,-1,-1,3,1
201301ZD30037,2,9,0,18,0,0,0,0,0,0,1,1,6,1,4,1199,1,12,4,1
201301ZD30037,3,9,0,18,0,0,0,0,0,0,1,1,6,1,6,1896,2,8,5,1
201301ZD30037,4,19,0,2,0,0,0,0,0,0,3,1,6,1,-1,-1,-1,-1,8,1
201301ZD30038,1,11,0,5,0,8,0,0,0,0,0,1,6,1,8,6700,2,3,5,1
201301ZD30039,1,9,0,9,0,8,0,0,0,0,3,1,6,1,6,1999,1,10,3,1
201301ZD30039,2,3,0,18,0,8,0,0,0,0,1,1,6,1,-1,107,1,-1,3,1
201301ZD30040,1,11,0,18,0,8,0,0,0,0,1,1,6,1,8,-1,-1,-1,2,1
201301ZD30041,1,9,0,18,0,8,0,0,0,0,1,1,6,1,-1,-1,-1,-1,-1,-1
201301ZD30042,1,9,0,18,0,0,0,0,0,0,1,1,6,1,8,1590,1,14,2,1
201301ZD30043,1,9,0,18,0,8,0,0,0,0,1,1,6,1,-1,1896,2,11,9,1
201301ZD30043,2,9,0,4,0,8,0,0,0,0,2,1,6,1,5,1390,1,9,3,1
201301ZD30044,1,9,0,9,0,8,0,0,0,0,3,1,6,1,10,-1,-1,-1,1,1
201301ZD30044,2,5,0,18,0,8,0,0,0,0,1,1,6,1,6,-1,-1,-1,2,1
201301ZD30045,1,9,0,1,0,8,0,0,0,0,2,1,6,1,4,-1,-1,-1,8,1
201301ZD30045,2,3,0,18,0,8,0,0,0,0,1,1,6,1,4,-1,-1,-1,6,1
201301ZD30046,1,9,0,18,0,8,0,0,0,0,1,1,6,2,7,998,1,5,6,2
201301ZD30046,2,9,0,18,0,8,0,0,0,0,1,1,6,1,-1,1796,1,13,-1,-1
201301ZD30047,1,9,0,18,0,8,0,0,0,0,4,1,6,1,8,1896,2,15,9,1
201301ZD30047,2,9,0,9,0,8,0,0,0,0,1,1,6,2,8,1296,1,6,4,1
201301ZD30048,1,3,0,18,0,0,0,0,0,0,1,1,6,1,5,124,1,11,5,1
201301ZD30049,1,9,0,1,0,8,0,0,0,0,2,1,6,1,11,-1,-1,-1,3,1
201301ZD30050,1,19,0,18,0,8,0,0,0,0,4,1,6,1,4,2402,2,2,2,1
201301ZD30052,1,9,0,18,0,8,0,0,0,0,1,1,6,1,-1,-1,-1,-1,-1,-1
201301ZD30053,1,3,0,18,0,8,0,0,0,0,1,1,6,1,7,125,1,6,3,1
201301ZD30053,2,9,0,9,0,8,0,0,0,0,3,1,6,2,6,998,1,8,5,1
201301ZD30055,1,9,0,9,0,8,0,0,0,0,4,1,6,1,5,1498,1,13,4,1
201301ZD30055,2,3,0,18,0,8,0,0,0,0,1,1,6,1,4,124,1,1,9,1
201301ZD30056,1,3,0,4,0,3,0,0,0,0,1,1,6,1,4,-1,-1,-1,-1,-1
201301ZD30056,2,9,0,4,0,8,0,0,0,0,2,1,6,1,5,-1,-1,-1,6,1
201301ZD30057,1,9,0,18,0,8,0,0,0,0,1,1,6,1,6,1995,2,11,4,1
201301ZD30057,2,90,0,14,0,8,0,0,0,0,2,1,6,1,-1,-1,-1,-1,-1,-1
201301ZD30058,1,9,0,18,0,8,0,0,0,0,3,1,6,2,8,1390,1,5,10,1
201301ZD30058,2,9,0,18,0,8,0,0,0,0,1,1,6,1,8,1390,1,14,3,1
201301ZD30059,1,19,0,18,0,8,0,0,0,0,4,1,6,1,5,1248,2,2,3,1
201301ZD30060,1,19,0,18,0,8,0,0,0,0,1,1,6,1,6,-1,-1,-1,6,1
201301ZD30060,2,19,0,7,0,8,0,0,0,0,1,1,6,1,6,1896,2,4,6,1
201301ZD30061,1,9,0,18,0,8,0,0,0,0,1,1,6,1,5,1796,1,8,2,1
201301ZD30062,1,11,0,18,0,8,1,0,0,0,4,1,1,1,9,3900,2,10,1,1
201301ZD30063,1,9,0,5,0,0,0,0,0,0,3,1,6,1,8,1762,1,14,-1,-1
201301ZD30063,2,9,0,16,0,0,0,0,0,0,3,1,6,3,-1,-1,-1,-1,-1,-1
201301ZD30065,1,9,0,18,0,8,0,0,0,0,4,1,6,1,6,-1,-1,-1,10,1
201301ZD30065,2,9,0,18,0,8,0,0,0,0,1,1,6,2,-1,-1,-1,-1,8,2
201301ZD30066,1,9,0,9,0,8,0,0,0,0,1,1,6,1,6,1598,1,3,4,1
201301ZD30066,2,1,0,18,0,8,0,0,0,0,1,1,6,1,6,-1,-1,-1,-1,-1
201301ZD30067,1,9,0,18,0,1,0,0,0,0,1,1,6,1,-1,1689,2,14,6,1
201301ZD30067,2,9,0,18,0,2,0,0,0,0,1,1,6,2,8,1596,1,21,2,1
201301ZD30068,1,11,0,4,0,1,0,0,0,0,0,1,1,1,8,9200,2,10,6,1
201301ZD30069,1,9,0,18,0,8,0,0,0,0,1,1,6,1,4,-1,-1,-1,9,1
201301ZD30069,2,9,0,18,0,8,0,0,0,0,3,1,6,1,6,-1,-1,-1,5,3
201301ZD30070,1,2,0,18,0,0,0,0,0,0,3,1,6,1,6,-1,-1,-1,6,1
201301ZD30070,2,9,0,15,0,0,0,0,0,0,4,1,6,1,-1,-1,-1,-1,-1,-1
201301ZD30071,1,11,0,4,0,0,0,0,0,0,0,1,1,1,6,-1,-1,-1,8,1
201301ZD30072,1,9,0,5,0,2,0,0,0,0,3,1,6,1,-1,-1,-1,-1,-1,-1
201301ZD30072,2,1,0,18,0,2,0,0,0,0,4,1,6,1,6,-1,-1,-1,2,1
201301ZD30073,1,9,0,9,0,8,0,0,0,0,1,1,6,1,8,1796,1,9,2,1
201301ZD30073,2,3,0,18,0,8,0,0,0,0,1,1,6,1,-1,125,1,2,-1,-1
201301ZD30075,1,9,0,18,0,8,0,0,0,0,1,1,6,2,6,1800,1,13,9,1
201301ZD30076,1,1,0,18,0,8,0,0,0,0,1,1,6,1,6,-1,-1,-1,5,1
201301ZD30076,2,9,0,9,0,8,0,0,0,0,3,1,6,3,-1,1796,1,9,-1,-1
201301ZD30078,1,3,0,4,0,1,0,0,0,0,1,1,6,1,5,49,1,5,4,1
201301ZD30079,1,9,0,18,0,8,0,0,0,0,4,1,6,1,5,973,1,10,6,1
201301ZD30079,2,19,0,9,0,8,0,0,0,0,1,1,6,1,7,-1,-1,-1,3,1
201301ZD30080,1,9,0,4,0,0,0,0,0,0,2,1,6,2,10,-1,-1,-1,8,1
201301ZD30080,2,9,0,18,0,0,0,0,0,0,1,1,6,2,4,1360,1,7,4,1
201301ZD30081,1,3,0,3,0,8,0,0,0,0,2,1,1,1,7,124,1,4,1,1
201301ZD30081,2,9,0,3,0,8,0,0,0,0,2,1,6,1,7,1364,1,5,2,1
201301ZD30081,3,9,0,4,0,8,0,0,0,0,1,1,6,2,5,1596,1,7,5,1
201301ZD30083,1,9,0,18,0,0,0,0,0,0,1,1,6,1,6,1388,1,5,3,1
201301ZD30083,2,9,0,2,0,0,0,0,0,0,3,1,6,2,8,1242,1,2,-1,-1
201301ZD30083,3,9,0,2,0,0,0,0,0,0,4,1,6,1,-1,1999,1,11,-1,-1
201301ZD30085,1,11,0,18,0,1,0,0,0,0,1,1,1,1,8,4500,2,4,10,1
201301ZD30086,1,9,0,18,0,8,0,0,0,0,4,1,6,1,7,1596,1,2,1,1
201301ZD30086,2,9,0,2,0,8,0,0,0,0,3,1,6,1,-1,1598,1,11,-1,-1
201301ZD30087,1,9,0,18,0,0,0,0,0,0,4,1,6,1,-1,-1,-1,-1,-1,-1
201301ZD30088,1,19,0,16,0,8,0,0,0,0,1,1,6,1,6,-1,-1,-1,-1,-1
201301ZD30090,1,9,0,6,0,0,0,0,0,0,3,1,6,1,10,1984,1,12,-1,-1
201301ZD30090,2,5,0,14,0,0,0,0,0,0,1,1,6,1,7,-1,-1,-1,10,1
201301ZD30092,1,9,0,5,0,1,0,0,0,0,4,1,6,2,8,1389,1,17,-1,-1
201301ZD30093,1,9,0,16,0,8,0,10,7,2,1,1,6,1,-1,1587,1,13,-1,-1
201301ZD30094,1,19,0,18,0,8,0,0,0,0,1,1,6,1,4,1998,2,10,7,1
201301ZD30094,2,9,0,9,0,8,0,0,0,0,3,1,6,2,8,1399,1,4,3,1
201301ZD30095,1,9,0,9,0,8,0,0,0,0,3,1,6,2,9,1596,1,4,5,1
201301ZD30095,2,3,0,18,0,8,0,0,0,0,1,1,6,1,5,124,1,10,3,1
201301ZD30096,1,9,0,18,0,8,0,0,0,0,3,1,6,1,7,2000,1,8,9,1
201301ZD30096,2,9,0,9,0,8,0,0,0,0,1,1,6,1,7,-1,-1,-1,10,1
201301ZD30097,1,9,0,9,0,8,0,0,0,0,4,1,6,2,8,1275,1,19,9,1
201301ZD30097,2,3,0,18,0,8,0,0,0,0,1,1,6,1,4,49,1,1,9,1
201301ZD30098,1,3,0,9,0,8,0,0,0,0,4,1,6,1,4,-1,-1,-1,9,1
201301ZD30098,2,9,0,18,0,8,0,0,0,0,1,1,6,2,7,1598,1,12,4,1
201301ZD30100,1,9,0,7,0,8,0,0,0,0,4,1,6,2,6,1587,1,9,5,1
201301ZD30101,1,9,0,3,0,0,0,0,0,0,2,1,6,1,7,796,1,4,3,1
201301ZD30101,2,9,0,3,0,0,0,0,0,0,2,1,6,2,6,1596,1,12,2,1
201301ZD30101,3,9,0,3,0,0,0,0,0,0,2,1,6,1,-1,2494,1,13,3,1
201301ZD30101,4,9,0,18,0,0,1,0,0,0,4,1,6,1,9,1390,1,7,4,1
201301ZD30102,1,9,0,18,0,0,0,0,0,0,1,1,6,2,5,1389,1,10,3,1
201301ZD30104,1,9,0,3,0,8,0,0,0,0,2,1,6,1,8,2987,2,5,8,1
201301ZD30104,2,9,0,18,0,8,0,0,0,0,1,1,6,2,6,1995,2,1,7,1
201301ZD30105,1,9,0,4,0,1,0,0,0,0,2,1,6,2,9,1242,1,14,-1,-1
201301ZD30105,2,9,0,4,0,1,0,0,0,0,1,1,6,2,6,1995,1,12,2,1
201301ZD30106,1,9,0,3,0,2,0,0,0,0,2,1,6,1,6,-1,-1,-1,4,1
201301ZD30106,2,9,0,18,0,2,0,0,0,0,1,1,6,3,-1,1396,1,1,-1,-1
201301ZD30107,1,9,0,18,0,2,0,0,0,0,1,1,6,1,8,1769,1,10,6,1
201301ZD30107,2,9,0,18,0,1,0,0,0,0,1,1,6,1,7,1896,2,8,5,1
201301ZD30108,1,9,0,8,0,8,0,0,0,0,2,1,6,2,6,1596,1,8,3,1
201301ZD30108,2,9,0,18,0,8,0,0,0,0,1,1,6,3,-1,-1,-1,-1,-1,-1
201301ZD30109,1,3,0,4,0,8,0,0,0,0,2,1,6,1,7,660,1,6,3,1
201301ZD30109,2,9,0,7,0,8,0,0,0,0,1,1,6,1,7,998,1,1,5,1
201301ZD30110,1,9,0,7,0,8,0,0,0,0,4,1,6,2,6,1299,1,9,7,1
201301ZD30110,2,3,0,15,0,8,0,0,0,0,1,1,6,1,5,125,1,9,6,1
201301ZD30114,1,11,0,7,0,8,0,0,0,0,1,1,1,1,10,9200,2,9,6,1
201301ZD30114,2,1,0,18,0,8,0,0,0,0,4,1,6,2,8,-1,-1,-1,7,1
201301ZD30115,1,11,0,18,0,8,0,0,0,0,0,1,1,1,8,9200,2,9,-1,-1
201301ZD30116,1,9,0,3,0,1,0,0,0,0,2,1,6,1,-1,1997,2,4,4,1
201301ZD30116,2,9,0,3,0,1,0,0,0,0,2,1,6,1,-1,-1,-1,-1,4,1
201301ZD30116,3,9,0,18,0,1,0,0,0,0,1,1,6,2,10,-1,-1,-1,7,1
201301ZD30117,1,9,0,9,0,8,0,0,0,0,3,1,6,1,7,1986,2,8,3,1
201301ZD30117,2,9,0,18,0,8,0,0,0,0,1,1,6,2,4,1199,1,9,10,1
201301ZD30118,1,9,0,18,0,2,0,0,0,0,1,1,6,1,11,1242,1,14,8,1
201301ZD30119,1,9,0,1,0,0,0,0,0,0,2,1,6,1,-1,1900,2,9,1,1
201301ZD30120,1,9,0,18,0,8,0,0,0,0,4,1,6,2,7,1598,1,12,4,1
201301ZD30120,2,9,0,7,0,8,0,0,0,0,1,1,6,3,-1,-1,-1,-1,-1,-1
201301ZD30121,1,9,0,9,0,8,0,0,0,0,4,1,6,1,10,1799,1,6,3,1
201301ZD30121,2,5,0,18,0,8,0,0,0,0,1,1,6,1,7,670,1,1,2,1
201301ZD30123,1,9,0,18,0,8,0,0,0,0,3,1,6,2,6,1388,1,6,10,3
201301ZD30124,1,19,0,9,0,8,0,0,0,0,3,1,6,1,7,2461,2,5,3,1
201301ZD30124,2,3,0,18,0,8,0,0,0,0,1,1,6,1,4,125,1,5,-1,-1
201301ZD30125,1,9,0,1,0,0,0,0,0,0,2,1,6,2,-1,-1,-1,-1,-1,-1
201301ZD30126,1,9,0,18,0,0,0,0,0,0,4,1,6,1,8,1390,1,12,6,1
201301ZD30126,2,9,0,5,0,0,0,0,0,0,3,1,6,3,-1,1984,1,5,-1,-1
201301ZD30127,1,9,0,7,0,8,0,0,0,0,4,1,6,2,9,1229,1,2,-1,-1
201301ZD30127,2,1,0,18,0,8,0,0,0,0,1,1,6,1,7,-1,-1,-1,4,1
201301ZD30128,1,9,0,3,0,1,0,0,0,0,2,1,6,1,7,1896,2,6,6,1
201301ZD30128,2,3,0,4,0,1,1,0,0,0,1,1,6,1,4,125,1,6,5,1
201301ZD30129,1,9,0,5,0,8,0,0,0,0,4,1,6,2,6,1998,2,11,2,1
201301ZD30129,2,9,0,18,0,8,0,0,0,0,1,1,6,1,-1,1995,2,9,-1,-1
201301ZD30130,1,9,0,18,0,1,0,0,0,0,4,1,6,2,8,1991,2,4,2,1
201301ZD30131,1,9,0,14,0,1,0,0,0,0,1,1,6,1,10,2922,1,10,3,1
201301ZD30133,1,8,0,5,0,0,0,0,0,0,4,1,1,3,-1,-1,-1,-1,-1,-1
201301ZD30134,1,9,0,18,0,0,0,0,0,0,1,1,6,1,5,1598,1,6,7,1
201301ZD30134,2,9,0,18,0,0,0,0,0,0,1,1,6,1,7,1998,1,11,2,1
201301ZD30135,1,9,0,9,0,8,0,0,0,0,4,1,6,1,5,1995,2,6,4,1
201301ZD30135,2,3,0,18,0,8,0,0,0,0,1,1,6,1,5,85,1,25,4,1
201301ZD30136,1,9,0,5,0,0,0,0,0,0,4,1,6,1,8,1956,2,2,5,1
201301ZD30136,2,4,0,15,0,0,0,0,0,0,3,1,6,1,6,125,1,1,5,1
201301ZD30137,1,9,0,18,0,8,0,0,0,0,1,1,6,2,5,1242,1,10,-1,-1
201301ZD30137,2,3,0,18,0,8,0,0,0,0,3,1,1,1,5,-1,-1,-1,4,1
201301ZD30138,1,9,0,1,0,2,0,0,0,0,2,1,6,1,8,1870,2,15,3,1
201301ZD30139,1,9,0,18,0,1,0,10,1,1,1,1,6,2,6,1061,1,7,10,1
201301ZD30140,1,9,0,18,0,1,0,0,0,0,4,1,6,3,-1,-1,-1,-1,-1,-1
201301ZD30141,1,9,0,13,0,0,0,0,0,0,4,1,6,2,7,2148,2,11,3,1
201301ZD30141,2,1,0,18,0,0,0,0,0,0,3,1,6,1,6,-1,-1,-1,6,1
201301ZD30142,1,11,0,5,2,0,0,0,0,0,0,1,1,1,7,7300,2,8,6,1
201301ZD30143,1,11,0,5,0,0,0,0,0,0,0,1,1,1,9,6700,2,3,-1,-1
201301ZD30144,1,11,0,3,0,1,0,0,0,0,0,1,1,2,7,3900,2,10,8,1
201301ZD30145,1,9,0,9,0,8,0,0,0,0,4,1,6,1,8,-1,-1,-1,3,1
201301ZD30145,2,2,0,18,0,8,0,0,0,0,1,1,6,1,5,49,1,2,2,1
201301ZD30146,1,11,0,5,0,8,0,0,0,0,1,1,6,1,7,9000,2,4,4,1
201301ZD30147,1,9,0,1,0,8,0,0,0,0,2,1,6,1,-1,1149,1,10,-1,-1
201301ZD30148,1,9,0,18,0,2,0,0,0,0,1,1,6,1,11,998,1,15,2,1
201301ZD30149,1,9,0,9,0,8,0,0,0,0,3,1,1,1,7,1596,1,12,10,2