Accident_Index,Vehicle_Reference,Vehicle_Type,Towing_and_Articulation,Vehicle_Manoeuvre,Vehicle_Location-Restricted_Lane,Junction_Location,Skidding_and_Overturning,Hit_Object_in_Carriageway,Vehicle_Leaving_Carriageway,Hit_Object_off_Carriageway,1st_Point_of_Impact,Was_Vehicle_Left_Hand_Drive?,Journey_Purpose_of_Driver,Sex_of_Driver,Age_Band_of_Driver,Engine_Capacity_(CC),Propulsion_Code,Age_of_Vehicle,Driver_IMD_Decile,Driver_Home_Area_Type
201301ZD30149,2,2,0,13,0,8,0,0,0,0,4,1,1,1,5,124,1,9,6,1
201301ZD30150,1,9,0,5,0,0,0,0,0,0,1,1,6,2,5,1598,1,7,4,1
201301ZD30150,2,9,0,3,0,0,0,0,0,0,2,1,6,1,7,-1,-1,-1,5,1
201301ZD30151,1,9,0,18,0,8,0,0,0,0,1,1,6,2,7,-1,-1,-1,-1,-1
201301ZD30152,1,9,0,18,0,8,0,0,0,0,1,1,6,1,-1,1248,2,6,4,1
201301ZD30152,2,9,0,9,0,8,0,0,0,0,1,1,6,1,4,-1,-1,-1,-1,-1
201301ZD30154,1,9,0,18,0,0,0,0,0,0,1,1,6,3,-1,-1,-1,-1,-1,-1
201301ZD30155,1,9,0,3,0,8,0,0,0,0,2,1,6,2,7,1783,1,10,8,3
201301ZD30155,2,9,0,18,0,8,0,0,0,0,1,1,6,3,-1,-1,-1,-1,-1,-1
201301ZD30156,1,9,0,18,0,8,0,0,7,0,4,1,6,1,5,1242,1,16,3,1
201301ZD30156,2,9,0,18,0,8,0,0,1,0,1,1,6,1,7,1896,2,10,4,1
201301ZD30157,1,9,0,5,0,8,0,0,0,0,4,1,6,2,5,-1,-1,-1,5,1
201301ZD30157,2,9,0,18,0,8,0,0,0,0,1,1,6,1,-1,3799,1,2,5,1
201301ZD30158,1,18,0,18,1,1,0,0,0,0,1,1,1,1,9,-1,-1,-1,8,1
201301ZD30158,2,4,0,18,1,8,0,0,0,0,1,1,6,1,8,1127,1,22,3,1
201301ZD30159,1,9,0,9,0,8,0,0,0,0,3,1,6,1,6,1598,1,10,7,1
201301ZD30159,2,5,0,13,0,8,0,0,0,0,4,1,6,2,7,883,1,6,8,1
201301ZD30161,1,8,0,2,0,1,0,0,0,0,3,1,1,1,8,-1,-1,-1,7,1
201301ZD30161,2,1,0,14,0,1,0,0,0,0,1,1,6,1,7,-1,-1,-1,5,1
201301ZD30162,1,9,0,18,0,2,0,7,0,0,1,1,6,1,4,1242,1,13,5,1
201301ZD30163,1,9,0,18,0,1,0,0,0,0,1,1,6,2,6,1995,1,7,-1,-1
201301ZD30164,1,9,0,18,0,0,0,0,0,0,3,1,6,1,10,-1,-1,-1,10,1
201301ZD30165,1,9,0,6,0,0,0,0,0,0,3,1,6,1,7,1794,1,12,4,1
201301ZD30165,2,5,0,18,0,0,0,0,0,0,1,1,6,1,7,660,1,7,7,1
201301ZD30166,1,9,0,18,0,1,0,0,0,0,1,1,6,2,11,1339,1,3,6,1
201301ZD30166,2,19,0,3,0,1,0,0,0,0,2,1,1,1,6,2461,2,3,8,1
201301ZD30166,3,19,0,3,0,1,0,0,0,0,2,1,1,1,8,1896,2,7,5,1
201301ZD30167,1,9,0,18,0,0,0,4,7,1,1,1,6,1,11,1275,1,15,3,1
201301ZD30167,2,2,0,2,0,0,0,0,0,0,2,1,6,1,-1,-1,-1,-1,3,1
201301ZD30167,3,9,0,2,0,0,0,0,0,0,2,1,6,3,-1,-1,-1,-1,-1,-1
201301ZD30167,4,9,0,2,0,0,0,0,0,0,2,1,6,3,-1,-1,-1,-1,-1,-1
201301ZD30167,5,9,0,2,0,0,0,0,0,0,2,1,6,3,-1,-1,-1,-1,-1,-1
201301ZD30168,1,9,0,18,0,1,0,7,0,0,1,1,2,2,9,1896,2,8,1,1
201301ZD30169,1,9,0,1,0,8,0,0,0,0,3,1,6,3,-1,1968,2,7,-1,-1
201301ZD30170,1,9,0,18,0,8,0,0,0,0,4,1,6,2,7,1997,1,6,3,1
201301ZD30171,1,11,0,18,0,8,0,0,0,0,0,1,1,1,6,9000,2,4,2,1
201301ZD30172,1,9,0,18,0,8,0,0,0,0,1,1,1,1,7,1794,1,11,10,1
201301ZD30172,2,4,0,9,0,8,0,0,0,0,4,1,6,1,-1,125,1,8,-1,-1
201301ZD30173,1,9,0,18,0,8,0,0,0,0,1,1,6,2,7,1596,1,11,-1,-1
201301ZD30173,2,9,0,18,0,8,0,0,0,0,4,1,6,1,8,-1,-1,-1,-1,-1
201301ZD30174,1,11,0,5,0,0,0,0,0,0,0,1,1,1,9,3900,2,10,-1,-1
201301ZD30175,1,9,0,4,0,8,0,0,0,0,2,1,6,1,9,998,1,2,3,1
201301ZD30175,2,9,0,18,0,8,0,0,0,0,1,1,6,2,8,1997,1,4,7,1
201301ZD30176,1,9,0,18,0,1,0,0,0,0,1,1,6,1,6,1769,1,11,3,1
201301ZD30177,1,9,0,4,0,1,0,0,0,0,2,1,6,2,9,2521,1,6,8,1
201301ZD30177,2,9,0,4,0,1,0,0,0,0,1,1,6,2,7,-1,-1,-1,6,1
201301ZD30178,1,9,0,9,0,8,0,0,0,0,3,1,6,1,6,998,1,18,4,1
201301ZD30178,2,9,0,18,0,8,0,0,0,0,1,1,6,1,7,1339,1,8,10,1
201301ZD30179,1,9,0,9,0,8,0,0,0,0,1,1,6,2,7,1984,1,7,7,1
201301ZD30179,2,3,0,18,0,8,0,0,0,0,4,1,6,1,7,124,1,6,2,1
201301ZD30180,1,9,0,18,0,8,0,0,0,0,1,1,6,2,6,1590,1,12,3,1
201301ZD30181,1,9,0,4,0,0,0,0,0,0,2,1,6,1,4,1390,1,17,2,1
201301ZD30181,2,3,0,18,0,0,0,0,0,0,1,1,6,1,4,124,1,12,2,1
201301ZD30182,1,11,0,7,0,8,0,0,0,0,0,1,1,1,8,6700,2,3,6,1
201301ZD30184,1,5,0,3,0,8,0,0,0,0,2,1,6,1,-1,-1,-1,-1,8,1
201301ZD30184,2,9,0,18,0,8,0,0,0,0,1,1,6,1,-1,2231,2,7,10,1
201301ZD30185,1,9,0,18,0,1,0,0,0,0,1,1,6,2,-1,-1,-1,-1,-1,-1
201301ZD30185,2,9,0,3,0,1,0,0,0,0,2,1,6,1,-1,1984,1,6,-1,-1
201301ZD30185,3,9,0,3,0,1,0,0,0,0,2,1,6,1,-1,1390,1,15,-1,-1
201301ZD30185,4,9,0,3,0,1,0,0,0,0,2,1,6,2,-1,1498,1,2,-1,-1
201301ZD30186,1,9,0,18,0,8,0,0,0,0,1,1,6,2,7,1596,1,11,2,1
201301ZD30186,2,9,0,9,0,8,0,0,0,0,4,1,6,2,-1,1970,1,10,9,1
201301ZD30187,1,11,0,18,0,8,0,0,0,0,1,1,6,1,7,4250,2,4,6,1
201301ZD30189,1,9,0,18,0,8,0,0,0,0,3,1,6,2,6,1596,1,14,-1,-1
201301ZD30189,2,9,0,9,0,8,0,0,0,0,1,1,6,1,-1,-1,-1,-1,-1,-1
201301ZD30191,1,9,0,18,0,8,0,0,0,0,4,1,6,1,8,2143,2,-1,-1,-1
201301ZD30191,2,9,0,5,0,8,0,0,0,0,3,1,6,2,4,-1,-1,-1,5,1
201301ZD30192,1,9,0,18,0,2,0,0,0,0,1,1,6,1,9,-1,-1,-1,4,1
201301ZD30192,2,9,0,18,0,2,0,0,0,0,2,1,6,2,8,1896,2,7,-1,-1
201301ZD30193,1,9,0,18,0,8,0,0,0,0,1,1,6,1,8,1910,2,8,4,1
201301ZD30193,2,3,0,9,0,8,0,0,0,0,1,1,6,1,6,124,1,3,5,1
201301ZD30194,1,9,0,18,0,0,0,0,0,0,1,1,6,3,-1,-1,-1,-1,-1,-1
201301ZD30195,1,20,0,9,0,8,0,0,0,0,3,1,6,1,9,-1,-1,-1,4,1
201301ZD30195,2,3,0,13,0,8,0,0,0,0,4,1,6,1,5,125,1,6,3,1
201301ZD30197,1,9,0,9,0,8,0,0,0,0,1,1,6,2,6,1896,2,11,-1,-1
201301ZD30197,2,9,0,18,0,8,0,0,0,0,1,1,6,2,9,1796,1,10,4,1
201301ZD30199,1,9,0,9,0,0,0,0,0,0,3,1,6,3,-1,-1,-1,-1,-1,-1
201301ZD30199,2,9,0,13,0,0,0,0,0,0,1,1,6,1,5,1995,1,7,3,1
201301ZD30200,1,9,0,7,0,8,0,0,0,0,4,1,6,1,8,1596,1,1,6,1
201301ZD30200,2,9,0,18,0,8,0,0,0,0,1,1,6,1,8,1686,2,3,1,1
201301ZD30201,1,9,0,3,0,8,0,0,0,0,2,1,6,1,6,1242,1,1,5,1
201301ZD30201,2,19,0,18,0,8,0,0,0,0,1,1,1,1,-1,-1,-1,-1,-1,-1
201301ZD30202,1,9,0,4,0,8,0,0,0,0,2,1,6,1,6,1590,1,10,5,1
201301ZD30202,2,9,0,18,0,8,0,0,0,0,1,1,6,1,8,-1,-1,-1,8,1
201301ZD30204,1,9,0,18,0,1,0,0,0,0,1,1,6,2,-1,1229,1,1,-1,-1
201301ZD30205,1,9,0,18,0,8,0,0,0,0,4,1,6,1,10,1868,2,14,4,1
201301ZD30206,1,9,0,18,0,1,0,0,0,0,1,1,6,1,5,1598,1,12,3,1
201301ZD30206,2,9,0,18,0,2,0,0,0,0,1,1,6,1,8,-1,-1,-1,1,1
201301ZD30207,1,9,0,18,0,8,0,0,0,0,1,1,6,1,7,1995,2,8,3,1
201301ZD30207,2,9,0,9,0,8,0,0,0,0,3,1,6,2,-1,1600,1,13,-1,-1
201301ZD30208,1,9,0,9,0,8,0,0,0,0,4,1,6,1,5,-1,-1,-1,6,1
201301ZD30210,1,9,0,18,0,8,0,0,0,0,1,1,6,1,-1,-1,-1,-1,-1,-1
201301ZD30211,1,9,0,4,0,0,0,0,0,0,2,1,6,1,6,1299,1,12,7,1
201301ZD30211,2,9,0,18,0,0,0,0,0,0,1,1,6,2,-1,1242,1,13,-1,-1
201301ZD30212,1,9,0,9,0,8,0,0,0,0,1,1,6,2,6,1388,1,3,3,1
201301ZD30212,2,4,0,18,0,8,0,0,0,0,4,1,6,1,6,176,1,10,5,1
201301ZD30213,1,9,0,18,0,0,0,0,0,0,4,1,1,2,7,1984,1,11,9,1
201301ZD30214,1,2,0,13,0,8,0,0,0,0,4,1,6,1,6,-1,-1,-1,1,1
201301ZD30214,2,9,0,9,0,8,0,0,0,0,3,1,6,2,6,1997,2,4,8,1
201301ZD30215,1,9,0,18,0,0,0,0,0,0,1,1,6,1,6,1995,2,2,-1,-1
201301ZD30215,2,9,0,18,0,0,0,0,0,0,1,1,6,1,9,1686,2,10,2,1
201301ZD30216,1,9,0,3,0,8,0,0,0,0,2,1,6,2,-1,1598,1,3,-1,-1
201301ZD30216,2,9,0,18,0,8,0,0,0,0,1,1,6,3,-1,1198,1,10,-1,-1
201301ZD30218,1,9,0,18,0,8,0,0,0,0,1,1,6,2,6,1596,1,8,3,1
201301ZD30218,2,19,0,4,0,8,0,0,0,0,2,1,6,1,8,-1,-1,-1,6,1
201301ZD30219,1,9,0,4,0,8,0,0,0,0,2,1,6,1,-1,1896,2,3,-1,-1
201301ZD30219,2,9,0,18,0,8,0,0,0,0,1,1,6,1,6,1598,2,2,10,2
201301ZD30220,1,9,0,9,0,8,0,0,0,0,1,1,6,2,4,1149,1,10,2,1
201301ZD30220,2,9,0,18,0,8,0,0,0,0,4,1,6,1,-1,-1,-1,-1,7,1
201301ZD30221,1,5,0,18,0,8,0,0,0,0,1,1,6,1,10,781,1,13,8,1
201301ZD30221,2,9,0,7,0,8,0,0,0,0,3,1,6,2,7,1560,2,5,3,1
201301ZD30223,1,9,0,18,0,8,0,0,0,0,1,1,6,2,6,-1,-1,-1,8,1
201301ZD30223,2,9,0,9,0,8,0,0,0,0,1,1,6,1,8,998,1,20,-1,-1
201301ZD30224,1,9,0,1,0,8,0,0,0,0,1,1,6,1,7,2401,2,7,5,1
201301ZD30224,2,9,0,18,0,8,0,0,0,0,3,1,6,1,-1,1242,1,16,3,1
201301ZD30226,1,9,0,18,0,8,0,0,0,0,1,1,6,2,-1,-1,-1,-1,-1,-1
201301ZD30226,2,9,0,4,0,8,0,0,0,0,2,1,6,1,7,-1,-1,-1,5,1
201301ZD30227,1,9,0,9,0,8,0,0,0,0,4,1,6,2,7,2183,2,1,2,1
201301ZD30227,2,1,0,18,0,8,0,0,0,0,1,1,6,1,5,-1,-1,-1,-1,-1
201301ZD30228,1,9,0,18,0,8,0,0,0,0,1,1,6,1,4,1199,1,11,5,1
201301ZD30228,2,9,0,9,0,8,0,0,0,0,3,1,6,1,6,1797,8,2,-1,-1
201301ZD30230,1,9,0,18,0,0,0,10,1,2,1,1,6,2,4,1199,1,12,10,1
201301ZD30231,1,9,0,18,0,8,0,0,0,0,1,1,6,2,4,1242,1,9,-1,-1
201301ZD30231,2,9,0,7,0,8,0,0,0,0,1,1,6,2,5,1299,1,12,-1,-1
201301ZD30232,1,9,0,3,0,1,0,0,0,0,2,1,6,1,7,1598,1,8,7,1
201301ZD30232,2,9,0,18,0,1,0,0,0,0,1,1,6,2,-1,1400,1,8,-1,-1
201301ZD30233,1,9,0,18,0,0,0,10,1,4,3,1,6,1,6,-1,-1,-1,1,1
201301ZD30233,2,9,0,18,0,0,0,0,0,0,4,1,6,1,6,3189,1,7,1,1
201301ZD30234,1,9,0,18,0,8,0,0,0,0,1,1,6,1,-1,1598,1,10,4,1
201301ZD30234,2,9,0,9,0,8,0,0,0,0,1,1,6,2,-1,-1,-1,-1,6,3
201301ZD30236,1,9,0,18,0,8,0,0,0,0,1,1,6,2,4,1587,1,8,2,1
201301ZD30236,2,9,0,18,0,8,0,0,0,0,3,1,6,1,11,1998,1,13,2,1
201301ZD30237,1,9,0,2,0,0,0,0,0,0,3,1,6,1,7,3199,1,14,3,1
201301ZD30237,2,9,0,18,0,0,0,4,0,0,1,1,6,1,-1,-1,-1,-1,-1,-1
201301ZD30238,1,9,0,18,0,8,0,0,0,0,1,1,6,3,-1,1598,1,13,-1,-1
201301ZD30238,2,9,0,18,0,8,0,0,0,0,4,1,6,1,10,-1,-1,-1,5,1
201301ZD30238,3,9,0,2,0,8,0,0,0,0,1,1,6,1,-1,1596,1,11,-1,-1
201301ZD30239,1,9,0,5,0,8,0,0,0,0,3,1,6,1,-1,1296,1,4,9,1
201301ZD30239,2,90,0,18,0,8,0,0,0,0,1,1,6,1,-1,-1,-1,-1,-1,-1
201301ZD30240,1,9,0,18,0,8,0,0,0,0,1,1,6,1,6,-1,-1,-1,4,1
201301ZD30240,2,9,0,7,0,8,0,0,0,0,4,1,6,1,-1,1798,1,4,-1,-1
201301ZD30241,1,9,0,18,0,8,0,0,0,0,1,1,6,2,6,-1,-1,-1,5,1
201301ZD30242,1,9,0,9,0,8,0,0,0,0,1,1,6,2,5,1329,1,4,4,1
201301ZD30242,2,9,0,18,0,8,0,0,0,0,1,1,6,1,7,1560,2,9,2,1
201301ZD30243,1,1,0,18,0,8,0,0,0,0,4,1,6,1,-1,-1,-1,-1,4,1
201301ZD30243,2,9,0,18,0,8,0,0,0,0,1,1,6,1,-1,1397,1,6,-1,-1
201301ZD30245,1,4,0,18,0,8,0,0,0,0,3,1,6,1,6,1050,1,7,7,1
201301ZD30245,2,9,0,18,0,8,0,0,0,0,4,1,6,1,-1,-1,-1,-1,-1,-1
201301ZD30246,1,9,0,4,0,8,0,0,0,0,2,1,6,2,8,1149,1,10,-1,-1
201301ZD30246,2,9,0,18,0,8,0,0,0,0,1,1,6,1,-1,-1,-1,-1,-1,-1
201301ZD30247,1,2,0,18,0,8,0,10,1,10,3,1,6,1,-1,124,1,10,2,1
201301ZD30248,1,9,0,18,0,8,0,0,0,0,1,1,6,1,-1,1995,2,7,3,1
201301ZD30249,1,9,0,18,0,0,0,0,0,0,1,1,6,1,-1,1995,1,6,3,1
201301ZD30249,2,19,0,18,0,0,0,0,0,0,1,1,6,1,4,2198,2,4,6,1
201301ZD30250,1,19,0,1,0,8,0,0,0,0,2,1,6,1,8,2143,2,2,6,1
201301ZD30250,2,2,0,18,0,8,0,0,0,0,1,1,6,1,5,125,1,9,3,1
201301ZD30251,1,9,0,18,0,8,0,0,0,0,1,1,6,2,6,1598,1,11,-1,-1
201301ZD30251,2,9,0,18,0,8,0,0,0,0,1,1,6,1,-1,-1,-1,-1,10,1
201301ZD30253,1,9,0,18,0,8,0,0,0,0,1,1,6,2,-1,1360,1,4,4,1
201301ZD30253,2,9,0,9,0,8,0,0,0,0,4,1,6,2,4,1598,1,10,4,1
201301ZD30254,1,9,0,18,0,8,0,0,0,0,4,1,6,1,5,1360,1,12,9,1
201301ZD30255,1,9,0,6,0,0,0,0,0,0,3,1,6,1,8,3199,1,14,5,1
201301ZD30255,2,9,0,18,0,0,0,0,0,0,1,1,6,1,6,-1,-1,-1,7,1
201301ZD30256,1,9,0,7,0,8,0,0,0,0,2,1,6,2,6,1497,8,6,3,1
201301ZD30256,2,3,0,18,0,8,0,0,0,0,1,1,6,1,6,125,1,3,4,1
201301ZD30256,3,11,0,13,0,8,0,0,0,0,4,1,1,1,-1,-1,-1,-1,-1,-1
201301ZD30257,1,1,0,18,0,0,0,0,0,0,0,1,6,1,7,-1,-1,-1,6,1
201301ZD30257,2,9,0,6,0,0,0,0,0,0,0,1,6,2,-1,1598,1,9,8,1
201301ZD30259,1,9,0,18,0,8,0,0,0,0,1,1,6,1,7,1896,2,7,4,1
201301ZD30260,1,19,0,18,0,8,0,10,0,0,1,1,6,1,6,1998,2,8,3,1
201301ZD30260,2,9,0,18,0,8,0,0,0,0,1,1,6,1,6,-1,-1,-1,-1,-1
201301ZD30261,1,9,0,18,0,8,0,0,0,0,1,1,6,1,5,2171,1,11,4,1
201301ZD30261,2,9,0,18,0,8,0,0,0,0,1,1,6,2,8,1390,1,13,2,1
201301ZD30262,1,9,0,9,0,8,0,0,0,0,3,1,6,2,5,1199,1,14,8,1
201301ZD30262,2,19,0,18,0,8,0,0,0,0,1,1,6,3,-1,-1,-1,-1,-1,-1
201301ZD30264,1,9,0,18,0,8,0,0,0,0,1,1,6,1,6,1796,1,4,6,1
201301ZD30265,1,9,0,18,0,8,0,10,1,1,1,1,6,1,10,1587,1,16,-1,-1
201301ZD30266,1,9,0,18,0,8,0,0,0,0,1,1,6,2,11,1198,1,10,10,1
201301ZD30266,2,9,0,9,0,8,0,0,0,0,4,1,6,2,8,1598,1,9,8,1
201301ZD30267,1,9,0,18,0,1,0,0,0,0,4,1,6,2,6,1992,2,7,8,1
201301ZD30268,1,9,0,18,0,8,0,0,0,0,2,1,6,1,4,1229,1,5,5,1
201301ZD30268,2,2,0,18,0,8,0,0,0,0,1,1,6,1,4,-1,-1,-1,5,1
201301ZD30269,1,1,0,7,0,8,0,0,0,0,4,1,6,2,-1,-1,-1,-1,-1,-1
201301ZD30269,2,9,0,18,0,8,0,0,0,0,1,1,6,1,4,-1,-1,-1,6,1
201301ZD30270,1,9,0,9,0,8,0,0,0,0,4,1,6,1,5,1229,1,1,6,1
201301ZD30270,2,9,0,18,0,8,0,0,0,0,1,1,6,1,6,4163,1,10,6,1
201301ZD30271,1,9,0,18,0,1,0,0,0,0,3,1,6,1,7,1400,1,8,4,1
201301ZD30271,2,2,0,18,0,1,0,0,0,0,1,1,6,1,7,-1,-1,-1,4,1
201301ZD30272,1,9,0,9,0,8,0,0,0,0,1,1,6,2,5,1328,1,8,-1,-1
201301ZD30272,2,9,0,18,0,8,0,0,0,0,1,1,6,2,5,1390,1,13,5,1
201301ZD30273,1,9,0,17,0,8,0,0,0,0,3,1,6,1,8,2198,1,12,4,1
201301ZD30273,2,9,0,9,0,8,0,0,0,0,3,1,6,3,-1,1242,1,12,-1,-1
201301ZD30274,1,3,0,18,0,8,0,0,0,0,0,1,6,1,6,125,1,1,3,1
201301ZD30275,1,9,0,9,0,8,0,0,0,0,4,1,6,2,6,1364,2,4,4,1
201301ZD30275,2,3,0,18,0,8,0,0,0,0,1,1,6,1,6,123,1,1,-1,-1
201301ZD30276,1,9,0,13,0,8,0,0,0,0,1,1,6,1,5,1596,1,6,10,1
201301ZD30276,2,9,0,18,0,8,0,0,0,0,0,1,6,1,9,1598,2,1,-1,-1
201301ZD30277,1,9,0,3,0,8,0,0,0,0,2,1,6,1,8,1560,2,1,6,1
201301ZD30277,2,9,0,18,0,8,0,0,0,0,1,2,6,2,6,-1,-1,-1,8,1
201301ZD30278,1,3,0,18,0,8,0,0,0,0,1,1,6,1,4,998,1,-1,2,1
201301ZD30279,1,9,0,18,0,1,0,0,0,0,1,1,6,1,4,1299,1,18,5,1
201301ZD30280,1,9,0,18,0,8,0,0,0,0,1,1,6,2,7,998,1,16,3,1
201301ZD30280,2,9,0,9,0,8,0,0,0,0,4,1,6,2,7,1596,1,7,5,1
201301ZD30281,1,9,0,9,0,8,0,0,0,0,4,1,6,2,7,1242,1,6,3,1
201301ZD30281,2,1,0,18,0,8,0,0,0,0,1,1,6,1,5,-1,-1,-1,5,1
201301ZD30282,1,9,0,3,0,8,0,0,0,0,2,1,6,1,8,-1,-1,-1,3,1
201301ZD30282,2,9,0,3,0,8,0,0,0,0,2,1,6,1,6,1984,1,8,2,1
201301ZD30282,3,9,0,18,0,8,0,0,0,0,1,1,6,1,7,1995,1,12,4,1
201301ZD30283,1,2,0,18,0,8,0,0,0,0,1,1,6,1,4,124,1,13,5,1
201301ZD30284,1,9,0,9,0,8,0,0,0,0,3,1,6,2,7,2401,2,6,6,1
201301ZD30284,2,1,0,18,0,8,0,0,0,0,1,1,6,1,7,-1,-1,-1,8,1
201301ZD30287,1,9,0,14,0,0,0,0,0,0,1,1,6,1,7,1587,1,9,4,1
201301ZD30287,2,9,0,5,0,0,0,0,0,0,3,1,6,1,4,-1,-1,-1,2,1
201301ZD30288,1,11,0,18,0,1,0,0,0,0,0,1,1,1,8,4500,2,1,-1,-1
201301ZD30289,1,9,0,4,0,0,0,0,0,0,2,1,6,1,8,1329,1,-1,8,1
201301ZD30289,2,9,0,4,0,0,0,0,0,0,2,1,6,2,4,1388,1,1,2,1
201301ZD30289,3,9,0,4,0,0,0,0,0,0,1,1,6,1,7,1753,2,11,2,1
201301ZD30290,1,4,0,5,0,0,0,0,0,0,0,1,6,1,8,400,1,24,-1,-1
201301ZD30291,1,9,0,4,0,0,0,0,0,0,4,1,6,1,5,1598,2,1,2,1
201301ZD30292,1,9,0,18,0,2,0,0,0,0,1,1,6,3,-1,-1,-1,-1,-1,-1
201301ZD30293,1,9,0,18,0,8,0,10,1,2,1,1,6,1,4,1199,1,10,8,1
201301ZD30293,2,19,0,18,0,8,0,0,0,0,0,1,6,1,-1,2198,2,3,-1,-1
201301ZD30294,1,9,0,9,0,8,0,0,0,0,4,1,6,1,8,1598,1,5,7,1
201301ZD30294,2,3,0,18,0,1,0,0,0,0,1,1,6,1,5,125,1,9,3,1
201301ZD30295,1,9,0,18,0,8,0,0,0,0,4,1,6,2,6,1396,1,15,3,1
201301ZD30295,2,9,0,16,0,8,0,0,0,0,1,1,6,2,8,1595,1,10,10,1
201301ZD30296,1,1,0,18,0,8,0,0,0,0,1,1,6,2,7,-1,-1,-1,4,1
201301ZD30296,2,9,0,7,0,8,0,0,0,0,4,1,6,3,-1,-1,-1,-1,-1,-1
201301ZD30298,1,9,0,18,0,1,0,0,0,0,1,1,6,1,5,-1,-1,-1,4,1
201301ZD30298,2,9,0,3,0,1,0,0,0,0,2,1,6,1,8,1998,2,10,10,1
201301ZD30298,3,9,0,3,0,1,0,0,0,0,2,1,6,1,7,1998,1,14,5,1
201301ZD30298,4,9,0,3,0,1,0,0,0,0,2,1,6,2,8,-1,-1,-1,-1,-1
201301ZD30299,1,9,0,18,0,8,0,0,0,0,1,1,6,2,7,1198,1,10,-1,-1
201301ZD30300,1,9,0,18,0,1,5,4,0,0,1,1,6,1,7,1995,2,7,-1,-1
201301ZD30300,2,9,0,2,0,1,0,4,0,0,2,1,6,3,-1,1388,1,10,-1,-1
201301ZD30300,3,9,0,2,0,1,0,0,0,0,2,1,6,1,-1,-1,-1,-1,5,1
201301ZD30301,1,9,0,18,0,1,0,0,0,0,1,1,6,2,-1,1368,1,4,-1,-1
201301ZD30302,1,9,0,18,0,8,0,0,0,0,1,1,6,1,-1,1242,1,9,-1,-1
201301ZD30303,1,9,0,5,0,1,0,0,0,0,1,1,6,1,8,1598,1,3,3,1
201301ZD30304,1,19,0,18,0,0,0,0,0,0,4,1,6,1,8,-1,-1,-1,5,1
201301ZD30304,2,1,0,15,0,0,0,0,0,0,3,1,6,1,8,-1,-1,-1,3,1
201301ZD30305,1,9,0,9,0,0,0,0,0,0,0,1,6,3,-1,-1,-1,-1,-1,-1
201301ZD30306,1,9,0,3,0,1,0,0,0,0,2,1,6,2,10,1799,1,15,3,1
201301ZD30306,2,9,0,4,0,1,0,0,0,0,1,1,6,1,9,2720,2,5,4,1
201301ZD30307,1,9,0,18,0,1,0,0,0,0,4,1,6,2,9,1398,2,11,7,1
201301ZD30307,2,9,0,12,0,1,0,0,0,0,3,1,6,3,-1,-1,-1,-1,-1,-1
201301ZD30308,1,4,0,13,0,8,0,0,0,0,1,1,6,1,6,449,1,12,-1,-1
201301ZD30308,2,19,0,18,0,8,0,0,0,0,4,1,1,1,8,2198,2,2,4,1
201301ZD30309,1,1,0,18,0,8,0,0,0,0,0,1,6,1,6,-1,-1,-1,3,1
201301ZD30310,1,9,0,17,0,8,0,0,0,0,4,1,6,2,5,2000,2,7,2,1
201301ZD30310,2,9,0,5,0,8,0,0,0,0,1,1,6,2,8,1275,1,17,2,1
201301ZD30312,1,9,0,18,0,0,0,0,0,0,1,1,6,1,9,1598,1,2,9,1
201301ZD30313,1,9,0,18,0,8,0,0,0,0,1,1,6,1,6,1984,1,13,-1,-1
201301ZD30313,2,9,0,4,0,8,0,0,0,0,2,1,6,2,8,1396,1,13,-1,-1
201301ZD30314,1,9,0,1,0,8,0,0,0,0,2,1,6,1,7,1686,2,3,2,1
201301ZD30317,1,9,0,6,0,1,0,0,0,0,3,1,6,1,5,1598,1,11,9,1
201301ZD30317,2,9,0,18,0,1,0,0,0,0,1,1,6,1,8,1242,1,7,3,1
201301ZD30318,1,9,0,18,0,2,0,0,0,0,1,1,6,2,7,1560,2,1,3,1
201301ZD30318,2,3,0,18,0,1,0,0,0,0,1,1,6,1,4,-1,-1,-1,-1,-1
201301ZD30319,1,1,0,18,0,8,0,0,0,0,4,1,6,1,7,-1,-1,-1,3,1
201301ZD30319,2,9,0,18,0,8,0,0,0,0,1,1,6,2,7,1390,1,7,5,1
201301ZD30320,1,9,0,18,0,8,0,0,0,0,3,1,6,2,6,1595,1,10,4,1
201301ZD30320,2,9,0,9,0,8,0,0,0,0,1,1,6,1,-1,1956,2,4,-1,-1
201301ZD30321,1,9,0,18,0,0,0,0,0,0,1,1,6,1,5,1329,1,1,9,1
201301ZD30321,2,9,0,18,0,0,0,0,0,0,1,1,6,1,8,-1,-1,-1,6,1
201301ZD30322,1,9,0,18,0,8,0,0,0,0,3,1,6,2,7,1798,8,-1,3,1
201301ZD30322,2,9,0,9,0,8,0,0,0,0,1,1,6,2,6,-1,-1,-1,-1,-1
201301ZD30323,1,9,0,4,0,1,0,0,0,0,2,1,6,2,7,2198,1,10,3,1
201301ZD30323,2,9,0,18,0,1,0,0,0,0,1,1,6,1,5,-1,-1,-1,4,1
201301ZD30324,1,9,0,5,0,1,0,0,0,0,4,1,6,1,6,-1,-1,-1,7,1
201301ZD30326,1,9,0,3,0,8,0,0,0,0,2,1,6,1,8,1796,1,10,5,1
201301ZD30326,2,9,0,18,0,8,0,0,0,0,1,1,6,3,-1,-1,-1,-1,-1,-1
201301ZD30327,1,4,0,13,0,8,0,0,0,0,1,1,6,1,4,124,1,3,2,1
201301ZD30327,2,9,0,9,0,8,0,0,0,0,3,1,6,1,7,-1,-1,-1,7,1
201301ZD30328,1,3,0,18,0,1,0,0,0,0,1,1,6,1,4,124,1,-1,2,1
201301ZD30328,2,9,0,9,0,6,0,0,0,0,3,1,6,3,-1,-1,-1,-1,-1,-1
201301ZD30329,1,9,0,18,0,8,0,0,0,0,1,1,6,3,-1,-1,-1,-1,-1,-1
201301ZD30330,1,9,0,18,0,8,0,0,0,0,1,1,6,2,8,1495,1,11,3,1
201301ZD30330,2,9,0,9,0,8,0,0,0,0,4,1,6,1,5,998,1,9,7,1
201301ZD30331,1,9,0,18,0,8,0,0,0,0,1,1,6,1,-1,-1,-1,-1,-1,-1
201301ZD30332,1,9,0,5,0,0,0,0,0,0,1,1,6,1,8,1998,1,11,9,1
201301ZD30335,1,5,0,18,0,1,0,0,0,0,4,1,6,1,8,647,1,18,8,1