Accident_Index,Vehicle_Reference,Vehicle_Type,Towing_and_Articulation,Vehicle_Manoeuvre,Vehicle_Location-Restricted_Lane,Junction_Location,Skidding_and_Overturning,Hit_Object_in_Carriageway,Vehicle_Leaving_Carriageway,Hit_Object_off_Carriageway,1st_Point_of_Impact,Was_Vehicle_Left_Hand_Drive?,Journey_Purpose_of_Driver,Sex_of_Driver,Age_Band_of_Driver,Engine_Capacity_(CC),Propulsion_Code,Age_of_Vehicle,Driver_IMD_Decile,Driver_Home_Area_Type
201301ZD30335,2,9,0,5,0,1,0,0,0,0,3,1,6,2,9,1598,1,2,7,1
201301ZD30336,1,9,0,5,0,1,0,0,0,0,2,1,6,2,5,1124,1,9,7,1
201301ZD30336,2,9,0,5,0,1,0,0,0,0,1,1,6,1,6,1590,1,14,4,1
201301ZD30339,1,1,0,9,0,8,0,0,0,0,1,1,6,1,7,-1,-1,-1,-1,-1
201301ZD30339,2,9,0,9,0,8,0,0,0,0,4,1,6,3,-1,-1,-1,-1,-1,-1
201301ZD30340,1,9,0,18,0,1,0,0,0,0,1,1,6,1,5,1390,1,11,4,1
201301ZD30340,2,9,0,9,0,5,0,0,0,0,4,1,6,1,7,1275,1,15,4,1
201301ZD30341,1,9,0,18,0,8,0,0,0,0,1,1,6,1,6,1781,1,12,4,1
201301ZD30341,2,9,0,18,0,8,0,0,0,0,3,1,6,1,7,1999,1,8,3,1
201301ZD30342,1,9,0,14,0,0,0,0,0,0,3,1,6,1,7,2143,2,2,3,1
201301ZD30342,2,1,0,13,0,0,0,0,0,0,4,1,6,1,6,-1,-1,-1,-1,-1
201301ZD30344,1,9,0,4,0,1,0,0,0,0,1,1,6,2,10,1360,1,2,10,1
201301ZD30344,2,9,0,3,0,1,0,0,0,0,2,1,6,2,8,-1,-1,-1,8,1
201301ZD30345,1,9,0,18,0,1,0,0,6,6,1,1,6,1,6,-1,-1,-1,5,1
201301ZD30346,1,9,0,6,0,1,0,0,0,0,3,1,6,1,6,-1,-1,-1,6,1
201301ZD30346,2,1,0,14,0,1,0,0,0,0,1,1,6,1,6,-1,-1,-1,-1,-1
201301ZD30347,1,9,0,18,0,8,0,10,1,1,1,1,6,1,7,1198,1,8,4,1
201301ZD30348,1,9,0,18,0,8,0,0,0,0,3,1,6,1,6,998,1,11,2,1
201301ZD30348,2,9,0,9,0,2,0,0,0,0,1,1,6,1,4,1242,1,10,3,1
201301ZD30349,1,9,0,9,0,8,0,0,0,0,4,1,6,1,8,1490,1,6,3,1
201301ZD30349,2,9,0,18,0,8,0,0,0,0,1,1,6,1,6,-1,-1,-1,4,1
201301ZD30350,1,9,0,17,0,0,0,0,0,0,4,1,6,2,4,1199,1,12,8,1
201301ZD30351,1,9,0,18,0,8,0,0,0,0,1,1,6,2,7,1984,1,3,5,1
201301ZD30351,2,9,0,9,0,8,0,0,0,0,3,1,6,1,-1,2982,2,-1,-1,-1
201301ZD30352,1,9,0,18,0,1,0,4,0,0,1,1,6,1,5,1986,2,8,1,1
201301ZD30352,2,9,0,2,0,1,0,0,1,4,2,1,6,2,5,973,1,12,2,1
201301ZD30353,1,9,0,18,0,8,0,0,0,0,1,1,6,2,8,1596,1,11,5,1
201301ZD30353,2,9,0,18,0,8,0,0,0,0,3,1,6,1,8,1360,1,11,2,1
201301ZD30354,1,8,0,3,0,1,0,0,0,0,2,1,1,1,9,1910,2,7,3,1
201301ZD30354,2,9,0,3,0,1,0,0,0,0,2,1,6,2,7,1386,1,8,5,1
201301ZD30354,3,9,0,18,0,1,0,0,0,0,1,1,6,1,7,2497,2,15,-1,-1
201301ZD30355,1,9,0,4,0,0,0,0,0,0,2,1,6,1,-1,-1,-1,-1,2,1
201301ZD30355,2,9,0,18,0,0,0,0,0,0,1,1,6,3,-1,-1,-1,-1,-1,-1
201301ZD30356,1,9,0,5,0,0,0,0,0,0,1,1,6,2,6,1242,1,2,5,1
201301ZD30356,2,3,0,18,0,0,0,0,0,0,3,1,6,1,6,-1,-1,-1,3,1
201301ZD30357,1,9,0,3,0,1,0,0,0,0,3,1,6,1,-1,1910,2,8,6,1
201301ZD30357,2,1,0,14,0,1,0,0,0,0,4,1,6,1,5,-1,-1,-1,6,1
201301ZD30358,1,9,0,18,0,0,0,0,0,0,4,1,6,3,-1,-1,-1,-1,-1,-1
201301ZD30359,1,9,0,4,0,8,0,0,0,0,2,1,6,1,6,998,1,16,-1,-1
201301ZD30359,2,9,0,18,0,8,0,0,0,0,1,1,6,2,-1,1796,1,13,-1,-1
201301ZD30360,1,9,0,18,0,8,0,0,0,0,1,1,6,2,8,998,1,2,9,1
201301ZD30361,1,11,0,18,0,2,0,0,0,0,1,1,1,1,6,4500,2,4,3,1
201301ZD30362,1,2,0,3,0,1,0,0,0,0,2,1,6,1,7,-1,-1,-1,3,1
201301ZD30362,2,9,0,4,0,1,0,0,0,0,1,1,6,3,-1,1689,2,10,-1,-1
201301ZD30363,1,2,0,18,0,8,0,0,0,0,1,1,6,1,-1,124,1,11,-1,-1
201301ZD30363,2,9,0,18,0,8,0,0,0,0,1,1,6,1,8,-1,-1,-1,8,1
201301ZD30364,1,9,0,18,0,8,0,0,0,0,1,1,6,2,8,1390,1,8,-1,-1
201301ZD30365,1,9,0,18,0,8,0,0,0,0,1,1,6,1,5,993,1,11,9,1
201301ZD30365,2,9,0,18,0,8,0,0,0,0,1,1,6,1,7,-1,-1,-1,8,1
201301ZD30365,3,9,0,2,0,8,0,0,0,0,3,1,6,2,6,1124,1,14,-1,-1
201301ZD30365,4,9,0,2,0,8,0,0,0,0,1,1,6,1,8,-1,-1,-1,-1,-1
201301ZD30366,1,11,0,4,0,1,0,0,0,0,4,1,1,2,8,6700,2,5,9,1
201301ZD30367,1,9,0,13,0,8,0,0,0,0,1,1,6,2,8,1600,1,1,9,1
201301ZD30367,2,9,0,14,0,8,0,4,0,0,1,1,6,1,5,1388,1,11,1,1
201301ZD30367,3,9,0,2,0,1,0,0,0,0,3,1,6,3,-1,-1,-1,-1,-1,-1
201301ZD30368,1,9,0,18,0,1,0,0,0,0,4,1,6,3,-1,-1,-1,-1,-1,-1
201301ZD30369,1,9,0,18,0,8,0,0,0,0,1,1,6,1,7,1796,1,5,4,1
201301ZD30369,2,9,0,18,0,8,0,0,0,0,3,1,6,1,9,1598,2,1,10,1
201301ZD30370,1,9,0,18,0,0,0,0,0,0,1,1,6,1,4,1598,1,4,3,1
201301ZD30370,2,9,0,18,0,0,0,4,0,0,1,1,6,1,5,1229,1,4,4,1
201301ZD30370,3,9,0,2,0,0,0,0,0,0,1,1,6,1,11,1998,1,18,5,1
201301ZD30371,1,9,0,13,0,0,0,0,0,0,4,1,6,2,7,1998,1,16,5,1
201301ZD30371,2,9,0,18,0,0,0,0,0,0,3,1,6,1,-1,2499,1,6,-1,-1
201301ZD30371,3,9,0,2,0,0,0,0,0,0,2,1,6,1,7,1364,1,3,3,1
201301ZD30371,4,9,0,2,0,0,0,0,0,0,2,1,6,2,6,-1,-1,-1,3,1
201301ZD30371,5,9,0,2,0,0,0,0,0,0,2,1,6,3,-1,-1,-1,-1,-1,-1
201301ZD30372,1,20,0,18,0,1,0,0,0,0,1,1,1,1,7,-1,2,9,-1,-1
201301ZD30372,2,9,0,18,0,1,0,0,0,0,2,1,6,1,9,-1,-1,-1,9,1
201301ZD30373,1,9,0,18,0,8,0,0,0,0,1,1,6,2,9,-1,-1,-1,-1,-1
201301ZD30374,1,2,0,18,0,1,0,0,0,0,3,1,1,1,4,49,1,3,-1,-1
201301ZD30374,2,9,0,13,0,1,0,0,0,0,4,1,6,3,-1,-1,-1,-1,-1,-1
201301ZD30375,1,9,0,18,0,8,0,0,0,0,1,1,6,1,4,-1,-1,-1,3,1
201301ZD30375,2,19,0,18,0,8,0,0,0,0,1,1,6,1,-1,-1,-1,-1,-1,-1
201301ZD30376,1,9,0,7,0,8,0,0,0,0,4,1,6,1,10,1998,2,12,7,1
201301ZD30376,2,1,0,18,0,8,0,0,0,0,1,1,6,1,5,-1,-1,-1,10,1
201301ZD30377,1,9,0,18,0,1,0,4,0,0,4,1,6,2,5,1299,1,8,6,3
201301ZD30377,2,9,0,2,0,1,0,0,0,0,3,1,6,3,-1,1229,1,4,-1,-1
201301ZD30377,3,9,0,2,0,1,0,0,0,0,3,1,6,3,-1,1598,1,10,-1,-1
201301ZD30378,1,9,0,2,0,0,0,0,0,0,4,1,6,1,5,1910,2,5,2,1
201301ZD30378,2,9,0,18,0,0,0,4,0,0,4,1,6,3,-1,1992,2,6,-1,-1
201301ZD30379,1,9,0,18,0,0,0,4,0,0,4,1,6,1,7,1461,2,8,-1,-1
201301ZD30379,2,9,0,2,0,0,0,0,0,0,3,1,6,1,8,1999,1,5,10,1
201301ZD30380,1,9,0,4,0,1,0,0,0,0,3,1,6,2,9,1497,8,7,5,1
201301ZD30380,2,9,0,7,0,2,0,0,0,0,1,1,6,3,-1,-1,-1,-1,-1,-1
201301ZD30381,1,3,0,18,0,8,0,0,0,0,1,1,6,1,8,125,1,2,8,1
201301ZD30381,2,11,0,18,0,8,0,0,0,0,4,1,6,1,8,7300,2,8,1,1
201301ZD30383,1,11,0,18,0,8,0,0,0,0,0,1,1,1,8,3900,2,10,-1,-1
201301ZD30384,1,9,0,3,0,8,0,0,0,0,2,1,6,1,7,2171,1,11,5,1
201301ZD30384,2,9,0,18,0,8,0,0,0,0,1,1,6,1,-1,1794,1,10,-1,-1
201301ZD30385,1,9,0,9,0,8,0,0,0,0,3,1,6,2,10,1390,1,-1,-1,-1
201301ZD30385,2,3,0,18,0,8,0,0,0,0,1,1,6,1,5,125,1,3,3,1
201301ZD30387,1,1,0,18,0,0,0,0,0,0,3,1,6,1,6,-1,-1,-1,5,1
201301ZD30387,2,20,0,13,0,0,0,0,0,0,4,1,6,3,-1,-1,-1,-1,-1,-1
201301ZD30388,1,9,0,18,0,0,0,0,0,0,4,1,6,3,-1,-1,-1,-1,-1,-1
201301ZD30389,1,9,0,9,0,8,0,0,0,0,3,1,6,2,7,1275,1,15,8,1
201301ZD30389,2,11,0,18,0,8,0,0,0,0,1,1,6,1,7,7300,2,8,2,1
201301ZD30390,1,9,0,9,0,0,0,0,0,0,3,1,6,2,6,1598,1,7,7,1
201301ZD30390,2,8,0,13,0,0,0,0,0,0,1,1,1,1,-1,-1,-1,-1,-1,-1
201301ZD30391,1,3,0,18,0,8,0,4,0,0,1,1,6,1,6,124,1,5,6,1
201301ZD30391,2,9,0,2,0,8,0,0,0,0,2,1,6,1,7,1598,1,2,6,1
201301ZD30392,1,9,0,18,0,1,0,0,0,0,1,1,6,1,5,-1,-1,-1,-1,-1
201301ZD30392,2,8,0,18,0,1,0,0,0,0,4,1,1,1,-1,1896,2,7,1,1
201301ZD30393,1,19,0,9,0,0,0,0,0,0,1,1,6,1,7,-1,-1,-1,3,1
201301ZD30395,1,9,0,3,0,0,0,0,0,0,2,1,6,2,8,1348,1,11,6,1
201301ZD30395,2,9,0,18,0,0,0,0,0,0,1,1,6,1,-1,1399,1,6,-1,-1
201301ZD30396,1,9,0,18,0,8,0,0,0,0,1,1,6,1,6,1986,2,7,3,1
201301ZD30397,1,9,0,1,0,8,0,0,0,0,2,1,6,1,6,2204,2,6,3,1
201301ZD30398,1,9,0,18,0,1,0,0,0,0,1,1,6,1,6,1600,1,13,3,1
201301ZD30399,1,9,0,18,0,8,0,0,0,0,3,1,6,2,5,1390,1,11,9,1
201301ZD30399,2,9,0,18,0,8,0,0,0,0,1,1,1,1,8,-1,-1,-1,6,1
201301ZD30401,1,9,0,3,0,1,0,0,0,0,2,1,6,2,6,1998,1,10,4,1
201301ZD30401,2,9,0,18,0,1,0,0,0,0,1,1,6,1,-1,3497,1,10,-1,-1
201301ZD30402,1,9,0,9,0,2,0,0,0,0,3,1,6,2,6,1598,1,5,7,1
201301ZD30402,2,1,0,18,0,1,0,0,0,0,1,1,6,1,6,-1,-1,-1,1,1
201301ZD30403,1,9,0,3,0,8,0,0,0,0,2,1,6,1,6,1999,1,6,-1,-1
201301ZD30403,2,9,0,1,0,8,0,0,0,0,1,1,6,2,-1,-1,-1,-1,-1,-1
201301ZD30404,1,9,0,4,0,8,0,0,0,0,2,1,6,2,6,-1,-1,-1,-1,-1
201301ZD30404,2,9,0,18,0,8,0,0,0,0,1,1,6,1,-1,-1,-1,-1,-1,-1
201301ZD30405,1,9,0,18,0,8,0,0,0,0,2,1,1,1,10,-1,-1,-1,7,3
201301ZD30405,2,9,0,18,0,8,0,0,0,0,3,1,1,2,8,1991,2,8,6,1
201301ZD30405,3,9,0,13,0,8,0,0,0,0,3,1,6,2,8,-1,-1,-1,-1,-1
201301ZD30406,1,9,0,18,0,8,0,0,0,0,1,1,6,1,-1,1698,2,19,-1,-1
201301ZD30407,1,9,0,9,0,8,0,0,0,0,4,1,6,1,6,1390,1,3,10,1
201301ZD30407,2,9,0,18,0,8,0,0,0,0,1,1,6,1,10,-1,-1,-1,3,1
201301ZD30408,1,9,0,7,0,8,0,0,0,0,3,1,6,2,6,-1,-1,-1,2,1
201301ZD30408,2,9,0,18,0,8,0,0,0,0,1,1,6,1,6,1796,1,8,2,1
201301ZD30410,1,9,0,3,0,1,0,0,0,0,2,1,6,2,8,1339,1,9,9,1
201301ZD30410,2,9,0,18,0,1,0,0,0,0,1,1,1,1,8,-1,-1,-1,1,1
201301ZD30410,3,9,0,3,0,1,0,0,0,0,2,1,1,1,-1,-1,-1,-1,-1,-1
201301ZD30411,1,11,0,18,0,8,0,0,0,0,0,1,6,3,-1,-1,-1,-1,-1,-1
201301ZD30413,1,9,0,18,0,0,0,0,0,0,1,1,6,1,9,-1,-1,-1,6,1
201301ZD30413,2,9,0,18,0,0,0,0,0,0,3,1,6,2,6,1242,1,7,3,1
201301ZD30414,1,19,0,1,0,8,0,0,0,0,2,1,6,1,5,2396,2,10,-1,-1
201301ZD30414,2,2,0,18,0,8,0,0,0,0,1,1,6,1,6,125,1,6,3,1
201301ZD30416,1,5,0,14,0,8,0,0,0,0,1,1,6,1,8,500,1,12,-1,-1
201301ZD30416,2,9,0,9,0,8,0,0,0,0,3,1,6,2,8,1799,1,6,-1,-1
201301ZD30417,1,3,0,18,0,2,0,0,0,0,4,1,6,1,6,125,1,-1,4,1
201301ZD30417,2,9,0,18,0,2,0,0,0,0,3,1,6,2,5,-1,-1,-1,5,1
201301ZD30418,1,9,0,18,0,0,0,0,0,0,4,1,6,2,10,1198,1,9,6,1
201301ZD30419,1,9,0,18,0,2,0,0,0,0,2,1,6,1,10,1794,1,10,5,1
201301ZD30419,2,1,0,18,0,2,0,0,0,0,1,1,6,1,6,-1,-1,-1,10,1
201301ZD30420,1,9,0,9,0,8,0,0,0,0,3,1,6,1,7,1991,2,6,7,1
201301ZD30420,2,2,0,13,0,8,0,0,0,0,1,1,6,1,4,49,1,12,2,1
201301ZD30421,1,9,0,9,0,5,0,0,0,0,3,1,6,2,6,1995,1,11,2,1
201301ZD30421,2,2,0,13,0,1,0,0,0,0,1,1,6,1,4,124,1,10,5,1
201301ZD30422,1,9,0,9,0,8,0,0,0,0,4,1,6,2,9,1968,2,-1,-1,-1
201301ZD30422,2,9,0,18,0,8,0,0,0,0,1,1,6,1,-1,1390,1,7,1,1
201301ZD30423,1,9,0,18,0,8,0,0,0,0,1,1,6,1,8,1119,1,12,4,1
201301ZD30423,2,9,0,9,0,8,0,0,0,0,4,1,6,1,11,998,1,4,3,1
201301ZD30424,1,5,0,18,0,8,0,0,0,0,1,1,6,1,6,1000,1,5,-1,-1
201301ZD30424,2,9,0,3,0,8,0,0,0,0,2,1,6,1,6,-1,-1,-1,1,1
201301ZD30424,3,9,0,9,0,2,0,0,0,0,0,1,6,2,9,1240,1,10,5,1
201301ZD30425,1,9,0,3,0,0,0,0,0,0,2,1,6,1,6,-1,-1,-1,8,1
201301ZD30425,2,9,0,3,0,0,0,0,0,0,2,1,6,1,-1,1968,2,1,4,1
201301ZD30425,3,9,0,18,0,0,0,0,0,0,1,1,6,1,-1,1781,1,14,5,1
201301ZD30426,1,19,0,6,0,1,0,0,0,0,1,1,1,1,7,2402,2,3,4,1
201301ZD30426,2,5,0,18,0,2,0,0,0,0,1,1,6,1,5,1470,1,13,5,3
201301ZD30427,1,9,0,18,0,8,0,0,0,0,2,1,6,2,8,-1,-1,-1,10,1
201301ZD30427,2,9,0,18,0,8,0,0,0,0,1,1,6,1,5,-1,-1,-1,4,1
201301ZD30427,3,9,0,4,0,8,0,0,0,0,2,1,6,2,6,1229,1,5,-1,-1
201301ZD30428,1,9,0,9,0,8,0,0,0,0,1,1,6,3,-1,-1,-1,-1,-1,-1
201301ZD30429,1,8,0,9,0,8,1,0,0,0,1,1,1,1,7,-1,-1,-1,-1,-1
201301ZD30429,2,9,0,18,0,8,0,0,0,0,3,1,6,1,-1,1997,2,1,-1,-1
201301ZD30430,1,20,0,7,0,1,0,0,0,0,1,1,6,1,7,6692,2,2,3,1
201301ZD30430,2,9,0,4,0,1,0,0,0,0,2,1,6,2,6,1991,2,3,3,1
201301ZD30432,1,9,0,18,0,8,0,0,0,0,1,1,6,2,-1,1599,1,7,3,1
201301ZD30432,2,9,0,18,0,8,0,0,0,0,4,1,6,1,9,1951,2,9,5,1
201301ZD30434,1,9,0,4,0,1,0,0,0,0,2,1,6,2,6,996,1,3,6,1
201301ZD30434,2,9,0,4,0,1,0,0,0,0,1,1,6,1,6,-1,-1,-1,4,1
201301ZD30434,3,9,0,4,0,1,0,0,0,0,1,1,6,1,7,1598,1,7,3,1
201301ZD30435,1,9,0,6,0,2,0,0,0,0,1,1,6,2,10,2400,2,-1,8,1
201301ZD30436,1,90,0,9,0,8,0,0,0,0,1,1,6,2,-1,-1,-1,-1,-1,-1
201301ZD30436,2,10,0,18,0,8,0,0,0,0,4,1,6,1,-1,-1,-1,-1,3,1
201301ZD30437,1,9,0,18,0,0,0,0,0,0,1,1,6,2,11,998,1,12,7,1
201301ZD30438,1,5,0,5,0,1,0,0,0,0,4,1,6,1,9,649,1,6,10,1
201301ZD30438,2,9,0,5,0,3,0,0,0,0,3,1,6,2,9,1598,1,15,6,1
201301ZD30439,1,11,0,9,0,8,0,0,0,0,3,1,1,1,8,-1,-1,-1,4,1
201301ZD30440,1,9,0,9,0,8,0,0,0,0,3,1,6,1,6,1598,1,7,7,1
201301ZD30440,2,5,0,18,0,8,0,0,0,0,1,1,6,1,6,1000,1,5,5,1
201301ZD30441,1,9,0,4,0,2,0,0,0,0,2,1,6,1,10,3199,1,14,4,1
201301ZD30441,2,9,0,18,0,2,0,0,0,0,1,1,6,2,7,-1,-1,-1,2,1
201301ZD30442,1,9,0,18,0,2,0,0,0,0,4,1,6,1,8,2993,2,-1,3,1
201301ZD30444,1,9,0,4,0,0,0,0,0,0,2,1,6,2,6,-1,-1,-1,3,1
201301ZD30444,2,9,0,4,0,0,0,0,0,0,1,1,6,2,4,-1,-1,-1,3,1
201301ZD30445,1,9,0,18,0,8,0,0,0,0,1,1,6,1,6,1598,1,11,2,1
201301ZD30445,2,1,0,18,0,8,0,0,0,0,4,1,6,1,8,-1,-1,-1,-1,-1
201301ZD30446,1,9,0,18,0,0,0,0,0,0,2,1,6,2,6,1390,1,9,3,1
201301ZD30446,2,19,0,18,0,0,0,0,0,0,1,1,6,1,-1,1968,2,-1,-1,-1
201301ZD30447,1,9,0,7,0,1,0,0,0,0,4,1,6,3,-1,-1,-1,-1,-1,-1
201301ZD30447,2,1,0,15,4,1,0,0,0,0,3,1,6,1,7,-1,-1,-1,4,1
201301ZD30448,1,9,0,9,0,8,5,0,0,0,1,1,6,1,5,1461,2,3,-1,-1
201301ZD30448,2,9,0,18,0,8,0,0,0,0,3,1,6,1,6,-1,-1,-1,2,1
201301ZD30449,1,9,0,5,0,8,0,0,0,0,1,1,1,1,8,-1,-1,-1,5,1
201301ZD30450,1,9,0,3,0,0,0,0,0,0,2,1,6,1,9,2148,2,4,5,1
201301ZD30450,2,9,0,18,0,0,0,0,0,0,1,1,6,1,7,1595,1,5,10,1
201301ZD30451,1,9,0,18,0,8,0,0,0,0,4,1,6,2,6,1149,1,5,2,1
201301ZD30451,2,9,0,18,0,8,0,0,0,0,1,1,6,1,5,1198,1,8,2,1
201301ZD30452,1,9,0,18,0,8,0,0,0,0,3,1,6,2,6,1124,1,7,4,1
201301ZD30452,2,19,0,1,0,8,0,0,0,0,2,1,6,1,9,2464,2,4,9,1
201301ZD30453,1,19,0,9,0,8,0,0,0,0,3,1,6,1,8,-1,-1,-1,8,1
201301ZD30453,2,3,0,13,0,8,0,0,0,0,1,1,6,1,4,-1,-1,-1,4,1
201301ZD30454,1,9,0,9,0,8,0,0,0,0,1,1,6,1,5,-1,-1,-1,6,1
201301ZD30454,2,1,0,18,0,8,0,0,0,0,4,1,6,1,11,-1,-1,-1,-1,-1
201301ZD30455,1,9,0,5,0,0,0,0,0,0,1,1,6,1,5,1595,1,3,3,1
201301ZD30456,1,9,0,18,0,0,0,0,0,0,1,1,6,2,4,1198,1,1,2,1
201301ZD30456,2,9,0,4,0,0,0,0,0,0,2,1,6,1,-1,998,1,2,-1,-1
201301ZD30457,1,9,0,18,0,0,0,0,0,0,0,1,3,2,6,1360,1,3,5,1
201301ZD30457,2,9,0,2,0,0,0,0,0,0,0,1,6,1,7,1794,1,10,4,1
201301ZD30458,1,9,0,18,0,0,0,0,0,0,1,1,6,2,7,1362,1,1,3,1
201301ZD30459,1,9,0,18,0,2,0,0,0,0,1,1,6,2,6,1390,1,10,2,1
201301ZD30460,1,9,0,18,0,2,0,10,1,4,1,1,6,1,7,1597,1,17,5,1
201301ZD30461,1,19,0,9,0,8,0,0,0,0,0,1,6,1,8,1560,2,2,8,1
201301ZD30461,2,9,0,18,0,8,0,10,7,3,1,1,6,2,5,1199,1,11,3,1
201301ZD30462,1,9,0,6,0,2,0,0,0,0,4,1,6,2,7,1870,2,11,7,1
201301ZD30462,2,9,0,18,0,1,0,0,0,0,1,1,6,1,-1,1389,1,15,-1,-1
201301ZD30463,1,3,0,13,0,8,0,0,0,0,4,1,6,1,6,124,1,3,6,1
201301ZD30463,2,9,0,9,0,8,0,0,0,0,3,1,6,2,7,1968,2,3,-1,-1
201301ZD30464,1,4,0,14,0,8,0,0,0,0,4,1,6,1,8,125,1,2,4,1
201301ZD30464,2,9,0,9,0,8,0,0,0,0,1,1,6,1,8,1598,1,13,5,1
201301ZD30465,1,1,0,18,0,8,0,0,0,0,4,1,6,1,8,-1,-1,-1,4,1
201301ZD30465,2,9,0,7,0,8,0,0,0,0,3,1,6,1,8,1995,2,11,-1,-1
201301ZD30466,1,19,0,3,0,0,0,0,0,0,2,1,6,1,7,2198,2,5,4,1
201301ZD30466,2,9,0,4,0,0,0,0,0,0,1,1,6,1,-1,-1,-1,-1,6,3
201301ZD30466,3,9,0,3,0,0,0,0,0,0,2,1,6,1,-1,-1,-1,-1,-1,-1
201301ZD30467,1,21,0,7,0,2,0,0,0,0,1,1,1,1,8,-1,-1,-1,2,1
201301ZD30467,2,9,0,2,0,2,0,10,1,1,2,1,6,2,10,1339,1,9,5,1
201301ZD30468,1,9,0,9,0,8,0,0,0,0,2,1,6,1,6,1999,1,6,6,1
201301ZD30468,2,19,0,9,0,8,0,0,0,0,1,1,6,1,-1,1560,2,2,-1,-1
201301ZD30470,1,9,0,18,0,8,0,0,0,0,3,1,6,1,6,4197,1,8,-1,-1
201301ZD30470,2,3,0,18,0,8,0,0,0,0,1,1,6,1,5,125,1,5,2,1
201301ZD30471,1,11,0,4,0,1,0,0,0,0,0,1,1,1,7,9200,2,10,2,1
201301ZD30473,1,9,0,9,0,2,0,0,0,0,1,1,6,2,6,1781,1,12,9,1
201301ZD30474,1,8,0,5,0,0,0,0,0,0,4,1,1,1,-1,1896,2,8,-1,-1
201301ZD30475,1,9,0,7,0,8,0,0,0,0,3,1,6,1,7,-1,-1,-1,10,1
201301ZD30475,2,9,0,18,0,8,0,0,0,0,1,1,6,1,6,1988,1,12,7,1
201301ZD30478,1,11,0,5,0,8,0,0,0,0,0,1,1,1,8,6700,2,3,1,1
201301ZD30480,1,9,0,18,0,1,0,0,0,0,1,1,6,2,6,1796,1,11,4,1
201301ZD30482,1,9,0,7,0,8,0,0,0,0,1,1,6,3,-1,-1,-1,-1,-1,-1
201301ZD30484,1,9,0,18,0,0,0,0,0,0,4,1,6,1,8,1598,1,9,6,1
201301ZD30485,1,9,0,9,0,8,0,0,0,0,3,1,6,2,6,2295,1,11,2,1
201301ZD30485,2,3,0,18,0,8,0,0,0,0,1,1,6,1,5,124,1,8,5,1
201301ZD30486,1,9,0,1,0,0,0,0,0,0,2,1,1,1,9,3192,1,6,6,1
201301ZD30487,1,9,0,9,0,8,0,0,0,0,3,1,6,1,5,1598,1,6,-1,1
201301ZD30487,2,19,0,14,0,8,0,0,0,0,1,1,6,1,7,2151,2,10,3,1
201301ZD30488,1,9,0,7,0,8,0,0,0,0,1,1,6,3,-1,-1,-1,-1,-1,-1
201301ZD30489,1,9,0,18,0,8,0,0,0,0,1,1,6,1,8,2198,1,6,-1,-1
201301ZD30489,2,9,0,9,0,8,0,0,0,0,4,1,6,1,7,-1,-1,-1,-1,-1
201301ZD30490,1,9,0,9,0,8,0,0,0,0,4,1,6,2,9,1497,8,6,8,1
201301ZD30490,2,4,0,18,0,8,0,0,0,0,1,1,6,1,7,-1,-1,-1,5,1
201301ZD30491,1,5,0,4,0,1,0,0,0,0,0,1,6,2,8,645,1,3,-1,-1
201301ZD30492,1,5,0,3,0,8,0,0,0,0,3,1,2,1,8,996,1,5,10,1
201301ZD30492,2,9,0,9,0,8,0,0,0,0,3,1,6,2,5,1596,1,8,6,1
201301ZD30493,1,9,0,9,0,2,0,0,0,0,1,1,6,2,8,1598,1,6,9,1
201301ZD30494,1,9,0,9,0,8,0,0,0,0,1,1,6,1,6,1598,1,-1,3,1
201301ZD30494,2,2,0,18,2,8,0,0,0,0,3,1,6,1,5,-1,-1,-1,5,1
201301ZD30495,1,9,0,2,0,0,0,0,0,0,3,1,6,2,7,1560,2,4,10,1
201301ZD30495,2,9,0,18,0,0,0,4,0,0,1,1,6,3,-1,1587,1,7,-1,-1
201301ZD30496,1,9,0,18,0,8,0,0,1,0,1,1,6,1,7,1995,1,10,3,1
201301ZD30496,2,9,0,13,0,8,1,0,1,10,2,1,2,1,5,1968,2,5,5,1
201301ZD30497,1,19,0,18,0,0,0,0,0,0,3,1,1,1,9,1998,2,8,2,1
201301ZD30498,1,2,0,4,0,0,0,0,0,0,1,1,6,1,4,49,1,9,9,1
201301ZD30498,2,9,0,4,0,0,0,0,0,0,2,1,6,1,10,2993,2,1,10,1
201301ZD30499,1,9,0,9,0,8,0,0,0,0,1,1,6,1,7,1390,1,8,5,1
201301ZD30499,2,1,0,18,0,8,0,0,0,0,3,1,6,1,7,-1,-1,-1,5,1
201301ZD30500,1,9,0,16,0,0,1,0,0,0,1,1,6,1,6,-1,-1,-1,2,1
201301ZD30500,2,9,0,17,0,0,0,0,0,0,1,1,6,1,6,1299,1,14,4,1
201301ZD30501,1,9,0,17,9,0,0,10,1,4,1,1,6,1,8,1995,1,5,5,1
201301ZD30503,1,9,0,4,0,0,1,0,1,0,1,1,6,1,5,1198,1,6,8,1
201301ZD30504,1,9,0,9,0,8,0,0,0,0,1,1,6,2,8,1998,1,12,9,1
201301ZD30504,2,5,0,18,0,8,0,0,1,0,3,1,6,1,6,999,1,8,3,1
201301ZD30505,1,1,0,18,0,8,0,0,0,0,0,1,6,1,7,-1,-1,-1,-1,-1
201301ZD30505,2,9,0,9,0,8,0,0,0,0,0,1,6,1,-1,1199,1,11,6,1
201301ZD30506,1,9,0,9,0,8,0,0,0,0,0,1,6,2,9,1389,1,17,3,1
201301ZD30506,2,1,0,4,0,8,0,0,0,0,0,1,6,1,7,-1,-1,-1,5,1
201301ZD30507,1,11,0,17,0,8,0,0,0,0,1,1,1,1,6,3900,2,10,8,1
201301ZD30507,2,9,0,17,0,8,0,0,0,0,2,1,6,1,-1,1799,1,6,6,1
201301ZD30509,1,3,0,18,0,8,0,0,1,0,4,1,1,1,4,125,1,3,1,1
201301ZD30509,2,9,0,9,0,8,0,0,0,0,3,1,6,1,5,1596,1,7,3,1
201301ZD30511,1,4,0,18,0,1,0,0,0,0,3,1,2,1,7,249,1,1,8,1
201301ZD30512,1,9,0,9,0,8,0,0,0,0,3,1,6,2,5,1198,1,1,8,1
201301ZD30512,2,3,0,13,0,8,0,0,0,0,1,1,6,1,8,125,1,2,3,1
201301ZD30514,1,9,0,7,0,8,0,0,0,0,2,1,2,2,8,1796,1,9,10,1
201301ZD30514,2,9,0,7,0,8,0,0,0,0,1,1,6,3,-1,-1,-1,-1,-1,-1
201301ZD30515,1,9,0,9,0,8,0,0,0,0,0,1,6,2,9,-1,-1,-1,-1,-1