Accident_Index,Vehicle_Reference,Vehicle_Type,Towing_and_Articulation,Vehicle_Manoeuvre,Vehicle_Location-Restricted_Lane,Junction_Location,Skidding_and_Overturning,Hit_Object_in_Carriageway,Vehicle_Leaving_Carriageway,Hit_Object_off_Carriageway,1st_Point_of_Impact,Was_Vehicle_Left_Hand_Drive?,Journey_Purpose_of_Driver,Sex_of_Driver,Age_Band_of_Driver,Engine_Capacity_(CC),Propulsion_Code,Age_of_Vehicle,Driver_IMD_Decile,Driver_Home_Area_Type
201301ZD30889,1,9,0,9,0,8,0,0,0,0,1,1,6,1,6,1796,1,14,5,1
201301ZD30889,2,9,0,18,0,8,0,0,0,0,3,1,6,1,8,1998,1,10,8,1
201301ZD30891,1,9,0,3,0,1,0,0,0,0,2,1,6,2,7,1998,2,9,3,1
201301ZD30891,2,9,0,18,0,1,0,0,0,0,1,1,6,1,10,1997,1,1,3,1
201301ZD30893,1,1,0,18,9,0,0,0,0,0,1,1,6,1,3,-1,-1,-1,4,1
201301ZD30894,1,1,0,13,0,1,0,0,0,0,1,1,6,2,6,-1,-1,-1,4,1
201301ZD30894,2,9,0,9,0,1,0,0,0,0,3,1,2,1,7,1596,1,-1,2,1
201301ZD30895,1,9,0,18,0,2,0,0,0,0,1,1,6,1,-1,-1,-1,-1,-1,-1
201301ZD30895,2,9,0,9,0,2,0,0,0,0,2,1,6,1,6,1796,1,10,4,1
201301ZD30895,3,9,0,18,0,2,0,0,0,0,1,1,6,1,8,1560,2,1,3,1
201301ZD30896,1,9,0,18,0,0,0,0,0,0,1,1,6,1,-1,-1,-1,-1,-1,-1
201301ZD30897,1,9,0,15,0,1,0,0,0,0,3,1,6,2,8,1397,1,10,5,1
201301ZD30897,2,1,0,9,0,1,0,0,0,0,4,1,6,1,4,-1,-1,-1,6,1
201301ZD30898,1,9,0,18,0,8,0,0,0,0,3,1,6,2,5,998,1,-1,4,1
201301ZD30898,2,9,0,5,0,8,0,0,0,0,1,1,6,1,10,1398,1,2,10,1
201301ZD30899,1,9,0,18,0,2,0,0,0,0,1,1,6,1,9,-1,-1,-1,3,1
201301ZD30900,1,90,0,18,0,8,0,0,0,0,3,1,1,1,9,-1,-1,-1,-1,-1
201301ZD30900,2,9,0,18,0,8,0,0,0,0,1,1,6,1,5,1995,2,3,10,1
201301ZD30901,1,9,0,17,0,8,0,0,0,0,1,1,6,2,8,1398,1,1,5,1
201301ZD30901,2,9,0,16,0,8,1,0,0,0,1,1,6,1,4,1398,1,-1,8,1
201301ZD30902,1,9,0,8,0,1,0,0,0,0,2,1,6,2,7,1498,1,6,9,1
201301ZD30902,2,9,0,7,0,1,0,0,0,0,1,1,6,1,-1,-1,-1,-1,-1,-1
201301ZD30903,1,9,0,18,0,2,0,0,0,0,1,1,6,1,6,1388,1,12,4,1
201301ZD30904,1,9,0,3,0,2,0,0,0,0,3,1,6,2,-1,1124,1,10,-1,-1
201301ZD30904,2,9,0,1,0,1,0,0,0,0,2,1,6,1,-1,-1,-1,-1,-1,-1
201301ZD30905,1,9,0,18,0,0,0,0,0,0,1,1,6,2,8,1998,1,8,3,1
201301ZD30905,2,9,0,3,0,0,0,0,0,0,2,1,6,2,7,1794,1,7,7,1
201301ZD30905,3,9,0,3,0,0,0,0,0,0,2,1,6,3,-1,-1,-1,-1,-1,-1
201301ZD30906,1,9,0,18,0,0,0,0,0,0,1,1,6,2,5,1240,1,8,2,1
201301ZD30907,1,9,0,18,0,8,0,0,0,0,1,1,6,1,5,899,1,-1,-1,-1
201301ZD30907,2,9,0,9,0,8,0,0,0,0,1,1,6,2,5,1389,1,17,5,1
201301ZD30908,1,9,0,18,0,8,0,0,0,0,1,1,6,1,6,1497,1,12,5,1
201301ZD30908,2,9,0,18,0,8,0,0,0,0,3,1,6,1,7,1398,1,2,8,1
201301ZD30909,1,19,0,9,0,8,0,0,0,0,3,1,1,2,6,-1,-1,-1,6,1
201301ZD30909,2,9,0,18,0,8,0,0,0,0,1,1,6,2,4,-1,-1,-1,8,1
201301ZD30911,1,9,0,14,0,1,0,0,0,0,3,1,6,1,7,-1,-1,-1,7,1
201301ZD30911,2,3,0,13,0,1,0,0,0,0,4,1,6,1,5,745,1,8,8,1
201301ZD30912,1,9,0,13,0,0,0,0,0,0,4,1,6,2,-1,1668,1,12,3,1
201301ZD30912,2,1,0,18,0,0,0,0,0,0,3,1,6,1,6,-1,-1,-1,5,1
201301ZD30914,1,9,0,18,0,8,0,0,0,0,3,1,6,2,6,1124,1,8,2,1
201301ZD30914,2,9,0,18,0,8,0,0,0,0,1,1,6,1,-1,-1,-1,-1,-1,-1
201301ZD30915,1,20,0,3,0,1,0,0,0,0,2,1,1,1,8,-1,-1,-1,2,1
201301ZD30915,2,20,0,18,0,1,0,0,0,0,1,1,1,1,9,-1,-1,-1,4,1
201301ZD30916,1,9,0,18,0,6,0,0,0,0,4,1,6,1,5,1896,2,9,-1,-1
201301ZD30916,2,9,0,9,0,2,0,0,0,0,1,1,6,1,7,1799,1,7,3,1
201301ZD30917,1,9,0,9,0,8,0,0,0,0,1,1,6,1,6,2295,1,9,2,1
201301ZD30917,2,1,0,15,0,8,0,0,0,0,1,1,6,1,5,-1,-1,-1,10,1
201301ZD30918,1,9,0,9,0,8,0,0,0,0,1,1,6,3,-1,1587,1,11,-1,-1
201301ZD30918,2,1,0,18,0,8,0,0,0,0,4,1,6,1,6,-1,-1,-1,2,1
201301ZD30919,1,9,0,18,0,0,0,0,0,0,1,1,6,2,8,1364,2,8,5,1
201301ZD30920,1,9,0,18,0,0,0,4,0,0,1,1,6,2,8,1596,1,8,1,1
201301ZD30920,2,9,0,2,0,0,0,0,0,0,3,1,6,1,-1,1598,1,8,3,1
201301ZD30920,3,9,0,2,0,0,0,0,0,0,3,1,6,2,-1,1598,2,1,1,1
201301ZD30921,1,90,0,18,9,1,0,0,0,0,1,1,6,1,8,-1,3,-1,3,1
201301ZD30921,2,9,0,18,9,2,0,0,0,0,1,1,6,3,-1,-1,-1,-1,-1,-1
201301ZD30922,1,9,0,9,0,5,0,0,0,0,4,1,6,1,7,1199,1,12,3,1
201301ZD30922,2,9,0,18,0,8,0,0,0,0,1,1,6,1,6,1598,2,1,4,1
201301ZD30924,1,9,0,17,0,8,0,0,0,0,4,1,6,1,7,1896,2,8,10,1
201301ZD30924,2,1,0,18,0,8,0,0,0,0,1,1,6,1,6,-1,-1,-1,9,1
201301ZD30925,1,11,0,5,0,1,0,0,0,0,0,1,1,1,8,7300,2,8,4,1
201301ZD30926,1,9,0,9,0,8,0,0,0,0,3,1,6,1,6,1598,1,8,4,1
201301ZD30926,2,3,0,14,0,8,0,0,0,0,1,1,6,1,6,599,1,4,6,1
201301ZD30927,1,19,0,9,0,8,0,0,0,0,1,1,1,1,7,-1,-1,-1,2,1
201301ZD30928,1,9,0,3,0,1,0,0,0,0,2,1,6,2,7,-1,-1,-1,2,1
201301ZD30928,2,9,0,18,0,1,0,0,0,0,1,1,6,2,8,1598,1,-1,4,1
201301ZD30930,1,9,0,5,0,8,0,0,0,0,3,1,6,1,8,1795,1,13,6,1
201301ZD30930,2,9,0,18,0,8,0,0,0,0,1,1,6,2,5,1199,1,10,7,1
201301ZD30931,1,9,0,5,0,8,0,0,0,0,1,1,6,2,7,-1,3,6,4,1
201301ZD30931,2,19,0,18,0,8,0,0,0,0,3,1,1,1,8,2463,2,7,4,1
201301ZD30932,1,9,0,5,0,8,0,0,0,0,1,1,6,2,7,2993,2,2,9,1
201301ZD30932,2,9,0,18,0,8,0,0,0,0,4,1,6,2,7,1595,2,3,5,1
201301ZD30933,1,9,0,10,0,1,0,0,0,0,2,1,6,1,7,1995,1,6,4,1
201301ZD30933,2,9,0,4,0,1,0,0,0,0,2,1,6,2,8,-1,-1,-1,6,1
201301ZD30933,3,9,0,18,0,1,0,0,0,0,1,1,6,2,-1,1198,1,5,3,1
201301ZD30934,1,9,0,18,0,1,0,0,0,0,4,1,6,1,6,599,1,13,3,1
201301ZD30935,1,9,0,9,0,8,0,0,0,0,3,1,6,1,6,1796,1,10,5,1
201301ZD30935,2,1,0,18,0,8,0,0,0,0,1,1,6,1,9,-1,-1,-1,8,1
201301ZD30936,1,9,0,14,0,8,0,0,0,0,1,1,6,1,8,1781,1,24,3,1
201301ZD30936,2,9,0,9,0,8,0,0,0,0,3,1,6,1,8,1390,1,10,-1,-1
201301ZD30937,1,9,0,5,0,1,0,0,0,0,2,1,6,2,5,1248,2,-1,2,1
201301ZD30937,2,9,0,5,0,1,0,0,0,0,1,1,6,1,-1,1582,2,5,9,1
201301ZD30938,1,1,0,18,9,0,0,0,0,0,1,1,6,3,-1,-1,-1,-1,-1,-1
201301ZD30939,1,9,0,4,0,1,0,0,0,0,2,1,6,1,-1,1796,1,10,-1,-1
201301ZD30939,2,9,0,18,0,1,0,0,0,0,1,1,6,1,7,1796,1,10,4,1
201301ZD30941,1,9,0,4,0,2,0,0,0,0,1,1,6,2,-1,1596,1,12,8,1
201301ZD30942,1,8,0,7,0,8,0,0,0,0,3,1,1,2,9,2664,2,11,8,1
201301ZD30942,2,9,0,18,0,8,0,0,0,0,1,1,6,1,9,1388,1,11,-1,-1
201301ZD30945,1,9,0,18,0,2,0,0,0,0,1,1,6,2,6,1199,1,13,-1,-1
201301ZD30946,1,5,0,4,0,2,0,0,0,0,2,1,6,1,6,749,1,17,2,1
201301ZD30946,2,9,0,18,0,2,0,0,0,0,1,1,6,3,-1,2993,2,5,-1,-1
201301ZD30947,1,9,0,5,0,2,0,0,0,0,3,1,6,2,7,-1,-1,-1,4,1
201301ZD30948,1,9,0,3,0,2,0,0,0,0,2,1,6,1,7,3999,1,5,6,1
201301ZD30948,2,9,0,4,0,2,0,0,0,0,2,1,6,1,8,2987,2,1,10,1
201301ZD30948,3,9,0,4,0,2,0,0,0,0,1,1,6,1,5,1999,1,8,8,1
201301ZD30949,1,9,0,17,0,8,0,0,0,0,3,1,6,1,5,1998,1,7,3,1
201301ZD30949,2,9,0,18,0,8,0,0,0,0,4,1,6,2,-1,2967,1,10,-1,-1
201301ZD30950,1,9,0,2,0,0,0,0,0,0,1,1,6,2,6,1685,2,1,4,1
201301ZD30950,2,9,0,1,0,0,0,0,0,0,2,1,6,3,-1,1396,1,16,-1,-1
201301ZD30951,1,9,0,3,0,2,0,0,0,0,2,1,6,1,6,1781,1,8,5,1
201301ZD30951,2,9,0,9,0,2,0,0,0,0,1,1,6,1,6,-1,-1,-1,5,1
201301ZD30952,1,3,0,18,0,8,0,0,0,0,4,1,6,1,4,124,1,3,9,1
201301ZD30952,2,9,0,9,0,8,0,0,0,0,1,1,6,2,-1,1396,1,11,5,1
201301ZD30953,1,9,0,18,0,1,0,0,0,0,1,1,6,1,9,1796,1,11,3,1
201301ZD30955,1,11,0,3,0,0,0,0,0,0,3,1,1,1,6,7300,2,7,2,1
201301ZD30955,2,9,0,18,0,0,0,0,0,0,1,1,6,1,7,1598,1,9,4,1
201301ZD30955,3,9,0,14,0,0,0,0,0,0,1,1,6,1,5,1299,1,13,5,1
201301ZD30957,1,9,0,3,0,1,0,0,0,0,2,1,6,2,6,1598,1,10,2,1
201301ZD30957,2,19,0,18,0,1,0,0,0,0,1,1,6,3,-1,1896,2,8,-1,-1
201301ZD30958,1,9,0,7,0,5,0,0,0,0,4,1,6,1,7,-1,-1,-1,3,1
201301ZD30958,2,3,0,15,0,1,0,0,0,0,1,1,6,1,4,124,1,8,5,1
201301ZD30959,1,9,0,2,0,2,0,0,0,0,3,1,6,1,8,1797,8,3,1,1
201301ZD30959,2,1,0,18,0,2,0,8,0,0,1,1,6,1,5,-1,-1,-1,6,1
201301ZD30962,1,3,0,18,0,8,0,0,0,0,3,1,6,1,4,-1,-1,-1,3,1
201301ZD30962,2,9,0,9,0,8,0,0,0,0,1,1,6,3,-1,-1,-1,-1,-1,-1
201301ZD30963,1,9,0,18,0,0,0,0,0,0,1,1,6,1,7,1590,1,15,5,1
201301ZD30964,1,2,0,18,0,0,0,0,0,0,3,1,6,1,7,124,1,-1,2,1
201301ZD30964,2,9,0,14,0,0,0,0,0,0,4,1,6,3,-1,-1,-1,-1,-1,-1
201301ZD30965,1,19,0,18,9,0,0,0,0,0,3,1,6,1,-1,-1,-1,-1,-1,-1
201301ZD30965,2,9,0,7,0,0,0,0,0,0,4,1,6,1,7,1998,1,8,8,1
201301ZD30966,1,9,0,9,0,5,0,0,0,0,4,1,1,1,8,-1,-1,-1,5,1
201301ZD30966,2,1,0,18,0,1,0,0,0,0,1,1,6,1,5,-1,-1,-1,3,1
201301ZD30967,1,9,0,18,0,1,0,0,0,0,1,1,6,3,-1,-1,-1,-1,-1,-1
201301ZD30968,1,9,0,18,0,2,0,0,0,0,1,1,1,1,8,-1,-1,-1,9,1
201301ZD30970,1,90,0,9,0,8,0,10,0,0,1,1,6,2,8,535,1,12,2,1
201301ZD30970,2,19,0,18,0,8,0,0,0,0,2,1,1,1,8,2198,2,4,8,1
201301ZD30971,1,9,0,4,0,1,0,0,0,0,2,1,6,1,7,-1,-1,-1,4,1
201301ZD30971,2,9,0,18,0,1,0,0,0,0,1,1,6,3,-1,1388,1,8,-1,-1
201301ZD30973,1,9,0,18,0,8,0,4,0,0,3,1,6,1,6,2143,2,-1,4,1
201301ZD30973,2,9,0,18,0,8,0,0,0,0,3,1,6,2,8,1275,1,18,3,1
201301ZD30973,3,19,0,2,0,1,0,0,0,0,1,1,6,1,7,2461,2,10,3,1
201301ZD30974,1,9,0,3,0,2,0,0,0,0,2,1,6,2,11,998,1,3,8,1
201301ZD30974,2,9,0,18,0,2,0,0,0,0,1,1,6,1,6,1149,1,1,8,1
201301ZD30975,1,9,0,9,0,1,0,0,0,0,1,1,1,1,9,1206,1,3,2,1
201301ZD30975,2,2,0,9,0,1,0,0,0,0,2,1,6,1,4,49,1,5,-1,-1
201301ZD30976,1,9,0,18,0,8,0,0,0,0,1,1,6,1,7,1998,1,14,5,1
201301ZD30976,2,1,0,18,0,8,0,0,0,0,4,1,6,1,8,-1,-1,-1,4,1
201301ZD30977,1,19,0,18,0,2,0,0,0,0,4,1,1,2,6,2198,2,6,-1,-1
201301ZD30978,1,9,0,3,0,2,0,0,0,0,2,1,6,1,7,3199,1,12,3,1
201301ZD30978,2,19,0,18,0,2,0,0,0,0,1,1,6,1,-1,-1,-1,-1,6,3
201301ZD30979,1,9,0,18,0,0,1,0,1,4,1,1,6,2,4,1229,1,9,5,1
201301ZD30980,1,11,0,5,0,1,0,0,0,0,1,1,1,1,8,-1,-1,-1,2,1
201301ZD30981,1,9,0,18,0,1,0,0,0,0,4,1,6,1,7,1595,1,13,4,1
201301ZD30982,1,9,0,9,0,8,0,0,0,0,3,1,6,1,7,2000,2,9,4,1
201301ZD30982,2,9,0,13,0,8,0,0,0,0,1,1,6,2,-1,1769,1,9,2,1
201301ZD30983,1,9,0,18,0,8,0,0,0,0,1,1,6,1,4,1199,1,11,4,1
201301ZD30983,2,9,0,9,0,8,0,0,0,0,3,1,6,2,5,998,1,3,7,1
201301ZD30984,1,9,0,18,0,8,0,0,0,0,3,1,6,1,8,2401,2,9,10,1
201301ZD30984,2,9,0,18,0,8,0,0,0,0,1,1,6,2,5,1896,2,6,8,1
201301ZD30985,1,9,0,9,0,2,0,0,0,0,3,1,6,1,8,2362,1,11,10,1
201301ZD30986,1,11,0,4,0,0,0,0,0,0,0,1,6,1,8,9000,2,4,-1,-1
201301ZD30988,1,9,0,7,0,1,0,0,0,0,3,1,6,1,-1,1598,1,7,5,1
201301ZD30988,2,21,0,7,0,1,0,0,0,0,4,1,1,1,8,12777,2,2,3,1
201301ZD30989,1,9,0,18,9,1,0,0,0,0,4,1,6,3,-1,-1,-1,-1,-1,-1
201301ZD30990,1,9,0,14,0,0,0,0,0,0,1,1,6,2,10,2179,2,1,10,1
201301ZD30990,2,19,0,14,0,0,0,0,0,0,2,1,1,1,-1,1753,2,2,8,1
201301ZD30991,1,9,0,9,0,8,0,0,0,0,4,1,6,2,6,998,1,12,6,1
201301ZD30991,2,9,0,18,0,8,0,0,0,0,1,1,6,1,-1,1753,2,15,-1,-1
201301ZD30992,1,9,0,18,0,8,0,0,0,0,3,1,6,1,7,1951,2,9,-1,-1
201301ZD30992,2,9,0,18,0,8,0,0,0,0,3,1,6,3,-1,1997,2,-1,-1,-1
201301ZD30993,1,9,0,18,0,1,0,0,0,0,1,1,6,2,7,1339,1,7,5,1
201301ZD30994,1,9,0,18,0,1,0,0,0,0,1,1,6,1,5,1560,2,1,1,1
201301ZD30994,2,3,0,3,0,1,0,0,0,0,2,1,6,1,5,124,1,7,7,1
201301ZD30994,3,9,0,10,0,1,0,0,0,0,2,1,6,1,7,2497,1,8,-1,-1
201301ZD30995,1,9,0,18,0,0,0,0,0,0,1,1,6,3,-1,-1,-1,-1,-1,-1
201301ZD30996,1,9,0,18,0,8,0,0,0,0,1,1,6,1,6,1796,1,10,5,1
201301ZD30997,1,9,0,9,0,8,0,0,0,0,3,1,1,2,7,1598,1,2,5,1
201301ZD30997,2,1,0,18,0,8,0,0,0,0,1,1,6,1,7,-1,-1,-1,-1,-1
201301ZD31000,1,9,0,9,0,0,0,0,0,0,3,1,6,1,7,3199,1,12,2,1
201301ZD31000,2,2,0,14,0,0,0,0,0,0,1,1,6,1,9,102,1,6,-1,-1
201301ZD31001,1,9,0,18,0,8,0,0,0,0,3,1,6,1,5,-1,-1,-1,-1,-1
201301ZD31001,2,9,0,5,0,8,0,0,0,0,1,1,6,2,5,1604,1,6,5,1
201301ZD31003,1,9,0,18,0,0,0,0,0,0,1,1,6,1,8,-1,-1,-1,4,1
201301ZD31004,1,9,0,18,0,0,0,0,0,0,1,1,6,2,11,1997,2,9,1,1
201301ZD31005,1,9,0,4,0,0,0,0,0,0,2,1,6,2,5,1596,1,10,10,1
201301ZD31005,2,9,0,4,0,0,0,0,0,0,2,1,6,2,-1,1598,1,7,4,1
201301ZD31005,3,9,0,18,0,0,0,0,0,0,1,1,6,1,-1,2188,2,7,9,3
201301ZD31006,1,9,0,18,0,0,0,0,0,0,4,1,6,3,-1,-1,-1,-1,-1,-1
201301ZD31007,1,5,0,14,0,0,0,0,0,0,1,1,6,1,8,-1,-1,-1,2,1
201301ZD31007,2,9,0,9,0,0,0,0,0,0,3,1,6,2,5,1995,2,5,2,1
201301ZD31008,1,9,0,5,0,8,0,0,0,0,1,1,6,2,8,-1,-1,-1,9,1
201301ZD31008,2,9,0,17,0,8,0,0,0,0,4,1,6,1,7,2688,2,12,7,1
201301ZD31011,1,9,0,3,0,0,0,0,0,0,2,1,1,1,5,1984,1,4,9,1
201301ZD31011,2,9,0,5,0,0,0,0,0,0,1,1,6,2,7,-1,-1,-1,7,1
201301ZD31011,3,9,0,3,0,0,0,0,0,0,2,1,6,2,-1,1242,1,7,8,1
201301ZD31012,1,9,0,3,0,1,0,0,0,0,2,1,6,1,8,1991,2,4,3,1
201301ZD31012,2,19,0,18,0,1,0,0,0,0,1,1,1,1,5,2402,2,5,5,1
201301ZD31013,1,9,0,18,0,8,0,0,0,0,1,1,6,2,5,1995,2,1,8,1
201301ZD31013,2,9,0,9,0,8,0,0,0,0,1,1,6,2,11,998,1,17,9,1
201301ZD31014,1,9,0,18,0,1,0,10,1,4,1,1,6,2,8,-1,-1,-1,4,1
201301ZD31016,1,9,0,9,0,8,0,0,0,0,3,1,6,1,7,1840,1,13,6,1
201301ZD31016,2,9,0,18,0,8,0,0,0,0,1,1,6,1,-1,-1,-1,-1,4,1
201301ZD31017,1,11,0,18,0,8,0,0,0,0,3,1,1,1,7,-1,-1,-1,2,1
201301ZD31017,2,9,0,18,0,8,0,0,0,0,1,1,6,1,9,-1,-1,-1,3,1
201301ZD31018,1,11,0,18,0,0,0,0,0,0,0,1,1,2,6,-1,-1,-1,2,1
201301ZD31019,1,9,0,18,0,1,0,0,0,0,1,1,6,2,-1,-1,-1,-1,-1,-1
201301ZD31020,1,3,0,18,0,8,0,0,0,0,1,1,6,1,5,125,1,1,2,1
201301ZD31020,2,9,0,10,0,8,0,0,0,0,1,1,6,3,-1,1589,1,13,-1,-1
201301ZD31021,1,9,0,18,0,1,0,0,0,0,1,1,6,2,7,2967,1,8,5,1
201301ZD31021,2,9,0,4,0,1,0,0,0,0,2,1,6,1,11,2000,1,15,10,1
201301ZD31022,1,9,0,18,0,1,0,0,0,0,1,1,6,3,-1,-1,-1,-1,-1,-1
201301ZD31023,1,9,0,18,0,1,0,0,0,0,3,1,6,1,5,1498,1,8,4,1
201301ZD31024,1,9,0,17,0,2,1,0,0,0,1,1,6,1,10,1995,2,2,-1,-1
201301ZD31025,1,9,0,16,0,8,0,0,0,0,1,1,6,1,6,1598,1,-1,1,1
201301ZD31025,2,8,0,17,0,8,0,0,0,0,1,1,1,1,9,2402,2,9,6,1
201301ZD31028,1,1,0,18,0,1,0,0,0,0,0,1,6,1,8,-1,-1,-1,2,1
201301ZD31029,1,9,0,18,0,2,0,0,7,2,1,1,6,1,7,1998,1,8,6,1
201301ZD31030,1,9,0,9,0,0,0,0,0,0,3,1,6,1,6,1229,1,7,2,1
201301ZD31030,2,3,0,14,0,0,0,0,0,0,1,1,6,3,-1,-1,-1,-1,-1,-1
201301ZD31033,1,3,0,9,0,5,0,0,0,0,1,1,6,1,5,-1,-1,-1,3,1
201301ZD31033,2,9,0,13,0,1,0,0,0,0,4,1,1,1,7,1910,2,5,3,1
201301ZD31034,1,9,0,3,0,0,0,0,0,0,2,1,6,1,8,1582,2,2,10,1
201301ZD31034,2,9,0,4,0,0,0,0,0,0,2,1,6,1,9,1896,2,12,6,1
201301ZD31034,3,19,0,4,0,0,0,0,0,0,1,1,1,1,7,-1,-1,-1,2,1
201301ZD31035,1,9,0,18,0,0,0,0,0,0,1,1,6,1,8,1995,2,9,4,1
201301ZD31035,2,9,0,18,0,0,0,0,0,0,1,1,6,1,6,1997,2,9,5,1
201301ZD31036,1,9,0,7,0,1,0,0,0,0,2,1,6,2,8,1587,1,7,7,1
201301ZD31036,2,9,0,7,0,1,0,0,0,0,1,1,6,1,6,2000,1,13,-1,-1
201301ZD31038,1,9,0,18,0,8,0,0,0,0,1,1,6,1,9,1796,1,6,8,1
201301ZD31038,2,9,0,9,0,8,0,0,0,0,3,1,6,1,10,-1,-1,-1,8,1
201301ZD31039,1,9,0,16,0,0,0,0,0,0,3,1,1,2,6,1596,1,6,9,1
201301ZD31039,2,9,0,17,0,0,1,0,0,0,3,1,6,2,-1,-1,-1,-1,8,1
201301ZD31040,1,9,0,9,0,2,0,0,0,0,3,1,1,1,9,-1,-1,-1,7,1
201301ZD31040,2,2,0,3,0,1,0,0,0,0,1,1,6,1,8,50,1,2,5,1
201301ZD31041,1,9,0,9,0,2,0,0,0,0,1,1,6,2,7,1339,8,3,2,1
201301ZD31043,1,3,0,18,0,1,0,0,0,0,4,1,6,1,4,125,1,12,6,1
201301ZD31043,2,9,0,18,0,1,0,0,0,0,0,1,6,3,-1,-1,-1,-1,-1,-1
201301ZD31044,1,9,0,9,0,2,0,0,0,0,1,1,6,1,-1,1390,1,12,-1,-1
201301ZD31054,1,9,0,18,0,2,0,0,0,0,1,1,6,1,10,-1,-1,-1,3,1
201301ZD31054,2,9,0,18,0,2,0,0,0,0,1,1,6,2,5,1299,1,10,2,1
201301ZD31054,3,9,0,5,0,2,0,0,0,0,0,1,6,1,5,1124,1,12,9,1
201301ZD31066,1,9,0,9,0,8,0,0,0,0,4,1,1,1,6,1560,2,3,4,1
201301ZD31066,2,3,0,18,0,8,0,0,0,0,1,1,1,1,7,125,1,-1,-1,-1
201301ZD39005,1,9,0,9,0,8,0,0,0,0,3,1,6,1,-1,1396,1,11,9,1
201301ZD39005,2,9,0,18,0,8,0,0,0,0,1,1,6,2,8,1596,1,11,8,1
201301ZD39007,1,9,0,17,0,8,0,0,0,0,1,1,6,1,5,1596,1,12,2,1
201301ZD39007,2,9,0,18,0,8,0,0,0,0,4,1,6,1,5,1390,1,4,7,1
201301ZD39022,1,90,0,13,0,2,0,0,0,0,4,1,1,1,-1,-1,-1,-1,-1,-1
201301ZD39022,2,9,0,12,0,2,0,0,0,0,3,1,1,2,-1,-1,-1,-1,-1,-1
201301ZD39053,1,3,0,18,0,8,0,0,0,0,1,1,6,1,6,102,1,8,5,1
201301ZD39053,2,1,0,9,0,8,0,0,0,0,2,1,6,1,7,-1,-1,-1,-1,-1
201301ZD39094,1,8,0,18,0,0,0,0,0,0,1,1,6,1,-1,-1,-1,-1,-1,-1
201301ZD39097,1,9,0,18,0,8,0,0,0,0,4,1,6,1,6,1596,1,9,4,1
201301ZD39097,2,1,0,17,0,8,0,0,0,0,3,1,6,1,8,-1,-1,-1,5,1
201301ZT80002,1,9,0,18,0,8,0,10,1,2,1,1,6,1,11,1595,1,10,10,1
201301ZT80004,1,9,0,18,0,0,0,0,0,0,1,1,6,1,6,-1,-1,-1,5,1
201301ZT80006,1,9,0,7,0,1,0,0,0,0,4,1,6,2,6,1598,1,2,9,1
201301ZT80006,2,1,0,18,0,1,0,0,0,0,1,1,6,1,5,-1,-1,-1,10,1
201301ZT80007,1,9,0,9,0,8,0,0,0,0,1,1,6,2,5,1796,1,13,-1,-1
201301ZT80007,2,9,0,18,0,8,0,0,0,0,1,1,6,2,10,2231,2,7,4,1
201301ZT80009,1,9,0,9,0,8,0,0,0,0,3,1,6,2,8,1796,1,1,2,1
201301ZT80009,2,9,0,18,0,8,0,0,0,0,1,1,6,1,-1,1796,1,3,8,1
201301ZT80011,1,9,0,18,0,2,0,10,1,10,3,1,6,2,5,2179,2,10,8,1
201301ZT80011,2,9,0,13,0,2,0,0,0,0,4,1,6,3,-1,-1,-1,-1,-1,-1
201301ZT80013,1,9,0,18,0,8,0,0,0,0,1,1,6,1,9,1798,1,6,5,1
201301ZT80013,2,11,0,2,0,8,0,0,0,0,2,1,1,1,8,9000,2,4,5,1
201301ZT80014,1,9,0,18,0,0,0,0,0,0,1,1,6,1,-1,2987,2,7,-1,-1
201301ZT80015,1,5,0,18,0,0,0,0,0,0,1,1,6,1,8,-1,-1,-1,9,1
201301ZT80015,2,9,0,6,0,0,0,0,0,0,4,1,6,1,-1,1422,2,9,-1,-1
201301ZT80016,1,19,0,18,0,8,0,0,0,0,1,1,6,1,-1,-1,-1,-1,-1,-1
201301ZT80018,1,9,0,18,0,8,0,0,0,0,4,1,6,1,-1,1797,8,2,-1,-1
201301ZT80019,1,19,0,7,0,8,0,0,0,0,3,1,6,1,7,2198,2,2,10,1
201301ZT80019,2,1,0,18,0,8,0,0,0,0,1,1,6,1,7,-1,-1,-1,7,1
201301ZT80020,1,9,0,13,0,0,0,0,0,0,4,1,6,1,7,-1,-1,-1,2,1
201301ZT80020,2,1,0,12,0,0,0,0,0,0,3,1,6,1,5,-1,-1,-1,7,1
201301ZT80021,1,4,0,10,0,1,0,0,0,0,2,1,6,1,7,250,1,28,5,1
201301ZT80021,2,9,0,18,0,1,0,0,0,0,1,1,6,3,-1,-1,-1,-1,-1,-1
201301ZT80022,1,9,0,4,0,1,0,0,0,0,1,1,6,1,5,998,1,8,7,1
201301ZT80022,2,9,0,4,0,1,0,0,0,0,2,1,6,1,6,1968,2,6,7,1
201301ZT80023,1,9,0,18,0,0,0,10,8,4,4,1,1,1,5,-1,-1,-1,3,1
201301ZT80024,1,9,0,7,0,2,0,0,0,0,4,1,6,3,-1,-1,-1,-1,-1,-1
201301ZT80025,1,9,0,5,0,2,0,0,0,0,3,1,6,2,8,-1,-1,-1,2,1
201301ZT80025,2,9,0,13,0,2,0,0,0,0,4,1,6,1,-1,1242,1,1,6,1
201301ZT80026,1,9,0,4,0,0,0,0,0,0,2,1,6,2,4,1348,1,13,8,1
201301ZT80026,2,3,0,4,0,0,0,0,0,0,1,1,6,1,6,124,1,1,7,1
201301ZT80027,1,9,0,18,0,8,0,0,0,0,3,1,6,1,5,1587,1,12,6,1
201301ZT80027,2,9,0,9,0,8,0,0,0,0,1,1,6,1,6,-1,-1,-1,5,1
201301ZT80028,1,3,0,14,0,8,0,0,0,0,1,1,6,1,-1,125,1,5,7,1
201301ZT80028,2,9,0,9,0,8,0,0,0,0,3,1,6,1,6,1598,1,8,6,1
201301ZT80031,1,11,0,5,0,2,0,0,0,0,0,1,1,1,7,6700,2,4,3,1
201301ZT80032,1,9,0,18,0,8,0,0,0,0,1,1,6,2,9,1985,1,11,6,1
201301ZT80032,2,9,0,9,0,8,0,0,0,0,1,1,6,1,7,-1,-1,-1,10,1
201301ZT80033,1,9,0,18,0,0,0,0,0,0,1,1,6,2,-1,1299,1,14,8,1
201301ZT80034,1,9,0,18,0,0,0,0,0,0,1,1,6,2,6,1390,1,10,6,1