Accident_Index,Vehicle_Reference,Vehicle_Type,Towing_and_Articulation,Vehicle_Manoeuvre,Vehicle_Location-Restricted_Lane,Junction_Location,Skidding_and_Overturning,Hit_Object_in_Carriageway,Vehicle_Leaving_Carriageway,Hit_Object_off_Carriageway,1st_Point_of_Impact,Was_Vehicle_Left_Hand_Drive?,Journey_Purpose_of_Driver,Sex_of_Driver,Age_Band_of_Driver,Engine_Capacity_(CC),Propulsion_Code,Age_of_Vehicle,Driver_IMD_Decile,Driver_Home_Area_Type
2013030000703,3,9,0,3,0,0,0,0,0,0,2,1,6,1,7,1995,2,6,7,2
2013030000704,1,5,0,18,0,0,2,0,2,0,1,1,6,1,8,1198,1,5,8,1
2013030000704,2,9,0,18,0,0,0,0,0,0,2,1,6,1,4,1390,1,1,1,1
2013030000705,1,19,0,1,0,1,0,0,0,0,2,1,6,1,7,2143,2,1,3,1
2013030000710,1,21,1,18,0,1,5,0,0,0,4,1,6,1,7,-1,-1,-1,-1,3
2013030000712,1,9,0,9,0,8,0,7,0,0,4,1,6,1,11,1242,1,12,6,3
2013030000712,2,21,0,11,0,5,0,0,0,0,1,1,1,1,10,12777,2,-1,3,2
2013030000717,1,9,4,18,0,0,0,0,0,10,1,1,6,2,10,1595,1,13,10,1
2013030000719,1,1,0,18,0,0,0,0,0,10,1,1,6,1,4,-1,-1,-1,9,3
2013030000720,1,9,0,18,0,6,0,0,0,0,4,1,6,2,6,1398,2,6,9,1
2013030000720,2,9,0,18,0,8,0,0,0,0,1,1,6,1,11,996,1,2,7,3
2013030000726,1,9,0,18,0,0,0,0,0,0,1,1,6,1,5,1753,2,12,4,2
2013030000726,2,9,0,18,0,0,0,0,0,0,1,1,6,1,6,1995,2,5,-1,-1
2013030000727,1,9,0,5,0,5,0,0,0,0,1,1,6,1,11,1390,1,3,10,1
2013030000727,2,1,0,18,0,1,0,0,0,0,3,1,6,1,8,-1,-1,-1,7,3
2013030000727,3,1,0,18,0,1,0,0,0,0,3,1,1,1,8,-1,-1,-1,8,2
2013030000728,1,9,0,5,0,0,0,0,0,0,1,1,6,1,4,1753,2,7,3,3
2013030000729,1,9,0,18,0,0,0,0,0,0,4,1,6,2,6,-1,-1,-1,4,1
2013030000729,2,1,0,18,0,0,0,0,0,0,1,1,6,1,2,-1,-1,-1,4,1
2013030000732,1,1,0,17,0,0,0,0,0,10,1,1,6,2,8,-1,-1,-1,2,1
2013030000746,1,9,0,18,0,0,0,4,0,0,1,1,6,1,5,2495,2,17,-1,-1
2013030000746,2,19,0,18,0,0,0,0,0,0,0,1,1,1,6,2198,2,5,4,1
2013030000746,3,9,0,2,0,0,0,0,0,0,2,1,6,1,6,1149,1,9,-1,-1
2013030000746,4,9,0,2,0,0,0,0,0,0,1,1,6,1,6,1229,1,8,-1,-1
2013030000746,5,9,0,2,0,0,0,0,0,0,2,1,6,1,6,1998,1,14,1,1
2013030000747,1,9,0,18,0,4,0,0,0,0,1,1,6,1,8,1582,2,3,1,1
2013030000747,2,1,0,18,0,4,0,0,0,0,1,1,6,1,8,-1,-1,-1,5,1
2013030000749,1,9,0,9,0,1,0,0,0,0,1,1,6,3,-1,1896,2,8,-1,-1
2013030000749,2,9,0,18,0,8,1,7,1,1,3,1,6,1,10,1896,2,3,2,1
2013030000750,1,9,0,18,0,1,0,0,0,0,1,1,6,2,8,1199,1,12,-1,-1
2013030000750,2,9,0,9,0,1,0,0,0,0,2,1,6,1,5,1364,1,8,8,1
2013030000750,3,9,0,18,0,1,0,0,0,0,1,1,6,1,8,1490,1,7,6,2
2013030000751,1,9,0,12,0,0,0,0,0,0,0,1,6,3,-1,2143,2,2,-1,-1
2013030000751,2,9,0,18,0,0,0,0,0,0,0,1,6,1,8,1796,1,6,-1,1
2013030000751,3,9,0,18,0,0,0,11,0,6,3,1,6,1,9,1984,1,12,4,1
2013030000758,1,9,0,18,0,0,0,0,0,0,2,1,6,1,4,1197,1,1,3,1
2013030000758,2,9,0,18,0,0,1,0,5,6,1,1,6,1,4,1124,1,4,8,1
2013030000759,1,9,0,18,0,8,0,0,0,0,1,1,6,1,5,1198,1,9,5,1
2013030000759,2,90,0,9,0,8,5,0,0,0,3,1,6,2,11,-1,-1,-1,10,1
2013030000764,1,9,0,18,0,0,0,0,0,0,1,1,6,2,6,1686,2,7,4,1
2013030000765,1,9,0,5,0,0,0,0,0,0,4,1,6,1,8,1598,1,10,1,2
2013030000767,1,9,0,17,0,0,0,0,1,4,1,1,1,2,5,1390,1,10,3,1
2013030000770,1,9,0,6,0,0,0,0,0,0,3,1,6,2,6,1596,1,11,7,3
2013030000770,2,1,0,18,0,0,0,0,0,0,1,1,6,1,8,-1,-1,-1,5,3
2013030000772,1,9,0,18,0,0,0,7,0,0,0,1,2,1,6,-1,-1,-1,4,1
2013030000772,2,9,0,18,0,0,0,11,0,0,0,1,1,1,7,2982,2,-1,4,1
2013030000773,1,9,0,18,0,0,1,0,5,6,2,1,6,1,10,1956,2,2,-1,2
2013030000773,2,21,1,18,0,0,0,0,0,0,3,1,1,1,7,12777,2,3,7,1
2013030000774,1,3,0,18,0,0,0,0,1,0,0,1,6,1,11,124,1,8,6,3
2013030000776,1,9,0,3,0,0,0,0,0,0,2,1,6,2,7,1686,2,3,9,1
2013030000780,1,11,0,18,0,0,0,0,0,0,4,1,1,1,9,4250,2,9,5,3
2013030000781,1,10,0,7,0,6,0,0,0,0,3,1,6,1,7,2400,2,8,6,2
2013030000781,2,9,0,16,0,8,1,0,0,0,1,1,6,1,7,1124,1,13,8,3
2013030000782,1,9,0,9,0,5,0,0,0,0,1,1,6,2,11,1988,1,13,10,2
2013030000782,2,5,0,18,0,8,0,0,0,0,1,1,6,1,8,1050,1,6,2,1
2013030000793,1,9,0,5,0,1,0,0,0,0,1,1,6,1,7,-1,-1,-1,-1,-1
2013030000793,2,9,0,5,0,1,0,0,0,0,2,1,2,2,7,1124,1,13,5,1
2013030000794,1,9,0,1,0,2,0,0,0,0,2,1,6,1,5,1396,1,10,-1,-1
2013030000795,1,9,0,7,0,5,0,0,0,0,1,1,2,2,5,1328,1,7,8,1
2013030000796,1,9,0,1,0,0,0,0,0,0,4,1,1,2,8,1368,1,6,7,1
2013030000796,2,1,0,18,0,0,0,0,0,0,1,1,1,1,5,-1,-1,-1,6,1
2013030000797,1,9,0,18,0,1,0,0,0,0,1,1,6,1,6,1343,1,8,2,3
2013030000797,2,9,0,9,0,1,0,0,0,0,2,1,6,2,5,1242,1,12,8,1
2013030000803,1,9,0,9,0,6,0,0,0,0,1,1,6,1,4,998,1,-1,2,2
2013030000803,2,9,0,18,0,8,0,0,0,0,1,1,2,2,4,1388,1,11,-1,-1
2013030000804,1,9,0,4,0,0,0,0,0,0,1,1,6,2,6,1360,1,3,4,2
2013030000804,2,9,0,4,0,0,0,0,0,0,2,1,6,2,6,996,1,2,2,1
2013030000805,1,9,0,4,0,4,0,0,0,0,1,1,6,1,5,1388,1,4,9,3
2013030000805,2,1,0,18,0,8,5,0,0,0,4,1,6,1,8,-1,-1,-1,6,2
2013030000806,1,9,0,13,0,0,0,0,0,0,4,1,6,3,-1,-1,-1,-1,-1,-1
2013030000806,2,90,5,18,0,0,4,0,7,0,3,1,6,1,10,-1,-1,-1,2,1
2013030000807,1,4,0,17,0,0,0,0,0,0,1,1,6,2,7,487,1,21,1,1
2013030000811,1,9,0,9,0,5,0,0,0,0,4,1,4,2,4,1299,1,11,5,2
2013030000811,2,1,0,18,0,1,0,0,0,0,1,1,1,1,6,-1,-1,-1,3,1
2013030000812,1,9,0,18,0,8,0,0,0,0,1,1,1,1,6,-1,-1,-1,1,1
2013030000813,1,9,0,18,0,0,0,0,0,0,3,1,1,2,10,1896,2,10,8,1
2013030000813,2,9,0,18,0,0,0,0,0,0,3,1,6,1,10,2000,1,7,9,1
2013030000813,3,9,0,18,0,0,0,0,0,0,1,1,6,2,6,1781,1,10,-1,-1
2013030000816,1,3,0,10,0,2,0,11,3,10,0,1,6,1,5,-1,-1,-1,-1,-1
2013030000816,2,9,0,18,0,1,0,0,0,0,0,1,6,1,8,1598,1,7,9,2
2013030000818,1,9,0,9,0,6,1,0,0,0,0,1,6,3,-1,-1,-1,-1,-1,-1
2013030000818,2,11,0,18,0,1,0,0,0,0,0,1,1,1,-1,6871,2,4,-1,-1
2013030000822,1,9,0,18,0,0,1,0,7,10,1,1,6,2,6,1149,1,10,6,2
2013030000823,1,5,0,16,0,0,1,0,1,10,1,1,6,1,7,1250,1,12,4,2
2013030000828,1,21,1,18,0,0,5,0,1,10,4,1,1,1,7,11705,2,4,-1,-1
2013030000830,1,9,0,18,0,0,1,6,0,10,1,1,6,1,10,1769,1,11,5,1
2013030000831,1,19,4,14,0,0,0,0,0,0,3,1,1,1,7,2402,2,3,6,1
2013030000831,2,19,0,18,0,0,0,0,0,10,3,1,1,1,9,2402,2,8,9,3
2013030000832,1,90,0,10,0,0,0,0,0,0,1,1,1,1,7,-1,-1,-1,7,1
2013030000832,2,4,0,18,0,0,0,0,0,0,1,1,6,1,8,250,1,22,8,3
2013030000832,3,4,0,18,0,0,0,0,0,0,0,1,6,1,8,400,1,12,8,3
2013030000833,1,19,0,18,0,1,0,0,0,0,1,1,6,1,9,2198,2,3,8,1
2013030000833,2,9,0,3,0,1,0,0,0,0,1,1,6,2,9,1586,1,6,-1,-1
2013030000835,1,9,0,16,0,0,1,0,0,10,3,1,6,1,5,1299,1,12,7,1
2013030000839,1,3,0,17,0,4,2,0,0,0,0,1,2,1,5,125,1,1,7,1
2013030000844,1,2,0,18,0,0,5,0,1,10,1,1,6,1,4,49,1,2,3,2
2013030000847,1,9,0,9,0,5,0,0,0,0,2,1,6,2,7,1560,2,9,5,1
2013030000847,2,9,0,18,0,1,2,0,0,0,1,1,6,1,4,1198,1,11,7,1
2013030000848,1,9,0,17,0,0,1,0,7,10,1,1,6,1,5,1389,1,13,-1,-1
2013030000857,1,9,0,1,0,1,0,0,0,0,2,1,2,1,7,-1,-1,-1,3,1
2013030000857,2,3,0,3,0,1,0,0,0,0,1,1,2,1,8,124,1,1,-1,3
2013030000858,1,9,0,1,0,0,0,0,0,0,1,1,6,1,9,1405,1,9,7,3
2013030000862,1,9,0,18,0,0,0,0,0,0,1,1,6,1,9,2993,2,4,6,3
2013030000863,1,9,0,3,0,3,0,0,0,0,2,1,6,2,10,1124,1,11,7,1
2013030000863,2,9,0,3,0,3,0,0,0,0,2,1,6,1,7,1596,1,1,4,1
2013030000867,1,9,0,17,0,8,0,0,0,0,1,1,6,1,7,1794,1,8,-1,-1
2013030000867,2,2,0,9,0,1,0,0,0,0,1,1,6,1,4,50,1,1,7,3
2013030000872,1,9,0,17,0,0,0,0,0,0,3,1,6,1,7,1598,1,-1,-1,-1
2013030000872,2,9,0,16,0,0,0,0,0,0,3,1,6,1,4,1242,1,7,-1,-1
2013030000873,1,9,0,18,0,1,0,0,0,0,1,1,6,1,8,-1,-1,-1,-1,1
2013030000873,2,9,0,18,0,1,0,0,0,0,4,1,6,1,9,1599,1,8,2,1
2013030000876,1,3,0,18,0,0,2,11,1,9,1,1,6,1,4,124,1,5,1,1
2013030000877,1,9,0,18,0,0,0,0,0,10,1,1,3,2,6,1968,2,7,9,3
2013030000877,2,9,0,18,0,0,0,0,0,0,4,1,3,2,6,2179,2,5,9,3
2013030000878,1,9,0,16,0,0,1,0,2,9,1,1,6,2,9,1686,2,8,7,3
2013030000878,2,9,0,18,0,0,0,0,1,9,1,1,6,1,7,2268,2,-1,8,2
2013030000880,1,9,0,18,0,0,0,0,0,0,3,1,6,1,4,-1,-1,-1,1,1
2013030000885,1,9,0,18,0,0,5,0,1,10,1,1,6,1,7,1242,1,9,9,1
2013030000887,1,19,0,18,0,3,0,0,0,0,1,1,1,1,9,2198,2,2,7,2
2013030000887,2,4,0,18,0,4,0,0,0,0,4,1,6,1,8,849,1,14,4,1
2013030000888,1,9,0,4,0,2,0,0,0,0,1,1,6,1,5,1229,1,4,5,2
2013030000888,2,9,0,4,0,2,0,0,0,0,1,1,6,1,5,1391,1,12,5,2
2013030000889,1,9,0,10,0,6,0,0,0,0,1,1,6,2,7,1997,2,8,5,3
2013030000889,2,9,0,18,0,1,0,0,0,0,4,1,6,2,8,1999,1,6,2,1
2013030000891,1,9,0,18,0,0,0,0,0,0,1,1,6,2,10,1998,2,9,5,3
2013030000891,2,9,0,2,0,0,0,0,0,0,2,1,1,1,5,848,1,20,5,3
2013030000891,3,9,0,2,0,0,0,0,0,0,3,1,6,2,5,1995,2,8,5,3
2013030000891,4,9,0,2,0,0,0,0,0,0,4,1,6,1,5,1399,2,11,4,2
2013030000894,1,9,0,16,0,0,5,0,0,0,1,1,6,1,6,1339,1,11,9,1
2013030000899,1,21,1,18,0,0,0,0,0,0,1,1,1,1,9,12777,2,2,6,3
2013030000899,2,9,0,18,0,0,5,0,1,10,2,1,6,2,6,1905,2,16,4,1
2013030000900,1,21,0,18,0,0,0,4,1,0,1,1,6,1,6,6870,2,2,5,1
2013030000900,2,9,0,4,0,0,0,0,0,0,2,1,6,1,5,1598,2,2,-1,-1
2013030000900,3,9,0,4,0,0,0,0,0,0,2,1,6,1,6,1997,1,9,8,3
2013030000900,4,9,0,4,0,0,0,0,0,0,2,1,6,1,7,1461,2,2,6,2
2013030000901,1,9,0,18,0,1,0,0,0,0,1,1,6,1,7,1870,2,8,4,1
2013030000901,2,9,0,10,0,1,0,0,0,0,2,1,6,1,7,1796,1,7,6,3
2013030000903,1,20,0,16,0,0,1,0,0,0,1,1,1,1,8,5880,2,3,6,2
2013030000903,2,9,0,17,0,0,0,0,0,0,3,1,6,1,11,1388,1,13,7,3
2013030000904,1,3,0,13,0,1,0,0,0,0,4,1,6,1,4,124,1,5,-1,-1
2013030000904,2,9,0,9,0,5,0,0,0,0,4,1,6,1,4,1997,2,4,8,3
2013030000905,1,9,0,16,0,0,0,0,0,0,1,1,6,1,11,1753,2,4,7,3
2013030000905,2,17,0,2,0,0,0,0,0,0,1,1,6,1,6,-1,-1,-1,1,1
2013030000906,1,2,0,18,0,0,0,0,0,0,1,1,4,1,4,49,1,5,-1,-1
2013030000906,2,9,0,4,0,0,0,0,0,0,1,1,3,1,4,2204,2,7,5,2
2013030000908,1,9,3,13,0,0,0,0,0,0,2,1,6,3,-1,-1,-1,-1,-1,-1
2013030000908,2,1,0,18,0,0,0,0,0,0,1,1,6,1,6,-1,-1,-1,4,1
2013030000915,1,9,0,18,0,0,0,7,0,1,4,1,6,1,8,1587,1,7,5,1
2013030000916,1,9,0,9,0,5,0,0,0,0,0,1,6,3,-1,-1,-1,-1,-1,-1
2013030000916,2,11,0,4,0,1,0,0,0,0,3,1,1,1,6,-1,2,14,7,1
2013030000918,1,9,0,5,0,6,0,0,7,0,3,1,6,1,11,1390,1,1,10,1
2013030000918,2,9,0,18,0,2,0,0,0,0,3,1,6,1,4,1229,1,2,5,2
2013030000923,1,10,0,18,0,2,0,0,0,0,1,1,1,1,6,2402,2,6,7,3
2013030000923,2,9,0,18,0,1,0,0,0,0,0,1,2,1,7,-1,-1,-1,4,1
2013030000924,1,9,0,7,0,8,0,0,0,0,2,1,6,1,9,996,1,1,6,2
2013030000924,2,3,0,18,0,1,0,0,0,0,1,1,6,1,6,124,1,-1,4,2
2013030000926,1,9,0,18,0,0,5,0,7,4,1,1,6,1,4,1896,2,11,8,3
2013030000926,2,9,0,18,0,0,1,0,0,0,1,1,2,1,8,2295,1,13,7,1
2013030000926,3,9,0,18,0,0,1,0,0,0,2,1,2,1,4,1299,1,11,4,2
2013030000931,1,9,0,18,0,0,2,10,7,0,1,1,6,1,4,1149,1,8,4,1
2013030000932,1,9,0,18,0,0,0,0,0,0,1,1,1,1,8,1149,1,2,5,3
2013030000932,2,9,0,18,0,0,1,0,0,0,3,1,6,2,10,1396,1,12,-1,1
2013030000932,3,9,0,18,0,0,1,0,1,10,1,1,6,2,5,1206,1,2,-1,-1
2013030000934,1,9,0,18,0,1,0,0,1,0,1,1,6,2,7,1389,1,17,1,1
2013030000934,2,9,0,18,0,1,0,0,0,0,2,1,6,2,6,998,1,6,1,1
2013030000935,1,9,0,18,0,1,0,0,7,4,1,1,6,1,9,2496,2,8,9,1
2013030000935,2,9,0,18,0,8,0,0,0,0,1,1,6,1,10,2231,2,7,6,3
2013030000937,1,9,0,1,0,0,0,0,0,0,2,1,6,1,10,2088,2,15,3,1
2013030000939,1,9,0,18,0,0,2,0,4,0,1,1,2,1,9,1248,2,6,8,2
2013030000940,1,9,0,18,0,1,0,0,0,0,1,1,6,2,6,1461,2,-1,4,2
2013030000940,2,9,0,18,0,1,0,0,0,0,2,1,6,1,9,2401,2,10,4,2
2013030000940,3,9,0,18,0,1,0,0,0,0,0,1,6,1,6,-1,-1,-1,6,1
2013030000941,1,9,0,18,0,0,0,0,0,0,1,1,6,1,6,1587,1,10,9,3
2013030000941,2,9,0,18,0,0,0,0,0,0,2,1,6,2,4,1587,1,9,-1,1
2013030000941,3,9,0,18,0,0,0,0,0,0,3,1,6,2,7,1560,2,1,-1,-1
2013030000947,1,9,0,18,0,0,0,0,0,0,0,1,6,3,-1,-1,-1,-1,-1,-1
2013030000947,2,9,0,18,0,0,0,0,7,0,0,1,6,1,4,1390,1,12,4,1
2013030000949,1,9,0,18,0,0,0,0,0,0,0,1,6,1,7,1796,1,7,8,2
2013030000949,2,19,0,18,0,0,0,0,0,0,0,1,6,2,6,2198,2,1,8,1
2013030000950,1,5,0,16,0,0,0,11,1,0,1,1,6,1,9,800,1,1,-1,3
2013030000951,1,4,0,13,0,0,0,0,0,0,1,1,6,1,6,249,1,4,2,2
2013030000951,2,9,0,9,0,0,0,0,0,0,3,1,6,2,7,1560,2,2,1,2
2013030000952,1,9,0,3,0,1,0,0,0,0,4,1,1,1,7,1995,2,6,3,1
2013030000952,2,9,0,18,0,1,0,0,0,0,1,1,1,2,5,1560,2,3,3,2
2013030000953,1,5,0,13,0,0,0,0,7,10,3,1,6,1,5,599,1,14,3,2
2013030000953,2,9,0,9,0,0,0,0,0,0,3,1,6,2,8,1998,2,12,3,3
2013030000954,1,9,0,18,0,0,1,0,0,0,1,1,6,1,11,-1,-1,-1,7,3
2013030000954,2,9,0,18,0,0,0,0,0,0,3,1,6,1,11,999,1,8,-1,-1
2013030000954,3,20,0,18,0,0,0,0,0,0,0,1,6,1,8,4500,2,6,4,1
2013030000954,4,9,0,18,0,0,0,0,1,0,1,1,6,1,8,1968,2,8,7,3
2013030000955,1,9,0,18,0,0,2,0,8,4,1,1,6,1,7,1753,2,5,1,1
2013030000956,1,9,0,9,9,7,0,0,0,0,4,1,6,1,10,1896,2,7,3,1
2013030000956,2,9,0,18,0,1,0,0,0,0,1,1,6,2,7,-1,-1,-1,9,3
2013030000957,1,9,0,7,0,1,0,0,0,0,1,1,6,2,5,1198,1,4,5,2
2013030000957,2,9,0,18,0,1,0,0,0,0,1,1,6,2,8,1995,2,5,9,1
2013030000958,1,9,0,18,0,0,0,0,0,0,1,1,6,1,6,-1,-1,-1,3,1
2013030000958,2,9,0,4,0,0,0,0,0,0,2,1,6,1,9,1560,2,2,9,2
2013030000958,3,9,0,4,0,0,0,0,0,0,2,1,6,1,9,1956,2,3,-1,-1
2013030000964,1,9,0,16,0,0,0,0,7,10,1,1,2,2,6,1396,1,-1,7,1
2013030000964,2,9,0,17,0,0,0,0,2,10,3,1,6,1,8,1685,2,1,8,1
2013030000966,1,9,0,18,0,1,0,0,0,0,1,1,6,1,8,-1,-1,-1,-1,-1
2013030000967,1,9,0,18,0,6,0,0,0,0,1,1,6,1,11,-1,-1,-1,6,3
2013030000967,2,9,0,18,0,8,0,0,0,0,4,1,2,2,5,1149,1,12,6,1
2013030000969,1,9,0,17,0,0,1,0,1,10,1,1,6,1,4,1390,1,10,-1,-1
2013030000974,1,9,0,3,0,0,0,0,0,0,1,1,6,1,7,1199,1,14,5,1
2013030000974,2,9,0,3,0,0,0,0,0,0,2,1,6,1,10,1242,1,1,6,1
2013030000976,1,9,0,5,6,1,0,0,0,0,1,1,1,1,7,1560,2,1,-1,-1
2013030000976,2,9,0,18,0,1,0,0,0,0,4,1,6,1,8,1149,1,14,3,2
2013030000977,1,9,0,18,0,1,0,0,0,0,1,1,6,1,11,1248,1,4,2,1
2013030000977,2,9,0,8,0,1,0,0,0,0,2,1,6,1,11,999,1,15,1,1
2013030000977,3,9,0,8,0,1,0,0,0,0,2,1,6,2,7,1598,2,-1,5,2
2013030000978,1,5,0,13,0,8,1,0,0,0,1,1,6,1,8,1085,1,14,7,2
2013030000978,2,17,0,9,0,5,0,0,0,0,4,1,1,1,-1,-1,2,20,5,3
2013030000983,1,9,0,16,0,8,0,0,7,4,1,1,6,1,5,2792,1,17,6,2
2013030000984,1,9,0,3,0,1,0,0,0,0,0,1,6,1,-1,-1,-1,-1,-1,-1
2013030000985,1,9,0,18,0,0,1,0,7,4,1,1,6,3,-1,2000,1,6,-1,-1
2013030000986,1,9,0,18,0,6,0,0,0,0,1,1,2,2,6,1390,1,1,-1,-1
2013030000986,2,9,0,18,0,8,0,0,0,0,1,1,6,1,9,1998,2,12,9,3
2013030000988,1,9,0,18,0,1,0,0,0,0,0,1,6,1,10,1560,2,1,5,1
2013030000996,1,9,0,18,0,1,0,0,0,0,1,1,6,1,10,1951,2,12,7,3
2013030000996,2,9,0,10,0,1,0,0,0,0,2,1,6,2,7,1560,2,9,8,3
2013030000997,1,9,0,1,0,0,0,0,0,0,0,1,6,1,6,1796,1,10,4,2
2013030001005,1,20,0,18,0,4,0,0,0,0,4,1,1,3,6,12900,2,5,2,1
2013030001005,2,9,0,18,0,4,0,0,0,0,3,1,6,2,7,996,1,4,5,3
2013030001007,1,9,0,18,0,0,0,0,0,0,1,1,6,3,4,-1,-1,-1,-1,-1
2013030001008,1,9,0,18,0,0,0,0,1,10,1,1,6,1,10,1995,2,10,5,1
2013030001008,2,9,0,2,0,0,0,0,0,0,4,1,6,2,-1,1399,2,5,5,3
2013030001010,1,9,0,16,0,0,2,0,8,0,1,1,6,1,4,1587,1,14,3,2
2013030001016,1,9,0,9,0,8,0,0,0,0,4,1,6,2,6,1596,1,2,2,1
2013030001016,2,2,0,18,0,8,0,0,0,0,1,1,6,1,4,49,1,13,4,2
2013030001017,1,9,0,18,0,0,1,0,7,10,1,1,1,1,4,2198,1,11,6,2
2013030001018,1,9,0,16,0,0,0,0,0,0,1,1,1,1,8,-1,-1,-1,-1,-1
2013030001018,2,9,0,17,0,0,0,0,0,0,1,1,6,2,7,2495,2,10,7,3
2013030001019,1,9,0,18,0,0,0,0,0,0,1,1,6,1,9,1820,1,-1,7,3
2013030001021,1,5,0,16,0,0,1,0,0,0,1,1,6,1,8,1000,1,4,8,1
2013030001021,2,9,0,17,0,0,0,0,0,0,1,1,6,1,5,1997,2,8,6,1
2013030001024,1,19,0,18,0,1,0,0,0,0,1,1,1,1,4,-1,-1,-1,-1,-1
2013030001024,2,9,0,3,0,1,0,0,0,0,2,1,6,1,7,1995,2,3,6,2
2013030001024,3,9,0,8,0,1,0,0,0,0,2,1,6,1,5,1399,2,6,8,1
2013030001026,1,21,1,18,0,0,1,0,0,0,1,1,1,1,6,10837,2,7,1,1
2013030001026,2,9,0,18,0,0,0,0,0,0,2,1,6,2,10,2179,2,1,-1,-1
2013030001026,3,9,0,18,0,0,1,0,1,9,1,1,6,1,8,1461,2,2,2,1
2013030001026,4,9,0,18,0,0,0,0,0,0,3,1,6,2,7,1896,2,6,4,2
2013030001027,1,5,0,13,0,8,0,0,0,0,2,1,6,1,6,899,1,13,2,2
2013030001027,2,9,0,9,0,5,0,0,0,0,3,1,6,1,8,1398,1,6,4,3
2013030001032,1,9,0,7,0,0,0,0,7,4,1,1,6,1,6,2993,2,2,4,1
2013030001034,1,9,0,9,0,7,0,0,0,0,1,1,6,2,4,1598,1,9,-1,-1
2013030001034,2,9,0,18,0,8,0,0,0,0,1,1,6,2,7,1587,1,8,3,1
2013030001035,1,9,0,4,0,4,0,0,0,0,1,1,6,2,8,2231,2,3,3,3
2013030001035,2,9,0,4,0,4,0,0,0,0,2,1,6,1,10,1598,1,2,8,1
2013030001036,1,9,0,9,0,6,0,0,0,0,1,1,6,1,9,-1,-1,-1,5,3
2013030001036,2,9,0,18,0,8,2,0,7,0,3,1,6,1,11,998,1,-1,3,2
2013030001036,3,9,0,18,0,1,0,0,0,0,1,1,2,2,7,1248,1,1,2,3
2013030001043,1,9,0,18,0,0,0,4,0,0,1,1,6,2,9,2982,2,1,7,3
2013030001043,2,9,0,4,0,0,0,4,0,0,2,1,6,2,6,1598,2,4,9,1
2013030001043,3,9,0,4,0,0,0,0,0,0,2,1,6,1,9,-1,-1,-1,9,3
2013030001044,1,9,0,18,0,0,0,0,0,0,3,1,6,2,8,1598,1,7,4,1
2013030001044,2,1,0,18,0,0,0,0,0,0,3,1,6,1,4,-1,-1,-1,5,1
2013030001045,1,9,0,4,0,0,0,0,0,0,1,1,6,1,11,1124,1,10,7,3
2013030001045,2,9,0,18,0,0,0,0,0,0,2,1,6,1,10,1397,1,1,3,1
2013030001048,1,9,0,18,0,0,0,0,0,0,1,1,6,2,9,1242,1,9,4,1
2013030001048,2,9,0,3,0,0,0,0,0,0,2,1,1,2,6,1997,2,5,9,3
2013030001049,1,9,0,16,0,0,0,0,0,0,3,1,6,1,6,1299,1,10,3,2
2013030001049,2,16,0,16,0,0,0,0,0,0,0,1,6,2,8,-1,-1,-1,-1,-1
2013030001050,1,9,0,4,9,0,0,0,0,10,0,1,6,1,11,1490,1,3,-1,-1
2013030001054,1,9,0,18,0,0,0,0,0,0,4,1,6,2,5,1299,1,13,8,1
2013030001054,2,1,0,18,0,0,0,0,0,0,1,1,6,1,7,-1,-1,-1,-1,-1
2013030001057,1,5,0,18,0,0,1,0,0,0,0,1,6,1,7,988,1,12,1,1
2013030001058,1,9,0,18,0,1,0,0,0,0,1,1,6,1,5,2488,1,5,6,2
2013030001058,2,9,0,8,0,1,0,0,0,0,2,1,6,2,7,-1,-1,-1,6,3
2013030001060,1,9,0,18,0,1,0,0,0,0,1,1,6,1,7,-1,-1,-1,6,3
2013030001060,2,9,0,10,0,1,0,0,0,0,2,1,6,1,9,2499,2,12,9,1
2013030001061,1,9,0,18,0,0,5,0,0,0,1,1,6,2,5,973,1,12,7,1
2013030001062,1,9,0,18,0,0,0,0,0,0,1,1,6,1,6,1998,2,12,5,1
2013030001062,2,9,4,18,0,0,0,0,0,0,1,1,6,1,9,-1,-1,-1,5,3
2013030001063,1,9,0,1,0,6,0,0,0,0,2,1,6,1,7,1199,1,10,5,1
2013030001067,1,9,0,9,0,6,0,0,0,0,1,1,6,2,7,1997,2,2,6,2
2013030001069,1,9,0,18,0,2,0,0,0,0,4,1,6,2,9,1461,2,2,3,1
2013030001070,1,9,0,18,0,0,0,0,0,0,1,1,6,1,8,1910,2,5,3,2
2013030001070,2,9,0,18,0,0,0,0,0,0,2,1,6,1,5,-1,-1,-1,2,1
2013030001071,1,9,0,5,0,4,0,0,0,0,1,1,6,1,11,999,1,2,7,1
2013030001071,2,9,0,5,0,4,0,0,0,0,1,1,6,1,6,1679,1,11,2,1
2013030001071,3,9,0,18,0,4,0,0,0,0,1,1,6,1,6,2521,1,7,-1,-1