Accident_Index,Vehicle_Reference,Vehicle_Type,Towing_and_Articulation,Vehicle_Manoeuvre,Vehicle_Location-Restricted_Lane,Junction_Location,Skidding_and_Overturning,Hit_Object_in_Carriageway,Vehicle_Leaving_Carriageway,Hit_Object_off_Carriageway,1st_Point_of_Impact,Was_Vehicle_Left_Hand_Drive?,Journey_Purpose_of_Driver,Sex_of_Driver,Age_Band_of_Driver,Engine_Capacity_(CC),Propulsion_Code,Age_of_Vehicle,Driver_IMD_Decile,Driver_Home_Area_Type
2013030001072,1,9,0,18,0,2,2,0,8,10,4,1,6,1,5,1587,1,11,-1,-1
2013030001074,1,9,0,7,0,1,0,0,0,0,4,1,6,1,10,2496,2,11,3,2
2013030001074,2,1,0,18,0,1,0,0,0,0,4,1,6,1,7,-1,-1,-1,9,1
2013030001075,1,9,0,18,0,0,0,0,0,0,3,1,6,1,11,1398,2,9,5,1
2013030001075,2,9,0,2,0,0,0,0,0,0,4,1,6,2,6,1493,2,7,6,1
2013030001077,1,9,0,16,0,0,1,0,0,0,1,1,6,1,8,1242,1,12,9,1
2013030001077,2,21,1,18,0,0,0,0,0,0,1,1,6,1,9,11946,2,5,4,2
2013030001079,1,9,0,18,0,1,0,0,0,0,2,1,6,1,5,1560,2,4,7,1
2013030001079,2,9,0,18,0,1,0,0,0,0,1,1,6,1,10,1753,2,10,1,1
2013030001081,1,10,0,18,0,0,0,0,0,0,4,1,6,1,9,-1,-1,-1,7,2
2013030001085,1,9,0,2,0,0,0,0,0,0,3,1,6,1,7,1587,1,12,6,3
2013030001085,2,1,0,18,0,0,0,0,0,0,1,1,6,1,8,-1,-1,-1,8,2
2013030001086,1,9,0,4,0,1,0,0,0,0,0,1,6,1,8,-1,-1,-1,2,1
2013030001086,2,9,0,4,0,1,0,0,0,0,2,1,1,1,8,1896,2,6,10,2
2013030001092,1,9,0,5,0,1,0,0,0,0,1,1,6,3,5,-1,-1,-1,-1,-1
2013030001092,2,9,0,3,0,1,0,0,0,0,2,1,6,2,10,998,1,5,-1,-1
2013030001092,3,9,0,3,0,1,0,0,0,0,2,1,6,2,5,1299,1,7,3,1
2013030001095,1,9,0,18,0,0,0,0,7,4,4,1,2,1,8,1587,1,11,7,3
2013030001096,1,4,0,17,0,0,0,0,1,9,0,1,6,1,10,599,1,3,5,1
2013030001097,1,9,0,2,0,0,0,0,0,0,2,1,6,2,6,1396,1,11,6,2
2013030001097,2,1,0,18,0,0,0,0,0,0,1,1,6,1,8,-1,-1,-1,5,2
2013030001101,1,5,0,3,0,4,0,0,0,0,1,1,6,1,9,647,1,8,8,1
2013030001101,2,9,0,5,0,4,0,0,0,0,2,1,6,1,8,2231,2,6,3,1
2013030001106,1,9,0,18,0,2,0,0,0,0,1,1,6,1,9,1598,1,15,6,3
2013030001106,2,9,0,3,0,2,0,0,0,0,1,1,6,2,7,1598,1,5,4,2
2013030001108,1,9,0,18,0,1,0,0,0,0,1,1,6,1,6,1895,1,13,5,1
2013030001108,2,9,0,10,0,1,0,0,0,0,2,1,6,1,5,1242,1,13,5,3
2013030001110,1,9,0,18,0,1,0,0,2,10,1,1,6,2,6,1360,1,11,8,3
2013030001112,1,9,0,18,0,8,0,0,0,0,3,1,6,1,7,1360,1,12,1,1
2013030001112,2,9,0,18,0,8,0,0,0,0,1,1,6,2,7,1560,2,7,6,2
2013030001113,1,9,0,7,0,4,0,0,0,0,1,1,6,2,8,1997,2,8,2,3
2013030001113,2,9,0,18,0,3,0,0,0,0,4,1,6,1,9,1598,1,3,1,1
2013030001116,1,5,0,18,0,0,0,11,1,0,1,1,6,1,6,599,1,4,2,1
2013030001122,1,9,0,18,0,0,1,0,0,0,1,1,6,1,9,2179,2,1,10,1
2013030001126,1,9,0,18,0,8,0,0,0,0,4,1,1,2,8,996,1,-1,4,3
2013030001126,2,1,0,18,0,8,0,0,0,0,1,1,1,1,5,-1,-1,-1,3,1
2013030001127,1,9,0,18,0,1,0,0,0,0,1,1,1,2,5,1598,1,1,8,2
2013030001127,2,9,0,3,0,1,0,0,0,0,2,1,2,2,6,1587,1,12,5,3
2013030001130,1,9,0,9,0,2,0,0,0,0,3,1,6,1,11,1998,1,9,-1,-1
2013030001130,2,5,0,16,0,1,0,0,0,0,4,1,6,1,9,980,1,30,6,1
2013030001131,1,9,0,9,9,1,0,0,0,0,1,1,6,1,5,-1,-1,-1,-1,-1
2013030001132,1,9,0,6,0,0,0,0,0,0,3,1,1,1,9,1149,1,11,-1,1
2013030001132,2,5,0,18,0,0,5,0,0,0,3,1,6,1,9,-1,-1,-1,7,3
2013030001135,1,9,0,6,0,8,0,0,0,0,1,1,6,1,9,1560,2,-1,-1,-1
2013030001135,2,9,0,18,0,1,0,0,1,4,1,1,6,1,7,2401,2,10,2,1
2013030001136,1,9,0,18,0,0,0,0,0,0,2,1,6,1,-1,2179,2,2,-1,-1
2013030001136,2,1,0,18,0,0,0,0,0,0,3,1,6,1,3,-1,-1,-1,8,3
2013030001137,1,5,0,16,0,0,2,0,0,0,1,1,6,1,8,1340,1,1,2,1
2013030001137,2,19,0,17,0,0,0,0,1,0,1,1,6,1,10,1998,2,11,6,3
2013030001138,1,9,0,18,0,0,0,0,0,0,1,1,6,1,7,1386,1,5,1,1
2013030001138,2,9,0,2,0,0,0,0,0,0,2,1,6,1,6,1896,2,4,3,1
2013030001139,1,5,0,15,0,0,0,0,0,0,2,1,6,1,5,649,1,4,4,1
2013030001139,2,19,0,18,0,0,0,0,0,0,4,1,1,1,7,2402,2,3,9,1
2013030001143,1,9,0,18,0,0,0,0,0,0,1,1,6,2,6,1396,1,12,1,2
2013030001144,1,9,0,18,0,0,0,0,0,0,1,1,1,1,7,-1,-1,-1,-1,-1
2013030001144,2,21,1,18,0,0,0,0,0,0,3,1,1,1,6,-1,-1,-1,-1,-1
2013030001144,3,9,0,18,0,0,0,0,0,0,1,1,1,1,6,1686,2,5,-1,-1
2013030001145,1,9,0,18,0,0,0,0,0,0,1,1,6,1,9,1493,2,9,-1,-1
2013030001145,2,1,0,18,0,0,0,0,0,0,2,1,6,2,7,-1,-1,-1,-1,-1
2013030001146,1,1,0,18,0,0,0,0,0,0,1,1,2,1,8,-1,-1,-1,-1,-1
2013030001149,1,9,0,18,0,0,1,0,7,0,1,1,6,1,4,1390,1,15,3,3
2013030001149,2,9,0,18,0,0,0,0,7,0,4,1,6,2,9,1461,2,9,8,3
2013030001150,1,9,0,18,0,8,0,0,0,0,1,1,1,1,8,1598,1,7,6,1
2013030001151,1,9,0,10,0,5,0,0,0,0,3,1,6,1,10,1560,2,3,2,1
2013030001151,2,1,0,18,0,1,0,0,0,0,1,1,2,1,8,-1,-1,-1,-1,-1
2013030001152,1,9,0,18,0,0,1,0,0,0,1,1,1,1,7,4164,2,12,-1,-1
2013030001152,2,21,1,18,0,0,2,0,1,3,1,1,1,1,8,12777,2,5,3,1
2013030001153,1,9,4,18,0,0,0,0,0,0,2,1,6,1,9,2982,2,-1,6,3
2013030001153,2,1,0,18,0,0,0,0,0,0,3,1,6,2,7,-1,-1,-1,1,1
2013030001160,1,9,0,9,9,1,0,0,0,0,3,1,6,3,-1,-1,-1,-1,-1,-1
2013030001173,1,5,0,17,0,0,0,0,0,0,1,1,6,1,8,955,1,13,1,1
2013030001175,1,9,0,18,0,1,0,0,0,0,1,1,6,3,-1,-1,-1,-1,-1,-1
2013030001175,2,1,0,18,0,1,0,0,0,0,1,1,6,1,5,-1,-1,-1,2,1
2013030001176,1,1,0,7,0,3,0,0,0,0,1,1,2,1,8,-1,-1,-1,3,1
2013030001176,2,19,0,7,0,3,0,0,0,0,2,1,1,1,7,12580,2,7,-1,-1
2013030001179,1,3,0,14,0,5,5,0,7,0,1,1,6,1,5,124,1,9,3,1
2013030001179,2,9,0,9,0,5,2,0,0,0,3,1,6,2,8,1339,1,1,-1,-1
2013030001180,1,9,0,16,0,0,1,10,8,10,1,1,6,2,4,1360,1,4,6,3
2013030001181,1,19,0,16,0,0,0,0,0,0,1,1,6,1,6,2198,2,3,8,3
2013030001181,2,9,0,17,0,0,0,0,0,0,1,1,6,2,7,1988,1,11,6,3
2013030001182,1,5,0,18,0,5,1,0,0,0,1,1,6,1,7,1052,1,19,5,3
2013030001182,2,5,0,18,0,5,0,0,0,0,0,1,6,1,8,-1,-1,-1,3,1
2013030001182,3,9,0,9,0,5,0,0,0,0,2,1,6,1,9,1198,1,-1,4,1
2013030001184,1,9,0,16,0,0,0,0,1,0,1,1,6,2,4,1597,1,16,8,2
2013030001184,2,9,0,18,0,0,0,0,0,0,3,1,6,1,8,-1,-1,-1,8,3
2013030001187,1,9,3,18,0,0,4,0,1,0,1,1,6,1,11,1896,2,8,-1,1
2013030001188,1,9,0,18,0,0,0,0,0,0,1,1,6,1,6,2993,2,-1,3,1
2013030001188,2,11,0,18,0,0,0,0,0,0,3,1,3,1,10,9600,2,17,5,3
2013030001188,3,9,0,18,0,0,0,0,0,0,1,1,1,1,6,1560,2,3,4,1
2013030001188,4,9,0,18,0,0,0,0,0,0,2,1,1,2,6,2400,2,4,4,1
2013030001193,1,9,0,6,0,6,0,0,0,0,0,1,6,1,5,1796,1,11,2,1
2013030001193,2,1,0,18,0,2,0,0,0,0,0,1,6,1,7,-1,-1,-1,7,1
2013030001196,1,9,0,9,0,7,0,0,0,0,1,1,6,2,11,1360,1,3,9,1
2013030001196,2,9,0,18,0,1,0,0,0,0,0,1,6,2,9,1598,1,-1,6,3
2013030001197,1,3,0,17,0,0,1,0,0,0,3,1,6,1,7,-1,-1,-1,4,1
2013030001202,1,10,0,10,0,1,0,0,0,0,1,1,6,1,8,-1,-1,-1,10,1
2013030001202,2,21,0,18,0,5,0,0,0,0,1,1,6,1,-1,4580,2,11,6,1
2013030001204,1,9,0,1,9,5,0,0,0,0,3,1,6,2,-1,1461,2,7,-1,-1
2013030001208,1,9,0,18,0,0,0,0,0,0,1,1,6,2,10,998,1,-1,4,2
2013030001217,1,9,0,3,0,1,0,0,0,0,0,1,6,3,-1,-1,-1,-1,-1,-1
2013030001217,2,1,0,18,0,1,0,0,0,0,0,1,6,1,8,-1,-1,-1,2,1
2013030001219,1,9,0,18,0,0,0,0,0,0,0,1,2,2,9,1596,1,1,7,1
2013030001222,1,9,0,18,0,0,1,0,0,0,1,1,1,1,4,1242,1,12,6,3
2013030001222,2,9,0,3,0,0,0,0,0,0,2,1,1,2,8,1497,1,7,5,2
2013030001223,1,9,0,16,0,1,0,0,0,0,1,1,2,2,5,1390,1,14,6,1
2013030001224,1,9,0,17,0,0,0,0,0,0,0,1,6,1,7,-1,-1,-1,1,1
2013030001226,1,9,0,9,0,6,0,0,0,0,1,1,6,1,7,1299,1,6,-1,-1
2013030001226,2,9,0,17,0,1,0,0,0,0,1,1,6,2,7,1198,1,10,3,2
2013030001227,1,9,0,17,0,0,1,0,0,0,1,1,6,1,7,1896,2,10,8,3
2013030001227,2,9,0,16,0,0,1,0,0,0,1,1,6,1,6,1896,2,11,6,3
2013030001228,1,3,0,18,0,1,1,0,0,0,0,1,6,1,4,124,1,12,1,1
2013030001229,1,9,0,18,0,0,0,0,0,0,4,1,6,1,8,2982,2,9,1,1
2013030001231,1,5,0,4,0,0,5,0,1,0,4,1,6,2,8,686,2,2,7,3
2013030001239,1,9,0,18,0,1,0,0,0,0,1,1,6,1,-1,-1,-1,-1,-1,-1
2013030001241,1,3,0,18,0,0,0,0,1,0,0,1,6,1,8,124,1,9,-1,1
2013030001242,1,9,4,18,0,0,3,0,0,1,1,1,6,1,10,-1,-1,-1,9,1
2013030001242,2,9,0,18,0,0,0,0,1,0,1,1,6,2,8,1597,1,20,-1,-1
2013030001243,1,9,0,18,0,0,0,0,0,0,1,1,6,1,11,1598,1,2,3,2
2013030001243,2,9,0,18,0,0,0,0,0,0,2,1,6,1,8,-1,-1,-1,4,2
2013030001244,1,9,0,18,0,0,0,0,0,0,0,1,1,1,9,1596,1,12,7,3
2013030001244,2,21,1,18,0,0,3,0,2,0,1,1,1,1,9,12900,2,1,5,2
2013030001244,3,9,0,18,0,0,0,0,1,9,1,1,2,1,7,1398,2,10,-1,-1
2013030001245,1,4,0,18,0,2,1,0,0,0,1,1,6,1,8,1084,1,12,5,2
2013030001245,2,9,0,18,0,2,0,0,0,0,2,1,6,1,9,998,1,2,7,1
2013030001245,3,9,0,18,0,2,0,0,0,0,0,1,1,1,7,-1,-1,-1,1,1
2013030001246,1,9,0,17,0,0,0,0,0,0,4,1,6,1,9,-1,-1,-1,3,1
2013030001248,1,9,0,18,0,0,0,0,0,0,4,1,6,1,11,2967,1,12,6,2
2013030001250,1,9,0,18,0,0,0,0,0,0,1,1,6,1,6,2902,2,7,-1,-1
2013030001250,2,9,0,18,0,0,0,0,0,0,2,1,6,1,8,1364,1,9,-1,-1
2013030001259,1,9,0,18,0,1,0,0,0,0,1,1,6,1,7,1199,2,1,7,3
2013030001259,2,9,0,18,0,1,0,0,0,0,2,1,6,2,6,1582,2,3,7,3
2013030001260,1,9,0,9,0,6,0,0,0,0,3,1,6,2,6,1753,2,11,7,3
2013030001260,2,11,0,18,0,8,0,0,0,0,1,1,1,1,9,4462,2,3,-1,-1
2013030001261,1,9,0,18,0,1,0,0,0,0,1,1,6,1,8,2143,2,1,7,2
2013030001261,2,9,0,3,0,1,0,0,0,0,3,1,6,2,9,1339,1,5,9,3
2013030001262,1,9,0,18,0,1,0,0,2,10,4,1,6,2,7,1900,2,14,3,1
2013030001266,1,9,0,18,0,6,0,0,0,0,1,1,6,1,11,1399,2,2,3,2
2013030001266,2,9,0,9,0,7,0,0,0,0,4,1,6,1,7,1896,2,6,10,1
2013030001267,1,9,0,18,0,0,0,0,1,10,1,1,6,1,9,1497,1,9,1,2
2013030001268,1,1,0,18,0,1,0,0,0,0,1,1,6,1,7,-1,-1,-1,5,1
2013030001268,2,9,0,1,0,1,0,0,0,0,2,1,6,2,7,1582,2,3,7,1
2013030001279,1,9,0,18,0,0,0,0,0,0,1,1,6,2,4,996,1,4,3,3
2013030001279,2,9,0,2,0,0,0,0,0,0,3,1,6,1,6,-1,-1,-1,3,2
2013030001279,3,9,0,2,0,0,0,0,0,0,2,1,6,1,7,1968,2,7,3,2
2013030001283,1,8,0,1,9,0,0,0,0,0,2,1,6,1,8,1896,2,3,5,1
2013030001285,1,9,0,18,0,6,0,0,0,0,1,1,6,2,8,1587,1,15,2,1
2013030001285,2,9,0,18,0,1,0,0,0,0,4,1,6,2,5,1364,1,5,4,1
2013030001287,1,9,0,18,0,0,0,0,0,0,1,1,6,1,4,1242,1,5,-1,1
2013030001287,2,9,0,3,0,0,0,0,0,0,2,1,6,2,4,1242,1,7,2,1
2013030001287,3,9,0,3,0,0,0,0,0,0,2,1,6,2,7,1796,1,7,2,1
2013030001290,1,9,3,18,0,0,0,0,1,10,1,1,6,1,7,1896,2,8,3,2
2013030001290,2,21,0,18,0,0,0,0,0,0,2,1,1,1,9,5861,2,12,-1,3
2013030001292,1,9,0,18,0,0,0,0,0,0,1,1,1,1,8,1686,2,14,-1,2
2013030001292,2,9,0,18,0,0,0,0,0,0,1,1,1,1,9,2494,2,3,-1,1
2013030001293,1,9,0,18,0,0,0,0,0,0,4,1,6,1,10,1461,2,7,8,3
2013030001294,1,11,0,17,0,0,0,0,0,0,0,1,1,1,9,-1,-1,-1,-1,-1
2013030001295,1,21,1,16,0,0,0,0,0,0,3,1,6,1,7,11967,2,7,2,1
2013030001295,2,9,0,17,0,0,0,0,0,0,4,1,6,1,8,1560,2,5,9,3
2013030001296,1,9,0,9,0,1,0,0,0,0,1,1,6,1,6,2204,2,6,5,3
2013030001296,2,9,0,18,0,1,0,0,0,0,4,1,6,1,4,1364,1,6,4,2
2013030001297,1,8,0,5,0,8,0,0,0,0,3,1,6,1,6,1910,2,5,5,2
2013030001297,2,2,0,18,0,8,0,0,0,0,1,1,6,1,4,50,1,8,5,2
2013030001299,1,1,0,17,0,0,0,0,0,0,1,1,6,1,7,-1,-1,-1,5,1
2013030001299,2,9,0,1,0,0,0,0,0,0,2,1,6,1,9,-1,-1,-1,8,3
2013030001300,1,9,0,18,0,8,0,0,1,1,1,1,6,2,7,1242,1,11,7,1
2013030001305,1,9,0,18,0,0,0,0,0,0,1,1,1,1,8,1968,2,6,9,1
2013030001305,2,9,0,18,0,0,1,0,7,10,3,1,6,1,9,2497,1,8,8,2
2013030001307,1,5,0,17,0,0,1,0,0,0,0,1,6,1,5,599,1,17,6,3
2013030001307,2,9,0,18,0,0,0,0,0,0,1,1,6,1,9,1364,2,1,8,2
2013030001315,1,9,0,18,0,1,0,0,0,0,0,1,6,3,-1,-1,-1,-1,-1,-1
2013030001315,2,11,0,18,0,1,0,0,0,0,0,1,1,1,7,6871,2,14,1,2
2013030001316,1,9,0,15,0,0,1,0,0,0,4,1,6,1,8,1560,2,1,7,3
2013030001321,1,9,0,9,0,5,0,0,0,0,4,1,6,2,11,1242,1,3,8,3
2013030001321,2,5,0,18,0,1,5,0,0,0,1,1,6,1,7,900,1,15,2,1
2013030001322,1,21,1,18,0,0,0,0,0,0,1,1,6,1,9,12580,2,9,2,1
2013030001322,2,21,1,18,0,0,1,0,0,0,1,1,6,1,8,10837,2,1,1,1
2013030001328,1,9,0,16,0,0,0,0,0,0,4,1,2,2,7,4197,1,8,8,3
2013030001328,2,2,0,17,0,0,0,0,0,0,4,1,6,1,4,49,1,3,3,1
2013030001335,1,90,0,18,0,0,0,0,0,0,1,1,6,1,6,-1,-1,-1,8,1
2013030001335,2,1,0,18,0,0,0,0,0,0,1,1,6,1,8,-1,-1,-1,9,1
2013030001338,1,9,0,18,0,0,0,0,4,6,3,1,6,2,9,2199,2,-1,7,1
2013030001339,1,9,0,9,0,8,0,0,0,0,4,1,6,2,8,1386,1,9,9,3
2013030001339,2,2,0,18,0,8,5,0,0,0,1,1,6,1,4,50,1,3,9,3
2013030001340,1,9,0,4,0,1,0,0,0,0,4,1,1,1,5,1995,1,11,8,3
2013030001340,2,1,0,18,0,1,0,0,0,0,3,1,6,1,6,-1,-1,-1,-1,-1
2013030001342,1,9,0,16,0,0,1,0,7,10,3,1,6,2,4,1229,1,9,3,2
2013030001343,1,11,0,5,0,0,0,0,0,0,2,1,6,1,8,-1,-1,-1,2,3
2013030001344,1,9,0,18,0,0,0,0,0,0,4,1,6,3,-1,-1,-1,-1,-1,-1
2013030001344,2,1,0,18,0,0,0,0,0,0,4,1,6,1,7,-1,-1,-1,6,3
2013030001345,1,9,0,17,0,0,1,0,7,0,3,1,6,2,6,1989,1,14,3,1
2013030001347,1,9,0,14,0,0,0,0,0,0,1,1,6,1,8,1956,2,2,3,1
2013030001349,1,9,0,14,0,0,0,0,0,0,0,1,6,3,-1,-1,-1,-1,-1,-1
2013030001353,1,9,0,18,0,7,0,0,3,10,1,1,6,2,11,1596,1,6,6,3
2013030001353,2,9,0,18,0,1,0,0,0,0,1,1,6,1,11,2982,2,3,9,3
2013030001364,1,9,0,18,0,4,0,0,0,0,3,1,6,2,9,1998,2,11,3,2
2013030001364,2,1,0,7,0,3,0,0,0,0,4,1,6,1,6,-1,-1,-1,8,1
2013030001365,1,9,0,18,0,0,0,0,0,0,4,1,6,1,8,1998,2,1,-1,-1
2013030001365,2,9,0,18,0,0,0,0,0,0,1,1,6,2,8,1753,2,10,5,1
2013030001368,1,9,0,17,0,0,0,0,7,10,1,1,6,2,7,2776,2,8,6,3
2013030001369,1,9,0,18,0,1,0,0,0,0,1,1,6,1,6,1399,1,2,2,2
2013030001369,2,9,0,3,0,1,0,0,0,0,2,1,6,1,7,2401,1,8,2,2
2013030001369,3,9,0,3,0,1,0,0,0,0,2,1,6,1,7,1598,1,9,7,3
2013030001370,1,9,0,16,0,0,1,0,1,4,4,1,6,1,4,1242,1,9,10,2
2013030001371,1,9,0,13,0,0,0,0,0,0,0,1,6,3,-1,-1,-1,-1,-1,-1
2013030001371,2,4,0,18,0,0,0,10,0,0,1,1,6,1,9,885,1,20,1,1
2013030001375,1,9,0,18,0,0,0,0,7,4,1,1,6,1,4,1299,1,9,-1,-1
2013030001376,1,9,0,9,0,2,0,0,0,0,3,1,1,2,7,2402,2,5,8,3
2013030001376,2,4,0,18,0,1,1,0,0,0,1,1,1,1,8,647,1,8,6,3
2013030001377,1,9,0,9,0,6,0,0,0,0,1,1,6,3,-1,-1,-1,-1,-1,-1
2013030001377,2,1,0,18,0,8,0,0,1,0,2,1,2,2,6,-1,-1,-1,-1,-1
2013030001378,1,9,0,16,0,0,1,0,1,0,3,1,6,1,6,1596,1,11,8,1
2013030001378,2,9,0,17,0,0,0,0,0,0,3,1,6,1,10,1598,1,6,-1,-1
2013030001378,3,9,0,17,0,0,0,0,0,0,3,1,6,1,10,1598,2,1,9,1
2013030001383,1,9,0,18,0,1,0,0,0,0,0,1,6,1,6,-1,-1,-1,6,3
2013030001385,1,9,0,18,0,1,0,0,0,0,1,1,6,2,4,1360,1,10,-1,3
2013030001385,2,9,0,2,0,1,0,0,0,0,2,1,6,2,4,1198,1,10,4,1
2013030001388,1,9,0,16,0,0,1,0,1,10,3,1,6,1,4,1560,2,5,6,3
2013030001389,1,9,0,9,0,1,0,0,0,0,1,1,1,1,7,1560,2,1,6,1
2013030001389,2,1,0,18,0,8,0,0,0,0,1,1,6,1,6,-1,-1,-1,1,1
2013030001390,1,1,0,18,0,0,0,0,0,0,1,1,6,1,7,-1,-1,-1,2,2
2013030001393,1,9,0,5,0,2,0,0,0,0,4,1,6,2,8,1248,2,1,2,1
2013030001395,1,3,0,9,0,1,0,0,0,0,1,1,6,1,4,125,1,14,2,2
2013030001395,2,9,0,18,0,1,0,0,0,0,1,1,6,1,4,1600,1,9,7,3
2013030001398,1,9,0,4,0,1,0,0,0,0,1,1,6,2,5,1390,1,1,9,1
2013030001398,2,9,0,3,0,1,0,0,0,0,2,1,6,1,6,2198,2,7,8,3
2013030001399,1,3,0,18,0,0,5,0,7,4,1,1,6,1,4,125,1,5,9,3
2013030001400,1,9,0,5,0,5,0,0,0,0,3,1,6,1,10,2179,2,-1,8,3
2013030001400,2,9,0,18,0,8,0,0,0,0,4,1,6,1,7,1896,2,6,5,1
2013030001403,1,1,0,4,0,0,2,0,0,0,0,1,6,2,8,-1,-1,-1,-1,-1
2013030001403,2,9,0,4,0,0,0,0,0,0,0,1,6,2,9,-1,-1,-1,9,2
2013030001404,1,9,0,9,0,5,0,0,0,0,0,1,6,1,8,-1,-1,-1,3,2
2013030001404,2,1,0,18,0,1,0,0,0,0,0,1,6,1,7,-1,-1,-1,-1,-1
2013030001406,1,5,0,18,0,0,0,0,0,0,1,1,6,1,8,781,1,15,4,2
2013030001406,2,9,0,4,0,0,0,0,0,0,2,1,6,1,5,1398,2,-1,1,1
2013030001406,3,9,0,18,0,0,0,0,0,0,3,1,6,1,9,1242,1,2,7,3
2013030001409,1,5,0,17,0,0,0,0,0,9,0,1,6,1,7,999,1,1,-1,-1
2013030001412,1,9,0,18,0,1,0,0,0,0,3,1,6,1,4,1229,1,5,7,3
2013030001412,2,1,0,18,0,6,0,0,0,0,1,1,6,2,2,-1,-1,-1,7,3
2013030001414,1,9,0,12,0,0,0,0,0,0,4,1,6,1,11,1596,1,6,-1,-1
2013030001414,2,9,0,12,0,0,0,0,0,0,3,1,6,1,5,-1,-1,-1,7,1
2013030001415,1,19,0,16,0,1,0,0,0,0,3,1,1,1,5,2494,2,11,10,1
2013030001416,1,5,0,4,0,0,0,0,0,0,1,1,6,1,9,999,1,6,2,2
2013030001416,2,9,0,4,0,0,0,0,0,0,2,1,6,1,10,-1,-1,-1,9,1
2013030001417,1,9,0,4,0,0,0,0,0,0,2,1,6,2,7,1997,2,8,1,1
2013030001417,2,9,0,4,0,0,0,0,0,0,1,1,6,2,8,1560,2,3,1,1
2013030001419,1,9,0,18,0,1,0,0,0,0,1,1,6,1,6,1598,1,7,3,1
2013030001420,1,11,0,16,0,0,0,0,0,0,0,1,6,1,10,12000,2,11,4,2
2013030001426,1,11,0,4,0,0,0,0,0,0,0,1,1,1,9,6700,2,1,9,1
2013030001428,1,11,0,18,0,2,0,0,0,0,1,1,6,1,6,4250,2,9,4,1
2013030001428,2,9,0,9,0,2,0,0,0,0,2,1,6,2,9,2000,2,16,3,1
2013030001429,1,19,0,1,0,0,0,0,0,0,2,1,1,1,9,2148,2,4,6,3
2013030001429,2,5,0,4,0,0,0,0,0,0,1,1,6,1,8,893,1,18,7,2
2013030001430,1,9,0,18,0,0,0,0,0,0,3,1,3,2,6,1229,1,1,2,1
2013030001432,1,9,0,18,0,0,2,0,2,10,1,1,2,1,8,1461,2,2,8,2
2013030001435,1,17,5,15,0,1,0,0,0,0,4,1,1,1,10,-1,2,5,8,3
2013030001435,2,1,0,18,0,1,0,0,0,0,3,1,6,1,8,-1,-1,-1,6,3
2013030001442,1,2,0,18,0,0,0,0,0,0,1,1,6,1,4,-1,-1,-1,7,1
2013030001442,2,9,0,3,0,0,0,0,0,0,2,1,6,2,9,1461,2,4,8,1
2013030001443,1,9,0,17,0,0,1,0,0,0,1,1,6,2,5,899,1,13,9,2
2013030001444,1,9,0,15,0,0,0,0,0,0,0,1,6,3,6,-1,-1,-1,-1,-1
2013030001444,2,1,0,15,0,0,0,0,0,0,0,1,6,1,5,-1,-1,-1,6,2
2013030001445,1,9,0,16,0,0,5,0,8,10,1,1,1,1,7,1598,2,2,2,2
2013030001446,1,9,0,7,0,1,0,0,0,0,2,1,6,2,4,1199,1,11,-1,-1
2013030001446,2,1,0,7,0,1,0,0,0,0,1,1,6,1,7,-1,-1,-1,2,2
2013030001447,1,1,0,18,0,0,0,0,0,0,0,1,6,2,4,-1,-1,-1,6,3
2013030001448,1,9,0,9,0,6,0,0,0,0,1,1,6,1,6,1968,2,8,6,3
2013030001448,2,4,0,16,0,8,0,0,0,0,1,1,6,2,7,1585,1,1,-1,-1
2013030001451,1,9,0,5,0,2,0,0,0,0,1,1,6,2,9,996,1,3,4,2
2013030001451,2,9,0,5,0,2,0,0,0,0,1,1,6,2,7,1800,1,9,7,3
2013030001454,1,9,0,5,0,0,0,0,0,0,1,1,1,2,7,1679,1,11,-1,-1
2013030001456,1,9,0,18,0,1,0,0,0,0,1,1,6,1,8,1984,2,7,2,1
2013030001456,2,9,0,3,0,1,0,0,0,0,2,1,6,1,6,1398,1,14,3,3
2013030001456,3,9,0,3,0,1,0,0,0,0,2,1,6,1,7,1896,2,5,2,2
2013030001458,1,9,0,5,9,1,0,0,1,0,4,1,6,1,6,1870,2,10,3,1
2013030001459,1,9,0,18,0,2,1,0,0,0,1,1,6,1,5,1686,2,1,-1,-1
2013030001459,2,9,0,18,0,2,0,0,0,0,2,1,6,2,6,-1,-1,-1,8,3
2013030001459,3,9,0,18,0,2,0,0,0,0,2,1,6,1,9,-1,-1,-1,-1,-1
2013030001460,1,5,0,18,0,8,5,0,0,0,2,1,6,1,8,1099,1,6,-1,2
2013030001460,2,5,0,18,0,8,5,0,0,0,0,1,6,1,7,-1,-1,-1,4,1
2013030001460,3,17,5,9,0,8,0,0,0,0,4,1,1,1,4,-1,-1,-1,5,3
2013030001461,1,9,0,18,0,1,1,0,0,0,1,1,6,1,5,-1,-1,-1,6,3
2013030001461,2,9,0,9,0,1,0,0,7,10,2,1,6,1,7,1598,1,2,4,1
2013030001467,1,9,0,18,0,0,0,0,0,0,1,1,6,2,4,1149,1,11,7,2
2013030001467,2,9,0,9,0,0,0,0,0,0,1,1,2,2,4,1328,1,3,6,3