Accident_Index,Vehicle_Reference,Vehicle_Type,Towing_and_Articulation,Vehicle_Manoeuvre,Vehicle_Location-Restricted_Lane,Junction_Location,Skidding_and_Overturning,Hit_Object_in_Carriageway,Vehicle_Leaving_Carriageway,Hit_Object_off_Carriageway,1st_Point_of_Impact,Was_Vehicle_Left_Hand_Drive?,Journey_Purpose_of_Driver,Sex_of_Driver,Age_Band_of_Driver,Engine_Capacity_(CC),Propulsion_Code,Age_of_Vehicle,Driver_IMD_Decile,Driver_Home_Area_Type
2013030001802,2,11,0,14,0,0,0,0,0,0,0,1,6,1,8,-1,2,14,7,1
2013030001803,1,9,0,15,0,0,0,0,0,0,4,1,6,1,6,1364,1,5,5,1
2013030001803,2,1,0,18,0,0,0,0,0,0,3,1,6,1,8,-1,-1,-1,9,1
2013030001804,1,9,0,5,0,0,0,0,0,10,1,1,6,1,5,1229,1,-1,8,2
2013030001804,2,9,0,17,0,0,1,0,0,0,1,1,6,1,4,-1,-1,-1,6,2
2013030001805,1,9,0,18,0,0,0,0,0,0,1,1,6,1,4,1596,1,7,9,3
2013030001806,1,9,0,5,0,0,0,0,0,0,1,1,6,1,6,2401,2,11,9,3
2013030001807,1,9,0,17,0,0,0,0,1,0,1,1,6,1,4,1229,1,8,2,1
2013030001807,2,21,1,16,0,0,1,0,0,0,1,1,6,1,7,12580,2,8,5,3
2013030001808,1,9,0,18,0,0,0,0,0,0,4,1,6,3,5,-1,-1,-1,-1,-1
2013030001809,1,17,4,4,0,1,0,0,0,0,1,1,6,1,7,6728,2,2,-1,-1
2013030001809,2,9,0,10,0,1,0,0,0,0,2,1,6,2,4,1242,1,2,7,3
2013030001810,1,9,0,6,0,6,0,0,0,0,3,1,6,1,6,1753,2,9,4,1
2013030001810,2,21,1,17,0,1,1,0,0,0,1,1,1,1,8,12740,2,-1,1,1
2013030001811,1,9,0,3,0,0,0,0,0,0,1,1,6,1,10,1870,2,14,7,2
2013030001811,2,9,0,3,0,0,0,0,0,0,2,1,6,2,6,1339,1,3,7,2
2013030001811,3,9,0,3,0,0,0,0,0,0,2,1,6,1,9,998,1,6,7,2
2013030001818,1,9,0,13,0,8,0,0,0,0,4,1,6,2,11,1590,1,12,9,3
2013030001818,2,2,0,12,0,8,0,0,0,0,2,1,6,1,5,50,1,1,8,1
2013030001819,1,9,0,18,0,0,5,4,0,0,1,1,6,1,6,1229,1,-1,1,1
2013030001819,2,9,0,2,0,0,0,0,0,0,3,1,6,2,5,1984,1,12,5,1
2013030001820,1,9,0,9,0,8,0,0,0,0,4,1,6,2,6,1753,2,7,1,1
2013030001820,2,1,0,9,0,8,0,0,0,0,1,1,6,1,8,-1,-1,-1,7,3
2013030001821,1,5,0,18,0,1,1,0,1,0,1,1,6,1,7,800,1,1,-1,-1
2013030001822,1,20,0,16,0,0,0,0,2,10,1,1,6,1,4,-1,-1,-1,8,1
2013030001823,1,9,0,18,0,1,0,0,7,10,1,1,6,1,4,1388,1,8,-1,-1
2013030001847,1,9,0,16,0,0,0,0,0,10,4,1,2,1,9,1998,1,9,5,1
2013030001848,1,9,0,18,0,0,0,0,0,0,1,1,6,2,4,999,1,4,8,2
2013030001848,2,9,0,18,0,0,0,0,0,0,1,1,6,2,9,1248,1,1,10,1
2013030001849,1,1,0,17,0,1,0,0,0,0,0,1,2,2,9,-1,-1,-1,8,3
2013030001855,1,9,0,2,0,0,0,0,0,0,2,1,6,1,8,1242,1,8,7,3
2013030001855,2,9,0,2,0,0,0,0,0,0,2,1,6,1,6,-1,-1,-1,7,2
2013030001856,1,9,0,18,0,0,0,0,0,0,1,1,6,1,7,2148,2,5,8,1
2013030001856,2,9,0,3,0,0,0,0,0,0,2,1,6,1,8,1598,2,-1,-1,-1
2013030001861,1,9,0,18,0,0,2,0,7,0,1,1,6,2,9,1595,1,-1,-1,-1
2013030001864,1,1,0,18,0,6,0,0,0,0,1,1,6,1,10,-1,-1,-1,2,2
2013030001866,1,9,0,9,0,8,1,0,0,0,1,1,6,1,8,1998,1,16,9,1
2013030001866,2,9,0,18,0,8,0,0,0,0,1,1,6,1,6,-1,-1,-1,6,1
2013030001869,1,10,0,5,0,6,0,0,0,0,1,1,6,2,9,-1,-1,-1,-1,-1
2013030001869,2,1,0,18,0,1,0,0,0,0,1,1,6,1,7,-1,-1,-1,-1,-1
2013030001871,1,9,0,13,0,1,5,0,0,0,1,1,6,1,10,1896,2,6,8,2
2013030001871,2,19,0,9,0,5,0,0,0,0,3,1,6,2,7,2499,2,20,-1,3
2013030001873,1,5,0,16,0,1,2,0,7,10,4,1,6,1,8,781,1,9,4,1
2013030001873,2,9,4,16,0,1,0,0,0,0,0,1,1,1,7,2664,2,13,7,3
2013030001877,1,9,0,5,8,6,0,0,0,0,1,1,6,2,10,1910,2,5,8,3
2013030001877,2,9,0,16,0,1,0,0,0,0,1,1,2,1,8,1989,1,10,7,3
2013030001882,1,9,0,18,0,0,0,0,0,0,1,1,2,1,4,1299,1,12,4,1
2013030001883,1,9,0,16,0,0,1,0,7,10,1,1,6,1,6,1396,1,9,-1,-1
2013030001884,1,9,0,18,0,6,0,0,0,0,1,1,6,2,6,1493,2,3,9,2
2013030001884,2,9,0,18,0,8,0,0,7,10,1,1,6,2,11,1339,1,6,7,2
2013030001886,1,9,0,18,0,4,0,0,0,0,1,1,6,1,7,1560,2,2,2,1
2013030001886,2,9,0,18,0,4,0,0,0,0,2,1,6,1,11,1360,1,7,-1,-1
2013030001890,1,9,0,10,0,0,2,0,1,10,4,1,1,1,4,1199,1,13,3,2
2013030001892,1,9,0,18,0,0,0,0,0,0,4,1,6,3,-1,1896,2,4,-1,-1
2013030001892,2,1,0,18,0,0,0,0,0,0,3,1,6,2,7,-1,-1,-1,9,3
2013030001897,1,9,0,9,0,2,0,0,0,0,3,1,6,3,-1,-1,-1,-1,-1,-1
2013030001897,2,2,0,18,0,2,0,0,0,0,1,1,6,1,4,49,1,1,2,1
2013030001898,1,4,0,16,0,0,2,0,7,0,0,1,6,1,8,749,1,12,9,3
2013030001900,1,9,0,18,0,0,2,0,1,10,4,1,6,1,7,1896,2,11,3,2
2013030001901,1,9,0,18,0,1,0,0,0,0,1,1,6,1,7,-1,-1,-1,6,3
2013030001901,2,9,0,18,0,1,0,0,0,0,2,1,6,1,6,-1,-1,-1,4,2
2013030001904,1,9,0,18,0,0,0,0,0,0,4,1,6,3,5,-1,-1,-1,-1,-1
2013030001908,1,9,0,4,0,0,0,0,0,0,1,1,6,2,6,1612,1,2,7,3
2013030001908,2,9,0,4,0,0,0,0,0,0,2,1,1,1,5,-1,-1,-1,5,2
2013030001908,3,9,0,4,0,0,0,0,0,0,2,1,1,1,5,-1,-1,-1,5,2
2013030001911,1,9,0,18,0,0,0,0,0,0,1,1,2,1,9,1598,1,8,2,1
2013030001912,1,9,0,3,0,1,0,0,0,0,1,1,6,2,9,1590,1,12,6,3
2013030001912,2,1,0,17,0,2,0,0,1,1,3,1,6,1,8,-1,-1,-1,5,1
2013030001913,1,9,0,13,0,0,5,0,0,10,1,2,6,2,6,-1,-1,-1,9,2
2013030001914,1,20,0,4,0,0,0,0,0,0,1,1,6,3,-1,2999,2,4,4,1
2013030001914,2,9,0,4,0,0,0,0,0,0,1,1,1,2,8,1994,1,10,8,2
2013030001916,1,5,0,18,0,0,0,12,0,0,1,1,6,1,7,-1,-1,-1,9,3
2013030001917,1,19,0,5,0,2,0,0,0,0,1,1,1,1,6,1248,2,5,6,2
2013030001917,2,21,0,3,0,2,0,0,0,0,2,1,1,1,8,-1,-1,-1,4,1
2013030001920,1,9,0,18,0,0,5,0,7,9,1,1,1,2,4,1120,1,15,6,3
2013030001922,1,9,0,17,0,0,0,0,0,0,1,1,6,1,5,998,1,9,1,2
2013030001925,1,9,0,18,0,0,0,0,0,10,1,1,6,1,9,1398,1,2,-1,-1
2013030001930,1,9,0,17,0,8,1,7,0,7,1,1,6,2,4,1461,2,7,2,1
2013030001932,1,9,0,17,0,0,0,0,1,4,1,1,6,1,4,1199,1,9,7,2
2013030001933,1,9,0,3,0,6,0,0,0,0,1,1,6,1,5,1895,1,13,1,1
2013030001933,2,8,0,18,0,8,0,0,0,0,3,1,1,1,8,1997,2,10,2,1
2013030001939,1,9,0,18,0,1,0,0,0,0,1,1,6,1,6,1229,1,3,8,1
2013030001939,2,9,0,3,0,1,0,0,0,0,2,1,6,2,11,1587,1,8,2,2
2013030001939,3,9,0,3,0,1,0,0,0,0,2,1,6,2,8,-1,-1,-1,6,3
2013030001940,1,9,0,9,0,5,0,0,0,0,1,1,1,1,5,-1,-1,-1,7,1
2013030001940,2,1,0,18,4,8,0,0,0,0,2,1,6,1,4,-1,-1,-1,8,3
2013030001941,1,9,0,13,0,0,5,10,1,0,1,1,6,1,4,2000,1,19,7,3
2013030001941,2,9,0,13,0,0,5,10,1,0,1,1,6,1,4,1896,2,10,3,1
2013030001941,3,9,0,18,0,0,1,10,0,0,2,1,6,1,6,1598,1,11,2,1
2013030001942,1,9,0,7,0,2,0,0,0,0,1,1,6,2,9,1388,1,7,2,1
2013030001942,2,9,0,2,0,1,0,0,0,0,1,1,6,1,7,2835,2,14,2,1
2013030001942,3,11,0,18,0,1,0,0,0,0,0,1,1,2,7,3900,2,8,3,1
2013030001943,1,9,0,18,0,0,0,0,1,10,1,1,2,2,6,1598,1,8,10,1
2013030001944,1,9,0,18,0,0,0,0,0,0,1,1,1,1,8,-1,-1,-1,5,2
2013030001946,1,9,0,18,0,8,0,0,0,0,3,1,6,1,6,1896,2,11,4,1
2013030001946,2,9,0,18,0,8,0,0,0,0,1,1,6,1,4,1199,1,10,3,1
2013030001947,1,20,0,18,0,0,0,0,0,0,1,1,1,1,8,4462,2,-1,2,1
2013030001950,1,9,0,10,0,1,0,0,0,0,1,1,6,2,6,998,1,1,3,1
2013030001953,1,9,0,18,0,1,0,0,0,0,1,1,1,1,7,1560,2,3,1,1
2013030001953,2,9,0,18,0,1,0,0,0,0,0,1,2,2,7,1598,1,2,5,1
2013030001956,1,9,0,18,0,2,0,0,0,0,1,1,6,1,9,1323,1,12,6,2
2013030001956,2,9,0,18,0,1,0,0,1,10,3,1,6,2,9,1248,1,2,6,1
2013030001970,1,4,0,16,0,1,2,11,7,0,0,1,6,1,7,919,1,15,7,2
2013030001971,1,9,0,2,0,0,0,0,0,0,4,1,6,2,6,998,1,6,-1,-1
2013030001971,2,1,0,18,0,0,0,0,0,0,1,1,1,1,6,-1,-1,-1,-1,-1
2013030001973,1,9,0,18,0,1,0,0,0,0,2,1,6,1,6,1248,2,8,-1,-1
2013030001973,2,9,0,18,0,1,0,0,0,0,2,1,6,2,6,1896,2,10,3,1
2013030001973,3,9,0,3,0,1,0,0,0,0,2,1,6,2,9,1390,1,12,7,3
2013030001974,1,5,0,13,0,1,2,0,7,0,4,1,6,1,7,600,1,16,2,1
2013030001974,2,9,0,2,0,1,0,0,0,0,4,1,6,1,7,1896,2,12,9,3
2013030001974,3,9,0,10,0,1,0,0,0,0,0,1,6,1,10,1995,2,1,8,1
2013030001975,1,11,0,18,0,1,0,0,0,0,1,1,1,1,7,7790,2,7,-1,1
2013030001975,2,11,0,4,0,1,0,0,0,0,2,1,1,1,7,9200,2,3,-1,-1
2013030001981,1,19,0,5,9,0,0,0,0,0,1,1,1,1,6,2402,2,10,2,1
2013030001982,1,9,0,18,0,0,0,0,7,4,1,1,6,1,5,1997,2,14,4,1
2013030001983,1,9,0,18,0,1,0,0,0,0,1,1,6,1,8,1794,1,12,4,3
2013030001983,2,9,0,18,0,1,0,0,0,0,1,1,6,1,6,1349,1,2,5,1
2013030001984,1,19,0,16,0,4,0,0,0,0,1,1,6,1,5,-1,-1,-1,8,3
2013030001984,2,9,0,4,0,8,0,0,0,0,4,1,6,1,7,1086,1,10,5,1
2013030001994,1,9,0,5,0,1,0,0,7,0,3,1,6,1,10,1390,1,10,9,3
2013030001994,2,9,0,18,0,1,0,0,7,0,1,1,6,2,8,2000,2,8,7,3
2013030001995,1,9,0,9,0,8,0,0,0,0,1,1,1,1,7,1596,1,11,7,1
2013030001995,2,9,0,18,0,1,0,0,0,0,1,1,1,1,6,999,1,14,7,3
2013030001996,1,9,0,8,0,1,1,0,0,0,1,1,6,3,-1,-1,-1,-1,-1,-1
2013030001996,2,9,0,4,0,1,0,0,0,0,2,1,6,1,8,1582,2,3,7,2
2013030001997,1,9,0,17,0,0,1,0,7,10,4,1,2,2,6,1229,1,7,5,3
2013030001998,1,9,0,18,0,0,0,0,0,0,1,1,6,3,-1,-1,-1,-1,-1,-1
2013030001999,1,9,0,6,0,8,0,0,0,0,1,1,6,1,9,2204,2,6,5,2
2013030001999,2,9,0,18,0,8,0,0,0,0,3,1,6,2,7,1994,2,11,7,3
2013030002000,1,9,0,9,0,6,0,0,0,0,1,1,6,1,6,1998,1,8,10,1
2013030002000,2,1,0,18,0,1,0,0,0,0,1,1,2,1,6,-1,-1,-1,8,1
2013030002003,1,9,0,9,0,6,0,0,0,0,1,1,6,2,6,1998,2,6,4,3
2013030002003,2,9,0,18,0,8,0,0,0,0,1,1,6,1,10,2148,2,7,-1,-1
2013030002009,1,9,0,9,0,6,0,0,0,0,1,1,6,1,7,-1,-1,-1,-1,-1
2013030002009,2,2,0,14,0,1,0,0,0,0,1,1,6,1,7,49,1,15,-1,-1
2013030002011,1,9,0,4,0,0,0,0,0,0,1,1,6,1,7,-1,-1,-1,-1,-1
2013030002011,2,9,0,4,0,0,0,0,0,0,2,1,6,1,7,1998,2,7,4,1
2013030002012,1,9,0,16,0,0,0,4,7,10,1,1,6,1,10,-1,-1,-1,6,3
2013030002012,2,21,1,2,6,0,0,0,0,0,2,1,1,1,6,10837,2,-1,1,1
2013030002012,3,9,0,2,6,0,0,0,0,0,1,1,6,1,5,1896,2,5,8,2
2013030002015,1,9,0,18,0,0,0,0,0,0,1,1,4,2,4,1598,1,10,5,3
2013030002015,2,9,0,18,0,0,0,0,0,0,1,1,6,2,6,1896,2,11,5,1
2013030002016,1,9,0,18,0,0,0,0,0,0,0,1,6,3,-1,-1,-1,-1,-1,-1
2013030002016,2,1,0,18,0,0,0,0,1,0,0,1,6,1,8,-1,-1,-1,4,2
2013030002017,1,9,0,18,0,0,0,0,0,0,1,1,6,1,6,-1,-1,-1,-1,-1
2013030002017,2,9,4,2,0,0,0,0,0,0,0,1,6,1,7,2902,2,7,-1,-1
2013030002019,1,9,0,18,0,4,0,0,0,0,1,1,6,1,7,1796,1,9,4,2
2013030002019,2,9,0,3,0,4,0,0,0,0,1,1,6,2,7,1984,1,4,6,3
2013030002023,1,3,0,18,0,4,2,0,0,0,4,1,2,1,7,125,1,1,2,1
2013030002024,1,9,0,13,0,0,0,0,0,0,1,1,2,2,5,1299,1,11,4,2
2013030002024,2,9,0,17,0,0,0,0,1,0,3,1,6,2,6,1968,2,4,7,3
2013030002025,1,9,0,16,0,0,0,0,0,0,3,1,6,1,6,1588,1,12,3,1
2013030002025,2,9,0,17,0,0,0,0,0,0,3,1,6,1,8,-1,-1,-1,2,1
2013030002026,1,9,0,18,0,1,0,0,0,0,1,1,6,2,7,1598,1,14,2,2
2013030002026,2,9,0,4,0,2,0,0,0,0,2,1,6,2,8,1598,1,8,2,2
2013030002027,1,5,0,16,0,1,0,0,0,0,1,1,6,1,7,893,1,18,5,3
2013030002027,2,9,4,10,0,1,0,0,0,0,2,1,1,1,8,2495,2,13,7,3
2013030002028,1,9,0,6,0,0,0,0,0,0,1,1,6,1,5,1388,1,10,-1,-1
2013030002028,2,1,0,18,0,0,0,0,0,0,2,1,6,1,5,-1,-1,-1,1,1
2013030002029,1,10,0,10,0,1,0,0,0,0,1,1,6,1,8,1998,2,12,3,3
2013030002029,2,1,0,18,0,1,0,0,0,0,1,1,6,1,5,-1,-1,-1,9,1
2013030002037,1,9,0,18,0,0,0,0,0,0,1,1,6,1,4,1229,1,9,2,1
2013030002037,2,9,0,18,0,0,0,0,0,0,2,1,6,1,7,1398,2,5,-1,-1
2013030002037,3,9,0,18,0,0,0,0,0,0,2,1,6,1,6,1560,2,3,3,1
2013030002040,1,1,0,18,0,0,0,0,0,0,1,1,6,1,6,-1,-1,-1,-1,-1
2013030002040,2,9,0,2,0,0,0,0,0,0,2,1,6,2,6,1198,1,7,3,3
2013030002041,1,9,0,7,0,3,0,0,1,2,3,1,6,2,5,1149,1,1,7,2
2013030002043,1,9,0,4,0,1,0,0,0,0,1,1,2,1,8,2499,1,5,1,1
2013030002043,2,9,0,4,0,1,0,0,0,0,2,1,2,2,4,1339,1,4,4,2
2013030002045,1,9,4,16,0,0,0,0,0,0,1,1,6,1,5,-1,-1,-1,7,3
2013030002045,2,9,0,17,0,0,0,0,0,0,1,1,6,2,7,1587,1,7,2,1
2013030002046,1,21,1,12,0,1,2,2,0,0,4,1,6,1,10,-1,-1,-1,-1,-1
2013030002047,1,9,0,9,0,5,0,0,0,0,4,1,6,2,8,1796,1,9,2,1
2013030002047,2,9,0,18,0,1,0,0,0,0,1,1,6,2,8,2179,2,11,6,3
2013030002048,1,9,0,18,0,0,0,11,1,0,4,1,6,2,8,1560,2,8,9,1
2013030002050,1,1,0,18,0,0,0,0,0,0,1,1,6,1,9,-1,-1,-1,-1,-1
2013030002050,2,1,0,18,0,0,0,0,0,0,1,1,6,1,8,-1,-1,-1,9,1
2013030002055,1,9,0,8,0,1,0,0,0,0,2,1,6,1,7,1997,2,-1,9,3
2013030002055,2,9,0,8,0,1,0,0,0,0,0,1,6,2,8,1998,2,5,10,1
2013030002058,1,21,1,4,0,1,0,0,0,0,0,1,1,1,-1,-1,-1,-1,-1,-1
2013030002058,2,9,0,4,0,1,0,0,0,0,0,1,6,1,7,-1,-1,-1,-1,-1
2013030002060,1,5,0,17,0,0,0,0,0,1,1,1,6,1,8,998,1,7,1,1
2013030002064,1,9,0,15,0,0,0,0,0,0,4,1,2,1,9,2387,2,5,5,1
2013030002066,1,9,0,9,0,6,0,0,0,0,1,1,6,2,4,1229,1,1,5,1
2013030002066,2,9,0,18,0,8,0,0,0,0,1,1,6,2,6,1086,1,8,1,1
2013030002071,1,9,0,18,9,0,0,0,7,1,1,1,6,2,7,1329,1,1,5,1
2013030002073,1,11,0,16,0,1,0,0,0,0,0,1,1,1,7,9000,2,2,6,1
2013030002074,1,9,0,9,0,5,0,0,0,0,1,1,1,2,7,1896,2,5,2,1
2013030002074,2,9,0,18,0,1,0,0,0,0,1,1,2,1,7,1360,1,9,4,2
2013030002075,1,9,0,9,0,6,0,0,0,0,0,1,6,1,10,1991,2,6,9,1
2013030002075,2,3,0,18,0,1,2,0,0,0,0,1,6,2,7,124,1,8,3,1
2013030002077,1,9,0,18,0,0,0,0,0,0,1,1,6,2,11,1598,1,3,6,3
2013030002077,2,9,0,18,0,0,0,0,0,0,1,1,6,1,7,-1,-1,-1,6,3
2013030002078,1,9,0,10,0,0,0,0,0,0,0,1,6,1,8,1997,2,2,-1,-1
2013030002078,2,9,0,18,0,0,0,0,0,0,2,1,6,2,8,1560,2,6,-1,-1
2013030002078,3,19,0,18,0,0,0,0,0,0,4,1,6,1,6,2143,2,3,-1,-1
2013030002078,4,9,0,18,0,0,0,0,0,0,1,1,6,1,7,1995,2,3,-1,-1
2013030002080,1,11,0,16,0,0,1,0,0,0,1,1,1,1,7,6370,2,12,1,1
2013030002080,2,21,1,17,0,0,1,0,0,0,1,1,1,1,7,10308,2,6,8,1
2013030002081,1,9,0,1,0,0,0,0,0,0,2,1,6,1,8,1598,1,7,3,1
2013030002086,1,9,0,9,0,8,0,0,0,0,1,1,6,2,8,1560,2,6,1,2
2013030002086,2,4,0,18,0,8,5,0,0,0,1,1,6,1,4,598,1,23,4,1
2013030002087,1,9,0,18,0,0,0,0,1,7,1,1,6,1,5,1998,1,4,3,2
2013030002088,1,9,0,18,0,1,0,0,0,0,1,1,2,2,4,1299,1,13,6,3
2013030002088,2,9,0,10,0,1,0,0,0,0,2,1,2,2,6,1248,1,4,2,1
2013030002092,1,5,0,14,0,1,0,0,0,0,1,1,2,1,4,599,1,9,7,2
2013030002092,2,9,0,9,0,5,0,0,0,0,3,1,6,1,4,-1,-1,-1,8,3
2013030002093,1,9,0,1,6,0,0,0,0,0,2,1,2,2,9,1386,1,5,9,2
2013030002094,1,9,0,3,0,1,0,0,0,0,1,1,6,2,8,1798,1,5,9,1
2013030002094,2,9,0,3,0,1,0,0,0,0,2,1,6,1,7,-1,-1,-1,-1,-1
2013030002096,1,8,0,9,0,8,0,0,0,1,1,1,1,1,8,1896,2,7,1,1
2013030002098,1,5,0,18,0,1,2,0,0,0,0,1,6,1,9,-1,-1,-1,5,1
2013030002098,2,9,0,3,0,1,0,0,0,0,0,1,6,3,-1,-1,-1,-1,-1,-1
2013030002098,3,9,0,10,0,1,0,0,0,0,0,1,6,3,-1,-1,-1,-1,-1,-1
2013030002099,1,9,0,9,0,0,0,0,0,0,4,1,6,2,7,-1,-1,-1,6,2
2013030002099,2,1,0,18,0,0,0,0,0,0,1,1,6,1,3,-1,-1,-1,-1,-1
2013030002101,1,9,0,18,0,0,2,0,2,10,1,1,6,1,4,1998,1,8,-1,-1
2013030002103,1,1,0,9,0,8,0,0,0,0,1,1,6,1,6,-1,-1,-1,-1,-1
2013030002103,2,9,0,3,0,1,0,0,0,0,3,1,6,2,10,1248,2,8,5,1
2013030002104,1,9,0,4,0,2,0,0,0,0,1,1,6,2,5,1242,1,2,7,3
2013030002104,2,9,0,4,0,1,0,0,0,0,2,1,6,1,10,1686,2,1,5,1
2013030002106,1,9,0,9,0,2,0,0,0,0,3,1,6,1,8,1905,2,15,7,3
2013030002106,2,9,0,18,0,1,0,0,7,0,1,1,2,1,7,4163,1,7,4,3
2013030002106,3,9,0,18,0,1,0,0,2,0,4,1,2,1,8,1968,2,1,8,3
2013030002106,4,9,0,18,0,1,0,0,0,0,4,1,2,1,6,2000,2,7,5,1
2013030002114,1,9,0,16,0,8,1,0,7,10,1,1,6,2,5,1242,1,1,7,1
2013030002115,1,19,0,18,0,2,0,0,1,10,1,1,6,1,6,1998,2,12,6,3
2013030002116,1,9,0,13,0,8,0,0,0,0,1,1,6,2,4,1968,1,8,2,1
2013030002116,2,9,0,9,0,5,0,0,0,0,1,1,6,2,6,1364,1,8,3,1
2013030002120,1,9,0,18,0,0,2,0,7,9,1,1,6,1,4,-1,-1,-1,6,3
2013030002122,1,9,0,9,0,7,0,0,0,0,1,1,6,2,5,1598,1,9,6,1
2013030002122,2,9,0,9,0,8,0,0,0,0,4,1,6,2,9,2231,2,-1,7,3
2013030002124,1,21,1,12,0,0,0,0,0,0,3,1,1,1,7,10518,2,8,1,1
2013030002124,2,20,0,18,0,0,0,0,0,0,0,1,1,1,7,-1,-1,-1,3,1
2013030002126,1,19,0,5,0,4,0,0,0,0,1,1,1,2,7,2143,2,3,2,1
2013030002126,2,9,0,4,0,4,0,0,0,0,2,1,6,2,5,998,1,8,4,1
2013030002134,1,9,0,4,0,0,0,0,0,0,1,1,6,3,-1,-1,-1,-1,-1,-1
2013030002144,1,9,0,11,0,0,0,0,0,7,3,1,6,2,7,1242,1,6,9,1
2013030002144,2,9,0,12,0,0,0,0,0,0,0,1,6,3,-1,-1,-1,-1,-1,-1
2013030002145,1,8,0,18,0,2,0,0,0,0,4,1,1,3,-1,-1,-1,-1,-1,-1
2013030002148,1,9,0,5,0,1,1,0,1,10,3,1,1,1,7,1086,1,6,8,1
2013030002148,2,9,0,18,0,1,1,0,1,0,1,1,1,1,8,1199,2,1,9,3
2013030002150,1,9,0,18,0,1,2,0,0,0,1,1,6,2,4,998,1,7,5,1
2013030002150,2,9,0,3,0,1,0,0,0,0,2,1,6,1,8,1598,1,7,-1,-1
2013030002150,3,9,0,3,0,1,0,0,0,0,3,1,6,1,7,1796,1,6,2,1
2013030002152,1,1,0,4,0,1,1,0,0,0,1,1,6,1,6,-1,-1,-1,-1,-1
2013030002152,2,9,0,18,0,8,0,0,0,0,4,1,6,1,7,1199,2,2,8,1
2013030002153,1,9,0,13,0,0,0,0,2,0,1,1,6,1,6,1390,1,12,-1,-1
2013030002153,2,9,0,18,0,0,0,0,1,0,4,1,2,1,9,1968,2,3,8,2
2013030002155,1,9,0,13,0,8,0,0,1,10,1,1,6,2,7,998,1,11,8,1
2013030002155,2,17,0,9,0,5,0,0,0,0,0,1,1,1,9,-1,2,20,9,3
2013030002156,1,9,0,9,0,8,0,0,0,0,1,1,6,1,4,1596,1,10,5,1
2013030002156,2,5,0,18,0,8,0,0,0,0,1,1,6,1,6,988,1,10,3,1
2013030002157,1,9,0,5,0,4,0,0,0,0,1,1,2,2,9,1997,2,11,2,1
2013030002157,2,1,0,7,0,8,0,0,0,0,1,1,2,1,6,-1,-1,-1,5,1
2013030002162,1,9,0,18,0,0,0,0,0,0,4,1,2,1,5,1590,1,10,1,2
2013030002162,2,9,0,18,0,0,0,0,1,10,1,1,2,1,8,1994,2,15,4,2
2013030002163,1,4,0,16,0,0,2,0,0,0,1,1,6,1,10,500,1,63,10,2
2013030002163,2,9,0,17,0,0,0,0,0,0,1,1,6,1,9,1896,2,15,5,1
2013030002164,1,3,0,7,0,1,1,0,0,0,0,1,1,2,4,125,1,1,-1,-1
2013030002165,1,9,0,18,0,0,0,0,0,0,1,1,6,2,10,1390,1,2,8,2
2013030002166,1,9,0,17,0,0,5,0,2,0,4,1,2,1,4,1229,1,6,10,1
2013030002167,1,9,0,18,0,3,0,0,0,0,1,1,2,1,8,1242,1,6,-1,-1
2013030002167,2,1,0,17,0,4,0,0,0,0,1,1,2,1,8,-1,-1,-1,-1,-1
2013030002168,1,9,0,18,0,0,0,0,0,0,1,1,6,1,7,-1,-1,-1,9,1
2013030002168,2,9,0,2,6,0,0,0,0,0,2,1,6,1,6,1560,2,7,7,2
2013030002169,1,9,0,4,0,1,0,0,0,0,1,1,6,1,6,1360,1,9,-1,-1
2013030002169,2,9,0,3,0,1,0,0,0,0,2,1,6,1,6,1896,2,11,1,1
2013030002170,1,5,0,16,0,0,1,0,0,0,1,1,6,1,6,998,1,2,7,2
2013030002170,2,9,0,17,0,0,0,11,0,0,1,1,6,1,6,2967,2,7,7,1
2013030002186,1,9,0,1,0,0,0,0,0,0,2,1,6,1,8,1995,1,12,3,1
2013030002189,1,9,0,4,0,1,2,0,0,0,4,1,1,1,5,-1,-1,-1,5,1
2013030002189,2,9,0,4,0,1,0,0,0,0,2,1,2,2,4,998,1,5,4,2
2013030002189,3,9,0,3,0,1,0,0,0,0,2,1,1,1,7,1798,1,7,-1,1
2013030002189,4,9,0,3,0,1,0,0,0,0,2,1,6,1,6,-1,-1,-1,4,1
2013030002189,5,9,0,10,0,8,0,0,0,0,2,1,6,1,10,998,1,6,9,1
2013030002191,1,9,0,9,0,5,0,4,0,0,1,1,6,1,6,1895,1,13,3,1
2013030002191,2,9,0,2,0,1,0,4,0,0,1,1,6,1,7,1968,2,5,1,1
2013030002191,3,9,0,2,0,1,0,0,0,0,1,1,6,1,8,1560,2,9,1,1
2013030002192,1,9,0,18,0,0,0,0,0,4,1,1,6,1,11,1296,1,5,7,3
2013030002192,2,9,0,2,0,0,0,0,0,0,2,1,6,2,9,1998,1,7,6,3
2013030002197,1,9,0,6,0,0,0,0,0,0,3,1,2,1,9,1794,1,8,8,3
2013030002197,2,5,0,18,0,0,0,0,0,0,1,1,2,1,6,499,1,16,5,1
2013030002200,1,11,0,18,0,3,0,0,0,0,4,1,1,1,8,4462,2,3,1,1
2013030002201,1,9,0,18,0,0,2,0,1,9,1,1,2,1,6,1996,1,19,-1,3