Accident_Index,Vehicle_Reference,Vehicle_Type,Towing_and_Articulation,Vehicle_Manoeuvre,Vehicle_Location-Restricted_Lane,Junction_Location,Skidding_and_Overturning,Hit_Object_in_Carriageway,Vehicle_Leaving_Carriageway,Hit_Object_off_Carriageway,1st_Point_of_Impact,Was_Vehicle_Left_Hand_Drive?,Journey_Purpose_of_Driver,Sex_of_Driver,Age_Band_of_Driver,Engine_Capacity_(CC),Propulsion_Code,Age_of_Vehicle,Driver_IMD_Decile,Driver_Home_Area_Type
2013030002205,1,9,0,1,0,0,0,0,0,0,2,1,6,2,5,1796,1,8,8,2
2013030002206,1,5,0,18,0,0,0,0,1,0,3,1,6,1,9,650,1,15,5,3
2013030002206,2,17,4,18,0,0,0,0,0,0,3,1,1,1,7,6788,2,10,8,3
2013030002207,1,19,4,16,0,1,0,0,7,1,1,1,1,1,8,2300,2,10,4,2
2013030002208,1,1,0,5,0,6,0,0,0,0,1,1,4,2,3,-1,-1,-1,9,1
2013030002208,2,9,0,9,0,6,0,0,0,0,4,1,1,1,10,-1,-1,-1,7,1
2013030002209,1,21,0,17,0,0,1,0,0,4,1,1,1,1,9,11021,2,15,6,3
2013030002210,1,9,0,16,0,0,0,0,7,10,4,1,6,1,7,1598,1,11,5,1
2013030002211,1,9,0,18,0,0,0,0,0,0,0,1,6,1,9,1598,2,2,4,2
2013030002212,1,9,0,6,0,0,0,0,0,0,4,1,6,1,7,2495,2,14,1,1
2013030002212,2,5,0,18,0,0,1,0,0,0,1,1,6,1,7,599,1,10,9,3
2013030002213,1,9,0,18,0,2,0,0,0,0,4,1,6,3,6,-1,-1,-1,-1,-1
2013030002220,1,9,0,17,0,0,5,0,1,10,4,1,6,1,5,2993,2,7,-1,-1
2013030002225,1,9,0,9,0,1,2,7,1,10,4,1,6,1,5,1360,1,12,1,1
2013030002228,1,19,0,18,0,0,0,0,1,0,4,1,1,1,8,2198,2,3,2,1
2013030002228,2,21,1,18,0,0,0,0,0,0,1,1,1,1,8,12900,2,2,-1,-1
2013030002233,1,9,0,16,0,0,1,0,7,10,3,1,6,2,9,1991,2,10,8,2
2013030002236,1,1,0,18,0,0,1,0,1,10,1,1,6,1,8,-1,-1,-1,-1,-1
2013030002238,1,9,0,18,0,8,0,0,7,10,4,1,6,1,9,1596,1,4,8,3
2013030002238,2,3,0,9,0,8,5,0,0,0,1,1,6,1,5,50,1,2,6,3
2013030002240,1,9,0,17,0,2,0,0,0,0,1,1,6,1,9,1995,2,6,7,1
2013030002241,1,9,0,18,0,0,0,0,0,0,1,1,6,3,5,-1,-1,-1,-1,-1
2013030002242,1,9,0,9,0,8,0,0,0,0,4,1,6,1,4,1149,1,13,1,1
2013030002242,2,9,0,9,0,8,0,0,0,0,3,1,6,2,8,2148,2,3,7,1
2013030002243,1,2,0,18,0,1,0,0,0,0,0,1,6,2,9,49,1,4,5,1
2013030002249,1,2,0,18,9,8,0,4,7,0,1,1,6,1,4,-1,-1,-1,1,1
2013030002249,2,9,0,2,9,8,0,0,0,0,4,1,6,1,7,1586,1,8,-1,-1
2013030002250,1,9,0,5,0,0,0,0,0,0,1,1,6,2,9,-1,-1,-1,-1,-1
2013030002251,1,17,0,4,0,0,0,0,0,0,1,1,1,1,9,-1,2,20,7,3
2013030002251,2,9,0,3,0,0,0,0,0,0,2,1,6,1,8,1968,2,1,9,1
2013030002251,3,9,0,3,0,0,0,0,0,0,2,1,6,2,6,1997,2,6,5,1
2013030002261,1,9,0,6,0,0,0,0,0,0,1,1,6,1,10,1600,1,13,9,3
2013030002261,2,4,0,18,0,0,0,0,7,0,1,1,6,1,8,1000,1,11,9,3
2013030002263,1,9,0,18,0,7,0,0,0,0,0,1,6,2,6,1997,2,11,2,1
2013030002263,2,9,0,18,0,1,0,0,0,0,0,1,6,1,9,2987,2,3,1,1
2013030002263,3,9,0,18,0,1,0,0,1,7,2,1,6,1,6,1896,2,10,9,3
2013030002263,4,9,0,18,0,1,0,0,1,7,1,1,6,1,6,-1,-1,-1,6,3
2013030002264,1,5,0,16,0,0,5,0,0,0,1,1,6,1,9,1352,1,-1,6,1
2013030002264,2,9,0,17,0,0,0,0,0,0,1,1,6,1,8,1582,2,1,4,1
2013030002269,1,19,0,7,0,1,0,0,0,0,1,1,1,1,6,2295,7,9,1,1
2013030002269,2,1,0,18,4,1,0,0,0,0,1,1,2,1,7,-1,-1,-1,8,2
2013030002272,1,1,0,18,0,0,0,0,0,0,1,1,6,1,6,-1,-1,-1,5,1
2013030002272,2,19,0,2,0,0,0,0,0,0,1,1,6,3,-1,-1,-1,-1,5,1
2013030002274,1,9,0,4,0,1,1,0,7,10,1,1,6,1,4,-1,-1,-1,-1,-1
2013030002274,2,9,0,4,0,1,1,0,3,10,1,1,2,2,9,1796,1,19,3,3
2013030002275,1,9,0,9,0,1,0,0,0,0,4,1,6,1,5,1999,1,5,5,1
2013030002275,2,9,0,3,0,1,0,0,0,0,1,1,6,2,7,-1,-1,-1,7,3
2013030002278,1,9,0,7,0,3,0,0,0,0,1,1,6,1,5,1596,1,8,8,3
2013030002279,1,9,0,7,0,8,0,0,0,0,1,1,2,2,5,1149,1,6,4,1
2013030002280,1,21,1,18,0,0,5,4,1,4,1,1,1,1,7,12777,2,2,7,2
2013030002280,2,21,1,2,6,0,0,0,0,0,2,1,1,1,6,14190,2,15,6,1
2013030002281,1,9,0,17,0,0,5,0,0,10,4,1,6,1,6,1840,1,17,3,2
2013030002284,1,9,0,9,0,5,0,0,0,0,4,1,2,1,6,-1,-1,-1,-1,-1
2013030002284,2,1,0,18,9,2,0,0,0,0,1,1,2,1,7,-1,-1,-1,10,2
2013030002285,1,9,0,16,0,0,5,0,0,0,1,1,6,1,7,1124,1,13,7,3
2013030002286,1,9,0,16,0,0,0,0,0,0,1,1,6,1,11,1753,2,6,7,3
2013030002286,2,9,0,18,0,0,0,0,0,0,1,1,6,2,8,1296,1,7,6,3
2013030002288,1,9,0,5,0,6,0,0,0,0,1,1,2,1,9,2204,2,5,2,1
2013030002288,2,1,0,15,0,8,0,0,0,0,4,1,2,1,8,-1,-1,-1,4,2
2013030002294,1,9,0,16,0,0,0,0,0,10,1,1,6,1,4,1400,1,15,6,2
2013030002295,1,9,0,18,0,0,0,0,0,0,1,1,1,1,10,1798,2,-1,9,3
2013030002295,2,9,0,3,0,0,0,0,0,0,2,1,6,1,9,2993,2,9,7,3
2013030002297,1,9,0,18,0,6,0,0,0,0,4,1,1,1,6,-1,-1,-1,4,2
2013030002297,2,3,0,18,0,8,0,0,0,0,1,1,1,1,9,124,1,1,4,2
2013030002305,1,9,0,9,0,2,0,0,0,0,1,1,6,2,4,1399,2,3,6,3
2013030002308,1,9,0,16,0,0,1,0,7,10,4,1,6,2,4,1299,1,11,10,2
2013030002310,1,11,0,18,2,0,0,0,0,5,1,1,1,1,9,3900,2,9,5,1
2013030002315,1,19,0,16,0,0,0,0,0,0,1,1,1,1,5,2148,2,7,7,3
2013030002315,2,9,0,17,0,0,0,0,1,0,4,1,6,2,6,1997,2,4,6,3
2013030002316,1,9,0,17,0,1,1,0,0,0,3,1,6,1,4,1332,1,3,-1,-1
2013030002316,2,9,0,2,0,1,0,0,0,0,3,1,6,1,8,1834,1,13,-1,-1
2013030002316,3,9,0,2,0,1,0,0,0,0,3,1,6,2,9,1798,1,7,-1,-1
2013030002317,1,1,0,18,0,0,0,0,0,0,3,1,6,1,9,-1,-1,-1,-1,-1
2013030002317,2,9,0,18,0,0,0,0,0,0,1,1,1,1,7,1998,2,5,6,3
2013030002321,1,9,0,17,0,0,1,0,1,0,0,1,6,2,5,1149,1,9,-1,-1
2013030002322,1,19,0,18,0,1,0,0,0,0,0,1,6,3,-1,-1,-1,-1,-1,-1
2013030002322,2,2,0,18,0,1,1,0,0,0,0,1,6,1,4,49,1,12,2,1
2013030002324,1,9,0,3,0,1,0,0,0,0,4,1,6,1,5,1388,1,4,4,1
2013030002324,2,9,0,18,0,1,0,0,0,0,1,1,6,1,6,1984,1,4,2,1
2013030002325,1,19,0,18,0,0,0,0,1,10,1,1,1,1,6,2402,2,8,3,1
2013030002330,1,9,0,18,0,0,1,0,1,2,3,1,6,1,8,1997,2,12,4,1
2013030002333,1,9,0,5,0,1,0,0,0,0,1,1,6,3,-1,-1,-1,-1,-1,-1
2013030002336,1,9,0,18,0,0,1,0,7,9,3,1,6,1,4,1587,1,7,4,2
2013030002337,1,19,0,18,0,8,0,0,0,0,1,1,6,1,7,1560,2,3,8,1
2013030002340,1,9,0,17,0,0,5,0,2,4,1,1,6,1,5,1994,1,14,7,3
2013030002342,1,9,0,17,0,0,1,0,7,10,2,1,2,2,6,1199,1,11,4,1
2013030002344,1,9,0,18,0,8,0,0,0,0,1,1,6,1,7,3200,2,12,-1,-1
2013030002351,1,9,0,16,0,8,0,0,0,0,1,1,6,1,11,4163,1,6,7,1
2013030002351,2,5,0,17,0,8,0,0,1,0,1,1,6,1,8,1170,1,7,7,3
2013030002352,1,9,0,18,0,0,0,0,7,9,3,1,6,1,11,2664,2,10,5,3
2013030002353,1,9,0,18,0,0,0,4,7,0,1,1,6,1,6,1968,2,7,8,2
2013030002353,2,9,0,2,0,0,0,0,7,0,2,1,6,1,9,1994,1,6,7,1
2013030002354,1,1,0,9,0,6,0,0,0,0,4,1,6,2,9,-1,-1,-1,6,3
2013030002354,2,9,0,18,0,1,0,0,1,3,1,1,6,1,8,1587,1,11,4,2
2013030002355,1,1,0,18,0,1,0,0,0,0,1,1,4,1,3,-1,-1,-1,2,1
2013030002355,2,11,0,18,0,1,0,0,0,0,3,1,1,1,9,6871,2,14,7,1
2013030002356,1,19,0,9,0,5,0,0,0,0,1,1,1,1,8,2198,2,7,8,1
2013030002356,2,3,0,18,0,1,0,0,1,10,1,1,6,1,8,-1,-1,-1,5,1
2013030002357,1,9,0,9,0,2,0,0,0,0,1,1,6,1,7,998,1,6,10,1
2013030002358,1,9,0,17,0,0,1,0,5,4,1,2,6,1,9,3969,1,14,1,1
2013030002359,1,9,0,18,0,1,0,0,0,0,2,1,6,2,8,998,1,6,9,1
2013030002359,2,1,0,18,0,1,1,0,0,0,1,1,6,1,8,-1,-1,-1,10,2
2013030002360,1,9,0,18,0,0,0,11,0,0,1,1,6,1,6,1560,2,7,5,2
2013030002362,1,9,0,17,0,0,2,0,1,4,1,1,6,1,7,1997,2,6,2,1
2013030002362,2,19,0,18,0,0,1,0,0,7,2,1,1,1,7,1248,2,4,2,1
2013030002370,1,9,0,18,0,0,1,0,1,4,1,1,6,2,4,875,1,-1,6,3
2013030002373,1,9,0,18,0,1,0,0,0,0,1,1,1,1,7,-1,-1,-1,7,3
2013030002373,2,9,0,3,0,1,0,0,0,0,2,1,6,2,8,1490,1,4,6,3
2013030002373,3,9,0,10,0,1,0,0,0,0,2,1,6,1,10,1396,1,12,7,3
2013030002374,1,9,0,18,0,0,0,0,0,0,4,1,6,1,11,1461,2,1,9,1
2013030002374,2,1,0,18,0,0,0,0,0,0,2,1,6,1,8,-1,-1,-1,6,2
2013030002375,1,9,0,18,0,1,0,0,0,0,1,1,6,1,9,1896,2,9,-1,-1
2013030002375,2,20,0,10,0,1,0,0,7,10,3,1,1,1,7,4580,2,-1,5,1
2013030002376,1,9,0,12,0,0,0,0,0,0,3,1,2,1,5,-1,-1,-1,8,1
2013030002376,2,4,0,13,0,0,0,0,0,0,1,1,2,1,8,249,1,27,9,1
2013030002377,1,9,0,4,0,1,0,0,0,0,1,1,6,1,7,1968,2,8,5,3
2013030002377,2,9,0,4,0,1,0,0,0,0,2,1,6,2,5,1596,1,3,6,3
2013030002378,1,9,0,4,0,6,0,0,0,0,1,1,6,1,7,1248,2,5,3,1
2013030002379,1,9,0,18,0,5,0,0,7,4,1,1,2,2,4,1149,1,6,7,1
2013030002379,2,9,0,18,0,5,0,0,0,0,2,1,6,2,10,1399,2,3,7,2
2013030002380,1,9,0,16,0,0,2,0,0,0,1,1,6,2,6,1997,2,13,8,3
2013030002381,1,21,1,18,0,1,0,0,0,0,1,2,1,1,8,-1,-1,-1,-1,-1
2013030002381,2,19,0,3,0,1,0,0,0,0,2,1,1,1,7,2198,2,-1,-1,3
2013030002381,3,9,0,3,0,1,0,0,0,0,2,1,6,1,10,1398,1,-1,5,2
2013030002381,4,9,0,3,0,1,0,0,0,0,2,1,6,1,7,1596,1,11,5,1
2013030002382,1,9,0,2,0,1,0,0,0,0,3,1,3,1,7,1200,1,10,6,3
2013030002382,2,9,0,18,0,2,0,0,0,0,4,1,3,2,6,1198,1,4,6,3
2013030002383,1,9,0,18,0,0,2,0,1,4,1,1,6,1,7,1590,1,10,5,1
2013030002384,1,9,0,7,0,6,0,0,0,0,3,1,1,2,8,-1,-1,-1,1,2
2013030002384,2,10,0,18,0,8,0,0,0,0,4,1,1,1,5,-1,-1,-1,10,2
2013030002386,1,11,0,18,0,0,0,0,0,0,0,1,1,1,7,6871,2,4,7,3
2013030002388,1,9,0,16,0,0,2,0,7,10,1,1,6,1,10,998,1,-1,8,1
2013030002390,1,9,0,9,0,1,0,0,0,0,1,1,6,1,11,3996,1,13,3,1
2013030002390,2,1,0,18,0,1,0,0,0,0,3,1,6,1,8,-1,-1,-1,2,1
2013030002391,1,9,0,16,0,0,1,0,5,6,1,1,2,1,-1,1598,1,8,5,3
2013030002392,1,9,0,15,0,1,0,0,0,0,4,1,1,1,6,2993,2,1,5,1
2013030002392,2,9,0,18,0,1,0,0,0,0,3,1,1,2,6,2148,2,11,5,1
2013030002393,1,9,0,16,0,0,2,0,2,10,1,1,6,1,4,1124,1,12,10,2
2013030002394,1,9,0,13,0,0,0,0,0,0,0,1,6,3,6,1390,1,1,5,1
2013030002394,2,19,0,17,0,0,0,0,0,0,0,1,1,1,11,-1,2,13,5,3
2013030002394,3,9,0,16,0,0,1,0,1,10,1,1,2,1,5,1686,2,12,8,1
2013030002398,1,9,0,9,0,5,0,0,0,0,1,1,6,1,9,1988,1,13,1,3
2013030002398,2,9,0,18,0,1,1,0,0,0,1,1,6,1,9,1363,2,8,2,1
2013030002401,1,9,0,18,0,8,1,0,0,0,1,1,6,2,8,1560,2,3,3,3
2013030002401,2,9,0,18,0,8,1,0,7,10,1,1,6,1,9,2685,2,11,7,3
2013030002404,1,9,0,16,0,0,5,10,7,3,1,1,6,2,11,-1,-1,-1,9,3
2013030002407,1,9,0,5,0,3,0,0,0,0,3,1,6,3,-1,-1,-1,-1,-1,-1
2013030002407,2,1,0,4,4,1,0,0,0,0,1,1,6,1,8,-1,-1,-1,3,1
2013030002408,1,9,0,1,0,0,0,0,0,0,2,1,6,3,-1,-1,-1,-1,-1,-1
2013030002409,1,9,0,17,0,1,5,0,1,9,4,1,6,1,4,1527,2,12,3,1
2013030002410,1,9,0,18,0,0,0,0,0,0,1,1,1,1,9,2460,2,17,10,1
2013030002410,2,9,0,18,0,0,0,0,0,0,2,1,1,1,8,1560,2,1,6,3
2013030002412,1,9,0,7,0,1,0,0,0,0,1,1,6,1,6,1328,1,6,8,1
2013030002412,2,9,0,7,0,1,0,0,0,0,2,1,6,2,8,1364,1,3,8,1
2013030002416,1,20,0,18,9,0,0,0,7,0,1,1,6,1,5,-1,-1,-1,1,1
2013030002417,1,9,0,9,0,5,0,0,0,0,4,1,1,1,9,1229,1,8,8,3
2013030002417,2,1,0,18,0,1,0,0,0,0,1,1,1,2,6,-1,-1,-1,8,1
2013030002418,1,9,0,18,0,8,0,0,0,0,3,1,6,1,5,1422,2,11,6,1
2013030002418,2,9,0,18,0,8,0,0,0,0,1,1,6,1,5,1229,1,5,6,1
2013030002419,1,9,0,18,0,0,0,0,0,0,1,1,6,1,9,1596,1,2,6,2
2013030002419,2,9,0,18,0,0,0,0,1,10,1,1,6,2,9,1951,2,7,7,3
2013030002420,1,9,0,17,0,0,0,0,7,10,1,1,6,1,6,-1,-1,-1,8,3
2013030002421,1,20,0,9,0,7,0,0,0,0,4,1,1,1,8,-1,-1,-1,5,1
2013030002421,2,90,0,18,0,7,0,0,0,0,1,1,6,1,5,-1,-1,-1,1,1
2013030002422,1,9,0,18,0,0,0,0,0,0,1,1,6,2,8,1399,2,8,-1,-1
2013030002422,2,9,0,18,0,0,0,0,0,0,1,1,6,1,10,1796,1,12,2,1
2013030002423,1,19,0,16,0,0,0,0,0,0,4,1,1,1,9,2298,2,1,8,3
2013030002424,1,9,0,18,7,0,0,0,0,0,4,1,6,1,9,1598,2,7,9,2
2013030002438,1,9,0,9,0,2,0,0,0,0,1,1,3,2,8,1587,1,6,10,1
2013030002439,1,9,0,18,0,0,0,0,0,0,1,1,3,1,7,2495,1,12,-1,-1
2013030002440,1,9,0,18,0,0,0,0,0,0,1,1,6,2,6,1242,1,-1,5,1
2013030002442,1,9,0,18,0,0,2,10,2,10,3,1,6,1,4,1598,1,14,3,2
2013030002443,1,9,0,14,0,0,2,0,0,0,1,1,1,1,6,-1,-1,-1,-1,3
2013030002443,2,21,1,18,0,0,0,0,0,0,2,1,1,1,8,11705,2,7,8,2
2013030002444,1,9,0,17,0,0,0,0,0,0,4,1,6,1,11,1124,1,11,-1,-1
2013030002444,2,1,0,17,0,0,0,0,0,0,0,1,6,2,9,-1,-1,-1,6,3
2013030002457,1,9,0,4,0,2,0,0,0,0,1,1,6,1,5,1198,1,7,3,1
2013030002457,2,17,0,3,0,2,0,0,0,0,2,1,6,1,6,448,1,2,4,1
2013030002458,1,5,0,16,0,0,5,0,7,7,1,1,6,1,7,645,1,13,7,3
2013030002459,1,9,0,9,0,8,0,0,0,0,1,1,6,1,5,1341,1,10,3,3
2013030002459,2,9,0,18,0,8,0,0,0,0,1,1,6,2,4,1490,1,7,6,1
2013030002460,1,1,0,18,0,1,0,0,0,0,1,1,6,1,5,-1,-1,-1,3,1
2013030002460,2,9,0,7,0,1,0,0,0,0,3,1,1,1,6,1598,2,1,-1,2
2013030002462,1,9,0,18,0,0,0,0,0,0,4,1,6,3,-1,-1,-1,-1,-1,-1
2013030002479,1,11,0,18,0,0,0,0,0,0,1,1,1,1,8,6871,2,5,4,1
2013030002482,1,9,0,4,0,0,1,0,0,0,1,1,2,1,4,999,1,14,4,2
2013030002482,2,5,0,4,0,0,0,0,0,0,2,1,2,1,4,599,1,7,5,1
2013030002482,3,8,0,16,0,0,0,0,0,0,1,1,1,1,7,1910,2,5,8,2
2013030002483,1,9,0,9,0,5,0,0,0,0,1,1,6,2,5,998,1,14,5,3
2013030002483,2,1,0,4,0,8,0,0,0,0,1,1,1,1,8,-1,-1,-1,9,3
2013030002485,1,19,0,17,0,1,0,0,0,0,1,1,6,1,8,2402,2,10,5,1
2013030002485,2,21,1,18,0,1,0,0,0,0,2,1,1,1,8,12740,2,-1,3,1
2013030002487,1,90,0,7,0,6,0,0,0,0,1,1,6,1,9,-1,-1,-1,6,1
2013030002487,2,90,0,18,0,8,0,0,0,0,1,1,6,1,7,-1,-1,-1,6,3
2013030002496,1,4,0,13,0,0,0,0,0,0,0,1,2,1,8,1137,1,9,-1,-1
2013030002496,2,21,4,18,0,0,0,0,0,0,1,1,1,1,7,12777,2,5,-1,-1
2013030002497,1,9,0,18,0,4,2,10,3,10,1,1,2,1,6,1956,2,-1,9,3
2013030002498,1,9,0,5,0,6,0,0,0,0,3,1,6,2,6,1997,2,4,6,3
2013030002498,2,9,0,18,0,1,0,0,0,0,3,1,6,2,11,1986,1,22,6,3
2013030002500,1,9,0,18,0,8,2,0,1,4,2,1,6,2,8,2987,2,2,8,3
2013030002501,1,9,0,16,0,8,0,0,0,0,3,1,6,1,9,1493,1,54,4,2
2013030002501,2,9,0,17,0,8,0,0,0,0,3,1,6,2,9,1560,2,-1,7,3
2013030002502,1,9,0,4,0,8,0,0,1,0,3,1,6,2,11,1598,1,1,6,3
2013030002502,2,9,0,18,0,8,0,0,0,0,1,1,2,2,8,1242,1,5,2,1
2013030002504,1,9,0,18,0,8,1,0,0,0,1,1,1,1,7,1989,1,9,5,2
2013030002504,2,9,0,3,0,1,0,0,0,0,2,1,6,1,9,1242,1,-1,-1,-1
2013030002504,3,9,0,3,0,1,0,0,0,0,2,1,6,1,7,1198,1,1,2,1
2013030002505,1,9,0,18,0,0,0,0,0,2,1,1,6,1,11,1390,1,1,9,1
2013030002506,1,9,0,18,0,1,1,0,0,0,1,1,1,1,5,998,1,4,7,3
2013030002506,2,9,0,3,0,1,0,0,0,0,2,1,1,1,8,1360,1,12,4,2
2013030002506,3,9,0,9,0,1,0,0,0,0,2,1,6,1,10,1598,2,-1,5,2
2013030002507,1,9,0,18,0,0,0,0,1,0,1,1,6,1,7,1800,1,13,9,1
2013030002508,1,19,0,16,0,0,0,0,7,10,1,1,6,1,9,2400,2,11,1,1
2013030002509,1,9,0,18,0,0,1,0,0,0,1,1,2,2,5,1596,1,6,-1,3
2013030002511,1,9,0,18,0,0,0,0,0,0,4,1,6,3,5,-1,-1,-1,-1,-1
2013030002511,2,1,0,18,0,0,0,0,1,0,3,1,6,1,7,-1,-1,-1,7,3
2013030002511,3,9,0,18,0,0,0,0,0,0,1,1,6,1,7,1968,2,1,-1,-1
2013030002513,1,9,0,17,0,0,0,0,0,0,3,1,6,1,6,1988,1,10,8,1
2013030002513,2,9,0,16,0,0,0,0,0,0,4,1,6,2,7,1910,2,15,6,1
2013030002520,1,9,0,11,0,0,0,0,1,0,1,1,6,1,5,998,1,16,4,3
2013030002520,2,21,0,18,0,0,0,0,0,0,2,1,1,1,7,2998,2,-1,3,1
2013030002522,1,9,0,18,0,1,0,0,1,0,1,1,2,2,4,1242,1,6,7,3
2013030002522,2,9,0,3,0,1,0,0,0,0,2,1,3,1,8,1598,2,-1,7,1
2013030002524,1,9,0,18,0,1,1,11,0,10,2,1,6,1,8,1997,2,14,5,3
2013030002525,1,9,0,5,0,4,0,0,0,0,1,1,6,1,8,1896,2,10,4,1
2013030002525,2,3,0,5,0,4,0,0,0,0,2,1,6,1,8,123,1,31,3,1
2013030002525,3,9,0,5,0,4,0,0,0,0,2,1,6,2,7,973,1,11,6,1
2013030002527,1,9,0,18,0,0,0,0,0,0,1,1,6,1,4,1108,1,9,7,3
2013030002527,2,9,0,18,0,0,0,0,0,0,1,1,6,1,6,-1,-1,-1,-1,-1
2013030002528,1,9,0,9,0,1,0,0,0,0,1,1,6,2,7,1242,1,4,9,1
2013030002528,2,9,0,18,0,1,0,0,0,0,1,1,6,2,7,1986,1,3,8,1
2013030002530,1,9,0,16,0,0,5,0,1,10,1,1,6,1,4,1997,2,12,2,1
2013030002532,1,9,0,18,0,1,0,0,0,0,4,1,6,2,8,1248,1,3,-1,-1
2013030002532,2,9,0,18,0,1,0,0,0,0,1,1,6,1,8,1905,2,15,-1,-1
2013030002533,1,9,0,18,0,3,0,0,0,0,2,1,1,1,8,2993,2,2,8,3
2013030002533,2,1,0,18,0,3,0,0,0,0,1,1,6,1,7,-1,-1,-1,5,2
2013030002538,1,9,0,18,0,0,5,0,8,0,1,1,6,2,10,1995,2,2,-1,3
2013030002543,1,9,0,17,0,0,0,0,0,0,1,1,6,1,6,1783,1,11,2,1
2013030002543,2,9,0,16,0,0,0,0,1,0,1,1,2,2,8,1900,2,8,7,1
2013030002545,1,9,0,6,0,7,0,0,0,0,3,1,6,2,6,1149,1,9,7,3
2013030002545,2,9,0,18,0,8,0,0,0,0,1,1,1,1,8,-1,-1,-1,6,2
2013030002548,1,9,0,14,0,8,0,0,0,0,1,1,6,1,9,-1,-1,-1,9,3
2013030002548,2,10,0,4,0,8,0,0,0,0,0,1,1,1,10,-1,-1,-1,6,3
2013030002549,1,9,0,9,0,6,0,0,0,0,1,1,2,1,6,1396,1,9,8,1
2013030002549,2,9,0,18,0,1,0,0,7,0,1,1,6,2,7,1339,8,6,3,2
2013030002550,1,9,0,18,0,0,0,0,0,0,4,1,2,1,7,1332,1,16,9,1
2013030002551,1,21,1,9,0,8,0,0,0,0,3,1,6,3,-1,-1,-1,-1,-1,-1
2013030002551,2,9,0,18,0,8,0,0,0,0,4,1,1,2,10,1086,1,6,2,1
2013030002552,1,9,0,18,0,0,0,4,0,0,1,1,6,1,6,1997,1,12,2,1
2013030002552,2,9,0,2,0,0,0,0,0,0,1,1,6,1,6,1968,2,8,3,2
2013030002553,1,9,0,9,0,5,0,0,0,0,3,1,6,2,6,1149,1,10,1,1
2013030002553,2,9,0,18,0,8,0,0,0,0,3,1,1,2,8,1798,1,6,4,1
2013030002554,1,9,0,9,0,2,0,0,0,0,0,1,6,1,5,1997,2,10,3,1
2013030002555,1,9,0,1,0,0,0,0,0,0,2,1,6,2,5,3199,1,12,4,2
2013030002555,2,9,0,3,0,0,0,0,0,0,1,1,6,2,5,973,1,13,4,2
2013030002556,1,9,0,4,0,1,0,0,0,0,1,1,1,1,7,1685,2,-1,-1,1
2013030002556,2,21,4,3,0,1,0,0,0,0,2,1,1,1,7,8970,2,7,4,1
2013030002559,1,9,0,5,0,6,0,0,0,0,1,1,6,2,5,998,1,5,8,1
2013030002559,2,9,0,5,0,1,0,0,0,0,4,1,6,1,8,1910,2,9,1,1
2013030002563,1,9,0,18,0,0,0,0,0,0,4,1,1,2,6,1896,2,10,6,3
2013030002570,1,9,0,9,0,5,0,0,0,0,4,1,6,2,4,1149,1,12,6,2
2013030002570,2,1,0,18,0,1,0,0,0,0,1,1,6,1,6,-1,-1,-1,-1,1
2013030002580,1,9,0,18,0,0,0,0,0,0,0,1,6,1,9,2393,1,2,6,3
2013030002580,2,9,0,18,0,0,0,0,0,0,0,1,6,1,9,1896,2,9,-1,-1
2013030002581,1,9,0,16,0,0,1,0,7,10,1,1,2,1,6,1396,1,10,-1,-1
2013030002582,1,9,0,5,0,4,0,0,0,0,1,1,6,1,8,1997,1,9,1,1
2013030002582,2,9,0,18,0,3,0,0,0,0,4,1,6,2,7,1998,1,13,1,1
2013030002594,1,9,0,4,0,1,1,0,0,0,1,1,6,2,6,1299,1,10,3,2
2013030002594,2,9,0,3,0,1,0,0,0,0,2,1,6,1,7,1968,2,5,-1,-1
2013030002595,1,9,0,18,0,0,0,0,0,0,1,1,6,1,9,1360,1,16,2,1
2013030002595,2,9,0,2,0,0,0,0,0,0,4,1,6,1,-1,998,1,13,3,1
2013030002595,3,9,0,2,0,0,0,0,0,0,3,1,6,3,-1,1398,1,-1,-1,-1
2013030002595,4,9,0,18,0,0,0,0,0,0,0,1,6,2,6,998,1,5,-1,-1
2013030002599,1,9,0,1,0,2,0,0,0,0,2,1,6,1,4,998,1,-1,4,1
2013030002599,2,1,0,17,0,1,0,0,0,0,4,1,6,1,6,-1,-1,-1,-1,-1
2013030002600,1,9,0,18,0,0,0,0,7,4,1,1,6,2,10,1242,1,5,7,3
2013030002601,1,9,0,8,0,1,0,0,0,0,3,1,6,2,9,1399,2,2,1,1
2013030002601,2,3,0,18,0,1,0,0,0,0,1,1,6,1,4,124,1,5,8,1
2013030002602,1,9,0,12,0,1,0,0,0,0,1,1,6,2,4,1229,1,-1,8,1
2013030002603,1,1,0,9,0,1,0,0,0,0,3,1,2,1,8,-1,-1,-1,1,1
2013030002603,2,19,0,3,0,1,0,0,0,0,1,1,1,1,8,1995,2,2,5,1
2013030002615,1,9,0,9,0,5,0,0,0,0,2,1,6,1,9,1968,2,1,-1,-1
2013030002615,2,9,0,18,0,8,0,0,0,0,1,1,6,2,6,1595,1,11,9,1