Accident_Index,Vehicle_Reference,Vehicle_Type,Towing_and_Articulation,Vehicle_Manoeuvre,Vehicle_Location-Restricted_Lane,Junction_Location,Skidding_and_Overturning,Hit_Object_in_Carriageway,Vehicle_Leaving_Carriageway,Hit_Object_off_Carriageway,1st_Point_of_Impact,Was_Vehicle_Left_Hand_Drive?,Journey_Purpose_of_Driver,Sex_of_Driver,Age_Band_of_Driver,Engine_Capacity_(CC),Propulsion_Code,Age_of_Vehicle,Driver_IMD_Decile,Driver_Home_Area_Type
2013030002616,1,9,0,18,0,1,0,0,0,0,1,1,6,2,9,1591,1,3,8,1
2013030002616,2,9,0,3,0,1,0,0,0,0,2,1,6,2,4,1397,1,3,9,1
2013030002617,1,9,0,9,0,8,0,0,0,0,1,1,6,1,10,1598,1,8,8,1
2013030002617,2,9,0,4,0,8,0,0,0,0,2,1,6,1,5,1242,1,5,3,1
2013030002618,1,9,0,9,0,4,0,0,7,0,4,1,6,1,5,1596,1,12,2,2
2013030002618,2,9,0,18,0,4,0,0,0,0,4,1,6,3,6,-1,-1,-1,-1,-1
2013030002620,1,9,0,18,9,0,0,0,1,0,1,1,6,1,6,-1,-1,-1,3,1
2013030002621,1,9,0,5,0,6,0,0,0,0,0,1,6,3,-1,-1,-1,-1,-1,-1
2013030002621,2,11,0,18,0,1,0,0,0,0,0,1,1,1,8,8268,2,8,4,2
2013030002623,1,9,0,17,0,0,1,0,0,0,1,1,1,1,9,1994,2,16,3,2
2013030002623,2,9,4,16,0,0,0,0,0,0,1,1,1,1,7,2402,2,6,5,3
2013030002624,1,9,0,17,0,0,0,0,0,0,3,1,1,1,6,-1,-1,-1,2,1
2013030002624,2,21,1,16,0,0,0,0,0,0,3,1,1,1,9,10518,2,2,3,1
2013030002624,3,19,0,18,0,0,0,0,0,0,1,1,1,2,6,2402,2,8,8,1
2013030002624,4,9,0,18,0,0,0,0,0,0,1,1,1,1,9,1995,2,2,8,3
2013030002624,5,21,1,18,6,0,0,0,0,0,3,1,1,1,8,-1,-1,-1,1,1
2013030002628,1,9,0,18,0,0,0,0,0,0,1,1,6,2,6,1598,2,2,-1,-1
2013030002632,1,9,0,3,0,1,0,0,0,0,1,1,6,2,10,1560,2,2,7,3
2013030002632,2,9,0,3,0,1,0,0,0,0,2,1,1,1,8,2179,2,4,4,1
2013030002633,1,9,0,13,0,0,0,0,0,0,0,1,6,3,-1,-1,-1,-1,-1,-1
2013030002633,2,9,0,18,0,0,0,0,2,9,4,1,6,1,5,1560,2,6,6,3
2013030002633,3,9,0,18,0,0,0,0,0,0,1,1,1,1,7,-1,-1,-1,4,2
2013030002634,1,9,0,18,0,0,0,0,0,0,1,1,2,1,5,1199,1,14,6,1
2013030002634,2,9,0,2,0,0,0,0,0,0,2,1,6,1,11,1896,2,10,3,1
2013030002641,1,9,0,5,0,6,0,0,0,0,1,1,6,2,6,1994,1,11,6,3
2013030002641,2,9,0,5,0,8,0,0,0,0,3,1,6,1,9,1399,2,3,7,3
2013030002646,1,9,0,4,0,0,5,10,0,0,3,1,6,2,8,-1,-1,-1,5,3
2013030002647,1,9,0,4,0,1,1,0,0,0,1,1,1,1,5,-1,-1,-1,2,1
2013030002647,2,19,0,4,0,1,0,0,0,0,2,1,1,1,5,2999,2,8,2,2
2013030002648,1,9,0,18,0,1,0,0,0,0,4,1,6,3,-1,-1,-1,-1,-1,-1
2013030002652,1,9,0,3,0,1,0,0,0,0,1,1,1,1,10,1968,2,5,7,3
2013030002652,2,1,0,18,0,1,5,0,0,0,4,1,2,1,8,-1,-1,-1,3,2
2013030002653,1,9,0,11,0,1,0,0,0,0,3,1,6,1,10,2199,2,-1,7,3
2013030002655,1,9,0,18,0,1,0,0,0,0,1,1,6,3,6,-1,-1,-1,-1,-1
2013030002655,2,1,0,18,0,1,0,0,0,0,2,1,6,1,4,-1,-1,-1,9,3
2013030002658,1,9,0,18,0,0,0,0,0,0,4,1,6,3,-1,-1,-1,-1,-1,-1
2013030002660,1,9,0,4,0,1,0,0,0,0,1,1,6,2,6,1397,1,12,9,3
2013030002660,2,9,0,4,0,1,0,0,0,0,2,1,1,1,6,1797,8,2,7,1
2013030002660,3,9,0,4,0,1,0,0,0,0,2,1,1,1,6,1560,2,3,10,1
2013030002663,1,9,0,18,0,2,0,0,0,0,1,1,2,1,7,1493,2,5,4,1
2013030002664,1,9,0,18,0,0,0,0,0,0,4,1,6,3,6,-1,-1,-1,-1,-1
2013030002665,1,9,0,18,0,0,0,0,0,0,1,1,6,1,11,1299,1,12,9,1
2013030002665,2,9,0,18,0,0,0,0,0,0,1,1,6,1,4,1560,2,6,10,1
2013030002665,3,9,0,18,0,0,0,0,0,0,2,1,6,1,5,1984,1,7,10,1
2013030002666,1,9,0,18,0,0,0,0,0,0,4,1,3,2,6,1198,1,9,3,2
2013030002666,2,9,0,5,0,0,0,0,0,0,3,1,6,2,4,1399,2,5,-1,-1
2013030002667,1,9,0,13,0,1,0,0,0,0,3,1,6,1,7,998,1,6,1,1
2013030002667,2,9,0,13,0,1,2,0,1,0,4,1,6,1,6,1968,2,-1,1,1
2013030002669,1,9,0,15,0,1,0,0,0,0,1,1,6,1,6,1997,2,11,4,1
2013030002670,1,9,0,2,0,1,0,0,0,0,0,1,6,1,7,1781,1,12,-1,-1
2013030002672,1,9,0,4,0,1,0,0,0,0,1,1,6,2,9,1995,2,12,9,1
2013030002672,2,9,0,3,0,1,0,0,0,0,2,1,6,1,4,1968,2,-1,6,2
2013030002680,1,20,0,3,0,1,0,0,0,0,2,1,1,1,8,4500,2,5,-1,-1
2013030002680,2,11,0,5,0,1,0,0,0,0,2,1,1,1,8,6871,2,15,4,2
2013030002693,1,4,0,18,0,2,0,0,0,0,1,1,6,1,7,249,1,23,-1,-1
2013030002694,1,9,0,18,0,0,0,0,0,0,1,1,1,2,6,1229,1,-1,-1,-1
2013030002694,2,9,0,18,0,0,0,0,0,0,1,1,1,1,11,1248,2,7,-1,-1
2013030002695,1,9,0,18,0,3,1,0,0,0,1,1,6,1,5,1390,1,12,5,2
2013030002695,2,9,0,18,0,5,0,0,0,0,3,1,6,1,11,1242,1,8,7,3
2013030002699,1,9,0,4,0,0,0,0,0,0,2,1,2,2,6,1870,2,10,4,1
2013030002699,2,9,0,4,0,0,0,0,0,0,2,1,2,2,4,1198,1,1,4,1
2013030002699,3,9,0,4,0,0,0,0,0,0,2,1,2,2,8,1360,1,6,5,2
2013030002704,1,9,0,7,0,1,0,0,0,0,1,1,6,2,9,1198,1,3,7,1
2013030002704,2,4,0,18,0,1,0,0,0,0,4,1,6,1,8,124,1,-1,9,1
2013030002705,1,9,0,18,0,0,5,0,1,10,1,1,1,2,4,1124,1,12,-1,-1
2013030002708,1,9,0,16,0,0,1,0,7,10,3,1,6,1,7,1560,2,3,7,3
2013030002708,2,9,0,17,0,0,0,0,0,0,4,1,6,1,9,2993,2,2,-1,-1
2013030002714,1,9,0,17,0,0,5,0,8,10,3,1,2,2,4,1229,1,3,6,3
2013030002715,1,9,0,18,0,0,0,0,0,0,1,1,3,2,6,1360,1,9,-1,-1
2013030002715,2,9,0,18,0,0,0,0,0,0,2,1,6,1,8,1390,1,1,3,1
2013030002716,1,9,0,18,0,1,0,0,0,0,1,1,2,1,4,-1,-1,-1,5,3
2013030002716,2,9,0,4,0,1,0,0,0,0,2,1,1,2,4,-1,-1,-1,5,3
2013030002717,1,9,0,18,0,0,0,0,0,0,1,1,6,1,10,1198,1,3,10,2
2013030002717,2,9,0,18,0,0,0,0,1,0,1,1,6,1,8,1124,1,2,8,2
2013030002719,1,9,0,17,0,0,2,0,8,10,1,1,2,1,8,1461,2,9,5,3
2013030002720,1,9,0,7,0,3,0,0,0,0,1,1,6,2,11,1242,1,4,2,1
2013030002720,2,1,0,18,0,8,0,0,0,0,3,1,6,2,7,-1,-1,-1,2,1
2013030002722,1,9,0,18,0,1,0,0,0,0,1,1,6,2,6,-1,-1,-1,-1,-1
2013030002722,2,9,0,3,0,2,0,0,0,0,2,1,6,2,6,998,1,7,5,2
2013030002726,1,9,0,18,0,0,5,4,0,0,1,1,6,2,9,1086,1,7,5,1
2013030002726,2,9,0,2,0,0,0,0,0,0,4,1,6,1,6,1386,1,6,5,1
2013030002727,1,9,0,17,0,0,2,6,1,9,1,1,6,1,5,1149,1,11,5,1
2013030002728,1,9,0,18,0,0,0,11,0,0,1,1,6,2,8,1399,1,4,7,3
2013030002729,1,9,0,18,0,0,0,11,0,0,1,1,6,2,7,1968,2,7,7,3
2013030002730,1,9,0,18,0,0,5,0,1,10,1,1,6,2,6,1242,1,2,-1,-1
2013030002731,1,9,0,18,0,1,0,0,1,0,1,1,6,2,9,1198,1,4,7,3
2013030002731,2,9,0,4,0,1,0,0,1,0,3,1,6,1,8,1796,1,12,4,1
2013030002732,1,9,0,9,0,1,0,0,0,0,3,1,6,2,10,1998,1,8,7,3
2013030002732,2,9,0,18,0,1,0,0,0,0,1,1,6,2,8,1598,1,11,6,1
2013030002734,1,9,0,13,0,0,0,0,7,0,1,1,1,1,7,1995,2,1,9,3
2013030002734,2,9,0,18,0,0,0,0,0,0,0,1,6,1,9,1896,2,15,2,1
2013030002734,3,9,0,18,0,0,0,0,1,0,1,1,6,1,7,1995,2,1,6,3
2013030002738,1,9,0,7,0,8,0,0,0,0,4,1,6,1,6,1781,1,11,2,2
2013030002740,1,9,0,9,0,1,0,0,0,0,1,1,6,1,11,1296,1,5,6,3
2013030002740,2,9,0,18,0,1,0,0,0,0,1,1,6,2,6,1796,1,7,1,1
2013030002742,1,9,0,18,0,1,0,0,0,0,1,1,6,1,6,-1,-1,-1,-1,-1
2013030002742,2,9,0,4,0,1,0,0,0,0,2,1,6,1,10,1968,2,2,7,1
2013030002752,1,9,0,3,0,0,0,0,0,0,1,1,1,1,6,1998,2,9,1,2
2013030002752,2,9,0,3,0,0,0,0,0,0,2,1,1,2,6,1995,2,2,4,1
2013030002753,1,8,0,5,0,0,0,0,0,0,0,1,1,2,9,1910,2,4,5,3
2013030002754,1,9,0,18,0,0,2,0,1,0,4,1,6,1,5,1398,2,7,-1,1
2013030002755,1,9,0,16,0,2,0,0,0,0,1,1,6,2,8,1242,1,1,-1,-1
2013030002759,1,8,0,9,0,5,0,0,0,0,1,1,6,1,8,1997,2,4,6,2
2013030002759,2,9,0,18,0,2,0,0,0,0,1,1,6,2,7,1596,1,12,7,3
2013030002760,1,9,0,18,0,0,0,4,0,0,1,1,6,1,7,1995,2,2,7,3
2013030002760,2,9,0,2,0,0,0,0,0,0,2,1,6,1,8,698,1,8,7,3
2013030002773,1,11,0,18,0,0,0,0,0,0,0,1,1,1,6,-1,2,13,6,2
2013030002775,1,9,0,7,0,5,0,0,0,0,4,1,6,2,7,1968,2,2,6,1
2013030002779,1,2,0,18,0,0,0,0,0,0,1,1,2,1,4,49,1,7,6,3
2013030002780,1,9,0,7,0,1,0,0,0,0,1,1,1,2,7,-1,-1,-1,5,3
2013030002780,2,9,0,18,0,1,0,0,0,0,1,1,1,2,7,1461,2,5,9,2
2013030002781,1,9,0,18,0,0,0,4,0,0,1,1,6,3,-1,1796,1,5,-1,-1
2013030002781,2,9,0,4,0,0,0,0,0,0,2,1,6,2,9,1360,1,6,-1,3
2013030002781,3,20,0,4,0,0,0,0,0,0,2,1,1,1,8,2300,2,9,-1,-1
2013030002785,1,19,0,18,0,0,0,0,0,0,2,1,1,1,7,2198,2,-1,7,3
2013030002785,2,17,4,18,0,0,0,0,0,0,2,1,1,1,7,-1,2,8,7,3
2013030002786,1,8,0,17,0,0,0,0,0,0,4,1,1,1,6,1995,2,5,7,1
2013030002791,1,90,2,18,0,2,0,0,0,0,3,1,1,1,9,1995,2,20,8,2
2013030002791,2,1,0,18,0,2,0,0,0,0,4,1,6,1,6,-1,-1,-1,-1,1
2013030002792,1,9,0,18,0,0,0,0,0,0,4,1,6,2,9,1598,1,8,7,3
2013030002794,1,9,0,18,0,0,0,0,0,0,1,1,6,2,6,2688,2,12,-1,-1
2013030002794,2,9,0,3,0,0,0,0,0,0,2,1,6,2,7,1598,2,-1,6,1
2013030002796,1,9,0,18,0,0,0,0,0,0,1,1,6,1,10,1560,2,7,6,2
2013030002797,1,9,0,13,0,0,2,0,1,9,4,1,6,1,4,1596,1,10,8,1
2013030002798,1,19,0,17,0,0,0,0,0,0,1,1,1,1,9,1753,2,1,10,1
2013030002798,2,9,0,16,0,0,0,0,0,0,1,1,6,2,9,1596,1,2,10,2
2013030002799,1,9,0,17,0,0,5,0,0,0,3,1,6,1,9,1998,2,10,3,1
2013030002800,1,9,0,9,0,8,0,0,0,0,1,1,6,2,6,1390,1,7,10,1
2013030002800,2,3,0,18,0,8,5,0,0,0,1,1,6,1,5,125,1,-1,1,1
2013030002801,1,19,0,18,0,0,5,0,0,0,4,1,1,1,8,2148,2,9,4,1
2013030002802,1,9,0,18,0,0,0,0,0,0,1,1,6,1,10,1995,2,-1,1,2
2013030002802,2,9,0,2,0,0,0,0,1,0,2,1,6,2,8,1968,2,8,2,2
2013030002804,1,9,0,18,0,8,0,0,0,0,1,1,6,2,11,1389,1,16,6,1
2013030002804,2,9,0,18,0,8,0,0,0,0,3,1,6,2,6,1796,1,6,2,1
2013030002805,1,9,0,3,0,1,0,0,0,0,1,1,6,2,10,1686,2,1,8,1
2013030002805,2,9,0,3,0,1,0,0,0,0,2,1,6,1,8,2179,2,3,8,1
2013030002806,1,9,0,18,0,1,0,0,0,0,3,1,6,1,5,1587,1,14,1,1
2013030002806,2,9,0,3,0,1,0,0,0,0,1,1,6,1,11,1339,1,5,9,1
2013030002807,1,9,0,18,0,0,0,0,0,0,1,1,6,1,10,1998,2,11,1,1
2013030002808,1,9,0,18,0,1,0,0,0,0,1,1,6,3,-1,-1,-1,-1,-1,-1
2013030002808,2,9,0,18,0,1,0,0,0,0,2,1,6,1,8,1794,1,8,9,1
2013030002809,1,9,0,17,0,0,0,0,1,4,4,1,2,1,6,1149,1,12,-1,-1
2013030002810,1,9,0,9,0,6,0,0,0,0,4,1,1,1,8,1998,1,11,6,1
2013030002810,2,10,0,18,0,8,0,0,0,0,0,1,6,1,6,-1,-1,-1,5,1
2013030002811,1,9,0,9,0,8,0,0,0,0,1,1,6,1,7,1149,1,1,-1,-1
2013030002812,1,9,0,5,0,1,0,0,0,0,1,1,6,1,5,1896,2,6,6,3
2013030002812,2,9,0,17,0,1,0,0,7,0,1,1,6,2,9,1998,1,7,7,3
2013030002813,1,21,1,18,0,1,1,0,0,0,1,1,1,1,7,10518,2,6,5,1
2013030002813,2,9,0,10,0,1,0,0,0,0,2,1,6,1,7,-1,-1,-1,-1,-1
2013030002814,1,9,0,7,0,6,1,0,1,5,1,1,1,2,6,-1,-1,-1,8,3
2013030002814,2,1,0,18,0,8,0,0,0,0,1,1,6,1,6,-1,-1,-1,6,3
2013030002823,1,9,0,18,0,1,0,0,0,0,1,1,1,1,6,1560,2,-1,4,1
2013030002823,2,9,0,9,0,5,0,0,0,0,2,1,6,1,7,-1,-1,-1,2,1
2013030002831,1,9,3,18,0,0,4,0,0,0,1,1,6,1,8,2495,2,10,2,1
2013030002837,1,9,0,5,0,0,0,0,0,0,0,1,6,1,5,1242,1,3,4,3
2013030002838,1,9,0,4,0,1,0,0,0,0,1,1,3,2,6,1364,1,4,1,1
2013030002838,2,9,0,2,0,1,0,0,0,0,2,1,3,2,7,1299,1,12,3,1
2013030002842,1,5,0,18,0,0,2,0,7,0,4,1,6,1,8,599,1,6,1,2
2013030002845,1,17,0,9,0,8,0,0,1,0,1,1,1,1,5,6728,2,3,8,3
2013030002845,2,9,0,18,0,8,0,0,0,0,1,1,6,1,9,2495,2,10,9,1
2013030002848,1,9,0,18,0,1,0,0,0,0,1,1,6,1,4,-1,-1,-1,6,3
2013030002848,2,10,0,9,0,1,5,0,0,0,4,1,1,1,5,2143,2,2,9,3
2013030002849,1,9,0,5,0,1,0,0,0,0,0,1,6,2,11,1339,1,8,8,3
2013030002852,1,9,0,16,0,0,0,0,2,2,1,1,6,1,4,1108,1,12,2,1
2013030002860,1,9,0,9,0,1,0,0,0,0,1,1,6,3,-1,-1,-1,-1,-1,-1
2013030002860,2,1,0,18,0,1,0,0,0,1,2,1,2,1,6,-1,-1,-1,3,1
2013030002861,1,9,0,1,0,0,0,0,0,0,2,1,6,3,6,1994,1,10,-1,-1
2013030002861,2,9,0,2,0,0,0,0,0,0,1,1,6,2,6,-1,-1,-1,1,1
2013030002862,1,9,0,17,0,0,1,0,1,10,1,1,6,2,5,1998,1,9,1,1
2013030002863,1,11,0,2,0,0,0,0,0,0,0,1,1,1,7,3900,2,8,5,1
2013030002863,2,19,0,14,0,0,0,0,0,0,0,1,1,1,5,-1,-1,-1,2,1
2013030002864,1,9,0,18,0,0,0,11,0,0,1,1,6,2,8,1248,2,2,9,1
2013030002865,1,9,0,18,0,0,2,0,2,10,1,1,6,1,4,998,1,7,9,3
2013030002873,1,9,0,13,0,1,5,0,7,10,1,1,6,1,4,973,1,13,9,3
2013030002873,2,9,0,9,0,1,0,0,0,0,3,1,6,2,8,2993,2,3,8,2
2013030002873,3,9,0,18,0,1,0,0,0,0,0,1,6,1,4,1108,1,11,7,3
2013030002877,1,9,0,18,0,0,0,0,0,0,4,1,2,1,8,-1,-1,-1,4,1
2013030002878,1,9,0,18,0,0,1,0,0,6,1,1,6,1,6,1896,2,8,-1,-1
2013030002878,2,9,0,18,0,0,1,0,0,0,1,1,6,1,11,1769,1,8,2,1
2013030002878,3,5,0,18,0,0,2,0,0,0,0,1,6,1,5,999,1,6,7,1
2013030002879,1,21,0,18,0,0,5,0,0,0,0,1,1,1,9,12900,2,5,-1,-1
2013030002881,1,9,0,16,0,0,0,0,0,0,1,1,6,2,5,1328,1,4,-1,-1
2013030002881,2,9,0,18,0,0,0,0,0,0,1,1,6,2,7,1951,2,8,6,3
2013030002883,1,9,0,18,0,0,1,6,0,0,1,1,6,2,5,1396,1,10,5,3
2013030002884,1,9,0,16,0,0,1,10,8,7,0,1,6,1,7,1560,2,4,2,1
2013030002886,1,9,0,18,0,1,1,0,7,0,1,1,6,2,6,1582,2,2,7,1
2013030002886,2,9,0,2,0,2,0,0,0,0,2,1,6,2,8,-1,-1,-1,3,1
2013030002888,1,9,0,18,0,0,2,0,0,0,0,1,6,1,7,1997,1,11,3,1
2013030002888,2,9,0,18,0,0,1,1,0,0,1,1,6,1,6,1753,2,3,3,1
2013030002888,3,9,0,18,0,0,1,0,0,0,1,1,6,1,10,1386,1,2,-1,-1
2013030002890,1,20,0,3,0,0,0,0,0,0,1,1,1,1,6,3920,2,9,-1,-1
2013030002890,2,9,0,18,0,0,0,0,0,0,2,1,6,2,9,1560,2,1,-1,-1
2013030002891,1,9,0,9,0,1,5,0,0,0,4,1,6,2,10,1560,2,6,6,2
2013030002891,2,9,0,18,0,1,0,0,0,0,1,1,6,2,8,1995,1,5,4,3
2013030002891,3,9,0,4,0,1,0,0,0,0,1,1,6,2,8,1596,1,2,-1,-1
2013030002893,1,9,0,18,0,0,0,0,0,0,1,1,6,2,6,1299,1,6,2,1
2013030002893,2,9,0,4,0,0,0,0,0,0,2,1,6,2,7,1590,1,9,10,2
2013030002894,1,9,0,5,0,0,0,4,0,0,1,1,6,3,6,-1,-1,-1,-1,-1
2013030002894,2,9,0,2,0,0,0,0,0,0,2,1,6,1,5,1229,1,8,5,3
2013030002897,1,9,0,10,0,0,0,0,0,0,0,1,6,1,9,1598,2,-1,9,2
2013030002897,2,1,0,18,0,0,0,0,0,0,1,1,6,1,5,-1,-1,-1,1,2
2013030002898,1,19,0,4,0,1,0,0,0,0,1,1,1,1,6,2143,2,3,9,3
2013030002898,2,9,0,8,0,1,0,0,0,0,2,1,6,1,8,1275,1,14,-1,-1
2013030002900,1,9,0,18,0,0,1,0,0,0,1,1,6,2,5,1388,1,14,8,3
2013030002900,2,9,0,18,0,0,0,0,0,0,1,1,6,1,9,-1,-1,-1,6,3
2013030002908,1,9,0,18,0,0,0,0,6,9,2,1,6,1,5,1598,1,8,9,2
2013030002908,2,9,0,18,0,0,0,0,0,0,1,1,6,1,10,1598,2,2,8,1
2013030002909,1,9,0,4,0,1,0,0,0,0,1,1,6,2,10,998,1,13,4,1
2013030002911,1,19,4,18,0,0,4,0,0,0,1,1,6,1,8,2800,2,12,-1,-1
2013030002911,2,9,0,18,0,0,0,0,1,0,1,1,6,1,7,1769,1,7,4,1
2013030002915,1,9,0,18,0,1,0,0,0,0,1,1,6,1,5,1595,1,23,8,1
2013030002915,2,9,0,3,0,1,0,0,0,0,2,1,6,2,7,1388,1,4,6,3
2013030002917,1,9,0,7,0,3,0,0,0,0,1,1,6,1,10,2400,2,1,6,1
2013030002917,2,9,0,11,0,3,0,0,0,0,3,1,6,1,7,1686,2,2,2,3
2013030002918,1,9,0,18,0,0,0,0,0,0,1,1,6,1,11,1390,1,2,7,1
2013030002918,2,9,0,18,0,0,0,0,0,0,2,1,6,2,10,1206,1,4,7,1
2013030002921,1,9,0,9,0,1,0,0,0,0,1,1,4,1,9,1910,2,5,2,1
2013030002925,1,9,0,18,0,1,0,0,0,0,1,1,6,2,4,998,1,5,9,1
2013030002925,2,9,0,18,0,1,0,0,0,0,2,1,6,1,9,1951,2,10,6,1
2013030002925,3,9,0,9,0,6,0,0,0,0,0,1,6,1,10,1997,2,6,3,1
2013030002926,1,9,0,18,0,0,1,0,4,6,4,1,6,1,6,1461,2,4,10,2
2013030002928,1,9,0,18,0,0,2,0,1,10,4,1,6,1,10,1388,1,1,5,2
2013030002932,1,19,0,18,0,1,0,0,0,0,4,1,6,1,9,2198,2,-1,6,2
2013030002935,1,9,0,18,0,0,0,0,0,0,2,1,6,1,7,1997,2,5,5,1
2013030002935,2,9,0,18,0,0,0,0,0,0,1,1,6,2,8,1997,2,2,6,3
2013030002935,3,9,0,18,0,0,0,0,0,0,2,1,6,1,8,1598,1,6,7,1
2013030002944,1,9,0,18,0,1,0,0,0,0,4,1,6,3,6,-1,-1,-1,-1,-1
2013030002944,2,1,0,8,4,1,0,11,0,0,1,1,6,1,4,-1,-1,-1,7,3
2013030002951,1,3,0,18,0,8,0,0,1,10,1,1,6,1,3,-1,-1,-1,-1,-1
2013030002951,2,9,0,18,0,8,0,0,0,0,0,1,1,1,7,2993,2,-1,9,3
2013030002954,1,9,0,4,0,0,0,4,0,0,3,1,6,2,10,3199,1,8,9,2
2013030002954,2,9,0,2,0,0,0,0,0,0,4,1,6,2,5,1332,1,17,9,2
2013030002971,1,9,0,16,0,0,0,0,1,0,1,1,6,1,4,998,1,-1,3,3
2013030002973,1,9,0,16,0,1,1,0,0,0,1,1,2,2,6,-1,-1,-1,9,3
2013030002974,1,19,0,9,0,2,0,0,0,0,3,1,1,1,7,2198,2,6,5,3
2013030002974,2,4,0,13,0,1,0,0,0,0,1,1,2,1,6,-1,-1,-1,6,2
2013030002975,1,19,0,9,0,6,0,0,0,0,1,1,6,1,8,2198,2,2,6,1
2013030002975,2,9,0,18,0,1,0,0,0,0,3,1,6,2,8,1796,1,15,9,3
2013030002976,1,9,0,18,0,1,0,0,0,0,1,1,6,1,9,1997,2,-1,-1,-1
2013030002976,2,9,0,10,0,1,0,0,0,0,2,1,6,2,6,1799,1,15,9,2
2013030002977,1,9,0,5,0,6,0,0,0,0,1,1,6,1,8,-1,-1,-1,4,1
2013030002977,2,9,0,18,0,1,0,0,0,0,4,1,6,1,7,1396,1,10,9,3
2013030002988,1,9,0,9,0,1,1,0,1,0,4,1,6,1,10,1198,1,10,2,2
2013030002988,2,9,0,18,0,1,1,0,7,0,1,1,6,1,4,1242,1,5,5,2
2013030002988,3,9,0,18,0,1,0,0,0,0,3,1,6,1,5,1896,2,7,2,2
2013030002989,1,9,0,18,7,0,0,0,0,0,1,1,6,2,4,1229,1,8,10,1
2013030002990,1,8,0,4,0,1,0,0,0,0,4,1,1,2,9,1997,2,5,6,3
2013030002998,1,21,1,16,0,0,5,0,7,0,3,1,1,1,8,-1,-1,-1,6,1
2013030003002,1,9,0,18,0,0,0,0,0,0,1,1,6,2,11,998,1,15,7,1
2013030003006,1,9,0,9,0,1,0,0,0,0,3,1,6,1,6,1392,1,14,-1,-1
2013030003007,1,20,0,13,0,0,0,0,0,0,0,1,1,1,7,-1,-1,-1,-1,1
2013030003007,2,9,0,13,0,0,0,0,0,0,1,1,2,2,6,1598,1,3,-1,-1
2013030003010,1,9,0,18,0,0,5,0,1,0,1,1,6,1,7,1596,1,2,1,1
2013030003011,1,9,0,18,0,0,0,0,0,0,0,1,6,3,5,-1,-1,-1,-1,-1
2013030003011,2,9,0,18,0,0,5,0,1,0,0,1,6,2,5,1149,1,10,6,2
2013030003014,1,9,0,18,0,2,0,4,0,0,1,1,6,1,6,1242,1,7,5,2
2013030003014,2,9,0,2,0,1,0,0,0,0,1,1,6,1,6,1596,1,7,4,2
2013030003014,3,9,0,2,0,1,0,0,0,0,0,1,6,1,6,1299,1,10,4,2
2013030003016,1,9,0,18,0,2,0,0,1,10,1,1,6,1,4,1124,1,10,3,2
2013030003016,2,9,0,18,0,8,0,4,0,0,3,1,6,1,6,-1,-1,-1,9,2
2013030003016,3,9,0,2,0,1,0,0,0,0,4,1,6,1,7,-1,-1,-1,4,3
2013030003017,1,90,0,18,0,0,2,0,0,0,1,1,6,1,7,-1,-1,-1,-1,3
2013030003017,2,90,0,18,0,0,0,0,0,0,1,1,6,1,8,-1,-1,-1,7,1
2013030003019,1,9,0,4,0,0,0,0,0,0,1,1,6,3,-1,-1,-1,-1,-1,-1
2013030003022,1,9,0,18,0,1,0,0,0,0,1,1,6,1,6,1896,2,10,5,1
2013030003022,2,9,0,3,0,1,0,0,0,0,1,1,6,1,5,1149,1,4,-1,1
2013030003022,3,9,0,10,0,1,0,0,0,0,0,1,6,1,11,1910,2,4,6,3
2013030003025,1,90,0,18,0,0,0,11,0,4,1,1,6,1,8,-1,-1,-1,2,2
2013030003026,1,9,0,17,0,8,1,0,0,0,4,1,6,1,9,-1,-1,-1,6,1
2013030003029,1,9,0,1,0,0,0,0,7,0,1,1,6,1,6,1686,2,14,2,1
2013030003031,1,9,0,7,0,1,0,0,0,0,2,1,6,1,5,1396,1,12,4,1
2013030003031,2,1,0,18,0,1,0,0,0,0,2,1,6,1,8,-1,-1,-1,4,1
2013030003035,1,9,0,6,0,6,0,0,0,0,3,1,1,1,6,2494,1,14,2,1
2013030003035,2,3,0,18,0,1,0,0,0,0,1,1,1,1,6,124,1,21,9,1
201304AL13001,1,8,0,18,0,1,0,0,0,0,4,1,1,1,8,1596,1,5,9,1
201304AL13002,1,9,0,18,0,1,0,0,0,0,0,1,6,2,11,998,1,13,-1,-1
201304AL13003,1,9,0,17,0,0,1,0,2,7,1,1,1,2,6,1299,1,11,9,1
201304AL13004,1,9,0,9,0,5,0,0,1,0,1,1,6,1,10,1995,1,6,9,1
201304AL13004,2,9,0,18,0,8,0,0,0,0,1,1,2,1,8,1997,2,3,5,1
201304AL13005,1,9,0,7,0,6,0,0,0,0,0,1,6,3,-1,-1,-1,-1,-1,-1
201304AL13005,2,3,0,18,0,1,1,0,0,0,3,1,6,1,4,125,1,6,9,1
201304AL13006,1,9,0,5,0,4,0,0,0,0,1,1,6,2,9,1149,1,5,1,1
201304AL13006,2,9,0,18,0,3,0,0,0,0,3,1,6,2,9,1328,1,12,4,1
201304AL13007,1,9,0,17,0,0,2,0,2,0,3,1,6,2,7,2874,2,14,9,1