Accident_Index,Vehicle_Reference,Vehicle_Type,Towing_and_Articulation,Vehicle_Manoeuvre,Vehicle_Location-Restricted_Lane,Junction_Location,Skidding_and_Overturning,Hit_Object_in_Carriageway,Vehicle_Leaving_Carriageway,Hit_Object_off_Carriageway,1st_Point_of_Impact,Was_Vehicle_Left_Hand_Drive?,Journey_Purpose_of_Driver,Sex_of_Driver,Age_Band_of_Driver,Engine_Capacity_(CC),Propulsion_Code,Age_of_Vehicle,Driver_IMD_Decile,Driver_Home_Area_Type
201304AL13165,2,9,0,16,0,0,0,0,0,0,1,1,6,2,5,998,1,14,5,1
201304AL13166,1,9,0,9,0,8,0,0,0,0,4,1,2,1,5,1242,1,8,4,1
201304AL13166,2,1,0,18,0,1,0,0,0,0,1,1,2,1,8,-1,-1,-1,9,1
201304AL13167,1,19,0,7,0,6,0,0,0,0,3,1,1,1,7,2143,2,1,9,2
201304AL13167,2,90,0,18,0,1,5,0,0,0,3,1,6,1,11,-1,-1,-1,-1,-1
201304AL13168,1,9,0,16,0,0,1,0,0,0,3,1,6,1,5,1560,2,8,8,3
201304AL13168,2,9,0,17,0,0,0,0,0,0,3,1,6,1,8,1997,2,10,1,1
201304AL13169,1,9,0,18,0,2,0,0,0,0,1,1,6,1,4,1598,1,6,-1,-1
201304AL13169,2,9,0,18,0,1,0,0,0,0,1,1,6,2,8,1995,2,6,6,1
201304AL13170,1,9,0,8,0,1,0,0,0,0,1,1,2,2,7,1686,2,8,5,1
201304AL13170,2,9,0,8,0,1,0,0,0,0,2,1,2,2,6,1870,2,8,7,2
201304AL13171,1,9,0,13,0,2,1,10,0,0,1,1,2,1,7,1968,2,-1,9,1
201304AL13171,2,9,0,18,0,1,0,0,0,0,1,1,2,1,10,1560,2,5,8,1
201304AL13172,1,9,0,18,0,8,0,0,0,0,1,1,6,2,8,1229,1,3,7,2
201304AL13172,2,1,0,18,0,8,0,0,0,0,1,1,6,2,8,-1,-1,-1,5,1
201304AL13173,1,9,0,5,0,6,0,0,0,0,3,1,6,1,-1,-1,-1,-1,-1,-1
201304AL13174,1,3,0,18,0,1,1,0,0,0,0,1,6,1,4,124,1,2,8,1
201304AL13174,2,19,0,3,0,6,2,0,0,0,0,1,6,1,6,2460,2,6,6,1
201304AL13175,1,9,0,17,0,0,1,0,2,9,1,1,6,1,4,1999,1,11,3,1
201304AL13176,1,9,0,17,0,0,0,0,2,0,1,1,6,2,6,1242,1,12,7,3
201304AL13177,1,9,0,16,0,0,0,10,0,2,1,1,6,2,9,1598,1,9,-1,-1
201304AL13178,1,9,0,9,0,6,0,0,0,0,1,1,6,2,11,1339,1,5,9,2
201304AL13178,2,9,0,18,0,8,0,0,0,0,4,1,6,1,8,1999,1,2,6,1
201304AL13179,1,9,0,18,0,8,2,7,8,2,1,1,6,1,11,2399,1,7,8,1
201304AL13180,1,9,0,17,0,0,1,0,2,4,1,1,6,1,6,1248,2,1,-1,-1
201304AL13180,2,9,0,18,0,0,0,0,0,0,1,1,6,1,10,1968,2,-1,8,3
201304AL13181,1,9,0,18,0,0,0,0,0,0,1,1,6,1,11,1396,1,11,5,1
201304AL13182,1,8,0,18,0,1,0,0,0,0,4,1,1,1,7,1596,1,6,5,1
201304AL13183,1,9,0,18,0,8,0,0,0,0,3,1,1,1,7,1686,2,10,2,1
201304AL13183,2,19,0,18,0,8,0,0,0,0,1,1,1,1,8,1968,2,-1,7,1
201304AL13184,1,9,0,10,0,1,0,0,0,0,1,1,6,1,5,1149,1,12,8,1
201304AL13184,2,9,0,10,0,1,0,0,0,0,2,1,6,2,5,1896,2,11,8,1
201304AL13185,1,9,0,18,0,2,0,0,0,0,3,1,1,1,6,1560,2,-1,10,1
201304AL13186,1,9,0,18,0,0,0,0,0,0,1,1,1,1,6,1388,1,12,6,1
201304AL13187,1,21,1,18,0,0,0,0,0,0,1,1,1,1,5,12740,2,-1,4,1
201304AL13187,2,9,0,9,0,0,0,0,0,0,2,1,6,2,10,1560,2,5,5,1
201304AM13001,1,9,0,4,0,0,0,0,0,0,1,1,6,1,6,1399,2,8,5,1
201304AM13001,2,9,0,3,0,0,0,0,0,0,2,1,6,1,7,2499,1,6,9,1
201304AM13002,1,19,0,1,0,0,0,0,0,0,2,1,6,1,4,1753,2,12,1,1
201304AM13003,1,19,0,9,0,8,0,0,0,0,1,1,6,1,9,2198,2,6,-1,1
201304AM13003,2,9,0,5,0,8,0,0,0,0,1,1,6,1,7,-1,-1,-1,3,1
201304AM13004,1,19,0,18,0,1,1,0,0,0,1,1,1,1,8,2148,2,6,4,1
201304AM13005,1,9,0,18,0,8,0,0,0,0,4,1,6,2,10,1197,1,2,2,1
201304AM13006,1,9,0,7,0,7,0,0,0,0,3,1,6,1,8,-1,-1,-1,8,1
201304AM13006,2,1,0,18,0,8,0,0,0,0,1,1,6,1,7,-1,-1,-1,1,1
201304AM13007,1,9,0,7,0,8,0,0,0,0,1,1,2,1,6,2993,2,7,2,1
201304AM13007,2,9,0,18,0,8,0,0,0,0,1,1,3,1,7,1171,1,14,-1,-1
201304AM13008,1,9,0,7,0,8,5,0,2,10,1,1,6,1,11,995,1,4,-1,-1
201304AM13009,1,9,0,5,0,0,1,10,7,0,0,1,6,1,5,1600,1,23,-1,-1
201304AM13010,1,9,0,7,0,1,0,0,0,0,3,1,6,1,8,1242,1,7,1,1
201304AM13010,2,9,0,18,0,2,0,0,0,0,1,1,6,1,4,1242,1,13,7,1
201304AM13011,1,19,0,4,0,1,0,0,0,0,1,1,6,1,5,1998,2,11,6,1
201304AM13011,2,9,0,3,0,1,0,0,0,0,2,1,6,1,7,2987,2,6,6,3
201304AM13011,3,9,0,3,0,1,0,0,0,0,2,1,6,1,6,1596,1,7,-1,-1
201304AM13012,1,9,0,9,0,5,0,0,0,0,1,1,1,1,5,954,1,14,-1,-1
201304AM13013,1,9,0,7,0,6,0,4,0,0,1,1,6,2,7,1299,1,8,1,1
201304AM13013,2,9,0,18,0,1,0,0,0,0,4,1,6,1,9,1997,2,9,5,1
201304AM13014,1,9,0,5,0,1,0,0,8,10,4,1,6,1,7,1986,2,6,1,1
201304AM13014,2,9,0,18,0,1,0,0,0,0,1,1,6,2,7,-1,-1,-1,2,1
201304AM13015,1,9,0,18,0,6,0,0,0,0,1,1,6,1,9,1388,1,9,1,1
201304AM13015,2,9,0,18,0,1,1,0,0,0,3,1,1,2,7,2184,2,9,4,1
201304AM13016,1,9,0,9,0,4,0,0,0,0,1,1,6,2,6,1229,1,7,4,1
201304AM13016,2,1,0,7,0,3,0,0,0,0,4,1,1,1,8,-1,-1,-1,6,3
201304AM13017,1,19,0,4,0,0,0,0,0,0,1,1,1,1,8,2464,2,5,10,1
201304AM13017,2,9,0,4,0,0,0,0,0,0,2,1,1,1,8,1461,2,7,3,1
201304AM13017,3,9,0,4,0,0,0,0,0,0,2,1,6,2,6,1149,1,5,6,1
201304AM13018,1,9,0,18,0,1,0,0,0,0,1,1,2,2,5,1364,1,7,6,1
201304AM13019,1,9,0,7,0,8,0,0,0,0,1,1,6,2,6,1588,1,11,1,1
201304AM13019,2,9,0,9,0,8,0,0,0,0,4,1,6,1,6,1984,1,11,1,1
201304AM13020,1,9,0,18,0,8,0,0,0,0,0,1,1,2,5,-1,-1,-1,8,1
201304AM13020,2,1,0,18,0,8,0,0,0,0,0,1,6,1,9,-1,-1,-1,3,1
201304AM13021,1,9,0,4,0,1,0,0,0,0,1,1,2,1,8,1998,2,6,9,1
201304AM13022,1,9,0,9,0,6,0,0,0,0,0,1,2,1,6,998,1,8,1,1
201304AM13022,2,5,0,18,0,6,0,0,0,0,0,1,2,1,8,582,1,9,8,1
201304AM13023,1,9,0,18,0,0,0,0,0,0,1,1,6,1,10,-1,-1,-1,5,2
201304AM13024,1,9,0,18,0,0,0,0,0,0,1,1,6,3,-1,-1,-1,-1,-1,-1
201304AM13024,2,9,0,18,0,0,0,0,0,0,0,1,6,3,-1,-1,-1,-1,-1,-1
201304AM13025,1,9,0,3,0,1,0,0,0,0,2,1,6,1,6,1360,1,10,-1,-1
201304AM13025,2,9,0,3,0,1,0,0,0,0,2,1,6,1,6,1595,2,3,4,1
201304AM13026,1,9,0,18,0,1,0,0,0,0,1,1,6,2,-1,1360,1,13,-1,-1
201304AM13026,2,9,0,3,0,1,0,0,0,0,2,1,6,2,7,2231,2,2,6,1
201304AM13027,1,21,0,18,0,6,0,0,0,0,1,1,1,1,9,-1,2,8,10,1
201304AM13027,2,9,0,18,0,8,0,0,0,0,3,1,1,2,8,1686,2,3,3,1
201304AM13028,1,9,0,9,0,6,1,0,0,0,4,1,2,1,6,-1,-1,-1,2,1
201304AM13028,2,4,0,13,0,1,0,10,1,4,3,1,2,1,5,-1,-1,-1,3,1
201304AM13029,1,9,0,18,0,0,0,0,0,0,3,1,6,2,9,1596,1,10,3,1
201304AM13030,1,9,0,18,0,1,1,0,0,0,3,1,6,2,5,1299,1,12,1,1
201304AM13031,1,9,0,1,0,0,0,0,0,0,2,1,6,2,7,1598,1,12,1,1
201304AM13031,2,19,0,2,0,0,0,0,0,0,2,1,6,1,8,1905,2,14,-1,-1
201304AM13032,1,9,0,9,0,5,0,0,0,0,1,1,6,1,7,1299,1,12,1,1
201304AM13033,1,9,0,18,0,1,0,0,0,0,1,1,6,2,4,1388,1,11,3,1
201304AM13034,1,9,0,7,0,6,0,0,0,0,1,1,6,1,9,998,1,-1,1,1
201304AM13034,2,1,0,18,0,8,0,0,0,0,4,1,2,2,8,-1,-1,-1,1,1
201304AM13035,1,9,0,18,0,8,0,0,0,0,1,1,6,2,8,1587,1,9,1,1
201304AM13035,2,9,0,5,0,8,0,0,0,0,4,1,6,1,5,1396,1,9,5,1
201304AM13035,3,9,0,10,0,8,0,0,0,0,1,1,6,2,9,1399,2,11,1,1
201304AM13036,1,9,0,7,0,1,0,0,0,0,3,1,6,2,8,1399,2,3,5,1
201304AM13036,2,9,0,5,0,8,0,0,0,0,4,1,6,2,4,998,1,7,5,1
201304AM13037,1,9,0,9,0,6,0,0,0,0,4,1,6,3,-1,-1,-1,-1,-1,-1
201304AM13038,1,9,0,9,0,8,0,0,0,0,1,1,6,1,6,1796,1,6,1,1
201304AM13038,2,9,0,3,0,8,0,0,0,0,1,1,6,2,8,1796,1,6,2,1
201304AM13038,3,9,0,18,0,8,1,0,0,0,1,1,6,1,8,1242,1,11,7,1
201304AM13039,1,9,0,18,0,1,0,0,0,0,1,1,2,1,7,-1,-1,-1,3,1
201304AM13040,1,9,0,9,0,8,0,0,0,0,1,1,6,2,4,1360,1,10,4,1
201304AM13040,2,9,0,18,0,8,0,0,0,0,3,1,6,1,7,1399,1,6,3,1
201304AM13041,1,1,0,18,9,8,0,0,0,0,1,1,6,1,2,-1,-1,-1,3,1
201304AM13041,2,19,0,7,0,8,0,0,0,0,4,1,2,1,7,2463,2,8,1,1
201304AM13042,1,9,0,6,0,0,0,0,0,0,1,1,6,1,8,1991,2,4,-1,-1
201304AM13043,1,9,0,18,0,8,0,0,0,0,4,1,6,1,11,1599,1,13,3,1
201304AM13043,2,9,0,18,0,8,0,0,0,0,1,1,6,2,8,1240,1,9,4,1
201304AM13044,1,11,0,18,0,6,0,0,0,0,1,1,1,1,8,6700,2,5,1,1
201304AM13045,1,9,0,18,0,8,1,0,0,0,4,1,6,2,6,998,1,4,6,1
201304AM13045,2,9,0,18,0,8,1,0,0,0,1,1,6,1,9,1339,1,-1,3,1
201304AM13046,1,9,0,9,0,7,0,0,0,0,1,1,6,1,4,1896,2,12,5,3
201304AM13046,2,9,0,18,0,5,0,0,0,0,3,1,6,1,6,-1,-1,-1,1,1
201304AM13047,1,9,0,7,0,6,0,0,0,0,1,1,6,1,7,1994,1,9,3,1
201304AM13047,2,3,0,18,0,8,0,0,0,0,4,1,6,1,9,101,1,4,5,1
201304AM13048,1,2,0,9,0,8,5,0,0,0,3,1,6,1,4,49,1,8,5,1
201304AM13048,2,9,0,18,0,8,0,0,0,0,1,1,6,2,8,989,1,9,6,1
201304AM13049,1,3,0,4,0,1,2,0,0,0,0,1,6,2,8,125,1,5,1,1
201304AM13050,1,9,0,4,0,1,0,0,0,0,1,1,1,2,6,998,1,11,2,1
201304AM13050,2,9,0,3,0,1,0,0,0,0,2,1,6,1,7,2295,1,11,5,1
201304AM13051,1,9,0,18,0,8,1,0,0,0,3,1,6,2,10,1108,1,10,1,1
201304AM13051,2,9,0,18,0,8,1,0,0,0,1,1,6,2,4,1587,1,11,4,1
201304AM13052,1,9,0,5,0,0,0,0,0,0,1,1,6,1,6,1910,2,8,2,1
201304AM13052,2,9,0,18,0,0,0,0,0,0,1,1,6,1,11,1298,1,13,7,1
201304AM13053,1,11,0,9,0,6,0,0,0,0,1,1,1,1,4,8300,2,13,1,1
201304AM13053,2,9,0,18,0,8,0,0,0,0,3,1,6,2,10,1388,1,8,8,1
201304AM13054,1,19,0,18,0,0,0,0,0,0,3,1,1,1,9,2198,2,2,1,1
201304AM13054,2,9,0,18,0,0,0,0,0,0,3,1,6,2,8,1197,1,2,6,3
201304AM13055,1,9,0,18,0,4,0,0,0,0,1,1,6,1,7,1596,1,4,10,1
201304AM13055,2,9,0,18,0,4,0,0,0,0,2,1,6,2,7,1598,1,1,10,1
201304AM13056,1,9,5,18,0,0,0,0,0,10,1,1,6,1,7,1349,1,13,1,1
201304AM13057,1,9,0,1,0,0,0,0,0,0,2,1,2,1,6,1299,1,12,3,1
201304AM13057,2,1,0,4,0,0,0,0,0,0,1,1,6,1,10,-1,-1,-1,4,1
201304AM13058,1,9,0,9,0,8,0,0,0,0,1,1,6,1,9,1997,2,-1,4,1
201304AM13059,1,1,0,18,0,1,0,0,0,0,1,1,6,1,6,-1,-1,-1,1,1
201304AM13059,2,9,0,5,0,1,0,0,0,0,1,1,6,1,8,1896,2,12,3,1
201304AM13060,1,9,0,7,0,6,0,0,0,0,1,1,6,1,-1,-1,-1,-1,-1,-1
201304AM13060,2,1,0,18,0,8,0,0,0,0,4,1,6,2,6,-1,-1,-1,4,1
201304AM13061,1,9,0,3,0,4,0,0,0,0,1,1,6,1,5,1388,1,9,7,1
201304AM13061,2,9,0,3,0,4,0,0,0,0,1,1,6,2,7,1299,1,14,4,1
201304AM13062,1,9,0,18,0,8,0,0,0,0,4,1,6,1,4,1149,1,11,1,1
201304AM13062,2,9,0,18,0,8,0,0,0,0,1,1,6,1,6,1199,1,12,1,1
201304AM13063,1,9,0,18,0,1,0,0,0,0,1,1,6,1,4,1461,2,8,4,1
201304AM13063,2,9,0,9,0,5,0,0,0,0,4,1,6,1,5,1242,1,13,2,1
201304AM13064,1,9,0,18,0,1,0,0,0,0,1,1,6,1,6,1493,1,15,2,1
201304AM13065,1,9,0,18,0,2,1,0,0,0,1,1,6,1,5,1600,1,14,9,1
201304AM13066,1,1,0,18,0,1,0,0,0,0,1,1,6,1,6,-1,-1,-1,1,1
201304AM13066,2,9,0,18,0,1,1,0,0,0,1,1,1,1,6,1248,2,5,1,1
201304AM13067,1,9,0,1,6,6,0,0,0,0,2,1,6,2,7,2720,2,5,10,1
201304AM13067,2,9,0,3,0,2,0,0,0,0,4,1,6,2,7,1995,2,2,3,1
201304AM13068,1,9,0,18,0,0,0,4,0,0,1,1,6,1,7,1587,1,9,2,1
201304AM13068,2,9,0,2,0,0,0,0,0,0,2,1,6,3,-1,-1,-1,-1,-1,-1
201304AM13069,1,3,0,18,0,1,2,4,0,0,1,1,6,1,5,125,1,2,2,1
201304AM13069,2,19,0,4,0,2,0,0,0,0,1,1,6,1,4,1753,2,5,3,1
201304AM13070,1,1,0,7,0,8,0,0,1,0,0,1,1,2,8,-1,-1,-1,5,1
201304AM13070,2,9,0,18,0,8,0,0,0,0,0,1,6,3,-1,-1,-1,-1,-1,-1
201304AM13071,1,9,0,18,0,0,0,0,0,0,1,1,6,1,11,1598,1,11,1,1
201304AM13071,2,9,0,4,0,0,0,0,0,0,2,1,2,2,9,1598,1,7,4,1
201304AM13072,1,9,0,9,0,6,0,0,0,0,0,1,6,3,-1,-1,-1,-1,-1,-1
201304AM13072,2,3,0,18,0,1,0,0,0,0,0,1,2,1,7,124,1,3,2,1
201304AM13073,1,9,0,9,0,1,1,0,0,0,1,1,6,2,6,1956,2,3,4,1
201304AM13073,2,1,0,17,0,2,0,0,0,0,2,1,6,1,1,-1,-1,-1,1,1
201304AM13074,1,9,0,18,0,4,0,0,0,0,1,1,6,3,-1,1242,1,11,-1,-1
201304AM13074,2,1,0,18,0,8,1,0,0,4,4,1,2,1,6,-1,-1,-1,3,1
201304AM13075,1,9,0,4,0,1,0,0,0,0,1,1,1,1,10,2656,1,10,10,1
201304AM13075,2,9,0,18,0,1,0,0,0,10,4,1,6,2,4,998,1,6,1,1
201304AM13076,1,9,0,18,0,2,0,0,0,0,1,1,2,1,7,1794,1,8,3,1
201304AM13077,1,21,0,9,0,8,5,10,1,0,4,1,1,1,6,6370,2,9,4,1
201304AM13078,1,19,0,5,0,6,0,0,0,0,3,1,1,1,9,2198,2,2,2,1
201304AM13078,2,9,0,18,0,8,1,0,0,0,4,1,2,1,6,1796,1,13,2,1
201304AM13079,1,9,0,18,0,8,0,0,0,0,1,1,6,2,10,1396,1,10,1,1
201304AM13079,2,9,0,18,0,8,0,0,0,0,3,1,6,2,5,1360,1,9,6,1
201304AM13080,1,9,0,6,0,0,0,0,0,0,4,1,6,2,5,-1,-1,-1,-1,1
201304AM13080,2,3,0,18,0,0,0,0,0,0,1,1,6,1,6,124,1,3,5,1
201304AM13081,1,9,0,9,0,6,0,0,0,0,1,1,6,1,4,1199,1,9,9,1
201304AM13081,2,9,0,18,0,8,1,0,7,10,3,1,6,1,6,973,1,16,10,1
201304AM13081,3,9,0,3,0,1,0,0,0,0,3,1,6,1,8,1587,1,15,2,1
201304AM13082,1,9,0,18,0,0,0,0,0,0,1,1,6,1,7,-1,-1,-1,2,1
201304AM13083,1,9,0,7,0,8,0,0,0,0,4,1,6,3,-1,-1,-1,-1,-1,-1
201304AM13084,1,9,0,7,0,3,1,9,4,0,1,1,6,1,4,1364,1,4,10,1
201304AM13085,1,1,0,18,1,0,0,0,0,0,3,1,6,1,5,-1,-1,-1,-1,-1
201304AM13085,2,18,0,18,1,0,0,0,0,0,1,1,1,2,7,-1,-1,-1,1,1
201304AM13086,1,9,0,9,0,1,0,0,3,10,1,1,6,1,5,1781,1,11,3,1
201304AM13087,1,9,0,7,9,2,0,11,1,7,1,1,6,1,8,2494,1,14,10,1
201304AM13088,1,9,0,4,0,0,1,0,0,0,1,1,6,1,6,1599,1,8,4,1
201304AM13088,2,9,0,4,0,0,0,0,0,0,2,1,6,1,5,1596,1,13,5,1
201304AM13088,3,9,0,4,0,0,0,0,0,0,2,1,6,1,5,1364,1,8,-1,-1
201304AM13088,4,9,0,4,0,0,0,0,0,0,2,1,6,2,6,1997,2,13,3,1
201304AM13089,1,9,0,9,0,6,0,0,0,0,1,1,6,1,9,-1,-1,-1,3,1
201304AM13089,2,9,0,7,0,6,0,0,0,0,1,1,6,1,5,-1,-1,-1,-1,-1
201304AM13090,1,9,0,18,0,1,0,0,1,10,1,1,1,1,7,1995,2,4,1,1
201304AM13090,2,9,0,18,0,1,0,0,0,0,0,1,2,1,5,1998,1,8,-1,-1
201304AM13090,3,9,0,9,0,8,0,0,6,4,3,1,6,1,11,1896,2,9,3,1
201304AM13091,1,9,0,18,0,1,0,0,0,0,1,1,2,1,6,1461,2,1,-1,-1
201304AM13091,2,9,0,4,0,1,0,0,0,0,2,1,6,1,9,1896,2,8,4,1
201304AM13091,3,9,0,18,0,1,0,0,0,0,3,1,6,2,10,998,1,6,5,2
201304AM13092,1,9,0,10,0,8,0,0,0,0,1,1,6,1,6,1753,2,11,8,1
201304AM13092,2,9,0,18,0,1,0,0,7,0,2,1,6,1,8,1368,1,1,1,1
201304AM13093,1,9,0,5,0,0,0,0,0,0,1,1,6,2,7,1598,1,13,5,1
201304AM13093,2,9,0,5,0,0,0,0,0,0,2,1,6,2,8,1240,1,10,9,2
201304AM13094,1,9,0,18,0,1,0,0,0,0,1,1,6,1,11,998,1,12,4,1
201304AM13094,2,9,0,18,0,1,0,0,0,0,2,1,6,2,9,1242,1,-1,-1,-1
201304AM13095,1,9,0,1,9,2,0,0,0,0,2,1,6,1,6,1560,2,-1,7,1
201304AM13095,2,90,0,18,0,1,0,0,0,0,4,1,1,1,9,-1,-1,-1,1,1
201304AM13096,1,9,0,6,0,0,0,0,0,0,3,1,6,3,-1,-1,-1,-1,-1,-1
201304AM13096,2,1,0,18,0,0,0,0,0,0,1,1,6,1,7,-1,-1,-1,-1,-1
201304AM13097,1,19,0,5,0,6,0,0,0,0,1,1,6,2,5,2402,2,6,3,1
201304AM13097,2,9,0,18,0,8,0,0,1,0,3,1,6,2,4,1598,1,11,5,1
201304AM13098,1,9,0,3,0,1,0,0,0,0,2,1,6,2,7,1956,2,-1,2,1
201304AM13098,2,9,0,3,0,1,0,0,0,0,2,1,6,2,7,1198,1,-1,9,1
201304AM13098,3,9,0,4,0,1,0,0,0,0,1,1,6,1,7,1591,1,-1,9,1
201304AM13099,1,8,0,18,0,0,0,0,0,0,4,1,1,1,6,-1,-1,-1,7,1
201304AM13100,1,9,0,13,0,0,0,0,0,0,0,1,6,3,-1,-1,-1,-1,-1,-1
201304AM13100,2,1,0,18,0,0,0,0,1,10,4,1,6,1,4,-1,-1,-1,3,1
201304AM13101,1,9,0,7,0,3,0,0,0,1,2,1,6,1,5,1388,1,10,3,1
201304AM13101,2,9,0,5,0,1,0,0,0,0,1,1,6,1,6,1598,2,-1,-1,-1
201304AM13102,1,9,0,7,0,8,0,0,0,0,0,1,6,2,5,1199,1,9,3,1
201304AM13104,1,1,0,18,0,1,0,0,0,0,4,1,6,1,2,-1,-1,-1,5,1
201304AM13104,2,9,0,18,0,8,0,0,0,0,4,1,1,1,8,1495,1,4,5,1
201304AM13105,1,1,0,18,9,8,0,0,0,0,1,1,6,1,2,-1,-1,-1,1,1
201304AM13105,2,9,0,4,0,1,0,0,0,0,4,1,6,2,8,-1,-1,-1,1,1
201304AM13106,1,8,0,18,0,3,0,0,0,0,3,1,1,1,6,-1,-1,-1,-1,-1
201304AM13106,2,9,0,18,0,3,0,0,0,0,4,1,6,1,5,1587,1,9,2,1
201304AM13107,1,9,0,5,0,4,0,0,0,0,1,1,6,1,7,1996,1,12,8,1
201304AM13107,2,1,0,17,0,8,0,0,0,0,4,1,6,2,6,-1,-1,-1,7,2
201304AM13108,1,9,0,16,0,8,0,0,0,0,4,1,6,1,11,1560,2,8,8,1
201304AM13108,2,1,0,16,0,8,0,0,0,0,1,1,6,1,8,-1,-1,-1,3,1
201304AM13109,1,9,0,9,0,4,0,0,3,10,1,1,2,2,7,1598,1,14,1,1
201304AM13109,2,1,0,18,0,8,5,0,0,0,4,1,2,2,8,-1,-1,-1,6,1
201304AM13110,1,9,0,18,0,0,0,0,0,0,1,1,2,1,6,998,1,3,3,1
201304AM13110,2,9,0,2,0,0,0,0,0,0,2,1,6,2,5,1124,1,10,3,1
201304AM13111,1,1,0,18,0,1,0,0,0,0,1,1,6,1,4,-1,-1,-1,3,1
201304AM13111,2,8,0,7,0,6,0,0,0,0,1,1,1,1,6,-1,-1,-1,7,1
201304AM13112,1,9,0,9,0,2,0,0,0,0,3,1,6,1,5,1998,2,11,1,1
201304AM13113,1,1,0,18,0,0,0,0,0,0,4,1,6,1,2,-1,-1,-1,2,1
201304AM13113,2,9,0,18,0,0,0,0,0,0,0,1,6,1,9,-1,-1,-1,9,1
201304AM13114,1,9,0,5,0,8,0,0,3,0,4,1,1,1,8,-1,-1,-1,5,1
201304AM13114,2,9,0,18,0,8,1,0,1,0,3,1,6,1,5,1968,2,4,3,1
201304AM13115,1,5,0,15,0,5,5,0,0,0,3,1,6,1,8,1261,1,8,5,1
201304AM13115,2,9,0,7,0,5,0,0,0,0,4,1,6,1,6,1422,2,11,1,1
201304AM13116,1,9,0,18,0,0,0,0,0,0,1,1,6,2,6,1598,1,11,-1,-1
201304AM13116,2,9,0,2,0,0,0,0,0,0,1,1,6,1,8,1895,1,13,-1,-1
201304AM13116,3,9,0,2,0,0,0,0,0,0,1,1,6,1,8,-1,-1,-1,2,1
201304AM13116,4,9,0,2,0,0,0,0,0,0,0,1,6,1,9,2967,1,14,-1,-1
201304AM13117,1,9,0,9,0,8,0,0,0,0,1,1,6,1,6,-1,-1,-1,1,1
201304AM13117,2,9,0,18,0,8,0,0,0,0,1,1,1,1,7,1998,1,12,1,1
201304AM13118,1,9,0,18,0,1,0,0,0,0,1,1,6,1,8,1560,2,8,1,1
201304AM13118,2,9,0,2,0,2,0,0,0,0,1,1,6,1,7,1388,1,11,1,1
201304AM13119,1,9,0,18,0,6,0,0,0,0,3,1,6,2,6,1242,1,10,5,1
201304AM13119,2,9,0,18,0,1,0,0,0,0,1,1,6,1,8,1364,1,8,4,1
201304AM13120,1,9,0,18,0,6,0,0,0,0,1,1,6,2,7,1242,1,5,8,1
201304AM13120,2,9,0,18,0,8,0,0,0,0,1,1,6,1,8,1998,2,10,1,1
201304AM13121,1,9,0,18,0,1,0,0,0,0,1,1,6,1,11,2967,2,8,8,1
201304AM13122,1,9,0,18,0,8,0,0,0,0,1,1,2,1,8,1582,2,1,-1,-1
201304AM13122,2,9,0,18,0,8,0,0,0,0,3,1,2,1,7,1296,1,6,4,1
201304AM13123,1,1,0,7,0,0,0,0,0,0,4,1,6,1,2,-1,-1,-1,1,1
201304AM13123,2,9,0,18,0,0,0,0,0,0,1,1,6,1,11,1086,1,5,1,1
201304AM13124,1,9,0,12,0,1,0,0,0,0,3,1,6,2,7,1229,1,1,8,1
201304AM13124,2,1,0,10,0,1,0,0,0,0,1,1,6,1,9,-1,-1,-1,4,1
201304AM13125,1,9,0,9,0,1,0,0,0,0,3,1,1,2,7,2198,2,7,2,1
201304AM13125,2,5,0,18,0,1,1,0,7,10,4,1,6,1,5,680,1,4,2,1
201304AM13126,1,9,0,18,0,8,0,0,0,0,1,1,1,1,9,1995,2,6,3,1
201304AM13126,2,9,0,18,0,8,0,0,0,0,3,1,2,2,5,998,1,11,4,1
201304AM13127,1,9,0,18,0,0,0,0,0,0,0,1,6,1,8,1398,2,11,3,1
201304AM13128,1,8,0,18,0,0,0,0,0,0,1,1,1,1,8,1753,2,4,2,1
201304AM13129,1,9,0,18,0,8,0,0,0,0,1,1,2,1,5,1364,1,8,4,1
201304AM13129,2,9,0,3,0,8,0,0,0,0,2,1,6,1,11,1329,1,4,4,1
201304AM13129,3,9,0,10,0,8,0,0,0,0,2,1,6,2,6,1595,1,12,3,1
201304AM13130,1,9,0,18,0,0,0,0,0,0,3,1,6,1,8,1149,1,4,1,1
201304AM13130,2,9,0,18,0,0,0,0,0,0,3,1,6,1,8,1360,1,7,-1,1
201304AM13130,3,9,0,18,0,0,0,0,0,0,1,1,6,1,7,1368,1,2,1,1
201304AM13131,1,9,0,18,0,1,0,0,0,0,1,1,6,1,5,1870,2,8,1,1
201304AM13131,2,9,0,3,0,1,0,0,0,0,2,1,6,1,5,1598,1,7,6,1
201304AM13132,1,9,0,18,0,1,0,0,0,0,1,1,6,1,6,2793,1,14,3,1
201304AM13133,1,9,0,5,0,1,0,0,0,0,4,1,6,3,-1,1870,2,10,-1,-1
201304AM13133,2,1,0,18,0,1,0,0,0,0,3,1,6,1,7,-1,-1,-1,-1,-1
201304AM13134,1,9,0,18,0,0,0,0,0,0,1,1,2,1,7,-1,-1,-1,1,1
201304AM13135,1,5,0,18,0,0,2,0,0,0,0,1,6,1,5,-1,-1,-1,3,1
201304AM13136,1,90,0,5,0,8,5,0,0,0,0,1,6,2,11,-1,-1,-1,1,1
201304AM13136,2,9,0,8,0,1,0,0,0,0,0,1,1,3,-1,-1,-1,-1,-1,-1
201304AM13136,3,9,0,10,0,5,0,0,0,0,0,1,6,3,-1,-1,-1,-1,-1,-1
201304AM13137,1,19,0,9,0,8,0,0,0,0,0,1,6,1,6,2198,2,-1,3,1
201304AM13137,2,3,0,18,0,8,2,0,0,0,0,1,2,1,6,125,1,2,1,1