Accident_Index,Vehicle_Reference,Vehicle_Type,Towing_and_Articulation,Vehicle_Manoeuvre,Vehicle_Location-Restricted_Lane,Junction_Location,Skidding_and_Overturning,Hit_Object_in_Carriageway,Vehicle_Leaving_Carriageway,Hit_Object_off_Carriageway,1st_Point_of_Impact,Was_Vehicle_Left_Hand_Drive?,Journey_Purpose_of_Driver,Sex_of_Driver,Age_Band_of_Driver,Engine_Capacity_(CC),Propulsion_Code,Age_of_Vehicle,Driver_IMD_Decile,Driver_Home_Area_Type
201304AM13138,1,9,0,5,0,2,0,0,0,0,1,1,1,2,5,1499,2,-1,-1,-1
201304AM13139,1,8,0,18,0,0,0,0,0,0,4,1,1,1,8,1560,2,5,4,1
201304AM13140,1,9,0,18,0,1,0,0,0,0,1,1,1,1,5,1896,2,6,2,1
201304AM13140,2,9,0,3,0,1,0,0,0,0,2,1,6,2,4,998,1,5,5,1
201304AM13140,3,9,0,10,0,8,0,0,0,0,2,1,6,2,5,1198,1,11,4,1
201304AM13141,1,19,0,18,0,8,0,0,0,0,1,1,1,3,7,1753,2,1,1,1
201304AM13142,1,9,0,3,0,0,0,0,0,0,2,1,6,1,7,998,1,5,7,2
201304AM13142,2,9,0,3,0,0,0,0,0,0,2,1,6,1,11,1198,1,6,6,3
201304AM13142,3,9,0,3,0,0,0,0,0,0,2,1,6,2,8,1997,2,13,4,1
201304AM13142,4,19,0,3,0,0,0,0,0,0,0,1,6,1,6,1868,2,7,9,1
201304AM13144,1,1,0,18,0,8,0,0,0,0,1,1,6,1,6,-1,-1,-1,1,1
201304AM13144,2,9,0,1,0,8,0,0,0,0,3,1,6,1,7,1568,1,4,1,1
201304AM13145,1,9,0,9,0,8,0,0,0,0,1,1,6,2,10,1386,1,6,3,1
201304AM13146,1,9,0,18,0,8,0,0,0,0,1,1,6,1,6,1199,1,9,5,2
201304AM13146,2,9,0,18,0,8,0,0,0,0,3,1,6,2,9,1390,1,9,4,1
201304AM13147,1,8,0,1,0,0,0,7,0,0,2,1,1,1,8,1997,2,10,3,1
201304AM13148,1,19,0,15,0,0,0,0,0,0,3,1,6,3,-1,-1,-1,-1,-1,-1
201304AM13148,2,9,0,18,0,0,0,0,0,0,4,1,1,1,6,1596,1,11,2,1
201304AM13149,1,9,0,8,0,1,0,0,0,0,1,1,6,1,9,1368,1,8,7,1
201304AM13149,2,9,0,3,0,1,0,0,0,0,2,1,2,2,7,1999,1,11,1,1
201304AM13149,3,9,0,3,0,1,0,0,0,0,2,1,6,2,8,1796,1,15,-1,-1
201304AM13150,1,9,0,18,0,1,0,0,0,0,1,1,6,1,5,1086,1,9,1,1
201304AM13150,2,9,0,10,0,5,0,0,0,0,2,1,6,1,8,1910,2,7,5,1
201304AM13151,1,9,0,18,0,0,1,0,0,0,1,1,6,1,7,1199,1,10,1,1
201304AM13152,1,9,0,18,0,0,0,0,0,0,1,1,6,1,11,1598,1,6,2,1
201304AM13152,2,9,0,2,0,0,0,0,0,0,2,1,6,2,6,1598,1,5,2,1
201304AM13152,3,9,0,2,0,0,0,0,1,0,2,1,6,2,5,1461,2,3,9,1
201304AM13152,4,9,0,2,0,0,0,0,0,0,2,1,6,1,6,1798,1,9,5,1
201304AM13153,1,8,0,1,0,8,0,0,0,0,2,1,1,1,7,1910,2,5,4,1
201304AM13154,1,1,0,18,0,0,0,0,0,0,4,1,3,1,3,-1,-1,-1,2,1
201304AM13154,2,9,0,18,0,0,0,0,0,0,4,1,3,2,11,998,1,12,4,1
201304AM13155,1,4,0,13,0,8,5,0,1,1,3,1,6,1,7,399,1,25,-1,-1
201304AM13155,2,9,0,9,0,8,0,0,0,0,4,1,6,1,5,-1,-1,-1,8,1
201304AM13156,1,9,0,16,0,3,1,0,0,0,1,1,6,2,7,-1,-1,-1,-1,-1
201304AM13156,2,9,0,18,0,1,0,0,0,0,1,1,6,1,9,1388,1,6,-1,-1
201304AM13157,1,19,0,4,0,1,0,0,0,0,1,1,6,1,7,1998,2,10,-1,-1
201304AM13157,2,9,0,3,0,1,0,0,0,0,2,1,6,2,8,1248,2,5,6,1
201304AM13158,1,9,0,5,0,8,0,0,0,0,3,1,6,1,6,1956,2,2,1,1
201304AM13158,2,9,0,18,0,8,0,0,0,0,1,1,6,1,5,1339,1,-1,2,1
201304AM13159,1,9,0,18,0,1,0,0,0,0,3,1,6,3,-1,-1,-1,-1,-1,-1
201304AM13159,2,11,0,10,0,1,0,0,0,0,0,1,1,1,8,-1,2,14,7,3
201304AM13160,1,9,0,3,0,2,0,0,0,0,1,1,6,2,5,1598,1,1,2,1
201304AM13160,2,9,0,2,0,2,0,0,0,0,1,1,6,2,6,1560,2,-1,6,1
201304AM13161,1,9,0,9,0,8,0,0,0,0,1,1,1,2,7,1587,1,10,4,1
201304AM13162,1,9,0,18,0,1,0,0,0,0,1,1,6,1,6,2099,1,11,-1,-1
201304AM13162,2,9,0,3,0,1,0,0,0,0,3,1,6,1,7,1587,1,10,3,1
201304AM13163,1,9,0,18,0,1,0,0,0,0,1,1,6,2,4,1198,1,4,6,1
201304AM13163,2,9,0,3,0,1,0,0,0,0,2,1,6,2,7,1461,2,8,10,1
201304AM13164,1,19,0,18,0,0,0,0,0,0,3,1,1,1,9,2198,2,-1,6,1
201304AM13165,1,9,0,4,0,1,0,0,0,0,1,1,2,1,5,1686,2,1,5,1
201304AM13165,2,9,0,4,0,1,0,0,0,0,2,1,6,2,5,1360,1,7,8,1
201304AM13166,1,9,0,18,0,8,0,0,0,0,1,1,6,1,8,3227,2,11,1,1
201304AM13166,2,9,0,3,0,8,0,0,0,0,2,1,6,2,7,998,1,-1,3,1
201304AM13167,1,9,0,18,0,0,0,0,0,0,1,1,6,1,6,1560,2,2,4,1
201304AM13167,2,9,0,2,0,0,0,0,0,0,2,1,6,1,5,1360,1,12,1,1
201304AM13168,1,19,0,6,0,0,0,0,0,0,3,1,1,1,5,2198,2,5,2,1
201304AM13168,2,9,0,18,0,0,0,0,0,0,1,1,6,2,8,1240,1,8,9,1
201304AM13169,1,9,0,18,0,8,0,0,0,0,1,1,6,3,-1,1598,1,12,-1,-1
201304AM13169,2,9,0,18,0,8,0,0,1,10,3,1,6,1,6,1124,1,13,-1,-1
201304AM13170,1,9,0,5,0,6,0,0,0,0,1,1,2,2,6,1199,1,12,10,1
201304AM13170,2,9,0,7,0,3,0,0,0,0,1,1,1,1,6,1796,1,10,1,1
201304AM13171,1,9,0,9,0,6,0,0,0,0,2,1,6,1,8,1798,1,9,6,1
201304AM13171,2,90,5,18,0,8,5,10,1,10,0,1,6,1,9,-1,-1,-1,1,1
201304AM13172,1,9,0,9,0,8,0,0,0,0,1,1,6,2,6,1560,2,7,1,1
201304AM13172,2,1,0,18,0,8,0,0,0,0,4,1,1,1,5,-1,-1,-1,-1,-1
201304AM13173,1,9,0,3,0,1,0,0,0,0,1,1,2,2,6,1360,1,11,5,1
201304AM13173,2,8,0,3,0,1,0,0,0,0,2,1,1,1,7,1753,2,6,6,1
201304AM13173,3,9,0,3,0,1,0,0,0,0,2,1,6,2,7,1995,2,9,2,1
201304AM13173,4,9,0,3,0,1,0,0,0,0,2,1,6,2,8,1596,1,5,9,1
201304AM13174,1,9,0,9,0,4,0,0,0,0,1,1,2,2,8,1339,1,5,4,1
201304AM13174,2,1,0,18,0,4,0,0,0,0,1,1,2,1,5,-1,-1,-1,-1,-1
201304AM13175,1,9,0,18,0,0,0,0,7,0,1,1,6,1,5,1149,1,7,1,1
201304AM13175,2,9,0,18,0,0,0,0,7,0,4,1,3,2,8,1998,1,8,4,1
201304AM13176,1,19,0,18,0,0,0,0,0,0,2,1,6,3,-1,1399,2,3,-1,-1
201304AM13176,2,9,0,4,0,0,1,0,0,0,1,1,6,1,7,2993,2,5,1,1
201304AM13177,1,11,0,18,0,1,0,0,0,0,1,1,1,1,8,8268,2,9,2,1
201304AM13177,2,9,0,18,0,1,0,0,0,0,2,1,6,1,10,1198,1,1,8,1
201304AM13178,1,9,0,18,0,0,0,0,0,0,1,1,6,1,11,1360,1,10,3,1
201304AM13178,2,9,0,4,0,0,0,0,0,0,2,1,2,1,6,998,1,2,9,1
201304AM13179,1,9,0,18,0,0,0,0,0,0,1,1,6,3,-1,-1,-1,-1,-1,-1
201304AM13180,1,9,0,18,0,8,0,0,0,0,1,1,6,2,5,998,1,1,4,1
201304AM13180,2,9,0,18,0,8,0,0,0,0,1,1,6,1,6,1781,1,11,9,1
201304AM13181,1,9,0,14,0,1,0,0,0,7,1,1,6,1,6,1560,2,1,1,1
201304AM13181,2,9,0,3,0,1,0,0,5,0,2,1,1,1,7,1596,1,11,2,1
201304AM13181,3,9,0,3,0,1,0,0,0,0,2,1,3,2,7,1242,1,14,1,1
201304AM13182,1,5,0,18,0,8,1,0,0,0,2,1,6,1,10,1261,1,9,9,1
201304AM13182,2,9,0,10,0,8,0,0,0,0,1,1,6,2,6,1995,2,9,5,1
201304AM13183,1,9,0,9,0,8,0,0,0,0,0,1,6,3,-1,-1,-1,-1,-1,-1
201304AM13183,2,5,0,18,0,8,1,0,0,0,0,1,2,1,6,-1,-1,-1,8,1
201304AM13184,1,9,0,3,7,2,0,0,0,0,1,1,6,3,-1,-1,-1,-1,-1,-1
201304AM13185,1,9,0,18,0,8,0,0,0,0,1,1,6,1,5,1998,2,12,1,1
201304AM13185,2,9,0,18,0,8,0,0,0,0,3,1,6,1,9,1998,1,15,1,1
201304AM13186,1,9,0,9,0,8,0,0,0,0,1,1,6,1,6,1598,1,10,6,1
201304AM13186,2,9,0,18,0,8,0,10,0,0,1,1,6,1,8,1598,1,2,5,1
201304AM13187,1,9,0,18,0,1,0,0,0,0,1,1,6,2,9,796,1,13,2,1
201304AM13187,2,9,0,2,0,2,0,0,0,0,2,1,6,3,-1,1796,1,8,-1,-1
201304AM13187,3,9,0,2,0,2,0,0,0,0,2,1,6,3,-1,-1,-1,-1,-1,-1
201304AM13187,4,9,0,2,0,2,0,0,0,0,2,1,6,3,-1,1389,1,13,-1,-1
201304AM13188,1,9,0,18,0,1,0,0,0,0,1,1,6,1,8,1796,1,16,1,1
201304AM13188,2,9,0,4,0,1,0,0,0,0,2,1,6,1,8,1995,1,6,1,1
201304AM13189,1,3,0,14,0,1,0,0,0,0,4,1,6,1,8,125,1,4,-1,-1
201304AM13189,2,9,0,3,0,1,0,0,0,0,3,1,6,2,6,1329,1,3,4,1
201304AM13190,1,19,0,1,0,1,0,0,0,0,2,1,1,1,7,1997,2,13,3,1
201304AM13190,2,9,0,3,0,1,0,0,0,0,1,1,6,2,6,998,1,7,2,1
201304AM13191,1,9,0,18,0,0,0,0,0,0,1,1,6,3,-1,-1,-1,-1,-1,-1
201304AM13192,1,9,0,9,0,1,0,0,0,0,3,1,6,3,-1,-1,-1,-1,-1,-1
201304AM13192,2,4,0,8,0,1,0,0,0,0,3,1,6,2,8,471,1,-1,7,3
201304AM13193,1,9,0,18,0,0,0,0,7,1,1,1,6,1,10,1997,1,4,8,1
201304AM13193,2,9,0,2,0,0,0,0,1,4,2,1,6,2,7,1997,1,5,2,1
201304AM13194,1,9,0,13,0,8,0,0,0,0,4,1,6,3,-1,-1,-1,-1,-1,-1
201304AM13194,2,1,0,18,0,8,0,0,1,0,3,1,1,2,8,-1,-1,-1,5,1
201304AN13001,1,9,0,18,0,2,0,0,0,0,1,1,6,2,10,1587,1,5,5,1
201304AN13001,2,1,0,18,0,1,0,0,0,0,1,1,2,1,8,-1,-1,-1,5,1
201304AN13002,1,5,0,4,0,1,1,0,0,0,0,1,2,1,8,805,1,20,5,1
201304AN13003,1,9,0,9,0,6,0,0,0,0,3,1,6,2,4,1299,1,11,8,1
201304AN13003,2,3,0,18,0,8,5,0,0,0,1,1,6,1,7,124,1,2,6,1
201304AN13004,1,9,0,15,0,2,0,0,0,0,4,1,6,1,6,-1,-1,-1,2,1
201304AN13004,2,5,0,12,0,2,0,0,0,0,3,1,2,2,8,649,1,3,5,1
201304AN13005,1,3,0,7,0,1,1,0,0,0,4,1,6,1,5,124,1,1,2,1
201304AN13006,1,9,0,18,0,8,0,0,0,0,1,1,6,2,8,1975,1,7,7,3
201304AN13007,1,9,0,9,0,8,0,0,0,0,4,1,6,1,7,1399,1,4,5,1
201304AN13007,2,1,0,18,0,8,0,0,0,0,1,1,6,1,8,-1,-1,-1,9,1
201304AN13008,1,9,0,16,0,0,0,0,0,0,1,1,2,1,7,1396,1,11,5,1
201304AN13009,1,9,0,9,0,6,0,0,0,0,1,1,6,1,6,1796,1,11,3,1
201304AN13009,2,5,0,18,0,1,0,0,0,0,1,1,6,1,9,1157,1,8,-1,-1
201304AN13010,1,9,0,7,0,1,0,0,0,0,0,1,6,1,6,-1,-1,-1,3,1
201304AN13010,2,1,0,18,0,1,0,0,0,0,0,1,6,1,6,-1,-1,-1,3,1
201304AN13011,1,9,0,9,0,2,0,0,0,0,3,1,2,2,7,1679,1,13,2,1
201304AN13011,2,3,0,18,0,1,0,0,0,0,1,1,2,1,4,124,1,4,2,1
201304AN13012,1,9,0,5,0,4,0,0,0,0,1,1,1,1,8,1560,2,2,8,1
201304AN13012,2,1,0,3,0,4,0,0,0,0,2,1,2,1,8,-1,-1,-1,3,1
201304AN13013,1,9,0,9,0,8,0,0,0,0,1,1,1,2,5,998,1,3,5,2
201304AN13013,2,9,0,18,0,8,0,0,0,0,1,1,1,2,10,998,1,4,8,1
201304AN13014,1,9,0,9,0,5,0,0,0,0,1,1,6,1,5,1229,1,7,5,1
201304AN13015,1,9,0,18,0,4,0,0,0,0,3,1,6,2,8,1997,2,3,10,1
201304AN13015,2,9,0,9,0,3,0,0,0,0,1,1,6,2,10,973,1,10,1,1
201304AN13016,1,9,0,5,0,1,0,0,0,0,1,1,6,2,6,1598,1,12,1,1
201304AN13016,2,1,0,9,0,5,0,0,0,0,1,1,6,1,8,-1,-1,-1,7,1
201304AN13017,1,9,0,9,0,8,0,0,0,0,1,1,6,2,7,2497,2,8,9,1
201304AN13017,2,2,0,18,0,1,0,0,0,0,3,1,4,1,4,49,1,4,3,1
201304AN13018,1,9,0,18,0,1,0,0,0,0,1,1,6,1,8,1198,1,9,1,1
201304AN13019,1,9,0,9,0,1,0,0,0,0,4,1,6,1,10,1998,1,6,2,1
201304AN13019,2,9,0,18,0,1,0,0,0,0,1,1,6,1,6,1598,1,11,6,1
201304AN13021,1,2,0,18,0,1,1,0,0,0,0,1,6,1,4,49,1,1,1,1
201304AN13022,1,4,0,13,0,8,5,0,3,0,1,1,6,1,4,487,1,23,8,1
201304AN13022,2,9,0,9,0,8,0,0,0,0,3,1,6,2,6,1896,2,10,-1,-1
201304AN13023,1,8,0,18,0,1,0,0,0,0,0,1,1,2,9,1997,2,4,9,1
201304AN13024,1,9,0,18,0,0,0,0,0,0,1,1,3,2,6,998,1,11,2,1
201304AN13024,2,11,0,2,0,0,0,0,0,0,0,1,1,1,8,8268,2,7,3,1
201304AN13025,1,9,0,18,0,4,0,9,3,10,1,1,6,2,11,1597,1,17,1,1
201304AN13026,1,9,0,18,0,2,0,0,0,0,3,1,1,1,8,1753,2,12,1,1
201304AN13026,2,9,0,5,0,6,0,0,0,0,1,1,1,1,8,2204,2,7,8,1
201304AN13027,1,9,0,9,0,8,0,0,0,0,1,1,6,2,10,1769,1,12,7,1
201304AN13027,2,3,0,18,0,8,1,0,0,0,1,1,6,1,8,125,1,-1,1,1
201304AN13028,1,3,0,18,0,0,1,0,0,0,1,1,2,1,8,125,1,7,10,1
201304AN13028,2,19,0,2,0,0,0,0,0,0,3,1,6,3,-1,2298,2,3,-1,-1
201304AN13029,1,9,0,18,0,8,0,0,1,10,1,1,6,2,10,1560,2,8,5,1
201304AN13029,2,9,0,18,0,8,0,0,7,10,1,1,6,2,7,1794,1,8,3,1
201304AN13030,1,19,0,18,0,0,0,0,0,0,1,1,1,1,8,2500,2,6,5,1
201304AN13030,2,9,0,10,0,0,0,0,0,0,2,1,6,2,8,1796,1,10,8,1
201304AN13031,1,8,0,9,0,5,0,0,0,0,1,1,6,3,-1,-1,-1,-1,-1,-1
201304AN13031,2,5,0,18,0,1,1,0,0,0,1,1,6,1,5,599,1,11,2,1
201304AN13032,1,10,0,18,0,0,0,0,1,0,1,1,1,1,7,2496,2,18,5,1
201304AN13033,1,9,0,9,0,1,0,0,0,0,3,1,6,2,5,1796,1,9,1,1
201304AN13033,2,9,0,18,0,1,0,0,0,0,1,1,6,2,9,1368,1,9,7,1
201304AN13034,1,9,0,18,0,0,0,0,0,0,3,1,3,2,9,1560,2,7,3,1
201304AN13034,2,9,0,4,0,0,0,0,0,0,3,1,3,2,6,1598,1,11,-1,-1
201304AN13034,3,9,0,3,0,0,0,0,0,0,3,1,6,1,8,1997,1,2,-1,-1
201304AN13035,1,9,0,3,0,0,0,0,0,0,2,1,6,2,4,998,1,1,5,1
201304AN13035,2,9,0,4,0,0,0,0,0,0,1,1,6,1,6,1242,1,10,6,1
201304AN13036,1,9,0,18,0,0,0,0,0,0,3,1,6,3,-1,-1,-1,-1,-1,-1
201304AN13037,1,9,0,1,0,6,0,0,0,0,2,1,6,1,6,1299,1,10,5,1
201304AN13037,2,9,0,18,0,1,1,0,0,0,1,1,6,2,10,1339,1,5,6,1
201304AN13038,1,9,0,1,0,6,0,0,0,0,2,1,1,1,6,1124,1,13,1,1
201304AN13039,1,9,0,18,0,1,0,10,1,2,1,1,6,1,4,1198,1,6,7,1
201304AN13039,2,9,0,1,0,1,2,0,0,0,0,1,6,3,-1,1796,1,13,-1,-1
201304AN13040,1,8,0,18,0,0,0,0,0,0,4,1,1,1,6,1910,2,5,1,1
201304AN13040,2,9,0,2,0,0,0,0,0,0,3,1,6,1,6,1796,1,10,-1,-1
201304AN13041,1,20,0,18,0,4,0,0,0,0,3,1,1,1,7,-1,-1,-1,7,1
201304AN13041,2,5,0,18,0,3,1,0,0,0,1,1,2,1,8,598,1,16,1,1
201304AN13042,1,9,0,9,0,6,0,0,0,0,1,1,1,2,8,1242,1,5,8,1
201304AN13042,2,9,0,18,0,1,0,0,0,0,1,1,1,1,6,1396,1,23,5,1
201304AN13043,1,9,0,18,0,8,0,0,0,0,1,1,6,1,7,1985,1,14,3,1
201304AN13043,2,9,0,18,0,8,0,0,0,0,2,1,6,2,8,1796,1,13,-1,-1
201304AN13044,1,9,0,18,0,1,0,0,0,0,1,1,6,2,7,796,1,10,1,1
201304AN13045,1,9,0,9,0,8,0,0,0,0,3,1,2,1,6,1299,1,13,9,1
201304AN13045,2,9,0,18,0,8,0,0,0,0,1,1,3,1,8,998,1,14,6,1
201304AN13046,1,9,0,5,0,8,0,0,0,0,1,1,6,2,9,1149,1,12,-1,-1
201304AN13046,2,9,0,18,0,8,0,0,0,0,3,1,6,2,5,1596,1,11,5,1
201304AN13047,1,9,0,7,0,1,0,0,0,0,1,1,6,2,8,2198,1,13,-1,-1
201304AN13047,2,9,0,7,0,1,0,0,0,0,2,1,6,1,10,1584,1,8,1,1
201304AN13048,1,9,0,18,0,8,0,0,0,0,1,1,2,2,9,1396,1,10,3,1
201304AN13049,1,9,0,4,0,0,0,0,0,0,0,1,6,1,4,1149,1,1,5,1
201304AN13050,1,3,0,17,0,1,0,0,0,0,1,1,2,1,5,124,1,9,2,1
201304AN13050,2,9,0,16,0,1,0,0,0,0,1,1,2,1,7,1796,1,10,1,1
201304AN13051,1,9,0,4,0,0,0,0,0,0,1,1,6,1,10,1242,1,2,7,1
201304AN13051,2,9,0,3,0,0,0,0,0,0,2,1,2,2,9,1390,1,14,7,2
201304AN13052,1,9,0,18,0,2,0,0,0,0,1,1,2,1,8,1590,1,9,1,1
201304AN13052,2,1,0,9,0,2,0,0,0,0,4,1,4,2,2,-1,-1,-1,5,1
201304AN13053,1,1,0,5,0,6,0,10,0,0,0,1,6,1,8,-1,-1,-1,2,1
201304AN13054,1,9,0,5,0,4,0,0,0,0,3,1,6,1,4,1242,1,7,9,1
201304AN13054,2,1,0,18,0,3,0,0,0,0,1,1,2,1,8,-1,-1,-1,3,1
201304AN13055,1,9,0,17,0,0,0,0,0,0,1,1,6,1,6,2979,1,13,-1,-1
201304AN13055,2,9,0,16,0,0,0,0,0,0,1,1,6,2,6,1242,1,10,-1,-1
201304AN13056,1,9,0,3,0,1,0,0,0,0,1,1,6,2,8,1991,1,-1,5,1
201304AN13056,2,9,0,3,0,1,2,0,0,0,2,1,6,3,-1,-1,-1,-1,-1,-1
201304AN13056,3,9,5,4,0,1,0,0,0,0,2,1,6,2,8,1399,1,6,6,1
201304AN13057,1,9,0,5,0,6,0,0,0,0,4,1,6,1,9,998,1,-1,9,1
201304AN13057,2,9,0,5,0,8,0,0,0,0,1,1,6,2,7,998,1,14,2,1
201304AN13058,1,9,0,7,0,1,0,0,0,0,4,1,6,1,-1,-1,-1,-1,-1,-1
201304AN13058,2,1,0,18,0,2,0,0,0,0,1,1,6,1,5,-1,-1,-1,3,1
201304AN13059,1,9,0,9,0,8,0,0,0,0,1,1,6,2,6,1360,1,13,6,1
201304AN13059,2,8,0,18,0,8,0,0,0,0,1,1,1,1,7,2664,2,16,5,1
201304AN13060,1,9,0,9,0,8,0,0,0,0,4,1,6,2,7,2198,1,10,-1,-1
201304AN13060,2,9,0,18,0,2,0,0,0,0,1,1,6,1,8,4235,1,-1,3,1
201304AN13061,1,9,0,18,0,1,0,0,0,0,4,1,1,1,9,1753,2,5,1,1
201304AN13061,2,1,0,9,0,1,0,0,0,0,4,1,4,1,3,-1,-1,-1,1,1
201304AN13062,1,5,0,13,0,1,0,0,0,0,4,1,6,1,7,-1,-1,-1,3,1
201304AN13062,2,8,0,9,0,5,0,0,0,0,3,1,6,1,8,1596,1,7,1,1
201304AN13063,1,3,0,14,0,1,2,0,1,0,0,1,4,2,4,124,1,1,3,1
201304AN13063,2,9,0,14,0,1,0,0,0,0,0,1,6,1,11,1386,1,5,5,1
201304AN13064,1,9,0,18,0,0,0,4,0,0,1,1,6,1,6,2979,1,13,-1,-1
201304AN13064,2,9,0,18,0,0,0,0,0,0,1,1,6,1,-1,2902,2,6,8,1
201304AN13064,3,9,0,18,0,0,0,0,0,0,4,1,6,1,8,1968,2,1,8,1
201304AN13064,4,9,0,18,0,0,0,0,0,0,1,1,6,2,6,1596,1,9,8,1
201304AN13064,5,9,0,18,0,0,0,0,0,0,1,1,6,2,8,2171,1,12,8,1
201304AN13065,1,17,0,17,0,8,0,0,0,0,4,1,1,3,-1,-1,-1,-1,-1,-1
201304AN13065,2,9,0,17,0,8,0,0,0,0,3,1,2,1,8,1910,2,5,4,1
201304AN13066,1,9,0,5,0,4,0,9,8,10,3,1,2,1,9,2099,1,11,8,1
201304AN13066,2,9,0,18,0,8,0,0,0,0,1,1,6,2,6,1868,2,12,1,1
201304AN13067,1,9,0,13,0,0,1,0,2,2,4,1,6,1,9,1596,1,-1,1,1
201304AN13067,2,9,0,18,0,0,0,0,0,0,3,1,6,1,9,1998,2,14,3,1
201304AN13068,1,9,0,18,0,2,0,0,0,0,1,1,6,2,6,1299,1,11,2,1
201304AN13069,1,9,0,5,0,1,0,0,0,0,4,1,6,2,9,1388,1,2,5,1
201304AN13069,2,9,0,18,0,1,0,0,0,0,1,1,6,1,7,1796,1,9,5,1
201304AN13069,3,9,0,3,0,1,0,0,0,0,3,1,6,2,4,973,1,12,5,1
201304AN13070,1,1,0,18,0,8,1,0,0,0,1,1,6,1,2,-1,-1,-1,-1,-1
201304AN13070,2,9,0,18,0,8,1,0,0,0,1,1,1,1,6,1348,1,12,1,1
201304AN13071,1,9,0,18,0,1,0,0,0,1,1,1,6,3,-1,2393,1,9,-1,-1
201304AN13071,2,9,0,10,0,1,0,0,0,0,2,1,3,2,7,1587,1,6,5,1
201304AN13072,1,9,0,18,0,0,0,0,0,0,4,1,6,2,11,-1,-1,-1,1,1
201304AN13072,2,9,0,2,0,0,0,0,0,0,4,1,6,3,-1,-1,-1,-1,-1,-1
201304AN13073,1,18,0,4,1,0,0,0,0,0,1,1,6,1,5,-1,-1,-1,1,1
201304AN13074,1,9,0,5,0,6,0,0,0,0,1,1,6,2,6,1984,1,5,1,1
201304AN13074,2,9,0,18,0,8,0,0,0,0,3,1,6,2,5,-1,-1,-1,2,1
201304AN13075,1,5,0,13,0,1,1,7,0,1,1,1,6,1,7,899,1,15,5,1
201304AN13075,2,21,1,5,0,1,0,0,0,0,4,1,1,1,7,11967,2,4,3,1
201304AN13075,3,9,0,9,0,1,0,0,0,0,0,1,6,3,-1,-1,-1,-1,-1,-1
201304AN13076,1,9,0,18,0,0,0,0,0,0,0,1,2,1,7,2997,1,10,2,1
201304AN13076,2,11,0,18,0,0,0,0,0,0,0,1,1,1,7,-1,2,16,-1,-1
201304AN13077,1,1,0,5,0,0,0,0,0,0,1,1,6,2,2,-1,-1,-1,3,1
201304AN13077,2,9,0,18,0,0,0,0,0,0,4,1,6,2,-1,-1,-1,-1,-1,-1
201304AN13078,1,9,0,16,0,8,0,0,0,0,1,1,1,1,7,-1,-1,-1,9,3
201304AN13078,2,9,0,10,0,5,0,0,0,0,2,1,6,2,7,1598,1,5,7,1
201304AN13080,1,3,0,4,0,0,2,0,0,0,1,1,6,1,4,124,1,1,3,1
201304AN13080,2,9,0,3,0,0,0,0,0,0,2,1,6,1,8,1753,2,12,10,1
201304AN13081,1,9,0,18,0,8,0,0,7,10,4,1,6,1,7,-1,-1,-1,5,1
201304AN13081,2,9,0,18,0,1,0,0,0,0,1,1,6,1,5,1988,1,10,1,1
201304AN13082,1,9,0,7,0,8,0,0,0,0,4,1,6,3,-1,-1,-1,-1,-1,-1
201304AN13082,2,1,0,18,0,1,0,0,0,0,1,1,6,2,6,-1,-1,-1,3,1
201304AN13084,1,9,0,9,0,6,0,0,0,0,3,1,6,1,10,998,1,4,7,1
201304AN13084,2,90,0,18,0,8,0,0,0,0,1,1,6,1,5,234,1,6,9,1
201304AN13085,1,9,0,4,0,0,0,0,0,0,1,1,6,1,7,1560,2,3,7,1
201304AN13085,2,9,0,4,0,0,0,0,0,0,2,1,6,2,7,1995,1,6,5,1
201304AN13085,3,9,0,4,0,0,0,0,0,0,2,1,6,2,6,1390,1,7,6,1
201304AN13087,1,9,0,7,0,3,0,0,7,1,1,1,2,1,5,1242,1,9,4,1
201304AN13088,1,9,0,18,1,8,0,0,0,0,1,1,6,2,8,-1,-1,-1,1,1
201304AN13088,2,9,0,18,0,1,0,0,0,0,3,1,6,1,8,1598,1,5,6,1
201304AN13089,1,9,0,7,0,8,0,0,0,0,0,1,6,1,-1,-1,-1,-1,-1,-1
201304AN13089,2,1,0,18,0,8,0,0,1,1,1,1,6,2,3,-1,-1,-1,2,1
201304AN13090,1,9,0,18,0,0,0,0,0,0,1,1,2,1,6,1998,1,9,5,1
201304AN13090,2,9,0,18,0,0,0,0,0,0,1,1,6,1,10,1986,2,5,10,2
201304AN13091,1,9,0,5,0,0,0,0,0,0,1,1,1,2,6,1242,1,1,1,1
201304AN13091,2,10,0,18,0,0,0,0,0,0,2,1,1,1,9,-1,-1,-1,-1,-1
201304AN13092,1,9,0,18,0,1,0,0,0,0,1,1,6,1,7,1360,1,2,1,1
201304AN13092,2,9,0,18,0,1,0,0,0,0,2,1,6,2,10,998,1,14,5,1
201304AN13093,1,5,0,13,0,0,2,0,0,0,1,1,6,1,4,645,1,13,3,1
201304AN13093,2,8,0,18,0,0,0,0,0,0,0,1,6,2,9,1388,1,4,5,1
201304AN13093,3,90,0,2,0,0,0,0,0,0,2,1,6,3,-1,-1,-1,-1,-1,-1
201304AN13094,1,9,0,7,0,8,0,0,0,0,1,1,6,3,-1,-1,-1,-1,-1,-1
201304AN13094,2,9,0,4,0,1,0,0,0,0,1,1,1,1,6,1397,1,13,6,1
201304AN13095,1,1,0,9,0,1,0,0,0,0,2,1,2,1,7,-1,-1,-1,6,1
201304AN13095,2,3,0,18,0,1,1,0,0,0,1,1,2,1,7,124,1,6,5,1
201304AN13096,1,9,0,9,0,5,1,0,0,0,1,1,2,2,9,1299,1,9,5,1