Accident_Index,Vehicle_Reference,Vehicle_Type,Towing_and_Articulation,Vehicle_Manoeuvre,Vehicle_Location-Restricted_Lane,Junction_Location,Skidding_and_Overturning,Hit_Object_in_Carriageway,Vehicle_Leaving_Carriageway,Hit_Object_off_Carriageway,1st_Point_of_Impact,Was_Vehicle_Left_Hand_Drive?,Journey_Purpose_of_Driver,Sex_of_Driver,Age_Band_of_Driver,Engine_Capacity_(CC),Propulsion_Code,Age_of_Vehicle,Driver_IMD_Decile,Driver_Home_Area_Type
201304BA13172,4,9,0,2,0,0,0,0,0,0,1,1,6,2,-1,1229,1,4,4,1
201304BA13174,1,8,0,4,0,0,0,0,0,0,1,1,1,1,6,1997,2,8,2,1
201304BA13174,2,8,0,3,0,0,0,0,0,0,2,1,1,1,8,1896,2,6,1,1
201304BA13175,1,9,0,18,0,4,0,0,0,0,1,1,6,1,8,1590,1,10,8,2
201304BA13175,2,1,0,18,0,3,0,0,0,0,1,1,6,1,5,-1,-1,-1,-1,-1
201304BA13176,1,9,0,17,0,0,5,0,8,10,3,1,6,1,4,1199,1,13,2,1
201304BB13001,1,19,0,18,0,0,0,0,0,0,1,1,1,1,6,2198,2,1,2,1
201304BB13002,1,9,0,18,0,8,0,0,0,0,1,1,6,1,8,1988,2,10,10,2
201304BB13003,1,9,0,9,0,5,0,0,0,0,1,1,2,1,9,1997,2,12,1,1
201304BB13004,1,19,0,4,0,4,0,0,0,0,1,1,6,1,9,1997,2,7,4,1
201304BB13004,2,1,0,4,0,3,0,0,0,0,1,1,6,2,9,-1,-1,-1,6,1
201304BB13005,1,9,0,4,0,0,0,0,0,0,2,1,6,1,9,1968,2,7,3,2
201304BB13005,2,1,0,18,0,0,0,0,0,0,1,1,6,1,7,-1,-1,-1,7,1
201304BB13006,1,9,0,18,0,1,0,0,0,0,2,1,6,1,8,2179,2,3,4,1
201304BB13006,2,9,0,4,0,1,0,0,0,0,2,1,1,2,7,1968,2,2,9,1
201304BB13007,1,9,0,18,0,6,0,0,0,0,4,1,6,2,7,1794,1,8,10,2
201304BB13008,1,9,0,4,0,1,0,0,0,0,1,1,6,2,9,1388,1,3,8,3
201304BB13008,2,9,0,4,0,1,0,0,0,0,2,1,6,1,7,-1,-1,-1,8,1
201304BB13009,1,9,0,18,0,8,0,0,0,0,1,1,6,2,7,1560,2,4,4,1
201304BB13009,2,1,0,18,0,1,0,0,0,0,3,1,6,1,4,-1,-1,-1,7,1
201304BB13010,1,9,0,18,0,0,1,0,8,4,3,1,6,1,4,-1,-1,-1,9,1
201304BB13011,1,9,0,13,0,0,2,0,7,7,1,1,2,2,6,1596,1,17,9,2
201304BB13012,1,9,0,7,0,8,0,0,0,0,1,1,6,2,7,1997,2,8,2,1
201304BB13012,2,9,0,16,0,1,1,0,7,10,4,1,6,1,7,2000,2,9,5,1
201304BB13013,1,9,0,18,0,1,0,0,0,0,1,1,6,2,7,1968,2,5,8,2
201304BB13013,2,9,0,18,0,1,0,0,1,0,1,1,6,1,5,1796,1,11,8,3
201304BB13014,1,9,0,16,0,0,1,0,7,0,3,1,6,2,4,1124,1,9,4,1
201304BB13014,2,9,0,17,0,0,0,0,0,0,4,1,2,2,7,1796,1,12,6,2
201304BB13015,1,9,0,18,0,8,0,0,0,0,1,1,1,2,8,1951,2,11,1,1
201304BB13015,2,9,0,18,0,8,0,0,0,0,3,1,1,1,7,1396,1,9,5,1
201304BB13016,1,9,0,9,0,1,0,0,0,0,3,1,6,1,7,1242,1,12,6,1
201304BB13016,2,9,0,6,0,2,0,0,0,0,1,1,6,1,10,1596,1,5,2,1
201304BB13017,1,21,0,2,0,1,0,0,7,10,2,1,6,2,11,-1,-1,-1,1,1
201304BB13018,1,9,0,18,0,0,1,0,7,2,4,1,2,1,8,1396,1,11,5,1
201304BB13019,1,9,0,18,0,4,0,0,0,0,1,1,6,2,5,1248,2,2,4,1
201304BB13019,2,1,0,17,0,3,0,0,0,0,4,1,1,2,7,-1,-1,-1,4,1
201304BB13020,1,9,0,18,0,0,0,0,0,2,1,1,6,1,10,1796,1,10,8,2
201304BB13021,1,9,0,18,0,0,1,0,0,0,1,1,6,1,6,1596,1,12,-1,-1
201304BB13021,2,9,0,18,0,0,2,0,1,10,1,1,6,2,5,1229,1,5,-1,-1
201304BB13022,1,21,1,6,0,1,0,0,0,0,2,2,1,3,-1,-1,-1,-1,-1,-1
201304BB13022,2,21,0,2,0,1,0,0,0,0,2,1,1,1,9,-1,-1,-1,2,1
201304BB13023,1,9,0,18,0,0,0,0,0,0,3,1,6,3,-1,-1,-1,-1,-1,-1
201304BB13024,1,9,0,4,0,2,0,0,0,0,1,1,6,1,6,1968,2,7,5,1
201304BB13024,2,9,0,3,0,2,0,0,0,0,2,1,6,1,6,1598,2,2,1,1
201304BB13025,1,9,0,9,0,6,0,0,0,0,1,1,6,1,-1,1994,2,10,-1,-1
201304BB13025,2,9,0,18,0,8,0,0,0,0,1,1,6,1,8,1360,1,12,-1,-1
201304BB13025,3,9,0,2,0,1,0,0,0,0,4,1,6,3,-1,2497,2,14,-1,-1
201304BB13025,4,9,0,18,0,8,0,0,1,10,1,1,6,1,10,1199,1,10,7,1
201304BB13027,1,9,0,18,0,0,1,0,0,0,3,1,6,1,5,2000,2,9,-1,-1
201304BB13028,1,9,0,1,0,1,0,0,0,0,2,1,6,1,11,1796,1,17,9,1
201304BB13028,2,9,0,3,0,1,0,0,0,0,2,1,6,1,7,1796,1,11,5,1
201304BB13029,1,9,0,18,0,0,2,0,0,0,1,1,6,1,9,1490,1,9,5,1
201304BB13029,2,9,0,2,0,0,0,10,1,0,1,1,6,3,-1,1396,1,14,-1,-1
201304BB13030,1,90,0,7,0,2,0,0,0,0,1,1,1,1,7,-1,-1,-1,9,1
201304BB13030,2,1,0,18,0,1,0,0,0,0,1,1,6,1,8,-1,-1,-1,-1,-1
201304BB13031,1,1,0,18,0,0,0,0,0,0,1,1,6,1,6,-1,-1,-1,4,3
201304BB13031,2,9,0,18,0,0,0,0,0,0,1,1,6,1,8,2999,2,9,8,2
201304BB13032,1,9,0,18,0,1,0,0,3,4,1,1,6,1,7,-1,-1,-1,-1,-1
201304BB13033,1,9,0,18,0,2,0,0,0,0,2,1,3,2,6,1299,1,14,8,2
201304BB13033,2,1,0,18,0,1,0,0,0,0,1,1,2,1,6,-1,-1,-1,6,2
201304BB13037,1,9,0,18,0,0,0,0,0,0,4,1,6,2,6,1597,1,14,1,1
201304BB13038,1,9,0,9,0,5,0,0,0,0,1,1,6,2,8,1339,1,5,9,2
201304BB13038,2,5,0,18,0,1,0,0,0,0,1,1,6,1,-1,1157,1,13,6,1
201304BB13038,3,9,0,18,0,1,0,0,0,0,0,1,6,2,7,1997,1,21,2,1
201304BB13039,1,9,0,18,0,1,0,0,0,0,1,1,6,2,4,1149,1,6,-1,-1
201304BB13039,2,9,0,10,0,8,0,0,0,0,2,1,2,2,7,1900,2,14,5,1
201304BB13040,1,9,0,9,0,1,0,0,0,0,1,1,6,1,11,1798,1,8,6,1
201304BB13040,2,1,0,18,0,1,0,0,0,0,3,1,6,1,7,-1,-1,-1,2,1
201304BB13041,1,9,0,18,0,1,0,0,0,0,1,1,6,1,4,973,1,14,5,1
201304BB13041,2,9,0,6,0,1,0,0,0,0,2,1,6,2,8,2987,2,1,2,1
201304BB13042,1,9,0,18,0,0,0,0,0,0,1,1,6,2,6,1124,1,12,7,2
201304BB13042,2,9,0,1,0,0,0,0,0,0,3,1,6,1,9,1339,1,1,5,1
201304BB13042,3,9,0,2,0,0,0,0,0,0,3,1,6,1,6,1560,2,1,-1,-1
201304BB13043,1,9,0,9,0,0,0,0,0,10,4,1,6,1,4,1149,1,10,8,3
201304BB13043,2,9,0,18,0,0,0,0,0,0,1,1,6,1,6,-1,-1,-1,3,2
201304BB13044,1,9,0,18,0,0,0,0,0,0,1,1,6,2,8,1242,1,11,1,1
201304BB13044,2,9,0,3,0,0,0,0,0,0,2,1,6,2,8,1229,1,1,7,2
201304BB13045,1,9,0,5,0,1,0,0,0,0,3,1,6,2,4,1999,1,8,10,2
201304BB13045,2,9,0,3,0,1,0,0,0,0,1,1,6,2,7,1598,1,10,8,2
201304BB13047,1,5,0,13,0,1,2,0,7,0,1,1,6,1,6,1157,1,14,8,2
201304BB13047,2,5,0,13,0,1,0,0,0,0,0,1,6,1,7,749,1,12,8,1
201304BB13047,3,21,1,18,0,8,0,0,0,0,0,1,1,1,6,12777,2,6,4,1
201304BB13047,4,9,0,18,0,8,0,0,0,0,0,1,1,1,8,-1,-1,-1,3,2
201304BB13047,5,9,0,18,0,8,0,0,0,0,1,1,6,1,8,1968,2,1,10,1
201304BB13047,6,9,0,18,0,8,0,0,0,0,0,1,6,1,5,2495,2,8,8,3
201304BB13048,1,3,0,16,0,1,1,0,7,0,0,1,6,1,6,125,1,6,1,1
201304BB13049,1,9,0,4,0,8,0,0,0,0,1,1,6,1,6,1390,1,7,9,2
201304BB13049,2,9,0,4,0,8,0,0,0,0,2,1,6,2,7,1242,1,3,4,1
201304BB13050,1,9,0,18,0,0,0,0,0,0,1,1,6,1,6,1242,1,12,5,1
201304BB13050,2,9,0,3,0,0,0,0,0,0,2,1,6,1,10,1995,1,14,1,1
201304BB13050,3,9,0,3,0,0,0,0,0,0,2,1,6,2,9,1796,1,10,-1,-1
201304BB13051,1,3,0,18,0,1,0,0,0,0,1,1,6,1,4,124,1,2,8,3
201304BB13051,2,9,0,4,0,1,2,0,0,0,2,1,6,2,6,1800,2,10,8,2
201304BB13052,1,5,0,4,0,1,2,0,0,0,4,1,6,1,10,883,1,7,-1,-1
201304BB13054,1,9,0,18,0,4,0,0,0,0,4,1,6,3,-1,-1,-1,-1,-1,-1
201304BB13054,2,1,0,9,0,4,0,0,1,10,3,1,6,1,4,-1,-1,-1,-1,-1
201304BB13055,1,9,0,18,0,1,0,0,0,0,1,1,6,3,-1,1582,2,1,-1,-1
201304BB13055,2,8,0,7,0,1,0,0,0,0,1,1,6,1,7,1997,2,9,8,1
201304BB13056,1,9,0,17,0,0,0,0,2,4,1,1,6,2,5,1598,1,7,1,1
201304BB13056,2,9,0,16,0,0,0,0,0,0,0,1,6,3,-1,-1,-1,-1,-1,-1
201304BB13057,1,9,0,7,0,6,0,0,0,0,1,1,6,2,5,1388,1,9,2,1
201304BB13057,2,9,0,18,0,1,0,0,0,0,1,1,6,2,11,1896,2,10,-1,-1
201304BB13058,1,9,0,18,0,0,0,0,0,0,1,1,6,1,5,1686,2,8,8,3
201304BB13058,2,9,0,18,0,0,0,0,4,6,3,1,6,2,9,998,1,9,7,2
201304BB13059,1,9,0,18,0,8,0,0,0,0,1,1,6,1,6,2143,2,1,3,2
201304BB13059,2,9,0,18,0,8,0,0,0,0,1,1,6,1,8,1582,2,3,-1,-1
201304BB13060,1,9,0,4,0,0,0,0,0,0,1,1,6,1,8,2000,1,4,6,1
201304BB13060,2,9,0,4,0,0,0,0,0,0,2,1,6,1,8,1390,1,11,2,1
201304BB13061,1,9,0,18,0,4,0,0,0,0,1,1,6,2,4,1149,1,6,-1,-1
201304BB13061,2,9,0,18,0,8,0,0,7,2,3,1,6,1,4,1390,1,3,9,2
201304BB13062,1,9,0,5,0,4,0,0,0,0,1,1,6,2,8,1896,2,12,6,2
201304BB13062,2,3,0,5,0,4,0,0,0,0,1,1,6,1,5,124,1,-1,3,2
201304BB13063,1,9,0,18,0,8,0,0,0,0,1,1,6,1,10,1598,1,7,8,2
201304BB13063,2,9,0,18,0,8,0,0,0,0,1,1,6,1,8,1598,1,12,8,1
201304BB13064,1,9,0,18,0,0,0,0,0,0,1,1,6,1,6,1781,1,12,1,1
201304BB13064,2,9,0,18,0,0,0,0,0,0,1,1,6,1,8,1968,2,3,8,1
201304BB13064,3,9,0,2,0,0,0,0,0,0,3,1,6,2,4,999,1,13,1,1
201304BB13064,4,9,0,18,0,0,0,0,0,0,1,1,6,2,8,1560,2,8,1,1
201304BB13064,5,9,0,2,0,0,0,0,0,0,3,1,6,1,8,-1,-1,-1,7,1
201304BB13065,1,9,0,18,0,0,0,0,0,0,1,1,6,2,6,1984,1,13,7,1
201304BB13065,2,9,0,18,0,0,0,0,0,0,2,1,6,2,9,1396,1,11,2,1
201304BB13066,1,9,0,2,0,0,0,0,0,0,4,1,6,3,-1,1796,1,8,-1,-1
201304BB13066,2,1,0,18,0,0,1,0,0,0,1,1,6,1,8,-1,-1,-1,8,1
201304BB13067,1,9,0,4,0,0,0,0,0,0,2,1,1,1,7,2400,2,3,-1,-1
201304BB13067,2,9,0,4,0,0,0,0,0,0,0,1,6,1,6,1587,1,14,2,1
201304BB13068,1,8,0,18,0,8,0,0,3,2,1,1,1,1,9,2231,2,7,6,1
201304BB13068,2,9,0,18,0,8,0,0,0,0,1,1,6,2,11,1248,1,1,4,1
201304BB13069,1,9,0,18,0,0,0,0,0,0,4,1,6,3,-1,-1,-1,-1,-1,-1
201304BB13069,2,1,0,18,0,0,0,0,0,0,3,1,6,1,7,-1,-1,-1,9,2
201304BB13070,1,9,0,18,0,0,0,0,0,0,1,1,6,2,11,1360,1,12,6,1
201304BB13070,2,9,0,2,0,0,0,0,0,0,1,1,6,2,8,-1,-1,-1,2,1
201304BB13070,3,9,0,2,0,0,0,0,0,0,2,1,6,1,11,1995,1,4,2,1
201304BB13070,4,2,0,2,0,0,0,0,0,0,2,1,6,1,5,-1,-1,-1,1,1
201304BB13071,1,9,0,18,0,0,0,0,0,0,1,1,6,1,6,1596,1,8,1,1
201304BB13072,1,9,0,18,0,2,0,0,0,0,1,1,3,2,6,1598,1,12,8,1
201304BB13073,1,9,0,9,0,5,0,0,0,0,1,1,6,1,7,1468,1,6,1,1
201304BB13074,1,5,0,13,0,0,1,0,0,0,3,1,6,1,8,955,1,12,8,1
201304BB13074,2,9,0,18,0,0,0,0,0,0,3,1,6,1,8,1995,2,8,5,1
201304BB13075,1,9,0,2,0,0,0,0,0,0,1,1,1,1,5,1910,2,5,9,1
201304BB13075,2,9,0,2,0,0,0,0,0,0,2,1,1,3,-1,2000,2,9,-1,-1
201304BB13076,1,9,0,18,0,0,1,0,0,0,1,1,6,1,5,1753,2,14,8,2
201304BB13076,2,19,0,3,0,0,0,0,0,0,2,1,6,1,8,1753,2,4,-1,-1
201304BB13077,1,19,0,5,0,6,0,0,0,0,3,1,1,1,8,12130,2,11,-1,-1
201304BB13077,2,9,0,4,0,8,0,0,0,0,1,1,6,2,6,1598,1,6,8,2
201304BB13078,1,9,0,18,0,0,1,0,0,0,1,2,6,1,5,2171,1,11,6,2
201304BB13078,2,9,0,18,0,0,1,0,0,0,3,1,6,1,10,1995,2,2,10,1
201304BB13078,3,9,0,18,0,0,0,0,0,0,1,1,6,1,8,1796,1,11,8,2
201304BB13079,1,9,0,10,0,0,0,0,0,0,4,1,6,2,8,1599,1,9,1,1
201304BB13079,2,9,0,18,0,0,0,0,0,0,1,1,6,2,11,998,1,12,5,1
201304BB13080,1,9,0,15,0,8,0,0,0,0,1,1,6,1,6,1968,2,6,5,1
201304BB13081,1,5,0,17,0,0,2,0,1,0,4,1,6,1,6,599,1,4,4,1
201304BB13082,1,9,0,18,0,2,0,0,0,0,3,1,6,1,6,1781,1,15,1,1
201304BB13082,2,1,0,18,0,8,0,0,0,0,2,1,6,1,8,-1,-1,-1,6,1
201304BB13083,1,1,0,18,0,1,0,0,0,0,1,1,6,2,7,-1,-1,-1,2,1
201304BB13084,1,9,0,9,0,8,0,0,0,0,1,1,6,2,4,999,1,13,8,1
201304BB13084,2,3,0,18,0,1,0,0,0,0,1,1,6,1,4,125,1,7,2,1
201304BB13086,1,9,0,2,0,0,0,0,0,0,1,1,6,1,6,1998,2,8,6,1
201304BB13086,2,9,0,18,0,0,0,0,0,0,4,1,6,1,8,1598,1,11,7,3
201304BB13087,1,1,0,18,0,6,0,0,0,0,1,1,6,1,4,-1,-1,-1,4,1
201304BB13087,2,9,0,4,0,1,0,0,0,0,1,1,6,2,8,1242,1,4,1,1
201304BB13088,1,9,0,18,0,2,0,0,1,10,1,1,6,1,4,2000,2,8,6,1
201304BB13089,1,4,0,17,0,0,1,0,1,1,1,1,6,1,4,487,1,19,4,1
201304BB13090,1,9,0,7,0,2,0,0,0,0,1,1,1,2,5,1796,1,14,4,1
201304BB13090,2,1,0,18,0,2,0,0,0,0,2,1,6,2,7,-1,-1,-1,-1,-1
201304BB13091,1,1,0,18,0,2,0,0,0,0,1,1,6,2,2,-1,-1,-1,-1,-1
201304BB13091,2,8,0,18,0,8,0,0,0,0,3,1,6,1,9,1560,2,7,1,1
201304BB13092,1,1,0,7,0,5,0,0,0,0,0,1,6,2,5,-1,-1,-1,1,1
201304BB13092,2,9,0,7,0,5,0,0,0,0,0,1,6,2,6,1587,1,9,6,1
201304BB13093,1,3,0,7,0,8,1,0,7,0,4,1,6,1,4,124,1,3,5,1
201304BB13094,1,1,0,18,0,0,0,2,1,0,1,1,2,1,7,-1,-1,-1,10,1
201304BB13095,1,9,0,18,0,1,0,0,0,0,1,1,6,2,4,1390,1,17,4,1
201304BB13095,2,9,0,17,0,1,0,0,0,0,3,1,6,1,6,1896,2,10,8,2
201304BB13096,1,9,0,5,0,1,0,0,0,0,0,1,6,2,-1,-1,-1,-1,-1,-1
201304BB13096,2,3,0,18,0,1,1,0,0,0,0,1,6,1,4,125,1,1,6,3
201304BB13097,1,5,0,7,0,8,0,0,0,0,4,1,6,1,8,599,1,3,6,1
201304BB13097,2,9,0,18,0,8,0,0,0,0,1,1,6,1,11,1599,1,9,3,1
201304BB13097,3,21,1,3,0,8,0,0,0,0,2,1,1,1,8,12580,2,8,-1,-1
201304BB13098,1,9,0,18,0,4,0,0,0,0,1,1,6,2,6,1341,1,11,8,2
201304BB13098,2,1,0,18,0,3,0,0,0,0,1,1,6,1,5,-1,-1,-1,9,1
201304BB13099,1,1,0,18,0,0,0,0,0,0,1,1,6,1,1,-1,-1,-1,6,1
201304BB13099,2,9,0,18,0,0,0,0,0,0,4,1,6,1,9,1995,1,6,6,1
201304BB13100,1,11,0,18,0,0,0,0,0,0,4,1,1,1,9,6871,2,13,-1,-1
201304BB13101,1,9,0,7,0,5,0,0,0,0,1,1,6,2,-1,-1,-1,-1,-1,-1
201304BB13101,2,1,0,17,0,8,0,0,0,0,3,1,6,2,9,-1,-1,-1,9,1
201304BB13102,1,3,0,18,0,0,0,4,0,0,1,1,6,1,6,125,1,1,5,1
201304BB13102,2,9,0,5,0,0,0,0,0,0,1,1,6,1,9,1584,1,5,4,1
201304BB13102,3,9,0,2,0,0,0,0,0,0,3,1,6,3,-1,1596,1,8,-1,-1
201304BB13103,1,5,0,16,0,0,0,0,0,0,0,1,6,1,9,645,1,3,6,1
201304BB13104,1,19,0,18,0,0,0,0,0,0,4,1,1,1,9,2198,2,5,6,2
201304BB13105,1,3,0,18,0,1,0,7,0,0,1,1,2,1,8,-1,-1,-1,-1,-1
201304BB13106,1,9,0,5,0,6,0,0,0,0,1,1,6,1,11,1596,1,6,8,1
201304BB13107,1,9,0,18,0,0,0,0,0,0,1,1,1,2,6,1686,2,8,1,1
201304BB13107,2,9,0,2,0,0,0,0,1,0,2,1,6,2,7,996,1,-1,6,3
201304BB13108,1,9,0,17,0,0,0,0,1,9,4,1,6,1,4,998,1,2,9,3
201304BB13109,1,3,0,18,0,8,0,0,0,0,1,1,6,1,5,124,1,5,4,1
201304BB13109,2,9,0,5,0,6,0,0,0,0,3,1,6,2,9,1349,1,13,5,1
201304BB13109,3,9,0,18,0,1,0,0,0,0,0,1,6,1,5,1868,2,11,4,1
201304BB13109,4,9,0,18,0,1,0,0,0,0,0,1,6,1,5,1390,1,3,4,1
201304BB13110,1,1,0,9,0,5,0,0,0,0,1,1,6,1,5,-1,-1,-1,-1,-1
201304BB13111,1,9,0,18,0,4,1,0,0,0,1,1,6,1,4,1360,1,13,5,1
201304BB13111,2,9,0,3,0,4,0,0,0,0,2,1,6,2,6,1587,1,6,-1,-1
201304BB13112,1,8,0,18,0,1,0,0,0,0,0,1,6,3,-1,-1,-1,-1,-1,-1
201304BB13112,2,8,0,13,0,1,0,0,0,0,0,1,6,3,-1,-1,-1,-1,-1,-1
201304BB13112,3,1,0,18,0,1,0,0,1,2,1,1,2,1,5,-1,-1,-1,2,1
201304BB13113,1,9,0,18,0,0,0,0,0,0,4,1,6,3,-1,-1,-1,-1,-1,-1
201304BB13114,1,9,0,18,0,8,0,0,0,0,3,1,6,1,4,1124,1,9,6,1
201304BB13114,2,3,0,18,0,8,0,0,0,0,1,1,6,1,5,125,1,1,3,1
201304BB13115,1,1,0,10,0,0,0,0,0,0,3,1,6,1,4,-1,-1,-1,2,1
201304BB13115,2,9,0,18,0,0,0,0,0,0,4,1,1,1,8,-1,-1,-1,1,1
201304BB13116,1,9,0,1,0,1,0,0,0,0,2,1,6,1,5,1124,1,15,-1,-1
201304BB13116,2,9,0,2,0,8,0,0,0,0,3,1,6,1,10,1951,2,12,-1,-1
201304BB13117,1,9,0,18,0,0,0,0,0,0,1,1,6,1,6,1998,2,8,10,1
201304BB13118,1,9,0,18,0,0,0,7,0,10,1,1,6,2,11,-1,-1,-1,5,1
201304BB13119,1,90,0,18,0,8,0,0,0,0,1,1,6,3,-1,-1,-1,-1,-1,-1
201304BB13120,1,9,0,18,0,1,0,0,0,0,1,1,6,1,9,1995,2,10,5,3
201304BB13120,2,1,0,18,0,1,0,0,0,0,2,1,6,1,6,-1,-1,-1,1,1
201304BB13121,1,9,0,5,0,0,0,0,0,0,3,1,6,2,5,1399,2,4,7,3
201304BB13121,2,9,0,18,0,0,0,0,0,0,4,1,6,1,6,1997,2,3,5,1
201304BB13122,1,9,0,9,0,6,0,0,0,0,3,1,2,1,8,1339,1,1,8,1
201304BB13122,2,5,0,18,0,1,5,0,0,0,1,1,2,1,7,996,1,12,8,2
201304BB13123,1,11,0,18,0,1,0,0,0,0,0,1,1,1,9,-1,2,14,6,1
201304BB13124,1,9,0,18,0,0,1,0,7,4,2,1,6,1,4,1149,1,12,2,1
201304BB13125,1,3,0,7,0,3,0,0,0,0,1,1,6,1,5,124,1,4,6,1
201304BB13125,2,9,0,5,0,4,0,0,0,0,3,1,6,1,4,-1,-1,-1,9,1
201304BB13126,1,9,0,17,0,1,1,0,8,0,1,1,2,1,6,1229,1,2,4,1
201304BB13127,1,9,0,18,0,1,0,0,1,10,3,1,6,1,4,1896,2,9,-1,-1
201304BB13127,2,9,0,5,0,7,0,0,0,0,1,1,6,1,8,1199,1,14,7,3
201304BB13128,1,3,0,4,0,8,1,0,0,0,1,1,1,1,5,-1,-1,-1,4,1
201304BB13128,2,9,0,4,0,8,0,0,0,0,2,1,6,1,9,1850,1,13,4,1
201304BB13129,1,9,0,18,0,0,0,0,2,4,1,1,6,1,10,-1,-1,-1,2,1
201304BB13129,2,9,0,18,0,0,0,0,0,0,1,1,6,2,6,1968,2,1,1,1
201304BB13130,1,9,0,4,0,0,0,0,0,0,1,1,3,2,6,1242,1,11,3,1
201304BB13130,2,1,0,18,0,0,0,0,0,0,1,1,6,1,8,-1,-1,-1,8,1
201304BB13131,1,9,0,5,0,8,0,0,0,0,1,1,6,1,5,973,1,10,8,1
201304BB13131,2,9,0,3,0,8,0,0,0,0,2,1,1,2,8,1248,2,4,-1,-1
201304BB13132,1,9,0,4,0,8,1,0,0,0,1,1,6,1,4,973,1,13,3,2
201304BB13132,2,8,0,3,0,8,0,0,0,0,2,1,1,1,5,2231,2,7,5,1
201304BB13133,1,9,0,4,0,1,0,0,0,0,1,1,6,2,11,1242,1,3,9,3
201304BB13133,2,9,0,3,0,1,0,0,0,0,2,1,6,2,6,2993,2,6,8,2
201304BB13134,1,9,0,17,0,1,0,0,0,0,1,1,6,1,5,1956,2,1,8,1
201304BB13134,2,1,0,4,0,1,0,0,0,0,1,1,2,2,7,-1,-1,-1,2,1
201304BB13135,1,9,0,18,0,0,0,0,0,0,0,1,6,2,7,2967,2,6,3,2
201304BB13135,2,1,0,18,0,0,0,0,0,0,0,1,2,1,6,-1,-1,-1,6,2
201304BB13136,1,1,0,18,0,1,0,0,0,0,4,1,6,1,5,-1,-1,-1,5,1
201304BB13136,2,9,0,18,0,1,0,0,0,0,3,1,6,2,8,1896,2,14,4,1
201304BB13137,1,1,0,9,0,5,0,0,0,0,1,1,6,1,4,-1,-1,-1,3,1
201304BB13137,2,9,0,4,0,6,0,0,0,0,1,1,6,2,8,1422,2,11,3,1
201304BB13138,1,9,0,17,0,0,2,0,7,4,1,1,6,1,7,1397,1,13,4,1
201304BB13139,1,9,0,3,0,1,0,0,0,0,2,1,6,2,4,1390,1,15,1,1
201304BB13139,2,9,0,4,0,1,0,0,0,0,1,1,6,1,6,1597,1,17,4,1
201304BB13140,1,21,0,18,0,0,0,0,0,0,0,1,6,3,-1,-1,-1,-1,-1,-1
201304BB13140,2,16,0,18,0,0,0,0,0,0,0,1,6,2,7,-1,-1,-1,9,1
201304BB13141,1,1,0,18,0,0,0,11,1,0,1,1,6,1,10,-1,-1,-1,9,2
201304BB13142,1,9,0,5,0,6,0,0,0,0,1,1,2,2,8,-1,-1,-1,-1,-1
201304BB13142,2,9,0,18,0,8,0,0,0,0,3,1,6,2,6,1896,2,7,6,1
201304BB13143,1,9,0,18,0,0,0,10,0,0,1,1,6,1,11,1598,1,4,9,2
201304BB13143,2,9,0,18,0,0,0,0,0,0,1,1,6,1,9,1560,2,3,4,1
201304BB13144,1,3,0,18,0,8,0,0,0,0,1,1,6,1,5,125,1,4,-1,-1
201304BB13144,2,19,0,9,0,5,0,0,0,0,3,1,1,1,6,1868,2,9,10,2
201304BB13145,1,9,0,17,0,0,5,0,0,0,0,1,6,1,8,1398,2,7,5,3
201304BB13145,2,9,0,17,0,0,0,1,0,0,1,1,6,1,5,1199,1,9,5,1
201304BB13146,1,1,0,18,0,0,1,0,0,0,3,1,1,1,10,-1,-1,-1,9,2
201304BB13147,1,11,0,5,0,1,0,0,0,0,0,1,6,1,7,6700,2,2,2,1
201304BB13148,1,9,0,16,0,0,0,4,7,0,1,1,2,1,4,1596,1,11,2,1
201304BB13148,2,9,0,3,0,0,0,0,0,0,1,1,6,1,9,2495,2,10,9,2
201304BB13148,3,19,0,3,0,0,0,0,0,0,0,1,6,1,9,1753,2,7,8,3
201304BB13149,1,9,0,18,0,0,5,7,0,0,4,1,2,1,4,1242,1,14,5,1
201304BB13149,2,9,0,18,0,0,0,0,0,0,4,1,6,2,6,1242,1,7,-1,-1
201304BB13150,1,11,0,18,0,0,0,0,0,0,1,1,6,1,8,6871,2,13,2,1
201304BB13150,2,9,0,2,0,0,0,0,0,0,2,1,6,1,7,1560,2,6,8,2
201304BB13151,1,10,0,1,0,0,0,0,0,0,2,1,1,1,9,2999,2,2,1,1
201304BB13152,1,3,0,7,0,8,1,0,0,0,3,1,6,1,4,-1,-1,-1,1,1
201304BB13152,2,9,0,9,0,8,0,0,0,0,3,1,6,2,6,1989,1,14,4,1
201304BB13153,1,9,0,18,0,8,0,0,0,0,1,1,6,2,8,1598,1,11,6,2
201304BB13153,2,9,0,9,0,8,0,0,0,0,3,1,6,1,11,1998,1,5,-1,-1
201304BB13154,1,19,0,7,0,8,0,0,0,0,4,1,1,1,8,-1,-1,-1,2,1
201304BB13155,1,9,0,18,0,0,0,0,0,0,4,1,6,2,10,1242,1,-1,4,1
201304BB13155,2,9,0,2,0,0,0,0,0,0,0,1,6,2,6,1997,2,9,2,1
201304BB13156,1,19,0,9,0,8,0,0,8,10,4,1,1,1,8,2148,2,5,5,1
201304BB13156,2,9,0,18,0,8,0,0,0,0,1,1,6,1,5,1781,1,15,9,3
201304BB13157,1,9,0,18,0,0,2,10,8,10,1,1,2,1,6,1390,1,6,1,1
201304BB13158,1,9,0,1,0,0,0,0,0,0,2,1,6,3,-1,-1,-1,-1,-1,-1
201304BB13159,1,19,0,5,0,6,0,0,0,0,3,1,1,1,10,2500,2,6,9,3
201304BB13159,2,5,0,18,0,8,0,0,0,0,1,1,6,1,7,738,1,13,6,1