Accident_Index,Vehicle_Reference,Vehicle_Type,Towing_and_Articulation,Vehicle_Manoeuvre,Vehicle_Location-Restricted_Lane,Junction_Location,Skidding_and_Overturning,Hit_Object_in_Carriageway,Vehicle_Leaving_Carriageway,Hit_Object_off_Carriageway,1st_Point_of_Impact,Was_Vehicle_Left_Hand_Drive?,Journey_Purpose_of_Driver,Sex_of_Driver,Age_Band_of_Driver,Engine_Capacity_(CC),Propulsion_Code,Age_of_Vehicle,Driver_IMD_Decile,Driver_Home_Area_Type
201304CA13077,2,9,0,4,0,0,0,0,0,0,2,1,2,2,7,1461,2,7,10,1
201304CA13077,3,9,0,4,0,0,0,0,0,0,2,1,2,2,8,1364,1,4,7,2
201304CA13079,1,9,0,4,9,8,1,0,1,0,4,1,6,1,5,1388,1,14,6,1
201304CA13080,1,9,0,17,0,0,2,0,7,0,0,1,6,1,4,998,1,4,4,2
201304CA13081,1,19,0,18,0,0,0,0,0,0,1,1,1,2,5,-1,-1,-1,9,1
201304CA13081,2,1,0,18,0,0,0,0,0,0,2,1,6,1,5,-1,-1,-1,3,1
201304CA13082,1,9,0,18,0,1,1,0,2,10,1,1,6,3,-1,1598,1,9,-1,-1
201304CA13082,2,9,0,18,0,1,0,0,0,0,0,1,1,2,6,1968,2,6,4,1
201304CA13083,1,9,0,9,0,6,0,0,0,0,1,1,6,1,7,2993,2,9,6,3
201304CA13083,2,9,0,18,0,8,0,0,0,0,1,1,6,1,7,1997,2,9,7,1
201304CA13084,1,3,0,9,0,3,0,0,0,0,3,1,6,1,6,123,1,10,3,1
201304CA13084,2,9,0,18,0,4,0,0,0,0,1,1,2,2,8,1396,1,8,4,1
201304CA13085,1,5,0,18,0,8,2,0,0,1,1,1,6,1,5,599,1,15,3,1
201304CA13085,2,9,0,18,0,8,0,0,0,0,0,1,6,1,5,1598,1,12,8,3
201304CA13086,1,9,0,3,0,0,0,0,0,0,2,1,6,1,6,1910,2,8,4,1
201304CA13086,2,9,0,18,0,0,0,0,0,0,1,1,6,2,5,796,1,11,1,1
201304CA13087,1,9,0,5,0,0,0,0,0,0,3,1,6,1,11,1398,2,2,7,1
201304CA13090,1,9,0,4,0,1,0,0,0,0,2,1,6,2,5,1598,2,2,-1,-1
201304CA13090,2,21,0,4,0,1,0,0,0,0,1,1,1,3,8,-1,-1,-1,-1,-1
201304CA13091,1,9,0,15,0,1,0,0,0,0,0,1,6,1,5,1956,2,1,-1,-1
201304CA13091,2,1,0,10,0,1,0,10,0,0,0,1,6,1,6,-1,-1,-1,4,1
201304CA13092,1,3,0,16,0,0,0,0,0,0,1,1,6,1,4,124,1,8,5,2
201304CA13092,2,3,0,16,0,0,0,0,0,0,1,1,6,2,8,-1,-1,-1,9,1
201304CA13093,1,9,0,16,0,0,5,0,7,9,1,1,6,1,6,-1,-1,-1,5,1
201304CA13094,1,9,0,18,0,0,0,0,0,0,1,1,2,1,4,1198,1,3,6,2
201304CA13094,2,9,0,3,0,0,0,0,0,0,2,1,1,2,7,1149,1,11,6,2
201304CA13095,1,9,0,9,0,8,0,0,0,0,1,1,6,1,9,2000,2,8,2,2
201304CA13095,2,3,0,18,0,1,0,0,0,0,1,1,6,1,4,124,1,2,5,2
201304CA13096,1,9,0,9,0,3,0,0,0,10,1,1,6,2,7,1597,1,13,1,1
201304CA13097,1,9,0,9,0,1,0,0,0,0,1,1,6,2,6,-1,-1,-1,1,1
201304CA13097,2,1,0,10,0,2,0,0,0,0,3,1,6,1,7,-1,-1,-1,10,1
201304CA13098,1,9,0,18,0,2,0,0,0,0,3,1,6,2,10,1798,1,8,4,1
201304CA13098,2,9,0,10,0,1,0,0,1,0,3,1,6,2,11,1590,1,8,9,3
201304CA13099,1,9,0,18,0,7,0,0,0,0,1,1,6,2,6,1248,2,5,4,1
201304CA13100,1,9,0,18,0,0,0,10,7,2,1,1,6,2,8,2351,1,13,4,1
201304CA13101,1,3,0,16,0,0,0,0,7,9,1,1,6,1,4,124,1,1,1,1
201304CA13102,1,21,0,12,0,0,0,0,0,0,3,1,6,1,6,4250,2,16,1,1
201304CA13102,2,9,0,18,0,0,0,0,0,0,4,1,6,1,10,2720,2,5,8,3
201304CA13103,1,9,0,18,0,3,0,0,0,0,1,1,2,1,5,1905,2,16,8,1
201304CA13103,2,1,0,18,0,3,0,0,0,0,2,1,6,1,6,-1,-1,-1,2,2
201304CA13104,1,9,0,13,0,3,0,0,0,0,1,1,6,1,5,1390,1,4,8,1
201304CA13104,2,9,0,4,0,1,1,0,7,10,3,1,6,1,9,1968,2,4,-1,-1
201304CA13104,3,9,0,2,6,1,1,0,7,10,3,1,6,2,-1,1199,1,9,-1,-1
201304CA13105,1,9,0,3,0,1,0,0,0,0,1,1,2,2,6,1896,2,10,2,1
201304CA13105,2,9,0,4,0,1,0,0,0,0,2,1,2,2,6,1997,2,10,1,1
201304CA13106,1,3,0,18,8,6,0,10,1,0,1,1,6,1,6,124,1,-1,4,2
201304CA13107,1,9,0,18,0,0,0,0,0,0,3,1,6,1,6,1896,2,6,2,1
201304CA13107,2,5,0,13,0,0,0,0,0,0,4,1,6,1,5,675,1,-1,9,1
201304CA13108,1,9,0,18,0,0,2,0,1,4,1,1,1,1,9,1598,1,6,-1,-1
201304CA13109,1,9,0,3,0,1,0,0,0,0,2,1,2,2,6,1299,1,10,8,1
201304CA13109,2,9,0,18,0,1,0,0,0,0,1,1,6,1,7,1587,1,11,-1,-1
201304CA13110,1,9,0,18,0,0,0,0,0,0,1,1,6,3,-1,-1,-1,-1,-1,-1
201304CA13110,2,1,0,18,0,0,0,0,0,0,3,1,6,1,4,-1,-1,-1,-1,-1
201304CA13111,1,9,0,5,0,0,0,0,0,0,2,1,6,1,9,-1,-1,-1,6,1
201304CA13111,2,5,0,16,0,0,0,0,0,0,1,1,6,1,6,1450,1,9,5,1
201304CA13112,1,9,0,18,0,0,1,0,0,0,1,1,6,2,9,1299,1,5,9,2
201304CA13112,2,9,0,18,0,0,1,0,0,0,2,1,6,2,8,2982,2,7,3,3
201304CA13113,1,9,0,9,0,3,0,0,0,0,3,1,1,2,6,-1,-1,-1,6,1
201304CA13113,2,9,0,18,0,4,0,0,0,0,1,1,6,2,7,998,1,12,1,1
201304CA13114,1,1,0,18,0,0,0,0,0,0,1,1,6,1,7,-1,-1,-1,9,3
201304CA13115,1,4,0,18,0,7,1,0,0,0,4,1,6,1,11,278,1,-1,10,1
201304CA13115,2,9,0,18,0,8,0,0,0,0,4,1,6,2,8,1364,1,4,1,1
201304CA13116,1,9,0,9,0,5,0,0,0,0,3,1,2,1,6,1560,2,1,4,2
201304CA13116,2,5,0,18,0,1,0,0,0,0,1,1,6,1,5,553,1,22,7,2
201304CA13117,1,5,0,17,0,0,0,10,1,0,1,1,6,1,5,599,1,8,4,1
201304CA13118,1,9,0,18,0,1,1,0,0,0,1,1,6,2,7,1769,1,23,3,1
201304CA13118,2,9,0,9,0,1,0,0,0,0,2,1,6,2,8,1598,1,5,6,2
201304CA13119,1,9,0,18,0,8,0,0,0,0,1,1,6,2,10,1595,1,9,8,3
201304CA13119,2,9,0,18,0,8,0,0,1,0,1,1,6,1,7,1199,1,11,8,3
201304CA13119,3,19,0,2,0,3,0,0,0,0,1,1,6,1,6,1998,2,12,6,1
201304CA13120,1,9,0,9,0,6,0,0,0,0,1,1,6,2,7,1598,1,9,8,2
201304CA13120,2,9,0,3,0,2,0,0,0,0,1,1,6,2,4,1124,1,6,8,3
201304CA13120,3,9,0,3,0,2,0,0,0,0,0,1,3,2,7,1997,2,4,10,3
201304CA13121,1,9,0,18,0,8,0,0,0,0,1,1,6,1,8,998,1,11,8,1
201304CA13122,1,9,0,9,0,8,0,0,0,0,4,1,6,1,9,5000,1,2,8,2
201304CA13122,2,1,0,18,0,8,0,0,0,0,1,1,6,1,4,-1,-1,-1,-1,-1
201304CA13123,1,9,0,18,0,1,1,10,7,0,2,1,6,1,9,3996,1,13,9,1
201304CA13124,1,9,0,8,0,2,0,0,0,0,1,1,1,2,6,1461,2,-1,5,3
201304CA13124,2,9,0,4,0,2,0,0,0,0,2,1,1,2,6,-1,-1,-1,-1,-1
201304CA13125,1,9,0,5,0,1,0,0,0,0,1,1,6,1,5,1595,1,11,4,1
201304CA13125,2,8,0,18,0,1,0,0,0,0,3,1,1,2,7,1896,2,11,5,1
201304CA13126,1,9,0,5,0,0,0,0,0,0,0,1,6,2,8,1598,1,-1,5,1
201304CA13127,1,9,0,7,0,2,0,0,0,10,1,1,6,1,11,-1,-1,-1,4,2
201304CA13128,1,9,0,16,0,4,2,0,0,7,4,1,6,1,4,1149,1,15,7,1
201304CA13128,2,9,0,18,0,4,1,0,0,0,0,1,6,1,9,1896,2,10,-1,-1
201304CA13129,1,9,0,16,0,0,2,0,8,10,1,1,6,1,7,1994,2,10,2,1
201304CA13130,1,9,0,9,0,6,0,0,0,0,1,1,2,2,6,1590,1,8,8,1
201304CA13130,2,9,0,18,0,8,5,0,0,0,4,1,6,1,10,1242,1,8,8,2
201304CA13131,1,5,0,17,0,1,2,0,1,2,1,1,6,1,8,999,1,8,3,1
201304CA13131,2,5,0,17,0,1,0,0,0,0,0,1,6,1,8,750,1,-1,3,1
201304CA13131,3,5,0,17,0,1,0,0,0,0,0,1,6,1,7,998,1,6,3,1
201304CA13132,1,9,0,7,0,0,1,0,2,0,4,1,1,1,7,1124,1,11,4,1
201304CA13132,2,9,0,18,0,0,0,0,1,0,1,1,1,1,11,1868,2,11,2,1
201304CA13133,1,9,0,3,0,4,0,0,0,0,1,1,6,3,-1,-1,-1,-1,-1,-1
201304CA13134,1,1,0,18,0,4,0,0,0,0,1,1,6,1,7,-1,-1,-1,1,1
201304CA13134,2,9,0,5,0,4,0,0,0,0,4,1,6,1,9,1598,1,5,8,1
201304CA13135,1,9,0,4,0,4,0,0,0,0,4,1,6,1,7,1598,2,5,7,2
201304CA13135,2,1,0,18,0,4,0,0,0,0,3,1,6,1,7,-1,-1,-1,8,1
201304CA13136,1,19,0,9,0,6,0,0,0,0,1,1,1,1,5,1998,2,8,4,2
201304CA13136,2,3,0,16,0,8,0,0,0,0,1,1,6,1,4,125,1,-1,2,2
201304CA13138,1,17,0,5,0,8,0,0,0,0,1,1,1,1,6,6788,2,6,5,1
201304CA13138,2,9,0,3,0,1,0,0,0,0,2,1,6,1,6,1396,1,9,9,1
201304CA13138,3,19,0,18,0,8,0,0,0,0,3,1,1,1,8,2151,2,9,-1,-1
201304CA13139,1,9,0,9,8,8,0,0,0,0,1,1,6,2,11,999,1,2,4,1
201304CA13139,2,1,0,10,8,8,0,0,0,0,0,1,6,1,7,-1,-1,-1,8,2
201304CA13140,1,5,0,16,0,0,0,0,0,0,0,1,6,1,9,918,1,17,8,1
201304CA13141,1,5,0,17,0,0,0,0,2,10,4,1,6,1,6,999,1,-1,1,1
201304CA13142,1,9,0,6,0,6,0,0,0,0,1,1,6,1,11,998,1,4,7,1
201304CA13142,2,90,0,16,0,1,0,0,0,0,1,1,1,1,5,2800,2,6,5,1
201304CA13143,1,9,0,18,0,0,0,0,0,0,1,1,6,1,10,1956,2,2,4,2
201304CA13143,2,9,0,3,0,0,0,0,0,0,2,1,6,2,7,1560,2,5,8,2
201304CA13144,1,9,0,18,0,0,0,0,0,0,4,1,6,2,10,1995,2,12,-1,-1
201304CA13145,1,9,0,9,0,2,0,0,0,0,1,1,6,1,10,2993,2,3,9,2
201304CA13145,2,1,0,18,0,8,0,0,0,0,4,1,6,1,9,-1,-1,-1,9,2
201304CA13146,1,1,0,9,0,8,0,0,0,0,3,1,6,1,6,-1,-1,-1,-1,-1
201304CA13146,2,9,0,18,0,1,0,0,0,0,1,1,6,2,5,1242,1,6,8,2
201304CA13147,1,1,0,17,0,0,0,0,0,0,3,1,6,1,8,-1,-1,-1,6,1
201304CA13149,1,1,0,17,0,0,1,0,0,0,1,1,6,1,4,-1,-1,-1,5,1
201304CA13149,2,1,0,17,0,0,1,0,0,0,1,1,6,1,8,-1,-1,-1,-1,-1
201304CA13150,1,9,0,3,0,0,0,0,0,0,2,1,6,2,6,1398,1,6,8,2
201304CA13150,2,9,0,4,0,0,0,0,0,0,0,1,6,2,6,1396,1,16,3,1
201304CA13151,1,9,0,7,0,1,0,0,0,0,1,1,2,2,7,1396,1,8,1,1
201304CA13151,2,1,0,18,0,1,0,0,0,0,1,1,4,1,3,-1,-1,-1,1,1
201304CA13152,1,5,0,18,0,8,0,0,0,0,3,1,2,2,7,805,1,6,3,1
201304CA13153,1,9,0,18,0,0,0,0,0,0,1,1,6,1,9,2400,2,-1,9,2
201304CA13154,1,19,0,14,0,1,0,0,0,0,4,1,1,1,6,2143,2,2,-1,-1
201304CA13154,2,9,0,2,0,1,0,0,0,0,4,1,6,1,9,1596,1,3,2,1
201304CA13155,1,9,0,7,0,8,0,0,0,0,1,1,6,1,6,1242,1,11,1,1
201304CA13156,1,9,0,18,0,0,0,0,0,0,1,1,6,1,11,1461,2,9,1,1
201304CA13157,1,9,0,3,0,0,1,0,0,0,1,1,6,1,5,1560,2,3,7,1
201304CA13157,2,9,0,18,0,0,0,0,0,0,2,1,6,1,7,-1,-1,-1,10,1
201304CA13158,1,9,0,4,0,1,0,0,0,0,1,1,6,1,5,1910,2,5,3,1
201304CA13158,2,9,0,4,0,1,0,0,0,0,2,1,6,2,6,998,1,13,3,1
201304CA13159,1,9,0,9,0,8,1,0,0,0,1,1,1,1,9,1248,2,6,8,1
201304CA13159,2,9,0,17,0,8,0,0,0,0,1,1,6,2,5,1397,1,5,8,1
201304CA13160,1,9,0,4,0,0,0,0,0,0,1,1,6,1,10,1762,1,16,8,1
201304CA13160,2,9,0,4,0,0,0,0,0,0,2,1,6,2,10,1388,1,2,1,1
201304CA13161,1,9,0,9,0,5,0,0,0,0,1,1,6,2,5,998,1,3,7,1
201304CA13161,2,5,0,18,0,8,0,0,0,0,1,1,6,1,8,-1,-1,-1,1,1
201304CA13162,1,5,0,16,0,0,2,0,8,0,4,1,2,1,5,599,1,11,9,1
201304CA13162,2,9,0,18,0,0,0,0,0,0,4,1,2,1,8,1489,1,15,3,1
201304CA13162,3,9,0,18,0,0,0,0,0,0,4,1,2,1,7,1461,2,7,8,2
201304CA13163,1,9,0,5,0,2,0,0,0,0,1,1,6,2,9,998,1,11,8,1
201304CA13163,2,1,0,17,0,4,0,0,0,0,1,1,6,1,4,-1,-1,-1,-1,-1
201304CA13164,1,20,0,2,0,0,0,0,0,0,0,1,1,1,8,2998,2,1,6,1
201304CA13164,2,19,0,18,0,0,0,0,0,0,4,1,1,1,6,2198,2,2,7,1
201304CA13165,1,9,0,18,0,0,0,0,0,0,1,1,6,1,4,1587,1,12,5,2
201304CA13166,1,1,0,18,0,1,0,0,0,0,0,1,6,2,6,-1,-1,-1,3,1
201304CA13166,2,9,0,9,0,1,0,0,0,0,0,1,6,1,7,2926,2,11,7,2
201304CA13167,1,9,0,18,0,0,0,0,0,0,1,1,6,2,5,-1,-1,-1,7,3
201304CA13167,2,1,0,18,0,0,0,0,0,0,1,1,6,1,2,-1,-1,-1,1,1
201304CA13168,1,3,0,16,0,0,1,0,0,0,0,1,1,1,5,125,1,5,5,1
201304CA13169,1,9,0,16,0,0,0,0,0,0,1,1,6,1,10,1398,1,2,-1,-1
201304CA13169,2,1,0,2,0,0,0,0,0,0,0,1,6,2,2,-1,-1,-1,3,1
201304CA13170,1,9,0,7,0,3,0,0,0,0,4,1,6,2,8,1968,2,1,9,3
201304CA13171,1,5,0,4,0,0,0,0,0,0,3,1,6,1,9,599,1,6,9,1
201304CA13171,2,5,0,4,0,0,0,0,0,0,4,1,6,1,8,998,1,18,8,1
201304CA13172,1,9,0,17,0,3,0,0,0,0,4,1,1,1,10,1796,1,10,10,2
201304CA13173,1,9,0,3,0,1,0,0,0,0,1,1,6,2,5,998,1,-1,1,1
201304CA13173,2,8,0,3,0,1,0,0,0,0,2,1,1,1,8,1560,2,4,7,1
201304CA13174,1,19,0,18,0,0,1,0,0,0,1,1,1,1,5,2300,2,7,5,1
201304CA13174,2,9,0,9,0,0,0,0,0,0,2,1,1,1,6,1796,1,12,9,1
201304CA13175,1,9,0,18,0,2,0,0,0,0,3,1,2,1,6,1332,1,14,1,1
201304CA13176,1,9,0,18,0,0,0,0,0,0,3,1,2,2,5,-1,-1,-1,1,1
201304CA13176,2,5,0,18,0,0,5,0,7,0,4,1,6,1,8,1137,1,14,9,2
201304CA13177,1,9,0,18,0,4,0,0,0,0,1,1,6,1,10,1398,1,8,1,1
201304CA13177,2,9,0,9,0,4,0,0,0,0,1,1,6,2,4,999,1,13,9,1
201304CA13178,1,90,0,16,0,1,1,0,1,0,1,1,6,1,4,-1,-1,-1,3,1
201304CA13178,2,9,0,17,0,1,0,0,0,0,1,1,2,2,4,1199,1,9,9,2
201304CA13179,1,9,0,2,0,0,0,0,0,0,1,1,6,1,7,1560,2,5,9,1
201304CA13179,2,9,0,2,0,0,0,0,0,0,2,1,6,2,6,1242,1,6,4,1
201304CA13179,3,9,0,2,0,0,0,0,0,0,2,1,6,1,4,1398,2,1,10,1
201304CA13180,1,8,0,5,0,1,0,0,0,0,0,1,1,1,6,1997,2,7,2,1
201304CA13181,1,9,0,18,0,3,0,0,0,0,3,1,1,2,9,-1,-1,-1,7,2
201304CA13181,2,9,0,18,0,3,0,0,0,0,1,1,1,2,5,796,1,12,9,3
201304CA13182,1,9,0,18,0,0,0,10,1,10,1,1,6,1,8,1242,1,16,2,1
201304CA13183,1,1,0,5,0,6,0,0,0,0,1,1,6,1,3,-1,-1,-1,8,2
201304CA13183,2,9,0,4,0,6,0,0,0,0,4,1,6,3,-1,-1,-1,-1,-1,-1
201304CA13184,1,4,0,18,0,1,2,0,0,0,3,1,6,1,8,400,1,17,-1,-1
201304CA13184,2,9,0,10,0,1,0,0,0,0,0,1,6,1,7,1895,1,13,8,1
201304CA13185,1,9,0,4,0,1,0,0,0,0,3,1,6,1,9,1396,1,1,8,1
201304CA13185,2,1,0,13,0,1,2,0,0,0,4,1,6,1,7,-1,-1,-1,-1,-1
201304CA13186,1,5,0,7,0,6,5,0,0,0,0,1,6,1,8,599,1,14,1,1
201304CA13186,2,9,0,18,0,1,0,0,0,0,0,1,6,1,6,1997,2,3,1,1
201304CA13187,1,9,0,18,0,8,0,0,0,0,1,1,6,1,9,1686,2,2,6,3
201304CA13188,1,9,0,10,0,1,0,0,0,0,4,1,6,2,7,1596,1,3,1,1
201304CA13188,2,9,0,8,0,1,0,0,0,0,0,1,6,2,7,1910,2,6,8,1
201304CA13189,1,9,0,9,0,6,0,0,0,0,3,1,6,1,5,-1,-1,-1,6,1
201304CA13189,2,9,0,18,0,8,0,0,0,0,1,1,6,1,7,1753,2,12,9,3
201304CA13190,1,9,0,7,0,5,0,0,0,0,4,1,6,1,10,1598,1,7,-1,-1
201304CA13190,2,1,0,18,0,8,0,0,0,0,3,1,1,1,8,-1,-1,-1,-1,-1
201304CA13191,1,9,0,16,0,2,0,0,7,4,1,1,6,1,6,1686,2,8,-1,-1
201304CA13192,1,9,0,13,0,0,0,0,0,0,1,1,6,1,7,1598,1,13,-1,-1
201304CA13192,2,9,0,18,0,0,0,0,1,10,1,1,1,1,6,1199,1,12,6,1
201304CA13193,1,9,0,16,0,0,1,0,0,0,1,1,6,1,9,-1,-1,-1,2,1
201304CA13193,2,9,0,18,0,0,0,0,0,0,1,1,2,1,8,1796,1,14,7,1
201304CA13194,1,9,0,18,0,8,0,0,0,0,2,1,6,1,9,1497,1,9,1,1
201304CA13194,2,1,0,18,0,8,0,0,0,0,1,1,6,1,8,-1,-1,-1,4,1
201304CA13195,1,9,0,14,0,0,1,0,0,0,1,1,6,1,6,1896,2,11,9,3
201304CA13195,2,9,0,18,0,0,0,0,0,0,1,1,6,2,7,2497,2,9,7,2
201304CA13196,1,9,0,18,0,0,0,0,0,0,1,1,6,1,6,1597,1,11,7,1
201304CA13197,1,9,0,16,0,0,0,0,0,0,1,1,3,2,4,998,1,-1,7,3
201304CA13197,2,9,0,17,0,0,0,0,0,0,1,1,2,1,6,-1,-1,-1,3,1
201304CA13198,1,9,0,9,0,8,0,0,1,10,1,1,6,2,10,1198,1,9,9,1
201304CA13199,1,9,0,18,0,0,0,0,0,0,1,1,6,2,8,875,1,-1,9,1
201304CA13200,1,9,0,9,0,6,0,0,0,0,1,1,3,2,7,1364,1,6,2,2
201304CA13200,2,3,0,15,0,8,0,0,0,0,1,1,6,1,4,-1,-1,-1,4,1
201304CA13200,3,9,0,9,0,6,0,0,0,0,1,1,6,1,10,1242,1,4,6,1
201304CA13201,1,9,0,9,0,8,0,0,0,0,4,1,6,2,9,1149,1,6,7,1
201304CA13201,2,1,0,18,0,8,5,0,0,0,1,1,6,1,7,-1,-1,-1,9,1
201304CA13202,1,3,0,18,0,0,0,0,0,0,1,1,6,1,5,-1,-1,-1,8,1
201304CA13202,2,9,0,3,0,0,0,0,0,0,2,1,6,1,6,1588,1,11,1,1
201304CA13203,1,5,0,18,0,0,0,0,0,0,1,1,6,1,9,900,1,32,3,1
201304CA13203,2,9,0,3,0,0,0,0,0,0,2,1,6,1,5,1299,1,11,4,1
201304CA13204,1,9,0,18,0,1,0,0,0,0,0,1,3,1,7,1299,1,12,1,1
201304CA13204,2,9,0,18,0,1,0,0,0,0,2,1,6,2,6,1598,1,8,2,1
201304CA13204,3,1,0,5,0,6,0,0,0,0,0,1,6,3,-1,-1,-1,-1,-1,-1
201304CA13205,1,9,0,18,0,1,0,0,0,0,1,1,6,2,8,2401,2,11,9,1
201304CA13205,2,9,0,9,0,1,0,0,0,0,2,1,6,2,7,1598,2,-1,9,2
201304CA13206,1,8,0,7,0,1,0,0,0,0,3,1,2,1,7,-1,-1,-1,7,1
201304CA13207,1,17,4,16,0,8,3,0,0,0,3,1,1,1,5,-1,2,8,1,1
201304CA13207,2,9,0,17,0,8,0,0,0,0,3,1,6,1,7,1596,1,5,6,1
201304CA13208,1,9,0,18,0,2,0,0,0,0,3,1,3,2,6,1997,1,6,3,1
201304CA13208,2,9,0,10,0,1,0,0,0,0,1,1,3,1,6,1968,2,6,1,1
201304CA13209,1,9,0,18,0,8,0,0,0,0,1,1,6,2,5,1461,2,11,9,1
201304CA13209,2,1,0,18,0,1,0,0,0,0,3,1,6,1,8,-1,-1,-1,9,3
201304CA13210,1,9,0,9,0,6,0,0,0,0,1,1,6,1,6,1968,2,1,2,1
201304CA13210,2,9,0,15,0,1,0,0,0,0,4,1,6,2,7,-1,-1,-1,1,1
201304CA13211,1,9,0,18,0,8,0,0,0,0,1,1,1,1,7,1896,2,14,5,1
201304CA13211,2,9,0,3,0,8,0,0,0,0,2,1,1,2,6,1597,1,14,4,1
201304CA13211,3,9,0,3,0,8,0,0,0,0,2,1,1,1,6,2979,1,9,2,1
201304CA13211,4,9,0,3,0,8,0,0,0,0,2,1,1,2,6,1587,1,11,5,1
201304CA13212,1,9,0,3,0,1,0,0,1,0,1,1,6,1,10,1598,1,11,9,1
201304CA13212,2,9,0,18,0,1,0,0,0,0,2,1,6,1,9,-1,-1,-1,6,2
201304CA13213,1,1,0,18,0,8,0,0,0,0,3,1,2,1,5,-1,-1,-1,1,1
201304CA13213,2,5,0,18,0,8,0,0,0,0,4,1,2,1,9,1164,1,10,1,1
201304CA13214,1,9,0,7,0,1,0,0,0,0,4,1,6,2,7,1895,1,15,9,1
201304CA13215,1,3,0,17,0,0,0,0,1,9,3,1,2,1,7,124,1,-1,5,2
201304CA13216,1,20,0,18,0,1,1,0,0,0,3,1,1,3,-1,4580,2,12,-1,-1
201304CA13216,2,11,0,4,0,1,0,0,0,0,3,1,1,1,7,9600,2,14,3,1
201304CA13217,1,9,0,16,0,0,0,0,0,0,1,1,6,1,5,1242,1,6,4,1
201304CA13217,2,9,0,16,0,0,0,0,0,0,0,1,6,1,6,1796,1,10,4,1
201304CA13219,1,9,0,5,0,0,0,0,1,10,1,1,6,1,10,1598,1,16,3,1
201304CA13221,1,9,0,18,0,1,1,0,0,0,1,1,6,1,10,1995,2,2,8,3
201304CA13221,2,9,5,4,0,1,0,0,0,0,2,1,6,2,7,1968,2,1,-1,-1
201304CA13222,1,9,0,9,0,6,0,0,0,0,1,1,1,1,6,1598,1,10,7,1
201304CA13222,2,9,0,18,0,1,0,0,0,0,1,1,1,1,6,1896,2,9,2,1
201304CA13223,1,9,0,18,0,0,0,0,0,0,1,1,6,1,5,1199,1,9,2,2
201304CA13224,1,9,0,13,0,1,0,0,0,0,0,1,6,3,-1,-1,-1,-1,-1,-1
201304CA13224,2,3,0,4,0,1,5,0,0,0,4,1,2,1,5,124,1,-1,6,1
201304CA13225,1,4,0,3,0,1,0,0,0,0,1,1,6,1,4,-1,-1,-1,5,1
201304CA13225,2,9,0,10,0,1,0,0,0,0,3,1,2,1,8,1995,2,10,5,1
201304CA13226,1,9,0,18,0,1,1,0,0,0,1,1,6,1,10,1995,2,9,4,1
201304CA13226,2,9,0,2,0,1,0,0,0,0,2,1,6,1,5,1400,1,14,4,1
201304CA13227,1,21,0,18,0,1,1,0,0,0,1,1,1,1,8,12580,2,9,8,3
201304CA13227,2,9,0,9,0,1,0,0,0,0,2,1,6,2,10,1799,1,3,4,1
201304CA13228,1,9,0,4,0,1,0,0,7,2,1,1,1,1,8,1799,1,18,3,1
201304CA13228,2,9,0,5,0,1,0,0,0,0,4,1,6,1,9,1399,2,5,4,2
201304CA13229,1,8,0,1,0,1,0,0,0,0,2,1,1,1,9,1896,2,7,4,1
201304CA13230,1,19,0,18,0,1,0,0,0,0,1,1,6,1,-1,-1,-1,-1,-1,-1
201304CA13230,2,9,0,4,0,1,0,0,0,0,2,1,1,2,7,1796,1,13,1,1
201304CA13231,1,9,0,9,0,1,0,0,0,0,1,1,6,1,9,-1,-1,-1,9,3
201304CA13231,2,1,0,9,0,1,0,0,0,0,1,1,6,1,11,-1,-1,-1,8,3
201304CA13232,1,9,0,16,0,0,1,0,0,0,1,1,1,1,5,1124,1,12,1,1
201304CA13232,2,9,0,17,0,0,0,0,0,0,1,1,6,1,9,1598,1,6,4,1
201304CA13233,1,9,0,9,0,8,0,0,0,0,4,1,6,2,7,1149,1,11,4,1
201304CA13233,2,3,0,18,0,8,2,0,0,0,1,1,6,1,4,124,1,1,4,1
201304CA13234,1,9,0,9,0,8,0,0,0,0,3,1,6,2,5,1199,1,9,5,1
201304CA13234,2,1,0,18,0,8,2,0,0,0,1,1,6,1,8,-1,-1,-1,6,1
201304CA13235,1,9,0,7,0,8,1,0,3,3,1,1,6,2,5,1796,1,12,2,1
201304CA13236,1,11,0,3,0,0,0,0,0,0,0,1,1,1,9,6871,2,14,6,1
201304CA13237,1,9,0,9,8,5,0,0,0,0,1,1,6,2,10,1984,1,6,10,2
201304CA13237,2,1,0,18,9,1,0,0,0,0,4,1,6,1,10,-1,-1,-1,9,1
201304CA13238,1,9,0,18,0,1,0,0,0,0,1,1,6,2,9,995,1,8,3,1
201304CA13239,1,9,0,18,0,1,0,0,0,0,1,1,6,3,-1,-1,-1,-1,-1,-1
201304CA13240,1,90,0,18,0,0,0,0,0,0,0,1,6,1,7,-1,-1,-1,9,1
201304CA13241,1,9,0,5,0,0,0,0,0,0,3,1,6,3,-1,1332,1,17,-1,-1
201304CA13241,2,3,0,18,0,0,5,0,0,0,4,1,6,1,5,124,1,7,4,1
201304CA13242,1,19,0,18,0,1,0,0,0,0,0,1,6,1,8,2198,2,5,8,1
201304CA13243,1,9,0,18,0,4,0,0,1,10,1,1,6,1,4,1390,1,11,3,1
201304CA13243,2,9,0,9,0,3,0,0,0,0,4,1,6,2,8,1794,1,7,9,2
201304CA13244,1,9,0,18,0,0,1,10,7,7,1,1,1,2,6,1149,1,2,5,1
201304CA13245,1,9,0,7,0,6,0,0,0,0,1,1,6,3,-1,-1,-1,-1,-1,-1
201304CA13245,2,1,0,9,0,6,0,0,0,0,1,1,1,1,4,-1,-1,-1,2,2
201304CA13246,1,9,0,9,0,3,0,0,0,0,0,1,6,3,-1,-1,-1,-1,-1,-1