Accident_Index,Vehicle_Reference,Vehicle_Type,Towing_and_Articulation,Vehicle_Manoeuvre,Vehicle_Location-Restricted_Lane,Junction_Location,Skidding_and_Overturning,Hit_Object_in_Carriageway,Vehicle_Leaving_Carriageway,Hit_Object_off_Carriageway,1st_Point_of_Impact,Was_Vehicle_Left_Hand_Drive?,Journey_Purpose_of_Driver,Sex_of_Driver,Age_Band_of_Driver,Engine_Capacity_(CC),Propulsion_Code,Age_of_Vehicle,Driver_IMD_Decile,Driver_Home_Area_Type
201304CA13246,2,3,0,18,0,3,0,0,0,0,0,1,6,1,6,124,1,-1,7,1
201304CA13247,1,9,0,9,0,8,0,0,0,0,3,1,6,2,6,1896,2,11,1,1
201304CA13247,2,5,0,18,0,8,0,0,0,0,1,1,6,1,6,599,1,14,-1,-1
201304CA13248,1,9,0,17,0,0,1,0,1,4,1,1,6,1,5,1396,1,9,6,1
201304CA13249,1,9,0,4,0,0,0,0,0,0,3,1,6,2,4,1299,1,14,4,1
201304CA13249,2,9,0,1,0,0,0,0,0,0,2,1,6,1,7,1796,2,-1,5,1
201304CA13250,1,1,0,18,4,4,0,0,0,0,1,1,6,1,-1,-1,-1,-1,-1,-1
201304CA13250,2,9,0,8,0,3,0,0,0,0,4,1,6,1,8,1328,1,11,4,2
201304CA13251,1,19,0,18,0,1,0,0,0,0,1,1,1,1,7,2402,2,2,5,1
201304CA13251,2,9,0,7,0,6,0,0,0,0,1,1,6,1,6,1199,1,11,8,1
201304CA13252,1,3,0,18,0,0,1,0,8,10,1,1,6,1,4,125,1,1,3,1
201304CA13252,2,3,0,18,0,0,0,0,0,0,3,1,6,1,5,125,1,7,9,1
201304CA13253,1,9,0,16,0,0,0,0,7,4,1,1,6,2,5,1124,1,8,-1,-1
201304CA13254,1,11,0,5,0,0,0,0,0,0,0,1,1,1,9,9000,2,4,7,1
201304CA13255,1,9,0,4,0,1,0,0,0,0,0,1,6,2,7,1995,1,2,7,1
201304CA13256,1,9,0,9,0,6,5,0,0,0,3,1,6,2,4,1149,1,5,8,1
201304CA13256,2,9,0,18,0,8,0,0,0,0,1,1,1,1,8,1896,2,7,1,1
201304CA13257,1,9,0,9,0,5,0,0,0,0,1,1,6,1,9,1598,1,13,6,1
201304CA13257,2,1,0,18,0,1,0,0,0,0,1,1,6,1,7,-1,-1,-1,4,3
201304CA13258,1,4,0,12,0,0,0,0,4,10,3,1,2,1,5,400,1,21,1,1
201304CA13259,1,3,0,18,0,0,0,0,0,0,0,1,6,2,5,124,1,1,1,1
201304CA13260,1,9,0,18,0,1,0,0,0,0,0,1,6,3,-1,-1,-1,-1,-1,-1
201304CA13261,1,9,0,18,0,1,0,0,0,2,1,1,2,1,8,2148,2,7,8,1
201304CA13261,2,9,0,18,0,1,0,0,0,2,1,1,2,1,6,1796,1,3,2,1
201304CA13261,3,9,0,18,0,1,0,0,0,2,2,1,2,1,9,-1,-1,-1,-1,-1
201304CA13262,1,9,0,9,0,8,0,0,0,0,4,1,6,2,10,1299,1,13,8,3
201304CA13262,2,3,0,18,0,8,0,0,0,0,1,1,2,1,4,125,1,13,7,2
201304CA13263,1,9,0,9,0,8,0,0,0,0,1,1,6,2,6,1910,2,7,1,1
201304CA13263,2,4,0,15,0,2,0,0,0,0,4,1,6,1,6,499,1,13,4,1
201304CC13001,1,9,0,18,0,0,0,0,0,0,1,1,1,1,7,1984,1,4,2,1
201304CC13001,2,9,0,18,0,0,1,0,0,0,2,1,1,2,9,1229,1,3,8,3
201304CC13001,3,3,0,18,0,0,0,0,0,0,1,1,1,1,4,124,1,15,7,3
201304CC13002,1,21,0,18,0,0,0,0,0,0,1,1,1,1,5,-1,-1,-1,7,1
201304CC13002,2,9,0,3,0,0,0,0,0,0,2,1,6,1,11,1299,1,8,3,1
201304CJ13001,1,9,0,18,0,0,0,0,0,0,1,1,6,2,6,1796,1,11,5,3
201304CJ13001,2,9,0,18,0,0,0,0,0,0,1,1,6,1,11,1248,1,4,3,1
201304CJ13002,1,9,0,17,0,0,1,0,0,0,1,1,2,2,8,1398,2,4,9,1
201304CJ13002,2,21,0,16,0,0,0,0,0,0,1,1,1,1,6,7790,2,6,2,1
201304CJ13003,1,9,0,7,0,1,0,0,0,0,3,1,6,1,11,1783,1,12,8,3
201304CJ13003,2,9,0,18,0,1,0,0,0,0,1,1,6,2,7,1796,1,6,8,3
201304CJ13004,1,9,0,18,0,0,1,0,8,4,1,1,6,1,4,1560,2,7,10,2
201304CJ13004,2,21,1,18,0,0,0,0,7,4,1,1,1,1,8,10518,2,1,5,1
201304CJ13005,1,9,0,18,0,0,1,0,0,0,3,1,1,1,8,-1,-1,-1,7,2
201304CJ13005,2,9,0,18,0,0,1,0,0,0,3,1,2,1,6,1997,2,12,4,3
201304CJ13006,1,9,0,17,0,5,2,0,1,10,1,1,6,2,8,1968,2,1,10,3
201304CJ13007,1,9,0,9,0,6,0,0,0,0,1,1,1,1,8,1399,2,8,2,1
201304CJ13007,2,9,0,18,0,1,0,0,0,0,4,1,6,2,7,1388,1,10,2,2
201304CJ13008,1,9,0,18,0,0,1,0,7,10,1,1,2,2,6,-1,-1,-1,6,2
201304CJ13008,2,9,0,3,0,0,0,0,0,9,2,1,2,2,5,1199,1,9,7,2
201304CJ13009,1,9,0,5,0,1,1,0,0,0,4,1,6,2,6,799,2,3,2,1
201304CJ13009,2,9,0,18,0,1,0,0,0,0,4,1,1,1,8,1598,2,2,9,2
201304CJ13010,1,21,1,18,0,0,0,4,0,0,1,1,1,1,7,12740,2,2,1,1
201304CJ13010,2,21,1,2,0,0,0,0,0,0,2,1,1,1,6,12777,2,1,-1,-1
201304CJ13010,3,21,1,2,0,0,0,0,0,0,2,1,1,1,6,12900,2,1,2,1
201304CJ13011,1,9,0,4,0,8,1,0,0,0,1,1,1,1,4,1242,1,6,9,1
201304CJ13011,2,9,0,4,0,8,0,0,0,0,2,1,1,2,4,1299,1,6,9,1
201304CJ13012,1,9,0,16,9,0,1,10,8,0,0,1,1,1,6,1388,1,9,3,1
201304CJ13012,2,9,0,16,9,0,1,1,8,0,4,1,1,2,8,1396,1,16,8,1
201304CJ13013,1,9,0,4,0,4,0,0,0,0,2,1,3,1,7,1796,1,12,2,1
201304CJ13013,2,9,0,4,0,4,0,0,0,0,1,1,6,1,5,1598,1,8,6,1
201304CJ13014,1,9,0,3,9,1,0,0,0,0,0,1,1,1,5,1364,1,3,9,1
201304CJ13015,1,9,0,4,0,6,0,0,0,0,1,2,6,1,6,2993,2,6,7,1
201304CJ13015,2,5,0,18,0,1,0,0,0,0,4,1,6,1,8,645,1,10,-1,-1
201304CJ13017,1,9,0,18,0,0,0,0,0,0,1,1,6,1,6,2926,2,11,5,2
201304CJ13017,2,9,0,3,0,0,0,0,0,0,2,1,6,1,5,2967,2,1,2,1
201304CJ13018,1,9,0,9,0,5,0,0,0,0,4,1,6,1,10,1248,2,6,3,1
201304CJ13018,2,1,0,17,0,8,0,0,0,0,1,1,2,1,8,-1,-1,-1,3,1
201304CJ13019,1,1,0,18,0,0,1,4,1,0,1,1,1,1,7,-1,-1,-1,7,1
201304CJ13019,2,9,0,2,0,0,0,0,0,0,2,1,6,3,-1,999,1,14,-1,-1
201304CJ13021,1,9,0,18,0,0,5,0,7,9,3,1,6,1,6,1753,2,7,5,1
201304CJ13022,1,9,0,7,0,1,0,0,0,0,1,1,6,1,5,1199,1,10,5,2
201304CJ13022,2,9,0,18,0,1,0,0,0,0,1,1,6,2,8,1587,1,5,10,1
201304CJ13023,1,9,0,4,0,0,0,0,0,0,1,1,6,2,7,1587,1,6,5,1
201304CJ13024,1,9,0,16,0,0,0,0,0,0,1,1,6,2,9,1461,2,1,9,2
201304CJ13024,2,9,0,17,0,0,0,0,1,0,1,1,6,2,6,1364,1,7,2,1
201304CJ13024,3,9,0,16,0,0,1,0,0,0,1,1,2,1,5,1896,2,12,9,3
201304CJ13024,4,9,0,17,0,0,1,0,0,0,1,1,6,1,7,1497,1,13,3,1
201304CJ13026,1,9,0,13,0,8,0,4,1,10,4,1,6,1,4,1761,1,12,10,1
201304CJ13026,2,20,0,2,0,8,0,0,0,0,3,1,1,1,7,4250,2,8,-1,-1
201304CJ13027,1,8,0,18,0,0,0,0,0,0,1,1,6,2,8,2402,2,11,3,1
201304CJ13028,1,9,0,13,0,0,2,0,7,9,0,1,6,1,5,1995,1,8,6,3
201304CJ13028,2,9,0,18,0,0,0,0,0,0,0,1,6,3,-1,-1,-1,-1,-1,-1
201304CJ13029,1,21,0,10,0,1,0,0,0,0,1,1,1,1,8,4250,2,2,5,1
201304CJ13029,2,9,0,3,0,1,0,0,0,0,1,1,1,1,6,-1,-1,-1,8,1
201304CJ13029,3,9,0,3,0,1,0,0,0,0,2,1,6,1,7,1364,1,8,6,1
201304CJ13029,4,9,0,18,0,1,2,0,0,0,2,1,6,2,5,1242,1,1,2,1
201304CJ13030,1,9,0,18,0,0,1,10,1,2,2,1,2,1,6,1598,1,13,4,2
201304CJ13031,1,9,0,17,0,0,1,0,1,4,1,1,6,2,4,1242,1,10,4,1
201304CJ13032,1,9,0,16,0,0,2,10,1,4,2,1,6,1,5,1149,1,10,6,3
201304CJ13033,1,19,0,18,0,0,0,0,0,0,0,1,1,1,8,2287,2,1,1,1
201304CJ13033,2,1,0,18,0,0,0,0,0,0,0,1,6,1,6,-1,-1,-1,-1,-1
201304CJ13035,1,9,0,18,0,8,0,0,0,0,3,1,6,1,9,1794,1,10,7,3
201304CJ13035,2,9,0,9,0,1,0,0,0,0,1,1,6,2,6,2199,2,2,8,1
201304CJ13036,1,9,0,9,0,6,0,0,0,0,1,1,6,1,6,1988,1,9,4,1
201304CJ13036,2,9,0,18,0,1,0,0,0,0,1,1,6,2,9,1364,1,4,-1,-1
201304CJ13036,3,21,1,2,0,1,0,0,0,0,0,1,1,1,6,12777,2,7,9,3
201304CJ13037,1,19,0,18,0,2,0,0,0,0,1,1,1,1,8,1598,2,1,9,1
201304CJ13037,2,9,0,3,0,1,0,0,0,0,2,1,6,1,9,2470,2,21,7,3
201304CJ13037,3,9,0,3,0,1,0,0,0,0,2,1,6,1,10,1461,2,1,9,1
201304CJ13038,1,9,0,17,0,0,1,10,1,0,1,1,2,2,5,1587,1,10,-1,-1
201304CJ13039,1,9,0,7,0,8,0,0,0,0,1,1,6,2,4,1248,2,7,2,1
201304CJ13039,2,9,0,18,0,8,0,0,7,0,4,1,6,2,6,2199,2,1,9,2
201304CJ13040,1,19,0,18,0,0,0,2,0,0,1,1,1,1,7,2446,2,16,5,3
201304CJ13040,2,9,0,3,0,0,0,0,0,0,1,1,1,1,8,1997,2,1,9,1
201304CJ13040,3,9,0,3,0,0,0,0,0,0,2,1,6,2,9,1753,2,5,-1,-1
201304CJ13041,1,9,0,16,0,0,0,0,0,0,1,1,6,1,6,1199,1,11,6,1
201304CJ13041,2,9,0,17,0,0,0,0,0,0,1,1,6,2,7,1596,1,14,1,1
201304CJ13042,1,20,0,18,0,0,0,0,0,0,1,1,1,1,6,-1,-1,-1,1,1
201304CJ13042,2,9,0,2,0,0,0,0,0,0,2,1,1,2,6,1299,1,11,5,1
201304CJ13043,1,9,0,4,0,1,0,0,0,0,2,1,1,1,9,1968,2,1,7,1
201304CJ13043,2,9,0,4,0,1,0,0,0,0,2,1,6,2,7,1596,1,12,8,1
201304CJ13043,3,9,0,4,0,1,0,0,0,0,1,1,2,2,4,1242,1,2,10,2
201304CJ13044,1,9,0,9,0,8,0,0,0,0,1,1,1,1,6,1796,1,9,1,1
201304CJ13044,2,9,0,18,0,8,0,0,7,0,4,1,1,1,8,1560,2,5,1,1
201304CJ13045,1,19,0,18,0,0,0,0,7,2,1,1,1,1,11,2400,2,11,8,2
201304CJ13046,1,9,0,18,0,0,0,0,0,0,2,1,6,2,8,1349,1,-1,3,1
201304CJ13046,2,9,0,18,0,0,1,0,0,0,1,1,6,2,7,1796,1,12,-1,-1
201304CJ13047,1,9,0,16,0,0,1,0,0,0,1,1,1,1,4,1388,1,11,5,3
201304CJ13047,2,19,0,17,0,0,0,0,0,0,1,1,1,1,8,1998,2,9,5,1
201304CJ13048,1,5,0,17,0,8,2,0,2,10,1,1,6,1,5,599,1,8,7,3
201304CJ13049,1,9,0,7,0,8,0,0,0,0,4,1,6,2,5,1149,1,10,6,3
201304CJ13049,2,1,0,18,0,8,0,0,0,0,3,1,6,1,3,-1,-1,-1,7,1
201304CJ13050,1,9,0,18,0,8,0,0,1,1,3,1,6,1,5,1997,2,6,9,2
201304CJ13050,2,9,0,18,0,8,0,0,0,0,1,1,6,1,5,1199,1,10,7,1
201304CJ13051,1,9,0,18,0,1,0,0,1,0,1,1,6,2,6,1686,2,13,4,1
201304CJ13051,2,9,0,10,0,1,0,0,0,0,2,1,6,1,10,1248,1,3,4,3
201304CJ13051,3,9,5,18,0,1,0,0,1,0,1,1,6,1,10,1390,1,6,9,1
201304CJ13053,1,9,0,6,0,0,0,0,0,0,3,1,6,1,4,1229,1,7,5,1
201304CJ13053,2,4,0,18,0,0,0,0,0,0,1,1,6,1,8,349,1,19,4,1
201304CJ13054,1,5,0,18,0,0,5,0,0,0,4,1,6,1,9,1800,1,6,7,1
201304CJ13054,2,9,0,18,0,0,0,0,0,0,0,1,6,3,-1,-1,-1,-1,-1,-1
201304CJ13054,3,5,0,18,0,0,0,0,0,0,0,1,6,1,8,1690,1,2,5,1
201304CJ13055,1,9,0,18,0,0,0,0,0,0,1,1,6,1,7,1598,2,1,4,1
201304CJ13055,2,9,0,3,0,0,0,0,0,0,3,1,6,1,6,1364,1,3,7,1
201304CJ13056,1,17,0,18,0,0,0,0,0,0,3,1,6,3,-1,-1,-1,-1,-1,-1
201304CJ13056,2,1,0,18,0,0,2,0,0,0,3,1,6,1,11,-1,-1,-1,-1,-1
201304CJ13056,3,1,0,18,0,0,2,0,1,9,0,1,6,2,10,-1,-1,-1,6,1
201304CJ13057,1,90,0,18,0,1,0,0,0,0,0,1,1,1,6,-1,-1,-1,5,1
201304CJ13058,1,1,0,18,0,1,0,0,0,0,1,1,6,2,8,-1,-1,-1,8,1
201304CJ13058,2,9,0,5,9,1,0,0,0,0,4,1,6,1,8,1461,2,1,3,1
201304CJ13059,1,9,0,17,0,0,0,0,1,4,1,1,6,1,7,1589,1,16,7,3
201304CJ13060,1,9,0,4,0,0,0,0,0,0,1,1,6,2,11,1397,1,12,4,1
201304CJ13060,2,9,0,3,0,0,0,0,0,0,2,1,6,2,7,1364,1,3,4,1
201304CJ13060,3,9,0,3,0,0,0,0,0,0,2,1,6,2,8,1242,1,5,9,2
201304CJ13061,1,3,0,18,9,0,1,0,8,10,4,1,6,1,8,85,1,24,7,3
201304CJ13062,1,5,0,16,0,1,1,0,0,0,0,1,6,1,6,599,1,10,9,3
201304CJ13063,1,5,0,18,0,0,0,0,2,10,1,1,6,1,7,1198,1,4,6,1
201304CJ13063,2,9,0,18,0,0,0,0,0,0,2,1,6,2,7,1995,2,5,9,1
201304CJ13064,1,9,0,9,0,6,0,0,0,0,1,1,1,1,9,1753,2,11,9,1
201304CJ13064,2,5,0,18,0,1,0,0,7,0,4,1,2,1,8,599,1,17,3,1
201304CJ13065,1,9,0,9,0,8,0,0,1,0,1,1,6,2,4,1229,1,2,9,1
201304CJ13065,2,9,0,18,0,8,0,0,7,0,1,1,6,1,10,3996,1,12,3,1
201304CJ13066,1,3,0,18,0,1,0,0,0,0,1,1,6,1,5,124,1,13,7,3
201304CJ13066,2,9,0,18,0,1,0,0,0,0,3,1,2,1,9,2993,2,2,8,1
201304CJ13067,1,1,0,18,0,8,1,0,0,0,1,1,6,1,7,-1,-1,-1,8,1
201304CJ13067,2,9,0,18,0,8,0,0,0,0,1,1,6,1,10,1388,1,4,10,3
201304CJ13068,1,9,0,16,0,0,0,10,7,10,1,1,6,1,8,2993,2,9,6,2
201304CJ13068,2,9,0,2,9,0,0,0,0,0,2,1,6,3,-1,1560,2,7,-1,-1
201304CJ13069,1,9,0,17,0,0,1,0,1,1,1,1,6,1,6,2148,2,4,2,1
201304CJ13070,1,9,0,9,0,8,0,0,0,0,0,1,6,1,6,1596,1,5,3,1
201304CJ13070,2,9,0,18,0,8,0,0,0,0,0,1,6,1,4,998,1,9,3,1
201304CJ13070,3,19,5,8,0,1,0,0,0,0,1,1,1,1,9,2400,2,6,7,3
201304CJ13071,1,9,0,18,0,8,5,7,0,0,1,1,6,1,11,1198,1,10,7,1
201304CJ13072,1,2,0,17,0,8,2,0,0,0,0,1,6,2,4,-1,-1,-1,8,3
201304CJ13073,1,9,0,5,0,0,5,0,1,0,3,1,6,2,9,1388,1,3,8,3
201304CJ13074,1,9,0,18,0,0,0,0,0,0,1,1,1,1,7,995,1,1,6,2
201304CJ13074,2,9,0,4,0,0,0,0,0,0,0,1,6,2,5,1399,2,10,1,1
201304CJ13075,1,9,0,18,0,0,0,0,0,0,0,1,6,3,-1,-1,-1,-1,-1,-1
201304CJ13076,1,9,0,16,0,0,0,0,0,0,3,1,6,1,4,1598,2,3,4,3
201304CJ13076,2,9,0,17,0,0,0,0,0,0,3,1,1,2,8,1398,2,9,4,1
201304CJ13077,1,9,0,1,0,0,0,0,0,0,2,1,6,1,8,1360,1,10,-1,-1
201304CJ13078,1,9,0,18,0,1,0,0,0,0,1,1,6,2,4,998,1,14,7,3
201304CJ13078,2,9,0,5,0,6,0,0,0,0,1,1,6,1,9,2720,2,7,9,2
201304CJ13081,1,19,0,18,0,3,0,0,0,0,1,1,1,1,4,2402,2,6,2,1
201304CJ13081,2,9,0,18,0,3,2,0,7,0,4,1,6,1,9,1108,1,13,-1,-1
201304CJ13082,1,9,0,9,0,6,0,0,0,0,1,1,6,1,7,1598,2,2,4,2
201304CJ13082,2,9,0,18,0,8,0,0,0,0,1,1,2,2,8,1229,1,8,9,2
201304CJ13083,1,9,0,10,0,1,0,0,0,0,3,1,6,1,8,1598,1,7,9,1
201304CJ13083,2,5,0,18,0,8,1,0,0,0,4,1,6,1,7,1250,1,6,9,3
201304CJ13084,1,9,0,16,0,0,0,0,0,0,1,1,6,1,7,2148,2,3,5,1
201304CJ13084,2,21,0,17,0,0,1,0,0,0,1,1,1,1,8,6692,2,3,-1,-1
201304CJ13085,1,9,0,18,0,1,0,0,0,0,1,1,6,1,10,2494,2,9,7,3
201304CJ13085,2,9,0,18,0,1,0,0,0,0,2,1,6,1,5,998,1,1,7,1
201304CJ13086,1,4,0,16,0,0,0,0,0,0,1,1,6,2,6,498,1,17,2,1
201304CJ13086,2,9,0,18,0,0,0,0,0,0,1,1,6,1,9,1598,2,2,5,2
201304CJ13087,1,9,0,5,0,8,0,0,0,0,4,1,6,2,5,1598,1,6,7,1
201304CJ13087,2,9,0,16,0,1,0,0,0,0,1,1,6,2,5,1587,1,7,6,2
201304CJ13088,1,9,0,18,0,0,5,0,0,0,1,1,6,1,6,3199,1,14,3,1
201304CJ13088,2,9,0,18,0,0,0,0,0,0,1,1,6,2,7,1364,1,6,9,1
201304CJ13089,1,5,0,18,0,1,1,0,0,0,1,1,6,1,5,748,1,8,5,1
201304CJ13089,2,9,0,18,0,1,0,0,0,0,1,1,6,1,11,1896,2,10,6,2
201304CJ13089,3,9,0,18,0,1,0,0,0,0,1,1,6,2,5,1242,1,2,-1,-1
201304CJ13089,4,9,0,10,0,1,0,0,0,0,0,1,2,1,8,1995,2,2,6,1
201304CJ13090,1,9,0,16,0,0,5,10,8,2,1,1,6,1,11,1389,1,16,8,3
201304CJ13091,1,9,0,18,0,0,0,0,0,0,1,1,6,3,-1,-1,-1,-1,-1,-1
201304CJ13092,1,9,0,18,0,4,0,0,0,0,3,1,1,1,9,1986,2,5,6,2
201304CJ13092,2,1,0,18,0,4,0,0,0,0,4,1,1,1,6,-1,-1,-1,10,1
201304CJ13094,1,9,0,18,0,0,0,0,0,0,1,1,6,2,11,1360,1,7,3,1
201304CJ13095,1,3,0,17,0,0,0,0,0,4,1,1,6,1,9,123,1,21,1,1
201304CJ13096,1,9,0,4,0,1,0,0,0,0,1,1,6,3,-1,-1,-1,-1,-1,-1
201304CJ13096,2,9,0,3,0,1,0,0,0,0,2,1,2,2,9,1299,1,11,7,1
201304CJ13097,1,1,0,9,0,8,2,0,0,0,4,1,6,1,5,-1,-1,-1,5,3
201304CJ13097,2,1,0,18,0,8,0,0,0,0,1,1,6,1,9,-1,-1,-1,8,2
201304CJ13098,1,21,0,16,0,8,0,0,0,0,1,1,1,1,6,12777,2,1,2,1
201304CJ13098,2,9,0,18,0,3,1,0,0,0,4,1,6,1,6,1896,2,4,8,1
201304CJ13099,1,9,0,18,0,0,1,0,7,3,1,1,6,1,7,1598,1,12,8,3
201304CJ13100,1,9,0,9,0,2,0,0,1,10,1,1,6,1,5,1199,1,10,-1,-1
201304CJ13101,1,9,0,9,0,8,0,0,0,0,3,1,6,1,7,1560,2,2,8,2
201304CJ13101,2,9,0,18,0,8,0,0,0,0,1,1,2,1,4,998,1,16,2,1
201304CJ13102,1,9,0,11,0,4,0,0,0,0,2,1,6,3,-1,2979,1,7,-1,-1
201304CJ13102,2,9,0,8,0,4,0,0,0,0,1,1,2,2,5,847,1,14,3,1
201304CJ13103,1,9,0,5,0,6,0,0,0,0,1,1,2,1,6,1783,1,11,1,1
201304CJ13103,2,5,0,18,0,1,0,0,0,0,1,1,6,1,8,1170,1,8,9,1
201304CJ13104,1,8,0,9,0,2,0,0,0,0,1,1,1,1,9,1596,1,4,10,1
201304CJ13105,1,9,0,15,0,2,0,0,0,0,3,1,6,3,-1,-1,-1,-1,-1,-1
201304CJ13105,2,2,0,16,0,2,0,0,0,0,4,1,6,1,4,-1,-1,-1,5,3
201304CJ13106,1,9,0,18,0,0,1,0,0,0,1,1,6,2,7,1753,2,12,6,2
201304CJ13106,2,9,0,4,0,0,0,0,0,0,2,1,6,2,8,998,1,-1,7,2
201304CJ13107,1,3,0,18,0,1,0,0,0,0,1,1,6,1,6,124,1,3,5,1
201304CJ13107,2,9,0,9,0,6,0,0,0,0,3,1,6,1,6,1242,1,3,10,1
201304CJ13108,1,9,0,18,0,0,0,0,0,0,1,1,6,1,8,1560,2,3,6,2
201304CJ13109,1,9,0,9,0,4,0,0,0,0,1,1,6,1,10,998,1,1,9,2
201304CJ13109,2,1,0,18,0,8,0,0,0,0,1,1,6,2,6,-1,-1,-1,6,1
201304CJ13110,1,9,0,18,0,0,0,0,1,0,1,1,6,2,7,1995,2,1,9,2
201304CJ13110,2,9,0,9,0,0,0,0,0,0,1,1,6,2,6,1995,1,4,9,3
201304CJ13111,1,9,0,18,0,0,0,0,0,0,0,1,6,1,10,1560,2,1,5,1
201304CJ13112,1,20,0,7,0,0,0,0,0,0,2,1,1,1,8,-1,-1,-1,9,1
201304CJ13112,2,5,0,13,0,0,0,0,0,0,1,1,6,1,6,599,1,17,7,1
201304CJ13113,1,9,0,18,0,0,2,0,7,10,1,1,6,3,-1,1598,1,3,-1,-1
201304CJ13114,1,5,0,13,0,3,0,0,0,0,1,1,6,1,4,600,1,-1,2,1
201304CJ13114,2,9,0,18,0,8,0,0,0,0,3,1,6,1,4,1397,1,4,8,3
201304CJ13115,1,19,0,9,0,0,0,0,0,0,3,1,1,1,6,1867,2,7,4,1
201304CJ13115,2,9,0,13,0,0,0,0,0,0,4,1,6,2,6,1997,2,6,7,1
201304CJ13116,1,9,0,18,0,0,0,0,0,0,1,1,6,1,11,2148,2,8,9,1
201304CJ13116,2,21,0,18,0,0,0,0,0,0,0,1,1,1,8,6370,2,7,7,1
201304CJ13117,1,9,0,17,0,0,2,0,8,2,4,1,6,2,5,1299,1,12,3,1
201304CJ13118,1,9,0,18,0,1,1,0,0,0,1,1,6,1,9,998,1,2,9,1
201304CJ13118,2,9,0,3,0,1,0,0,0,0,2,1,6,1,9,1560,2,5,-1,-1
201304CJ13118,3,9,0,3,0,1,0,0,0,0,2,1,6,2,9,3628,2,5,7,3
201304CJ13118,4,9,0,9,0,1,0,0,0,0,2,1,6,2,6,1229,1,1,5,3
201304CJ13119,1,9,0,16,0,1,1,0,0,0,1,1,2,1,4,1389,1,15,3,1
201304CJ13119,2,19,0,17,0,1,0,0,0,0,1,1,1,1,5,1968,2,3,8,1
201304CJ13120,1,9,0,9,0,8,0,0,0,0,4,1,6,2,5,1598,2,-1,4,3
201304CJ13120,2,9,0,18,0,8,0,0,0,0,1,1,1,2,7,998,1,6,5,1
201304CJ13121,1,19,0,18,0,0,2,0,7,9,1,1,1,1,9,2143,2,2,-1,-1
201304CJ13122,1,9,0,5,0,1,0,0,0,0,1,1,2,1,8,1783,1,9,4,1
201304CJ13122,2,5,0,18,0,1,0,0,0,0,3,1,2,1,5,559,1,13,2,1
201304CJ13123,1,9,0,18,0,0,2,0,7,10,1,1,6,1,4,1396,1,11,9,2
201304CJ13124,1,9,0,18,0,8,0,0,0,0,1,1,2,1,7,1398,2,6,8,1
201304CJ13124,2,9,0,3,0,8,0,0,0,0,2,1,6,1,5,-1,-1,-1,2,1
201304CJ13124,3,9,0,10,0,8,0,0,0,0,2,1,6,2,8,1597,1,9,-1,-1
201304CJ13125,1,5,0,3,0,2,0,0,0,0,0,1,6,2,7,805,1,16,-1,-1
201304CJ13126,1,9,0,18,0,8,0,0,0,0,1,1,6,1,5,1796,1,13,10,3
201304CJ13126,2,21,0,18,0,8,1,0,7,10,3,1,1,1,9,11705,2,8,4,2
201304CJ13126,3,21,0,2,0,2,0,0,0,0,1,1,6,3,-1,7900,2,9,-1,-1
201304CJ13126,4,21,0,2,0,2,0,0,0,0,1,1,6,3,-1,6370,2,11,-1,-1
201304CJ13126,5,21,0,2,0,2,0,0,0,0,1,1,6,3,-1,5861,2,15,-1,-1
201304CJ13126,6,21,0,2,0,2,0,0,0,0,1,1,6,3,-1,12186,2,9,-1,-1
201304CJ13127,1,9,0,18,0,1,0,0,0,0,0,1,2,2,7,1461,2,-1,7,3
201304CJ13127,2,9,0,18,0,1,0,0,0,0,2,1,6,1,9,1796,1,11,1,1
201304CJ13128,1,9,0,9,0,8,0,0,0,0,3,1,6,2,9,796,1,11,1,1
201304CJ13128,2,5,0,18,0,8,0,0,0,0,1,1,6,1,8,918,1,13,9,2
201304CJ13129,1,3,0,5,8,0,0,0,0,0,3,1,2,1,6,124,1,4,1,1
201304CJ13129,2,9,0,18,0,0,0,0,0,0,4,1,6,1,9,1229,1,6,5,1
201304CJ13130,1,9,0,6,0,0,0,0,0,0,1,1,3,3,-1,-1,-1,-1,-1,-1
201304CJ13131,1,9,0,18,0,4,0,0,0,0,3,1,6,2,7,1560,2,4,4,1
201304CJ13132,1,9,0,9,0,8,0,0,0,0,3,1,6,1,6,2179,2,-1,-1,-1
201304CJ13132,2,5,0,18,0,8,0,0,0,0,1,1,6,1,4,645,1,13,6,1
201304CJ13133,1,9,0,18,0,0,1,0,7,9,1,1,1,1,7,1753,2,7,1,1
201304CJ13134,1,9,0,3,0,3,0,0,0,0,2,1,6,2,8,1753,2,6,9,1
201304CJ13134,2,9,0,3,0,4,0,0,0,0,2,1,6,2,10,1242,1,4,4,1
201304CJ13135,1,90,0,18,0,1,0,0,0,0,4,1,6,3,-1,-1,-1,-1,-1,-1
201304CJ13136,1,1,0,18,0,8,0,0,0,0,1,1,2,1,5,-1,-1,-1,8,2
201304CJ13136,2,9,0,9,0,8,0,0,0,0,4,1,6,2,7,1598,1,7,5,3
201304CJ13137,1,1,0,18,9,0,0,0,0,0,1,1,6,1,3,-1,-1,-1,1,1
201304CJ13137,2,9,0,5,9,0,0,0,0,0,4,1,6,1,8,1753,2,5,1,1
201304CJ13138,1,9,0,17,7,1,1,0,7,10,1,1,6,1,5,1998,1,8,5,1
201304CJ13139,1,9,0,18,0,2,0,0,0,0,1,1,6,1,11,1586,1,8,9,1
201304CJ13139,2,3,0,18,0,1,0,0,0,0,1,1,6,1,4,124,1,4,7,2
201304CJ13140,1,3,0,16,0,0,0,10,1,10,1,1,6,2,6,124,1,7,1,1
201304CJ13141,1,9,0,18,0,0,0,0,0,0,1,1,6,1,11,1389,1,17,5,3
201304CJ13141,2,1,0,18,0,0,0,0,0,0,2,1,6,2,8,-1,-1,-1,7,3
201304CJ13142,1,9,0,9,0,8,0,0,0,0,1,1,2,1,-1,1781,1,12,-1,-1
201304CJ13142,2,9,0,18,0,8,0,0,0,0,1,1,2,1,6,1242,1,14,8,2