Accident_Index,Vehicle_Reference,Vehicle_Type,Towing_and_Articulation,Vehicle_Manoeuvre,Vehicle_Location-Restricted_Lane,Junction_Location,Skidding_and_Overturning,Hit_Object_in_Carriageway,Vehicle_Leaving_Carriageway,Hit_Object_off_Carriageway,1st_Point_of_Impact,Was_Vehicle_Left_Hand_Drive?,Journey_Purpose_of_Driver,Sex_of_Driver,Age_Band_of_Driver,Engine_Capacity_(CC),Propulsion_Code,Age_of_Vehicle,Driver_IMD_Decile,Driver_Home_Area_Type
201304CL13206,2,19,0,4,0,0,0,0,0,0,2,1,6,3,-1,-1,-1,-1,-1,-1
201304CL13207,1,10,0,16,0,3,0,0,0,0,3,1,1,2,6,1995,2,3,7,1
201304CL13207,2,9,0,16,0,3,0,0,0,0,4,1,1,1,7,1968,2,-1,4,1
201304CL13208,1,9,0,18,0,8,0,0,0,0,1,1,6,1,7,999,1,12,7,1
201304CL13208,2,9,0,18,0,8,1,0,0,0,3,1,6,1,5,1995,2,10,5,3
201304CL13209,1,9,0,9,0,0,0,0,0,0,0,1,6,1,8,1587,1,8,7,1
201304CL13209,2,1,0,15,0,0,0,0,0,0,0,1,6,1,5,-1,-1,-1,-1,-1
201304CL13210,1,9,0,16,0,0,0,0,0,0,1,1,2,2,5,1596,1,11,4,1
201304CL13210,2,9,0,17,0,0,0,0,1,0,3,1,6,2,7,1995,2,5,6,1
201304CL13210,3,9,0,17,0,0,0,0,0,0,1,1,6,1,9,1968,2,7,10,1
201304CL13211,1,9,0,16,0,3,0,0,0,0,4,1,6,1,6,1994,2,9,5,1
201304CL13211,2,9,0,16,0,3,0,0,0,0,3,1,6,2,8,1149,1,13,3,1
201304CL13212,1,9,0,16,0,0,0,0,0,1,1,1,6,2,5,1461,2,6,2,1
201304CL13212,2,9,0,18,0,0,0,0,0,0,1,1,1,2,9,1360,1,14,9,1
201304CL13213,1,9,0,18,0,1,1,0,0,0,1,1,6,2,8,1242,1,14,9,1
201304CL13214,1,9,0,18,0,0,1,0,0,0,3,1,6,2,4,1229,1,-1,10,2
201304CL13214,2,21,0,18,0,0,0,0,0,0,1,1,1,1,5,12580,2,9,9,3
201304CL13215,1,9,0,6,0,0,0,0,1,0,1,1,6,1,11,1198,1,4,8,3
201304CL13215,2,9,0,18,0,0,0,0,0,0,4,1,6,2,5,2495,1,11,2,1
201304CL13215,3,8,0,18,0,0,0,0,0,0,4,1,1,1,7,1997,2,7,1,1
201304CL13216,1,9,0,4,0,0,0,0,0,0,1,1,6,1,5,1149,1,9,6,1
201304CL13216,2,9,0,4,0,0,0,0,0,0,1,1,6,2,9,996,1,1,8,1
201304CL13216,3,9,0,4,0,0,0,0,0,0,2,1,6,1,6,1896,2,8,3,1
201304CL13217,1,9,0,5,0,1,0,0,0,0,3,1,6,1,5,1896,2,8,9,1
201304CL13217,2,9,0,18,0,1,0,0,0,0,3,1,1,2,8,1242,1,5,8,1
201304CL13218,1,9,0,9,0,5,0,0,0,0,3,1,1,1,4,1753,2,8,1,1
201304CL13218,2,1,0,18,0,8,0,0,0,0,1,1,6,1,6,-1,-1,-1,3,1
201304CL13219,1,9,0,18,0,4,0,0,0,0,1,1,6,2,5,1998,2,-1,3,1
201304CL13219,2,9,0,18,0,3,1,10,1,0,4,1,6,2,8,1679,1,13,8,1
201304CL13220,1,9,0,9,0,6,0,0,0,0,3,1,6,2,8,1590,1,14,9,1
201304CL13220,2,3,0,16,0,1,5,0,0,0,3,1,6,1,6,124,1,1,6,1
201304CL13221,1,9,0,9,0,8,0,0,0,0,4,1,6,1,5,1229,1,-1,3,1
201304CL13221,2,1,0,18,4,1,0,0,0,0,1,1,2,1,6,-1,-1,-1,7,2
201304CL13222,1,9,0,7,0,3,1,0,7,0,2,1,1,1,6,-1,-1,-1,-1,-1
201304CL13222,2,9,0,18,0,4,0,0,0,0,4,1,6,1,7,2496,2,16,9,1
201304CL13223,1,9,0,18,0,0,1,0,0,0,1,1,6,1,5,1199,1,10,6,1
201304CL13223,2,9,0,2,0,0,0,0,0,0,2,1,6,1,-1,1341,1,9,6,1
201304CL13224,1,9,0,18,0,0,1,0,1,3,4,1,2,1,5,1896,2,9,5,3
201304CL13225,1,3,0,18,0,8,0,0,0,0,1,1,6,1,4,125,1,2,4,1
201304CL13225,2,9,0,4,0,8,0,0,0,0,2,1,6,2,8,1400,1,8,3,3
201304CL13226,1,9,0,18,0,0,1,0,8,4,3,1,6,1,5,1796,1,10,5,1
201304CL13226,2,9,0,2,0,0,0,0,0,0,0,1,1,3,6,2231,2,1,2,1
201304CL13227,1,19,0,4,0,4,0,0,0,0,1,1,1,1,8,2500,2,7,5,2
201304CL13227,2,9,0,4,0,1,0,0,0,0,0,1,2,3,-1,-1,-1,-1,-1,-1
201304CL13227,3,9,0,4,0,1,0,0,0,0,0,1,6,2,5,1900,2,14,2,1
201304CL13228,1,9,0,9,0,8,0,0,0,0,4,1,1,1,4,973,1,12,6,1
201304CL13228,2,9,0,18,0,8,0,0,0,0,1,1,2,1,7,1560,2,9,6,1
201304CL13229,1,9,0,7,0,6,0,0,0,0,1,1,2,1,6,1753,2,11,9,1
201304CL13229,2,1,0,18,0,8,0,0,0,0,4,1,2,1,8,-1,-1,-1,5,1
201304CL13230,1,9,0,16,0,0,1,0,1,1,1,1,6,2,5,1240,1,7,1,1
201304CL13231,1,9,0,9,0,5,0,0,0,0,1,1,6,1,6,1560,2,4,5,1
201304CL13231,2,9,0,18,0,6,0,0,0,0,2,1,6,1,4,1199,1,9,8,1
201304CL13231,3,9,0,18,0,6,0,0,0,0,2,1,6,1,7,2987,2,6,2,1
201304CL13232,1,9,0,16,0,2,0,0,0,0,1,1,6,1,8,1956,2,4,1,1
201304CL13232,2,19,0,9,0,6,0,0,0,0,0,1,1,1,6,2143,2,1,-1,-1
201304CL13232,3,11,0,4,0,1,0,0,0,0,1,1,1,1,6,9000,2,4,5,1
201304CL13233,1,2,0,16,0,0,1,0,0,0,1,1,1,2,4,49,1,2,4,1
201304CL13233,2,9,0,16,0,0,1,0,0,0,1,1,6,2,8,1343,1,10,4,1
201304CL13234,1,9,0,18,0,0,0,0,0,0,1,1,2,1,5,1299,1,12,-1,-1
201304CL13234,2,1,0,18,0,0,0,0,1,0,2,1,2,1,7,-1,-1,-1,8,1
201304CL13235,1,9,0,17,0,0,1,0,7,10,2,1,1,2,4,1229,1,6,-1,-1
201304CL13236,1,9,0,8,0,1,0,0,0,0,1,1,1,1,6,2143,2,-1,10,1
201304CL13236,2,9,0,8,0,1,0,0,0,0,2,1,6,1,4,1968,2,2,6,1
201304CL13237,1,9,0,2,0,0,0,0,0,0,2,1,6,2,5,998,1,5,7,3
201304CL13237,2,9,0,18,0,0,0,0,0,0,1,1,2,1,8,1600,1,13,1,1
201304CL13238,1,9,0,18,0,0,0,0,0,0,1,1,6,3,-1,1796,1,16,-1,-1
201304CL13238,2,9,0,3,0,0,0,0,0,0,2,1,2,1,9,1598,1,7,-1,-1
201304CL13239,1,2,0,9,0,8,0,0,0,0,3,1,6,1,4,-1,-1,-1,8,1
201304CL13239,2,9,0,18,0,1,0,0,0,0,1,1,2,1,7,1396,1,10,2,1
201304CL13240,1,1,0,18,9,0,0,0,0,0,1,1,2,1,6,-1,-1,-1,-1,-1
201304CL13241,1,9,0,9,0,8,0,0,0,0,1,1,6,2,7,1560,2,5,6,1
201304CL13241,2,5,0,18,0,8,0,0,0,0,1,1,6,1,9,599,1,17,5,1
201304CL13242,1,9,0,18,9,0,0,0,3,10,1,1,6,2,11,1240,1,10,6,1
201304CL13242,2,9,0,2,9,0,0,0,0,10,4,1,6,3,-1,998,1,12,-1,-1
201304CL13243,1,9,0,6,0,6,0,0,0,0,1,1,6,1,5,1800,1,14,4,1
201304CL13243,2,9,0,7,0,6,0,0,0,0,1,1,6,2,6,1388,1,9,2,1
201304CL13244,1,9,0,9,0,2,0,0,0,0,3,1,6,3,-1,-1,-1,-1,-1,-1
201304CL13245,1,9,0,10,0,1,0,0,0,0,2,1,6,2,9,1995,2,7,5,1
201304CL13245,2,9,0,18,0,1,0,0,0,0,1,1,6,2,9,1596,1,6,5,1
201304CL13246,1,3,0,16,0,8,0,0,0,0,1,1,6,1,6,125,1,13,3,1
201304CL13246,2,9,0,17,0,8,0,0,0,0,3,1,6,2,6,796,1,12,6,1
201304CL13247,1,9,0,18,0,8,0,0,2,6,1,1,6,2,4,1360,1,13,2,1
201304CL13247,2,9,0,18,0,8,0,0,0,0,4,1,6,2,5,1598,1,7,7,3
201304CL13248,1,9,0,4,0,1,0,0,0,0,4,1,6,2,5,1596,1,10,9,1
201304CL13249,1,9,0,9,0,8,0,0,0,0,1,1,6,2,6,1598,1,7,8,1
201304CL13249,2,1,0,7,0,8,0,0,0,0,1,1,6,1,7,-1,-1,-1,5,1
201304CL13250,1,9,0,5,0,4,0,0,0,0,1,1,6,2,6,1796,1,10,8,1
201304CL13250,2,9,0,5,0,4,0,0,0,0,2,1,6,1,5,1149,1,10,6,1
201304CL13251,1,9,0,9,0,0,0,0,0,0,2,1,6,2,6,1299,1,8,6,1
201304CL13251,2,1,0,18,0,0,0,0,0,0,1,1,1,1,3,-1,-1,-1,3,1
201304CL13252,1,9,0,5,0,4,0,0,0,0,4,1,6,3,-1,-1,-1,-1,-1,-1
201304CL13252,2,9,0,3,0,1,0,0,0,0,3,1,6,1,6,1560,2,-1,2,1
201304CL13253,1,9,0,5,0,1,0,0,0,0,3,1,6,2,8,1997,2,10,8,1
201304CL13253,2,9,0,9,0,1,0,0,0,0,3,1,6,1,8,1998,2,7,7,1
201304CL13254,1,9,0,4,0,0,0,0,0,0,1,1,6,2,6,1328,1,5,6,1
201304CL13254,2,9,0,4,0,0,0,0,0,0,2,1,6,2,6,1896,2,8,1,1
201304CL13254,3,9,0,4,0,0,0,0,0,0,2,1,6,3,-1,1910,2,6,-1,-1
201304CL13255,1,9,0,17,0,0,1,11,0,0,1,1,6,1,4,1242,1,12,3,1
201304CL13256,1,9,0,18,0,0,0,0,1,4,1,1,6,1,6,1995,2,-1,7,1
201304CL13257,1,9,0,17,0,0,1,0,1,4,2,1,6,1,4,1299,1,10,9,1
201304CL13257,2,9,0,18,0,0,0,0,0,0,1,1,6,1,6,1798,8,-1,8,1
201304CL13258,1,9,0,13,0,0,0,0,0,0,4,1,1,1,8,1896,2,5,9,1
201304CL13258,2,2,0,18,0,0,0,0,0,0,3,1,2,2,4,49,1,4,-1,-1
201304CL13259,1,9,0,14,0,0,0,0,0,0,1,1,6,2,5,999,1,12,8,2
201304CL13260,1,9,0,9,0,5,0,0,0,0,1,1,6,2,10,1299,1,8,8,1
201304CL13260,2,3,0,18,0,2,2,0,1,0,3,1,2,1,5,124,1,-1,9,1
201304CL13260,3,9,0,18,0,1,0,0,0,0,0,1,6,1,7,1560,2,2,3,1
201304CL13261,1,9,0,5,0,2,0,0,0,0,1,1,6,3,-1,-1,-1,-1,-1,-1
201304CL13262,1,3,0,18,0,0,0,0,1,0,4,1,6,1,6,108,1,-1,8,1
201304CL13263,1,9,0,9,0,4,0,0,0,0,1,1,6,2,10,1348,1,13,7,1
201304CL13263,2,1,0,18,0,4,1,0,0,0,1,1,2,1,6,-1,-1,-1,5,1
201304CL13264,1,9,0,18,0,0,1,0,1,1,1,1,6,1,6,1995,2,7,2,1
201304CL13265,1,9,0,5,0,6,0,0,0,0,1,1,6,1,7,1598,1,8,9,1
201304CL13265,2,9,0,18,0,8,0,0,0,0,3,1,6,1,6,1108,1,13,4,1
201304CL13266,1,9,0,18,0,1,1,0,0,0,1,1,6,1,9,1975,2,20,5,1
201304CL13266,2,9,0,4,0,1,0,0,0,0,2,1,6,2,8,1598,2,1,8,1
201304CL13267,1,9,0,18,0,7,0,0,0,0,1,1,6,2,4,998,1,10,-1,-1
201304CL13267,2,9,0,12,0,7,0,0,0,0,2,1,6,2,9,1248,2,5,8,1
201304CL13268,1,9,0,18,0,0,0,0,0,0,1,1,6,1,9,-1,-1,-1,7,2
201304CL13268,2,3,0,2,0,0,0,0,0,0,2,1,2,1,6,125,1,-1,2,1
201304DA13001,1,10,0,18,0,8,0,0,0,0,1,1,1,1,9,2464,2,6,1,1
201304DA13001,2,8,0,18,0,8,0,0,0,0,4,1,1,1,7,1995,2,10,1,1
201304DA13002,1,19,0,9,0,1,0,0,0,0,4,1,1,1,9,1868,2,11,9,1
201304DA13002,2,1,0,18,0,8,0,0,0,0,1,1,2,2,7,-1,-1,-1,8,1
201304DA13003,1,9,0,18,0,1,0,0,0,0,1,1,6,1,5,1761,1,16,2,1
201304DA13003,2,9,0,3,0,1,0,0,0,0,4,1,1,3,6,2521,1,4,2,1
201304DA13004,1,9,0,18,0,8,0,0,0,0,1,1,2,1,4,1390,1,14,1,1
201304DA13004,2,9,0,9,0,6,0,0,0,0,3,1,2,2,6,1124,1,10,1,1
201304DA13005,1,9,0,18,0,8,0,0,7,10,4,2,6,1,6,1242,1,12,1,1
201304DA13005,2,19,0,18,0,8,0,0,0,0,1,1,6,1,8,1997,2,10,2,1
201304DA13006,1,9,0,18,0,8,0,0,0,0,1,1,1,2,8,1149,1,7,2,1
201304DA13006,2,9,0,18,0,1,0,0,0,0,1,1,1,2,5,998,1,17,2,1
201304DA13007,1,9,0,9,0,8,0,0,0,0,3,1,6,2,9,1968,2,1,10,1
201304DA13007,2,9,0,18,0,8,0,0,0,0,1,1,1,1,5,1398,2,9,-1,-1
201304DA13008,1,9,0,9,0,6,0,0,0,0,1,1,1,1,7,1896,2,10,4,1
201304DA13009,1,8,0,9,6,6,0,0,0,0,3,1,6,1,6,1995,2,9,-1,-1
201304DA13009,2,9,0,18,0,1,0,0,0,0,2,1,6,1,7,1795,1,13,3,1
201304DA13010,1,9,0,16,0,0,1,0,2,7,1,1,6,1,6,1796,1,11,10,1
201304DA13010,2,9,0,16,0,0,1,0,2,7,2,1,6,1,6,1988,2,9,3,1
201304DA13011,1,9,0,18,0,0,0,0,0,0,1,1,6,1,8,1360,1,13,1,1
201304DA13012,1,9,0,1,0,2,0,0,0,0,2,1,6,1,5,1248,2,8,5,1
201304DA13012,2,9,0,18,0,1,0,0,0,0,1,1,6,1,5,1910,2,7,2,1
201304DA13012,3,9,0,2,9,1,0,0,0,0,1,1,6,1,9,1597,1,16,2,1
201304DA13013,1,9,0,18,0,1,0,0,0,0,1,1,6,2,6,1124,1,11,9,2
201304DA13013,2,9,0,9,0,1,0,0,0,0,4,1,6,1,4,1364,1,6,7,1
201304DA13014,1,11,0,18,0,2,0,0,0,0,4,1,2,1,7,4250,2,5,2,1
201304DA13015,1,9,0,18,0,0,0,0,0,0,4,1,6,2,10,1389,1,12,7,2
201304DA13016,1,9,0,18,0,0,0,0,0,0,1,1,6,1,5,1797,8,2,10,2
201304DA13017,1,9,0,18,0,0,0,0,0,0,4,1,6,1,9,1248,2,4,8,1
201304DA13018,1,9,0,1,0,0,0,0,0,0,2,1,6,2,5,998,1,5,1,1
201304DA13019,1,11,0,18,0,1,0,0,0,0,0,1,1,1,6,8268,2,9,10,1
201304DA13020,1,9,0,18,0,8,0,0,0,0,1,1,6,1,7,998,1,14,7,1
201304DA13020,2,8,0,18,0,8,0,0,0,0,3,1,1,1,9,1794,1,10,1,1
201304DA13021,1,5,0,5,0,0,5,4,0,0,1,1,6,1,5,-1,-1,-1,1,1
201304DA13021,2,9,0,2,0,0,0,0,0,0,2,1,6,3,-1,1998,1,8,-1,-1
201304DA13022,1,9,0,9,0,6,0,0,0,0,0,1,6,3,-1,-1,-1,-1,-1,-1
201304DA13022,2,5,0,18,0,1,2,0,0,0,0,1,6,1,8,649,1,7,6,1
201304DA13023,1,9,0,18,0,8,0,0,0,0,1,1,2,2,5,1910,2,8,3,1
201304DA13023,2,9,0,18,0,8,0,0,0,0,1,1,6,1,7,1598,1,12,2,1
201304DA13024,1,9,0,18,0,1,0,0,0,0,0,1,6,3,-1,-1,-1,-1,-1,-1
201304DA13024,2,11,0,18,2,1,0,0,0,0,0,1,1,1,6,4250,2,6,3,1
201304DA13025,1,9,0,7,0,1,0,0,0,0,2,1,6,2,6,1396,1,13,1,1
201304DA13025,2,1,0,18,0,1,0,0,0,0,1,1,6,1,4,-1,-1,-1,2,1
201304DA13026,1,17,0,18,0,0,0,0,0,0,1,1,1,1,8,-1,-1,-1,1,1
201304DA13027,1,19,0,5,0,4,0,0,0,0,1,1,1,1,9,1461,2,7,2,1
201304DA13027,2,1,0,18,0,3,0,0,0,0,4,1,6,1,9,-1,-1,-1,3,1
201304DA13028,1,9,0,7,8,8,0,0,0,0,4,1,6,3,-1,-1,-1,-1,-1,-1
201304DA13028,2,1,0,15,4,8,0,0,0,0,3,1,2,1,5,-1,-1,-1,5,1
201304DA13029,1,8,0,9,0,8,0,0,0,0,0,1,1,1,7,-1,-1,-1,-1,-1
201304DA13030,1,9,0,18,0,0,0,0,0,0,4,1,6,1,6,1997,2,12,2,1
201304DA13031,1,3,0,4,0,0,1,0,0,0,1,1,6,1,7,124,1,4,2,1
201304DA13031,2,9,0,3,0,0,2,0,0,0,2,1,1,1,8,2993,2,5,2,1
201304DA13032,1,11,0,4,0,8,0,0,0,0,0,1,1,1,9,9000,2,4,2,1
201304DA13033,1,9,0,18,0,0,1,0,0,0,1,1,6,3,-1,1781,1,16,-1,-1
201304DA13033,2,9,0,3,0,0,0,0,0,0,2,1,1,1,6,-1,-1,-1,1,1
201304DA13034,1,8,0,7,0,3,0,0,0,0,1,1,6,3,-1,-1,-1,-1,-1,-1
201304DA13035,1,9,0,18,0,1,0,0,0,0,4,1,6,1,9,2488,1,7,2,1
201304DA13036,1,9,0,3,0,8,0,0,0,0,0,1,6,3,-1,-1,-1,-1,-1,-1
201304DA13036,2,11,0,5,0,8,0,0,0,0,0,1,1,1,8,-1,2,13,3,1
201304DA13037,1,9,0,18,0,2,0,0,0,0,4,1,6,1,6,2231,2,6,5,1
201304DA13038,1,8,0,18,0,0,0,0,0,0,1,1,6,3,-1,-1,-1,-1,-1,-1
201304DA13039,1,11,0,5,2,1,0,0,0,0,0,1,1,1,6,9000,2,4,3,3
201304DA13040,1,1,0,18,0,8,0,0,0,0,1,1,6,1,4,-1,-1,-1,6,1
201304DA13040,2,9,0,7,0,8,0,0,0,0,4,1,6,1,5,1388,1,4,8,1
201304DA13041,1,9,0,10,0,1,0,0,0,0,2,1,6,2,7,1598,2,2,4,1
201304DA13041,2,11,0,18,0,1,0,0,0,0,1,1,1,1,10,6370,2,3,4,1
201304DA13042,1,9,0,18,0,0,1,7,5,6,1,1,6,1,4,1199,1,12,9,1
201304DA13043,1,9,0,5,0,6,0,0,0,0,4,1,6,1,6,-1,-1,-1,5,1
201304DA13043,2,1,0,18,0,6,0,0,0,0,1,1,6,2,8,-1,-1,-1,-1,-1
201304DA13044,1,9,0,18,0,4,0,0,0,0,1,1,6,1,7,1390,1,12,5,1
201304DA13044,2,9,0,18,0,4,0,0,0,2,2,1,6,1,11,1149,1,12,5,1
201304DA13045,1,9,0,7,0,8,0,0,0,0,3,1,2,1,4,1364,1,7,9,1
201304DA13045,2,9,0,18,0,8,0,0,0,0,3,1,2,2,5,1599,1,9,3,1
201304DA13046,1,9,0,1,8,0,0,0,0,0,2,1,3,1,8,2151,2,13,3,1
201304DA13047,1,9,0,18,0,2,0,0,0,0,1,1,6,1,6,1796,1,12,3,1
201304DA13047,2,9,0,3,0,2,0,0,0,0,2,1,6,2,8,1240,1,3,9,1
201304DA13047,3,9,0,3,0,2,0,0,0,0,2,1,6,1,9,1997,1,16,2,1
201304DA13048,1,9,0,9,0,6,0,0,0,0,1,1,2,1,5,1995,2,10,1,1
201304DA13048,2,1,0,18,0,1,0,0,0,0,4,1,6,1,7,-1,-1,-1,2,1
201304DA13049,1,9,0,10,0,6,0,0,0,0,1,1,1,1,7,1497,1,7,4,1
201304DA13049,2,1,0,18,0,1,0,0,0,0,3,1,6,1,9,-1,-1,-1,7,2
201304DA13050,1,9,0,4,0,1,0,0,0,0,1,1,1,2,8,-1,-1,-1,-1,-1
201304DA13050,2,9,0,4,0,1,0,0,0,0,2,1,6,1,7,1596,1,13,3,1
201304DA13051,1,9,0,4,0,1,0,0,0,0,1,1,3,2,9,1497,1,8,4,1
201304DA13051,2,8,0,3,0,1,0,0,0,0,2,1,3,1,8,1896,2,8,7,1
201304DA13052,1,1,0,18,0,1,0,0,0,0,1,1,6,1,3,-1,-1,-1,2,1
201304DA13053,1,9,0,4,0,1,0,0,0,0,1,1,2,1,6,1900,2,15,8,1
201304DA13053,2,9,0,3,0,1,0,0,0,0,2,1,2,2,7,1149,1,11,5,1
201304DA13054,1,9,0,18,0,0,1,0,0,0,4,1,6,2,5,998,1,1,1,1
201304DA13054,2,9,0,18,0,0,0,0,0,0,3,1,6,1,6,1895,1,14,2,1
201304DA13055,1,9,0,9,0,8,0,0,0,0,0,1,6,1,8,1587,1,18,4,1
201304DA13055,2,1,0,18,0,8,0,0,1,0,0,1,2,1,7,-1,-1,-1,-1,-1
201304DA13056,1,9,0,5,0,1,0,0,0,0,1,1,6,2,5,1229,1,5,3,1
201304DA13056,2,1,0,18,0,1,0,0,0,0,4,1,6,2,6,-1,-1,-1,1,1
201304DA13057,1,9,0,9,0,5,0,0,0,0,1,1,2,1,6,2616,1,7,3,1
201304DA13058,1,9,0,3,0,1,0,0,0,0,1,1,1,1,6,1956,2,-1,9,1
201304DA13058,2,9,0,3,0,1,0,0,0,0,2,1,6,1,6,1461,2,7,9,1
201304DA13058,3,9,0,3,0,1,0,0,0,0,2,1,6,2,6,1596,1,5,7,1
201304DA13059,1,9,0,18,0,0,0,0,0,0,4,1,6,1,10,1997,2,7,9,1
201304DA13060,1,9,0,9,0,6,0,0,0,0,1,1,1,1,7,1997,2,9,1,1
201304DA13061,1,9,0,1,9,0,0,0,0,0,2,1,6,2,6,1248,2,6,3,1
201304DA13062,1,9,0,9,0,8,0,0,0,0,4,1,6,2,4,1124,1,10,8,1
201304DA13062,2,9,0,18,0,8,0,0,0,0,1,1,6,1,7,1896,2,6,2,1
201304DA13063,1,9,0,9,0,8,0,0,0,0,3,1,6,2,7,-1,-1,-1,4,1
201304DA13063,2,1,0,18,0,8,0,0,0,0,3,1,6,2,10,-1,-1,-1,2,1
201304DA13064,1,9,0,7,0,6,0,0,0,0,1,1,6,1,8,1461,2,6,4,1
201304DA13065,1,9,0,18,0,1,0,0,0,0,1,1,6,1,10,1461,2,2,9,1
201304DA13065,2,9,0,18,0,1,0,0,0,0,0,1,6,1,8,1997,2,4,3,1
201304DA13066,1,19,0,7,0,5,0,0,0,0,1,1,6,1,7,2148,2,6,1,1
201304DA13066,2,9,0,4,0,1,0,0,0,0,3,1,6,1,6,4966,1,7,10,1
201304DA13067,1,8,0,18,0,0,0,0,0,0,1,1,1,3,-1,-1,-1,-1,-1,-1
201304DA13068,1,9,0,1,0,0,0,0,0,0,2,1,6,1,5,1896,2,6,6,1
201304DA13068,2,9,0,2,0,0,0,0,0,0,1,1,6,1,6,1984,1,10,3,1
201304DA13069,1,9,0,14,0,1,0,0,0,0,1,1,6,1,7,1299,1,8,2,1
201304DA13069,2,19,0,3,0,2,0,0,0,0,2,1,1,1,7,2143,2,3,9,2
201304DA13069,3,9,0,9,0,1,0,0,0,0,4,1,6,1,6,1598,1,14,3,1
201304DA13070,1,9,0,9,0,8,0,0,0,0,4,1,6,3,-1,-1,-1,-1,-1,-1
201304DA13070,2,1,0,18,0,8,0,0,0,0,4,1,6,1,7,-1,-1,-1,-1,-1
201304DA13071,1,9,0,9,0,1,0,0,0,0,0,1,6,2,8,2179,2,-1,9,3
201304DA13071,2,4,0,18,0,1,1,0,0,0,0,1,6,1,6,-1,-1,-1,2,1
201304DA13072,1,19,0,18,0,8,0,0,0,0,4,1,6,3,-1,-1,-1,-1,-1,-1
201304DA13073,1,9,0,9,0,8,0,0,0,0,0,1,6,3,-1,-1,-1,-1,-1,-1
201304DA13073,2,3,0,18,0,8,1,0,0,0,0,1,6,1,8,124,1,6,9,1
201304DA13074,1,9,0,18,0,2,0,0,0,0,0,1,6,3,-1,-1,-1,-1,-1,-1
201304DA13074,2,3,0,18,0,1,1,0,0,0,0,1,6,1,8,124,1,6,6,1
201304DA13075,1,11,0,2,0,0,0,0,0,0,0,1,1,1,9,9000,2,7,-1,-1
201304DA13076,1,8,0,9,0,1,1,0,0,0,1,1,6,1,7,-1,-1,-1,-1,-1
201304DA13077,1,9,0,5,0,8,0,0,0,0,1,1,6,1,6,1995,2,2,2,1
201304DA13077,2,1,0,18,0,8,1,0,0,0,4,1,6,2,5,-1,-1,-1,3,1
201304DA13078,1,9,0,17,0,1,0,0,0,0,1,1,6,1,8,1339,1,5,10,1
201304DA13079,1,9,0,9,0,8,0,0,0,0,3,1,1,1,8,1997,2,1,4,3
201304DA13079,2,5,0,18,0,8,0,0,0,0,1,1,6,1,4,599,1,16,8,1
201304DA13080,1,11,0,4,0,1,0,0,0,0,1,1,1,1,9,8300,2,7,6,1
201304DA13080,2,9,0,3,0,1,0,0,0,0,2,1,6,1,8,1995,2,2,9,1
201304DA13080,3,11,0,3,0,1,0,0,0,0,2,1,1,1,7,-1,-1,-1,5,1
201304DA13081,1,9,0,18,0,3,0,0,0,0,1,1,6,1,8,1994,2,5,9,1
201304DA13082,1,9,0,18,0,2,0,4,0,0,3,1,6,1,7,1199,1,9,3,1
201304DA13082,2,9,0,2,0,8,0,0,0,0,3,1,1,1,8,2993,2,-1,2,1
201304DA13083,1,1,0,18,0,1,0,0,0,0,1,1,6,1,3,-1,-1,-1,1,1
201304DA13083,2,9,0,9,0,1,0,0,0,0,4,1,6,1,9,1299,1,7,7,1
201304DA13084,1,9,0,18,0,2,0,0,0,0,3,1,6,1,8,1560,2,-1,3,1
201304DA13084,2,9,0,18,0,2,0,0,0,0,4,1,6,2,6,1896,2,10,3,1
201304DA13085,1,9,0,11,0,0,0,0,0,0,0,1,6,1,6,1199,1,10,2,1
201304DA13085,2,11,0,18,0,0,0,0,0,0,0,1,1,1,6,4580,2,6,10,1
201304DA13086,1,8,0,18,0,0,0,0,0,0,1,1,1,1,7,2231,2,5,1,1
201304DA13087,1,9,0,18,0,2,0,0,0,0,1,1,1,1,6,1796,1,14,8,1
201304DA13087,2,19,0,3,0,2,0,0,0,0,2,1,1,1,7,2402,2,8,9,3
201304DA13088,1,9,0,11,0,1,0,0,0,0,1,1,6,1,7,2398,1,14,1,1
201304DA13088,2,9,0,18,0,1,0,0,0,0,1,1,6,1,9,1240,1,10,4,1
201304DA13089,1,1,0,4,0,1,0,0,0,0,2,1,6,2,4,-1,-1,-1,5,1
201304DA13089,2,9,0,4,0,1,0,0,0,0,1,1,6,1,7,1797,8,3,9,1
201304DA13090,1,3,0,13,0,0,0,0,0,0,3,1,6,1,7,125,1,1,2,2
201304DA13091,1,9,0,16,0,2,0,0,0,0,1,1,6,2,6,1995,2,5,6,1
201304DA13092,1,11,0,7,0,2,0,0,0,0,4,1,1,2,8,-1,-1,-1,5,1
201304DA13093,1,3,0,9,0,8,0,0,0,0,4,1,2,1,6,124,1,2,1,1
201304DA13093,2,9,0,18,0,8,0,0,0,0,1,1,2,2,6,1392,1,16,2,1
201304DA13094,1,9,0,4,0,6,0,0,0,0,1,1,1,1,5,1398,1,11,4,1
201304DA13094,2,5,0,18,0,8,0,0,0,0,4,1,1,2,7,598,1,13,6,1
201304DA13095,1,9,0,9,0,8,0,0,0,0,1,1,6,2,6,1997,2,9,1,1
201304DA13096,1,9,0,9,0,6,0,0,0,0,1,1,6,1,8,1984,1,21,7,1
201304DA13097,1,9,0,16,0,8,0,0,0,0,1,1,6,1,7,1997,2,9,5,1
201304DA13097,2,9,0,3,0,8,0,0,0,0,2,1,2,2,7,1968,2,7,7,1
201304DA13098,1,9,0,9,0,8,0,0,0,0,1,1,6,1,8,1360,1,9,1,1
201304DA13098,2,9,0,18,0,8,0,0,0,0,3,1,6,2,7,1229,1,4,2,1
201304DF13001,1,9,0,9,0,5,0,0,0,0,1,1,6,2,6,998,1,12,1,1