Accident_Index,Vehicle_Reference,Vehicle_Type,Towing_and_Articulation,Vehicle_Manoeuvre,Vehicle_Location-Restricted_Lane,Junction_Location,Skidding_and_Overturning,Hit_Object_in_Carriageway,Vehicle_Leaving_Carriageway,Hit_Object_off_Carriageway,1st_Point_of_Impact,Was_Vehicle_Left_Hand_Drive?,Journey_Purpose_of_Driver,Sex_of_Driver,Age_Band_of_Driver,Engine_Capacity_(CC),Propulsion_Code,Age_of_Vehicle,Driver_IMD_Decile,Driver_Home_Area_Type
201304DL13011,2,9,0,4,0,5,0,0,0,0,2,1,6,1,5,1299,1,14,6,1
201304DL13012,1,9,0,9,0,8,0,0,0,0,4,1,1,1,9,1997,2,12,1,1
201304DL13013,1,5,0,18,0,8,0,0,0,0,1,1,6,1,9,1298,1,1,8,1
201304DL13013,2,9,0,10,0,5,0,0,0,0,2,1,1,2,6,-1,-1,-1,1,1
201304DL13014,1,9,0,6,0,8,0,0,0,0,3,1,1,1,7,1968,2,7,2,1
201304DL13014,2,5,0,14,0,8,0,0,0,0,0,1,1,1,6,656,1,7,6,1
201304DL13015,1,9,0,18,0,0,0,0,0,0,1,1,1,1,7,1997,2,3,8,2
201304DL13016,1,9,0,9,0,8,0,0,0,0,3,2,6,2,4,-1,-1,-1,-1,-1
201304DL13016,2,9,0,18,0,8,0,0,0,0,1,1,6,1,8,1796,1,5,1,1
201304DL13017,1,9,0,18,0,0,0,0,0,0,1,1,6,2,8,1124,1,11,3,1
201304DL13017,2,9,0,18,0,0,0,0,0,0,1,1,6,1,10,1998,1,6,9,1
201304DL13018,1,9,0,18,0,8,0,0,0,0,1,1,6,1,11,1339,1,11,6,1
201304DL13019,1,9,0,16,0,0,0,0,0,0,4,1,6,2,6,1796,1,13,2,1
201304DL13019,2,11,0,2,0,0,0,0,0,0,0,1,1,1,9,9000,2,7,3,1
201304DL13020,1,1,0,18,0,8,0,0,0,0,1,1,1,1,7,-1,-1,-1,10,1
201304DL13020,2,9,0,9,0,5,0,0,0,0,4,1,6,2,4,1360,1,9,7,1
201304DL13021,1,9,0,18,0,0,0,0,0,0,1,1,6,2,7,1584,1,7,3,1
201304DL13021,2,9,0,18,0,0,0,0,0,0,1,1,6,2,5,1396,1,9,9,2
201304DL13022,1,9,0,9,0,1,0,0,0,0,1,1,6,2,8,1388,1,2,5,1
201304DL13023,1,9,0,17,0,0,1,0,7,4,1,1,6,1,8,1598,1,5,3,1
201304DL13024,1,9,0,4,0,0,0,0,0,0,1,1,1,2,5,1390,1,8,1,1
201304DL13024,2,9,0,4,0,0,0,0,0,0,2,1,6,3,-1,-1,-1,-1,-1,-1
201304DL13025,1,8,0,1,0,1,0,0,0,0,0,1,1,1,8,-1,-1,-1,1,1
201304DL13026,1,3,0,5,0,2,0,0,0,0,3,1,6,1,4,125,1,2,4,1
201304DL13026,2,9,0,18,0,2,0,0,0,0,4,1,2,1,7,1388,1,4,4,1
201304DL13027,1,9,0,9,0,5,0,0,0,0,1,1,6,1,4,1124,1,7,6,1
201304DL13027,2,9,0,18,0,8,0,0,0,0,1,1,6,2,9,1598,1,10,7,3
201304DL13028,1,9,0,5,0,1,0,0,0,0,1,1,6,1,4,1560,2,5,1,1
201304DL13028,2,9,0,3,0,1,0,0,0,0,2,1,6,2,6,-1,-1,-1,8,1
201304DL13029,1,9,0,9,0,8,0,0,0,0,4,1,6,2,4,1299,1,10,1,1
201304DL13029,2,2,0,18,0,8,0,0,0,0,1,1,6,1,6,-1,-1,-1,1,1
201304DL13030,1,9,0,9,0,5,0,0,0,0,4,1,6,1,9,1997,2,5,5,1
201304DL13030,2,5,0,18,0,8,0,0,0,0,4,1,6,1,8,2294,1,3,1,1
201304DL13031,1,1,0,4,9,1,0,0,0,0,0,1,2,1,5,-1,-1,-1,6,1
201304DL13031,2,9,0,4,0,1,0,0,0,0,0,1,6,2,8,1587,1,14,-1,-1
201304DL13032,1,9,0,18,0,6,0,0,0,0,1,1,6,2,11,1587,1,5,8,3
201304DL13032,2,9,0,3,0,1,0,0,0,0,2,1,1,1,8,998,1,-1,10,1
201304DL13032,3,19,0,3,0,8,0,0,0,0,2,1,1,1,8,2402,2,11,6,1
201304DL13033,1,9,0,17,0,1,0,0,0,0,1,1,6,2,10,1108,1,7,8,1
201304DL13034,1,9,0,18,0,2,0,0,0,0,4,1,6,1,5,2902,2,10,2,1
201304DL13035,1,9,0,18,0,2,5,4,1,10,1,1,6,2,9,1296,1,5,7,1
201304DL13035,2,9,0,2,9,2,0,0,0,0,4,1,6,1,11,1560,2,-1,-1,-1
201304DL13035,3,9,0,2,9,2,0,0,0,0,4,1,6,1,11,1397,1,2,9,1
201304DL13036,1,9,0,9,0,8,0,0,0,0,0,1,6,1,7,1461,2,6,1,1
201304DL13036,2,1,0,5,0,8,1,0,0,0,0,1,6,2,7,-1,-1,-1,6,1
201304DL13037,1,5,0,16,0,1,1,0,0,6,4,1,6,1,7,-1,-1,-1,5,1
201304DL13037,2,5,0,16,0,1,1,7,0,0,3,1,6,1,5,599,1,2,7,1
201304DL13037,3,9,0,18,0,2,0,0,0,0,1,1,6,2,8,1596,1,6,9,1
201304DL13038,1,9,0,18,0,1,0,4,3,10,4,1,6,1,6,2000,2,8,7,2
201304DL13038,2,9,0,18,0,1,0,0,0,0,3,1,1,1,7,-1,-1,-1,2,1
201304DL13038,3,9,0,18,0,1,0,0,0,0,3,1,6,3,-1,1349,1,4,-1,-1
201304DL13038,4,9,0,2,0,1,0,0,0,0,3,1,6,3,-1,1199,1,11,-1,-1
201304DL13038,5,9,0,2,0,1,0,0,0,0,3,1,6,3,-1,998,1,15,-1,-1
201304DL13038,6,9,0,2,0,1,0,0,0,0,3,1,6,3,-1,1968,2,6,-1,-1
201304DL13039,1,9,0,12,0,0,0,0,0,0,0,1,6,3,-1,-1,-1,-1,-1,-1
201304DL13039,2,3,0,18,0,0,0,0,0,0,0,1,6,1,5,124,1,4,1,1
201304DL13040,1,9,0,18,0,0,0,0,0,0,1,1,6,1,9,1998,1,15,5,1
201304DL13041,1,9,0,9,0,4,0,0,0,0,4,1,6,2,6,1124,1,9,1,1
201304DL13041,2,9,0,18,0,4,0,0,0,0,1,1,6,2,4,1198,1,2,9,1
201304DL13042,1,9,0,18,0,0,0,0,0,0,4,1,6,1,7,1956,2,-1,9,1
201304DL13043,1,9,0,3,0,1,0,0,0,0,1,1,6,1,7,1600,1,15,2,1
201304DL13043,2,9,0,3,0,1,0,0,0,0,2,1,6,2,6,1390,1,1,8,1
201304DL13044,1,8,0,6,0,0,0,0,0,0,0,1,1,3,-1,-1,-1,-1,-1,-1
201304DL13045,1,9,0,7,0,6,0,0,0,0,1,1,6,1,7,1598,1,8,5,1
201304DL13045,2,1,0,18,9,1,0,0,0,0,3,1,6,1,1,-1,-1,-1,5,1
201304DL13046,1,9,0,9,0,6,0,0,0,0,1,1,1,1,6,1124,1,13,1,1
201304DL13046,2,9,0,18,0,8,1,0,1,10,4,1,6,2,7,1870,2,3,8,1
201304DL13047,1,20,0,9,0,1,0,0,0,0,3,1,1,1,6,2402,2,6,7,1
201304DL13047,2,9,0,18,0,1,0,0,0,0,1,1,6,2,9,1998,2,6,8,1
201304DL13048,1,9,0,7,0,5,0,0,0,0,3,1,6,3,-1,-1,-1,-1,-1,-1
201304DL13048,2,9,0,1,0,6,0,0,0,0,2,1,1,1,6,1497,1,10,2,1
201304DL13049,1,19,0,5,0,8,0,0,0,0,4,1,1,1,7,1753,2,9,1,1
201304DL13049,2,1,0,18,0,8,0,0,0,0,1,1,2,1,7,-1,-1,-1,4,1
201304DL13050,1,9,0,10,0,1,0,0,0,0,2,1,6,2,6,1598,1,6,10,1
201304DL13050,2,9,0,4,0,1,0,0,0,0,1,1,6,2,10,1086,1,8,10,1
201304DL13051,1,9,0,18,0,8,0,0,0,0,1,1,6,2,6,2401,2,11,10,1
201304DL13051,2,9,0,18,0,8,0,0,0,0,2,1,6,1,7,1598,1,9,9,1
201304DL13051,3,9,0,18,0,8,0,0,0,0,2,1,6,1,7,2990,1,18,8,1
201304DL13052,1,9,0,1,0,1,0,0,0,0,2,1,3,2,8,1995,2,10,9,3
201304DL13052,2,9,0,18,0,1,0,0,0,0,1,1,3,2,6,1368,1,8,1,1
201304DL13053,1,9,0,18,0,0,0,0,0,0,0,1,6,2,10,1968,2,2,9,1
201304DL13053,2,9,0,10,0,0,0,0,0,0,2,1,2,2,7,973,1,10,9,1
201304DL13054,1,9,0,9,0,8,0,0,0,0,1,1,2,1,8,2926,2,13,9,1
201304DL13054,2,9,0,18,0,8,0,0,0,0,1,1,2,2,5,1794,1,11,7,2
201304DL13055,1,9,0,16,0,3,1,0,0,0,2,1,1,2,8,-1,-1,-1,4,1
201304DL13056,1,9,0,7,0,4,0,0,0,0,1,1,6,3,-1,-1,-1,-1,-1,-1
201304DL13056,2,1,0,18,0,8,0,0,0,0,4,1,6,1,6,-1,-1,-1,5,1
201304DL13057,1,9,0,18,0,0,0,0,0,0,0,1,6,1,11,1598,1,-1,9,1
201304DL13058,1,9,0,9,0,6,0,0,0,0,3,1,6,1,6,1229,1,3,8,2
201304DL13059,1,20,0,18,0,1,0,0,0,0,4,1,1,1,8,-1,-1,-1,7,1
201304DL13059,2,1,0,18,0,1,0,0,0,0,3,1,6,2,6,-1,-1,-1,6,1
201304DL13060,1,21,0,18,0,8,0,0,0,0,3,1,1,1,8,-1,-1,-1,-1,-1
201304DL13060,2,9,0,18,0,8,0,0,0,0,1,1,2,2,8,998,1,14,7,3
201304DL13061,1,1,0,18,0,8,0,0,0,0,1,1,6,1,8,-1,-1,-1,1,1
201304DL13061,2,9,0,1,0,8,0,0,0,0,3,1,6,1,10,1997,2,11,9,1
201304DL13062,1,9,0,9,0,8,0,0,0,0,3,1,6,2,9,1560,2,7,3,1
201304DL13062,2,9,0,18,0,8,0,0,0,0,4,1,6,2,6,1997,1,12,4,1
201304DL13063,1,9,0,18,0,1,0,0,0,0,1,1,6,2,9,1242,1,4,7,2
201304DL13063,2,9,0,18,0,1,0,0,0,0,2,1,1,1,8,1598,2,-1,8,1
201304DL13064,1,9,0,4,0,1,0,0,0,0,1,1,2,2,6,1997,2,2,8,3
201304DL13064,2,9,0,4,0,1,0,0,0,0,2,1,2,2,8,1242,1,10,3,1
201304DL13064,3,4,0,3,0,1,0,0,0,0,2,1,2,1,4,-1,-1,-1,7,3
201304DL13065,1,19,0,9,0,1,0,0,0,0,3,1,6,1,8,2198,2,6,3,1
201304DL13065,2,5,0,18,0,1,0,0,0,0,4,1,6,1,6,636,1,8,2,1
201304DL13066,1,9,0,18,0,0,0,0,0,0,1,1,6,1,6,1796,1,11,2,1
201304DL13066,2,1,0,18,0,0,0,0,0,0,2,1,6,1,8,-1,-1,-1,10,2
201304DL13067,1,9,0,13,0,0,0,0,0,0,4,1,1,1,6,1910,2,7,5,1
201304DL13067,2,1,0,17,0,0,0,0,0,0,3,1,6,1,6,-1,-1,-1,8,1
201304DL13068,1,9,0,18,0,0,0,0,0,0,1,1,6,3,-1,-1,-1,-1,-1,-1
201304DL13069,1,9,0,18,0,0,0,0,0,0,1,1,6,3,-1,-1,-1,-1,-1,-1
201304DL13070,1,9,0,9,0,5,0,0,0,0,1,1,2,1,4,1124,1,15,3,1
201304DL13070,2,9,0,3,0,2,0,0,0,0,1,1,6,1,5,1299,1,11,3,1
201304DL13071,1,9,0,5,0,8,0,0,0,0,3,1,6,2,5,1598,1,13,3,1
201304DL13071,2,9,0,16,0,1,0,0,0,0,1,1,6,1,7,1332,1,15,3,1
201304DL13072,1,9,0,18,0,8,0,0,0,10,3,1,6,1,6,1686,2,6,3,1
201304DL13072,2,9,0,18,0,8,0,0,1,10,1,1,6,2,7,1591,1,-1,6,1
201304DL13073,1,9,0,5,0,1,0,0,0,0,1,1,6,1,6,1461,2,6,1,1
201304DL13073,2,9,0,3,0,1,0,0,0,0,2,1,1,2,9,1598,1,8,3,1
201304DL13074,1,9,0,18,0,1,0,0,1,0,1,1,6,1,5,1587,1,8,1,1
201304DL13074,2,9,0,5,0,1,0,0,0,0,1,1,6,2,4,973,1,11,-1,-1
201304DL13075,1,9,0,7,0,1,0,0,0,0,1,1,6,1,9,1598,1,11,4,1
201304DL13075,2,9,0,18,0,1,0,0,0,0,3,1,6,1,6,1390,1,12,3,1
201304DL13076,1,9,0,2,9,0,0,0,0,0,3,1,6,2,6,1598,1,5,8,1
201304DL13076,2,1,0,18,9,0,0,4,0,0,1,1,6,1,4,-1,-1,-1,8,1
201304DL13077,1,19,0,18,0,6,0,0,7,10,1,1,1,1,6,2151,2,9,5,1
201304DL13077,2,19,0,18,0,8,0,0,0,0,3,1,1,1,9,1560,2,6,10,1
201304DL13077,3,9,0,2,0,2,0,0,0,0,4,1,6,1,6,3246,1,11,9,1
201304DL13078,1,9,0,18,0,0,0,0,0,0,4,1,6,3,-1,-1,-1,-1,-1,-1
201304DL13079,1,9,0,18,0,0,0,0,0,0,1,1,6,1,7,1998,1,10,2,1
201304DL13079,2,19,0,2,0,0,0,0,0,0,2,1,6,3,-1,2402,2,2,-1,-1
201304DL13079,3,11,0,18,0,0,0,0,1,0,1,1,1,1,6,4250,2,7,-1,-1
201304DL13079,4,9,0,2,0,0,0,0,0,0,1,1,6,3,-1,1995,1,11,-1,-1
201304DL13079,5,9,0,2,0,0,0,0,0,0,1,1,6,3,-1,1388,1,15,-1,-1
201304DL13080,1,3,0,18,0,0,0,0,3,10,1,1,6,1,5,124,1,2,9,1
201304DL13081,1,8,0,18,0,1,1,0,0,0,1,1,1,1,6,1896,2,11,4,1
201304DL13082,1,9,0,9,0,5,0,0,0,0,4,1,6,1,5,1240,1,7,4,3
201304DL13082,2,5,0,18,0,8,0,0,0,0,4,1,6,1,9,865,1,1,8,1
201304DL13083,1,9,0,18,0,8,0,0,0,0,1,1,6,1,6,1995,2,9,3,1
201304DL13083,2,8,0,18,0,2,0,0,0,0,3,1,1,1,6,1910,2,5,1,1
201304DL13084,1,19,0,9,0,8,0,0,1,0,4,1,1,1,7,2143,2,1,-1,-1
201304DL13084,2,9,0,18,0,1,0,0,1,0,1,1,6,1,4,1364,2,7,-1,-1
201304DL13085,1,9,0,4,0,1,0,0,0,0,1,1,2,1,7,1968,2,2,5,1
201304DL13085,2,9,0,3,0,1,0,0,0,0,2,1,2,2,6,1242,1,2,5,1
201304DL13086,1,9,0,9,0,8,0,0,0,0,4,1,6,1,7,1910,2,6,7,1
201304DL13086,2,1,0,18,0,1,0,0,0,0,1,1,6,1,4,-1,-1,-1,9,1
201304DL13087,1,9,0,9,0,6,0,0,0,0,1,1,6,2,6,998,1,4,3,1
201304DL13087,2,9,0,18,0,8,0,11,0,0,3,1,6,2,8,1896,2,13,1,1
201304DL13088,1,9,0,11,0,0,0,0,0,0,4,1,6,2,8,1598,1,14,3,1
201304DL13088,2,9,0,18,0,0,0,0,0,0,3,1,6,1,8,1386,1,4,4,1
201304DL13089,1,19,0,4,0,0,0,0,0,0,3,1,1,1,8,1998,2,10,3,1
201304DL13090,1,9,0,9,0,6,0,0,0,0,1,1,2,1,8,2997,1,14,-1,-1
201304DL13090,2,3,0,18,0,1,0,0,0,0,1,1,2,1,4,125,1,6,9,2
201304DL13091,1,9,0,9,0,1,0,0,0,1,1,1,6,1,10,1360,1,6,1,1
201304DL13092,1,9,0,18,0,8,1,0,0,0,3,1,6,1,9,1386,1,3,4,1
201304DL13092,2,9,0,18,0,1,0,0,0,0,4,1,6,1,7,1984,1,12,5,1
201304DL13092,3,9,0,18,0,1,0,0,0,0,2,1,6,2,5,998,1,9,5,1
201304DL13092,4,9,0,18,0,1,0,0,0,0,2,1,6,1,7,1956,2,1,4,1
201304DL13093,1,9,0,9,0,8,0,0,0,0,3,1,6,2,9,1339,1,4,6,1
201304DL13093,2,5,0,18,0,8,0,0,0,0,1,1,6,1,9,599,1,14,7,1
201304DL13094,1,9,0,18,0,0,0,0,0,0,1,1,2,1,7,1299,1,10,8,1
201304DL13094,2,9,0,3,0,0,0,0,0,0,2,1,2,1,4,1229,1,6,8,2
201304DL13094,3,9,0,3,0,0,0,0,0,0,2,1,2,2,7,1598,1,5,5,1
201304DL13095,1,9,0,3,0,8,0,0,0,0,4,1,2,2,6,1332,1,4,3,1
201304DL13095,2,9,0,5,0,8,0,0,0,0,1,1,2,2,4,1242,1,12,-1,-1
201304DL13095,3,9,0,9,0,8,0,0,0,0,0,1,6,3,-1,-1,-1,-1,-1,-1
201304DL13096,1,9,0,9,0,8,0,0,0,0,4,1,2,2,5,1124,1,9,-1,-1
201304DL13096,2,5,0,18,0,8,0,0,0,0,1,1,2,1,8,1255,1,3,8,1
201304DL13097,1,9,0,18,0,0,0,0,0,0,1,1,6,2,10,1329,1,3,6,2
201304DL13097,2,9,0,4,0,0,0,0,0,0,2,1,6,2,6,1299,1,10,5,1
201304DL13097,3,9,0,3,0,0,0,0,0,0,2,1,6,2,10,2148,2,9,9,1
201304DL13097,4,9,0,3,0,0,0,0,0,0,2,1,6,1,6,1685,2,-1,9,3
201304DL13098,1,9,0,18,0,8,0,0,0,0,4,1,6,1,9,2401,2,7,4,1
201304DL13098,2,9,0,18,0,8,0,0,0,0,1,1,6,2,5,1242,1,5,9,1
201304DL13099,1,9,0,18,0,0,0,0,0,0,4,1,6,3,-1,-1,-1,-1,-1,-1
201304DL13099,2,4,0,18,0,0,0,0,0,0,3,1,6,1,8,398,1,6,5,1
201304DL13100,1,9,0,3,0,6,0,0,0,0,1,1,6,2,5,1299,1,14,5,1
201304DL13100,2,9,0,5,0,6,0,0,0,0,1,1,6,1,6,1798,1,8,8,1
201304DL13101,1,9,0,9,0,8,0,0,0,0,1,1,6,1,7,1598,1,5,1,1
201304DL13101,2,9,0,18,0,8,0,0,0,0,1,1,6,2,4,1399,2,2,1,1
201304DL13102,1,9,0,18,0,1,0,0,0,0,1,1,6,1,11,1341,1,16,9,1
201304DL13103,1,3,0,18,0,1,0,0,0,0,4,1,2,1,4,124,1,-1,6,1
201304DL13103,2,9,0,9,0,1,0,0,0,0,3,1,1,1,6,-1,-1,-1,3,1
201304DL13104,1,10,0,18,0,1,0,0,0,0,1,1,6,2,8,-1,-1,-1,1,1
201304DL13105,1,9,0,18,0,8,0,0,0,0,1,1,6,2,11,-1,-1,-1,8,1
201304DL13105,2,8,0,18,0,8,0,0,0,0,3,1,1,1,7,1396,1,12,2,1
201304DL13106,1,5,0,18,0,8,1,0,0,0,1,1,6,1,4,599,1,15,4,1
201304DL13106,2,8,0,9,0,8,0,0,0,0,1,1,6,1,8,1896,2,7,6,1
201304DL13107,1,9,0,9,0,0,0,0,0,0,1,1,6,3,-1,1796,1,14,-1,-1
201304DL13107,2,9,0,9,0,0,0,0,0,10,3,1,6,2,4,1242,1,10,5,1
201304DL13108,1,2,0,18,0,8,0,0,0,0,1,1,2,2,4,50,1,5,7,1
201304DL13108,2,9,0,9,0,8,0,0,0,0,4,1,3,1,7,1598,1,3,2,1
201304DL13109,1,9,0,18,0,8,1,0,8,4,1,1,6,1,5,1229,1,2,6,3
201304DL13109,2,9,0,18,0,8,0,0,0,0,4,1,6,2,10,1968,2,-1,5,2
201304DL13109,3,9,0,18,0,8,0,0,0,0,0,1,6,2,4,1229,1,1,8,3
201304DL13110,1,9,0,18,0,1,0,0,0,0,1,1,6,1,8,1199,1,15,1,1
201304DL13110,2,9,0,10,0,5,0,0,0,0,1,1,1,1,8,1919,2,5,9,1
201304DL13111,1,9,0,6,8,0,0,0,0,0,1,1,6,2,8,1834,1,10,9,1
201304DL13111,2,9,0,18,0,0,2,0,0,0,4,1,6,1,6,1998,1,6,2,2
201304DL13112,1,9,0,9,0,2,0,0,0,0,1,1,6,2,11,998,1,13,2,1
201304DL13113,1,9,0,18,0,8,0,0,0,0,3,1,2,1,5,1598,1,13,3,1
201304DL13113,2,9,0,18,0,8,0,0,0,0,1,1,6,2,9,1364,1,8,6,1
201304DL13114,1,19,0,18,0,1,0,0,0,0,2,1,6,1,7,2198,2,3,10,2
201304DL13114,2,8,0,18,0,1,0,0,0,0,1,1,2,1,7,2499,2,7,3,1
201304DL13115,1,9,0,18,0,0,0,0,0,0,1,1,6,1,10,1229,1,3,2,1
201304DL13116,1,9,0,18,0,0,0,0,0,0,1,1,6,2,7,998,1,3,1,1
201304DL13116,2,9,0,18,0,0,0,0,0,0,1,1,6,2,5,998,1,-1,7,3
201304DL13117,1,19,0,18,0,8,1,0,0,0,3,1,6,1,9,2402,2,11,8,3
201304DL13117,2,3,0,5,0,6,1,0,0,0,4,1,6,1,5,125,1,6,1,1
201304DL13118,1,9,0,18,0,0,0,0,7,4,1,1,6,1,5,1895,1,14,9,1
201304DL13119,1,9,0,18,0,1,0,0,0,0,0,1,6,2,8,998,1,3,9,1
201304DL13119,2,1,0,7,0,3,1,0,0,0,0,1,1,1,7,-1,-1,-1,9,1
201304DR13002,1,9,0,9,0,1,0,0,0,0,1,1,6,1,6,998,1,13,7,1
201304DR13002,2,9,0,18,0,1,0,0,0,0,4,1,6,2,7,1299,1,11,9,1
201304EA13001,1,9,0,9,0,5,0,0,0,0,1,1,6,2,6,1598,1,12,4,1
201304EA13001,2,9,0,16,0,8,0,0,0,0,1,1,6,2,9,1390,1,11,2,1
201304EA13002,1,9,0,5,0,6,0,0,0,0,1,1,6,1,6,1391,1,13,7,1
201304EA13002,2,9,0,18,0,8,0,0,0,0,3,1,6,1,7,1896,2,11,4,1
201304EA13002,3,3,5,18,0,8,0,0,0,0,1,1,6,2,7,-1,-1,-1,10,1
201304EA13003,1,9,0,16,0,1,0,10,1,10,1,1,6,1,6,-1,-1,-1,1,1
201304EA13004,1,9,0,18,0,2,1,0,2,9,1,1,6,1,4,-1,-1,-1,6,1
201304EA13005,1,8,0,18,0,0,0,0,0,0,4,1,1,1,9,2446,2,13,2,1
201304EA13006,1,9,0,9,0,5,0,0,0,0,1,1,6,1,7,1896,2,10,4,1
201304EA13006,2,9,0,18,0,8,0,0,0,0,1,1,6,2,8,1328,1,3,2,1
201304EA13007,1,9,0,18,0,0,0,0,0,0,1,1,6,1,8,1769,1,9,7,2
201304EA13008,1,9,0,18,0,0,0,0,0,0,1,1,6,1,5,1493,1,15,1,1
201304EA13008,2,9,0,4,0,0,0,0,0,0,2,1,6,1,7,998,1,1,10,1
201304EA13009,1,19,0,8,0,2,0,0,0,0,3,1,2,1,7,2198,2,1,1,1
201304EA13009,2,3,0,18,0,2,0,0,0,0,1,1,6,1,7,124,1,2,4,1
201304EA13010,1,9,0,18,0,6,0,0,0,0,1,1,6,1,4,1368,1,1,2,1
201304EA13010,2,9,0,18,0,1,0,0,0,0,1,1,6,2,6,1149,1,9,7,1
201304EA13011,1,9,0,1,0,0,0,0,0,0,2,1,6,1,7,-1,-1,-1,10,1
201304EA13012,1,9,0,9,0,5,0,0,0,0,1,1,6,1,6,1896,2,14,1,1
201304EA13014,1,3,0,9,0,5,0,0,7,7,1,1,6,1,9,-1,-1,-1,2,1
201304EA13015,1,9,0,4,0,8,0,0,0,0,1,1,6,3,-1,-1,-1,-1,-1,-1
201304EA13016,1,11,0,18,0,2,1,0,0,0,1,1,1,1,8,9600,2,14,3,1
201304EA13017,1,9,0,18,0,0,0,0,0,0,1,1,6,1,-1,-1,-1,-1,-1,-1
201304EA13018,1,9,0,18,0,1,0,0,0,0,1,1,6,1,8,1896,2,8,6,1
201304EA13018,2,9,0,18,0,1,0,0,0,0,2,1,6,2,6,1360,1,5,8,2
201304EA13019,1,9,0,18,0,0,0,0,0,0,1,1,6,1,7,-1,-1,-1,1,1
201304EA13019,2,9,0,4,0,0,0,0,0,0,2,1,6,1,9,3248,1,15,7,1
201304EA13020,1,9,0,18,0,1,0,0,0,0,4,1,6,1,7,1769,1,8,3,1
201304EA13021,1,9,0,9,0,5,0,0,0,0,1,1,6,1,6,1910,2,5,3,1
201304EA13021,2,1,0,18,0,8,0,0,0,0,1,1,6,1,7,-1,-1,-1,1,1
201304EA13022,1,9,0,4,0,1,0,0,0,0,1,1,6,1,5,-1,-1,-1,1,1
201304EA13022,2,9,0,2,0,1,0,0,0,0,2,1,6,1,7,1560,2,2,2,1
201304EA13023,1,9,0,18,0,0,0,0,0,0,1,1,6,2,5,1199,1,10,4,1
201304EA13023,2,9,0,18,0,0,0,0,0,0,2,1,1,2,7,1399,2,6,8,2
201304EA13024,1,9,0,18,0,1,0,0,0,0,4,1,6,3,6,1198,1,8,4,1
201304EA13025,1,9,0,18,0,1,1,0,0,0,4,1,6,1,5,1124,1,10,4,1
201304EA13025,2,9,0,6,0,7,2,0,0,0,1,1,6,1,7,1998,1,9,1,1
201304EA13026,1,9,0,18,0,0,0,0,0,0,1,1,2,2,7,1360,1,6,7,3
201304EA13027,1,9,0,7,0,6,0,0,0,0,1,1,6,2,7,1560,2,7,8,1
201304EA13027,2,8,0,18,0,8,0,0,1,0,1,1,6,1,6,1995,2,10,3,1
201304EA13028,1,9,0,5,0,6,0,0,0,0,1,1,6,2,4,1686,2,8,1,1
201304EA13028,2,9,0,18,0,1,0,0,7,2,4,1,6,1,6,1389,1,14,2,1
201304EA13029,1,8,0,16,0,0,0,0,0,0,0,1,2,1,7,1896,2,8,1,1
201304EA13030,1,9,0,11,0,4,0,0,0,0,1,1,6,1,8,2496,2,11,7,1
201304EA13030,2,9,0,5,0,4,0,0,0,0,3,1,6,2,7,1598,1,1,3,1
201304EA13031,1,9,0,18,0,0,0,4,0,0,1,1,6,1,4,1797,1,15,2,1
201304EA13031,2,9,0,2,0,0,0,0,0,0,2,1,6,2,8,1850,1,14,7,1
201304EA13032,1,9,0,18,0,2,0,0,0,0,4,1,6,1,9,1398,2,9,4,3
201304EA13033,1,9,0,18,0,3,0,0,0,0,1,1,6,1,6,1248,2,6,2,1
201304EA13033,2,9,0,18,0,3,0,0,0,0,2,1,6,2,7,2000,1,6,3,1
201304EA13033,3,9,0,18,0,3,0,0,0,0,2,1,6,2,8,1598,2,1,3,1
201304EA13034,1,9,0,18,0,0,0,0,0,0,1,1,6,1,7,1896,2,12,4,1
201304EA13034,2,9,0,18,0,0,0,0,0,0,2,1,6,1,7,-1,-1,-1,8,1
201304EA13035,1,9,0,9,0,8,0,0,0,0,1,1,6,1,5,1598,1,5,5,1
201304EA13035,2,9,0,18,0,1,0,0,0,0,4,1,6,1,9,1587,1,7,9,1
201304EA13036,1,9,0,18,0,0,1,0,1,10,1,1,6,1,7,1686,2,7,1,1
201304EA13037,1,9,0,3,0,0,0,0,0,0,2,1,6,2,10,1461,2,2,9,1
201304EA13037,2,9,0,16,0,0,0,0,0,0,1,1,6,2,5,1149,1,11,1,1
201304EA13038,1,9,0,18,0,3,1,0,0,0,1,1,6,3,-1,-1,-1,-1,-1,-1
201304EA13039,1,2,0,18,0,1,0,0,0,0,1,1,6,1,5,50,1,3,1,1
201304EA13039,2,9,0,18,0,1,0,0,0,0,3,1,6,1,8,1834,1,10,1,1
201304EA13040,1,9,0,18,0,0,0,0,0,0,3,1,6,2,7,1686,2,7,-1,-1
201304EA13041,1,9,0,18,0,8,0,0,0,0,1,1,6,2,10,1199,1,12,2,1
201304EA13041,2,9,0,3,0,8,0,0,0,0,2,1,6,1,9,1995,2,3,10,1
201304EA13041,3,9,0,3,0,8,0,0,0,0,2,1,6,2,6,1364,1,9,5,1
201304EA13042,1,9,0,5,0,1,0,0,0,0,3,1,6,3,-1,-1,-1,-1,-1,-1
201304EA13043,1,9,0,18,0,0,0,4,0,0,1,1,6,2,8,1388,1,3,8,3
201304EA13043,2,9,0,2,0,0,0,0,0,0,1,1,6,3,-1,1360,1,3,-1,-1
201304EA13044,1,3,0,16,0,1,1,0,0,0,0,1,1,1,6,124,1,5,1,1
201304EA13044,2,9,0,18,0,1,0,0,0,0,3,1,1,2,6,2400,2,5,7,1
201304EA13045,1,9,0,18,0,0,0,0,0,0,1,1,6,1,-1,-1,-1,-1,-1,-1
201304EA13046,1,9,0,18,0,0,0,0,0,0,4,1,1,1,6,1995,2,7,3,1