Accident_Index,Vehicle_Reference,Vehicle_Type,Towing_and_Articulation,Vehicle_Manoeuvre,Vehicle_Location-Restricted_Lane,Junction_Location,Skidding_and_Overturning,Hit_Object_in_Carriageway,Vehicle_Leaving_Carriageway,Hit_Object_off_Carriageway,1st_Point_of_Impact,Was_Vehicle_Left_Hand_Drive?,Journey_Purpose_of_Driver,Sex_of_Driver,Age_Band_of_Driver,Engine_Capacity_(CC),Propulsion_Code,Age_of_Vehicle,Driver_IMD_Decile,Driver_Home_Area_Type
201304EA13389,1,9,0,9,0,6,0,10,1,10,1,1,6,1,8,1995,2,9,2,2
201304EA13390,1,9,0,18,0,8,0,0,0,0,1,1,6,2,10,1560,2,7,2,1
201304EA13391,1,9,0,18,0,2,0,0,0,0,1,1,1,1,7,1995,2,10,1,1
201304EA13391,2,9,0,18,0,2,0,0,0,0,3,1,6,1,8,-1,-1,-1,10,1
201304EA13392,1,17,0,18,0,0,0,0,0,0,4,1,6,3,-1,-1,-1,-1,-1,-1
201304EA13392,2,11,0,3,0,0,0,0,0,0,3,1,1,1,6,9600,2,11,1,1
201304EA13393,1,9,0,18,0,0,0,0,1,10,4,1,6,2,7,1598,1,6,2,1
201304EA13393,2,11,0,18,0,0,0,0,0,0,3,1,1,1,7,4250,2,13,3,1
201304EA13394,1,9,0,18,0,0,0,0,0,0,1,1,6,1,8,2993,2,8,8,1
201304EA13395,1,9,0,18,0,1,0,0,0,0,4,1,6,3,-1,-1,-1,-1,-1,-1
201304EA13396,1,9,0,5,0,6,0,0,0,0,3,1,1,1,9,1299,1,10,3,1
201304EA13396,2,3,0,18,0,1,0,0,0,0,1,1,1,1,11,124,1,3,-1,-1
201304EA13397,1,9,0,18,0,1,1,0,3,10,1,1,6,1,7,1895,1,12,1,1
201304EA13398,1,9,0,4,0,0,0,0,0,0,1,1,6,2,4,1299,1,15,8,1
201304EA13398,2,9,0,3,0,0,0,0,0,0,2,2,6,1,5,-1,-1,-1,-1,-1
201304EA13399,1,9,0,5,0,1,0,0,0,0,1,1,6,2,5,1299,1,11,3,1
201304EA13399,2,9,0,5,0,1,0,0,0,0,2,1,6,2,5,998,1,1,4,1
201304EA13400,1,9,0,9,0,2,0,0,0,0,4,1,6,2,6,1149,1,11,9,1
201304EA13401,1,9,0,4,0,0,0,0,0,0,1,1,2,2,5,1598,1,-1,7,3
201304EA13401,2,19,0,4,0,0,0,0,0,0,2,1,1,1,7,2143,2,1,1,1
201304EA13402,1,9,0,5,0,6,0,0,0,0,3,1,6,1,11,1388,1,4,3,1
201304EA13402,2,9,0,18,0,8,0,0,0,0,1,1,2,1,8,1968,2,5,4,1
201304EA13403,1,9,0,18,0,0,0,0,0,0,1,1,6,1,7,1870,2,12,2,1
201304EA13403,2,9,0,18,0,0,0,0,0,0,2,1,6,1,8,1598,1,15,5,1
201304EA13404,1,9,0,18,0,0,0,0,0,0,1,1,6,1,7,-1,-1,-1,1,1
201304EA13405,1,9,0,1,0,8,0,0,0,0,2,1,6,1,8,1598,1,2,1,1
201304EA13405,2,9,0,1,0,8,0,0,0,0,2,1,6,1,6,1149,1,13,2,1
201304EA13406,1,9,0,18,0,0,0,0,0,0,3,1,6,1,-1,1598,2,-1,-1,-1
201304EA13407,1,8,0,1,0,0,0,0,0,0,2,1,3,1,9,1596,1,9,1,1
201304EA13408,1,9,0,16,0,0,2,0,1,0,1,1,1,1,7,1984,2,4,1,1
201304EA13409,1,9,0,18,0,8,0,0,8,0,4,1,2,1,5,1995,2,6,7,1
201304EA13409,2,9,0,9,0,8,0,0,0,0,3,1,6,1,8,1896,2,5,3,1
201304EA13410,1,9,0,1,0,8,0,0,0,0,2,1,6,1,8,1956,2,2,7,1
201304EA13412,1,8,0,18,0,1,0,0,0,0,1,1,6,3,-1,-1,-1,-1,-1,-1
201304EA13412,2,9,0,2,0,1,0,0,0,0,1,1,6,1,6,1998,2,10,-1,-1
201304EA13412,3,9,0,2,0,1,0,0,0,0,2,1,6,3,-1,1896,2,11,-1,-1
201304EA13412,4,9,0,2,0,1,0,0,0,0,2,1,6,3,-1,-1,-1,-1,-1,-1
201304EA13412,5,9,0,2,0,1,0,0,0,0,3,1,6,3,-1,2362,1,12,-1,-1
201304EB13001,1,9,0,18,0,0,0,0,0,0,1,1,6,3,-1,-1,-1,-1,-1,-1
201304EB13002,1,9,0,9,0,1,0,0,0,0,1,1,6,3,8,1995,2,10,7,1
201304EB13002,2,3,0,18,0,1,0,0,0,0,4,1,2,1,5,124,1,5,2,1
201304EB13003,1,1,0,17,0,0,0,0,1,2,0,1,6,1,3,-1,-1,-1,10,1
201304EB13003,2,20,0,16,0,0,0,0,0,0,0,1,1,3,-1,4461,2,2,-1,-1
201304EL13002,1,3,0,18,0,3,0,7,0,1,1,1,6,1,6,125,1,1,4,1
201304EL13003,1,10,0,18,0,0,0,0,0,0,1,1,6,3,-1,-1,-1,-1,-1,-1
201304EL13004,1,9,0,9,0,2,0,0,0,0,3,1,6,1,6,1988,2,5,1,1
201304EL13004,2,9,0,18,0,1,0,0,0,0,1,1,6,2,6,1497,1,10,1,1
201304EL13005,1,8,0,1,0,2,0,0,0,0,2,1,6,1,6,-1,-1,-1,-1,-1
201304EL13005,2,8,0,18,0,2,0,0,0,0,1,1,6,1,10,2446,2,13,1,1
201304EL13006,1,9,0,3,0,1,0,0,0,0,1,1,6,3,-1,-1,-1,-1,-1,-1
201304EL13006,2,9,0,3,0,1,0,0,0,0,2,1,6,1,7,1199,1,10,7,1
201304EL13007,1,9,0,18,0,0,0,4,0,0,1,1,6,2,6,1389,1,8,2,1
201304EL13007,2,8,0,2,0,0,0,0,0,0,2,1,6,1,-1,1753,2,7,-1,-1
201304EL13008,1,9,0,18,0,1,0,0,0,0,1,1,6,2,7,1596,1,12,2,1
201304EL13008,2,9,0,9,0,5,0,0,0,0,3,1,1,2,6,1364,2,1,-1,-1
201304EL13009,1,8,0,4,0,0,0,0,0,0,2,1,1,1,6,-1,-1,-1,-1,-1
201304EL13009,2,9,0,4,0,0,0,0,0,0,1,1,6,1,5,1598,1,2,9,1
201304EL13010,1,9,0,9,0,5,0,0,0,0,3,1,2,2,6,998,1,3,7,3
201304EL13010,2,9,0,18,0,8,0,0,0,0,3,1,2,2,6,1198,1,1,3,1
201304EL13011,1,8,0,9,0,5,0,0,0,0,1,1,1,1,6,1997,2,9,1,1
201304EL13011,2,8,0,18,0,1,0,0,0,0,1,1,1,1,6,2199,2,5,-1,-1
201304EL13012,1,9,0,7,0,4,0,0,0,0,2,1,6,1,9,1997,2,9,1,1
201304EL13012,2,8,0,7,0,1,0,0,0,0,1,1,1,1,9,1995,2,11,8,1
201304EL13013,1,9,0,4,0,1,0,0,0,0,1,1,6,1,9,1598,1,1,7,2
201304EL13014,1,9,0,3,0,4,0,0,0,0,1,1,6,1,7,973,1,13,2,1
201304EL13014,2,9,0,3,0,4,0,0,0,0,2,1,1,1,6,1995,2,8,1,1
201304EL13015,1,9,0,3,0,0,1,0,0,0,2,1,6,1,8,2494,1,15,1,1
201304EL13015,2,9,0,4,0,0,2,0,0,0,0,1,1,2,6,1360,1,11,7,1
201304EL13016,1,9,0,16,0,0,1,0,1,0,1,1,6,1,8,1995,2,10,1,1
201304EL13017,1,9,0,9,0,0,0,0,0,0,1,1,2,1,7,1587,1,8,4,1
201304EL13017,2,1,0,18,0,0,0,0,0,0,3,1,2,1,8,-1,-1,-1,7,1
201304EL13018,1,9,0,18,0,0,0,0,0,0,1,1,6,1,9,1598,1,6,3,1
201304EL13019,1,9,0,18,0,0,0,0,0,0,1,1,6,1,5,1796,1,8,2,2
201304EL13020,1,9,0,4,0,0,0,0,0,0,1,1,2,2,6,1497,1,10,1,1
201304EL13021,1,3,0,7,0,8,0,0,0,0,4,1,2,2,4,124,1,3,1,1
201304EL13022,1,9,0,16,0,1,0,0,0,0,3,1,6,1,11,1364,1,6,4,3
201304EL13023,1,9,0,18,0,2,0,0,0,0,1,1,6,2,8,1598,2,2,7,1
201304EL13023,2,1,0,18,4,2,0,0,0,0,2,1,6,1,10,-1,-1,-1,3,1
201304EL13024,1,9,0,9,0,6,0,0,0,0,3,1,6,2,4,998,1,2,4,1
201304EL13025,1,9,0,18,0,6,0,0,0,0,3,1,6,2,7,1997,2,12,-1,-1
201304EL13026,1,19,0,3,0,4,0,0,0,0,1,1,1,1,8,1560,2,3,-1,-1
201304EL13026,2,9,0,3,0,4,0,0,0,0,2,1,6,2,7,998,1,7,8,1
201304EL13027,1,9,0,9,0,5,0,0,0,0,1,1,6,2,11,1242,1,4,8,1
201304EL13028,1,9,0,18,0,1,0,0,0,0,1,1,6,2,11,1240,1,10,8,1
201304EL13028,2,9,0,9,0,8,0,0,0,0,2,1,6,1,8,1461,2,7,2,1
201304EL13029,1,19,0,17,0,0,2,0,2,9,1,1,6,1,4,2402,2,8,4,1
201304EL13030,1,9,0,9,0,5,0,0,0,0,1,1,6,2,6,1596,1,-1,3,1
201304EL13030,2,5,0,18,0,8,0,0,0,0,1,1,6,1,6,599,1,14,1,1
201304EL13031,1,9,0,18,0,0,0,0,0,0,1,1,6,1,9,2495,2,11,4,1
201304EL13032,1,9,0,18,0,8,0,0,0,0,1,1,6,1,8,2000,2,4,5,2
201304EL13033,1,9,0,16,0,0,1,0,0,0,1,1,6,2,6,1360,1,14,2,1
201304EL13033,2,9,0,18,0,0,0,0,0,0,1,1,6,2,5,1242,1,3,8,1
201304EL13034,1,9,0,9,0,1,0,0,0,0,1,1,6,3,-1,-1,-1,-1,-1,-1
201304EL13034,2,9,0,18,0,8,0,0,0,0,4,1,6,1,7,1242,1,2,4,1
201304EL13035,1,9,0,18,0,0,0,0,0,0,4,1,6,3,-1,-1,-1,-1,-1,-1
201304EL13035,2,1,0,18,0,0,0,0,0,0,3,1,6,1,8,-1,-1,-1,2,1
201304EL13036,1,9,0,18,0,1,0,0,0,0,1,1,6,2,7,1360,1,6,1,1
201304EL13036,2,9,0,3,0,1,0,0,0,0,2,1,6,2,9,-1,-1,-1,4,3
201304EL13037,1,9,0,7,0,1,0,0,0,0,1,1,6,2,4,1242,1,8,1,1
201304EL13037,2,9,0,7,0,1,0,0,0,0,1,1,6,2,8,1360,1,10,2,1
201304EL13038,1,9,0,1,0,0,0,0,0,0,2,1,1,1,6,1332,1,16,2,1
201304EL13039,1,9,0,18,0,0,0,0,0,0,1,1,6,1,4,1360,1,14,2,1
201304EL13040,1,9,0,5,0,0,0,0,0,0,1,1,6,1,7,1769,1,11,2,1
201304EL13041,1,21,1,18,0,0,3,11,1,10,1,1,1,1,9,10308,2,2,9,3
201304EL13042,1,9,0,18,0,1,0,0,0,0,1,2,6,1,7,-1,-1,-1,3,1
201304EL13042,2,9,0,18,0,1,0,0,0,0,2,1,1,1,7,2148,2,10,1,1
201304EL13042,3,9,0,2,0,1,0,0,0,0,2,1,6,1,4,1242,1,6,-1,-1
201304EL13043,1,2,0,18,0,8,0,0,0,0,1,1,2,1,4,49,1,1,1,1
201304EL13043,2,9,0,9,0,8,0,0,0,0,3,1,6,1,7,2656,1,11,2,1
201304EL13044,1,8,0,1,8,0,0,0,0,0,2,1,6,1,6,1686,2,9,1,1
201304EL13044,2,9,0,18,0,0,0,0,0,0,3,1,1,1,5,1587,1,10,3,1
201304EL13045,1,3,0,18,0,1,0,0,0,0,1,1,1,2,4,124,1,3,1,1
201304EL13045,2,9,0,7,0,2,0,0,0,0,1,1,6,2,7,1198,1,7,1,1
201304EL13047,1,9,0,18,0,0,0,0,0,0,4,1,6,1,-1,-1,-1,-1,-1,-1
201304EL13048,1,9,0,18,0,1,0,0,0,0,1,1,6,1,9,2793,6,16,6,1
201304EL13049,1,19,0,18,0,1,0,0,0,0,1,1,1,1,9,1753,2,5,1,1
201304EL13049,2,9,0,18,0,1,0,0,0,0,2,1,6,2,9,998,1,-1,7,1
201304EL13050,1,9,0,5,0,0,0,0,0,0,0,1,1,1,6,-1,-1,-1,1,1
201304EL13051,1,9,0,13,0,0,0,0,0,0,1,1,6,2,6,1242,1,11,1,1
201304EL13051,2,9,0,4,0,0,0,0,0,0,1,1,6,2,5,1242,1,11,8,3
201304EL13052,1,9,0,9,0,8,0,0,0,0,3,1,6,1,9,1753,2,6,7,1
201304EL13052,2,9,0,7,0,8,0,0,0,0,4,1,1,2,7,1560,2,3,4,1
201304EL13053,1,9,0,1,0,0,0,4,0,0,2,1,3,2,5,1598,1,12,1,1
201304EL13053,2,9,0,2,0,0,0,0,0,0,2,1,6,3,-1,1199,1,10,-1,-1
201304EL13054,1,9,0,18,0,0,0,10,1,4,4,1,6,2,5,1229,1,6,2,1
201304EL13055,1,9,0,18,0,0,0,0,0,0,3,1,6,3,-1,-1,-1,-1,-1,-1
201304EL13055,2,19,0,18,0,0,0,0,0,0,3,1,6,1,7,1868,2,13,3,1
201304EL13056,1,9,0,18,0,0,0,0,0,0,1,1,6,1,9,1997,2,8,5,1
201304EL13057,1,9,0,4,0,1,0,0,0,0,1,1,6,3,-1,-1,-1,-1,-1,-1
201304EL13057,2,9,0,3,0,1,0,0,0,0,2,1,6,2,6,1896,2,7,4,3
201304EL13058,1,9,0,9,0,5,0,0,0,0,4,1,6,2,10,1339,1,3,2,1
201304EL13058,2,1,0,18,0,8,0,0,0,0,4,1,6,1,4,-1,-1,-1,3,1
201304EL13059,1,9,0,18,0,8,0,0,0,0,0,1,2,2,6,1388,1,10,7,1
201304EL13059,2,1,0,18,0,8,0,0,0,0,0,1,6,2,2,-1,-1,-1,1,1
201304EL13060,1,9,0,18,0,0,0,0,0,0,1,1,6,2,5,998,1,3,1,1
201304EL13061,1,9,0,9,0,8,0,0,0,0,1,1,6,1,10,1390,1,10,2,2
201304EL13061,2,9,0,17,0,8,1,0,0,0,4,1,2,2,6,1461,2,7,2,1
201304EL13062,1,9,0,5,0,1,0,0,0,0,1,1,6,3,-1,-1,-1,-1,-1,-1
201304EL13062,2,9,0,18,0,8,0,0,0,0,4,1,6,2,6,1781,1,6,1,1
201304EL13063,1,9,0,18,0,0,1,0,0,0,3,1,6,2,6,1896,2,12,-1,-1
201304EL13063,2,9,0,2,0,0,0,0,0,0,0,1,6,3,-1,1995,2,6,-1,-1
201304EL13063,3,9,0,2,0,0,0,0,0,0,0,1,6,3,-1,-1,-1,-1,-1,-1
201304EL13064,1,9,0,18,0,1,0,0,0,0,4,1,6,2,9,1149,1,9,10,2
201304EL13064,2,9,0,9,0,1,0,0,0,0,1,1,6,2,7,1998,1,11,7,1
201304EL13065,1,9,0,18,0,1,0,0,0,0,0,1,6,3,-1,-1,-1,-1,-1,-1
201304EL13066,1,9,0,18,0,1,0,0,0,0,1,1,6,1,10,1997,2,8,7,1
201304EL13066,2,3,0,18,0,1,0,0,0,0,3,1,6,1,9,124,1,1,5,1
201304EL13067,1,9,0,18,0,1,0,0,0,0,1,1,2,1,9,1769,1,12,8,3
201304EL13068,1,9,0,18,0,0,2,4,1,0,1,1,6,2,4,998,1,7,7,1
201304EL13068,2,9,0,2,0,0,0,0,0,0,3,1,6,2,8,1242,1,1,7,1
201304EL13068,3,9,0,2,0,0,0,0,0,0,3,1,6,1,7,1360,1,7,7,1
201304EL13069,1,9,0,18,0,0,0,0,0,0,3,1,6,2,6,1997,2,8,8,1
201304EL13070,1,9,0,5,0,1,0,0,0,0,1,1,6,2,9,1596,1,-1,2,1
201304EL13070,2,9,0,18,9,1,0,10,7,10,1,1,6,1,7,1686,2,9,1,1
201304EL13071,1,19,0,1,0,0,0,0,1,10,4,1,6,1,9,1870,2,7,2,1
201304EL13071,2,9,0,18,0,0,0,0,0,0,3,1,6,2,7,1968,2,9,3,2
201304EL13071,3,19,0,18,0,0,0,0,0,0,1,1,6,1,8,1997,2,9,4,1
201304EL13072,1,9,0,18,0,0,0,0,0,0,3,1,2,1,7,1596,1,11,2,1
201304EL13073,1,9,0,18,0,0,0,0,0,0,1,1,6,2,11,1124,1,9,7,1
201304EL13073,2,9,0,2,0,0,0,0,0,0,2,1,6,1,9,1598,1,13,4,1
201304EL13074,1,5,0,17,0,0,0,0,2,10,4,1,1,1,6,1199,1,13,-1,-1
201304EL13075,1,1,0,18,0,6,0,0,0,0,1,1,6,2,2,-1,-1,-1,-1,-1
201304EL13075,2,9,0,18,0,8,0,0,0,0,1,1,6,1,5,1598,1,5,-1,-1
201304EL13076,1,9,0,9,0,3,0,0,0,0,3,1,6,2,8,1598,1,-1,4,1
201304EL13077,1,9,0,18,0,4,0,0,0,0,1,1,6,1,5,1988,2,9,2,1
201304EL13077,2,9,0,9,0,1,0,0,0,0,2,1,6,1,6,1794,1,12,1,1
201304EL13078,1,9,0,7,0,6,0,0,0,0,1,1,6,1,8,1339,1,10,3,1
201304EL13079,1,9,0,18,0,4,0,0,0,10,1,1,6,1,11,1364,1,5,-1,-1
201304EL13080,1,9,0,18,0,0,0,0,0,0,1,1,6,1,6,1240,1,8,1,1
201304EL13081,1,3,0,18,0,1,1,0,0,0,0,1,6,1,7,124,1,2,6,1
201304EL13082,1,9,0,18,0,0,0,0,0,0,0,1,6,3,-1,-1,-1,-1,-1,-1
201304EL13083,1,1,0,18,0,1,5,0,0,0,1,1,6,1,7,-1,-1,-1,1,1
201304EL13083,2,8,0,9,0,6,0,0,0,0,3,1,1,1,6,1910,2,5,1,1
201304EL13084,1,9,0,2,9,1,0,0,0,0,0,1,6,2,5,1796,1,11,1,1
201304EL13084,2,1,0,18,0,1,0,0,0,0,0,1,6,1,5,-1,-1,-1,2,1
201304EL13085,1,9,0,18,0,1,0,0,0,0,3,1,2,1,6,1598,1,10,3,1
201304EL13085,2,2,0,9,0,1,0,0,0,0,1,1,2,1,7,49,1,5,2,1
201304EL13086,1,9,0,18,0,0,0,0,0,0,1,1,6,1,6,1124,1,12,1,1
201304EL13087,1,9,0,9,0,6,0,0,0,0,2,1,6,2,10,1400,1,7,8,1
201304EL13087,2,3,0,18,0,8,0,4,0,0,2,1,2,1,7,124,1,1,2,1
201304EL13087,3,9,0,2,0,8,0,0,0,0,3,1,6,3,-1,1769,1,12,-1,-1
201304EL13088,1,1,0,18,0,1,0,0,0,0,2,1,6,1,2,-1,-1,-1,5,1
201304EL13088,2,9,0,18,0,2,0,0,0,0,2,1,6,2,7,-1,-1,-1,2,1
201304EL13089,1,8,0,18,0,0,0,0,0,0,4,1,1,1,6,1686,2,6,5,1
201304EL13090,1,9,0,18,0,0,0,0,0,0,1,1,6,2,4,1198,1,6,3,2
201304EL13091,1,9,0,5,0,6,0,0,0,0,1,1,6,1,5,1149,1,9,3,1
201304EL13091,2,9,0,17,0,8,0,0,0,0,4,1,6,1,6,1598,1,7,-1,-1
201304EL13092,1,9,0,4,0,5,0,0,0,0,1,1,1,1,6,1998,2,9,1,1
201304EL13092,2,9,0,8,0,6,0,0,0,0,1,1,2,2,6,1124,1,14,1,1
201304EL13093,1,19,0,4,0,1,0,0,0,0,4,1,6,1,5,1995,2,4,2,1
201304EL13094,1,9,0,9,0,5,0,0,0,0,4,1,6,1,4,-1,-1,-1,8,1
201304EL13094,2,5,0,18,0,1,1,0,0,0,1,1,6,1,8,749,1,3,4,3
201304EL13095,1,9,0,18,0,1,1,0,1,10,1,1,6,1,8,1796,1,8,1,1
201304EL13096,1,9,0,18,0,8,1,0,1,2,4,1,6,3,-1,1994,1,14,-1,-1
201304EL13097,1,9,0,4,0,4,0,0,0,0,1,1,6,3,-1,-1,-1,-1,-1,-1
201304EL13097,2,9,0,3,0,4,0,0,0,0,2,1,6,1,9,-1,-1,-1,2,1
201304EL13098,1,8,0,5,0,0,0,0,0,0,0,1,1,1,9,-1,-1,-1,1,1
201304EL13099,1,9,0,4,0,1,0,0,0,0,1,1,6,1,7,1386,1,10,3,1
201304EL13099,2,9,0,4,0,4,0,0,0,0,2,1,6,2,7,1392,1,15,-1,-1
201304EL13100,1,9,0,2,0,0,0,0,0,1,3,1,6,1,9,1995,2,9,-1,-1
201304EL13100,2,1,0,14,4,0,0,8,0,0,1,1,2,1,4,-1,-1,-1,8,1
201304EL13101,1,9,0,17,0,2,0,0,0,0,1,1,6,1,6,954,1,13,1,1
201304EL13101,2,9,0,18,0,1,0,0,0,0,1,1,6,2,6,1560,2,1,5,3
201304EL13102,1,9,0,1,0,6,0,0,0,0,2,1,6,1,4,-1,-1,-1,2,2
201304EL13102,2,8,0,18,0,1,0,0,0,0,3,1,1,1,6,1995,2,8,1,1
201304EL13103,1,9,0,15,0,0,0,0,0,0,0,1,6,1,4,1896,2,11,5,1
201304EL13104,1,9,0,17,0,1,1,4,2,0,1,1,6,1,5,1995,2,11,5,1
201304EL13104,2,9,0,2,0,1,0,0,1,1,2,1,6,3,-1,2179,2,8,-1,-1
201304EL13104,3,9,0,2,0,1,0,0,0,0,1,1,6,3,-1,1984,1,7,-1,-1
201304EL13105,1,9,0,1,0,0,0,0,1,10,4,1,6,1,11,1364,1,5,5,1
201304EL13105,2,9,0,2,0,0,0,0,0,0,1,1,6,1,8,1896,2,8,1,1
201304EL13106,1,8,0,18,0,1,0,0,0,0,1,1,1,1,5,-1,-1,-1,1,1
201304EL13106,2,9,0,1,0,1,0,0,0,0,2,1,6,1,8,2967,1,10,-1,-1
201304EL13107,1,9,0,4,0,5,0,0,0,0,1,1,6,2,10,1329,1,2,7,2
201304EL13108,1,8,0,18,0,0,0,10,0,0,4,1,1,1,6,1753,2,5,1,1
201304EL13109,1,2,0,18,0,0,0,0,0,0,1,1,6,1,4,49,1,10,-1,-1
201304EL13109,2,9,0,2,0,0,0,0,0,0,3,1,6,3,-1,1299,1,13,-1,-1
201304EL13110,1,9,0,18,0,1,0,0,0,0,1,1,6,2,7,1968,2,1,9,1
201304EL13110,2,9,0,3,0,1,0,0,0,0,2,1,6,2,7,1299,1,10,8,1
201304EL13111,1,9,0,9,0,6,0,0,0,0,3,1,6,2,9,998,1,4,8,1
201304EL13111,2,3,0,18,0,8,0,0,0,0,1,1,6,1,5,124,1,3,-1,-1
201304EL13112,1,9,0,9,0,5,0,0,0,0,1,1,6,1,11,1591,1,5,1,1
201304EL13112,2,9,0,18,0,8,0,0,0,0,1,1,6,2,6,1596,1,3,8,1
201304EL13113,1,9,0,16,0,0,0,0,0,0,1,1,6,1,5,-1,-1,-1,3,1
201304EL13113,2,9,0,18,0,0,0,0,0,0,1,1,6,1,8,1968,2,2,3,1
201304EL13114,1,9,0,5,0,1,0,0,0,0,1,1,6,1,8,1596,1,1,2,1
201304EL13114,2,9,0,5,0,1,0,0,0,0,2,1,6,2,8,1199,2,3,4,1
201304EL13115,1,9,0,1,0,0,0,0,0,0,2,1,6,1,9,1900,2,15,4,1
201304EL13116,1,4,0,18,0,0,0,0,8,10,1,1,6,1,8,-1,-1,-1,9,3
201304EL13117,1,9,0,5,0,6,0,0,7,10,4,1,6,1,5,1956,2,3,-1,-1
201304EL13117,2,9,0,18,0,8,0,0,0,0,1,1,2,1,6,2231,2,5,5,1
201304EL13118,1,21,0,11,0,0,0,0,0,0,4,1,1,1,9,6870,2,5,4,1
201304EL13118,2,9,0,18,0,0,0,0,0,0,3,1,6,1,5,1198,1,1,4,1
201304EL13119,1,9,0,9,0,6,0,0,0,0,1,1,6,2,6,1299,1,15,1,1
201304EL13119,2,8,0,18,0,8,0,0,0,0,4,1,6,1,6,2231,2,5,1,1
201304EL13120,1,9,0,18,0,0,0,0,0,0,1,1,6,3,-1,-1,-1,-1,-1,-1
201304EL13121,1,9,0,4,0,1,0,0,0,0,3,1,6,1,6,1968,2,8,1,1
201304EL13122,1,8,0,4,0,2,0,0,0,0,0,1,1,1,6,1995,2,5,-1,-1
201304EL13123,1,9,0,18,9,0,0,0,7,0,0,1,2,1,6,1984,1,4,4,1
201304EL13124,1,9,0,17,0,0,2,10,1,4,4,1,6,1,5,1199,1,12,3,1
201304EL13125,1,9,0,18,0,1,1,0,0,0,3,1,6,2,7,1796,1,9,5,1
201304EL13125,2,9,0,18,0,1,0,0,0,0,3,1,1,1,6,1995,2,8,1,1
201304EL13126,1,9,0,18,0,5,0,0,0,0,0,1,6,3,-1,-1,-1,-1,-1,-1
201304EL13127,1,9,0,1,9,0,0,0,0,0,2,1,6,1,8,1896,2,11,1,1
201304EL13127,2,1,0,18,9,0,0,0,0,0,3,1,6,1,5,-1,-1,-1,1,1
201304EL13129,1,9,0,18,0,0,0,0,0,0,0,1,6,3,-1,-1,-1,-1,-1,-1
201304EL13130,1,9,0,5,0,1,0,0,0,0,1,1,6,1,10,1783,1,12,7,1
201304EL13130,2,5,0,5,0,1,0,0,0,0,2,1,6,1,9,1198,1,16,-1,-1
201304EL13131,1,9,0,17,0,8,0,0,0,0,1,1,6,2,6,1242,1,4,-1,-1
201304EL13131,2,9,0,16,0,8,0,0,0,0,1,1,6,1,6,1995,2,-1,1,1
201304EL13132,1,9,0,3,0,2,0,0,0,0,1,1,6,2,4,1598,1,11,5,1
201304EL13133,1,9,0,5,0,5,0,0,0,0,1,1,6,1,7,2495,2,15,1,1
201304EL13133,2,1,0,18,0,8,0,0,0,0,1,1,6,1,6,-1,-1,-1,4,1
201304EL13134,1,9,0,9,0,1,0,0,0,0,1,1,6,1,7,1910,2,8,1,1
201304EL13134,2,9,0,18,0,1,1,0,0,0,1,1,6,2,4,973,1,11,8,1
201304EL13135,1,8,0,18,0,1,0,0,0,0,4,1,6,3,-1,-1,-1,-1,-1,-1
201304EL13136,1,9,0,4,0,1,0,0,0,0,1,1,6,1,5,1896,2,11,2,1
201304EL13136,2,9,0,10,0,1,0,0,0,0,2,1,6,1,5,1199,1,10,1,1
201304EL13137,1,9,0,2,0,0,0,0,0,0,3,1,6,2,7,1896,2,10,1,1
201304EL13137,2,9,3,14,0,0,0,4,0,0,4,1,6,1,6,1997,1,8,2,1
201304EL13138,1,1,0,18,0,0,0,0,0,0,1,1,6,1,6,-1,-1,-1,1,1
201304EL13138,2,9,0,18,0,0,0,0,0,0,2,1,2,1,6,1596,1,6,3,1
201304EL13139,1,19,0,18,0,0,0,0,0,0,4,1,1,1,8,2198,2,3,5,1
201304EL13139,2,9,0,18,0,0,0,0,0,0,3,1,6,1,8,1360,1,1,4,1
201304EL13140,1,9,0,2,0,0,0,0,0,0,1,1,6,2,5,1910,2,7,-1,-1
201304EL13140,2,1,0,18,0,0,0,0,0,0,1,1,1,1,6,-1,-1,-1,5,1
201304EL13141,1,9,0,5,0,8,0,0,0,0,1,1,6,2,11,1299,1,12,4,1
201304EL13142,1,9,0,9,6,6,0,0,0,0,3,1,1,2,7,1198,1,3,8,1
201304EL13142,2,9,0,18,0,1,0,0,0,0,4,1,2,1,9,1242,1,10,9,3
201304EL13143,1,9,0,9,0,5,0,0,0,0,4,1,6,2,10,1598,1,3,7,3
201304EL13143,2,5,0,18,0,1,1,0,0,0,1,1,6,1,5,599,1,9,2,1
201304EL13144,1,9,0,18,0,0,0,0,0,0,1,1,2,1,8,1997,2,3,3,1
201304EL13144,2,9,0,3,0,0,0,0,0,0,2,1,2,1,8,1997,2,12,1,1
201304EL13145,1,8,0,18,0,0,0,0,0,0,1,1,6,1,6,1896,2,6,1,1
201304EL13146,1,9,0,9,0,2,0,0,0,0,4,1,1,1,9,-1,-1,-1,2,1
201304EL13146,2,5,0,18,0,2,0,0,0,0,4,1,1,1,6,998,1,14,8,1
201304EL13147,1,9,0,5,0,1,0,0,0,0,3,1,6,1,6,1995,1,5,1,1
201304EL13147,2,9,0,18,0,1,0,0,0,0,1,1,6,2,6,2000,2,7,7,1
201304EL13148,1,1,0,18,0,1,0,0,0,0,1,1,6,1,2,-1,-1,-1,-1,-1
201304EL13148,2,9,0,18,0,1,0,0,0,0,1,1,6,1,8,1388,1,10,4,1
201304EL13149,1,9,0,9,0,0,0,0,0,0,1,1,6,2,7,1896,2,15,-1,-1
201304EL13149,2,9,0,18,0,0,0,0,0,0,4,1,6,1,7,1968,2,9,2,1
201304EL13150,1,19,0,17,0,0,0,0,0,0,0,1,6,3,-1,-1,-1,-1,-1,-1
201304EL13151,1,9,0,9,0,5,0,0,0,0,0,1,6,3,-1,-1,-1,-1,-1,-1