Accident_Index,Vehicle_Reference,Vehicle_Type,Towing_and_Articulation,Vehicle_Manoeuvre,Vehicle_Location-Restricted_Lane,Junction_Location,Skidding_and_Overturning,Hit_Object_in_Carriageway,Vehicle_Leaving_Carriageway,Hit_Object_off_Carriageway,1st_Point_of_Impact,Was_Vehicle_Left_Hand_Drive?,Journey_Purpose_of_Driver,Sex_of_Driver,Age_Band_of_Driver,Engine_Capacity_(CC),Propulsion_Code,Age_of_Vehicle,Driver_IMD_Decile,Driver_Home_Area_Type
201304EN13140,1,9,0,18,0,1,0,0,0,0,1,1,2,2,8,-1,-1,-1,10,2
201304EN13140,2,19,0,4,0,1,1,0,0,0,2,1,2,1,5,2402,2,11,10,1
201304EN13140,3,9,0,3,0,1,1,0,0,0,2,1,2,1,7,1598,1,13,6,1
201304EN13141,1,9,0,18,0,0,0,0,0,0,1,1,6,1,7,1998,1,18,-1,-1
201304EN13141,2,9,0,18,0,0,0,0,0,0,3,1,1,2,7,2268,2,-1,6,1
201304EN13142,1,5,0,16,0,0,0,0,0,0,3,1,6,1,8,998,1,14,5,2
201304EN13142,2,9,4,17,0,0,0,0,0,0,3,1,1,1,8,-1,-1,-1,7,2
201304EN13143,1,8,0,5,0,0,0,0,0,0,3,1,1,1,10,1995,2,12,8,1
201304EN13143,2,8,0,18,0,0,0,0,0,0,1,1,1,1,6,1910,2,7,1,1
201304FA13001,1,9,0,18,0,1,0,0,0,0,1,1,6,1,9,1341,1,11,1,1
201304FA13001,2,9,0,3,0,1,0,0,0,0,2,1,6,2,4,1199,1,12,1,1
201304FA13001,3,9,0,3,0,1,0,0,0,0,2,1,6,2,5,-1,-1,-1,1,1
201304FA13001,4,9,0,3,0,1,0,0,0,0,2,1,1,1,7,-1,-1,-1,7,1
201304FA13002,1,9,0,15,0,2,0,4,0,0,1,1,6,1,5,1399,2,1,4,1
201304FA13002,2,9,0,2,0,2,0,0,7,0,2,1,6,3,-1,1595,1,10,-1,-1
201304FA13002,3,9,0,2,0,1,0,0,0,0,2,1,6,3,-1,1896,2,7,-1,-1
201304FA13003,1,9,0,3,0,0,0,0,0,0,2,1,6,1,10,1910,2,5,8,1
201304FA13003,2,9,0,3,0,0,0,0,0,0,2,1,6,2,6,-1,-1,-1,6,1
201304FA13003,3,9,0,18,0,0,0,0,0,0,1,1,6,1,6,1686,2,15,8,1
201304FA13004,1,9,0,18,0,1,0,0,0,0,1,1,6,3,-1,-1,-1,-1,-1,-1
201304FA13004,2,1,0,18,0,1,0,0,0,0,2,1,6,1,7,-1,-1,-1,2,1
201304FA13005,1,9,0,14,0,0,0,0,0,0,4,1,6,2,6,1995,2,9,3,1
201304FA13005,2,9,0,10,0,0,0,0,0,0,3,1,6,2,8,1388,1,4,1,1
201304FA13006,1,9,0,5,0,4,0,0,0,0,3,1,2,2,5,1242,1,10,2,1
201304FA13006,2,10,0,18,0,3,0,0,0,0,1,1,1,1,8,-1,-1,-1,-1,-1
201304FA13007,1,9,0,18,0,8,0,0,0,0,4,1,2,2,5,1599,1,10,8,1
201304FA13008,1,9,0,18,0,0,0,0,0,0,1,1,6,3,-1,-1,-1,-1,-1,-1
201304FA13008,2,9,0,18,0,0,0,0,0,0,1,1,2,2,4,1299,1,10,7,2
201304FA13009,1,9,0,9,0,8,0,0,0,0,1,1,6,1,4,998,1,3,8,1
201304FA13009,2,9,0,18,0,8,0,0,0,0,1,1,6,1,9,1997,2,12,5,1
201304FA13011,1,9,0,7,0,6,0,0,0,0,3,1,2,1,5,973,1,13,5,1
201304FA13011,2,1,0,18,4,1,0,0,0,0,1,1,6,1,7,-1,-1,-1,3,1
201304FA13012,1,9,0,18,0,4,0,0,0,0,0,1,6,3,-1,-1,-1,-1,-1,-1
201304FA13013,1,9,0,4,0,1,0,0,0,0,1,1,1,2,6,1560,2,2,1,1
201304FA13013,2,9,0,4,0,1,0,0,0,0,2,1,6,1,9,1399,2,7,9,1
201304FA13014,1,9,0,1,0,0,0,0,0,0,4,1,6,1,7,1956,2,4,4,1
201304FA13015,1,17,0,1,0,7,0,0,0,0,1,1,1,1,7,-1,2,6,4,3
201304FA13015,2,9,0,18,0,8,0,0,0,0,1,1,6,1,7,-1,-1,-1,8,1
201304FA13016,1,19,0,18,0,0,0,0,0,0,4,1,1,1,6,2198,2,4,1,1
201304FA13016,2,9,0,16,0,0,0,0,0,0,3,1,1,1,7,1896,2,9,1,1
201304FA13017,1,9,0,14,0,6,0,0,0,0,2,1,6,1,6,-1,-1,-1,1,1
201304FA13017,2,11,0,10,0,1,0,0,0,0,1,1,1,2,6,6700,2,5,8,1
201304FA13018,1,9,0,5,0,4,0,0,0,0,2,1,6,1,4,2000,2,6,4,1
201304FA13018,2,9,0,5,0,4,0,0,0,0,1,1,6,1,9,2000,2,4,1,1
201304FA13019,1,9,0,2,0,0,0,0,0,0,3,1,6,1,6,1870,2,10,1,1
201304FA13019,2,1,0,18,0,0,0,0,0,0,1,1,6,1,8,-1,-1,-1,-1,-1
201304FA13020,1,9,0,17,0,0,0,10,8,2,1,1,6,2,6,1248,2,5,7,1
201304FA13020,2,19,0,17,0,0,0,0,0,0,3,1,1,1,8,2148,2,5,4,1
201304FA13021,1,9,0,5,0,8,0,0,0,0,1,1,6,1,5,1149,1,12,1,1
201304FA13021,2,8,0,18,0,8,0,0,0,0,1,1,1,1,7,1896,2,7,2,1
201304FA13022,1,9,0,18,0,8,0,0,0,0,1,1,6,1,-1,1870,2,10,-1,-1
201304FA13022,2,9,0,18,0,8,0,0,1,10,0,1,6,1,7,1997,2,8,3,1
201304FA13023,1,9,0,18,0,1,0,0,0,0,1,1,6,1,11,1339,1,2,8,1
201304FA13023,2,9,0,10,0,1,0,0,0,0,2,1,2,1,4,1390,1,11,4,1
201304FA13024,1,5,0,13,0,0,1,0,0,0,1,1,6,1,6,599,1,21,2,1
201304FA13024,2,9,0,9,0,0,0,0,0,0,2,1,6,1,6,1242,1,2,1,1
201304FA13025,1,21,1,18,0,6,0,0,7,10,1,1,1,1,7,12130,2,9,3,1
201304FA13025,2,19,0,18,0,8,0,0,7,10,4,1,6,1,10,1998,2,9,3,1
201304FA13026,1,9,0,9,0,6,0,0,0,0,1,1,1,1,6,1997,2,1,4,1
201304FA13026,2,9,0,18,0,8,0,0,0,0,3,1,6,2,8,1598,1,7,1,1
201304FA13027,1,9,0,9,0,8,0,0,0,0,3,1,2,1,6,1995,2,5,3,1
201304FA13027,2,1,0,18,0,8,5,0,0,0,1,1,6,1,8,-1,-1,-1,3,1
201304FA13029,1,8,0,18,0,0,0,0,0,0,3,1,2,1,8,1995,2,8,1,1
201304FA13029,2,9,0,7,0,0,0,0,0,0,4,1,6,1,6,1896,2,11,-1,-1
201304FA13030,1,9,0,18,0,8,1,0,0,0,1,1,6,1,7,1595,1,7,8,1
201304FA13030,2,9,0,3,0,8,0,0,0,0,2,1,6,2,9,1198,1,6,6,1
201304FA13030,3,9,0,3,0,8,0,0,0,0,2,1,6,2,5,1587,1,7,6,1
201304FA13030,4,19,0,3,0,8,0,0,0,0,2,1,6,1,7,1560,2,2,-1,-1
201304FA13031,1,9,0,5,0,6,0,0,0,0,1,1,6,1,11,998,1,11,3,1
201304FA13031,2,9,0,18,0,1,0,0,0,0,4,1,6,2,7,1896,2,12,4,1
201304FA13032,1,9,0,18,0,1,1,0,1,10,1,1,6,1,5,1910,2,6,1,1
201304FA13033,1,9,0,9,0,8,0,0,0,0,1,1,6,2,9,1461,2,6,8,1
201304FA13033,2,9,0,18,0,8,0,10,1,10,1,1,6,1,4,1300,2,9,1,1
201304FA13034,1,9,0,9,0,8,0,0,0,0,1,1,6,1,5,1560,2,1,1,1
201304FA13034,2,9,0,18,0,8,0,0,0,0,0,1,1,2,6,1968,2,5,-1,-1
201304FA13034,3,9,0,18,0,8,0,0,0,0,1,1,6,2,5,1596,1,3,5,1
201304FA13035,1,1,0,18,0,8,0,0,0,0,1,1,6,1,2,-1,-1,-1,3,1
201304FA13035,2,9,0,18,0,8,0,0,0,0,4,1,6,1,7,1686,2,1,1,1
201304FA13036,1,9,0,9,0,8,0,0,7,2,1,1,6,2,5,1199,1,10,3,1
201304FA13036,2,9,0,18,0,8,0,0,0,0,0,1,6,3,-1,-1,-1,-1,-1,-1
201304FA13037,1,19,0,7,0,2,0,0,0,0,3,1,6,1,6,2402,2,4,1,1
201304FA13037,2,9,0,18,0,2,0,0,0,0,3,1,6,1,6,1527,2,12,4,1
201304FA13039,1,8,0,18,0,8,0,0,1,10,4,1,1,1,8,2499,2,6,7,1
201304FA13039,2,9,0,18,0,8,0,0,0,0,1,1,6,1,7,1422,2,4,1,1
201304FA13040,1,9,0,9,0,8,0,0,0,0,1,1,6,2,8,1598,1,6,4,1
201304FA13040,2,21,0,18,0,8,0,0,0,0,0,1,6,3,-1,-1,-1,-1,-1,-1
201304FA13040,3,5,0,14,0,8,0,0,0,0,1,1,6,1,7,1043,1,-1,3,1
201304FA13041,1,9,0,18,0,8,0,0,0,0,1,1,2,1,10,1199,1,13,5,1
201304FA13041,2,9,0,3,0,8,0,0,0,0,2,1,6,2,8,1360,1,13,1,1
201304FA13042,1,9,0,7,0,3,0,0,0,0,1,1,6,2,7,1299,1,12,3,1
201304FA13042,2,9,0,4,0,1,0,0,0,0,1,1,1,1,7,1422,2,9,4,1
201304FA13043,1,9,0,18,0,0,0,11,0,0,1,1,6,1,6,1388,1,9,2,1
201304FA13044,1,9,0,7,0,8,0,0,0,0,3,1,6,2,10,1560,2,5,1,1
201304FA13044,2,11,0,18,0,8,0,0,0,0,1,1,1,1,8,9600,2,11,5,1
201304FA13045,1,9,0,18,0,0,0,0,0,0,1,1,6,2,11,1198,1,4,8,1
201304FA13045,2,9,0,2,0,0,0,0,0,0,2,1,6,2,8,2495,2,11,7,3
201304FA13046,1,9,0,18,0,0,0,0,0,0,4,1,6,3,-1,-1,-1,-1,-1,-1
201304FA13047,1,9,0,18,0,0,0,0,0,0,1,1,6,3,-1,-1,-1,-1,-1,-1
201304FA13048,1,9,0,3,0,2,0,0,0,0,4,1,6,1,8,1783,1,13,-1,-1
201304FA13048,2,9,0,4,0,1,0,0,0,0,1,1,6,1,5,999,1,14,2,1
201304FA13049,1,9,0,5,0,6,0,0,0,0,1,1,6,2,9,1396,1,12,2,1
201304FA13049,2,9,0,18,0,1,0,0,0,0,3,1,2,2,8,1839,1,10,-1,-1
201304FA13050,1,9,0,18,0,8,0,0,0,0,3,1,6,1,7,1686,2,2,4,1
201304FA13051,1,9,0,18,0,1,5,4,1,10,4,1,6,1,4,998,1,-1,2,1
201304FA13051,2,9,0,2,0,2,0,0,0,0,2,1,6,2,8,1296,1,6,1,1
201304FA13052,1,8,0,18,0,2,0,0,0,0,1,1,1,1,7,1995,2,7,2,1
201304FA13053,1,90,0,9,0,5,0,0,0,0,1,1,6,1,9,-1,-1,-1,5,1
201304FA13053,2,1,0,18,0,1,0,0,0,0,4,1,6,1,7,-1,-1,-1,-1,-1
201304FA13054,1,9,0,18,0,8,0,0,0,0,4,1,6,1,9,1968,2,5,7,1
201304FA13055,1,9,0,10,0,1,0,0,0,0,2,1,6,1,7,1199,1,14,1,1
201304FA13055,2,9,0,4,0,1,0,0,0,0,1,1,1,1,8,1560,2,2,9,1
201304FA13056,1,9,0,18,0,4,0,0,0,0,1,1,6,1,8,998,1,6,5,2
201304FA13056,2,9,0,18,0,4,0,0,0,0,2,1,6,2,7,1998,1,8,9,1
201304FA13058,1,1,0,5,0,8,0,0,0,0,1,1,6,1,2,-1,-1,-1,-1,-1
201304FA13058,2,9,0,18,0,8,0,0,0,0,3,1,6,1,6,1275,1,13,4,1
201304FA13059,1,3,0,5,0,2,0,0,0,0,3,1,6,1,4,100,1,10,1,1
201304FA13060,1,19,0,18,0,8,0,0,0,0,1,1,1,1,7,1598,2,-1,1,1
201304FA13060,2,9,0,2,0,8,0,0,0,0,2,1,6,2,6,1997,2,6,6,1
201304FA13060,3,9,0,10,0,1,0,0,0,0,4,1,6,2,6,1242,1,6,2,1
201304FA13061,1,9,0,9,0,1,0,0,0,0,1,1,6,2,5,1149,1,12,3,1
201304FA13061,2,1,0,18,0,1,0,0,0,0,3,1,6,1,4,-1,-1,-1,3,1
201304FA13062,1,9,0,4,9,1,0,0,0,0,1,1,6,3,-1,-1,-1,-1,-1,-1
201304FA13062,2,1,0,18,9,1,0,0,0,0,1,1,6,1,4,-1,-1,-1,1,1
201304FA13063,1,1,0,18,0,0,0,0,0,0,1,1,6,1,4,-1,-1,-1,2,1
201304FA13063,2,9,0,3,0,0,0,0,0,0,2,1,6,2,6,1995,2,9,-1,-1
201304FA13064,1,9,0,3,0,1,0,0,0,0,2,1,6,1,6,1149,1,9,1,1
201304FA13064,2,9,0,4,0,1,0,0,0,0,1,1,6,1,6,1769,1,11,1,1
201304FA13065,1,9,0,4,0,1,0,0,0,0,4,1,6,1,7,1998,2,2,-1,-1
201304FA13066,1,19,0,18,0,0,0,0,0,0,2,1,6,3,-1,-1,-1,-1,-1,-1
201304FA13067,1,3,0,7,0,3,1,0,0,0,0,1,6,1,6,49,1,11,1,1
201304FA13068,1,9,0,5,0,2,0,0,0,0,1,1,6,3,-1,-1,-1,-1,-1,-1
201304FA13069,1,9,0,1,0,1,0,0,0,0,2,1,6,1,11,1596,1,1,1,1
201304FA13069,2,9,0,10,0,1,0,0,0,0,1,1,6,2,6,1796,1,14,4,1
201304FA13071,1,9,0,18,0,1,0,0,0,0,1,1,6,3,-1,-1,-1,-1,-1,-1
201304FA13071,2,9,0,9,0,1,0,0,0,0,3,1,2,1,6,1124,1,12,3,1
201304FA13072,1,9,0,9,0,6,0,0,0,0,1,1,6,1,11,2231,2,-1,3,1
201304FA13072,2,3,0,18,0,8,0,0,0,0,1,1,2,1,4,124,1,3,3,1
201304FA13073,1,9,0,18,0,0,0,0,0,0,4,1,6,1,8,2987,2,7,1,1
201304FA13074,1,19,0,18,0,8,0,0,0,0,1,1,1,1,9,1686,2,10,4,1
201304FA13074,2,19,0,5,0,8,0,0,0,0,1,1,1,1,9,1995,2,1,8,1
201304FA13075,1,9,0,9,0,5,0,0,0,0,1,1,6,1,5,1995,2,10,3,1
201304FA13075,2,1,0,2,9,1,0,0,0,0,1,1,6,1,2,-1,-1,-1,3,1
201304FA13076,1,1,0,17,0,8,2,0,0,0,1,1,6,1,8,-1,-1,-1,4,1
201304FA13076,2,9,0,10,0,1,0,0,0,0,0,1,2,1,8,1242,1,1,2,1
201304FA13077,1,9,0,9,0,6,0,0,0,0,4,1,6,1,5,-1,-1,-1,1,1
201304FA13077,2,9,0,18,0,8,0,0,0,0,4,1,6,2,7,1461,2,5,4,1
201304FA13078,1,19,0,18,0,0,0,0,0,0,1,1,1,1,6,1998,2,11,1,1
201304FA13079,1,5,0,4,0,1,0,0,0,0,1,1,6,1,8,781,1,14,5,1
201304FA13079,2,8,0,5,0,5,0,0,0,0,3,1,6,2,9,1229,1,2,9,1
201304FA13080,1,8,0,1,0,0,0,0,0,0,2,1,1,1,7,1686,2,7,1,1
201304FA13081,1,1,0,18,0,8,0,0,0,0,1,1,6,1,7,-1,-1,-1,1,1
201304FA13082,1,9,0,4,0,1,0,0,0,0,1,1,6,1,5,1587,1,9,2,1
201304FA13082,2,1,0,18,9,1,0,0,0,0,1,1,6,1,5,-1,-1,-1,1,1
201304FA13083,1,9,0,18,0,0,0,0,0,0,4,1,6,2,4,1242,1,9,3,1
201304FA13084,1,9,0,18,0,1,0,0,0,0,1,1,6,2,6,1388,1,9,6,1
201304FA13084,2,3,0,4,0,1,0,0,0,0,2,1,1,1,5,124,1,9,3,1
201304FA13085,1,8,0,13,0,8,0,0,0,0,4,1,1,1,7,1997,7,6,2,1
201304FA13085,2,9,0,9,0,8,0,0,0,0,3,1,6,1,9,1753,2,9,2,1
201304FA13086,1,9,0,4,0,1,0,0,0,0,0,1,6,1,8,2696,2,8,9,1
201304FA13086,2,1,0,18,0,1,0,0,2,7,1,1,6,1,7,-1,-1,-1,8,1
201304FA13087,1,9,0,18,0,8,0,0,7,0,1,1,6,1,11,1124,1,8,8,1
201304FA13087,2,9,0,2,0,8,0,0,1,0,2,1,6,2,10,998,1,10,8,1
201304FA13088,1,9,0,9,0,8,0,0,0,0,3,1,6,2,8,1242,1,7,1,1
201304FA13088,2,9,0,18,0,8,0,0,0,0,3,1,6,2,6,1390,1,3,6,1
201304FA13089,1,9,0,18,0,0,0,0,0,0,0,1,6,1,9,2099,1,10,-1,-1
201304FA13090,1,9,0,9,0,1,0,0,0,0,3,1,6,1,7,1997,1,13,1,1
201304FA13090,2,3,0,18,0,1,0,0,0,0,3,1,6,1,4,-1,-1,-1,4,1
201304FA13091,1,9,0,18,0,1,0,0,0,0,1,1,6,1,10,1461,2,2,1,1
201304FA13091,2,9,0,2,0,2,0,0,0,0,3,1,6,3,-1,1590,1,12,-1,-1
201304FA13091,3,9,0,2,0,1,0,0,0,0,1,1,6,3,-1,1896,2,13,-1,-1
201304FA13092,1,9,0,16,0,0,0,0,0,0,1,1,6,1,11,1198,1,5,8,1
201304FA13092,2,9,0,17,0,0,0,0,1,0,2,1,6,1,7,1299,1,11,2,1
201304FA13093,1,9,0,9,0,8,0,0,0,0,3,1,6,1,8,2987,2,3,9,1
201304FA13093,2,5,0,18,0,8,0,0,0,0,1,1,2,1,8,953,1,8,1,1
201304FA13094,1,9,0,18,0,8,0,0,0,0,1,1,3,2,7,1995,2,9,4,1
201304FA13094,2,9,0,10,0,8,0,0,0,0,2,1,2,2,9,1229,1,1,1,1
201304FA13094,3,9,0,18,0,8,0,0,0,0,1,1,2,1,9,1598,1,3,6,1
201304FA13095,1,9,0,3,0,4,0,0,0,0,1,1,6,2,6,1753,2,12,3,1
201304FA13095,2,9,0,5,0,4,0,0,0,0,2,1,6,1,6,1396,1,12,8,1
201304FA13096,1,9,0,9,0,6,0,0,0,0,1,1,6,1,8,1587,1,11,1,1
201304FA13097,1,9,0,7,0,6,0,0,0,0,1,1,6,3,-1,-1,-1,-1,-1,-1
201304FA13097,2,9,0,18,0,1,1,0,0,0,1,1,6,2,5,1198,1,10,1,1
201304FA13098,1,9,0,18,0,1,0,0,0,0,1,1,6,1,11,1905,1,21,5,1
201304FA13098,2,9,0,2,0,1,0,0,1,0,2,1,6,3,-1,1229,1,1,-1,-1
201304FA13099,1,4,0,18,0,0,0,0,0,0,1,1,6,1,4,250,1,3,-1,-1
201304FA13100,1,9,0,18,0,8,0,10,1,10,1,1,6,1,5,1199,1,11,3,1
201304FA13100,2,9,0,18,0,8,0,0,0,0,1,1,6,1,9,1796,1,10,2,1
201304FA13101,1,9,0,9,0,8,0,0,0,0,1,1,6,1,8,1598,1,16,3,1
201304FA13101,2,3,0,18,0,8,5,0,1,0,1,1,1,1,6,-1,-1,-1,-1,-1
201304FA13101,3,8,0,10,0,8,0,0,0,0,1,1,1,1,7,1997,2,4,8,1
201304FA13102,1,90,0,4,0,1,0,0,0,0,1,1,6,1,6,-1,-1,-1,7,3
201304FA13102,2,9,0,3,0,1,0,0,0,0,2,1,6,1,5,1587,1,9,1,1
201304FA13103,1,9,0,18,0,1,0,0,0,0,3,1,6,2,7,1799,1,7,7,1
201304FA13104,1,9,0,16,0,0,2,0,8,10,4,1,6,1,5,1124,1,9,3,1
201304FA13105,1,9,0,18,0,8,0,0,0,0,4,1,6,1,-1,-1,-1,-1,-1,-1
201304FA13106,1,9,0,18,0,0,2,0,1,10,1,1,6,1,3,1061,1,9,3,1
201304FA13107,1,1,0,4,4,3,0,0,0,0,1,1,1,1,8,-1,-1,-1,8,3
201304FA13107,2,9,0,7,4,3,0,0,0,0,4,1,1,2,9,1200,1,1,8,1
201304FA13108,1,9,0,18,0,1,1,0,0,0,1,1,6,2,7,2494,2,10,2,1
201304FA13108,2,9,0,10,0,1,0,0,0,0,2,1,6,2,5,1995,1,4,8,1
201304FA13108,3,9,0,18,0,1,0,0,0,0,1,1,6,2,6,1399,2,6,3,1
201304FA13109,1,8,0,1,8,6,0,0,0,0,0,1,1,1,8,1896,2,6,-1,-1
201304FA13109,2,9,0,9,0,3,0,0,0,0,1,1,6,2,8,1598,1,8,-1,-1
201304FA13110,1,19,0,16,0,8,0,0,0,0,1,1,1,1,6,2298,2,2,-1,-1
201304FA13110,2,9,0,17,0,8,0,0,0,0,1,1,6,2,6,1198,1,2,5,1
201304FA13111,1,9,0,4,0,1,1,0,0,0,1,1,6,1,5,1497,1,9,1,1
201304FA13111,2,9,0,18,0,8,2,0,0,0,4,1,6,1,9,1796,1,13,-1,-1
201304FA13112,1,9,0,5,0,0,0,0,0,0,3,1,2,1,6,1951,2,10,6,1
201304FA13112,2,3,0,18,0,0,0,0,0,0,4,1,2,2,8,124,1,-1,1,1
201304FA13113,1,9,0,18,0,1,0,0,0,0,1,1,2,2,9,1149,1,9,7,1
201304FA13113,2,9,0,9,0,1,0,0,0,0,2,1,1,3,7,1390,1,12,-1,-1
201304FA13114,1,19,0,18,0,1,1,0,0,0,1,1,1,1,5,1870,2,9,1,1
201304FA13114,2,9,0,3,0,1,0,0,0,0,2,1,6,2,9,998,1,1,3,1
201304FA13114,3,9,0,10,0,1,0,0,0,0,2,1,6,2,6,998,1,5,1,1
201304FA13115,1,9,0,18,0,6,0,0,0,0,3,1,6,1,6,-1,-1,-1,1,1
201304FA13115,2,9,0,18,0,8,0,0,0,0,1,1,6,1,8,1598,1,16,3,1
201304FA13116,1,11,0,4,3,0,0,0,0,0,0,1,1,1,9,6700,2,5,5,1
201304FA13117,1,9,0,3,0,0,0,0,0,0,2,1,6,1,6,1360,1,12,10,1
201304FA13117,2,9,0,3,0,0,0,0,0,0,0,1,6,2,5,1199,1,9,1,1
201304FA13118,1,9,0,18,0,8,1,0,0,0,4,1,1,1,6,-1,-1,-1,3,1
201304FA13118,2,9,0,18,0,8,0,0,1,2,3,1,6,2,6,2497,2,9,1,1
201304FA13119,1,8,0,18,0,0,0,0,0,0,1,1,1,1,7,1598,2,2,8,1
201304FA13119,2,9,0,9,0,0,0,0,0,0,3,1,3,2,7,1997,1,-1,7,1
201304FA13120,1,9,0,18,0,0,0,0,0,0,1,1,6,3,-1,-1,-1,-1,-1,-1
201304FA13121,1,9,0,18,0,0,0,0,0,0,1,1,6,1,10,1995,2,5,5,3
201304FA13121,2,21,0,2,0,0,0,0,1,0,2,1,6,3,-1,3920,2,7,-1,-1
201304FA13122,1,9,0,18,0,1,0,0,0,0,1,1,6,3,-1,1149,1,12,-1,-1
201304FA13122,2,9,0,3,0,1,0,0,0,0,1,1,6,2,6,998,1,5,7,2
201304FA13123,1,9,0,5,0,1,0,0,0,0,2,1,1,3,-1,-1,-1,-1,-1,-1
201304FA13124,1,9,0,16,0,3,0,10,0,0,1,1,6,1,5,2500,2,24,8,3
201304FA13124,2,9,0,3,0,1,0,0,0,0,3,1,6,2,8,1781,1,16,9,3
201304FA13124,3,9,0,3,0,1,0,0,0,0,1,1,6,2,8,1386,1,7,8,1
201304FA13124,4,9,0,3,0,1,0,0,0,0,1,1,6,1,9,1396,1,9,4,1
201304FA13125,1,9,0,9,0,8,0,0,0,0,0,1,6,1,6,1896,2,10,1,1
201304FA13125,2,2,0,18,0,8,0,0,0,0,3,1,2,1,4,49,1,4,4,1
201304FA13126,1,8,0,5,0,1,0,0,0,0,1,1,1,1,7,1910,2,7,1,1
201304FA13126,2,1,0,18,0,1,0,0,0,0,1,1,2,1,6,-1,-1,-1,3,1
201304FA13127,1,1,0,18,0,1,0,0,0,0,1,1,2,1,8,-1,-1,-1,2,1
201304FA13127,2,8,0,9,0,6,0,0,0,0,4,1,1,1,7,1896,2,6,2,1
201304FA13128,1,9,0,17,0,1,1,0,0,0,1,1,6,1,8,1339,1,5,6,2
201304FA13128,2,9,0,16,0,2,0,0,0,0,1,1,6,2,5,1229,1,4,2,1
201304FA13129,1,9,0,6,0,8,0,0,0,0,2,1,6,1,10,1242,1,2,-1,-1
201304FA13129,2,3,0,18,0,8,0,0,0,0,1,1,6,1,4,124,1,-1,1,1
201304FA13130,1,9,0,18,0,0,0,0,0,0,1,1,6,1,10,1388,1,3,5,1
201304FA13130,2,9,0,4,0,0,0,0,0,0,2,1,2,1,6,1799,1,4,8,2
201304FA13131,1,3,0,18,0,5,0,10,1,10,1,1,6,1,5,124,1,3,-1,-1
201304FA13132,1,9,0,9,0,5,0,0,1,2,1,1,6,2,7,1149,1,7,3,1
201304FA13133,1,9,0,13,0,1,0,4,7,10,1,1,6,1,7,1598,1,15,1,1
201304FA13133,2,9,0,9,0,1,0,0,0,0,0,1,6,1,8,1905,2,14,3,1
201304FA13134,1,9,0,18,0,0,1,0,0,0,1,1,6,1,7,1590,1,16,1,1
201304FA13134,2,9,0,18,0,0,1,0,2,0,1,1,6,2,4,998,1,6,8,1
201304FA13135,1,9,0,18,0,4,0,0,0,0,0,1,6,1,5,1461,2,7,-1,-1
201304FA13135,2,9,0,18,0,4,0,0,0,0,0,1,6,1,5,1598,1,1,1,1
201304FA13136,1,9,0,9,0,6,0,0,0,0,0,1,6,1,9,1587,1,10,1,1
201304FA13136,2,5,0,18,0,8,1,0,0,0,4,1,2,1,7,750,1,25,3,1
201304FA13137,1,9,0,7,0,8,0,0,0,0,2,1,2,2,5,1598,1,7,4,1
201304FA13137,2,11,0,18,3,8,0,0,0,0,1,1,1,1,8,7300,2,4,6,1
201304FA13138,1,9,0,9,0,8,0,0,0,0,0,1,6,1,7,1896,2,8,2,1
201304FA13139,1,8,0,1,0,1,0,0,0,0,2,1,6,1,5,2402,2,8,1,1
201304FA13140,1,9,0,16,0,0,0,0,0,0,4,1,6,3,-1,2987,2,6,-1,-1
201304FA13140,2,8,0,18,0,0,0,0,0,0,1,1,1,1,7,1896,2,6,9,1
201304FA13141,1,9,0,2,0,0,0,0,0,0,0,1,6,1,10,3222,2,10,5,1
201304FA13142,1,9,0,18,0,0,0,0,0,0,0,1,6,3,-1,-1,-1,-1,-1,-1
201304FB13001,1,9,0,9,0,8,0,0,0,0,1,1,3,2,7,1796,1,14,4,3
201304FB13002,1,9,0,10,0,8,0,0,2,1,1,1,1,2,7,2000,2,8,-1,-1
201304FB13002,2,9,0,18,0,8,0,0,1,0,1,1,1,1,8,1988,1,9,3,1
201304FB13002,3,5,0,10,0,6,0,0,0,0,0,1,1,1,5,675,1,1,9,3
201304FB13003,1,8,0,18,0,0,0,0,0,0,1,1,1,1,6,1896,2,7,1,1
201304FB13003,2,8,0,2,0,0,0,0,0,0,2,1,1,1,7,1995,2,2,1,1
201304FB13004,1,9,0,18,0,0,0,0,0,0,1,1,6,2,6,1124,1,13,7,1
201304FB13005,1,9,0,18,0,0,0,0,0,0,1,1,6,1,5,1596,1,10,8,1
201304FB13006,1,9,0,6,8,0,0,0,0,0,3,1,6,1,11,1590,1,14,9,1
201304FB13006,2,9,0,18,0,0,0,0,0,0,1,1,6,2,5,1124,1,9,7,1
201304FB13007,1,9,0,7,0,5,0,0,0,0,1,1,6,1,7,1248,2,3,-1,-1
201304FB13007,2,9,0,7,0,5,0,0,0,0,2,1,1,1,5,1956,2,4,4,1
201304FB13008,1,9,0,4,0,1,0,0,0,0,3,1,6,1,11,1248,2,2,5,1
201304FB13009,1,9,0,18,0,2,0,0,0,0,1,1,2,1,8,-1,-1,-1,3,1
201304FB13009,2,3,0,18,0,8,0,0,0,0,1,1,2,1,7,124,1,12,3,1
201304FB13010,1,9,0,18,0,2,5,0,7,4,1,1,6,1,7,1598,1,2,-1,-1
201304FB13011,1,9,0,4,0,1,0,0,1,10,2,1,6,2,10,973,1,11,3,1
201304FB13011,2,9,0,18,0,1,0,0,0,0,1,1,6,1,6,1299,1,11,8,1
201304FB13012,1,9,0,9,0,8,0,0,0,0,1,1,6,2,8,1527,2,15,2,1
201304FB13012,2,9,0,18,0,8,0,0,0,0,1,1,6,2,6,1242,1,9,3,1
201304FB13013,1,9,0,16,0,8,1,0,1,10,1,1,6,1,7,1598,1,11,3,1
201304FB13013,2,9,0,17,0,8,0,0,0,0,0,1,6,3,-1,-1,-1,-1,-1,-1