Accident_Index,Vehicle_Reference,Vehicle_Type,Towing_and_Articulation,Vehicle_Manoeuvre,Vehicle_Location-Restricted_Lane,Junction_Location,Skidding_and_Overturning,Hit_Object_in_Carriageway,Vehicle_Leaving_Carriageway,Hit_Object_off_Carriageway,1st_Point_of_Impact,Was_Vehicle_Left_Hand_Drive?,Journey_Purpose_of_Driver,Sex_of_Driver,Age_Band_of_Driver,Engine_Capacity_(CC),Propulsion_Code,Age_of_Vehicle,Driver_IMD_Decile,Driver_Home_Area_Type
201304FB13014,1,9,0,18,0,0,0,0,0,1,1,1,1,1,5,973,1,11,6,3
201304FB13014,2,9,0,3,0,0,0,0,0,0,2,1,6,2,6,1242,1,4,7,2
201304FB13015,1,9,0,18,0,1,0,0,0,0,4,1,2,2,7,2231,2,6,8,1
201304FB13016,1,9,0,18,0,1,0,0,0,0,1,1,2,1,5,1390,1,2,4,2
201304FB13016,2,9,0,3,0,1,0,0,0,0,2,1,2,2,6,998,1,8,4,2
201304FB13016,3,9,0,3,0,1,0,0,0,0,2,1,2,2,6,1388,1,9,7,2
201304FB13017,1,9,0,5,0,2,0,0,0,0,3,1,6,1,4,1242,1,11,-1,-1
201304FB13017,2,9,0,14,0,8,0,0,0,0,4,1,6,1,8,1598,1,14,3,2
201304FB13018,1,9,0,18,0,0,0,0,0,0,1,1,6,2,8,1560,2,2,3,1
201304FB13018,2,9,0,3,0,0,0,0,0,0,2,1,2,2,8,1600,2,4,8,1
201304FB13019,1,1,0,18,0,1,0,0,0,0,4,1,6,1,2,-1,-1,-1,1,1
201304FB13019,2,9,0,18,0,1,0,0,0,0,1,1,6,2,7,1587,1,7,1,1
201304FB13020,1,19,0,4,0,1,0,0,0,0,1,1,6,1,8,1870,2,9,1,1
201304FB13020,2,9,0,4,0,1,0,0,0,0,2,1,6,1,11,1596,1,11,3,1
201304FB13021,1,5,0,18,0,1,0,0,0,0,1,1,6,1,7,749,1,19,1,1
201304FB13021,2,9,0,9,0,8,0,0,0,0,3,1,6,2,5,1242,1,4,3,1
201304FB13022,1,9,0,18,0,1,0,0,0,0,1,1,6,3,-1,-1,-1,-1,-1,-1
201304FB13022,2,9,0,2,0,2,0,0,0,0,4,1,6,2,6,1560,2,1,3,1
201304FB13023,1,2,0,5,0,0,0,0,0,0,4,1,6,1,4,49,1,1,4,3
201304FB13025,1,9,0,7,0,3,0,0,0,0,4,1,1,1,9,-1,-1,-1,-1,-1
201304FB13025,2,1,0,18,0,8,0,0,0,0,3,1,2,1,8,-1,-1,-1,8,1
201304FB13026,1,9,0,18,0,0,0,0,0,0,1,1,6,3,-1,-1,-1,-1,-1,-1
201304FB13026,2,1,0,18,0,0,0,0,0,0,2,1,6,1,3,-1,-1,-1,3,1
201304FB13027,1,9,0,18,0,2,0,0,0,0,1,1,6,2,11,973,1,10,3,1
201304FB13028,1,9,0,18,0,1,0,0,0,0,1,1,2,1,4,1298,1,15,4,1
201304FB13028,2,9,0,9,0,1,0,0,0,0,2,1,2,1,5,998,1,9,2,1
201304FB13029,1,9,0,9,0,8,0,0,0,0,1,1,6,1,4,1390,1,2,10,2
201304FB13029,2,9,0,18,0,8,0,0,0,0,1,1,6,1,8,1332,1,5,2,1
201304FB13030,1,9,0,9,0,1,0,0,0,0,4,1,6,2,10,1991,2,2,3,1
201304FB13030,2,1,0,18,0,1,0,0,0,0,3,1,6,1,6,-1,-1,-1,1,1
201304FB13031,1,9,0,9,0,6,0,0,0,0,1,1,6,1,8,1997,2,10,2,1
201304FB13031,2,5,0,18,0,8,0,0,8,10,4,1,6,1,5,599,1,6,3,1
201304FB13031,3,9,0,2,0,1,0,0,0,0,3,1,6,3,-1,1910,2,7,-1,-1
201304FB13032,1,9,0,1,0,0,0,0,0,0,2,1,6,1,8,-1,-1,-1,2,1
201304FB13032,2,9,0,3,0,0,0,0,0,0,1,1,6,2,6,998,1,3,2,1
201304FB13033,1,9,0,9,0,8,0,0,7,2,4,1,6,2,9,1389,1,17,2,1
201304FB13033,2,9,0,18,0,8,0,0,0,0,1,1,6,1,7,1905,2,14,3,1
201304FB13034,1,9,0,18,0,1,1,0,1,0,1,1,2,2,5,998,1,13,2,1
201304FB13034,2,9,0,3,0,1,0,0,0,0,2,1,6,2,6,1900,2,7,8,1
201304FB13035,1,19,0,1,0,6,0,0,0,0,2,1,1,1,7,2148,2,7,4,3
201304FB13035,2,9,0,18,0,8,0,0,0,0,4,1,6,1,10,-1,-1,-1,9,1
201304FB13036,1,9,0,9,0,8,0,0,0,0,1,1,2,1,6,1998,1,11,4,1
201304FB13036,2,9,0,18,0,8,0,0,0,0,1,1,2,1,5,1396,1,15,3,1
201304FB13036,3,11,0,2,0,8,0,0,0,0,1,1,1,1,8,7300,2,4,1,1
201304FB13037,1,9,0,18,0,0,0,0,0,0,3,1,1,2,6,1248,2,6,1,1
201304FB13038,1,11,0,2,0,0,0,0,0,0,0,1,1,1,7,7300,2,4,2,1
201304FB13039,1,21,0,11,0,3,0,0,0,0,4,1,1,1,9,-1,2,9,6,3
201304FB13039,2,9,0,18,0,3,0,0,0,0,3,1,6,2,9,1598,1,4,8,1
201304FB13040,1,9,0,9,0,6,0,0,0,0,3,1,6,2,5,1248,2,7,8,1
201304FB13040,2,1,0,18,0,8,0,0,0,0,1,1,6,1,11,-1,-1,-1,1,1
201304FB13041,1,9,0,4,0,1,0,0,0,0,1,1,6,1,9,1598,2,3,8,3
201304FB13041,2,9,0,3,0,1,0,0,0,0,2,1,6,1,7,1560,2,1,3,2
201304FB13042,1,9,0,9,0,8,0,0,3,0,3,1,6,1,8,1700,2,15,1,1
201304FB13042,2,9,0,18,0,1,0,0,0,0,1,1,6,1,8,1896,2,12,8,1
201304FB13043,1,9,0,18,0,6,0,0,0,0,1,1,6,3,-1,-1,-1,-1,-1,-1
201304FB13044,1,9,0,7,0,8,0,0,0,0,1,1,6,1,6,1360,1,2,7,3
201304FB13044,2,9,0,3,0,1,0,0,0,0,0,1,6,1,9,1596,1,11,1,1
201304FB13045,1,1,0,18,0,8,0,0,0,0,1,1,6,1,3,-1,-1,-1,5,1
201304FB13045,2,9,0,18,0,8,0,0,0,0,1,1,2,1,8,3222,2,10,1,1
201304FB13046,1,9,0,9,0,0,0,0,0,0,1,1,6,1,8,1587,1,8,-1,-1
201304FB13046,2,1,0,13,0,0,0,0,0,0,3,1,6,1,7,-1,-1,-1,-1,-1
201304FB13047,1,9,0,16,0,1,1,0,1,4,1,1,6,1,4,1124,1,10,3,1
201304FB13048,1,19,0,7,0,8,0,0,0,0,0,1,1,1,8,2148,2,5,2,1
201304FB13049,1,9,0,18,0,0,0,0,0,0,1,1,6,1,11,1396,1,9,9,2
201304FB13049,2,9,0,18,0,0,0,0,0,0,2,1,6,1,9,1797,8,3,-1,-1
201304FB13049,3,9,0,18,0,0,0,0,0,0,2,1,6,2,11,1984,1,-1,10,2
201304FB13050,1,9,0,18,0,0,0,0,0,0,0,1,1,1,7,1896,2,5,2,1
201304FB13051,1,3,0,18,0,2,0,0,0,0,0,1,6,1,8,124,1,5,8,1
201304FB13052,1,9,0,6,0,6,0,0,0,0,4,1,1,1,7,2987,2,6,1,1
201304FB13052,2,9,0,18,0,1,0,0,0,0,1,1,1,1,6,-1,-1,-1,8,1
201304FB13053,1,9,0,18,0,8,0,0,0,0,0,1,6,1,7,1997,2,10,-1,-1
201304FB13054,1,9,0,16,0,7,0,0,8,1,1,1,6,1,10,1753,2,9,2,1
201304FB13055,1,9,0,16,0,0,0,0,1,4,1,1,6,1,4,1229,1,6,8,1
201304FB13056,1,90,0,3,0,0,0,0,0,0,1,1,2,3,-1,-1,-1,-1,-1,-1
201304FB13057,1,9,0,13,0,0,0,0,0,0,1,1,2,2,8,1995,2,-1,10,3
201304FB13057,2,19,0,13,0,0,0,0,0,0,2,1,1,1,8,2143,2,2,6,1
201304FB13057,3,20,1,18,0,0,0,0,0,0,0,1,1,3,-1,-1,-1,-1,-1,-1
201304FE13001,1,9,0,18,0,0,0,0,0,0,2,1,6,1,6,1910,2,7,2,1
201304FE13001,2,9,0,18,0,0,0,0,0,0,1,1,6,2,6,3059,2,15,6,3
201304FE13002,1,9,0,18,0,0,0,0,0,0,0,1,1,1,-1,-1,-1,-1,-1,-1
201304FE13003,1,19,0,18,0,0,1,0,0,0,1,1,1,1,8,1686,2,2,-1,1
201304FE13004,1,90,0,3,0,0,0,0,0,0,2,1,2,1,7,-1,-1,-1,4,2
201304FE13004,2,19,0,3,0,0,0,0,0,0,1,1,1,1,6,1753,2,10,-1,-1
201304FE13005,1,8,0,18,0,1,0,0,0,0,1,1,6,1,7,1896,2,8,1,1
201304FE13005,2,9,0,4,0,1,0,0,0,0,2,1,6,2,6,1461,2,1,6,1
201304FE13006,1,9,0,18,0,1,0,0,0,0,1,1,6,1,7,-1,-1,-1,2,1
201304FE13006,2,9,0,2,0,1,0,0,0,0,2,1,6,3,9,2179,2,5,-1,-1
201304FE13007,1,9,0,5,0,8,0,0,8,10,1,1,6,2,11,1086,1,6,6,1
201304FE13007,2,9,0,2,0,8,0,0,0,0,2,1,6,3,-1,2494,2,2,-1,-1
201304FE13007,3,9,0,18,0,8,0,0,0,0,4,1,1,2,9,-1,-1,-1,3,1
201304FE13007,4,9,0,2,0,8,0,0,0,0,1,1,6,3,-1,1997,2,10,-1,-1
201304FE13008,1,9,0,4,0,2,0,0,0,0,1,1,6,1,9,1997,2,13,1,1
201304FE13009,1,9,0,18,0,0,1,0,7,10,1,1,2,2,9,1198,1,11,4,2
201304FE13010,1,9,0,18,0,8,0,0,0,0,1,1,6,1,5,1598,1,4,7,3
201304FE13011,1,9,0,18,0,0,1,0,2,10,4,1,2,1,7,1896,2,4,3,1
201304FE13012,1,9,0,9,0,0,0,0,0,0,0,1,6,2,6,1360,1,4,6,2
201304FE13013,1,9,0,9,0,5,0,0,0,0,1,1,2,2,5,1598,1,5,1,1
201304FE13013,2,1,0,18,0,8,5,0,1,0,3,1,6,1,6,-1,-1,-1,7,1
201304FE13014,1,9,0,4,0,0,0,0,0,0,2,1,1,1,4,973,1,10,2,1
201304FE13014,2,9,0,3,0,0,0,0,0,0,0,1,6,2,5,-1,-1,-1,8,1
201304FE13015,1,9,0,6,0,0,0,0,0,0,1,1,1,1,7,1956,2,3,10,2
201304FE13015,2,9,0,18,0,0,0,0,0,0,4,1,6,2,8,1988,1,15,3,1
201304FE13016,1,9,0,16,0,0,5,0,2,2,1,1,6,2,7,899,1,13,5,1
201304FE13017,1,9,0,9,0,8,0,0,0,0,1,1,6,2,11,1296,1,6,-1,-1
201304FE13017,2,3,0,18,0,8,0,0,0,0,1,1,2,1,4,125,1,3,4,1
201304FE13018,1,9,0,9,0,6,0,0,0,0,3,1,1,1,6,1905,2,15,-1,-1
201304FE13018,2,3,0,18,0,8,0,0,0,0,1,1,1,1,5,125,1,1,2,1
201304FE13019,1,9,0,18,0,2,0,0,0,0,1,1,6,2,6,1149,1,14,7,3
201304FE13020,1,11,0,8,0,1,0,0,0,0,1,1,1,1,8,4250,2,5,1,1
201304FE13020,2,3,0,8,0,1,0,0,0,0,2,1,6,1,7,124,1,6,1,1
201304FE13021,1,8,0,18,0,0,0,0,0,0,0,1,1,1,6,2664,2,13,1,1
201304FE13022,1,9,0,9,0,8,0,0,0,0,4,1,2,1,5,1248,1,1,8,1
201304FE13022,2,1,0,18,0,8,0,0,0,0,1,1,2,1,8,-1,-1,-1,8,1
201304FE13023,1,9,0,18,0,1,0,0,0,0,1,1,6,1,11,1298,1,11,9,1
201304FE13023,2,9,0,4,0,1,0,0,0,0,2,1,6,1,6,1910,2,11,-1,-1
201304FE13024,1,9,0,18,0,1,0,0,0,0,1,1,6,1,4,1388,1,7,6,1
201304FE13025,1,11,0,5,0,2,0,0,0,0,0,1,1,1,-1,-1,-1,-1,1,1
201304FE13026,1,19,0,18,0,2,0,0,0,0,1,1,6,1,6,2496,2,14,2,1
201304FE13026,2,9,0,3,0,2,0,0,0,0,2,1,6,2,6,1399,2,6,1,1
201304FE13026,3,9,0,3,0,2,0,0,0,0,2,1,6,1,9,1248,1,-1,-1,-1
201304FE13027,1,9,0,18,0,3,1,4,0,0,4,1,6,1,5,-1,-1,-1,6,1
201304FE13027,2,9,0,2,0,1,0,0,0,0,3,1,6,1,11,-1,-1,-1,3,1
201304FE13028,1,9,0,1,0,8,0,0,0,0,2,1,2,1,5,1390,1,12,6,3
201304FE13029,1,9,0,7,0,1,0,0,0,0,4,1,6,2,8,1598,1,2,-1,-1
201304FE13029,2,19,0,7,0,1,0,0,0,0,0,1,6,1,8,9364,2,10,2,1
201304FE13030,1,9,0,5,0,4,0,0,0,0,1,1,6,1,7,1596,1,6,-1,-1
201304FE13030,2,9,0,3,0,4,0,0,0,0,2,1,6,2,7,1399,2,4,-1,-1
201304FE13031,1,9,0,5,0,8,0,0,0,0,1,1,6,2,4,1299,1,12,3,1
201304FE13031,2,9,0,18,0,8,0,0,0,0,1,1,6,2,10,1242,1,9,5,1
201304FE13032,1,9,0,5,0,0,0,0,0,0,1,1,6,1,11,1896,2,9,7,1
201304FE13032,2,9,0,18,0,0,0,0,7,5,1,1,6,1,5,1968,2,5,1,1
201304FE13033,1,9,0,3,0,1,0,0,0,0,2,1,6,2,4,1299,1,11,7,1
201304FE13033,2,9,0,3,0,1,0,0,0,0,1,1,6,2,6,1997,2,1,4,2
201304FE13034,1,9,0,18,0,6,1,0,7,4,3,1,6,1,11,998,1,6,3,1
201304FE13034,2,21,0,18,0,1,1,0,0,0,1,1,1,1,6,12419,2,1,3,1
201304FE13035,1,9,0,5,0,0,0,0,0,0,3,1,2,1,8,1800,1,13,3,1
201304FE13035,2,9,0,14,0,0,1,0,7,10,4,1,2,1,5,1242,1,1,5,1
201304FE13036,1,9,0,13,0,1,0,0,0,0,4,1,6,2,10,1389,1,9,6,1
201304FE13036,2,1,0,18,0,1,0,0,0,0,3,1,6,1,8,-1,-1,-1,5,1
201304FE13037,1,9,0,18,0,0,0,0,0,0,1,1,6,1,6,1995,2,4,8,1
201304FE13037,2,9,0,18,0,0,0,0,0,0,1,1,6,2,8,1598,1,7,4,1
201304FE13038,1,1,0,18,0,0,5,0,0,0,3,1,6,1,6,-1,-1,-1,-1,-1
201304FE13038,2,9,0,4,0,0,2,0,0,0,3,1,6,2,4,1598,1,1,8,2
201304FE13039,1,9,0,18,0,2,0,0,0,0,1,1,6,1,6,1360,1,3,2,1
201304FE13040,1,9,0,18,0,0,0,0,0,0,3,1,6,2,6,1560,2,-1,1,1
201304FE13041,1,1,0,18,0,1,0,0,0,0,1,1,6,1,5,-1,-1,-1,1,1
201304FE13041,2,9,0,18,0,1,0,0,0,0,4,1,6,1,9,1328,1,9,3,1
201304FE13042,1,9,0,17,0,0,0,0,1,10,4,1,6,2,4,1124,1,8,9,1
201304FE13043,1,9,0,9,0,6,0,0,0,0,3,1,6,1,5,1299,1,10,4,1
201304FE13043,2,9,0,18,0,8,0,0,0,0,1,1,6,1,5,1968,2,1,2,1
201304FE13044,1,9,0,16,0,0,2,7,7,10,1,1,6,2,6,1598,1,7,-1,-1
201304FE13044,2,9,0,2,0,0,0,0,0,0,1,1,6,1,6,1984,1,12,8,2
201304FE13045,1,9,0,18,0,0,0,0,0,0,3,1,6,2,6,1590,1,8,6,2
201304FE13046,1,9,0,18,0,0,0,0,0,10,1,1,6,2,4,998,1,1,8,1
201304FE13047,1,9,0,18,0,0,0,4,0,0,4,1,6,2,8,1560,2,1,5,1
201304FE13047,2,9,0,2,0,0,0,0,0,0,3,1,6,1,8,2967,2,2,-1,-1
201304FE13047,3,9,0,2,0,0,0,0,0,0,3,1,6,3,10,1995,2,5,-1,-1
201304FE13048,1,9,0,9,0,5,0,0,0,0,1,1,6,1,9,1956,2,1,8,3
201304FE13048,2,4,0,18,0,8,5,0,0,0,3,1,6,1,7,234,1,19,-1,-1
201304FE13049,1,9,0,18,0,0,0,0,0,10,3,1,6,1,8,1998,1,14,8,1
201304FE13049,2,9,0,18,0,0,0,0,0,0,1,1,1,1,9,1910,2,7,1,1
201304FE13050,1,9,0,5,0,4,0,0,0,0,3,1,6,1,7,1364,1,5,5,1
201304FE13050,2,1,0,18,0,8,0,0,0,0,4,1,2,1,5,-1,-1,-1,1,1
201304FE13051,1,9,0,5,0,2,0,0,0,0,4,1,6,2,4,1360,1,5,-1,-1
201304FE13052,1,9,0,18,0,0,0,0,0,0,1,1,6,1,7,1248,2,9,1,1
201304FE13053,1,9,0,18,0,5,0,0,0,0,1,1,6,3,-1,-1,-1,-1,-1,-1
201304FE13054,1,9,0,18,0,1,0,0,0,0,3,1,1,1,7,1998,2,6,1,1
201304FE13055,1,9,0,7,0,6,0,0,0,0,1,1,6,1,11,1997,1,10,6,3
201304FE13055,2,9,0,9,0,5,0,0,0,0,1,1,6,1,6,2720,2,8,4,2
201304FE13056,1,9,0,9,0,6,0,0,0,0,1,1,6,1,6,1679,1,13,3,1
201304FE13056,2,9,0,18,0,8,0,0,0,0,4,1,6,1,9,998,1,5,6,3
201304FG13001,1,9,0,18,0,8,0,0,0,0,1,1,6,1,6,1587,1,11,1,1
201304FG13002,1,8,0,18,0,8,0,10,1,10,1,1,1,1,6,1896,2,8,1,1
201304FG13002,2,9,0,9,0,8,0,0,0,0,1,1,6,1,8,1199,1,12,5,1
201304FG13003,1,21,1,18,0,8,5,0,1,2,4,1,1,1,9,-1,-1,-1,7,1
201304FG13004,1,9,0,9,0,1,0,0,0,0,0,1,3,1,6,1994,2,10,-1,-1
201304FG13005,1,9,0,18,0,0,0,7,0,0,1,1,6,1,7,1596,1,12,1,1
201304FG13006,1,9,0,7,0,6,0,0,0,0,1,1,6,2,10,1399,1,2,3,1
201304FG13006,2,9,0,18,0,8,0,0,0,0,4,1,6,1,11,1497,1,10,3,1
201304FG13007,1,9,0,18,0,1,0,0,0,0,1,1,6,1,7,4172,2,7,1,1
201304FG13007,2,9,0,3,0,1,0,0,0,0,2,1,6,1,7,1995,2,9,1,1
201304FG13007,3,9,0,3,0,1,0,0,0,0,2,1,1,1,6,2993,2,1,-1,-1
201304FG13008,1,9,0,18,0,5,0,0,0,0,4,1,6,2,7,1686,2,1,1,1
201304FG13009,1,9,0,18,0,1,0,0,0,0,1,1,6,1,6,1124,1,9,4,1
201304FG13009,2,9,0,8,0,1,0,0,0,0,2,1,6,1,6,1598,1,5,2,1
201304FG13010,1,8,0,4,0,4,0,0,0,0,1,1,1,1,9,1896,2,7,1,1
201304FG13010,2,19,0,18,0,8,0,0,0,0,2,1,6,3,-1,-1,-1,-1,-1,-1
201304FG13012,1,9,0,18,0,5,0,0,0,0,1,1,6,1,5,1896,2,10,5,1
201304FG13012,2,9,0,2,0,2,0,0,0,0,1,1,6,2,5,1896,2,11,1,1
201304FG13013,1,9,0,18,0,4,0,0,0,0,1,1,2,1,8,2967,2,5,6,3
201304FG13014,1,9,0,18,0,0,1,0,0,0,3,1,2,1,8,2380,1,15,3,1
201304FG13014,2,9,0,18,0,0,0,0,0,0,1,1,2,1,8,1796,1,7,-1,-1
201304FG13015,1,9,0,9,0,8,0,0,0,1,1,1,6,2,11,1242,1,4,9,1
201304FG13015,2,9,0,18,0,8,0,0,0,0,3,1,1,1,6,1896,2,3,8,1
201304FG13016,1,9,0,9,0,8,0,0,0,0,4,1,6,1,6,1998,2,6,7,1
201304FG13016,2,1,0,18,0,8,0,0,0,0,1,1,6,1,3,-1,-1,-1,2,1
201304FG13017,1,9,0,18,0,2,0,4,0,0,2,1,1,1,8,1560,2,2,9,1
201304FG13017,2,9,0,9,0,6,0,0,0,0,1,1,6,2,7,1598,1,10,2,1
201304FG13018,1,9,0,9,0,8,0,0,0,0,2,1,1,2,6,1390,1,6,2,1
201304FG13018,2,9,0,18,0,8,0,0,0,0,1,2,6,1,6,-1,-1,-1,1,1
201304FG13019,1,8,0,18,0,6,0,0,3,10,1,1,1,1,6,1686,2,7,2,1
201304FG13019,2,9,0,18,0,8,0,0,7,10,3,1,6,2,6,1686,2,12,1,1
201304FG13020,1,1,0,17,0,8,0,0,0,0,4,1,6,1,10,-1,-1,-1,7,1
201304FG13020,2,9,0,11,0,8,0,0,0,0,0,1,6,1,6,1598,1,8,5,1
201304FG13021,1,9,0,18,0,3,0,0,0,0,1,1,1,1,10,-1,-1,-1,7,1
201304FG13021,2,1,0,18,0,3,0,0,0,0,2,1,1,1,5,-1,-1,-1,3,1
201304FG13022,1,9,0,18,0,4,0,0,0,0,1,1,1,1,7,1461,2,9,1,1
201304FG13022,2,9,0,18,3,4,0,0,0,0,4,1,1,1,6,1762,1,14,1,1
201304FG13023,1,3,0,9,0,6,5,0,0,0,1,1,6,1,4,125,1,5,3,1
201304FG13023,2,9,0,18,0,8,0,0,0,0,3,1,6,2,5,1598,1,7,8,1
201304FG13024,1,1,0,18,0,8,0,0,0,0,1,1,2,1,5,-1,-1,-1,5,1
201304FG13024,2,9,0,18,0,1,0,0,0,0,4,1,2,1,6,-1,-1,-1,-1,-1
201304FG13025,1,9,0,4,0,0,0,0,0,0,1,1,6,1,7,1332,1,14,1,1
201304FG13025,2,9,0,4,0,0,1,0,0,0,2,1,6,1,7,1461,2,2,1,1
201304FG13026,1,9,0,7,0,5,0,0,8,10,1,1,6,3,-1,-1,-1,-1,-1,-1
201304FG13027,1,9,0,11,0,8,0,0,0,0,4,1,6,1,4,1124,1,10,5,1
201304FG13027,2,9,0,18,0,8,0,0,0,0,3,1,6,1,9,1905,2,16,1,1
201304FG13028,1,9,0,4,0,1,0,0,0,0,1,1,6,1,7,1997,2,2,1,1
201304FG13028,2,9,0,18,0,1,0,0,0,0,2,1,6,1,8,1398,2,-1,3,1
201304FG13029,1,9,0,4,0,1,0,0,0,0,4,1,2,2,6,1995,2,7,6,1
201304FG13029,2,9,0,9,0,1,0,0,0,0,1,1,6,1,10,1896,2,9,3,1
201304FG13030,1,11,0,9,0,8,0,0,0,0,0,1,1,1,9,7300,2,4,4,1
201304FG13031,1,9,0,18,0,8,0,0,0,0,1,1,3,2,7,1396,1,13,4,1
201304FG13032,1,5,0,18,0,6,2,0,0,0,1,1,6,1,7,599,1,18,2,1
201304FG13032,2,9,0,18,0,8,0,0,0,0,3,1,6,2,8,1398,1,1,4,1
201304FG13033,1,1,0,18,0,0,5,0,0,0,0,1,6,1,6,-1,-1,-1,2,1
201304FG13034,1,9,0,9,0,6,0,0,0,0,3,1,2,1,4,2000,2,6,4,1
201304FG13034,2,9,0,18,0,1,0,0,0,0,0,1,1,3,8,2993,2,-1,1,1
201304FG13034,3,9,0,18,0,8,0,0,0,0,3,1,6,1,7,1388,1,11,1,1
201304FG13035,1,9,0,9,0,8,0,0,0,0,4,1,6,1,11,1560,2,3,1,1
201304FG13035,2,9,0,18,0,8,0,0,0,0,1,1,2,1,8,1998,1,16,3,1
201304FG13036,1,9,0,9,0,8,0,0,0,0,1,1,2,2,5,1197,1,1,-1,-1
201304FG13036,2,9,0,18,0,8,0,0,0,0,4,1,3,2,7,1360,1,9,3,1
201304FG13037,1,9,0,9,0,6,0,0,0,0,1,1,6,1,6,1910,2,6,1,1
201304FG13037,2,9,0,18,0,8,0,4,0,0,4,1,6,1,10,1910,2,9,1,1
201304FG13037,3,9,0,2,0,8,0,0,0,0,3,1,6,1,10,1598,1,5,4,1
201304FG13038,1,20,0,2,0,1,0,0,0,0,0,1,6,1,8,-1,-1,-1,-1,-1
201304FG13039,1,9,0,4,0,8,0,0,0,0,4,1,3,3,-1,-1,-1,-1,-1,-1
201304FG13040,1,9,0,1,9,0,0,0,0,0,3,1,6,3,7,2902,2,9,3,1
201304FG13041,1,19,0,7,0,8,0,0,0,0,4,1,6,3,-1,-1,-1,-1,-1,-1
201304FG13042,1,9,0,18,0,8,1,7,0,0,1,1,6,1,6,1364,1,3,4,1
201304FG13043,1,9,0,18,0,1,0,0,7,0,1,1,6,1,10,1796,1,12,1,1
201304FG13043,2,9,0,18,0,1,0,0,1,0,2,1,3,2,6,1390,1,12,5,1
201304FG13043,3,11,0,7,0,5,0,0,0,0,2,1,1,1,8,-1,2,22,1,1
201304FG13043,4,9,0,18,0,1,0,0,0,0,4,1,6,1,8,1796,1,11,2,1
201304FG13044,1,9,0,18,0,1,0,0,0,0,4,1,2,1,8,1360,1,9,1,1
201304FG13045,1,9,0,17,0,0,0,0,0,0,1,1,6,1,5,3497,1,13,4,1
201304FG13045,2,9,0,16,0,0,0,0,0,0,3,1,6,1,9,1968,2,1,-1,-1
201304FG13047,1,9,0,18,0,8,0,0,0,0,3,1,1,2,8,1560,2,7,2,1
201304FG13047,2,19,0,9,0,8,0,0,0,0,3,1,6,1,6,1753,2,10,6,1
201304FG13048,1,9,0,17,0,0,0,0,2,0,4,1,1,1,6,2184,2,9,7,3
201304FG13048,2,9,0,16,0,0,0,0,0,0,0,1,1,1,7,2402,2,4,8,3
201304FG13049,1,9,0,5,0,2,0,0,3,10,1,1,6,2,6,-1,-1,-1,7,1
201304FG13050,1,9,0,18,0,0,0,0,0,0,1,1,6,2,6,1242,1,12,6,1
201304FG13050,2,9,0,4,0,0,2,0,0,0,2,1,6,2,6,1749,1,12,3,1
201304FG13051,1,9,0,18,0,0,0,0,0,0,4,1,6,1,6,1396,1,15,5,1
201304FG13052,1,9,0,18,0,1,0,0,0,0,4,1,6,1,10,1991,2,3,5,1
201304FG13053,1,9,0,18,0,8,1,0,2,10,1,1,6,1,4,1396,1,18,2,1
201304FG13054,1,5,0,16,0,8,2,0,7,0,1,1,6,1,9,998,1,5,5,2
201304FG13055,1,1,0,18,0,8,5,0,0,0,1,1,4,2,3,-1,-1,-1,-1,-1
201304FG13055,2,9,0,18,0,8,5,0,0,0,1,1,3,2,7,1296,1,5,4,1
201304FG13056,1,9,0,9,0,5,0,0,0,0,4,1,6,2,8,1994,2,10,-1,-1
201304FG13056,2,9,0,18,0,8,0,0,0,0,1,1,6,2,7,1598,1,3,9,1
201304FG13057,1,8,0,18,0,8,0,0,0,0,3,1,1,1,8,1896,2,6,1,1
201304FG13058,1,9,0,13,0,0,0,0,0,0,0,1,6,3,-1,-1,-1,-1,-1,-1
201304FG13058,2,3,0,18,0,0,0,0,1,9,1,1,6,1,6,125,1,-1,1,1
201304FG13059,1,9,0,7,0,6,0,0,0,0,1,1,1,1,6,-1,-1,-1,5,1
201304FG13059,2,19,0,7,0,6,0,0,0,0,2,1,1,1,6,1998,2,11,1,1
201304FG13060,1,9,0,18,0,1,0,0,0,0,1,1,6,1,8,-1,-1,-1,1,1
201304FG13060,2,9,0,3,0,1,0,0,0,0,1,1,6,1,8,3628,2,4,8,2
201304FG13061,1,11,0,18,0,0,0,0,0,0,3,1,1,1,7,7300,2,4,2,1
201304FG13062,1,8,0,1,0,0,0,0,0,0,2,1,1,1,6,1896,2,6,1,1
201304FG13063,1,9,0,18,0,0,0,0,0,0,1,1,6,1,9,998,1,13,7,1
201304FG13063,2,9,0,18,0,0,0,0,0,0,1,1,6,2,10,1398,1,8,4,1
201304FG13064,1,9,0,7,0,1,0,0,0,0,0,1,6,1,6,-1,-1,-1,8,1
201304FG13064,2,1,0,7,0,1,0,0,0,0,4,1,6,1,7,-1,-1,-1,7,1
201304FG13065,1,9,0,18,0,2,1,0,0,0,1,1,6,1,6,4163,1,5,1,1
201304FG13065,2,9,0,18,0,2,5,0,2,2,2,1,2,2,6,1242,1,-1,6,1
201304FG13065,3,9,0,18,0,2,0,0,0,0,1,1,2,1,9,1762,1,13,5,1
201304FG13066,1,9,0,9,0,8,0,0,0,0,1,1,6,1,11,2435,1,14,2,1
201304FG13066,2,1,0,18,0,8,0,0,0,0,1,1,6,1,9,-1,-1,-1,-1,-1
201304FG13067,1,9,0,9,0,5,0,0,0,0,1,1,6,1,11,1242,1,13,8,1
201304FG13067,2,1,0,18,0,1,0,0,0,0,4,1,6,1,8,-1,-1,-1,8,1
201304FG13068,1,9,0,18,0,1,0,0,0,0,1,1,6,3,-1,-1,-1,-1,-1,-1