Accident_Index,Vehicle_Reference,Vehicle_Type,Towing_and_Articulation,Vehicle_Manoeuvre,Vehicle_Location-Restricted_Lane,Junction_Location,Skidding_and_Overturning,Hit_Object_in_Carriageway,Vehicle_Leaving_Carriageway,Hit_Object_off_Carriageway,1st_Point_of_Impact,Was_Vehicle_Left_Hand_Drive?,Journey_Purpose_of_Driver,Sex_of_Driver,Age_Band_of_Driver,Engine_Capacity_(CC),Propulsion_Code,Age_of_Vehicle,Driver_IMD_Decile,Driver_Home_Area_Type
201304TA13118,1,9,0,18,0,0,2,0,1,4,4,1,1,1,9,-1,-1,-1,1,1
201304TA13119,1,9,0,18,0,0,2,0,8,0,0,1,6,2,8,1461,2,4,9,1
201304TA13120,1,9,0,12,0,0,0,0,0,0,0,1,6,1,6,1839,1,17,1,1
201304TA13120,2,9,0,15,0,0,0,0,0,6,1,1,6,1,9,1364,1,6,9,1
201304TA13121,1,9,3,18,0,0,4,0,0,0,0,1,6,1,10,1905,2,18,1,1
201304TA13122,1,5,0,18,0,6,2,0,1,0,1,1,6,1,8,998,1,5,6,1
201304TA13122,2,9,0,18,0,6,0,0,0,0,2,1,6,2,9,1390,1,13,-1,-1
201304TA13123,1,9,4,18,0,0,0,0,0,0,0,1,1,1,6,-1,-1,-1,8,3
201304TA13123,2,9,4,18,0,0,0,11,0,0,1,1,6,1,7,-1,-1,-1,4,1
201304TA13123,3,9,0,18,0,0,0,11,0,0,1,1,6,2,4,1598,1,12,8,1
201304TA13124,1,8,0,18,0,0,1,0,5,7,1,1,6,1,6,1560,2,4,1,1
201304TA13125,1,21,1,18,0,0,3,0,0,0,1,1,1,1,8,12900,2,1,9,1
201304TA13125,2,21,1,18,0,0,0,0,0,0,2,1,1,1,7,-1,-1,-1,1,1
201304TA13125,3,21,1,18,0,0,0,0,0,0,4,1,1,1,8,12900,2,5,-1,2
201304TA13126,1,9,0,18,0,0,2,0,2,0,4,1,6,1,8,1598,1,7,1,1
201304TA13127,1,9,0,13,0,0,2,0,1,0,1,1,6,2,7,1560,2,6,3,1
201304TA13128,1,9,0,18,0,0,2,0,1,0,1,1,6,1,4,1999,1,11,10,2
201304TA13128,2,9,0,18,0,0,0,0,0,0,2,1,1,1,7,-1,-1,-1,4,3
201304TA13128,3,9,0,18,0,0,0,0,0,0,3,1,1,1,7,2993,2,1,4,3
201304TA13129,1,21,1,12,0,0,0,0,0,0,1,2,1,1,7,-1,-1,-1,-1,-1
201304TA13129,2,9,0,18,0,0,0,0,0,0,2,1,6,2,8,1796,1,14,4,1
201304TA13130,1,21,0,18,0,0,0,0,0,0,1,1,1,1,8,12902,2,-1,9,3
201304TA13130,2,9,0,18,0,0,0,0,0,6,2,1,6,2,7,1360,1,12,3,1
201304TA13131,1,9,0,18,0,0,0,0,0,0,1,1,6,1,9,2993,2,5,5,3
201304TA13131,2,9,0,18,0,0,0,0,0,0,2,1,6,1,6,1995,2,3,3,1
201304TA13132,1,19,0,18,0,0,1,0,0,0,1,1,1,1,6,2999,2,5,1,1
201304TA13132,2,9,0,5,0,0,0,0,0,0,2,1,6,2,5,1956,2,2,8,1
201304TA13132,3,9,0,5,0,0,0,0,0,0,2,1,6,1,6,1796,1,1,10,1
201304TA13133,1,21,1,18,0,0,1,0,1,1,4,1,1,1,8,12740,2,-1,1,1
201304TA13133,2,9,0,18,0,0,0,0,0,0,4,1,1,2,8,1997,2,4,10,2
201304TA13134,1,9,0,12,0,1,0,0,0,0,3,1,6,1,7,3179,1,13,8,1
201304TA13134,2,9,0,18,0,1,0,0,0,0,4,1,1,1,7,-1,-1,-1,9,1
201304TA13134,3,9,0,18,0,1,0,0,0,0,2,1,1,1,8,-1,-1,-1,8,1
201304TA13135,1,21,1,18,0,0,0,0,0,0,1,1,1,1,8,12777,2,3,-1,3
201304TA13135,2,19,0,18,0,0,0,0,0,0,2,1,1,1,9,-1,-1,-1,-1,-1
201304TA13136,1,9,0,12,0,8,0,0,0,0,3,1,6,1,5,2495,2,10,8,3
201304TA13136,2,9,0,18,0,8,0,0,0,0,4,1,6,2,6,1598,1,12,8,2
201304TA13137,1,9,0,11,0,1,0,0,2,7,4,1,6,2,5,1360,1,13,3,1
201304TA13138,1,19,0,4,0,0,1,0,0,0,4,1,1,1,6,1753,2,4,10,2
201304TA13138,2,19,0,4,0,0,0,0,0,0,3,1,1,1,8,1998,2,11,2,1
201304TA13139,1,9,0,4,0,0,0,11,0,0,2,1,1,2,4,1124,1,10,2,1
201304TA13139,2,9,0,18,0,0,0,0,0,0,1,1,1,1,6,1997,2,7,5,1
201304TA13140,1,9,0,5,0,4,0,0,0,0,1,1,6,2,9,1995,2,2,9,1
201304TA13140,2,9,0,18,0,1,0,0,0,0,2,1,2,2,10,1198,1,2,1,1
201304TA13141,1,9,0,18,0,0,2,0,1,7,1,1,6,1,6,1794,1,10,1,1
201304TA13142,1,8,0,18,0,0,0,0,0,0,4,1,1,1,9,1896,2,5,9,1
201304TA13142,2,9,0,18,0,0,0,0,0,0,3,1,6,1,9,1995,2,8,3,1
201304TA13143,1,9,0,18,0,0,2,0,1,1,1,1,6,1,6,1360,1,8,5,1
201304TA13145,1,9,0,12,0,0,0,0,0,6,3,1,4,2,7,998,1,10,1,1
201304TA13146,1,9,0,18,0,0,5,0,1,4,0,1,6,2,8,1560,2,-1,7,1
201304TA13147,1,21,0,18,0,0,0,0,0,0,1,1,1,1,9,12740,2,2,2,1
201304TA13148,1,9,0,12,0,0,1,0,1,0,3,1,2,1,8,1968,2,2,6,2
201304TA13148,2,9,0,18,0,0,5,0,1,0,1,1,1,1,9,-1,-1,-1,3,1
201304TA13149,1,9,0,18,0,0,2,10,1,4,1,1,6,1,5,1598,1,7,10,3
201304TA13150,1,9,0,18,0,0,0,0,0,0,1,1,6,1,8,1398,2,1,5,1
201304TA13150,2,9,0,18,0,0,0,0,0,0,3,1,2,1,7,1399,2,4,9,1
201304TA13151,1,21,0,18,0,1,0,0,0,0,1,1,1,1,7,3920,2,7,5,1
201304TA13151,2,21,0,5,0,1,0,0,0,0,2,1,1,1,8,4462,2,-1,6,1
201304TA13152,1,21,1,18,0,7,0,0,0,0,1,1,1,1,7,6370,2,9,6,2
201304TA13152,2,9,0,7,0,8,0,0,0,0,4,1,1,2,8,1598,1,4,1,1
201304TA13153,1,9,0,18,0,0,0,0,0,0,1,1,2,2,6,1000,1,13,2,1
201304TA13153,2,9,0,3,0,0,0,0,0,0,2,1,2,1,8,1997,2,10,-1,-1
201304TA13154,1,19,0,13,0,7,2,0,4,0,1,1,1,1,6,2461,2,10,4,1
201304TA13154,2,19,0,18,0,7,0,0,0,0,3,1,6,1,8,1868,2,9,7,1
201304TA13154,3,21,1,18,0,1,0,0,0,0,0,1,1,1,7,10837,2,1,7,3
201304TA13155,1,9,0,18,0,0,0,0,0,0,1,1,6,2,4,1598,1,3,3,1
201304TA13155,2,9,0,18,0,0,0,0,0,0,2,1,6,1,7,5935,1,-1,9,1
201304TA13156,1,9,0,11,0,1,0,0,0,0,4,1,6,3,-1,-1,-1,-1,-1,-1
201304TA13156,2,9,0,12,0,7,1,0,1,4,3,1,6,2,6,1896,2,8,10,3
201304TA13157,1,9,0,18,0,0,2,7,5,6,3,1,1,1,7,1461,2,10,-1,1
201304TA13158,1,19,0,18,0,0,0,0,0,0,1,1,6,1,7,1753,2,14,7,1
201304TA13158,2,9,0,4,0,0,0,0,0,0,2,1,6,1,9,1783,1,10,-1,3
201304TA13159,1,19,0,18,0,0,1,0,0,0,1,1,1,1,4,2402,2,7,1,1
201304TA13159,2,9,0,18,0,0,0,0,0,0,2,1,6,2,5,1390,1,13,1,1
201304TA13159,3,9,0,18,0,0,0,0,0,0,2,1,6,2,5,1598,1,7,5,2
201304TA13159,4,9,0,18,0,0,0,0,0,0,2,1,1,1,6,-1,-1,-1,8,1
201304TA13159,5,9,0,18,0,0,0,0,0,0,2,1,6,3,-1,1998,1,14,-1,-1
201304TA13160,1,9,0,18,0,0,1,0,1,0,1,1,6,2,9,1560,2,5,7,1
201304TA13160,2,21,1,18,0,0,0,0,0,0,1,1,1,1,7,11705,2,1,4,1
201304TA13161,1,9,0,18,0,8,0,0,0,6,1,1,6,1,6,1124,1,10,6,1
201304TA13161,2,9,0,12,0,7,0,0,0,0,1,1,2,1,8,2000,2,8,8,3
201304TA13161,3,21,0,18,0,8,0,0,0,0,1,1,1,1,7,12777,2,2,6,1
201304TA13161,4,9,0,12,0,7,0,0,0,0,1,1,2,2,7,1596,1,7,6,1
201304TA13162,1,9,0,18,0,0,0,0,0,0,1,1,2,3,10,998,1,7,6,1
201304TA13162,2,9,0,18,0,0,0,0,0,0,2,1,2,1,4,1388,1,15,8,3
201304TA13162,3,9,0,18,0,0,0,0,0,0,2,1,2,2,11,1198,1,4,2,1
201304TA13163,1,9,0,11,0,0,0,0,0,7,1,1,6,1,5,1753,2,4,8,2
201304TA13163,2,9,0,3,0,0,0,0,0,0,2,1,6,1,9,998,1,-1,3,1
201304TA13163,3,9,0,3,0,0,0,0,0,0,2,1,6,2,10,1108,1,4,-1,-1
201304TA13164,1,9,0,18,0,0,0,0,2,7,1,1,6,2,6,1339,1,11,1,1
201304TA13165,1,9,0,18,0,0,0,0,0,0,1,1,6,2,5,796,1,4,4,1
201304TA13165,2,9,0,4,0,0,0,0,7,0,2,1,6,2,8,1968,2,1,10,1
201304TA13165,3,9,0,4,0,0,0,0,0,0,2,1,6,1,8,1995,2,9,6,1
201304TA13165,4,9,0,18,0,0,0,0,0,0,1,1,6,2,7,1364,1,6,2,1
201304TA13166,1,9,0,16,0,0,2,0,5,6,3,1,6,2,4,1242,1,9,1,1
201304TA13167,1,9,0,12,0,0,0,0,0,0,0,1,2,3,-1,-1,-1,-1,-1,-1
201304TA13167,2,9,0,18,0,0,0,0,0,0,2,1,2,2,5,1598,1,9,3,1
201304TA13167,3,9,0,18,0,0,1,0,0,0,1,1,2,2,7,1587,1,13,8,1
201304TA13167,4,9,0,18,0,0,1,0,0,0,1,1,2,1,6,1686,2,7,1,1
201304TA13168,1,9,0,18,0,0,0,0,0,0,1,1,6,1,7,1598,2,2,4,1
201304TA13168,2,9,0,18,0,0,0,0,0,0,2,1,6,1,7,1396,1,12,7,1
201304TA13169,1,9,0,18,0,0,1,11,0,0,3,1,6,2,5,1598,1,9,7,3
201304TA13169,2,9,0,18,0,0,1,11,0,0,1,1,6,1,6,1995,2,7,-1,3
201304TA13170,1,19,0,18,0,0,2,0,1,10,4,1,1,1,7,1870,2,9,1,1
201304TA13171,1,9,0,18,0,0,0,0,6,7,3,1,6,1,8,1910,2,6,2,1
201304TA13172,1,9,0,12,0,0,0,0,0,0,3,1,6,1,9,1329,1,1,2,1
201304TA13172,2,9,0,18,0,0,0,0,0,6,4,1,2,1,6,998,1,12,3,1
201304TA13172,3,9,0,18,0,0,0,0,0,0,1,1,2,1,8,1229,1,8,1,1
201304TA13173,1,9,0,18,0,0,1,0,4,6,3,1,6,2,5,1242,1,2,4,1
201304TA13174,1,9,0,18,0,0,1,0,1,7,4,1,6,1,8,1798,1,10,8,1
201304TA13174,2,9,0,18,0,0,1,0,2,7,1,1,6,1,8,-1,-1,-1,2,1
201304TA13174,3,9,0,4,0,0,1,0,5,0,1,1,6,2,5,1124,1,4,9,1
201304TA13174,4,21,1,4,0,0,0,0,0,0,2,1,1,1,6,12777,2,2,-1,-1
201304TA13174,5,9,0,4,0,0,1,0,0,0,1,1,6,1,8,2993,2,3,6,1
201304TA13175,1,9,0,18,0,0,1,0,0,0,1,1,6,1,6,1560,2,2,4,1
201304TA13175,2,9,0,18,0,0,0,0,1,7,2,1,6,1,7,2993,2,-1,-1,-1
201304TA13175,3,9,0,18,0,0,0,0,5,6,2,1,6,1,8,1988,1,15,7,1
201304TA13175,4,9,0,18,0,0,0,0,0,0,1,1,6,2,8,-1,-1,-1,8,1
201304TA13176,1,9,0,18,0,0,1,0,1,6,3,1,6,1,6,1910,2,6,5,2
201304TA13177,1,9,0,18,0,0,1,11,1,7,3,1,6,2,7,1995,2,11,8,1
201304TA13178,1,9,0,18,0,0,0,0,0,0,1,1,2,1,5,1399,2,1,9,1
201304TA13178,2,9,0,18,0,0,0,0,0,0,1,1,2,2,6,1560,2,4,9,1
201304TA13179,1,9,0,18,0,0,2,10,1,6,1,1,1,1,6,1149,1,12,1,1
201304TA13180,1,9,0,18,0,0,2,0,0,6,3,1,6,2,6,1229,1,2,2,1
201304TA13181,1,9,0,18,0,0,0,0,0,7,1,1,1,2,6,1299,1,10,7,1
201304TA13181,2,9,0,18,0,0,0,0,0,0,2,1,1,1,8,1461,2,9,4,1
201304TA13182,1,9,0,18,0,0,1,0,1,7,1,1,6,2,6,1968,2,2,-1,-1
201304TA13182,2,21,0,18,0,0,0,0,0,0,0,1,1,1,8,12902,2,-1,5,1
201304TA13183,1,9,0,18,0,0,0,0,4,6,1,1,6,1,6,3498,1,9,2,1
201304TA13183,2,9,0,18,0,0,2,0,0,0,2,1,6,1,6,998,1,14,6,1
201304TA13183,3,9,0,18,0,0,0,0,4,6,1,1,6,1,4,1149,1,6,9,1
201304TA13184,1,9,0,16,0,0,1,0,1,2,2,1,6,1,8,5700,1,10,7,1
201304TA13184,2,9,0,16,0,0,1,0,1,6,2,1,6,1,7,998,1,11,4,2
201304TA13185,1,9,0,18,0,0,0,0,0,0,1,1,6,2,5,1363,2,8,4,1
201304TA13185,2,9,0,4,0,0,0,0,0,0,2,1,6,1,8,1398,2,6,6,3
201304TA13186,1,9,0,18,0,0,0,0,0,0,1,1,6,1,7,1781,1,12,5,1
201304TA13186,2,9,0,18,0,0,0,0,0,0,2,1,6,1,9,1988,1,10,4,2
201304TA13187,1,9,3,18,0,0,2,0,2,0,4,1,6,2,10,3059,2,17,1,1
201304TA13188,1,9,0,18,0,0,0,10,7,0,1,1,6,1,7,1124,1,13,8,3
201304TA13188,2,9,0,18,0,0,0,11,0,0,1,1,6,2,4,1242,1,3,4,1
201304TA13188,3,9,0,18,0,0,5,11,0,0,1,2,6,1,8,-1,-1,-1,1,1
201304TA13188,4,9,0,18,0,0,1,0,8,0,2,1,6,1,6,1796,1,11,2,1
201304TA13188,5,90,0,18,0,0,0,11,8,0,1,1,1,1,9,2148,2,5,8,1
201304TA13189,1,9,0,18,0,0,1,7,0,6,2,1,6,1,6,2184,2,10,1,1
201304TA13189,2,9,0,18,0,0,0,0,0,0,3,1,6,1,4,1686,2,9,5,1
201304TA13189,3,9,0,18,0,0,0,0,0,0,4,1,6,1,8,1896,2,12,8,1
201304TA13190,1,9,0,18,0,0,0,0,0,0,1,1,2,1,6,2204,2,7,3,1
201304TA13190,2,21,0,18,0,0,0,0,0,0,2,1,1,1,9,4461,2,2,8,1
201304TA13191,1,9,0,5,0,0,0,0,0,0,2,1,6,2,8,1242,1,3,1,1
201304TA13191,2,9,0,18,0,0,0,0,0,0,1,1,6,2,8,1598,1,9,5,2
201304TA13192,1,9,0,18,0,0,0,0,0,0,1,1,1,1,8,1197,1,2,-1,1
201304TA13192,2,9,0,4,0,0,0,0,0,0,2,1,6,1,8,-1,-1,-1,5,1
201304TA13192,3,9,0,4,0,0,0,0,0,0,2,1,6,1,7,1560,2,-1,10,1
201304TA13192,4,9,0,4,0,0,0,0,0,0,2,1,6,1,8,1560,2,7,3,1
201304TA13193,1,9,0,18,0,0,0,0,1,0,1,1,6,2,7,1598,1,-1,7,1
201304TA13193,2,21,1,18,0,0,0,0,0,0,2,1,1,1,7,10518,2,5,-1,1
201304TA13194,1,9,0,18,0,1,0,0,0,0,1,1,6,1,9,1896,2,11,1,1
201304TA13194,2,9,0,18,0,1,0,0,0,0,3,1,6,1,6,1896,2,10,1,1
201304TA13194,3,9,0,11,0,1,0,0,0,0,0,1,6,3,-1,-1,-1,-1,-1,-1
201304TA13195,1,9,0,18,0,0,0,0,0,0,1,1,6,1,6,1968,2,5,3,1
201304TA13195,2,9,0,18,0,0,0,0,0,0,2,1,6,1,9,1599,1,8,3,1
201304TA13196,1,9,0,11,0,0,1,0,2,6,1,1,1,2,4,1388,1,3,4,3
201304TA13196,2,9,0,12,0,0,0,0,0,0,4,1,1,2,5,1560,2,-1,10,3
201304TA13196,3,19,0,18,0,0,1,0,2,6,3,1,1,1,8,1461,2,2,1,1
201304TA13197,1,9,0,18,0,7,0,0,0,0,1,1,2,2,6,1910,2,5,8,3
201304TA13197,2,9,0,18,0,7,0,0,0,0,2,1,3,2,6,1587,1,8,5,1
201304TA13197,3,19,0,18,0,7,0,0,0,0,2,1,1,1,9,-1,-1,-1,-1,-1
201304TA13198,1,9,0,18,0,1,0,0,0,0,1,1,6,1,6,1999,1,11,3,1
201304TA13198,2,9,0,18,0,3,0,0,0,0,0,1,6,1,10,1995,2,-1,5,2
201304TA13199,1,9,4,18,0,0,0,0,0,0,1,1,6,1,6,2402,2,6,7,2
201304TA13199,2,9,0,18,0,0,0,0,0,0,2,1,6,1,9,2720,2,5,4,3
201304TA13200,1,9,0,18,0,0,0,0,0,0,1,1,1,1,6,1596,1,3,5,1
201304TA13200,2,9,0,18,0,0,0,0,0,0,2,1,6,2,7,1248,2,3,9,2
201304TA13201,1,9,0,18,0,0,0,0,0,0,3,1,6,1,5,1199,1,12,2,1
201304TA13201,2,9,0,18,0,0,0,0,4,0,1,1,6,1,6,1995,2,9,1,1
201304TA13202,1,9,0,18,0,0,2,0,1,9,1,1,6,1,9,2254,1,12,3,1
201304TA13202,2,9,0,18,0,0,0,0,0,0,2,1,6,1,9,1596,1,13,9,3
201304TA13203,1,9,0,18,0,0,0,0,5,6,1,1,6,1,5,1248,2,7,-1,3
201304TA13204,1,9,0,16,0,0,2,0,5,4,3,1,6,2,6,2295,1,13,4,1
201304TA13204,2,9,0,16,0,0,0,0,1,0,2,1,6,1,8,1560,2,2,1,1
201304TA13205,1,9,0,18,0,3,1,0,0,0,4,1,1,1,8,1422,2,9,4,1
201304TA13205,2,9,0,4,0,1,0,0,0,0,3,1,1,1,6,1995,2,6,8,1
201304TA13206,1,9,0,18,0,0,0,0,1,6,4,1,6,1,4,1400,1,13,7,3
201304TA13207,1,9,0,18,0,0,1,0,4,6,4,1,6,2,6,1248,1,1,-1,1
201304TA13207,2,21,1,18,0,0,0,0,0,0,3,1,1,1,9,11946,2,5,4,1
201304TA13208,1,9,0,18,0,0,1,0,0,0,1,1,2,1,7,-1,-1,-1,8,3
201304TA13208,2,9,0,18,0,0,1,0,0,0,1,1,2,1,7,1587,1,10,8,1
201304TA13208,3,9,0,18,0,0,0,0,0,0,0,1,2,1,7,1896,2,6,1,1
201304TA13209,1,21,1,18,0,0,0,0,0,0,1,1,1,1,7,-1,-1,-1,-1,-1
201304TA13209,2,9,0,18,0,0,1,0,1,0,3,1,6,1,6,1753,2,6,1,1
201304TA13210,1,9,0,16,0,0,0,7,4,7,1,1,6,1,10,1749,1,10,4,2
201304TA13211,1,9,0,18,0,0,0,0,0,0,1,1,6,2,5,1997,1,8,2,1
201304TA13211,2,9,0,3,0,0,0,0,0,0,2,1,6,1,6,2498,1,14,5,2
201304TA13211,3,9,0,3,0,0,0,0,0,0,2,1,6,2,6,1560,2,-1,7,3
201304TA13212,1,9,0,16,0,0,1,0,5,7,4,1,2,2,8,1968,2,1,6,1
201304TA13212,2,9,0,16,0,0,1,0,5,7,3,1,6,2,8,1461,2,10,1,1
201304TA13213,1,9,0,18,0,0,1,11,0,7,1,1,2,2,8,1461,2,1,10,1
201304TA13214,1,9,0,18,0,0,0,0,0,6,4,1,6,1,7,1596,1,11,1,1
201304TA13214,2,20,0,18,0,0,0,0,0,0,3,1,6,1,7,3920,2,10,6,3
201304TA13214,3,9,0,18,0,0,0,0,0,6,3,1,6,1,10,-1,-1,-1,-1,1
201304TA13215,1,9,0,18,0,0,1,0,0,0,1,1,6,2,6,1124,1,10,8,1
201304TA13215,2,9,0,18,0,0,0,0,0,0,4,1,2,1,6,1396,1,10,3,1
201304TA13216,1,9,0,18,0,0,1,0,5,6,3,1,6,1,7,2488,2,2,4,2
201304TA13216,2,9,0,18,0,0,2,0,2,10,4,1,6,1,9,-1,-1,-1,1,1
201304TA13217,1,9,0,18,0,0,1,11,0,7,1,1,6,2,7,2148,2,7,2,1
201304TA13217,2,9,0,18,0,0,1,0,2,0,1,1,6,1,7,1796,1,6,8,1
201304TA13218,1,9,0,18,0,0,1,0,1,7,1,1,6,1,5,1560,2,-1,-1,-1
201304TA13219,1,9,0,18,0,0,1,0,5,6,1,1,6,1,8,-1,-1,-1,3,1
201304TA13219,2,21,0,18,0,0,0,0,0,0,2,1,1,3,-1,-1,-1,-1,-1,-1
201304TA13220,1,9,0,8,0,0,0,0,0,0,2,1,6,1,10,1753,2,16,6,1
201304TA13220,2,9,0,4,0,0,0,0,0,0,1,1,1,1,8,1598,2,-1,-1,-1
201304TA13221,1,9,0,18,0,0,1,0,2,7,4,1,6,2,4,1248,1,2,8,1
201304TA13221,2,9,0,18,0,0,1,0,5,6,3,1,6,1,7,1968,2,6,1,1
201304TA13222,1,9,0,18,0,0,1,0,0,0,1,1,6,1,6,2231,2,-1,7,1
201304TA13222,2,9,0,18,0,0,0,0,1,7,2,1,6,1,8,-1,-1,-1,-1,-1
201304TA13223,1,9,0,18,0,0,1,0,1,0,4,1,2,1,9,1984,1,18,-1,-1
201304TA13223,2,9,0,2,6,0,0,0,0,0,3,1,6,2,8,1686,2,7,3,1
201304TA13224,1,9,0,18,0,0,1,0,1,7,1,1,6,1,11,-1,-1,-1,-1,-1
201304TA13225,1,9,0,18,0,0,1,0,2,0,1,1,6,2,7,-1,-1,-1,6,2
201304TA13225,2,9,0,18,0,0,1,0,1,0,2,1,6,1,8,1997,2,7,4,1
201304TA13225,3,9,0,18,0,0,1,0,1,0,1,1,1,2,7,1364,1,4,5,2
201304TA13225,4,9,0,18,0,0,1,0,1,0,3,1,6,1,8,1968,2,3,9,1
201304TA13226,1,9,0,18,0,0,1,0,2,7,2,1,6,2,5,1242,1,4,6,1
201304TA13227,1,9,0,18,0,0,0,0,0,0,1,2,6,1,6,-1,-1,-1,-1,-1
201304TA13227,2,9,0,3,0,0,0,0,0,0,2,1,6,1,5,1242,1,4,9,1
201304TA13227,3,9,0,3,0,0,0,0,0,0,2,1,6,3,-1,-1,-1,-1,-1,-1
201304TA13228,1,9,0,18,6,0,0,8,2,10,3,1,6,1,5,2148,2,7,1,1
201304TA13228,2,9,0,18,6,0,0,0,0,0,4,1,1,3,6,2993,2,-1,9,3
201304TA13229,1,9,0,11,0,0,1,0,1,0,4,1,6,1,7,1968,2,6,5,1
201304TA13229,2,9,0,18,0,0,0,0,0,0,3,1,6,1,8,-1,-1,-1,6,1
201305AA01002,1,9,0,18,0,0,0,0,0,0,1,1,1,1,7,-1,-1,-1,2,1
201305AA01002,2,9,0,2,0,0,0,0,0,0,2,1,6,2,-1,1896,2,5,2,1
201305AA01002,3,9,0,2,0,0,0,0,0,0,3,1,6,2,-1,1242,1,1,2,1
201305AA01002,4,9,0,2,0,0,0,0,0,0,2,1,6,2,-1,998,1,18,2,1
201305AA01014,1,9,0,9,0,5,0,0,0,0,4,1,6,2,9,1149,1,5,5,1
201305AA01014,2,8,0,18,0,1,0,0,0,0,1,1,1,1,8,998,1,3,8,1
201305AA01016,1,1,0,18,0,8,0,0,0,0,1,1,6,1,2,-1,-1,-1,-1,-1
201305AA01016,2,9,0,18,0,8,0,0,0,0,4,1,6,1,10,1198,1,10,9,1
201305AA01030,1,9,0,7,0,8,0,0,0,0,4,1,2,1,6,-1,-1,-1,8,1
201305AA01030,2,1,0,7,0,8,0,0,0,0,3,1,6,1,7,-1,-1,-1,-1,-1
201305AA01051,1,9,0,18,0,0,0,0,0,0,1,1,6,2,5,1389,1,12,1,1
201305AA01052,1,9,0,4,0,1,0,0,0,0,2,1,2,2,5,1242,1,7,6,1
201305AA01052,2,9,0,18,0,1,0,0,0,0,1,1,6,3,-1,-1,-1,-1,-1,-1
201305AA01053,1,1,0,9,0,8,0,0,0,0,1,1,4,1,3,-1,-1,-1,1,1
201305AA01053,2,9,0,18,0,8,0,0,0,0,4,1,2,2,7,1598,1,9,7,1
201305AA01067,1,9,0,9,0,1,0,0,0,0,0,1,6,1,7,-1,-1,-1,6,1
201305AA01067,2,4,0,18,0,1,1,0,0,0,0,1,6,1,4,125,1,9,4,1
201305AA01078,1,9,0,18,0,0,0,0,0,0,4,1,6,1,8,2000,1,8,4,1
201305AA01092,1,8,0,18,0,2,1,0,0,0,1,1,1,1,7,1560,2,7,2,1
201305AA01108,1,9,0,18,0,1,0,0,0,0,1,1,1,2,6,1149,1,10,4,1
201305AA01108,2,9,0,18,0,1,0,0,0,0,2,1,1,1,9,1198,1,1,1,1
201305AA01131,1,9,0,9,0,1,0,0,0,0,1,1,1,1,5,1242,1,6,6,1
201305AA01149,1,8,0,18,0,8,0,0,0,0,3,1,1,1,8,1796,1,6,4,1
201305AA01149,2,9,0,18,0,8,0,0,0,0,1,1,6,1,10,1984,1,15,8,1
201305AA01151,1,9,0,18,0,0,0,0,0,0,1,1,6,1,11,1390,1,10,9,1
201305AA01151,2,19,0,18,0,0,0,0,1,0,3,1,2,1,7,1996,2,2,6,1
201305AA01163,1,9,0,5,0,1,0,0,0,0,0,1,6,1,-1,1995,1,8,-1,-1
201305AA01163,2,4,0,17,0,1,0,0,0,0,0,1,6,1,5,124,1,6,8,1
201305AA01185,1,9,0,9,0,6,0,0,0,0,1,1,2,2,6,1596,1,12,4,1
201305AA01185,2,3,0,18,0,1,0,0,0,0,4,1,2,1,4,98,1,30,9,1
201305AA01201,1,9,0,3,0,1,0,0,0,0,1,1,6,1,11,1398,1,3,7,1
201305AA01201,2,9,0,18,0,4,0,0,0,0,2,1,6,1,-1,1490,1,9,-1,-1
201305AA01204,1,9,0,9,0,6,0,0,0,0,1,1,6,2,5,998,1,5,6,1
201305AA01204,2,9,0,18,0,8,1,0,0,0,4,1,6,1,-1,1595,2,3,-1,-1
201305AA01221,1,9,0,18,0,8,0,0,0,0,1,1,6,1,-1,-1,-1,-1,-1,-1
201305AA01221,2,9,0,18,0,8,0,0,0,0,1,1,1,2,6,1124,1,12,1,1
201305AA01224,1,9,0,9,0,8,0,0,0,0,1,1,2,1,7,1598,1,2,3,1
201305AA01224,2,9,0,18,0,8,0,0,0,0,3,1,2,2,7,-1,-1,-1,3,1
201305AA01229,1,9,0,9,0,8,0,0,0,0,4,1,6,1,4,1149,1,6,10,1
201305AA01229,2,9,0,18,0,8,0,0,0,0,1,1,6,2,4,1149,1,9,6,1
201305AA01237,1,9,0,18,0,0,1,0,0,0,1,1,6,1,7,1796,1,12,1,1
201305AA01266,1,9,0,3,0,1,0,0,0,0,2,1,2,1,7,1910,2,5,9,2
201305AA01266,2,9,0,3,0,1,0,0,0,0,2,1,2,1,6,1242,1,7,-1,1
201305AA01266,3,9,0,18,0,1,1,0,0,0,1,1,1,1,7,-1,-1,-1,1,1
201305AA01287,1,9,0,9,0,6,0,0,0,0,1,1,6,1,5,1998,1,8,5,1
201305AA01287,2,9,0,18,0,8,0,0,0,0,4,1,6,1,7,1796,1,12,3,1
201305AA01291,1,9,0,9,0,6,0,0,0,0,1,1,2,1,6,1590,1,8,9,1
201305AA01292,1,9,0,18,0,6,0,0,0,0,2,1,6,2,10,1240,1,9,10,1
201305AA01292,2,1,0,18,0,8,0,0,0,0,1,1,6,1,6,-1,-1,-1,6,1
201305AA01297,1,9,0,18,0,0,0,0,0,0,1,1,6,1,11,-1,-1,-1,1,1
201305AA01307,1,9,0,9,0,5,0,0,0,0,4,1,6,1,10,1686,2,4,1,1
201305AA01307,2,4,0,18,0,1,0,0,0,0,1,1,6,1,8,647,1,12,2,1
201305AA01319,1,9,0,6,0,3,0,0,0,0,3,1,1,2,7,1461,2,9,1,1
201305AA01319,2,9,0,18,0,3,0,0,0,0,1,1,1,1,8,1753,2,3,8,1