Accident_Index,Vehicle_Reference,Vehicle_Type,Towing_and_Articulation,Vehicle_Manoeuvre,Vehicle_Location-Restricted_Lane,Junction_Location,Skidding_and_Overturning,Hit_Object_in_Carriageway,Vehicle_Leaving_Carriageway,Hit_Object_off_Carriageway,1st_Point_of_Impact,Was_Vehicle_Left_Hand_Drive?,Journey_Purpose_of_Driver,Sex_of_Driver,Age_Band_of_Driver,Engine_Capacity_(CC),Propulsion_Code,Age_of_Vehicle,Driver_IMD_Decile,Driver_Home_Area_Type
201305AA01327,1,9,0,18,0,3,1,0,7,10,1,1,6,1,7,1830,1,19,4,1
201305AA01340,1,9,0,9,0,1,0,0,0,0,1,1,6,2,6,1149,1,4,-1,-1
201305AA01340,2,9,0,18,0,1,0,0,0,0,1,1,1,1,6,1910,2,7,-1,-1
201305AA01341,1,9,0,18,0,8,0,0,1,0,1,1,6,1,-1,-1,-1,-1,-1,-1
201305AA01349,1,9,0,16,0,0,1,0,7,7,3,1,6,2,5,1199,1,11,7,1
201305AA01349,2,9,0,16,0,0,1,0,1,9,0,1,6,2,5,1242,1,3,7,1
201305AA01349,3,9,0,2,0,0,0,0,0,0,2,1,6,1,7,1995,2,8,7,1
201305AA01349,4,9,0,16,0,0,1,0,0,0,1,1,6,1,5,1596,1,4,8,1
201305AA01349,5,9,0,16,0,0,1,0,0,0,1,1,6,1,5,1399,2,5,6,1
201305AA01351,1,11,0,5,0,6,0,0,0,0,4,1,1,1,8,-1,2,14,7,1
201305AA01351,2,9,0,5,0,8,0,0,1,10,1,1,6,2,11,1598,1,14,-1,-1
201305AA01360,1,17,0,9,0,0,0,0,0,0,3,1,6,1,9,-1,2,35,9,1
201305AA01360,2,9,0,18,0,0,0,0,0,0,1,1,6,2,9,1248,1,1,9,3
201305AA01362,1,9,0,7,0,3,0,0,0,0,1,1,6,1,5,1240,1,10,3,1
201305AA01362,2,1,0,18,0,8,0,0,0,0,2,1,6,1,8,-1,-1,-1,8,1
201305AA01366,1,4,0,17,0,0,1,0,0,0,1,1,6,1,4,-1,-1,-1,-1,-1
201305AA01366,2,9,0,1,0,0,0,0,0,0,4,1,6,1,7,2157,1,14,2,1
201305AA01406,1,9,0,18,0,0,0,0,0,0,1,1,6,1,5,1199,1,14,1,1
201305AA01406,2,9,0,2,0,0,0,0,0,0,2,1,6,2,7,1390,1,13,-1,-1
201305AA01406,3,9,0,2,0,0,0,0,0,0,1,1,6,1,6,1364,1,6,-1,-1
201305AA01410,1,9,0,4,0,8,0,0,0,0,1,1,6,1,-1,1989,1,13,-1,-1
201305AA01410,2,9,0,3,0,8,0,0,0,0,2,1,6,2,5,-1,-1,-1,-1,-1
201305AA01412,1,9,0,1,0,0,0,0,0,0,2,1,6,2,9,1229,1,8,-1,-1
201305AA01428,1,9,0,5,0,2,0,0,0,0,1,1,2,2,8,1399,2,4,9,1
201305AA01429,1,9,0,18,0,1,0,0,0,0,0,1,1,1,7,1753,2,3,-1,-1
201305AA01429,2,9,0,7,0,5,1,0,1,10,1,1,6,1,7,3175,1,11,3,1
201305AA01434,1,8,0,5,0,6,0,0,0,0,3,1,1,1,5,1910,2,5,4,1
201305AA01434,2,8,0,18,0,8,0,0,0,0,1,1,1,1,7,2997,1,6,-1,-1
201305AA01437,1,9,0,18,0,0,0,0,0,0,1,1,2,2,7,1798,1,8,6,1
201305AA01441,1,9,0,3,0,3,0,0,0,0,2,1,6,2,6,1242,1,5,8,1
201305AA01441,2,9,0,4,0,3,0,0,0,0,1,1,6,1,4,1240,1,3,9,1
201305AA01452,1,9,0,18,0,8,0,0,0,0,1,1,6,3,-1,-1,-1,-1,-1,-1
201305AA01452,2,9,0,3,0,8,0,0,0,0,2,1,6,2,6,1598,1,6,3,1
201305AA01473,1,9,0,13,0,0,0,0,0,0,4,1,6,2,8,1591,1,1,3,1
201305AA01473,2,1,0,18,0,0,2,0,0,0,3,1,6,1,7,-1,-1,-1,9,1
201305AA01474,1,9,0,9,0,8,0,0,0,0,1,1,1,2,7,1364,1,4,7,1
201305AA01474,2,3,0,3,0,1,5,0,0,0,1,1,1,2,7,124,1,8,4,1
201305AA01479,1,5,0,4,0,1,2,0,0,0,4,1,2,1,7,640,1,11,2,1
201305AA01481,1,9,0,18,0,2,0,0,0,0,3,1,6,1,6,1598,1,2,5,1
201305AA01483,1,9,0,12,6,0,5,0,4,7,1,1,6,1,10,1560,2,3,-1,3
201305AA01506,1,9,0,18,0,8,0,0,0,0,1,1,2,1,6,1596,1,7,2,1
201305AA01507,1,9,0,18,0,2,0,0,0,0,1,1,6,1,6,1997,2,9,2,1
201305AA01521,1,9,0,18,0,1,0,4,0,0,1,1,6,1,9,1794,1,9,5,1
201305AA01521,2,21,0,2,0,1,0,0,0,0,2,1,1,1,8,-1,-1,-1,1,1
201305AA01522,1,9,0,4,0,0,0,0,0,0,1,1,6,2,9,1598,1,1,6,1
201305AA01522,2,19,0,4,0,0,0,0,0,0,2,1,2,1,8,1896,2,3,10,1
201305AA01526,1,9,0,18,0,8,0,0,0,0,1,1,1,1,-1,1870,2,7,1,1
201305AA01526,2,9,0,10,0,5,0,0,0,0,2,1,1,2,4,1242,1,1,1,1
201305AA01552,1,1,0,5,0,0,0,0,0,0,3,1,6,1,3,-1,-1,-1,4,1
201305AA01552,2,9,0,16,0,0,0,0,0,0,1,1,6,2,6,1398,1,1,1,1
201305AA01556,1,9,0,9,0,5,0,0,0,0,4,1,6,1,4,-1,-1,-1,-1,-1
201305AA01556,2,3,0,18,0,1,1,4,0,0,1,1,6,1,4,125,1,8,10,1
201305AA01556,3,9,0,2,0,2,0,0,0,0,3,1,6,1,8,1364,1,8,3,1
201305AA01560,1,9,0,9,0,5,0,0,0,0,0,1,6,1,10,1364,1,8,-1,-1
201305AA01560,2,1,0,18,0,8,0,0,0,0,0,1,6,1,9,-1,-1,-1,9,1
201305AA01573,1,9,0,18,0,0,0,0,0,0,1,1,6,1,9,1598,1,8,1,1
201305AA01580,1,9,0,9,0,8,0,0,0,0,1,1,6,1,7,1796,1,10,7,1
201305AA01580,2,9,0,18,0,8,0,0,0,0,1,1,6,1,5,1229,1,7,4,2
201305AA01582,1,9,0,18,0,0,0,0,7,0,1,1,6,2,7,1598,1,1,2,1
201305AA01582,2,9,0,18,0,0,0,0,1,0,1,1,2,2,9,1968,2,5,5,1
201305AA01586,1,9,0,18,0,0,0,0,0,0,1,1,1,1,8,2231,2,8,3,1
201305AA01595,1,9,0,9,0,5,0,0,0,0,3,1,2,2,8,2993,2,8,7,1
201305AA01595,2,2,0,18,0,8,5,0,0,0,1,1,2,1,7,124,1,7,1,1
201305AA01599,1,9,0,3,0,2,0,0,0,0,2,1,1,2,6,1229,1,4,10,1
201305AA01599,2,9,0,7,0,6,0,0,0,0,1,1,6,1,-1,-1,-1,-1,-1,-1
201305AA01606,1,9,0,1,0,1,0,0,0,0,2,1,6,1,8,1794,1,10,9,1
201305AA01625,1,9,0,18,0,1,0,0,0,0,1,1,6,1,-1,1596,1,7,-1,-1
201305AA01625,2,1,0,18,0,8,0,0,0,0,3,1,2,1,4,-1,-1,-1,4,1
201305AA01627,1,9,0,18,0,8,0,0,0,0,4,1,6,1,7,1598,1,14,1,1
201305AA01627,2,3,0,18,0,8,0,0,1,0,1,1,6,1,6,124,1,11,3,1
201305AA01631,1,9,0,9,0,1,0,0,0,0,4,1,6,2,9,-1,-1,-1,8,1
201305AA01631,2,1,0,13,0,1,0,0,1,0,3,1,6,1,6,-1,-1,-1,3,1
201305AA01636,1,9,0,18,0,8,0,0,0,0,1,1,6,1,8,1199,1,10,2,1
201305AA01636,2,9,0,10,0,8,0,0,0,0,2,1,6,1,6,1988,1,14,7,1
201305AA01642,1,9,0,18,0,6,0,0,0,0,1,1,6,2,11,1199,1,9,9,1
201305AA01642,2,9,0,18,0,8,0,0,1,0,1,1,6,1,7,1896,1,17,-1,-1
201305AA01643,1,9,0,9,0,0,0,0,0,0,1,1,6,1,7,1956,2,2,5,1
201305AA01643,2,9,0,18,0,0,0,0,0,0,3,1,6,1,7,1686,2,2,5,1
201305AA01670,1,9,0,18,0,8,0,0,0,0,1,1,6,1,-1,2993,2,9,-1,-1
201305AA01670,2,9,0,18,0,8,0,0,0,0,2,1,6,2,4,998,1,11,3,1
201305AA01686,1,9,0,18,0,1,0,0,7,10,1,1,6,1,5,-1,-1,-1,7,3
201305AA01713,1,9,0,18,0,0,0,0,0,0,1,1,6,1,6,1360,1,5,9,1
201305AA01726,1,9,0,18,0,0,0,0,4,6,1,1,2,2,6,1242,1,4,6,1
201305AA01741,1,9,0,18,0,0,0,0,1,0,1,1,6,1,8,1598,1,10,2,1
201305AA01741,2,9,0,18,0,0,0,0,1,0,2,1,6,1,8,1870,2,1,7,1
201305AA01761,1,9,0,18,0,8,0,0,0,0,1,1,6,1,8,1299,1,9,1,1
201305AA01762,1,9,0,17,0,0,2,0,1,11,1,1,2,2,5,1360,1,7,10,1
201305AA01764,1,9,0,18,0,8,0,0,0,0,1,1,6,2,7,1124,1,9,3,1
201305AA01764,2,9,0,10,0,8,0,0,0,0,2,1,2,2,7,1796,1,9,5,1
201305AA01771,1,11,0,18,0,8,0,0,0,0,1,1,1,1,8,3900,2,8,3,1
201305AA01771,2,9,0,9,0,8,0,0,0,0,3,1,6,1,9,1587,1,8,3,1
201305AA01782,1,9,0,18,0,8,0,0,0,0,2,1,1,1,9,-1,-1,-1,4,1
201305AA01782,2,9,0,18,0,8,0,0,0,0,1,1,6,1,7,1398,1,1,1,1
201305AA01793,1,11,0,18,0,8,0,0,0,0,0,1,1,1,7,6700,2,4,1,1
201305AA01807,1,9,0,18,0,0,0,0,0,0,1,1,6,1,6,1461,2,3,1,1
201305AA01810,1,9,0,18,0,8,0,4,0,0,1,1,6,1,11,998,1,2,7,1
201305AA01810,2,9,0,2,0,8,0,0,0,0,2,1,6,1,9,1199,1,12,-1,-1
201305AA01812,1,9,0,3,0,1,0,0,0,0,2,1,6,2,9,1598,1,4,7,1
201305AA01812,2,19,0,18,0,1,0,0,0,0,1,1,6,1,9,2198,2,2,9,1
201305AA01820,1,9,0,4,0,1,0,0,0,0,1,1,6,1,7,1998,1,10,9,1
201305AA01820,2,9,0,3,0,1,0,0,0,0,2,1,6,1,8,1783,1,9,9,1
201305AA01855,1,9,0,17,0,8,0,0,0,0,1,1,6,1,6,1242,1,10,2,1
201305AA01858,1,9,0,18,0,2,0,0,0,0,1,1,6,2,6,1956,2,1,1,1
201305AA01872,1,9,0,18,0,8,0,4,0,0,1,1,6,2,6,2393,1,10,3,1
201305AA01872,2,9,0,2,0,8,0,0,1,0,3,1,6,1,8,2295,1,14,-1,-1
201305AA01875,1,9,0,5,0,2,0,0,0,0,1,1,6,1,5,1596,1,8,9,1
201305AA01878,1,9,0,18,0,0,0,0,0,0,4,1,6,2,6,1339,1,9,5,1
201305AA01885,1,21,0,17,0,8,0,0,0,0,0,1,1,1,6,10837,2,1,9,1
201305AA01885,2,9,0,3,0,1,0,0,0,0,1,1,6,1,6,1596,1,11,3,1
201305AA01897,1,9,0,18,0,0,0,0,0,0,4,1,2,2,6,1598,1,4,9,1
201305AA01914,1,11,0,18,0,0,0,0,1,7,1,1,1,1,9,-1,2,12,7,1
201305AA01932,1,1,0,18,0,8,0,0,0,0,1,1,6,1,6,-1,-1,-1,1,1
201305AA01932,2,9,0,18,0,8,0,0,0,0,4,1,6,2,4,1199,1,12,9,3
201305AA01934,1,9,0,17,0,0,1,0,0,0,1,1,2,2,8,998,1,16,6,1
201305AA01934,2,9,0,16,0,0,0,0,1,0,1,1,2,1,8,1489,1,16,8,1
201305AA01943,1,9,0,9,0,8,0,0,0,0,1,1,6,1,9,1364,1,3,4,1
201305AA01943,2,9,0,18,0,8,0,0,0,0,3,1,6,1,8,1995,1,10,7,1
201305AA01975,1,19,0,18,0,0,0,0,0,0,0,1,1,2,6,1753,2,4,-1,-1
201305AA01975,2,9,0,18,0,0,0,0,7,7,3,1,6,1,8,1956,2,1,5,1
201305AA01981,1,9,0,4,0,6,1,0,0,0,1,1,6,1,5,1199,1,9,8,1
201305AA01981,2,9,0,18,0,1,1,0,7,11,4,1,6,2,7,1598,1,7,2,1
201305AA01989,1,9,0,18,0,0,0,0,0,0,1,1,1,2,8,1560,2,2,8,1
201305AA02001,1,9,0,18,0,2,0,0,1,10,1,1,6,1,9,1598,1,3,8,1
201305AA02001,2,9,0,2,0,2,0,0,0,0,2,1,6,2,-1,1560,2,3,-1,-1
201305AA02002,1,9,0,18,0,8,0,0,0,0,3,1,6,1,9,1968,2,4,3,1
201305AA02002,2,8,0,18,0,8,0,0,0,0,1,1,1,1,9,1997,2,7,1,1
201305AA02008,1,4,0,18,0,0,0,0,0,0,1,1,6,1,5,652,1,8,6,1
201305AA02008,2,9,0,18,0,0,0,0,0,0,2,1,6,1,7,1910,2,6,2,1
201305AA02018,1,9,0,16,0,0,1,0,8,7,3,1,6,1,7,1598,1,9,1,1
201305AA02018,2,9,0,16,0,0,0,0,0,0,0,1,6,1,-1,-1,-1,-1,-1,-1
201305AA02021,1,9,0,18,0,0,0,0,0,0,1,1,6,1,-1,1910,2,7,-1,-1
201305AA02021,2,9,0,18,0,0,0,0,1,7,2,1,6,2,11,1240,1,3,7,1
201305AA02072,1,9,0,18,0,8,0,0,0,0,1,1,1,1,7,-1,-1,-1,-1,-1
201305AA02102,1,9,0,7,0,8,0,0,0,0,1,1,2,1,8,1997,2,4,1,1
201305AA02102,2,1,0,17,0,8,0,0,0,0,4,1,6,1,6,-1,-1,-1,6,1
201305AA02116,1,9,0,9,0,6,0,0,0,0,1,1,6,1,10,1995,2,5,6,1
201305AA02116,2,4,0,18,0,8,0,0,0,0,1,1,6,1,6,124,1,2,6,1
201305AA02137,1,9,0,18,0,0,0,4,0,0,1,1,6,1,6,1560,2,1,2,1
201305AA02137,2,9,0,2,0,0,0,0,0,0,2,1,6,1,-1,1497,1,10,-1,-1
201305AA02151,1,1,0,18,0,1,0,0,0,0,1,1,6,1,6,-1,-1,-1,7,1
201305AA02151,2,9,0,18,0,1,0,0,0,0,1,1,6,2,6,1598,1,5,4,1
201305AA02158,1,9,0,18,0,0,1,0,0,0,1,1,6,2,4,1388,1,9,2,1
201305AA02158,2,9,0,18,0,0,0,0,1,11,3,1,6,1,4,1360,1,18,9,1
201305AA02168,1,9,0,9,0,8,0,0,0,0,1,1,6,1,6,1796,1,11,5,1
201305AA02168,2,9,0,18,0,8,0,0,0,0,3,1,6,1,9,1995,2,2,-1,2
201305AA02177,1,9,0,18,0,4,0,9,3,1,1,1,6,2,10,1364,1,3,9,1
201305AA02194,1,9,0,2,0,1,0,0,0,0,3,1,6,1,9,1299,1,17,1,1
201305AA02197,1,9,0,18,0,5,0,0,0,0,1,1,6,1,11,1240,1,10,9,1
201305AA02197,2,9,0,18,0,1,0,0,0,0,3,1,6,2,8,1362,1,1,1,1
201305AA02207,1,9,0,18,0,4,0,0,0,0,3,1,6,1,-1,1397,1,11,-1,-1
201305AA02207,2,1,0,18,0,8,0,0,0,0,1,1,2,1,6,-1,-1,-1,1,1
201305AA02208,1,11,0,18,0,1,0,0,1,2,1,1,1,1,8,-1,2,16,1,1
201305AA02213,1,9,0,1,0,0,0,0,0,0,3,1,6,1,11,1598,1,1,8,1
201305AA02214,1,5,0,18,0,7,0,0,0,0,4,1,6,2,6,696,1,4,6,1
201305AA02228,1,2,0,18,0,8,0,0,0,0,1,1,1,1,4,49,1,13,2,1
201305AA02228,2,9,0,18,0,8,0,0,0,0,2,1,1,2,7,1242,1,14,1,1
201305AA02229,1,2,0,18,0,8,0,4,0,0,1,1,6,1,4,-1,-1,-1,-1,-1
201305AA02229,2,1,0,2,0,8,0,0,0,0,4,1,1,1,7,-1,-1,-1,-1,-1
201305AA02235,1,9,0,18,8,8,0,0,0,0,4,1,6,2,7,2497,1,11,1,1
201305AA02235,2,9,0,2,0,8,0,0,0,0,0,1,6,1,6,1598,1,8,-1,-1
201305AA02240,1,9,0,16,0,1,0,10,3,1,1,1,6,1,6,1796,1,8,6,1
201305AA02253,1,9,0,18,0,8,0,0,0,0,1,1,1,1,6,1753,2,3,-1,-1
201305AA02253,2,9,0,18,0,8,0,0,0,0,1,1,6,2,8,973,1,11,7,1
201305AA02269,1,9,0,9,0,8,0,0,0,0,1,1,6,3,-1,-1,-1,-1,-1,-1
201305AA02273,1,11,0,4,0,0,0,0,0,0,1,1,1,3,-1,-1,-1,-1,-1,-1
201305AA02290,1,9,0,18,0,8,1,0,1,10,3,1,6,1,4,1595,1,23,8,1
201305AA02290,2,9,0,18,0,8,0,0,0,0,1,1,6,2,5,1596,1,5,1,1
201305AA02303,1,9,0,12,0,0,0,0,0,0,0,1,6,3,-1,-1,-1,-1,-1,-1
201305AA02303,2,9,0,18,0,0,0,0,2,7,1,1,6,2,6,1896,2,8,4,1
201305AA02311,1,9,0,18,0,1,0,0,0,0,3,1,3,2,7,1124,1,12,1,1
201305AA02320,1,9,0,9,0,8,0,0,0,0,1,1,6,1,5,1149,1,13,2,1
201305AA02320,2,3,0,18,0,8,0,0,0,0,1,1,6,1,9,-1,-1,-1,-1,-1
201305AA02326,1,9,0,18,0,0,0,0,0,0,4,1,3,2,7,1240,1,9,4,1
201305AA02333,1,5,0,16,0,0,0,0,6,6,1,1,6,1,5,600,1,10,1,1
201305AA02349,1,9,0,18,0,4,0,0,0,0,1,1,6,2,11,1339,1,3,8,1
201305AA02349,2,4,0,18,0,8,0,0,0,0,4,1,6,1,4,124,1,14,9,1
201305AA02352,1,9,0,18,0,8,0,0,0,0,1,1,6,2,10,-1,-1,-1,10,1
201305AA02352,2,1,0,18,0,8,5,0,0,0,4,1,6,1,5,-1,-1,-1,10,1
201305AA02379,1,9,0,2,0,0,0,0,0,0,3,1,1,1,7,-1,-1,-1,1,1
201305AA02379,2,9,0,18,0,0,0,0,0,0,1,1,6,2,7,1149,1,5,9,1
201305AA02390,1,1,0,18,0,8,0,0,0,0,1,1,6,2,2,-1,-1,-1,1,1
201305AA02390,2,9,0,18,0,8,0,0,0,0,3,1,1,1,8,1998,2,7,1,1
201305AA02406,1,20,0,18,0,0,0,0,0,0,0,1,1,1,8,10000,2,29,1,1
201305AA02406,2,9,0,18,0,0,0,0,0,0,3,1,6,2,7,1783,1,11,1,1
201305AA02414,1,9,0,18,0,6,0,0,0,0,1,1,6,1,10,1796,1,10,6,1
201305AA02414,2,9,0,18,0,8,0,0,0,0,3,1,6,2,6,998,1,-1,1,1
201305AA02421,1,9,0,18,0,6,0,0,0,0,1,1,6,1,9,1596,1,11,1,1
201305AA02421,2,9,0,18,0,8,0,0,0,0,1,1,6,2,6,1598,1,9,2,1
201305AA02422,1,9,0,18,0,1,0,0,0,0,1,1,6,2,6,1242,1,4,2,1
201305AA02423,1,9,0,4,0,4,0,0,0,0,1,1,6,2,-1,1596,1,11,1,1
201305AA02423,2,9,0,3,0,4,0,0,0,0,2,1,6,2,5,1598,1,11,1,1
201305AA02427,1,11,0,18,0,8,0,0,0,0,3,1,1,1,9,-1,2,12,2,1
201305AA02427,2,1,0,7,0,8,0,0,0,0,1,1,6,2,2,-1,-1,-1,2,1
201305AA02430,1,8,0,18,0,0,0,0,0,0,4,1,6,1,6,1910,2,5,1,1
201305AA02441,1,9,0,18,0,1,0,0,0,0,3,1,6,2,10,1388,1,4,9,1
201305AA02442,1,9,0,9,0,8,0,0,0,0,1,1,6,1,6,1868,2,13,-1,1
201305AA02442,2,9,0,18,0,8,0,0,0,0,3,1,6,1,6,1896,2,9,2,1
201305AA02459,1,21,1,9,0,8,0,0,0,0,1,1,1,1,7,-1,-1,-1,-1,-1
201305AA02459,2,9,0,18,0,8,0,0,0,0,3,1,6,1,8,1998,1,11,8,1
201305AA02462,1,9,0,18,0,6,0,0,7,10,1,1,6,2,11,1598,1,3,7,1
201305AA02462,2,9,0,2,0,8,0,0,0,0,2,1,6,3,-1,1686,2,10,-1,-1
201305AA02462,3,9,0,2,0,8,0,0,0,0,3,1,6,3,-1,3969,1,15,-1,-1
201305AA02479,1,9,0,9,0,5,0,0,0,0,1,1,6,2,8,2720,2,6,9,1
201305AA02479,2,4,0,18,0,8,0,0,0,0,1,1,6,2,5,-1,-1,-1,9,1
201305AA02514,1,1,0,18,0,2,0,0,0,0,1,1,6,2,2,-1,-1,-1,1,1
201305AA02514,2,9,0,7,0,5,0,0,0,0,4,1,6,1,6,1124,1,10,1,1
201305AA02518,1,9,0,9,0,8,0,0,0,0,4,1,2,1,4,1229,1,6,10,1
201305AA02518,2,9,0,18,0,1,0,0,0,0,1,1,2,1,7,2967,1,6,8,1
201305AA02542,1,90,0,9,0,6,0,0,0,0,1,1,6,1,11,-1,-1,-1,9,1
201305AA02542,2,9,0,18,0,8,0,0,0,0,1,1,6,2,5,998,1,11,8,1
201305AA02547,1,9,0,9,0,1,0,0,0,0,4,1,6,2,8,1596,1,2,9,1
201305AA02547,2,9,0,18,0,1,0,0,0,0,1,1,6,1,10,1598,2,2,7,1
201305AA02562,1,9,0,18,0,8,0,0,0,0,1,1,6,2,7,1598,1,6,1,1
201305AA02562,2,9,0,18,0,8,0,0,0,0,1,1,6,2,6,1363,2,10,3,1
201305AA02570,1,9,0,18,0,8,0,0,0,0,1,1,6,2,7,1598,1,12,8,1
201305AA02570,2,1,0,18,0,8,5,0,0,0,1,1,6,1,9,-1,-1,-1,4,1
201305AA02570,3,9,0,3,0,1,0,0,0,0,3,1,6,2,5,-1,-1,-1,10,1
201305AA02571,1,9,0,18,0,6,0,0,2,0,4,1,6,1,5,1686,2,10,-1,3
201305AA02571,2,9,0,18,0,8,0,0,1,0,1,1,6,2,6,1968,2,3,1,1
201305AA02571,3,9,0,2,0,2,0,0,0,0,0,1,6,3,-1,1299,1,15,-1,-1
201305AA02571,4,9,0,2,0,2,0,0,0,0,1,1,6,3,-1,1299,1,12,-1,-1
201305AA02591,1,9,0,3,0,0,0,0,0,0,1,1,6,2,7,1598,1,7,1,1
201305AA02591,2,9,0,3,0,0,0,0,0,0,2,1,6,1,4,1600,1,13,7,1
201305AA02591,3,9,0,3,0,0,0,0,0,0,2,1,6,2,7,998,1,8,4,1
201305AA02601,1,9,0,18,0,6,0,0,0,0,1,1,6,2,8,1598,1,2,4,1
201305AA02601,2,9,0,10,0,6,0,0,0,0,2,1,6,2,8,1199,2,2,9,1
201305AA02610,1,9,0,18,0,2,0,0,0,0,1,1,6,2,5,1149,1,9,6,1
201305AA02610,2,9,0,18,0,2,0,0,0,0,2,1,6,1,6,2926,2,10,8,1
201305AA02611,1,3,0,18,0,0,1,10,4,2,3,1,6,1,6,125,1,-1,3,1
201305AA02613,1,9,0,18,0,0,0,0,0,0,1,1,6,1,9,1799,1,7,5,1
201305AA02624,1,19,0,9,0,6,0,0,0,0,1,1,1,1,7,2151,2,9,1,1
201305AA02624,2,9,0,18,0,8,0,0,0,0,3,1,1,1,7,-1,-1,-1,1,1
201305AA02635,1,9,0,3,0,1,0,0,0,0,2,1,1,1,8,1968,2,4,1,1
201305AA02635,2,9,0,18,0,1,0,0,0,0,1,1,6,1,7,1956,2,1,10,1
201305AA02686,1,9,0,9,0,1,0,0,0,0,1,1,6,1,8,1753,2,6,9,1
201305AA02686,2,9,0,4,0,1,0,0,0,0,1,1,6,2,7,1229,1,5,5,1
201305AA02706,1,9,0,18,0,6,0,0,0,0,1,1,6,2,8,1461,2,6,5,1
201305AA02706,2,1,0,9,0,5,0,0,0,0,3,1,6,1,8,-1,-1,-1,1,1
201305AA02710,1,9,0,4,0,8,0,0,0,0,1,1,6,2,4,1461,2,6,5,1
201305AA02710,2,9,0,3,0,8,0,0,0,0,2,1,6,2,5,1229,1,8,-1,-1
201305AA02713,1,9,0,3,0,1,0,0,0,0,1,1,1,2,7,1975,1,9,3,1
201305AA02713,2,5,0,3,0,1,0,0,0,0,2,1,1,1,7,1200,1,4,7,1
201305AA02720,1,11,0,18,0,0,0,0,0,0,4,1,1,1,9,6700,2,4,1,1
201305AA02755,1,9,0,18,0,0,0,0,0,0,1,1,6,1,5,1596,1,9,3,1
201305AA02774,1,9,0,9,0,8,0,0,0,0,1,1,6,2,5,1998,1,11,1,1
201305AA02774,2,9,0,18,0,8,0,0,0,0,1,1,6,2,6,1998,1,6,1,1
201305AA02778,1,3,0,9,0,8,0,0,0,0,1,1,6,1,5,124,1,4,7,1
201305AA02778,2,9,0,9,0,8,0,0,0,0,3,1,6,1,9,1997,2,4,7,1
201305AA02781,1,9,0,18,0,0,0,0,0,0,3,1,1,1,8,1582,2,1,-1,-1
201305AA02795,1,9,0,18,0,8,0,0,0,0,4,1,6,1,10,2148,2,5,1,1
201305AA02795,2,1,0,18,0,8,5,0,0,0,3,1,6,1,6,-1,-1,-1,1,1
201305AA02799,1,8,0,9,0,0,0,0,0,0,1,1,1,1,8,1997,2,5,1,1
201305AA02799,2,9,0,18,0,0,0,0,0,0,1,1,6,1,6,1598,1,8,3,1
201305AA02808,1,9,0,9,0,8,0,0,0,0,4,1,1,1,8,1998,2,2,1,1
201305AA02808,2,9,0,18,0,8,0,0,0,0,3,1,6,1,5,1596,1,6,6,1
201305AA02813,1,9,0,9,0,8,0,0,0,0,3,1,6,1,-1,1956,2,4,-1,-1
201305AA02813,2,9,0,18,0,8,0,0,0,0,1,1,6,2,5,1396,1,12,6,1
201305AA02827,1,9,0,7,0,8,1,0,1,10,3,1,1,1,6,1968,2,6,1,1
201305AA02836,1,9,0,18,0,8,0,0,0,0,1,1,6,1,7,1596,1,4,4,1
201305AA02836,2,9,0,18,0,8,0,0,0,0,3,1,6,1,7,1984,1,11,1,1
201305AA02839,1,3,0,18,0,8,0,0,0,0,1,1,6,1,8,123,1,6,5,1
201305AA02839,2,9,0,18,0,8,0,0,0,0,2,1,6,1,9,1461,2,9,7,1
201305AA02862,1,1,0,18,0,1,0,0,0,0,1,1,2,1,6,-1,-1,-1,1,1
201305AA02862,2,9,0,14,0,1,0,0,0,0,4,1,2,1,8,1956,2,1,5,1
201305AA02862,3,11,0,3,0,1,0,0,0,0,0,1,1,1,9,4500,2,1,1,1
201305AA02864,1,1,0,18,0,7,0,0,0,0,1,1,6,1,7,-1,-1,-1,6,1
201305AA02864,2,9,0,18,0,1,0,0,0,0,1,1,6,1,8,1968,2,1,6,1
201305AA02865,1,9,0,18,0,0,0,0,0,0,1,1,2,1,7,1328,1,3,4,1
201305AA02865,2,9,0,9,0,0,0,0,0,0,4,1,6,2,5,1299,1,11,9,1
201305AA02866,1,9,0,18,0,0,0,0,0,0,1,1,6,1,11,1399,1,5,10,1
201305AA02866,2,9,0,18,0,0,0,0,0,0,1,1,6,2,8,1598,2,2,10,1
201305AA02867,1,9,0,18,0,1,0,4,0,0,1,1,6,2,4,1242,1,4,9,1
201305AA02867,2,8,0,2,0,1,0,0,0,0,3,1,6,2,-1,1948,1,10,-1,-1
201305AA02867,3,9,0,2,0,1,0,0,0,0,4,1,6,1,5,1388,1,9,-1,-1
201305AA02870,1,9,0,7,0,2,0,0,0,0,1,1,6,2,4,1596,1,1,1,1
201305AA02870,2,9,0,18,0,2,1,7,0,0,4,1,6,1,7,1984,1,6,1,1
201305AA02874,1,9,0,7,0,6,0,0,0,0,3,1,6,1,10,1596,1,6,9,1
201305AA02874,2,1,0,18,0,8,0,0,0,0,4,1,6,2,8,-1,-1,-1,4,1
201305AA02875,1,19,0,18,0,1,0,0,0,0,1,1,1,1,9,2287,2,2,2,1
201305AA02875,2,9,0,4,0,1,0,0,0,0,2,1,6,1,7,1598,1,5,2,1
201305AA02875,3,9,0,3,0,1,0,0,0,0,0,1,1,1,6,1968,2,3,-1,-1
201305AA02876,1,9,0,18,0,8,0,0,0,0,1,1,6,1,4,1199,1,12,8,1
201305AA02876,2,9,0,5,0,6,0,0,0,0,3,1,6,1,7,1998,1,8,6,1
201305AA02878,1,9,0,9,0,6,0,0,0,0,3,1,6,2,6,1997,2,2,10,1