Accident_Index,Vehicle_Reference,Vehicle_Type,Towing_and_Articulation,Vehicle_Manoeuvre,Vehicle_Location-Restricted_Lane,Junction_Location,Skidding_and_Overturning,Hit_Object_in_Carriageway,Vehicle_Leaving_Carriageway,Hit_Object_off_Carriageway,1st_Point_of_Impact,Was_Vehicle_Left_Hand_Drive?,Journey_Purpose_of_Driver,Sex_of_Driver,Age_Band_of_Driver,Engine_Capacity_(CC),Propulsion_Code,Age_of_Vehicle,Driver_IMD_Decile,Driver_Home_Area_Type
201305AA02881,1,9,0,18,0,8,0,0,3,11,1,1,6,2,9,1108,1,12,7,1
201305AA02883,1,9,0,1,0,0,0,0,0,0,2,1,6,1,8,1896,2,3,10,1
201305AA02901,1,9,0,18,0,1,0,0,0,0,1,1,6,2,6,1242,1,11,1,1
201305AA02901,2,9,0,18,0,1,0,0,0,0,2,1,6,1,5,1388,1,6,7,1
201305AA02904,1,9,0,7,0,3,0,0,0,0,4,1,6,1,-1,-1,-1,-1,-1,-1
201305AA02904,2,1,0,16,0,8,0,0,0,0,3,1,6,1,7,-1,-1,-1,5,1
201305AA02908,1,9,0,5,0,0,0,0,0,0,1,1,6,3,-1,-1,-1,-1,-1,-1
201305AA02913,1,9,0,5,0,6,0,0,0,0,1,1,6,1,11,1997,2,3,7,1
201305AA02913,2,1,0,17,0,8,0,0,0,0,1,1,2,1,7,-1,-1,-1,5,1
201305AA02917,1,9,0,9,0,6,0,0,0,0,1,1,6,1,9,1997,1,9,9,1
201305AA02917,2,9,0,18,0,8,0,0,0,0,1,1,6,1,6,998,1,9,2,1
201305AA02942,1,9,0,18,0,8,0,0,0,0,1,1,2,1,7,1360,1,3,2,1
201305AA02942,2,9,0,18,0,8,0,0,1,10,4,1,2,2,6,2521,1,7,2,1
201305AA02945,1,9,0,3,0,2,0,0,0,0,1,1,6,2,7,1198,1,7,9,1
201305AA02945,2,9,0,18,0,2,0,0,0,0,2,1,6,2,7,1598,1,9,3,1
201305AA02950,1,9,0,9,0,8,0,0,0,0,1,1,1,1,10,1998,1,8,8,1
201305AA02950,2,1,0,18,0,8,0,0,0,0,1,1,6,1,6,-1,-1,-1,10,1
201305AA02956,1,8,0,18,0,8,0,0,0,0,1,1,6,1,8,-1,-1,-1,-1,-1
201305AA02957,1,5,0,18,0,0,5,0,0,0,1,1,6,1,7,865,1,6,8,1
201305AA02957,2,9,0,18,0,0,0,0,0,0,2,1,6,2,11,998,1,9,1,1
201305AA02960,1,9,0,18,0,0,0,0,0,0,1,1,6,1,8,-1,-1,-1,9,1
201305AA02960,2,9,0,18,0,0,0,0,0,0,2,1,6,1,9,1388,1,10,5,1
201305AA02994,1,9,0,9,0,8,0,0,0,0,1,1,6,2,8,1298,1,11,3,1
201305AA02994,2,9,0,17,0,8,0,0,0,0,1,1,6,2,6,1968,2,2,1,1
201305AA03008,1,9,0,6,0,0,0,0,0,0,3,1,6,1,8,1299,1,5,5,1
201305AA03008,2,9,0,18,0,0,0,0,0,0,1,1,6,2,6,1995,2,1,9,1
201305AA03010,1,9,0,17,0,8,0,0,0,0,1,1,1,1,7,-1,-1,-1,5,1
201305AA03010,2,9,0,2,0,8,0,0,0,0,2,1,1,1,7,1390,1,1,3,1
201305AA03036,1,9,0,5,0,1,0,0,0,0,3,1,6,1,11,1798,1,12,5,1
201305AA03036,2,9,0,18,0,1,0,0,0,0,1,1,6,1,9,1598,1,11,1,1
201305AA03042,1,9,0,1,0,0,0,0,0,0,2,1,6,1,8,-1,-1,-1,10,2
201305AA03059,1,9,0,18,0,6,0,0,0,0,0,1,6,1,-1,1995,2,2,-1,-1
201305AA03059,2,9,0,7,0,8,1,7,0,0,1,1,6,2,4,1388,1,8,-1,-1
201305AA03066,1,9,0,8,0,1,0,0,0,0,1,1,6,1,8,1229,1,3,4,1
201305AA03066,2,9,0,1,0,1,0,0,0,0,2,1,6,1,8,1834,1,13,-1,-1
201305AA03083,1,9,0,18,0,0,1,10,7,4,1,1,6,1,4,1597,1,25,6,1
201305AA03083,2,11,0,18,0,0,0,0,0,0,0,1,1,1,7,3900,2,6,9,1
201305AA03083,3,9,0,18,0,0,0,0,0,0,0,1,6,1,-1,-1,-1,-1,-1,-1
201305AA03099,1,19,0,7,0,1,0,0,0,0,4,1,1,1,6,2402,2,12,7,1
201305AA03099,2,9,0,18,0,1,0,0,0,0,1,1,2,2,9,1968,2,3,9,1
201305AA03107,1,19,0,18,0,0,0,0,0,0,4,1,1,1,5,2198,2,3,1,1
201305AA03118,1,9,0,18,0,8,0,0,0,0,1,1,2,1,6,1598,1,11,-1,1
201305AA03118,2,19,0,18,0,8,2,0,7,0,4,1,2,1,8,1248,2,6,4,1
201305AA03132,1,9,0,9,0,8,0,0,0,0,4,1,6,2,6,1396,1,2,4,1
201305AA03132,2,9,0,18,0,8,0,0,0,0,1,1,6,2,4,1242,1,1,9,1
201305AA03142,1,8,0,18,0,8,0,0,0,0,1,1,1,1,6,1997,2,6,3,1
201305AA03142,2,9,0,18,0,8,0,0,0,0,3,1,2,2,5,1349,1,4,3,1
201305AA03142,3,9,0,2,0,8,0,0,0,0,3,1,6,1,-1,1461,2,3,-1,-1
201305AA03146,1,9,0,18,0,0,0,0,0,0,3,1,6,2,6,1196,1,16,9,1
201305AA03146,2,1,0,18,0,0,0,0,0,0,1,1,1,1,7,-1,-1,-1,9,1
201305AA03149,1,9,0,18,0,8,0,0,0,0,1,1,6,1,6,1598,1,11,2,1
201305AA03149,2,9,0,18,0,8,0,0,3,1,3,1,6,2,10,1396,1,3,9,1
201305AA03149,3,9,0,18,0,8,0,0,0,0,0,1,6,2,8,1598,1,9,4,1
201305AA03152,1,1,0,18,0,1,0,0,0,0,4,1,2,1,9,-1,-1,-1,7,1
201305AA03164,1,9,0,18,0,2,0,4,0,0,1,1,6,2,8,1796,1,6,9,1
201305AA03164,2,9,0,2,0,2,0,0,0,0,3,1,6,1,9,1598,1,12,-1,-1
201305AA03164,3,9,0,2,0,2,0,0,0,0,2,1,6,2,-1,1242,1,4,-1,-1
201305AA03164,4,9,0,2,0,2,0,0,0,0,2,1,6,1,-1,1995,2,5,-1,-1
201305AA03172,1,9,0,9,0,6,0,0,0,0,3,1,6,2,9,1248,2,6,2,1
201305AA03172,2,9,0,18,0,8,0,0,0,0,1,1,6,1,9,2398,1,15,10,3
201305AA03174,1,9,0,9,9,8,1,0,3,11,1,1,6,1,4,973,1,11,3,1
201305AA03183,1,9,0,18,0,0,0,0,0,0,1,1,6,1,7,1596,1,12,6,1
201305AA03183,2,11,0,2,0,0,0,0,0,0,0,1,1,1,7,-1,-1,-1,-1,-1
201305AA03187,1,9,0,9,0,8,0,0,0,0,1,1,6,2,8,1360,1,7,9,1
201305AA03187,2,3,0,18,0,8,0,0,0,0,4,1,6,1,4,124,1,10,5,1
201305AA03206,1,1,0,9,0,5,0,0,0,0,1,1,6,1,4,-1,-1,-1,3,1
201305AA03206,2,9,0,4,0,1,0,0,0,0,4,1,1,2,7,998,1,-1,3,1
201305AA03210,1,9,0,18,0,1,0,0,0,0,1,1,1,2,6,1248,2,7,-1,-1
201305AA03210,2,9,0,9,0,8,0,0,0,0,4,1,1,1,8,-1,-1,-1,-1,-1
201305AA03216,1,9,0,18,0,8,0,0,0,0,1,1,6,3,-1,-1,-1,-1,-1,-1
201305AA03217,1,9,0,1,0,1,0,0,0,0,2,1,6,1,-1,1598,1,8,-1,-1
201305AA03220,1,9,0,18,0,1,2,4,0,0,4,1,6,2,10,998,1,7,9,1
201305AA03220,2,9,0,2,0,8,0,0,0,0,3,1,6,2,-1,1242,1,11,-1,-1
201305AA03232,1,9,0,9,0,8,0,0,0,0,1,1,6,1,8,2969,2,6,6,1
201305AA03232,2,9,0,4,0,8,0,0,0,0,2,1,6,2,5,1396,1,12,1,1
201305AA03234,1,1,0,18,0,8,0,0,0,0,1,1,6,1,8,-1,-1,-1,4,1
201305AA03234,2,9,0,9,0,8,0,0,0,0,4,1,6,1,11,1229,1,2,2,1
201305AA03249,1,9,0,18,0,6,0,0,7,11,3,1,6,2,10,1364,1,8,5,1
201305AA03249,2,19,0,18,0,8,0,0,7,11,1,1,2,1,7,2299,2,1,5,1
201305AA03250,1,9,0,1,0,0,0,0,0,0,2,1,6,1,9,1997,2,12,7,1
201305AA03264,1,19,0,18,0,0,0,0,0,0,0,1,1,1,7,2198,2,1,1,1
201305AA03268,1,9,0,18,0,0,5,0,0,0,1,1,6,2,8,1796,1,13,3,1
201305AA03268,2,9,0,2,0,0,0,0,7,10,1,1,6,1,-1,1986,2,5,-1,-1
201305AA03268,3,9,0,2,0,0,0,0,0,0,1,1,6,2,-1,1968,2,2,-1,-1
201305AA03278,1,1,0,18,0,0,0,0,0,0,1,1,6,1,9,-1,-1,-1,9,1
201305AA03278,2,9,0,2,0,0,0,0,0,0,2,1,6,2,6,1995,2,8,-1,-1
201305AA03285,1,9,0,18,0,5,0,0,0,0,1,1,6,2,9,1997,1,9,10,1
201305AA03285,2,9,0,18,0,6,0,0,0,0,1,1,6,1,9,5998,1,7,10,1
201305AA03301,1,9,0,18,0,1,0,0,0,0,1,1,6,1,-1,1968,2,1,7,1
201305AA03301,2,9,0,4,0,1,0,0,0,0,2,1,6,2,7,989,1,7,6,1
201305AA03313,1,9,0,18,0,8,0,0,0,0,1,1,6,1,4,1422,2,9,-1,1
201305AA03326,1,9,0,9,0,8,0,0,0,0,1,1,6,2,6,1596,1,3,6,1
201305AA03326,2,3,0,18,0,1,0,0,1,0,1,1,2,1,4,124,1,2,3,1
201305AA03327,1,1,0,17,0,1,0,0,0,0,1,1,1,1,6,-1,-1,-1,1,1
201305AA03327,2,9,0,5,0,6,0,0,0,0,1,1,1,2,6,998,1,2,4,1
201305AA03329,1,8,0,4,0,1,0,0,0,0,1,1,6,1,7,-1,-1,-1,-1,-1
201305AA03329,2,2,0,3,0,1,0,0,0,0,2,1,6,2,5,49,1,1,1,1
201305AA03339,1,9,0,18,0,8,0,0,0,0,1,1,6,1,7,998,1,13,-1,-1
201305AA03339,2,1,0,7,0,3,0,0,0,0,3,1,6,2,5,-1,-1,-1,7,1
201305AA03348,1,19,0,5,0,0,0,0,0,0,1,1,1,1,8,2287,2,1,6,1
201305AA03369,1,9,0,9,0,8,0,0,0,0,3,1,6,2,8,1598,1,10,1,1
201305AA03369,2,9,0,18,0,8,0,0,0,0,4,1,6,1,5,1599,1,10,4,1
201305AA03370,1,8,0,7,0,6,0,0,0,0,3,1,1,1,8,1997,2,8,3,1
201305AA03370,2,9,0,18,0,8,0,0,0,0,1,1,2,1,6,1686,2,9,2,1
201305AA03379,1,9,0,9,0,8,0,0,0,0,1,1,6,1,9,1198,1,1,7,1
201305AA03379,2,9,0,18,0,8,0,0,0,0,3,1,2,2,8,1996,1,12,2,1
201305AA03380,1,9,0,18,0,1,0,0,0,0,1,1,6,2,8,1242,1,13,5,1
201305AA03380,2,19,0,18,0,1,0,0,0,0,3,1,1,1,8,2402,2,10,2,1
201305AA03382,1,1,0,18,0,1,0,0,0,0,1,1,6,1,6,-1,-1,-1,-1,-1
201305AA03382,2,9,0,18,0,1,0,0,0,0,3,1,6,1,7,-1,-1,-1,-1,-1
201305AA03383,1,9,0,9,0,8,0,0,0,0,4,1,6,1,9,1149,1,8,1,1
201305AA03383,2,9,0,18,0,8,0,0,0,0,1,1,6,2,9,1997,1,20,3,1
201305AA03383,3,9,0,10,0,1,0,0,0,0,3,1,6,1,11,-1,-1,-1,5,1
201305AA03388,1,19,0,18,0,3,0,0,0,0,1,1,1,1,8,1560,2,1,5,1
201305AA03388,2,9,0,18,0,1,0,0,0,0,1,1,1,1,7,1343,1,10,9,1
201305AA03400,1,9,0,7,0,1,0,0,0,0,4,1,6,2,7,1149,1,11,2,1
201305AA03400,2,11,0,18,0,1,0,0,0,0,1,1,1,1,7,-1,2,13,1,1
201305AA03406,1,9,0,4,0,1,0,0,0,0,1,1,6,1,7,1560,2,6,1,1
201305AA03406,2,9,0,4,0,1,0,0,0,0,2,1,6,2,4,1596,1,7,3,1
201305AA03419,1,9,0,12,0,0,0,0,0,0,0,1,6,3,-1,-1,-1,-1,-1,-1
201305AA03419,2,5,0,5,0,0,5,0,0,0,0,1,2,1,7,-1,-1,-1,2,1
201305AA03427,1,9,0,7,0,6,0,0,0,0,1,1,6,1,6,-1,-1,-1,3,1
201305AA03427,2,9,0,18,0,8,0,0,0,0,4,1,6,1,8,2143,2,1,8,1
201305AA03460,1,9,0,9,0,8,0,0,0,0,3,1,6,2,5,1596,1,9,3,1
201305AA03460,2,1,0,18,0,8,0,0,0,0,1,1,6,2,6,-1,-1,-1,2,1
201305AA03461,1,9,0,18,0,0,0,0,0,0,1,1,6,2,11,1240,1,3,10,1
201305AA03464,1,8,0,18,0,8,0,0,0,0,1,1,1,1,9,1996,2,2,5,1
201305AA03464,2,8,0,18,0,8,0,0,0,0,1,1,1,1,8,1997,2,8,9,1
201305AA03477,1,9,0,9,0,8,0,0,0,0,1,1,6,1,9,1796,1,11,2,1
201305AA03477,2,9,0,18,0,8,0,0,0,0,3,1,6,2,5,1149,1,11,1,1
201305AA03483,1,9,0,3,0,2,0,0,0,0,1,1,6,1,6,1997,2,2,-1,-1
201305AA03483,2,9,0,3,0,2,0,0,0,0,2,1,6,1,9,1685,2,1,9,2
201305AA03487,1,9,0,9,0,8,0,10,0,0,4,1,6,1,6,973,1,13,4,1
201305AA03487,2,9,0,18,0,8,0,0,0,0,1,1,6,2,8,1598,1,2,5,1
201305AA03490,1,9,0,18,0,0,0,0,0,0,1,1,6,1,7,1796,1,6,1,1
201305AA03490,2,1,0,18,0,0,0,0,0,0,1,1,6,1,3,-1,-1,-1,1,1
201305AA03492,1,9,0,5,0,0,0,0,0,0,1,1,1,1,11,1198,1,5,3,1
201305AA03499,1,9,0,9,0,8,0,0,0,0,1,1,1,1,6,1598,1,1,2,1
201305AA03499,2,9,0,18,0,8,0,0,0,0,3,1,6,2,6,995,1,6,5,1
201305AA03504,1,9,0,9,0,6,0,0,0,0,1,1,1,1,7,1896,2,4,9,1
201305AA03504,2,1,0,18,0,6,0,0,0,0,3,1,6,1,9,-1,-1,-1,3,1
201305AA03510,1,9,0,9,0,5,0,0,0,0,1,1,6,2,4,1242,1,1,9,1
201305AA03510,2,9,0,18,0,8,0,0,0,0,1,1,6,1,8,1596,1,7,7,1
201305AA03515,1,9,0,5,0,0,0,0,0,0,1,1,1,1,7,-1,-1,-1,1,1
201305AA03515,2,3,0,18,0,0,0,0,0,0,1,1,6,1,9,99,1,33,-1,-1
201305AA03516,1,9,0,18,0,1,0,0,0,0,1,1,6,1,4,-1,-1,-1,-1,-1
201305AA03520,1,9,0,18,0,0,5,0,1,4,1,1,6,1,8,1299,1,8,9,1
201305AA03527,1,19,0,18,0,0,2,0,1,7,1,1,6,1,7,1248,2,7,1,1
201305AA03530,1,9,0,3,0,4,0,0,0,0,2,1,1,2,4,1124,1,14,5,1
201305AA03530,2,9,0,3,0,4,0,0,0,0,1,1,6,1,-1,1998,1,12,-1,-1
201305AA03532,1,11,0,4,0,0,0,0,0,0,0,1,1,1,8,4760,2,-1,1,1
201305AA03535,1,5,0,18,0,1,1,0,0,0,1,1,6,1,7,891,1,25,1,1
201305AA03535,2,9,0,18,0,1,0,0,0,0,2,1,6,2,10,1560,2,2,9,1
201305AA03543,1,9,0,18,0,0,0,0,0,0,4,1,2,1,-1,1995,2,1,9,1
201305AA03564,1,1,0,18,9,0,0,0,0,0,4,1,2,1,6,-1,-1,-1,2,1
201305AA03569,1,9,0,5,0,6,0,0,0,0,4,1,6,1,7,1896,2,6,1,1
201305AA03569,2,9,0,18,0,1,1,0,0,0,1,1,6,1,8,1124,1,14,2,1
201305AA03575,1,9,0,18,0,8,0,0,0,0,1,1,6,2,7,998,1,5,1,1
201305AA03576,1,3,0,18,0,0,1,10,1,2,4,1,6,1,4,124,1,3,7,3
201305AA03576,2,21,0,14,0,0,0,0,0,0,0,1,1,1,8,5880,2,8,5,3
201305AA03583,1,4,0,18,0,0,0,0,0,0,1,1,6,1,-1,-1,-1,-1,-1,-1
201305AA03583,2,9,0,18,0,0,0,0,0,0,3,1,6,2,8,1390,1,12,1,1
201305AA03593,1,9,0,9,0,8,0,0,0,0,1,1,6,2,10,1997,2,2,1,1
201305AA03593,2,9,0,18,0,8,0,0,0,0,1,1,6,1,8,1229,1,6,2,1
201305AA03597,1,9,0,9,0,8,0,0,0,0,3,1,6,1,10,1588,1,10,7,1
201305AA03597,2,1,0,18,0,8,5,0,0,0,1,1,2,1,5,-1,-1,-1,1,1
201305AA03603,1,9,0,7,0,8,0,0,0,0,1,1,6,1,6,1796,1,14,9,1
201305AA03603,2,9,0,17,0,8,0,0,0,0,1,1,6,1,8,998,1,5,1,1
201305AA03607,1,9,0,18,0,0,2,0,1,1,1,1,2,1,8,2993,2,6,6,1
201305AA03633,1,9,0,18,0,6,1,0,0,0,1,1,6,1,6,1598,1,7,2,1
201305AA03634,1,9,0,9,0,1,0,0,0,0,4,1,6,2,5,1360,1,8,1,1
201305AA03634,2,9,0,18,0,1,0,0,0,0,1,1,6,1,7,1796,1,3,9,1
201305AA03645,1,9,0,18,0,0,0,0,0,0,1,1,6,1,5,1398,1,2,3,1
201305AA03646,1,9,0,1,0,0,0,0,0,0,2,1,2,1,8,1598,1,9,4,1
201305AA03658,1,9,0,18,0,8,0,0,0,0,1,1,6,1,5,1364,1,5,5,1
201305AA03658,2,1,0,18,0,8,0,0,0,0,4,1,2,1,7,-1,-1,-1,6,1
201305AA03672,1,21,1,9,0,5,0,0,0,0,1,2,1,1,8,-1,-1,-1,-1,-1
201305AA03672,2,9,0,18,0,8,0,0,0,0,3,1,6,2,6,1229,1,7,2,1
201305AA03677,1,9,0,18,0,0,0,0,7,11,1,1,2,2,9,998,1,13,4,1
201305AA03677,2,9,0,2,0,0,0,0,0,0,1,1,6,2,7,1199,1,14,-1,-1
201305AA03678,1,22,0,18,0,0,0,0,0,0,1,1,6,2,11,-1,-1,-1,3,1
201305AA03679,1,9,0,18,0,1,1,0,0,0,1,1,2,2,5,1199,1,13,6,1
201305AA03679,2,9,0,2,0,1,0,0,0,0,2,1,6,1,-1,2993,2,3,-1,-1
201305AA03684,1,9,0,9,0,8,0,0,0,0,1,1,6,2,10,1242,1,1,-1,-1
201305AA03684,2,3,0,18,0,8,5,0,0,0,1,1,6,1,5,125,1,7,2,1
201305AA03686,1,9,0,18,0,0,0,0,0,0,3,1,2,1,8,1781,1,16,3,1
201305AA03689,1,9,0,18,0,0,0,0,0,0,3,1,1,2,8,1242,1,2,4,1
201305AA03689,2,9,0,5,0,0,0,0,0,0,1,1,6,1,5,1798,1,11,-1,-1
201305AA03691,1,9,0,18,0,1,0,0,0,0,0,1,6,2,-1,-1,-1,-1,-1,-1
201305AA03691,2,1,0,18,0,1,0,0,7,11,1,1,6,2,4,-1,-1,-1,3,1
201305AA03718,1,9,0,18,0,8,0,0,0,0,2,1,6,2,5,1149,1,12,1,1
201305AA03718,2,9,0,18,0,8,0,0,0,0,1,1,6,1,-1,-1,-1,-1,-1,-1
201305AA03725,1,9,0,18,0,8,1,0,0,0,1,1,6,1,9,1686,2,1,3,1
201305AA03725,2,9,0,18,0,8,0,0,0,0,2,1,6,2,6,1296,1,6,6,1
201305AA03741,1,9,0,9,0,8,0,0,0,0,4,1,6,2,5,-1,-1,-1,1,1
201305AA03741,2,1,0,18,0,8,0,0,0,0,1,1,6,1,5,-1,-1,-1,1,1
201305AA03746,1,9,0,18,0,2,0,0,0,0,1,1,6,1,6,1799,1,6,7,1
201305AA03757,1,9,0,18,0,0,0,0,0,0,3,1,6,2,7,796,1,15,1,1
201305AA03771,1,9,0,5,0,8,0,0,0,0,4,1,6,1,9,2231,2,-1,9,1
201305AA03771,2,1,0,18,0,8,0,0,0,0,1,1,6,1,7,-1,-1,-1,1,1
201305AA03794,1,9,0,18,0,8,0,0,0,0,1,1,6,2,9,998,1,4,7,1
201305AA03797,1,9,0,18,0,1,0,0,0,0,1,1,6,1,11,1299,1,10,6,1
201305AA03797,2,9,0,18,0,8,0,0,0,0,4,1,6,2,8,1796,1,5,9,1
201305AA03803,1,9,0,18,0,8,0,0,0,0,1,1,6,1,8,1686,2,-1,10,1
201305AA03803,2,9,0,3,0,8,0,0,0,0,2,1,6,1,9,1598,1,7,1,1
201305AA03804,1,9,0,9,0,1,0,0,0,0,1,1,6,2,9,-1,-1,-1,9,1
201305AA03804,2,9,0,18,0,8,0,0,0,0,3,1,6,2,6,1997,1,10,6,1
201305AA03812,1,9,0,16,0,0,1,0,2,2,4,1,6,1,8,1998,1,7,2,1
201305AA03835,1,1,0,18,0,0,0,0,0,0,4,1,6,1,1,-1,-1,-1,-1,-1
201305AA03835,2,9,0,18,0,0,0,0,0,0,1,1,6,1,7,1124,1,10,4,1
201305AA03841,1,9,0,16,0,0,0,0,0,0,1,1,6,3,-1,-1,-1,-1,-1,-1
201305AA03841,2,1,0,5,0,0,5,0,0,0,1,1,6,1,5,-1,-1,-1,1,1
201305AA03850,1,9,0,9,0,6,0,0,0,0,4,1,6,1,10,998,1,-1,9,1
201305AA03850,2,1,0,18,0,1,0,0,0,0,1,1,2,1,7,-1,-1,-1,2,1
201305AA03855,1,9,0,4,0,1,0,0,0,0,1,1,6,2,10,1229,1,4,8,1
201305AA03855,2,19,0,8,0,1,0,0,0,0,2,1,1,1,8,1753,2,7,1,1
201305AA03858,1,9,0,18,0,0,0,0,0,0,4,1,6,3,-1,-1,-1,-1,-1,-1
201305AA03871,1,9,0,18,0,8,0,0,0,0,1,1,6,1,6,-1,-1,-1,7,1
201305AA03871,2,9,0,9,0,8,0,0,0,0,2,1,6,2,7,2958,2,8,1,1
201305AA03880,1,11,0,5,0,0,0,0,0,0,0,1,1,1,8,4461,2,-1,2,1
201305AA03900,1,9,0,16,2,0,2,0,7,11,4,1,6,2,5,1149,1,8,9,1
201305AA03900,2,9,0,17,0,0,0,0,1,0,1,1,1,1,7,2171,1,11,9,1
201305AA03914,1,9,0,18,0,0,0,0,0,0,0,1,6,2,6,2993,2,2,7,1
201305AA03914,2,3,0,18,0,0,5,0,0,0,0,1,6,1,6,125,1,-1,9,1
201305AA03922,1,9,0,14,0,1,0,4,0,0,3,1,6,1,10,1560,2,6,9,1
201305AA03922,2,9,0,18,0,1,0,0,0,0,3,1,6,1,7,1686,2,8,3,1
201305AA03922,3,19,0,2,0,1,0,0,0,0,2,1,6,1,-1,2446,2,15,-1,-1
201305AA03946,1,9,0,18,0,2,0,0,0,0,2,1,6,2,6,998,1,18,2,1
201305AA03946,2,9,0,18,0,1,0,0,0,0,1,1,6,1,8,1595,1,19,2,1
201305AA03967,1,9,0,18,0,0,0,4,0,0,1,1,1,1,5,1560,2,3,7,1
201305AA03967,2,9,0,2,0,0,0,0,0,0,2,1,1,1,7,4200,2,22,4,1
201305AA03970,1,3,0,12,0,0,0,10,0,0,1,1,6,1,5,124,1,-1,2,1
201305AA03982,1,19,0,18,0,1,0,0,7,2,1,1,6,1,10,2496,2,15,3,1
201305AA03995,1,11,0,5,0,8,0,0,0,0,0,1,1,1,8,4760,2,-1,3,1
201305AA03999,1,9,0,9,0,1,0,0,0,0,1,1,6,1,4,1390,1,10,2,1
201305AA03999,2,19,0,18,0,1,0,0,1,11,1,1,1,1,11,-1,-1,-1,4,1
201305AA03999,3,9,0,8,0,1,0,0,0,0,1,1,6,2,7,1781,1,9,7,1
201305AA04000,1,11,0,5,0,1,0,0,3,0,4,1,1,1,-1,-1,-1,-1,-1,-1
201305AA04000,2,1,0,18,0,1,0,0,3,0,3,1,6,1,7,-1,-1,-1,9,1
201305AA04017,1,9,0,18,0,1,0,0,0,0,1,1,6,1,6,1975,1,12,1,1
201305AA04021,1,9,0,9,0,8,0,0,0,0,3,1,6,1,4,1248,2,2,8,1
201305AA04021,2,5,0,18,0,8,0,0,0,0,1,1,6,1,9,1600,1,13,1,1
201305AA04035,1,1,0,18,0,1,0,0,0,0,1,1,1,2,7,-1,-1,-1,7,1
201305AA04035,2,9,0,9,0,1,0,0,0,0,1,1,1,1,5,1199,1,12,1,1
201305AA04039,1,9,0,9,0,1,0,0,0,0,1,1,6,2,4,-1,-1,-1,1,1
201305AA04039,2,9,0,18,0,1,0,0,0,0,1,1,6,1,8,1998,2,8,1,1
201305AA04048,1,9,0,1,0,0,0,0,0,0,2,1,6,1,8,1686,2,1,1,1
201305AA04058,1,9,0,18,0,8,0,0,0,0,1,1,6,2,8,1124,1,10,1,1
201305AA04062,1,9,0,9,0,8,0,0,0,0,1,1,1,1,7,1794,1,8,1,1
201305AA04062,2,1,0,18,0,8,0,0,0,0,4,1,6,1,7,-1,-1,-1,1,1
201305AA04064,1,9,0,18,0,0,0,0,0,0,1,1,6,1,8,1984,1,15,1,1
201305AA04064,2,11,0,4,0,0,0,0,0,0,2,1,1,1,8,6700,2,1,1,1
201305AA04068,1,9,0,5,0,8,0,0,0,0,3,1,6,2,8,1686,2,1,6,1
201305AA04068,2,20,0,18,0,1,0,0,0,0,1,1,1,1,7,2198,2,-1,8,1
201305AA04073,1,9,0,18,0,8,0,0,0,0,4,1,6,2,7,1598,1,5,7,1
201305AA04073,2,1,0,18,0,8,0,0,0,0,3,1,6,1,8,-1,-1,-1,1,1
201305AA04087,1,9,0,18,0,7,0,0,0,0,1,1,6,3,-1,1781,1,14,-1,-1
201305AA04087,2,9,0,18,0,7,0,0,0,0,0,1,6,3,-1,-1,-1,-1,-1,-1
201305AA04087,3,9,0,18,0,7,0,0,0,0,4,1,6,1,8,1956,2,2,1,1
201305AA04115,1,9,0,9,0,6,0,0,0,0,0,1,6,3,-1,-1,-1,-1,-1,-1
201305AA04115,2,5,0,18,0,1,1,4,0,0,4,1,6,1,6,599,1,10,1,1
201305AA04115,3,9,0,2,0,1,0,0,0,0,3,1,6,2,8,1796,1,10,-1,-1
201305AA04121,1,9,0,18,0,8,0,0,0,0,3,1,6,1,11,1905,2,17,8,1
201305AA04121,2,9,0,18,0,8,0,0,0,0,1,1,6,1,11,1324,1,14,1,1
201305AA04127,1,9,0,10,0,1,0,0,0,0,2,1,6,2,6,1596,1,2,1,1
201305AA04127,2,9,0,18,0,1,0,0,0,0,1,1,6,1,9,1798,1,9,1,1
201305AA04136,1,9,0,9,0,8,0,0,0,0,1,1,6,1,5,1798,1,8,4,1
201305AA04136,2,9,0,18,0,8,0,0,0,0,3,1,6,2,5,1242,1,4,1,1
201305AA04138,1,3,0,18,0,0,5,0,7,5,1,1,2,1,6,124,1,1,9,1
201305AA04140,1,1,0,18,0,6,5,0,0,0,1,1,6,1,3,-1,-1,-1,2,1
201305AA04140,2,9,0,18,0,1,0,0,0,0,1,1,6,2,8,-1,-1,-1,4,1
201305AA04156,1,9,0,6,0,1,0,0,3,11,3,1,6,1,6,1560,2,-1,3,1
201305AA04156,2,19,0,18,0,1,0,0,3,11,1,1,1,1,6,1248,2,9,2,1
201305AA04163,1,9,0,9,0,8,0,0,0,0,3,1,6,1,-1,1781,1,12,10,1
201305AA04163,2,1,0,18,0,8,0,0,0,0,1,1,6,1,7,-1,-1,-1,1,1
201305AA04189,1,8,0,7,0,4,0,0,0,0,1,1,1,1,8,1998,2,6,1,1
201305AA04189,2,1,0,18,0,8,0,0,0,0,4,1,6,1,10,-1,-1,-1,6,1
201305AA04199,1,9,0,3,0,1,0,0,0,0,3,1,2,2,7,3199,1,13,5,1
201305AA04199,2,9,0,18,0,8,0,0,0,0,1,1,6,1,-1,1905,2,15,-1,-1
201305AA04208,1,9,0,18,0,6,0,0,0,0,1,1,6,1,6,1686,2,7,4,1
201305AA04208,2,9,0,18,0,1,0,0,0,0,4,1,6,2,7,1598,1,1,1,1
201305AA04209,1,1,0,7,0,8,0,0,0,0,2,1,6,1,6,-1,-1,-1,-1,-1
201305AA04209,2,9,0,18,0,8,0,0,0,0,1,1,6,1,11,1896,2,9,1,1
201305AA04210,1,19,0,18,0,8,0,0,0,0,3,1,1,1,8,2402,2,10,7,1
201305AA04210,2,1,0,18,0,8,0,0,0,0,1,1,6,1,8,-1,-1,-1,3,1