Accident_Index,Vehicle_Reference,Vehicle_Type,Towing_and_Articulation,Vehicle_Manoeuvre,Vehicle_Location-Restricted_Lane,Junction_Location,Skidding_and_Overturning,Hit_Object_in_Carriageway,Vehicle_Leaving_Carriageway,Hit_Object_off_Carriageway,1st_Point_of_Impact,Was_Vehicle_Left_Hand_Drive?,Journey_Purpose_of_Driver,Sex_of_Driver,Age_Band_of_Driver,Engine_Capacity_(CC),Propulsion_Code,Age_of_Vehicle,Driver_IMD_Decile,Driver_Home_Area_Type
201305AA05617,1,9,0,18,0,8,0,0,0,0,3,1,6,2,7,1399,2,7,8,1
201305AA05620,1,9,0,18,0,2,0,0,0,0,1,1,6,2,8,1999,1,9,3,1
201305AA05625,1,19,0,5,0,0,0,0,0,0,1,1,6,1,9,2446,2,19,-1,-1
201305AA05629,1,9,0,18,0,1,0,0,0,0,3,1,2,2,5,1242,1,2,7,1
201305AA05643,1,9,0,7,0,8,0,0,0,0,4,1,6,2,7,1598,1,15,2,1
201305AA05643,2,1,0,18,0,8,0,0,0,0,1,1,4,1,4,-1,-1,-1,1,1
201305AA05652,1,9,0,9,0,8,0,0,0,0,1,1,2,1,7,1598,1,10,7,1
201305AA05652,2,3,0,18,0,1,0,0,0,0,1,1,6,1,8,278,1,2,9,1
201305AA05655,1,9,0,9,0,1,0,0,0,0,1,1,6,2,6,1997,2,9,2,1
201305AA05655,2,9,0,18,0,1,0,0,0,0,1,1,6,2,5,-1,-1,-1,5,1
201305AA05664,1,9,0,3,0,1,0,0,0,0,2,1,3,1,6,1598,1,8,1,1
201305AA05664,2,9,0,18,0,1,0,0,0,0,1,1,6,2,-1,1598,1,7,-1,-1
201305AA05667,1,9,0,9,0,0,0,0,0,0,1,1,6,2,8,1149,1,3,1,1
201305AA05667,2,3,0,18,0,0,0,0,0,0,1,1,6,1,6,125,1,1,1,1
201305AA05668,1,9,0,7,0,5,0,0,0,0,2,1,6,1,8,3950,7,10,7,1
201305AA05668,2,9,0,7,0,5,0,0,0,0,2,1,6,1,7,1997,2,10,3,1
201305AA05668,3,9,0,18,0,1,0,0,0,0,0,1,6,3,-1,-1,-1,-1,-1,-1
201305AA05677,1,9,0,18,0,6,0,0,0,0,4,1,6,2,5,1397,1,4,6,1
201305AA05677,2,9,0,18,0,8,0,0,0,0,1,1,6,2,6,1598,1,7,4,1
201305AA05702,1,19,0,9,0,5,0,0,0,0,1,1,6,1,7,-1,-1,-1,1,1
201305AA05703,1,19,0,18,0,1,0,0,0,0,0,1,1,1,-1,2198,2,-1,-1,-1
201305AA05703,2,9,0,18,0,8,2,0,7,1,3,1,6,1,6,1598,1,10,1,1
201305AA05711,1,9,0,9,0,1,0,0,0,0,3,1,6,1,6,1796,1,9,-1,-1
201305AA05711,2,1,0,18,0,1,0,0,0,0,1,1,6,1,7,-1,-1,-1,1,1
201305AA05716,1,9,0,9,0,2,0,0,0,0,1,1,6,1,9,1598,1,5,10,1
201305AA05739,1,9,0,17,0,1,0,0,0,0,1,1,6,1,8,1919,2,5,9,1
201305AA05761,1,9,0,18,0,4,0,0,0,0,1,1,6,2,8,1598,2,2,9,1
201305AA05761,2,9,0,18,0,4,0,0,0,0,4,1,6,1,10,2231,2,6,6,1
201305AA05765,1,9,0,9,0,8,0,0,0,0,4,1,6,2,6,1246,1,8,1,1
201305AA05765,2,9,0,18,0,8,0,0,0,0,1,1,6,1,6,1995,2,2,1,1
201305AA05765,3,9,0,4,0,1,0,0,0,0,1,1,6,1,6,1796,1,13,1,1
201305AA05784,1,19,0,9,0,8,0,0,0,0,3,1,1,2,7,2198,2,-1,1,1
201305AA05784,2,9,0,18,0,8,0,0,7,0,4,1,6,1,9,1596,1,8,1,1
201305AA05791,1,9,0,6,0,0,0,0,0,0,3,1,6,1,5,1199,1,13,3,1
201305AA05791,2,9,0,18,0,0,0,0,0,0,1,1,6,1,11,1390,1,4,7,1
201305AA05811,1,9,0,18,0,2,0,0,7,1,1,1,6,1,5,1242,1,7,1,1
201305AA05811,2,9,0,18,0,2,0,0,0,0,3,1,6,1,9,1229,1,4,1,1
201305AA05825,1,9,0,18,0,1,0,0,0,0,1,1,6,1,9,1796,1,5,4,1
201305AA05839,1,9,0,18,0,1,0,0,0,0,1,1,1,1,9,-1,-1,-1,2,1
201305AA05839,2,8,0,18,0,1,0,0,0,0,2,1,1,1,8,1968,2,4,2,1
201305BB01004,1,9,0,18,0,2,0,0,0,0,3,1,6,1,6,1995,1,3,1,1
201305BB01006,1,9,0,9,0,6,0,0,0,0,1,1,1,2,6,1991,2,2,6,1
201305BB01046,1,9,0,17,0,8,1,0,3,9,1,1,6,1,7,1995,2,9,1,1
201305BB01059,1,9,0,18,0,0,0,0,0,10,1,1,1,2,9,1242,1,5,5,1
201305BB01085,1,9,0,18,0,1,0,0,0,0,4,1,6,2,8,1590,1,14,6,1
201305BB01087,1,9,0,18,0,0,0,0,0,0,1,1,6,1,8,-1,-1,-1,5,2
201305BB01087,2,9,0,3,0,0,0,0,0,0,2,1,6,1,4,1298,1,15,7,1
201305BB01087,3,9,0,3,0,0,0,0,0,0,2,1,6,2,8,-1,-1,-1,3,1
201305BB01088,1,90,0,5,0,1,0,0,0,0,1,1,1,1,8,-1,-1,-1,2,1
201305BB01088,2,9,0,9,0,5,0,0,0,0,4,1,6,1,5,1599,1,13,9,1
201305BB01090,1,9,0,1,0,1,0,0,0,0,1,1,6,3,-1,2830,2,18,-1,-1
201305BB01090,2,9,0,1,0,1,0,0,0,0,1,1,1,1,6,2495,2,9,9,1
201305BB01090,3,9,0,3,0,1,0,0,0,0,1,1,6,2,6,1399,1,8,8,1
201305BB01094,1,9,0,18,0,0,0,0,0,0,1,1,2,2,6,-1,-1,-1,5,1
201305BB01094,2,9,0,4,0,0,0,0,0,0,2,1,2,1,7,1968,2,2,7,2
201305BB01096,1,9,0,4,0,1,0,0,0,0,1,1,6,2,9,1242,1,13,-1,-1
201305BB01096,2,9,0,3,0,1,0,0,0,0,2,1,6,1,9,1997,2,2,9,1
201305BB01099,1,9,0,7,0,6,1,0,0,0,1,1,6,1,8,1289,1,13,7,1
201305BB01099,2,1,0,9,0,6,0,0,0,0,4,1,6,2,9,-1,-1,-1,3,1
201305BB01103,1,9,0,9,0,8,0,0,0,0,4,1,6,1,-1,1998,1,16,-1,-1
201305BB01103,2,1,0,18,0,8,0,0,0,0,1,1,6,1,5,-1,-1,-1,7,1
201305BB01112,1,9,0,18,0,1,0,0,0,0,1,1,2,2,6,-1,-1,-1,1,1
201305BB01112,2,9,0,10,0,1,0,0,0,0,2,1,1,2,7,-1,-1,-1,2,1
201305BB01126,1,9,0,18,0,2,0,0,0,0,1,1,2,2,8,3498,1,8,7,1
201305BB01142,1,9,0,9,0,8,0,0,0,0,1,1,2,1,7,1560,2,7,-1,-1
201305BB01143,1,9,0,18,0,8,0,0,0,0,3,1,6,1,10,1596,1,4,4,1
201305BB01143,2,9,0,18,0,8,0,10,0,0,1,1,6,1,4,1124,1,13,7,1
201305BB01144,1,9,0,12,0,0,0,0,0,0,0,1,6,3,-1,-1,-1,-1,-1,-1
201305BB01144,2,9,0,13,0,0,1,0,2,7,1,1,6,1,7,1995,1,9,2,1
201305BB01145,1,9,0,7,0,6,0,0,0,0,1,1,6,1,8,1951,2,11,7,1
201305BB01145,2,1,0,18,0,1,0,0,0,0,4,1,2,2,6,-1,-1,-1,3,1
201305BB01161,1,9,0,9,0,5,0,0,0,0,1,1,6,1,6,-1,-1,-1,-1,-1
201305BB01161,2,1,0,18,0,8,0,0,0,0,3,1,2,1,9,-1,-1,-1,1,1
201305BB01190,1,9,0,10,0,0,0,0,0,0,1,1,6,2,4,1299,1,15,7,1
201305BB01190,2,9,0,18,0,0,0,0,0,0,1,1,6,1,6,3950,1,20,3,1
201305BB01190,3,9,0,18,0,0,0,0,0,0,1,1,6,1,6,-1,-1,-1,4,1
201305BB01198,1,9,0,9,0,5,0,0,0,0,1,1,6,1,7,1796,1,11,2,1
201305BB01204,1,9,0,6,0,3,0,0,0,0,3,1,6,2,7,1598,1,1,-1,-1
201305BB01204,2,1,0,13,0,3,0,0,0,0,1,1,2,1,4,-1,-1,-1,2,1
201305BB01220,1,19,0,18,0,1,0,0,0,0,0,1,1,1,6,2987,2,2,-1,-1
201305BB01220,2,9,0,18,0,1,1,10,1,2,1,1,6,1,6,2000,1,8,7,3
201305BB01220,3,9,0,2,9,1,0,0,0,0,0,1,6,3,-1,1596,1,11,9,1
201305BB01254,1,9,0,18,0,8,0,0,0,0,3,1,6,1,11,1242,1,7,6,1
201305BB01254,2,9,0,18,0,8,0,0,0,0,1,1,6,2,7,1587,1,11,6,1
201305BB01258,1,9,0,18,0,0,0,0,0,0,1,1,6,1,6,2171,2,10,6,1
201305BB01258,2,8,0,2,0,0,0,0,0,0,2,1,6,1,7,2664,2,15,6,1
201305BB01260,1,9,0,18,0,2,1,0,0,0,1,1,6,1,11,1497,1,11,1,1
201305BB01272,1,9,0,7,0,6,0,0,0,0,1,1,2,1,-1,-1,-1,-1,1,1
201305BB01272,2,11,0,18,0,1,0,0,0,0,3,1,1,1,6,6700,2,4,1,1
201305BB01283,1,9,0,10,0,1,0,0,0,0,2,1,6,2,8,1388,1,6,-1,-1
201305BB01283,2,9,0,4,0,1,0,0,0,0,2,1,6,1,9,-1,-1,-1,7,2
201305BB01283,3,9,0,4,0,1,0,0,0,0,1,1,6,2,6,1968,2,1,6,1
201305BB01288,1,9,0,9,0,6,0,0,0,0,0,1,6,1,5,1199,1,10,1,1
201305BB01288,2,11,0,18,0,1,0,0,0,0,0,1,1,1,8,6700,2,4,7,1
201305BB01290,1,9,0,9,0,5,0,0,0,0,2,1,1,1,7,-1,-1,-1,7,1
201305BB01290,2,9,0,18,0,1,0,0,0,0,1,1,6,1,4,1242,1,10,8,1
201305BB01290,3,9,0,18,0,1,0,0,0,0,1,1,6,1,9,1995,2,5,7,1
201305BB01293,1,9,0,5,0,0,0,0,0,6,1,1,6,1,11,1598,1,3,8,1
201305BB01302,1,9,0,18,0,0,0,0,0,0,1,1,6,1,4,1386,1,2,8,1
201305BB01309,1,9,0,18,0,1,0,0,0,0,1,1,6,3,-1,-1,-1,-1,-1,-1
201305BB01316,1,9,0,9,0,5,0,0,0,0,4,1,3,2,8,1587,1,10,3,1
201305BB01316,2,9,0,18,0,1,0,0,0,0,1,1,3,1,9,1794,1,4,4,1
201305BB01338,1,9,0,18,0,7,0,0,7,4,3,1,6,2,10,1198,1,1,5,1
201305BB01338,2,9,0,18,0,8,0,0,0,0,1,1,6,2,4,998,1,5,7,1
201305BB01348,1,9,0,18,0,1,0,0,0,0,1,1,1,1,9,1910,2,6,6,2
201305BB01365,1,9,0,5,0,0,0,0,0,0,1,1,6,1,6,1560,2,-1,6,1
201305BB01369,1,9,0,18,0,0,0,10,0,0,4,1,1,1,6,1753,2,3,3,1
201305BB01373,1,9,0,7,0,5,0,0,0,0,1,1,6,1,-1,-1,-1,-1,-1,-1
201305BB01387,1,9,0,9,0,8,0,0,0,0,1,1,6,1,-1,1364,1,9,1,1
201305BB01387,2,1,0,18,0,8,0,0,0,0,3,1,2,1,8,-1,-1,-1,2,1
201305BB01389,1,9,0,16,0,3,0,0,0,0,4,1,6,2,9,1388,1,5,4,1
201305BB01399,1,9,0,18,0,0,0,0,0,0,4,1,6,1,10,1349,1,14,9,1
201305BB01399,2,9,0,2,0,0,0,0,0,0,3,1,6,1,8,-1,-1,-1,9,1
201305BB01403,1,9,0,18,0,8,0,0,0,0,1,1,6,2,5,973,1,13,6,1
201305BB01403,2,9,0,18,0,8,5,10,0,0,4,1,6,2,8,1596,1,12,5,1
201305BB01407,1,9,0,7,0,2,0,0,0,0,1,1,6,1,11,1796,1,10,9,2
201305BB01415,1,90,0,9,0,2,0,0,0,0,1,1,1,1,7,-1,-1,-1,3,1
201305BB01415,2,1,0,18,0,1,0,0,0,0,1,1,2,1,5,-1,-1,-1,-1,-1
201305BB01416,1,9,0,18,0,8,0,0,0,0,3,1,6,3,-1,-1,-1,-1,-1,-1
201305BB01416,2,9,0,18,0,8,0,0,0,0,1,1,1,2,9,1896,2,12,1,1
201305BB01430,1,19,0,18,0,8,0,0,0,0,1,1,1,1,9,2198,2,3,1,1
201305BB01430,2,9,0,9,0,8,0,0,0,0,3,1,6,1,6,1910,2,9,6,1
201305BB01447,1,5,0,18,0,0,2,0,0,0,1,1,6,1,5,599,1,8,6,3
201305BB01447,2,9,0,2,0,0,0,0,0,0,1,1,6,1,6,1951,2,12,6,1
201305BB01448,1,9,0,18,0,1,0,0,0,0,1,1,6,2,8,1598,1,9,9,1
201305BB01460,1,9,0,18,0,1,2,10,1,5,1,1,6,1,4,2300,1,13,2,1
201305BB01460,2,9,0,18,0,1,0,0,0,0,0,1,1,1,7,2792,1,5,-1,-1
201305BB01460,3,9,0,18,0,1,0,0,0,0,0,1,1,1,8,2993,2,3,-1,-1
201305BB01478,1,9,0,18,0,0,0,10,0,0,1,1,1,1,9,1700,2,11,4,1
201305BB01478,2,9,0,2,0,0,0,0,0,0,2,1,6,2,8,1997,2,13,7,1
201305BB01478,3,9,0,2,0,0,0,0,0,0,1,1,6,2,8,1360,1,10,1,1
201305BB01478,4,9,0,2,0,0,0,0,0,0,2,1,6,2,8,1360,1,8,7,1
201305BB01478,5,9,0,2,0,0,0,0,0,0,2,1,6,3,-1,1296,1,5,-1,-1
201305BB01482,1,9,0,17,0,0,5,0,2,1,1,1,6,2,7,1390,1,16,5,1
201305BB01493,1,11,0,5,0,0,0,0,0,0,0,1,1,1,7,6700,2,1,6,1
201305BB01496,1,9,0,2,0,1,0,0,0,0,1,1,1,2,6,1753,2,3,-1,-1
201305BB01496,2,19,0,1,0,1,0,0,0,0,2,1,6,3,-1,2198,2,2,-1,-1
201305BB01499,1,8,0,5,0,0,0,0,0,0,4,1,1,1,-1,-1,-1,-1,-1,-1
201305BB01504,1,9,0,7,0,1,0,0,0,0,4,1,6,1,-1,1242,1,10,-1,-1
201305BB01504,2,1,0,18,0,1,0,0,0,0,3,1,2,1,7,-1,-1,-1,8,1
201305BB01515,1,9,0,18,0,1,1,0,0,0,1,1,6,1,10,1398,1,3,3,1
201305BB01515,2,9,0,3,0,1,1,0,0,0,2,1,6,2,6,1396,1,11,1,1
201305BB01523,1,17,0,18,9,1,0,0,0,0,4,1,6,1,4,-1,-1,-1,-1,-1
201305BB01528,1,9,0,11,0,1,2,0,0,0,1,1,6,2,5,1598,1,1,4,1
201305BB01528,2,9,0,18,0,1,0,0,0,0,3,1,2,1,7,1198,1,1,6,1
201305BB01528,3,9,0,10,0,1,0,0,0,0,2,1,6,1,6,1995,2,8,1,1
201305BB01528,4,19,0,10,0,1,0,0,0,0,2,1,1,1,7,2198,2,1,1,1
201305BB01539,1,9,0,9,0,6,5,0,0,0,3,1,6,1,7,2664,2,15,7,1
201305BB01539,2,9,0,18,0,8,0,0,0,0,1,1,6,2,10,1598,1,3,8,1
201305BB01542,1,9,0,18,0,2,0,0,0,0,1,1,6,1,8,1951,2,10,8,1
201305BB01542,2,9,0,18,0,1,0,0,0,0,1,1,1,1,8,1968,2,1,7,1
201305BB01568,1,2,0,9,0,5,1,0,0,0,3,1,6,1,4,49,1,5,4,1
201305BB01587,1,11,0,7,0,8,0,0,0,0,0,1,1,1,7,6700,2,2,6,1
201305BB01622,1,9,0,9,0,1,0,0,0,0,3,1,6,1,11,1388,1,15,8,1
201305BB01622,2,9,0,17,0,1,0,0,0,0,4,1,6,1,9,1560,2,1,5,2
201305BB01630,1,9,0,4,0,1,0,0,0,0,1,1,6,1,-1,1984,1,14,-1,-1
201305BB01630,2,9,0,8,0,1,0,0,0,0,2,1,1,1,-1,-1,-1,-1,-1,-1
201305BB01663,1,9,0,18,0,0,0,0,0,0,4,1,6,1,8,1900,2,13,5,1
201305BB01663,2,9,0,2,0,0,0,0,0,0,3,1,6,1,8,-1,-1,-1,6,1
201305BB01687,1,9,0,18,0,0,0,0,5,6,3,1,6,2,4,1299,1,7,1,1
201305BB01701,1,22,0,18,0,6,0,0,0,0,1,1,6,1,11,-1,-1,-1,7,1
201305BB01701,2,21,0,18,0,2,0,0,0,0,4,1,1,1,6,6370,2,7,1,1
201305BB01712,1,1,0,18,0,8,0,0,0,0,1,1,6,1,9,-1,-1,-1,-1,-1
201305BB01712,2,11,0,18,0,8,0,0,0,0,3,1,1,1,8,4250,2,7,1,1
201305BB01714,1,9,0,4,0,0,0,0,0,0,2,1,6,2,8,1995,2,11,3,1
201305BB01721,1,9,0,4,0,1,0,0,0,0,1,1,6,1,-1,1596,1,1,-1,-1
201305BB01721,2,9,0,3,0,1,0,0,0,0,2,1,2,2,6,1598,1,5,9,1
201305BB01732,1,1,0,18,0,1,0,0,0,0,1,1,6,1,5,-1,-1,-1,5,3
201305BB01732,2,9,0,18,0,1,0,0,0,0,4,1,6,1,6,2000,2,13,3,1
201305BB01753,1,9,0,4,0,1,0,0,0,0,1,1,6,2,4,1598,2,1,8,1
201305BB01753,2,9,0,3,0,1,0,0,0,0,2,1,6,2,6,1248,1,3,4,2
201305BB01753,3,19,0,3,0,1,0,0,0,0,2,1,6,1,6,2148,2,7,2,1
201305BB01775,1,9,0,18,0,0,5,0,0,0,1,1,6,1,5,1984,1,5,-1,-1
201305BB01775,2,8,0,2,0,0,0,0,0,0,2,1,6,2,7,1598,1,1,1,1
201305BB01775,3,9,0,2,0,0,0,0,0,0,2,1,6,1,5,998,1,1,1,1
201305BB01783,1,9,0,18,0,0,0,0,0,0,3,1,1,1,6,1753,2,6,9,1
201305BB01788,1,9,0,7,0,0,0,0,0,0,4,1,6,2,9,1229,1,3,7,1
201305BB01788,2,1,0,18,0,0,0,0,0,0,1,1,6,2,7,-1,-1,-1,1,1
201305BB01792,1,9,0,1,0,0,0,0,0,0,2,1,6,1,4,1998,2,5,5,1
201305BB01794,1,9,0,9,0,6,0,0,0,0,1,1,1,1,7,1997,2,4,7,1
201305BB01794,2,9,0,18,0,1,0,0,0,0,4,1,3,2,11,1248,1,1,8,1
201305BB01799,1,9,0,18,0,3,0,0,0,0,1,1,6,1,8,-1,-1,-1,3,1
201305BB01838,1,11,0,7,0,6,0,0,0,0,0,1,1,3,-1,-1,-1,-1,-1,-1
201305BB01838,2,9,0,18,0,1,0,0,7,11,1,1,6,2,11,-1,-1,-1,6,1
201305BB01846,1,9,0,7,0,2,0,0,0,0,1,1,6,1,8,1596,1,8,2,1
201305BB01846,2,9,0,3,0,1,0,0,0,0,3,1,6,1,5,1910,2,7,3,1
201305BB01847,1,9,0,18,0,0,0,0,0,0,1,1,1,1,8,1560,2,2,9,1
201305BB01847,2,9,0,2,0,0,0,0,0,0,2,1,6,1,8,-1,-1,-1,8,1
201305BB01847,3,19,0,2,0,0,0,0,0,0,2,1,6,1,8,1868,2,10,8,1
201305BB01852,1,9,0,18,0,0,0,0,0,0,1,1,6,1,7,1242,1,4,9,1
201305BB01852,2,9,0,3,0,0,0,0,0,0,2,1,6,2,9,1998,2,7,5,1
201305BB01853,1,9,0,4,0,0,0,4,0,0,1,1,1,1,5,1396,1,10,10,1
201305BB01853,2,9,4,2,0,0,0,0,0,0,2,1,6,1,6,-1,-1,-1,6,3
201305BB01865,1,9,0,14,0,2,0,0,0,0,1,1,2,2,7,998,1,6,9,1
201305BB01871,1,9,0,9,0,8,0,0,0,0,1,1,2,2,5,1995,2,2,10,1
201305BB01871,2,9,0,18,0,8,0,0,1,5,3,1,6,2,6,-1,-1,-1,8,1
201305BB01877,1,3,0,18,0,0,0,0,0,0,4,1,6,1,5,124,1,3,1,1
201305BB01877,2,9,0,5,0,0,0,0,0,0,3,1,6,2,5,2460,2,7,1,1
201305BB01881,1,9,0,7,0,6,0,0,0,0,1,1,6,1,6,-1,-1,-1,1,1
201305BB01899,1,9,0,5,0,1,0,0,0,0,0,1,6,1,9,1596,1,5,7,1
201305BB01899,2,5,0,18,0,1,1,0,0,0,0,1,6,1,8,996,1,10,-1,-1
201305BB01918,1,9,0,5,0,1,0,0,0,0,1,1,6,2,8,-1,-1,-1,-1,-1
201305BB01937,1,9,0,7,0,4,0,0,0,0,1,1,6,1,7,1998,2,8,4,1
201305BB01937,2,1,0,18,0,8,0,0,0,0,2,1,6,1,7,-1,-1,-1,4,1
201305BB01948,1,9,0,18,0,8,0,0,0,0,1,1,6,1,6,2143,2,1,6,1
201305BB01948,2,9,0,9,0,8,0,0,0,0,4,1,6,1,7,1198,1,10,1,1
201305BB01955,1,9,0,18,0,4,0,0,0,0,1,1,1,1,7,1998,2,6,3,1
201305BB01955,2,1,0,18,0,8,0,0,0,0,4,1,6,1,7,-1,-1,-1,3,1
201305BB01962,1,9,0,18,0,0,0,0,0,0,1,1,6,1,8,4398,1,17,8,1
201305BB01967,1,9,0,11,0,0,0,0,0,0,4,1,2,2,8,1390,1,7,2,1
201305BB01967,2,9,0,18,0,0,0,0,0,0,3,1,2,2,5,998,1,2,1,1
201305BB01977,1,9,0,18,0,2,0,0,0,0,1,1,6,3,-1,-1,-1,-1,-1,-1
201305BB01977,2,9,0,14,0,2,0,0,0,0,1,1,6,1,7,2982,2,3,4,3
201305BB01977,3,10,0,2,0,2,0,0,0,0,0,1,6,1,9,2463,2,10,1,1
201305BB01988,1,9,0,18,0,0,0,0,0,0,1,1,6,1,-1,-1,-1,-1,-1,-1
201305BB01988,2,9,0,3,0,0,0,0,0,0,2,1,2,1,6,-1,-1,-1,8,1
201305BB01988,3,9,0,3,0,0,0,0,0,0,2,1,6,1,-1,1998,2,8,-1,-1
201305BB01998,1,10,0,11,0,2,0,0,0,0,3,1,1,1,9,-1,-1,-1,1,1
201305BB01998,2,9,0,18,0,2,0,0,0,0,4,1,1,1,5,1598,2,2,1,1
201305BB02016,1,9,0,18,0,1,0,0,0,0,4,1,6,1,8,1587,1,11,6,1
201305BB02016,2,1,0,9,0,6,0,0,0,0,1,1,6,1,4,-1,-1,-1,-1,-1
201305BB02019,1,9,0,18,0,8,0,0,0,0,1,1,6,2,9,-1,-1,-1,8,1
201305BB02019,2,1,0,9,0,8,0,0,0,0,1,1,6,1,7,-1,-1,-1,2,1
201305BB02024,1,9,0,18,0,0,0,0,0,0,1,1,6,1,8,1560,2,1,9,2
201305BB02029,1,9,0,13,0,1,0,0,7,1,1,1,6,1,6,1761,1,13,7,1
201305BB02029,2,9,0,9,0,5,0,0,0,0,1,1,6,2,5,998,1,14,7,1
201305BB02043,1,9,0,18,0,0,0,0,0,0,4,1,6,3,-1,-1,-1,-1,-1,-1
201305BB02046,1,5,0,18,0,8,5,0,0,0,1,1,6,1,5,599,1,14,-1,-1
201305BB02046,2,9,0,9,0,5,0,0,0,0,4,1,6,1,9,1686,2,12,1,1
201305BB02058,1,9,0,9,0,8,0,0,0,0,4,1,6,1,6,1997,2,6,4,1
201305BB02058,2,9,0,18,0,8,0,0,0,0,3,1,6,2,11,1298,1,11,9,1
201305BB02062,1,9,0,18,0,1,0,0,0,0,1,1,6,1,-1,1595,1,2,-1,-1
201305BB02062,2,9,0,3,0,1,0,0,0,0,2,1,6,1,6,998,1,3,7,2
201305BB02078,1,9,0,18,0,1,0,0,0,0,4,1,6,1,10,1991,2,4,6,1
201305BB02085,1,9,0,16,0,8,0,0,0,0,1,1,6,1,8,-1,-1,-1,-1,-1
201305BB02085,2,9,0,18,0,8,0,0,0,0,4,1,6,1,9,1390,1,10,9,1
201305BB02092,1,9,0,18,0,0,0,0,0,0,1,1,6,2,10,1396,1,16,4,1
201305BB02092,2,9,0,18,0,0,0,0,0,0,2,1,6,2,8,1598,1,12,-1,-1
201305BB02099,1,9,0,4,0,0,0,0,0,0,4,1,6,1,10,1339,1,9,-1,1
201305BB02101,1,9,0,2,0,0,0,0,0,0,4,1,6,1,11,1769,1,8,9,1
201305BB02101,2,9,0,18,0,0,0,0,0,0,1,1,6,1,4,1299,1,10,-1,-1
201305BB02122,1,5,0,18,0,8,2,0,0,0,1,1,6,1,5,-1,-1,-1,1,1
201305BB02122,2,9,0,9,0,1,0,0,0,0,4,1,6,1,10,1783,1,9,6,1
201305BB02122,3,9,0,9,0,8,0,0,0,0,3,1,6,1,4,1388,1,12,5,1
201305BB02127,1,9,0,9,0,8,0,0,1,0,4,1,1,1,8,1995,2,1,5,1
201305BB02127,2,9,0,18,0,8,0,0,0,0,1,1,1,2,7,1299,1,11,1,1
201305BB02148,1,9,0,18,0,1,0,0,0,0,1,1,6,1,5,1242,1,13,2,1
201305BB02148,2,9,0,9,0,8,0,0,0,0,3,1,6,2,6,1398,1,3,6,1
201305BB02157,1,9,0,9,0,8,0,0,0,0,4,1,6,2,6,998,1,13,8,1
201305BB02157,2,5,0,18,0,8,5,0,0,0,1,1,6,1,7,-1,-1,-1,5,1
201305BB02162,1,9,0,4,0,1,0,0,0,0,1,1,6,2,10,1242,1,11,5,1
201305BB02162,2,9,0,4,0,1,0,0,0,0,2,1,6,1,9,998,1,7,4,1
201305BB02162,3,9,0,4,0,1,0,0,0,0,2,1,6,1,8,1896,2,3,1,1
201305BB02163,1,9,0,9,0,8,0,0,0,0,1,1,6,1,4,973,1,13,1,1
201305BB02163,2,9,0,18,0,8,1,0,1,11,1,1,6,2,8,1196,1,17,6,1
201305BB02167,1,1,0,18,0,8,0,0,0,0,1,1,6,1,6,-1,-1,-1,5,1
201305BB02167,2,9,0,18,0,8,0,0,0,0,1,1,6,3,-1,-1,-1,-1,-1,-1
201305BB02183,1,9,0,18,0,1,0,0,0,0,1,1,6,1,-1,1794,1,11,-1,-1
201305BB02183,2,9,0,3,0,1,0,0,0,0,2,1,6,2,9,1598,1,11,6,1
201305BB02205,1,9,0,18,0,0,1,7,7,10,1,1,6,2,10,1598,1,14,3,1
201305BB02205,2,9,0,6,0,0,0,0,0,0,4,1,6,2,6,1998,1,6,7,1
201305BB02209,1,9,0,9,0,8,0,0,0,0,4,1,6,1,4,1149,1,8,2,1
201305BB02209,2,9,0,18,0,8,0,0,0,0,1,1,6,2,4,1398,2,4,10,1
201305BB02225,1,9,0,9,0,8,0,0,0,0,1,1,6,2,11,1399,1,10,-1,-1
201305BB02225,2,9,0,18,0,8,0,0,0,0,1,1,6,2,7,1598,1,8,7,1
201305BB02225,3,9,0,3,0,1,0,0,0,0,1,1,6,1,5,-1,-1,-1,7,1
201305BB02227,1,9,0,18,0,1,2,4,0,0,1,1,6,1,5,1998,1,10,2,1
201305BB02227,2,9,0,2,0,1,5,0,1,11,2,1,6,2,7,1587,1,12,-1,-1
201305BB02232,1,9,0,18,0,0,5,0,7,1,1,1,6,1,6,1796,1,6,1,1
201305BB02251,1,9,0,18,0,0,1,10,0,0,1,1,6,2,11,1598,2,2,9,1
201305BB02251,2,9,0,18,0,0,0,0,0,0,2,1,6,1,9,1396,1,11,4,1
201305BB02256,1,9,0,18,0,1,2,10,2,4,1,1,6,2,6,1749,1,12,4,1
201305BB02264,1,9,0,6,0,8,0,0,0,0,1,1,6,1,10,1998,1,13,8,1
201305BB02264,2,9,0,18,0,8,0,0,0,0,1,1,6,1,7,1679,1,11,3,1
201305BB02278,1,9,0,18,0,1,0,0,0,0,1,1,6,1,6,2143,2,3,-1,-1
201305BB02278,2,9,0,4,0,1,0,0,0,0,2,1,2,1,8,1461,2,3,1,1
201305BB02292,1,9,0,2,9,2,0,0,0,0,3,1,6,2,6,1396,1,16,2,1
201305BB02292,2,1,0,18,0,2,0,8,0,0,1,1,6,1,6,-1,-1,-1,1,1
201305BB02307,1,21,1,18,0,1,0,0,0,0,1,1,1,1,10,12130,2,11,1,1
201305BB02313,1,9,0,18,0,1,0,0,0,0,1,1,6,3,-1,1461,2,3,-1,-1
201305BB02338,1,9,0,5,0,6,0,0,0,0,1,1,6,1,9,2401,2,11,7,1
201305BB02338,2,9,0,18,0,8,0,0,7,10,4,1,6,2,11,1240,1,9,5,1
201305BB02341,1,1,0,18,0,1,1,0,0,0,4,1,6,1,4,-1,-1,-1,-1,-1
201305BB02341,2,9,0,9,0,6,0,0,0,0,1,1,6,1,8,2148,2,5,7,1