Accident_Index,Vehicle_Reference,Vehicle_Type,Towing_and_Articulation,Vehicle_Manoeuvre,Vehicle_Location-Restricted_Lane,Junction_Location,Skidding_and_Overturning,Hit_Object_in_Carriageway,Vehicle_Leaving_Carriageway,Hit_Object_off_Carriageway,1st_Point_of_Impact,Was_Vehicle_Left_Hand_Drive?,Journey_Purpose_of_Driver,Sex_of_Driver,Age_Band_of_Driver,Engine_Capacity_(CC),Propulsion_Code,Age_of_Vehicle,Driver_IMD_Decile,Driver_Home_Area_Type
201305BB04031,2,9,0,3,0,1,0,0,0,0,2,1,6,1,7,1984,1,11,1,1
201305BB04044,1,9,0,9,0,6,0,0,0,0,1,1,6,1,5,2198,2,5,5,1
201305BB04050,1,9,0,18,0,1,0,0,0,0,1,1,6,2,7,2777,2,1,9,1
201305BB04050,2,9,0,3,0,1,0,0,0,0,2,1,6,2,7,1242,1,2,5,3
201305BB04050,3,9,0,3,0,1,0,0,0,0,2,1,6,1,6,1951,2,12,3,1
201305BB04075,1,9,0,18,0,4,0,0,0,0,3,1,6,1,4,1199,1,10,7,3
201305BB04075,2,21,0,18,0,8,0,0,0,0,4,1,1,1,7,6692,2,2,10,2
201305BB04081,1,8,0,5,0,0,0,0,0,0,4,1,1,1,-1,1998,2,8,-1,-1
201305BB04109,1,9,0,6,0,8,0,0,0,0,3,1,1,1,5,1560,2,5,8,1
201305BB04109,2,1,0,18,0,8,0,0,0,0,4,1,6,1,5,-1,-1,-1,5,1
201305BB04113,1,9,0,9,0,0,0,0,0,0,4,1,6,2,7,1498,1,12,7,1
201305BB04113,2,4,0,18,0,0,0,0,0,0,1,1,6,1,8,244,1,5,6,1
201305BB04119,1,9,0,5,0,4,0,0,0,0,1,1,6,2,10,-1,-1,-1,6,3
201305BB04119,2,9,0,3,0,4,0,0,0,0,2,1,6,1,9,1389,1,16,7,1
201305BB04124,1,9,0,7,0,1,0,0,0,0,0,1,6,3,-1,-1,-1,-1,-1,-1
201305BB04124,2,1,0,18,0,1,0,0,0,0,0,1,6,2,6,-1,-1,-1,6,1
201305BB04142,1,9,0,18,0,0,0,0,0,0,4,1,6,2,-1,-1,-1,-1,-1,-1
201305BB04142,2,1,0,4,0,0,0,0,0,0,3,1,6,1,9,-1,-1,-1,7,1
201305BB04160,1,9,0,9,0,8,0,0,0,0,2,1,6,1,7,1598,1,-1,1,1
201305BB04160,2,1,0,18,0,8,0,0,0,0,1,1,6,1,7,-1,-1,-1,1,1
201305BB04164,1,3,0,18,0,1,0,0,0,0,0,1,6,1,7,125,1,-1,1,1
201305BB04171,1,3,0,18,0,1,0,0,0,0,0,1,6,1,5,125,1,4,3,1
201305BB04182,1,8,0,9,0,1,0,0,0,0,3,1,1,1,7,1910,2,6,6,1
201305BB04182,2,4,0,18,0,1,0,0,0,0,1,1,6,1,4,-1,-1,-1,7,3
201305BB04190,1,19,0,18,0,1,0,0,0,0,1,1,1,1,5,2198,2,2,10,3
201305BB04196,1,9,0,18,0,0,0,0,0,0,1,1,6,1,5,1796,1,3,9,2
201305BB04196,2,9,0,4,0,0,0,0,0,0,2,1,6,1,8,1988,2,10,8,1
201305BB04207,1,9,0,9,0,8,0,0,0,0,4,1,6,1,5,-1,-1,-1,5,1
201305BB04207,2,11,0,18,0,8,0,0,0,0,1,1,1,1,7,6700,2,3,8,1
201305BB04211,1,9,0,18,0,8,0,0,0,0,4,1,6,2,7,1991,1,16,9,2
201305BB04211,2,9,0,18,0,8,0,0,0,0,4,1,6,1,8,2498,1,13,3,1
201305BB04218,1,9,0,2,0,0,0,0,0,0,2,1,6,1,7,-1,-1,-1,4,1
201305BB04218,2,1,0,18,0,0,0,0,0,0,1,1,6,1,7,-1,-1,-1,3,1
201305BB04229,1,9,0,18,0,1,0,0,0,0,1,1,6,1,-1,3824,1,7,-1,-1
201305BB04229,2,9,0,3,0,1,0,0,0,0,2,1,6,2,7,1798,1,5,7,1
201305BB04237,1,9,0,17,0,8,0,0,0,0,1,1,6,2,9,1896,2,10,3,1
201305BB04250,1,9,0,9,0,8,0,0,0,0,4,1,6,2,6,1299,1,12,1,1
201305BB04250,2,11,0,18,0,8,0,0,0,0,1,1,1,1,9,6700,2,3,5,1
201305BB04300,1,9,0,18,0,0,0,0,0,0,3,1,6,1,6,1796,1,9,6,1
201305BB04338,1,9,0,7,0,8,0,0,0,0,1,1,6,1,9,1968,2,1,-1,-1
201305BB04338,2,9,0,18,0,8,0,0,0,0,4,1,6,2,9,1997,2,12,6,1
201305BB04340,1,9,0,17,0,0,0,0,4,4,1,1,6,2,6,-1,-1,-1,2,1
201305BB04355,1,9,0,9,0,8,0,0,0,0,4,1,1,1,6,1796,1,11,3,1
201305BB04355,2,9,0,18,0,8,0,0,0,0,1,1,6,1,10,2497,2,9,1,1
201305BB04374,1,9,0,18,0,8,0,0,0,0,1,1,6,1,11,1389,1,9,10,1
201305BB04374,2,9,0,18,0,8,0,0,0,0,1,1,6,2,7,1198,1,3,7,1
201305BB04384,1,9,0,18,0,6,0,0,0,0,4,1,6,2,5,1299,1,10,3,1
201305BB04384,2,21,0,18,0,8,0,0,0,0,1,1,1,1,8,6370,2,7,5,3
201305BB04395,1,9,0,5,0,8,0,0,0,0,4,1,6,2,5,-1,-1,-1,2,1
201305BB04395,2,9,0,17,0,8,0,0,0,0,1,1,6,1,5,1910,2,8,9,1
201305BB04405,1,9,0,18,0,8,0,0,0,0,3,1,6,1,7,1242,1,6,7,1
201305BB04405,2,9,0,18,0,8,0,0,0,0,4,1,6,1,10,1796,1,9,5,1
201305BB04406,1,9,0,18,0,8,0,0,0,0,1,1,6,3,-1,1560,2,5,-1,-1
201305BB04406,2,9,0,4,0,8,0,0,0,0,2,1,6,1,6,1596,1,7,9,1
201305BB04413,1,9,0,7,0,8,0,0,0,0,1,1,6,1,10,2987,2,4,10,1
201305BB04413,2,9,0,18,0,8,0,0,0,0,3,1,6,2,7,1598,1,9,7,1
201305BB04420,1,9,0,5,0,4,0,0,0,0,1,1,6,2,11,1329,1,3,9,1
201305BB04420,2,1,0,9,0,8,5,0,0,0,4,1,6,1,9,-1,-1,-1,10,1
201305BB04425,1,9,0,9,0,8,0,0,0,0,3,1,6,1,4,1229,1,8,8,1
201305BB04425,2,9,0,18,0,8,0,0,0,0,2,1,6,1,8,1560,2,-1,3,1
201305BB04429,1,9,0,18,0,8,0,0,0,0,4,1,1,2,11,1596,1,9,10,1
201305BB04429,2,1,0,18,0,8,0,0,0,0,3,1,6,1,9,-1,-1,-1,6,1
201305BB04444,1,9,0,18,0,1,0,0,0,0,0,1,1,1,8,-1,-1,-1,-1,-1
201305BB04444,2,9,0,18,0,8,1,0,1,1,1,1,6,1,6,1560,2,2,1,1
201305BB04444,3,9,0,18,0,8,0,0,1,0,3,1,6,1,6,1388,1,9,2,1
201305BB04476,1,19,0,18,0,0,0,0,0,0,1,1,6,1,9,1686,2,9,9,1
201305BB04480,1,8,0,18,0,1,0,0,0,0,1,1,6,3,-1,-1,-1,-1,-1,-1
201305BB04500,1,19,0,9,0,8,0,0,0,0,3,1,6,1,5,2148,2,4,9,1
201305BB04500,2,5,0,18,0,3,2,0,0,0,1,1,6,1,8,1255,1,6,8,1
201305BB04533,1,20,0,18,0,0,0,0,0,0,1,1,1,1,6,-1,-1,-1,5,1
201305BB04533,2,20,0,18,0,0,0,0,0,0,2,1,1,1,8,-1,-1,-1,1,1
201305BB04533,3,21,0,7,0,0,0,0,0,0,2,1,1,1,7,11967,2,3,1,1
201305BB04534,1,9,0,18,0,0,0,0,0,0,3,1,6,2,-1,-1,-1,-1,-1,-1
201305BB04538,1,9,0,5,0,8,0,0,0,0,3,1,6,3,-1,-1,-1,-1,-1,-1
201305BB04538,2,1,0,18,0,8,0,0,0,0,4,1,1,1,5,-1,-1,-1,6,1
201305BB04551,1,9,0,9,0,8,0,0,0,0,1,1,6,1,9,998,1,8,6,1
201305BB04551,2,3,0,18,0,1,0,0,0,0,1,1,6,1,4,85,1,24,7,3
201305BB04582,1,9,0,9,0,6,0,0,0,0,1,1,2,2,8,1246,1,8,6,1
201305BB04587,1,10,0,18,0,0,0,0,0,0,3,1,6,1,7,-1,-1,-1,-1,-1
201305BB04587,2,9,0,18,0,0,2,0,1,2,4,1,6,1,8,1461,2,11,3,1
201305BB04591,1,9,0,5,0,1,0,0,0,0,4,1,6,2,7,1388,1,11,1,1
201305BB04605,1,9,0,18,0,1,0,0,0,0,1,1,6,2,8,1995,1,13,1,1
201305BB04605,2,1,0,18,0,1,0,0,0,0,1,1,6,1,3,-1,-1,-1,1,1
201305BB04611,1,9,0,18,0,0,0,0,0,0,1,1,6,1,8,2143,2,1,2,1
201305BB04618,1,9,0,18,0,1,0,0,0,0,4,1,6,3,-1,-1,-1,-1,-1,-1
201305BB04618,2,1,0,18,0,1,0,0,0,0,3,1,6,1,7,-1,-1,-1,1,1
201305BB04625,1,9,0,4,0,0,0,0,0,0,4,1,2,1,8,2143,2,4,4,3
201305BB04625,2,1,0,18,0,0,0,0,0,0,3,1,6,1,4,-1,-1,-1,3,1
201305BB04639,1,9,0,18,0,8,0,0,0,0,4,1,6,1,5,1328,1,11,6,1
201305BB04639,2,9,0,5,0,8,0,0,0,0,3,1,6,2,7,796,1,4,3,1
201305BB04641,1,9,0,18,0,8,0,0,0,0,4,1,6,2,7,1398,2,8,6,1
201305BB04641,2,9,0,18,0,8,0,0,0,0,3,1,6,2,9,973,1,14,8,1
201305BB04648,1,9,0,18,0,1,0,0,0,0,1,1,6,1,9,1997,2,11,3,1
201305BB04648,2,9,0,10,0,1,0,0,0,0,2,1,6,2,6,1995,1,9,6,1
201305BB04648,3,9,0,18,0,1,0,0,0,0,1,1,6,1,7,1596,1,12,1,1
201305BB04669,1,8,0,18,0,1,0,0,0,0,1,1,6,1,-1,-1,-1,-1,-1,-1
201305BB04708,1,9,0,4,0,1,0,0,0,0,2,1,6,2,6,1108,1,8,1,1
201305BB04708,2,9,0,18,0,1,0,0,0,0,1,1,6,1,-1,1596,1,6,4,1
201305BB04733,1,9,0,7,0,8,0,0,0,0,1,1,6,2,5,1388,1,8,2,1
201305BB04733,2,9,0,18,0,8,0,0,0,0,1,1,6,1,6,1796,1,12,3,1
201305BB04739,1,19,0,1,0,0,0,0,0,0,2,1,6,1,8,2496,2,13,-1,-1
201305BB04752,1,9,0,9,0,1,0,0,0,0,3,1,6,2,6,1596,1,12,2,1
201305BB04752,2,9,0,18,0,1,0,0,0,0,4,1,6,1,5,1686,2,1,1,1
201305BB04759,1,9,0,9,0,2,0,0,1,0,0,1,6,1,7,-1,-1,-1,4,1
201305BB04759,2,3,0,18,0,1,0,0,0,0,0,1,6,1,8,124,1,7,-1,-1
201305BB04767,1,9,0,16,0,8,1,0,1,4,1,1,6,3,-1,1984,1,15,-1,-1
201305BB04767,2,9,0,17,0,1,0,0,0,0,3,1,6,2,8,1242,1,-1,5,2
201305BB04773,1,19,0,18,0,8,0,0,0,0,1,1,6,1,8,-1,-1,-1,-1,-1
201305BB04773,2,1,0,18,0,8,0,0,0,0,3,1,6,1,7,-1,-1,-1,-1,-1
201305BB04779,1,9,0,18,0,1,0,0,0,0,1,1,6,2,6,1360,1,4,4,1
201305BB04779,2,1,0,18,0,1,0,0,0,0,3,1,6,1,5,-1,-1,-1,1,1
201305BB04795,1,9,0,18,0,8,0,0,0,0,4,1,6,1,-1,-1,-1,-1,-1,-1
201305BB04795,2,1,0,18,0,8,0,0,0,0,3,1,6,1,5,-1,-1,-1,3,1
201305BB04827,1,9,0,18,0,1,1,7,1,1,1,1,6,1,6,1582,2,1,7,1
201305BB04833,1,9,0,18,0,8,0,0,0,0,1,1,6,2,6,-1,-1,-1,7,1
201305BB04833,2,9,0,18,0,8,0,0,0,0,4,1,6,2,9,1796,1,4,9,1
201305BB04845,1,9,0,18,0,1,0,0,0,0,1,1,6,2,5,1598,1,14,7,1
201305BB04845,2,9,0,4,0,1,0,0,0,0,2,1,6,2,6,1598,2,4,3,1
201305BB04851,1,9,0,7,0,0,0,0,0,0,1,1,6,1,6,1998,2,8,5,1
201305BB04851,2,9,0,18,0,0,0,0,0,0,3,1,1,1,8,-1,-1,-1,4,1
201305BB04873,1,9,0,18,0,1,0,0,0,0,4,1,6,3,-1,-1,-1,-1,-1,-1
201305BB04889,1,9,0,7,0,8,0,0,0,0,3,1,6,1,8,998,1,5,1,1
201305BB04889,2,9,0,18,0,8,0,0,0,0,1,1,6,2,7,1595,1,15,5,1
201305BB04891,1,9,0,18,0,1,0,0,0,0,1,1,6,1,10,-1,-1,-1,-1,-1
201305BB04901,1,9,0,5,0,8,0,0,0,0,3,1,6,1,9,-1,-1,-1,1,1
201305BB04901,2,1,0,18,0,8,0,0,0,0,1,1,6,1,5,-1,-1,-1,-1,-1
201305BB04902,1,9,0,18,0,8,0,0,0,0,1,1,6,3,-1,1998,1,8,-1,-1
201305BB04902,2,9,0,3,0,8,0,0,0,0,1,1,6,2,4,1388,1,6,2,1
201305BB04907,1,9,0,9,0,8,0,0,0,0,4,2,6,1,8,1242,1,16,1,1
201305BB04907,2,9,0,18,0,8,0,0,0,0,3,1,6,1,7,1796,1,4,7,1
201305BB04907,3,9,0,18,0,8,0,0,0,0,2,2,6,1,10,998,1,12,5,1
201305BB04918,1,9,0,18,0,1,1,0,0,0,1,1,6,3,-1,-1,-1,-1,-1,-1
201305BB04919,1,9,0,18,0,2,0,0,0,0,1,1,6,2,6,1596,1,2,5,1
201305BB04919,2,9,0,3,0,8,0,0,0,0,2,1,6,1,8,1598,2,1,3,1
201305BB04931,1,9,0,18,0,8,0,0,0,0,4,1,6,2,6,-1,-1,-1,1,1
201305BB04931,2,9,0,9,0,8,0,0,0,0,3,1,6,2,6,1388,1,9,2,1
201305BB04933,1,9,0,18,0,8,0,0,0,0,3,1,6,1,5,1242,1,8,9,1
201305BB04933,2,1,0,18,0,8,0,0,0,0,4,1,6,1,7,-1,-1,-1,6,1
201305BB04947,1,9,0,18,0,8,0,0,0,0,2,1,6,1,5,1753,2,12,6,1
201305BB04947,2,9,0,18,0,1,0,0,0,0,1,1,6,1,8,1994,1,8,6,1
201305BB04947,3,19,0,18,0,8,0,0,0,0,1,1,6,1,7,1998,2,8,5,1
201305BB04947,4,9,0,2,0,1,0,0,0,0,1,1,1,1,9,1753,2,9,6,1
201305BB04952,1,9,0,18,0,8,2,0,1,4,4,1,6,2,6,1587,1,14,4,1
201305BB04969,1,19,0,18,0,4,0,0,0,0,1,1,1,1,9,2446,2,12,6,1
201305BB04969,2,9,0,18,0,8,0,0,0,0,4,1,6,2,8,1396,1,1,5,1
201305BB04996,1,9,0,18,0,1,0,0,0,0,1,1,6,1,-1,1390,1,1,1,1
201305BB04996,2,4,0,4,0,1,0,0,0,0,2,1,6,1,8,748,1,9,1,1
201305BB05030,1,9,0,3,0,1,0,0,0,0,3,1,1,1,6,1995,1,4,1,1
201305BB05030,2,19,0,18,0,1,0,0,0,0,1,1,1,1,6,2402,2,5,-1,-1
201305BB05046,1,9,0,16,0,0,0,0,0,0,1,1,6,1,5,1560,2,-1,2,1
201305BB05046,2,9,0,17,0,0,0,0,1,4,1,1,6,1,8,1991,2,4,6,1
201305BB05051,1,9,0,18,0,1,0,0,0,0,4,1,6,1,8,1753,2,9,1,1
201305BB05054,1,9,0,17,0,8,0,0,0,0,1,1,6,3,-1,-1,-1,-1,-1,-1
201305BB05056,1,9,0,12,0,1,0,0,0,0,0,1,6,3,-1,-1,-1,-1,-1,-1
201305BB05056,2,9,0,4,0,1,0,0,0,0,2,1,6,2,7,-1,-1,-1,5,3
201305BB05056,3,9,0,18,0,1,0,0,0,0,1,1,6,2,8,1794,1,9,9,2
201305BB05057,1,10,0,6,0,0,0,0,0,0,1,1,1,1,8,-1,-1,-1,5,1
201305BB05068,1,97,0,18,0,0,0,0,0,0,1,1,6,1,-1,-1,-1,-1,-1,-1
201305BB05069,1,9,0,18,0,2,0,0,0,0,1,1,6,2,9,1596,1,-1,5,2
201305BB05069,2,9,4,18,0,1,0,0,0,0,1,1,6,1,9,-1,-1,-1,9,1
201305BB05072,1,1,0,18,0,6,0,0,0,0,3,1,6,1,10,-1,-1,-1,7,1
201305BB05072,2,9,0,11,0,2,0,0,0,0,1,1,1,2,6,2184,2,4,5,1
201305BB05074,1,9,0,18,0,8,1,10,3,0,1,1,6,1,5,1398,1,2,7,1
201305BB05075,1,9,0,16,0,0,0,0,1,9,4,1,6,1,7,-1,-1,-1,7,1
201305BB05078,1,9,0,5,0,8,0,0,0,0,3,1,6,2,4,1242,1,2,8,1
201305BB05078,2,9,0,18,0,8,0,0,0,0,1,1,6,1,5,1199,1,9,7,2
201305BB05079,1,9,0,9,0,0,0,0,0,0,3,1,6,3,-1,-1,-1,-1,-1,-1
201305BB05079,2,9,0,18,0,0,0,0,0,0,4,1,6,1,6,1299,1,13,6,1
201305BB05081,1,9,0,18,0,6,0,0,0,0,1,1,1,1,5,1796,1,10,2,1
201305BB05096,1,9,0,9,0,8,0,0,0,0,4,1,6,1,8,1686,2,9,2,1
201305BB05096,2,9,0,5,0,8,0,0,0,0,1,1,6,1,8,1360,1,8,1,1
201305BB05096,3,9,0,5,0,8,0,0,0,0,1,1,6,2,8,1149,1,14,7,1
201305BB05103,1,9,0,18,0,1,0,0,0,0,1,1,6,2,8,1998,1,11,8,1
201305BB05103,2,9,0,18,0,1,0,0,0,0,2,1,6,1,7,1596,1,11,4,1
201305BB05103,3,9,0,18,0,1,0,0,0,0,2,1,6,2,7,1598,1,5,4,1
201305BB05107,1,9,0,18,0,8,0,0,0,0,1,1,6,2,-1,-1,-1,-1,-1,-1
201305BB05108,1,9,0,18,0,2,0,0,0,0,3,1,6,3,-1,-1,-1,-1,-1,-1
201305BB05108,2,9,0,18,0,1,0,0,0,0,3,1,6,1,10,1753,2,4,1,1
201305BB05109,1,9,0,9,0,8,0,0,0,0,0,1,6,3,-1,-1,-1,-1,-1,-1
201305BB05109,2,11,0,4,0,1,0,0,0,0,0,1,1,1,8,6700,2,4,2,1
201305BB05110,1,9,0,18,0,8,0,0,0,0,3,1,6,2,9,998,1,3,3,1
201305BB05110,2,1,0,18,0,8,0,0,0,0,1,1,6,1,8,-1,-1,-1,3,1
201305BB05117,1,11,0,5,0,0,0,0,0,0,3,1,1,1,9,6700,2,4,3,1
201305BB05117,2,9,0,18,0,0,0,0,0,0,4,1,6,1,8,1596,1,1,1,1
201305BB05162,1,9,0,16,0,0,1,7,8,1,3,1,6,1,6,1596,1,7,7,1
201305BB05172,1,9,0,1,0,6,0,0,0,0,2,1,6,2,10,1598,1,10,7,1
201305BB05182,1,9,0,18,0,2,0,0,0,0,1,1,6,2,-1,-1,-1,-1,-1,-1
201305BB05208,1,9,0,18,0,0,0,0,0,0,1,1,6,1,6,1598,1,4,4,1
201305BB05208,2,9,0,10,0,0,0,0,0,0,4,1,6,2,7,1598,1,7,3,1
201305BB05208,3,9,0,2,0,0,0,0,0,0,3,1,6,3,-1,-1,-1,-1,-1,-1
201305BB05216,1,9,0,18,0,8,0,0,0,0,1,1,6,1,4,1199,1,9,10,1
201305BB05216,2,1,0,18,0,1,0,0,0,0,1,1,6,1,5,-1,-1,-1,5,3
201305BB05226,1,19,0,18,0,1,0,0,0,0,4,1,1,3,-1,-1,-1,-1,-1,-1
201305BB05230,1,9,0,5,0,6,0,0,0,0,2,1,6,2,7,1199,1,9,3,1
201305BB05230,2,3,0,18,0,8,0,0,0,0,3,1,6,1,5,125,1,1,1,1
201305BB05236,1,9,0,9,0,5,1,0,1,11,1,1,6,1,-1,1968,2,5,-1,-1
201305BB05271,1,10,0,4,0,1,0,0,0,0,2,1,6,1,6,1896,2,7,6,1
201305BB05271,2,9,0,18,0,1,0,0,0,0,1,1,6,2,7,2792,1,6,1,1
201305BB05273,1,9,0,18,0,8,0,0,0,0,1,1,6,1,6,1796,1,19,3,1
201305BB05273,2,9,0,9,0,8,0,0,0,0,4,1,6,2,10,1388,1,2,8,1
201305BB05288,1,21,1,9,0,8,0,0,0,0,3,2,6,1,7,-1,-1,-1,-1,-1
201305BB05288,2,9,0,18,0,8,0,0,0,0,4,1,6,2,7,1499,2,-1,2,1
201305BB05307,1,9,0,18,0,0,0,4,0,0,1,1,6,1,7,1988,1,13,3,1
201305BB05307,2,9,0,2,0,0,0,0,0,0,2,1,6,3,-1,1242,1,7,-1,-1
201305BB05307,3,9,0,2,0,0,0,0,0,0,3,1,6,3,-1,998,1,4,-1,-1
201305BB05307,4,9,0,2,0,0,0,0,0,0,2,1,6,3,-1,1796,1,11,-1,-1
201305BB05307,5,9,0,2,0,0,0,0,0,0,2,1,6,3,-1,1587,1,11,-1,-1
201305BB05316,1,19,0,18,0,1,0,0,0,0,3,1,6,1,9,2402,2,2,1,1
201305BB05316,2,9,0,18,0,1,0,0,0,0,3,1,6,1,9,998,1,7,-1,-1
201305BB05322,1,19,0,18,0,0,0,0,0,0,1,1,1,1,7,2402,2,12,5,1
201305BB05338,1,9,0,18,0,8,0,0,0,0,1,1,6,1,6,1364,1,7,3,1
201305BB05364,1,9,0,9,0,6,0,0,0,0,1,1,6,1,11,1391,1,16,9,1
201305BB05365,1,9,0,18,0,0,0,0,0,0,1,1,6,1,6,1400,1,15,3,1
201305BB05378,1,9,0,18,0,0,0,4,0,0,1,1,6,1,5,1560,2,6,10,2
201305BB05378,2,9,0,2,0,0,0,0,0,0,2,1,6,3,-1,1686,2,-1,-1,-1
201305BB05386,1,9,0,9,0,0,0,0,7,0,3,1,6,1,11,1399,2,7,7,1
201305BB05386,2,5,0,18,0,0,0,0,7,0,1,1,6,1,4,645,1,5,1,1
201305BB05404,1,9,0,18,0,8,0,0,0,0,0,1,1,1,6,1582,2,1,-1,-1
201305BB05404,2,9,0,18,0,8,0,0,1,0,1,1,6,1,5,1995,2,4,-1,-1
201305BB05404,3,9,0,18,0,8,0,0,7,11,1,1,6,1,6,1598,1,5,1,1
201305BB05406,1,9,0,18,0,4,0,0,0,0,1,1,6,2,8,-1,-1,-1,2,1
201305BB05406,2,9,0,18,0,8,0,10,0,0,4,1,6,2,6,1679,1,12,-1,-1
201305BB05422,1,21,0,14,0,0,0,0,0,0,1,1,6,1,6,11021,2,8,7,1
201305BB05422,2,9,0,3,0,0,0,0,0,0,2,1,6,1,8,1560,2,3,8,2
201305BB05427,1,9,0,18,0,0,0,0,0,0,1,1,6,2,7,1998,2,9,9,1
201305BB05427,2,9,0,3,0,0,0,0,0,0,2,1,6,1,9,1896,2,9,7,1
201305BB05461,1,19,0,1,0,0,0,4,0,0,1,1,1,1,11,2494,2,5,7,1
201305BB05461,2,11,0,2,0,0,0,0,0,0,1,1,1,1,8,9600,2,12,8,1
201305BB05464,1,9,0,5,0,1,0,0,0,0,1,1,6,3,-1,2497,2,5,-1,-1
201305BB05464,2,9,0,5,0,1,0,0,0,0,2,1,6,2,6,998,1,4,3,1
201305BB05480,1,9,0,18,0,1,0,0,0,0,1,1,6,2,10,1198,1,2,8,1
201305BB05481,1,9,0,18,0,8,0,0,0,0,1,1,6,3,-1,-1,-1,-1,-1,-1
201305BB05481,2,1,0,18,0,8,0,0,0,0,1,1,6,1,3,-1,-1,-1,1,1
201305BB05486,1,9,0,18,0,0,0,0,0,0,1,1,6,1,9,1995,1,4,10,1
201305BB05486,2,9,0,18,0,0,0,0,0,0,1,1,1,1,7,2688,2,9,8,1
201305BB05488,1,9,0,18,0,0,0,0,0,0,1,1,6,1,9,3696,1,4,7,3
201305BB05488,2,9,0,18,0,0,0,0,0,0,1,1,6,2,8,1299,1,12,7,1
201305BB05489,1,9,0,18,0,8,0,0,0,0,2,1,6,1,4,1896,2,15,8,1
201305BB05489,2,9,0,18,0,8,0,0,0,0,2,1,6,2,8,1242,1,8,3,1
201305BB05491,1,9,0,9,0,8,0,0,0,0,4,1,6,1,5,998,1,13,4,1
201305BB05491,2,3,0,18,0,8,0,0,0,0,1,1,6,1,5,124,1,7,1,1
201305BB05499,1,9,0,18,0,0,0,0,0,0,1,1,6,2,9,1399,2,8,5,1
201305BB05499,2,9,0,4,0,0,0,0,0,0,2,1,6,2,7,1198,1,11,10,1
201305BB05500,1,9,0,18,0,8,0,0,1,0,1,1,6,1,6,1598,1,7,6,1
201305BB05504,1,9,0,18,0,1,0,0,7,11,2,1,6,1,5,2148,2,4,6,1
201305BB05535,1,9,0,1,0,0,0,0,0,0,2,1,6,2,-1,1598,1,7,-1,-1
201305BB05544,1,9,0,9,0,8,0,0,0,0,1,1,6,2,9,1598,1,11,-1,-1
201305BB05545,1,9,0,18,0,2,0,0,0,0,1,1,6,3,-1,1995,2,5,-1,-1
201305BB05545,2,9,0,4,0,2,0,0,0,0,2,1,6,2,-1,1995,2,8,-1,-1
201305BB05545,3,9,0,4,0,2,0,0,0,0,2,1,6,2,5,1596,1,8,8,1
201305BB05545,4,9,0,4,0,2,0,0,0,0,2,1,6,2,-1,1242,1,6,-1,-1
201305BB05566,1,9,0,18,0,8,0,0,0,0,1,1,6,1,5,1968,2,-1,6,1
201305BB05566,2,8,0,18,0,8,0,0,0,0,4,1,1,1,8,1997,2,3,7,1
201305BB05607,1,11,0,4,0,0,0,0,0,0,4,1,1,1,9,6700,2,4,1,1
201305BB05608,1,9,0,13,0,1,0,0,1,1,1,1,2,1,5,1242,1,11,5,1
201305BB05608,2,9,0,18,0,1,0,0,0,0,2,1,1,1,7,1753,2,5,-1,-1
201305BB05616,1,9,0,5,0,8,0,0,0,0,1,1,6,1,6,1339,1,3,9,1
201305BB05616,2,9,0,18,0,8,0,0,0,0,3,1,6,2,4,998,1,10,3,1
201305BB05637,1,9,0,18,0,2,0,0,0,0,1,1,6,2,4,1598,1,-1,9,1
201305BB05637,2,9,0,3,0,1,0,0,0,0,2,1,6,1,7,2000,1,8,8,1
201305BB05641,1,9,0,18,0,1,0,0,0,0,4,1,6,1,5,1956,2,3,2,1
201305BB05641,2,9,0,18,0,1,0,0,0,0,1,1,6,1,7,2400,2,-1,1,1
201305BB05663,1,9,0,18,0,1,0,0,0,0,1,1,6,2,6,1968,2,-1,2,1
201305BB05671,1,9,0,5,0,8,0,0,0,0,4,1,6,2,6,1364,1,4,6,1
201305BB05671,2,1,0,18,0,8,0,0,0,0,1,1,6,2,7,-1,-1,-1,4,1
201305BB05672,1,9,0,18,0,0,0,0,0,0,1,1,6,1,4,1388,1,10,2,1
201305BB05672,2,19,0,18,0,0,0,0,0,0,2,1,6,1,7,1686,2,17,-1,-1
201305BB05684,1,9,0,18,0,0,0,0,0,0,1,1,6,2,11,1339,1,6,5,1
201305BB05684,2,9,0,2,0,0,0,0,0,0,1,1,6,2,8,1796,1,3,10,1
201305BB05688,1,3,0,4,0,8,0,0,0,0,0,1,6,1,4,124,1,-1,3,1
201305BB05688,2,9,0,4,0,1,0,0,0,0,0,1,6,3,-1,-1,-1,-1,-1,-1
201305BB05694,1,9,0,18,0,0,0,0,0,0,1,1,6,1,4,1598,2,-1,3,1
201305BB05694,2,9,0,4,0,0,0,0,0,0,2,1,6,2,9,1242,1,3,1,1
201305BB05694,3,9,0,4,0,0,0,0,0,0,2,1,6,1,8,2204,2,7,8,2
201305BB05736,1,2,0,4,0,1,2,0,0,0,3,1,6,2,6,49,1,2,6,1
201305BB05750,1,9,0,18,0,1,0,0,1,1,1,1,6,1,9,1998,1,8,9,1
201305BB05757,1,9,0,18,0,8,0,0,0,0,1,1,6,1,5,1686,2,8,3,1
201305BB05757,2,9,0,18,0,8,0,0,1,7,4,1,6,2,10,1587,1,11,6,1
201305BB05757,3,9,0,18,0,8,0,0,0,0,0,1,6,1,8,1896,2,6,1,1
201305BB05772,1,9,0,18,0,8,0,0,0,0,1,1,6,3,-1,-1,-1,-1,-1,-1
201305BB05772,2,1,0,18,0,8,0,0,0,0,4,1,6,1,6,-1,-1,-1,8,1
201305BB05781,1,5,0,18,0,0,0,0,0,0,1,1,2,1,8,998,1,7,2,1
201305BB05782,1,9,0,9,0,8,0,0,0,0,3,1,6,2,7,-1,-1,-1,9,1
201305BB05782,2,9,0,18,0,8,0,0,0,0,3,1,6,2,8,1124,1,8,7,1