Accident_Index,Vehicle_Reference,Vehicle_Type,Towing_and_Articulation,Vehicle_Manoeuvre,Vehicle_Location-Restricted_Lane,Junction_Location,Skidding_and_Overturning,Hit_Object_in_Carriageway,Vehicle_Leaving_Carriageway,Hit_Object_off_Carriageway,1st_Point_of_Impact,Was_Vehicle_Left_Hand_Drive?,Journey_Purpose_of_Driver,Sex_of_Driver,Age_Band_of_Driver,Engine_Capacity_(CC),Propulsion_Code,Age_of_Vehicle,Driver_IMD_Decile,Driver_Home_Area_Type
201305CC03328,2,9,0,18,0,8,1,0,0,0,1,1,6,1,7,1596,1,8,5,1
201305CC03328,3,9,0,3,0,8,0,0,0,0,3,1,6,2,7,1840,1,12,6,1
201305CC03341,1,9,0,18,0,1,0,0,0,0,1,1,6,2,6,-1,-1,-1,2,1
201305CC03341,2,1,0,18,0,1,0,0,0,0,4,1,6,1,7,-1,-1,-1,1,1
201305CC03346,1,9,0,4,0,1,0,0,0,0,2,1,6,1,8,1989,1,13,1,1
201305CC03346,2,9,0,18,0,1,0,0,0,0,1,1,6,1,10,1299,1,13,1,1
201305CC03409,1,9,0,7,0,0,0,0,0,0,4,1,6,2,8,998,1,9,4,1
201305CC03409,2,1,0,18,0,0,0,0,1,0,3,1,6,1,9,-1,-1,-1,1,1
201305CC03424,1,9,0,18,0,0,0,0,0,0,0,1,6,2,7,1896,2,10,4,3
201305CC03426,1,9,0,5,0,8,0,0,0,0,1,1,6,1,6,1796,1,11,1,1
201305CC03426,2,1,0,18,0,8,0,0,0,0,4,1,6,1,2,-1,-1,-1,1,1
201305CC03456,1,9,0,9,0,8,0,0,0,0,4,1,6,1,8,1389,1,15,9,1
201305CC03456,2,9,0,18,0,8,0,0,0,0,1,1,6,1,6,1596,1,8,5,1
201305CC03494,1,9,0,18,0,1,0,0,0,0,1,1,6,2,6,-1,-1,-1,3,1
201305CC03508,1,9,0,3,0,1,0,0,0,0,4,1,6,1,11,2231,2,3,-1,-1
201305CC03508,2,9,0,3,0,1,0,0,0,0,2,1,6,1,7,1686,2,4,3,1
201305CC03508,3,9,0,3,0,1,0,0,0,0,2,1,6,2,10,1364,1,7,3,1
201305CC03508,4,9,0,3,0,1,0,0,0,0,2,1,6,1,7,1596,1,4,3,1
201305CC03513,1,9,0,18,0,1,0,0,0,0,1,1,6,1,6,1796,1,5,2,1
201305CC03513,2,9,0,3,0,1,0,0,0,0,2,1,6,2,6,1364,1,7,1,1
201305CC03513,3,9,0,3,0,1,0,0,0,0,2,1,6,1,11,-1,-1,-1,5,1
201305CC03513,4,9,0,3,0,1,0,0,0,0,2,1,6,1,7,1595,1,8,1,1
201305CC03523,1,9,0,18,0,0,0,0,0,0,1,1,6,2,7,-1,-1,-1,2,2
201305CC03523,2,9,0,4,0,0,0,0,0,0,2,1,6,2,6,-1,-1,-1,1,1
201305CC03632,1,19,0,18,0,0,0,0,0,0,1,1,1,1,9,1995,2,3,6,1
201305CC03632,2,19,0,3,0,0,0,0,0,0,2,1,1,1,8,2496,2,15,1,1
201305CC03632,3,9,0,3,0,0,0,0,0,0,2,1,6,1,8,-1,-1,-1,5,1
201305CC03632,4,9,0,3,0,0,0,0,0,0,2,1,6,2,6,1685,2,-1,5,1
201305CC03661,1,9,0,16,0,8,0,0,0,0,4,1,6,1,-1,-1,-1,-1,-1,-1
201305CC03661,2,1,0,18,0,8,0,0,0,0,3,1,6,1,4,-1,-1,-1,6,1
201305CC03687,1,8,0,7,0,8,0,0,0,0,1,1,1,1,9,2664,2,14,3,1
201305CC03687,2,22,0,18,0,8,0,0,0,0,4,1,6,1,11,-1,-1,-1,1,1
201305CC03692,1,9,0,18,0,4,0,0,0,0,1,1,6,3,-1,-1,-1,-1,-1,-1
201305CC03692,2,8,0,18,0,3,0,0,0,0,4,1,1,1,-1,-1,-1,-1,-1,-1
201305CC03715,1,9,0,18,0,8,0,0,0,0,4,1,6,3,-1,1988,2,9,-1,-1
201305CC03715,2,1,0,18,0,8,0,0,0,0,3,1,6,1,6,-1,-1,-1,1,1
201305CC03736,1,11,0,10,0,1,0,0,0,0,0,1,1,1,-1,-1,-1,-1,-1,-1
201305CC03737,1,9,0,18,0,8,0,0,0,0,1,1,6,3,-1,-1,-1,-1,-1,-1
201305CC03738,1,1,0,9,0,8,0,0,0,0,3,1,6,1,4,-1,-1,-1,1,1
201305CC03738,2,9,0,18,0,8,0,0,0,0,4,1,6,1,7,1595,1,5,5,1
201305CC03742,1,20,0,4,0,8,0,0,0,0,1,1,1,1,8,4580,2,1,2,1
201305CC03742,2,9,0,4,0,8,0,0,0,0,2,1,6,2,7,1598,1,8,3,1
201305CC03742,3,90,0,17,0,4,0,0,0,0,0,1,1,2,7,2143,2,2,-1,-1
201305CC03769,1,11,0,2,0,0,0,0,0,0,0,1,1,3,-1,-1,-1,-1,-1,-1
201305CC03769,2,9,0,18,0,0,1,0,1,3,1,1,6,1,11,1497,1,10,2,1
201305CC03769,3,9,0,2,0,0,0,0,0,0,2,1,6,2,6,1596,1,11,-1,-1
201305CC03817,1,19,0,1,0,8,0,0,0,0,2,1,1,1,4,2402,2,3,2,1
201305CC03817,2,9,0,18,0,8,0,0,0,0,4,1,6,1,5,1242,1,7,1,1
201305CC03824,1,3,0,5,0,0,0,0,0,0,0,1,2,2,7,124,1,8,5,1
201305CC03828,1,9,0,18,0,0,0,0,0,0,1,1,6,1,-1,1796,1,5,9,1
201305CC03828,2,9,0,3,0,0,0,0,0,0,2,1,6,1,8,-1,-1,-1,1,1
201305CC03830,1,1,0,18,0,8,0,0,0,0,4,1,6,1,7,-1,-1,-1,1,1
201305CC03830,2,9,0,18,0,8,0,0,0,0,1,1,6,2,9,998,1,2,6,1
201305CC03842,1,9,0,9,0,2,0,0,0,0,4,1,6,2,8,1582,2,2,1,1
201305CC03842,2,2,0,18,0,1,0,0,0,0,1,1,6,1,4,50,1,3,2,1
201305CC03861,1,9,0,5,0,0,0,0,0,0,1,1,6,1,8,1956,2,4,1,1
201305CC03861,2,9,0,3,0,0,0,0,0,0,2,1,6,1,9,1560,2,1,1,1
201305CC03887,1,4,0,18,0,1,0,0,0,0,1,1,6,3,-1,-1,-1,-1,-1,-1
201305CC03887,2,9,0,10,0,1,0,0,0,0,2,1,6,2,5,1368,1,2,1,1
201305CC03897,1,19,0,18,0,1,0,0,0,0,3,1,6,3,-1,-1,-1,-1,-1,-1
201305CC03897,2,9,0,18,0,1,0,0,0,0,3,1,6,1,8,2199,2,3,3,1
201305CC03897,3,9,0,10,0,8,0,0,0,0,0,1,6,3,-1,-1,-1,-1,-1,-1
201305CC03918,1,9,0,5,0,8,0,0,0,0,1,1,6,1,6,1956,2,1,1,1
201305CC03918,2,9,0,18,0,8,0,0,0,0,4,1,6,1,7,-1,-1,-1,3,1
201305CC03975,1,19,0,18,0,1,0,0,0,0,1,1,6,1,-1,1753,2,7,-1,-1
201305CC03975,2,19,0,3,0,1,0,0,0,0,2,1,6,1,7,-1,-1,-1,6,1
201305CC03976,1,9,0,18,0,8,0,0,0,0,1,1,6,1,-1,-1,-1,-1,-1,-1
201305CC03976,2,1,0,9,0,8,0,0,0,0,2,1,6,1,6,-1,-1,-1,1,1
201305CC03993,1,9,0,18,0,0,1,0,1,4,1,1,6,1,8,1598,1,9,10,1
201305CC03998,1,19,0,9,0,5,1,0,1,2,1,1,1,1,5,2143,2,1,6,1
201305CC03998,2,9,0,18,0,8,1,0,0,0,1,1,6,1,5,1360,1,13,3,1
201305CC04012,1,9,0,5,0,1,0,0,0,0,1,1,6,2,7,1582,2,-1,3,1
201305CC04012,2,9,0,5,0,1,0,0,0,0,2,1,6,1,5,1242,1,9,2,1
201305CC04141,1,9,0,18,0,1,0,0,0,0,1,1,6,1,4,1229,1,6,6,1
201305CC04141,2,9,0,3,0,1,0,0,0,0,2,1,6,1,6,1596,1,8,1,1
201305CC04151,1,9,0,18,0,2,0,0,0,0,3,1,2,1,6,1598,1,9,1,1
201305CC04159,1,9,0,9,0,8,0,0,0,0,4,1,6,1,10,1596,1,2,6,1
201305CC04159,2,1,0,9,0,8,0,0,0,0,1,1,6,1,10,-1,-1,-1,1,1
201305CC04174,1,9,0,5,0,0,0,0,0,0,0,1,1,2,7,1995,1,4,2,1
201305CC04183,1,19,0,1,0,1,0,0,0,0,1,1,1,1,9,1461,2,3,6,1
201305CC04192,1,9,0,4,0,1,0,0,0,0,1,1,6,1,11,1332,1,7,1,1
201305CC04192,2,9,0,3,0,1,0,0,0,0,2,1,6,1,6,1360,1,10,1,1
201305CC04192,3,9,0,3,0,1,0,0,0,0,2,1,6,1,7,1598,1,11,5,1
201305CC04251,1,9,0,18,0,8,0,0,0,0,4,1,6,1,7,1242,1,11,1,1
201305CC04251,2,9,0,10,0,8,0,0,0,0,3,1,1,1,9,-1,-1,-1,1,1
201305CC04257,1,9,0,5,0,1,0,0,0,0,4,1,6,1,6,1968,2,6,1,1
201305CC04257,2,1,0,18,0,1,0,0,0,0,1,1,6,2,8,-1,-1,-1,1,1
201305CC04267,1,3,0,18,0,0,0,0,0,0,0,1,6,2,8,125,1,1,-1,2
201305CC04291,1,9,0,4,0,0,0,0,0,0,1,1,1,1,-1,1582,2,-1,-1,-1
201305CC04291,2,9,0,1,0,0,0,0,0,0,2,1,6,1,8,1951,2,9,1,1
201305CC04327,1,11,0,4,0,0,0,0,0,0,4,1,1,1,8,5900,2,7,1,1
201305CC04330,1,9,0,5,0,1,0,0,0,0,1,1,6,2,8,2204,2,5,7,3
201305CC04330,2,9,0,4,0,1,0,0,0,0,2,1,6,2,6,2231,2,6,1,1
201305CC04334,1,9,0,2,0,1,0,0,0,0,0,1,6,3,-1,-1,-1,-1,-1,-1
201305CC04334,2,9,0,18,0,1,0,0,0,0,1,1,6,1,7,1998,2,8,-1,-1
201305CC04339,1,9,0,18,0,0,1,0,0,0,1,1,6,2,6,1289,1,15,1,1
201305CC04339,2,9,0,18,0,0,1,0,0,0,2,1,6,1,6,998,1,1,5,1
201305CC04347,1,9,0,17,0,0,0,0,0,0,1,1,6,1,6,1968,2,3,1,1
201305CC04347,2,21,1,9,0,0,0,0,0,0,2,1,1,1,7,11946,2,2,8,1
201305CC04354,1,9,0,3,0,8,0,0,0,0,3,1,6,2,6,1390,1,7,5,1
201305CC04354,2,3,0,18,0,1,0,0,0,0,3,1,6,1,4,124,1,-1,6,1
201305CC04360,1,1,0,18,0,0,0,0,0,0,1,1,6,1,5,-1,-1,-1,5,1
201305CC04397,1,3,0,18,0,8,0,0,0,0,4,1,6,1,9,-1,-1,-1,1,1
201305CC04397,2,9,0,18,0,8,0,0,0,0,3,1,6,2,6,1799,1,6,5,1
201305CC04411,1,19,0,18,0,1,0,0,0,0,3,1,6,1,-1,-1,-1,-1,-1,-1
201305CC04445,1,19,0,18,0,2,0,0,0,0,1,1,1,1,-1,-1,-1,-1,-1,-1
201305CC04451,1,19,0,18,0,3,0,0,0,0,4,1,6,1,6,1753,2,9,1,1
201305CC04451,2,9,0,18,0,8,0,0,0,0,3,1,6,1,-1,2000,1,10,-1,-1
201305CC04461,1,9,0,18,0,1,0,0,0,0,1,1,6,1,-1,1560,2,-1,-1,-1
201305CC04461,2,4,0,3,0,1,0,0,0,0,2,1,2,1,9,599,1,12,6,1
201305CC04464,1,9,0,5,0,0,0,0,0,0,4,1,6,1,9,1398,1,2,1,1
201305CC04498,1,9,0,13,0,0,0,0,0,0,3,1,6,3,-1,1242,1,-1,-1,-1
201305CC04498,2,9,0,18,0,0,0,0,0,0,3,1,6,2,5,998,1,9,5,1
201305CC04508,1,11,0,18,0,0,0,0,0,0,1,1,1,1,8,2700,2,4,2,1
201305CC04511,1,1,0,18,0,8,0,0,0,0,1,1,6,1,3,-1,-1,-1,2,1
201305CC04511,2,9,0,18,0,8,0,0,0,0,2,1,6,1,8,1596,1,5,2,1
201305CC04543,1,4,0,18,0,0,2,0,2,7,1,1,6,1,5,-1,-1,-1,1,1
201305CC04543,2,9,0,18,0,0,0,0,0,0,1,1,6,1,5,1396,1,12,5,2
201305CC04546,1,9,0,18,0,0,0,0,0,0,0,1,1,1,7,2993,2,1,2,1
201305CC04546,2,9,0,18,0,0,1,0,0,0,0,1,6,3,-1,-1,-1,-1,-1,-1
201305CC04546,3,9,0,18,0,0,1,0,1,4,4,1,6,1,8,1560,2,8,6,1
201305CC04552,1,9,0,18,0,1,0,0,0,0,0,1,6,1,5,1299,1,11,3,1
201305CC04552,2,11,0,18,0,1,0,0,0,0,0,1,1,1,7,6700,2,4,4,1
201305CC04561,1,9,0,9,0,5,0,0,0,0,1,1,6,2,7,1598,1,8,2,1
201305CC04561,2,9,0,18,0,1,0,0,0,0,1,1,6,1,6,1997,2,10,1,1
201305CC04635,1,3,0,18,0,2,0,0,0,0,1,1,2,1,4,124,1,7,1,1
201305CC04635,2,9,0,18,0,2,0,0,0,0,3,1,2,1,10,1598,1,15,5,1
201305CC04649,1,4,0,18,0,8,0,0,0,0,1,1,6,1,4,-1,-1,-1,1,1
201305CC04649,2,9,0,18,0,8,0,0,0,0,1,1,6,2,8,1390,1,9,4,2
201305CC04651,1,9,0,18,0,0,0,0,0,0,4,1,6,1,8,1596,1,13,1,1
201305CC04657,1,9,0,18,0,8,0,0,0,0,1,1,6,1,6,-1,-1,-1,-1,-1
201305CC04657,2,8,0,18,0,1,0,0,0,0,1,1,1,1,8,1896,2,4,5,1
201305CC04667,1,9,0,9,0,2,0,0,0,0,3,1,1,1,6,2494,1,21,2,1
201305CC04667,2,3,0,18,0,8,0,0,0,0,1,1,1,1,5,124,1,5,1,1
201305CC04676,1,9,0,18,0,8,2,0,1,9,1,1,6,1,8,3189,1,6,1,1
201305CC04679,1,9,0,18,0,0,0,0,0,0,1,1,6,1,9,1796,1,16,-1,-1
201305CC04679,2,9,0,18,0,0,0,0,0,0,2,1,6,2,7,1995,2,6,-1,-1
201305CC04679,3,9,0,18,0,0,0,0,0,0,2,1,6,2,5,996,1,1,2,1
201305CC04679,4,8,0,6,0,0,0,0,0,0,0,1,6,1,7,-1,-1,-1,5,1
201305CC04680,1,9,0,18,0,0,0,4,0,0,1,1,6,1,-1,-1,-1,-1,-1,-1
201305CC04680,2,9,0,2,0,0,0,0,0,0,4,1,6,2,5,1388,1,10,-1,-1
201305CC04680,3,19,0,2,0,0,0,0,0,0,3,1,6,1,9,2198,2,4,-1,-1
201305CC04681,1,9,0,18,0,1,0,0,0,0,1,1,6,1,-1,-1,-1,-1,-1,-1
201305CC04681,2,9,0,3,0,1,0,0,0,0,2,1,6,1,7,1995,2,1,6,1
201305CC04682,1,9,0,18,0,0,0,0,0,0,1,1,6,1,10,4966,1,9,6,1
201305CC04682,2,9,0,18,0,0,0,0,1,0,1,1,6,1,10,1399,2,6,4,1
201305CC04718,1,9,0,7,0,1,0,0,0,0,1,1,2,2,7,998,1,6,4,1
201305CC04718,2,9,0,18,0,2,0,0,0,0,4,1,2,2,7,1998,1,9,5,1
201305CC04783,1,9,0,9,0,5,0,0,0,0,1,1,6,1,7,1339,1,10,1,1
201305CC04783,2,9,0,18,0,8,0,0,0,0,1,1,6,2,9,1242,1,7,1,1
201305CC04808,1,9,0,18,0,1,0,0,0,0,1,1,6,2,5,1242,1,1,7,1
201305CC04808,2,9,0,3,0,1,0,0,0,0,2,1,6,2,9,1991,2,4,7,1
201305CC04808,3,9,0,3,0,1,0,0,0,0,2,1,1,1,8,1560,2,7,2,1
201305CC04826,1,9,0,18,0,4,0,0,0,0,1,1,1,1,9,-1,-1,-1,10,1
201305CC04826,2,1,0,18,0,8,0,0,0,0,4,1,1,1,6,-1,-1,-1,1,1
201305CC04848,1,2,0,18,0,3,1,0,0,0,1,1,2,1,4,49,1,4,1,1
201305CC04848,2,9,0,3,0,2,0,0,0,0,2,1,2,1,7,1796,1,8,2,1
201305CC04856,1,9,0,3,0,4,0,0,0,0,2,1,2,1,6,1198,1,6,10,1
201305CC04856,2,9,0,18,0,4,0,0,0,0,1,1,6,2,5,1595,1,3,6,1
201305CC04868,1,8,0,18,0,0,1,0,7,4,1,1,1,1,8,2664,2,14,-1,-1
201305CC04921,1,9,0,5,0,8,0,0,1,7,1,1,6,1,4,1560,2,4,5,1
201305CC04921,2,9,0,5,0,8,0,0,0,0,3,1,6,1,7,1995,2,7,1,1
201305CC04937,1,9,0,18,0,0,0,0,0,0,1,1,6,1,-1,-1,-1,-1,-1,-1
201305CC04937,2,9,0,3,0,0,0,0,0,0,2,1,6,1,6,2671,1,11,5,1
201305CC04938,1,9,0,5,0,0,0,0,0,0,4,1,6,1,9,1242,1,14,2,1
201305CC04967,1,9,0,18,0,1,0,0,0,0,1,1,6,2,7,1598,1,9,-1,-1
201305CC04967,2,9,0,3,0,2,0,0,0,0,2,1,6,2,6,1124,1,11,6,1
201305CC04970,1,9,0,18,0,0,0,7,7,9,1,1,6,2,7,1595,1,2,3,1
201305CC04972,1,19,0,11,0,0,0,0,0,0,0,1,1,1,6,2198,2,1,4,1
201305CC04972,2,9,0,18,0,0,0,0,1,0,0,1,6,1,5,1560,2,1,2,1
201305CC05053,1,9,0,18,0,0,0,0,1,0,4,1,6,3,-1,-1,-1,-1,-1,-1
201305CC05082,1,9,0,9,0,5,0,0,0,0,1,1,6,1,6,1900,2,14,1,1
201305CC05082,2,2,0,18,0,8,0,0,0,0,1,1,6,1,4,125,1,4,2,1
201305CC05085,1,19,0,18,0,0,1,0,7,11,1,1,6,1,6,2151,2,11,-1,-1
201305CC05091,1,9,0,18,0,1,0,0,0,0,1,1,6,1,7,1798,1,6,1,1
201305CC05091,2,9,0,18,0,8,5,0,0,0,4,1,6,2,8,1242,1,-1,5,1
201305CC05124,1,1,0,18,0,8,0,0,0,0,4,1,6,1,7,-1,-1,-1,6,1
201305CC05124,2,9,0,5,0,8,0,0,0,0,1,1,6,3,-1,-1,-1,-1,-1,-1
201305CC05156,1,8,0,9,0,8,0,0,0,0,1,1,1,1,8,2497,1,9,1,1
201305CC05156,2,9,0,4,0,1,0,0,0,0,1,1,6,1,5,1242,1,5,1,1
201305CC05157,1,9,0,18,0,3,0,0,0,0,1,1,6,1,9,1896,2,8,3,1
201305CC05157,2,9,0,18,0,3,0,0,0,0,2,1,6,1,-1,4244,1,6,7,1
201305CC05197,1,9,0,18,0,0,0,0,4,6,1,1,1,1,6,1796,1,11,1,1
201305CC05197,2,9,0,18,0,0,0,0,4,6,2,1,1,2,6,1364,1,8,-1,-1
201305CC05200,1,9,0,18,0,8,0,0,0,0,4,1,6,1,5,-1,-1,-1,-1,-1
201305CC05235,1,9,0,17,0,1,1,0,1,10,1,1,6,2,4,1229,1,5,1,1
201305CC05242,1,9,0,18,0,2,0,0,0,0,2,1,6,2,7,1248,2,9,2,1
201305CC05242,2,9,0,18,0,2,0,0,0,0,1,1,6,3,-1,-1,-1,-1,-1,-1
201305CC05267,1,19,0,18,0,1,0,0,0,0,1,1,1,2,7,2402,2,7,6,1
201305CC05297,1,21,1,18,0,0,0,0,0,0,4,2,1,1,8,-1,-1,-1,-1,-1
201305CC05297,2,9,0,3,0,0,0,0,0,0,3,1,6,1,9,1368,1,3,1,1
201305CC05335,1,9,0,9,0,1,0,0,0,0,1,1,6,2,9,1242,1,6,1,1
201305CC05344,1,9,0,17,0,0,2,0,1,2,4,1,6,1,5,1598,1,13,5,1
201305CC05402,1,9,0,18,0,0,1,0,0,0,1,1,6,1,-1,1388,1,14,-1,-1
201305CC05402,2,9,0,18,0,0,0,0,0,0,2,1,6,1,-1,2143,2,3,-1,-1
201305CC05402,3,9,0,3,0,0,0,0,0,0,2,1,6,1,-1,1796,1,14,-1,-1
201305CC05416,1,19,0,18,0,0,0,0,0,0,1,1,6,1,-1,2198,2,-1,-1,-1
201305CC05430,1,19,0,18,0,8,0,0,0,0,4,1,6,1,7,1753,2,-1,1,1
201305CC05430,2,1,0,18,0,8,0,0,0,0,4,1,6,2,9,-1,-1,-1,-1,-1
201305CC05457,1,8,0,6,0,0,0,0,0,0,1,1,1,3,-1,-1,-1,-1,-1,-1
201305CC05483,1,9,0,8,0,0,0,0,0,0,4,1,6,1,9,1598,1,2,3,1
201305CC05483,2,19,0,18,0,0,0,0,0,0,1,1,6,1,9,-1,-1,-1,9,1
201305CC05484,1,9,0,9,0,8,0,0,0,0,3,1,6,2,8,1991,2,1,1,1
201305CC05484,2,9,0,18,0,8,0,0,0,0,1,1,6,1,4,-1,-1,-1,1,1
201305CC05525,1,19,0,5,0,1,0,0,0,0,1,1,6,1,7,-1,-1,-1,2,1
201305CC05525,2,9,0,5,0,8,0,0,0,0,2,1,6,1,6,-1,-1,-1,2,1
201305CC05530,1,9,0,18,0,4,1,0,0,0,0,1,6,1,7,-1,-1,-1,1,1
201305CC05543,1,9,0,18,0,0,0,0,0,0,1,1,6,3,-1,-1,-1,-1,-1,-1
201305CC05543,2,1,0,18,0,0,0,0,0,0,2,1,6,1,5,-1,-1,-1,5,1
201305CC05547,1,9,0,18,0,0,0,0,0,0,4,1,6,1,10,1998,2,7,1,1
201305CC05549,1,11,0,18,0,1,0,0,0,0,3,1,1,1,7,-1,2,13,1,1
201305CC05549,2,9,0,3,0,1,0,0,0,0,2,1,6,2,8,1749,1,8,1,1
201305CC05549,3,9,0,3,0,1,0,0,0,0,2,1,6,1,7,998,1,-1,1,1
201305CC05549,4,9,0,3,0,1,0,0,0,0,2,1,6,1,6,1596,1,2,1,1
201305CC05563,1,9,0,9,0,8,0,0,0,0,1,1,6,1,7,-1,-1,-1,-1,-1
201305CC05563,2,8,0,18,0,8,0,0,0,0,3,1,6,1,5,1968,2,2,1,1
201305CC05589,1,9,0,18,0,8,0,0,0,0,1,1,1,1,6,-1,-1,-1,1,1
201305CC05589,2,9,0,18,0,1,0,0,1,0,2,1,6,2,8,1149,1,7,-1,-1
201305CC05589,3,9,0,18,0,1,0,0,0,0,2,2,6,2,7,-1,-1,-1,8,3
201305CC05591,1,9,0,18,0,1,0,0,0,0,1,1,2,2,5,1364,1,3,1,1
201305CC05591,2,9,0,3,0,1,0,0,0,0,2,1,2,1,9,1896,2,8,4,1
201305CC05591,3,9,0,3,0,1,0,0,0,0,2,1,2,1,8,1198,1,2,8,1
201305CC05591,4,9,0,3,0,1,0,0,0,0,2,1,6,2,6,1299,1,8,1,1
201305CC05594,1,98,1,14,0,0,0,0,0,0,0,1,1,3,-1,-1,-1,-1,-1,-1
201305CC05594,2,4,0,13,0,0,1,0,0,0,0,1,2,1,6,124,1,4,1,1
201305CC05610,1,9,0,18,0,0,0,0,0,0,2,1,6,1,11,1968,2,1,6,1
201305CC05610,2,9,0,2,0,0,0,0,0,0,2,1,6,1,6,1590,1,10,-1,-1
201305CC05613,1,8,0,9,0,8,0,0,0,0,1,1,1,1,5,1998,2,9,1,1
201305CC05613,2,9,0,18,0,8,0,0,0,0,1,1,6,1,6,1984,1,12,1,1
201305CC05633,1,9,0,5,0,8,0,0,0,0,1,1,6,2,6,998,1,9,1,1
201305CC05633,2,9,0,18,0,8,0,0,0,0,4,1,6,1,7,1560,2,-1,-1,-1
201305CC05648,1,9,0,5,0,8,0,0,0,0,2,1,6,2,5,1397,1,4,3,1
201305CC05648,2,9,0,3,0,8,0,0,0,0,1,1,6,2,8,1299,1,11,1,1
201305CC05656,1,9,0,18,0,0,0,0,5,6,3,1,6,1,6,1910,2,7,5,1
201305CC05656,2,9,0,18,0,0,0,0,4,6,4,1,6,2,5,1995,2,-1,7,1
201305CC05657,1,9,0,18,0,1,0,0,0,0,2,1,6,2,8,1679,1,14,2,1
201305CC05670,1,9,0,5,0,8,0,0,0,0,3,1,6,2,6,1956,2,3,1,1
201305CC05670,2,1,0,18,0,8,0,0,0,0,1,1,6,2,8,-1,-1,-1,1,1
201305CC05697,1,5,0,12,0,0,1,0,0,0,1,1,2,1,8,1255,1,-1,1,1
201305CC05753,1,9,0,5,0,8,0,0,0,0,3,1,6,2,5,796,1,11,1,1
201305CC05753,2,9,0,18,0,8,0,0,0,0,4,1,6,1,8,1984,2,4,6,1
201305CC05766,1,9,0,4,0,4,1,9,3,10,1,1,6,1,-1,-1,-1,-1,-1,-1
201305CC05766,2,9,0,18,0,1,0,0,0,0,0,1,1,1,7,2993,2,3,-1,-1
201305CC05766,3,9,0,18,0,1,0,0,0,0,0,1,1,1,6,-1,-1,-1,-1,-1
201305CC05773,1,9,0,18,0,1,0,0,0,0,1,1,6,1,6,1999,1,4,2,1
201305CC05773,2,9,0,18,0,1,0,0,0,0,2,1,6,2,8,1240,1,9,1,1
201305CC05773,3,9,0,2,0,1,0,0,0,0,3,1,6,2,-1,1198,1,11,2,1
201305CC05773,4,9,0,2,0,1,0,0,0,0,3,1,6,2,-1,1398,1,1,2,1
201305CC05807,1,9,0,18,0,8,0,0,0,0,1,1,6,2,6,1560,2,2,2,1
201305CC05807,2,9,0,4,0,8,0,0,0,0,2,1,6,2,8,1388,1,6,2,1
201305CC05821,1,9,0,5,0,0,0,0,0,0,1,1,6,2,10,1229,1,6,3,1
201305CC05821,2,9,0,2,0,0,0,0,1,0,1,1,6,3,-1,1968,2,-1,-1,-1
201305CC05847,1,9,0,18,0,8,0,0,0,0,1,1,1,2,6,1149,1,4,2,1
201305CC05847,2,9,0,18,0,8,0,0,1,1,3,1,1,1,8,-1,-1,-1,1,1
201305DD01012,1,9,0,18,0,1,0,0,0,0,1,1,6,2,5,1560,2,1,3,1
201305DD01012,2,9,0,9,0,8,0,0,0,0,1,1,6,2,7,1896,2,10,7,1
201305DD01022,1,9,0,18,0,8,0,0,0,0,4,1,6,1,8,1399,2,8,2,1
201305DD01023,1,9,0,18,0,1,1,0,0,0,1,1,6,3,-1,1598,1,7,-1,-1
201305DD01023,2,9,0,18,0,1,1,0,7,0,1,1,6,3,-1,-1,-1,-1,-1,-1
201305DD01023,3,9,0,18,0,1,0,0,1,2,2,1,6,2,8,-1,-1,-1,2,1
201305DD01023,4,9,0,2,0,1,0,0,0,0,3,1,6,2,7,1598,1,10,-1,-1
201305DD01027,1,9,0,18,0,2,0,0,0,0,4,1,6,1,7,1753,2,6,1,1
201305DD01028,1,9,0,5,0,0,0,0,0,0,3,1,6,1,5,1242,1,1,1,1
201305DD01031,1,9,0,5,0,1,0,0,0,0,1,1,2,2,6,1995,1,9,5,1
201305DD01031,2,1,0,18,0,1,0,0,0,0,1,1,6,1,8,-1,-1,-1,2,1
201305DD01034,1,9,0,7,0,8,0,0,0,0,3,1,6,2,11,1390,1,11,7,2
201305DD01034,2,3,0,7,0,8,0,0,0,0,1,1,6,1,4,125,1,6,7,1
201305DD01045,1,9,0,18,0,0,0,0,0,0,3,1,6,2,6,1995,2,2,9,1
201305DD01045,2,9,0,18,0,0,0,0,0,0,3,1,6,1,8,1461,2,3,9,1
201305DD01066,1,1,0,18,0,8,0,0,0,0,1,1,6,1,6,-1,-1,-1,1,1
201305DD01066,2,9,0,18,0,3,0,0,0,0,1,1,1,2,8,2495,2,9,7,1
201305DD01082,1,1,0,5,0,6,0,0,0,0,1,1,6,1,7,-1,-1,-1,2,1
201305DD01082,2,9,0,10,0,6,0,0,0,0,1,1,6,1,-1,1796,1,11,-1,-1
201305DD01101,1,9,0,7,0,8,0,0,0,0,1,1,6,2,9,1086,1,9,5,1
201305DD01101,2,9,0,18,0,8,0,0,0,0,4,1,6,1,7,1910,2,8,7,1
201305DD01109,1,9,0,18,0,0,0,0,0,0,1,1,6,1,4,1968,2,2,5,1
201305DD01109,2,9,0,18,0,0,0,0,0,0,2,1,6,2,8,1242,1,2,2,1
201305DD01109,3,9,0,18,0,0,0,0,0,0,2,1,6,2,8,1753,2,5,1,1
201305DD01124,1,5,0,18,0,0,1,0,0,0,1,1,2,1,8,998,1,22,3,1
201305DD01135,1,1,0,18,0,0,0,0,0,0,1,1,6,1,5,-1,-1,-1,4,1
201305DD01135,2,9,0,4,0,0,0,0,0,0,1,1,1,1,9,2231,2,5,5,3
201305DD01150,1,9,0,18,0,1,0,0,0,0,0,1,6,3,-1,-1,-1,-1,-1,-1
201305DD01183,1,9,0,18,0,0,0,4,0,0,1,1,6,1,7,-1,-1,-1,2,1
201305DD01183,2,90,0,2,0,0,0,4,0,0,2,1,6,1,8,-1,-1,-1,-1,-1
201305DD01183,3,9,0,2,0,0,0,0,0,0,0,1,6,1,10,4164,2,18,-1,-1