Accident_Index,Vehicle_Reference,Vehicle_Type,Towing_and_Articulation,Vehicle_Manoeuvre,Vehicle_Location-Restricted_Lane,Junction_Location,Skidding_and_Overturning,Hit_Object_in_Carriageway,Vehicle_Leaving_Carriageway,Hit_Object_off_Carriageway,1st_Point_of_Impact,Was_Vehicle_Left_Hand_Drive?,Journey_Purpose_of_Driver,Sex_of_Driver,Age_Band_of_Driver,Engine_Capacity_(CC),Propulsion_Code,Age_of_Vehicle,Driver_IMD_Decile,Driver_Home_Area_Type
201305DD01194,1,9,0,18,0,8,0,0,0,0,4,1,3,2,7,1390,1,5,1,1
201305DD01194,2,9,0,18,0,8,0,0,0,0,1,1,2,2,7,1991,2,7,4,1
201305DD01240,1,9,0,18,0,4,0,0,0,0,1,1,6,3,-1,-1,-1,-1,-1,-1
201305DD01240,2,9,0,18,0,3,1,0,0,7,4,1,6,1,6,1390,1,12,1,1
201305DD01241,1,9,0,9,0,2,0,0,0,0,0,1,6,2,8,1995,2,1,6,1
201305DD01241,2,19,0,18,0,1,1,0,1,10,1,1,1,1,5,2402,2,7,4,1
201305DD01262,1,9,0,18,0,0,1,0,0,0,1,1,6,1,5,1149,1,10,1,1
201305DD01262,2,9,0,2,0,0,0,0,0,0,2,1,6,1,6,1870,2,12,1,1
201305DD01306,1,9,0,18,0,8,0,0,0,0,1,1,6,2,8,1796,1,3,9,1
201305DD01306,2,9,0,18,0,8,0,0,0,0,4,1,6,1,8,-1,-1,-1,6,1
201305DD01308,1,9,0,7,0,2,0,0,0,0,1,1,6,2,9,1596,1,9,4,1
201305DD01331,1,9,0,9,0,8,0,0,0,0,3,1,6,1,8,1598,1,13,2,1
201305DD01331,2,9,0,18,0,8,0,0,0,0,1,1,6,2,4,1242,1,4,9,1
201305DD01334,1,9,0,18,0,8,0,0,0,0,2,1,6,1,7,1596,1,9,1,1
201305DD01334,2,9,0,18,0,8,0,0,0,0,1,1,6,1,7,1796,1,12,1,1
201305DD01342,1,9,0,16,0,4,0,0,0,0,0,1,1,1,6,2993,2,1,-1,-1
201305DD01342,2,9,0,16,0,4,1,0,1,6,3,1,6,1,7,2993,2,6,3,1
201305DD01343,1,9,0,18,0,0,0,0,0,0,1,1,6,2,9,1590,1,10,6,1
201305DD01347,1,9,0,5,0,6,0,0,0,0,1,1,1,1,5,-1,-1,-1,4,1
201305DD01347,2,5,0,14,0,8,1,0,0,0,1,1,2,1,8,749,1,2,4,1
201305DD01390,1,9,0,17,0,0,0,0,0,0,1,1,6,2,9,1749,1,11,6,1
201305DD01422,1,10,0,4,0,0,0,0,0,0,3,1,1,1,6,-1,-1,-1,1,1
201305DD01425,1,9,0,18,0,6,0,0,0,0,1,1,6,2,5,998,1,6,-1,-1
201305DD01425,2,8,0,18,0,8,0,0,0,0,4,1,1,1,8,1560,2,6,3,1
201305DD01440,1,9,0,18,0,0,0,0,0,0,1,1,6,3,-1,-1,-1,-1,-1,-1
201305DD01440,2,9,0,18,0,0,0,0,0,0,0,1,6,1,-1,-1,-1,-1,-1,-1
201305DD01440,3,9,0,18,0,0,1,0,4,6,2,1,6,1,5,1196,1,17,-1,1
201305DD01480,1,9,0,18,0,0,1,0,0,0,1,1,1,1,4,1560,2,4,-1,1
201305DD01480,2,9,0,18,0,0,0,0,0,0,1,1,6,1,9,1997,1,12,7,3
201305DD01484,1,9,0,12,0,0,0,0,0,0,1,1,1,1,8,-1,-1,-1,3,1
201305DD01484,2,9,0,3,0,0,0,0,0,0,2,1,6,1,9,1598,1,2,1,1
201305DD01491,1,9,0,18,0,1,1,0,0,0,1,1,6,1,5,1242,1,17,1,1
201305DD01491,2,9,0,9,0,1,0,0,0,0,1,1,6,2,8,1360,1,10,4,1
201305DD01498,1,3,0,18,0,0,1,0,0,0,1,1,6,1,4,124,1,3,1,1
201305DD01498,2,9,0,18,0,0,0,0,0,0,1,1,6,1,10,2597,1,8,6,1
201305DD01503,1,9,0,9,0,8,0,0,0,0,3,1,6,1,6,-1,-1,-1,7,1
201305DD01503,2,9,0,18,0,8,0,0,0,0,1,1,6,2,8,1896,2,9,1,1
201305DD01516,1,9,0,18,0,0,0,0,0,0,1,1,6,1,4,1600,1,15,-1,-1
201305DD01516,2,9,0,18,0,0,0,0,0,0,2,1,6,2,7,1598,1,1,6,1
201305DD01519,1,9,0,18,0,1,0,4,0,0,1,1,2,1,4,1685,2,1,1,1
201305DD01519,2,9,0,3,0,1,0,4,0,0,2,1,6,1,8,-1,-1,-1,1,1
201305DD01519,3,9,0,13,0,1,0,0,0,0,2,1,3,2,7,1587,1,8,4,1
201305DD01532,1,9,0,9,0,6,0,0,0,0,3,1,6,2,9,1596,1,2,4,1
201305DD01532,2,5,0,18,0,1,0,0,0,0,1,1,6,1,7,498,1,11,-1,-1
201305DD01570,1,19,0,18,0,2,1,10,8,10,1,1,6,1,6,2402,2,2,2,1
201305DD01596,1,1,0,9,0,5,0,0,0,0,1,1,6,1,4,-1,-1,-1,1,1
201305DD01596,2,9,0,9,0,5,0,0,0,0,1,1,2,2,8,1399,2,10,7,1
201305DD01607,1,9,0,5,0,8,0,0,0,0,3,1,1,1,7,1910,2,5,-1,-1
201305DD01619,1,9,0,18,0,4,0,0,0,0,1,1,6,1,-1,1398,1,1,-1,-1
201305DD01619,2,9,0,18,0,4,0,0,0,0,1,1,6,2,6,1796,1,11,8,1
201305DD01645,1,9,0,18,0,1,0,0,0,0,3,1,6,2,10,1799,1,5,1,1
201305DD01647,1,9,0,18,0,8,0,0,1,0,1,1,6,1,10,1896,2,12,8,1
201305DD01647,2,19,0,18,0,8,0,0,1,2,4,1,2,1,7,2402,2,6,3,1
201305DD01652,1,1,0,18,0,8,0,0,0,0,1,1,6,1,7,-1,-1,-1,1,1
201305DD01652,2,9,0,18,0,8,0,0,0,0,1,1,6,3,-1,-1,-1,-1,-1,-1
201305DD01673,1,9,0,18,0,0,0,0,0,0,1,1,6,1,10,1598,1,5,4,1
201305DD01680,1,9,0,5,0,1,0,0,0,0,1,1,2,1,7,1753,2,10,3,1
201305DD01680,2,9,0,8,0,1,0,0,0,0,2,1,6,2,8,1199,1,10,4,1
201305DD01718,1,21,4,18,0,8,0,0,0,0,3,1,6,3,-1,-1,-1,-1,-1,-1
201305DD01718,2,9,0,9,0,8,0,0,0,0,4,1,2,2,7,1598,1,2,2,1
201305DD01736,1,9,0,9,0,5,0,0,0,0,4,1,6,1,6,1364,1,8,2,1
201305DD01742,1,21,1,18,0,0,0,0,0,0,1,1,1,1,7,12900,2,4,3,1
201305DD01742,2,20,0,2,0,0,0,0,1,0,2,1,1,1,6,-1,-1,-1,1,1
201305DD01744,1,11,0,18,0,0,0,0,0,0,0,1,1,1,-1,-1,-1,-1,-1,-1
201305DD01746,1,9,0,9,0,5,0,0,0,0,1,1,6,1,6,1910,2,6,5,1
201305DD01748,1,9,0,18,0,0,2,0,1,11,1,1,6,1,4,-1,-1,-1,-1,-1
201305DD01748,2,9,0,18,0,0,0,0,0,0,0,1,1,1,7,-1,-1,-1,-1,-1
201305DD01749,1,9,0,2,0,0,0,0,0,0,3,1,1,1,8,2184,2,4,7,1
201305DD01749,2,19,0,12,0,0,1,0,0,0,4,1,1,1,7,1968,2,-1,3,1
201305DD01749,3,9,0,12,0,0,0,0,0,0,4,1,1,1,9,1968,2,1,-1,-1
201305DD01766,1,9,0,13,0,0,0,0,0,0,1,1,6,1,-1,2967,2,7,-1,-1
201305DD01766,2,9,0,18,0,0,0,0,0,0,2,1,6,1,7,1995,2,10,4,1
201305DD01776,1,11,0,18,0,0,0,0,0,0,1,1,1,1,8,4249,2,1,4,1
201305DD01779,1,9,0,1,0,1,0,0,3,0,0,1,6,2,6,1598,1,9,-1,-1
201305DD01802,1,9,0,18,0,0,0,0,0,0,1,1,2,2,6,1995,2,11,8,1
201305DD01839,1,11,0,2,0,1,0,0,0,0,0,1,1,1,8,-1,2,14,3,2
201305DD01848,1,9,0,7,0,6,0,0,0,0,1,1,6,2,8,1598,1,13,1,1
201305DD01848,2,1,0,18,0,8,5,0,0,0,4,1,6,1,9,-1,-1,-1,2,1
201305DD01854,1,9,0,9,0,6,0,0,0,0,3,1,6,2,9,1560,2,6,4,2
201305DD01854,2,11,0,18,0,1,0,0,0,0,1,1,1,1,8,9800,2,14,3,1
201305DD01861,1,9,0,5,0,8,0,0,0,0,1,1,6,2,10,1360,1,2,5,1
201305DD01861,2,5,0,18,0,8,0,0,0,0,3,1,6,1,10,980,1,33,7,3
201305DD01892,1,9,0,4,0,0,0,0,0,0,1,1,6,2,10,1242,1,4,5,1
201305DD01892,2,9,0,4,0,0,0,0,0,0,2,1,6,1,9,1242,1,7,5,1
201305DD01901,1,9,0,7,0,6,0,0,0,0,1,1,6,2,9,1796,1,10,9,1
201305DD01901,2,9,0,7,0,6,0,0,0,0,2,1,6,1,5,1396,1,13,4,1
201305DD01905,1,9,0,9,0,8,0,0,0,0,1,1,6,1,6,1794,1,11,2,1
201305DD01905,2,9,0,18,0,1,0,0,0,0,4,1,1,1,6,1896,2,6,2,1
201305DD01921,1,9,0,16,0,0,1,0,1,2,4,1,6,1,5,1895,1,14,9,2
201305DD01924,1,9,0,18,0,0,0,0,0,0,4,1,6,1,6,-1,-1,-1,3,1
201305DD01936,1,9,0,18,0,1,0,0,0,0,1,1,6,1,5,1242,1,9,9,1
201305DD01936,2,9,0,18,0,1,0,0,0,0,2,1,6,2,8,1870,2,9,1,1
201305DD01944,1,9,0,9,0,1,0,0,0,0,3,1,6,2,9,2987,2,7,-1,-1
201305DD01944,2,3,0,18,0,1,0,0,0,0,1,1,6,1,6,124,1,1,2,1
201305DD01952,1,9,0,18,0,8,0,7,7,2,1,1,6,1,5,1388,1,11,2,1
201305DD01959,1,9,0,5,0,1,0,0,0,0,1,1,6,1,9,1598,1,3,1,1
201305DD01959,2,9,0,18,0,1,0,0,0,0,3,1,6,2,10,1422,2,11,5,2
201305DD01974,1,9,0,9,0,1,0,0,0,0,1,1,6,1,8,1598,1,8,2,1
201305DD02006,1,22,0,7,0,0,5,0,0,0,4,1,6,1,10,-1,-1,-1,1,1
201305DD02006,2,9,0,18,0,0,0,0,0,0,3,1,2,2,5,1149,1,12,-1,-1
201305DD02007,1,9,0,9,0,6,0,0,0,0,1,1,6,1,6,1956,2,2,-1,-1
201305DD02007,2,8,0,17,0,1,0,0,0,0,4,1,1,1,9,1598,2,2,2,1
201305DD02015,1,9,0,18,0,1,0,0,0,0,1,1,6,2,7,2987,2,4,9,1
201305DD02015,2,22,0,18,0,1,0,0,0,0,3,1,6,1,5,-1,-1,-1,8,1
201305DD02037,1,9,0,18,0,7,1,0,5,6,3,1,6,2,7,1798,1,3,6,1
201305DD02037,2,21,0,18,0,8,1,0,0,0,1,1,1,1,7,11946,2,3,5,2
201305DD02042,1,9,0,7,0,2,0,0,0,0,4,1,6,1,11,1590,1,10,1,1
201305DD02068,1,9,0,9,0,8,0,0,0,0,4,1,6,2,11,1199,1,10,5,1
201305DD02068,2,10,0,18,0,8,0,0,0,0,1,1,6,1,7,-1,-1,-1,8,2
201305DD02079,1,9,0,18,0,8,0,0,0,0,1,1,6,3,-1,-1,-1,-1,-1,-1
201305DD02100,1,9,0,7,6,6,0,0,0,0,4,1,6,1,7,1396,1,13,4,1
201305DD02100,2,1,0,7,0,6,5,0,0,0,3,1,6,1,7,-1,-1,-1,5,1
201305DD02109,1,21,0,18,0,0,5,0,6,0,3,1,1,1,9,10837,2,1,8,3
201305DD02109,2,20,0,18,0,0,0,0,0,0,1,1,1,1,8,-1,2,13,-1,-1
201305DD02109,3,9,0,18,0,0,0,0,0,0,1,1,1,2,9,1598,2,1,9,2
201305DD02109,4,9,0,18,0,0,0,0,0,0,3,1,1,1,9,1560,2,4,5,1
201305DD02113,1,9,0,12,0,0,0,0,0,0,1,1,2,2,5,1388,1,7,7,1
201305DD02113,2,21,0,18,0,0,0,0,0,0,2,1,1,1,6,12900,2,3,5,1
201305DD02113,3,21,0,18,0,0,0,0,0,0,1,1,1,1,9,12777,2,7,4,1
201305DD02121,1,9,0,17,0,0,1,0,0,0,1,1,2,1,6,1796,1,12,3,1
201305DD02121,2,9,0,17,0,0,0,0,0,0,1,1,2,2,6,1229,1,8,4,1
201305DD02141,1,9,0,18,0,1,1,0,0,0,1,1,6,1,5,1396,1,16,1,1
201305DD02141,2,9,0,18,0,8,0,0,1,0,3,1,6,1,6,1596,1,9,3,1
201305DD02152,1,9,0,1,0,8,0,0,0,0,2,1,6,2,7,1388,1,5,1,1
201305DD02190,1,9,0,18,0,1,0,0,0,0,1,1,6,1,7,1753,2,12,1,1
201305DD02190,2,19,0,2,0,1,0,0,0,0,0,1,6,1,8,1998,2,9,3,1
201305DD02206,1,11,0,14,0,0,0,0,0,0,3,1,1,1,9,-1,-1,-1,6,1
201305DD02211,1,9,0,18,0,1,0,0,0,0,4,1,6,2,7,998,1,7,3,1
201305DD02212,1,9,0,18,0,0,0,0,0,0,0,1,1,1,8,1582,2,1,-1,-1
201305DD02212,2,9,0,18,0,0,0,0,0,0,0,1,1,1,6,1582,2,3,-1,-1
201305DD02212,3,9,0,18,0,0,0,0,7,10,2,1,6,1,-1,796,1,14,-1,-1
201305DD02258,1,9,0,3,0,1,0,0,0,0,1,1,6,1,5,1390,1,10,-1,-1
201305DD02258,2,9,0,3,0,2,0,0,0,0,2,1,1,1,7,1560,2,5,3,1
201305DD02259,1,9,0,18,0,8,0,0,0,0,4,1,6,2,8,1968,2,2,6,1
201305DD02259,2,9,0,18,0,8,0,0,0,0,1,1,6,1,8,1560,2,2,8,3
201305DD02268,1,9,0,9,0,1,0,7,0,0,1,1,3,1,-1,1597,1,10,-1,-1
201305DD02275,1,9,0,18,0,8,0,0,0,0,1,1,6,1,6,1149,1,10,4,2
201305DD02275,2,9,0,18,0,8,0,0,0,0,1,1,6,1,7,1998,2,8,5,1
201305DD02288,1,9,0,18,0,0,0,0,0,0,1,1,6,1,11,1339,1,6,3,1
201305DD02298,1,9,0,18,0,8,1,0,0,0,1,1,6,1,5,1490,1,18,1,1
201305DD02298,2,9,0,7,0,8,0,0,0,0,2,1,6,2,5,1499,2,-1,3,1
201305DD02309,1,9,0,18,0,0,0,0,0,0,1,1,6,3,-1,-1,-1,-1,-1,-1
201305DD02309,2,3,0,12,0,0,0,0,0,0,3,1,1,1,7,102,1,7,3,1
201305DD02327,1,9,0,18,0,8,0,0,0,0,1,1,6,2,6,1242,1,1,3,1
201305DD02327,2,9,0,18,0,8,0,0,0,0,3,1,6,2,8,1798,1,1,6,3
201305DD02343,1,9,0,18,0,0,0,0,0,0,1,1,6,1,7,1242,1,4,3,1
201305DD02343,2,1,0,18,0,0,0,0,0,0,2,1,6,1,8,-1,-1,-1,5,1
201305DD02350,1,9,0,17,0,0,0,0,7,2,1,1,6,1,5,1149,1,4,9,1
201305DD02361,1,9,0,4,0,0,0,0,0,0,1,1,6,2,6,1796,1,4,-1,-1
201305DD02369,1,9,0,9,0,0,0,0,0,0,1,1,6,2,9,1598,1,5,9,1
201305DD02369,2,9,0,18,0,0,0,0,0,0,1,1,6,1,7,1999,1,8,5,1
201305DD02381,1,9,0,18,0,4,0,0,5,1,4,1,1,2,8,1968,2,-1,5,3
201305DD02381,2,9,0,18,0,8,0,0,1,0,1,1,6,1,9,1596,1,4,9,1
201305DD02383,1,9,0,17,0,2,0,4,0,0,1,1,6,1,5,1364,1,4,5,1
201305DD02383,2,9,0,2,0,2,0,0,1,11,3,1,6,2,6,1598,1,8,-1,-1
201305DD02383,3,9,0,2,0,2,0,0,0,0,2,1,6,2,6,1910,2,6,3,1
201305DD02392,1,9,0,5,0,1,0,0,0,0,2,1,6,2,9,1896,2,4,7,1
201305DD02392,2,9,0,5,0,1,0,0,0,0,1,1,6,1,-1,-1,-1,-1,-1,-1
201305DD02402,1,9,0,18,0,8,0,0,0,0,3,1,1,1,9,1560,2,3,1,1
201305DD02402,2,9,0,9,0,1,0,0,0,0,4,1,6,1,-1,1794,1,10,-1,-1
201305DD02408,1,9,0,18,0,0,1,0,0,0,1,1,6,2,6,1796,1,12,4,1
201305DD02413,1,5,0,18,0,8,0,0,0,0,1,1,6,1,8,-1,-1,-1,3,1
201305DD02413,2,9,0,9,0,8,0,0,0,0,1,1,6,1,6,1598,1,13,7,1
201305DD02447,1,9,0,3,0,0,0,0,0,0,4,1,6,2,6,1596,1,7,2,1
201305DD02447,2,9,0,5,0,0,0,0,0,0,1,1,6,1,-1,-1,-1,-1,-1,-1
201305DD02448,1,9,0,18,0,6,0,0,3,0,1,1,2,1,5,998,1,5,9,1
201305DD02448,2,9,0,18,0,1,0,0,7,0,4,1,6,2,8,1124,1,16,3,1
201305DD02521,1,9,0,18,0,0,0,0,0,0,1,1,6,1,4,1560,2,4,-1,-1
201305DD02521,2,9,0,18,0,0,0,0,0,0,2,1,1,1,6,1242,1,12,1,1
201305DD02530,1,9,0,18,0,4,0,0,0,0,1,1,6,1,5,1598,1,12,5,1
201305DD02530,2,9,0,18,0,4,0,0,0,0,1,1,6,1,6,1364,1,8,1,1
201305DD02579,1,9,0,18,0,0,1,0,8,11,1,1,6,1,4,-1,-1,-1,3,1
201305DD02581,1,9,0,1,0,8,0,0,0,0,2,1,6,1,-1,-1,-1,-1,-1,-1
201305DD02584,1,9,0,18,0,8,0,0,0,0,1,1,6,2,4,1299,1,8,2,1
201305DD02584,2,20,0,2,0,8,0,0,0,0,2,1,6,1,-1,2299,2,2,-1,-1
201305DD02586,1,9,0,12,0,0,0,0,0,0,1,1,6,2,6,1124,1,12,5,1
201305DD02586,2,9,0,18,0,0,0,0,0,0,1,1,6,1,5,1398,2,11,1,1
201305DD02612,1,9,0,1,0,0,0,0,0,0,2,1,6,2,9,-1,-1,-1,-1,-1
201305DD02637,1,9,0,9,0,8,0,0,0,0,4,1,2,2,7,1794,1,5,10,1
201305DD02637,2,1,0,18,0,8,5,0,0,0,3,1,6,1,6,-1,-1,-1,9,1
201305DD02639,1,9,0,9,0,8,0,0,0,0,1,1,2,1,6,1300,2,6,1,1
201305DD02639,2,3,0,18,0,8,1,0,0,0,1,1,6,1,4,-1,-1,-1,9,1
201305DD02643,1,9,0,9,0,8,0,0,0,0,0,1,6,2,9,1598,1,6,9,1
201305DD02643,2,3,0,9,0,8,0,0,0,0,0,1,6,1,8,-1,-1,-1,8,1
201305DD02644,1,9,0,18,0,8,1,0,1,11,1,1,6,2,10,1240,1,3,5,1
201305DD02662,1,9,0,18,0,1,0,0,0,0,1,1,6,1,-1,-1,-1,-1,-1,-1
201305DD02662,2,9,0,9,0,1,0,0,0,0,2,1,6,1,7,1753,2,7,4,1
201305DD02683,1,9,0,7,0,8,0,0,0,0,3,1,6,2,-1,1796,1,9,-1,-1
201305DD02703,1,3,0,18,0,8,0,0,0,0,4,1,6,1,5,124,1,2,4,1
201305DD02703,2,9,0,9,0,6,0,0,0,0,3,1,6,1,10,1997,2,10,1,1
201305DD02726,1,9,0,18,0,0,0,0,0,0,2,1,6,1,8,1242,1,1,10,1
201305DD02726,2,9,0,18,0,0,0,0,0,0,2,1,6,1,-1,-1,-1,-1,-1,-1
201305DD02726,3,9,0,18,0,0,0,0,0,0,1,1,6,1,-1,1248,2,3,-1,-1
201305DD02731,1,9,0,9,0,7,0,0,7,2,4,1,6,2,9,1242,1,8,8,1
201305DD02731,2,9,0,18,0,8,0,0,0,0,1,1,6,2,8,1598,2,-1,1,1
201305DD02735,1,9,0,18,0,1,0,9,3,1,1,1,6,1,9,1388,1,4,5,1
201305DD02759,1,9,0,18,0,0,0,0,0,0,1,1,3,2,6,1998,2,6,3,1
201305DD02779,1,11,0,2,0,8,0,0,0,0,0,1,1,1,8,-1,2,14,3,2
201305DD02793,1,9,0,9,0,8,0,0,0,0,1,1,6,1,8,1597,1,15,3,1
201305DD02793,2,9,0,18,0,8,0,0,1,0,1,1,6,2,4,998,1,9,-1,-1
201305DD02817,1,19,0,18,0,0,0,0,0,0,1,1,1,1,9,2500,2,6,1,1
201305DD02820,1,9,0,18,0,1,0,0,0,0,1,1,6,2,7,-1,-1,-1,-1,-1
201305DD02820,2,1,0,18,0,1,0,0,0,0,1,1,6,1,3,-1,-1,-1,3,1
201305DD02842,1,9,0,3,0,4,1,0,0,0,1,1,1,2,8,1598,1,2,9,1
201305DD02842,2,9,0,18,0,4,1,0,0,0,4,1,6,1,4,1248,2,10,1,1
201305DD02846,1,9,0,6,0,8,0,0,0,0,3,1,6,2,6,1598,1,12,-1,-1
201305DD02846,2,5,0,18,0,8,0,0,7,11,1,1,6,1,7,1352,1,4,5,1
201305DD02849,1,9,0,18,0,0,0,0,0,0,4,1,6,2,9,-1,-1,-1,4,1
201305DD02861,1,9,0,2,0,0,0,0,0,0,2,1,6,2,4,-1,-1,-1,-1,-1
201305DD02914,1,9,0,7,0,8,0,0,0,0,1,1,2,2,5,1229,1,1,1,1
201305DD02914,2,1,0,18,0,8,0,0,0,0,4,1,2,1,8,-1,-1,-1,6,1
201305DD02933,1,9,0,5,0,1,0,0,0,0,4,1,6,2,9,1956,2,1,5,1
201305DD02933,2,9,0,18,0,8,0,0,0,0,1,1,6,2,5,1149,1,3,3,1
201305DD02937,1,9,0,18,0,1,0,0,0,0,1,1,6,2,7,1242,1,5,7,1
201305DD02940,1,9,0,18,0,1,0,0,0,0,4,1,6,2,5,1242,1,9,10,2
201305DD02954,1,9,0,18,0,4,0,0,0,0,3,1,2,1,6,1686,2,2,1,1
201305DD02954,2,1,0,9,0,8,0,0,0,0,4,1,2,1,7,-1,-1,-1,1,1
201305DD03004,1,9,0,18,0,4,0,0,0,0,0,1,1,1,6,1753,2,3,-1,-1
201305DD03004,2,9,0,18,0,3,0,0,0,0,1,1,6,1,6,-1,-1,-1,7,1
201305DD03004,3,9,0,18,0,3,0,0,0,0,2,1,6,1,9,1461,2,2,3,1
201305DD03012,1,9,0,9,0,6,0,0,0,0,1,1,6,1,6,1596,1,6,3,1
201305DD03012,2,9,0,18,0,8,0,0,0,0,1,1,6,1,5,1199,1,9,5,1
201305DD03051,1,9,0,9,0,8,0,0,0,0,1,1,6,1,7,-1,-1,-1,2,1
201305DD03051,2,5,0,18,0,1,0,0,0,0,4,1,6,1,4,599,1,13,3,2
201305DD03074,1,9,0,4,0,6,0,0,0,0,0,1,6,1,9,-1,-1,-1,3,1
201305DD03074,2,5,0,18,0,1,1,0,0,0,0,1,6,1,7,599,1,15,3,1
201305DD03095,1,9,0,18,0,8,0,0,0,0,1,1,6,1,-1,1796,1,12,-1,-1
201305DD03109,1,9,0,18,0,0,1,0,0,0,1,1,1,1,6,1997,2,2,5,1
201305DD03109,2,9,0,3,0,0,0,0,0,0,2,1,1,2,9,1598,1,9,5,1
201305DD03109,3,9,0,3,0,0,0,0,0,0,2,1,6,1,8,1686,2,3,3,1
201305DD03109,4,19,0,3,0,0,0,0,0,0,2,1,1,1,6,-1,-1,-1,-1,-1
201305DD03109,5,9,0,3,0,0,0,0,0,0,2,1,6,2,8,1339,1,10,10,1
201305DD03144,1,9,0,4,0,1,0,0,0,0,4,1,1,1,6,1753,2,2,-1,-1
201305DD03144,2,19,0,1,0,1,1,0,0,0,3,1,6,1,5,1461,2,8,1,1
201305DD03165,1,9,0,18,0,1,0,0,0,0,1,1,2,2,7,1598,1,-1,3,1
201305DD03165,2,9,0,2,0,1,0,0,0,0,3,1,6,1,-1,1560,2,5,-1,-1
201305DD03165,3,9,0,2,0,1,0,0,0,0,3,1,6,2,-1,1997,2,4,-1,-1
201305DD03165,4,9,0,2,0,1,0,0,0,0,2,1,6,2,-1,1910,2,4,-1,-1
201305DD03173,1,5,0,16,0,0,5,0,7,11,1,1,2,1,6,599,1,12,4,1
201305DD03196,1,19,0,18,0,0,0,0,0,0,1,1,1,1,9,1968,2,5,9,1
201305DD03196,2,11,0,18,0,0,0,0,0,0,1,1,1,1,9,-1,3,11,6,1
201305DD03198,1,11,0,13,0,0,0,0,0,0,4,1,1,1,-1,-1,-1,-1,-1,-1
201305DD03198,2,1,0,18,0,0,0,0,0,0,3,1,6,1,4,-1,-1,-1,7,2
201305DD03207,1,9,0,16,0,0,1,0,7,11,1,1,6,2,4,1229,1,8,3,1
201305DD03242,1,9,0,9,0,6,0,0,0,0,3,1,3,1,7,2435,1,12,3,1
201305DD03242,2,9,0,18,0,1,0,0,0,0,1,1,3,1,7,1997,2,4,5,1
201305DD03253,1,9,0,18,0,1,0,0,0,0,1,1,6,2,8,998,1,11,3,1
201305DD03253,2,9,0,18,0,1,0,0,0,0,2,1,6,2,4,1328,1,11,7,1
201305DD03271,1,9,0,18,0,4,0,0,0,0,1,1,6,2,6,1364,1,6,2,1
201305DD03271,2,9,0,18,0,8,0,0,0,0,4,1,6,2,8,1242,1,12,1,1
201305DD03276,1,9,0,18,0,1,0,0,0,0,4,1,6,3,-1,-1,-1,-1,-1,-1
201305DD03282,1,9,0,18,0,0,1,0,0,0,1,1,6,1,4,1997,2,3,7,2
201305DD03282,2,9,0,3,0,0,0,0,0,0,2,1,6,1,4,973,1,15,2,1
201305DD03284,1,9,0,17,0,8,1,0,2,0,1,1,6,2,8,1229,1,9,4,1
201305DD03284,2,9,0,18,0,8,0,0,0,0,1,1,6,2,5,999,1,4,4,1
201305DD03287,1,19,0,9,0,1,1,0,0,0,1,1,1,1,5,2143,2,1,-1,-1
201305DD03287,2,9,0,9,0,1,0,0,0,0,2,1,6,1,11,1198,1,2,1,1
201305DD03287,3,19,0,9,0,1,0,0,0,0,2,1,6,1,9,1753,2,6,5,1
201305DD03288,1,9,0,18,0,0,1,0,7,0,1,1,6,1,5,1242,1,6,10,1
201305DD03288,2,9,0,10,0,0,0,0,0,0,3,1,6,1,8,1956,2,1,9,2
201305DD03288,3,9,0,18,0,0,0,0,0,0,4,1,6,2,8,999,1,1,7,1
201305DD03291,1,9,0,18,0,0,0,10,1,11,1,1,2,1,4,1248,2,2,1,1
201305DD03309,1,9,0,18,0,2,0,0,0,0,1,1,1,1,7,1896,2,9,2,1
201305DD03309,2,9,0,4,0,2,0,0,1,11,2,1,6,1,6,1198,1,6,9,1
201305DD03336,1,2,0,18,0,1,0,0,0,0,1,1,6,1,4,49,1,6,6,2
201305DD03336,2,9,0,10,0,1,0,0,0,0,4,1,6,2,8,1299,1,5,4,1
201305DD03358,1,9,0,18,0,1,0,0,0,0,1,1,6,1,7,1362,1,2,9,1
201305DD03358,2,1,0,18,0,1,0,0,0,0,3,1,6,2,4,-1,-1,-1,9,1
201305DD03361,1,9,0,1,0,1,0,0,0,0,2,1,6,2,7,1388,1,3,-1,-1
201305DD03365,1,9,0,9,0,6,0,0,0,0,1,1,1,1,7,1399,2,2,-1,-1
201305DD03365,2,9,0,18,0,8,0,0,0,0,3,1,1,2,7,998,1,-1,9,1
201305DD03368,1,9,0,18,0,1,0,0,0,0,2,1,6,1,6,1995,2,10,3,1
201305DD03368,2,9,0,18,0,1,0,0,0,0,1,1,6,1,7,1242,1,12,10,1
201305DD03408,1,1,0,12,0,1,0,0,0,0,3,1,6,2,8,-1,-1,-1,10,1
201305DD03408,2,4,0,18,0,1,0,0,0,0,1,1,6,1,9,1340,1,12,9,1
201305DD03423,1,10,0,5,0,1,0,0,7,11,1,1,1,1,9,-1,-1,-1,6,1
201305DD03423,2,9,0,2,0,1,0,0,0,0,2,1,6,1,10,1587,1,5,-1,-1
201305DD03423,3,9,0,2,0,1,0,0,0,0,2,1,6,1,10,3150,2,14,-1,-1
201305DD03450,1,9,0,18,0,2,0,0,0,0,3,1,6,2,8,1299,1,9,5,1
201305DD03465,1,9,0,9,0,8,0,0,0,0,1,1,6,1,11,998,1,11,7,1
201305DD03465,2,19,0,18,0,8,0,0,1,1,3,1,2,1,6,2446,2,14,6,1
201305DD03473,1,9,0,18,0,0,0,0,5,6,4,1,6,1,7,2143,2,4,6,1
201305DD03473,2,9,0,18,0,0,0,0,0,0,3,1,6,1,7,1248,2,4,10,1