Accident_Index,Vehicle_Reference,Vehicle_Type,Towing_and_Articulation,Vehicle_Manoeuvre,Vehicle_Location-Restricted_Lane,Junction_Location,Skidding_and_Overturning,Hit_Object_in_Carriageway,Vehicle_Leaving_Carriageway,Hit_Object_off_Carriageway,1st_Point_of_Impact,Was_Vehicle_Left_Hand_Drive?,Journey_Purpose_of_Driver,Sex_of_Driver,Age_Band_of_Driver,Engine_Capacity_(CC),Propulsion_Code,Age_of_Vehicle,Driver_IMD_Decile,Driver_Home_Area_Type
201305DD05681,2,9,0,18,0,0,0,0,0,0,1,1,6,1,8,2148,2,12,7,2
201305DD05687,1,19,0,5,0,0,0,0,0,0,1,1,1,1,6,1995,2,4,4,1
201305DD05687,2,1,0,18,0,0,5,0,0,0,3,1,2,2,7,-1,-1,-1,2,1
201305DD05689,1,9,0,18,0,0,0,0,0,0,1,1,6,1,11,1242,1,11,5,2
201305DD05689,2,9,0,18,0,0,0,0,0,0,3,1,6,1,9,2099,2,6,4,1
201305DD05689,3,9,0,18,0,0,0,0,0,0,3,1,6,1,9,1800,2,10,7,1
201305DD05689,4,9,0,18,0,0,0,0,0,0,1,1,6,2,4,1242,1,7,5,2
201305DD05707,1,9,0,9,0,6,0,0,0,0,3,1,6,1,11,1753,2,15,2,1
201305DD05707,2,9,0,18,0,1,0,0,0,0,1,1,6,1,6,1986,2,6,9,1
201305DD05720,1,9,0,15,0,0,0,0,7,0,3,1,6,1,7,1149,1,10,10,1
201305DD05720,2,9,0,18,0,0,0,0,0,0,1,1,6,2,8,1598,1,6,4,1
201305DD05738,1,9,0,9,0,5,1,0,1,11,1,1,6,1,5,-1,-1,-1,1,1
201305DD05751,1,9,0,18,0,0,0,0,0,0,4,1,6,1,8,2495,2,20,10,2
201305DD05763,1,9,0,7,0,1,0,0,0,0,3,1,6,2,6,1997,2,-1,2,1
201305DD05763,2,11,0,18,0,1,0,0,0,0,1,1,1,1,9,6700,2,5,2,1
201305DD05763,3,9,0,2,0,2,0,0,0,0,0,1,6,1,8,1587,1,8,2,1
201305DD05785,1,9,0,9,0,6,0,0,0,0,3,1,6,1,4,-1,-1,-1,9,2
201305DD05785,2,4,0,18,0,8,0,0,0,0,1,1,6,1,7,-1,-1,-1,1,1
201305DD05801,1,9,0,16,0,0,0,0,0,0,1,1,6,2,4,1360,1,12,5,1
201305DD05801,2,9,0,17,0,0,0,0,0,0,0,1,6,3,-1,-1,-1,-1,-1,-1
201305DD05808,1,9,0,13,0,0,0,0,0,0,4,1,6,3,-1,-1,-1,-1,-1,-1
201305DD05808,2,9,0,18,0,0,0,0,0,0,3,1,6,2,7,1598,1,6,8,1
201305DD05837,1,9,0,18,0,0,0,0,0,0,1,1,6,1,8,1598,1,6,5,2
201305DD05837,2,9,0,3,0,0,0,0,0,0,2,1,1,1,9,1596,1,12,1,1
201305DD05837,3,9,0,3,0,0,0,0,0,0,2,1,6,1,4,1596,1,4,4,1
201305DD05837,4,9,0,3,0,0,0,0,0,0,2,1,6,2,7,1242,1,4,-1,-1
201305DD05837,5,9,0,3,0,0,0,0,0,0,2,1,6,3,-1,1560,2,3,-1,-1
201305DD05838,1,9,0,18,0,1,0,0,0,0,1,1,6,3,-1,-1,-1,-1,-1,-1
201305DD05841,1,9,0,18,0,1,0,0,0,0,1,1,6,1,10,1242,1,1,2,1
201305DD05841,2,21,0,18,0,8,0,0,0,0,4,1,1,1,6,-1,-1,-1,4,1
201305EE01005,1,9,0,18,0,0,0,0,0,0,1,1,6,1,6,1783,1,9,10,1
201305EE01010,1,3,0,13,0,8,0,0,7,0,1,1,6,1,6,125,1,6,-1,-1
201305EE01010,2,10,0,9,0,8,0,0,0,0,4,1,6,1,8,2198,2,3,1,1
201305EE01021,1,11,0,18,0,8,0,0,0,0,1,1,1,1,8,4250,2,12,1,1
201305EE01021,2,9,0,18,0,8,0,0,0,0,3,1,6,2,8,1499,1,7,4,1
201305EE01021,3,9,0,18,0,8,0,0,0,0,3,1,6,1,8,1196,1,17,1,1
201305EE01024,1,9,0,18,0,1,0,0,0,0,1,1,1,1,8,1596,1,6,9,1
201305EE01026,1,1,0,15,0,8,0,0,0,0,3,1,6,1,4,-1,-1,-1,2,1
201305EE01026,2,9,0,7,0,8,0,0,0,0,4,1,6,1,5,1339,8,2,1,1
201305EE01055,1,9,0,18,0,1,0,0,0,0,3,1,1,1,6,-1,-1,-1,1,1
201305EE01055,2,9,0,18,0,3,0,0,0,0,4,1,6,2,5,999,1,1,1,1
201305EE01061,1,9,0,18,0,1,0,0,0,0,2,1,6,2,7,1364,1,8,9,1
201305EE01061,2,9,0,18,0,1,0,0,0,0,1,1,6,1,7,1588,1,11,2,1
201305EE01061,3,90,0,18,0,1,0,0,0,0,0,1,1,1,6,2143,2,2,1,1
201305EE01064,1,9,0,15,0,0,0,0,0,0,1,1,6,1,7,1389,1,10,1,1
201305EE01064,2,9,0,11,0,0,1,0,4,6,4,1,6,2,5,1360,1,10,6,1
201305EE01065,1,9,0,18,0,8,0,0,0,0,1,1,6,3,-1,-1,-1,-1,-1,-1
201305EE01069,1,9,0,5,0,0,0,0,0,0,2,1,6,3,-1,-1,-1,-1,-1,-1
201305EE01069,2,5,0,18,0,0,0,0,0,0,1,1,6,1,6,1200,1,11,1,1
201305EE01073,1,9,0,14,0,0,0,0,0,0,1,1,6,1,6,1796,1,6,1,1
201305EE01076,1,9,0,18,0,6,0,0,1,0,3,1,6,2,8,1397,1,5,1,1
201305EE01076,2,9,0,18,0,8,0,0,0,0,1,1,6,2,5,1596,1,11,-1,-1
201305EE01077,1,20,0,1,0,0,0,0,0,0,2,1,1,1,10,5900,2,11,2,1
201305EE01079,1,9,0,18,0,1,0,0,0,0,1,1,1,1,9,1398,1,2,4,1
201305EE01079,2,9,0,18,0,1,0,0,0,0,1,1,1,2,6,1596,1,11,1,1
201305EE01091,1,9,0,5,0,4,0,0,0,0,3,1,2,1,9,1896,2,8,2,1
201305EE01091,2,9,0,18,0,8,0,0,0,0,1,1,6,2,5,998,1,5,4,1
201305EE01095,1,11,0,18,0,0,0,0,0,0,0,1,1,1,7,7300,2,7,4,1
201305EE01095,2,9,0,18,0,0,0,0,0,0,0,1,6,3,6,-1,-1,-1,-1,-1
201305EE01100,1,9,0,18,0,1,0,0,0,0,1,1,6,1,6,1984,1,10,1,1
201305EE01100,2,9,0,3,0,1,0,0,0,0,2,1,1,1,9,1968,2,4,2,1
201305EE01100,3,9,0,3,0,1,0,0,0,0,2,1,6,1,7,-1,-1,-1,-1,-1
201305EE01119,1,9,0,9,0,6,0,0,0,0,3,1,1,1,10,1910,2,6,1,1
201305EE01119,2,11,0,18,0,8,0,0,0,0,3,1,1,1,7,6700,2,1,3,1
201305EE01122,1,9,0,18,0,0,0,0,0,0,4,1,2,2,7,1199,1,9,1,1
201305EE01123,1,8,0,7,0,8,0,0,0,0,1,1,1,1,-1,-1,-1,-1,-1,-1
201305EE01137,1,9,0,18,0,5,1,0,0,0,1,1,6,2,5,1299,1,9,4,1
201305EE01137,2,9,0,9,0,2,0,0,0,0,2,1,6,2,6,1995,2,9,1,1
201305EE01138,1,9,0,18,0,1,0,0,0,0,1,1,6,2,5,1390,1,15,4,1
201305EE01147,1,9,0,3,0,1,0,0,0,0,2,1,6,2,9,996,1,5,1,1
201305EE01147,2,90,0,4,0,1,0,0,0,0,1,1,6,1,6,-1,-1,-1,-1,-1
201305EE01148,1,9,0,1,0,1,0,0,0,0,1,1,6,3,-1,1229,1,6,-1,-1
201305EE01148,2,9,0,18,0,1,0,0,0,0,0,1,1,1,6,1753,2,3,-1,-1
201305EE01148,3,9,0,4,0,1,0,0,0,0,1,1,1,1,6,2993,2,1,2,1
201305EE01148,4,9,0,18,0,1,0,0,0,0,1,1,2,1,5,1995,2,8,-1,-1
201305EE01156,1,9,0,7,0,6,0,0,0,0,1,1,1,2,11,1596,1,5,4,1
201305EE01156,2,1,0,18,0,2,0,0,0,0,4,1,1,1,8,-1,-1,-1,8,1
201305EE01160,1,9,0,16,0,1,0,0,0,0,1,1,6,1,6,1896,2,6,1,1
201305EE01160,2,9,0,4,0,1,0,0,0,0,2,1,6,2,9,1299,1,6,4,1
201305EE01164,1,9,0,18,0,1,1,0,0,0,3,1,2,2,5,1560,2,3,4,1
201305EE01164,2,9,0,18,0,1,0,0,0,0,1,1,2,2,9,998,1,5,9,2
201305EE01170,1,9,0,6,0,0,0,0,0,0,3,1,1,2,5,1368,1,6,1,1
201305EE01170,2,9,0,18,0,0,0,0,0,0,1,1,2,2,8,1599,1,9,1,1
201305EE01199,1,9,0,5,0,2,0,7,0,0,1,1,1,2,6,1753,2,3,-1,-1
201305EE01200,1,9,0,18,0,0,0,0,0,0,1,1,2,2,6,998,1,7,8,1
201305EE01200,2,9,0,4,0,0,0,0,0,0,2,1,6,1,6,1596,1,1,1,1
201305EE01200,3,9,0,4,0,0,0,0,0,0,2,1,2,2,6,999,1,5,3,1
201305EE01200,4,9,0,4,0,0,0,0,0,0,2,1,2,2,7,998,1,1,1,1
201305EE01203,1,5,0,18,0,2,0,0,0,0,1,1,6,1,4,600,1,11,-1,-1
201305EE01203,2,9,0,7,0,2,0,0,0,0,1,1,1,1,9,-1,-1,-1,1,1
201305EE01208,1,9,0,5,0,8,0,0,0,0,1,1,6,2,9,1197,1,3,4,1
201305EE01208,2,9,0,18,0,8,0,0,0,0,3,1,6,1,10,1796,1,14,1,1
201305EE01211,1,9,0,18,0,0,0,0,0,0,4,1,6,1,11,1390,1,14,5,1
201305EE01211,2,9,0,2,0,0,0,0,0,0,2,1,6,1,11,-1,-1,-1,1,1
201305EE01225,1,9,0,18,0,6,0,0,0,0,3,1,6,2,8,1229,1,2,4,1
201305EE01225,2,8,0,18,0,1,0,0,0,0,1,1,1,1,6,1995,2,5,1,1
201305EE01228,1,1,0,18,0,8,0,0,0,0,1,1,1,1,8,-1,-1,-1,1,1
201305EE01228,2,9,0,5,0,6,0,0,0,0,1,1,1,1,7,1560,2,3,-1,-1
201305EE01242,1,11,0,5,0,8,0,0,0,0,0,1,1,1,8,-1,2,13,1,1
201305EE01244,1,9,0,9,0,8,0,0,0,0,1,1,6,2,6,1299,1,11,4,1
201305EE01244,2,9,0,18,0,8,0,0,0,0,1,1,6,2,7,1896,2,14,1,1
201305EE01246,1,8,0,18,0,0,1,0,0,0,1,1,1,1,8,2664,2,13,1,1
201305EE01255,1,9,0,18,0,1,0,0,0,0,1,1,6,1,-1,1598,1,3,-1,-1
201305EE01255,2,9,0,18,0,1,0,0,0,0,2,1,1,2,9,1198,1,3,6,1
201305EE01274,1,11,0,18,0,1,0,0,0,0,1,1,1,1,7,6700,2,4,1,1
201305EE01294,1,9,0,4,0,0,0,0,0,0,2,1,6,1,-1,1796,1,13,-1,-1
201305EE01294,2,9,0,18,0,0,0,0,0,0,1,1,6,2,5,1242,1,6,8,1
201305EE01299,1,8,0,18,0,2,0,0,0,0,3,1,1,1,6,1968,2,7,4,1
201305EE01299,2,4,0,13,0,2,0,0,0,0,4,1,2,1,5,-1,-1,-1,1,1
201305EE01315,1,9,0,18,0,0,0,0,0,0,1,1,2,2,7,1124,1,8,1,1
201305EE01315,2,9,0,18,0,0,0,0,0,0,2,1,6,2,4,1242,1,9,4,1
201305EE01324,1,9,0,9,0,8,0,0,0,0,1,1,1,2,8,1560,2,3,2,1
201305EE01324,2,9,0,18,0,8,1,0,0,0,1,1,6,2,5,2148,2,5,8,1
201305EE01324,3,9,0,2,0,2,0,0,0,0,1,1,6,2,8,1587,1,7,1,1
201305EE01328,1,9,0,18,0,8,0,0,0,0,3,1,6,3,-1,-1,-1,-1,-1,-1
201305EE01328,2,1,0,18,0,8,0,0,0,0,1,1,2,1,7,-1,-1,-1,1,1
201305EE01335,1,9,0,18,0,1,1,0,0,0,1,1,2,1,6,1596,1,11,1,1
201305EE01335,2,9,0,10,0,6,0,0,0,0,4,1,1,1,5,1248,2,6,3,1
201305EE01339,1,9,0,5,0,0,0,0,0,0,4,1,6,1,5,1598,1,6,1,1
201305EE01345,1,9,0,18,0,0,0,4,0,0,1,1,6,1,6,1598,2,-1,7,1
201305EE01345,2,9,0,18,0,0,0,0,0,0,1,1,6,1,5,1596,1,11,1,1
201305EE01345,3,9,0,2,0,0,0,0,0,0,3,1,6,1,9,1870,2,4,-1,-1
201305EE01356,1,9,0,18,0,1,1,0,0,0,1,1,6,2,6,2198,2,6,8,1
201305EE01356,2,9,0,18,0,1,0,0,0,0,2,1,6,2,8,1598,1,10,1,1
201305EE01356,3,9,0,18,0,1,0,0,0,0,2,1,6,1,8,2926,2,13,-1,-1
201305EE01357,1,9,0,9,0,1,0,0,0,0,4,1,6,1,8,1242,1,5,-1,-1
201305EE01357,2,9,0,18,0,1,0,0,0,0,1,1,6,1,7,2198,2,5,1,1
201305EE01374,1,19,0,1,0,0,0,0,0,0,2,1,6,1,7,1995,2,6,1,1
201305EE01374,2,9,0,3,0,0,0,0,0,0,1,1,6,1,9,1679,1,12,1,1
201305EE01375,1,9,0,18,0,8,0,0,0,0,1,1,6,1,8,1596,1,13,1,1
201305EE01375,2,9,0,18,0,8,0,0,0,0,2,1,1,1,7,1896,2,6,1,1
201305EE01381,1,9,0,17,0,2,0,0,0,0,1,1,6,2,6,998,1,4,1,1
201305EE01382,1,19,0,18,0,0,0,0,0,0,1,1,1,1,4,1598,2,1,9,1
201305EE01382,2,9,0,5,0,0,0,0,1,10,2,1,6,2,5,1995,2,3,-1,-1
201305EE01386,1,9,0,18,0,2,0,0,0,0,4,1,2,1,5,1364,1,6,1,1
201305EE01394,1,21,4,18,0,0,0,0,0,0,1,2,1,1,8,-1,-1,-1,-1,-1
201305EE01394,2,9,0,18,0,0,0,0,0,0,4,1,2,2,8,1390,1,8,2,1
201305EE01394,3,9,0,2,0,0,0,0,0,0,4,1,2,1,7,1124,1,12,6,1
201305EE01394,4,9,0,2,0,0,0,0,0,0,2,1,6,1,8,1560,2,7,-1,-1
201305EE01401,1,9,0,9,0,1,0,0,0,0,2,1,6,1,7,2362,1,12,2,1
201305EE01401,2,9,0,18,0,1,0,0,0,0,1,1,1,1,6,1598,2,2,2,1
201305EE01401,3,9,0,18,0,8,0,0,0,0,3,1,6,2,4,1360,1,10,3,1
201305EE01414,1,8,0,9,0,2,0,0,0,0,1,1,1,1,7,1753,2,10,1,1
201305EE01417,1,9,0,18,0,6,0,0,0,0,1,1,2,1,9,1988,1,9,4,1
201305EE01420,1,9,0,12,0,8,0,0,0,0,1,1,6,1,5,1299,1,9,1,1
201305EE01420,2,9,0,12,0,8,0,0,0,0,2,1,6,1,9,796,1,4,3,1
201305EE01423,1,9,0,18,0,2,0,0,0,0,0,1,1,2,8,996,1,2,1,1
201305EE01423,2,3,0,18,0,1,0,0,0,0,4,1,1,1,6,125,1,2,1,1
201305EE01426,1,9,0,18,0,1,0,0,0,0,0,1,1,1,6,2993,2,1,-1,-1
201305EE01426,2,9,0,3,0,1,0,0,0,0,3,1,6,2,8,998,1,1,4,1
201305EE01426,3,9,0,3,0,1,0,0,0,0,3,1,6,1,6,998,1,12,-1,-1
201305EE01426,4,9,0,3,0,1,0,0,0,0,4,1,6,2,8,1086,1,6,2,1
201305EE01426,5,9,0,18,0,1,0,4,0,0,1,1,6,1,4,1349,1,2,1,1
201305EE01435,1,9,0,18,0,1,0,0,7,0,1,1,6,1,-1,1598,1,9,-1,-1
201305EE01435,2,9,0,3,0,1,0,0,0,0,2,1,1,1,6,1753,2,7,1,1
201305EE01438,1,9,0,1,0,2,0,0,0,0,2,1,6,1,-1,1998,1,3,-1,-1
201305EE01439,1,9,0,2,0,1,0,0,0,0,1,1,1,1,8,1995,2,1,-1,-1
201305EE01439,2,9,0,1,0,1,0,0,0,0,4,1,6,1,9,1998,1,13,2,1
201305EE01446,1,9,0,2,0,1,0,0,0,0,3,1,2,1,7,1598,1,1,-1,-1
201305EE01446,2,1,0,18,0,1,0,0,0,0,1,1,6,1,7,-1,-1,-1,1,1
201305EE01463,1,9,0,18,0,1,0,0,0,0,1,1,6,1,9,2204,2,6,6,1
201305EE01463,2,9,0,3,0,1,0,0,0,0,2,1,6,2,5,1388,1,1,4,1
201305EE01471,1,11,0,18,0,2,1,0,0,0,1,1,1,1,9,6700,2,2,2,1
201305EE01472,1,9,0,17,0,8,0,0,0,0,4,1,6,3,-1,-1,-1,-1,-1,-1
201305EE01472,2,3,0,17,0,8,0,0,0,0,1,1,6,1,7,988,1,10,3,1
201305EE01488,1,9,0,18,0,8,0,0,0,0,1,1,6,2,8,1686,2,9,7,1
201305EE01488,2,9,0,18,0,8,0,0,0,0,2,1,6,1,8,1598,1,14,1,1
201305EE01494,1,9,0,18,0,0,0,0,0,0,1,1,6,1,4,1398,1,3,5,1
201305EE01501,1,9,0,18,0,1,0,0,0,0,1,1,6,1,5,2401,1,8,-1,-1
201305EE01501,2,9,0,5,0,1,0,0,0,0,2,1,6,2,8,1999,1,16,7,1
201305EE01501,3,9,0,5,0,1,0,0,0,0,2,1,2,1,8,998,1,1,2,1
201305EE01501,4,9,0,5,0,1,0,0,0,0,2,1,6,1,7,1995,2,6,5,1
201305EE01505,1,9,0,9,0,8,0,0,0,0,4,1,6,2,4,1242,1,2,3,1
201305EE01505,2,9,0,18,0,8,0,0,0,0,1,1,6,2,7,1896,2,10,2,1
201305EE01510,1,4,0,18,0,6,2,0,0,0,1,1,6,3,-1,-1,-1,-1,-1,-1
201305EE01510,2,9,0,18,0,8,0,0,0,0,3,1,6,1,9,1596,1,7,1,1
201305EE01512,1,9,0,7,0,6,0,0,0,0,3,1,6,1,9,1794,1,12,1,1
201305EE01512,2,1,0,18,0,8,0,0,0,0,1,1,2,1,7,-1,-1,-1,2,1
201305EE01513,1,8,0,18,0,2,0,0,0,0,4,1,1,1,10,1560,2,4,1,1
201305EE01527,1,9,0,13,0,0,0,0,0,0,1,1,6,1,11,1339,1,7,2,1
201305EE01527,2,9,0,17,0,0,0,0,0,0,1,1,6,2,6,1598,1,6,5,1
201305EE01530,1,9,0,9,0,2,0,0,0,0,4,1,1,1,11,1910,2,6,1,1
201305EE01535,1,8,0,18,0,4,0,9,0,0,1,1,1,1,7,2664,2,9,-1,-1
201305EE01555,1,9,0,18,0,8,0,0,0,0,1,1,1,1,8,1753,2,5,1,1
201305EE01555,2,9,0,9,0,6,0,0,0,0,3,1,6,1,7,-1,-1,-1,2,1
201305EE01579,1,3,0,18,0,8,0,0,0,0,1,1,6,1,-1,-1,-1,-1,-1,-1
201305EE01579,2,9,0,18,0,8,0,0,0,0,2,1,6,2,6,1598,1,8,1,1
201305EE01581,1,9,0,18,0,1,0,0,0,0,1,1,6,1,6,1560,2,1,2,1
201305EE01581,2,9,0,10,0,1,0,0,0,0,2,1,6,2,8,1581,1,13,1,1
201305EE01592,1,9,0,5,0,1,0,0,0,0,3,1,6,1,6,1995,2,8,1,1
201305EE01592,2,9,0,5,0,1,0,0,0,0,4,1,6,1,-1,1796,1,9,-1,-1
201305EE01602,1,5,0,18,0,1,5,0,0,0,4,1,1,1,6,998,1,10,2,1
201305EE01602,2,20,0,18,0,1,0,0,0,0,2,1,1,1,6,2143,2,2,1,1
201305EE01603,1,9,0,4,0,8,0,0,0,0,1,1,6,1,5,1596,1,11,5,1
201305EE01603,2,21,1,4,0,8,0,0,0,0,2,1,1,1,6,-1,-1,-1,-1,-1
201305EE01611,1,9,0,18,0,3,0,0,0,0,0,1,6,3,-1,-1,-1,-1,-1,-1
201305EE01611,2,11,0,18,0,3,0,0,0,0,0,1,1,1,7,-1,2,14,7,1
201305EE01613,1,9,0,9,0,1,0,0,0,0,1,1,6,1,6,1389,1,9,1,1
201305EE01613,2,1,0,5,0,1,0,0,0,0,1,1,6,1,7,-1,-1,-1,1,1
201305EE01640,1,10,0,18,0,1,0,0,1,0,1,1,1,2,6,-1,-1,-1,1,1
201305EE01640,2,9,0,3,0,1,0,0,0,0,2,1,6,2,8,1398,2,9,7,1
201305EE01644,1,9,0,18,0,1,0,0,0,0,1,1,6,3,-1,-1,-1,-1,-1,-1
201305EE01644,2,9,0,9,0,2,0,0,0,0,3,1,6,1,5,1388,1,7,8,1
201305EE01649,1,9,0,2,0,0,0,0,0,0,2,1,1,1,6,-1,-1,-1,-1,-1
201305EE01649,2,9,0,18,0,0,0,0,0,0,1,1,6,1,7,1596,1,9,2,1
201305EE01658,1,9,0,18,0,1,0,0,0,0,1,1,6,2,8,2979,1,10,1,1
201305EE01658,2,9,0,3,0,1,0,0,0,0,2,1,6,1,8,1300,1,14,1,1
201305EE01658,3,9,0,3,0,1,0,0,0,0,2,1,6,1,6,1364,1,5,1,1
201305EE01660,1,9,0,18,0,0,0,0,0,0,1,1,6,1,6,1390,1,6,-1,-1
201305EE01665,1,9,0,9,0,8,0,0,0,0,1,1,6,1,10,1248,1,3,2,1
201305EE01677,1,9,0,18,0,1,0,0,0,0,1,1,6,1,-1,1461,2,1,-1,-1
201305EE01677,2,9,0,8,0,1,0,0,0,0,2,1,6,2,9,1149,1,13,9,1
201305EE01695,1,3,0,18,0,2,0,0,1,11,1,1,6,1,4,-1,-1,-1,1,1
201305EE01696,1,9,0,18,0,0,0,0,0,0,4,1,2,2,5,-1,-1,-1,1,1
201305EE01698,1,11,0,7,0,1,0,0,0,0,0,1,1,1,7,6700,2,2,3,1
201305EE01702,1,11,0,16,0,1,0,0,0,0,4,1,1,1,9,-1,2,13,6,1
201305EE01704,1,19,0,9,0,1,0,0,0,0,3,1,6,1,7,2402,2,12,1,1
201305EE01704,2,19,0,18,0,1,0,0,0,0,1,1,6,1,7,-1,-1,-1,1,1
201305EE01706,1,19,0,18,0,8,0,0,0,0,3,1,6,1,-1,-1,-1,-1,-1,-1
201305EE01706,2,90,0,2,0,8,0,0,0,0,4,1,1,2,-1,2148,2,4,-1,-1
201305EE01708,1,17,0,7,0,6,0,0,0,0,1,1,1,1,5,6600,2,16,5,2
201305EE01708,2,9,0,3,0,2,0,0,0,0,2,1,6,2,7,1390,1,9,1,1
201305EE01711,1,9,0,1,0,0,0,0,0,0,2,1,6,3,-1,1198,1,2,-1,-1
201305EE01716,1,9,0,18,0,1,0,0,0,0,1,1,6,2,9,1997,1,6,6,1
201305EE01716,2,11,0,2,0,1,0,0,0,0,2,1,1,1,9,4250,2,2,2,1
201305EE01720,1,9,0,9,0,2,0,10,1,1,1,1,6,1,11,1360,1,10,2,1
201305EE01733,1,9,0,12,0,0,0,0,0,0,3,1,6,1,11,1598,1,1,1,1
201305EE01733,2,11,0,18,0,0,0,0,0,0,4,1,1,1,7,5900,2,7,1,1
201305EE01734,1,9,0,18,0,0,0,0,0,0,1,1,3,2,6,-1,-1,-1,3,1
201305EE01752,1,9,0,18,0,8,0,0,0,0,4,1,6,2,6,1242,1,10,1,1
201305EE01752,2,9,0,9,0,8,0,0,0,0,1,1,6,1,8,1086,1,3,2,1
201305EE01763,1,9,0,9,0,6,0,0,0,0,1,1,6,1,6,1299,1,11,1,1
201305EE01763,2,9,0,18,0,1,0,0,0,0,1,1,6,2,6,1390,1,4,7,1
201305EE01767,1,20,0,17,0,8,0,0,0,0,4,1,1,1,7,6692,2,3,3,1
201305EE01774,1,9,0,11,2,0,0,0,0,0,2,1,6,1,5,1120,2,2,-1,3
201305EE01774,2,11,0,18,2,0,0,0,0,0,1,1,1,2,7,-1,2,13,5,1
201305EE01780,1,9,0,18,0,0,0,0,4,2,1,1,6,1,11,1296,1,6,5,1
201305EE01787,1,9,0,3,0,1,0,0,0,0,4,1,1,1,7,1896,2,4,-1,-1
201305EE01787,2,1,0,15,0,1,0,0,0,0,3,1,1,1,5,-1,-1,-1,8,1
201305EE01789,1,9,0,18,0,8,0,0,0,0,1,1,2,1,5,1798,1,8,2,1
201305EE01789,2,8,0,9,0,8,0,0,0,0,3,1,1,1,7,1997,2,5,-1,-1
201305EE01803,1,9,0,6,0,0,0,0,0,0,3,1,6,1,7,1235,1,21,-1,-1
201305EE01803,2,9,0,18,0,0,0,0,0,0,1,1,6,1,6,-1,-1,-1,1,1
201305EE01805,1,9,0,18,0,1,0,0,0,0,1,1,6,1,10,1396,1,13,1,1
201305EE01805,2,9,0,10,0,1,0,0,0,0,2,1,6,2,6,1596,1,6,1,1
201305EE01806,1,9,0,9,0,6,0,0,0,0,3,1,1,1,5,1968,2,6,1,1
201305EE01806,2,9,0,18,0,1,0,0,0,0,4,1,6,2,5,-1,-1,-1,1,1
201305EE01816,1,9,0,7,0,6,0,0,0,0,1,1,6,1,5,-1,-1,-1,-1,-1
201305EE01816,2,1,0,18,0,2,0,0,0,0,2,1,6,1,3,-1,-1,-1,1,1
201305EE01819,1,9,0,18,0,6,0,0,0,0,1,1,1,1,6,1753,2,9,-1,-1
201305EE01819,2,9,0,18,0,2,0,0,0,0,4,1,6,1,6,1364,1,3,1,1
201305EE01831,1,8,0,18,0,0,0,0,0,0,4,1,1,1,6,2499,2,5,4,1
201305EE01856,1,9,0,18,0,6,0,0,0,0,1,1,6,1,-1,-1,-1,-1,-1,-1
201305EE01856,2,9,0,18,0,6,0,0,0,0,2,1,6,2,8,1124,1,13,1,1
201305EE01857,1,9,0,9,0,8,5,7,0,0,1,1,6,1,5,1753,2,7,6,1
201305EE01867,1,9,0,18,0,0,0,0,0,0,1,1,6,3,-1,-1,-1,-1,-1,-1
201305EE01876,1,8,0,18,0,0,0,0,0,0,1,1,1,1,4,2664,2,14,5,1
201305EE01884,1,9,0,3,0,1,0,0,0,0,2,1,6,1,-1,1800,2,10,-1,-1
201305EE01884,2,9,0,3,0,1,0,0,0,0,2,1,6,2,5,1596,1,8,1,1
201305EE01884,3,9,0,18,0,1,0,0,0,0,1,1,6,1,-1,-1,-1,-1,-1,-1
201305EE01887,1,9,0,18,0,1,0,0,0,0,1,1,6,2,7,1598,2,2,7,2
201305EE01887,2,9,0,18,0,6,0,0,0,0,4,1,2,1,6,-1,-1,-1,2,1
201305EE01888,1,9,0,18,0,1,0,0,0,0,1,1,6,1,-1,1332,1,15,-1,-1
201305EE01888,2,9,0,3,0,1,0,0,0,0,2,1,6,2,7,1598,1,3,4,1
201305EE01891,1,9,0,18,0,0,0,4,0,0,1,1,6,2,8,1560,2,8,1,1
201305EE01891,2,9,0,2,0,0,0,0,0,0,2,1,6,3,-1,1896,2,10,1,1
201305EE01898,1,9,0,18,0,1,0,0,0,0,1,1,6,1,-1,-1,-1,-1,-1,-1
201305EE01900,1,9,0,18,0,2,0,0,0,0,1,1,6,2,4,1598,1,1,4,1
201305EE01908,1,9,0,9,0,1,0,0,0,0,1,1,1,1,7,1598,1,7,1,1
201305EE01908,2,1,0,18,0,1,0,0,0,0,4,1,1,1,9,-1,-1,-1,7,1
201305EE01909,1,9,0,9,0,8,0,0,0,0,4,1,6,2,4,1299,1,9,3,1
201305EE01909,2,9,0,18,0,8,0,0,0,0,1,1,6,1,7,1560,2,4,1,1
201305EE01913,1,20,0,18,0,2,0,0,0,0,3,1,1,1,8,3920,2,7,2,1
201305EE01919,1,9,0,5,0,0,0,0,0,0,1,1,6,2,7,2664,2,13,1,1
201305EE01923,1,8,0,18,0,1,0,0,0,0,4,1,1,2,7,1995,2,7,1,1
201305EE01927,1,9,0,18,0,1,0,0,0,0,1,1,6,1,7,1796,1,5,-1,-1
201305EE01927,2,9,0,3,0,1,0,0,0,0,2,1,6,2,6,2198,2,7,4,1
201305EE01931,1,19,0,18,0,8,0,0,0,0,3,1,1,1,5,1560,2,1,-1,-1
201305EE01931,2,9,0,18,0,8,0,0,0,0,1,1,6,1,9,-1,-1,-1,-1,3
201305EE01942,1,4,0,18,0,2,0,0,0,0,1,1,6,1,5,244,1,9,5,1
201305EE01942,2,9,0,18,0,2,0,0,0,0,2,1,6,2,6,1686,2,1,1,1
201305EE01950,1,9,0,9,0,1,0,0,1,0,1,1,1,1,7,1984,2,6,4,1
201305EE01950,2,9,0,18,0,1,0,0,1,11,1,1,1,1,5,1997,2,5,1,1
201305EE01964,1,9,0,18,0,1,0,4,0,0,1,1,3,2,8,998,1,7,-1,-1