Accident_Index,Vehicle_Reference,Vehicle_Type,Towing_and_Articulation,Vehicle_Manoeuvre,Vehicle_Location-Restricted_Lane,Junction_Location,Skidding_and_Overturning,Hit_Object_in_Carriageway,Vehicle_Leaving_Carriageway,Hit_Object_off_Carriageway,1st_Point_of_Impact,Was_Vehicle_Left_Hand_Drive?,Journey_Purpose_of_Driver,Sex_of_Driver,Age_Band_of_Driver,Engine_Capacity_(CC),Propulsion_Code,Age_of_Vehicle,Driver_IMD_Decile,Driver_Home_Area_Type
201305EE02974,1,5,0,16,0,0,1,0,4,6,3,1,6,1,7,998,1,8,4,1
201305EE02977,1,9,0,5,0,0,0,0,0,0,3,1,6,1,5,2495,2,24,1,1
201305EE02982,1,9,0,18,0,0,0,0,0,0,1,1,6,1,5,1229,1,5,5,1
201305EE02982,2,9,0,4,0,0,0,0,0,0,2,1,2,2,7,2179,2,2,3,1
201305EE02983,1,8,0,18,0,0,0,0,0,0,1,1,1,1,9,1753,2,5,-1,-1
201305EE02985,1,9,0,9,0,6,0,0,0,0,1,1,2,1,11,1598,1,11,5,1
201305EE02985,2,8,0,18,0,1,0,0,4,1,1,1,1,1,8,2499,2,5,2,1
201305EE02991,1,9,0,18,0,0,0,0,0,0,1,1,6,1,6,1830,1,19,2,1
201305EE02996,1,9,0,18,0,1,0,0,0,0,4,1,6,1,10,1910,2,8,1,1
201305EE03009,1,19,0,2,0,0,0,0,0,0,2,1,6,1,7,2402,2,4,1,1
201305EE03009,2,9,0,18,0,0,0,0,7,0,4,1,6,2,6,1599,1,10,1,1
201305EE03018,1,8,0,7,0,2,0,7,0,0,1,1,1,1,5,1896,2,7,1,1
201305EE03019,1,19,0,18,0,1,0,0,0,0,1,1,1,1,6,2402,2,7,5,1
201305EE03019,2,9,0,18,0,1,0,0,0,0,2,1,2,2,8,1242,1,11,3,1
201305EE03019,3,9,0,18,0,1,0,0,0,0,2,1,6,2,-1,-1,-1,-1,-1,-1
201305EE03026,1,1,0,18,0,1,0,0,0,0,3,1,2,1,8,-1,-1,-1,-1,-1
201305EE03026,2,9,0,7,0,1,0,0,0,0,1,1,6,2,6,1598,2,1,1,1
201305EE03030,1,9,0,18,0,1,0,0,0,0,1,1,6,1,6,1364,1,4,1,1
201305EE03030,2,1,0,18,0,1,0,0,0,0,4,1,6,1,6,-1,-1,-1,1,1
201305EE03057,1,1,0,18,0,1,0,0,0,0,1,1,1,1,6,-1,-1,-1,1,1
201305EE03058,1,9,0,7,0,3,0,0,0,0,1,1,2,2,-1,1598,1,11,-1,-1
201305EE03058,2,1,0,18,0,8,0,0,0,0,3,1,2,1,7,-1,-1,-1,5,1
201305EE03060,1,9,0,9,0,1,0,0,0,0,1,1,2,1,9,1997,2,-1,1,1
201305EE03060,2,9,0,18,0,1,0,0,1,2,4,1,2,2,4,1388,1,12,2,1
201305EE03073,1,9,0,5,0,8,0,0,0,0,1,1,6,2,8,1968,2,1,1,1
201305EE03073,2,9,0,5,0,8,0,0,0,0,4,1,6,2,7,1598,1,8,1,1
201305EE03073,3,9,0,5,0,8,0,0,0,0,3,1,1,1,6,1910,2,7,5,1
201305EE03073,4,20,0,5,0,8,0,0,0,0,0,1,6,1,8,2400,2,11,1,1
201305EE03088,1,9,0,18,0,4,0,0,0,0,1,1,6,1,-1,1149,1,4,-1,-1
201305EE03088,2,1,0,18,0,3,0,0,0,0,2,1,2,1,7,-1,-1,-1,1,1
201305EE03091,1,9,0,9,0,2,0,0,0,0,3,1,6,1,8,1968,2,5,1,1
201305EE03091,2,3,0,18,0,1,0,0,0,0,1,1,2,1,5,124,1,3,3,1
201305EE03122,1,9,0,7,0,5,0,0,0,0,1,1,6,1,-1,-1,-1,-1,-1,-1
201305EE03122,2,1,0,7,0,5,0,0,0,0,3,1,6,1,4,-1,-1,-1,1,1
201305EE03127,1,9,0,18,0,1,0,0,0,0,1,1,6,1,5,-1,-1,-1,4,1
201305EE03129,1,9,0,7,0,2,0,0,0,0,4,1,6,1,10,1596,1,1,1,1
201305EE03130,1,9,0,18,0,1,0,0,0,0,1,1,2,1,6,1968,2,4,1,1
201305EE03130,2,9,0,3,0,1,0,0,0,0,2,1,6,2,5,998,1,4,2,1
201305EE03130,3,9,0,3,0,1,0,0,0,0,2,1,2,1,8,-1,-1,-1,10,1
201305EE03138,1,9,0,18,0,1,0,0,0,0,1,1,6,2,8,1797,8,3,2,1
201305EE03138,2,9,0,18,0,1,0,0,0,0,2,1,6,1,8,1997,2,9,4,1
201305EE03155,1,9,0,6,0,0,0,0,1,4,4,1,1,1,7,1998,2,8,2,1
201305EE03155,2,9,0,18,0,0,0,0,0,0,1,1,6,2,7,2000,2,4,4,1
201305EE03156,1,9,0,3,0,1,0,0,0,0,1,1,6,1,-1,1598,1,9,7,1
201305EE03156,2,9,0,3,0,1,0,0,0,0,2,1,2,2,8,998,1,12,3,1
201305EE03160,1,9,0,12,2,0,0,0,0,0,3,1,6,2,5,1596,1,11,6,1
201305EE03160,2,21,0,18,0,0,0,0,0,0,1,1,1,1,7,12580,2,9,1,1
201305EE03161,1,9,0,9,0,8,0,0,0,0,3,1,1,1,10,1998,2,5,2,1
201305EE03161,2,9,0,18,0,8,0,0,0,0,3,1,2,1,11,1587,1,6,1,1
201305EE03169,1,8,0,18,9,8,0,10,0,0,1,1,1,1,7,2402,2,9,2,1
201305EE03169,2,9,0,18,9,8,0,10,0,0,3,1,6,1,4,2698,2,5,1,1
201305EE03178,1,9,0,9,0,8,0,0,0,0,1,1,6,1,7,1956,2,1,6,1
201305EE03192,1,9,0,9,0,1,0,7,0,0,4,1,6,1,4,1242,1,11,2,1
201305EE03192,2,9,0,18,0,1,0,0,0,0,1,1,6,2,5,1598,1,1,-1,-1
201305EE03209,1,19,0,9,0,8,0,0,0,0,4,1,6,1,-1,-1,-1,-1,-1,-1
201305EE03209,2,2,0,18,0,1,0,0,0,0,1,1,6,1,4,49,1,3,3,1
201305EE03209,3,9,0,18,0,1,0,0,0,0,4,1,6,1,-1,1388,1,2,4,1
201305EE03219,1,9,0,6,0,1,0,0,0,0,1,1,1,1,7,1248,2,6,5,1
201305EE03219,2,9,0,18,0,1,0,0,0,0,1,1,6,2,6,1198,1,3,1,1
201305EE03221,1,9,0,18,0,0,0,0,0,0,4,1,6,1,10,-1,-1,-1,1,1
201305EE03221,2,1,0,18,0,0,0,10,0,0,1,1,2,1,7,-1,-1,-1,9,1
201305EE03223,1,9,0,1,0,0,0,0,0,0,0,1,3,1,9,1956,2,1,7,1
201305EE03225,1,9,0,18,0,8,0,0,0,0,4,1,2,1,9,1390,1,9,3,1
201305EE03243,1,19,0,18,0,0,1,0,7,0,1,1,1,1,-1,2198,2,4,-1,-1
201305EE03243,2,97,0,18,0,0,0,0,0,0,1,1,6,1,-1,-1,-1,-1,-1,-1
201305EE03246,1,9,0,11,0,8,0,0,0,0,4,1,6,1,6,1242,1,6,1,1
201305EE03246,2,9,0,18,0,8,0,0,0,0,3,1,6,1,9,2198,1,6,9,1
201305EE03254,1,19,0,18,0,0,0,0,0,0,4,1,1,3,-1,-1,-1,-1,-1,-1
201305EE03255,1,9,0,18,0,1,0,0,0,0,1,1,2,1,8,1461,2,3,9,1
201305EE03255,2,1,0,18,0,1,0,0,0,0,4,1,2,1,7,-1,-1,-1,2,1
201305EE03305,1,9,0,18,0,0,0,0,0,0,1,1,2,1,6,1598,1,5,1,1
201305EE03314,1,9,0,4,0,0,0,0,0,0,1,1,1,1,5,1360,1,12,1,1
201305EE03314,2,9,0,3,0,0,0,0,0,0,2,1,1,1,8,1560,2,1,-1,1
201305EE03314,3,9,0,3,0,0,0,0,0,0,2,1,6,1,4,-1,-1,-1,-1,-1
201305EE03334,1,9,0,18,0,1,0,0,0,0,1,1,6,1,4,1299,1,11,2,1
201305EE03334,2,9,0,18,0,1,0,0,0,0,2,1,6,1,8,1753,2,8,1,1
201305EE03337,1,9,0,4,0,1,0,0,0,0,4,1,6,1,7,1390,1,5,-1,-1
201305EE03337,2,1,0,18,0,6,0,0,0,0,1,1,6,1,3,-1,-1,-1,-1,-1
201305EE03338,1,9,0,9,0,1,0,0,0,0,4,1,6,1,7,1956,2,2,4,1
201305EE03338,2,9,0,18,0,1,0,0,0,0,1,1,1,1,8,2993,2,1,-1,-1
201305EE03340,1,9,0,18,0,0,0,0,0,0,1,1,2,2,6,1598,1,9,5,1
201305EE03342,1,9,0,18,0,1,0,0,0,0,1,1,1,2,5,2967,1,13,7,3
201305EE03342,2,9,0,4,0,1,0,0,0,0,2,1,6,2,6,1390,1,3,7,1
201305EE03349,1,9,0,5,0,6,0,0,0,0,4,1,6,1,8,-1,-1,-1,-1,-1
201305EE03367,1,9,0,5,0,0,0,0,0,0,3,1,6,1,-1,-1,-1,-1,-1,-1
201305EE03367,2,9,0,18,0,0,0,0,0,0,4,1,6,1,7,998,1,3,1,1
201305EE03381,1,9,0,18,0,8,0,0,0,0,1,1,6,1,5,2792,1,7,-1,-1
201305EE03381,2,9,0,18,0,2,0,0,0,0,0,1,1,1,7,2993,2,3,-1,-1
201305EE03381,3,9,0,18,0,8,0,0,0,0,1,1,1,2,6,1199,2,1,-1,-1
201305EE03381,4,9,0,2,0,8,0,0,0,0,4,1,6,2,6,1299,1,11,-1,-1
201305EE03381,5,9,0,2,0,8,0,0,0,0,1,1,6,2,6,1229,1,4,-1,-1
201305EE03393,1,9,0,18,0,1,0,0,0,0,1,1,6,1,-1,1984,1,6,-1,-1
201305EE03395,1,9,0,18,0,0,0,0,0,0,1,1,6,2,6,1242,1,5,1,1
201305EE03401,1,8,0,18,0,1,0,0,0,0,2,1,1,1,8,2402,2,7,1,1
201305EE03401,2,9,0,18,0,1,0,0,0,0,1,1,6,1,-1,-1,-1,-1,-1,-1
201305EE03403,1,3,0,18,0,8,0,0,0,0,3,1,6,1,6,125,1,-1,1,1
201305EE03403,2,9,0,18,0,8,0,0,0,0,1,1,6,3,-1,-1,-1,-1,-1,-1
201305EE03407,1,9,0,18,0,0,0,0,0,0,4,1,2,2,6,1388,1,8,1,1
201305EE03411,1,9,0,18,0,8,0,0,0,0,1,1,6,1,-1,-1,-1,-1,-1,-1
201305EE03411,2,9,0,3,0,8,0,0,0,0,2,1,6,1,8,1596,1,-1,2,1
201305EE03411,3,9,0,3,0,8,0,0,0,0,2,1,6,1,7,1242,1,9,-1,1
201305EE03412,1,9,0,4,0,1,0,0,0,0,1,1,6,1,8,-1,-1,-1,-1,-1
201305EE03412,2,1,0,5,0,8,0,0,0,0,3,1,6,2,7,-1,-1,-1,5,1
201305EE03415,1,8,0,18,0,0,0,0,0,0,0,1,2,1,7,2402,2,10,-1,-1
201305EE03418,1,9,0,18,0,8,0,0,3,10,4,1,6,1,6,1600,1,14,-1,1
201305EE03418,2,9,0,18,0,8,0,0,0,0,1,1,6,1,7,1995,2,1,9,1
201305EE03431,1,9,0,18,0,1,0,0,0,0,1,1,6,1,-1,1596,1,10,-1,-1
201305EE03431,2,9,0,18,0,1,0,0,0,0,3,1,6,2,-1,1560,2,1,5,1
201305EE03431,3,9,0,18,0,1,0,0,0,0,3,1,6,1,6,1900,2,8,5,1
201305EE03436,1,9,0,1,0,1,0,0,0,0,2,1,6,1,7,1798,1,6,-1,-1
201305EE03436,2,8,0,18,0,1,0,0,0,0,1,1,1,1,7,2499,2,5,2,1
201305EE03445,1,9,0,18,0,1,1,0,0,0,1,1,6,1,5,1896,2,11,2,1
201305EE03445,2,9,0,9,0,5,0,0,0,0,3,1,6,2,6,1587,1,10,-1,2
201305EE03449,1,8,0,7,0,2,0,0,0,0,1,1,1,1,8,1997,2,2,2,1
201305EE03449,2,9,0,18,0,1,0,0,0,0,1,1,6,1,8,1242,1,6,1,1
201305EE03451,1,19,0,4,0,1,0,0,0,0,1,1,6,1,-1,-1,-1,-1,-1,-1
201305EE03454,1,9,0,18,0,1,0,0,7,0,4,1,6,1,8,1386,1,5,1,1
201305EE03454,2,9,0,9,0,1,0,0,0,0,1,1,6,1,6,1968,2,5,1,1
201305EE03475,1,1,0,18,0,1,0,0,0,0,1,1,6,1,4,-1,-1,-1,3,1
201305EE03475,2,9,0,3,0,1,0,0,0,0,4,1,6,1,5,1242,1,7,2,1
201305EE03484,1,19,0,18,0,1,0,0,0,0,2,1,1,1,6,1998,2,8,5,1
201305EE03484,2,19,0,18,0,1,0,0,0,0,1,1,1,1,-1,1753,2,6,-1,-1
201305EE03491,1,9,0,18,0,0,0,0,0,0,1,1,6,1,-1,-1,-1,-1,-1,-1
201305EE03505,1,9,0,18,0,0,0,0,0,0,1,1,1,1,6,1796,1,7,3,1
201305EE03505,2,9,0,3,0,0,0,0,0,0,2,1,1,2,7,998,1,5,4,1
201305EE03506,1,8,0,9,0,6,0,0,0,0,1,1,1,1,10,2402,2,7,1,1
201305EE03506,2,9,0,18,0,1,0,0,0,0,4,1,6,1,7,1991,2,3,7,2
201305EE03507,1,9,0,9,0,8,0,0,0,0,1,1,6,1,8,1796,1,10,1,1
201305EE03507,2,1,0,18,0,8,0,0,0,0,1,1,6,1,9,-1,-1,-1,1,1
201305EE03534,1,9,0,4,0,0,0,0,0,0,1,1,3,1,8,1761,1,14,5,1
201305EE03534,2,9,0,4,0,0,0,0,0,0,2,1,6,1,6,1560,2,9,1,1
201305EE03539,1,9,0,18,0,1,0,0,0,0,3,1,2,2,5,1242,1,5,4,1
201305EE03539,2,9,0,18,0,1,0,0,0,0,1,1,2,2,8,1598,2,1,9,1
201305EE03544,1,9,0,2,0,0,0,0,0,0,1,1,6,2,-1,-1,-1,-1,-1,-1
201305EE03544,2,1,0,18,0,0,0,0,0,0,1,1,6,1,7,-1,-1,-1,1,1
201305EE03546,1,11,0,18,0,0,0,0,0,0,1,1,1,1,4,6692,2,1,6,1
201305EE03548,1,9,0,9,0,1,0,0,0,0,1,1,1,2,5,2000,2,4,2,1
201305EE03548,2,9,0,9,0,1,0,0,0,0,2,1,1,2,8,1560,2,9,7,1
201305EE03554,1,9,0,18,0,1,0,0,0,0,4,1,6,3,-1,-1,-1,-1,-1,-1
201305EE03554,2,9,0,18,0,1,0,0,0,0,3,1,1,2,8,1397,1,4,10,1
201305EE03571,1,9,0,18,0,1,0,0,0,0,1,1,3,1,8,1560,2,3,1,1
201305EE03571,2,9,0,3,0,1,0,0,0,0,2,1,3,2,6,1762,1,15,2,1
201305EE03571,3,9,0,3,0,1,0,0,0,0,2,1,3,2,8,1560,2,2,2,1
201305EE03577,1,9,0,18,0,8,0,0,0,0,1,1,1,2,7,-1,-1,-1,2,1
201305EE03577,2,1,0,18,0,8,0,0,0,0,4,1,6,1,2,-1,-1,-1,1,1
201305EE03580,1,2,0,18,0,0,0,0,0,0,4,1,6,1,4,49,1,1,1,1
201305EE03580,2,9,0,2,0,0,0,0,0,0,3,1,6,1,-1,1396,1,-1,-1,-1
201305EE03582,1,8,0,9,0,6,0,0,0,0,4,1,1,1,7,2664,2,14,7,1
201305EE03582,2,8,0,18,0,2,0,0,0,0,3,1,1,1,9,2402,2,7,2,1
201305EE03587,1,9,0,9,0,2,0,0,0,0,3,1,6,2,8,1398,1,-1,4,3
201305EE03587,2,8,0,18,0,1,0,0,0,0,1,1,1,1,5,1998,2,7,1,1
201305EE03588,1,5,0,16,0,0,1,7,7,7,1,1,6,1,8,999,1,-1,10,1
201305EE03590,1,9,0,2,0,0,0,0,0,0,1,1,6,1,-1,-1,-1,-1,-1,-1
201305EE03590,2,1,0,18,0,0,0,8,0,0,1,1,6,1,9,-1,-1,-1,2,1
201305EE03594,1,9,0,18,0,0,0,0,0,0,1,1,6,3,-1,-1,-1,-1,-1,-1
201305EE03596,1,9,0,7,0,0,0,0,1,0,1,1,6,3,-1,-1,-1,-1,-1,-1
201305EE03596,2,9,0,10,0,0,0,0,0,0,3,1,6,2,6,998,1,1,4,1
201305EE03619,1,9,0,18,0,0,0,0,0,0,1,1,6,1,4,-1,-1,-1,-1,-1
201305EE03619,2,9,0,18,0,0,0,0,0,0,2,1,6,1,5,1798,1,7,3,1
201305EE03643,1,19,0,1,0,0,0,0,0,0,2,1,6,1,6,1995,2,4,-1,-1
201305EE03647,1,9,0,18,0,8,0,0,0,0,1,1,6,1,6,1596,1,4,1,1
201305EE03651,1,8,0,9,0,2,0,0,0,0,3,1,1,1,8,1997,2,2,1,1
201305EE03656,1,9,0,18,0,0,0,0,0,0,3,1,6,2,6,1364,1,3,5,1
201305EE03660,1,9,0,13,0,0,0,0,0,0,4,1,6,1,5,1364,1,5,9,1
201305EE03660,2,9,0,18,0,0,0,0,0,0,3,1,6,1,6,1198,1,1,1,1
201305EE03685,1,1,0,18,0,0,0,0,0,0,1,1,6,1,3,-1,-1,-1,1,1
201305EE03685,2,9,0,5,0,0,0,0,0,0,4,1,6,2,7,1360,1,6,1,1
201305EE03697,1,9,0,3,0,1,0,0,0,0,1,1,6,2,-1,1753,2,9,6,1
201305EE03697,2,19,0,3,0,1,0,0,0,0,2,1,6,1,-1,1996,2,2,-1,-1
201305EE03697,3,9,0,3,0,1,0,0,0,0,2,1,6,2,7,998,1,3,9,1
201305EE03698,1,9,0,18,0,3,0,0,3,0,3,1,6,1,7,1560,2,4,5,1
201305EE03698,2,1,0,18,0,4,0,0,0,0,1,1,6,1,4,-1,-1,-1,1,1
201305EE03702,1,9,0,18,0,0,0,0,0,0,1,1,6,2,9,1994,1,16,2,1
201305EE03702,2,9,0,4,0,0,0,0,0,0,2,1,6,1,10,1998,2,9,1,1
201305EE03706,1,21,1,9,0,8,0,0,0,0,4,2,1,1,7,-1,-1,-1,-1,-1
201305EE03706,2,9,0,18,0,8,0,0,0,0,1,1,6,1,7,1598,2,2,1,1
201305EE03707,1,3,0,18,0,0,2,0,0,0,1,1,6,1,8,124,1,1,1,1
201305EE03717,1,9,0,5,0,0,0,0,0,0,3,1,1,1,7,-1,-1,-1,-1,-1
201305EE03740,1,8,0,18,0,1,1,0,0,0,2,1,1,1,6,2402,2,11,3,1
201305EE03740,2,8,0,18,0,1,0,0,0,0,2,1,1,1,9,2402,2,8,1,1
201305EE03740,3,9,0,18,0,1,0,0,0,0,1,1,6,1,-1,1598,1,12,8,1
201305EE03753,1,19,0,9,0,1,0,0,0,0,1,1,1,1,6,1560,2,2,3,1
201305EE03753,2,9,0,18,0,1,0,10,1,0,3,1,6,2,7,1399,2,10,1,1
201305EE03754,1,9,0,18,0,6,0,0,0,0,1,1,6,1,6,1956,2,-1,2,1
201305EE03754,2,9,0,18,0,2,0,0,0,0,4,1,2,1,8,1998,1,9,5,1
201305EE03759,1,9,0,5,0,0,0,0,0,0,1,1,1,1,7,1753,2,6,-1,-1
201305EE03759,2,1,0,18,0,0,0,0,0,0,2,1,6,1,4,-1,-1,-1,1,1
201305EE03760,1,9,0,13,0,1,0,0,0,0,4,1,6,1,6,1968,2,-1,3,1
201305EE03760,2,9,0,9,0,5,0,0,0,0,3,1,6,1,8,2380,1,15,9,1
201305EE03763,1,9,0,9,0,2,0,0,0,0,1,1,6,1,6,1896,2,5,5,1
201305EE03763,2,9,0,18,0,1,0,0,0,0,1,1,1,1,5,1686,2,7,1,1
201305EE03770,1,9,0,18,9,2,1,10,7,11,1,1,6,1,-1,1998,1,22,-1,-1
201305EE03781,1,9,0,7,0,0,0,0,0,0,4,1,6,1,7,1596,1,1,1,1
201305EE03781,2,1,0,18,0,0,0,0,0,0,3,1,2,1,8,-1,-1,-1,1,1
201305EE03782,1,9,0,5,0,1,0,0,0,0,1,1,2,1,7,1686,2,2,1,1
201305EE03789,1,9,0,4,0,0,0,0,7,11,1,1,6,1,11,-1,-1,-1,4,1
201305EE03789,2,9,0,2,0,0,0,0,0,0,3,1,6,2,-1,1598,2,1,-1,-1
201305EE03790,1,19,0,18,0,1,0,0,0,0,1,1,1,1,7,2461,2,8,7,3
201305EE03790,2,9,0,3,0,1,0,0,0,0,2,1,2,1,8,1686,2,2,3,1
201305EE03790,3,9,0,10,0,1,0,0,0,0,2,1,6,2,9,998,1,2,5,1
201305EE03795,1,9,0,9,0,8,2,0,1,4,1,1,6,2,10,1598,1,5,1,1
201305EE03805,1,9,0,5,0,6,0,0,0,0,3,1,1,1,7,1997,2,5,-1,-1
201305EE03805,2,1,0,18,0,8,0,0,0,0,1,1,6,1,8,-1,-1,-1,1,1
201305EE03811,1,9,0,7,0,6,0,0,0,0,4,1,6,2,11,1796,1,5,1,1
201305EE03819,1,9,0,18,0,5,0,7,0,0,1,1,6,1,4,1242,1,3,2,1
201305EE03821,1,9,0,7,0,1,0,0,0,0,4,1,6,1,6,-1,-1,-1,-1,-1
201305EE03821,2,1,0,18,0,1,0,0,0,0,1,1,6,1,8,-1,-1,-1,4,1
201305EE03831,1,9,0,9,0,2,0,0,1,0,4,1,6,1,11,1996,1,19,2,1
201305EE03831,2,9,0,18,0,8,0,0,0,0,1,1,6,2,5,1461,2,2,1,1
201305EE03832,1,20,0,10,0,6,0,0,0,0,3,1,1,1,7,-1,2,10,-1,-1
201305EE03832,2,3,0,18,0,1,1,0,0,0,1,1,6,1,5,125,1,2,7,1
201305EE03840,1,9,0,18,0,1,0,0,0,0,1,1,6,1,6,1242,1,4,-1,-1
201305EE03840,2,9,0,9,0,2,0,0,0,0,2,1,6,2,7,1242,1,7,1,1
201305EE03840,3,11,0,18,0,1,0,0,0,0,4,1,1,1,8,-1,-1,-1,1,1
201305EE03844,1,11,0,18,0,2,0,0,0,0,0,1,1,1,6,6692,2,2,2,1
201305EE03844,2,9,0,18,0,6,0,0,0,0,0,1,6,2,7,-1,-1,-1,-1,-1
201305EE03854,1,9,0,18,0,0,0,0,0,0,4,1,1,1,8,1560,2,-1,-1,-1
201305EE03865,1,9,0,18,0,0,0,0,0,0,1,1,6,1,6,1248,2,3,1,1
201305EE03884,1,9,0,18,0,0,0,0,0,0,3,1,6,1,9,2198,1,12,8,1
201305EE03884,2,9,0,5,0,0,0,0,0,0,1,1,6,1,6,1598,2,-1,1,1
201305EE03888,1,11,0,9,0,1,0,0,0,0,4,1,1,1,8,6700,2,4,1,1
201305EE03888,2,9,0,2,0,1,0,0,0,0,3,1,6,1,-1,1364,1,7,-1,-1
201305EE03899,1,5,0,18,0,1,0,0,0,0,3,1,6,1,4,599,1,17,1,1
201305EE03899,2,9,0,7,0,1,0,0,0,0,4,1,6,1,11,1596,1,2,7,1
201305EE03910,1,9,0,2,0,0,0,0,0,0,3,1,6,1,10,1397,1,1,1,1
201305EE03913,1,9,0,5,0,1,0,0,0,0,0,1,6,2,7,2295,1,15,4,1
201305EE03913,2,4,0,18,0,8,1,0,0,0,0,1,6,1,4,125,1,9,4,3
201305EE03917,1,8,0,18,0,2,0,0,0,0,1,1,1,1,8,2664,2,10,1,1
201305EE03924,1,11,0,5,0,0,0,0,0,0,4,1,1,1,-1,-1,-1,-1,-1,-1
201305EE03927,1,11,0,18,0,0,0,0,0,0,0,1,1,1,6,5900,2,7,2,1
201305EE03928,1,9,0,9,0,2,0,0,0,0,1,1,6,2,6,1388,1,9,5,1
201305EE03928,2,9,0,18,0,8,1,0,4,0,3,1,6,1,9,998,1,-1,5,1
201305EE03932,1,9,0,18,0,0,0,0,0,0,3,1,6,1,6,-1,-1,-1,-1,-1
201305EE03933,1,9,0,18,0,1,0,0,0,0,1,1,1,2,7,1587,1,16,3,1
201305EE03933,2,9,0,18,0,1,0,0,0,0,4,1,6,1,9,1997,2,3,5,1
201305EE03935,1,9,0,16,0,0,2,10,0,0,3,1,6,1,6,1390,1,9,3,1
201305EE03936,1,9,0,18,0,1,0,0,0,0,1,1,6,1,7,1686,2,1,1,1
201305EE03936,2,1,0,18,0,8,0,0,0,0,4,1,6,1,7,-1,-1,-1,1,1
201305EE03951,1,9,0,18,0,0,0,0,0,0,1,1,6,1,-1,-1,-1,-1,-1,-1
201305EE03960,1,9,0,6,0,0,0,0,0,0,3,1,6,1,9,1997,1,14,1,1
201305EE03960,2,5,0,18,0,0,0,0,0,0,1,1,6,1,6,599,1,11,1,1
201305EE03961,1,9,0,9,0,8,0,0,7,1,4,1,6,1,10,998,1,-1,6,1
201305EE03961,2,9,0,18,0,8,0,0,0,0,1,1,6,1,7,2496,1,7,4,1
201305EE03965,1,9,0,18,0,0,0,0,7,10,4,1,2,2,7,1149,1,11,1,1
201305EE03965,2,9,0,2,0,0,0,0,0,0,3,1,2,2,8,1598,1,5,7,1
201305EE03973,1,9,0,9,0,8,0,0,0,0,4,1,6,1,7,1598,2,-1,-1,-1
201305EE03973,2,3,0,18,0,8,1,0,0,0,1,1,2,1,4,125,1,8,5,1
201305EE03977,1,9,0,9,0,8,0,0,0,0,4,1,6,1,5,998,1,18,5,1
201305EE03977,2,9,0,18,0,8,0,0,0,0,1,1,2,1,8,1997,2,10,1,1
201305EE03979,1,9,0,4,0,8,0,0,0,0,1,1,6,2,6,1598,1,10,-1,-1
201305EE03979,2,9,0,4,0,8,0,0,0,0,2,1,6,1,6,1596,1,14,-1,-1
201305EE03980,1,1,0,18,0,8,0,0,0,0,1,1,2,1,6,-1,-1,-1,-1,-1
201305EE03980,2,9,0,7,0,8,0,0,0,0,4,1,1,2,6,1997,1,-1,1,1
201305EE03981,1,9,0,18,0,0,0,0,0,0,1,1,1,1,8,-1,-1,-1,3,1
201305EE03981,2,9,0,18,0,0,0,0,0,0,2,1,1,1,7,1753,2,7,1,1
201305EE03988,1,9,0,3,0,4,0,0,0,0,2,1,6,1,10,-1,-1,-1,1,1
201305EE03988,2,19,0,4,0,4,0,0,0,0,1,1,6,1,6,-1,-1,-1,-1,-1
201305EE03992,1,9,0,18,0,8,0,0,1,0,1,1,6,1,-1,2500,2,19,-1,-1
201305EE03992,2,9,0,2,0,8,0,0,1,0,2,1,6,1,-1,1998,2,8,-1,-1
201305EE04002,1,9,0,9,0,1,0,0,0,0,1,1,6,2,-1,1798,1,4,1,1
201305EE04002,2,9,0,18,0,1,0,0,0,0,1,1,6,2,9,1389,1,10,1,1
201305EE04007,1,9,0,18,0,0,0,0,0,0,1,1,6,2,6,1360,1,1,1,1
201305EE04013,1,9,0,18,0,3,0,0,0,0,1,1,6,1,4,1390,1,1,7,1
201305EE04014,1,11,0,5,0,1,0,0,0,0,0,1,1,1,8,4760,2,-1,-1,-1
201305EE04023,1,1,0,18,0,0,0,0,0,0,2,1,2,1,5,-1,-1,-1,2,1
201305EE04023,2,9,0,18,0,0,0,0,0,0,4,1,6,3,-1,-1,-1,-1,-1,-1
201305EE04025,1,9,0,18,0,1,0,0,0,0,1,1,2,1,6,2143,2,-1,2,1
201305EE04025,2,9,0,3,0,1,0,0,0,0,2,1,6,1,10,1798,1,11,9,1
201305EE04025,3,9,0,3,0,1,0,0,0,0,2,1,2,1,7,1560,2,1,7,1
201305EE04026,1,9,0,9,0,8,0,0,0,0,4,1,1,1,6,1686,2,5,1,1
201305EE04026,2,19,0,18,0,8,0,0,0,0,1,1,1,1,7,1686,2,9,3,1
201305EE04032,1,9,0,9,0,0,0,0,0,0,3,1,6,1,9,1998,2,11,4,1
201305EE04032,2,9,0,18,0,0,0,0,0,0,1,1,6,1,11,1388,1,1,3,1
201305EE04033,1,9,0,5,0,1,0,0,0,0,1,1,6,1,7,1998,2,9,-1,-1
201305EE04033,2,1,0,5,0,6,0,0,0,0,4,1,1,1,4,-1,-1,-1,1,1
201305EE04046,1,9,0,7,0,1,0,0,0,0,1,1,6,1,-1,1870,2,7,-1,-1
201305EE04055,1,8,0,9,0,2,0,0,0,0,1,1,1,1,8,1910,2,8,1,1
201305EE04065,1,9,0,18,0,0,0,0,0,0,1,1,6,2,6,1242,1,9,1,1
201305EE04074,1,9,0,9,0,1,0,0,0,0,1,1,6,2,5,1390,1,6,1,1
201305EE04074,2,9,0,18,0,1,0,0,0,0,4,1,6,1,5,1995,2,4,1,1
201305EE04084,1,9,0,18,0,8,0,0,0,0,1,1,6,1,6,-1,-1,-1,-1,-1
201305EE04086,1,9,0,7,0,8,0,0,0,0,2,1,6,1,9,1124,1,16,1,1
201305EE04088,1,9,0,18,0,1,0,0,0,0,1,1,6,2,5,1388,1,8,4,3
201305EE04088,2,9,0,4,0,1,0,0,0,0,2,1,6,2,7,1598,1,8,8,1