Accident_Index,Vehicle_Reference,Vehicle_Type,Towing_and_Articulation,Vehicle_Manoeuvre,Vehicle_Location-Restricted_Lane,Junction_Location,Skidding_and_Overturning,Hit_Object_in_Carriageway,Vehicle_Leaving_Carriageway,Hit_Object_off_Carriageway,1st_Point_of_Impact,Was_Vehicle_Left_Hand_Drive?,Journey_Purpose_of_Driver,Sex_of_Driver,Age_Band_of_Driver,Engine_Capacity_(CC),Propulsion_Code,Age_of_Vehicle,Driver_IMD_Decile,Driver_Home_Area_Type
201305EE04090,1,9,0,18,0,0,0,0,0,0,1,1,6,3,-1,-1,-1,-1,-1,-1
201305EE04090,2,9,0,18,0,0,0,0,0,0,1,1,6,3,-1,-1,-1,-1,-1,-1
201305EE04100,1,19,0,18,0,8,1,0,0,0,1,1,6,1,8,1998,2,10,4,1
201305EE04100,2,9,0,18,0,8,0,0,0,0,3,1,6,2,7,1595,1,3,1,1
201305EE04101,1,9,0,1,0,2,0,0,0,0,2,1,6,1,7,1398,1,2,2,1
201305EE04102,1,9,0,18,0,0,0,0,0,0,1,1,6,1,-1,1560,2,-1,-1,-1
201305EE04102,2,9,0,2,0,0,0,0,0,0,2,1,2,2,7,2143,2,1,1,1
201305EE04108,1,1,0,18,0,0,0,0,0,0,4,1,6,1,2,-1,-1,-1,2,1
201305EE04108,2,9,0,18,0,0,0,0,0,0,1,1,6,2,6,1596,1,3,1,1
201305EE04111,1,1,0,18,0,6,0,0,0,0,1,1,6,1,2,-1,-1,-1,1,1
201305EE04111,2,9,0,18,0,8,0,0,0,0,3,1,2,1,6,1389,1,10,1,1
201305EE04117,1,9,0,5,0,1,0,0,0,0,1,1,6,1,-1,-1,-1,-1,-1,-1
201305EE04117,2,9,0,3,0,1,0,0,0,0,2,1,6,2,8,1398,1,2,3,1
201305EE04120,1,11,0,18,0,1,0,0,0,0,4,1,1,1,8,-1,-1,-1,1,1
201305EE04120,2,1,0,18,0,1,0,0,0,0,1,1,6,1,3,-1,-1,-1,1,1
201305EE04129,1,9,0,5,0,1,0,0,0,0,1,1,1,1,9,1753,2,2,2,1
201305EE04133,1,11,0,5,0,1,0,0,0,0,1,1,1,1,7,6700,2,4,1,1
201305EE04133,2,9,0,5,0,1,0,0,0,0,2,1,6,1,8,1560,2,2,4,1
201305EE04133,3,9,0,5,0,1,0,0,0,0,2,1,6,2,4,1598,1,4,7,1
201305EE04145,1,9,0,4,0,8,0,0,0,0,2,1,6,2,5,1149,1,15,4,1
201305EE04145,2,9,0,4,0,8,1,0,0,0,1,1,6,1,6,1527,2,17,10,1
201305EE04153,1,9,0,9,0,8,0,0,1,10,1,1,6,1,6,1598,2,-1,1,1
201305EE04153,2,8,0,18,0,8,0,0,0,0,1,1,6,1,7,1998,2,8,4,1
201305EE04158,1,9,0,9,0,1,0,0,0,0,4,1,6,1,5,1398,1,-1,1,1
201305EE04158,2,9,0,18,0,1,0,0,0,0,1,1,1,1,7,1956,2,3,1,1
201305EE04161,1,9,0,3,0,1,0,0,0,0,1,1,2,1,8,1596,1,6,1,1
201305EE04161,2,9,0,3,0,1,0,0,0,0,2,1,6,2,6,1598,1,1,1,1
201305EE04162,1,9,0,18,0,1,1,7,1,1,3,1,6,1,5,1242,1,1,1,1
201305EE04162,2,9,0,9,0,1,0,0,0,0,1,1,6,2,6,1598,1,1,5,1
201305EE04175,1,19,0,18,0,8,0,0,1,11,1,1,6,1,-1,1995,2,5,-1,-1
201305EE04175,2,19,0,9,0,8,0,0,1,11,3,1,1,1,7,2198,2,1,2,1
201305EE04176,1,9,0,4,0,1,0,0,2,2,1,1,6,1,10,1599,1,12,8,1
201305EE04193,1,9,0,9,0,1,0,0,0,0,4,1,2,1,7,1590,1,13,5,2
201305EE04193,2,3,0,18,0,1,0,0,0,0,1,1,2,1,5,124,1,1,4,1
201305EE04195,1,19,0,16,0,0,1,10,7,11,2,1,1,1,5,1248,2,3,1,1
201305EE04200,1,9,0,7,0,1,0,12,0,0,3,1,6,1,4,1242,1,4,8,1
201305EE04204,1,9,0,9,0,1,0,0,0,0,1,1,1,1,5,-1,-1,-1,1,1
201305EE04204,2,1,0,18,0,1,0,0,0,0,1,1,1,1,8,-1,-1,-1,1,1
201305EE04220,1,11,0,5,0,8,0,0,0,0,1,1,1,1,6,6700,2,4,4,1
201305EE04241,1,3,0,18,0,0,0,0,0,0,1,1,2,1,5,124,1,1,2,1
201305EE04245,1,9,0,18,0,0,0,0,0,0,1,1,1,2,6,1598,1,9,1,1
201305EE04245,2,9,0,18,0,0,0,0,0,0,1,1,1,2,7,1598,1,-1,1,1
201305EE04247,1,9,0,18,0,1,0,0,0,0,1,1,6,1,-1,-1,-1,-1,-1,-1
201305EE04253,1,9,0,9,0,6,0,0,0,0,1,1,6,1,5,1149,1,11,-1,1
201305EE04253,2,9,0,18,0,2,0,0,0,0,3,1,6,2,8,1242,1,1,1,1
201305EE04254,1,8,0,11,0,1,0,0,0,0,4,1,1,1,9,1910,2,4,2,1
201305EE04254,2,9,0,18,0,1,0,0,0,0,1,1,2,2,6,1896,2,10,8,1
201305EE04255,1,8,0,18,0,0,0,0,0,0,1,1,1,2,8,2402,2,7,2,1
201305EE04255,2,9,0,3,0,0,0,0,0,0,2,1,6,2,7,1598,1,3,7,1
201305EE04255,3,9,0,3,0,0,0,0,0,0,2,1,6,2,6,2967,2,5,7,1
201305EE04261,1,8,0,18,0,2,0,0,0,0,4,1,1,1,8,2664,2,13,1,1
201305EE04261,2,9,0,18,0,1,0,0,0,0,1,1,6,2,7,1461,2,10,1,1
201305EE04262,1,9,0,18,0,0,0,0,0,0,1,1,1,1,9,1686,2,7,2,1
201305EE04270,1,19,0,5,0,0,0,0,0,0,0,1,1,1,7,2151,2,8,1,1
201305EE04276,1,9,0,9,0,6,0,0,0,0,0,1,6,1,10,1398,1,2,2,1
201305EE04276,2,3,0,18,0,1,2,0,0,0,0,1,2,1,8,124,1,5,3,1
201305EE04279,1,9,0,18,0,1,0,0,0,0,1,1,6,1,4,1242,1,12,1,1
201305EE04279,2,9,0,18,0,1,0,0,0,0,2,1,6,1,11,1390,1,4,4,1
201305EE04287,1,8,0,18,0,1,0,0,0,0,1,1,1,1,9,1560,2,8,1,1
201305EE04287,2,9,0,3,0,1,0,0,0,0,2,1,2,1,7,1328,1,11,1,1
201305EE04287,3,9,0,3,0,1,0,0,0,0,2,1,2,1,7,1995,1,11,3,1
201305EE04303,1,11,0,4,0,0,0,0,0,0,0,1,1,1,9,5850,2,12,1,1
201305EE04307,1,9,0,7,0,1,0,0,0,0,1,1,1,2,7,1968,2,9,4,1
201305EE04307,2,9,0,18,0,1,0,0,1,0,2,1,1,2,6,1598,1,4,1,1
201305EE04311,1,9,0,9,0,5,0,0,0,0,1,1,1,1,7,1248,1,3,3,1
201305EE04311,2,5,0,18,0,1,0,0,0,0,1,1,1,1,10,748,1,22,7,1
201305EE04317,1,5,0,13,0,0,2,0,0,0,1,1,6,1,7,599,1,1,5,1
201305EE04317,2,9,0,4,0,0,0,0,0,0,1,1,6,1,8,1364,1,5,5,1
201305EE04324,1,9,0,12,0,1,0,0,7,0,1,1,6,3,-1,-1,-1,-1,-1,-1
201305EE04343,1,9,0,9,0,8,0,0,0,0,1,1,2,1,7,1388,1,11,1,1
201305EE04346,1,9,0,18,0,8,0,0,0,0,1,1,1,1,7,1199,1,13,1,1
201305EE04346,2,9,0,9,0,8,0,0,0,0,1,1,1,2,8,1560,2,-1,6,1
201305EE04358,1,9,0,14,0,0,0,0,0,0,4,1,6,2,7,1339,1,-1,1,1
201305EE04363,1,9,0,1,0,0,0,0,0,0,2,1,6,1,-1,-1,-1,-1,-1,-1
201305EE04370,1,9,0,18,0,2,0,0,0,0,1,1,1,1,9,1753,2,7,1,1
201305EE04373,1,9,0,18,0,0,0,0,0,0,1,1,1,3,-1,-1,-1,-1,-1,-1
201305EE04375,1,9,0,18,0,8,0,0,0,0,4,1,1,1,-1,1753,2,3,-1,-1
201305EE04375,2,1,0,18,0,8,0,0,0,0,3,1,6,2,7,-1,-1,-1,5,1
201305EE04377,1,11,0,18,0,1,0,0,0,0,1,1,1,1,8,6700,2,2,4,1
201305EE04380,1,1,0,18,0,0,0,0,0,0,3,1,2,1,6,-1,-1,-1,1,1
201305EE04380,2,9,0,15,0,0,0,0,0,0,4,1,6,1,-1,-1,-1,-1,-1,-1
201305EE04386,1,9,0,18,0,8,0,0,0,0,1,1,6,1,10,1951,2,11,5,1
201305EE04386,2,9,0,18,0,1,0,0,0,0,2,1,6,2,9,1599,1,10,2,1
201305EE04399,1,19,0,18,0,1,0,0,0,0,1,1,1,1,6,1753,2,7,1,1
201305EE04399,2,9,0,4,0,1,0,0,0,0,2,1,2,2,8,1124,1,5,1,1
201305EE04399,3,9,0,4,0,1,0,0,0,0,2,1,6,2,6,1596,1,1,1,1
201305EE04400,1,1,0,18,0,1,0,0,0,0,1,1,6,1,9,-1,-1,-1,1,1
201305EE04400,2,9,0,3,0,1,0,0,0,0,2,1,6,2,6,1206,1,4,1,1
201305EE04418,1,8,0,6,0,0,0,0,0,0,4,1,1,1,7,2402,2,10,7,1
201305EE04418,2,9,0,18,0,0,0,0,0,0,1,1,1,1,8,2993,2,2,6,1
201305EE04428,1,19,0,18,0,0,0,0,0,0,4,1,1,1,5,-1,-1,-1,3,1
201305EE04428,2,1,0,18,0,0,0,0,0,0,3,1,6,1,6,-1,-1,-1,5,1
201305EE04434,1,9,0,12,0,1,0,0,0,0,1,1,6,1,-1,-1,-1,-1,-1,-1
201305EE04434,2,9,0,12,0,1,0,0,0,0,4,1,6,1,6,1197,1,-1,1,1
201305EE04435,1,9,0,18,0,1,0,0,3,10,3,1,6,1,11,1199,1,12,3,1
201305EE04435,2,8,0,18,0,1,0,10,0,0,1,1,1,1,8,2402,2,8,8,1
201305EE04446,1,19,0,3,0,1,0,0,0,0,1,1,1,1,9,1399,2,2,7,1
201305EE04447,1,9,0,4,0,1,0,0,0,0,4,1,6,2,9,1560,2,4,7,1
201305EE04447,2,1,0,18,0,1,0,0,0,0,1,1,6,1,8,-1,-1,-1,2,1
201305EE04478,1,9,0,18,0,1,0,0,0,0,1,1,6,1,9,1998,1,9,2,1
201305EE04478,2,9,0,3,0,1,0,0,0,0,2,1,6,2,5,1461,2,-1,1,1
201305EE04478,3,9,0,3,0,1,0,0,0,0,2,1,3,2,7,1242,1,6,1,1
201305EE04486,1,8,0,18,0,1,0,0,0,0,3,1,1,1,8,2402,2,11,1,1
201305EE04486,2,9,0,18,0,1,1,0,0,0,1,1,6,1,-1,-1,-1,-1,-1,-1
201305EE04487,1,9,0,14,0,1,0,0,0,0,1,1,1,2,7,1896,2,6,1,1
201305EE04495,1,9,0,18,0,1,0,0,0,0,1,1,2,1,5,1229,1,8,6,1
201305EE04497,1,9,0,18,0,1,0,0,0,0,1,1,6,1,9,1796,1,2,1,1
201305EE04499,1,11,0,16,0,1,0,0,0,0,4,1,1,1,7,6700,2,2,1,1
201305EE04505,1,9,0,11,0,1,0,0,0,0,1,1,1,1,5,-1,-1,-1,3,1
201305EE04505,2,9,0,18,0,1,0,0,0,0,3,1,6,1,5,1198,1,1,1,1
201305EE04505,3,19,0,18,0,1,0,0,0,0,4,1,1,1,8,1997,2,11,2,1
201305EE04527,1,9,0,18,0,0,0,0,0,0,1,1,6,2,8,1461,2,3,1,1
201305EE04527,2,9,0,18,0,0,0,0,0,0,2,1,6,1,6,1560,2,3,2,1
201305EE04532,1,9,0,9,0,1,0,10,0,0,4,1,1,1,6,1582,2,1,1,1
201305EE04532,2,8,0,18,2,8,0,0,0,0,1,1,1,1,7,1753,2,5,1,1
201305EE04545,1,1,0,18,0,0,0,0,0,0,2,1,6,1,4,-1,-1,-1,1,1
201305EE04545,2,11,0,18,0,0,0,0,0,0,1,1,1,1,-1,-1,-1,-1,-1,-1
201305EE04554,1,9,0,18,0,2,0,0,0,0,4,1,6,1,5,1598,1,8,1,1
201305EE04554,2,9,0,5,0,2,0,0,0,0,1,1,6,1,-1,1998,2,7,-1,-1
201305EE04559,1,8,0,18,0,0,0,0,0,0,1,1,1,1,8,2402,2,10,4,1
201305EE04570,1,9,0,1,0,0,0,0,0,0,2,1,1,1,6,1299,1,7,1,1
201305EE04570,2,3,0,18,0,0,0,0,0,0,1,1,6,1,6,600,1,-1,2,1
201305EE04571,1,9,0,9,0,8,0,0,0,0,3,1,6,2,7,1339,1,1,6,3
201305EE04572,1,9,0,16,0,0,1,6,0,0,1,1,6,1,10,1999,1,6,7,1
201305EE04588,1,4,0,18,0,0,0,0,0,0,3,1,6,3,-1,-1,-1,-1,-1,-1
201305EE04589,1,8,0,4,0,0,0,0,0,0,1,1,1,1,5,1753,2,8,2,1
201305EE04590,1,9,0,9,0,1,0,0,0,0,1,1,6,1,10,1392,1,22,3,1
201305EE04590,2,9,0,18,0,1,0,0,0,0,1,1,6,1,9,1600,1,23,1,1
201305EE04594,1,5,0,18,0,1,2,0,0,0,1,1,2,1,6,748,1,3,4,1
201305EE04594,2,9,0,18,0,1,0,0,0,0,3,1,6,2,10,1596,1,-1,1,1
201305EE04597,1,9,0,7,0,2,0,0,0,0,4,1,6,2,8,1461,2,-1,2,1
201305EE04597,2,5,0,18,0,2,1,0,0,0,3,1,2,1,4,599,1,16,1,1
201305EE04603,1,9,0,18,0,8,0,0,0,0,1,1,6,1,5,1796,1,13,10,1
201305EE04604,1,21,1,7,0,8,0,0,0,0,4,1,1,1,8,12777,2,2,-1,-1
201305EE04604,2,9,0,18,0,8,0,0,0,0,1,1,6,1,6,1299,1,12,1,1
201305EE04612,1,8,0,18,0,1,0,7,0,0,1,1,1,1,-1,2402,2,8,-1,-1
201305EE04620,1,19,0,18,0,8,0,0,0,0,1,1,6,1,-1,1870,2,8,-1,-1
201305EE04620,2,9,0,18,0,8,0,0,0,0,4,1,6,2,9,1242,1,4,1,1
201305EE04621,1,1,0,18,0,0,0,0,0,0,0,1,6,1,7,-1,-1,-1,1,1
201305EE04622,1,9,0,9,0,8,0,0,0,0,4,1,6,2,10,1299,1,11,1,1
201305EE04622,2,5,0,18,0,8,0,0,0,0,1,1,6,1,5,1157,1,15,1,1
201305EE04623,1,9,0,18,0,1,0,0,0,0,1,1,6,1,-1,1598,2,-1,-1,-1
201305EE04623,2,9,0,18,0,1,0,0,0,0,2,1,2,1,8,1242,1,7,1,1
201305EE04624,1,11,0,9,0,8,0,0,0,0,4,1,1,1,8,6871,2,4,1,1
201305EE04626,1,9,0,1,0,0,0,0,0,0,2,1,1,1,6,1582,2,1,-1,-1
201305EE04627,1,9,0,16,0,0,1,11,1,11,1,1,6,1,5,1995,2,8,3,1
201305EE04628,1,11,0,18,0,2,0,0,0,0,0,1,1,1,5,6871,2,4,2,1
201305EE04628,2,8,0,18,0,2,0,0,0,0,0,1,1,1,8,2664,2,15,1,1
201305EE04633,1,9,0,4,0,1,0,0,0,0,1,1,6,1,5,1388,1,10,2,1
201305EE04633,2,9,0,3,0,1,0,0,0,0,2,1,6,1,8,1560,2,3,1,1
201305EE04646,1,9,0,18,0,0,0,0,0,0,1,1,6,3,-1,-1,-1,-1,-1,-1
201305EE04655,1,9,0,18,0,0,0,0,0,0,0,1,1,1,7,2993,2,1,2,1
201305EE04655,2,9,0,18,0,0,0,0,2,10,4,1,6,1,6,2148,2,4,4,1
201305EE04662,1,9,0,18,0,0,0,0,0,0,3,1,6,1,9,1560,2,6,4,1
201305EE04662,2,1,0,18,0,0,0,0,0,0,1,1,6,1,6,-1,-1,-1,1,1
201305EE04675,1,9,0,9,0,2,0,0,0,0,1,1,6,1,-1,-1,-1,-1,-1,-1
201305EE04675,2,1,0,18,0,1,0,0,0,0,1,1,6,1,11,-1,-1,-1,2,1
201305EE04678,1,9,0,3,0,1,0,0,0,0,1,1,6,1,-1,-1,-1,-1,-1,-1
201305EE04678,2,3,3,3,0,1,0,0,0,0,2,1,2,1,8,124,1,14,8,1
201305EE04683,1,9,0,5,0,1,0,0,0,0,3,1,2,1,9,1149,1,8,1,1
201305EE04683,2,1,0,18,0,8,0,0,0,0,1,1,2,1,6,-1,-1,-1,-1,-1
201305EE04692,1,1,0,18,0,1,0,0,0,0,3,1,6,1,5,-1,-1,-1,1,1
201305EE04692,2,11,0,18,0,8,0,0,0,0,4,1,1,1,7,3900,2,7,1,1
201305EE04698,1,9,0,9,0,2,0,0,0,0,1,1,6,1,5,1997,2,6,5,1
201305EE04698,2,1,0,18,0,1,0,0,0,0,4,1,6,1,5,-1,-1,-1,3,1
201305EE04706,1,9,0,9,0,2,0,0,0,0,4,1,6,2,7,998,1,10,-1,-1
201305EE04706,2,9,0,9,0,2,0,0,0,0,4,1,6,2,7,1796,1,12,1,1
201305EE04707,1,9,0,18,0,1,0,0,1,0,3,1,6,1,8,1998,1,10,2,1
201305EE04707,2,9,0,9,0,6,0,0,0,0,1,1,6,1,-1,-1,-1,-1,-1,-1
201305EE04716,1,8,0,5,0,0,0,0,0,0,4,1,2,1,9,2696,2,8,1,1
201305EE04719,1,9,0,9,0,1,0,0,0,0,1,1,2,2,7,1364,1,5,2,1
201305EE04729,1,19,0,12,0,1,0,0,0,0,1,1,6,1,-1,1998,2,8,-1,-1
201305EE04729,2,9,0,18,0,8,0,0,0,0,2,1,6,1,7,2967,2,5,1,1
201305EE04730,1,9,0,9,0,6,0,0,0,0,4,1,6,2,6,1229,1,6,10,2
201305EE04730,2,2,0,18,0,8,0,0,0,0,1,1,6,1,4,50,1,2,1,1
201305EE04734,1,9,0,9,0,6,0,0,0,0,3,1,2,1,6,1598,1,7,4,1
201305EE04734,2,1,0,18,0,1,0,0,0,0,1,1,2,1,9,-1,-1,-1,3,1
201305EE04753,1,1,0,18,0,1,0,0,0,0,1,1,2,2,6,-1,-1,-1,1,1
201305EE04763,1,19,0,5,0,1,0,0,0,0,0,1,1,1,5,2198,2,-1,1,1
201305EE04763,2,8,0,18,0,1,0,0,6,0,1,1,2,1,6,1997,2,5,1,1
201305EE04763,3,9,0,18,0,1,0,0,0,0,3,1,6,2,6,1598,2,-1,1,1
201305EE04763,4,8,0,18,0,1,0,0,0,0,2,1,3,1,8,2402,2,7,3,1
201305EE04775,1,9,0,18,0,0,0,10,0,0,1,1,6,3,-1,-1,-1,-1,-1,-1
201305EE04776,1,9,0,3,0,1,0,0,0,0,2,1,2,2,8,1596,1,3,4,2
201305EE04776,2,8,0,18,0,1,0,0,0,0,1,1,1,1,8,1997,2,-1,6,1
201305EE04787,1,9,0,18,0,1,0,0,0,0,3,1,6,2,6,1686,2,3,1,1
201305EE04787,2,9,0,18,0,1,0,0,0,0,1,1,6,2,6,1360,1,7,1,1
201305EE04791,1,9,0,9,0,1,0,0,0,0,4,1,6,1,-1,1242,1,6,-1,-1
201305EE04791,2,3,0,18,0,1,0,0,0,0,1,1,6,1,4,124,1,-1,1,1
201305EE04794,1,9,0,9,0,8,0,0,0,0,4,1,6,1,8,1973,1,14,1,1
201305EE04794,2,8,0,18,0,8,0,0,0,0,1,1,6,1,6,1700,2,4,2,1
201305EE04799,1,8,0,18,0,0,0,0,0,0,1,1,1,1,5,2664,2,14,5,1
201305EE04805,1,9,0,18,0,1,0,0,0,0,1,1,6,1,7,1986,2,6,9,1
201305EE04814,1,8,0,18,0,1,0,0,0,0,3,1,1,1,-1,-1,-1,-1,-1,-1
201305EE04815,1,9,0,18,0,0,0,0,0,0,1,1,6,1,10,1388,1,5,2,1
201305EE04815,2,9,0,2,0,0,0,0,0,0,1,1,6,2,9,1461,2,2,-1,-1
201305EE04815,3,9,0,2,0,0,0,0,0,0,1,1,6,1,10,1997,2,3,-1,-1
201305EE04821,1,9,0,7,0,4,0,0,0,0,1,1,6,1,-1,-1,-1,-1,-1,-1
201305EE04821,2,1,0,18,0,8,0,0,0,0,4,1,6,1,4,-1,-1,-1,5,1
201305EE04824,1,9,0,18,0,2,0,0,0,0,1,1,6,3,-1,2495,2,18,-1,-1
201305EE04824,2,9,0,7,0,1,0,0,0,0,4,1,1,1,6,1998,2,7,4,1
201305EE04825,1,9,0,18,0,8,0,0,0,0,3,1,2,1,7,1796,1,7,1,1
201305EE04825,2,9,0,18,0,8,0,0,0,0,1,1,2,2,6,998,1,5,3,1
201305EE04835,1,9,0,18,0,0,0,0,0,0,1,1,6,1,6,1199,1,13,2,1
201305EE04839,1,3,0,18,0,1,2,0,0,0,1,1,6,1,7,125,1,1,1,1
201305EE04839,2,19,0,3,0,1,0,0,0,0,2,1,1,1,8,2198,2,-1,1,1
201305EE04840,1,9,0,18,0,0,0,0,0,0,1,1,6,1,8,1389,1,12,1,1
201305EE04854,1,9,0,18,0,8,0,0,0,0,1,1,6,1,7,1598,1,7,1,1
201305EE04854,2,9,0,9,0,8,0,0,0,0,4,1,6,2,9,1396,1,11,3,1
201305EE04860,1,9,0,18,0,0,0,0,0,0,4,1,6,2,8,995,1,1,-1,-1
201305EE04861,1,1,0,18,0,2,0,0,0,0,4,1,6,1,8,-1,-1,-1,1,1
201305EE04861,2,9,0,8,0,1,0,0,0,0,1,1,6,2,8,1596,1,7,1,1
201305EE04867,1,9,0,7,0,1,0,0,0,0,1,1,2,1,11,-1,-1,-1,7,1
201305EE04867,2,1,0,18,0,1,0,0,0,0,4,1,2,2,8,-1,-1,-1,1,1
201305EE04880,1,9,0,3,0,1,0,0,0,0,3,1,6,2,5,1248,2,8,-1,-1
201305EE04880,2,9,0,18,0,8,0,0,0,0,1,1,1,1,6,1392,1,16,1,1
201305EE04882,1,9,0,18,0,1,0,0,0,0,1,1,6,2,6,1149,1,4,-1,-1
201305EE04882,2,9,0,3,0,1,1,0,0,0,2,1,6,2,5,1149,1,13,5,1
201305EE04884,1,9,0,18,0,2,0,0,0,0,1,1,6,1,5,1598,1,9,1,1
201305EE04884,2,9,0,4,0,2,0,0,0,0,2,1,6,1,5,1124,1,7,-1,1
201305EE04884,3,9,0,18,0,2,0,0,0,0,2,1,6,2,6,1968,2,-1,1,1
201305EE04887,1,9,0,18,0,2,0,0,0,0,1,1,1,1,4,1910,2,7,1,1
201305EE04887,2,9,0,3,0,2,0,0,0,0,2,1,6,1,5,1975,1,8,6,1
201305EE04890,1,9,0,18,0,0,0,0,0,0,1,1,6,1,6,1388,1,11,1,1
201305EE04890,2,9,0,3,0,0,0,0,0,0,2,1,6,2,5,1368,1,5,1,1
201305EE04890,3,9,0,3,0,0,0,0,0,0,2,1,6,1,6,1248,2,5,1,1
201305EE04903,1,9,0,18,0,0,0,0,0,0,1,1,2,1,7,2793,1,14,4,1
201305EE04916,1,9,0,1,0,1,0,0,0,0,2,1,6,1,-1,-1,-1,-1,-1,-1
201305EE04926,1,9,0,4,0,1,0,0,0,0,4,1,6,1,7,1956,2,2,1,1
201305EE04926,2,8,0,12,0,1,0,0,0,0,3,1,6,1,-1,1910,2,6,-1,-1
201305EE04929,1,8,0,7,0,2,0,0,0,0,3,1,1,1,9,2664,2,12,2,1
201305EE04929,2,8,0,18,0,8,0,0,0,0,1,1,1,1,7,2402,2,11,1,1
201305EE04930,1,9,0,1,0,0,0,0,0,0,2,1,6,1,-1,1596,1,1,-1,-1
201305EE04930,2,9,0,18,0,0,0,0,0,0,1,1,2,1,8,1995,2,8,1,1
201305EE04956,1,9,0,18,0,8,0,0,0,0,1,1,6,1,6,-1,-1,-1,1,1
201305EE04968,1,9,0,3,0,1,0,0,0,0,3,1,6,2,9,1360,1,14,4,1
201305EE04968,2,9,0,7,0,1,0,0,0,0,4,1,6,1,-1,1587,1,10,-1,-1
201305EE04977,1,11,0,18,0,0,0,0,0,0,0,1,1,1,8,-1,2,13,1,1
201305EE04983,1,9,0,9,0,6,0,0,0,0,3,1,2,1,8,1339,1,6,7,1
201305EE04983,2,1,0,18,0,8,0,0,0,0,1,1,2,1,7,-1,-1,-1,1,1
201305EE04992,1,9,0,9,0,5,0,0,0,0,1,1,6,1,5,1229,1,5,1,1
201305EE05004,1,9,0,18,0,1,0,0,0,0,4,1,6,1,8,1896,2,7,1,1
201305EE05004,2,9,0,18,0,1,0,0,0,0,3,1,6,3,-1,-1,-1,-1,-1,-1
201305EE05017,1,9,0,9,0,8,0,0,0,0,1,1,2,1,6,1389,1,12,2,1
201305EE05022,1,1,0,18,0,0,0,0,0,0,1,1,2,1,9,-1,-1,-1,5,1
201305EE05022,2,9,0,2,0,0,0,0,0,0,4,1,2,1,6,1587,1,10,2,1
201305EE05036,1,11,0,18,0,8,0,0,0,0,1,1,1,1,9,5900,2,7,4,1
201305EE05041,1,9,0,18,0,1,0,0,0,0,1,1,1,1,-1,-1,-1,-1,-1,-1
201305EE05043,1,9,0,18,0,0,1,0,1,5,4,1,6,1,6,1229,1,2,1,1
201305EE05049,1,9,0,4,0,1,0,0,0,0,1,1,6,2,5,1390,1,8,7,1
201305EE05049,2,9,0,3,0,1,0,0,0,0,2,1,6,1,8,-1,-1,-1,7,1
201305EE05049,3,9,0,3,0,1,0,0,0,0,2,1,6,1,8,1598,1,6,5,1
201305EE05062,1,9,0,18,0,2,0,0,0,0,1,1,6,1,6,998,1,-1,1,1
201305EE05062,2,9,0,18,0,2,0,0,0,0,1,1,6,1,6,3100,2,18,2,1
201305EE05064,1,1,0,18,0,1,0,0,0,0,1,1,6,1,3,-1,-1,-1,4,1
201305EE05064,2,8,0,9,0,8,0,0,0,0,3,1,1,1,7,2402,2,9,-1,-1
201305EE05076,1,9,0,16,0,2,0,0,1,10,1,1,2,1,6,1364,1,7,1,1
201305EE05076,2,9,0,16,0,2,0,0,0,0,1,1,2,1,7,1360,1,11,-1,-1
201305EE05080,1,9,0,18,0,0,0,0,0,0,1,1,6,2,8,1242,1,-1,5,1
201305EE05094,1,9,0,9,0,0,0,0,0,0,1,1,6,2,5,1388,1,3,-1,-1
201305EE05094,2,9,0,9,0,0,0,0,0,0,3,1,6,1,6,1598,1,10,1,1
201305EE05099,1,9,0,18,0,1,0,0,7,10,1,1,6,1,6,1796,1,7,2,1
201305EE05099,2,9,0,10,0,1,0,0,7,10,2,1,6,1,6,1299,1,12,-1,-1
201305EE05114,1,9,0,18,0,8,0,0,0,0,1,1,1,1,8,1997,2,3,3,1
201305EE05126,1,9,0,18,0,1,0,0,0,0,3,1,6,2,5,1796,1,8,9,1
201305EE05126,2,9,0,11,0,1,0,0,0,0,1,1,6,1,-1,3222,2,9,-1,-1
201305EE05127,1,8,0,18,0,0,0,0,0,0,4,1,1,1,8,2499,2,4,-1,-1
201305EE05129,1,9,0,9,0,8,0,0,1,1,4,1,6,1,8,2393,1,9,6,1
201305EE05129,2,9,0,18,0,8,0,0,0,0,1,1,6,2,8,-1,-1,-1,3,1
201305EE05131,1,9,0,18,0,1,0,0,0,0,1,1,6,1,5,2143,2,1,8,1
201305EE05131,2,4,0,18,0,1,0,0,0,0,3,1,6,1,8,124,1,2,1,1
201305EE05141,1,9,0,18,0,8,0,0,0,0,1,1,6,2,7,-1,-1,-1,-1,-1
201305EE05141,2,1,0,18,0,8,0,0,0,0,2,1,6,1,4,-1,-1,-1,2,1
201305EE05142,1,9,0,18,0,5,0,0,0,0,1,1,6,2,-1,1398,1,-1,-1,-1
201305EE05167,1,9,0,18,0,6,0,0,0,0,1,1,1,1,10,1997,1,15,7,2
201305EE05167,2,8,0,18,0,1,0,0,1,0,3,1,1,1,8,2402,2,9,7,1
201305EE05174,1,9,0,18,0,1,0,0,0,0,1,1,1,2,9,1242,1,13,7,1
201305EE05179,1,9,0,18,0,4,0,0,0,0,1,1,6,2,-1,-1,-1,-1,-1,-1
201305EE05184,1,9,0,18,0,0,0,0,0,0,3,1,6,1,9,1339,1,1,-1,-1
201305EE05193,1,9,0,18,0,1,0,0,0,0,1,1,6,2,6,1242,1,5,-1,-1
201305EE05203,1,9,0,9,0,8,0,0,0,0,1,1,6,1,6,1388,1,9,1,1
201305EE05205,1,9,0,18,0,0,1,0,0,0,1,1,3,1,9,1598,1,13,2,1
201305EE05205,2,9,0,3,0,0,0,0,0,0,2,1,2,2,6,-1,-1,-1,4,2
201305EE05206,1,19,0,9,0,8,0,0,0,0,4,1,1,1,7,1753,2,4,1,1