Accident_Index,Vehicle_Reference,Vehicle_Type,Towing_and_Articulation,Vehicle_Manoeuvre,Vehicle_Location-Restricted_Lane,Junction_Location,Skidding_and_Overturning,Hit_Object_in_Carriageway,Vehicle_Leaving_Carriageway,Hit_Object_off_Carriageway,1st_Point_of_Impact,Was_Vehicle_Left_Hand_Drive?,Journey_Purpose_of_Driver,Sex_of_Driver,Age_Band_of_Driver,Engine_Capacity_(CC),Propulsion_Code,Age_of_Vehicle,Driver_IMD_Decile,Driver_Home_Area_Type
201305FF02339,3,9,0,2,0,0,0,0,0,0,1,1,6,1,-1,1198,1,8,-1,-1
201305FF02339,4,9,0,2,0,0,0,0,0,0,3,1,6,1,-1,998,1,2,-1,-1
201305FF02355,1,9,0,18,0,2,0,0,0,0,4,1,6,2,6,-1,-1,-1,1,1
201305FF02356,1,9,0,18,0,2,0,0,0,0,1,1,6,1,6,2720,2,8,6,1
201305FF02360,1,9,0,18,0,1,0,0,0,0,0,1,6,1,7,2993,2,2,-1,-1
201305FF02360,2,9,0,18,0,1,0,0,0,0,1,1,6,1,4,1596,1,1,1,1
201305FF02360,3,9,0,3,0,1,0,0,0,0,2,1,6,1,8,1596,1,9,1,1
201305FF02377,1,11,0,18,0,1,0,0,0,0,0,1,1,1,6,9600,2,12,1,1
201305FF02388,1,9,0,18,0,8,0,0,0,0,3,1,6,1,6,-1,-1,-1,2,1
201305FF02388,2,9,0,9,0,8,0,0,0,0,1,1,6,2,5,1598,1,10,3,1
201305FF02403,1,9,0,9,0,6,0,0,0,0,1,1,6,1,9,1998,2,6,1,1
201305FF02403,2,9,0,18,0,8,0,0,0,0,4,1,6,2,6,1396,1,15,1,1
201305FF02446,1,9,0,2,0,1,0,0,0,0,3,1,6,1,9,1198,1,10,10,1
201305FF02446,2,1,0,18,0,1,0,0,0,0,1,1,6,1,7,-1,-1,-1,2,1
201305FF02451,1,9,0,7,0,6,0,0,0,0,3,1,6,1,7,2720,2,5,2,1
201305FF02451,2,1,0,18,0,8,0,0,0,0,4,1,2,1,6,-1,-1,-1,1,1
201305FF02460,1,9,0,18,0,0,0,0,0,0,1,1,6,1,8,1299,1,11,2,1
201305FF02463,1,9,0,18,0,1,0,0,0,0,1,1,6,1,4,1242,1,10,1,1
201305FF02463,2,9,0,18,0,1,0,0,0,0,2,1,6,1,7,1598,1,3,1,1
201305FF02463,3,9,0,3,0,1,0,0,0,0,2,1,6,1,7,1753,2,6,1,1
201305FF02478,1,9,0,11,0,0,0,0,1,11,1,1,6,1,4,1198,1,6,8,1
201305FF02485,1,9,0,18,0,1,0,0,0,0,1,1,6,1,7,1794,1,10,4,1
201305FF02528,1,9,0,4,0,8,0,0,0,0,1,1,6,2,4,-1,-1,-1,3,1
201305FF02528,2,9,0,9,0,8,0,0,0,0,4,1,6,2,7,139,1,10,1,1
201305FF02533,1,11,0,18,0,1,0,0,0,0,4,1,1,1,-1,-1,-1,-1,-1,-1
201305FF02533,2,1,0,18,0,1,0,0,0,0,3,1,6,1,8,-1,-1,-1,6,1
201305FF02552,1,9,0,3,0,0,0,0,0,0,2,1,1,1,7,1422,2,7,1,1
201305FF02552,2,9,0,5,0,0,0,0,0,0,1,1,1,2,7,1598,2,1,3,1
201305FF02555,1,9,0,18,0,8,0,0,0,0,3,1,6,1,5,1910,2,5,1,1
201305FF02555,2,9,0,9,0,8,0,0,0,0,1,1,6,1,8,3456,8,7,7,3
201305FF02564,1,19,0,18,0,8,0,0,0,0,1,1,6,1,6,1248,2,7,9,1
201305FF02576,1,19,0,18,0,8,0,0,0,0,4,1,1,1,8,-1,-1,-1,1,1
201305FF02576,2,3,0,18,0,8,2,0,0,0,1,1,2,1,6,124,1,4,1,1
201305FF02587,1,9,0,18,0,1,0,0,0,0,4,1,6,1,5,1753,2,3,1,1
201305FF02598,1,9,0,9,0,1,0,0,0,0,1,1,6,1,7,1905,2,15,1,1
201305FF02598,2,1,0,18,0,1,1,0,0,0,1,1,6,2,5,-1,-1,-1,5,1
201305FF02623,1,9,0,3,0,1,0,0,0,0,2,1,3,2,7,1229,1,8,-1,-1
201305FF02623,2,9,0,18,0,1,0,0,0,0,1,1,6,2,10,1296,1,6,9,1
201305FF02656,1,9,0,18,0,1,0,0,0,0,1,1,6,1,6,1998,2,10,1,1
201305FF02656,2,3,0,18,0,1,0,0,0,0,1,1,6,1,9,124,1,3,3,1
201305FF02656,3,9,0,18,0,1,0,0,0,0,1,1,6,1,7,2993,2,4,2,1
201305FF02666,1,9,0,18,0,1,0,0,0,0,1,1,6,1,10,1341,1,8,2,1
201305FF02678,1,9,0,4,0,8,0,0,0,0,2,1,6,2,8,1598,1,5,6,1
201305FF02678,2,9,0,18,0,8,0,0,0,0,1,1,6,1,-1,1984,1,12,-1,-1
201305FF02680,1,9,0,18,0,1,0,0,0,0,1,1,6,2,5,1560,2,1,4,2
201305FF02685,1,9,0,18,0,0,0,0,0,0,3,1,6,1,5,1229,1,7,1,1
201305FF02695,1,9,0,18,0,8,0,0,0,0,3,1,6,1,5,1596,1,4,-1,-1
201305FF02695,2,11,0,18,0,8,0,0,0,0,1,1,1,1,9,5900,2,7,1,1
201305FF02708,1,19,0,18,0,0,0,0,0,0,1,1,6,1,6,1995,1,19,3,1
201305FF02708,2,9,0,3,0,0,0,0,0,0,0,1,2,1,7,1400,2,6,10,1
201305FF02715,1,9,0,1,0,1,0,0,0,0,2,1,1,1,7,-1,-1,-1,-1,-1
201305FF02715,2,9,0,2,0,1,0,0,0,0,1,1,1,1,7,-1,-1,-1,-1,-1
201305FF02719,1,9,0,9,0,1,0,0,0,0,4,1,6,1,8,1299,1,6,-1,-1
201305FF02719,2,1,0,18,0,1,0,0,0,0,1,1,6,1,6,-1,-1,-1,3,1
201305FF02723,1,9,0,18,0,0,0,0,0,0,3,1,6,1,9,1242,1,10,1,1
201305FF02725,1,9,0,18,0,8,5,0,1,5,3,1,6,1,5,1910,2,5,2,1
201305FF02725,2,9,0,18,0,8,0,0,0,0,1,1,6,1,10,1596,1,-1,3,1
201305FF02768,1,19,0,7,0,8,0,0,0,0,1,1,1,1,8,1686,2,10,1,1
201305FF02768,2,5,0,18,0,8,0,0,0,0,1,1,2,1,7,600,1,12,4,1
201305FF02784,1,9,0,18,0,0,0,8,0,0,4,1,6,1,9,1598,1,2,6,1
201305FF02784,2,19,0,2,0,0,0,0,0,0,4,1,1,1,5,2800,2,11,1,1
201305FF02787,1,9,0,9,0,1,0,0,0,0,0,1,1,1,6,2993,2,2,2,1
201305FF02787,2,19,0,9,0,1,0,0,7,11,3,1,6,1,6,1968,2,1,-1,-1
201305FF02787,3,9,0,2,0,1,0,0,0,0,4,1,6,1,6,1596,1,12,-1,-1
201305FF02788,1,9,0,9,0,5,0,0,0,0,4,1,6,1,5,1998,2,6,1,1
201305FF02807,1,19,0,18,0,0,0,0,0,0,1,1,1,1,7,1753,2,7,2,1
201305FF02807,2,9,0,3,0,0,0,0,0,0,2,1,6,1,7,1995,2,11,4,1
201305FF02807,3,9,0,3,0,0,0,0,0,0,2,1,6,1,9,1781,1,11,5,1
201305FF02807,4,9,0,18,0,0,0,0,0,0,1,1,6,1,9,1997,2,1,8,1
201305FF02844,1,9,0,7,0,8,0,0,0,0,1,1,6,2,6,1149,1,10,7,1
201305FF02844,2,9,0,18,0,8,0,0,0,0,4,1,6,2,5,1390,1,13,1,1
201305FF02909,1,97,0,18,0,8,0,0,0,0,1,1,6,1,6,-1,-1,-1,2,1
201305FF02909,2,9,0,9,0,8,0,0,0,0,3,1,6,1,7,1598,1,16,7,1
201305FF02925,1,9,0,18,0,0,0,0,8,4,1,1,6,2,8,1149,1,10,3,1
201305FF02930,1,9,0,18,0,8,0,0,0,0,1,1,6,2,9,1870,2,9,-1,-1
201305FF02930,2,9,0,18,0,8,0,0,0,0,4,1,6,2,8,1405,1,9,7,1
201305FF02936,1,9,0,5,0,1,0,0,0,0,1,1,6,1,5,1242,1,7,3,1
201305FF02936,2,9,0,5,0,1,0,0,0,0,2,2,6,2,8,998,1,7,3,1
201305FF02953,1,9,0,18,0,8,0,0,0,0,3,1,6,2,5,1229,1,6,8,1
201305FF02953,2,9,0,18,0,8,0,0,0,0,1,1,6,2,10,2000,1,18,2,1
201305FF02962,1,9,0,9,0,8,0,0,0,0,1,1,6,2,6,1598,1,6,4,1
201305FF02962,2,1,0,18,0,8,0,0,0,0,4,1,6,1,4,-1,-1,-1,4,1
201305FF02967,1,9,0,18,0,0,0,0,0,0,1,1,6,1,-1,-1,-1,-1,-1,-1
201305FF02968,1,9,0,18,0,2,0,0,0,0,4,1,6,1,8,1587,1,12,1,1
201305FF02968,2,9,0,18,0,1,0,0,0,0,3,1,6,3,-1,-1,-1,-1,-1,-1
201305FF02971,1,9,0,14,0,0,0,0,0,0,4,1,6,1,9,1598,1,8,6,1
201305FF02972,1,9,0,5,0,8,0,0,0,0,3,1,6,2,7,1598,1,9,2,1
201305FF02972,2,9,0,18,0,8,0,0,0,0,1,1,6,2,8,-1,-1,-1,1,1
201305FF02986,1,9,0,4,0,1,0,0,0,0,2,1,1,1,9,-1,-1,-1,3,1
201305FF02986,2,9,0,18,0,1,0,0,0,0,1,1,2,1,8,1597,1,4,3,1
201305FF03024,1,9,0,9,0,8,0,0,0,0,4,1,6,1,5,998,1,12,1,1
201305FF03024,2,8,0,18,0,8,0,0,0,0,3,1,1,1,9,2664,2,12,2,1
201305FF03033,1,9,0,9,0,2,0,0,1,2,4,1,6,1,10,-1,-1,-1,1,1
201305FF03039,1,1,0,18,0,1,0,0,0,0,4,1,2,1,7,-1,-1,-1,1,1
201305FF03039,2,8,0,12,0,1,0,0,0,0,3,1,1,3,-1,-1,-1,-1,-1,-1
201305FF03056,1,9,0,7,0,0,0,0,0,0,4,1,6,1,7,1896,2,5,7,1
201305FF03056,2,1,0,18,0,0,0,0,0,0,1,1,6,1,6,-1,-1,-1,9,1
201305FF03080,1,8,0,9,0,8,0,0,0,0,1,1,6,1,6,1686,2,5,4,1
201305FF03092,1,9,0,10,0,8,0,0,0,0,1,1,1,1,8,1248,2,2,8,1
201305FF03092,2,9,0,9,0,8,0,0,0,0,3,1,1,1,-1,-1,-1,-1,-1,-1
201305FF03098,1,9,0,18,0,8,0,0,0,0,1,1,6,1,-1,-1,-1,-1,-1,-1
201305FF03147,1,9,0,18,0,8,0,0,0,0,1,1,6,1,5,1390,1,6,1,1
201305FF03147,2,9,0,10,0,8,0,0,0,0,2,1,6,2,6,1339,1,6,5,1
201305FF03153,1,9,0,18,0,2,0,0,0,0,4,1,6,1,6,1248,1,1,1,1
201305FF03153,2,9,0,5,0,1,0,0,0,0,1,1,6,3,-1,1587,1,19,-1,-1
201305FF03158,1,1,0,18,0,1,0,0,0,0,1,1,6,1,6,-1,-1,-1,5,1
201305FF03158,2,9,0,7,0,2,0,0,0,0,1,1,6,1,9,2180,2,16,6,1
201305FF03163,1,9,0,18,0,1,0,0,0,0,1,1,6,1,6,1968,2,7,1,1
201305FF03163,2,9,0,18,0,2,0,0,0,0,1,1,6,2,9,1242,1,5,3,1
201305FF03163,3,9,0,2,0,1,0,0,0,0,3,1,6,2,9,1598,1,8,9,1
201305FF03163,4,9,0,2,0,1,0,0,0,0,2,1,6,2,7,1896,2,12,4,1
201305FF03188,1,9,0,18,0,1,0,0,0,0,1,1,6,3,-1,-1,-1,-1,-1,-1
201305FF03193,1,9,0,18,0,8,0,0,0,0,2,1,6,2,6,1910,2,4,-1,-1
201305FF03193,2,9,0,18,0,8,0,0,0,0,1,1,6,1,6,1560,2,-1,-1,-1
201305FF03224,1,9,0,18,0,6,0,0,1,0,3,1,6,1,6,1360,1,8,2,1
201305FF03224,2,9,0,18,0,8,0,0,0,0,1,1,6,1,5,1596,1,9,5,1
201305FF03248,1,9,0,5,0,2,0,0,0,0,3,1,6,2,5,998,1,-1,6,1
201305FF03248,2,9,0,13,0,8,0,0,0,0,1,1,2,1,9,1390,1,4,9,1
201305FF03252,1,9,0,18,0,0,0,0,0,0,3,1,6,1,4,1686,2,8,2,1
201305FF03274,1,9,0,13,0,0,0,0,0,0,0,1,6,1,6,1995,2,1,-1,-1
201305FF03274,2,10,0,4,0,0,0,7,0,0,1,1,6,1,7,-1,-1,-1,1,1
201305FF03274,3,9,0,4,0,0,0,0,0,0,0,1,6,3,-1,-1,-1,-1,-1,-1
201305FF03281,1,9,0,18,0,0,0,0,0,0,4,1,6,2,11,1388,1,9,8,1
201305FF03290,1,9,0,9,0,8,0,0,0,0,1,1,6,1,4,1242,1,10,4,1
201305FF03290,2,9,0,18,0,8,0,0,0,0,3,1,6,1,6,1984,1,6,8,1
201305FF03290,3,9,0,18,0,8,0,0,0,0,3,1,1,1,7,-1,-1,-1,4,1
201305FF03292,1,9,0,18,0,1,0,0,0,0,1,1,6,2,5,1197,1,1,1,1
201305FF03298,1,9,0,18,0,8,0,0,0,0,1,1,6,1,6,1360,1,1,7,1
201305FF03298,2,9,0,18,0,8,0,0,0,0,3,1,1,1,7,1461,2,6,1,1
201305FF03298,3,9,0,3,0,1,0,0,0,0,1,1,6,2,5,1242,1,2,1,1
201305FF03308,1,9,0,18,0,1,0,0,0,0,1,1,1,1,8,1910,2,6,9,1
201305FF03308,2,9,0,18,0,8,0,0,0,0,4,1,6,2,9,1388,1,10,1,1
201305FF03333,1,9,0,9,0,8,0,0,0,0,1,1,6,3,-1,1596,1,12,-1,-1
201305FF03333,2,8,0,18,0,8,0,0,0,0,3,1,1,1,8,-1,-1,-1,1,1
201305FF03345,1,9,0,9,0,8,0,0,0,0,1,1,6,1,4,1388,1,9,4,1
201305FF03345,2,9,0,18,0,8,5,0,1,1,3,1,6,2,6,1598,1,14,1,1
201305FF03350,1,9,0,11,0,8,0,0,0,0,3,1,6,2,4,-1,-1,-1,8,1
201305FF03350,2,1,0,7,0,8,5,0,0,0,4,1,6,2,6,-1,-1,-1,1,1
201305FF03353,1,9,0,4,0,1,0,0,0,0,1,1,6,1,8,1986,2,6,2,1
201305FF03353,2,9,0,4,0,1,0,0,0,0,1,1,6,1,8,1968,2,8,7,1
201305FF03354,1,11,0,4,0,1,0,0,0,0,0,1,1,1,6,6692,2,2,1,1
201305FF03357,1,9,0,18,0,8,0,0,0,0,3,1,6,1,6,1248,2,8,4,1
201305FF03357,2,9,0,18,0,8,0,0,0,0,1,1,6,1,8,1242,1,7,4,1
201305FF03363,1,9,0,18,0,8,0,0,0,0,4,1,6,1,6,-1,-1,-1,1,1
201305FF03363,2,9,0,18,0,8,0,0,0,0,3,1,6,1,7,1910,2,5,8,1
201305FF03363,3,9,0,2,0,1,0,0,0,0,1,1,6,1,8,1840,1,14,7,1
201305FF03377,1,9,0,9,0,8,0,0,0,0,1,1,6,2,5,2179,2,2,6,1
201305FF03377,2,9,0,18,0,8,0,0,0,0,3,1,6,1,7,1598,1,10,2,1
201305FF03389,1,9,0,18,0,8,0,0,0,0,3,1,6,1,7,1798,1,6,5,1
201305FF03389,2,9,0,9,0,8,0,0,0,0,4,1,6,1,-1,1198,1,-1,-1,-1
201305FF03404,1,9,0,5,0,8,0,0,0,0,1,1,6,1,6,1850,1,13,6,1
201305FF03404,2,9,0,18,0,8,0,0,0,0,3,1,6,1,9,1364,1,5,-1,-1
201305FF03417,1,21,0,18,0,8,0,0,0,0,1,1,1,1,7,12900,2,3,10,2
201305FF03417,2,9,0,3,0,1,0,0,0,0,2,1,6,1,8,1461,2,2,3,1
201305FF03425,1,8,0,18,0,0,0,0,0,0,0,1,1,1,10,1997,2,6,6,1
201305FF03425,2,9,0,18,0,0,0,0,0,0,0,1,6,1,-1,-1,-1,-1,-1,-1
201305FF03453,1,9,0,1,0,1,0,0,0,0,2,1,6,3,-1,-1,-1,-1,-1,-1
201305FF03453,2,9,0,2,0,1,0,0,0,0,1,1,6,2,11,1296,1,6,7,1
201305FF03486,1,9,0,18,0,1,0,0,0,0,3,1,6,1,4,1329,1,-1,5,1
201305FF03486,2,9,0,18,0,2,0,0,0,0,3,1,6,1,10,1598,1,4,6,1
201305FF03488,1,9,0,9,0,5,0,0,0,0,1,1,6,2,8,1229,1,7,6,1
201305FF03488,2,9,0,18,0,8,0,0,0,0,3,1,6,1,9,5998,1,6,2,1
201305FF03518,1,9,0,9,0,8,0,0,0,0,4,1,6,1,5,1242,1,7,1,1
201305FF03518,2,9,0,9,0,8,0,0,0,0,3,1,6,1,8,1998,2,10,1,1
201305FF03521,1,9,0,9,0,2,0,0,0,0,4,1,6,1,4,1560,2,2,1,1
201305FF03541,1,5,0,16,0,0,0,0,7,3,1,1,6,1,8,599,1,10,1,1
201305FF03552,1,9,0,5,0,1,0,0,0,0,1,1,6,1,6,1997,2,3,1,1
201305FF03559,1,9,0,5,0,1,0,0,0,0,2,1,6,1,7,1968,2,2,4,1
201305FF03559,2,1,0,3,0,1,0,0,0,0,2,1,6,1,5,-1,-1,-1,-1,-1
201305FF03565,1,9,0,11,0,1,0,0,0,0,4,1,6,1,-1,1896,2,8,5,1
201305FF03565,2,1,0,18,0,1,0,0,0,0,3,1,6,1,5,-1,-1,-1,9,1
201305FF03572,1,9,0,9,0,8,0,0,0,0,4,1,1,1,6,-1,-1,-1,2,1
201305FF03573,1,9,0,18,0,8,0,0,0,0,1,1,6,3,-1,2967,2,-1,-1,-1
201305FF03573,2,9,0,9,0,8,0,0,0,0,4,1,6,2,8,1598,1,5,7,1
201305FF03578,1,9,0,5,0,8,0,0,0,0,1,1,6,1,6,1968,2,4,2,1
201305FF03578,2,9,0,9,0,8,0,0,0,0,3,1,6,1,7,1796,1,13,1,1
201305FF03581,1,9,0,9,0,8,0,0,0,0,1,1,6,2,8,1796,1,10,1,1
201305FF03605,1,9,0,18,0,1,0,0,0,0,2,1,6,2,6,1997,2,1,6,1
201305FF03605,2,9,0,18,0,1,0,0,0,0,1,1,6,1,-1,-1,-1,-1,-1,-1
201305FF03606,1,9,0,18,0,0,0,0,0,0,1,1,6,2,8,1598,1,3,4,1
201305FF03616,1,9,0,9,0,8,0,0,0,0,3,1,1,1,6,2000,2,8,3,1
201305FF03616,2,9,0,18,0,1,0,0,0,0,1,1,2,1,6,1896,2,9,1,1
201305FF03629,1,9,0,9,0,5,0,0,0,0,2,1,6,2,6,1598,1,5,2,1
201305FF03629,2,3,0,18,0,1,5,0,0,0,1,1,6,1,4,124,1,3,1,1
201305FF03630,1,9,0,9,0,6,0,0,0,0,1,1,3,1,7,998,1,-1,1,1
201305FF03630,2,9,0,18,0,8,0,0,0,0,1,1,6,2,7,2616,1,7,1,1
201305FF03638,1,9,0,7,0,1,0,0,0,0,4,1,6,2,11,1242,1,2,1,1
201305FF03638,2,1,0,18,4,1,0,0,0,0,1,1,6,1,4,-1,-1,-1,3,1
201305FF03665,1,1,0,18,0,0,0,0,0,0,3,1,6,1,8,-1,-1,-1,2,1
201305FF03665,2,3,0,18,0,0,0,0,0,0,1,1,6,1,4,-1,-1,-1,-1,-1
201305FF03676,1,9,0,6,0,8,0,0,0,0,1,1,6,2,5,1590,1,9,3,1
201305FF03676,2,9,0,18,0,8,0,0,0,0,3,1,6,1,10,1388,1,10,5,1
201305FF03701,1,9,0,1,0,2,0,0,0,0,2,1,6,1,-1,-1,-1,-1,-1,-1
201305FF03719,1,9,0,5,0,0,0,0,0,0,4,1,6,2,8,1242,1,6,-1,-1
201305FF03719,2,1,0,18,0,0,0,0,0,0,3,1,6,1,1,-1,-1,-1,-1,-1
201305FF03721,1,9,0,18,0,8,1,0,0,0,1,1,2,1,6,1995,2,2,2,1
201305FF03721,2,9,0,9,0,1,0,0,0,0,0,1,6,3,-1,-1,-1,-1,-1,-1
201305FF03721,3,9,0,9,0,1,1,0,0,0,1,1,6,1,4,1560,2,4,-1,-1
201305FF03726,1,9,0,18,0,8,0,0,0,0,1,1,6,1,10,1896,1,19,3,1
201305FF03726,2,9,0,5,0,8,0,0,0,0,3,1,6,1,10,2995,1,7,-1,-1
201305FF03756,1,9,0,18,0,2,0,0,0,0,1,1,6,1,-1,-1,-1,-1,-1,-1
201305FF03756,2,1,0,18,0,2,0,0,0,0,2,1,6,1,5,-1,-1,-1,4,1
201305FF03776,1,8,0,18,0,8,0,0,0,0,0,1,6,1,8,2402,2,11,-1,-1
201305FF03776,2,11,0,4,0,8,0,0,0,0,0,1,6,1,8,6692,2,2,1,1
201305FF03778,1,9,0,5,0,8,0,0,0,0,4,1,6,1,9,1398,1,2,6,1
201305FF03778,2,1,0,18,0,8,0,0,0,0,1,1,6,1,8,-1,-1,-1,1,1
201305FF03787,1,9,0,18,0,1,0,0,0,0,1,1,6,1,6,2179,2,-1,9,1
201305FF03787,2,9,0,2,0,2,0,0,0,0,2,1,6,2,8,1198,1,9,4,1
201305FF03787,3,9,0,2,0,1,0,0,0,0,1,1,6,2,11,998,1,4,4,1
201305FF03787,4,19,0,2,0,1,0,0,0,0,1,1,6,1,11,-1,-1,-1,4,1
201305FF03838,1,19,0,9,0,8,0,0,0,0,1,1,6,1,9,1686,2,10,1,1
201305FF03838,2,1,0,18,0,1,0,0,0,0,1,1,6,1,6,-1,-1,-1,8,1
201305FF03846,1,9,0,18,0,0,0,0,0,0,1,1,6,1,7,1686,2,9,3,1
201305FF03846,2,9,0,2,0,0,0,0,0,0,2,1,6,1,5,-1,-1,-1,1,1
201305FF03868,1,9,0,18,0,1,0,0,0,0,1,1,6,1,10,1299,1,11,6,1
201305FF03868,2,9,0,2,0,1,0,0,0,0,2,1,6,2,-1,1598,1,2,-1,-1
201305FF03885,1,9,0,1,0,0,0,0,7,10,2,1,6,1,10,-1,-1,-1,4,1
201305FF03911,1,9,0,18,0,8,0,0,0,0,3,1,6,2,8,1399,2,6,3,1
201305FF03911,2,19,0,7,0,8,0,0,0,0,4,1,6,1,9,2402,2,9,1,1
201305FF03919,1,9,0,16,0,8,0,0,7,11,1,1,6,1,6,1968,2,6,6,1
201305FF03923,1,9,0,5,0,8,0,0,0,0,4,1,6,2,4,1149,1,8,-1,-1
201305FF03923,2,9,0,18,0,8,0,0,0,0,3,1,6,1,7,1560,2,2,4,1
201305FF03930,1,9,0,18,0,0,0,0,0,0,1,1,6,1,6,1968,2,-1,2,1
201305FF03944,1,8,0,18,0,0,0,0,0,0,1,1,1,3,-1,1896,2,7,-1,-1
201305FF03944,2,9,0,18,0,0,0,0,0,0,2,1,6,3,-1,-1,-1,-1,-1,-1
201305FF03956,1,1,0,18,0,0,0,4,0,0,4,1,2,1,7,-1,-1,-1,7,1
201305FF03956,2,19,0,2,0,0,0,0,0,0,3,1,6,1,-1,1461,2,3,-1,-1
201305FF03958,1,9,0,9,0,0,0,0,0,0,4,1,6,1,11,-1,-1,-1,4,1
201305FF03958,2,11,0,18,0,0,0,0,0,0,1,1,1,1,8,3900,2,7,1,1
201305FF03959,1,9,0,18,0,8,0,0,0,0,1,1,6,2,6,1388,1,6,2,1
201305FF03959,2,9,0,6,0,8,0,0,0,0,1,1,6,3,-1,-1,-1,-1,-1,-1
201305FF03971,1,9,0,18,0,8,0,0,0,0,1,1,6,1,9,996,1,1,7,1
201305FF03971,2,1,0,9,0,8,0,0,0,0,4,1,6,1,3,-1,-1,-1,3,1
201305FF03972,1,3,0,18,0,8,1,0,0,0,3,1,6,1,-1,-1,-1,-1,-1,-1
201305FF03972,2,9,0,18,0,8,0,0,0,0,1,1,6,1,5,1995,2,6,3,1
201305FF03991,1,9,0,18,0,2,0,0,0,0,1,1,6,1,6,1390,1,16,3,1
201305FF03991,2,9,0,4,0,2,0,0,0,0,2,1,6,1,5,1461,2,1,1,1
201305FF04001,1,1,0,18,0,6,0,0,0,0,3,1,6,1,3,-1,-1,-1,-1,-1
201305FF04001,2,9,0,18,0,8,0,0,0,0,4,1,6,1,6,1850,1,12,7,1
201305FF04018,1,9,0,5,0,8,0,0,0,0,1,1,6,2,8,1388,1,12,2,1
201305FF04018,2,9,0,18,0,8,0,0,0,0,3,1,6,2,6,1388,1,7,1,1
201305FF04036,1,9,0,18,0,8,0,0,0,0,1,1,6,1,5,3175,1,9,1,1
201305FF04036,2,9,0,18,0,8,5,0,7,0,4,1,6,2,7,1461,2,3,1,1
201305FF04052,1,9,0,18,0,1,0,0,0,0,1,1,6,2,4,1242,1,1,7,1
201305FF04052,2,9,0,3,0,1,0,0,0,0,2,1,6,1,9,1956,2,2,1,1
201305FF04052,3,9,0,3,0,1,0,0,0,0,2,1,6,1,7,-1,-1,-1,1,1
201305FF04066,1,9,0,4,0,1,0,0,0,0,2,1,6,1,5,2495,2,18,1,1
201305FF04066,2,9,0,18,0,1,0,0,0,0,1,1,6,1,6,1798,1,5,5,1
201305FF04079,1,9,0,12,0,1,0,0,0,0,1,1,6,2,9,1242,1,6,2,1
201305FF04089,1,9,0,9,0,8,0,0,0,0,1,1,6,2,-1,1364,1,6,-1,-1
201305FF04091,1,9,0,18,0,8,0,0,0,0,1,1,6,2,9,2400,2,3,1,1
201305FF04091,2,9,0,18,0,8,0,0,0,0,1,1,6,1,6,2148,2,5,6,1
201305FF04095,1,9,0,18,0,8,0,0,0,0,1,1,6,1,7,1968,1,8,2,1
201305FF04095,2,9,0,4,0,8,0,0,0,0,2,1,6,1,9,1149,1,10,7,1
201305FF04099,1,9,0,18,0,1,0,0,0,0,1,1,6,1,8,1399,2,7,1,1
201305FF04099,2,9,0,3,0,1,0,0,0,0,2,1,6,2,8,-1,-1,-1,6,1
201305FF04099,3,9,0,3,0,1,0,0,0,0,2,1,6,1,8,1119,1,20,1,1
201305FF04099,4,9,0,3,0,1,0,0,0,0,2,1,6,1,7,1796,1,3,-1,-1
201305FF04110,1,9,0,17,0,0,0,0,0,0,4,1,6,3,-1,-1,-1,-1,-1,-1
201305FF04110,2,9,0,17,0,0,0,0,0,0,0,1,6,3,-1,-1,-1,-1,-1,-1
201305FF04112,1,9,0,4,0,1,0,0,0,0,1,1,6,1,6,1956,2,3,-1,-1
201305FF04112,2,9,0,10,0,1,0,0,0,0,2,1,6,1,6,1956,2,2,4,1
201305FF04114,1,9,0,5,0,6,1,10,4,0,3,1,6,2,8,1870,2,8,1,1
201305FF04114,2,9,0,18,0,8,0,0,0,0,1,1,6,2,8,1753,2,2,5,1
201305FF04118,1,9,0,18,0,8,0,0,0,0,1,1,6,1,4,1598,1,1,1,1
201305FF04122,1,1,0,18,0,0,0,0,0,0,3,1,6,1,8,-1,-1,-1,7,1
201305FF04122,2,11,0,18,0,0,0,0,0,0,4,1,1,1,-1,-1,-1,-1,-1,-1
201305FF04132,1,9,0,9,0,2,0,0,0,0,3,1,1,1,8,1753,2,10,4,1
201305FF04148,1,9,0,18,0,8,0,0,0,0,4,1,6,1,8,1998,1,12,7,1
201305FF04167,1,9,0,18,0,8,0,0,0,0,1,1,6,1,5,1198,1,-1,2,1
201305FF04167,2,1,0,18,0,8,0,0,0,0,4,1,6,1,5,-1,-1,-1,1,1
201305FF04181,1,9,0,7,0,2,0,0,0,0,3,1,6,1,6,1997,2,2,2,1
201305FF04181,2,1,0,18,0,2,0,0,0,0,1,1,6,2,6,-1,-1,-1,6,1
201305FF04185,1,9,0,9,0,0,0,0,0,0,4,1,6,2,6,1596,1,-1,2,1
201305FF04185,2,9,0,18,0,0,0,0,0,0,1,1,1,1,6,2231,2,6,7,1
201305FF04197,1,9,0,1,0,1,0,0,0,0,2,1,6,3,-1,-1,-1,-1,-1,-1
201305FF04205,1,9,0,9,0,8,0,0,0,0,4,1,6,3,-1,-1,-1,-1,-1,-1
201305FF04205,2,9,0,18,0,8,0,0,0,0,3,1,6,1,10,1086,1,6,1,1
201305FF04215,1,9,0,18,0,8,0,0,0,0,4,1,6,1,11,-1,-1,-1,1,1
201305FF04215,2,9,0,18,0,8,0,0,0,0,3,1,6,2,9,2499,2,11,3,1
201305FF04226,1,9,0,18,0,1,0,0,0,0,3,1,6,1,6,2143,2,1,3,1
201305FF04226,2,9,0,18,0,1,0,0,0,0,3,1,6,2,6,1242,1,13,4,1
201305FF04240,1,9,0,9,0,8,0,0,0,0,3,1,6,1,4,1560,2,-1,6,1
201305FF04240,2,9,0,13,0,8,0,0,7,11,4,1,6,1,4,1595,1,7,7,1
201305FF04242,1,9,0,18,0,8,0,0,1,0,1,1,6,1,5,998,1,3,3,1