Accident_Index,Vehicle_Reference,Vehicle_Type,Towing_and_Articulation,Vehicle_Manoeuvre,Vehicle_Location-Restricted_Lane,Junction_Location,Skidding_and_Overturning,Hit_Object_in_Carriageway,Vehicle_Leaving_Carriageway,Hit_Object_off_Carriageway,1st_Point_of_Impact,Was_Vehicle_Left_Hand_Drive?,Journey_Purpose_of_Driver,Sex_of_Driver,Age_Band_of_Driver,Engine_Capacity_(CC),Propulsion_Code,Age_of_Vehicle,Driver_IMD_Decile,Driver_Home_Area_Type
201305FF04242,2,9,0,18,0,8,2,0,1,0,1,1,6,1,10,1995,2,2,7,1
201305FF04246,1,11,0,18,0,8,0,0,0,0,1,1,1,1,9,5883,2,9,10,1
201305FF04246,2,9,0,18,0,8,0,0,0,0,4,1,6,1,7,-1,-1,-1,1,1
201305FF04258,1,9,0,8,0,0,0,0,0,0,0,1,6,2,6,1689,2,10,5,1
201305FF04258,2,1,0,18,0,0,0,0,0,0,0,1,6,1,8,-1,-1,-1,1,1
201305FF04265,1,9,0,18,0,8,0,0,0,0,1,1,6,2,8,-1,-1,-1,3,1
201305FF04265,2,9,0,18,0,8,0,0,0,0,3,1,6,1,6,2400,2,5,1,1
201305FF04265,3,9,0,18,0,8,0,0,0,0,3,1,6,1,8,-1,-1,-1,1,1
201305FF04272,1,9,0,18,0,8,0,0,0,0,1,1,6,2,6,1349,1,4,6,1
201305FF04272,2,9,0,18,0,8,0,0,0,0,4,1,6,1,8,1560,2,6,1,1
201305FF04272,3,9,0,18,0,8,0,0,0,0,1,1,6,2,7,1599,1,9,5,1
201305FF04292,1,9,0,18,0,8,0,0,0,0,3,1,6,2,11,1596,1,6,8,1
201305FF04292,2,10,0,18,0,8,0,0,0,0,1,1,6,1,7,-1,-1,-1,6,1
201305FF04292,3,19,0,3,0,8,0,0,0,0,1,1,6,1,8,-1,-1,-1,1,1
201305FF04295,1,9,0,9,0,6,0,0,0,0,3,1,6,1,5,1598,1,8,1,1
201305FF04295,2,9,0,18,0,8,0,0,0,0,1,1,2,2,7,1242,1,11,3,1
201305FF04309,1,9,0,18,0,0,0,0,0,0,1,1,6,1,7,2148,2,8,6,1
201305FF04316,1,9,0,5,0,8,0,0,0,0,1,1,6,1,-1,2180,2,19,-1,-1
201305FF04316,2,1,0,18,0,8,0,0,0,0,4,1,6,1,6,-1,-1,-1,2,1
201305FF04322,1,9,0,9,0,8,0,0,0,0,4,1,6,1,10,1339,1,10,4,1
201305FF04322,2,1,0,18,0,8,0,0,0,0,1,1,6,1,8,-1,-1,-1,4,1
201305FF04336,1,9,0,3,0,0,0,0,0,0,2,1,6,1,8,1595,1,3,8,1
201305FF04336,2,9,0,18,0,0,0,0,0,0,1,1,6,3,-1,1596,1,6,-1,-1
201305FF04337,1,1,0,18,0,8,0,0,0,0,1,1,6,1,3,-1,-1,-1,1,1
201305FF04337,2,9,0,18,0,8,0,0,0,0,4,1,6,1,8,1560,2,4,2,1
201305FF04352,1,9,0,6,0,0,0,0,0,0,3,1,6,1,11,1124,1,6,3,1
201305FF04352,2,1,0,18,0,0,0,0,0,0,1,1,6,1,9,-1,-1,-1,-1,-1
201305FF04387,1,9,0,18,0,8,0,0,0,0,1,1,6,2,11,1198,1,4,2,1
201305FF04387,2,9,0,18,0,8,0,0,0,0,3,1,6,2,8,1598,2,2,6,1
201305FF04387,3,9,0,3,0,1,0,0,0,0,3,1,6,1,9,-1,-1,-1,4,1
201305FF04391,1,9,0,2,0,1,0,0,0,0,3,1,6,1,7,-1,-1,-1,-1,-1
201305FF04391,2,1,0,18,0,1,0,0,0,0,4,1,6,1,9,-1,-1,-1,1,1
201305FF04391,3,1,0,18,0,1,0,0,0,0,1,1,6,1,7,-1,-1,-1,6,1
201305FF04401,1,9,0,18,0,4,0,0,0,0,2,1,6,2,6,2204,2,5,7,2
201305FF04416,1,1,0,18,0,1,0,0,0,0,2,1,6,1,4,-1,-1,-1,1,1
201305FF04416,2,9,0,18,0,1,0,0,0,0,1,1,6,3,-1,-1,-1,-1,-1,-1
201305FF04431,1,9,0,3,0,1,0,0,0,0,2,1,6,1,-1,1598,1,2,9,1
201305FF04431,2,9,0,3,0,1,0,0,0,0,2,1,6,2,7,1339,1,-1,2,1
201305FF04431,3,9,0,18,0,1,0,0,0,0,2,1,6,3,-1,-1,-1,-1,-1,-1
201305FF04443,1,9,0,18,0,1,0,0,0,0,1,1,6,3,-1,-1,-1,-1,-1,-1
201305FF04443,2,9,0,3,0,1,0,0,0,0,2,1,6,2,6,1396,1,12,4,1
201305FF04453,1,11,0,4,0,1,0,0,0,0,0,1,1,1,6,6692,2,2,5,1
201305FF04456,1,9,0,5,0,8,0,0,0,0,3,1,6,2,10,1388,1,9,2,1
201305FF04456,2,1,0,18,0,8,0,0,0,0,1,1,6,1,10,-1,-1,-1,-1,-1
201305FF04463,1,9,0,18,0,0,0,0,0,0,1,1,6,1,5,1229,1,5,4,1
201305FF04463,2,9,0,18,0,0,0,0,0,0,0,1,1,1,6,1796,1,9,2,1
201305FF04463,3,9,0,3,0,0,0,0,0,0,3,1,6,1,11,1799,1,9,5,1
201305FF04463,4,9,0,3,0,0,0,0,0,0,3,1,6,1,6,1388,1,9,5,1
201305FF04517,1,9,0,13,0,8,0,0,7,11,4,1,6,1,11,-1,-1,-1,6,1
201305FF04517,2,9,0,9,0,8,0,0,0,0,3,1,6,1,6,-1,-1,-1,3,1
201305FF04525,1,9,0,18,0,0,0,0,0,0,1,1,6,1,9,1582,2,-1,-1,-1
201305FF04525,2,9,0,18,0,0,0,0,0,0,4,1,6,1,6,995,1,10,4,1
201305FF04530,1,9,0,5,0,1,0,0,0,0,2,1,6,2,7,1242,1,15,1,1
201305FF04530,2,1,0,18,0,1,0,0,0,0,1,1,6,1,6,-1,-1,-1,-1,-1
201305FF04531,1,9,0,5,0,8,0,0,0,0,1,1,6,1,7,-1,-1,-1,1,1
201305FF04531,2,1,0,18,0,8,0,0,0,0,1,1,6,1,6,-1,-1,-1,3,1
201305FF04535,1,9,0,18,0,1,0,0,0,0,1,1,6,1,9,-1,-1,-1,1,1
201305FF04564,1,9,0,18,0,8,0,0,0,0,2,1,6,1,7,-1,-1,-1,3,3
201305FF04564,2,11,0,18,0,8,0,0,0,0,1,1,1,1,7,-1,2,12,1,1
201305FF04568,1,9,0,9,0,8,0,0,0,0,4,1,6,2,7,-1,-1,-1,-1,-1
201305FF04568,2,9,0,18,0,8,0,0,0,0,1,1,6,1,9,998,1,15,2,1
201305FF04596,1,9,0,3,0,1,0,0,0,0,2,1,6,1,10,1598,1,2,10,1
201305FF04596,2,9,0,18,0,1,0,0,0,0,1,1,6,2,-1,1229,1,3,-1,-1
201305FF04658,1,9,0,7,0,6,0,0,0,0,2,1,2,1,5,1596,1,5,2,1
201305FF04658,2,1,0,18,0,8,0,0,0,0,1,1,6,1,7,-1,-1,-1,6,1
201305FF04663,1,21,1,18,0,1,0,0,0,0,3,1,6,1,6,-1,2,11,1,1
201305FF04663,2,16,0,18,0,1,0,0,0,0,0,1,6,2,5,-1,-1,-1,1,1
201305FF04666,1,9,0,18,0,8,0,0,0,0,4,1,6,1,6,1796,1,-1,2,1
201305FF04666,2,9,0,5,0,8,0,0,0,0,3,1,6,1,6,1598,1,-1,4,1
201305FF04684,1,9,0,9,0,2,0,0,0,0,1,1,6,3,-1,1598,1,14,-1,-1
201305FF04684,2,9,0,3,0,2,0,0,0,0,2,1,6,2,5,1229,1,4,2,1
201305FF04699,1,9,0,9,0,8,0,0,0,0,4,1,6,1,11,1598,1,6,1,1
201305FF04699,2,1,0,18,0,8,0,0,0,0,1,1,6,1,4,-1,-1,-1,7,1
201305FF04722,1,9,0,18,0,1,0,0,0,0,1,1,6,1,-1,1598,1,8,-1,-1
201305FF04722,2,9,0,3,0,1,0,0,0,0,2,1,6,1,7,1598,1,8,8,1
201305FF04731,1,9,0,18,0,8,0,0,0,0,1,1,6,2,5,998,1,7,1,1
201305FF04731,2,9,0,18,0,8,0,0,0,0,4,1,6,2,5,998,1,15,-1,-1
201305FF04743,1,1,0,7,0,8,0,0,0,0,2,1,6,2,8,-1,-1,-1,4,1
201305FF04743,2,9,0,18,0,8,0,0,0,0,1,1,6,2,-1,1149,1,5,-1,-1
201305FF04749,1,9,0,18,0,8,1,0,0,0,3,1,6,2,6,1596,1,11,6,1
201305FF04749,2,9,0,18,0,8,0,0,0,0,1,1,6,2,6,1392,1,18,1,1
201305FF04749,3,9,0,18,0,8,0,0,1,0,1,1,6,2,8,1198,1,9,6,1
201305FF04749,4,9,0,18,0,8,0,0,0,0,0,1,6,1,6,1796,1,6,3,1
201305FF04754,1,9,0,18,0,0,0,0,0,0,1,1,6,1,9,1596,1,12,1,1
201305FF04756,1,9,0,5,0,8,0,0,0,0,3,1,6,1,10,1798,1,4,1,1
201305FF04756,2,1,0,18,0,8,0,0,0,0,1,1,6,1,6,-1,-1,-1,2,1
201305FF04758,1,3,0,18,0,0,0,0,0,0,1,1,6,1,6,125,1,1,1,1
201305FF04758,2,9,0,18,0,0,0,0,0,0,2,1,6,1,4,1968,2,-1,6,1
201305FF04765,1,9,0,18,0,0,0,0,0,0,1,1,6,1,6,2979,1,10,9,1
201305FF04766,1,5,0,18,0,1,0,0,0,0,1,1,6,1,6,749,1,17,4,1
201305FF04766,2,9,0,3,0,1,0,0,0,0,2,1,6,1,6,1596,1,4,-1,-1
201305FF04768,1,9,0,18,0,8,0,0,0,0,1,1,6,1,7,1587,1,9,1,1
201305FF04784,1,11,0,18,0,0,0,0,0,0,1,1,1,1,7,3900,2,7,-1,-1
201305FF04785,1,9,0,18,0,1,0,0,0,0,1,1,6,1,9,2496,1,10,5,1
201305FF04803,1,9,0,18,0,8,0,0,0,0,4,1,6,1,11,2987,2,3,7,1
201305FF04803,2,9,0,18,0,8,0,0,0,0,1,1,6,2,7,1240,1,3,6,1
201305FF04813,1,9,0,6,0,8,0,0,0,0,4,1,6,1,5,1339,1,2,1,1
201305FF04813,2,9,0,18,0,8,0,0,0,0,1,1,6,1,8,-1,-1,-1,2,1
201305FF04828,1,9,0,7,0,1,0,0,0,0,4,1,6,2,6,-1,-1,-1,-1,-1
201305FF04828,2,1,0,18,0,1,0,0,0,0,3,1,1,1,5,-1,-1,-1,1,1
201305FF04844,1,9,0,5,0,8,0,0,0,0,4,1,6,1,6,1199,1,9,5,1
201305FF04844,2,1,0,18,0,8,0,0,0,0,1,1,6,1,4,-1,-1,-1,5,1
201305FF04855,1,9,0,9,0,1,0,0,0,0,3,1,6,1,6,1299,1,5,6,1
201305FF04855,2,1,0,18,0,1,0,0,0,0,1,1,6,1,6,-1,-1,-1,7,1
201305FF04885,1,9,0,1,0,0,0,0,0,0,2,1,6,3,-1,-1,-1,-1,-1,-1
201305FF04894,1,3,0,18,0,2,0,0,0,0,1,1,1,1,4,124,1,1,1,1
201305FF04898,1,9,0,18,0,8,0,0,0,0,4,1,2,2,6,1242,1,2,7,1
201305FF04898,2,9,0,18,0,8,0,0,0,0,1,1,6,1,7,1753,2,9,2,1
201305FF04899,1,9,0,5,0,8,0,0,0,0,1,1,6,2,9,1149,1,8,2,1
201305FF04899,2,9,0,18,0,8,0,0,0,0,3,1,6,1,6,2188,2,9,6,1
201305FF04900,1,9,0,4,0,0,0,0,0,0,1,1,1,2,7,1560,2,1,6,1
201305FF04900,2,9,0,3,0,0,0,0,0,0,2,1,6,1,7,-1,-1,-1,8,1
201305FF04920,1,9,0,18,0,0,0,0,0,0,1,1,1,1,8,-1,-1,-1,-1,-1
201305FF04920,2,9,0,1,0,0,0,0,0,0,2,1,6,1,6,2148,2,8,1,1
201305FF04920,3,9,0,18,0,0,0,0,0,0,0,1,1,1,8,-1,-1,-1,-1,-1
201305FF04920,4,9,0,18,0,0,0,0,0,0,0,1,1,1,7,-1,-1,-1,-1,-1
201305FF04965,1,19,0,5,0,1,0,0,0,0,1,1,6,3,-1,1686,2,7,-1,-1
201305FF04965,2,9,0,5,0,1,0,0,0,0,2,1,6,1,7,1149,1,11,1,1
201305FF04980,1,9,0,1,0,0,0,0,0,0,2,1,6,1,8,1753,2,15,2,1
201305FF04990,1,9,0,18,0,1,0,0,0,0,1,1,6,2,6,875,1,1,4,1
201305FF04990,2,9,0,3,0,1,0,0,0,0,2,1,6,2,6,1149,1,9,3,1
201305FF05002,1,9,0,18,0,0,0,0,0,0,0,1,6,2,7,1598,1,7,-1,-1
201305FF05016,1,9,0,18,0,8,1,0,0,0,1,1,6,2,6,2993,2,4,6,1
201305FF05016,2,9,0,9,0,8,0,0,0,0,2,1,6,1,6,1587,1,11,4,1
201305FF05020,1,9,0,18,0,0,1,0,0,0,1,1,6,2,6,1997,2,6,6,1
201305FF05020,2,9,0,3,0,0,0,0,0,0,2,1,6,2,6,1796,1,8,6,1
201305FF05020,3,9,0,3,0,0,0,0,0,0,2,1,6,1,8,2993,2,4,7,1
201305FF05037,1,9,0,9,0,8,0,0,0,0,3,1,6,1,6,-1,-1,-1,1,1
201305FF05037,2,3,0,18,0,8,0,0,0,0,1,1,6,1,5,124,1,2,1,1
201305FF05048,1,9,0,18,0,0,0,4,0,0,1,1,6,1,8,3996,1,13,1,1
201305FF05048,2,9,0,2,0,0,0,0,0,0,2,1,6,1,7,-1,-1,-1,1,1
201305FF05058,1,9,0,18,0,0,0,0,0,0,1,1,6,2,8,1248,2,8,4,1
201305FF05061,1,8,0,18,0,1,0,0,0,0,1,1,6,1,8,-1,-1,-1,-1,-1
201305FF05061,2,1,0,10,0,1,0,0,0,0,2,1,6,1,6,-1,-1,-1,1,1
201305FF05086,1,9,0,9,0,0,0,0,0,0,3,1,6,3,-1,1796,1,9,-1,-1
201305FF05086,2,9,0,18,0,0,0,0,0,0,4,1,6,1,6,1598,1,8,-1,-1
201305FF05090,1,8,0,2,0,8,0,0,0,0,0,1,1,1,7,-1,-1,-1,1,1
201305FF05097,1,9,0,18,0,1,0,0,0,0,1,1,6,1,10,-1,-1,-1,4,1
201305FF05097,2,9,0,4,0,1,0,0,0,0,2,1,6,1,6,2993,2,6,1,1
201305FF05113,1,9,0,18,0,8,0,0,0,0,4,1,6,1,9,1997,2,1,3,1
201305FF05113,2,9,0,5,0,8,0,0,0,0,3,1,1,1,8,-1,-1,-1,4,1
201305FF05115,1,9,0,9,0,0,0,0,0,0,3,1,6,1,8,3000,2,13,1,1
201305FF05115,2,9,0,18,0,0,0,0,0,0,4,1,6,1,7,1461,2,3,1,1
201305FF05116,1,9,0,18,0,0,0,0,0,0,1,1,6,2,8,1242,1,1,4,1
201305FF05116,2,1,0,18,0,0,0,0,0,0,2,1,6,1,3,-1,-1,-1,1,1
201305FF05132,1,9,0,18,0,8,0,0,0,0,1,1,6,1,7,1596,1,-1,1,1
201305FF05132,2,9,0,18,0,8,0,0,0,0,1,2,6,2,6,1124,1,6,9,1
201305FF05138,1,9,0,5,0,6,0,0,0,0,1,1,6,2,6,1998,1,6,5,1
201305FF05138,2,1,0,18,0,7,0,0,0,0,4,1,2,1,8,-1,-1,-1,8,1
201305FF05144,1,9,0,7,0,1,0,0,0,0,0,1,6,1,6,2993,2,1,2,1
201305FF05144,2,9,0,7,0,8,1,10,0,0,3,1,6,1,7,1781,1,10,1,1
201305FF05144,3,9,0,2,0,2,0,0,0,0,3,1,6,2,8,1984,1,1,9,1
201305FF05155,1,9,0,18,0,0,0,0,0,0,1,1,6,2,7,1596,1,14,1,1
201305FF05160,1,9,0,18,0,8,0,0,0,0,1,1,6,1,7,1242,1,10,1,1
201305FF05160,2,9,0,5,0,8,0,0,0,0,1,1,6,1,-1,2967,2,6,-1,-1
201305FF05164,1,8,0,5,0,1,0,0,0,0,1,1,1,1,6,2402,2,7,6,1
201305FF05164,2,90,0,7,0,4,0,0,0,0,2,1,1,1,8,2299,2,2,2,1
201305FF05169,1,9,0,7,0,8,0,0,0,0,3,1,2,1,8,1598,1,5,1,1
201305FF05169,2,1,0,18,0,8,0,0,0,0,1,1,2,1,5,-1,-1,-1,1,1
201305FF05201,1,9,0,5,0,8,1,0,7,1,3,1,6,2,6,1796,1,8,1,1
201305FF05201,2,9,0,18,0,8,0,0,0,0,2,1,6,1,9,2499,2,9,2,1
201305FF05201,3,9,0,18,0,8,0,0,0,0,1,1,6,2,6,1197,1,2,5,1
201305FF05202,1,9,0,9,0,2,0,0,0,0,1,1,6,2,10,1399,2,7,5,1
201305FF05275,1,1,0,18,0,2,0,0,0,0,3,1,6,1,7,-1,-1,-1,4,1
201305FF05275,2,11,0,18,0,2,0,0,0,0,4,1,1,3,-1,-1,-1,-1,-1,-1
201305FF05278,1,11,0,5,0,2,0,0,0,0,0,1,1,1,6,5900,2,7,1,1
201305FF05325,1,9,0,18,0,0,0,0,0,0,1,1,6,2,8,1596,1,10,-1,1
201305FF05332,1,1,0,18,0,8,0,0,0,0,3,1,6,2,7,-1,-1,-1,1,1
201305FF05332,2,9,0,9,0,8,0,0,0,0,1,1,6,2,8,1598,1,5,1,1
201305FF05345,1,9,0,9,0,6,0,0,0,0,3,1,6,1,7,1299,1,9,1,1
201305FF05345,2,1,0,18,0,1,0,0,0,0,1,1,6,1,5,-1,-1,-1,-1,-1
201305FF05348,1,9,0,6,0,8,0,0,0,0,4,1,6,2,6,1198,1,7,9,1
201305FF05373,1,21,1,18,0,2,0,0,0,0,3,1,1,1,9,11946,2,3,8,1
201305FF05376,1,9,0,7,0,6,0,0,0,0,3,1,6,1,-1,-1,-1,-1,-1,-1
201305FF05376,2,1,0,18,0,8,0,0,0,0,4,1,6,1,5,-1,-1,-1,2,1
201305FF05381,1,9,0,6,0,0,0,0,0,0,3,1,1,1,6,3222,2,9,1,1
201305FF05381,2,9,0,18,0,0,0,0,0,0,1,1,6,2,4,1598,2,2,-1,-1
201305FF05397,1,3,0,18,0,2,2,0,0,0,3,1,6,1,5,125,1,1,1,1
201305FF05398,1,9,0,1,0,1,0,7,0,0,3,1,6,1,8,1229,1,4,2,1
201305FF05405,1,9,0,9,0,6,0,0,0,0,4,1,6,2,8,1396,1,13,2,1
201305FF05405,2,9,0,18,0,1,0,0,0,0,1,1,6,2,6,1598,1,10,7,1
201305FF05433,1,9,0,18,0,1,0,0,0,0,1,1,6,1,6,1461,2,2,1,1
201305FF05439,1,9,0,18,0,0,0,0,0,0,3,1,1,2,6,1396,1,10,3,1
201305FF05447,1,9,0,9,0,8,0,0,0,0,1,1,6,1,7,1199,1,13,3,1
201305FF05447,2,3,0,18,0,8,0,0,0,0,1,1,6,1,5,124,1,1,2,1
201305FF05448,1,9,0,18,0,2,0,0,0,0,1,1,6,1,10,1796,1,13,1,1
201305FF05455,1,9,0,9,0,8,0,0,0,0,2,1,6,1,8,1497,1,9,3,1
201305FF05470,1,9,0,18,0,8,0,0,0,0,1,1,6,1,6,-1,-1,-1,6,1
201305FF05470,2,9,0,18,0,8,0,0,3,11,4,1,6,2,8,1242,1,5,5,1
201305FF05510,1,9,0,18,0,0,0,0,0,0,4,1,3,2,7,1398,2,10,2,1
201305FF05516,1,9,0,4,0,1,0,0,0,0,1,1,6,1,-1,-1,-1,-1,-1,-1
201305FF05516,2,9,0,4,0,1,0,0,0,0,2,1,6,2,-1,-1,-1,-1,-1,-1
201305FF05516,3,9,0,4,0,1,0,0,0,0,2,1,6,1,-1,-1,-1,-1,-1,-1
201305FF05531,1,9,0,9,0,6,0,0,0,0,1,1,3,2,7,1198,1,7,6,1
201305FF05531,2,1,0,18,0,1,0,0,0,0,4,1,6,1,7,-1,-1,-1,4,1
201305FF05534,1,8,0,9,0,5,0,0,0,0,1,1,1,1,-1,1896,2,3,-1,-1
201305FF05541,1,9,0,18,0,0,0,0,0,0,1,1,1,2,6,1781,1,7,1,1
201305FF05560,1,9,0,9,0,8,0,0,0,0,4,1,6,2,9,1999,1,2,2,1
201305FF05560,2,9,0,18,0,8,0,0,0,0,1,1,6,1,10,-1,-1,-1,3,1
201305FF05573,1,8,0,18,0,8,0,0,0,0,4,1,6,1,6,2402,2,11,4,1
201305FF05573,2,9,0,9,0,8,0,0,0,0,1,1,6,1,7,1910,2,6,2,1
201305FF05575,1,9,0,18,0,1,0,0,0,0,1,1,1,1,4,1242,1,5,4,1
201305FF05575,2,9,0,18,0,6,0,0,0,0,3,1,6,1,-1,-1,-1,-1,-1,-1
201305FF05581,1,19,0,9,0,8,0,0,0,0,3,1,6,1,9,1753,2,2,2,1
201305FF05581,2,11,0,5,0,8,0,0,0,0,1,1,1,1,9,8650,2,12,-1,-1
201305FF05600,1,9,0,18,0,8,0,0,0,0,1,1,6,2,7,1199,1,13,-1,-1
201305FF05600,2,9,0,18,0,8,0,0,0,0,4,1,6,1,6,-1,-1,-1,1,1
201305FF05601,1,9,0,9,0,8,0,0,0,0,4,1,6,2,10,1299,1,11,8,1
201305FF05601,2,9,0,18,0,8,0,0,0,0,1,1,6,1,5,1299,1,11,7,1
201305FF05619,1,9,0,5,0,0,0,0,0,0,3,1,6,1,7,2967,2,1,-1,-1
201305FF05619,2,9,0,18,0,0,0,0,0,0,2,1,6,2,6,1329,1,3,-1,3
201305FF05622,1,9,0,9,0,3,0,0,0,0,1,1,6,2,7,1388,1,6,9,1
201305FF05622,2,8,0,18,0,1,0,0,0,0,3,1,1,1,10,-1,-1,-1,1,1
201305FF05632,1,1,0,18,0,8,0,0,0,0,3,1,6,1,6,-1,-1,-1,1,1
201305FF05632,2,9,0,18,0,1,0,0,0,0,1,1,6,2,6,1796,1,6,4,1
201305FF05661,1,9,0,18,0,0,0,0,0,0,1,1,6,2,5,1299,1,10,2,1
201305FF05661,2,9,0,4,0,0,0,0,0,0,2,1,6,2,8,1995,1,8,3,1
201305FF05669,1,9,0,5,0,8,0,0,0,0,1,1,6,2,8,998,1,-1,-1,1
201305FF05669,2,9,0,18,0,8,0,0,0,0,1,1,6,2,5,1595,1,3,10,1
201305FF05673,1,9,0,18,0,1,0,0,0,0,4,1,6,2,6,1798,1,5,7,1
201305FF05673,2,9,0,9,0,8,0,0,0,0,1,1,6,3,-1,-1,-1,-1,-1,-1
201305FF05699,1,9,0,5,0,0,0,0,0,0,0,1,6,2,6,1598,1,-1,-1,-1
201305FF05699,2,8,0,4,0,0,0,0,0,0,2,1,1,1,9,-1,-1,-1,3,1
201305FF05699,3,9,0,18,0,0,0,0,0,0,1,1,6,1,8,1596,1,10,7,1
201305FF05713,1,9,0,5,0,8,0,0,0,0,1,1,6,1,5,1595,1,3,1,1
201305FF05713,2,9,0,18,0,8,0,0,0,0,1,1,6,2,7,-1,-1,-1,1,1
201305FF05719,1,9,0,9,0,8,0,0,0,0,4,1,6,1,6,1461,2,8,1,1
201305FF05719,2,1,0,18,0,8,0,0,0,0,1,1,6,1,3,-1,-1,-1,-1,-1
201305FF05721,1,9,0,5,0,0,0,0,0,0,4,1,6,2,11,1390,1,10,1,1
201305FF05721,2,9,0,18,0,0,0,0,7,0,1,1,6,2,7,1598,1,11,1,1
201305FF05740,1,9,0,3,0,1,0,0,0,0,2,1,6,1,5,1596,1,4,7,1
201305FF05740,2,9,0,18,0,1,0,0,0,0,1,1,6,3,-1,1400,1,14,-1,-1
201305FF05741,1,4,0,18,0,8,5,10,8,10,1,1,6,1,4,-1,-1,-1,2,1
201305FF05743,1,9,0,9,0,8,0,0,0,0,4,1,6,1,4,-1,-1,-1,8,1
201305FF05743,2,9,0,18,0,8,0,0,0,0,1,1,6,2,5,1197,1,-1,-1,-1
201305FF05762,1,9,0,18,0,6,0,0,0,0,4,1,2,1,5,1560,2,-1,2,1
201305FF05762,2,9,0,18,0,8,0,0,0,0,1,1,1,1,5,2000,2,7,5,1
201305FF05777,1,9,0,18,0,0,0,0,0,0,4,1,6,2,7,1242,1,6,2,1
201305FF05815,1,9,0,18,0,2,0,0,0,0,1,1,6,1,5,1242,1,4,2,1
201305FF05845,1,8,0,13,0,8,0,0,0,0,2,1,6,1,9,1598,2,2,10,1
201305FF05845,2,9,0,18,0,8,0,0,0,0,1,1,6,1,7,1951,2,12,9,2
201305FF05848,1,9,0,18,0,0,0,0,2,4,4,1,6,1,-1,1596,1,10,-1,-1
201306A068795,1,9,0,18,0,8,0,0,0,0,1,1,1,1,6,1781,1,12,-1,1
201306A068795,2,9,0,18,0,8,0,0,0,0,3,1,6,1,8,2143,2,-1,8,1
201306A068911,1,9,0,18,0,8,0,0,0,0,1,1,2,2,7,1790,1,4,9,1
201306A068911,2,8,0,9,0,6,0,0,0,0,1,1,1,1,9,2402,2,8,7,1
201306A068922,1,9,0,7,8,8,1,0,0,0,1,1,1,1,5,1399,2,6,-1,-1
201306A068922,2,19,0,7,0,8,2,0,0,0,2,1,1,1,6,-1,-1,-1,-1,-1
201306A068922,3,9,0,7,0,8,0,0,0,0,0,1,6,1,6,3200,1,5,-1,-1
201306A069047,1,9,0,18,0,8,0,0,0,0,4,1,6,2,6,1598,1,10,8,1
201306A069047,2,9,0,18,0,8,0,0,0,0,1,1,6,2,5,1198,1,2,1,1
201306A069065,1,1,0,18,0,8,0,0,0,0,3,1,2,1,7,-1,-1,-1,-1,-1
201306A069065,2,11,0,9,0,8,0,0,0,0,3,1,1,1,7,7300,2,9,-1,-1
201306A069108,1,9,0,9,0,8,0,0,0,0,1,1,6,1,5,1199,1,11,-1,-1
201306A069108,2,9,0,18,0,8,0,0,0,0,1,1,6,1,8,1794,1,6,7,1
201306A069146,1,9,0,18,0,7,0,0,0,0,1,1,6,1,6,1560,2,7,-1,-1
201306A069146,2,9,0,8,0,7,0,0,0,0,2,1,1,1,8,2204,2,5,7,1
201306A069171,1,9,0,18,0,1,0,0,0,0,0,1,6,3,-1,-1,-1,-1,-1,-1
201306A069171,2,9,0,18,0,1,0,0,7,3,3,1,6,2,9,1598,2,1,1,1
201306A069189,1,9,0,9,0,8,0,0,0,0,1,1,6,1,6,2664,2,14,1,1
201306A069189,2,8,0,18,0,8,0,0,0,0,1,1,1,1,7,2664,2,12,1,1
201306A069287,1,9,0,18,0,1,0,0,0,0,1,2,6,1,6,-1,-1,-1,1,1
201306A069287,2,9,0,3,0,1,0,0,0,0,2,1,6,1,5,-1,-1,-1,4,1
201306A069287,3,9,0,3,0,1,0,0,0,0,2,1,6,1,6,1390,1,2,-1,-1
201306A069294,1,9,0,18,0,8,0,0,0,0,0,1,6,3,-1,-1,-1,-1,-1,-1
201306A069315,1,9,0,18,0,8,0,0,0,0,1,1,6,2,8,2188,2,6,3,1
201306A069368,1,8,0,18,0,6,0,0,0,1,1,1,1,1,7,1686,2,4,1,1
201306A069368,2,9,0,18,0,8,0,0,0,0,4,1,6,1,5,1598,1,11,9,1
201306A069369,1,9,0,18,8,6,0,0,0,0,0,1,6,2,8,-1,-1,-1,1,1
201306A069369,2,3,0,18,0,1,1,0,0,0,3,1,6,2,5,124,1,8,9,1
201306A069387,1,9,0,5,0,1,0,0,0,0,1,1,6,1,8,1388,1,6,6,1
201306A069387,2,9,0,14,0,1,0,0,0,0,1,1,1,1,7,1896,2,10,1,1
201306A069419,1,9,0,18,3,3,0,7,0,0,1,1,6,2,4,1149,1,5,2,1
201306A069440,1,19,0,18,0,0,0,0,0,0,1,1,1,1,5,2198,2,3,2,1
201306A069451,1,9,0,9,0,6,0,0,0,0,1,1,3,1,7,1968,2,2,2,1
201306A069451,2,9,0,18,0,8,0,0,0,0,4,1,3,2,6,995,1,8,2,1
201306A069467,1,9,0,7,0,1,0,0,0,0,2,1,6,3,-1,-1,-1,-1,-1,-1
201306A069467,2,9,0,18,0,8,0,0,0,0,2,1,6,2,7,1998,1,12,1,1
201306A069467,3,9,0,18,0,8,2,0,0,0,1,1,6,2,4,1229,1,6,4,1
201306A069491,1,9,0,18,0,2,0,0,6,0,1,1,6,1,7,1598,1,4,2,1
201306A069491,2,9,0,18,0,1,0,0,0,0,1,1,6,2,8,1896,2,9,8,1
201306A069579,1,11,0,7,0,8,0,0,0,0,1,1,1,1,7,6700,2,4,3,1
201306A069589,1,9,0,9,0,6,0,0,0,0,1,1,6,1,5,1597,1,16,5,1
201306A069589,2,9,0,18,0,8,1,0,0,0,1,1,6,2,6,2148,2,11,1,1