Accident_Index,Vehicle_Reference,Vehicle_Type,Towing_and_Articulation,Vehicle_Manoeuvre,Vehicle_Location-Restricted_Lane,Junction_Location,Skidding_and_Overturning,Hit_Object_in_Carriageway,Vehicle_Leaving_Carriageway,Hit_Object_off_Carriageway,1st_Point_of_Impact,Was_Vehicle_Left_Hand_Drive?,Journey_Purpose_of_Driver,Sex_of_Driver,Age_Band_of_Driver,Engine_Capacity_(CC),Propulsion_Code,Age_of_Vehicle,Driver_IMD_Decile,Driver_Home_Area_Type
201306A069600,1,9,0,18,0,1,0,0,0,0,0,1,1,1,6,-1,-1,-1,2,1
201306A069600,2,11,0,15,0,1,0,0,0,0,0,1,6,1,8,-1,-1,-1,-1,-1
201306A069604,1,9,0,1,0,8,0,0,0,0,2,1,6,1,5,1364,1,8,2,1
201306A069645,1,9,0,18,0,1,0,0,0,0,1,1,6,3,-1,-1,-1,-1,-1,-1
201306A069645,2,90,0,18,0,1,0,0,0,0,2,1,6,1,6,-1,-1,-1,4,1
201306A069656,1,8,0,7,0,1,0,0,0,0,0,1,1,1,9,1968,2,2,4,1
201306A069705,1,9,0,3,0,1,0,0,0,0,1,1,6,1,7,2198,1,6,-1,-1
201306A069747,1,9,0,18,0,1,1,0,0,0,1,1,6,2,4,1560,2,1,7,1
201306A069747,2,9,0,10,0,1,0,0,0,0,2,1,1,1,9,1968,2,9,7,1
201306A069777,1,9,0,18,0,8,0,0,0,0,1,1,6,1,6,1995,1,6,10,1
201306A069777,2,8,0,15,0,8,0,0,0,0,3,1,1,1,8,1753,2,7,1,1
201306A069789,1,9,0,7,0,8,0,0,0,0,1,1,6,2,8,1598,1,3,7,1
201306A069789,2,1,0,18,0,8,5,0,0,0,4,1,1,2,6,-1,-1,-1,2,1
201306A069803,1,9,0,18,0,8,0,0,0,0,1,1,6,1,6,1896,2,13,3,1
201306A069803,2,9,0,18,0,8,0,0,7,0,3,1,6,2,6,1242,1,1,4,1
201306A069854,1,9,0,9,0,8,0,0,0,0,1,1,6,1,7,1984,1,9,1,1
201306A069854,2,1,0,18,0,8,0,0,0,0,4,1,6,1,5,-1,-1,-1,1,1
201306A069952,1,90,0,18,0,1,0,0,0,0,1,1,6,1,6,-1,-1,-1,3,1
201306A069952,2,9,0,18,0,1,0,0,1,10,3,1,2,2,8,1397,1,12,-1,-1
201306A069960,1,3,0,9,1,6,1,0,0,0,0,1,6,1,9,125,1,-1,-1,-1
201306A069971,1,9,0,6,0,0,0,0,0,0,2,1,6,1,6,-1,-1,-1,-1,-1
201306A069983,1,9,0,18,9,8,5,0,1,4,1,1,6,2,6,1598,1,8,8,1
201306A069993,1,9,0,18,0,2,0,0,0,0,1,1,1,1,6,1968,2,6,1,1
201306A070004,1,9,0,18,0,1,0,0,0,0,1,1,6,1,7,-1,-1,-1,1,1
201306A070004,2,9,0,3,0,1,0,0,0,0,2,1,2,2,7,1560,2,5,7,2
201306A070018,1,9,0,18,0,2,0,0,0,0,1,1,6,3,-1,-1,-1,-1,-1,-1
201306A070023,1,9,0,9,0,8,0,0,0,0,1,1,6,2,4,1896,2,8,7,3
201306A070023,2,8,0,18,0,8,0,0,0,0,3,1,6,1,7,1896,2,5,1,1
201306A070029,1,9,0,9,0,8,0,0,0,0,1,1,6,1,9,1896,2,12,1,1
201306A070029,2,4,0,18,0,8,5,0,0,0,1,1,2,1,4,124,1,25,-1,-1
201306A070111,1,9,0,7,0,2,0,0,0,0,4,1,6,3,-1,1984,1,13,-1,-1
201306A070112,1,9,0,18,9,2,0,0,0,0,1,1,6,3,-1,-1,-1,-1,-1,-1
201306A070180,1,9,0,18,0,0,0,0,0,0,4,1,6,1,10,1956,2,3,4,1
201306A070227,1,9,0,9,0,8,0,0,0,0,3,1,6,2,6,1360,1,4,2,1
201306A070227,2,5,0,18,0,8,0,0,0,0,1,1,2,1,5,599,1,16,3,1
201306A070228,1,9,0,9,0,8,0,0,0,0,1,1,6,1,7,1598,1,13,1,1
201306A070228,2,1,0,18,0,6,0,0,0,0,4,1,6,1,5,-1,-1,-1,1,1
201306A070230,1,9,0,18,0,2,1,0,0,0,3,1,6,1,7,1598,1,11,1,1
201306A070230,2,9,0,18,0,1,0,0,0,0,3,1,2,1,9,2999,2,11,7,1
201306A070243,1,4,0,18,0,8,0,0,0,0,1,1,6,1,4,124,1,5,1,1
201306A070243,2,9,0,9,0,6,0,0,0,0,1,1,6,1,6,1461,2,10,2,1
201306A070315,1,9,0,7,0,6,0,0,0,0,1,1,6,1,6,-1,-1,-1,6,1
201306A070398,1,9,0,18,0,8,0,0,0,0,1,1,6,1,8,1339,8,5,5,1
201306A070398,2,1,0,18,0,8,0,0,0,0,3,1,6,1,6,-1,-1,-1,4,1
201306A070404,1,9,0,9,2,8,0,0,0,0,1,1,2,1,8,1596,1,12,5,1
201306A070404,2,1,0,18,2,8,0,0,0,0,4,1,2,1,5,-1,-1,-1,3,1
201306A070458,1,9,0,18,0,1,0,0,0,0,2,1,6,1,-1,1598,1,5,-1,-1
201306A070458,2,9,0,3,0,1,0,0,0,0,2,1,6,2,4,-1,-1,-1,1,1
201306A070538,1,8,0,6,0,1,0,0,0,0,0,1,6,3,-1,-1,-1,-1,-1,-1
201306A070564,1,11,0,4,0,8,0,0,0,5,1,1,1,1,9,-1,-1,-1,2,1
201306A070570,1,9,0,9,0,8,0,0,0,0,1,1,6,2,4,1364,1,8,1,1
201306A070570,2,3,0,18,0,8,0,0,0,0,2,1,6,1,4,125,1,13,1,1
201306A070603,1,9,0,18,0,8,0,0,0,0,1,1,6,3,-1,1149,1,11,-1,-1
201306A070603,2,9,0,18,0,8,0,0,0,0,1,1,6,1,6,1796,1,10,6,1
201306A070613,1,9,0,18,0,8,0,0,0,0,1,1,6,2,4,1398,2,9,5,1
201306A070654,1,9,0,18,0,1,0,0,0,0,1,1,1,1,8,1998,1,5,2,1
201306A070692,1,9,0,18,0,1,0,0,0,0,1,1,6,1,7,995,1,7,2,1
201306A070692,2,9,0,18,0,2,0,0,0,1,4,1,6,2,6,-1,-1,-1,3,1
201306A070745,1,9,0,4,0,1,0,0,0,0,1,1,6,1,6,-1,-1,-1,-1,-1
201306A070745,2,9,0,18,0,1,0,0,0,0,2,1,2,2,7,1968,2,5,1,1
201306A070755,1,19,0,18,0,0,0,0,0,0,3,1,6,3,-1,-1,-1,-1,-1,-1
201306A070755,2,1,0,13,0,0,0,0,0,0,4,1,1,1,6,-1,-1,-1,-1,-1
201306A070804,1,9,0,1,0,1,0,0,0,0,2,1,6,1,6,2324,1,13,-1,-1
201306A070887,1,9,0,14,0,2,0,0,0,0,0,1,3,1,6,1461,2,8,1,1
201306A070887,2,9,0,2,0,2,0,0,0,0,1,1,6,1,6,-1,-1,-1,1,1
201306A070939,1,9,0,1,0,1,0,0,0,0,2,1,6,3,-1,1998,2,9,-1,-1
201306A070962,1,8,0,18,0,0,0,0,0,0,4,1,1,1,6,-1,-1,-1,-1,-1
201306A070972,1,8,0,6,0,1,0,0,0,0,3,1,1,1,6,1896,2,8,4,1
201306A070972,2,8,0,18,0,1,0,0,0,0,1,1,1,1,7,2402,2,10,-1,-1
201306A071049,1,9,0,16,0,0,0,0,0,0,4,1,6,2,8,1799,1,9,1,1
201306A071049,2,90,0,16,0,0,0,0,0,0,3,1,6,1,9,-1,-1,-1,1,1
201306A071056,1,9,0,18,0,2,0,0,0,0,3,1,2,1,8,995,1,10,1,1
201306A071057,1,9,0,4,0,2,0,0,0,0,1,1,6,1,7,1998,2,10,-1,-1
201306A071088,1,9,0,5,0,8,0,0,0,0,1,1,6,2,6,1388,1,9,1,1
201306A071088,2,9,0,18,0,8,0,0,1,0,1,1,6,1,5,1596,1,11,1,1
201306A071113,1,9,0,18,0,8,1,0,0,0,1,1,6,2,7,998,1,1,1,1
201306A071113,2,9,0,18,0,8,0,0,0,0,4,1,6,2,7,1753,2,7,-1,1
201306A071118,1,9,0,18,0,2,0,0,0,0,0,1,6,2,8,1299,1,12,2,1
201306A071158,1,19,0,18,0,0,0,0,0,0,1,1,1,1,7,2148,2,6,-1,-1
201306A071158,2,19,0,18,0,0,0,0,0,0,2,1,1,1,7,2151,2,12,-1,-1
201306A071176,1,9,0,18,0,0,0,0,0,0,1,1,6,2,6,1998,1,10,4,1
201306A071176,2,9,0,3,0,0,0,0,0,0,2,1,6,1,8,1497,1,11,1,1
201306A071182,1,9,0,4,0,1,0,0,0,0,2,1,6,1,9,1995,2,5,3,1
201306A071182,2,9,0,18,0,1,0,0,0,0,2,1,6,1,7,998,1,13,3,1
201306A071198,1,9,0,6,0,1,0,0,0,0,3,1,1,1,5,1388,1,1,2,1
201306A071198,2,8,0,6,0,1,0,0,0,0,3,1,1,1,5,2402,2,7,8,1
201306A071200,1,9,0,9,0,8,0,0,0,0,1,1,1,1,6,-1,-1,-1,-1,-1
201306A071200,2,1,0,18,0,8,0,0,0,0,3,1,1,1,6,-1,-1,-1,9,1
201306A071204,1,9,0,4,0,1,0,0,0,0,4,1,1,1,9,1951,2,12,-1,-1
201306A071206,1,9,0,4,0,0,0,0,0,0,1,1,6,1,6,1596,1,5,4,1
201306A071206,2,9,0,4,0,0,0,0,0,0,2,1,6,2,6,1386,1,10,-1,-1
201306A071226,1,9,0,18,0,2,5,7,0,2,1,1,6,1,8,1328,1,9,2,1
201306A071227,1,9,0,14,0,0,0,0,0,0,1,1,6,1,7,2926,2,10,6,1
201306A071234,1,9,0,18,0,1,0,0,0,0,1,1,6,1,6,1896,2,8,5,1
201306A071235,1,9,0,9,0,8,0,0,0,0,1,1,6,1,8,1399,1,6,2,1
201306A071235,2,4,0,18,0,8,0,0,0,0,1,1,6,1,8,198,1,6,1,1
201306A071240,1,9,0,9,0,8,0,0,0,0,1,1,6,1,7,2231,2,7,2,1
201306A071240,2,1,0,18,0,8,0,0,0,0,3,1,1,1,8,-1,-1,-1,9,1
201306A071265,1,9,0,5,0,1,0,0,0,0,0,1,6,1,5,1389,1,15,2,1
201306A071265,2,10,0,18,0,1,0,0,0,0,0,1,1,1,6,2461,2,8,1,1
201306A071267,1,9,0,18,0,1,0,0,0,0,1,1,6,1,5,2000,1,8,1,1
201306A071267,2,9,0,18,0,1,0,0,0,0,2,1,6,1,8,1796,1,6,1,1
201306A071385,1,9,0,9,0,5,0,0,0,0,1,1,2,1,9,1360,1,12,9,1
201306A071410,1,8,0,4,0,1,0,0,0,0,4,1,1,1,7,-1,-1,-1,3,1
201306A071415,1,9,0,18,0,8,0,0,0,0,1,1,6,2,6,1968,2,4,8,1
201306A071415,2,9,0,18,0,8,0,0,1,0,3,1,6,1,6,1956,2,3,1,1
201306A071460,1,9,0,18,0,0,0,0,0,0,1,1,6,1,7,1995,1,4,4,1
201306A071460,2,9,0,10,0,0,0,0,0,0,2,1,6,2,6,1998,2,9,1,1
201306A071467,1,9,0,18,0,8,0,0,0,0,3,1,6,1,6,-1,-1,-1,-1,-1
201306A071467,2,1,0,18,9,8,0,0,0,0,1,1,6,1,3,-1,-1,-1,-1,-1
201306A071468,1,19,0,8,0,8,0,0,0,0,1,1,1,1,6,2198,2,-1,7,1
201306A071468,2,1,0,18,0,8,0,0,0,0,4,1,2,2,7,-1,-1,-1,1,1
201306A071590,1,9,0,9,0,8,0,0,0,0,1,1,2,1,9,1198,1,3,4,1
201306A071590,2,1,0,9,0,8,0,0,0,0,1,1,2,2,7,-1,-1,-1,2,1
201306A071643,1,11,0,18,0,1,0,0,0,0,4,1,1,1,6,-1,-1,-1,-1,-1
201306A071661,1,9,0,12,0,0,0,0,0,0,1,1,6,1,5,2148,2,5,-1,-1
201306A071661,2,19,0,18,0,0,0,0,0,0,2,1,1,1,7,1998,2,7,1,1
201306A071663,1,8,0,18,0,8,0,0,0,0,1,1,1,1,6,1910,2,5,-1,-1
201306A071663,2,9,0,7,0,8,0,0,0,0,1,1,6,1,6,2171,1,10,-1,-1
201306A071668,1,9,0,10,0,6,0,0,0,0,4,1,6,1,6,1753,2,8,7,1
201306A071668,2,5,0,18,0,8,0,0,0,0,4,1,6,1,6,599,1,15,1,1
201306A071712,1,9,0,18,0,1,0,0,0,0,1,1,6,1,9,1998,1,9,3,1
201306A071760,1,9,0,18,0,1,0,0,0,0,1,1,6,2,7,1596,1,1,1,1
201306A071760,2,9,0,18,0,1,0,0,0,0,1,1,6,1,8,1240,1,3,2,1
201306A071760,3,9,0,18,0,1,0,0,0,0,2,1,6,1,9,1498,1,4,9,1
201306A071767,1,19,0,9,0,8,0,0,0,0,4,1,6,1,6,2143,2,3,4,1
201306A071767,2,1,0,18,0,8,0,0,0,0,1,1,2,1,9,-1,-1,-1,6,1
201306A071771,1,9,0,18,0,1,0,0,0,0,1,1,6,2,6,1560,2,2,-1,-1
201306A071771,2,9,0,3,0,1,0,0,0,0,2,1,1,1,6,1390,1,10,1,1
201306A071793,1,9,0,17,0,8,0,0,0,0,1,1,6,1,7,1598,1,8,3,1
201306A071793,2,9,0,18,0,8,0,0,0,0,1,1,6,1,5,3222,2,8,9,1
201306A071799,1,9,0,18,0,8,1,0,0,0,1,1,6,1,6,-1,-1,-1,-1,-1
201306A071799,2,9,0,18,0,8,1,0,0,0,1,1,6,2,5,1242,1,14,2,1
201306A071869,1,9,0,18,0,8,1,0,0,0,1,1,6,1,6,1995,2,1,2,1
201306A071869,2,9,0,18,0,8,0,0,3,10,4,1,6,1,10,2171,1,9,2,1
201306A071915,1,9,0,18,0,8,0,0,0,0,1,1,6,1,9,1994,1,10,8,1
201306A071915,2,9,0,5,0,8,0,0,0,0,4,1,6,1,8,-1,-1,-1,1,1
201306A071915,3,9,0,5,0,8,0,0,0,0,3,1,6,1,10,973,1,11,-1,-1
201306A071923,1,11,0,9,0,5,0,0,0,0,0,1,1,1,6,6700,2,4,4,1
201306A071924,1,9,0,3,0,1,0,0,0,0,2,1,2,1,6,1299,1,13,3,1
201306A071924,2,9,0,3,0,1,0,0,0,0,2,1,6,2,6,1360,1,10,-1,-1
201306A071924,3,9,0,3,0,1,0,0,0,0,1,1,1,1,6,1997,2,2,5,1
201306A071926,1,9,0,9,0,6,0,0,0,0,4,1,2,1,8,1910,2,3,5,1
201306A072007,1,90,0,18,0,8,0,0,0,0,1,1,6,1,8,-1,-1,-1,7,1
201306A072007,2,90,0,18,0,8,0,0,0,0,1,1,6,1,8,-1,-1,-1,4,1
201306A072070,1,11,0,18,0,1,0,0,0,0,4,1,1,1,7,8300,2,6,2,1
201306A072071,1,1,0,18,0,8,0,0,0,0,1,1,6,2,3,-1,-1,-1,1,1
201306A072071,2,2,0,9,0,8,0,0,0,0,1,1,6,3,-1,-1,-1,-1,-1,-1
201306A072157,1,9,0,7,0,8,0,0,0,0,4,1,6,2,8,1299,1,16,1,1
201306A072157,2,1,0,18,0,8,0,0,0,0,1,1,1,1,6,-1,-1,-1,6,1
201306A072198,1,8,0,9,0,8,0,0,0,0,1,1,1,1,7,2143,2,1,5,1
201306A072208,1,9,0,9,0,8,0,0,0,0,1,1,6,1,6,-1,-1,-1,-1,-1
201306A072208,2,1,0,18,0,8,0,0,0,0,3,1,6,1,4,-1,-1,-1,1,1
201306A072310,1,9,0,18,0,8,0,0,0,0,3,1,1,1,6,-1,-1,-1,-1,-1
201306A072310,2,9,0,18,0,8,0,0,0,0,1,1,2,1,8,2993,2,2,5,1
201306A072375,1,9,0,11,0,1,0,0,0,0,1,1,6,2,8,1149,1,1,5,1
201306A072375,2,9,0,18,0,1,5,0,1,0,1,1,6,2,8,1328,1,9,5,1
201306A072375,3,9,0,2,9,1,0,0,0,0,2,1,6,3,-1,1598,1,11,1,1
201306A072403,1,9,0,18,0,8,0,0,0,0,3,1,6,2,6,1997,2,9,1,1
201306A072403,2,9,0,18,0,8,0,0,0,0,1,1,6,1,5,-1,-1,-1,1,1
201306A072403,3,9,0,18,0,1,0,0,0,0,4,1,6,1,7,1910,2,6,1,1
201306A072422,1,1,0,18,0,8,0,0,0,0,1,1,6,1,7,-1,-1,-1,4,1
201306A072422,2,9,0,9,0,8,0,0,0,0,1,1,6,1,6,1229,1,3,1,1
201306A072428,1,9,0,18,0,2,0,0,0,0,1,1,6,2,7,1986,2,8,1,1
201306A072428,2,9,0,4,0,2,0,0,0,0,2,1,1,1,8,1248,2,4,-1,-1
201306A072440,1,9,0,9,0,5,0,0,0,0,1,1,6,1,4,1598,1,12,3,1
201306A072470,1,9,0,18,0,2,0,0,0,0,1,1,2,1,9,1968,2,4,9,3
201306A072472,1,8,0,18,0,0,0,0,0,0,1,1,1,1,6,1997,2,3,1,1
201306A072527,1,9,0,18,0,1,0,0,0,0,1,1,6,1,6,1781,1,12,-1,-1
201306A072554,1,9,0,10,0,8,0,0,0,0,4,1,4,2,5,1598,1,13,2,1
201306A072554,2,5,0,18,0,8,2,0,0,0,1,1,2,1,7,650,1,12,4,1
201306A072564,1,8,0,5,0,1,0,0,0,0,1,1,1,1,6,2499,2,5,-1,-1
201306A072622,1,9,0,18,0,8,0,0,0,0,1,1,6,2,5,1198,1,1,1,1
201306A072622,2,8,0,18,0,8,0,0,0,0,2,1,1,1,8,1560,2,5,8,1
201306A072637,1,9,0,3,0,2,0,0,0,0,4,1,1,1,8,1596,1,10,2,1
201306A072637,2,1,0,18,4,2,0,0,0,0,1,1,2,1,8,-1,-1,-1,6,1
201306A072742,1,9,0,18,0,2,0,0,0,0,1,1,6,2,7,1973,1,13,1,1
201306A072742,2,11,0,18,0,1,0,0,0,0,1,1,1,1,8,6700,2,5,1,1
201306A072749,1,9,0,9,0,8,0,0,0,0,3,1,6,2,6,1997,2,11,7,1
201306A072749,2,9,0,18,0,8,0,0,0,0,1,1,6,2,5,1910,2,9,4,1
201306A072750,1,19,0,18,0,0,0,0,0,0,4,1,6,1,6,-1,-1,-1,-1,-1
201306A072791,1,9,0,9,0,8,0,0,0,0,1,1,6,1,8,1968,2,5,1,1
201306A072791,2,9,0,18,0,8,0,0,1,0,3,1,6,1,7,1994,1,8,1,1
201306A072803,1,19,0,18,0,0,0,0,0,0,0,1,6,1,7,8970,2,10,1,1
201306A072803,2,9,0,18,0,0,0,0,0,0,1,1,6,1,5,1560,2,7,6,1
201306A072803,3,9,0,18,0,0,0,0,0,0,2,1,6,1,9,1598,1,14,1,1
201306A072803,4,9,0,18,0,0,0,0,0,0,2,1,6,1,9,1598,2,-1,-1,-1
201306A072803,5,9,0,18,0,0,0,0,0,0,2,1,6,1,9,1242,1,13,1,1
201306A072805,1,9,0,15,0,8,0,0,0,0,1,1,6,1,4,2792,1,12,2,1
201306A072805,2,8,0,9,0,8,0,0,1,7,1,1,1,1,7,2402,2,8,3,1
201306A072805,3,9,0,4,0,8,0,0,0,0,0,1,6,2,7,1560,2,4,2,1
201306A072806,1,9,0,9,0,8,0,0,0,0,0,1,1,1,7,1582,2,3,3,1
201306A072806,2,1,0,18,0,8,0,0,0,0,0,1,6,1,4,-1,-1,-1,3,1
201306A072888,1,9,0,18,0,0,0,0,0,0,2,1,6,2,9,1242,1,9,2,1
201306A072888,2,9,0,18,0,0,0,0,0,0,1,1,6,2,6,1229,1,4,1,1
201306A072949,1,9,0,18,0,0,0,0,0,0,1,1,6,2,6,1242,1,4,1,1
201306A072952,1,9,0,18,0,8,0,0,0,0,3,1,6,2,8,1149,1,11,1,1
201306A072952,2,9,0,18,0,8,0,0,0,0,1,1,6,2,5,1598,1,8,1,1
201306A072984,1,9,0,18,0,0,0,0,1,10,1,1,6,1,6,1999,1,8,-1,-1
201306A072984,2,9,0,18,0,0,0,0,0,0,1,1,6,1,6,1242,1,16,7,1
201306A072998,1,9,0,18,0,8,0,0,0,0,4,1,6,3,6,1840,1,14,-1,-1
201306A072998,2,1,0,18,0,8,0,0,0,0,1,1,2,1,5,-1,-1,-1,1,1
201306A073062,1,9,0,1,0,0,0,0,0,0,2,1,6,2,7,1686,2,7,1,1
201306A073062,2,9,0,2,0,0,0,0,0,0,2,1,6,1,7,1796,1,2,2,1
201306A073067,1,9,0,18,0,8,0,0,0,0,1,1,6,1,7,1390,1,3,4,1
201306A073135,1,9,0,5,0,0,0,0,0,0,1,1,6,1,6,1299,1,11,-1,-1
201306A073145,1,9,0,9,0,1,0,0,0,0,1,1,2,1,5,1997,2,11,1,1
201306A073145,2,9,0,18,0,1,0,0,0,0,2,1,3,2,7,-1,-1,-1,1,1
201306A073150,1,9,0,4,0,1,0,0,0,0,0,1,1,1,8,2993,2,-1,4,1
201306A073150,2,21,0,4,0,1,0,0,0,0,2,1,1,1,6,-1,-1,-1,-1,-1
201306A073150,3,21,0,4,0,1,0,0,0,0,1,1,1,1,6,-1,-1,-1,-1,-1
201306A073150,4,9,0,4,0,1,0,0,0,0,1,1,1,1,6,2993,2,-1,4,1
201306A073168,1,19,0,18,0,8,0,0,0,0,1,1,1,1,7,2874,2,14,1,1
201306A073196,1,9,0,18,9,1,0,0,0,0,1,1,6,3,6,-1,-1,-1,-1,-1
201306A073215,1,9,3,9,0,8,0,0,0,0,1,1,6,1,6,1598,1,5,1,1
201306A073215,2,3,0,18,0,8,0,0,0,0,1,1,6,1,4,124,1,7,1,1
201306A073215,3,19,0,9,0,8,0,0,0,0,0,1,6,1,8,-1,-1,-1,1,1
201306A073216,1,9,0,9,0,8,0,0,0,1,1,1,6,1,7,1497,1,10,1,1
201306A073216,2,8,0,18,0,8,0,0,0,0,1,1,1,1,7,2499,2,1,-1,-1
201306A073230,1,3,0,18,0,8,0,0,0,2,1,1,1,1,7,124,1,6,1,1
201306A073230,2,9,0,18,0,8,0,0,0,0,1,1,1,1,8,1582,2,2,6,1
201306A073251,1,9,0,18,0,1,0,0,0,0,1,1,6,1,8,-1,-1,-1,4,1
201306A073254,1,9,0,18,0,8,0,0,0,0,1,1,1,1,7,973,1,12,1,1
201306A073254,2,9,0,9,0,8,0,0,0,0,4,1,1,2,8,1560,2,3,5,1
201306A073339,1,9,0,18,0,6,0,0,0,0,0,1,6,1,6,-1,-1,-1,-1,-1
201306A073339,2,8,0,4,0,8,0,0,0,0,0,1,6,2,8,-1,-1,-1,5,1
201306A073403,1,21,1,18,0,8,0,0,0,0,4,1,1,1,8,12900,2,2,2,1
201306A073403,2,1,0,18,0,8,0,0,0,0,3,1,1,1,7,-1,-1,-1,4,1
201306A073476,1,9,0,4,0,1,0,0,0,0,1,1,1,1,7,-1,-1,-1,4,1
201306A073476,2,9,0,9,0,1,0,0,0,0,1,1,1,2,7,1796,1,10,8,1
201306A073481,1,9,0,18,0,8,0,0,0,0,1,1,6,2,6,999,1,1,4,1
201306A073481,2,9,0,18,0,8,0,0,7,10,4,1,6,1,7,1339,1,9,1,1
201306A073484,1,11,0,18,0,1,0,0,0,0,1,1,1,1,7,-1,-1,-1,2,1
201306A073484,2,9,0,18,0,1,0,0,0,0,2,1,6,2,9,3227,2,11,-1,-1
201306A073487,1,1,0,9,0,1,0,0,0,0,4,1,6,2,8,-1,-1,-1,1,1
201306A073487,2,9,0,9,0,1,0,0,0,0,1,1,6,2,6,1596,1,4,9,2
201306A073512,1,9,0,6,0,8,0,0,0,0,2,1,6,1,6,1198,1,11,7,1
201306A073512,2,9,0,18,0,8,0,0,0,0,1,1,6,1,5,1984,1,6,-1,-1
201306A073512,3,9,0,2,0,8,0,0,0,0,3,1,6,2,6,1360,1,6,1,1
201306A073512,4,9,0,2,0,8,0,0,0,0,4,1,6,1,9,1591,1,2,1,1
201306A073518,1,9,0,18,0,1,0,0,0,0,4,1,2,2,6,1229,1,3,10,1
201306A073561,1,9,0,1,0,2,0,0,0,0,2,1,6,1,7,1560,2,-1,7,1
201306A073561,2,9,0,3,0,2,0,0,0,0,1,1,1,1,7,1390,1,7,1,1
201306A073598,1,9,0,9,0,5,0,0,0,0,3,1,6,2,9,1400,1,6,1,1
201306A073598,2,3,0,18,0,8,0,0,0,0,1,1,1,2,4,125,1,1,2,1
201306A073638,1,19,0,9,0,8,0,0,0,0,0,1,1,1,6,2198,2,2,-1,-1
201306A073638,2,9,0,5,0,8,0,0,0,0,0,1,6,3,-1,-1,-1,-1,-1,-1
201306A073662,1,9,0,9,0,1,0,0,0,0,4,1,2,2,6,1149,1,3,-1,-1
201306A073662,2,1,0,15,0,1,0,0,0,0,1,1,2,1,8,-1,-1,-1,9,1
201306A073694,1,9,0,18,0,1,0,0,0,0,1,1,6,1,10,1390,1,4,2,1
201306A073694,2,9,0,18,0,8,0,0,0,0,4,1,1,1,8,1968,2,-1,9,1
201306A073773,1,9,0,7,0,1,2,0,1,10,1,1,6,1,5,998,1,13,1,1
201306A073773,2,9,0,9,0,1,0,0,0,0,2,1,6,1,7,1998,2,7,2,1
201306A073789,1,9,0,18,0,0,0,0,0,0,4,1,6,1,9,1588,1,11,4,1
201306A073795,1,9,0,7,0,3,0,0,1,1,1,1,6,1,6,1598,2,2,2,1
201306A073816,1,9,0,18,0,1,1,0,0,0,1,1,6,1,5,2171,1,12,1,1
201306A073816,2,9,0,18,0,1,0,0,0,0,1,1,6,2,7,1360,1,12,3,1
201306A073834,1,19,0,18,0,1,1,0,0,0,1,1,1,1,6,2151,2,10,3,1
201306A073834,2,9,0,4,0,1,0,0,0,0,2,1,2,2,6,1461,2,2,10,1
201306A073834,3,9,0,4,0,1,0,0,0,0,2,1,2,2,8,1397,1,9,6,1
201306A073834,4,9,0,4,0,1,0,0,0,0,2,1,1,1,8,-1,-1,-1,6,1
201306A073834,5,9,0,9,0,8,0,0,0,0,0,1,1,1,6,1995,2,1,-1,-1
201306A073860,1,3,0,18,0,1,0,0,0,0,0,1,6,1,6,-1,-1,-1,5,1
201306A073860,2,9,0,11,0,1,0,0,0,0,0,1,6,3,-1,-1,-1,-1,-1,-1
201306A073908,1,9,0,9,0,6,0,0,0,0,3,1,2,2,6,1896,2,7,7,1
201306A073910,1,9,0,7,0,8,0,0,0,0,4,1,1,1,6,1396,1,13,6,1
201306A073910,2,1,0,18,0,8,0,0,0,0,3,1,1,1,6,-1,-1,-1,7,3
201306A073928,1,9,0,7,0,6,0,0,0,0,2,1,6,2,6,1997,2,7,8,1
201306A073928,2,9,0,7,0,8,0,0,0,0,1,1,6,1,7,2499,2,12,1,1
201306A073929,1,9,0,18,0,1,0,0,0,0,3,1,6,1,8,1124,1,6,7,2
201306A073935,1,11,0,18,0,1,1,0,0,0,1,1,1,1,6,4500,2,1,1,1
201306A073939,1,9,0,9,0,5,0,0,0,0,1,1,6,2,8,998,1,13,6,1
201306A073939,2,3,0,18,0,8,0,0,0,0,1,1,6,1,8,124,1,7,1,1
201306A073942,1,9,0,18,0,8,0,0,0,0,1,1,6,3,-1,-1,-1,-1,-1,-1
201306A073949,1,9,0,18,0,8,1,0,8,10,4,1,1,1,8,1560,2,1,9,1
201306A073949,2,18,0,18,1,8,0,0,0,0,1,1,1,1,8,-1,-1,-1,-1,-1
201306A073957,1,9,0,18,9,8,0,0,0,0,1,1,6,2,7,2184,2,3,3,1
201306A073970,1,1,0,7,0,8,0,0,0,0,3,1,6,1,9,-1,-1,-1,1,1
201306A073970,2,9,0,7,0,6,0,0,0,0,1,1,6,1,8,1389,1,9,-1,-1
201306A073986,1,9,0,9,0,6,0,0,0,0,1,1,6,1,6,1968,2,1,-1,-1
201306A073986,2,9,0,18,0,1,0,0,0,0,4,1,6,2,8,1598,1,9,3,1
201306A074021,1,9,0,18,0,2,0,0,0,0,1,2,3,3,6,-1,-1,-1,-1,-1
201306A074021,2,9,0,18,0,2,0,0,0,0,1,2,2,2,7,-1,-1,-1,2,1
201306A074084,1,9,0,18,0,8,0,0,0,0,4,1,6,1,6,-1,-1,-1,-1,-1
201306A074084,2,1,0,18,0,8,0,0,0,0,0,1,6,1,6,-1,-1,-1,1,1