Accident_Index,Vehicle_Reference,Vehicle_Type,Towing_and_Articulation,Vehicle_Manoeuvre,Vehicle_Location-Restricted_Lane,Junction_Location,Skidding_and_Overturning,Hit_Object_in_Carriageway,Vehicle_Leaving_Carriageway,Hit_Object_off_Carriageway,1st_Point_of_Impact,Was_Vehicle_Left_Hand_Drive?,Journey_Purpose_of_Driver,Sex_of_Driver,Age_Band_of_Driver,Engine_Capacity_(CC),Propulsion_Code,Age_of_Vehicle,Driver_IMD_Decile,Driver_Home_Area_Type
201306A074086,1,9,0,9,0,8,0,0,0,0,1,1,6,1,6,-1,-1,-1,5,1
201306A074086,2,9,0,18,0,8,0,0,0,0,1,1,1,1,7,1896,2,6,5,1
201306A074090,1,9,0,2,0,2,0,0,0,0,2,2,1,1,6,-1,-1,-1,2,1
201306A074090,2,1,0,18,0,2,0,0,0,0,1,1,6,1,6,-1,-1,-1,-1,-1
201306A074159,1,21,1,18,0,1,0,0,0,0,1,1,1,1,7,12900,2,6,1,1
201306A074159,2,9,0,3,0,1,0,0,0,0,2,1,6,2,7,1596,1,9,1,1
201306A074170,1,9,0,6,0,1,0,0,0,0,1,1,6,1,7,1598,1,10,8,3
201306A074170,2,9,0,18,0,1,0,0,0,0,1,1,6,2,5,1781,1,16,1,1
201306A074176,1,4,0,18,0,6,1,0,0,0,0,1,6,1,9,-1,-1,-1,-1,-1
201306A074176,2,9,0,9,0,8,0,0,0,0,0,1,6,1,5,1598,1,1,1,1
201306A074205,1,9,0,9,0,5,0,0,0,0,1,1,6,1,8,1560,2,1,1,1
201306A074205,2,1,0,18,0,8,0,0,0,0,1,1,6,1,7,-1,-1,-1,5,1
201306A074218,1,21,0,7,0,6,0,0,0,0,4,1,1,1,8,12900,2,4,9,1
201306A074218,2,1,0,18,5,8,0,0,0,0,0,1,6,1,3,-1,-1,-1,1,1
201306A074236,1,9,0,18,0,0,0,0,0,0,1,1,2,2,4,996,1,4,4,1
201306A074254,1,9,0,18,0,8,1,0,0,0,4,1,6,1,6,1560,2,2,5,1
201306A074254,2,9,0,18,0,8,0,0,0,0,1,1,6,2,6,1242,1,2,1,1
201306A074285,1,9,0,18,0,8,2,0,1,10,1,1,6,2,6,1587,1,9,-1,-1
201306A074285,2,9,0,2,0,1,0,0,0,0,4,1,6,3,-1,998,1,11,1,1
201306A074285,3,9,0,18,0,1,0,0,0,0,0,1,1,1,7,1396,2,-1,-1,-1
201306A074345,1,2,0,9,0,2,0,0,0,0,4,1,6,3,-1,-1,-1,-1,-1,-1
201306A074345,2,9,0,2,0,2,0,0,0,0,3,1,6,3,-1,1595,1,6,-1,-1
201306A074351,1,9,0,7,0,1,0,0,0,0,0,1,6,3,-1,-1,-1,-1,-1,-1
201306A074351,2,1,0,18,0,1,1,0,0,0,0,1,1,1,7,-1,-1,-1,9,1
201306A074393,1,9,0,18,0,0,1,0,0,0,2,1,6,1,7,1798,1,12,4,1
201306A074393,2,9,0,3,0,0,0,0,0,0,2,1,6,1,5,1956,2,2,1,1
201306A074395,1,8,0,9,0,1,0,0,0,0,3,1,1,1,8,-1,-1,-1,4,1
201306A074395,2,1,0,18,0,1,0,0,0,0,1,1,6,1,4,-1,-1,-1,3,1
201306A074419,1,9,0,3,0,1,0,0,0,0,2,1,6,1,7,1388,1,7,1,1
201306A074419,2,9,0,18,0,1,0,0,0,0,1,1,6,1,10,2179,2,4,8,3
201306A074435,1,9,0,16,0,8,1,0,0,0,4,1,6,2,7,1598,1,9,3,1
201306A074435,2,9,0,5,0,6,0,0,0,0,1,1,6,3,-1,-1,-1,-1,-1,-1
201306A074439,1,19,0,18,0,1,0,0,0,0,0,1,1,1,7,2300,2,7,-1,-1
201306A074439,2,9,0,18,0,8,0,0,0,0,0,1,1,3,6,-1,-1,-1,-1,-1
201306A074487,1,1,0,18,0,0,0,0,0,0,4,1,6,1,3,-1,-1,-1,1,1
201306A074487,2,9,0,1,0,0,0,0,0,0,2,1,6,1,8,1388,1,9,2,1
201306A074491,1,11,0,18,0,0,0,0,0,0,4,1,1,2,6,4500,2,1,-1,-1
201306A074493,1,9,0,18,0,8,0,0,0,0,0,1,1,1,6,1998,2,5,1,1
201306A074496,1,9,0,7,0,1,0,0,0,0,1,1,2,2,6,1998,1,8,1,1
201306A074496,2,9,0,18,0,8,0,0,7,10,1,1,6,2,8,1461,2,7,1,1
201306A074497,1,9,0,9,0,5,0,0,0,0,1,1,6,1,8,1991,2,7,8,1
201306A074497,2,3,0,18,0,1,0,0,0,0,1,1,6,1,4,-1,-1,-1,4,1
201306A074504,1,9,0,18,0,2,0,0,0,0,1,2,6,1,7,-1,-1,-1,3,1
201306A074504,2,9,0,4,0,2,0,0,0,0,2,2,6,1,7,-1,-1,-1,8,2
201306A074519,1,9,0,7,9,1,0,0,0,0,4,1,6,1,6,-1,-1,-1,-1,-1
201306A074519,2,1,0,18,9,1,5,0,0,0,1,1,1,1,5,-1,-1,-1,9,1
201306A074522,1,9,0,18,0,1,0,0,0,0,1,1,6,1,6,-1,-1,-1,3,1
201306A074522,2,9,0,9,0,1,0,0,0,0,2,1,6,2,4,-1,-1,-1,6,1
201306A074527,1,9,0,18,0,8,0,0,0,0,1,1,6,2,6,1796,1,5,3,1
201306A074527,2,9,0,18,0,8,0,0,0,0,4,1,6,1,6,2600,1,13,7,1
201306A074548,1,9,0,7,0,1,0,0,0,0,1,1,6,1,6,1984,1,4,4,1
201306A074548,2,9,0,18,0,1,0,0,0,0,0,1,6,1,6,2993,2,1,-1,-1
201306A074548,3,9,0,3,0,1,0,0,0,0,3,1,6,1,6,2148,2,10,-1,-1
201306A074567,1,9,0,9,0,5,0,0,0,0,1,1,2,1,5,1229,1,3,6,1
201306A074567,2,9,0,18,0,1,0,0,0,0,1,1,1,1,7,1796,1,7,-1,-1
201306A074597,1,9,0,5,0,6,0,0,0,0,1,1,6,2,6,973,1,13,1,1
201306A074597,2,9,0,18,0,1,0,0,0,0,1,1,6,1,8,1798,1,4,4,1
201306A074707,1,9,0,18,0,1,0,0,0,0,1,1,6,2,9,1229,1,6,6,1
201306A074770,1,4,0,18,0,1,1,0,0,0,1,1,6,1,7,599,1,13,1,1
201306A074770,2,9,0,9,0,1,0,0,0,0,2,1,6,1,8,1781,1,12,4,1
201306A074779,1,8,0,18,0,0,0,0,0,0,4,1,6,3,-1,-1,-1,-1,-1,-1
201306A074807,1,9,0,18,0,2,0,0,0,0,4,1,6,1,7,1596,1,7,1,1
201306A074807,2,1,0,18,0,8,0,0,0,0,1,1,1,2,6,-1,-1,-1,-1,-1
201306A074810,1,11,0,18,0,2,0,0,0,0,1,1,1,1,7,4500,2,1,4,1
201306A074822,1,9,0,18,0,8,0,0,0,0,1,1,3,1,8,1968,2,3,1,3
201306A074822,2,9,0,18,0,8,0,0,0,0,3,1,2,2,7,1242,1,10,1,1
201306A074824,1,9,0,18,0,8,0,0,0,0,1,1,6,3,-1,1149,1,10,-1,-1
201306A074828,1,9,0,18,0,8,0,0,0,0,3,1,6,2,8,1590,1,11,6,1
201306A074828,2,9,0,7,0,5,0,0,0,0,4,1,1,1,6,-1,-1,-1,1,1
201306A074830,1,19,0,18,0,8,0,0,0,0,4,1,1,1,7,2198,2,6,8,1
201306A074856,1,9,0,6,0,1,0,0,0,0,4,1,6,2,6,1461,2,1,3,1
201306A074856,2,1,0,18,0,1,0,0,0,0,1,1,6,1,5,-1,-1,-1,4,1
201306A074866,1,5,0,18,0,1,0,0,0,0,1,1,6,1,6,-1,-1,-1,2,1
201306A074866,2,9,0,5,0,1,0,0,0,0,1,1,6,2,7,2993,2,-1,1,1
201306A074875,1,11,0,9,9,8,0,0,0,0,1,1,6,1,7,-1,-1,-1,-1,-1
201306A074996,1,9,0,9,0,8,0,0,0,0,4,1,6,2,7,1598,1,1,1,1
201306A075002,1,9,0,3,0,2,0,0,0,0,4,1,6,1,6,973,1,11,2,1
201306A075002,2,1,0,15,0,2,0,0,0,0,1,1,2,2,4,-1,-1,-1,7,1
201306A075008,1,9,0,9,0,5,0,0,0,0,4,1,6,1,7,2967,1,10,1,1
201306A075008,2,1,0,13,0,8,0,0,0,0,1,1,6,1,6,-1,-1,-1,3,1
201306A075031,1,9,0,9,0,8,0,0,0,0,4,1,6,2,6,1595,1,7,8,1
201306A075031,2,11,0,18,0,8,0,0,0,0,1,1,1,1,6,6700,2,1,3,1
201306A075040,1,9,0,18,0,2,0,0,0,0,1,1,6,1,6,1598,1,17,1,1
201306A075040,2,9,0,18,0,1,0,0,0,0,1,1,6,1,7,1769,1,11,-1,-1
201306A075056,1,9,0,18,0,2,0,0,0,0,1,1,6,1,4,1242,1,7,1,1
201306A075056,2,9,0,2,0,2,0,0,0,0,1,1,6,1,7,1598,1,3,6,1
201306A075062,1,9,0,9,0,8,0,0,0,0,1,1,6,2,6,1598,1,-1,4,2
201306A075062,2,4,0,18,0,8,0,0,0,0,1,1,6,1,10,652,1,2,3,1
201306A075208,1,9,0,9,1,5,0,0,1,10,1,1,6,2,6,973,1,12,1,1
201306A075208,2,9,0,18,0,1,0,0,0,0,3,1,2,1,9,1781,1,8,4,1
201306A075229,1,19,0,5,9,0,0,0,0,0,0,1,1,1,7,1995,2,1,-1,-1
201306A075233,1,1,0,18,0,1,0,0,0,0,2,1,6,2,7,-1,-1,-1,7,1
201306A075233,2,9,0,5,8,6,0,0,0,0,1,1,6,1,6,1896,2,15,-1,-1
201306A075281,1,9,0,1,0,2,0,0,0,0,2,1,6,1,6,1997,2,2,7,1
201306A075288,1,9,0,18,0,8,0,0,0,0,1,1,2,2,5,1229,1,1,2,1
201306A075288,2,9,0,18,0,8,0,0,0,0,4,1,6,1,9,1896,2,8,1,1
201306A075370,1,9,0,16,0,8,0,0,0,0,1,1,6,2,6,1995,2,1,1,1
201306A075370,2,1,0,18,0,8,0,0,0,0,4,1,1,1,7,-1,-1,-1,6,1
201306A075420,1,9,0,12,0,8,0,0,0,0,1,1,6,1,6,1200,1,11,7,1
201306A075420,2,3,0,18,0,8,0,0,0,0,4,1,2,1,7,124,1,13,1,1
201306A075443,1,9,0,18,0,1,0,0,0,0,3,1,6,2,8,1242,1,2,1,1
201306A075556,1,9,0,18,0,8,0,0,0,0,1,1,6,3,-1,1461,2,2,-1,-1
201306A075572,1,8,0,17,0,8,0,0,0,0,1,1,1,1,9,1896,2,8,8,1
201306A075581,1,9,0,4,0,1,0,0,0,0,1,1,6,1,7,1149,1,9,4,1
201306A075581,2,9,0,4,0,1,0,0,0,0,2,1,2,1,5,1398,1,-1,1,1
201306A075583,1,9,0,18,0,0,0,0,0,0,1,1,6,2,6,2171,1,10,9,1
201306A075583,2,9,0,18,0,0,0,0,0,0,2,1,6,1,9,1896,2,10,8,1
201306A075583,3,9,0,18,0,0,0,0,0,0,2,1,6,2,8,2179,2,3,6,3
201306A075630,1,19,0,2,0,1,0,0,0,0,3,1,1,1,7,1560,2,2,4,1
201306A075630,2,1,0,18,0,1,0,0,0,0,1,1,6,1,6,-1,-1,-1,8,1
201306A075631,1,9,0,4,0,1,0,0,0,0,1,1,1,1,11,1997,2,6,-1,-1
201306A075631,2,9,0,3,0,1,0,0,0,0,2,1,1,1,8,5439,1,11,8,1
201306A075674,1,9,0,9,0,1,0,0,0,0,1,1,6,3,-1,-1,-1,-1,-1,-1
201306A075694,1,21,1,18,0,1,0,0,0,0,1,1,1,1,9,-1,-1,-1,-1,-1
201306A075694,2,9,0,4,0,1,0,0,0,0,2,1,6,1,5,-1,-1,-1,1,1
201306A075712,1,9,0,9,0,5,0,0,0,0,1,1,6,3,-1,-1,-1,-1,-1,-1
201306A075717,1,9,0,18,0,8,0,0,0,0,1,1,6,2,11,1242,1,9,1,1
201306A075717,2,20,0,18,0,8,0,0,0,0,3,1,1,1,5,-1,-1,-1,-1,-1
201306A075721,1,9,0,3,0,8,5,0,0,0,3,1,6,1,9,1398,1,2,1,1
201306A075721,2,9,0,18,0,8,1,0,0,0,1,1,6,1,7,998,1,11,2,1
201306A075740,1,9,0,18,0,0,0,0,1,0,1,1,6,3,-1,1229,1,5,-1,-1
201306A075740,2,9,0,2,0,0,0,0,0,0,1,1,6,3,-1,1149,1,3,-1,-1
201306A075750,1,9,0,9,0,1,0,0,0,0,1,1,6,1,7,2401,2,9,1,1
201306A075750,2,1,0,18,0,8,0,0,0,0,1,1,6,1,7,-1,-1,-1,5,1
201306A075765,1,10,0,5,0,0,0,0,0,0,0,1,1,1,6,-1,-1,-1,-1,-1
201306A075797,1,9,0,18,0,8,0,0,0,0,1,1,6,1,4,2792,1,11,2,1
201306A075797,2,9,0,9,0,8,0,0,0,0,3,1,6,1,9,1596,1,2,2,1
201306A075826,1,9,0,1,9,6,0,0,0,0,2,1,2,1,5,998,1,9,-1,-1
201306A075832,1,8,0,18,0,8,0,0,0,0,1,1,1,1,6,1999,1,6,3,1
201306A075847,1,3,0,18,0,0,0,0,0,0,1,1,6,1,5,-1,-1,-1,1,1
201306A075847,2,19,0,18,0,0,0,0,0,0,1,1,6,1,6,1968,2,3,-1,-1
201306A075905,1,10,0,2,6,0,0,0,0,0,0,1,1,1,7,-1,-1,-1,2,1
201306A075928,1,9,0,9,0,6,0,0,0,0,1,1,6,2,6,2000,2,8,1,1
201306A075942,1,9,0,5,0,8,0,0,0,0,1,1,6,1,8,1796,1,7,7,1
201306A075942,2,5,0,5,0,8,0,0,0,0,1,1,2,1,7,649,1,4,3,1
201306A075960,1,9,0,10,0,1,0,0,0,0,3,1,6,2,10,1598,1,15,3,1
201306A075960,2,9,0,9,0,2,0,0,0,0,1,1,6,1,7,-1,-1,-1,2,1
201306A075980,1,9,0,9,0,6,0,0,0,0,3,1,2,2,8,1298,1,10,9,1
201306A075998,1,9,0,18,1,1,0,0,0,0,1,1,6,1,8,-1,-1,-1,8,1
201306A075998,2,9,0,8,0,1,0,0,0,0,1,1,1,2,8,1686,2,-1,2,1
201306A075998,3,9,0,8,1,1,0,0,0,2,2,1,6,3,7,2148,2,10,-1,-1
201306A075999,1,9,0,9,0,5,0,0,0,0,1,1,2,2,7,1596,1,10,3,2
201306A075999,2,5,0,18,0,8,0,0,0,0,1,1,2,1,6,782,1,9,9,1
201306A076006,1,9,0,7,9,8,0,0,0,0,1,1,6,1,6,-1,-1,-1,-1,-1
201306A076006,2,1,0,4,9,8,0,0,0,0,1,1,6,1,3,-1,-1,-1,1,1
201306A076007,1,9,0,7,0,1,0,0,0,0,1,1,6,3,6,-1,-1,-1,-1,-1
201306A076007,2,1,0,18,0,1,0,0,0,0,3,1,6,1,4,-1,-1,-1,1,1
201306A076013,1,9,0,9,0,6,0,0,0,0,1,1,6,1,7,1388,1,1,2,1
201306A076013,2,1,0,9,0,5,0,0,0,0,1,1,6,2,8,-1,-1,-1,2,1
201306A076062,1,9,0,9,0,1,0,0,0,0,4,1,6,1,8,1870,2,14,1,1
201306A076062,2,9,0,9,0,1,0,0,0,0,1,1,6,1,5,1598,1,1,2,1
201306A076071,1,11,0,5,2,0,0,0,0,0,0,1,1,1,7,8300,2,7,6,1
201306A076093,1,9,0,4,0,1,0,0,0,0,1,1,6,1,9,1896,2,12,1,1
201306A076093,2,9,0,3,0,1,0,0,0,0,2,2,6,1,8,-1,-1,-1,-1,-1
201306A076094,1,9,0,4,0,1,0,0,0,0,1,1,6,2,4,1390,1,3,8,1
201306A076094,2,9,0,4,0,1,0,0,0,0,2,1,6,2,6,1296,1,5,-1,-1
201306A076094,3,9,0,4,0,1,0,0,0,0,2,1,6,1,8,-1,-1,-1,-1,-1
201306A076118,1,9,0,4,0,1,0,0,0,0,1,1,6,1,6,1242,1,12,1,1
201306A076118,2,9,0,3,0,1,0,0,0,0,2,1,6,1,6,1242,1,12,1,1
201306A076119,1,19,0,18,0,1,1,0,7,2,3,1,1,1,6,1995,2,1,-1,-1
201306A076119,2,8,0,18,0,1,0,0,0,0,0,1,6,3,6,-1,-1,-1,-1,-1
201306A076121,1,9,0,18,0,8,0,0,0,0,1,1,1,2,5,1968,2,4,8,1
201306A076122,1,9,0,4,0,1,0,0,0,0,1,1,6,2,6,796,1,12,-1,-1
201306A076122,2,3,0,4,0,1,0,0,0,0,2,1,6,1,7,124,1,6,1,1
201306A076122,3,9,0,4,0,1,0,0,0,0,2,1,6,2,6,1596,1,6,-1,-1
201306A076129,1,8,0,18,0,8,0,10,8,10,1,1,1,1,8,1910,2,7,1,1
201306A076132,1,9,0,18,0,0,0,0,0,0,1,1,6,1,6,-1,-1,-1,1,1
201306A076144,1,1,0,18,0,1,0,0,0,0,1,1,6,1,4,-1,-1,-1,1,1
201306A076144,2,9,0,7,0,1,0,0,0,0,4,1,6,1,7,1328,1,5,4,1
201306A076145,1,9,0,18,0,8,0,0,0,0,1,1,2,2,7,1598,2,1,5,1
201306A076145,2,9,0,9,0,8,0,0,0,0,1,1,2,2,7,1598,1,12,5,1
201306A076182,1,21,1,7,0,8,0,0,0,0,4,1,1,1,10,-1,-1,-1,7,1
201306A076182,2,1,0,5,0,8,0,0,0,0,3,1,6,2,6,-1,-1,-1,1,1
201306A076215,1,9,0,18,0,0,0,0,0,0,4,1,6,1,6,2967,2,6,1,1
201306A076231,1,1,0,18,0,8,0,0,0,0,1,1,6,1,2,-1,-1,-1,-1,-1
201306A076231,2,1,0,18,0,8,0,0,0,0,1,1,6,1,2,-1,-1,-1,1,1
201306A076231,3,9,0,3,0,8,0,0,0,0,4,1,6,1,7,-1,-1,-1,-1,-1
201306A076233,1,8,0,18,0,8,0,0,0,0,4,1,1,1,9,2499,2,2,10,1
201306A076332,1,9,0,9,0,8,0,10,0,0,4,1,2,1,6,2000,1,16,5,2
201306A076332,2,8,0,18,0,8,0,0,0,0,1,1,1,1,6,1896,2,5,2,1
201306A076336,1,90,0,4,0,1,0,0,0,0,1,1,1,2,7,2999,2,3,8,1
201306A076336,2,9,0,18,0,8,0,0,0,0,1,1,6,2,6,2179,2,1,6,1
201306A076352,1,9,0,16,0,0,0,0,0,0,1,1,6,1,8,1396,1,13,4,1
201306A076352,2,9,0,17,0,0,0,0,0,0,4,1,6,2,7,-1,-1,-1,8,1
201306A076456,1,9,0,4,9,0,0,0,0,0,4,1,1,1,7,-1,-1,-1,4,1
201306A076458,1,9,0,18,0,1,0,0,0,0,1,1,1,1,7,2993,2,3,-1,-1
201306A076458,2,9,0,18,0,1,0,0,0,0,3,1,6,2,6,1686,2,7,-1,-1
201306A076532,1,19,0,18,0,1,0,0,1,10,1,1,6,1,6,2402,2,9,2,1
201306A076538,1,19,0,9,0,8,0,0,0,0,1,1,1,1,7,2143,2,1,2,1
201306A076538,2,1,0,18,0,8,0,0,0,0,1,1,1,1,6,-1,-1,-1,4,1
201306A076541,1,9,0,18,0,8,0,0,0,0,0,1,2,1,6,4395,1,1,6,1
201306A076562,1,9,0,9,0,8,0,0,0,0,1,1,1,2,7,1198,1,10,2,1
201306A076562,2,1,0,18,0,8,0,0,0,0,3,1,1,1,6,-1,-1,-1,5,1
201306A076609,1,9,0,18,0,2,0,0,0,0,4,1,6,1,-1,-1,-1,-1,-1,-1
201306A076609,2,1,0,18,0,2,0,0,0,0,3,1,1,2,7,-1,-1,-1,-1,-1
201306A076640,1,11,0,18,0,2,0,0,0,0,0,1,1,1,9,9000,2,8,2,1
201306A076643,1,9,0,7,0,6,0,0,0,0,3,1,6,1,6,-1,-1,-1,7,1
201306A076643,2,9,0,18,0,1,0,0,0,0,1,1,6,2,6,1299,1,12,1,1
201306A076645,1,9,0,18,0,0,0,0,0,0,1,1,6,1,5,1229,1,8,1,1
201306A076646,1,9,0,13,0,8,0,0,7,1,1,1,6,1,6,1956,2,2,1,1
201306A076646,2,9,0,9,0,5,0,0,3,10,3,1,6,1,6,1390,1,7,3,1
201306A076647,1,8,0,18,0,6,0,0,0,0,1,1,1,1,6,2402,2,10,2,1
201306A076647,2,8,0,18,0,8,0,0,0,0,1,1,6,1,8,2499,2,2,1,1
201306A076703,1,9,0,6,0,1,0,0,0,0,3,1,6,1,4,1242,1,6,3,1
201306A076703,2,1,0,18,0,1,0,0,0,0,1,1,1,1,5,-1,-1,-1,5,1
201306A076747,1,9,0,18,0,0,0,0,0,0,1,1,6,2,-1,-1,-1,-1,-1,-1
201306A076832,1,9,0,18,0,1,0,0,0,0,4,1,6,1,8,-1,-1,-1,1,1
201306A076862,1,9,0,18,0,1,0,0,0,0,4,1,6,1,8,1229,1,-1,1,1
201306A076862,2,1,0,18,0,1,0,0,0,0,3,1,6,2,8,-1,-1,-1,1,1
201306A076893,1,8,0,18,0,0,0,0,0,0,1,1,1,1,6,1896,2,3,1,1
201306A076928,1,3,0,18,0,1,0,0,0,0,3,1,2,1,5,124,1,21,2,1
201306A076928,2,9,0,9,0,5,0,0,0,0,1,1,1,1,8,-1,-1,-1,1,1
201306A076962,1,8,0,3,0,1,0,0,0,0,0,1,1,1,6,-1,-1,-1,-1,-1
201306A076962,2,1,0,18,0,1,0,0,0,0,1,1,6,1,8,-1,-1,-1,7,1
201306A076964,1,9,0,9,0,6,0,0,0,0,1,1,6,2,8,1910,2,6,-1,-1
201306A076964,2,1,0,18,0,8,0,0,0,0,4,1,6,1,6,-1,-1,-1,-1,-1
201306A076971,1,8,0,18,0,1,0,0,0,0,3,1,6,1,7,1995,2,4,1,1
201306A076971,2,9,0,18,0,8,0,0,0,0,1,1,6,1,5,1896,2,9,1,1
201306A076974,1,9,0,9,0,1,0,0,0,0,0,1,6,1,-1,1595,1,9,-1,-1
201306A076974,2,11,0,18,0,1,0,0,0,0,0,1,1,1,8,9360,2,1,2,1
201306A076981,1,9,0,18,0,2,0,0,0,0,3,1,6,3,-1,-1,-1,-1,-1,-1
201306A077014,1,1,0,18,0,6,0,0,0,0,3,1,6,2,7,-1,-1,-1,1,1
201306A077014,2,9,0,7,0,6,0,0,0,0,1,1,6,2,8,1343,1,11,6,1
201306A077014,3,9,0,18,0,8,0,0,0,0,0,1,6,2,6,-1,-1,-1,-1,-1
201306A077024,1,9,0,16,0,8,0,0,0,4,0,1,6,1,6,1968,2,4,-1,-1
201306A077030,1,9,0,18,0,8,0,0,0,0,4,1,6,1,5,1248,2,6,5,1
201306A077030,2,8,0,18,0,8,0,0,0,0,2,1,1,1,6,-1,-1,-1,1,1
201306A077134,1,8,0,18,0,8,0,0,0,0,3,1,1,1,7,2402,2,8,1,1
201306A077160,1,9,0,7,0,6,0,0,0,0,1,1,6,1,7,1398,1,1,5,1
201306A077160,2,9,0,9,0,5,0,0,0,0,3,1,6,1,6,1995,1,3,6,1
201306A077161,1,9,0,18,0,8,0,0,0,0,1,1,1,1,5,-1,-1,-1,7,1
201306A077161,2,1,0,10,0,8,0,0,0,0,2,1,1,1,5,-1,-1,-1,-1,-1
201306A077222,1,1,0,18,0,1,0,0,0,0,3,1,6,2,2,-1,-1,-1,1,1
201306A077222,2,9,0,18,0,8,0,0,0,0,1,1,6,2,7,1998,1,4,-1,-1
201306A077257,1,9,0,9,0,8,0,0,0,0,1,1,1,2,7,2000,2,2,1,1
201306A077257,2,3,0,18,0,8,0,0,0,0,1,1,2,1,7,102,1,9,7,1
201306A077290,1,9,0,4,0,1,0,0,0,0,1,1,6,1,6,1984,1,6,-1,-1
201306A077290,2,9,0,5,0,1,0,0,0,0,1,1,6,2,4,1364,1,5,-1,-1
201306A077290,3,9,0,3,0,1,0,0,0,0,1,1,6,2,9,999,1,6,1,1
201306A077369,1,8,0,4,0,4,0,0,0,0,1,1,6,1,7,1900,2,7,2,1
201306A077369,2,9,0,4,0,4,0,0,0,0,2,1,2,2,8,1798,1,3,9,1
201306A077373,1,9,0,18,0,0,0,0,0,0,4,1,6,1,6,1598,1,8,3,1
201306A077394,1,9,0,2,6,0,0,0,0,0,0,1,6,1,5,1598,1,14,-1,-1
201306A077394,2,9,0,2,6,0,0,0,0,0,0,1,1,1,6,2993,2,1,-1,-1
201306A077394,3,19,0,18,0,0,0,0,0,0,0,1,1,1,9,1995,2,6,4,1
201306A077397,1,1,0,18,0,8,0,0,0,0,4,1,6,1,8,-1,-1,-1,1,1
201306A077397,2,9,0,7,0,6,0,0,0,0,1,1,1,1,8,1910,2,5,-1,-1
201306A077399,1,9,0,9,0,1,0,0,0,0,4,1,6,2,10,1598,1,3,1,1
201306A077399,2,9,0,18,0,1,0,0,0,0,1,1,6,1,4,-1,-1,-1,7,1
201306A077404,1,9,0,7,0,1,0,0,0,0,0,1,6,1,5,2148,2,8,-1,-1
201306A077404,2,9,0,18,0,1,0,0,0,0,4,1,6,1,6,1995,2,11,-1,-1
201306A077445,1,9,0,18,0,8,1,0,0,0,3,1,6,3,-1,998,1,7,-1,-1
201306A077445,2,9,0,18,0,8,1,0,0,0,1,1,6,2,5,1242,1,10,2,1
201306A077445,3,9,0,18,0,1,0,0,0,0,0,1,1,1,7,-1,-1,-1,1,1
201306A077480,1,90,0,9,0,1,0,0,0,0,1,1,6,1,8,-1,-1,-1,-1,-1
201306A077480,2,9,0,18,0,1,0,0,0,0,4,1,6,1,6,-1,-1,-1,-1,-1
201306A077518,1,9,0,9,0,2,0,0,0,0,4,1,6,2,10,1298,1,11,8,1
201306A077518,2,9,0,18,0,1,0,0,0,0,0,1,6,1,8,1198,1,1,1,1
201306A077518,3,9,0,2,9,1,0,0,0,0,2,1,6,1,8,1590,1,10,-1,-1
201306A077536,1,19,0,1,0,1,0,0,0,0,2,1,1,1,5,1998,2,9,6,1
201306A077536,2,19,0,3,0,1,0,0,0,0,1,1,1,1,7,1753,2,12,8,1
201306A077568,1,9,0,9,0,5,0,0,0,0,1,1,2,1,6,2393,1,14,1,1
201306A077568,2,9,0,17,0,1,0,0,0,0,1,1,2,2,9,1796,1,7,3,1
201306A077651,1,9,0,9,0,1,0,0,0,0,3,1,6,1,6,1587,1,9,-1,-1
201306A077651,2,5,0,14,0,1,0,0,0,0,1,1,1,1,8,821,1,-1,6,1
201306A077721,1,1,0,9,0,1,0,0,0,0,1,1,6,2,6,-1,-1,-1,-1,-1
201306A077721,2,9,0,7,0,6,0,0,0,0,1,1,1,1,8,1560,2,5,-1,-1
201306A077772,1,8,0,18,0,0,0,0,0,0,1,1,1,1,7,1248,2,6,3,1
201306A077772,2,9,0,3,0,0,0,0,0,0,2,1,6,1,9,1360,1,3,-1,-1
201306A077772,3,9,0,3,0,0,0,0,0,0,2,1,6,2,7,1896,2,12,3,1
201306A077772,4,9,0,3,0,0,0,0,0,0,2,1,1,1,6,1598,2,-1,4,2
201306A077783,1,9,0,9,0,2,0,0,0,0,3,1,2,2,7,998,1,4,1,1
201306A077783,2,21,0,18,0,1,0,0,0,0,1,1,1,1,8,11705,2,9,2,1
201306A077788,1,11,0,4,0,0,0,0,0,0,1,1,1,1,7,-1,2,14,2,1
201306A077840,1,9,0,9,0,8,0,0,0,0,1,1,6,1,8,1596,1,2,2,1
201306A077840,2,1,0,18,0,1,0,0,0,0,2,1,6,1,5,-1,-1,-1,1,1
201306A077851,1,9,0,18,0,1,0,0,0,0,0,1,2,3,6,-1,-1,-1,-1,-1
201306A077861,1,9,0,18,0,0,0,0,0,0,1,1,6,2,6,-1,-1,-1,1,1
201306A077861,2,19,0,18,0,0,0,0,0,0,2,1,2,1,8,1753,2,9,4,1
201306A077866,1,10,0,18,0,8,0,0,0,0,1,1,1,1,9,2402,2,10,4,1
201306A077866,2,9,0,18,0,8,0,0,0,0,1,1,6,2,9,1368,1,4,1,1
201306A077962,1,21,1,5,0,1,0,0,0,0,1,2,1,1,5,-1,-1,-1,-1,-1
201306A077964,1,9,0,9,0,1,0,0,0,0,4,1,1,1,7,1798,1,3,-1,-1
201306A077978,1,9,0,9,0,5,0,0,0,0,4,1,6,1,5,1368,1,5,2,1