Accident_Index,Vehicle_Reference,Vehicle_Type,Towing_and_Articulation,Vehicle_Manoeuvre,Vehicle_Location-Restricted_Lane,Junction_Location,Skidding_and_Overturning,Hit_Object_in_Carriageway,Vehicle_Leaving_Carriageway,Hit_Object_off_Carriageway,1st_Point_of_Impact,Was_Vehicle_Left_Hand_Drive?,Journey_Purpose_of_Driver,Sex_of_Driver,Age_Band_of_Driver,Engine_Capacity_(CC),Propulsion_Code,Age_of_Vehicle,Driver_IMD_Decile,Driver_Home_Area_Type
201306E073843,2,9,0,9,0,8,0,0,0,0,1,1,2,2,4,1242,1,1,9,1
201306E073900,1,8,0,7,0,4,0,0,0,0,1,1,1,1,6,1991,2,6,2,1
201306E073900,2,1,0,17,0,8,0,0,0,0,2,1,6,1,10,-1,-1,-1,1,1
201306E073901,1,9,0,18,0,8,0,0,1,2,4,1,6,2,8,1598,1,7,2,1
201306E073901,2,9,0,18,0,8,0,0,0,0,1,1,6,1,11,1598,1,9,2,1
201306E073905,1,9,0,18,0,0,0,0,0,0,3,1,1,1,7,2000,2,3,8,1
201306E073954,1,9,0,9,0,8,0,0,0,0,3,1,6,1,7,1910,2,8,-1,-1
201306E073954,2,9,0,18,0,8,0,0,0,0,1,1,6,1,5,2171,1,12,3,1
201306E073976,1,9,0,3,0,1,0,0,0,0,1,1,6,2,11,1590,1,10,10,1
201306E073976,2,9,0,3,0,1,0,0,0,0,2,1,6,1,6,998,1,16,7,1
201306E074058,1,9,0,18,0,8,0,0,0,0,1,1,6,2,8,1590,1,11,6,1
201306E074058,2,9,0,5,0,8,0,0,0,0,4,1,6,1,5,1149,1,10,1,1
201306E074087,1,9,0,18,0,0,0,0,0,0,1,1,6,2,8,1329,1,1,3,1
201306E074122,1,3,0,18,0,1,0,0,0,0,1,1,6,1,5,124,1,1,10,1
201306E074164,1,10,0,9,0,8,0,0,0,0,1,1,1,1,8,-1,-1,-1,-1,-1
201306E074164,2,9,0,18,0,8,0,0,0,0,1,1,6,2,5,1299,1,10,5,1
201306E074165,1,9,0,18,0,1,0,0,0,0,1,1,6,1,7,998,1,-1,1,1
201306E074174,1,9,0,18,0,0,0,0,0,0,1,1,3,2,6,1587,1,12,1,1
201306E074175,1,9,0,18,0,1,0,0,0,0,1,1,6,2,8,1240,1,10,5,1
201306E074175,2,9,0,3,0,1,0,0,0,0,2,1,6,1,7,2231,2,7,5,1
201306E074183,1,9,0,7,0,7,0,0,0,0,1,1,1,1,8,2143,2,1,1,1
201306E074183,2,1,0,18,0,8,0,0,0,0,2,1,6,1,6,-1,-1,-1,5,1
201306E074199,1,9,0,18,0,4,0,0,0,0,1,1,2,1,7,2143,2,4,-1,-1
201306E074199,2,1,0,18,0,8,0,0,0,0,2,1,6,1,7,-1,-1,-1,7,2
201306E074210,1,9,0,18,0,0,0,0,0,0,1,1,6,2,7,1896,2,7,8,1
201306E074210,2,1,0,18,0,0,0,0,0,0,1,1,1,2,6,-1,-1,-1,7,1
201306E074222,1,9,0,5,0,0,0,0,0,0,0,1,6,1,7,1796,1,4,4,1
201306E074240,1,9,0,7,0,1,0,0,0,0,3,1,6,1,5,2204,2,8,1,1
201306E074240,2,1,0,18,0,1,0,0,0,0,4,1,6,1,5,-1,-1,-1,1,1
201306E074240,3,1,0,18,0,1,0,0,0,0,4,1,6,1,4,-1,-1,-1,2,1
201306E074270,1,9,0,18,0,1,0,0,0,0,1,1,6,1,7,-1,-1,-1,4,1
201306E074280,1,9,0,18,0,8,0,0,0,0,3,1,6,3,-1,-1,-1,-1,-1,-1
201306E074282,1,9,0,18,0,8,0,0,0,0,1,1,6,1,5,1598,1,10,1,1
201306E074282,2,9,0,9,0,8,0,0,0,0,3,1,6,1,7,2982,2,16,1,1
201306E074282,3,9,0,18,0,1,0,0,0,0,0,1,1,1,6,1984,1,4,-1,-1
201306E074282,4,9,0,18,0,1,0,0,0,0,0,1,1,1,6,2457,1,1,-1,-1
201306E074309,1,8,0,2,0,0,0,0,0,0,3,1,1,1,8,1248,2,5,4,1
201306E074309,2,1,0,14,0,0,0,8,0,0,1,1,6,1,9,-1,-1,-1,3,1
201306E074331,1,1,0,18,0,0,0,0,0,0,1,1,6,1,4,-1,-1,-1,2,1
201306E074331,2,9,0,2,0,0,0,0,0,0,1,1,6,2,6,1796,1,11,1,1
201306E074337,1,9,0,18,0,0,0,0,0,0,3,1,6,3,6,-1,-1,-1,-1,-1
201306E074337,2,1,0,18,0,0,0,0,0,0,0,1,6,1,2,-1,-1,-1,1,1
201306E074361,1,9,0,18,0,1,0,0,0,0,1,1,6,2,7,1396,1,9,2,1
201306E074361,2,1,0,18,0,1,0,0,0,0,3,1,6,2,2,-1,-1,-1,2,1
201306E074363,1,9,0,18,0,0,0,0,0,0,4,1,6,2,5,1398,1,3,1,1
201306E074388,1,9,0,18,0,8,0,0,0,0,1,1,6,2,6,1587,1,11,-1,-1
201306E074388,2,1,0,18,0,8,0,0,0,0,3,1,6,1,6,-1,-1,-1,6,1
201306E074392,1,9,0,18,0,8,0,0,0,0,1,1,6,1,6,1997,2,13,-1,-1
201306E074392,2,9,0,3,0,8,0,0,0,0,2,1,6,1,7,1388,1,8,4,1
201306E074402,1,9,0,18,0,8,0,0,0,0,1,1,6,1,7,1388,1,1,1,1
201306E074402,2,9,0,5,0,8,0,0,0,0,4,1,6,2,10,-1,-1,-1,1,1
201306E074426,1,11,0,4,2,0,0,0,0,0,0,1,1,1,6,-1,-1,-1,-1,-1
201306E074433,1,9,0,9,0,8,0,0,0,0,1,1,6,1,8,1850,1,14,6,1
201306E074472,1,9,0,5,0,2,0,0,0,0,1,1,3,2,6,1794,1,8,1,1
201306E074494,1,9,0,18,0,1,0,0,0,0,4,1,6,1,6,1596,1,11,2,1
201306E074494,2,8,0,18,0,1,0,0,0,0,1,1,1,1,7,2499,2,4,7,1
201306E074500,1,9,0,1,0,1,0,0,0,0,2,1,1,2,7,1388,1,9,2,1
201306E074506,1,9,0,18,0,1,0,0,0,0,3,1,2,1,6,1598,1,10,1,1
201306E074508,1,9,0,6,0,8,0,0,0,0,1,1,6,2,4,1149,1,8,7,3
201306E074508,2,19,0,18,0,8,0,0,0,0,1,1,6,1,5,1753,2,11,1,1
201306E074508,3,9,0,2,0,8,0,0,0,0,1,1,6,3,-1,1229,1,4,4,1
201306E074508,4,9,0,2,0,8,0,0,0,0,1,1,6,3,-1,1229,1,8,8,2
201306E074518,1,9,0,6,0,0,0,0,0,0,3,1,6,1,9,1896,2,5,-1,-1
201306E074528,1,19,0,18,0,1,0,0,0,0,1,1,6,1,6,-1,-1,-1,-1,-1
201306E074528,2,9,0,18,0,1,0,0,0,0,2,1,6,1,5,-1,-1,-1,3,1
201306E074571,1,9,0,18,0,8,0,0,0,0,4,1,6,1,8,1399,2,4,9,1
201306E074571,2,9,0,18,0,8,0,0,0,0,1,1,6,2,8,998,1,1,-1,-1
201306E074575,1,9,0,9,0,8,0,0,0,0,2,1,6,2,6,1360,1,21,4,1
201306E074575,2,1,0,18,0,8,0,0,0,0,1,1,2,1,6,-1,-1,-1,5,1
201306E074610,1,9,0,9,0,1,0,0,0,0,1,1,6,2,5,1242,1,1,-1,-1
201306E074610,2,1,0,18,0,1,0,0,0,0,1,1,6,1,6,-1,-1,-1,2,1
201306E074760,1,9,0,16,0,8,1,0,6,0,4,1,6,2,4,973,1,11,1,1
201306E074760,2,9,0,18,0,8,0,0,0,0,1,1,6,1,9,1997,2,12,1,1
201306E074782,1,8,0,18,0,8,0,0,0,0,1,1,6,1,7,-1,-1,-1,3,1
201306E074782,2,9,0,10,0,8,0,0,0,0,1,1,6,1,7,1560,2,1,3,1
201306E074785,1,9,0,9,0,8,0,0,0,0,1,1,6,1,5,1497,1,12,3,1
201306E074785,2,9,0,18,0,1,0,0,0,0,1,1,6,2,6,1298,1,13,1,1
201306E074786,1,11,0,14,0,0,0,0,0,0,3,1,1,1,6,-1,2,14,2,1
201306E074786,2,9,0,14,0,0,0,0,0,0,4,1,2,2,9,1598,1,9,8,1
201306E074786,3,11,0,4,0,0,0,0,0,0,4,1,1,1,8,4500,2,3,4,1
201306E074793,1,9,0,18,0,1,0,0,0,0,1,1,6,1,7,1998,1,16,1,1
201306E074793,2,9,0,18,0,8,0,0,0,0,4,1,6,2,5,1390,1,6,5,1
201306E074836,1,9,0,7,0,6,0,0,0,0,1,1,6,1,7,1896,2,9,7,1
201306E074836,2,1,0,18,0,8,0,0,0,0,4,1,6,2,4,-1,-1,-1,2,1
201306E074855,1,9,0,7,0,2,0,0,0,0,1,1,6,2,7,1242,1,4,1,1
201306E074855,2,9,0,4,0,2,0,0,0,0,2,1,6,2,6,1796,1,13,1,1
201306E074864,1,9,0,18,0,0,0,0,0,0,1,1,1,2,6,1686,2,1,2,1
201306E074864,2,1,0,18,0,0,0,0,0,0,3,1,1,1,2,-1,-1,-1,1,1
201306E074885,1,90,0,5,0,2,0,0,0,0,1,1,1,1,6,2999,2,3,1,1
201306E074895,1,9,0,18,0,1,0,0,0,0,1,1,6,1,8,1998,2,5,-1,-1
201306E074895,2,9,0,3,0,2,0,0,0,0,2,1,6,1,6,-1,-1,-1,-1,-1
201306E074903,1,11,0,18,3,1,0,0,0,0,0,1,1,1,8,4461,2,-1,3,1
201306E074906,1,9,0,7,0,8,0,0,0,0,3,1,6,1,8,1240,1,3,7,1
201306E074906,2,4,0,18,0,1,2,0,0,0,1,1,6,1,5,-1,-1,-1,2,1
201306E074908,1,9,0,18,0,8,0,0,2,1,3,1,6,1,7,1598,1,8,3,1
201306E074908,2,9,0,9,0,8,0,0,0,0,1,1,6,2,5,-1,-1,-1,1,1
201306E074911,1,9,0,18,0,0,0,0,0,0,4,1,2,2,6,998,1,7,1,1
201306E074912,1,9,0,3,0,1,0,0,0,0,2,1,6,1,6,1396,1,11,1,1
201306E074912,2,9,0,18,0,1,0,0,0,0,1,1,6,2,7,1596,1,11,1,1
201306E074914,1,9,0,5,0,1,0,0,0,0,2,1,6,2,6,1590,1,12,3,1
201306E074914,2,1,0,18,0,1,0,0,0,0,1,1,6,1,3,-1,-1,-1,2,1
201306E074919,1,9,0,13,0,1,0,0,0,0,1,1,6,3,-1,-1,-1,-1,-1,-1
201306E074919,2,1,0,18,0,1,0,0,0,0,3,1,6,1,3,-1,-1,-1,1,1
201306E074933,1,21,1,18,0,0,0,0,0,0,1,1,1,1,9,16120,2,6,9,1
201306E074933,2,9,0,3,0,0,0,0,0,0,2,1,2,2,7,1588,1,11,3,1
201306E074933,3,19,0,3,0,0,0,0,0,0,2,1,1,1,7,2463,2,7,2,1
201306E074933,4,9,0,3,0,0,0,0,0,0,2,1,1,2,7,1598,1,13,10,1
201306E074933,5,9,0,3,0,0,0,0,0,0,2,1,6,1,7,1794,1,9,5,1
201306E074933,6,9,0,3,0,0,0,0,0,0,2,1,6,2,7,-1,-1,-1,10,2
201306E074968,1,21,0,7,0,1,0,0,0,0,4,1,1,1,9,5900,2,10,2,1
201306E074968,2,1,0,18,0,1,0,0,0,0,1,1,6,2,5,-1,-1,-1,6,1
201306E074976,1,9,0,18,0,8,0,0,0,0,1,1,6,3,-1,-1,-1,-1,-1,-1
201306E074976,2,9,0,3,0,8,0,0,0,0,2,1,1,1,7,1956,2,2,1,1
201306E074987,1,9,0,18,0,8,0,0,1,0,1,1,6,1,6,-1,-1,-1,-1,-1
201306E074987,2,9,0,18,0,8,0,0,1,0,2,1,6,1,8,1242,1,7,10,1
201306E075009,1,8,0,18,0,8,0,0,0,0,1,1,1,1,8,2664,2,12,1,1
201306E075009,2,1,0,18,0,8,0,0,0,0,4,1,6,1,3,-1,-1,-1,-1,-1
201306E075044,1,2,0,18,0,2,0,0,0,0,1,1,6,1,5,49,1,3,7,1
201306E075044,2,9,0,18,0,1,0,0,0,0,1,1,6,1,4,1390,1,11,5,1
201306E075086,1,9,0,9,0,1,0,0,0,0,1,1,6,2,10,1598,1,7,3,1
201306E075086,2,1,0,10,0,2,0,0,0,0,1,1,6,2,5,-1,-1,-1,2,1
201306E075105,1,9,0,9,0,8,0,0,0,0,1,1,6,2,5,1364,2,7,4,1
201306E075105,2,5,0,18,0,8,0,0,0,0,3,1,6,1,5,645,1,9,2,1
201306E075117,1,9,0,18,0,0,0,0,0,0,4,1,6,2,8,1360,1,4,-1,-1
201306E075118,1,9,0,11,0,0,0,0,0,0,4,1,6,3,-1,-1,-1,-1,-1,-1
201306E075118,2,5,0,18,0,0,0,0,0,0,2,1,6,1,9,1099,1,20,3,1
201306E075118,3,9,0,18,0,0,0,0,0,0,2,1,6,1,6,-1,-1,-1,-1,-1
201306E075159,1,9,0,5,8,0,0,0,0,0,1,1,3,2,7,1595,1,15,1,1
201306E075159,2,9,0,18,0,0,0,10,1,0,1,1,6,1,8,1364,1,4,7,1
201306E075307,1,9,0,7,0,8,0,0,0,0,3,1,6,2,10,1124,1,12,5,1
201306E075307,2,1,0,18,0,8,0,0,0,0,1,1,6,2,7,-1,-1,-1,9,2
201306E075308,1,9,0,18,0,8,0,0,0,0,4,1,6,2,11,1396,1,12,5,1
201306E075308,2,1,0,18,0,8,0,0,0,0,1,1,2,2,6,-1,-1,-1,5,1
201306E075385,1,9,0,18,0,2,0,0,0,0,3,1,2,1,7,1461,2,3,1,1
201306E075393,1,9,0,9,0,5,0,0,0,0,1,2,6,1,6,2000,1,7,-1,-1
201306E075393,2,9,0,18,0,8,0,0,1,0,1,1,6,1,7,1995,1,5,-1,-1
201306E075393,3,9,0,18,0,1,0,0,0,0,1,1,6,1,6,1995,2,5,-1,-1
201306E075394,1,9,0,3,0,1,0,0,0,0,1,1,2,2,4,1229,1,1,1,1
201306E075394,2,19,0,3,0,1,0,0,0,0,2,1,1,1,9,1968,2,-1,-1,-1
201306E075394,3,9,0,10,0,1,0,0,0,0,2,1,2,2,8,-1,-1,-1,-1,-1
201306E075399,1,9,0,18,0,0,0,0,0,0,1,1,6,1,10,-1,-1,-1,3,1
201306E075415,1,9,0,18,0,0,0,0,0,0,1,1,1,1,6,-1,-1,-1,2,1
201306E075438,1,11,0,12,2,8,0,0,0,0,4,1,6,3,-1,-1,-1,-1,-1,-1
201306E075438,2,1,0,18,2,8,0,0,0,0,3,1,6,1,2,-1,-1,-1,2,1
201306E075444,1,9,0,9,0,2,0,0,0,0,1,1,6,2,9,1968,2,2,-1,-1
201306E075444,2,9,0,5,0,2,0,0,0,0,1,1,6,2,6,1598,1,5,6,1
201306E075492,1,9,0,5,0,8,0,0,0,0,3,1,6,2,7,1386,1,6,1,1
201306E075492,2,1,0,9,0,8,0,0,0,0,1,1,1,2,6,-1,-1,-1,-1,-1
201306E075527,1,9,0,18,0,8,0,0,0,0,1,1,2,2,6,1598,1,1,8,1
201306E075527,2,9,0,5,0,8,0,0,0,0,3,1,6,2,9,1796,1,5,8,1
201306E075575,1,9,0,7,0,8,0,0,0,0,1,1,6,1,5,1124,1,9,2,1
201306E075575,2,1,0,18,0,8,0,0,0,0,1,1,6,1,5,-1,-1,-1,10,1
201306E075577,1,9,0,18,0,1,0,0,0,0,3,1,6,1,6,1198,1,2,2,1
201306E075577,2,9,0,18,0,1,0,0,0,0,3,1,6,1,7,1910,2,8,7,1
201306E075577,3,9,0,2,0,1,0,0,0,0,3,1,6,2,8,1796,1,10,4,1
201306E075630,1,9,0,4,0,0,0,0,0,0,1,1,6,2,6,2997,1,15,1,1
201306E075630,2,9,0,4,0,0,0,0,0,0,2,1,6,2,8,1248,2,-1,2,1
201306E075638,1,2,0,18,0,0,0,0,0,0,1,1,6,1,5,49,1,10,-1,-1
201306E075638,2,9,0,18,0,0,0,0,0,0,2,1,6,1,10,1299,1,13,-1,-1
201306E075673,1,9,0,5,0,0,0,0,0,0,0,1,6,2,6,998,1,11,3,1
201306E075692,1,9,0,18,0,2,0,0,0,0,1,1,6,1,7,1968,2,7,1,1
201306E075692,2,1,0,18,0,2,0,0,0,0,4,1,6,2,7,-1,-1,-1,3,1
201306E075729,1,19,0,9,0,6,0,0,0,0,0,1,1,1,6,1753,2,5,-1,-1
201306E075729,2,9,0,18,0,1,0,0,0,0,1,1,6,2,7,1199,1,11,1,1
201306E075729,3,9,0,3,0,1,0,0,0,0,2,1,6,2,9,1995,1,11,4,1
201306E075739,1,9,0,6,0,8,0,0,0,0,3,1,6,1,6,1995,2,1,7,1
201306E075739,2,9,0,18,0,8,0,0,0,0,1,1,6,1,10,998,1,1,6,3
201306E075743,1,9,0,11,0,1,0,0,0,0,4,1,1,1,4,1497,1,8,-1,-1
201306E075743,2,9,0,18,0,1,0,0,0,0,3,1,2,2,7,1596,1,11,7,1
201306E075766,1,9,0,18,0,0,0,0,0,0,1,1,6,1,9,2497,2,8,5,1
201306E075766,2,8,0,18,0,0,0,0,0,0,2,1,1,1,6,1896,2,6,1,1
201306E075766,3,9,0,18,0,0,0,0,0,0,2,1,6,2,6,1910,2,7,3,1
201306E075766,4,9,0,18,0,0,0,0,0,0,2,1,6,1,9,1598,1,10,6,1
201306E075789,1,9,0,9,0,5,0,0,0,0,4,1,1,1,9,-1,-1,-1,6,1
201306E075789,2,3,0,18,0,8,0,0,0,0,1,1,6,1,5,-1,-1,-1,1,1
201306E075792,1,9,0,18,0,2,0,0,0,0,1,1,6,1,6,-1,-1,-1,5,1
201306E075792,2,9,0,18,0,2,0,0,0,0,2,1,6,2,6,-1,-1,-1,3,1
201306E075817,1,9,0,4,0,0,0,0,0,0,1,1,6,1,6,1995,2,9,1,1
201306E075817,2,9,0,3,0,0,0,0,0,0,2,1,6,1,10,1498,1,6,8,1
201306E075817,3,9,0,3,0,0,0,0,0,0,2,1,6,1,8,1991,2,7,9,1
201306E075817,4,9,0,3,0,0,0,0,0,0,2,1,6,1,6,3000,2,11,8,3
201306E075834,1,9,0,14,0,0,5,0,0,0,1,1,6,1,4,1598,2,1,1,1
201306E075834,2,9,0,14,0,0,0,0,0,0,0,1,6,1,6,2993,2,2,-1,-1
201306E075834,3,9,0,3,0,0,0,0,0,0,3,1,6,1,6,1796,1,9,2,1
201306E075834,4,9,0,3,0,0,0,4,0,0,2,1,6,1,7,2720,2,5,8,1
201306E075834,5,9,0,2,0,0,0,0,0,0,3,1,6,1,6,2198,1,7,1,1
201306E075834,6,9,0,18,0,0,0,0,0,0,1,1,6,2,5,1299,1,10,3,1
201306E075842,1,9,0,18,0,0,0,0,0,0,1,1,6,3,-1,-1,-1,-1,-1,-1
201306E075878,1,8,0,13,0,0,0,0,0,0,4,1,1,1,6,-1,-1,-1,2,1
201306E075878,2,1,0,18,0,0,0,0,0,0,3,1,6,1,5,-1,-1,-1,6,1
201306E075932,1,9,0,18,0,8,0,10,3,1,1,1,6,2,6,2993,2,-1,7,1
201306E075962,1,9,0,4,0,0,0,0,0,0,1,1,2,1,5,1368,1,4,4,1
201306E075962,2,1,0,5,0,0,0,0,0,0,2,1,2,1,6,-1,-1,-1,3,1
201306E075969,1,9,0,7,0,8,0,0,0,0,4,1,6,1,7,2494,1,9,10,1
201306E075969,2,1,0,18,0,8,0,0,0,0,1,1,6,2,7,-1,-1,-1,6,1
201306E075985,1,9,0,9,0,1,0,0,0,0,3,1,6,1,6,1781,1,9,-1,-1
201306E075985,2,1,0,9,0,8,0,0,0,0,4,1,2,1,6,-1,-1,-1,8,1
201306E075997,1,9,0,18,0,1,0,0,0,0,1,2,1,3,6,-1,-1,-1,-1,-1
201306E075997,2,1,0,3,0,1,0,0,0,0,2,1,1,1,7,-1,-1,-1,2,1
201306E076012,1,9,0,9,0,6,0,0,0,0,1,1,6,1,5,1364,1,9,2,1
201306E076012,2,9,0,18,0,1,0,0,0,0,3,1,6,1,6,1199,1,10,1,1
201306E076019,1,9,0,18,0,1,0,0,0,0,2,1,1,1,7,-1,-1,-1,1,1
201306E076019,2,19,0,18,0,1,0,0,0,0,1,1,1,1,9,-1,-1,-1,6,1
201306E076108,1,1,0,18,0,8,0,0,0,0,4,1,6,1,7,-1,-1,-1,5,1
201306E076108,2,9,0,18,0,8,0,0,0,0,1,1,6,2,5,-1,-1,-1,6,1
201306E076147,1,9,0,1,0,1,0,0,0,0,2,1,6,1,9,1997,2,4,1,1
201306E076200,1,9,0,9,4,6,0,0,0,0,1,1,6,1,-1,1229,1,-1,-1,-1
201306E076200,2,1,0,18,4,8,0,0,0,0,3,1,6,1,6,-1,-1,-1,4,1
201306E076228,1,9,0,9,0,6,0,0,0,0,4,1,6,1,10,1461,2,10,3,1
201306E076228,2,9,0,18,0,1,0,0,0,0,1,1,6,1,6,1995,2,4,9,1
201306E076228,3,9,0,2,0,2,0,0,0,0,3,1,6,2,5,1149,1,7,4,1
201306E076250,1,9,0,4,0,1,0,0,0,0,1,1,2,1,7,1398,1,10,1,1
201306E076250,2,1,0,18,9,8,0,0,0,0,1,1,2,2,2,-1,-1,-1,1,1
201306E076256,1,9,0,11,0,2,0,0,0,0,0,1,6,1,-1,-1,-1,-1,-1,-1
201306E076256,2,4,0,13,0,2,0,7,1,7,1,1,2,1,7,-1,-1,-1,2,1
201306E076262,1,9,0,6,0,5,0,0,0,0,0,1,1,1,4,1396,1,12,1,1
201306E076262,2,9,0,9,0,5,0,0,0,0,1,1,6,1,7,2457,1,1,-1,-1
201306E076262,3,9,0,2,9,5,0,0,0,0,0,1,6,1,6,1997,1,9,-1,-1
201306E076313,1,11,0,18,0,1,0,0,0,0,1,1,1,1,6,-1,2,14,4,1
201306E076313,2,20,0,10,0,1,0,0,0,0,2,1,1,1,6,-1,-1,-1,9,1
201306E076334,1,9,0,9,0,8,0,0,0,0,4,1,6,2,6,998,1,3,4,1
201306E076340,1,9,0,1,0,0,0,0,0,0,2,1,6,1,7,1332,1,15,2,1
201306E076346,1,9,0,18,0,2,0,0,0,0,1,1,6,1,7,-1,-1,-1,1,1
201306E076346,2,1,0,18,0,1,0,0,0,0,1,1,6,1,2,-1,-1,-1,1,1
201306E076372,1,9,0,18,0,0,0,0,0,0,1,1,6,1,4,973,1,10,1,1
201306E076449,1,9,0,7,0,5,0,0,0,0,1,1,6,1,6,-1,-1,-1,2,1
201306E076449,2,9,0,8,0,6,0,0,0,0,3,1,6,2,7,1587,1,9,1,1
201306E076452,1,9,0,18,0,8,0,0,0,0,1,1,2,2,6,1360,1,7,7,1
201306E076452,2,9,0,18,0,8,0,0,0,0,4,1,1,1,5,1998,2,4,4,1
201306E076453,1,9,0,9,0,1,0,0,0,0,1,1,6,1,9,1197,1,2,1,1
201306E076462,1,9,0,9,0,8,0,0,0,0,1,1,2,1,8,1124,1,15,3,1
201306E076462,2,1,0,18,0,8,0,0,0,0,1,1,2,1,4,-1,-1,-1,8,1
201306E076494,1,9,0,13,0,1,0,0,0,0,1,1,6,1,6,1595,1,10,9,1
201306E076499,1,8,0,18,0,8,0,0,0,0,1,1,1,1,6,1753,2,5,1,1
201306E076501,1,90,0,18,0,8,1,0,0,0,1,1,6,1,7,-1,-1,-1,4,1
201306E076501,2,8,0,7,0,6,0,0,0,0,4,1,1,1,6,-1,-1,-1,1,1
201306E076518,1,9,0,9,0,8,0,0,0,0,1,1,1,1,5,1896,2,7,6,1
201306E076518,2,3,0,18,0,8,0,0,0,0,0,1,6,1,6,125,1,6,6,1
201306E076524,1,9,0,14,0,1,0,0,0,0,1,1,6,1,5,973,1,12,10,1
201306E076524,2,9,0,9,0,1,0,0,0,0,1,1,6,2,5,1229,1,8,-1,-1
201306E076529,1,90,0,9,0,8,0,0,0,0,4,1,1,1,8,-1,-1,-1,3,1
201306E076529,2,9,0,18,0,8,0,0,0,0,3,1,1,1,6,1995,2,7,1,1
201306E076535,1,9,0,1,0,0,0,0,0,0,2,1,6,3,-1,1242,1,9,-1,-1
201306E076651,1,9,0,18,0,2,0,0,0,0,3,1,6,1,5,1229,1,7,7,3
201306E076655,1,9,0,18,0,1,0,0,0,0,1,1,1,1,6,1587,1,6,7,1
201306E076655,2,9,0,18,0,1,0,0,0,0,2,1,1,1,7,1390,1,3,3,1
201306E076658,1,9,0,18,0,8,0,0,0,0,1,1,6,3,-1,-1,-1,-1,-1,-1
201306E076658,2,1,0,9,0,8,0,0,0,0,2,1,6,1,7,-1,-1,-1,1,1
201306E076685,1,9,0,5,0,0,0,0,0,0,3,1,6,2,6,998,1,-1,2,1
201306E076747,1,9,0,14,0,1,0,0,0,0,0,1,6,1,8,1753,2,5,1,1
201306E076747,2,1,0,9,0,1,0,0,0,0,0,1,6,1,3,-1,-1,-1,-1,-1
201306E076795,1,9,0,18,4,1,0,0,0,0,1,1,1,1,6,1124,1,11,-1,-1
201306E076796,1,9,0,4,0,2,0,0,0,0,1,1,6,2,5,1995,2,6,-1,-1
201306E076796,2,9,0,4,0,2,0,0,0,0,2,1,6,1,7,1390,1,15,4,1
201306E076796,3,9,0,4,0,2,0,0,0,0,2,1,6,2,5,1242,1,9,-1,-1
201306E076796,4,9,0,4,0,2,0,0,0,0,2,1,6,1,6,-1,-1,-1,-1,-1
201306E076801,1,9,0,9,0,8,0,0,0,0,3,1,6,2,6,3222,2,8,4,1
201306E076801,2,4,0,18,0,8,0,0,0,0,1,1,6,1,6,124,1,7,2,1
201306E076804,1,9,0,18,0,8,0,0,0,0,1,1,2,1,8,1242,1,9,1,1
201306E076822,1,9,0,7,0,8,0,0,0,0,4,1,6,1,4,1398,1,7,3,1
201306E076877,1,9,0,9,0,8,0,0,0,0,0,2,6,3,-1,-1,-1,-1,-1,-1
201306E076877,2,3,0,18,0,8,0,0,0,0,0,1,6,1,4,124,1,7,1,1
201306E076878,1,9,0,18,0,1,0,0,0,0,3,1,6,1,6,-1,-1,-1,-1,-1
201306E076878,2,9,0,18,0,2,0,0,0,0,3,1,6,1,7,1598,1,5,1,1
201306E076910,1,9,0,18,0,8,0,0,0,0,1,1,6,1,6,1598,1,6,4,1
201306E076910,2,1,0,18,0,8,5,0,0,0,3,1,2,1,6,-1,-1,-1,1,1
201306E076949,1,3,0,5,0,4,0,0,0,0,0,1,6,1,6,124,1,10,-1,-1
201306E076949,2,9,0,5,0,4,0,0,0,0,0,1,6,2,6,1296,1,6,5,3
201306E076960,1,9,0,2,6,1,0,0,0,0,3,1,6,1,7,3200,2,7,-1,-1
201306E076960,2,1,0,18,4,1,0,0,0,0,1,1,6,2,5,-1,-1,-1,6,1
201306E076995,1,9,0,7,0,8,0,0,0,0,3,1,6,2,8,1339,1,11,1,1
201306E076995,2,9,0,18,0,4,0,0,0,0,1,1,6,1,5,2000,2,8,3,1
201306E077033,1,8,0,18,0,2,0,0,0,0,1,1,1,1,6,-1,-1,-1,1,1
201306E077172,1,9,0,18,0,8,0,0,0,0,1,1,6,2,5,1198,1,8,1,1
201306E077172,2,9,0,9,0,8,0,0,0,0,4,1,1,1,7,1896,2,5,1,1
201306E077232,1,9,0,1,0,1,0,0,0,0,2,1,6,1,7,1896,2,10,2,1
201306E077232,2,9,0,2,0,1,0,0,0,0,2,1,6,1,6,-1,-1,-1,1,1
201306E077278,1,9,0,18,0,1,0,0,0,0,1,1,3,2,6,-1,-1,-1,2,1
201306E077312,1,9,0,9,0,5,0,0,0,0,1,1,6,1,5,1598,1,11,2,1
201306E077312,2,1,0,18,0,1,0,0,0,0,1,1,6,1,5,-1,-1,-1,2,1
201306E077386,1,9,0,18,0,8,0,0,0,0,4,1,6,1,5,1242,1,6,2,1
201306E077386,2,1,0,15,0,8,0,0,0,0,1,1,6,2,5,-1,-1,-1,-1,-1
201306E077403,1,9,0,9,0,8,0,0,0,0,1,1,6,1,4,1399,1,5,3,1
201306E077403,2,9,0,18,0,1,0,0,0,0,1,1,2,2,4,1199,1,11,-1,1
201306E077443,1,9,0,9,0,6,1,0,7,10,1,1,6,3,6,1896,2,15,-1,-1