Accident_Index,Vehicle_Reference,Vehicle_Type,Towing_and_Articulation,Vehicle_Manoeuvre,Vehicle_Location-Restricted_Lane,Junction_Location,Skidding_and_Overturning,Hit_Object_in_Carriageway,Vehicle_Leaving_Carriageway,Hit_Object_off_Carriageway,1st_Point_of_Impact,Was_Vehicle_Left_Hand_Drive?,Journey_Purpose_of_Driver,Sex_of_Driver,Age_Band_of_Driver,Engine_Capacity_(CC),Propulsion_Code,Age_of_Vehicle,Driver_IMD_Decile,Driver_Home_Area_Type
201306E077443,2,9,0,2,0,1,0,0,0,0,3,1,6,2,5,1598,1,10,1,1
201306E077483,1,9,0,9,0,8,0,0,0,0,4,1,6,1,7,1999,1,9,9,1
201306E077483,2,3,0,18,0,8,0,0,0,0,1,1,6,2,10,124,1,7,6,1
201306E077494,1,9,0,18,0,8,0,0,0,0,1,1,6,2,10,1341,1,8,8,1
201306E077494,2,9,0,18,0,8,0,0,0,0,2,1,6,2,6,1796,1,9,-1,-1
201306E077506,1,3,0,13,0,1,0,0,0,0,3,1,2,1,6,124,1,8,1,1
201306E077506,2,8,0,9,0,1,0,0,0,0,4,1,1,1,8,1896,2,7,2,1
201306E077542,1,9,0,9,0,8,0,0,0,0,1,1,6,2,8,1198,1,1,10,1
201306E077542,2,1,0,18,0,8,0,0,0,0,3,1,6,1,6,-1,-1,-1,6,1
201306E077598,1,9,0,18,0,1,0,0,0,0,1,1,6,1,10,1242,1,13,1,1
201306E077598,2,9,0,18,0,1,0,0,0,0,2,1,6,1,5,1896,2,10,1,1
201306E077601,1,9,0,18,0,8,0,0,3,10,3,1,6,1,4,1242,1,12,10,2
201306E077601,2,9,0,18,0,8,0,0,0,0,1,1,1,1,5,1984,1,4,6,1
201306E077610,1,9,0,4,0,0,0,0,0,0,1,1,1,1,8,1999,1,9,9,1
201306E077631,1,8,0,4,0,8,0,0,0,0,0,1,1,1,7,1910,2,6,-1,-1
201306E077658,1,9,0,1,0,0,0,0,0,0,2,1,1,1,7,1968,2,5,1,1
201306E077672,1,9,0,7,0,2,0,0,0,0,1,1,6,1,5,1598,1,5,1,1
201306E077768,1,9,0,5,0,8,0,0,0,0,3,1,2,1,6,996,1,4,1,1
201306E077768,2,9,0,18,0,1,0,0,0,0,4,1,6,1,10,2776,2,7,-1,-1
201306E077784,1,9,0,7,0,5,0,0,0,0,1,1,2,2,6,1461,2,8,3,1
201306E077784,2,1,0,18,0,5,0,0,0,0,3,1,6,2,6,-1,-1,-1,6,1
201306E077785,1,9,0,3,0,1,0,0,0,0,2,1,1,1,7,1582,2,1,6,1
201306E077785,2,11,0,4,0,1,0,0,0,0,1,1,1,1,5,4500,2,3,9,1
201306E077797,1,9,0,18,0,1,0,0,0,0,1,1,6,2,5,1229,1,6,5,1
201306E077810,1,9,0,18,0,8,0,0,0,0,1,1,6,1,3,-1,-1,-1,1,1
201306E077810,2,9,0,18,0,8,0,0,7,0,4,1,6,2,6,1995,2,9,4,1
201306E077814,1,9,0,2,4,2,0,0,0,0,3,1,6,1,5,1595,1,13,1,1
201306E077814,2,1,0,18,4,2,0,0,0,0,1,1,6,1,6,-1,-1,-1,-1,-1
201306E077830,1,9,0,14,0,2,0,0,0,0,4,1,6,1,6,1242,1,13,1,1
201306E077830,2,9,0,4,0,2,0,0,0,0,0,1,6,2,6,-1,-1,-1,-1,-1
201306E077834,1,9,0,18,0,2,0,0,0,0,1,1,6,2,8,1360,1,13,6,1
201306E077848,1,1,0,18,0,8,0,0,0,0,1,1,6,1,3,-1,-1,-1,-1,-1
201306E077848,2,9,0,18,0,8,0,0,0,0,1,1,6,1,6,1299,1,10,10,1
201306E077892,1,9,0,17,9,2,0,0,1,2,1,1,6,1,7,2000,2,8,2,1
201306E077920,1,9,0,18,0,0,0,0,0,0,1,1,2,2,6,1910,2,5,6,1
201306E077920,2,9,0,3,0,0,0,0,0,0,2,1,2,1,5,1390,1,5,6,1
201306E078074,1,9,0,18,0,8,1,0,0,0,1,1,2,1,6,2493,1,11,3,1
201306E078074,2,9,0,18,0,8,0,0,0,0,1,1,2,2,5,1242,1,1,5,1
201306E078074,3,8,0,18,0,8,0,0,0,0,1,1,1,1,9,1598,1,5,1,1
201306E078129,1,9,0,18,0,8,0,0,0,0,4,1,6,1,5,1595,1,10,-1,-1
201306E078129,2,9,0,9,0,8,0,0,0,0,1,1,6,2,10,1364,1,6,9,1
201306E078130,1,9,0,9,0,8,0,0,0,0,1,1,6,1,8,1149,1,14,2,1
201306E078130,2,9,0,18,0,8,0,0,0,0,1,1,6,1,8,998,1,8,1,1
201306E078168,1,1,0,18,0,0,0,0,0,0,1,1,6,1,4,-1,-1,-1,1,1
201306E078168,2,9,0,18,0,0,0,0,0,0,0,1,1,1,6,-1,-1,-1,7,1
201306E078174,1,19,0,18,0,5,0,0,0,0,1,1,2,1,7,1461,2,1,10,3
201306E078174,2,9,0,3,0,5,0,0,0,0,2,1,6,2,7,1598,1,8,2,1
201306E078176,1,9,0,7,0,5,0,0,0,0,1,1,6,3,-1,-1,-1,-1,-1,-1
201306E078188,1,9,0,1,0,1,0,0,0,0,2,1,6,1,8,1398,1,-1,6,1
201306E078189,1,9,0,9,0,5,0,0,0,0,1,1,6,1,8,2616,1,9,4,1
201306E078206,1,9,0,7,0,1,0,0,0,0,3,1,3,2,8,1399,1,6,1,1
201306E078270,1,9,0,6,0,0,1,10,2,0,3,1,6,1,6,-1,-1,-1,-1,-1
201306E078270,2,9,0,4,0,0,2,0,0,0,0,1,6,1,6,1762,1,13,-1,-1
201306E078289,1,9,0,18,0,8,0,0,0,0,1,1,6,3,-1,-1,-1,-1,-1,-1
201306E078289,2,9,0,2,0,8,0,0,0,0,4,1,3,2,6,1598,1,5,2,1
201306E078331,1,9,0,9,0,2,0,0,0,0,1,1,1,2,5,1995,2,-1,3,1
201306E078335,1,9,0,18,0,8,0,0,0,0,1,1,6,2,7,2967,2,1,4,1
201306E078335,2,9,0,18,0,8,0,0,0,0,4,1,6,2,10,1299,1,15,-1,-1
201306E078336,1,9,0,5,0,0,0,0,0,0,4,1,6,2,6,-1,-1,-1,4,1
201306E078336,2,1,0,18,0,0,0,0,0,0,1,1,6,1,7,-1,-1,-1,2,1
201306E078343,1,9,0,7,0,8,0,0,0,0,4,1,6,2,8,1896,2,9,5,1
201306E078343,2,1,0,9,0,8,0,0,0,0,3,1,6,1,6,-1,-1,-1,6,1
201306E078344,1,9,0,18,0,8,0,0,0,0,1,1,6,1,5,1242,1,5,8,1
201306E078344,2,9,0,7,0,8,0,0,0,0,4,1,6,2,6,1587,1,6,1,1
201306E078394,1,9,0,1,0,1,0,0,0,0,2,1,4,1,7,1997,2,7,-1,-1
201306E078414,1,1,0,18,9,0,0,0,0,0,1,1,6,1,4,-1,-1,-1,9,1
201306E078414,2,19,0,2,9,0,0,0,0,0,4,1,1,1,9,2402,2,4,3,1
201306E078416,1,2,0,18,0,2,0,0,0,0,1,1,6,1,3,125,1,1,1,1
201306E078416,2,9,0,2,0,2,0,0,0,0,1,1,6,1,6,1596,1,2,-1,-1
201306E078425,1,8,0,12,0,0,0,0,0,0,3,1,1,1,8,2402,2,10,2,1
201306E078425,2,21,1,18,0,0,0,0,0,0,4,1,1,1,6,10518,2,7,9,3
201306E078440,1,9,0,18,0,8,0,0,0,0,1,1,6,3,-1,-1,-1,-1,-1,-1
201306E078440,2,9,0,18,0,8,0,0,0,0,4,1,6,1,4,1296,1,6,3,1
201306E078443,1,9,0,18,0,1,0,0,0,0,1,1,6,2,9,1360,1,13,-1,-1
201306E078443,2,9,0,10,0,1,0,0,0,0,2,1,6,2,4,1390,1,8,2,1
201306E078449,1,9,0,7,0,8,0,0,0,0,2,1,6,2,-1,-1,-1,-1,-1,-1
201306E078449,2,1,0,18,0,8,0,0,0,0,1,1,6,1,6,-1,-1,-1,5,1
201306E078455,1,9,0,18,4,8,0,0,0,0,1,1,3,2,6,2993,2,9,1,1
201306E078455,2,1,0,18,4,8,0,0,0,0,0,1,3,2,5,-1,-1,-1,4,1
201306E078465,1,9,0,9,0,8,0,0,1,0,4,1,6,1,4,-1,-1,-1,1,1
201306E078465,2,9,0,18,0,8,0,0,0,0,1,1,6,1,6,1870,2,9,1,1
201306E078480,1,9,0,18,0,1,0,0,0,0,1,1,6,2,7,1198,1,4,6,1
201306E078480,2,9,0,12,0,1,0,0,0,0,2,1,6,2,7,3999,1,1,8,3
201306E078482,1,9,0,9,0,6,0,0,0,0,4,1,6,1,6,1360,1,11,1,1
201306E078598,1,9,0,18,0,0,0,0,0,0,1,1,6,1,6,2000,1,9,1,1
201306E078622,1,9,0,12,0,5,0,0,0,0,4,1,6,1,6,1995,2,10,8,1
201306E078622,2,4,0,18,0,7,0,0,0,0,3,1,6,1,7,124,1,7,-1,-1
201306E078650,1,9,0,18,0,8,0,0,0,0,1,1,6,1,6,1796,1,9,-1,-1
201306E078650,2,1,0,18,0,8,0,0,0,0,2,1,2,1,8,-1,-1,-1,2,1
201306E078657,1,4,0,18,0,8,0,0,0,0,1,1,2,1,4,125,1,-1,9,1
201306E078657,2,9,0,9,0,1,0,0,0,0,4,1,6,1,7,1896,2,7,1,1
201306E078693,1,9,0,18,0,8,0,0,0,0,1,1,1,1,8,1998,2,6,2,1
201306E078693,2,1,0,18,0,8,0,0,0,0,1,1,6,1,5,-1,-1,-1,2,1
201306E078725,1,1,0,9,4,1,0,0,0,0,0,1,1,1,5,-1,-1,-1,3,1
201306E078725,2,9,0,18,0,1,0,0,0,0,1,1,6,2,8,1598,1,10,2,1
201306E078744,1,9,0,18,0,0,0,0,0,0,3,1,6,2,11,1796,1,13,6,1
201306E078753,1,9,0,18,0,1,0,0,0,0,0,1,2,1,6,1598,1,10,3,1
201306E078754,1,9,0,9,0,5,0,0,0,0,4,1,6,1,7,-1,-1,-1,1,1
201306E078754,2,1,0,18,0,8,0,0,0,0,1,1,6,1,7,-1,-1,-1,10,1
201306E078757,1,19,0,15,0,0,0,0,0,0,0,1,6,1,6,-1,-1,-1,-1,-1
201306E078757,2,9,0,3,0,0,0,0,0,0,0,1,1,1,9,1781,1,23,2,1
201306E078767,1,8,0,9,0,8,0,0,0,0,1,1,1,1,6,-1,-1,-1,7,1
201306E078767,2,1,0,18,0,8,0,0,0,0,1,1,2,1,8,-1,-1,-1,10,1
201306E078768,1,9,0,9,0,2,0,0,0,0,1,1,6,1,6,1753,2,10,3,1
201306E078786,1,9,0,9,0,8,0,0,0,0,3,1,6,2,7,-1,-1,-1,1,1
201306E078786,2,9,0,18,0,8,0,0,0,0,1,1,6,2,7,1968,2,4,4,1
201306E078789,1,19,0,18,0,8,0,0,1,0,1,1,1,1,9,-1,-1,-1,1,1
201306E078789,2,19,0,18,0,8,5,0,0,0,2,1,1,1,8,2496,2,13,1,1
201306E078790,1,9,0,18,0,8,0,0,0,0,3,1,6,1,6,1968,2,1,1,1
201306E078790,2,1,0,18,4,1,0,0,0,0,1,1,6,1,7,-1,-1,-1,4,1
201306E078793,1,9,0,5,0,4,0,0,0,0,1,1,2,1,6,2099,1,11,6,1
201306E078793,2,1,0,18,0,3,0,0,0,0,4,1,2,1,8,-1,-1,-1,8,1
201306E078799,1,9,0,18,0,0,0,0,0,0,2,1,6,2,5,1598,2,-1,3,1
201306E078799,2,9,0,18,0,0,0,0,0,0,1,1,6,2,6,1600,1,9,10,1
201306E078818,1,9,0,9,0,1,0,0,0,0,1,1,6,1,9,999,1,14,4,1
201306E078818,2,1,0,18,0,1,0,0,0,0,1,1,6,1,8,-1,-1,-1,7,1
201306E078857,1,9,0,18,0,8,0,0,0,0,3,1,6,1,5,1422,2,7,-1,-1
201306E078857,2,1,0,18,0,8,1,0,0,0,1,1,2,1,9,-1,-1,-1,3,1
201306E078878,1,19,0,9,0,8,0,0,0,0,1,1,2,1,5,1560,2,3,1,1
201306E078879,1,9,0,18,0,1,0,0,0,0,3,1,6,2,7,1360,1,9,3,1
201306E078883,1,1,0,9,0,1,0,0,0,0,3,1,2,1,6,-1,-1,-1,3,1
201306E078883,2,11,0,18,0,1,0,0,0,0,1,1,1,1,8,6700,2,5,1,1
201306E078908,1,9,0,18,0,6,0,0,0,0,1,1,6,1,5,1590,1,21,2,1
201306E078908,2,9,0,18,0,8,0,0,1,0,3,1,6,1,5,2179,2,1,9,1
201306E078986,1,5,0,17,0,0,0,0,0,0,4,1,6,1,6,599,1,12,-1,-1
201306E078986,2,9,0,6,0,0,0,0,0,0,0,1,6,2,7,1587,1,11,1,1
201306E079001,1,9,0,9,0,8,0,0,0,0,0,1,1,1,4,1364,1,6,2,1
201306E079001,2,1,0,18,0,8,0,0,0,0,0,1,6,1,6,-1,-1,-1,3,1
201306E079009,1,9,0,9,0,8,0,0,0,0,1,1,6,1,6,998,1,7,9,1
201306E079009,2,19,0,18,0,8,0,0,0,0,1,1,1,1,6,-1,-1,-1,1,1
201306E079009,3,9,0,2,0,1,0,0,0,0,2,1,6,1,6,1600,1,14,-1,-1
201306E079021,1,9,0,18,0,8,0,0,0,0,1,1,6,1,5,1995,2,2,9,1
201306E079021,2,9,0,18,0,8,0,0,0,0,1,1,6,2,8,1364,1,5,6,1
201306E079034,1,9,0,18,0,2,0,0,0,0,1,1,2,1,6,1968,2,1,2,1
201306E079120,1,11,0,4,2,0,0,0,0,0,0,1,2,2,5,-1,2,14,3,1
201306E079181,1,9,0,18,0,2,0,0,0,0,1,1,6,2,8,1242,1,7,9,1
201306E079181,2,4,0,3,0,2,5,0,0,0,2,1,6,1,5,398,1,20,1,1
201306E079212,1,9,0,18,0,0,0,0,0,0,1,1,1,2,8,875,1,1,2,1
201306E079218,1,9,0,9,0,1,0,0,0,0,3,1,6,1,6,1396,1,13,3,1
201306E079218,2,9,0,18,0,8,0,0,0,0,1,1,2,2,9,998,1,16,5,1
201306E079221,1,8,0,9,9,8,0,0,0,0,3,1,1,1,7,1896,2,6,1,1
201306E079237,1,9,0,18,0,8,0,0,0,0,1,1,6,2,8,1598,1,-1,1,1
201306E079237,2,9,0,3,0,8,0,0,0,0,3,1,6,1,6,1995,2,-1,1,1
201306E079237,3,9,0,18,0,8,0,0,0,0,4,1,6,2,8,1497,8,7,9,1
201306E079322,1,9,0,9,0,1,0,0,0,0,1,1,1,1,7,1781,1,9,2,1
201306E079322,2,1,0,18,0,1,0,0,0,0,2,1,1,1,7,-1,-1,-1,1,1
201306E079342,1,9,0,7,0,0,0,0,0,0,1,1,6,1,-1,-1,-1,-1,-1,-1
201306E079342,2,9,0,18,0,0,0,0,0,0,2,1,6,1,7,1392,1,14,2,1
201306E079448,1,9,0,18,0,8,0,0,0,0,1,1,6,1,-1,-1,-1,-1,-1,-1
201306E079480,1,9,0,9,0,6,0,0,0,0,2,1,6,1,6,1229,1,7,4,1
201306E079480,2,9,0,18,0,1,0,0,0,0,3,1,1,2,6,998,1,1,6,1
201306E079524,1,9,0,18,0,8,0,0,0,0,3,1,1,1,7,1590,1,10,7,1
201306E079524,2,9,0,18,0,8,0,0,1,10,1,1,6,1,8,1596,1,11,4,1
201306E079537,1,9,0,9,0,8,0,0,0,0,4,1,6,1,4,1296,1,6,6,1
201306E079537,2,10,0,18,0,8,0,0,0,0,1,1,1,1,6,-1,-1,-1,-1,-1
201306E079545,1,1,0,18,0,0,0,0,0,0,1,1,6,1,6,-1,-1,-1,6,1
201306E079545,2,11,0,2,6,0,0,0,0,0,3,1,1,1,6,8270,2,13,1,1
201306E079548,1,9,0,18,0,8,0,0,0,0,1,1,6,1,6,-1,-1,-1,-1,-1
201306E079548,2,9,0,18,0,8,0,0,0,0,3,1,6,2,8,2179,2,6,6,1
201306E079555,1,9,0,9,0,6,0,0,0,0,1,1,6,2,7,-1,-1,-1,3,1
201306E079555,2,1,0,18,0,8,0,0,0,0,4,1,2,1,4,-1,-1,-1,3,1
201306E079565,1,9,0,4,0,2,0,0,0,0,1,1,1,1,6,-1,-1,-1,5,1
201306E079565,2,9,0,7,0,5,0,0,0,0,2,1,6,1,8,1388,1,9,1,1
201306E079583,1,9,0,7,0,5,0,0,0,0,1,1,1,2,10,1400,1,6,5,1
201306E079583,2,1,0,18,0,8,0,0,0,0,1,1,2,1,6,-1,-1,-1,3,1
201306E079588,1,9,0,18,0,1,0,0,0,0,1,1,6,1,6,2495,1,12,-1,-1
201306E079588,2,9,0,9,0,5,0,0,2,10,4,1,1,1,8,-1,-1,-1,1,1
201306E079588,3,9,0,3,0,2,0,0,0,0,1,1,6,1,9,1997,2,6,7,2
201306E079595,1,9,0,5,0,2,0,0,0,0,2,1,6,1,-1,1149,1,10,-1,-1
201306E079595,2,8,0,18,0,2,0,0,0,0,1,1,1,1,6,1896,2,5,3,1
201306E079605,1,9,0,7,0,8,0,0,0,0,3,1,1,1,11,1584,1,8,4,1
201306E079605,2,1,0,18,0,8,0,0,0,0,1,1,6,1,8,-1,-1,-1,1,1
201306E079617,1,9,0,18,0,8,0,0,3,1,1,1,2,2,7,2499,1,3,3,1
201306E079617,2,9,0,18,0,8,0,0,7,1,4,1,6,1,11,1598,1,12,7,3
201306E079621,1,9,0,18,0,6,0,0,0,0,3,1,6,1,10,4172,2,5,-1,-1
201306E079621,2,9,0,18,0,1,0,0,0,0,1,1,6,2,9,1587,1,14,-1,-1
201306E079628,1,9,0,18,0,8,0,0,0,0,1,1,2,2,8,1956,2,-1,1,1
201306E079628,2,19,0,18,0,8,0,0,0,0,3,1,1,1,5,1248,2,2,7,1
201306E079654,1,8,0,10,0,8,0,0,0,0,1,1,1,1,7,1598,2,2,1,1
201306E079654,2,9,0,18,0,1,0,0,0,0,3,1,2,1,9,1560,2,1,3,1
201306E079681,1,9,0,18,0,0,0,0,0,0,1,1,2,2,5,1149,1,12,7,1
201306E079692,1,9,0,18,0,8,0,0,0,0,1,1,6,1,6,1995,2,-1,9,1
201306E079692,2,9,0,18,0,8,0,0,0,0,2,1,6,2,7,3199,1,15,4,1
201306E079692,3,90,0,18,0,8,0,0,0,0,0,1,1,1,7,2987,2,1,-1,-1
201306E079747,1,9,0,15,0,1,0,0,0,0,1,1,6,2,5,1199,1,14,1,1
201306E079747,2,9,0,18,0,8,0,0,0,0,1,1,1,2,7,1388,1,7,4,1
201306E079747,3,19,0,3,0,1,0,0,0,0,1,1,1,1,7,4764,2,2,8,1
201306E079747,4,9,0,4,0,1,0,0,0,0,0,1,6,2,7,1995,2,-1,-1,-1
201306E079754,1,3,0,18,0,8,0,0,0,0,4,1,6,1,6,-1,-1,-1,1,1
201306E079754,2,9,0,9,0,8,0,0,0,0,3,1,6,2,9,1560,2,1,10,1
201306E079826,1,9,0,9,0,8,0,0,0,0,1,1,6,1,7,1198,1,6,3,1
201306E079826,2,10,2,18,0,8,0,0,0,0,1,1,6,1,7,2500,2,14,-1,-1
201306E079837,1,9,0,18,0,0,0,0,0,0,4,1,3,2,6,1390,1,14,-1,-1
201306E079898,1,9,0,18,0,1,0,0,0,0,1,1,6,1,10,1388,1,7,2,1
201306E079898,2,9,0,18,0,1,0,0,0,0,2,1,6,2,4,1199,1,10,6,1
201306E079898,3,21,0,9,0,2,0,0,0,0,4,1,6,1,6,-1,-1,-1,-1,-1
201306E079898,4,19,0,18,0,1,0,0,0,0,2,1,6,1,9,1686,2,7,1,1
201306E079918,1,9,0,7,0,1,0,0,0,0,1,1,2,2,6,1595,1,5,4,1
201306E079918,2,1,0,18,0,1,0,0,0,0,1,1,2,1,6,-1,-1,-1,3,1
201306E079934,1,9,0,18,0,1,0,0,0,0,0,1,6,2,10,1364,1,4,8,1
201306E079947,1,9,0,7,0,6,0,0,0,0,1,1,6,2,5,1242,1,11,4,1
201306E079947,2,9,0,18,0,8,0,0,0,0,1,1,6,1,6,-1,-1,-1,1,1
201306E079952,1,9,0,9,0,4,0,0,0,0,1,1,6,1,4,1198,1,6,10,1
201306E079952,2,9,0,18,0,8,0,0,7,0,3,1,3,2,6,-1,-1,-1,-1,-1
201306E079952,3,1,0,18,9,8,0,0,0,0,2,1,2,1,5,-1,-1,-1,-1,-1
201306E079967,1,8,0,7,0,6,0,0,0,0,1,1,6,1,6,2143,2,4,3,1
201306E079967,2,3,0,18,0,1,0,0,0,0,1,1,6,1,4,124,1,3,-1,-1
201306E079977,1,9,0,9,0,5,0,0,0,0,1,1,6,2,6,1599,1,9,3,1
201306E079977,2,11,0,18,0,8,1,0,0,0,3,1,1,1,6,-1,2,14,4,1
201306E080046,1,9,0,18,0,0,0,0,0,0,1,1,6,2,6,-1,-1,-1,-1,-1
201306E080046,2,1,0,18,0,0,0,0,0,0,3,1,6,1,6,-1,-1,-1,4,1
201306E080058,1,9,0,14,0,0,0,0,0,0,1,1,2,2,7,998,1,8,2,1
201306E080058,2,9,0,3,0,0,0,0,0,0,3,1,2,2,8,1968,2,5,10,1
201306E080064,1,9,0,1,0,0,0,10,7,10,2,1,2,1,11,1495,1,16,1,1
201306E080064,2,8,0,2,0,0,0,0,0,0,2,1,6,2,8,1589,1,16,1,1
201306E080064,3,9,0,2,0,0,0,0,0,0,4,1,6,2,6,1896,2,9,-1,3
201306E080088,1,19,0,5,0,0,0,0,0,0,1,1,1,1,6,2148,2,3,2,1
201306E080088,2,9,0,4,0,0,0,0,0,0,2,1,6,2,7,2987,2,7,4,1
201306E080115,1,1,0,9,0,6,0,0,0,0,3,1,2,2,5,-1,-1,-1,1,1
201306E080115,2,9,0,18,0,8,0,0,0,0,1,1,6,2,5,1299,1,11,3,1
201306E080177,1,9,0,5,0,8,0,0,0,0,1,1,6,1,10,1590,1,14,10,1
201306E080177,2,1,0,18,0,8,0,0,0,0,4,1,1,1,6,-1,-1,-1,5,1
201306E080230,1,9,0,18,0,8,0,0,0,0,4,1,6,1,9,998,1,7,2,1
201306E080230,2,90,0,18,0,8,0,0,0,0,4,1,6,1,7,-1,-1,-1,-1,-1
201306E080236,1,9,0,18,0,1,0,0,0,0,1,1,6,1,7,1598,1,12,2,1
201306E080236,2,9,0,18,0,8,0,0,0,0,4,1,6,2,8,998,1,4,3,1
201306E080236,3,19,0,18,0,1,0,0,0,0,1,1,1,1,8,-1,-1,-1,4,1
201306E080242,1,9,0,7,0,0,0,0,0,0,4,1,3,2,6,-1,-1,-1,1,1
201306E080246,1,9,0,2,0,0,0,0,0,0,3,1,1,1,6,1990,1,25,1,1
201306E080246,2,1,0,18,0,0,1,0,0,0,2,1,2,1,6,-1,-1,-1,2,1
201306E080260,1,9,0,18,0,1,1,0,3,0,1,1,1,1,6,998,1,13,3,1
201306E080260,2,9,0,9,0,2,2,0,7,0,1,1,3,2,7,1497,8,1,6,1
201306E080277,1,9,0,9,0,1,0,0,0,0,0,1,6,3,-1,-1,-1,-1,-1,-1
201306E080277,2,5,0,18,0,1,2,0,0,0,0,1,2,2,6,-1,-1,-1,1,1
201306E080297,1,9,0,6,0,0,0,0,0,0,3,1,6,1,8,998,1,11,2,1
201306E080297,2,3,0,14,0,0,0,0,0,0,1,1,2,1,8,124,1,8,2,1
201306E080317,1,4,0,18,0,1,0,0,0,0,3,1,2,1,5,744,1,10,8,1
201306E080325,1,8,0,18,0,0,0,0,0,0,1,1,1,1,10,2499,2,6,10,1
201306E080345,1,9,0,18,0,1,0,0,0,0,1,1,6,1,5,-1,-1,-1,6,1
201306E080359,1,9,0,18,0,0,0,0,0,0,0,1,1,3,-1,-1,-1,-1,-1,-1
201306E080359,2,9,0,18,0,0,0,0,0,0,0,1,1,1,5,1229,1,4,10,1
201306E080359,3,9,0,18,0,0,0,0,0,0,1,1,2,1,6,1598,2,1,8,1
201306E080359,4,9,0,18,0,0,0,0,0,0,1,1,2,1,7,1968,2,1,-1,-1
201306E080377,1,9,0,7,0,1,0,0,0,0,0,1,6,2,6,998,1,11,-1,-1
201306E080377,2,1,0,18,4,1,0,0,0,0,3,1,6,1,6,-1,-1,-1,1,1
201306E080395,1,9,0,18,0,1,1,0,0,0,1,1,6,1,7,2000,1,7,4,1
201306E080395,2,9,0,10,0,2,0,0,0,0,2,1,1,2,7,998,1,4,10,1
201306E080400,1,19,0,18,0,1,1,0,0,0,1,1,1,1,10,1997,2,11,10,1
201306E080400,2,9,0,18,0,1,0,0,0,0,2,1,1,1,5,1995,1,4,6,1
201306E080430,1,9,0,18,0,2,0,0,0,0,1,1,2,2,6,1999,2,10,3,1
201306E080430,2,9,0,3,0,2,0,0,0,0,2,1,6,2,7,1896,2,5,1,1
201306E080430,3,9,0,3,0,2,0,0,0,0,2,1,6,1,5,998,1,13,5,1
201306E080436,1,9,0,17,0,2,0,7,1,0,1,1,6,1,9,1999,1,10,10,1
201306E080436,2,9,0,18,0,2,0,0,0,0,4,1,6,2,6,2179,2,1,10,1
201306E080436,3,9,0,18,0,2,0,0,0,0,1,1,6,1,5,1339,1,6,9,1
201306E080462,1,9,0,18,0,4,0,0,0,0,1,1,6,1,10,1796,1,18,8,1
201306E080464,1,9,0,10,0,8,0,0,0,0,1,1,2,2,8,1598,1,-1,1,1
201306E080464,2,1,0,18,0,8,0,0,0,0,1,1,1,1,4,-1,-1,-1,1,1
201306E080560,1,9,0,8,0,6,0,0,0,0,1,1,6,1,7,1149,1,14,-1,-1
201306E080560,2,1,0,18,0,8,0,0,0,0,4,1,6,1,5,-1,-1,-1,6,1
201306E080564,1,9,0,9,0,6,0,0,0,0,1,1,6,1,6,1364,1,6,6,1
201306E080576,1,9,0,9,0,8,0,0,0,0,1,1,6,1,10,1396,1,14,-1,-1
201306E080576,2,9,0,18,0,8,1,0,0,0,1,1,6,1,7,1796,1,9,3,1
201306E080578,1,9,0,2,4,0,0,0,0,0,3,1,6,1,6,1197,1,-1,8,1
201306E080578,2,1,0,18,0,0,0,0,0,0,1,1,6,2,6,-1,-1,-1,7,1
201306E080594,1,9,0,18,0,0,0,0,0,0,1,1,6,1,6,-1,-1,-1,4,1
201306E080632,1,9,0,9,0,8,0,0,0,0,1,1,6,3,-1,-1,-1,-1,-1,-1
201306E080632,2,3,0,18,0,8,0,0,0,0,1,1,6,1,4,-1,-1,-1,6,1
201306E080633,1,9,0,18,0,8,1,0,1,10,1,1,6,1,6,1995,1,5,5,1
201306E080670,1,9,0,16,0,2,0,0,0,2,1,1,6,2,7,1299,1,9,1,1
201306E080693,1,9,0,18,0,2,0,0,0,0,1,1,6,1,10,1997,1,20,1,1
201306E080693,2,2,0,18,0,2,0,0,0,0,1,1,6,1,7,49,1,1,1,1
201306E080701,1,8,0,9,0,2,0,0,0,0,1,1,1,1,9,-1,-1,-1,2,1
201306E080701,2,9,0,18,0,8,0,0,0,0,1,1,6,2,6,1339,1,7,3,1
201306E080775,1,9,0,4,0,0,1,0,0,0,1,1,6,1,6,-1,-1,-1,-1,-1
201306E080775,2,9,0,4,0,0,0,0,0,0,2,1,6,1,4,1242,1,5,10,1
201306E080924,1,9,0,4,0,1,0,0,0,0,1,1,6,1,6,1396,1,12,1,1
201306E080924,2,9,0,3,0,1,0,0,0,0,2,1,6,2,7,1399,2,3,7,1
201306E080924,3,8,0,3,0,1,0,0,0,0,2,1,6,1,6,2499,2,5,5,1
201306E080930,1,1,0,18,0,2,0,0,0,0,3,1,3,1,3,-1,-1,-1,1,1
201306E080930,2,9,0,18,0,2,0,0,0,0,1,1,6,1,5,-1,-1,-1,4,1
201306E080936,1,9,0,18,0,0,0,0,0,0,4,1,6,2,7,1242,1,7,9,1
201306E081014,1,9,0,7,0,5,0,0,0,0,4,1,1,1,6,998,1,7,9,1
201306E081014,2,1,0,18,0,8,0,0,0,0,1,1,6,1,5,-1,-1,-1,1,1
201306E081052,1,9,0,18,0,4,0,0,0,0,3,1,6,1,4,-1,-1,-1,1,1