Accident_Index,Vehicle_Reference,Vehicle_Type,Towing_and_Articulation,Vehicle_Manoeuvre,Vehicle_Location-Restricted_Lane,Junction_Location,Skidding_and_Overturning,Hit_Object_in_Carriageway,Vehicle_Leaving_Carriageway,Hit_Object_off_Carriageway,1st_Point_of_Impact,Was_Vehicle_Left_Hand_Drive?,Journey_Purpose_of_Driver,Sex_of_Driver,Age_Band_of_Driver,Engine_Capacity_(CC),Propulsion_Code,Age_of_Vehicle,Driver_IMD_Decile,Driver_Home_Area_Type
201306F074865,2,19,0,18,0,0,0,0,0,0,1,1,1,1,9,1870,2,11,1,1
201306F074889,1,9,0,4,0,1,0,0,0,0,1,1,6,2,5,973,1,12,1,1
201306F074889,2,9,0,3,0,1,0,0,0,0,2,1,6,1,9,1390,1,13,5,1
201306F074889,3,9,0,3,0,2,0,0,0,0,2,1,6,1,8,1999,1,6,2,1
201306F074896,1,1,0,18,0,0,1,0,0,0,1,1,6,1,4,-1,-1,-1,2,1
201306F074896,2,9,0,18,0,0,0,0,0,0,1,1,1,1,9,1686,2,5,3,1
201306F074953,1,3,0,13,0,8,0,0,0,0,4,1,6,1,4,124,1,4,3,1
201306F074953,2,9,0,9,0,8,0,0,0,0,3,1,6,1,8,-1,-1,-1,4,1
201306F074959,1,9,0,18,0,0,0,0,0,0,1,1,6,1,6,1390,1,7,7,1
201306F074959,2,1,0,18,0,0,0,0,0,0,4,1,6,1,3,-1,-1,-1,3,1
201306F075073,1,4,0,18,0,0,0,0,0,0,1,1,6,1,4,-1,-1,-1,1,1
201306F075073,2,9,0,2,0,0,0,0,0,0,1,1,6,2,6,1997,2,10,7,1
201306F075085,1,9,0,7,0,8,0,0,0,0,0,1,6,3,-1,-1,-1,-1,-1,-1
201306F075085,2,1,0,18,0,8,0,0,0,0,0,1,1,1,8,-1,-1,-1,8,1
201306F075200,1,19,0,9,0,5,1,0,0,0,1,1,2,1,6,1870,2,7,2,1
201306F075200,2,1,0,18,0,1,2,0,0,0,1,1,2,1,8,-1,-1,-1,4,1
201306F075279,1,9,0,9,0,8,0,0,0,0,3,1,6,2,5,-1,-1,-1,-1,-1
201306F075279,2,9,0,18,0,8,0,0,0,0,3,1,6,2,5,1397,1,13,1,1
201306F075283,1,9,0,1,0,8,0,0,0,0,2,1,1,1,7,-1,-1,-1,4,1
201306F075283,2,9,0,4,0,8,0,0,0,0,1,1,6,1,6,2179,2,4,4,1
201306F075391,1,9,0,8,0,1,0,0,0,0,0,1,6,3,-1,-1,-1,-1,-1,-1
201306F075409,1,9,0,18,0,2,0,0,0,0,4,1,3,2,7,1783,1,12,9,1
201306F075411,1,9,0,4,0,1,0,0,0,0,0,1,2,1,5,1368,1,5,-1,1
201306F075434,1,9,0,17,0,0,0,7,0,0,1,1,6,1,5,1582,2,-1,10,1
201306F075434,2,19,0,16,0,0,0,0,0,0,1,1,6,1,6,2143,2,-1,1,1
201306F075503,1,9,0,7,0,8,0,0,0,0,1,1,6,1,7,1796,1,12,3,1
201306F075544,1,5,0,13,0,8,2,0,0,0,1,1,6,1,8,998,1,2,2,1
201306F075544,2,9,0,18,0,8,0,0,0,0,3,1,6,2,8,-1,-1,-1,7,1
201306F075544,3,19,4,18,0,8,0,0,0,0,3,1,6,1,6,2874,2,16,1,1
201306F075545,1,9,0,18,0,8,0,0,0,0,1,1,6,1,5,-1,-1,-1,9,3
201306F075545,2,9,0,18,0,8,0,0,0,0,2,1,6,1,6,1995,2,9,-1,-1
201306F075610,1,9,0,5,0,8,0,0,0,0,1,1,6,1,6,-1,-1,-1,-1,-1
201306F075621,1,2,0,5,0,1,0,0,0,0,1,1,2,1,4,49,1,1,1,1
201306F075621,2,9,0,18,0,1,0,0,0,0,4,1,2,2,8,-1,-1,-1,4,1
201306F075686,1,9,0,9,0,1,0,0,0,0,1,1,6,1,5,1596,1,12,4,1
201306F075686,2,9,0,4,0,1,0,0,0,0,1,1,6,2,7,1596,1,3,-1,-1
201306F075690,1,11,0,18,0,8,0,0,0,0,4,1,1,1,5,9360,2,6,4,1
201306F075690,2,1,0,18,0,8,0,0,0,0,1,1,6,2,3,-1,-1,-1,4,1
201306F075775,1,19,0,18,0,2,0,0,0,0,1,1,1,1,7,2402,2,5,5,1
201306F075819,1,9,0,18,0,8,0,0,1,0,1,1,6,1,5,-1,-1,-1,1,1
201306F075819,2,9,0,2,0,8,0,0,1,0,2,1,6,1,6,1587,1,12,5,1
201306F075820,1,9,0,12,0,0,2,0,6,0,3,1,6,1,10,1242,1,4,8,1
201306F075820,2,9,0,18,0,0,0,0,0,0,4,1,6,1,7,-1,-1,-1,1,1
201306F075827,1,9,0,9,0,8,0,0,0,0,3,1,6,2,8,1968,2,3,4,1
201306F075827,2,1,0,18,0,8,0,0,0,0,1,1,6,1,8,-1,-1,-1,7,1
201306F075828,1,9,0,9,0,8,0,0,0,0,1,1,6,1,7,1598,1,5,2,1
201306F075828,2,9,0,18,0,8,0,0,0,0,1,1,6,1,8,-1,-1,-1,-1,-1
201306F075851,1,9,0,3,0,2,0,0,0,0,1,1,6,1,6,1753,2,11,-1,-1
201306F075851,2,9,0,3,0,2,0,0,0,0,2,1,6,2,7,1598,1,3,4,1
201306F075854,1,9,0,18,0,8,5,0,0,0,1,1,2,1,6,1390,1,10,1,1
201306F075854,2,9,0,2,0,2,0,0,0,0,0,1,6,1,6,1560,2,6,-1,-1
201306F075854,3,9,0,2,0,2,0,0,0,0,0,1,6,1,6,1995,2,2,-1,-1
201306F075869,1,9,0,18,0,8,0,0,0,0,1,1,6,2,5,1299,1,12,1,1
201306F075975,1,21,0,12,0,7,0,0,0,0,1,1,1,1,8,-1,-1,-1,6,1
201306F075975,2,1,0,12,0,6,0,0,0,0,2,1,2,2,6,-1,-1,-1,9,1
201306F076058,1,9,0,16,0,8,0,0,0,0,4,1,1,1,5,1299,1,13,9,1
201306F076180,1,4,0,7,0,2,0,0,0,0,3,1,6,1,9,-1,-1,-1,2,1
201306F076180,2,9,0,9,0,1,0,0,0,0,3,1,2,1,5,1398,1,1,1,1
201306F076184,1,9,0,9,0,6,0,0,0,0,3,1,6,1,6,1896,2,7,2,1
201306F076184,2,9,0,18,0,8,0,0,0,0,1,1,6,2,9,1299,1,13,2,1
201306F076327,1,1,0,18,0,1,0,0,0,0,1,1,6,1,6,-1,-1,-1,-1,-1
201306F076327,2,9,0,7,0,5,0,0,0,0,2,1,6,2,7,1349,1,4,3,1
201306F076370,1,9,0,9,0,8,0,0,0,0,1,1,6,2,8,1396,1,9,1,1
201306F076370,2,4,0,18,0,8,0,0,0,0,1,1,6,1,4,398,1,6,1,1
201306F076381,1,9,0,18,0,2,0,0,0,0,1,1,6,2,6,-1,-1,-1,2,1
201306F076381,2,9,0,3,0,2,0,0,0,0,2,1,6,1,6,-1,-1,-1,4,1
201306F076401,1,21,1,7,0,6,0,0,0,0,2,1,1,1,8,-1,-1,-1,10,1
201306F076401,2,10,0,10,0,6,0,0,0,0,2,1,1,1,7,-1,-1,-1,5,1
201306F076401,3,9,0,10,0,6,0,0,0,0,2,1,1,1,6,1686,2,5,1,1
201306F076401,4,9,0,10,0,6,0,0,0,0,2,1,1,1,6,1968,2,4,1,1
201306F076406,1,10,0,18,0,0,0,0,0,0,1,1,1,1,7,2494,2,6,7,1
201306F076411,1,9,0,18,0,0,0,0,7,0,1,1,6,1,6,1587,1,8,-1,-1
201306F076411,2,9,0,18,0,0,0,0,0,0,1,1,6,1,8,1968,2,6,7,1
201306F076480,1,9,0,18,0,0,0,0,0,0,4,1,6,1,9,1389,1,17,1,1
201306F076480,2,9,0,2,0,0,0,0,0,0,4,1,6,2,6,1998,1,14,1,1
201306F076485,1,9,0,5,9,1,0,0,0,0,2,1,6,2,7,1461,2,3,9,1
201306F076504,1,9,0,18,0,3,0,0,0,0,1,1,6,1,9,999,1,12,1,1
201306F076504,2,9,0,7,0,4,0,0,0,0,1,1,6,2,7,1229,1,8,-1,-1
201306F076521,1,1,0,11,0,7,0,0,0,0,2,1,6,1,7,-1,-1,-1,1,1
201306F076521,2,9,0,12,0,8,0,0,0,0,1,1,1,1,9,1749,1,9,9,1
201306F076559,1,8,0,18,0,0,0,4,0,0,1,1,1,1,7,2499,2,4,2,1
201306F076559,2,9,0,2,0,0,0,4,0,0,1,1,6,3,-1,-1,-1,-1,2,1
201306F076559,3,9,0,2,0,0,0,0,0,0,2,1,6,3,-1,-1,-1,-1,2,1
201306F076560,1,9,0,5,0,8,0,0,0,0,1,1,6,2,5,1686,2,6,4,1
201306F076560,2,9,0,18,0,8,0,0,0,0,4,1,6,1,5,-1,-1,-1,7,1
201306F076584,1,9,0,9,0,5,0,0,0,0,3,1,6,1,5,1910,2,6,1,1
201306F076584,2,1,0,18,0,8,0,0,0,0,2,1,6,1,8,-1,-1,-1,3,1
201306F076650,1,9,0,18,0,0,0,0,0,0,1,1,6,1,6,1769,1,11,5,1
201306F076650,2,9,0,13,0,0,0,0,0,0,1,1,6,2,11,1399,2,5,1,1
201306F076716,1,9,0,18,0,8,0,0,0,0,1,1,6,2,7,995,1,6,1,1
201306F076716,2,9,0,18,0,8,0,0,0,0,1,1,6,2,6,1991,2,3,4,1
201306F076716,3,9,0,18,0,8,0,0,0,0,1,1,6,1,10,1956,2,2,5,1
201306F076716,4,9,0,18,0,8,0,0,0,0,2,1,6,2,6,1242,1,11,4,1
201306F076845,1,9,0,18,0,8,0,0,0,0,1,1,6,1,6,-1,-1,-1,-1,-1
201306F076845,2,21,0,4,0,1,0,0,0,0,0,1,1,1,6,-1,-1,-1,-1,-1
201306F076918,1,9,0,7,0,6,0,0,0,0,3,1,6,2,9,2199,2,-1,5,1
201306F076918,2,1,0,18,0,8,0,0,0,0,1,1,2,1,6,-1,-1,-1,5,1
201306F076919,1,9,0,9,0,6,0,0,0,0,0,1,6,2,4,1124,1,4,10,1
201306F076934,1,90,0,9,0,5,0,0,0,0,1,1,6,3,-1,-1,-1,-1,-1,-1
201306F076934,2,1,0,18,0,8,0,0,0,0,2,1,6,1,7,-1,-1,-1,2,1
201306F076948,1,9,0,9,0,6,0,0,0,0,3,1,6,1,7,1612,1,2,2,1
201306F076948,2,9,0,18,0,8,0,0,0,0,1,1,6,2,6,1390,1,10,5,1
201306F076966,1,9,0,7,0,1,0,0,0,0,1,1,2,1,6,1390,1,8,4,1
201306F076966,2,1,0,18,0,1,0,0,0,0,2,1,2,1,5,-1,-1,-1,2,1
201306F077119,1,9,0,5,0,0,0,0,0,0,1,1,2,1,8,1997,2,13,1,1
201306F077163,1,9,0,18,0,0,0,0,0,0,3,1,1,2,7,1596,1,9,3,1
201306F077212,1,9,0,9,0,1,0,0,0,0,4,1,2,2,5,1349,1,4,4,1
201306F077212,2,1,0,18,0,6,0,0,0,0,4,1,2,1,7,-1,-1,-1,8,1
201306F077273,1,9,0,1,0,1,0,0,0,0,2,1,6,1,6,1984,1,8,1,1
201306F077282,1,9,0,9,0,1,0,0,0,0,1,1,1,2,7,1360,1,5,4,1
201306F077282,2,1,0,18,0,1,0,0,0,0,4,1,1,1,9,-1,-1,-1,6,1
201306F077284,1,9,0,18,0,2,0,0,0,0,1,1,1,2,10,1595,2,4,7,1
201306F077378,1,9,0,17,0,0,0,0,0,0,1,1,6,1,9,2000,1,7,5,1
201306F077378,2,9,0,16,0,0,0,0,0,0,1,1,6,1,6,1560,2,5,9,1
201306F077410,1,9,0,9,0,5,0,0,0,0,1,1,6,1,7,1596,1,10,3,1
201306F077410,2,9,0,9,0,5,0,0,0,0,1,1,6,1,6,1595,1,11,4,1
201306F077412,1,1,0,18,0,1,0,0,0,0,1,1,6,1,3,-1,-1,-1,-1,-1
201306F077412,2,9,0,10,0,1,0,0,0,0,0,1,6,2,5,1397,1,3,-1,-1
201306F077423,1,90,0,18,0,8,5,0,0,0,1,1,6,1,11,-1,-1,-1,5,1
201306F077423,2,5,0,18,0,1,0,0,0,0,1,1,2,1,7,656,1,3,1,1
201306F077438,1,9,0,5,0,1,0,0,0,0,3,1,6,1,6,1398,1,1,1,1
201306F077438,2,1,0,13,0,1,0,0,0,0,1,1,6,1,7,-1,-1,-1,1,1
201306F077471,1,9,0,9,0,1,0,0,0,0,1,1,6,2,5,1461,2,10,8,1
201306F077471,2,9,0,18,0,2,0,0,0,0,1,1,6,1,7,1598,1,8,4,1
201306F077471,3,9,0,2,0,2,0,0,0,0,3,1,6,3,-1,1998,1,11,-1,-1
201306F077491,1,1,0,18,0,2,0,0,0,0,1,1,2,2,3,-1,-1,-1,1,1
201306F077491,2,9,0,18,0,2,0,0,0,0,3,1,1,1,6,-1,-1,-1,1,1
201306F077649,1,9,0,4,0,8,0,0,0,0,1,1,6,1,8,1229,1,5,5,1
201306F077649,2,9,0,3,0,8,0,0,0,0,2,1,6,2,6,1364,1,8,2,1
201306F077655,1,9,0,9,0,8,0,0,0,0,4,1,6,1,4,1198,1,2,-1,-1
201306F077655,2,8,0,18,0,8,0,0,0,0,1,1,6,2,8,1498,1,2,-1,-1
201306F077670,1,8,0,1,0,0,0,0,0,0,2,1,1,1,6,1598,1,8,-1,-1
201306F077670,2,9,0,3,0,0,0,0,0,0,1,1,2,1,6,1753,2,13,4,1
201306F077673,1,9,0,18,0,0,0,0,1,1,1,1,6,1,5,1364,1,5,-1,-1
201306F077673,2,9,0,18,0,0,0,0,0,0,0,1,1,1,6,2457,1,1,-1,-1
201306F077708,1,19,0,18,0,8,0,4,0,0,1,1,6,1,6,2402,2,7,3,1
201306F077708,2,9,0,2,2,8,0,0,0,0,1,1,6,2,7,-1,-1,-1,3,1
201306F077726,1,9,0,7,0,6,0,0,0,0,3,1,6,2,4,1242,1,4,7,3
201306F077726,2,9,0,18,0,8,0,0,0,0,1,1,6,1,7,2993,2,2,-1,-1
201306F077726,3,9,0,2,0,2,0,0,0,0,1,1,6,1,6,1796,1,9,5,1
201306F077762,1,19,0,1,0,2,0,0,0,0,0,1,1,1,6,2198,2,2,1,1
201306F077769,1,9,0,18,0,8,0,0,0,0,1,1,6,1,5,1360,1,6,7,1
201306F077769,2,1,0,18,0,8,0,0,0,0,1,1,6,1,3,-1,-1,-1,4,1
201306F077794,1,9,0,7,0,8,0,0,0,0,4,1,6,2,6,1296,1,7,1,1
201306F077794,2,1,0,18,0,8,0,0,0,0,1,1,6,1,6,-1,-1,-1,5,1
201306F077847,1,5,0,18,0,0,1,0,0,0,3,1,1,1,8,1450,1,13,9,1
201306F077850,1,9,0,17,0,1,0,10,1,10,1,1,6,1,6,2435,1,14,-1,-1
201306F077916,1,9,0,6,0,1,0,0,0,0,1,1,6,1,10,1598,2,3,3,1
201306F077968,1,9,0,4,0,1,0,0,0,0,1,1,6,2,6,1968,2,4,10,1
201306F077968,2,9,0,3,0,1,0,0,0,0,2,1,6,1,7,-1,-1,-1,4,1
201306F077968,3,9,0,3,0,1,0,0,0,0,2,1,6,1,7,1598,1,8,4,1
201306F077991,1,9,0,18,0,1,0,0,0,0,1,1,6,2,6,1798,1,9,1,1
201306F078062,1,20,0,18,0,1,0,0,0,0,1,1,1,1,6,-1,-1,-1,1,2
201306F078062,2,9,0,18,0,1,0,0,0,0,2,1,6,2,9,1796,2,-1,6,1
201306F078073,1,9,0,18,0,1,0,0,0,0,4,1,2,1,7,1596,1,2,-1,-1
201306F078073,2,1,0,18,5,1,0,0,0,0,1,1,2,1,6,-1,-1,-1,4,1
201306F078190,1,9,0,9,0,8,0,0,0,0,1,1,6,1,10,1389,1,10,9,1
201306F078190,2,1,0,18,0,8,0,0,0,0,1,1,6,1,9,-1,-1,-1,9,1
201306F078209,1,9,0,9,0,1,0,0,0,0,1,1,6,1,11,998,1,8,-1,-1
201306F078209,2,90,0,10,0,1,0,0,0,0,1,1,6,1,7,-1,-1,-1,3,1
201306F078209,3,9,0,10,0,1,0,0,0,0,1,1,6,2,8,1910,2,9,3,1
201306F078268,1,9,0,9,0,8,0,0,0,0,1,1,6,1,9,2204,2,6,1,1
201306F078268,2,1,0,18,0,8,0,0,0,0,1,1,6,1,5,-1,-1,-1,-1,-1
201306F078271,1,8,0,18,0,8,0,0,0,0,1,1,6,1,5,-1,-1,-1,-1,-1
201306F078271,2,9,0,18,0,8,0,0,0,0,2,1,6,2,6,998,1,2,1,1
201306F078277,1,9,0,9,0,6,0,0,0,0,1,1,6,1,10,1124,1,9,5,1
201306F078277,2,9,0,18,0,8,1,0,0,0,4,1,6,1,5,1600,1,14,3,1
201306F078277,3,9,0,2,0,2,0,0,0,0,1,1,6,1,6,1299,1,9,-1,-1
201306F078282,1,1,0,18,0,8,0,0,0,0,1,1,6,1,6,-1,-1,-1,-1,-1
201306F078282,2,9,0,7,0,8,0,0,0,0,4,1,6,1,7,-1,-1,-1,1,1
201306F078305,1,9,0,18,0,1,0,0,0,0,1,1,6,1,-1,-1,-1,-1,-1,-1
201306F078388,1,9,0,18,0,0,0,0,0,0,1,1,1,1,7,1796,1,2,2,1
201306F078486,1,9,0,16,0,4,0,0,0,0,1,1,1,1,4,1149,1,14,3,1
201306F078486,2,1,0,18,0,8,0,0,0,0,2,1,1,1,6,-1,-1,-1,9,1
201306F078494,1,9,0,18,0,2,0,0,0,0,2,1,1,1,5,1896,2,4,1,1
201306F078494,2,3,0,13,0,2,2,0,0,0,1,1,1,1,4,125,1,8,2,1
201306F078523,1,9,0,7,0,6,0,0,0,0,3,1,6,1,6,1124,1,11,4,1
201306F078523,2,9,0,18,0,1,0,0,0,0,1,1,2,1,7,1686,2,1,8,1
201306F078544,1,9,0,18,0,0,0,0,0,0,4,1,6,1,9,1997,1,16,1,1
201306F078553,1,9,0,18,0,0,0,0,0,0,4,1,6,1,7,1242,1,7,1,1
201306F078557,1,3,0,4,0,1,1,0,0,0,1,1,4,2,4,124,1,-1,6,1
201306F078570,1,9,0,9,0,8,0,0,0,0,1,1,1,3,-1,1242,1,1,-1,-1
201306F078570,2,9,0,18,0,8,0,0,0,0,1,1,2,2,6,-1,-1,-1,4,1
201306F078593,1,9,0,18,0,1,0,0,0,0,1,1,2,1,9,1364,1,6,5,1
201306F078593,2,19,0,7,0,1,0,0,0,0,0,1,6,3,6,-1,-1,-1,-1,-1
201306F078632,1,9,0,18,0,2,1,0,0,0,1,1,6,1,5,1299,1,14,-1,-1
201306F078632,2,9,0,9,0,2,0,4,0,0,3,1,6,1,6,1910,2,9,-1,-1
201306F078632,3,19,0,2,0,2,0,0,0,0,3,1,6,1,6,2500,2,6,-1,-1
201306F078638,1,5,0,15,0,2,5,0,0,0,1,1,6,1,6,599,1,18,2,1
201306F078638,2,9,0,9,0,2,0,0,0,0,2,1,6,1,9,1995,2,9,8,1
201306F078642,1,9,0,4,0,0,0,0,0,0,1,1,6,2,8,1753,2,13,7,1
201306F078642,2,9,0,3,0,0,0,0,0,0,2,1,6,1,6,1298,1,14,1,1
201306F078642,3,9,0,3,0,0,0,0,0,0,2,1,6,2,5,1242,1,7,6,1
201306F078681,1,9,0,18,0,1,0,0,0,0,1,1,6,1,5,1598,1,7,-1,-1
201306F078681,2,9,0,7,0,1,0,0,0,0,2,1,3,1,7,1796,1,13,3,1
201306F078685,1,9,0,17,0,8,0,0,0,0,3,1,6,1,5,1390,1,9,10,1
201306F078717,1,9,0,18,0,8,0,0,0,0,1,1,2,1,6,1362,1,1,-1,-1
201306F078717,2,9,0,9,0,8,0,0,0,0,4,1,6,1,9,1598,1,12,-1,-1
201306F078784,1,9,0,6,0,4,0,0,0,0,3,1,6,1,7,1229,1,8,-1,-1
201306F078784,2,3,0,16,0,2,1,0,0,0,1,1,6,1,6,-1,-1,-1,3,1
201306F078849,1,9,0,7,0,1,0,0,0,0,3,1,6,3,-1,-1,-1,-1,-1,-1
201306F078849,2,1,0,18,0,8,0,0,0,0,1,1,2,1,9,-1,-1,-1,2,1
201306F078862,1,9,0,18,0,8,0,0,0,0,4,1,1,2,8,1398,1,8,6,1
201306F078862,2,9,0,18,0,8,0,0,0,0,1,1,6,2,7,1997,2,4,4,1
201306F078862,3,9,0,3,0,1,0,0,0,0,3,1,1,2,6,1598,1,4,4,1
201306F078893,1,9,0,18,0,0,0,0,0,0,1,1,6,2,8,1686,2,-1,3,1
201306F078924,1,90,0,9,0,1,0,0,0,0,1,1,6,1,7,-1,-1,-1,3,1
201306F078924,2,3,0,18,0,1,0,0,0,0,2,1,2,1,5,124,1,7,3,1
201306F078928,1,9,0,9,0,6,0,0,0,0,3,1,6,1,9,1398,2,1,1,1
201306F078928,2,3,0,18,0,1,0,0,0,0,1,1,2,1,5,125,1,3,9,1
201306F078985,1,9,0,18,0,0,0,0,0,0,1,1,1,1,10,1598,1,3,1,1
201306F079045,1,9,0,9,0,1,0,0,0,0,3,1,6,2,5,998,1,7,1,1
201306F079045,2,19,0,18,0,1,0,0,0,0,4,1,6,1,7,2299,2,2,1,1
201306F079069,1,9,0,1,0,6,0,0,0,0,2,1,6,2,7,1242,1,4,-1,-1
201306F079111,1,9,0,18,0,0,0,10,4,10,1,1,6,2,7,1686,2,9,10,1
201306F079124,1,1,0,18,0,8,0,0,0,0,1,1,6,1,6,-1,-1,-1,-1,-1
201306F079124,2,9,0,9,0,8,0,0,0,0,4,1,6,2,9,1242,1,9,3,1
201306F079170,1,9,0,18,0,1,0,0,0,0,1,1,6,1,5,1596,1,6,7,1
201306F079170,2,1,0,18,0,1,0,0,0,0,1,1,6,1,3,-1,-1,-1,1,1
201306F079176,1,9,0,9,0,2,1,0,0,0,1,1,6,1,7,1598,1,12,1,1
201306F079176,2,9,0,2,0,2,0,0,0,0,1,1,6,1,7,1339,1,2,3,1
201306F079176,3,9,0,9,0,3,1,0,0,0,1,1,6,1,6,1984,1,1,-1,-1
201306F079176,4,9,0,2,0,2,0,0,0,0,1,1,6,2,8,1332,1,7,2,1
201306F079228,1,9,0,18,0,8,0,0,0,0,4,1,6,2,9,1984,1,8,-1,-1
201306F079228,2,9,0,10,0,1,0,0,0,0,4,1,6,2,8,1560,2,8,4,1
201306F079232,1,9,0,18,0,1,0,0,0,0,2,1,6,2,7,1397,1,4,9,1
201306F079232,2,19,0,18,0,1,0,0,0,0,1,1,6,1,9,-1,-1,-1,1,1
201306F079232,3,9,0,18,0,1,0,0,0,0,1,1,6,2,6,1995,2,-1,2,1
201306F079283,1,9,0,18,0,8,0,0,0,0,1,1,6,1,10,1389,1,20,1,1
201306F079283,2,19,0,18,0,8,0,0,0,0,1,1,2,1,7,1248,2,4,5,1
201306F079347,1,9,0,18,0,3,0,0,0,0,3,1,1,2,5,998,1,10,4,1
201306F079378,1,9,0,9,0,6,0,0,0,0,1,1,6,1,6,1598,1,-1,9,1
201306F079378,2,9,0,18,0,1,0,0,0,0,1,1,2,2,6,1242,1,5,9,2
201306F079378,3,9,0,4,0,1,0,0,0,0,2,1,2,1,8,-1,-1,-1,9,1
201306F079445,1,9,0,7,0,1,0,0,0,0,3,1,6,1,6,998,1,12,-1,-1
201306F079445,2,1,0,18,0,1,0,0,0,0,1,1,1,1,6,-1,-1,-1,1,1
201306F079472,1,9,0,10,0,6,0,0,0,0,3,1,6,1,10,1956,2,1,1,1
201306F079472,2,9,0,18,0,8,0,0,0,0,4,1,6,2,6,1591,1,-1,5,1
201306F079517,1,9,0,18,0,0,0,0,0,0,1,1,2,2,7,1390,1,10,3,1
201306F079517,2,9,0,3,0,0,0,0,0,0,2,1,6,1,7,1995,2,4,5,1
201306F079517,3,9,0,3,0,0,0,0,0,0,2,1,6,1,7,-1,-1,-1,8,1
201306F079546,1,9,0,9,0,1,0,0,0,0,1,1,6,2,9,998,1,4,3,1
201306F079546,2,9,0,9,0,1,0,0,0,0,1,1,6,2,6,1781,1,12,6,1
201306F079572,1,19,0,2,0,0,0,0,0,0,0,1,6,1,6,2402,2,10,1,1
201306F079572,2,1,0,18,0,0,0,4,0,0,2,1,1,1,5,-1,-1,-1,1,1
201306F079597,1,9,0,2,0,8,0,0,0,0,0,1,6,1,8,1896,2,5,1,1
201306F079597,2,9,0,1,0,8,0,10,0,10,3,1,6,1,8,-1,-1,-1,2,1
201306F079615,1,9,0,9,0,5,1,0,0,0,1,1,6,1,6,1794,1,8,2,1
201306F079748,1,9,0,9,0,8,0,0,0,0,4,1,6,2,6,1598,1,4,1,1
201306F079748,2,4,0,18,0,8,0,0,0,0,1,1,6,1,4,124,1,6,1,1
201306F079756,1,9,0,9,0,1,0,0,0,0,1,1,6,1,7,2204,2,8,3,1
201306F079765,1,11,0,18,0,0,0,0,0,0,1,1,6,2,6,9360,2,5,-1,-1
201306F079765,2,8,0,18,0,0,0,0,0,0,2,1,6,1,9,1896,2,3,1,1
201306F079789,1,9,0,18,0,0,0,0,0,0,4,1,6,1,4,1124,1,12,3,1
201306F079795,1,9,0,5,0,0,0,0,0,0,3,1,6,1,9,1398,1,-1,4,1
201306F079795,2,1,0,14,0,0,0,0,0,0,4,1,2,1,9,-1,-1,-1,9,1
201306F079814,1,9,0,9,0,8,0,0,0,0,1,1,6,2,10,1596,1,10,-1,-1
201306F079814,2,1,0,18,0,2,0,0,0,0,0,1,6,1,8,-1,-1,-1,4,1
201306F079830,1,9,0,18,0,0,0,0,0,0,1,1,2,1,7,2993,2,1,6,1
201306F079873,1,9,0,9,0,2,0,0,0,0,2,1,6,2,5,-1,-1,-1,1,1
201306F079873,2,9,0,18,0,2,0,0,0,0,1,1,6,2,5,1229,1,5,1,1
201306F079912,1,8,0,18,0,0,0,0,0,0,2,1,1,1,6,1968,2,1,2,1
201306F079912,2,4,0,18,0,0,0,0,0,0,1,1,6,1,4,125,1,2,2,1
201306F079912,3,9,0,18,0,0,0,0,0,0,1,1,6,1,9,1598,1,5,3,1
201306F079959,1,9,0,18,0,1,0,0,0,0,1,1,1,2,6,1600,1,13,1,1
201306F079979,1,20,4,7,0,3,0,0,0,0,4,1,1,1,7,-1,-1,-1,10,1
201306F079979,2,1,0,7,0,3,0,0,0,0,3,1,2,1,8,-1,-1,-1,3,1
201306F080082,1,9,0,18,0,8,0,0,0,0,1,1,6,2,5,-1,-1,-1,10,1
201306F080082,2,9,0,5,0,8,0,0,0,0,2,1,6,1,6,1968,2,2,9,1
201306F080092,1,9,0,18,0,0,1,0,1,0,0,1,6,1,6,1988,1,11,1,1
201306F080092,2,9,0,2,0,0,0,0,0,0,2,1,6,3,-1,2254,1,15,-1,-1
201306F080120,1,9,0,9,0,8,0,0,0,0,4,1,1,1,5,-1,-1,-1,3,1
201306F080120,2,9,0,18,0,1,0,0,0,0,1,1,6,1,7,2967,2,1,1,1
201306F080120,3,9,0,18,0,8,0,0,0,0,1,1,1,1,7,1896,2,12,-1,-1
201306F080123,1,9,0,18,0,8,0,0,0,0,1,1,6,1,6,1896,2,7,1,1
201306F080123,2,9,0,18,0,8,0,0,0,0,4,1,6,1,7,1468,1,9,1,2
201306F080152,1,9,0,9,0,8,0,0,0,0,1,1,6,1,6,-1,-1,-1,3,1
201306F080152,2,9,0,18,0,1,0,0,0,0,4,1,6,2,7,1796,1,8,-1,-1
201306F080270,1,9,0,9,0,1,0,0,0,0,3,1,1,1,8,1896,2,11,1,1
201306F080270,2,5,0,13,0,1,0,0,0,0,1,1,1,1,5,656,1,1,3,1
201306F080312,1,19,4,18,0,0,0,4,0,10,3,1,6,1,6,2402,2,2,-1,-1
201306F080312,2,9,0,2,0,0,0,0,0,0,0,1,6,1,7,3222,2,10,1,1
201306F080312,3,9,0,2,0,0,0,0,0,0,1,1,6,2,6,1596,1,11,-1,-1
201306F080312,4,9,0,2,0,0,0,0,0,0,3,1,6,2,6,-1,-1,-1,5,1
201306F080312,5,9,0,2,0,0,0,0,0,0,3,1,6,2,8,1339,1,6,7,1