Accident_Index,Vehicle_Reference,Vehicle_Type,Towing_and_Articulation,Vehicle_Manoeuvre,Vehicle_Location-Restricted_Lane,Junction_Location,Skidding_and_Overturning,Hit_Object_in_Carriageway,Vehicle_Leaving_Carriageway,Hit_Object_off_Carriageway,1st_Point_of_Impact,Was_Vehicle_Left_Hand_Drive?,Journey_Purpose_of_Driver,Sex_of_Driver,Age_Band_of_Driver,Engine_Capacity_(CC),Propulsion_Code,Age_of_Vehicle,Driver_IMD_Decile,Driver_Home_Area_Type
201306G074758,1,9,0,18,0,8,0,0,0,0,3,1,6,2,8,1995,2,11,3,1
201306G074758,2,9,0,5,0,8,0,0,0,0,4,1,6,2,7,1783,1,12,2,1
201306G074883,1,9,0,7,0,2,0,0,0,0,3,1,6,2,7,1248,2,5,5,1
201306G074883,2,9,0,18,0,1,0,0,0,0,1,1,2,2,9,1248,1,-1,1,1
201306G074897,1,9,0,18,0,0,0,0,0,0,0,1,6,1,8,2771,1,14,9,1
201306G074921,1,3,0,9,0,8,0,0,0,0,1,1,6,1,6,124,1,4,2,1
201306G074921,2,9,0,9,0,8,0,0,0,0,1,1,6,1,11,1242,1,1,10,1
201306G074928,1,9,0,9,0,2,0,0,0,0,1,1,6,2,6,1461,2,-1,3,1
201306G074928,2,9,0,18,0,1,0,0,0,0,4,1,1,2,8,1360,1,7,2,1
201306G075063,1,9,0,18,0,1,0,0,0,0,4,2,1,1,6,-1,-1,-1,-1,-1
201306G075087,1,9,0,3,0,0,0,0,0,0,1,1,1,2,8,1598,1,2,5,1
201306G075087,2,9,0,3,0,0,0,0,0,0,2,1,6,1,8,2148,2,8,2,1
201306G075087,3,9,0,3,0,0,0,0,0,0,2,1,6,1,8,1997,2,11,8,1
201306G075103,1,21,0,18,0,1,0,0,0,0,4,1,6,1,6,-1,-1,-1,-1,-1
201306G075103,2,1,0,18,0,1,0,0,0,0,3,1,6,1,9,-1,-1,-1,4,1
201306G075269,1,9,0,17,0,1,0,0,0,0,0,1,2,2,4,1299,1,16,10,1
201306G075285,1,9,0,18,0,8,0,0,0,0,4,1,6,2,7,2188,2,5,3,1
201306G075285,2,9,0,18,0,8,0,0,0,0,1,1,6,2,4,-1,-1,-1,1,1
201306G075303,1,9,0,14,0,1,0,0,0,0,1,1,6,1,7,1984,1,7,2,1
201306G075303,2,8,0,14,0,2,0,0,0,0,1,1,1,1,8,1896,2,3,1,1
201306G075320,1,9,0,9,0,1,0,0,0,0,4,1,1,2,9,1596,1,8,3,1
201306G075320,2,5,0,18,0,1,0,0,0,0,1,1,1,1,6,782,1,5,-1,-1
201306G075324,1,9,0,18,0,6,0,0,0,0,4,1,6,2,4,1388,1,2,1,1
201306G075401,1,9,0,15,0,1,0,0,0,0,1,1,6,3,-1,-1,-1,-1,-1,-1
201306G075414,1,1,0,15,0,8,0,0,0,0,1,1,6,1,8,-1,-1,-1,8,1
201306G075414,2,9,0,9,0,5,0,0,0,0,4,1,6,1,10,973,1,12,1,1
201306G075457,1,21,1,16,0,8,0,0,0,0,1,1,1,1,8,12777,2,-1,2,1
201306G075457,2,9,0,17,0,8,0,0,0,0,4,1,6,1,8,1598,1,3,5,1
201306G075467,1,8,0,18,0,2,1,0,0,0,1,1,1,1,7,2143,2,1,7,3
201306G075467,2,9,0,3,0,2,2,0,0,0,2,1,6,1,5,1968,2,7,7,1
201306G075467,3,9,0,3,0,2,0,0,0,0,2,1,6,2,10,1997,2,3,9,1
201306G075607,1,9,0,18,0,6,0,0,0,0,4,1,1,1,5,2495,2,9,1,1
201306G075607,2,5,0,9,0,1,0,0,1,0,1,1,2,1,5,645,1,8,8,1
201306G075607,3,9,0,3,0,2,0,0,0,0,2,1,2,2,8,3200,2,11,-1,-1
201306G075714,1,9,0,18,0,8,0,0,7,10,4,1,6,1,5,1198,1,-1,1,1
201306G075714,2,9,0,9,0,8,0,0,7,2,3,1,6,2,9,-1,-1,-1,5,1
201306G075735,1,9,0,18,0,1,0,0,0,0,1,1,6,2,4,1149,1,10,2,1
201306G075735,2,8,0,18,0,1,0,0,0,0,4,1,1,1,8,1910,2,6,4,1
201306G075807,1,9,0,7,0,1,0,0,0,0,3,1,2,2,8,1360,1,8,2,1
201306G075807,2,1,0,18,0,1,0,0,0,0,1,1,2,1,8,-1,-1,-1,-1,-1
201306G075830,1,9,0,18,0,1,0,0,0,0,1,1,6,1,6,1360,1,11,4,1
201306G075830,2,9,0,3,0,2,0,0,0,0,2,1,6,2,8,1591,1,2,5,1
201306G075837,1,11,0,3,0,1,0,0,0,0,0,1,1,1,6,8300,2,6,1,1
201306G076052,1,9,0,18,0,8,0,0,0,0,0,1,6,2,6,1781,1,9,1,1
201306G076052,2,9,0,18,0,8,0,0,0,0,2,1,6,2,6,1995,2,-1,-1,-1
201306G076063,1,9,0,3,0,8,0,0,0,0,4,1,6,3,-1,-1,-1,-1,-1,-1
201306G076345,1,9,0,18,0,0,0,0,0,0,1,1,6,1,5,3189,1,6,3,1
201306G076365,1,9,0,3,0,1,0,0,0,0,2,1,6,2,8,1461,2,2,9,2
201306G076365,2,9,0,4,0,1,1,0,0,0,1,1,6,1,6,-1,-1,-1,-1,-1
201306G076467,1,1,0,9,0,1,0,0,0,0,1,1,2,1,8,-1,-1,-1,-1,-1
201306G076467,2,9,0,18,0,2,0,0,0,0,1,1,2,2,8,1796,1,9,9,2
201306G076492,1,9,0,18,0,8,0,0,7,0,4,1,6,2,5,1998,2,14,4,1
201306G076492,2,8,0,18,0,1,0,0,7,0,1,1,1,1,7,1896,2,8,1,1
201306G076515,1,9,0,6,0,0,0,0,0,0,1,1,6,1,7,1389,1,10,1,1
201306G076515,2,9,0,18,0,0,0,0,0,0,1,1,1,1,5,1968,2,2,9,1
201306G076542,1,9,0,18,0,8,0,0,0,0,4,1,6,3,-1,-1,-1,-1,-1,-1
201306G076557,1,9,0,9,0,2,0,0,3,10,3,1,6,1,9,1998,7,10,4,1
201306G076557,2,9,0,18,0,1,0,0,3,0,1,1,6,1,8,1242,1,12,1,1
201306G076621,1,9,0,18,0,0,0,0,0,0,4,1,6,2,7,1149,1,9,7,1
201306G077000,1,9,0,18,8,2,0,0,0,0,0,1,6,2,8,1994,2,12,-1,-1
201306G077000,2,1,0,18,0,1,0,0,0,0,0,1,2,1,7,-1,-1,-1,8,1
201306G077003,1,9,0,9,0,8,0,0,0,0,3,1,2,1,7,1753,2,6,5,1
201306G077003,2,9,0,18,0,8,0,0,0,0,1,1,2,1,6,1339,1,11,2,1
201306G077016,1,9,0,18,0,0,0,0,6,4,1,1,2,2,4,1149,1,11,3,1
201306G077036,1,11,0,7,0,6,0,0,0,0,3,1,1,1,9,9360,2,5,3,1
201306G077036,2,9,0,18,0,8,0,0,0,0,1,1,6,2,6,1998,1,3,1,1
201306G077087,1,9,0,16,0,3,2,0,0,2,1,1,6,1,5,1595,1,20,2,1
201306G077165,1,9,0,18,0,1,0,0,0,0,1,1,2,2,8,1388,1,5,2,1
201306G077230,1,9,0,18,0,0,0,0,0,0,3,1,6,3,-1,-1,-1,-1,-1,-1
201306G077230,2,1,0,18,0,0,0,0,0,0,4,1,6,1,3,-1,-1,-1,1,1
201306G077271,1,9,0,11,0,1,0,0,0,0,0,1,6,2,6,-1,-1,-1,-1,-1
201306G077271,2,11,0,5,0,1,0,0,0,0,0,1,1,1,8,6871,2,14,1,1
201306G077275,1,9,0,18,0,1,0,0,0,0,0,1,6,3,-1,-1,-1,-1,-1,-1
201306G077275,2,3,0,18,0,1,0,0,0,10,3,1,1,1,8,96,1,5,2,1
201306G077281,1,9,0,18,0,1,1,0,0,0,1,1,6,1,7,2495,1,12,1,1
201306G077281,2,9,0,18,0,1,0,0,0,0,2,1,6,2,8,1995,2,8,6,1
201306G077388,1,9,0,18,0,2,0,0,0,0,0,1,3,2,6,1328,1,9,3,1
201306G077440,1,9,0,18,0,1,0,0,0,0,1,1,6,2,4,998,1,1,7,1
201306G077440,2,9,0,10,0,1,0,0,0,0,2,1,6,2,7,1598,1,1,4,1
201306G077461,1,9,0,3,0,1,0,0,0,0,1,1,6,3,-1,-1,-1,-1,-1,-1
201306G077461,2,1,0,5,0,1,0,0,0,0,2,1,1,1,8,-1,-1,-1,1,1
201306G077499,1,9,0,1,0,2,0,0,0,0,2,1,6,1,9,1360,1,8,1,1
201306G077544,1,11,0,9,0,4,0,0,0,0,1,1,1,1,9,4250,2,5,1,1
201306G077544,2,5,0,18,0,8,0,0,0,0,4,1,6,1,7,782,1,2,5,1
201306G077666,1,9,0,9,0,8,0,0,0,0,4,1,6,2,5,1598,2,2,3,1
201306G077666,2,1,0,18,0,8,0,0,0,0,4,1,6,1,2,-1,-1,-1,3,1
201306G077714,1,9,0,6,0,6,0,0,0,0,1,1,6,2,6,998,1,7,-1,-1
201306G077714,2,1,0,9,0,6,0,0,0,0,3,1,2,2,8,-1,-1,-1,-1,-1
201306G077821,1,9,0,5,0,8,0,0,0,0,1,1,6,1,7,1598,1,4,1,1
201306G077821,2,9,0,18,0,8,0,0,0,0,1,1,6,2,11,1341,1,12,4,1
201306G077825,1,21,0,9,0,8,0,0,0,0,4,1,1,1,8,7790,2,6,5,1
201306G077825,2,3,0,15,0,8,0,0,0,0,1,1,4,1,4,124,1,7,1,1
201306G077826,1,19,0,8,0,8,0,0,0,0,1,1,1,1,7,1868,2,7,4,1
201306G077826,2,9,0,18,0,8,0,0,0,0,3,1,1,1,6,1242,1,6,1,1
201306G077829,1,9,0,18,0,0,0,0,0,0,3,1,2,2,6,1596,1,8,3,1
201306G077836,1,9,0,18,0,8,0,0,0,0,3,1,2,2,8,1995,2,-1,4,1
201306G077859,1,9,0,18,0,1,0,0,0,0,1,1,1,1,5,1198,1,7,5,1
201306G077859,2,9,0,18,0,1,0,0,0,0,2,1,1,1,9,1399,2,10,1,1
201306G077914,1,9,0,18,0,0,0,0,0,0,1,1,6,2,6,1196,1,16,-1,-1
201306G077914,2,9,0,18,0,0,0,0,0,0,1,1,6,1,8,1783,1,13,1,1
201306G077940,1,19,0,7,0,3,0,0,0,0,4,1,6,3,-1,-1,-1,-1,-1,-1
201306G077940,2,1,0,18,0,4,0,0,0,0,3,1,1,1,6,-1,-1,-1,4,1
201306G077953,1,9,0,18,0,1,0,0,0,0,1,1,6,2,7,1124,1,12,5,1
201306G077955,1,9,0,1,0,8,0,0,0,10,2,1,6,1,11,-1,-1,-1,7,1
201306G078050,1,9,0,9,0,8,0,0,0,0,1,1,2,2,6,998,1,9,-1,-1
201306G078050,2,1,0,18,0,8,0,0,0,0,3,1,2,1,8,-1,-1,-1,10,1
201306G078208,1,9,0,18,0,8,0,0,7,1,4,1,1,1,6,1560,2,3,-1,-1
201306G078208,2,9,0,18,0,8,0,0,0,0,1,1,6,2,6,1798,1,7,-1,-1
201306G078220,1,9,0,18,0,8,0,0,0,0,3,1,1,1,6,1590,1,12,4,1
201306G078220,2,9,0,9,0,8,0,0,0,0,0,1,6,2,6,1560,2,8,4,1
201306G078252,1,9,0,18,0,8,0,0,0,0,1,1,1,1,6,-1,-1,-1,10,1
201306G078252,2,9,0,18,0,8,0,0,0,0,3,1,6,1,6,1781,1,12,1,1
201306G078258,1,19,0,18,3,0,0,0,0,0,1,1,1,1,6,1995,2,6,4,1
201306G078260,1,9,0,18,0,0,0,0,0,0,0,1,6,2,5,1796,1,5,1,1
201306G078362,1,9,0,18,0,0,0,0,0,0,1,1,6,1,8,-1,-1,-1,6,1
201306G078362,2,3,0,9,0,0,0,0,0,0,3,1,6,2,6,-1,-1,-1,6,1
201306G078382,1,9,0,8,0,8,0,0,0,0,0,1,6,2,7,-1,-1,-1,2,1
201306G078382,2,9,0,8,0,8,0,0,0,0,2,1,6,2,5,998,1,3,-1,-1
201306G078400,1,1,0,18,0,1,0,0,0,0,4,1,6,1,6,-1,-1,-1,2,1
201306G078400,2,9,0,9,0,8,0,0,0,0,0,1,6,1,5,-1,-1,-1,3,1
201306G078415,1,9,0,18,0,1,0,4,0,10,3,1,2,2,7,1242,1,1,2,1
201306G078415,2,9,0,9,0,6,0,0,0,0,1,1,6,3,-1,1198,1,-1,-1,-1
201306G078415,3,9,0,2,9,2,0,0,0,0,3,1,6,2,7,1360,1,11,-1,-1
201306G078475,1,9,0,18,0,0,0,0,0,0,1,1,6,1,6,1984,1,12,-1,-1
201306G078475,2,9,0,10,0,0,0,0,0,0,2,1,2,1,6,2354,1,8,7,1
201306G078549,1,9,0,9,0,6,0,0,0,0,1,1,6,1,9,1855,1,14,2,1
201306G078549,2,1,0,18,0,8,0,0,0,0,2,1,6,1,7,-1,-1,-1,2,1
201306G078562,1,9,0,9,0,1,0,0,0,0,3,1,6,1,7,1582,2,2,-1,-1
201306G078562,2,9,0,18,0,1,0,0,0,0,1,1,6,1,6,1995,1,9,4,1
201306G078596,1,19,0,18,0,0,5,0,2,4,1,1,1,1,8,1248,2,3,2,1
201306G078690,1,9,0,18,0,8,0,0,0,0,1,1,6,1,5,1242,1,7,8,1
201306G078690,2,9,0,9,0,8,0,0,0,0,1,1,1,1,5,-1,-1,-1,1,1
201306G078697,1,19,0,4,0,0,0,0,0,0,1,1,2,1,8,2148,2,6,2,1
201306G078697,2,9,0,3,0,0,0,0,0,0,2,1,6,1,5,1560,2,4,1,1
201306G078697,3,19,0,3,0,0,0,0,0,0,2,1,2,1,9,2400,2,9,2,1
201306G078711,1,9,0,18,0,8,0,0,0,0,4,1,6,2,6,1298,1,9,7,3
201306G078712,1,9,0,9,0,5,0,0,0,0,4,1,6,1,7,1995,2,8,1,1
201306G078712,2,1,0,17,0,1,2,0,0,0,1,1,2,1,7,-1,-1,-1,1,1
201306G078724,1,9,0,18,0,8,0,0,0,0,4,1,6,3,-1,-1,-1,-1,-1,-1
201306G078724,2,1,0,9,0,8,0,0,0,2,2,1,6,1,4,-1,-1,-1,1,1
201306G078808,1,11,0,3,0,0,0,0,0,0,0,1,4,1,8,4500,2,2,5,1
201306G078811,1,9,0,18,0,8,0,0,0,0,1,1,1,1,6,1968,2,5,1,1
201306G078811,2,8,0,18,0,8,0,0,0,0,3,1,6,1,10,1686,2,6,2,1
201306G078873,1,9,0,18,0,0,0,0,0,0,1,1,6,2,5,1242,1,2,2,1
201306G078894,1,9,0,9,0,5,0,0,0,0,3,1,6,1,11,1149,1,9,2,1
201306G078894,2,9,0,3,0,1,0,0,0,0,0,1,6,1,9,1991,2,9,2,1
201306G079015,1,9,0,4,0,2,0,0,0,0,4,1,1,1,8,1396,2,-1,-1,-1
201306G079112,1,9,0,18,0,0,0,0,0,0,1,1,6,1,7,1598,1,8,7,1
201306G079112,2,9,0,2,0,0,0,0,0,0,2,1,6,1,6,1461,2,7,1,1
201306G079174,1,1,0,18,0,8,0,0,0,0,3,1,6,1,6,-1,-1,-1,1,1
201306G079174,2,9,0,2,0,8,0,0,0,0,3,1,6,3,-1,1591,1,6,-1,-1
201306G079504,1,9,0,16,0,8,0,0,0,0,1,1,6,1,7,1998,1,12,1,1
201306G079504,2,9,0,17,0,8,0,0,0,0,1,1,2,1,6,1461,2,9,5,1
201306G079529,1,9,0,18,0,0,0,0,0,0,1,1,6,2,11,1586,1,3,3,1
201306G079540,1,9,0,18,0,8,0,0,0,0,4,1,6,1,6,1685,2,-1,-1,-1
201306G079540,2,9,0,9,0,8,0,0,0,0,1,1,6,1,4,1198,1,2,8,1
201306G079544,1,9,0,9,0,2,0,0,0,0,1,1,6,2,9,1598,1,10,7,1
201306G079544,2,5,0,18,0,8,0,0,0,0,1,1,2,1,6,1200,1,5,9,3
201306G079561,1,9,0,16,0,7,0,0,0,0,1,1,6,1,8,1794,1,12,7,1
201306G079661,1,9,0,18,0,8,0,0,0,0,1,1,6,1,6,1560,2,-1,-1,-1
201306G079661,2,9,0,18,0,8,0,0,0,0,2,1,6,2,6,1396,1,1,3,1
201306G079661,3,9,0,18,0,8,0,0,0,0,1,1,6,1,4,1086,1,2,1,1
201306G079695,1,9,0,18,0,8,0,0,0,0,1,1,2,2,5,1349,1,-1,7,1
201306G079695,2,9,0,18,0,8,0,0,0,0,4,1,6,1,7,1799,1,6,1,1
201306G079695,3,9,0,18,0,8,0,0,0,0,3,1,6,1,8,1997,2,5,2,1
201306G079777,1,9,0,9,0,1,0,0,0,0,1,1,1,1,6,-1,-1,-1,-1,-1
201306G079777,2,9,0,18,0,1,0,0,0,0,1,1,6,2,8,1300,1,13,9,1
201306G079778,1,5,0,18,0,8,0,0,7,10,1,1,6,1,7,899,1,12,7,1
201306G079778,2,9,0,9,0,8,0,0,0,0,1,1,6,3,5,1229,1,6,9,1
201306G079786,1,9,0,18,0,0,0,0,0,0,1,1,6,1,5,1998,2,5,10,1
201306G079819,1,9,0,7,0,8,0,0,0,0,4,1,6,3,-1,-1,-1,-1,-1,-1
201306G079964,1,9,0,13,0,1,0,0,0,0,0,1,3,3,-1,-1,-1,-1,-1,-1
201306G079964,2,3,0,18,0,1,0,0,1,0,0,1,1,3,6,124,1,6,1,1
201306G080050,1,9,0,18,0,0,5,0,0,0,1,1,6,2,11,998,1,7,9,1
201306G080050,2,9,0,2,9,0,0,0,0,0,2,1,6,3,-1,1598,1,11,-1,-1
201306G080070,1,9,0,18,0,2,0,0,0,0,4,1,1,1,5,1968,2,1,7,1
201306G080097,1,9,0,7,0,1,0,0,0,0,1,1,6,1,8,1791,8,1,8,1
201306G080160,1,8,0,18,0,2,0,0,0,0,4,1,1,1,9,2402,2,9,4,1
201306G080174,1,9,0,9,0,6,0,0,0,0,1,1,6,1,4,1124,1,10,8,1
201306G080174,2,9,0,18,0,1,0,0,0,0,4,1,6,1,7,1390,1,8,1,1
201306G080262,1,9,0,16,0,8,1,0,7,0,1,1,6,1,5,1968,2,5,5,1
201306G080262,2,9,0,17,0,8,0,0,0,0,1,1,6,2,7,1124,1,8,2,1
201306G080262,3,9,0,10,0,8,0,0,0,0,1,1,6,1,7,1596,1,8,6,1
201306G080287,1,9,0,1,0,5,0,0,0,0,3,1,6,2,6,1905,2,20,-1,-1
201306G080287,2,9,0,4,0,3,0,0,0,0,1,1,2,1,6,998,1,13,2,1
201306G080389,1,9,0,14,0,0,0,0,0,0,3,1,6,2,9,1242,1,3,5,1
201306G080389,2,1,0,16,0,0,1,0,0,0,4,1,1,1,8,-1,-1,-1,5,1
201306G080394,1,9,0,18,0,1,0,0,0,0,1,1,6,1,6,1598,1,11,-1,-1
201306G080477,1,9,0,4,0,1,0,0,0,0,1,1,6,1,7,-1,-1,-1,-1,-1
201306G080477,2,9,0,10,0,2,0,0,0,0,2,1,6,2,6,-1,-1,-1,1,1
201306G080642,1,8,0,18,0,0,0,0,0,0,0,1,1,1,6,-1,-1,-1,1,1
201306G080862,1,9,0,9,0,8,0,0,0,0,1,1,6,3,-1,-1,-1,-1,-1,-1
201306G080971,1,9,0,7,0,6,0,0,0,0,4,1,6,2,11,-1,-1,-1,3,1
201306G080971,2,3,0,18,0,8,0,0,0,0,1,1,6,1,4,124,1,1,1,1
201306G080986,1,9,0,7,0,6,0,0,0,0,3,1,6,2,7,1242,1,12,4,1
201306G080986,2,4,0,18,0,8,0,0,0,0,1,1,2,1,8,398,1,11,2,1
201306G081057,1,2,0,18,0,8,0,0,0,0,1,1,1,1,6,100,1,5,-1,-1
201306G081057,2,9,0,9,0,8,0,0,0,0,3,1,1,1,8,-1,-1,-1,-1,-1
201306G081116,1,9,0,5,0,0,0,0,0,0,0,1,6,1,5,-1,-1,-1,-1,-1
201306G081169,1,19,0,18,0,6,0,0,0,0,1,1,6,3,-1,-1,-1,-1,-1,-1
201306G081169,2,9,0,18,0,8,0,0,0,0,4,1,3,2,7,1587,1,7,2,1
201306G081201,1,9,0,9,0,6,0,0,0,0,1,1,6,1,6,1364,1,6,4,1
201306G081201,2,9,0,3,0,1,0,0,0,0,0,1,6,1,6,998,1,9,3,1
201306G081252,1,11,0,9,0,8,0,0,0,0,0,1,6,1,7,-1,-1,-1,2,1
201306G081299,1,9,0,7,0,3,0,0,0,0,4,1,6,1,9,1970,1,6,9,2
201306G081299,2,1,0,18,0,8,0,0,0,0,1,1,6,1,9,-1,-1,-1,2,1
201306G081311,1,3,0,18,0,1,0,0,0,0,1,1,2,1,6,124,1,1,10,1
201306G081311,2,8,0,7,0,6,0,0,0,0,1,1,1,1,6,1910,2,5,2,1
201306G081780,1,90,0,9,0,1,0,0,0,0,1,1,6,1,11,-1,-1,-1,4,1
201306G081780,2,9,0,5,0,1,0,0,0,0,1,1,6,1,9,1855,1,14,2,1
201306G081832,1,9,0,18,0,1,0,0,0,0,1,1,6,1,6,1396,1,11,7,1
201306G081832,2,8,0,18,0,2,0,0,0,0,0,1,1,1,7,1910,2,6,1,1
201306G081920,1,9,0,18,0,6,0,0,0,0,1,1,6,1,8,3311,8,6,10,1
201306G081920,2,9,0,18,0,8,0,0,0,0,4,1,6,1,7,1596,1,15,4,1
201306G082039,1,8,0,18,0,8,0,0,0,0,1,1,6,2,4,1108,1,14,2,1
201306G082071,1,11,0,5,0,1,0,0,0,0,0,1,1,1,9,5900,2,9,5,1
201306GA73238,1,8,0,18,0,1,0,0,0,0,1,1,1,1,6,1998,7,6,1,1
201306IM74448,1,11,0,5,0,3,0,0,0,0,4,1,1,1,8,-1,-1,-1,6,3
201306J068509,1,9,0,9,0,6,0,0,0,0,3,1,6,2,4,1242,1,16,5,1
201306J068509,2,9,0,18,0,8,0,0,0,0,3,1,6,2,6,1560,2,1,-1,-1
201306J068535,1,9,0,9,0,2,0,0,0,0,1,1,6,3,-1,-1,-1,-1,-1,-1
201306J068570,1,9,0,18,0,2,0,0,0,0,3,1,2,1,8,1598,1,9,5,1
201306J068570,2,9,0,18,0,2,0,0,0,0,1,1,2,1,6,1198,1,-1,-1,-1
201306J068570,3,9,0,18,0,2,0,0,0,0,0,1,2,1,8,-1,-1,-1,4,1
201306J068724,1,11,0,7,0,2,0,0,0,0,4,1,1,1,6,6700,2,4,-1,-1
201306J068744,1,4,0,18,0,8,0,0,0,0,1,1,6,1,5,-1,-1,-1,7,1
201306J068744,2,8,0,9,0,8,0,0,0,0,1,1,6,1,6,1956,2,4,4,1
201306J068756,1,9,0,18,0,8,0,0,0,0,1,1,1,1,6,2179,2,3,-1,-1
201306J068756,2,9,0,18,0,8,0,0,0,0,1,1,6,1,7,1360,1,6,7,1
201306J068921,1,9,0,15,0,0,5,0,0,0,3,1,6,1,5,1994,1,13,-1,3
201306J068921,2,9,0,18,0,0,0,0,0,0,4,1,6,2,6,1598,2,2,-1,-1
201306J068939,1,9,0,18,0,0,0,0,0,0,1,1,6,1,7,948,1,55,10,1
201306J068939,2,9,0,3,0,0,0,0,0,0,2,1,6,2,9,1686,2,10,6,3
201306J068939,3,9,0,3,0,0,0,0,0,0,2,1,6,2,8,2199,2,2,10,1
201306J069150,1,9,0,18,0,1,0,0,0,0,4,1,6,2,9,1997,2,1,10,2
201306J069158,1,9,0,18,0,2,0,0,0,0,1,1,6,1,8,1390,1,3,6,1
201306J069184,1,9,0,18,0,1,1,0,0,0,1,1,6,1,4,-1,-1,-1,1,1
201306J069184,2,8,0,18,0,1,0,0,0,0,2,1,1,1,7,1968,2,6,3,1
201306J069298,1,9,0,9,0,8,0,0,0,0,0,1,6,1,6,1686,2,3,-1,-1
201306J069298,2,9,0,18,0,8,0,0,0,0,0,1,6,2,7,998,1,8,1,1
201306J069301,1,9,0,16,0,8,0,0,0,0,1,1,6,1,8,-1,-1,-1,3,1
201306J069301,2,9,0,17,0,8,0,0,1,0,1,1,6,2,5,599,1,12,2,1
201306J069379,1,9,0,14,4,8,0,0,0,0,1,1,2,1,8,4163,1,5,2,1
201306J069379,2,9,0,9,0,8,0,0,0,0,1,1,6,1,6,2000,2,8,8,1
201306J069417,1,11,0,18,0,1,0,0,0,0,0,1,1,1,8,4250,2,12,1,1
201306J069417,2,90,0,18,0,1,0,0,0,0,0,1,6,3,-1,-1,-1,-1,-1,-1
201306J069457,1,9,0,1,0,8,0,0,0,0,2,1,6,2,9,2477,2,7,8,1
201306J069486,1,9,0,18,0,0,0,0,0,0,1,1,6,1,7,1497,1,10,1,1
201306J069486,2,9,0,18,0,0,0,0,0,0,2,1,6,1,8,1995,2,2,10,1
201306J069753,1,9,0,16,0,0,1,0,0,0,3,1,1,2,7,1749,1,12,3,1
201306J069753,2,9,0,3,0,0,0,0,0,0,3,1,6,1,8,-1,-1,-1,9,1
201306J069776,1,3,0,7,0,8,1,0,0,0,4,1,4,1,4,-1,-1,-1,7,1
201306J069810,1,9,0,18,0,6,1,0,0,0,1,1,6,1,4,1390,1,3,9,1
201306J069810,2,9,0,18,0,8,0,0,0,0,3,1,6,1,7,2148,2,10,10,1
201306J069866,1,9,0,18,0,2,0,0,0,0,4,1,2,2,5,1242,1,1,9,2
201306J069894,1,9,0,18,0,2,0,0,0,0,3,1,6,1,7,796,1,12,4,1
201306J069986,1,9,0,17,0,0,1,10,1,4,1,1,6,2,5,-1,-1,-1,5,1
201306J070013,1,9,0,9,0,8,0,0,0,0,3,1,6,2,6,1400,1,13,4,1
201306J070013,2,9,0,18,0,8,0,0,0,0,1,1,6,2,6,1364,1,5,3,1
201306J070052,1,5,0,18,0,1,0,0,0,0,1,1,2,2,7,-1,-1,-1,7,1
201306J070052,2,5,0,18,0,1,0,0,0,0,1,1,2,2,7,-1,-1,-1,7,1
201306J070054,1,9,0,9,0,6,0,0,0,0,1,1,6,3,-1,1124,1,8,-1,-1
201306J070054,2,19,0,18,0,8,0,0,0,0,1,1,6,1,7,1753,2,6,-1,-1
201306J070054,3,9,0,9,0,6,0,0,0,0,0,1,1,2,6,1560,2,4,-1,-1
201306J070092,1,9,0,18,0,1,0,0,0,0,1,1,6,1,6,-1,-1,-1,-1,-1
201306J070109,1,9,0,3,0,1,0,0,0,0,0,1,6,2,5,1149,1,2,1,1
201306J070109,2,19,0,15,0,1,0,0,0,0,4,1,6,1,6,2143,2,2,-1,-1
201306J070118,1,9,0,18,0,8,0,0,0,0,1,1,1,1,6,1997,2,2,-1,-1
201306J070118,2,9,0,18,0,8,0,0,0,0,4,1,6,1,6,5998,1,2,10,1
201306J070146,1,9,0,18,0,1,0,0,0,0,1,1,6,2,5,-1,-1,-1,3,1
201306J070150,1,9,0,9,0,8,0,0,0,0,4,1,1,2,8,-1,-1,-1,-1,-1
201306J070150,2,9,0,18,0,8,0,0,1,0,1,1,1,1,6,1560,2,4,-1,-1
201306J070231,1,9,0,9,0,8,0,0,0,0,3,1,6,2,8,1998,1,13,4,1
201306J070231,2,9,0,18,0,8,0,0,0,0,1,1,6,2,8,-1,-1,-1,6,1
201306J070236,1,9,0,13,0,2,0,0,1,4,1,1,1,1,6,1149,1,8,6,1
201306J070236,2,9,0,18,0,2,0,0,0,0,1,1,2,2,6,2179,2,1,3,1
201306J070236,3,8,0,18,0,2,0,0,0,0,4,1,1,1,8,1896,2,10,4,1
201306J070278,1,9,0,18,0,0,0,0,0,0,0,1,6,1,6,-1,-1,-1,-1,-1
201306J070283,1,9,0,9,0,8,0,0,0,0,1,1,1,1,5,2993,2,6,6,1
201306J070283,2,4,0,18,0,8,0,0,0,0,1,1,6,1,5,125,1,1,9,1
201306J070311,1,8,0,18,0,0,0,0,0,0,0,1,6,3,-1,-1,-1,-1,-1,-1
201306J070373,1,9,0,18,0,0,0,0,0,0,1,1,6,2,6,1995,2,8,1,1
201306J070413,1,9,0,18,0,1,0,0,0,0,1,1,1,1,10,-1,-1,-1,9,1
201306J070413,2,9,0,3,0,2,0,0,0,0,1,1,6,2,6,1597,1,18,2,1