Accident_Index,Vehicle_Reference,Vehicle_Type,Towing_and_Articulation,Vehicle_Manoeuvre,Vehicle_Location-Restricted_Lane,Junction_Location,Skidding_and_Overturning,Hit_Object_in_Carriageway,Vehicle_Leaving_Carriageway,Hit_Object_off_Carriageway,1st_Point_of_Impact,Was_Vehicle_Left_Hand_Drive?,Journey_Purpose_of_Driver,Sex_of_Driver,Age_Band_of_Driver,Engine_Capacity_(CC),Propulsion_Code,Age_of_Vehicle,Driver_IMD_Decile,Driver_Home_Area_Type
201306J070413,3,9,0,18,0,2,1,0,0,0,1,1,6,3,-1,1397,1,4,-1,-1
201306J070425,1,9,0,18,0,3,0,0,0,0,4,1,6,1,7,1986,2,6,8,1
201306J070425,2,9,0,18,0,4,0,0,0,0,1,1,1,2,6,1798,1,2,9,1
201306J070579,1,9,0,18,0,4,0,0,0,0,1,1,6,1,7,1984,1,8,7,1
201306J070579,2,1,0,18,0,8,0,0,0,0,1,1,6,1,8,-1,-1,-1,-1,-1
201306J070674,1,9,0,18,0,0,0,0,0,0,3,1,3,1,8,1242,1,-1,-1,-1
201306J070674,2,9,0,2,0,0,0,0,0,0,3,1,6,1,6,1198,1,4,7,1
201306J070699,1,9,0,9,0,6,0,0,0,0,3,1,6,3,-1,-1,-1,-1,-1,-1
201306J070699,2,3,0,18,0,8,1,0,0,0,1,1,6,1,4,125,1,6,4,1
201306J070701,1,9,0,15,0,1,0,0,0,0,1,1,6,1,5,1396,1,11,-1,-1
201306J070701,2,9,0,18,0,1,0,0,0,0,1,1,2,1,7,1587,1,12,1,1
201306J070715,1,9,0,14,0,8,0,0,0,0,0,1,6,1,10,1797,8,2,9,2
201306J070836,1,9,0,18,0,0,2,0,1,2,1,1,6,2,5,1198,1,7,8,1
201306J070951,1,9,0,18,0,1,1,0,1,0,1,1,6,1,6,999,1,7,4,1
201306J070957,1,9,0,9,0,2,0,0,0,0,0,1,6,2,10,1590,1,13,8,1
201306J070957,2,1,0,10,0,1,0,0,0,0,0,1,2,1,6,-1,-1,-1,8,1
201306J071037,1,9,0,18,0,8,0,0,0,0,3,1,6,2,6,1149,1,7,-1,-1
201306J071037,2,9,0,18,0,8,0,0,0,0,3,1,6,1,5,1910,2,8,1,1
201306J071067,1,11,0,18,0,1,0,0,0,0,4,1,1,1,7,-1,-1,-1,2,1
201306J071102,1,9,0,3,0,1,0,0,0,0,0,1,6,2,8,1596,1,13,2,1
201306J071102,2,9,0,18,0,1,1,0,0,0,1,1,4,1,4,973,1,12,7,1
201306J071225,1,5,0,13,0,0,0,7,0,0,1,1,6,1,9,599,1,8,10,1
201306J071264,1,11,0,5,0,1,0,0,0,0,1,1,1,1,9,6871,2,13,4,1
201306J071264,2,9,0,3,0,1,0,0,0,0,2,1,1,1,8,1248,2,5,-1,-1
201306J071315,1,9,0,5,0,8,0,0,0,0,1,1,1,1,7,2143,2,2,7,1
201306J071315,2,1,0,18,0,8,0,0,0,0,1,1,6,2,7,-1,-1,-1,-1,-1
201306J071358,1,9,0,9,0,5,0,7,0,10,4,1,6,1,9,1240,1,3,-1,-1
201306J071358,2,9,0,5,0,8,0,0,0,0,1,1,6,1,8,1896,2,11,7,1
201306J071363,1,9,0,18,0,8,0,0,0,0,1,1,6,1,4,1390,1,3,10,1
201306J071363,2,9,0,18,0,8,0,0,7,1,1,1,6,1,5,1368,1,9,-1,-1
201306J071369,1,9,0,5,0,8,0,0,0,0,1,1,6,1,10,-1,-1,-1,-1,-1
201306J071369,2,1,0,18,0,8,0,0,0,0,1,1,6,1,10,-1,-1,-1,10,1
201306J071389,1,9,0,18,0,2,2,4,8,0,1,1,1,1,5,-1,-1,-1,1,1
201306J071389,2,9,0,2,0,1,0,0,0,0,1,1,6,1,6,2198,2,-1,6,1
201306J071389,3,9,0,2,0,1,0,4,0,0,1,1,6,2,6,1198,1,1,6,1
201306J071413,1,9,0,18,0,2,0,0,0,0,1,1,6,2,8,1596,1,2,1,1
201306J071421,1,9,0,8,0,8,0,0,0,0,1,1,1,1,6,1398,2,1,9,1
201306J071421,2,9,0,18,0,8,0,0,0,0,3,1,1,1,9,1753,2,9,7,1
201306J071430,1,9,0,18,0,3,0,0,0,0,1,1,6,2,9,1299,1,9,-1,-1
201306J071449,1,9,0,8,0,2,1,0,0,0,1,1,6,1,6,1999,1,12,2,1
201306J071449,2,9,0,18,0,1,0,0,0,0,1,1,6,1,8,1339,1,8,4,1
201306J071611,1,9,0,9,0,8,0,0,0,0,1,1,6,2,7,1390,1,1,-1,-1
201306J071611,2,9,0,18,0,8,0,0,0,0,4,1,6,2,8,2993,2,6,5,1
201306J071639,1,9,0,18,0,1,0,0,0,0,4,1,6,1,8,1984,1,7,9,3
201306J071742,1,9,0,9,0,5,0,0,0,0,1,1,6,1,4,1595,1,16,4,1
201306J071742,2,9,0,17,0,8,0,0,0,0,1,1,6,1,9,1753,2,5,6,2
201306J071768,1,9,0,18,0,0,5,0,2,2,1,1,6,1,10,2000,2,6,4,1
201306J071841,1,9,0,9,0,6,0,0,0,0,1,1,6,2,6,-1,-1,-1,-1,-1
201306J071841,2,1,0,18,0,8,0,0,0,0,1,1,6,1,7,-1,-1,-1,6,1
201306J071910,1,21,1,18,0,8,0,0,0,0,3,2,1,1,6,-1,-1,-1,-1,-1
201306J071910,2,9,0,18,0,8,0,0,0,0,4,1,6,1,6,1995,2,5,2,1
201306J071918,1,19,0,9,0,8,0,0,0,0,1,1,1,1,8,2402,2,8,1,1
201306J071918,2,9,0,18,0,8,0,0,0,0,1,1,6,1,11,1587,1,18,1,1
201306J071976,1,9,0,18,0,8,0,0,0,0,4,1,6,1,10,1240,1,3,2,1
201306J071976,2,9,0,18,0,8,0,0,0,0,1,1,6,1,6,-1,-1,-1,-1,-1
201306J071989,1,9,0,18,0,1,0,0,0,0,1,1,2,2,5,1198,1,7,9,1
201306J072008,1,9,0,18,0,1,0,0,0,0,1,1,6,1,4,999,1,3,5,1
201306J072017,1,19,0,1,0,8,0,0,0,0,2,1,6,3,-1,-1,-1,-1,-1,-1
201306J072017,2,9,0,3,0,8,0,0,0,0,1,1,1,1,7,2521,1,3,-1,-1
201306J072057,1,21,0,8,0,0,0,0,7,0,0,1,1,1,8,12777,2,7,7,1
201306J072057,2,9,0,18,0,0,0,0,0,0,4,1,6,2,8,2720,2,5,5,1
201306J072057,3,9,0,18,0,0,0,0,0,0,2,1,6,2,7,1910,2,8,6,1
201306J072057,4,9,0,18,0,0,0,0,0,0,2,1,6,2,7,1998,2,3,5,1
201306J072057,5,9,0,18,0,0,0,0,0,0,1,1,6,1,7,1598,1,10,-1,-1
201306J072063,1,9,0,18,0,0,0,0,7,10,1,1,6,1,6,998,1,1,8,1
201306J072063,2,9,4,18,0,0,0,0,0,0,2,1,6,1,7,-1,-1,-1,7,1
201306J072066,1,9,0,9,0,5,5,0,1,10,4,1,6,1,6,998,1,10,8,1
201306J072066,2,9,0,18,0,1,0,0,0,0,1,1,6,1,6,1390,1,4,1,1
201306J072170,1,9,0,6,0,1,0,0,0,0,3,1,6,2,6,1968,2,3,10,1
201306J072170,2,9,0,18,0,1,0,0,0,0,1,1,6,1,8,1985,1,13,7,1
201306J072196,1,9,0,9,0,8,0,0,0,0,0,1,6,2,5,1229,1,6,7,1
201306J072196,2,1,0,18,0,8,0,0,0,0,4,1,6,1,6,-1,-1,-1,-1,-1
201306J072220,1,9,0,18,0,0,0,10,1,2,1,1,1,1,8,-1,-1,-1,5,1
201306J072220,2,9,0,2,0,0,0,0,0,0,1,1,6,2,6,1242,1,-1,7,1
201306J072220,3,9,0,18,0,0,0,0,0,0,1,1,1,1,9,1956,2,2,2,1
201306J072221,1,3,0,16,0,0,1,0,0,0,1,1,6,2,8,-1,-1,-1,8,1
201306J072221,2,9,0,17,0,0,0,0,0,0,3,1,1,1,6,1329,1,2,9,1
201306J072409,1,9,0,18,0,8,0,0,0,0,1,1,6,1,10,1598,1,-1,10,1
201306J072411,1,9,0,18,0,1,0,0,0,0,3,1,6,1,7,1984,1,12,7,1
201306J072433,1,1,0,18,0,1,0,0,0,0,1,1,6,1,6,-1,-1,-1,4,1
201306J072433,2,9,0,7,0,5,0,0,0,0,4,1,6,1,5,1198,1,9,9,3
201306J072447,1,9,0,18,0,1,0,0,0,0,1,1,1,1,9,-1,-1,-1,1,1
201306J072485,1,9,0,18,0,2,0,0,0,0,3,1,6,1,6,999,1,-1,7,1
201306J072485,2,9,0,18,0,1,0,0,0,0,3,1,6,2,7,1968,2,5,5,3
201306J072492,1,19,0,7,0,8,0,0,0,0,1,1,1,1,5,-1,-1,-1,5,1
201306J072631,1,11,0,18,0,0,0,0,0,0,0,1,1,1,9,4461,2,-1,5,1
201306J072633,1,9,0,18,0,1,0,0,0,0,1,1,6,1,5,998,1,6,7,1
201306J072643,1,9,0,18,0,0,0,0,0,0,1,1,1,2,7,1397,1,10,2,1
201306J072643,2,5,0,18,0,0,0,0,0,0,2,1,1,1,7,645,1,4,6,1
201306J072643,3,9,0,18,0,0,0,0,0,0,2,1,1,2,8,1124,1,10,2,1
201306J072653,1,10,0,18,0,2,0,0,0,0,1,1,1,1,6,-1,-1,-1,9,3
201306J072672,1,9,0,18,0,8,0,0,0,0,0,1,6,1,7,1598,1,10,7,1
201306J072672,2,1,0,18,0,8,1,0,0,0,0,1,6,1,7,-1,-1,-1,3,1
201306J072753,1,9,0,12,0,1,0,0,0,0,3,1,1,1,6,-1,-1,-1,3,1
201306J072753,2,9,0,18,0,1,0,0,0,0,4,1,2,2,7,1991,2,7,7,1
201306J072756,1,5,0,17,0,1,0,0,0,0,1,1,6,1,8,781,1,13,10,1
201306J072756,2,9,0,9,0,6,0,0,0,0,4,1,6,1,10,1997,2,6,6,1
201306J072765,1,1,0,18,0,8,0,0,0,0,1,1,4,1,3,-1,-1,-1,-1,-1
201306J072765,2,9,0,18,0,8,0,0,0,0,2,1,6,1,6,998,1,8,7,1
201306J072794,1,9,0,9,0,6,0,0,0,0,4,1,6,2,8,1598,1,8,9,1
201306J072794,2,1,0,18,0,1,0,0,0,0,1,1,6,1,8,-1,-1,-1,7,1
201306J072808,1,19,0,18,0,8,0,0,0,0,1,1,6,1,8,2402,2,8,7,1
201306J072808,2,9,0,18,0,8,0,0,0,0,1,1,6,2,7,1596,1,8,6,1
201306J072808,3,9,0,18,0,8,0,0,0,0,1,1,6,2,8,2494,1,9,5,1
201306J072861,1,9,0,18,0,8,0,0,0,0,1,1,6,1,10,1497,1,12,5,1
201306J072861,2,9,0,5,0,8,0,0,0,0,4,1,2,1,10,1560,2,6,1,1
201306J072867,1,1,0,18,0,6,0,0,0,0,1,1,4,1,3,-1,-1,-1,6,1
201306J072867,2,9,0,4,0,1,0,0,0,0,3,1,2,1,7,-1,-1,-1,4,1
201306J072913,1,9,0,17,0,1,2,0,0,1,0,1,6,1,4,1199,1,10,10,1
201306J072913,2,9,0,7,0,6,0,0,0,0,1,1,6,1,11,1242,1,6,6,1
201306J072913,3,9,0,18,0,1,0,0,0,0,2,1,1,1,6,-1,-1,-1,7,3
201306J072930,1,9,0,4,0,1,0,0,0,0,2,1,6,2,8,1968,2,3,10,1
201306J072930,2,9,0,4,0,1,0,0,0,0,1,1,6,2,8,1968,2,9,10,1
201306J072991,1,9,0,18,0,2,0,0,0,0,3,1,6,1,6,1956,2,2,2,1
201306J073001,1,9,0,7,0,6,0,0,0,0,1,1,1,1,7,-1,-1,-1,5,1
201306J073001,2,1,0,18,0,1,5,0,0,0,4,1,2,1,7,-1,-1,-1,2,1
201306J073052,1,9,0,18,0,0,0,0,0,0,3,1,3,2,8,2198,2,7,10,1
201306J073052,2,1,0,18,0,0,0,0,0,0,1,1,6,2,2,-1,-1,-1,9,1
201306J073063,1,9,0,18,0,2,0,0,0,0,1,1,6,2,8,1198,1,7,6,1
201306J073063,2,19,0,18,0,2,0,0,0,0,2,1,1,1,6,1870,2,8,7,1
201306J073075,1,9,0,9,0,8,0,0,0,0,3,1,6,2,7,-1,-1,-1,5,1
201306J073075,2,1,0,18,0,1,0,0,0,0,1,1,6,1,9,-1,-1,-1,4,1
201306J073080,1,9,0,7,0,1,0,0,0,0,2,1,2,1,5,1364,1,6,3,1
201306J073080,2,1,0,18,0,1,0,0,0,0,1,1,6,1,8,-1,-1,-1,10,1
201306J073192,1,3,0,16,0,6,1,0,0,0,1,1,2,1,6,125,1,-1,9,1
201306J073192,2,90,0,9,0,1,0,0,0,0,3,1,1,1,6,-1,-1,-1,-1,-1
201306J073294,1,9,0,5,0,1,0,0,0,0,1,1,6,1,7,1399,2,4,1,1
201306J073294,2,9,0,3,0,1,0,0,0,0,2,1,6,2,5,1242,1,16,7,1
201306J073334,1,9,0,18,0,8,0,0,0,0,1,1,6,1,6,-1,-1,-1,1,1
201306J073334,2,9,0,3,0,8,0,0,0,0,2,1,6,1,8,2776,2,6,4,1
201306J073334,3,9,0,3,0,8,0,0,0,0,2,1,6,1,6,998,1,18,5,1
201306J073334,4,9,0,10,0,8,0,0,0,0,2,1,6,2,5,1229,1,1,3,1
201306J073384,1,9,0,7,0,6,0,0,0,0,1,1,6,1,7,796,1,12,6,2
201306J073384,2,1,0,18,0,8,0,0,0,0,4,1,6,1,7,-1,-1,-1,5,1
201306J073430,1,9,0,5,0,4,0,0,0,0,1,1,6,2,9,-1,-1,-1,9,1
201306J073430,2,1,0,18,0,8,0,0,0,0,4,1,6,2,7,-1,-1,-1,7,1
201306J073447,1,9,0,17,0,0,0,0,0,0,1,1,6,1,7,-1,-1,-1,8,1
201306J073447,2,9,0,18,0,0,0,0,0,0,1,1,6,2,8,1587,1,11,-1,-1
201306J073552,1,9,0,9,0,1,0,0,0,0,4,1,6,2,8,1398,1,-1,2,1
201306J073552,2,1,0,15,0,1,0,0,0,0,1,1,6,1,7,-1,-1,-1,8,1
201306J073741,1,9,0,18,0,8,0,0,0,0,1,1,6,1,6,-1,-1,-1,-1,-1
201306J073741,2,9,0,18,0,8,0,0,0,0,3,1,6,1,8,1968,2,1,4,1
201306J073793,1,1,0,11,0,0,0,0,0,0,3,1,6,1,8,-1,-1,-1,4,1
201306J073793,2,9,3,13,0,0,0,0,0,0,4,1,6,1,9,1951,2,11,9,1
201306J073820,1,9,0,9,0,5,0,4,0,0,4,1,6,2,6,-1,-1,-1,2,1
201306J073820,2,9,0,14,0,1,0,0,0,0,1,1,6,1,7,1686,2,1,-1,3
201306J073820,3,9,0,2,0,2,0,0,0,0,4,1,6,1,6,1598,1,5,1,1
201306J073880,1,9,0,15,0,1,0,0,0,0,0,1,6,2,6,973,1,12,-1,-1
201306J073880,2,9,0,18,0,1,0,0,0,0,1,1,3,1,6,1388,1,10,4,1
201306J073880,3,9,0,3,0,1,0,0,0,0,2,1,2,1,6,1781,1,20,7,1
201306J073932,1,9,0,9,0,8,0,0,0,0,1,1,6,1,10,1596,1,11,10,1
201306J073932,2,9,0,18,0,8,0,0,0,0,1,1,2,1,6,-1,-1,-1,1,1
201306J073938,1,9,0,9,0,8,0,0,0,0,0,1,6,1,10,1596,1,3,-1,-1
201306J073938,2,4,0,18,0,8,1,0,0,0,4,1,6,1,9,1450,1,7,7,1
201306J074147,1,9,0,9,0,8,0,0,1,2,4,1,6,1,5,1998,1,4,4,1
201306J074147,2,9,0,18,0,8,0,0,0,0,1,1,6,1,6,2997,1,17,1,1
201306J074150,1,9,0,18,0,1,5,10,1,10,1,1,6,1,11,-1,-1,-1,10,2
201306J074150,2,9,0,10,0,1,0,0,0,0,0,1,6,2,4,998,1,8,7,1
201306J074171,1,9,0,3,0,1,0,0,0,0,2,1,2,2,9,1587,1,7,5,2
201306J074171,2,9,0,3,0,1,0,0,0,0,2,1,2,1,5,1527,2,18,5,2
201306J074171,3,9,0,3,0,1,0,0,0,0,1,1,6,2,9,2231,2,7,8,3
201306J074185,1,5,0,18,0,0,0,0,0,0,1,1,1,1,7,-1,-1,-1,10,1
201306J074185,2,9,0,9,0,0,0,0,0,0,1,1,6,1,6,1598,2,1,1,1
201306J074252,1,9,0,1,0,2,0,0,0,0,2,1,3,2,6,1686,2,4,6,1
201306J074252,2,9,0,2,0,1,0,0,0,0,1,1,3,2,6,-1,-1,-1,-1,-1
201306J074289,1,9,0,9,0,1,0,0,0,0,1,1,6,1,10,3387,1,5,7,1
201306J074289,2,1,0,18,0,1,0,0,0,0,1,1,6,1,7,-1,-1,-1,3,1
201306J074332,1,9,0,9,0,8,0,0,0,0,1,1,6,1,4,973,1,13,8,1
201306J074332,2,9,0,18,0,8,0,0,0,0,1,1,6,1,9,2967,2,2,3,1
201306J074353,1,9,0,13,0,7,0,0,0,0,3,1,6,2,11,1198,1,7,10,1
201306J074353,2,1,0,18,0,8,5,0,0,0,2,1,6,1,7,-1,-1,-1,6,1
201306J074428,1,9,0,9,0,8,0,0,0,0,1,1,6,1,4,1124,1,8,-1,-1
201306J074428,2,3,0,18,0,1,0,0,0,5,1,1,6,1,4,125,1,7,3,1
201306J074552,1,9,0,4,0,1,0,0,0,0,4,1,6,1,8,1560,2,4,5,1
201306J074619,1,9,0,17,0,0,0,0,0,0,4,1,6,1,9,2179,2,1,9,1
201306J074753,1,3,0,18,0,8,0,0,0,0,1,1,6,1,4,124,1,12,-1,-1
201306J074753,2,9,0,10,0,1,0,0,0,0,2,1,6,1,8,1753,2,7,5,1
201306J074761,1,9,0,18,0,2,0,0,0,0,1,1,6,2,6,998,1,2,9,1
201306J074777,1,9,0,18,0,1,0,0,0,1,0,1,6,2,8,1388,1,2,9,1
201306J074777,2,9,0,18,0,1,0,0,0,0,2,1,6,2,6,1596,1,3,7,1
201306J074777,3,9,0,18,0,1,0,0,0,0,2,1,6,1,5,1798,1,8,10,1
201306J074868,1,9,0,18,0,8,0,0,0,0,1,1,6,1,6,-1,-1,-1,-1,-1
201306J074868,2,1,0,18,0,8,0,0,0,0,1,1,6,1,2,-1,-1,-1,5,1
201306J074904,1,9,0,17,0,8,0,0,0,0,1,1,6,1,6,-1,-1,-1,-1,-1
201306J074904,2,1,0,18,0,8,0,0,0,0,1,1,6,1,7,-1,-1,-1,5,1
201306J074905,1,9,0,7,0,1,0,0,0,0,1,1,6,3,-1,1587,1,9,-1,-1
201306J074905,2,1,0,18,0,1,0,0,0,0,1,1,6,1,3,-1,-1,-1,-1,-1
201306J074910,1,4,0,13,0,0,0,7,0,0,4,1,6,1,6,600,1,15,1,1
201306J074910,2,9,0,18,0,0,0,0,0,0,3,1,6,1,11,1332,1,8,2,1
201306J074940,1,9,0,18,0,8,0,0,0,0,3,1,6,1,4,1596,1,13,10,1
201306J074940,2,9,0,18,0,8,0,0,1,0,3,1,6,1,5,-1,-1,-1,7,1
201306J075053,1,9,0,9,0,6,0,0,0,0,1,1,6,2,6,1587,1,8,-1,1
201306J075053,2,4,0,18,0,8,0,0,0,0,1,1,6,1,6,125,1,3,4,1
201306J075064,1,1,0,18,4,8,0,0,0,0,2,1,6,2,6,-1,-1,-1,-1,-1
201306J075064,2,9,0,7,0,8,0,0,0,0,3,1,6,1,9,1968,2,-1,9,1
201306J075066,1,5,0,18,0,8,0,0,0,0,1,1,6,1,7,599,1,7,8,1
201306J075066,2,9,0,9,0,5,0,0,0,0,3,1,2,2,8,1149,1,8,3,1
201306J075082,1,9,0,18,0,0,0,0,0,0,1,1,6,1,6,-1,-1,-1,1,1
201306J075197,1,1,0,18,0,8,0,0,0,0,0,1,6,1,2,-1,-1,-1,-1,-1
201306J075197,2,9,0,18,0,8,0,0,0,0,0,1,6,1,10,1984,1,12,9,1
201306J075226,1,9,0,18,0,1,0,0,0,0,4,1,6,1,6,1995,2,9,-1,-1
201306J075226,2,1,0,18,0,8,0,0,0,0,4,1,6,1,7,-1,-1,-1,8,1
201306J075294,1,9,0,7,0,6,0,0,0,0,0,1,6,3,-1,-1,-1,-1,-1,-1
201306J075301,1,11,0,15,0,0,0,0,0,0,4,1,1,1,9,4461,2,-1,3,2
201306J075301,2,9,0,15,0,0,0,4,0,0,3,1,6,1,9,2495,2,27,4,1
201306J075301,3,19,0,2,0,0,0,0,0,0,3,1,1,2,8,1753,2,7,-1,-1
201306J075305,1,9,0,18,0,2,0,0,0,0,4,1,6,1,6,1399,2,2,3,1
201306J075305,2,21,0,5,0,1,0,0,0,0,1,1,1,1,6,5880,2,10,3,1
201306J075318,1,9,0,18,0,8,0,0,0,0,1,1,6,1,9,1910,2,6,3,1
201306J075318,2,9,0,18,0,8,5,0,0,0,1,1,6,2,6,1598,2,-1,1,1
201306J075326,1,9,0,18,0,0,0,0,0,0,4,1,6,3,-1,-1,-1,-1,-1,-1
201306J075326,2,9,0,2,0,0,0,0,0,0,4,1,6,1,6,-1,-1,-1,8,1
201306J075333,1,1,0,18,0,1,0,0,0,0,2,1,1,1,8,-1,-1,-1,5,1
201306J075333,2,9,3,15,0,1,0,0,0,0,1,1,6,1,6,2720,2,7,9,1
201306J075361,1,9,0,18,0,2,0,0,0,2,1,1,2,1,7,-1,-1,-1,-1,-1
201306J075371,1,9,0,3,0,8,0,0,0,0,1,1,6,1,9,1582,2,1,9,1
201306J075371,2,9,0,18,0,1,0,0,0,0,1,1,6,1,6,-1,-1,-1,7,3
201306J075390,1,9,0,18,0,8,0,0,0,0,1,1,6,2,5,998,1,10,3,1
201306J075390,2,9,0,3,0,8,0,0,0,0,2,1,6,2,7,1117,1,29,4,1
201306J075456,1,9,0,18,0,1,0,0,0,0,1,1,6,2,6,1560,2,7,5,1
201306J075534,1,11,0,18,0,0,0,5,0,0,1,1,1,1,8,9000,2,6,7,2
201306J075632,1,9,0,18,0,1,0,0,0,0,4,1,3,2,7,1598,1,8,9,1
201306J075632,2,9,0,2,0,1,0,0,0,0,3,1,6,2,9,1298,1,8,10,1
201306J075650,1,3,0,18,0,1,1,10,7,0,1,1,6,1,5,124,1,2,10,1
201306J075684,1,9,0,18,0,2,0,0,0,0,3,1,6,1,5,1124,1,15,10,1
201306J075713,1,9,0,18,0,8,0,0,0,0,1,1,6,1,7,1396,1,8,4,1
201306J075742,1,3,0,18,0,8,0,0,0,0,1,1,6,1,10,798,1,22,3,1
201306J075749,1,3,0,18,0,8,1,10,0,0,3,1,6,1,6,-1,-1,-1,2,1
201306J075749,2,9,0,2,0,8,0,0,0,0,4,1,1,1,6,1560,2,2,1,1
201306J075829,1,9,0,15,0,8,1,0,1,0,3,1,6,1,6,-1,-1,-1,2,1
201306J075829,2,9,0,18,0,8,2,0,0,0,1,1,6,2,6,1596,1,8,-1,-1
201306J075944,1,9,0,9,0,5,0,0,0,0,4,1,6,2,10,1198,1,6,10,1
201306J075944,2,1,0,18,0,1,0,0,0,0,1,1,6,1,7,-1,-1,-1,5,1
201306J075983,1,9,0,18,0,0,1,0,7,10,4,1,6,1,5,-1,-1,-1,10,1
201306J075993,1,9,0,18,0,0,1,0,0,0,1,1,6,1,5,2495,2,19,7,1
201306J075993,2,9,0,18,0,0,0,0,0,0,1,1,6,2,9,1991,2,5,1,1
201306J076002,1,9,0,3,0,1,0,0,0,0,1,1,6,1,6,1995,1,6,10,1
201306J076002,2,1,0,18,0,1,0,0,0,0,1,1,6,1,7,-1,-1,-1,7,1
201306J076004,1,9,0,16,0,2,0,0,0,0,4,1,6,2,9,1329,1,4,3,1
201306J076004,2,1,0,16,0,2,0,0,0,0,1,1,6,2,2,-1,-1,-1,3,1
201306J076073,1,11,0,18,0,1,0,0,0,0,0,1,1,1,9,6700,2,4,1,1
201306J076109,1,9,0,13,0,8,0,0,0,0,3,1,6,1,6,1390,1,9,9,1
201306J076109,2,3,0,18,0,8,0,0,0,0,4,1,6,1,6,102,1,6,7,1
201306J076120,1,9,0,9,0,8,1,0,0,0,1,1,6,1,8,2000,2,6,4,1
201306J076120,2,9,0,18,0,8,1,0,0,0,1,1,6,1,9,1796,1,7,-1,-1
201306J076203,1,9,0,10,0,1,0,0,0,0,2,1,6,2,5,1396,1,10,6,1
201306J076203,2,9,0,18,0,1,0,0,0,0,1,1,6,1,6,1399,2,2,-1,-1
201306J076224,1,9,0,18,0,0,0,0,0,0,1,1,6,1,7,1360,1,12,1,1
201306J076261,1,9,0,3,0,0,0,0,0,0,4,1,1,2,5,-1,-1,-1,4,1
201306J076261,2,1,0,15,0,0,5,0,0,0,1,1,1,1,6,-1,-1,-1,2,1
201306J076294,1,9,0,18,0,8,0,0,0,0,0,1,6,2,8,1242,1,15,7,3
201306J076294,2,3,0,18,0,1,1,0,1,10,0,1,1,1,6,125,1,-1,10,1
201306J076300,1,9,0,16,0,0,0,0,0,0,1,1,1,1,4,-1,-1,-1,6,1
201306J076300,2,11,0,17,0,0,0,0,0,0,1,1,1,1,8,6871,2,15,-1,-1
201306J076307,1,9,0,9,8,8,0,0,0,0,2,1,1,1,5,-1,-1,-1,3,1
201306J076307,2,1,0,18,0,1,0,0,0,0,1,1,6,1,8,-1,-1,-1,2,1
201306J076318,1,9,0,18,0,1,0,0,0,0,1,1,2,1,6,1598,2,3,4,1
201306J076318,2,9,0,3,0,1,0,0,0,0,2,1,2,2,6,-1,-1,-1,5,1
201306J076318,3,9,0,3,0,1,0,0,0,0,2,1,2,2,6,1242,1,-1,1,1
201306J076318,4,9,0,3,0,1,0,0,0,0,2,1,2,2,6,1596,1,9,-1,-1
201306J076448,1,9,0,18,0,0,0,0,0,0,3,1,6,1,10,1560,2,-1,4,1
201306J076448,2,9,0,18,0,0,0,0,0,0,3,1,6,1,11,1797,8,3,7,1
201306J076468,1,5,0,15,0,8,5,0,0,0,3,1,1,1,5,599,1,3,3,1
201306J076468,2,11,0,7,0,8,0,0,0,0,4,1,1,1,8,9360,2,3,-1,-1
201306J076469,1,9,0,18,0,0,0,4,0,0,1,1,6,1,8,1399,2,6,6,1
201306J076469,2,9,0,2,0,0,0,0,0,0,1,1,6,1,6,1299,1,12,-1,-1
201306J076473,1,9,0,9,0,8,0,0,0,0,1,1,6,1,6,-1,-1,-1,5,1
201306J076473,2,9,0,18,0,8,0,0,0,0,1,1,6,1,11,1796,1,9,2,1
201306J076520,1,9,0,9,0,8,0,0,0,0,4,1,6,1,5,998,1,9,8,1
201306J076520,2,9,0,18,0,8,0,0,0,0,1,1,6,1,10,1956,2,1,5,1
201306J076544,1,9,0,18,0,8,0,0,0,0,1,1,6,1,9,1339,1,11,10,1
201306J076544,2,11,0,18,0,8,0,0,0,0,3,1,1,1,7,4500,2,1,6,1
201306J076569,1,9,0,18,0,4,0,0,0,0,1,1,2,1,7,-1,-1,-1,-1,-1
201306J076569,2,1,0,18,0,8,0,0,0,0,3,1,6,1,4,-1,-1,-1,4,1
201306J076661,1,9,0,5,0,8,0,0,0,0,4,1,6,1,7,1968,2,1,8,1
201306J076661,2,9,0,18,0,8,0,0,0,0,3,1,6,1,5,1598,1,5,9,1
201306J076672,1,19,0,9,0,6,0,0,0,0,3,1,6,1,5,1998,2,11,2,1
201306J076672,2,9,0,18,0,1,1,0,0,0,1,1,6,1,8,1587,1,7,1,1
201306J076729,1,9,0,9,0,8,0,0,0,0,3,1,6,3,-1,1997,2,8,-1,-1
201306J076729,2,9,0,18,0,8,0,0,0,0,4,1,6,2,7,1598,1,11,4,1
201306J076739,1,9,0,9,0,8,0,0,0,0,1,1,6,1,6,1560,2,3,5,1
201306J076739,2,1,0,18,0,8,0,0,0,0,2,1,6,1,6,-1,-1,-1,-1,-1
201306J076788,1,9,0,9,0,8,0,0,0,0,0,1,6,2,11,1240,1,3,10,1
201306J076788,2,1,0,18,0,8,0,0,0,0,0,1,6,1,6,-1,-1,-1,1,1