Accident_Index,Vehicle_Reference,Vehicle_Type,Towing_and_Articulation,Vehicle_Manoeuvre,Vehicle_Location-Restricted_Lane,Junction_Location,Skidding_and_Overturning,Hit_Object_in_Carriageway,Vehicle_Leaving_Carriageway,Hit_Object_off_Carriageway,1st_Point_of_Impact,Was_Vehicle_Left_Hand_Drive?,Journey_Purpose_of_Driver,Sex_of_Driver,Age_Band_of_Driver,Engine_Capacity_(CC),Propulsion_Code,Age_of_Vehicle,Driver_IMD_Decile,Driver_Home_Area_Type
201306J076797,1,9,0,18,0,0,0,0,0,0,1,1,6,1,8,1988,1,12,8,1
201306J076807,1,9,0,18,0,2,0,0,1,4,1,1,6,2,7,1360,1,10,4,1
201306J076828,1,8,0,6,0,0,0,0,0,0,3,1,1,1,7,2402,2,10,2,1
201306J076828,2,5,0,18,0,0,0,0,0,0,1,1,6,1,8,599,1,8,6,1
201306J076871,1,9,0,16,0,0,0,0,0,0,0,1,6,3,-1,-1,-1,-1,-1,-1
201306J076871,2,9,0,18,0,0,5,0,8,10,4,1,2,2,7,2993,2,8,9,1
201306J077120,1,9,0,18,0,8,0,0,0,0,1,1,6,2,6,1360,1,10,4,1
201306J077120,2,9,0,10,0,8,0,0,0,0,2,1,6,2,5,1995,2,5,6,1
201306J077120,3,9,0,18,0,8,0,0,0,0,3,1,6,1,7,1998,1,6,9,1
201306J077122,1,9,0,17,0,0,0,0,0,0,3,1,6,1,7,1998,2,10,2,1
201306J077122,2,19,0,16,0,0,0,0,0,0,1,1,1,1,6,1995,2,1,-1,-1
201306J077125,1,9,0,18,0,8,0,0,0,0,1,1,6,2,6,-1,-1,-1,-1,-1
201306J077127,1,9,0,10,0,1,0,0,0,0,2,1,6,2,6,1596,1,6,1,1
201306J077127,2,9,0,18,0,1,1,0,0,0,1,1,6,1,6,1560,2,3,1,1
201306J077157,1,9,0,4,0,1,0,0,7,0,1,1,6,2,11,1299,1,9,7,1
201306J077157,2,9,0,4,0,1,0,0,0,0,2,1,6,1,6,1970,1,14,9,1
201306J077225,1,9,0,1,0,0,0,0,0,0,2,1,6,2,6,1242,1,12,-1,-1
201306J077269,1,9,0,7,0,6,0,0,0,0,2,1,2,1,7,1598,2,1,7,1
201306J077269,2,1,0,18,0,8,0,0,0,0,2,1,2,1,9,-1,-1,-1,1,1
201306J077390,1,3,0,16,0,8,0,0,0,0,1,1,6,1,4,124,1,9,7,1
201306J077390,2,9,0,15,0,8,0,0,0,0,3,1,6,3,-1,3179,1,8,-1,-1
201306J077392,1,9,0,3,0,1,0,0,0,0,2,1,1,2,8,1242,1,-1,10,1
201306J077392,2,9,0,3,0,1,0,0,0,0,2,1,1,1,8,1997,2,13,4,1
201306J077392,3,9,0,18,0,1,0,0,0,0,1,1,1,1,9,2993,2,2,10,1
201306J077441,1,3,0,18,0,1,2,0,0,0,0,1,2,1,4,124,1,-1,7,1
201306J077441,2,9,0,18,0,1,0,0,0,0,0,1,6,2,7,998,1,2,10,1
201306J077481,1,9,0,4,0,1,0,0,0,0,0,1,6,1,4,-1,-1,-1,-1,-1
201306J077481,2,9,0,4,0,1,0,0,0,0,0,1,6,1,5,1998,2,8,7,1
201306J077526,1,9,0,9,0,8,0,0,0,0,3,1,2,2,8,1240,1,3,3,1
201306J077526,2,9,0,17,0,1,0,0,0,0,1,1,6,1,6,1396,1,14,2,1
201306J077530,1,9,0,16,0,8,0,0,0,0,1,1,6,1,9,1498,1,12,6,1
201306J077530,2,1,0,16,0,8,0,0,0,0,1,1,6,1,3,-1,-1,-1,6,1
201306J077583,1,9,0,11,0,0,0,0,0,0,4,1,6,2,5,1995,1,2,10,2
201306J077583,2,11,0,5,0,0,0,0,0,0,3,1,1,1,8,4461,2,-1,-1,-1
201306J077624,1,9,0,7,0,5,0,0,0,0,4,1,6,2,10,1598,1,8,10,1
201306J077747,1,9,0,18,0,1,0,0,0,0,1,1,6,2,4,1362,1,-1,1,1
201306J077747,2,9,0,3,0,1,0,0,0,0,2,1,6,1,7,1794,1,12,-1,-1
201306J077946,1,9,0,4,0,1,0,0,0,0,1,1,2,2,5,1229,1,6,3,1
201306J077946,2,9,0,5,0,1,0,0,0,0,2,1,6,3,-1,-1,-1,-1,-1,-1
201306J077977,1,9,0,18,0,2,1,0,0,0,1,1,2,2,11,1086,1,9,-1,-1
201306J077977,2,9,0,2,0,2,0,0,0,0,4,1,6,1,6,1390,1,7,-1,-1
201306J077977,3,9,0,2,0,2,0,0,0,0,2,1,6,2,6,2993,2,2,-1,-1
201306J078004,1,9,0,9,0,8,0,0,0,0,3,1,6,1,8,1753,2,12,3,1
201306J078004,2,9,0,18,0,1,0,0,0,0,1,1,6,1,8,1799,1,6,-1,-1
201306J078004,3,8,0,8,0,2,0,0,0,0,1,1,1,1,8,1753,2,6,5,1
201306J078034,1,9,0,7,0,6,0,0,0,0,3,1,2,1,7,2143,2,-1,10,1
201306J078034,2,3,0,18,0,8,1,0,7,0,1,1,2,1,4,125,1,3,10,1
201306J078101,1,9,0,1,0,2,0,0,0,0,1,1,6,1,8,1390,1,14,6,1
201306J078101,2,3,0,18,0,1,0,0,0,0,2,1,6,1,4,100,1,6,1,1
201306J078255,1,9,0,7,0,6,0,0,0,0,1,1,1,1,8,-1,-1,-1,5,1
201306J078255,2,1,0,18,0,8,0,0,0,0,4,1,1,1,9,-1,-1,-1,6,1
201306J078320,1,9,0,18,0,0,0,0,0,0,2,1,6,2,8,1596,1,6,8,1
201306J078320,2,1,0,18,0,0,0,0,0,0,1,1,6,1,8,-1,-1,-1,5,1
201306J078327,1,9,0,8,0,1,0,0,0,0,4,1,6,1,11,1389,1,11,10,1
201306J078329,1,90,0,18,0,8,0,0,0,0,1,2,1,1,6,-1,-1,-1,2,1
201306J078329,2,9,0,3,0,2,0,0,0,0,2,1,1,2,5,1242,1,4,10,1
201306J078354,1,9,0,18,0,8,5,10,0,0,4,1,1,1,11,1390,1,2,1,1
201306J078361,1,9,0,9,0,6,0,0,0,0,3,1,6,1,9,1296,1,6,7,1
201306J078361,2,9,0,18,0,8,0,0,0,0,1,1,2,2,10,796,1,13,1,1
201306J078375,1,9,0,18,9,8,0,0,1,0,1,1,6,3,-1,998,1,13,1,1
201306J078390,1,9,0,7,0,8,0,0,0,0,4,1,6,2,6,998,1,4,-1,-1
201306J078390,2,1,0,18,0,8,0,0,0,0,3,1,6,1,8,-1,-1,-1,-1,-1
201306J078405,1,9,0,18,0,0,0,0,0,0,1,1,6,2,10,1422,2,4,10,1
201306J078405,2,9,0,3,0,0,0,0,0,0,2,1,6,1,10,1560,2,2,9,1
201306J078405,3,9,0,3,0,0,0,0,0,0,2,1,6,2,10,2993,2,-1,10,1
201306J078412,1,3,0,13,0,1,0,0,0,0,4,1,2,2,7,125,1,-1,10,2
201306J078412,2,9,0,4,0,1,0,0,0,0,3,1,2,1,8,1560,2,5,9,2
201306J078418,1,9,0,18,0,0,0,0,0,0,1,1,6,1,6,1590,1,9,3,1
201306J078433,1,9,0,12,0,8,0,0,0,0,3,1,6,2,6,1339,1,10,-1,-1
201306J078433,2,5,0,18,0,8,0,0,0,0,4,1,6,1,8,998,1,9,4,1
201306J078498,1,10,0,1,0,8,0,0,0,0,2,1,6,1,6,2400,2,4,-1,-1
201306J078520,1,11,0,18,0,1,0,0,0,0,1,1,1,1,8,4250,2,14,5,1
201306J078542,1,9,0,18,0,8,0,0,0,0,1,1,6,1,6,-1,-1,-1,4,1
201306J078542,2,9,0,10,0,8,0,0,0,0,1,1,1,1,6,1968,2,1,2,1
201306J078558,1,9,0,9,0,8,0,0,0,0,1,1,6,1,6,1968,2,8,1,1
201306J078564,1,9,0,4,0,1,0,0,0,0,1,1,6,1,6,2171,1,10,1,1
201306J078564,2,9,0,4,0,1,0,0,0,0,2,1,6,1,7,1598,2,1,6,1
201306J078581,1,9,0,9,0,1,0,0,0,0,3,1,6,1,6,1686,2,8,4,1
201306J078581,2,9,0,18,0,1,1,7,7,4,4,1,6,1,8,1587,1,12,10,1
201306J078644,1,9,0,17,0,0,1,10,1,10,1,1,6,2,4,1242,1,10,6,1
201306J078698,1,9,0,1,0,8,0,0,0,0,0,1,2,1,8,1968,2,4,6,1
201306J078698,2,9,0,16,0,8,1,0,0,0,1,1,2,1,6,-1,-1,-1,6,1
201306J078698,3,9,0,17,0,8,0,0,0,0,1,1,2,2,4,998,1,2,6,1
201306J078698,4,4,0,16,0,8,1,0,0,0,1,1,2,1,4,398,1,19,4,1
201306J078709,1,9,0,18,0,0,0,0,0,0,3,1,1,2,8,1240,1,7,-1,-1
201306J078709,2,1,0,18,0,0,1,0,0,0,1,1,1,2,8,-1,-1,-1,5,1
201306J078719,1,9,0,18,0,1,1,0,0,0,1,1,1,1,5,-1,-1,-1,-1,-1
201306J078719,2,9,0,3,0,8,0,0,0,0,2,1,1,1,7,1560,2,-1,5,1
201306J078719,3,9,0,18,0,1,1,0,0,0,1,1,1,2,7,1596,1,11,6,1
201306J078750,1,9,0,9,0,5,0,0,0,0,1,1,6,1,10,1686,2,9,3,1
201306J078750,2,1,0,18,4,8,0,0,0,0,1,1,1,1,11,-1,-1,-1,8,1
201306J078769,1,9,0,18,0,8,0,0,0,0,4,1,2,2,6,1368,1,4,6,1
201306J078781,1,9,0,18,0,1,0,0,0,0,1,1,6,2,6,1390,1,10,1,1
201306J078794,1,9,0,1,0,8,0,0,0,0,2,1,6,1,7,1299,1,12,6,1
201306J078837,1,9,0,15,0,0,1,0,0,0,3,1,1,1,9,1588,1,11,5,1
201306J078837,2,21,0,18,0,0,0,0,0,0,4,1,1,1,8,12777,2,1,4,2
201306J078884,1,9,0,18,0,8,1,0,0,0,1,1,6,2,6,1198,1,6,9,1
201306J078884,2,8,0,4,0,8,0,0,0,0,1,1,1,1,9,2664,2,15,8,1
201306J078886,1,9,0,18,9,0,1,0,2,1,4,1,1,1,5,1796,1,11,6,1
201306J079004,1,9,0,18,0,8,0,0,0,0,1,1,6,2,8,1998,1,10,10,2
201306J079019,1,2,0,18,0,8,0,0,0,0,1,1,6,3,-1,-1,-1,-1,-1,-1
201306J079019,2,1,0,18,0,8,0,0,0,0,1,1,6,1,2,-1,-1,-1,-1,-1
201306J079129,1,9,0,9,0,6,0,0,0,0,1,1,2,2,8,1598,1,6,3,1
201306J079129,2,3,0,18,0,8,0,0,0,0,1,1,6,1,6,124,1,6,4,1
201306J079136,1,1,0,18,0,8,0,0,0,0,4,1,2,1,4,-1,-1,-1,4,1
201306J079136,2,9,0,18,0,8,0,0,0,0,1,1,2,1,6,-1,-1,-1,3,1
201306J079192,1,19,0,14,0,1,0,0,0,0,1,1,1,2,5,1870,2,7,5,1
201306J079192,2,11,0,2,0,1,0,0,0,0,0,1,1,1,10,4500,2,1,2,1
201306J079209,1,9,0,18,0,8,0,0,0,0,1,1,6,1,10,-1,-1,-1,1,1
201306J079235,1,9,0,9,0,8,0,0,0,0,4,1,6,1,5,1242,1,1,4,1
201306J079235,2,9,0,18,0,8,0,0,0,0,1,1,6,2,4,1999,1,8,5,1
201306J079244,1,9,0,7,0,8,0,0,0,0,3,1,2,1,8,1686,2,5,3,1
201306J079244,2,5,0,18,0,8,0,0,0,0,1,1,2,1,8,1099,1,-1,4,1
201306J079297,1,9,0,18,0,2,0,0,0,0,2,1,6,1,4,1598,2,-1,7,1
201306J079297,2,11,0,18,0,2,1,0,0,0,1,1,1,1,9,-1,2,14,8,1
201306J079393,1,9,0,15,0,0,0,0,0,0,4,1,6,1,9,2148,2,11,6,1
201306J079399,1,9,0,18,0,0,0,0,0,0,1,1,2,1,6,1995,2,5,8,1
201306J079399,2,9,0,18,0,0,0,0,0,0,1,1,2,1,10,-1,-1,-1,-1,-1
201306J079552,1,9,0,6,0,8,0,0,0,0,3,1,6,2,6,1364,1,4,-1,-1
201306J079552,2,2,0,18,0,8,0,0,0,0,4,1,6,1,4,50,1,2,10,1
201306J079574,1,9,0,3,0,1,0,0,0,0,2,1,6,2,8,1298,1,8,8,1
201306J079574,2,9,0,16,0,1,0,0,0,0,1,1,1,2,8,-1,-1,-1,10,1
201306J079575,1,9,0,18,0,0,0,0,0,0,4,1,6,3,-1,-1,-1,-1,-1,-1
201306J079652,1,20,0,18,0,8,0,0,0,0,1,1,6,2,7,-1,-1,-1,8,2
201306J079652,2,19,4,18,0,1,0,0,0,0,4,1,6,1,7,-1,-1,-1,-1,-1
201306J079655,1,9,0,18,0,0,0,0,0,0,1,1,3,1,8,1598,1,5,1,1
201306J079834,1,9,0,18,0,0,0,0,0,0,4,1,6,2,9,1598,1,1,5,1
201306J079856,1,9,0,6,0,0,0,0,0,0,3,1,6,1,6,-1,-1,-1,5,1
201306J079856,2,5,0,18,0,0,0,0,0,0,1,1,6,1,7,599,1,15,2,1
201306J079872,1,9,0,18,0,0,0,0,0,0,3,1,6,1,5,1391,1,15,-1,-1
201306J080072,1,9,0,1,0,0,0,0,0,4,1,1,6,2,11,1796,1,8,7,3
201306J080072,2,9,0,2,0,0,0,0,0,0,3,1,6,3,-1,1995,2,1,6,1
201306J080072,3,19,0,2,0,0,0,0,0,0,4,1,6,3,-1,1753,2,10,7,1
201306J080073,1,9,0,9,0,6,0,0,0,0,3,1,2,2,8,-1,-1,-1,10,1
201306J080073,2,1,0,18,0,8,0,0,0,0,1,1,6,2,9,-1,-1,-1,5,1
201306J080133,1,9,0,9,0,1,0,0,0,0,1,1,6,1,9,1499,1,5,1,1
201306J080133,2,1,0,18,0,8,0,0,0,0,1,1,6,1,7,-1,-1,-1,-1,-1
201306J080145,1,1,0,18,0,1,0,0,0,7,3,1,6,1,2,-1,-1,-1,2,1
201306J080145,2,9,0,18,0,1,0,0,0,0,1,1,6,1,11,1390,1,3,10,1
201306J080165,1,9,0,3,0,0,0,0,0,0,4,1,6,1,8,2204,2,5,10,1
201306J080165,2,1,0,18,0,0,0,0,0,0,1,1,6,1,7,-1,-1,-1,10,2
201306J080166,1,9,0,9,0,8,0,0,0,0,1,1,6,2,8,1360,1,1,5,1
201306J080166,2,9,0,18,0,8,0,0,0,0,1,1,6,1,5,-1,-1,-1,4,1
201306J080268,1,9,0,18,0,0,0,0,0,0,1,1,2,1,5,1229,1,-1,1,1
201306J080268,2,9,0,18,0,0,0,0,0,0,3,1,2,2,9,1364,2,10,9,1
201306J080268,3,19,0,18,0,0,0,0,0,0,1,1,1,1,7,1998,2,11,10,1
201306J080311,1,9,0,9,0,8,0,0,0,0,4,1,6,2,4,1242,1,11,5,1
201306J080311,2,5,0,18,0,1,0,0,0,0,1,1,2,1,8,649,1,3,5,1
201306J080354,1,9,0,13,0,0,0,0,0,0,1,1,2,1,5,1598,1,14,1,1
201306J080354,2,9,0,18,0,0,0,0,0,0,1,1,6,2,7,-1,-1,-1,6,1
201306J080354,3,9,0,18,0,0,0,0,0,0,3,1,2,1,8,2967,2,1,9,1
201306J080410,1,3,0,5,0,1,0,0,0,0,1,1,6,1,4,124,1,11,1,1
201306J080410,2,9,0,17,0,1,0,0,0,0,1,1,6,2,7,-1,-1,-1,6,3
201306J080423,1,9,0,18,0,8,0,0,0,10,4,1,6,2,8,3498,1,9,1,1
201306J080423,2,9,0,18,0,8,0,0,1,10,2,1,6,1,4,1391,1,17,6,1
201306J080479,1,9,0,6,0,0,0,0,0,0,3,1,1,1,6,-1,-1,-1,5,1
201306J080479,2,9,0,18,0,0,0,0,0,0,1,1,6,1,11,1332,1,14,10,1
201306J080485,1,9,0,9,0,1,0,0,0,0,4,1,6,1,8,1896,2,7,10,1
201306J080485,2,9,0,18,0,1,0,0,0,0,3,1,2,2,7,1998,1,11,1,1
201306J080490,1,9,0,3,0,8,0,0,0,0,1,1,2,1,6,1560,2,7,7,1
201306J080490,2,9,0,18,0,8,0,0,0,0,2,1,6,2,7,1461,2,-1,9,1
201306J080538,1,8,0,6,0,0,0,0,0,0,3,1,1,1,7,-1,-1,-1,3,1
201306J080538,2,3,0,18,0,0,0,0,0,0,1,1,2,1,4,124,1,9,4,1
201306J080568,1,9,0,18,0,0,0,0,0,0,1,1,6,1,9,1391,1,12,8,1
201306J080568,2,9,0,4,0,0,0,0,0,0,2,1,6,1,6,1061,1,9,1,1
201306J080568,3,9,0,18,0,0,0,0,0,0,1,1,6,1,8,1910,2,6,6,1
201306J080587,1,19,0,12,0,0,0,0,0,0,3,1,2,1,6,1995,2,2,-1,-1
201306J080587,2,3,0,14,0,0,0,0,0,0,4,1,2,1,7,124,1,6,4,1
201306J080654,1,9,0,18,0,8,0,0,1,0,3,1,6,1,6,-1,-1,-1,1,1
201306J080654,2,9,0,18,0,8,0,0,7,10,1,1,6,1,5,1968,2,5,2,1
201306J080699,1,9,0,18,0,8,0,0,0,0,1,1,6,1,6,1596,1,5,-1,-1
201306J080699,2,9,0,9,0,8,0,0,0,0,4,1,6,2,5,1360,1,12,5,1
201306J080746,1,9,0,9,0,6,0,0,0,0,0,1,6,3,-1,-1,-1,-1,-1,-1
201306J080746,2,3,0,18,0,8,0,0,0,0,3,1,6,1,6,125,1,7,7,1
201306J080751,1,9,0,9,0,6,0,0,0,0,4,1,6,1,11,1360,1,4,10,1
201306J080751,2,9,0,18,0,8,0,0,0,0,1,1,1,2,8,1339,1,4,3,1
201306J080751,3,9,0,3,0,1,0,0,0,0,1,1,1,1,8,1995,2,1,10,1
201306J080845,1,9,0,4,0,1,0,0,0,0,2,1,6,2,7,1242,1,-1,-1,-1
201306J080845,2,9,0,4,0,1,0,0,0,0,1,1,6,2,5,-1,-1,-1,-1,-1
201306J080942,1,19,0,9,0,2,1,0,0,0,1,1,6,1,8,1998,2,8,5,2
201306J080942,2,9,0,9,0,2,0,0,0,0,2,1,6,2,9,1329,1,-1,9,3
201306J080951,1,9,0,18,0,0,0,0,0,0,1,1,6,1,5,1390,1,4,1,1
201306J080951,2,8,0,3,0,0,0,0,0,0,2,1,1,1,9,1997,2,9,6,1
201306J080951,3,9,0,3,0,0,0,0,0,0,2,1,6,2,7,1596,1,6,7,1
201306J080970,1,9,0,9,0,1,0,0,0,0,4,1,1,2,6,1896,2,10,6,1
201306J080970,2,1,0,18,0,8,0,0,0,0,1,1,1,1,7,-1,-1,-1,-1,-1
201306J080976,1,9,0,9,0,6,0,0,0,0,1,1,6,1,10,1397,1,1,4,1
201306J080976,2,1,0,7,0,5,0,0,0,0,3,1,6,1,10,-1,-1,-1,5,1
201306J081011,1,9,0,7,0,8,0,0,0,0,4,1,1,2,7,999,1,1,7,1
201306J081012,1,21,1,18,0,8,1,0,0,0,1,1,1,1,8,-1,-1,-1,3,1
201306J081012,2,9,0,9,0,8,0,0,7,1,2,1,2,1,8,1896,2,13,9,1
201306J081013,1,9,0,18,0,0,0,0,0,0,1,1,6,1,5,1598,1,1,8,3
201306J081013,2,9,0,3,0,0,0,0,0,0,2,1,6,2,6,1796,1,13,2,1
201306J081028,1,3,0,7,0,5,0,0,0,0,3,1,2,2,7,125,1,1,-1,-1
201306J081035,1,21,0,18,0,8,0,0,0,0,1,1,1,1,6,5999,2,10,3,1
201306J081035,2,9,0,3,0,8,0,0,0,0,2,1,1,1,7,-1,-1,-1,8,1
201306J081035,3,9,0,3,0,8,0,0,0,0,3,1,6,1,9,1968,2,5,4,1
201306J081035,4,9,0,3,0,8,0,0,0,0,2,1,6,2,6,-1,-1,-1,1,1
201306J081038,1,9,0,9,0,8,0,0,0,0,1,1,6,3,-1,-1,-1,-1,-1,-1
201306J081038,2,1,0,18,0,8,0,0,0,0,1,1,2,1,6,-1,-1,-1,2,1
201306J081072,1,9,0,5,0,8,0,0,0,0,0,1,1,2,7,1242,1,3,2,1
201306J081072,2,9,0,18,0,8,0,0,7,4,1,1,1,1,8,-1,-1,-1,6,1
201306J081249,1,9,0,18,0,8,0,0,0,0,4,1,6,3,6,-1,-1,-1,-1,-1
201306J081249,2,1,0,18,0,8,0,0,0,0,1,1,6,1,5,-1,-1,-1,3,1
201306J081253,1,9,0,9,0,5,0,0,0,0,1,1,6,1,8,1242,1,15,4,2
201306J081253,2,8,0,15,0,8,1,0,0,0,1,1,1,1,8,2402,2,10,2,1
201306J081346,1,9,0,9,0,6,0,0,0,0,3,1,6,2,9,1995,1,2,10,1
201306J081346,2,4,0,18,0,8,0,0,0,0,1,1,6,1,4,-1,-1,-1,1,1
201306J081368,1,9,0,4,0,2,0,0,0,0,4,1,1,1,6,1598,1,9,-1,-1
201306J081368,2,1,0,18,0,2,0,0,0,0,3,1,2,1,7,-1,-1,-1,-1,-1
201306J081466,1,9,0,18,0,8,0,0,0,0,1,1,6,1,4,1796,1,9,7,3
201306J081466,2,9,0,9,0,6,0,0,1,0,3,1,6,2,6,1598,1,9,5,1
201306J081553,1,9,0,9,0,5,0,0,0,0,4,1,1,1,5,-1,-1,-1,2,1
201306J081553,2,1,0,14,0,8,0,0,0,0,3,1,2,1,6,-1,-1,-1,3,1
201306J081594,1,9,0,18,0,8,0,0,0,0,1,1,6,1,6,-1,-1,-1,-1,-1
201306J081594,2,9,0,18,0,4,0,0,0,0,2,1,6,2,6,1595,1,5,-1,-1
201306J081685,1,9,0,18,0,2,0,0,0,0,3,1,1,2,9,1951,2,7,1,1
201306J081692,1,19,0,13,0,0,0,0,0,0,3,1,6,3,-1,-1,-1,-1,-1,-1
201306J081772,1,9,0,18,0,2,0,0,0,0,1,1,6,3,-1,-1,-1,-1,-1,-1
201306J082100,1,9,0,18,0,0,0,0,0,0,1,1,6,2,9,-1,-1,-1,6,1
201306J082100,2,9,0,18,0,0,0,0,0,0,1,1,6,1,4,1596,1,1,-1,-1
201306J082124,1,9,0,18,0,1,0,0,0,0,2,1,1,1,6,1896,2,5,1,1
201306J082124,2,9,0,18,0,1,0,0,1,0,1,1,6,3,-1,1896,2,9,-1,-1
201306J082183,1,9,0,9,0,6,0,0,0,0,1,1,6,1,6,998,1,6,10,1
201306J082183,2,1,0,18,9,8,0,0,0,0,1,1,6,2,6,-1,-1,-1,1,1
201306J766603,1,9,0,7,0,8,0,0,0,0,4,1,6,1,9,1560,2,-1,4,1
201306J766603,2,1,0,18,0,8,0,0,0,0,1,1,6,1,6,-1,-1,-1,4,1
201306JG79462,1,9,0,15,0,1,0,0,0,0,4,1,6,2,8,1596,1,1,4,1
201306K068294,1,19,0,18,0,0,0,0,1,7,3,1,6,1,5,1868,2,9,5,3
201306K068774,1,9,0,9,0,8,0,0,0,0,1,1,6,1,7,1998,2,10,2,1
201306K068774,2,1,0,18,0,8,0,0,0,0,2,1,6,1,9,-1,-1,-1,9,1
201306K068791,1,9,0,18,0,1,0,0,0,0,1,1,6,1,9,2993,2,2,-1,-1
201306K068791,2,9,0,18,0,1,0,0,0,0,2,1,1,1,7,1590,1,14,1,1
201306K068812,1,9,0,18,0,1,0,0,0,0,1,1,6,2,5,1398,2,6,5,1
201306K068813,1,3,0,9,0,8,0,0,0,0,4,1,6,1,6,-1,-1,-1,-1,-1
201306K068813,2,20,0,18,0,8,0,0,0,0,1,1,6,1,8,-1,-1,-1,1,1
201306K068861,1,9,0,15,0,8,0,0,0,10,4,1,6,1,4,1968,2,1,2,1
201306K068861,2,9,0,7,0,8,0,0,0,0,4,1,6,1,5,1332,1,16,2,1
201306K068993,1,9,0,18,0,2,0,0,0,0,1,1,6,2,6,-1,-1,-1,3,1
201306K068993,2,9,0,18,0,2,0,0,0,0,2,1,6,2,9,998,1,6,8,1
201306K069170,1,9,0,13,0,1,0,0,7,10,2,1,6,1,6,1368,1,1,-1,-1
201306K069170,2,9,0,18,0,1,0,0,1,0,1,1,6,1,4,1598,1,9,-1,-1
201306K069180,1,9,0,9,0,2,0,0,0,0,1,1,6,2,9,1596,1,3,6,1
201306K069336,1,9,0,9,0,1,1,0,2,1,1,1,6,1,4,1086,1,5,-1,-1
201306K069372,1,8,0,18,0,0,0,0,0,0,0,1,6,1,6,1868,2,10,2,1
201306K069376,1,9,0,4,0,4,0,0,0,0,1,1,6,1,5,1598,1,14,1,1
201306K069376,2,1,0,12,0,4,0,0,0,0,1,1,6,1,8,-1,-1,-1,1,1
201306K069480,1,9,0,18,0,8,0,0,0,0,1,1,6,2,8,1587,1,7,3,1
201306K069480,2,9,0,5,0,8,0,0,0,0,2,1,6,1,6,1299,1,17,5,1
201306K069552,1,9,0,9,0,5,0,0,0,0,4,1,6,1,6,2494,1,12,6,1
201306K069552,2,1,0,18,0,8,0,0,0,0,1,1,6,1,7,-1,-1,-1,6,1
201306K069603,1,9,0,9,0,8,0,0,0,0,3,1,6,2,9,-1,-1,-1,-1,-1
201306K069603,2,3,0,14,0,8,2,0,0,0,1,1,2,1,5,124,1,2,2,1
201306K069670,1,9,0,18,0,8,1,0,0,0,1,1,2,1,6,-1,-1,-1,1,1
201306K069670,2,9,0,18,0,8,0,0,0,0,1,1,2,1,8,1560,2,3,10,1
201306K069683,1,9,0,4,0,1,1,0,0,0,4,1,3,2,6,1998,2,4,4,1
201306K069683,2,9,0,4,0,1,0,0,0,0,1,1,6,1,7,1598,2,2,9,1
201306K069683,3,9,0,4,0,1,0,0,0,0,2,1,6,1,8,1998,1,9,1,1
201306K069684,1,9,0,18,0,8,0,0,0,0,1,1,1,1,6,1199,1,13,8,2
201306K069698,1,9,0,18,0,8,0,0,0,0,1,1,6,1,6,-1,-1,-1,-1,-1
201306K069698,2,90,0,5,0,6,0,0,0,0,4,1,6,1,11,-1,-1,-1,-1,-1
201306K069715,1,9,0,9,0,8,0,0,0,0,1,1,6,1,7,1794,1,11,-1,-1
201306K069715,2,1,0,18,0,8,0,0,0,0,4,1,6,1,4,-1,-1,-1,-1,-1
201306K069726,1,9,0,8,0,1,0,0,0,0,2,1,2,2,5,1560,2,8,7,1
201306K069726,2,19,0,4,0,1,0,0,0,0,1,1,1,1,6,2198,2,1,7,2
201306K069780,1,8,0,4,0,0,0,0,0,0,4,1,1,1,6,1762,1,13,1,1
201306K069780,2,1,0,15,4,0,0,0,0,0,3,1,6,1,5,-1,-1,-1,3,1
201306K069781,1,11,0,18,0,0,0,0,0,0,0,1,1,1,10,6700,2,5,1,1
201306K069820,1,9,0,18,0,2,1,0,0,0,3,1,6,1,7,1870,2,6,1,1
201306K069865,1,9,0,18,0,2,0,0,0,0,1,1,1,2,7,1596,1,5,4,1
201306K069939,1,9,0,18,0,2,0,0,0,0,2,1,6,2,4,1596,1,5,7,1
201306K069946,1,90,0,4,0,1,0,0,0,0,1,1,1,1,6,2999,2,3,4,1
201306K069967,1,9,0,10,0,8,0,0,0,0,3,1,1,1,5,-1,-1,-1,5,1
201306K069967,2,9,0,18,0,8,0,0,0,0,1,1,6,1,7,998,1,11,7,1
201306K069972,1,9,0,18,0,1,0,0,0,0,1,1,6,2,8,1975,1,6,5,1
201306K069972,2,9,0,9,0,1,0,0,0,0,2,1,6,1,7,1299,1,14,1,1
201306K069972,3,9,0,9,0,1,0,0,0,0,2,1,6,1,7,998,1,14,2,1
201306K070088,1,8,0,10,0,8,0,0,0,0,4,1,6,2,5,1560,2,2,2,1
201306K070088,2,9,0,17,0,8,0,0,0,0,1,1,6,2,5,1240,1,6,-1,-1
201306K070122,1,9,0,18,0,1,0,0,0,0,1,1,6,1,5,1364,1,7,3,1
201306K070141,1,11,0,9,0,8,0,0,0,0,1,1,1,1,6,6700,2,5,-1,-1
201306K070141,2,9,0,18,0,8,0,0,0,0,1,1,2,2,6,1596,1,5,2,1
201306K070206,1,9,0,4,0,2,0,0,0,0,3,1,2,1,7,1998,1,8,7,1
201306K070209,1,9,0,17,0,0,5,0,1,10,1,1,6,1,5,1364,1,3,1,1
201306K070234,1,9,0,7,0,4,0,0,0,0,0,1,2,2,6,-1,-1,-1,3,1