Accident_Index,Vehicle_Reference,Vehicle_Type,Towing_and_Articulation,Vehicle_Manoeuvre,Vehicle_Location-Restricted_Lane,Junction_Location,Skidding_and_Overturning,Hit_Object_in_Carriageway,Vehicle_Leaving_Carriageway,Hit_Object_off_Carriageway,1st_Point_of_Impact,Was_Vehicle_Left_Hand_Drive?,Journey_Purpose_of_Driver,Sex_of_Driver,Age_Band_of_Driver,Engine_Capacity_(CC),Propulsion_Code,Age_of_Vehicle,Driver_IMD_Decile,Driver_Home_Area_Type
201306K074932,2,9,0,18,0,1,0,0,0,0,3,1,2,2,6,1679,1,12,5,1
201306K074950,1,9,0,9,0,6,0,0,0,0,0,1,6,2,6,-1,-1,-1,7,1
201306K074950,2,1,0,18,0,8,0,0,0,0,0,1,2,1,8,-1,-1,-1,6,1
201306K074954,1,9,0,18,0,1,0,0,0,0,1,1,6,1,7,1360,1,11,1,1
201306K074954,2,19,0,18,0,2,0,0,0,0,3,1,2,1,8,2198,2,4,-1,-1
201306K074960,1,1,0,7,0,1,0,4,0,0,2,1,6,1,6,-1,-1,-1,1,1
201306K074960,2,9,0,2,8,1,0,0,0,0,0,1,6,3,-1,2000,2,2,-1,-1
201306K074981,1,9,0,1,0,5,0,0,0,0,3,1,6,1,7,-1,-1,-1,6,1
201306K074992,1,9,0,1,0,0,0,0,0,0,2,1,6,2,5,1560,2,1,2,1
201306K075025,1,9,0,7,0,5,0,0,0,10,1,1,2,2,8,-1,-1,-1,3,1
201306K075025,2,9,0,9,0,5,0,0,0,0,1,1,2,1,8,1389,1,12,3,1
201306K075036,1,9,0,18,0,1,0,0,7,7,1,1,6,1,6,1995,2,11,8,1
201306K075036,2,9,0,4,0,1,0,0,1,1,2,1,6,2,11,1149,1,12,1,1
201306K075037,1,9,0,18,0,1,0,0,0,0,1,1,1,1,4,-1,-1,-1,1,1
201306K075037,2,9,0,3,0,1,0,0,0,0,2,1,1,1,7,-1,-1,-1,3,1
201306K075037,3,9,0,3,0,1,0,0,0,0,2,1,1,2,5,1598,1,-1,10,1
201306K075037,4,9,0,3,0,1,0,0,0,0,2,1,1,1,7,-1,-1,-1,2,1
201306K075051,1,9,0,7,0,8,0,0,0,0,1,1,6,1,10,-1,-1,-1,2,1
201306K075051,2,9,0,18,0,8,0,0,0,0,3,1,6,1,5,1986,2,6,1,1
201306K075065,1,19,0,7,0,6,0,0,0,0,1,1,1,2,8,1753,2,7,5,1
201306K075083,1,9,0,3,0,1,0,0,0,0,1,1,6,1,5,-1,-1,-1,-1,-1
201306K075083,2,9,0,9,0,8,0,0,0,0,2,1,1,2,9,1896,2,11,7,1
201306K075162,1,9,0,18,0,1,0,0,0,0,4,1,6,1,5,1398,1,1,1,1
201306K075231,1,9,0,18,0,8,2,4,7,5,1,1,6,1,6,-1,-1,-1,-1,-1
201306K075231,2,9,0,18,0,8,1,4,0,7,1,1,6,1,6,1598,1,8,-1,-1
201306K075231,3,9,0,9,0,6,1,0,0,0,3,1,6,1,6,1995,2,7,-1,-1
201306K075231,4,9,0,2,0,1,0,0,0,0,4,1,6,3,-1,1896,2,6,-1,-1
201306K075231,5,9,0,2,0,1,0,0,0,0,0,1,6,3,-1,1896,2,9,-1,-1
201306K075236,1,19,0,18,0,0,0,0,0,0,1,1,6,1,6,1560,2,3,-1,-1
201306K075239,1,9,0,18,0,0,0,0,0,0,1,1,6,2,8,1242,1,9,5,1
201306K075241,1,9,0,8,0,8,0,0,0,0,0,1,1,1,8,-1,-1,-1,-1,-1
201306K075241,2,4,0,18,0,8,0,0,0,0,2,1,6,2,7,125,1,1,1,1
201306K075242,1,9,0,18,0,1,0,0,0,0,1,1,6,2,9,1339,1,5,4,1
201306K075242,2,9,0,2,0,1,0,0,0,0,2,1,6,2,6,1686,2,3,3,1
201306K075277,1,9,0,9,0,5,1,0,1,0,4,1,6,1,10,1995,2,1,5,2
201306K075277,2,9,0,18,0,8,1,0,1,0,1,1,6,1,7,1910,2,6,6,1
201306K075286,1,9,0,18,0,0,0,0,0,0,4,1,6,2,6,1461,2,8,7,1
201306K075286,2,9,0,2,0,0,0,0,0,0,3,1,6,1,6,1598,2,3,4,1
201306K075366,1,1,0,18,0,1,0,0,0,0,1,1,6,1,4,-1,-1,-1,1,1
201306K075366,2,9,0,18,0,1,0,0,0,0,2,1,6,3,-1,-1,-1,-1,-1,-1
201306K075478,1,19,0,5,0,0,0,0,0,0,1,1,1,1,5,2402,2,4,9,1
201306K075478,2,5,0,18,0,0,0,0,0,0,1,1,6,1,5,600,1,13,3,1
201306K075542,1,9,0,16,0,2,0,0,0,1,1,1,6,1,10,1988,1,12,10,3
201306K075615,1,9,0,18,0,2,0,0,0,0,2,1,1,1,9,1360,1,6,9,1
201306K075665,1,9,0,4,0,0,0,0,0,0,1,1,2,1,10,-1,-1,-1,10,1
201306K075665,2,9,0,4,0,0,0,0,0,0,2,1,6,2,7,1597,1,23,1,1
201306K075679,1,90,0,9,0,8,0,0,0,0,1,1,1,2,6,4035,2,1,9,1
201306K075679,2,9,0,15,0,8,0,0,0,0,1,1,6,1,8,1997,1,4,8,1
201306K075699,1,8,0,9,0,8,0,0,0,0,3,1,1,1,7,1686,2,5,1,1
201306K075701,1,9,0,13,0,1,0,0,7,10,1,1,6,1,6,6208,1,5,1,1
201306K075701,2,9,0,18,0,1,0,0,0,0,0,1,6,1,5,1968,2,1,1,1
201306K075701,3,9,0,7,0,5,0,0,7,10,3,1,6,1,5,2967,2,3,4,1
201306K075724,1,8,0,18,0,1,0,0,0,0,3,1,1,1,8,-1,-1,-1,7,1
201306K075770,1,9,0,7,0,6,0,0,0,0,1,1,6,2,7,1587,1,8,4,1
201306K075770,2,9,0,18,0,8,0,0,0,0,4,1,6,1,8,1587,1,11,3,1
201306K075799,1,9,0,18,0,0,5,7,0,1,1,1,6,2,6,1689,2,12,1,1
201306K075806,1,9,0,9,0,6,0,0,0,0,1,1,6,1,5,1956,2,2,4,1
201306K075811,1,9,0,9,0,8,0,0,0,0,1,1,6,2,5,1229,1,2,7,1
201306K075811,2,9,0,18,0,8,0,0,0,0,1,1,6,1,8,995,1,9,10,1
201306K075811,3,1,0,3,0,7,0,0,0,0,1,1,6,1,10,-1,-1,-1,8,1
201306K075811,4,9,0,3,0,7,0,0,0,0,1,1,6,2,4,1242,1,7,6,1
201306K075824,1,9,0,18,0,8,0,0,0,0,3,1,2,1,5,1242,1,8,3,1
201306K075824,2,1,0,18,0,8,0,0,0,0,4,1,6,1,6,-1,-1,-1,1,1
201306K075917,1,9,0,15,0,1,0,0,0,0,1,1,6,2,7,1299,1,16,2,1
201306K075917,2,9,0,9,0,6,0,0,0,0,2,1,6,1,6,1999,1,12,1,1
201306K075923,1,19,0,18,0,1,0,0,0,0,2,1,6,1,6,2402,2,2,-1,-1
201306K075923,2,9,0,3,0,1,0,0,0,0,1,1,6,2,8,1762,1,14,7,1
201306K075923,3,9,0,3,0,1,0,0,0,0,0,1,6,2,8,-1,-1,-1,7,1
201306K076048,1,9,0,18,0,8,0,0,0,0,1,1,6,1,6,3696,1,4,5,1
201306K076048,2,5,0,18,0,8,0,0,0,0,1,1,6,1,8,998,1,11,8,2
201306K076124,1,9,0,4,0,0,1,0,0,0,1,1,2,1,4,1299,1,14,1,1
201306K076124,2,9,0,4,0,0,0,0,0,0,2,1,2,2,7,1800,1,14,6,1
201306K076159,1,9,0,18,0,1,0,0,0,0,1,1,6,1,6,1598,2,3,-1,-1
201306K076159,2,9,0,3,0,1,0,0,0,0,2,1,6,2,5,-1,-1,-1,3,1
201306K076162,1,5,0,18,0,0,0,4,1,0,1,1,6,1,8,636,1,8,2,1
201306K076162,2,9,0,2,0,0,0,0,0,0,2,1,6,3,6,1398,1,9,-1,-1
201306K076170,1,9,0,18,0,0,0,0,0,0,4,1,6,3,-1,-1,-1,-1,-1,-1
201306K076170,2,1,0,18,0,0,0,0,0,0,3,1,2,1,9,-1,-1,-1,4,1
201306K076218,1,9,0,6,0,8,0,0,0,0,3,1,6,1,6,1986,2,8,2,1
201306K076218,2,4,0,18,0,1,0,0,0,0,1,1,6,1,10,-1,-1,-1,3,1
201306K076230,1,5,0,13,0,1,2,0,0,0,1,1,6,1,5,-1,-1,-1,7,1
201306K076230,2,9,0,14,0,1,0,0,0,0,2,1,6,1,7,1796,1,11,2,1
201306K076230,3,10,0,18,0,2,0,0,0,0,1,1,1,2,9,-1,-1,-1,1,1
201306K076254,1,9,0,9,0,5,0,0,0,0,0,1,6,3,6,-1,-1,-1,-1,-1
201306K076254,2,1,0,18,0,8,0,0,0,0,0,1,6,1,8,-1,-1,-1,4,1
201306K076283,1,9,0,18,0,8,1,0,0,0,1,1,6,1,7,1994,2,14,1,1
201306K076283,2,9,0,18,0,8,5,0,0,0,4,1,6,1,6,1390,1,12,2,1
201306K076299,1,9,0,9,0,8,0,0,0,0,1,1,6,2,10,1598,1,7,6,1
201306K076299,2,9,0,18,0,8,0,0,0,0,1,1,6,1,5,1098,1,-1,1,1
201306K076342,1,3,0,9,0,2,0,0,0,0,0,1,6,2,8,125,1,1,1,1
201306K076367,1,9,0,18,0,1,0,0,0,0,1,1,6,1,5,1910,2,7,-1,-1
201306K076367,2,9,0,3,0,1,0,0,0,0,2,1,6,2,7,-1,-1,-1,6,1
201306K076379,1,9,0,18,0,8,0,0,0,0,1,1,6,2,10,973,1,10,9,1
201306K076379,2,21,0,9,0,8,0,0,0,0,3,1,1,1,8,-1,-1,-1,7,1
201306K076444,1,19,0,9,0,5,0,0,0,0,1,1,1,1,6,-1,-1,-1,4,1
201306K076444,2,9,0,18,0,8,5,0,1,10,3,1,2,2,6,1794,1,10,6,1
201306K076446,1,19,0,16,0,0,0,0,0,0,1,1,1,1,6,1560,2,2,1,1
201306K076446,2,9,0,17,0,0,0,0,0,0,0,1,6,1,8,1086,1,8,6,1
201306K076481,1,9,0,5,0,1,0,0,0,0,1,1,6,1,6,-1,-1,-1,-1,-1
201306K076481,2,9,0,5,0,1,0,0,0,0,2,1,2,2,7,1997,2,12,5,1
201306K076489,1,9,0,4,0,2,0,0,0,0,1,1,6,2,7,2179,2,1,5,3
201306K076489,2,9,0,3,0,2,0,0,0,0,2,1,1,1,5,1198,1,5,-1,-1
201306K076489,3,9,0,3,0,2,0,0,0,0,2,1,1,1,5,1229,1,5,8,1
201306K076489,4,9,0,5,0,2,0,0,0,0,2,1,1,2,8,1248,1,4,8,2
201306K076490,1,9,0,6,0,8,0,0,0,0,3,1,6,1,6,1598,1,7,3,1
201306K076490,2,1,0,9,0,8,5,0,0,0,1,1,6,1,3,-1,-1,-1,7,1
201306K076531,1,9,0,18,0,0,0,0,0,0,4,1,6,1,6,-1,-1,-1,-1,-1
201306K076574,1,9,0,7,0,5,0,0,0,0,4,1,6,1,6,1596,1,10,-1,-1
201306K076574,2,1,0,18,0,1,0,0,0,0,1,1,2,1,5,-1,-1,-1,6,1
201306K076587,1,9,0,9,0,5,0,0,0,0,4,1,6,2,8,-1,-1,-1,5,1
201306K076587,2,1,0,18,0,1,0,0,0,0,1,1,6,1,7,-1,-1,-1,-1,-1
201306K076614,1,21,0,5,0,1,0,0,0,0,1,1,1,1,6,11705,2,6,4,1
201306K076614,2,3,0,5,0,1,2,0,0,0,2,1,6,1,9,124,1,6,1,1
201306K076619,1,9,0,18,0,8,0,0,0,0,1,1,6,1,6,-1,-1,-1,-1,-1
201306K076619,2,9,0,18,0,8,0,0,0,0,1,1,6,2,8,1686,2,8,2,1
201306K076674,1,9,0,18,0,0,1,0,1,1,4,1,2,1,6,1242,1,5,2,1
201306K076692,1,9,0,4,0,1,0,0,0,0,4,1,6,2,6,1390,1,8,5,1
201306K076692,2,1,0,18,0,1,0,0,0,0,3,1,6,1,7,-1,-1,-1,2,1
201306K076712,1,9,0,9,0,8,0,0,0,0,3,1,6,2,11,1995,1,10,3,1
201306K076712,2,4,0,18,0,8,1,0,0,0,1,1,6,1,6,599,1,15,-1,-1
201306K076719,1,9,0,9,0,8,0,0,0,0,4,1,6,1,10,1998,1,15,6,1
201306K076719,2,1,0,18,0,1,0,0,0,0,1,1,6,1,9,-1,-1,-1,9,1
201306K076720,1,9,0,17,0,0,1,0,0,0,3,1,6,1,6,1149,1,10,2,1
201306K076720,2,9,0,16,0,0,0,10,0,0,0,1,6,1,7,1560,2,-1,8,1
201306K076732,1,9,0,18,0,2,0,0,0,0,1,1,6,1,4,1229,1,5,8,1
201306K076736,1,9,0,9,0,1,0,0,0,0,1,1,6,1,9,998,1,9,5,1
201306K076736,2,9,0,18,0,8,0,0,0,0,1,1,6,2,5,1968,2,4,1,1
201306K076861,1,9,0,18,0,0,0,0,0,0,1,1,6,2,7,1560,2,1,1,1
201306K076861,2,9,0,2,0,0,0,0,0,0,2,1,6,2,6,1596,1,7,-1,-1
201306K076866,1,9,0,18,0,0,0,0,0,0,1,1,6,2,7,1390,1,4,5,2
201306K076866,2,9,0,18,0,0,0,0,0,0,2,1,6,1,8,998,1,3,3,1
201306K076866,3,9,0,18,0,0,0,0,0,0,2,1,6,1,5,2148,2,4,7,1
201306K076884,1,9,0,18,0,8,0,0,0,0,1,1,6,3,-1,-1,-1,-1,-1,-1
201306K076890,1,9,0,18,0,1,0,0,0,0,1,1,6,1,10,-1,-1,-1,2,1
201306K076890,2,9,0,18,0,1,0,0,0,0,3,1,6,1,8,1390,1,8,2,1
201306K076927,1,9,0,9,0,8,1,7,1,10,1,1,6,1,7,1587,1,9,1,1
201306K076945,1,9,0,18,0,1,0,0,0,0,0,1,6,2,8,1399,1,2,2,1
201306K076967,1,9,0,18,0,6,0,0,0,0,1,1,6,1,6,2495,2,14,3,1
201306K076967,2,9,0,18,0,8,0,0,0,0,4,1,6,2,8,2495,2,9,7,3
201306K076980,1,9,0,3,0,1,0,0,0,0,4,1,6,1,6,998,1,9,2,1
201306K076980,2,1,0,18,0,1,0,0,0,0,3,1,6,1,8,-1,-1,-1,2,1
201306K076985,1,9,0,9,0,1,0,0,0,0,1,1,6,1,5,2494,1,14,5,1
201306K076985,2,9,0,18,0,8,0,0,0,0,4,1,6,2,5,1299,1,8,8,2
201306K077019,1,9,0,9,0,8,0,0,0,0,1,1,2,2,5,-1,-1,-1,1,1
201306K077019,2,9,0,18,0,1,0,0,0,0,1,1,2,2,9,1396,1,8,2,1
201306K077039,1,9,0,9,0,8,0,0,0,0,3,1,6,2,11,1242,1,12,9,1
201306K077039,2,8,0,18,0,1,0,0,0,0,1,1,1,1,8,1995,2,9,3,1
201306K077105,1,11,0,9,0,5,0,0,0,0,2,1,1,1,5,7300,2,7,-1,-1
201306K077105,2,1,0,18,4,1,0,0,0,0,2,1,2,1,8,-1,-1,-1,3,1
201306K077174,1,9,0,18,0,1,0,0,0,0,1,1,6,1,9,998,1,7,7,1
201306K077295,1,9,0,7,0,1,0,0,0,0,1,1,6,1,7,1796,1,10,1,1
201306K077295,2,9,0,18,0,2,0,0,0,0,1,1,6,2,5,1242,1,11,2,1
201306K077306,1,21,0,7,0,4,0,0,0,0,1,1,1,1,8,12777,2,5,1,1
201306K077306,2,19,0,18,0,3,2,0,0,0,4,1,1,1,8,-1,-1,-1,1,1
201306K077364,1,9,0,18,0,4,0,0,0,0,0,1,6,2,6,1598,2,-1,1,1
201306K077364,2,9,0,5,0,8,0,0,0,0,3,1,6,2,8,1598,2,1,1,1
201306K077365,1,9,0,6,0,1,0,0,0,0,1,1,6,3,-1,-1,-1,-1,-1,-1
201306K077365,2,9,0,18,0,1,0,0,0,0,4,1,6,2,8,1149,1,12,1,1
201306K077368,1,9,0,6,0,6,0,0,0,0,4,1,2,2,6,1598,1,12,3,1
201306K077381,1,9,0,18,0,8,0,0,0,0,3,1,6,1,6,1995,2,1,2,1
201306K077381,2,19,0,18,0,8,0,0,0,0,1,1,6,1,9,-1,-1,-1,1,1
201306K077384,1,9,0,9,0,8,0,0,0,0,1,1,6,2,10,1399,2,3,1,1
201306K077439,1,9,0,18,0,0,0,0,0,0,1,1,6,1,6,2494,1,15,-1,-1
201306K077439,2,9,0,18,0,0,0,0,0,0,1,1,6,2,5,1598,1,8,1,1
201306K077485,1,9,0,18,0,8,0,0,0,0,1,1,6,1,6,1390,1,11,1,1
201306K077485,2,9,0,9,0,8,0,0,0,0,2,1,6,2,7,2499,2,9,1,1
201306K077486,1,9,0,9,0,2,1,10,3,2,4,1,6,1,6,1798,1,13,-1,-1
201306K077493,1,9,0,9,0,8,0,0,0,0,1,1,6,2,6,1390,1,8,5,1
201306K077493,2,2,0,18,0,8,0,0,0,0,4,1,1,1,4,49,1,6,-1,-1
201306K077611,1,9,0,7,0,8,0,0,0,0,3,1,1,1,6,-1,-1,-1,1,1
201306K077611,2,9,0,18,0,1,1,0,0,0,1,1,1,2,6,1242,1,7,2,1
201306K077696,1,19,0,18,0,8,0,0,0,0,3,1,1,1,5,2143,2,-1,9,1
201306K077696,2,19,0,18,0,8,0,0,0,0,1,1,1,1,6,1560,2,6,3,1
201306K077696,3,9,0,18,0,8,0,0,0,0,4,1,6,1,5,-1,-1,-1,5,1
201306K077722,1,9,0,18,0,0,0,0,0,0,1,1,6,1,7,-1,-1,-1,2,1
201306K077776,1,9,0,18,0,0,0,0,0,0,1,1,1,1,6,-1,-1,-1,3,1
201306K077776,2,9,0,18,0,0,0,0,0,0,1,1,6,1,7,1242,1,9,2,1
201306K077780,1,3,0,18,0,0,0,0,0,0,1,1,6,1,5,124,1,1,2,1
201306K077780,2,9,0,18,0,0,0,0,0,0,2,1,6,2,6,1686,2,6,1,1
201306K077787,1,9,0,14,0,0,0,0,0,0,1,1,6,1,5,1984,1,2,-1,-1
201306K077800,1,9,0,9,0,8,0,0,0,0,1,1,6,1,6,1587,1,15,1,1
201306K077800,2,9,0,18,0,8,0,4,0,0,1,1,6,2,6,1686,2,3,5,1
201306K077800,3,9,0,2,0,2,0,0,0,0,3,1,6,1,9,2204,2,4,5,1
201306K077808,1,9,0,18,0,4,0,0,0,0,1,1,6,1,7,1995,2,9,-1,-1
201306K077808,2,9,0,18,0,3,0,0,0,0,2,1,6,2,7,1242,1,13,3,1
201306K077811,1,9,0,18,0,6,0,0,0,0,1,1,3,1,8,1796,1,13,1,1
201306K077811,2,9,0,18,0,8,0,0,1,4,4,1,3,2,6,1598,1,5,1,1
201306K077828,1,5,0,18,0,8,0,0,0,0,1,1,6,1,8,599,1,13,6,1
201306K077828,2,9,0,9,0,5,0,0,0,0,3,1,6,2,6,1997,1,12,8,1
201306K077833,1,9,0,18,0,1,0,0,0,0,1,1,6,1,5,1399,2,8,3,1
201306K077833,2,9,0,3,0,1,0,0,0,0,1,1,6,1,7,1598,1,8,3,1
201306K077845,1,9,0,9,0,8,0,0,0,0,0,1,6,1,5,1396,1,15,-1,-1
201306K077845,2,1,0,18,0,1,0,0,0,0,1,1,6,1,8,-1,-1,-1,10,1
201306K077881,1,9,3,12,0,0,0,0,0,0,0,1,6,3,-1,-1,-1,-1,-1,-1
201306K077881,2,5,0,18,0,0,0,0,0,0,0,1,6,1,8,1202,1,3,1,1
201306K077891,1,3,0,17,0,0,0,0,0,0,3,1,1,1,4,124,1,-1,1,1
201306K077923,1,9,0,4,0,0,0,0,0,0,1,1,2,1,4,1596,1,10,10,1
201306K077924,1,4,0,18,0,8,0,0,0,0,1,1,6,1,4,-1,-1,-1,2,1
201306K077924,2,2,0,9,0,8,0,0,0,0,3,1,6,1,9,-1,-1,-1,2,1
201306K077929,1,9,0,5,0,8,0,0,0,0,1,1,6,2,7,1398,1,10,2,1
201306K077929,2,9,0,18,0,6,0,0,0,0,1,1,1,1,5,1596,1,15,2,1
201306K077985,1,9,0,1,0,1,0,0,0,0,2,1,3,2,7,-1,-1,-1,9,1
201306K077994,1,9,0,2,0,0,0,8,0,0,3,1,6,1,11,998,1,3,9,1
201306K077994,2,9,0,18,0,0,0,0,0,0,1,1,6,2,7,2000,2,6,9,1
201306K078011,1,9,0,9,0,5,0,0,0,0,0,1,6,3,-1,-1,-1,-1,-1,-1
201306K078011,2,9,0,7,9,5,0,10,7,10,1,1,1,1,9,-1,-1,-1,8,1
201306K078028,1,9,0,18,0,8,0,0,0,0,3,1,6,1,8,1997,2,10,1,1
201306K078028,2,9,0,9,0,8,0,0,0,0,1,1,6,1,5,1364,1,3,1,1
201306K078045,1,9,0,18,0,2,0,0,0,0,4,1,1,2,9,-1,-1,-1,5,1
201306K078060,1,9,0,9,0,6,0,0,0,0,3,1,6,1,8,-1,-1,-1,1,1
201306K078060,2,4,0,18,0,8,1,0,0,0,1,1,6,1,6,-1,-1,-1,1,1
201306K078068,1,9,0,8,0,1,0,0,0,0,1,1,6,2,10,1596,1,-1,6,1
201306K078068,2,9,0,18,0,8,0,0,0,0,4,1,6,1,5,1399,2,3,1,1
201306K078079,1,9,0,18,0,8,0,0,0,0,1,1,6,1,6,1242,1,13,-1,-1
201306K078079,2,9,0,18,0,8,0,0,0,0,1,1,1,1,6,1582,2,1,-1,-1
201306K078228,1,5,0,18,0,3,2,0,0,0,1,1,6,1,5,999,1,3,1,1
201306K078228,2,9,0,18,0,8,0,0,0,0,0,1,6,2,6,999,1,-1,1,1
201306K078285,1,9,0,9,0,8,0,0,0,0,4,1,6,1,9,1598,1,10,7,1
201306K078285,2,5,0,18,0,1,0,0,0,0,1,1,6,1,5,124,1,6,2,1
201306K078371,1,9,0,18,0,1,0,0,1,10,1,1,6,1,8,4966,1,11,1,1
201306K078385,1,9,0,9,0,5,0,0,0,0,2,1,6,1,5,-1,-1,-1,3,1
201306K078385,2,9,0,18,0,8,0,0,0,0,1,1,6,2,6,-1,-1,-1,8,1
201306K078554,1,9,0,7,0,2,0,0,0,0,1,1,6,1,5,1762,1,13,3,1
201306K078554,2,9,0,18,0,8,0,0,7,0,2,1,6,2,6,1397,1,10,2,1
201306K078584,1,9,0,18,0,1,1,0,0,0,1,1,2,1,6,-1,-1,-1,3,1
201306K078654,1,9,0,7,0,1,0,0,0,0,1,1,6,2,5,-1,-1,-1,1,1
201306K078654,2,9,0,18,0,8,1,0,0,0,1,1,6,2,6,1896,2,4,3,1
201306K078656,1,9,0,18,0,8,0,0,0,0,1,1,6,1,5,1242,1,10,-1,-1
201306K078656,2,9,0,18,0,8,0,0,0,0,4,1,6,2,5,-1,-1,-1,3,1
201306K078659,1,9,0,18,0,0,0,0,0,0,1,1,6,3,6,1597,1,8,-1,-1
201306K078659,2,9,0,4,0,0,0,0,0,0,2,1,6,2,11,1388,1,5,10,1
201306K078670,1,9,0,5,0,1,0,0,0,0,1,1,6,2,6,-1,-1,-1,-1,-1
201306K078670,2,1,0,18,0,8,0,0,0,0,2,1,6,1,4,-1,-1,-1,2,1
201306K078676,1,9,0,18,0,1,0,0,0,0,4,1,6,1,10,1686,2,2,2,1
201306K078728,1,19,0,5,0,1,0,0,0,0,1,1,1,1,9,-1,-1,-1,2,1
201306K078728,2,9,0,18,0,8,0,0,0,0,3,1,6,2,9,1086,1,10,2,1
201306K078806,1,9,0,9,0,8,0,0,0,0,3,1,6,2,6,1984,1,12,3,1
201306K078806,2,5,0,18,0,8,0,0,0,0,1,1,6,1,8,750,1,31,2,1
201306K078825,1,9,0,18,0,8,0,0,0,0,3,1,6,2,7,1398,2,9,8,3
201306K078869,1,9,0,18,0,1,0,0,0,0,1,2,1,1,6,-1,-1,-1,1,1
201306K078869,2,9,0,10,0,1,0,0,0,0,2,1,1,1,7,1968,2,-1,7,1
201306K078872,1,9,0,18,0,1,0,0,0,0,1,1,6,2,5,1598,1,8,1,1
201306K078872,2,9,0,18,0,1,0,0,0,0,4,1,6,1,6,1994,1,11,9,1
201306K078891,1,9,0,18,0,0,0,0,0,0,1,1,6,2,5,1968,2,-1,7,1
201306K078959,1,9,0,18,0,0,0,0,0,1,1,1,1,1,4,1461,2,10,7,1
201306K079078,1,11,0,7,2,5,0,0,0,0,4,1,1,1,7,-1,-1,-1,3,1
201306K079100,1,9,0,18,0,6,5,0,0,0,3,1,1,1,5,-1,-1,-1,9,1
201306K079100,2,9,0,18,0,8,0,10,1,10,1,1,6,1,7,1796,1,2,1,1
201306K079113,1,9,0,18,0,8,0,0,0,0,1,1,1,1,7,1995,2,1,9,1
201306K079113,2,1,0,17,0,8,0,0,0,0,3,1,6,1,8,-1,-1,-1,2,1
201306K079152,1,9,0,11,0,8,0,0,0,0,0,1,6,3,-1,-1,-1,-1,-1,-1
201306K079152,2,3,0,4,0,8,0,0,0,0,1,1,2,1,4,124,1,-1,6,1
201306K079152,3,9,0,3,0,8,0,0,0,0,3,1,6,2,9,1582,2,3,5,1
201306K079158,1,9,0,9,0,8,0,0,0,0,3,1,1,2,6,1794,1,10,3,1
201306K079158,2,9,0,18,0,8,0,0,0,0,1,1,1,2,4,998,1,5,7,1
201306K079187,1,9,0,18,0,1,0,0,0,0,4,1,1,1,6,-1,-1,-1,6,3
201306K079220,1,8,0,9,0,8,0,0,0,0,4,1,1,1,6,1896,2,12,1,1
201306K079222,1,9,0,18,0,5,0,0,0,0,1,1,6,2,8,1246,1,8,2,1
201306K079230,1,9,0,18,0,1,0,0,0,0,1,1,6,2,9,1587,1,6,6,1
201306K079243,1,8,0,18,0,8,0,0,0,0,4,1,1,1,7,1910,2,5,1,1
201306K079257,1,9,0,5,0,0,0,0,0,0,3,1,6,1,9,-1,-1,-1,1,1
201306K079257,2,3,0,18,0,0,0,0,0,0,1,1,6,1,5,-1,-1,-1,9,1
201306K079264,1,9,0,9,0,6,0,0,0,0,1,1,6,1,6,1956,2,-1,-1,-1
201306K079264,2,9,0,18,0,8,0,0,0,0,3,1,6,1,5,1598,1,11,4,1
201306K079321,1,9,0,18,0,4,0,0,0,0,3,1,2,1,6,1956,2,2,1,1
201306K079321,2,9,0,9,0,8,0,7,0,1,4,1,2,2,8,1587,1,7,2,1
201306K079353,1,9,0,16,0,0,0,0,0,0,2,1,2,2,6,1596,1,7,4,1
201306K079374,1,9,0,18,0,0,0,0,0,0,3,1,6,2,6,2204,2,7,6,2
201306K079412,1,1,0,18,0,6,0,0,0,0,3,1,6,1,5,-1,-1,-1,2,1
201306K079412,2,9,0,18,0,1,0,0,0,0,1,1,1,2,7,-1,-1,-1,9,3
201306K079419,1,9,0,7,0,6,0,0,0,0,1,1,2,2,9,1299,1,12,3,1
201306K079419,2,9,0,18,0,1,0,0,0,7,4,1,2,2,5,1799,1,4,2,1
201306K079468,1,5,0,18,0,2,0,0,7,0,4,1,6,1,9,800,1,-1,8,1
201306K079485,1,21,0,9,0,1,5,10,1,1,4,1,1,1,8,12130,2,8,-1,-1
201306K079579,1,9,0,10,0,1,0,0,0,0,1,1,6,2,6,1997,1,8,8,1
201306K079579,2,9,0,18,0,1,0,0,0,0,1,1,6,1,7,1587,1,11,-1,-1
201306K079618,1,8,0,1,0,0,0,0,0,0,2,1,1,1,6,-1,-1,-1,-1,-1
201306K079635,1,8,0,5,0,1,0,0,0,0,1,1,1,1,9,1998,1,15,2,1
201306K079638,1,9,0,9,0,6,0,0,0,0,1,1,6,2,6,1149,1,12,-1,-1
201306K079638,2,9,0,18,0,6,0,0,0,0,1,1,6,2,7,1796,1,10,1,1
201306K079648,1,9,0,18,0,0,0,0,0,0,4,1,2,1,6,2000,2,9,1,1
201306K079674,1,9,0,7,0,6,0,0,0,0,3,1,6,1,4,1798,1,16,2,1
201306K079674,2,9,0,16,0,1,0,0,0,0,3,1,6,2,9,993,1,10,3,1
201306K079684,1,9,0,18,0,1,0,0,0,0,1,1,6,1,9,1598,1,11,4,1
201306K079684,2,9,0,3,0,1,0,0,0,0,2,1,1,1,6,1399,2,7,-1,-1