Accident_Index,Vehicle_Reference,Vehicle_Type,Towing_and_Articulation,Vehicle_Manoeuvre,Vehicle_Location-Restricted_Lane,Junction_Location,Skidding_and_Overturning,Hit_Object_in_Carriageway,Vehicle_Leaving_Carriageway,Hit_Object_off_Carriageway,1st_Point_of_Impact,Was_Vehicle_Left_Hand_Drive?,Journey_Purpose_of_Driver,Sex_of_Driver,Age_Band_of_Driver,Engine_Capacity_(CC),Propulsion_Code,Age_of_Vehicle,Driver_IMD_Decile,Driver_Home_Area_Type
201306K079721,1,9,0,10,0,1,0,0,0,0,2,1,6,2,7,-1,-1,-1,3,1
201306K079721,2,4,0,18,0,8,0,0,0,0,1,1,2,1,7,454,1,-1,5,1
201306K079741,1,9,0,3,0,1,0,0,0,0,4,1,3,1,6,-1,-1,-1,-1,-1
201306K079823,1,19,0,18,0,8,0,0,0,0,1,1,6,1,5,2148,2,6,-1,-1
201306K079824,1,9,0,7,0,8,0,0,0,0,0,1,6,1,7,1794,1,9,-1,-1
201306K079824,2,5,0,18,0,8,0,0,0,0,2,1,6,1,8,1402,1,10,6,1
201306K079843,1,9,0,18,0,1,0,0,0,0,3,1,6,2,7,875,1,1,4,1
201306K079897,1,9,0,18,0,8,0,0,0,0,1,1,6,2,9,1988,2,7,7,1
201306K079897,2,9,0,18,0,8,0,0,1,7,3,1,6,1,7,998,1,-1,2,1
201306K080035,1,9,0,14,0,0,0,0,0,0,4,1,6,1,6,1968,2,3,7,1
201306K080048,1,9,0,9,0,1,0,0,0,0,1,1,6,1,9,1995,2,9,1,1
201306K080121,1,11,0,18,0,1,0,0,0,0,0,1,6,1,9,6696,2,-1,4,1
201306K080194,1,9,0,9,0,6,0,0,0,0,1,1,6,2,7,1798,1,7,-1,-1
201306K080194,2,9,0,18,0,8,0,0,0,0,1,1,6,1,7,1595,1,12,4,1
201306K080281,1,9,0,9,0,8,0,0,0,0,4,1,2,1,7,1364,1,5,1,1
201306K080281,2,9,0,18,0,8,0,0,0,0,1,1,6,2,6,1900,2,9,2,1
201306K080309,1,9,0,9,0,6,5,0,0,0,1,1,6,1,6,1560,2,5,1,1
201306K080309,2,9,0,10,0,1,0,0,0,0,1,1,6,1,6,998,1,-1,-1,-1
201306K080321,1,11,0,18,0,1,0,0,0,0,0,1,1,1,7,5883,2,11,6,1
201306K080321,2,9,0,18,0,1,0,0,0,0,0,1,6,3,-1,998,1,8,-1,-1
201306K080352,1,9,0,18,0,0,0,0,0,0,1,1,6,1,9,1149,1,6,4,1
201306K080352,2,9,0,18,0,0,0,0,0,0,1,1,6,1,7,1781,1,17,4,1
201306K080364,1,8,0,14,0,0,0,0,0,0,4,1,6,1,7,1896,2,11,1,1
201306K080364,2,9,0,2,0,0,0,0,0,0,3,1,6,2,9,1598,1,9,7,1
201306K080386,1,9,0,15,0,8,0,0,0,0,1,1,6,3,-1,1900,2,13,-1,-1
201306K080386,2,9,0,10,0,8,0,0,0,10,4,1,6,1,9,1149,1,11,2,1
201306K080403,1,19,0,9,0,1,0,0,0,0,4,1,1,1,8,2148,2,3,10,1
201306K080403,2,9,0,18,0,1,0,0,0,0,1,1,1,1,6,1330,1,6,1,1
201306K080407,1,9,0,9,9,8,0,0,1,10,1,1,1,2,8,996,1,-1,4,1
201306K080439,1,9,0,18,0,8,0,0,0,0,1,1,6,1,5,-1,-1,-1,4,1
201306K080439,2,2,0,18,0,8,0,0,0,0,0,1,6,1,4,-1,-1,-1,9,1
201306K080443,1,9,0,4,0,1,0,0,0,0,1,1,6,2,7,1242,1,9,2,1
201306K080443,2,9,0,10,0,1,0,0,0,0,2,1,6,2,7,-1,-1,-1,-1,-1
201306K080500,1,8,0,9,0,1,0,0,0,0,1,1,6,1,9,1598,1,2,2,1
201306K080500,2,3,0,18,0,1,0,0,0,0,1,1,6,1,4,125,1,2,2,1
201306K080611,1,9,0,9,0,6,0,0,0,0,1,1,3,2,6,1397,1,3,3,1
201306K080611,2,9,0,17,0,8,0,0,0,0,1,1,2,1,6,-1,-1,-1,5,1
201306K080666,1,9,0,18,0,0,0,0,0,0,1,1,6,1,4,-1,-1,-1,4,1
201306K080666,2,9,0,3,0,0,0,0,0,0,2,1,6,2,7,1389,1,11,1,1
201306K080666,3,9,0,3,0,0,0,0,0,0,2,1,6,1,7,1995,2,7,3,1
201306K080812,1,9,0,9,0,8,0,0,0,0,4,1,6,1,6,1794,1,12,1,1
201306K080812,2,3,0,18,0,8,0,0,0,0,3,1,6,1,4,124,1,1,3,1
201306K080978,1,21,0,18,0,0,0,0,0,0,1,1,1,1,7,-1,2,8,-1,-1
201306K080978,2,9,0,18,0,0,0,0,0,0,1,1,6,2,8,1397,1,1,3,1
201306K080991,1,90,0,18,0,1,0,0,0,0,1,1,6,3,-1,-1,-1,-1,-1,-1
201306K080991,2,9,0,2,6,1,0,0,0,0,1,1,1,1,7,-1,-1,-1,3,1
201306K080997,1,9,0,6,0,1,0,0,0,0,4,1,6,3,-1,1731,1,14,-1,-1
201306K080997,2,9,0,13,0,1,0,0,0,0,3,1,6,2,6,1798,1,6,4,1
201306K080998,1,9,0,18,0,8,0,0,0,0,1,1,6,1,6,1388,1,9,-1,-1
201306K080998,2,9,0,4,0,8,0,0,0,0,2,1,1,2,7,1995,2,3,2,1
201306K081082,1,9,0,18,0,3,0,0,0,0,1,1,6,1,10,998,1,-1,4,1
201306K081090,1,9,0,5,0,2,0,0,0,0,0,1,6,1,6,1896,2,7,1,1
201306K081141,1,8,0,5,0,1,0,0,0,0,1,1,1,1,8,1762,1,13,1,1
201306K081151,1,8,0,9,0,5,0,0,1,0,1,1,1,1,8,1686,2,5,2,1
201306K081151,2,9,0,18,0,8,0,0,1,0,1,1,6,1,7,1997,1,-1,9,1
201306K081224,1,9,0,9,0,6,0,0,0,0,1,1,6,2,7,2148,2,5,5,1
201306K081224,2,3,0,18,0,8,0,0,0,0,2,1,6,1,4,124,1,-1,1,1
201306K081224,3,9,0,18,0,1,0,0,0,0,1,1,6,1,6,1968,2,8,4,1
201306K081384,1,9,0,18,0,8,0,0,0,0,1,1,6,1,6,1389,1,13,-1,-1
201306K081384,2,9,0,7,0,6,0,0,0,0,3,1,6,2,7,1896,2,8,5,1
201306K081434,1,19,0,18,0,1,0,0,0,0,1,1,1,1,7,-1,-1,-1,-1,-1
201306K081519,1,9,0,18,0,1,0,0,0,0,4,1,1,1,6,1360,1,7,2,1
201306K081557,1,9,0,18,0,1,0,0,0,0,1,1,6,3,-1,-1,-1,-1,-1,-1
201306K081557,2,9,0,3,0,4,0,0,0,0,2,1,6,2,5,1242,1,7,3,2
201306K081557,3,9,0,18,0,8,0,0,0,0,0,1,6,2,6,1796,1,8,-1,-1
201306K081697,1,9,0,18,0,2,0,0,0,0,1,1,2,1,6,1997,1,12,1,1
201306K081815,1,9,0,5,0,1,0,4,0,0,1,1,6,2,6,1995,1,8,-1,-1
201306K081815,2,9,0,3,0,1,0,0,0,0,2,1,6,1,9,1995,2,2,6,1
201306K081965,1,9,0,18,0,8,0,0,0,0,4,1,6,2,10,-1,-1,-1,3,1
201306K081965,2,9,0,18,0,8,0,0,0,0,3,1,6,1,7,1995,2,-1,4,1
201306K082049,1,9,0,9,0,6,0,0,0,0,4,1,6,3,-1,-1,-1,-1,-1,-1
201306K082049,2,9,0,18,0,8,0,0,0,0,3,1,6,2,6,1896,2,3,2,1
201306K082086,1,19,0,18,0,0,0,0,0,0,0,1,6,1,6,-1,-1,-1,-1,-1
201306K082140,1,8,0,1,0,6,0,0,0,0,2,1,1,1,5,1896,2,8,1,1
201306K082140,2,9,0,18,0,8,0,0,0,0,2,1,1,2,7,998,1,6,4,1
201306K082188,1,8,0,9,0,6,0,0,0,0,1,1,1,1,7,1995,2,11,2,1
201306K082188,2,9,0,18,0,8,0,0,0,0,1,1,6,2,8,1242,1,3,8,1
201306K082265,1,9,0,18,0,0,0,11,0,0,1,1,6,1,6,-1,-1,-1,5,1
201306KF79847,1,9,0,9,0,8,0,0,0,0,0,1,6,2,9,1299,1,8,3,1
201306KF79847,2,2,0,18,0,8,0,0,0,0,1,1,3,1,4,49,1,1,1,1
201306KL75695,1,9,0,17,0,0,0,0,0,0,1,1,6,2,9,1989,1,11,8,2
201306KL75695,2,9,0,16,0,0,0,0,0,0,3,1,6,2,7,1598,1,8,-1,-1
201306L068647,1,9,0,9,0,1,0,0,0,0,1,1,2,2,6,1364,2,5,7,1
201306L068654,1,9,0,18,0,0,0,0,0,2,1,1,6,1,10,1360,1,6,2,1
201306L068762,1,8,0,9,0,8,0,0,0,0,1,1,1,1,8,1998,2,10,4,1
201306L068762,2,9,0,5,0,8,0,0,0,0,1,1,1,1,8,2993,2,2,-1,-1
201306L068876,1,9,0,18,0,0,2,0,1,10,4,1,2,2,6,1598,1,11,2,1
201306L068876,2,11,0,18,0,0,0,0,0,0,3,1,1,1,8,-1,-1,-1,-1,-1
201306L069002,1,9,0,7,0,1,0,0,0,0,2,1,6,3,-1,-1,-1,-1,-1,-1
201306L069002,2,1,0,7,0,1,0,0,1,0,1,1,6,2,8,-1,-1,-1,2,1
201306L069076,1,21,0,18,0,1,0,10,0,0,0,1,1,1,6,-1,-1,-1,7,1
201306L069097,1,9,0,18,0,0,0,0,0,0,1,1,6,2,11,1199,1,13,-1,-1
201306L069097,2,9,0,3,0,0,0,0,0,0,4,1,6,1,6,1910,2,7,1,1
201306L069149,1,9,0,3,0,2,0,0,0,0,1,1,6,1,6,1149,1,8,-1,-1
201306L069149,2,9,0,3,0,2,0,0,0,0,2,1,3,1,6,1796,1,10,1,1
201306L069159,1,9,0,18,0,2,0,0,0,0,4,1,6,1,8,1995,2,3,8,2
201306L069241,1,9,0,18,0,1,0,0,0,0,1,1,1,1,5,1686,2,6,9,1
201306L069342,1,90,0,1,0,0,0,0,0,0,2,1,6,1,6,-1,-1,-1,-1,-1
201306L069426,1,9,0,18,0,1,0,0,0,0,1,1,6,1,9,1988,1,15,-1,-1
201306L069426,2,9,0,18,0,1,0,0,0,0,2,1,6,1,9,1242,1,3,-1,-1
201306L069455,1,9,0,18,0,1,0,0,0,0,1,1,6,3,-1,-1,-1,-1,-1,-1
201306L069462,1,9,0,9,0,8,0,0,0,0,4,1,6,2,4,1299,1,12,5,1
201306L069462,2,4,0,18,0,8,0,0,0,0,4,1,6,1,4,-1,-1,-1,3,1
201306L069623,1,9,0,16,0,0,1,0,0,0,1,1,6,1,7,1598,1,-1,-1,-1
201306L069623,2,9,0,17,0,0,0,0,0,0,1,1,6,1,8,1598,1,5,7,1
201306L069631,1,9,0,18,0,1,0,0,0,0,4,1,6,3,-1,-1,-1,-1,-1,-1
201306L069631,2,1,0,18,0,1,0,0,0,0,4,1,6,1,9,-1,-1,-1,2,1
201306L069679,1,2,0,18,0,1,1,0,0,0,0,1,6,1,4,-1,-1,-1,4,1
201306L069720,1,9,0,7,0,8,0,0,0,0,3,1,6,2,4,1700,2,19,3,1
201306L069720,2,9,0,18,0,8,0,0,0,0,1,1,6,2,6,1390,1,9,10,1
201306L069723,1,9,0,9,0,1,0,0,0,0,0,1,6,3,-1,-1,-1,-1,-1,-1
201306L069805,1,9,0,17,0,0,1,0,0,0,4,1,1,1,8,1769,1,12,6,1
201306L069805,2,9,0,16,0,0,0,0,0,0,1,1,1,1,9,2987,2,7,2,1
201306L069835,1,9,0,10,0,8,0,0,0,0,4,1,6,1,8,2698,2,2,8,3
201306L069835,2,9,0,18,0,8,0,0,0,0,1,1,6,2,9,-1,-1,-1,9,1
201306L069840,1,9,0,9,0,8,0,0,0,0,4,1,2,2,8,1896,2,10,2,1
201306L069840,2,9,0,18,0,8,0,0,0,0,1,1,2,2,4,1388,1,11,6,1
201306L069858,1,9,0,16,0,1,0,0,0,0,0,1,6,3,-1,-1,-1,-1,-1,-1
201306L069858,2,9,0,17,0,2,1,0,0,0,1,1,6,2,4,1199,1,11,8,1
201306L069858,3,9,0,2,0,2,0,0,0,0,2,1,6,1,6,1149,1,5,-1,-1
201306L069858,4,9,0,2,0,2,0,0,0,0,2,1,6,1,6,998,1,11,-1,-1
201306L069888,1,9,0,4,0,0,0,0,0,0,1,1,1,1,8,2457,1,1,-1,-1
201306L069916,1,10,0,18,0,1,0,0,0,0,0,1,2,1,6,-1,-1,-1,-1,-1
201306L069916,2,9,0,13,0,1,0,0,0,0,3,1,2,3,6,1994,1,12,-1,-1
201306L069927,1,9,0,1,9,6,0,0,0,0,2,1,6,2,6,-1,-1,-1,-1,-1
201306L070059,1,9,0,5,0,1,0,0,0,0,4,1,6,1,7,1242,1,14,1,1
201306L070059,2,1,0,15,0,1,0,0,0,0,3,1,6,1,8,-1,-1,-1,2,1
201306L070124,1,9,0,9,0,8,0,0,0,0,1,1,2,1,8,1796,1,9,1,1
201306L070124,2,1,0,18,0,8,0,0,0,0,1,1,2,1,7,-1,-1,-1,3,1
201306L070160,1,9,0,7,0,8,0,0,0,0,3,1,6,2,8,1997,2,5,6,1
201306L070160,2,11,0,18,0,8,0,4,0,0,4,1,1,1,9,6696,2,1,2,1
201306L070160,3,9,0,2,0,2,0,0,0,0,3,1,6,3,-1,1388,1,11,-1,-1
201306L070161,1,5,0,18,0,8,5,0,0,0,1,1,6,1,7,599,1,23,1,1
201306L070161,2,9,0,9,0,8,0,0,0,0,3,1,6,2,10,1398,2,7,6,1
201306L070232,1,9,0,18,0,1,0,0,0,0,1,1,6,3,-1,-1,-1,-1,-1,-1
201306L070252,1,9,0,18,0,1,0,0,0,0,1,1,6,1,5,1951,2,12,1,1
201306L070259,1,9,0,7,0,8,0,0,0,0,1,1,6,1,5,1461,2,3,-1,-1
201306L070259,2,1,0,16,0,8,0,0,0,0,1,1,6,1,10,-1,-1,-1,8,1
201306L070279,1,9,0,18,0,1,0,0,0,0,1,1,6,1,8,1994,2,13,6,1
201306L070279,2,8,0,18,0,1,0,0,0,0,2,1,1,1,6,2664,2,14,3,1
201306L070403,1,9,0,18,0,1,0,0,0,0,1,1,6,1,10,1870,2,11,9,1
201306L070456,1,9,0,18,0,1,0,0,0,0,4,1,6,1,10,1598,1,2,2,1
201306L070509,1,8,0,18,0,1,0,0,0,0,0,1,1,3,6,-1,-1,-1,-1,-1
201306L070515,1,11,0,5,0,1,0,0,0,0,0,1,1,1,8,9360,2,6,2,1
201306L070520,1,9,0,18,0,8,1,0,0,0,1,1,1,1,6,1582,2,1,-1,-1
201306L070520,2,9,0,18,0,8,0,0,0,0,4,1,1,1,8,1596,1,12,1,1
201306L070542,1,9,0,17,0,8,1,0,0,0,1,1,1,1,6,1796,1,12,3,1
201306L070597,1,9,0,9,0,8,0,0,0,0,3,1,6,1,6,-1,-1,-1,4,1
201306L070597,2,3,0,18,0,8,0,0,0,0,1,1,6,1,4,-1,-1,-1,1,1
201306L070611,1,8,0,1,0,2,0,0,0,0,2,1,1,1,9,1995,2,10,1,1
201306L070658,1,9,0,4,0,1,0,0,0,0,4,1,1,1,11,-1,-1,-1,4,1
201306L070703,1,90,0,4,0,0,0,0,0,0,1,1,1,1,7,-1,-1,-1,2,1
201306L070703,2,90,0,4,0,0,1,0,0,0,1,1,6,1,4,-1,-1,-1,9,1
201306L070727,1,9,0,7,0,8,0,0,0,0,1,1,6,3,-1,-1,-1,-1,-1,-1
201306L070727,2,9,0,18,0,8,0,0,0,0,1,1,6,1,9,1587,1,11,2,1
201306L070759,1,9,0,9,0,5,0,0,0,0,3,1,6,1,9,1984,1,9,9,1
201306L070759,2,3,0,13,0,8,0,0,0,0,1,1,6,1,7,-1,-1,-1,4,1
201306L070816,1,9,0,1,0,2,0,0,0,0,2,1,6,2,6,-1,-1,-1,-1,-1
201306L070816,2,9,0,2,0,2,0,0,0,0,1,1,6,1,4,1590,1,8,2,1
201306L070831,1,9,0,18,0,0,0,10,8,0,4,1,6,1,5,1124,1,8,10,1
201306L070831,2,9,0,18,0,0,0,0,0,0,1,1,6,2,10,1086,1,8,10,2
201306L070911,1,9,0,18,0,8,0,0,0,0,1,1,6,1,6,-1,-1,-1,-1,-1
201306L070911,2,9,0,10,0,8,0,0,0,0,2,1,6,2,7,2720,2,8,1,1
201306L071010,1,90,0,18,0,6,0,0,0,0,1,1,6,1,11,-1,-1,-1,2,1
201306L071010,2,8,0,18,0,8,0,0,0,0,4,1,1,1,7,1870,2,10,6,1
201306L071014,1,9,0,12,0,8,0,0,0,0,0,1,6,2,6,1497,1,8,-1,-1
201306L071014,2,9,0,18,0,8,0,0,0,0,0,1,6,2,8,1364,1,7,-1,-1
201306L071046,1,9,0,9,0,8,0,0,0,0,1,1,6,1,10,-1,-1,-1,-1,-1
201306L071046,2,8,0,18,0,8,0,0,1,0,1,1,1,1,7,1910,2,8,-1,-1
201306L071186,1,9,0,18,0,1,0,4,0,0,1,1,2,2,6,1388,1,10,1,1
201306L071213,1,90,0,18,0,8,0,0,0,0,1,1,6,3,-1,-1,-1,-1,-1,-1
201306L071213,2,11,0,18,0,8,0,0,1,0,3,1,1,1,6,-1,-1,-1,2,1
201306L071213,3,9,0,2,9,2,0,0,0,0,4,1,6,2,6,1587,1,13,-1,-1
201306L071216,1,9,0,18,0,8,0,0,7,10,1,1,6,1,6,1149,1,9,3,1
201306L071216,2,9,0,18,0,8,0,0,0,0,3,1,6,1,6,1800,1,8,-1,-1
201306L071317,1,9,0,9,0,5,0,0,0,0,4,1,2,2,6,-1,-1,-1,-1,-1
201306L071317,2,1,0,18,0,8,0,0,0,0,1,1,6,1,6,-1,-1,-1,1,1
201306L071461,1,9,0,5,0,0,0,0,0,0,3,1,6,1,6,1299,1,10,2,1
201306L071461,2,9,0,18,0,0,0,0,0,0,4,1,6,2,7,1598,1,5,6,1
201306L071531,1,9,0,18,0,0,0,0,0,0,3,1,6,2,7,1149,1,5,7,1
201306L071572,1,9,0,5,0,1,0,0,0,0,1,1,6,1,8,-1,-1,-1,9,1
201306L071578,1,9,0,18,0,0,0,0,0,0,1,1,6,2,6,2179,2,4,-1,-1
201306L071578,2,9,0,3,0,0,0,0,0,0,2,1,6,2,6,1246,1,8,5,2
201306L071610,1,11,0,5,0,1,0,0,0,0,0,1,6,1,7,9000,2,9,-1,-1
201306L071652,1,9,0,9,0,8,0,0,0,0,1,1,6,2,5,1388,1,9,2,1
201306L071652,2,3,0,16,0,8,0,0,0,0,1,1,6,1,5,125,1,14,2,1
201306L071665,1,9,0,18,0,1,0,0,0,0,4,1,6,2,5,1587,1,11,2,1
201306L071689,1,9,0,9,0,8,0,0,0,0,4,1,6,1,9,1598,1,3,2,1
201306L071689,2,19,0,18,0,8,0,0,0,0,1,1,1,2,5,1995,2,1,-1,-1
201306L071708,1,9,0,9,0,8,0,0,0,0,3,1,1,1,5,1242,1,8,1,1
201306L071708,2,9,0,18,0,8,0,0,0,0,1,1,6,2,8,1388,1,11,3,1
201306L071718,1,19,0,6,0,0,0,0,0,0,0,1,6,1,6,-1,-1,-1,-1,-1
201306L071718,2,4,0,18,0,0,1,0,0,0,0,1,2,1,5,919,1,6,1,1
201306L071816,1,9,0,18,0,1,0,0,0,0,0,1,6,3,-1,-1,-1,-1,-1,-1
201306L071816,2,9,0,9,0,1,0,0,0,0,4,1,6,2,6,1769,1,8,7,1
201306L071816,3,9,0,18,0,1,0,0,0,0,4,1,6,2,4,1199,1,14,3,1
201306L071882,1,9,0,9,0,8,0,0,0,0,1,1,6,1,9,1753,2,11,9,1
201306L071882,2,1,0,18,0,8,0,0,0,0,1,1,6,1,6,-1,-1,-1,8,1
201306L071913,1,9,0,5,0,1,0,0,0,0,4,1,6,1,6,4398,7,11,-1,-1
201306L071913,2,1,0,5,0,1,0,0,0,0,3,1,6,2,6,-1,-1,-1,-1,-1
201306L071919,1,21,1,18,0,0,0,0,0,0,4,1,1,1,8,6870,2,7,8,1
201306L071927,1,9,0,4,0,7,0,0,0,0,1,1,6,1,9,1685,2,1,5,1
201306L071927,2,1,0,18,0,1,0,0,0,0,1,1,6,1,3,-1,-1,-1,-1,-1
201306L071966,1,9,0,18,0,1,0,0,0,1,0,1,1,1,8,1398,1,1,3,1
201306L071966,2,9,0,18,0,1,0,0,0,0,1,1,1,1,6,1560,2,5,9,1
201306L071999,1,9,0,18,0,1,0,0,0,0,4,1,6,2,9,1595,1,8,6,1
201306L072098,1,1,0,18,0,8,0,0,0,0,2,1,1,1,6,-1,-1,-1,2,1
201306L072098,2,8,0,18,0,8,0,0,0,0,1,1,6,1,8,1587,1,12,10,1
201306L072204,1,9,0,7,0,1,0,0,0,0,1,1,1,2,7,1896,2,6,5,3
201306L072204,2,9,0,18,0,1,0,0,0,0,4,1,6,1,9,2199,2,-1,8,3
201306L072224,1,9,0,18,0,1,0,0,0,0,1,1,6,1,10,999,1,-1,-1,-1
201306L072224,2,9,0,18,0,1,0,0,0,0,2,1,6,2,7,1560,2,3,1,1
201306L072224,3,9,0,18,0,1,0,0,0,0,2,1,6,1,7,1598,2,3,6,1
201306L072468,1,9,0,7,0,1,0,0,0,0,1,1,6,2,6,998,1,7,7,1
201306L072468,2,5,0,7,0,1,5,0,0,0,2,1,6,1,9,1170,1,2,7,1
201306L072540,1,9,0,6,0,8,0,0,0,0,3,1,6,1,8,1598,1,12,7,1
201306L072540,2,4,0,18,0,8,0,0,0,0,1,1,6,1,8,460,1,9,2,1
201306L072544,1,9,0,16,0,0,0,10,7,0,1,1,6,2,7,1461,2,3,1,2
201306L072599,1,21,1,18,0,8,0,0,0,0,0,1,1,1,8,14190,2,14,8,3
201306L072651,1,9,0,9,0,1,0,0,0,0,3,1,6,3,-1,-1,-1,-1,-1,-1
201306L072651,2,9,0,18,0,1,0,0,0,0,1,1,2,1,6,1349,1,13,4,1
201306L072680,1,9,0,14,0,0,0,0,0,0,1,1,6,2,7,2148,2,7,6,2
201306L072680,2,9,0,9,0,0,0,0,0,0,0,1,6,1,7,1396,1,10,9,1
201306L072680,3,90,0,3,0,0,0,0,0,0,0,1,6,1,11,-1,-1,-1,8,3
201306L072680,4,90,0,18,0,0,0,0,0,0,1,1,6,1,7,-1,-1,-1,7,1
201306L072705,1,21,1,2,6,0,0,0,0,0,2,2,1,1,8,-1,-1,-1,-1,-1
201306L072705,2,9,0,18,0,0,0,0,0,0,1,1,1,1,9,1997,2,10,1,1
201306L072710,1,21,1,18,0,1,0,0,0,0,1,1,1,1,8,12900,2,1,2,1
201306L072710,2,9,0,10,0,1,0,0,0,0,2,1,6,1,5,1124,1,13,3,1
201306L072719,1,9,0,10,0,1,0,0,0,0,0,1,6,2,9,998,1,2,2,1
201306L072877,1,9,0,5,0,4,0,0,0,0,1,1,1,1,6,1896,2,6,-1,-1
201306L072877,2,5,0,5,0,4,0,0,0,0,2,1,1,1,7,750,1,-1,-1,-1
201306L072886,1,9,0,9,0,8,0,0,0,0,4,1,6,1,11,2922,1,18,1,1
201306L072886,2,1,0,18,0,1,0,0,0,0,1,1,6,1,8,-1,-1,-1,3,1
201306L072897,1,9,0,18,0,1,1,0,0,0,1,1,6,1,5,1396,1,9,2,1
201306L072897,2,9,0,9,0,5,5,0,0,0,4,1,6,1,10,1108,1,3,2,1
201306L072954,1,9,0,18,0,1,1,0,0,0,1,1,6,1,7,-1,-1,-1,-1,-1
201306L072954,2,9,0,18,0,1,0,0,0,0,3,1,3,1,9,1686,2,2,2,1
201306L073044,1,3,0,4,0,8,1,0,0,0,0,1,2,1,4,-1,-1,-1,2,1
201306L073056,1,9,0,18,0,0,0,0,7,2,1,1,6,1,11,1199,1,12,9,1
201306L073056,2,10,0,18,0,0,0,0,0,0,4,1,1,1,8,2800,2,10,1,1
201306L073056,3,9,0,2,0,0,0,0,0,0,2,1,6,3,-1,1597,1,17,-1,-1
201306L073056,4,9,0,2,0,0,0,0,0,0,2,1,6,3,-1,1242,1,2,6,1
201306L073056,5,9,0,2,0,0,0,0,0,0,2,1,6,3,-1,1198,1,6,-1,-1
201306L073148,1,9,0,9,0,8,0,0,0,0,1,1,1,2,7,1596,1,10,3,2
201306L073148,2,9,0,18,0,1,0,0,0,0,4,1,1,1,9,-1,-1,-1,7,2
201306L073158,1,9,0,6,0,8,0,0,0,0,3,1,6,1,7,1396,2,3,4,1
201306L073158,2,9,0,18,0,8,0,0,0,0,4,1,6,2,7,1998,1,5,5,1
201306L073181,1,4,0,18,0,0,1,4,0,0,3,1,6,1,4,124,1,12,3,1
201306L073181,2,9,0,2,0,0,0,0,0,0,0,1,6,3,8,1910,2,8,1,1
201306L073246,1,9,0,18,0,8,0,0,0,0,1,1,6,2,6,1248,2,6,1,1
201306L073246,2,9,0,18,0,8,0,0,0,0,4,1,6,1,7,-1,-1,-1,4,1
201306L073257,1,9,0,18,0,1,0,0,0,0,1,1,1,1,9,-1,-1,-1,5,1
201306L073271,1,9,0,18,0,8,0,0,0,0,1,1,6,1,10,1339,1,7,-1,-1
201306L073271,2,19,0,18,0,8,0,0,0,0,1,1,1,1,8,2463,2,9,7,1
201306L073319,1,9,0,9,0,1,0,0,0,0,1,1,6,1,8,1149,1,5,2,1
201306L073319,2,1,0,18,0,8,0,0,0,0,4,1,6,2,4,-1,-1,-1,8,1
201306L073336,1,5,0,10,0,8,0,0,0,0,1,1,6,1,6,-1,-1,-1,6,1
201306L073336,2,9,0,7,0,1,0,0,0,0,3,1,1,1,6,-1,-1,-1,2,1
201306L073336,3,9,0,18,0,8,0,0,0,0,0,1,6,2,5,-1,-1,-1,10,1
201306L073352,1,9,0,9,0,6,0,0,0,0,3,1,6,2,5,1388,1,2,-1,-1
201306L073352,2,1,0,18,0,1,0,0,0,0,1,1,6,1,5,-1,-1,-1,4,1
201306L073356,1,9,0,6,0,1,0,0,0,0,4,1,6,1,6,1598,2,1,-1,-1
201306L073356,2,9,0,18,0,1,0,0,0,0,0,1,6,1,7,-1,-1,-1,7,1
201306L073369,1,9,0,4,0,8,0,0,0,0,1,1,1,1,6,1560,2,2,-1,-1
201306L073369,2,9,0,9,0,8,0,0,0,0,1,1,2,2,7,1199,1,11,2,1
201306L073401,1,9,0,9,0,8,0,0,0,0,4,1,6,1,-1,1753,2,12,-1,-1
201306L073401,2,1,0,18,0,8,0,0,0,0,3,1,6,1,8,-1,-1,-1,9,1
201306L073467,1,5,0,16,0,8,0,0,8,10,3,1,6,1,6,-1,-1,-1,1,1
201306L073467,2,9,0,17,0,8,0,0,0,0,4,1,6,2,9,1396,1,4,7,1
201306L073505,1,9,0,9,0,5,0,0,0,0,0,1,6,1,6,1124,1,12,1,2
201306L073505,2,9,0,17,0,1,0,0,0,0,1,1,6,1,7,1973,1,15,8,1
201306L073505,3,9,0,2,0,1,0,0,0,0,2,1,6,3,-1,-1,-1,-1,-1,-1
201306L073539,1,9,0,18,0,2,0,0,0,0,4,1,1,2,5,1360,1,9,8,1
201306L073544,1,9,0,9,0,5,0,7,0,7,0,1,6,1,7,1422,2,12,3,1
201306L073544,2,9,0,18,0,1,0,0,0,0,1,1,6,1,7,1995,2,12,1,1
201306L073576,1,2,0,18,0,1,0,0,0,0,1,1,6,1,4,49,1,12,2,1
201306L073576,2,9,0,10,0,6,0,0,0,0,1,1,6,1,9,1396,1,13,4,1
201306L073620,1,9,0,18,0,1,0,10,7,9,1,1,6,1,5,1997,2,3,1,1
201306L073669,1,9,0,18,0,8,0,0,0,0,1,1,3,1,11,1598,1,1,8,1
201306L073669,2,9,0,18,0,8,1,0,0,0,4,1,3,2,7,1396,1,8,5,1
201306L073689,1,9,0,18,0,4,0,0,0,0,4,1,6,3,-1,2000,1,7,-1,-1
201306L073689,2,9,0,18,0,3,0,0,0,0,1,1,2,2,7,998,1,1,2,1