Accident_Index,Vehicle_Reference,Vehicle_Type,Towing_and_Articulation,Vehicle_Manoeuvre,Vehicle_Location-Restricted_Lane,Junction_Location,Skidding_and_Overturning,Hit_Object_in_Carriageway,Vehicle_Leaving_Carriageway,Hit_Object_off_Carriageway,1st_Point_of_Impact,Was_Vehicle_Left_Hand_Drive?,Journey_Purpose_of_Driver,Sex_of_Driver,Age_Band_of_Driver,Engine_Capacity_(CC),Propulsion_Code,Age_of_Vehicle,Driver_IMD_Decile,Driver_Home_Area_Type
201306L073702,1,9,0,9,0,6,0,0,0,0,1,1,2,2,5,1390,1,12,5,1
201306L073702,2,9,0,18,0,1,0,0,0,0,1,1,2,1,7,1587,1,12,4,1
201306L073737,1,3,0,14,0,8,0,0,0,0,3,1,6,1,9,125,1,1,2,1
201306L073737,2,9,0,9,0,8,0,0,0,0,3,1,6,2,6,1242,1,7,8,1
201306L073753,1,9,0,9,5,1,0,0,0,0,1,1,6,3,-1,-1,-1,-1,-1,-1
201306L073753,2,1,0,18,5,8,0,0,0,0,0,1,6,1,2,-1,-1,-1,4,1
201306L073912,1,9,0,18,0,8,0,0,0,0,1,1,6,2,6,1984,1,2,-1,-1
201306L073912,2,9,0,18,0,8,0,0,0,0,1,1,6,1,7,2993,2,6,9,1
201306L073925,1,5,0,13,0,1,0,0,0,0,2,1,6,1,6,599,1,14,5,1
201306L073925,2,9,0,9,0,1,0,0,0,0,1,1,6,1,8,1998,1,11,6,1
201306L073981,1,9,0,18,0,1,0,4,0,0,1,1,1,2,6,1242,1,5,4,1
201306L073981,2,9,0,3,0,1,0,4,0,0,2,1,1,2,5,1124,1,13,2,1
201306L073981,3,9,0,3,0,1,0,4,0,0,1,1,1,1,5,1956,2,3,4,1
201306L074016,1,9,0,18,0,8,0,0,0,0,1,1,6,2,7,796,1,12,3,1
201306L074016,2,9,0,10,0,5,0,0,0,0,2,1,6,1,7,1527,2,18,2,1
201306L074024,1,9,0,5,0,0,0,0,0,0,3,1,2,2,10,4367,2,2,10,1
201306L074024,2,9,0,18,0,0,0,0,0,0,1,1,2,1,7,998,1,18,4,1
201306L074089,1,9,0,16,0,0,0,0,0,2,1,1,6,1,10,1597,1,14,3,2
201306L074127,1,9,0,5,0,1,0,0,0,0,0,1,6,3,-1,-1,-1,-1,-1,-1
201306L074127,2,11,0,5,0,1,0,0,0,0,0,1,1,1,9,6700,2,4,-1,-1
201306L074173,1,19,0,18,0,1,0,0,0,0,1,1,4,1,7,2300,2,9,8,1
201306L074173,2,9,0,10,0,1,0,0,0,0,2,1,6,1,5,1149,1,11,9,1
201306L074192,1,9,0,18,0,8,0,0,0,0,1,1,1,1,6,1596,1,6,6,1
201306L074195,1,9,0,18,0,0,0,0,0,0,1,1,6,1,9,2997,1,15,5,2
201306L074195,2,9,0,18,0,0,0,0,0,0,3,1,6,2,7,1248,2,5,3,1
201306L074198,1,9,0,18,0,8,0,0,0,0,1,1,6,3,-1,1587,1,6,-1,-1
201306L074198,2,19,0,18,0,8,0,0,0,0,1,1,1,1,6,1995,2,-1,4,1
201306L074198,3,19,0,18,0,8,0,0,0,0,1,1,1,1,6,2299,2,1,2,1
201306L074198,4,9,0,18,0,1,0,0,0,0,0,1,1,1,7,1560,2,2,4,1
201306L074203,1,9,0,18,0,1,0,0,0,0,4,1,6,2,7,973,1,10,6,1
201306L074213,1,9,0,2,0,1,0,0,0,0,1,1,6,2,6,1995,1,9,3,1
201306L074213,2,9,0,9,0,6,0,0,0,0,1,1,6,1,7,-1,-1,-1,9,1
201306L074241,1,9,0,18,0,1,0,0,0,0,1,1,6,1,7,1997,2,10,1,1
201306L074241,2,9,0,3,0,1,0,0,0,0,2,1,6,2,7,1299,1,9,8,1
201306L074255,1,9,0,10,0,2,0,0,0,0,1,1,6,1,8,2457,1,4,2,1
201306L074255,2,9,0,18,0,1,0,0,0,0,1,1,6,1,10,1951,2,10,1,1
201306L074275,1,9,0,18,0,6,0,0,0,0,4,1,6,1,9,1360,1,9,9,3
201306L074275,2,1,0,10,0,5,0,0,0,0,3,1,6,1,9,-1,-1,-1,7,1
201306L074292,1,9,0,9,0,6,0,0,0,0,3,1,6,2,6,1242,1,1,3,1
201306L074292,2,5,0,18,0,8,0,0,0,0,1,1,6,1,9,1450,1,9,10,1
201306L074339,1,9,0,9,0,8,0,0,0,0,0,1,1,2,5,-1,-1,-1,2,1
201306L074380,1,1,0,12,0,2,0,0,0,0,1,1,6,1,7,-1,-1,-1,2,1
201306L074380,2,9,0,18,0,2,0,0,0,0,4,1,6,1,10,1397,1,2,3,1
201306L074406,1,9,0,9,0,6,0,0,0,0,1,1,6,1,7,1968,2,5,1,1
201306L074406,2,9,0,18,0,1,0,0,1,1,4,1,6,2,6,1598,1,6,7,1
201306L074413,1,3,0,18,0,8,0,0,0,0,1,1,2,1,5,-1,-1,-1,1,1
201306L074413,2,9,0,18,0,8,0,0,0,0,2,1,6,1,7,1900,2,9,2,1
201306L074441,1,9,0,5,0,0,0,0,0,0,2,1,6,1,8,1753,2,9,4,1
201306L074441,2,9,0,18,0,0,0,0,0,0,1,1,6,1,5,-1,-1,-1,2,1
201306L074441,3,9,0,2,0,0,0,0,0,0,2,1,6,3,-1,1199,1,11,-1,-1
201306L074517,1,9,0,18,0,2,1,0,0,0,1,1,6,1,6,-1,-1,-1,-1,-1
201306L074517,2,9,0,3,0,2,0,0,0,0,2,1,2,2,4,-1,-1,-1,10,1
201306L074517,3,9,0,18,0,2,1,0,0,0,1,1,6,2,6,-1,-1,-1,4,1
201306L074602,1,9,0,18,0,1,0,0,0,0,1,1,6,1,7,1388,1,10,-1,-1
201306L074602,2,1,0,18,0,1,0,0,0,0,1,1,6,2,2,-1,-1,-1,1,1
201306L074684,1,9,0,18,0,1,0,0,0,0,1,1,1,2,7,1248,2,4,-1,-1
201306L074684,2,19,0,3,0,1,0,0,0,0,2,1,1,1,6,1995,2,1,-1,-1
201306L074722,1,1,0,9,0,8,0,0,0,0,2,1,6,2,3,-1,-1,-1,-1,-1
201306L074722,2,9,0,18,0,3,2,0,0,0,4,1,1,1,5,-1,-1,-1,-1,-1
201306L074841,1,9,0,5,0,1,0,0,0,0,1,1,2,2,7,1598,2,1,7,1
201306L074841,2,5,0,3,0,1,0,0,0,0,2,1,6,1,5,999,1,13,2,1
201306L074862,1,9,0,18,0,0,0,0,0,0,4,1,6,2,6,1242,1,8,-1,-1
201306L074871,1,9,0,17,0,1,0,0,0,0,1,1,1,2,6,1124,1,5,1,1
201306L074871,2,3,0,18,0,1,0,0,0,0,4,1,2,1,4,124,1,1,8,1
201306L074891,1,9,0,9,0,6,0,0,0,0,3,1,6,1,9,2967,2,1,8,1
201306L074891,2,9,0,18,0,8,0,0,0,0,1,1,6,2,11,1299,1,14,8,1
201306L074893,1,3,0,14,0,0,0,0,0,0,4,1,6,1,6,-1,-1,-1,4,1
201306L074893,2,9,0,10,0,0,0,0,0,0,3,1,6,2,5,1388,1,8,5,1
201306L074893,3,9,0,2,0,0,0,0,0,0,3,1,6,3,-1,2720,2,7,-1,-1
201306L074961,1,90,0,18,0,0,0,0,0,0,0,1,6,1,6,-1,-1,-1,-1,-1
201306L074962,1,9,0,18,0,6,0,0,0,0,1,1,6,2,6,-1,-1,-1,3,2
201306L074962,2,1,0,18,0,8,0,0,0,0,1,1,6,1,7,-1,-1,-1,-1,-1
201306L074962,3,9,0,18,0,8,0,0,0,0,4,1,6,2,6,1998,1,7,9,2
201306L075016,1,9,0,18,0,1,0,0,0,2,1,1,6,2,10,1598,1,5,-1,-1
201306L075048,1,2,0,9,0,8,0,10,0,0,4,1,6,2,8,49,1,10,-1,-1
201306L075078,1,9,0,18,0,4,0,0,0,0,1,1,1,1,9,1951,2,12,5,1
201306L075078,2,5,0,4,0,4,0,0,0,0,2,1,6,1,7,599,1,10,5,1
201306L075080,1,9,0,18,0,1,0,0,0,0,4,1,6,1,8,1995,2,2,4,1
201306L075095,1,19,0,18,0,2,0,0,0,0,1,1,1,1,7,2148,2,7,1,1
201306L075153,1,9,0,18,0,2,0,0,0,0,4,1,3,2,5,1242,1,4,4,1
201306L075160,1,9,0,1,0,8,0,0,0,0,2,1,6,1,5,1389,1,17,7,1
201306L075206,1,9,0,18,0,0,0,0,0,0,0,1,6,1,7,1968,2,1,9,1
201306L075289,1,9,0,18,0,1,1,0,0,0,1,1,6,1,6,1905,2,20,-1,-1
201306L075289,2,9,0,18,0,1,0,0,0,0,4,1,6,1,4,1360,1,7,3,1
201306L075355,1,9,0,6,0,8,0,0,0,0,1,1,1,1,7,2993,2,1,-1,-1
201306L075355,2,9,0,18,0,8,0,0,0,0,4,1,1,1,8,2457,1,1,-1,-1
201306L075364,1,9,0,7,0,6,0,0,0,0,1,1,6,1,9,2663,2,18,1,1
201306L075453,1,9,0,10,0,1,0,0,0,0,1,1,6,1,8,-1,-1,-1,-1,-1
201306L075458,1,9,0,18,0,8,1,0,0,0,1,1,1,2,6,1796,1,13,2,1
201306L075579,1,11,0,18,0,8,0,0,0,0,1,1,1,1,6,7300,2,8,8,1
201306L075623,1,9,0,17,0,2,0,0,0,0,3,1,6,2,4,-1,-1,-1,3,1
201306L075623,2,9,0,18,0,1,0,0,0,0,3,1,6,2,8,1497,1,13,4,1
201306L075693,1,9,0,4,0,1,0,0,0,0,1,1,1,2,7,1685,2,2,6,2
201306L075693,2,11,0,4,0,1,0,0,0,0,2,1,1,2,8,6700,2,5,1,1
201306L075700,1,3,0,9,0,8,0,0,0,0,1,1,6,1,4,124,1,7,2,1
201306L075700,2,3,0,9,0,8,0,0,0,0,2,1,6,1,4,124,1,4,5,1
201306L075745,1,9,0,9,0,2,0,0,0,0,1,1,6,1,4,1242,1,5,3,1
201306L075745,2,9,0,18,0,8,0,0,0,0,1,1,6,1,11,1299,1,16,1,1
201306L075786,1,9,0,18,0,8,0,0,0,0,3,1,2,2,8,1968,2,4,3,1
201306L075844,1,11,0,4,6,1,0,0,0,0,0,1,1,1,8,6696,2,1,-1,-1
201306L075871,1,9,0,1,0,0,0,0,0,0,2,1,6,2,7,2204,2,8,7,2
201306L075871,2,19,0,2,0,0,0,0,0,0,3,1,6,1,6,-1,-1,-1,5,2
201306L075971,1,9,0,18,0,2,0,0,0,0,0,1,6,1,8,-1,-1,-1,3,1
201306L076065,1,9,0,18,0,2,0,0,0,0,1,1,6,1,4,2494,1,11,1,1
201306L076065,2,9,0,18,0,1,0,0,0,0,1,1,6,2,5,1368,1,5,5,1
201306L076065,3,9,0,18,0,1,0,0,1,0,3,1,6,1,6,1794,1,11,6,1
201306L076167,1,9,0,18,0,4,0,0,0,0,3,1,6,2,8,1229,1,2,3,1
201306L076167,2,1,0,7,0,8,0,0,0,0,2,1,1,1,6,-1,-1,-1,1,1
201306L076248,1,1,0,18,0,6,0,0,0,0,3,1,6,1,2,-1,-1,-1,3,1
201306L076248,2,9,0,18,0,1,0,0,0,0,4,1,6,1,8,1781,1,8,3,1
201306L076260,1,5,0,18,0,0,0,0,7,10,1,1,6,1,8,599,1,24,1,1
201306L076260,2,11,0,18,0,0,0,0,0,0,0,1,1,1,10,-1,-1,-1,8,1
201306L076287,1,21,0,5,0,8,0,0,3,10,4,1,1,1,7,6174,2,10,6,1
201306L076292,1,9,0,4,0,8,0,0,0,0,1,1,6,2,6,1461,2,3,9,1
201306L076292,2,9,0,4,0,8,0,0,0,0,2,1,6,2,9,1598,1,8,8,2
201306L076331,1,9,0,16,0,8,0,0,0,0,1,1,6,3,-1,-1,-1,-1,-1,-1
201306L076331,2,19,0,10,0,8,0,0,0,0,1,1,1,1,4,1248,2,8,8,3
201306L076371,1,9,0,18,0,8,0,0,0,0,1,1,2,1,6,1199,1,11,2,1
201306L076371,2,1,0,12,0,8,0,0,0,0,1,1,6,1,2,-1,-1,-1,1,1
201306L076382,1,90,0,18,0,1,0,0,0,0,1,1,6,1,8,-1,-1,-1,1,1
201306L076382,2,9,0,18,0,1,0,0,0,0,2,1,6,1,7,1349,1,-1,3,1
201306L076382,3,9,0,18,0,1,0,0,0,0,2,1,6,1,10,1560,2,3,3,1
201306L076388,1,9,0,18,0,0,0,0,0,0,1,1,6,1,9,2493,1,8,10,1
201306L076436,1,9,0,11,0,1,0,0,0,0,0,1,6,3,-1,1332,1,7,-1,-1
201306L076436,2,9,0,18,0,1,0,0,0,0,0,1,6,1,7,1560,2,1,2,1
201306L076450,1,9,0,9,0,8,0,0,0,0,4,1,6,2,8,-1,-1,-1,4,1
201306L076450,2,1,0,18,0,8,0,0,0,0,1,1,6,1,9,-1,-1,-1,2,1
201306L076549,1,9,0,9,0,1,0,0,0,0,4,1,6,2,8,1598,1,12,8,1
201306L076549,2,1,0,18,0,1,0,0,0,0,1,1,6,1,8,-1,-1,-1,10,1
201306L076580,1,9,0,9,0,1,0,0,0,0,4,1,6,1,6,1997,2,7,-1,-1
201306L076580,2,9,0,9,0,1,0,0,0,0,3,1,6,1,6,1686,2,-1,3,1
201306L076608,1,9,0,9,0,8,0,0,0,0,4,1,6,1,10,1597,1,11,8,1
201306L076608,2,1,0,18,0,1,0,0,0,0,1,1,6,1,7,-1,-1,-1,6,1
201306L076624,1,9,0,18,0,1,0,0,0,0,1,1,6,1,6,1796,1,10,1,1
201306L076662,1,9,0,4,0,0,0,0,0,0,1,1,6,2,10,998,1,14,3,1
201306L076664,1,9,0,18,0,8,0,0,0,0,4,1,6,1,9,1341,1,9,8,1
201306L076664,2,9,0,18,0,8,0,0,0,0,1,1,6,1,8,1388,1,4,4,1
201306L076676,1,10,0,4,0,1,0,0,0,0,4,1,1,1,9,2148,2,6,4,1
201306L076676,2,1,0,18,9,6,0,0,0,0,1,1,6,1,2,-1,-1,-1,4,1
201306L076686,1,9,0,9,0,4,0,0,0,0,1,1,1,1,10,1896,2,10,5,1
201306L076686,2,4,0,7,0,4,0,0,0,0,4,1,1,2,5,-1,-1,-1,7,1
201306L076709,1,9,0,4,0,1,0,0,1,10,1,1,6,1,11,1341,1,12,-1,-1
201306L076724,1,9,0,18,0,3,0,0,0,0,1,1,1,1,8,-1,-1,-1,5,1
201306L076753,1,9,0,9,0,6,0,0,0,0,1,1,6,2,10,1794,1,8,8,1
201306L076753,2,3,0,18,0,1,1,0,0,0,4,1,6,1,4,124,1,17,3,1
201306L076787,1,20,0,18,0,0,0,0,0,0,4,1,1,1,6,-1,-1,-1,2,1
201306L076827,1,9,0,9,0,2,0,0,0,0,0,1,6,3,-1,-1,-1,-1,-1,-1
201306L076827,2,9,0,18,0,2,1,0,7,2,1,1,6,1,5,1596,1,8,8,1
201306L076895,1,9,0,14,0,1,0,0,0,0,3,1,6,3,6,-1,-1,-1,-1,-1
201306L076895,2,1,0,9,0,8,0,0,0,0,1,1,6,1,5,-1,-1,-1,3,1
201306L076907,1,9,0,16,0,0,0,0,7,10,1,2,6,1,5,-1,-1,-1,1,1
201306L076915,1,9,0,18,0,6,0,0,0,0,1,1,6,2,9,1596,1,11,-1,-1
201306L076915,2,9,0,9,0,8,0,0,0,0,4,1,1,1,7,1995,2,2,4,1
201306L076916,1,1,0,18,0,1,0,0,0,0,1,1,6,2,8,-1,-1,-1,8,1
201306L076916,2,9,4,18,0,1,0,0,0,0,2,1,6,3,-1,-1,-1,-1,-1,-1
201306L076936,1,19,0,1,0,0,0,0,0,0,2,1,6,1,5,-1,-1,-1,-1,-1
201306L076936,2,9,0,4,0,0,0,0,0,0,1,1,1,1,7,1560,2,6,-1,-1
201306L076944,1,9,0,18,0,1,1,0,0,0,1,1,6,1,6,1598,1,12,2,1
201306L076944,2,9,0,9,0,1,0,0,7,0,2,1,6,2,8,998,1,1,2,1
201306L076972,1,9,0,18,0,0,0,0,0,0,1,1,1,1,6,1560,2,1,2,1
201306L077054,1,1,0,18,0,6,0,0,0,0,1,1,6,1,2,-1,-1,-1,3,2
201306L077054,2,9,0,18,0,8,0,0,0,0,4,1,6,2,8,1497,8,2,8,1
201306L077123,1,90,0,7,0,1,0,0,0,0,3,1,6,1,5,-1,-1,-1,5,1
201306L077123,2,9,0,18,0,2,0,0,0,0,0,1,6,1,4,1299,1,11,5,1
201306L077197,1,9,0,18,0,0,0,0,0,0,1,1,6,1,9,1968,2,3,8,3
201306L077203,1,9,0,1,0,1,0,0,0,0,2,1,6,2,7,-1,-1,-1,7,1
201306L077268,1,9,0,9,0,8,0,0,0,0,4,1,6,1,4,1390,1,12,8,1
201306L077268,2,9,0,18,0,1,1,0,0,0,1,1,6,1,7,1341,1,12,-1,-1
201306L077338,1,9,0,17,0,1,1,0,0,0,1,1,6,3,-1,1685,2,-1,-1,-1
201306L077338,2,19,0,7,0,1,5,0,1,1,2,1,1,1,6,2464,2,6,6,1
201306L077372,1,9,0,17,0,0,0,0,0,0,1,1,6,1,6,1149,1,11,-1,-1
201306L077372,2,9,0,16,0,0,0,0,0,0,1,1,6,1,7,1997,2,9,-1,-1
201306L077396,1,19,0,18,0,0,0,0,0,0,1,1,1,1,5,2287,2,1,5,1
201306L077396,2,19,0,2,0,0,0,0,0,0,1,1,1,1,6,2300,2,7,2,1
201306L077415,1,8,0,7,0,5,0,0,0,0,1,1,1,3,-1,-1,-1,-1,-1,-1
201306L077430,1,9,0,18,0,0,0,0,0,0,1,1,6,2,7,2835,2,14,8,3
201306L077437,1,9,0,18,0,0,0,0,0,0,1,1,1,1,8,1998,2,12,2,1
201306L077449,1,3,0,12,0,3,0,0,0,0,4,1,1,1,5,124,1,1,6,1
201306L077449,2,9,0,17,0,3,0,0,0,0,3,1,2,2,7,1995,2,2,-1,-1
201306L077462,1,9,0,18,0,8,1,0,0,0,1,1,6,1,5,1388,1,12,5,1
201306L077462,2,1,0,9,0,8,0,0,0,0,3,1,6,1,3,-1,-1,-1,2,1
201306L077462,3,9,0,2,0,8,0,0,0,0,3,1,6,3,-1,1968,2,5,7,1
201306L077475,1,9,0,7,0,5,0,0,0,0,1,1,1,2,8,1587,1,10,-1,-1
201306L077475,2,1,0,18,0,1,0,0,0,0,1,1,1,1,7,-1,-1,-1,9,1
201306L077477,1,9,0,18,0,8,0,0,0,0,1,1,6,3,-1,1956,2,1,-1,-1
201306L077477,2,8,0,9,0,6,0,0,0,0,3,1,1,1,9,1560,2,9,-1,-1
201306L077513,1,9,0,5,0,8,2,0,1,0,1,1,1,2,7,996,1,-1,4,1
201306L077513,2,9,0,18,0,8,0,0,0,0,4,1,6,2,7,1598,1,7,1,1
201306L077539,1,9,0,9,0,8,0,0,0,0,1,1,6,1,7,1461,2,6,4,1
201306L077539,2,90,0,18,0,8,0,0,0,0,1,1,1,1,8,-1,-1,-1,-1,-1
201306L077662,1,19,0,9,0,8,0,0,0,0,3,1,6,1,6,2402,2,5,-1,-1
201306L077662,2,19,0,14,0,8,0,0,0,0,3,1,1,1,5,1248,2,-1,2,1
201306L077687,1,9,0,18,0,1,0,0,0,0,1,1,2,2,7,1399,2,7,4,1
201306L077702,1,11,0,5,0,0,0,0,0,0,0,1,1,1,6,-1,-1,-1,-1,-1
201306L077737,1,9,0,18,0,1,0,0,0,0,4,1,6,2,9,1242,1,9,1,1
201306L077749,1,9,0,4,0,0,1,0,0,0,1,1,6,1,4,1149,1,10,6,1
201306L077749,2,9,0,18,0,0,0,0,1,10,3,1,6,2,7,1149,1,2,2,1
201306L077786,1,9,0,18,0,1,0,0,0,0,1,1,6,1,7,1199,1,13,3,2
201306L077786,2,9,0,18,0,1,0,0,0,0,2,1,6,2,5,1149,1,3,5,1
201306L077786,3,9,0,18,0,8,0,0,0,0,2,1,6,2,6,1598,1,2,9,1
201306L077801,1,9,0,18,0,2,0,0,0,0,1,1,6,2,10,1389,1,11,4,1
201306L077824,1,9,0,9,0,8,0,0,0,0,3,1,6,1,7,1968,2,7,-1,-1
201306L077824,2,9,0,18,0,8,0,0,0,0,3,1,6,2,8,1398,2,5,-1,-1
201306L077837,1,9,0,9,0,8,0,0,0,0,1,1,6,1,8,2172,2,11,-1,-1
201306L077837,2,9,0,17,0,8,0,0,0,0,4,1,6,1,9,1086,1,8,8,1
201306L077900,1,9,0,18,0,1,0,0,0,0,1,1,6,2,7,1896,2,8,5,2
201306L077900,2,9,0,18,0,1,0,0,0,0,2,1,6,2,9,1242,1,15,7,3
201306L077900,3,9,0,18,0,1,0,0,0,0,2,1,6,1,6,2184,2,3,3,2
201306L077906,1,9,0,9,0,1,0,0,0,0,1,1,6,1,4,1229,1,7,1,1
201306L077926,1,9,0,9,0,5,0,0,0,0,0,1,2,2,6,-1,-1,-1,3,1
201306L077941,1,1,0,18,0,0,0,0,0,0,3,1,6,2,2,-1,-1,-1,2,1
201306L077941,2,9,0,18,0,0,0,0,0,0,1,1,6,2,6,-1,-1,-1,-1,-1
201306L078018,1,9,0,9,0,5,0,0,0,0,4,1,6,1,5,1242,1,3,-1,-1
201306L078018,2,9,0,18,0,1,0,0,0,0,1,1,6,2,8,-1,-1,-1,7,1
201306L078042,1,9,0,9,0,8,0,0,0,0,1,1,6,1,7,-1,-1,-1,2,1
201306L078042,2,9,0,18,0,8,0,0,0,2,1,1,6,2,8,1997,2,10,2,1
201306L078042,3,9,0,2,0,8,0,0,0,0,0,1,6,1,8,-1,-1,-1,2,1
201306L078111,1,9,0,18,0,0,0,0,0,0,0,1,6,3,-1,-1,-1,-1,-1,-1
201306L078111,2,1,0,18,0,0,0,0,0,0,0,1,2,1,4,-1,-1,-1,6,1
201306L078126,1,9,0,4,0,0,0,0,0,0,2,1,6,1,10,1796,1,10,4,1
201306L078126,2,9,0,4,0,0,0,0,0,0,2,1,6,2,4,998,1,6,6,1
201306L078126,3,9,0,18,0,0,0,0,0,0,1,1,6,2,6,1560,2,8,3,1
201306L078131,1,1,0,9,0,2,0,0,0,0,1,1,6,1,7,-1,-1,-1,2,1
201306L078131,2,9,0,7,0,2,0,0,0,0,4,1,6,1,4,998,1,6,3,1
201306L078148,1,9,0,9,0,5,0,0,0,0,4,1,2,1,7,4163,1,1,6,1
201306L078148,2,4,0,18,0,8,0,0,0,0,1,1,2,1,8,125,1,5,9,1
201306L078187,1,9,0,17,0,1,0,0,0,0,1,1,6,2,6,1685,2,-1,4,1
201306L078187,2,9,0,10,0,8,0,0,0,0,0,1,6,2,8,996,1,1,9,1
201306L078187,3,9,0,3,0,1,0,0,0,0,2,1,6,1,7,1994,2,10,2,1
201306L078187,4,9,0,3,0,1,0,0,0,0,2,1,6,1,8,1598,1,3,7,1
201306L078203,1,11,0,17,0,8,0,0,0,0,3,1,1,1,6,-1,2,18,2,1
201306L078203,2,9,0,16,0,8,0,0,0,0,1,1,6,2,4,1299,1,13,1,1
201306L078359,1,9,0,18,0,0,0,0,0,0,3,1,6,2,6,1590,1,12,1,1
201306L078373,1,9,0,16,0,0,1,0,0,0,3,1,6,2,6,1396,1,9,1,1
201306L078373,2,19,0,17,0,0,0,0,0,0,3,1,1,1,5,-1,-1,-1,7,1
201306L078427,1,9,0,4,0,1,0,0,0,0,1,1,6,2,6,-1,-1,-1,-1,-1
201306L078427,2,1,0,18,0,1,0,0,0,0,0,1,6,1,3,-1,-1,-1,9,1
201306L078450,1,9,0,18,0,8,0,0,0,0,4,1,3,1,7,2184,2,4,5,1
201306L078450,2,9,0,18,0,8,0,0,0,0,1,1,6,1,9,1360,1,18,-1,-1
201306L078501,1,9,0,9,0,6,0,0,0,0,3,1,6,2,10,1598,1,12,1,1
201306L078501,2,3,0,18,0,8,0,0,0,0,1,1,6,1,6,125,1,3,-1,1
201306L078508,1,9,0,5,0,0,0,0,1,1,4,1,6,2,9,1242,1,9,7,1
201306L078515,1,9,0,7,0,6,0,0,0,0,1,1,1,1,6,-1,-1,-1,8,1
201306L078515,2,9,0,18,0,8,0,0,0,0,1,1,1,1,4,973,1,11,-1,-1
201306L078528,1,9,0,6,0,0,0,0,0,1,0,1,1,3,-1,-1,-1,-1,-1,-1
201306L078528,2,9,0,4,0,0,0,0,0,0,4,1,1,1,6,1390,1,4,-1,-1
201306L078551,1,9,0,9,0,1,0,0,0,1,4,1,6,1,10,1229,1,6,1,1
201306L078551,2,9,0,18,0,1,1,0,0,0,1,1,6,1,6,1149,1,8,7,1
201306L078576,1,9,0,9,0,8,0,0,0,0,3,1,6,1,5,-1,-1,-1,-1,-1
201306L078576,2,5,0,18,0,8,0,0,0,0,1,1,6,1,7,1340,1,3,5,1
201306L078578,1,19,0,18,0,1,0,0,0,0,4,1,1,1,9,-1,-1,-1,1,1
201306L078578,2,9,0,18,0,1,0,0,7,0,3,1,6,2,9,1229,1,6,-1,-1
201306L078588,1,19,0,18,0,8,0,0,0,0,1,1,6,1,5,-1,-1,-1,3,1
201306L078588,2,9,0,9,0,8,0,0,0,0,4,1,6,2,6,998,1,1,4,1
201306L078588,3,9,0,3,0,1,0,0,0,0,1,1,6,2,11,1582,2,-1,7,1
201306L078613,1,9,0,18,0,0,0,0,0,0,1,1,6,3,-1,-1,-1,-1,-1,-1
201306L078613,2,1,0,18,0,0,0,0,0,0,2,1,6,1,7,-1,-1,-1,6,1
201306L078640,1,9,0,18,0,0,0,0,0,0,1,1,6,1,4,998,1,6,-1,-1
201306L078640,2,9,0,18,0,0,0,0,0,0,3,1,6,1,9,1461,2,1,4,1
201306L078640,3,9,0,2,0,0,0,0,0,0,2,1,6,1,5,1598,1,9,4,1
201306L078645,1,9,0,18,0,0,0,0,0,0,4,1,6,1,7,1598,1,6,1,1
201306L079006,1,3,0,9,0,1,0,0,0,0,1,1,6,1,4,124,1,11,2,1
201306L079006,2,3,0,4,0,1,0,0,0,0,2,1,6,1,4,-1,-1,-1,2,1
201306L079027,1,9,0,6,0,0,0,0,0,0,4,1,2,2,7,1998,1,12,-1,-1
201306L079027,2,5,0,18,0,0,0,0,0,0,1,1,1,1,4,599,1,14,1,1
201306L079027,3,9,0,2,0,0,0,0,0,0,3,1,6,3,-1,1229,1,9,-1,-1
201306L079145,1,9,0,4,0,4,0,0,0,0,1,1,6,1,6,-1,-1,-1,-1,-1
201306L079145,2,9,0,3,0,4,0,0,0,0,2,1,6,1,6,1596,1,4,1,1
201306L079145,3,9,0,4,0,4,0,0,0,0,1,1,6,1,5,-1,-1,-1,5,1
201306L079159,1,9,0,9,0,8,0,0,0,0,1,1,2,2,5,999,1,13,-1,-1
201306L079211,1,3,0,18,0,4,0,0,0,0,1,1,6,1,4,124,1,22,-1,-1
201306L079211,2,9,0,9,0,8,0,0,0,0,1,1,6,2,8,1242,1,11,8,1
201306L079226,1,9,0,18,0,8,0,0,0,0,1,1,6,1,5,998,1,13,3,1
201306L079226,2,9,0,10,0,1,0,0,0,0,2,1,6,1,8,1995,2,9,3,1
201306L079233,1,9,0,18,0,8,0,0,0,0,3,1,6,2,7,1598,1,7,9,2
201306L079233,2,9,0,2,0,8,0,0,0,0,4,1,6,2,8,1998,2,10,9,2
201306L079245,1,9,0,18,0,8,0,0,0,0,3,1,6,1,6,1242,1,-1,-1,-1
201306L079256,1,9,0,9,0,8,0,0,0,0,1,1,6,1,10,1596,1,4,6,1
201306L079256,2,9,0,18,0,8,0,0,0,0,1,1,6,1,5,1149,1,6,3,1
201306L079278,1,9,0,9,0,2,0,0,0,0,3,1,1,1,7,1560,2,2,3,1
201306L079278,2,9,0,18,0,1,0,0,0,0,1,1,1,2,7,1242,1,1,9,1
201306L079288,1,9,0,16,0,8,0,0,0,0,3,1,6,1,5,1896,2,6,-1,-1
201306L079288,2,9,0,17,0,8,0,0,0,0,3,1,6,1,10,1598,1,10,9,2
201306L079320,1,9,0,18,0,1,0,0,0,0,3,1,6,3,-1,-1,-1,-1,-1,-1