Accident_Index,Vehicle_Reference,Vehicle_Type,Towing_and_Articulation,Vehicle_Manoeuvre,Vehicle_Location-Restricted_Lane,Junction_Location,Skidding_and_Overturning,Hit_Object_in_Carriageway,Vehicle_Leaving_Carriageway,Hit_Object_off_Carriageway,1st_Point_of_Impact,Was_Vehicle_Left_Hand_Drive?,Journey_Purpose_of_Driver,Sex_of_Driver,Age_Band_of_Driver,Engine_Capacity_(CC),Propulsion_Code,Age_of_Vehicle,Driver_IMD_Decile,Driver_Home_Area_Type
201306M073491,3,9,0,18,0,0,0,0,0,0,2,1,6,2,7,1798,1,7,8,1
201306M073491,4,9,0,18,0,0,0,0,0,0,2,1,6,2,6,1296,1,5,2,1
201306M073537,1,11,0,18,0,8,0,0,0,0,0,1,1,1,8,11967,2,1,6,1
201306M073537,2,90,0,7,0,8,0,0,0,0,0,1,1,3,6,-1,-1,-1,-1,-1
201306M073542,1,8,0,9,0,1,0,0,0,0,4,1,1,1,5,1995,2,10,-1,-1
201306M073542,2,4,0,18,0,2,0,0,0,0,1,1,6,1,5,583,1,14,4,1
201306M073546,1,9,0,18,0,0,0,0,0,0,1,1,6,2,6,-1,-1,-1,5,1
201306M073546,2,9,0,4,0,0,0,0,0,0,2,1,6,2,5,1364,1,5,9,1
201306M073547,1,9,0,4,0,0,0,0,0,0,1,1,6,1,4,-1,-1,-1,4,1
201306M073547,2,9,0,4,0,0,0,0,0,0,2,1,6,2,5,1124,1,9,4,1
201306M073604,1,9,0,9,0,5,0,0,0,0,1,1,1,1,6,1998,2,6,3,1
201306M073604,2,1,0,18,0,1,0,0,0,0,3,1,1,1,6,-1,-1,-1,5,1
201306M073616,1,9,0,18,0,0,0,10,1,1,1,1,6,1,6,1796,1,12,6,1
201306M073643,1,9,0,18,0,8,0,0,0,0,1,1,6,2,8,1597,1,13,-1,3
201306M073643,2,9,0,18,0,8,0,0,0,0,2,1,6,2,7,1997,2,2,10,1
201306M073646,1,9,0,6,0,2,0,0,0,0,3,1,1,1,9,1796,1,8,7,1
201306M073646,2,5,0,18,0,2,0,0,0,0,4,1,6,1,10,908,1,17,8,1
201306M073680,1,1,0,18,9,1,0,0,0,0,1,1,2,1,6,-1,-1,-1,4,1
201306M073680,2,9,0,7,0,1,0,0,0,0,1,1,6,1,8,1997,1,9,-1,-1
201306M073709,1,19,0,18,0,8,0,0,0,0,3,1,1,1,6,2198,2,5,7,1
201306M073709,2,1,0,18,0,8,0,0,0,0,1,1,1,1,8,-1,-1,-1,8,1
201306M073748,1,9,0,9,0,8,0,0,0,0,0,1,6,3,-1,-1,-1,-1,-1,-1
201306M073748,2,9,0,9,0,8,0,0,0,0,3,1,6,2,9,1796,7,10,3,1
201306M073748,3,11,0,9,0,8,0,0,0,0,4,1,1,1,9,5883,2,12,-1,-1
201306M073788,1,9,2,18,0,0,0,0,0,0,1,1,6,2,5,1242,1,12,6,1
201306M073788,2,5,0,18,0,0,0,0,0,0,1,1,6,1,7,645,1,6,6,1
201306M073882,1,9,0,3,0,0,0,0,0,0,2,1,6,2,6,1596,1,11,3,1
201306M073882,2,9,0,4,0,0,0,0,0,0,1,1,6,2,9,1329,1,1,10,1
201306M073924,1,9,0,16,0,0,1,7,1,10,1,1,6,1,4,1995,2,11,9,1
201306M073948,1,9,0,5,0,0,0,0,0,0,0,1,6,1,7,1596,1,11,6,1
201306M073948,2,9,0,18,0,0,0,0,0,0,1,1,6,1,6,-1,-1,-1,8,1
201306M073948,3,9,0,18,0,0,0,0,0,0,1,1,6,2,8,1753,2,13,4,1
201306M073964,1,8,0,18,0,6,1,0,1,10,1,1,1,1,8,1995,2,10,8,1
201306M073964,2,9,0,18,0,8,0,0,7,4,4,1,6,1,5,1390,1,7,8,1
201306M074036,1,9,0,17,0,3,0,0,0,0,0,1,6,2,6,1560,2,1,8,1
201306M074036,2,9,0,7,0,3,0,0,0,0,0,1,1,2,7,1388,1,10,-1,-1
201306M074036,3,9,0,17,0,3,0,0,0,0,3,1,6,2,9,1995,1,11,9,1
201306M074080,1,8,0,4,0,0,0,0,0,0,0,1,1,1,7,2664,2,11,2,1
201306M074201,1,9,0,18,0,8,0,7,4,1,4,1,6,2,5,1330,1,19,9,1
201306M074201,2,9,0,18,0,8,0,0,0,0,1,1,6,2,8,2616,1,6,7,1
201306M074242,1,10,0,5,0,2,0,0,0,0,4,1,6,1,7,-1,-1,-1,1,1
201306M074244,1,9,0,14,0,8,0,0,0,0,1,1,6,2,7,1398,2,5,2,1
201306M074244,2,8,0,18,0,1,0,0,0,0,1,1,1,1,6,1896,2,9,6,1
201306M074275,1,9,0,5,0,3,0,0,0,0,1,1,6,2,9,1390,1,1,5,1
201306M074275,2,9,0,5,0,4,0,0,0,0,1,1,6,2,9,-1,-1,-1,6,1
201306M074290,1,9,0,16,0,1,1,10,1,0,4,1,6,1,4,1975,1,9,1,1
201306M074290,2,9,0,2,0,2,0,0,0,0,0,1,1,1,6,1560,2,3,-1,-1
201306M074359,1,8,0,18,0,1,1,4,1,1,1,1,6,1,5,1796,1,7,6,1
201306M074359,2,9,0,9,0,1,0,0,0,0,1,1,6,1,10,-1,-1,-1,-1,-1
201306M074359,3,19,0,2,9,1,0,0,0,0,2,1,6,3,-1,-1,-1,-1,-1,-1
201306M074386,1,9,0,5,0,4,0,0,0,0,1,1,6,2,11,998,1,5,8,1
201306M074386,2,1,0,5,0,4,0,0,0,0,4,1,6,1,4,-1,-1,-1,7,1
201306M074410,1,9,0,10,0,1,0,0,0,0,2,1,6,2,7,1968,2,9,9,1
201306M074410,2,9,0,18,0,1,0,0,0,0,1,1,6,1,8,1968,2,1,7,1
201306M074442,1,1,0,13,0,1,0,0,0,0,0,1,6,1,6,-1,-1,-1,4,1
201306M074442,2,9,0,6,0,8,0,0,0,0,3,1,6,1,7,1988,1,11,1,1
201306M074569,1,9,0,9,0,6,0,0,0,0,1,1,6,1,11,1339,1,4,-1,-1
201306M074569,2,9,0,18,0,8,0,0,0,0,4,1,6,1,7,1968,2,1,7,1
201306M074589,1,9,0,9,0,1,1,7,0,1,1,1,6,1,8,1968,2,9,7,2
201306M074589,2,9,0,18,0,1,1,0,0,0,1,1,3,1,8,1596,1,4,6,1
201306M074740,1,9,0,18,0,0,1,0,0,0,1,1,6,2,7,1124,1,12,1,1
201306M074740,2,9,0,18,0,0,0,0,0,0,2,1,6,2,7,4806,1,6,10,1
201306M074788,1,9,0,18,0,4,0,0,0,0,1,1,6,3,-1,-1,-1,-1,-1,-1
201306M074788,2,9,0,18,0,4,0,0,0,0,2,1,6,2,8,1242,1,1,2,1
201306M074800,1,9,0,18,0,8,0,0,0,0,1,1,6,1,6,-1,-1,-1,-1,-1
201306M074800,2,9,0,18,0,8,0,0,0,4,4,1,6,2,11,1242,1,2,10,1
201306M074869,1,11,0,18,0,1,0,0,0,0,0,1,6,1,8,9360,2,5,6,1
201306M074869,2,9,0,18,0,1,0,0,0,0,0,1,6,3,-1,-1,-1,-1,-1,-1
201306M074878,1,9,0,18,0,2,0,0,0,0,1,1,2,1,7,-1,-1,-1,6,1
201306M074884,1,9,0,7,0,8,0,0,0,0,4,1,6,2,6,998,1,10,8,1
201306M074884,2,1,0,18,0,8,0,0,0,0,1,1,6,1,7,-1,-1,-1,9,1
201306M074888,1,9,0,18,0,1,0,0,0,0,1,1,6,2,11,1117,1,25,3,1
201306M074888,2,9,0,18,0,1,0,0,0,0,1,1,6,2,7,-1,-1,-1,10,1
201306M074898,1,9,0,18,0,1,0,0,0,0,1,1,6,1,4,-1,-1,-1,7,3
201306M074898,2,9,0,18,0,1,0,0,0,0,2,1,6,1,9,1686,2,2,5,1
201306M074963,1,9,0,17,0,8,0,0,0,0,1,1,6,2,7,2198,1,7,2,1
201306M074963,2,9,0,9,0,8,0,0,0,0,1,1,6,1,9,1461,2,8,7,1
201306M075004,1,9,0,7,0,3,0,0,0,0,1,1,6,1,5,1560,2,6,8,1
201306M075004,2,9,0,18,0,1,0,0,1,0,3,1,6,2,5,1242,1,10,7,1
201306M075101,1,9,0,18,0,0,0,0,0,0,1,1,6,1,10,1389,1,20,4,1
201306M075129,1,9,0,18,0,1,0,0,0,0,4,1,6,3,-1,-1,-1,-1,-1,-1
201306M075129,2,1,0,18,0,1,0,0,0,0,3,1,6,1,7,-1,-1,-1,8,1
201306M075155,1,21,1,18,0,4,0,0,0,0,1,1,6,1,8,12777,2,1,4,1
201306M075155,2,9,0,4,0,4,0,0,0,0,2,1,1,2,5,1198,1,7,-1,-1
201306M075165,1,9,0,3,0,8,0,0,0,0,1,1,6,2,8,1368,1,6,2,1
201306M075165,2,9,0,5,0,1,0,0,0,0,1,1,6,1,9,2498,2,18,5,1
201306M075201,1,9,0,18,0,0,0,0,0,0,3,1,6,1,5,1896,2,7,8,1
201306M075201,2,8,0,18,0,0,0,0,0,0,3,1,1,1,8,2231,2,6,5,1
201306M075201,3,90,0,2,0,0,0,0,0,0,3,1,6,1,6,-1,-1,-1,-1,-1
201306M075224,1,90,0,18,0,1,0,0,0,0,1,1,6,2,6,-1,-1,-1,1,1
201306M075224,2,9,0,18,0,1,0,0,1,0,1,1,6,2,9,1598,1,3,6,3
201306M075397,1,5,0,14,0,1,0,0,0,0,1,1,6,1,7,600,1,13,3,1
201306M075397,2,9,0,5,0,8,0,0,0,0,1,1,6,2,5,1368,1,5,3,1
201306M075397,3,9,0,3,0,1,0,0,0,0,0,1,6,3,-1,-1,-1,-1,-1,-1
201306M075461,1,9,0,2,0,2,0,0,0,0,3,1,3,1,6,-1,-1,-1,-1,-1
201306M075461,2,1,0,14,0,2,0,0,0,0,4,1,2,1,9,-1,-1,-1,5,1
201306M075502,1,9,0,9,0,3,0,0,0,0,3,1,6,1,6,-1,-1,-1,-1,-1
201306M075541,1,9,0,18,0,7,0,0,0,0,2,1,2,2,5,1598,1,4,5,1
201306M075541,2,21,1,18,0,7,0,0,0,0,1,1,1,1,7,12900,2,2,3,1
201306M075546,1,9,0,18,0,1,0,0,0,0,1,1,6,2,7,1398,1,13,6,1
201306M075608,1,9,0,5,0,8,0,0,0,0,3,1,6,1,11,1398,1,1,9,1
201306M075608,2,3,0,18,0,1,5,0,0,0,1,1,6,1,7,98,1,30,2,1
201306M075619,1,9,0,18,0,1,0,0,0,0,4,1,6,1,6,-1,-1,-1,1,1
201306M075653,1,9,0,10,0,5,0,0,0,0,2,1,6,2,10,796,1,12,9,1
201306M075653,2,9,0,1,0,1,0,0,0,0,4,1,1,2,6,-1,-1,-1,9,1
201306M075662,1,10,0,18,0,1,0,0,0,0,1,1,1,1,7,2148,2,7,-1,-1
201306M075702,1,9,0,18,0,8,0,0,0,0,1,1,6,2,10,1296,1,7,4,1
201306M075702,2,90,0,5,0,8,0,0,0,0,4,1,6,2,8,-1,-1,-1,-1,-1
201306M075704,1,9,0,18,0,2,1,0,0,0,1,1,6,1,7,1388,1,10,8,1
201306M075833,1,9,0,18,0,1,0,0,0,0,4,1,6,3,-1,-1,-1,-1,-1,-1
201306M075853,1,9,0,9,0,8,0,0,0,0,4,1,6,1,5,1198,1,2,5,1
201306M075853,2,9,0,18,0,8,0,0,0,0,1,1,6,2,5,1229,1,2,4,1
201306M075853,3,9,0,10,0,1,0,0,0,0,1,1,6,1,6,1968,2,1,2,1
201306M076014,1,9,0,9,0,8,0,0,0,0,1,1,6,1,7,1783,1,10,1,1
201306M076014,2,9,0,18,0,8,0,0,0,0,3,1,6,1,8,1896,2,4,9,1
201306M076152,1,9,0,18,0,8,0,0,0,0,1,1,6,1,4,1364,1,5,2,1
201306M076152,2,1,0,18,0,8,0,0,0,0,1,1,6,1,6,-1,-1,-1,2,1
201306M076169,1,9,0,10,6,8,0,0,0,0,1,1,2,1,9,1396,1,2,8,1
201306M076169,2,9,0,16,0,8,1,0,0,0,4,1,2,1,6,-1,-1,-1,2,1
201306M076176,1,9,0,5,0,1,0,0,0,0,1,1,2,1,5,998,1,-1,9,1
201306M076176,2,9,0,3,0,1,0,0,0,0,2,1,2,1,10,1799,1,15,10,1
201306M076343,1,9,0,18,0,0,0,0,0,0,1,1,6,1,8,1998,1,8,1,1
201306M076356,1,9,0,9,0,8,0,0,0,0,4,1,1,1,5,1390,1,7,5,2
201306M076356,2,9,0,18,0,8,0,0,0,0,1,1,6,2,7,1796,1,1,10,2
201306M076373,1,9,0,18,0,3,0,0,0,0,4,1,6,2,6,2362,1,11,-1,-1
201306M076373,2,1,0,9,0,8,0,0,0,0,3,1,1,1,5,-1,-1,-1,6,1
201306M076404,1,9,0,18,0,8,0,0,0,0,1,1,6,3,-1,-1,-1,-1,-1,-1
201306M076409,1,9,0,18,0,1,0,0,0,0,1,1,6,2,5,998,1,11,10,1
201306M076409,2,9,0,10,0,1,0,0,0,0,2,1,6,2,4,1229,1,6,7,1
201306M076445,1,5,0,16,0,0,0,0,0,0,1,1,2,1,7,599,1,16,2,1
201306M076445,2,9,0,17,0,0,0,0,0,0,1,1,2,1,7,1995,2,5,10,1
201306M076510,1,9,0,9,0,8,0,0,0,0,1,1,1,1,7,1498,1,5,2,1
201306M076510,2,1,0,18,0,8,0,0,0,0,1,1,1,1,6,-1,-1,-1,3,1
201306M076533,1,9,0,9,0,6,0,0,0,0,1,1,6,3,-1,1600,1,14,-1,-1
201306M076533,2,8,0,18,0,8,0,0,1,0,3,1,1,1,8,2499,2,5,3,1
201306M076558,1,9,0,10,0,8,0,0,0,0,1,1,6,1,6,1198,1,1,6,1
201306M076558,2,3,0,18,0,8,0,0,0,0,1,1,6,1,7,-1,-1,-1,1,1
201306M076564,1,9,0,1,0,8,0,0,0,0,2,1,6,1,-1,1995,2,3,-1,-1
201306M076564,2,9,0,2,0,8,0,0,0,0,4,1,6,1,6,1560,2,3,-1,-1
201306M076566,1,9,0,18,0,2,1,0,0,0,4,1,6,1,6,1850,1,13,-1,-1
201306M076566,2,9,0,18,0,1,0,0,0,0,1,1,2,1,6,-1,-1,-1,-1,-1
201306M076626,1,1,0,18,0,8,0,0,0,0,2,1,6,1,4,-1,-1,-1,-1,-1
201306M076626,2,9,0,18,0,6,0,0,0,0,1,1,6,1,7,1895,1,12,1,1
201306M076654,1,9,0,9,0,1,0,0,0,0,3,1,6,1,5,-1,-1,-1,1,1
201306M076654,2,1,0,18,0,1,0,0,0,0,1,1,6,1,6,-1,-1,-1,9,1
201306M076767,1,19,0,9,0,2,0,0,0,0,1,1,1,1,6,2148,2,5,2,1
201306M076777,1,9,0,18,0,0,0,0,0,0,3,1,6,1,6,1598,1,9,10,1
201306M076777,2,5,0,18,0,0,0,0,0,0,4,1,6,1,7,1170,1,5,7,1
201306M076777,3,9,0,18,0,0,0,0,0,0,3,1,6,1,5,1598,1,8,7,1
201306M076777,4,9,0,18,0,0,0,0,0,0,3,1,6,2,8,1598,2,2,9,1
201306M076809,1,3,0,18,0,1,1,0,0,0,1,1,6,2,6,-1,-1,-1,7,1
201306M076809,2,9,0,18,0,1,0,0,0,0,3,1,6,2,6,1796,1,12,-1,-1
201306M076821,1,9,0,18,0,2,0,0,0,0,1,1,6,1,8,1124,1,7,-1,-1
201306M076841,1,9,0,9,0,8,0,0,0,0,1,1,6,2,5,1598,1,1,-1,-1
201306M076841,2,9,0,18,0,1,0,0,0,0,4,1,6,2,7,1390,1,2,7,1
201306M076876,1,1,0,18,0,8,0,0,0,0,3,1,6,1,5,-1,-1,-1,10,1
201306M076876,2,9,0,7,0,8,0,0,0,0,3,1,6,1,6,1968,2,1,10,1
201306M076909,1,9,0,16,0,0,1,0,0,0,1,1,6,1,4,1199,1,14,4,1
201306M076909,2,11,0,18,0,0,0,0,0,0,1,1,1,1,7,3900,2,9,2,1
201306M076917,1,19,0,18,0,1,0,0,0,0,1,1,1,1,9,2402,2,10,5,1
201306M076917,2,9,0,3,0,1,0,0,0,0,2,1,6,2,7,1795,1,14,7,1
201306M076997,1,9,0,16,0,3,0,4,1,4,3,1,6,1,4,-1,-1,-1,2,1
201306M076997,2,9,0,4,0,4,0,10,0,0,3,1,6,2,7,1497,8,6,7,1
201306M076997,3,9,0,2,0,1,0,0,0,0,2,1,6,1,6,1794,1,10,5,1
201306M077035,1,9,0,13,0,0,1,0,0,0,4,1,2,1,6,1796,1,9,6,1
201306M077035,2,9,0,18,0,0,0,0,0,0,1,1,6,2,7,1995,1,6,9,1
201306M077242,1,9,0,18,0,0,0,0,0,0,1,1,1,1,8,2982,2,2,10,1
201306M077242,2,19,0,2,0,0,0,0,1,4,2,1,1,1,9,1753,2,8,3,1
201306M077259,1,3,0,13,0,1,0,0,0,0,1,1,6,1,5,-1,-1,-1,8,1
201306M077259,2,9,0,9,0,8,0,0,0,0,3,1,6,2,6,2488,1,4,8,1
201306M077347,1,9,0,18,0,1,0,0,7,0,1,1,6,2,5,1984,2,2,8,1
201306M077347,2,9,0,9,0,1,0,10,7,10,3,1,1,1,8,1686,2,9,-1,-1
201306M077411,1,9,0,18,0,0,0,0,0,0,1,1,3,2,8,998,1,13,-1,-1
201306M077411,2,9,0,2,0,0,0,0,0,0,1,1,2,1,7,1598,1,7,1,1
201306M077411,3,9,0,2,0,0,0,0,0,0,0,1,2,1,6,1360,1,11,6,1
201306M077411,4,9,0,2,0,0,0,0,0,0,3,1,2,1,9,-1,-1,-1,-1,-1
201306M077416,1,9,0,18,0,0,0,0,0,0,4,1,6,2,9,1240,1,9,2,1
201306M077442,1,9,0,10,0,1,0,0,0,0,1,1,2,2,7,1598,2,2,10,2
201306M077442,2,21,0,9,0,1,0,0,0,0,2,1,1,1,6,5480,2,12,10,2
201306M077538,1,9,0,18,0,0,1,0,2,4,1,1,6,2,6,2979,1,11,6,1
201306M077540,1,9,0,18,0,8,0,0,0,0,1,1,6,1,4,-1,-1,-1,1,1
201306M077654,1,9,0,18,0,8,0,0,0,0,1,1,6,3,-1,-1,-1,-1,-1,-1
201306M077654,2,9,0,4,0,8,0,0,0,0,2,1,6,2,7,1398,1,-1,3,1
201306M077660,1,9,0,18,0,0,0,0,0,0,4,1,6,1,8,1388,1,10,3,1
201306M077673,1,20,0,18,0,8,0,0,0,0,1,1,1,1,8,-1,-1,-1,5,1
201306M077673,2,9,0,4,0,8,0,0,0,0,2,1,6,1,7,2497,2,9,1,1
201306M077673,3,9,0,4,0,8,0,0,0,0,2,1,6,1,6,1299,1,11,3,1
201306M077673,4,9,0,4,0,8,0,0,0,0,2,1,6,1,7,1997,2,11,6,1
201306M077676,1,19,0,9,0,8,0,0,0,0,1,1,6,1,8,1995,2,-1,9,1
201306M077676,2,1,0,4,0,8,0,0,0,0,2,1,6,2,6,-1,-1,-1,-1,-1
201306M077743,1,9,0,18,0,0,1,0,1,10,4,1,6,1,7,-1,-1,-1,8,1
201306M077774,1,9,0,18,0,1,0,0,0,0,1,1,6,1,5,1560,2,5,1,1
201306M077774,2,9,0,9,0,8,0,0,0,0,2,1,6,2,6,1388,1,9,3,1
201306M077889,1,9,0,7,0,1,0,0,0,0,1,1,6,1,5,998,1,-1,8,1
201306M077889,2,1,0,18,9,6,0,0,0,0,1,1,6,1,5,-1,-1,-1,2,1
201306M077954,1,9,0,18,0,2,0,0,0,0,1,1,6,3,-1,-1,-1,-1,-1,-1
201306M078012,1,1,0,7,0,2,0,0,0,0,1,1,2,1,4,-1,-1,-1,1,1
201306M078012,2,9,0,7,0,2,0,0,0,0,4,1,1,2,6,1461,2,1,9,1
201306M078027,1,9,0,18,0,1,0,0,0,0,1,1,6,1,6,1968,2,4,2,1
201306M078027,2,9,0,18,0,1,0,0,0,0,1,1,6,1,6,1997,2,5,6,1
201306M078115,1,9,0,3,0,1,0,0,0,0,4,1,6,1,11,1242,1,14,1,1
201306M078115,2,1,0,3,0,1,0,0,0,0,4,1,6,1,4,-1,-1,-1,1,1
201306M078164,1,9,0,15,0,3,0,0,0,0,1,1,6,2,8,1149,1,6,-1,-1
201306M078164,2,9,0,4,0,4,0,0,0,0,1,1,6,1,6,1242,1,12,5,1
201306M078175,1,9,0,9,0,5,0,0,0,0,4,1,6,2,6,1388,1,9,1,1
201306M078175,2,1,0,18,0,8,0,0,0,0,1,1,6,1,6,-1,-1,-1,1,1
201306M078180,1,9,0,1,9,0,0,0,0,0,0,1,1,1,7,1598,2,2,-1,-1
201306M078196,1,9,0,18,0,4,0,0,0,0,1,1,6,1,7,1995,2,2,3,1
201306M078196,2,9,0,18,0,4,0,0,0,0,1,1,6,1,11,998,1,10,-1,-1
201306M078237,1,5,0,5,0,0,0,0,0,0,1,1,6,1,4,645,1,14,6,1
201306M078262,1,9,0,9,0,6,0,0,0,0,3,1,6,1,5,1595,1,13,8,1
201306M078262,2,9,0,18,0,1,0,0,0,0,4,1,6,1,10,1246,1,8,8,1
201306M078275,1,9,0,18,0,8,0,0,0,0,1,1,6,2,5,1242,1,-1,10,1
201306M078283,1,9,0,7,0,8,0,0,0,0,1,1,1,1,9,-1,-1,-1,7,1
201306M078283,2,9,4,18,0,8,0,0,0,0,1,1,6,1,9,1951,2,10,6,1
201306M078303,1,9,0,9,0,8,0,0,0,0,1,1,2,2,8,1997,2,4,9,1
201306M078303,2,5,0,18,0,8,0,0,0,0,1,1,2,1,9,1299,1,10,8,1
201306M078326,1,9,0,18,0,0,0,0,0,0,3,1,6,2,10,1198,1,8,6,1
201306M078395,1,9,0,9,0,6,0,0,0,0,3,1,6,2,8,1798,1,6,8,1
201306M078395,2,1,0,18,0,8,0,0,0,0,1,1,1,2,6,-1,-1,-1,2,1
201306M078445,1,3,0,14,0,8,0,0,0,0,1,1,6,1,7,124,1,2,-1,-1
201306M078445,2,9,0,10,0,1,0,0,0,0,1,1,6,2,7,1124,1,9,10,1
201306M078521,1,9,0,18,0,0,0,0,0,0,1,1,6,1,5,-1,-1,-1,-1,-1
201306M078521,2,9,0,18,0,0,0,0,0,0,2,1,6,2,4,1461,2,8,6,3
201306M078524,1,9,0,18,0,1,0,0,0,0,1,1,1,1,5,1984,1,5,4,1
201306M078548,1,2,0,18,0,0,1,0,0,0,1,1,1,1,6,125,1,1,5,1
201306M078548,2,19,0,3,0,0,0,0,0,0,2,1,1,1,6,1598,2,-1,5,1
201306M078559,1,9,0,18,0,1,0,0,0,0,1,1,4,1,7,1598,1,12,10,1
201306M078559,2,9,0,9,0,1,0,0,0,0,2,1,6,1,8,1596,1,2,5,1
201306M078560,1,9,0,18,0,8,0,0,0,0,1,1,6,1,8,-1,-1,-1,-1,-1
201306M078566,1,9,0,9,0,8,0,0,0,0,1,1,6,2,6,1796,1,7,4,1
201306M078566,2,1,0,18,0,8,0,0,0,0,1,1,6,1,8,-1,-1,-1,1,1
201306M078572,1,9,0,7,0,8,0,0,0,0,1,1,6,1,5,-1,-1,-1,-1,-1
201306M078572,2,9,0,18,0,8,0,0,0,0,1,1,6,1,6,1149,1,12,1,1
201306M078579,1,9,0,18,0,8,0,0,0,0,1,1,1,1,8,1364,2,2,-1,-1
201306M078579,2,9,0,18,0,8,0,0,0,0,1,1,6,1,5,1796,1,12,8,1
201306M078600,1,9,0,18,0,1,0,0,0,0,1,1,6,2,7,1598,1,7,1,1
201306M078600,2,9,0,18,0,1,0,0,0,0,2,1,6,1,6,1587,1,9,4,1
201306M078641,1,21,0,17,0,4,5,0,8,3,1,1,1,1,8,12777,2,7,5,1
201306M078641,2,19,0,17,0,4,1,0,0,0,2,1,1,1,6,2143,2,1,3,1
201306M078651,1,9,0,9,0,8,0,0,0,0,4,1,6,3,-1,-1,-1,-1,-1,-1
201306M078651,2,1,0,18,0,8,0,0,0,0,1,1,6,1,5,-1,-1,-1,4,1
201306M078687,1,9,0,5,0,0,0,0,0,0,1,1,6,2,11,1248,1,-1,8,1
201306M078687,2,1,0,5,0,0,0,0,0,0,3,1,6,2,4,-1,-1,-1,8,1
201306M078746,1,9,0,18,0,8,0,0,0,0,4,1,6,1,8,1948,1,10,2,1
201306M078746,2,9,0,5,0,8,0,0,0,0,3,1,6,2,10,1398,1,9,4,1
201306M078746,3,19,0,8,0,8,0,0,0,0,3,1,1,1,8,1461,2,10,3,1
201306M078831,1,90,0,18,0,5,0,0,0,0,4,1,6,1,11,-1,-1,-1,10,1
201306M078831,2,9,0,7,0,3,0,0,0,0,1,1,6,1,8,1753,2,7,6,1
201306M078832,1,8,0,18,0,1,0,0,0,0,3,1,1,1,8,-1,-1,-1,-1,-1
201306M078832,2,9,0,18,0,1,0,0,1,0,1,1,6,2,10,698,1,7,10,1
201306M078904,1,9,0,18,0,2,0,0,0,0,1,1,6,1,6,-1,-1,-1,-1,-1
201306M078968,1,11,0,18,0,1,0,0,0,0,1,1,1,1,7,6700,2,4,-1,-1
201306M079022,1,9,0,18,0,4,0,0,0,0,1,1,6,2,9,973,1,10,-1,-1
201306M079022,2,1,0,18,0,3,0,0,0,0,1,1,1,1,6,-1,-1,-1,1,1
201306M079041,1,1,0,9,0,8,0,0,7,0,2,1,1,1,6,-1,-1,-1,6,1
201306M079041,2,9,0,9,0,8,0,0,1,0,1,1,2,1,11,1896,2,17,2,1
201306M079149,1,9,0,18,0,4,0,0,0,0,1,1,6,2,9,1560,2,3,10,1
201306M079149,2,8,0,18,0,4,0,0,0,0,1,1,1,1,8,1998,2,6,1,1
201306M079150,1,9,0,9,0,6,0,0,0,0,1,1,6,1,8,973,1,10,8,1
201306M079150,2,9,0,18,0,8,0,0,0,0,3,1,6,2,6,1596,1,5,1,1
201306M079153,1,9,0,10,0,1,0,0,0,0,1,1,6,2,8,1198,1,7,-1,-1
201306M079153,2,9,0,17,0,1,0,0,0,0,1,1,6,2,7,1598,1,8,2,1
201306M079329,1,9,0,7,0,7,0,0,0,0,1,1,6,1,7,1598,1,-1,6,1
201306M079329,2,9,0,16,0,8,0,0,0,0,3,1,2,2,8,-1,-1,-1,3,1
201306M079348,1,9,0,4,0,8,0,0,0,0,1,1,1,1,6,1997,1,20,1,1
201306M079348,2,9,0,4,0,8,0,0,0,0,2,1,1,2,6,1242,1,8,1,1
201306M079348,3,9,0,4,0,8,0,0,0,0,2,1,1,1,6,1582,2,-1,7,1
201306M079352,1,9,0,10,0,1,0,0,0,0,1,1,6,2,6,-1,-1,-1,7,1
201306M079352,2,1,0,18,0,1,0,0,0,0,4,1,6,2,7,-1,-1,-1,8,1
201306M079362,1,9,0,7,0,1,0,0,0,0,1,1,6,2,7,1339,1,2,6,1
201306M079417,1,9,0,18,0,1,0,0,0,0,1,1,6,2,7,1461,2,1,8,1
201306M079417,2,1,0,18,0,2,0,0,0,0,1,1,6,1,7,-1,-1,-1,7,1
201306M079535,1,9,0,9,0,8,0,0,0,0,4,1,6,1,7,-1,-1,-1,3,1
201306M079535,2,9,0,18,0,8,0,0,0,0,1,1,6,2,6,1968,2,2,9,1
201306M079554,1,9,0,18,0,0,0,0,0,0,1,1,6,2,8,1686,2,2,8,1
201306M079554,2,9,0,18,0,0,0,0,0,0,2,1,1,1,6,1497,8,7,-1,-1
201306M079722,1,9,0,17,0,8,0,10,1,4,1,1,6,1,6,4999,1,4,-1,-1
201306M079724,1,9,0,9,0,8,0,0,0,0,4,1,6,1,6,1560,2,1,1,1
201306M079724,2,9,0,18,0,8,0,0,0,0,1,1,6,2,9,1797,8,4,9,1
201306M079768,1,9,0,1,0,0,0,0,0,0,2,1,2,2,6,1229,1,6,7,1
201306M079768,2,19,0,18,0,0,0,0,0,0,4,1,1,1,6,1461,2,2,-1,-1
201306M080007,1,9,0,9,0,8,0,0,0,0,1,1,6,1,10,1968,2,-1,8,1
201306M080007,2,9,0,18,0,8,0,0,0,0,3,1,6,2,7,1598,1,2,9,1