Accident_Index,Vehicle_Reference,Vehicle_Type,Towing_and_Articulation,Vehicle_Manoeuvre,Vehicle_Location-Restricted_Lane,Junction_Location,Skidding_and_Overturning,Hit_Object_in_Carriageway,Vehicle_Leaving_Carriageway,Hit_Object_off_Carriageway,1st_Point_of_Impact,Was_Vehicle_Left_Hand_Drive?,Journey_Purpose_of_Driver,Sex_of_Driver,Age_Band_of_Driver,Engine_Capacity_(CC),Propulsion_Code,Age_of_Vehicle,Driver_IMD_Decile,Driver_Home_Area_Type
201306N075939,4,9,0,2,0,1,0,0,0,0,3,1,6,2,6,1560,2,1,8,1
201306N075939,5,9,0,2,0,1,0,0,0,0,1,1,6,1,6,1598,1,8,8,1
201306N075939,6,9,0,2,0,1,0,0,0,0,1,1,6,1,6,2179,2,3,7,1
201306N076003,1,4,0,16,0,1,0,0,0,0,1,1,6,1,4,399,1,21,2,1
201306N076003,2,9,0,5,0,8,0,0,0,0,3,1,2,1,6,-1,-1,-1,-1,-1
201306N076025,1,9,0,7,0,3,1,0,0,0,3,1,6,1,6,-1,-1,-1,1,1
201306N076025,2,9,0,7,0,3,0,0,0,0,0,1,1,1,7,1582,2,1,-1,-1
201306N076066,1,9,0,9,0,8,0,0,0,0,1,1,6,2,5,1149,1,6,9,1
201306N076066,2,9,0,18,0,8,0,0,0,0,3,1,6,2,7,1596,1,4,4,2
201306N076173,1,9,0,3,0,0,0,0,0,0,2,1,6,1,5,1388,1,9,5,1
201306N076173,2,9,0,18,0,0,0,0,0,0,2,1,6,2,7,1956,2,2,9,1
201306N076238,1,9,0,18,0,2,0,0,1,10,1,1,6,2,5,973,1,11,5,1
201306N076238,2,19,0,2,0,8,0,0,0,0,2,1,6,1,8,2000,2,12,8,1
201306N076285,1,1,0,18,9,1,0,0,0,0,1,1,6,1,6,-1,-1,-1,1,1
201306N076285,2,9,0,7,0,1,0,0,0,0,1,1,6,2,7,1299,1,5,7,1
201306N076296,1,9,0,18,0,2,0,0,0,0,1,1,6,2,9,996,1,1,-1,-1
201306N076304,1,9,0,13,0,0,0,0,0,0,4,1,6,1,8,-1,-1,-1,4,1
201306N076304,2,1,0,18,0,0,0,0,0,0,3,1,6,1,8,-1,-1,-1,7,1
201306N076330,1,2,0,3,0,1,0,0,0,0,1,1,6,1,4,49,1,5,8,3
201306N076330,2,9,0,18,0,1,0,0,0,0,2,1,6,2,6,1995,2,9,3,1
201306N076330,3,8,0,18,0,1,0,0,0,0,3,1,1,1,7,1796,1,8,4,1
201306N076358,1,8,0,9,0,8,0,0,0,0,4,1,1,1,6,1910,2,7,2,1
201306N076358,2,1,0,18,0,8,0,0,0,0,1,1,6,1,5,-1,-1,-1,-1,-1
201306N076384,1,9,0,18,0,1,0,0,0,0,1,1,1,1,7,-1,-1,-1,4,1
201306N076384,2,1,0,18,0,6,0,0,0,0,1,1,6,1,2,-1,-1,-1,-1,-1
201306N076390,1,9,0,18,0,2,0,0,0,0,3,1,1,2,9,1242,1,16,3,1
201306N076390,2,9,0,9,0,2,0,4,0,0,1,1,6,1,6,1229,1,1,3,1
201306N076390,3,19,0,2,0,1,0,0,0,0,1,1,6,1,9,2402,2,8,3,1
201306N076423,1,1,0,18,0,2,0,0,0,0,2,1,6,1,10,-1,-1,-1,10,1
201306N076423,2,9,0,18,0,2,0,0,0,0,0,1,1,1,9,-1,-1,-1,1,1
201306N076539,1,9,0,18,0,1,0,0,0,0,4,1,6,1,7,-1,-1,-1,-1,-1
201306N076668,1,9,0,9,0,8,0,0,0,0,1,1,6,1,4,1596,1,3,9,1
201306N076668,2,9,0,18,0,8,0,0,0,0,1,1,6,2,8,1360,1,13,1,1
201306N076678,1,9,0,18,0,2,0,0,0,0,4,1,6,2,8,1497,1,10,1,1
201306N076825,1,9,0,7,0,8,0,0,3,0,1,1,6,1,10,1598,1,2,7,1
201306N076825,2,9,0,18,0,8,0,0,0,0,4,1,6,2,11,1242,1,16,5,1
201306N076837,1,10,0,18,9,0,0,4,1,2,4,1,1,1,9,2148,2,6,-1,-1
201306N076837,2,20,0,2,6,0,0,0,0,0,3,1,6,3,9,-1,-1,-1,9,1
201306N076837,3,90,0,2,9,0,0,0,0,0,2,1,6,1,6,-1,-1,-1,-1,-1
201306N076837,4,90,0,2,6,0,0,4,0,0,2,1,6,2,6,-1,-1,-1,5,1
201306N076837,5,90,0,2,0,0,0,0,0,0,2,1,6,2,8,-1,-1,-1,4,1
201306N076869,1,9,0,9,0,6,0,0,1,0,1,1,6,1,9,2494,1,12,5,1
201306N076869,2,9,0,18,0,8,0,0,0,0,1,1,6,1,7,1956,2,3,4,1
201306N076912,1,19,0,18,0,5,0,0,0,0,1,1,1,1,7,2143,2,2,6,1
201306N076979,1,3,0,7,0,7,1,0,0,0,2,1,6,1,4,124,1,13,1,1
201306N076979,2,9,0,18,0,8,0,0,0,0,1,1,6,1,6,1598,2,2,-1,-1
201306N076994,1,9,0,5,0,1,0,0,0,0,1,1,6,1,8,1997,1,1,9,1
201306N076994,2,9,0,18,0,8,0,0,0,0,1,1,6,2,7,1753,2,9,9,1
201306N077135,1,9,0,7,4,6,0,0,0,0,1,1,2,1,6,1199,1,9,2,1
201306N077135,2,9,0,3,0,8,0,0,0,0,0,1,2,1,6,1590,1,10,2,1
201306N077135,3,1,0,15,4,8,0,0,0,0,1,1,2,1,7,-1,-1,-1,9,1
201306N077147,1,9,0,9,0,8,0,0,0,0,0,1,6,2,6,-1,-1,-1,-1,-1
201306N077147,2,1,0,7,0,8,5,0,0,0,0,1,6,1,6,-1,-1,-1,7,1
201306N077164,1,9,0,18,0,0,0,0,0,0,1,1,6,1,9,1396,1,11,8,1
201306N077164,2,9,0,18,0,0,0,0,0,0,1,1,1,2,4,998,1,-1,6,1
201306N077227,1,9,0,16,0,1,1,0,0,0,1,1,6,1,5,-1,-1,-1,9,1
201306N077227,2,9,0,16,0,1,1,0,0,0,2,1,6,2,5,1390,1,4,-1,-1
201306N077227,3,9,0,10,0,2,1,0,0,0,0,1,6,1,4,1368,1,7,4,1
201306N077245,1,9,0,10,0,1,0,0,0,0,2,1,1,1,6,1248,2,4,-1,-1
201306N077248,1,9,0,18,0,0,0,0,0,0,3,1,6,3,-1,-1,-1,-1,-1,-1
201306N077248,2,9,0,18,0,0,0,0,0,0,4,1,6,3,-1,-1,-1,-1,-1,-1
201306N077248,3,9,0,18,0,0,0,0,0,0,0,1,6,1,6,1390,1,10,2,1
201306N077310,1,9,0,18,0,0,0,0,0,0,1,1,2,1,6,1598,1,22,3,1
201306N077395,1,19,0,12,0,3,0,0,0,0,0,1,6,3,-1,-1,-1,-1,-1,-1
201306N077395,2,9,0,7,0,3,1,0,1,7,3,1,6,2,5,1124,1,13,1,1
201306N077434,1,90,0,18,0,1,0,0,0,0,0,1,6,3,-1,-1,-1,-1,-1,-1
201306N077452,1,9,0,1,0,0,0,4,0,0,4,1,6,1,6,1989,1,14,8,1
201306N077454,1,9,0,18,0,0,0,0,0,0,3,1,1,1,6,1910,2,7,1,1
201306N077459,1,90,0,1,0,8,0,0,0,0,0,1,1,1,7,2800,2,11,-1,-1
201306N077492,1,9,0,5,0,1,0,0,0,0,1,1,6,2,8,1598,1,6,9,1
201306N077492,2,1,0,18,0,1,0,0,0,0,1,1,6,1,2,-1,-1,-1,3,1
201306N077498,1,9,0,18,0,8,0,0,0,0,4,1,6,1,7,1390,1,4,1,1
201306N077498,2,9,0,18,0,8,0,0,0,0,3,1,6,2,9,2494,2,9,2,1
201306N077511,1,9,0,18,0,8,0,0,0,0,1,1,6,3,-1,-1,-1,-1,-1,-1
201306N077511,2,8,0,18,0,8,5,0,0,0,4,1,1,1,7,1997,2,7,2,1
201306N077512,1,9,0,8,0,1,0,0,0,0,3,1,6,3,-1,-1,-1,-1,-1,-1
201306N077512,2,90,0,8,0,1,0,0,0,0,4,1,6,1,9,-1,-1,-1,4,1
201306N077579,1,9,0,18,0,8,0,0,0,0,4,1,1,1,8,2967,2,1,9,1
201306N077579,2,5,0,16,0,1,0,0,0,0,1,1,6,1,9,-1,-1,-1,8,1
201306N077587,1,3,0,18,0,1,0,0,0,0,1,1,6,1,5,124,1,4,1,1
201306N077587,2,9,0,9,0,5,0,0,0,0,4,1,6,2,11,1229,1,-1,4,1
201306N077682,1,9,0,18,0,1,0,0,0,0,1,1,1,1,6,1560,2,2,3,1
201306N077853,1,21,1,7,0,8,0,0,0,0,0,1,1,1,9,11946,2,7,-1,-1
201306N077951,1,9,0,18,0,1,0,0,0,0,1,1,3,2,7,1360,1,11,1,1
201306N077951,2,9,0,18,0,1,0,0,0,0,2,1,3,2,8,1686,2,2,3,1
201306N078108,1,9,0,7,0,0,0,0,0,0,1,1,6,1,11,1598,1,13,6,1
201306N078108,2,1,0,18,0,0,0,0,0,0,1,1,6,1,6,-1,-1,-1,3,1
201306N078178,1,9,0,9,0,8,0,0,0,0,1,1,6,1,6,1364,2,7,7,1
201306N078178,2,9,0,18,0,8,0,0,0,0,1,1,6,1,9,-1,-1,-1,-1,-1
201306N078263,1,9,0,18,0,8,0,0,0,0,3,1,1,2,5,1400,2,8,7,1
201306N078272,1,9,0,9,0,8,0,0,0,0,4,1,6,1,9,1596,1,-1,1,1
201306N078272,2,1,0,18,0,8,0,0,0,0,1,1,6,1,8,-1,-1,-1,6,1
201306N078312,1,9,0,18,0,1,0,0,0,0,4,1,6,1,6,1796,1,2,-1,-1
201306N078374,1,19,0,9,0,1,0,0,0,0,1,1,2,1,5,1868,2,13,8,1
201306N078374,2,1,0,18,0,8,0,0,0,0,1,1,6,1,9,-1,-1,-1,4,1
201306N078437,1,9,0,1,0,6,0,0,0,0,3,1,6,2,7,2435,1,11,6,1
201306N078437,2,9,0,18,0,1,0,0,0,0,4,1,6,2,5,1198,1,3,1,1
201306N078490,1,9,0,9,0,8,0,0,0,0,4,1,6,1,6,1896,2,11,8,1
201306N078490,2,3,0,18,0,1,1,0,0,0,1,1,6,1,5,124,1,3,5,1
201306N078522,1,3,0,14,0,1,0,0,0,0,1,1,2,1,5,124,1,-1,1,1
201306N078522,2,9,0,9,0,6,0,0,0,0,1,1,2,1,8,1896,2,10,4,1
201306N078535,1,10,0,7,0,4,0,0,0,0,0,1,1,1,6,-1,-1,-1,5,1
201306N078573,1,9,0,18,0,1,0,0,0,0,3,1,1,1,6,1560,2,3,-1,-1
201306N078577,1,11,0,18,0,1,0,0,0,0,0,1,1,1,9,9360,2,6,4,1
201306N078583,1,9,0,18,0,0,0,7,0,0,1,1,1,1,9,996,1,4,3,1
201306N078583,2,9,0,18,0,0,0,0,0,0,3,1,6,2,7,1560,2,1,6,1
201306N078627,1,9,0,6,0,0,0,0,0,0,3,1,6,1,7,1149,1,15,1,1
201306N078627,2,5,0,18,0,0,0,0,0,0,1,1,6,1,9,-1,-1,-1,9,1
201306N078665,1,9,0,9,0,6,0,0,0,0,0,1,6,3,-1,-1,-1,-1,-1,-1
201306N078665,2,3,0,18,0,1,5,0,0,0,1,1,6,1,4,-1,-1,-1,5,1
201306N078665,3,9,0,3,0,1,0,0,0,0,2,1,6,2,7,1389,1,10,8,1
201306N078683,1,9,0,13,0,0,0,7,0,10,1,1,2,2,6,1596,1,8,-1,-1
201306N078764,1,9,0,9,0,8,1,0,0,0,1,1,6,1,10,-1,-1,-1,2,1
201306N078764,2,2,0,18,0,8,0,0,0,0,4,1,6,1,8,-1,-1,-1,3,1
201306N078909,1,9,0,9,0,8,0,0,0,0,4,1,6,1,5,1896,2,7,1,1
201306N078909,2,3,0,18,0,8,0,0,0,0,1,1,6,1,5,124,1,2,1,1
201306N078979,1,9,0,6,0,0,0,0,0,0,1,1,6,1,6,1995,2,2,6,1
201306N078979,2,9,0,18,0,0,0,0,1,10,2,1,6,1,6,1242,1,4,1,1
201306N079010,1,9,0,16,0,0,0,10,0,2,4,1,6,2,8,1240,1,7,9,1
201306N079076,1,3,0,18,0,8,0,0,0,0,1,1,6,1,5,124,1,5,3,1
201306N079076,2,9,0,18,0,8,0,0,0,0,4,1,2,1,6,998,1,12,3,1
201306N079258,1,19,0,18,0,2,0,0,0,0,3,1,1,1,8,2198,2,-1,4,1
201306N079303,1,9,0,17,0,0,1,0,0,0,1,1,6,1,5,1124,1,12,9,3
201306N079303,2,19,0,16,0,0,0,0,0,0,1,1,6,1,5,1248,2,5,9,1
201306N079340,1,9,0,4,0,0,0,0,0,0,2,1,6,2,6,1796,1,4,-1,-1
201306N079340,2,9,0,4,0,0,0,0,0,0,1,1,1,1,6,1349,1,5,1,1
201306N079377,1,11,0,5,0,8,0,0,0,0,0,1,6,1,7,6370,2,13,-1,-1
201306N079425,1,9,0,14,0,8,0,0,0,0,1,1,6,2,7,996,1,4,2,1
201306N079425,2,9,0,18,0,8,0,0,0,0,1,1,6,1,9,1596,1,12,3,1
201306N079425,3,10,0,18,0,8,0,0,0,0,2,1,1,1,8,-1,-1,-1,1,1
201306N079464,1,9,0,18,0,1,0,0,0,0,1,1,6,1,6,-1,-1,-1,-1,-1
201306N079465,1,19,0,9,0,6,0,0,0,0,3,1,1,1,5,1248,2,2,4,1
201306N079465,2,5,0,18,0,1,0,0,0,0,1,1,1,1,7,1170,1,5,-1,-1
201306N079553,1,9,0,18,0,1,0,0,0,0,1,1,6,2,8,1396,1,13,8,1
201306N079590,1,90,0,18,0,1,0,0,0,0,3,1,1,1,4,-1,-1,-1,2,1
201306N079590,2,9,0,18,0,8,0,0,0,0,1,1,3,2,10,-1,-1,-1,6,1
201306N079596,1,9,0,18,0,1,0,4,1,0,1,1,6,2,8,2497,2,6,1,1
201306N079596,2,9,0,2,0,1,0,0,0,0,2,1,6,2,5,1398,2,7,6,1
201306N079596,3,9,0,2,0,2,0,0,0,4,2,1,6,2,6,1398,1,1,9,1
201306N079682,1,9,0,18,0,1,0,0,0,0,4,1,6,1,6,1248,1,4,-1,-1
201306N079682,2,9,0,2,0,1,0,0,0,0,0,1,6,1,6,1598,1,10,-1,-1
201306N079744,1,11,0,2,0,0,0,0,0,0,0,1,1,1,9,-1,-1,-1,8,1
201306N079808,1,9,0,9,0,6,0,0,0,0,1,1,6,2,6,1398,1,8,2,1
201306N079808,2,9,0,18,0,8,0,0,0,0,4,1,6,2,5,1398,1,5,6,1
201306N079808,3,9,0,10,0,1,0,0,0,0,1,1,6,2,6,1997,1,11,6,1
201306N079832,1,9,0,9,0,5,0,0,0,0,1,1,1,1,7,-1,-1,-1,5,1
201306N079846,1,9,0,9,0,8,0,0,0,0,1,1,2,2,5,1360,1,7,10,1
201306N079846,2,8,0,18,0,8,0,0,0,0,1,1,1,1,7,1997,2,7,1,1
201306N080021,1,9,0,9,0,2,0,0,0,0,1,1,6,1,6,1968,2,1,3,1
201306N080078,1,9,0,18,0,1,0,0,0,0,1,1,6,1,8,2926,2,8,4,1
201306N080078,2,9,0,3,0,1,0,0,0,0,2,1,6,1,8,999,1,1,1,1
201306N080214,1,90,0,9,0,8,0,0,0,0,0,1,6,3,-1,-1,-1,-1,-1,-1
201306N080214,2,1,0,18,4,8,0,0,0,0,0,1,6,1,9,-1,-1,-1,-1,-1
201306N080382,1,9,0,9,0,8,0,0,0,0,1,1,6,2,6,1994,2,14,1,1
201306N080382,2,1,0,18,0,8,0,0,0,0,2,1,6,1,7,-1,-1,-1,1,1
201306N080517,1,9,0,9,0,5,0,0,0,0,0,1,6,2,9,-1,-1,-1,4,1
201306N080519,1,19,0,5,0,1,0,0,0,0,1,1,6,2,8,1753,2,12,6,1
201306N080519,2,9,0,3,0,1,0,0,0,0,2,1,6,2,6,1560,2,7,4,1
201306N080614,1,9,0,18,0,1,0,0,0,0,1,1,6,2,8,1198,1,10,3,1
201306N080614,2,9,0,3,0,1,0,0,0,0,3,1,6,1,8,1769,1,10,5,1
201306N080614,3,9,0,3,0,1,0,0,0,0,2,1,6,2,5,1242,1,10,4,1
201306N080614,4,9,0,3,0,1,0,0,0,0,2,1,6,2,9,-1,-1,-1,4,3
201306N080645,1,5,0,18,0,0,1,0,0,0,4,1,6,1,8,678,1,3,3,1
201306N080714,1,9,0,18,0,1,0,0,0,0,4,1,6,2,7,1598,1,7,7,1
201306N080778,1,9,0,9,0,8,0,0,0,0,1,1,2,1,6,1229,1,5,4,1
201306N080778,2,9,0,18,0,8,0,0,0,0,3,1,2,2,5,1299,1,10,4,1
201306N080816,1,9,0,18,0,0,5,4,0,0,4,1,2,1,4,1242,1,6,1,1
201306N080816,2,19,0,18,0,0,0,0,0,0,3,1,1,1,6,-1,-1,-1,3,1
201306N080816,3,9,0,2,0,0,0,0,0,0,0,1,6,3,-1,-1,-1,-1,-1,-1
201306N080961,1,9,0,9,0,6,0,0,0,0,1,1,6,1,6,1896,2,4,2,1
201306N080961,2,9,0,18,0,8,0,0,0,0,0,1,1,1,6,1560,2,8,-1,-1
201306N080961,3,9,0,18,0,8,0,0,0,0,1,1,6,2,7,1596,1,9,3,1
201306N081001,1,17,4,14,0,1,0,0,0,0,1,1,1,1,5,-1,2,4,9,3
201306N081001,2,9,0,18,0,2,0,0,1,0,1,1,6,1,5,-1,-1,-1,-1,-1
201306N081009,1,11,0,4,0,1,0,0,0,0,0,1,1,2,7,7300,2,8,9,1
201306N081054,1,9,0,18,0,2,0,0,0,0,1,1,6,1,8,1679,1,14,7,1
201306N081065,1,4,0,16,0,1,0,0,0,0,3,1,6,1,4,125,1,-1,2,1
201306N081065,2,9,0,17,0,1,0,0,0,0,2,1,6,2,7,1896,2,7,-1,-1
201306N081120,1,9,0,18,0,8,0,0,1,1,1,1,6,1,10,1397,1,14,2,1
201306N081120,2,9,0,18,0,8,0,0,0,0,2,1,6,1,6,1124,1,17,2,1
201306N081120,3,9,0,2,0,1,0,0,0,0,3,1,6,3,-1,1400,2,8,8,1
201306N081295,1,9,0,18,0,1,0,0,0,0,1,1,6,1,5,1598,1,-1,6,1
201306N081316,1,9,0,9,0,6,0,0,0,0,2,1,2,2,9,1400,1,7,5,1
201306N081316,2,3,0,18,0,8,0,0,0,0,1,1,2,1,5,125,1,-1,1,1
201306N081323,1,9,0,9,0,6,0,0,0,0,3,1,4,2,6,1798,1,3,5,1
201306N081323,2,8,0,5,0,8,0,0,0,0,1,1,6,1,6,1995,2,9,4,1
201306N081397,1,11,0,18,0,0,0,10,0,0,0,1,1,1,8,9600,2,13,1,1
201306N081476,1,9,0,6,0,1,0,0,0,0,3,1,6,1,6,1798,1,7,1,1
201306N081476,2,5,0,13,0,1,1,0,0,0,1,1,6,1,6,-1,-1,-1,1,1
201306N081476,3,19,0,4,0,1,0,0,0,0,0,1,6,1,7,2143,2,1,3,1
201306N081637,1,9,0,7,0,6,0,0,0,0,4,1,1,1,8,-1,-1,-1,8,1
201306N081665,1,8,0,7,0,2,0,0,0,0,1,1,1,1,9,1896,2,9,2,1
201306N081686,1,9,0,5,0,1,0,0,0,0,1,1,6,2,5,-1,-1,-1,-1,-1
201306N081764,1,9,0,9,0,5,0,0,0,0,0,1,6,3,6,-1,-1,-1,-1,-1
201306N081764,2,1,0,18,0,8,0,0,0,0,1,1,2,1,8,-1,-1,-1,-1,-1
201306N081764,3,9,0,18,0,1,0,0,0,0,1,1,6,1,9,1461,2,1,3,1
201306N081842,1,9,0,18,0,1,0,0,0,0,1,1,2,1,7,2497,2,9,3,1
201306N081842,2,9,0,10,0,1,0,0,0,0,1,1,2,1,7,1149,1,9,1,1
201306N081842,3,19,0,18,0,1,0,0,0,0,1,1,1,1,7,1560,2,1,3,1
201306N081887,1,2,0,18,0,4,0,0,0,0,0,1,6,1,4,49,1,4,6,1
201306N081887,2,9,0,9,0,8,0,0,0,0,3,1,6,2,5,1364,1,8,4,1
201306N081900,1,9,0,7,0,5,0,0,0,0,1,1,6,1,4,1242,1,7,8,3
201306N082120,1,9,0,9,0,6,0,0,0,0,1,1,6,2,4,-1,-1,-1,-1,-1
201306N082120,2,9,0,18,0,8,0,0,0,0,3,1,6,2,8,2664,2,9,8,1
201306NA77138,1,9,0,7,0,6,0,0,0,0,3,1,6,2,6,1798,1,7,6,1
201306NA77138,2,8,0,18,0,8,0,0,0,0,3,1,1,1,7,1896,2,7,8,1
201306NF74019,1,9,0,18,0,8,0,0,0,0,3,1,6,1,9,1339,1,9,1,1
201306NF74019,2,9,0,18,0,8,0,0,0,0,4,1,6,2,8,1198,1,2,5,1
201306NP72301,1,9,0,18,0,4,0,0,0,0,3,1,2,1,9,1997,2,3,-1,-1
201306NP72301,2,1,0,18,0,8,0,0,0,0,1,1,2,1,4,-1,-1,-1,7,1
201306P068720,1,9,0,18,0,8,0,0,0,0,3,1,6,3,-1,1984,1,6,-1,-1
201306P068720,2,9,0,7,0,5,0,0,0,0,4,1,6,1,6,1560,2,2,3,1
201306P069109,1,1,0,18,0,6,0,0,0,0,1,1,6,1,5,-1,-1,-1,3,1
201306P069109,2,9,0,5,0,8,0,0,0,0,1,1,2,1,5,-1,-1,-1,2,1
201306P069166,1,9,0,4,9,0,0,0,0,0,1,1,6,2,6,1196,1,16,1,1
201306P069178,1,9,0,18,0,8,0,0,0,0,1,1,6,1,7,-1,-1,-1,5,3
201306P069178,2,9,0,9,0,8,0,0,0,0,2,1,6,1,4,1587,1,8,7,1
201306P069179,1,9,0,5,0,1,0,0,0,0,1,1,6,1,6,998,1,13,1,1
201306P069179,2,3,0,18,0,5,0,0,0,0,1,1,6,1,4,124,1,2,3,1
201306P069197,1,5,0,18,0,0,0,10,7,0,2,1,6,1,6,599,1,13,9,1
201306P069197,2,5,0,18,0,0,0,10,7,0,1,1,6,1,6,599,1,21,-1,-1
201306P069240,1,9,0,7,0,2,1,0,0,0,1,1,6,2,5,1968,2,1,2,1
201306P069240,2,9,0,10,0,1,0,0,0,0,3,1,6,2,7,1595,1,4,-1,-1
201306P069270,1,9,0,9,0,5,0,0,0,0,1,1,6,1,7,1796,1,13,1,1
201306P069270,2,2,0,18,0,8,0,0,0,0,3,1,2,1,9,49,1,2,3,1
201306P069290,1,9,0,18,0,8,0,10,1,7,4,1,6,2,6,-1,-1,-1,1,1
201306P069290,2,9,0,18,0,8,0,0,0,0,1,1,2,1,5,1997,1,13,1,1
201306P069385,1,9,0,15,0,2,0,0,0,0,1,1,6,1,5,1968,2,9,1,1
201306P069385,2,9,0,7,0,6,0,0,0,0,1,1,6,1,8,-1,-1,-1,2,1
201306P069448,1,3,0,18,0,8,1,0,0,0,3,1,6,1,8,124,1,10,1,1
201306P069601,1,9,0,18,0,1,0,0,0,0,4,1,6,3,-1,-1,-1,-1,-1,-1
201306P069875,1,9,0,7,0,6,1,0,0,0,3,1,6,2,6,1360,1,2,8,1
201306P069875,2,9,0,18,0,8,1,0,0,0,1,1,6,2,6,1149,1,11,2,1
201306P070175,1,21,1,5,0,8,0,0,0,0,3,2,1,1,8,-1,-1,-1,-1,-1
201306P070175,2,9,0,14,0,8,1,0,0,0,4,1,2,1,7,1956,2,3,7,1
201306P070175,3,9,0,5,0,8,1,0,0,0,1,1,2,1,7,1796,1,10,3,1
201306P070175,4,9,0,2,0,1,0,0,0,0,3,1,6,1,6,1596,1,5,3,1
201306P070199,1,9,0,18,0,2,0,0,0,0,4,1,6,1,6,-1,-1,-1,-1,-1
201306P070199,2,1,0,18,0,2,0,0,0,0,1,1,6,1,5,-1,-1,-1,1,1
201306P070213,1,9,0,18,0,2,0,0,0,0,1,1,2,2,8,1242,1,3,-1,-1
201306P070242,1,8,0,18,0,0,0,0,0,0,4,1,6,3,-1,-1,-1,-1,-1,-1
201306P070334,1,9,0,18,0,1,0,0,0,0,1,1,6,3,-1,1596,1,13,-1,-1
201306P070334,2,9,0,18,0,1,0,0,0,0,2,1,6,1,8,-1,-1,-1,9,1
201306P070358,1,4,0,15,0,8,1,0,0,0,1,1,2,1,7,123,1,25,6,1
201306P070358,2,9,0,9,0,5,0,0,0,0,1,1,6,2,7,1997,2,12,8,1
201306P070378,1,8,0,9,0,8,0,0,0,0,1,1,6,1,7,1998,2,7,3,1
201306P070378,2,9,0,18,0,8,0,0,0,0,1,1,2,2,9,1242,1,3,-1,-1
201306P070472,1,9,0,4,0,0,2,10,1,2,1,1,6,2,7,1149,1,8,3,1
201306P070489,1,9,0,18,0,8,0,0,0,0,1,1,6,3,-1,-1,-1,-1,-1,-1
201306P070489,2,9,0,18,0,8,0,0,0,0,2,1,2,1,9,1783,1,12,2,1
201306P070489,3,9,0,9,0,8,0,0,0,0,3,1,2,1,10,-1,-1,-1,7,1
201306P070834,1,9,0,8,0,1,0,0,0,0,2,1,2,2,5,1753,2,12,1,1
201306P070834,2,9,0,18,0,1,0,0,0,0,1,1,6,1,6,1124,1,9,-1,-1
201306P070851,1,9,0,7,0,6,0,0,0,0,1,1,6,1,6,-1,-1,-1,-1,-1
201306P070851,2,9,0,18,0,8,0,0,0,0,4,1,6,2,6,1461,2,1,-1,-1
201306P070874,1,9,0,18,0,0,0,0,0,0,3,1,6,2,9,-1,-1,-1,9,1
201306P070909,1,9,0,17,0,0,0,0,0,0,3,1,6,3,5,-1,-1,-1,-1,-1
201306P071043,1,1,0,18,0,2,0,0,0,0,4,1,6,1,3,-1,-1,-1,1,1
201306P071043,2,9,0,16,0,2,0,0,0,0,1,1,6,1,7,1229,1,1,2,1
201306P071091,1,9,0,18,0,0,0,0,0,0,1,1,6,2,6,1994,2,10,1,1
201306P071091,2,9,0,3,0,0,0,0,0,0,2,1,2,1,8,1386,1,3,3,1
201306P071150,1,1,0,18,0,8,0,0,0,0,3,1,6,1,9,-1,-1,-1,-1,-1
201306P071150,2,9,0,18,0,8,0,0,0,0,4,1,1,2,8,1329,1,1,5,1
201306P071154,1,9,0,18,0,0,0,0,0,0,1,1,6,2,6,1390,1,3,4,1
201306P071185,1,9,0,18,0,0,1,0,2,0,1,1,6,1,5,1794,1,11,-1,-1
201306P071218,1,9,0,18,0,1,0,0,0,0,1,1,6,1,6,1242,1,1,1,1
201306P071327,1,9,0,4,0,8,0,0,0,0,1,1,6,1,8,1997,1,14,1,1
201306P071327,2,9,0,9,0,8,0,0,0,0,1,1,6,1,7,1968,2,6,1,1
201306P071391,1,9,0,5,0,4,0,0,0,0,1,1,6,2,8,1596,1,7,9,1
201306P071391,2,9,0,3,0,4,0,0,0,0,2,1,6,2,7,1240,1,9,2,1
201306P071481,1,9,0,18,0,8,0,0,0,0,1,1,6,1,7,998,1,7,7,1
201306P071481,2,4,0,9,0,8,0,0,0,0,4,1,6,1,7,498,1,13,2,1
201306P071530,1,9,0,18,0,0,0,0,0,0,1,1,6,1,11,1390,1,13,2,1
201306P071586,1,9,0,18,0,0,0,0,0,0,1,1,6,2,5,1686,2,11,2,1
201306P071586,2,8,0,18,0,0,0,0,0,0,2,1,1,1,7,1762,1,13,1,1
201306P071642,1,9,0,9,0,8,0,0,0,0,1,1,6,2,4,-1,-1,-1,8,3
201306P071642,2,9,0,18,0,8,0,0,0,0,1,1,6,1,6,1968,2,1,8,1
201306P071709,1,9,0,5,0,0,0,0,0,0,3,1,2,2,6,998,1,4,7,1
201306P071709,2,9,0,14,0,0,0,0,0,0,1,1,3,1,6,-1,-1,-1,4,1
201306P071726,1,11,0,18,0,8,0,0,0,0,1,1,1,1,8,7300,2,10,4,1
201306P071967,1,9,0,7,0,5,0,0,0,0,4,1,6,1,10,1497,1,10,5,1
201306P071967,2,1,0,18,0,8,0,0,0,0,1,1,6,2,5,-1,-1,-1,3,1
201306P072100,1,9,0,18,0,0,0,0,0,0,1,1,6,2,9,1998,1,19,1,1
201306P072100,2,9,0,18,0,0,0,0,0,0,2,1,6,1,7,1996,1,13,2,1
201306P072127,1,9,0,18,0,1,0,0,0,0,1,1,6,1,5,1389,1,14,1,1