Accident_Index,Vehicle_Reference,Vehicle_Type,Towing_and_Articulation,Vehicle_Manoeuvre,Vehicle_Location-Restricted_Lane,Junction_Location,Skidding_and_Overturning,Hit_Object_in_Carriageway,Vehicle_Leaving_Carriageway,Hit_Object_off_Carriageway,1st_Point_of_Impact,Was_Vehicle_Left_Hand_Drive?,Journey_Purpose_of_Driver,Sex_of_Driver,Age_Band_of_Driver,Engine_Capacity_(CC),Propulsion_Code,Age_of_Vehicle,Driver_IMD_Decile,Driver_Home_Area_Type
201306P072127,2,1,0,18,0,8,0,0,0,0,1,1,6,1,7,-1,-1,-1,3,1
201306P072211,1,9,0,18,0,2,0,0,0,0,4,1,6,1,6,1998,1,5,1,1
201306P072353,1,9,0,16,0,1,0,0,0,0,1,1,2,1,10,1560,2,3,4,1
201306P072361,1,9,0,18,0,0,0,0,0,0,1,1,2,1,10,2400,2,2,8,1
201306P072361,2,9,0,3,0,0,0,0,0,0,2,1,2,1,7,-1,-1,-1,8,1
201306P072361,3,9,0,3,0,0,0,0,0,0,2,1,6,1,7,1360,1,7,6,1
201306P072361,4,9,0,3,0,0,0,0,0,0,2,1,1,1,7,-1,-1,-1,2,1
201306P072361,5,9,0,10,0,0,0,0,0,0,2,1,6,1,9,1339,1,9,7,1
201306P072435,1,90,0,2,0,0,0,0,0,0,0,1,6,2,7,-1,-1,-1,-1,-1
201306P072435,2,4,0,15,0,0,0,0,0,0,1,1,6,1,5,125,1,1,3,1
201306P072439,1,9,0,18,0,0,0,0,0,0,4,1,6,1,5,-1,-1,-1,-1,-1
201306P072458,1,9,0,17,0,0,0,0,0,0,0,1,6,3,-1,-1,-1,-1,-1,-1
201306P072458,2,90,0,16,0,0,0,4,0,0,4,1,1,1,6,7146,2,2,-1,-1
201306P072458,3,8,0,4,0,0,0,0,0,0,3,1,1,1,6,1584,1,7,3,1
201306P072556,1,5,0,17,0,3,0,0,0,0,4,1,6,1,4,644,1,8,2,1
201306P072556,2,1,0,17,0,3,0,0,0,0,3,1,6,1,7,-1,-1,-1,4,1
201306P072558,1,9,0,4,0,0,0,0,0,0,1,1,6,1,6,1968,2,2,3,1
201306P072558,2,9,0,4,0,0,0,0,0,0,2,1,6,1,6,1149,1,10,5,1
201306P072558,3,9,0,4,0,0,0,0,0,0,2,1,6,1,6,1360,1,9,3,1
201306P072573,1,9,0,18,0,8,0,0,2,7,1,1,3,1,6,1896,2,11,-1,-1
201306P072573,2,9,0,18,0,8,0,0,0,0,1,1,3,2,6,1910,2,4,-1,-1
201306P072772,1,3,0,18,0,8,0,0,0,0,1,1,6,1,4,125,1,4,7,1
201306P072772,2,8,0,9,0,8,0,0,0,0,4,1,6,1,8,1461,2,4,-1,-1
201306P072789,1,9,0,18,0,1,0,0,0,0,1,1,6,2,4,1198,1,1,1,1
201306P072789,2,9,0,3,0,1,0,0,0,0,2,1,6,1,8,1997,2,7,4,1
201306P072856,1,9,0,18,0,0,0,0,0,0,1,1,1,2,6,999,1,1,10,1
201306P073076,1,9,0,9,0,8,0,0,0,0,1,1,6,2,6,1598,1,8,1,1
201306P073076,2,3,0,14,0,8,0,0,0,0,3,1,2,1,4,124,1,11,6,1
201306P073076,3,19,0,3,0,8,0,0,0,0,0,1,1,1,9,2298,2,1,4,1
201306P073157,1,9,0,18,0,0,0,0,0,0,1,1,6,1,7,1360,1,8,3,1
201306P073258,1,9,0,9,0,6,0,0,0,0,1,1,6,1,7,-1,-1,-1,-1,-1
201306P073258,2,9,0,18,0,8,0,0,0,0,1,1,6,2,6,1598,1,1,-1,-1
201306P073321,1,9,0,9,0,6,0,0,0,0,3,1,1,1,8,1598,1,9,3,1
201306P073321,2,4,0,18,0,1,0,0,0,0,1,1,1,1,7,498,1,13,-1,-1
201306P073328,1,9,0,9,0,8,0,0,0,0,1,1,6,1,8,2490,2,17,1,1
201306P073333,1,9,0,9,0,8,0,0,0,0,3,1,6,1,7,993,1,11,1,1
201306P073333,2,9,0,18,0,8,0,0,0,0,1,1,1,1,8,1794,1,11,2,1
201306P073344,1,8,0,6,0,0,0,0,0,0,2,1,1,1,7,1995,2,10,1,1
201306P073344,2,3,0,18,0,0,0,0,0,0,1,1,2,1,4,124,1,1,-1,-1
201306P073396,1,9,0,9,0,1,0,0,0,0,1,1,2,2,6,1995,2,3,5,1
201306P073396,2,9,0,18,0,1,0,0,0,0,4,1,2,2,4,1242,1,9,5,1
201306P073466,1,9,0,18,0,8,0,0,0,0,1,1,6,3,-1,-1,-1,-1,-1,-1
201306P073466,2,19,0,18,0,8,0,0,1,2,4,1,6,1,8,1248,2,8,6,1
201306P073545,1,11,0,18,0,0,0,0,0,0,0,1,1,2,8,4250,2,12,9,3
201306P073699,1,9,0,9,0,6,0,0,0,0,4,1,6,3,6,-1,-1,-1,-1,-1
201306P073699,2,1,0,18,0,8,0,0,0,0,1,1,1,1,5,-1,-1,-1,1,1
201306P073750,1,9,0,18,0,1,0,0,0,0,1,1,6,2,7,1686,2,11,6,2
201306P073750,2,9,0,5,0,1,0,0,1,0,3,1,1,1,8,1762,1,15,1,1
201306P074010,1,9,0,9,0,6,0,0,3,10,1,1,6,2,7,1398,2,11,2,1
201306P074010,2,9,0,2,0,2,0,0,0,0,2,1,6,2,4,1390,1,12,8,1
201306P074140,1,9,0,17,0,2,0,0,7,0,1,1,6,2,4,1995,1,8,3,1
201306P074140,2,9,0,18,0,1,0,0,0,0,1,1,6,1,10,1339,1,3,8,1
201306P074152,1,9,0,18,0,2,0,0,0,0,1,1,6,2,6,1398,1,12,-1,-1
201306P074180,1,9,0,9,0,1,0,0,0,0,1,1,6,1,6,1398,1,1,1,1
201306P074181,1,9,0,9,0,4,0,0,0,0,1,1,6,1,5,998,1,1,1,1
201306P074181,2,9,0,18,0,4,0,0,0,0,3,1,6,1,9,1991,2,5,6,1
201306P074200,1,8,0,9,0,6,0,0,0,0,3,1,6,1,6,1762,1,13,2,1
201306P074200,2,9,0,18,0,1,0,10,0,0,1,1,6,3,6,1956,2,2,9,2
201306P074253,1,11,0,4,0,0,0,0,0,0,0,1,1,1,7,2450,2,12,2,1
201306P074277,1,9,0,18,0,0,0,0,0,0,4,1,6,1,8,2000,2,2,6,1
201306P074420,1,9,0,9,0,6,0,0,0,0,1,1,6,1,11,1360,1,6,7,1
201306P074420,2,9,0,18,0,1,0,0,0,0,3,1,6,2,7,1398,1,11,6,1
201306P074420,3,19,0,18,0,1,0,0,0,0,3,1,1,1,8,-1,-1,-1,-1,-1
201306P074492,1,90,0,2,0,1,0,0,0,0,0,1,6,1,6,-1,-1,-1,-1,-1
201306P074492,2,9,0,5,0,1,0,0,0,0,0,1,1,2,6,1399,2,7,1,1
201306P074551,1,9,0,18,0,6,0,0,0,0,1,1,6,1,10,1397,1,5,4,1
201306P074551,2,9,0,18,0,8,0,0,0,0,1,1,6,1,9,1588,1,9,1,1
201306P074621,1,9,0,18,0,2,1,0,0,0,3,1,6,1,6,1242,1,4,5,1
201306P074628,1,9,0,18,0,8,0,0,0,0,1,1,6,2,9,998,1,6,1,1
201306P074628,2,9,0,18,0,8,0,0,0,0,4,1,6,1,8,3222,2,10,8,1
201306P074858,1,9,0,18,0,2,0,0,0,0,1,1,6,1,10,1398,1,1,8,1
201306P074913,1,9,0,18,0,0,0,0,0,0,1,1,6,2,9,1242,1,7,2,1
201306P074915,1,9,0,1,6,1,0,0,0,0,3,1,6,2,4,1296,1,7,8,2
201306P074915,2,5,0,18,0,1,2,0,0,0,1,1,6,1,4,498,1,7,3,1
201306P074917,1,9,0,16,0,3,5,10,0,0,3,1,6,3,-1,1149,1,11,-1,-1
201306P074918,1,9,0,4,0,8,0,0,0,0,0,1,3,3,-1,1242,1,5,-1,-1
201306P074918,2,9,0,18,0,8,0,0,0,0,4,1,1,2,7,1991,2,7,3,1
201306P074949,1,19,0,6,0,8,0,0,0,0,3,1,1,1,8,2198,2,1,4,1
201306P074949,2,2,0,18,0,8,0,0,0,0,1,1,6,1,5,49,1,10,4,1
201306P074977,1,9,0,18,0,8,0,0,0,0,4,1,6,2,6,1242,1,3,1,1
201306P074993,1,9,0,5,0,4,0,0,0,0,1,1,6,1,9,1997,1,14,9,1
201306P074993,2,90,0,18,0,3,0,0,0,0,3,1,6,2,9,-1,-1,-1,1,1
201306P075240,1,9,0,18,0,0,0,0,0,0,1,1,1,1,6,1497,1,11,2,1
201306P075240,2,9,0,10,0,0,0,0,0,0,1,1,6,2,8,1497,1,11,1,1
201306P075240,3,9,0,18,0,0,0,0,0,0,1,1,6,1,9,1497,1,10,1,1
201306P075240,4,9,0,2,0,0,0,0,0,0,3,1,6,3,-1,1598,1,7,7,1
201306P075240,5,9,0,18,0,0,0,0,0,0,1,1,6,2,9,1360,1,10,3,1
201306P075340,1,9,0,18,0,1,0,0,0,0,0,1,6,2,4,1242,1,-1,8,1
201306P075356,1,3,0,18,0,0,0,0,0,0,0,1,6,1,5,-1,-1,-1,3,1
201306P075386,1,9,0,18,0,8,0,0,0,0,1,1,6,1,5,1149,1,12,5,1
201306P075386,2,9,0,18,0,8,0,0,0,0,1,1,6,2,8,1560,2,-1,2,1
201306P075585,1,9,0,18,0,8,0,0,0,0,0,1,6,2,6,998,1,6,1,1
201306P075639,1,9,0,9,0,8,0,0,0,0,1,1,6,1,6,1242,1,3,2,1
201306P075639,2,1,0,18,0,8,0,0,0,0,3,1,6,1,9,-1,-1,-1,-1,-1
201306P075720,1,9,0,18,0,6,0,0,0,0,3,1,6,1,6,1396,1,9,5,1
201306P075720,2,8,0,18,0,8,0,0,0,0,1,1,1,1,6,1995,2,10,2,1
201306P075763,1,9,0,18,0,8,0,0,0,0,1,1,6,2,7,-1,-1,-1,2,1
201306P075763,2,9,0,4,0,8,0,0,0,0,2,1,6,2,6,-1,-1,-1,6,1
201306P075873,1,90,0,5,0,0,0,0,0,0,1,1,6,1,8,-1,-1,-1,4,1
201306P075873,2,1,0,18,0,0,0,0,0,0,3,1,6,1,7,-1,-1,-1,6,1
201306P075879,1,9,0,18,0,0,0,0,0,0,4,1,6,1,9,998,1,-1,3,1
201306P076008,1,9,0,7,0,6,0,0,0,0,1,1,6,1,6,1124,1,8,-1,-1
201306P076008,2,1,0,18,0,8,0,0,0,0,4,1,6,1,6,-1,-1,-1,2,1
201306P076086,1,9,0,18,0,8,0,0,0,0,1,1,6,1,6,-1,-1,-1,-1,-1
201306P076113,1,9,0,9,0,8,0,0,0,0,1,1,6,1,6,1988,1,12,1,1
201306P076113,2,9,0,18,0,8,0,0,0,0,3,1,6,1,5,-1,-1,-1,3,1
201306P076113,3,9,0,2,0,2,0,0,0,0,2,1,6,3,-1,1386,1,3,6,1
201306P076229,1,19,0,11,0,1,5,0,2,10,1,1,6,1,6,2151,2,11,2,1
201306P076236,1,5,0,18,0,8,0,0,0,0,1,1,6,1,5,-1,-1,-1,2,1
201306P076236,2,9,0,9,0,8,0,0,0,0,3,1,2,1,7,1360,1,11,1,1
201306P076272,1,19,0,9,0,6,0,0,3,10,1,1,6,1,5,2460,2,5,1,1
201306P076272,2,9,0,18,0,8,0,0,0,0,0,1,1,1,6,1984,1,1,-1,-1
201306P076284,1,9,0,18,0,1,0,0,0,0,1,1,3,1,9,1560,2,2,2,1
201306P076284,2,9,0,6,0,6,0,0,0,0,1,1,3,2,9,1599,1,8,1,1
201306P076289,1,9,0,16,0,0,1,0,7,2,1,1,6,2,6,1781,1,11,8,1
201306P076289,2,9,0,2,9,0,0,0,0,0,4,1,6,3,-1,1598,2,-1,-1,-1
201306P076289,3,9,0,2,9,0,0,0,0,0,2,1,6,3,-1,1229,1,4,-1,-1
201306P076363,1,10,0,9,0,8,0,0,0,0,1,1,1,1,6,-1,-1,-1,-1,-1
201306P076363,2,9,0,18,0,8,0,0,0,0,1,1,6,1,5,1248,2,1,1,1
201306P076509,1,9,0,18,0,1,0,0,0,0,1,1,6,2,5,1986,2,8,6,1
201306P076509,2,9,0,18,0,1,0,0,0,0,1,1,6,1,6,2967,2,1,6,1
201306P076509,3,9,0,3,0,1,0,0,0,0,2,1,6,1,10,1995,2,7,8,1
201306P076637,1,9,0,18,0,1,0,0,0,0,4,1,6,1,9,-1,-1,-1,-1,-1
201306P076718,1,1,0,18,0,8,0,0,0,0,1,1,6,1,2,-1,-1,-1,3,1
201306P076718,2,9,0,18,0,8,0,0,0,0,4,1,6,1,9,1997,2,-1,3,1
201306P076802,1,9,0,18,0,8,5,0,7,0,4,1,1,1,6,799,2,4,3,1
201306P076802,2,9,0,18,0,8,0,0,0,0,1,1,6,2,7,1399,2,2,7,1
201306P076802,3,9,0,2,9,1,0,0,0,0,2,1,6,3,7,1349,1,1,3,1
201306P076812,1,9,0,5,0,8,0,0,0,0,1,1,6,1,7,1598,1,5,1,1
201306P076812,2,9,0,18,0,8,0,7,5,0,4,1,6,1,6,1896,2,9,-1,-1
201306P076816,1,9,0,9,0,6,0,0,0,0,1,1,6,1,7,1984,1,13,1,1
201306P076816,2,9,0,18,0,8,0,0,0,0,1,1,1,2,8,1796,1,6,8,1
201306P076922,1,9,0,7,0,3,0,0,0,0,1,1,6,1,8,1388,1,8,1,1
201306P076989,1,9,0,4,0,1,1,0,0,0,1,1,1,2,8,1149,1,7,3,1
201306P076989,2,9,0,4,0,1,0,0,0,0,2,1,1,2,8,1368,1,7,2,1
201306P076989,3,9,0,3,0,1,0,0,0,0,2,1,1,1,7,1560,2,-1,6,1
201306P077010,1,9,0,6,0,8,0,0,0,0,1,1,6,1,4,1390,1,-1,2,1
201306P077010,2,9,0,18,0,8,0,0,0,0,1,1,6,1,6,1896,2,6,2,1
201306P077021,1,9,0,5,0,0,0,0,0,0,1,1,6,1,6,1798,1,12,1,1
201306P077021,2,9,0,3,0,0,0,0,0,0,2,1,6,2,8,1598,1,-1,9,1
201306P077072,1,9,0,9,0,5,0,0,0,0,1,1,6,1,5,1997,2,10,2,1
201306P077072,2,9,0,18,0,8,0,0,0,0,1,1,6,1,6,-1,-1,-1,1,1
201306P077118,1,9,0,16,0,0,0,0,0,0,1,1,6,1,5,1896,2,10,1,1
201306P077118,2,9,0,17,0,0,0,0,0,0,1,1,6,1,7,1997,2,7,4,1
201306P077136,1,9,0,18,0,1,0,0,0,0,1,1,1,1,7,-1,-1,-1,1,1
201306P077136,2,9,0,3,0,8,0,0,0,0,2,1,2,2,7,998,1,3,3,1
201306P077136,3,9,0,3,0,8,0,0,0,0,2,1,6,1,10,1596,1,7,3,1
201306P077136,4,9,0,3,0,8,0,0,0,0,2,1,6,1,8,1596,1,11,3,1
201306P077136,5,9,0,3,0,8,0,0,0,0,2,1,6,2,8,1598,1,1,6,1
201306P077228,1,9,0,9,0,5,0,0,0,0,3,1,6,1,9,2231,2,1,2,1
201306P077382,1,9,0,18,0,8,0,0,0,0,4,1,1,1,5,1598,2,2,3,1
201306P077382,2,9,0,7,0,8,0,0,0,0,1,1,1,1,11,1242,1,-1,-1,-1
201306P077401,1,9,0,9,0,6,0,0,0,0,3,1,6,2,7,1398,2,11,5,3
201306P077401,2,9,0,18,0,8,0,0,0,0,1,1,6,1,6,1968,2,-1,2,1
201306P077414,1,9,0,18,9,0,0,0,2,10,4,1,6,2,9,3311,8,7,6,1
201306P077514,1,4,0,18,0,4,0,0,0,0,3,1,6,1,4,125,1,2,2,1
201306P077514,2,9,0,9,0,3,0,0,0,0,1,1,6,1,9,1596,1,10,-1,-1
201306P077582,1,9,0,18,0,1,1,4,0,0,1,1,1,1,7,-1,-1,-1,5,1
201306P077582,2,9,0,2,0,1,0,4,0,0,2,1,6,3,-1,1296,1,6,-1,-1
201306P077582,3,9,0,2,0,1,0,0,0,0,1,1,6,3,-1,-1,-1,-1,-1,-1
201306P077680,1,9,0,18,0,2,0,0,0,0,1,1,6,1,9,1497,8,8,3,1
201306P077680,2,8,0,18,0,2,0,0,0,0,2,1,6,1,8,-1,-1,-1,1,1
201306P077695,1,9,0,18,0,8,0,0,0,0,1,1,6,1,7,1061,1,8,5,3
201306P077695,2,1,0,10,0,8,0,0,0,0,2,1,6,1,9,-1,-1,-1,9,1
201306P077782,1,9,0,7,0,1,0,0,0,0,1,1,6,1,9,1968,2,9,-1,-1
201306P077782,2,9,0,18,0,1,0,0,0,0,1,1,6,2,9,1242,1,8,-1,-1
201306P077806,1,4,0,18,0,1,0,0,0,0,1,1,6,1,6,249,1,1,-1,-1
201306P077806,2,9,0,9,0,8,0,0,0,0,3,1,1,1,9,1762,1,13,1,1
201306P077807,1,9,0,1,0,2,0,0,0,0,0,1,3,2,6,-1,-1,-1,2,1
201306P077818,1,9,0,7,0,8,0,0,0,0,4,1,6,2,6,-1,-1,-1,7,1
201306P077818,2,5,0,18,0,8,0,0,0,0,3,1,6,1,8,659,1,6,8,1
201306P077827,1,9,0,9,0,8,0,0,0,0,3,1,6,1,6,-1,-1,-1,-1,-1
201306P077827,2,3,0,18,0,8,0,0,0,0,1,1,1,1,4,-1,-1,-1,9,1
201306P077844,1,9,0,16,0,2,1,0,0,0,1,1,6,2,6,998,1,7,4,1
201306P077844,2,9,0,3,0,1,0,0,0,0,1,1,6,2,6,1386,1,1,-1,-1
201306P077846,1,9,0,16,0,0,0,0,0,0,3,1,6,1,6,-1,-1,-1,-1,-1
201306P077846,2,2,0,17,0,0,0,0,0,0,3,1,6,1,4,49,1,6,1,1
201306P077880,1,9,0,18,0,0,0,0,0,0,1,1,6,3,-1,4394,1,8,-1,-1
201306P077880,2,9,0,18,0,0,0,0,0,0,1,1,1,1,7,2993,2,-1,6,1
201306P077880,3,9,0,18,0,0,0,0,0,0,0,1,1,1,8,-1,-1,-1,-1,-1
201306P077887,1,9,0,9,0,1,0,0,0,0,1,1,6,2,8,1598,1,-1,-1,-1
201306P077887,2,5,0,18,0,1,0,0,0,0,1,1,6,1,8,1200,1,15,4,1
201306P077905,1,9,0,1,0,0,0,0,0,0,0,1,6,1,7,2231,2,7,2,1
201306P077949,1,9,0,4,0,1,0,0,0,0,1,1,6,1,8,-1,-1,-1,7,1
201306P077949,2,8,0,3,0,1,0,0,0,0,2,1,1,1,8,1598,1,7,2,1
201306P077984,1,9,0,18,0,0,0,0,0,0,4,1,1,2,8,-1,-1,-1,2,1
201306P077995,1,9,0,5,0,0,0,0,0,0,3,1,6,1,6,-1,-1,-1,-1,-1
201306P078211,1,9,0,7,0,1,1,0,0,0,1,1,6,2,4,1339,1,-1,1,1
201306P078211,2,9,0,18,0,8,0,0,0,0,1,1,6,2,6,1242,1,10,8,1
201306P078214,1,9,0,17,0,0,2,0,1,0,0,1,6,1,8,1968,2,9,7,1
201306P078245,1,9,0,18,0,8,0,0,0,0,1,1,6,3,-1,-1,-1,-1,-1,-1
201306P078245,2,9,0,18,0,8,0,0,0,0,1,1,6,1,6,1493,1,18,1,1
201306P078245,3,9,0,12,0,8,0,0,0,0,2,1,6,2,6,1396,1,9,-1,-1
201306P078265,1,9,0,17,0,0,0,0,0,0,1,1,6,1,7,-1,-1,-1,-1,-1
201306P078265,2,17,0,6,0,0,0,0,0,0,3,1,6,1,5,-1,2,16,-1,-1
201306P078438,1,9,0,9,0,5,0,0,0,0,1,1,6,2,7,-1,-1,-1,1,1
201306P078438,2,9,0,18,0,8,0,0,0,0,1,1,6,2,6,998,1,12,1,1
201306P078556,1,9,0,18,0,0,0,0,0,0,4,1,6,1,6,1124,1,13,1,1
201306P078668,1,9,0,9,0,6,0,0,0,0,3,1,6,1,5,-1,-1,-1,1,1
201306P078674,1,11,0,18,0,8,0,0,0,0,0,1,1,1,5,5883,2,11,1,1
201306P078734,1,9,0,14,0,1,0,0,0,0,4,1,2,1,8,1590,1,8,6,1
201306P078804,1,11,0,18,0,4,0,0,0,0,4,2,1,1,8,9360,2,5,1,1
201306P078804,2,9,0,18,0,4,0,0,0,0,3,1,2,2,7,1997,1,6,3,1
201306P078809,1,9,0,9,0,6,0,0,0,0,3,1,1,1,6,1797,8,-1,4,1
201306P078887,1,9,0,18,0,0,0,0,0,2,2,1,6,2,10,1997,2,8,5,1
201306P078966,1,9,0,18,0,8,0,0,0,0,4,1,6,2,6,1497,1,12,1,1
201306P078966,2,9,0,18,0,8,0,0,0,0,1,1,6,2,6,-1,-1,-1,6,1
201306P079018,1,9,0,18,0,0,0,0,0,0,1,1,6,1,9,1598,1,15,1,1
201306P079018,2,9,0,18,0,0,0,0,0,0,2,1,6,1,8,-1,-1,-1,2,1
201306P079018,3,9,0,6,0,0,0,0,0,0,0,1,6,3,-1,-1,-1,-1,-1,-1
201306P079025,1,9,0,18,0,8,0,0,0,0,1,1,6,1,7,1896,2,10,2,1
201306P079025,2,1,0,18,0,8,0,0,0,0,1,1,6,1,9,-1,-1,-1,4,1
201306P079088,1,4,0,18,0,8,0,10,0,0,1,1,6,1,4,600,1,12,1,1
201306P079155,1,9,0,5,0,6,0,0,3,4,1,1,6,2,10,1598,1,5,4,1
201306P079155,2,9,0,18,0,8,0,0,0,0,4,1,6,1,9,1582,2,-1,8,1
201306P079171,1,9,0,1,0,0,0,0,0,0,2,1,1,1,6,2993,2,6,2,1
201306P079178,1,9,0,4,0,6,0,0,0,0,1,1,6,1,6,-1,-1,-1,-1,-1
201306P079178,2,9,0,18,0,8,0,0,0,0,4,1,6,1,6,1910,2,7,2,1
201306P079193,1,9,0,18,0,1,0,0,0,0,1,1,6,2,7,999,1,5,1,1
201306P079239,1,9,0,9,0,5,0,0,0,0,1,1,6,1,7,1242,1,10,3,1
201306P079248,1,9,0,9,0,2,0,0,0,0,1,1,6,1,7,998,1,11,-1,-1
201306P079248,2,19,0,18,0,2,0,0,0,0,1,1,6,2,9,1896,2,11,8,1
201306P079311,1,9,0,9,0,2,0,0,0,0,4,1,6,1,7,1998,1,12,5,1
201306P079311,2,5,0,18,0,2,5,0,0,0,1,1,2,1,7,598,1,29,3,1
201306P079392,1,8,0,1,0,1,0,0,0,0,2,1,1,1,6,1587,1,15,-1,-1
201306P079411,1,20,0,18,0,1,0,0,0,0,1,1,6,1,7,-1,-1,-1,1,1
201306P079411,2,9,0,18,0,1,0,0,0,0,2,1,6,1,8,-1,-1,-1,-1,-1
201306P079463,1,9,0,13,0,0,0,0,1,1,4,1,6,1,8,2993,2,4,9,1
201306P079463,2,9,0,13,0,0,0,0,1,0,3,1,6,2,7,1968,2,4,9,1
201306P079463,3,19,0,18,0,0,0,0,0,0,3,1,6,1,8,2461,2,8,2,1
201306P079490,1,9,0,2,0,1,0,0,1,0,4,1,1,1,8,-1,-1,-1,1,1
201306P079490,2,9,0,18,9,1,0,4,0,0,3,1,6,3,-1,-1,-1,-1,-1,-1
201306P079532,1,9,0,18,0,0,0,0,0,0,4,1,1,2,6,2188,2,8,3,1
201306P079534,1,11,0,18,0,8,0,0,0,0,1,1,1,1,7,4462,2,3,1,1
201306P079534,2,9,0,18,0,8,0,0,0,0,1,1,1,1,6,1997,2,8,1,1
201306P079573,1,9,0,1,0,0,0,0,0,0,2,1,6,1,10,2099,1,10,4,1
201306P079586,1,9,0,18,0,8,0,0,0,0,1,1,6,1,6,2902,2,11,5,1
201306P079586,2,9,0,18,0,8,0,0,0,0,3,1,3,1,6,1229,1,5,2,1
201306P079639,1,9,0,9,0,8,0,0,0,0,1,1,2,1,8,2198,1,12,6,1
201306P079715,1,9,0,18,0,8,0,0,0,0,4,1,6,2,6,1360,1,9,1,1
201306P079715,2,9,0,18,0,8,0,0,0,0,3,1,6,2,7,1560,2,4,2,1
201306P079735,1,9,0,18,9,0,0,0,1,0,4,1,6,2,8,1398,1,2,3,1
201306P079800,1,5,0,18,0,0,0,7,0,0,3,1,6,2,6,599,1,11,1,1
201306P079811,1,9,0,18,0,0,0,0,0,0,1,1,6,1,10,2967,1,10,-1,-1
201306P079861,1,8,0,9,0,8,0,0,0,0,3,1,6,1,6,1896,2,5,2,1
201306P079861,2,4,0,18,0,8,0,0,0,0,1,1,6,1,4,124,1,15,2,1
201306P079892,1,9,0,18,0,1,0,0,0,0,3,1,6,2,7,1399,1,8,2,1
201306P079910,1,20,0,18,0,0,0,0,0,0,1,1,1,1,8,5861,2,12,-1,-1
201306P079910,2,9,0,4,0,0,0,0,0,0,2,1,6,1,6,1995,2,12,1,1
201306P079917,1,9,0,18,0,2,0,0,0,0,1,1,6,2,6,1242,1,7,-1,-1
201306P080063,1,90,0,18,0,0,0,0,0,0,4,1,1,1,7,-1,-1,-1,1,1
201306P080130,1,9,0,18,0,0,0,0,0,0,2,1,6,1,8,2996,2,15,2,1
201306P080130,2,9,0,18,0,0,0,0,0,0,1,1,6,2,8,-1,-1,-1,4,3
201306P080175,1,9,0,16,0,0,0,0,0,0,3,1,1,1,5,2521,1,3,6,1
201306P080175,2,9,0,17,0,0,0,0,0,0,3,1,6,2,8,1199,2,2,8,1
201306P080201,1,3,0,18,0,8,0,0,0,0,1,1,2,1,4,125,1,3,3,1
201306P080201,2,9,0,10,0,8,0,0,0,0,0,1,6,1,7,1560,2,6,3,1
201306P080201,3,9,0,18,0,8,0,0,0,0,0,1,6,3,6,-1,-1,-1,-1,-1
201306P080201,4,9,0,18,0,8,0,0,0,0,0,1,6,3,6,-1,-1,-1,-1,-1
201306P080202,1,9,0,12,2,6,0,0,0,0,1,1,1,1,9,1796,1,14,5,1
201306P080271,1,9,0,18,0,4,0,0,0,0,1,1,6,3,-1,-1,-1,-1,-1,-1
201306P080271,2,9,0,18,0,3,0,0,0,0,4,1,6,2,8,1248,1,2,4,1
201306P080327,1,19,0,15,0,0,0,0,1,0,1,1,6,1,5,1870,2,10,-1,-1
201306P080327,2,9,0,3,0,0,0,0,0,0,2,1,2,2,6,1360,1,3,1,1
201306P080327,3,9,0,3,0,0,0,0,0,0,2,1,1,1,6,1762,1,13,1,1
201306P080329,1,9,0,18,0,0,0,0,0,0,1,1,6,1,10,1896,2,10,4,1
201306P080331,1,9,0,18,0,8,0,0,7,7,3,1,6,1,5,1796,1,8,9,1
201306P080331,2,8,0,9,0,8,0,0,0,0,4,1,1,1,7,1896,2,10,1,1
201306P080378,1,9,0,18,0,0,0,0,0,0,0,1,6,3,6,-1,-1,-1,-1,-1
201306P080378,2,9,0,18,0,0,0,0,0,0,0,1,6,3,6,-1,-1,-1,-1,-1
201306P080378,3,3,0,18,0,0,0,0,0,0,0,1,6,1,5,125,1,12,-1,-1
201306P080391,1,9,0,16,0,1,0,0,0,0,1,1,6,1,7,1796,1,10,8,1
201306P080391,2,9,0,17,0,1,0,0,0,0,1,1,6,1,10,1598,1,12,7,1
201306P080458,1,9,0,9,0,1,0,0,0,0,1,1,6,1,6,1396,1,9,-1,-1
201306P080516,1,9,0,18,0,1,0,0,0,0,4,1,6,1,6,2993,2,8,4,1
201306P080574,1,9,0,9,0,5,0,0,0,0,0,1,6,2,6,1796,1,1,4,1
201306P080579,1,9,0,18,0,0,0,0,0,0,1,1,6,2,9,2148,2,7,7,1
201306P080579,2,9,0,4,0,0,0,0,0,0,3,1,6,1,6,1910,2,5,2,1
201306P080617,1,9,0,16,0,1,0,0,0,0,4,1,6,1,11,1794,1,10,4,1
201306P080617,2,2,0,17,0,2,0,0,0,0,4,1,6,1,4,-1,-1,-1,4,1
201306P080620,1,9,0,9,0,8,0,0,0,0,1,1,6,1,6,-1,-1,-1,1,1
201306P080620,2,9,0,18,0,8,0,0,0,0,2,1,6,1,7,1598,1,5,3,1
201306P080620,3,9,0,9,0,8,0,0,0,0,2,1,6,1,8,1796,1,11,2,1
201306P080710,1,9,0,9,0,8,0,0,0,0,1,1,6,1,8,1248,2,7,3,1
201306P080710,2,9,0,18,0,8,0,0,0,0,1,1,2,1,6,1938,2,8,1,1