Accident_Index,Vehicle_Reference,Vehicle_Type,Towing_and_Articulation,Vehicle_Manoeuvre,Vehicle_Location-Restricted_Lane,Junction_Location,Skidding_and_Overturning,Hit_Object_in_Carriageway,Vehicle_Leaving_Carriageway,Hit_Object_off_Carriageway,1st_Point_of_Impact,Was_Vehicle_Left_Hand_Drive?,Journey_Purpose_of_Driver,Sex_of_Driver,Age_Band_of_Driver,Engine_Capacity_(CC),Propulsion_Code,Age_of_Vehicle,Driver_IMD_Decile,Driver_Home_Area_Type
2013070053257,1,9,0,18,0,4,0,0,0,0,1,1,1,1,6,1995,2,12,1,1
2013070053257,2,1,0,18,0,8,0,0,0,0,3,1,6,1,6,-1,-1,-1,8,1
2013070053346,1,21,1,18,0,0,0,0,0,0,3,1,1,1,7,10308,2,1,8,1
2013070053346,2,9,0,13,0,0,1,0,0,0,2,1,6,2,7,1597,1,17,7,1
2013070053346,3,9,0,18,0,0,1,0,0,0,1,1,2,1,6,2198,2,7,3,1
2013070053776,1,9,0,16,0,0,1,0,1,10,1,1,2,1,6,1242,1,7,10,1
2013070054767,1,9,0,17,0,0,0,7,0,2,1,1,6,2,11,1360,1,11,8,2
2013070055224,1,9,0,9,0,0,0,4,0,0,1,1,6,2,5,1599,1,11,8,1
2013070055224,2,9,0,2,0,0,0,0,0,0,1,1,6,1,9,1686,2,19,8,1
2013070055298,1,9,0,16,0,0,0,0,0,0,1,1,6,1,4,1124,1,8,10,1
2013070055298,2,9,0,17,0,0,0,0,0,0,1,1,6,1,10,1124,1,7,10,2
2013070055529,1,9,0,18,0,1,0,0,0,0,1,1,6,2,8,-1,-1,-1,5,1
2013070055529,2,9,0,18,0,1,0,0,0,0,1,1,6,2,7,1995,2,12,4,1
2013070055697,1,9,0,9,0,2,0,0,0,0,1,1,6,3,-1,1598,1,4,-1,-1
2013070055697,2,9,0,18,0,8,0,0,0,0,2,1,6,2,8,1198,1,9,2,1
2013070055770,1,1,0,18,0,1,0,0,0,0,1,1,6,1,6,-1,-1,-1,10,2
2013070055770,2,9,0,3,0,1,0,0,0,0,2,1,6,2,6,2231,2,7,8,2
2013070055780,1,9,5,9,0,6,0,0,0,0,0,1,6,1,8,2495,2,9,8,1
2013070055780,2,9,5,9,0,6,0,0,0,0,0,1,6,2,8,1985,1,11,8,1
2013070055780,3,5,0,18,0,1,0,0,0,0,1,1,6,1,8,929,1,13,6,1
2013070055941,1,19,0,18,0,6,0,0,0,0,1,1,6,1,8,-1,-1,-1,2,1
2013070055941,2,1,0,18,0,8,0,0,0,0,4,1,2,1,7,-1,-1,-1,8,1
2013070055996,1,9,0,16,0,0,2,0,0,0,1,1,6,1,5,-1,-1,-1,6,3
2013070056291,1,3,0,18,0,1,0,0,0,0,0,1,6,1,4,124,1,6,4,1
2013070056291,2,9,0,18,0,1,0,0,0,0,0,1,6,3,-1,-1,-1,-1,-1,-1
2013070056551,1,19,0,4,0,0,0,0,0,0,2,1,6,1,9,-1,-1,-1,9,1
2013070056551,2,9,0,4,0,0,0,0,0,0,1,1,6,2,5,1242,1,1,9,2
2013070056744,1,9,0,18,0,1,0,0,0,0,3,1,6,3,-1,-1,-1,-1,-1,-1
2013070056744,2,9,0,18,0,2,0,0,0,0,3,1,2,2,11,1398,2,4,6,1
2013070056744,3,9,0,18,0,1,0,0,0,0,3,1,6,2,4,1896,2,8,2,1
2013070056744,4,9,0,2,0,1,0,0,0,0,3,1,6,2,5,1590,1,12,3,1
2013070056744,5,9,0,2,0,1,0,0,0,0,3,1,6,2,9,1240,1,9,5,1
2013070056755,1,9,0,18,0,1,0,0,0,0,1,1,2,2,4,1229,1,4,10,1
2013070056873,1,9,0,9,0,8,0,0,0,0,3,1,6,1,6,2521,1,7,1,1
2013070056873,2,9,0,18,0,8,0,0,0,0,1,1,6,1,6,1997,2,5,6,1
2013070056899,1,9,0,9,0,8,0,0,0,0,3,1,6,2,10,1299,1,13,1,1
2013070056899,2,1,0,18,0,8,0,0,0,0,1,1,6,1,8,-1,-1,-1,2,1
2013070056916,1,1,0,18,0,8,1,0,0,0,3,1,6,1,4,-1,-1,-1,3,1
2013070056916,2,9,0,18,0,8,0,0,0,0,1,1,6,1,7,2521,1,6,2,1
2013070057156,1,9,0,17,0,0,0,0,1,4,1,1,6,2,6,1995,2,6,7,1
2013070057500,1,9,0,18,0,4,0,0,0,0,3,1,6,1,10,1242,1,10,4,1
2013070057500,2,1,0,18,0,8,0,0,0,0,1,1,6,1,7,-1,-1,-1,2,1
2013070057510,1,9,0,18,0,1,0,0,0,0,1,1,6,1,6,1596,1,10,8,1
2013070057510,2,9,0,18,0,1,0,0,0,0,2,1,6,1,7,2198,1,10,8,3
2013070057510,3,9,0,18,0,1,0,0,0,0,1,1,6,2,7,1229,1,4,10,1
2013070057525,1,2,0,15,0,1,2,0,0,0,3,1,6,2,4,49,1,7,7,1
2013070057525,2,9,0,7,0,5,1,0,0,0,4,1,6,1,7,2926,2,11,3,1
2013070057525,3,9,0,8,0,1,1,0,0,0,3,1,6,1,11,1560,2,3,6,2
2013070057534,1,9,0,18,0,8,0,0,0,0,1,1,6,1,5,1242,1,5,-1,1
2013070057534,2,9,0,18,0,8,0,0,0,0,4,1,6,2,4,1229,1,6,7,2
2013070057604,1,9,0,4,0,0,0,0,0,0,2,1,6,1,-1,1997,2,1,-1,-1
2013070057604,2,9,0,18,0,0,0,0,0,0,1,1,6,1,6,1995,2,5,9,1
2013070057604,3,9,0,11,0,0,0,0,0,0,3,1,6,1,6,1591,1,4,9,1
2013070057609,1,9,0,18,0,8,0,0,0,0,1,1,6,3,-1,1896,2,7,-1,-1
2013070057617,1,19,0,9,0,8,0,0,0,0,1,1,6,1,11,2496,2,14,3,1
2013070057617,2,9,0,18,0,1,0,0,0,0,1,1,6,2,9,1396,1,3,6,1
2013070057621,1,10,0,9,0,0,0,0,0,0,4,1,6,1,9,-1,-1,-1,4,1
2013070057621,2,4,0,18,0,0,1,0,0,0,1,1,6,1,9,398,1,15,4,1
2013070057621,3,9,0,18,0,0,0,0,0,0,3,1,6,2,6,1896,2,11,7,1
2013070057694,1,9,0,15,0,0,5,0,1,4,2,1,6,1,8,2979,1,13,6,1
2013070057694,2,9,0,15,0,0,0,0,0,0,1,1,6,1,6,1388,1,6,-1,-1
2013070057778,1,9,0,7,0,2,0,0,0,0,1,1,6,2,8,1596,1,6,10,1
2013070057778,2,1,0,18,0,1,0,0,0,0,1,1,6,1,8,-1,-1,-1,10,1
2013070057849,1,9,0,18,0,0,1,0,1,10,1,1,6,1,9,2480,1,2,10,1
2013070057986,1,19,0,9,0,0,0,0,0,0,3,1,6,1,6,2496,2,14,7,3
2013070057986,2,9,0,13,0,0,0,0,7,10,4,1,6,2,10,1461,2,5,6,1
2013070058209,1,9,0,13,0,1,0,0,0,0,4,1,6,3,-1,-1,-1,-1,-1,-1
2013070058209,2,3,0,7,0,1,0,0,0,0,3,1,6,1,4,124,1,2,5,1
2013070058571,1,9,0,17,0,0,1,0,0,4,1,1,6,1,11,1242,1,11,10,1
2013070058754,1,9,0,18,0,0,0,0,0,0,1,1,6,2,6,1587,1,10,5,1
2013070058994,1,9,0,18,0,0,1,0,0,7,1,1,6,1,5,1598,1,12,1,1
2013070059317,1,9,0,18,0,0,2,0,7,4,4,1,6,1,5,1248,2,9,9,2
2013070059356,1,9,0,9,0,8,0,0,0,0,1,1,6,2,4,1599,1,7,7,3
2013070059356,2,5,0,18,0,8,0,0,0,0,1,1,1,1,9,675,1,2,10,1
2013070059865,1,9,0,18,0,0,0,0,0,0,1,1,2,1,6,998,1,5,9,1
2013070059911,1,9,0,18,0,1,0,4,0,0,4,1,6,3,-1,-1,-1,-1,-1,-1
2013070059911,2,19,0,2,0,1,0,0,0,0,3,1,1,1,5,-1,-1,-1,2,1
2013070060343,1,9,0,17,0,0,1,0,2,10,4,1,6,2,4,998,1,5,8,3
2013070060375,1,9,0,18,0,1,1,0,0,0,1,1,1,1,6,1781,1,10,9,1
2013070060833,1,9,0,9,0,5,0,0,0,0,2,1,1,1,5,1149,1,5,10,1
2013070060833,2,1,0,18,0,8,0,0,0,0,1,1,2,1,7,-1,-1,-1,2,1
2013070060842,1,9,0,18,0,0,1,0,0,0,1,1,6,2,5,1598,1,3,8,1
2013070060842,2,9,0,4,0,0,0,0,0,0,2,1,6,2,9,998,1,13,2,1
2013070060842,3,9,0,4,0,0,0,0,0,0,2,2,6,1,8,1998,2,10,-1,3
2013070060850,1,9,0,9,0,5,0,0,0,0,1,1,6,1,4,973,1,12,9,1
2013070060850,2,1,0,18,0,8,0,0,1,0,1,1,6,1,6,-1,-1,-1,7,3
2013070060851,1,9,0,7,0,0,0,0,0,0,0,1,6,3,-1,-1,-1,-1,-1,-1
2013070060851,2,9,0,18,0,0,0,0,0,0,3,1,2,1,6,1086,1,5,4,1
2013070060851,3,9,0,18,0,0,0,0,0,0,1,1,2,1,6,1398,1,12,10,2
2013070060851,4,9,0,18,0,0,0,0,0,0,3,1,2,2,9,1995,2,3,9,3
2013070060940,1,9,0,18,0,8,0,0,0,0,1,1,6,1,10,1595,2,3,-1,1
2013070060940,2,9,0,18,0,8,0,0,0,0,2,1,6,1,7,1968,2,4,8,1
2013070061038,1,2,0,18,0,1,0,0,0,0,1,1,6,1,7,49,1,4,6,1
2013070061038,2,9,0,3,0,2,0,0,0,0,2,1,6,1,7,1968,2,6,8,3
2013070061051,1,9,0,17,0,0,2,0,1,0,4,1,6,1,5,1399,2,5,2,1
2013070061258,1,9,0,16,0,0,2,0,2,10,1,1,2,1,5,1149,1,11,8,3
2013070061347,1,8,0,5,0,0,0,0,0,0,0,1,1,1,8,1910,2,9,2,1
2013070061349,1,9,0,9,0,5,0,0,0,0,1,1,3,2,6,1910,2,7,7,1
2013070061389,1,-1,-1,-1,-1,-1,-1,0,-1,0,-1,1,6,3,-1,-1,-1,-1,-1,-1
2013070061463,1,21,0,18,0,0,0,4,0,0,1,1,1,1,9,-1,-1,-1,4,1
2013070061463,2,9,0,2,0,0,0,0,0,0,2,1,6,2,5,1299,1,13,-1,-1
2013070062026,1,9,0,9,0,5,0,0,0,0,1,1,2,1,6,1598,1,1,3,1
2013070062026,2,1,0,18,0,1,0,0,0,0,1,1,6,1,9,-1,-1,-1,10,1
2013070062239,1,9,0,5,0,5,0,0,0,0,1,1,2,1,7,1968,2,-1,10,1
2013070062239,2,1,0,18,0,8,0,0,0,0,4,1,2,1,8,-1,-1,-1,9,1
2013070062394,1,21,1,10,0,0,0,0,0,0,3,2,1,1,7,-1,-1,-1,-1,-1
2013070062394,2,9,0,18,0,0,0,0,0,0,4,1,6,1,8,1388,1,9,6,1
2013070062573,1,2,0,18,0,8,0,0,0,0,0,1,6,1,4,49,1,11,1,1
2013070062724,1,9,0,4,0,0,0,0,0,0,2,1,6,1,8,-1,-1,-1,3,1
2013070062724,2,9,0,18,0,0,0,0,0,0,1,1,1,2,7,1995,2,8,5,1
2013070062788,1,9,0,18,0,0,0,0,0,0,4,1,6,2,7,1598,1,9,6,1
2013070062827,1,21,0,18,0,0,0,0,0,0,2,1,6,3,-1,11021,2,7,-1,-1
2013070062861,1,9,0,9,0,2,0,0,0,0,3,1,6,1,5,1796,1,12,3,1
2013070062861,2,9,0,18,0,2,0,0,0,0,4,1,6,2,8,1598,1,1,7,1
2013070062878,1,9,0,9,0,8,0,0,0,0,1,1,6,1,8,1896,2,5,-1,-1
2013070062878,2,9,0,18,0,8,0,0,2,0,3,1,6,2,7,1598,2,-1,-1,-1
2013070063478,1,5,0,16,0,0,1,10,8,6,3,1,6,1,7,599,1,12,9,1
2013070063527,1,19,0,3,0,0,0,0,0,0,2,1,2,1,7,2198,2,3,-1,-1
2013070063527,2,9,0,4,0,0,1,0,0,0,1,1,6,2,5,1242,1,2,2,1
2013070063566,1,9,0,9,0,0,0,0,0,0,3,1,1,1,7,1997,2,3,2,1
2013070063566,2,1,0,18,0,0,0,0,0,0,1,1,2,2,10,-1,-1,-1,7,1
2013070063585,1,9,0,5,0,0,0,0,0,0,2,1,6,2,4,1390,1,9,4,1
2013070063585,2,8,0,5,0,0,0,0,0,0,1,1,1,1,6,1995,2,8,1,1
2013070063641,1,9,0,17,0,0,0,0,0,0,3,1,6,2,7,599,1,13,6,3
2013070063641,2,9,0,16,0,0,1,0,0,0,1,1,6,2,5,1124,1,12,3,1
2013070063684,1,9,0,16,0,3,0,0,0,0,1,1,6,3,-1,-1,-1,-1,-1,-1
2013070063684,2,9,0,3,0,2,0,0,0,0,2,1,6,2,7,1988,2,7,10,3
2013070063801,1,9,0,17,0,0,5,0,7,10,4,1,6,1,8,998,1,8,7,3
2013070063893,1,9,0,18,0,0,0,0,0,0,3,1,1,1,6,1390,1,15,8,2
2013070063893,2,9,0,18,0,0,0,0,0,0,3,1,6,1,7,-1,-1,-1,8,2
2013070064451,1,9,0,11,0,0,0,0,0,0,0,1,1,3,-1,-1,-1,-1,-1,-1
2013070064451,2,9,0,18,0,0,0,0,0,0,1,1,1,1,9,1229,1,8,1,1
2013070064451,3,21,1,18,0,0,0,0,0,0,4,1,1,1,6,-1,-1,-1,-1,-1
2013070064492,1,9,0,17,0,0,1,0,0,0,1,1,6,1,5,1149,1,12,4,2
2013070064492,2,9,0,16,0,0,0,0,1,0,1,1,6,2,6,1781,1,10,7,2
2013070064513,1,9,0,4,0,0,0,0,0,0,1,1,6,2,6,1299,1,12,10,3
2013070064513,2,9,0,4,0,0,0,0,0,0,2,1,6,1,10,1870,2,5,10,1
2013070064513,3,9,0,4,0,0,0,0,0,0,1,1,6,1,9,1798,1,12,10,2
2013070064564,1,9,0,4,0,0,0,0,0,0,1,1,6,2,5,1590,1,11,6,1
2013070064564,2,9,0,4,0,0,0,0,0,0,2,1,6,1,6,998,1,4,3,1
2013070064623,1,9,0,5,0,0,0,0,0,0,1,1,6,1,5,1388,1,10,2,1
2013070064623,2,9,0,14,0,0,0,0,0,0,1,1,6,1,4,1242,1,14,4,1
2013070064623,3,9,0,2,0,0,0,0,0,0,1,1,6,3,-1,-1,-1,-1,7,1
2013070064728,1,9,0,13,0,0,0,0,0,0,4,1,6,1,5,1390,1,6,10,1
2013070064728,2,9,0,18,0,0,1,0,7,0,3,1,6,2,7,1796,1,2,10,1
2013070064728,3,9,0,18,0,0,0,0,0,0,3,1,6,1,6,1995,2,1,7,3
2013070064784,1,9,0,9,0,8,0,0,0,0,4,1,6,2,5,1242,1,2,10,1
2013070064784,2,9,0,18,0,8,0,0,0,0,1,1,6,2,9,2204,2,8,10,1
2013070064818,1,9,0,16,0,0,1,10,7,2,4,1,6,1,6,1686,2,10,2,1
2013070065095,1,2,0,16,0,0,0,0,0,0,0,1,6,3,-1,-1,-1,-1,-1,-1
2013070065095,2,9,0,17,0,0,1,0,1,9,1,1,6,2,5,796,1,12,9,1
2013070065519,1,9,0,18,0,0,0,0,0,0,1,1,6,2,5,1299,1,6,8,1
2013070065519,2,9,0,3,0,0,0,0,0,0,2,1,6,1,9,2987,2,3,8,1
2013070066057,1,9,0,18,0,0,1,0,7,0,1,1,2,1,6,1896,2,16,2,1
2013070066057,2,9,0,18,0,0,0,0,0,0,1,1,2,1,7,2429,1,8,6,1
2013070066066,1,9,0,9,0,5,0,0,0,0,1,1,6,1,5,1248,1,-1,3,1
2013070066066,2,1,0,18,0,1,0,0,0,0,3,1,1,1,7,-1,-1,-1,10,1
2013070066098,1,5,0,13,0,1,0,0,0,0,1,1,2,1,7,750,1,10,2,1
2013070066098,2,9,0,9,0,5,0,0,0,0,3,1,2,1,6,1598,2,1,2,1
2013070066109,1,9,0,17,0,0,2,0,1,3,1,1,2,2,8,1783,1,13,9,3
2013070066243,1,9,0,18,0,0,0,0,0,0,1,1,6,1,7,1242,1,11,1,1
2013070066464,1,9,0,18,0,0,0,0,0,0,1,1,1,1,4,1242,1,7,10,1
2013070066633,1,9,0,18,0,0,0,0,0,0,1,1,2,2,6,1124,1,5,-1,3
2013070066633,2,11,0,2,0,0,0,0,0,0,2,1,1,1,6,7300,2,4,1,1
2013070066903,1,9,0,18,0,1,1,0,4,0,1,1,2,2,6,1299,1,13,9,1
2013070066903,2,9,0,18,0,1,2,0,4,0,1,1,2,1,7,1242,1,5,9,1
2013070066903,3,9,0,18,0,1,1,0,4,0,1,1,1,1,6,-1,-1,-1,6,1
2013070066914,1,9,0,17,0,1,1,0,2,7,1,1,1,2,6,1400,1,5,9,1
2013070066917,1,5,0,9,0,8,1,0,0,0,4,1,2,1,8,1352,1,4,9,1
2013070067541,1,9,0,9,0,8,0,0,7,0,4,1,6,2,7,1390,1,13,7,2
2013070067541,2,9,0,18,0,8,0,0,0,0,1,1,1,1,9,-1,-1,-1,-1,3
2013070067859,1,9,0,9,0,1,0,0,0,0,0,1,6,3,-1,-1,-1,-1,-1,-1
2013070067859,2,21,1,17,0,1,2,0,1,0,0,1,1,1,8,12580,2,8,10,1
2013070067867,1,9,0,17,0,0,2,0,0,0,1,1,2,1,5,1242,1,12,4,3
2013070068072,1,9,0,12,0,0,0,0,0,0,1,1,6,1,5,1108,1,14,8,1
2013070068072,2,9,0,3,0,0,0,0,0,0,2,1,6,2,8,-1,-1,-1,7,2
2013070068115,1,9,0,6,0,0,0,0,0,0,0,1,6,3,-1,-1,-1,-1,-1,-1
2013070068115,2,19,0,18,0,0,0,0,0,0,2,1,1,1,8,-1,-1,-1,4,1
2013070068115,3,9,0,18,0,0,0,0,0,0,2,1,6,1,9,1998,2,7,9,1
2013070068115,4,9,0,18,0,0,0,0,0,0,1,1,6,1,7,1198,1,1,3,1
2013070068277,1,9,0,3,0,4,0,0,0,0,2,1,6,2,5,1339,1,3,3,1
2013070068277,2,9,0,5,0,4,0,0,0,0,1,1,3,2,6,1796,1,9,2,1
2013070068493,1,9,0,18,0,3,0,0,0,0,1,1,6,1,7,1598,2,-1,7,1
2013070068493,2,9,0,3,0,3,0,0,0,0,2,1,6,2,4,1242,1,10,10,1
2013070068990,1,9,0,18,0,1,0,0,0,0,1,1,6,1,8,-1,-1,-1,4,1
2013070069015,1,9,0,4,0,1,0,0,0,0,1,1,6,3,-1,1997,1,10,-1,-1
2013070069015,2,9,0,3,0,1,0,0,0,0,2,1,6,1,4,1199,1,12,1,1
2013070069287,1,9,0,13,0,0,2,0,0,0,4,1,6,2,7,1149,1,11,10,1
2013070069287,2,21,1,18,0,0,0,0,0,0,3,2,1,1,9,-1,-1,-1,-1,-1
2013070069408,1,21,0,11,0,0,0,0,0,0,1,1,1,1,8,12580,2,7,1,1
2013070069408,2,9,0,18,0,0,0,0,0,0,3,1,6,2,5,1296,1,7,7,3
2013070069408,3,9,0,18,0,0,0,0,0,0,1,1,6,1,9,3200,2,3,-1,3
2013070069453,1,9,0,18,0,1,0,0,0,0,3,1,6,1,6,1398,1,2,1,1
2013070069516,1,9,0,18,0,0,0,0,0,0,1,1,1,1,7,2179,2,2,10,1
2013070069516,2,9,0,3,0,0,0,0,0,0,2,1,1,1,8,1968,2,4,10,2
2013070069542,1,9,0,7,0,1,0,0,0,0,3,1,6,1,7,1753,2,7,10,1
2013070069542,2,9,0,18,0,1,0,0,0,0,4,1,6,2,5,998,1,5,8,1
2013070069546,1,9,0,18,0,1,0,0,0,0,1,1,6,2,6,1248,1,4,4,1
2013070069546,2,3,0,10,0,1,0,0,0,0,2,1,6,1,7,1255,1,1,3,1
2013070069620,1,9,0,13,0,0,0,0,0,0,1,1,6,2,7,1997,2,3,8,1
2013070069620,2,9,0,18,0,0,0,0,0,0,1,1,6,2,7,2143,2,2,9,1
2013070069669,1,9,0,9,0,6,0,0,0,0,3,1,6,1,-1,1396,1,11,-1,-1
2013070069669,2,5,0,18,0,1,0,0,0,0,1,1,4,1,7,1099,1,6,7,1
2013070069768,1,9,0,9,0,6,0,0,0,0,1,1,6,1,7,1398,1,1,5,1
2013070069768,2,9,0,9,0,6,0,0,0,0,3,1,6,1,4,1149,1,10,6,2
2013070069872,1,9,0,9,0,8,0,0,0,0,0,1,6,3,-1,-1,-1,-1,-1,-1
2013070069872,2,1,0,18,0,8,0,0,0,0,0,1,1,2,9,-1,-1,-1,6,1
2013070069888,1,21,1,11,0,0,0,0,0,0,4,1,1,1,7,12600,2,9,8,1
2013070069888,2,9,0,18,0,0,1,0,5,6,3,1,6,2,6,1229,1,7,7,2
2013070069921,1,9,0,9,0,8,0,0,0,0,1,1,1,1,7,2967,2,2,9,3
2013070069921,2,9,0,18,0,8,0,0,0,0,3,1,1,1,6,-1,-1,-1,3,1
2013070069939,1,9,0,1,0,8,0,0,0,0,2,1,6,2,7,1339,1,3,7,1
2013070070010,1,9,0,18,0,1,0,4,0,0,1,1,6,3,-1,1149,1,10,-1,-1
2013070070010,2,9,0,2,0,1,0,0,0,0,2,1,2,1,5,1995,2,12,8,1
2013070070167,1,9,0,1,0,8,0,0,0,0,2,1,6,2,8,2231,2,5,2,1
2013070070179,1,9,0,5,0,0,0,0,0,0,0,1,6,2,8,1595,2,3,5,1
2013070070179,2,5,0,18,0,0,2,0,0,0,2,1,6,1,8,998,1,10,9,1
2013070070342,1,9,0,16,0,5,0,0,0,0,2,1,6,1,6,1596,1,3,10,3
2013070070352,1,9,0,18,0,0,0,0,0,0,1,1,2,1,5,1997,2,9,-1,-1
2013070070352,2,9,0,3,0,0,0,0,0,0,2,1,1,1,8,-1,-1,-1,1,1
2013070070374,1,21,1,18,0,0,0,0,0,0,0,1,1,1,8,4899,2,3,4,1
2013070070374,2,19,0,18,0,0,0,0,0,0,1,1,6,1,6,1753,2,4,2,1
2013070070866,1,9,0,18,0,1,0,0,1,4,1,1,6,1,4,1328,1,3,1,1
2013070071457,1,19,0,1,0,5,0,0,0,0,2,1,6,3,-1,2198,2,2,-1,-1
2013070071457,2,8,0,2,0,1,0,0,0,0,1,1,6,2,6,1299,1,8,2,1
2013070071605,1,9,0,4,0,0,0,0,0,0,1,1,6,1,5,-1,-1,-1,10,2
2013070071605,2,9,0,4,0,0,0,0,0,0,2,1,6,1,6,1390,1,5,9,2
2013070071605,3,8,0,4,0,0,0,0,0,0,2,1,1,1,8,1995,2,10,3,1
2013070071692,1,9,0,6,8,0,0,0,0,0,1,1,6,3,-1,1998,1,16,-1,-1
2013070071692,2,9,0,18,0,0,0,0,0,0,1,1,6,2,8,1398,2,11,4,1
2013070071692,3,9,0,18,0,0,0,0,0,0,1,1,6,1,6,1998,1,11,3,1
2013070071803,1,9,0,16,0,0,1,0,8,10,1,1,6,1,5,1199,1,10,4,1
2013070071957,1,9,0,18,0,0,0,0,0,0,1,1,6,2,5,1332,1,17,2,1
2013070071957,2,9,0,18,0,0,0,0,0,0,2,1,6,2,8,1598,1,9,2,1
2013070072346,1,9,0,18,0,1,0,0,0,0,1,1,6,3,-1,2495,1,12,-1,-1
2013070072346,2,19,0,9,0,6,0,0,0,0,3,1,6,1,5,1870,2,15,2,1
2013070072347,1,3,0,18,0,0,1,0,0,0,4,1,6,1,4,124,1,5,6,1
2013070072436,1,5,0,7,0,2,0,0,0,0,0,1,6,1,9,-1,-1,-1,4,1
2013070072927,1,9,0,18,0,0,0,0,0,0,1,1,2,1,6,-1,-1,-1,2,1
2013070072927,2,9,0,18,0,0,0,0,4,6,2,1,2,1,9,1388,1,7,7,3
2013070072941,1,19,0,4,0,0,1,0,0,0,1,1,1,1,5,1560,2,2,6,3
2013070072941,2,9,0,4,0,0,0,0,0,0,2,1,1,1,7,1968,2,2,1,1
2013070072941,3,9,0,4,0,0,0,0,0,0,2,1,1,2,5,1399,2,4,10,1
2013070073032,1,9,0,7,0,5,0,0,0,0,4,1,6,2,7,1988,2,7,1,1
2013070073032,2,1,0,18,0,1,5,0,0,0,1,1,6,1,7,-1,-1,-1,1,1
2013070073381,1,1,0,7,0,6,0,0,0,0,1,1,6,2,7,-1,-1,-1,1,1
2013070073381,2,21,0,18,0,8,0,0,0,0,4,1,1,1,8,-1,2,15,10,3
2013070073486,1,9,0,9,0,5,0,0,0,0,1,1,6,1,8,1840,1,14,10,1
2013070073486,2,9,0,18,0,8,0,0,0,0,1,1,6,1,8,1910,2,8,4,1
2013070073927,1,1,0,18,0,8,0,0,0,0,1,1,4,1,3,-1,-1,-1,9,1
2013070073927,2,9,0,7,0,8,0,0,0,0,4,1,1,1,7,1910,2,10,1,1
2013070074248,1,9,0,1,0,0,0,0,0,0,2,1,6,1,9,1248,2,3,10,3
2013070074348,1,1,0,9,0,1,0,0,0,0,1,1,2,1,4,-1,-1,-1,4,1
2013070074348,2,11,0,13,0,1,0,0,0,0,1,1,1,1,8,-1,2,14,2,1
2013070074362,1,19,0,18,0,0,0,0,0,0,1,1,6,1,-1,1753,2,7,4,1
2013070074362,2,9,0,4,0,0,0,0,0,0,2,1,6,2,5,1149,1,9,-1,2
2013070074709,1,9,0,11,0,0,0,0,1,9,2,1,6,1,8,1995,1,4,4,1
2013070074709,2,9,0,18,0,0,0,0,0,0,1,1,6,1,6,1598,2,1,-1,-1
2013070074876,1,9,0,13,0,0,0,0,0,0,1,1,6,2,9,1839,1,8,10,1
2013070074876,2,9,0,9,0,0,0,0,0,0,3,1,6,2,7,1598,1,12,9,2
2013070075303,1,9,0,18,0,1,0,0,0,0,1,1,6,3,-1,-1,-1,-1,-1,-1
2013070075664,1,9,0,13,0,0,0,0,0,0,1,1,6,1,11,1398,1,3,-1,-1
2013070075664,2,9,0,18,0,0,0,0,0,0,2,1,2,2,4,998,1,5,10,1
2013070075794,1,9,0,18,0,1,0,0,0,0,1,1,6,2,8,-1,-1,-1,9,1
2013070075794,2,9,0,18,0,1,0,0,0,0,2,1,6,3,8,1229,1,6,9,1
2013070075983,1,9,0,18,0,0,0,0,0,0,1,1,6,2,7,1240,1,3,10,1
2013070075983,2,9,0,18,0,0,0,0,0,0,2,1,6,2,5,1900,2,7,9,1
2013070076360,1,9,0,18,0,1,0,0,0,0,1,1,6,2,-1,1229,1,3,-1,-1
2013070076360,2,9,0,3,0,1,0,0,0,0,2,1,1,2,4,998,1,2,5,3
2013070076710,1,8,0,16,0,1,0,7,7,10,1,1,1,3,-1,1997,2,4,-1,-1
2013070076741,1,1,0,18,0,0,0,0,0,0,1,1,6,1,8,-1,-1,-1,8,1
2013070076741,2,9,0,18,0,0,0,0,0,0,2,1,6,1,9,-1,-1,-1,6,1
2013070076743,1,9,0,18,0,0,2,0,1,7,1,1,2,1,6,1598,1,9,7,1
2013070076744,1,9,0,18,0,1,0,0,0,0,1,1,6,1,5,1363,2,10,10,1
2013070076744,2,9,0,18,0,1,0,0,0,0,1,1,6,3,6,-1,-1,-1,5,3
2013070076744,3,9,0,18,0,1,0,0,0,0,1,1,6,3,5,1905,2,16,3,3
2013070076840,1,9,0,9,0,8,0,0,0,0,4,1,6,2,6,1390,1,12,9,1
2013070076840,2,9,0,17,0,8,0,0,0,0,1,1,6,2,9,1995,1,5,10,1
2013070077245,1,19,0,6,0,2,0,0,0,0,3,1,1,1,7,2198,2,-1,1,1
2013070077245,2,19,0,18,0,2,0,0,0,0,1,1,6,1,6,2488,2,3,8,1
2013070077443,1,9,0,18,0,0,0,0,0,0,1,1,6,1,7,1242,1,13,7,3
2013070077573,1,9,0,9,0,5,0,0,0,0,3,1,6,1,8,1769,1,12,9,2
2013070077777,1,9,0,18,0,8,0,0,2,7,1,1,6,1,5,1149,1,10,-1,-1
2013070077796,1,9,0,18,0,0,0,0,0,0,1,1,6,2,4,1149,1,9,10,2