Accident_Index,Vehicle_Reference,Vehicle_Type,Towing_and_Articulation,Vehicle_Manoeuvre,Vehicle_Location-Restricted_Lane,Junction_Location,Skidding_and_Overturning,Hit_Object_in_Carriageway,Vehicle_Leaving_Carriageway,Hit_Object_off_Carriageway,1st_Point_of_Impact,Was_Vehicle_Left_Hand_Drive?,Journey_Purpose_of_Driver,Sex_of_Driver,Age_Band_of_Driver,Engine_Capacity_(CC),Propulsion_Code,Age_of_Vehicle,Driver_IMD_Decile,Driver_Home_Area_Type
2013073096852,1,9,0,16,0,0,0,0,0,0,1,1,6,1,8,1796,1,13,9,2
2013073096852,2,9,0,18,0,0,0,0,0,0,1,1,6,1,8,1997,2,9,8,1
2013073096852,3,9,0,18,0,0,0,0,0,0,1,1,6,2,9,-1,-1,-1,5,1
2013073097518,1,22,0,18,9,0,0,0,0,0,1,1,6,1,11,-1,-1,-1,-1,-1
2013073097556,1,9,0,4,0,0,0,0,0,0,2,1,6,2,7,2967,2,5,7,3
2013073097556,2,19,0,4,0,0,0,0,0,0,2,1,1,1,5,2148,2,7,6,2
2013073097556,3,19,0,4,0,0,0,0,0,0,1,1,1,1,5,-1,-1,-1,10,1
2013073097639,1,9,0,4,0,0,0,0,0,0,2,1,6,1,6,-1,-1,-1,9,3
2013073097639,2,9,0,4,0,0,1,0,0,0,1,1,6,1,5,1600,2,4,10,1
2013073097639,3,9,0,4,0,0,0,0,0,0,4,1,6,1,8,1995,2,-1,-1,1
2013073097639,4,9,0,4,0,0,0,0,0,0,3,1,6,2,8,1994,2,14,-1,2
2013073097695,1,9,0,4,0,0,0,0,0,0,1,1,1,1,8,1229,1,5,2,1
2013073097695,2,9,0,4,0,0,0,0,0,0,2,1,6,2,7,1896,2,8,9,2
2013073097770,1,9,0,9,0,6,0,0,0,0,1,1,6,1,6,1995,1,11,-1,1
2013073097770,2,3,0,18,0,1,0,0,0,0,1,1,2,1,5,85,1,23,4,1
2013073098585,1,9,0,18,0,7,0,0,0,0,1,1,6,2,9,1242,1,3,8,1
2013073098585,2,90,0,18,0,8,0,0,0,0,2,1,1,1,8,2184,2,9,10,1
2013073098842,1,9,0,9,0,1,0,0,0,0,1,1,6,1,8,1968,2,3,6,3
2013073098842,2,9,0,9,0,1,0,0,0,0,2,1,6,2,9,998,1,8,9,1
2013073098883,1,9,0,18,0,0,0,0,0,0,1,1,6,1,6,1587,1,14,-1,-1
2013073098883,2,9,5,18,0,0,0,0,0,0,0,1,6,1,6,1910,2,6,-1,-1
2013073098883,3,9,0,4,0,0,0,0,0,0,1,1,6,1,6,1299,1,16,-1,-1
2013073099534,1,9,0,3,0,1,0,0,0,0,4,1,6,1,5,2987,2,-1,10,1
2013073099534,2,9,0,18,0,1,0,0,0,0,1,1,6,2,6,2000,2,8,6,1
2013073099775,1,3,0,17,9,0,0,0,1,0,1,1,6,1,4,124,1,8,3,1
2013073099817,1,19,0,4,0,0,1,0,0,0,1,1,6,1,-1,1896,2,14,-1,1
2013073099817,2,9,0,4,0,0,0,0,0,0,2,1,6,2,6,973,1,11,9,1
2013073100340,1,9,0,18,0,0,1,0,5,6,1,1,6,1,6,1388,1,12,-1,2
2013073100340,2,9,0,18,0,0,0,1,0,0,3,1,6,1,6,1998,2,5,9,1
2013073100378,1,1,0,18,0,3,0,0,0,0,2,1,1,1,8,-1,-1,-1,8,2
2013073100378,2,9,0,18,0,4,0,0,0,0,4,1,6,1,10,1997,2,5,9,3
2013073100448,1,9,0,18,0,0,0,0,0,0,4,1,1,2,7,1598,1,2,10,1
2013073100448,2,21,0,2,6,0,0,0,0,0,3,1,1,1,8,12900,2,3,2,1
2013073100472,1,9,0,4,0,0,0,0,0,0,4,1,6,1,8,799,2,-1,4,1
2013073100472,2,1,0,15,0,0,0,0,0,0,3,1,6,1,8,-1,-1,-1,2,1
2013073100524,1,17,0,4,0,4,0,0,0,0,1,1,1,1,9,-1,2,5,6,1
2013073100524,2,9,0,3,0,4,0,0,0,0,2,1,6,1,9,1598,1,9,10,1
2013073101075,1,9,0,1,0,2,0,0,0,0,2,1,6,1,4,973,1,11,10,1
2013073101075,2,9,0,2,0,2,0,0,0,0,2,1,6,1,6,1108,1,14,10,1
2013073101312,1,9,0,18,0,4,0,0,0,0,1,1,6,1,-1,2171,1,9,-1,-1
2013073101312,2,9,0,18,0,3,0,0,0,0,1,1,6,2,6,1598,2,1,6,1
2013073101436,1,9,0,9,0,6,0,0,0,0,1,1,3,1,7,1986,2,5,5,3
2013073101436,2,9,0,18,0,1,1,0,7,11,4,1,3,1,8,1997,2,4,5,3
2013073101436,3,9,0,3,0,1,0,0,0,0,3,1,1,1,8,-1,-1,-1,7,1
2013073101706,1,9,0,9,0,8,0,0,0,0,4,1,4,1,4,1390,1,9,8,3
2013073101706,2,9,0,18,0,8,0,0,0,0,1,1,6,1,10,1998,1,11,6,1
2013073101989,1,9,0,18,0,0,0,0,0,0,1,1,6,1,5,-1,-1,-1,-1,-1
2013073101989,2,1,0,18,0,0,0,0,0,0,1,1,6,1,-1,-1,-1,-1,2,1
2013073102022,1,9,0,3,0,1,0,0,0,0,1,1,6,2,9,1598,1,-1,6,1
2013073102022,2,9,0,3,0,1,0,0,0,0,2,1,6,2,7,1108,1,6,7,1
2013073102097,1,9,0,9,0,8,0,0,1,0,4,1,6,2,7,1390,1,4,9,1
2013073102097,2,9,0,18,0,1,0,0,0,0,1,1,6,1,5,1600,1,15,10,1
2013073102130,1,9,0,9,0,8,0,0,0,0,4,1,6,1,6,2698,2,6,9,1
2013073102130,2,9,0,18,0,8,0,0,0,0,1,1,2,1,7,1296,1,5,8,1
2013073102188,1,9,0,5,0,8,0,0,0,0,3,1,6,1,4,-1,-1,-1,-1,3
2013073102188,2,9,0,5,0,8,0,0,0,0,4,1,6,1,-1,1248,2,6,7,3
2013073102540,1,8,0,9,0,1,0,0,0,0,1,1,1,1,7,1753,2,11,9,1
2013073102540,2,1,0,18,4,8,0,0,0,0,3,1,2,1,7,-1,-1,-1,3,1
2013073102553,1,8,0,18,0,1,0,0,0,0,1,1,6,2,5,-1,-1,-1,4,1
2013073102553,2,19,0,10,0,1,0,0,0,0,2,1,1,1,7,-1,-1,-1,2,1
2013073102714,1,11,0,18,2,0,0,0,0,0,1,1,1,1,7,3900,2,7,2,1
2013073102767,1,9,0,15,0,1,0,0,0,0,2,2,6,1,-1,2179,2,3,7,3
2013073102767,2,1,0,18,0,1,0,0,1,0,1,1,6,1,6,-1,-1,-1,5,1
2013073102986,1,21,1,18,0,0,0,0,0,0,1,1,1,1,8,12900,2,2,-1,1
2013073102986,2,9,0,18,0,0,0,0,0,0,2,1,1,1,6,-1,-1,-1,2,1
2013073103664,1,9,0,18,0,2,0,0,0,0,1,1,2,2,5,1124,1,7,3,1
2013073103664,2,9,0,3,0,2,0,0,0,0,2,1,1,2,7,1461,2,2,5,3
2013073103720,1,11,0,4,0,0,0,0,0,0,0,1,6,1,9,6700,2,3,-1,-1
2013073103742,1,19,0,18,0,0,0,0,0,0,1,1,1,1,7,2151,2,8,2,1
2013073103742,2,9,0,3,0,0,0,0,0,0,2,1,6,2,8,1248,1,2,10,1
2013073103742,3,9,0,3,0,0,0,0,0,0,2,1,6,1,9,1798,1,7,10,1
2013073104257,1,1,0,18,0,1,0,0,0,0,0,1,6,1,5,-1,-1,-1,-1,-1
2013073104295,1,9,0,18,0,2,0,0,0,0,1,1,6,1,6,-1,-1,-1,6,1
2013073104295,2,9,0,18,0,2,0,0,0,0,2,1,6,1,6,1798,1,9,3,1
2013073104414,1,9,0,13,0,1,0,0,0,0,2,1,6,1,4,1362,1,1,7,1
2013073104414,2,2,0,18,0,1,0,0,0,0,3,1,6,1,4,49,1,5,7,1
2013073104579,1,9,0,1,0,0,0,0,0,0,3,1,6,2,6,1910,2,9,8,3
2013073104579,2,9,0,18,0,0,0,0,0,0,4,1,2,2,5,1796,1,12,8,3
2013073104601,1,9,0,3,0,2,0,0,0,0,2,1,2,1,5,1390,1,1,3,1
2013073104601,2,1,0,18,0,2,0,0,0,0,1,1,2,1,7,-1,-1,-1,7,1
2013073104725,1,9,0,7,0,6,0,0,0,0,3,1,6,1,7,1956,2,2,8,1
2013073104725,2,9,0,18,0,8,0,0,0,0,4,1,6,1,9,4196,1,7,8,2
2013073105858,1,5,0,16,0,1,1,0,0,0,4,1,6,1,10,647,1,1,8,1
2013073105905,1,9,0,4,0,0,0,0,0,0,1,1,6,2,5,1299,1,5,7,1
2013073105905,2,9,0,4,0,0,0,0,0,0,2,1,6,2,9,1242,1,12,4,1
2013073105907,1,5,0,18,0,0,0,0,0,0,4,1,6,1,8,-1,-1,-1,9,2
2013073105966,1,9,0,9,0,2,0,0,0,0,0,1,6,1,9,1749,1,10,10,1
2013073106012,1,9,0,4,0,1,0,0,0,0,1,1,6,2,10,1339,1,2,7,1
2013073106012,2,9,0,10,0,1,0,0,0,0,2,1,6,2,6,1199,1,14,1,1
2013073106157,1,1,0,18,0,0,0,0,0,0,0,1,6,1,7,-1,-1,-1,9,2
2013073106157,2,9,0,18,0,0,0,0,0,0,0,1,6,3,6,-1,-1,-1,-1,-1
2013073106194,1,9,0,3,0,0,1,0,0,0,1,1,6,1,8,1783,1,10,4,1
2013073106194,2,9,0,3,0,0,0,0,0,0,2,1,6,2,7,1400,1,8,-1,-1
2013073106194,3,9,0,3,0,0,0,0,0,0,2,1,6,1,5,1124,1,12,10,3
2013073106194,4,9,0,3,0,0,0,0,0,0,4,1,6,2,9,1896,2,8,-1,3
2013073106225,1,2,0,17,0,0,0,10,1,0,1,1,6,1,4,50,1,7,-1,-1
2013073106335,1,5,0,16,0,0,1,0,0,0,1,1,6,1,5,750,1,16,3,1
2013073106335,2,9,0,18,0,0,0,0,1,0,1,1,6,1,7,1560,2,7,6,2
2013073106411,1,9,0,17,0,0,2,0,7,3,3,1,6,1,5,1998,1,11,9,2
2013073106844,1,9,0,18,0,1,0,0,0,0,3,1,6,3,-1,-1,-1,-1,-1,-1
2013073106896,1,9,0,18,0,0,0,0,1,1,1,1,6,2,6,1242,1,8,4,1
2013073107010,1,9,0,11,0,1,0,0,0,0,4,1,6,2,9,1388,1,9,4,1
2013073107010,2,9,0,4,0,1,0,0,0,0,3,1,6,1,9,1596,1,6,4,1
2013073107010,3,21,1,4,0,1,0,0,0,0,2,1,1,1,9,12740,2,1,4,1
2013073107030,1,9,0,1,0,0,0,0,0,0,2,1,6,1,6,1596,1,1,-1,-1
2013073107204,1,9,0,7,0,4,0,0,0,0,1,1,1,1,9,1997,2,10,-1,3
2013073107204,2,1,0,18,0,8,0,0,0,0,4,1,2,1,4,-1,-1,-1,2,1
2013073107300,1,9,0,18,0,0,0,0,0,0,2,1,6,2,5,1240,1,9,7,3
2013073107300,2,9,0,11,0,0,0,0,0,0,1,1,6,1,-1,1968,2,6,3,1
2013073107388,1,9,0,18,0,0,0,0,0,0,1,1,6,1,-1,-1,-1,-1,-1,-1
2013073107639,1,9,0,5,0,1,0,0,0,0,1,1,1,2,7,1368,1,5,3,1
2013073107639,2,9,0,3,0,1,0,0,0,0,2,1,1,1,6,1995,2,1,5,1
2013073107882,1,9,0,18,0,0,0,0,0,0,1,1,6,1,5,1299,1,12,9,2
2013073107882,2,9,0,3,0,0,0,0,0,0,2,1,6,2,4,-1,-1,-1,10,1
2013073107882,3,9,0,3,0,0,0,0,0,0,2,1,6,1,10,1995,2,7,3,1
2013073107896,1,9,0,18,0,0,0,0,0,0,1,1,6,1,6,1598,1,14,2,1
2013073107896,2,9,0,10,0,0,0,0,0,0,2,1,3,2,8,1596,1,3,4,1
2013073107906,1,9,0,9,0,8,0,0,0,0,1,1,6,2,9,1197,1,2,8,1
2013073107906,2,5,0,18,0,8,0,0,0,0,1,1,6,1,7,599,1,14,-1,-1
2013073108164,1,9,0,18,0,0,0,0,0,0,1,1,1,1,5,1597,1,6,6,1
2013073108164,2,19,0,18,0,0,0,0,0,0,2,1,1,1,8,-1,-1,-1,8,1
2013073108241,1,19,0,18,0,8,0,0,0,0,4,1,1,1,7,1870,2,9,7,1
2013073108282,1,9,0,6,0,0,0,0,0,0,3,1,6,1,4,1397,1,10,8,1
2013073108282,2,9,0,13,0,0,0,0,0,0,1,1,6,1,8,-1,-1,-1,1,1
2013073108380,1,9,0,1,0,0,0,0,0,0,2,1,3,2,6,1242,1,5,6,3
2013073108380,2,9,0,2,0,0,0,0,0,0,2,1,3,2,6,1198,1,9,9,1
2013073108621,1,9,0,1,9,0,0,0,0,0,2,1,6,1,11,1596,1,11,9,1
2013073108621,2,1,0,18,9,0,0,0,0,0,3,1,6,2,5,-1,-1,-1,7,1
2013073108627,1,9,0,18,0,1,0,0,1,10,4,1,6,2,5,1364,1,7,3,1
2013073108627,2,9,0,5,0,1,0,0,0,0,1,1,6,2,4,1242,1,10,-1,-1
2013073108755,1,9,0,9,0,8,0,0,0,0,1,1,1,2,6,-1,-1,-1,2,1
2013073108755,2,9,0,18,0,8,0,0,0,0,1,1,6,1,10,1386,1,5,1,1
2013073108997,1,9,0,18,9,1,0,0,1,0,4,2,6,2,-1,-1,-1,-1,-1,-1
2013073109184,1,17,4,16,0,0,4,0,1,11,4,1,1,1,6,-1,2,2,-1,3
2013073109359,1,9,0,18,0,0,0,0,0,0,1,1,6,1,4,1399,2,3,3,1
2013073109359,2,9,0,18,0,0,0,0,0,0,1,1,6,2,6,1242,1,6,1,1
2013073109846,1,9,0,7,2,1,0,7,0,0,1,1,6,2,11,1124,1,7,7,1
2013073110041,1,9,0,9,0,6,0,0,0,0,3,1,3,2,9,1598,1,15,5,1
2013073110041,2,5,0,18,0,8,0,0,0,0,1,1,2,1,10,998,1,4,7,1
2013073110056,1,9,0,18,0,0,0,0,0,0,1,1,6,1,6,1596,1,8,10,1
2013073110599,1,1,0,18,0,6,0,0,0,0,3,1,1,2,3,-1,-1,-1,10,1
2013073110599,2,9,0,18,0,2,0,0,0,0,1,1,1,1,7,-1,-1,-1,4,1
2013073111173,1,9,0,9,0,6,0,0,0,0,3,1,6,2,7,1749,1,11,4,1
2013073111173,2,9,0,18,0,1,1,0,0,0,1,1,6,2,7,1995,2,5,7,3
2013073111198,1,9,0,16,9,0,1,10,7,11,3,1,6,1,7,1968,2,3,9,1
2013073111198,2,9,0,17,0,0,0,0,0,0,0,1,6,2,6,-1,-1,-1,3,1
2013073111198,3,9,0,17,0,0,0,0,0,0,0,1,6,2,6,1796,1,13,4,1
2013073111630,1,9,0,18,0,8,0,0,0,0,4,1,3,2,6,2777,2,5,5,3
2013073111630,2,1,0,18,0,8,0,0,0,0,1,1,6,1,5,-1,-1,-1,3,2
2013073111631,1,9,0,9,0,8,0,0,0,0,1,1,1,1,8,1968,2,-1,10,1
2013073111631,2,9,0,9,0,8,0,0,0,0,3,1,6,2,8,1992,2,6,6,1
2013073111765,1,3,0,4,0,1,1,0,0,0,0,1,6,1,7,124,1,5,5,1
2013073111984,1,9,0,18,0,0,0,0,0,0,1,1,6,2,9,1399,2,6,7,1
2013073111984,2,9,0,3,0,0,0,0,0,0,2,1,6,2,5,998,1,-1,7,1
2013073111984,3,9,0,3,0,0,0,0,0,0,2,1,2,1,9,2000,1,8,5,1
2013073112117,1,20,0,18,0,1,0,0,0,0,3,1,1,1,8,3920,2,8,2,1
2013073112117,2,9,0,18,0,1,0,0,0,0,1,1,1,1,7,1968,2,5,9,3
2013073112510,1,9,0,18,0,1,0,0,0,0,1,1,6,1,4,1995,2,4,-1,-1
2013073112523,1,9,0,17,0,0,5,0,0,4,3,1,6,1,5,1198,1,5,10,3
2013073112874,1,9,0,8,0,1,0,0,0,0,2,1,6,2,8,1991,2,6,8,1
2013073112874,2,9,0,8,0,1,0,0,0,0,1,1,6,1,10,1388,1,7,3,1
2013073112878,1,9,0,18,0,0,0,0,0,0,3,1,6,1,9,1968,2,4,8,1
2013073112878,2,5,0,13,0,0,0,0,0,0,4,1,6,1,6,999,1,1,6,1
2013073112958,1,9,0,18,0,4,0,0,0,0,0,1,6,2,-1,-1,-1,-1,-1,-1
2013073112958,2,5,0,7,0,8,1,0,0,0,0,1,6,1,6,598,1,14,2,1
2013073113512,1,9,0,18,0,0,5,4,0,0,1,1,6,1,9,2499,1,6,2,1
2013073113512,2,9,0,2,0,0,0,0,0,0,1,1,6,3,-1,1598,1,-1,-1,-1
2013073113912,1,9,0,4,0,1,0,0,0,0,1,1,6,2,7,1198,1,3,2,1
2013073113912,2,9,0,8,0,1,0,0,0,0,2,1,6,2,8,1339,1,5,10,1
2013073114202,1,9,0,17,0,0,2,0,7,10,3,1,2,1,8,1796,1,9,8,1
2013073114313,1,9,0,18,0,0,1,0,0,0,1,1,1,2,-1,998,1,4,-1,-1
2013073114313,2,9,0,3,0,0,0,0,0,0,2,1,6,2,6,1598,1,7,7,1
2013073114408,1,9,0,9,0,8,0,0,0,0,1,1,1,2,8,1368,1,9,3,2
2013073114563,1,1,0,18,0,8,0,0,0,0,3,1,2,1,6,-1,-1,-1,1,1
2013073114563,2,11,0,18,0,8,0,0,0,0,4,1,1,2,7,3900,2,7,10,1
2013073114565,1,1,0,18,0,0,0,4,0,0,1,1,1,1,6,-1,-1,-1,6,1
2013073114565,2,9,0,2,0,0,0,0,0,0,2,1,3,2,6,1995,1,11,10,1
2013073114575,1,9,0,18,0,1,0,0,0,0,1,2,3,2,8,2616,1,8,9,1
2013073114575,2,9,0,18,0,1,0,0,0,0,1,2,1,1,4,1198,1,4,9,3
2013073114708,1,9,0,18,0,0,0,10,1,11,1,1,6,1,9,1598,1,-1,-1,-1
2013073114719,1,9,0,4,0,1,0,0,0,0,1,1,6,2,7,1598,1,9,10,1
2013073114719,2,9,0,4,0,1,0,0,0,0,2,1,6,2,7,1360,1,8,6,1
2013073114726,1,9,0,1,0,0,0,0,0,0,2,1,6,2,-1,1968,2,2,-1,-1
2013073114726,2,9,0,18,0,0,0,0,0,0,1,1,6,2,8,1299,1,12,5,1
2013073114883,1,9,0,9,0,3,0,0,0,0,1,1,6,2,9,1339,1,9,-1,3
2013073114883,2,9,0,18,0,4,0,0,0,0,3,1,6,2,9,-1,-1,-1,-1,1
2013073115019,1,5,0,18,0,0,2,0,0,0,0,1,6,1,7,998,1,9,-1,1
2013073115022,1,5,0,18,0,8,1,0,7,0,1,1,6,1,4,748,1,1,7,1
2013073115022,2,9,0,9,0,8,0,0,0,0,3,1,6,2,9,998,1,19,8,1
2013073115151,1,9,0,9,0,1,0,0,0,0,3,1,6,2,6,1360,1,8,1,1
2013073115151,2,1,0,18,0,1,0,0,0,0,1,1,6,1,7,-1,-1,-1,-1,-1
2013073115290,1,9,0,18,0,1,0,0,0,0,1,1,6,1,-1,1794,1,11,3,1
2013073115290,2,9,0,10,0,1,0,0,0,0,2,1,3,2,7,1587,1,11,3,1
2013073115612,1,1,0,9,0,6,0,0,0,0,1,1,6,1,7,-1,-1,-1,8,3
2013073115612,2,9,0,18,0,8,0,0,0,0,1,1,2,1,7,1900,2,6,10,1
2013073115636,1,9,0,18,0,0,0,0,0,0,4,1,2,1,10,-1,-1,-1,2,1
2013073115640,1,9,0,18,0,0,0,0,0,0,2,1,2,2,7,1149,1,1,10,1
2013073115640,2,9,0,18,0,0,0,0,0,0,2,1,2,1,8,1896,2,14,10,1
2013073115640,3,9,0,18,0,0,0,0,0,0,1,1,2,2,7,1598,1,10,9,1
2013073115686,1,21,4,9,0,2,0,0,0,0,4,1,1,1,5,3920,2,8,1,1
2013073115686,2,9,0,18,0,8,0,0,0,0,3,1,2,2,6,1598,1,1,3,1
2013073115880,1,9,0,9,0,1,0,0,0,0,1,1,6,1,11,1396,1,11,8,1
2013073115880,2,19,0,14,0,1,0,0,0,0,3,1,2,1,8,1870,2,10,10,1
2013073116011,1,98,0,18,0,1,0,0,0,0,4,1,1,1,8,2198,2,5,9,3
2013073116136,1,20,0,18,0,1,0,0,0,0,4,1,6,1,8,-1,-1,-1,10,2
2013073116136,2,9,0,3,0,1,0,0,0,0,0,1,6,1,8,1596,1,3,8,1
2013073116174,1,9,0,15,0,1,0,0,0,0,1,1,6,1,8,1896,2,12,6,1
2013073116243,1,5,0,16,0,0,2,7,6,0,1,1,2,1,6,-1,-1,-1,6,1
2013073116243,2,9,0,17,0,0,0,0,0,0,1,1,6,2,6,1598,1,6,8,1
2013073116464,1,1,0,18,0,7,0,0,0,7,1,1,6,1,6,-1,-1,-1,1,1
2013073116479,1,9,0,17,0,0,0,0,1,11,1,1,6,1,7,1242,1,3,9,1
2013073116661,1,1,0,9,0,6,0,0,0,0,1,1,6,1,7,-1,-1,-1,10,2
2013073116661,2,9,0,18,0,8,0,0,0,0,4,1,2,2,9,1248,2,5,7,1
2013073116776,1,17,0,9,0,8,5,0,1,0,4,1,1,1,6,-1,-1,-1,4,1
2013073117161,1,20,0,4,0,0,0,0,0,0,2,1,1,1,9,-1,-1,-1,6,1
2013073117161,2,5,0,4,0,0,1,0,4,6,1,1,6,1,9,1198,1,15,8,2
2013073117736,1,9,0,9,0,8,0,0,0,0,4,1,6,1,9,1398,2,7,6,1
2013073117736,2,1,0,18,0,8,0,0,0,0,1,1,6,1,8,-1,-1,-1,-1,-1
2013073117756,1,5,0,18,0,1,0,0,0,0,4,1,6,1,8,645,1,6,4,1
2013073117756,2,9,0,9,0,1,0,0,0,0,1,1,6,2,6,1242,1,13,1,1
2013073117786,1,1,0,18,0,0,0,0,0,0,0,1,6,1,8,-1,-1,-1,-1,1
2013073118271,1,9,0,7,0,3,0,0,0,0,1,1,1,2,9,1422,2,5,1,1
2013073118271,2,9,0,7,0,3,0,0,0,0,2,1,1,2,7,1896,2,6,-1,-1
2013073118323,1,9,0,4,0,0,0,0,0,0,2,1,2,1,7,2967,2,-1,6,1
2013073118323,2,9,0,4,0,0,0,0,0,0,1,1,2,1,7,1560,2,1,10,1
2013073118323,3,9,0,4,0,0,0,0,0,0,1,1,2,1,8,1968,2,2,9,2
2013073118357,1,9,0,5,0,4,0,0,0,0,1,1,6,2,4,1995,2,2,2,1
2013073118357,2,9,0,18,0,8,0,0,0,0,4,1,6,1,4,973,1,13,9,1
2013073118473,1,9,0,18,0,0,0,0,0,0,1,1,6,1,5,2495,1,12,3,1
2013073118659,1,9,0,17,0,0,0,0,1,2,1,1,6,1,6,1968,2,2,7,3
2013073119025,1,3,0,18,0,8,5,0,0,0,1,1,2,1,7,-1,-1,-1,2,1
2013073119025,2,9,0,9,0,5,0,0,0,0,4,1,6,1,7,1596,1,2,1,1
2013073119134,1,9,0,3,0,1,0,0,0,0,1,1,6,1,7,1986,2,6,9,1
2013073119134,2,9,0,11,0,1,0,0,0,0,2,1,6,2,7,2993,2,4,-1,-1
2013073119154,1,9,0,18,0,0,0,0,0,0,1,1,6,1,9,1998,2,11,5,1
2013073119154,2,1,0,12,0,0,0,0,0,0,3,1,6,2,10,-1,-1,-1,9,1
2013073119251,1,5,0,16,0,0,0,0,7,0,0,1,2,1,8,749,1,16,1,1
2013073119298,1,9,0,18,0,0,1,0,4,0,4,1,6,1,5,1794,1,11,10,2
2013073119298,2,21,1,18,0,0,0,0,0,0,3,1,1,1,7,12130,2,7,4,1
2013073119298,3,9,0,18,0,0,0,0,4,0,2,1,1,1,7,1998,2,3,5,1
2013073119298,4,9,0,18,0,0,0,0,4,0,1,1,1,1,9,1997,2,2,2,1
2013073119417,1,9,0,9,0,8,0,0,0,0,1,1,6,1,6,1799,1,7,5,1
2013073119417,2,9,0,18,0,8,0,0,0,0,3,1,6,2,7,1248,1,4,8,1
2013073120077,1,19,0,18,0,1,0,0,0,0,1,1,1,1,10,1997,2,9,1,1
2013073120077,2,9,0,18,0,1,0,0,0,0,0,1,6,2,9,2967,1,8,10,1
2013073120077,3,9,0,18,0,1,0,0,0,0,2,1,6,1,8,1794,1,10,8,1
2013073120095,1,9,0,9,0,6,0,0,0,0,1,1,6,2,7,1598,1,6,7,1
2013073120095,2,9,0,18,0,8,0,0,0,0,1,1,6,1,6,1998,1,16,3,1
2013073120328,1,19,0,18,0,0,0,0,0,0,1,1,1,1,8,2464,2,5,4,1
2013073120328,2,9,0,4,0,0,0,0,0,0,2,1,6,2,7,1968,2,1,9,1
2013073120398,1,5,0,18,0,0,0,0,5,7,3,1,6,1,6,599,1,2,3,1
2013073121128,1,9,0,13,0,0,0,0,0,0,0,1,6,3,-1,-1,-1,-1,-1,-1
2013073121128,2,9,0,18,0,0,0,0,0,0,1,1,6,1,6,1360,1,9,6,1
2013073121128,3,9,0,18,0,0,0,0,0,0,2,1,6,2,7,1248,1,3,7,1
2013073121402,1,9,0,1,0,0,0,0,0,0,2,1,6,1,8,1968,2,6,2,1
2013073121404,1,9,0,1,0,0,0,0,0,0,2,1,6,1,6,1988,2,8,1,1
2013073121404,2,9,0,2,0,0,0,0,0,0,1,1,6,2,5,1242,1,11,1,1
2013073121489,1,9,0,9,0,5,0,0,0,0,0,1,6,2,7,1149,1,10,6,1
2013073121489,2,1,0,18,0,1,0,0,0,0,0,1,6,2,7,-1,-1,-1,3,1
2013073122053,1,9,0,18,0,8,0,0,7,0,4,1,6,1,11,1242,1,3,4,1
2013073122053,2,1,0,9,0,8,5,0,0,0,3,1,6,1,7,-1,-1,-1,-1,-1
2013073122154,1,5,0,18,0,0,0,0,0,0,1,1,6,1,9,998,1,22,7,3
2013073122154,2,9,0,4,0,0,0,0,0,0,0,1,6,1,7,1951,2,12,6,1
2013073122209,1,9,0,5,0,2,0,0,0,0,1,1,6,1,11,1769,1,8,4,1
2013073122209,2,3,0,18,0,1,0,0,0,0,3,1,6,1,8,1250,1,10,3,1
2013073122528,1,9,0,9,0,8,0,0,7,0,3,1,6,1,6,1997,2,11,4,1
2013073122528,2,5,0,14,0,8,0,0,7,0,1,1,6,1,8,1402,1,7,4,1
2013073122528,3,5,0,14,0,1,1,0,7,0,4,1,6,1,8,1050,1,6,4,2
2013073123004,1,19,0,18,0,2,0,0,0,0,1,1,6,1,7,2689,2,12,6,1
2013073123004,2,9,0,3,0,2,0,0,0,0,2,1,6,2,5,973,1,11,8,1
2013073123029,1,9,0,18,0,8,0,0,3,11,3,1,2,2,6,1560,2,1,4,1
2013073123029,2,9,0,18,0,8,0,0,0,0,1,1,2,2,8,1986,2,8,10,1
2013073123176,1,9,0,18,0,0,0,0,0,0,2,1,1,1,6,-1,-1,-1,1,1
2013073123176,2,9,0,4,0,0,0,0,0,0,1,1,2,2,5,1198,1,8,10,1
2013073123183,1,9,0,11,0,1,0,0,0,0,1,1,6,1,7,1390,1,11,9,1
2013073123183,2,9,0,12,0,1,0,0,0,0,3,1,6,2,5,954,1,18,1,1
2013073123190,1,5,0,16,0,0,0,0,4,6,3,1,6,1,5,675,1,3,-1,-1
2013073123198,1,9,0,4,0,0,0,0,0,0,0,1,6,2,5,1997,2,12,7,3
2013073123203,1,9,0,18,0,8,1,7,7,10,1,1,6,3,-1,-1,-1,-1,-1,-1
2013073123275,1,9,0,7,0,2,0,0,0,0,4,1,6,1,9,-1,-1,-1,9,1
2013073123275,2,3,0,18,0,2,0,0,0,0,3,1,6,1,6,125,1,11,6,1
2013073123393,1,1,0,5,0,6,0,0,0,0,3,1,6,1,4,-1,-1,-1,-1,-1
2013073123393,2,9,0,18,0,2,0,0,0,0,1,1,6,2,9,1997,1,15,6,3
2013073123524,1,9,0,9,0,7,0,0,0,0,1,1,6,1,10,1968,2,7,8,3
2013073123524,2,9,0,18,0,1,0,0,0,0,2,1,6,2,5,1364,1,7,-1,-1