Accident_Index,Vehicle_Reference,Vehicle_Type,Towing_and_Articulation,Vehicle_Manoeuvre,Vehicle_Location-Restricted_Lane,Junction_Location,Skidding_and_Overturning,Hit_Object_in_Carriageway,Vehicle_Leaving_Carriageway,Hit_Object_off_Carriageway,1st_Point_of_Impact,Was_Vehicle_Left_Hand_Drive?,Journey_Purpose_of_Driver,Sex_of_Driver,Age_Band_of_Driver,Engine_Capacity_(CC),Propulsion_Code,Age_of_Vehicle,Driver_IMD_Decile,Driver_Home_Area_Type
2013073123725,1,19,0,9,0,1,1,0,6,0,0,1,6,1,7,2151,2,12,8,3
2013073123725,2,9,0,18,0,8,1,4,1,10,0,1,1,2,7,1910,2,4,-1,-1
2013073123725,3,20,1,3,0,1,0,0,0,0,3,1,1,1,5,-1,-1,-1,-1,-1
2013073124078,1,9,0,15,0,0,0,0,0,0,1,1,6,3,-1,-1,-1,-1,-1,-1
2013073124090,1,9,0,17,0,0,1,0,7,10,1,1,2,1,7,1332,1,15,5,1
2013073124179,1,11,0,7,0,5,0,0,0,0,0,1,6,1,8,4462,2,6,-1,-1
2013073124179,2,9,0,7,0,5,0,0,0,0,0,1,6,3,-1,-1,-1,-1,-1,-1
2013073124229,1,9,0,5,0,1,0,0,0,0,1,1,6,2,7,1242,1,6,-1,-1
2013073124229,2,9,0,3,0,1,0,0,0,0,2,1,6,1,4,1248,2,-1,8,3
2013073124269,1,9,0,18,0,0,1,0,0,0,1,1,6,1,5,1360,1,10,4,1
2013073124269,2,9,0,4,0,0,0,0,0,0,2,1,6,1,6,2198,2,7,-1,1
2013073124269,3,9,0,4,0,0,0,0,0,0,2,1,6,1,10,1560,2,1,7,1
2013073124274,1,9,0,7,0,2,0,0,0,0,1,1,6,2,4,1149,1,-1,4,1
2013073124274,2,8,0,18,0,1,0,0,0,0,4,1,1,1,7,2664,2,12,6,1
2013073124306,1,9,0,7,0,1,0,0,0,0,1,1,6,1,5,1149,1,12,8,1
2013073124306,2,9,0,4,0,1,0,0,0,0,1,1,6,2,7,2188,2,6,7,1
2013073124394,1,9,0,18,0,0,0,0,0,0,3,1,6,2,4,-1,-1,-1,-1,-1
2013073124394,2,9,0,3,0,0,0,0,0,0,3,1,1,1,5,-1,-1,-1,4,2
2013073124496,1,9,0,15,0,1,0,0,0,0,4,1,2,1,7,1799,1,6,2,1
2013073124496,2,10,0,4,0,1,0,0,0,0,0,1,1,1,9,-1,-1,-1,2,1
2013073124496,3,3,0,9,0,1,0,0,0,0,3,1,2,1,5,-1,-1,-1,2,1
2013073124677,1,9,0,18,0,8,0,0,0,0,1,1,2,1,9,1560,2,2,8,1
2013073124982,1,9,0,9,0,6,0,0,0,0,2,1,6,1,5,1242,1,8,8,3
2013073124982,2,5,0,18,0,1,0,0,0,0,1,1,2,1,5,649,1,1,8,1
2013073125022,1,9,0,13,0,0,1,0,7,0,1,1,6,1,5,1587,1,11,9,1
2013073125022,2,9,0,18,0,0,0,0,0,0,1,1,6,1,10,1799,1,7,8,3
2013073125139,1,9,0,18,0,0,0,0,0,0,1,1,2,2,7,1686,2,9,10,3
2013073125139,2,9,0,12,0,0,0,0,0,0,0,1,6,2,7,1242,1,5,3,1
2013073125139,3,21,1,18,0,0,0,0,0,0,3,1,1,1,7,12900,2,1,-1,-1
2013073125149,1,9,0,5,0,6,0,0,0,0,1,1,6,2,9,1124,1,10,10,3
2013073125149,2,1,0,18,0,2,0,0,0,0,2,1,6,1,8,-1,-1,-1,9,2
2013073125198,1,2,0,18,0,0,1,0,0,0,0,1,4,1,4,49,1,3,10,1
2013073125198,2,9,0,5,0,0,0,0,0,0,0,1,2,2,9,1240,1,11,8,1
2013073125256,1,9,0,14,0,0,0,0,0,0,3,1,6,3,-1,-1,-1,-1,-1,-1
2013073125256,2,1,0,18,0,0,2,0,0,0,3,1,6,1,6,-1,-1,-1,2,1
2013073125315,1,11,0,18,0,1,0,0,0,0,0,1,1,1,6,7300,2,4,5,1
2013073125573,1,5,0,18,0,0,1,0,0,0,0,1,6,2,7,599,1,15,1,1
2013073125609,1,9,0,16,0,0,0,0,0,0,1,1,6,1,-1,-1,-1,-1,-1,-1
2013073125638,1,19,0,18,0,1,0,0,0,0,1,1,6,1,-1,2198,2,7,3,1
2013073125638,2,9,0,3,0,1,0,0,0,0,2,1,6,2,7,1299,1,5,-1,-1
2013073125656,1,9,0,18,0,0,1,10,1,11,1,1,6,2,6,1896,2,9,9,3
2013073125656,2,9,0,2,0,0,0,0,0,0,2,1,6,3,-1,1839,1,10,-1,-1
2013073125656,3,9,0,2,0,0,0,0,0,0,2,1,6,3,-1,1398,2,4,-1,-1
2013073125693,1,9,0,18,0,0,1,0,1,0,3,1,6,2,8,1997,2,11,10,2
2013073125707,1,19,0,13,0,8,0,0,0,0,3,1,6,1,5,2198,2,3,-1,-1
2013073125707,2,9,0,7,0,6,0,0,0,0,3,1,6,2,7,2198,2,7,5,3
2013073125771,1,9,0,18,0,0,1,0,0,0,1,1,2,1,6,1360,1,10,1,1
2013073125771,2,9,0,3,0,0,0,0,0,0,2,1,2,2,8,1995,2,11,9,1
2013073125771,3,9,0,3,0,0,0,0,0,0,2,1,3,2,7,2401,2,9,5,1
2013073126235,1,9,0,4,0,0,0,0,0,0,1,1,6,1,10,1753,2,9,2,1
2013073126235,2,9,0,3,0,0,0,0,0,0,2,1,6,2,7,1086,1,6,6,1
2013073126235,3,9,0,3,0,0,0,0,0,0,2,1,1,1,5,1248,2,2,1,1
2013073126646,1,9,0,4,0,1,0,0,0,0,0,1,6,3,-1,-1,-1,-1,-1,-1
2013073126646,2,11,0,4,0,1,0,0,0,0,0,1,1,1,8,7300,2,10,-1,-1
2013073126669,1,9,0,18,0,0,5,0,1,3,1,1,6,1,11,1991,2,9,7,3
2013073126779,1,9,0,18,0,1,0,0,0,0,1,1,6,2,7,1598,1,10,5,1
2013073126779,2,9,0,2,0,1,0,0,0,0,2,1,6,1,6,-1,3,1,10,1
2013073126779,3,9,0,2,0,1,0,0,0,0,2,1,2,1,7,1685,2,1,10,2
2013073126825,1,9,0,18,0,2,1,10,1,11,1,1,2,1,8,1910,2,6,10,1
2013073126854,1,9,0,1,0,0,0,0,0,0,2,1,6,1,8,1149,1,12,3,1
2013073126854,2,9,0,2,0,0,0,0,0,0,1,1,6,1,6,2993,2,3,1,1
2013073127027,1,8,0,5,0,0,0,0,0,0,4,1,1,1,9,1995,2,9,3,1
2013073127521,1,9,0,1,0,6,0,0,1,11,2,1,6,2,10,1242,1,11,6,1
2013073127556,1,9,0,9,0,1,0,0,0,0,1,1,6,1,8,1399,2,4,4,1
2013073127556,2,9,0,18,0,1,0,0,0,0,4,1,6,2,8,1388,1,3,3,1
2013073127604,1,9,0,17,0,0,1,0,7,11,3,1,6,1,5,1388,1,10,3,1
2013073127714,1,9,0,18,0,0,0,0,0,0,1,1,6,1,10,3199,1,9,8,1
2013073127714,2,9,0,18,0,0,0,0,1,0,3,1,1,1,9,-1,-1,-1,7,3
2013073127766,1,9,0,18,0,1,0,0,0,0,1,1,1,2,8,1998,2,10,1,1
2013073127766,2,9,0,3,0,1,0,0,0,0,2,1,6,2,6,1461,2,7,1,1
2013073128583,1,9,0,9,0,0,0,0,0,0,1,1,6,1,6,2967,2,4,2,1
2013073128583,2,1,0,13,0,0,0,0,0,0,1,1,6,1,8,-1,-1,-1,9,1
2013073128697,1,9,0,18,0,0,0,0,0,0,4,1,6,1,9,-1,-1,-1,-1,-1
2013073128750,1,9,0,12,0,0,1,0,2,7,1,1,6,2,5,1388,1,5,3,1
2013073128920,1,9,0,4,0,0,1,10,8,4,1,1,2,1,4,1198,1,7,9,1
2013073129040,1,9,0,18,0,8,0,0,0,0,1,1,1,1,6,1461,2,7,2,1
2013073129040,2,9,0,10,0,8,0,0,4,0,1,1,1,2,4,1242,1,1,9,1
2013073129040,3,9,0,10,0,8,0,0,0,0,1,1,1,1,6,2401,2,11,5,1
2013073129091,1,9,0,9,0,6,0,0,0,0,1,1,6,1,4,1896,2,10,10,2
2013073129091,2,3,0,14,0,1,1,0,0,0,1,1,2,1,5,124,1,4,2,1
2013073129316,1,2,0,18,0,1,5,0,0,0,1,1,6,1,4,49,1,8,5,1
2013073129316,2,9,0,4,0,1,0,0,0,0,2,1,1,1,4,1461,2,3,2,1
2013073129322,1,21,1,5,0,0,0,7,0,0,1,1,1,1,8,11946,2,5,1,1
2013073129322,2,1,0,5,0,0,5,0,0,0,2,1,6,1,8,-1,-1,-1,8,1
2013073129326,1,10,0,18,0,0,0,0,0,0,4,1,6,1,8,1998,2,10,4,1
2013073129570,1,9,0,5,0,0,0,0,0,0,1,1,6,1,9,1596,1,11,2,1
2013073129615,1,3,0,18,0,1,0,0,0,0,1,1,1,1,4,124,1,3,7,1
2013073129615,2,9,0,9,0,1,0,0,0,0,3,1,1,1,7,1149,1,11,8,1
2013073130036,1,9,0,18,0,0,0,0,4,6,3,1,2,2,6,1995,2,5,10,1
2013073130036,2,19,0,18,0,0,0,0,0,0,4,1,2,1,7,1598,2,1,5,1
2013073130045,1,9,0,1,0,8,0,0,0,0,2,1,6,1,8,2143,2,2,2,1
2013073130076,1,9,0,5,0,0,0,0,0,0,1,1,1,1,7,1998,2,8,9,1
2013073130076,2,9,0,5,0,0,0,0,0,0,2,1,1,1,9,1560,2,6,5,2
2013073130076,3,9,0,5,0,0,0,0,0,0,2,1,6,2,8,1332,1,3,3,1
2013073130263,1,9,0,9,0,8,0,0,0,0,1,1,6,1,7,1870,2,10,4,1
2013073130263,2,9,0,18,0,1,0,4,0,0,1,1,6,1,9,1905,2,15,8,1
2013073130263,3,9,0,2,0,2,0,0,0,0,1,1,6,1,8,1968,2,4,2,1
2013073130287,1,9,0,17,0,0,0,0,0,0,1,1,6,2,7,1598,1,7,10,1
2013073130367,1,1,0,18,0,0,0,0,0,0,4,1,4,1,3,-1,-1,-1,-1,-1
2013073130367,2,9,0,5,0,0,0,0,0,0,1,1,6,1,9,1796,1,12,-1,-1
2013073130399,1,9,0,18,0,0,0,0,0,0,1,1,6,2,9,998,1,2,3,1
2013073130434,1,9,0,18,0,0,0,0,0,0,1,1,1,2,7,1799,1,7,-1,-1
2013073130434,2,9,0,3,0,0,0,0,0,0,2,1,1,2,6,1598,1,5,-1,-1
2013073130500,1,9,0,18,0,1,0,0,0,0,0,1,2,2,5,1229,1,7,10,1
2013073130500,2,9,0,3,0,1,0,0,0,0,0,1,6,1,8,-1,-1,-1,10,2
2013073130500,3,9,0,10,0,1,0,0,0,0,0,1,6,1,7,1396,1,4,10,1
2013073130539,1,9,0,5,0,4,0,0,0,0,0,1,6,1,7,2499,2,13,-1,-1
2013073130539,2,3,0,18,0,4,2,0,0,0,0,1,6,1,4,125,1,-1,-1,-1
2013073130928,1,9,0,18,0,0,5,0,1,0,1,1,6,1,10,848,1,14,7,1
2013073130993,1,19,0,7,0,6,0,0,0,0,1,1,3,1,6,1753,2,7,8,1
2013073130993,2,1,0,18,0,8,0,0,0,0,4,1,6,1,9,-1,-1,-1,1,1
2013073131057,1,9,0,4,0,4,0,0,0,0,1,1,6,1,5,1242,1,6,5,1
2013073131058,1,9,0,5,0,4,0,0,0,0,1,1,6,2,11,1108,1,13,8,1
2013073131058,2,1,0,18,0,8,0,0,0,0,2,1,6,1,10,-1,-1,-1,7,1
2013073131133,1,9,0,4,0,4,1,0,0,0,1,1,6,1,5,1242,1,11,9,1
2013073131133,2,9,0,18,0,3,0,0,0,0,4,1,6,2,7,2499,2,12,9,1
2013073131157,1,9,0,1,8,0,0,0,0,0,0,1,6,3,-1,-1,-1,-1,-1,-1
2013073131157,2,11,0,18,0,0,0,0,0,0,0,1,1,1,6,7300,2,4,3,1
2013073131483,1,9,0,14,0,0,0,0,0,0,1,1,6,1,10,998,1,10,4,1
2013073131577,1,5,0,18,0,0,1,0,0,0,1,1,6,1,9,1298,1,13,7,1
2013073131577,2,5,0,18,0,0,0,0,0,0,4,1,6,1,8,1137,1,13,5,1
2013073131577,3,9,0,18,0,0,0,0,0,0,2,1,6,1,8,2967,2,6,-1,1
2013073131704,1,19,0,9,0,5,0,0,0,0,1,1,6,1,5,2402,2,6,4,1
2013073131704,2,1,0,18,0,1,2,0,0,0,1,1,6,1,7,-1,-1,-1,3,1
2013073132208,1,9,0,7,0,8,0,0,0,0,1,1,6,1,10,1598,1,9,3,1
2013073132208,2,1,0,18,0,8,0,0,0,0,4,1,6,1,9,-1,-1,-1,1,1
2013073132470,1,8,0,14,0,1,0,0,0,0,1,1,1,1,9,1896,2,4,6,1
2013073132470,2,5,0,16,0,2,5,0,0,0,1,1,6,1,7,1157,1,15,2,1
2013073132576,1,9,0,18,0,1,0,0,0,0,1,1,6,3,-1,-1,-1,-1,-1,-1
2013073132576,2,1,0,9,0,1,0,0,0,0,3,1,6,1,3,-1,-1,-1,-1,-1
2013073132772,1,9,0,9,0,2,0,0,2,4,1,1,6,1,6,1796,1,11,3,1
2013073133200,1,10,0,3,0,4,0,0,0,0,1,1,6,1,9,1998,2,9,-1,-1
2013073133200,2,9,0,3,0,4,0,0,0,0,2,1,2,2,7,1598,1,1,10,1
2013073133208,1,9,0,5,0,0,0,0,0,0,1,1,2,1,7,1910,2,6,3,1
2013073133208,2,1,0,18,0,0,0,0,0,0,3,1,2,1,5,-1,-1,-1,1,1
2013073133283,1,9,0,12,0,0,2,0,1,0,0,1,6,2,5,1242,1,6,7,1
2013073133451,1,9,0,18,8,0,0,0,0,0,1,1,6,2,-1,2979,1,11,4,1
2013073133671,1,9,0,4,0,0,0,0,0,0,1,1,6,2,7,2987,2,7,-1,3
2013073133671,2,10,0,3,0,0,0,0,0,0,2,1,1,1,8,-1,-1,-1,-1,1
2013073133981,1,9,0,18,0,0,0,0,0,0,4,1,6,2,5,998,1,17,-1,3
2013073134425,1,5,0,16,0,0,0,0,0,0,3,1,6,1,9,-1,-1,-1,8,1
2013073134425,2,9,0,17,0,0,1,0,0,0,3,1,6,1,7,1753,2,7,1,1
2013073134522,1,9,0,18,0,4,0,0,0,0,1,1,6,1,11,1386,1,6,9,1
2013073134522,2,9,0,3,0,4,0,0,0,0,2,1,6,2,8,998,1,4,-1,1
2013073134522,3,9,0,18,0,4,0,0,0,0,1,1,6,3,-1,-1,-1,-1,-1,-1
2013073134640,1,9,0,9,0,6,0,0,0,0,3,1,6,2,11,1495,1,12,9,1
2013073134640,2,9,0,18,0,1,1,0,0,0,1,1,6,1,5,1199,1,11,6,1
2013073134640,3,9,0,10,0,1,0,0,0,0,3,1,6,2,8,1586,1,6,7,3
2013073134658,1,9,0,18,0,0,0,0,7,0,3,1,6,2,8,1498,1,1,6,3
2013073134658,2,9,0,18,0,0,0,0,0,0,3,1,6,2,6,1598,1,8,6,2
2013073134687,1,9,0,18,0,1,0,0,0,0,0,1,6,3,-1,-1,-1,-1,-1,-1
2013073134687,2,1,0,18,0,1,0,0,0,0,0,1,6,1,10,-1,-1,-1,10,2
2013073134967,1,9,0,9,0,1,0,0,0,0,4,1,6,1,6,1242,1,11,10,1
2013073134967,2,3,0,18,0,1,5,0,0,0,1,1,6,1,6,996,1,9,7,1
2013073135297,1,9,0,18,0,1,0,0,0,0,1,1,6,1,4,1149,1,16,7,1
2013073135297,2,9,0,3,0,1,0,0,0,0,2,1,6,1,7,1749,1,11,8,3
2013073135297,3,9,0,3,0,1,0,0,0,0,2,1,6,1,8,1968,2,3,9,1
2013073135297,4,9,0,3,0,1,0,0,0,0,0,1,6,1,8,2179,2,4,10,1
2013073135322,1,9,0,4,0,0,0,0,0,0,1,1,6,2,6,1560,2,-1,6,1
2013073135322,2,9,0,4,0,0,0,0,0,0,1,1,6,1,8,1997,2,3,9,1
2013073135322,3,9,0,3,0,0,0,0,0,0,2,1,6,2,7,1999,1,4,8,1
2013073135347,1,1,0,18,0,0,0,0,0,0,1,1,6,1,9,-1,-1,-1,-1,-1
2013073135347,2,9,0,18,0,0,0,0,0,0,3,1,6,1,10,1560,2,7,-1,-1
2013073135347,3,1,0,18,0,0,0,0,0,0,1,1,6,1,9,-1,-1,-1,-1,-1
2013073135347,4,1,0,18,0,0,0,0,0,0,1,1,6,1,8,-1,-1,-1,-1,-1
2013073135456,1,5,0,18,0,1,0,0,0,0,1,1,6,1,9,650,1,-1,10,1
2013073135456,2,9,0,18,0,1,0,0,0,0,3,1,6,2,9,1299,1,14,9,1
2013073135697,1,9,0,18,0,0,2,0,7,11,1,1,6,1,7,1998,1,7,10,1
2013073135728,1,19,0,15,0,0,0,0,0,0,4,2,6,3,-1,-1,-1,-1,-1,-1
2013073135728,2,1,0,18,0,0,0,10,1,10,0,1,6,1,5,-1,-1,-1,-1,-1
2013073135879,1,90,0,18,0,8,0,0,0,0,1,1,6,2,10,2446,2,15,8,3
2013073135879,2,1,0,18,0,6,0,0,0,0,2,1,6,1,4,-1,-1,-1,5,1
2013073136088,1,5,0,18,0,1,2,0,0,0,0,1,2,1,8,1312,1,6,7,1
2013073136088,2,9,0,9,0,2,0,0,0,0,0,1,2,2,8,1598,1,8,3,1
2013073136089,1,9,0,18,0,0,0,0,0,0,0,1,1,1,5,1248,2,5,10,2
2013073136375,1,9,0,1,0,0,0,0,0,0,2,1,6,2,-1,-1,-1,-1,-1,-1
2013073136448,1,9,0,18,0,0,0,0,0,0,1,1,6,2,7,1598,1,14,1,1
2013073136448,2,9,0,2,0,0,0,0,0,0,2,1,6,1,8,1364,1,8,1,1
2013073136608,1,9,0,18,0,8,0,0,0,0,3,1,6,2,11,1397,1,3,5,3
2013073136608,2,9,0,18,0,8,0,0,0,0,1,1,6,2,5,1870,2,13,10,1
2013073136922,1,9,0,18,0,0,0,0,0,0,4,1,6,3,-1,-1,-1,-1,-1,-1
2013073137094,1,9,0,18,0,4,0,0,0,0,0,1,1,1,5,1560,2,3,10,1
2013073137094,2,9,0,18,0,8,0,0,0,0,0,1,1,1,6,1560,2,3,8,1
2013073137139,1,11,0,18,0,8,0,0,0,0,4,1,1,1,6,3900,2,7,1,1
2013073137221,1,17,0,5,0,6,0,0,0,0,3,1,6,1,4,-1,2,5,-1,-1
2013073137221,2,2,0,18,0,8,0,0,0,0,1,1,6,2,9,49,1,2,6,3
2013073137599,1,3,0,17,0,1,0,0,1,10,1,1,2,1,4,125,1,-1,7,1
2013073137724,1,5,0,17,0,0,1,0,1,4,1,1,6,1,5,675,1,4,7,3
2013073138365,1,9,0,9,0,1,0,0,0,0,3,1,6,2,9,2199,1,18,9,1
2013073138365,2,1,0,18,0,1,0,0,0,0,1,1,6,1,9,-1,-1,-1,3,1
2013073138459,1,9,0,18,0,0,0,0,0,0,1,1,6,1,-1,-1,-1,-1,-1,-1
2013073138603,1,9,0,18,0,0,5,7,0,0,4,1,2,1,8,1560,2,9,10,1
2013073138847,1,3,0,18,0,1,2,0,0,0,0,1,6,1,4,125,1,10,5,1
2013073138894,1,9,0,13,0,0,0,0,0,0,1,1,6,3,-1,-1,-1,-1,-1,-1
2013073138894,2,1,0,18,0,0,0,0,0,0,2,1,2,2,5,-1,-1,-1,9,1
2013073138939,1,19,0,18,0,8,0,0,0,0,3,1,6,1,6,2198,2,6,5,1
2013073138939,2,8,0,18,0,1,0,0,0,0,1,1,2,1,9,2496,2,13,4,1
2013073138950,1,9,0,16,0,0,0,0,1,2,1,1,6,2,8,1299,1,12,2,1
2013073139049,1,9,0,17,0,0,5,0,1,10,1,1,2,2,8,1990,1,19,6,3
2013073139055,1,9,0,4,0,0,0,0,0,0,1,1,1,1,6,-1,-1,-1,7,1
2013073139055,2,9,0,4,0,0,0,0,0,0,2,1,6,1,5,1796,1,4,-1,1
2013073139086,1,9,0,4,0,0,1,0,0,0,1,1,6,2,5,1360,1,12,8,1
2013073139086,2,9,0,4,0,0,0,0,0,0,2,1,2,2,7,1798,1,3,4,1
2013073139433,1,9,0,5,0,1,0,0,0,0,4,1,6,1,7,1985,1,15,3,1
2013073139433,2,9,0,4,0,1,0,0,0,0,1,1,6,1,6,1686,2,1,4,1
2013073139433,3,9,0,2,0,1,0,0,0,0,3,1,6,2,5,1910,2,5,7,3
2013073139464,1,9,0,9,0,8,0,0,0,0,2,1,6,1,10,1598,1,9,8,1
2013073139464,2,2,0,13,0,8,0,0,0,0,1,1,6,2,4,49,1,7,2,1
2013073139519,1,9,0,4,0,0,0,0,0,0,2,1,6,2,6,1956,2,-1,10,1
2013073139519,2,9,0,4,0,0,0,0,0,0,2,1,2,1,8,1995,2,-1,2,1
2013073139519,3,9,0,18,0,0,1,0,4,6,1,1,6,1,9,1461,2,4,-1,3
2013073139519,4,9,0,18,0,0,1,0,0,0,1,1,2,1,6,2179,2,3,10,1
2013073139560,1,11,0,12,0,1,0,0,0,0,0,1,6,1,9,12000,2,11,8,1
2013073139560,2,9,0,5,0,1,0,0,0,0,0,1,6,1,7,-1,-1,-1,2,2
2013073139581,1,11,0,18,0,0,0,0,0,0,0,1,1,1,8,3900,2,7,4,1
2013073139816,1,9,0,18,0,2,1,0,0,0,1,2,6,1,5,1388,1,11,6,1
2013073139816,2,9,0,2,0,2,0,0,0,2,2,2,6,3,-1,1798,1,5,-1,-1
2013073139879,1,9,0,9,0,1,0,0,0,0,1,1,6,2,4,1242,1,8,9,1
2013073139879,2,9,0,18,0,1,0,0,0,0,4,1,6,2,10,1596,1,10,9,1
2013073140091,1,9,0,2,0,0,0,0,0,0,3,1,6,2,8,1199,1,9,10,1
2013073140091,2,1,0,18,0,0,0,0,0,0,1,1,4,1,3,-1,-1,-1,10,1
2013073140296,1,9,0,4,0,0,0,0,0,0,2,1,6,1,7,-1,-1,-1,-1,3
2013073140296,2,9,0,18,0,0,1,0,0,0,1,1,6,1,5,-1,-1,-1,1,1
2013073140552,1,9,0,4,0,0,0,0,0,0,3,1,6,2,8,2204,2,6,4,1
2013073140552,2,9,0,4,0,0,0,0,0,0,1,1,6,1,8,-1,-1,-1,-1,-1
2013073140552,3,9,0,4,0,0,0,0,0,0,1,1,6,1,6,1796,1,11,5,1
2013073140552,4,9,0,4,0,0,0,0,0,0,1,1,6,1,6,1910,2,8,7,1
2013073140552,5,9,0,3,0,0,0,0,0,0,0,1,6,1,6,1796,1,6,-1,1
2013073140586,1,19,0,15,0,0,0,0,0,0,1,1,1,1,6,2143,2,2,4,1
2013073140586,2,9,0,18,0,0,0,0,0,0,1,1,6,1,11,1200,1,9,7,1
2013073140613,1,9,0,9,0,8,0,0,0,0,4,1,6,1,11,2494,1,16,5,1
2013073140613,2,10,0,18,0,8,0,0,0,0,1,1,1,1,10,2400,2,10,8,1
2013073140660,1,9,0,17,0,0,0,0,7,4,1,1,6,2,11,1753,2,9,9,1
2013073140784,1,9,0,1,0,6,0,0,0,0,2,1,6,2,8,1398,2,7,2,1
2013073140784,2,9,0,5,0,2,0,0,0,0,1,1,6,2,6,1242,1,1,1,1
2013073141044,1,21,1,5,0,0,0,0,0,0,4,1,1,1,-1,12777,2,-1,-1,-1
2013073141290,1,9,0,18,0,0,1,0,7,3,3,1,6,1,6,1679,1,13,2,1
2013073141294,1,9,0,17,0,0,1,0,0,0,4,1,6,1,6,1198,1,9,5,1
2013073141294,2,9,0,16,0,0,0,0,0,0,1,1,6,1,7,1984,1,13,5,1
2013073141381,1,90,0,4,0,0,0,0,0,0,2,2,6,1,9,-1,-1,-1,-1,-1
2013073141381,2,9,0,4,0,0,0,0,0,0,2,1,6,2,6,1598,1,10,5,1
2013073141381,3,9,0,4,0,0,1,0,0,0,1,1,6,1,6,1968,2,5,-1,-1
2013073141381,4,9,0,4,0,0,0,0,0,0,2,1,6,1,5,1896,2,11,-1,2
2013073141381,5,9,0,4,0,0,1,0,0,0,1,1,6,1,5,998,1,1,5,1
2013073141387,1,9,0,18,0,0,0,0,0,0,1,1,6,1,7,2993,2,6,3,1
2013073141387,2,9,0,18,0,0,0,0,0,0,2,1,6,1,9,1598,2,3,5,2
2013073141387,3,9,0,18,0,0,0,0,0,0,2,1,6,1,6,1596,1,7,7,1
2013073141387,4,9,0,18,0,0,0,0,0,0,2,1,6,1,6,1870,2,10,3,1
2013073141387,5,9,0,11,0,0,0,0,0,0,1,1,6,3,-1,-1,-1,-1,-1,-1
2013073141387,6,9,0,18,0,0,0,0,0,0,2,1,6,1,10,1598,1,6,7,2
2013073141501,1,9,0,9,0,8,0,0,0,0,3,1,1,2,8,999,1,4,10,1
2013073141501,2,1,0,18,0,1,0,0,0,0,1,1,6,1,7,-1,-1,-1,4,1
2013073141529,1,5,0,18,0,8,0,0,0,0,1,1,6,1,7,781,1,11,4,1
2013073141564,1,19,0,15,0,0,0,0,0,0,3,1,6,3,-1,1998,2,12,-1,-1
2013073141564,2,9,0,18,0,0,0,0,0,0,4,1,2,1,6,2993,2,8,10,1
2013073141583,1,9,0,9,0,0,0,0,0,0,3,1,6,1,8,1796,1,6,9,1
2013073141583,2,5,0,13,0,0,0,0,0,0,4,1,6,1,5,599,1,22,6,2
2013073141605,1,9,0,9,0,0,0,0,0,0,3,1,6,2,8,1598,1,4,8,3
2013073141605,2,4,0,18,0,0,5,0,0,0,1,1,6,1,6,749,1,8,10,2
2013073141669,1,5,0,13,0,1,0,0,0,0,1,1,6,1,9,865,1,1,9,1
2013073141669,2,1,0,9,0,1,0,0,0,0,3,1,6,1,7,-1,-1,-1,10,1
2013073141686,1,9,0,18,0,0,0,0,7,11,4,1,2,2,6,2499,2,16,8,1
2013073141686,2,9,0,2,0,0,0,0,0,0,4,1,6,3,-1,1995,2,7,8,1
2013073141721,1,9,0,4,0,1,0,0,0,0,1,1,6,1,6,1868,2,8,1,1
2013073141721,2,9,0,4,0,1,0,0,0,0,2,1,6,2,7,1597,1,5,3,1
2013073141721,3,9,0,4,0,1,0,0,0,0,2,1,6,2,7,1896,2,10,-1,3
2013073142679,1,9,0,9,0,2,0,0,0,0,3,1,6,1,10,1596,1,4,10,1
2013073142679,2,9,0,18,0,1,0,0,0,0,4,1,6,1,6,1995,2,8,3,1
2013073142869,1,5,0,18,0,0,1,0,0,0,1,1,6,1,6,599,1,11,7,1
2013073142869,2,9,0,18,0,0,0,0,0,0,2,1,6,2,5,1242,1,16,4,1
2013073142869,3,9,0,18,0,0,1,0,0,0,3,1,6,1,8,2000,1,13,-1,1
2013073143398,1,9,0,17,0,0,0,0,1,4,1,1,6,1,4,1149,1,9,10,3
2013073143587,1,9,0,12,0,0,5,0,1,11,1,1,6,2,7,1150,1,9,-1,-1
2013073143746,1,21,1,12,0,0,3,0,0,0,3,1,1,1,8,11705,2,1,1,1
2013073143746,2,9,0,12,0,0,1,0,0,0,1,1,2,1,6,1596,1,6,2,1
2013073143746,3,21,0,18,0,0,0,0,0,0,3,1,1,1,7,6692,2,5,1,1
2013073143914,1,9,0,18,0,8,1,0,0,0,1,1,6,2,6,999,1,13,9,1
2013073143914,2,9,0,4,0,8,0,0,0,0,2,1,6,2,5,1597,1,3,7,1
2013073143977,1,9,0,16,0,8,1,0,7,11,3,1,6,1,4,1149,1,9,10,2
2013073144024,1,9,0,18,0,1,1,0,0,0,1,1,6,1,4,3199,1,14,-1,-1
2013073144024,2,9,0,3,0,1,0,0,0,0,2,1,6,2,8,1368,1,3,2,1
2013073144294,1,9,0,17,0,0,5,0,0,0,3,1,6,2,5,1461,2,12,9,1
2013073144443,1,9,0,4,0,1,0,0,0,0,1,1,6,2,4,1240,1,7,9,1
2013073144443,2,9,0,4,0,1,0,0,0,0,2,1,1,1,9,-1,-1,-1,2,1