Accident_Index,Vehicle_Reference,Vehicle_Type,Towing_and_Articulation,Vehicle_Manoeuvre,Vehicle_Location-Restricted_Lane,Junction_Location,Skidding_and_Overturning,Hit_Object_in_Carriageway,Vehicle_Leaving_Carriageway,Hit_Object_off_Carriageway,1st_Point_of_Impact,Was_Vehicle_Left_Hand_Drive?,Journey_Purpose_of_Driver,Sex_of_Driver,Age_Band_of_Driver,Engine_Capacity_(CC),Propulsion_Code,Age_of_Vehicle,Driver_IMD_Decile,Driver_Home_Area_Type
2013073167798,2,9,0,18,0,1,0,0,0,0,4,1,6,2,7,1995,2,8,7,3
2013073167870,1,9,0,5,0,4,0,0,0,0,1,1,6,2,8,1229,1,6,2,2
2013073167870,2,1,0,18,0,3,0,0,0,0,4,1,6,1,9,-1,-1,-1,9,1
2013073168137,1,21,1,12,0,0,0,0,0,0,1,1,1,1,8,12900,2,2,8,2
2013073168211,1,9,0,1,0,1,0,0,0,0,2,2,6,1,6,2497,2,9,-1,-1
2013073168233,1,19,0,4,0,8,0,0,0,0,1,1,6,1,7,1995,2,5,9,2
2013073168233,2,9,0,4,0,8,0,0,0,0,2,1,1,2,6,1461,2,11,2,1
2013073168321,1,1,0,18,0,1,0,0,0,0,4,1,6,1,7,-1,-1,-1,4,1
2013073168321,2,19,0,7,0,1,0,0,0,0,1,1,1,1,8,1870,2,7,5,1
2013073168526,1,9,0,9,0,1,1,0,0,0,1,1,6,1,7,1753,2,4,1,1
2013073168526,2,1,0,18,0,1,2,0,1,0,1,1,1,1,8,-1,-1,-1,6,1
2013073168694,1,9,0,3,0,1,0,0,0,0,1,1,6,1,6,1910,2,9,7,1
2013073168694,2,9,0,4,0,1,0,0,0,0,2,1,6,1,5,1596,1,12,1,1
2013073168729,1,1,0,18,9,0,0,0,0,0,1,1,6,2,9,-1,-1,-1,5,1
2013073168737,1,2,0,18,0,0,2,0,0,0,4,1,6,1,4,125,1,4,1,1
2013073168864,1,8,0,18,0,3,0,0,0,0,1,1,6,1,-1,-1,-1,-1,-1,-1
2013073168864,2,1,0,5,0,8,0,0,0,0,3,1,6,1,3,-1,-1,-1,10,1
2013073168911,1,5,0,3,0,1,1,4,0,0,1,1,6,1,5,599,1,16,4,1
2013073168911,2,5,0,16,0,1,0,0,0,0,2,1,6,1,6,1157,1,13,6,1
2013073169144,1,9,0,18,0,0,0,0,0,0,1,1,1,1,8,1796,1,13,4,1
2013073169335,1,9,0,9,0,8,0,0,0,0,4,1,1,1,6,1761,1,13,3,1
2013073169335,2,1,0,18,0,8,0,0,0,0,1,1,1,1,8,-1,-1,-1,3,1
2013073169517,1,9,0,18,0,0,1,0,0,7,1,1,6,2,7,1124,1,13,-1,2
2013073169903,1,9,0,18,0,0,1,0,0,0,1,1,6,1,6,998,1,14,2,1
2013073169903,2,9,0,3,0,0,0,0,0,0,2,1,6,2,6,1560,2,5,4,1
2013073170137,1,19,0,5,0,2,0,0,0,0,2,1,6,1,7,1870,2,9,2,1
2013073170137,2,1,0,18,0,8,5,0,0,0,1,1,6,1,9,-1,-1,-1,5,1
2013073170151,1,9,0,18,0,8,0,0,0,0,1,1,2,2,8,1596,1,6,-1,-1
2013073170151,2,9,0,9,0,8,0,0,0,0,4,1,6,2,9,1587,1,9,-1,-1
2013073170180,1,9,0,1,0,6,0,0,0,0,2,2,1,2,7,1598,1,5,10,1
2013073170180,2,1,0,18,0,1,0,0,0,0,1,1,4,1,3,-1,-1,-1,-1,-1
2013073170865,1,9,0,10,0,2,0,0,0,0,2,1,1,1,7,1598,1,8,8,3
2013073170865,2,9,0,18,0,2,1,4,0,0,1,1,6,1,6,1896,2,11,9,1
2013073170874,1,9,0,18,0,0,0,10,0,0,3,1,6,1,10,1596,1,2,5,1
2013073170933,1,9,0,18,0,0,0,0,0,0,4,1,1,2,7,1248,2,4,8,1
2013073171294,1,9,0,18,0,0,1,7,0,6,1,1,6,2,4,1598,1,8,4,1
2013073171407,1,9,0,9,0,4,0,0,0,0,1,1,6,1,-1,1199,1,11,-1,-1
2013073171407,2,9,0,18,0,3,0,0,0,0,4,1,6,2,4,1399,2,4,10,1
2013073171445,1,9,0,4,0,4,1,9,7,1,1,1,6,1,6,1995,2,5,6,1
2013073171515,1,9,0,18,0,0,1,10,5,6,3,1,6,1,5,1398,1,11,7,1
2013073172052,1,9,0,4,0,0,0,0,0,0,2,1,1,1,7,1997,2,2,-1,-1
2013073172052,2,9,0,4,0,0,0,0,0,0,1,1,6,1,5,1968,2,9,5,1
2013073172466,1,21,0,18,0,0,1,0,0,0,1,1,1,1,7,6692,2,2,4,1
2013073172466,2,9,0,18,0,0,0,0,0,0,1,1,2,1,6,1896,2,8,7,1
2013073172481,1,9,0,18,0,0,2,0,0,10,4,1,6,1,4,1242,1,10,-1,-1
2013073172525,1,9,0,18,0,3,0,0,0,0,1,1,6,3,-1,-1,-1,-1,-1,-1
2013073172525,2,1,0,18,0,3,0,0,0,0,1,1,4,1,3,-1,-1,-1,10,1
2013073172897,1,17,4,18,0,6,5,0,0,0,1,1,1,1,10,-1,2,11,7,3
2013073172897,2,19,0,16,0,8,0,0,0,0,1,1,6,1,8,2496,2,19,9,1
2013073172925,1,9,0,9,0,2,0,0,0,0,1,1,6,1,6,1991,2,10,5,1
2013073172925,2,19,0,18,0,8,0,0,0,0,3,1,1,1,7,2179,2,8,6,3
2013073172975,1,9,0,18,0,8,0,0,0,0,1,1,6,1,5,1686,2,8,3,1
2013073173100,1,9,0,9,0,8,0,0,0,0,4,1,6,1,7,1896,2,9,6,1
2013073173100,2,9,0,18,0,8,0,0,0,0,1,1,6,1,9,1396,1,11,7,3
2013073173122,1,9,0,18,0,1,0,0,7,0,1,1,6,1,4,1124,1,11,10,1
2013073173122,2,9,0,9,0,2,0,0,0,0,1,1,6,1,8,1796,1,13,9,1
2013073173253,1,9,0,18,0,0,0,0,1,4,1,1,6,1,4,1229,1,8,10,1
2013073173429,1,9,0,18,0,0,0,0,0,0,1,1,6,1,9,1560,2,-1,7,1
2013073173429,2,21,1,18,0,0,0,0,0,0,2,1,1,1,7,10837,2,3,10,3
2013073173826,1,9,0,3,0,2,0,0,0,0,1,1,6,1,9,1398,1,13,4,1
2013073173826,2,9,0,4,0,2,0,0,0,0,2,1,6,1,6,1796,1,4,2,1
2013073174076,1,19,0,18,0,0,0,0,0,0,4,1,1,1,8,1995,2,3,1,1
2013073174077,1,9,0,17,0,0,0,0,0,0,1,1,6,1,-1,1868,2,12,-1,-1
2013073174077,2,8,0,4,0,0,0,0,0,0,2,1,1,1,7,1997,2,5,2,1
2013073174454,1,2,0,4,0,1,2,0,0,0,3,1,6,1,6,124,1,5,2,1
2013073174552,1,2,0,13,0,0,2,0,0,0,1,1,2,1,6,49,1,13,-1,-1
2013073174569,1,19,0,18,0,0,0,0,0,0,1,1,1,1,7,2402,2,7,7,1
2013073174569,2,9,0,4,0,0,0,0,0,0,2,1,2,2,7,1796,1,2,9,1
2013073174832,1,21,1,12,0,0,1,0,0,0,3,2,1,1,8,-1,-1,-1,-1,-1
2013073174832,2,9,0,18,0,0,2,0,1,0,4,1,6,2,9,1596,1,12,4,1
2013073174978,1,9,0,18,0,8,0,0,0,0,1,1,6,1,6,2494,1,9,5,1
2013073174978,2,4,0,4,0,8,0,0,0,0,2,1,6,1,8,279,1,6,-1,1
2013073175138,1,9,0,5,0,4,0,0,0,0,1,1,6,2,6,1598,1,1,10,1
2013073175138,2,1,0,18,0,3,5,0,0,0,2,1,6,1,10,-1,-1,-1,10,2
2013073175734,1,9,0,18,0,0,1,0,0,0,1,1,6,2,5,1248,2,6,-1,3
2013073175734,2,9,0,18,0,0,1,0,1,10,2,1,1,2,10,1299,1,10,6,1
2013073175939,1,19,0,7,0,6,0,0,0,0,1,1,1,1,7,-1,-1,-1,7,1
2013073175939,2,9,0,7,0,6,0,0,0,0,2,1,6,1,6,1299,1,12,2,1
2013073175940,1,3,0,16,0,1,1,0,0,0,4,1,6,1,8,125,1,52,7,1
2013073175940,2,3,0,16,0,1,1,0,0,0,3,1,6,1,7,125,1,44,5,1
2013073175974,1,3,0,17,0,0,1,0,0,0,0,1,6,1,5,124,1,2,-1,-1
2013073175984,1,17,4,18,0,1,0,0,0,0,1,1,1,1,4,-1,2,8,8,1
2013073175984,2,9,0,4,0,1,0,0,1,11,2,1,6,2,8,1598,1,14,5,1
2013073176043,1,9,0,16,0,0,5,0,8,0,3,1,6,2,6,1242,1,11,7,3
2013073176077,1,9,0,7,0,8,1,10,1,7,1,1,6,2,8,1328,1,8,1,1
2013073176163,1,9,0,16,0,0,0,0,0,0,0,1,6,3,-1,-1,-1,-1,-1,-1
2013073176163,2,9,0,17,0,0,2,0,8,10,3,1,6,2,5,1587,1,9,9,1
2013073176171,1,9,0,18,0,4,0,0,0,0,1,1,6,2,6,1900,2,14,8,3
2013073176171,2,9,0,18,0,4,0,0,0,0,2,1,6,2,7,1364,1,6,-1,-1
2013073176245,1,9,0,4,0,0,0,0,0,0,1,1,2,1,7,1796,1,10,9,1
2013073176245,2,9,0,4,0,0,0,0,0,0,2,1,2,1,8,1199,2,1,5,1
2013073176608,1,5,0,18,0,0,2,0,0,0,1,1,1,1,8,1157,1,6,7,1
2013073176617,1,1,0,9,0,1,0,0,0,0,1,1,6,1,3,-1,-1,-1,5,1
2013073176617,2,9,0,18,0,1,0,0,0,0,4,1,2,2,4,1368,1,3,1,1
2013073176652,1,9,0,15,0,0,0,8,0,0,4,1,1,2,8,1560,2,3,-1,-1
2013073176652,2,9,0,2,0,0,0,0,0,0,4,1,3,2,6,1995,1,1,-1,-1
2013073176756,1,9,0,17,0,0,1,0,2,7,1,1,6,2,6,1242,1,9,3,1
2013073176759,1,9,0,4,0,0,1,0,4,6,4,1,6,1,10,1596,1,4,4,3
2013073176759,2,21,1,18,0,0,0,0,0,0,3,1,1,1,9,12777,2,1,9,1
2013073177013,1,90,0,18,0,0,0,0,0,0,1,1,6,3,-1,-1,-1,-1,-1,-1
2013073177013,2,9,0,4,0,0,0,0,0,0,2,1,1,1,6,-1,-1,-1,8,1
2013073177013,3,90,0,4,0,0,0,0,0,0,2,1,6,3,-1,-1,-1,-1,-1,-1
2013073177022,1,9,3,16,0,0,1,0,0,0,1,1,6,2,8,-1,-1,-1,-1,-1
2013073177022,2,9,0,17,0,0,1,0,0,0,1,2,6,1,8,1390,1,1,8,3
2013073177046,1,9,0,18,0,1,5,0,0,0,1,1,6,2,7,1397,1,4,8,1
2013073177046,2,19,0,18,0,1,5,0,1,2,2,1,1,1,7,1248,2,3,9,1
2013073177051,1,9,0,12,0,2,1,0,7,10,3,1,6,2,10,1461,2,3,7,1
2013073177051,2,9,0,13,0,2,1,0,0,0,1,1,1,1,5,1242,1,-1,-1,-1
2013073177105,1,9,0,17,0,0,0,0,1,11,3,1,3,2,6,1364,1,6,3,1
2013073177105,2,9,0,16,0,0,0,0,1,0,1,1,2,2,7,2068,2,19,-1,-1
2013073177134,1,9,0,18,0,3,0,0,0,0,1,1,6,2,-1,-1,-1,-1,8,1
2013073177134,2,1,0,9,0,3,0,0,0,0,4,1,1,1,8,-1,-1,-1,9,1
2013073177171,1,10,0,4,0,0,0,0,0,0,2,1,1,1,7,-1,-1,-1,2,1
2013073177171,2,90,0,4,0,0,0,0,0,0,2,1,6,1,9,1905,2,14,7,2
2013073177171,3,21,0,4,0,0,1,0,0,0,1,1,1,1,6,11946,2,4,4,3
2013073177185,1,9,0,9,0,8,1,0,1,4,1,1,6,2,9,1399,1,7,3,1
2013073177272,1,9,0,17,0,0,1,0,0,0,3,1,6,2,9,1299,1,12,8,2
2013073177272,2,9,0,18,0,0,0,0,0,0,1,1,6,2,6,1997,2,11,-1,-1
2013073177277,1,9,0,13,0,0,0,0,0,0,1,1,6,1,6,2000,1,8,1,1
2013073177277,2,9,0,3,0,0,0,0,0,0,2,1,6,1,6,1991,2,6,-1,-1
2013073177277,3,9,0,18,0,0,0,0,8,10,1,1,6,1,5,1798,1,4,8,1
2013073177277,4,9,0,3,0,0,0,0,0,0,2,1,6,1,5,1900,2,7,-1,-1
2013073177277,5,9,0,18,0,0,0,11,0,0,1,1,6,2,7,1598,1,8,4,1
2013073177285,1,9,0,7,0,2,0,0,0,0,1,1,6,1,9,2179,2,1,5,1
2013073177285,2,9,0,18,0,1,0,0,0,0,3,1,6,1,7,1598,1,4,1,1
2013073177338,1,9,0,9,0,1,0,0,0,0,1,1,6,2,9,1108,1,11,4,1
2013073177338,2,9,0,18,0,1,0,0,0,11,1,1,6,1,10,1796,1,11,3,1
2013073177357,1,9,0,18,0,1,1,0,0,0,1,1,6,1,6,1968,2,5,1,1
2013073177357,2,8,0,10,0,1,0,0,0,0,2,1,1,1,7,1753,2,5,1,1
2013073177517,1,11,0,18,0,4,0,0,0,0,0,1,1,1,8,6700,2,2,-1,-1
2013073177517,2,9,0,9,0,4,0,0,0,0,0,1,6,3,-1,-1,-1,-1,-1,-1
2013073177517,3,11,0,18,0,8,0,0,0,0,0,1,1,3,-1,-1,-1,-1,-1,-1
2013073177670,1,9,0,18,0,0,0,0,0,0,1,1,2,1,4,1398,1,-1,5,1
2013073177980,1,9,0,4,0,1,0,0,0,0,3,1,6,1,11,1794,1,9,8,1
2013073178074,1,5,0,6,0,0,1,0,0,0,1,1,6,1,6,1000,1,1,8,1
2013073178074,2,19,0,16,0,0,0,0,0,0,1,1,1,1,8,1995,2,5,7,3
2013073178086,1,9,0,9,0,6,0,0,0,0,1,1,6,1,4,-1,-1,-1,8,3
2013073178086,2,1,0,18,0,1,5,0,0,0,1,1,6,2,8,-1,-1,-1,8,3
2013073178123,1,9,0,4,0,1,0,0,0,0,1,1,6,1,7,1956,2,4,1,1
2013073178123,2,9,0,4,0,1,0,0,0,0,2,1,6,1,6,1598,1,4,9,2
2013073178123,3,9,0,4,0,1,0,0,0,0,2,1,6,2,7,1896,2,6,7,1
2013073178123,4,9,0,12,0,1,0,0,0,0,0,1,6,1,4,973,1,14,1,1
2013073178179,1,9,0,18,0,0,0,0,0,0,3,1,6,1,3,-1,-1,-1,-1,-1
2013073178179,2,1,0,18,9,0,0,0,0,0,1,1,6,1,3,-1,-1,-1,9,1
2013073178293,1,9,0,3,0,8,0,4,0,0,1,1,6,1,9,1968,2,1,8,1
2013073178293,2,9,0,4,0,8,0,0,0,0,2,1,6,2,8,1242,1,15,7,1
2013073178488,1,8,0,9,0,8,0,0,0,0,3,1,1,1,8,2460,2,4,3,1
2013073178488,2,9,0,18,0,8,1,0,0,0,1,1,6,1,6,1389,1,16,1,1
2013073178775,1,9,0,5,0,8,0,11,1,11,4,1,6,2,4,999,1,1,-1,-1
2013073178775,2,9,0,18,0,1,1,11,1,11,1,1,6,1,9,1798,8,1,9,3
2013073179108,1,9,4,18,0,0,5,0,0,0,3,1,6,1,9,2198,2,-1,4,3
2013073179108,2,9,0,18,0,0,0,0,0,0,4,1,6,2,6,1686,2,1,6,1
2013073179108,3,9,0,18,0,0,5,0,0,0,3,1,6,1,7,1997,2,-1,8,3
2013073179129,1,9,0,16,0,0,1,0,0,0,3,1,6,2,8,998,1,11,-1,-1
2013073179129,2,9,0,17,0,0,0,0,0,0,3,1,6,2,8,1399,2,1,-1,-1
2013073179137,1,19,0,18,0,0,0,0,0,0,4,1,1,1,5,2287,2,2,-1,-1
2013073179137,2,1,0,18,0,0,0,0,0,0,3,1,6,1,11,-1,-1,-1,-1,-1
2013073179215,1,9,0,16,0,0,0,0,0,0,0,1,6,3,-1,-1,-1,-1,-1,-1
2013073179364,1,9,0,4,0,1,0,0,0,0,1,2,6,1,-1,-1,-1,-1,-1,-1
2013073179364,2,9,0,10,0,1,0,0,0,0,2,1,6,2,5,1199,1,9,8,1
2013073179364,3,9,0,10,0,1,0,0,0,0,2,1,6,1,6,1086,1,4,8,1
2013073179421,1,9,0,9,0,8,0,0,0,0,1,1,6,2,11,1910,2,5,10,3
2013073179421,2,1,0,17,0,8,0,0,0,0,1,1,6,1,7,-1,-1,-1,10,1
2013073179581,1,9,0,13,0,2,1,0,0,0,1,1,6,2,7,1388,1,17,3,1
2013073179581,2,9,0,6,0,2,0,0,0,0,3,1,6,2,7,1968,2,2,10,3
2013073180013,1,19,0,5,0,4,0,0,0,0,1,1,1,1,7,2198,2,6,7,1
2013073180013,2,9,0,4,0,3,0,0,0,0,2,1,6,2,9,1596,1,2,-1,-1
2013073180062,1,9,0,4,0,0,0,0,0,0,1,1,6,1,10,1686,2,8,-1,1
2013073180062,2,9,0,3,0,0,0,0,0,0,2,1,6,1,9,1560,2,2,9,1
2013073180062,3,9,0,3,0,0,0,0,0,0,2,1,6,1,9,1242,1,2,1,1
2013073180091,1,11,0,3,0,0,0,0,0,0,0,1,1,1,8,4500,2,7,-1,-1
2013073180167,1,21,1,16,0,0,0,0,0,0,3,1,1,1,9,11967,2,13,-1,-1
2013073180167,2,9,0,17,0,0,0,0,0,0,3,1,6,1,10,2400,2,3,6,3
2013073180229,1,9,0,18,0,2,0,0,0,0,1,1,6,1,6,1242,1,8,6,1
2013073180229,2,9,0,2,0,2,0,0,0,0,2,1,6,1,9,1242,1,4,5,1
2013073180229,3,9,0,2,0,2,0,0,0,0,2,1,6,2,7,1796,1,7,10,1
2013073180235,1,9,0,5,0,4,0,0,0,0,1,1,6,1,7,-1,-1,-1,1,1
2013073180235,2,1,0,9,0,8,0,0,0,0,1,1,6,1,8,-1,-1,-1,6,1
2013073180421,1,8,0,1,0,6,0,0,0,0,2,1,6,1,6,1798,1,11,2,1
2013073180421,2,9,0,3,0,6,0,0,0,0,1,1,6,2,6,1796,1,10,9,3
2013073181037,1,9,0,18,0,8,0,0,0,0,4,1,6,3,4,-1,-1,-1,-1,-1
2013073181037,2,1,0,18,0,8,0,0,0,0,3,1,6,1,7,-1,-1,-1,-1,-1
2013073181215,1,9,0,2,0,0,0,0,0,0,3,1,6,1,6,1988,1,14,3,1
2013073181215,2,1,0,18,0,0,2,8,0,0,1,1,1,1,9,-1,-1,-1,5,1
2013073181261,1,19,0,4,0,0,0,0,0,0,1,1,1,1,-1,6693,2,-1,-1,-1
2013073181261,2,9,0,3,0,0,0,0,0,0,2,1,6,2,8,1762,1,18,-1,1
2013073181275,1,9,0,3,0,1,0,0,0,0,2,1,6,1,6,999,1,16,5,1
2013073181275,2,9,0,5,0,1,0,0,0,0,1,1,6,1,7,1794,1,11,10,2
2013073181304,1,9,0,16,0,0,1,0,7,4,1,1,3,2,7,1598,1,10,5,3
2013073181379,1,9,0,9,0,1,0,0,0,0,4,1,2,1,9,1598,1,11,-1,-1
2013073181379,2,9,0,18,0,1,0,0,0,0,1,1,2,2,7,1598,1,1,7,3
2013073181442,1,9,0,18,0,6,0,0,1,0,3,1,6,2,4,1905,2,17,6,3
2013073181442,2,19,0,18,0,8,0,0,0,0,1,1,1,1,9,2148,2,6,-1,-1
2013073181442,3,9,0,18,0,1,0,0,0,0,1,1,6,2,7,1995,2,-1,10,1
2013073181442,4,9,0,18,0,2,0,0,0,0,3,1,6,1,7,1598,1,1,8,1
2013073181457,1,19,0,7,0,5,0,0,0,0,4,1,6,3,-1,-1,-1,-1,-1,-1
2013073181457,2,1,0,18,0,1,0,0,0,0,3,1,2,1,6,-1,-1,-1,3,1
2013073181460,1,9,0,15,9,1,0,0,0,0,0,1,6,3,-1,-1,-1,-1,-1,-1
2013073181716,1,8,0,18,0,4,1,0,3,10,1,1,1,1,9,-1,-1,-1,5,1
2013073181808,1,3,0,4,0,1,2,0,0,0,4,1,1,2,6,125,1,8,5,1
2013073181891,1,21,0,18,0,0,0,0,0,0,4,1,3,1,-1,-1,-1,-1,-1,-1
2013073182397,1,9,0,3,0,4,0,0,0,0,1,1,2,1,6,1399,2,5,4,1
2013073182397,2,9,0,4,0,7,0,0,0,0,2,1,6,1,6,2793,1,13,1,1
2013073182594,1,9,0,18,0,8,0,0,0,0,1,1,6,1,8,1994,1,9,9,1
2013073182594,2,9,0,18,0,8,0,0,0,0,4,1,6,2,6,1560,2,3,2,1
2013073182852,1,9,0,6,0,5,0,0,0,0,3,1,6,2,8,1997,2,7,9,1
2013073182852,2,9,0,18,0,1,0,0,0,0,1,1,6,2,10,1248,2,10,10,1
2013073182906,1,9,0,17,0,0,0,0,7,10,3,1,6,1,5,1388,1,9,10,1
2013073183043,1,21,1,18,0,0,1,0,0,0,3,1,1,1,7,12130,2,14,-1,3
2013073183043,2,9,0,16,0,0,0,0,1,0,4,1,6,1,8,1968,2,7,6,3
2013073183087,1,19,0,5,0,0,0,0,0,0,3,1,6,1,-1,-1,-1,-1,-1,-1
2013073183087,2,2,0,18,0,0,0,0,0,0,1,1,6,1,8,49,1,7,7,1
2013073183379,1,9,0,3,0,0,0,0,0,0,2,1,2,1,7,1896,2,13,3,1
2013073183379,2,9,0,3,0,0,0,0,0,0,1,1,1,1,10,-1,-1,-1,7,1
2013073183397,1,9,0,18,0,0,0,0,0,0,1,1,2,2,9,1329,1,3,3,1
2013073183397,2,19,0,12,0,0,0,0,0,0,2,1,1,1,6,1560,2,2,1,1
2013073183464,1,9,0,9,0,1,0,0,0,0,1,1,6,1,7,1598,1,7,9,1
2013073183464,2,1,0,18,0,1,0,0,0,0,1,1,6,1,7,-1,-1,-1,-1,-1
2013073183508,1,9,0,4,0,1,0,0,0,0,1,1,6,2,7,1796,1,5,10,1
2013073183508,2,1,0,4,0,1,0,0,0,0,1,1,6,1,8,-1,-1,-1,10,1
2013073183538,1,9,0,15,0,1,0,0,0,0,4,1,2,1,5,1668,1,12,3,1
2013073183538,2,9,0,18,0,1,0,0,0,0,1,1,6,2,9,1124,1,8,3,1
2013073183571,1,2,0,18,0,0,1,0,0,0,0,1,6,1,8,124,1,9,-1,1
2013073183580,1,1,0,18,0,0,0,0,0,0,4,1,6,1,2,-1,-1,-1,2,1
2013073183580,2,9,0,18,0,0,0,0,0,0,1,1,6,1,5,998,1,7,7,1
2013073183639,1,9,0,3,0,6,0,0,0,0,2,1,6,2,8,1896,2,10,4,1
2013073183639,2,9,0,18,0,1,0,0,0,0,1,1,6,1,7,1753,2,13,9,1
2013073183707,1,9,0,6,0,0,0,0,0,0,4,1,6,1,7,1390,1,14,5,1
2013073183707,2,9,0,14,0,0,1,0,7,0,4,1,6,2,7,1242,1,5,10,1
2013073183997,1,9,0,17,0,0,1,0,0,0,3,1,2,1,9,1598,1,10,8,1
2013073183997,2,9,0,16,0,0,0,0,0,0,3,1,1,1,8,2993,2,1,6,1
2013073183997,3,19,0,18,0,0,0,0,0,0,1,1,1,1,8,1867,2,13,4,1
2013073184034,1,9,0,18,0,1,0,0,0,0,0,1,6,2,-1,-1,-1,-1,-1,-1
2013073184034,2,3,0,18,0,1,1,0,0,0,0,1,6,1,5,125,1,6,-1,-1
2013073184276,1,9,0,18,0,1,0,0,0,0,4,2,3,2,-1,-1,-1,-1,-1,-1
2013073184276,2,9,0,18,0,1,0,0,0,0,3,2,1,2,7,1896,2,10,7,1
2013073184305,1,19,0,18,0,0,0,0,0,0,4,1,6,3,-1,-1,-1,-1,-1,-1
2013073184357,1,9,0,5,0,8,0,0,0,0,3,1,6,1,-1,3222,2,9,-1,3
2013073184357,2,1,0,18,0,8,0,0,0,0,1,1,6,2,8,-1,-1,-1,-1,2
2013073184380,1,20,1,18,0,0,0,0,0,0,3,1,1,1,9,-1,-1,-1,7,1
2013073184524,1,19,0,18,0,1,0,0,0,0,1,1,6,1,-1,-1,-1,-1,-1,-1
2013073184524,2,1,0,12,0,1,0,0,0,0,2,1,6,1,6,-1,-1,-1,2,1
2013073184620,1,9,0,4,0,0,0,0,0,0,1,1,6,1,7,3165,6,13,7,1
2013073184620,2,9,0,4,0,0,0,0,0,0,2,1,6,2,9,1968,2,-1,8,1
2013073184673,1,21,1,18,0,0,0,0,0,0,1,1,1,1,8,10518,2,7,9,1
2013073185182,1,9,0,18,0,0,0,0,0,0,1,1,6,1,-1,-1,-1,-1,-1,-1
2013073185328,1,9,0,5,0,4,0,0,0,0,1,1,6,2,6,1984,1,7,6,1
2013073185328,2,5,0,9,0,8,0,0,0,0,4,1,6,1,8,749,1,9,1,1
2013073185552,1,9,0,18,0,0,0,0,0,0,4,1,6,1,-1,1329,1,1,10,1
2013073185730,1,3,0,16,0,0,0,0,1,2,4,1,6,1,4,125,1,2,8,3
2013073186507,1,19,0,18,0,4,0,9,3,10,1,1,6,1,9,1868,2,11,2,1
2013073186512,1,9,0,18,0,0,0,0,2,10,1,1,6,1,5,1590,1,11,-1,-1
2013073186512,2,9,0,2,6,0,0,0,0,0,4,1,6,1,-1,1397,1,11,-1,-1
2013073186670,1,8,0,4,0,1,0,0,0,0,0,1,1,1,-1,2143,2,-1,-1,-1
2013073186822,1,9,0,16,0,0,0,0,0,0,1,1,2,1,8,1461,2,1,10,1
2013073186822,2,9,0,17,0,0,0,0,0,0,3,1,6,1,8,1896,2,8,8,2
2013073187079,1,9,0,7,0,6,1,10,1,11,1,1,6,1,6,1910,2,5,2,1
2013073187200,1,4,0,16,0,0,0,0,7,11,1,1,6,1,4,-1,-1,-1,8,1
2013073187625,1,9,0,18,0,8,0,0,0,0,1,1,2,1,7,1995,2,7,7,1
2013073187625,2,1,0,18,0,8,0,0,0,0,2,1,2,1,7,-1,-1,-1,4,1
2013073187629,1,9,0,18,0,0,0,0,0,0,3,1,2,2,6,1997,2,7,3,1
2013073187629,2,20,0,18,0,0,0,0,0,0,3,1,1,1,9,6870,2,-1,6,3
2013073187629,3,8,0,18,0,0,0,0,0,0,1,1,1,1,7,1798,1,11,4,1
2013073187661,1,20,0,18,0,0,0,0,0,0,3,1,6,1,-1,-1,-1,-1,-1,-1
2013073187661,2,20,0,4,0,0,0,0,0,0,3,1,1,1,9,4580,2,7,3,1
2013073187685,1,1,0,18,0,1,0,0,0,0,4,1,1,1,6,-1,-1,-1,8,1
2013073187685,2,9,0,18,0,1,0,0,0,0,1,1,3,1,7,1560,2,6,7,1
2013073187882,1,9,0,3,0,1,0,0,0,0,1,1,6,2,6,1390,1,7,6,1
2013073187882,2,9,0,3,0,1,0,0,0,0,2,1,2,2,6,1199,1,12,5,1
2013073187973,1,21,1,12,0,0,0,0,0,0,3,2,1,1,7,-1,-1,-1,-1,-1
2013073187973,2,9,0,13,0,0,0,0,0,0,4,1,2,1,8,1390,1,9,6,1
2013073188119,1,9,0,18,0,8,1,0,0,0,1,1,6,1,7,-1,-1,-1,3,1
2013073188119,2,9,0,9,0,5,0,0,0,0,0,1,1,1,8,1298,1,11,8,1
2013073188129,1,21,0,13,0,0,0,0,0,0,3,1,1,1,-1,12419,2,2,-1,-1
2013073188129,2,9,0,13,0,0,0,0,8,10,4,1,6,1,7,1998,1,9,5,1
2013073188179,1,9,0,18,0,2,1,0,0,0,3,1,6,1,7,1124,1,8,8,1
2013073188320,1,19,0,1,0,8,0,0,0,0,2,1,6,1,6,-1,-1,-1,3,1
2013073188320,2,1,0,18,0,2,0,0,0,0,4,1,2,1,8,-1,-1,-1,7,1
2013073188401,1,9,0,9,0,8,0,0,0,0,1,1,6,2,4,1388,1,10,6,1
2013073188401,2,9,0,18,0,8,0,0,1,0,3,1,6,1,5,1390,1,3,3,1
2013073188401,3,9,0,3,0,1,0,0,0,0,3,1,6,2,6,1968,2,5,2,2
2013073188408,1,5,0,17,0,0,1,0,0,0,0,1,6,1,10,599,1,5,4,2
2013073188567,1,9,0,9,0,4,0,0,0,0,1,1,6,1,5,1388,1,5,6,1