Accident_Index,Vehicle_Reference,Vehicle_Type,Towing_and_Articulation,Vehicle_Manoeuvre,Vehicle_Location-Restricted_Lane,Junction_Location,Skidding_and_Overturning,Hit_Object_in_Carriageway,Vehicle_Leaving_Carriageway,Hit_Object_off_Carriageway,1st_Point_of_Impact,Was_Vehicle_Left_Hand_Drive?,Journey_Purpose_of_Driver,Sex_of_Driver,Age_Band_of_Driver,Engine_Capacity_(CC),Propulsion_Code,Age_of_Vehicle,Driver_IMD_Decile,Driver_Home_Area_Type
2013073209123,1,9,0,4,0,1,0,0,0,0,4,1,6,1,7,-1,-1,-1,-1,-1
2013073209123,2,1,0,4,0,1,0,0,0,0,3,1,1,1,6,-1,-1,-1,4,1
2013073209161,1,9,0,1,0,0,0,0,0,0,2,1,6,2,-1,1360,1,7,3,1
2013073209161,2,9,0,2,0,0,0,0,0,0,2,1,6,2,5,1598,1,8,5,1
2013073209220,1,9,0,18,0,0,0,0,0,0,1,1,6,2,10,1498,1,3,10,1
2013073209220,2,9,0,4,0,0,0,0,0,0,2,1,6,1,8,-1,-1,-1,10,1
2013073209274,1,9,0,18,0,0,0,0,0,0,3,1,2,2,6,1390,1,11,-1,-1
2013073209274,2,9,0,18,0,0,0,0,0,0,3,1,2,1,7,1896,2,12,4,1
2013073209274,3,9,0,18,0,0,0,0,0,0,3,1,6,1,8,1598,1,6,3,1
2013073209382,1,9,0,9,0,8,0,0,0,0,1,1,6,1,11,1149,1,5,2,1
2013073209382,2,9,0,18,0,1,1,0,1,0,1,1,6,1,6,2495,2,20,2,1
2013073209459,1,5,0,18,0,0,0,0,0,0,1,1,6,1,5,599,1,5,9,1
2013073209459,2,19,0,18,0,0,0,0,7,0,2,1,1,1,7,1998,2,7,3,1
2013073209491,1,9,0,18,0,0,0,0,0,0,1,1,1,1,8,1910,2,5,2,1
2013073209491,2,9,0,18,0,0,0,0,0,0,2,1,6,1,6,1596,1,12,10,2
2013073209586,1,9,0,18,0,1,0,0,0,0,1,1,6,1,6,1587,1,11,1,1
2013073209586,2,9,0,3,0,1,0,0,0,0,2,1,6,2,7,1598,1,12,1,1
2013073209715,1,19,0,18,0,1,0,0,0,0,4,1,1,1,-1,2143,2,1,3,1
2013073209715,2,9,0,9,0,8,0,0,0,0,3,1,2,2,5,1398,1,2,2,1
2013073209735,1,9,0,16,0,0,0,0,0,0,0,1,6,3,-1,-1,-1,-1,-1,-1
2013073209735,2,9,0,18,0,0,1,0,1,11,3,1,2,1,7,1990,1,19,4,1
2013073209735,3,9,0,18,0,0,1,0,7,11,1,1,2,1,9,1968,2,1,6,3
2013073209816,1,2,0,15,0,0,0,0,0,0,3,1,6,2,4,50,1,7,9,2
2013073209816,2,19,0,18,0,0,0,0,0,0,1,1,6,1,-1,-1,-1,-1,-1,-1
2013073210604,1,9,0,18,0,4,0,0,0,0,1,1,6,1,-1,1389,1,10,-1,-1
2013073210604,2,9,0,3,0,4,0,0,0,0,2,1,6,2,5,1296,1,6,7,1
2013073210631,1,9,0,9,0,5,0,0,0,0,1,1,6,2,6,2198,1,7,1,1
2013073210631,2,1,0,18,0,1,0,0,0,0,1,1,6,1,9,-1,-1,-1,1,1
2013073210756,1,9,0,18,0,8,0,10,1,0,4,1,6,2,5,1199,1,9,6,1
2013073210832,1,9,0,9,0,6,0,0,0,0,3,1,6,1,8,1398,1,1,3,1
2013073210832,2,9,0,18,0,1,0,0,1,11,1,1,6,1,9,1896,2,15,9,1
2013073211044,1,9,0,18,0,0,1,0,0,0,1,1,6,1,5,1360,1,19,9,1
2013073211044,2,1,0,9,0,0,0,0,0,0,2,1,6,1,3,-1,-1,-1,2,1
2013073211679,1,9,0,18,0,0,0,0,1,4,1,1,2,1,8,1598,1,4,8,3
2013073211780,1,9,0,9,0,1,0,0,0,0,1,1,6,2,5,1299,1,9,1,1
2013073211780,2,5,0,18,0,8,0,0,0,0,4,1,6,1,8,675,1,1,6,3
2013073211869,1,3,0,17,0,0,1,10,0,0,1,1,6,1,4,124,1,2,6,1
2013073212020,1,9,0,4,0,1,1,0,0,0,1,1,6,2,4,1598,1,10,8,1
2013073212020,2,9,0,4,0,1,0,0,0,0,2,1,6,2,5,1598,2,2,9,1
2013073212020,3,9,0,4,0,1,0,0,0,0,2,1,6,2,5,2231,2,7,-1,-1
2013073212020,4,9,0,4,0,1,0,0,0,0,2,1,6,2,6,1397,1,5,8,3
2013073212050,1,9,0,18,0,0,0,0,0,0,1,1,6,2,8,1198,1,-1,1,2
2013073212050,2,9,0,4,0,0,0,0,0,0,2,1,6,2,7,1798,1,8,10,3
2013073212478,1,9,0,12,0,0,0,0,4,6,3,1,6,1,7,1956,2,-1,8,3
2013073212478,2,19,0,18,0,0,0,0,4,6,4,1,1,2,6,2463,2,7,8,1
2013073212482,1,9,0,18,0,4,0,0,0,0,1,1,1,2,6,1598,1,12,1,1
2013073212482,2,9,0,18,0,3,0,0,1,2,2,1,1,1,10,1598,2,3,-1,-1
2013073212502,1,9,0,9,0,1,0,0,0,0,1,1,1,1,7,1995,2,5,6,1
2013073212502,2,9,0,18,0,1,0,0,0,0,1,1,1,2,8,1149,1,1,7,2
2013073212538,1,19,0,18,9,0,0,0,7,11,1,1,1,1,9,1753,2,6,10,1
2013073212538,2,9,0,2,9,0,0,0,0,0,2,1,6,2,-1,998,1,6,2,1
2013073212668,1,11,0,18,0,2,0,0,0,0,4,1,1,1,6,-1,-1,-1,-1,-1
2013073212669,1,19,0,18,0,0,0,0,0,0,4,1,1,1,8,1968,2,1,1,1
2013073212784,1,9,0,18,0,0,1,0,0,0,1,1,6,2,6,1299,1,13,8,1
2013073212784,2,9,0,3,0,0,0,0,0,0,2,1,6,2,9,2231,2,5,9,1
2013073212820,1,3,0,18,0,8,1,0,0,0,4,1,6,1,4,124,1,12,7,1
2013073212820,2,9,0,7,0,8,0,0,0,0,0,1,6,3,-1,-1,-1,-1,-1,-1
2013073213132,1,19,0,18,0,0,0,0,0,0,1,1,1,1,6,9290,2,3,-1,-1
2013073213132,2,9,0,4,0,0,0,0,0,0,2,1,6,1,7,1997,1,9,6,1
2013073213696,1,9,0,4,0,1,0,0,0,0,1,1,6,2,6,1896,1,17,1,1
2013073213696,2,9,0,3,0,1,0,0,0,0,2,1,6,1,10,1560,2,4,9,1
2013073213734,1,9,0,5,0,1,0,0,0,0,1,1,6,2,-1,1796,1,9,9,1
2013073213734,2,1,0,18,4,1,0,0,0,0,4,1,2,1,7,-1,-1,-1,10,1
2013073214056,1,9,0,18,0,1,0,0,0,0,1,1,6,1,9,1198,1,2,4,1
2013073214056,2,21,1,18,0,1,0,0,0,0,2,1,1,1,7,12740,2,3,8,1
2013073214195,1,1,0,18,0,0,0,0,0,0,2,1,6,2,2,-1,-1,-1,2,1
2013073214195,2,19,0,18,0,0,0,0,0,0,1,1,1,1,6,1686,2,10,2,1
2013073214611,1,17,0,18,0,0,0,0,0,0,4,1,6,3,-1,-1,-1,-1,-1,-1
2013073214807,1,11,0,18,0,2,0,0,0,0,3,1,1,1,5,11967,2,9,10,1
2013073214807,2,9,0,3,0,1,0,0,0,0,3,1,6,1,10,1970,1,13,10,1
2013073214910,1,9,0,3,0,0,0,0,0,0,4,1,6,2,6,1596,1,3,4,1
2013073214910,2,3,0,18,0,0,5,0,0,0,3,1,6,1,4,124,1,6,3,1
2013073214910,3,9,0,3,0,0,0,0,0,0,2,1,1,2,8,998,1,-1,3,1
2013073215032,1,9,0,9,0,5,0,0,0,0,4,1,6,2,7,2969,2,6,10,1
2013073215032,2,5,0,18,0,8,0,0,0,0,1,1,6,1,6,599,1,18,9,1
2013073215037,1,19,0,18,0,0,0,0,0,0,1,1,1,1,6,2287,2,6,2,1
2013073215037,2,9,0,4,0,0,0,0,0,0,2,1,6,2,9,998,1,6,6,1
2013073215037,3,9,0,4,0,0,0,0,0,0,2,1,6,2,4,1299,1,5,10,2
2013073215037,4,9,0,4,0,0,0,0,0,0,2,1,6,1,8,1229,1,-1,10,1
2013073215126,1,4,0,16,0,1,1,0,7,0,4,1,2,1,7,400,1,26,-1,-1
2013073215126,2,9,0,9,0,1,0,0,0,0,3,1,6,1,5,1984,1,2,6,1
2013073215128,1,9,0,4,0,4,2,0,1,10,1,1,2,2,9,1240,1,9,1,1
2013073215189,1,9,0,16,0,3,1,0,6,4,1,1,6,2,10,1242,1,12,2,1
2013073215624,1,9,0,18,0,0,0,0,0,0,1,1,1,1,6,1995,2,5,7,1
2013073215624,2,9,0,4,0,0,1,0,1,0,2,1,6,2,9,2000,1,17,10,1
2013073215624,3,9,0,18,0,0,0,0,0,0,3,1,1,1,6,1968,2,1,-1,-1
2013073215682,1,19,0,10,0,1,0,0,0,0,4,1,1,1,6,2446,2,15,10,1
2013073215682,2,9,0,18,0,1,0,0,0,0,1,1,6,2,5,1587,1,7,6,2
2013073215755,1,9,0,4,0,0,0,0,0,0,2,1,1,1,7,1995,2,3,9,1
2013073215755,2,9,0,4,0,0,0,0,0,0,2,1,6,1,9,2967,2,2,-1,3
2013073215755,3,9,0,4,0,0,1,0,0,0,1,1,1,2,6,1248,2,2,10,1
2013073215755,4,9,0,4,0,0,1,0,0,0,1,1,6,1,6,1560,2,-1,2,1
2013073215946,1,9,0,4,0,0,0,0,0,0,1,1,1,1,7,-1,-1,-1,2,1
2013073215946,2,9,0,4,0,0,0,0,0,0,2,1,6,1,6,1910,2,9,-1,1
2013073216012,1,5,0,17,0,0,0,0,1,0,0,1,6,1,8,1052,1,18,1,1
2013073216012,2,9,0,16,0,0,0,0,0,0,0,1,6,3,-1,-1,-1,-1,-1,-1
2013073216212,1,9,0,18,0,0,0,0,0,0,1,1,6,2,4,1360,1,12,9,1
2013073216212,2,19,0,18,0,0,0,0,0,0,2,1,1,1,7,2143,2,3,-1,1
2013073216248,1,9,0,18,0,1,0,0,0,0,1,1,6,1,-1,1242,1,4,-1,-1
2013073216248,2,9,0,3,0,8,0,0,0,0,2,1,6,2,-1,1390,1,9,-1,-1
2013073216248,3,9,0,3,0,8,0,0,0,0,2,1,6,2,7,998,1,5,8,1
2013073216414,1,9,0,6,0,0,0,0,0,0,3,1,6,2,7,-1,-1,-1,-1,1
2013073216414,2,4,0,18,0,0,0,10,0,0,1,1,6,1,7,1063,1,5,2,1
2013073216820,1,98,1,3,0,1,0,0,0,0,3,1,1,3,-1,-1,-1,-1,-1,-1
2013073216820,2,9,0,3,0,1,0,0,0,0,2,1,1,2,9,1598,1,9,9,1
2013073216820,3,9,0,18,0,1,0,4,0,0,1,1,6,3,-1,1362,1,-1,-1,-1
2013073216820,4,9,0,18,0,1,0,0,0,0,0,1,1,1,8,2993,2,3,9,1
2013073216934,1,1,0,18,0,8,5,0,0,0,0,1,6,2,8,-1,-1,-1,7,1
2013073216975,1,4,0,18,0,0,0,12,0,0,1,1,2,1,8,249,1,24,6,1
2013073217198,1,9,0,4,0,1,0,0,0,0,2,1,1,1,8,1686,2,2,6,1
2013073217198,2,3,0,18,0,1,0,0,0,0,1,1,6,2,6,124,1,1,10,3
2013073217415,1,2,0,18,0,0,2,0,0,0,4,1,6,1,4,49,1,-1,3,1
2013073217415,2,9,0,5,0,0,0,0,0,0,1,1,6,1,6,2183,2,3,6,1
2013073217668,1,9,0,16,0,0,0,0,7,0,3,1,6,2,9,1560,2,3,7,3
2013073217668,2,9,0,17,0,0,5,0,7,0,3,1,6,1,9,2987,2,2,5,1
2013073217835,1,1,0,18,9,0,0,7,0,10,1,1,6,1,7,-1,-1,-1,-1,-1
2013073217839,1,9,0,16,0,0,5,0,1,4,4,1,6,2,8,1368,1,6,-1,-1
2013073218020,1,9,0,16,0,0,2,0,7,4,2,2,2,1,7,-1,-1,-1,1,1
2013073218254,1,9,0,4,0,0,0,0,0,0,1,1,6,2,4,1388,1,10,7,1
2013073218360,1,9,0,18,0,0,1,0,0,0,1,1,6,2,8,1124,1,12,6,2
2013073218360,2,9,0,3,0,0,0,0,0,0,2,1,6,2,7,1798,1,10,7,3
2013073218796,1,9,0,18,0,1,0,0,0,0,1,1,6,1,5,1595,1,13,-1,-1
2013073218796,2,9,0,18,0,1,0,0,0,0,4,1,6,2,8,1349,1,2,-1,-1
2013073219115,1,9,0,18,0,0,5,0,8,4,1,1,1,1,4,973,1,12,6,3
2013073219395,1,9,0,16,0,0,0,0,1,11,1,1,6,1,-1,1396,1,10,-1,-1
2013073219395,2,9,0,17,0,0,0,0,1,11,3,1,6,1,7,1994,6,13,1,1
2013073219417,1,19,0,18,0,0,1,0,0,0,1,1,1,1,4,1997,2,8,8,1
2013073219417,2,9,0,18,0,0,0,0,0,0,2,1,6,1,9,1956,2,1,5,1
2013073219485,1,9,0,9,0,5,0,0,7,4,1,1,6,1,7,1968,2,-1,8,2
2013073219538,1,2,0,18,0,4,1,0,0,0,3,1,6,1,4,49,1,5,8,2
2013073219571,1,9,0,4,0,1,0,0,0,0,1,1,6,1,5,1560,2,5,9,2
2013073219571,2,9,0,2,0,2,0,0,0,0,2,1,6,1,8,1598,2,-1,7,1
2013073219597,1,4,0,18,0,4,1,0,0,0,0,1,6,1,4,124,1,8,6,3
2013073219634,1,9,0,18,0,0,1,0,1,2,1,1,6,1,6,1896,1,17,-1,-1
2013073219649,1,5,0,9,0,6,0,0,0,0,4,1,6,1,5,865,1,3,2,1
2013073219649,2,9,0,18,0,1,0,0,0,0,3,1,2,2,8,1299,1,11,10,1
2013073219967,1,21,1,12,0,0,0,0,0,0,1,1,6,3,-1,-1,-1,-1,-1,-1
2013073219967,2,9,0,18,0,0,1,0,1,7,2,1,6,1,7,1998,2,4,4,1
2013073219993,1,19,0,16,0,0,0,0,7,1,3,1,1,1,7,2977,2,4,-1,-1
2013073220011,1,9,0,18,0,1,1,0,0,0,1,1,6,1,6,1299,1,12,10,1
2013073220011,2,20,0,2,0,1,0,0,0,0,0,1,1,1,8,-1,-1,-1,3,1
2013073220044,1,9,0,18,0,0,0,0,0,0,3,1,6,2,5,1339,1,-1,5,1
2013073220044,2,9,0,18,0,0,0,0,0,0,3,1,6,1,7,1794,1,9,4,1
2013073220066,1,9,0,18,0,0,1,0,0,0,1,1,2,2,9,980,1,22,8,3
2013073220066,2,9,0,18,0,0,0,0,0,0,2,1,2,1,7,2993,2,-1,10,3
2013073220117,1,19,0,5,0,6,0,0,0,0,0,1,1,1,9,1248,2,-1,7,1
2013073220435,1,19,0,4,0,0,0,0,0,0,1,1,1,1,5,1686,2,7,6,1
2013073220435,2,9,0,3,0,0,0,0,0,0,2,1,6,1,6,1587,1,11,-1,-1
2013073220491,1,19,0,1,9,1,0,0,0,0,2,1,6,3,-1,-1,-1,-1,-1,-1
2013073220509,1,11,0,16,0,0,1,0,0,0,1,2,1,1,9,4250,2,13,3,1
2013073220509,2,21,0,18,0,0,0,0,0,0,1,2,1,1,10,12130,2,11,6,2
2013073220528,1,9,0,16,0,0,0,0,0,0,1,1,1,2,4,1242,1,10,10,1
2013073220528,2,9,0,18,0,0,0,0,1,0,1,1,6,1,10,3000,1,7,9,3
2013073221023,1,9,0,18,0,8,0,0,0,0,2,1,2,2,8,1968,2,-1,8,1
2013073221023,2,9,0,18,0,8,0,0,0,0,1,1,2,1,8,1995,2,1,10,1
2013073221628,1,19,0,18,0,0,0,0,0,0,1,1,1,1,6,2402,2,8,2,1
2013073221628,2,9,0,4,0,0,0,0,0,0,2,1,6,1,8,1248,2,8,2,1
2013073221652,1,3,0,18,0,2,1,0,0,0,3,1,6,1,4,125,1,2,9,1
2013073221968,1,9,0,18,0,8,0,0,0,0,1,1,6,1,7,1910,2,8,4,1
2013073221968,2,9,0,18,0,8,0,0,0,0,4,1,6,1,8,1242,1,12,-1,-1
2013073222047,1,9,0,18,0,0,0,0,0,0,4,1,6,1,4,1199,1,13,8,2
2013073222047,2,9,0,16,0,0,0,0,7,10,4,1,6,1,6,-1,-1,-1,1,1
2013073222080,1,9,0,18,0,8,0,0,0,0,1,1,2,1,7,-1,-1,-1,10,1
2013073222080,2,1,0,18,0,8,2,0,0,0,1,1,2,1,6,-1,-1,-1,2,1
2013073222116,1,9,0,4,0,0,0,0,0,0,1,1,6,1,5,1299,1,11,7,1
2013073222116,2,9,0,4,0,0,0,0,0,0,2,1,6,1,6,-1,-1,-1,2,1
2013073222390,1,9,0,15,0,0,0,0,0,0,0,1,6,3,-1,-1,-1,-1,-1,-1
2013073222390,2,9,0,18,0,0,0,0,0,0,0,1,6,3,-1,-1,-1,-1,-1,-1
2013073222413,1,9,0,7,0,8,0,0,0,0,4,1,6,1,5,1896,2,11,-1,-1
2013073222413,2,1,0,18,0,8,0,0,0,0,1,1,6,1,5,-1,-1,-1,3,1
2013073222413,3,1,0,18,0,8,0,0,0,0,1,1,6,1,4,-1,-1,-1,3,1
2013073222508,1,9,0,18,0,0,0,0,0,0,1,2,1,1,5,1299,1,11,-1,-1
2013073222508,2,9,0,4,0,0,0,0,0,0,2,2,1,1,6,-1,-1,-1,-1,-1
2013073222625,1,9,0,18,0,4,0,0,0,0,1,1,6,1,-1,1798,1,10,-1,-1
2013073222625,2,9,0,3,0,4,0,0,0,0,2,1,6,2,5,1242,1,7,5,1
2013073222641,1,1,0,18,0,0,0,0,0,0,1,1,6,2,2,-1,-1,-1,5,1
2013073222641,2,9,0,18,0,0,0,0,0,0,3,2,1,2,6,-1,-1,-1,5,1
2013073222647,1,1,0,16,0,0,0,0,0,0,1,1,6,1,6,-1,-1,-1,6,1
2013073222647,2,9,0,16,0,0,0,0,0,0,4,1,6,1,7,1896,2,10,8,2
2013073222840,1,9,0,18,0,1,0,0,0,0,1,1,6,2,6,1149,1,10,2,1
2013073222840,2,9,0,3,0,1,0,0,0,0,2,1,6,2,7,1598,1,6,4,1
2013073223591,1,9,0,16,0,0,1,0,1,9,1,1,1,1,8,1796,1,-1,9,1
2013073223591,2,17,0,17,0,0,2,0,0,0,3,1,1,1,6,-1,2,15,8,3
2013073223591,3,21,1,2,6,0,0,0,0,0,3,1,1,1,7,10837,2,2,9,3
2013073223844,1,21,0,16,0,0,0,0,0,0,0,1,6,3,-1,-1,-1,-1,-1,-1
2013073223844,2,1,0,18,0,0,0,0,0,0,0,1,6,1,10,-1,-1,-1,10,2
2013073224163,1,9,0,18,0,0,1,0,1,0,1,1,6,1,4,1124,1,11,7,1
2013073224481,1,9,0,18,0,0,0,0,0,0,1,1,6,1,4,1242,1,10,1,1
2013073224481,2,9,0,18,0,0,0,0,0,0,2,1,1,1,8,1598,2,1,9,1
2013073224926,1,19,0,18,0,0,0,0,0,0,1,1,6,1,5,2402,2,12,-1,-1
2013073224926,2,9,0,4,0,0,0,0,0,0,2,1,6,2,6,1390,1,12,6,1
2013073225141,1,9,0,18,0,0,0,0,0,0,1,1,6,1,9,1386,1,5,4,1
2013073225141,2,1,0,18,0,0,0,0,0,0,2,1,6,1,5,-1,-1,-1,5,2
2013073225557,1,9,0,16,0,7,1,0,8,0,1,1,1,1,9,1988,1,10,2,1
2013073225676,1,9,0,12,0,0,2,0,1,10,1,1,6,1,9,1388,1,8,8,2
2013073225809,1,97,0,7,0,1,0,0,0,0,1,1,6,2,5,-1,-1,-1,-1,-1
2013073225809,2,9,0,7,0,1,0,0,0,0,4,1,6,1,9,973,1,12,2,1
2013073225832,1,5,0,16,0,0,0,0,0,0,1,1,6,1,7,803,1,3,1,1
2013073225832,2,9,0,17,0,0,0,0,0,0,1,2,6,1,10,1598,1,10,4,1
2013073226112,1,2,0,18,0,0,0,0,0,0,0,1,6,1,5,49,1,3,1,1
2013073226163,1,9,0,14,0,1,1,0,1,0,1,1,6,1,6,1984,1,2,1,1
2013073226163,2,9,0,3,0,1,0,0,7,0,3,1,6,2,4,1360,1,6,2,1
2013073226716,1,2,0,18,0,0,0,10,0,0,1,1,2,1,4,49,1,11,2,1
2013073226780,1,5,0,4,0,0,5,0,0,0,1,1,6,1,9,599,1,14,9,1
2013073226780,2,9,0,4,0,0,0,0,0,0,2,1,6,2,6,1149,1,4,2,1
2013073226914,1,9,0,11,0,0,1,0,7,3,4,1,6,2,6,1398,2,8,8,3
2013073227021,1,9,0,14,0,0,0,0,0,0,4,1,6,2,9,1598,2,-1,5,1
2013073227204,1,9,0,18,0,0,0,0,0,0,1,1,1,1,5,1796,1,10,6,3
2013073227204,2,1,0,18,0,0,0,0,0,0,2,1,6,1,7,-1,-1,-1,9,2
2013073227833,1,21,0,18,0,1,0,0,0,0,1,1,1,1,9,-1,-1,-1,7,3
2013073227833,2,9,0,10,0,1,0,0,0,0,2,1,6,1,10,2993,2,4,5,1
2013073227833,3,9,0,18,0,1,0,0,0,0,1,1,6,2,4,1199,1,11,3,3
2013073227873,1,9,0,4,0,0,0,0,0,0,1,1,6,1,8,2435,1,11,7,3
2013073227873,2,9,0,4,0,0,0,0,0,0,2,1,6,2,6,1896,2,4,2,1
2013073227964,1,9,0,9,0,8,0,0,0,0,4,1,6,2,7,1242,1,5,-1,-1
2013073227964,2,2,0,18,0,8,0,0,0,0,1,1,6,1,4,49,1,12,-1,-1
2013073228004,1,9,0,18,0,4,0,0,0,0,1,1,6,1,-1,1598,2,-1,-1,-1
2013073228004,2,9,0,3,0,4,0,0,0,0,2,1,6,1,6,1388,1,8,3,1
2013073228032,1,9,0,5,0,8,0,0,0,0,3,1,6,2,10,1896,2,10,6,1
2013073228032,2,9,0,18,0,8,0,0,0,0,4,1,6,2,8,1598,1,10,2,1
2013073228231,1,1,0,18,0,0,0,0,0,0,1,1,6,1,4,-1,-1,-1,-1,-1
2013073228231,2,9,0,2,0,0,0,0,0,0,2,1,6,2,5,1997,1,10,5,1
2013073228235,1,9,0,13,0,8,0,0,0,0,1,1,2,1,8,1956,2,3,5,1
2013073228235,2,1,0,9,0,8,0,0,7,0,3,1,6,1,3,-1,-1,-1,7,3
2013073228242,1,90,0,18,0,0,0,0,0,0,2,1,6,1,2,-1,-1,-1,6,1
2013073228242,2,9,0,18,0,0,0,0,0,0,1,1,6,2,9,1560,2,3,4,1
2013073228677,1,2,0,16,0,1,0,0,0,0,0,1,2,2,5,49,1,-1,2,1
2013073228893,1,9,0,16,0,0,0,0,0,0,1,2,6,2,9,1299,1,8,9,3
2013073228893,2,9,0,17,0,0,0,0,0,0,1,2,6,2,7,1199,2,1,10,2
2013073229063,1,9,0,18,0,0,0,0,0,0,0,1,6,2,11,998,1,7,6,1
2013073229063,2,1,0,18,0,0,0,0,0,0,0,1,6,1,3,-1,-1,-1,1,1
2013073229521,1,1,0,3,0,1,1,11,0,0,1,1,2,2,-1,-1,-1,-1,-1,-1
2013073229753,1,19,0,17,0,0,1,0,0,0,1,1,6,1,8,1998,2,12,9,1
2013073229753,2,9,0,16,0,0,0,0,1,9,1,1,6,1,11,1388,1,10,8,3
2013073229816,1,9,0,18,0,0,0,0,0,0,0,1,6,3,-1,-1,-1,-1,-1,-1
2013073229816,2,9,0,11,0,0,0,0,0,0,4,1,6,2,6,1988,1,14,2,1
2013073229816,3,20,0,18,0,0,0,0,2,1,3,1,1,1,9,3920,2,9,3,2
2013073229823,1,9,0,18,0,0,0,0,2,4,1,1,6,2,7,2993,2,7,7,3
2013073230012,1,9,0,18,0,4,0,0,0,0,1,1,6,1,10,3000,1,13,9,1
2013073230012,2,9,0,3,0,4,0,0,0,0,2,1,6,2,5,998,1,6,-1,-1
2013073230138,1,9,0,16,0,3,0,0,7,2,1,1,1,2,4,1598,1,4,8,1
2013073230561,1,9,0,18,0,0,0,0,0,0,3,1,6,3,-1,-1,-1,-1,-1,-1
2013073230561,2,3,0,18,0,0,2,0,0,0,3,1,2,1,8,125,1,10,2,1
2013073230603,1,9,0,4,0,0,1,0,8,7,1,1,6,1,4,2295,1,13,-1,-1
2013073230603,2,9,0,4,0,0,0,1,0,0,1,1,1,1,8,2993,2,-1,8,1
2013073230631,1,9,0,17,0,0,0,0,0,0,0,1,6,3,-1,-1,-1,-1,-1,-1
2013073230631,2,9,0,16,0,0,0,10,0,0,4,1,2,1,8,1299,1,11,6,3
2013073230755,1,21,4,12,0,0,0,0,0,0,3,2,1,1,6,-1,-1,-1,-1,-1
2013073230755,2,9,0,13,0,0,1,0,2,7,4,1,6,2,6,1388,1,10,4,1
2013073230773,1,9,0,18,0,1,0,0,0,0,1,1,6,1,-1,1794,1,11,8,1
2013073230773,2,9,0,9,0,1,0,0,0,0,2,1,6,1,10,1968,2,1,-1,1
2013073230777,1,9,0,4,0,0,1,0,0,0,1,1,6,1,11,3000,2,17,6,1
2013073230777,2,9,0,3,0,0,0,0,5,0,2,1,6,1,7,2148,2,5,6,1
2013073230802,1,9,0,18,0,1,0,0,0,0,1,1,6,1,4,1422,2,9,3,1
2013073230802,2,9,0,3,0,1,0,0,0,0,2,1,2,2,6,1229,1,2,4,1
2013073230841,1,9,0,8,5,1,0,0,0,0,3,1,6,1,11,1389,1,9,6,1
2013073230841,2,1,0,18,4,1,0,0,0,0,1,1,6,1,4,-1,-1,-1,10,1
2013073230864,1,9,0,18,0,0,0,0,0,0,3,1,6,1,5,1905,2,14,8,3
2013073231075,1,1,0,18,0,0,0,0,0,0,1,1,6,1,7,-1,-1,-1,-1,-1
2013073231075,2,20,1,2,0,0,0,0,0,0,2,2,6,1,-1,-1,-1,-1,-1,-1
2013073231353,1,9,0,18,0,1,0,0,0,0,3,1,6,1,5,1868,2,13,8,1
2013073231353,2,9,0,18,0,1,0,0,0,0,3,1,6,1,6,1988,1,14,1,1
2013073231384,1,9,0,18,0,0,0,0,5,6,4,1,1,1,5,-1,-1,-1,4,1
2013073231384,2,90,1,18,0,0,0,0,0,0,3,1,1,1,8,-1,-1,-1,-1,-1
2013073231414,1,9,0,4,0,0,0,0,0,0,1,1,6,2,6,1390,1,1,5,3
2013073231414,2,9,0,4,0,0,0,0,0,0,2,1,6,2,4,998,1,6,10,1
2013073231424,1,9,0,16,0,1,2,0,0,0,1,1,6,1,7,1299,1,16,6,1
2013073231439,1,9,0,15,0,0,0,0,0,0,4,1,6,1,11,1388,1,9,10,3
2013073231439,2,9,0,2,0,0,0,0,0,0,3,1,6,1,7,1396,1,3,8,1
2013073231729,1,19,0,17,0,0,2,10,7,2,1,1,6,1,4,2198,2,4,-1,2
2013073232084,1,9,0,4,0,0,1,0,0,0,1,1,1,2,8,1598,2,1,8,2
2013073232084,2,9,0,4,0,0,0,0,0,0,2,1,6,2,6,1560,2,5,4,1
2013073232084,3,9,0,4,0,0,0,0,0,0,2,1,6,2,7,1995,2,3,8,1
2013073232161,1,9,0,16,0,0,0,0,0,0,1,1,6,2,9,1598,1,3,2,1
2013073232161,2,9,0,4,0,0,0,0,0,0,2,1,6,2,6,1598,1,7,7,2
2013073232169,1,9,0,10,0,6,0,0,0,0,1,1,6,1,10,1598,1,10,9,3
2013073232169,2,9,0,18,0,1,0,4,0,0,3,1,6,1,10,1390,1,11,7,1
2013073232169,3,9,0,4,0,1,0,4,0,0,3,1,6,1,9,1600,1,13,9,3
2013073232169,4,19,0,4,0,1,0,4,0,0,1,1,1,1,8,2402,2,3,1,1
2013073232279,1,9,0,18,0,0,0,0,0,0,1,1,6,2,6,1360,1,9,-1,-1
2013073232279,2,9,0,18,0,0,0,0,0,0,1,1,6,2,8,3222,2,8,-1,-1
2013073232431,1,8,0,9,0,8,0,0,0,0,4,1,1,1,6,1896,2,9,-1,1
2013073232431,2,1,0,18,0,8,5,0,0,0,1,1,6,1,6,-1,-1,-1,7,1