Accident_Index,Vehicle_Reference,Vehicle_Type,Towing_and_Articulation,Vehicle_Manoeuvre,Vehicle_Location-Restricted_Lane,Junction_Location,Skidding_and_Overturning,Hit_Object_in_Carriageway,Vehicle_Leaving_Carriageway,Hit_Object_off_Carriageway,1st_Point_of_Impact,Was_Vehicle_Left_Hand_Drive?,Journey_Purpose_of_Driver,Sex_of_Driver,Age_Band_of_Driver,Engine_Capacity_(CC),Propulsion_Code,Age_of_Vehicle,Driver_IMD_Decile,Driver_Home_Area_Type
2013073273411,2,9,0,18,0,4,0,0,0,0,1,1,6,1,6,1598,1,10,1,1
2013073273788,1,21,1,18,0,0,0,0,0,0,1,1,1,1,9,12740,2,1,-1,-1
2013073273788,2,21,1,18,0,0,0,0,0,0,4,1,1,1,8,12777,2,2,10,1
2013073273857,1,5,0,9,0,5,0,0,0,0,2,1,6,2,6,-1,-1,-1,9,2
2013073273857,2,9,0,18,0,1,5,0,0,0,1,1,6,1,7,-1,-1,-1,7,1
2013073273895,1,9,0,18,0,2,0,0,0,0,1,1,1,2,5,1229,1,-1,7,1
2013073273908,1,21,0,4,0,0,1,0,0,0,2,1,1,1,5,3920,2,8,10,1
2013073273908,2,9,0,17,0,0,0,0,1,11,1,1,1,1,6,998,1,13,7,1
2013073273941,1,9,0,18,0,1,0,0,0,0,1,1,6,1,-1,-1,-1,-1,-1,-1
2013073273941,2,9,0,3,0,1,0,0,0,0,2,1,1,2,6,1798,1,6,7,1
2013073274127,1,19,0,18,0,0,0,0,1,0,1,1,1,1,8,2198,2,1,7,1
2013073274127,2,9,0,18,0,0,1,0,1,0,1,1,3,2,6,1997,2,11,8,3
2013073274244,1,9,0,17,0,0,0,0,0,0,1,1,6,1,9,1598,1,9,1,1
2013073274244,2,9,0,16,0,0,0,10,0,0,1,1,6,2,5,1299,1,13,1,1
2013073274423,1,9,0,18,0,0,0,0,0,0,1,1,6,1,4,1388,1,8,3,1
2013073274434,1,9,0,18,0,1,0,0,0,0,1,1,1,2,7,1560,2,-1,1,1
2013073274434,2,9,0,18,0,1,0,0,0,0,3,1,1,2,6,1299,1,10,5,1
2013073274457,1,9,0,18,0,0,0,0,0,0,1,1,1,1,7,1753,2,6,2,1
2013073274457,2,9,0,18,0,0,0,0,0,0,2,1,1,1,9,2261,1,6,4,3
2013073274553,1,1,0,18,0,2,5,0,0,0,2,1,6,1,7,-1,-1,-1,4,1
2013073274553,2,9,0,7,0,6,0,0,0,0,1,1,6,2,-1,1198,1,-1,7,1
2013073275307,1,9,0,18,0,0,0,0,0,0,4,1,6,2,9,1596,1,7,5,3
2013073275395,1,9,0,9,0,5,0,0,0,0,1,1,6,2,6,1968,2,7,10,1
2013073275395,2,9,0,18,0,1,0,0,0,0,1,1,6,1,5,1995,2,10,10,2
2013073275429,1,19,0,4,0,0,0,0,0,0,1,1,1,1,10,1968,2,-1,7,1
2013073275429,2,9,0,11,0,0,0,0,0,0,2,1,2,1,6,2204,2,4,5,1
2013073275434,1,9,0,10,0,1,0,0,0,0,1,1,6,1,10,2972,1,11,6,1
2013073275434,2,9,0,18,0,1,0,0,0,0,1,1,6,2,10,1587,1,7,-1,2
2013073275556,1,9,0,3,0,0,0,0,0,0,2,1,6,1,7,1560,2,4,9,1
2013073275556,2,9,0,4,0,0,0,0,0,0,1,1,1,1,5,1199,1,12,1,1
2013073275643,1,9,0,18,0,0,0,0,0,0,2,1,6,1,5,1997,2,10,1,1
2013073275643,2,9,0,18,0,0,0,0,0,0,1,1,1,1,8,1796,1,19,1,1
2013073275662,1,9,0,9,0,8,0,0,0,0,4,1,6,1,4,1149,1,14,5,1
2013073275662,2,3,0,18,0,1,0,0,0,0,1,1,6,1,4,124,1,12,6,3
2013073275879,1,9,0,18,7,2,1,0,1,0,1,1,2,1,8,1995,2,9,2,1
2013073275879,2,21,1,2,6,2,0,0,0,0,1,1,1,1,8,12740,2,-1,-1,3
2013073275904,1,9,0,9,0,6,0,0,0,0,3,1,1,1,8,-1,-1,-1,6,1
2013073275904,2,9,0,18,0,8,0,0,0,0,1,1,2,1,6,1781,1,14,10,1
2013073276158,1,11,0,1,0,0,0,0,0,0,0,1,1,1,-1,4250,2,7,-1,-1
2013073276275,1,9,0,9,0,5,0,0,0,0,1,1,6,2,7,1242,1,7,5,2
2013073276392,1,9,0,7,0,2,0,0,0,0,1,1,1,1,7,2993,2,3,10,1
2013073276392,2,9,0,7,0,2,0,0,0,0,2,1,6,2,7,1388,1,1,10,2
2013073276456,1,9,0,13,0,0,0,0,0,0,4,1,2,1,9,3628,2,6,1,1
2013073276456,2,2,0,18,0,0,0,0,0,0,3,1,2,2,4,50,1,7,5,1
2013073276500,1,9,0,18,0,4,0,0,0,0,3,1,6,1,4,1461,2,3,9,1
2013073276500,2,9,0,11,0,4,0,0,0,0,4,1,6,2,4,1242,1,3,9,1
2013073276530,1,9,0,7,0,2,0,0,0,0,1,1,1,1,8,1598,1,11,4,1
2013073276530,2,4,0,18,0,8,0,0,0,0,1,1,6,1,8,1151,1,3,10,1
2013073276657,1,9,0,18,0,0,0,0,0,0,1,2,6,1,9,1560,2,4,9,1
2013073276657,2,9,0,4,0,0,0,0,0,0,2,2,6,1,7,1956,2,3,7,1
2013073276990,1,9,0,18,0,0,1,0,1,11,3,1,6,2,5,1149,1,4,-1,-1
2013073276990,2,9,0,2,0,0,0,0,7,11,4,1,6,1,-1,1398,2,3,10,2
2013073277323,1,4,0,16,0,0,1,0,0,0,4,1,6,1,5,350,1,18,-1,-1
2013073277366,1,9,0,16,0,0,0,0,0,0,1,1,6,2,5,1229,1,-1,10,1
2013073277366,2,9,0,4,0,0,0,0,0,0,2,1,6,2,9,1397,1,11,-1,3
2013073277366,3,9,0,2,0,0,0,0,0,0,0,1,6,2,9,1560,2,2,7,3
2013073277374,1,11,0,18,0,0,0,0,0,0,0,1,6,1,8,9600,2,15,4,1
2013073277374,2,1,0,18,0,0,0,10,1,0,0,1,6,2,8,-1,-1,-1,6,1
2013073277382,1,11,0,18,2,0,0,0,0,0,1,1,1,2,6,4250,2,2,-1,1
2013073277395,1,9,0,9,0,2,0,0,0,0,3,1,6,1,6,1395,1,-1,10,1
2013073277395,2,3,0,14,0,1,5,0,0,0,1,1,6,1,4,124,1,2,10,1
2013073277400,1,9,0,18,0,8,0,0,7,11,1,1,6,1,6,1596,1,11,3,1
2013073277400,2,9,0,18,0,8,0,0,0,0,1,1,6,1,7,1998,2,6,8,1
2013073277435,1,9,0,11,0,4,0,0,0,0,1,1,6,3,-1,-1,-1,-1,-1,-1
2013073277435,2,9,0,5,0,4,0,0,0,0,2,1,6,2,5,1242,1,16,1,1
2013073277459,1,9,0,18,0,0,0,0,0,0,1,1,6,2,8,1995,2,-1,10,2
2013073277634,1,9,0,5,0,0,0,0,0,0,1,1,2,2,5,1896,2,10,9,1
2013073277634,2,9,0,18,0,0,0,0,0,0,1,1,6,2,8,998,1,1,2,1
2013073277791,1,1,0,18,0,6,0,0,0,0,3,1,6,1,6,-1,-1,-1,1,1
2013073277791,2,9,0,18,0,8,0,0,0,0,1,1,6,2,5,1329,1,4,5,1
2013073277920,1,9,0,9,0,2,0,0,0,0,1,1,6,1,6,1299,1,9,2,1
2013073277920,2,9,0,18,0,1,0,0,0,0,4,1,6,1,8,1390,1,5,1,1
2013073278233,1,9,0,18,0,0,0,0,0,0,1,1,6,1,6,1364,2,9,1,1
2013073278233,2,21,0,18,0,0,0,0,0,0,2,1,1,1,6,10837,2,1,5,2
2013073278455,1,9,0,9,0,5,0,0,7,1,4,1,2,2,5,1783,1,11,10,1
2013073278455,2,9,0,18,0,8,0,0,0,0,1,1,6,1,8,1390,1,2,8,1
2013073278482,1,1,0,18,0,1,5,0,0,0,0,1,6,1,8,-1,-1,-1,-1,-1
2013073278495,1,17,4,18,0,0,0,0,0,0,3,1,1,1,6,6728,2,2,6,3
2013073278495,2,1,0,18,0,0,0,0,0,0,3,1,6,1,8,-1,-1,-1,10,1
2013073278591,1,19,0,12,0,1,0,0,0,0,2,1,6,2,7,-1,-1,-1,2,1
2013073278591,2,9,0,18,0,1,0,0,0,0,1,1,6,1,8,1598,1,1,4,1
2013073278808,1,9,0,4,0,4,0,0,0,0,1,1,6,2,-1,-1,-1,-1,-1,-1
2013073279240,1,1,0,17,0,0,0,0,0,0,3,1,6,1,7,-1,-1,-1,10,1
2013073279240,2,17,4,15,0,0,0,0,0,0,2,1,1,1,7,-1,-1,-1,8,2
2013073279278,1,9,4,18,0,0,0,0,0,0,0,1,1,1,6,-1,-1,-1,10,2
2013073279278,2,19,0,18,0,0,0,0,0,0,1,1,1,1,7,2402,2,11,-1,3
2013073279469,1,3,0,18,0,0,0,0,0,0,0,1,6,2,8,125,1,-1,10,1
2013073279838,1,9,0,18,0,1,0,0,0,0,1,1,6,2,7,1596,1,8,7,1
2013073279838,2,9,0,3,0,1,0,0,0,0,2,1,2,2,6,1198,1,6,1,1
2013073280105,1,9,0,9,0,6,0,0,0,0,3,1,2,1,6,1870,2,10,8,1
2013073280105,2,9,0,18,0,1,0,0,0,0,1,1,6,2,5,998,1,1,2,1
2013073280169,1,9,0,18,0,0,0,0,0,0,1,1,6,1,9,1199,1,14,2,1
2013073280216,1,21,1,18,0,8,0,0,0,0,3,1,1,1,7,12740,2,2,2,1
2013073280216,2,9,0,18,0,8,0,0,0,0,4,1,6,2,5,1390,1,12,7,1
2013073280277,1,11,0,18,0,0,0,0,0,0,0,1,1,2,6,7300,2,4,2,1
2013073280901,1,9,0,13,0,8,0,0,0,0,4,1,2,2,6,1598,1,2,4,1
2013073280901,2,9,0,6,0,8,0,0,0,0,1,1,6,1,11,1896,2,8,4,1
2013073281013,1,9,0,17,0,0,1,0,0,0,1,1,6,1,4,973,1,12,-1,1
2013073281013,2,9,0,17,0,0,1,0,7,0,3,1,6,1,10,1870,2,8,-1,1
2013073281047,1,19,0,18,0,7,0,0,0,0,2,1,1,1,6,1995,2,6,-1,-1
2013073281047,2,19,0,18,0,7,1,0,0,0,1,1,1,1,6,1995,2,4,-1,-1
2013073281047,3,5,0,18,0,7,1,0,0,0,3,1,1,1,8,680,1,7,2,1
2013073281265,1,21,1,12,0,0,0,0,0,0,3,2,1,1,7,-1,-1,-1,-1,-1
2013073281265,2,9,0,18,0,0,2,0,2,0,4,1,6,1,10,1796,1,7,9,2
2013073281298,1,3,0,18,0,0,2,0,0,0,1,1,6,1,4,125,1,7,6,1
2013073281298,2,9,0,3,0,0,0,0,0,0,2,1,2,1,6,1388,1,9,6,1
2013073281999,1,9,0,17,0,0,0,0,7,9,4,1,6,1,5,1686,2,9,-1,3
2013073282044,1,9,0,9,0,1,0,0,0,0,1,1,2,2,5,1242,1,5,4,2
2013073282044,2,5,0,13,0,1,0,0,0,0,1,1,2,1,5,1000,1,14,2,1
2013073282044,3,9,0,3,0,1,0,0,0,0,2,1,2,2,6,1598,1,8,9,1
2013073282405,1,19,0,18,0,0,0,0,0,0,4,2,6,1,8,2151,2,12,4,1
2013073282448,1,9,0,18,0,0,0,0,0,0,3,1,6,2,8,1242,1,10,7,1
2013073282465,1,9,0,17,0,0,1,0,0,0,4,1,6,1,8,-1,-1,-1,6,1
2013073282465,2,9,0,16,0,0,0,0,0,0,1,1,6,1,8,2204,2,7,7,2
2013073282523,1,3,0,9,0,3,1,0,0,0,4,1,6,1,4,124,1,-1,7,1
2013073282561,1,20,1,16,0,3,0,0,0,0,0,1,6,3,-1,-1,-1,-1,-1,-1
2013073282664,1,9,0,4,0,1,0,0,0,0,1,1,6,1,4,1199,1,11,10,1
2013073282664,2,9,0,3,0,4,0,0,0,0,2,1,6,1,4,1124,1,13,9,3
2013073282753,1,9,0,17,0,0,1,0,0,11,2,1,1,2,4,1149,1,8,9,1
2013073282953,1,9,0,17,0,0,1,0,2,11,1,1,2,2,5,1149,1,7,1,1
2013073282976,1,9,0,5,0,6,0,0,0,0,1,1,2,2,6,1596,1,10,2,1
2013073282976,2,9,0,5,0,6,0,0,0,0,2,1,3,2,8,1149,1,15,3,1
2013073283269,1,9,0,9,0,8,0,0,0,0,4,1,6,1,5,899,1,-1,3,1
2013073283269,2,9,0,18,0,8,0,0,0,0,4,1,6,1,8,2993,2,4,10,2
2013073283559,1,9,0,18,0,0,0,0,1,11,1,1,1,1,5,-1,-1,-1,4,1
2013073283595,1,9,0,9,0,2,0,0,0,0,2,1,6,1,6,1390,1,5,-1,-1
2013073283595,2,2,0,18,0,1,0,0,0,0,1,1,6,1,4,49,1,10,-1,-1
2013073284046,1,9,0,7,0,4,0,0,0,0,4,1,6,3,-1,-1,-1,-1,-1,-1
2013073284223,1,5,0,18,0,8,0,0,0,0,3,1,6,1,7,865,1,1,-1,-1
2013073284223,2,9,0,18,0,8,0,0,0,0,4,1,6,1,9,1587,1,9,2,1
2013073284236,1,9,0,12,0,0,1,0,0,0,3,1,6,2,5,1124,1,11,9,1
2013073284236,2,9,0,18,0,0,1,0,0,0,4,1,1,1,8,1991,2,4,1,1
2013073284322,1,9,0,18,0,0,0,0,0,0,1,1,6,1,11,1368,1,2,1,1
2013073284322,2,9,0,2,0,0,0,0,0,0,2,1,6,3,-1,1360,1,10,-1,-1
2013073284346,1,11,0,3,0,0,0,0,0,0,0,1,1,1,8,4500,2,7,-1,-1
2013073284350,1,9,0,18,0,4,0,0,0,0,3,1,6,2,8,1560,2,4,5,1
2013073284350,2,1,0,18,0,8,0,0,0,0,1,1,6,1,8,-1,-1,-1,8,3
2013073284498,1,9,0,18,0,1,0,0,0,0,1,1,6,2,6,1995,1,5,6,3
2013073284498,2,9,0,3,0,1,0,0,0,0,2,1,6,1,8,1796,1,10,5,1
2013073284532,1,9,0,18,0,8,1,0,0,0,1,1,6,1,-1,1700,2,12,-1,-1
2013073284532,2,19,0,9,0,8,0,0,0,0,3,1,1,1,5,2287,2,2,10,1
2013073284629,1,11,0,18,0,0,0,0,0,0,4,1,6,1,7,3900,2,7,7,1
2013073284694,1,9,0,1,8,0,0,0,0,0,2,1,6,1,6,1229,1,6,5,1
2013073285375,1,9,0,9,0,8,0,0,0,0,1,1,6,1,11,1796,1,16,1,1
2013073285375,2,1,0,18,0,8,0,0,0,0,2,1,6,1,7,-1,-1,-1,-1,-1
2013073285443,1,9,0,7,0,6,0,0,0,0,3,1,6,2,11,1372,1,18,8,1
2013073285443,2,1,0,18,0,1,0,0,0,0,1,1,6,1,6,-1,-1,-1,5,1
2013073285460,1,9,0,18,0,0,0,0,0,0,3,1,6,2,-1,1796,1,4,10,1
2013073285460,2,1,0,18,0,0,0,0,0,0,1,1,6,1,7,-1,-1,-1,-1,-1
2013073285637,1,19,0,1,0,8,0,0,0,0,4,1,6,1,6,2198,2,7,7,1
2013073285650,1,9,0,18,0,0,0,0,1,10,4,1,6,1,11,1398,2,11,8,1
2013073286076,1,9,0,18,0,2,2,0,7,0,1,1,6,1,4,1956,2,1,7,3
2013073286076,2,9,0,6,0,2,0,0,0,0,1,1,6,1,5,1149,1,13,7,3
2013073286214,1,9,0,18,0,1,0,0,0,0,1,1,1,2,8,1229,1,1,10,1
2013073286214,2,1,0,18,0,1,0,0,0,0,1,1,6,1,4,-1,-1,-1,7,1
2013073286597,1,19,0,18,0,0,1,0,0,0,1,1,1,1,4,-1,-1,-1,8,1
2013073286597,2,9,0,18,0,0,0,0,0,0,2,1,1,1,7,1968,2,3,9,1
2013073286597,3,9,0,18,0,0,0,0,0,0,2,1,1,1,7,1781,1,9,7,1
2013073286597,4,9,0,18,0,0,0,0,0,0,0,1,1,1,6,-1,-1,-1,1,1
2013073286706,1,9,0,18,0,8,0,0,0,0,4,1,6,2,6,1796,1,7,5,1
2013073286706,2,1,0,18,0,8,0,0,0,0,1,1,6,2,3,-1,-1,-1,-1,-1
2013073286962,1,9,0,18,0,0,0,0,0,0,1,1,6,1,5,1149,1,3,3,1
2013073286962,2,9,0,3,0,0,0,0,0,0,2,1,6,2,7,1360,1,10,-1,1
2013073287086,1,9,0,18,0,0,0,0,8,11,1,1,6,1,4,1991,1,13,4,1
2013073287094,1,9,0,9,0,8,0,0,0,0,1,1,6,1,10,1999,1,8,8,2
2013073287157,1,9,0,9,0,1,0,0,0,0,1,1,1,1,6,1956,2,1,4,1
2013073287174,1,1,0,18,0,8,0,0,0,0,3,1,4,2,3,-1,-1,-1,5,1
2013073287174,2,9,0,7,0,6,0,0,0,0,1,1,1,2,8,1590,1,11,10,1
2013073287175,1,9,0,18,0,1,0,0,0,0,1,1,2,1,8,3696,1,3,5,1
2013073287175,2,9,0,18,0,1,0,0,0,0,1,1,2,1,6,1329,1,1,10,1
2013073287175,3,9,0,18,0,1,0,0,0,0,1,1,2,1,6,1560,2,5,9,1
2013073287175,4,9,0,18,0,1,0,0,0,0,1,1,2,2,5,1242,1,2,7,1
2013073287175,5,9,0,18,0,1,0,0,0,0,1,1,1,1,6,1956,2,2,6,1
2013073287206,1,9,0,17,0,1,1,10,8,2,1,2,3,2,8,1124,1,12,3,1
2013073287297,1,9,0,18,0,0,0,0,0,0,1,1,6,3,-1,-1,-1,-1,-1,-1
2013073287297,2,9,0,3,0,0,0,0,0,0,2,1,6,2,5,1598,1,10,6,1
2013073287410,1,9,0,1,0,0,0,0,1,0,4,1,6,2,11,1587,1,14,9,2
2013073287410,2,9,0,18,0,0,0,0,0,0,2,1,6,2,11,1598,1,8,9,2
2013073287630,1,9,0,4,0,1,0,0,0,0,1,1,6,2,8,1686,2,6,2,1
2013073287630,2,1,0,5,0,1,0,0,0,0,3,1,6,1,2,-1,-1,-1,2,1
2013073287666,1,9,0,4,0,1,0,0,0,0,1,1,6,2,8,1598,1,1,3,1
2013073287666,2,9,0,7,0,6,0,0,0,0,2,1,6,2,6,1242,1,6,8,1
2013073287695,1,9,0,9,0,1,0,0,0,0,3,1,6,1,5,3201,1,14,5,1
2013073287695,2,9,0,18,0,1,0,0,1,1,3,1,6,2,4,1229,1,5,10,1
2013073287696,1,9,0,4,0,1,0,0,0,0,1,1,6,1,4,973,1,11,4,2
2013073287696,2,9,0,3,0,1,0,0,0,0,2,1,6,2,6,1598,1,10,8,1
2013073287843,1,20,0,5,0,1,0,0,0,0,1,1,6,1,7,4461,2,1,-1,1
2013073287843,2,9,0,5,0,1,0,0,0,0,2,1,1,1,10,1597,1,16,10,1
2013073288068,1,9,0,18,0,0,0,0,0,0,4,1,6,1,8,1999,1,1,6,1
2013073288190,1,9,0,4,0,0,0,0,0,0,1,1,2,2,6,2179,2,-1,-1,-1
2013073288190,2,9,0,4,0,0,0,0,0,0,1,1,2,1,6,1896,2,5,-1,-1
2013073288190,3,9,0,4,0,0,0,0,0,0,2,1,2,1,8,1796,1,3,-1,-1
2013073288190,4,9,0,4,0,0,0,0,0,0,2,1,2,1,7,1368,1,1,-1,-1
2013073288190,5,9,0,4,0,0,0,0,0,0,1,1,2,2,7,1296,1,5,-1,-1
2013073288190,6,9,0,4,0,0,0,0,0,0,2,1,2,1,8,2000,1,5,-1,-1
2013073288190,7,9,0,4,0,0,0,0,0,0,2,1,2,2,8,1796,1,11,-1,-1
2013073288190,8,3,0,4,0,0,0,0,0,0,2,1,2,2,7,-1,-1,-1,-1,-1
2013073288454,1,9,0,8,0,1,0,0,0,0,2,1,6,2,7,2967,1,10,9,1
2013073288454,2,9,0,18,0,1,0,0,0,0,1,1,6,2,8,1799,1,16,10,1
2013073288652,1,9,0,18,0,0,0,0,0,0,4,1,2,1,8,1598,1,2,9,1
2013073288705,1,19,0,18,0,0,1,0,0,0,1,1,1,1,4,-1,-1,-1,-1,-1
2013073288705,2,9,0,18,0,0,0,0,0,0,2,1,1,1,8,998,1,-1,5,1
2013073288705,3,9,0,18,0,0,0,0,0,0,2,1,1,1,7,1956,2,4,-1,1
2013073289282,1,9,0,3,0,1,0,0,0,0,1,1,2,1,7,2521,1,7,7,3
2013073289282,2,9,0,3,0,1,0,0,0,0,0,1,2,1,7,1968,2,5,7,1
2013073289341,1,9,0,4,0,1,0,0,0,0,1,1,2,1,9,1296,1,7,6,1
2013073289341,2,9,0,3,0,1,0,0,0,0,2,1,2,2,8,2199,2,1,9,1
2013073289341,3,9,0,3,0,1,0,0,0,0,2,1,2,1,6,1587,1,7,7,1
2013073289364,1,9,0,5,0,6,0,0,0,0,1,1,6,2,6,1364,1,5,3,1
2013073289364,2,8,0,10,0,8,0,0,0,0,4,1,1,1,6,1995,2,7,2,1
2013073289464,1,1,0,18,0,0,0,0,0,0,2,1,6,1,8,-1,-1,-1,3,1
2013073289464,2,9,0,18,0,0,0,0,0,0,1,1,6,1,11,1596,1,11,9,1
2013073289719,1,9,0,9,0,0,0,0,0,0,3,1,6,2,8,2987,2,4,7,1
2013073289719,2,5,0,18,0,0,0,0,7,11,1,1,6,1,6,749,1,17,1,1
2013073289886,1,9,0,4,0,1,0,0,0,0,1,1,6,2,8,1461,2,3,8,1
2013073289886,2,9,0,3,0,8,0,0,0,0,2,1,6,1,8,1242,1,-1,8,1
2013073289886,3,9,0,10,0,8,0,0,0,0,2,1,6,2,7,1599,1,9,2,1
2013073289961,1,3,0,18,0,0,5,0,0,0,0,1,1,1,4,-1,-1,-1,1,1
2013073290296,1,9,0,9,0,8,0,0,0,0,3,1,6,1,8,1339,1,10,8,1
2013073290296,2,9,0,18,0,8,0,0,0,0,4,1,2,2,7,1753,2,5,10,1
2013073290368,1,1,0,18,0,8,0,0,0,0,4,1,6,1,10,-1,-1,-1,4,1
2013073290368,2,9,0,5,0,8,0,0,0,0,1,1,2,1,7,2148,2,7,3,1
2013073290370,1,9,0,7,0,8,0,0,0,0,4,1,6,1,11,1596,1,11,9,1
2013073290370,2,1,0,18,0,1,0,0,0,0,4,1,6,2,10,-1,-1,-1,6,1
2013073290418,1,9,0,5,0,0,0,0,0,0,1,1,1,1,6,-1,-1,-1,6,1
2013073290508,1,9,0,7,0,6,0,0,0,0,3,1,2,1,7,1997,2,1,5,1
2013073290508,2,1,0,18,0,8,0,0,0,0,1,1,2,1,5,-1,-1,-1,1,1
2013073290553,1,9,0,9,0,8,0,0,0,0,4,1,6,1,5,1242,1,12,10,1
2013073290575,1,9,0,18,0,1,0,0,0,0,1,1,6,2,9,1984,1,4,9,1
2013073290655,1,9,0,14,0,0,0,0,0,0,3,1,6,1,-1,1896,2,6,-1,-1
2013073290655,2,9,0,18,0,0,0,0,0,0,3,1,6,1,5,1364,1,6,2,1
2013073290799,1,1,0,7,0,0,0,0,0,0,1,1,6,1,5,-1,-1,-1,2,1
2013073290799,2,9,0,4,0,0,0,0,0,0,1,1,1,2,6,1596,1,5,2,1
2013073290931,1,19,0,18,0,1,0,0,0,0,1,2,6,1,7,2143,2,1,-1,-1
2013073290931,2,9,0,3,0,1,0,0,0,0,2,2,6,2,6,1598,1,7,8,2
2013073291620,1,9,0,13,0,8,0,0,0,0,4,1,6,1,-1,1388,1,10,-1,-1
2013073291620,2,1,0,18,0,8,2,0,1,0,3,1,6,1,7,-1,-1,-1,8,1
2013073291985,1,9,0,18,0,6,1,0,7,11,4,1,6,1,4,1360,1,14,3,1
2013073291985,2,9,0,18,0,8,1,0,1,11,1,1,6,2,9,2497,2,8,7,3
2013073291985,3,9,0,18,0,6,1,0,1,0,1,1,6,1,4,973,1,12,9,1
2013073291985,4,98,0,18,0,8,0,0,0,0,3,1,6,3,-1,-1,-1,-1,-1,-1
2013073291985,5,9,0,4,0,1,0,0,0,0,1,1,6,2,9,1995,2,8,10,3
2013073291990,1,9,0,18,0,8,0,0,0,0,4,1,6,3,-1,-1,-1,-1,-1,-1
2013073291990,2,3,0,18,0,8,0,0,0,0,1,1,6,1,7,124,1,23,2,1
2013073292421,1,9,0,12,0,0,0,0,0,0,1,1,6,1,-1,998,1,12,2,1
2013073292421,2,9,0,4,0,0,0,0,0,0,4,1,6,2,5,1242,1,2,2,1
2013073292462,1,9,0,18,0,0,1,0,4,6,4,1,6,2,8,1975,1,10,4,1
2013073292490,1,9,0,17,0,8,0,0,0,0,1,1,6,2,10,1582,2,4,3,3
2013073292490,2,9,0,17,0,8,0,0,0,0,2,1,6,2,8,1242,1,4,-1,2
2013073292509,1,9,0,17,0,0,0,0,1,11,1,1,6,1,8,998,1,30,9,1
2013073292725,1,9,0,16,0,0,1,10,1,11,4,1,6,2,6,1560,2,7,4,1
2013073292754,1,9,0,16,0,0,2,0,1,11,1,1,6,2,7,1388,1,10,7,1
2013073292774,1,3,0,18,0,0,1,0,0,0,4,1,2,1,4,125,1,-1,2,1
2013073292785,1,5,0,16,0,0,1,0,7,0,3,1,6,1,9,1237,1,1,10,1
2013073292839,1,9,0,17,0,0,2,0,1,11,4,1,6,1,4,-1,-1,-1,9,1
2013073292942,1,9,0,5,0,0,0,0,0,0,1,1,6,1,8,2149,2,6,7,1
2013073292942,2,9,0,1,0,0,0,0,0,0,4,1,6,2,6,1794,1,11,5,1
2013073293095,1,9,0,17,6,0,1,0,1,3,4,1,2,1,5,1796,1,17,2,1
2013073293216,1,3,0,18,0,1,0,0,0,0,2,1,6,2,6,124,1,12,3,1
2013073293216,2,19,0,18,0,1,0,0,0,0,1,1,1,1,6,2402,2,11,3,1
2013073293216,3,9,0,18,0,1,0,0,0,0,1,1,6,1,7,1870,2,11,3,1
2013073293268,1,9,0,5,0,4,0,0,0,0,1,1,6,2,8,1390,1,5,6,1
2013073293268,2,1,0,18,0,8,1,0,0,0,1,1,2,1,7,-1,-1,-1,10,1
2013073293332,1,9,0,9,0,6,0,0,2,11,1,1,6,1,11,1339,1,-1,4,1
2013073293332,2,21,1,18,0,8,0,0,0,0,1,1,1,1,9,12777,2,2,7,3
2013073293363,1,21,1,18,0,0,1,0,0,0,1,1,1,1,7,12740,2,-1,7,1
2013073293363,2,9,0,10,0,0,0,0,0,0,2,1,6,2,7,1998,1,-1,6,1
2013073293364,1,1,0,4,0,3,0,0,0,0,1,1,6,1,8,-1,-1,-1,10,1
2013073293515,1,9,0,10,0,2,0,0,0,0,0,1,6,1,-1,998,1,9,3,1
2013073293515,2,9,0,18,0,2,0,0,0,0,0,1,6,2,6,1587,1,12,4,1
2013073293562,1,9,0,17,0,8,1,0,1,7,1,1,2,1,9,1199,1,11,7,2
2013073293626,1,19,0,17,0,0,2,0,7,11,2,1,1,1,8,1995,2,3,-1,-1
2013073293786,1,9,0,17,0,0,0,0,0,0,4,1,6,2,4,1598,1,8,-1,-1
2013073293786,2,9,0,16,0,0,0,0,0,0,1,1,6,1,7,1339,1,9,1,1
2013073294100,1,9,0,18,0,0,2,0,7,10,3,1,2,1,7,1597,1,12,5,1
2013073294121,1,9,0,18,0,1,0,0,0,0,1,1,6,1,8,1328,1,9,3,1
2013073294121,2,9,0,18,0,1,0,0,0,0,1,1,3,1,6,1590,1,12,10,2
2013073294121,3,9,0,3,0,1,0,0,0,0,0,1,2,1,8,-1,-1,-1,1,1
2013073294129,1,9,0,18,0,0,0,0,0,0,1,1,2,2,8,998,1,5,5,3
2013073294129,2,21,1,2,0,0,0,0,0,0,2,1,1,1,8,12580,2,8,6,1
2013073294153,1,9,0,17,0,3,1,0,0,0,3,1,6,1,6,1753,2,6,3,2
2013073294153,2,9,0,4,0,4,0,0,0,0,1,1,3,2,6,1339,1,7,9,1
2013073294328,1,21,1,11,0,0,0,0,0,0,4,1,1,1,9,-1,-1,-1,-1,-1