Accident_Index,Vehicle_Reference,Vehicle_Type,Towing_and_Articulation,Vehicle_Manoeuvre,Vehicle_Location-Restricted_Lane,Junction_Location,Skidding_and_Overturning,Hit_Object_in_Carriageway,Vehicle_Leaving_Carriageway,Hit_Object_off_Carriageway,1st_Point_of_Impact,Was_Vehicle_Left_Hand_Drive?,Journey_Purpose_of_Driver,Sex_of_Driver,Age_Band_of_Driver,Engine_Capacity_(CC),Propulsion_Code,Age_of_Vehicle,Driver_IMD_Decile,Driver_Home_Area_Type
2013073294328,2,9,0,18,0,0,1,0,7,1,3,1,6,1,10,1994,2,14,8,2
2013073294377,1,11,0,9,0,8,0,0,0,0,0,1,1,1,8,3900,2,9,3,1
2013073294724,1,9,0,5,0,6,0,0,0,0,4,1,6,2,6,1598,1,9,4,1
2013073294724,2,9,0,18,0,1,0,0,0,0,1,1,6,1,6,1896,2,13,4,1
2013073294861,1,9,0,7,0,8,0,0,0,0,1,1,2,1,7,1596,1,6,3,1
2013073294861,2,1,0,17,0,8,0,0,0,0,2,1,6,1,7,-1,-1,-1,1,1
2013073295211,1,19,4,7,0,1,0,0,0,0,4,1,6,3,-1,-1,-1,-1,-1,-1
2013073295211,2,20,4,2,0,2,0,0,0,0,0,1,1,1,8,7146,2,5,8,1
2013073295269,1,9,0,14,0,1,0,0,0,0,1,1,6,1,-1,-1,-1,-1,-1,-1
2013073295315,1,9,0,12,0,0,1,0,8,6,3,1,1,1,7,1968,2,8,-1,1
2013073295350,1,9,0,9,0,6,0,0,0,0,3,1,6,1,-1,-1,-1,-1,5,2
2013073295350,2,1,0,18,0,1,0,0,0,0,1,1,1,1,7,-1,-1,-1,3,1
2013073295359,1,9,0,16,0,0,5,0,2,4,4,1,6,1,6,995,1,5,9,1
2013073295499,1,9,0,18,0,0,0,0,0,0,3,1,6,1,-1,-1,-1,-1,-1,-1
2013073295526,1,9,0,4,0,0,0,0,0,0,1,1,3,2,7,2993,2,2,-1,-1
2013073295526,2,9,0,3,0,0,0,0,0,0,2,1,6,2,10,1796,2,-1,7,2
2013073295526,3,9,0,3,0,0,0,0,0,0,2,1,6,2,5,1598,1,11,7,3
2013073295526,4,9,0,3,0,0,0,0,0,0,2,1,6,1,8,1242,1,1,10,2
2013073295526,5,9,0,3,0,0,0,0,0,0,2,1,1,1,7,2000,2,2,3,1
2013073295527,1,9,0,18,0,0,1,0,1,7,1,1,1,1,6,1895,1,13,2,1
2013073295596,1,9,0,18,0,8,0,0,2,3,3,1,6,2,11,998,1,7,6,1
2013073295596,2,9,0,18,0,8,1,0,0,0,1,1,6,1,5,1781,1,12,6,1
2013073295751,1,9,0,18,0,1,0,0,0,0,1,1,6,3,-1,-1,-1,-1,-1,-1
2013073295751,2,1,0,18,0,1,0,0,0,0,1,1,6,1,7,-1,-1,-1,3,1
2013073295924,1,9,0,13,0,0,0,0,0,0,1,1,6,1,7,1753,2,5,4,1
2013073295924,2,21,1,16,0,0,0,0,0,0,1,1,1,1,7,10837,2,2,-1,-1
2013073295940,1,4,0,4,0,0,2,0,0,0,0,1,1,1,4,125,1,4,1,1
2013073295947,1,9,0,18,0,1,0,0,0,0,1,1,1,2,8,1397,1,4,10,1
2013073295947,2,1,0,18,0,1,0,0,0,0,2,1,1,2,7,-1,-1,-1,10,1
2013073296015,1,2,0,18,0,8,2,0,0,0,1,1,6,1,4,49,1,11,1,1
2013073296015,2,9,0,2,0,8,0,0,0,0,2,1,6,2,7,1596,1,6,8,3
2013073296080,1,9,0,5,0,4,0,0,0,0,1,1,6,2,5,1229,1,6,8,1
2013073296080,2,1,0,17,0,8,0,0,0,0,4,1,6,1,6,-1,-1,-1,2,1
2013073296259,1,19,0,18,0,0,0,0,0,0,3,1,1,1,7,2148,2,4,6,1
2013073296259,2,1,0,18,0,0,0,0,0,0,4,1,6,1,7,-1,-1,-1,10,1
2013073296327,1,9,0,4,0,1,1,0,0,0,1,1,6,2,5,1390,1,-1,2,1
2013073296327,2,9,0,3,0,1,0,0,0,0,2,1,6,2,6,1242,1,1,1,1
2013073296422,1,9,0,16,0,0,1,0,8,4,1,1,2,2,6,1399,2,8,3,1
2013073296507,1,1,0,4,0,8,0,0,0,0,1,1,6,1,3,-1,-1,-1,5,1
2013073296507,2,9,0,18,0,8,0,0,0,0,1,1,6,1,8,4600,1,16,5,1
2013073296713,1,9,0,18,0,8,0,0,0,0,1,1,6,1,7,1390,1,12,3,1
2013073296713,2,9,0,9,0,8,1,0,0,0,4,1,6,1,4,1242,1,6,7,1
2013073297019,1,9,0,18,0,1,0,0,0,0,2,1,6,1,4,1900,2,9,1,1
2013073297019,2,9,0,18,0,1,0,0,0,0,1,1,2,1,-1,-1,-1,-1,-1,-1
2013073297271,1,19,0,18,0,8,0,0,0,0,1,1,1,1,7,1995,2,-1,6,2
2013073297271,2,9,0,10,0,1,0,0,0,0,2,1,6,2,7,2993,2,9,7,3
2013073297366,1,11,0,9,0,8,0,0,0,0,0,1,1,3,-1,-1,-1,-1,-1,-1
2013073297366,2,9,0,18,0,1,0,0,0,0,1,1,6,2,9,1596,1,4,4,1
2013073297366,3,9,0,3,0,1,0,0,0,0,1,1,6,1,7,1995,2,11,3,1
2013073297500,1,4,0,18,0,1,0,0,0,0,1,1,6,1,4,125,1,-1,9,3
2013073297500,2,9,0,18,0,8,0,0,0,0,3,1,6,1,8,998,1,14,2,2
2013073297694,1,9,0,18,0,0,5,0,1,11,1,1,2,1,4,1242,1,10,-1,-1
2013073297871,1,9,0,18,0,0,1,0,7,3,1,1,6,1,4,1242,1,8,7,3
2013073297871,2,2,0,18,0,0,0,11,0,0,0,1,6,1,4,49,1,1,8,2
2013073298197,1,9,0,16,0,0,1,0,0,0,1,1,6,1,5,1596,1,12,5,1
2013073298197,2,9,0,17,0,0,0,0,0,0,1,1,6,1,11,1596,1,-1,5,1
2013073298465,1,9,0,13,0,8,0,0,7,11,1,1,6,1,5,1598,1,8,10,1
2013073298465,2,19,0,9,0,8,0,0,0,0,1,1,6,1,7,-1,-1,-1,1,1
2013073298536,1,9,0,12,0,0,0,0,0,0,3,1,6,1,10,1598,1,4,10,2
2013073298536,2,9,0,18,0,0,0,0,4,10,4,1,6,1,11,1398,2,2,3,1
2013073298579,1,5,0,16,0,8,0,0,0,0,3,1,6,1,5,600,1,18,7,1
2013073298579,2,9,0,16,0,8,0,0,0,0,4,1,6,2,6,1149,1,6,10,1
2013073298638,1,19,0,12,0,2,1,0,0,0,1,1,1,1,8,1686,2,12,6,3
2013073298638,2,9,0,4,0,8,0,0,0,0,2,1,6,1,7,1349,1,2,6,1
2013073298638,3,9,0,4,0,2,0,0,0,0,2,1,6,1,8,1984,2,3,8,3
2013073298658,1,9,0,18,0,0,1,0,7,3,1,1,6,2,6,1235,1,21,-1,-1
2013073298680,1,9,0,9,7,0,0,0,0,0,1,1,6,1,9,1686,2,9,4,1
2013073298707,1,9,0,17,0,0,0,0,0,0,1,1,6,1,8,2993,2,1,7,2
2013073298707,2,9,0,18,0,0,0,0,0,0,1,1,6,1,8,1997,2,2,10,1
2013073298716,1,9,0,5,0,6,0,0,0,0,1,1,6,3,-1,-1,-1,-1,-1,-1
2013073298716,2,9,0,18,0,8,5,0,1,11,4,1,1,2,8,1388,1,9,8,1
2013073298861,1,9,0,5,0,2,0,0,0,0,0,1,1,1,7,-1,-1,-1,-1,-1
2013073298861,2,3,0,18,0,2,2,0,0,0,0,1,2,1,4,124,1,-1,8,1
2013073298891,1,1,0,9,0,6,0,0,0,0,3,1,6,1,5,-1,-1,-1,3,2
2013073298891,2,9,0,18,0,1,0,0,0,0,1,1,6,2,11,1229,1,7,-1,1
2013073299006,1,9,0,18,0,1,1,0,0,0,1,1,6,2,7,1686,2,11,7,1
2013073299006,2,9,0,4,0,2,0,0,0,0,2,1,6,2,6,1598,2,1,5,1
2013073299006,3,9,0,10,0,8,0,0,0,0,0,1,1,1,7,2993,2,3,2,1
2013073299062,1,9,0,18,0,0,0,4,0,0,4,1,6,1,6,1896,2,9,9,3
2013073299062,2,9,0,2,0,0,0,0,0,0,3,1,6,2,7,1984,1,12,6,1
2013073299308,1,9,0,18,0,1,0,0,0,0,1,1,1,1,8,1242,1,15,1,1
2013073299308,2,9,0,3,0,1,0,0,0,0,2,1,6,2,9,1598,1,11,8,1
2013073299508,1,9,0,18,0,0,1,0,0,0,1,1,6,1,10,1422,2,5,8,1
2013073299508,2,9,0,3,0,0,0,0,0,0,2,1,6,2,7,1984,1,6,6,1
2013073299639,1,9,0,18,0,1,0,0,7,0,4,1,6,2,7,1360,1,7,3,1
2013073299639,2,9,0,9,0,8,0,0,0,0,4,1,6,1,8,1598,1,4,7,1
2013073299735,1,9,0,18,0,0,0,0,0,0,1,1,6,3,-1,-1,-1,-1,-1,-1
2013073299735,2,2,0,18,0,0,0,0,0,0,2,1,2,1,4,49,1,13,9,1
2013073300048,1,9,0,18,0,0,1,0,2,7,1,1,2,1,6,1870,2,10,-1,1
2013073300048,2,21,1,18,0,0,0,0,0,0,1,2,1,1,8,-1,-1,-1,-1,-1
2013073300054,1,9,0,7,4,6,0,0,0,0,3,1,6,1,-1,-1,-1,-1,-1,-1
2013073300054,2,1,0,5,4,1,0,0,0,0,3,1,6,1,6,-1,-1,-1,9,1
2013073300069,1,9,0,18,0,8,0,0,0,0,1,1,6,1,9,1997,2,3,10,1
2013073300069,2,1,0,18,0,8,0,0,0,0,2,1,1,1,6,-1,-1,-1,6,1
2013073300204,1,20,1,11,0,8,0,0,0,0,1,1,1,1,8,-1,-1,-1,5,3
2013073300204,2,9,0,11,0,8,0,0,0,0,3,1,6,1,9,1598,1,16,9,2
2013073300224,1,9,0,18,0,1,0,0,0,0,1,1,1,2,7,1997,2,2,7,1
2013073300224,2,9,0,18,0,1,0,0,7,11,4,1,6,1,9,1796,1,12,10,3
2013073300238,1,3,0,18,0,2,0,0,0,0,0,1,2,2,7,125,1,1,1,1
2013073300332,1,9,0,17,0,0,1,10,2,7,1,1,6,2,6,1989,1,13,1,1
2013073300332,2,9,0,18,0,0,0,0,0,0,1,1,6,1,10,1597,1,13,1,1
2013073300494,1,1,0,18,0,6,0,0,0,0,1,1,6,1,2,-1,-1,-1,2,1
2013073300494,2,9,0,18,0,1,0,0,0,0,3,1,6,2,6,999,1,3,2,1
2013073300500,1,21,1,12,0,0,0,0,0,0,3,2,1,1,9,-1,-1,-1,-1,-1
2013073300500,2,9,0,18,0,0,1,0,2,7,4,1,6,2,6,1896,2,8,4,1
2013073300528,1,9,0,18,0,0,0,0,0,0,1,1,6,1,-1,-1,-1,-1,-1,-1
2013073300581,1,1,0,9,0,2,0,0,0,0,1,1,2,1,6,-1,-1,-1,9,2
2013073300581,2,9,0,18,0,1,0,0,0,0,1,1,2,2,8,1242,1,4,10,3
2013073300589,1,9,0,4,0,0,1,0,0,0,1,1,6,1,6,1598,1,6,7,1
2013073300589,2,9,0,3,0,0,0,0,0,0,2,1,6,1,8,1839,1,8,6,1
2013073300589,3,9,0,3,0,0,0,0,0,0,2,1,1,1,5,1560,2,-1,1,1
2013073300624,1,9,0,18,0,1,0,0,0,0,1,1,6,1,7,1997,2,4,6,3
2013073300624,2,9,0,3,0,1,0,0,0,0,2,1,1,1,8,2979,1,10,7,1
2013073301189,1,9,0,4,0,0,1,0,0,0,1,1,2,2,6,1242,1,10,-1,-1
2013073301189,2,9,0,18,0,0,0,0,1,0,3,1,2,1,9,1910,2,6,10,1
2013073301207,1,9,0,5,9,2,0,0,0,0,0,1,6,1,4,1796,1,14,4,1
2013073301296,1,19,0,1,0,0,0,0,0,0,2,1,1,1,-1,1868,2,9,10,1
2013073301296,2,20,0,2,0,0,0,0,0,0,2,1,1,2,6,7146,2,6,-1,3
2013073301319,1,9,0,3,0,6,0,0,0,0,3,1,6,2,7,1984,1,12,9,1
2013073301319,2,21,1,18,0,8,1,0,0,0,1,1,1,1,7,8970,2,12,2,1
2013073301376,1,2,0,18,0,1,0,0,0,0,0,1,6,2,4,49,1,2,4,1
2013073301495,1,9,0,18,0,0,0,0,0,0,1,1,6,2,9,1598,1,5,-1,3
2013073301495,2,9,0,18,0,0,0,0,0,0,2,1,6,1,8,1598,1,13,1,1
2013073301504,1,11,0,5,0,0,0,0,0,0,0,1,1,1,9,3900,2,9,7,1
2013073301687,1,9,0,18,0,1,0,0,0,0,1,1,6,2,-1,1299,1,10,2,1
2013073301687,2,9,0,3,0,1,0,0,0,0,2,1,1,1,7,1968,2,1,6,3
2013073301851,1,9,0,5,0,4,0,0,0,0,1,1,6,1,5,1598,1,4,10,2
2013073301851,2,1,0,18,0,8,0,0,0,0,4,1,6,1,5,-1,-1,-1,9,1
2013073301862,1,9,0,1,0,0,0,0,0,0,2,1,6,1,10,-1,-1,-1,9,1
2013073301862,2,9,0,6,0,0,0,0,0,0,1,1,6,2,8,1397,1,4,4,1
2013073302055,1,1,0,18,0,8,0,0,0,0,4,1,6,1,5,-1,-1,-1,3,1
2013073302055,2,9,0,18,0,8,0,0,0,0,3,1,6,1,8,1396,1,11,2,1
2013073302302,1,9,0,12,0,0,0,0,0,0,3,1,6,2,6,1299,1,13,1,1
2013073302302,2,9,0,18,0,0,0,0,0,0,4,1,1,1,7,2993,2,1,7,1
2013073302674,1,9,0,18,0,1,0,0,0,0,1,2,2,1,6,1360,1,6,8,1
2013073302674,2,4,0,18,0,4,0,0,0,0,2,1,2,1,8,250,1,-1,7,1
2013073302678,1,9,0,9,0,8,0,0,0,0,3,1,6,2,11,1597,1,13,6,1
2013073302678,2,1,0,10,0,8,0,0,0,0,1,1,6,1,7,-1,-1,-1,4,1
2013073303109,1,9,0,18,0,0,2,10,2,10,1,1,6,2,6,1598,1,-1,1,1
2013073303131,1,9,0,9,0,8,0,0,0,0,1,1,1,2,8,1396,1,14,8,1
2013073303131,2,9,0,18,0,1,0,0,0,0,1,1,1,2,6,1896,2,7,3,1
2013073303148,1,9,0,3,0,2,0,0,0,0,2,1,6,2,6,1998,1,-1,10,1
2013073303148,2,9,0,3,0,2,0,0,0,0,1,1,6,2,8,2143,2,4,-1,1
2013073303222,1,9,0,18,0,0,0,0,0,0,1,1,6,1,-1,-1,-1,-1,-1,-1
2013073303222,2,22,0,18,0,0,0,0,0,0,1,1,6,1,11,-1,-1,-1,4,1
2013073303431,1,3,0,18,0,8,1,0,0,0,4,1,6,1,5,124,1,8,2,1
2013073303465,1,1,0,5,0,2,0,0,0,0,1,1,6,1,2,-1,-1,-1,-1,-1
2013073303465,2,9,0,18,0,2,0,0,0,0,1,1,6,2,5,1149,1,6,9,1
2013073303689,1,9,0,9,0,6,0,0,0,0,1,1,6,1,4,1242,1,13,9,1
2013073303689,2,9,0,18,0,8,0,0,0,0,1,1,6,1,6,998,1,14,7,1
2013073303691,1,9,0,9,0,2,0,0,0,0,1,1,6,1,6,1360,1,13,1,1
2013073303691,2,9,0,4,0,2,0,0,0,0,2,1,1,2,5,1753,2,12,2,1
2013073303754,1,5,0,18,0,8,0,0,0,0,1,1,6,1,9,-1,-1,-1,8,3
2013073303754,2,9,0,9,0,8,0,0,0,0,3,1,6,1,7,-1,-1,-1,4,1
2013073303770,1,9,0,1,0,0,0,0,0,0,1,1,6,1,8,-1,-1,-1,7,1
2013073303770,2,2,0,18,0,0,0,0,0,0,1,1,6,2,4,49,1,1,10,1
2013073304320,1,9,0,18,0,0,0,0,0,0,0,1,6,1,7,5748,1,6,3,1
2013073304320,2,9,0,18,0,0,0,7,6,6,1,1,6,1,7,1968,2,4,8,1
2013073304320,3,21,1,18,0,0,0,0,2,11,3,1,1,1,9,10518,2,5,5,1
2013073304320,4,9,0,18,0,0,0,0,0,0,1,1,6,2,9,-1,-1,-1,1,1
2013073304320,5,21,1,18,0,0,0,0,0,0,3,1,1,1,8,12777,2,2,6,2
2013073304366,1,9,0,3,0,0,0,0,0,0,1,2,2,2,5,1560,2,-1,4,1
2013073304366,2,9,0,3,0,0,0,0,0,0,2,2,2,2,8,1995,2,2,6,2
2013073304416,1,9,0,9,0,2,0,0,0,0,3,1,6,1,9,1149,1,6,10,1
2013073304416,2,11,0,18,0,1,1,0,0,0,1,1,1,2,4,-1,2,14,4,1
2013073304511,1,20,0,18,0,1,0,0,0,0,1,1,1,1,5,-1,-1,-1,-1,1
2013073304511,2,19,0,3,0,1,0,0,0,0,2,1,1,2,5,1248,2,1,-1,1
2013073304525,1,2,0,18,0,0,0,0,0,0,0,1,6,1,5,49,1,1,9,2
2013073304579,1,9,0,16,0,0,0,0,0,0,1,1,6,2,7,1988,1,11,3,1
2013073304579,2,9,0,16,0,0,0,0,0,0,2,1,1,2,6,1368,1,7,1,1
2013073304633,1,8,0,4,0,0,0,0,0,0,1,1,1,1,6,1998,2,11,3,1
2013073304633,2,9,0,3,0,0,0,0,0,0,2,1,6,1,6,1968,2,2,-1,1
2013073304717,1,9,0,2,0,0,0,0,0,0,3,1,6,1,-1,1995,2,2,5,1
2013073304717,2,1,0,18,0,0,0,0,0,0,1,1,6,1,7,-1,-1,-1,9,1
2013073304807,1,2,0,4,0,0,2,0,0,0,1,1,1,1,4,-1,-1,-1,1,1
2013073304807,2,9,0,3,0,0,0,0,0,0,2,1,6,1,8,1560,2,1,4,1
2013073304807,3,9,0,1,0,0,0,0,0,0,0,1,6,1,7,1299,1,12,10,1
2013073304919,1,3,0,7,0,8,0,0,0,0,1,1,6,1,4,124,1,5,10,1
2013073304919,2,9,0,18,0,8,0,0,0,0,4,1,6,1,6,1896,2,5,10,1
2013073304949,1,9,0,12,0,0,0,0,1,7,3,1,6,1,7,1998,2,7,1,1
2013073304949,2,9,0,18,0,0,0,0,2,7,1,1,6,1,7,2204,2,7,-1,-1
2013073305043,1,8,0,18,0,8,0,0,0,0,4,1,1,2,8,2664,2,12,2,1
2013073305310,1,9,0,9,0,8,0,0,0,0,4,1,6,1,10,1992,2,5,-1,-1
2013073305310,2,3,0,18,0,8,0,0,0,0,1,1,6,1,6,125,1,5,-1,-1
2013073305545,1,9,0,9,0,8,0,0,0,0,1,1,6,2,9,1386,1,5,9,1
2013073305545,2,5,0,18,0,8,0,0,0,0,1,1,6,1,4,748,1,20,1,1
2013073305545,3,10,0,7,0,8,0,0,0,0,0,1,1,2,6,-1,-1,-1,-1,-1
2013073305617,1,9,0,4,0,0,0,0,0,0,0,1,6,1,6,1896,2,10,9,1
2013073305617,2,9,0,4,0,0,0,0,0,0,0,1,6,2,4,1229,1,2,1,1
2013073305723,1,9,0,4,0,0,0,0,0,0,0,1,6,1,8,2993,2,2,3,1
2013073305723,2,9,0,4,0,0,0,0,0,0,2,1,6,1,4,1197,1,3,1,1
2013073305723,3,9,0,4,0,0,0,0,0,0,1,1,6,1,6,1995,2,9,6,1
2013073305741,1,9,0,5,0,4,0,0,0,0,3,1,1,2,5,998,1,5,3,1
2013073305741,2,5,0,16,0,8,1,0,0,0,1,1,6,1,7,-1,-1,-1,2,1
2013073305762,1,9,0,4,0,1,0,0,0,0,1,1,6,1,7,1968,2,2,-1,-1
2013073305762,2,9,0,4,0,1,0,0,0,0,2,1,6,2,8,998,1,2,5,1
2013073306451,1,9,0,9,0,0,0,0,0,0,3,1,1,2,7,1796,1,11,2,1
2013073306451,2,1,0,17,0,0,0,0,0,0,1,1,6,1,6,-1,-1,-1,9,1
2013073306804,1,9,0,18,0,8,0,0,0,0,1,1,6,2,7,-1,-1,-1,-1,-1
2013073306804,2,9,0,18,0,6,0,0,0,0,4,1,6,1,8,1598,1,-1,-1,-1
2013073307270,1,9,0,18,0,0,1,0,1,10,4,1,6,2,11,2793,1,14,-1,-1
2013073307270,2,21,1,18,0,0,0,0,0,0,3,1,1,1,8,12900,2,6,-1,-1
2013073307270,3,21,0,18,0,0,0,0,0,0,3,1,1,1,9,5480,2,12,2,1
2013073307323,1,9,0,18,0,8,0,0,0,0,1,1,6,2,7,3301,1,14,-1,-1
2013073307323,2,9,0,18,0,8,0,0,0,0,3,1,6,1,10,1998,1,13,-1,-1
2013073307525,1,9,0,16,0,0,1,0,1,10,1,1,6,1,4,-1,-1,-1,4,1
2013073307525,2,21,0,17,0,0,0,0,1,0,3,1,1,1,7,-1,-1,-1,6,2
2013073307606,1,9,0,18,0,1,0,0,0,0,3,1,2,2,8,1399,2,5,9,1
2013073307606,2,3,0,18,0,1,0,0,0,0,4,1,2,1,6,125,1,2,2,1
2013073307645,1,9,0,17,0,8,1,0,1,1,1,1,6,1,5,1995,1,5,9,1
2013073307850,1,9,0,10,0,8,0,0,0,0,1,1,6,1,4,999,1,13,5,1
2013073307850,2,3,0,18,0,8,1,0,0,0,1,1,6,1,4,125,1,1,10,2
2013073308017,1,9,0,9,0,0,0,0,0,0,1,1,6,2,4,1999,1,11,-1,-1
2013073308096,1,9,0,18,0,0,1,0,0,0,1,1,2,1,4,973,1,11,2,1
2013073308096,2,9,0,18,0,0,0,0,0,0,2,1,2,1,9,1796,2,1,9,1
2013073308098,1,9,0,18,0,0,0,0,0,0,0,1,2,2,4,1149,1,7,7,3
2013073308134,1,21,1,4,0,0,1,0,0,0,1,1,1,1,7,12580,2,8,2,1
2013073308134,2,9,0,3,0,0,0,0,0,0,2,1,6,2,7,1149,1,6,8,1
2013073308134,3,9,0,3,0,0,0,0,0,0,2,1,2,2,7,1995,2,3,3,1
2013073308157,1,9,0,9,0,6,0,0,0,0,3,1,1,1,8,1956,2,-1,3,1
2013073308157,2,9,0,18,0,1,0,0,0,0,1,1,6,1,7,2861,1,19,9,1
2013073308344,1,19,0,9,0,4,0,0,0,0,3,1,6,1,7,1998,2,9,2,1
2013073308344,2,3,0,18,0,8,2,0,0,0,1,1,6,1,5,124,1,1,3,1
2013073308467,1,9,0,18,0,0,0,0,0,0,1,1,6,2,8,1199,1,10,-1,-1
2013073308467,2,9,0,18,0,0,0,0,0,0,2,1,6,1,7,1998,1,4,-1,-1
2013073308652,1,9,0,17,0,0,2,0,7,9,1,1,6,1,5,1229,1,6,8,1
2013073308695,1,21,1,12,0,0,0,0,0,0,1,2,1,1,7,-1,-1,-1,-1,-1
2013073308695,2,9,0,18,0,0,1,0,2,0,2,1,6,2,8,1798,2,1,5,1
2013073308958,1,1,0,18,0,1,0,0,0,0,1,1,2,2,9,-1,-1,-1,3,1
2013073308958,2,9,0,5,0,1,0,0,0,0,4,1,2,1,9,2402,2,6,9,1
2013073309065,1,1,0,7,0,6,0,0,1,0,1,1,6,1,8,-1,-1,-1,9,1
2013073309065,2,9,0,2,0,7,0,0,0,0,3,1,6,2,9,-1,-1,-1,5,3
2013073309094,1,9,0,9,0,6,0,0,0,0,1,1,6,2,5,1598,1,1,7,1
2013073309094,2,9,0,17,0,8,0,0,0,0,4,1,6,2,8,2183,2,2,8,1
2013073309100,1,9,0,4,0,0,0,0,0,0,1,1,6,1,11,1120,1,17,8,1
2013073309100,2,19,0,3,0,0,0,0,0,0,2,1,1,1,6,2198,2,-1,4,1
2013073309169,1,9,0,18,0,0,0,0,0,0,1,1,6,2,11,1299,1,5,10,2
2013073309169,2,9,0,9,0,0,0,0,0,0,1,1,6,1,6,1995,2,6,7,1
2013073309300,1,9,0,1,0,8,0,0,0,0,2,1,6,1,10,1560,2,6,6,1
2013073309357,1,9,0,12,0,0,0,0,0,0,0,1,6,2,5,1149,1,16,-1,-1
2013073309357,2,9,0,11,0,0,1,7,2,7,4,1,6,2,8,1388,1,11,9,1
2013073309591,1,9,0,4,0,0,0,0,0,0,2,1,6,2,9,2499,1,5,6,1
2013073309591,2,9,0,4,0,0,0,0,0,0,1,1,6,1,7,1339,1,10,3,1
2013073309591,3,9,0,4,0,0,0,0,0,0,1,1,6,2,7,1086,1,10,9,2
2013073309994,1,9,0,9,0,8,0,0,0,0,4,1,3,2,4,-1,-1,-1,8,1
2013073309994,2,9,0,18,0,8,0,0,0,0,1,1,1,1,6,2143,2,1,9,1
2013073310108,1,9,0,18,0,1,0,0,0,0,3,1,2,1,7,1800,1,14,3,1
2013073310108,2,9,0,18,0,6,0,0,0,0,1,1,6,1,8,1796,1,12,6,1
2013073310425,1,9,0,18,0,0,0,0,0,0,2,1,6,1,-1,1968,2,8,-1,3
2013073310425,2,9,0,18,0,0,0,0,0,0,1,1,6,1,6,1560,2,-1,2,1
2013073310425,3,19,0,18,0,0,1,0,0,0,1,1,1,1,6,1998,2,12,2,1
2013073310581,1,9,0,18,0,0,0,0,4,6,4,2,6,1,7,1783,7,10,8,1
2013073310581,2,9,0,18,0,0,0,0,0,0,3,2,6,1,9,1242,1,7,6,1
2013073310596,1,9,0,4,0,3,0,0,0,0,1,1,2,1,6,998,1,3,2,1
2013073310596,2,9,0,4,0,3,1,0,0,0,2,1,2,1,9,1798,1,6,-1,-1
2013073310900,1,9,0,18,0,8,0,0,0,7,1,1,6,1,7,1989,1,14,-1,-1
2013073310900,2,9,0,17,0,8,0,0,0,7,1,1,1,1,8,1997,2,5,2,1
2013073311252,1,21,0,11,0,0,0,0,0,0,4,1,1,1,7,12777,2,5,1,1
2013073311252,2,9,0,18,0,0,1,0,0,0,3,1,1,1,6,1595,1,-1,3,1
2013073311453,1,9,0,18,0,0,0,0,0,0,1,1,6,1,10,1396,1,4,-1,2
2013073311453,2,9,0,18,0,0,0,0,0,0,2,1,6,1,6,1968,2,4,6,1
2013073311588,1,9,0,16,0,7,0,10,1,2,1,1,6,2,6,1870,2,8,10,3
2013073311594,1,19,0,18,0,0,0,0,0,0,4,1,1,1,6,2198,2,1,2,1
2013073311696,1,21,0,9,0,5,0,0,0,0,4,1,1,1,6,10518,2,1,1,2
2013073311696,2,10,0,16,0,1,0,0,0,0,1,1,2,2,8,-1,-1,-1,-1,-1
2013073311888,1,9,0,17,0,0,0,0,0,0,1,1,6,1,6,1299,1,11,2,1
2013073311888,2,9,0,17,0,0,0,0,0,0,2,1,6,1,8,1753,2,4,3,1
2013073311888,3,9,0,4,0,0,0,0,0,0,2,1,6,2,8,1598,1,5,-1,2
2013073311908,1,9,0,18,0,0,0,0,0,0,1,1,2,2,11,1240,1,5,1,1
2013073311922,1,9,0,9,0,8,0,0,0,0,4,1,6,1,6,1870,2,14,3,1
2013073311922,2,9,0,18,0,8,0,0,0,0,1,1,6,1,5,1796,1,10,-1,1
2013073311925,1,9,0,9,0,8,0,0,0,0,1,1,2,2,4,1390,1,-1,10,1
2013073311925,2,1,0,18,4,8,0,0,0,0,1,1,2,1,6,-1,-1,-1,9,1
2013073312423,1,9,0,18,0,0,0,11,0,0,1,1,6,2,7,1461,2,8,4,1
2013073312526,1,9,0,7,0,6,0,0,0,0,1,1,2,1,7,1870,2,10,2,1
2013073312569,1,9,0,5,0,0,0,0,0,0,4,1,6,3,-1,-1,-1,-1,-1,-1
2013073312655,1,9,0,18,0,0,1,0,0,0,1,1,6,1,8,2495,2,16,5,1
2013073312655,2,9,0,4,0,0,0,0,0,0,2,1,6,1,8,1968,2,-1,9,1
2013073312655,3,9,0,4,0,0,0,0,0,0,2,1,6,1,9,1199,2,1,8,1
2013073312655,4,9,0,4,0,0,0,0,0,0,2,1,6,1,8,1995,2,8,10,2
2013073312704,1,9,0,4,0,0,0,0,0,0,1,1,6,1,7,1390,1,12,7,1
2013073312704,2,9,0,4,0,0,0,0,0,0,2,1,6,2,7,1995,2,1,7,3
2013073312772,1,9,0,18,0,8,5,0,0,0,4,1,6,1,9,1086,1,5,2,1
2013073312772,2,9,0,18,0,8,0,0,0,0,1,1,6,1,6,1910,2,8,5,1
2013073313008,1,9,0,17,0,0,5,0,2,10,4,1,6,1,10,1598,1,5,8,3