Accident_Index,Vehicle_Reference,Vehicle_Type,Towing_and_Articulation,Vehicle_Manoeuvre,Vehicle_Location-Restricted_Lane,Junction_Location,Skidding_and_Overturning,Hit_Object_in_Carriageway,Vehicle_Leaving_Carriageway,Hit_Object_off_Carriageway,1st_Point_of_Impact,Was_Vehicle_Left_Hand_Drive?,Journey_Purpose_of_Driver,Sex_of_Driver,Age_Band_of_Driver,Engine_Capacity_(CC),Propulsion_Code,Age_of_Vehicle,Driver_IMD_Decile,Driver_Home_Area_Type
2013073313113,1,9,0,18,0,0,1,0,0,0,1,1,6,3,-1,-1,-1,-1,-1,-1
2013073313113,2,1,0,13,0,0,0,0,0,0,2,1,6,1,7,-1,-1,-1,-1,-1
2013073313201,1,9,0,18,0,8,0,0,0,0,4,1,6,1,6,1364,1,6,-1,-1
2013073313218,1,9,0,18,0,0,0,0,0,0,1,1,2,1,5,1995,1,8,10,1
2013073313269,1,9,0,18,0,0,0,11,0,0,4,1,6,3,-1,-1,-1,-1,-1,-1
2013073313578,1,9,0,18,0,0,0,0,0,0,1,1,6,2,11,1341,1,9,8,3
2013073313578,2,9,0,18,0,0,0,0,0,0,1,2,6,2,5,1199,1,11,5,3
2013073313831,1,9,0,18,0,0,0,0,0,0,1,1,6,1,11,1796,1,4,9,1
2013073313831,2,9,0,2,0,0,0,0,0,0,3,1,6,2,7,1598,1,6,9,1
2013073313877,1,9,0,9,0,8,0,0,0,0,4,1,6,1,6,1988,1,12,-1,-1
2013073313877,2,9,0,18,0,8,0,0,0,0,3,1,6,1,6,1242,1,14,5,1
2013073313877,3,9,0,3,0,8,0,0,0,0,3,1,6,1,10,2183,2,1,5,1
2013073314394,1,9,0,5,0,6,0,0,7,1,3,1,2,2,9,1584,1,9,7,1
2013073314394,2,9,0,18,0,1,0,0,6,0,1,1,2,2,7,1598,1,8,4,1
2013073314401,1,21,0,7,0,1,0,0,0,0,1,1,1,1,6,12777,2,5,1,1
2013073314401,2,9,0,4,0,5,0,0,1,10,2,1,1,2,8,1598,1,8,7,1
2013073314422,1,19,4,9,0,1,0,0,7,1,4,1,1,1,7,-1,-1,-1,-1,-1
2013073314422,2,21,0,18,0,1,0,0,7,0,1,2,1,1,10,-1,-1,-1,8,1
2013073314554,1,9,0,18,0,0,0,0,0,0,4,1,6,1,10,1995,2,-1,6,3
2013073314705,1,9,0,18,0,0,5,0,1,4,1,1,6,1,11,1242,1,8,10,2
2013073314801,1,9,0,18,0,0,0,0,0,0,1,1,2,2,7,1399,2,5,3,1
2013073314801,2,9,0,3,0,0,0,0,0,0,2,1,2,2,6,1275,1,14,1,1
2013073314976,1,9,0,18,0,0,0,0,0,0,1,1,6,1,6,1598,1,11,9,1
2013073314976,2,9,0,18,0,0,0,0,0,0,2,1,1,1,8,1242,1,1,-1,1
2013073314982,1,9,0,1,9,2,0,0,0,0,2,1,6,2,-1,-1,-1,-1,-1,-1
2013073315119,1,9,0,16,0,0,0,0,0,0,1,1,6,1,10,1686,2,9,9,2
2013073315119,2,1,0,18,0,0,0,0,0,0,2,1,6,1,7,-1,-1,-1,5,1
2013073315352,1,9,0,9,0,5,0,0,0,0,4,1,2,1,8,1388,1,14,1,1
2013073315450,1,9,0,18,0,4,0,0,0,0,0,1,6,3,-1,-1,-1,-1,-1,-1
2013073315450,2,9,0,18,0,3,0,9,0,0,0,1,6,2,8,1149,1,5,5,1
2013073315481,1,19,0,18,0,1,0,10,7,1,1,1,1,1,6,2143,2,-1,1,1
2013073315481,2,11,0,7,0,8,0,0,0,0,0,1,1,1,8,10518,2,1,2,1
2013073315494,1,9,0,9,0,1,0,0,0,0,4,1,6,2,10,-1,-1,-1,-1,-1
2013073315598,1,21,1,13,0,0,0,0,0,0,3,2,1,1,6,-1,-1,-1,-1,-1
2013073315598,2,9,0,18,0,0,1,0,0,0,4,1,6,2,8,1242,1,13,1,1
2013073315648,1,9,0,18,0,1,0,0,0,0,1,1,6,1,8,1360,1,7,5,1
2013073315648,2,9,0,9,0,6,1,0,0,0,3,1,6,1,11,1995,2,-1,10,1
2013073315932,1,9,0,18,0,4,0,0,0,0,3,1,1,1,8,1124,1,16,9,1
2013073316022,1,9,0,18,0,0,0,0,0,0,4,1,6,1,5,2979,1,10,9,1
2013073316064,1,9,0,17,0,0,2,0,1,0,1,1,6,2,6,-1,-1,-1,9,2
2013073316064,2,9,0,16,0,0,0,0,0,0,3,1,6,1,8,2993,2,7,6,3
2013073316447,1,9,0,9,0,0,0,0,0,0,1,1,2,2,5,1596,1,9,8,1
2013073316447,2,1,0,18,0,0,0,0,0,0,1,1,2,1,6,-1,-1,-1,10,1
2013073316460,1,1,0,18,0,0,0,0,0,0,0,1,6,1,10,-1,-1,-1,-1,-1
2013073316501,1,3,0,14,0,8,0,0,0,0,1,1,4,1,4,125,1,2,5,3
2013073316501,2,9,0,9,0,6,0,0,0,0,1,1,2,2,10,-1,-1,-1,5,1
2013073316534,1,9,0,3,0,1,0,0,0,0,3,1,6,2,5,1299,1,11,10,1
2013073316534,2,9,0,3,0,1,0,0,0,0,3,1,6,2,5,1299,1,11,10,1
2013073316534,3,9,0,18,0,1,0,0,0,0,1,1,6,2,8,1396,2,-1,10,2
2013073316803,1,9,0,4,0,0,0,0,0,0,2,1,1,1,8,2698,2,2,8,1
2013073316803,2,19,0,4,0,0,0,0,0,0,1,1,1,1,7,2198,2,1,7,1
2013073316877,1,2,0,17,0,1,0,0,1,0,4,1,6,2,4,49,1,4,8,3
2013073317064,1,9,0,9,0,6,0,0,0,0,1,1,1,2,6,1390,1,12,2,1
2013073317073,1,9,0,9,0,6,0,0,0,0,1,1,6,2,8,1388,1,10,5,1
2013073317073,2,9,0,18,0,1,0,0,0,0,1,1,6,1,8,1360,1,15,2,1
2013073317079,1,9,0,3,0,4,0,0,0,0,1,1,6,2,5,1242,1,3,9,1
2013073317079,2,9,0,18,0,4,0,0,0,0,2,1,1,2,4,1199,1,12,1,1
2013073317142,1,9,0,9,0,8,0,0,0,0,4,1,6,1,8,1761,1,13,1,1
2013073317142,2,1,0,18,0,8,0,0,0,0,1,1,6,1,8,-1,-1,-1,9,1
2013073317215,1,3,0,15,0,0,5,4,0,0,4,1,6,1,4,124,1,-1,3,1
2013073317215,2,9,0,2,0,0,0,0,0,0,3,1,6,2,7,2696,2,8,4,1
2013073317402,1,9,0,16,2,3,0,7,0,0,1,1,6,2,10,1329,1,1,2,1
2013073317480,1,1,0,18,0,0,0,0,0,0,0,1,6,1,8,-1,-1,-1,2,1
2013073317486,1,9,0,9,0,0,0,0,0,0,4,1,2,1,4,1388,1,11,10,2
2013073317486,2,3,0,18,0,0,1,0,0,0,1,1,2,1,4,124,1,2,2,1
2013073317487,1,1,0,14,5,0,0,0,0,0,1,1,2,2,6,-1,-1,-1,-1,-1
2013073317487,2,1,0,5,5,0,0,0,0,0,1,1,2,1,7,-1,-1,-1,8,1
2013073317637,1,9,0,7,0,2,0,0,0,0,0,1,6,1,10,1242,1,14,2,1
2013073317637,2,9,0,18,0,1,0,0,0,0,0,1,6,2,9,1397,1,3,10,1
2013073317644,1,9,0,13,0,0,1,0,1,10,1,1,6,1,5,1390,1,13,6,1
2013073317656,1,9,0,4,0,0,0,0,0,0,1,1,6,1,10,1956,2,3,-1,-1
2013073317747,1,9,0,3,0,1,0,0,0,0,1,1,6,2,5,1799,1,5,9,1
2013073317747,2,9,0,3,0,1,0,0,0,0,2,1,6,2,7,1242,1,10,6,1
2013073318002,1,9,0,4,0,0,0,0,0,0,2,1,6,3,-1,-1,-1,-1,-1,-1
2013073318002,2,9,0,4,0,0,0,0,0,0,2,1,1,1,7,1596,1,-1,-1,2
2013073318002,3,9,0,4,0,0,0,0,0,0,2,1,1,1,7,1997,2,4,8,1
2013073318002,4,9,0,4,0,0,0,0,0,0,2,1,1,1,7,2179,2,1,9,1
2013073318002,5,9,0,4,0,0,0,0,0,0,2,1,1,1,6,1560,2,7,5,1
2013073318142,1,9,0,18,0,1,0,0,0,0,1,1,6,2,6,1242,1,11,6,1
2013073318142,2,9,0,8,0,1,0,0,0,0,2,1,2,2,8,1388,1,8,6,1
2013073318276,1,9,0,7,0,6,0,0,0,0,1,1,6,1,11,1997,2,12,10,1
2013073318276,2,1,0,18,0,8,0,0,0,0,4,1,6,2,4,-1,-1,-1,4,1
2013073318457,1,9,0,7,0,2,0,0,0,0,1,2,6,1,8,-1,-1,-1,3,1
2013073318457,2,3,0,7,0,2,0,0,0,0,2,1,6,2,5,125,1,2,9,1
2013073318468,1,5,0,18,0,8,1,10,1,0,1,1,1,1,8,779,1,3,-1,-1
2013073318669,1,3,0,4,0,1,0,0,0,0,0,1,6,1,7,124,1,3,1,1
2013073318878,1,1,0,5,0,1,0,0,0,0,1,1,2,1,9,-1,-1,-1,5,1
2013073318878,2,9,0,8,0,1,0,0,0,0,4,1,3,2,7,1398,1,2,5,1
2013073318916,1,11,0,4,0,8,0,4,0,0,1,1,1,1,8,3900,2,9,1,1
2013073318916,2,9,0,3,0,8,0,0,0,0,2,1,1,2,8,1796,1,13,3,1
2013073318927,1,9,0,5,0,1,0,0,0,0,1,1,6,2,6,1598,1,1,-1,-1
2013073318927,2,9,0,3,0,1,0,0,0,0,2,1,6,2,5,1598,1,1,4,1
2013073318927,3,19,0,5,0,1,0,1,0,0,1,1,6,1,6,1753,2,8,6,1
2013073319020,1,9,0,18,0,0,0,0,0,0,2,1,1,2,8,1560,2,3,-1,1
2013073319020,2,9,0,18,0,0,0,0,0,0,1,1,1,1,4,1398,1,-1,3,1
2013073319020,3,9,0,18,0,0,0,0,0,0,1,1,1,1,7,1995,2,1,9,3
2013073319020,4,5,0,18,0,0,0,0,0,0,1,1,1,2,6,645,1,5,3,1
2013073319556,1,3,0,18,0,0,1,0,0,0,3,1,1,1,6,125,1,2,-1,-1
2013073319768,1,9,0,2,0,0,0,0,0,0,3,1,6,1,7,1968,2,-1,7,1
2013073319768,2,1,0,18,0,0,0,4,0,0,4,1,6,1,7,-1,-1,-1,7,3
2013073320222,1,9,0,18,0,0,0,0,0,0,1,1,1,1,7,-1,-1,-1,5,1
2013073320222,2,9,0,18,0,0,0,0,0,0,1,1,6,1,10,1596,1,1,1,1
2013073320622,1,5,0,18,0,0,1,0,0,0,3,1,6,1,9,1215,1,-1,7,3
2013073320666,1,9,0,18,0,8,0,0,0,0,1,1,6,2,7,1248,2,3,4,1
2013073320743,1,9,0,18,0,2,1,0,1,0,1,1,6,1,7,1798,1,8,1,1
2013073320751,1,9,0,14,0,0,0,0,0,0,4,1,6,1,7,1598,1,7,8,1
2013073320751,2,19,0,2,0,0,0,0,0,0,2,1,6,3,-1,2402,2,13,8,1
2013073320820,1,9,0,18,0,0,0,11,0,0,1,1,6,1,8,1910,2,6,1,1
2013073320850,1,9,0,18,0,0,0,0,0,0,2,1,6,1,7,-1,-1,-1,9,1
2013073320850,2,9,0,18,0,0,0,0,0,0,1,1,6,2,5,1984,1,9,1,1
2013073320850,3,9,0,18,0,0,0,0,0,0,1,1,6,1,5,1242,1,10,7,1
2013073320998,1,19,0,1,0,1,0,0,0,0,2,1,1,1,-1,1399,2,2,-1,-1
2013073320998,2,4,0,3,0,1,0,0,0,0,1,1,6,1,4,124,1,12,3,1
2013073320999,1,9,0,18,0,0,0,0,0,0,1,1,6,1,6,1560,2,8,2,1
2013073320999,2,9,0,3,0,0,0,0,0,0,2,1,6,2,4,1995,2,8,6,3
2013073321147,1,9,0,16,0,0,2,0,1,0,4,1,6,1,5,1796,1,5,-1,-1
2013073321568,1,9,0,13,0,0,0,0,0,0,2,1,6,1,7,1396,1,17,-1,1
2013073321568,2,21,2,18,0,0,0,0,0,0,3,2,2,1,7,-1,-1,-1,-1,-1
2013073321688,1,3,0,4,0,1,1,0,0,0,3,1,6,1,5,-1,-1,-1,3,1
2013073321688,2,9,0,10,0,8,0,0,0,0,3,1,1,2,9,-1,-1,-1,1,1
2013073321706,1,9,0,17,0,0,0,0,0,0,0,1,6,3,-1,-1,-1,-1,-1,-1
2013073321706,2,3,0,17,0,0,0,0,0,0,0,1,6,2,6,649,1,1,-1,-1
2013073321833,1,9,0,18,0,2,0,0,0,0,1,1,2,2,8,1598,1,12,10,1
2013073321896,1,9,0,17,0,1,0,0,0,0,1,1,6,1,5,1360,1,1,2,1
2013073321896,2,9,0,3,0,1,0,0,0,0,2,1,6,2,6,1149,1,2,2,1
2013073321969,1,9,0,16,0,8,1,0,1,2,1,1,6,2,5,1199,1,14,3,1
2013073322006,1,3,0,18,0,0,1,0,0,0,1,1,6,1,4,49,1,13,8,3
2013073322006,2,9,0,7,0,0,0,0,0,0,4,1,6,1,-1,-1,-1,-1,-1,-1
2013073322186,1,9,0,7,0,4,0,0,0,0,1,1,1,1,8,1753,2,3,8,1
2013073322186,2,4,0,9,0,3,0,0,0,0,4,1,1,1,7,486,1,28,9,1
2013073322214,1,9,0,3,0,0,0,0,0,0,2,1,1,1,8,-1,-1,-1,10,1
2013073322214,2,9,0,4,0,0,0,0,0,0,1,1,1,1,8,1997,2,7,-1,1
2013073322325,1,9,0,9,0,5,0,0,0,0,1,1,6,2,7,1968,2,1,10,1
2013073322329,1,9,0,9,0,8,0,0,0,0,1,1,6,2,8,998,1,2,7,1
2013073322329,2,1,0,10,0,8,0,0,0,0,2,1,6,1,5,-1,-1,-1,7,1
2013073322332,1,9,0,9,0,6,0,0,0,0,1,1,6,1,5,-1,-1,-1,1,1
2013073322332,2,19,0,18,0,8,0,0,0,0,3,1,6,2,6,2143,2,3,1,1
2013073322409,1,9,0,18,0,2,0,0,0,0,3,1,6,2,10,1388,1,7,5,1
2013073322534,1,21,0,3,0,0,0,0,0,0,4,1,6,3,-1,-1,-1,-1,-1,-1
2013073322534,2,1,0,3,0,0,0,0,0,0,3,1,6,1,9,-1,-1,-1,10,1
2013073322816,1,9,0,9,0,5,0,0,0,0,1,1,2,2,8,1598,1,4,10,1
2013073322816,2,1,0,18,0,1,0,0,0,0,3,1,6,1,7,-1,-1,-1,9,1
2013073322821,1,9,0,18,0,1,0,0,0,0,1,1,6,1,8,1328,1,11,-1,-1
2013073322821,2,9,0,11,0,1,0,0,0,0,4,1,6,1,5,1124,1,13,-1,-1
2013073322907,1,9,0,9,0,6,0,0,0,0,1,1,6,1,8,1997,1,9,7,1
2013073323036,1,9,0,18,0,0,0,0,4,7,1,1,6,1,9,4546,1,14,9,1
2013073323234,1,5,0,18,0,0,1,0,0,0,2,1,2,1,8,1000,1,22,3,1
2013073323234,2,9,0,3,0,0,0,0,0,0,2,1,2,2,7,2993,2,2,6,3
2013073323265,1,9,0,18,0,0,0,0,0,0,4,1,6,1,11,1598,1,1,6,1
2013073323286,1,9,0,13,0,0,0,0,0,0,4,1,6,1,8,1870,2,2,-1,-1
2013073323286,2,1,0,18,0,0,0,0,1,10,3,1,6,1,4,-1,-1,-1,-1,-1
2013073323291,1,9,0,5,0,0,0,0,0,0,1,1,6,2,-1,-1,-1,-1,-1,-1
2013073323649,1,9,0,9,0,5,0,0,0,0,1,1,6,2,9,1997,2,3,10,1
2013073323649,2,1,0,18,0,8,0,0,0,0,3,1,6,1,4,-1,-1,-1,4,2
2013073323649,3,9,0,10,0,2,0,0,0,0,1,1,6,1,7,1910,2,7,7,1
2013073323667,1,20,0,18,0,6,1,0,0,0,4,1,1,1,8,4461,2,1,10,1
2013073323667,2,19,0,18,0,8,0,0,0,0,1,1,2,1,5,1399,2,2,3,1
2013073323744,1,9,0,18,0,0,0,0,0,0,4,2,6,3,-1,-1,-1,-1,-1,-1
2013073323744,2,1,0,18,0,0,0,0,0,0,3,1,6,2,7,-1,-1,-1,1,1
2013073323852,1,19,0,18,0,8,0,0,0,0,1,1,2,1,4,1753,2,11,10,1
2013073323852,2,9,0,9,0,6,0,0,0,0,1,1,2,1,9,1598,1,-1,1,1
2013073323895,1,9,0,9,0,5,0,0,0,0,1,1,6,1,6,1968,2,-1,-1,-1
2013073323895,2,9,0,18,0,1,0,0,0,0,1,1,6,1,9,1997,2,13,-1,1
2013073323907,1,19,0,18,0,1,0,0,0,0,1,1,6,2,6,1998,2,7,10,3
2013073323907,2,9,0,3,0,1,0,0,0,0,2,1,6,2,8,1242,1,7,9,1
2013073323907,3,9,0,3,0,1,0,0,0,0,2,1,6,1,7,1997,2,3,9,2
2013073324221,1,9,0,18,0,0,0,0,0,0,1,1,2,1,7,1560,2,3,6,3
2013073324221,2,20,0,18,0,0,0,0,0,0,2,1,1,1,7,4461,2,1,1,1
2013073324291,1,19,0,7,0,8,0,0,0,0,4,1,1,1,9,2148,2,6,-1,-1
2013073324540,1,11,0,2,2,0,0,0,0,10,1,1,1,1,7,4250,2,7,-1,1
2013073324545,1,9,0,18,0,0,0,0,1,11,4,1,6,2,8,1398,1,1,3,1
2013073324549,1,9,0,9,0,8,0,0,0,0,1,1,6,2,9,1598,1,10,-1,-1
2013073324549,2,5,0,18,0,1,0,0,0,0,1,1,2,1,9,656,1,8,-1,-1
2013073324649,1,9,0,1,9,6,0,0,0,0,2,1,6,1,5,1390,1,11,9,1
2013073324657,1,9,0,18,0,4,0,0,1,11,1,1,6,1,5,1896,1,17,1,1
2013073324657,2,9,0,18,0,8,0,0,0,0,2,1,2,2,8,1997,2,11,7,1
2013073324709,1,9,0,16,0,1,0,0,0,0,0,1,6,3,-1,-1,-1,-1,-1,-1
2013073324709,2,4,0,17,0,1,2,4,0,0,4,1,2,1,5,487,1,17,3,1
2013073324709,3,21,1,2,0,1,0,0,0,0,1,1,1,1,8,12777,2,2,4,1
2013073324734,1,9,0,18,0,4,0,0,0,0,1,1,6,1,10,4398,1,13,8,3
2013073324734,2,5,0,18,0,3,0,0,0,0,4,1,1,2,8,-1,-1,-1,6,1
2013073324774,1,9,0,4,0,0,0,0,0,0,2,1,6,1,7,1968,2,1,1,1
2013073324774,2,9,0,4,0,0,0,0,0,0,2,1,6,2,8,1598,2,1,9,1
2013073324774,3,9,0,4,0,0,0,0,0,0,1,1,6,2,5,1242,1,1,5,1
2013073324774,4,9,0,4,0,0,0,0,0,0,1,1,6,1,5,1397,1,3,7,1
2013073324788,1,9,0,9,0,6,0,0,0,0,0,1,6,2,-1,-1,-1,-1,-1,-1
2013073324788,2,5,0,17,0,1,5,0,0,0,0,1,2,1,4,738,1,11,9,3
2013073325168,1,9,0,9,0,6,0,0,0,0,3,1,1,2,5,1796,1,6,3,1
2013073325168,2,17,0,18,0,8,0,0,0,0,1,1,1,1,8,4400,2,2,7,1
2013073325354,1,9,0,18,0,4,0,0,0,0,1,1,6,3,-1,-1,-1,-1,-1,-1
2013073325354,2,1,0,9,0,8,5,0,0,0,4,1,6,1,6,-1,-1,-1,9,1
2013073325460,1,9,0,9,0,2,0,0,0,0,3,1,2,1,6,1896,2,11,5,1
2013073325476,1,9,0,6,0,8,0,0,0,0,3,1,1,1,5,2496,2,12,5,1
2013073325476,2,2,0,18,0,1,2,0,0,0,1,1,1,1,4,98,1,14,10,1
2013073325671,1,9,0,5,0,1,0,0,0,0,1,1,6,2,9,1398,1,10,-1,1
2013073325776,1,20,0,5,0,0,0,0,0,0,3,1,6,1,-1,-1,-1,-1,-1,-1
2013073325776,2,3,0,4,0,0,0,0,0,0,1,1,6,1,6,124,1,3,6,3
2013073325857,1,9,0,16,0,0,5,0,7,11,1,1,6,2,6,1242,1,11,6,1
2013073325881,1,1,0,18,0,0,0,0,0,0,1,1,6,1,3,-1,-1,-1,5,1
2013073325881,2,9,0,2,0,0,0,0,0,0,3,1,6,2,-1,1988,1,11,-1,-1
2013073325890,1,8,0,18,9,0,0,0,0,0,1,1,1,1,8,1910,2,8,8,1
2013073325920,1,9,0,18,0,2,0,0,0,0,1,1,2,1,7,999,1,12,3,1
2013073325920,2,9,0,4,0,2,0,0,0,0,2,1,2,1,6,1332,1,16,2,2
2013073325938,1,8,0,5,0,6,0,0,0,0,1,1,1,1,8,2499,2,10,-1,1
2013073326183,1,9,0,18,0,0,0,0,1,0,3,1,2,2,5,1275,1,18,-1,-1
2013073326234,1,9,0,17,0,0,2,10,1,4,2,1,2,1,6,1796,1,10,1,1
2013073326407,1,10,0,18,0,8,0,0,1,10,1,1,3,2,8,-1,-1,-1,4,1
2013073326407,2,9,0,9,0,8,0,0,0,0,3,1,6,1,7,1995,2,2,10,1
2013073326407,3,9,0,2,9,1,0,0,0,0,4,1,6,3,-1,1796,1,9,-1,-1
2013073326419,1,9,0,4,0,1,0,0,0,0,1,1,6,2,7,1199,1,10,3,1
2013073326419,2,9,0,18,0,1,0,0,0,0,2,1,6,2,6,2199,2,5,1,1
2013073326514,1,9,0,18,0,3,0,0,0,0,1,1,6,2,5,998,1,8,-1,3
2013073326514,2,9,0,7,0,3,0,0,0,0,4,1,6,2,8,1229,1,3,4,1
2013073326678,1,9,0,17,0,0,0,0,1,0,3,1,2,2,4,1248,2,1,10,1
2013073326678,2,9,0,16,0,0,0,0,0,0,3,1,6,1,8,2993,2,1,3,1
2013073326763,1,9,0,4,0,0,1,0,0,0,1,1,6,1,4,1299,1,12,8,2
2013073326763,2,9,0,4,0,0,1,0,0,0,2,1,6,1,8,1997,2,7,10,1
2013073326763,3,9,0,4,0,0,0,0,0,0,2,1,6,2,9,2993,2,4,8,1
2013073327471,1,9,0,18,0,0,1,2,1,1,1,1,6,1,5,-1,-1,-1,6,1
2013073327573,1,9,0,16,0,7,0,0,1,2,4,1,2,1,5,1149,1,12,-1,-1
2013073327870,1,9,0,18,0,0,1,0,0,0,1,1,6,1,5,998,1,11,9,3
2013073327870,2,9,0,18,0,0,0,0,0,0,2,1,6,1,7,2993,2,6,9,3
2013073327950,1,9,0,18,0,0,0,10,1,11,1,1,6,1,6,2926,2,12,9,1
2013073328093,1,9,0,16,0,0,2,10,0,0,4,1,1,1,6,1242,1,12,5,1
2013073328218,1,1,0,18,5,0,0,0,0,0,1,1,6,1,6,-1,-1,-1,8,1
2013073328218,2,1,0,18,5,0,0,0,0,0,1,1,6,1,8,-1,-1,-1,10,1
2013073328315,1,9,0,18,0,0,0,0,0,0,4,1,1,1,8,1199,2,1,8,1
2013073328332,1,9,0,4,0,2,0,0,0,0,1,1,6,1,7,1997,1,15,5,1
2013073328332,2,9,0,2,0,2,0,0,0,0,2,1,6,1,5,1242,1,3,8,1
2013073328623,1,9,0,9,0,8,0,0,0,0,3,1,6,1,4,1248,2,-1,1,1
2013073328623,2,9,0,18,0,8,0,0,0,0,1,1,6,2,6,1995,2,7,2,1
2013073328699,1,1,0,18,9,0,5,0,0,0,1,1,3,1,3,-1,-1,-1,3,1
2013073328699,2,9,0,18,0,0,0,0,0,0,4,1,3,1,7,1598,1,13,2,1
2013073328717,1,9,0,9,0,0,0,0,0,0,1,1,1,1,6,1995,2,-1,-1,-1
2013073328717,2,9,0,18,0,0,0,0,0,0,1,1,6,2,10,1560,2,1,10,3
2013073328729,1,9,0,11,0,0,0,0,0,0,1,1,6,1,7,1956,2,3,4,1
2013073328729,2,9,0,4,0,0,0,0,0,0,2,1,6,1,6,1686,2,12,3,1
2013073328729,3,9,0,4,0,0,0,0,0,0,2,1,2,2,8,2435,1,16,6,1
2013073328937,1,9,0,18,0,0,0,0,0,0,1,1,6,1,7,1910,2,6,5,1
2013073328937,2,9,0,18,0,0,0,0,0,0,2,1,6,2,7,1598,1,10,4,1
2013073329186,1,9,0,18,0,4,0,0,0,0,1,1,1,1,6,1398,2,2,6,1
2013073329186,2,1,0,18,0,8,0,0,0,0,4,1,1,1,8,-1,-1,-1,10,1
2013073329260,1,19,0,18,0,1,0,0,0,0,1,1,1,1,6,1995,2,2,3,2
2013073329260,2,9,0,18,0,1,0,0,0,0,2,1,2,2,7,3956,7,12,6,2
2013073329260,3,19,0,10,0,5,0,0,0,0,2,1,1,1,7,1998,2,11,10,1
2013073329271,1,9,0,4,0,0,0,0,0,0,2,1,6,2,8,1685,2,-1,9,1
2013073329271,2,9,0,18,0,0,0,0,0,0,1,1,6,1,7,-1,-1,-1,3,1
2013073329341,1,9,0,1,0,0,0,0,0,0,2,1,1,1,6,-1,-1,-1,9,1
2013073329341,2,3,0,3,0,0,0,0,0,0,1,1,6,1,7,124,1,8,2,1
2013073329353,1,3,0,17,0,0,0,0,0,0,3,1,6,1,7,124,1,3,5,1
2013073329353,2,19,0,16,0,0,0,0,0,0,3,1,6,1,7,1910,2,7,5,1
2013073329401,1,9,0,18,0,0,0,4,0,0,1,1,6,1,9,1998,2,4,2,1
2013073329401,2,21,1,2,0,0,0,0,0,0,2,1,1,1,7,5880,2,9,4,1
2013073329443,1,9,0,9,0,5,0,0,0,0,1,1,6,2,9,1598,1,2,9,1
2013073329443,2,9,0,18,0,8,0,0,0,0,1,1,6,1,9,1149,1,13,10,3
2013073329696,1,9,0,15,0,0,2,4,0,0,4,1,6,2,7,1405,1,9,5,1
2013073329696,2,9,0,2,0,0,0,0,0,0,3,1,6,2,-1,1197,1,1,-1,-1
2013073329696,3,9,0,2,0,0,0,0,0,0,3,1,6,2,-1,1587,1,11,-1,-1
2013073329812,1,9,0,10,0,6,0,0,0,0,1,1,6,2,7,1200,1,10,10,1
2013073329812,2,9,0,18,0,1,0,0,0,0,4,1,6,1,5,1242,1,6,5,1
2013073330091,1,9,0,9,0,6,0,0,0,0,1,1,6,1,10,1796,1,8,10,1
2013073330091,2,3,0,18,0,8,5,0,0,11,3,1,6,1,4,124,1,2,10,1
2013073330579,1,9,0,9,0,8,0,0,0,0,1,1,6,1,6,1997,2,8,10,1
2013073330579,2,1,0,18,0,1,2,0,0,0,1,1,6,1,6,-1,-1,-1,1,1
2013073330857,1,9,0,18,0,1,1,10,1,4,1,1,6,1,5,1595,1,14,3,1
2013073330991,1,9,0,9,0,8,0,0,0,0,1,1,6,1,11,1799,1,6,7,1
2013073330991,2,9,0,18,0,8,0,0,0,0,1,1,3,2,7,1995,2,10,9,1
2013073331019,1,20,0,12,0,0,0,0,4,6,3,1,1,1,9,4461,2,5,4,1
2013073331019,2,9,0,18,0,0,0,0,4,6,4,1,1,1,8,1995,2,2,7,3
2013073331103,1,9,0,16,0,0,2,0,1,0,1,1,1,1,4,1242,1,5,5,3
2013073331175,1,9,0,18,0,0,0,12,0,0,1,1,6,2,9,1198,1,5,6,1
2013073331274,1,9,0,18,0,0,0,0,0,0,4,1,6,1,8,1686,2,12,7,1
2013073331284,1,9,0,18,0,0,0,0,0,0,4,1,6,1,10,1560,2,3,7,2
2013073331338,1,4,0,4,0,1,1,0,0,0,1,1,2,2,4,125,1,-1,2,1
2013073331400,1,9,0,18,0,3,0,0,0,0,3,1,6,1,7,1389,1,12,2,1
2013073331400,2,9,0,18,0,3,0,0,0,0,4,1,6,2,4,1149,1,6,6,1
2013073331418,1,9,0,18,0,0,1,0,8,7,1,1,6,2,6,1199,1,10,-1,-1
2013073331432,1,9,0,18,0,0,0,0,0,0,3,1,6,1,9,1753,2,4,-1,-1
2013073331953,1,9,0,8,0,8,0,0,0,0,1,1,1,2,9,1995,1,11,6,1
2013073331953,2,1,0,18,0,8,0,0,0,0,4,1,1,1,7,-1,-1,-1,9,1
2013073331973,1,9,0,7,0,8,0,0,0,0,4,1,6,1,5,1242,1,8,6,1
2013073331973,2,1,0,18,0,8,0,0,0,0,3,1,6,1,9,-1,-1,-1,9,1
2013073332153,1,9,0,2,0,0,0,0,0,0,3,1,6,1,-1,2179,2,2,-1,-1