Accident_Index,Vehicle_Reference,Vehicle_Type,Towing_and_Articulation,Vehicle_Manoeuvre,Vehicle_Location-Restricted_Lane,Junction_Location,Skidding_and_Overturning,Hit_Object_in_Carriageway,Vehicle_Leaving_Carriageway,Hit_Object_off_Carriageway,1st_Point_of_Impact,Was_Vehicle_Left_Hand_Drive?,Journey_Purpose_of_Driver,Sex_of_Driver,Age_Band_of_Driver,Engine_Capacity_(CC),Propulsion_Code,Age_of_Vehicle,Driver_IMD_Decile,Driver_Home_Area_Type
2013073332153,2,1,0,14,0,0,0,0,0,0,1,1,6,1,8,-1,-1,-1,-1,-1
2013073332168,1,9,0,18,9,0,0,10,2,10,4,1,6,3,-1,-1,-1,-1,-1,-1
2013073332222,1,10,0,9,0,1,0,0,0,0,3,1,1,1,9,-1,-1,-1,-1,-1
2013073332222,2,1,0,18,0,1,0,0,0,0,4,1,6,1,8,-1,-1,-1,-1,-1
2013073332445,1,9,0,7,0,6,0,0,0,0,4,1,6,1,10,1229,1,3,8,1
2013073332445,2,1,0,18,9,1,0,0,0,0,1,1,6,1,4,-1,-1,-1,1,1
2013073332455,1,9,0,4,0,0,0,0,0,0,1,1,6,2,4,1368,1,3,5,1
2013073332455,2,9,0,4,0,0,0,0,0,0,2,1,2,2,8,1798,1,9,2,1
2013073332480,1,9,0,4,0,0,0,0,0,0,1,1,2,2,6,1422,2,11,9,1
2013073332480,2,9,0,4,0,0,0,0,0,0,2,1,6,3,-1,-1,-1,-1,-1,-1
2013073332513,1,9,0,18,0,0,0,0,0,0,1,2,6,3,-1,-1,-1,-1,-1,-1
2013073332588,1,9,0,18,0,4,1,0,0,0,1,1,6,2,6,1781,1,11,5,1
2013073332588,2,9,0,4,0,4,0,0,0,0,1,1,6,1,8,3387,1,8,8,2
2013073332588,3,9,0,9,0,8,0,0,0,0,4,1,1,1,7,-1,-1,-1,6,1
2013073332593,1,9,0,17,0,0,0,0,0,0,1,1,6,2,9,-1,-1,-1,9,3
2013073332593,2,9,0,16,0,0,0,0,0,0,1,1,6,2,8,2204,2,4,6,1
2013073332745,1,9,0,18,0,4,1,0,1,4,1,1,6,1,4,1995,2,1,3,1
2013073333139,1,9,0,18,0,1,0,0,0,0,0,1,1,2,6,1686,2,3,1,1
2013073333139,2,5,0,4,0,1,0,0,0,0,0,1,6,1,9,748,1,16,6,1
2013073333199,1,9,0,18,0,8,0,10,6,0,1,1,6,1,8,1360,1,5,7,1
2013073333224,1,9,0,18,0,1,0,0,0,0,1,1,6,2,7,1997,2,8,2,1
2013073333224,2,9,0,3,0,1,0,0,0,0,2,1,6,2,5,1299,1,11,10,1
2013073333227,1,9,0,4,0,0,0,0,0,0,1,1,6,2,6,1598,1,6,3,1
2013073333227,2,9,0,3,0,0,0,0,0,0,2,1,6,2,8,1870,2,10,8,2
2013073333227,3,9,0,3,0,0,0,0,0,0,2,1,6,2,8,1596,1,2,9,1
2013073333307,1,9,0,7,0,4,0,0,0,0,0,1,6,1,8,1997,2,12,4,1
2013073333574,1,9,0,18,0,1,0,0,0,0,1,1,6,2,7,1242,1,-1,1,1
2013073333574,2,9,0,3,0,1,0,0,0,0,2,1,6,2,7,1461,2,1,10,1
2013073333735,1,9,0,5,0,6,0,0,0,0,3,1,6,2,9,1910,2,3,3,1
2013073333735,2,9,0,18,0,8,0,0,0,0,1,1,6,1,9,1242,1,15,2,1
2013073333739,1,9,0,6,0,0,0,0,0,0,1,1,6,2,9,1997,2,6,8,3
2013073333739,2,9,0,18,0,0,0,0,0,0,4,1,6,1,7,3950,1,13,1,1
2013073333960,1,1,0,18,0,0,0,0,0,0,1,1,6,1,-1,-1,-1,-1,-1,-1
2013073334436,1,9,0,4,0,4,0,0,0,0,1,1,6,1,-1,1560,2,1,5,1
2013073334436,2,9,0,3,0,4,0,0,0,0,2,1,6,2,4,1199,1,12,9,1
2013073334552,1,9,0,4,0,4,0,0,0,0,1,1,6,1,11,1598,1,13,9,1
2013073334552,2,9,0,4,0,4,0,0,0,0,2,1,6,1,7,1422,2,6,6,3
2013073334743,1,9,0,18,0,8,2,0,4,1,1,1,2,1,6,1560,2,4,4,1
2013073334743,2,9,0,7,0,6,0,0,0,0,3,1,2,1,7,1392,1,14,5,1
2013073334762,1,9,0,7,0,1,0,0,0,0,4,1,2,2,6,1796,1,11,9,2
2013073334762,2,1,0,18,0,8,0,0,0,0,3,1,2,2,7,-1,-1,-1,7,3
2013073334806,1,9,0,9,0,2,0,0,0,0,4,1,1,2,7,1560,2,2,9,1
2013073334806,2,1,0,18,0,8,0,0,0,0,1,1,1,1,8,-1,-1,-1,10,1
2013073334919,1,11,0,18,0,0,0,0,0,0,1,1,1,1,8,5883,2,9,1,1
2013073334939,1,9,0,18,0,0,0,0,0,0,1,1,1,2,7,2720,2,7,8,3
2013073334939,2,21,1,2,0,0,0,0,0,0,0,1,1,1,8,7790,2,6,7,1
2013073335036,1,19,0,18,0,0,0,4,0,0,1,1,1,1,6,1996,2,1,10,3
2013073335036,2,21,0,2,0,0,0,0,0,0,2,1,1,1,6,7146,2,4,5,1
2013073335051,1,9,0,18,0,0,0,0,0,0,1,1,6,1,8,1997,2,3,4,1
2013073335051,2,9,0,18,0,0,0,0,0,0,2,1,1,1,9,-1,-1,-1,4,2
2013073335051,3,20,0,18,0,0,0,0,1,11,1,1,1,1,8,3920,2,8,6,1
2013073335080,1,9,0,16,0,0,0,10,1,2,3,1,6,2,6,1753,2,7,6,2
2013073335175,1,9,0,12,0,0,0,0,0,0,0,1,6,3,-1,-1,-1,-1,-1,-1
2013073335175,2,11,0,18,0,0,0,0,0,0,0,1,1,1,-1,7300,2,4,-1,-1
2013073335189,1,21,0,11,0,0,0,0,0,0,1,1,1,1,9,12902,2,-1,-1,1
2013073335189,2,9,0,18,0,0,1,0,0,0,3,1,2,2,7,1388,1,10,6,1
2013073335253,1,9,0,9,0,5,0,0,0,0,4,1,2,1,10,6749,1,9,9,1
2013073335253,2,3,0,18,0,8,1,0,0,0,1,1,2,1,6,124,1,2,6,1
2013073335283,1,9,0,18,0,0,0,0,0,0,3,1,2,2,8,1242,1,5,5,3
2013073335303,1,9,0,6,0,0,0,0,0,0,4,1,1,1,10,2993,2,3,9,3
2013073335303,2,9,0,18,0,0,0,0,0,0,1,1,2,2,8,1389,1,16,7,1
2013073335354,1,90,0,18,0,0,0,0,0,0,1,1,1,1,-1,2143,2,2,-1,-1
2013073335354,2,9,0,3,0,0,0,0,0,0,2,1,6,2,7,1248,2,2,2,1
2013073335431,1,9,0,17,0,0,0,0,1,0,1,1,6,2,5,1595,1,15,6,3
2013073335431,2,9,0,16,0,0,0,0,1,0,3,1,2,1,9,1968,2,1,10,1
2013073335656,1,9,0,18,0,0,0,0,8,4,1,2,1,1,6,1582,2,1,-1,-1
2013073335706,1,9,0,4,0,1,0,0,0,0,1,1,2,2,6,1390,1,9,4,1
2013073335706,2,9,0,3,0,1,0,0,0,0,2,1,2,2,6,1956,2,3,10,1
2013073335773,1,9,0,12,0,8,0,0,0,0,3,1,2,2,6,1997,2,3,5,2
2013073335773,2,9,0,17,0,8,1,0,4,6,4,1,1,1,8,2191,2,-1,9,3
2013073335835,1,9,0,16,0,1,2,10,7,2,4,1,6,2,7,1988,1,10,3,1
2013073335915,1,9,0,9,0,8,0,0,0,0,3,1,6,2,4,1240,1,4,7,3
2013073335915,2,9,0,18,0,8,0,0,0,0,3,1,6,2,10,1086,1,6,3,1
2013073336003,1,9,0,18,0,0,0,0,0,0,1,1,6,3,-1,1598,1,7,-1,1
2013073336003,2,9,0,2,0,0,0,0,0,0,2,1,6,1,10,1598,1,3,1,1
2013073336088,1,19,0,18,0,0,0,0,0,0,1,1,1,1,6,-1,-1,-1,-1,-1
2013073336088,2,9,0,3,0,0,0,0,0,0,2,1,6,2,7,-1,-1,-1,-1,-1
2013073336159,1,90,0,9,0,6,0,0,0,0,3,1,1,1,8,2464,2,5,7,1
2013073336159,2,19,0,18,0,8,0,0,0,0,4,1,2,1,7,1870,2,8,3,1
2013073336224,1,11,0,18,0,8,0,0,0,0,0,1,1,1,8,6700,2,1,-1,-1
2013073336224,2,3,0,18,0,8,1,0,0,0,3,1,2,1,4,125,1,-1,-1,-1
2013073336382,1,9,0,11,0,0,0,0,0,0,4,1,6,1,10,2987,2,5,5,2
2013073336382,2,1,0,18,0,0,0,0,0,0,1,1,6,1,10,-1,-1,-1,-1,-1
2013073336723,1,9,0,18,0,1,0,0,0,0,1,1,6,1,11,1596,1,10,10,1
2013073336723,2,9,0,18,0,1,0,0,0,0,2,1,1,1,8,1248,2,8,6,1
2013073336835,1,9,0,18,0,1,0,0,0,0,1,1,6,1,9,1396,1,4,9,1
2013073336835,2,9,0,3,0,1,0,0,0,0,2,1,6,2,8,1360,1,3,4,1
2013073336907,1,19,0,18,0,6,0,0,0,0,1,1,6,1,-1,1461,2,4,-1,-1
2013073336907,2,1,0,7,0,5,0,0,0,0,1,1,2,1,5,-1,-1,-1,6,2
2013073337102,1,19,0,9,0,1,0,0,0,0,1,1,1,1,6,-1,-1,-1,8,3
2013073337102,2,1,0,7,0,8,0,0,0,0,1,1,6,2,9,-1,-1,-1,10,2
2013073337137,1,9,0,7,0,6,0,0,0,0,3,1,2,1,7,3600,1,10,7,1
2013073337137,2,5,0,18,0,8,0,0,0,0,1,1,2,1,10,649,1,4,7,3
2013073337185,1,9,0,9,0,0,0,0,0,0,3,1,2,1,6,1975,1,10,7,1
2013073337185,2,3,0,5,0,0,0,0,0,0,1,1,2,1,4,124,1,7,5,1
2013073337324,1,9,0,5,0,6,0,0,0,0,1,1,6,1,9,1598,2,2,10,1
2013073337324,2,9,0,18,0,8,0,0,0,0,4,1,6,1,7,1399,1,4,9,2
2013073337581,1,9,0,18,0,0,0,0,0,0,1,1,6,3,-1,-1,-1,-1,-1,-1
2013073337638,1,9,0,9,0,2,0,0,0,0,3,1,1,1,7,1781,1,12,7,2
2013073337638,2,3,0,14,0,1,0,0,0,0,1,1,1,1,7,-1,-1,-1,7,1
2013073337675,1,19,0,18,9,0,0,0,0,0,4,1,6,1,-1,2198,2,1,-1,-1
2013073337701,1,1,0,18,0,0,0,0,0,0,1,1,1,1,-1,-1,-1,-1,7,1
2013073337735,1,9,0,18,0,0,0,0,0,0,3,1,6,1,4,1242,1,15,6,3
2013073337735,2,9,0,18,0,0,0,0,0,0,3,1,6,1,10,1995,2,2,6,3
2013073337735,3,9,0,18,0,0,0,0,0,0,1,1,6,2,5,1229,1,7,-1,-1
2013073337778,1,9,0,18,0,8,0,0,0,0,4,1,1,1,6,1968,2,3,6,1
2013073337778,2,9,0,18,0,8,1,0,0,0,1,1,1,2,6,1124,1,10,-1,-1
2013073337860,1,9,0,18,0,1,0,0,0,0,1,1,6,1,8,1598,1,8,5,1
2013073337860,2,9,0,9,0,5,0,0,0,0,2,1,6,2,7,1685,2,2,7,1
2013073338085,1,9,0,12,0,0,0,0,0,0,0,1,6,3,-1,-1,-1,-1,-1,-1
2013073338085,2,9,0,4,0,0,0,0,0,0,2,1,2,1,6,1598,1,11,1,1
2013073338085,3,9,0,18,0,0,0,0,0,0,1,1,6,1,6,1686,2,-1,3,1
2013073338160,1,21,1,18,0,0,0,0,0,0,1,1,1,1,7,11705,2,2,4,1
2013073338160,2,9,0,18,0,0,0,0,0,0,2,1,2,1,10,1896,2,10,4,1
2013073338160,3,9,0,18,0,0,0,0,0,0,2,1,2,1,8,1796,1,11,1,1
2013073338160,4,9,0,18,0,0,0,0,0,0,2,1,2,1,6,1199,1,9,-1,1
2013073338160,5,9,0,18,0,0,0,0,0,0,2,1,2,1,8,1995,2,1,9,1
2013073338193,1,9,0,18,0,2,0,0,0,0,4,2,6,3,-1,-1,-1,-1,-1,-1
2013073338209,1,19,0,4,0,0,0,0,0,0,1,1,2,1,6,2402,2,4,6,1
2013073338209,2,9,0,3,0,0,0,0,0,0,2,1,2,2,6,1399,2,2,8,1
2013073338209,3,9,0,3,0,0,0,0,0,0,2,1,2,1,7,1197,1,1,9,1
2013073338209,4,19,0,3,0,0,0,0,0,0,2,1,2,1,8,1598,2,2,8,3
2013073338209,5,9,0,3,0,0,0,0,0,0,2,1,2,1,8,1998,1,8,10,3
2013073338228,1,9,0,18,0,0,0,0,0,0,1,1,6,1,-1,-1,-1,-1,1,1
2013073338228,2,19,0,18,0,0,0,0,0,0,2,1,1,1,8,1686,2,6,4,1
2013073338254,1,9,0,9,0,5,0,0,0,0,4,1,2,1,7,1497,1,11,6,1
2013073338254,2,1,0,7,0,5,0,0,0,0,3,1,2,1,6,-1,-1,-1,10,1
2013073338296,1,9,0,18,0,1,0,0,0,0,1,1,6,2,9,-1,-1,-1,2,1
2013073338296,2,9,0,3,0,1,0,0,0,0,2,1,6,1,7,1582,2,1,-1,-1
2013073338595,1,5,0,4,0,4,2,0,0,0,3,1,2,1,7,659,1,5,5,1
2013073338613,1,9,0,18,0,0,1,10,6,1,4,1,1,1,7,2544,1,14,3,1
2013073338613,2,9,0,13,0,0,0,0,0,0,1,1,1,1,8,1390,1,3,2,1
2013073339001,1,9,0,4,0,0,0,0,0,0,1,1,6,2,9,1560,2,-1,3,1
2013073339001,2,9,0,4,0,0,0,0,0,0,2,1,2,1,8,1598,2,-1,7,1
2013073339015,1,9,0,4,0,0,0,0,0,0,2,1,6,1,8,998,1,3,7,1
2013073339015,2,9,0,18,0,0,0,0,0,0,1,1,6,1,6,1598,1,9,10,3
2013073339055,1,9,0,4,0,0,0,0,0,0,2,1,6,2,6,1242,1,11,5,1
2013073339055,2,9,0,4,0,0,0,0,0,0,1,1,6,1,6,1995,1,6,5,1
2013073339268,1,9,0,18,0,0,1,0,0,0,1,1,6,1,5,1197,1,-1,6,1
2013073339268,2,9,0,4,0,0,0,0,0,0,2,1,6,1,6,1560,2,2,2,1
2013073339268,3,9,0,4,0,0,0,0,0,0,2,1,6,1,6,1956,2,-1,-1,1
2013073339268,4,9,0,4,0,0,0,0,0,0,2,1,6,1,7,1997,2,-1,8,1
2013073339555,1,9,0,9,0,1,0,0,0,0,1,1,6,2,6,1850,1,12,2,1
2013073339555,2,9,0,18,0,1,0,0,0,0,1,1,6,2,5,-1,-1,-1,9,1
2013073339758,1,19,0,5,0,8,0,0,0,0,1,1,6,1,-1,2298,2,3,-1,-1
2013073339758,2,1,0,18,0,8,0,0,0,0,4,1,2,1,6,-1,-1,-1,-1,-1
2013073339899,1,9,0,5,0,1,0,0,0,0,1,1,6,1,5,1388,1,10,8,1
2013073339899,2,9,0,3,0,1,0,0,0,0,2,1,6,2,8,1896,2,12,6,3
2013073340003,1,9,0,18,0,0,0,7,5,6,1,1,6,2,5,1149,1,4,1,1
2013073340089,1,8,0,5,0,0,0,0,0,0,4,1,1,1,7,1896,2,6,6,1
2013073340142,1,9,0,5,0,6,0,0,0,0,3,1,6,1,10,2499,1,4,7,1
2013073340142,2,5,0,18,0,1,2,0,0,0,1,1,6,2,6,649,1,11,7,1
2013073340212,1,9,0,9,0,6,0,0,0,0,3,1,6,2,6,996,1,4,9,1
2013073340212,2,9,0,18,0,1,0,0,0,0,1,1,6,2,4,1299,1,6,10,1
2013073340263,1,9,0,4,0,4,0,0,0,0,1,1,6,1,6,-1,-1,-1,-1,-1
2013073340263,2,9,0,8,0,3,0,0,0,0,2,1,6,2,6,1489,1,17,5,1
2013073340321,1,19,0,9,0,8,0,0,0,0,4,1,6,1,6,1870,2,10,2,1
2013073340321,2,1,0,18,0,1,5,0,0,0,1,1,2,1,5,-1,-1,-1,5,1
2013073340999,1,9,0,5,0,8,0,0,0,0,0,1,6,2,9,-1,-1,-1,5,1
2013073340999,2,3,0,9,0,8,2,0,0,0,0,1,2,1,7,124,1,-1,3,1
2013073341346,1,9,0,9,0,1,0,0,0,0,1,1,2,2,10,1124,1,12,6,1
2013073341346,2,5,0,18,0,1,0,0,0,0,4,1,6,1,9,1470,1,8,-1,-1
2013073341376,1,9,0,15,0,1,0,0,0,0,4,1,6,1,5,1995,2,-1,1,1
2013073341376,2,9,0,2,9,1,0,0,0,0,3,1,6,3,-1,1390,1,7,-1,-1
2013073341376,3,9,0,18,0,1,0,0,0,0,1,1,6,2,9,999,1,4,2,1
2013073341378,1,9,0,17,0,0,0,4,0,0,4,1,6,1,5,1396,1,17,-1,-1
2013073341378,2,9,0,2,0,0,0,0,0,0,4,1,6,2,9,2993,2,1,6,3
2013073341423,1,9,0,18,0,0,0,0,0,0,1,1,6,1,9,4511,1,10,3,1
2013073341423,2,19,0,18,0,0,0,0,0,7,1,1,1,1,6,2143,2,3,2,1
2013073341427,1,9,0,9,0,2,0,0,0,0,1,1,6,2,10,1229,1,8,2,1
2013073341427,2,9,0,18,0,8,0,0,0,0,1,1,6,2,4,1997,1,12,8,2
2013073342259,1,9,0,18,0,0,0,0,0,0,1,1,6,1,10,1598,2,1,7,1
2013073342259,2,9,0,18,0,0,0,0,5,6,2,1,6,1,8,1587,1,12,-1,1
2013073342687,1,9,0,9,0,6,0,0,0,0,0,1,2,1,9,1560,2,1,4,1
2013073342687,2,3,0,16,0,1,0,0,7,2,3,1,6,1,5,124,1,-1,3,1
2013073342913,1,9,0,18,0,0,0,0,0,0,1,1,1,1,10,2400,2,-1,-1,-1
2013073342913,2,9,0,18,0,0,0,0,0,0,2,1,1,1,6,1198,1,5,6,1
2013073342913,3,9,0,18,0,0,0,0,0,0,2,1,1,1,5,1229,1,-1,5,1
2013073343362,1,9,0,18,0,0,0,0,0,0,1,1,6,2,7,2993,2,3,8,3
2013073343362,2,9,0,18,0,0,0,0,0,0,2,1,6,1,6,1198,1,7,2,1
2013073343362,3,9,0,18,0,0,0,0,0,0,2,1,6,2,6,1956,2,-1,9,1
2013073343415,1,9,0,13,0,0,1,10,2,10,4,1,2,1,8,1461,2,3,-1,1
2013073343415,2,9,0,18,0,0,2,10,2,11,3,1,6,2,6,4999,1,7,-1,2
2013073343438,1,9,0,18,0,0,1,0,1,4,1,1,6,1,7,1598,1,6,6,3
2013073343522,1,9,0,18,0,8,0,0,0,0,1,1,6,1,6,2191,2,-1,4,1
2013073343522,2,9,0,9,0,1,0,0,0,0,2,1,6,1,5,1364,1,7,2,1
2013073343524,1,9,0,16,0,0,1,0,0,0,3,1,6,1,5,1199,1,11,-1,-1
2013073343524,2,9,0,17,0,0,0,0,0,0,3,1,6,2,5,1362,1,-1,-1,-1
2013073343579,1,9,0,7,0,8,0,0,0,0,4,1,6,2,8,1497,8,6,5,1
2013073343598,1,9,0,6,0,5,0,0,0,0,4,1,6,1,6,1461,2,7,10,1
2013073343598,2,2,0,18,0,1,0,0,0,0,1,1,6,2,9,50,1,5,3,1
2013073343837,1,3,0,16,0,0,1,0,0,0,4,1,2,2,4,108,1,4,-1,-1
2013073343973,1,9,0,18,0,5,0,0,0,0,1,1,6,2,9,1951,2,8,7,1
2013073343973,2,9,0,18,0,1,0,0,0,0,3,1,6,1,6,1242,1,7,2,1
2013073343976,1,9,0,9,0,6,0,0,0,0,3,1,6,1,11,1796,1,9,8,3
2013073343976,2,21,0,18,0,1,0,0,0,0,1,1,1,1,8,4250,2,5,7,1
2013073344040,1,9,0,6,0,5,0,0,0,0,4,1,6,2,9,1896,2,6,5,3
2013073344040,2,9,0,18,0,8,0,0,0,0,1,1,6,2,8,2429,1,6,-1,-1
2013073344073,1,9,0,10,0,6,0,0,0,0,3,1,6,1,10,2184,2,6,5,2
2013073344073,2,9,0,18,0,1,0,0,0,0,1,1,6,2,11,2499,1,7,7,1
2013073344155,1,1,0,18,0,1,0,0,0,0,1,1,2,1,5,-1,-1,-1,4,1
2013073344155,2,9,0,18,0,1,0,0,0,0,3,1,6,2,5,1124,1,13,-1,-1
2013073344244,1,9,0,18,0,0,0,0,0,0,1,1,2,2,7,1364,1,5,9,1
2013073344311,1,9,0,7,0,2,0,0,0,0,1,1,2,1,7,2967,2,5,7,1
2013073344379,1,9,0,7,0,8,0,0,0,0,1,1,6,1,8,1997,2,1,10,1
2013073344379,2,1,0,9,0,8,0,0,0,0,1,1,6,2,6,-1,-1,-1,-1,-1
2013073344390,1,9,0,7,0,8,0,0,0,0,4,1,6,1,8,-1,-1,-1,-1,-1
2013073344391,1,9,0,18,0,0,0,0,0,0,2,1,2,1,8,1796,1,6,3,1
2013073344391,2,9,0,18,0,0,0,0,0,0,1,1,2,1,9,1686,2,11,2,1
2013073344554,1,9,0,9,0,1,0,0,0,0,1,1,6,1,4,1200,1,-1,6,1
2013073344554,2,9,0,18,0,1,0,0,0,0,1,1,6,2,5,1242,1,8,3,1
2013073345056,1,3,0,18,0,0,0,0,0,0,1,1,6,1,5,85,1,24,8,2
2013073345056,2,9,0,4,0,0,0,0,0,0,0,1,6,1,9,1461,2,4,2,1
2013073345075,1,21,1,18,0,0,4,0,0,0,0,1,1,1,8,10837,2,-1,8,1
2013073345316,1,19,0,15,0,0,0,0,0,0,1,1,1,1,9,1399,2,2,6,1
2013073345316,2,9,0,18,0,0,0,0,0,0,1,1,2,2,8,1753,2,4,9,1
2013073345559,1,9,0,18,0,4,0,0,0,0,1,1,6,1,7,1796,1,8,3,1
2013073345559,2,1,0,18,0,8,0,0,0,0,4,1,6,1,6,-1,-1,-1,1,1
2013073345568,1,20,0,9,0,8,0,0,0,0,4,1,6,3,-1,-1,-1,-1,-1,-1
2013073345568,2,9,0,9,0,8,0,0,0,0,3,1,6,2,6,-1,-1,-1,3,1
2013073345590,1,9,0,18,0,8,0,0,0,0,4,1,6,1,5,1398,1,1,4,1
2013073345590,2,1,0,18,0,8,0,0,0,0,2,1,6,2,6,-1,-1,-1,3,1
2013073345607,1,9,0,18,0,0,0,0,0,0,3,1,6,1,8,5000,1,2,9,2
2013073345655,1,9,0,9,0,8,0,0,0,0,1,1,6,1,9,1598,1,3,10,1
2013073345655,2,2,0,18,0,8,0,0,0,0,1,1,6,1,4,49,1,1,9,1
2013073345821,1,9,0,18,0,1,0,0,0,0,1,1,6,1,5,1390,1,3,1,1
2013073345821,2,9,0,3,0,1,0,0,0,0,2,1,6,2,6,1587,1,7,4,1
2013073345821,3,9,0,3,0,1,0,0,0,0,2,1,6,1,5,1598,1,13,8,1
2013073345910,1,9,0,1,0,2,0,0,1,0,2,1,6,1,4,973,1,11,3,1
2013073346378,1,9,0,9,0,6,0,0,0,0,0,1,6,1,9,2184,2,4,9,1
2013073346378,2,3,0,18,0,1,1,0,0,0,0,1,2,1,5,124,1,-1,3,1
2013073346403,1,9,0,5,0,4,0,0,0,0,3,1,6,2,8,1242,1,-1,10,1
2013073346403,2,1,0,9,0,8,5,0,0,0,4,1,2,2,7,-1,-1,-1,2,1
2013073346552,1,9,0,9,0,7,0,0,0,0,3,1,6,1,11,2495,1,9,2,1
2013073346552,2,9,0,18,0,8,0,0,0,0,1,1,6,1,7,2495,2,19,2,1
2013073346570,1,1,0,18,9,0,0,0,0,0,4,1,1,1,9,-1,-1,-1,9,1
2013073346570,2,9,0,2,0,0,0,0,0,0,3,1,6,1,5,1199,1,12,-1,-1
2013073346619,1,9,0,18,0,0,0,0,0,0,4,1,6,1,11,1587,1,23,2,1
2013073346619,2,9,0,9,0,0,0,0,0,0,4,1,6,1,5,1242,1,4,9,3
2013073346829,1,9,0,8,0,6,0,0,0,0,1,1,6,2,6,-1,-1,-1,-1,-1
2013073346829,2,1,0,18,0,1,2,0,0,0,4,1,6,1,7,-1,-1,-1,3,1
2013073347228,1,9,0,16,0,8,1,0,0,0,1,1,6,1,5,2967,1,14,6,1
2013073347228,2,9,0,16,0,8,0,0,1,0,3,1,6,1,6,1998,1,4,7,1
2013073347295,1,9,0,18,0,8,1,0,1,4,3,1,6,2,8,1497,1,11,5,3
2013073347458,1,9,0,7,0,0,5,0,1,0,0,1,6,1,8,1298,1,10,2,1
2013073347476,1,19,0,11,0,0,0,0,0,0,1,1,1,1,7,2143,2,2,1,1
2013073347476,2,9,0,18,0,0,0,0,0,0,2,1,6,1,8,1560,2,-1,10,1
2013073347715,1,9,0,9,0,8,0,0,0,0,4,1,6,1,-1,-1,-1,-1,-1,-1
2013073347715,2,9,0,7,0,8,0,0,0,0,1,1,6,1,7,1596,1,11,3,1
2013073347769,1,9,0,17,0,0,0,10,0,0,1,2,2,2,5,1398,1,2,2,1
2013073347769,2,9,0,16,0,0,0,0,0,0,1,2,6,1,7,1596,1,6,4,1
2013073348322,1,9,0,18,0,5,0,0,0,0,4,1,6,1,10,1461,2,7,-1,3
2013073348322,2,1,0,7,4,8,0,0,0,0,1,1,6,1,7,-1,-1,-1,4,1
2013073348323,1,9,0,16,0,0,2,10,1,11,4,1,6,1,4,1149,1,12,8,2
2013073348468,1,9,0,9,0,6,0,0,0,0,1,1,6,2,5,1328,1,7,-1,-1
2013073348468,2,9,0,18,0,1,0,0,0,0,3,1,6,2,6,1364,1,6,3,1
2013073348665,1,9,0,16,0,0,2,10,1,0,4,1,6,1,6,1389,1,13,3,1
2013073348841,1,9,0,18,0,0,1,0,4,6,1,1,1,2,6,1242,1,10,8,1
2013073348841,2,9,0,2,0,0,0,0,0,0,2,1,2,1,7,1396,1,8,9,1
2013073348866,1,9,0,12,0,0,0,0,0,0,1,1,1,1,8,1461,2,-1,5,3
2013073348866,2,9,0,4,0,0,0,0,0,0,2,1,6,1,5,998,1,1,-1,1
2013073349217,1,9,0,8,0,1,5,0,1,10,1,1,6,2,11,1896,2,6,10,2
2013073349217,2,21,1,18,0,8,0,0,0,0,4,1,1,1,7,11705,2,1,3,2
2013073349217,3,9,0,2,0,2,0,0,0,0,2,1,6,2,7,1240,1,10,10,2
2013073349319,1,9,0,18,9,0,0,0,1,11,4,1,6,3,-1,1242,1,15,-1,-1
2013073349381,1,9,0,4,0,0,1,0,0,0,1,1,6,1,6,1124,1,12,5,1
2013073349381,2,19,0,3,0,0,0,0,0,0,2,1,1,1,5,1560,2,1,10,1
2013073349381,3,9,0,3,0,0,0,0,0,0,2,1,2,1,6,1461,2,5,9,1
2013073349694,1,9,0,18,0,1,0,0,0,0,1,1,6,2,6,1198,1,1,1,1
2013073349694,2,9,0,3,0,1,0,0,0,0,2,1,6,1,5,1299,1,17,4,1
2013073349807,1,9,0,18,0,1,0,0,7,0,1,1,3,1,11,1685,2,-1,-1,-1
2013073349807,2,9,0,2,0,1,0,0,0,0,3,1,6,2,8,1339,1,6,-1,-1
2013073349807,3,9,0,2,0,1,0,0,0,0,2,1,6,2,8,1386,1,3,-1,-1
2013073349808,1,9,0,18,0,8,1,0,0,0,1,1,1,1,6,1560,2,1,3,1
2013073349808,2,9,0,18,0,8,0,0,7,11,1,1,2,2,8,1968,2,1,7,2
2013073349878,1,9,0,9,0,1,0,0,0,0,1,1,1,1,8,1124,1,12,8,1
2013073349878,2,9,0,18,0,2,0,0,0,0,2,1,1,2,9,-1,-1,-1,8,1
2013073349911,1,9,0,18,0,8,0,0,7,11,4,1,6,1,5,1229,1,1,8,1
2013073349911,2,11,0,18,0,8,0,0,0,0,1,1,1,1,8,12816,5,-1,2,1
2013073350065,1,9,0,13,0,0,0,0,0,0,4,1,6,2,11,1398,1,7,10,1
2013073350065,2,1,0,18,0,0,0,0,0,0,3,1,6,1,5,-1,-1,-1,10,1
2013073350066,1,9,0,9,0,1,0,0,0,0,1,2,6,2,8,2298,1,14,7,1
2013073350066,2,9,0,18,0,1,0,0,0,0,1,2,6,2,4,1149,1,9,-1,1
2013073350424,1,9,0,18,0,0,0,0,0,0,1,1,2,1,4,1124,1,8,-1,1