Accident_Index,Vehicle_Reference,Vehicle_Type,Towing_and_Articulation,Vehicle_Manoeuvre,Vehicle_Location-Restricted_Lane,Junction_Location,Skidding_and_Overturning,Hit_Object_in_Carriageway,Vehicle_Leaving_Carriageway,Hit_Object_off_Carriageway,1st_Point_of_Impact,Was_Vehicle_Left_Hand_Drive?,Journey_Purpose_of_Driver,Sex_of_Driver,Age_Band_of_Driver,Engine_Capacity_(CC),Propulsion_Code,Age_of_Vehicle,Driver_IMD_Decile,Driver_Home_Area_Type
2013073350424,2,9,0,18,0,0,0,0,0,0,2,1,6,2,9,2993,2,3,-1,3
2013073350540,1,9,0,9,0,1,0,0,0,0,1,1,6,1,6,1598,1,3,-1,-1
2013073350540,2,9,0,18,0,8,0,0,0,0,1,1,6,1,6,1560,2,4,1,1
2013073350808,1,9,0,5,0,6,0,0,0,0,1,1,2,1,5,1497,8,3,2,1
2013073350808,2,1,0,18,0,8,0,0,0,0,4,1,6,1,10,-1,-1,-1,6,1
2013073350844,1,9,0,18,0,4,0,0,0,0,0,1,6,2,10,1388,1,3,6,1
2013073350844,2,9,0,9,0,8,0,0,0,0,2,1,3,2,8,1968,2,1,7,1
2013073350844,3,9,0,9,0,8,0,0,0,0,1,1,3,2,6,1390,1,9,2,1
2013073350847,1,9,0,7,0,4,0,0,0,0,3,1,3,2,6,1595,1,15,3,1
2013073350847,2,1,0,18,0,8,0,0,0,0,2,1,6,1,10,-1,-1,-1,3,1
2013073350966,1,9,0,18,0,8,0,11,0,0,1,2,6,1,7,2401,2,9,10,1
2013073351088,1,9,0,5,0,2,0,0,0,0,3,1,6,1,11,1951,2,10,10,2
2013073351088,2,9,0,18,0,8,0,0,0,0,1,1,6,1,10,1796,1,6,10,2
2013073351118,1,5,0,18,0,0,0,0,0,0,0,1,6,1,6,998,1,14,10,2
2013073351487,1,9,0,18,0,0,0,0,0,0,1,1,6,1,5,1699,1,7,10,1
2013073351487,2,9,0,3,0,0,0,0,0,0,2,1,2,1,7,1242,1,10,10,1
2013073351487,3,9,0,3,0,0,0,0,0,0,2,1,6,2,7,1388,1,3,6,1
2013073351724,1,9,0,18,0,0,0,0,0,0,4,1,6,3,-1,-1,-1,-1,-1,-1
2013073351724,2,1,0,18,0,0,0,0,0,0,3,1,6,1,5,-1,-1,-1,1,1
2013073351993,1,9,4,13,0,1,0,0,7,11,4,1,1,1,9,2835,2,17,7,3
2013073351993,2,9,0,9,0,1,0,0,7,11,3,1,6,2,8,1248,2,4,10,1
2013073352086,1,9,0,5,0,0,0,0,0,0,3,1,6,2,-1,-1,-1,-1,-1,-1
2013073352086,2,3,0,13,0,0,0,0,0,0,4,1,1,1,5,124,1,8,1,1
2013073352177,1,9,0,18,0,0,0,0,0,0,4,1,2,2,6,1560,2,4,7,1
2013073352308,1,9,0,15,0,0,0,0,0,0,1,1,6,1,8,1796,1,9,9,1
2013073352308,2,9,0,4,0,0,0,0,0,0,0,1,6,1,10,1397,1,10,9,1
2013073352343,1,9,0,18,0,0,0,0,0,0,1,1,6,1,6,1968,2,9,6,3
2013073352383,1,9,0,9,0,6,0,0,0,0,3,1,6,2,6,1968,2,3,10,1
2013073352383,2,9,0,18,0,1,0,0,0,0,1,1,6,1,6,2979,1,12,9,1
2013073352666,1,8,0,18,0,4,0,0,0,0,0,1,6,1,6,-1,-1,-1,-1,-1
2013073352787,1,9,0,16,0,0,0,0,7,0,1,1,2,1,6,1896,2,5,-1,-1
2013073352839,1,9,0,16,0,0,0,0,7,11,3,1,1,1,6,1796,1,8,-1,-1
2013073352861,1,9,0,18,0,0,0,12,0,0,1,1,2,1,8,1560,2,6,9,1
2013073352904,1,9,0,18,0,1,1,0,0,0,1,1,2,2,6,1061,1,8,4,1
2013073352904,2,9,0,9,0,8,0,0,0,0,2,1,6,1,6,2204,2,6,7,3
2013073353082,1,9,0,9,0,8,0,0,0,0,4,1,6,1,4,1896,2,8,10,3
2013073353082,2,9,0,18,0,8,0,0,1,10,1,1,6,2,7,1360,1,5,8,1
2013073353138,1,9,0,18,0,8,0,0,0,0,1,1,6,1,11,1988,2,10,7,1
2013073353138,2,9,0,18,0,8,0,0,2,2,3,1,6,2,8,2172,2,11,-1,-1
2013073353283,1,9,0,18,0,2,0,0,0,0,1,1,6,1,5,1364,1,4,7,3
2013073353283,2,9,0,4,0,2,0,0,0,0,2,1,6,1,7,1896,2,6,9,1
2013073353329,1,9,0,18,0,0,0,0,0,0,1,1,6,1,9,1591,1,-1,10,1
2013073353573,1,9,0,7,0,4,0,0,0,0,1,1,6,1,7,-1,-1,-1,-1,-1
2013073353573,2,1,0,18,0,8,5,0,0,0,4,1,2,1,8,-1,-1,-1,3,1
2013073353958,1,2,0,4,0,0,0,0,0,0,0,1,6,1,4,49,1,4,10,1
2013073353958,2,2,0,4,0,0,1,0,0,0,1,1,6,1,4,49,1,14,7,1
2013073353958,3,9,0,4,0,0,0,0,0,0,2,1,6,2,4,1560,2,2,-1,-1
2013073354120,1,9,0,13,0,0,0,0,0,0,4,2,6,1,11,1596,1,3,9,1
2013073354120,2,21,1,18,0,0,0,0,0,0,4,2,1,1,7,12130,2,15,-1,-1
2013073354153,1,9,0,18,0,0,0,0,0,0,1,1,6,1,11,998,1,11,7,1
2013073354296,1,9,0,9,0,8,0,0,0,0,4,1,6,1,4,1149,1,9,6,3
2013073354296,2,9,0,18,0,1,0,0,0,0,1,1,6,2,7,2200,2,13,6,3
2013073354296,3,17,4,18,0,1,0,0,0,0,0,1,1,1,6,6728,2,2,-1,-1
2013073354304,1,1,0,12,0,2,0,0,0,0,1,1,6,1,8,-1,-1,-1,-1,1
2013073354524,1,9,0,16,0,0,1,0,2,2,4,1,6,2,5,1388,1,8,1,1
2013073355042,1,9,0,9,0,1,0,0,0,0,1,2,6,3,-1,-1,-1,-1,-1,-1
2013073355054,1,9,0,18,0,0,2,0,2,0,1,1,1,1,6,1390,1,11,5,1
2013073355363,1,9,0,18,0,0,0,11,0,0,4,1,6,1,10,1686,2,5,9,2
2013073355550,1,9,0,18,0,0,0,0,0,0,1,2,6,3,-1,-1,-1,-1,-1,-1
2013073355832,1,9,0,8,0,1,0,0,0,0,1,1,1,1,6,1598,1,6,7,1
2013073355832,2,9,0,8,0,1,0,0,0,0,2,1,1,2,4,1242,1,7,7,1
2013073355853,1,9,0,10,0,1,0,0,0,0,1,1,1,2,6,2148,2,11,4,1
2013073355853,2,9,0,10,0,1,0,0,0,0,2,1,1,2,-1,1360,1,9,7,1
2013073356095,1,21,1,9,0,6,0,0,0,0,1,1,1,1,8,11946,2,-1,5,1
2013073356095,2,9,0,18,0,8,0,0,1,0,3,1,2,2,8,998,1,9,5,1
2013073356174,1,9,0,17,0,0,2,10,1,4,1,1,6,2,4,1242,1,10,10,1
2013073356352,1,9,0,9,0,6,0,0,0,0,1,1,6,2,7,1984,2,3,7,3
2013073356352,2,9,0,18,0,8,0,0,0,0,4,1,6,2,8,1995,2,3,10,2
2013073356413,1,9,0,18,0,2,0,0,0,0,4,1,6,1,11,1199,1,10,4,1
2013073356505,1,9,0,18,0,4,0,0,0,0,1,1,6,1,6,1896,2,12,4,1
2013073356505,2,9,0,4,0,4,0,0,0,0,2,1,6,1,9,1686,2,3,10,1
2013073356528,1,9,0,18,0,0,0,0,0,0,1,1,2,2,7,1995,2,-1,10,1
2013073356973,1,9,0,9,0,8,0,0,0,0,1,1,6,2,10,1596,1,3,3,1
2013073356973,2,9,0,18,0,8,0,0,0,0,1,1,6,2,7,1242,1,6,9,1
2013073357013,1,9,0,4,0,0,0,0,0,0,1,1,6,2,5,1598,1,15,-1,2
2013073357013,2,9,0,4,0,0,0,0,0,0,2,1,6,2,8,1686,2,6,-1,1
2013073357013,3,9,0,18,0,0,0,0,0,0,0,1,1,1,-1,1968,2,1,-1,-1
2013073357030,1,9,0,18,0,0,0,0,0,0,1,1,1,2,8,1598,1,1,7,1
2013073357101,1,19,0,4,0,0,0,0,0,0,1,1,1,1,10,2287,2,6,6,1
2013073357101,2,9,0,3,0,0,0,0,0,0,2,1,6,2,9,2987,2,7,7,3
2013073357173,1,9,0,9,0,8,0,0,0,0,3,1,6,2,8,1199,2,1,10,1
2013073357173,2,9,0,18,0,1,0,0,0,0,1,1,6,2,7,1753,2,7,4,1
2013073357173,3,9,0,7,0,2,0,0,0,0,0,1,6,3,-1,-1,-1,-1,-1,-1
2013073357309,1,9,0,4,0,0,0,0,0,0,0,1,2,1,6,-1,-1,-1,6,3
2013073357309,2,9,0,4,0,0,0,0,0,0,2,1,6,1,7,1461,2,1,7,2
2013073357309,3,9,0,4,0,0,0,0,0,0,2,1,6,2,6,1798,1,8,8,1
2013073357309,4,9,0,4,0,0,0,0,0,0,2,1,6,2,5,1360,1,3,1,1
2013073357309,5,19,0,18,0,0,0,0,0,0,1,1,1,1,10,2198,2,4,6,1
2013073357331,1,9,0,18,0,8,0,0,1,10,1,1,6,2,10,1248,2,7,2,1
2013073357401,1,9,0,4,0,8,0,0,0,0,1,1,6,2,7,1968,2,5,8,1
2013073357401,2,9,0,4,0,8,0,0,0,0,2,1,2,1,8,-1,-1,-1,5,1
2013073357715,1,9,0,17,9,0,1,0,7,1,3,1,6,1,5,1199,1,11,1,1
2013073357789,1,9,0,12,0,0,0,0,0,0,3,1,2,1,6,1896,2,9,8,1
2013073357789,2,9,0,18,0,0,0,0,0,0,4,1,2,2,7,1242,1,12,4,1
2013073357922,1,9,0,18,0,0,0,0,2,4,4,1,6,2,8,1275,1,-1,-1,-1
2013073357970,1,19,0,9,0,2,0,0,0,0,4,1,1,1,9,2143,2,1,-1,-1
2013073357970,2,3,0,18,0,2,0,0,0,0,0,1,6,1,8,125,1,1,10,1
2013073357981,1,9,0,10,0,1,0,0,0,0,1,1,6,1,11,2254,1,12,7,3
2013073357981,2,9,0,18,0,1,0,0,1,0,1,1,6,1,11,2179,2,5,8,3
2013073358003,1,9,0,5,0,0,0,0,0,0,3,1,1,2,8,1686,2,15,1,1
2013073358003,2,9,0,18,0,0,0,0,0,0,3,1,6,2,10,1364,1,7,9,1
2013073358080,1,21,1,11,0,0,0,0,0,0,4,1,1,1,7,12900,2,6,2,2
2013073358080,2,9,0,18,0,0,1,0,1,7,3,1,6,2,7,1794,1,9,-1,-1
2013073358409,1,9,0,18,0,0,1,0,0,0,1,1,2,1,4,1390,1,17,6,1
2013073358409,2,9,0,18,0,0,0,0,0,0,2,1,2,2,6,1587,1,8,7,1
2013073358452,1,9,0,18,0,0,0,0,1,0,1,1,1,1,8,1497,1,11,2,1
2013073358452,2,9,0,4,0,0,0,0,0,0,2,1,1,2,8,1995,2,-1,10,2
2013073358452,3,9,0,4,0,0,0,0,0,0,2,1,1,1,7,1896,2,10,-1,1
2013073358973,1,9,0,17,0,0,2,0,1,0,1,1,6,1,4,1242,1,1,8,3
2013073359361,1,9,0,5,0,2,0,0,0,0,1,1,6,1,-1,1461,2,3,3,1
2013073359390,1,9,0,18,0,1,0,10,1,10,1,1,6,2,7,1587,1,6,9,1
2013073359444,1,19,0,15,0,1,0,0,0,0,4,1,2,1,7,1560,2,-1,5,1
2013073359444,2,9,0,5,0,6,0,0,0,0,3,1,2,2,6,1199,1,12,8,3
2013073359444,3,9,0,9,0,1,0,0,0,0,0,1,6,1,-1,-1,-1,-1,-1,-1
2013073359491,1,9,0,18,0,1,0,0,0,0,1,1,6,1,-1,2295,1,14,6,1
2013073359491,2,9,0,3,0,1,0,0,0,0,2,1,6,2,9,1796,1,10,3,1
2013073359539,1,9,0,9,0,8,0,0,0,0,3,1,6,2,6,1229,1,7,9,1
2013073359539,2,9,0,18,0,8,0,0,0,0,1,1,6,1,7,1598,1,13,3,1
2013073359586,1,9,0,4,0,0,0,0,0,0,0,1,6,1,6,2496,2,11,4,1
2013073359586,2,9,0,4,0,0,0,0,0,0,2,1,6,1,7,2000,2,4,5,1
2013073359586,3,9,0,4,0,0,0,0,0,0,1,1,6,1,4,1598,1,7,7,3
2013073359586,4,9,0,4,0,0,0,0,0,0,1,1,6,1,7,1997,2,7,10,1
2013073359610,1,9,0,9,0,8,0,0,0,0,1,1,6,1,-1,-1,-1,-1,-1,-1
2013073359610,2,1,0,18,0,8,0,0,0,0,4,1,2,2,8,-1,-1,-1,1,1
2013073359723,1,9,0,3,0,4,0,0,0,0,1,1,6,1,6,1149,1,11,2,1
2013073359723,2,9,0,3,0,4,0,0,0,0,2,1,6,1,5,1149,1,11,7,1
2013073359736,1,9,0,18,0,8,0,0,0,1,4,1,6,1,6,1198,1,9,1,1
2013073359736,2,9,0,18,0,8,0,0,7,0,1,1,6,2,8,1250,1,7,1,1
2013073359931,1,9,0,18,0,1,1,0,0,0,1,1,2,1,6,1124,1,17,2,1
2013073360044,1,1,0,18,0,6,0,0,0,0,1,1,6,2,5,-1,-1,-1,-1,-1
2013073360044,2,9,0,18,0,1,0,0,0,0,1,1,6,2,9,1598,1,11,6,1
2013073360151,1,9,0,18,0,6,0,0,0,0,3,1,6,2,10,1598,1,5,9,1
2013073360151,2,9,0,18,0,8,0,0,7,11,4,1,6,1,11,2151,2,15,9,3
2013073360159,1,9,0,3,0,0,0,0,0,0,2,1,1,2,9,1968,2,1,4,1
2013073360159,2,9,0,4,0,0,0,0,0,0,2,1,1,2,8,1560,2,1,4,1
2013073360159,3,9,0,4,0,0,0,0,0,0,2,2,6,1,7,-1,-1,-1,-1,-1
2013073360159,4,9,0,4,0,0,0,0,0,0,2,1,6,1,8,2400,2,1,7,3
2013073360159,5,9,0,4,0,0,0,0,0,0,2,1,6,1,6,875,1,-1,-1,-1
2013073360159,6,19,0,4,0,0,0,0,0,0,2,1,1,1,5,2148,2,4,5,1
2013073360159,7,9,0,4,0,0,0,0,0,0,1,1,6,1,6,1995,2,-1,4,1
2013073360374,1,9,0,18,0,1,0,0,0,0,1,1,6,1,8,1796,1,14,4,1
2013073361359,1,9,0,9,0,1,0,0,0,0,1,2,6,1,5,-1,-1,-1,8,1
2013073361359,2,1,0,18,0,1,0,0,0,0,1,1,6,1,7,-1,-1,-1,8,1
2013073361535,1,9,0,18,0,0,0,0,0,0,1,1,6,1,6,2996,1,6,9,2
2013073361535,2,9,0,10,0,0,0,0,7,0,2,1,6,1,11,1360,1,3,10,1
2013073361869,1,9,0,18,0,0,0,0,0,0,4,1,6,1,7,1999,1,8,9,2
2013073361913,1,9,0,14,0,0,2,0,7,0,1,1,6,1,9,3628,2,6,-1,2
2013073361913,2,8,0,2,0,0,0,0,1,0,2,1,1,2,8,2401,2,8,2,1
2013073362026,1,9,0,18,0,0,0,0,1,2,4,1,6,1,6,1598,1,8,-1,-1
2013073362395,1,9,0,17,0,0,1,0,7,4,1,1,6,1,-1,1242,1,5,-1,-1
2013073362399,1,9,0,18,0,0,1,0,7,4,1,1,2,2,5,1390,1,11,7,1
2013073362534,1,9,0,7,0,6,0,0,0,0,1,1,6,1,9,1783,1,9,-1,-1
2013073362534,2,9,0,18,0,1,0,0,0,0,3,1,6,1,7,-1,-1,-1,5,1
2013073362534,3,19,0,9,0,1,0,0,0,0,1,1,6,1,8,-1,-1,-1,1,1
2013073362567,1,5,0,9,0,3,0,0,0,0,4,1,6,1,7,599,1,17,2,1
2013073362585,1,9,0,18,0,0,0,0,5,6,1,1,6,1,6,-1,-1,-1,1,1
2013073362703,1,9,0,9,0,5,0,0,0,0,1,2,6,1,6,1597,1,18,7,1
2013073362904,1,9,0,16,0,1,2,0,2,4,1,1,6,1,4,1195,1,21,7,2
2013073362911,1,9,0,14,0,0,0,0,0,0,4,1,6,1,7,1998,2,8,8,1
2013073362911,2,1,0,18,0,0,0,0,0,0,3,1,6,1,8,-1,-1,-1,5,1
2013073362946,1,9,0,9,0,1,0,0,0,0,1,1,6,1,6,1995,2,7,7,1
2013073362948,1,9,0,14,0,1,0,0,0,0,1,1,6,1,4,-1,-1,-1,3,1
2013073362948,2,2,0,9,0,6,0,0,0,0,3,1,6,1,9,-1,-1,-1,2,1
2013073363196,1,9,0,18,0,0,0,0,0,0,1,1,2,1,9,1598,1,7,9,1
2013073363196,2,21,1,18,0,0,0,0,0,0,1,1,1,1,8,12900,2,5,10,1
2013073363219,1,9,0,16,0,0,1,0,7,0,0,1,6,2,5,1598,1,9,2,1
2013073363323,1,9,0,18,0,1,1,0,0,0,1,1,6,2,11,1498,1,5,-1,-1
2013073363323,2,9,0,3,0,1,0,0,0,0,2,1,6,2,8,1364,1,3,-1,-1
2013073363336,1,9,0,5,0,1,0,0,0,0,1,1,6,1,-1,1956,2,2,-1,-1
2013073363336,2,9,0,3,0,1,0,0,0,0,2,1,6,2,5,-1,-1,-1,6,1
2013073363403,1,9,0,9,0,8,0,0,0,0,4,1,6,1,11,1951,2,12,6,3
2013073363403,2,9,0,18,0,8,0,0,0,0,3,1,6,1,10,1798,1,9,1,1
2013073363427,1,9,0,18,0,0,0,0,0,0,1,1,6,1,9,1149,1,9,9,1
2013073363466,1,9,0,18,0,0,1,11,0,0,1,1,6,1,8,1968,2,2,10,1
2013073363466,2,9,0,18,0,0,0,0,0,0,3,1,6,1,6,1299,1,6,2,1
2013073363510,1,9,0,18,0,8,0,0,0,0,1,1,6,2,10,1299,1,5,8,1
2013073363510,2,9,0,18,0,8,0,0,0,0,3,1,6,1,5,1598,1,3,4,1
2013073363599,1,9,0,16,0,0,1,0,1,11,1,1,6,1,9,1598,1,8,2,1
2013073363985,1,9,0,18,0,0,0,0,0,0,1,1,6,1,3,-1,-1,-1,4,1
2013073363985,2,1,0,18,0,0,0,0,0,0,1,1,6,2,4,-1,-1,-1,4,1
2013073364243,1,9,0,18,0,0,0,0,0,0,3,1,6,3,-1,1149,1,10,-1,1
2013073364366,1,9,0,9,0,6,0,0,0,0,3,1,6,2,8,1339,1,8,9,1
2013073364366,2,9,0,18,0,1,1,0,0,0,1,1,2,2,6,1242,1,9,1,1
2013073364377,1,5,0,4,0,0,1,0,0,0,1,1,2,1,10,656,1,8,7,1
2013073364377,2,9,0,18,0,0,0,0,0,0,2,1,6,2,9,1248,1,-1,3,1
2013073364448,1,9,0,7,0,3,0,0,0,0,1,1,6,2,6,1229,1,3,3,1
2013073364448,2,9,0,7,0,3,0,0,0,0,3,1,6,1,9,1910,2,5,6,1
2013073364738,1,9,0,18,0,8,1,0,0,0,1,1,6,1,10,1968,2,8,7,1
2013073364738,2,9,0,18,0,8,2,0,1,0,3,1,6,1,7,1242,1,9,4,1
2013073364860,1,9,0,9,0,8,0,0,2,10,1,1,6,1,6,1598,1,5,-1,-1
2013073364860,2,9,0,2,6,1,0,0,0,0,1,1,6,3,-1,1390,1,10,-1,-1
2013073365169,1,9,0,18,0,0,0,0,0,0,3,1,1,1,6,1796,1,12,6,2
2013073365200,1,9,0,17,0,0,1,0,7,11,4,1,2,1,6,1240,1,8,4,1
2013073365293,1,9,0,18,0,8,0,0,0,0,1,1,6,2,8,1686,2,2,1,1
2013073365293,2,9,0,18,0,8,0,0,0,0,3,1,6,1,6,1560,2,2,2,1
2013073365341,1,19,0,1,0,5,0,0,0,0,2,1,6,3,-1,-1,-1,-1,-1,-1
2013073365341,2,9,0,18,0,1,0,0,0,0,1,1,6,2,4,1229,1,3,10,1
2013073365716,1,9,0,16,0,0,1,0,5,6,4,1,6,2,6,2000,2,6,5,1
2013073365716,2,9,0,16,0,0,1,0,5,6,3,1,6,2,6,1364,1,5,5,1
2013073365718,1,9,0,18,0,0,2,0,1,2,1,1,2,1,8,1999,1,7,7,1
2013073365727,1,9,0,18,0,0,1,0,1,0,4,1,2,2,6,1364,1,4,3,1
2013073365756,1,2,0,4,0,1,2,0,0,0,0,1,1,1,6,102,1,8,-1,-1
2013073365860,1,9,0,18,0,0,0,0,0,0,1,1,6,2,4,1197,1,2,5,2
2013073365860,2,9,0,4,0,0,0,0,0,0,1,1,6,2,6,1328,1,6,2,1
2013073365860,3,9,0,3,0,0,0,0,0,0,2,1,6,1,8,1461,2,5,7,2
2013073365902,1,9,0,18,0,0,1,0,0,0,1,1,6,1,6,1560,2,-1,1,1
2013073365902,2,9,0,4,0,0,0,0,0,0,2,1,6,1,8,-1,-1,-1,7,3
2013073365902,3,9,0,4,0,0,0,0,0,0,2,1,6,1,8,1968,2,1,10,1
2013073366183,1,9,0,7,0,1,1,0,0,0,1,1,6,2,4,999,1,12,10,2
2013073366183,2,9,0,10,0,1,0,0,0,0,1,1,6,2,6,1360,1,8,10,1
2013073366186,1,9,0,16,0,6,0,0,0,0,1,1,6,2,5,1364,2,6,8,1
2013073366192,1,9,0,5,0,0,0,0,0,0,1,1,6,1,8,2993,2,6,-1,-1
2013073366192,2,9,0,18,0,0,0,0,0,0,1,1,6,1,5,2198,2,1,-1,-1
2013073366705,1,9,0,5,0,4,0,0,0,0,1,1,6,1,8,1560,2,-1,7,1
2013073366705,2,9,0,18,0,8,1,0,4,10,4,1,6,1,11,1396,1,11,-1,2
2013073366830,1,9,0,18,0,8,0,0,0,0,1,1,6,2,6,1598,1,6,2,1
2013073366830,2,9,0,18,0,8,0,0,0,0,3,1,6,2,6,1299,1,14,4,1
2013073366896,1,9,0,18,0,0,0,0,0,0,1,1,6,2,10,1242,1,2,1,1
2013073367050,1,9,0,9,0,6,0,0,0,0,1,1,6,1,7,1297,1,18,-1,-1
2013073367050,2,9,0,18,0,8,0,0,7,0,1,1,1,1,5,-1,-1,-1,-1,-1
2013073367056,1,9,0,3,0,1,0,0,0,0,3,1,6,1,5,1731,1,15,2,1
2013073367190,1,9,0,18,0,0,1,10,0,0,1,1,6,1,4,1596,1,7,10,1
2013073367190,2,9,0,18,0,0,0,0,0,0,1,1,1,1,6,1390,1,4,9,1
2013073367212,1,9,0,18,0,8,0,0,4,7,1,1,2,1,8,1753,2,11,4,1
2013073367581,1,1,0,7,0,5,1,0,0,0,0,1,6,1,9,-1,-1,-1,2,1
2013073367661,1,9,0,18,0,2,0,0,0,0,4,1,6,1,8,1242,1,-1,5,1
2013073367732,1,9,0,7,0,6,0,0,0,0,3,1,2,2,7,1598,1,10,2,1
2013073367732,2,1,0,18,0,8,0,0,0,0,1,1,6,1,8,-1,-1,-1,2,1
2013073367792,1,9,0,16,0,0,1,0,0,0,1,1,2,1,5,1199,1,12,3,1
2013073367792,2,9,0,18,0,0,0,0,0,0,1,1,2,2,6,1360,1,10,4,1
2013073368003,1,9,0,3,0,6,1,0,0,0,3,1,6,2,10,1368,1,1,3,1
2013073368003,2,9,0,5,0,2,0,0,0,0,1,1,6,1,7,1686,2,8,9,1
2013073368398,1,9,0,18,0,0,2,0,2,10,1,1,6,1,9,-1,-1,-1,8,3
2013073368463,1,9,0,16,0,0,0,0,0,0,4,1,6,1,5,1388,1,12,2,1
2013073368493,1,9,0,13,0,1,1,0,0,11,3,1,1,1,4,1461,2,-1,8,1
2013073368493,2,9,0,9,0,1,0,0,0,0,1,1,6,1,9,2995,1,7,5,2
2013073368568,1,97,0,18,0,0,1,0,0,0,1,1,6,1,4,-1,-1,-1,-1,-1
2013073368568,2,9,0,4,0,0,0,0,0,0,1,1,6,2,6,1598,1,11,3,1
2013073368600,1,9,0,18,0,0,1,0,0,0,1,1,6,1,8,1598,2,-1,8,2
2013073368600,2,9,0,18,0,0,1,0,0,0,2,1,6,1,7,1396,1,4,8,1
2013073368600,3,9,0,18,0,0,0,0,0,0,2,1,6,1,10,1591,1,4,9,1
2013073368674,1,9,0,3,0,6,0,0,0,0,0,1,6,1,8,1795,1,15,3,1
2013073368674,2,1,0,18,0,1,0,0,0,0,0,1,6,1,5,-1,-1,-1,9,1
2013073368842,1,9,0,18,0,0,0,0,0,0,1,1,6,2,5,1998,1,12,-1,1
2013073368960,1,9,0,18,0,0,0,0,5,6,1,1,6,1,4,1199,1,10,8,1
2013073368960,2,9,0,18,0,0,0,1,5,6,1,1,6,1,7,1686,2,2,-1,-1
2013073368960,3,9,0,18,0,0,0,1,0,0,3,1,6,1,6,1895,1,13,8,1
2013073368960,4,9,0,18,0,0,0,1,0,0,1,1,6,1,6,1896,2,8,8,1
2013073369201,1,9,0,9,0,2,0,0,0,0,0,1,6,3,-1,-1,-1,-1,-1,-1
2013073369618,1,9,0,18,0,1,0,0,0,0,1,1,6,3,-1,-1,-1,-1,-1,-1
2013073369618,2,9,0,10,0,1,0,0,0,0,2,1,6,2,5,1199,1,12,2,1
2013073369796,1,1,0,9,0,8,5,0,0,0,2,1,2,1,4,-1,-1,-1,10,1
2013073369796,2,5,0,18,0,8,2,0,0,0,1,1,2,1,7,598,1,25,1,1
2013073370000,1,9,0,9,0,8,0,0,0,0,1,1,1,2,7,1240,1,8,10,1
2013073370000,2,3,0,18,0,1,1,0,0,0,1,1,1,1,4,124,1,4,9,1
2013073370151,1,19,0,5,0,3,0,0,0,0,0,1,6,3,-1,-1,-1,-1,-1,-1
2013073370151,2,5,0,5,0,3,0,0,0,0,0,1,6,1,7,998,1,16,4,1
2013073370158,1,9,0,16,0,1,1,10,0,0,3,1,1,2,7,1560,2,4,1,1
2013073370158,2,9,0,8,0,1,0,0,0,0,3,1,1,2,7,1995,2,-1,10,2
2013073370166,1,9,0,3,0,6,0,0,0,0,1,1,6,2,9,1200,1,-1,1,1
2013073370166,2,9,0,18,0,8,0,0,0,0,3,1,6,1,8,1686,2,-1,6,3
2013073370187,1,98,0,18,0,0,5,0,0,0,4,1,1,1,9,-1,-1,-1,4,1
2013073370251,1,9,0,4,0,1,0,0,0,0,1,1,6,1,6,1299,1,15,1,1
2013073370251,2,9,0,3,0,1,0,0,0,0,2,1,1,1,8,1968,2,6,8,1
2013073370251,3,9,0,3,0,1,0,0,0,0,2,1,6,2,6,1596,1,12,4,1
2013073370429,1,9,0,18,0,2,0,0,0,0,4,2,6,3,-1,-1,-1,-1,-1,-1
2013073370623,1,9,0,16,0,0,2,4,7,11,4,1,6,1,4,1229,1,6,9,1
2013073370623,2,9,0,2,0,0,0,0,0,0,3,1,6,1,9,1796,1,8,3,1
2013100000713,1,9,0,18,0,1,0,0,0,0,1,1,5,1,7,-1,-1,-1,1,1
2013100000713,2,9,0,2,0,1,0,0,0,0,3,1,6,1,9,1390,1,12,7,1
2013100000713,3,9,0,2,0,1,0,0,0,0,2,1,6,1,-1,1242,1,5,6,1
2013100000713,4,9,0,2,0,1,0,0,0,0,2,1,6,1,-1,1998,1,6,2,1
2013100000713,5,9,0,2,0,1,0,0,0,0,3,1,6,3,-1,998,1,1,2,1
2013100000913,1,9,0,18,0,6,0,0,0,0,1,1,5,2,6,1598,1,8,-1,1
2013100000913,2,9,0,18,0,8,0,0,0,0,1,1,1,2,7,1198,1,4,7,1
2013100001213,1,9,0,9,0,4,0,0,0,0,1,1,6,2,10,1398,1,1,3,1
2013100001213,2,1,0,18,0,8,0,0,0,0,4,1,6,1,7,-1,-1,-1,9,1
2013100001313,1,9,0,18,0,0,0,0,0,0,3,1,1,1,6,-1,-1,-1,4,1
2013100001913,1,9,0,12,0,5,0,0,0,0,3,1,5,1,9,-1,-1,-1,6,1
2013100001913,2,5,0,13,0,1,1,0,7,0,1,1,5,1,6,-1,-1,-1,7,1
2013100002113,1,9,0,18,0,1,0,0,0,0,1,1,2,1,8,1997,2,13,7,2
2013100002113,2,9,0,3,0,1,0,0,0,0,2,1,2,2,7,1799,1,3,6,3
2013100002413,1,9,0,18,0,8,0,0,0,0,1,1,6,1,8,1998,1,14,2,1
2013100002413,2,9,0,7,0,8,0,0,0,0,4,1,6,2,6,1240,1,8,1,1