Accident_Index,Vehicle_Reference,Vehicle_Type,Towing_and_Articulation,Vehicle_Manoeuvre,Vehicle_Location-Restricted_Lane,Junction_Location,Skidding_and_Overturning,Hit_Object_in_Carriageway,Vehicle_Leaving_Carriageway,Hit_Object_off_Carriageway,1st_Point_of_Impact,Was_Vehicle_Left_Hand_Drive?,Journey_Purpose_of_Driver,Sex_of_Driver,Age_Band_of_Driver,Engine_Capacity_(CC),Propulsion_Code,Age_of_Vehicle,Driver_IMD_Decile,Driver_Home_Area_Type
2013100002813,1,3,0,18,0,0,0,12,0,0,1,1,5,1,4,125,1,4,1,1
2013100003013,1,9,0,17,0,0,1,0,0,0,1,1,5,1,8,1968,2,4,8,3
2013100003013,2,9,0,18,0,0,0,0,0,0,1,1,5,1,8,1753,2,4,5,2
2013100003413,1,9,0,18,0,0,1,0,7,11,1,1,5,1,6,1988,1,12,-1,-1
2013100004013,1,9,0,18,0,1,0,0,0,0,1,1,1,2,7,1398,1,7,7,1
2013100004013,2,19,0,9,0,6,0,0,0,0,3,1,1,1,6,-1,-1,-1,1,1
2013100005113,1,9,0,11,0,8,1,0,1,7,1,1,6,2,6,-1,-1,-1,2,1
2013100005313,1,9,0,18,0,0,0,0,0,0,1,1,5,1,9,1229,1,5,9,1
2013100005413,1,9,0,17,0,0,1,0,1,7,3,1,5,1,4,-1,-1,-1,1,1
2013100005713,1,9,0,9,0,8,0,0,0,0,1,1,5,2,9,1582,2,3,2,2
2013100005713,2,9,0,18,0,1,0,0,1,10,4,1,6,1,6,1781,1,10,10,1
2013100005913,1,9,0,5,0,1,0,0,0,0,1,1,5,1,5,-1,-1,-1,4,1
2013100005913,2,9,0,3,0,1,0,0,0,0,2,1,1,1,7,1360,1,9,5,1
2013100006013,1,9,0,18,0,0,0,0,0,0,1,1,1,1,7,1398,1,1,4,3
2013100006213,1,3,0,18,0,8,0,0,0,0,3,1,5,1,6,124,1,22,1,1
2013100006213,2,8,0,9,0,6,0,0,0,0,1,1,1,1,8,1896,2,3,3,1
2013100006313,1,9,0,18,0,8,0,0,0,0,1,1,1,1,8,1124,1,14,6,1
2013100006313,2,9,0,18,0,8,0,0,0,0,4,1,1,1,8,3311,8,4,1,1
2013100006413,1,9,0,5,0,1,0,0,0,0,1,1,1,1,4,1124,1,13,3,1
2013100006413,2,9,0,3,0,1,0,0,0,0,2,1,5,2,8,1390,1,3,3,1
2013100006613,1,9,0,4,0,1,0,0,0,0,1,1,1,1,8,-1,-1,-1,5,1
2013100006613,2,9,0,3,0,1,0,0,0,0,2,1,1,2,9,1299,1,5,6,1
2013100006913,1,9,0,18,0,0,0,0,0,0,4,1,6,2,9,1339,1,6,-1,-1
2013100007013,1,9,0,17,0,0,1,0,7,9,3,1,6,2,5,1242,1,4,5,3
2013100007113,1,9,0,17,0,2,2,0,1,11,4,1,2,2,7,999,1,12,-1,2
2013100007713,1,9,0,12,0,8,1,0,0,7,4,1,2,1,7,1596,1,10,2,1
2013100007813,1,11,0,18,0,2,0,0,0,0,4,1,1,1,8,6871,2,10,6,1
2013100007913,1,9,0,16,0,0,2,0,2,11,1,1,6,2,7,1896,2,5,7,1
2013100007913,2,9,0,16,0,0,0,0,0,0,2,1,5,1,10,1599,1,9,5,1
2013100008313,1,1,0,18,0,8,0,0,0,0,1,1,2,1,7,-1,-1,-1,2,1
2013100008413,1,19,0,12,0,1,0,0,0,0,2,1,1,1,7,2198,2,4,1,1
2013100008413,2,9,0,18,0,1,0,0,0,0,1,1,1,1,5,1956,2,1,2,1
2013100008813,1,9,0,5,0,2,0,0,0,7,1,1,2,2,7,1850,1,11,8,1
2013100009113,1,11,0,4,0,2,0,0,0,0,0,1,1,1,7,6692,2,1,3,2
2013100009413,1,9,0,18,0,4,0,0,0,0,3,1,5,1,6,2000,2,7,8,1
2013100009413,2,1,0,18,0,8,0,0,0,0,1,1,2,1,6,-1,-1,-1,-1,-1
2013100009913,1,9,0,18,0,8,0,0,0,0,3,1,5,1,9,1995,1,11,9,1
2013100009913,2,9,0,18,0,8,0,0,0,0,1,1,5,2,6,1596,1,13,2,1
2013100010013,1,9,0,18,0,4,1,0,0,0,1,1,1,1,5,1800,1,13,-1,-1
2013100010013,2,9,0,18,0,8,0,0,0,0,4,1,5,2,9,1896,2,9,-1,-1
2013100010113,1,9,0,18,0,1,0,0,0,0,1,1,6,2,11,-1,-1,-1,4,2
2013100010113,2,9,0,3,0,1,0,0,0,0,2,1,2,2,7,1896,2,11,9,1
2013100010213,1,9,0,18,0,0,1,0,0,6,1,1,5,1,5,-1,-1,-1,8,1
2013100010413,1,9,0,18,0,0,0,0,0,0,1,1,6,2,-1,1149,1,8,-1,-1
2013100010413,2,9,0,2,0,0,0,0,0,0,2,1,5,3,-1,2231,2,6,-1,-1
2013100010913,1,9,0,7,0,6,0,0,0,0,1,1,2,2,5,1998,1,2,1,1
2013100010913,2,9,0,18,0,8,0,0,0,0,4,1,2,2,7,1242,1,1,1,1
2013100011313,1,9,0,14,0,0,1,4,0,0,4,1,5,1,11,1560,2,2,9,2
2013100011313,2,9,0,2,0,0,0,0,7,0,3,1,6,1,7,-1,-1,-1,8,1
2013100011413,1,9,0,18,0,1,0,0,0,0,1,1,6,2,10,1590,1,10,8,1
2013100011413,2,9,0,3,0,1,0,0,0,0,2,1,6,2,6,1364,1,6,4,1
2013100011513,1,9,0,1,0,5,0,0,0,0,3,1,6,2,4,1599,1,9,9,2
2013100011513,2,9,0,18,0,8,0,0,0,0,1,1,6,1,5,-1,-1,-1,6,3
2013100011613,1,9,0,9,0,5,0,0,0,0,4,1,6,1,5,1149,1,1,4,1
2013100011613,2,9,0,7,0,1,0,0,0,0,1,1,6,1,5,1995,2,6,10,1
2013100011613,3,9,0,10,0,1,0,0,0,0,3,1,6,2,8,1598,1,11,2,1
2013100012013,1,9,0,18,0,0,0,0,0,0,1,1,5,1,4,1389,1,17,4,2
2013100012013,2,9,0,4,0,0,0,0,0,0,2,1,6,2,6,1198,1,1,9,1
2013100012113,1,9,0,13,0,1,0,0,0,0,4,1,6,3,-1,-1,-1,-1,-1,-1
2013100012113,2,9,0,4,0,1,0,10,0,0,1,1,5,1,5,1968,2,7,5,1
2013100012213,1,3,0,18,0,1,1,0,0,0,1,1,5,1,4,125,1,2,5,1
2013100012213,2,9,0,18,0,1,0,0,0,0,2,1,2,2,5,998,1,10,1,1
2013100012513,1,9,0,4,0,1,0,0,0,0,1,1,5,1,9,1798,1,8,2,1
2013100012613,1,9,0,7,0,6,0,0,0,0,1,1,5,1,7,1390,1,12,2,1
2013100012613,2,1,0,18,0,8,0,0,0,0,1,1,5,1,10,-1,-1,-1,-1,-1
2013100013013,1,9,0,18,0,1,0,0,0,0,1,1,3,2,5,1242,1,8,4,1
2013100013013,2,9,0,3,0,1,0,0,0,0,2,1,3,2,6,1329,1,2,6,1
2013100013013,3,9,0,3,0,1,0,0,0,0,2,1,3,1,6,2987,2,1,7,1
2013100013613,1,9,0,5,0,1,0,0,0,0,1,1,6,3,-1,-1,-1,-1,-1,-1
2013100013613,2,9,0,3,0,1,0,0,0,0,2,1,1,3,-1,-1,-1,-1,-1,-1
2013100014013,1,9,0,18,0,1,0,0,0,0,1,1,1,1,9,1242,1,3,6,1
2013100014013,2,9,0,10,0,1,0,0,0,0,2,1,5,1,7,1397,1,11,9,2
2013100014313,1,9,0,18,0,2,0,0,0,0,1,1,2,1,9,1596,1,6,10,1
2013100014613,1,9,0,18,0,1,1,0,0,0,1,1,5,1,-1,1799,1,7,7,2
2013100014613,2,9,0,3,0,1,0,0,0,0,2,1,5,1,6,1686,2,3,3,1
2013100014913,1,9,0,4,0,1,1,0,0,0,1,1,6,2,5,1753,2,6,-1,-1
2013100014913,2,9,0,4,0,1,0,0,0,0,2,1,6,2,10,1124,1,9,2,1
2013100015013,1,9,0,18,0,1,0,0,0,0,3,1,6,1,9,-1,-1,-1,5,1
2013100015013,2,9,0,18,0,1,0,0,0,0,4,1,6,1,7,-1,-1,-1,-1,-1
2013100015113,1,9,0,9,0,6,0,0,0,0,1,1,5,1,11,1598,1,11,9,1
2013100015113,2,9,0,18,0,8,0,0,0,0,4,1,5,3,-1,1896,2,10,9,1
2013100016413,1,9,0,16,0,0,0,0,0,0,1,1,5,2,11,1242,1,4,8,2
2013100016413,2,9,0,2,0,0,0,0,0,0,1,1,5,2,-1,-1,-1,-1,5,2
2013100016513,1,9,0,9,0,6,0,0,0,0,3,1,5,2,7,1956,2,1,2,1
2013100016513,2,9,0,18,0,8,0,0,0,0,1,1,5,2,5,1108,1,12,3,2
2013100016713,1,19,0,18,0,0,0,0,0,0,2,1,1,2,5,1461,2,6,-1,-1
2013100016713,2,9,0,3,0,0,0,0,0,0,1,1,2,1,8,-1,-1,-1,-1,-1
2013100016813,1,2,0,9,0,6,0,0,0,0,3,1,5,1,4,-1,-1,-1,2,1
2013100016813,2,9,0,18,0,8,0,0,0,0,1,1,5,1,7,1598,1,10,7,1
2013100017013,1,9,0,4,0,2,0,0,0,0,1,1,6,2,8,1242,1,9,1,1
2013100017013,2,9,0,4,0,2,0,0,0,0,2,1,6,1,8,1989,1,14,3,2
2013100017113,1,9,0,9,0,6,0,0,0,0,3,1,2,1,7,1986,2,7,2,1
2013100017113,2,3,0,18,0,8,0,0,0,0,1,1,2,1,4,125,1,2,3,1
2013100017713,1,9,0,7,0,2,0,0,0,0,1,1,5,1,8,1998,1,5,9,1
2013100017913,1,19,0,1,0,1,0,0,0,0,2,1,1,1,5,1998,2,7,3,1
2013100018013,1,9,0,7,0,6,0,0,0,0,1,1,5,1,6,1560,2,1,2,1
2013100018013,2,9,0,18,0,8,0,0,0,0,1,1,5,2,9,1328,1,11,2,1
2013100018713,1,9,0,9,0,6,0,0,0,0,4,1,6,3,-1,-1,-1,-1,-1,-1
2013100018713,2,11,0,18,0,8,0,0,0,0,3,1,1,1,9,6871,2,10,2,1
2013100019313,1,9,0,7,0,6,0,0,0,0,1,1,6,1,4,1124,1,11,1,1
2013100019313,2,9,0,18,0,1,0,0,0,0,1,1,1,2,6,-1,-1,-1,5,1
2013100019513,1,9,0,18,0,1,1,0,2,0,1,1,5,1,9,1596,1,11,3,1
2013100019513,2,9,0,3,0,1,0,0,0,0,2,1,5,1,11,1598,1,2,2,1
2013100019713,1,9,0,1,0,8,0,0,0,0,2,1,5,1,11,-1,-1,-1,-1,-1
2013100019713,2,9,0,18,0,1,0,0,0,0,1,1,5,2,9,1590,1,8,3,2
2013100019713,3,9,0,2,0,1,0,0,0,0,2,1,5,2,8,-1,-1,-1,9,1
2013100019913,1,9,0,9,0,6,0,0,0,0,1,1,5,1,10,1796,1,4,7,2
2013100019913,2,9,0,18,0,8,0,0,0,0,4,1,2,2,8,2199,2,1,5,1
2013100020013,1,9,0,18,0,8,0,0,0,0,1,1,5,1,5,1598,1,7,3,1
2013100020013,2,9,0,18,0,8,0,0,0,0,4,1,5,1,7,-1,-1,-1,-1,-1
2013100020113,1,19,0,18,0,1,1,0,0,0,1,1,1,1,6,1998,2,8,2,1
2013100020113,2,9,0,18,0,1,0,0,0,0,1,1,5,2,10,1198,1,10,9,1
2013100020513,1,9,0,6,0,0,0,0,0,0,1,1,1,2,9,1242,1,1,5,1
2013100020513,2,3,0,18,0,0,1,0,0,0,1,1,1,1,4,124,1,7,7,1
2013100021313,1,19,0,18,0,1,0,0,0,0,1,1,6,1,9,2464,2,6,2,1
2013100021313,2,9,0,3,0,1,0,0,0,0,2,1,5,2,6,1587,1,6,9,1
2013100021413,1,9,0,9,0,5,0,0,0,0,1,1,5,1,8,1596,1,12,2,1
2013100021413,2,9,0,18,0,8,0,0,0,0,1,1,5,2,8,1968,2,3,7,2
2013100021813,1,9,0,18,0,1,0,0,0,0,1,1,6,3,-1,-1,-1,-1,-1,-1
2013100022013,1,9,0,4,0,0,1,0,4,6,1,1,6,2,5,1360,1,9,1,2
2013100022013,2,9,0,4,0,0,0,0,1,7,2,1,6,2,8,1686,2,10,1,2
2013100022313,1,19,0,2,0,0,0,0,0,0,3,1,1,1,7,2198,2,1,2,1
2013100022313,2,9,0,18,0,0,0,0,0,0,1,1,1,1,5,998,1,2,2,1
2013100022613,1,9,0,9,0,6,0,0,0,0,1,1,5,1,10,1560,2,4,4,1
2013100022613,2,9,0,18,0,8,0,0,0,0,1,1,5,2,11,1339,1,9,7,1
2013100022713,1,19,0,18,0,0,1,0,1,11,1,1,1,1,9,1560,2,1,1,1
2013100022813,1,9,0,18,0,8,5,10,0,0,4,1,5,1,7,1229,1,1,2,1
2013100022813,2,9,0,12,0,7,0,0,0,0,3,1,5,1,9,1796,1,6,4,1
2013100023313,1,19,0,18,0,0,1,0,1,11,1,1,1,1,8,4250,2,8,-1,-1
2013100023513,1,9,0,18,0,0,2,0,1,1,1,1,6,1,4,1299,1,11,9,1
2013100023613,1,9,0,18,0,8,0,0,0,0,1,1,5,2,6,1248,2,6,2,1
2013100023613,2,9,0,18,0,8,0,7,0,1,4,1,5,1,6,1598,2,1,1,1
2013100024013,1,9,0,18,0,0,0,0,7,0,1,1,6,2,-1,1598,1,-1,-1,-1
2013100024013,2,9,0,18,0,0,0,0,0,0,1,1,6,2,6,1461,2,8,4,1
2013100025713,1,9,0,9,0,6,0,0,0,0,1,1,2,2,6,1596,1,11,2,1
2013100025713,2,9,0,18,0,8,0,0,0,0,4,1,5,1,6,1248,2,5,1,1
2013100026213,1,9,0,7,0,6,0,10,1,11,1,1,6,1,4,998,1,9,5,2
2013100026213,2,9,0,2,0,2,0,0,0,0,3,1,6,3,-1,1240,1,9,5,2
2013100026413,1,9,0,9,0,5,0,0,0,0,1,1,5,1,9,1968,2,8,7,1
2013100026413,2,9,0,18,0,8,0,0,0,0,3,1,5,2,6,1587,1,12,4,1
2013100026513,1,9,0,18,0,8,1,10,0,0,4,1,2,2,5,1388,1,14,2,3
2013100026513,2,9,0,18,0,8,1,0,0,0,1,1,2,2,5,1149,1,11,7,2
2013100026613,1,9,0,5,0,4,0,0,0,0,3,1,5,1,7,1998,1,8,4,1
2013100026613,2,1,0,18,0,8,0,0,0,0,1,1,5,1,7,-1,-1,-1,7,1
2013100026813,1,9,0,4,0,1,1,0,0,0,1,1,2,1,8,1997,1,14,1,1
2013100026813,2,9,0,3,0,1,0,0,0,0,2,1,3,1,8,1968,2,7,7,3
2013100026913,1,9,0,3,0,1,0,0,0,0,2,1,2,1,7,1248,2,6,-1,-1
2013100026913,2,9,0,4,0,1,1,0,0,0,1,1,6,1,6,2926,2,12,2,1
2013100027413,1,9,0,18,0,0,0,0,0,0,1,1,5,1,4,973,1,11,2,1
2013100027413,2,9,0,4,0,0,0,0,0,0,2,1,5,2,4,1242,1,3,3,1
2013100027613,1,9,0,18,0,1,0,0,0,0,1,1,5,1,10,1388,1,10,8,1
2013100027613,2,9,0,4,0,1,0,0,0,0,2,1,5,1,6,-1,-1,-1,2,1
2013100027613,3,9,0,10,0,1,0,0,0,0,2,1,5,1,8,-1,-1,-1,-1,-1
2013100027813,1,9,0,18,0,0,1,0,0,0,1,1,6,1,7,2720,2,8,10,1
2013100027813,2,9,0,4,0,0,0,0,0,0,2,1,5,2,8,2926,2,11,6,3
2013100027913,1,9,0,4,0,1,1,0,0,0,1,1,5,2,7,1997,2,5,10,1
2013100027913,2,19,0,10,0,1,0,0,0,0,2,1,5,1,8,-1,-1,-1,1,1
2013100028013,1,21,0,9,0,8,5,10,1,2,4,1,1,1,8,-1,-1,-1,2,1
2013100028213,1,9,0,5,0,1,0,0,0,0,1,1,6,1,8,1995,2,2,-1,-1
2013100028213,2,9,0,4,0,1,0,0,0,0,2,1,6,1,7,1388,1,10,-1,-1
2013100028313,1,9,0,9,0,6,0,0,0,0,1,1,5,1,11,-1,-1,-1,6,1
2013100028313,2,9,0,18,0,1,0,0,1,1,1,1,5,2,7,1390,1,12,2,1
2013100028413,1,9,0,3,0,2,0,0,0,0,2,1,2,3,-1,-1,-1,-1,-1,-1
2013100028413,2,9,0,3,0,2,0,0,0,0,2,1,2,2,4,1328,1,4,2,1
2013100028513,1,9,0,18,0,0,0,0,0,0,1,1,5,1,8,4164,2,15,2,1
2013100028513,2,9,0,4,0,0,0,0,0,0,2,1,5,1,8,993,1,10,2,1
2013100028613,1,9,0,18,0,1,0,0,0,0,1,2,6,1,9,2544,1,15,3,1
2013100028713,1,9,0,18,0,1,1,0,0,0,1,1,6,2,7,1753,2,3,7,1
2013100028713,2,9,0,3,0,1,0,0,0,0,2,1,6,1,8,1339,1,8,2,1
2013100029213,1,9,0,18,0,1,0,0,0,0,1,1,6,2,6,2792,1,3,5,1
2013100029213,2,11,0,4,0,1,0,0,0,0,2,1,1,1,8,9600,2,15,2,1
2013100029313,1,9,0,18,0,1,1,0,0,0,1,1,1,1,7,1248,2,3,-1,-1
2013100029313,2,9,0,3,0,1,0,0,0,0,2,1,5,1,7,1149,1,10,2,1
2013100029413,1,19,0,18,0,1,0,0,0,0,2,1,6,2,6,-1,-1,-1,1,1
2013100029413,2,9,0,3,0,1,0,0,0,0,1,1,6,1,10,1598,1,3,7,1
2013100029713,1,9,0,18,0,0,0,0,0,0,3,1,1,1,4,1150,1,6,7,1
2013100029913,1,9,0,17,0,1,0,0,0,0,1,1,5,2,5,1686,2,1,2,1
2013100029913,2,9,0,16,0,1,0,0,0,0,1,1,5,1,7,1999,1,9,4,1
2013100030213,1,9,0,18,0,1,0,0,0,0,1,1,2,1,4,998,1,10,-1,-1
2013100030213,2,21,0,10,0,1,0,0,0,0,2,1,1,1,7,11116,2,7,10,1
2013100030413,1,9,0,9,0,6,0,0,0,0,1,1,2,2,-1,1596,1,3,10,1
2013100030413,2,9,0,18,0,8,0,0,0,0,4,1,2,2,8,1560,2,3,3,1
2013100030513,1,9,0,5,0,0,0,0,0,0,1,1,1,1,9,-1,-1,-1,8,1
2013100030613,1,9,0,18,0,0,0,0,0,0,3,1,2,1,5,1598,1,6,10,1
2013100031013,1,9,0,4,0,1,1,0,0,0,1,1,6,1,-1,1896,2,6,4,1
2013100031013,2,9,0,2,0,1,0,0,0,0,1,1,3,2,6,1242,1,8,2,1
2013100031413,1,9,0,4,0,2,0,0,0,0,1,1,1,1,5,-1,-1,-1,2,1
2013100031413,2,9,0,5,0,2,0,0,0,0,2,1,6,1,9,1596,1,8,3,2
2013100031513,1,21,0,7,0,3,5,0,0,7,4,1,1,1,7,12740,2,3,2,2
2013100031613,1,21,0,18,0,0,0,0,0,0,1,1,1,1,6,11705,2,4,6,3
2013100031613,2,9,0,4,0,0,0,0,0,0,2,1,5,1,9,2179,2,1,5,3
2013100031713,1,9,0,18,0,1,0,0,0,0,4,1,3,1,9,1749,1,11,3,2
2013100032313,1,9,0,5,0,4,0,0,0,0,1,1,2,1,7,1995,2,6,7,1
2013100032313,2,1,0,18,0,8,0,0,0,0,1,1,2,1,8,-1,-1,-1,-1,-1
2013100033213,1,9,0,18,0,0,0,0,0,0,1,1,6,1,8,1560,2,6,7,1
2013100033213,2,9,0,3,0,0,0,0,0,0,2,1,2,1,4,1199,2,1,7,1
2013100033713,1,9,0,9,0,6,0,0,0,0,1,1,6,1,9,1299,1,8,5,1
2013100033713,2,9,0,18,0,8,0,0,1,10,3,1,1,1,8,1896,2,3,5,3
2013100034313,1,9,0,4,0,0,0,0,0,0,2,1,6,3,-1,-1,-1,-1,-1,-1
2013100034313,2,9,0,4,0,0,0,0,0,0,1,1,5,1,9,1461,2,10,3,1
2013100034313,3,9,0,4,0,0,0,0,0,0,2,1,2,1,8,1997,2,8,3,1
2013100034313,4,9,0,4,0,0,0,0,0,0,2,1,2,2,9,-1,-1,-1,7,1
2013100034313,5,9,0,4,0,0,1,0,0,0,1,1,5,1,6,2000,2,9,1,1
2013100034413,1,9,0,18,0,0,0,0,0,0,1,1,2,1,4,1124,1,12,2,1
2013100034413,2,9,0,4,0,0,0,0,0,0,2,1,2,2,4,1598,1,8,4,1
2013100034513,1,9,0,9,0,5,0,0,0,0,1,1,6,1,4,1896,2,10,2,1
2013100034513,2,9,0,18,0,1,0,0,0,0,1,1,2,2,6,1560,2,2,5,1
2013100034613,1,9,0,18,0,0,0,0,0,0,1,1,5,2,8,1242,1,11,2,1
2013100034613,2,9,0,4,0,0,0,0,0,0,2,1,1,2,7,1598,2,2,10,3
2013100034913,1,9,0,18,0,0,0,0,0,0,1,1,6,3,-1,-1,-1,-1,-1,-1
2013100035113,1,9,0,18,0,8,0,0,0,0,1,1,6,3,-1,1497,1,11,-1,-1
2013100035113,2,9,0,3,0,8,0,0,0,0,2,1,5,2,5,1242,1,-1,5,1
2013100035913,1,9,0,4,0,6,1,0,0,0,1,1,6,1,4,1124,1,8,2,1
2013100035913,2,9,0,18,0,8,0,0,7,0,4,1,6,2,4,998,1,4,9,1
2013100036213,1,21,1,18,0,0,2,0,1,11,4,1,1,1,7,11116,2,7,2,1
2013100036413,1,9,0,4,0,0,0,0,0,0,1,1,1,1,5,999,1,3,4,1
2013100036413,2,9,0,4,0,0,0,0,0,0,2,1,5,2,9,1386,1,9,3,1
2013100036513,1,9,0,18,0,0,0,0,1,0,1,1,1,1,9,2143,2,1,5,1
2013100036513,2,9,0,3,0,0,0,0,0,0,2,1,5,1,11,1596,1,3,2,1
2013100036913,1,1,0,18,0,5,0,0,0,0,4,1,5,1,5,-1,-1,-1,2,1
2013100036913,2,19,0,18,0,8,1,0,0,0,1,1,5,1,8,1560,2,2,-1,-1
2013100037113,1,9,0,7,0,6,0,0,0,0,1,1,6,1,6,1598,1,1,1,1
2013100037113,2,9,0,7,0,5,0,0,0,0,3,1,5,2,7,1388,1,11,3,1
2013100037213,1,9,0,13,0,0,0,0,1,0,1,1,5,1,4,1396,1,4,4,1
2013100037213,2,9,0,18,0,0,0,0,0,0,0,1,6,3,-1,-1,-1,-1,-1,-1
2013100037713,1,9,0,18,0,8,0,0,0,0,1,1,2,1,8,998,1,2,-1,-1
2013100037713,2,11,0,18,0,8,0,0,0,0,1,1,1,1,7,6700,2,4,-1,-1
2013100038013,1,9,0,9,0,8,0,0,0,0,1,1,5,2,6,1229,1,3,1,1
2013100038013,2,9,0,18,0,1,0,0,0,0,1,1,5,1,5,998,1,11,1,1
2013100038713,1,9,0,18,0,0,0,0,0,0,1,1,5,1,5,1598,1,7,1,1
2013100038713,2,9,0,18,0,0,0,0,0,0,1,1,5,2,6,1229,1,6,1,1
2013100038713,3,9,0,18,0,0,0,0,0,0,1,1,5,1,6,1362,1,1,2,1
2013100039613,1,9,0,9,0,6,0,0,0,0,3,1,1,1,6,1896,2,6,6,1
2013100039613,2,3,0,18,0,8,0,0,0,0,1,1,5,1,4,124,1,14,6,1
2013100040013,1,9,0,11,0,1,0,0,0,0,1,1,5,1,7,3696,1,3,-1,-1
2013100040013,2,9,0,3,0,1,0,0,0,0,2,1,5,1,6,1360,1,2,4,1
2013100040213,1,9,0,11,0,0,0,0,0,0,1,1,6,3,-1,-1,-1,-1,-1,-1
2013100040213,2,9,0,18,0,0,0,0,1,7,4,1,2,1,6,1997,1,12,4,2
2013100040813,1,9,0,18,0,8,0,0,0,0,1,1,5,2,10,1198,1,10,5,1
2013100040813,2,11,0,18,0,8,0,0,0,0,4,1,1,2,8,-1,2,15,4,1
2013100041313,1,9,0,18,0,1,0,0,0,0,1,1,6,3,-1,-1,-1,-1,-1,-1
2013100041713,1,9,0,18,0,1,0,0,0,0,1,1,5,1,6,1995,1,3,-1,-1
2013100041713,2,9,0,7,0,6,0,0,0,0,1,1,5,2,5,1596,1,14,8,1
2013100041813,1,9,0,4,0,1,0,0,0,0,1,1,5,2,7,1995,2,1,2,1
2013100041813,2,9,0,3,0,1,0,0,0,0,2,1,2,2,9,1198,1,5,6,1
2013100041913,1,9,0,18,0,2,0,0,0,0,1,1,1,1,7,1910,2,5,1,1
2013100041913,2,9,0,18,0,8,0,0,0,0,2,1,1,2,8,1398,2,2,4,1
2013100043813,1,9,0,9,0,6,0,0,0,0,1,1,1,2,7,898,1,-1,4,1
2013100043813,2,9,0,16,0,8,0,0,0,0,1,1,1,1,6,1598,2,2,2,1
2013100043913,1,9,0,18,0,1,0,0,0,0,1,1,2,2,5,1242,1,12,7,2
2013100043913,2,9,0,18,0,1,0,0,0,0,2,1,2,2,8,1998,1,10,5,1
2013100043913,3,9,0,18,0,1,0,0,0,0,2,1,2,2,6,1248,2,3,1,2
2013100043913,4,9,0,18,0,1,0,0,0,6,2,1,2,2,8,998,1,6,7,1
2013100043913,5,9,0,18,0,1,0,0,0,6,0,1,2,2,8,1598,1,11,9,2
2013100044113,1,9,0,17,0,0,1,0,0,0,3,1,6,1,6,1124,1,16,7,1
2013100044113,2,9,0,16,0,0,0,0,0,0,3,1,6,2,5,1896,2,13,7,3
2013100044213,1,10,0,5,0,0,0,0,0,0,1,1,6,1,10,2400,2,9,-1,-1
2013100044213,2,9,0,18,0,0,0,0,0,0,0,1,6,3,-1,-1,-1,-1,-1,-1
2013100044613,1,9,0,9,0,6,0,0,0,0,1,1,6,2,7,1396,1,10,5,1
2013100044613,2,9,0,4,0,8,0,0,0,0,3,1,6,2,9,2495,2,16,-1,3
2013100044813,1,9,0,4,0,2,1,0,1,0,1,1,6,1,-1,1242,1,3,4,2
2013100044813,2,9,0,4,0,2,0,0,0,0,2,1,2,2,7,1398,1,1,9,2
2013100045313,1,9,0,18,0,0,0,0,0,0,1,1,2,2,8,1229,1,5,5,1
2013100045513,1,9,0,18,0,1,0,0,0,0,1,1,5,1,7,1587,1,12,2,1
2013100045513,2,9,0,3,0,1,0,0,0,0,2,1,5,2,5,995,1,9,5,1
2013100045613,1,9,0,18,0,0,1,0,1,4,1,1,6,2,6,1598,1,10,2,1
2013100045713,1,9,0,18,0,0,1,0,0,0,0,1,6,3,-1,-1,-1,-1,-1,-1
2013100045713,2,9,0,18,0,0,1,0,0,0,0,1,6,1,7,2000,2,9,3,1
2013100045713,3,9,0,18,0,0,0,0,0,0,0,1,6,2,9,4367,2,1,10,3
2013100045713,4,9,0,18,0,0,1,0,0,0,2,1,6,1,4,1242,1,3,6,3
2013100045713,5,9,0,18,0,0,0,0,0,0,1,1,6,1,11,1587,1,8,9,1
2013100045813,1,9,0,5,0,0,1,0,0,0,3,1,5,1,6,1896,2,13,3,1
2013100045913,1,19,0,18,0,1,0,0,0,0,1,1,1,1,8,2143,2,1,3,2
2013100045913,2,9,0,18,0,1,0,0,0,0,2,1,6,1,6,1422,2,6,1,1
2013100045913,3,9,0,18,0,1,0,0,0,0,2,1,6,1,6,1796,1,3,10,1
2013100046013,1,9,0,11,0,0,1,2,5,6,2,1,5,2,9,-1,-1,-1,3,1
2013100046013,2,21,0,18,0,0,0,0,0,0,1,1,1,1,7,9364,2,9,4,1
2013100046113,1,11,0,5,0,0,0,0,0,0,0,1,1,2,8,9000,2,11,3,1
2013100046413,1,19,0,16,0,0,2,0,1,0,4,1,1,1,6,1560,2,6,-1,1
2013100046513,1,9,0,18,0,0,0,0,0,0,1,1,1,2,8,2616,1,8,10,1
2013100046513,2,19,0,18,0,0,0,0,0,0,2,1,1,1,7,2402,2,8,4,1
2013100046613,1,9,0,18,0,0,1,0,1,6,1,1,6,1,7,1328,1,6,-1,-1
2013100046913,1,9,0,9,0,6,0,0,3,0,1,1,6,3,-1,1598,1,13,-1,-1
2013100046913,2,9,0,18,0,8,0,0,3,0,1,1,2,1,8,1998,1,9,10,3