Accident_Index,Vehicle_Reference,Vehicle_Type,Towing_and_Articulation,Vehicle_Manoeuvre,Vehicle_Location-Restricted_Lane,Junction_Location,Skidding_and_Overturning,Hit_Object_in_Carriageway,Vehicle_Leaving_Carriageway,Hit_Object_off_Carriageway,1st_Point_of_Impact,Was_Vehicle_Left_Hand_Drive?,Journey_Purpose_of_Driver,Sex_of_Driver,Age_Band_of_Driver,Engine_Capacity_(CC),Propulsion_Code,Age_of_Vehicle,Driver_IMD_Decile,Driver_Home_Area_Type
2013100170313,1,8,0,1,0,0,0,0,0,0,2,1,6,3,-1,-1,-1,-1,-1,-1
2013100170813,1,9,0,18,0,8,0,0,0,0,4,1,6,3,-1,-1,-1,-1,-1,-1
2013100170913,1,11,0,4,0,0,0,0,0,0,1,1,1,1,9,-1,-1,-1,4,1
2013100171413,1,9,0,5,0,1,0,0,0,0,1,1,6,1,6,1997,1,10,7,3
2013100171413,2,9,0,3,0,1,0,0,0,0,2,1,6,2,8,1598,1,5,5,1
2013100171713,1,9,0,18,0,0,5,0,0,4,1,1,6,2,7,1905,2,15,4,1
2013100171913,1,9,0,18,0,8,0,0,0,0,1,1,6,1,4,1461,2,10,10,1
2013100172313,1,1,0,18,0,0,0,0,0,0,1,1,5,1,3,-1,-1,-1,-1,-1
2013100172313,2,9,0,18,0,0,0,0,0,0,4,1,1,2,7,-1,-1,-1,-1,-1
2013100172413,1,9,0,18,0,0,0,0,0,0,1,1,5,1,6,1598,1,15,-1,-1
2013100172813,1,19,0,1,0,0,0,0,0,0,3,1,5,1,5,2148,2,6,2,1
2013100173013,1,19,0,18,0,8,0,0,0,0,3,1,1,1,9,2148,2,8,-1,-1
2013100173013,2,9,0,18,0,8,0,0,0,1,4,1,1,2,6,1598,1,2,9,2
2013100173513,1,9,0,18,0,8,0,0,0,0,1,1,6,1,7,1968,2,6,7,1
2013100173513,2,9,0,18,0,8,0,0,0,0,4,1,6,1,6,-1,-1,-1,-1,1
2013100173813,1,9,0,18,0,1,0,0,0,0,0,1,1,1,6,-1,-1,-1,-1,-1
2013100174413,1,9,0,18,0,1,0,0,0,0,4,1,1,2,9,1242,1,5,5,1
2013100175113,1,19,0,18,0,0,0,0,0,0,1,1,6,1,-1,2400,2,11,4,1
2013100175113,2,9,0,3,0,0,0,0,3,0,2,1,6,2,6,1997,2,3,-1,-1
2013100175213,1,1,0,9,0,6,0,0,0,0,1,1,6,1,3,-1,-1,-1,5,1
2013100175213,2,9,0,18,0,8,0,0,0,0,1,1,6,2,4,1124,1,7,10,1
2013100175313,1,9,0,18,0,0,0,0,0,0,1,1,5,2,-1,998,1,3,-1,-1
2013100175313,2,9,0,3,0,0,0,0,0,0,2,1,5,1,8,1986,2,7,6,1
2013100175613,1,9,0,18,0,2,0,0,0,0,4,1,6,2,9,1388,1,9,5,1
2013100175713,1,9,0,4,0,1,0,0,0,0,1,1,6,1,-1,1582,2,2,9,1
2013100175713,2,9,0,4,0,1,0,0,0,0,2,1,6,1,7,1753,2,10,5,1
2013100175813,1,9,0,12,0,0,0,0,0,0,1,1,6,3,-1,1461,2,1,-1,-1
2013100175813,2,9,0,18,0,0,0,0,0,0,2,1,1,1,6,1248,2,3,-1,-1
2013100176113,1,9,0,9,0,6,0,0,0,0,1,1,6,1,4,1896,2,11,3,1
2013100176113,2,3,0,9,0,6,0,0,0,0,2,1,6,1,4,124,1,3,1,1
2013100176513,1,9,0,18,0,8,0,0,0,0,1,1,6,1,-1,1984,1,6,3,1
2013100176513,2,1,0,18,0,8,0,0,0,0,3,1,6,1,7,-1,-1,-1,3,1
2013100176813,1,9,0,18,0,1,0,0,0,0,1,1,1,2,8,1398,1,3,4,1
2013100176813,2,9,0,8,0,1,0,0,0,0,2,1,1,2,9,998,1,12,2,1
2013100177013,1,11,0,18,0,1,0,0,0,0,0,1,1,1,6,-1,-1,-1,10,1
2013100177113,1,21,0,9,0,5,0,0,0,0,4,1,1,1,7,12777,2,4,3,2
2013100178113,1,9,0,18,0,1,0,0,0,0,1,1,1,2,4,998,1,3,4,2
2013100178113,2,9,0,3,0,1,0,0,0,0,2,1,6,1,6,1796,1,10,1,1
2013100178213,1,9,0,18,0,0,0,0,0,4,1,1,6,1,9,1896,2,10,4,1
2013100178313,1,9,0,18,0,1,0,0,0,0,1,1,6,3,-1,1988,1,14,-1,-1
2013100178313,2,9,0,3,0,1,0,0,0,0,2,1,6,2,6,1388,1,11,2,1
2013100178413,1,9,0,18,0,2,0,0,0,0,4,1,5,1,8,1910,2,5,5,2
2013100178613,1,9,0,18,0,1,0,0,0,0,1,1,1,1,7,2993,2,2,-1,-1
2013100178613,2,9,0,8,0,1,0,0,0,0,2,1,6,2,4,998,1,8,6,1
2013100179413,1,9,0,18,0,1,0,0,0,0,3,1,6,2,-1,1595,2,3,9,3
2013100179413,2,11,0,10,0,1,0,0,0,0,1,1,1,1,10,6692,2,1,2,1
2013100179613,1,5,0,14,0,1,0,0,0,0,1,1,1,1,8,600,1,14,3,2
2013100179613,2,9,0,10,0,1,0,0,0,0,3,1,1,1,5,1328,1,9,6,1
2013100179613,3,9,0,18,0,1,0,0,0,0,3,1,1,2,6,1349,1,4,4,1
2013100179613,4,9,0,18,0,1,0,0,0,0,3,1,1,1,7,1910,2,7,9,1
2013100179913,1,9,0,18,0,8,0,0,0,0,3,1,6,2,10,1600,1,2,9,3
2013100179913,2,3,0,9,0,8,0,0,0,0,2,1,6,1,6,125,1,7,5,1
2013100180013,1,9,0,9,0,8,0,0,0,0,1,1,6,1,5,1900,2,14,1,1
2013100180013,2,9,0,18,0,8,0,0,0,0,3,1,6,1,6,1796,1,10,1,1
2013100180113,1,9,0,5,0,6,1,0,4,1,1,1,1,2,6,1461,2,7,6,1
2013100180113,2,9,0,18,0,1,1,0,0,0,1,1,6,1,6,1497,1,8,1,1
2013100180213,1,11,0,2,0,0,0,0,0,0,0,1,1,1,8,-1,2,4,5,1
2013100180313,1,9,0,7,0,1,1,0,0,0,4,1,6,1,4,1598,1,2,9,1
2013100180313,2,9,0,18,0,1,1,0,0,0,1,1,6,1,4,1149,1,5,3,1
2013100180813,1,9,0,18,0,0,0,0,0,0,1,1,6,1,6,1896,2,11,2,1
2013100180813,2,8,0,2,0,0,0,0,0,0,2,1,1,1,7,1910,2,9,6,1
2013100181113,1,9,0,7,0,6,0,0,0,0,1,1,5,1,9,1229,1,5,1,1
2013100181113,2,9,0,3,0,2,0,0,0,0,2,1,5,1,9,1242,1,4,3,1
2013100181513,1,9,0,9,0,6,0,0,0,0,3,1,6,1,5,1229,1,-1,5,2
2013100181513,2,9,0,18,0,8,0,0,0,0,1,1,6,2,10,1686,2,2,9,3
2013100182213,1,9,0,17,0,0,0,0,0,0,1,1,6,1,7,2401,2,6,-1,-1
2013100182213,2,21,1,16,0,0,2,0,1,0,1,1,1,1,7,12777,2,3,-1,2
2013100182313,1,9,0,4,0,1,1,0,0,0,1,1,6,1,4,1198,1,3,5,1
2013100182313,2,9,0,4,0,1,0,0,0,0,2,1,6,2,6,1422,2,10,3,1
2013100182313,3,9,0,4,0,1,0,0,0,0,2,1,6,1,-1,1597,1,3,4,1
2013100182313,4,9,0,4,0,1,0,0,0,0,2,1,6,1,8,1995,2,1,2,1
2013100182513,1,9,0,9,0,5,0,0,0,1,4,1,6,1,9,2685,2,9,4,1
2013100182513,2,9,0,18,0,8,0,0,0,0,1,1,6,1,7,1560,2,-1,2,1
2013100182613,1,9,0,18,0,2,0,0,0,0,1,1,2,1,8,1461,2,5,4,3
2013100182713,1,11,0,5,0,0,0,0,0,0,0,1,1,1,7,5883,2,12,1,1
2013100182813,1,21,0,5,0,0,0,0,0,0,3,1,1,1,8,5861,2,14,1,1
2013100183013,1,11,0,5,0,0,0,0,0,0,0,1,6,1,9,3900,2,7,1,1
2013100183113,1,9,0,18,0,4,0,0,0,0,1,1,6,3,-1,1242,1,13,-1,-1
2013100183113,2,1,0,17,0,8,0,0,0,0,2,1,6,1,6,-1,-1,-1,8,1
2013100183513,1,9,0,4,0,0,0,0,0,0,1,1,6,1,8,1598,1,-1,4,1
2013100183713,1,9,0,3,0,8,0,0,0,0,2,1,6,2,9,998,1,9,6,1
2013100183713,2,9,0,3,0,8,0,0,0,0,2,1,6,1,7,-1,-1,-1,3,1
2013100183713,3,9,0,3,0,8,0,0,0,0,2,1,6,2,6,1299,1,9,9,1
2013100183713,4,9,0,3,0,8,0,0,0,0,2,1,6,2,5,998,1,1,5,1
2013100183713,5,21,0,18,0,8,2,0,0,0,1,1,1,1,8,2300,2,8,1,1
2013100184013,1,9,0,9,0,6,0,0,0,0,4,1,6,1,5,2148,2,7,8,2
2013100184013,2,9,0,10,0,1,0,0,0,0,1,1,6,2,8,1390,1,-1,3,2
2013100184213,1,19,0,4,0,1,0,0,0,0,1,1,3,1,8,-1,-1,-1,6,1
2013100184213,2,9,0,3,0,1,0,0,0,0,2,1,6,2,7,998,1,13,1,1
2013100184313,1,9,0,1,0,1,0,0,0,0,2,1,6,1,-1,1598,1,3,9,1
2013100184313,2,9,0,7,0,6,0,0,0,0,1,1,5,2,7,1796,1,7,4,3
2013100184613,1,4,0,18,0,2,0,0,0,0,1,1,6,1,5,398,1,7,-1,-1
2013100184613,2,9,0,2,0,2,0,0,0,0,2,1,6,3,-1,1386,1,7,-1,-1
2013100184713,1,9,0,18,0,8,0,0,1,0,3,1,6,2,9,1198,1,2,1,1
2013100184713,2,9,0,9,0,8,0,0,0,0,3,1,6,1,6,1461,2,1,7,1
2013100184913,1,1,0,18,0,0,0,4,0,0,1,1,6,1,6,-1,-1,-1,-1,-1
2013100184913,2,9,0,2,0,0,0,0,0,0,2,1,6,2,-1,1598,1,9,5,1
2013100185013,1,9,0,4,0,0,1,0,0,0,1,1,6,3,-1,1796,1,13,-1,-1
2013100185013,2,9,0,3,0,0,0,0,0,0,2,1,2,2,6,1149,1,5,-1,-1
2013100185113,1,11,0,18,0,1,0,0,3,0,0,1,1,1,9,-1,2,15,-1,-1
2013100185413,1,9,0,18,0,1,0,0,0,0,1,1,5,1,6,2982,2,7,4,1
2013100185413,2,9,0,3,0,1,0,0,0,0,2,1,5,2,8,1870,2,12,4,1
2013100185513,1,9,0,4,0,1,0,0,0,0,1,1,6,3,-1,1753,2,11,-1,-1
2013100185513,2,9,0,3,0,1,0,0,0,0,2,1,6,1,7,1900,2,13,2,2
2013100185613,1,1,0,18,0,1,0,0,0,0,1,1,6,1,3,-1,-1,-1,3,1
2013100185613,2,9,0,18,0,1,0,0,0,0,1,1,6,3,-1,-1,-1,-1,-1,-1
2013100186013,1,9,0,4,0,1,0,0,0,0,1,1,6,1,4,1399,2,7,10,1
2013100186013,2,9,0,3,0,1,0,0,0,0,2,1,6,1,8,1896,2,10,4,1
2013100186213,1,9,0,18,0,1,0,0,7,2,1,1,2,1,8,1910,2,7,9,3
2013100186213,2,9,0,18,0,3,0,0,2,0,1,1,2,2,7,1997,2,4,8,2
2013100186313,1,4,0,18,0,0,0,0,0,0,0,1,6,1,6,487,1,17,1,2
2013100186413,1,9,0,18,0,1,0,0,0,0,1,1,6,2,4,1229,1,2,1,1
2013100186413,2,9,0,3,0,1,0,0,0,0,2,1,1,2,7,1149,1,7,2,1
2013100186413,3,19,0,3,0,1,0,0,0,0,2,1,1,1,-1,-1,-1,-1,5,2
2013100186513,1,19,0,18,0,1,1,0,0,0,1,1,1,1,8,2300,2,8,8,1
2013100186513,2,9,0,10,0,1,0,0,0,0,2,1,5,1,7,1997,2,7,1,1
2013100186613,1,9,0,18,0,1,0,0,3,11,1,1,5,2,6,998,1,10,3,1
2013100186713,1,9,0,18,0,8,0,0,0,0,3,1,2,2,6,2324,1,12,2,1
2013100186713,2,1,0,18,0,8,0,0,0,0,4,1,6,2,8,-1,-1,-1,2,1
2013100186813,1,19,0,9,0,5,0,0,0,0,1,1,1,1,7,2402,2,3,1,1
2013100186813,2,11,0,18,0,8,0,0,0,0,1,1,1,1,9,9360,2,-1,9,2
2013100187813,1,9,0,16,0,0,0,0,0,0,3,1,5,2,7,1364,2,8,7,2
2013100187813,2,9,0,17,0,0,0,0,0,0,3,1,2,1,7,2495,2,12,5,3
2013100187913,1,9,0,18,0,1,0,0,0,0,1,1,6,2,5,1598,1,5,2,1
2013100187913,2,9,0,10,0,1,0,0,0,0,2,1,6,2,8,-1,-1,-1,9,1
2013100188313,1,9,0,1,0,0,0,0,0,0,2,1,5,1,7,1998,2,12,3,1
2013100188513,1,9,0,1,0,1,0,0,0,0,2,1,6,1,7,1124,1,10,2,1
2013100188513,2,9,0,2,0,1,0,0,0,0,2,1,6,2,5,1997,2,14,-1,-1
2013100189413,1,9,0,9,0,6,0,0,0,0,3,1,2,2,7,996,1,1,7,1
2013100189413,2,3,0,14,0,1,1,0,0,0,1,1,6,1,5,124,1,14,1,1
2013100189613,1,9,0,18,0,1,0,0,0,0,1,1,5,1,9,1560,2,4,10,1
2013100189613,2,9,0,3,0,1,0,0,0,0,2,1,5,1,8,2979,1,7,7,1
2013100189813,1,9,0,18,0,1,0,0,3,0,1,1,5,1,6,-1,3,2,7,1
2013100189913,1,9,0,16,0,0,5,0,7,11,1,1,6,1,8,1896,2,13,4,2
2013100190213,1,9,0,4,0,1,0,0,0,0,1,1,6,3,-1,-1,-1,-1,-1,-1
2013100190313,1,11,0,4,0,2,0,0,0,0,0,1,1,1,8,4760,2,-1,8,1
2013100190413,1,11,0,3,0,0,0,0,0,0,0,1,1,1,8,4760,2,-1,8,1
2013100190513,1,9,0,18,0,0,0,0,0,0,1,1,2,1,7,2000,1,8,-1,-1
2013100190513,2,9,0,3,0,0,0,0,0,0,2,1,6,1,10,1598,1,12,4,1
2013100190513,3,9,0,3,0,0,0,0,0,0,2,1,6,2,7,1598,1,6,-1,-1
2013100190613,1,9,0,13,0,7,0,0,0,0,1,1,1,1,6,1984,1,11,3,1
2013100190613,2,9,0,18,0,8,0,0,0,0,2,1,1,1,8,1995,2,6,7,2
2013100190813,1,10,0,18,0,1,0,0,0,0,1,1,1,1,6,-1,-1,-1,2,1
2013100190813,2,9,0,3,0,1,0,0,0,0,2,1,1,1,8,1753,2,12,2,2
2013100191113,1,9,0,4,0,1,0,0,0,0,1,1,6,1,8,2979,1,10,3,1
2013100191313,1,9,0,7,0,6,0,0,0,0,1,1,6,2,10,1149,1,5,2,1
2013100191313,2,1,0,18,0,8,0,0,0,0,2,1,6,1,7,-1,-1,-1,2,1
2013100191413,1,9,0,18,0,1,0,0,0,0,1,1,6,2,6,998,1,6,1,1
2013100191413,2,9,0,3,0,1,0,0,0,0,2,1,6,2,6,1199,1,11,-1,-1
2013100191413,3,9,0,3,0,1,0,0,0,0,2,1,6,1,7,1397,1,2,10,1
2013100192013,1,9,0,4,0,0,1,0,0,0,1,1,6,1,6,1997,1,9,1,1
2013100192013,2,9,0,3,0,0,0,0,0,0,2,1,6,1,7,1560,2,2,7,1
2013100192113,1,9,0,9,0,5,0,0,0,0,1,1,6,1,7,1896,2,11,-1,-1
2013100192113,2,9,0,18,0,1,0,0,0,0,4,1,6,1,6,1596,1,11,-1,-1
2013100192213,1,9,0,18,0,1,0,0,0,0,1,1,6,3,-1,-1,-1,-1,-1,-1
2013100192413,1,21,1,18,0,0,1,0,0,0,3,1,1,1,7,10837,2,2,-1,1
2013100192413,2,9,0,18,0,0,0,0,0,0,3,1,6,1,8,-1,-1,-1,5,3
2013100192513,1,9,0,4,0,8,0,0,0,0,1,1,1,3,-1,-1,-1,-1,-1,-1
2013100192513,2,9,0,18,0,1,0,0,0,0,3,1,6,1,4,1850,1,14,-1,-1
2013100192613,1,9,0,4,0,0,0,0,0,0,0,1,6,2,11,1299,1,13,9,1
2013100192713,1,9,0,4,0,1,0,0,0,0,1,1,6,1,6,-1,-1,-1,4,2
2013100192713,2,9,0,3,0,1,0,0,0,0,2,1,6,2,5,1149,1,11,9,1
2013100193413,1,9,0,18,0,1,0,0,0,0,1,1,6,1,5,1199,1,11,6,1
2013100193413,2,9,0,3,0,1,0,0,0,0,2,1,6,2,8,1500,1,10,2,1
2013100193613,1,9,0,9,0,6,0,0,0,0,1,1,6,2,8,-1,-1,-1,6,1
2013100193613,2,2,0,18,0,8,0,0,0,0,4,1,6,1,4,49,1,10,6,1
2013100193913,1,9,0,9,0,8,0,0,0,0,3,1,6,1,10,1390,1,6,8,1
2013100193913,2,9,0,9,0,8,0,0,0,0,4,1,6,1,5,1390,1,6,1,1
2013100194913,1,1,0,18,0,8,0,0,0,0,1,1,6,2,6,-1,-1,-1,4,1
2013100194913,2,9,0,9,0,6,0,0,0,0,3,1,6,1,9,1968,2,8,4,3
2013100195013,1,9,0,4,0,1,0,0,0,0,3,1,6,3,-1,-1,-1,-1,-1,-1
2013100195113,1,9,0,18,0,0,0,0,1,11,4,1,2,2,7,1124,1,12,1,1
2013100195213,1,9,0,18,0,0,0,0,0,0,1,1,6,1,6,1997,2,11,-1,-1
2013100195213,2,9,0,18,0,0,0,0,0,0,1,1,6,1,7,2979,1,6,10,1
2013100195313,1,9,0,18,0,1,0,0,0,0,1,1,2,1,10,2148,2,5,3,1
2013100195313,2,9,0,18,0,1,0,0,0,0,2,1,2,2,8,-1,-1,-1,6,1
2013100195413,1,9,0,18,0,1,0,0,0,0,1,1,5,2,7,1910,2,7,6,3
2013100195413,2,9,0,3,0,1,0,0,0,0,2,1,1,1,6,1598,2,1,1,1
2013100196113,1,9,0,13,0,1,0,0,0,0,0,1,6,2,-1,1229,1,7,4,1
2013100196113,2,1,0,4,0,1,0,0,0,0,1,1,6,2,6,-1,-1,-1,4,1
2013100196113,3,1,0,3,0,1,0,0,0,0,2,1,6,1,6,-1,-1,-1,4,1
2013100196613,1,3,0,18,0,0,5,0,0,0,4,1,6,1,4,-1,-1,-1,6,2
2013100196713,1,9,0,7,0,6,0,0,0,0,3,1,2,1,9,-1,-1,-1,8,1
2013100196713,2,1,0,18,0,8,0,0,0,0,1,1,2,1,5,-1,-1,-1,4,1
2013100196813,1,22,0,18,9,1,0,0,0,0,1,1,6,1,6,-1,-1,-1,-1,-1
2013100196913,1,9,0,18,0,1,0,0,0,0,4,1,6,2,4,1349,1,2,4,2
2013100196913,2,1,0,7,0,5,0,0,0,0,1,1,1,1,9,-1,-1,-1,5,1
2013100197013,1,9,0,9,0,5,0,0,0,0,1,1,6,1,7,1896,2,7,7,1
2013100197013,2,1,0,18,0,8,0,0,0,0,1,1,6,2,8,-1,-1,-1,9,2
2013100197313,1,9,0,9,0,6,0,0,0,0,3,1,6,1,7,-1,-1,-1,9,1
2013100197313,2,3,0,18,0,8,0,0,0,0,1,1,6,1,4,125,1,9,5,2
2013100197413,1,9,0,9,0,6,0,0,0,0,1,1,6,2,6,1783,1,11,3,1
2013100197413,2,9,0,18,0,1,1,0,0,0,1,1,6,1,7,1686,2,13,4,2
2013100197513,1,19,0,5,0,1,0,0,0,0,1,1,5,1,6,1753,2,5,1,1
2013100197513,2,3,0,5,0,1,0,0,0,0,2,1,5,1,5,124,1,1,3,1
2013100197913,1,19,0,18,0,1,0,0,0,0,1,1,1,1,7,1995,2,2,1,1
2013100197913,2,9,0,4,0,1,0,0,0,0,2,1,6,1,6,1498,1,3,3,1
2013100198313,1,5,0,18,0,2,0,0,0,0,0,1,6,1,-1,1250,1,-1,2,1
2013100198413,1,9,0,18,0,1,0,0,0,0,4,1,6,3,-1,-1,-1,-1,-1,-1
2013100198513,1,11,0,3,0,1,0,0,0,0,0,1,1,1,8,11967,2,5,2,1
2013100199113,1,9,0,3,0,0,0,0,0,0,2,1,6,1,6,1870,2,7,3,2
2013100199113,2,9,0,5,0,0,0,0,0,0,2,1,6,3,-1,1686,2,-1,3,2
2013100199413,1,8,0,7,0,1,0,0,0,0,0,1,1,3,-1,1598,2,-1,-1,-1
2013100199513,1,9,0,18,0,1,0,0,0,0,1,1,3,2,5,998,1,9,4,1
2013100199513,2,9,0,3,0,1,0,0,0,0,2,1,6,2,8,1995,2,8,6,1
2013100199913,1,9,0,18,0,0,0,0,0,0,1,1,6,3,-1,-1,-1,-1,-1,-1
2013100199913,2,1,0,18,0,0,0,0,0,0,2,1,6,2,4,-1,-1,-1,3,1
2013100200013,1,3,0,7,0,5,1,0,0,0,1,1,6,1,3,-1,-1,-1,1,1
2013100200013,2,9,0,18,0,6,0,0,0,0,0,1,1,1,6,1248,2,1,-1,-1
2013100200213,1,9,0,9,0,5,0,0,0,0,1,1,6,2,6,998,1,2,3,2
2013100200213,2,1,0,18,0,8,0,0,0,0,3,1,6,1,7,-1,-1,-1,2,1
2013100200513,1,9,0,9,0,6,0,0,0,0,0,1,6,3,-1,-1,-1,-1,-1,-1
2013100200513,2,1,0,18,0,8,0,0,0,0,4,1,6,1,3,-1,-1,-1,-1,-1
2013100201113,1,19,0,1,0,0,0,0,0,0,2,1,1,1,-1,2198,2,1,5,1
2013100201113,2,5,0,3,0,0,0,0,0,0,1,1,2,1,7,999,1,1,2,1
2013100201713,1,19,0,18,0,8,0,0,0,0,4,1,6,2,5,2148,2,5,-1,-1
2013100201713,2,9,0,18,0,8,0,0,0,0,1,1,6,2,6,1753,2,9,3,1
2013100201813,1,9,0,18,0,8,0,0,0,0,3,1,6,2,10,1198,1,7,4,1
2013100201813,2,9,0,18,0,8,0,0,0,0,4,1,6,1,5,1599,1,9,3,1
2013100202113,1,9,0,18,0,1,0,0,0,0,2,1,6,3,-1,-1,-1,-1,-1,-1
2013100202113,2,9,0,18,0,1,0,0,0,0,1,1,6,1,4,1497,1,12,-1,-1
2013100202413,1,9,0,5,0,1,0,0,0,0,1,1,6,2,8,1998,1,10,7,1
2013100202413,2,9,0,3,0,1,0,0,0,0,2,1,6,2,9,998,1,1,7,1
2013100202613,1,9,0,9,0,5,0,0,0,0,0,1,6,3,-1,-1,-1,-1,-1,-1
2013100202613,2,11,0,18,0,8,0,0,0,0,0,1,1,1,6,9600,2,15,7,1
2013100202713,1,9,0,18,0,0,0,0,0,0,0,1,6,1,6,1149,1,11,3,1
2013100202713,2,9,0,18,0,0,5,0,0,10,1,1,6,1,6,1868,2,11,4,1
2013100202913,1,8,0,18,0,0,0,0,0,0,1,1,6,1,7,1910,2,9,-1,-1
2013100203113,1,9,0,18,0,0,0,0,0,0,1,1,6,2,-1,1242,1,9,8,1
2013100203113,2,1,0,18,0,0,0,0,1,0,2,1,2,1,6,-1,-1,-1,5,2
2013100203213,1,19,0,9,0,6,0,0,1,1,2,1,1,2,7,1997,2,10,5,2
2013100203213,2,9,0,18,0,8,0,0,0,0,1,1,2,1,6,2231,2,7,9,1
2013100203313,1,9,0,7,0,6,1,0,1,0,1,1,1,1,8,-1,-1,-1,6,1
2013100203413,1,3,0,18,0,0,0,12,0,0,1,1,6,1,9,124,1,6,4,1
2013100203513,1,9,0,9,0,5,0,0,0,0,1,1,6,1,7,1560,2,4,2,1
2013100203513,2,9,0,18,0,1,0,0,0,0,1,1,6,1,6,1896,2,12,-1,-1
2013100203613,1,9,0,11,0,0,0,0,0,0,3,1,6,1,5,1968,2,1,1,1
2013100203613,2,9,0,18,0,0,0,0,1,0,4,1,6,3,-1,1242,1,12,1,1
2013100203713,1,19,0,18,0,3,0,0,0,0,4,1,1,1,9,2402,2,3,4,1
2013100203913,1,9,0,18,0,0,0,0,0,0,1,1,6,1,10,1199,1,12,4,1
2013100204013,1,9,0,18,0,1,0,0,0,0,1,1,6,2,11,1242,1,6,-1,3
2013100204013,2,5,0,3,0,1,0,0,0,0,2,1,6,1,8,798,1,29,4,1
2013100204113,1,9,0,18,0,0,0,0,0,0,4,1,5,1,5,1229,1,5,1,1
2013100204513,1,9,0,11,0,1,0,0,0,0,0,1,6,1,5,1997,2,8,7,1
2013100204513,2,9,0,18,0,1,0,0,0,0,2,1,6,1,10,1995,2,10,6,3
2013100204513,3,9,0,18,0,1,0,0,0,0,2,1,6,1,7,-1,-1,-1,9,1
2013100204513,4,9,0,18,0,1,0,0,0,0,1,1,6,2,6,1360,1,10,1,1
2013100204813,1,9,0,18,0,2,0,0,0,0,1,1,1,3,-1,-1,-1,-1,-1,-1
2013100204813,2,1,0,18,0,6,0,0,0,0,4,1,6,1,6,-1,-1,-1,-1,-1
2013100204913,1,9,0,7,0,6,0,0,0,0,1,1,6,1,6,1997,2,9,1,1
2013100204913,2,9,0,18,0,8,0,0,0,0,4,1,6,1,5,1587,1,8,2,1
2013100205013,1,9,0,16,0,1,0,0,1,11,1,1,6,1,4,1396,1,12,1,1
2013100205213,1,21,1,18,0,0,0,0,0,0,1,1,1,1,10,10518,2,4,6,1
2013100205213,2,9,0,4,0,0,1,0,4,6,2,1,6,2,9,1794,1,11,6,1
2013100205313,1,9,0,5,0,4,0,0,0,0,1,1,6,1,7,1781,1,16,6,1
2013100205413,1,9,0,18,0,1,1,0,1,4,3,1,2,2,5,1299,1,6,3,2
2013100205413,2,9,0,9,0,6,0,0,0,0,1,1,2,1,8,1461,2,1,8,1
2013100205613,1,9,0,18,0,0,0,0,0,0,1,1,2,1,6,1149,1,13,9,1
2013100205613,2,9,0,4,0,0,0,0,0,0,1,1,6,1,5,1560,2,8,5,3
2013100205613,3,9,0,3,0,0,0,0,0,0,2,1,2,1,7,1984,2,1,10,1
2013100205613,4,9,0,3,0,0,0,0,0,0,2,1,2,2,8,1998,1,10,8,1
2013100206513,1,9,0,18,0,8,0,0,1,7,1,1,6,1,10,1995,2,1,-1,-1
2013100206713,1,9,0,18,0,4,0,0,0,0,1,1,1,1,7,-1,-1,-1,6,3
2013100206713,2,9,0,3,0,4,0,0,0,0,2,1,6,2,7,1598,1,11,4,1
2013100206813,1,9,0,18,0,0,0,0,0,0,1,1,1,1,4,1995,2,3,9,1
2013100206813,2,9,0,3,0,0,0,0,0,0,2,1,1,1,7,1850,1,11,4,1
2013100206813,3,9,0,3,0,0,0,0,0,0,2,1,1,2,8,1598,1,3,8,1
2013100207113,1,9,0,18,0,2,1,0,8,7,1,1,6,1,11,1461,2,6,3,1
2013100207313,1,9,0,18,0,7,0,0,0,0,1,1,6,1,8,1390,1,10,2,1
2013100207313,2,1,0,18,0,7,0,0,0,0,2,1,6,1,11,-1,-1,-1,6,1
2013100207513,1,9,0,7,0,6,0,0,0,0,4,1,1,3,-1,-1,-1,-1,-1,-1
2013100207513,2,19,0,2,0,1,0,0,0,0,2,1,1,1,7,-1,-1,-1,6,1
2013100207813,1,9,0,18,0,1,1,0,0,0,4,1,6,1,9,1598,1,13,2,1
2013100207913,1,9,0,18,0,0,0,0,0,0,3,1,6,2,6,2488,1,5,3,1
2013100208113,1,9,0,18,0,4,0,0,0,0,1,1,2,1,9,1398,2,11,3,1
2013100208113,2,1,0,3,0,4,0,0,0,0,2,1,2,1,8,-1,-1,-1,6,1
2013100208513,1,90,4,18,0,1,0,0,0,0,0,1,6,1,4,-1,-1,-1,1,1
2013100208513,2,9,0,13,0,1,0,0,0,0,0,1,6,1,4,2460,2,7,1,1
2013100209213,1,9,0,4,0,0,0,0,0,0,4,1,6,1,6,1910,2,8,6,1
2013100209313,1,9,0,18,0,0,0,0,0,0,1,1,6,1,7,1753,2,5,9,2
2013100209313,2,9,0,2,0,0,0,0,0,0,1,1,6,1,9,1495,1,7,9,1
2013100209313,3,9,0,2,0,0,0,0,0,0,2,1,6,1,6,1968,2,5,9,1
2013100209813,1,9,0,1,0,1,0,0,0,0,2,1,1,1,8,1595,1,2,6,1
2013100209813,2,9,0,18,0,1,0,0,0,0,1,1,1,2,7,1588,1,8,-1,-1