Accident_Index,Vehicle_Reference,Vehicle_Type,Towing_and_Articulation,Vehicle_Manoeuvre,Vehicle_Location-Restricted_Lane,Junction_Location,Skidding_and_Overturning,Hit_Object_in_Carriageway,Vehicle_Leaving_Carriageway,Hit_Object_off_Carriageway,1st_Point_of_Impact,Was_Vehicle_Left_Hand_Drive?,Journey_Purpose_of_Driver,Sex_of_Driver,Age_Band_of_Driver,Engine_Capacity_(CC),Propulsion_Code,Age_of_Vehicle,Driver_IMD_Decile,Driver_Home_Area_Type
2013100209913,1,5,0,18,0,0,5,0,0,0,1,1,6,1,6,1098,1,5,9,1
2013100209913,2,19,0,18,0,0,0,0,0,0,2,1,6,1,7,1998,2,10,9,1
2013100210313,1,9,0,18,0,1,0,0,0,0,1,1,6,2,10,1422,2,4,9,1
2013100210313,2,9,0,3,0,1,0,0,0,0,2,1,6,2,7,1560,2,1,9,1
2013100210413,1,9,0,18,0,2,0,0,0,0,3,1,6,1,10,1461,2,-1,5,1
2013100211213,1,9,0,18,0,4,0,0,0,0,1,1,6,3,-1,-1,-1,-1,-1,-1
2013100211213,2,1,0,5,0,8,0,0,0,0,4,1,5,2,8,-1,-1,-1,1,1
2013100211313,1,9,0,18,0,1,0,0,0,0,4,1,6,3,-1,-1,-1,-1,-1,-1
2013100211413,1,9,0,12,0,0,0,0,0,0,0,1,6,3,-1,-1,-1,-1,-1,-1
2013100211413,2,9,0,18,0,0,0,0,4,6,3,1,2,1,7,1298,1,10,4,1
2013100211513,1,9,0,18,0,0,0,0,0,0,1,1,6,1,4,1796,1,2,2,1
2013100211613,1,1,0,18,9,1,0,0,0,0,1,1,6,1,4,-1,-1,-1,2,1
2013100211613,2,9,0,4,0,1,0,0,0,0,4,1,6,2,8,1124,1,9,2,1
2013100212013,1,9,0,5,0,1,0,0,0,0,1,1,6,3,-1,-1,-1,-1,-1,-1
2013100212213,1,1,0,18,0,6,0,0,0,0,1,1,6,1,2,-1,-1,-1,3,1
2013100212213,2,9,0,4,0,1,0,0,0,0,1,1,6,1,10,1242,1,7,3,1
2013100212413,1,9,0,1,0,0,0,0,0,0,2,1,6,1,9,1598,1,3,6,1
2013100212613,1,9,0,18,0,1,0,0,0,0,3,1,3,1,8,1995,2,8,5,1
2013100212713,1,9,0,9,0,8,0,0,0,0,1,1,6,1,7,2993,2,6,7,1
2013100212713,2,9,0,9,0,8,0,0,0,0,1,1,1,1,8,-1,-1,-1,3,1
2013100213013,1,19,0,11,0,0,0,0,0,0,1,1,5,1,10,1996,2,1,10,1
2013100213013,2,9,0,18,0,0,0,0,0,0,3,1,2,1,8,1686,2,8,3,1
2013100213213,1,9,0,18,0,4,0,0,0,0,3,1,6,2,9,2435,1,7,8,1
2013100213213,2,1,0,18,0,8,5,0,0,0,1,1,6,1,9,-1,-1,-1,4,1
2013100213213,3,9,0,3,0,1,0,0,0,0,0,1,2,1,9,1396,1,8,5,3
2013100213313,1,21,1,18,0,0,0,0,0,0,0,1,1,1,9,5480,2,8,7,1
2013100213313,2,9,0,18,0,0,0,0,0,0,1,1,2,2,5,1198,1,10,4,2
2013100213613,1,9,0,5,0,0,0,0,0,0,3,1,1,1,9,1995,2,10,9,1
2013100213613,2,9,0,13,0,0,0,0,0,0,4,1,1,1,9,1598,1,8,-1,-1
2013100213713,1,9,0,18,0,0,0,0,0,0,1,1,6,1,9,1386,1,4,1,1
2013100213713,2,9,0,18,0,0,0,0,0,0,2,1,6,2,6,-1,-1,-1,3,1
2013100213813,1,19,0,5,0,8,0,0,0,0,1,1,1,1,6,1560,2,4,8,1
2013100213813,2,9,0,18,0,8,0,0,0,0,3,1,1,1,7,1995,2,1,4,1
2013100214013,1,9,0,18,0,0,0,0,0,0,1,1,6,3,-1,1598,1,12,-1,-1
2013100214013,2,9,0,3,0,0,0,0,0,0,2,1,6,2,8,973,1,11,3,1
2013100214413,1,9,0,9,0,6,0,0,0,0,3,1,6,2,5,1240,1,8,9,3
2013100214413,2,9,0,18,0,8,0,0,0,0,1,1,6,2,7,1596,1,4,1,1
2013100214513,1,19,0,18,0,1,0,0,0,0,1,1,1,1,5,1998,2,11,2,1
2013100214513,2,19,0,3,0,1,0,0,0,0,2,1,1,1,6,1968,2,1,2,1
2013100214613,1,9,0,11,0,8,1,0,1,7,4,1,6,1,11,-1,-1,-1,2,1
2013100214613,2,11,0,18,0,8,0,0,0,0,1,1,1,1,7,9600,2,14,9,1
2013100214713,1,9,0,18,0,0,1,0,0,0,1,1,2,1,7,1461,2,9,2,2
2013100214713,2,9,0,4,0,0,0,0,0,0,2,1,6,2,8,1229,1,5,7,1
2013100214713,3,9,0,18,0,0,5,0,0,0,1,1,2,1,8,-1,-1,-1,9,2
2013100214813,1,9,0,18,0,0,1,10,2,7,4,1,6,2,5,-1,-1,-1,3,1
2013100214913,1,1,0,18,0,8,0,0,0,0,1,1,2,1,6,-1,-1,-1,4,1
2013100215013,1,9,0,9,0,5,0,0,0,0,4,1,6,1,10,1995,2,5,9,3
2013100215013,2,9,0,18,0,8,0,0,0,0,1,1,1,1,5,1896,2,8,2,1
2013100215113,1,19,0,4,0,1,0,0,0,0,4,1,6,1,8,2496,2,21,2,1
2013100215613,1,9,0,4,0,0,0,0,0,0,3,1,6,3,-1,-1,-1,-1,-1,-1
2013100215713,1,9,0,18,0,1,0,0,0,0,1,1,4,2,8,1686,2,2,-1,-1
2013100215713,2,9,0,4,0,1,0,0,0,0,2,1,6,2,7,1299,1,10,4,2
2013100216313,1,11,0,7,0,5,0,0,0,0,0,1,6,1,8,6370,2,6,7,1
2013100216413,1,9,0,9,0,6,0,0,0,0,4,1,6,1,10,1299,1,7,8,1
2013100216413,2,9,0,18,0,1,0,0,0,0,1,1,6,1,8,1995,2,4,8,2
2013100216713,1,19,0,10,0,8,0,0,0,0,1,1,1,1,7,-1,-1,-1,9,1
2013100216713,2,1,0,18,0,8,5,0,0,0,1,1,6,1,7,-1,-1,-1,2,1
2013100217013,1,5,0,11,0,0,0,4,0,0,1,1,6,1,8,1298,1,5,4,1
2013100217013,2,9,0,2,0,0,0,0,0,0,2,1,6,1,5,2792,1,16,3,1
2013100217013,3,9,0,18,0,0,0,0,0,0,4,1,6,2,7,1329,1,4,5,1
2013100217713,1,9,0,18,0,0,2,0,0,0,1,1,6,1,5,1299,1,11,1,1
2013100217713,2,9,0,2,9,0,0,0,0,0,3,1,6,3,-1,1360,1,16,1,1
2013100217813,1,1,0,18,0,8,0,0,0,0,1,1,6,1,5,-1,-1,-1,1,1
2013100217813,2,9,0,9,0,6,0,0,0,0,1,1,6,1,10,1596,1,8,8,1
2013100217913,1,9,0,18,0,0,0,0,0,0,1,1,6,1,7,2967,2,2,8,2
2013100217913,2,9,0,3,0,0,0,0,0,0,2,1,6,2,4,998,1,2,5,1
2013100218013,1,9,0,9,0,4,0,0,0,0,1,1,6,1,10,1598,1,1,4,1
2013100218013,2,9,0,18,0,8,0,0,0,0,4,1,6,1,8,1905,2,15,-1,3
2013100218113,1,11,0,18,0,1,0,0,0,0,1,1,1,1,6,6370,2,5,2,1
2013100218113,2,11,0,18,0,2,0,0,0,0,0,1,6,2,9,-1,2,12,4,1
2013100218213,1,9,0,16,0,1,2,0,1,0,1,1,6,2,5,1753,2,10,3,1
2013100218313,1,9,0,18,0,8,0,0,0,0,1,1,6,3,-1,-1,-1,-1,-1,-1
2013100218313,2,9,0,3,0,8,0,0,0,0,2,1,6,1,6,1299,1,13,-1,-1
2013100218613,1,9,0,5,0,1,0,0,0,0,1,1,6,3,-1,-1,-1,-1,-1,-1
2013100218613,2,9,0,5,0,1,0,0,0,0,2,1,3,2,7,1422,2,5,2,1
2013100219013,1,9,0,1,0,6,0,0,0,0,2,1,6,2,6,1149,1,9,8,1
2013100219013,2,9,0,3,0,8,0,0,0,0,1,1,6,1,6,1870,2,7,3,1
2013100219613,1,9,0,9,0,4,0,0,0,0,1,1,6,2,10,1796,1,11,3,2
2013100219613,2,3,0,17,0,8,0,0,0,0,4,1,6,1,5,125,1,4,8,1
2013100219713,1,11,0,2,0,0,0,0,0,0,0,1,1,1,6,6700,2,6,1,1
2013100220113,1,9,0,18,0,1,0,0,0,0,1,1,6,1,5,1199,1,13,1,1
2013100220113,2,9,0,10,0,1,0,0,0,0,2,1,6,1,11,1398,1,1,1,2
2013100220313,1,9,0,18,0,0,0,0,0,0,4,1,6,2,5,1275,1,15,8,1
2013100220413,1,9,0,12,0,3,0,0,0,0,0,1,6,1,7,1149,1,3,9,1
2013100220413,2,9,0,7,0,3,0,0,0,0,4,1,6,2,8,1598,1,8,8,1
2013100220413,3,20,0,7,0,3,0,0,0,0,3,1,1,1,-1,12130,2,8,-1,-1
2013100220713,1,9,0,18,0,0,0,0,0,0,1,1,6,3,-1,-1,-1,-1,-1,-1
2013100220913,1,9,0,18,0,0,0,0,0,0,4,1,6,1,6,1598,1,1,-1,-1
2013100221113,1,9,0,18,0,0,0,4,0,0,1,1,6,1,9,1398,2,-1,3,1
2013100221113,2,9,0,2,0,0,0,0,0,0,1,1,6,3,-1,1299,1,15,3,1
2013100221713,1,5,0,18,0,0,1,0,0,0,0,1,6,1,7,1078,1,5,7,1
2013100221813,1,8,0,18,0,0,0,0,0,0,1,1,1,1,9,1910,2,4,9,1
2013100222013,1,9,0,18,0,8,0,0,0,0,3,1,6,1,5,1124,1,6,1,1
2013100222013,2,1,0,18,0,8,5,0,0,0,1,1,2,1,6,-1,-1,-1,4,2
2013100222113,1,9,0,18,0,8,0,0,0,0,1,1,6,2,10,1490,1,7,9,2
2013100222113,2,1,0,9,0,5,0,0,0,0,4,1,2,1,6,-1,-1,-1,8,2
2013100222213,1,9,0,18,0,0,0,0,0,0,4,1,6,2,8,1399,2,4,7,1
2013100222313,1,9,0,5,0,1,0,0,0,0,1,1,5,1,9,2987,2,4,5,1
2013100222313,2,9,0,3,0,1,0,0,0,0,2,1,1,1,8,1248,2,3,-1,-1
2013100222413,1,9,0,17,0,8,0,0,0,0,1,1,6,1,11,998,1,11,5,1
2013100222413,2,9,0,5,0,8,0,0,0,0,3,1,6,2,6,1560,2,2,4,1
2013100222513,1,9,0,18,0,0,1,0,0,0,1,1,6,1,8,1171,1,14,2,1
2013100222513,2,9,0,3,0,0,0,0,0,0,2,1,6,2,6,1242,1,7,3,1
2013100222613,1,9,0,18,0,8,0,0,0,0,1,1,2,1,6,2099,1,10,2,1
2013100222613,2,1,0,18,0,8,5,0,0,0,3,1,2,1,6,-1,-1,-1,5,1
2013100222813,1,9,0,18,0,4,0,0,0,0,1,1,2,2,6,998,1,5,5,2
2013100222813,2,1,0,17,0,8,0,0,0,0,1,1,2,1,7,-1,-1,-1,3,2
2013100222913,1,9,0,18,0,1,0,0,0,0,1,1,6,1,5,1461,2,-1,1,1
2013100222913,2,9,0,2,0,1,0,0,0,0,2,1,1,1,6,1896,2,9,1,1
2013100223313,1,9,0,18,0,1,0,0,0,0,1,1,6,1,7,1124,1,11,10,1
2013100223313,2,9,0,8,0,1,0,0,0,0,2,1,6,2,6,1240,1,8,1,1
2013100223813,1,9,0,18,0,1,0,0,0,0,1,1,6,1,10,1951,2,11,3,1
2013100223913,1,9,0,18,0,0,0,0,0,0,1,1,6,1,6,1388,1,10,4,1
2013100223913,2,9,0,3,0,0,0,0,0,0,2,1,6,2,8,1461,2,1,10,3
2013100224413,1,9,0,18,0,0,0,0,0,0,1,1,6,2,-1,1200,1,10,3,1
2013100224513,1,9,0,9,0,6,0,0,7,0,4,1,6,1,10,1124,1,8,4,1
2013100224613,1,3,0,18,0,8,0,9,0,0,1,1,6,1,5,124,1,5,-1,-1
2013100224813,1,9,0,16,0,1,5,0,1,3,1,1,6,1,5,1560,2,6,6,1
2013100225013,1,9,0,18,0,8,0,0,0,0,3,1,2,1,7,2496,2,12,9,3
2013100225013,2,90,0,18,0,8,5,0,0,0,1,1,1,1,8,2800,2,2,5,1
2013100225413,1,9,0,9,0,6,0,0,0,0,1,1,6,1,4,1332,1,15,5,2
2013100225413,2,9,0,18,0,8,0,0,0,0,1,1,2,1,8,1798,1,5,9,1
2013100225613,1,19,0,18,0,1,0,0,0,0,1,1,1,1,7,4250,2,5,1,1
2013100225613,2,19,0,18,0,1,0,0,0,0,2,1,1,1,8,2143,2,2,4,1
2013100225613,3,9,0,4,0,1,0,0,0,0,2,1,6,2,11,1584,1,7,10,1
2013100225813,1,9,0,4,0,1,0,0,0,0,1,1,6,2,6,998,1,5,8,1
2013100225813,2,9,0,10,0,1,0,0,0,0,2,1,6,2,6,998,1,-1,9,1
2013100225913,1,3,0,18,0,0,1,0,1,0,3,1,6,1,4,125,1,5,2,1
2013100225913,2,9,0,18,0,0,0,0,0,0,2,1,6,2,10,1598,1,7,5,1
2013100226213,1,9,0,18,0,1,0,0,0,0,1,1,6,1,-1,1229,1,-1,-1,-1
2013100226213,2,9,0,3,0,1,0,0,0,0,1,1,5,1,9,1248,2,6,9,1
2013100226313,1,9,0,4,0,2,0,0,0,0,1,1,6,2,7,1242,1,1,9,1
2013100226413,1,9,0,18,0,1,0,0,0,0,1,2,6,1,6,3200,2,13,2,1
2013100226413,2,9,0,9,0,1,0,0,0,0,3,2,1,1,7,-1,-1,-1,5,1
2013100226513,1,9,0,9,0,6,0,0,0,0,1,1,6,3,-1,-1,-1,-1,-1,-1
2013100226513,2,9,0,18,0,1,0,0,0,0,1,1,6,2,-1,1461,2,5,-1,-1
2013100226613,1,9,0,18,0,0,0,0,0,0,1,1,6,3,-1,-1,-1,-1,-1,-1
2013100226613,2,9,0,18,0,0,0,0,0,0,2,1,6,1,7,1956,2,1,6,1
2013100226713,1,9,0,18,0,8,0,0,0,0,1,1,6,1,6,1598,1,7,1,1
2013100226713,2,9,0,18,0,8,0,0,0,0,4,1,2,2,7,1560,2,3,7,1
2013100227513,1,9,0,5,0,4,0,0,0,0,3,1,6,2,6,1598,1,6,9,2
2013100227513,2,5,0,9,0,8,1,0,0,0,1,1,6,1,10,675,1,1,5,1
2013100227813,1,9,0,18,0,0,0,0,0,0,3,1,3,2,7,1198,1,2,3,1
2013100227913,1,9,0,9,0,6,0,0,0,0,1,1,6,1,9,1612,1,2,5,1
2013100227913,2,9,0,18,0,2,0,0,0,0,2,1,1,2,7,-1,-1,-1,4,1
2013100228013,1,9,0,18,0,1,0,0,0,0,1,1,2,1,8,1248,2,4,3,1
2013100228113,1,9,0,1,0,1,0,0,0,0,3,1,6,1,7,1998,2,9,1,1
2013100228113,2,9,0,18,0,2,0,0,0,0,1,1,1,1,7,2521,1,4,-1,-1
2013100228313,1,9,0,11,0,0,0,0,0,0,4,1,6,1,10,1796,1,12,1,1
2013100228313,2,1,0,18,0,0,0,0,0,0,3,1,6,1,8,-1,-1,-1,2,1
2013100228713,1,9,0,13,0,1,0,0,0,0,4,1,1,1,9,-1,-1,-1,8,1
2013100228713,2,4,0,18,0,1,0,0,0,0,1,1,6,1,7,200,1,22,4,1
2013100229013,1,9,0,18,0,0,1,0,0,0,1,1,6,1,5,2488,1,5,8,3
2013100229213,1,9,0,13,0,0,0,0,0,0,0,1,6,3,-1,-1,-1,-1,-1,-1
2013100229213,2,3,0,18,0,0,1,0,1,9,4,1,2,1,5,124,1,-1,7,1
2013100229413,1,19,0,18,0,0,0,0,0,0,1,1,6,3,-1,-1,-1,-1,-1,-1
2013100229513,1,17,0,4,0,0,5,0,1,9,4,2,6,1,6,-1,2,20,6,3
2013100229813,1,9,0,18,0,1,0,0,0,0,1,1,6,2,6,1968,2,10,1,1
2013100229813,2,9,0,4,0,1,0,0,0,0,1,1,6,1,6,1461,2,9,4,1
2013100229813,3,9,0,4,0,1,0,0,0,0,2,1,6,1,8,1998,2,6,4,1
2013100229913,1,19,0,1,0,2,0,0,0,0,2,1,1,1,7,2198,2,3,3,1
2013100229913,2,1,0,3,0,1,0,0,0,0,1,1,6,1,2,-1,-1,-1,1,1
2013100230113,1,9,0,9,0,6,0,0,0,0,4,1,6,1,7,1995,2,8,3,3
2013100230113,2,9,0,18,0,8,0,0,0,0,1,1,6,2,9,1348,1,12,1,1
2013100230213,1,5,0,18,0,0,0,0,0,0,1,1,6,1,8,999,1,1,3,1
2013100230213,2,9,0,13,0,0,0,0,0,0,2,1,6,1,4,1198,1,1,8,2
2013100230213,3,9,0,18,0,0,0,0,0,0,0,1,6,1,4,1598,1,1,-1,-1
2013100230313,1,9,0,18,0,0,0,0,0,0,3,1,6,1,9,1364,1,4,3,1
2013100230613,1,9,0,4,0,0,1,0,0,0,1,1,6,1,7,1242,1,15,2,1
2013100230613,2,5,0,4,0,0,0,0,0,0,2,1,6,1,7,649,1,3,2,1
2013100230713,1,11,0,5,0,1,0,0,0,0,4,1,1,1,8,4500,2,4,3,1
2013100230913,1,9,0,12,0,1,0,0,0,0,1,1,6,2,7,1248,1,1,2,1
2013100230913,2,9,0,18,0,1,0,0,0,0,4,1,6,2,8,1329,1,3,9,1
2013100231013,1,11,0,5,0,0,0,0,0,0,0,1,1,1,8,9360,2,-1,1,1
2013100231113,1,9,0,18,0,0,0,0,0,0,4,1,6,1,6,1198,1,3,2,1
2013100231313,1,9,0,18,0,1,1,0,0,0,1,1,6,3,-1,1560,2,7,-1,-1
2013100231313,2,9,0,10,0,1,0,0,0,0,2,1,1,1,7,1240,1,9,2,1
2013100232313,1,9,0,18,0,8,0,0,0,0,0,1,6,3,-1,-1,-1,-1,-1,-1
2013100232313,2,9,0,18,0,8,0,0,0,0,0,1,6,1,6,998,1,1,3,2
2013100232813,1,21,1,13,0,0,0,0,0,0,0,1,6,3,-1,-1,-1,-1,-1,-1
2013100232813,2,1,0,18,0,0,0,0,0,0,4,1,6,1,3,-1,-1,-1,6,3
2013100232913,1,9,0,17,0,0,2,0,0,0,1,1,6,2,6,1984,1,17,-1,-1
2013100233013,1,9,0,7,0,6,0,0,0,0,1,1,6,2,10,1753,2,6,5,3
2013100233013,2,9,0,18,0,1,0,0,0,0,1,1,6,1,9,1995,1,4,4,1
2013100233113,1,9,0,7,0,5,0,0,0,0,4,1,1,1,-1,1248,2,3,-1,-1
2013100233713,1,9,0,13,0,3,0,10,0,0,1,1,6,1,7,1997,2,10,8,2
2013100233713,2,9,0,18,0,3,0,0,1,7,3,1,6,2,6,998,1,4,4,2
2013100233913,1,11,0,3,0,1,0,0,0,0,0,1,1,1,8,8300,2,13,9,1
2013100234013,1,9,0,4,0,2,0,0,0,0,3,1,6,1,8,1388,1,10,4,2
2013100234213,1,11,0,4,0,8,0,0,0,0,0,1,1,1,8,9600,2,15,2,1
2013100234313,1,11,0,5,0,0,0,0,0,0,0,1,6,1,8,4760,2,-1,6,1
2013100234413,1,9,0,18,0,8,0,0,0,0,3,1,3,2,6,1364,1,9,2,1
2013100234413,2,9,0,18,0,8,0,0,0,0,4,1,6,1,7,1595,1,14,-1,-1
2013100234613,1,11,0,4,0,0,0,0,0,0,0,1,1,1,8,4500,2,2,1,1
2013100234713,1,19,0,4,0,0,0,0,0,0,2,1,1,1,6,2148,2,4,3,1
2013100234713,2,9,0,18,0,0,0,0,0,0,1,1,1,1,6,1900,2,7,3,2
2013100234713,3,9,0,18,0,0,0,0,0,0,1,1,3,1,10,1240,1,9,4,1
2013100234913,1,9,0,18,0,1,0,0,0,0,1,1,6,1,-1,1598,1,12,1,1
2013100234913,2,9,0,3,0,1,0,0,0,0,2,1,1,1,8,1598,1,-1,3,1
2013100235313,1,9,0,2,9,0,0,0,1,10,2,1,1,2,8,1248,2,6,9,1
2013100236313,1,19,0,13,0,1,0,0,0,0,1,1,1,1,9,-1,-1,-1,-1,-1
2013100236313,2,9,0,18,0,1,0,0,0,0,2,1,1,2,7,1329,1,3,3,1
2013100236413,1,9,0,9,0,6,0,0,0,0,1,1,1,1,6,1995,2,5,5,1
2013100236413,2,5,0,18,0,8,0,0,0,0,3,1,1,1,7,998,1,12,-1,-1
2013100236513,1,9,0,9,0,8,0,0,0,0,1,1,6,1,5,1599,1,10,5,1
2013100236513,2,9,0,18,0,8,0,0,1,10,1,1,6,2,5,1364,1,4,5,1
2013100236613,1,9,0,7,0,5,0,0,0,0,1,1,6,1,4,1360,1,11,1,1
2013100236613,2,9,0,18,0,8,0,10,1,0,4,1,2,2,6,998,1,2,3,2
2013100236913,1,9,0,9,0,6,0,0,0,0,1,1,1,1,9,1560,2,6,2,1
2013100236913,2,9,0,9,0,5,0,0,0,0,3,1,2,2,6,1229,1,2,3,1
2013100237113,1,3,0,18,0,1,1,0,0,0,1,1,6,1,4,125,1,6,2,1
2013100237113,2,9,0,6,0,1,0,0,0,0,2,1,6,2,7,998,1,13,3,1
2013100237213,1,9,0,7,0,6,0,0,0,0,1,1,1,3,-1,-1,-1,-1,-1,-1
2013100237213,2,1,0,18,0,1,0,0,0,0,3,1,1,2,4,-1,-1,-1,5,1
2013100237413,1,19,0,16,0,0,2,0,8,9,3,1,6,1,8,1248,2,1,5,3
2013100237813,1,9,0,18,0,1,0,0,0,0,1,1,6,1,8,1461,2,1,3,1
2013100237813,2,9,0,4,0,1,0,0,0,0,2,1,6,2,9,1390,1,10,8,1
2013100238513,1,9,0,4,0,1,0,0,0,0,1,1,6,3,-1,-1,-1,-1,-1,-1
2013100238513,2,9,0,3,0,1,0,0,0,0,2,1,6,1,6,1560,2,1,2,1
2013100238713,1,11,0,5,0,0,0,0,0,0,0,1,1,1,7,9000,2,6,1,1
2013100238813,1,8,0,18,0,0,0,0,0,0,1,1,1,1,7,1595,1,2,3,1
2013100238913,1,9,0,18,9,2,0,0,1,0,4,1,6,1,9,1968,2,3,7,1
2013100239413,1,9,0,1,0,0,0,0,0,0,2,1,1,3,-1,1149,1,8,-1,-1
2013100239413,2,9,0,2,0,0,0,0,0,0,1,1,6,1,5,1200,1,9,3,1
2013100239513,1,9,0,4,0,0,1,0,0,0,1,1,2,1,6,1796,1,12,1,1
2013100239513,2,9,0,3,0,0,0,0,0,0,2,1,6,2,4,973,1,13,4,1
2013100239813,1,9,0,16,0,8,0,0,0,0,1,1,6,1,8,1896,2,10,5,1
2013100239813,2,9,0,17,0,8,0,0,0,0,1,1,6,2,7,998,1,1,2,1
2013100240013,1,9,0,11,0,0,0,0,0,0,0,1,6,3,-1,-1,-1,-1,-1,-1
2013100240013,2,11,0,18,0,0,0,0,0,0,0,1,6,1,6,6700,2,6,3,2
2013100240313,1,9,0,4,0,2,0,0,0,0,2,1,6,1,5,1686,2,8,2,2
2013100240313,2,9,0,18,0,3,0,0,0,0,1,1,6,1,7,1997,2,9,3,2
2013100240413,1,9,0,9,0,6,0,0,0,0,1,1,6,1,8,-1,-1,-1,-1,-1
2013100240413,2,9,3,18,0,8,0,0,0,0,4,1,6,1,10,2497,2,7,10,1
2013100240513,1,9,0,9,0,5,1,0,1,0,1,1,6,2,4,998,1,14,5,1
2013100240613,1,9,0,18,0,0,0,0,0,0,1,1,6,1,9,1968,2,3,-1,3
2013100240613,2,1,0,18,0,0,0,0,0,0,2,1,6,2,6,-1,-1,-1,6,3
2013100240713,1,9,0,18,0,0,0,0,0,0,3,1,2,2,5,1598,2,-1,10,1
2013100240813,1,1,0,18,0,0,0,0,0,0,4,1,6,1,4,-1,-1,-1,-1,-1
2013100240813,2,9,0,18,0,0,0,10,0,0,0,1,6,3,-1,-1,-1,-1,-1,-1
2013100241613,1,9,0,18,0,1,0,0,0,0,1,1,6,1,7,1753,2,12,2,1
2013100241613,2,9,0,18,0,1,0,0,0,0,2,1,6,1,8,1497,1,9,2,1
2013100241713,1,9,0,7,0,3,0,0,0,0,3,2,6,1,8,-1,-1,-1,-1,-1
2013100241713,2,9,0,7,0,3,0,0,0,0,4,1,6,2,6,1998,1,5,4,2
2013100241913,1,9,0,9,0,4,0,0,0,0,1,1,6,3,-1,1242,1,2,-1,-1
2013100241913,2,1,0,18,0,8,0,0,0,0,2,1,1,2,5,-1,-1,-1,9,1
2013100242113,1,9,0,18,0,8,0,0,0,0,1,1,6,1,4,1242,1,7,4,1
2013100242113,2,9,0,18,0,8,0,0,0,0,1,1,6,1,6,1124,1,8,1,1
2013100242613,1,1,0,18,9,6,0,0,0,0,0,1,1,1,8,-1,-1,-1,2,1
2013100242613,2,9,0,4,0,1,0,0,0,0,3,1,6,2,5,1599,1,5,4,1
2013100242713,1,9,0,18,0,0,0,0,0,0,1,1,6,2,7,1560,2,2,2,1
2013100242713,2,9,0,18,0,0,0,0,0,0,2,1,6,2,6,1587,1,6,6,1
2013100242913,1,9,0,18,0,0,0,0,0,0,1,1,2,1,5,1229,1,5,3,1
2013100242913,2,8,0,3,0,0,0,0,0,0,2,1,1,1,8,1598,2,1,1,1
2013100242913,3,9,0,3,0,0,0,0,0,0,2,1,6,1,6,1597,1,13,2,1
2013100243113,1,1,0,18,0,0,0,0,0,0,1,1,2,1,8,-1,-1,-1,7,1
2013100243113,2,9,0,2,0,0,0,0,0,0,2,1,2,1,7,-1,-1,-1,9,1
2013100243213,1,9,0,7,0,5,0,0,0,0,4,1,6,1,9,-1,-1,-1,3,1
2013100243313,1,9,0,16,0,0,2,0,0,11,1,1,2,1,6,1910,2,8,1,2
2013100244013,1,4,0,13,0,1,1,0,0,0,1,1,2,1,4,487,1,11,2,3
2013100244013,2,19,0,9,0,5,0,0,0,0,2,1,2,1,6,1753,2,7,6,2
2013100244113,1,9,0,18,0,0,0,0,0,0,1,1,1,1,8,1794,1,8,2,1
2013100244113,2,9,0,2,6,0,0,0,0,0,3,1,6,3,-1,1769,1,10,2,1
2013100244113,3,9,0,2,6,0,0,0,0,0,4,1,6,3,-1,1596,1,8,2,1
2013100244213,1,9,0,18,0,0,0,0,0,0,2,1,6,2,9,1598,1,6,2,1
2013100244213,2,19,0,18,0,0,0,0,0,0,1,1,1,1,5,2402,2,2,2,1
2013100244213,3,9,0,18,0,0,0,0,0,0,1,1,6,1,8,1956,2,1,8,2
2013100244213,4,9,0,18,0,0,0,0,0,0,1,1,6,2,7,1598,1,7,3,1
2013100244313,1,9,0,18,0,0,0,4,0,0,1,1,6,1,6,1461,2,2,-1,-1
2013100244313,2,9,0,2,0,0,0,0,0,0,2,1,1,1,7,-1,-1,-1,7,1
2013100244813,1,9,0,18,0,8,0,0,3,0,1,1,6,1,-1,1800,1,14,2,1
2013100244813,2,1,0,18,0,8,0,0,0,0,1,1,6,1,7,-1,-1,-1,6,1
2013100245313,1,9,0,3,0,1,0,0,0,0,1,1,2,2,8,1598,1,-1,6,1
2013100245313,2,9,0,3,0,1,0,0,0,0,2,1,6,1,8,-1,-1,-1,3,1
2013100245413,1,11,0,9,0,6,0,0,0,0,0,1,1,1,8,-1,-1,-1,3,1
2013100245413,2,9,0,18,0,8,0,0,0,0,0,1,6,3,-1,-1,-1,-1,3,1
2013100245613,1,8,0,18,0,0,0,0,0,0,1,1,1,1,7,1910,2,8,2,1
2013100246113,1,9,0,18,0,8,0,0,0,0,4,1,6,2,10,1587,1,9,-1,-1
2013100246113,2,9,0,18,0,8,0,0,3,0,1,1,6,2,9,1587,1,10,3,1
2013100246213,1,9,0,18,0,8,1,0,0,0,1,1,6,2,4,1598,1,12,2,2
2013100246313,1,9,0,18,0,0,0,4,0,0,1,1,6,1,10,1598,1,7,5,1
2013100246313,2,9,0,2,0,0,0,0,0,0,2,1,6,1,10,1341,1,9,9,1
2013100246413,1,9,0,5,0,8,0,0,0,0,1,1,6,1,11,1240,1,10,2,1
2013100246413,2,9,0,5,0,8,0,0,0,0,4,1,6,1,9,1598,1,9,1,1
2013100246513,1,9,0,18,0,0,0,0,0,0,3,1,6,1,8,1332,1,15,4,1