Accident_Index,Vehicle_Reference,Vehicle_Type,Towing_and_Articulation,Vehicle_Manoeuvre,Vehicle_Location-Restricted_Lane,Junction_Location,Skidding_and_Overturning,Hit_Object_in_Carriageway,Vehicle_Leaving_Carriageway,Hit_Object_off_Carriageway,1st_Point_of_Impact,Was_Vehicle_Left_Hand_Drive?,Journey_Purpose_of_Driver,Sex_of_Driver,Age_Band_of_Driver,Engine_Capacity_(CC),Propulsion_Code,Age_of_Vehicle,Driver_IMD_Decile,Driver_Home_Area_Type
2013100246713,1,9,0,4,0,1,0,0,0,0,1,1,1,1,6,1997,2,1,-1,-1
2013100246713,2,9,0,3,0,1,0,0,0,0,2,1,6,1,7,1598,1,6,2,1
2013100246713,3,9,0,3,0,1,0,0,0,0,2,1,2,2,7,1242,1,4,9,2
2013100246813,1,1,0,18,0,1,0,0,0,0,3,1,2,1,7,-1,-1,-1,7,1
2013100246813,2,9,0,9,0,5,0,0,0,0,1,1,6,1,4,1242,1,2,3,1
2013100246913,1,9,0,7,0,8,1,0,0,0,1,1,1,1,6,-1,-1,-1,9,1
2013100246913,2,9,0,10,0,1,0,0,1,0,3,1,2,1,7,1229,1,1,1,1
2013100247213,1,9,0,7,0,6,0,0,0,0,3,1,6,2,7,1598,1,1,8,1
2013100247213,2,11,0,18,2,1,0,0,0,0,4,1,1,1,8,7300,2,11,2,1
2013100247513,1,9,0,7,0,5,0,0,2,0,1,1,3,2,6,1400,1,14,1,1
2013100247513,2,1,0,18,0,8,0,0,0,4,0,1,2,1,7,-1,-1,-1,10,2
2013100247613,1,19,0,18,0,4,0,0,0,0,1,1,1,1,6,1598,2,6,4,1
2013100247613,2,3,0,18,0,8,0,0,0,0,1,1,6,1,5,124,1,7,5,1
2013100247813,1,9,0,18,0,2,0,0,0,0,1,1,1,1,7,1753,2,4,4,1
2013100247813,2,19,0,3,0,2,0,0,0,0,2,1,1,1,6,-1,-1,-1,1,1
2013100248013,1,9,0,16,0,0,0,10,2,0,1,1,6,1,9,-1,-1,-1,2,1
2013100248013,2,9,0,17,0,0,0,0,7,0,1,1,6,1,9,1461,2,8,5,2
2013100248613,1,9,0,18,0,1,1,0,0,0,1,1,6,1,4,1242,1,4,5,1
2013100248613,2,9,0,10,0,1,0,0,0,0,2,1,6,1,5,-1,-1,-1,7,1
2013100248913,1,9,0,18,0,2,0,10,7,0,1,1,6,1,6,1896,2,11,2,1
2013100249013,1,9,0,12,0,0,0,0,2,0,1,1,6,1,5,1390,1,11,7,1
2013100249013,2,9,0,18,0,0,0,0,0,0,4,1,6,1,7,1986,2,8,3,1
2013100249013,3,9,0,18,0,0,0,0,0,0,4,1,6,2,6,1364,1,7,7,1
2013100249013,4,9,0,18,0,0,0,0,0,0,2,1,1,1,8,1896,2,7,4,1
2013100249413,1,9,0,18,0,8,1,0,0,0,4,1,2,2,8,1242,1,3,7,3
2013100249413,2,9,0,18,0,8,0,0,0,0,1,1,2,1,9,1339,1,4,3,2
2013100249613,1,9,0,17,0,0,1,0,2,11,1,1,6,1,5,1796,1,8,5,3
2013100249913,1,9,0,7,0,6,0,0,0,0,1,1,6,1,4,3950,1,12,3,1
2013100249913,2,9,0,3,0,1,0,0,0,0,3,1,6,1,11,1995,2,10,5,1
2013100249913,3,9,0,3,0,1,0,0,0,0,3,1,6,1,8,1349,1,1,5,1
2013100250313,1,9,0,7,0,6,0,0,0,0,3,1,6,1,5,1560,2,8,2,1
2013100250313,2,1,0,18,0,8,0,0,0,0,1,1,2,1,7,-1,-1,-1,7,1
2013100250413,1,9,0,2,0,0,0,0,0,0,3,1,6,1,6,1995,2,1,10,1
2013100250413,2,1,0,18,0,0,0,8,0,0,1,1,1,2,6,-1,-1,-1,7,1
2013100250713,1,11,0,18,0,8,0,0,0,0,3,1,6,1,7,4500,2,2,3,1
2013100250713,2,19,0,18,0,8,0,0,0,0,4,1,6,1,7,-1,-1,-1,7,1
2013100250813,1,5,0,18,0,0,5,0,5,7,3,1,6,1,5,1050,1,2,-1,-1
2013100250913,1,19,0,18,0,0,5,0,0,0,1,1,1,1,7,-1,-1,-1,2,1
2013100250913,2,19,0,18,0,0,0,0,0,0,2,1,6,1,5,1870,2,8,-1,-1
2013100250913,3,90,0,18,0,0,0,0,0,0,2,1,6,1,7,-1,-1,-1,1,1
2013100251013,1,5,0,9,0,3,2,10,1,0,1,1,2,1,7,998,1,13,-1,-1
2013100251313,1,9,0,11,0,1,0,0,0,0,0,1,6,3,-1,-1,-1,-1,-1,-1
2013100251313,2,3,0,18,0,1,1,0,0,0,2,1,6,1,6,124,1,4,1,1
2013100251313,3,3,0,18,0,1,0,0,0,0,4,1,6,1,5,124,1,12,1,1
2013100251413,1,9,0,18,0,0,0,0,0,0,1,1,2,2,6,2231,2,5,8,1
2013100251513,1,11,0,4,0,0,0,0,0,0,0,1,1,1,8,9000,2,6,4,1
2013100251613,1,11,0,2,0,0,0,0,0,0,0,1,1,1,9,4500,2,2,4,1
2013100251713,1,9,0,18,0,0,0,0,0,0,3,1,6,1,11,1299,1,9,3,1
2013100251713,2,5,0,13,0,0,1,0,7,0,1,1,6,1,9,636,1,11,8,2
2013100251813,1,9,0,9,0,6,0,0,0,0,1,1,6,1,7,1248,2,3,4,1
2013100251813,2,9,0,9,0,5,0,0,0,0,3,1,6,1,10,1796,1,6,4,1
2013100251913,1,9,0,14,0,2,0,0,0,0,1,1,6,2,7,998,1,7,7,1
2013100252013,1,9,0,18,0,2,0,0,0,0,1,1,2,2,9,999,1,1,5,1
2013100252013,2,1,0,18,0,2,0,0,0,0,2,1,6,1,7,-1,-1,-1,10,1
2013100252213,1,9,0,3,0,1,0,0,0,0,1,1,6,2,10,1108,1,7,4,1
2013100252213,2,9,0,9,0,5,0,0,0,0,1,1,6,1,10,1997,2,2,1,1
2013100252513,1,11,0,12,0,0,0,0,0,0,3,1,6,3,-1,-1,-1,-1,-1,-1
2013100252513,2,9,0,18,0,0,0,0,0,0,4,1,6,2,6,1396,1,3,2,2
2013100252613,1,21,1,18,0,8,0,0,0,0,0,1,6,3,-1,-1,-1,-1,-1,-1
2013100252613,2,11,0,9,0,6,0,0,0,0,0,1,1,1,8,9600,2,13,-1,-1
2013100252813,1,9,0,18,0,2,0,0,0,0,3,2,6,2,7,1753,2,12,2,1
2013100252913,1,11,0,4,0,0,0,0,0,0,0,1,1,1,9,9000,2,6,1,1
2013100253013,1,9,0,4,0,0,0,0,0,0,2,1,6,2,7,1124,1,11,2,1
2013100253013,2,9,0,4,0,0,0,0,0,0,1,1,2,1,8,-1,-1,-1,2,1
2013100253113,1,9,0,18,2,2,0,0,0,0,1,1,2,1,7,-1,-1,-1,9,1
2013100253213,1,21,1,18,0,0,0,0,0,0,1,1,1,1,9,-1,-1,-1,8,3
2013100253213,2,9,0,18,0,0,0,0,0,0,2,1,2,1,9,2987,2,7,10,1
2013100253313,1,9,0,9,0,5,0,0,0,0,1,1,2,1,9,1388,1,11,1,1
2013100253313,2,3,0,18,0,1,5,0,0,0,1,1,6,1,4,124,1,6,3,1
2013100253513,1,9,0,18,0,1,0,0,0,0,1,1,2,2,7,2204,2,9,6,1
2013100253513,2,9,0,3,0,1,0,0,0,0,2,1,4,2,5,998,1,1,7,3
2013100253613,1,9,0,18,0,0,0,0,0,0,1,1,6,2,7,1997,2,10,10,2
2013100253613,2,9,0,3,0,0,0,0,0,0,2,1,6,2,6,1998,1,7,6,1
2013100253713,1,9,0,9,0,8,0,0,0,0,1,1,6,3,-1,-1,-1,-1,-1,-1
2013100253713,2,1,0,18,0,8,0,0,0,0,4,1,1,1,5,-1,-1,-1,5,1
2013100253813,1,11,0,18,0,0,0,0,0,0,0,1,1,1,9,-1,-1,-1,9,1
2013100253813,2,1,0,2,4,0,0,0,0,0,0,1,1,1,6,-1,-1,-1,-1,-1
2013100254013,1,9,0,18,0,1,0,0,0,0,1,1,6,1,8,1995,2,1,7,3
2013100254013,2,9,0,3,0,1,0,0,0,0,2,1,1,1,9,1910,2,5,2,1
2013100254613,1,11,0,14,0,0,0,0,0,0,1,1,1,1,5,4500,2,2,3,1
2013100254613,2,9,0,14,0,0,0,0,0,0,2,1,6,1,-1,1997,2,4,8,1
2013100255213,1,9,0,17,0,2,1,0,7,11,4,1,1,2,8,1398,2,7,1,2
2013100255213,2,4,0,18,0,1,5,0,0,0,1,1,1,1,5,498,1,23,7,3
2013100255313,1,9,0,17,0,0,2,0,2,0,4,1,6,1,4,1596,1,8,6,1
2013100255613,1,11,0,4,0,1,0,0,0,0,0,1,1,1,8,6700,2,4,10,1
2013100255813,1,11,0,18,0,1,0,0,7,11,1,1,1,1,9,6871,2,14,5,1
2013100256213,1,9,0,18,0,1,0,0,0,0,1,1,6,2,9,1796,1,13,2,1
2013100256213,2,9,0,4,0,1,0,0,0,0,2,1,6,2,10,1242,1,4,4,1
2013100256313,1,9,0,1,0,1,0,0,0,0,2,1,6,1,4,1560,2,1,9,1
2013100256313,2,19,0,18,0,1,0,0,0,0,4,1,6,2,6,-1,-1,-1,9,1
2013100256713,1,9,0,18,6,1,1,0,1,1,1,1,6,1,4,1149,1,12,2,1
2013100256813,1,9,0,7,0,6,0,0,0,0,3,1,6,1,11,1598,1,1,-1,3
2013100256813,2,9,0,18,0,8,0,0,5,6,1,1,6,2,6,1242,1,4,-1,-1
2013100256913,1,19,0,9,0,4,0,0,0,0,3,1,2,1,6,1399,2,5,5,3
2013100256913,2,1,0,18,0,8,0,0,0,0,1,1,6,1,8,-1,-1,-1,10,1
2013100257013,1,9,0,18,0,8,0,0,0,0,1,1,6,2,10,1246,1,6,10,2
2013100257013,2,9,0,7,0,6,0,0,0,0,3,1,2,2,6,1242,1,3,7,3
2013100257213,1,9,0,17,0,8,0,0,1,4,1,1,6,1,9,1968,2,8,-1,-1
2013100257413,1,9,0,18,0,2,0,0,0,0,1,1,6,2,4,1388,1,3,9,1
2013100257513,1,9,0,9,0,5,0,0,0,0,1,1,6,1,5,998,1,7,10,1
2013100257513,2,9,0,18,0,8,0,10,1,0,1,1,1,1,6,1910,2,6,2,1
2013100257813,1,3,0,18,0,0,1,12,0,0,1,1,6,1,4,-1,-1,-1,4,2
2013100258013,1,9,0,14,0,0,0,0,0,0,4,1,6,1,6,1968,2,6,2,1
2013100258013,2,19,0,2,0,0,0,0,0,0,0,1,6,1,6,2148,2,6,4,1
2013100258613,1,9,0,10,0,1,0,0,0,0,2,1,6,2,7,1798,1,5,6,2
2013100258613,2,9,0,18,0,1,0,0,0,0,1,1,6,1,5,2172,2,12,8,3
2013100258913,1,9,0,13,0,0,0,0,1,0,0,1,6,1,6,1781,1,9,1,1
2013100258913,2,9,0,18,0,0,5,0,1,9,4,1,6,1,4,1229,1,6,-1,-1
2013100259313,1,9,0,18,0,8,0,0,0,0,1,1,6,3,-1,-1,-1,-1,-1,-1
2013100259313,2,1,0,18,0,8,0,0,0,0,1,1,2,1,6,-1,-1,-1,10,1
2013100259813,1,9,0,9,0,6,0,0,0,0,2,1,6,3,-1,-1,-1,-1,-1,-1
2013100260413,1,9,0,5,0,1,0,0,0,0,1,1,2,1,4,1248,1,2,1,1
2013100260413,2,9,0,3,0,1,0,0,0,0,2,1,2,2,7,1248,2,1,3,1
2013100260513,1,21,0,18,0,0,0,0,0,0,1,1,1,1,7,4250,2,2,1,1
2013100260513,2,9,0,18,0,0,0,0,0,0,2,1,6,1,6,2179,2,3,7,1
2013100260513,3,9,3,18,0,0,3,0,0,0,2,1,6,1,9,-1,-1,-1,-1,3
2013100260513,4,9,0,18,0,0,1,0,0,6,1,1,6,1,8,2401,2,9,4,1
2013100260813,1,5,0,18,0,2,0,0,0,0,3,1,6,1,6,897,1,1,10,3
2013100260813,2,5,0,18,0,2,1,0,0,0,2,1,6,1,6,918,1,14,10,3
2013100261013,1,9,0,18,0,8,0,0,0,0,1,1,6,2,8,998,1,12,2,1
2013100261013,2,9,0,18,0,8,0,0,0,0,4,1,2,2,8,1975,1,9,4,1
2013100261113,1,4,0,18,0,1,1,0,0,0,4,1,6,1,8,-1,-1,-1,3,1
2013100261113,2,9,0,3,0,1,0,0,0,0,3,1,6,2,8,1242,1,-1,2,1
2013100261613,1,9,0,1,0,5,0,0,0,0,4,1,6,1,6,1332,1,16,6,3
2013100261613,2,5,0,18,0,8,2,0,1,0,1,1,6,1,7,599,1,16,6,3
2013100261813,1,19,0,18,0,8,0,0,0,0,4,1,6,1,7,-1,-1,-1,3,1
2013100261813,2,11,0,18,0,8,0,0,0,0,1,1,1,1,8,6800,2,4,4,1
2013100262013,1,9,0,17,0,0,2,0,7,0,1,1,2,2,4,998,1,8,5,2
2013100262113,1,5,0,16,0,0,1,0,0,0,1,1,6,1,8,998,1,9,-1,-1
2013100262113,2,9,0,17,0,0,0,0,0,0,1,1,6,1,6,1598,1,3,7,1
2013100262213,1,9,0,18,0,8,0,0,0,0,1,1,1,1,7,-1,-1,-1,3,1
2013100262213,2,9,0,18,0,8,0,0,0,0,3,1,1,1,7,2993,2,-1,8,1
2013100262613,1,11,0,5,0,0,0,0,0,0,0,1,1,1,-1,-1,-1,-1,-1,-1
2013100262613,2,9,0,18,0,0,0,0,0,0,0,1,2,2,8,1149,1,11,4,1
2013100263013,1,9,0,9,0,5,0,0,0,0,1,1,6,2,8,1242,1,5,3,1
2013100263013,2,9,0,18,0,8,0,0,0,0,4,1,6,1,6,1396,1,8,3,1
2013100263113,1,9,0,18,0,1,0,0,0,0,4,1,6,2,5,1586,1,6,9,1
2013100263213,1,21,4,18,0,2,0,0,0,0,1,1,1,1,8,11021,2,10,2,2
2013100263613,1,19,0,12,0,7,0,0,0,0,3,1,1,1,9,2402,2,6,4,1
2013100263613,2,9,0,18,0,8,0,0,0,6,4,1,6,1,4,1199,1,14,1,1
2013100263713,1,21,1,16,0,0,0,0,7,9,3,1,1,1,7,15607,2,3,6,3
2013100264513,1,9,0,18,0,0,0,0,0,0,0,1,6,3,-1,-1,-1,-1,-1,-1
2013100264513,2,11,0,18,0,0,0,0,0,0,0,1,1,1,6,6370,2,9,-1,-1
2013100264913,1,9,0,18,0,8,0,0,0,0,1,1,6,1,4,1390,1,9,7,1
2013100264913,2,1,0,18,0,8,0,0,0,0,3,1,6,1,8,-1,-1,-1,2,1
2013100265013,1,9,0,16,0,0,0,0,0,0,0,1,6,3,-1,-1,-1,-1,-1,-1
2013100265013,2,2,0,17,0,0,1,10,1,10,4,1,2,1,5,49,1,5,3,1
2013100265113,1,19,0,18,0,1,0,0,0,0,1,1,1,1,8,2499,2,13,1,1
2013100265113,2,9,0,10,0,1,0,0,0,0,2,1,2,1,8,1798,1,4,7,1
2013100265213,1,9,0,18,0,1,1,0,0,0,1,1,2,2,7,796,1,9,-1,-1
2013100265213,2,9,0,4,0,5,0,0,0,0,2,1,1,1,6,1900,2,13,1,1
2013100265613,1,9,0,18,0,1,0,0,0,0,1,1,6,1,8,973,1,13,3,1
2013100265613,2,9,0,3,0,1,0,0,0,0,2,1,1,2,7,1586,1,3,2,1
2013100265613,3,9,0,3,0,1,0,0,0,0,2,1,1,1,7,998,1,1,9,1
2013100265813,1,9,0,17,0,0,1,0,1,11,2,1,1,2,6,1124,1,5,4,1
2013100266613,1,9,0,16,0,0,0,0,0,0,3,1,6,2,10,998,1,11,9,2
2013100266613,2,11,0,17,0,0,0,0,0,0,3,1,1,1,9,-1,2,26,4,2
2013100266613,3,9,0,18,0,0,0,0,0,0,3,1,6,2,6,1896,2,9,-1,-1
2013100266713,1,9,0,18,0,8,0,0,0,0,1,1,6,1,7,1796,1,4,6,1
2013100266713,2,9,0,9,0,8,0,0,0,0,1,1,6,2,6,1399,2,10,4,2
2013100267013,1,5,0,13,0,1,0,0,0,0,1,1,6,1,10,745,1,2,-1,1
2013100267013,2,9,0,9,0,5,0,0,0,0,2,1,6,1,6,1910,2,12,5,3
2013100267113,1,4,0,18,0,8,0,0,0,0,0,1,6,1,10,398,1,20,7,1
2013100267313,1,19,0,18,0,8,0,0,0,0,1,1,1,1,7,2198,2,2,2,1
2013100267313,2,9,0,9,0,6,0,0,0,0,3,1,1,1,5,2204,2,7,5,1
2013100267413,1,9,0,18,0,1,0,0,0,0,1,1,6,1,10,2179,2,11,10,3
2013100267413,2,9,0,3,0,1,0,0,0,0,2,1,6,2,6,1390,1,11,-1,-1
2013100267613,1,9,0,18,0,2,0,0,0,0,4,1,1,2,6,1598,2,1,9,1
2013100267713,1,9,0,9,0,8,0,0,0,0,1,1,6,1,9,1198,1,7,3,1
2013100267713,2,1,0,18,0,8,0,0,0,0,4,1,6,1,6,-1,-1,-1,6,1
2013100267813,1,21,0,11,0,0,0,0,0,0,1,1,6,3,-1,-1,-1,-1,-1,-1
2013100267813,2,9,0,18,0,0,0,0,0,0,2,1,6,2,4,1299,1,8,7,2
2013100267813,3,9,0,18,0,0,0,0,0,0,0,1,6,2,4,1560,2,7,9,2
2013100267913,1,9,0,3,0,0,0,0,0,0,1,1,1,1,7,1598,2,-1,10,1
2013100267913,2,9,0,3,0,0,0,0,0,0,1,1,1,1,9,1997,2,8,6,3
2013100267913,3,9,0,18,0,0,0,0,0,0,2,1,1,1,7,1999,1,6,10,1
2013100267913,4,9,0,18,0,0,0,0,0,0,2,1,1,1,8,2143,2,1,9,1
2013100267913,5,9,0,3,0,0,0,0,0,0,2,1,1,1,8,1984,1,4,7,1
2013100268313,1,9,0,9,0,5,0,0,0,0,0,1,6,2,11,1598,1,8,9,1
2013100268313,2,4,0,18,0,8,1,0,0,0,4,1,6,1,8,400,1,20,7,1
2013100268413,1,9,0,13,0,0,0,0,0,0,0,1,6,3,-1,-1,-1,-1,-1,-1
2013100268413,2,11,0,18,0,0,0,0,0,0,0,1,1,1,8,9600,2,15,3,1
2013100268513,1,9,0,18,0,1,0,0,0,0,4,1,6,2,6,1149,1,8,3,2
2013100268713,1,9,0,9,0,6,0,0,0,0,1,1,6,3,-1,1560,2,7,-1,-1
2013100268713,2,1,0,18,0,8,0,0,0,0,4,1,6,1,5,-1,-1,-1,9,1
2013100269113,1,9,0,16,0,0,0,0,0,0,3,1,6,2,7,1587,1,7,8,1
2013100269113,2,9,0,17,0,0,0,0,0,0,3,1,6,1,7,2495,2,21,3,2
2013100269213,1,9,0,18,0,1,1,0,0,0,1,1,1,1,4,1796,1,10,5,1
2013100269213,2,9,0,18,0,1,0,0,0,0,2,1,1,2,6,1596,1,10,9,1
2013100269213,3,9,0,18,0,1,0,0,0,0,2,1,2,1,8,2099,1,9,3,1
2013100269313,1,9,0,18,0,0,0,0,0,0,1,1,2,2,9,1998,1,5,6,1
2013100269313,2,9,0,18,0,0,0,0,0,0,2,1,2,1,8,1956,2,1,3,1
2013100269513,1,5,0,18,0,8,0,0,0,0,1,1,6,1,8,998,1,4,-1,-1
2013100269513,2,1,0,5,0,4,0,0,0,0,1,1,6,1,2,-1,-1,-1,5,2
2013100269713,1,9,0,9,0,5,0,0,0,0,1,1,1,1,8,1998,2,6,4,2
2013100270013,1,9,0,12,0,1,0,0,0,0,3,1,6,1,9,1198,1,9,4,1
2013100270013,2,9,0,18,0,1,0,0,0,0,1,1,6,2,7,1997,2,13,8,1
2013100270113,1,9,0,14,0,0,0,0,0,0,3,1,6,1,7,1997,2,9,4,1
2013100270113,2,9,0,18,0,0,0,0,1,0,3,1,6,1,6,1598,1,11,4,2
2013100270213,1,9,0,18,0,1,0,0,0,0,4,1,6,3,-1,-1,-1,-1,-1,-1
2013100270313,1,9,0,9,0,5,0,0,0,0,1,1,6,1,6,-1,-1,-1,3,1
2013100270313,2,9,0,18,0,8,0,0,0,0,1,1,6,1,4,1769,2,19,4,3
2013100270913,1,9,0,9,0,6,0,0,0,0,4,1,1,1,8,1995,2,11,7,1
2013100270913,2,1,0,18,0,8,0,0,0,0,1,1,6,1,3,-1,-1,-1,3,1
2013100271013,1,9,0,18,0,0,1,0,1,0,3,1,6,1,5,1199,1,11,8,1
2013100271013,2,21,0,18,0,0,0,0,0,0,3,1,1,1,6,11967,2,2,3,1
2013100271113,1,9,0,18,0,0,0,0,0,0,1,1,6,1,6,1242,1,11,10,1
2013100271113,2,1,0,18,0,0,0,0,1,0,2,1,6,2,7,-1,-1,-1,7,1
2013100271213,1,9,0,4,0,1,0,0,0,0,4,1,6,2,5,1598,1,11,6,1
2013100271213,2,1,0,18,0,6,0,0,0,0,1,1,6,2,6,-1,-1,-1,-1,-1
2013100271313,1,9,0,18,0,2,0,0,1,0,4,1,6,3,-1,-1,-1,-1,-1,-1
2013100271413,1,9,0,10,0,1,0,0,0,0,0,1,6,1,6,1896,2,11,-1,-1
2013100271413,2,4,0,18,0,1,5,0,0,0,3,1,6,1,5,124,1,7,5,1
2013100271513,1,9,0,7,0,6,0,0,0,0,1,1,6,2,6,1461,2,8,4,1
2013100271613,1,9,0,18,0,8,0,0,0,0,1,1,2,2,8,1329,1,4,6,1
2013100271613,2,1,0,18,0,8,0,0,0,0,1,1,2,1,7,-1,-1,-1,8,2
2013100271713,1,9,0,9,0,6,0,0,0,0,1,1,2,1,7,1598,2,2,7,1
2013100271713,2,9,0,18,0,1,0,0,0,0,3,1,6,1,8,1998,1,16,9,1
2013100272413,1,9,0,9,0,6,0,0,0,0,1,1,6,1,6,1995,1,8,1,1
2013100272413,2,9,0,18,0,8,0,0,0,0,1,1,6,1,8,1999,1,2,2,1
2013100272513,1,9,0,18,0,1,0,0,0,0,1,1,6,2,-1,1199,1,12,4,1
2013100272513,2,9,0,3,0,1,0,0,0,0,2,1,1,1,5,1364,1,6,5,1
2013100272713,1,9,0,18,0,1,0,7,0,0,1,1,6,1,10,2792,1,3,3,2
2013100272813,1,19,0,18,0,1,0,0,3,11,1,1,6,1,9,1995,2,9,2,1
2013100273513,1,9,0,9,0,6,0,0,0,0,1,1,2,2,6,1984,1,4,8,1
2013100273513,2,9,0,18,0,8,0,0,0,0,1,1,2,2,7,1598,1,2,6,1
2013100273913,1,8,0,9,0,5,0,0,0,0,1,1,1,1,6,1968,2,7,5,1
2013100274213,1,19,0,18,0,1,0,0,0,0,1,1,1,1,6,-1,-1,-1,1,1
2013100274213,2,9,0,3,0,1,0,0,0,0,2,1,6,1,6,1199,1,12,7,1
2013100274413,1,11,0,18,0,0,0,0,0,0,0,1,1,1,6,-1,2,12,1,1
2013100274513,1,11,0,9,2,5,0,0,0,0,0,1,6,1,9,9360,2,2,7,1
2013100274613,1,9,0,18,0,1,0,0,0,0,1,1,6,3,-1,-1,-1,-1,-1,-1
2013100274613,2,9,0,3,0,1,0,0,0,0,2,1,2,2,5,1240,1,8,3,1
2013100274713,1,9,0,9,0,5,0,0,0,0,1,1,6,1,9,1997,2,9,10,3
2013100274713,2,1,0,18,0,8,0,0,0,0,3,1,6,1,6,-1,-1,-1,10,3
2013100274913,1,9,0,4,0,0,1,0,0,0,1,1,6,3,-1,-1,-1,-1,-1,-1
2013100274913,2,9,0,3,0,0,0,0,0,0,2,1,6,2,7,999,1,3,3,1
2013100275813,1,9,0,7,0,8,0,0,0,0,4,1,6,1,5,1390,1,-1,3,1
2013100275813,2,1,0,18,0,8,0,0,0,0,3,1,6,1,8,-1,-1,-1,3,1
2013100275913,1,9,0,12,0,2,0,0,0,0,3,1,2,1,6,1796,1,8,8,1
2013100275913,2,5,0,18,0,2,0,0,0,0,4,1,2,1,7,656,1,4,5,2
2013100276013,1,3,0,18,0,8,5,0,0,0,1,1,6,1,4,124,1,3,4,1
2013100276013,2,11,0,18,0,8,0,0,0,0,4,1,1,1,10,4500,2,2,9,1
2013100276213,1,9,0,18,0,0,0,10,0,7,4,1,6,2,6,1968,2,4,9,1
2013100276613,1,9,0,18,0,8,0,0,0,0,1,1,2,1,6,1461,2,1,-1,-1
2013100276613,2,1,0,18,0,8,0,0,0,0,4,1,2,1,7,-1,-1,-1,-1,-1
2013100276713,1,9,0,18,0,1,0,0,0,0,1,1,6,1,7,1497,1,10,8,1
2013100276713,2,9,0,8,0,1,0,0,0,0,2,1,6,2,6,1198,1,3,-1,-1
2013100276813,1,9,0,5,0,1,0,0,0,0,1,1,6,3,-1,1587,1,11,-1,-1
2013100276813,2,9,0,8,0,1,0,0,0,0,2,1,6,2,8,1598,1,11,2,1
2013100276913,1,9,0,9,0,5,0,0,0,0,3,2,6,1,8,1686,2,2,7,1
2013100277413,1,9,0,5,0,8,0,0,0,0,1,1,6,1,7,1461,2,2,1,1
2013100277413,2,9,0,18,0,8,0,0,0,0,3,1,6,1,6,1896,2,8,2,1
2013100277513,1,9,0,18,0,0,2,4,0,0,1,1,6,1,4,998,1,15,5,1
2013100277513,2,9,0,2,0,0,0,0,7,11,4,1,6,3,-1,1199,1,10,5,1
2013100277513,3,9,0,2,0,0,0,0,0,0,4,1,6,3,-1,998,1,10,5,1
2013100277713,1,9,0,18,0,0,0,0,0,0,1,1,6,1,5,1796,1,10,4,1
2013100278213,1,9,0,13,0,0,0,0,0,0,1,1,6,1,6,1598,2,1,4,1
2013100278213,2,9,0,18,0,0,0,0,0,0,1,1,6,1,10,1589,1,15,-1,-1
2013100278213,3,9,0,13,0,0,0,0,0,0,0,1,6,3,-1,-1,-1,-1,-1,-1
2013100278213,4,21,0,18,0,0,0,0,0,0,0,1,6,3,-1,-1,-1,-1,-1,-1
2013100278413,1,9,0,18,0,0,0,0,0,0,4,1,6,2,11,995,1,7,2,1
2013100278513,1,21,1,11,0,0,0,0,0,0,4,1,1,1,6,12900,2,2,-1,-1
2013100278513,2,9,0,18,0,0,0,0,0,0,3,1,6,2,6,1360,1,10,2,1
2013100278613,1,9,0,18,0,8,0,0,0,0,0,1,6,3,-1,-1,-1,-1,-1,-1
2013100278613,2,2,0,18,0,8,1,0,0,0,0,1,6,1,8,125,1,2,4,1
2013100278713,1,9,0,18,0,1,0,0,0,0,1,1,6,2,7,1461,2,1,5,1
2013100278713,2,9,0,11,0,1,0,0,0,0,2,1,6,1,11,1149,1,4,2,1
2013100278813,1,9,0,18,0,0,0,0,0,0,3,1,6,3,-1,1560,2,6,-1,-1
2013100278913,1,9,0,18,0,8,0,0,0,0,3,1,6,1,9,2488,1,5,10,1
2013100278913,2,1,0,18,0,8,0,0,0,0,1,1,6,1,6,-1,-1,-1,5,1
2013100279013,1,3,0,18,0,0,0,0,0,0,0,1,6,1,6,-1,-1,-1,4,1
2013100279413,1,9,0,18,0,0,0,0,0,0,4,1,6,3,-1,-1,-1,-1,-1,-1
2013100279513,1,11,0,4,0,1,0,0,0,0,0,1,1,1,8,-1,-1,-1,3,2
2013100279613,1,11,0,4,0,0,0,0,0,0,0,1,1,1,10,4760,2,-1,-1,-1
2013100279713,1,9,0,18,0,1,0,0,0,0,1,1,6,1,5,1364,1,4,-1,-1
2013100279713,2,9,0,9,0,5,0,0,0,0,2,1,6,2,7,1368,1,3,2,2
2013100279813,1,9,0,9,0,5,0,0,0,0,4,1,6,2,4,1360,1,13,9,1
2013100279813,2,9,0,18,0,8,0,0,0,0,1,1,6,2,5,1149,1,12,4,1
2013100279913,1,9,0,18,0,1,0,0,0,0,1,1,6,2,-1,1998,2,10,8,1
2013100279913,2,9,0,3,0,1,0,0,0,0,2,1,6,2,6,1870,2,11,5,2
2013100280013,1,9,0,18,0,4,0,0,0,11,1,1,6,1,8,1124,1,7,5,1
2013100280013,2,9,0,9,0,8,0,0,0,0,4,1,6,1,5,1598,1,6,7,1
2013100280113,1,9,0,9,0,6,0,0,0,0,1,1,6,1,7,1596,1,11,1,1