Accident_Index,Vehicle_Reference,Vehicle_Type,Towing_and_Articulation,Vehicle_Manoeuvre,Vehicle_Location-Restricted_Lane,Junction_Location,Skidding_and_Overturning,Hit_Object_in_Carriageway,Vehicle_Leaving_Carriageway,Hit_Object_off_Carriageway,1st_Point_of_Impact,Was_Vehicle_Left_Hand_Drive?,Journey_Purpose_of_Driver,Sex_of_Driver,Age_Band_of_Driver,Engine_Capacity_(CC),Propulsion_Code,Age_of_Vehicle,Driver_IMD_Decile,Driver_Home_Area_Type
2013100316913,2,19,0,18,0,8,0,0,0,0,4,1,1,1,6,1968,2,3,6,1
2013100317113,1,9,0,18,0,0,0,0,0,0,3,1,6,2,5,1229,1,3,6,3
2013100317413,1,9,0,18,0,0,0,0,2,0,4,1,6,1,7,1985,1,13,1,1
2013100317713,1,9,0,9,0,5,0,0,0,0,4,1,6,1,4,1598,1,12,1,1
2013100317713,2,9,0,3,0,1,0,0,0,0,3,1,6,1,8,1896,2,10,3,1
2013100317713,3,9,0,2,0,1,0,0,0,0,3,1,6,1,-1,1199,2,1,-1,-1
2013100317813,1,5,0,18,0,0,1,10,1,11,1,1,6,1,5,599,1,17,1,1
2013100317913,1,9,0,9,0,6,0,0,0,0,1,1,6,1,10,1560,2,6,5,1
2013100317913,2,1,0,18,0,8,0,0,0,0,1,1,6,1,6,-1,-1,-1,2,1
2013100318013,1,9,0,12,0,0,0,0,0,0,0,1,6,3,-1,-1,-1,-1,-1,-1
2013100318013,2,9,0,18,0,0,1,0,4,6,2,1,2,1,8,-1,-1,-1,5,2
2013100318113,1,9,0,7,0,6,1,0,0,0,1,1,6,3,-1,-1,-1,-1,-1,-1
2013100318113,2,9,0,10,0,1,0,0,0,0,1,1,6,2,6,1598,1,4,-1,-1
2013100318213,1,9,0,4,0,0,0,0,0,0,1,1,1,2,5,1360,1,6,3,1
2013100318213,2,9,0,3,0,0,0,0,0,0,2,1,1,1,8,1796,1,9,2,1
2013100318313,1,17,0,16,0,0,2,0,0,0,3,1,1,1,7,-1,-1,-1,-1,-1
2013100318513,1,9,0,12,0,1,0,0,0,0,3,1,6,2,4,1229,1,8,2,1
2013100318513,2,9,0,18,0,1,0,0,0,0,4,1,6,2,6,998,1,5,6,1
2013100319113,1,3,0,18,0,1,0,0,0,0,1,1,6,2,5,125,1,9,2,1
2013100319113,2,19,0,5,0,1,0,0,0,0,2,1,1,1,7,2198,2,1,2,1
2013100319213,1,1,0,18,0,1,0,0,0,0,4,1,6,1,4,-1,-1,-1,3,1
2013100319213,2,9,0,18,0,1,0,0,0,0,1,1,6,1,7,1598,1,5,8,1
2013100319213,3,9,0,2,0,1,0,0,0,0,2,1,6,2,10,998,1,3,3,1
2013100319313,1,9,0,18,0,1,0,0,0,0,1,1,6,1,9,1896,2,11,8,1
2013100319313,2,9,0,9,0,1,0,0,0,0,1,1,6,2,7,1596,1,4,-1,-1
2013100319413,1,9,0,5,0,8,0,0,0,0,3,1,6,1,6,1968,2,1,6,1
2013100319413,2,9,0,5,0,8,0,0,0,0,1,1,6,1,4,1149,1,11,6,1
2013100319513,1,9,0,18,0,0,0,0,0,0,1,1,6,2,7,1598,1,11,4,1
2013100319513,2,9,0,3,0,0,0,0,0,0,2,1,2,2,8,2967,1,9,10,2
2013100319513,3,9,0,3,0,0,0,0,0,0,2,1,2,2,7,1598,1,8,4,1
2013100319613,1,9,0,4,0,1,0,0,0,0,1,1,2,1,6,1242,1,6,-1,-1
2013100319613,2,9,0,4,0,1,0,0,0,0,2,1,2,2,7,1242,1,1,2,1
2013100320113,1,1,0,9,0,6,0,0,0,0,1,1,6,1,7,-1,-1,-1,2,1
2013100320113,2,9,0,18,0,1,0,0,0,0,4,1,6,2,7,1598,1,11,10,1
2013100320213,1,19,0,18,0,0,0,0,0,0,1,1,1,1,7,2998,2,4,2,1
2013100320213,2,9,0,5,0,0,0,0,0,0,2,1,6,1,6,2429,1,12,6,1
2013100320313,1,22,0,18,9,8,0,10,0,0,1,1,6,1,11,-1,3,-1,-1,-1
2013100320613,1,9,0,18,0,4,0,0,0,0,3,1,6,1,5,1600,2,1,4,2
2013100320613,2,1,0,9,0,8,0,0,0,0,1,1,6,1,8,-1,-1,-1,9,1
2013100320813,1,9,0,9,0,5,0,0,0,0,4,1,6,1,11,1910,2,12,1,1
2013100320813,2,4,0,18,0,8,2,0,0,0,1,1,6,1,8,200,1,37,2,3
2013100320913,1,3,0,18,0,8,0,10,0,0,1,1,6,1,4,124,1,12,1,1
2013100321013,1,5,0,18,0,0,1,0,0,0,4,1,2,1,7,652,1,1,7,3
2013100321513,1,9,0,17,0,0,1,0,0,0,1,1,1,1,7,1997,2,10,3,1
2013100321513,2,11,0,16,0,0,0,0,1,0,1,1,1,1,9,-1,-1,-1,2,3
2013100321913,1,9,0,18,0,1,0,0,0,0,3,1,6,1,7,1686,2,7,10,1
2013100321913,2,1,0,9,0,6,0,0,0,0,1,1,6,1,5,-1,-1,-1,1,1
2013100322013,1,9,0,18,0,0,0,0,0,0,1,1,1,2,8,998,1,15,7,1
2013100322013,2,9,0,2,0,0,0,0,0,0,2,1,6,1,-1,1497,8,9,3,1
2013100322913,1,9,0,18,0,8,0,0,0,0,3,1,1,1,6,1596,1,1,-1,-1
2013100322913,2,1,0,18,0,8,0,0,0,0,1,1,4,1,4,-1,-1,-1,1,1
2013100323013,1,9,0,3,0,1,0,0,0,0,1,1,6,1,6,1896,2,6,4,1
2013100323013,2,1,0,18,0,2,0,0,0,0,1,1,6,1,2,-1,-1,-1,5,1
2013100323513,1,19,0,9,0,6,0,0,0,0,2,1,6,1,9,5880,2,15,8,1
2013100323513,2,1,0,18,0,8,0,0,0,0,1,1,6,1,8,-1,-1,-1,4,1
2013100323613,1,11,0,18,0,2,0,0,0,0,1,1,1,1,7,7300,2,11,2,1
2013100323813,1,11,0,7,0,6,0,0,0,0,1,1,1,1,7,9000,2,6,8,1
2013100323813,2,9,0,18,0,8,0,0,0,0,4,1,6,1,4,1360,1,15,7,1
2013100323913,1,19,0,4,0,1,0,0,0,0,2,1,1,1,6,1560,2,1,1,1
2013100323913,2,19,0,4,0,1,0,0,0,0,1,1,1,1,6,2402,2,3,3,1
2013100324013,1,9,0,18,0,1,0,0,0,0,1,1,6,2,5,1560,2,1,5,1
2013100324013,2,9,0,18,0,1,0,0,0,0,2,1,6,1,5,1390,1,11,1,1
2013100324213,1,19,0,18,0,0,0,0,0,0,0,1,6,3,-1,-1,-1,-1,-1,-1
2013100324213,2,3,0,18,0,0,0,0,0,0,3,1,6,1,5,124,1,13,4,2
2013100324613,1,9,0,13,0,1,0,0,0,0,0,1,6,3,-1,-1,-1,-1,-1,-1
2013100324613,2,3,0,4,0,1,1,0,0,0,4,1,6,1,5,124,1,1,3,2
2013100324813,1,9,0,18,0,8,0,0,0,0,4,1,6,2,9,-1,-1,-1,1,1
2013100324813,2,11,0,18,0,8,0,0,0,0,1,1,1,1,8,6871,2,9,2,1
2013100324913,1,9,0,3,0,0,0,0,0,0,1,1,6,1,9,1796,1,8,8,1
2013100324913,2,9,0,4,0,0,0,0,0,0,2,1,6,1,5,1596,1,9,2,1
2013100325113,1,9,0,11,0,2,0,0,0,0,1,1,1,1,5,-1,-1,-1,5,1
2013100325113,2,9,0,3,0,2,0,0,0,0,2,1,2,1,7,1686,2,11,7,1
2013100325213,1,9,0,18,0,1,0,0,0,0,1,1,6,2,6,1968,2,3,7,1
2013100325213,2,9,0,4,0,1,0,0,0,0,2,1,6,2,7,998,1,5,9,1
2013100325713,1,19,0,7,0,6,0,0,0,0,1,1,6,1,7,7146,2,4,-1,-1
2013100325713,2,9,0,7,0,6,0,0,0,0,3,1,6,1,6,1995,2,9,2,1
2013100325813,1,9,0,18,0,1,1,0,0,0,1,1,6,1,5,1198,1,10,1,1
2013100325813,2,9,0,10,0,1,0,0,0,0,2,1,6,2,7,1796,1,5,3,1
2013100326113,1,9,0,18,0,0,5,0,4,6,1,1,6,1,6,1596,1,5,1,1
2013100326113,2,9,0,4,0,0,0,0,0,0,2,1,6,2,6,-1,-1,-1,1,1
2013100326213,1,9,0,9,0,5,0,0,0,0,1,1,6,2,5,1390,1,4,9,2
2013100326213,2,1,0,18,0,8,0,0,0,0,1,1,6,1,5,-1,-1,-1,7,1
2013100326313,1,1,0,18,0,6,0,0,0,0,1,1,6,2,2,-1,-1,-1,3,1
2013100326313,2,9,0,18,0,8,0,0,0,0,3,1,6,2,7,1796,1,6,7,3
2013100326813,1,9,0,14,0,0,0,0,1,0,1,1,6,1,6,4172,1,17,3,1
2013100326813,2,9,0,2,0,0,0,0,0,0,2,1,6,1,8,1794,1,6,3,1
2013100326913,1,11,0,4,0,1,0,0,0,0,0,1,1,1,8,9000,2,11,2,1
2013100326913,2,9,0,10,0,1,0,0,0,0,0,1,6,3,-1,998,1,3,2,1
2013100327113,1,9,0,18,0,1,1,0,0,0,1,1,6,1,6,1998,2,13,7,1
2013100327113,2,9,0,8,0,1,0,0,1,10,2,1,6,1,8,1296,1,6,10,2
2013100327713,1,9,0,9,0,8,0,0,0,0,1,1,6,2,6,998,1,8,4,1
2013100327713,2,9,0,18,0,8,0,0,1,2,1,1,6,1,6,1560,2,2,8,1
2013100327813,1,11,0,18,0,8,0,0,0,0,0,1,1,2,9,6871,2,14,1,1
2013100328113,1,9,0,18,0,1,5,0,0,7,1,1,6,1,6,1582,2,-1,1,1
2013100328213,1,9,0,7,0,5,1,0,1,0,1,1,6,3,-1,1796,1,13,-1,-1
2013100328213,2,9,0,7,0,6,0,0,1,0,2,1,6,1,6,1956,2,2,5,1
2013100328313,1,9,0,18,0,8,0,0,0,0,3,1,6,2,4,998,1,13,2,1
2013100328313,2,19,0,7,0,8,0,0,0,0,4,1,6,1,8,-1,-1,-1,8,1
2013100328413,1,9,0,18,0,8,0,0,0,0,1,1,6,1,10,1560,2,1,1,2
2013100328413,2,9,0,18,0,8,0,0,0,0,4,1,6,1,9,1968,2,7,5,2
2013100328513,1,1,0,18,0,0,0,0,1,0,1,1,6,1,5,-1,-1,-1,-1,-1
2013100328813,1,9,0,5,0,1,0,0,0,0,1,1,1,1,6,-1,-1,-1,2,1
2013100328813,2,9,0,7,0,5,0,0,0,0,2,1,1,1,9,1796,1,12,4,2
2013100329313,1,9,0,18,0,0,0,0,0,0,4,1,6,2,6,1398,1,10,4,1
2013100329313,2,3,0,18,0,0,2,0,0,0,1,1,2,1,4,125,1,-1,4,1
2013100329713,1,9,0,13,0,0,0,0,0,0,4,1,6,1,6,1686,2,4,1,2
2013100329713,2,9,0,18,0,0,0,0,0,0,3,1,6,1,7,2993,2,1,7,1
2013100329713,3,9,0,18,0,0,0,0,0,0,3,1,6,1,7,1896,2,10,3,1
2013100329913,1,11,0,4,0,0,0,0,0,5,1,1,1,1,8,6700,2,6,3,1
2013100330013,1,9,0,13,0,0,0,0,0,0,2,1,6,1,7,1343,1,10,4,2
2013100330013,2,9,0,18,0,0,0,0,0,0,1,1,6,1,8,-1,-1,-1,7,1
2013100330113,1,9,0,7,0,5,0,0,0,0,1,1,6,2,7,1598,2,1,7,1
2013100330113,2,9,0,7,0,5,0,0,0,0,2,1,1,1,6,1998,2,8,1,1
2013100330213,1,9,0,18,0,1,0,4,0,0,1,1,1,2,5,-1,-1,-1,-1,2
2013100330213,2,19,0,2,0,1,0,0,0,0,2,1,6,3,-1,-1,-1,-1,-1,2
2013100330313,1,2,0,4,0,1,0,0,0,0,0,1,6,1,8,125,1,5,3,1
2013100330313,2,9,0,18,0,1,0,0,0,0,2,1,6,1,7,1595,1,6,4,2
2013100330313,3,9,0,18,0,1,0,0,0,0,2,1,6,1,9,1995,2,4,-1,2
2013100330313,4,9,0,18,0,1,0,0,0,0,2,1,1,1,6,1968,2,2,-1,3
2013100330413,1,9,0,11,0,0,0,0,0,0,1,1,6,2,7,1198,1,3,9,1
2013100330413,2,9,0,4,0,0,0,0,0,0,2,1,6,1,8,1968,2,3,10,1
2013100330713,1,9,0,18,0,0,0,0,0,0,1,1,6,1,6,1997,2,11,6,1
2013100330713,2,9,0,4,0,0,0,0,0,0,2,1,6,2,6,1198,1,1,9,1
2013100330813,1,9,0,18,0,1,0,0,0,0,1,1,6,2,8,1796,1,13,10,2
2013100330813,2,9,0,3,0,1,0,0,0,0,2,1,6,2,7,1968,2,1,8,1
2013100330913,1,9,0,14,0,8,0,0,0,0,1,1,6,1,8,1598,1,7,1,1
2013100331113,1,5,0,16,0,0,0,0,2,0,1,1,6,1,6,999,1,1,-1,-1
2013100331113,2,11,0,17,0,0,0,0,0,0,1,1,1,1,7,4500,2,3,5,1
2013100331113,3,5,0,16,0,0,0,0,2,0,1,1,6,1,7,1000,1,-1,-1,-1
2013100331113,4,9,0,17,0,0,0,0,0,0,1,1,6,2,-1,1560,2,7,7,3
2013100331213,1,3,0,18,0,0,0,0,1,7,1,1,6,1,4,124,1,7,1,1
2013100331313,1,9,0,18,0,2,1,0,0,0,1,1,6,1,5,1386,1,4,3,1
2013100331313,2,8,0,3,0,2,0,0,0,0,2,1,1,1,9,1896,2,6,7,1
2013100331813,1,11,0,18,0,0,0,0,0,0,4,1,1,2,9,4500,2,2,2,1
2013100332013,1,19,0,9,0,8,0,0,0,0,3,1,1,1,9,1248,2,3,10,1
2013100332013,2,5,0,18,0,3,0,0,0,0,4,1,2,1,7,599,1,8,5,1
2013100332113,1,3,0,11,0,8,0,0,0,0,1,1,2,1,4,125,1,1,9,1
2013100332113,2,9,0,18,0,4,0,0,0,0,1,1,2,2,6,1149,1,9,7,1
2013100332213,1,9,0,18,0,1,0,0,0,0,1,1,6,2,5,1390,1,7,6,1
2013100332213,2,9,0,3,0,1,0,0,0,0,2,1,6,2,7,1461,2,2,9,1
2013100332313,1,9,0,17,0,0,1,10,1,4,1,1,6,2,4,-1,-1,-1,7,1
2013100332413,1,9,0,17,0,0,1,0,0,0,2,1,2,1,5,1598,1,10,-1,-1
2013100332413,2,9,0,16,0,0,0,0,0,0,1,1,6,1,8,1797,8,4,-1,1
2013100332513,1,9,0,18,0,0,0,0,1,1,1,1,6,1,5,1328,1,6,1,1
2013100332513,2,9,0,18,0,0,0,0,0,0,0,1,6,1,7,1995,2,7,4,1
2013100332613,1,9,0,18,0,1,0,0,0,0,1,1,6,2,6,998,1,2,4,1
2013100332713,1,9,0,9,0,5,0,0,0,0,1,1,6,2,11,1242,1,6,5,2
2013100332713,2,9,0,18,0,8,0,0,0,0,1,1,6,2,8,1339,1,10,2,1
2013100332813,1,21,1,17,0,8,0,0,0,0,1,2,1,1,8,-1,-1,-1,-1,-1
2013100332813,2,9,0,13,0,8,0,0,0,7,1,1,6,2,8,998,1,7,2,1
2013100332913,1,1,0,9,0,6,0,0,0,0,3,1,6,1,4,-1,-1,-1,2,1
2013100332913,2,9,0,18,0,8,0,0,0,0,1,1,6,1,4,973,1,10,3,1
2013100333013,1,9,0,13,0,1,0,0,0,0,1,1,6,2,7,1396,1,4,-1,1
2013100333013,2,9,0,13,0,1,0,0,0,0,2,1,2,1,9,1997,1,8,10,1
2013100333013,3,21,1,18,0,1,0,0,0,0,3,1,1,1,7,10837,2,2,-1,1
2013100333213,1,9,0,18,0,0,0,0,0,0,1,1,6,1,7,1598,1,8,2,1
2013100333213,2,9,0,3,0,0,0,0,0,0,2,1,6,1,10,1598,1,6,2,1
2013100333213,3,9,0,3,0,0,0,0,0,0,2,1,6,1,5,1598,1,9,2,1
2013100333213,4,9,0,3,0,0,0,0,0,0,2,1,6,2,7,1598,2,1,6,1
2013100333313,1,9,0,18,0,4,0,0,0,0,3,1,6,3,-1,-1,-1,-1,-1,-1
2013100333313,2,1,0,18,0,8,0,0,0,0,1,1,6,1,11,-1,-1,-1,1,1
2013100333513,1,9,0,18,0,4,5,10,1,11,1,1,1,2,8,1198,1,-1,8,1
2013100333613,1,9,0,18,0,1,0,0,0,0,1,1,6,1,6,1560,2,2,7,2
2013100333613,2,9,0,3,0,1,0,0,0,0,2,1,6,1,8,-1,-1,-1,-1,-1
2013100333813,1,11,0,4,0,1,0,0,0,0,0,1,6,1,6,6700,2,2,3,1
2013100333913,1,9,0,18,0,0,0,0,0,0,1,1,3,2,7,2993,2,3,10,1
2013100334313,1,9,0,9,0,6,0,0,0,0,1,1,6,2,8,1587,1,8,3,1
2013100334313,2,19,0,18,0,8,0,0,0,0,3,1,6,1,7,2198,2,4,-1,-1
2013100334513,1,19,0,9,0,6,0,0,0,0,4,1,1,1,10,2151,2,10,10,2
2013100334513,2,9,0,18,0,8,0,0,1,0,1,1,6,2,9,-1,-1,-1,7,1
2013100334713,1,9,0,14,0,0,0,0,0,0,4,1,6,2,8,1769,1,9,5,1
2013100334913,1,9,0,18,0,8,0,0,0,0,1,1,2,1,6,998,1,9,1,1
2013100334913,2,1,0,9,0,6,0,0,0,0,1,1,6,1,7,-1,-1,-1,2,1
2013100335113,1,9,0,18,0,0,0,0,0,0,1,1,1,2,7,1598,1,10,9,1
2013100335113,2,9,0,3,0,0,0,0,0,0,2,1,6,1,7,1598,1,5,-1,-1
2013100335113,3,9,0,3,0,0,0,0,0,0,2,1,1,2,6,-1,-1,-1,1,1
2013100335313,1,9,0,11,0,8,0,0,0,0,2,1,6,3,-1,-1,-1,-1,-1,-1
2013100335313,2,8,0,18,0,8,0,0,0,0,2,1,6,1,-1,1560,2,3,1,1
2013100335613,1,9,0,18,0,1,2,0,0,0,4,1,6,2,-1,1248,1,3,7,1
2013100335613,2,20,0,2,0,1,0,0,0,0,0,1,1,1,7,5880,2,8,1,1
2013100335713,1,9,0,18,0,0,0,0,0,0,1,1,6,2,10,1796,1,5,6,3
2013100335713,2,9,0,4,0,0,0,0,0,0,2,1,6,1,5,1998,1,19,5,1
2013100335813,1,9,0,18,0,1,0,0,0,0,4,1,6,2,6,1995,2,-1,7,1
2013100336013,1,9,0,18,0,0,2,0,5,0,1,1,6,1,9,2495,2,12,-1,-1
2013100337113,1,9,0,12,0,7,0,0,0,7,4,1,2,1,5,1229,1,-1,2,1
2013100337113,2,11,0,11,0,8,0,0,0,0,3,1,1,1,7,6871,2,7,3,1
2013100337413,1,9,0,7,0,6,0,0,0,0,1,1,6,1,8,2184,2,7,5,1
2013100337413,2,1,0,18,0,8,0,0,0,0,4,1,6,1,10,-1,-1,-1,5,1
2013100337513,1,1,0,18,0,8,0,0,0,0,1,1,6,1,2,-1,-1,-1,4,1
2013100337513,2,9,0,9,0,6,0,0,0,0,4,1,6,1,5,1149,1,9,7,1
2013100337613,1,19,0,9,0,5,0,0,0,0,1,1,1,1,7,2151,2,11,1,1
2013100337813,1,9,0,18,0,1,0,0,0,0,1,1,6,2,6,998,1,9,5,1
2013100337813,2,9,0,10,0,1,0,0,0,0,2,1,1,1,7,2198,2,6,9,1
2013100338313,1,19,0,14,0,0,0,0,0,0,1,1,1,1,10,-1,-1,-1,3,2
2013100338413,1,9,0,18,0,0,0,0,0,0,1,1,6,1,5,1896,2,8,2,1
2013100338413,2,9,0,4,0,0,0,0,0,0,2,1,6,1,6,1242,1,6,1,1
2013100338613,1,9,0,9,0,6,0,0,0,0,1,1,2,1,5,1299,1,8,3,1
2013100338613,2,19,0,18,0,8,0,0,0,0,3,1,1,2,6,1995,2,1,-1,-1
2013100338613,3,19,0,3,0,1,0,0,0,0,0,1,1,1,7,1995,2,1,-1,-1
2013100338713,1,9,0,17,0,0,0,0,1,4,1,1,6,2,4,1686,2,8,4,3
2013100339013,1,3,0,16,0,0,1,0,0,0,1,1,6,1,4,-1,-1,-1,6,3
2013100339013,2,9,0,18,0,0,1,0,0,0,1,1,6,1,11,2401,2,8,6,3
2013100339513,1,9,0,18,0,0,0,0,1,1,1,1,6,1,8,1124,1,11,5,1
2013100339813,1,9,0,18,0,8,0,0,0,0,1,1,1,1,8,1598,1,11,2,1
2013100339813,2,9,0,9,0,5,1,0,0,11,4,1,6,1,4,1390,1,7,6,1
2013100339913,1,9,0,18,0,8,0,0,0,0,1,1,6,1,5,1998,1,7,10,2
2013100339913,2,9,0,18,0,8,1,10,0,0,4,1,1,1,7,1995,2,10,1,1
2013100340313,1,9,0,9,0,0,0,0,7,0,4,1,6,2,7,1461,2,2,3,1
2013100340313,2,9,0,18,0,0,1,0,0,0,1,1,6,1,5,1360,1,9,5,1
2013100340613,1,19,0,18,0,8,0,0,0,0,1,1,6,1,7,2198,2,1,2,1
2013100340613,2,2,0,18,0,3,0,0,0,0,1,1,6,1,4,49,1,5,4,1
2013100341013,1,9,0,18,6,0,0,0,0,0,1,1,6,1,11,1390,1,10,10,1
2013100341013,2,19,0,2,0,0,0,0,0,0,3,1,1,1,6,5193,2,-1,2,1
2013100341213,1,9,0,18,0,1,0,0,0,0,1,1,6,1,5,1560,2,8,4,1
2013100341313,1,9,0,18,0,1,0,0,0,0,1,1,6,2,5,1596,1,2,2,1
2013100341313,2,9,0,3,0,1,0,0,0,0,2,1,6,1,6,2996,1,4,5,1
2013100341413,1,9,0,18,0,8,1,0,1,10,1,1,6,1,5,1360,1,13,-1,-1
2013100341713,1,1,0,18,0,8,0,0,0,0,1,1,6,1,6,-1,-1,-1,1,1
2013100341713,2,9,0,18,0,8,0,0,0,0,1,1,2,2,8,1598,1,1,3,1
2013100342413,1,9,0,4,0,1,1,0,0,0,1,1,6,1,8,2354,1,9,9,1
2013100342413,2,9,0,3,0,1,0,0,0,0,2,1,6,2,7,1299,1,8,8,1
2013100342713,1,9,0,7,0,6,0,0,0,0,4,1,6,1,8,1598,1,8,2,1
2013100342713,2,3,0,18,0,8,0,0,2,0,1,1,6,2,6,124,1,7,-1,-1
2013100343213,1,9,0,9,0,5,0,0,0,0,3,1,6,1,8,1769,1,7,-1,2
2013100343213,2,5,0,18,0,1,0,0,0,0,1,1,6,1,9,1352,1,4,9,1
2013100343313,1,11,0,4,0,1,0,0,0,0,0,1,1,2,5,7300,2,13,4,1
2013100343413,1,9,0,16,0,2,0,0,0,0,3,1,6,1,11,1560,2,2,5,2
2013100343413,2,21,1,17,0,1,0,0,0,0,2,1,1,1,6,12419,2,2,2,1
2013100343513,1,19,0,16,0,0,1,0,0,0,1,1,1,1,5,5861,2,12,-1,3
2013100343513,2,21,0,17,0,0,0,0,0,0,1,1,1,1,8,11021,2,7,-1,2
2013100343613,1,9,0,18,0,0,0,0,0,0,1,1,6,1,9,1587,1,7,6,1
2013100343613,2,9,0,18,0,0,0,0,0,0,1,1,6,2,7,1242,1,-1,6,2
2013100343613,3,9,0,18,0,0,0,0,0,0,1,1,6,2,8,1198,1,8,7,1
2013100344113,1,9,0,13,0,2,0,0,0,0,4,1,6,2,7,1560,2,1,5,1
2013100344113,2,1,0,18,0,2,0,0,0,0,1,1,1,1,8,-1,-1,-1,10,1
2013100344913,1,9,0,5,0,1,0,0,0,0,1,1,1,1,-1,1896,2,12,2,1
2013100344913,2,9,0,3,0,1,0,0,0,0,2,1,1,1,6,1998,1,4,-1,-1
2013100345013,1,9,0,18,0,0,0,0,0,0,1,1,6,1,-1,1560,2,2,9,1
2013100345013,2,9,0,3,0,0,0,0,0,0,2,1,6,1,4,1598,1,7,9,1
2013100345013,3,9,0,3,0,0,0,0,0,0,2,1,6,1,8,1896,2,5,6,3
2013100345213,1,9,0,18,0,0,0,0,0,0,1,1,1,2,8,1397,1,-1,9,2
2013100345313,1,9,0,18,0,1,0,0,0,0,4,1,6,1,7,1461,2,-1,2,1
2013100345513,1,9,0,18,0,0,0,0,1,7,1,1,6,1,5,1248,2,10,9,1
2013100345613,1,9,0,6,0,0,0,0,0,0,3,1,6,1,9,-1,-1,-1,7,1
2013100345613,2,5,0,14,0,0,0,0,0,0,4,1,1,1,7,782,1,5,5,1
2013100345813,1,9,0,11,0,8,0,0,0,0,4,1,6,2,11,1388,1,1,5,1
2013100345813,2,10,0,18,0,8,0,0,0,0,3,1,1,1,6,-1,-1,-1,1,1
2013100346013,1,9,0,18,0,0,0,0,0,0,1,1,6,2,7,1389,1,10,5,1
2013100346013,2,9,0,3,0,0,0,0,0,0,2,1,6,1,9,1956,2,4,5,1
2013100346113,1,9,0,9,0,5,0,0,0,0,4,1,6,2,6,1497,1,12,1,1
2013100346113,2,1,0,18,0,1,0,0,0,0,1,1,6,1,6,-1,-1,-1,2,1
2013100346413,1,11,0,4,0,0,0,0,0,0,0,1,1,1,8,9000,2,12,1,1
2013100346513,1,9,0,3,0,0,0,0,0,0,4,1,6,1,8,2148,2,6,2,1
2013100346613,1,9,0,18,0,1,0,0,0,0,1,1,6,1,9,1560,2,7,9,2
2013100346713,1,9,0,9,0,6,0,0,0,0,1,1,6,3,-1,-1,-1,-1,-1,-1
2013100346713,2,5,0,18,0,8,0,0,0,0,1,1,6,1,8,499,1,6,4,1
2013100346813,1,9,0,18,0,8,0,0,0,0,1,1,6,1,7,1596,1,13,2,1
2013100346813,2,1,0,9,0,5,0,0,0,0,2,1,2,1,8,-1,-1,-1,2,1
2013100347013,1,9,0,4,0,1,0,0,0,0,4,1,6,1,7,1597,1,14,6,1
2013100347013,2,1,0,18,0,6,0,0,0,0,1,1,6,2,9,-1,-1,-1,-1,-1
2013100347313,1,9,0,1,0,0,0,0,0,0,2,1,6,1,8,1584,1,7,7,1
2013100347313,2,9,0,2,0,0,0,0,0,0,1,1,6,2,5,1149,1,10,2,1
2013100347813,1,9,0,5,0,4,0,0,0,0,1,1,6,2,-1,1753,2,8,3,1
2013100347813,2,9,0,18,0,8,0,0,0,0,4,1,1,2,4,1242,1,-1,8,2
2013100348013,1,9,0,18,0,0,0,0,0,0,1,1,6,3,-1,1598,1,12,-1,-1
2013100348013,2,9,0,18,0,0,0,0,0,0,2,1,6,1,6,1796,1,8,1,1
2013100348113,1,9,0,3,0,1,0,0,0,0,2,1,6,1,7,1598,1,1,3,1
2013100348113,2,9,0,18,0,1,0,0,0,0,1,1,6,1,6,1596,1,12,1,1
2013100348213,1,9,0,9,0,6,0,0,0,0,3,1,1,2,5,999,1,1,5,1
2013100348213,2,9,0,18,0,8,0,0,0,0,1,1,3,1,4,796,1,13,4,1
2013100348313,1,9,0,1,0,0,0,0,0,0,2,1,6,3,-1,-1,-1,-1,-1,-1
2013100348513,1,1,0,18,0,8,0,0,0,0,1,1,2,1,6,-1,-1,-1,2,1
2013100348513,2,9,0,18,0,8,0,0,0,0,1,1,3,2,7,1910,2,8,3,1
2013100348713,1,9,0,2,0,2,0,0,0,0,3,1,6,2,6,1997,1,1,3,1
2013100348713,2,1,0,18,0,2,5,0,0,0,4,1,6,1,8,-1,-1,-1,4,1
2013100349013,1,9,0,18,0,0,0,0,0,0,4,1,6,3,-1,-1,-1,-1,-1,-1
2013100349313,1,11,0,14,0,0,0,0,0,0,1,1,1,1,6,9600,2,13,4,2
2013100349313,2,9,0,18,0,0,1,0,0,0,1,1,6,2,6,1242,1,12,3,2
2013100349513,1,9,0,17,0,0,2,0,0,0,3,1,1,1,6,1396,1,15,3,1
2013100349613,1,19,0,17,0,0,2,6,7,11,4,1,1,1,6,1461,2,4,3,1
2013100349813,1,11,0,4,0,0,0,0,0,0,0,1,1,1,8,9600,2,13,3,1
2013100349813,2,9,0,4,0,0,0,0,0,0,0,1,6,3,-1,-1,-1,-1,-1,-1
2013100349913,1,9,0,12,0,0,0,0,0,0,3,1,6,2,5,1198,1,-1,6,1
2013100349913,2,9,0,18,0,0,5,0,0,0,4,1,6,1,7,1596,1,10,3,1