Accident_Index,Vehicle_Reference,Vehicle_Type,Towing_and_Articulation,Vehicle_Manoeuvre,Vehicle_Location-Restricted_Lane,Junction_Location,Skidding_and_Overturning,Hit_Object_in_Carriageway,Vehicle_Leaving_Carriageway,Hit_Object_off_Carriageway,1st_Point_of_Impact,Was_Vehicle_Left_Hand_Drive?,Journey_Purpose_of_Driver,Sex_of_Driver,Age_Band_of_Driver,Engine_Capacity_(CC),Propulsion_Code,Age_of_Vehicle,Driver_IMD_Decile,Driver_Home_Area_Type
2013100350013,1,3,0,18,0,8,0,10,0,0,1,1,6,1,4,125,1,-1,5,1
2013100350113,1,1,0,18,0,6,0,0,0,0,1,1,6,2,7,-1,-1,-1,4,1
2013100350113,2,9,0,16,0,2,0,0,0,0,1,1,6,1,10,1000,1,-1,3,2
2013100350313,1,9,0,18,0,0,1,0,0,0,1,1,6,1,6,2170,2,9,4,1
2013100350413,1,11,0,18,0,1,0,0,0,0,0,1,1,1,7,9000,2,6,5,3
2013100350513,1,19,0,7,0,3,0,0,0,0,4,1,2,1,9,1998,2,10,2,2
2013100350513,2,1,0,18,0,8,0,0,0,0,1,1,2,2,6,-1,-1,-1,-1,-1
2013100350613,1,19,0,18,0,8,0,0,0,0,4,1,1,1,4,2402,2,2,-1,-1
2013100350613,2,1,0,18,0,1,0,0,0,0,1,1,6,1,3,-1,-1,-1,3,1
2013100350713,1,9,0,18,0,1,1,0,0,0,1,1,6,3,-1,1994,1,8,-1,-1
2013100350713,2,9,0,3,0,1,0,0,0,0,2,1,2,1,6,1598,1,8,5,1
2013100351513,1,8,0,18,0,0,0,0,7,3,1,1,1,1,9,1896,2,7,2,1
2013100351513,2,9,0,2,0,0,0,0,0,0,2,1,6,1,-1,1596,1,10,4,1
2013100351713,1,9,0,18,0,1,0,0,0,0,1,1,6,1,7,1896,2,16,-1,-1
2013100351713,2,9,0,4,0,1,0,0,0,0,2,1,6,1,11,1596,1,5,5,1
2013100351713,3,9,0,10,0,1,0,0,0,0,2,1,6,2,6,1461,2,7,-1,-1
2013100351813,1,9,0,18,0,1,0,0,0,0,1,1,6,2,7,1870,2,10,2,1
2013100351813,2,9,0,3,0,1,0,0,0,0,2,1,6,1,11,1396,1,16,7,1
2013100351813,3,19,0,10,0,1,0,0,0,0,2,1,1,1,8,2400,2,9,3,1
2013100351913,1,11,0,18,0,8,0,0,0,0,4,1,1,1,9,6871,2,14,2,1
2013100352013,1,9,0,17,0,8,0,0,0,0,3,2,6,1,9,-1,-1,-1,-1,-1
2013100352013,2,5,0,18,0,8,0,0,0,0,4,1,6,1,9,1299,1,7,6,1
2013100352113,1,9,0,17,0,1,0,0,0,0,3,1,6,2,4,1229,1,5,8,1
2013100352113,2,9,0,16,0,1,0,0,0,0,3,1,6,2,10,1242,1,3,10,1
2013100354013,1,19,0,18,0,1,0,0,0,0,1,1,1,1,8,-1,-1,-1,-1,-1
2013100354013,2,3,0,10,0,1,1,0,0,0,2,1,6,1,6,124,1,4,-1,-1
2013100354113,1,9,0,18,0,1,0,0,0,0,1,1,6,2,5,1596,1,4,5,1
2013100354113,2,9,0,3,0,1,0,0,0,0,2,1,6,2,8,1997,2,3,10,1
2013100354213,1,9,0,18,0,8,0,0,0,0,3,1,6,1,9,-1,-1,-1,2,1
2013100354213,2,9,0,9,0,8,0,0,0,0,4,1,6,2,5,1598,1,9,1,1
2013100354313,1,9,0,18,0,1,0,0,0,0,1,1,6,3,-1,-1,-1,-1,-1,-1
2013100354313,2,9,0,3,0,1,0,0,0,0,2,1,1,1,9,2354,1,9,8,1
2013100354413,1,9,0,9,0,5,0,0,0,0,3,1,6,1,8,1598,1,10,6,3
2013100354413,2,1,0,13,0,1,0,0,0,0,1,1,6,1,6,-1,-1,-1,-1,-1
2013100354513,1,5,0,18,0,0,1,0,0,0,4,1,6,1,8,650,1,17,3,1
2013100354713,1,9,0,18,0,0,0,0,0,0,0,1,1,3,-1,-1,-1,-1,-1,-1
2013100354713,2,21,1,18,0,0,0,0,7,4,3,1,1,1,9,10837,2,-1,-1,-1
2013100354813,1,9,0,18,0,8,0,0,0,0,1,1,6,1,-1,1997,1,4,10,1
2013100354813,2,9,0,18,0,8,0,0,0,0,3,1,6,1,8,1242,1,10,2,1
2013100355013,1,9,0,9,0,5,0,0,0,0,4,1,6,1,6,1896,2,5,-1,2
2013100355013,2,9,0,18,0,8,0,0,0,0,1,1,6,1,6,2967,2,1,1,1
2013100355213,1,9,0,9,0,8,0,0,0,0,4,1,6,2,6,1753,2,6,9,1
2013100355213,2,9,0,18,0,8,0,0,0,0,1,1,6,2,8,1598,1,9,4,1
2013100355613,1,9,0,18,0,1,0,0,0,0,1,1,6,3,-1,1388,1,6,-1,-1
2013100355613,2,19,0,10,0,1,0,0,0,0,2,1,1,1,8,2148,2,8,2,1
2013100356113,1,9,0,18,0,0,0,0,0,0,1,1,6,3,-1,1984,1,5,-1,-1
2013100356513,1,9,0,11,0,0,0,0,0,0,4,1,6,2,10,1086,1,4,8,2
2013100356513,2,9,0,18,0,0,0,0,0,0,3,1,6,2,4,1242,1,3,6,1
2013100356713,1,3,0,7,0,6,0,0,0,0,1,1,2,1,5,124,1,9,8,2
2013100356713,2,9,0,4,0,1,0,0,0,0,1,1,1,2,8,1560,2,4,4,1
2013100356713,3,9,0,18,0,1,0,0,0,0,1,1,1,2,5,1798,1,6,2,1
2013100357013,1,9,0,9,0,6,0,0,0,0,1,1,2,1,6,1997,2,11,3,1
2013100357013,2,5,0,18,0,8,0,0,0,0,1,1,6,1,7,1157,1,13,7,1
2013100357113,1,11,0,18,0,0,0,12,0,0,1,1,1,1,8,6370,2,3,2,1
2013100357213,1,9,0,9,0,6,0,0,0,0,4,1,2,1,8,1896,2,9,6,1
2013100357213,2,9,0,18,0,8,0,0,0,0,3,1,6,2,8,1997,1,14,3,1
2013100357413,1,9,0,9,0,5,0,0,0,0,2,1,6,2,5,1870,2,9,4,3
2013100357413,2,9,0,18,0,8,0,0,0,0,1,1,6,1,9,1397,1,6,9,3
2013100357513,1,9,0,18,0,8,0,0,0,0,3,1,6,1,5,1199,1,9,7,1
2013100357513,2,9,0,18,0,8,0,0,0,1,1,1,6,2,8,2231,2,2,9,3
2013100358113,1,9,0,18,0,1,0,0,0,0,1,1,1,1,8,1397,1,5,4,2
2013100358113,2,9,0,3,0,1,0,0,0,0,2,1,6,2,8,998,1,13,3,1
2013100358513,1,9,0,15,0,0,0,4,0,1,1,1,6,1,6,1396,1,11,1,1
2013100358513,2,9,0,2,0,0,0,0,0,0,3,1,1,1,7,2993,2,5,-1,-1
2013100358713,1,11,0,5,0,0,0,0,0,0,1,1,1,1,5,9360,2,2,8,1
2013100358913,1,19,0,18,0,8,0,0,0,0,2,1,6,1,-1,2402,2,6,7,1
2013100358913,2,9,0,18,0,8,0,0,0,0,1,1,6,1,8,1240,1,8,3,1
2013100359013,1,9,0,9,0,5,0,0,0,0,1,1,6,1,5,1149,1,6,5,1
2013100359013,2,9,0,18,0,8,0,0,0,0,1,1,6,2,6,1368,1,5,2,1
2013100359113,1,21,0,12,0,0,1,0,0,0,1,1,1,1,7,4250,2,8,1,1
2013100359113,2,9,0,3,0,0,0,0,1,0,2,1,6,2,-1,998,1,13,7,1
2013100359113,3,9,0,3,0,0,1,0,0,0,2,1,6,3,-1,-1,-1,-1,-1,-1
2013100359113,4,9,0,18,0,0,0,0,0,0,2,1,6,2,5,1199,1,11,1,1
2013100359113,5,9,0,3,0,0,0,0,0,0,2,1,6,1,8,1997,2,3,7,1
2013100359113,6,9,0,3,0,0,0,0,0,0,2,1,6,1,5,1390,1,6,7,3
2013100359113,7,9,0,18,0,0,0,0,0,0,1,1,6,2,5,1598,1,13,2,1
2013100359413,1,9,0,18,0,8,2,0,1,6,4,1,6,1,11,1995,2,7,6,2
2013100359413,2,9,0,18,0,7,0,0,1,4,3,1,6,2,11,1339,1,6,10,1
2013100359513,1,9,0,18,0,0,0,0,0,0,1,1,2,2,7,1242,1,1,6,3
2013100359513,2,9,0,3,0,0,0,0,0,0,2,1,2,2,7,1995,2,2,10,2
2013100359513,3,9,0,3,0,0,0,0,0,0,2,1,2,1,5,-1,-1,-1,10,2
2013100359513,4,9,0,3,0,0,0,0,0,0,2,1,6,1,6,1995,2,10,5,1
2013100359713,1,9,0,18,0,0,1,0,1,4,1,1,2,1,8,1598,1,14,6,3
2013100359813,1,9,0,9,0,5,0,0,0,0,1,1,6,1,9,1686,2,-1,1,1
2013100360013,1,9,0,9,0,4,0,0,0,0,1,1,6,1,5,2179,2,11,9,1
2013100360013,2,3,0,18,0,8,2,0,0,0,1,1,6,1,4,125,1,6,2,1
2013100360313,1,9,0,18,0,8,0,0,0,0,1,1,6,1,8,1799,1,7,4,1
2013100360313,2,5,0,18,0,8,5,0,0,0,3,1,6,1,6,636,1,8,1,1
2013100360413,1,9,0,18,0,0,0,0,0,0,1,1,6,2,4,998,1,11,5,2
2013100360413,2,9,0,18,0,0,0,0,0,0,1,1,2,1,7,1560,2,8,4,1
2013100360413,3,9,0,3,0,0,0,0,0,0,2,1,2,1,8,1798,8,1,10,1
2013100360513,1,19,0,18,0,8,0,0,0,0,1,1,6,1,5,2402,2,7,4,1
2013100360513,2,9,0,18,0,8,0,0,0,0,4,1,1,2,7,1149,1,3,4,1
2013100360613,1,9,0,18,0,0,0,0,0,0,1,1,2,1,7,1984,1,4,9,1
2013100360613,2,9,0,4,0,0,0,0,0,0,2,1,6,2,6,1596,1,6,7,1
2013100360613,3,9,0,4,0,0,0,0,0,0,2,1,2,2,8,1461,2,3,8,1
2013100360813,1,9,0,18,0,1,0,0,0,0,1,1,3,2,7,2148,2,8,10,1
2013100360813,2,9,0,3,0,2,0,0,0,0,2,1,6,2,8,1797,8,2,10,1
2013100360813,3,9,0,3,0,2,0,0,0,0,2,1,6,2,8,-1,-1,-1,6,1
2013100360813,4,9,0,3,0,2,0,0,0,0,2,1,6,2,7,1560,2,3,8,1
2013100361013,1,9,0,9,0,6,0,0,0,0,1,1,2,1,8,1995,2,3,9,1
2013100361013,2,1,0,18,0,8,0,0,0,0,4,1,6,2,6,-1,-1,-1,9,1
2013100361213,1,19,0,11,0,1,0,0,0,0,4,1,1,1,11,-1,-1,-1,10,1
2013100361213,2,1,0,18,0,1,0,0,0,0,4,1,2,1,7,-1,-1,-1,10,1
2013100361313,1,9,0,14,0,0,0,0,0,0,3,1,6,2,10,1242,1,8,7,1
2013100361713,1,8,0,18,0,1,0,0,0,0,1,1,1,1,7,1997,2,7,2,1
2013100361713,2,9,0,3,0,1,0,0,0,0,2,1,1,2,7,2000,2,7,1,1
2013100361813,1,9,0,13,0,0,0,0,0,0,4,1,6,2,7,1560,2,8,-1,-1
2013100361813,2,1,0,18,0,0,0,0,0,0,2,1,6,1,8,-1,-1,-1,5,1
2013100361913,1,19,0,18,0,0,0,0,0,0,1,1,6,3,-1,-1,-1,-1,-1,-1
2013100362013,1,9,0,9,0,6,0,0,0,11,1,1,6,2,6,875,1,1,6,1
2013100362013,2,9,0,18,0,1,0,0,0,11,3,1,6,1,5,1388,1,6,-1,-1
2013100362413,1,9,0,18,0,1,0,0,0,0,1,1,6,3,-1,-1,-1,-1,-1,-1
2013100362813,1,9,0,18,0,8,0,0,0,0,1,1,6,3,-1,1984,1,9,-1,-1
2013100362813,2,1,0,9,0,8,0,0,0,0,4,1,6,1,7,-1,-1,-1,4,1
2013100362913,1,9,0,9,0,5,0,0,0,0,1,1,6,1,8,1968,2,5,1,1
2013100362913,2,1,0,18,0,8,0,0,0,0,1,1,6,1,7,-1,-1,-1,4,1
2013100363013,1,19,0,18,0,1,0,0,0,0,1,1,1,1,10,1896,2,4,8,3
2013100363013,2,9,0,3,0,1,0,0,0,0,2,1,6,1,10,1596,1,1,10,1
2013100363013,3,9,0,10,0,1,0,0,0,0,2,1,6,1,9,-1,-1,-1,7,1
2013100363213,1,19,0,18,0,1,0,0,0,0,1,1,6,3,-1,-1,-1,-1,-1,-1
2013100363213,2,19,0,3,0,1,0,0,0,0,2,1,1,2,6,-1,-1,-1,-1,-1
2013100363713,1,90,0,12,0,4,0,0,0,0,1,2,6,1,8,-1,-1,-1,-1,-1
2013100363713,2,9,0,18,0,4,0,0,0,0,4,1,6,1,6,1598,1,5,5,1
2013100364513,1,9,0,18,0,6,0,0,0,0,4,1,6,1,-1,1598,2,2,1,1
2013100364513,2,11,0,18,2,1,0,0,0,0,3,1,1,2,7,11967,2,5,1,1
2013100364713,1,9,0,18,0,1,0,0,0,0,1,1,6,1,8,1796,1,12,-1,-1
2013100364713,2,1,0,7,0,6,0,0,0,0,1,1,6,1,2,-1,-1,-1,2,1
2013100365213,1,9,0,9,0,6,0,0,0,0,2,1,6,1,8,1994,2,9,1,1
2013100365213,2,11,0,18,0,1,0,0,0,0,1,1,1,1,8,6370,2,5,3,1
2013100365313,1,9,0,5,0,1,0,0,0,0,1,1,6,1,9,1598,1,8,4,1
2013100365313,2,9,0,3,0,1,0,0,0,0,2,1,2,2,8,1242,1,1,5,2
2013100365713,1,9,0,9,0,5,0,0,0,0,4,1,2,1,7,1390,1,3,7,1
2013100365713,2,1,0,18,0,8,0,0,0,0,1,1,2,1,9,-1,-1,-1,10,1
2013100366013,1,9,0,13,0,0,0,0,0,0,4,1,6,3,-1,-1,-1,-1,-1,-1
2013100366013,2,1,0,18,0,0,0,0,0,0,3,1,6,1,8,-1,-1,-1,3,1
2013100366113,1,9,0,4,0,0,0,0,0,0,4,1,6,1,11,1329,1,-1,5,2
2013100366313,1,11,0,18,0,1,0,0,0,0,1,1,1,1,7,6700,2,5,3,1
2013100366313,2,9,0,7,0,5,0,0,0,0,2,1,6,1,6,998,1,16,1,1
2013100366513,1,9,0,9,0,8,0,0,0,0,1,1,1,1,6,-1,-1,-1,8,3
2013100366513,2,9,0,18,0,1,0,0,0,0,1,1,2,2,6,1242,1,4,1,1
2013100366813,1,19,0,1,0,8,0,0,0,0,2,1,2,1,6,-1,-1,-1,4,1
2013100366813,2,1,0,18,0,8,0,0,0,0,4,1,6,2,7,-1,-1,-1,-1,-1
2013100367113,1,9,0,18,0,0,0,0,0,0,1,1,6,1,6,2720,2,4,-1,-1
2013100367113,2,9,0,4,0,0,0,0,0,0,2,1,6,1,11,1149,1,14,1,1
2013100367313,1,9,0,5,0,1,0,0,0,0,1,1,6,2,11,1149,1,3,7,3
2013100367313,2,9,0,8,0,1,0,0,0,0,2,1,1,1,8,-1,-1,-1,5,1
2013100367613,1,11,0,5,0,0,0,0,0,0,0,1,1,1,6,3900,2,8,3,2
2013100367813,1,9,0,6,0,8,0,0,0,0,3,1,2,1,7,1368,1,7,2,1
2013100367813,2,3,0,13,0,8,0,0,0,0,4,1,2,1,6,-1,-1,-1,3,2
2013100368213,1,9,0,5,0,8,0,0,0,0,1,1,6,3,-1,1560,2,8,-1,-1
2013100368213,2,1,0,18,0,8,0,0,0,0,2,1,6,1,8,-1,-1,-1,3,1
2013100368713,1,9,0,16,0,1,0,0,0,0,1,1,2,2,7,1796,1,4,9,1
2013100368713,2,9,0,16,0,1,0,0,0,0,2,1,2,1,9,1560,2,2,10,2
2013100369013,1,9,0,4,0,0,0,0,0,0,1,1,2,1,6,1596,1,13,2,1
2013100369013,2,9,0,3,0,0,0,0,0,0,2,1,6,2,8,1198,1,-1,9,2
2013100369313,1,9,0,4,0,1,0,0,0,0,1,1,6,1,-1,1598,1,3,10,1
2013100369313,2,9,0,3,0,1,0,0,0,0,2,1,2,2,6,1149,1,6,2,1
2013100369413,1,9,0,9,0,5,0,0,0,0,1,1,6,1,7,1679,1,14,-1,-1
2013100369413,2,1,0,18,0,8,0,0,0,0,1,1,2,1,6,-1,-1,-1,5,1
2013100369813,1,9,0,18,0,0,0,0,0,0,1,1,6,3,-1,1686,2,2,-1,-1
2013100369813,2,19,0,18,0,0,0,0,0,0,2,1,2,1,6,1870,2,8,5,2
2013100369913,1,9,0,4,0,8,0,0,0,0,1,1,6,1,10,1596,1,9,3,2
2013100369913,2,9,0,4,0,8,0,0,0,0,2,1,6,2,4,1124,1,15,-1,2
2013100370213,1,9,0,7,0,5,0,0,0,0,1,1,6,1,-1,-1,-1,-1,-1,-1
2013100370213,2,1,0,18,0,1,1,0,0,0,1,1,2,1,5,-1,-1,-1,7,1
2013100370613,1,3,0,18,0,1,0,0,0,0,1,1,1,1,4,124,1,6,2,1
2013100370613,2,9,0,10,0,1,0,0,0,0,2,1,3,1,7,-1,-1,-1,3,2
2013100370813,1,9,0,17,0,8,1,0,0,0,1,1,6,1,4,2697,2,7,-1,-1
2013100370913,1,9,0,4,0,1,0,0,0,0,4,1,6,1,7,1970,1,13,1,1
2013100371113,1,9,0,9,0,7,0,0,0,0,4,1,2,1,7,1968,2,3,7,3
2013100371113,2,9,0,18,0,8,0,0,4,0,3,1,2,2,7,1997,2,6,10,1
2013100371613,1,11,0,4,2,1,0,0,0,0,0,1,1,1,8,9000,2,8,2,1
2013100371913,1,9,0,9,0,6,0,0,0,0,3,2,6,1,10,1905,2,15,-1,-1
2013100371913,2,1,0,4,0,1,0,0,0,0,1,1,2,2,7,-1,-1,-1,3,1
2013100372013,1,9,0,7,0,6,0,0,0,0,1,1,6,1,7,1994,2,15,2,1
2013100372013,2,9,0,18,0,8,0,0,0,0,1,1,6,1,10,1598,2,1,3,1
2013100372113,1,9,0,1,0,1,0,0,0,0,2,1,6,1,5,1149,1,9,2,1
2013100372113,2,1,0,18,0,1,0,0,0,0,1,1,1,1,4,-1,-1,-1,-1,-1
2013100372213,1,9,0,18,0,0,0,0,0,0,1,1,6,1,11,1560,2,6,-1,-1
2013100372213,2,9,0,18,0,0,0,0,0,0,1,1,6,1,9,-1,-1,-1,5,1
2013100373113,1,9,0,18,0,0,0,0,0,0,1,1,6,2,5,998,1,3,7,2
2013100373113,2,9,0,3,0,0,0,0,0,0,2,1,1,2,5,998,1,1,1,1
2013100373213,1,11,0,18,0,0,0,0,0,0,0,1,1,1,9,6370,2,5,2,1
2013100373413,1,9,0,18,0,1,1,0,5,0,1,1,2,1,8,2979,1,12,8,2
2013100373613,1,9,0,3,0,0,0,0,0,0,1,1,6,1,10,1598,2,1,5,1
2013100373613,2,90,0,2,0,0,0,0,0,0,2,1,1,2,5,2143,2,4,2,1
2013100373713,1,9,0,9,0,6,0,0,0,0,1,1,1,1,9,1399,2,1,3,1
2013100373713,2,9,0,18,0,8,0,0,0,0,1,1,6,2,4,973,1,13,1,1
2013100373813,1,9,0,18,0,0,1,0,0,10,1,1,6,1,6,1596,1,10,1,1
2013100374013,1,8,0,18,0,8,0,0,0,0,1,1,1,1,9,1896,2,6,-1,-1
2013100374013,2,1,0,9,0,8,0,0,0,0,2,1,6,1,5,-1,-1,-1,7,1
2013100374113,1,9,0,18,0,0,0,0,0,0,1,1,1,1,8,1998,2,6,2,1
2013100374213,1,9,0,18,0,0,0,0,0,0,4,1,6,1,7,1461,2,4,8,1
2013100374513,1,9,0,14,0,0,0,0,0,0,1,1,6,3,-1,-1,-1,-1,-1,-1
2013100374513,2,9,0,2,0,0,0,0,0,0,4,1,6,1,6,1595,1,7,7,1
2013100374613,1,9,0,9,0,6,0,0,0,0,1,1,2,1,7,1598,1,3,3,1
2013100374613,2,1,0,18,0,1,0,0,0,0,1,1,2,1,8,-1,-1,-1,10,2
2013100374713,1,9,0,5,0,1,0,0,0,0,4,1,6,1,7,1596,1,3,-1,-1
2013100375013,1,9,0,16,0,0,5,0,7,10,1,1,6,1,9,1753,2,7,3,1
2013100375413,1,9,0,18,0,2,0,0,0,0,3,1,6,2,5,998,1,5,3,2
2013100375613,1,9,0,9,0,6,0,0,0,0,1,1,1,1,8,1560,2,-1,2,1
2013100376013,1,19,0,16,0,0,1,0,7,0,1,1,1,1,9,-1,-1,-1,2,1
2013100376013,2,9,0,17,0,0,0,0,1,2,1,1,6,2,7,1198,1,4,5,3
2013100376113,1,5,0,17,0,0,0,10,0,0,4,1,6,1,7,748,1,2,7,1
2013100376113,2,5,0,17,0,0,0,0,0,0,1,1,6,1,6,599,1,-1,1,1
2013100376213,1,11,0,5,0,1,0,0,0,0,1,1,1,1,6,9600,2,15,3,1
2013100376213,2,9,0,3,0,1,0,0,0,0,2,1,6,2,5,1560,2,6,3,1
2013100376313,1,9,0,18,0,8,0,0,0,0,3,1,6,1,9,1395,1,-1,3,1
2013100376313,2,19,0,18,0,8,1,0,0,0,1,1,6,1,7,2800,2,11,-1,-1
2013100376513,1,9,0,18,0,8,0,0,0,0,4,1,6,2,6,1461,2,-1,2,2
2013100376513,2,9,0,18,0,8,0,0,0,0,1,1,6,1,9,1796,2,-1,2,1
2013100376613,1,9,0,9,0,5,0,0,0,0,1,1,1,1,9,1968,2,2,10,1
2013100376613,2,3,0,18,0,8,0,0,0,0,1,1,6,1,5,124,1,1,1,2
2013100376813,1,9,0,18,0,1,0,0,0,0,1,1,6,1,5,1248,2,2,10,2
2013100376813,2,9,0,3,0,1,0,0,0,0,2,1,6,1,6,1998,2,12,1,1
2013100376913,1,9,0,7,0,6,0,0,0,0,4,1,6,3,-1,-1,-1,-1,-1,-1
2013100376913,2,1,0,18,0,8,0,0,0,0,1,1,2,1,5,-1,-1,-1,1,1
2013100377013,1,9,0,18,0,8,0,0,0,0,1,1,6,1,10,1587,1,9,-1,-1
2013100377013,2,1,0,18,0,8,0,0,0,0,1,1,1,1,7,-1,-1,-1,-1,-1
2013100377213,1,9,0,18,0,0,0,0,0,0,1,1,6,1,4,1461,2,11,3,1
2013100377213,2,9,0,4,0,0,0,0,0,0,2,1,6,1,6,1997,1,10,2,1
2013100377413,1,9,0,18,0,0,0,0,0,0,4,1,6,2,10,1399,2,6,8,1
2013100377913,1,9,0,18,0,0,0,0,0,0,4,1,6,2,8,1596,1,1,8,2
2013100378013,1,3,0,18,0,0,1,0,0,0,4,1,2,1,6,-1,-1,-1,2,1
2013100378213,1,9,4,18,0,0,0,0,0,0,4,1,1,1,9,-1,-1,-1,-1,3
2013100378313,1,9,0,12,0,4,0,0,0,0,1,2,6,2,5,-1,-1,-1,-1,-1
2013100378313,2,9,0,18,0,4,0,0,0,0,4,1,6,2,6,1398,1,1,1,1
2013100378413,1,9,0,18,0,0,0,0,0,0,1,1,6,2,5,1149,1,8,8,2
2013100378413,2,9,0,3,0,0,0,0,0,0,2,1,2,1,8,1590,1,12,3,1
2013100378613,1,19,0,9,0,5,0,0,0,0,2,1,1,1,11,2143,2,2,-1,-1
2013100378613,2,9,0,18,0,8,0,0,0,0,1,1,6,1,6,-1,-1,-1,2,1
2013100378813,1,9,0,9,0,6,0,0,0,0,3,1,6,2,4,1299,1,9,8,1
2013100378813,2,9,0,18,0,8,0,0,0,0,1,1,6,1,9,-1,-1,-1,4,1
2013100379013,1,9,0,18,0,1,0,0,0,0,1,1,2,1,6,1598,1,5,2,1
2013100379013,2,9,0,4,0,1,0,0,0,0,2,1,2,2,7,1598,2,2,7,1
2013100379013,3,9,0,9,0,5,0,0,0,0,0,1,6,2,8,1360,1,10,3,2
2013100379313,1,5,0,13,0,8,1,0,0,0,1,1,6,1,5,599,1,12,6,3
2013100379313,2,9,0,1,0,5,0,0,0,0,3,1,6,1,7,1988,2,9,4,2
2013100379413,1,9,0,18,0,0,1,10,2,6,4,1,6,2,5,-1,-1,-1,3,1
2013100379513,1,1,0,18,0,0,0,0,0,0,4,1,6,1,8,-1,-1,-1,-1,-1
2013100379513,2,9,0,2,0,0,0,0,0,0,2,1,6,2,7,1968,2,5,9,1
2013100379613,1,9,0,18,0,0,0,0,0,0,0,1,6,1,5,1997,2,11,2,1
2013100379613,2,1,0,18,0,0,0,0,0,0,4,1,6,2,9,-1,-1,-1,3,1
2013100379713,1,9,0,18,0,0,0,0,0,0,4,1,6,2,8,1198,1,2,8,2
2013100379913,1,5,0,18,0,0,0,0,0,0,1,1,6,1,6,520,1,11,7,2
2013100379913,2,9,0,2,0,0,0,0,0,0,3,1,6,3,-1,1974,2,13,7,2
2013100380113,1,9,0,12,0,8,0,0,0,0,3,1,6,1,6,1598,2,-1,-1,-1
2013100380113,2,9,0,18,0,8,0,0,0,0,4,1,6,1,9,1124,1,11,1,1
2013100381213,1,11,0,3,0,0,0,0,0,0,0,1,1,1,6,3900,2,11,3,1
2013100381313,1,9,0,7,0,8,0,0,0,0,1,1,6,2,6,1991,2,6,4,1
2013100381313,2,9,0,18,0,8,0,0,0,10,4,1,6,1,7,1272,1,18,1,1
2013100381413,1,9,0,18,0,0,1,0,0,0,1,1,6,2,10,2143,2,4,4,3
2013100381413,2,9,0,3,0,0,0,0,0,0,2,1,2,2,6,1796,1,5,9,3
2013100381413,3,9,0,3,0,0,0,0,0,0,2,1,1,1,5,-1,-1,-1,4,1
2013100381713,1,11,0,4,0,1,0,0,0,0,0,1,1,3,-1,-1,-1,-1,-1,-1
2013100381913,1,11,0,2,0,0,0,0,0,0,0,1,6,1,8,4500,2,1,-1,-1
2013100382013,1,9,0,2,0,0,0,0,0,0,4,1,6,1,7,1490,1,4,6,2
2013100382313,1,11,0,7,0,4,0,0,0,0,0,1,1,1,9,9000,2,6,1,1
2013100382713,1,9,0,18,0,0,2,10,5,6,1,1,6,2,7,2993,2,1,9,1
2013100382713,2,9,0,18,0,0,0,0,0,0,2,1,6,1,7,1968,2,-1,1,1
2013100382913,1,9,0,1,0,6,0,0,0,0,2,2,6,1,8,-1,-1,-1,-1,-1
2013100382913,2,9,0,18,0,8,0,0,0,0,4,1,6,1,8,1590,1,16,4,1
2013100383013,1,9,0,18,0,0,0,12,0,0,3,1,1,1,7,1248,2,1,-1,-1
2013100383113,1,9,0,18,0,0,0,0,7,10,3,1,6,1,9,1951,2,7,-1,2
2013100383313,1,9,0,18,0,1,0,0,0,0,1,1,6,1,6,1461,2,1,1,1
2013100383313,2,9,0,4,0,1,0,0,0,0,2,1,6,1,8,2720,2,7,4,1
2013100383713,1,19,0,18,0,0,0,4,0,0,1,1,1,1,8,2402,2,9,3,1
2013100383713,2,9,0,2,0,0,0,0,0,0,2,1,6,3,-1,1560,2,1,3,1
2013100383713,3,19,0,2,0,0,0,0,0,0,1,1,6,3,-1,2143,2,1,3,1
2013100384013,1,9,0,7,0,6,0,0,0,0,1,1,6,1,4,1197,1,2,7,3
2013100384013,2,9,0,10,0,1,0,0,0,0,3,1,6,1,10,1986,2,6,6,3
2013100384113,1,9,0,18,0,8,0,0,7,0,1,1,2,2,9,1360,1,6,5,1
2013100384113,2,9,0,3,0,8,0,0,0,0,4,1,6,2,8,1598,1,12,3,1
2013100384113,3,9,0,3,0,8,0,0,0,0,4,1,2,2,8,1998,2,5,2,2
2013100384913,1,9,0,9,0,8,0,0,0,0,1,1,2,1,8,1896,2,14,7,3
2013100384913,2,3,0,18,0,8,5,0,0,0,3,1,6,1,5,124,1,2,4,1
2013100385013,1,19,0,5,0,1,0,0,0,0,1,1,1,1,7,2463,2,7,4,2
2013100385013,2,9,0,3,0,1,0,0,0,0,2,1,6,1,10,2664,2,9,10,1
2013100385213,1,1,0,18,0,0,0,4,0,0,1,1,6,1,3,-1,-1,-1,2,1
2013100385213,2,9,0,2,0,0,0,0,0,0,1,1,6,2,6,1242,1,3,2,1
2013100385413,1,9,0,18,0,0,0,0,7,0,1,1,6,1,4,1229,1,2,8,1
2013100385413,2,9,0,4,0,0,0,0,1,0,2,1,6,1,8,1396,1,9,2,1
2013100385513,1,11,0,18,0,0,0,0,0,0,0,1,1,1,6,7300,2,11,9,1