Accident_Index,Vehicle_Reference,Vehicle_Type,Towing_and_Articulation,Vehicle_Manoeuvre,Vehicle_Location-Restricted_Lane,Junction_Location,Skidding_and_Overturning,Hit_Object_in_Carriageway,Vehicle_Leaving_Carriageway,Hit_Object_off_Carriageway,1st_Point_of_Impact,Was_Vehicle_Left_Hand_Drive?,Journey_Purpose_of_Driver,Sex_of_Driver,Age_Band_of_Driver,Engine_Capacity_(CC),Propulsion_Code,Age_of_Vehicle,Driver_IMD_Decile,Driver_Home_Area_Type
2013100385613,1,19,0,9,0,6,0,0,0,0,0,1,1,1,9,2402,2,5,4,2
2013100385613,2,11,0,18,2,1,0,0,0,0,0,1,1,1,8,7300,2,11,-1,-1
2013100385713,1,9,0,5,0,0,0,0,0,0,1,1,6,2,7,1997,1,11,5,1
2013100385713,2,9,0,17,0,0,0,0,0,0,1,1,6,1,8,1598,1,8,2,1
2013100385913,1,3,0,7,0,6,0,0,0,0,1,1,6,1,5,-1,-1,-1,-1,-1
2013100385913,2,9,0,18,0,8,0,0,0,0,1,1,1,1,7,1598,2,1,-1,-1
2013100386013,1,9,0,18,0,8,2,0,1,1,1,1,6,1,6,2793,1,17,-1,-1
2013100386113,1,90,0,18,0,8,0,0,0,0,1,1,6,1,4,-1,-1,-1,-1,-1
2013100386113,2,9,0,18,0,8,0,0,0,0,4,1,6,1,4,1242,1,9,6,1
2013100386413,1,11,0,18,0,8,0,0,0,0,1,1,1,1,8,6871,2,8,1,1
2013100386413,2,9,0,18,0,8,0,0,0,0,4,1,6,1,4,1229,1,-1,4,2
2013100386713,1,9,0,4,0,0,0,0,0,0,1,1,6,1,9,1598,1,3,3,1
2013100386913,1,9,0,4,0,1,0,0,0,0,1,1,6,1,7,1910,2,6,1,1
2013100386913,2,1,0,18,0,6,0,0,0,0,1,1,6,1,2,-1,-1,-1,2,1
2013100387313,1,9,0,18,0,1,0,0,0,0,1,1,6,2,-1,1242,1,12,4,1
2013100387313,2,9,0,3,0,1,0,0,0,0,2,1,6,1,6,-1,-1,-1,2,1
2013100387413,1,9,0,1,0,0,0,0,0,0,2,1,6,2,-1,1598,1,10,10,1
2013100387713,1,9,0,18,0,0,1,0,1,11,1,1,6,1,4,1598,1,11,1,1
2013100387813,1,9,0,16,0,0,1,0,2,7,1,1,6,1,4,1199,1,13,3,1
2013100388013,1,9,0,18,0,0,1,0,0,0,1,1,2,1,6,1596,1,12,3,1
2013100388013,2,9,0,4,0,0,0,0,0,0,2,1,2,1,7,1461,2,-1,-1,-1
2013100388113,1,9,0,5,0,0,0,0,0,0,0,1,6,2,9,1364,1,3,2,1
2013100388113,2,9,0,18,0,0,1,0,0,0,2,1,6,1,6,-1,-1,-1,6,1
2013100388113,3,9,0,18,0,0,1,0,0,0,1,1,6,1,6,1796,1,12,2,1
2013100388113,4,9,0,18,0,0,1,0,4,0,3,1,6,1,6,1390,1,9,1,1
2013100388213,1,9,0,18,0,8,0,0,0,0,1,1,6,1,8,1587,1,10,1,1
2013100388213,2,9,0,18,0,8,0,0,0,0,1,1,6,1,6,2000,2,8,1,1
2013100388913,1,9,0,18,0,1,0,0,0,0,1,1,6,2,8,1364,1,5,10,1
2013100388913,2,9,0,3,0,1,0,0,0,0,2,1,6,1,7,1596,1,4,4,1
2013100389713,1,9,0,18,0,0,0,0,0,0,4,1,6,1,8,1796,1,10,2,1
2013100389913,1,9,0,18,0,8,0,0,3,0,1,1,6,2,4,998,1,11,3,1
2013100389913,2,19,0,18,0,8,0,0,3,0,3,1,6,1,6,1868,2,7,1,1
2013100390013,1,9,0,18,0,0,0,0,0,0,1,1,6,1,10,2198,2,8,2,1
2013100390013,2,9,0,4,0,0,0,0,0,0,1,1,6,1,7,1968,2,6,3,1
2013100390013,3,9,0,4,0,0,0,0,0,0,2,1,6,1,8,1994,2,9,6,1
2013100390713,1,9,0,12,0,0,1,0,1,4,3,1,1,1,8,1596,1,10,7,2
2013100390713,2,9,0,18,0,0,0,0,0,0,4,1,1,1,8,1560,2,-1,9,2
2013100390813,1,5,0,18,0,0,0,0,0,0,1,1,6,1,8,998,1,2,7,1
2013100390813,2,9,0,4,0,0,0,0,0,0,2,1,6,2,4,1390,1,3,10,1
2013100390913,1,9,0,18,0,0,0,0,0,0,4,1,6,1,6,1598,1,8,3,1
2013100391013,1,3,0,4,0,0,0,0,0,0,1,1,6,1,4,125,1,6,3,2
2013100391013,2,9,0,4,0,0,0,0,0,0,2,1,1,1,5,1896,2,3,6,1
2013100391113,1,3,0,18,0,0,0,0,0,0,3,1,6,1,9,124,1,5,4,1
2013100391313,1,21,0,11,0,8,0,0,0,0,4,1,1,1,8,-1,-1,-1,6,3
2013100391313,2,9,0,18,0,7,0,0,5,6,3,1,6,2,8,1349,1,4,8,3
2013100391413,1,9,0,18,0,8,0,0,0,0,1,1,6,1,7,1596,1,11,2,1
2013100391713,1,9,0,9,0,5,0,0,0,0,1,1,1,1,8,1896,2,12,-1,-1
2013100391913,1,9,0,18,0,2,0,0,0,0,4,1,6,3,-1,-1,-1,-1,-1,-1
2013100392113,1,9,0,18,0,1,0,0,0,0,1,1,6,3,-1,-1,-1,-1,-1,-1
2013100392113,2,9,0,10,0,1,0,0,0,0,2,1,6,2,6,1587,1,8,7,1
2013100392613,1,9,0,18,0,0,0,0,0,0,1,1,6,1,7,1149,1,7,-1,-1
2013100392613,2,9,0,3,0,0,0,0,0,0,1,1,4,2,6,1598,1,8,7,1
2013100392613,3,11,0,3,0,0,0,0,0,0,2,1,1,1,8,4250,2,5,-1,-1
2013100392713,1,9,0,18,0,8,1,0,4,6,1,1,6,1,6,1396,1,12,5,1
2013100392913,1,9,0,18,0,1,0,0,0,0,1,1,6,1,-1,1598,1,11,7,1
2013100392913,2,9,0,3,0,1,0,0,0,0,2,1,6,2,6,1968,2,1,6,1
2013100393613,1,9,0,18,0,0,0,0,0,0,0,1,6,3,-1,-1,-1,-1,-1,-1
2013100393613,2,9,0,18,0,0,0,11,0,0,1,1,6,2,5,998,1,8,10,1
2013100393713,1,9,0,18,0,0,0,0,0,0,1,1,2,1,5,1598,1,5,1,1
2013100393713,2,9,0,18,0,0,0,0,0,0,1,1,2,1,7,1242,1,1,9,1
2013100393913,1,9,0,18,0,1,0,0,0,0,3,1,6,1,11,998,1,13,1,1
2013100394113,1,9,0,18,0,1,0,0,0,0,1,1,6,1,10,1461,2,7,5,1
2013100394113,2,9,0,3,0,1,0,0,0,0,2,1,6,2,7,1598,1,8,6,2
2013100394113,3,9,0,3,0,1,0,0,0,0,2,1,6,1,7,4197,1,7,7,1
2013100394213,1,9,0,16,0,0,1,0,0,0,1,1,1,1,4,1753,2,6,4,2
2013100394213,2,9,0,17,0,0,0,0,1,0,1,1,6,1,9,2987,2,6,5,1
2013100394413,1,9,0,5,0,1,0,0,0,0,1,1,6,1,9,1560,2,2,3,3
2013100394413,2,9,0,3,0,1,0,0,0,0,2,1,6,2,8,1598,2,1,7,1
2013100394513,1,9,0,3,0,1,0,0,0,0,1,1,6,2,-1,1598,1,6,1,1
2013100394513,2,9,0,3,0,1,0,0,0,0,1,1,6,2,7,998,1,2,5,1
2013100394513,3,9,0,3,0,1,0,0,0,0,2,1,6,3,-1,2967,2,2,-1,-1
2013100394613,1,9,0,18,0,0,0,4,0,0,1,1,2,2,6,1124,1,11,2,1
2013100394613,2,19,0,2,0,0,0,0,0,0,2,1,6,3,-1,1753,2,9,2,1
2013100395313,1,9,0,18,0,0,0,0,0,0,1,1,1,1,6,973,1,10,2,1
2013100395313,2,9,0,3,0,0,0,0,0,0,2,1,1,1,4,1896,2,5,5,1
2013100395613,1,9,0,7,0,6,0,0,0,0,1,1,6,2,9,1149,1,5,9,1
2013100395613,2,3,0,18,0,8,0,0,0,10,1,1,6,1,6,124,1,6,1,1
2013100396113,1,5,0,16,0,2,1,0,7,0,1,1,6,1,6,599,1,4,4,1
2013100396113,2,9,0,18,0,1,0,0,1,9,1,1,6,1,8,1560,2,2,8,2
2013100396513,1,21,0,18,0,0,1,0,0,0,1,1,1,1,8,5480,2,8,3,1
2013100396813,1,9,0,11,0,3,0,0,0,0,2,1,6,2,5,1339,1,6,3,2
2013100396813,2,9,0,18,0,3,0,0,0,0,1,1,6,1,8,1398,2,9,3,1
2013100397013,1,9,0,18,0,1,0,0,0,0,1,1,2,2,4,1364,1,7,2,1
2013100397013,2,9,0,3,0,1,0,0,0,0,2,1,6,2,6,1596,1,4,4,1
2013100397313,1,9,0,18,0,8,0,0,0,0,1,1,2,1,7,2351,1,11,1,1
2013100397313,2,9,0,18,0,8,0,0,0,0,4,1,1,1,6,1248,2,4,-1,-1
2013100397413,1,9,0,7,0,5,0,0,0,0,3,1,1,1,7,1968,2,-1,2,1
2013100397413,2,1,0,18,0,8,0,0,0,0,1,1,6,1,3,-1,-1,-1,1,1
2013100397513,1,19,0,18,0,8,0,0,0,0,3,1,6,1,8,2402,2,13,1,1
2013100397513,2,1,0,9,0,8,0,0,0,0,1,1,1,2,6,-1,-1,-1,7,1
2013100398013,1,9,0,7,0,5,0,0,0,0,0,1,6,3,-1,-1,-1,-1,-1,-1
2013100398013,2,9,0,18,0,1,0,0,0,0,0,1,2,2,8,995,1,-1,6,2
2013100398113,1,9,0,18,0,1,0,0,0,0,1,1,2,2,6,1968,2,4,10,1
2013100398113,2,9,0,3,0,1,0,0,0,0,0,1,6,3,-1,-1,-1,-1,-1,-1
2013100398813,1,11,0,18,0,0,0,0,0,0,0,1,1,2,8,3900,2,8,2,1
2013100399313,1,9,0,18,0,0,0,0,0,0,0,1,6,3,-1,-1,-1,-1,-1,-1
2013100399313,2,9,0,18,0,0,0,0,0,0,1,1,6,2,7,2199,2,4,3,1
2013100399313,3,9,0,2,0,0,0,0,2,0,2,1,6,1,5,1598,2,3,9,1
2013100399713,1,11,0,3,0,0,0,0,0,0,0,1,1,2,8,3900,2,8,2,1
2013100399813,1,9,0,18,0,1,0,0,0,0,1,1,6,2,7,1242,1,4,6,1
2013100399813,2,9,0,9,0,1,0,0,0,0,2,1,1,1,9,-1,-1,-1,7,1
2013100400013,1,9,0,9,0,6,0,0,0,0,1,1,6,1,6,1968,2,8,2,1
2013100400013,2,9,0,18,0,1,0,0,0,0,4,1,6,1,8,-1,-1,-1,3,1
2013100400613,1,9,0,4,0,1,0,0,0,0,1,1,6,2,7,1360,1,7,1,1
2013100400613,2,9,0,3,0,1,0,0,0,0,2,1,6,2,5,1299,1,9,5,1
2013100400713,1,9,0,18,0,0,0,0,0,0,4,1,6,2,-1,1390,1,9,6,1
2013100401213,1,9,0,18,0,1,0,0,0,10,0,1,6,1,8,1560,2,2,7,1
2013100401213,2,9,0,18,0,1,0,0,0,0,2,1,6,2,4,998,1,3,-1,-1
2013100401313,1,9,0,1,0,1,0,0,0,0,2,1,6,1,5,1298,1,11,1,1
2013100401313,2,9,0,18,0,1,0,0,0,0,1,1,6,3,-1,-1,-1,-1,-1,-1
2013100401413,1,9,0,16,0,0,1,0,0,2,1,1,1,2,5,1124,1,9,3,2
2013100401613,1,9,0,18,0,0,0,0,0,0,3,1,6,2,7,1398,1,1,5,1
2013100401813,1,9,0,18,0,0,2,12,8,10,1,1,6,1,6,1598,1,2,10,2
2013100401913,1,17,0,9,0,6,0,0,0,0,3,1,1,1,6,-1,2,7,6,3
2013100401913,2,19,0,18,0,8,5,0,1,9,4,1,1,1,6,1998,2,9,4,2
2013100402313,1,5,0,16,0,0,1,0,0,0,3,1,6,1,8,899,1,14,7,1
2013100402313,2,9,0,17,0,0,0,0,0,0,3,1,6,1,8,1896,2,11,8,1
2013100402413,1,9,0,17,0,0,0,0,0,0,4,1,1,2,7,1796,1,15,2,2
2013100402513,1,9,0,9,0,5,0,0,0,0,1,1,6,2,7,1364,1,6,5,1
2013100402513,2,9,0,18,0,8,0,0,1,4,1,1,6,1,5,1997,2,10,1,2
2013100402713,1,9,0,18,0,1,0,0,0,0,1,1,6,3,-1,1399,2,6,-1,-1
2013100402713,2,9,0,3,0,1,0,0,0,0,2,1,6,2,6,1275,1,13,2,1
2013100403013,1,9,0,9,0,6,0,0,0,0,3,1,2,1,4,998,1,12,7,3
2013100403013,2,5,0,18,0,8,0,0,0,0,1,1,6,1,7,999,1,1,7,1
2013100403113,1,1,0,7,0,6,0,0,0,0,3,1,6,2,2,-1,-1,-1,-1,-1
2013100403113,2,9,0,18,0,8,0,0,0,0,1,1,6,1,8,1598,1,12,9,2
2013100403213,1,9,0,16,0,0,2,0,1,0,1,1,6,1,4,1242,1,13,9,2
2013100403313,1,9,0,17,0,0,0,0,8,6,1,1,6,2,6,1679,1,13,4,1
2013100403413,1,3,0,18,0,0,0,0,0,0,1,1,6,1,7,125,1,4,7,3
2013100403413,2,9,0,4,0,0,0,0,0,0,2,1,6,1,7,1910,2,4,5,2
2013100403613,1,11,0,18,0,8,0,0,0,0,0,1,1,1,7,6871,2,14,6,1
2013100403613,2,9,0,9,0,8,0,0,0,0,2,1,6,3,-1,-1,-1,-1,-1,-1
2013100404213,1,9,0,5,0,8,0,0,0,0,4,2,2,2,8,1086,1,5,4,1
2013100404213,2,9,0,18,0,8,0,0,0,0,1,2,2,1,6,1896,2,4,2,1
2013100404313,1,9,0,18,0,8,0,0,0,0,1,1,2,2,6,1995,1,4,5,1
2013100404313,2,9,0,18,0,8,0,0,0,0,3,1,6,2,6,1896,2,8,9,2
2013100404913,1,9,0,7,0,5,0,0,0,0,4,1,6,3,-1,-1,-1,-1,-1,-1
2013100405113,1,1,0,18,0,0,0,0,0,0,1,1,6,1,6,-1,-1,-1,1,1
2013100405113,2,9,0,1,0,0,0,0,0,0,1,1,6,1,7,1364,1,8,5,1
2013100405213,1,9,0,18,0,0,0,0,0,0,1,1,1,1,6,1242,1,10,9,1
2013100405213,2,9,0,2,0,0,0,0,0,0,0,1,1,2,8,998,1,3,2,1
2013100405413,1,9,0,18,0,0,0,0,0,0,1,1,6,3,-1,-1,-1,-1,-1,-1
2013100405413,2,9,0,3,0,0,0,0,0,0,2,1,6,2,9,1998,1,7,-1,-1
2013100405613,1,9,0,18,0,1,0,0,0,0,1,1,6,1,5,1900,2,12,1,1
2013100405613,2,9,0,3,0,1,0,0,0,0,2,1,6,1,6,1560,2,3,2,1
2013100405913,1,9,0,13,0,8,0,0,0,0,4,1,6,1,10,1598,2,-1,-1,-1
2013100405913,2,1,0,9,0,8,0,0,0,0,3,1,6,1,6,-1,-1,-1,5,1
2013100406313,1,9,0,9,0,1,0,0,0,0,1,1,6,2,9,1240,1,7,7,2
2013100406313,2,9,0,18,0,1,0,0,0,0,1,1,6,1,5,1043,1,17,2,1
2013100406413,1,19,0,18,0,8,1,0,0,0,1,1,1,1,7,2143,2,1,10,1
2013100406413,2,9,0,9,0,5,0,0,0,0,1,1,6,1,6,1997,1,9,7,3
2013100406713,1,9,0,9,0,5,0,0,0,0,1,1,1,2,6,1299,1,6,4,1
2013100406713,2,1,0,18,0,8,0,0,0,0,1,1,6,1,6,-1,-1,-1,7,1
2013100407113,1,9,0,18,0,1,0,0,0,0,1,1,6,1,5,1598,1,10,2,1
2013100407113,2,9,0,3,0,1,0,0,0,0,2,1,6,1,10,1497,1,12,7,1
2013100407313,1,9,0,18,0,3,0,0,0,0,1,1,6,1,6,1599,1,11,-1,-1
2013100407313,2,9,0,12,0,3,0,0,0,0,2,1,1,1,8,1398,1,1,4,1
2013100407313,3,9,0,7,0,6,0,0,0,0,2,1,1,3,-1,-1,-1,-1,-1,-1
2013100407613,1,11,0,4,0,0,0,0,0,0,1,1,1,1,9,8871,2,10,2,1
2013100407713,1,9,0,3,0,1,0,0,0,0,3,1,6,1,8,1999,1,9,2,1
2013100407713,2,9,0,7,0,5,1,10,0,0,1,1,6,1,6,1598,1,8,-1,-1
2013100408213,1,19,0,18,0,0,1,0,0,0,1,1,6,2,9,2500,2,8,8,3
2013100408213,2,9,0,4,0,0,0,0,0,0,2,1,2,1,8,1905,2,15,6,2
2013100408213,3,21,0,18,0,0,0,0,0,0,1,1,1,1,8,5480,2,8,6,1
2013100408913,1,9,0,11,0,0,0,0,0,0,1,1,6,2,7,3199,1,9,1,1
2013100408913,2,19,0,3,0,0,0,0,0,0,2,1,6,1,7,1560,2,2,4,1
2013100408913,3,9,0,3,0,0,0,0,0,0,2,1,6,1,7,2830,2,19,2,1
2013100409013,1,5,0,18,0,8,1,0,0,0,0,1,1,1,6,1085,1,16,5,1
2013100409313,1,19,0,13,0,8,0,0,7,0,1,1,6,1,8,1995,2,2,3,1
2013100409313,2,9,0,9,0,5,0,0,0,0,3,1,6,1,10,1598,1,7,5,3
2013100409413,1,8,0,5,0,1,0,0,0,0,0,1,6,1,8,-1,-1,-1,4,1
2013100409813,1,9,0,4,0,0,0,0,0,0,2,1,6,2,4,1124,1,12,5,1
2013100409813,2,19,0,16,0,0,1,0,0,0,1,1,6,1,7,-1,-1,-1,9,2
2013100410013,1,9,0,4,0,0,0,0,0,0,1,1,1,2,6,1248,2,3,-1,-1
2013100410013,2,1,0,6,0,0,0,0,0,0,1,1,6,1,4,-1,-1,-1,1,1
2013100410513,1,9,0,16,0,0,0,0,0,0,1,1,6,1,6,2497,2,9,4,1
2013100410513,2,9,0,5,0,0,0,0,0,0,1,1,6,2,8,1149,1,13,2,1
2013100410813,1,19,0,18,0,0,1,0,4,6,1,1,6,1,7,2402,2,6,7,2
2013100410813,2,21,0,18,0,0,0,0,0,0,2,1,1,1,8,12740,2,3,7,1
2013100411013,1,9,0,18,0,1,0,0,0,0,3,1,6,3,-1,-1,-1,-1,-1,-1
2013100411113,1,9,0,11,2,1,0,0,0,0,4,1,6,1,7,1399,2,8,4,1
2013100411113,2,3,0,18,2,1,5,0,0,0,1,1,6,1,7,125,1,5,4,1
2013100411213,1,9,0,18,0,0,0,0,0,0,4,1,2,1,6,1149,1,10,3,1
2013100411313,1,11,0,9,0,6,0,0,0,0,0,1,1,1,7,-1,2,16,2,3
2013100411413,1,9,0,7,0,5,0,0,0,0,1,1,6,1,8,1956,2,1,7,1
2013100411513,1,9,0,18,0,6,0,0,0,0,2,1,6,2,8,1560,2,2,7,3
2013100411513,2,1,0,18,0,8,1,0,0,0,1,1,6,1,11,-1,-1,-1,8,3
2013100412113,1,9,0,5,0,0,0,0,0,0,3,1,6,2,5,1797,8,2,1,1
2013100412313,1,9,0,18,0,1,0,0,0,0,1,1,6,1,8,2926,2,11,8,3
2013100412313,2,9,0,18,0,1,0,0,0,0,2,1,6,2,7,1149,1,12,2,1
2013100412413,1,9,0,18,0,1,0,0,0,0,1,1,6,1,4,999,1,13,7,1
2013100412413,2,9,0,5,0,1,0,0,0,0,2,1,6,2,9,1197,1,1,3,1
2013100412613,1,9,0,18,0,0,0,0,0,0,1,1,6,2,5,1198,1,1,10,1
2013100412613,2,9,0,3,0,0,0,0,0,0,2,1,6,1,11,1360,1,8,3,2
2013100412813,1,8,0,18,0,8,0,0,0,0,1,1,6,1,7,1910,2,5,-1,-1
2013100413813,1,9,0,18,0,1,0,0,0,0,1,1,6,2,10,-1,-1,-1,7,1
2013100414013,1,5,0,16,0,0,1,0,0,0,1,1,6,1,6,599,1,11,5,1
2013100414013,2,9,0,18,0,0,0,0,0,0,1,1,6,2,6,1124,1,9,7,1
2013100414113,1,9,0,15,0,0,0,0,0,0,3,1,6,1,9,1390,1,11,3,1
2013100414113,2,21,0,15,0,0,0,0,0,0,4,1,1,1,7,12740,2,-1,8,1
2013100414113,3,9,0,3,0,0,0,0,0,0,2,1,6,2,7,1995,2,8,3,1
2013100414313,1,9,0,18,0,0,0,0,0,0,1,1,1,1,6,1596,1,7,-1,-1
2013100414713,1,9,0,9,0,1,0,0,0,0,2,1,6,3,-1,-1,-1,-1,-1,-1
2013100414713,2,11,0,18,0,6,0,0,0,0,0,1,1,1,9,6871,2,9,1,1
2013100415013,1,19,0,18,0,1,0,0,0,0,1,1,1,1,8,2151,2,8,7,1
2013100415013,2,9,0,3,0,1,0,0,0,0,2,1,1,1,9,1997,2,3,-1,-1
2013100415313,1,9,0,9,0,5,0,0,0,0,4,1,6,1,7,1399,2,1,7,1
2013100415313,2,1,0,18,0,8,0,0,0,0,1,1,6,1,5,-1,-1,-1,3,1
2013100415413,1,9,0,9,0,5,0,0,0,0,4,1,6,1,10,1686,2,5,3,1
2013100415413,2,1,0,18,0,8,0,0,0,0,1,1,2,1,6,-1,-1,-1,9,1
2013100415713,1,9,0,9,0,8,0,0,0,0,0,1,6,3,-1,-1,-1,-1,-1,-1
2013100415713,2,11,0,18,0,1,0,0,0,0,0,1,1,1,7,9000,2,11,1,1
2013100415813,1,9,0,9,0,6,0,0,0,0,0,1,6,3,-1,-1,-1,-1,-1,-1
2013100415813,2,11,0,18,0,1,0,0,0,0,0,1,1,2,8,9000,2,11,7,1
2013100416013,1,9,0,9,0,4,0,0,0,0,3,1,6,1,4,1598,1,-1,7,2
2013100416013,2,9,0,18,0,4,0,0,0,0,1,1,6,1,5,1598,1,3,5,1
2013100416413,1,9,0,18,0,2,1,0,1,2,3,1,6,1,6,1275,1,24,4,1
2013100416513,1,9,0,9,0,6,0,0,0,0,4,1,6,1,10,-1,-1,-1,2,1
2013100416513,2,9,0,18,0,1,0,0,0,0,1,1,6,1,8,1229,1,7,2,1
2013100416913,1,9,0,16,0,0,0,0,0,0,0,1,6,3,-1,-1,-1,-1,-1,-1
2013100416913,2,5,0,17,0,0,2,0,1,0,2,1,6,1,8,798,1,-1,6,3
2013100417113,1,9,0,18,0,4,0,0,0,0,1,1,6,1,8,1900,2,9,5,2
2013100417113,2,1,0,18,0,8,0,0,0,0,4,1,1,1,7,-1,-1,-1,9,1
2013100417313,1,10,0,2,0,0,0,0,0,0,0,1,1,1,10,4250,2,10,4,1
2013100417313,2,9,0,3,0,0,0,0,0,0,0,1,6,2,7,1598,1,11,8,2
2013100417313,3,9,0,3,0,0,0,0,0,0,2,1,6,1,8,1461,2,1,1,1
2013100417313,4,9,0,18,0,0,1,0,0,0,1,1,6,2,8,1591,1,6,2,1
2013100417713,1,9,0,9,0,8,0,0,0,0,1,1,2,2,5,1240,1,10,9,1
2013100417713,2,9,0,18,0,8,1,0,0,0,1,1,2,2,5,-1,-1,-1,8,1
2013100417813,1,9,0,18,0,0,0,0,0,0,0,1,1,1,7,2987,2,4,-1,-1
2013100417813,2,19,0,18,0,0,0,0,0,0,0,1,1,1,6,2402,2,3,4,1
2013100418013,1,9,0,18,0,0,0,0,0,0,4,1,6,3,-1,-1,-1,-1,-1,-1
2013100418813,1,9,0,18,0,8,0,0,0,0,3,1,6,1,9,1798,1,5,3,1
2013100418813,2,1,0,18,0,8,0,0,0,0,4,1,1,1,5,-1,-1,-1,5,1
2013100419013,1,9,0,18,0,1,0,0,0,0,1,1,6,1,6,1753,2,10,1,1
2013100419013,2,9,0,3,0,1,0,0,0,0,2,1,6,2,9,1799,1,7,2,1
2013100419113,1,9,0,18,0,1,0,0,0,0,1,1,6,2,8,1951,2,9,9,1
2013100419113,2,9,0,3,0,1,0,0,0,0,2,1,6,2,5,1242,1,9,3,1
2013100419213,1,9,0,17,0,0,2,0,1,11,4,1,6,1,9,1753,2,6,3,1
2013100419413,1,9,0,9,0,3,0,0,0,0,0,1,6,3,-1,-1,-1,-1,-1,-1
2013100419413,2,1,0,18,0,3,0,0,0,0,4,1,2,1,6,-1,-1,-1,3,1
2013100419713,1,9,0,5,0,6,0,0,0,0,1,1,6,1,6,1968,2,5,10,1
2013100419713,2,9,0,18,0,8,0,10,0,0,3,1,6,2,7,1598,1,6,7,2
2013100420313,1,1,0,4,0,8,0,0,0,0,1,1,6,2,3,-1,-1,-1,2,1
2013100420313,2,9,0,18,0,8,0,0,0,0,1,1,6,1,9,1968,2,-1,2,1
2013100420413,1,9,0,17,0,0,1,0,7,4,4,1,6,1,11,1997,2,13,5,3
2013100420513,1,9,0,1,0,0,0,0,0,0,2,1,6,2,8,2179,2,1,9,1
2013100421013,1,9,0,18,0,1,0,7,0,2,1,1,6,1,7,1343,1,10,4,2
2013100421113,1,11,0,18,0,8,0,0,0,0,0,1,6,1,6,-1,-1,-1,2,1
2013100421113,2,16,0,18,0,8,0,0,0,0,0,1,6,2,8,-1,-1,-1,-1,-1
2013100421213,1,9,0,9,0,6,0,0,0,0,2,1,6,2,10,1296,1,5,8,1
2013100421213,2,9,0,18,0,8,0,0,0,0,1,1,1,1,7,1248,2,3,-1,-1
2013100421313,1,9,0,18,0,0,0,0,0,0,3,1,1,1,7,1598,2,1,8,1
2013100421413,1,11,0,5,0,1,0,0,0,0,0,1,1,1,9,9360,2,-1,6,1
2013100421813,1,9,0,18,0,0,0,0,7,11,1,1,6,1,6,1998,1,8,5,1
2013100422313,1,21,1,11,0,0,0,0,0,0,1,1,1,1,8,12777,2,-1,8,1
2013100422313,2,9,0,18,0,0,0,0,0,0,2,1,2,1,8,1999,1,6,2,1
2013100422313,3,9,0,18,0,0,0,0,0,0,1,1,2,1,9,1242,1,5,8,1
2013100422413,1,9,0,3,0,0,0,0,0,0,1,1,1,2,7,1586,1,3,3,1
2013100422413,2,9,0,5,0,0,0,0,0,0,1,1,1,2,6,2401,2,8,7,3
2013100422613,1,8,0,1,0,0,0,0,0,0,4,1,6,3,-1,-1,-1,-1,-1,-1
2013100422713,1,9,0,18,0,8,0,0,0,0,1,1,6,1,10,2401,2,7,9,1
2013100422713,2,9,0,18,0,8,0,0,0,0,4,1,6,2,5,1248,2,-1,10,2
2013100423013,1,11,0,4,0,8,0,0,0,0,0,1,1,1,9,4500,2,2,3,1
2013100423713,1,3,0,18,0,2,0,0,0,0,1,1,1,1,4,125,1,1,-1,-1
2013100423713,2,9,0,18,0,1,0,0,0,0,3,1,6,2,6,1998,1,8,-1,-1
2013100423813,1,9,0,3,0,1,0,0,0,0,1,1,6,2,8,1149,1,5,2,1
2013100423813,2,9,0,18,0,1,0,0,0,0,2,2,6,1,9,-1,-1,-1,-1,-1
2013100424313,1,9,0,4,0,1,1,0,1,7,1,1,6,1,8,1198,1,2,4,3
2013100424513,1,9,0,18,0,0,1,0,0,0,1,1,6,1,4,1198,1,10,5,2
2013100424513,2,9,0,4,0,0,0,0,0,0,2,1,6,1,7,2148,2,10,10,1
2013100424513,3,9,0,4,0,0,0,0,0,0,2,1,6,1,9,2993,2,6,10,2
2013100424713,1,3,0,4,0,0,0,0,0,0,1,1,2,1,7,125,1,3,3,1
2013100424713,2,9,0,4,0,0,0,0,0,0,2,1,2,2,9,1242,1,8,7,1
2013100424813,1,9,0,7,0,3,0,0,0,0,1,1,2,1,8,799,2,1,-1,-1
2013100424813,2,1,0,18,0,8,0,0,0,0,1,1,6,2,2,-1,-1,-1,1,1
2013100424913,1,9,0,18,0,0,0,0,1,0,1,1,6,2,10,1399,2,5,5,2
2013100425013,1,9,0,18,0,0,0,0,0,0,1,1,6,1,10,1598,1,13,5,1
2013100425013,2,9,0,3,0,0,0,0,0,0,2,1,6,2,8,1597,1,16,4,1
2013100425113,1,9,0,9,0,4,5,0,0,0,3,1,6,2,8,1596,1,5,8,1
2013100425113,2,9,0,18,0,8,0,0,0,0,1,1,6,1,7,-1,-1,-1,1,1
2013100425213,1,9,0,18,0,0,0,0,0,0,1,1,6,2,8,1149,1,5,6,1
2013100425213,2,19,0,4,0,0,0,0,0,0,2,1,6,2,5,-1,-1,-1,2,1
2013100425213,3,9,0,4,0,0,0,0,0,0,2,1,6,1,5,1596,1,9,-1,-1
2013100425213,4,9,0,4,0,0,0,0,0,0,2,1,6,2,6,998,1,13,-1,-1