Accident_Index,Vehicle_Reference,Vehicle_Type,Towing_and_Articulation,Vehicle_Manoeuvre,Vehicle_Location-Restricted_Lane,Junction_Location,Skidding_and_Overturning,Hit_Object_in_Carriageway,Vehicle_Leaving_Carriageway,Hit_Object_off_Carriageway,1st_Point_of_Impact,Was_Vehicle_Left_Hand_Drive?,Journey_Purpose_of_Driver,Sex_of_Driver,Age_Band_of_Driver,Engine_Capacity_(CC),Propulsion_Code,Age_of_Vehicle,Driver_IMD_Decile,Driver_Home_Area_Type
2013100505013,1,19,0,7,0,6,0,0,0,0,1,1,1,1,5,2148,2,8,2,1
2013100505013,2,9,0,18,0,8,0,0,0,0,3,1,2,2,6,1242,1,11,9,1
2013100505113,1,22,0,18,0,1,0,0,0,0,1,1,6,2,8,-1,3,1,1,1
2013100505113,2,9,0,18,0,1,0,0,0,0,3,1,6,3,-1,-1,-1,-1,-1,-1
2013100505213,1,9,0,14,0,0,0,0,0,0,0,1,6,3,-1,-1,-1,-1,-1,-1
2013100505213,2,11,0,18,0,0,0,0,0,0,0,1,1,1,8,7300,2,11,1,1
2013100505513,1,9,0,5,0,1,0,0,0,0,0,1,6,1,4,-1,-1,-1,5,2
2013100505513,2,11,0,14,0,2,0,0,0,0,0,1,1,1,7,6700,2,2,2,1
2013100505813,1,9,0,16,0,0,2,0,1,11,1,1,6,1,9,1994,1,9,10,1
2013100506413,1,9,0,18,0,4,0,0,0,0,1,1,6,1,7,1461,2,1,4,2
2013100506413,2,5,0,18,0,4,0,0,0,0,2,1,6,1,6,599,1,15,3,1
2013100506513,1,9,0,13,0,0,0,0,0,0,0,1,6,3,-1,6208,1,3,-1,-1
2013100506513,2,11,0,18,0,0,0,0,0,0,0,1,1,1,9,9600,2,15,-1,-1
2013100507113,1,9,0,18,0,2,0,0,0,0,4,1,6,3,-1,-1,-1,-1,-1,-1
2013100507113,2,1,0,18,0,2,0,0,1,0,2,1,1,1,7,-1,-1,-1,3,1
2013100507413,1,9,0,3,0,6,0,0,0,0,1,1,6,3,-1,-1,-1,-1,-1,-1
2013100507413,2,9,0,3,0,6,0,0,0,0,2,1,6,1,7,1995,2,8,3,1
2013100507513,1,11,0,2,3,0,0,0,0,0,0,1,1,1,8,6871,2,14,2,1
2013100507913,1,9,0,18,0,2,0,0,0,0,4,1,2,2,7,1461,2,-1,9,1
2013100508013,1,9,0,9,0,5,0,0,0,0,1,1,6,1,6,1995,2,9,-1,-1
2013100508013,2,1,0,18,0,8,0,0,0,0,1,1,6,1,6,-1,-1,-1,3,1
2013100508313,1,5,0,16,0,0,0,0,1,7,4,1,6,1,6,599,1,10,10,1
2013100508413,1,9,0,15,0,0,0,0,0,0,0,1,6,3,-1,-1,-1,-1,-1,-1
2013100508413,2,11,0,5,0,0,0,0,0,0,0,1,1,1,7,4500,2,2,2,1
2013100508713,1,9,0,17,0,0,1,0,1,4,1,1,2,2,8,998,1,5,5,3
2013100508813,1,9,0,9,0,5,0,0,0,0,3,1,3,2,7,1598,2,-1,3,1
2013100508813,2,9,0,18,0,1,1,0,0,0,4,1,6,1,5,1242,1,5,3,1
2013100508813,3,19,0,2,0,1,0,0,0,0,3,1,1,1,8,2464,2,5,4,1
2013100508913,1,9,0,18,0,8,0,0,0,0,1,1,6,2,9,998,1,-1,2,1
2013100508913,2,19,0,18,0,8,0,0,0,0,4,1,6,1,9,1868,2,11,9,1
2013100508913,3,9,0,3,0,1,0,0,0,0,3,1,6,1,8,1968,2,1,4,1
2013100509013,1,9,0,5,0,1,0,0,0,0,4,1,6,1,11,1598,2,3,3,1
2013100509013,2,9,0,18,0,1,0,0,0,0,1,1,6,1,7,1968,2,1,1,1
2013100509313,1,9,0,9,0,6,0,0,0,0,1,1,2,1,5,1997,1,23,8,3
2013100509313,2,9,0,17,0,8,0,0,0,0,1,1,6,1,9,1997,2,9,5,1
2013100509413,1,9,0,1,0,0,0,0,0,0,2,1,6,3,-1,-1,-1,-1,-1,-1
2013100509513,1,9,0,9,0,5,0,0,0,0,1,1,6,2,5,998,1,1,1,1
2013100509513,2,9,0,18,0,8,0,0,0,0,4,1,6,2,5,2148,2,5,10,1
2013100509713,1,9,0,15,0,0,0,0,1,0,4,1,6,2,8,2204,2,7,3,1
2013100509713,2,11,0,4,0,0,0,0,0,0,1,1,1,1,7,9000,2,8,3,1
2013100509913,1,1,0,18,0,1,0,0,0,0,1,1,6,1,6,-1,-1,-1,1,1
2013100509913,2,9,0,9,0,5,0,0,0,0,4,1,6,2,7,1360,1,13,1,1
2013100510313,1,9,0,5,9,0,0,0,0,0,1,1,6,1,5,1461,2,9,4,2
2013100511013,1,9,0,13,0,2,0,0,0,0,1,1,6,2,6,1398,1,-1,1,1
2013100511013,2,1,0,18,0,2,0,0,0,0,2,1,6,1,6,-1,-1,-1,1,1
2013100511113,1,9,0,7,0,6,0,0,0,0,3,1,6,2,10,1497,1,11,9,1
2013100511113,2,9,0,18,0,8,0,0,0,0,1,1,6,1,9,1997,2,5,10,1
2013100511213,1,9,0,5,0,2,0,0,0,0,1,1,6,3,-1,-1,-1,-1,-1,-1
2013100511213,2,1,0,18,0,2,0,0,0,0,4,1,1,2,8,-1,-1,-1,2,1
2013100511313,1,9,0,18,0,1,0,10,0,0,1,1,6,1,6,1596,1,11,6,1
2013100511313,2,9,0,4,0,1,0,0,0,0,2,1,6,2,8,1086,1,10,10,1
2013100511313,3,9,0,1,0,6,0,0,0,0,0,1,6,2,9,998,1,1,10,1
2013100511513,1,3,0,13,0,8,0,0,0,0,4,1,6,1,-1,124,1,-1,8,1
2013100511513,2,9,0,9,0,5,0,0,0,0,3,1,6,1,6,1998,1,11,8,1
2013100511713,1,9,0,18,0,1,0,0,0,0,1,1,6,1,10,1999,1,2,7,3
2013100511713,2,9,0,8,0,1,0,0,0,0,2,1,6,1,9,1956,2,-1,6,3
2013100511813,1,9,0,18,0,1,0,0,0,0,1,1,6,1,9,1560,2,1,9,1
2013100511813,2,9,0,3,0,1,0,0,0,0,2,1,6,2,6,1796,1,11,3,1
2013100511813,3,9,0,3,0,1,0,0,0,0,2,1,6,1,5,1984,1,11,7,2
2013100512113,1,10,0,18,0,0,0,0,0,0,4,1,1,1,8,-1,-1,-1,3,1
2013100512313,1,9,0,18,0,8,0,0,0,0,1,1,2,1,7,-1,-1,-1,1,1
2013100512313,2,1,0,18,0,8,0,0,0,0,1,1,6,1,4,-1,-1,-1,3,1
2013100512513,1,9,0,9,0,6,0,0,0,0,1,1,6,1,8,1560,2,6,4,1
2013100512513,2,5,0,18,0,8,5,0,0,0,3,1,2,1,8,-1,-1,-1,4,1
2013100512713,1,10,0,18,0,8,0,0,0,0,0,1,6,3,-1,-1,-1,-1,-1,-1
2013100512713,2,1,0,18,0,8,1,0,0,0,0,1,2,1,9,-1,-1,-1,7,1
2013100512813,1,19,0,9,0,6,0,0,0,0,3,1,6,2,6,1997,2,10,2,1
2013100512813,2,3,0,18,0,1,1,0,0,0,1,1,6,1,4,125,1,1,2,1
2013100512913,1,9,0,9,0,8,0,0,0,0,1,1,2,1,7,1468,1,9,10,1
2013100512913,2,3,0,18,0,8,1,0,0,0,1,1,6,1,5,124,1,4,3,1
2013100513113,1,9,0,18,0,0,0,0,0,0,1,1,6,1,10,1461,2,-1,7,1
2013100513113,2,11,0,18,0,0,0,0,0,0,4,1,1,1,6,9360,2,1,6,1
2013100513113,3,9,0,18,0,0,0,0,0,0,0,1,1,1,10,1560,2,1,4,1
2013100513313,1,10,0,17,0,0,0,0,0,0,0,1,6,1,6,2295,7,10,1,1
2013100513913,1,5,0,18,0,0,0,0,0,0,1,1,6,1,6,599,1,7,5,1
2013100513913,2,9,0,18,0,0,0,0,0,0,2,1,6,1,6,1995,2,5,1,1
2013100514313,1,9,0,18,0,0,0,0,0,0,3,1,6,1,6,1998,1,8,5,2
2013100514313,2,11,0,3,0,0,0,0,0,0,0,1,1,3,-1,-1,-1,-1,-1,-1
2013100514413,1,9,0,15,0,0,0,0,0,0,4,1,6,1,5,4163,1,6,10,1
2013100514613,1,9,0,16,0,0,0,0,0,0,1,1,6,1,9,3206,1,20,9,3
2013100514613,2,19,0,17,0,0,0,0,1,0,1,1,1,1,7,2198,2,3,5,2
2013100515113,1,9,0,18,0,8,0,0,0,0,3,1,6,1,5,1769,1,10,1,1
2013100515113,2,9,0,18,0,8,0,0,0,0,1,1,1,1,8,2993,2,2,-1,-1
2013100515213,1,9,0,1,0,0,0,0,0,0,2,1,6,2,8,998,1,1,3,1
2013100515213,2,1,0,18,0,0,0,0,0,0,1,1,6,2,3,-1,-1,-1,4,1
2013100515313,1,9,0,18,0,8,0,0,0,0,1,1,6,1,7,2401,2,9,-1,-1
2013100515313,2,9,0,3,0,8,0,0,0,0,2,1,1,1,8,1896,2,10,-1,-1
2013100515613,1,9,0,13,0,0,0,0,0,0,0,1,6,2,6,1753,2,14,2,1
2013100515613,2,11,0,5,0,0,0,0,0,0,0,1,1,1,8,9600,2,14,4,1
2013100515713,1,11,0,4,0,1,0,0,0,0,0,1,1,1,6,11967,2,5,10,1
2013100516013,1,9,0,18,0,1,0,0,0,0,4,1,2,2,6,998,1,12,1,1
2013100516013,2,9,0,18,0,1,1,0,0,0,1,1,2,1,6,1800,1,15,2,1
2013100516113,1,9,0,15,0,8,0,0,1,0,1,1,6,3,-1,-1,-1,-1,-1,-1
2013100516113,2,9,0,18,0,8,0,0,0,0,4,1,2,1,8,1956,2,1,7,1
2013100516413,1,9,0,14,0,2,0,0,0,0,4,1,6,2,9,1364,2,3,6,3
2013100516413,2,11,0,2,0,2,0,0,0,0,0,1,1,3,-1,-1,-1,-1,-1,-1
2013100516613,1,9,0,18,0,4,0,0,0,0,1,1,2,1,6,1598,1,1,4,1
2013100516613,2,1,0,18,0,8,0,0,0,0,4,1,2,1,7,-1,-1,-1,6,1
2013100516713,1,9,0,18,0,1,0,0,0,0,2,1,6,1,6,1598,1,13,5,1
2013100516713,2,9,0,3,0,1,0,0,0,0,2,1,1,2,7,1248,2,3,-1,-1
2013100516813,1,19,0,18,0,0,0,0,0,0,1,1,1,1,7,2402,2,8,2,2
2013100516813,2,9,0,3,0,0,0,0,0,0,2,1,2,1,7,1986,2,6,4,1
2013100516813,3,9,0,3,0,0,0,0,0,0,2,1,2,1,7,-1,-1,-1,-1,-1
2013100516913,1,9,0,14,0,1,0,4,0,0,1,1,6,2,9,998,1,-1,-1,-1
2013100516913,2,9,0,2,0,1,0,0,0,0,3,1,3,1,8,1596,1,8,3,1
2013100517013,1,9,0,18,0,2,0,0,0,0,1,1,6,3,-1,-1,-1,-1,-1,-1
2013100517013,2,1,0,18,0,1,0,0,0,0,1,1,6,1,8,-1,-1,-1,2,1
2013100517113,1,9,0,18,0,1,0,0,0,0,2,1,6,3,-1,-1,-1,-1,-1,-1
2013100517113,2,19,0,3,0,1,0,0,0,0,1,1,1,1,7,1461,2,-1,-1,-1
2013100517213,1,9,0,18,0,8,0,0,0,0,1,1,6,3,-1,-1,-1,-1,-1,-1
2013100517213,2,9,0,9,0,5,0,0,0,0,4,1,1,1,8,1995,2,2,9,1
2013100517313,1,9,0,9,0,8,0,0,0,0,3,1,6,3,-1,-1,-1,-1,-1,-1
2013100517313,2,9,0,18,0,8,0,0,0,0,3,1,1,1,7,1997,2,4,4,1
2013100517313,3,1,0,18,0,8,0,0,0,0,1,1,6,1,6,-1,-1,-1,2,1
2013100517313,4,1,0,18,0,8,0,0,0,0,1,1,6,1,6,-1,-1,-1,4,1
2013100517613,1,11,0,4,0,8,0,0,0,0,0,1,1,1,8,3900,2,7,1,1
2013100517713,1,19,0,15,0,0,0,0,0,0,1,1,6,3,-1,-1,-1,-1,-1,-1
2013100517713,2,1,0,18,0,0,0,0,0,0,4,1,1,1,7,-1,-1,-1,4,1
2013100517813,1,9,0,18,0,6,0,0,0,0,1,1,6,2,10,1299,1,8,-1,-1
2013100517813,2,9,0,9,0,8,0,0,0,0,3,1,6,1,6,1598,1,11,3,1
2013100518113,1,8,0,18,0,1,0,0,0,0,4,1,1,1,7,-1,-1,-1,3,1
2013100518513,1,9,0,18,2,1,0,0,0,0,0,1,6,1,7,-1,-1,-1,2,1
2013100518713,1,9,0,9,0,6,0,0,0,0,3,1,6,1,6,1596,1,-1,-1,-1
2013100518713,2,5,0,18,0,8,0,0,0,0,4,1,6,1,7,955,1,8,-1,-1
2013100519013,1,9,0,18,0,8,0,0,0,0,1,1,6,1,7,1596,1,6,3,1
2013100519013,2,9,0,18,0,8,0,0,0,0,1,1,6,1,8,-1,-1,-1,1,1
2013100519513,1,9,0,18,0,1,0,0,0,0,2,1,6,2,8,998,1,5,1,1
2013100519513,2,9,0,3,0,1,0,0,0,0,1,1,6,2,7,998,1,9,2,1
2013100519713,1,9,0,18,0,1,1,0,0,0,1,1,6,1,9,1329,1,1,1,1
2013100519713,2,9,0,3,0,1,0,0,0,0,2,1,6,2,7,1497,8,6,2,1
2013100519813,1,9,0,4,0,0,0,0,0,0,0,1,1,3,-1,-1,-1,-1,-1,-1
2013100519813,2,11,0,5,0,0,0,0,0,0,0,1,6,1,7,6700,2,2,2,1
2013100520013,1,8,0,5,0,0,0,0,0,0,4,1,1,3,-1,-1,-1,-1,-1,-1
2013100520113,1,9,0,18,0,8,0,0,0,0,1,1,2,2,7,1956,2,2,7,1
2013100520113,2,5,0,18,0,8,0,0,0,0,3,1,6,1,8,649,1,4,1,1
2013100520313,1,9,0,5,0,1,0,0,0,0,1,1,6,2,8,1998,1,10,7,1
2013100520313,2,9,0,3,0,1,0,0,0,0,2,1,6,2,6,1198,1,2,1,1
2013100520413,1,9,0,18,0,0,0,0,2,1,1,1,1,2,6,1560,2,5,3,2
2013100520713,1,9,0,18,0,1,0,0,0,0,1,1,6,3,-1,2148,2,12,-1,-1
2013100520713,2,9,0,18,0,1,0,0,0,0,2,1,1,1,6,1229,1,1,-1,-1
2013100522213,1,9,0,18,0,8,0,10,3,1,1,1,6,2,8,2687,1,8,2,1
2013100522313,1,9,0,12,0,0,1,10,0,0,1,1,6,1,4,1587,1,12,3,1
2013100522313,2,9,0,18,0,0,0,0,1,0,2,1,6,1,10,1461,2,2,2,1
2013100522313,3,9,0,18,0,0,0,0,0,0,0,1,6,1,8,1753,2,5,1,1
2013100522413,1,9,0,18,0,1,0,0,0,0,1,1,1,1,6,1248,2,5,-1,-1
2013100522413,2,9,0,3,0,1,0,0,0,0,2,1,6,1,6,1998,1,12,9,1
2013100522513,1,19,0,18,0,1,0,0,0,0,1,1,6,1,-1,2143,2,3,6,1
2013100522513,2,9,0,3,0,1,0,0,0,0,2,1,6,2,7,1598,1,5,-1,-1
2013100522613,1,9,0,1,0,0,0,0,0,10,2,1,6,1,11,1598,1,-1,2,1
2013100522813,1,9,0,1,0,6,0,0,0,0,3,1,6,1,8,2967,2,7,1,1
2013100522913,1,5,0,16,0,0,1,0,0,0,4,1,6,2,8,738,1,30,9,2
2013100523013,1,9,0,14,0,0,0,0,0,0,3,1,2,2,8,1596,1,1,5,1
2013100523013,2,9,0,18,0,0,0,0,0,0,3,1,2,1,6,1753,2,14,5,1
2013100523213,1,5,0,18,0,0,2,0,1,0,1,1,6,1,7,599,1,5,5,3
2013100523313,1,9,0,9,0,1,0,0,0,0,4,1,6,1,4,-1,-1,-1,5,1
2013100523313,2,9,0,18,0,1,0,0,0,0,1,1,6,1,6,1389,1,12,6,1
2013100523413,1,11,0,18,0,8,0,0,0,0,0,1,1,1,9,-1,2,29,6,1
2013100523513,1,9,0,17,0,0,0,0,1,11,1,1,6,2,4,1598,1,8,5,2
2013100524313,1,9,0,9,0,6,0,0,0,0,1,1,2,2,5,1229,1,-1,4,2
2013100524313,2,9,0,18,0,8,0,0,0,0,4,1,1,1,7,1910,2,8,3,1
2013100524413,1,9,0,9,0,4,0,0,0,0,1,1,2,1,6,1339,1,8,-1,-1
2013100524413,2,1,0,18,0,4,0,0,0,0,1,1,2,1,8,-1,-1,-1,-1,-1
2013100524613,1,9,0,4,0,6,0,0,0,0,4,1,6,1,5,-1,-1,-1,2,2
2013100524613,2,1,0,17,0,8,0,0,0,0,1,1,2,1,7,-1,-1,-1,7,1
2013100524713,1,1,0,18,0,1,1,0,0,0,1,1,4,1,3,-1,-1,-1,9,1
2013100524713,2,9,0,3,0,1,0,0,0,0,2,1,6,3,-1,-1,-1,-1,-1,-1
2013100524913,1,19,0,18,0,0,0,0,0,0,1,1,1,1,5,1248,2,6,2,1
2013100524913,2,9,0,18,0,0,0,0,0,0,2,1,6,3,-1,1386,1,7,2,1
2013100525013,1,9,0,9,0,6,0,0,0,0,1,1,6,2,9,1596,1,-1,5,1
2013100525013,2,9,0,9,0,5,0,0,0,0,3,1,6,1,7,1596,1,12,7,1
2013100525113,1,9,0,18,0,4,0,0,0,0,0,1,2,1,5,1490,1,7,3,1
2013100525113,2,5,0,18,0,5,1,0,0,0,4,1,2,1,4,645,1,1,4,1
2013100525213,1,9,0,18,0,0,0,0,0,0,4,1,6,3,-1,-1,-1,-1,-1,-1
2013100525213,2,1,0,18,0,0,0,0,0,0,1,1,1,1,6,-1,-1,-1,6,1
2013100525313,1,9,0,6,0,1,0,0,0,0,1,1,6,2,6,1998,2,8,2,1
2013100525313,2,1,0,18,0,1,0,0,0,0,1,1,2,1,8,-1,-1,-1,6,3
2013100526013,1,9,0,18,0,8,0,0,0,0,1,1,2,2,7,1349,1,3,9,2
2013100526113,1,9,0,17,0,0,2,10,7,9,1,1,3,2,6,1299,1,8,2,1
2013100526213,1,9,0,18,0,1,0,0,0,0,1,1,6,3,-1,-1,-1,-1,-1,-1
2013100526213,2,19,0,3,0,1,0,0,0,0,2,1,2,1,7,1461,2,1,3,1
2013100526313,1,9,0,18,0,8,0,0,0,0,1,1,1,2,6,1108,1,12,1,1
2013100526313,2,3,0,18,0,8,0,0,0,0,4,1,6,1,8,85,1,17,2,1
2013100526313,3,9,0,3,0,1,0,0,0,0,3,1,1,1,7,1399,2,6,-1,-1
2013100526813,1,9,0,18,0,8,0,0,0,0,3,1,6,1,7,1560,2,-1,5,1
2013100526813,2,19,0,18,0,8,0,0,0,0,1,1,6,1,7,2198,2,2,6,1
2013100527013,1,9,0,1,0,1,0,0,0,0,2,1,6,1,6,998,1,4,1,1
2013100527013,2,9,0,3,0,1,0,0,0,0,1,1,1,2,8,1198,1,2,2,1
2013100527013,3,11,0,9,0,6,0,0,0,0,0,1,1,3,-1,-1,-1,-1,2,1
2013100527213,1,9,0,18,0,0,0,0,0,0,1,1,6,1,8,-1,-1,-1,6,1
2013100527413,1,9,0,18,0,0,0,0,0,0,1,1,6,2,11,1461,2,11,6,3
2013100527413,2,19,0,2,0,0,0,0,0,0,1,1,6,3,-1,2140,2,9,6,3
2013100527513,1,9,0,18,0,8,0,0,0,0,4,1,6,3,-1,-1,-1,-1,-1,-1
2013100527613,1,9,0,18,0,8,0,0,0,0,1,1,6,2,6,1781,1,12,2,1
2013100527613,2,9,0,18,0,8,0,0,0,0,1,1,1,1,5,1396,2,1,7,1
2013100528413,1,9,0,18,0,0,0,0,0,0,4,1,6,1,6,1149,1,11,1,1
2013100528713,1,9,0,4,0,1,0,0,0,0,1,1,6,1,4,1299,1,10,5,2
2013100528713,2,9,0,3,0,1,0,0,0,0,2,1,6,3,-1,1998,2,6,5,2
2013100528713,3,9,0,3,0,1,0,0,0,0,0,1,6,1,8,1598,1,3,5,2
2013100529013,1,9,0,16,0,0,2,0,0,11,1,1,2,1,4,1199,1,11,7,1
2013100529113,1,9,0,9,0,5,0,0,0,0,4,1,6,2,10,1586,1,1,8,2
2013100529113,2,11,0,17,0,8,0,0,0,0,1,1,1,1,8,4250,2,5,5,1
2013100529213,1,9,0,17,0,0,0,0,1,0,1,1,6,2,5,1598,1,7,6,3
2013100529213,2,9,0,16,0,0,0,0,7,0,1,1,6,2,7,2401,2,8,5,3
2013100529313,1,19,0,1,0,2,0,0,0,0,2,1,1,1,6,2148,2,4,1,1
2013100529413,1,9,0,18,0,0,0,0,0,0,1,1,6,2,6,1000,1,13,9,2
2013100529413,2,9,0,4,0,0,0,0,0,0,2,1,2,1,8,2179,2,1,9,1
2013100529513,1,9,0,9,0,5,0,0,0,0,4,2,6,1,6,-1,-1,-1,10,2
2013100529513,2,9,0,18,0,8,0,0,0,0,1,1,1,1,7,-1,-1,-1,2,1
2013100529713,1,9,0,11,0,0,0,0,0,0,1,1,2,1,4,1896,2,10,2,1
2013100529713,2,9,0,18,0,0,0,0,0,0,3,1,1,1,9,1364,1,5,8,1
2013100529713,3,9,0,18,0,0,0,0,0,0,2,1,2,1,9,1998,2,9,3,1
2013100530313,1,9,0,9,0,5,0,0,0,0,1,1,1,1,-1,1968,2,1,10,1
2013100530313,2,1,0,18,0,8,0,0,0,0,1,1,1,2,7,-1,-1,-1,-1,-1
2013100530613,1,5,0,17,0,0,1,0,7,9,1,1,6,1,4,1100,1,13,10,1
2013100530713,1,9,0,18,0,8,0,0,0,0,2,1,6,1,6,1590,1,9,1,1
2013100530713,2,9,0,18,0,8,0,0,0,0,1,1,1,1,5,-1,-1,-1,3,2
2013100530813,1,9,0,16,0,0,1,0,7,0,1,1,6,2,4,996,1,-1,2,1
2013100530913,1,9,0,9,0,5,0,0,0,0,1,1,6,1,5,1598,2,-1,-1,1
2013100530913,2,9,0,18,0,8,0,0,0,0,1,1,6,1,10,998,1,20,5,2
2013100531213,1,9,0,18,0,8,0,0,0,0,1,1,6,3,-1,1598,1,12,-1,-1
2013100531213,2,9,0,18,0,8,0,0,0,0,4,1,6,2,5,1198,1,7,6,1
2013100531613,1,9,0,5,0,4,0,0,0,0,1,1,6,2,9,1896,2,10,1,1
2013100531613,2,9,0,18,0,8,0,0,0,0,4,1,6,1,4,-1,-1,-1,4,2
2013100532213,1,11,0,5,2,2,0,0,0,0,0,1,6,1,9,6871,2,7,3,1
2013100532413,1,9,0,4,0,1,0,0,0,0,3,1,3,1,7,1596,1,3,2,3
2013100532513,1,1,0,18,0,0,0,0,0,0,1,1,6,1,6,-1,-1,-1,1,1
2013100532513,2,9,0,18,0,0,0,0,0,0,1,1,1,1,8,1598,2,-1,2,1
2013100532613,1,9,0,18,0,8,0,0,0,0,1,1,1,1,8,1598,2,-1,-1,1
2013100532613,2,9,0,7,0,8,0,0,0,0,1,1,6,2,6,1242,1,3,7,1
2013100532713,1,1,0,18,0,8,0,0,0,0,1,1,2,1,6,-1,-1,-1,-1,-1
2013100532713,2,19,0,9,0,6,0,0,0,0,4,1,6,3,-1,-1,-1,-1,-1,-1
2013100532913,1,9,0,18,0,8,0,0,0,0,1,1,1,1,8,1997,2,5,3,1
2013100532913,2,9,0,9,0,6,0,0,4,1,3,1,2,2,9,1598,1,6,3,1
2013100533313,1,11,0,18,0,1,0,0,0,0,3,1,1,1,7,6700,2,5,1,1
2013100533313,2,11,0,3,0,2,0,0,0,0,1,1,1,1,9,6700,2,6,4,1
2013100533313,3,11,0,3,0,2,0,0,0,0,0,1,1,1,7,6700,2,6,1,1
2013100533813,1,9,0,18,0,1,0,0,0,0,1,1,1,1,7,1896,2,7,1,1
2013100533813,2,9,0,3,0,1,0,0,0,0,2,1,6,2,7,-1,-1,-1,1,1
2013100534013,1,9,0,1,0,6,0,0,0,0,2,1,6,3,-1,-1,-1,-1,-1,-1
2013100534213,1,9,0,18,0,0,0,0,0,0,1,1,6,1,6,1560,2,6,-1,-1
2013100534213,2,9,0,3,0,0,0,0,0,0,2,1,6,2,7,1975,1,6,10,1
2013100534413,1,5,0,14,0,1,0,0,0,0,1,1,6,1,10,599,1,16,2,1
2013100534413,2,9,0,9,0,6,0,0,0,0,3,1,6,1,10,1753,2,11,2,1
2013100534513,1,11,0,18,0,8,0,0,0,0,0,1,1,1,8,-1,-1,-1,1,1
2013100534513,2,9,0,5,0,8,0,0,0,0,0,1,6,2,8,1997,2,10,2,1
2013100534713,1,9,0,9,0,8,0,0,0,0,1,1,2,1,7,1124,1,8,4,1
2013100534713,2,3,0,18,0,1,1,0,0,0,1,1,6,1,5,125,1,6,2,1
2013100534813,1,8,0,18,0,0,0,0,0,0,3,1,1,1,5,1896,2,6,-1,-1
2013100535013,1,9,0,18,0,0,0,0,0,0,1,1,6,3,-1,-1,-1,-1,-1,-1
2013100535113,1,9,0,12,0,1,0,0,0,0,3,1,6,3,-1,-1,-1,-1,-1,-1
2013100535113,2,9,0,18,0,1,0,0,0,0,1,1,6,1,7,1560,2,-1,4,1
2013100535313,1,9,0,4,0,1,1,0,0,0,1,1,1,1,4,1149,1,11,6,1
2013100535313,2,9,0,3,0,1,0,0,0,0,2,1,1,2,5,1229,1,4,7,1
2013100535413,1,9,0,18,0,8,0,0,0,0,1,1,6,1,4,1199,1,10,1,1
2013100535813,1,1,0,18,0,8,0,0,0,0,4,1,6,2,5,-1,-1,-1,-1,-1
2013100535813,2,9,0,18,0,8,1,0,0,0,1,1,6,2,5,1497,1,10,-1,-1
2013100535913,1,9,0,18,0,0,0,0,0,0,1,1,1,2,7,-1,-1,-1,4,1
2013100536013,1,19,0,16,0,1,0,0,0,0,1,1,1,1,8,2198,2,6,-1,-1
2013100536013,2,9,0,17,0,2,0,0,0,0,1,1,2,2,8,2000,2,7,9,1
2013100536113,1,9,0,14,0,0,0,0,0,0,4,1,1,2,5,1242,1,-1,8,1
2013100536113,2,1,0,18,0,0,0,0,0,0,1,1,6,1,3,-1,-1,-1,10,1
2013100536513,1,9,0,4,0,8,0,0,0,0,1,1,6,1,-1,1149,1,15,-1,-1
2013100536513,2,9,0,4,0,8,0,0,0,0,2,1,6,1,6,-1,-1,-1,-1,-1
2013100536813,1,9,0,7,0,4,0,0,0,0,3,1,1,3,-1,-1,-1,-1,-1,-1
2013100536813,2,3,0,18,0,8,1,0,0,0,1,1,6,1,6,-1,-1,-1,2,2
2013100536913,1,9,0,9,0,5,0,0,0,0,1,1,6,2,9,1360,1,3,8,1
2013100536913,2,3,0,18,0,8,0,0,0,0,1,1,6,1,4,-1,-1,-1,2,1
2013100537113,1,19,0,18,0,6,0,0,0,0,1,1,1,1,8,1753,2,5,7,1
2013100537113,2,9,0,18,0,8,0,0,0,0,4,1,2,2,5,1149,1,15,5,1
2013100537313,1,9,0,2,0,0,0,0,0,0,3,1,6,2,9,1968,2,7,8,1
2013100537313,2,1,0,14,0,0,0,0,0,0,1,1,6,1,5,-1,-1,-1,9,1
2013100537413,1,11,0,5,0,2,0,0,0,0,0,1,6,1,10,6700,2,4,9,1
2013100537513,1,9,0,5,0,8,0,0,0,0,4,1,6,1,6,1998,2,12,6,1
2013100537513,2,9,0,18,0,8,0,0,0,0,1,1,6,1,5,1198,1,3,8,1
2013100537713,1,9,0,4,0,1,0,0,0,0,1,1,6,1,7,1686,2,5,9,1
2013100537713,2,9,0,3,0,1,0,0,0,0,2,1,6,1,9,2497,2,7,5,1
2013100537913,1,9,0,18,0,8,0,0,0,0,3,1,2,1,4,1991,1,15,2,1
2013100537913,2,9,0,18,0,8,0,0,0,0,1,1,2,2,5,1328,1,8,2,1
2013100538013,1,11,0,18,0,2,0,0,0,0,1,1,1,3,-1,-1,-1,-1,-1,-1
2013100538113,1,9,0,4,0,1,0,0,0,0,1,1,6,3,-1,-1,-1,-1,-1,-1
2013100538113,2,9,0,3,0,1,0,0,0,0,2,1,6,1,7,2720,2,6,10,1
2013100538813,1,3,0,18,0,8,0,0,0,0,0,1,6,3,-1,-1,-1,-1,-1,-1
2013100538813,2,11,0,18,0,8,0,0,0,0,0,1,1,1,6,9600,2,14,4,1
2013100539113,1,9,0,18,0,0,0,0,0,0,2,1,6,1,5,1598,1,6,2,1