Accident_Index,Vehicle_Reference,Vehicle_Type,Towing_and_Articulation,Vehicle_Manoeuvre,Vehicle_Location-Restricted_Lane,Junction_Location,Skidding_and_Overturning,Hit_Object_in_Carriageway,Vehicle_Leaving_Carriageway,Hit_Object_off_Carriageway,1st_Point_of_Impact,Was_Vehicle_Left_Hand_Drive?,Journey_Purpose_of_Driver,Sex_of_Driver,Age_Band_of_Driver,Engine_Capacity_(CC),Propulsion_Code,Age_of_Vehicle,Driver_IMD_Decile,Driver_Home_Area_Type
2013100539113,2,1,0,18,0,0,0,0,0,0,1,1,6,2,1,-1,-1,-1,2,1
2013100539913,1,8,0,9,0,5,0,0,0,0,1,1,1,1,7,1896,2,10,3,1
2013100539913,2,5,0,18,0,8,0,0,0,0,1,1,2,1,8,649,1,5,9,1
2013100540013,1,9,0,4,0,1,0,0,0,0,1,1,6,2,9,1461,2,1,1,1
2013100540013,2,9,0,8,0,1,0,0,0,0,2,1,2,1,7,1349,1,2,1,1
2013100540313,1,19,0,18,0,0,0,0,0,0,1,1,1,1,8,2402,2,4,3,1
2013100540313,2,9,0,2,0,0,0,0,1,11,2,1,6,2,9,2143,2,3,9,1
2013100540813,1,9,0,18,0,0,0,0,0,0,1,1,6,1,8,1360,1,11,4,1
2013100540813,2,9,0,3,0,0,0,0,0,0,2,1,6,2,5,1679,1,15,9,1
2013100540813,3,9,0,3,0,0,0,0,0,0,0,1,6,1,7,2401,2,10,9,2
2013100541013,1,1,0,18,0,0,0,0,0,0,1,1,1,1,2,-1,-1,-1,1,1
2013100541013,2,19,0,18,0,0,0,0,0,0,3,1,1,1,7,-1,3,3,2,1
2013100541313,1,19,0,18,0,0,1,12,0,0,1,1,1,1,6,1398,2,1,3,2
2013100541513,1,9,0,18,0,1,0,0,0,0,1,1,6,1,7,1461,2,1,4,1
2013100541513,2,9,0,4,0,1,0,0,0,0,2,1,6,1,8,1686,2,1,-1,-1
2013100541513,3,19,0,18,0,1,0,0,0,0,0,1,1,1,6,2198,2,2,-1,-1
2013100541713,1,9,0,5,0,1,0,0,0,0,0,1,6,2,8,998,1,6,1,1
2013100541813,1,11,0,5,2,8,0,0,0,0,3,1,1,1,9,6871,2,14,5,1
2013100542013,1,9,0,5,0,1,0,0,0,0,1,1,2,2,6,1461,2,-1,7,1
2013100542013,2,19,0,4,0,1,0,0,0,0,2,1,2,1,8,2287,2,6,8,1
2013100542213,1,11,0,5,0,8,0,0,0,0,0,1,1,1,8,4760,2,-1,5,2
2013100542413,1,9,0,14,0,0,0,0,0,0,1,1,1,2,4,1149,1,12,5,2
2013100542513,1,8,0,18,0,1,0,0,0,0,4,1,1,3,-1,-1,-1,-1,-1,-1
2013100542613,1,1,0,18,0,8,0,0,0,0,1,1,6,1,5,-1,-1,-1,4,1
2013100542613,2,9,0,3,0,1,0,0,0,0,3,1,6,1,8,1197,1,-1,2,1
2013100543013,1,9,0,18,0,6,0,0,0,0,1,1,6,2,6,1199,1,11,5,1
2013100543013,2,8,0,18,0,8,0,0,0,7,3,1,1,1,7,-1,-1,-1,2,1
2013100543213,1,9,0,9,0,5,0,0,0,0,1,1,4,1,6,-1,-1,-1,2,1
2013100543213,2,3,0,18,0,8,0,0,0,0,1,1,4,1,4,124,1,-1,4,1
2013100543813,1,9,0,18,0,0,0,0,0,0,1,1,6,1,6,1598,1,-1,1,1
2013100543813,2,9,0,6,0,0,0,0,0,0,3,1,6,1,7,1560,2,7,5,1
2013100543913,1,9,0,18,0,0,0,0,0,0,3,1,1,1,6,2401,2,7,-1,-1
2013100544213,1,19,0,18,0,2,0,0,0,0,1,1,1,1,6,1995,2,4,3,1
2013100544213,2,9,0,5,0,2,0,0,0,0,2,1,2,1,7,2149,2,6,1,2
2013100544313,1,8,0,18,0,0,0,0,0,0,1,1,1,1,9,1997,2,10,1,1
2013100544413,1,9,0,18,0,0,0,0,0,0,1,1,6,1,7,1781,1,14,1,1
2013100544413,2,9,0,3,0,0,0,0,0,0,2,1,6,1,6,-1,-1,-1,8,3
2013100544613,1,9,0,7,3,1,0,0,0,0,3,1,1,1,6,1461,2,1,4,1
2013100544713,1,9,0,9,0,5,0,0,0,0,4,1,6,2,4,998,1,1,9,1
2013100544713,2,3,0,15,0,8,0,0,0,0,1,1,6,1,9,125,1,9,1,1
2013100544713,3,9,0,10,0,1,0,0,0,0,0,1,6,3,-1,-1,-1,-1,-1,-1
2013100544913,1,9,0,16,0,0,2,0,1,4,4,1,6,1,4,998,1,10,8,3
2013100545213,1,5,0,18,0,1,1,0,0,0,4,1,2,1,9,1063,1,8,4,2
2013100545313,1,1,0,18,0,6,1,0,0,0,1,1,6,1,9,-1,-1,-1,-1,-1
2013100545313,2,9,0,4,0,1,0,0,0,0,4,1,6,2,5,1242,1,7,4,2
2013100545413,1,9,0,18,0,0,0,0,0,0,1,1,6,1,9,1753,2,4,7,1
2013100545413,2,1,0,18,0,0,0,0,0,0,1,1,6,1,5,-1,-1,-1,4,1
2013100545513,1,9,0,16,0,0,5,0,1,9,1,1,1,2,5,1149,1,11,6,3
2013100545613,1,9,0,18,0,1,0,0,0,0,4,1,6,1,6,1800,1,14,1,1
2013100545613,2,9,0,3,0,1,0,0,0,0,4,1,1,1,7,-1,-1,-1,1,1
2013100545613,3,9,0,2,0,1,0,0,0,0,3,1,6,1,8,1149,1,10,1,1
2013100545613,4,9,0,2,0,1,0,0,0,0,1,1,6,1,6,1870,2,10,1,1
2013100545813,1,9,0,9,0,5,0,0,0,0,1,1,6,2,4,1229,1,8,5,3
2013100545813,2,9,0,18,0,8,0,0,0,0,1,1,1,2,5,-1,-1,-1,6,1
2013100546013,1,9,0,18,0,0,1,0,0,0,1,1,6,1,-1,1798,1,6,7,1
2013100546013,2,9,0,4,0,0,0,0,0,0,2,1,1,2,8,1149,1,1,1,1
2013100546113,1,9,0,7,0,5,0,0,0,0,4,1,6,2,6,1124,1,13,2,1
2013100546113,2,1,0,18,0,8,0,0,0,0,4,1,1,1,7,-1,-1,-1,-1,-1
2013100546213,1,11,0,4,2,0,0,0,0,0,1,1,1,1,8,6871,2,8,3,1
2013100546413,1,9,0,17,0,0,5,0,7,0,1,1,6,1,11,1124,1,10,5,1
2013100546413,2,9,0,2,0,0,0,0,0,0,2,1,6,1,10,1398,1,3,9,1
2013100546613,1,9,0,18,0,8,0,0,0,1,1,1,6,1,7,1956,2,-1,6,3
2013100546813,1,2,0,18,0,7,0,0,0,0,4,1,2,1,6,124,1,4,5,1
2013100546813,2,9,0,18,0,8,0,0,0,0,1,1,6,1,9,1461,2,-1,2,1
2013100547113,1,9,0,12,0,2,1,0,0,0,3,1,2,2,6,1360,1,7,2,1
2013100547113,2,9,0,18,0,2,1,0,4,6,4,1,2,1,6,2000,1,9,10,1
2013100547313,1,9,0,5,0,6,0,0,0,0,3,1,2,1,7,1560,2,3,-1,3
2013100547313,2,9,0,11,0,8,0,0,0,0,1,1,6,1,9,1399,2,9,2,1
2013100547413,1,9,0,6,0,8,0,0,0,0,1,1,6,2,5,1197,1,-1,1,1
2013100547413,2,9,0,18,0,1,0,0,1,0,2,1,6,1,6,1995,2,2,3,1
2013100547613,1,9,0,6,0,8,0,0,0,0,1,1,1,1,8,2996,1,8,2,1
2013100547713,1,9,0,15,0,0,0,0,0,0,1,1,6,3,-1,-1,-1,-1,-1,-1
2013100547713,2,1,0,18,0,0,0,0,0,0,2,1,1,1,8,-1,-1,-1,3,1
2013100547913,1,9,0,18,0,0,1,0,1,11,1,1,2,1,8,2198,2,6,-1,-1
2013100548313,1,9,0,18,0,0,1,0,1,10,1,1,6,1,5,1598,1,6,8,3
2013100548413,1,11,0,4,0,1,0,0,0,0,0,1,6,1,5,6700,2,3,5,1
2013100548813,1,9,0,18,0,1,0,0,0,0,1,1,6,3,-1,-1,-1,-1,-1,-1
2013100548813,2,8,0,3,0,1,0,0,0,0,2,1,1,1,7,1595,1,2,7,1
2013100549213,1,9,0,17,0,0,1,0,1,0,1,1,1,1,6,1343,1,9,2,2
2013100549313,1,1,0,18,0,6,0,0,0,0,1,1,6,2,1,-1,-1,-1,-1,-1
2013100549313,2,9,0,18,0,8,0,0,0,0,3,1,6,1,6,1242,1,4,2,1
2013100549413,1,1,0,18,0,0,0,0,0,0,1,1,6,1,4,-1,-1,-1,-1,-1
2013100549413,2,19,0,1,0,0,0,0,0,0,2,1,1,1,7,2198,2,5,8,1
2013100549613,1,9,0,18,0,0,0,0,0,0,1,1,6,2,5,1199,2,1,4,1
2013100549613,2,9,0,4,0,0,0,0,0,0,2,1,6,1,6,2148,2,10,8,1
2013100550013,1,11,0,18,0,8,0,0,0,0,3,1,1,1,7,6370,2,6,4,1
2013100550013,2,9,0,18,0,8,0,0,0,0,1,1,6,1,6,1870,2,6,2,1
2013100550113,1,9,0,15,0,1,0,0,0,0,3,1,6,1,5,1968,2,6,9,1
2013100550113,2,9,0,10,0,1,0,0,0,0,4,1,6,2,7,1595,1,2,7,1
2013100550413,1,4,0,6,0,0,0,0,0,0,0,1,6,1,9,498,1,16,3,1
2013100550513,1,9,0,18,0,0,0,0,0,0,4,1,6,2,6,1598,2,-1,10,1
2013100550613,1,9,0,18,0,0,0,0,0,0,1,1,6,3,-1,-1,-1,-1,-1,-1
2013100550613,2,9,0,4,0,0,0,0,0,0,2,1,6,1,5,1242,1,5,9,1
2013100550813,1,9,0,18,0,0,0,0,0,0,1,1,6,2,7,2993,2,3,-1,-1
2013100550813,2,9,0,18,0,0,0,0,0,0,2,1,6,1,9,1398,1,-1,4,1
2013100551013,1,9,0,17,0,0,1,0,1,4,1,1,6,1,8,1396,1,11,-1,1
2013100551913,1,9,0,2,0,0,0,0,0,0,3,1,6,2,7,1598,1,6,8,1
2013100551913,2,1,0,18,0,0,0,0,0,0,4,1,6,1,4,-1,-1,-1,1,1
2013100552013,1,9,0,18,0,0,0,0,0,0,1,1,2,2,7,2720,2,4,10,1
2013100552013,2,9,0,3,0,0,0,0,0,0,2,1,2,2,7,1422,2,5,9,2
2013100552113,1,9,0,18,0,8,0,0,0,0,4,1,6,2,7,1598,1,9,2,2
2013100552113,2,9,0,18,0,8,0,0,0,0,2,1,6,2,11,1388,1,4,8,1
2013100552413,1,9,0,9,0,6,0,0,0,0,1,1,2,1,7,2354,1,8,9,3
2013100552413,2,9,0,18,0,8,0,0,7,0,4,1,6,2,5,1248,2,-1,2,1
2013100552513,1,9,0,9,0,5,0,0,0,0,4,1,6,1,9,1598,1,-1,6,3
2013100552513,2,9,0,18,0,8,0,0,0,0,1,1,1,1,5,799,2,1,-1,-1
2013100552613,1,9,0,18,0,8,0,0,0,0,1,1,2,1,6,1598,1,6,2,1
2013100552613,2,8,0,18,0,8,0,10,0,0,1,1,1,1,8,1910,2,7,2,1
2013100552813,1,9,0,18,0,4,0,0,0,0,3,1,6,3,-1,-1,-1,-1,-1,-1
2013100552813,2,1,0,17,0,8,0,0,0,0,4,1,2,1,7,-1,-1,-1,8,2
2013100553313,1,9,0,7,0,6,0,0,0,0,1,1,1,1,7,1248,2,4,-1,-1
2013100553313,2,9,0,18,0,1,0,0,0,0,1,1,2,1,5,1896,2,8,9,1
2013100553413,1,9,0,18,0,6,5,0,0,0,4,1,2,1,7,998,1,12,9,3
2013100553413,2,9,0,18,0,8,0,0,0,0,1,1,2,2,6,1997,2,2,8,3
2013100553813,1,9,0,18,2,2,0,0,0,0,4,1,1,1,6,-1,-1,-1,-1,-1
2013100554313,1,9,0,18,0,0,0,0,0,0,4,1,6,3,-1,-1,-1,-1,-1,-1
2013100554413,1,9,0,18,0,1,0,0,0,0,1,1,6,1,11,2198,1,9,6,3
2013100554413,2,9,0,3,0,1,0,0,0,0,2,1,6,1,10,1461,2,1,7,1
2013100554713,1,9,0,9,0,8,0,0,0,0,3,1,1,1,7,2000,1,14,6,3
2013100554713,2,2,0,9,0,8,0,0,0,0,4,1,1,1,7,49,1,-1,4,1
2013100554913,1,9,0,18,0,8,0,0,0,0,3,1,6,2,5,1242,1,11,5,1
2013100555113,1,11,0,17,0,3,0,0,0,0,0,1,1,2,6,6700,2,2,5,1
2013100555513,1,5,0,4,0,1,1,0,0,0,4,1,6,1,7,599,1,10,5,2
2013100555813,1,11,0,18,0,1,0,0,0,0,1,1,1,1,9,9000,2,6,2,1
2013100556213,1,11,0,3,0,0,0,0,0,0,0,1,1,1,10,-1,-1,-1,-1,-1
2013100556213,2,9,0,2,0,0,0,0,0,0,3,1,6,1,6,1598,1,-1,7,3
2013100556313,1,9,0,18,0,1,0,0,0,0,1,1,6,3,-1,-1,-1,-1,-1,-1
2013100556413,1,9,0,18,0,2,0,0,0,0,1,1,6,2,5,1388,1,9,2,1
2013100556413,2,9,0,3,0,2,0,0,0,0,2,1,6,2,8,1400,2,6,4,1
2013100556413,3,90,0,18,0,1,0,0,0,0,0,1,1,1,5,2463,2,9,7,3
2013100556713,1,9,0,18,0,0,0,0,0,0,4,1,6,1,11,1332,1,2,5,1
2013100557213,1,5,0,17,0,0,2,10,1,2,4,1,6,1,6,599,1,21,3,1
2013100557313,1,9,0,12,0,0,0,0,0,0,1,1,6,2,6,1598,1,8,-1,-1
2013100557313,2,9,0,12,0,0,0,0,0,0,2,1,6,1,9,1900,2,10,-1,-1
2013100557413,1,19,0,4,0,0,0,0,0,0,1,1,6,3,-1,-1,-1,-1,-1,-1
2013100557413,2,1,0,18,0,0,0,0,0,0,2,1,6,1,3,-1,-1,-1,7,1
2013100557513,1,9,0,18,0,8,1,0,0,0,1,1,6,2,8,1199,1,13,6,1
2013100557513,2,9,0,3,0,8,0,0,0,0,1,1,6,2,6,1461,2,-1,3,1
2013100557513,3,9,0,10,0,8,0,0,0,0,2,1,2,2,7,1995,2,4,6,1
2013100557613,1,19,0,18,0,8,0,0,0,0,1,1,6,1,8,1560,2,5,10,1
2013100557613,2,1,0,18,0,8,0,0,0,0,4,1,6,1,8,-1,-1,-1,5,1
2013100557813,1,19,0,9,0,6,0,0,0,0,3,1,1,1,6,2402,2,4,4,1
2013100557813,2,1,0,18,0,8,1,0,0,0,1,1,2,1,8,-1,-1,-1,1,1
2013100558213,1,9,0,18,0,0,1,0,1,9,1,1,2,2,5,1870,2,6,7,2
2013100558213,2,9,0,18,0,0,0,0,0,0,0,1,6,1,6,1998,1,11,7,2
2013100558313,1,11,0,2,0,0,0,0,0,0,0,1,1,1,9,6871,2,14,1,1
2013100558513,1,19,0,18,0,2,0,0,0,0,4,1,1,1,8,4461,2,1,2,1
2013100558613,1,19,0,18,0,0,0,0,0,0,1,1,1,1,8,2198,2,5,-1,-1
2013100558913,1,9,0,17,0,0,1,0,0,0,4,1,2,1,6,1896,2,12,4,1
2013100558913,2,9,0,16,0,0,0,0,0,0,3,1,2,2,6,998,1,13,-1,-1
2013100559813,1,9,4,9,0,8,0,0,0,0,3,1,1,1,9,1364,1,8,9,1
2013100559813,2,1,0,18,0,8,0,0,0,0,1,1,6,1,6,-1,-1,-1,-1,-1
2013100560213,1,11,0,18,0,1,0,0,0,0,0,1,1,2,6,6800,2,4,2,1
2013100560313,1,11,0,18,0,3,0,0,0,0,0,1,1,2,6,9600,2,13,3,1
2013100560613,1,9,0,18,0,0,0,0,0,0,1,1,2,1,8,1598,1,3,1,1
2013100560813,1,9,0,9,0,5,0,0,0,0,1,1,6,2,9,1198,1,1,9,1
2013100560813,2,9,0,18,0,8,0,0,0,0,3,1,6,2,10,1242,1,3,9,2
2013100561013,1,9,0,18,0,0,0,0,0,0,1,1,6,1,4,-1,-1,-1,3,1
2013100561013,2,9,0,3,0,0,0,0,0,0,2,1,6,2,8,998,1,11,5,1
2013100561113,1,9,0,1,0,0,0,0,0,0,2,1,6,2,8,1598,1,3,3,1
2013100561113,2,1,0,18,0,0,0,0,0,0,1,1,2,1,7,-1,-1,-1,3,1
2013100561213,1,9,0,18,0,8,1,0,0,0,1,1,6,1,-1,1781,2,15,4,1
2013100561213,2,9,0,9,0,5,0,0,7,0,2,1,1,1,8,1968,2,4,3,1
2013100561313,1,9,0,18,0,0,2,0,7,0,1,1,6,2,4,1198,1,11,5,3
2013100561413,1,9,0,18,0,2,0,0,0,0,3,1,6,3,-1,1997,2,3,-1,-1
2013100561813,1,9,0,18,0,5,0,0,0,0,1,1,2,1,6,1598,1,3,9,1
2013100561813,2,9,0,3,0,5,0,0,0,0,2,1,2,1,9,1840,1,12,6,1
2013100562213,1,9,0,18,0,8,0,0,0,0,3,1,6,1,6,1596,1,1,1,1
2013100562213,2,1,0,18,0,8,0,0,0,0,1,1,6,1,4,-1,-1,-1,10,2
2013100562313,1,9,0,18,0,1,0,0,0,0,1,1,6,1,5,1796,1,13,5,1
2013100562313,2,9,0,3,0,8,0,0,0,0,2,1,6,2,7,1560,2,6,2,1
2013100562313,3,19,0,3,0,8,0,0,0,0,2,1,1,1,8,2402,2,5,3,2
2013100562613,1,9,0,7,0,5,0,0,0,0,4,1,6,1,8,1461,2,2,10,1
2013100562613,2,1,0,18,0,8,0,0,0,0,1,1,6,1,7,-1,-1,-1,10,1
2013100562813,1,9,0,18,0,8,1,4,0,7,4,1,6,1,6,2979,1,12,-1,-1
2013100562813,2,11,0,2,0,8,0,0,0,0,2,1,1,1,7,6871,2,10,2,1
2013100563413,1,9,3,18,0,1,0,0,0,0,4,1,6,3,-1,-1,-1,-1,-1,-1
2013100563613,1,9,0,11,0,1,1,0,1,11,1,1,6,2,8,1598,2,2,5,3
2013100563613,2,9,0,3,0,1,0,0,0,0,2,1,6,1,7,1598,1,9,3,1
2013100563613,3,9,0,3,0,1,0,0,0,0,4,1,6,1,8,-1,-1,-1,1,1
2013100563713,1,9,0,18,0,0,0,0,0,0,4,1,6,1,11,1390,1,1,3,1
2013100563713,2,9,0,2,0,0,0,0,0,0,4,1,6,1,6,2231,2,-1,4,1
2013100564113,1,9,0,18,0,0,0,0,0,0,1,1,6,2,8,998,1,8,3,1
2013100564113,2,9,0,2,0,0,0,0,0,0,1,1,6,1,7,2191,2,-1,2,1
2013100564513,1,8,0,18,0,0,0,0,0,0,4,1,6,3,-1,-1,-1,-1,-1,-1
2013100564713,1,8,0,11,0,0,0,0,0,0,4,1,1,1,9,2685,2,9,4,3
2013100565013,1,9,0,9,0,5,0,0,0,0,4,1,1,2,6,1910,2,7,2,1
2013100565013,2,9,0,18,0,1,0,0,0,0,1,1,1,1,7,1994,1,9,4,1
2013100565113,1,8,0,16,0,0,0,0,0,0,1,1,1,3,-1,-1,-1,-1,-1,-1
2013100565313,1,19,0,9,0,6,0,0,0,0,1,1,1,1,6,1896,2,6,-1,-1
2013100565313,2,9,0,18,0,8,0,0,0,0,4,1,3,2,6,1124,1,8,-1,-1
2013100565613,1,1,0,7,0,6,0,0,0,0,3,1,6,1,3,-1,-1,-1,-1,-1
2013100565613,2,3,0,18,0,8,2,0,0,0,1,1,6,1,6,998,1,3,1,1
2013100566213,1,11,0,4,0,0,0,0,0,0,0,1,1,1,7,4500,2,2,1,1
2013100566713,1,9,0,9,0,6,0,0,0,0,3,1,2,2,4,1596,1,9,5,1
2013100566713,2,11,0,17,0,8,0,0,0,0,1,1,1,1,9,6370,2,3,-1,-1
2013100566913,1,9,0,16,0,0,0,10,0,0,1,1,6,1,4,-1,-1,-1,3,2
2013100566913,2,9,0,2,0,0,0,0,0,0,0,1,6,1,8,998,1,-1,3,2
2013100567013,1,9,0,2,0,2,0,0,0,0,3,1,6,1,6,1951,2,10,3,2
2013100567013,2,1,0,13,0,2,0,8,0,0,1,1,6,1,8,-1,-1,-1,5,1
2013100567113,1,5,0,18,0,8,2,0,0,0,3,1,2,1,5,636,1,7,2,3
2013100567213,1,9,0,18,0,8,0,0,0,0,1,1,6,2,7,1598,1,7,3,1
2013100567213,2,5,0,18,0,8,5,0,0,0,4,1,6,1,4,599,1,4,4,1
2013100567313,1,9,0,17,0,0,1,0,1,9,1,1,6,1,6,1149,1,6,-1,1
2013100567413,1,9,0,4,0,1,0,0,0,0,1,1,6,3,-1,1299,1,11,-1,-1
2013100567413,2,9,0,3,0,1,0,0,0,0,2,1,6,1,6,1560,2,2,1,1
2013100567513,1,9,0,18,0,1,0,0,0,0,1,1,1,1,5,1461,2,-1,-1,-1
2013100567513,2,9,0,10,0,1,0,0,0,0,2,1,6,2,8,-1,-1,-1,1,1
2013100567613,1,11,0,14,0,2,0,0,0,0,1,1,1,1,7,6871,2,14,-1,-1
2013100567613,2,9,0,14,0,2,0,4,0,0,1,1,6,2,6,1596,1,12,2,1
2013100567613,3,9,0,2,0,2,0,0,0,0,0,1,6,3,-1,1598,1,1,2,1
2013100567613,4,9,0,2,0,2,0,0,0,0,1,1,6,3,-1,1199,1,10,2,1
2013100568113,1,9,0,1,0,1,0,0,0,0,2,1,6,1,7,2199,2,5,1,1
2013100568213,1,9,0,14,0,0,0,0,0,0,4,1,6,1,6,1396,1,11,7,1
2013100568213,2,11,0,2,0,0,0,0,0,0,1,1,1,3,-1,9000,2,11,-1,-1
2013100568213,3,9,0,18,0,0,0,0,0,0,1,1,2,1,8,1995,2,-1,7,1
2013100568513,1,9,0,9,0,6,0,0,0,0,2,1,6,3,-1,-1,-1,-1,-1,-1
2013100568513,2,9,0,18,0,8,0,0,1,0,1,1,6,1,6,1796,1,15,3,1
2013100569213,1,9,0,4,0,0,0,0,0,0,4,1,6,1,7,2771,1,12,2,2
2013100569213,2,1,0,18,0,0,0,0,0,0,0,1,6,2,2,-1,-1,-1,2,1
2013100570213,1,9,0,18,0,8,0,0,0,0,1,1,6,1,6,1587,1,9,8,1
2013100570213,2,9,0,9,0,5,0,0,0,0,4,1,6,1,9,1560,2,1,2,1
2013100570313,1,9,0,1,0,0,0,0,0,0,2,1,6,3,-1,-1,-1,-1,-1,-1
2013100570313,2,9,0,2,0,0,0,0,0,0,0,1,6,3,-1,-1,-1,-1,-1,-1
2013100570513,1,9,0,9,0,5,0,0,0,0,1,1,6,2,6,1240,1,6,1,1
2013100570513,2,9,0,18,0,8,0,0,0,0,1,1,6,2,6,995,1,8,2,1
2013100570713,1,9,0,18,0,1,0,0,0,0,2,1,6,3,-1,-1,-1,-1,-1,-1
2013100570913,1,9,0,18,0,0,0,0,0,0,1,1,6,1,4,1389,1,12,2,1
2013100570913,2,9,0,4,0,0,0,0,0,0,2,1,6,1,7,2231,2,1,10,1
2013100571413,1,9,0,18,0,0,0,0,0,0,1,1,3,2,8,1246,1,8,7,1
2013100571413,2,9,0,2,0,0,0,0,0,0,2,1,3,2,6,1598,1,7,1,1
2013100571713,1,9,0,18,0,2,0,0,0,0,1,1,1,1,9,1968,2,6,7,1
2013100571813,1,9,0,9,0,6,0,0,0,0,1,1,6,1,11,1360,1,13,2,1
2013100571813,2,9,0,18,0,8,0,0,0,0,1,1,6,1,7,2143,2,-1,7,1
2013100571913,1,9,0,18,0,7,0,0,0,0,1,1,6,1,5,1398,2,8,7,1
2013100571913,2,9,0,11,0,8,0,0,0,0,4,1,6,1,10,1390,1,11,1,1
2013100572113,1,3,0,18,0,0,1,4,0,0,1,1,6,1,4,-1,-1,-1,1,1
2013100572113,2,9,0,2,0,0,0,0,0,0,2,1,6,1,5,1956,2,3,9,2
2013100572213,1,3,0,4,0,1,1,0,0,0,1,1,6,1,4,124,1,2,10,1
2013100572213,2,9,0,3,0,1,0,0,0,0,2,1,6,1,8,-1,-1,-1,3,2
2013100572513,1,9,0,16,0,1,0,0,0,0,1,1,6,1,-1,1598,1,2,6,1
2013100572513,2,9,0,16,0,1,0,0,0,0,2,1,6,2,9,-1,-1,-1,6,1
2013100572613,1,90,0,18,0,1,0,0,0,0,1,1,1,1,7,7201,2,-1,-1,-1
2013100572613,2,9,0,3,0,1,0,0,0,0,2,1,6,2,5,1248,2,6,5,1
2013100573213,1,9,0,18,0,0,0,0,0,0,0,1,1,1,8,-1,-1,-1,-1,-1
2013100573313,1,9,0,18,0,0,0,0,0,0,1,1,2,1,5,1149,1,4,1,1
2013100573313,2,9,0,3,0,0,0,0,0,0,2,1,6,1,8,1368,1,4,3,1
2013100573413,1,9,0,18,0,1,0,0,0,0,1,1,6,3,-1,-1,-1,-1,-1,-1
2013100573413,2,9,0,3,0,1,0,0,0,0,2,1,6,2,5,1197,1,-1,3,1
2013100573613,1,9,0,18,0,0,0,0,0,0,1,1,2,1,4,1598,1,4,10,1
2013100573613,2,9,0,4,0,0,0,0,0,0,2,1,2,2,7,1560,2,-1,-1,-1
2013100573613,3,19,0,3,0,0,0,0,0,0,2,1,2,1,8,1686,2,10,4,2
2013100573613,4,9,0,3,0,0,0,0,0,0,2,1,2,1,7,1956,2,1,5,3
2013100573713,1,11,0,3,0,0,0,0,0,0,0,1,1,1,7,3900,2,10,-1,-1
2013100573813,1,9,0,9,0,5,0,0,6,1,1,1,6,1,11,1850,1,12,9,1
2013100573813,2,9,0,18,0,1,0,0,3,0,1,1,6,1,7,1870,2,8,10,1
2013100573913,1,9,0,18,0,1,0,0,0,0,1,1,6,1,10,2979,1,9,5,1
2013100573913,2,9,0,3,0,1,0,0,0,0,2,1,2,2,7,1995,2,4,10,1
2013100574513,1,21,0,9,0,5,0,0,0,0,1,1,1,1,8,4500,2,5,1,1
2013100574513,2,9,0,18,0,8,0,0,0,0,1,1,6,2,6,1997,2,11,7,3
2013100574613,1,9,0,18,0,8,1,0,0,0,4,1,6,2,4,1206,1,3,3,1
2013100574613,2,19,0,18,0,1,0,0,0,0,1,1,1,1,10,2198,2,6,6,1
2013100575013,1,9,0,9,0,6,0,0,0,0,1,1,6,1,7,1590,1,13,7,1
2013100575013,2,9,0,18,0,8,0,0,1,0,3,1,6,1,10,2231,2,4,7,1
2013100575113,1,5,0,15,0,4,0,0,0,0,3,1,1,1,6,599,1,12,2,1
2013100575113,2,9,0,9,0,4,0,0,0,0,4,1,1,1,6,1800,1,14,3,1
2013100575213,1,9,0,18,0,0,0,0,0,0,4,1,6,1,9,998,1,19,6,3
2013100575213,2,3,0,18,0,0,0,0,0,0,3,1,6,1,7,98,1,23,7,1
2013100575313,1,3,0,16,0,0,0,0,7,0,4,1,6,1,6,-1,-1,-1,1,1
2013100575413,1,19,0,18,0,0,0,0,0,0,1,1,1,1,8,1560,2,6,6,2
2013100575413,2,9,0,18,0,0,0,6,0,0,1,1,6,1,9,-1,-1,-1,8,3
2013100575513,1,9,0,18,0,0,0,0,0,0,1,1,6,2,11,1198,1,-1,5,1
2013100575513,2,9,0,3,0,0,0,0,0,0,2,1,6,2,5,998,1,2,9,1
2013100575613,1,19,0,17,0,1,0,0,0,0,1,1,2,1,9,1753,2,8,1,1
2013100575613,2,9,0,4,0,1,0,0,0,0,2,1,2,1,7,1124,1,8,1,1
2013100575713,1,9,0,17,0,1,0,0,7,0,1,1,6,1,6,-1,-1,-1,4,2
2013100575713,2,9,0,16,0,1,0,0,0,0,1,1,1,1,7,1995,2,1,9,1
2013100575913,1,9,0,18,0,0,0,0,0,0,1,1,6,1,7,1598,1,12,2,1
2013100575913,2,9,0,18,0,0,0,0,0,0,2,1,1,1,9,1896,2,9,1,1
2013100576113,1,9,0,4,0,1,0,0,0,0,1,1,6,2,5,998,1,-1,4,1
2013100576113,2,9,0,8,0,1,0,0,0,0,2,1,2,2,5,1299,1,7,3,1
2013100576513,1,9,0,18,0,0,0,0,0,0,0,1,1,1,8,1753,2,11,3,1
2013100576513,2,11,0,18,2,0,0,0,0,0,1,1,1,1,6,4500,2,2,1,1
2013100576713,1,9,0,4,0,0,0,0,0,0,1,1,6,1,9,1390,1,1,3,1