Accident_Index,Vehicle_Reference,Vehicle_Type,Towing_and_Articulation,Vehicle_Manoeuvre,Vehicle_Location-Restricted_Lane,Junction_Location,Skidding_and_Overturning,Hit_Object_in_Carriageway,Vehicle_Leaving_Carriageway,Hit_Object_off_Carriageway,1st_Point_of_Impact,Was_Vehicle_Left_Hand_Drive?,Journey_Purpose_of_Driver,Sex_of_Driver,Age_Band_of_Driver,Engine_Capacity_(CC),Propulsion_Code,Age_of_Vehicle,Driver_IMD_Decile,Driver_Home_Area_Type
2013100576813,1,9,0,9,0,5,0,0,0,0,3,1,6,2,8,1248,2,3,4,1
2013100576813,2,9,0,18,0,1,0,0,0,0,1,1,6,2,6,1796,1,7,2,1
2013100577013,1,9,0,9,0,5,0,0,0,0,1,1,6,2,5,-1,-1,-1,7,1
2013100577013,2,9,0,18,0,8,0,0,0,0,1,1,6,2,5,1198,1,8,10,2
2013100577513,1,9,0,16,0,0,5,0,7,0,4,1,6,2,6,998,1,6,1,1
2013100577913,1,11,0,2,2,1,0,0,0,0,0,1,1,1,7,3900,2,11,3,1
2013100578113,1,9,0,18,0,8,0,0,0,0,1,1,6,2,7,1896,2,9,-1,-1
2013100578113,2,9,0,18,0,8,0,0,0,0,1,1,6,2,5,1242,1,7,-1,-1
2013100578313,1,11,0,15,0,0,0,0,0,0,4,1,1,1,8,59,2,16,3,1
2013100578313,2,1,0,18,0,0,0,0,0,0,3,1,6,2,5,-1,-1,-1,7,1
2013100579413,1,9,0,18,0,0,0,0,7,11,1,1,6,1,10,-1,-1,-1,6,3
2013100579413,2,21,0,18,0,0,1,0,0,0,1,1,1,1,8,11705,2,1,7,1
2013100579413,3,9,0,18,0,0,0,0,0,0,0,1,1,1,6,2231,2,1,-1,-1
2013100579513,1,9,0,18,0,8,0,0,0,0,1,1,6,1,6,1896,2,9,-1,-1
2013100579513,2,9,0,9,0,5,0,0,0,0,1,1,6,1,5,1796,1,14,-1,-1
2013100579613,1,9,0,13,0,0,1,0,1,0,1,1,1,1,6,2494,2,1,1,1
2013100579613,2,9,0,18,0,0,0,0,7,0,1,1,1,2,6,-1,-1,-1,-1,3
2013100579613,3,9,0,18,0,0,0,0,0,0,0,1,1,1,7,2179,2,1,5,1
2013100579813,1,9,0,7,0,8,0,0,0,0,1,1,6,1,-1,1390,1,9,-1,-1
2013100579813,2,9,0,9,0,8,0,0,0,0,2,1,6,2,7,1388,1,9,2,1
2013100579913,1,19,0,16,0,0,1,0,0,0,1,1,1,1,9,4462,2,-1,7,1
2013100579913,2,19,0,17,0,0,0,0,0,0,1,1,1,1,7,-1,-1,-1,1,1
2013100580113,1,1,0,18,0,0,0,0,0,0,1,1,6,1,9,-1,-1,-1,-1,-1
2013100580113,2,11,0,18,0,0,0,0,0,0,1,1,1,1,8,3900,2,7,-1,-1
2013100580213,1,9,0,18,0,0,1,0,8,1,1,1,6,2,6,1985,1,12,9,1
2013100580913,1,9,0,18,0,0,0,0,1,0,1,1,6,3,-1,-1,-1,-1,-1,-1
2013100581113,1,9,0,18,0,4,0,0,0,0,0,1,6,3,-1,-1,-1,-1,-1,-1
2013100581113,2,3,0,9,0,8,0,0,0,0,4,1,2,1,6,124,1,-1,10,1
2013100581513,1,9,0,9,0,1,0,0,0,0,1,1,1,1,7,-1,-1,-1,2,1
2013100581513,2,9,0,18,0,1,0,0,0,0,3,1,6,1,5,998,1,1,1,1
2013100581713,1,9,0,12,0,0,0,0,1,0,1,1,6,1,6,3201,1,17,9,2
2013100581713,2,9,0,18,0,0,0,0,0,6,2,1,6,2,10,3996,1,14,5,2
2013100582013,1,9,0,5,0,8,0,0,0,0,1,2,2,1,8,-1,-1,-1,3,1
2013100582013,2,9,0,9,0,8,0,0,0,0,2,1,6,1,6,1796,1,9,2,1
2013100582313,1,9,0,18,0,1,0,0,0,0,4,1,6,2,11,1299,1,11,6,1
2013100582413,1,9,0,18,0,8,0,0,1,11,1,1,6,2,10,1389,1,7,10,1
2013100582413,2,11,0,18,0,8,0,0,0,0,4,1,1,1,8,6871,2,7,1,1
2013100582513,1,9,0,18,0,8,0,0,0,0,1,1,1,1,5,1896,2,7,2,1
2013100582513,2,8,0,18,0,8,5,0,0,0,4,1,1,1,6,1910,2,9,3,1
2013100582613,1,90,0,18,0,1,0,0,0,0,3,1,1,1,7,2686,2,7,-1,3
2013100582713,1,9,0,18,0,8,0,0,0,0,1,1,2,1,7,1598,1,5,3,1
2013100582713,2,5,0,3,0,8,0,0,0,0,2,1,2,1,8,1298,1,9,7,1
2013100583013,1,19,0,1,0,0,0,0,0,0,2,1,6,3,-1,-1,-1,-1,-1,-1
2013100583013,2,9,0,3,0,0,0,0,0,0,1,1,6,1,8,1910,2,4,8,3
2013100583313,1,9,0,18,0,0,0,0,0,0,1,1,6,2,6,1968,2,4,9,2
2013100583513,1,9,0,9,0,3,0,0,0,0,1,1,1,1,8,1242,1,-1,9,2
2013100583513,2,1,0,18,0,2,0,0,0,0,2,1,6,1,8,-1,-1,-1,8,1
2013100583613,1,9,0,9,0,5,0,0,0,0,1,1,6,1,9,1198,1,2,4,1
2013100583613,2,9,0,10,0,1,0,0,0,0,3,1,6,2,6,1998,2,8,4,1
2013100583713,1,9,0,7,0,3,1,0,8,2,1,1,6,1,6,1796,1,16,3,1
2013100584013,1,9,0,18,0,1,0,0,0,0,1,1,2,2,4,973,1,11,-1,-1
2013100584013,2,9,0,7,0,5,0,0,0,0,2,1,6,1,7,1587,1,12,4,3
2013100584413,1,9,0,12,0,0,0,0,0,0,1,1,6,1,8,1598,1,-1,6,1
2013100584413,2,9,0,18,0,0,0,0,0,0,1,1,2,1,7,1910,2,4,3,1
2013100584913,1,9,0,18,0,0,0,0,0,0,4,1,6,2,11,1388,1,3,8,1
2013100585013,1,9,0,5,0,2,0,0,0,0,4,1,6,1,11,1388,1,5,2,1
2013100585113,1,9,0,16,0,0,0,0,0,0,1,1,6,1,7,2720,2,5,10,2
2013100585113,2,9,0,17,0,0,0,0,8,11,1,1,6,1,8,1994,1,10,10,2
2013100585213,1,9,0,18,0,0,0,0,0,0,1,1,6,1,10,1586,1,-1,10,1
2013100585713,1,9,0,16,0,0,1,0,1,1,1,1,6,1,8,2497,2,4,8,1
2013100586213,1,1,0,18,0,8,0,0,0,0,1,1,1,1,6,-1,-1,-1,1,1
2013100586213,2,9,0,18,0,1,0,0,0,0,4,1,6,2,7,2720,2,6,10,3
2013100586413,1,9,0,18,0,1,0,0,0,0,1,1,6,3,-1,-1,-1,-1,-1,-1
2013100586413,2,9,0,8,0,1,0,0,0,0,0,1,6,1,8,1386,1,4,6,1
2013100587613,1,9,0,9,0,8,0,0,0,0,1,1,1,1,7,2993,2,5,10,1
2013100587613,2,1,0,18,0,8,0,0,0,0,4,1,1,1,6,-1,-1,-1,9,1
2013100588213,1,9,0,18,0,0,0,0,0,0,1,1,6,1,4,998,1,15,-1,-1
2013100588213,2,9,0,3,0,0,0,0,0,0,2,1,1,1,6,1229,1,5,3,1
2013100588813,1,9,0,15,0,1,1,4,0,0,1,1,6,1,5,998,1,12,-1,-1
2013100588813,2,9,0,2,0,1,0,0,0,0,2,1,6,2,7,-1,-1,-1,4,1
2013100588813,3,9,0,2,0,1,0,0,0,0,2,1,6,2,5,998,1,-1,7,1
2013100589213,1,9,0,17,0,0,1,0,7,0,1,1,1,1,8,1124,1,6,2,1
2013100589213,2,11,0,16,0,0,0,0,0,0,1,1,1,1,8,-1,2,12,2,1
2013100589613,1,9,0,9,0,5,0,0,0,0,1,1,2,2,4,1461,2,7,8,1
2013100589613,2,2,0,18,0,8,0,0,0,0,3,1,2,1,7,49,1,8,3,1
2013100589713,1,11,0,4,0,0,0,0,0,0,0,1,1,1,7,-1,-1,-1,-1,-1
2013100589813,1,19,0,18,0,4,0,0,0,0,3,1,6,3,-1,-1,-1,-1,-1,-1
2013100589813,2,1,0,18,0,8,0,0,0,0,1,1,6,1,9,-1,-1,-1,9,1
2013100589813,3,1,0,18,0,8,0,0,0,0,1,1,6,1,8,-1,-1,-1,5,1
2013100589913,1,9,0,5,0,2,0,0,0,0,0,1,1,3,-1,-1,-1,-1,-1,-1
2013100590413,1,9,0,18,0,1,0,0,0,0,1,1,6,2,10,1242,1,-1,9,1
2013100590413,2,9,0,10,0,1,0,0,0,0,2,1,6,2,7,1242,1,10,4,1
2013100590513,1,1,0,18,0,0,0,0,0,0,1,1,6,1,3,-1,-1,-1,1,1
2013100590513,2,9,0,18,0,0,0,0,0,0,4,1,6,2,7,1229,1,1,1,1
2013100591313,1,9,0,18,0,8,0,0,0,0,3,1,6,2,7,1242,1,4,-1,-1
2013100591313,2,3,0,9,0,8,0,0,0,0,1,1,6,1,4,124,1,6,2,1
2013100591513,1,11,0,5,3,1,0,0,0,0,0,1,6,1,8,7300,2,8,2,1
2013100591613,1,9,0,10,0,1,0,0,0,0,2,1,6,1,11,1598,1,2,4,1
2013100591613,2,9,0,18,0,1,0,0,0,0,1,1,6,2,4,1124,1,10,7,2
2013100591813,1,9,0,9,0,6,0,0,0,0,4,1,6,1,9,2143,2,-1,5,1
2013100591813,2,9,0,18,0,1,0,0,0,0,1,1,6,1,8,1461,2,7,7,1
2013100592013,1,9,0,18,0,0,0,0,0,0,1,1,6,1,11,1388,1,5,8,1
2013100592013,2,9,0,2,0,0,0,0,0,0,2,1,6,3,-1,1686,2,9,8,1
2013100592013,3,9,0,18,0,0,1,1,0,0,1,1,6,1,9,1997,2,2,10,2
2013100592213,1,21,1,18,0,0,3,0,1,3,3,1,1,1,10,11705,2,6,6,1
2013100592313,1,9,0,18,0,1,0,0,0,0,1,1,6,1,8,2494,1,11,5,1
2013100592313,2,9,0,3,0,1,0,0,0,0,2,1,6,1,8,1248,2,7,3,1
2013100592513,1,19,0,8,0,6,0,0,0,0,1,2,1,1,7,-1,-1,-1,-1,-1
2013100592513,2,9,0,18,0,8,0,0,0,0,4,1,1,2,8,1956,2,-1,6,1
2013100592713,1,9,0,17,0,0,1,0,0,0,1,1,6,1,6,1796,1,9,1,1
2013100592713,2,9,0,16,0,0,0,0,0,0,1,1,6,1,7,1598,1,9,3,1
2013100592813,1,9,0,18,0,1,0,0,0,0,1,1,6,3,-1,1796,1,11,-1,-1
2013100592813,2,9,0,3,0,1,0,0,0,0,2,1,1,1,8,1598,1,13,5,2
2013100593013,1,9,0,13,0,0,0,0,0,0,1,1,6,1,6,1596,1,10,5,3
2013100593013,2,5,0,18,0,0,0,0,1,0,1,1,6,1,8,1293,1,1,9,2
2013100593313,1,9,0,18,0,2,1,0,0,0,1,1,6,3,-1,-1,-1,-1,-1,-1
2013100593413,1,9,0,18,0,1,0,0,0,0,1,1,6,2,5,1242,1,11,3,1
2013100593413,2,9,0,8,0,1,0,0,0,0,2,1,6,1,5,995,1,3,5,1
2013100593513,1,9,0,18,0,1,0,0,0,0,1,1,6,1,7,1796,1,4,10,3
2013100593513,2,9,0,3,0,1,0,0,0,0,2,1,6,1,6,1388,1,1,8,2
2013100593513,3,9,0,10,0,1,0,0,0,0,2,1,6,1,9,4398,1,15,4,1
2013100593913,1,9,0,18,0,8,0,0,1,11,1,1,6,1,5,998,1,2,2,1
2013100594013,1,9,0,16,0,0,1,0,8,11,1,1,2,1,5,1389,1,15,2,2
2013100594213,1,9,0,18,0,0,0,4,0,0,4,1,6,1,11,1149,1,8,5,1
2013100594213,2,9,0,2,0,0,0,0,0,0,3,1,6,1,7,-1,-1,-1,-1,-1
2013100594313,1,3,0,18,0,8,0,0,0,0,1,1,2,1,5,125,1,4,6,1
2013100594313,2,9,0,9,0,5,0,0,0,0,4,1,2,2,5,1149,1,6,1,1
2013100594613,1,9,0,11,0,0,0,0,0,0,0,1,6,2,8,1796,1,8,2,1
2013100594613,2,11,0,12,0,0,0,0,0,0,0,1,1,1,8,6370,2,5,3,1
2013100595113,1,22,0,18,9,0,0,0,0,0,1,1,6,1,11,-1,-1,-1,6,1
2013100595213,1,9,0,9,0,6,0,0,0,0,3,1,2,2,5,1240,1,10,7,1
2013100595213,2,3,0,18,0,8,0,0,0,0,1,1,6,1,5,-1,-1,-1,1,1
2013100595413,1,9,0,4,0,1,0,0,0,0,1,1,2,2,6,1299,1,7,-1,-1
2013100595413,2,9,0,4,0,1,0,0,0,0,2,1,2,1,7,1560,2,4,10,1
2013100595413,3,9,0,4,0,1,0,0,0,0,2,1,2,2,7,1349,1,3,9,1
2013100595513,1,9,0,18,0,0,0,0,0,0,4,1,6,1,6,1796,1,7,3,3
2013100595613,1,97,0,18,0,0,0,0,0,0,1,1,6,1,3,-1,-1,-1,1,1
2013100595713,1,1,0,18,0,0,0,0,0,0,1,1,6,1,8,-1,-1,-1,10,1
2013100595713,2,9,0,2,0,0,0,0,0,0,2,1,1,2,4,1598,2,3,9,3
2013100595913,1,9,0,4,0,1,0,0,0,0,1,1,1,1,7,-1,-1,-1,1,1
2013100595913,2,9,0,3,0,1,0,0,0,0,2,1,6,2,5,1598,1,7,-1,-1
2013100596013,1,11,0,3,0,0,0,0,0,0,0,1,1,1,8,3900,2,10,-1,-1
2013100596113,1,5,0,18,0,2,0,10,1,0,4,1,6,1,7,849,1,15,5,1
2013100596213,1,9,0,9,0,6,0,0,0,0,1,1,6,2,6,1910,2,8,2,1
2013100596213,2,9,0,18,0,1,0,0,0,0,1,1,6,1,8,1986,2,6,5,1
2013100596513,1,3,0,18,0,0,1,0,0,0,4,1,6,1,5,125,1,-1,1,1
2013100596613,1,9,0,18,0,0,0,0,1,11,4,1,6,1,6,1895,1,13,-1,-1
2013100596713,1,19,0,1,0,0,0,0,0,0,2,1,6,3,-1,-1,-1,-1,-1,-1
2013100596713,2,9,0,2,0,0,0,0,0,0,1,1,6,1,7,998,1,7,4,2
2013100596813,1,9,0,9,0,6,0,0,0,0,1,1,6,2,9,1896,2,8,1,1
2013100596813,2,9,0,18,0,8,1,10,6,0,3,1,2,1,9,1499,1,5,3,3
2013100597013,1,9,0,4,0,1,0,0,0,0,1,1,6,2,8,1587,1,11,-1,-1
2013100597013,2,9,0,3,0,1,0,0,0,0,2,1,1,1,9,1798,2,2,8,1
2013100597213,1,9,0,18,0,1,0,0,0,0,1,1,2,1,4,-1,-1,-1,2,1
2013100597213,2,9,0,3,0,1,0,0,0,0,2,1,6,1,6,1398,2,-1,-1,-1
2013100597313,1,19,0,18,0,1,0,0,0,0,1,1,6,1,5,1560,2,-1,3,1
2013100597313,2,9,0,10,0,1,0,0,0,0,2,1,2,2,7,1390,1,1,8,1
2013100597813,1,9,0,16,0,0,1,0,7,11,1,1,6,2,6,1399,1,5,1,1
2013100598213,1,9,0,7,0,5,0,0,0,0,4,1,6,1,8,2967,2,4,7,1
2013100598213,2,1,0,18,0,1,0,0,0,0,3,1,6,1,8,-1,-1,-1,7,1
2013100598313,1,9,0,13,0,1,1,0,0,0,1,1,6,3,-1,-1,-1,-1,-1,-1
2013100598313,2,9,0,9,0,5,0,0,0,0,3,1,4,2,6,1360,1,8,1,1
2013100598413,1,9,0,9,0,5,0,0,0,0,4,1,2,1,8,-1,-1,-1,-1,-1
2013100598413,2,4,0,13,0,1,0,0,0,0,3,1,2,2,4,398,1,14,3,1
2013100598513,1,9,0,9,0,6,0,0,0,0,3,1,6,2,7,1896,2,11,6,2
2013100598613,1,9,0,18,0,0,0,0,0,0,1,1,6,2,7,1149,1,10,1,1
2013100598613,2,9,0,18,0,0,0,4,0,0,1,1,6,2,6,1560,2,4,4,1
2013100598613,3,9,0,2,0,0,0,0,0,0,1,1,6,3,-1,-1,-1,-1,4,1
2013100598713,1,9,0,9,0,5,0,0,0,0,1,1,6,2,5,1360,1,9,4,1
2013100598713,2,9,0,18,0,1,0,0,0,0,1,1,6,2,6,-1,-1,-1,2,1
2013100598813,1,9,0,9,4,5,0,0,0,0,1,1,2,2,4,998,1,1,9,1
2013100598813,2,1,0,18,4,8,0,0,0,0,1,1,2,2,7,-1,-1,-1,-1,-1
2013100598913,1,9,0,18,0,2,0,0,0,0,1,1,6,1,9,998,1,-1,8,2
2013100598913,2,9,0,18,0,1,0,0,0,0,1,1,6,1,7,1753,2,3,8,3
2013100599213,1,9,0,7,0,6,0,0,0,0,1,1,6,1,5,1598,2,-1,-1,-1
2013100599213,2,9,0,18,0,8,0,0,0,0,4,1,1,2,7,1248,2,5,-1,-1
2013100599413,1,9,0,5,0,1,0,0,0,0,1,1,6,3,-1,-1,-1,-1,-1,-1
2013100599513,1,9,0,2,0,2,0,0,0,0,4,1,6,1,9,1587,1,11,7,1
2013100599613,1,9,0,6,0,0,0,0,0,0,3,1,6,1,5,1229,1,-1,1,1
2013100599613,2,3,0,18,0,0,0,0,0,0,1,1,6,1,5,124,1,-1,6,1
2013100599813,1,9,0,18,0,8,5,0,0,0,4,1,3,2,6,1461,2,3,3,1
2013100599813,2,9,0,18,0,8,0,0,0,0,1,1,1,1,10,-1,-1,-1,3,3
2013100600013,1,9,0,4,0,1,0,0,0,0,1,1,6,1,6,1596,1,6,4,1
2013100600013,2,9,0,3,0,1,0,0,0,0,2,1,6,1,6,1324,1,14,2,1
2013100600013,3,9,0,3,0,1,0,0,0,0,2,1,6,1,8,1956,2,2,9,1
2013100600613,1,1,0,18,0,0,0,0,0,0,1,1,6,1,4,-1,-1,-1,-1,-1
2013100600613,2,9,0,18,0,0,0,0,0,0,4,1,6,2,9,1753,2,14,-1,-1
2013100600913,1,9,0,9,0,5,0,0,0,0,1,1,1,1,6,1596,1,12,7,1
2013100600913,2,3,0,18,0,1,0,0,0,0,1,1,2,1,4,125,1,9,-1,-1
2013100601113,1,9,0,8,0,7,0,0,0,0,1,1,6,2,7,1368,1,7,6,1
2013100601113,2,9,0,8,0,7,0,0,0,0,2,1,2,2,6,1299,1,8,-1,-1
2013100601313,1,9,0,18,0,0,0,0,0,0,3,1,6,3,-1,-1,-1,-1,-1,-1
2013100601613,1,9,0,9,0,6,0,0,0,0,1,1,6,3,-1,-1,-1,-1,-1,-1
2013100601613,2,9,0,16,0,8,0,0,0,0,3,1,6,1,7,-1,-1,-1,7,1
2013100601713,1,9,0,18,0,0,0,0,0,0,1,1,6,3,-1,-1,-1,-1,-1,-1
2013100601813,1,9,0,18,0,0,0,0,0,0,4,1,6,1,11,1598,1,19,4,2
2013100602013,1,9,0,9,0,5,0,0,0,0,4,1,6,1,4,1124,1,10,7,1
2013100602013,2,9,0,18,0,8,0,0,0,0,1,1,6,2,4,973,1,10,1,1
2013100602513,1,9,0,18,0,4,0,0,0,0,3,1,6,2,9,1461,2,3,10,1
2013100602513,2,1,0,18,0,8,0,0,0,0,1,1,6,1,5,-1,-1,-1,4,3
2013100602613,1,11,0,18,0,1,0,0,0,0,0,1,6,1,8,8871,2,10,2,1
2013100602613,2,9,0,9,0,5,0,0,0,0,0,1,6,3,-1,-1,-1,-1,2,1
2013100603113,1,9,0,9,0,1,0,0,0,0,1,1,6,3,-1,-1,-1,-1,-1,-1
2013100603213,1,11,0,7,0,5,0,0,0,0,0,1,6,1,6,9000,2,9,1,1
2013100603313,1,11,0,5,0,0,0,0,0,0,4,1,1,1,6,9000,2,6,3,1
2013100603313,2,9,0,2,0,0,0,0,0,0,2,1,6,2,6,1229,1,2,3,1
2013100603413,1,19,0,4,0,1,0,0,0,0,1,1,1,1,6,2198,2,2,1,1
2013100603413,2,9,0,4,0,1,0,0,0,0,1,1,6,1,5,1242,1,11,1,1
2013100603413,3,9,0,10,0,1,0,0,0,0,2,1,6,2,8,1339,1,3,5,1
2013100603613,1,9,0,5,0,1,0,0,0,0,1,1,6,1,4,1229,1,9,1,1
2013100603613,2,9,0,5,0,1,0,0,0,0,1,1,6,2,5,1598,1,11,1,1
2013100603813,1,9,0,4,0,1,0,0,0,0,1,1,1,2,8,1061,1,7,5,1
2013100603813,2,1,0,3,0,1,0,0,0,0,2,1,6,1,9,-1,-1,-1,7,1
2013100604013,1,11,0,18,0,1,0,0,0,0,0,1,1,1,7,6370,2,6,8,1
2013100604213,1,9,0,18,0,0,1,0,8,4,1,1,6,1,6,1390,2,11,2,1
2013100604313,1,1,0,18,0,5,0,0,0,0,2,1,6,1,5,-1,-1,-1,8,1
2013100604313,2,9,0,9,0,8,0,0,0,0,1,1,6,2,5,2143,2,-1,5,2
2013100604413,1,9,0,18,0,3,0,0,0,0,0,1,6,3,-1,-1,-1,-1,-1,-1
2013100604413,2,11,0,18,0,3,0,0,0,0,0,1,1,1,9,9600,2,13,3,3
2013100604513,1,9,0,9,0,5,0,0,0,0,1,1,1,2,7,1998,2,-1,5,3
2013100604513,2,9,0,18,0,8,1,0,0,0,1,1,2,2,9,1248,2,5,5,1
2013100604813,1,9,0,18,0,0,0,11,0,0,3,1,6,2,8,-1,-1,-1,8,3
2013100604913,1,9,0,3,0,1,0,0,0,0,2,1,6,2,8,1560,2,2,6,3
2013100604913,2,9,0,18,0,1,0,0,0,0,1,1,6,1,5,1905,2,16,1,1
2013100605813,1,9,0,18,0,8,0,0,0,0,1,1,6,3,-1,-1,-1,-1,-1,-1
2013100605813,2,1,0,18,0,8,0,0,0,0,3,1,6,2,7,-1,-1,-1,1,1
2013100605913,1,9,0,18,9,0,0,0,0,0,1,1,6,3,-1,-1,-1,-1,-1,-1
2013100606013,1,9,0,18,0,0,0,0,0,0,1,1,6,1,8,1242,1,2,1,1
2013100606013,2,9,0,5,0,0,0,0,0,0,2,1,2,1,8,1796,1,8,3,1
2013100606113,1,8,0,6,0,0,0,0,0,0,1,1,1,1,8,1910,2,7,1,1
2013100606213,1,9,0,18,0,0,0,0,0,0,1,1,6,1,6,1461,2,6,7,1
2013100606213,2,9,0,3,0,0,0,0,0,0,2,1,6,1,7,1896,2,7,3,2
2013100606213,3,9,0,3,0,0,0,0,1,10,2,1,6,2,8,998,1,9,6,2
2013100606213,4,9,0,18,0,0,0,0,0,0,4,1,6,2,8,1968,2,1,-1,-1
2013100606613,1,9,0,18,0,2,0,0,0,0,1,1,6,1,4,1839,1,9,9,1
2013100606613,2,9,0,2,0,2,0,0,0,0,3,1,6,2,-1,1199,1,9,9,1
2013100606713,1,9,0,16,0,8,0,0,0,0,4,1,6,1,5,1461,2,-1,1,1
2013100606813,1,20,0,18,0,5,0,0,0,0,4,1,6,1,6,3199,2,4,-1,-1
2013100606813,2,9,0,9,0,8,0,0,0,0,3,1,6,2,6,1596,1,8,3,2
2013100606913,1,9,0,12,0,1,0,0,0,0,1,1,6,2,10,1240,1,9,5,3
2013100606913,2,9,0,18,0,1,0,0,0,0,1,1,6,2,8,1390,1,13,-1,-1
2013100606913,3,9,0,18,0,1,0,0,0,0,1,1,6,1,9,1968,2,1,10,1
2013100607113,1,9,0,18,0,2,0,0,0,0,1,1,6,2,7,1598,1,4,1,1
2013100607113,2,9,0,2,0,2,0,0,0,0,2,1,6,2,8,1299,1,11,6,3
2013100607213,1,9,0,17,0,8,1,0,1,2,1,1,6,2,4,1248,1,3,2,1
2013100607313,1,9,0,18,0,1,0,0,0,0,1,1,6,2,7,1242,1,-1,3,1
2013100607313,2,9,0,3,0,1,0,0,0,0,2,1,6,1,6,1199,2,1,5,2
2013100607913,1,9,0,18,0,0,0,0,0,0,4,1,6,1,8,1598,1,4,5,1
2013100608213,1,9,0,18,0,0,0,4,0,0,1,1,6,2,10,1386,1,9,6,1
2013100608213,2,9,0,18,0,0,0,0,0,0,1,1,6,2,7,1200,1,-1,2,1
2013100608413,1,9,0,18,0,1,1,0,0,0,1,1,6,1,6,1984,1,17,2,1
2013100608413,2,9,0,2,0,1,0,0,0,0,2,1,6,1,7,-1,-1,-1,9,1
2013100608613,1,9,0,7,0,6,0,0,0,0,1,1,2,1,5,1149,1,8,10,1
2013100608613,2,9,0,18,0,8,0,0,0,0,4,1,2,2,7,998,1,12,4,1
2013100608813,1,9,0,4,0,1,0,0,0,0,2,1,6,1,4,1900,2,13,1,1
2013100608813,2,9,0,4,0,1,0,0,0,0,2,1,6,2,8,1590,1,17,5,1
2013100608813,3,9,0,4,0,1,0,0,0,0,1,1,6,1,7,1598,1,5,-1,-1
2013100608913,1,9,0,9,0,8,0,0,0,0,3,1,6,1,6,998,1,7,3,1
2013100608913,2,9,0,18,0,8,0,0,0,0,1,1,1,1,7,1910,2,6,1,1
2013100609413,1,1,0,18,0,8,5,0,0,0,1,1,6,1,6,-1,-1,-1,2,1
2013100609413,2,3,0,18,0,8,5,0,0,0,4,1,6,1,6,124,1,6,2,1
2013100609613,1,19,0,1,9,0,0,0,0,0,2,1,1,1,6,2299,2,-1,8,1
2013100609713,1,8,0,5,0,0,0,0,0,0,0,1,1,1,7,1896,2,10,1,1
2013100609813,1,19,0,18,0,1,0,0,0,0,1,1,1,1,6,10837,2,2,8,1
2013100609813,2,9,0,3,0,1,0,0,0,0,2,1,2,2,7,1390,1,3,3,1
2013100609813,3,19,0,3,0,1,0,0,0,0,2,1,6,1,6,1995,2,5,5,1
2013100609913,1,9,0,18,0,0,0,0,0,0,2,1,6,3,-1,-1,-1,-1,-1,-1
2013100609913,2,8,0,18,0,0,0,0,0,0,1,1,1,1,7,1896,2,8,1,1
2013100610113,1,9,0,18,0,0,0,0,0,0,1,1,6,2,6,1124,1,8,9,1
2013100610113,2,9,0,3,0,0,0,0,0,0,2,1,6,2,7,1995,2,-1,6,1
2013100610613,1,9,0,7,0,6,0,0,0,0,1,1,6,2,4,1368,1,4,7,1
2013100610613,2,9,0,18,0,1,0,0,0,0,1,1,6,2,4,1328,1,5,2,1
2013100610613,3,9,0,18,0,1,0,0,0,0,1,1,6,1,9,1997,1,2,7,1
2013100610813,1,21,0,11,0,0,0,0,0,0,4,1,1,1,8,12419,2,-1,-1,-1
2013100610813,2,9,0,18,0,0,0,0,0,0,3,1,6,2,6,1390,1,7,1,1
2013100610913,1,9,0,2,0,0,0,0,1,2,2,1,6,3,-1,1086,1,8,1,1
2013100610913,2,9,0,1,0,0,0,0,0,0,0,1,6,3,-1,998,1,10,1,1
2013100611113,1,9,0,9,0,6,0,0,0,0,1,1,6,1,7,2184,2,4,2,1
2013100611113,2,9,0,9,0,5,0,0,0,0,4,1,2,1,8,2172,2,11,9,1
2013100611213,1,9,0,18,0,1,0,0,0,0,1,1,6,1,4,1896,2,8,10,1
2013100611213,2,3,0,3,0,1,0,0,0,0,2,1,6,1,9,942,1,4,6,1
2013100611213,3,9,0,3,0,1,0,0,0,0,2,1,6,1,5,1997,2,8,6,1
2013100611513,1,9,0,5,0,0,0,0,0,0,0,1,6,2,9,1240,1,7,3,2
2013100611513,2,3,0,18,0,0,0,0,0,0,1,1,6,2,4,124,1,3,5,1
2013100611713,1,9,0,18,0,0,0,0,0,0,1,1,6,1,6,973,1,14,5,1
2013100611713,2,9,0,2,0,0,0,0,0,0,2,1,6,1,4,1242,1,10,6,1
2013100611813,1,9,0,18,0,1,0,0,0,0,1,1,6,3,-1,-1,-1,-1,-1,-1
2013100611813,2,9,0,7,0,1,0,0,0,0,2,1,6,1,9,1598,2,1,5,3
2013100611913,1,9,0,18,0,0,1,0,2,4,1,1,6,2,6,1596,1,3,-1,1
2013100612113,1,9,0,9,0,5,0,0,0,0,3,1,6,2,6,1242,1,7,2,1
2013100612113,2,9,0,18,0,1,0,0,0,0,3,1,1,2,9,1796,1,1,8,3
2013100612213,1,9,0,14,0,8,0,0,0,0,1,1,6,1,11,1396,1,9,1,1
2013100612313,1,9,0,17,0,0,1,0,1,4,3,1,1,1,7,1391,1,16,-1,-1
2013100612413,1,9,0,3,0,0,0,0,0,0,1,1,6,3,-1,-1,-1,-1,-1,-1