Accident_Index,Vehicle_Reference,Vehicle_Type,Towing_and_Articulation,Vehicle_Manoeuvre,Vehicle_Location-Restricted_Lane,Junction_Location,Skidding_and_Overturning,Hit_Object_in_Carriageway,Vehicle_Leaving_Carriageway,Hit_Object_off_Carriageway,1st_Point_of_Impact,Was_Vehicle_Left_Hand_Drive?,Journey_Purpose_of_Driver,Sex_of_Driver,Age_Band_of_Driver,Engine_Capacity_(CC),Propulsion_Code,Age_of_Vehicle,Driver_IMD_Decile,Driver_Home_Area_Type
2013100612413,2,5,0,3,0,0,0,0,0,0,2,1,2,1,8,1255,1,2,4,1
2013100613013,1,9,0,18,0,8,0,12,0,0,4,1,6,2,4,998,1,5,2,1
2013100613313,1,9,0,18,0,1,0,0,0,0,4,1,6,2,7,1598,2,1,1,1
2013100613313,2,1,0,18,0,1,0,0,0,0,3,1,6,1,5,-1,-1,-1,-1,-1
2013100613713,1,9,0,7,0,3,0,0,0,0,4,1,6,1,9,-1,-1,-1,10,1
2013100613813,1,9,0,16,0,0,0,0,7,11,1,1,6,1,4,1753,2,6,4,1
2013100613913,1,11,0,2,3,1,0,0,0,0,0,1,1,2,8,6370,2,5,2,1
2013100614113,1,9,0,18,0,1,0,0,0,0,4,1,6,3,-1,-1,-1,-1,-1,-1
2013100614113,2,1,0,18,4,1,0,0,0,0,3,1,6,2,4,-1,-1,-1,4,1
2013100614313,1,9,0,9,0,1,0,0,0,0,1,1,6,3,-1,-1,-1,-1,-1,-1
2013100614313,2,19,0,9,0,8,0,0,0,0,2,1,6,2,7,1753,2,10,3,1
2013100614413,1,9,0,7,0,6,0,0,0,0,1,1,6,1,7,1489,1,15,5,1
2013100614413,2,9,0,18,0,1,1,0,2,11,1,1,6,1,11,1248,1,1,1,1
2013100614413,3,90,0,13,0,2,0,0,0,0,0,1,1,3,-1,-1,-1,-1,-1,-1
2013100614713,1,9,0,5,0,1,0,0,0,0,4,1,2,2,8,996,1,-1,4,2
2013100614713,2,9,0,5,0,1,0,0,0,0,3,1,2,1,9,-1,-1,-1,4,1
2013100615113,1,9,0,18,0,1,0,0,0,0,1,1,6,3,-1,-1,-1,-1,-1,-1
2013100615113,2,9,0,18,0,1,0,0,0,0,2,1,2,2,6,1968,2,2,5,1
2013100615213,1,9,0,18,0,8,0,0,0,0,4,2,6,1,6,1762,1,15,2,1
2013100615213,2,11,0,18,0,8,0,0,0,0,1,1,1,1,8,4500,2,2,2,1
2013100615613,1,9,0,9,0,5,0,0,0,0,4,1,6,2,7,1242,1,1,4,1
2013100615613,2,1,0,17,0,1,0,0,0,0,1,1,6,1,8,-1,-1,-1,4,1
2013100615713,1,9,0,18,0,1,0,0,0,0,1,1,1,1,5,1753,2,14,1,1
2013100615713,2,19,0,3,0,1,0,0,0,0,2,1,2,1,5,1998,2,7,2,1
2013100615713,3,9,0,3,0,1,0,0,0,0,2,1,2,1,8,1997,2,7,6,1
2013100615713,4,9,0,3,0,1,0,0,0,0,2,1,2,1,4,-1,-1,-1,-1,-1
2013100615813,1,9,0,7,0,5,0,0,0,0,2,1,6,2,8,1910,2,5,7,2
2013100615813,2,11,0,18,0,1,0,0,0,0,1,1,1,1,8,4500,2,2,1,1
2013100616213,1,9,0,18,0,8,0,0,0,0,1,1,3,2,8,1598,2,1,4,1
2013100616213,2,9,0,18,0,6,0,0,0,0,4,1,6,1,6,1956,2,1,-1,-1
2013100616313,1,9,0,7,0,5,0,0,0,0,4,1,6,1,8,1968,2,-1,6,1
2013100616513,1,9,0,18,0,0,0,0,0,0,1,1,6,1,4,1598,2,2,7,2
2013100616513,2,9,0,3,0,0,0,0,0,0,2,1,2,1,6,1998,1,7,-1,-1
2013100616513,3,9,0,3,0,0,0,0,0,0,2,1,2,1,8,1997,2,1,6,1
2013100616913,1,9,0,18,0,1,0,0,0,0,1,1,6,3,-1,-1,-1,-1,-1,-1
2013100617513,1,9,0,9,0,6,0,0,1,0,3,1,6,2,5,1896,2,4,10,3
2013100617513,2,9,0,18,0,8,0,0,1,0,1,1,1,1,6,1998,1,11,-1,-1
2013100617613,1,9,0,18,0,0,5,0,7,11,1,1,2,2,4,1390,1,1,7,1
2013100617813,1,9,0,5,0,0,0,0,0,0,1,1,2,1,6,1364,1,8,7,1
2013100617813,2,9,0,2,0,0,0,0,0,0,0,1,6,1,7,2324,1,12,4,2
2013100617913,1,9,0,7,0,6,0,0,0,0,1,1,6,1,4,2198,2,8,3,1
2013100617913,2,9,0,18,0,8,0,0,0,0,4,1,6,1,6,1560,2,3,4,1
2013100618213,1,9,0,5,0,1,0,0,0,0,1,1,6,1,10,1596,1,4,8,1
2013100618213,2,9,0,3,0,1,0,0,0,0,2,1,6,1,9,1998,1,23,5,3
2013100618313,1,9,0,13,0,0,0,0,0,0,0,1,6,1,6,-1,-1,-1,-1,-1
2013100618313,2,11,0,5,0,0,0,0,0,0,0,1,1,1,8,6370,2,5,1,1
2013100618513,1,4,0,18,0,8,0,0,0,0,1,1,6,3,-1,-1,-1,-1,-1,-1
2013100618513,2,9,0,9,0,6,0,0,0,0,1,1,6,1,10,1560,2,-1,8,1
2013100618713,1,19,0,5,0,1,0,0,0,0,1,1,6,3,-1,2402,2,5,-1,-1
2013100618813,1,1,0,18,0,8,0,0,0,0,1,1,1,1,7,-1,-1,-1,10,1
2013100618813,2,9,0,7,0,3,0,0,0,0,4,1,1,1,9,1596,1,6,9,1
2013100619513,1,9,0,1,0,1,0,0,0,0,2,1,1,1,7,1896,2,8,5,1
2013100619813,1,9,0,18,0,0,0,0,0,0,1,1,6,1,8,-1,-1,-1,1,1
2013100619813,2,1,0,18,0,0,0,0,0,0,3,1,6,1,2,-1,-1,-1,2,1
2013100620113,1,9,0,7,0,5,0,0,0,0,1,1,2,2,7,1968,2,-1,3,1
2013100620113,2,1,0,18,0,1,0,0,0,0,1,1,6,1,6,-1,-1,-1,-1,-1
2013100620213,1,9,0,7,4,8,0,0,0,0,4,1,3,1,5,1149,1,-1,-1,-1
2013100620213,2,1,0,18,4,8,0,0,0,0,1,1,4,1,4,-1,-1,-1,-1,-1
2013100620313,1,9,0,4,0,1,0,0,0,0,1,1,6,2,-1,1390,1,12,9,1
2013100620313,2,9,0,3,0,1,0,0,0,0,2,1,6,1,9,1560,2,4,10,1
2013100620513,1,9,0,4,0,0,0,0,0,0,1,1,6,1,7,1390,1,12,1,1
2013100620513,2,9,0,3,0,0,0,0,0,0,0,1,1,2,8,1956,2,4,4,1
2013100620813,1,9,0,18,0,1,0,0,0,0,3,1,2,1,7,1995,2,12,2,1
2013100620913,1,11,0,18,0,1,0,0,0,0,4,1,1,1,9,4250,2,14,1,1
2013100621313,1,9,0,12,0,0,0,0,0,0,3,1,6,2,6,1598,1,1,1,1
2013100621313,2,5,0,18,0,0,0,0,4,0,1,1,1,1,6,599,1,4,4,1
2013100621413,1,9,0,18,0,0,0,0,0,0,1,1,3,1,10,1598,1,3,10,1
2013100621513,1,9,0,18,0,0,0,0,0,0,1,1,2,2,8,1896,2,12,8,2
2013100621813,1,9,0,17,0,0,0,11,1,11,1,1,6,1,6,1199,1,10,4,1
2013100622613,1,11,0,6,2,0,0,0,0,0,4,1,1,1,7,6700,2,2,-1,-1
2013100622913,1,9,0,18,0,1,0,0,0,0,1,1,6,1,-1,1598,1,6,10,1
2013100622913,2,9,0,3,0,1,0,0,0,0,2,1,6,2,7,1242,1,-1,1,1
2013100623113,1,11,0,18,0,0,0,0,0,0,0,1,1,1,9,-1,-1,-1,5,1
2013100623213,1,9,0,18,0,0,0,0,1,0,1,1,6,1,4,1199,1,12,1,1
2013100623613,1,9,0,17,0,0,0,0,0,0,2,1,6,2,6,1686,2,9,2,1
2013100623713,1,9,0,18,0,2,0,0,0,0,4,1,6,3,-1,-1,-1,-1,-1,-1
2013100623713,2,9,0,18,0,2,1,10,1,0,3,1,2,1,7,1968,2,6,4,1
2013100623913,1,9,0,18,0,2,0,0,0,0,1,1,1,1,-1,1560,2,-1,-1,-1
2013100623913,2,9,0,3,0,2,0,0,0,0,2,1,6,2,7,796,1,11,1,1
2013100624313,1,90,0,7,0,5,0,0,0,0,3,2,1,1,7,-1,-1,-1,7,3
2013100624313,2,9,0,9,0,5,0,0,0,0,3,1,2,2,7,1086,1,9,2,1
2013100624413,1,11,0,3,0,0,0,0,0,0,0,2,1,1,9,4760,2,-1,2,1
2013100624813,1,9,0,17,0,0,1,0,1,11,1,1,6,1,4,973,1,11,1,2
2013100625113,1,9,0,9,0,6,0,0,0,0,3,1,6,1,7,1590,1,12,3,1
2013100625113,2,9,0,18,0,8,0,0,0,0,1,1,6,1,9,1798,1,11,1,1
2013100625413,1,9,0,18,0,0,0,0,0,0,1,1,6,2,7,1598,1,6,3,1
2013100625413,2,9,0,3,0,0,0,0,0,0,2,1,2,1,6,2231,2,4,10,1
2013100625513,1,5,0,18,0,2,0,0,0,0,1,1,6,1,9,798,1,4,9,2
2013100625513,2,9,0,3,0,2,0,0,0,0,2,1,3,2,6,2401,2,6,5,1
2013100625613,1,9,0,18,0,0,0,4,0,0,1,1,2,2,6,998,1,4,-1,-1
2013100625613,2,9,0,2,0,0,0,0,0,11,2,1,6,1,7,1390,1,8,1,1
2013100625713,1,9,0,18,0,1,0,0,0,0,1,1,6,1,7,-1,-1,-1,-1,-1
2013100625713,2,9,0,3,0,1,0,0,0,0,2,1,6,2,6,1390,1,11,10,1
2013100626013,1,9,0,9,0,4,0,0,0,0,1,1,6,1,11,1997,2,13,5,2
2013100626013,2,3,0,18,0,8,0,0,0,0,4,1,6,1,7,85,1,22,3,1
2013100626513,1,9,0,18,0,1,0,0,0,0,1,1,6,1,6,998,1,7,-1,-1
2013100626513,2,9,0,3,0,1,0,0,0,0,2,1,6,3,-1,1124,1,12,-1,-1
2013100627113,1,9,0,18,0,0,0,0,0,0,4,1,6,3,-1,-1,-1,-1,-1,-1
2013100627113,2,9,0,6,0,0,0,0,0,0,3,1,1,3,-1,-1,-1,-1,-1,-1
2013100627213,1,9,0,4,0,1,0,0,0,0,1,1,6,1,6,-1,-1,-1,6,1
2013100627213,2,9,0,3,0,1,0,0,0,0,2,1,1,1,6,-1,-1,-1,4,1
2013100627413,1,9,0,4,0,0,0,0,0,0,1,1,1,1,4,1124,1,10,8,1
2013100627413,2,9,0,4,0,0,0,0,0,0,2,1,1,2,5,1242,1,1,3,2
2013100627413,3,9,0,4,0,0,0,0,0,0,2,1,1,1,8,1968,2,3,9,1
2013100627413,4,9,0,4,0,0,0,0,0,0,2,1,1,2,8,1686,2,11,5,1
2013100627913,1,9,0,13,0,0,0,0,0,0,0,1,2,2,7,1587,1,9,3,1
2013100627913,2,9,0,18,0,0,0,0,1,4,1,1,3,2,6,1686,2,3,5,1
2013100627913,3,9,0,18,0,0,0,0,0,0,1,1,2,1,7,-1,-1,-1,3,1
2013100628513,1,9,0,6,0,0,0,0,0,0,4,1,1,1,6,1995,2,1,1,1
2013100628513,2,9,0,18,0,0,0,0,0,0,1,1,6,1,9,1229,1,7,9,1
2013100628613,1,9,0,18,0,0,0,0,7,10,1,1,6,1,5,1994,1,14,1,1
2013100628613,2,9,0,6,0,0,0,0,0,0,4,1,6,2,4,1299,1,12,1,1
2013100628913,1,9,0,16,0,0,0,0,7,2,1,1,1,1,4,1390,1,5,4,1
2013100629113,1,9,0,10,0,1,0,0,0,0,1,1,1,2,5,1229,1,7,2,1
2013100629113,2,9,0,10,0,1,0,0,0,0,2,1,1,1,6,-1,-1,-1,-1,-1
2013100629213,1,11,0,3,0,1,0,0,0,0,0,1,1,1,8,9360,2,2,1,1
2013100629313,1,9,0,10,0,1,0,0,0,0,2,1,6,2,7,1798,1,11,1,1
2013100629313,2,9,0,10,0,1,0,0,0,0,1,1,1,2,6,1248,2,6,6,1
2013100629713,1,9,0,16,0,5,0,0,7,10,1,1,6,1,6,1124,1,12,-1,-1
2013100630013,1,9,0,18,0,1,0,0,0,0,1,1,6,1,8,1951,2,8,2,3
2013100630113,1,9,0,9,0,8,0,0,0,0,1,1,6,1,6,1242,1,9,2,1
2013100630113,2,9,0,18,0,1,0,0,0,4,4,1,6,2,10,998,1,2,2,1
2013100630913,1,9,0,16,0,2,1,0,0,0,1,1,6,1,5,2494,1,16,6,1
2013100630913,2,9,0,17,0,1,0,0,1,2,3,1,6,1,6,1332,1,17,2,1
2013100631013,1,9,0,18,0,8,0,0,0,0,1,1,6,1,5,4244,1,5,10,2
2013100631013,2,9,0,9,0,6,0,0,0,0,4,1,2,2,6,1598,2,-1,7,1
2013100631013,3,19,0,3,0,8,0,0,0,0,4,1,1,1,7,2198,2,1,9,2
2013100631413,1,9,0,1,0,6,0,0,0,0,2,1,6,3,-1,-1,-1,-1,-1,-1
2013100631413,2,1,0,4,0,5,0,0,0,0,1,1,6,1,4,-1,-1,-1,-1,-1
2013100631613,1,9,0,9,0,6,0,0,0,0,1,1,1,1,9,2499,2,7,-1,-1
2013100631613,2,9,0,10,0,1,0,0,0,0,3,1,6,2,9,1108,1,3,3,1
2013100631713,1,9,0,17,0,1,0,0,0,0,4,1,6,1,6,1598,1,7,6,1
2013100631713,2,11,0,4,0,1,0,0,0,0,0,1,1,1,9,6700,2,1,2,1
2013100632013,1,11,0,18,0,0,0,0,0,0,4,1,1,1,7,6700,2,5,5,1
2013100632113,1,9,0,18,0,0,1,0,0,0,1,1,2,2,4,1240,1,6,3,1
2013100632113,2,9,0,12,0,0,0,0,0,0,4,1,2,1,6,2497,1,7,8,1
2013100632513,1,9,0,18,0,1,0,0,0,0,1,1,6,1,8,1781,1,16,2,1
2013100632513,2,9,0,18,0,1,0,0,0,0,2,1,6,1,10,1242,1,10,-1,-1
2013100632613,1,9,0,18,0,0,0,0,0,0,4,1,6,3,-1,-1,-1,-1,-1,-1
2013100633513,1,19,0,9,0,8,0,0,0,0,1,1,1,1,7,2998,2,3,-1,-1
2013100633513,2,9,0,18,0,3,0,0,0,0,4,1,2,1,6,1956,2,4,9,2
2013100633613,1,9,0,5,0,1,0,0,0,0,1,1,6,2,6,1998,1,8,1,1
2013100633613,2,9,0,18,0,8,0,0,0,0,4,1,6,2,8,1560,2,7,3,1
2013100633713,1,9,0,4,0,0,0,10,0,0,1,1,6,2,11,1587,1,12,7,1
2013100633713,2,9,0,4,0,0,0,0,1,0,2,1,6,1,7,1799,1,15,6,3
2013100634213,1,11,0,4,0,2,0,0,0,0,4,1,1,1,9,9000,2,6,9,1
2013100634313,1,9,0,18,0,0,0,0,0,0,1,1,1,1,8,-1,-1,-1,1,1
2013100634313,2,17,0,18,0,0,0,0,0,0,2,1,1,1,6,-1,2,26,6,3
2013100634313,3,21,0,18,0,0,0,0,0,0,0,1,6,3,-1,-1,-1,-1,6,3
2013100634513,1,9,0,18,0,0,0,0,0,0,4,1,3,1,6,1386,1,8,5,2
2013100634713,1,9,0,1,0,6,0,0,0,0,2,1,6,1,7,1997,2,8,1,1
2013100634713,2,9,0,18,0,1,0,0,0,0,1,2,2,2,7,1398,2,7,1,1
2013100634913,1,9,0,9,0,6,0,0,0,0,1,1,6,1,4,1242,1,9,6,1
2013100634913,2,9,0,18,0,8,0,0,0,0,4,1,2,1,5,-1,-1,-1,2,1
2013100635013,1,9,0,18,0,0,0,0,0,0,1,1,2,1,7,2664,2,12,-1,-1
2013100635013,2,9,0,3,0,0,0,0,1,0,2,1,2,2,6,1598,2,-1,-1,-1
2013100635413,1,9,0,18,0,2,0,0,0,0,4,1,6,3,-1,-1,-1,-1,-1,-1
2013100635413,2,9,0,2,0,2,0,0,0,0,3,1,6,3,-1,1360,1,7,-1,-1
2013100635613,1,9,0,11,0,0,0,0,0,0,4,1,6,1,8,2993,2,3,10,2
2013100636213,1,9,0,5,0,4,0,0,0,0,3,1,6,1,8,-1,-1,-1,6,1
2013100636213,2,1,0,18,0,8,5,0,0,0,1,1,2,1,7,-1,-1,-1,8,2
2013100636713,1,9,0,4,0,1,0,0,0,0,1,1,6,1,6,1997,2,10,2,1
2013100637113,1,9,0,11,0,0,0,0,1,0,4,1,2,2,9,1951,2,12,6,3
2013100637113,2,9,0,11,0,0,0,0,1,0,3,1,2,1,8,2496,1,8,6,1
2013100637213,1,9,0,18,0,0,1,0,1,0,1,1,2,1,5,1390,1,10,1,1
2013100637213,2,11,0,18,0,0,0,0,0,0,0,1,1,1,8,6370,2,5,-1,-1
2013100637513,1,9,0,18,0,0,0,0,0,0,4,1,3,2,8,3222,2,10,5,1
2013100637613,1,10,0,18,0,2,0,0,0,0,1,1,1,1,7,2198,2,3,-1,-1
2013100637813,1,9,0,18,0,0,0,0,0,0,1,1,2,1,7,1796,1,5,10,1
2013100637813,2,9,0,18,0,0,0,0,0,0,2,1,2,2,8,1349,1,1,9,1
2013100637813,3,21,0,18,0,0,0,0,0,0,1,1,1,1,7,15607,2,3,-1,3
2013100638313,1,11,0,18,0,2,0,0,0,0,1,1,1,2,8,6700,2,2,2,1
2013100638513,1,21,0,1,0,8,0,0,0,0,2,1,1,1,7,4250,2,5,4,1
2013100638613,1,9,0,18,0,1,0,0,0,0,1,1,6,1,10,1341,1,8,4,1
2013100638613,2,9,0,3,0,1,0,0,0,0,2,1,6,1,5,1560,2,3,-1,-1
2013100638813,1,9,0,9,0,5,0,0,0,0,4,1,6,3,-1,-1,-1,-1,-1,-1
2013100638813,2,1,0,18,0,8,0,0,0,0,1,1,2,1,8,-1,-1,-1,4,2
2013100638913,1,9,0,18,0,8,0,0,0,0,1,1,6,2,6,1560,2,6,3,1
2013100638913,2,9,0,9,0,5,0,0,0,0,4,1,6,2,7,2198,1,10,8,2
2013100639113,1,9,0,16,0,1,0,0,0,0,1,1,6,2,-1,1386,1,6,-1,-1
2013100639113,2,9,0,16,0,1,0,0,0,0,2,1,2,2,8,1598,1,1,7,1
2013100639413,1,9,0,16,0,8,0,0,0,0,1,1,6,1,8,1995,2,3,10,3
2013100639413,2,9,0,16,0,8,0,0,0,0,1,1,6,1,6,998,1,4,7,1
2013100639913,1,9,0,11,0,1,0,0,5,6,1,1,6,1,4,998,1,-1,7,1
2013100640113,1,9,0,7,0,5,0,0,0,0,4,1,6,1,8,1398,1,9,1,1
2013100640113,2,1,0,18,4,1,0,0,0,0,1,1,6,1,6,-1,-1,-1,3,1
2013100640213,1,9,0,18,0,8,0,0,0,0,3,1,6,2,9,1149,1,10,7,1
2013100640213,2,9,0,18,0,8,0,0,0,0,1,1,1,1,6,1974,2,13,3,1
2013100640313,1,9,0,1,0,2,0,0,0,0,0,1,1,1,6,1686,2,1,-1,-1
2013100640513,1,9,0,16,0,1,0,10,7,11,1,1,6,2,8,1796,1,10,3,1
2013100640713,1,9,0,5,0,8,0,7,0,0,1,1,6,1,7,1968,2,1,4,1
2013100640713,2,9,0,18,0,8,0,0,0,3,4,1,6,1,9,1299,1,12,5,1
2013100640913,1,9,0,17,0,2,1,0,0,0,1,1,6,1,4,1124,1,8,5,3
2013100640913,2,9,0,18,0,1,0,0,0,0,1,1,6,2,7,1229,1,2,4,1
2013100641713,1,9,0,18,0,1,0,10,0,0,1,1,6,1,11,999,1,7,10,1
2013100641713,2,9,0,18,0,1,0,0,0,0,3,1,6,1,9,1997,2,8,2,1
2013100641713,3,9,0,10,0,1,0,0,0,0,3,1,1,1,7,-1,-1,-1,2,1
2013100642013,1,9,0,18,0,0,0,0,0,0,1,1,2,1,7,1896,2,8,1,1
2013100642013,2,9,0,3,0,0,0,0,0,0,2,1,2,2,6,1598,1,7,9,1
2013100642113,1,9,0,9,0,6,0,0,0,0,3,1,6,1,11,1149,1,10,6,1
2013100642113,2,9,0,18,0,8,0,0,0,0,1,1,1,1,8,-1,-1,-1,-1,-1
2013100642213,1,9,0,18,0,2,0,0,0,0,1,1,6,1,11,2179,2,1,10,1
2013100642213,2,9,0,18,0,1,0,0,0,0,3,1,6,1,8,1598,1,11,6,1
2013100642313,1,9,0,18,0,1,0,0,0,0,1,1,6,3,-1,-1,-1,-1,-1,-1
2013100642313,2,9,0,3,0,1,0,0,0,0,2,1,6,2,8,1798,8,1,4,2
2013100642413,1,9,0,18,0,0,0,0,0,0,1,1,1,1,5,1896,2,11,-1,-1
2013100642413,2,9,0,3,0,0,0,0,0,0,2,1,1,2,5,1124,1,9,-1,-1
2013100642513,1,9,0,9,0,6,0,0,0,0,1,1,6,1,11,1390,1,12,3,1
2013100642513,2,9,0,18,0,1,0,0,0,0,4,1,1,1,5,1461,2,-1,8,2
2013100642613,1,9,0,1,0,1,0,0,0,0,4,1,6,1,5,1995,2,2,5,1
2013100643113,1,9,0,18,0,0,0,0,0,0,1,1,1,1,8,1968,2,1,-1,-1
2013100643113,2,9,0,6,0,0,0,0,0,0,2,1,6,2,7,1997,2,11,-1,3
2013100643313,1,9,0,18,0,1,0,0,0,0,1,1,6,1,5,1587,1,12,4,1
2013100643313,2,9,0,3,0,1,0,0,0,0,2,1,6,1,10,1995,2,7,9,3
2013100643413,1,9,0,18,0,4,0,0,0,0,1,1,6,3,-1,-1,-1,-1,-1,-1
2013100643413,2,1,0,18,0,8,0,0,0,0,4,1,2,1,8,-1,-1,-1,7,1
2013100643613,1,11,0,18,0,0,0,0,0,0,0,1,1,1,6,9600,2,15,8,1
2013100643913,1,9,0,11,0,0,0,0,0,0,1,1,6,3,-1,-1,-1,-1,-1,-1
2013100643913,2,9,0,18,0,0,0,0,0,0,1,1,6,1,6,1368,1,5,-1,-1
2013100644313,1,9,0,7,0,6,0,0,0,0,1,1,6,3,-1,-1,-1,-1,-1,-1
2013100644613,1,3,0,18,0,1,1,0,0,0,0,1,2,1,9,124,1,3,1,1
2013100645113,1,9,0,18,0,8,0,0,0,0,3,1,6,3,-1,-1,-1,-1,-1,-1
2013100645113,2,3,0,18,0,8,0,0,0,0,1,1,2,1,7,125,1,7,-1,-1
2013100645413,1,9,0,18,0,8,0,0,0,0,3,1,6,1,11,1124,1,8,8,1
2013100645413,2,1,0,9,0,5,0,0,0,0,1,1,2,1,9,-1,-1,-1,8,1
2013100645513,1,9,0,1,0,0,0,0,0,0,2,1,1,1,-1,1896,2,12,9,1
2013100645513,2,9,0,2,0,0,0,0,0,0,3,1,6,2,8,1796,1,5,7,1
2013100645613,1,9,0,18,0,1,1,0,0,0,1,1,6,1,7,1598,2,1,2,1
2013100645613,2,9,0,7,0,5,0,0,0,0,2,1,6,1,11,1349,1,4,10,1
2013100645713,1,9,0,9,0,2,0,0,0,0,0,1,6,3,-1,-1,-1,-1,-1,-1
2013100646113,1,9,0,18,0,1,0,0,0,0,1,1,6,1,5,1248,2,4,8,1
2013100646113,2,9,0,4,0,1,0,0,0,0,4,1,3,2,5,1686,2,-1,-1,-1
2013100646913,1,1,0,18,9,8,0,0,0,0,0,1,6,3,-1,-1,-1,-1,-1,-1
2013100647213,1,9,0,14,0,0,0,0,0,0,1,1,6,1,6,2198,2,8,2,1
2013100647213,2,1,0,18,0,0,0,0,0,0,1,1,6,1,4,-1,-1,-1,4,2
2013100647913,1,11,0,5,0,0,0,0,0,0,0,1,1,1,8,4760,2,-1,1,1
2013100648113,1,9,0,18,0,0,0,0,0,0,1,1,6,3,-1,-1,-1,-1,-1,-1
2013100648313,1,9,0,7,0,8,0,0,0,0,1,1,2,2,7,1368,1,3,7,1
2013100648313,2,9,0,18,0,1,0,0,0,0,1,1,2,1,7,1199,1,14,1,1
2013100648513,1,9,0,18,0,1,0,0,0,0,1,1,6,2,9,1390,1,-1,6,1
2013100648513,2,9,0,5,0,1,0,0,0,0,2,1,1,1,9,1399,2,2,3,1
2013100649013,1,9,0,18,0,1,0,0,0,0,1,1,6,1,4,1275,1,14,7,1
2013100649013,2,9,0,18,0,1,0,0,0,0,2,1,6,1,6,1598,1,11,2,1
2013100649113,1,19,0,5,0,0,0,0,0,0,0,1,6,3,-1,2148,2,8,-1,-1
2013100649213,1,9,0,4,0,0,0,0,0,0,1,1,2,2,6,1598,1,2,10,1
2013100649213,2,9,0,4,0,0,0,0,0,0,1,1,2,2,8,1360,1,12,7,1
2013100649213,3,9,0,3,0,0,0,0,0,0,2,1,2,1,7,1596,1,1,1,1
2013100649513,1,9,0,18,0,1,0,0,0,0,1,1,6,2,5,1910,2,8,5,2
2013100649513,2,19,0,3,0,1,0,0,0,0,2,1,6,1,7,1753,2,5,4,1
2013100650013,1,9,0,18,0,0,0,0,0,0,1,1,6,1,6,-1,-1,-1,6,1
2013100650013,2,9,0,18,0,0,0,0,0,0,2,1,6,2,8,1198,1,6,7,1
2013100650013,3,9,0,18,0,0,0,0,0,0,2,1,6,2,7,1998,2,7,9,2
2013100650313,1,9,0,18,0,0,0,0,0,0,1,1,1,1,5,799,2,3,1,1
2013100650313,2,9,0,3,0,0,0,0,0,0,2,1,6,1,6,1587,1,11,9,1
2013100650413,1,11,0,4,0,0,0,0,0,0,0,1,6,2,6,-1,-1,-1,2,1
2013100650613,1,9,0,14,0,0,0,0,0,0,1,1,1,1,7,1896,2,5,4,2
2013100650813,1,11,0,18,2,0,0,0,0,0,0,1,1,1,9,-1,-1,-1,8,1
2013100650913,1,9,0,18,0,0,0,0,0,0,1,1,6,1,11,1896,2,11,8,1
2013100650913,2,9,0,4,0,0,0,0,0,0,2,1,6,2,6,998,1,11,2,1
2013100650913,3,9,0,4,0,0,0,0,0,0,2,1,6,1,8,1461,2,-1,5,1
2013100650913,4,9,0,4,0,0,0,0,0,0,2,1,6,2,8,1951,2,9,4,1
2013100650913,5,9,0,4,0,0,0,0,0,0,2,1,6,1,7,1560,2,3,1,1
2013100650913,6,5,0,4,0,0,0,0,0,0,2,1,6,1,8,-1,-1,-1,7,1
2013100650913,7,9,0,4,0,0,0,0,0,0,2,1,6,1,8,3000,2,13,2,1
2013100651013,1,9,0,18,0,0,0,0,0,0,1,1,2,1,5,1994,1,10,10,3
2013100651013,2,9,0,18,0,0,0,0,0,0,1,1,2,2,6,1396,1,-1,10,1
2013100651013,3,9,0,3,0,0,0,0,0,0,2,1,2,2,7,1997,2,-1,9,1
2013100651313,1,9,0,18,0,1,0,0,0,0,1,1,2,1,8,1390,1,12,6,1
2013100651713,1,9,0,18,0,1,0,0,0,0,0,1,6,3,-1,-1,-1,-1,-1,-1
2013100651713,2,11,0,5,0,1,0,0,0,0,0,1,1,1,8,-1,-1,-1,1,1
2013100651913,1,9,0,9,0,8,0,0,0,0,1,1,6,1,7,1598,1,6,2,1
2013100651913,2,1,0,18,0,8,0,0,0,0,3,1,6,1,8,-1,-1,-1,-1,-1
2013100652113,1,9,0,18,0,1,0,0,3,0,1,1,6,1,6,1398,2,9,1,1
2013100652113,2,9,0,3,0,1,0,0,3,0,2,1,6,2,7,1598,1,2,3,1
2013100652613,1,9,0,18,0,0,0,0,0,0,1,1,6,3,-1,-1,-1,-1,-1,-1
2013100652613,2,9,0,4,0,0,0,0,0,0,2,1,6,1,7,1497,1,11,4,1
2013100652713,1,8,0,18,0,2,0,0,0,0,4,1,1,1,5,-1,-1,-1,-1,-1
2013100652813,1,9,0,18,0,0,1,4,1,0,1,1,6,2,8,4398,7,10,1,2
2013100652813,2,9,0,2,0,0,0,0,0,0,1,1,2,1,7,1600,1,15,9,1
2013100653013,1,9,0,18,0,1,0,0,0,0,1,1,2,1,5,1229,1,5,2,1
2013100653013,2,9,0,3,0,1,1,0,0,0,2,1,6,1,7,1598,2,1,4,1
2013100653013,3,9,0,3,0,1,0,0,0,0,2,1,6,2,10,1560,2,6,3,1
2013100653013,4,9,0,4,0,1,0,0,0,0,2,1,6,2,9,1240,1,8,6,1
2013100653313,1,9,0,18,0,0,0,0,0,0,1,1,6,2,7,998,1,1,4,1