Accident_Index,Vehicle_Reference,Vehicle_Type,Towing_and_Articulation,Vehicle_Manoeuvre,Vehicle_Location-Restricted_Lane,Junction_Location,Skidding_and_Overturning,Hit_Object_in_Carriageway,Vehicle_Leaving_Carriageway,Hit_Object_off_Carriageway,1st_Point_of_Impact,Was_Vehicle_Left_Hand_Drive?,Journey_Purpose_of_Driver,Sex_of_Driver,Age_Band_of_Driver,Engine_Capacity_(CC),Propulsion_Code,Age_of_Vehicle,Driver_IMD_Decile,Driver_Home_Area_Type
201311NE24823,1,9,0,4,0,1,0,0,0,0,1,1,6,1,-1,1560,2,1,3,3
201311NE24823,2,3,0,5,0,1,0,0,0,0,2,1,6,1,8,124,1,-1,2,2
201311NE25043,1,9,0,18,0,0,0,0,7,2,1,1,6,1,9,1560,2,3,5,1
201311NE25113,1,9,0,18,0,0,0,0,0,0,3,1,6,2,9,1560,2,3,3,2
201311NE25113,2,9,0,18,0,0,0,0,0,0,3,1,6,2,6,2497,2,7,2,2
201311NE25663,1,9,0,9,0,1,0,0,0,0,4,1,1,1,7,1686,2,2,2,2
201311NE25663,2,2,0,18,0,1,0,0,0,0,2,1,6,2,8,124,1,4,2,2
201311NE26093,1,9,0,9,0,8,0,0,0,0,3,1,6,1,9,1870,2,11,1,1
201311NE26093,2,4,0,18,0,8,0,0,0,0,4,1,6,1,4,124,1,6,5,2
201311NE26183,1,9,0,18,0,0,0,0,0,0,0,1,6,1,7,1995,2,9,2,2
201311NE26223,1,9,0,18,0,4,0,0,0,0,1,1,1,1,8,1997,2,13,4,2
201311NE26223,2,9,0,18,0,4,0,0,0,0,4,1,1,1,10,1783,1,14,2,1
201311NE26273,1,9,0,9,0,6,0,0,0,0,1,1,6,3,-1,-1,-1,-1,-1,-1
201311NE26273,2,2,0,18,0,1,0,0,0,0,1,1,2,1,4,49,1,-1,8,2
201311NE26533,1,8,0,6,8,0,0,0,0,0,3,1,1,1,8,1753,2,6,1,1
201311NE26533,2,19,0,18,0,0,0,0,0,0,4,1,1,1,6,1248,2,2,1,1
201311NE26943,1,9,0,4,0,0,0,0,0,0,1,1,2,2,6,-1,-1,-1,3,1
201311NE26943,2,9,0,18,0,0,0,0,0,0,2,1,6,1,7,1229,1,6,2,1
201311NE26963,1,9,0,3,0,1,0,0,0,0,1,1,6,2,11,1149,1,3,5,3
201311NE26963,2,9,0,18,0,1,0,0,0,0,1,1,6,2,4,998,1,6,3,1
201311NE26963,3,8,0,3,0,1,0,0,0,0,3,1,6,1,9,1896,2,7,10,1
201311NE27213,1,9,0,9,0,6,0,0,0,0,3,1,2,2,6,1339,8,2,5,3
201311NE27213,2,5,0,18,0,8,0,0,0,0,1,1,6,1,4,655,1,15,2,1
201311NE27343,1,9,0,1,0,0,0,0,0,0,2,1,6,1,-1,-1,-1,-1,2,2
201311NE27343,2,9,0,3,0,0,0,0,0,0,1,1,6,1,7,1598,1,4,1,1
201311NE27703,1,1,0,18,9,1,0,0,0,0,1,1,6,1,6,-1,-1,-1,-1,-1
201311NE27703,2,9,0,3,0,1,0,0,0,0,1,1,1,1,5,1360,1,10,3,1
201311NE27973,1,9,0,18,0,2,0,0,0,0,1,1,6,1,5,998,1,1,8,1
201311NE27973,2,9,0,3,0,2,0,0,0,0,2,1,6,1,9,1198,1,1,8,1
201311NE27973,3,9,0,3,0,2,0,0,0,0,2,1,6,2,8,998,1,-1,4,3
201311NE28133,1,11,0,16,0,0,0,0,0,0,0,1,1,1,7,9600,2,13,2,2
201311NE28583,1,9,0,7,0,1,0,0,3,0,3,1,6,1,5,1686,2,11,1,2
201311NE28583,2,9,0,18,0,1,0,0,0,0,1,1,6,1,10,1386,1,5,1,2
201311NE29223,1,19,0,18,0,2,0,0,0,0,4,1,2,1,6,1998,2,12,3,2
201311NE29223,2,2,0,18,0,2,0,0,0,0,1,1,6,2,8,-1,-1,-1,3,2
201311NE29673,1,9,0,17,0,0,1,0,7,11,3,1,6,2,4,1399,2,9,3,3
201311NE31363,1,9,0,4,0,1,0,0,0,0,1,1,6,1,4,1149,1,8,6,1
201311NE31363,2,9,0,3,0,1,0,0,0,0,2,1,6,1,8,-1,-1,-1,3,3
201311NF00113,1,9,0,9,0,8,0,0,0,0,1,1,5,2,-1,1248,2,9,3,2
201311NF00113,2,9,0,9,0,8,0,0,0,0,3,1,5,1,6,1242,1,6,3,2
201311NF00633,1,19,0,9,0,6,0,0,0,0,1,1,1,1,9,2402,2,12,7,1
201311NF00633,2,9,0,18,0,8,0,0,0,0,1,1,2,2,6,1560,2,4,7,2
201311NF01543,1,9,0,9,0,8,0,0,0,0,3,1,1,1,7,1560,2,7,3,2
201311NF01543,2,8,0,17,0,8,0,0,0,0,1,1,2,1,6,1896,2,9,7,2
201311NF02753,1,9,0,18,0,1,2,0,8,11,1,1,1,1,6,1796,1,9,2,2
201311NF02813,1,9,0,18,0,1,1,0,0,0,1,1,5,1,6,973,1,12,1,1
201311NF02813,2,9,0,3,0,1,0,0,0,0,2,1,5,2,7,1989,1,14,7,3
201311NF02913,1,9,0,18,0,0,1,0,0,0,1,1,6,2,8,1796,1,13,3,2
201311NF02953,1,9,0,14,0,0,5,10,1,11,1,1,6,1,5,1587,1,11,1,2
201311NF02953,2,8,0,2,0,0,0,0,0,0,0,1,1,1,8,1753,2,6,1,3
201311NF03903,1,8,0,7,0,8,0,0,0,0,3,1,1,1,8,1996,2,5,1,2
201311NF03903,2,9,0,18,0,8,0,0,1,2,4,1,5,2,10,1199,1,9,3,1
201311NF04323,1,9,0,18,0,1,0,0,0,0,3,1,5,1,4,1229,1,4,5,2
201311NF05053,1,9,0,18,0,7,0,0,0,0,2,1,6,2,6,1596,1,8,1,1
201311NF05053,2,9,0,18,0,8,0,0,0,0,1,1,6,1,5,973,1,12,4,1
201311NF05303,1,19,0,18,0,0,1,4,0,0,1,1,6,1,4,1686,2,9,3,1
201311NF05303,2,8,0,6,0,0,0,0,0,0,0,1,1,1,8,-1,-1,-1,4,1
201311NF05303,3,19,0,2,0,0,0,0,0,0,2,1,6,1,-1,1753,2,10,3,1
201311NF05863,1,9,0,18,0,1,0,0,0,0,1,1,6,3,-1,1905,2,13,-1,-1
201311NF05863,2,9,0,18,0,1,0,0,0,0,2,1,6,1,7,1997,2,5,7,1
201311NF06623,1,9,0,9,0,6,0,0,0,0,3,1,6,1,8,1598,1,13,5,1
201311NF06623,2,11,0,17,0,8,0,0,0,0,1,1,1,1,7,-1,-1,-1,1,1
201311NF07813,1,9,0,18,0,1,0,0,0,0,1,1,6,2,8,1461,2,1,7,1
201311NF07813,2,19,0,9,0,1,0,0,0,0,2,1,1,1,7,1753,2,1,1,2
201311NF07953,1,9,0,18,0,3,0,0,0,0,1,1,6,1,10,1461,2,1,5,1
201311NF08013,1,9,0,18,0,1,0,0,7,4,1,1,6,1,4,-1,-1,-1,2,2
201311NF08013,2,8,0,18,0,1,0,0,0,0,0,1,1,2,8,1968,2,4,8,1
201311NF08013,3,9,0,18,0,1,0,0,1,4,1,1,6,1,6,1461,2,3,1,3
201311NF08023,1,9,0,18,0,7,0,0,0,0,3,1,6,1,7,5967,1,7,2,1
201311NF08023,2,9,0,18,0,8,0,0,0,0,4,1,1,1,7,-1,-1,-1,2,2
201311NF08043,1,9,0,9,0,5,0,0,0,0,1,1,2,1,7,1242,1,11,5,1
201311NF08043,2,2,0,10,0,1,0,0,0,0,1,1,1,2,8,49,1,-1,2,2
201311NF08323,1,9,0,18,0,0,0,0,0,0,1,1,1,1,6,-1,-1,-1,4,1
201311NF08323,2,9,0,18,0,0,0,0,0,0,2,1,2,1,6,1968,2,2,4,1
201311NF08323,3,19,0,13,0,0,0,0,0,0,0,1,1,1,-1,-1,-1,-1,3,1
201311NF08333,1,9,0,18,0,0,5,0,1,1,0,1,6,2,4,1229,1,3,7,1
201311NF09933,1,9,0,18,0,0,0,0,0,0,1,1,6,2,7,1968,2,5,3,1
201311NF10273,1,3,0,18,0,0,0,0,0,0,1,1,6,1,5,125,1,4,5,1
201311NF10273,2,11,0,18,0,0,0,0,0,0,3,1,1,1,7,5900,2,4,3,1
201311NF10473,1,9,0,4,0,8,1,0,0,0,1,1,6,1,4,1753,2,11,3,1
201311NF10473,2,10,0,18,0,8,0,0,0,0,4,1,1,1,7,2198,2,5,-1,-1
201311NF10503,1,9,0,8,0,6,0,0,0,0,1,1,6,2,6,1461,2,1,7,1
201311NF10503,2,9,0,18,0,8,0,0,0,0,1,1,6,3,5,1248,2,9,3,2
201311NF10503,3,9,0,10,0,1,0,0,0,0,1,1,6,3,8,1598,1,8,5,2
201311NF10823,1,9,0,16,0,0,1,0,1,10,4,1,6,2,5,1360,1,9,1,1
201311NF10823,2,9,0,2,0,0,0,0,0,0,3,1,6,2,10,-1,-1,-1,1,1
201311NF11083,1,3,0,13,0,0,0,0,0,0,4,1,6,1,4,-1,-1,-1,3,2
201311NF11083,2,2,0,18,0,0,0,0,1,0,3,1,6,1,4,124,1,8,3,2
201311NF11333,1,10,0,18,0,0,0,0,0,0,1,1,6,1,10,2402,2,11,2,1
201311NF11833,1,19,0,1,9,0,0,0,0,0,2,1,6,3,-1,-1,-1,-1,-1,-1
201311NF13743,1,21,1,18,0,0,0,0,0,0,1,1,1,1,8,10308,2,2,7,2
201311NF13743,2,3,0,3,0,0,0,0,0,0,2,1,6,1,5,-1,-1,-1,5,1
201311NF13923,1,11,0,4,0,1,0,0,0,0,4,1,1,1,8,9000,2,6,4,2
201311NF15263,1,5,0,18,0,1,0,0,0,0,1,1,6,1,7,749,1,6,2,1
201311NF15263,2,9,0,9,0,5,0,0,0,0,1,1,6,1,6,1968,2,3,2,2
201311NF15263,3,9,0,8,0,6,0,0,0,0,3,1,6,2,9,1896,2,7,1,2
201311NF15313,1,9,0,18,0,0,0,0,0,0,4,1,6,2,6,1997,1,10,2,2
201311NF15893,1,11,0,5,2,0,0,0,0,0,0,1,1,1,-1,6700,2,2,-1,-1
201311NF17013,1,19,0,7,0,8,1,0,0,0,1,1,1,1,-1,1998,2,12,3,3
201311NF17013,2,9,0,18,0,8,0,0,0,0,3,1,2,2,4,1229,1,-1,3,3
201311NF17053,1,9,0,18,0,0,0,0,0,0,1,1,6,2,9,1598,1,8,1,1
201311NF17053,2,9,0,3,0,0,0,0,0,0,2,1,6,1,6,1968,2,3,9,2
201311NF17903,1,9,0,9,0,8,0,0,0,0,1,1,6,1,11,1229,1,4,5,1
201311NF17903,2,9,0,18,0,8,0,0,0,0,1,1,6,2,4,1242,1,2,1,2
201311NF18553,1,9,0,1,0,1,0,0,0,0,2,1,6,3,-1,-1,-1,-1,-1,-1
201311NF18553,2,19,0,2,0,1,0,0,0,0,2,1,1,1,8,2198,2,2,2,2
201311NF18993,1,9,0,18,0,1,0,0,3,11,1,1,6,2,6,1298,1,8,2,1
201311NF18993,2,9,0,2,0,1,0,0,0,0,3,1,6,1,10,998,1,12,6,1
201311NF19183,1,9,0,5,0,0,0,0,0,0,1,1,2,2,5,1149,1,8,3,2
201311NF19183,2,5,0,18,0,0,0,0,0,0,1,1,2,1,6,998,1,3,2,2
201311NF19233,1,9,0,7,0,1,0,0,0,0,0,1,6,1,5,1149,1,10,1,2
201311NF19233,2,11,0,18,0,1,0,0,0,0,0,1,1,1,9,6700,2,2,3,1
201311NF19243,1,9,0,18,0,0,0,0,0,0,4,1,6,3,-1,-1,-1,-1,-1,-1
201311NF19243,2,9,0,18,0,0,0,0,0,0,4,1,6,2,8,1242,1,2,2,2
201311NF19563,1,3,0,16,0,1,0,0,0,0,4,1,1,1,7,-1,-1,-1,8,1
201311NF19883,1,11,0,2,0,1,0,0,0,0,0,1,6,1,9,3900,2,11,3,1
201311NF20083,1,1,0,18,0,0,0,0,0,0,1,1,6,1,3,-1,-1,-1,2,2
201311NF20083,2,9,0,18,0,0,0,0,0,0,4,1,6,1,7,1995,2,8,2,2
201311NF20863,1,9,0,9,0,8,0,0,0,0,4,1,6,2,11,1240,1,4,2,1
201311NF20863,2,5,0,18,0,8,1,0,0,0,1,1,6,1,7,599,1,7,2,2
201311NF21243,1,9,0,18,0,0,0,0,2,7,4,1,6,1,6,1596,1,12,1,1
201311NF21483,1,9,0,18,0,4,0,0,0,0,3,1,6,2,11,1364,2,5,3,3
201311NF21483,2,9,0,18,0,3,0,0,2,11,4,1,6,1,8,1596,1,8,6,1
201311NF22103,1,9,0,9,0,6,0,0,0,0,3,1,6,1,4,1149,1,8,2,1
201311NF22103,2,2,0,18,0,1,0,0,0,0,1,1,6,1,4,50,1,4,7,1
201311NF24243,1,21,1,18,0,0,4,10,1,0,3,1,1,1,7,11705,2,4,-1,1
201311NF24863,1,3,0,18,0,6,5,0,1,0,1,1,6,3,-1,124,1,3,-1,-1
201311NF24863,2,9,0,9,0,6,0,0,0,0,3,1,6,1,8,1995,2,2,1,1
201311NF25593,1,9,0,18,0,0,0,0,0,0,1,1,6,1,6,1595,2,3,7,1
201311NF25593,2,9,0,18,0,0,0,0,0,0,2,1,6,1,6,2000,2,8,8,1
201311NF25703,1,9,0,18,0,0,0,0,0,0,4,1,6,1,8,2688,2,9,4,1
201311NF26103,1,9,0,18,0,0,1,0,5,6,1,1,6,2,9,998,1,4,10,1
201311NF26553,1,19,0,18,0,0,0,0,7,11,1,1,2,1,6,2402,2,11,-1,-1
201311NF26553,2,1,0,18,0,0,0,0,0,0,3,1,2,1,7,-1,-1,-1,2,1
201311NF26603,1,9,0,18,0,0,2,0,7,10,1,1,6,3,-1,1956,2,2,-1,-1
201311NF26603,2,9,0,4,0,0,0,0,0,0,1,1,2,1,7,1997,2,9,1,1
201311NF26953,1,9,0,10,0,8,0,0,0,0,0,1,2,2,7,1240,1,9,1,1
201311NF26953,2,8,0,18,0,8,0,0,0,0,0,1,1,1,8,-1,-1,-1,3,1
201311NF27533,1,9,0,18,0,0,0,0,0,0,1,1,6,1,6,1598,1,1,1,1
201311NF27533,2,9,0,3,0,0,0,0,0,0,2,1,6,1,7,2496,2,8,4,1
201311NF27603,1,9,0,5,0,6,0,0,0,0,3,1,1,1,7,1362,1,1,2,3
201311NF27603,2,2,0,18,0,1,0,0,0,0,1,1,6,1,4,49,1,19,3,1
201311NF27933,1,9,0,9,0,6,0,0,0,0,3,1,2,1,6,1753,2,10,2,1
201311NF27933,2,3,0,18,0,1,0,0,0,0,1,1,6,1,4,124,1,7,1,1
201311NF27953,1,9,0,18,0,1,0,0,0,0,1,1,2,1,7,-1,-1,-1,7,3
201311NF27983,1,3,0,18,0,8,0,0,0,0,1,1,6,1,4,125,1,10,1,1
201311NF27983,2,9,0,9,0,8,0,0,0,0,1,1,6,2,8,998,1,2,8,1
201311NF28383,1,9,0,18,0,0,0,0,0,0,1,1,6,2,-1,-1,-1,-1,-1,-1
201311NF28413,1,9,0,18,0,0,0,0,0,0,1,1,6,1,7,1956,2,3,3,3
201311NF28413,2,9,0,18,0,0,0,0,0,0,2,1,6,2,5,1149,1,12,4,1
201311NF28413,3,9,0,18,0,0,0,0,0,0,2,1,6,1,6,-1,-1,-1,1,1
201311NF28463,1,9,0,7,0,8,0,0,0,0,1,1,6,2,5,1598,1,9,3,2
201311NF28463,2,9,0,18,0,8,0,0,0,0,1,1,6,2,7,1242,1,7,3,2
201311NF29183,1,9,0,18,0,0,0,0,0,0,1,1,6,2,11,1339,1,8,1,1
201311NF29183,2,9,0,3,0,0,0,0,0,0,2,1,6,2,7,1598,1,3,9,1
201311NF29183,3,9,0,3,0,0,0,0,0,0,2,1,6,1,7,1998,2,4,7,2
201311NF29513,1,19,0,14,0,1,0,0,0,0,1,1,6,1,-1,2148,2,5,-1,-1
201311NF29513,2,9,0,8,0,1,0,0,0,0,4,1,6,2,5,1598,1,10,1,1
201311NF29653,1,9,0,18,0,8,0,0,0,0,1,1,6,1,6,1560,2,8,5,1
201311NF29653,2,9,0,18,0,8,5,0,0,0,1,1,6,1,10,1997,1,7,4,1
201311NF30403,1,9,0,18,0,0,1,0,1,0,3,1,6,1,6,-1,-1,-1,1,1
201311NF30403,2,9,0,18,0,0,0,10,0,0,3,1,6,1,9,1896,2,11,7,2
201311NF30533,1,9,0,18,0,0,0,0,0,0,1,1,6,3,-1,-1,-1,-1,-1,-1
201311NF30543,1,9,0,18,0,0,1,0,1,11,4,1,6,2,7,1598,1,11,3,1
201311NF31183,1,9,0,4,0,1,0,0,1,9,1,1,6,1,9,1951,2,9,3,1
201311NG00803,1,9,0,18,0,0,0,0,0,0,4,1,2,2,7,1595,1,12,7,1
201311NG00913,1,9,0,11,0,0,0,0,0,0,0,1,6,3,-1,-1,-1,-1,-1,-1
201311NG00913,2,9,0,18,0,0,0,0,0,0,1,1,2,1,4,999,1,13,1,2
201311NG00913,3,9,0,18,0,0,0,0,0,0,2,1,2,1,7,1296,1,26,2,2
201311NG00913,4,9,0,18,0,0,0,0,0,0,1,1,2,2,8,1995,2,2,7,1
201311NG00913,5,9,0,18,0,0,0,0,0,0,2,1,2,1,9,1968,2,3,4,2
201311NG02043,1,9,0,18,0,1,0,4,0,0,1,1,6,1,4,1328,1,6,8,1
201311NG02043,2,9,0,18,0,1,0,0,0,0,1,1,6,2,7,998,1,4,7,1
201311NG02043,3,9,0,2,0,1,0,0,0,0,2,1,6,2,8,998,1,2,7,1
201311NG02893,1,21,0,7,0,8,0,0,0,0,0,1,1,1,8,-1,-1,-1,3,2
201311NG03363,1,20,0,4,0,1,0,0,1,0,1,1,1,1,5,2151,2,11,1,1
201311NG03363,2,9,0,4,0,1,0,0,0,0,2,1,5,1,5,-1,-1,-1,1,1
201311NG03363,3,9,0,4,0,1,0,0,0,0,2,1,5,2,6,1998,1,10,2,1
201311NG03363,4,9,0,18,0,2,0,0,1,0,1,1,5,1,7,1490,1,5,3,1
201311NG04083,1,9,0,18,0,2,0,0,0,0,4,1,6,1,11,1396,1,22,8,1
201311NG04493,1,19,0,4,0,1,0,0,0,0,1,1,2,1,7,2402,2,4,4,1
201311NG04493,2,9,0,10,0,1,0,0,0,0,2,1,2,1,5,1149,1,12,10,1
201311NG04533,1,9,0,9,0,4,0,0,0,0,2,1,6,2,11,1398,1,3,8,1
201311NG04533,2,3,0,18,0,4,0,0,0,0,1,1,6,1,4,124,1,3,9,1
201311NG04833,1,9,0,17,0,0,0,0,7,9,2,1,6,1,7,1149,1,12,2,1
201311NG04893,1,9,0,9,0,4,0,0,0,0,1,1,2,2,7,1461,2,5,7,1
201311NG04893,2,1,0,18,0,4,0,0,0,0,4,1,2,1,6,-1,-1,-1,2,1
201311NG04903,1,9,0,13,0,0,0,0,0,0,3,1,2,2,4,1198,1,3,8,1
201311NG04903,2,9,0,13,0,0,0,10,7,0,4,1,1,1,6,1248,2,1,10,1
201311NG04903,3,9,0,4,0,0,0,0,0,0,0,1,6,1,5,1229,1,6,4,3
201311NG06293,1,9,0,4,0,1,0,4,0,0,1,1,6,1,-1,-1,-1,-1,2,2
201311NG06293,2,9,0,3,0,1,0,0,0,0,0,1,3,1,7,1999,1,6,6,2
201311NG06703,1,9,0,18,0,0,0,4,0,0,1,1,2,1,8,2497,2,8,7,1
201311NG06703,2,9,0,2,0,0,0,0,1,11,2,1,6,1,6,1242,1,12,-1,-1
201311NG07123,1,9,0,18,0,0,0,0,0,0,1,1,6,1,7,1242,1,7,3,1
201311NG07283,1,5,0,18,0,1,1,0,0,0,1,1,6,1,8,1130,1,9,4,1
201311NG07283,2,19,0,10,0,1,0,0,0,0,1,1,6,1,7,1998,2,9,3,1
201311NG07833,1,3,0,17,0,0,0,0,2,11,1,1,6,1,5,125,1,5,6,2
201311NG08753,1,9,0,13,0,8,1,0,1,0,4,1,6,1,-1,2198,1,10,4,2
201311NG08753,2,9,0,9,0,8,0,0,0,0,3,1,6,2,7,2720,2,6,2,3
201311NG08873,1,9,0,18,0,0,0,0,0,0,1,1,6,1,6,1968,2,6,4,1
201311NG09163,1,9,0,18,0,0,0,0,0,0,1,1,6,1,4,1124,1,11,6,2
201311NG09163,2,9,0,4,0,0,0,0,0,0,2,1,6,1,7,1397,1,4,2,1
201311NG09163,3,9,0,4,0,0,0,0,0,0,2,1,6,2,5,1242,1,11,7,1
201311NG09293,1,9,0,18,0,1,2,0,0,0,4,1,6,1,6,-1,-1,-1,6,1
201311NG09523,1,9,0,18,0,0,0,0,0,0,1,1,6,2,6,1686,2,4,2,2
201311NG09523,2,9,0,2,0,0,0,0,0,0,2,1,6,1,5,1299,1,10,1,1
201311NG09603,1,9,0,7,0,8,0,0,0,0,1,1,6,3,-1,-1,-1,-1,-1,-1
201311NG09603,2,9,0,18,0,8,0,0,0,0,3,1,2,2,7,1596,1,7,4,2
201311NG09613,1,9,0,18,0,8,0,0,0,0,1,1,6,2,8,1360,1,10,2,2
201311NG10343,1,9,0,18,0,0,1,6,1,2,1,1,6,3,-1,1489,1,17,-1,-1
201311NG10393,1,9,0,18,8,0,0,0,0,0,3,1,6,3,-1,-1,-1,-1,-1,-1
201311NG10843,1,9,0,9,0,6,0,0,0,0,3,1,6,2,10,1229,1,5,4,3
201311NG10843,2,9,0,18,0,1,0,0,0,0,1,1,6,2,9,1997,2,9,9,1
201311NG11023,1,9,0,9,0,3,0,0,0,0,2,1,2,1,8,1598,1,8,3,1
201311NG11023,2,4,0,18,0,8,1,0,0,0,3,1,2,1,4,249,1,9,2,1
201311NG12023,1,9,0,14,0,0,0,0,0,0,3,1,6,1,8,1910,2,9,5,1
201311NG12023,2,19,0,14,0,0,0,0,0,0,3,1,1,1,7,-1,-1,-1,1,1
201311NG13983,1,9,0,18,0,4,0,0,1,2,1,1,6,1,10,1242,1,9,2,2
201311NG14043,1,9,0,18,0,0,0,0,0,10,1,1,6,1,6,1910,2,6,4,2
201311NG14043,2,9,0,18,0,0,1,0,1,10,2,1,6,2,9,1390,1,9,3,1
201311NG14083,1,9,0,18,0,0,5,0,0,0,4,1,6,1,5,1596,1,11,3,1
201311NG14083,2,9,0,18,0,0,0,0,0,0,3,1,6,1,8,698,1,7,3,3
201311NG14223,1,1,0,18,0,1,0,0,0,0,4,1,6,1,4,-1,-1,-1,7,1
201311NG14223,2,9,0,18,0,8,0,0,0,0,1,1,6,2,10,1790,1,4,9,1
201311NG14793,1,9,0,5,0,1,0,0,0,0,1,1,6,1,10,1997,2,9,4,3
201311NG14793,2,9,0,18,0,1,0,0,1,0,3,1,6,2,4,1598,1,-1,4,2
201311NG15023,1,5,0,16,0,0,5,0,1,0,1,1,6,1,8,885,1,21,1,1
201311NG15243,1,9,0,9,0,1,0,0,0,0,1,1,6,2,4,1200,1,1,4,1
201311NG15243,2,9,0,18,0,3,0,0,0,0,1,1,6,2,4,1596,1,5,3,3
201311NG15623,1,9,0,18,0,8,0,0,1,2,1,1,6,1,9,1388,1,6,10,1
201311NG15863,1,9,0,18,0,4,0,0,4,0,0,1,6,1,8,1398,2,11,3,1
201311NG15973,1,11,0,2,0,0,0,0,0,0,0,1,6,1,8,9600,2,13,6,2
201311NG16923,1,9,0,18,0,3,0,0,1,2,4,1,6,2,4,998,1,2,2,1
201311NG17373,1,8,0,9,0,2,0,0,0,0,3,1,1,1,10,-1,-1,-1,-1,2
201311NG17373,2,5,0,18,0,1,0,0,0,0,1,1,6,2,7,599,1,21,7,1
201311NG17383,1,19,0,4,0,1,1,0,0,0,1,1,1,1,9,2198,2,3,4,3
201311NG17383,2,9,0,4,0,1,0,0,0,0,2,1,6,2,7,998,1,-1,3,1
201311NG18223,1,4,0,17,0,0,1,0,1,9,1,1,6,1,5,400,1,24,4,2
201311NG18863,1,9,0,3,0,4,0,0,0,0,1,1,6,1,8,1995,2,-1,9,1
201311NG18863,2,9,0,3,0,4,0,0,0,0,2,1,6,2,5,1198,1,5,9,1
201311NG19143,1,9,0,17,0,8,0,0,1,11,1,1,6,1,8,1587,1,9,7,3
201311NG19153,1,9,0,5,0,4,0,0,0,0,1,1,6,2,6,1598,1,7,3,3
201311NG19153,2,1,0,18,0,8,0,0,0,0,1,1,6,1,6,-1,-1,-1,3,1
201311NG19213,1,9,0,18,0,2,0,0,0,0,4,1,6,1,5,1587,1,6,6,1
201311NG19253,1,19,0,18,0,3,0,0,0,0,1,1,6,1,5,-1,-1,-1,3,1
201311NG19253,2,8,0,3,0,3,0,0,0,0,2,1,1,1,8,2143,2,2,2,1
201311NG19733,1,9,0,18,0,1,0,0,0,0,1,1,6,1,9,1197,1,1,2,3
201311NG19733,2,9,0,3,0,1,0,0,0,0,2,1,6,1,5,1360,1,12,7,2
201311NG19893,1,9,0,7,0,3,0,0,0,0,1,1,6,2,9,1299,1,11,4,1
201311NG19893,2,9,0,7,0,3,0,0,0,0,2,1,6,1,6,1994,1,11,8,1
201311NG19993,1,9,0,18,0,0,5,0,1,0,4,1,6,2,9,1560,2,2,6,1
201311NG20663,1,9,0,18,0,0,0,0,0,0,1,1,2,1,5,1149,1,6,4,2
201311NG21083,1,9,0,18,0,8,5,0,1,1,1,1,6,1,9,1988,2,10,3,3
201311NG21213,1,9,0,9,0,8,0,0,0,0,1,1,6,1,7,1248,2,6,6,1
201311NG21213,2,9,0,18,0,8,0,0,0,0,1,1,6,1,5,1299,1,11,1,1
201311NG21643,1,1,0,18,0,2,0,0,0,0,1,1,1,2,8,-1,-1,-1,4,1
201311NG21643,2,9,0,7,0,2,0,0,0,0,4,1,6,1,5,2204,2,7,9,1
201311NG21693,1,9,0,18,0,2,0,0,1,3,1,1,6,1,11,1560,2,1,10,1
201311NG21783,1,9,0,18,0,0,0,0,0,0,4,1,2,1,6,1598,1,5,5,1
201311NG22583,1,9,0,18,0,1,0,0,0,0,1,1,6,1,-1,1242,1,1,2,2
201311NG22583,2,9,0,3,0,1,0,0,0,0,2,1,6,2,6,1796,1,9,7,3
201311NG23763,1,4,0,3,0,0,0,0,4,0,0,1,2,2,7,-1,-1,-1,8,1
201311NG23763,2,2,0,3,0,0,0,0,0,0,0,1,6,3,-1,-1,-1,-1,-1,-1
201311NG23763,3,21,1,12,0,0,0,0,0,0,0,1,1,1,9,12777,2,3,5,1
201311NG24313,1,9,0,3,0,1,0,0,0,0,1,1,6,2,6,1582,2,3,-1,-1
201311NG24313,2,9,0,3,0,1,0,0,0,0,2,1,6,2,8,1240,1,9,7,2
201311NG24413,1,9,0,18,0,4,0,0,0,0,1,1,6,2,8,998,1,5,6,2
201311NG24413,2,1,0,18,0,8,0,0,0,0,2,1,6,1,7,-1,-1,-1,4,2
201311NG24573,1,19,0,16,0,0,1,0,0,0,3,1,1,1,6,1997,2,7,4,2
201311NG24573,2,9,0,18,0,0,0,0,1,0,3,1,6,2,6,2000,2,6,2,1
201311NG24943,1,9,0,18,0,1,0,0,0,0,1,1,6,3,-1,1242,1,4,8,1
201311NG24943,2,9,0,3,0,1,0,0,0,0,2,1,6,2,5,-1,-1,-1,9,1
201311NG26023,1,9,0,18,0,1,0,0,0,0,4,1,3,1,8,-1,-1,-1,3,2
201311NG26883,1,11,0,2,6,0,0,0,0,0,4,1,1,1,9,5900,2,4,4,2
201311NG27413,1,19,0,18,0,2,0,0,0,0,1,1,1,1,7,2499,2,5,2,3
201311NG27413,2,9,0,5,0,2,0,0,0,0,2,1,3,2,4,1197,1,1,5,3
201311NG29203,1,9,0,18,0,0,0,0,0,0,4,1,6,3,-1,-1,-1,-1,-1,-1
201311NG29273,1,9,0,9,0,6,0,0,0,0,3,1,6,1,8,-1,-1,-1,4,2
201311NG29273,2,9,0,18,0,8,0,0,0,0,4,1,6,2,8,1248,1,1,2,1
201311NG29443,1,4,0,18,0,0,1,0,0,0,1,1,6,1,8,-1,-1,-1,2,1
201311NG29443,2,11,0,18,0,0,0,0,0,0,1,1,6,1,6,9600,2,16,4,1
201311NH00943,1,9,0,18,0,1,1,0,1,10,1,1,5,2,5,996,1,3,4,1
201311NH03593,1,9,0,18,0,0,0,7,0,0,1,1,5,1,6,1781,1,10,2,1
201311NH03593,2,19,0,18,0,0,0,0,0,0,1,1,5,2,10,1753,2,10,3,1