Accident_Index,Vehicle_Reference,Vehicle_Type,Towing_and_Articulation,Vehicle_Manoeuvre,Vehicle_Location-Restricted_Lane,Junction_Location,Skidding_and_Overturning,Hit_Object_in_Carriageway,Vehicle_Leaving_Carriageway,Hit_Object_off_Carriageway,1st_Point_of_Impact,Was_Vehicle_Left_Hand_Drive?,Journey_Purpose_of_Driver,Sex_of_Driver,Age_Band_of_Driver,Engine_Capacity_(CC),Propulsion_Code,Age_of_Vehicle,Driver_IMD_Decile,Driver_Home_Area_Type
2013120005575,1,9,0,17,0,0,1,4,0,0,4,1,6,1,5,1598,1,4,7,3
2013120005575,2,9,0,2,0,0,0,0,0,0,1,1,6,2,8,1587,1,8,7,1
2013120005756,1,9,0,18,0,0,0,0,0,0,2,1,6,2,7,1598,1,3,8,3
2013120005756,2,19,0,18,0,0,0,0,0,0,1,1,1,1,9,2198,2,5,10,1
2013120005878,1,9,0,4,0,0,0,0,0,0,0,1,6,3,-1,-1,-1,-1,-1,-1
2013120005878,2,9,0,18,0,0,0,0,0,0,1,1,6,1,6,1870,2,11,6,3
2013120005878,3,9,0,3,0,0,0,0,0,0,2,1,6,2,7,1998,2,7,7,3
2013120005878,4,8,0,18,0,0,0,0,0,0,1,1,6,1,10,1396,1,15,6,3
2013120005878,5,9,0,18,0,0,0,0,0,0,1,1,6,1,7,-1,-1,-1,3,2
2013120005985,1,9,0,9,0,0,0,0,0,0,4,1,6,2,7,1149,1,7,9,3
2013120005985,2,1,0,18,4,0,0,0,0,0,1,1,6,1,4,-1,-1,-1,9,1
2013120006014,1,9,0,16,0,1,1,0,8,11,4,1,6,1,4,1596,1,9,10,3
2013120006014,2,9,0,18,0,6,0,0,0,0,1,1,6,1,8,1497,8,8,7,2
2013120006021,1,9,0,9,0,5,0,0,0,0,3,1,1,1,6,1896,2,10,10,2
2013120006021,2,1,0,18,0,8,0,0,0,0,1,1,2,2,8,-1,-1,-1,9,1
2013120006069,1,9,0,16,0,0,2,0,1,4,4,1,2,1,8,1229,1,9,9,2
2013120006158,1,9,0,9,0,4,0,0,0,0,1,1,1,2,4,-1,-1,-1,10,3
2013120006158,2,9,0,18,0,8,0,0,0,0,4,1,6,1,9,1896,1,17,10,1
2013120006264,1,9,0,18,0,0,1,0,0,7,1,1,6,2,5,1124,1,15,2,1
2013120006345,1,9,0,17,0,0,0,0,0,0,1,1,1,1,8,-1,-1,-1,9,1
2013120006345,2,9,0,16,0,0,0,0,1,0,3,1,6,1,6,1870,2,9,4,1
2013120006486,1,20,0,18,0,0,2,0,7,11,4,1,6,2,7,-1,-1,-1,6,1
2013120006528,1,9,0,16,0,0,1,0,0,0,1,1,6,1,8,1360,1,12,1,1
2013120006528,2,9,0,17,0,0,1,0,0,0,3,1,6,1,5,1198,1,4,3,1
2013120006600,1,9,0,18,0,0,5,0,7,0,0,1,6,1,4,-1,-1,-1,7,2
2013120006632,1,9,0,18,0,0,0,0,1,7,1,1,6,1,8,-1,-1,-1,7,3
2013120006632,2,21,0,18,0,0,0,0,0,0,2,1,1,1,7,4250,2,7,4,1
2013120006664,1,9,0,17,0,0,1,0,1,4,1,1,2,2,7,1360,1,9,9,2
2013120006864,1,9,0,3,0,0,0,0,0,0,0,1,6,2,10,1560,2,7,9,3
2013120006864,2,1,0,17,0,0,0,0,1,9,4,1,6,1,8,-1,-1,-1,7,1
2013120007210,1,9,0,17,0,0,2,0,1,0,1,1,6,1,4,973,1,14,4,1
2013120007250,1,9,0,18,0,0,2,0,7,9,3,1,6,1,4,1461,2,9,7,1
2013120007345,1,11,0,2,6,0,0,0,0,0,0,1,1,2,8,-1,2,13,6,1
2013120007448,1,9,0,16,0,0,1,0,7,0,1,1,6,2,7,1997,2,4,8,3
2013120007448,2,9,0,4,0,0,1,0,1,0,1,1,1,1,8,2402,2,2,7,3
2013120007956,1,19,0,9,0,2,1,0,0,0,4,1,1,1,8,4461,2,5,3,1
2013120007956,2,4,0,18,0,1,0,0,0,0,1,1,2,1,6,782,1,5,1,1
2013120007979,1,9,0,18,0,0,1,0,0,0,1,1,6,1,9,1798,1,3,9,3
2013120007979,2,9,0,18,0,0,0,0,0,0,1,1,6,1,10,1896,2,9,7,3
2013120008145,1,9,0,18,0,0,1,0,0,0,1,1,6,2,7,1061,1,10,5,2
2013120008145,2,9,0,2,0,0,0,0,0,0,2,1,6,1,4,973,1,14,5,3
2013120008185,1,11,1,4,0,0,0,0,0,0,0,1,1,3,-1,-1,-1,-1,-1,-1
2013120008185,2,1,0,18,0,0,0,0,0,0,0,1,6,2,7,-1,-1,-1,7,1
2013120008262,1,11,0,4,0,0,0,0,0,0,0,1,1,1,7,9360,2,6,3,1
2013120008393,1,9,0,18,0,0,0,0,0,6,3,1,1,2,7,1796,1,9,6,2
2013120008405,1,9,0,4,0,0,2,0,7,9,2,1,1,1,8,-1,-1,-1,2,1
2013120008405,2,19,0,4,0,0,1,0,0,0,1,1,2,1,8,2488,2,6,5,3
2013120008442,1,9,0,12,0,0,0,0,5,6,3,1,6,1,8,1599,1,8,3,1
2013120008442,2,9,0,18,0,0,0,0,0,0,1,1,6,1,11,1248,1,3,6,3
2013120008459,1,5,0,12,0,0,0,0,0,0,3,1,6,1,7,650,1,13,1,1
2013120008463,1,21,0,5,0,4,0,0,0,0,1,1,1,1,7,12130,2,11,3,1
2013120008463,2,9,0,3,0,4,0,0,0,0,2,1,6,2,7,1598,1,6,2,1
2013120008465,1,9,0,7,0,8,0,0,0,0,4,1,6,1,6,1900,2,9,2,1
2013120008465,2,1,0,18,0,8,0,0,0,0,3,1,6,1,7,-1,-1,-1,-1,-1
2013120008513,1,9,0,9,0,1,1,0,0,0,3,1,6,1,9,1753,2,12,7,2
2013120008513,2,9,0,13,0,1,1,0,7,11,1,1,6,1,8,2688,2,10,4,1
2013120008567,1,9,0,18,0,4,0,0,7,4,1,1,6,1,11,1461,2,2,-1,-1
2013120008622,1,9,0,13,0,0,2,0,1,3,4,1,6,1,6,2494,1,16,10,2
2013120008622,2,9,0,18,0,0,1,0,7,10,3,1,6,2,6,2259,1,13,3,1
2013120008622,3,9,0,18,0,0,0,0,0,0,3,1,6,2,8,1390,1,9,10,1
2013120008686,1,9,0,18,0,0,0,0,0,0,1,1,6,1,4,1242,1,10,8,3
2013120008686,2,9,0,10,0,0,0,0,0,0,2,1,6,2,6,2295,1,13,5,1
2013120008703,1,9,0,18,0,0,0,0,0,0,4,1,6,1,10,1998,2,4,10,1
2013120008907,1,17,4,18,0,0,0,0,0,0,1,1,1,1,6,-1,2,1,9,2
2013120008907,2,9,0,18,0,0,0,0,0,0,1,1,1,1,6,-1,-1,-1,9,2
2013120008907,3,21,1,18,0,0,0,0,0,0,3,1,1,1,7,12900,2,1,8,1
2013120008907,4,21,1,18,0,0,0,0,0,0,4,1,1,1,8,11705,2,10,6,2
2013120008954,1,10,0,18,0,0,0,4,0,0,1,1,1,1,10,-1,-1,-1,-1,-1
2013120008954,2,9,0,2,0,0,0,0,1,10,2,1,1,2,6,1396,1,9,7,1
2013120009112,1,9,0,18,0,0,5,4,0,0,1,1,6,2,11,1390,1,6,8,2
2013120009112,2,9,0,2,0,0,0,0,0,0,3,1,6,1,8,-1,-1,-1,8,3
2013120009112,3,9,0,2,0,0,0,0,0,0,1,1,6,1,4,1299,1,13,8,3
2013120009112,4,19,0,2,0,0,0,0,0,0,1,1,6,2,-1,1300,1,6,7,3
2013120009133,1,9,0,18,0,8,0,0,0,0,1,1,6,1,9,2143,2,4,10,3
2013120009133,2,1,0,18,0,8,0,0,0,0,3,1,6,1,6,-1,-1,-1,-1,-1
2013120009180,1,1,0,18,4,0,0,0,0,0,0,1,6,1,8,-1,-1,-1,5,1
2013120009180,2,9,0,13,0,0,0,0,0,0,0,1,6,2,8,1995,2,5,6,3
2013120009305,1,9,0,18,0,0,0,0,0,0,1,1,6,1,11,1289,1,15,9,1
2013120009305,2,9,0,18,0,0,0,0,0,0,2,1,6,2,8,1999,1,5,10,1
2013120009756,1,9,0,18,0,8,0,0,0,0,4,1,6,1,6,1199,1,10,7,3
2013120009756,2,9,0,18,0,8,0,0,0,0,1,1,6,1,8,1896,2,4,-1,-1
2013120009826,1,5,0,18,0,0,1,0,1,9,3,1,2,1,8,954,1,11,3,1
2013120009932,1,9,0,18,0,0,1,0,7,11,1,1,6,1,7,-1,-1,-1,7,3
2013120009952,1,9,0,18,0,0,2,0,1,7,1,1,6,1,5,2435,1,12,1,1
2013120010061,1,9,0,17,0,0,5,0,8,4,3,1,6,1,5,1596,1,11,6,2
2013120010174,1,9,0,16,0,0,1,0,7,11,3,1,6,2,6,1399,2,4,-1,-1
2013120010191,1,9,0,18,0,1,1,0,1,2,1,1,6,1,4,2720,2,8,8,2
2013120010370,1,9,0,18,0,8,1,0,1,11,1,1,6,1,6,1997,1,9,7,1
2013120010534,1,9,0,18,0,0,2,0,6,6,1,1,1,1,6,-1,-1,-1,3,1
2013120010895,1,9,0,18,0,0,1,0,1,2,1,1,2,1,4,1598,1,7,3,1
2013120011230,1,9,0,3,0,1,0,0,0,0,2,1,1,1,9,1560,2,7,6,1
2013120011230,2,9,0,4,0,1,1,0,0,0,1,1,6,1,10,1988,1,19,6,1
2013120011289,1,9,0,1,0,0,0,0,0,0,2,1,6,1,7,1796,1,10,7,1
2013120011289,2,19,0,18,0,0,0,0,0,0,1,1,6,1,7,2198,2,5,7,1
2013120011289,3,9,0,18,0,0,0,0,0,0,0,1,6,1,6,1598,1,10,4,1
2013120011521,1,10,0,17,0,0,1,4,1,0,1,1,1,1,8,-1,-1,-1,7,3
2013120011521,2,9,0,2,0,0,0,0,0,0,2,1,6,3,-1,1896,2,6,7,3
2013120011521,3,9,0,2,0,0,0,0,0,0,1,1,6,3,-1,1968,2,5,7,3
2013120011649,1,9,0,9,0,8,0,0,0,0,1,1,6,2,4,1199,1,10,7,1
2013120011649,2,19,4,18,0,8,0,0,0,0,1,1,6,1,7,2800,2,10,-1,-1
2013120012303,1,9,0,18,0,0,0,0,7,1,0,1,6,1,4,-1,-1,-1,8,3
2013120012419,1,9,0,18,0,0,2,0,7,0,3,1,6,1,10,1390,1,9,3,1
2013120012442,1,9,0,5,0,2,0,0,0,0,1,1,6,2,6,1242,1,11,6,1
2013120012442,2,9,0,18,0,1,1,4,0,0,4,1,6,2,9,-1,-1,-1,9,1
2013120012442,3,9,0,2,0,2,0,0,0,0,1,1,6,2,4,1242,1,3,-1,-1
2013120012463,1,9,0,1,0,5,0,0,0,0,1,1,6,1,11,1596,1,9,5,1
2013120012736,1,9,0,4,0,4,0,0,0,0,1,1,6,1,-1,-1,-1,-1,-1,-1
2013120012803,1,9,0,2,0,0,0,0,0,0,0,1,6,3,-1,1229,1,1,7,1
2013120012803,2,20,0,14,0,0,1,0,7,10,1,1,1,1,6,-1,-1,-1,6,3
2013120012803,3,9,0,18,0,0,0,0,1,10,1,1,6,1,9,1995,2,8,6,1
2013120012832,1,9,0,13,0,0,1,0,7,4,4,1,6,1,4,-1,-1,-1,5,1
2013120012960,1,9,0,9,0,1,0,0,0,0,3,1,6,1,8,1995,2,6,5,1
2013120012960,2,9,0,18,0,1,0,0,0,0,4,1,6,2,7,1968,2,4,2,1
2013120013005,1,9,0,3,0,3,0,0,0,0,3,1,2,2,7,1368,1,3,9,3
2013120013005,2,9,0,9,0,3,0,0,0,0,1,1,6,1,11,1587,1,14,3,1
2013120013106,1,9,0,1,0,0,0,0,0,0,2,1,3,2,7,1248,1,1,10,1
2013120013106,2,9,0,14,0,0,0,0,0,0,1,1,3,2,6,2324,1,10,8,1
2013120013197,1,9,0,18,0,8,0,0,3,4,1,1,6,1,5,1596,1,11,9,1
2013120013228,1,9,0,18,0,0,0,0,0,0,1,1,1,2,5,1242,1,1,8,3
2013120013228,2,9,0,3,0,0,0,0,0,0,2,1,1,2,6,1596,1,8,8,3
2013120013228,3,9,0,3,0,0,0,0,0,0,2,1,1,2,7,1229,1,5,8,3
2013120013228,4,9,0,2,0,0,0,0,0,0,0,1,1,2,6,1396,1,11,-1,-1
2013120013332,1,8,0,9,0,1,0,0,0,0,2,1,1,1,8,1753,2,5,6,1
2013120013332,2,9,0,18,0,1,0,0,0,0,1,1,6,2,9,2401,2,9,8,2
2013120013601,1,8,0,9,0,2,0,0,0,0,3,1,1,1,7,1896,2,10,5,1
2013120013728,1,9,0,18,0,0,1,0,0,0,1,1,6,1,9,1797,8,4,5,1
2013120013728,2,9,0,2,0,0,0,0,0,0,2,1,6,1,7,2996,2,15,10,1
2013120013770,1,9,0,16,0,0,1,0,0,0,1,1,6,1,9,1324,1,11,10,1
2013120013770,2,9,0,17,0,0,1,0,0,0,3,1,6,1,7,-1,-1,-1,7,3
2013120013961,1,9,0,17,0,0,0,0,0,0,1,1,6,2,8,2720,2,4,6,3
2013120013961,2,9,0,16,0,0,1,0,0,0,1,1,6,1,5,998,1,7,-1,-1
2013120014047,1,9,0,2,0,0,0,0,0,0,4,1,6,3,-1,-1,-1,-1,-1,-1
2013120014047,2,1,0,18,0,0,0,0,0,0,1,1,6,2,7,-1,-1,-1,6,1
2013120014123,1,9,0,18,0,8,0,0,0,0,1,1,6,1,5,1998,1,10,8,1
2013120014123,2,9,0,18,0,6,1,0,0,0,1,1,6,2,6,-1,-1,-1,2,1
2013120014123,3,9,0,2,0,2,0,0,0,0,1,1,6,3,-1,1582,2,1,-1,-1
2013120014167,1,9,0,18,0,0,1,0,1,3,1,1,6,2,4,1390,1,3,6,1
2013120014407,1,9,0,5,0,4,0,0,0,0,1,1,6,1,7,-1,-1,-1,-1,-1
2013120014407,2,1,0,18,0,3,0,0,0,0,4,1,6,1,8,-1,-1,-1,9,1
2013120014422,1,9,0,18,0,8,0,0,0,0,1,1,6,3,-1,-1,-1,-1,-1,-1
2013120014612,1,9,0,18,0,0,0,0,0,0,1,1,6,1,6,1794,1,10,6,1
2013120014612,2,9,0,2,0,0,0,0,0,0,2,1,6,2,9,998,1,11,10,1
2013120014668,1,11,0,18,0,0,0,0,0,0,4,1,1,1,9,6692,2,4,2,1
2013120014668,2,9,0,12,0,0,0,0,0,0,3,1,6,1,6,1598,1,12,-1,-1
2013120014707,1,9,0,16,0,0,0,0,2,10,4,1,3,2,8,-1,-1,-1,4,1
2013120014707,2,19,0,17,0,0,0,0,0,0,0,1,1,1,7,2300,2,8,4,3
2013120014712,1,9,0,9,0,1,0,0,0,0,1,1,6,1,5,-1,-1,-1,9,3
2013120014712,2,1,0,18,4,1,0,0,0,0,1,1,2,1,7,-1,-1,-1,2,1
2013120014835,1,9,0,3,0,0,0,0,0,0,2,1,6,1,5,1396,1,10,5,1
2013120014835,2,19,0,18,0,0,0,0,0,0,1,1,6,1,7,2198,2,3,5,1
2013120015348,1,9,0,17,0,0,1,0,0,0,1,1,1,1,8,1560,2,1,-1,-1
2013120015348,2,9,0,16,0,0,1,0,1,0,1,1,1,1,8,1995,2,7,9,1
2013120015445,1,9,0,13,0,0,0,0,0,0,4,1,6,1,10,1910,2,5,9,1
2013120015445,2,1,0,18,0,0,0,0,0,0,3,1,6,2,9,-1,-1,-1,6,1
2013120015454,1,9,4,18,0,0,0,0,0,0,1,1,2,1,5,4164,2,6,8,3
2013120015454,2,9,0,18,0,0,0,0,1,0,1,1,2,1,8,-1,-1,-1,-1,-1
2013120015618,1,9,0,3,0,0,0,0,0,0,4,1,6,1,9,1229,1,8,10,1
2013120015618,2,1,0,15,4,0,0,8,0,0,1,1,1,1,5,-1,-1,-1,8,1
2013120015623,1,9,0,9,0,1,0,0,0,0,4,1,6,2,8,1587,1,8,6,1
2013120015623,2,3,0,18,0,1,0,0,0,0,1,1,2,1,5,124,1,6,8,2
2013120015629,1,9,0,9,0,2,0,10,1,2,1,1,2,1,6,1299,1,10,-1,-1
2013120016040,1,9,0,18,0,1,0,0,0,0,1,1,6,1,5,1360,1,12,6,1
2013120016040,2,9,0,3,0,1,0,0,0,0,2,1,6,1,6,1598,1,11,7,1
2013120016292,1,9,0,16,0,0,0,0,0,0,1,1,1,1,6,-1,-1,-1,7,1
2013120016292,2,9,0,17,0,0,0,0,0,0,1,1,3,2,7,1988,1,9,9,3
2013120016299,1,9,0,3,0,1,0,0,0,0,2,1,6,2,6,1390,1,13,6,1
2013120016299,2,9,0,7,0,1,0,0,0,0,1,1,6,1,-1,-1,-1,-1,-1,-1
2013120016345,1,9,0,9,0,6,0,0,0,0,3,1,6,1,-1,-1,-1,-1,-1,-1
2013120016566,1,9,0,9,0,5,0,0,0,0,4,1,6,1,9,1560,2,1,9,1
2013120016566,2,1,0,18,4,1,0,0,0,0,1,1,1,1,6,-1,-1,-1,4,1
2013120016704,1,21,0,18,0,0,0,0,0,0,4,1,1,1,7,11967,2,3,4,1
2013120016704,2,1,0,18,0,0,0,0,1,0,2,1,6,1,7,-1,-1,-1,-1,-1
2013120016790,1,9,0,17,0,0,2,0,1,10,1,1,1,2,5,-1,-1,-1,7,3
2013120016822,1,9,0,18,0,0,0,0,0,0,1,1,1,1,6,1396,1,12,8,2
2013120016822,2,9,0,3,0,0,0,0,0,0,2,1,3,2,7,1299,1,10,8,3
2013120016916,1,9,0,9,0,8,0,0,0,0,1,1,6,1,9,1870,2,9,1,1
2013120016916,2,1,0,18,0,8,0,0,0,0,1,1,6,1,7,-1,-1,-1,6,2
2013120017590,1,9,0,8,0,1,0,0,0,0,2,1,6,2,7,1968,2,1,7,3
2013120017590,2,9,0,5,0,1,0,0,0,0,1,1,6,1,5,1343,1,11,10,1
2013120017681,1,9,0,17,0,0,0,0,0,0,1,1,6,1,11,1991,2,5,8,3
2013120017681,2,1,0,17,0,0,0,0,1,0,2,1,6,1,9,-1,-1,-1,7,1
2013120018155,1,9,0,4,0,0,2,0,1,11,4,1,6,1,7,2982,2,2,3,1
2013120018162,1,9,0,7,0,8,0,0,0,0,1,1,6,2,9,2497,2,8,8,3
2013120018218,1,9,0,18,0,0,0,0,0,0,1,1,6,2,8,1360,1,10,6,1
2013120018218,2,9,0,18,0,0,0,0,0,0,2,1,1,1,7,1956,2,4,7,1
2013120018265,1,2,0,18,0,0,0,0,1,11,1,1,2,1,4,50,1,1,6,3
2013120018295,1,9,0,18,0,1,0,0,0,0,1,1,6,1,9,1598,1,10,8,2
2013120018295,2,9,0,10,0,1,0,0,0,0,2,1,4,2,7,1598,2,1,8,2
2013120018304,1,9,0,3,0,0,0,0,0,0,1,1,6,2,5,1798,1,9,8,1
2013120018304,2,9,0,1,0,0,0,0,0,0,2,1,2,1,9,2993,2,2,7,3
2013120018312,1,9,0,9,0,6,0,0,0,0,3,1,6,2,6,2204,2,7,1,1
2013120018312,2,9,0,18,0,8,0,0,0,0,1,1,1,1,6,-1,-1,-1,7,1
2013120018326,1,2,0,18,0,0,0,0,0,0,1,1,6,2,4,49,1,1,10,1
2013120018326,2,9,0,18,0,0,0,0,0,0,1,1,6,1,7,1388,1,6,10,1
2013120018328,1,1,0,18,0,8,0,0,0,0,2,1,6,1,6,-1,-1,-1,6,1
2013120018328,2,9,0,5,0,4,0,0,0,0,1,1,6,1,-1,-1,-1,-1,-1,-1
2013120018349,1,9,0,18,0,8,0,0,0,0,1,1,6,1,5,-1,-1,-1,-1,-1
2013120018349,2,1,0,9,0,8,0,0,0,0,4,1,2,1,6,-1,-1,-1,10,1
2013120018551,1,11,0,14,0,0,0,0,0,0,0,1,1,1,-1,-1,-1,-1,-1,-1
2013120018551,2,1,0,18,0,0,0,0,0,0,0,1,6,1,8,-1,-1,-1,9,3
2013120019112,1,1,0,18,0,8,1,0,0,0,1,1,2,1,4,-1,-1,-1,5,1
2013120019112,2,9,0,7,0,5,0,0,0,0,2,1,6,1,-1,-1,-1,-1,-1,-1
2013120019226,1,9,0,9,0,1,0,0,0,0,0,1,2,1,7,1461,2,9,8,1
2013120019226,2,2,0,14,0,1,0,0,0,0,0,1,4,1,4,49,1,9,8,1
2013120019276,1,9,0,16,0,0,1,0,2,10,0,1,2,1,4,1124,1,8,8,2
2013120019276,2,9,0,16,0,0,1,10,1,10,0,1,6,2,7,1598,1,14,7,2
2013120019387,1,9,0,18,0,0,1,0,0,0,1,1,6,1,4,1396,1,16,6,2
2013120019387,2,9,0,18,0,0,0,0,0,0,1,1,6,2,7,2204,2,7,6,2
2013120019490,1,9,0,18,0,0,0,0,0,0,3,1,6,3,-1,-1,-1,-1,-1,-1
2013120019554,1,9,0,9,0,8,0,0,0,0,1,1,6,2,8,1422,2,9,6,3
2013120019554,2,1,0,18,0,8,0,0,0,0,4,1,6,1,6,-1,-1,-1,4,1
2013120019668,1,9,0,18,0,1,0,0,0,0,1,1,2,1,8,1598,1,4,10,2
2013120019668,2,9,0,9,0,1,0,0,0,0,1,1,6,2,4,3200,2,7,7,3
2013120019702,1,9,0,4,0,0,0,0,0,0,1,1,1,1,6,1461,2,-1,9,2
2013120019702,2,9,0,18,0,0,0,0,0,0,2,1,6,2,4,1388,1,1,6,2
2013120019725,1,9,0,9,0,1,0,0,0,0,4,1,6,1,10,1896,2,6,8,2
2013120019725,2,1,0,18,0,1,1,0,0,0,1,1,6,1,7,-1,-1,-1,3,1
2013120019823,1,9,0,17,0,0,1,0,2,4,1,1,2,2,9,1896,2,12,-1,-1
2013120019826,1,9,0,18,0,1,1,4,7,4,1,1,6,2,9,1988,1,9,7,1
2013120019826,2,9,0,2,0,2,0,0,0,0,1,1,6,2,7,2616,1,7,6,1
2013120019945,1,9,0,3,0,1,0,0,0,0,2,1,6,1,6,998,1,3,-1,-1
2013120019945,2,9,0,4,0,1,0,0,0,0,1,1,6,2,5,1360,1,10,4,1
2013120020145,1,9,0,7,0,1,0,0,0,0,1,1,6,3,-1,-1,-1,-1,-1,-1
2013120020237,1,9,0,16,0,0,2,0,2,10,1,1,6,2,8,4293,1,5,6,3
2013120020294,1,9,0,16,0,0,1,0,7,4,4,1,6,1,5,1229,1,1,8,2
2013120020330,1,9,0,18,0,8,0,0,0,0,1,1,3,2,7,2199,2,3,8,3
2013120020330,2,1,0,9,0,8,0,0,0,0,4,1,6,1,4,-1,-1,-1,4,1
2013120020377,1,9,0,5,9,5,0,0,0,0,1,1,2,2,8,1753,2,8,10,1
2013120020428,1,9,0,16,0,0,5,0,0,11,1,1,6,2,10,1997,2,6,2,1
2013120020552,1,9,0,5,0,4,0,0,0,0,1,1,6,2,8,973,1,12,7,1
2013120020552,2,1,0,5,0,3,0,0,0,0,2,1,1,1,9,-1,-1,-1,10,1
2013120020693,1,9,0,18,0,1,0,0,0,0,1,1,2,1,6,1896,2,11,10,1
2013120020693,2,9,0,5,0,6,0,0,0,0,4,1,1,1,9,1968,2,5,5,1
2013120020815,1,9,0,9,0,5,0,0,0,0,3,1,6,1,10,1598,1,2,9,3
2013120020815,2,9,0,18,0,8,0,0,0,0,1,1,6,2,8,1799,1,15,5,2
2013120020815,3,9,0,18,0,8,0,0,0,0,1,1,6,2,7,1242,1,9,9,1
2013120020815,4,9,0,8,0,1,0,0,0,0,4,1,6,1,8,1896,2,10,-1,-1
2013120020904,1,9,0,18,0,0,1,0,8,11,1,1,6,1,4,1461,2,2,-1,-1
2013120020957,1,9,0,14,0,0,0,0,0,0,4,1,6,2,9,1339,1,2,7,2
2013120020957,2,9,0,2,0,0,0,0,0,0,2,1,6,2,8,-1,-1,-1,2,1
2013120020964,1,2,0,18,0,0,0,0,0,0,1,1,6,1,4,125,1,-1,6,3
2013120020964,2,9,0,4,0,0,0,0,0,0,2,1,6,1,6,1753,2,11,9,1
2013120021103,1,9,0,13,0,0,0,0,0,0,4,1,6,1,9,1995,2,6,10,1
2013120021103,2,1,0,18,0,0,0,0,0,0,3,1,6,1,7,-1,-1,-1,9,1
2013120021216,1,9,0,3,0,0,0,0,0,0,2,1,6,1,10,1560,2,6,5,3
2013120021216,2,9,0,18,0,0,0,0,0,0,1,1,6,1,11,1240,1,3,8,1
2013120021263,1,9,0,7,0,6,0,0,0,0,1,1,2,1,7,1596,1,2,8,1
2013120021263,2,1,0,18,0,8,0,0,0,0,1,1,6,1,6,-1,-1,-1,2,1
2013120021553,1,9,0,13,0,0,0,0,0,0,0,1,6,3,-1,-1,-1,-1,-1,-1
2013120021553,2,1,0,18,0,0,0,0,0,0,0,1,6,1,4,-1,-1,-1,10,2
2013120021583,1,9,0,18,0,1,0,0,0,0,1,1,6,1,6,1390,1,6,3,2
2013120021730,1,9,0,9,0,5,0,0,0,0,1,1,6,2,5,1242,1,7,7,3
2013120021730,2,9,0,18,0,1,0,0,0,0,1,1,6,2,9,-1,-1,-1,6,3
2013120021810,1,9,0,2,0,0,0,0,0,0,2,1,2,1,8,2495,2,28,5,3
2013120021810,2,9,0,4,0,0,1,0,7,10,1,1,6,1,10,-1,-1,-1,-1,-1
2013120021834,1,5,0,18,0,1,0,0,0,0,1,1,6,1,6,645,1,7,8,2
2013120021834,2,9,0,4,0,1,0,0,7,0,2,1,2,2,8,1098,1,-1,9,2
2013120021879,1,9,0,18,0,8,0,0,0,0,1,1,6,1,7,1596,1,8,7,3
2013120022254,1,1,0,18,4,0,0,0,0,0,1,1,1,1,9,-1,-1,-1,10,1
2013120022254,2,9,0,11,4,0,0,0,0,0,4,1,6,2,6,1242,1,4,7,1
2013120022420,1,9,0,9,0,8,0,0,0,0,1,1,6,1,11,1686,2,2,7,1
2013120022420,2,9,0,18,0,8,0,0,0,0,1,1,6,1,7,1998,1,22,-1,2
2013120022673,1,9,0,16,0,0,2,0,1,11,1,1,6,1,4,-1,-1,-1,6,3
2013120022930,1,9,0,5,0,1,0,0,0,0,1,1,6,1,8,1798,1,5,8,2
2013120023014,1,19,0,18,0,0,0,0,0,0,3,1,1,1,6,-1,-1,-1,-1,-1
2013120023014,2,9,0,18,0,0,0,0,0,0,3,1,6,1,7,-1,-1,-1,8,1
2013120023136,1,9,0,17,0,0,1,0,1,9,1,1,6,1,6,1389,1,13,6,1
2013120023223,1,9,0,5,0,2,0,0,0,0,3,1,1,2,5,1397,1,5,-1,-1
2013120023223,2,9,0,18,0,1,0,0,0,0,1,1,3,2,7,1997,2,7,6,1
2013120023240,1,9,0,18,0,8,0,0,8,11,4,1,1,1,7,1968,2,1,6,1
2013120023240,2,21,0,9,0,8,0,0,0,0,3,1,1,1,5,3900,2,10,1,1
2013120023262,1,17,0,5,9,1,0,0,0,0,1,1,1,1,9,6702,2,6,7,3
2013120023262,2,9,0,18,0,1,0,0,1,4,4,1,6,2,10,1390,1,4,8,3
2013120023301,1,9,0,18,0,0,2,0,7,11,3,1,1,2,5,1388,1,7,10,3
2013120023306,1,9,0,18,0,3,0,0,0,0,1,1,6,2,7,1242,1,7,6,1
2013120023501,1,1,0,12,0,0,0,0,0,0,3,1,2,1,7,-1,-1,-1,3,1
2013120023501,2,19,4,13,0,0,0,0,0,0,4,1,1,1,7,2402,2,2,2,1
2013120023604,1,9,0,7,0,6,0,0,0,0,1,1,6,3,-1,1242,1,12,3,1
2013120023604,2,1,0,18,0,8,0,0,0,0,2,1,1,1,6,-1,-1,-1,10,1
2013120023763,1,9,0,9,0,0,0,0,0,0,3,1,1,1,7,1995,2,10,6,2
2013120023763,2,1,0,18,0,0,0,0,0,0,3,1,1,1,8,-1,-1,-1,-1,-1
2013120024101,1,9,0,18,0,4,0,0,0,0,3,1,6,1,10,1598,1,2,9,1
2013120024101,2,3,0,18,0,8,0,0,0,0,2,1,2,1,9,124,1,1,8,3
2013120024225,1,9,0,18,0,1,0,0,0,0,2,1,1,1,5,1598,1,6,5,1