Accident_Index,Vehicle_Reference,Vehicle_Type,Towing_and_Articulation,Vehicle_Manoeuvre,Vehicle_Location-Restricted_Lane,Junction_Location,Skidding_and_Overturning,Hit_Object_in_Carriageway,Vehicle_Leaving_Carriageway,Hit_Object_off_Carriageway,1st_Point_of_Impact,Was_Vehicle_Left_Hand_Drive?,Journey_Purpose_of_Driver,Sex_of_Driver,Age_Band_of_Driver,Engine_Capacity_(CC),Propulsion_Code,Age_of_Vehicle,Driver_IMD_Decile,Driver_Home_Area_Type
2013120024225,2,9,0,18,0,1,0,0,0,0,1,1,1,1,6,1896,2,8,3,1
2013120024231,1,3,0,18,0,0,0,0,0,0,4,1,6,1,5,97,1,5,8,2
2013120024231,2,9,0,13,0,0,0,0,0,0,4,1,6,1,4,1686,2,9,4,2
2013120024281,1,9,0,18,0,8,0,0,0,0,1,1,6,1,5,1870,2,12,2,1
2013120024281,2,9,0,18,0,8,0,0,0,0,3,1,6,1,9,-1,-1,-1,8,2
2013120024322,1,9,0,18,0,0,2,0,0,0,1,1,2,1,5,-1,-1,-1,-1,-1
2013120024336,1,9,0,7,0,0,0,0,0,0,4,1,6,1,8,1896,2,7,6,1
2013120024336,2,1,0,15,0,0,0,0,0,0,3,1,6,2,8,-1,-1,-1,-1,-1
2013120024615,1,9,0,18,0,0,1,0,7,11,1,1,6,2,4,1461,2,11,8,3
2013120024658,1,9,0,3,0,1,0,0,0,0,2,1,6,2,9,-1,-1,-1,7,2
2013120024658,2,9,0,4,0,1,1,0,7,0,1,1,6,1,7,1956,2,-1,9,3
2013120024658,3,9,0,18,0,1,0,0,0,0,1,1,6,2,6,1910,2,5,8,1
2013120024663,1,9,0,17,0,0,0,0,0,0,3,1,2,1,8,1598,1,13,8,3
2013120024663,2,9,0,16,0,0,1,0,1,4,3,1,2,1,6,2498,2,13,8,2
2013120024671,1,9,0,4,0,1,1,0,0,0,1,1,6,2,6,1598,1,10,7,1
2013120024671,2,9,0,4,0,1,1,0,0,0,2,1,6,2,7,1587,1,8,9,1
2013120024735,1,9,0,4,0,0,1,0,0,0,2,1,2,1,7,1598,1,11,3,1
2013120024735,2,9,0,4,0,0,1,0,0,0,1,1,2,2,9,1390,1,6,3,1
2013120024891,1,9,0,18,0,0,2,0,1,10,1,1,6,1,7,1560,2,8,1,1
2013120024899,1,19,0,13,0,0,2,0,1,11,4,1,1,2,8,2148,2,5,3,1
2013120024899,2,21,1,18,0,0,4,0,5,6,1,1,1,1,7,-1,-1,-1,1,1
2013120024911,1,19,0,18,0,0,0,0,0,0,0,1,6,3,-1,-1,-1,-1,-1,-1
2013120024911,2,9,0,18,0,0,1,0,4,6,1,1,1,1,4,1229,1,1,4,2
2013120024936,1,9,0,12,0,0,0,0,0,0,1,1,6,3,-1,-1,-1,-1,-1,-1
2013120024936,2,9,0,18,0,0,0,0,5,6,3,1,2,1,5,1360,1,11,9,1
2013120025222,1,9,0,18,0,0,0,0,0,0,1,1,6,1,10,1998,1,13,-1,-1
2013120025222,2,19,0,18,0,0,0,0,0,0,2,1,1,2,7,1995,2,2,8,1
2013120025254,1,17,0,7,0,1,5,0,0,0,4,1,1,1,6,-1,-1,-1,6,3
2013120025267,1,9,0,18,0,0,0,0,0,0,1,1,1,2,5,1896,2,11,4,1
2013120025267,2,9,0,18,0,0,0,0,0,0,1,1,1,2,9,1999,1,11,8,3
2013120025280,1,9,0,9,0,1,0,0,0,0,0,1,6,3,-1,-1,-1,-1,-1,-1
2013120025280,2,1,0,18,0,1,0,0,0,0,0,1,6,1,4,-1,-1,-1,10,1
2013120025353,1,9,0,9,0,2,0,0,0,0,1,1,2,1,6,1124,1,4,8,1
2013120025353,2,1,0,18,0,1,0,0,0,0,4,1,6,1,4,-1,-1,-1,8,1
2013120025631,1,16,0,18,0,1,0,0,0,0,0,1,6,2,9,-1,-1,-1,6,2
2013120025639,1,9,0,18,0,0,0,0,0,0,4,1,6,3,-1,-1,-1,-1,-1,-1
2013120025639,2,1,0,18,0,0,0,0,0,0,3,1,6,1,4,-1,-1,-1,-1,-1
2013120025829,1,21,4,9,0,2,0,0,0,0,1,1,1,1,9,2198,2,1,7,3
2013120025829,2,9,0,18,0,1,0,0,1,4,3,1,6,1,6,1149,1,6,3,1
2013120025853,1,9,0,5,0,6,0,0,0,0,3,1,6,2,4,-1,-1,-1,1,1
2013120025853,2,9,0,18,0,8,0,0,0,0,1,1,6,2,8,1560,2,2,5,1
2013120025853,3,20,0,2,0,1,0,0,0,0,0,1,1,1,8,2402,2,4,1,1
2013120025933,1,9,0,5,0,0,0,0,0,0,1,1,6,1,4,1124,1,7,8,3
2013120025933,2,9,0,18,0,0,0,0,0,0,4,1,4,2,5,998,1,16,8,1
2013120026064,1,9,0,18,0,0,0,0,0,0,1,1,1,1,8,1998,2,9,10,2
2013120026130,1,9,0,16,0,0,0,0,8,4,1,1,6,1,4,1242,1,9,2,1
2013120026384,1,19,4,18,0,0,0,0,0,0,3,1,6,3,-1,-1,-1,-1,-1,-1
2013120026384,2,19,0,4,0,0,0,0,0,0,3,1,1,1,8,-1,2,14,9,3
2013120026450,1,11,0,16,0,3,1,0,0,0,1,1,1,1,8,-1,2,14,1,2
2013120026537,1,9,0,18,0,0,0,0,0,0,3,1,6,2,10,1400,1,8,8,2
2013120026917,1,9,0,5,0,4,0,0,0,0,3,1,6,1,10,1298,1,3,6,1
2013120026917,2,19,0,9,0,8,0,0,0,0,1,1,6,1,6,1870,2,8,9,1
2013120026984,1,9,0,18,0,0,0,0,0,0,1,1,6,1,6,1360,1,14,6,1
2013120026984,2,9,0,4,0,0,0,0,0,0,1,1,6,1,9,1560,2,8,7,3
2013120026984,3,10,0,2,0,0,0,0,0,0,0,1,6,1,10,2500,2,18,8,1
2013120026994,1,9,4,18,0,0,0,0,0,0,0,1,6,1,8,2720,2,9,6,3
2013120026994,2,9,0,18,0,0,0,0,0,0,2,1,6,1,7,-1,-1,-1,6,3
2013120026994,3,9,0,18,0,0,0,0,0,0,1,1,6,1,5,1900,2,14,9,2
2013120027031,1,9,0,1,6,0,0,0,0,0,2,1,6,1,8,-1,-1,-1,9,3
2013120027095,1,9,0,14,0,0,0,0,0,0,3,1,6,2,6,1796,1,7,9,3
2013120027095,2,9,0,16,0,0,0,10,1,10,1,1,2,1,7,1399,2,8,9,1
2013120027095,3,1,0,18,0,0,0,0,0,0,1,1,6,1,9,-1,-1,-1,10,1
2013120027122,1,5,0,13,0,3,1,0,0,0,4,1,6,1,8,1085,1,15,1,1
2013120027122,2,9,0,18,0,3,0,0,0,0,0,1,6,1,9,1598,1,3,8,3
2013120027622,1,9,0,18,0,1,0,0,0,0,1,1,6,1,10,1364,1,3,9,1
2013120027622,2,9,0,3,0,1,0,0,0,0,2,1,6,2,7,1598,2,1,6,1
2013120027670,1,1,0,18,0,3,0,0,0,0,4,1,2,1,8,-1,-1,-1,3,2
2013120027670,2,9,0,4,0,4,1,0,0,0,1,1,6,3,-1,-1,-1,-1,-1,-1
2013120027675,1,9,0,3,0,0,0,0,0,0,2,1,6,1,9,1598,1,6,5,1
2013120027675,2,9,0,4,0,0,0,0,0,0,1,1,6,1,7,1900,2,7,4,1
2013120027753,1,19,4,4,0,0,0,0,0,0,1,1,2,1,8,-1,-1,-1,3,1
2013120027753,2,9,0,4,0,0,0,0,0,0,2,1,1,1,7,1968,2,1,-1,-1
2013120027865,1,9,0,17,0,0,1,0,1,4,1,1,6,2,7,-1,-1,-1,10,1
2013120027940,1,9,0,18,0,0,0,0,1,0,1,1,6,1,6,1596,1,9,-1,-1
2013120027940,2,21,1,18,0,0,0,0,0,0,2,1,1,1,9,11705,2,1,5,3
2013120027984,1,9,0,5,0,4,0,0,0,0,1,1,2,2,8,1229,1,1,8,2
2013120027984,2,9,0,3,0,4,0,0,0,0,2,1,6,1,9,1596,1,1,9,2
2013120028031,1,21,1,18,0,0,1,0,0,0,1,1,1,1,7,10518,2,2,5,1
2013120028182,1,9,0,18,0,0,0,0,0,0,1,1,6,1,4,1124,1,9,9,1
2013120028362,1,9,0,9,0,8,0,0,3,0,3,1,6,1,10,1198,1,2,10,2
2013120028362,2,9,0,18,0,8,0,0,7,0,1,1,2,1,8,2993,2,-1,5,1
2013120028440,1,9,0,18,0,0,2,0,7,11,1,1,6,2,4,996,1,1,8,2
2013120028490,1,9,0,17,0,0,0,0,0,0,4,1,6,1,5,1598,1,11,1,1
2013120028490,2,3,0,16,0,0,0,0,1,0,4,1,6,1,4,124,1,11,2,1
2013120028669,1,3,0,18,0,1,1,0,0,0,4,1,6,1,11,-1,-1,-1,10,1
2013120028669,2,9,0,15,0,1,0,0,0,0,3,1,6,1,6,1870,2,6,6,1
2013120028849,1,3,0,18,0,0,0,0,7,0,4,1,6,1,4,125,1,11,6,2
2013120028849,2,17,4,18,0,0,1,0,0,0,4,1,1,1,7,-1,2,12,8,3
2013120028873,1,9,0,7,0,6,0,0,0,0,1,1,6,1,6,2198,1,11,5,2
2013120029418,1,1,0,18,0,0,0,0,0,0,1,1,6,1,3,-1,-1,-1,10,1
2013120029418,2,9,0,7,0,0,0,0,0,0,4,1,6,1,7,1796,1,12,10,1
2013120029565,1,9,0,9,0,6,0,0,0,0,1,1,1,1,7,1968,2,2,7,1
2013120029565,2,9,0,18,0,1,0,0,0,0,1,1,6,2,5,998,1,12,9,2
2013120029999,1,9,0,18,0,0,0,0,1,6,3,1,6,2,6,1149,1,6,8,1
2013120030055,1,19,0,5,0,1,0,0,0,0,1,1,1,2,7,1248,2,2,3,1
2013120030055,2,1,0,18,4,3,0,0,0,0,1,1,2,1,6,-1,-1,-1,2,1
2013120030706,1,9,0,18,0,8,0,0,0,0,1,1,6,2,9,998,1,11,1,1
2013120030706,2,9,0,4,0,8,0,0,0,0,2,1,6,1,7,1997,2,2,6,1
2013120030739,1,9,0,5,0,1,0,0,0,0,1,1,6,1,6,1896,2,11,8,2
2013120030762,1,9,0,18,0,0,0,0,0,0,1,1,6,1,6,1248,2,4,4,1
2013120030908,1,9,0,18,0,0,5,0,2,4,1,1,6,1,6,1598,1,7,4,1
2013120030992,1,19,0,17,0,0,2,0,2,11,1,1,6,1,4,1598,2,6,8,2
2013120031372,1,9,0,4,0,1,1,0,0,0,1,1,6,2,5,1900,2,8,9,2
2013120031372,2,9,0,3,0,1,0,0,0,0,2,1,6,2,6,1995,2,7,6,2
2013120031435,1,5,0,18,0,0,1,0,0,0,0,1,6,1,8,996,1,5,9,2
2013120031451,1,9,0,18,0,0,5,0,2,11,1,1,6,2,6,1242,1,14,10,2
2013120031572,1,9,0,18,0,0,1,10,1,9,4,1,6,1,7,1995,2,11,7,3
2013120031831,1,19,0,7,0,2,1,0,0,0,1,1,2,1,4,1870,2,12,4,2
2013120031831,2,9,0,4,0,1,0,0,0,0,3,1,6,1,9,1598,1,2,7,3
2013120031871,1,11,0,18,0,0,0,0,0,0,1,1,1,1,8,4500,2,6,7,2
2013120032051,1,9,0,18,0,1,0,0,0,0,3,1,2,2,7,1968,2,3,6,3
2013120032051,2,9,0,18,0,8,0,0,0,0,1,1,1,1,6,1560,2,1,9,3
2013120032128,1,9,0,18,0,1,0,0,7,9,1,1,6,2,11,1998,2,11,3,3
2013120032360,1,9,0,16,0,0,1,0,0,0,1,1,6,1,4,1598,1,9,10,1
2013120032360,2,9,0,4,0,0,0,0,0,0,1,1,2,1,6,1995,2,5,6,1
2013120032389,1,9,0,9,0,8,0,0,0,0,1,1,6,1,6,1598,1,12,7,1
2013120032389,2,9,0,18,0,8,0,0,0,0,4,1,6,1,5,1986,2,5,5,1
2013120032389,3,19,0,13,0,8,0,0,0,0,1,1,2,1,8,1560,2,2,1,1
2013120032436,1,9,0,17,0,0,1,0,1,11,1,1,6,1,4,998,1,5,10,1
2013120032499,1,9,0,7,0,4,0,0,0,0,3,1,2,1,8,1798,1,4,-1,-1
2013120032499,2,1,0,18,0,5,0,0,0,0,1,1,1,1,9,-1,-1,-1,7,1
2013120032508,1,4,0,5,0,1,1,0,0,0,4,1,2,2,5,124,1,1,3,1
2013120032528,1,5,0,18,0,1,0,0,0,0,2,1,1,1,7,599,1,5,8,3
2013120032528,2,9,0,10,0,1,0,0,0,0,2,1,6,1,5,-1,-1,-1,7,3
2013120032528,3,9,0,2,0,1,0,0,0,0,2,1,6,1,5,1368,1,4,8,3
2013120032752,1,9,0,17,0,0,0,0,1,0,1,1,6,2,8,1248,2,3,8,2
2013120032752,2,9,0,16,0,0,0,0,0,0,1,1,6,1,6,1995,2,5,8,1
2013120032854,1,9,0,14,0,0,0,0,0,0,4,1,6,2,8,2497,2,12,5,3
2013120032854,2,1,0,14,0,0,0,0,0,0,3,1,6,1,7,-1,-1,-1,6,1
2013120032875,1,9,0,4,0,0,0,0,0,0,1,1,6,2,7,1968,2,4,10,3
2013120032875,2,9,0,3,0,0,0,0,0,0,2,1,6,2,8,1328,1,6,9,3
2013120033103,1,9,0,13,0,0,0,0,7,9,1,1,1,2,6,1798,1,7,9,3
2013120033103,2,9,0,9,0,0,0,0,0,0,3,1,1,2,8,1753,2,7,9,2
2013120033267,1,5,0,13,0,0,0,0,0,0,4,1,6,1,7,-1,-1,-1,1,2
2013120033267,2,9,0,9,0,0,0,0,0,0,3,1,6,2,6,1997,2,4,2,1
2013120033311,1,9,0,5,0,8,0,0,0,0,1,1,6,1,9,1389,1,16,8,2
2013120033311,2,9,0,5,0,8,0,0,0,0,1,1,6,1,9,1527,2,16,8,2
2013120033473,1,9,0,18,0,0,0,0,0,0,1,1,6,2,9,3199,1,10,9,3
2013120033995,1,9,0,18,0,0,0,0,0,0,4,1,6,2,8,1242,1,12,6,2
2013120034194,1,9,0,18,0,0,1,0,0,0,3,1,6,1,5,1229,1,6,7,1
2013120034194,2,8,0,18,0,0,1,0,0,0,3,1,1,1,9,1896,2,3,8,3
2013120034221,1,9,0,18,0,0,0,0,0,0,3,1,6,2,8,1997,2,5,10,3
2013120034221,2,9,0,18,0,0,0,0,0,0,4,1,6,1,4,998,1,9,1,1
2013120034274,1,9,0,13,0,0,0,0,0,0,3,1,6,1,8,1399,2,7,6,1
2013120034274,2,9,0,18,0,0,0,0,1,9,3,1,6,1,4,1997,2,1,10,3
2013120034274,3,9,0,18,0,0,0,0,0,0,3,1,6,1,8,1595,1,2,8,3
2013120034274,4,9,0,18,0,0,0,0,0,0,1,1,6,1,8,1761,1,13,2,1
2013120034370,1,9,0,18,0,8,0,0,0,0,1,1,2,1,6,1598,1,9,9,1
2013120034370,2,1,0,18,0,8,0,0,0,0,3,1,4,1,3,-1,-1,-1,10,1
2013120034420,1,19,0,18,0,6,0,0,0,0,1,1,6,1,5,2477,2,2,8,3
2013120034420,2,9,0,17,0,1,0,0,7,11,4,1,2,2,5,1400,1,8,10,1
2013120034429,1,1,0,18,0,0,0,0,0,0,1,1,6,1,4,-1,-1,-1,1,1
2013120034429,2,1,0,18,0,0,0,0,0,0,2,1,6,3,-1,-1,-1,-1,-1,-1
2013120034509,1,20,0,18,0,0,0,0,0,0,3,1,6,1,-1,-1,-1,-1,-1,-1
2013120034807,1,9,0,18,0,8,0,0,3,1,1,1,6,2,10,1997,2,3,10,2
2013120034958,1,9,0,16,0,0,5,0,1,4,1,1,6,1,4,1229,1,8,6,1
2013120035005,1,9,0,18,0,0,0,0,0,0,4,1,2,1,9,1386,1,6,4,1
2013120035050,1,9,0,3,0,4,0,0,0,0,0,1,2,2,5,1560,2,1,10,1
2013120035050,2,9,0,5,0,4,0,0,0,0,1,1,2,1,5,998,1,4,5,1
2013120035133,1,4,0,5,0,6,0,0,0,0,1,1,6,1,4,-1,-1,-1,3,1
2013120035133,2,9,0,18,0,1,0,0,1,0,1,1,6,2,5,-1,-1,-1,5,2
2013120035250,1,9,0,16,0,0,0,0,7,7,1,1,6,1,11,1339,1,3,3,1
2013120035250,2,9,0,17,0,0,0,0,0,0,3,1,6,1,9,4806,1,-1,6,2
2013120035260,1,1,0,18,0,0,0,0,0,0,3,1,6,1,9,-1,-1,-1,8,3
2013120035260,2,9,4,13,0,0,0,0,0,0,4,1,1,1,7,-1,-1,-1,8,3
2013120035499,1,9,0,3,0,0,0,0,0,0,2,1,2,2,7,1108,1,3,7,3
2013120035499,2,9,0,4,0,0,0,0,0,0,1,1,2,2,6,1242,1,3,10,2
2013120035585,1,9,0,16,0,0,1,0,8,4,1,1,1,2,8,1586,1,6,7,1
2013120035741,1,9,0,9,0,8,0,0,0,0,1,1,6,1,5,2996,1,7,-1,-1
2013120035741,2,1,0,18,0,8,0,0,0,0,1,1,2,1,7,-1,-1,-1,7,1
2013120035868,1,5,0,9,0,6,0,0,0,0,3,1,6,1,7,1000,1,11,8,2
2013120036191,1,1,0,16,0,0,0,0,0,0,2,1,6,1,3,-1,-1,-1,8,2
2013120036191,2,9,0,16,0,0,0,0,0,0,4,1,6,3,-1,-1,-1,-1,-1,-1
2013120036343,1,9,0,10,0,1,0,0,0,0,2,1,6,2,7,1598,1,4,7,1
2013120036343,2,9,0,18,0,1,0,0,0,0,1,1,6,1,-1,-1,-1,-1,-1,-1
2013120036426,1,9,0,18,0,1,0,0,0,0,1,1,6,1,4,1124,1,11,6,2
2013120036445,1,9,0,1,0,0,0,0,0,0,2,1,6,1,9,1995,2,6,7,3
2013120036445,2,9,0,18,0,0,0,0,0,0,1,1,6,2,10,996,1,3,5,2
2013120036539,1,9,0,18,0,1,0,0,0,0,1,1,2,1,9,2967,1,13,8,3
2013120036539,2,5,0,4,0,2,0,0,0,0,2,1,2,1,6,599,1,10,3,1
2013120036576,1,9,0,17,0,0,1,0,1,4,4,1,6,1,4,1596,1,7,6,2
2013120036762,1,9,0,9,0,1,0,0,0,0,4,1,2,2,6,1598,1,5,9,1
2013120036762,2,1,0,18,0,1,0,0,0,0,1,1,6,1,6,-1,-1,-1,3,1
2013120036797,1,9,0,16,0,0,0,0,0,0,0,1,1,1,5,2495,2,10,7,1
2013120036797,2,19,0,17,0,0,0,0,0,0,0,1,1,1,7,-1,-1,-1,3,1
2013120036903,1,9,0,5,0,2,0,0,0,0,1,1,6,2,9,1910,2,8,4,1
2013120036903,2,9,0,18,0,1,0,0,7,0,1,1,4,2,4,1229,1,2,8,3
2013120037020,1,9,0,18,0,0,0,0,0,0,1,1,6,2,5,1598,1,6,1,1
2013120037020,2,1,0,18,0,0,0,0,0,0,1,1,6,1,2,-1,-1,-1,5,1
2013120037027,1,9,0,7,0,1,0,0,0,0,4,1,6,2,-1,-1,-1,-1,-1,-1
2013120037027,2,1,0,18,0,8,0,0,0,0,1,1,6,1,4,-1,-1,-1,8,2
2013120037188,1,9,0,9,0,6,0,0,0,0,1,1,1,1,8,-1,-1,-1,6,1
2013120037188,2,3,0,18,0,1,1,0,0,0,4,1,6,1,8,102,1,7,7,1
2013120037431,1,9,0,18,0,0,0,0,0,0,4,1,2,2,8,998,1,8,6,1
2013120037431,2,1,0,15,0,0,0,0,0,0,1,1,2,1,7,-1,-1,-1,7,1
2013120037486,1,3,0,17,0,0,1,0,1,0,3,1,6,1,4,49,1,7,10,3
2013120037676,1,9,0,5,0,0,0,0,0,0,0,1,6,1,6,2993,2,5,4,1
2013120037676,2,3,0,18,0,0,0,0,0,0,3,1,6,1,6,124,1,31,8,1
2013120037741,1,1,0,18,0,8,0,0,0,0,4,1,2,1,6,-1,-1,-1,6,1
2013120037741,2,9,0,9,0,5,0,0,0,0,1,1,6,1,7,1598,1,12,8,2
2013120037760,1,5,0,18,0,0,0,0,0,0,3,1,6,1,8,599,1,14,9,1
2013120037843,1,9,0,18,0,0,1,0,1,1,1,1,6,2,5,-1,-1,-1,7,3
2013120037872,1,9,0,16,0,0,0,0,0,0,4,1,2,1,8,1910,2,8,10,1
2013120037954,1,1,0,18,0,1,0,0,0,0,2,1,6,1,4,-1,-1,-1,8,1
2013120037954,2,9,0,5,0,6,0,0,0,0,1,1,1,1,8,-1,-1,-1,7,3
2013120038067,1,9,0,1,0,8,0,0,0,0,2,1,1,1,6,1910,2,4,6,2
2013120038246,1,19,0,18,0,2,0,0,0,0,1,1,1,1,4,-1,-1,-1,-1,-1
2013120038246,2,9,0,3,0,8,0,0,0,0,2,1,6,2,7,1596,1,6,7,1
2013120038302,1,9,0,18,0,0,0,0,0,0,1,1,6,2,9,1242,1,7,8,3
2013120038307,1,9,0,4,0,0,0,0,0,0,1,1,1,1,8,1870,2,7,-1,-1
2013120038307,2,9,0,4,0,0,0,0,0,0,2,1,6,2,9,998,1,2,10,1
2013120038344,1,9,0,18,0,1,0,0,0,0,1,1,6,1,5,1783,1,12,10,1
2013120038344,2,9,0,10,0,1,0,0,0,0,2,1,6,1,5,1998,1,9,6,1
2013120038363,1,9,0,18,0,0,0,0,0,0,1,1,6,2,9,1986,2,5,-1,-1
2013120038363,2,19,0,18,0,0,0,0,1,11,1,1,6,1,7,-1,-1,-1,8,1
2013120038522,1,9,0,13,0,0,1,0,1,4,1,1,6,1,5,1560,2,-1,5,3
2013120038759,1,9,0,18,0,4,0,0,0,0,1,1,2,2,6,1399,2,4,8,1
2013120038759,2,5,0,9,0,3,0,0,0,0,4,1,6,1,8,1137,1,13,4,1
2013120038785,1,9,0,17,0,0,1,0,8,4,3,1,2,1,6,1997,1,8,6,3
2013120038835,1,2,0,18,0,1,0,0,0,0,0,1,6,1,4,49,1,6,2,1
2013120038835,2,9,0,18,0,6,0,0,0,0,0,1,6,3,-1,-1,-1,-1,-1,-1
2013120039155,1,9,0,9,0,2,0,0,0,0,1,1,6,1,11,2698,2,6,5,2
2013120039239,1,21,0,4,0,1,1,0,0,0,1,1,1,1,5,12900,2,6,6,3
2013120039239,2,11,0,3,0,1,0,0,0,0,2,1,1,2,8,2402,2,6,9,3
2013120039239,3,10,0,3,0,1,0,0,0,0,2,1,1,2,10,-1,-1,-1,9,3
2013120039239,4,9,0,18,0,8,0,0,0,0,3,1,6,1,7,1968,2,1,8,3
2013120039239,5,9,0,9,0,5,0,0,0,0,0,1,6,1,9,-1,-1,-1,7,3
2013120039245,1,9,0,12,0,1,0,0,0,0,1,1,6,1,5,1390,1,10,8,1
2013120039245,2,9,0,9,0,6,0,0,0,0,3,1,6,2,5,1242,1,5,8,2
2013120039259,1,1,0,18,0,1,0,0,0,0,1,1,6,2,9,-1,-1,-1,9,2
2013120039259,2,9,0,2,0,2,0,0,0,0,2,1,6,3,-1,-1,-1,-1,-1,-1
2013120039357,1,5,0,17,0,0,1,0,2,10,3,1,6,1,8,849,1,1,9,3
2013120039454,1,9,0,18,0,0,0,0,1,10,1,1,6,1,4,998,1,2,9,2
2013120039495,1,9,0,17,0,0,2,0,2,10,1,1,2,1,8,1242,1,2,3,1
2013120039532,1,9,0,18,0,0,2,0,7,0,1,1,2,1,8,1329,1,2,10,1
2013120039557,1,9,0,16,0,0,1,0,0,0,1,1,2,1,6,1997,2,10,5,3
2013120039557,2,19,0,17,0,0,0,0,0,0,1,1,2,1,7,4250,2,10,5,3
2013120039728,1,9,0,9,0,8,0,0,0,0,4,1,6,1,11,2199,2,3,6,3
2013120039728,2,5,0,18,0,1,0,0,0,0,1,1,6,1,9,800,1,2,9,3
2013120039815,1,9,0,18,0,0,1,0,0,0,3,1,6,2,7,1598,1,6,9,3
2013120039837,1,9,0,17,0,0,1,0,1,4,1,1,6,2,8,2231,2,6,6,3
2013120039872,1,1,0,18,0,0,0,0,0,0,0,1,6,1,3,-1,-1,-1,10,2
2013120039872,2,21,0,14,0,0,0,0,0,0,0,1,1,1,8,8970,2,11,8,1
2013120039936,1,9,0,17,0,0,1,0,7,4,1,1,6,2,9,1951,2,13,1,1
2013120039984,1,9,0,17,0,0,2,0,1,0,1,1,6,2,4,1299,1,11,10,2
2013120040022,1,9,0,4,0,0,0,0,5,7,1,1,6,1,9,1910,2,6,3,1
2013120040022,2,9,0,15,0,0,0,0,0,0,0,1,6,3,-1,-1,-1,-1,-1,-1
2013120040022,3,21,0,18,0,0,0,0,0,0,0,1,6,3,-1,-1,-1,-1,-1,-1
2013120040190,1,19,0,7,0,8,0,0,0,0,0,1,6,1,9,1996,2,3,8,1
2013120040190,2,22,0,18,0,8,0,0,0,0,0,1,6,2,10,-1,-1,-1,5,1
2013120040527,1,9,0,18,0,0,1,0,1,9,3,1,6,1,8,1598,1,11,9,1
2013120040622,1,9,0,18,0,0,0,0,0,0,1,1,2,2,4,1299,1,13,3,1
2013120040622,2,19,0,3,0,0,0,0,0,0,2,1,2,1,9,1870,2,9,10,1
2013120040674,1,9,0,17,0,0,1,0,7,11,1,1,2,2,6,1997,2,8,1,1
2013120040689,1,9,0,7,0,5,1,0,0,0,1,1,1,2,7,1896,2,6,4,1
2013120040689,2,9,0,8,0,2,0,0,0,0,2,1,6,2,6,1332,1,8,5,1
2013120040843,1,9,0,18,0,1,0,0,0,0,1,1,6,1,5,1590,1,10,8,2
2013120040843,2,9,4,9,0,1,0,0,0,0,4,1,6,1,10,1968,2,4,10,1
2013120040980,1,9,0,18,0,0,0,0,0,0,4,1,6,1,7,1368,1,4,5,1
2013120040980,2,9,0,11,0,0,0,0,0,0,3,1,6,1,8,1998,1,8,3,1
2013120041242,1,9,0,3,0,0,0,0,0,0,2,1,1,1,5,1299,1,9,5,1
2013120041242,2,9,0,18,0,0,0,0,0,0,1,1,1,2,4,1360,1,13,6,1
2013120041645,1,9,0,15,0,0,0,0,0,0,4,1,6,2,5,1229,1,-1,-1,-1
2013120041645,2,1,0,18,0,0,0,0,0,0,3,1,6,2,7,-1,-1,-1,7,2
2013120041651,1,9,0,7,0,4,5,0,3,1,1,1,6,2,5,1299,1,12,-1,-1
2013120041939,1,8,0,1,8,2,0,0,0,0,2,1,1,1,8,1910,2,6,9,1
2013120041939,2,1,0,2,8,2,0,0,0,0,1,1,6,2,8,-1,-1,-1,6,1
2013120041988,1,9,0,12,0,8,0,0,0,0,3,1,6,2,7,1686,2,3,5,1
2013120041988,2,19,0,18,0,8,0,0,7,10,4,1,1,1,9,2151,2,10,10,1
2013120041991,1,9,0,16,0,0,1,0,1,11,1,1,6,1,4,1896,2,11,8,3
2013120042011,1,9,0,18,0,0,0,0,0,0,1,1,6,1,7,1461,2,4,6,1
2013120042011,2,9,0,18,0,0,0,0,0,0,2,1,2,1,6,1896,2,12,1,2
2013120042049,1,9,0,18,0,0,0,0,0,0,4,1,6,3,-1,-1,-1,-1,-1,-1
2013120042054,1,9,0,18,0,1,0,0,0,0,4,1,6,3,-1,-1,-1,-1,-1,-1
2013120042072,1,9,0,9,0,1,0,0,0,0,3,1,6,1,7,1598,1,10,2,1
2013120042072,2,3,0,14,0,1,0,0,0,0,1,1,6,1,5,97,1,24,8,2
2013120042184,1,9,0,18,0,0,0,0,0,0,4,1,2,1,9,1794,1,10,8,1
2013120042386,1,9,0,18,0,0,0,0,0,0,4,1,6,2,-1,-1,-1,-1,-1,-1
2013120042577,1,9,0,10,0,1,0,0,0,0,2,1,3,1,6,1796,1,9,6,3
2013120042577,2,9,0,18,0,1,0,0,0,0,1,1,6,1,4,1389,1,11,-1,-1
2013120042837,1,9,0,17,0,0,0,0,1,4,1,1,6,2,10,1596,1,7,8,3
2013120042998,1,9,0,18,0,0,1,0,1,0,1,1,6,2,6,1422,2,3,5,1
2013120043034,1,9,0,5,0,0,0,0,0,0,0,1,6,2,8,1968,2,3,-1,-1
2013120043052,1,9,0,9,0,6,0,0,0,0,3,1,6,1,8,1198,1,11,9,1
2013120043052,2,3,0,18,0,1,1,0,0,0,1,1,6,1,5,124,1,2,8,1