Accident_Index,Vehicle_Reference,Vehicle_Type,Towing_and_Articulation,Vehicle_Manoeuvre,Vehicle_Location-Restricted_Lane,Junction_Location,Skidding_and_Overturning,Hit_Object_in_Carriageway,Vehicle_Leaving_Carriageway,Hit_Object_off_Carriageway,1st_Point_of_Impact,Was_Vehicle_Left_Hand_Drive?,Journey_Purpose_of_Driver,Sex_of_Driver,Age_Band_of_Driver,Engine_Capacity_(CC),Propulsion_Code,Age_of_Vehicle,Driver_IMD_Decile,Driver_Home_Area_Type
2013120043121,1,5,0,18,0,1,1,0,0,0,0,1,6,1,9,1084,1,15,7,3
2013120043121,2,9,0,18,0,2,0,0,1,0,1,1,6,1,10,2179,2,1,8,1
2013120043230,1,9,0,18,0,0,1,11,5,6,1,1,6,1,6,1753,2,6,8,1
2013120043230,2,9,0,18,0,0,0,0,0,0,0,1,6,1,5,1598,1,3,-1,-1
2013120043236,1,9,0,16,0,0,1,0,0,0,1,1,6,1,8,1968,2,4,8,3
2013120043236,2,9,0,17,0,0,1,0,0,0,1,1,6,2,5,1242,1,9,8,3
2013120043449,1,9,0,18,0,0,1,0,0,0,4,1,1,1,8,1389,1,15,5,3
2013120043449,2,19,0,18,0,0,0,0,1,9,1,1,1,1,7,2299,2,-1,6,1
2013120043646,1,9,0,16,0,2,1,0,2,7,1,1,6,1,9,1995,2,1,2,2
2013120044081,1,19,4,18,0,0,4,0,8,10,4,1,1,1,8,-1,-1,-1,-1,-1
2013120044084,1,9,0,1,0,0,0,0,0,0,2,1,2,2,7,1796,1,8,9,2
2013120044084,2,3,0,18,0,0,0,0,0,0,1,1,2,1,9,-1,-1,-1,10,2
2013120044162,1,9,0,18,0,0,0,0,0,0,3,1,1,1,9,1560,2,4,7,1
2013120044162,2,11,0,18,0,0,0,0,1,11,4,1,1,1,8,4250,2,8,7,1
2013120044162,3,9,0,2,0,0,0,0,0,0,4,1,6,1,8,1097,1,86,7,1
2013120044219,1,9,0,17,0,0,5,0,1,10,1,1,6,2,8,1198,1,7,8,3
2013120044281,1,9,0,17,0,0,1,0,1,7,2,1,6,1,9,1998,1,8,8,1
2013120044379,1,9,0,18,0,0,0,0,0,0,1,1,6,1,11,1799,1,6,9,3
2013120044379,2,11,0,2,0,0,0,0,0,0,2,1,1,1,7,9000,2,14,6,1
2013120044732,1,19,0,18,0,2,0,0,0,0,1,1,1,1,6,2198,2,1,8,2
2013120044732,2,9,0,3,0,2,0,0,0,0,2,1,6,1,9,1332,1,5,7,3
2013120044796,1,9,0,16,0,0,0,0,7,11,1,1,1,1,6,1229,1,1,10,1
2013120045160,1,19,0,4,0,0,0,0,0,0,1,1,6,1,-1,1995,2,6,10,1
2013120045160,2,19,0,4,0,0,0,0,0,0,2,1,1,1,6,2148,2,6,7,2
2013120045160,3,9,0,4,0,0,0,0,0,0,1,1,6,1,-1,-1,-1,-1,-1,-1
2013120045173,1,9,0,18,0,1,0,0,0,0,1,1,6,1,5,998,1,4,3,1
2013120045173,2,9,0,9,0,5,0,0,1,0,4,1,6,2,4,1398,1,3,3,1
2013120045318,1,19,0,5,0,6,0,0,0,0,1,1,1,1,8,2148,2,9,7,1
2013120045318,2,9,0,9,0,5,0,0,0,0,3,1,6,2,7,2171,1,11,8,3
2013120045420,1,5,0,18,0,0,1,12,0,0,3,1,6,1,8,1170,1,-1,8,3
2013120045622,1,2,0,18,0,1,0,0,0,0,1,1,2,1,7,244,1,4,8,1
2013120045622,2,9,0,9,0,5,0,0,0,0,4,1,2,1,7,2198,1,11,7,1
2013120045680,1,11,0,18,0,0,0,0,0,0,1,1,1,1,7,-1,-1,-1,10,2
2013120045680,2,9,0,3,0,0,0,0,0,0,3,1,6,2,7,-1,-1,-1,8,3
2013120045680,3,11,0,5,0,0,0,0,0,0,0,1,1,1,9,9360,2,2,-1,-1
2013120045789,1,9,0,17,0,0,0,0,1,9,1,1,6,1,7,1910,2,9,10,2
2013120045838,1,9,0,4,0,0,0,0,0,0,1,1,3,2,7,998,1,17,9,1
2013120045838,2,9,0,3,0,0,0,0,0,0,2,1,6,1,9,1329,1,1,9,2
2013120045865,1,9,0,16,0,0,1,0,7,11,3,1,6,1,10,1242,1,5,8,1
2013120045870,1,9,0,18,0,0,0,0,0,0,1,1,6,2,6,998,1,9,3,1
2013120045870,2,1,0,18,0,0,0,0,0,0,3,1,6,1,10,-1,-1,-1,10,3
2013120046019,1,9,0,9,0,6,0,0,0,0,1,1,6,2,11,1299,1,10,10,1
2013120046019,2,9,0,18,0,8,0,0,0,0,4,1,2,1,7,-1,-1,-1,6,1
2013120046095,1,9,0,18,0,0,5,0,7,10,1,1,3,2,4,1242,1,4,8,3
2013120046250,1,9,0,18,0,8,0,0,0,0,4,1,6,2,4,1360,1,9,6,1
2013120046250,2,9,0,18,0,8,0,0,0,0,1,1,6,2,8,1685,2,2,6,1
2013120046257,1,21,1,16,0,0,3,0,7,9,1,1,1,1,9,11705,2,7,3,1
2013120046483,1,9,0,18,0,0,1,0,1,7,4,1,6,1,8,-1,-1,-1,9,1
2013120046536,1,9,0,7,0,8,0,0,0,0,1,1,6,3,-1,-1,-1,-1,-1,-1
2013120046609,1,9,0,16,0,0,1,0,7,4,3,1,6,2,4,1364,1,5,10,2
2013120046663,1,9,0,16,0,0,0,0,0,0,1,1,6,1,9,1896,2,9,8,3
2013120046663,2,8,0,17,0,0,0,0,0,0,1,1,1,1,8,1995,2,8,9,2
2013120047011,1,9,0,18,0,0,2,0,8,10,1,1,6,1,5,1199,1,11,7,2
2013120047100,1,9,0,18,0,1,0,0,0,0,2,1,6,1,4,1149,1,11,10,1
2013120047100,2,9,0,18,0,1,0,0,0,0,0,1,6,2,-1,-1,-1,-1,-1,-1
2013120047225,1,9,0,3,0,0,0,0,0,0,1,1,6,2,4,1598,1,3,5,1
2013120047225,2,9,0,3,0,0,0,0,0,0,2,1,6,1,7,1997,2,11,5,1
2013120047310,1,9,0,18,0,4,1,0,0,0,1,1,6,1,-1,1996,1,16,10,3
2013120047310,2,9,0,9,0,8,0,0,0,0,4,1,6,1,8,1198,1,6,6,1
2013120047373,1,9,0,2,0,1,0,0,0,0,4,1,6,1,5,1598,1,8,7,1
2013120047373,2,1,0,18,0,1,0,0,0,0,1,1,6,1,10,-1,-1,-1,6,1
2013120047465,1,9,0,18,0,0,1,0,0,0,3,1,6,1,5,1298,1,11,8,3
2013120047478,1,9,0,16,0,1,0,0,0,0,1,1,6,2,8,2179,2,1,4,3
2013120047478,2,9,0,16,0,1,0,0,0,0,1,1,6,2,7,1397,1,5,4,2
2013120047478,3,9,0,16,0,1,0,0,0,0,1,1,6,2,5,2184,2,7,4,2
2013120047478,4,9,0,16,0,1,1,0,0,0,1,1,6,1,8,1997,2,9,4,1
2013120047781,1,11,0,2,6,0,0,0,0,0,0,1,1,1,8,-1,-1,-1,9,3
2013120047831,1,9,0,13,0,0,2,0,1,4,4,1,6,1,9,1298,1,1,3,1
2013120047831,2,21,1,18,0,0,0,0,0,0,3,1,1,1,6,11967,2,10,2,1
2013120047919,1,9,0,16,0,0,1,0,0,0,0,1,6,1,8,999,1,13,7,1
2013120047919,2,9,0,16,0,0,1,0,0,0,1,1,6,1,5,998,1,9,8,3
2013120048050,1,9,0,18,0,0,0,0,0,0,4,1,1,1,8,1329,1,1,4,1
2013120048192,1,19,0,13,0,0,1,0,7,0,1,1,1,1,4,1997,2,7,10,3
2013120048192,2,9,0,18,0,0,0,0,0,0,2,1,6,1,5,1997,1,13,2,1
2013120048568,1,9,0,14,0,0,0,0,0,0,1,1,2,2,8,1368,1,5,7,3
2013120048602,1,9,0,9,0,6,0,0,0,0,3,1,6,1,10,1389,1,12,3,1
2013120048602,2,9,0,18,0,1,0,0,0,0,1,1,3,1,8,1997,2,5,9,1
2013120048611,1,9,0,18,0,0,2,0,1,9,2,1,1,2,4,1995,2,6,7,3
2013120048618,1,19,0,10,0,0,0,0,0,0,3,1,1,1,7,2198,2,3,10,2
2013120048618,2,1,0,13,0,0,0,0,0,0,1,1,6,1,9,-1,-1,-1,5,1
2013120048696,1,8,0,18,0,0,0,0,0,0,1,1,6,1,10,1596,1,5,3,1
2013120049043,1,9,0,18,0,0,2,0,1,10,1,1,6,1,6,-1,-1,-1,-1,-1
2013120049046,1,9,0,9,0,2,0,0,0,0,1,1,2,2,8,1596,1,3,3,1
2013120049332,1,9,0,1,9,1,0,0,0,0,2,1,6,1,7,-1,-1,-1,10,1
2013120049358,1,9,0,1,9,0,0,0,0,0,2,1,1,1,9,1299,1,8,8,2
2013120049527,1,9,0,9,0,6,0,0,0,0,1,1,6,2,11,1341,1,8,8,1
2013120049527,2,1,0,18,0,8,0,0,0,0,4,1,6,1,4,-1,-1,-1,9,2
2013120049860,1,19,0,7,0,6,0,0,0,0,3,1,6,1,6,-1,-1,-1,-1,-1
2013120049860,2,1,0,18,0,1,0,0,0,0,1,1,6,2,5,-1,-1,-1,-1,-1
2013120049957,1,19,0,4,0,0,0,0,0,0,1,1,6,1,6,1910,2,5,7,1
2013120049957,2,9,0,4,0,0,0,0,4,6,2,1,1,1,5,-1,-1,-1,9,3
2013120050024,1,5,0,4,0,0,0,0,0,0,1,1,6,1,7,999,1,2,10,2
2013120050024,2,5,0,4,0,0,0,0,0,0,2,1,6,2,6,599,1,12,8,3
2013120050031,1,9,0,17,0,0,1,0,7,9,3,1,6,1,4,1598,1,7,7,3
2013120050078,1,9,0,4,0,0,0,0,0,0,1,1,6,1,7,1686,2,3,6,3
2013120050078,2,9,0,4,0,0,0,0,0,0,2,1,6,2,6,1560,2,1,8,1
2013120050085,1,21,1,18,0,0,0,0,0,0,3,1,6,3,-1,-1,-1,-1,-1,-1
2013120050210,1,9,0,18,0,0,0,4,0,0,4,1,6,1,10,996,1,-1,2,1
2013120050210,2,9,0,18,0,0,0,0,0,0,3,1,6,1,4,2521,1,5,6,1
2013120050210,3,9,0,2,0,0,0,4,0,0,3,1,6,1,-1,1968,2,2,4,1
2013120050210,4,9,0,2,0,0,0,0,0,0,2,1,6,1,-1,-1,-1,-1,10,2
2013120050272,1,9,0,18,0,0,0,0,0,0,1,1,6,1,8,-1,-1,-1,7,3
2013120050272,2,21,1,18,0,0,0,0,0,0,2,1,6,3,-1,-1,-1,-1,-1,-1
2013120050603,1,9,0,18,0,0,0,0,5,6,1,1,6,1,6,1598,1,13,10,2
2013120050603,2,9,0,11,0,0,0,0,0,0,0,1,6,3,-1,-1,-1,-1,-1,-1
2013120050677,1,9,0,3,0,1,0,0,0,0,2,1,6,1,7,1596,1,9,7,1
2013120050677,2,9,0,18,0,1,0,0,0,0,1,1,6,1,7,1398,1,1,-1,-1
2013120051050,1,2,0,17,0,0,1,0,0,0,1,1,6,1,4,50,1,4,6,3
2013120051050,2,9,0,4,0,0,0,0,0,0,3,1,6,1,8,2616,1,10,6,3
2013120051077,1,9,0,18,0,8,0,0,0,0,3,1,6,1,7,1396,1,10,9,3
2013120051077,2,9,0,11,0,8,0,0,0,0,1,1,6,2,6,1390,1,3,7,1
2013120051155,1,9,0,3,0,1,0,0,0,0,1,1,6,1,7,998,1,4,4,1
2013120051155,2,9,0,3,0,1,0,0,0,0,2,1,1,2,6,1248,2,2,2,1
2013120051523,1,5,0,16,0,0,1,0,1,9,4,1,6,1,8,999,1,3,7,1
2013120051566,1,9,0,7,0,8,0,0,0,0,0,1,6,1,5,1587,1,10,9,3
2013120051722,1,9,0,9,0,6,0,0,0,0,4,1,6,2,-1,1398,1,13,6,2
2013120051722,2,1,0,18,0,8,0,0,0,0,2,1,6,1,8,-1,-1,-1,8,2
2013120052059,1,2,0,7,0,2,0,0,0,0,4,1,2,2,4,49,1,2,7,3
2013120052077,1,11,0,2,0,0,0,0,0,0,0,1,1,1,8,7300,2,9,8,3
2013120052124,1,21,1,18,0,0,0,0,0,0,1,1,1,1,7,-1,-1,-1,-1,-1
2013120052124,2,9,4,2,0,0,0,0,0,0,0,1,6,2,7,-1,-1,-1,7,2
2013120052167,1,21,0,5,0,1,0,0,0,0,1,1,1,1,8,11967,2,9,-1,-1
2013120052167,2,9,0,3,0,1,0,0,0,0,2,1,6,2,7,-1,-1,-1,3,1
2013120052276,1,9,0,5,0,4,0,0,0,0,0,1,6,1,10,1560,2,3,-1,-1
2013120052276,2,1,0,18,0,3,0,0,0,0,0,1,6,1,6,-1,-1,-1,2,1
2013120052284,1,9,0,9,0,1,0,0,0,0,4,1,6,1,11,-1,-1,-1,8,3
2013120052284,2,9,0,18,0,1,0,0,0,0,1,1,6,1,8,1598,2,1,10,1
2013120052305,1,9,0,18,0,1,0,0,0,0,1,1,6,1,9,1753,2,7,10,1
2013120052305,2,19,0,9,0,1,0,0,0,0,3,1,6,1,8,1753,2,5,9,2
2013120052346,1,11,0,4,0,4,0,0,0,0,0,1,1,1,8,-1,-1,-1,-1,-1
2013120052568,1,9,0,18,0,8,1,0,7,0,4,1,1,2,9,1796,1,12,-1,-1
2013120052568,2,9,0,18,0,8,5,0,1,0,3,1,6,2,5,1388,1,7,9,3
2013120052582,1,9,0,9,0,5,0,0,0,0,1,1,2,2,9,1360,1,7,6,1
2013120052593,1,9,0,5,0,1,0,0,0,0,1,1,6,1,11,1299,1,12,7,1
2013120052593,2,4,0,8,0,1,0,0,0,0,2,1,6,1,9,125,1,50,-1,-1
2013120052752,1,9,0,9,0,6,0,0,0,0,3,1,6,2,10,1560,2,2,6,3
2013120052752,2,9,0,18,0,8,0,0,0,0,1,1,6,2,9,1997,2,10,10,2
2013120053154,1,9,0,13,0,8,0,0,7,11,1,1,6,2,10,1598,1,9,8,1
2013120053154,2,9,0,9,0,5,0,0,0,0,3,1,6,1,8,-1,-1,-1,7,1
2013120053475,1,9,0,16,0,0,2,0,2,10,1,1,6,1,8,1590,1,22,8,2
2013120053742,1,9,0,15,0,1,1,0,1,4,2,1,6,2,10,1956,2,1,-1,-1
2013120053742,2,21,0,18,0,1,0,0,0,0,1,1,1,1,6,-1,-1,-1,1,1
2013120053770,1,9,4,18,0,0,2,0,0,0,1,1,1,1,5,-1,-1,-1,8,2
2013120053770,2,9,0,18,0,0,0,0,0,0,1,1,6,1,11,1360,1,13,8,2
2013120053775,1,9,0,18,0,8,1,0,0,0,1,1,6,2,7,2231,2,-1,10,1
2013120053775,2,2,0,17,0,8,1,0,0,0,1,1,2,1,4,49,1,1,4,1
2013120053789,1,9,0,3,0,0,0,0,0,0,1,1,6,1,9,-1,-1,-1,6,2
2013120053866,1,9,0,13,0,0,0,0,0,0,0,1,6,1,6,1994,1,11,3,1
2013120053866,2,9,0,5,0,0,0,0,0,0,3,1,6,1,6,1598,1,6,3,1
2013120053940,1,9,0,9,0,1,0,0,0,0,1,1,6,2,6,1598,1,10,8,3
2013120053940,2,9,0,3,0,1,0,0,0,0,1,1,6,1,5,1686,2,11,2,1
2013120054040,1,9,0,5,8,6,0,0,0,0,1,1,6,2,6,1984,1,8,7,1
2013120054040,2,9,0,18,0,8,0,0,0,0,4,1,6,1,8,1781,1,16,5,1
2013120054252,1,19,0,18,0,8,0,0,3,0,2,1,1,1,5,-1,-1,-1,4,1
2013120054252,2,19,0,18,0,8,0,0,0,0,1,1,1,1,8,2148,2,4,5,1
2013120054336,1,9,0,18,0,2,0,0,0,0,4,1,6,3,-1,-1,-1,-1,-1,-1
2013120054371,1,9,0,18,0,0,0,0,0,0,1,1,6,2,9,-1,-1,-1,3,1
2013120054371,2,9,0,10,0,0,0,0,0,0,2,1,6,2,7,1198,1,1,9,1
2013120054427,1,9,0,18,0,8,0,0,0,0,3,1,6,1,9,-1,-1,-1,7,3
2013120054427,2,9,0,18,0,6,1,0,0,0,1,1,6,1,6,-1,-1,-1,9,1
2013120054449,1,11,0,17,0,8,0,0,0,0,1,1,1,1,6,9600,2,12,8,1
2013120054449,2,1,0,16,0,8,0,0,0,0,1,1,6,1,7,-1,-1,-1,9,1
2013120054612,1,9,0,18,0,0,2,0,8,10,1,1,6,1,5,1587,1,12,10,1
2013120054832,1,9,0,17,0,0,2,10,1,4,3,1,6,1,4,1598,1,1,10,1
2013120054940,1,9,0,18,0,1,0,0,1,0,1,1,6,1,10,2000,2,2,7,3
2013120054940,2,9,0,10,0,1,0,0,0,0,2,1,6,1,9,1248,2,2,2,1
2013120054941,1,5,0,17,0,0,1,0,0,0,3,1,6,1,9,-1,-1,-1,4,1
2013120054986,1,5,0,18,0,0,0,4,0,0,1,1,6,1,8,1585,1,2,3,1
2013120054986,2,9,0,2,0,0,0,0,0,0,1,1,6,1,8,973,1,15,3,1
2013120055186,1,9,0,10,0,8,0,0,0,0,1,1,6,1,8,1998,1,9,6,1
2013120055186,2,1,0,18,0,8,0,0,0,0,4,1,6,2,2,-1,-1,-1,6,1
2013120055341,1,4,0,18,0,8,0,0,0,0,0,1,2,1,9,-1,-1,-1,10,3
2013120055341,2,19,4,18,0,8,0,0,0,0,0,1,1,1,8,2402,2,2,1,1
2013120055549,1,11,0,2,0,0,0,0,0,0,0,1,1,1,10,4500,2,6,4,2
2013120055651,1,9,0,15,0,0,0,0,0,0,4,1,6,1,5,1600,1,15,8,2
2013120055651,2,9,0,2,0,0,0,0,0,0,3,1,6,1,7,-1,-1,-1,8,1
2013120055699,1,9,0,9,0,5,0,0,0,0,4,1,6,1,8,1798,1,6,7,2
2013120055699,2,9,0,18,0,8,0,0,0,0,1,1,6,2,5,2000,1,3,8,3
2013120055700,1,9,0,1,0,6,0,0,0,0,2,1,6,1,8,2000,1,3,8,3
2013120055700,2,21,0,2,0,1,0,0,0,0,0,1,1,1,8,-1,-1,-1,8,1
2013120055700,3,9,0,2,0,8,0,0,0,0,4,1,6,2,8,1229,1,7,7,2
2013120055711,1,9,0,7,0,8,0,0,0,0,1,1,2,2,4,1360,1,14,2,1
2013120055711,2,9,0,1,0,8,0,0,0,0,2,1,6,1,7,-1,-1,-1,-1,-1
2013120055763,1,9,0,17,0,8,0,0,0,0,0,1,6,3,-1,-1,-1,-1,-1,-1
2013120055763,2,3,0,9,0,8,0,0,1,1,1,1,2,1,7,124,1,2,8,1
2013120055881,1,9,0,16,0,0,0,0,1,11,1,1,2,2,7,1761,1,14,7,3
2013120055901,1,9,0,13,0,0,5,0,1,4,1,1,1,2,4,1868,2,12,6,2
2013120055901,2,9,0,18,0,0,0,0,0,0,0,1,1,2,9,899,1,16,8,3
2013120055929,1,1,0,18,0,0,0,0,0,0,4,1,6,1,6,-1,-1,-1,10,1
2013120056514,1,9,0,4,0,1,0,0,0,0,2,1,6,1,6,2435,1,13,6,3
2013120056514,2,9,0,18,0,1,0,0,0,0,1,1,6,2,8,1124,1,12,6,2
2013120056648,1,19,0,18,0,8,0,0,1,0,1,1,1,1,7,1248,2,3,1,1
2013120056648,2,9,0,18,0,8,0,0,7,0,1,1,6,1,8,1753,2,7,3,2
2013120056648,3,9,0,10,0,8,0,0,0,0,0,1,6,1,7,1968,2,5,-1,-1
2013120056673,1,5,0,17,0,0,0,0,0,0,0,1,1,1,5,998,1,16,9,3
2013120057127,1,9,0,18,0,4,0,0,0,0,1,1,6,1,9,-1,-1,-1,9,1
2013120057127,2,1,0,18,0,8,0,0,0,0,4,1,2,2,11,-1,-1,-1,9,1
2013120057296,1,1,0,18,9,0,0,0,0,0,1,1,6,1,3,-1,-1,-1,8,2
2013120057339,1,9,0,9,0,8,0,0,0,0,4,1,6,1,6,1598,1,5,10,1
2013120057339,2,9,0,18,0,8,0,0,0,0,1,1,6,2,6,1149,1,10,10,1
2013120057339,3,9,0,10,0,2,0,0,0,0,0,1,6,3,-1,-1,-1,-1,-1,-1
2013120057612,1,9,0,5,0,0,0,0,0,0,1,1,2,2,5,1242,1,4,9,1
2013120057612,2,19,0,18,0,0,0,0,0,0,1,1,1,2,8,1461,2,7,9,3
2013120057690,1,21,1,4,0,0,0,0,0,0,1,1,1,1,7,12777,2,1,-1,2
2013120057690,2,19,0,4,0,0,0,0,0,0,2,1,1,1,8,2198,2,2,5,1
2013120057690,3,9,0,4,0,0,0,0,0,0,2,1,6,1,6,-1,-1,-1,4,1
2013120057690,4,9,0,4,0,0,0,0,0,0,2,1,6,1,7,1586,1,3,-1,-1
2013120057737,1,9,0,4,0,0,1,0,0,0,1,1,6,1,5,1598,1,11,5,1
2013120057737,2,9,0,3,0,0,0,0,0,0,2,1,6,1,6,1360,1,2,2,1
2013120057737,3,9,0,3,0,0,0,0,0,0,2,1,6,2,6,1997,2,3,-1,1
2013120057767,1,9,0,18,0,0,0,0,0,0,1,1,6,1,11,2499,1,1,8,3
2013120057767,2,9,0,3,0,0,0,0,0,0,2,1,6,2,8,-1,-1,-1,9,2
2013120057767,3,21,0,3,0,0,0,0,0,0,2,1,6,1,6,11021,2,12,10,3
2013120057862,1,9,0,4,0,0,0,0,0,0,2,1,1,1,8,3498,1,1,7,3
2013120057862,2,9,0,4,0,0,0,0,0,0,1,1,6,2,5,1388,1,10,9,2
2013120057895,1,9,0,10,0,1,0,0,0,0,1,1,6,2,6,1596,1,5,-1,-1
2013120057895,2,9,0,4,0,1,0,0,0,0,2,1,6,2,5,-1,-1,-1,8,3
2013120057895,3,9,0,4,0,1,0,0,0,0,2,1,6,2,4,1388,1,4,-1,-1
2013120058030,1,9,0,17,0,0,5,0,1,0,1,1,6,1,4,1199,1,9,-1,-1
2013120058063,1,9,0,18,0,8,0,0,0,11,3,1,6,2,5,998,1,6,9,1
2013120058063,2,9,0,18,0,8,0,0,0,0,1,1,2,1,5,1753,2,10,6,3
2013120058071,1,9,0,18,0,0,1,0,5,6,1,1,6,1,5,1998,1,5,9,3
2013120058071,2,9,0,12,0,0,0,0,0,0,0,1,6,3,-1,1368,1,5,-1,-1
2013120058408,1,9,0,7,0,6,0,0,0,0,3,1,6,1,7,1900,2,8,10,2
2013120058408,2,1,0,18,0,8,0,0,0,0,4,1,6,1,11,-1,-1,-1,9,2
2013120058454,1,9,0,17,0,0,0,0,0,0,1,1,6,1,11,1149,1,8,8,3
2013120058454,2,1,0,17,0,0,0,0,0,0,2,1,6,1,5,-1,-1,-1,8,1
2013120058454,3,1,0,17,0,0,0,0,0,0,2,1,6,1,5,-1,-1,-1,8,1
2013120058655,1,19,0,18,0,0,2,0,5,6,3,1,6,2,7,-1,-1,-1,9,2
2013120058760,1,9,0,18,0,3,1,0,1,1,4,1,6,1,5,1598,1,11,10,1
2013120058774,1,9,0,18,0,0,0,0,0,0,1,1,1,1,7,1910,2,8,9,1
2013120058817,1,9,0,18,0,0,0,0,4,6,3,1,6,1,6,1398,2,11,3,1
2013120058868,1,5,0,16,0,3,1,0,4,6,1,1,6,1,8,599,1,12,5,1
2013120058889,1,9,0,18,0,1,0,0,0,0,1,1,6,1,10,1341,1,8,5,3
2013120058889,2,9,0,5,0,1,0,0,0,0,3,1,6,1,10,1242,1,2,-1,1
2013120059015,1,4,0,17,0,8,1,0,1,0,4,1,6,1,10,-1,-1,-1,-1,-1
2013120059073,1,9,0,9,0,1,0,0,0,0,1,1,6,1,9,998,1,5,4,1
2013120059073,2,9,0,18,0,1,0,0,0,0,1,1,6,1,11,1596,1,7,7,2
2013120059097,1,9,0,18,0,0,0,0,0,0,1,1,6,1,5,1781,1,14,5,1
2013120059097,2,9,0,10,0,0,0,0,0,0,2,1,6,2,7,-1,-1,-1,8,3
2013120059097,3,19,4,18,0,0,0,0,0,0,1,1,6,1,8,1998,2,9,6,3
2013120059170,1,9,0,13,0,0,2,0,1,10,0,1,6,1,6,1910,2,7,4,1
2013120059170,2,9,0,18,0,0,0,0,0,0,0,1,6,2,5,1598,1,1,6,1
2013120059295,1,9,0,18,0,0,0,1,0,0,1,1,6,1,7,1968,2,2,-1,3
2013120059295,2,9,0,2,0,0,0,0,0,0,4,1,6,1,5,1998,1,5,9,3
2013120059413,1,9,0,5,0,0,0,0,0,0,1,1,2,2,6,1199,1,10,10,3
2013120059413,2,2,0,18,0,0,0,0,0,0,4,1,2,1,9,49,1,1,9,1
2013120059500,1,9,0,5,0,0,0,0,0,0,1,1,6,2,9,1997,1,9,10,3
2013120059570,1,9,0,9,0,5,0,0,0,0,1,1,2,2,8,1999,1,8,-1,-1
2013120059570,2,9,0,18,0,8,1,0,0,0,1,1,2,1,5,1598,1,8,9,3
2013120060124,1,19,0,9,0,6,0,0,0,0,1,1,6,1,11,-1,-1,-1,8,3
2013120060124,2,1,0,10,0,8,0,0,0,0,1,1,6,1,8,-1,-1,-1,7,1
2013120060172,1,1,0,18,0,0,0,0,0,0,1,1,6,1,4,-1,-1,-1,2,1
2013120060172,2,9,0,2,0,0,0,0,0,0,1,1,6,2,6,1796,1,10,3,1
2013120060177,1,9,0,9,0,8,0,0,0,0,1,1,6,1,10,1948,1,17,4,1
2013120060177,2,1,0,18,4,8,0,0,0,0,2,1,2,1,9,-1,-1,-1,10,3
2013120060197,1,9,0,18,0,0,1,0,0,0,1,1,6,1,10,1246,1,8,8,1
2013120060197,2,9,0,18,0,0,0,0,0,0,1,1,6,1,7,1968,2,5,6,3
2013120060197,3,21,1,18,0,0,0,0,0,0,4,1,1,1,7,10837,2,2,1,1
2013120060260,1,9,0,9,0,6,0,0,0,0,1,1,1,2,8,1796,1,10,9,1
2013120060260,2,9,0,18,0,1,0,0,0,0,3,1,1,2,5,1596,1,10,9,3
2013120060260,3,9,0,18,0,1,0,0,0,0,1,1,1,1,5,1242,1,11,8,1
2013120060322,1,9,0,13,0,0,2,10,7,0,1,1,6,1,5,1598,1,14,6,1
2013120060322,2,9,0,18,0,0,0,0,0,0,3,1,6,2,4,1598,1,11,3,1
2013120060334,1,9,0,18,0,0,0,0,0,0,1,1,6,1,7,-1,-1,-1,6,3
2013120060334,2,9,0,18,0,0,0,0,0,0,2,1,6,2,9,2179,2,4,6,3
2013120060823,1,3,0,9,0,8,0,0,1,0,4,1,2,1,7,125,1,3,8,2
2013120060823,2,9,0,18,0,1,0,0,0,0,1,1,6,2,6,1686,2,10,6,2
2013120060833,1,21,1,18,0,1,5,0,1,0,4,1,1,1,8,11946,2,5,3,3
2013120060886,1,9,0,10,0,6,0,0,0,0,1,1,2,1,9,2231,2,2,9,1
2013120060886,2,9,0,18,0,1,5,0,8,11,1,1,2,1,7,1598,1,-1,10,1
2013120060886,3,20,0,2,6,1,0,0,0,0,1,1,6,3,-1,2998,2,7,6,3
2013120061007,1,9,0,9,0,8,0,0,0,0,4,1,6,1,5,1392,1,14,8,3
2013120061007,2,3,0,18,0,8,0,0,0,0,1,1,6,1,4,125,1,5,9,1
2013120061217,1,9,0,18,0,1,0,0,1,0,1,1,3,1,4,998,1,10,7,3
2013120061217,2,9,0,10,0,1,0,0,7,0,2,1,6,1,10,1197,1,2,7,3
2013120061329,1,2,0,9,0,1,0,0,0,0,1,1,6,1,5,124,1,8,6,3
2013120061329,2,9,0,9,0,1,0,0,0,0,1,1,6,1,8,2495,2,15,6,3
2013120061444,1,9,0,18,0,1,0,0,0,0,1,1,6,2,8,1796,1,7,6,1
2013120061444,2,9,0,3,0,1,0,0,0,0,2,1,6,2,8,1991,2,5,7,1
2013120061497,1,1,0,15,0,0,0,0,0,0,1,1,6,1,4,-1,-1,-1,8,3
2013120061670,1,9,0,18,0,6,0,0,0,0,3,1,6,1,8,1968,2,4,6,3
2013120061670,2,1,0,18,0,8,0,0,0,0,0,1,6,2,5,-1,-1,-1,9,3
2013120061936,1,19,0,6,0,0,0,0,0,0,1,1,1,1,8,-1,-1,-1,4,1