Accident_Index,Vehicle_Reference,Vehicle_Type,Towing_and_Articulation,Vehicle_Manoeuvre,Vehicle_Location-Restricted_Lane,Junction_Location,Skidding_and_Overturning,Hit_Object_in_Carriageway,Vehicle_Leaving_Carriageway,Hit_Object_off_Carriageway,1st_Point_of_Impact,Was_Vehicle_Left_Hand_Drive?,Journey_Purpose_of_Driver,Sex_of_Driver,Age_Band_of_Driver,Engine_Capacity_(CC),Propulsion_Code,Age_of_Vehicle,Driver_IMD_Decile,Driver_Home_Area_Type
2013120061936,2,9,0,16,0,0,0,0,0,0,1,1,6,1,4,1242,1,14,6,3
2013120062005,1,19,0,18,0,8,0,0,0,0,4,1,1,1,9,-1,-1,-1,6,1
2013120062005,2,1,0,18,0,8,0,0,0,0,3,1,6,2,7,-1,-1,-1,4,1
2013120062183,1,9,0,9,0,1,0,0,0,0,1,1,6,2,10,1686,2,3,10,1
2013120062183,2,1,0,18,0,1,0,0,0,0,1,1,6,1,7,-1,-1,-1,4,1
2013120062299,1,9,0,16,0,0,1,0,1,10,3,1,6,1,4,1896,2,9,8,3
2013120062584,1,3,0,18,0,0,1,0,0,0,4,1,6,1,8,125,1,9,4,1
2013120062597,1,9,0,1,9,0,0,0,0,0,2,1,1,2,7,1596,1,4,10,1
2013120062681,1,5,0,16,0,0,0,0,0,0,1,1,6,1,9,1000,1,5,6,1
2013120062681,2,9,0,17,0,0,0,0,0,0,3,1,6,1,7,2143,2,3,9,3
2013120062718,1,5,0,16,0,7,1,0,0,0,4,1,6,1,7,799,1,8,4,1
2013120062782,1,5,0,4,0,0,1,0,0,0,1,1,6,1,9,998,1,7,4,1
2013120062782,2,9,0,3,0,0,0,0,0,0,2,1,6,1,8,2148,2,9,2,1
2013120062839,1,9,0,18,0,0,0,0,0,0,1,1,6,1,-1,-1,-1,-1,-1,-1
2013120062905,1,5,0,17,0,0,1,0,1,0,1,1,6,1,6,599,1,5,3,1
2013120062905,2,5,0,17,0,0,1,0,1,4,1,1,6,1,7,988,1,9,3,1
2013120063139,1,9,0,18,0,0,0,0,0,0,3,1,6,2,-1,1998,2,10,-1,-1
2013120063139,2,9,0,2,0,0,0,0,0,0,3,1,6,2,-1,1199,1,11,6,1
2013120063272,1,5,0,17,0,0,1,0,1,0,4,1,6,1,7,1085,1,14,2,1
2013120063352,1,9,0,18,0,0,2,0,1,9,1,1,1,2,6,1388,1,6,4,2
2013120063407,1,9,0,13,0,1,0,0,0,0,3,1,6,3,-1,-1,-1,-1,-1,-1
2013120063407,2,1,0,10,0,1,0,0,0,0,4,1,2,1,4,-1,-1,-1,3,1
2013120063441,1,5,0,16,0,0,1,0,0,0,3,1,6,1,10,-1,-1,-1,6,1
2013120063441,2,9,0,17,0,0,0,0,0,0,3,1,6,1,10,2143,2,1,8,1
2013120063449,1,9,0,16,0,0,1,0,0,0,1,1,6,1,10,1798,1,8,7,1
2013120063449,2,9,0,17,0,0,1,0,1,1,1,1,6,1,8,2286,2,30,8,3
2013120063449,3,9,0,17,0,0,0,0,0,0,1,1,6,2,7,2204,2,7,5,3
2013120063583,1,9,0,17,0,0,1,0,1,4,1,1,6,2,4,1149,1,4,8,3
2013120063583,2,9,0,16,0,0,0,0,0,0,0,1,6,3,-1,-1,-1,-1,-1,-1
2013120063603,1,21,1,13,0,0,3,0,5,6,1,1,1,1,7,12900,2,2,2,1
2013120063603,2,21,0,18,0,0,0,0,0,0,2,1,1,1,8,6370,2,4,7,2
2013120063640,1,9,0,17,0,0,0,0,0,0,1,1,2,2,8,1296,1,7,10,1
2013120063640,2,9,0,16,0,0,0,0,1,0,1,1,6,1,9,1798,1,5,10,1
2013120063669,1,9,0,18,0,0,0,0,1,0,1,1,2,2,5,1397,1,5,8,1
2013120063669,2,9,0,4,0,0,0,0,0,0,2,1,6,1,8,1997,2,2,10,1
2013120063753,1,9,0,18,0,4,0,0,0,0,3,1,6,2,7,1360,1,10,5,1
2013120063753,2,1,0,18,0,8,0,0,0,0,1,1,6,1,7,-1,-1,-1,3,1
2013120063757,1,9,0,9,0,4,0,0,0,0,1,1,6,1,5,-1,-1,-1,1,1
2013120063757,2,1,0,18,0,4,0,0,0,0,1,1,6,1,8,-1,-1,-1,2,1
2013120063813,1,9,0,4,0,0,0,0,0,0,1,1,1,1,8,2400,2,2,9,2
2013120063813,2,9,0,4,0,0,0,5,0,0,2,1,6,2,6,1560,2,2,2,1
2013120063813,3,9,0,4,0,0,0,0,0,0,2,1,6,2,9,2979,1,11,9,1
2013120064057,1,8,0,1,0,0,0,0,0,0,2,1,1,1,7,1497,8,7,7,3
2013120064337,1,9,0,18,0,1,1,0,0,0,1,1,6,2,9,1396,1,10,8,3
2013120064337,2,19,0,10,0,1,0,0,0,0,2,1,1,1,9,1399,2,1,10,3
2013120064391,1,20,0,18,0,0,0,0,0,0,4,1,1,1,8,4250,2,8,6,1
2013120064434,1,9,0,9,0,5,0,0,0,0,4,1,6,1,4,1124,1,11,9,1
2013120064434,2,9,0,14,0,1,0,0,0,0,1,1,6,2,6,1598,1,-1,-1,-1
2013120064855,1,9,0,4,0,0,0,0,0,0,1,1,6,1,8,1560,2,1,7,1
2013120064855,2,9,0,3,0,0,0,0,0,0,2,1,6,2,6,1598,1,3,10,1
2013120064855,3,9,0,3,0,0,0,0,0,0,2,1,6,2,9,1794,1,12,8,3
2013120064949,1,1,0,3,0,0,0,0,1,4,1,1,6,1,8,-1,-1,-1,10,1
2013120065115,1,5,0,17,0,0,1,0,1,4,1,1,6,1,4,599,1,9,10,3
2013120065137,1,9,0,3,0,1,0,0,0,0,1,1,6,1,7,1870,2,8,2,1
2013120065137,2,9,0,3,0,1,0,0,0,0,2,1,6,2,7,1910,2,5,7,3
2013120065137,3,9,0,3,0,1,0,0,0,0,2,1,6,1,9,2401,2,8,6,3
2013120065137,4,9,0,3,0,1,0,0,0,0,2,1,6,1,4,1968,2,3,8,2
2013120065262,1,9,0,7,0,6,0,0,0,0,0,1,6,1,10,-1,-1,-1,-1,-1
2013120065262,2,9,0,18,0,8,2,0,1,11,1,1,2,1,7,-1,-1,-1,7,1
2013120065262,3,9,0,18,0,8,1,0,0,0,0,1,2,1,9,1998,1,7,-1,-1
2013120065761,1,9,0,18,0,4,0,0,0,0,1,1,6,2,8,1242,1,12,4,1
2013120065761,2,1,0,18,0,4,0,0,0,0,4,1,6,2,8,-1,-1,-1,6,1
2013120066209,1,19,0,3,0,1,0,0,0,0,1,1,6,1,9,2402,2,3,6,3
2013120066209,2,9,0,3,0,1,0,0,0,0,2,1,6,2,6,1598,1,9,6,3
2013120066325,1,9,3,18,0,8,0,0,0,0,4,1,6,1,7,1995,2,7,3,2
2013120066325,2,19,0,18,0,6,0,0,1,11,1,1,6,1,4,-1,-1,-1,-1,-1
2013120066682,1,9,0,4,0,0,0,0,0,0,1,1,6,1,8,1988,1,40,-1,3
2013120066682,2,9,0,4,0,0,0,0,0,0,2,1,6,1,7,1997,2,3,-1,1
2013120066809,1,9,0,9,0,8,0,0,0,0,0,1,1,1,7,1198,1,3,4,1
2013120066809,2,1,0,18,4,8,0,0,0,0,0,1,2,2,8,-1,-1,-1,6,1
2013120067097,1,9,0,16,0,0,0,0,8,4,1,1,6,1,6,1248,2,-1,10,2
2013120067314,1,5,0,13,0,0,0,0,8,11,3,1,6,1,6,599,1,5,-1,-1
2013120067314,2,9,0,18,0,0,0,0,0,0,0,1,6,2,-1,-1,-1,-1,-1,-1
2013120067339,1,9,0,18,0,0,1,0,0,0,1,1,6,1,8,-1,-1,-1,4,1
2013120067339,2,9,0,18,0,0,0,0,0,0,2,1,6,1,7,-1,-1,-1,1,1
2013120067373,1,9,0,18,0,8,0,0,0,0,4,1,6,1,8,1560,2,2,4,1
2013120067373,2,19,0,18,0,1,0,0,0,0,1,1,6,1,9,2500,2,8,6,2
2013120067403,1,9,0,17,0,8,0,0,0,0,3,1,6,1,8,2179,2,2,10,3
2013120067403,2,3,0,16,0,8,0,0,0,0,3,1,6,2,5,124,1,6,8,1
2013120067761,1,9,0,17,0,0,0,0,2,4,1,1,1,1,5,1587,1,12,8,1
2013120067994,1,9,0,3,0,1,0,0,0,0,2,1,6,2,10,1997,2,11,9,3
2013120067994,2,9,0,4,0,1,0,0,0,0,1,1,6,2,6,1299,1,8,2,1
2013120068046,1,1,0,18,0,0,0,0,0,0,1,1,6,1,8,-1,-1,-1,7,1
2013120068046,2,98,0,2,0,0,0,0,0,0,2,1,6,3,-1,-1,-1,-1,-1,-1
2013120068055,1,9,0,18,0,0,0,0,0,0,1,1,6,2,7,1600,1,11,10,3
2013120068063,1,9,0,3,0,1,0,0,0,0,2,1,6,2,7,1560,2,2,8,1
2013120068063,2,9,0,5,0,1,0,0,0,0,1,1,6,2,6,1998,1,11,9,1
2013120068252,1,9,0,4,0,8,0,0,0,0,2,1,6,2,10,1149,1,8,5,1
2013120068252,2,1,0,13,0,8,0,0,0,0,1,1,1,1,6,-1,-1,-1,8,1
2013120068353,1,9,0,9,0,6,0,0,0,0,1,1,6,1,8,1598,1,4,5,3
2013120068353,2,1,0,18,0,1,0,0,0,0,4,1,2,1,7,-1,-1,-1,7,3
2013120068439,1,9,0,5,0,8,0,0,0,0,3,1,6,1,6,1590,1,9,8,3
2013120068439,2,9,0,18,0,1,0,0,0,0,1,1,6,1,6,1598,1,1,10,2
2013120068454,1,9,0,18,0,0,5,0,8,4,1,1,6,1,5,1988,1,13,-1,-1
2013120068682,1,2,0,18,0,0,0,0,0,0,0,1,6,1,4,49,1,13,6,2
2013120069253,1,5,0,16,0,0,0,0,7,0,4,1,6,1,9,599,1,10,6,1
2013120069272,1,9,0,18,0,0,0,0,2,1,1,1,6,1,11,1398,2,10,8,1
2013120069286,1,1,0,18,0,8,0,0,0,0,2,1,1,2,6,-1,-1,-1,2,1
2013120069286,2,9,0,7,0,8,0,0,0,0,4,1,6,1,5,-1,-1,-1,6,3
2013120069370,1,9,0,9,0,8,0,0,0,0,3,1,6,2,8,1396,1,1,9,2
2013120069370,2,5,0,18,0,8,0,0,0,0,1,1,6,1,8,1050,1,8,1,1
2013120069465,1,1,0,18,0,0,0,0,0,0,1,1,6,1,7,-1,-1,-1,4,1
2013120069465,2,9,0,2,0,0,0,0,0,0,2,1,6,1,8,1997,2,4,8,3
2013120069547,1,9,0,18,0,0,0,0,1,2,1,1,6,2,6,1896,2,10,8,2
2013120069800,1,5,0,16,0,0,1,0,0,0,3,1,2,1,8,1000,1,2,8,2
2013120069800,2,21,0,17,0,0,0,0,0,0,0,1,1,1,7,-1,2,9,6,3
2013120070061,1,9,4,13,0,0,0,0,0,0,4,1,6,2,8,2982,2,12,6,3
2013120070061,2,1,0,18,0,0,0,0,1,0,2,1,2,1,9,-1,-1,-1,5,1
2013120070366,1,9,0,2,0,1,0,0,0,0,4,1,1,1,7,2926,2,12,8,3
2013120070366,2,1,0,18,0,1,0,0,0,0,1,1,1,2,7,-1,-1,-1,8,1
2013120070392,1,9,0,18,0,8,0,0,1,0,1,1,6,2,7,1242,1,4,6,1
2013120070392,2,9,0,9,0,8,0,0,0,0,1,1,6,1,4,1149,1,10,-1,-1
2013120070567,1,9,0,18,0,0,1,0,0,0,1,1,6,1,5,1199,1,10,-1,-1
2013120070567,2,9,0,18,0,0,0,0,4,6,2,1,6,2,7,1560,2,3,-1,-1
2013120070670,1,9,0,17,0,0,5,0,1,4,1,1,6,1,4,998,1,8,8,2
2013120070676,1,9,0,13,0,0,5,0,1,11,1,1,6,1,6,1998,1,10,6,1
2013120070676,2,9,0,18,0,0,0,0,0,0,0,1,6,2,6,2979,1,13,9,3
2013120070727,1,9,0,6,0,0,0,0,4,7,1,1,1,1,6,2993,2,1,1,1
2013120070810,1,9,0,18,0,0,0,0,1,11,1,1,6,1,8,1299,1,13,3,1
2013120070830,1,11,0,2,0,1,0,0,0,0,0,1,1,1,9,4500,2,6,5,1
2013120070870,1,9,0,9,0,5,0,0,0,0,3,1,6,1,10,1596,1,6,6,1
2013120070870,2,21,0,18,0,8,0,0,0,0,4,1,1,1,9,9200,2,10,9,1
2013120071002,1,9,0,16,0,0,1,0,0,0,3,1,6,1,5,-1,-1,-1,9,3
2013120071002,2,5,0,17,0,0,0,0,0,0,3,1,6,1,7,998,1,9,3,1
2013120071217,1,5,0,17,0,0,1,0,1,11,1,1,6,1,7,-1,-1,-1,3,1
2013120071243,1,9,0,9,0,8,0,0,0,0,3,1,6,1,4,3456,8,-1,10,1
2013120071243,2,9,0,18,0,8,0,0,0,0,4,1,6,2,4,1398,1,3,7,3
2013120071244,1,9,0,16,0,0,0,0,2,10,1,1,1,1,8,1398,2,10,7,3
2013120071244,2,5,0,17,0,0,0,0,1,0,1,1,6,1,6,885,1,17,4,1
2013120071639,1,5,0,17,0,1,1,0,1,0,4,1,6,1,11,650,1,19,8,1
2013120071687,1,5,0,16,0,0,1,0,7,11,4,1,6,1,7,998,1,5,4,1
2013120071687,2,5,0,17,0,0,0,0,0,0,3,1,6,2,8,644,1,5,8,1
2013120071740,1,9,0,18,0,0,0,0,0,0,1,1,6,1,9,-1,-1,-1,8,1
2013120071773,1,5,0,16,0,0,0,0,0,0,1,1,6,1,6,1098,1,6,5,1
2013120071773,2,9,0,17,0,0,0,0,0,0,1,1,6,1,6,1461,2,10,10,2
2013120071773,3,9,0,16,0,0,0,0,0,0,0,1,6,1,6,1997,2,3,9,1
2013120071809,1,5,0,16,0,0,1,0,0,0,1,1,6,1,7,998,1,4,6,1
2013120071809,2,9,0,17,0,0,0,0,0,0,3,1,6,1,7,1339,1,1,5,1
2013120071809,3,9,0,17,0,0,0,0,0,0,3,1,6,1,5,1587,1,12,7,3
2013120071809,4,9,0,17,0,0,1,0,0,0,1,1,6,1,5,2495,2,13,8,3
2013120072249,1,5,0,17,0,0,1,0,1,1,3,1,6,1,6,748,1,7,1,1
2013120072250,1,5,0,4,0,1,1,0,0,0,3,1,6,1,7,955,1,13,5,1
2013120072274,1,9,0,18,0,0,1,0,0,0,1,1,2,1,4,1596,1,6,7,1
2013120072274,2,9,3,12,0,0,1,0,0,0,3,1,6,1,11,1149,1,1,-1,3
2013120072372,1,9,0,18,0,1,0,0,0,0,1,1,6,1,4,1360,1,13,-1,-1
2013120072372,2,9,0,4,0,1,0,0,0,0,2,1,6,1,7,1596,1,5,5,2
2013120072372,3,9,0,4,0,1,0,0,0,0,2,1,6,1,8,-1,-1,-1,1,1
2013120072372,4,9,0,9,0,6,0,0,0,0,0,1,6,1,7,1956,2,2,3,1
2013120072433,1,9,0,18,0,0,5,0,1,10,1,1,6,1,11,995,1,1,8,3
2013120072454,1,5,0,4,0,0,1,0,0,0,3,1,6,1,4,399,1,23,3,1
2013120072490,1,9,0,3,0,6,0,0,0,0,1,1,6,2,6,2997,1,15,7,2
2013120072490,2,9,0,8,0,6,0,0,0,0,2,1,6,2,7,1991,2,3,7,2
2013120072534,1,5,0,14,0,8,0,0,0,0,1,1,6,1,8,498,1,16,7,1
2013120072534,2,9,0,9,0,8,0,0,0,0,2,1,6,1,8,1248,2,6,4,1
2013120072592,1,21,1,18,0,0,0,12,0,0,1,1,1,1,9,12580,2,7,-1,-1
2013120072592,2,9,0,18,0,0,0,12,0,0,1,1,6,1,5,2495,2,9,8,2
2013120072654,1,1,0,18,0,1,0,0,0,0,1,1,1,1,7,-1,-1,-1,5,1
2013120072654,2,9,0,5,0,1,0,0,0,0,1,1,1,2,5,998,1,7,5,1
2013120073055,1,9,0,13,0,0,0,0,0,0,4,1,6,3,-1,-1,-1,-1,-1,-1
2013120073055,2,1,0,18,0,0,0,0,0,0,3,1,2,2,7,-1,-1,-1,1,1
2013120073176,1,9,0,18,0,8,0,0,0,0,0,1,6,1,7,1685,2,1,10,1
2013120073176,2,9,0,4,0,8,0,0,0,0,0,1,6,3,-1,-1,-1,-1,-1,-1
2013120073201,1,19,0,4,0,1,0,0,0,0,1,1,1,1,9,1248,2,3,1,1
2013120073201,2,9,0,3,0,1,0,0,0,0,2,1,2,1,9,1998,2,6,7,1
2013120073207,1,9,0,18,0,8,0,0,0,0,1,1,6,1,5,1796,1,11,10,1
2013120073207,2,9,0,7,0,6,0,0,0,0,3,1,6,2,5,1388,1,9,4,1
2013120073209,1,9,0,18,0,1,0,0,0,0,1,1,6,3,-1,-1,-1,-1,-1,-1
2013120073209,2,1,0,18,0,1,0,0,0,0,4,1,6,1,6,-1,-1,-1,9,2
2013120073449,1,9,0,9,0,2,0,0,0,0,2,1,6,2,8,1240,1,4,6,3
2013120073449,2,20,1,10,0,1,0,0,0,0,0,1,1,1,8,-1,-1,-1,6,2
2013120073449,3,21,1,18,0,1,1,0,0,0,1,1,1,1,8,12580,2,8,-1,-1
2013120073760,1,9,0,13,0,1,0,0,0,0,1,1,2,1,6,1753,2,5,7,2
2013120073760,2,9,0,9,0,1,0,0,0,0,3,1,2,1,7,1364,1,7,3,1
2013120073784,1,9,0,18,0,1,0,0,0,0,1,1,6,2,8,1560,2,5,7,2
2013120073784,2,9,0,9,0,5,0,0,0,0,3,1,6,2,8,1560,2,8,8,2
2013120074016,1,1,0,18,0,0,0,0,0,0,2,1,6,2,4,-1,-1,-1,6,1
2013120074016,2,9,0,18,0,0,0,0,0,0,1,1,6,3,-1,-1,-1,-1,-1,-1
2013120074200,1,8,0,18,2,0,0,0,0,0,4,1,1,1,9,1995,2,7,9,1
2013120074220,1,9,0,2,0,1,0,0,0,0,1,1,6,2,6,1896,2,7,7,3
2013120074220,2,19,0,2,0,1,0,0,0,0,2,1,6,1,6,2198,2,2,5,3
2013120074426,1,21,1,11,0,0,0,0,0,0,2,1,1,1,9,-1,-1,-1,-1,-1
2013120074426,2,9,0,11,0,0,2,0,2,10,1,1,6,2,6,1905,2,16,9,3
2013120074593,1,1,0,18,9,1,0,0,0,0,1,1,6,3,-1,-1,-1,-1,-1,-1
2013120074769,1,9,0,9,0,6,0,0,0,0,1,1,6,1,8,2184,2,8,5,1
2013120074850,1,11,0,2,0,2,0,0,0,0,0,1,1,1,8,6700,2,2,1,1
2013120074934,1,9,0,3,0,0,0,0,0,0,2,1,1,1,6,1896,2,6,8,1
2013120074934,2,9,0,4,0,0,0,0,0,0,1,1,6,2,4,2746,1,25,10,2
2013120075300,1,1,0,17,0,8,1,0,0,0,3,1,6,1,9,-1,-1,-1,3,1
2013120075601,1,9,0,17,0,0,0,0,0,0,1,1,6,1,10,2982,2,2,10,3
2013120075601,2,9,0,17,0,0,0,0,1,1,2,1,6,1,9,-1,-1,-1,3,2
2013120075628,1,5,0,17,0,0,0,0,1,9,1,1,6,1,7,899,1,18,5,2
2013120075934,1,11,0,16,0,0,0,0,0,0,0,1,1,1,7,4250,2,2,4,2
2013120075934,2,11,0,17,0,0,0,0,0,0,0,1,1,3,-1,-1,-1,-1,-1,-1
2013120076094,1,5,0,18,0,1,0,0,7,4,1,1,6,1,8,998,1,2,5,1
2013120076094,2,9,0,9,0,6,0,0,0,0,2,1,6,2,9,2184,2,8,5,2
2013120076112,1,9,0,4,0,1,0,0,0,0,0,1,6,2,7,1240,1,9,8,1
2013120076112,2,5,0,18,0,1,1,0,0,0,4,1,6,1,8,1584,1,6,5,1
2013120076112,3,5,0,18,0,1,0,0,0,0,1,1,6,1,8,1801,1,2,9,2
2013120076153,1,9,0,18,0,2,0,0,0,0,1,1,6,1,9,1798,1,5,1,1
2013120076153,2,9,0,2,0,1,0,0,0,0,0,1,6,1,8,2191,2,1,3,3
2013120076154,1,9,0,9,0,1,0,0,0,0,3,1,6,1,6,1796,1,6,5,2
2013120076154,2,9,0,18,0,1,0,0,0,0,0,1,6,2,7,1299,1,9,4,1
2013120076154,3,9,0,18,0,1,0,0,0,0,0,1,6,1,7,1596,1,6,1,1
2013120076154,4,9,0,18,0,1,0,0,0,0,0,1,6,1,9,1998,2,9,5,1
2013120076154,5,5,0,18,0,1,0,0,0,0,1,1,6,1,8,998,1,9,5,1
2013120076461,1,19,0,16,0,0,0,0,2,11,1,1,1,1,8,2402,2,10,6,3
2013120076461,2,21,0,17,0,0,0,0,0,0,1,1,1,1,7,12130,2,9,7,3
2013120076590,1,19,0,16,0,0,0,0,0,0,1,1,1,1,8,1598,2,6,6,3
2013120076590,2,19,0,17,0,0,0,0,0,0,1,1,1,1,8,2402,2,7,-1,-1
2013120076624,1,9,0,18,0,0,0,0,1,4,1,1,1,1,5,1328,1,8,10,1
2013120076818,1,19,0,9,0,6,0,0,0,0,3,1,1,1,6,-1,-1,-1,6,1
2013120076818,2,9,0,18,0,1,0,0,0,0,1,1,6,2,8,1240,1,8,10,1
2013120076932,1,9,0,18,0,0,1,0,1,4,1,1,6,2,7,1595,1,8,8,1
2013120077053,1,9,0,18,0,4,0,0,0,0,3,1,6,2,9,998,1,7,5,1
2013120077053,2,9,0,18,0,8,0,0,0,0,4,1,6,2,8,3824,1,8,9,1
2013120077096,1,20,0,10,0,1,0,0,0,0,2,1,6,1,8,5880,2,12,7,3
2013120077096,2,9,0,18,0,1,2,0,7,1,1,1,2,2,5,1968,2,4,10,1
2013120077368,1,9,0,9,0,6,0,0,0,0,1,1,1,2,5,1399,2,10,-1,-1
2013120077368,2,9,0,18,0,1,0,0,0,0,4,1,6,2,10,1299,1,6,10,1
2013120077517,1,19,0,2,0,0,0,0,7,11,2,1,1,1,10,-1,-1,-1,3,2
2013120077588,1,9,0,9,0,2,0,0,0,0,1,1,1,1,6,1587,1,10,3,1
2013120077588,2,2,0,4,0,1,0,0,0,0,4,1,1,1,7,124,1,2,8,3
2013120077620,1,9,0,17,0,0,2,0,1,9,1,1,6,2,5,1399,2,4,10,3
2013120077840,1,9,0,18,0,8,0,0,1,11,3,1,6,2,11,1242,1,6,10,1
2013120077840,2,19,0,18,0,8,1,0,7,1,4,1,1,1,8,2151,2,9,7,1
2013120077851,1,11,0,18,0,8,0,0,0,0,0,1,1,1,7,5900,2,15,4,1
2013120078006,1,9,0,18,0,1,1,0,0,0,1,1,6,1,5,1396,1,11,4,1
2013120078006,2,9,0,18,0,1,0,0,7,0,1,1,6,1,6,1998,1,6,4,1
2013120078107,1,9,0,18,0,0,0,0,0,0,1,1,6,2,6,1598,1,12,-1,-1
2013120078112,1,9,0,9,0,1,0,0,0,0,4,1,6,2,5,1595,1,12,10,1
2013120078112,2,9,0,18,0,8,2,0,0,0,1,1,6,1,10,-1,-1,-1,9,1
2013120078190,1,5,0,16,0,7,0,0,0,0,0,1,6,1,9,798,1,3,7,3
2013120078283,1,9,0,18,0,1,0,0,0,0,1,1,1,2,9,1399,2,4,1,1
2013120078283,2,9,0,3,0,1,0,0,0,0,2,1,1,2,5,1870,2,12,7,1
2013120078283,3,9,0,9,0,1,0,0,0,0,2,1,6,2,4,1299,1,12,6,3
2013120078333,1,9,0,10,0,1,0,0,0,0,2,1,6,2,7,1595,1,5,6,1
2013120078333,2,9,0,4,0,1,0,0,0,0,1,1,6,2,9,989,1,10,2,1
2013120078364,1,11,0,4,0,1,0,0,0,0,0,1,1,1,7,4250,2,12,4,1
2013120078597,1,9,0,10,0,5,0,0,0,0,3,1,6,1,4,1242,1,16,6,1
2013120078597,2,5,0,18,0,2,1,0,1,0,3,1,6,1,10,865,1,4,6,3
2013120078734,1,9,0,18,0,0,0,12,0,0,1,1,2,1,7,1596,1,2,5,1
2013120078840,1,9,0,9,0,6,0,0,0,0,3,1,6,1,4,1242,1,6,9,1
2013120078840,2,5,0,18,0,8,1,0,0,0,1,1,6,1,7,600,1,10,1,1
2013120079387,1,8,0,1,0,1,0,0,0,0,2,1,1,1,-1,-1,-1,-1,-1,-1
2013120079409,1,1,0,18,4,1,0,0,0,0,4,1,1,2,6,-1,-1,-1,-1,-1
2013120079409,2,9,0,9,4,1,0,0,0,0,1,1,6,1,10,-1,-1,-1,9,1
2013120079455,1,19,0,5,0,6,0,0,0,0,1,1,1,2,6,1598,2,1,7,1
2013120079455,2,9,0,18,0,8,0,0,7,9,4,1,6,2,7,1910,2,7,9,2
2013120079670,1,9,0,3,0,1,0,0,0,0,4,1,6,3,-1,-1,-1,-1,-1,-1
2013120079670,2,1,0,18,0,1,0,8,0,0,3,1,6,2,5,-1,-1,-1,6,1
2013120079967,1,9,0,17,0,0,2,0,1,11,1,1,6,1,6,1910,2,6,6,3
2013120079967,2,9,0,2,0,0,0,0,0,0,2,1,6,3,-1,-1,-1,-1,5,3
2013120080075,1,19,0,1,0,0,0,0,0,0,2,1,1,1,8,2460,2,7,8,1
2013120080175,1,4,0,18,0,0,1,0,0,0,3,1,6,1,9,348,1,60,2,1
2013120080252,1,5,0,18,0,1,0,0,0,0,1,1,6,1,9,1255,1,5,-1,-1
2013120080252,2,9,0,3,0,1,0,0,0,0,0,1,6,1,7,1753,2,7,10,2
2013120080252,3,9,0,3,0,1,0,0,0,0,0,1,6,1,9,1968,2,4,9,1
2013120080260,1,9,0,3,0,1,0,0,0,0,3,1,6,1,7,2199,2,1,7,3
2013120080260,2,5,0,18,0,1,1,0,0,0,4,1,6,1,7,1100,1,29,8,3
2013120080260,3,9,0,7,0,2,0,0,0,0,0,1,6,3,-1,-1,-1,-1,-1,-1
2013120080340,1,5,0,16,0,0,0,0,7,10,3,1,6,1,5,598,1,16,6,1
2013120080380,1,9,0,18,0,6,0,0,0,0,3,1,6,1,5,1598,1,4,5,2
2013120080380,2,5,0,18,0,8,1,0,0,0,1,1,6,1,4,645,1,5,9,3
2013120080593,1,21,0,3,0,1,0,0,0,0,0,1,1,1,-1,-1,-1,-1,-1,-1
2013120080593,2,9,0,9,0,1,0,0,0,0,0,1,3,1,7,1461,2,1,9,3
2013120080879,1,1,0,18,0,0,0,0,0,0,2,1,6,1,-1,-1,-1,-1,-1,-1
2013120080892,1,2,0,14,0,1,1,7,0,0,4,1,2,1,7,198,1,11,6,1
2013120080892,2,21,1,3,0,1,0,0,0,0,3,1,1,1,7,10837,2,4,7,1
2013120080981,1,9,0,18,0,6,0,0,0,0,1,1,1,1,6,-1,-1,-1,9,2
2013120080981,2,1,0,18,0,8,0,0,0,0,4,1,6,2,5,-1,-1,-1,9,2
2013120081390,1,1,0,18,9,0,0,0,0,0,1,1,4,1,3,-1,-1,-1,4,1
2013120081452,1,3,0,16,0,1,0,12,0,0,1,1,6,1,5,125,1,5,3,2
2013120081883,1,9,0,16,0,0,1,0,0,0,3,1,6,2,4,1968,2,1,6,3
2013120081883,2,21,0,17,0,0,0,0,0,0,3,1,1,1,7,9200,2,6,9,2
2013120081957,1,1,0,6,0,0,0,0,0,0,1,1,6,1,7,-1,-1,-1,8,3
2013120082116,1,9,0,9,0,5,0,0,0,0,0,1,6,3,-1,-1,-1,-1,-1,-1
2013120082116,2,9,0,18,0,1,0,0,0,0,2,1,6,2,7,1968,2,5,6,2
2013120082116,3,9,0,18,0,1,0,0,0,0,2,1,6,2,9,2496,1,7,3,3
2013120082116,4,9,0,18,0,1,0,0,0,0,1,1,2,2,6,1396,1,10,7,1
2013120082131,1,9,0,16,0,2,1,0,1,10,1,1,6,1,6,1598,1,12,4,1
2013120082131,2,9,0,17,0,2,0,0,0,0,1,1,1,2,8,1242,1,7,8,1
2013120082131,3,9,0,17,0,2,0,0,0,0,1,1,1,2,5,1349,1,2,10,1
2013120082637,1,9,0,9,0,1,0,0,0,0,2,1,6,2,11,1242,1,3,8,3
2013120082637,2,3,0,18,0,1,0,0,0,0,1,1,6,1,6,124,1,11,2,1
2013120082791,1,9,0,9,0,1,0,0,0,0,1,1,6,1,9,1360,1,9,9,1