Accident_Index,Vehicle_Reference,Vehicle_Type,Towing_and_Articulation,Vehicle_Manoeuvre,Vehicle_Location-Restricted_Lane,Junction_Location,Skidding_and_Overturning,Hit_Object_in_Carriageway,Vehicle_Leaving_Carriageway,Hit_Object_off_Carriageway,1st_Point_of_Impact,Was_Vehicle_Left_Hand_Drive?,Journey_Purpose_of_Driver,Sex_of_Driver,Age_Band_of_Driver,Engine_Capacity_(CC),Propulsion_Code,Age_of_Vehicle,Driver_IMD_Decile,Driver_Home_Area_Type
2013120100784,1,19,0,5,0,4,0,0,0,0,1,1,1,1,6,1753,2,7,2,1
2013120100784,2,1,0,9,0,8,0,0,0,0,2,1,1,1,5,-1,-1,-1,4,1
2013120100835,1,9,0,18,0,0,0,0,0,0,1,1,6,2,6,1800,1,7,3,1
2013120100921,1,9,0,7,0,0,0,0,0,0,1,1,1,1,6,-1,-1,-1,6,1
2013120100921,2,1,0,18,4,0,0,0,0,0,4,1,1,1,6,-1,-1,-1,9,1
2013120100923,1,9,0,18,0,2,0,0,0,0,1,1,2,1,9,1248,2,1,9,3
2013120100923,2,9,0,18,0,2,0,0,0,0,2,1,2,2,5,-1,-1,-1,4,1
2013120100923,3,9,0,18,0,2,0,0,0,0,2,1,2,1,8,3200,1,10,1,1
2013120100974,1,9,0,17,0,0,2,0,2,11,1,1,6,1,4,954,1,13,5,1
2013120100975,1,9,0,2,0,0,0,0,0,0,3,1,6,1,4,1229,1,8,7,1
2013120100975,2,1,0,18,0,0,0,0,0,0,1,1,6,1,5,-1,-1,-1,10,1
2013120101057,1,9,0,7,0,6,0,0,7,1,4,1,1,1,8,1769,1,13,1,1
2013120101057,2,9,0,18,0,2,5,4,0,0,1,1,6,1,5,1560,2,8,6,2
2013120101057,3,8,0,2,9,2,0,0,0,0,3,1,6,1,6,-1,-1,-1,7,2
2013120101057,4,9,0,2,0,2,0,0,0,0,1,1,6,1,-1,1598,1,9,1,1
2013120101359,1,9,0,17,0,0,0,0,0,0,0,1,6,1,8,3222,2,8,7,3
2013120101359,2,11,0,16,0,0,0,0,0,0,0,1,1,1,8,6871,2,5,9,1
2013120101374,1,4,0,18,0,0,1,0,5,6,3,1,6,2,7,249,1,24,1,1
2013120101384,1,9,0,18,0,0,0,0,0,0,1,1,1,1,7,998,1,11,8,1
2013120101384,2,9,0,18,0,0,0,0,1,0,1,1,6,1,11,1388,1,7,8,1
2013120101390,1,9,0,9,0,8,0,0,0,0,3,1,6,1,9,1497,1,8,6,1
2013120101390,2,4,0,9,0,8,0,0,0,0,4,1,2,1,8,278,1,4,7,1
2013120101418,1,9,0,18,0,0,2,0,7,10,1,1,2,1,5,1390,1,10,2,1
2013120101444,1,9,0,18,0,0,0,0,0,0,1,1,6,2,7,1986,2,6,7,3
2013120101444,2,9,0,18,0,0,1,0,0,0,1,1,6,2,5,1498,1,13,7,3
2013120101444,3,9,0,3,0,0,0,0,0,0,2,1,6,2,9,1560,2,4,-1,1
2013120101444,4,9,0,3,0,0,0,0,0,0,2,1,6,1,9,1461,2,-1,3,3
2013120101489,1,9,0,18,0,0,0,0,0,0,1,1,6,1,6,1970,1,11,10,1
2013120101532,1,9,0,17,0,0,0,0,0,0,3,1,2,1,7,1124,1,12,2,1
2013120101532,2,1,0,5,0,0,0,0,0,0,1,1,6,2,2,-1,-1,-1,10,1
2013120101543,1,9,0,5,0,0,0,0,0,0,4,1,1,2,10,1598,1,7,10,1
2013120101549,1,9,0,9,0,6,0,10,0,0,1,1,6,1,6,1598,1,10,5,1
2013120101549,2,9,0,3,0,1,0,0,0,0,3,1,6,1,6,2926,2,11,7,1
2013120101843,1,9,0,17,0,0,5,0,1,11,1,1,6,2,7,3628,2,4,6,2
2013120102041,1,1,0,18,0,1,0,0,0,0,1,1,6,1,8,-1,-1,-1,7,3
2013120102335,1,9,0,17,0,0,1,0,8,11,1,1,6,1,7,-1,-1,-1,4,1
2013120102544,1,9,0,13,0,0,0,0,0,0,0,1,6,3,-1,-1,-1,-1,-1,-1
2013120102544,2,9,0,18,0,0,5,0,7,10,1,1,2,1,4,1956,2,1,6,2
2013120102544,3,9,0,18,0,0,0,0,0,0,0,1,6,3,-1,-1,-1,-1,-1,-1
2013120102753,1,9,0,18,0,0,0,0,7,11,1,1,6,2,10,1390,1,2,6,2
2013120102940,1,9,4,7,0,8,0,0,0,0,2,1,1,1,7,-1,-1,-1,6,1
2013120102940,2,1,0,9,0,8,0,0,0,0,1,1,6,2,5,-1,-1,-1,10,1
2013120103043,1,19,0,18,0,1,0,0,0,0,1,1,1,1,7,2143,2,-1,5,1
2013120103043,2,9,0,8,0,1,0,0,0,0,2,1,2,2,8,1248,1,3,10,1
2013120103073,1,9,0,18,0,0,0,0,0,0,1,1,1,1,9,1896,2,3,1,1
2013120103073,2,1,0,9,0,0,0,0,0,0,2,1,1,1,6,-1,-1,-1,6,1
2013120103246,1,9,0,17,0,0,0,0,0,0,0,1,6,3,-1,-1,-1,-1,-1,-1
2013120103246,2,2,0,17,0,0,0,0,0,0,2,1,6,1,4,49,1,12,5,1
2013120103366,1,9,0,9,0,6,0,0,0,0,3,1,6,2,8,1199,1,11,10,1
2013120103366,2,9,0,18,0,1,0,0,0,0,1,1,6,1,10,1598,1,-1,5,1
2013120103736,1,9,0,18,0,0,0,0,0,0,4,1,1,2,7,1794,1,8,10,1
2013120103736,2,9,0,2,0,0,0,0,0,0,4,1,6,2,7,1995,2,3,10,1
2013120103859,1,9,0,9,0,1,0,0,0,0,0,1,6,1,9,1686,2,1,-1,-1
2013120103859,2,9,0,18,0,1,0,0,1,11,0,1,6,1,6,1598,1,7,1,1
2013120104156,1,9,0,18,0,0,0,0,0,0,1,1,6,1,8,3200,2,1,3,1
2013120104156,2,9,0,11,0,0,0,0,0,0,2,1,6,2,5,1422,2,5,5,2
2013120104157,1,9,0,16,0,0,2,0,8,10,1,1,6,2,7,1598,1,10,8,3
2013120104183,1,9,0,18,0,0,1,0,5,6,1,1,6,2,5,-1,-1,-1,8,3
2013120104183,2,9,0,12,0,0,0,0,0,0,0,1,6,1,7,1242,1,7,7,3
2013120104183,3,9,0,18,0,0,0,0,0,0,0,1,6,3,-1,-1,-1,-1,-1,-1
2013120104237,1,9,0,9,0,8,0,0,0,0,3,1,1,1,6,1968,2,5,2,1
2013120104237,2,3,0,18,0,8,1,0,0,0,1,1,2,1,4,124,1,2,6,1
2013120104497,1,90,0,6,9,0,0,0,0,0,0,1,6,1,2,-1,-1,-1,8,2
2013120104534,1,17,4,9,0,6,0,0,0,0,3,1,1,1,5,-1,2,15,7,3
2013120104534,2,5,0,16,0,1,0,0,0,0,1,1,6,1,5,599,1,10,10,1
2013120104541,1,2,0,9,0,8,1,0,0,0,3,1,6,2,4,49,1,2,6,3
2013120104636,1,19,0,3,0,8,0,0,0,0,3,1,2,1,5,1968,2,2,8,3
2013120104636,2,9,0,18,0,8,0,0,7,0,1,1,6,1,7,1994,2,11,1,1
2013120104722,1,5,0,17,0,0,0,12,0,0,1,1,6,1,9,998,1,4,10,1
2013120104768,1,5,0,16,0,0,0,0,7,0,0,1,6,1,6,656,1,5,9,3
2013120104768,2,5,0,17,0,0,0,0,0,0,0,1,6,1,9,1312,1,1,4,1
2013120104824,1,9,0,18,0,0,0,0,1,9,1,1,6,2,6,1086,1,4,10,1
2013120105305,1,9,0,4,0,1,1,0,0,0,1,1,2,2,5,-1,-1,-1,6,1
2013120105305,2,9,0,3,0,1,0,0,0,0,2,1,6,2,5,1242,1,14,6,1
2013120105305,3,9,0,10,0,5,0,0,0,0,2,1,6,1,8,1995,2,11,5,1
2013120105389,1,9,0,9,0,8,0,0,0,0,1,1,2,2,6,1149,1,7,9,1
2013120105389,2,1,0,18,0,1,0,0,0,0,1,1,2,1,7,-1,-1,-1,8,1
2013120105476,1,8,0,5,8,0,0,0,0,0,1,1,1,1,9,1896,2,7,5,3
2013120105671,1,9,0,16,0,0,0,0,0,0,0,1,6,1,-1,-1,-1,-1,-1,-1
2013120105671,2,1,0,17,0,0,0,0,0,0,0,1,6,1,7,-1,-1,-1,3,1
2013120105773,1,1,0,18,0,0,0,0,0,0,0,1,6,1,7,-1,-1,-1,9,3
2013120105806,1,9,0,9,0,1,0,0,0,0,1,1,1,1,6,1968,2,4,8,3
2013120105806,2,21,0,18,0,1,0,0,0,0,4,1,1,1,7,6370,2,2,10,2
2013120105812,1,10,0,18,0,1,1,0,0,0,1,1,1,1,7,-1,-1,-1,9,1
2013120105812,2,9,0,10,0,1,0,0,0,0,2,1,1,1,9,1998,1,6,9,1
2013120105834,1,1,0,7,0,1,0,0,0,0,1,1,6,1,6,-1,-1,-1,5,1
2013120105834,2,9,0,18,0,1,0,0,0,0,1,1,1,1,8,1870,2,9,6,1
2013120105849,1,9,0,18,0,8,0,0,0,0,1,1,6,1,8,1560,2,-1,6,2
2013120105849,2,1,0,18,0,6,0,0,0,0,3,1,6,1,2,-1,-1,-1,5,1
2013120105856,1,3,0,9,0,4,0,0,1,0,1,1,2,1,4,124,1,2,10,3
2013120105871,1,9,0,18,0,1,0,0,1,0,1,1,2,1,6,1248,2,3,6,2
2013120105871,2,9,0,18,0,1,0,0,1,0,2,1,6,2,4,1242,1,4,6,1
2013120105871,3,9,0,9,0,1,0,0,0,0,0,1,6,3,-1,-1,-1,-1,-1,-1
2013120105876,1,9,0,18,0,0,2,0,1,0,3,1,6,2,7,-1,-1,-1,10,1
2013120106177,1,9,0,13,0,0,5,0,1,11,4,1,6,1,4,1242,1,5,7,3
2013120106177,2,21,0,18,0,0,0,0,0,0,3,1,1,1,7,12900,2,1,1,3
2013120106353,1,9,0,7,0,8,0,0,0,0,4,1,6,2,-1,-1,-1,-1,-1,-1
2013120106353,2,1,0,15,0,8,0,0,0,7,3,1,6,2,7,-1,-1,-1,5,1
2013120106392,1,19,0,4,0,1,0,0,0,0,4,1,1,1,-1,-1,-1,-1,-1,-1
2013120106512,1,9,0,1,9,1,0,0,0,0,2,1,6,1,9,1998,2,8,10,2
2013120106541,1,9,0,14,0,0,0,0,0,0,3,1,6,1,4,-1,-1,-1,6,3
2013120106541,2,9,0,18,0,0,0,0,0,0,3,1,6,2,8,1390,1,13,4,1
2013120106541,3,19,0,2,0,0,0,0,0,0,3,1,6,3,-1,-1,-1,-1,9,1
2013120106576,1,1,0,18,0,1,0,0,0,0,2,1,6,1,6,-1,-1,-1,3,1
2013120106576,2,9,0,18,0,1,0,0,0,0,1,1,6,3,-1,-1,-1,-1,-1,-1
2013120106580,1,9,0,12,0,0,0,0,4,0,2,1,6,1,9,1399,1,3,9,1
2013120106580,2,9,0,12,0,0,2,0,1,11,1,1,6,1,7,1968,2,2,10,1
2013120106592,1,9,0,5,0,6,0,0,0,0,3,1,6,1,11,1339,1,3,9,2
2013120106592,2,9,0,18,0,8,0,0,4,6,1,1,6,1,6,1796,1,5,9,1
2013120106711,1,9,0,9,0,6,0,0,0,0,3,1,6,1,4,999,1,14,5,1
2013120106711,2,5,0,14,0,1,1,0,0,0,1,1,6,1,5,-1,-1,-1,9,1
2013120107197,1,9,0,3,0,0,0,0,0,0,2,1,6,2,7,2495,2,12,8,1
2013120107197,2,9,0,18,0,0,1,0,0,0,1,1,6,2,7,1242,1,16,5,1
2013120107284,1,5,0,17,0,1,0,10,1,11,1,1,6,2,8,599,1,5,9,1
2013120107327,1,9,0,16,0,0,0,0,7,10,1,1,6,2,5,1199,1,10,5,3
2013120107377,1,5,0,16,0,0,1,0,7,4,1,1,6,1,5,600,1,13,2,1
2013120107483,1,8,0,7,0,5,0,0,0,0,4,1,1,1,-1,-1,-1,-1,-1,-1
2013120107483,2,1,0,18,0,1,0,0,0,0,1,1,2,1,4,-1,-1,-1,4,1
2013120107646,1,3,0,18,0,8,1,12,0,0,1,1,2,1,6,124,1,3,4,1
2013120107724,1,19,0,17,0,0,1,0,0,0,1,1,2,1,4,2148,2,5,7,3
2013120107724,2,9,0,16,0,0,0,0,0,0,1,1,2,2,4,-1,-1,-1,7,3
2013120107763,1,21,0,17,0,0,2,0,7,10,1,1,1,1,7,3920,2,8,3,1
2013120107842,1,9,0,18,0,0,0,0,0,0,2,1,2,2,8,1997,2,9,4,3
2013120107842,2,5,5,18,0,0,0,0,0,0,1,1,6,1,8,-1,-1,-1,-1,-1
2013120107842,3,5,0,18,0,0,0,0,0,0,1,1,6,2,8,-1,-1,-1,-1,-1
2013120107939,1,9,0,16,0,0,0,0,0,0,1,1,6,1,5,2324,1,11,8,3
2013120107939,2,1,0,17,0,0,0,0,0,0,1,1,6,2,7,-1,-1,-1,1,1
2013120107939,3,1,0,17,0,0,0,0,0,0,1,1,6,2,8,-1,-1,-1,5,1
2013120107978,1,9,0,9,0,6,0,0,0,0,1,1,2,1,9,1598,1,11,1,1
2013120107978,2,9,0,18,0,8,0,0,7,0,4,1,6,2,7,-1,-1,-1,7,3
2013120108074,1,9,0,17,0,0,0,0,0,0,1,1,6,2,10,-1,-1,-1,8,2
2013120108416,1,1,0,18,0,0,1,0,0,0,4,1,6,1,9,-1,-1,-1,4,2
2013120108528,1,2,0,7,0,8,0,0,0,0,1,1,6,1,4,49,1,12,6,3
2013120108528,2,17,0,4,0,1,0,0,0,0,1,1,1,1,7,6788,2,2,7,3
2013120108543,1,9,0,18,0,0,0,4,0,0,2,1,6,1,-1,1124,1,16,7,1
2013120108543,2,9,0,2,0,0,0,0,0,0,1,1,6,1,6,1560,2,2,4,1
2013120108688,1,9,0,4,0,0,0,0,0,0,1,1,6,1,4,1198,1,8,8,3
2013120108688,2,9,0,4,0,0,0,0,0,0,2,1,6,1,7,1396,1,12,5,1
2013120108688,3,9,0,4,0,0,0,0,0,0,2,1,6,2,6,1598,1,4,1,1
2013120108784,1,9,0,18,0,1,0,0,0,0,1,1,6,1,-1,2967,1,10,-1,-1
2013120108784,2,1,0,3,0,1,0,0,0,0,2,1,6,2,6,-1,-1,-1,2,1
2013120108918,1,9,0,17,0,0,5,0,1,11,1,1,2,1,6,1242,1,9,10,2
2013120108921,1,1,0,9,0,4,0,0,0,0,4,1,6,1,4,-1,-1,-1,8,1
2013120108921,2,9,0,5,0,4,0,0,0,0,1,1,6,1,4,1248,2,10,8,1
2013120109182,1,1,0,15,4,1,0,0,0,0,1,1,2,1,7,-1,-1,-1,9,1
2013120109182,2,9,0,7,0,1,0,0,0,0,4,1,6,1,7,-1,-1,-1,10,2
2013120109183,1,9,0,14,0,0,0,0,0,0,1,1,1,2,6,1598,2,2,5,1
2013120109292,1,9,0,9,0,8,0,0,3,0,3,1,6,2,9,1339,1,2,-1,-1
2013120109292,2,9,0,18,0,8,0,0,0,0,1,1,6,1,5,1198,1,7,8,3
2013120109313,1,3,0,18,0,0,1,0,0,0,4,1,1,1,8,124,1,2,7,1
2013120109377,1,9,0,4,0,0,0,0,0,0,1,1,6,1,8,1685,2,1,-1,-1
2013120109619,1,9,0,18,0,1,0,0,0,0,1,1,1,2,5,2993,2,8,8,2
2013120109751,1,9,0,18,0,0,0,0,0,0,3,1,6,1,11,1339,1,-1,4,2
2013120109751,2,9,0,18,0,0,0,0,0,0,3,1,6,1,9,2967,2,1,7,3
2013120109751,3,9,0,18,0,0,0,0,0,0,3,1,6,2,11,1329,1,4,10,1
2013120109751,4,9,0,18,0,0,0,0,1,0,3,1,6,2,10,1229,1,1,7,3
2013120109751,5,9,0,18,0,0,0,0,0,0,1,1,6,2,11,1299,1,12,7,3
2013120109775,1,9,0,18,0,8,0,0,0,0,4,1,6,2,7,1149,1,9,7,1
2013120109775,2,9,0,18,0,8,0,0,0,0,1,1,2,1,10,1390,1,3,8,3
2013120109821,1,1,0,17,0,0,1,0,1,0,1,1,1,1,6,-1,-1,-1,9,3
2013120109893,1,1,0,5,0,4,0,0,0,0,2,1,6,1,7,-1,-1,-1,3,1
2013120109893,2,19,0,18,0,4,0,0,0,0,1,1,6,1,-1,-1,-1,-1,-1,-1
2013120109965,1,9,0,13,0,0,2,0,0,0,1,1,2,1,4,2495,2,15,6,3
2013120110034,1,19,0,1,0,8,0,0,0,0,2,1,6,1,8,-1,-1,-1,4,2
2013120110093,1,9,0,18,0,1,0,0,0,0,1,1,6,1,11,1596,1,9,-1,-1
2013120110093,2,9,0,18,0,8,0,0,0,0,3,1,6,1,7,1783,1,12,8,3
2013120110221,1,5,0,18,0,4,0,0,0,0,0,1,1,1,7,600,1,10,6,1
2013120110481,1,9,0,18,0,1,0,0,0,0,1,1,6,1,4,973,1,11,5,1
2013120110481,2,9,0,18,0,1,0,0,0,0,2,1,6,2,10,1390,1,2,10,1
2013120110492,1,9,0,18,0,1,0,0,0,0,1,1,6,1,11,1896,2,4,4,1
2013120110492,2,9,0,18,0,1,0,0,0,0,1,1,6,1,8,1796,1,5,-1,-1
2013120110492,3,20,0,2,0,1,0,0,0,0,1,1,6,3,-1,-1,-1,-1,-1,-1
2013120110580,1,9,0,16,0,0,0,0,0,0,0,1,6,2,-1,-1,-1,-1,-1,-1
2013120110580,2,10,0,17,0,0,0,0,1,10,1,1,1,1,6,2402,2,8,3,2
2013120110654,1,9,0,13,0,0,1,0,0,0,1,1,6,1,7,998,1,17,1,1
2013120110654,2,9,0,18,0,0,0,0,0,0,1,1,6,2,8,1998,1,6,10,1
2013120110654,3,9,0,18,0,0,0,0,0,0,0,1,6,3,-1,-1,-1,-1,-1,-1
2013120110660,1,9,0,18,0,1,0,0,0,0,1,1,6,2,6,1598,1,-1,6,1
2013120110660,2,5,0,8,0,1,0,0,0,0,2,1,6,1,8,748,1,19,9,3
2013120110660,3,9,0,18,0,1,0,0,0,0,0,1,6,3,-1,-1,-1,-1,-1,-1
2013120111003,1,9,0,9,0,1,0,0,0,0,3,1,6,1,8,1997,1,12,6,1
2013120111003,2,1,0,18,0,1,0,0,0,0,1,1,6,1,8,-1,-1,-1,6,1
2013120111106,1,9,0,9,0,5,0,0,0,0,1,1,6,2,7,2993,2,2,5,3
2013120111106,2,9,0,18,0,1,0,0,1,0,3,1,6,2,11,1796,1,9,8,1
2013120111250,1,9,0,4,0,0,0,0,0,0,1,1,6,1,8,-1,-1,-1,1,1
2013120111250,2,9,0,4,0,0,0,0,0,0,2,1,6,1,5,1299,1,6,-1,-1
2013120111250,3,9,0,4,0,0,0,0,0,0,2,1,6,1,7,1753,2,5,9,1
2013120111463,1,9,0,7,9,8,0,0,0,0,0,1,6,2,9,1997,1,12,10,1
2013120111463,2,1,0,18,9,8,0,0,0,0,0,1,6,2,7,-1,-1,-1,8,1
2013120111467,1,9,0,9,0,8,0,0,0,0,1,1,6,1,6,1560,2,-1,5,3
2013120111467,2,9,0,18,0,1,0,0,0,0,1,1,6,1,6,1896,2,11,4,1
2013120111661,1,5,0,7,0,3,0,10,1,0,4,1,6,1,7,498,1,12,7,1
2013120111765,1,9,0,18,0,0,0,0,0,0,1,1,1,1,6,1598,1,12,5,1
2013120111770,1,17,4,18,0,0,3,10,7,10,1,1,1,1,6,-1,2,4,6,3
2013120111841,1,9,0,18,0,8,0,0,0,0,1,1,1,2,8,1598,1,5,6,3
2013120111841,2,1,0,9,0,8,1,0,0,0,2,1,6,1,7,-1,-1,-1,6,1
2013120111933,1,5,0,18,0,4,0,0,0,0,2,1,6,1,8,1600,1,12,4,1
2013120111933,2,5,0,3,0,4,0,0,0,0,1,1,6,1,9,1585,1,3,1,1
2013120111944,1,1,0,18,0,0,0,0,0,0,1,1,6,1,8,-1,-1,-1,9,1
2013120111944,2,1,0,18,0,0,0,0,0,0,1,1,6,1,5,-1,-1,-1,9,2
2013120111986,1,3,0,4,0,1,1,0,0,0,1,1,6,1,7,124,1,4,-1,-1
2013120111986,2,9,0,4,0,1,0,0,0,0,2,1,6,2,7,2902,2,5,4,1
2013120112004,1,9,0,9,0,1,0,0,0,0,1,1,6,2,6,998,1,-1,4,1
2013120112004,2,3,0,18,0,1,0,0,0,0,1,1,6,1,9,243,1,36,10,2
2013120112031,1,1,0,18,0,0,0,11,1,0,0,1,6,1,8,-1,-1,-1,10,2
2013120112049,1,9,0,18,0,0,0,0,7,10,3,1,6,1,4,1796,1,7,2,1
2013120112080,1,8,0,13,0,0,0,0,0,0,0,1,1,1,7,1896,2,3,1,1
2013120112080,2,1,0,18,0,0,0,0,0,0,0,1,6,1,4,-1,-1,-1,1,1
2013120112080,3,1,0,18,0,0,0,0,0,0,0,1,6,1,4,-1,-1,-1,1,1
2013120112126,1,9,0,18,0,8,0,0,0,0,4,1,6,1,7,1968,2,5,6,1
2013120112126,2,1,0,18,9,6,0,0,0,0,1,1,6,1,2,-1,-1,-1,5,1
2013120112146,1,5,0,16,0,0,1,0,7,0,4,1,6,1,8,-1,-1,-1,4,1
2013120112164,1,9,0,13,0,0,0,0,0,0,2,1,6,1,9,1560,2,6,5,1
2013120112164,2,5,0,13,0,0,1,0,0,0,1,1,6,1,7,998,1,5,5,1
2013120112358,1,1,0,18,4,8,0,0,0,0,0,1,6,2,4,-1,-1,-1,3,1
2013120112468,1,9,0,18,0,8,0,0,0,0,1,1,6,2,7,1560,2,1,8,3
2013120112543,1,21,0,9,0,6,1,0,0,0,1,1,1,1,7,-1,2,10,2,1
2013120112543,2,9,0,18,0,1,0,0,1,4,4,1,2,2,8,1968,2,4,6,3
2013120112611,1,9,0,16,0,0,2,0,1,11,1,1,2,2,7,1590,1,13,8,1
2013120112651,1,9,0,9,0,8,0,0,0,0,4,1,6,1,10,995,1,5,-1,-1
2013120112651,2,5,0,18,0,1,0,0,0,0,1,1,6,1,9,-1,-1,-1,-1,-1
2013120112695,1,11,0,2,0,0,0,0,0,0,0,1,1,1,8,-1,-1,-1,8,1
2013120112695,2,22,0,18,9,0,5,0,0,0,0,1,6,2,8,-1,-1,-1,7,2
2013120112698,1,9,0,5,0,8,0,0,0,0,1,1,6,2,6,1794,1,7,6,1
2013120112698,2,1,0,18,0,8,1,0,0,0,3,1,6,2,6,-1,-1,-1,6,1
2013120112753,1,21,0,17,0,3,5,0,0,0,4,1,1,1,10,11021,2,10,9,2
2013120112882,1,9,0,5,0,0,0,0,0,0,1,1,6,2,4,1493,2,6,7,3
2013120112882,2,9,0,18,0,0,5,0,0,0,4,1,6,2,6,1149,1,6,7,3
2013120113168,1,90,0,7,0,3,0,0,0,0,1,1,1,1,5,2987,2,3,6,1
2013120113168,2,1,0,18,4,8,0,10,1,0,2,1,2,2,7,-1,-1,-1,4,1
2013120113186,1,5,0,9,0,6,0,0,0,0,2,1,6,1,7,1284,1,5,10,1
2013120113186,2,9,0,18,0,1,0,0,0,0,1,1,6,1,9,1598,1,9,3,1
2013120113336,1,9,0,2,0,1,0,0,0,0,1,1,1,1,10,1124,1,7,5,1
2013120113336,2,9,0,5,0,1,0,0,0,0,3,1,6,1,10,1397,1,5,6,1
2013120113392,1,9,0,18,0,0,0,0,1,0,1,1,6,1,7,1598,2,2,-1,3
2013120113392,2,9,0,18,0,0,0,0,1,0,2,1,6,1,10,1341,1,9,-1,1
2013120113409,1,1,0,18,0,0,0,0,0,0,0,1,6,1,9,-1,-1,-1,9,3
2013120113681,1,8,0,7,0,5,0,0,0,0,1,1,1,1,7,2902,2,8,-1,-1
2013120113681,2,1,0,18,4,1,0,0,0,0,3,1,6,2,4,-1,-1,-1,9,3
2013120114082,1,1,0,18,0,0,0,0,0,0,1,1,6,1,6,-1,-1,-1,1,1
2013120114089,1,9,0,7,0,5,1,0,3,1,1,1,6,1,5,1149,1,12,9,1
2013120114142,1,1,0,18,0,8,0,0,0,0,2,1,6,1,9,-1,-1,-1,9,1
2013120114142,2,1,0,18,0,8,0,0,0,0,1,1,6,1,10,-1,-1,-1,8,3
2013120114142,3,1,0,18,0,8,0,0,0,0,1,1,6,1,10,-1,-1,-1,5,1
2013120114142,4,1,0,18,0,8,0,0,0,0,1,1,6,1,10,-1,-1,-1,6,3
2013120114147,1,90,0,18,0,0,0,0,0,0,4,1,6,1,10,2800,2,10,10,2
2013120114172,1,9,0,18,0,0,1,0,7,9,1,1,6,1,9,1870,2,9,2,1
2013120114172,2,9,0,13,0,0,0,0,0,0,0,1,6,3,-1,-1,-1,-1,-1,-1
2013120114218,1,9,0,18,0,0,0,0,0,0,1,1,6,1,7,1968,2,3,10,3
2013120114218,2,9,0,18,0,0,0,0,0,0,1,1,6,2,10,1248,2,8,10,1
2013120114269,1,9,0,5,0,6,0,0,0,0,0,1,6,3,-1,-1,-1,-1,-1,-1
2013120114269,2,9,0,4,0,8,0,0,0,0,2,1,6,1,9,1398,2,1,5,1
2013120114269,3,19,0,18,0,8,0,0,0,0,1,1,1,1,6,2998,2,3,9,1
2013120114269,4,9,0,18,0,8,0,0,0,0,1,1,6,1,6,1686,2,4,2,1
2013120114283,1,9,0,5,0,1,0,0,0,0,4,1,6,2,6,2967,2,6,2,1
2013120114283,2,1,0,4,0,1,0,0,0,0,1,1,6,2,2,-1,-1,-1,6,1
2013120114403,1,5,0,16,0,0,1,0,7,10,1,1,6,1,6,988,1,9,2,1
2013120114405,1,9,0,16,0,8,0,0,7,11,1,1,6,1,4,1124,1,9,8,2
2013120114405,2,17,0,2,0,1,0,0,0,0,4,1,1,1,6,6728,2,1,6,3
2013120114405,3,9,0,17,0,8,0,0,0,0,0,1,6,3,-1,-1,-1,-1,-1,-1
2013120114526,1,11,0,5,0,0,0,0,0,0,0,1,1,1,8,9360,2,6,2,1
2013120114526,2,1,5,13,0,0,0,0,0,0,0,1,6,3,-1,-1,-1,-1,-1,-1
2013120114536,1,9,0,16,0,0,0,0,0,0,3,1,6,3,-1,-1,-1,-1,-1,-1
2013120114536,2,9,0,17,0,0,0,0,0,0,3,1,6,1,6,1299,1,16,9,2
2013120114628,1,9,0,18,0,0,0,0,0,0,2,1,1,2,8,1582,2,1,7,3
2013120114628,2,9,0,18,0,0,0,0,0,0,1,1,6,1,5,1299,1,12,9,3
2013120114628,3,19,0,18,0,0,0,0,0,0,1,1,1,1,7,2198,2,6,1,1
2013120114678,1,19,0,9,0,8,0,0,0,0,3,1,2,1,5,2494,2,15,-1,-1
2013120114678,2,3,0,16,0,8,1,0,1,0,1,1,6,1,4,125,1,3,6,3
2013120114693,1,9,0,18,0,1,0,0,0,0,4,1,6,1,10,1598,2,2,7,2
2013120114693,2,9,0,8,0,1,0,0,0,0,1,1,6,2,11,1242,1,6,8,3
2013120114893,1,22,0,18,0,8,0,0,0,0,0,1,6,1,10,-1,-1,-1,9,1
2013120115002,1,9,0,17,0,0,0,0,7,11,1,1,6,1,7,1749,1,12,8,1
2013120115007,1,1,0,18,0,0,0,0,0,0,0,1,6,1,4,-1,-1,-1,10,1
2013120115022,1,17,0,4,0,0,0,0,0,0,1,1,1,1,6,-1,-1,-1,6,3
2013120115022,2,17,4,3,0,0,0,0,0,0,0,1,1,1,6,-1,2,1,7,3
2013120115067,1,9,0,14,0,0,0,0,0,0,0,1,6,2,9,1198,1,3,8,3
2013120115067,2,1,0,18,0,0,0,0,1,0,0,1,6,2,7,-1,-1,-1,10,1
2013120115067,3,9,0,2,0,0,0,0,0,0,0,1,6,1,10,1797,8,3,8,2
2013120115250,1,5,0,18,0,8,0,12,0,0,1,1,2,1,9,650,1,15,3,2
2013120115306,1,9,0,4,0,0,0,0,0,0,2,1,2,1,7,2143,2,1,8,2
2013120115306,2,9,0,4,0,0,0,0,0,0,1,1,3,2,4,1299,1,9,8,2
2013120115385,1,9,0,2,0,0,0,0,0,0,3,1,6,1,8,-1,-1,-1,-1,-1
2013120115385,2,1,0,18,5,0,0,0,0,0,1,1,2,1,6,-1,-1,-1,5,1