Accident_Index,Vehicle_Reference,Vehicle_Type,Towing_and_Articulation,Vehicle_Manoeuvre,Vehicle_Location-Restricted_Lane,Junction_Location,Skidding_and_Overturning,Hit_Object_in_Carriageway,Vehicle_Leaving_Carriageway,Hit_Object_off_Carriageway,1st_Point_of_Impact,Was_Vehicle_Left_Hand_Drive?,Journey_Purpose_of_Driver,Sex_of_Driver,Age_Band_of_Driver,Engine_Capacity_(CC),Propulsion_Code,Age_of_Vehicle,Driver_IMD_Decile,Driver_Home_Area_Type
2013120115438,1,3,0,18,0,1,1,0,0,0,4,1,2,1,4,124,1,2,8,2
2013120115438,2,17,0,10,0,6,0,0,0,0,0,1,6,1,8,4525,2,1,8,3
2013120115438,3,9,0,18,0,1,0,0,0,0,3,1,1,1,9,1596,1,2,3,1
2013120115441,1,19,0,9,0,6,0,0,0,0,1,1,1,1,6,2402,2,3,1,1
2013120115441,2,9,0,7,0,5,0,0,0,0,0,1,6,3,-1,-1,-1,-1,-1,-1
2013120115441,3,9,0,18,0,8,0,0,0,0,1,1,6,2,10,1242,1,10,8,3
2013120115716,1,9,0,9,0,6,0,0,0,0,1,1,6,1,7,-1,-1,-1,8,3
2013120115716,2,5,0,18,0,1,0,0,0,0,4,1,6,1,4,599,1,11,8,3
2013120115723,1,9,0,16,0,8,0,0,0,0,1,1,6,2,6,1242,1,9,1,1
2013120115723,2,9,0,17,0,8,0,0,0,0,3,1,6,1,6,-1,-1,-1,4,2
2013120115761,1,5,0,17,0,0,0,0,1,9,1,1,6,1,5,599,1,15,3,1
2013120115785,1,19,0,9,0,6,0,0,0,0,3,1,1,1,7,2477,2,7,6,1
2013120115785,2,9,0,18,0,8,1,0,0,0,1,1,6,1,7,1242,1,5,8,3
2013120115820,1,5,0,18,0,3,1,0,0,0,1,1,6,1,7,1203,1,9,8,1
2013120115889,1,9,0,16,0,0,0,0,0,0,1,1,6,1,7,3600,1,9,8,3
2013120115889,2,17,0,18,0,0,0,0,0,0,1,1,1,1,8,-1,2,10,9,3
2013120115964,1,9,0,9,0,8,0,0,0,0,1,1,6,1,5,1560,2,-1,9,2
2013120115964,2,8,0,18,0,8,0,0,1,7,1,1,1,1,8,1753,2,6,4,1
2013120116235,1,5,0,16,0,0,1,0,7,11,4,1,6,1,6,1002,1,19,3,2
2013120116363,1,9,0,13,0,8,0,0,0,0,3,1,6,2,6,1242,1,16,5,1
2013120116363,2,9,0,18,0,8,0,0,0,0,1,1,6,2,4,973,1,15,8,1
2013120116363,3,3,0,14,0,8,0,0,0,0,4,1,6,1,6,125,1,3,10,1
2013120116392,1,5,0,18,0,0,0,0,0,0,4,1,6,1,7,998,1,14,7,1
2013120116405,1,1,0,18,0,0,0,0,0,0,2,1,6,1,7,-1,-1,-1,4,1
2013120116405,2,9,0,18,0,0,0,0,0,0,1,1,6,2,5,1349,1,2,6,1
2013120116405,3,9,0,18,0,0,0,0,4,6,4,1,6,1,6,1397,1,3,10,3
2013120116526,1,9,0,17,0,0,0,0,0,0,2,1,6,2,8,1997,2,9,-1,-1
2013120116526,2,9,0,17,0,0,0,0,0,0,1,1,6,1,5,1396,1,14,8,3
2013120116526,3,17,0,7,0,0,0,0,0,0,0,1,6,3,-1,-1,-1,-1,-1,-1
2013120116590,1,9,0,9,0,8,0,0,0,0,1,1,6,1,-1,1968,2,3,-1,-1
2013120116655,1,9,0,17,0,0,1,0,7,4,1,1,2,1,6,1149,1,11,9,3
2013120116655,2,9,0,16,0,0,0,0,0,0,1,1,6,2,10,1997,2,5,6,3
2013120116783,1,9,0,14,0,0,5,0,6,6,1,1,6,1,5,1242,1,9,6,1
2013120116783,2,21,1,18,0,0,0,0,0,0,3,1,1,1,6,12740,2,3,-1,-1
2013120116801,1,5,0,17,0,0,1,0,2,10,4,1,6,2,7,1050,1,6,8,1
2013120117024,1,1,0,18,0,3,0,0,0,0,3,1,6,1,9,-1,-1,-1,8,1
2013120117024,2,9,0,9,0,4,0,0,0,0,4,1,6,1,8,1398,1,8,4,1
2013120117056,1,5,0,17,0,0,0,0,2,4,4,1,6,1,6,599,1,6,8,1
2013120117124,1,9,0,10,0,1,0,0,0,0,2,1,6,1,7,1910,2,7,1,1
2013120117124,2,9,0,18,0,1,0,0,0,0,1,1,6,1,5,1332,1,15,7,3
2013120117143,1,5,0,17,0,0,1,0,1,11,1,1,6,1,8,599,1,6,3,1
2013120117207,1,1,0,18,0,1,0,0,0,0,2,1,6,1,4,-1,-1,-1,2,1
2013120117207,2,9,0,18,0,1,0,0,0,0,1,1,6,3,-1,-1,-1,-1,-1,-1
2013120117233,1,19,0,1,0,1,0,0,0,0,2,1,6,1,9,2402,2,10,5,1
2013120117233,2,5,0,3,0,1,0,0,0,0,1,1,6,1,8,598,1,20,8,3
2013120117262,1,9,0,18,0,8,0,0,0,0,3,1,6,2,7,1341,1,12,10,1
2013120117262,2,2,0,18,0,8,0,0,0,0,4,1,6,1,4,49,1,7,2,1
2013120117279,1,9,0,18,0,0,1,0,1,9,1,1,6,1,6,2400,2,1,10,2
2013120117365,1,9,0,18,0,0,0,0,1,9,3,1,1,2,8,-1,-1,-1,8,3
2013120117365,2,21,1,18,0,0,0,0,0,0,3,1,1,1,8,-1,-1,-1,9,3
2013120117378,1,5,0,16,0,2,1,0,0,0,4,1,6,1,6,636,1,11,2,1
2013120117383,1,9,0,1,0,6,0,0,0,0,4,1,6,1,6,1599,1,11,8,1
2013120117383,2,1,0,18,0,1,0,0,0,0,1,1,6,1,8,-1,-1,-1,9,1
2013120117440,1,9,0,18,0,1,0,0,0,0,1,1,6,2,8,1390,1,10,8,1
2013120117440,2,9,0,9,0,1,0,0,0,0,1,1,2,1,9,1997,2,12,8,2
2013120117539,1,3,0,18,0,0,1,0,0,0,0,1,2,1,4,124,1,1,8,2
2013120117647,1,9,0,17,0,0,2,0,8,11,3,1,6,1,9,1248,1,3,9,2
2013120117763,1,9,0,9,0,8,1,0,0,0,1,1,6,1,10,1998,1,16,10,1
2013120117763,2,21,0,18,0,8,0,0,0,0,1,1,1,1,8,-1,2,9,6,3
2013120117888,1,9,0,13,0,8,0,0,0,0,4,1,6,1,8,-1,-1,-1,4,3
2013120117888,2,90,0,17,0,8,0,0,0,0,1,1,1,1,6,-1,-1,-1,8,1
2013120118001,1,9,0,18,0,0,0,0,0,0,1,1,6,1,8,1596,1,-1,-1,1
2013120118001,2,21,1,18,0,0,0,0,0,0,2,1,1,1,6,11967,2,3,4,2
2013120118141,1,9,0,18,0,1,0,0,0,0,1,1,6,2,-1,-1,-1,-1,-1,-1
2013120118169,1,5,0,17,0,0,1,0,2,10,4,1,6,1,9,1092,1,21,5,3
2013120118441,1,9,0,4,0,1,0,0,0,0,4,1,2,2,6,1299,1,10,4,3
2013120118458,1,21,0,18,0,0,0,0,0,0,0,1,6,3,-1,-1,-1,-1,-1,-1
2013120118458,2,1,0,18,0,0,0,0,0,0,0,1,2,1,10,-1,-1,-1,7,3
2013120118493,1,9,0,9,0,5,0,0,0,0,4,1,6,1,5,1686,2,13,7,3
2013120118493,2,5,0,18,0,8,0,0,0,0,1,1,6,1,8,1157,1,7,7,1
2013120118562,1,9,0,3,0,0,0,0,0,0,2,1,1,2,5,1686,2,11,-1,-1
2013120118562,2,9,0,3,0,0,0,0,0,0,2,1,1,1,7,1685,2,1,9,3
2013120118562,3,9,0,3,0,0,0,0,0,0,2,1,1,2,6,1329,1,4,6,1
2013120118562,4,9,0,3,0,0,0,0,0,0,2,1,1,2,8,-1,-1,-1,7,1
2013120118562,5,9,0,4,0,0,0,0,0,0,1,1,1,2,6,1396,1,5,10,2
2013120118562,6,9,0,4,0,0,0,0,0,0,1,1,1,1,8,1560,2,5,5,2
2013120118598,1,11,0,18,0,0,0,0,0,0,0,1,1,1,7,7300,2,11,6,1
2013120118734,1,5,0,9,0,6,0,0,1,0,4,1,6,1,9,800,1,-1,-1,-1
2013120118783,1,5,0,17,0,0,0,0,1,10,1,1,6,1,8,675,1,7,-1,-1
2013120118845,1,8,0,4,0,1,0,0,0,0,1,1,1,1,7,-1,-1,-1,10,2
2013120119171,1,9,0,18,0,4,0,0,0,0,1,1,1,1,9,-1,-1,-1,6,3
2013120119171,2,1,0,18,0,8,0,0,1,0,2,1,1,2,8,-1,-1,-1,1,1
2013120119301,1,9,0,18,0,0,1,0,1,0,1,1,1,1,9,-1,-1,-1,6,1
2013120119301,2,19,0,4,0,0,0,0,0,0,2,1,1,1,7,1870,2,10,2,1
2013120119301,3,9,0,18,0,0,0,0,0,0,0,1,1,1,6,2967,2,3,9,1
2013120119301,4,9,0,4,0,0,0,0,0,0,0,1,6,3,-1,-1,-1,-1,-1,-1
2013120119308,1,9,0,5,0,4,0,0,0,0,1,1,6,1,10,1586,1,4,6,3
2013120119308,2,1,0,18,0,8,0,0,0,0,4,1,6,1,7,-1,-1,-1,8,3
2013120119346,1,19,0,18,0,8,0,0,0,0,1,1,6,1,8,1968,2,5,6,1
2013120119346,2,9,0,18,0,8,5,0,1,1,2,1,6,2,11,1896,2,13,6,2
2013120119361,1,5,0,6,0,8,0,0,0,0,4,1,6,2,10,865,1,5,-1,-1
2013120119513,1,9,0,4,0,0,0,0,0,0,2,1,6,1,7,1956,2,-1,5,1
2013120119513,2,9,0,4,0,0,0,0,0,0,1,1,6,1,5,1968,2,6,8,1
2013120119604,1,1,0,18,0,2,0,0,1,0,1,1,6,2,6,-1,-1,-1,3,1
2013120119604,2,9,0,7,0,6,0,0,0,0,3,1,6,1,7,1587,1,6,8,1
2013120119788,1,19,0,18,0,0,0,0,0,0,3,1,2,1,7,1997,2,6,6,2
2013120119855,1,9,0,18,0,2,0,0,0,0,4,1,3,2,7,1328,1,9,2,1
2013120119948,1,9,0,18,0,6,0,0,0,0,1,1,6,1,7,1149,1,9,-1,-1
2013120119948,2,1,0,18,4,8,0,0,0,0,4,1,1,1,7,-1,-1,-1,5,1
2013120120067,1,1,0,17,0,8,0,0,0,0,1,1,6,1,7,-1,-1,-1,8,2
2013120120067,2,9,0,5,0,8,0,0,0,0,3,1,2,1,10,1995,2,9,8,2
2013120120203,1,2,0,18,0,0,0,0,0,0,1,1,6,1,4,49,1,12,8,2
2013120120261,1,1,0,18,0,8,0,0,0,0,0,1,2,1,6,-1,-1,-1,6,1
2013120120261,2,9,0,3,0,2,0,0,0,0,0,1,6,2,-1,-1,-1,-1,-1,-1
2013120120374,1,9,0,16,0,0,0,0,0,0,1,1,6,1,7,1461,2,5,5,2
2013120120374,2,9,0,17,0,0,0,0,0,0,1,1,6,1,4,1124,1,10,7,3
2013120120601,1,17,5,18,0,0,0,0,0,0,2,1,1,1,7,-1,2,6,6,2
2013120120601,2,9,0,18,0,0,0,0,0,0,1,1,6,1,9,-1,-1,-1,-1,-1
2013120120674,1,9,0,18,0,0,1,0,5,6,1,1,6,1,6,1590,1,8,9,1
2013120120734,1,9,0,5,0,0,0,0,0,0,1,1,6,1,8,1998,2,7,9,2
2013120120734,2,9,0,2,0,0,0,0,0,0,2,1,6,2,9,1598,1,6,6,2
2013120120935,1,9,0,4,0,0,0,0,7,4,1,1,6,2,11,1461,2,3,7,3
2013120120937,1,9,0,17,0,0,2,0,1,11,1,1,6,1,5,1242,1,3,7,2
2013120120974,1,21,0,2,0,0,0,0,0,0,3,1,1,1,8,9186,2,-1,8,3
2013120120974,2,1,0,14,0,0,1,4,7,0,1,1,6,1,8,-1,-1,-1,8,3
2013120121202,1,9,0,9,0,5,0,0,0,0,3,1,6,1,4,1242,1,9,7,3
2013120121202,2,3,0,18,0,1,0,0,0,0,4,1,6,1,4,125,1,7,4,2
2013120121202,3,9,0,18,0,2,0,0,0,0,0,1,6,1,4,1124,1,11,7,3
2013120121492,1,1,0,14,0,1,0,4,0,0,1,1,6,1,8,-1,-1,-1,8,1
2013120121492,2,9,0,2,0,2,0,0,0,0,2,1,6,2,7,1870,2,7,10,1
2013120121546,1,9,0,7,0,8,0,0,0,0,4,1,6,2,9,3000,1,9,-1,-1
2013120121546,2,1,0,15,0,8,0,0,0,0,3,1,6,1,8,-1,-1,-1,8,1
2013120121659,1,9,0,5,0,4,0,0,0,0,4,1,6,1,5,-1,-1,-1,7,2
2013120121742,1,9,0,18,0,0,0,0,0,0,1,1,6,2,9,1360,1,1,9,2
2013120121742,2,9,0,18,0,0,0,0,1,10,3,1,6,2,7,1968,2,-1,7,3
2013120121742,3,9,0,18,0,0,0,0,0,0,1,1,6,2,7,1398,2,4,-1,3
2013120121760,1,9,0,18,0,1,0,0,0,0,1,1,6,2,5,1995,2,9,4,3
2013120121760,2,9,0,10,0,1,0,0,0,0,2,1,6,1,8,1124,1,11,5,1
2013120122183,1,9,0,18,0,0,5,0,1,4,1,1,6,2,7,1598,1,14,8,1
2013120122316,1,4,0,18,0,0,0,0,0,0,3,1,6,1,4,124,1,1,8,1
2013120122477,1,5,0,13,0,1,0,0,1,0,4,1,6,1,7,1340,1,1,9,1
2013120122477,2,9,0,9,0,1,0,0,7,0,3,1,6,1,8,-1,-1,-1,2,2
2013120122492,1,9,0,17,0,0,0,0,0,0,1,1,6,1,9,2993,2,2,9,3
2013120122492,2,1,0,16,0,0,0,0,0,0,1,1,6,1,6,-1,-1,-1,4,1
2013120122609,1,5,0,18,0,2,0,12,7,10,1,1,6,1,8,1340,1,5,1,1
2013120122671,1,19,0,16,0,0,1,0,7,0,4,1,6,1,4,1753,2,9,10,1
2013120122671,2,5,0,18,0,0,0,0,1,0,1,1,6,1,6,748,1,8,6,1
2013120122960,1,5,0,18,0,0,1,0,0,0,1,1,2,1,7,598,1,20,4,1
2013120122960,2,9,0,14,0,0,0,0,0,0,1,1,6,2,8,1328,1,11,7,1
2013120122960,3,9,0,2,0,0,0,0,0,0,3,1,6,2,7,1396,1,11,4,1
2013120123231,1,9,0,10,0,1,0,0,0,0,2,1,6,2,7,1870,2,13,8,2
2013120123231,2,9,0,18,0,1,1,0,0,0,1,1,6,1,4,1199,1,12,10,2
2013120123259,1,9,0,18,0,8,0,0,0,0,1,1,2,1,10,1199,1,11,9,3
2013120123259,2,4,0,18,0,8,0,0,0,0,2,1,6,2,9,400,1,5,7,3
2013120123331,1,9,0,18,0,0,1,0,7,0,4,1,6,2,7,1968,2,1,8,3
2013120123331,2,9,0,18,0,0,1,0,0,0,4,1,6,2,9,1598,1,8,5,1
2013120123595,1,19,0,9,0,6,0,0,0,0,4,1,1,1,7,2151,2,9,2,1
2013120123595,2,3,0,18,0,8,0,0,1,11,3,1,6,1,10,1050,1,-1,4,1
2013120123803,1,9,0,4,0,0,0,0,0,0,1,1,6,2,4,998,1,5,7,1
2013120123803,2,9,0,3,0,0,0,0,0,0,2,1,6,2,7,1360,1,8,9,1
2013120123803,3,9,0,3,0,0,0,0,0,0,0,1,6,1,9,1968,2,1,10,1
2013120123912,1,9,0,13,0,8,0,0,7,10,1,1,6,1,6,1995,2,11,1,1
2013120123912,2,9,0,18,0,8,0,0,1,0,1,1,6,1,7,1896,2,5,7,3
2013120123912,3,1,0,18,0,8,0,0,0,0,3,1,6,2,2,-1,-1,-1,-1,-1
2013120124071,1,9,0,16,0,5,5,0,7,1,1,1,6,2,6,1461,2,1,1,1
2013120124135,1,9,0,9,0,6,0,0,7,0,1,1,2,1,6,1998,2,11,8,3
2013120124135,2,21,0,18,0,8,0,0,0,0,3,1,1,1,9,12900,2,7,2,1
2013120124187,1,5,0,9,0,8,1,0,0,0,0,1,2,1,8,865,1,1,4,1
2013120124187,2,9,0,9,0,8,0,0,0,0,0,1,6,1,-1,-1,-1,-1,-1,-1
2013120124275,1,9,0,18,0,4,0,0,0,0,1,1,6,1,7,-1,-1,-1,3,1
2013120124275,2,9,0,4,0,4,0,0,0,0,2,1,1,2,8,-1,-1,-1,8,2
2013120124340,1,9,0,9,0,8,0,0,0,0,3,1,1,1,10,1997,2,4,7,2
2013120124340,2,21,1,18,0,1,1,0,4,0,1,1,6,1,7,12777,2,7,-1,2
2013120124391,1,9,0,18,0,6,0,0,0,0,1,1,6,1,11,1360,1,4,9,3
2013120124391,2,9,0,18,0,8,5,0,0,0,4,1,6,1,9,1197,1,1,7,1
2013120124492,1,9,0,7,0,5,0,0,0,0,1,1,6,1,6,1984,1,7,1,1
2013120124492,2,4,0,9,0,5,0,0,0,0,1,1,6,1,8,249,1,16,9,2
2013120124540,1,19,0,18,0,6,1,0,0,0,4,1,1,1,6,1461,2,4,-1,-1
2013120124540,2,9,0,18,0,1,0,0,0,0,1,1,6,1,7,2204,2,4,6,3
2013120124552,1,21,0,18,0,0,0,0,0,0,1,1,6,1,6,4461,2,5,10,1
2013120124552,2,9,0,4,0,0,0,0,0,0,2,1,6,1,10,1598,2,2,8,1
2013120124588,1,1,0,18,0,3,0,0,0,0,4,1,6,1,5,-1,-1,-1,10,1
2013120124588,2,9,0,5,0,4,0,0,0,0,4,1,6,1,6,1797,8,2,-1,-1
2013120124589,1,1,0,18,0,0,0,4,0,0,1,1,6,1,8,-1,-1,-1,4,1
2013120124589,2,9,0,2,0,0,0,0,0,0,1,1,6,2,7,1461,2,-1,7,3
2013120125417,1,9,0,18,0,1,2,0,7,11,1,1,6,1,4,2401,2,7,4,1
2013120125429,1,9,0,17,0,0,2,10,1,11,1,1,6,1,4,1199,1,11,2,1
2013120125517,1,9,0,9,0,6,0,0,0,0,1,1,2,1,8,2987,2,6,1,1
2013120125517,2,9,0,18,0,8,0,0,0,0,3,1,6,2,4,1796,1,8,6,1
2013120125786,1,2,0,4,0,8,1,0,0,0,3,1,6,1,9,-1,-1,-1,2,1
2013120125863,1,19,0,1,9,0,0,0,0,0,2,1,6,2,9,1560,2,3,1,1
2013120125885,1,9,0,9,0,8,0,0,0,0,1,1,6,2,6,1997,1,13,5,3
2013120125885,2,8,0,18,0,8,0,0,0,0,1,1,1,2,9,1598,2,1,7,1
2013120125885,3,19,0,9,0,8,0,0,0,0,0,1,6,1,9,2477,2,6,1,1
2013120125911,1,1,0,16,0,0,0,0,0,0,1,1,6,2,3,-1,-1,-1,1,1
2013120125911,2,9,0,17,0,0,0,0,0,0,3,1,6,2,7,1598,2,1,8,3
2013120125919,1,21,0,5,0,0,0,0,0,0,1,1,1,1,7,12900,2,3,3,1
2013120125919,2,3,0,3,0,0,0,0,0,0,2,1,6,1,8,124,1,16,6,2
2013120125961,1,9,0,3,0,0,0,0,0,0,2,1,6,1,6,1229,1,8,3,1
2013120125961,2,9,0,3,0,0,0,0,0,0,2,1,6,1,9,1598,1,8,2,1
2013120125961,3,9,0,4,0,0,0,0,0,0,2,1,6,2,9,1197,1,3,10,2
2013120125961,4,9,0,18,0,0,0,0,0,0,1,1,6,1,5,1242,1,4,7,1
2013120125974,1,9,0,18,0,0,0,0,0,0,4,1,6,1,-1,-1,-1,-1,-1,-1
2013120125974,2,1,0,18,0,0,0,0,0,0,3,1,6,1,4,-1,-1,-1,3,1
2013120125991,1,9,0,9,0,8,0,0,0,0,3,1,2,2,7,1896,2,12,6,3
2013120125991,2,9,0,18,0,8,0,0,0,0,1,1,2,1,8,1368,1,3,4,1
2013120125998,1,9,0,18,0,1,0,0,0,0,4,1,6,2,7,2477,2,8,9,2
2013120125998,2,1,0,18,0,1,0,0,0,0,1,1,6,1,2,-1,-1,-1,8,2
2013120126064,1,9,0,18,0,1,0,0,0,0,1,1,6,1,5,-1,-1,-1,4,1
2013120126064,2,9,0,9,0,6,0,0,0,0,1,1,6,2,6,1798,1,9,1,1
2013120126064,3,9,0,7,0,8,0,0,0,0,1,1,6,2,6,1061,1,9,5,1
2013120126222,1,10,0,18,0,0,0,0,0,0,3,1,1,1,5,2402,2,6,1,1
2013120126222,2,1,0,18,0,0,0,0,0,0,1,1,6,2,7,-1,-1,-1,10,1
2013120126222,3,1,0,18,0,0,0,0,0,0,1,1,6,1,7,-1,-1,-1,10,1
2013120126727,1,1,0,16,0,0,0,0,8,10,1,1,6,2,5,-1,-1,-1,6,1
2013120126840,1,3,0,16,0,0,0,0,7,0,1,1,6,1,5,124,1,8,3,1
2013120126840,2,9,0,17,0,0,0,0,0,0,1,1,6,2,5,1596,1,12,1,1
2013120126856,1,9,0,3,0,0,0,0,0,0,2,1,6,2,6,1984,1,7,6,1
2013120126856,2,9,0,4,0,0,0,0,0,0,0,1,6,3,-1,-1,-1,-1,-1,-1
2013120126952,1,9,0,16,0,0,0,0,1,0,1,1,6,1,7,1360,1,7,10,1
2013120126952,2,5,0,17,0,0,0,0,1,9,3,1,6,1,7,599,1,14,9,1
2013120127118,1,9,0,18,0,8,0,0,0,0,3,1,6,1,11,1560,2,1,8,1
2013120127118,2,5,0,17,0,8,1,0,0,0,1,1,6,1,7,1198,1,1,3,3
2013120127164,1,9,0,17,0,0,1,11,0,0,2,1,1,1,9,2035,1,6,-1,-1
2013120127179,1,9,0,18,0,0,5,0,7,11,1,1,6,1,5,1242,1,4,9,2
2013120127221,1,9,0,18,0,0,2,0,1,0,1,1,6,1,6,1242,1,14,4,1
2013120127221,2,9,0,18,0,0,0,0,7,11,1,1,6,1,6,1398,2,11,9,1
2013120127309,1,8,0,18,0,8,0,0,0,0,1,1,1,1,8,1997,2,3,7,2
2013120127309,2,19,0,18,0,8,0,0,0,0,1,1,1,1,8,2402,2,2,7,3
2013120127424,1,9,0,18,0,0,0,0,0,0,1,1,6,2,5,998,1,3,2,1
2013120127434,1,9,0,18,0,1,1,0,0,0,1,1,6,1,4,998,1,10,9,3
2013120127434,2,9,0,3,0,1,0,0,0,0,2,1,6,1,4,1124,1,11,7,3
2013120127434,3,9,0,10,0,1,0,0,0,0,2,1,6,2,7,2495,1,12,7,1
2013120127443,1,97,0,18,0,0,0,0,0,0,1,1,6,3,-1,-1,-1,-1,-1,-1
2013120127443,2,4,0,18,0,0,0,0,0,0,2,1,6,1,9,125,1,44,1,1
2013120127445,1,9,0,18,0,1,0,0,0,0,1,1,6,1,6,1242,1,5,4,2
2013120127445,2,9,0,5,0,6,0,0,0,0,2,1,6,2,8,3311,8,8,8,2
2013120127491,1,9,0,9,0,6,0,0,0,0,4,1,6,2,11,998,1,18,7,3
2013120127491,2,9,0,18,0,1,0,0,0,0,1,1,6,1,6,1796,1,14,4,1
2013120127510,1,1,0,9,0,6,1,0,0,0,1,1,6,1,4,-1,-1,-1,8,3
2013120127510,2,9,0,18,0,8,0,0,0,0,4,1,6,2,6,1368,1,4,8,2
2013120127659,1,9,0,18,0,8,0,0,0,0,1,1,6,2,5,1339,1,7,3,1
2013120127659,2,1,0,5,0,8,0,0,0,0,1,1,6,1,4,-1,-1,-1,6,2
2013120127707,1,17,4,18,0,0,0,0,0,0,0,1,1,2,6,-1,2,5,7,3
2013120127707,2,1,0,18,0,0,0,0,0,0,1,1,6,1,7,-1,-1,-1,-1,-1
2013120127859,1,5,0,18,0,0,0,0,0,0,1,1,6,1,8,1050,1,6,10,1
2013120127859,2,9,0,18,0,0,0,0,0,0,1,1,6,1,9,1399,2,7,8,1
2013120127992,1,8,0,5,0,6,0,0,0,0,1,1,6,1,9,1998,2,8,9,1
2013120128151,1,9,0,17,0,0,0,0,0,0,1,1,6,1,10,1870,2,11,2,1
2013120128151,2,9,0,16,0,0,0,0,0,0,1,1,6,1,10,1896,2,11,5,1
2013120128342,1,9,0,17,0,0,1,0,2,11,1,1,6,2,5,1997,2,9,6,2
2013120128363,1,9,0,17,0,0,5,0,7,10,3,1,6,2,5,1598,1,5,10,2
2013120128518,1,19,0,9,0,1,0,0,0,0,2,1,6,3,-1,-1,-1,-1,-1,-1
2013120128518,2,1,0,7,0,1,0,0,0,0,1,1,2,1,6,-1,-1,-1,9,1
2013120128518,3,9,0,4,0,1,0,0,0,0,3,1,2,1,8,1910,2,7,3,1
2013120128573,1,1,0,14,0,0,0,0,0,0,2,1,1,1,4,-1,-1,-1,7,1
2013120128573,2,9,0,18,0,0,0,0,0,0,1,1,6,1,11,2999,2,13,3,1
2013120128649,1,9,0,18,0,0,0,0,0,0,1,1,6,2,7,1986,2,6,2,1
2013120128649,2,9,0,4,0,0,0,0,0,0,2,1,6,1,6,1956,2,-1,7,1
2013120128662,1,9,0,18,6,1,0,0,0,0,3,1,6,3,-1,-1,-1,-1,-1,-1
2013120128707,1,9,0,17,0,2,0,0,0,0,1,1,6,1,11,1590,1,14,5,1
2013120128707,2,9,0,3,0,1,0,0,0,0,3,1,6,2,10,1198,1,7,10,1
2013120128707,3,9,0,3,0,1,0,0,0,0,1,1,6,1,10,1686,2,1,4,1
2013120128707,4,9,0,3,0,1,0,0,0,0,1,1,6,2,8,2179,2,1,10,1
2013120128908,1,9,0,17,0,0,5,0,7,11,1,1,6,1,4,1248,2,2,9,2
2013120128919,1,9,0,18,0,0,0,0,0,0,0,1,6,3,-1,-1,-1,-1,-1,-1
2013120128919,2,9,0,18,0,0,1,0,0,0,1,1,6,1,10,1598,1,13,-1,-1
2013120128919,3,9,0,18,0,0,0,0,0,0,2,1,2,2,7,-1,-1,-1,-1,-1
2013120128937,1,9,0,18,0,0,0,0,0,0,2,1,6,1,4,1199,1,12,2,1
2013120129302,1,9,0,17,0,0,2,0,7,4,3,1,6,1,4,1240,1,8,7,3
2013120129466,1,9,0,5,0,0,0,0,0,0,1,1,6,2,6,1731,1,16,6,2
2013120129466,2,9,0,3,0,0,0,0,0,0,2,1,6,2,7,1587,1,5,4,1
2013120129647,1,9,0,4,0,1,0,0,0,0,2,1,2,2,6,-1,-1,-1,-1,-1
2013120129647,2,9,0,18,0,1,0,0,0,0,1,1,2,2,5,-1,-1,-1,9,3
2013120129744,1,9,0,16,0,0,2,0,1,10,3,1,6,1,5,1398,2,-1,-1,1
2013120130192,1,9,0,18,0,0,0,0,0,0,3,1,1,1,5,-1,-1,-1,10,1
2013120130192,2,3,0,18,0,0,0,0,0,0,3,1,1,1,5,124,1,-1,10,1
2013120130288,1,9,0,14,0,1,1,0,0,0,1,1,6,1,5,1390,1,6,1,1
2013120130288,2,9,0,9,0,2,0,0,0,0,3,1,6,1,4,1598,1,5,1,1
2013120130289,1,9,0,11,0,0,0,0,1,11,2,1,6,2,6,1461,2,3,8,2
2013120130289,2,21,1,18,0,0,0,0,0,0,1,1,1,1,8,-1,-1,-1,-1,-1
2013120130391,1,9,0,8,0,1,0,0,0,0,2,1,6,2,10,1242,1,7,6,2
2013120130391,2,9,0,8,0,1,0,0,0,0,1,1,6,1,7,1497,1,11,-1,-1
2013120130395,1,5,0,18,0,0,1,0,0,0,1,1,6,1,8,659,1,-1,8,1
2013120130395,2,9,0,18,0,0,0,0,0,0,1,1,6,2,8,1398,2,4,3,1
2013120130652,1,9,0,18,0,0,5,0,8,11,3,1,6,1,10,-1,-1,-1,7,2
2013120130796,1,9,0,6,0,0,0,0,0,0,3,1,6,2,6,1598,1,10,10,2
2013120130796,2,5,0,13,0,0,0,0,7,10,1,1,6,1,7,1078,1,6,8,1
2013120130839,1,9,4,18,0,0,0,0,0,0,0,1,6,1,9,2495,2,15,7,3
2013120130839,2,9,0,13,0,0,0,11,0,0,4,1,6,1,9,1598,1,6,4,1
2013120130843,1,9,0,18,0,2,0,0,0,0,3,1,1,1,5,2286,1,-1,8,3
2013120130843,2,9,0,18,0,1,0,0,0,0,3,1,1,1,8,1995,2,4,8,3
2013120130936,1,5,0,17,0,0,0,0,1,11,1,1,6,1,9,750,1,14,8,3
2013120130952,1,2,0,17,0,0,1,0,0,0,0,1,6,1,4,-1,-1,-1,9,3
2013120131010,1,9,0,18,0,1,0,0,0,0,1,1,6,2,6,1761,1,13,8,1