Accident_Index,Vehicle_Reference,Vehicle_Type,Towing_and_Articulation,Vehicle_Manoeuvre,Vehicle_Location-Restricted_Lane,Junction_Location,Skidding_and_Overturning,Hit_Object_in_Carriageway,Vehicle_Leaving_Carriageway,Hit_Object_off_Carriageway,1st_Point_of_Impact,Was_Vehicle_Left_Hand_Drive?,Journey_Purpose_of_Driver,Sex_of_Driver,Age_Band_of_Driver,Engine_Capacity_(CC),Propulsion_Code,Age_of_Vehicle,Driver_IMD_Decile,Driver_Home_Area_Type
2013120164911,1,9,0,18,0,6,0,0,0,0,1,1,6,2,11,998,1,11,7,3
2013120164911,2,1,0,9,0,8,0,0,0,0,4,1,6,1,11,-1,-1,-1,8,1
2013120164954,1,5,0,7,0,0,1,0,0,0,4,1,6,1,8,-1,-1,-1,4,2
2013120164980,1,5,0,18,0,1,1,0,0,0,1,1,6,1,10,1250,1,-1,4,1
2013120164980,2,9,0,9,0,1,0,0,0,0,3,1,6,1,6,1598,1,11,2,1
2013120165029,1,5,0,4,0,0,1,0,0,0,4,1,6,1,8,2294,1,4,5,2
2013120165031,1,5,0,16,0,1,1,0,0,0,1,1,6,1,9,998,1,12,1,1
2013120165031,2,17,0,17,0,1,0,0,1,0,0,1,1,1,4,-1,2,-1,7,3
2013120165160,1,9,0,18,0,0,0,0,0,0,4,1,6,1,6,1995,2,7,4,2
2013120165356,1,5,0,13,0,1,1,0,0,0,4,1,6,1,9,652,1,-1,8,3
2013120165356,2,9,0,18,0,1,0,0,0,0,3,1,6,1,8,2387,2,8,9,3
2013120165356,3,9,0,18,0,1,0,0,0,0,0,1,6,3,-1,-1,-1,-1,-1,-1
2013120165564,1,9,0,18,0,0,1,0,0,0,4,1,6,1,8,1905,2,18,7,1
2013120165564,2,9,0,2,6,0,0,0,0,0,3,1,6,1,6,2393,1,14,8,1
2013120165630,1,9,0,18,0,0,0,0,0,0,0,1,6,1,7,1753,2,4,7,1
2013120165630,2,1,0,18,0,0,0,0,0,0,0,1,2,1,7,-1,-1,-1,8,1
2013120165688,1,5,0,18,0,0,1,0,0,0,0,1,6,1,9,885,1,11,2,1
2013120165688,2,9,0,7,0,0,0,0,0,0,0,1,1,2,9,1242,1,1,10,1
2013120165717,1,9,0,18,0,0,1,0,0,0,3,1,6,1,4,1686,2,10,9,2
2013120165717,2,9,0,18,0,0,0,0,0,0,3,1,6,1,5,1497,1,9,4,1
2013120165825,1,9,0,9,0,2,0,0,0,0,0,1,1,2,8,1343,1,10,9,2
2013120165825,2,5,0,18,0,1,0,0,0,0,3,1,1,1,7,-1,-1,-1,1,1
2013120166005,1,19,0,2,5,0,0,0,0,0,3,1,1,1,8,2402,2,8,2,1
2013120166005,2,19,0,18,0,0,0,4,1,0,4,1,1,1,7,2198,2,2,9,1
2013120166329,1,3,0,18,0,0,0,4,0,0,1,1,6,1,6,-1,-1,-1,3,1
2013120166329,2,21,0,2,0,0,0,0,0,0,2,1,6,1,8,5900,2,11,8,3
2013120166348,1,9,0,7,0,5,0,0,0,0,4,1,6,1,8,2993,2,-1,-1,-1
2013120166425,1,9,0,2,2,0,0,0,0,0,3,1,1,1,9,-1,-1,-1,2,1
2013120166425,2,1,0,18,0,0,0,4,0,0,4,1,6,2,7,-1,-1,-1,7,1
2013120166687,1,3,0,18,0,0,1,0,1,0,0,1,1,1,4,124,1,5,6,3
2013120166785,1,9,0,18,0,0,2,0,1,0,1,1,6,1,5,1398,2,9,7,2
2013120167035,1,9,0,7,0,2,0,0,0,0,1,1,6,1,10,1910,2,4,6,2
2013120167035,2,1,0,18,4,8,0,0,0,0,2,1,6,2,8,-1,-1,-1,9,1
2013120167159,1,9,0,18,0,4,0,0,0,0,3,1,6,2,11,1598,2,3,7,1
2013120167159,2,5,0,18,0,8,1,0,0,0,1,1,6,1,10,1261,1,9,6,1
2013120167179,1,9,0,16,0,0,0,0,1,9,1,1,6,2,11,1198,1,1,6,3
2013120167186,1,9,0,9,0,1,0,0,7,0,1,1,6,1,11,1248,2,-1,-1,-1
2013120167186,2,21,0,18,0,1,1,0,1,0,1,1,1,1,10,-1,2,13,8,3
2013120167527,1,9,0,9,0,8,0,0,0,0,4,1,6,1,6,1493,2,7,7,3
2013120167527,2,9,0,18,0,8,0,0,0,0,1,1,6,2,6,1299,1,9,8,3
2013120167750,1,9,0,18,0,1,0,0,0,0,1,1,6,1,6,1995,2,9,1,1
2013120167750,2,9,0,3,0,1,0,0,0,0,2,1,6,1,6,2487,2,13,1,1
2013120167778,1,9,0,18,0,8,5,10,1,0,4,1,1,1,5,1753,2,5,6,2
2013120167778,2,9,0,18,0,8,0,0,0,0,1,1,1,1,8,1598,1,7,10,1
2013120167778,3,9,0,3,0,1,0,0,0,0,0,1,6,3,-1,-1,-1,-1,-1,-1
2013120167844,1,19,0,16,0,0,0,0,0,0,3,1,1,1,7,1968,2,-1,3,1
2013120167844,2,9,0,17,0,0,0,0,1,11,3,1,6,1,10,1995,2,6,8,1
2013120167900,1,5,0,18,0,8,0,0,0,0,0,1,6,1,9,599,1,12,10,1
2013120167900,2,9,0,9,0,5,0,0,0,0,0,1,6,3,-1,-1,-1,-1,-1,-1
2013120167927,1,9,0,3,0,8,0,0,0,0,1,1,2,1,6,-1,-1,-1,5,3
2013120167927,2,9,0,3,0,8,0,0,0,0,2,1,6,2,6,1199,1,10,4,1
2013120167927,3,9,0,3,0,8,0,0,0,0,2,1,6,2,7,1598,2,3,6,3
2013120167927,4,9,0,3,0,8,0,0,0,0,2,1,6,2,7,1598,1,7,7,1
2013120167953,1,9,0,3,0,0,0,0,0,0,0,1,6,3,-1,-1,-1,-1,-1,-1
2013120167953,2,9,0,3,0,0,0,0,0,0,0,1,2,2,4,1598,1,1,7,1
2013120167953,3,9,0,4,0,0,0,0,0,0,2,1,2,2,5,1896,2,9,9,2
2013120167953,4,9,0,18,0,0,0,0,0,0,1,1,2,2,5,-1,-1,-1,7,3
2013120167990,1,9,0,18,0,0,0,0,0,0,3,1,2,1,7,1598,1,5,1,1
2013120167990,2,5,0,18,0,0,1,0,0,0,1,1,6,1,8,1050,1,8,5,1
2013120168283,1,9,0,18,0,0,0,0,0,0,4,1,6,1,5,1368,1,6,8,1
2013120168283,2,9,0,2,0,0,0,0,0,0,3,1,6,3,-1,998,1,-1,6,1
2013120168283,3,9,0,2,0,0,0,0,1,11,4,1,6,3,-1,1390,1,5,6,1
2013120168667,1,9,0,7,0,1,0,0,0,0,0,1,6,1,7,2967,2,6,8,1
2013120168667,2,8,0,3,0,1,0,0,7,0,0,1,6,1,8,1995,2,2,-1,-1
2013120168667,3,19,0,18,0,1,1,0,0,0,1,1,1,1,6,1598,2,1,5,1
2013120168683,1,9,0,9,0,2,1,0,1,4,1,1,6,1,5,1586,1,3,6,1
2013120168714,1,9,0,1,0,0,0,0,0,0,2,1,6,1,9,1390,1,1,6,1
2013120168714,2,9,0,1,0,0,0,0,0,0,2,1,6,2,8,1998,1,11,8,3
2013120168807,1,9,0,18,0,0,0,0,0,0,1,1,6,1,8,2148,2,6,10,1
2013120168807,2,1,0,18,0,0,0,0,0,0,1,1,6,1,4,-1,-1,-1,7,3
2013120169172,1,9,0,18,0,1,0,0,1,11,2,1,1,2,9,1390,1,8,10,1
2013120169172,2,9,0,7,0,1,0,0,0,0,1,1,6,1,11,1332,1,17,8,3
2013120169293,1,9,0,9,0,8,0,0,0,0,4,1,6,1,8,1796,1,6,8,1
2013120169293,2,5,0,18,0,8,0,0,0,0,1,1,6,1,7,997,1,8,9,1
2013120169322,1,5,0,17,0,0,0,0,0,0,1,1,6,1,6,520,1,10,8,1
2013120169322,2,9,0,16,0,0,0,0,0,0,1,1,6,2,7,1360,1,11,3,1
2013120169365,1,9,0,9,0,1,0,0,0,0,1,1,6,1,7,1388,1,9,6,1
2013120169365,2,9,0,9,0,1,0,0,0,0,0,1,6,1,9,1328,1,4,8,1
2013120169365,3,5,0,18,0,1,1,0,7,0,4,1,6,1,8,998,1,-1,9,3
2013120169487,1,5,0,18,0,1,0,0,7,0,1,1,6,1,8,748,1,10,3,2
2013120169487,2,9,0,9,0,8,0,0,0,0,3,1,6,1,9,1686,2,7,-1,-1
2013120169692,1,9,0,9,0,6,0,0,0,0,1,1,6,1,8,2204,2,9,8,3
2013120169692,2,9,0,18,0,8,0,0,0,0,4,1,6,1,10,1995,2,8,9,1
2013120169702,1,9,0,16,0,0,1,0,0,0,1,1,6,2,8,1968,2,4,8,2
2013120169702,2,9,0,17,0,0,1,0,0,0,1,1,6,2,7,1199,1,11,7,3
2013120169810,1,9,0,17,0,8,0,0,0,0,1,1,1,2,7,2987,2,7,9,1
2013120169810,2,9,0,17,0,8,0,0,0,0,2,1,6,1,7,-1,-1,-1,4,1
2013120169906,1,1,0,18,9,0,0,0,0,0,0,1,6,1,8,-1,-1,-1,1,1
2013120169930,1,9,0,18,0,8,0,0,0,0,1,1,6,2,6,1242,1,5,-1,3
2013120169930,2,9,0,18,0,8,2,0,1,0,3,1,6,1,8,1461,2,1,-1,1
2013120169930,3,9,0,18,0,8,0,0,1,0,1,1,6,2,8,1461,2,8,9,1
2013120170039,1,9,0,18,0,0,0,0,0,0,1,1,6,2,-1,-1,-1,-1,-1,-1
2013120170042,1,9,0,9,0,5,0,0,0,0,4,1,6,2,8,1796,1,8,4,1
2013120170042,2,9,0,7,0,5,0,0,1,7,3,1,6,1,8,1998,2,6,4,1
2013120170126,1,9,0,16,0,0,1,0,1,3,1,1,6,1,6,1997,1,11,-1,1
2013120170351,1,9,0,8,0,1,0,0,0,0,1,1,2,1,5,1198,1,9,4,1
2013120170351,2,9,0,4,0,1,0,0,0,0,2,1,6,1,8,1560,2,1,1,1
2013120170399,1,9,0,16,0,2,1,0,0,0,1,1,1,1,6,2495,2,15,8,3
2013120170399,2,19,0,17,0,1,0,0,0,0,1,1,1,1,8,1753,2,6,6,1
2013120170613,1,1,0,18,4,0,0,0,0,0,3,1,6,1,7,-1,-1,-1,9,1
2013120170613,2,9,3,13,0,0,0,0,0,0,4,1,6,1,9,-1,-1,-1,-1,-1
2013120170624,1,9,0,18,0,0,1,10,0,0,1,1,2,1,5,1796,1,24,5,1
2013120170624,2,9,0,13,0,0,0,0,0,0,1,1,6,2,6,1796,1,9,10,1
2013120170624,3,9,0,18,0,0,0,0,0,0,3,1,6,2,9,2495,2,7,9,3
2013120170624,4,17,0,18,0,0,0,0,0,0,0,1,1,1,5,-1,2,2,6,3
2013120170674,1,9,0,18,0,0,5,0,6,0,1,1,6,2,4,1299,1,11,-1,-1
2013120170822,1,5,0,17,0,1,1,0,0,0,3,1,6,1,10,1085,1,16,6,3
2013120170855,1,1,0,18,0,1,0,0,0,0,1,1,2,1,6,-1,-1,-1,2,1
2013120170855,2,9,0,9,0,1,0,0,0,0,2,1,6,3,-1,-1,-1,-1,-1,-1
2013120171082,1,9,0,6,0,6,0,0,0,0,1,1,1,1,6,1598,2,-1,7,2
2013120171082,2,8,0,18,0,8,0,0,1,5,1,1,1,1,6,1968,2,5,2,1
2013120171196,1,9,0,17,0,0,1,0,4,0,1,1,2,1,5,1149,1,10,1,1
2013120171281,1,9,0,17,0,0,1,0,7,11,1,1,2,1,5,1364,1,6,1,1
2013120171414,1,9,0,9,0,6,0,0,0,0,1,1,6,2,6,1968,2,6,6,3
2013120171414,2,9,0,9,0,5,0,0,7,0,4,1,1,2,7,-1,-1,-1,6,3
2013120171582,1,19,0,18,0,6,1,0,0,0,1,1,1,1,7,2148,2,5,9,3
2013120171582,2,9,0,4,0,1,0,0,0,0,3,1,1,1,7,-1,-1,-1,9,3
2013120171650,1,9,0,9,0,1,0,0,0,0,1,1,6,1,10,1995,1,6,10,1
2013120171650,2,9,0,18,0,1,0,0,0,0,4,1,6,2,4,1598,2,-1,10,2
2013120171720,1,9,0,5,0,0,0,0,0,0,1,1,6,1,6,1242,1,7,2,1
2013120171776,1,9,0,18,0,0,0,0,0,0,1,1,6,1,6,-1,-1,-1,5,1
2013120171776,2,19,0,18,0,0,0,0,0,0,2,1,6,1,9,-1,-1,-1,8,2
2013120171873,1,9,0,9,0,8,0,0,0,0,4,1,6,2,10,1360,1,12,5,3
2013120171873,2,9,0,18,0,1,0,0,0,0,1,1,6,1,6,1275,1,17,10,3
2013120171884,1,9,0,17,0,0,0,0,1,0,1,1,3,1,8,1995,2,10,9,3
2013120171884,2,9,0,16,0,0,0,0,0,0,1,1,6,2,11,1364,2,7,8,3
2013120171913,1,9,0,18,0,8,0,0,0,0,1,1,6,1,10,1968,2,5,8,1
2013120171913,2,4,0,18,0,8,1,0,0,0,1,1,6,1,8,1195,1,-1,6,2
2013120172266,1,5,0,16,0,0,1,0,0,0,4,1,2,1,6,1783,1,3,7,1
2013120172266,2,9,0,17,0,0,0,0,0,0,1,1,6,2,8,1596,1,9,-1,-1
2013120172318,1,1,0,16,0,0,0,0,1,10,0,1,6,1,5,-1,-1,-1,7,3
2013120172318,2,11,0,17,0,0,0,0,0,0,0,1,3,1,9,9600,2,14,7,3
2013120172391,1,9,0,18,0,1,0,0,0,0,1,1,2,1,7,1329,1,4,8,1
2013120172391,2,9,0,4,0,1,0,0,0,0,2,1,6,2,6,1229,1,7,9,1
2013120172391,3,9,0,4,0,1,0,0,0,0,2,1,2,2,7,3179,1,8,8,1
2013120172405,1,1,0,9,0,5,0,0,0,0,1,1,6,1,7,-1,-1,-1,10,1
2013120172405,2,9,0,7,0,5,0,0,0,0,1,1,6,2,5,1149,1,3,10,2
2013120172435,1,9,0,16,0,0,2,0,1,9,1,1,6,2,9,1299,1,8,5,3
2013120172574,1,3,0,17,0,0,0,10,0,0,0,1,6,1,5,124,1,2,8,1
2013120172598,1,9,0,2,0,0,0,0,0,0,2,1,6,2,4,2143,2,1,8,3
2013120172598,2,9,0,12,0,0,0,0,0,0,1,1,6,1,8,1968,2,1,4,1
2013120172598,3,9,0,18,0,0,0,0,5,6,3,1,6,1,6,2521,1,6,-1,1
2013120172598,4,9,0,11,0,0,0,0,0,0,1,1,6,1,5,6498,1,1,6,3
2013120172598,5,9,0,18,0,0,0,0,0,0,1,1,6,1,5,1248,1,2,8,1
2013120172598,6,98,1,18,0,0,0,0,0,0,0,1,6,3,-1,-1,-1,-1,-1,-1
2013120172762,1,9,0,18,0,0,5,4,0,0,1,1,6,1,6,1328,1,6,1,1
2013120172762,2,9,0,2,0,0,0,0,0,0,1,1,6,2,9,-1,-1,-1,8,1
2013120172871,1,9,0,14,0,0,0,0,5,6,3,1,6,1,10,1598,1,-1,8,1
2013120172871,2,9,0,14,0,0,0,0,5,6,4,1,6,1,6,1299,1,11,1,1
2013120172871,3,21,1,12,0,0,0,0,0,0,0,1,1,3,8,-1,-1,-1,-1,-1
2013120173109,1,9,0,18,0,1,0,0,0,0,1,1,6,1,-1,-1,-1,-1,-1,-1
2013120173109,2,9,0,3,0,1,0,0,0,0,2,1,6,2,8,1598,1,5,7,1
2013120173228,1,3,0,18,0,0,0,0,0,0,1,1,6,1,4,-1,-1,-1,5,1
2013120173228,2,3,0,4,0,0,0,0,0,0,2,1,6,1,4,124,1,10,9,1
2013120173415,1,8,0,5,0,1,0,0,0,0,4,1,1,3,-1,-1,-1,-1,-1,-1
2013120173481,1,9,0,16,0,0,0,0,0,0,1,1,6,1,10,2198,1,7,6,1
2013120173481,2,19,0,17,0,0,0,0,0,0,1,1,6,1,7,1753,2,5,-1,-1
2013120173559,1,9,0,18,0,0,0,0,0,0,3,1,6,1,10,1299,1,7,6,1
2013120173559,2,1,0,18,0,0,0,0,0,0,3,1,6,1,10,-1,-1,-1,6,1
2013120173607,1,5,0,17,0,0,0,0,1,0,0,1,6,1,5,-1,-1,-1,4,1
2013120173740,1,9,0,3,0,1,0,0,0,0,2,1,6,1,7,1598,1,6,1,1
2013120173740,2,9,0,3,0,1,0,0,0,0,2,1,6,2,6,1998,2,7,6,3
2013120173740,3,9,0,18,0,1,0,0,0,0,1,1,6,2,8,2204,2,3,7,3
2013120173758,1,4,0,18,0,1,1,0,0,0,3,1,6,2,7,399,1,22,3,1
2013120173758,2,9,0,18,0,1,0,0,0,0,2,1,6,3,-1,-1,-1,-1,-1,-1
2013120173758,3,9,0,10,0,1,0,0,0,0,0,1,6,3,-1,-1,-1,-1,-1,-1
2013120173945,1,9,0,18,0,6,0,0,0,0,3,1,6,2,5,1598,1,6,4,1
2013120173945,2,9,0,18,0,1,0,0,0,0,1,1,6,1,9,1896,2,4,2,1
2013120173955,1,9,0,17,0,0,0,0,1,9,1,1,6,1,8,1493,1,10,9,2
2013120173962,1,9,0,17,0,0,0,0,1,0,1,1,6,2,5,1390,1,7,2,1
2013120173973,1,9,4,13,0,1,0,0,0,0,4,1,6,3,-1,-1,-1,-1,-1,-1
2013120173973,2,1,0,18,0,1,0,0,0,0,3,1,6,1,11,-1,-1,-1,9,3
2013120174137,1,9,0,5,0,8,0,0,0,0,3,1,6,1,9,2179,2,1,9,1
2013120174137,2,9,0,18,0,8,0,0,0,0,1,1,2,2,5,2000,1,4,6,1
2013120174326,1,20,0,5,0,1,1,10,1,10,4,1,1,1,8,2151,2,8,9,1
2013120174361,1,21,1,16,0,0,1,0,0,0,2,1,1,1,9,10308,2,5,2,1
2013120174361,2,21,0,17,0,0,0,0,0,0,3,1,1,1,8,6692,2,2,3,1
2013120174373,1,9,0,18,0,2,5,0,0,0,4,1,6,2,11,1398,1,3,10,1
2013120174373,2,9,0,2,0,2,0,0,0,0,3,1,6,2,9,1397,1,4,9,1
2013120174472,1,9,0,9,0,8,0,0,0,0,3,1,6,2,11,1390,1,9,8,3
2013120174472,2,9,0,18,0,1,0,0,0,0,1,1,6,1,5,1199,1,10,5,2
2013120174472,3,9,0,2,0,1,0,0,0,0,0,1,6,3,-1,-1,-1,-1,5,2
2013120174852,1,19,0,18,0,0,0,0,0,0,4,1,1,1,8,2198,2,1,5,1
2013120174891,1,19,0,2,0,0,0,0,1,11,2,1,1,1,10,1298,1,8,-1,-1
2013120174971,1,9,0,18,0,1,1,0,0,0,1,1,1,1,6,1589,1,13,-1,-1
2013120174971,2,9,0,10,0,1,0,0,7,0,2,1,1,1,7,-1,-1,-1,7,3
2013120175082,1,9,0,16,0,8,2,0,7,4,1,1,6,1,4,1124,1,11,1,1
2013120175430,1,1,0,18,0,0,0,4,0,0,1,1,1,1,9,-1,-1,-1,10,2
2013120175430,2,21,0,2,0,0,0,0,0,0,2,1,1,1,6,11705,2,11,-1,-1
2013120175520,1,9,0,18,0,0,0,0,0,0,1,1,6,1,11,1422,2,7,7,3
2013120175520,2,1,0,18,0,0,0,0,0,0,2,1,6,1,8,-1,-1,-1,9,2
2013120175546,1,9,0,13,0,8,0,0,0,0,4,1,6,2,10,1998,1,11,8,3
2013120175546,2,1,0,18,0,8,0,0,0,0,3,1,6,2,9,-1,-1,-1,10,1
2013120175623,1,2,0,9,0,1,1,0,0,0,3,1,6,2,4,50,1,3,5,2
2013120175623,2,9,0,18,0,1,0,0,0,0,3,1,1,1,8,2987,2,2,10,1
2013120175720,1,9,0,9,0,0,0,0,0,0,4,1,6,2,6,1360,1,5,6,1
2013120175720,2,2,0,18,0,0,0,0,0,0,1,1,4,1,4,49,1,1,8,1
2013120175822,1,9,0,5,0,0,0,0,0,0,1,1,6,1,-1,-1,-1,-1,-1,-1
2013120175860,1,8,0,18,0,0,0,0,0,0,2,1,1,2,6,-1,-1,-1,1,1
2013120175860,2,9,0,18,0,0,1,0,0,0,1,1,6,1,5,1299,1,10,3,1
2013120175860,3,9,0,18,0,0,1,0,0,0,1,1,6,1,-1,1198,1,10,4,1
2013120175874,1,9,0,18,0,1,0,0,0,0,4,1,6,1,9,1198,1,7,10,2
2013120175874,2,1,0,18,0,1,0,0,0,0,1,1,6,2,6,-1,-1,-1,8,1
2013120175925,1,5,0,18,0,0,1,0,0,0,4,1,6,2,8,800,1,-1,2,1
2013120176396,1,9,0,7,0,2,0,0,0,0,1,1,2,2,8,1242,1,6,-1,-1
2013120176396,2,1,0,18,0,2,0,0,0,0,4,1,6,1,5,-1,-1,-1,6,3
2013120176453,1,9,0,18,0,8,0,0,0,0,4,1,6,2,8,1400,1,8,10,1
2013120176453,2,9,0,18,0,8,0,0,0,0,1,1,6,2,8,-1,-1,-1,-1,-1
2013120176460,1,9,0,9,0,6,0,0,0,0,3,1,2,2,8,1248,2,3,10,1
2013120176460,2,9,0,18,0,1,1,0,0,0,1,1,2,2,8,1599,1,11,5,2
2013120176468,1,1,0,15,0,0,1,0,0,0,1,1,2,1,5,-1,-1,-1,4,1
2013120176468,2,9,0,4,0,0,0,0,0,0,4,1,6,1,6,-1,-1,-1,-1,-1
2013120176537,1,9,0,16,0,0,1,0,0,0,1,1,6,1,6,1242,1,12,6,1
2013120176537,2,9,0,17,0,0,0,0,0,0,1,1,6,1,5,1796,1,11,6,3
2013120176650,1,9,0,16,0,0,2,0,7,11,1,1,6,1,4,1124,1,9,3,1
2013120176783,1,9,0,16,0,0,0,0,0,0,1,1,6,2,11,1595,1,16,9,3
2013120176783,2,9,0,17,0,0,0,0,0,0,1,1,6,1,10,1242,1,6,10,2
2013120176814,1,9,0,9,0,8,0,0,0,0,1,1,6,1,9,1598,1,-1,-1,-1
2013120176814,2,9,0,18,0,8,0,0,0,0,1,1,6,2,6,1968,2,2,8,1
2013120176814,3,9,0,10,0,8,0,0,0,0,3,1,6,1,9,-1,-1,-1,8,1
2013120176970,1,9,0,17,0,0,5,0,1,11,1,1,6,1,9,1997,2,10,2,1
2013120177115,1,19,0,9,0,8,0,0,0,0,1,1,6,1,4,-1,-1,-1,-1,-1
2013120177115,2,1,0,18,0,8,0,0,0,0,3,1,6,2,6,-1,-1,-1,10,1
2013120177173,1,9,0,9,0,1,0,0,0,0,1,1,1,1,7,1299,1,13,1,1
2013120177173,2,3,0,18,0,1,0,0,0,0,1,1,6,1,4,124,1,7,10,1
2013120177220,1,9,0,18,0,8,0,0,7,9,1,1,6,1,7,1956,2,1,1,1
2013120177220,2,9,0,9,0,8,0,0,7,0,2,1,6,1,8,1368,1,1,7,3
2013120177361,1,9,4,5,0,8,0,0,0,0,4,1,6,3,-1,-1,-1,-1,-1,-1
2013120177361,2,1,0,5,0,8,0,0,0,0,2,1,6,1,7,-1,-1,-1,5,1
2013120177662,1,9,0,18,0,0,0,0,5,6,4,1,6,1,8,3824,1,9,10,1
2013120177662,2,9,0,18,0,0,5,0,1,4,3,1,6,1,8,1910,2,8,10,3
2013120177662,3,9,0,12,0,0,0,0,0,0,0,1,6,3,-1,-1,-1,-1,-1,-1
2013120177662,4,19,0,18,0,0,0,0,0,0,0,1,6,3,-1,-1,-1,-1,-1,-1
2013120177773,1,9,0,9,0,8,0,0,0,0,1,1,6,1,6,1596,1,9,10,3
2013120177773,2,1,0,18,0,8,0,0,0,0,3,1,6,1,5,-1,-1,-1,10,1
2013120177851,1,9,0,17,0,0,5,0,2,10,1,1,6,1,11,1975,1,9,7,3
2013120177851,2,9,0,18,0,0,0,0,0,0,1,1,6,2,6,1198,1,9,8,3
2013120178199,1,9,0,16,0,0,2,10,7,4,1,1,6,2,6,1149,1,9,8,3
2013120178385,1,9,0,2,0,0,0,0,0,0,3,1,6,2,8,1998,2,11,8,1
2013120178385,2,1,0,14,0,0,0,0,0,0,4,1,6,1,8,-1,-1,-1,10,1
2013120178545,1,9,0,18,0,0,1,0,2,4,1,1,1,1,4,1360,1,6,8,2
2013120178668,1,17,4,9,0,1,0,0,0,0,1,1,1,1,4,6788,2,3,5,3
2013120178668,2,9,0,5,0,1,0,0,0,0,1,1,6,2,10,1298,1,11,6,2
2013120178668,3,9,0,3,0,1,0,0,0,0,1,1,2,2,7,2993,2,3,9,2
2013120178817,1,9,0,18,0,0,0,0,0,0,1,1,6,1,4,1497,1,11,2,1
2013120178817,2,9,0,4,0,0,0,0,0,0,2,1,1,1,7,1998,2,8,8,1
2013120178845,1,9,0,4,0,1,0,0,0,0,1,1,6,1,10,2967,1,11,8,1
2013120178845,2,1,0,18,0,1,0,0,0,0,1,1,2,1,6,-1,-1,-1,8,1
2013120178930,1,9,0,18,0,0,0,4,0,0,1,1,2,1,6,1753,2,12,9,3
2013120178930,2,9,0,2,0,0,0,0,1,0,2,1,6,1,8,1896,2,12,6,3
2013120178981,1,9,0,18,0,2,5,0,1,11,1,1,6,1,7,1242,1,4,9,1
2013120179099,1,11,0,1,0,0,0,0,0,0,2,1,1,2,8,4580,2,4,3,1
2013120179099,2,9,0,3,0,0,0,0,0,0,1,1,2,2,7,-1,-1,-1,2,1
2013120179100,1,9,0,9,0,1,0,0,0,0,4,1,6,2,7,1397,1,12,6,3
2013120179100,2,9,0,18,0,1,0,0,0,0,3,1,1,1,6,1598,1,7,1,1
2013120179463,1,9,0,5,0,2,0,0,0,0,3,1,1,2,6,1956,2,2,7,2
2013120179482,1,9,0,14,0,0,0,4,0,0,1,1,6,1,11,1968,2,-1,7,1
2013120179482,2,9,0,2,0,0,0,0,0,0,2,1,6,1,9,1870,2,11,10,3
2013120179505,1,9,0,18,0,0,0,0,0,0,1,1,2,2,7,1198,1,8,8,3
2013120179505,2,9,0,4,0,0,0,0,0,0,2,1,2,1,8,2987,2,-1,8,3
2013120179544,1,9,0,16,0,0,0,0,0,0,1,1,2,1,4,998,1,9,7,1
2013120179544,2,9,0,17,0,0,0,0,1,9,1,1,6,2,9,1248,2,-1,4,3
2013120179544,3,9,0,17,0,0,0,0,1,9,1,1,2,2,4,1388,1,3,5,3
2013120179546,1,9,0,16,0,0,5,12,0,0,1,1,6,1,4,1149,1,13,-1,-1
2013120179753,1,9,0,18,0,0,0,0,0,0,1,1,6,2,5,1388,1,8,5,3
2013120179753,2,9,0,4,0,0,0,0,0,0,2,1,1,2,7,1598,2,-1,2,1
2013120179808,1,9,0,5,0,0,0,0,0,0,1,1,6,2,7,998,1,7,8,2
2013120179892,1,9,0,9,0,6,0,0,0,0,3,1,6,1,5,1272,1,22,10,1
2013120179892,2,9,0,18,0,8,0,0,0,0,1,1,6,1,5,1149,1,12,3,1
2013120179897,1,19,0,4,0,1,2,0,2,10,4,1,1,1,9,1399,2,3,10,1
2013120179897,2,9,0,10,0,1,0,0,0,0,0,1,2,1,7,1951,2,12,7,1
2013120179967,1,9,0,9,0,6,0,0,0,0,3,1,2,1,8,1598,1,7,1,1
2013120179967,2,9,0,17,0,8,0,0,7,0,1,1,6,2,5,1388,1,14,7,3
2013120180014,1,9,0,9,0,5,0,0,0,0,1,1,6,1,8,-1,-1,-1,8,1
2013120180014,2,9,0,18,0,8,0,0,0,0,3,1,6,1,5,1195,1,16,3,1
2013120180195,1,9,0,13,0,0,1,0,1,0,1,1,6,2,5,-1,-1,-1,7,3
2013120180195,2,9,0,18,0,0,0,0,0,0,1,1,6,1,9,1850,1,13,6,3
2013120180410,1,9,0,5,0,0,0,0,0,0,3,1,6,2,11,1124,1,12,10,2
2013120180410,2,5,0,18,0,0,0,0,0,0,4,1,6,1,9,955,1,10,9,3
2013120180500,1,9,0,18,0,1,0,4,0,0,1,1,6,1,9,1587,1,12,7,1
2013120180500,2,21,0,2,0,1,0,0,0,0,2,1,6,2,9,5861,2,16,5,1
2013120180501,1,9,0,13,0,0,0,0,0,0,0,1,6,1,-1,-1,-1,-1,-1,-1
2013120180501,2,9,0,18,0,0,0,1,0,0,1,1,6,1,4,1242,1,8,-1,-1
2013120180501,3,9,0,18,0,0,0,0,0,0,4,1,6,1,8,1598,1,3,6,1