Accident_Index,Vehicle_Reference,Vehicle_Type,Towing_and_Articulation,Vehicle_Manoeuvre,Vehicle_Location-Restricted_Lane,Junction_Location,Skidding_and_Overturning,Hit_Object_in_Carriageway,Vehicle_Leaving_Carriageway,Hit_Object_off_Carriageway,1st_Point_of_Impact,Was_Vehicle_Left_Hand_Drive?,Journey_Purpose_of_Driver,Sex_of_Driver,Age_Band_of_Driver,Engine_Capacity_(CC),Propulsion_Code,Age_of_Vehicle,Driver_IMD_Decile,Driver_Home_Area_Type
2013120197353,1,4,0,18,0,1,0,0,0,0,0,1,2,1,9,399,1,24,3,1
2013120197353,2,9,0,5,0,8,0,0,0,0,0,1,6,2,5,1242,1,-1,10,1
2013120197486,1,9,0,9,0,6,0,0,0,0,1,1,6,2,5,1149,1,4,8,2
2013120197486,2,9,0,18,0,1,0,0,0,0,1,1,6,2,5,1299,1,11,8,2
2013120197600,1,9,0,9,0,1,0,0,0,0,0,1,6,1,6,1149,1,5,6,1
2013120197600,2,4,0,18,0,1,1,0,0,0,3,1,6,1,5,249,1,4,3,1
2013120197715,1,9,0,18,0,1,0,0,0,0,1,1,6,2,10,998,1,8,9,3
2013120197715,2,9,0,10,0,1,0,0,0,0,2,1,6,2,8,1339,1,9,9,3
2013120197749,1,19,0,2,0,0,0,0,0,0,2,1,6,1,8,1998,2,10,5,1
2013120197749,2,1,0,18,0,0,0,0,0,0,1,1,2,1,5,-1,-1,-1,4,1
2013120197795,1,9,0,9,0,8,0,0,0,0,4,1,2,2,5,1388,1,8,4,2
2013120197795,2,9,0,18,0,8,0,0,0,0,1,1,2,1,6,1910,2,5,5,1
2013120197804,1,9,0,3,0,1,0,0,0,0,2,1,6,2,5,1198,1,9,4,1
2013120197804,2,9,0,3,0,1,0,0,0,0,1,1,6,1,9,1896,2,8,10,1
2013120197804,3,9,0,3,0,1,0,0,0,0,0,1,6,3,-1,-1,-1,-1,-1,-1
2013120197804,4,9,0,3,0,1,0,0,0,0,2,1,6,2,8,1997,2,9,8,3
2013120197804,5,9,0,3,0,1,0,0,0,0,2,1,6,1,9,1910,2,9,10,1
2013120197804,6,9,0,18,0,1,0,0,0,0,1,1,6,1,8,1397,1,5,-1,-1
2013120198122,1,9,0,18,0,0,1,0,0,0,1,1,2,2,6,1839,1,8,8,3
2013120198122,2,9,0,18,0,0,0,0,1,11,1,1,2,1,4,998,1,8,9,3
2013120198136,1,9,0,10,0,1,0,0,0,0,0,1,6,1,6,2354,1,9,3,1
2013120198136,2,1,0,18,0,1,0,0,0,0,0,1,6,1,10,-1,-1,-1,9,1
2013120198233,1,11,0,4,0,0,0,0,0,0,0,1,1,1,9,7300,2,9,7,1
2013120198261,1,9,0,18,0,0,5,0,7,11,3,1,6,1,11,1495,1,5,6,3
2013120198302,1,9,0,16,0,0,0,0,0,0,1,1,6,2,9,-1,-1,-1,8,3
2013120198302,2,19,0,17,0,0,1,0,0,0,1,1,1,2,9,-1,-1,-1,8,3
2013120198310,1,9,0,9,0,6,0,0,0,0,3,1,6,1,11,2967,1,10,9,1
2013120198310,2,2,0,18,0,1,0,0,0,0,1,1,6,2,9,49,1,2,9,1
2013120198366,1,9,0,17,0,0,1,0,2,11,3,1,2,1,6,1596,1,10,5,1
2013120198373,1,9,0,9,0,6,0,0,0,0,3,1,6,1,9,2393,1,-1,9,2
2013120198373,2,9,0,18,0,8,0,0,0,0,1,1,6,1,6,1242,1,12,9,3
2013120198388,1,9,0,17,0,0,2,0,7,11,1,1,2,1,6,1242,1,11,5,1
2013120198400,1,9,0,3,0,0,0,0,0,0,2,1,6,1,10,1560,2,1,10,1
2013120198400,2,2,0,13,0,0,0,0,0,0,1,1,6,1,4,50,1,2,6,1
2013120198401,1,9,0,3,0,1,0,0,0,0,2,1,6,2,9,1587,1,7,4,1
2013120198401,2,9,0,4,0,1,0,0,0,0,1,1,6,2,8,1598,1,6,10,1
2013120198451,1,9,0,18,0,1,0,0,0,0,1,1,1,2,10,1199,1,10,4,1
2013120198517,1,9,0,11,0,0,5,0,1,0,1,1,6,1,5,1360,1,8,5,1
2013120198517,2,11,0,18,0,0,0,0,0,0,3,1,1,1,8,12000,2,9,3,2
2013120198530,1,9,0,18,0,8,0,0,0,0,1,1,6,2,5,1598,1,14,9,3
2013120198530,2,9,0,18,0,8,0,0,0,0,4,1,6,1,8,-1,-1,-1,4,1
2013120198643,1,9,0,9,0,6,0,0,0,0,1,1,6,1,8,1242,1,4,8,1
2013120198643,2,1,0,18,0,1,0,0,0,0,1,1,6,1,10,-1,-1,-1,8,1
2013120198814,1,9,0,9,0,4,0,0,0,0,1,1,6,1,6,1598,1,-1,3,1
2013120198814,2,1,0,18,0,3,0,0,0,0,1,1,1,1,6,-1,-1,-1,3,1
2013120198873,1,9,0,10,0,1,0,0,0,0,3,1,6,2,8,1995,2,3,8,3
2013120198873,2,9,0,18,0,1,0,0,0,0,3,1,6,2,6,1598,1,-1,10,2
2013120198904,1,9,0,9,0,8,0,0,0,0,1,1,2,2,7,-1,-1,-1,2,1
2013120198904,2,1,0,18,4,1,0,0,0,0,2,1,2,1,7,-1,-1,-1,9,1
2013120198963,1,9,0,2,0,0,0,0,0,0,4,1,2,2,8,-1,-1,-1,7,1
2013120198963,2,1,0,18,4,0,0,0,0,0,1,1,2,1,7,-1,-1,-1,8,1
2013120199045,1,11,0,2,0,1,0,0,0,0,0,1,1,1,7,7300,2,11,10,1
2013120199045,2,9,0,14,0,2,0,0,0,0,1,1,6,2,5,1598,1,7,7,3
2013120199088,1,19,0,18,0,0,0,0,0,0,4,1,6,1,8,-1,-1,-1,6,2
2013120199142,1,11,0,13,0,2,0,0,0,0,3,1,1,1,9,7300,2,11,2,1
2013120199264,1,1,0,18,0,1,0,0,0,0,1,1,1,1,6,-1,-1,-1,8,1
2013120199264,2,9,0,18,0,1,0,0,0,0,4,1,6,1,4,1248,2,6,9,1
2013120199315,1,9,0,18,0,8,0,0,0,0,1,1,6,1,11,1596,1,7,5,1
2013120199607,1,9,0,18,0,0,1,0,7,9,4,1,6,1,6,1242,1,1,-1,-1
2013120199607,2,9,0,18,0,0,0,0,0,0,1,1,6,1,9,2179,2,2,7,3
2013120199678,1,9,0,17,0,0,5,0,1,0,1,1,6,2,7,1296,1,6,4,1
2013120199891,1,9,0,17,0,0,1,0,1,11,2,1,6,1,6,1124,1,12,8,2
2013120199894,1,9,0,7,0,5,2,0,1,9,1,1,6,1,5,1149,1,9,6,3
2013120200018,1,9,0,9,0,1,0,0,0,0,1,1,3,2,7,1896,2,6,10,1
2013120200060,1,9,0,5,0,0,0,0,0,0,1,1,1,1,7,1995,2,2,3,3
2013120200223,1,9,0,18,0,1,0,0,0,0,0,1,6,2,-1,-1,-1,-1,-1,-1
2013120200223,2,1,0,18,0,1,0,0,0,0,0,1,6,1,6,-1,-1,-1,8,3
2013120200366,1,9,0,9,0,1,0,0,0,0,3,1,2,1,6,1461,2,4,9,1
2013120200366,2,1,0,18,0,1,0,0,0,0,4,1,2,1,7,-1,-1,-1,9,1
2013120200409,1,9,0,18,0,1,1,0,3,4,1,1,6,1,4,1796,1,12,9,1
2013120200434,1,9,0,18,0,0,0,0,0,0,1,1,6,1,9,1796,1,2,7,1
2013120200667,1,21,0,5,0,0,0,0,0,0,4,1,1,1,8,12900,2,6,2,1
2013120200692,1,9,0,13,0,0,0,0,7,4,3,1,2,2,9,1896,2,4,7,3
2013120200692,2,9,0,13,0,0,0,0,7,9,4,1,2,1,7,2995,1,3,7,2
2013120200692,3,21,1,18,0,0,0,0,0,0,3,1,1,1,8,-1,-1,-1,7,2
2013120200705,1,9,0,16,0,0,1,0,1,4,1,1,2,2,4,1124,1,10,6,1
2013120200725,1,9,0,9,0,8,0,0,0,0,1,1,6,1,6,1598,1,6,6,2
2013120200725,2,1,0,18,0,8,0,0,0,0,1,1,6,1,9,-1,-1,-1,10,1
2013120200899,1,9,0,7,0,1,0,0,0,0,1,1,6,2,8,998,1,5,8,3
2013120200899,2,9,4,18,0,1,1,0,7,9,4,1,6,2,7,-1,-1,-1,8,3
2013120200950,1,9,0,18,0,1,0,0,0,0,1,1,6,1,8,-1,-1,-1,5,1
2013120200970,1,9,0,9,0,6,0,0,0,0,3,1,2,2,7,998,1,10,9,3
2013120200970,2,9,0,18,0,1,0,0,0,0,1,1,2,2,7,1198,1,2,5,1
2013120201074,1,11,0,2,0,0,0,0,0,0,0,1,1,1,8,7300,2,6,6,1
2013120201255,1,9,0,13,0,0,0,0,0,0,1,1,6,2,5,1951,2,8,10,2
2013120201255,2,9,0,18,0,0,0,0,1,0,3,1,6,1,6,1124,1,12,7,1
2013120201255,3,21,0,18,0,0,0,0,0,0,0,1,1,1,8,10518,2,1,2,1
2013120201255,4,21,1,18,0,0,0,0,0,0,0,1,1,1,8,11705,2,8,3,2
2013120201255,5,21,4,18,0,0,0,0,0,0,4,1,1,1,6,-1,-1,-1,7,1
2013120201286,1,11,0,4,0,1,0,0,0,0,0,1,1,1,9,7300,2,11,-1,-1
2013120201384,1,19,0,18,0,0,0,0,0,0,3,1,1,1,10,1461,2,5,7,1
2013120201496,1,9,0,18,0,4,0,0,0,0,1,1,2,1,4,998,1,6,5,3
2013120201496,2,19,0,18,0,8,0,0,0,0,4,1,3,1,10,-1,-1,-1,7,3
2013120201654,1,9,0,13,0,0,2,0,1,11,1,1,6,1,6,1896,2,11,8,2
2013120201694,1,8,0,18,0,8,0,0,0,0,1,1,1,1,10,1794,1,7,9,3
2013120201818,1,9,0,18,0,2,0,0,0,0,4,1,6,1,8,2000,2,2,10,1
2013120201818,2,9,0,18,0,8,1,0,0,0,1,1,6,2,7,1870,2,11,5,1
2013120202217,1,9,0,18,0,0,0,0,1,0,1,1,6,1,8,1364,2,7,9,2
2013120202217,2,9,0,18,0,0,0,0,1,0,1,1,6,2,7,-1,-1,-1,8,3
2013120202348,1,9,0,18,0,0,0,0,0,0,1,1,6,1,8,2967,2,-1,-1,-1
2013120202348,2,9,0,18,0,0,0,0,1,0,2,1,6,1,8,1598,2,3,8,1
2013120202449,1,20,1,2,0,0,0,0,0,0,0,1,6,3,-1,-1,-1,-1,-1,-1
2013120202449,2,9,0,3,0,0,0,0,0,0,2,1,6,2,7,1968,2,5,6,3
2013120202449,3,9,0,3,0,0,0,0,0,0,2,1,6,1,9,-1,-1,-1,9,3
2013120202449,4,9,0,16,0,0,0,4,0,0,1,1,6,2,10,1598,1,6,-1,-1
2013120202738,1,1,0,5,0,0,0,0,0,0,0,1,1,1,8,-1,-1,-1,3,1
2013120203130,1,11,0,5,0,0,0,0,0,0,3,1,1,1,8,7300,2,8,6,3
2013120203130,2,9,0,13,0,0,0,0,0,0,4,1,6,2,7,1197,1,1,9,3
2013120203148,1,9,0,3,0,0,0,0,0,0,2,1,6,2,6,1397,1,4,7,2
2013120203148,2,9,0,4,0,0,0,0,0,0,1,1,6,2,6,1364,2,7,5,3
2013120203181,1,19,0,1,0,0,0,0,0,0,2,1,6,1,-1,1997,2,2,-1,-1
2013120203181,2,1,0,18,0,0,0,0,0,0,1,1,6,2,7,-1,-1,-1,7,1
2013120203183,1,8,0,3,0,0,0,0,0,0,2,1,1,1,7,1797,8,2,6,1
2013120203183,2,9,0,18,0,0,0,0,0,0,1,1,6,2,7,1598,1,9,7,1
2013120203192,1,9,0,18,0,6,1,0,3,4,1,1,4,1,8,2993,2,2,7,3
2013120203241,1,3,0,18,0,0,0,0,0,0,1,1,6,1,4,124,1,8,10,3
2013120203241,2,9,0,10,0,0,0,0,0,0,2,1,6,1,7,1360,1,11,9,1
2013120203257,1,9,0,7,0,1,0,0,0,0,3,1,1,1,4,1299,1,9,5,3
2013120203257,2,9,0,18,0,2,0,0,0,0,3,1,1,1,9,2494,2,2,6,3
2013120203410,1,9,0,18,0,2,0,0,0,0,4,1,6,2,7,1390,1,9,7,1
2013120203410,2,9,0,18,0,6,0,0,0,0,1,1,6,2,6,1242,1,10,6,1
2013120203615,1,9,0,18,0,4,0,0,0,0,3,1,6,1,9,1769,1,9,1,1
2013120203615,2,1,0,9,0,3,0,0,0,0,1,1,6,1,7,-1,-1,-1,-1,-1
2013120203707,1,1,0,17,0,0,0,0,0,0,0,1,6,1,10,-1,-1,-1,8,1
2013120203744,1,9,0,18,0,0,2,0,1,9,4,1,6,2,7,1405,1,10,7,1
2013120204189,1,9,0,18,0,1,1,0,0,0,1,1,6,1,8,1497,1,13,1,1
2013120204189,2,9,0,8,0,1,0,0,0,0,2,1,6,2,7,1896,2,6,8,2
2013120204192,1,9,0,18,0,0,1,0,7,0,4,1,6,1,9,1796,1,11,5,2
2013120204192,2,9,0,2,0,0,0,0,0,0,2,1,6,3,-1,1248,2,7,10,3
2013120204338,1,9,0,18,0,0,1,0,5,6,3,1,1,2,6,1598,2,-1,-1,1
2013120204401,1,8,0,10,0,6,0,0,0,0,0,1,1,1,8,1598,2,2,5,1
2013120204401,2,19,0,18,9,6,0,0,7,11,1,1,6,1,7,1998,2,11,8,2
2013120204401,3,11,0,2,6,1,0,0,0,0,4,1,1,1,7,9600,2,17,5,1
2013120204450,1,9,0,18,0,1,0,0,0,0,1,1,6,1,8,2435,1,15,6,1
2013120204450,2,9,0,18,0,2,0,0,0,0,4,1,2,1,9,3222,2,10,9,1
2013120204615,1,19,0,17,0,0,0,0,1,4,1,1,1,1,5,1868,2,9,8,3
2013120204615,2,9,0,16,0,0,0,0,0,0,0,1,6,3,-1,-1,-1,-1,-1,-1
2013120204765,1,9,0,4,0,1,0,0,0,0,1,1,6,1,8,1108,1,3,5,3
2013120204765,2,5,0,3,0,1,0,0,0,0,2,1,6,1,8,599,1,16,5,3
2013120204787,1,9,0,18,0,0,0,0,0,0,0,1,6,2,9,1596,1,4,7,1
2013120204861,1,9,0,14,0,6,0,0,0,0,3,1,6,1,11,1339,1,7,-1,-1
2013120204861,2,9,0,18,0,1,0,0,0,0,1,1,1,2,5,-1,-1,-1,8,3
2013120204902,1,9,0,18,0,0,0,0,0,0,1,2,6,2,7,1997,2,2,-1,-1
2013120204902,2,8,0,3,0,0,0,0,0,0,2,2,6,1,8,-1,-1,-1,10,1
2013120204918,1,9,0,17,0,0,2,0,0,0,1,1,2,1,7,1997,1,10,1,1
2013120204975,1,9,0,18,0,0,0,0,0,0,1,1,6,1,7,-1,-1,-1,4,1
2013120204975,2,9,0,13,0,0,1,0,5,6,4,1,6,1,7,1229,1,2,4,1
2013120204975,3,21,1,13,0,0,0,0,0,0,3,1,1,3,-1,-1,-1,-1,-1,-1
2013120204988,1,9,0,7,0,2,0,0,0,0,4,1,1,2,6,-1,-1,-1,3,1
2013120204988,2,11,0,2,0,1,0,0,0,0,0,1,1,3,-1,-1,-1,-1,-1,-1
2013120204995,1,9,0,7,0,4,0,0,0,0,1,1,2,1,9,1298,1,10,1,1
2013120204995,2,1,0,18,0,8,0,0,0,0,4,1,1,2,8,-1,-1,-1,7,1
2013120205004,1,8,0,14,0,0,0,0,0,0,1,1,1,1,10,1995,2,11,10,2
2013120205004,2,9,0,18,0,0,0,0,0,0,3,1,6,1,7,1595,1,6,8,3
2013120205007,1,9,0,16,0,2,5,0,8,3,1,1,6,1,11,1995,2,3,7,3
2013120205171,1,9,0,5,0,4,0,0,0,0,3,1,1,1,8,1242,1,1,10,1
2013120205171,2,1,0,18,0,4,0,0,0,0,1,1,1,1,8,-1,-1,-1,8,1
2013120205249,1,21,0,18,0,1,0,0,0,0,1,1,1,1,8,12900,2,2,5,2
2013120205249,2,19,0,18,0,1,0,0,1,11,2,1,1,1,6,-1,-1,-1,3,1
2013120205302,1,9,0,5,0,0,0,0,0,0,1,1,1,1,7,1895,1,13,6,1
2013120205302,2,9,0,18,0,0,0,0,0,0,1,1,1,1,9,-1,-1,-1,6,1
2013120205372,1,9,0,13,7,0,0,0,0,0,1,1,2,2,7,1796,1,12,1,1
2013120205372,2,19,0,18,7,0,0,0,0,0,1,1,2,1,8,2198,2,3,9,2
2013120205372,3,90,0,18,0,0,0,0,0,0,0,1,6,3,-1,-1,-1,-1,-1,-1
2013120205494,1,9,0,17,0,0,1,0,1,11,3,1,4,2,4,1360,1,9,7,1
2013120205535,1,4,0,18,0,7,0,0,0,0,1,1,2,1,4,125,1,-1,9,2
2013120205535,2,9,0,18,0,8,0,0,0,0,2,1,6,1,9,2720,2,8,7,1
2013120205535,3,9,0,3,0,7,0,0,0,0,0,1,6,2,8,1493,2,8,8,3
2013120205996,1,9,0,9,0,2,0,0,0,0,3,1,3,2,7,1995,2,1,7,1
2013120206071,1,9,0,5,0,0,0,0,0,0,1,1,2,2,5,1368,1,7,8,2
2013120206071,2,19,0,5,0,0,0,0,0,0,2,1,1,2,8,1461,2,1,9,1
2013120206149,1,9,0,17,0,0,2,0,8,10,1,1,6,1,7,1999,1,9,10,3
2013120206215,1,9,0,7,0,1,0,0,0,0,4,1,6,2,6,1995,2,2,10,3
2013120206215,2,1,0,18,5,1,0,0,0,0,1,1,6,1,4,-1,-1,-1,9,1
2013120206439,1,9,0,13,0,0,0,0,7,4,1,1,1,2,4,1399,2,2,8,3
2013120206439,2,21,0,18,0,0,0,0,0,0,0,1,6,3,-1,-1,-1,-1,-1,-1
2013120206544,1,9,0,5,0,1,0,0,0,0,4,1,6,1,11,1598,1,2,8,3
2013120206544,2,9,0,18,0,8,0,0,0,0,1,1,6,2,10,1797,8,1,7,1
2013120206544,3,19,0,10,0,1,0,0,0,0,1,1,1,1,10,2148,2,4,10,1
2013120206556,1,9,0,4,0,1,0,0,0,0,3,1,6,2,8,2496,1,12,7,1
2013120206593,1,1,0,17,0,8,0,0,0,0,4,1,6,1,9,-1,-1,-1,5,1
2013120206687,1,9,0,4,0,0,0,0,0,0,1,1,6,1,8,2987,2,1,4,1
2013120206687,2,9,0,4,0,0,0,0,0,0,2,1,6,2,7,1596,1,14,4,1
2013120206732,1,9,0,18,0,0,2,0,2,4,3,1,6,1,9,1124,1,8,7,3
2013120207128,1,1,0,18,0,8,0,0,0,0,4,1,6,1,6,-1,-1,-1,10,1
2013120207128,2,9,0,18,0,6,0,0,0,0,1,1,2,1,7,1598,1,11,7,1
2013120207380,1,11,0,4,0,0,0,0,0,0,4,1,1,1,8,7300,2,5,9,1
2013120207772,1,9,0,18,0,4,5,0,4,2,1,1,6,1,6,-1,-1,-1,5,1
2013120207783,1,9,0,1,0,0,0,0,0,0,2,1,6,1,8,1598,1,8,2,1
2013120207783,2,1,0,18,0,0,0,0,0,0,4,1,1,1,7,-1,-1,-1,5,1
2013120207887,1,9,0,7,0,1,0,0,0,0,0,1,2,2,8,998,1,1,7,1
2013120207887,2,1,0,18,4,1,0,0,0,0,0,1,2,1,5,-1,-1,-1,9,1
2013120208237,1,9,0,18,0,0,5,0,1,4,1,1,6,2,6,-1,-1,-1,8,1
2013120208417,1,9,0,18,0,0,0,0,0,0,1,1,6,1,11,2401,2,10,9,3
2013120208417,2,9,0,2,0,0,0,0,1,0,2,1,6,3,-1,1991,2,5,6,3
2013120208417,3,9,0,18,0,0,0,0,0,0,3,1,2,2,9,1398,2,6,3,1
2013120208417,4,9,0,2,0,0,0,0,0,0,2,1,6,3,-1,1388,1,6,8,2
2013120208472,1,9,0,17,0,8,0,0,1,4,1,1,6,1,5,1124,1,6,8,1
2013120208674,1,9,0,18,0,1,0,0,0,0,1,1,6,1,5,1956,2,3,7,1
2013120208674,2,2,0,9,0,6,0,0,0,0,3,1,1,2,4,49,1,5,7,1
2013120208817,1,9,0,17,0,0,1,0,7,4,1,1,6,1,4,1124,1,14,8,3
2013120208865,1,9,0,18,0,0,2,0,1,10,1,1,2,2,7,1198,1,9,8,3
2013120209104,1,9,0,16,0,0,1,0,0,0,1,1,1,1,6,1781,1,13,10,1
2013120209104,2,17,4,17,0,0,1,0,7,0,1,1,6,1,7,-1,2,17,8,3
2013120209138,1,9,0,18,0,4,0,0,1,0,1,1,6,2,11,1997,2,10,8,2
2013120209138,2,9,0,9,0,3,0,0,0,0,4,1,6,1,11,1968,2,2,10,2
2013120209235,1,9,0,5,0,4,0,0,0,0,1,1,6,2,8,1398,2,1,9,2
2013120209235,2,1,0,18,0,8,0,0,0,0,1,1,6,2,5,-1,-1,-1,6,3
2013120209257,1,3,0,18,0,8,0,0,0,0,1,1,6,1,5,100,1,11,3,1
2013120209257,2,9,0,7,0,8,0,0,0,0,4,1,6,3,10,1747,1,11,4,1
2013120209332,1,9,0,17,0,0,1,0,7,4,1,1,6,1,5,1560,2,5,7,3
2013120209393,1,9,0,9,0,2,0,0,0,0,3,1,6,1,9,1584,1,7,-1,-1
2013120209393,2,3,0,18,0,1,0,0,0,0,2,1,6,1,4,124,1,-1,3,2
2013120209456,1,9,0,9,0,6,0,0,0,0,3,1,6,1,10,1242,1,2,6,3
2013120209456,2,5,0,17,0,8,0,0,0,0,1,1,2,1,8,598,1,15,6,1
2013120209497,1,9,0,18,0,0,0,0,0,0,0,1,2,3,7,1461,2,8,7,2
2013120209542,1,11,0,18,0,1,0,0,0,0,0,1,1,1,8,8300,2,19,7,1
2013120209542,2,8,0,9,0,6,0,0,0,0,0,1,1,1,-1,-1,-1,-1,-1,-1
2013120209600,1,17,4,9,0,3,0,0,0,0,0,1,1,1,7,-1,2,11,-1,-1
2013120209600,2,9,0,18,0,1,0,0,0,0,1,1,6,1,7,1896,2,10,10,1
2013120209600,3,9,0,10,0,8,0,0,1,0,2,1,6,2,11,-1,-1,-1,9,2
2013120209626,1,19,0,9,0,5,0,0,0,0,1,1,1,1,8,2198,2,3,8,3
2013120209636,1,9,0,5,0,1,0,0,0,0,3,1,6,1,9,1796,1,13,1,1
2013120209636,2,1,0,14,0,1,0,0,0,0,1,1,6,1,8,-1,-1,-1,6,1
2013120209847,1,9,0,18,0,0,0,0,0,0,3,1,6,1,10,1910,2,8,5,2
2013120209847,2,19,0,18,0,0,0,0,0,0,3,1,6,1,6,2402,2,3,7,3
2013120209851,1,9,0,4,0,1,0,0,0,0,1,1,6,1,10,2967,1,12,9,2
2013120209851,2,9,0,18,0,1,0,0,0,0,2,1,6,1,8,1598,1,14,8,3
2013120209851,3,21,0,18,0,8,0,0,0,0,1,1,1,1,8,-1,-1,-1,10,1
2013120209941,1,9,0,18,0,0,0,0,0,0,1,1,6,2,11,1390,1,9,9,1
2013120210357,1,21,0,18,0,0,0,0,0,0,2,1,1,1,6,12809,2,1,10,2
2013120210357,2,21,0,18,0,0,0,0,1,0,1,1,1,1,8,11967,2,2,10,3
2013120210357,3,21,0,18,0,0,0,0,0,0,1,1,1,1,8,12740,2,-1,7,1
2013120210469,1,9,0,1,0,0,0,0,0,0,2,1,6,1,10,1582,2,2,9,2
2013120210593,1,9,0,4,0,0,0,0,0,0,2,1,6,1,7,1968,2,6,7,1
2013120210593,2,9,0,4,0,0,0,0,0,0,1,1,6,1,10,1798,7,6,10,1
2013120210716,1,9,0,18,0,0,0,0,0,0,1,1,1,1,6,-1,-1,-1,-1,-1
2013120210843,1,9,0,16,0,0,2,0,2,11,1,1,6,1,4,1587,1,11,7,3
2013120210863,1,19,0,16,0,0,0,0,0,0,1,1,1,1,7,2143,2,-1,5,1
2013120210863,2,19,0,17,0,0,0,0,1,0,1,1,6,1,7,2477,2,4,6,2
2013120211120,1,20,0,18,0,0,0,0,0,0,4,1,1,1,9,-1,-1,-1,3,1
2013120211120,2,1,0,18,0,0,0,0,0,0,1,1,1,2,5,-1,-1,-1,2,1
2013120211185,1,20,0,18,0,0,0,0,0,0,1,1,1,1,6,11021,2,7,9,3
2013120211185,2,9,0,4,0,0,0,0,0,0,2,1,1,1,9,1997,2,2,-1,-1
2013120211185,3,9,0,4,0,0,0,0,0,0,2,1,6,1,10,1242,1,-1,-1,-1
2013120211221,1,11,0,2,0,0,0,0,0,0,0,1,1,1,9,-1,2,14,5,3
2013120211292,1,9,0,16,0,0,0,0,2,4,1,1,6,1,4,973,1,12,6,3
2013120211553,1,9,0,18,0,0,0,0,0,0,4,1,1,1,10,1794,1,7,9,3
2013120211754,1,9,0,18,0,1,0,0,0,0,1,1,6,2,11,1240,1,8,6,1
2013120211754,2,9,0,9,0,6,0,0,0,0,4,1,6,2,10,998,1,-1,2,1
2013120211776,1,9,0,18,0,1,1,0,0,0,1,1,6,1,8,1598,1,15,8,3
2013120211776,2,9,0,9,0,1,0,0,1,1,3,1,6,2,8,2400,2,4,3,1
2013120211894,1,9,0,17,0,0,1,0,2,11,1,1,6,1,5,1598,1,12,3,2
2013120212385,1,9,0,18,0,0,2,0,1,0,0,1,1,1,7,2188,2,7,8,3
2013120212385,2,21,0,18,0,0,0,0,0,0,0,1,1,1,8,-1,-1,-1,-1,-1
2013120212520,1,9,0,9,0,6,0,0,0,0,3,1,6,2,6,1598,2,3,10,1
2013120212520,2,9,0,18,0,1,1,0,0,0,1,1,6,1,4,1242,1,15,1,1
2013120212527,1,9,0,18,0,0,0,0,7,11,3,1,6,1,5,1796,1,8,7,1
2013120213014,1,9,0,13,0,0,0,0,0,0,1,1,1,1,5,1242,1,9,6,3
2013120213014,2,9,0,4,0,0,0,0,1,0,1,1,1,2,6,-1,-1,-1,6,3
2013120213014,3,1,0,18,0,0,0,0,0,0,0,1,1,1,5,-1,-1,-1,8,3
2013120213037,1,19,0,9,0,6,0,0,0,0,3,1,1,1,9,1753,2,8,5,2
2013120213063,1,1,0,8,0,1,0,0,0,0,0,1,6,2,7,-1,-1,-1,2,1
2013120213117,1,9,0,18,0,2,0,0,0,0,1,1,6,2,7,3200,6,13,6,2
2013120213117,2,9,0,3,0,2,0,0,0,0,2,1,2,2,5,-1,-1,-1,10,1
2013120213371,1,1,0,18,0,2,0,0,0,0,1,1,6,1,10,-1,-1,-1,9,1
2013120213399,1,9,0,5,0,4,0,0,0,0,1,1,6,2,11,1240,1,6,9,1
2013120213399,2,1,0,18,0,4,0,0,0,0,2,1,6,1,3,-1,-1,-1,10,1
2013120213520,1,9,0,5,0,5,0,0,0,0,1,1,6,1,11,1595,2,3,6,3
2013120213520,2,9,0,18,0,1,0,0,0,0,1,1,6,2,8,1360,1,12,7,3
2013120213890,1,9,0,18,8,0,5,0,1,11,1,1,1,1,5,1896,2,6,5,1
2013120214043,1,9,0,18,0,0,2,0,1,0,1,1,1,1,4,-1,-1,-1,7,3
2013120214118,1,9,0,18,0,0,0,0,0,0,1,1,6,2,6,1995,2,-1,3,1
2013120214118,2,9,0,4,0,0,0,0,0,0,2,1,2,1,7,2204,2,6,8,3
2013120214192,1,9,0,9,0,1,0,0,0,0,3,1,6,2,5,1598,1,5,7,1
2013120214192,2,9,0,9,0,1,0,0,0,0,3,1,6,1,8,-1,-1,-1,8,3
2013120214260,1,9,0,17,0,0,2,0,1,10,1,1,6,1,4,1149,1,8,8,1
2013120214367,1,9,0,17,0,0,0,0,2,4,1,1,6,1,5,1390,1,-1,9,3
2013120214447,1,9,0,17,0,0,1,0,7,9,3,1,2,2,8,1299,1,10,3,1
2013120214453,1,19,0,3,0,0,0,0,0,0,2,1,1,1,6,-1,-1,-1,9,1
2013120214453,2,9,0,18,0,0,0,0,0,0,1,1,6,1,-1,-1,-1,-1,-1,-1
2013120214488,1,9,0,18,0,0,2,0,1,9,3,1,1,2,5,2495,2,18,10,2
2013120214549,1,9,0,18,0,0,0,0,0,0,1,1,1,1,4,1124,1,10,3,1
2013120214549,2,9,0,3,0,0,0,0,0,0,2,1,1,1,6,2000,2,2,-1,-1