Accident_Index,Vehicle_Reference,Vehicle_Type,Towing_and_Articulation,Vehicle_Manoeuvre,Vehicle_Location-Restricted_Lane,Junction_Location,Skidding_and_Overturning,Hit_Object_in_Carriageway,Vehicle_Leaving_Carriageway,Hit_Object_off_Carriageway,1st_Point_of_Impact,Was_Vehicle_Left_Hand_Drive?,Journey_Purpose_of_Driver,Sex_of_Driver,Age_Band_of_Driver,Engine_Capacity_(CC),Propulsion_Code,Age_of_Vehicle,Driver_IMD_Decile,Driver_Home_Area_Type
2013130021614,1,9,0,18,0,1,0,0,0,0,2,1,6,3,-1,1968,2,6,-1,-1
2013130021614,2,9,0,3,0,1,0,0,0,0,0,1,6,2,7,1995,2,5,7,1
2013130021629,1,9,0,8,0,1,0,0,0,0,2,1,6,2,8,1299,1,12,8,1
2013130021629,2,9,0,8,0,1,0,0,0,0,1,1,6,1,7,1598,2,2,10,1
2013130021644,1,9,0,18,0,0,0,0,0,0,1,1,1,1,7,-1,-1,-1,3,1
2013130021704,1,4,0,13,0,1,0,0,0,0,3,1,6,1,6,598,1,23,1,1
2013130021704,2,9,0,9,0,1,0,0,0,0,3,1,1,1,6,1248,2,2,5,1
2013130021870,1,9,0,5,0,6,0,0,0,0,1,1,6,1,8,998,1,1,1,1
2013130022047,1,9,0,18,0,0,0,0,0,0,1,1,6,2,10,1596,1,14,4,1
2013130022126,1,9,0,18,0,1,0,0,0,0,1,1,6,1,8,-1,-1,-1,6,1
2013130022126,2,9,0,18,0,1,0,0,0,0,1,1,6,1,6,973,1,10,4,1
2013130022688,1,9,0,1,0,0,0,0,0,0,2,1,6,1,4,1149,1,11,-1,-1
2013130022688,2,9,0,4,0,0,0,0,0,0,1,1,1,1,7,1497,1,8,-1,-1
2013130022688,3,19,0,2,0,0,0,0,0,0,0,1,1,1,6,-1,-1,-1,-1,-1
2013130023310,1,9,0,18,0,8,0,0,0,0,1,1,6,1,6,1798,1,6,4,1
2013130023328,1,9,0,18,0,0,0,0,0,0,1,1,6,2,9,3000,2,16,-1,-1
2013130023328,2,8,0,4,0,0,0,0,0,0,2,1,1,1,7,1998,2,6,3,3
2013130023333,1,9,0,1,0,0,0,0,0,0,2,1,6,1,7,1242,1,9,4,1
2013130023338,1,9,0,18,0,6,0,0,0,0,1,1,6,1,5,1968,2,7,2,1
2013130023338,2,9,0,18,0,1,0,0,0,0,1,1,6,2,7,-1,-1,-1,2,2
2013130023385,1,11,0,18,0,1,0,0,0,0,0,1,1,1,8,9360,2,1,2,2
2013130023395,1,9,0,18,0,8,0,0,0,0,3,1,1,1,6,1896,2,6,1,1
2013130023395,2,9,0,18,0,8,0,0,0,0,1,1,6,2,6,1390,1,9,8,1
2013130023631,1,9,0,5,0,6,0,0,0,0,1,1,6,1,6,1896,2,7,-1,-1
2013130023631,2,9,0,18,0,1,0,0,0,0,4,1,2,1,10,1598,1,10,6,1
2013130024157,1,9,0,18,0,0,0,0,0,0,1,1,6,1,7,-1,-1,-1,6,1
2013130024157,2,9,0,5,0,0,0,0,0,0,4,1,1,1,9,1896,2,4,2,1
2013130024211,1,9,0,4,0,1,0,0,0,0,0,1,1,1,9,-1,-1,-1,1,1
2013130024211,2,9,0,4,0,1,0,0,0,0,2,1,6,2,11,998,1,13,7,1
2013130024278,1,9,0,2,0,0,0,0,0,0,1,1,6,1,-1,1975,1,8,2,1
2013130024278,2,9,0,18,0,0,0,0,0,0,1,1,6,2,5,1242,1,7,5,1
2013130024901,1,1,0,18,0,8,0,0,0,0,4,1,6,1,6,-1,-1,-1,1,1
2013130024901,2,9,0,7,0,6,0,0,0,0,1,1,6,3,-1,1590,1,15,-1,-1
2013130025429,1,9,0,18,0,0,0,0,0,0,1,1,2,1,6,1984,1,8,1,1
2013130025429,2,1,0,12,0,0,0,0,0,0,2,1,2,1,6,-1,-1,-1,1,1
2013130025806,1,9,0,7,0,4,0,0,0,0,1,1,6,1,6,1896,2,11,3,1
2013130025806,2,9,0,7,0,4,0,0,0,0,2,1,6,2,4,999,1,13,7,2
2013130025839,1,9,0,18,0,2,0,0,0,1,1,1,6,1,11,1248,1,3,6,1
2013130026005,1,9,0,4,0,1,0,0,0,0,1,1,6,1,-1,1599,1,7,-1,-1
2013130026005,2,9,0,3,0,1,0,0,0,0,2,1,1,2,5,1242,1,13,1,1
2013130026102,1,19,0,4,9,0,0,0,0,0,1,1,6,1,-1,-1,-1,-1,-1,-1
2013130026180,1,9,0,17,0,8,0,0,0,0,1,1,6,2,8,1242,1,9,8,1
2013130026180,2,9,0,16,0,8,0,0,0,0,1,1,6,2,9,1199,1,12,8,1
2013130026191,1,9,0,5,0,8,0,0,0,0,1,1,6,1,9,1968,2,6,1,1
2013130026191,2,9,0,18,0,1,0,0,0,0,1,1,6,2,5,1199,1,9,1,1
2013130026236,1,16,0,18,0,0,0,0,0,0,2,1,6,2,5,-1,-1,-1,4,3
2013130026236,2,9,0,18,0,0,0,0,0,0,1,1,6,1,-1,-1,-1,-1,-1,-1
2013130026506,1,9,0,18,0,1,0,0,0,2,1,1,6,1,6,1497,1,7,1,1
2013130026772,1,9,0,18,0,0,0,0,0,0,2,1,6,1,5,1124,1,10,4,2
2013130026772,2,9,0,18,0,0,1,0,0,0,4,1,6,1,6,1560,2,1,4,1
2013130026855,1,9,0,18,0,1,0,0,0,0,1,1,6,2,7,1560,2,7,1,1
2013130026917,1,9,0,18,0,1,0,0,0,0,1,1,6,1,8,1769,1,11,1,1
2013130026917,2,9,0,18,0,1,0,0,0,0,1,1,6,1,7,-1,-1,-1,1,1
2013130027151,1,9,0,18,0,8,0,0,0,0,1,1,6,1,9,1598,1,1,4,1
2013130027151,2,9,0,18,0,8,0,0,0,0,1,1,6,2,6,1398,1,9,1,1
2013130027527,1,9,0,18,0,1,0,0,0,0,1,1,6,1,5,1997,2,13,1,1
2013130027577,1,9,0,16,0,0,1,0,6,0,1,1,6,1,6,1360,1,10,3,1
2013130027577,2,8,0,18,0,0,0,0,0,0,1,1,1,1,7,1896,2,10,2,1
2013130027682,1,9,0,18,0,0,0,0,0,0,4,1,6,1,7,2982,2,2,2,1
2013130028329,1,9,0,17,0,0,1,0,3,4,1,1,6,1,5,1124,1,14,1,1
2013130028445,1,9,0,9,0,5,0,0,0,0,4,1,6,1,9,1910,2,6,7,2
2013130028445,2,1,0,18,0,8,0,0,0,0,1,1,6,1,6,-1,-1,-1,7,1
2013130028874,1,9,0,18,0,2,2,0,1,9,1,1,6,1,5,1598,1,14,2,1
2013130028875,1,9,0,9,0,6,0,0,0,0,1,1,6,3,-1,1994,1,13,-1,-1
2013130028875,2,9,0,7,0,5,0,0,0,0,1,1,6,2,8,1242,1,6,2,1
2013130029076,1,9,0,18,0,1,1,0,0,0,1,1,6,1,6,2198,2,8,9,1
2013130029139,1,9,0,18,0,0,1,0,2,0,1,1,6,1,6,1360,1,14,3,1
2013130029139,2,19,0,18,0,0,0,0,0,0,2,1,1,1,8,3920,2,7,3,1
2013130029406,1,9,0,9,0,6,0,0,0,0,1,1,1,1,6,-1,-1,-1,1,1
2013130029406,2,9,0,18,0,8,1,0,0,0,4,1,6,1,8,1199,1,13,3,3
2013130029418,1,9,0,18,0,0,1,0,0,0,2,1,6,1,-1,1397,1,6,7,2
2013130029491,1,9,0,18,0,0,1,0,2,7,1,1,6,1,6,2793,1,15,1,1
2013130029680,1,9,0,18,0,1,0,0,0,10,1,1,6,1,9,1461,2,3,1,1
2013130029831,1,21,0,12,0,0,0,0,0,0,3,1,1,3,-1,12740,2,3,-1,-1
2013130029831,2,9,0,4,0,0,0,0,0,0,4,1,6,2,9,2967,2,3,9,3
2013130029972,1,9,0,18,0,0,0,0,0,0,1,1,6,1,-1,1560,2,7,-1,-1
2013130029972,2,9,0,18,0,0,0,0,0,0,2,1,6,2,8,-1,-1,-1,3,1
2013130029972,3,9,0,18,0,0,0,0,0,0,1,1,6,1,6,1998,1,11,7,1
2013130029976,1,9,0,18,0,1,0,0,0,0,1,1,6,1,6,3200,2,13,1,1
2013130030008,1,9,0,18,0,4,0,0,0,0,3,1,6,1,5,-1,-1,-1,-1,-1
2013130030008,2,1,0,18,0,4,0,0,0,0,4,1,6,2,4,-1,-1,-1,3,1
2013130030140,1,21,1,4,0,5,0,0,0,0,2,1,1,1,6,12130,2,8,6,2
2013130030140,2,21,1,18,0,8,3,0,4,6,1,1,1,1,7,12900,2,3,2,1
2013130030140,3,19,0,18,0,5,0,10,0,0,1,1,2,1,9,2198,2,-1,4,1
2013130030140,4,9,0,18,0,5,0,10,0,0,1,1,2,1,9,1240,1,5,4,1
2013130030140,5,9,0,18,0,8,0,0,0,0,1,1,1,1,9,1596,1,1,9,1
2013130030230,1,9,0,17,0,0,0,0,0,0,1,1,1,2,6,1596,1,7,-1,-1
2013130030230,2,9,0,2,0,0,0,0,0,0,1,1,6,3,-1,1997,2,7,-1,-1
2013130030239,1,9,0,17,0,0,1,0,0,0,1,1,2,1,5,998,1,22,1,1
2013130030239,2,9,0,16,0,0,0,0,0,0,1,1,2,1,8,1956,2,2,8,1
2013130030255,1,9,0,9,0,6,0,0,0,0,1,1,6,2,7,-1,-1,-1,-1,-1
2013130030255,2,9,0,18,0,8,0,0,0,0,4,1,6,1,6,1598,2,-1,-1,-1
2013130030255,3,9,0,18,0,8,0,0,0,0,1,1,6,1,6,1995,2,7,4,1
2013130030311,1,9,0,18,0,4,0,0,0,0,1,1,6,2,6,1360,1,10,-1,-1
2013130030311,2,9,0,9,0,8,0,0,0,0,3,1,6,2,6,1998,1,10,5,1
2013130030445,1,9,0,5,0,0,0,4,0,0,1,1,6,1,4,1199,1,11,-1,-1
2013130030445,2,9,0,2,0,0,0,0,0,0,2,1,6,3,-1,1086,1,10,-1,-1
2013130030493,1,5,0,16,0,0,0,0,0,0,3,1,1,1,8,680,1,7,1,2
2013130030493,2,19,0,17,0,0,0,0,0,0,3,1,6,3,-1,-1,-1,-1,-1,-1
2013130030617,1,9,0,18,0,0,1,0,7,2,4,1,6,2,7,1951,2,7,8,1
2013130030634,1,3,0,17,0,0,0,0,1,9,4,1,6,1,4,-1,-1,-1,8,1
2013130030711,1,19,0,2,0,0,0,0,0,0,0,1,6,1,-1,-1,-1,-1,-1,-1
2013130030711,2,9,0,16,0,0,0,0,1,4,0,1,6,1,8,2500,2,17,4,2
2013130030839,1,9,0,18,0,0,0,0,0,0,1,1,6,1,8,1749,1,12,-1,-1
2013130030839,2,9,0,2,0,0,0,0,0,0,2,1,6,2,5,1896,2,6,4,1
2013130030901,1,9,0,2,0,0,0,0,0,0,2,1,6,1,6,1796,1,10,10,1
2013130030901,2,9,0,2,0,0,0,0,0,0,4,1,6,2,6,1390,1,3,10,1
2013130030901,3,9,0,18,0,0,1,4,0,0,1,1,6,2,7,1968,2,5,9,1
2013130030919,1,9,0,7,0,8,0,7,3,6,1,1,6,1,11,1242,1,-1,4,1
2013130030919,2,9,0,18,0,1,0,0,0,0,0,1,6,2,4,1398,1,2,7,2
2013130031066,1,9,0,18,0,1,0,0,0,0,0,1,6,2,11,1329,1,3,1,3
2013130031066,2,9,0,7,0,2,0,0,0,0,0,1,6,1,8,1598,1,7,2,1
2013130031145,1,9,0,18,0,1,0,0,0,0,1,1,1,1,7,1390,1,-1,4,1
2013130031145,2,9,0,18,0,1,0,0,0,0,2,1,1,2,6,1988,1,13,8,1
2013130031154,1,9,0,18,0,0,0,0,0,0,1,1,6,1,-1,1900,2,8,-1,-1
2013130031154,2,9,0,3,0,0,0,0,0,0,2,1,6,1,7,1956,2,2,8,1
2013130031274,1,9,0,5,0,4,0,0,0,0,1,1,6,1,5,1124,1,7,2,1
2013130031274,2,3,0,18,0,8,0,0,0,0,4,1,2,1,7,124,1,-1,9,1
2013130031315,1,9,0,5,0,6,0,0,0,0,1,1,6,2,5,1149,1,14,8,1
2013130031334,1,9,0,18,0,0,0,0,0,0,1,1,6,2,4,1598,1,11,7,1
2013130031344,1,9,0,18,0,6,5,0,7,0,4,1,6,2,4,1242,1,3,8,1
2013130031344,2,9,0,18,0,8,0,0,0,0,1,1,2,1,8,1598,2,3,6,1
2013130031371,1,9,0,18,0,0,0,0,0,0,1,1,6,1,5,-1,-1,-1,1,1
2013130031371,2,9,0,18,0,0,0,0,0,0,0,1,1,1,7,1248,2,3,-1,-1
2013130031371,3,9,0,18,0,0,0,0,0,0,1,1,6,1,6,998,1,14,7,1
2013130031371,4,9,0,18,0,0,0,0,0,0,3,1,6,1,7,1998,2,9,-1,-1
2013130031371,5,19,0,13,0,0,0,0,0,0,3,1,6,1,8,1248,2,4,1,1
2013130031371,6,9,0,2,0,0,0,0,0,0,3,1,6,2,7,1998,1,5,9,1
2013130031371,7,1,0,18,0,0,0,0,0,0,3,1,6,1,5,-1,-1,-1,1,1
2013130031400,1,9,0,4,0,0,1,0,0,0,1,1,6,1,10,3050,2,18,6,1
2013130031458,1,9,0,18,0,2,0,0,0,0,1,1,6,1,6,1968,2,2,8,1
2013130031655,1,9,0,18,0,4,0,0,1,1,1,1,6,2,-1,1956,2,1,-1,-1
2013130031655,2,9,0,18,0,4,0,0,0,0,4,1,6,1,-1,999,1,-1,-1,-1
2013130031657,1,9,0,16,0,1,0,0,2,11,1,1,6,1,6,1800,1,14,9,2
2013130031657,2,9,0,2,0,2,0,0,0,0,3,1,6,3,6,1796,1,10,-1,-1
2013130031739,1,9,0,13,0,8,0,0,3,11,4,1,6,1,5,1896,2,9,1,1
2013130031739,2,9,0,9,0,8,0,0,0,0,3,1,6,1,4,1390,1,9,6,1
2013130032117,1,9,0,2,0,0,0,0,0,0,0,1,1,1,6,1360,1,15,4,1
2013130032117,2,11,0,18,0,0,0,0,0,0,0,1,1,3,-1,-1,-1,-1,-1,-1
2013130032310,1,8,0,3,0,1,0,0,0,0,2,1,1,1,6,2199,2,4,1,1
2013130032310,2,9,0,3,0,1,0,0,0,0,1,1,1,2,6,1248,2,4,-1,-1
2013130032434,1,11,0,2,0,0,0,0,0,0,0,1,1,2,8,6692,2,1,9,1
2013130032527,1,11,0,18,0,0,0,0,0,0,0,1,1,1,6,-1,-1,-1,3,1
2013130032657,1,9,0,4,0,0,0,0,0,0,3,1,6,1,7,1896,2,11,10,1
2013130032974,1,9,0,18,0,4,0,0,0,0,1,1,6,2,6,1396,1,13,8,1
2013130032974,2,9,0,18,0,4,0,0,0,0,2,1,6,2,6,1242,1,12,8,1
2013130033023,1,9,0,18,0,0,0,0,0,0,1,1,1,1,8,1598,1,9,3,1
2013130033128,1,9,0,18,0,0,0,0,0,0,4,1,6,3,-1,-1,-1,-1,-1,-1
2013130033128,2,1,0,18,0,0,0,0,0,0,3,1,6,1,6,-1,-1,-1,3,1
2013130033144,1,9,0,17,0,0,2,0,1,9,4,1,6,2,9,-1,-1,-1,7,3
2013130033470,1,9,0,18,0,1,1,7,1,10,1,1,6,2,6,1998,1,11,3,1
2013130033600,1,3,0,13,0,0,0,0,0,10,1,1,6,1,6,125,1,1,6,1
2013130033701,1,21,0,18,0,1,0,0,0,0,1,1,1,1,8,12777,2,5,7,1
2013130033701,2,9,0,18,0,7,0,0,0,6,4,1,6,1,8,1984,1,2,10,2
2013130033801,1,9,0,9,0,8,0,0,0,0,2,1,6,2,6,1598,1,2,9,1
2013130033801,2,1,0,18,0,8,0,0,0,0,1,1,6,1,9,-1,-1,-1,9,1
2013130034219,1,9,0,18,0,0,0,0,0,0,1,1,6,2,-1,-1,-1,-1,-1,-1
2013130034346,1,9,0,9,0,1,0,0,0,0,1,1,6,1,6,1895,1,14,1,1
2013130034346,2,9,0,18,0,1,0,0,0,0,1,1,6,2,5,1229,1,5,2,1
2013130034439,1,11,0,5,0,0,0,0,0,0,0,1,1,1,8,7300,2,5,2,1
2013130034446,1,9,0,18,0,0,0,7,0,0,1,1,6,1,11,1299,1,9,5,1
2013130034544,1,9,0,18,0,1,1,0,0,0,1,1,6,1,5,1596,1,14,3,1
2013130034544,2,8,0,4,0,1,0,0,0,0,2,1,1,1,7,1896,2,4,-1,-1
2013130034565,1,9,0,18,0,0,0,0,0,0,4,1,6,1,10,1995,2,1,2,1
2013130034565,2,9,0,6,0,0,0,0,0,0,1,1,6,3,-1,1086,1,9,-1,-1
2013130034587,1,9,0,3,0,1,0,0,0,0,1,1,6,3,-1,1248,1,2,-1,-1
2013130034651,1,9,0,18,0,1,1,0,0,0,2,1,6,3,-1,-1,-1,-1,-1,-1
2013130034660,1,9,0,18,0,0,0,0,0,0,1,1,2,1,8,1248,2,2,-1,-1
2013130034683,1,1,0,9,0,2,0,0,0,0,2,1,6,1,7,-1,-1,-1,1,1
2013130034683,2,9,0,18,0,1,0,0,0,0,1,1,6,3,-1,-1,-1,-1,-1,-1
2013130034749,1,9,0,9,0,2,0,0,0,0,1,1,2,2,7,1596,1,1,1,1
2013130034850,1,9,0,18,0,5,0,2,7,7,1,1,6,3,-1,1731,1,16,-1,-1
2013130034850,2,9,0,18,0,2,0,0,0,0,0,1,1,1,7,2993,2,1,-1,-1
2013130034850,3,9,0,18,0,2,0,0,0,0,2,1,6,1,6,1149,1,10,1,1
2013130035125,1,9,0,9,0,8,0,0,0,0,3,1,2,2,6,1299,1,12,-1,-1
2013130035125,2,2,0,18,0,1,0,0,0,0,1,1,6,1,4,49,1,5,1,1
2013130035431,1,19,0,9,0,1,0,0,0,0,1,1,1,1,8,1996,2,1,5,1
2013130035431,2,9,0,18,0,1,0,0,0,0,1,1,6,1,6,1596,1,11,3,1
2013130035563,1,9,0,9,0,8,0,0,0,0,1,1,6,3,-1,1396,1,10,-1,-1
2013130035629,1,9,0,9,0,1,0,0,0,0,1,1,1,1,9,1560,2,3,3,1
2013130035642,1,21,0,18,0,0,0,0,0,0,1,1,1,2,7,9200,2,4,1,1
2013130035642,2,9,0,4,0,0,0,0,1,7,2,1,6,2,7,1991,2,2,1,1
2013130035642,3,9,0,4,0,0,0,0,0,0,2,1,1,1,9,1997,2,3,1,1
2013130035642,4,9,0,4,0,0,0,0,0,0,2,1,1,1,8,1753,2,3,7,1
2013130035643,1,19,0,13,0,0,0,0,0,0,4,1,2,1,7,2463,2,7,8,2
2013130035643,2,1,0,18,4,0,1,0,0,0,3,1,2,1,6,-1,-1,-1,9,1
2013130035778,1,9,0,18,0,6,1,0,0,0,1,1,6,1,4,1896,2,8,4,1
2013130035778,2,21,1,18,0,1,0,0,0,0,4,1,1,1,8,10837,2,1,2,1
2013130036272,1,9,0,18,0,1,0,0,0,0,4,1,2,2,9,998,1,1,1,1
2013130036272,2,9,0,9,0,1,0,0,0,0,1,1,6,1,4,1796,1,2,1,1
2013130036460,1,3,0,18,0,2,0,0,0,0,1,1,6,1,4,125,1,-1,1,1
2013130036460,2,9,0,18,0,8,0,0,0,0,3,1,2,1,6,1396,1,10,2,1
2013130036460,3,9,0,18,0,8,0,0,0,0,1,1,6,1,4,1332,1,15,1,1
2013130036506,1,9,0,17,0,0,2,10,2,1,1,1,6,1,8,1560,2,1,5,2
2013130036615,1,9,0,4,0,0,1,0,0,10,3,1,2,2,6,1595,1,10,4,1
2013130036696,1,19,0,18,0,0,1,0,0,0,1,1,6,1,6,2198,2,1,4,1
2013130036804,1,9,0,18,0,3,1,0,1,4,3,1,6,1,8,-1,-1,-1,2,1
2013130036804,2,9,0,18,0,3,0,0,0,0,0,1,6,1,5,1998,1,9,3,1
2013130037134,1,9,0,18,0,1,0,0,0,0,2,1,6,2,8,1598,1,9,3,1
2013130037195,1,9,0,18,0,0,0,0,0,0,4,1,6,1,9,1587,1,12,2,1
2013130037195,2,9,0,18,0,0,0,0,0,0,1,1,6,1,9,2982,2,10,2,1
2013130037195,3,9,0,2,0,0,0,0,0,0,0,1,6,2,-1,1242,1,5,6,1
2013130037248,1,2,0,18,0,8,1,0,0,0,1,1,6,1,4,49,1,2,7,2
2013130037248,2,19,0,1,0,6,0,0,0,0,2,1,6,1,5,2148,2,4,10,2
2013130037628,1,9,0,18,0,1,0,0,0,0,1,1,6,1,7,-1,-1,-1,3,1
2013130037628,2,9,0,18,0,1,0,0,0,0,2,1,6,1,7,-1,-1,-1,2,2
2013130037628,3,9,0,18,0,1,0,0,0,0,1,1,6,1,7,2993,2,1,-1,-1
2013130038109,1,9,0,18,0,0,1,0,2,4,1,1,6,1,5,1999,1,10,3,1
2013130038475,1,9,0,2,0,0,0,0,0,0,2,1,6,1,8,1995,1,3,7,1
2013130038475,2,9,0,2,0,0,0,0,0,0,2,1,6,2,9,1389,1,16,7,1
2013130038475,3,9,0,18,0,0,0,4,0,0,1,1,1,1,7,1995,2,6,1,1
2013130038951,1,9,0,5,0,1,0,0,0,0,3,1,6,1,6,1896,2,9,1,1
2013130038951,2,2,0,18,0,1,0,0,0,0,1,1,6,1,5,124,1,4,1,1
2013130039015,1,9,0,9,0,0,0,0,0,0,1,1,6,2,8,1598,1,8,1,1
2013130039015,2,9,0,18,0,0,0,0,0,0,2,1,6,1,6,1998,1,9,1,1
2013130039015,3,9,0,2,0,0,0,0,0,0,3,1,6,3,-1,2720,2,7,-1,-1
2013130039252,1,9,0,18,0,0,0,0,0,0,1,1,6,2,6,1995,2,6,3,1
2013130039312,1,9,0,11,0,1,0,0,0,0,1,1,6,1,5,1124,1,11,4,1
2013130039312,2,9,0,10,0,1,0,0,0,0,2,1,6,2,8,1388,1,8,4,3
2013130039453,1,9,0,18,0,0,0,0,0,0,1,1,3,2,7,1300,1,14,4,1
2013130039457,1,3,0,7,0,8,0,0,0,0,4,1,2,2,8,124,1,1,4,1
2013130039470,1,11,0,4,0,8,0,0,0,0,1,1,6,1,6,12600,2,11,4,1
2013130039489,1,11,0,5,0,8,0,0,0,0,0,1,1,1,5,7300,2,5,3,1
2013130039489,2,9,0,4,0,8,0,0,0,0,0,1,6,3,7,-1,-1,-1,-1,-1
2013130039523,1,9,0,18,0,0,0,0,0,0,4,1,1,1,8,-1,-1,-1,10,1
2013130039665,1,9,0,3,0,1,0,0,0,0,1,1,6,3,-1,1360,1,12,-1,-1
2013130039665,2,9,0,3,0,1,0,0,0,0,2,1,1,1,7,1598,1,6,2,1
2013130039677,1,9,0,7,0,6,0,0,0,0,0,1,6,3,7,-1,-1,-1,-1,-1
2013130039677,2,11,0,18,0,1,0,0,0,0,0,1,1,1,7,9600,2,13,1,1
2013130039688,1,19,0,7,0,0,1,0,0,0,1,1,1,1,7,2198,2,5,6,1
2013130039688,2,9,0,9,0,0,0,0,0,0,3,1,2,2,5,1299,1,7,-1,-1
2013130039861,1,9,0,18,0,1,0,0,0,0,1,1,6,2,6,1984,1,10,8,1
2013130039861,2,19,0,9,0,1,0,0,0,0,1,1,6,1,9,1870,2,8,2,1
2013130039866,1,9,0,18,0,4,0,0,0,0,1,1,6,2,11,-1,-1,-1,4,1
2013130039866,2,9,0,9,0,8,0,0,0,0,4,1,6,2,7,2835,2,16,3,1
2013130040139,1,9,0,16,0,0,0,0,0,0,1,1,1,1,7,1896,2,12,4,1
2013130040139,2,9,0,17,0,0,0,0,0,0,1,1,1,1,7,-1,-1,-1,2,2
2013130040168,1,9,0,18,0,0,0,0,0,0,1,1,2,1,9,1596,1,2,4,1
2013130040168,2,9,0,18,0,0,0,0,0,0,2,1,2,1,6,-1,-1,-1,4,1
2013130040168,3,9,0,18,0,0,0,0,0,0,2,1,2,2,6,-1,-1,-1,-1,-1
2013130040193,1,9,0,16,0,0,1,0,0,0,3,1,1,1,9,1398,1,3,9,1
2013130040193,2,11,0,18,0,0,0,0,0,0,1,1,1,1,8,5900,2,5,3,2
2013130040253,1,9,0,18,0,0,0,0,0,0,2,1,2,2,8,1968,2,1,4,1
2013130040253,2,9,0,18,0,0,0,0,0,0,1,1,2,1,6,-1,-1,-1,2,1
2013130040291,1,9,0,2,0,0,0,0,0,0,3,1,6,2,7,1596,1,4,4,1
2013130040291,2,1,0,14,0,0,0,0,0,0,1,1,6,2,7,-1,-1,-1,6,1
2013130040299,1,9,0,3,0,1,0,0,0,0,2,1,6,1,4,1497,1,10,3,1
2013130040299,2,9,0,18,0,1,0,0,0,0,1,1,6,2,6,1910,2,5,1,1
2013130040373,1,11,0,18,0,2,0,0,0,0,0,1,1,1,8,9200,2,11,9,1
2013130040493,1,9,0,9,0,6,0,0,0,0,1,1,6,1,11,1587,1,10,3,1
2013130040493,2,1,0,18,0,8,0,0,0,0,3,1,6,1,8,-1,-1,-1,5,1
2013130040554,1,9,0,4,0,0,0,0,0,0,1,1,6,2,4,1229,1,-1,3,1
2013130040554,2,8,0,4,0,0,0,0,0,0,2,1,1,1,6,1995,2,8,1,1
2013130040573,1,9,0,18,0,0,0,0,0,0,4,1,1,1,10,-1,-1,-1,10,1
2013130040573,2,1,0,18,0,0,0,0,0,0,0,1,2,1,7,-1,-1,-1,5,1
2013130040702,1,9,0,9,0,8,0,0,0,0,1,1,6,1,9,3996,1,15,-1,-1
2013130040702,2,3,0,18,0,8,2,0,0,0,3,1,6,1,6,124,1,2,3,2
2013130040719,1,9,0,18,0,8,0,0,0,0,3,1,6,1,7,1598,1,12,2,1
2013130040734,1,9,0,18,0,1,0,0,0,0,1,1,6,1,9,1598,2,2,1,1
2013130040734,2,9,0,5,0,6,0,0,0,0,1,1,6,1,7,1597,1,7,2,1
2013130040802,1,9,0,18,0,6,0,0,0,0,1,1,6,3,-1,-1,-1,-1,-1,-1
2013130040802,2,9,0,18,0,1,0,0,0,0,1,1,6,1,7,1968,2,4,4,1
2013130040865,1,1,0,18,9,1,0,0,0,0,1,1,4,1,3,-1,-1,-1,-1,-1
2013130040865,2,9,0,5,0,1,0,0,0,0,4,1,6,2,8,1560,2,1,-1,-1
2013130040912,1,9,0,18,0,0,0,0,1,4,1,1,6,1,5,1199,1,11,6,1
2013130040930,1,9,0,18,0,0,0,0,0,0,1,1,6,2,6,-1,-1,-1,-1,-1
2013130040971,1,11,0,18,0,0,0,0,0,0,0,1,1,1,8,7300,2,5,-1,-1
2013130041000,1,9,0,5,9,6,0,0,0,0,1,1,6,1,-1,-1,-1,-1,-1,-1
2013130041029,1,19,0,1,0,0,0,0,0,0,1,1,6,3,-1,1248,2,2,-1,-1
2013130041029,2,3,0,3,0,0,0,0,0,0,0,1,6,1,4,-1,-1,-1,7,1
2013130041064,1,3,0,18,0,0,0,0,0,0,0,1,6,1,6,124,1,2,2,1
2013130041090,1,19,0,18,0,7,0,0,0,0,1,1,1,2,6,2198,2,1,-1,-1
2013130041090,2,9,0,18,0,7,0,0,0,0,2,1,6,1,10,1248,1,1,9,1
2013130041326,1,9,0,9,0,8,0,0,0,0,4,1,6,1,8,1995,2,2,2,1
2013130041326,2,3,0,18,0,8,0,0,0,0,1,1,6,1,4,124,1,21,2,1
2013130041409,1,2,0,18,0,8,0,0,0,0,1,1,6,1,4,49,1,2,2,2
2013130041409,2,8,0,18,0,8,0,0,0,0,4,1,6,1,8,1968,2,-1,1,3
2013130041409,3,8,0,18,0,8,0,0,0,0,0,1,6,2,7,1206,1,4,8,1
2013130041473,1,9,0,9,0,1,0,0,0,0,3,1,6,1,6,1994,2,8,2,1
2013130041525,1,9,0,9,0,5,0,0,0,0,0,1,6,1,6,1896,2,7,4,1
2013130041554,1,9,0,18,0,1,0,0,0,0,1,1,6,3,-1,1896,2,7,-1,-1
2013130041554,2,9,0,3,0,1,0,0,0,0,2,1,6,1,6,995,1,9,2,1
2013130041585,1,9,0,18,0,0,1,0,4,6,1,1,6,1,9,1388,1,10,8,3