Accident_Index,Vehicle_Reference,Vehicle_Type,Towing_and_Articulation,Vehicle_Manoeuvre,Vehicle_Location-Restricted_Lane,Junction_Location,Skidding_and_Overturning,Hit_Object_in_Carriageway,Vehicle_Leaving_Carriageway,Hit_Object_off_Carriageway,1st_Point_of_Impact,Was_Vehicle_Left_Hand_Drive?,Journey_Purpose_of_Driver,Sex_of_Driver,Age_Band_of_Driver,Engine_Capacity_(CC),Propulsion_Code,Age_of_Vehicle,Driver_IMD_Decile,Driver_Home_Area_Type
2013130041644,1,19,0,4,0,0,0,0,1,10,2,1,6,1,6,2151,2,10,8,1
2013130041644,2,9,0,18,0,0,0,0,0,0,1,1,6,2,7,1991,2,7,5,1
2013130041651,1,19,0,18,0,1,0,0,0,0,1,1,6,1,5,2402,2,7,-1,-1
2013130041651,2,9,0,3,0,1,0,0,0,0,2,1,6,2,6,1595,1,1,3,1
2013130041836,1,9,0,3,0,1,0,0,0,0,1,1,6,1,5,1986,2,7,4,1
2013130041836,2,9,0,3,0,1,0,0,0,0,2,1,6,1,6,998,1,8,6,1
2013130042041,1,9,0,3,0,0,0,0,0,0,2,1,6,2,7,2179,2,-1,6,1
2013130042041,2,9,0,11,0,0,1,0,0,0,1,1,1,1,6,-1,-1,-1,5,2
2013130042060,1,9,0,16,0,0,0,0,0,0,1,1,6,3,-1,1796,1,9,-1,-1
2013130042060,2,8,0,17,0,0,0,0,0,0,3,1,1,1,6,1686,2,10,1,1
2013130042069,1,9,0,18,0,1,0,4,0,0,1,1,6,1,10,1396,1,15,6,1
2013130042069,2,9,0,2,0,1,0,0,0,0,1,1,6,1,-1,1390,1,12,8,1
2013130042178,1,9,0,18,0,0,0,0,0,0,1,1,6,2,8,1896,2,4,9,1
2013130042187,1,19,0,9,0,6,0,0,0,0,1,1,6,1,6,1868,2,7,3,1
2013130042187,2,1,0,18,0,8,0,0,0,0,1,1,6,2,5,-1,-1,-1,7,1
2013130042187,3,9,0,3,0,1,0,0,0,0,0,1,6,1,6,1686,2,1,10,1
2013130042214,1,9,0,9,0,5,0,0,0,0,1,1,6,2,10,1389,1,7,4,2
2013130042214,2,9,0,18,0,1,0,0,0,0,1,1,2,1,4,-1,-1,-1,5,2
2013130042221,1,17,0,9,0,6,0,0,0,0,1,1,1,1,4,-1,2,7,8,3
2013130042221,2,9,0,18,0,8,0,0,0,0,3,1,6,2,7,1984,1,8,9,2
2013130042252,1,9,0,18,0,0,0,0,0,0,1,1,6,2,4,1198,1,3,9,1
2013130042252,2,9,0,3,0,0,0,0,0,0,2,1,6,2,6,998,1,3,2,1
2013130042268,1,9,0,4,0,1,0,0,0,0,1,1,6,1,6,1995,2,10,1,1
2013130042526,1,9,0,9,0,8,0,0,0,0,1,1,6,1,7,1769,1,10,3,1
2013130042526,2,9,0,18,0,8,0,0,0,0,1,1,6,1,7,998,1,13,2,1
2013130042526,3,19,0,18,0,8,0,0,0,0,3,1,1,1,8,-1,-1,-1,6,1
2013130042778,1,9,0,5,0,4,0,0,0,0,1,1,6,1,8,1686,2,7,7,1
2013130042778,2,1,0,18,0,8,0,0,0,0,2,1,6,1,7,-1,-1,-1,10,3
2013130042853,1,9,0,11,0,1,0,0,0,0,1,1,3,2,7,1988,1,10,1,1
2013130042853,2,9,0,16,0,1,0,0,0,0,1,1,2,2,7,1995,2,7,6,1
2013130042916,1,9,0,18,0,0,0,0,0,0,4,1,6,1,6,-1,-1,-1,7,1
2013130042916,2,11,0,18,0,0,0,0,0,0,3,1,1,1,8,9000,2,14,3,1
2013130042957,1,9,0,18,0,0,0,0,0,0,1,1,6,1,8,3950,1,12,4,1
2013130042957,2,9,0,18,0,0,0,0,0,0,2,1,6,2,6,1968,2,2,7,1
2013130042957,3,9,0,18,0,0,0,0,0,0,2,1,6,1,7,3189,1,9,7,1
2013130042957,4,9,0,18,0,0,0,0,0,0,2,1,6,2,6,1600,1,9,2,1
2013130043019,1,9,0,18,0,8,0,0,0,0,4,1,6,2,7,1910,2,5,7,1
2013130043019,2,21,0,18,0,8,0,0,0,0,1,1,6,1,-1,-1,-1,-1,-1,-1
2013130043064,1,9,0,2,0,0,0,0,0,0,2,1,6,1,4,1998,1,4,1,1
2013130043064,2,9,0,2,0,0,0,0,0,0,2,1,6,1,7,1397,1,11,1,1
2013130043064,3,9,0,2,0,0,0,0,0,0,1,1,6,1,7,-1,-1,-1,4,1
2013130043132,1,9,0,18,0,0,0,0,0,0,1,1,6,3,-1,-1,-1,-1,-1,-1
2013130043184,1,9,0,9,0,8,0,0,0,0,0,1,6,2,-1,998,1,6,-1,-1
2013130043184,2,1,0,18,0,8,1,0,0,0,0,1,1,1,5,-1,-1,-1,5,1
2013130043218,1,9,0,18,0,1,0,0,0,0,1,1,6,1,10,-1,-1,-1,1,1
2013130043218,2,9,0,18,0,4,0,0,0,0,3,1,6,2,9,998,1,7,6,1
2013130043427,1,19,0,18,0,0,0,0,0,0,0,1,6,1,-1,2402,2,7,-1,-1
2013130043746,1,9,0,18,0,8,0,0,0,0,1,1,1,1,11,899,1,13,3,1
2013130043746,2,9,0,18,0,8,0,0,0,0,1,1,1,1,6,1910,2,7,1,1
2013130043820,1,9,0,4,0,0,0,0,0,0,1,1,6,2,4,1199,1,10,9,1
2013130043820,2,9,0,3,0,0,0,0,0,0,2,1,6,1,4,1149,1,10,9,1
2013130043847,1,9,0,1,0,2,0,0,0,0,0,1,6,3,-1,-1,-1,-1,-1,-1
2013130043855,1,9,0,18,0,1,0,0,0,0,1,1,6,2,6,998,1,6,4,1
2013130043855,2,9,0,18,0,1,0,0,0,0,1,1,6,2,7,1995,2,1,5,1
2013130043855,3,9,0,18,0,1,0,0,0,0,1,1,6,1,6,1796,1,10,10,1
2013130043924,1,9,0,18,0,0,0,0,0,0,2,1,6,2,5,1248,2,3,10,1
2013130043924,2,9,0,18,0,0,0,0,0,0,3,1,6,2,5,1124,1,8,5,1
2013130043924,3,9,0,3,0,0,0,0,0,0,3,1,6,1,8,1596,1,7,3,1
2013130043957,1,9,0,9,0,0,0,0,0,0,1,1,6,1,5,1599,1,12,5,1
2013130043957,2,9,0,15,0,0,0,10,2,1,3,1,6,1,7,1781,1,11,-1,-1
2013130044118,1,9,0,4,0,4,0,0,0,0,1,1,6,1,4,1248,2,2,1,1
2013130044118,2,1,0,18,0,8,0,0,4,0,4,1,6,1,6,-1,-1,-1,5,1
2013130044514,1,19,0,9,0,1,0,0,0,0,3,1,1,1,7,2686,2,8,1,1
2013130044514,2,3,0,18,0,1,0,0,0,0,1,1,6,1,4,250,1,4,2,1
2013130044618,1,1,0,5,4,1,0,0,0,0,1,1,6,2,7,-1,-1,-1,8,1
2013130044618,2,9,0,7,0,1,0,0,0,0,2,1,6,1,-1,1798,1,12,3,1
2013130044766,1,9,0,9,0,6,0,0,0,0,3,1,6,2,5,1364,1,7,-1,-1
2013130044834,1,9,0,13,0,1,0,0,0,0,0,1,6,3,-1,-1,-1,-1,-1,-1
2013130044834,2,9,0,18,0,1,0,0,7,10,1,1,6,2,7,1149,1,11,1,1
2013130044834,3,19,0,18,0,2,0,0,1,0,1,1,6,1,6,-1,-1,-1,1,1
2013130044915,1,9,0,18,0,8,0,0,0,0,1,1,1,2,5,999,1,5,7,3
2013130044915,2,9,0,18,0,8,0,0,0,0,4,1,1,2,8,1896,2,4,-1,-1
2013130044915,3,19,0,3,0,8,0,0,0,0,3,1,1,1,8,1248,2,8,1,1
2013130044915,4,9,0,3,0,8,0,0,0,0,3,1,1,2,6,1390,1,4,-1,-1
2013130044995,1,8,0,18,0,8,0,0,0,0,1,1,1,1,6,1896,2,5,1,1
2013130044995,2,9,0,3,0,8,0,0,0,0,2,1,6,2,7,1339,1,10,7,1
2013130045090,1,9,0,1,0,8,0,0,0,0,2,1,6,1,6,1995,2,9,4,1
2013130045091,1,9,0,18,0,8,0,0,0,0,1,1,6,2,5,1400,2,8,6,1
2013130045091,2,9,0,9,0,8,0,0,0,0,3,1,6,2,7,2148,2,4,7,1
2013130045110,1,21,1,18,0,8,0,0,0,0,4,1,1,1,-1,-1,-1,-1,-1,-1
2013130045110,2,9,0,18,0,8,0,0,0,0,3,1,6,2,8,1360,1,3,7,1
2013130045589,1,9,0,18,0,1,0,0,0,0,1,1,6,3,-1,1590,1,10,-1,-1
2013130045589,2,9,0,4,0,1,0,0,0,0,1,1,6,1,7,998,1,5,6,1
2013130045756,1,9,0,18,0,2,0,0,0,0,3,1,6,1,7,1956,2,2,1,1
2013130046179,1,9,0,16,0,0,0,0,7,2,1,1,6,2,5,1388,1,4,8,1
2013130046362,1,11,0,9,0,6,0,0,0,0,0,1,1,1,8,9600,1,11,3,1
2013130046362,2,9,0,5,0,2,0,0,0,0,0,1,6,3,-1,-1,-1,-1,-1,-1
2013130046539,1,9,0,5,0,0,0,0,0,0,3,1,1,1,5,2148,2,4,4,1
2013130046589,1,9,0,16,0,1,0,0,0,0,1,1,6,1,6,1686,2,9,4,1
2013130046589,2,9,0,17,0,1,0,0,0,0,3,1,1,1,7,1896,2,8,4,1
2013130047000,1,9,0,18,0,0,0,0,0,0,1,1,6,1,4,1149,1,9,1,1
2013130047000,2,5,0,18,0,0,0,0,0,0,1,1,6,1,10,-1,-1,-1,3,1
2013130047014,1,9,0,18,0,6,0,0,0,0,1,1,6,1,9,1587,1,13,7,1
2013130047014,2,19,0,18,0,1,0,0,0,0,1,1,6,1,5,1686,2,14,3,1
2013130047070,1,9,0,18,0,1,0,0,0,0,1,1,1,1,6,1248,2,4,-1,-1
2013130047070,2,9,0,18,0,1,0,0,0,0,4,1,6,1,7,1895,1,11,1,1
2013130047103,1,19,0,5,0,1,0,0,0,0,1,1,1,1,8,2463,2,7,1,1
2013130047103,2,9,0,3,0,1,0,0,0,0,2,1,1,1,7,1388,1,6,6,1
2013130047145,1,1,0,18,0,0,0,0,0,0,3,1,2,1,7,-1,-1,-1,2,1
2013130047145,2,19,0,13,0,0,0,0,0,0,4,1,6,3,-1,-1,-1,-1,-1,-1
2013130047235,1,9,0,7,0,6,0,0,0,0,1,1,2,1,7,2720,2,7,1,1
2013130047278,1,9,0,18,0,0,0,0,0,0,1,1,6,1,5,-1,-1,-1,1,3
2013130047278,2,9,0,18,0,0,0,0,0,0,1,1,6,2,6,1248,2,7,1,1
2013130047400,1,9,0,7,0,1,0,0,0,0,1,1,6,1,7,2000,2,8,1,1
2013130047400,2,9,0,18,0,1,0,0,0,0,1,1,6,1,8,1896,2,7,1,1
2013130047460,1,9,0,18,0,1,0,0,0,0,3,1,6,1,10,1988,2,10,3,1
2013130047494,1,9,0,4,0,0,0,0,0,0,2,1,6,1,6,1360,1,6,1,1
2013130047494,2,9,0,18,0,0,0,0,0,0,1,1,1,3,-1,-1,-1,-1,-1,-1
2013130047576,1,9,0,18,0,1,0,0,0,0,1,1,6,2,5,1240,1,8,6,1
2013130047576,2,9,0,9,0,1,0,0,0,0,1,1,6,1,5,1686,2,10,1,1
2013130048070,1,9,0,18,0,2,0,0,0,0,1,1,6,1,5,1598,1,7,7,1
2013130048070,2,1,0,10,0,2,0,0,0,0,1,1,6,1,7,-1,-1,-1,1,1
2013130048074,1,9,0,18,0,0,0,0,0,0,1,1,6,1,5,1753,2,6,4,1
2013130048074,2,19,0,18,0,0,0,0,0,0,1,1,6,1,7,4461,2,1,7,1
2013130048074,3,19,0,18,0,0,0,0,0,0,0,1,6,1,7,4249,2,4,5,1
2013130048099,1,9,0,18,0,0,0,0,0,0,0,1,6,1,9,-1,-1,-1,5,2
2013130048111,1,17,0,18,0,1,0,0,0,0,1,1,6,1,6,-1,2,24,8,3
2013130048111,2,11,0,18,0,1,0,0,0,0,2,1,6,1,5,6374,2,3,4,1
2013130048185,1,9,0,18,0,8,0,0,0,0,1,1,6,2,6,1598,1,7,6,1
2013130048467,1,9,0,18,0,4,0,0,0,0,1,1,6,1,7,1968,2,1,9,3
2013130048467,2,1,0,7,0,8,0,0,0,0,1,1,6,1,7,-1,-1,-1,7,1
2013130048479,1,9,0,2,0,0,0,0,0,0,2,1,6,1,8,1796,1,3,4,1
2013130048479,2,9,0,2,0,0,0,0,0,0,4,1,6,2,9,1596,1,2,9,1
2013130048479,3,9,0,18,0,0,0,0,0,0,3,1,6,1,7,1998,1,10,9,3
2013130048841,1,9,0,2,0,0,0,0,0,0,0,1,1,1,-1,-1,-1,-1,-1,-1
2013130048841,2,9,0,5,0,0,0,0,0,0,1,1,6,3,-1,1968,2,6,-1,-1
2013130049359,1,8,0,18,0,8,0,0,0,0,3,1,1,1,10,-1,-1,-1,8,1
2013130049359,2,8,0,9,0,8,0,0,0,0,1,1,1,1,10,1896,2,6,1,1
2013130049368,1,9,0,18,0,0,1,0,1,3,3,1,6,1,5,1360,1,12,7,3
2013130049500,1,9,0,17,0,0,1,0,8,10,1,1,6,2,8,1397,1,4,5,2
2013130049600,1,11,0,18,0,0,0,0,0,0,1,1,6,1,9,7300,2,8,3,1
2013130049663,1,19,0,14,0,0,0,0,0,0,1,1,6,3,-1,-1,-1,-1,-1,-1
2013130049663,2,9,0,2,0,0,0,0,0,0,3,1,2,1,6,1896,2,6,6,1
2013130049877,1,9,0,9,0,6,0,0,0,0,3,1,6,2,-1,1339,1,1,8,1
2013130049877,2,9,0,18,0,8,0,0,0,0,1,1,6,1,7,1389,1,12,7,1
2013130049980,1,9,0,9,0,6,0,0,0,0,3,1,6,1,11,1896,2,9,10,3
2013130049980,2,9,0,18,0,8,0,0,0,0,1,1,6,1,5,1196,1,18,8,1
2013130050071,1,9,0,18,0,0,1,0,0,0,3,1,6,1,6,1598,1,10,7,1
2013130050071,2,8,0,18,0,0,0,0,0,0,3,1,1,1,6,1995,2,11,1,1
2013130050073,1,9,0,18,0,0,0,0,0,0,1,1,6,2,4,1299,1,11,9,1
2013130050073,2,9,0,1,0,0,0,0,0,0,0,1,6,3,-1,1769,1,10,-1,-1
2013130050081,1,9,0,18,0,0,0,0,7,11,4,1,6,1,7,2993,2,2,5,2
2013130050081,2,9,0,18,0,0,0,0,0,0,1,1,6,2,6,-1,-1,-1,3,1
2013130050104,1,9,0,17,0,0,2,0,7,9,0,1,1,1,6,1560,2,2,8,1
2013130050284,1,8,0,5,0,1,0,0,0,0,3,1,1,1,7,1598,1,9,1,1
2013130050406,1,9,0,18,0,1,0,0,0,0,1,1,6,1,4,-1,-1,-1,1,1
2013130050578,1,9,0,18,0,0,0,0,0,0,3,1,6,1,8,1329,1,4,7,3
2013130050701,1,9,0,10,0,1,0,0,0,0,2,1,6,1,5,1910,2,6,4,1
2013130050701,2,9,0,18,0,1,0,0,0,0,1,1,6,1,6,1390,1,7,1,1
2013130050749,1,21,1,18,0,0,4,0,0,0,0,1,1,1,5,10518,2,1,6,1
2013130050843,1,9,0,3,0,0,0,0,0,0,0,1,6,1,6,1240,1,10,2,1
2013130050843,2,9,0,18,0,0,0,0,0,0,1,1,6,1,5,1149,1,5,3,1
2013130051037,1,9,0,7,0,1,0,0,0,0,1,1,1,1,7,1998,2,11,4,1
2013130051037,2,9,0,8,0,1,0,0,0,0,2,1,1,1,7,1332,1,2,7,1
2013130051039,1,9,0,18,0,1,0,0,0,0,1,1,6,3,-1,1686,2,8,-1,-1
2013130051161,1,19,0,18,0,0,1,0,0,0,1,1,1,1,6,1995,2,2,1,1
2013130051161,2,9,0,3,0,0,0,0,0,0,2,1,2,2,7,1968,2,4,7,1
2013130051195,1,9,0,3,0,1,0,0,0,0,2,1,6,2,7,1360,1,10,5,1
2013130051195,2,9,0,18,0,1,0,0,0,0,1,1,6,1,-1,1896,2,8,-1,-1
2013130051322,1,9,0,9,0,0,0,0,0,0,1,1,6,1,5,1998,2,6,1,1
2013130051343,1,5,0,18,0,1,1,0,0,0,1,1,6,1,5,797,1,34,-1,-1
2013130051346,1,1,0,18,0,8,0,0,0,0,1,1,6,1,5,-1,-1,-1,2,1
2013130051346,2,8,0,3,0,1,0,0,0,0,4,1,1,1,9,1896,2,9,4,1
2013130051368,1,9,0,7,0,6,0,0,0,0,1,1,1,1,6,1796,1,5,2,1
2013130051420,1,9,0,2,0,0,0,0,0,0,3,1,6,2,7,1390,1,16,10,2
2013130051420,2,9,0,18,0,0,0,0,0,0,4,1,6,1,11,1597,1,3,8,1
2013130051561,1,11,0,18,0,0,0,0,0,0,1,1,1,1,7,6692,2,1,3,1
2013130051567,1,9,0,18,0,6,0,0,0,0,1,1,6,2,-1,-1,-1,-1,5,1
2013130051567,2,1,0,18,0,1,0,0,0,0,1,1,6,1,7,-1,-1,-1,2,1
2013130051615,1,9,0,18,0,0,0,0,0,0,2,1,6,1,8,1951,2,11,9,1
2013130051615,2,9,0,18,0,0,0,0,0,0,2,1,6,1,8,1968,2,1,-1,-1
2013130051615,3,9,0,18,0,0,0,0,0,0,2,1,6,1,7,1870,2,9,8,1
2013130051737,1,2,0,18,0,0,0,0,0,0,1,1,6,1,4,-1,-1,-1,2,2
2013130051837,1,9,0,18,0,0,1,0,0,0,1,1,6,1,8,1199,1,12,5,2
2013130051837,2,9,0,3,0,0,0,0,0,0,2,1,6,2,5,1399,2,1,4,2
2013130051980,1,9,0,18,0,0,0,0,0,0,1,1,6,1,5,1199,1,11,1,1
2013130052056,1,9,0,18,0,6,0,0,0,0,1,1,6,3,-1,2477,2,7,-1,-1
2013130052056,2,9,0,18,0,1,0,0,0,0,1,1,6,2,5,1686,2,7,2,1
2013130052080,1,3,0,18,0,0,0,0,0,0,1,1,6,1,3,-1,-1,-1,-1,-1
2013130052080,2,9,0,6,0,0,0,0,0,0,1,1,2,1,6,1560,2,2,1,1
2013130052138,1,9,0,9,0,1,0,0,0,0,1,1,6,1,11,1298,1,10,2,1
2013130052149,1,21,0,12,0,0,0,0,0,0,3,1,1,1,9,-1,-1,-1,-1,-1
2013130052149,2,9,0,13,0,0,0,0,0,0,4,1,2,1,7,1796,1,10,4,1
2013130052295,1,19,0,6,0,0,0,0,0,0,0,1,1,1,-1,-1,-1,-1,-1,-1
2013130052295,2,1,0,18,0,0,0,0,0,0,0,1,6,1,5,-1,-1,-1,-1,-1
2013130052602,1,9,0,18,0,1,1,10,7,10,1,1,3,2,6,1390,1,2,2,1
2013130052602,2,9,0,18,0,1,1,0,0,0,0,1,3,2,5,1390,1,7,6,1
2013130052602,3,9,0,18,0,1,1,0,0,0,1,1,2,2,6,1839,1,10,5,1
2013130052602,4,9,0,18,0,1,1,0,0,0,4,1,2,2,8,1242,1,5,3,1
2013130052631,1,9,0,18,0,0,1,0,4,1,1,1,1,1,6,-1,-1,-1,1,1
2013130052631,2,9,0,18,0,0,0,0,0,0,3,1,1,2,5,1596,1,6,8,1
2013130052645,1,9,0,6,0,0,0,0,0,0,3,1,6,2,6,1896,2,11,1,1
2013130052645,2,9,0,18,0,0,0,0,0,0,1,1,6,1,8,1360,1,12,7,1
2013130052648,1,9,0,4,0,8,1,0,0,0,1,1,6,2,5,1968,2,7,3,1
2013130052648,2,9,0,18,0,8,0,0,0,0,1,1,6,2,7,1796,1,5,8,1
2013130053134,1,11,0,5,0,2,0,0,0,0,0,1,1,1,8,9000,2,14,6,1
2013130053303,1,9,0,16,0,0,1,0,0,0,3,1,6,2,6,1242,1,1,1,3
2013130053303,2,9,0,17,0,0,0,0,0,0,3,1,6,2,6,1298,1,8,8,3
2013130053330,1,9,0,7,0,0,0,0,0,0,4,1,6,1,11,1388,1,2,8,2
2013130053330,2,9,0,18,0,0,0,0,0,0,3,1,6,2,7,2993,2,3,7,3
2013130053409,1,9,0,4,0,0,0,0,0,0,2,1,6,2,9,1229,1,7,3,1
2013130053409,2,9,0,18,0,0,0,0,0,0,1,1,6,2,-1,1582,2,1,4,1
2013130053409,3,9,0,18,0,0,0,0,0,0,1,1,6,1,8,-1,-1,-1,4,1
2013130053409,4,9,0,18,0,0,0,0,0,0,1,1,6,2,6,1560,2,9,9,1
2013130053409,5,9,0,18,0,0,0,0,0,0,1,1,6,1,8,1582,2,2,6,1
2013130053409,6,9,0,18,0,0,0,0,0,0,1,1,6,1,5,1391,1,12,6,2
2013130053409,7,9,0,18,0,0,0,0,0,0,1,1,6,1,11,1364,1,7,5,1
2013130053409,8,9,0,18,0,0,0,0,0,0,1,1,6,2,8,1998,1,11,6,1
2013130053409,9,21,0,18,0,0,0,0,0,0,1,1,6,1,7,8500,2,18,8,3
2013130053409,10,9,0,18,0,0,0,0,0,0,1,1,6,1,9,-1,-1,-1,7,2
2013130053414,1,9,0,18,0,1,0,0,0,0,1,1,6,1,6,4367,2,2,9,1
2013130053414,2,1,0,18,0,8,0,0,0,0,1,1,6,1,2,-1,-1,-1,9,1
2013130053527,1,9,0,3,0,2,0,0,0,0,2,1,6,1,7,-1,-1,-1,10,1
2013130053527,2,9,0,18,0,1,0,0,0,0,1,1,6,3,-1,1497,1,11,-1,-1
2013130053587,1,9,0,18,0,0,0,0,0,0,2,1,6,1,6,1398,1,5,2,1
2013130053587,2,9,0,18,0,0,0,0,0,0,1,1,6,3,-1,1896,2,6,-1,-1
2013130053594,1,9,0,9,0,0,0,0,0,0,1,1,6,1,8,1199,1,14,1,1
2013130053594,2,9,0,18,0,0,0,0,0,0,1,1,6,1,5,1461,2,3,5,1
2013130053637,1,8,0,4,0,0,0,0,0,0,2,1,1,1,8,-1,-1,-1,2,1
2013130053637,2,9,0,3,0,0,0,0,0,0,2,1,1,1,7,1968,2,8,3,1
2013130053639,1,9,0,5,0,0,0,0,0,0,3,1,6,2,5,1229,1,7,2,1
2013130053639,2,9,0,5,0,0,0,0,0,0,4,1,6,2,6,1798,1,6,8,1
2013130053796,1,9,0,18,0,1,0,0,0,0,1,1,6,1,5,1560,2,4,2,3
2013130053796,2,8,0,4,0,6,0,0,0,0,2,1,1,1,8,1995,2,5,3,1
2013130053805,1,9,0,9,0,1,0,0,0,0,3,1,1,1,6,1598,1,6,4,1
2013130053805,2,1,0,18,0,1,0,0,0,0,1,1,6,1,7,-1,-1,-1,6,1
2013130053889,1,9,0,18,0,1,0,0,0,0,1,1,6,1,7,-1,-1,-1,7,1
2013130053889,2,9,0,18,0,1,0,0,0,0,3,1,6,2,7,1390,1,4,9,1
2013130053911,1,9,0,18,0,0,2,0,7,10,0,1,6,1,5,1396,1,11,3,1
2013130053983,1,9,0,18,0,0,0,0,0,0,1,1,6,2,7,1149,1,12,-1,-1
2013130053983,2,9,0,18,0,0,0,0,0,0,1,1,2,1,6,1796,1,10,2,1
2013130054079,1,9,0,18,0,0,1,0,7,10,1,1,2,2,6,1242,1,9,3,1
2013130054264,1,9,0,18,0,2,0,0,0,0,1,1,6,1,8,998,1,11,4,1
2013130054264,2,9,0,18,0,1,0,0,0,0,1,1,3,2,7,1998,1,7,10,3
2013130054501,1,9,0,18,0,1,0,0,0,0,1,1,1,1,6,-1,-1,-1,8,1
2013130054501,2,9,0,4,0,1,0,0,0,0,2,1,6,2,7,1796,1,10,4,1
2013130054515,1,9,0,9,0,4,0,0,0,0,1,1,6,1,6,1198,1,1,1,1
2013130054515,2,9,0,18,0,1,0,0,0,0,1,1,2,2,6,2231,2,6,1,1
2013130054565,1,9,0,17,7,0,0,0,1,0,1,1,1,1,7,1686,2,1,8,1
2013130054565,2,21,1,2,6,0,0,0,0,0,2,1,1,1,6,-1,-1,-1,-1,-1
2013130054659,1,9,0,9,0,0,0,0,0,0,1,1,6,1,5,1199,1,9,3,1
2013130054659,2,9,0,18,0,0,0,0,0,0,1,1,6,1,7,1998,2,5,4,1
2013130054793,1,1,0,18,0,8,0,0,0,0,1,1,6,1,7,-1,-1,-1,6,1
2013130054793,2,9,0,5,0,8,0,0,0,0,2,1,6,1,-1,1242,1,9,-1,-1
2013130055089,1,9,4,13,0,1,0,0,0,0,4,1,6,1,9,2494,2,5,4,3
2013130055089,2,1,0,18,0,1,0,0,0,0,3,1,6,1,10,-1,-1,-1,5,1
2013130055214,1,9,0,9,0,8,0,0,0,0,1,1,6,1,6,-1,-1,-1,4,1
2013130055214,2,1,0,7,0,8,1,0,0,0,1,1,6,1,6,-1,-1,-1,6,1
2013130055236,1,3,0,18,0,4,0,0,0,0,1,1,6,1,8,487,1,14,1,1
2013130055236,2,8,0,18,0,4,0,0,0,0,1,1,6,1,7,1910,2,5,3,1
2013130055266,1,9,0,18,0,0,0,0,0,0,1,1,2,2,5,1390,1,3,2,1
2013130055341,1,9,0,5,0,1,0,0,0,0,1,1,6,1,6,1242,1,13,1,1
2013130055341,2,9,0,5,0,1,0,0,0,0,2,1,6,1,7,1896,2,15,1,1
2013130055351,1,9,0,18,0,0,1,0,0,1,1,1,2,1,8,-1,-1,-1,6,1
2013130055371,1,9,0,18,0,0,0,0,0,0,0,1,6,3,-1,-1,-1,-1,-1,-1
2013130055679,1,9,0,9,0,8,0,0,0,0,4,1,2,1,5,1124,1,6,2,1
2013130055679,2,19,0,18,0,1,0,0,0,0,3,1,1,1,7,-1,-1,-1,-1,-1
2013130055725,1,9,0,11,0,5,0,0,0,0,1,1,1,1,7,-1,-1,-1,3,1
2013130055725,2,9,0,4,0,8,0,0,1,0,0,1,6,1,10,1242,1,2,10,1
2013130055725,3,9,0,4,0,8,0,0,0,0,2,1,6,1,5,-1,-1,-1,1,1
2013130055925,1,9,0,7,0,2,0,0,0,0,4,1,1,1,6,998,1,1,5,1
2013130056028,1,9,0,9,0,1,0,0,0,0,1,1,6,1,4,998,1,14,5,1
2013130056028,2,9,0,18,0,1,0,0,0,0,1,1,1,1,5,-1,-1,-1,7,1
2013130056082,1,9,0,18,0,1,0,0,0,0,1,1,6,1,7,1896,2,8,10,1
2013130056082,2,1,0,18,0,1,0,0,0,0,1,1,6,1,7,-1,-1,-1,9,3
2013130056312,1,11,0,16,0,0,0,0,0,0,3,1,1,2,7,9360,2,1,3,1
2013130056312,2,21,0,2,0,0,0,0,0,0,4,1,1,1,8,-1,-1,-1,3,1
2013130056390,1,9,0,14,0,0,0,0,0,0,4,1,6,1,7,998,1,1,1,1
2013130056516,1,9,0,10,0,0,0,0,0,0,3,1,6,2,6,1796,1,12,3,1
2013130056516,2,3,0,13,0,0,0,0,0,0,1,1,6,2,6,124,1,1,8,3
2013130056523,1,9,0,9,0,5,0,0,0,0,3,1,1,2,5,1600,1,9,5,1
2013130056523,2,9,0,18,0,1,0,0,0,0,4,1,6,1,9,1998,1,11,6,1
2013130056590,1,9,0,18,0,8,0,0,0,0,4,1,6,1,6,1598,2,3,5,1
2013130056590,2,9,0,18,0,8,0,0,0,0,1,1,6,1,7,-1,-1,-1,1,1
2013130056949,1,9,0,18,0,3,0,0,0,0,1,1,6,2,6,1329,1,4,2,1
2013130056949,2,9,0,18,0,1,0,0,0,0,2,1,6,1,-1,-1,-1,-1,-1,-1
2013130057012,1,9,0,9,0,8,0,0,0,0,1,1,6,2,9,1598,1,7,-1,-1
2013130057012,2,9,0,17,0,8,0,0,0,0,1,1,6,1,6,1399,2,1,7,3
2013130057012,3,9,0,16,0,8,0,0,0,0,1,1,6,1,7,2179,2,6,8,1
2013130057025,1,3,0,14,0,1,0,0,0,0,1,1,1,1,8,124,1,6,1,1
2013130057025,2,9,0,9,0,6,0,0,0,0,1,1,1,2,8,1998,2,7,1,1
2013130057038,1,9,0,18,0,0,0,0,0,0,1,1,6,1,5,998,1,4,3,1
2013130057038,2,9,0,3,0,0,0,0,0,0,2,1,6,2,6,980,1,22,8,1
2013130057056,1,9,0,9,0,6,0,0,0,0,3,1,6,1,8,1229,1,2,4,1
2013130057056,2,9,0,18,0,1,0,0,0,0,1,1,6,2,4,1242,1,7,7,1