Accident_Index,Vehicle_Reference,Vehicle_Type,Towing_and_Articulation,Vehicle_Manoeuvre,Vehicle_Location-Restricted_Lane,Junction_Location,Skidding_and_Overturning,Hit_Object_in_Carriageway,Vehicle_Leaving_Carriageway,Hit_Object_off_Carriageway,1st_Point_of_Impact,Was_Vehicle_Left_Hand_Drive?,Journey_Purpose_of_Driver,Sex_of_Driver,Age_Band_of_Driver,Engine_Capacity_(CC),Propulsion_Code,Age_of_Vehicle,Driver_IMD_Decile,Driver_Home_Area_Type
2013130057188,1,9,0,9,0,1,0,0,0,0,1,1,6,2,4,1242,1,2,4,1
2013130057188,2,9,0,18,0,8,0,7,0,0,4,1,6,1,7,2446,2,12,6,1
2013130057292,1,9,0,18,0,1,0,0,0,0,2,1,6,3,-1,-1,-1,-1,-1,-1
2013130057292,2,9,0,18,0,1,0,0,0,0,1,1,6,1,7,1124,1,12,6,1
2013130057369,1,9,0,18,0,0,0,0,0,0,1,1,6,3,-1,-1,-1,-1,-1,-1
2013130057444,1,9,0,18,0,1,0,0,0,0,1,1,6,1,5,1986,2,6,4,1
2013130058054,1,9,0,18,0,1,0,0,0,0,1,1,6,1,6,1328,1,7,2,1
2013130058058,1,9,0,18,0,0,0,0,0,0,1,1,2,2,5,1299,1,12,9,1
2013130058058,2,8,0,18,0,0,0,0,0,0,4,1,1,1,-1,-1,-1,-1,-1,-1
2013130058198,1,9,0,18,0,8,0,0,7,1,1,1,6,1,10,1198,1,6,3,1
2013130058230,1,3,0,18,0,0,0,0,0,0,1,1,6,1,7,1299,1,9,5,1
2013130058230,2,9,0,4,0,0,0,0,0,0,2,1,6,2,9,1896,2,9,8,1
2013130058234,1,9,0,4,0,0,0,0,0,0,2,1,6,2,7,1396,1,10,-1,-1
2013130058234,2,9,0,18,0,0,0,0,0,0,1,1,6,1,8,1968,2,3,8,1
2013130058542,1,9,0,4,0,0,0,0,0,0,1,1,1,1,5,-1,-1,-1,2,1
2013130058542,2,9,0,4,0,0,0,0,4,6,2,1,1,1,7,-1,-1,-1,9,1
2013130058542,3,9,0,4,0,0,0,0,0,0,2,1,1,1,4,1368,1,2,4,1
2013130058542,4,9,0,4,0,0,0,0,0,0,2,1,1,1,5,1588,1,13,7,1
2013130058542,5,9,0,4,0,0,0,0,0,0,1,1,6,1,6,1995,2,1,7,1
2013130058656,1,9,0,18,0,6,0,0,0,0,1,1,6,2,6,1248,1,1,10,1
2013130058656,2,9,0,18,0,8,0,0,0,0,4,1,6,2,8,1599,1,9,2,1
2013130058681,1,8,0,9,0,1,0,0,0,0,1,1,6,1,-1,1995,2,6,-1,-1
2013130058728,1,9,0,18,0,0,1,0,1,2,4,1,6,1,5,2000,1,11,4,1
2013130058760,1,9,0,10,0,1,0,0,0,0,1,1,6,1,6,1242,1,7,1,1
2013130058760,2,9,0,18,0,1,0,0,0,0,1,1,6,1,8,1124,1,16,2,1
2013130058779,1,9,0,18,0,0,0,0,0,0,1,1,2,1,7,2993,2,8,5,1
2013130058779,2,1,0,18,0,0,0,0,0,0,2,1,2,1,7,-1,-1,-1,1,1
2013130058799,1,3,0,18,0,1,0,0,0,0,1,1,6,1,4,-1,-1,-1,1,1
2013130058799,2,3,0,18,0,6,0,0,0,0,1,1,6,1,4,124,1,6,4,1
2013130058803,1,10,0,18,0,0,0,0,0,0,1,1,6,1,8,-1,-1,-1,1,1
2013130058803,2,9,0,4,0,0,0,0,0,0,2,1,6,1,5,1422,2,5,1,1
2013130058890,1,9,0,18,0,1,0,0,0,0,1,1,6,1,6,1968,2,8,6,1
2013130059694,1,3,0,14,0,0,0,0,0,0,4,1,6,3,-1,-1,-1,-1,-1,-1
2013130059819,1,9,0,18,0,0,1,0,0,0,1,1,6,3,-1,-1,-1,-1,-1,-1
2013130059819,2,9,0,2,0,0,0,0,0,0,4,1,6,1,-1,1364,2,5,-1,-1
2013130060070,1,9,0,18,0,0,0,0,0,0,4,1,6,3,-1,1973,1,15,-1,-1
2013130060210,1,9,0,18,0,8,0,0,0,0,1,1,6,1,6,1242,1,13,1,1
2013130060210,2,9,0,18,0,8,0,0,0,0,1,1,6,2,8,1299,1,5,8,3
2013130060244,1,9,0,6,0,0,0,0,0,0,3,1,2,2,6,998,1,-1,2,1
2013130060244,2,5,0,14,0,0,0,0,0,0,1,1,2,1,7,805,1,6,8,1
2013130060257,1,19,0,2,0,0,0,0,0,0,4,1,6,1,6,1753,2,7,1,1
2013130060257,2,10,0,18,0,0,0,0,0,0,3,1,1,1,9,2402,2,8,1,1
2013130060327,1,4,0,13,0,1,0,0,1,10,1,1,6,1,-1,-1,-1,-1,-1,-1
2013130060327,2,9,0,9,0,1,0,0,0,0,3,1,6,2,6,1560,2,1,2,1
2013130060386,1,9,0,18,0,1,0,0,0,0,1,1,6,2,9,1984,2,2,8,1
2013130060703,1,9,0,18,0,8,0,0,0,0,3,1,6,2,8,1560,2,3,8,3
2013130060703,2,9,0,18,0,8,0,0,0,0,1,1,6,1,6,1968,2,1,4,2
2013130060842,1,9,0,9,0,8,0,0,0,0,1,1,2,2,6,1242,1,1,1,1
2013130060842,2,9,0,18,0,8,0,0,0,0,1,1,2,1,5,1995,2,4,2,1
2013130060842,3,9,0,10,0,8,0,0,0,0,1,1,2,1,6,1794,1,10,3,1
2013130060853,1,3,0,18,0,4,1,0,0,0,1,1,2,1,7,125,1,8,3,1
2013130060992,1,9,0,18,0,0,1,0,5,6,1,1,1,1,8,1798,1,3,1,1
2013130061014,1,9,0,17,0,8,0,0,0,0,3,1,6,1,10,1242,1,12,3,1
2013130061014,2,9,0,16,0,8,0,0,0,0,3,1,6,2,6,-1,-1,-1,6,1
2013130061050,1,9,0,18,0,0,0,0,5,0,1,1,6,2,9,1686,2,-1,8,1
2013130061050,2,9,0,18,0,0,0,0,0,0,2,1,1,1,6,1229,1,-1,7,1
2013130061050,3,9,0,18,0,0,0,0,0,0,2,1,6,1,-1,1598,2,1,-1,-1
2013130061133,1,9,0,9,0,1,0,0,0,0,2,1,6,2,10,1339,1,7,1,1
2013130061133,2,9,0,18,0,1,0,0,0,0,1,1,6,3,-1,-1,-1,-1,-1,-1
2013130061207,1,9,0,18,0,8,5,0,0,0,1,1,6,1,10,-1,-1,-1,2,1
2013130061207,2,9,0,2,0,8,0,0,0,0,1,1,6,3,-1,1599,1,12,-1,-1
2013130061209,1,9,0,9,0,8,0,0,0,0,4,1,6,2,6,1240,1,3,8,1
2013130061209,2,5,0,18,0,8,1,0,0,0,1,1,6,1,7,599,1,5,6,1
2013130061243,1,11,0,18,0,0,0,0,0,0,1,1,1,1,7,12000,2,8,1,1
2013130061243,2,9,0,18,0,0,0,0,0,0,2,1,6,1,6,1199,1,12,1,1
2013130061256,1,9,0,16,0,0,0,0,0,0,1,1,6,2,4,1390,1,13,6,1
2013130061256,2,9,0,16,0,0,1,0,1,0,2,1,6,1,5,1124,1,9,5,1
2013130061259,1,5,0,13,0,1,0,0,7,9,1,1,6,1,9,1298,1,12,8,2
2013130061259,2,9,0,9,0,1,0,0,0,0,3,1,6,2,9,2179,2,1,8,1
2013130061443,1,11,0,18,0,0,0,0,0,0,0,1,1,1,7,9600,2,14,-1,-1
2013130061542,1,9,0,17,0,0,0,0,0,0,0,1,6,3,-1,-1,-1,-1,-1,-1
2013130061542,2,9,0,18,0,0,0,0,1,3,1,1,1,1,5,1686,2,2,3,1
2013130061548,1,5,0,4,0,0,0,0,0,0,1,1,6,1,8,1000,1,-1,9,1
2013130061548,2,9,0,4,0,0,0,0,0,0,2,1,6,1,-1,-1,-1,-1,-1,-1
2013130061564,1,9,0,18,0,0,0,0,0,0,4,1,6,2,6,1998,2,7,10,1
2013130061564,2,9,0,18,0,0,0,0,0,0,2,1,6,1,5,-1,-1,-1,1,1
2013130061574,1,11,0,18,0,0,0,0,0,0,0,1,1,1,7,7300,2,5,4,1
2013130061605,1,9,0,1,0,0,0,0,0,0,2,1,6,2,-1,-1,-1,-1,-1,-1
2013130061621,1,8,0,5,0,0,0,0,0,0,3,1,1,1,7,1896,2,6,1,1
2013130061665,1,9,0,18,0,8,0,0,0,0,1,1,6,2,7,1229,1,3,3,2
2013130061665,2,8,0,18,0,8,0,0,0,0,1,1,1,1,11,1910,2,5,9,1
2013130061714,1,9,0,9,0,1,0,0,0,0,1,1,6,1,8,1796,1,14,1,1
2013130061714,2,9,0,18,0,1,0,0,2,0,3,1,6,1,4,1242,1,5,4,1
2013130061743,1,9,0,4,0,6,1,0,0,0,1,1,6,1,7,1998,1,10,3,1
2013130061743,2,9,0,18,0,8,0,0,0,0,4,1,6,1,6,1900,2,7,4,1
2013130061820,1,9,0,18,0,1,0,0,0,0,1,1,6,3,-1,1896,2,11,-1,-1
2013130061820,2,9,0,18,0,6,0,0,0,0,3,1,6,1,6,2720,2,8,3,1
2013130061889,1,9,0,4,0,1,0,0,0,0,2,1,1,2,7,1248,2,1,7,1
2013130061889,2,9,0,18,0,1,0,0,0,0,1,1,6,2,6,1360,1,1,-1,-1
2013130061942,1,9,0,18,0,1,0,0,0,0,4,1,6,1,8,1998,1,10,2,1
2013130061942,2,9,0,18,0,6,0,0,0,0,1,1,6,1,10,1796,1,6,9,3
2013130062339,1,9,0,1,0,8,0,0,0,0,2,1,6,1,-1,-1,-1,-1,-1,-1
2013130062432,1,9,0,4,0,1,0,0,0,0,2,1,6,1,4,1396,1,15,-1,-1
2013130062432,2,9,0,18,0,1,0,0,0,0,1,1,6,3,-1,-1,-1,-1,-1,-1
2013130062432,3,9,0,18,0,1,0,0,0,0,1,1,6,2,-1,1400,2,6,-1,-1
2013130062554,1,9,0,4,0,1,0,0,0,0,2,1,6,1,6,-1,-1,-1,7,1
2013130062554,2,9,0,18,0,1,0,0,0,0,1,1,6,1,9,1753,2,7,2,1
2013130062704,1,9,0,8,0,1,0,0,0,0,1,1,6,1,8,1998,2,5,1,1
2013130062704,2,9,0,18,0,1,1,0,0,0,1,1,6,1,8,-1,-1,-1,3,1
2013130062933,1,9,0,18,0,8,0,0,0,0,1,1,6,1,6,1956,2,1,5,1
2013130062933,2,9,0,18,0,1,0,0,0,0,3,1,6,2,5,1500,1,13,2,1
2013130063101,1,9,0,16,0,1,0,0,0,0,2,1,6,1,5,1896,2,8,3,1
2013130063101,2,9,0,5,0,1,0,0,0,0,1,1,6,1,8,1997,2,4,1,1
2013130063145,1,11,0,9,0,8,0,0,0,0,0,1,1,2,7,6692,2,1,3,1
2013130063153,1,9,0,16,0,1,0,0,0,0,0,1,1,1,-1,1248,2,4,-1,-1
2013130063153,2,9,0,5,0,2,0,0,0,0,2,1,2,1,6,1598,1,6,2,1
2013130063153,3,9,0,5,0,2,0,0,0,0,1,1,1,1,8,1390,1,10,1,1
2013130063294,1,9,0,9,0,1,0,0,0,0,1,1,6,1,8,1398,1,7,6,1
2013130063294,2,1,0,18,0,1,0,0,0,0,1,1,6,1,7,-1,-1,-1,7,1
2013130063416,1,21,4,12,0,7,0,0,0,0,3,1,1,1,-1,-1,-1,-1,-1,-1
2013130063416,2,9,0,18,0,1,0,0,0,6,4,1,6,1,10,1896,2,7,3,1
2013130063416,3,9,0,18,0,1,0,0,0,0,1,1,6,1,7,1248,1,-1,7,3
2013130063450,1,9,0,18,0,0,0,0,0,0,1,1,6,3,-1,-1,-1,-1,-1,-1
2013130063487,1,9,0,18,0,0,0,0,0,0,4,1,6,2,7,1598,1,13,-1,-1
2013130063519,1,9,0,9,0,6,0,0,0,0,3,1,6,1,9,1391,1,17,7,2
2013130063519,2,9,0,18,0,1,0,0,0,0,1,1,6,1,4,1910,2,5,1,1
2013130063774,1,9,0,18,0,8,0,0,0,0,0,1,6,3,-1,-1,-1,-1,-1,-1
2013130063799,1,9,0,9,0,6,0,0,0,0,1,1,6,1,10,1398,2,10,6,1
2013130063799,2,9,0,18,0,8,0,0,0,0,4,1,3,2,7,1296,1,7,6,1
2013130063851,1,9,0,16,0,0,1,0,0,10,1,1,6,1,6,1389,1,11,1,1
2013130063851,2,9,0,17,0,0,0,0,0,0,1,1,6,1,5,1360,1,10,6,1
2013130064080,1,90,0,3,0,8,0,0,0,0,1,1,6,1,6,-1,-1,-1,7,1
2013130064080,2,11,0,9,0,6,0,0,0,0,1,1,1,1,7,7300,2,6,3,1
2013130064210,1,9,0,18,0,8,0,0,0,0,0,1,6,3,-1,-1,-1,-1,-1,-1
2013130064405,1,9,0,18,0,6,0,0,0,0,1,1,6,1,4,1299,1,13,7,1
2013130064405,2,19,0,18,0,1,0,0,0,0,4,1,6,1,7,2198,2,1,1,1
2013130064501,1,9,0,18,0,0,0,0,0,0,1,1,6,3,-1,1388,1,8,-1,-1
2013130064501,2,9,0,18,0,0,0,0,0,0,1,1,6,2,8,1390,1,7,9,2
2013130064667,1,11,0,18,0,0,0,0,0,0,0,1,1,1,8,9360,2,1,-1,-1
2013130064764,1,19,0,1,0,0,0,0,0,0,2,1,1,1,9,2287,2,4,5,1
2013130064887,1,1,0,18,0,8,0,0,0,0,1,1,6,2,7,-1,-1,-1,7,3
2013130064887,2,9,0,9,0,5,0,0,0,0,1,1,6,1,-1,-1,-1,-1,-1,-1
2013130065208,1,9,0,18,0,4,0,0,0,0,1,1,6,1,5,1796,1,11,5,1
2013130065208,2,9,0,18,0,8,0,0,0,0,1,1,6,1,6,1781,1,13,1,1
2013130065208,3,9,0,18,0,1,0,0,0,0,0,1,1,1,-1,2792,1,4,-1,-1
2013130065424,1,9,0,14,0,0,0,0,0,0,1,1,6,2,8,1598,1,9,1,1
2013130065424,2,11,0,2,0,0,0,0,0,0,0,1,1,2,5,5900,2,7,4,2
2013130065647,1,3,0,18,0,0,1,0,0,0,4,1,2,1,5,125,1,10,1,1
2013130065958,1,9,0,9,0,6,0,0,0,0,1,1,6,1,9,1796,1,8,1,1
2013130065958,2,9,0,18,0,1,0,0,0,0,4,1,6,1,11,1242,1,12,4,1
2013130065986,1,9,0,17,0,0,1,0,0,0,1,1,6,2,7,1560,2,2,4,2
2013130066191,1,9,0,18,0,1,1,0,0,0,1,1,6,1,6,-1,-1,-1,2,1
2013130066191,2,9,0,10,0,8,0,0,0,0,4,1,6,2,7,1800,1,14,2,1
2013130066191,3,9,0,18,0,1,0,0,0,0,3,1,6,2,7,1198,1,3,5,1
2013130066195,1,9,0,18,0,0,1,0,0,0,4,1,6,1,5,1870,2,9,2,1
2013130066195,2,9,0,18,0,0,1,0,2,0,1,1,6,2,7,3000,1,6,8,1
2013130066241,1,9,0,18,0,1,0,0,0,0,4,1,6,1,6,1360,1,8,5,1
2013130066241,2,9,0,9,0,6,0,0,0,0,1,1,6,1,-1,1896,2,6,-1,-1
2013130066255,1,11,0,18,0,0,0,0,0,0,1,1,6,1,-1,11000,2,15,4,1
2013130066315,1,11,0,5,0,0,0,0,0,0,0,1,1,1,9,9360,2,4,5,1
2013130066375,1,9,0,18,0,0,0,0,0,0,1,1,6,2,8,-1,-1,-1,3,1
2013130066375,2,9,0,18,0,0,0,0,0,0,1,1,6,2,5,1390,1,2,6,1
2013130066452,1,9,0,18,0,0,0,0,0,0,1,1,6,2,8,2179,2,3,2,1
2013130066461,1,9,0,16,0,0,1,0,0,0,1,1,6,1,5,1248,2,6,-1,-1
2013130066461,2,9,0,17,0,0,0,0,0,0,1,1,6,1,8,1560,2,4,1,1
2013130066491,1,9,0,18,0,1,0,0,0,0,1,1,2,1,7,1199,1,10,4,1
2013130066491,2,9,0,9,0,6,0,0,0,0,3,1,6,1,11,796,1,6,3,1
2013130066496,1,9,0,4,0,0,1,0,0,0,1,1,6,2,6,1242,1,3,9,1
2013130066496,2,9,0,4,0,0,0,0,0,0,2,1,6,2,7,1299,1,11,1,1
2013130066586,1,9,0,18,0,0,0,0,0,0,0,1,6,3,-1,-1,-1,-1,-1,-1
2013130066595,1,9,0,18,0,0,0,0,0,0,1,1,6,2,7,1396,1,8,3,1
2013130066595,2,9,0,2,0,0,0,0,0,0,2,1,6,1,-1,1560,2,-1,-1,-1
2013130066595,3,9,0,2,0,0,0,0,0,0,2,1,6,3,-1,1242,1,5,-1,-1
2013130066649,1,90,0,5,0,0,0,0,0,0,3,1,1,1,-1,-1,-1,-1,-1,-1
2013130066649,2,9,0,18,0,0,0,0,0,0,4,1,6,1,6,1988,1,10,9,1
2013130066649,3,9,0,18,0,0,0,0,0,0,1,1,6,2,10,1397,1,4,10,1
2013130066739,1,9,0,11,0,8,1,0,0,2,1,1,6,1,11,1596,1,6,8,1
2013130066895,1,9,0,18,0,0,0,0,0,0,1,1,6,2,-1,1339,1,2,7,1
2013130066895,2,9,0,3,0,0,0,0,0,0,2,1,6,2,7,998,1,10,4,3
2013130066984,1,9,0,18,0,6,0,0,0,0,3,1,6,1,6,2401,2,7,5,1
2013130066984,2,9,0,18,0,1,0,0,0,0,1,1,6,1,6,1769,1,11,-1,-1
2013130067145,1,11,0,18,0,0,0,0,0,0,0,1,6,2,7,9360,2,1,7,1
2013130067278,1,9,0,3,0,1,0,0,0,0,2,1,6,1,7,-1,-1,-1,-1,-1
2013130067278,2,9,0,4,0,1,0,0,0,0,1,1,6,1,-1,-1,-1,-1,-1,-1
2013130067415,1,9,0,18,0,1,0,0,0,0,2,1,6,2,4,1299,1,8,7,2
2013130067415,2,9,0,18,0,1,0,0,0,0,1,1,6,1,8,2688,2,11,1,1
2013130067512,1,19,0,18,0,0,0,0,0,0,1,1,6,1,10,2496,2,16,3,1
2013130067521,1,9,0,18,0,0,1,0,0,0,1,1,6,1,-1,1396,1,16,-1,-1
2013130067521,2,9,0,18,0,0,0,0,0,0,0,1,6,1,-1,-1,-1,-1,-1,-1
2013130067521,3,19,0,3,0,0,0,0,0,0,2,1,6,1,8,-1,-1,-1,7,1
2013130067521,4,9,0,3,0,0,0,0,0,0,2,1,6,2,7,1870,2,12,4,1
2013130067521,5,19,0,3,0,0,0,0,0,0,2,1,6,1,8,-1,-1,-1,2,1
2013130067622,1,9,0,18,0,1,0,0,0,0,1,1,6,1,9,1298,1,10,1,1
2013130067640,1,19,0,18,0,0,0,0,0,0,1,1,6,1,-1,2179,2,7,2,1
2013130067640,2,19,0,4,0,0,0,0,0,0,2,1,6,1,8,5880,2,9,10,1
2013130067759,1,9,0,10,0,0,0,0,0,0,1,1,6,1,8,2460,2,8,1,1
2013130067759,2,3,0,18,0,0,0,0,0,0,0,1,6,1,8,124,1,1,-1,-1
2013130067762,1,9,0,18,0,0,0,0,0,0,1,1,6,1,10,1988,2,9,8,1
2013130067784,1,9,0,3,0,1,0,0,0,0,1,1,6,1,6,1997,1,12,-1,-1
2013130067784,2,9,0,1,0,8,0,0,0,0,2,1,6,1,-1,-1,-1,-1,-1,-1
2013130067880,1,5,0,13,0,0,0,0,0,0,4,1,6,1,8,998,1,15,1,1
2013130067880,2,9,0,18,0,0,0,0,0,0,1,1,6,1,-1,-1,-1,-1,-1,-1
2013130067943,1,1,0,9,0,8,0,0,0,0,2,1,6,1,7,-1,-1,-1,9,1
2013130067943,2,9,0,9,0,8,0,0,0,0,1,1,6,1,9,1997,2,9,8,1
2013130068031,1,19,0,18,0,2,0,0,0,0,3,1,2,1,6,2198,2,1,1,1
2013130068031,2,9,0,18,0,1,0,0,0,0,3,1,6,1,6,1895,1,12,3,1
2013130068791,1,9,0,18,0,1,0,0,0,0,4,1,6,3,-1,-1,-1,-1,-1,-1
2013130068795,1,9,0,18,0,1,0,0,0,0,1,1,6,2,5,1242,1,12,-1,-1
2013130068829,1,9,0,3,0,1,0,0,0,0,1,1,6,1,11,1246,1,8,7,1
2013130068829,2,9,0,3,0,1,0,0,0,0,2,1,6,2,10,1364,1,4,9,1
2013130068829,3,9,0,18,0,1,0,0,0,0,1,1,6,1,10,1197,1,1,8,1
2013130068934,1,9,0,18,0,0,0,0,0,0,1,1,6,1,11,1364,2,5,2,1
2013130068934,2,9,0,18,0,0,0,0,0,0,3,1,6,1,7,1997,2,9,3,1
2013130068957,1,9,0,3,0,1,0,0,0,0,0,1,6,2,-1,1896,2,5,8,1
2013130068957,2,9,0,18,0,1,0,0,0,0,1,1,6,2,7,1242,1,1,9,1
2013130069029,1,9,0,11,0,0,5,0,1,0,4,1,6,2,7,1747,1,14,2,1
2013130069064,1,9,0,4,0,0,0,0,0,0,2,1,2,1,6,1497,1,11,3,1
2013130069064,2,19,0,5,0,0,1,0,0,0,1,1,2,1,5,1868,2,12,3,1
2013130069083,1,9,0,18,0,4,0,0,0,0,1,1,6,2,-1,1339,1,11,-1,-1
2013130069083,2,1,0,18,0,4,0,0,0,0,2,1,6,1,6,-1,-1,-1,1,1
2013130069252,1,9,0,18,0,8,2,0,1,10,1,1,6,1,5,999,1,1,6,1
2013130069252,2,9,0,7,0,6,0,0,0,0,1,1,6,2,11,1596,1,4,7,1
2013130069371,1,9,0,9,0,5,0,0,0,0,4,1,6,2,7,1396,1,13,2,1
2013130069371,2,9,0,18,0,1,0,0,0,0,1,1,6,1,5,1598,1,5,8,1
2013130069373,1,9,0,16,0,2,0,0,7,3,1,1,6,1,10,1762,1,14,4,1
2013130069399,1,9,0,18,0,0,0,0,0,0,1,1,2,1,8,1783,1,11,1,1
2013130069426,1,19,0,12,0,0,0,0,0,0,3,1,1,1,5,2198,2,5,3,1
2013130069426,2,9,0,18,0,0,0,0,0,0,4,1,6,1,6,1910,2,6,7,1
2013130069572,1,9,0,18,0,4,0,0,0,0,3,1,6,1,8,1995,2,1,10,1
2013130069572,2,1,0,18,0,3,0,0,0,0,1,1,6,1,8,-1,-1,-1,2,1
2013130069647,1,9,0,18,0,5,0,0,0,0,1,1,2,1,8,998,1,13,2,1
2013130069671,1,19,0,18,0,0,0,0,0,0,4,1,6,3,-1,-1,-1,-1,-1,-1
2013130069867,1,9,0,12,0,0,0,0,0,0,3,1,6,2,8,1997,2,4,10,1
2013130069867,2,9,0,18,0,0,1,0,5,6,1,1,6,1,7,1997,2,11,3,1
2013130069927,1,19,0,18,0,1,0,0,0,0,1,1,6,1,7,2148,2,6,2,1
2013130070011,1,9,0,18,0,0,0,0,0,0,1,1,6,1,6,1968,2,5,1,1
2013130070011,2,9,0,18,0,0,0,0,0,0,1,1,6,1,6,1896,2,5,9,1
2013130070011,3,21,1,2,6,0,0,0,0,0,2,1,1,1,7,10518,2,1,7,1
2013130070027,1,9,0,9,0,8,0,0,0,0,3,1,2,2,6,1560,2,1,1,1
2013130070043,1,9,0,18,0,0,0,0,0,0,1,1,6,3,-1,-1,-1,-1,-1,-1
2013130070129,1,5,0,18,0,1,1,0,1,0,0,1,2,1,8,1130,1,10,4,1
2013130070168,1,9,0,18,0,0,0,0,0,0,3,1,1,1,8,1598,1,10,7,1
2013130070168,2,9,0,18,0,0,0,0,0,0,1,1,6,1,10,1998,1,6,4,1
2013130070201,1,5,0,5,0,4,1,0,0,0,1,1,2,1,5,600,1,12,4,1
2013130070201,2,9,0,5,0,4,0,0,0,0,0,1,2,1,7,2231,2,1,8,3
2013130070251,1,9,0,18,0,1,0,0,0,0,4,1,6,3,-1,-1,-1,-1,-1,-1
2013130070292,1,9,0,18,0,6,0,0,1,2,0,1,6,2,6,993,1,11,-1,-1
2013130070292,2,9,0,9,0,8,0,0,0,0,1,1,6,2,5,1598,1,5,-1,-1
2013130070308,1,9,0,18,0,0,1,0,0,0,1,1,3,2,-1,1896,2,5,-1,-1
2013130070308,2,9,0,9,0,0,0,0,0,0,2,1,6,2,-1,1905,2,15,-1,-1
2013130070335,1,9,0,18,0,0,1,0,0,0,1,1,6,1,6,1970,1,16,1,1
2013130070415,1,1,0,18,0,8,5,0,0,0,4,1,2,1,8,-1,-1,-1,3,1
2013130070415,2,9,0,9,0,8,0,0,0,0,1,1,2,2,6,1149,1,1,4,1
2013130070525,1,9,0,7,0,5,0,0,0,0,1,1,6,3,-1,1590,1,12,-1,-1
2013130070525,2,1,0,18,0,1,0,0,0,0,1,1,6,1,7,-1,-1,-1,8,1
2013130070535,1,9,0,10,0,1,0,0,0,0,1,1,6,2,7,1596,1,6,6,1
2013130070535,2,9,0,18,0,2,2,0,0,2,4,1,6,1,10,1360,1,1,10,1
2013130070549,1,9,0,18,0,1,0,0,0,0,2,1,6,1,5,1586,1,6,9,1
2013130070587,1,9,0,14,0,2,0,0,0,0,1,1,6,1,7,1598,1,6,3,1
2013130070587,2,3,0,16,0,1,1,0,0,0,1,1,6,1,5,649,1,8,3,1
2013130070587,3,9,0,2,0,2,0,0,0,0,4,1,6,3,-1,1995,1,11,-1,-1
2013130070704,1,9,0,18,0,4,0,0,0,0,1,1,6,1,10,1968,2,7,10,1
2013130070704,2,9,0,9,0,8,0,0,0,0,4,1,6,2,7,1596,1,1,2,1
2013130070762,1,9,0,14,0,0,0,0,0,0,4,1,6,3,-1,1896,2,6,-1,-1
2013130070762,2,9,0,3,0,0,0,0,0,0,3,1,6,1,6,1997,2,8,5,1
2013130070890,1,11,0,18,0,0,0,0,0,0,0,1,1,1,7,7300,2,12,-1,-1
2013130070908,1,9,0,18,0,0,0,0,0,0,3,1,6,2,5,1124,1,13,1,1
2013130070916,1,9,0,18,0,0,0,0,0,0,3,1,6,2,8,1686,2,11,2,1
2013130070941,1,9,0,18,0,8,1,0,1,1,3,1,6,1,6,1995,2,1,3,1
2013130070941,2,9,0,18,0,8,1,0,0,0,1,1,6,1,5,1956,2,3,3,1
2013130071065,1,9,0,7,0,5,0,0,0,0,1,1,6,1,5,1560,2,8,3,2
2013130071065,2,9,0,18,0,1,0,0,0,0,2,1,6,2,6,1598,2,1,4,1
2013130071235,1,9,0,3,0,0,0,0,0,0,1,1,2,2,5,1390,1,2,8,1
2013130071235,2,9,0,3,0,0,0,0,0,0,2,1,2,2,8,1999,1,4,4,1
2013130071235,3,9,0,3,0,0,0,0,0,0,1,1,2,2,8,1598,1,5,8,1
2013130071235,4,9,0,18,0,0,0,0,0,0,2,1,2,2,7,1984,1,12,6,1
2013130071303,1,9,0,18,0,8,0,0,0,0,1,1,6,1,9,2198,7,10,1,1
2013130071303,2,9,0,18,0,8,0,0,0,0,3,1,6,2,7,1994,2,17,2,1
2013130071327,1,9,0,9,0,0,0,0,0,0,3,1,6,1,5,1149,1,10,9,1
2013130071327,2,2,0,13,0,0,0,0,0,0,1,1,6,1,4,49,1,-1,5,1
2013130071361,1,1,0,18,0,1,0,0,0,0,1,1,6,1,7,-1,-1,-1,1,1
2013130071361,2,9,0,7,0,5,0,0,0,0,2,1,6,1,6,-1,-1,-1,1,1
2013130071371,1,9,0,9,0,6,0,0,0,0,3,1,6,2,9,1296,1,5,9,1
2013130071371,2,9,0,18,0,8,0,0,0,0,1,1,2,2,8,1360,1,10,5,1
2013130071460,1,3,0,18,0,2,0,0,7,11,1,1,6,1,5,-1,-1,-1,1,2
2013130071460,2,11,0,18,0,1,0,0,0,0,0,1,1,1,10,5900,2,7,3,2
2013130071460,3,9,0,2,0,2,0,0,0,0,2,1,6,3,-1,1598,1,6,-1,-1
2013130071518,1,8,0,18,0,8,0,0,0,0,0,1,1,1,7,1997,2,6,1,1
2013130071664,1,9,0,18,0,0,0,0,1,2,1,1,2,1,6,1248,2,2,4,2
2013130071827,1,9,0,9,0,1,0,0,0,0,4,1,6,1,6,1968,2,5,1,1
2013130071827,2,9,0,18,0,1,0,0,0,0,1,1,6,2,-1,2993,2,10,-1,-1
2013130071881,1,9,0,7,0,1,0,0,1,11,1,1,6,1,11,1995,2,1,8,3
2013130072020,1,9,0,18,0,0,0,0,0,0,1,1,6,1,4,1799,1,15,1,1