Accident_Index,Vehicle_Reference,Vehicle_Type,Towing_and_Articulation,Vehicle_Manoeuvre,Vehicle_Location-Restricted_Lane,Junction_Location,Skidding_and_Overturning,Hit_Object_in_Carriageway,Vehicle_Leaving_Carriageway,Hit_Object_off_Carriageway,1st_Point_of_Impact,Was_Vehicle_Left_Hand_Drive?,Journey_Purpose_of_Driver,Sex_of_Driver,Age_Band_of_Driver,Engine_Capacity_(CC),Propulsion_Code,Age_of_Vehicle,Driver_IMD_Decile,Driver_Home_Area_Type
2013130091332,1,9,0,14,0,0,0,0,0,0,1,1,6,1,7,-1,-1,-1,6,3
2013130091334,1,9,0,18,0,0,1,0,0,0,1,1,2,2,5,1124,1,9,6,1
2013130091337,1,9,0,18,0,2,0,0,0,0,4,1,6,2,6,1198,1,11,3,1
2013130091378,1,9,0,12,0,1,0,0,0,0,3,1,6,1,-1,-1,-1,-1,-1,-1
2013130091378,2,9,0,18,0,1,0,0,0,0,4,1,6,1,5,1998,1,3,10,1
2013130091406,1,9,0,3,0,1,0,0,0,0,2,1,6,2,6,1242,1,13,5,1
2013130091406,2,9,0,18,0,1,0,0,0,0,1,1,6,1,-1,1390,1,1,-1,-1
2013130091449,1,9,0,18,0,8,0,0,0,0,1,1,6,1,7,1995,2,7,4,3
2013130091449,2,1,0,18,0,6,0,0,0,0,1,1,6,1,4,-1,-1,-1,6,1
2013130091537,1,9,0,4,0,0,0,0,0,0,4,1,6,2,6,998,1,9,2,1
2013130091781,1,9,0,18,0,8,0,0,0,0,1,1,6,1,6,2401,1,8,2,1
2013130091781,2,9,0,18,0,1,0,0,0,0,0,1,1,1,7,1248,2,2,-1,-1
2013130091781,3,9,0,9,0,4,0,0,0,0,3,1,6,2,6,1461,2,4,-1,-1
2013130092046,1,9,0,18,0,0,0,0,0,0,3,1,6,1,7,1686,2,2,2,1
2013130092046,2,9,0,4,0,0,0,0,0,0,4,1,6,1,10,1360,1,11,1,1
2013130092293,1,9,0,2,0,0,0,0,0,0,2,1,6,1,-1,1951,2,9,2,2
2013130092293,2,1,0,18,0,0,0,0,0,0,1,1,6,1,8,-1,-1,-1,4,1
2013130092956,1,1,0,18,9,1,0,0,0,0,1,1,6,1,3,-1,-1,-1,1,1
2013130092956,2,9,0,4,0,1,0,0,0,0,4,1,6,1,4,1596,1,8,2,2
2013130092983,1,9,0,18,0,8,0,0,0,0,1,1,6,1,5,1753,2,10,8,1
2013130092983,2,9,0,9,0,6,0,0,0,0,3,1,6,1,10,1360,1,8,3,1
2013130093024,1,9,0,18,0,0,2,0,2,0,1,1,6,1,6,1124,1,11,5,2
2013130093064,1,9,0,18,0,0,2,0,1,4,1,1,6,1,9,1398,1,1,6,1
2013130093162,1,8,0,18,0,8,0,0,0,0,1,1,1,1,8,1896,2,8,3,1
2013130093291,1,9,0,18,0,0,0,0,0,10,1,1,6,1,8,3000,1,19,7,1
2013130093361,1,9,0,9,0,1,0,0,0,0,1,1,6,1,7,1995,2,6,1,1
2013130093478,1,9,0,11,0,0,0,0,0,0,4,1,6,1,5,1598,1,8,3,1
2013130093478,2,20,0,18,0,0,0,0,0,0,3,1,6,1,8,-1,-1,-1,2,1
2013130093488,1,9,0,18,0,8,0,0,0,0,1,1,6,1,8,1769,1,12,4,1
2013130093488,2,9,0,18,0,8,0,0,0,0,3,1,6,1,6,1149,1,12,1,1
2013130093488,3,9,0,2,0,1,0,0,0,0,1,1,6,3,-1,-1,-1,-1,-1,-1
2013130093714,1,9,0,18,0,0,0,0,0,0,4,1,6,3,-1,-1,-1,-1,-1,-1
2013130093736,1,9,0,18,0,8,0,0,0,0,1,1,6,2,6,1364,1,5,1,1
2013130093736,2,9,0,18,0,8,0,0,0,0,1,1,6,1,6,1968,2,-1,2,1
2013130093805,1,9,0,18,0,0,0,0,0,0,2,1,6,2,7,1339,1,3,-1,-1
2013130093805,2,9,0,18,0,0,0,0,0,0,2,1,6,1,8,1560,2,8,2,1
2013130093805,3,9,0,18,0,0,0,0,0,0,1,1,6,1,7,1896,2,7,3,1
2013130093844,1,9,0,13,0,0,1,0,1,10,1,1,6,1,7,1796,1,17,-1,-1
2013130093954,1,9,0,18,0,0,0,0,0,0,1,1,6,1,8,1364,2,3,7,1
2013130093954,2,1,0,18,0,0,0,0,0,0,1,1,6,1,7,-1,-1,-1,6,1
2013130094059,1,5,0,5,0,1,1,0,0,0,3,1,6,1,8,849,1,5,6,1
2013130094287,1,9,0,18,0,0,1,0,0,0,1,1,6,1,6,1360,1,14,-1,-1
2013130094287,2,9,0,18,0,0,0,0,0,0,1,1,1,1,6,1896,2,6,3,1
2013130094305,1,11,0,5,0,1,0,0,0,0,1,1,6,1,6,9360,2,4,2,1
2013130094471,1,9,0,9,0,1,0,0,0,0,1,1,6,1,6,1896,2,8,2,1
2013130094471,2,9,0,18,0,1,0,0,0,0,1,1,6,2,4,-1,-1,-1,1,1
2013130094653,1,9,0,5,0,8,0,0,0,0,1,1,6,1,7,1796,1,6,9,2
2013130094653,2,8,0,18,0,8,0,0,0,0,3,1,1,1,9,1896,2,10,4,1
2013130095198,1,9,0,3,0,0,0,0,0,0,2,1,1,2,8,1248,2,4,1,1
2013130095198,2,9,0,18,0,0,0,0,0,0,1,1,6,2,8,1493,1,15,1,1
2013130095248,1,9,0,18,0,8,0,0,0,0,1,1,6,2,6,1600,2,8,1,1
2013130095248,2,9,0,18,0,8,0,0,0,7,1,1,2,1,5,1198,1,9,1,1
2013130095392,1,9,0,18,0,0,0,0,0,0,0,1,6,3,-1,-1,-1,-1,-1,-1
2013130095392,2,9,0,18,0,0,0,0,0,0,1,1,6,3,-1,-1,-1,-1,-1,-1
2013130095392,3,1,0,18,0,0,0,0,0,0,1,1,6,1,8,-1,-1,-1,8,1
2013130095803,1,9,0,18,0,1,0,0,0,0,1,1,6,3,-1,-1,-1,-1,-1,-1
2013130095803,2,9,0,18,0,1,0,0,0,0,1,1,6,1,6,1896,2,6,7,1
2013130095818,1,9,0,7,0,0,0,0,0,0,1,1,6,2,8,1560,2,1,5,1
2013130095818,2,9,0,18,0,0,0,0,0,0,1,1,6,1,10,2993,2,3,5,2
2013130095875,1,9,0,16,0,0,1,0,7,2,1,1,1,2,7,-1,-1,-1,-1,-1
2013130095902,1,9,0,18,0,0,0,0,0,0,1,1,1,2,9,1397,1,4,10,2
2013130095907,1,3,0,18,0,8,0,0,0,0,1,1,6,1,4,125,1,13,10,1
2013130095907,2,9,0,3,0,8,0,0,0,0,1,1,6,2,8,1796,1,10,-1,-1
2013130095907,3,9,0,2,0,8,0,0,0,0,4,1,6,3,-1,1896,2,10,-1,-1
2013130095996,1,9,0,18,0,1,0,0,0,0,1,1,6,1,6,1686,2,8,-1,-1
2013130095996,2,9,0,18,0,1,0,0,0,0,2,1,6,2,4,1388,1,11,3,1
2013130095996,3,9,0,18,0,1,0,0,0,0,2,1,6,1,6,1995,2,8,1,1
2013130095996,4,9,0,18,0,1,0,0,0,0,2,1,6,2,4,1299,1,12,3,1
2013130095996,5,9,0,18,0,1,0,0,0,0,2,1,6,2,6,1242,1,3,4,1
2013130096016,1,3,0,18,0,0,1,0,0,0,0,1,6,1,4,125,1,2,2,1
2013130096016,2,9,0,6,0,0,0,0,0,0,0,1,6,2,7,1988,1,14,7,1
2013130096023,1,9,0,18,0,6,0,0,0,0,3,1,6,1,6,999,1,1,3,1
2013130096023,2,3,0,18,0,1,0,0,0,0,1,1,6,1,5,124,1,15,6,1
2013130096040,1,9,0,18,0,1,0,0,0,0,1,1,6,1,6,1781,1,14,-1,-1
2013130096040,2,9,0,18,0,1,0,0,0,0,2,1,6,2,9,1398,1,3,4,1
2013130096117,1,9,0,18,0,0,1,0,0,10,1,1,6,1,4,1360,1,10,5,2
2013130096447,1,9,0,18,0,1,0,0,0,0,1,1,6,1,5,998,1,15,2,1
2013130096447,2,9,0,9,0,5,0,0,0,0,4,1,6,1,7,1396,1,16,8,1
2013130096565,1,9,0,9,0,1,0,0,0,0,1,1,6,1,6,2171,1,12,8,3
2013130096565,2,9,0,18,0,1,0,0,0,0,1,1,6,1,7,1910,2,5,1,1
2013130096715,1,9,0,17,0,0,1,0,1,10,4,1,6,2,7,1061,1,9,1,1
2013130096773,1,1,0,18,0,1,0,0,0,0,0,1,6,1,7,-1,-1,-1,3,1
2013130096773,2,1,0,18,0,1,0,0,0,0,2,1,6,1,10,-1,-1,-1,3,1
2013130096852,1,9,0,5,0,0,0,0,0,0,4,1,1,2,5,1299,1,8,8,1
2013130096852,2,10,0,18,0,0,0,0,0,0,1,1,1,1,7,2494,2,7,1,1
2013130096965,1,9,0,1,0,1,0,0,0,0,2,1,6,2,10,1328,1,12,3,1
2013130097238,1,9,0,9,0,2,0,0,0,0,1,1,6,2,6,3222,2,9,4,1
2013130097238,2,9,0,18,0,8,0,0,0,0,1,1,6,1,11,1590,1,9,4,1
2013130097269,1,9,0,2,0,0,0,0,0,0,3,1,6,2,6,1598,1,7,5,1
2013130097269,2,9,0,14,0,0,0,0,0,0,4,1,6,2,6,1598,1,5,9,1
2013130097273,1,9,0,9,0,5,0,0,7,10,1,1,6,1,11,2184,2,9,2,1
2013130097393,1,9,0,18,0,0,0,0,0,0,1,1,6,1,10,1598,1,-1,7,1
2013130097393,2,19,0,2,0,0,0,0,0,0,2,1,1,1,7,4462,2,-1,4,1
2013130097439,1,9,0,18,0,1,0,0,0,0,2,1,6,2,5,998,1,8,6,2
2013130097439,2,9,0,18,0,1,0,0,0,0,1,1,6,3,-1,-1,-1,-1,-1,-1
2013130097611,1,21,0,11,0,8,0,0,0,0,4,1,1,1,7,5880,2,2,6,1
2013130097611,2,9,0,18,0,7,0,0,0,0,1,1,6,1,7,1248,1,1,3,1
2013130097661,1,9,0,9,0,8,0,0,0,0,0,1,6,2,5,1364,1,6,7,1
2013130097661,2,3,0,18,0,8,1,0,0,0,0,1,6,1,4,124,1,17,1,1
2013130097661,3,9,0,2,0,8,0,0,0,0,0,1,6,3,-1,-1,-1,-1,-1,-1
2013130097804,1,9,0,6,0,5,0,0,0,0,1,1,6,1,8,2457,1,3,9,2
2013130097804,2,9,0,18,0,5,0,0,0,0,1,1,6,1,8,-1,-1,-1,1,1
2013130098123,1,9,0,9,0,6,0,0,0,0,1,1,2,2,8,1390,1,6,5,1
2013130098123,2,3,0,18,0,8,0,0,0,0,1,1,6,1,5,85,1,25,-1,-1
2013130098126,1,9,0,9,0,6,0,0,0,0,3,1,2,1,7,1796,1,9,4,1
2013130098126,2,1,0,18,0,1,0,0,0,0,1,1,2,1,8,-1,-1,-1,8,1
2013130098140,1,19,0,18,0,4,0,0,0,0,3,1,2,1,10,-1,-1,-1,6,1
2013130098140,2,1,0,18,0,8,0,0,0,0,1,1,2,1,5,-1,-1,-1,9,1
2013130098364,1,9,0,18,0,1,0,0,0,0,1,1,6,3,-1,1986,2,6,-1,-1
2013130098441,1,9,0,4,0,0,0,0,0,0,2,1,6,1,5,1390,1,11,7,1
2013130098441,2,9,0,18,0,0,0,0,0,0,1,1,6,2,7,1560,2,5,5,1
2013130098729,1,9,0,18,0,0,1,0,0,0,1,1,6,1,6,1124,1,15,5,1
2013130099110,1,9,0,18,0,1,1,0,0,0,1,1,6,2,7,2199,2,3,7,1
2013130099110,2,9,0,18,0,1,0,0,0,0,2,1,6,1,6,1686,2,10,1,1
2013130099158,1,9,0,7,0,8,0,0,0,0,1,1,6,3,-1,1910,2,6,-1,-1
2013130099158,2,9,0,9,0,8,0,0,0,0,1,1,6,1,7,1598,1,10,2,1
2013130099261,1,19,0,18,0,0,0,0,0,0,1,1,2,1,7,1686,2,7,8,1
2013130099277,1,9,0,9,0,6,0,0,0,0,4,1,6,2,7,-1,-1,-1,1,1
2013130099277,2,9,0,18,0,8,0,0,0,0,1,1,6,2,6,1598,2,3,3,3
2013130099291,1,9,0,3,0,0,0,0,0,0,1,1,6,2,9,1299,1,12,5,1
2013130099291,2,3,0,13,0,0,0,0,0,0,3,1,2,1,4,49,1,2,2,1
2013130099346,1,9,0,12,0,0,0,0,0,0,0,1,6,1,11,1149,1,5,1,1
2013130099346,2,3,0,18,0,0,0,0,0,0,0,1,6,1,6,124,1,1,2,1
2013130099459,1,9,0,9,0,1,0,0,0,0,0,1,6,3,7,1598,1,4,-1,-1
2013130099459,2,3,0,18,0,1,0,0,0,0,0,1,6,1,8,124,1,1,10,2
2013130099827,1,9,0,18,0,8,0,0,0,0,1,1,6,1,7,-1,-1,-1,3,1
2013130099827,2,9,0,18,0,8,0,0,0,0,1,1,6,1,6,1229,1,7,2,1
2013130099933,1,9,0,18,0,4,0,0,0,0,3,1,6,2,8,1995,2,3,8,1
2013130099933,2,1,0,18,0,2,0,0,0,0,0,1,6,1,8,-1,-1,-1,3,1
20131300A0212,1,19,0,18,0,1,0,0,0,0,4,1,1,1,9,2402,2,11,-1,-1
20131300A0212,2,9,0,18,0,1,0,0,0,0,1,1,1,2,9,1560,2,2,-1,-1
20131300A0345,1,3,0,18,0,0,2,0,0,0,4,1,2,1,8,125,1,-1,2,1
20131300A0361,1,9,0,18,0,2,0,0,0,0,1,1,6,1,8,1796,1,10,3,1
20131300A0393,1,3,0,18,0,0,1,0,0,0,4,1,2,1,6,-1,-1,-1,3,1
20131300A0589,1,9,0,18,0,0,0,0,0,0,4,1,6,1,6,1329,1,3,-1,-1
20131300A0589,2,9,0,2,0,0,0,0,0,0,0,1,6,2,9,1796,1,5,-1,-1
20131300A0690,1,19,0,16,0,0,1,0,0,0,3,1,1,2,6,1995,2,4,2,1
20131300A0690,2,9,0,17,0,0,0,0,0,0,1,1,6,1,9,2401,2,11,5,2
20131300A0733,1,1,0,18,0,1,0,0,0,0,1,1,6,1,8,-1,-1,-1,-1,-1
20131300A0733,2,19,0,7,0,1,0,0,0,0,4,1,1,1,6,2461,2,3,6,1
20131300A0859,1,9,0,9,0,8,0,0,0,0,1,1,3,2,7,1598,1,8,2,1
20131300A0859,2,9,0,18,0,8,0,0,0,0,1,1,4,1,4,1197,1,-1,9,1
20131300A0957,1,9,0,5,0,6,0,0,0,0,1,1,6,1,8,1995,2,8,3,1
20131300A0957,2,1,0,18,0,8,0,0,0,0,2,1,6,1,7,-1,-1,-1,1,1
20131300A1162,1,9,0,4,0,1,0,0,0,0,2,1,6,2,8,1870,2,10,4,1
20131300A1162,2,9,0,4,0,1,0,0,0,0,1,1,6,1,6,2980,2,16,1,1
20131300A1178,1,9,0,18,0,0,0,0,0,0,1,1,6,3,-1,-1,-1,-1,-1,-1
20131300A1248,1,1,0,18,0,8,2,0,0,0,1,1,6,1,6,-1,-1,-1,2,1
20131300A1248,2,9,0,9,0,1,0,0,0,0,1,1,6,1,10,4134,2,-1,4,3
20131300A1538,1,9,0,18,0,8,0,0,1,0,3,1,6,1,4,1598,1,6,10,2
20131300A1538,2,9,0,18,0,1,0,0,0,0,1,1,6,2,5,1596,1,5,8,1
20131300B0177,1,9,0,18,0,8,0,0,0,0,3,1,2,1,5,1598,1,8,4,1
20131300B0177,2,9,0,5,0,8,0,0,0,0,1,1,2,2,8,1198,1,6,2,1
20131300B0188,1,2,0,18,0,8,0,0,0,0,3,1,1,1,8,125,1,-1,8,1
20131300B0188,2,9,0,7,0,3,0,0,0,0,1,1,1,1,5,1229,1,5,6,1
20131300B0375,1,9,0,9,0,5,0,0,0,0,1,1,6,2,11,1299,1,11,6,1
20131300B0508,1,8,0,5,0,2,0,0,0,0,1,1,1,1,10,1995,2,8,-1,-1
20131300B0508,2,9,0,18,0,1,0,0,0,0,4,1,6,2,-1,998,1,11,-1,-1
20131300B0817,1,9,0,18,0,0,0,0,0,0,1,1,1,1,7,1968,2,2,2,1
20131300B0817,2,9,0,18,0,0,0,0,0,0,2,1,6,1,7,1242,1,8,1,1
20131300B0817,3,21,1,18,0,0,0,0,0,0,0,1,1,1,9,10837,2,2,3,1
20131300B0836,1,9,0,3,0,0,0,0,0,0,1,1,3,2,7,1995,1,2,8,1
20131300B0836,2,9,0,3,0,0,0,0,0,0,2,1,6,2,6,1560,2,4,4,1
20131300B0955,1,9,0,4,0,1,0,0,0,0,1,1,6,1,8,1560,2,1,-1,-1
20131300B0955,2,9,0,8,0,1,0,0,0,0,2,1,6,1,4,1242,1,12,4,1
20131300B1152,1,9,0,9,0,8,0,0,0,0,1,1,1,1,8,-1,-1,-1,-1,-1
20131300B1340,1,9,0,6,0,0,0,0,0,0,1,1,6,1,5,1598,2,1,-1,-1
20131300B1340,2,3,0,18,0,0,0,0,0,0,3,1,6,1,6,124,1,1,5,1
20131300B1378,1,9,0,18,0,1,0,0,0,0,1,1,6,2,4,1199,2,1,5,2
20131300B1378,2,9,0,3,0,1,0,0,0,0,2,1,6,2,7,1598,1,10,4,1
20131300B1408,1,5,0,18,0,0,1,0,0,0,3,1,6,1,7,600,1,12,-1,-1
20131300B1414,1,9,0,12,0,0,1,0,2,7,3,1,2,2,8,1360,1,12,-1,-1
20131300B1414,2,21,1,11,0,0,0,0,0,0,4,1,1,1,7,12580,2,7,3,1
20131300B1477,1,9,0,4,0,0,0,0,0,0,2,1,6,2,8,1968,2,1,7,3
20131300B1477,2,9,0,4,0,0,0,0,0,0,1,1,6,1,4,1388,1,9,10,1
20131300B1518,1,9,0,16,0,4,0,0,0,0,1,1,2,1,7,1197,1,1,4,1
20131300B1518,2,9,0,16,0,4,0,0,0,0,2,1,6,2,7,1596,1,3,5,2
20131300B1534,1,3,0,5,0,8,0,0,0,0,4,1,6,1,5,124,1,11,7,2
20131300B1534,2,9,0,17,0,4,0,0,0,0,1,1,6,2,10,1364,1,4,3,3
20131300B1565,1,9,0,18,0,8,0,0,0,0,1,1,6,2,7,2993,2,6,-1,-1
20131300B1565,2,9,0,9,0,6,0,0,0,0,1,1,6,1,9,1796,1,8,8,1
20131300C0141,1,2,0,18,0,0,1,0,0,0,4,1,1,1,6,124,1,8,3,1
20131300C0205,1,9,0,5,0,8,1,0,1,10,3,1,2,1,5,2498,1,13,6,2
20131300C0205,2,9,0,18,0,1,0,0,0,0,0,1,2,1,5,1896,2,10,3,1
20131300C0509,1,9,0,9,0,8,0,0,0,0,4,1,6,2,10,1968,2,1,7,1
20131300C0509,2,9,0,18,0,8,0,0,0,0,1,1,6,1,10,1422,2,10,-1,-1
20131300C0829,1,9,0,18,0,0,0,0,0,0,1,1,6,2,5,-1,-1,-1,-1,1
20131300C0829,2,9,0,18,0,0,0,0,0,0,2,1,6,1,8,2231,2,6,4,1
20131300C0843,1,9,0,18,0,1,0,0,0,0,1,1,6,2,7,1390,1,-1,8,3
20131300C0843,2,9,0,18,0,2,0,0,0,0,1,1,6,1,10,1596,1,4,7,1
20131300C0965,1,9,0,7,0,5,0,0,0,0,3,2,6,1,4,998,1,10,4,1
20131300C0965,2,98,1,18,0,8,0,0,0,0,4,2,6,3,-1,-1,-1,-1,-1,-1
20131300C1043,1,2,0,18,0,0,0,0,0,0,1,1,6,1,4,49,1,13,4,1
20131300C1043,2,8,0,2,0,0,0,0,0,0,2,1,1,1,8,1995,2,6,-1,-1
20131300C1045,1,9,0,18,0,0,0,0,0,0,1,1,1,2,6,1598,1,9,1,1
20131300C1053,1,9,0,17,0,0,0,0,1,11,1,1,6,1,6,1149,1,8,5,2
20131300C1191,1,19,0,18,0,1,0,0,0,0,3,1,6,1,7,1870,2,9,4,1
20131300C1493,1,9,0,18,0,1,0,0,0,0,1,1,6,2,5,1896,2,12,2,1
20131300C1641,1,9,0,18,0,0,0,0,0,0,1,1,6,2,4,1229,1,5,9,3
20131300C1895,1,9,0,5,0,6,0,0,0,0,3,1,6,1,6,1956,2,-1,2,1
20131300C1895,2,9,0,18,0,1,0,0,0,0,4,1,6,1,6,999,1,2,2,1
20131300D0267,1,9,0,18,0,8,0,0,0,0,3,1,6,1,8,1995,2,11,5,1
20131300D0267,2,9,0,18,0,8,0,0,0,0,1,1,6,1,8,-1,-1,-1,9,2
20131300D0327,1,9,0,18,0,0,1,0,6,1,3,1,6,1,5,1149,1,15,3,1
20131300D0339,1,9,0,18,0,1,0,0,0,0,1,1,1,2,6,1248,2,1,10,1
20131300D0339,2,19,0,18,0,1,0,0,0,0,2,1,1,1,8,2148,2,4,8,1
20131300D0401,1,9,0,17,0,0,0,0,0,0,1,1,6,1,5,1968,2,4,1,1
20131300D0401,2,9,0,17,0,0,0,0,0,0,2,1,6,2,7,2204,2,6,10,1
20131300D0401,3,9,0,17,0,0,0,0,0,0,2,1,1,1,6,-1,-1,-1,-1,-1
20131300D0554,1,9,0,18,0,8,0,0,0,0,3,1,6,2,10,1389,1,18,7,2
20131300D0554,2,5,0,18,0,8,0,0,0,0,4,1,6,1,6,903,1,5,3,1
20131300D0621,1,2,0,4,0,0,0,0,0,0,1,1,6,2,4,102,1,8,1,2
20131300D0621,2,9,0,4,0,0,0,0,0,0,2,1,6,2,10,1390,1,-1,6,3
20131300D0629,1,8,0,5,0,0,0,0,0,0,4,2,1,1,6,2204,2,6,2,1
20131300D0735,1,8,0,15,0,1,0,0,0,0,1,1,1,1,9,-1,-1,-1,2,1
20131300D0735,2,9,0,9,0,5,0,0,0,0,4,1,6,1,9,1686,2,9,2,1
20131300D0772,1,9,0,9,0,1,0,0,1,0,1,1,6,1,9,999,1,1,-1,-1
20131300D0772,2,9,0,18,0,1,0,0,0,0,4,1,1,1,9,-1,-1,-1,-1,-1
20131300D0781,1,8,0,18,0,0,0,0,0,0,1,1,1,1,7,1896,2,5,3,1
20131300D0781,2,9,0,18,0,0,0,0,0,0,1,1,6,3,5,1587,1,14,-1,-1
20131300D0781,3,9,0,2,0,0,0,0,0,0,3,1,6,3,5,1199,1,10,-1,-1
20131300D0828,1,9,0,7,0,0,0,0,1,2,1,1,6,2,6,1796,1,12,3,1
20131300D0943,1,9,0,14,0,0,0,0,0,0,1,1,6,2,11,1910,2,3,7,3
20131300D0966,1,9,0,5,0,2,0,0,0,0,1,1,6,2,11,998,1,12,3,1
20131300D1090,1,9,0,18,0,1,1,0,0,0,1,1,6,1,5,1388,1,14,1,1
20131300D1090,2,9,0,7,0,1,0,0,1,11,4,1,6,1,7,973,1,10,1,1
20131300D1090,3,8,0,2,0,1,0,0,0,0,1,1,6,1,7,1896,2,8,1,1
20131300D1094,1,11,0,18,0,1,0,0,0,0,0,1,1,1,8,7300,2,9,-1,-1
20131300D1149,1,9,0,17,0,8,0,0,0,0,3,1,2,1,6,998,1,8,1,1
20131300D1149,2,21,1,11,0,8,0,0,0,0,1,1,1,1,7,12777,2,2,-1,-1
20131300E0090,1,9,0,18,0,8,1,0,7,11,4,1,6,2,4,1248,2,7,2,1
20131300E0090,2,9,0,18,0,8,1,0,0,0,1,1,6,1,6,1896,2,6,4,1
20131300E0227,1,9,0,4,0,1,1,0,0,0,4,1,6,1,8,1086,1,2,-1,-1
20131300E0598,1,9,0,18,0,0,0,0,0,0,1,1,1,1,7,2993,2,3,1,1
20131300E0598,2,9,0,18,0,0,0,0,0,0,2,1,6,1,10,1199,1,11,5,1
20131300E0755,1,9,0,1,0,0,0,0,0,0,4,1,6,1,5,1984,1,4,1,1
20131300E0755,2,3,0,18,0,0,5,0,0,0,1,1,6,2,5,124,1,7,2,1
20131300E0884,1,9,0,18,0,6,0,0,0,0,0,1,6,1,9,1242,1,7,4,1
20131300E0884,2,5,0,18,0,1,2,0,0,0,0,1,6,1,7,599,1,12,6,1
20131300E0921,1,9,0,18,0,0,0,4,0,0,1,1,6,2,4,1149,1,9,-1,-1
20131300E0921,2,19,0,2,0,0,0,0,1,0,2,1,1,1,5,2299,2,2,1,1
20131300E1445,1,8,0,18,0,0,0,0,0,0,1,1,1,1,6,2143,2,1,2,1
20131300E1508,1,9,0,16,0,0,0,0,0,0,1,1,6,2,5,1686,2,8,2,1
20131300E1707,1,9,0,9,0,0,1,0,1,11,1,1,6,2,4,973,1,10,6,1
20131300E1707,2,9,0,18,0,0,1,0,0,0,1,1,6,1,4,1364,1,3,4,1
20131300F0198,1,9,0,18,0,0,1,0,1,0,1,1,2,1,7,1196,1,30,5,1
20131300F0198,2,9,0,3,0,0,0,0,0,0,2,1,2,1,6,1364,1,5,6,1
20131300F0198,3,9,0,3,0,0,0,0,0,0,2,1,2,1,5,1242,1,6,7,1
20131300F0251,1,9,0,17,0,1,0,0,0,0,3,1,2,2,6,-1,-1,-1,-1,-1
20131300F0251,2,19,4,16,0,1,0,0,0,0,3,1,1,1,8,2198,2,-1,-1,-1
20131300F0257,1,1,0,18,5,1,0,0,0,0,1,1,6,1,-1,-1,-1,-1,-1,-1
20131300F0459,1,9,0,16,0,0,2,0,2,3,3,1,2,1,7,1598,1,13,1,1
20131300F0559,1,9,0,4,0,7,0,0,0,0,2,1,6,2,4,1998,2,9,3,1
20131300F0559,2,9,0,18,0,7,0,0,0,0,1,1,6,2,4,1149,1,6,10,1
20131300F0559,3,19,0,18,0,7,0,0,0,0,1,1,1,1,7,1753,2,11,5,2
20131300F0560,1,11,0,18,0,0,0,0,0,0,0,1,1,1,8,7300,2,8,6,1
20131300F0594,1,9,0,9,0,1,0,0,0,0,4,1,6,1,8,1299,1,9,-1,-1
20131300F0594,2,9,0,18,0,1,0,0,0,0,1,1,1,1,6,2204,2,5,8,3
20131300F0659,1,19,0,18,0,1,0,4,0,0,1,1,6,1,10,-1,-1,-1,4,1
20131300F0659,2,9,0,2,0,2,0,0,0,0,3,1,6,1,8,2179,2,4,9,3
20131300F0774,1,9,0,3,0,0,0,0,0,0,2,1,6,1,8,2499,2,18,5,1
20131300F0774,2,9,0,18,0,0,0,0,0,0,1,1,6,1,7,1997,2,7,-1,-1
20131300F0987,1,1,0,18,0,1,0,0,0,0,1,1,4,1,3,-1,-1,-1,1,1
20131300F0987,2,11,0,18,0,1,0,0,0,0,0,1,1,1,6,-1,2,17,3,1
20131300F0987,3,9,0,18,0,1,0,0,0,0,3,1,1,1,6,1390,1,7,-1,-1
20131300F1127,1,9,0,9,0,8,0,0,0,0,3,1,1,1,8,-1,-1,-1,7,1
20131300F1127,2,9,0,18,0,8,0,0,0,0,1,1,2,2,5,1328,1,8,7,1
20131300F1215,1,9,0,18,0,0,0,0,0,0,1,1,6,1,11,1799,1,7,2,1
20131300F1215,2,1,0,18,0,0,0,0,0,0,2,1,6,1,10,-1,-1,-1,8,3
20131300F1221,1,9,0,9,0,1,0,0,0,0,4,1,6,1,5,1587,1,10,-1,-1
20131300F1221,2,3,0,18,0,1,0,0,0,0,1,1,6,1,5,125,1,2,-1,-1
20131300F1384,1,9,0,7,0,6,0,0,0,0,1,1,6,3,-1,-1,-1,-1,-1,-1
20131300F1384,2,3,0,18,0,8,5,0,0,0,4,1,6,1,5,124,1,6,4,1
20131300F1384,3,9,0,2,0,2,0,0,0,0,3,1,6,2,-1,1590,1,10,-1,-1
20131300F1415,1,9,0,18,0,0,0,0,0,0,1,1,6,2,5,1198,1,10,2,1
20131300F1549,1,9,0,18,0,8,0,0,0,0,4,1,6,1,5,999,1,16,8,1
20131300F1549,2,9,0,18,0,8,0,0,0,0,4,1,6,1,8,1596,1,8,6,1
20131300G0219,1,2,0,5,0,1,0,0,0,0,1,1,6,1,4,49,1,3,3,1
20131300G0219,2,9,0,5,0,1,0,0,0,0,4,1,6,1,9,-1,-1,-1,4,1
20131300G0241,1,9,0,18,0,8,0,0,0,0,4,1,2,2,6,1995,2,5,5,1
20131300G0241,2,9,0,18,0,8,0,0,0,0,1,1,2,1,8,1390,1,1,9,1
20131300G0289,1,9,0,4,0,0,0,0,0,0,2,1,1,1,6,1896,2,5,2,1
20131300G0289,2,9,0,18,0,0,0,0,0,0,1,1,6,2,9,1390,1,2,6,1
20131300G0289,3,9,0,18,0,0,0,0,0,0,1,1,2,2,6,1388,1,15,2,1