Accident_Index,Vehicle_Reference,Vehicle_Type,Towing_and_Articulation,Vehicle_Manoeuvre,Vehicle_Location-Restricted_Lane,Junction_Location,Skidding_and_Overturning,Hit_Object_in_Carriageway,Vehicle_Leaving_Carriageway,Hit_Object_off_Carriageway,1st_Point_of_Impact,Was_Vehicle_Left_Hand_Drive?,Journey_Purpose_of_Driver,Sex_of_Driver,Age_Band_of_Driver,Engine_Capacity_(CC),Propulsion_Code,Age_of_Vehicle,Driver_IMD_Decile,Driver_Home_Area_Type
20131300G0711,1,21,1,9,0,8,0,0,0,0,4,1,1,1,7,12900,2,5,5,1
20131300G0712,1,3,0,14,0,1,2,0,0,0,1,1,2,1,4,124,1,6,9,1
20131300G0712,2,9,0,9,0,6,0,0,0,0,3,1,1,1,5,1149,1,-1,8,1
20131300G0725,1,9,0,18,0,0,0,0,0,0,4,1,6,1,10,2993,2,7,6,1
20131300G0739,1,22,0,18,0,0,5,0,1,0,4,1,6,1,11,-1,-1,-1,5,1
20131300G0739,2,9,0,18,0,0,0,0,0,0,1,1,1,1,6,-1,-1,-1,8,2
20131300G0828,1,1,0,18,0,8,1,4,0,0,1,1,6,1,8,-1,-1,-1,4,1
20131300G0902,1,11,0,4,0,1,0,0,0,0,0,1,1,1,8,9000,2,6,3,1
20131300G0933,1,9,0,18,0,0,0,0,0,0,1,1,2,1,6,2231,2,5,9,1
20131300G1050,1,9,0,5,0,0,0,0,0,0,0,1,2,1,6,1596,1,11,6,1
20131300G1050,2,9,0,18,0,0,0,10,0,0,3,1,1,1,9,1956,2,3,8,1
20131300G1184,1,9,0,18,0,1,0,0,0,0,1,1,6,2,8,1753,2,6,6,3
20131300G1235,1,9,0,9,0,1,0,0,0,0,3,1,6,2,4,1396,1,9,2,1
20131300G1235,2,2,0,18,0,1,0,0,0,0,4,1,6,1,5,124,1,12,4,1
20131300G1393,1,9,0,5,0,0,0,0,0,0,4,1,6,1,7,1896,2,7,-1,-1
20131300G1513,1,2,0,18,0,1,1,0,0,0,1,1,6,1,4,-1,-1,-1,8,1
20131300G1513,2,9,0,18,0,1,0,0,0,0,2,1,6,2,8,-1,-1,-1,-1,-1
20131300G1534,1,9,0,18,0,0,1,4,0,0,1,1,6,1,8,2792,1,4,1,1
20131300G1534,2,9,0,3,0,0,0,4,0,0,2,1,6,1,5,1390,1,4,4,1
20131300G1534,3,9,0,2,0,0,0,0,0,0,2,1,6,2,6,1596,1,5,1,1
20131300G1717,1,9,0,18,0,0,0,0,0,0,1,1,6,1,8,1298,1,13,2,1
20131300G1717,2,9,0,18,0,0,2,10,7,4,1,1,6,1,4,1229,1,6,3,1
20131300G1842,1,9,0,16,0,0,0,0,1,11,1,1,1,2,6,1560,2,8,2,1
20131300H0251,1,9,0,17,0,1,1,0,0,0,1,1,6,2,6,1995,1,11,5,1
20131300H0251,2,9,0,18,0,1,1,0,2,11,1,1,6,2,7,1240,1,9,4,1
20131300H0251,3,19,0,17,0,1,0,0,0,0,2,1,1,1,6,1870,2,8,7,1
20131300H0251,4,5,0,17,0,1,1,0,0,0,1,1,2,1,6,599,1,9,6,3
20131300H0326,1,9,0,9,0,8,0,0,0,0,4,1,1,1,6,1956,2,2,4,1
20131300H0326,2,9,0,18,0,8,0,0,0,0,1,1,6,1,5,1995,2,3,4,1
20131300H0364,1,1,0,18,0,8,0,0,0,0,1,1,2,1,6,-1,-1,-1,6,3
20131300H0364,2,9,0,9,0,6,0,0,0,0,1,1,2,2,6,1149,1,10,5,1
20131300H0431,1,9,0,18,0,0,0,0,0,0,1,1,3,2,6,998,1,11,-1,-1
20131300H0438,1,9,0,18,0,8,0,0,0,0,1,1,6,2,-1,-1,-1,-1,-1,-1
20131300H0438,2,1,0,18,0,8,0,0,0,0,1,1,6,1,7,-1,-1,-1,2,2
20131300H0493,1,3,0,4,0,0,2,0,0,0,0,1,6,1,10,97,1,6,4,1
20131300H0717,1,9,0,18,0,4,0,0,0,0,1,1,6,1,7,2401,2,10,3,1
20131300H0717,2,22,0,5,0,4,0,0,0,0,3,1,6,1,10,-1,-1,-1,2,1
20131300H0729,1,9,0,9,0,6,0,0,0,0,1,1,6,2,-1,1600,2,3,-1,-1
20131300H0729,2,1,0,18,0,1,0,0,0,0,1,1,6,1,6,-1,-1,-1,5,1
20131300H0739,1,9,0,7,0,4,0,0,1,11,3,1,2,1,4,1390,1,13,4,1
20131300H0778,1,9,0,10,0,8,0,0,0,0,3,1,6,2,7,1299,1,12,8,1
20131300H0876,1,19,0,18,0,1,0,0,0,0,1,1,6,1,8,1248,2,3,10,1
20131300H0876,2,9,0,10,0,1,0,0,0,0,3,1,6,1,8,1124,1,12,2,1
20131300H0876,3,9,0,13,0,1,0,0,0,0,1,1,6,1,9,1149,1,10,5,1
20131300H0878,1,9,0,18,0,0,0,0,0,0,1,1,2,1,6,1968,2,3,1,1
20131300H0892,1,2,0,18,0,0,2,0,0,0,4,1,6,2,4,125,1,11,1,1
20131300H1021,1,9,0,5,0,6,0,0,7,0,3,1,6,2,5,1397,1,1,8,1
20131300H1021,2,9,0,18,0,8,0,0,0,0,1,1,6,1,8,1997,2,7,1,1
20131300H1056,1,9,0,14,0,0,0,4,0,0,1,1,6,2,11,1595,1,5,5,2
20131300H1056,2,9,0,2,0,0,0,0,0,0,2,1,6,1,-1,1596,1,5,5,2
20131300H1132,1,1,0,18,0,8,0,0,0,0,0,1,1,1,7,-1,-1,-1,2,1
20131300I0162,1,9,0,18,0,8,0,0,0,0,1,1,2,2,7,2993,2,-1,9,3
20131300I0162,2,9,0,18,0,3,0,0,0,0,3,1,2,2,5,998,1,6,10,1
20131300I0208,1,9,0,18,0,0,0,0,0,0,1,1,3,2,9,1242,1,9,-1,-1
20131300I0208,2,9,0,2,0,0,0,0,0,0,0,1,6,1,-1,-1,-1,-1,-1,-1
20131300I0529,1,9,0,3,0,0,0,0,0,0,1,1,2,1,6,1997,2,4,5,1
20131300I0529,2,9,0,3,0,0,0,0,0,0,2,1,6,1,6,1584,1,7,6,2
20131300I0625,1,9,0,9,0,6,0,0,0,0,3,1,6,1,9,2488,1,7,6,1
20131300I0625,2,9,0,18,0,8,1,0,0,0,1,1,6,1,6,1769,1,12,4,1
20131300I0736,1,9,0,18,0,8,0,0,7,0,1,1,6,2,8,1364,1,3,4,2
20131300I0736,2,9,0,18,0,8,0,0,0,0,1,1,6,2,6,1896,2,8,3,1
20131300I0757,1,9,0,1,0,0,0,0,0,0,2,1,6,2,5,1242,1,3,3,2
20131300I0757,2,11,0,18,0,0,0,0,0,0,1,1,1,1,8,9200,2,11,2,1
20131300I0796,1,19,0,4,0,1,1,10,0,0,1,1,1,1,7,2402,2,2,4,1
20131300I0796,2,9,0,18,0,2,0,10,0,0,1,1,2,1,8,1997,2,9,8,1
20131300I0867,1,9,0,9,0,8,0,0,0,0,2,1,6,2,6,1997,2,8,1,1
20131300I0867,2,4,0,18,0,8,0,0,0,0,1,1,6,1,6,398,1,10,4,1
20131300I0963,1,9,0,18,0,2,0,0,0,0,1,1,6,1,-1,1596,1,1,2,1
20131300I0976,1,9,0,2,0,0,0,0,1,0,1,1,6,1,6,1598,1,11,-1,-1
20131300I0976,2,9,0,18,0,0,0,4,0,0,2,1,6,1,4,996,1,2,5,3
20131300I1010,1,9,0,6,0,0,0,0,0,0,3,1,6,1,8,1998,2,12,7,1
20131300I1010,2,3,0,18,0,0,5,0,0,0,1,1,1,1,6,125,1,8,7,1
20131300I1048,1,9,0,9,0,5,0,0,0,0,1,1,6,1,7,1339,1,6,3,1
20131300I1060,1,21,0,11,0,8,0,0,0,0,1,1,1,1,6,11705,2,7,-1,-1
20131300I1060,2,9,0,9,0,8,0,0,0,0,3,1,2,2,8,1389,1,10,-1,-1
20131300I1063,1,9,0,18,0,0,0,0,0,0,3,1,6,2,4,1229,1,2,2,1
20131300I1063,2,3,0,16,0,0,2,0,0,0,1,1,6,1,5,125,1,8,2,1
20131300I1150,1,9,0,9,0,6,0,0,0,0,3,1,2,1,6,1596,1,7,4,1
20131300I1150,2,4,0,18,0,1,2,0,1,0,1,1,6,1,4,124,1,-1,9,1
20131300I1221,1,9,0,5,0,8,0,0,0,0,0,1,6,1,6,1840,1,13,3,1
20131300I1221,2,3,0,18,0,8,2,0,0,0,0,1,6,1,4,124,1,8,5,1
20131300I1314,1,9,0,18,0,0,0,0,0,0,1,1,6,2,5,1587,1,12,-1,-1
20131300I1314,2,8,0,18,0,0,0,0,0,0,1,1,1,1,9,1998,2,7,-1,-1
20131300I1362,1,4,0,17,0,8,2,0,0,0,4,1,6,1,9,400,1,4,5,1
20131300I1362,2,9,0,18,0,4,0,0,0,0,1,1,6,2,6,1910,2,5,2,1
20131300I1540,1,9,0,9,0,8,0,0,0,0,1,1,2,2,5,1360,1,6,-1,-1
20131300I1540,2,9,0,18,0,8,0,0,0,0,3,1,6,1,7,1368,1,9,3,1
20131300J0221,1,9,0,5,0,6,0,0,0,0,3,1,6,1,6,1149,1,10,4,3
20131300J0221,2,9,0,18,0,8,0,0,0,0,1,1,6,1,4,1595,1,11,4,1
20131300J0233,1,9,0,18,0,2,0,0,0,0,1,1,6,1,6,1598,1,8,1,1
20131300J0233,2,9,0,18,0,2,0,0,0,0,1,1,2,1,7,1995,2,-1,2,1
20131300J0233,3,19,0,18,0,1,0,0,0,0,1,1,1,2,8,2299,2,2,7,1
20131300J0235,1,19,0,14,0,0,0,0,0,0,4,1,1,1,8,2998,2,4,2,1
20131300J0249,1,9,0,17,0,0,2,0,1,0,1,1,6,1,5,899,1,15,3,1
20131300J0503,1,9,0,4,0,0,1,0,0,0,1,1,6,1,5,1242,1,4,3,1
20131300J0503,2,9,0,4,0,0,0,0,0,0,2,1,6,1,6,2993,2,3,8,2
20131300J0503,3,9,0,4,0,0,0,0,0,0,1,1,1,1,7,1968,2,1,6,1
20131300J0503,4,9,0,4,0,0,0,0,0,0,2,1,6,1,7,1968,2,7,8,2
20131300J0563,1,9,0,9,0,5,0,0,0,0,4,1,6,1,10,1399,2,3,5,2
20131300J0563,2,1,0,18,0,8,0,0,0,0,1,1,6,1,7,-1,-1,-1,4,1
20131300J0571,1,9,0,17,0,1,0,0,0,0,1,1,6,1,4,1242,1,9,8,2
20131300J0571,2,1,0,17,0,2,0,0,1,0,2,1,6,1,7,-1,-1,-1,6,1
20131300J0678,1,9,0,18,0,1,0,0,0,0,1,1,6,2,6,1896,2,9,1,1
20131300J0678,2,1,0,18,0,1,0,0,0,0,3,1,6,1,6,-1,-1,-1,3,1
20131300J1048,1,9,0,18,0,8,0,0,0,0,4,1,2,1,8,1968,2,2,9,1
20131300J1048,2,19,0,18,0,8,0,0,1,1,1,1,1,1,9,2198,2,-1,8,1
20131300J1226,1,1,0,18,0,0,0,0,0,0,1,1,6,1,8,-1,-1,-1,7,1
20131300J1226,2,9,0,5,0,0,0,0,0,0,4,1,6,2,7,1560,2,2,5,1
20131300J1262,1,9,0,14,0,8,0,0,0,0,0,1,6,2,7,1686,2,1,3,1
20131300J1262,2,9,0,18,0,8,0,0,1,3,1,1,6,1,5,1198,1,8,1,1
20131300J1281,1,19,0,7,0,1,0,0,0,0,3,1,2,1,7,2299,2,1,1,1
20131300J1290,1,9,0,12,0,0,0,0,0,0,3,1,6,1,7,1753,2,5,-1,-1
20131300J1290,2,9,0,18,0,0,0,0,0,0,3,1,6,2,7,1398,1,7,-1,-1
20131300J1683,1,9,0,12,0,1,1,0,1,1,1,1,2,1,5,1199,1,10,2,1
20131300J1785,1,9,0,9,0,8,0,0,1,2,1,1,6,2,5,1198,1,6,5,1
20131300K0143,1,9,0,9,0,8,0,0,0,0,1,1,6,2,8,1686,2,16,5,3
20131300K0143,2,9,0,18,0,8,0,0,0,0,1,1,6,1,8,1798,1,6,1,1
20131300K0375,1,9,0,18,0,8,0,0,0,0,1,1,1,2,6,998,1,-1,8,1
20131300K0375,2,9,0,9,0,8,5,0,0,0,4,1,6,2,7,1329,1,2,9,1
20131300K0648,1,9,0,7,0,6,0,0,0,0,2,1,6,1,10,998,1,-1,4,1
20131300K0648,2,9,0,7,0,6,0,0,0,0,1,1,6,1,-1,-1,-1,-1,-1,-1
20131300K0775,1,9,0,18,0,0,0,0,0,0,3,1,6,2,7,1598,1,5,8,2
20131300K0838,1,19,0,18,0,0,0,0,0,0,3,1,6,1,7,-1,-1,-1,-1,-1
20131300K0961,1,90,0,5,0,8,0,0,0,0,1,1,1,1,8,2998,2,5,3,1
20131300K0961,2,9,0,18,0,8,1,7,7,11,4,1,6,1,9,1596,1,2,1,1
20131300K0961,3,9,0,3,0,8,0,0,0,0,3,1,6,2,5,1149,1,3,8,1
20131300K1030,1,9,0,1,0,1,0,0,0,0,2,1,1,1,7,-1,-1,-1,9,1
20131300K1079,1,9,0,18,0,8,0,0,0,0,4,2,3,2,8,1399,2,5,2,1
20131300K1079,2,9,0,9,8,6,0,0,0,0,3,2,6,1,-1,-1,-1,-1,-1,-1
20131300K1273,1,9,0,18,0,0,0,0,0,0,4,1,6,1,6,1389,1,12,1,1
20131300K1297,1,5,0,18,0,8,0,0,0,0,1,1,1,1,8,-1,-1,-1,4,1
20131300K1297,2,9,0,18,0,8,0,0,0,0,2,1,1,1,7,-1,-1,-1,9,2
20131300K1426,1,9,0,5,0,8,0,0,0,0,1,1,6,2,6,1598,1,7,4,1
20131300K1658,1,9,0,9,0,6,1,0,0,0,3,1,6,2,9,2000,2,9,2,3
20131300K1658,2,90,0,18,0,1,1,0,0,0,1,1,1,1,6,2686,2,7,6,2
20131300L0053,1,9,0,18,0,3,0,0,2,10,1,1,1,1,7,1332,1,20,1,1
20131300L0130,1,9,0,18,0,0,0,0,0,0,1,1,6,3,-1,-1,-1,-1,-1,-1
20131300L0168,1,9,0,17,0,0,5,0,7,4,1,1,6,1,8,-1,-1,-1,-1,-1
20131300L0246,1,9,0,18,0,0,0,0,0,0,2,1,6,2,8,-1,-1,-1,8,1
20131300L0246,2,9,0,18,0,0,1,0,0,0,1,1,6,2,6,1229,1,7,1,1
20131300L0246,3,19,0,18,0,0,0,0,0,0,1,1,1,1,8,1461,2,1,2,1
20131300L0246,4,9,0,18,0,0,0,0,0,0,1,1,6,2,7,1242,1,11,3,1
20131300L0357,1,9,0,18,0,0,0,0,0,0,1,1,6,1,5,1198,1,1,1,1
20131300L0397,1,9,0,18,0,8,0,0,0,0,2,1,6,2,7,1198,1,4,2,1
20131300L0397,2,9,0,18,0,1,0,0,0,0,1,1,6,1,5,1229,1,5,8,2
20131300L0510,1,9,0,1,9,0,0,0,0,0,2,1,6,1,5,-1,-1,-1,3,1
20131300L0530,1,9,0,18,0,4,0,0,0,0,1,1,6,2,11,998,1,8,2,1
20131300L0530,2,9,0,18,0,8,0,0,0,0,4,1,1,1,10,-1,-1,-1,9,1
20131300L0592,1,9,0,9,0,6,0,0,0,0,3,1,6,2,5,1461,2,5,6,2
20131300L0592,2,9,0,18,0,1,0,0,0,0,1,1,6,1,6,1124,1,12,6,1
20131300L0683,1,9,0,18,0,1,0,0,0,0,1,1,2,2,6,1197,1,-1,1,1
20131300L0683,2,9,0,18,0,1,0,0,0,0,2,1,6,1,-1,1995,2,6,-1,-1
20131300L0945,1,5,0,18,0,1,2,0,0,0,4,1,6,1,6,649,1,1,-1,-1
20131300L0945,2,19,0,9,0,1,0,0,0,0,1,1,1,1,6,2198,2,1,1,1
20131300L1068,1,9,0,7,0,8,0,0,0,0,1,1,6,1,-1,-1,-1,-1,-1,-1
20131300L1068,2,9,0,9,0,8,0,0,0,0,3,1,6,1,6,1248,2,8,1,1
20131300L1271,1,9,0,18,0,1,0,0,0,0,1,1,6,1,4,2792,1,16,2,1
20131300L1271,2,9,0,9,0,1,0,0,0,0,1,1,6,2,8,1598,1,10,1,1
20131300L1301,1,9,0,5,0,4,0,0,0,0,1,1,6,1,8,1998,1,13,1,1
20131300L1301,2,9,0,18,0,1,0,0,0,0,4,1,6,1,5,1995,2,5,2,1
20131300L1508,1,9,0,18,0,0,0,0,0,0,1,1,6,1,6,1796,1,12,9,1
20131300L1693,1,9,0,17,0,5,0,0,0,0,3,1,2,2,5,1598,1,8,1,1
20131300L1729,1,9,0,17,0,0,1,0,2,11,1,1,6,1,4,1399,2,10,4,1
20131300L1799,1,11,0,2,0,0,0,0,0,0,0,1,1,1,8,6700,2,5,3,1
20131300M0604,1,2,0,18,0,0,0,0,0,0,3,1,6,1,4,100,1,6,2,1
20131300M0628,1,9,0,9,0,1,0,0,0,0,4,1,2,2,5,1461,2,5,7,3
20131300M0628,2,1,0,18,0,1,0,0,0,0,1,1,6,1,10,-1,-1,-1,-1,-1
20131300M0676,1,9,0,4,0,0,0,10,2,7,2,1,6,1,9,1399,1,5,4,1
20131300M0676,2,19,0,18,0,0,0,0,2,0,1,1,1,1,6,2198,2,-1,3,1
20131300M0705,1,19,0,9,0,8,0,0,0,0,1,1,6,1,8,1248,2,2,8,1
20131300M0705,2,5,0,18,0,1,2,0,0,0,1,1,6,1,6,998,1,10,8,3
20131300M0723,1,9,0,5,0,8,0,0,0,0,1,1,6,2,4,-1,-1,-1,2,1
20131300M0723,2,9,0,18,0,8,0,0,0,0,4,1,6,2,7,999,1,1,2,1
20131300M0746,1,9,0,18,0,4,0,0,0,0,1,1,6,1,11,1332,1,3,3,2
20131300M0746,2,9,0,18,0,4,0,0,0,0,2,1,6,1,9,2800,2,20,1,2
20131300M1017,1,9,0,18,0,1,0,0,0,0,4,1,6,1,7,1984,1,9,-1,-1
20131300M1017,2,1,0,18,0,1,0,0,0,0,3,1,6,1,10,-1,-1,-1,-1,-1
20131300M1114,1,9,0,9,0,8,0,0,0,0,4,1,6,1,7,1461,2,3,3,1
20131300M1114,2,9,0,18,0,8,0,0,0,0,1,1,6,2,6,1596,1,10,7,1
20131300M1161,1,3,0,18,0,0,0,0,0,0,1,1,2,1,7,124,1,1,-1,-1
20131300M1161,2,9,0,2,0,0,0,0,0,0,3,1,2,1,7,2499,1,5,-1,-1
20131300M1205,1,9,0,18,0,6,0,0,0,0,3,1,6,1,8,1686,2,-1,1,2
20131300M1205,2,11,0,18,0,1,0,0,0,0,1,1,1,1,8,-1,-1,-1,4,1
20131300M1311,1,9,0,1,0,8,0,0,0,0,2,1,6,1,6,1686,2,5,2,1
20131300M1311,2,9,0,7,0,8,0,0,0,0,1,1,6,2,8,1560,2,2,2,1
20131300M1419,1,9,0,4,0,0,0,0,0,0,1,1,6,1,9,1896,2,5,5,1
20131300M1419,2,9,0,4,0,0,0,0,0,0,2,1,6,2,7,1995,2,-1,6,1
20131300M1774,1,1,0,17,0,3,0,0,0,0,4,1,2,1,6,-1,-1,-1,5,1
20131300M1774,2,9,0,18,0,4,0,0,0,0,1,1,6,3,-1,-1,-1,-1,-1,-1
20131300M1818,1,9,0,18,0,8,0,0,0,0,1,1,2,1,8,1299,1,9,4,1
20131300M1818,2,9,0,9,0,8,0,0,0,0,1,1,6,2,11,1368,1,7,4,1
20131300M1902,1,9,0,17,0,1,1,0,1,11,4,1,6,1,5,1997,1,13,3,1
20131300M2064,1,9,0,6,0,5,0,0,0,0,0,1,6,1,4,1995,2,5,7,1
20131300M2064,2,9,0,18,0,1,0,0,0,0,2,1,6,1,4,1396,1,7,2,1
20131300M2064,3,9,0,18,0,1,0,0,0,0,1,1,6,1,4,1229,1,5,6,1
20131300M2064,4,9,0,18,0,1,0,0,0,0,1,1,6,1,4,1124,1,12,-1,-1
20131300N0198,1,9,0,4,0,0,1,0,0,0,1,1,2,2,5,973,1,11,10,2
20131300N0198,2,9,0,4,0,0,0,0,0,0,2,1,1,2,7,1396,1,-1,2,1
20131300N0304,1,9,0,14,0,2,0,0,0,0,1,1,2,2,8,1968,2,6,8,1
20131300N0485,1,9,0,18,9,0,0,0,0,0,1,1,6,3,-1,-1,-1,-1,-1,-1
20131300N0601,1,19,0,1,0,8,0,0,0,0,2,1,1,1,6,2148,2,7,2,1
20131300N0761,1,9,0,9,0,6,0,0,0,0,3,1,6,2,7,1984,1,7,9,1
20131300N0761,2,9,0,18,0,1,0,0,0,0,1,1,6,1,9,1995,2,7,3,1
20131300N0826,1,9,0,4,0,1,0,0,0,0,2,1,6,2,7,1896,2,12,2,1
20131300N0826,2,9,0,4,0,1,0,0,0,0,1,1,1,1,6,1560,2,6,3,1
20131300N0967,1,9,0,9,0,6,0,0,0,0,1,1,6,1,9,2996,1,7,1,1
20131300N1110,1,9,0,7,0,4,1,10,1,2,3,1,2,1,5,1242,1,7,6,1
20131300N1114,1,9,0,18,0,8,2,0,1,2,1,1,6,1,11,1598,2,-1,8,1
20131300N1196,1,9,0,18,0,1,0,0,0,0,1,1,6,1,10,1560,2,-1,1,1
20131300N1196,2,9,0,4,0,1,0,0,0,0,2,1,6,2,10,1587,1,8,2,1
20131300N1220,1,9,0,10,0,1,0,0,0,0,2,1,6,2,8,1299,1,11,8,1
20131300N1220,2,9,0,18,0,1,0,0,0,0,1,1,6,1,9,2776,2,6,3,1
20131300N1292,1,2,0,18,0,0,0,0,0,0,1,1,6,1,4,124,1,2,4,1
20131300N1346,1,9,0,17,0,0,0,0,0,0,1,1,6,3,-1,-1,-1,-1,-1,-1
20131300N1346,2,1,0,16,0,0,0,10,1,0,1,1,6,1,8,-1,-1,-1,3,1
20131300N1750,1,9,0,9,0,5,0,0,0,0,4,1,6,2,10,1108,1,4,9,2
20131300N1750,2,9,0,18,0,1,0,0,0,0,1,1,6,1,4,1995,1,9,9,2
20131300N1895,1,3,0,18,0,8,0,0,0,0,1,1,6,1,4,124,1,1,2,1
20131300N1895,2,9,0,9,0,8,0,0,0,0,1,1,6,2,9,1198,1,4,7,1
20131300N1912,1,9,0,18,0,2,0,0,3,11,1,1,6,2,6,1587,1,7,2,1
20131300O0225,1,9,0,18,0,0,0,0,0,0,0,1,6,1,9,1997,2,9,2,1
20131300O0225,2,9,0,18,0,0,0,0,0,0,1,1,6,1,5,998,1,6,3,1
20131300O0237,1,9,0,1,6,0,0,0,0,0,4,1,6,1,4,1896,2,4,4,1
20131300O0268,1,9,0,18,0,1,0,4,0,0,1,1,6,1,5,998,1,15,6,1
20131300O0268,2,9,0,2,0,1,0,0,1,0,2,1,6,1,-1,998,1,3,-1,-1
20131300O0306,1,9,0,9,0,2,0,0,0,0,1,1,1,2,6,-1,-1,-1,2,1
20131300O0306,2,1,0,18,0,8,0,0,0,0,1,1,1,1,5,-1,-1,-1,-1,-1
20131300O0480,1,9,0,1,0,0,0,0,0,0,2,1,6,1,11,1390,1,7,2,1
20131300O0492,1,9,0,3,0,0,0,0,0,0,2,1,6,1,7,1242,1,13,2,1
20131300O0492,2,9,0,3,0,0,0,0,0,0,2,1,6,1,7,1490,1,8,8,3
20131300O0492,3,9,0,4,0,0,0,0,0,0,1,1,6,1,10,2400,2,1,8,3
20131300O0492,4,9,0,4,0,0,1,0,0,0,1,1,6,2,5,2496,2,10,3,1
20131300O0495,1,19,0,5,0,0,0,0,0,0,4,1,6,3,5,2402,2,12,2,1
20131300O0530,1,9,0,18,9,0,0,0,1,0,4,1,6,3,-1,-1,-1,-1,-1,-1
20131300O0592,1,9,0,18,0,2,0,0,0,0,1,1,2,1,5,1149,1,9,3,1
20131300O0602,1,9,0,9,0,5,0,0,0,0,1,1,6,1,7,1598,1,12,6,1
20131300O0602,2,1,0,10,0,2,0,0,0,0,3,1,6,1,8,-1,-1,-1,4,1
20131300O0637,1,9,0,9,0,8,0,0,0,0,1,1,1,1,6,1968,2,8,-1,-1
20131300O0656,1,9,0,5,0,6,0,0,0,0,1,1,6,1,8,1956,2,1,2,1
20131300O0656,2,9,0,18,0,8,0,0,0,0,4,1,6,2,6,1242,1,11,2,1
20131300O0671,1,2,0,18,0,8,1,0,0,0,0,1,6,2,4,50,1,-1,3,1
20131300O1051,1,21,0,11,0,0,0,0,0,0,4,1,1,1,6,12900,2,4,8,1
20131300O1051,2,9,0,18,0,0,0,0,0,0,3,1,6,2,6,1149,1,8,5,1
20131300O1156,1,19,0,18,0,0,0,0,0,0,1,1,6,3,-1,-1,-1,-1,-1,-1
20131300O1156,2,9,0,3,0,0,0,0,0,0,2,1,6,1,9,1998,2,5,2,1
20131300O1156,3,9,0,3,0,0,0,0,0,0,2,1,6,2,-1,1149,1,6,4,2
20131300O1156,4,9,0,3,0,0,0,0,0,0,2,1,6,1,-1,2400,2,2,9,1
20131300O1399,1,9,0,18,0,1,0,0,0,0,1,1,6,1,6,1997,2,13,7,1
20131300O1399,2,9,0,18,0,1,0,0,0,0,1,1,6,2,6,1388,1,9,1,1
20131300O1463,1,9,0,6,0,0,0,0,0,0,3,1,6,3,-1,1598,1,8,-1,-1
20131300O1517,1,9,0,13,0,0,1,0,1,10,4,1,6,1,10,1598,1,8,3,1
20131300O1517,2,21,1,18,0,0,0,0,0,0,1,1,1,1,9,10837,2,2,9,1
20131300O1706,1,19,0,18,0,8,0,0,0,0,1,1,1,1,8,-1,-1,-1,10,2
20131300O1706,2,9,0,18,0,8,0,0,0,0,1,1,6,1,6,2000,2,7,3,1
20131300P0237,1,9,0,4,0,0,0,0,0,0,1,1,1,1,7,-1,-1,-1,1,1
20131300P0237,2,19,0,4,0,0,0,0,0,0,2,1,1,1,6,-1,-1,-1,7,1
20131300P0241,1,9,0,2,0,1,0,0,0,0,2,1,6,2,6,1870,2,7,-1,-1
20131300P0241,2,9,0,5,0,6,0,0,0,0,1,1,1,1,9,1997,2,3,7,1
20131300P0246,1,9,0,9,0,6,0,0,0,0,1,1,1,1,8,-1,-1,-1,2,1
20131300P0246,2,9,0,18,0,8,0,0,0,0,4,1,3,1,7,1360,1,12,8,2
20131300P0266,1,9,0,5,0,4,0,0,0,0,1,1,6,1,6,1598,1,8,3,1
20131300P0266,2,19,0,9,0,4,0,0,0,0,4,1,2,1,7,2459,2,15,3,1
20131300P0393,1,9,0,17,0,2,1,0,1,7,4,1,6,1,6,1360,1,4,10,1
20131300P0479,1,9,0,9,0,6,0,0,0,0,3,1,6,2,8,1242,1,13,7,2
20131300P0479,2,9,0,16,0,1,0,0,7,11,1,1,6,1,10,1560,2,1,10,2
20131300P0517,1,9,0,9,0,6,0,0,0,0,1,1,6,2,5,1598,1,9,2,1
20131300P0517,2,5,0,18,0,1,0,0,0,0,4,1,6,1,9,1340,1,22,-1,-1
20131300P0679,1,9,0,18,0,0,0,0,0,0,4,1,6,1,6,-1,-1,-1,-1,-1
20131300P0679,2,1,0,18,0,0,0,0,0,0,1,1,6,1,6,-1,-1,-1,1,1
20131300P0717,1,9,0,11,0,0,0,0,0,0,0,1,6,1,6,1968,2,6,4,1
20131300P0717,2,5,0,18,0,0,0,0,0,0,0,1,6,1,7,599,1,12,3,1
20131300P0773,1,1,0,18,0,1,2,0,0,0,3,1,6,1,3,-1,-1,-1,1,1
20131300P0773,2,9,0,18,0,1,0,0,0,0,4,1,6,1,4,1498,7,6,5,1
20131300P0860,1,9,0,18,0,3,0,0,0,0,4,1,6,1,8,1598,1,3,-1,-1
20131300P0860,2,9,0,5,0,4,0,0,0,0,1,1,6,3,-1,-1,-1,-1,-1,-1
20131300P1046,1,9,0,4,0,0,0,0,0,0,4,1,6,2,5,1296,1,6,3,1
20131300P1191,1,9,0,18,0,1,0,0,0,0,1,1,6,2,5,1149,1,3,3,2
20131300P1218,1,9,0,18,0,0,0,0,1,0,4,1,6,2,3,-1,-1,-1,-1,-1
20131300P1218,2,1,0,18,9,0,0,0,0,0,3,1,6,3,4,-1,-1,-1,-1,-1
20131300P1256,1,8,0,18,0,8,0,0,0,0,3,1,1,1,6,1995,2,5,6,1
20131300P1256,2,9,0,9,0,8,0,0,0,0,1,1,6,1,6,1995,2,9,2,1
20131300P1325,1,9,0,7,0,1,0,0,0,0,1,1,6,2,6,-1,-1,-1,2,1
20131300P1325,2,1,0,18,0,1,0,0,0,0,1,1,6,1,3,-1,-1,-1,2,1
20131300P1336,1,9,0,18,0,8,0,0,0,0,1,1,6,1,6,1299,1,11,3,1