Accident_Index,Vehicle_Reference,Vehicle_Type,Towing_and_Articulation,Vehicle_Manoeuvre,Vehicle_Location-Restricted_Lane,Junction_Location,Skidding_and_Overturning,Hit_Object_in_Carriageway,Vehicle_Leaving_Carriageway,Hit_Object_off_Carriageway,1st_Point_of_Impact,Was_Vehicle_Left_Hand_Drive?,Journey_Purpose_of_Driver,Sex_of_Driver,Age_Band_of_Driver,Engine_Capacity_(CC),Propulsion_Code,Age_of_Vehicle,Driver_IMD_Decile,Driver_Home_Area_Type
20131300P1336,2,9,0,9,0,6,0,0,0,0,3,1,6,2,7,1422,2,8,2,1
20131300P1358,1,9,0,8,0,1,0,0,0,0,1,1,6,1,4,998,1,6,8,1
20131300P1358,2,9,0,3,0,1,0,0,0,0,2,1,6,1,8,1910,2,6,8,1
20131300P1358,3,9,0,18,0,1,0,0,0,0,2,1,6,2,7,1328,1,-1,8,3
20131300P1954,1,4,0,18,0,8,0,0,0,0,3,1,2,1,9,124,1,2,9,1
20131300P1954,2,8,0,18,0,6,0,0,0,0,1,1,1,1,8,-1,-1,-1,2,1
20131300Q0152,1,9,0,18,0,0,2,0,1,4,1,1,6,2,6,1242,1,5,5,1
20131300Q0324,1,9,0,9,0,8,0,0,0,0,1,1,6,2,5,1390,1,11,-1,-1
20131300Q0324,2,8,0,18,0,8,0,0,0,0,1,1,6,1,6,1896,2,5,-1,-1
20131300Q0337,1,3,0,14,0,0,0,0,0,0,3,1,6,1,-1,89,1,20,-1,-1
20131300Q0414,1,9,0,9,0,5,0,0,0,0,2,1,6,2,6,1389,1,12,3,1
20131300Q0461,1,9,0,3,0,8,0,0,0,0,2,1,6,1,10,1798,1,9,1,1
20131300Q0461,2,9,0,3,0,8,0,0,0,0,2,1,6,1,6,1796,1,9,4,1
20131300Q0461,3,9,0,4,0,8,0,0,0,0,1,1,6,1,4,1149,1,12,5,1
20131300Q0463,1,9,0,9,0,6,0,0,0,0,3,1,6,2,9,1956,2,1,5,2
20131300Q0463,2,9,0,18,0,1,0,7,0,0,1,1,6,2,11,1299,1,8,8,2
20131300Q0552,1,9,0,17,0,0,5,0,0,0,3,1,6,1,9,1388,1,7,1,1
20131300Q0703,1,9,0,18,0,1,0,0,0,0,1,1,1,2,6,-1,-1,-1,8,1
20131300Q0703,2,9,0,18,0,2,0,0,0,0,2,1,1,2,6,998,1,10,1,1
20131300Q0703,3,9,0,18,0,6,0,0,0,0,2,1,1,2,9,1198,1,9,3,1
20131300Q0769,1,90,0,18,0,8,0,0,0,0,4,1,1,1,7,-1,-1,-1,-1,-1
20131300Q0769,2,20,0,18,0,8,0,0,0,0,1,1,6,1,10,-1,-1,-1,2,1
20131300Q0922,1,8,0,18,0,0,0,0,0,0,1,1,1,1,6,1995,2,5,1,1
20131300Q0922,2,9,0,5,0,0,0,0,0,0,1,1,6,2,6,-1,-1,-1,5,1
20131300Q0956,1,9,0,18,0,0,0,0,0,0,1,1,6,1,9,1299,1,14,3,2
20131300Q1038,1,9,0,17,0,8,0,0,0,0,1,1,6,1,11,1596,1,7,5,1
20131300Q1038,2,9,0,18,0,8,0,0,0,0,3,1,6,1,6,1596,1,11,7,3
20131300Q1068,1,9,0,18,0,1,0,0,0,0,1,1,2,2,9,1248,1,4,-1,-1
20131300Q1109,1,9,0,18,0,0,0,0,0,0,1,1,6,1,5,1998,1,5,2,1
20131300Q1139,1,9,0,9,0,5,0,0,0,0,4,1,2,1,7,2143,2,-1,-1,-1
20131300Q1139,2,1,0,18,0,8,0,0,0,0,1,1,6,1,7,-1,-1,-1,7,1
20131300Q1196,1,9,0,18,0,8,0,0,0,0,1,1,6,3,-1,1198,1,9,-1,-1
20131300Q1196,2,9,0,10,0,8,0,0,0,0,2,1,6,1,5,1686,2,11,3,1
20131300Q1248,1,9,0,18,0,6,0,0,1,0,4,1,6,2,8,-1,-1,-1,5,3
20131300Q1248,2,9,0,18,2,8,0,0,0,0,1,1,6,2,6,1360,1,5,1,1
20131300Q1671,1,9,0,18,0,0,0,0,0,0,1,1,6,2,9,1328,1,5,4,2
20131300Q1671,2,9,0,2,0,0,0,0,0,0,0,1,6,1,7,1679,1,12,8,1
20131300Q1677,1,9,0,18,0,0,0,0,0,0,3,1,6,3,-1,-1,-1,-1,-1,-1
20131300Q1677,2,5,0,18,0,0,0,0,0,0,4,1,6,1,8,675,1,3,6,3
20131300Q1965,1,9,0,16,0,0,1,0,7,4,1,1,6,1,5,1995,2,7,7,3
20131300R0116,1,9,0,18,0,1,0,0,0,0,1,1,6,1,6,998,1,13,2,1
20131300R0116,2,9,0,9,0,1,0,0,0,0,2,1,1,1,7,1995,2,10,1,1
20131300R0164,1,8,0,18,0,8,0,0,0,0,1,1,1,1,7,1896,2,5,1,1
20131300R0164,2,11,0,18,0,8,0,0,0,0,1,1,1,1,6,-1,-1,-1,7,1
20131300R0227,1,5,0,18,0,1,2,0,0,0,1,1,2,1,7,1352,1,7,6,1
20131300R0227,2,9,0,9,0,6,0,0,0,0,1,1,2,1,5,996,1,-1,5,1
20131300R0334,1,9,0,18,0,0,0,0,0,0,1,1,6,1,-1,-1,-1,-1,-1,-1
20131300R0534,1,19,0,18,0,0,0,0,0,0,1,1,1,1,6,2148,2,6,4,1
20131300R0534,2,9,0,3,0,0,0,0,0,0,2,1,6,2,6,1598,1,8,8,1
20131300R0534,3,9,0,3,0,0,0,0,0,0,2,1,6,1,4,1196,1,19,1,1
20131300R0602,1,9,0,18,0,1,1,0,0,0,1,1,6,1,6,1242,1,12,3,1
20131300R0602,2,9,0,4,0,1,0,0,0,0,2,1,6,2,6,2976,1,10,3,1
20131300R0770,1,9,0,5,9,6,0,0,0,0,1,1,1,1,8,1582,2,-1,4,1
20131300R0879,1,9,0,18,0,0,0,0,0,0,2,1,6,1,-1,-1,-1,-1,4,1
20131300R0879,2,9,0,18,0,0,0,0,0,0,1,1,6,2,11,1364,2,5,4,1
20131300R0879,3,9,0,13,0,0,0,0,0,0,4,1,6,1,10,2685,2,11,4,1
20131300R0889,1,9,0,9,0,8,0,0,0,0,3,1,6,1,10,1389,1,16,2,1
20131300R0889,2,9,0,18,0,8,0,0,0,0,1,1,6,2,6,1390,1,3,5,1
20131300R1003,1,9,0,16,0,0,1,0,0,7,1,1,6,2,6,1596,1,16,8,1
20131300R1009,1,9,0,18,0,1,0,0,0,0,1,1,6,2,7,1686,2,8,4,1
20131300R1009,2,9,0,5,0,6,0,0,0,0,1,1,6,1,-1,-1,-1,-1,-1,-1
20131300R1067,1,9,0,9,0,6,0,0,0,0,1,1,6,2,9,1198,1,3,4,1
20131300R1067,2,3,0,18,0,8,0,0,0,0,4,1,6,1,7,124,1,9,6,1
20131300R1086,1,9,0,7,0,0,0,0,0,0,4,1,6,2,7,1587,1,8,2,1
20131300R1086,2,9,0,18,0,0,0,0,0,0,0,1,6,3,-1,1397,1,11,-1,1
20131300R1117,1,9,0,5,0,2,0,0,0,0,1,1,6,1,-1,1108,1,9,-1,-1
20131300R1117,2,9,0,18,0,1,0,0,0,0,4,1,6,1,-1,1991,2,4,-1,-1
20131300R1187,1,9,0,3,0,0,0,0,0,0,2,1,1,1,7,2143,2,-1,8,1
20131300R1187,2,19,0,18,0,0,0,0,0,0,1,1,1,1,6,1560,2,6,6,1
20131300R1187,3,9,0,18,0,0,0,0,0,0,1,1,1,1,6,1248,1,1,-1,-1
20131300R1223,1,9,0,9,0,0,0,0,0,0,3,1,6,2,5,1360,1,6,5,2
20131300R1356,1,9,0,4,0,1,1,0,0,0,1,1,6,2,6,1000,1,-1,1,2
20131300R1356,2,9,0,3,0,1,0,0,0,0,2,1,2,2,7,1988,2,8,2,1
20131300R1356,3,19,0,3,0,1,0,0,0,0,2,1,2,1,6,1998,2,10,3,1
20131300R1418,1,9,0,9,0,6,1,0,7,11,4,1,6,1,10,1598,1,3,8,2
20131300R1418,2,9,0,18,0,8,1,0,0,0,1,1,6,1,9,5439,1,10,7,2
20131300R1418,3,9,0,18,0,8,0,0,0,0,1,1,6,1,6,2967,2,2,10,2
20131300R1420,1,9,0,18,0,0,0,0,0,0,1,1,6,2,7,1598,1,-1,5,2
20131300R1420,2,19,0,18,0,0,0,0,0,0,2,1,6,1,5,2402,2,8,4,1
20131300R1471,1,9,0,9,0,6,0,0,0,0,3,1,6,2,8,1896,2,5,3,1
20131300R1471,2,9,0,18,0,1,0,0,0,0,1,1,6,1,6,1968,2,7,2,1
20131300R1601,1,9,0,9,0,0,0,0,0,0,1,1,6,2,7,1461,2,6,4,1
20131300R1601,2,3,0,18,0,0,0,0,0,0,1,1,6,1,5,124,1,1,2,1
20131300R1675,1,11,0,2,0,0,0,0,0,0,0,1,1,1,7,6692,2,1,1,1
20131300R1746,1,9,0,18,0,0,1,0,4,6,4,1,6,1,4,1587,1,12,2,1
20131300S0126,1,9,0,18,0,0,2,0,8,4,1,2,1,1,5,1398,1,-1,7,2
20131300S0530,1,9,0,18,0,0,0,0,0,0,4,1,6,1,6,-1,-1,-1,2,1
20131300S0530,2,1,0,18,0,0,0,0,0,0,3,1,6,1,5,-1,-1,-1,2,1
20131300S0579,1,9,0,3,0,1,0,0,0,0,2,1,2,2,4,-1,-1,-1,6,1
20131300S0579,2,19,0,18,0,1,0,0,0,0,1,1,1,1,5,2198,2,1,5,1
20131300S0579,3,19,0,18,0,1,0,0,0,0,1,1,1,1,5,3900,2,10,5,1
20131300S0586,1,21,0,4,0,1,1,0,0,0,1,1,1,1,8,9200,2,4,8,1
20131300S0586,2,9,0,4,0,1,0,0,0,0,2,1,6,2,5,1149,1,15,-1,-1
20131300S0633,1,9,0,5,0,1,1,0,0,0,3,1,6,1,6,2204,2,7,9,1
20131300S0633,2,3,0,16,0,1,1,0,0,0,1,1,6,1,4,124,1,7,6,1
20131300S0644,1,1,0,4,0,0,2,0,0,0,0,1,6,1,8,-1,-1,-1,9,2
20131300S0724,1,9,0,9,0,8,0,0,0,0,3,1,6,2,5,2198,1,6,2,1
20131300S0724,2,1,0,7,0,8,0,0,0,0,1,1,6,1,7,-1,-1,-1,1,1
20131300S0725,1,11,0,18,0,0,0,0,0,0,1,1,1,1,9,5900,2,7,1,1
20131300S0725,2,1,0,18,0,0,0,0,0,0,3,1,6,2,3,-1,-1,-1,1,2
20131300S0745,1,5,0,4,0,0,1,0,0,0,1,1,6,1,5,599,1,13,1,1
20131300S0745,2,9,0,4,0,0,1,0,0,0,2,1,6,1,6,1560,2,1,4,1
20131300S0759,1,9,0,12,0,0,0,0,0,0,0,1,6,3,-1,-1,-1,-1,-1,-1
20131300S0759,2,9,0,11,0,0,1,0,0,0,1,1,6,1,8,2000,1,9,9,2
20131300S0759,3,9,0,18,0,0,0,0,0,0,4,1,6,1,7,1796,1,5,4,1
20131300S0759,4,9,0,18,0,0,0,0,1,6,3,1,6,1,11,1360,1,3,3,1
20131300S0806,1,9,0,18,0,1,0,0,0,0,1,1,6,1,6,2993,2,-1,3,1
20131300S0806,2,9,0,9,0,6,0,0,0,0,3,1,6,1,5,-1,-1,-1,2,1
20131300S0872,1,9,0,14,0,1,0,0,0,0,1,1,1,1,7,1560,2,2,10,2
20131300S0872,2,9,0,9,0,1,0,0,0,0,1,1,6,2,9,1896,2,15,3,1
20131300S1053,1,9,0,18,0,4,0,0,0,0,0,1,6,2,8,1598,1,8,6,3
20131300S1053,2,9,0,18,0,8,0,0,0,0,0,1,6,1,8,-1,-1,-1,5,2
20131300S1053,3,5,0,18,0,8,2,0,0,0,3,1,6,1,7,649,1,-1,1,1
20131300S1172,1,17,0,7,0,0,0,0,0,0,3,1,6,1,9,-1,2,8,-1,-1
20131300S1172,2,9,0,18,0,0,0,0,0,0,1,1,6,1,5,1781,1,8,-1,-1
20131300S1172,3,20,0,16,0,0,0,0,0,0,3,1,6,1,9,-1,-1,-1,2,1
20131300S1193,1,9,0,18,0,0,5,0,1,9,2,1,6,1,4,1598,1,12,6,3
20131300S1255,1,9,0,9,0,8,0,0,0,0,4,1,1,2,9,1560,2,5,8,1
20131300S1255,2,1,0,18,0,8,0,0,0,0,1,1,1,1,6,-1,-1,-1,1,1
20131300S1256,1,9,0,18,0,6,0,0,0,0,1,1,2,2,5,1598,2,-1,8,1
20131300S1256,2,9,0,18,0,6,0,0,0,0,2,1,2,2,6,1598,1,-1,1,1
20131300S1402,1,9,0,18,0,0,0,0,0,0,1,1,6,1,5,2663,2,20,5,1
20131300S1402,2,9,0,10,0,0,0,0,0,0,2,1,1,1,8,1997,2,14,1,1
20131300S1460,1,9,0,18,0,1,0,0,0,0,4,1,6,1,6,998,1,12,4,1
20131300S1509,1,9,0,3,0,0,0,0,0,0,2,1,6,2,7,1242,1,6,8,1
20131300S1509,2,9,0,18,0,0,0,0,0,0,1,1,6,1,7,1781,1,11,4,1
20131300T0004,1,19,0,18,0,0,0,7,4,6,1,1,2,1,6,1896,2,3,1,1
20131300T0004,2,9,0,18,0,0,0,7,2,7,2,1,6,1,6,1796,1,11,3,1
20131300T0025,1,9,0,18,0,1,0,0,7,11,1,1,6,1,4,1590,1,10,5,2
20131300T0223,1,9,0,18,0,8,0,0,0,0,1,1,1,1,5,1598,1,13,4,1
20131300T0223,2,9,0,9,0,6,0,0,0,0,1,1,1,1,10,1700,2,15,5,1
20131300T0223,3,9,0,18,0,8,0,0,0,0,3,1,1,2,9,1910,2,4,6,1
20131300T0223,4,9,0,9,0,1,0,0,0,0,1,1,1,1,8,1998,1,12,4,1
20131300T0361,1,9,0,18,0,8,0,0,0,0,1,1,2,1,10,1390,1,7,5,1
20131300T0382,1,9,0,18,0,0,5,10,0,0,1,1,6,1,11,1368,1,4,3,1
20131300T0939,1,5,0,18,0,0,2,0,0,0,3,1,6,1,8,1050,1,6,6,3
20131300T0939,2,9,0,2,0,0,0,0,0,0,0,1,6,1,6,1364,1,4,3,1
20131300T1098,1,9,0,9,0,5,0,0,0,0,4,1,6,2,9,1339,1,4,6,1
20131300T1127,1,9,0,18,0,8,0,0,8,11,1,1,6,1,6,1998,1,7,2,1
20131300T1327,1,11,0,18,0,0,0,0,0,0,0,1,1,1,8,7300,2,12,4,1
20131300T1380,1,11,0,5,0,0,0,0,0,0,0,1,1,1,7,9360,2,5,2,1
20131300T1380,2,9,0,13,0,0,0,0,0,0,0,1,6,1,5,1595,1,3,2,1
20131300T1576,1,9,0,18,0,8,0,7,0,0,1,1,6,1,9,2401,2,5,6,1
20131300T1729,1,9,0,18,0,1,1,0,1,7,1,1,6,1,7,3227,2,12,-1,-1
20131300T1729,2,9,0,18,0,4,0,0,0,0,4,1,6,1,7,1995,2,7,-1,-1
20131300T1729,3,9,0,2,9,8,0,0,0,0,3,1,6,1,-1,1753,2,14,-1,-1
20131300U0136,1,9,0,9,0,6,0,0,0,0,3,1,2,1,7,1997,2,11,-1,-1
20131300U0136,2,2,0,18,0,1,0,0,0,0,1,1,2,1,6,109,1,-1,-1,-1
20131300U0326,1,9,0,5,0,0,0,0,0,0,3,1,6,2,10,1360,1,11,5,1
20131300U0326,2,19,0,18,0,0,0,0,0,0,4,1,6,1,6,1995,2,-1,9,1
20131300U0346,1,9,0,18,0,8,0,0,0,0,1,1,6,1,11,1598,1,13,7,1
20131300U0346,2,9,0,18,0,8,0,0,0,0,4,1,1,1,8,1200,1,1,4,1
20131300U0346,3,9,0,10,0,8,0,0,0,0,1,1,6,2,10,1200,1,11,8,1
20131300U0357,1,3,0,18,0,0,0,0,0,0,0,1,6,1,4,124,1,6,-1,-1
20131300U0413,1,9,0,18,0,0,0,0,0,0,3,1,6,2,3,1686,2,1,3,1
20131300U0457,1,9,0,1,0,1,0,0,0,0,2,1,6,1,8,1799,1,7,5,1
20131300U0575,1,9,0,13,0,0,1,0,0,0,3,1,6,1,8,1596,1,13,2,1
20131300U0575,2,9,0,17,0,0,0,0,1,10,3,1,6,1,11,1796,1,9,2,1
20131300U0814,1,9,0,9,0,0,0,0,0,0,4,1,6,1,6,999,1,6,4,1
20131300U0814,2,1,0,18,0,0,0,0,0,0,1,1,6,1,10,-1,-1,-1,9,1
20131300U0875,1,9,0,3,0,1,0,0,0,0,0,1,6,1,9,998,1,6,5,1
20131300U0875,2,3,0,18,0,1,0,0,0,0,0,1,6,1,7,125,1,5,6,1
20131300U0954,1,11,0,18,0,1,0,0,0,0,1,1,6,2,6,-1,-1,-1,-1,-1
20131300U1000,1,9,0,18,0,2,0,0,0,0,1,1,2,2,9,998,1,13,7,1
20131300U1121,1,9,0,10,0,6,0,0,0,0,3,1,6,2,7,2204,2,5,1,1
20131300U1121,2,2,0,13,0,8,0,0,0,0,1,1,6,2,4,49,1,-1,1,1
20131300U1141,1,9,0,18,0,1,0,0,0,0,1,1,6,1,7,1348,1,12,2,1
20131300U1141,2,9,0,10,0,1,0,0,0,0,2,1,6,2,5,1149,1,7,1,1
20131300U1202,1,2,0,14,0,8,2,0,0,0,1,1,6,1,4,49,1,4,2,1
20131300U1202,2,9,0,9,0,1,0,0,0,0,3,1,6,1,7,1900,2,9,1,1
20131300U1223,1,5,0,18,0,0,0,0,0,0,1,1,1,1,6,1170,1,-1,6,1
20131300U1275,1,9,0,18,0,0,0,0,0,0,4,1,6,2,8,1588,1,14,1,1
20131300U1531,1,9,0,16,0,0,1,0,3,0,3,1,6,1,7,1995,2,11,6,1
20131300U1562,1,11,0,18,0,1,0,0,0,0,4,1,1,1,9,3900,2,7,5,1
20131300U1728,1,9,0,18,0,1,0,0,0,0,4,1,6,1,11,1197,1,1,5,1
20131300U1728,2,9,0,18,0,1,0,0,0,0,2,1,6,2,6,2204,2,7,7,1
20131300U1842,1,9,0,2,9,0,0,4,0,0,2,1,6,1,8,2993,2,3,7,2
20131300U1842,2,9,0,2,9,0,0,0,0,0,2,1,6,1,9,1596,1,10,8,1
20131300U1842,3,9,0,16,0,0,1,4,1,0,3,1,6,1,4,1398,1,9,2,1
20131300V0601,1,1,0,18,0,0,0,0,0,0,1,1,6,1,10,-1,-1,-1,8,1
20131300V0699,1,9,0,18,0,0,0,0,0,0,3,1,6,1,6,2495,2,18,8,3
20131300V0940,1,9,0,18,0,1,0,0,0,0,1,1,6,1,4,995,1,6,3,1
20131300V1718,1,9,0,18,0,0,0,0,0,0,0,1,6,1,6,-1,-1,-1,1,1
20131300V1718,2,3,0,18,0,0,2,0,0,0,0,1,6,1,-1,-1,-1,-1,-1,-1
2013130100062,1,9,0,18,0,0,0,0,1,3,1,1,6,2,11,1196,1,17,10,2
2013130100062,2,19,0,2,0,0,0,0,0,0,1,1,1,1,8,2461,2,3,4,1
2013130100297,1,9,0,5,0,1,0,0,0,0,1,1,2,2,7,1560,2,8,1,1
2013130100297,2,9,0,15,0,1,0,0,0,0,4,1,2,1,5,1998,1,6,8,1
2013130100322,1,9,0,18,0,0,0,0,0,0,1,1,6,1,11,1299,1,7,7,1
2013130100679,1,9,0,16,0,0,0,0,7,4,1,1,6,1,11,2830,2,18,9,1
2013130100729,1,8,0,18,0,0,0,0,0,0,4,1,6,1,-1,2720,2,7,-1,-1
2013130100729,2,5,0,18,0,0,0,0,0,0,3,1,2,1,7,-1,-1,-1,7,1
2013130100747,1,11,0,1,0,0,0,0,0,0,2,1,1,2,8,4500,2,-1,2,1
2013130100747,2,9,0,3,0,0,0,0,0,0,1,1,6,1,9,1870,2,10,-1,-1
2013130100761,1,19,0,18,0,0,0,0,0,0,1,1,6,1,7,2402,2,3,8,1
2013130100761,2,19,0,4,0,0,0,0,0,0,2,1,6,1,8,1998,2,9,1,1
2013130100881,1,9,0,18,0,1,0,0,0,0,1,1,6,2,-1,1481,2,9,-1,-1
2013130100881,2,9,0,9,0,1,0,0,0,0,1,1,6,1,6,-1,-1,-1,1,1
2013130100919,1,9,0,9,0,8,0,0,0,0,4,1,6,2,11,1497,1,9,4,1
2013130100919,2,1,0,18,0,8,0,0,0,0,1,1,6,1,6,-1,-1,-1,-1,-1
2013130100931,1,1,0,18,0,0,0,0,0,0,1,1,6,1,6,-1,-1,-1,7,1
2013130100931,2,9,0,9,0,0,0,0,0,0,1,1,6,1,9,1986,2,8,6,1
2013130101168,1,9,0,18,0,4,0,0,0,0,1,1,6,2,10,1582,2,3,8,3
2013130101168,2,9,0,18,0,4,0,0,0,0,2,1,1,1,7,2993,2,1,3,1
2013130101381,1,9,0,9,0,1,0,0,0,0,3,1,3,2,8,1360,1,3,4,1
2013130101381,2,9,0,18,0,1,0,0,0,0,1,1,2,1,4,1795,1,25,10,2
2013130101450,1,19,0,11,0,0,0,0,0,0,4,1,6,1,8,12900,2,5,-1,3
2013130101450,2,9,0,18,0,0,1,0,0,10,3,1,6,1,9,1798,1,7,1,1
2013130101513,1,19,0,18,0,1,0,0,0,0,2,1,6,1,8,-1,-1,-1,-1,-1
2013130101513,2,9,0,18,0,1,0,0,0,0,1,1,6,2,7,-1,-1,-1,10,1
2013130101556,1,9,0,18,0,0,0,0,0,0,1,1,1,2,4,1124,1,10,-1,-1
2013130101727,1,9,0,18,0,1,5,0,0,0,1,1,6,2,11,1240,1,4,8,1
2013130101727,2,9,0,2,0,1,0,0,0,0,2,1,6,1,-1,2148,2,8,7,1
2013130101727,3,9,0,2,0,1,0,0,0,0,1,1,6,1,-1,1242,1,3,1,1
2013130101808,1,1,0,18,0,8,0,0,0,0,4,1,2,1,6,-1,-1,-1,4,1
2013130101808,2,9,0,5,0,6,0,0,0,0,1,1,6,1,7,1995,2,11,3,1
2013130102123,1,9,0,9,0,6,0,0,0,0,3,1,6,1,7,1386,1,7,1,1
2013130102123,2,9,0,18,0,1,0,0,0,0,1,1,6,1,8,1997,2,10,4,2
2013130102346,1,9,0,18,0,0,0,0,0,0,1,1,6,1,7,1590,1,12,1,1
2013130102346,2,9,0,18,0,0,0,0,0,0,2,1,6,1,9,2198,2,1,7,3
2013130102478,1,11,0,7,0,1,0,0,0,0,2,1,3,3,-1,-1,-1,-1,-1,-1
2013130102478,2,9,0,3,0,2,0,0,0,0,3,1,6,2,6,1995,2,9,3,1
2013130102507,1,9,0,17,0,0,0,7,0,0,1,1,6,2,11,996,1,2,2,1
2013130102823,1,9,0,18,0,1,0,0,0,0,1,1,6,1,6,1796,1,16,3,1
2013130103112,1,9,0,18,0,1,0,0,0,0,1,1,6,1,7,1998,1,7,3,1
2013130103112,2,9,0,18,0,1,0,0,0,0,1,1,6,2,4,998,1,4,1,1
2013130103224,1,9,0,18,0,1,0,0,0,0,1,1,6,2,7,1769,1,11,3,1
2013130103224,2,9,0,9,0,8,0,0,0,0,1,1,6,2,6,1248,1,3,2,1
2013130103306,1,9,0,18,0,0,0,0,0,0,1,1,6,1,-1,-1,-1,-1,-1,-1
2013130103306,2,9,0,9,0,0,0,0,0,0,2,1,6,2,6,-1,-1,-1,4,1
2013130103344,1,9,0,9,0,0,0,0,0,0,3,1,6,2,9,1910,2,7,7,1
2013130103344,2,9,0,18,0,0,0,0,0,0,4,1,6,1,4,998,1,6,4,1
2013130103433,1,9,0,1,0,1,0,0,0,0,1,1,6,1,7,-1,-1,-1,7,1
2013130103476,1,9,0,9,0,6,0,0,0,0,1,1,2,1,5,1999,1,8,4,1
2013130103649,1,9,0,9,0,8,0,0,0,0,1,1,6,3,-1,1998,1,10,-1,-1
2013130103649,2,1,0,18,0,8,0,0,0,0,3,1,6,1,6,-1,-1,-1,2,1
2013130103649,3,9,0,10,0,6,0,0,0,0,1,1,1,1,6,1124,1,10,2,1
2013130103755,1,9,0,18,0,8,0,0,0,0,3,1,6,1,7,1900,2,14,6,1
2013130103755,2,19,0,18,0,8,0,0,0,0,1,1,6,1,7,-1,-1,-1,1,1
2013130103853,1,9,0,5,0,8,0,0,0,0,1,1,1,1,7,1998,2,5,2,1
2013130103898,1,9,0,18,0,1,0,0,0,0,1,1,6,1,10,1796,1,11,5,2
2013130103898,2,9,0,4,0,1,0,0,0,0,2,1,6,2,6,1368,1,2,4,1
2013130104004,1,9,0,6,0,6,0,0,0,0,1,1,6,1,6,1896,2,11,1,1
2013130104004,2,9,0,18,0,8,0,0,0,0,4,1,6,1,6,1493,7,16,1,1
2013130104012,1,9,0,18,0,1,0,0,0,0,1,1,6,2,6,998,1,4,8,3
2013130104012,2,9,0,9,0,1,0,0,0,0,1,1,6,1,5,-1,-1,-1,-1,-1
2013130104107,1,9,0,18,0,4,0,0,3,4,1,1,6,1,10,1997,2,11,-1,-1
2013130104174,1,9,0,18,0,1,0,0,0,0,1,1,1,1,6,1896,2,6,3,1
2013130104174,2,9,0,9,0,1,0,0,0,0,1,1,6,1,4,1390,1,6,6,1
2013130104274,1,9,0,18,0,0,0,0,0,0,4,1,1,2,8,1968,2,2,-1,-1
2013130104274,2,8,0,18,0,0,0,0,0,0,1,1,6,1,7,-1,-1,-1,4,1
2013130104280,1,9,0,18,0,0,1,0,1,10,1,1,6,1,6,1389,1,8,-1,-1
2013130104305,1,9,0,18,0,1,0,0,0,0,1,1,6,1,6,1896,2,6,3,1
2013130104306,1,9,0,18,0,8,0,0,0,0,4,1,6,1,6,1794,1,5,1,1
2013130104328,1,9,0,7,0,6,0,0,0,0,2,1,6,2,7,1995,1,3,7,1
2013130104328,2,9,0,18,0,1,0,0,0,0,1,1,6,1,6,2143,2,-1,4,1
2013130104328,3,9,0,18,0,1,0,0,0,0,1,1,6,1,7,1390,1,1,1,1
2013130104330,1,9,0,18,0,6,0,0,0,0,4,1,6,1,7,1896,2,4,6,1
2013130104330,2,9,0,18,0,1,0,0,0,0,1,1,6,1,5,1753,2,10,10,3
2013130104407,1,19,0,18,0,1,0,0,0,0,1,1,6,1,-1,-1,-1,-1,-1,-1
2013130104407,2,9,0,4,0,1,0,0,0,0,2,1,6,1,6,2495,2,15,2,1
2013130104671,1,9,0,18,0,0,0,0,0,0,3,1,6,2,8,2000,1,4,2,1
2013130104671,2,21,0,18,0,0,0,0,0,0,4,1,1,1,8,12900,2,6,1,1
2013130104681,1,9,0,4,0,1,0,0,0,0,1,1,1,2,5,1149,1,12,1,1
2013130104681,2,9,0,3,0,1,0,0,0,0,2,1,6,2,9,1598,1,10,5,1
2013130104728,1,9,0,18,0,1,0,0,0,0,1,1,6,2,5,1242,1,6,4,1
2013130104728,2,9,0,18,0,1,0,0,0,0,2,1,6,1,8,1329,1,1,4,1
2013130104744,1,9,0,18,0,8,0,0,0,0,1,1,6,2,7,2902,2,12,8,1
2013130104744,2,9,0,10,0,8,0,0,0,0,3,1,6,1,6,1975,2,13,2,1
2013130104863,1,9,0,1,0,0,0,0,0,0,2,1,1,1,6,1997,2,4,7,1
2013130104868,1,11,0,18,0,0,0,0,0,0,3,1,1,1,8,9600,2,12,7,1
2013130104868,2,9,0,13,0,0,1,0,0,0,4,1,6,2,7,973,1,13,4,1
2013130104878,1,9,0,11,0,5,0,0,0,0,4,1,6,1,7,1984,1,7,7,1
2013130104878,2,4,0,16,0,5,1,0,0,0,3,1,6,1,8,244,1,7,5,1
2013130105341,1,9,0,9,0,8,0,0,0,0,1,1,6,1,8,998,1,9,2,1
2013130105341,2,3,0,18,0,8,0,0,0,0,1,1,6,1,4,124,1,2,2,1
2013130105714,1,9,0,4,0,0,0,0,0,0,2,1,6,1,8,1560,2,4,6,1
2013130105714,2,9,0,18,0,0,0,0,0,0,1,1,6,2,-1,1149,1,6,9,3
2013130105730,1,9,0,18,0,0,0,0,0,0,1,1,6,3,-1,-1,-1,-1,-1,-1
2013130105730,2,1,0,18,0,0,0,0,0,0,2,1,6,1,3,-1,-1,-1,6,1
2013130105735,1,9,0,17,0,0,1,0,1,4,1,1,2,2,9,998,1,14,10,3
2013130105952,1,11,0,18,0,0,0,0,0,0,0,1,1,1,9,6692,2,1,5,1
2013130105982,1,9,0,11,0,1,0,0,0,0,3,1,6,3,-1,1951,2,9,-1,-1
2013130105982,2,3,0,18,0,1,0,0,0,0,0,1,6,1,7,123,1,5,2,1
2013130106230,1,3,0,18,0,1,1,0,0,0,1,1,6,1,5,125,1,1,6,1