Accident_Index,Vehicle_Reference,Vehicle_Type,Towing_and_Articulation,Vehicle_Manoeuvre,Vehicle_Location-Restricted_Lane,Junction_Location,Skidding_and_Overturning,Hit_Object_in_Carriageway,Vehicle_Leaving_Carriageway,Hit_Object_off_Carriageway,1st_Point_of_Impact,Was_Vehicle_Left_Hand_Drive?,Journey_Purpose_of_Driver,Sex_of_Driver,Age_Band_of_Driver,Engine_Capacity_(CC),Propulsion_Code,Age_of_Vehicle,Driver_IMD_Decile,Driver_Home_Area_Type
2013130125721,1,9,0,18,0,2,0,0,0,0,4,1,6,3,-1,-1,-1,-1,-1,-1
2013130125728,1,9,0,18,0,0,0,0,0,0,1,1,6,1,7,3950,1,18,8,1
2013130125728,2,9,0,18,0,0,0,0,0,0,2,1,6,2,10,1997,2,11,-1,-1
2013130125767,1,9,0,18,0,0,0,0,0,0,1,1,6,1,8,2400,2,3,8,2
2013130125767,2,9,0,18,0,0,1,0,0,0,2,1,6,1,4,1149,1,11,3,1
2013130125785,1,9,0,9,0,8,0,0,0,0,1,1,6,3,8,-1,-1,-1,-1,-1
2013130125786,1,9,0,18,0,0,0,0,0,0,1,1,6,1,6,1398,1,1,1,1
2013130125786,2,9,0,18,0,0,0,0,0,0,2,1,6,1,6,1896,2,9,7,1
2013130125891,1,8,0,18,0,0,0,0,0,10,1,1,1,1,6,1896,2,9,1,1
2013130126212,1,9,0,18,0,0,1,0,0,10,1,1,6,2,7,2776,2,9,-1,-1
2013130126263,1,9,0,9,0,6,0,0,0,0,3,1,6,2,5,1364,2,7,10,1
2013130126263,2,9,0,18,0,8,0,0,0,0,1,1,6,2,6,1360,1,13,4,1
2013130126271,1,9,0,18,0,1,0,0,0,0,1,1,6,1,6,1896,2,5,4,1
2013130126271,2,3,0,9,0,1,0,0,0,0,1,1,6,1,7,-1,-1,-1,10,1
2013130126540,1,9,0,3,0,2,0,0,0,0,2,1,1,2,9,1390,1,11,-1,-1
2013130126540,2,9,0,7,0,6,0,0,0,0,1,1,1,1,7,1968,2,4,10,1
2013130126669,1,19,0,18,0,8,0,0,0,0,1,1,1,1,7,-1,-1,-1,3,1
2013130126669,2,9,0,18,0,8,0,0,0,0,3,1,6,2,6,1461,2,8,1,1
2013130126728,1,9,0,15,4,0,0,0,0,0,3,1,3,1,9,1998,1,16,10,1
2013130126998,1,11,0,9,0,8,0,0,0,0,0,1,1,1,-1,9600,2,14,-1,-1
2013130126998,2,9,0,18,0,8,0,0,0,0,0,1,6,3,-1,-1,-1,-1,-1,-1
2013130127090,1,9,0,18,0,1,0,0,0,0,3,1,6,1,8,1587,1,7,2,1
2013130127090,2,9,0,18,0,1,1,0,0,0,1,1,6,1,7,1332,1,14,2,1
2013130127234,1,9,0,18,0,8,0,0,0,0,1,1,6,1,-1,2993,2,7,-1,-1
2013130127234,2,9,0,9,0,8,0,0,0,0,1,1,6,1,8,1686,2,1,3,1
2013130127297,1,19,0,18,0,0,0,0,0,0,1,1,6,1,9,-1,-1,-1,-1,-1
2013130127297,2,9,0,18,0,0,0,0,0,0,1,1,6,2,7,1149,1,11,3,1
2013130127387,1,9,0,18,0,0,0,0,0,0,1,1,6,1,6,1497,1,13,2,1
2013130127422,1,9,0,18,0,0,1,0,0,0,1,1,6,2,5,1397,1,5,10,1
2013130127422,2,9,0,18,0,0,0,0,0,0,3,1,6,2,8,2143,2,-1,8,1
2013130127630,1,9,0,18,0,0,0,0,0,0,1,1,6,1,6,-1,-1,-1,-1,-1
2013130127630,2,20,0,18,0,0,0,0,0,0,2,1,6,1,6,-1,-1,-1,8,1
2013130127852,1,8,0,6,0,0,0,0,0,0,0,1,1,1,8,1560,2,6,-1,-1
2013130127990,1,21,1,12,0,7,0,0,0,0,3,1,1,3,-1,11946,2,7,-1,-1
2013130127990,2,9,0,18,0,2,0,0,0,0,4,1,2,1,6,1598,1,6,1,1
2013130128044,1,3,0,18,0,0,0,0,0,0,1,1,6,1,4,49,1,5,6,1
2013130128164,1,9,0,18,0,3,1,10,7,1,3,1,6,1,7,1995,2,9,3,1
2013130128179,1,9,0,4,0,0,1,0,0,0,2,1,1,1,8,1598,1,11,2,1
2013130128179,2,9,0,12,0,0,0,0,0,0,1,1,1,2,6,-1,-1,-1,3,1
2013130128246,1,9,0,18,0,0,0,0,0,0,1,1,6,1,7,1798,1,7,2,1
2013130128246,2,9,0,18,0,0,0,0,0,0,1,1,6,1,8,1396,1,10,4,1
2013130128326,1,8,0,4,0,1,0,0,0,0,2,1,1,1,9,1686,2,8,2,1
2013130128326,2,9,0,18,0,1,0,0,0,0,1,1,6,2,11,1299,1,11,2,1
2013130128616,1,9,0,12,0,1,0,0,0,0,1,1,6,1,5,1497,1,10,9,1
2013130128796,1,9,0,18,0,0,0,0,0,0,1,1,6,1,7,1390,1,7,9,1
2013130128796,2,9,0,4,0,0,0,0,0,0,2,1,6,1,7,1598,1,6,2,1
2013130128796,3,9,0,4,0,0,0,0,0,0,2,1,6,2,7,1560,2,3,1,1
2013130128843,1,9,0,9,0,6,0,0,0,0,4,1,6,2,9,2000,2,4,10,1
2013130128843,2,21,0,5,0,1,0,0,0,0,1,1,6,1,8,12900,2,5,3,1
2013130128846,1,9,0,18,0,1,0,0,0,0,2,1,6,1,5,1796,1,10,2,1
2013130128846,2,9,0,10,0,1,0,0,0,0,1,1,6,1,10,-1,-1,-1,3,1
2013130129136,1,9,0,6,0,0,0,0,0,0,1,1,6,2,5,-1,-1,-1,1,1
2013130129136,2,9,0,18,0,0,0,0,0,0,4,1,6,2,5,973,1,11,8,1
2013130129205,1,9,0,16,0,0,5,0,2,2,1,1,6,3,-1,1364,1,4,-1,-1
2013130129205,2,9,0,7,0,0,0,0,0,0,0,1,6,1,4,1896,2,4,1,1
2013130129322,1,9,0,18,0,1,0,0,0,0,1,1,6,2,5,1600,2,4,6,1
2013130129322,2,9,0,4,0,1,0,0,0,0,2,1,6,1,7,1686,2,9,1,1
2013130129322,3,9,0,4,0,1,0,0,0,0,2,1,6,1,8,1798,2,2,7,1
2013130129546,1,9,0,9,0,5,0,0,0,0,4,1,1,2,8,1248,2,2,8,1
2013130129546,2,9,0,18,0,8,0,0,0,0,1,1,1,2,8,2967,2,4,8,1
2013130129880,1,9,0,10,0,1,0,0,0,0,2,1,6,1,-1,-1,-1,-1,-1,-1
2013130129880,2,9,0,18,0,1,0,0,0,0,1,1,6,1,6,1242,1,1,9,3
2013130130201,1,9,0,9,0,8,0,0,0,0,1,1,6,1,5,-1,-1,-1,1,1
2013130130201,2,9,0,18,0,1,0,0,0,0,1,1,6,1,7,1896,2,5,3,1
2013130130398,1,9,0,9,0,8,0,0,0,0,1,1,6,1,5,1896,2,8,2,1
2013130130398,2,9,0,18,0,4,0,0,0,0,1,1,6,2,4,1753,2,5,1,1
2013130130417,1,9,0,13,0,0,0,0,2,10,1,1,1,1,5,3246,1,8,3,1
2013130130417,2,9,0,4,0,0,0,0,0,0,0,1,1,1,6,1588,1,12,2,1
2013130130910,1,9,0,18,0,1,0,0,0,0,1,1,6,2,6,2993,2,1,4,1
2013130130910,2,9,0,18,0,1,0,0,0,0,2,1,6,2,5,1328,1,4,4,1
2013130131049,1,9,0,6,0,0,0,0,0,0,3,1,2,2,6,995,1,5,4,1
2013130131049,2,3,0,14,0,0,0,0,0,0,1,1,6,2,7,124,1,1,1,1
2013130131171,1,19,0,12,0,0,0,0,0,0,3,1,6,3,-1,2143,2,2,-1,-1
2013130131171,2,9,0,18,0,0,0,0,0,6,4,1,6,1,7,2967,2,7,1,1
2013130131239,1,9,0,5,0,1,0,0,0,0,1,1,6,1,10,1995,2,7,6,3
2013130131239,2,9,0,5,0,1,0,0,0,0,2,1,6,2,9,998,1,1,6,1
2013130131320,1,9,0,18,0,1,0,0,0,0,1,1,6,1,6,1910,2,6,2,1
2013130131320,2,9,0,3,0,1,0,0,0,0,2,1,6,2,8,1339,1,-1,2,1
2013130131463,1,9,0,3,0,1,0,0,0,0,1,1,6,2,10,1360,1,9,6,1
2013130131463,2,9,0,3,0,1,0,0,0,0,2,1,6,2,6,1796,1,8,4,1
2013130131464,1,9,0,3,0,0,0,0,0,0,2,1,1,2,7,1149,1,2,3,1
2013130131464,2,9,0,10,0,0,0,0,0,0,2,1,6,1,-1,1896,2,6,-1,-1
2013130131464,3,9,0,18,0,0,0,0,0,0,1,1,6,3,-1,1495,1,7,-1,-1
2013130131685,1,9,0,18,0,0,0,0,0,0,0,1,6,3,-1,-1,-1,-1,-1,-1
2013130132027,1,9,0,18,0,2,0,0,0,0,1,1,6,1,9,1984,2,1,5,2
2013130132027,2,9,0,8,0,2,0,0,0,0,2,1,6,2,7,1598,1,3,8,1
2013130132470,1,9,0,18,0,0,0,0,0,0,4,1,6,3,-1,-1,-1,-1,-1,-1
2013130132495,1,8,0,2,0,0,0,0,0,0,0,1,1,1,7,1896,2,6,1,1
2013130132562,1,9,0,5,0,1,0,0,0,0,1,1,6,1,7,1360,1,6,1,1
2013130132562,2,9,0,18,0,1,0,0,0,0,1,1,6,1,6,1198,1,5,4,1
2013130132697,1,9,0,18,0,4,0,0,0,0,1,1,2,1,8,1596,1,6,8,1
2013130132697,2,9,0,18,0,4,0,0,0,0,1,1,6,2,7,1560,2,2,6,1
2013130132697,3,9,0,4,0,4,0,0,0,0,2,1,6,2,7,1796,1,10,9,1
2013130132697,4,9,0,4,0,8,0,0,0,0,0,1,1,1,8,2993,2,4,-1,-1
2013130132800,1,9,0,5,0,4,0,0,0,0,1,1,6,2,7,1598,1,2,5,1
2013130132800,2,1,0,11,0,8,0,0,0,0,2,1,6,1,10,-1,-1,-1,1,1
2013130132959,1,9,0,18,0,0,1,0,2,7,4,1,6,1,10,-1,-1,-1,1,1
2013130132959,2,9,0,18,0,0,0,0,4,0,1,1,6,1,8,998,1,1,4,1
2013130133100,1,9,0,18,0,8,0,0,1,0,1,1,6,1,9,1400,2,6,8,3
2013130133100,2,9,0,9,0,8,0,0,0,0,1,1,6,2,6,1598,1,10,1,1
2013130133236,1,9,0,18,0,0,1,0,2,1,1,1,6,2,6,1796,1,5,3,1
2013130133308,1,19,0,18,0,6,0,0,0,0,1,1,1,1,7,-1,-1,-1,3,1
2013130133308,2,9,0,18,0,1,0,0,0,0,1,1,6,1,9,1988,1,12,2,1
2013130133504,1,19,0,18,0,8,0,0,0,0,1,1,6,3,-1,2198,2,5,-1,-1
2013130133504,2,9,0,18,0,1,0,0,0,0,3,1,2,1,8,1910,2,5,7,1
2013130133515,1,9,0,17,0,0,5,0,1,0,0,1,6,1,5,1390,1,14,5,2
2013130133671,1,9,0,18,0,0,0,0,0,0,2,1,6,2,9,1339,1,7,-1,-1
2013130133713,1,9,0,6,0,0,0,0,0,0,0,1,6,1,10,1598,1,6,6,1
2013130133713,2,11,0,18,0,0,0,0,0,0,0,1,1,1,-1,6692,2,1,-1,-1
2013130133853,1,9,0,18,0,0,0,0,0,0,1,1,6,1,11,1199,1,13,-1,-1
2013130133853,2,9,0,18,0,0,0,0,0,0,1,1,6,1,8,1910,2,5,-1,-1
2013130133915,1,3,0,18,0,8,0,0,0,0,1,1,6,1,5,124,1,3,1,1
2013130134006,1,11,0,18,0,1,0,0,0,0,1,1,6,1,7,7300,2,4,4,1
2013130134045,1,9,0,18,0,0,0,0,0,0,1,1,6,2,5,1248,1,1,1,1
2013130134075,1,9,0,18,0,1,0,0,0,0,1,1,6,2,8,1397,1,5,10,3
2013130134200,1,9,0,9,0,0,0,0,0,0,1,1,6,1,4,1422,2,9,6,1
2013130134269,1,8,0,5,0,4,0,0,0,0,3,1,1,1,6,1910,2,6,1,1
2013130134269,2,8,0,18,0,4,0,0,0,0,1,1,1,1,6,1686,2,8,1,1
2013130134368,1,9,0,18,0,0,0,0,0,0,4,1,6,1,8,1900,2,8,1,1
2013130134368,2,9,0,18,0,0,0,0,0,0,0,1,1,1,7,2993,2,1,-1,-1
2013130134368,3,9,0,2,0,0,0,0,0,0,3,1,6,1,6,1388,1,1,1,1
2013130134368,4,9,0,18,0,0,0,0,0,0,1,1,1,1,6,2993,2,1,-1,-1
2013130134374,1,9,0,9,0,5,0,0,0,0,1,1,6,1,6,1229,1,7,5,1
2013130134374,2,8,0,18,0,8,0,0,0,0,1,1,1,1,8,1998,2,6,1,1
2013130134929,1,19,0,18,0,1,0,0,0,0,2,1,6,3,-1,-1,-1,-1,9,1
2013130134929,2,9,0,3,0,1,0,0,0,0,0,1,6,2,10,-1,-1,-1,9,1
2013130135010,1,9,0,9,0,6,0,0,0,0,3,1,6,1,8,1368,1,3,9,1
2013130135010,2,5,0,18,0,1,0,0,0,0,1,1,6,1,8,1402,1,7,3,1
2013130135205,1,9,0,9,0,5,0,0,0,0,1,1,6,2,11,973,1,13,8,1
2013130135205,2,1,0,18,0,1,0,0,0,0,0,1,6,1,8,-1,-1,-1,1,1
2013130135223,1,9,0,18,0,1,0,0,0,0,1,1,6,1,6,1998,1,10,1,1
2013130135223,2,9,0,2,0,1,0,0,0,0,0,1,6,3,-1,1796,1,8,-1,-1
2013130135223,3,9,0,2,0,1,0,0,0,0,0,1,6,3,-1,1124,1,14,-1,-1
2013130135223,4,9,0,2,0,1,0,0,0,0,0,1,6,3,-1,1995,2,5,-1,-1
2013130135223,5,19,0,2,0,1,0,0,0,0,0,1,6,3,-1,1968,2,-1,-1,-1
2013130135633,1,9,0,18,0,0,0,0,0,0,0,1,6,1,7,1248,2,2,3,1
2013130135683,1,9,0,18,0,0,0,0,0,0,1,1,6,1,6,1896,2,8,-1,-1
2013130135798,1,8,0,7,0,8,0,0,0,0,1,1,1,1,8,1896,2,8,1,1
2013130135846,1,9,0,10,0,5,0,0,0,0,4,1,6,1,8,1910,2,6,4,1
2013130135846,2,21,0,7,0,5,0,0,0,0,2,1,1,1,-1,12777,2,2,3,1
2013130136124,1,9,0,9,0,2,0,0,0,0,1,1,6,1,10,2401,2,9,7,1
2013130136124,2,9,0,18,0,2,0,0,0,0,4,1,6,2,9,1299,1,9,2,1
2013130136193,1,9,0,18,0,1,0,0,0,0,1,1,6,2,7,1497,1,10,9,1
2013130136193,2,9,0,18,0,1,0,0,0,0,2,1,1,1,6,6749,1,8,2,1
2013130136197,1,9,0,7,0,5,1,0,3,2,1,1,6,2,5,1398,2,1,3,1
2013130136197,2,9,0,18,0,1,0,0,0,0,1,1,6,1,8,1248,1,4,5,1
2013130136228,1,9,0,18,0,6,0,0,0,0,1,1,6,2,10,2496,1,11,2,1
2013130136228,2,9,0,18,0,1,0,0,0,0,3,1,6,1,9,1596,1,8,9,1
2013130136336,1,9,0,18,0,0,0,0,0,0,1,1,6,1,8,-1,-1,-1,10,1
2013130136359,1,9,0,18,0,0,0,10,1,0,4,1,6,1,5,2143,2,1,7,1
2013130136401,1,9,0,18,0,1,0,0,0,0,1,1,6,2,-1,1390,1,13,-1,-1
2013130136401,2,3,0,18,0,1,0,0,0,0,2,1,6,1,6,125,1,1,2,1
2013130136719,1,9,0,18,0,4,1,10,8,1,1,1,6,1,5,1697,1,15,7,1
2013130136832,1,9,0,18,0,6,0,0,0,0,1,1,6,1,6,1560,2,1,8,1
2013130136832,2,9,0,18,0,8,0,0,0,0,4,1,6,2,6,1398,2,9,1,1
2013130137321,1,9,0,18,0,0,0,0,0,0,2,1,6,1,7,1798,1,4,8,1
2013130137321,2,9,0,2,0,0,0,0,0,0,1,1,6,1,-1,1498,1,12,-1,-1
2013130137329,1,9,0,5,0,8,0,0,0,0,1,1,6,1,9,1686,2,11,5,1
2013130137329,2,3,0,18,0,1,0,0,0,0,1,1,6,1,4,124,1,10,1,1
2013130137366,1,1,0,18,0,0,0,0,0,0,3,1,6,1,5,-1,-1,-1,3,1
2013130137366,2,11,0,18,0,0,0,0,0,0,2,1,1,1,9,4500,2,1,2,1
2013130137551,1,11,0,18,0,8,0,0,0,0,1,1,1,1,7,-1,2,12,1,1
2013130137642,1,11,0,18,0,0,0,0,0,0,1,1,1,1,9,-1,-1,-1,4,1
2013130137684,1,9,0,18,0,0,0,0,0,0,1,1,6,2,9,1299,1,5,7,1
2013130137759,1,9,0,18,0,8,0,0,0,0,4,1,6,1,11,1560,2,3,5,3
2013130137759,2,9,0,18,0,1,0,0,0,0,1,1,6,1,7,1781,1,13,1,1
2013130137759,3,9,0,18,0,1,0,0,0,0,3,1,6,1,5,1910,2,6,3,1
2013130137804,1,9,0,18,0,0,0,0,0,0,1,1,6,2,6,1560,2,4,3,3
2013130137824,1,9,0,18,0,0,0,0,0,0,0,1,6,1,9,1997,2,8,8,1
2013130138150,1,9,0,18,0,0,0,0,0,0,1,1,6,1,7,1995,2,8,5,1
2013130138203,1,9,0,18,0,0,0,0,0,0,1,1,6,1,6,-1,-1,-1,2,1
2013130138203,2,9,0,2,0,0,0,0,0,0,2,1,1,1,-1,-1,-1,-1,8,2
2013130138221,1,21,0,18,0,0,0,0,0,0,1,1,1,1,9,3920,2,1,1,1
2013130138221,2,9,0,18,0,0,0,0,0,0,1,1,6,2,8,1796,1,11,3,1
2013130138393,1,9,0,18,0,0,0,0,1,0,4,1,6,1,4,1149,1,12,8,1
2013130138545,1,9,0,9,0,1,0,0,0,0,1,1,6,1,7,1490,1,8,7,2
2013130138545,2,9,0,18,0,1,0,0,0,0,3,1,6,1,10,1388,1,2,8,1
2013130138555,1,9,0,9,0,8,0,0,0,0,1,1,6,2,6,998,1,10,4,1
2013130138555,2,9,0,18,0,1,0,0,0,0,1,1,6,1,8,1229,1,2,5,1
2013130138634,1,9,0,5,0,0,0,0,0,0,1,1,6,1,7,1686,2,-1,1,1
2013130138634,2,9,0,18,0,0,0,0,0,0,3,1,6,1,6,2204,2,7,1,1
2013130138634,3,9,0,2,0,0,0,0,0,0,2,1,6,1,6,1910,2,6,6,1
2013130138730,1,9,0,7,0,1,0,0,0,0,3,1,6,1,6,996,1,4,2,1
2013130138730,2,1,0,18,0,1,0,0,0,0,1,1,6,1,7,-1,-1,-1,7,1
2013130138903,1,9,0,3,0,0,0,0,0,0,2,1,1,1,9,1587,1,14,-1,-1
2013130138903,2,9,0,3,0,0,0,0,0,0,2,1,6,1,7,1997,2,8,-1,-1
2013130138930,1,9,0,8,0,1,0,0,0,0,1,1,6,1,8,1796,1,11,10,1
2013130139138,1,9,0,18,0,1,0,0,0,0,1,1,6,1,6,1390,1,6,1,1
2013130139138,2,1,0,18,0,1,0,0,0,0,1,1,6,1,2,-1,-1,-1,3,1
2013130139185,1,9,0,9,0,8,0,0,0,0,1,1,6,2,5,1248,2,5,7,1
2013130139185,2,9,0,18,0,8,0,0,0,0,1,1,6,1,9,-1,-1,-1,7,2
2013130139555,1,9,0,16,0,0,5,0,1,10,1,1,6,1,6,2157,1,15,-1,-1
2013130139640,1,9,0,16,0,0,1,0,1,10,1,1,6,1,5,1396,1,13,-1,-1
2013130139640,2,9,0,18,0,0,0,0,0,0,0,1,1,1,-1,2993,2,4,-1,-1
2013130139640,3,9,0,18,0,0,0,0,0,0,0,1,1,1,-1,2792,1,5,-1,-1
2013130139754,1,9,0,18,0,0,0,0,0,10,4,1,6,2,6,1587,1,9,2,1
2013130139931,1,11,0,18,0,0,0,0,0,0,0,1,1,1,9,3900,2,9,8,1
2013130140122,1,2,0,18,0,0,0,0,0,0,0,1,6,1,4,49,1,2,3,1
2013130140547,1,9,0,18,0,0,0,0,0,0,1,1,6,1,7,1975,2,13,1,1
2013130140547,2,9,0,3,0,0,0,0,0,0,2,1,6,1,7,2720,2,7,4,1
2013130140547,3,9,0,3,0,0,0,0,0,0,2,1,6,1,7,1997,2,9,1,1
2013130140647,1,11,0,18,0,0,0,0,0,0,0,1,1,1,-1,-1,-1,-1,-1,-1
2013130140647,2,9,0,18,0,0,0,0,0,0,0,1,6,3,-1,-1,-1,-1,-1,-1
2013130140692,1,1,0,18,0,0,0,0,0,0,2,1,6,1,7,-1,-1,-1,-1,-1
2013130140692,2,9,0,18,0,0,0,0,0,0,1,1,6,1,9,1995,2,1,8,1
2013130140718,1,9,0,18,0,0,0,0,0,0,4,1,6,2,6,1388,1,10,3,1
2013130140744,1,9,0,18,0,1,0,0,0,0,2,1,6,1,4,1686,2,6,3,1
2013130140744,2,9,0,9,0,1,0,0,0,0,1,1,6,2,6,1461,2,11,6,1
2013130140744,3,9,0,18,0,1,0,0,0,0,2,1,6,1,8,1799,1,7,1,1
2013130141034,1,9,0,18,0,1,0,0,0,0,1,1,1,1,5,1870,2,10,4,1
2013130141034,2,9,0,9,8,8,0,0,0,0,1,1,6,1,6,1794,1,10,10,2
2013130141087,1,8,0,5,0,0,0,0,0,0,2,1,1,1,-1,-1,-1,-1,-1,-1
2013130141477,1,9,0,18,0,1,0,0,0,0,1,1,6,2,9,1910,2,7,6,3
2013130141477,2,1,0,18,0,1,0,0,0,0,1,1,6,2,5,-1,-1,-1,1,1
2013130141545,1,9,0,18,0,0,0,0,0,0,4,1,6,3,-1,-1,-1,-1,-1,-1
2013130141571,1,9,0,1,0,6,0,0,0,0,2,1,6,3,-1,1390,1,2,-1,-1
2013130141987,1,9,0,18,0,1,0,0,0,0,3,1,6,1,8,1868,2,12,3,1
2013130142028,1,11,0,5,0,0,0,0,0,0,0,1,1,1,10,6692,2,1,2,1
2013130142041,1,19,0,6,0,8,0,0,0,0,1,1,6,1,-1,2402,2,11,-1,-1
2013130142041,2,11,0,18,0,1,0,0,0,0,4,1,1,1,5,-1,-1,-1,1,1
2013130142089,1,9,0,17,0,0,1,0,1,2,4,1,6,2,5,998,1,12,9,1
2013130142120,1,19,0,18,0,4,0,0,0,0,1,1,6,1,-1,-1,-1,-1,-1,-1
2013130142120,2,9,0,18,0,8,0,0,0,0,4,1,6,1,7,1600,1,13,1,1
2013130142201,1,9,0,1,0,0,0,0,0,0,2,1,1,2,8,1995,2,2,8,1
2013130142206,1,9,0,18,0,8,0,0,0,0,1,1,1,1,5,1998,1,8,8,1
2013130142206,2,9,0,18,0,8,0,0,0,0,2,1,1,1,7,1995,2,8,1,1
2013130142879,1,9,0,18,0,0,0,0,0,0,1,1,6,2,7,1360,1,8,1,1
2013130142964,1,9,0,9,0,8,0,0,0,0,4,1,6,1,5,1587,1,12,7,1
2013130142964,2,9,0,18,0,8,0,0,0,0,1,1,6,1,8,1995,2,1,5,1
2013130142987,1,9,0,18,0,1,0,0,0,0,0,1,6,1,8,1769,1,11,7,1
2013130142987,2,1,0,18,0,1,0,0,0,0,3,1,6,1,6,-1,-1,-1,5,1
2013130143043,1,2,0,17,0,1,0,10,0,0,1,1,6,2,4,50,1,5,4,1
2013130143174,1,5,0,18,0,0,1,0,0,0,0,1,6,2,8,1052,1,20,2,1
2013130143243,1,9,0,6,0,0,0,0,7,0,3,1,6,1,4,2172,2,9,2,2
2013130143243,2,9,0,18,0,0,0,0,0,0,1,1,6,1,6,1598,1,11,3,3
2013130143266,1,9,0,18,0,1,0,0,0,0,0,1,6,1,7,1998,1,5,6,1
2013130143266,2,9,0,18,0,1,0,0,0,0,0,1,6,1,6,1998,1,7,5,1
2013130143266,3,9,0,18,0,7,0,0,1,10,1,1,6,2,5,998,1,1,3,1
2013130143361,1,9,0,3,0,1,0,0,0,0,2,1,6,1,7,-1,-1,-1,-1,-1
2013130143361,2,9,0,18,0,1,0,0,0,0,1,1,6,1,4,1199,1,12,2,1
2013130143393,1,9,0,1,0,0,0,0,0,0,2,1,6,1,-1,1798,1,7,-1,-1
2013130143399,1,9,0,10,0,1,0,0,0,0,2,1,6,1,7,1396,1,12,2,1
2013130143399,2,9,0,18,0,1,0,0,0,0,1,1,6,1,5,1149,1,7,5,1
2013130143472,1,90,0,18,0,1,0,0,0,0,0,1,6,1,6,-1,-1,-1,1,1
2013130143529,1,9,0,18,0,0,0,0,0,0,1,1,6,2,-1,1248,2,5,-1,-1
2013130143529,2,9,0,9,0,0,0,0,0,0,2,1,6,1,8,1299,1,13,2,1
2013130143531,1,9,0,18,0,0,0,0,0,0,0,1,6,1,8,1581,1,13,3,1
2013130144023,1,9,0,18,0,0,0,0,0,0,3,1,6,1,9,1796,1,1,6,1
2013130144491,1,9,0,9,0,6,0,0,0,0,1,1,6,1,8,2987,2,1,7,3
2013130144491,2,3,0,14,0,1,0,0,0,0,1,1,6,1,4,125,1,9,10,1
2013130144521,1,9,0,9,0,8,0,0,0,0,1,1,6,1,7,1896,2,13,2,1
2013130144521,2,9,0,18,0,8,0,0,0,0,1,1,6,1,6,1396,1,12,2,1
2013130144619,1,9,0,17,0,0,0,0,0,0,1,1,6,1,6,1685,2,-1,7,1
2013130144619,2,9,0,16,0,0,0,0,0,0,3,1,6,2,4,1242,1,2,10,1
2013130144619,3,9,0,16,0,0,0,0,0,0,1,1,6,2,5,-1,-1,-1,8,3
2013130144619,4,9,0,16,0,0,0,0,0,0,1,1,6,1,7,1997,2,3,8,1
2013130144688,1,9,0,18,0,1,0,0,0,0,1,1,6,1,8,1870,2,9,3,1
2013130144688,2,9,0,3,0,1,0,0,0,0,2,1,6,1,10,1781,1,12,2,1
2013130144727,1,9,0,18,0,1,0,0,0,0,2,1,6,2,8,1796,1,5,2,1
2013130144727,2,9,0,18,0,1,0,0,0,0,1,1,6,2,-1,-1,-1,-1,-1,-1
2013130144727,3,11,0,18,0,1,0,0,0,0,2,1,1,3,-1,-1,-1,-1,-1,-1
2013130144728,1,90,0,17,0,1,0,0,0,0,1,1,6,1,5,400,1,7,1,1
2013130144760,1,20,0,5,0,6,0,0,0,0,1,1,6,1,8,5193,2,2,1,1
2013130144760,2,1,0,18,0,8,0,0,0,0,2,1,6,1,7,-1,-1,-1,4,1
2013130145181,1,9,0,9,0,0,0,0,0,0,1,1,1,1,8,-1,-1,-1,8,3
2013130145181,2,9,0,13,0,0,0,0,0,0,1,1,6,1,9,2982,2,-1,6,1
2013130145274,1,1,0,18,0,0,0,0,0,0,2,1,6,1,2,-1,-1,-1,5,1
2013130145274,2,9,0,5,0,0,0,0,0,0,1,1,6,3,-1,-1,-1,-1,-1,-1
2013130146085,1,11,0,4,0,0,0,0,0,0,0,1,1,1,7,7300,2,5,3,1
2013130146117,1,9,0,9,0,1,0,0,7,0,1,1,6,1,6,1150,1,6,1,1
2013130146117,2,9,0,18,0,1,0,0,0,0,1,1,6,1,7,1461,2,1,3,1
2013130146117,3,9,0,18,0,1,0,0,0,0,0,1,6,1,6,-1,-1,-1,2,1
2013130146134,1,9,0,9,0,8,0,0,0,0,1,1,6,2,5,998,1,8,1,1
2013130146134,2,11,0,18,0,8,0,0,0,0,1,1,1,1,9,7300,2,11,5,1
2013130146178,1,9,0,18,0,1,0,0,0,0,1,1,6,2,4,1242,1,7,7,1
2013130146178,2,9,0,4,0,1,0,0,0,0,2,1,6,2,4,1242,1,6,8,1
2013130146178,3,9,0,10,0,5,0,0,0,0,2,1,6,2,8,1968,2,5,5,1
2013130146251,1,9,0,18,0,8,0,0,0,0,0,1,6,2,7,1998,2,10,4,1
2013130146251,2,9,0,7,0,3,0,0,0,6,1,1,6,2,9,2493,1,11,2,1
2013130146929,1,9,0,7,0,2,0,0,0,0,1,1,6,1,7,1596,1,6,1,1
2013130147076,1,9,0,1,0,0,0,11,0,0,2,1,6,1,-1,2179,2,8,3,1
2013130147090,1,9,0,9,0,1,0,0,0,0,1,1,6,3,-1,-1,-1,-1,-1,-1
2013130147238,1,19,0,7,0,3,0,0,1,0,3,1,6,1,7,-1,-1,-1,7,1
2013130147238,2,9,0,7,0,4,0,0,0,7,3,1,1,2,8,1794,1,13,10,1