Accident_Index,Vehicle_Reference,Vehicle_Type,Towing_and_Articulation,Vehicle_Manoeuvre,Vehicle_Location-Restricted_Lane,Junction_Location,Skidding_and_Overturning,Hit_Object_in_Carriageway,Vehicle_Leaving_Carriageway,Hit_Object_off_Carriageway,1st_Point_of_Impact,Was_Vehicle_Left_Hand_Drive?,Journey_Purpose_of_Driver,Sex_of_Driver,Age_Band_of_Driver,Engine_Capacity_(CC),Propulsion_Code,Age_of_Vehicle,Driver_IMD_Decile,Driver_Home_Area_Type
2013130280136,2,1,0,18,0,0,0,0,0,0,2,1,6,1,7,-1,-1,-1,5,2
2013130280268,1,9,0,18,0,0,0,0,0,0,1,1,6,3,-1,-1,-1,-1,-1,-1
2013130280268,2,9,0,12,0,0,0,0,0,0,1,1,6,1,7,1796,1,6,3,1
2013130280268,3,9,0,18,0,0,0,0,0,0,1,1,6,2,6,1598,1,7,5,1
2013130280268,4,9,0,18,0,0,0,0,0,0,1,1,6,1,8,1968,2,1,7,1
2013130280287,1,9,0,6,0,0,0,0,0,0,3,1,6,1,6,-1,-1,-1,6,1
2013130280287,2,9,0,18,0,0,0,0,0,0,1,1,6,1,6,1896,2,8,6,1
2013130280710,1,9,0,7,0,6,0,0,0,0,1,1,6,1,-1,-1,-1,-1,-1,-1
2013130281019,1,11,0,4,0,1,0,0,0,0,0,1,1,1,9,-1,2,13,1,1
2013130281143,1,9,0,18,0,0,0,0,0,0,4,1,6,1,8,1398,1,13,1,1
2013130281143,2,2,0,18,0,0,0,0,0,0,1,1,6,1,3,-1,-1,-1,1,1
2013130281222,1,8,0,18,0,0,0,0,0,0,4,1,1,1,6,1896,2,5,2,1
2013130281356,1,9,0,18,0,0,0,0,0,0,1,1,6,2,6,1995,2,2,7,1
2013130281356,2,9,0,18,0,0,0,0,0,0,4,1,6,1,7,2495,2,11,7,2
2013130281495,1,2,0,18,0,1,0,0,0,0,1,1,6,1,4,49,1,2,2,1
2013130281495,2,9,0,18,0,1,0,0,0,0,2,1,6,2,-1,2199,2,1,10,2
2013130281654,1,9,0,15,0,8,0,0,0,0,1,1,6,1,11,1198,1,1,5,1
2013130281654,2,11,0,2,0,1,0,0,0,0,0,1,1,1,8,9360,2,1,9,1
2013130281680,1,9,0,18,0,0,0,0,0,0,1,1,6,1,-1,2490,2,16,-1,-1
2013130281680,2,9,0,4,0,0,0,0,0,0,2,1,2,2,6,1599,1,5,4,1
2013130281720,1,9,0,3,0,1,0,0,0,0,2,1,6,1,7,1968,2,6,5,3
2013130281720,2,9,0,4,0,1,0,0,0,0,1,1,6,2,7,1991,2,7,3,1
2013130281774,1,9,0,18,0,8,0,0,0,0,1,1,6,1,9,1332,1,14,2,1
2013130281774,2,9,0,9,0,8,0,0,0,0,1,1,6,1,6,1896,2,12,1,1
2013130281782,1,2,0,18,0,0,1,0,0,0,4,1,6,1,5,100,1,11,5,1
2013130281807,1,9,0,6,0,0,0,0,0,0,3,1,6,2,6,1390,1,5,9,3
2013130281807,2,9,0,18,0,0,0,0,0,0,0,1,6,2,5,998,1,1,3,3
2013130281815,1,9,0,18,0,1,0,0,0,0,2,1,6,1,7,1392,1,24,10,1
2013130281815,2,1,0,10,0,1,0,0,0,0,1,1,6,1,7,-1,-1,-1,10,1
2013130281821,1,9,0,2,0,0,0,0,0,0,3,1,1,2,6,1360,1,3,2,1
2013130281821,2,19,0,14,0,0,0,0,0,0,4,1,1,1,7,-1,-1,-1,-1,-1
2013130281865,1,9,0,10,0,5,0,0,0,0,2,1,6,1,7,1560,2,6,3,1
2013130281865,2,9,0,18,0,1,0,0,0,0,1,1,6,2,5,1248,2,5,2,1
2013130281866,1,9,0,7,0,0,0,0,0,0,4,1,6,1,7,1796,1,2,3,1
2013130282053,1,9,0,9,0,0,0,0,0,0,3,1,6,2,5,998,1,12,1,1
2013130282053,2,9,0,18,0,0,1,0,0,0,1,1,6,1,5,1968,2,4,4,1
2013130282069,1,9,0,18,0,1,0,0,0,0,4,1,6,1,5,1242,1,1,3,1
2013130282229,1,9,0,18,0,8,0,0,0,0,4,1,2,1,5,1388,1,5,4,1
2013130282229,2,9,0,18,0,8,0,0,0,0,1,1,2,1,10,1242,1,5,1,1
2013130282295,1,9,0,5,0,8,0,0,0,0,1,1,6,1,5,1598,1,3,1,1
2013130282295,2,9,0,18,0,8,0,0,0,0,1,1,6,2,8,1968,2,1,5,1
2013130282397,1,9,0,18,0,0,0,0,0,0,0,1,6,1,7,1995,2,8,1,1
2013130282409,1,9,0,3,0,1,0,0,0,0,2,1,6,2,6,1461,2,9,5,1
2013130282409,2,9,0,18,0,1,0,0,0,0,1,1,6,1,8,2685,2,10,1,1
2013130282460,1,9,0,18,0,0,0,0,0,0,1,1,6,2,7,1596,1,10,6,1
2013130282830,1,11,0,18,0,0,0,0,0,0,1,1,1,1,8,-1,-1,-1,-1,-1
2013130282869,1,19,0,11,0,0,0,0,0,0,1,1,6,1,5,2402,2,3,7,1
2013130282869,2,9,0,3,0,0,0,0,0,0,2,1,6,2,9,996,1,1,6,1
2013130282869,3,9,0,3,0,0,0,0,0,0,2,1,6,2,8,1332,1,15,3,1
2013130282943,1,9,0,9,0,1,0,0,0,0,1,1,6,1,7,2362,1,9,3,1
2013130283225,1,21,0,1,0,0,0,0,0,0,2,1,1,1,8,-1,-1,-1,3,1
2013130283225,2,3,0,18,0,0,0,0,0,0,1,1,6,1,4,49,1,3,9,1
2013130283259,1,9,0,17,0,8,0,0,0,0,1,1,6,2,5,1299,1,14,5,1
2013130283259,2,21,0,18,0,4,0,0,0,0,1,1,1,1,6,-1,-1,-1,-1,-1
2013130283363,1,11,0,5,0,1,0,0,0,0,0,1,1,1,8,9360,2,5,3,1
2013130283374,1,9,0,12,0,0,1,0,1,6,1,1,6,2,7,1329,1,4,2,1
2013130283374,2,9,0,18,0,0,0,0,0,0,3,1,6,2,10,2987,2,4,6,1
2013130283403,1,9,0,18,0,0,0,0,0,0,1,1,6,1,6,1896,2,7,1,1
2013130283550,1,9,0,9,0,0,0,0,0,0,0,1,6,1,7,1995,1,3,2,1
2013130283550,2,9,0,18,0,0,0,7,0,0,1,1,6,1,6,1896,2,11,1,1
2013130283744,1,9,0,18,0,2,0,0,0,0,4,1,6,1,4,1995,2,5,8,1
2013130283861,1,9,0,7,0,2,0,0,0,0,1,1,6,1,-1,1240,1,9,-1,-1
2013130284147,1,9,0,18,0,1,0,0,0,0,1,1,6,1,8,-1,-1,-1,9,1
2013130284147,2,9,0,3,0,1,0,0,0,0,2,1,1,1,8,1248,2,4,-1,-1
2013130284147,3,9,0,3,0,1,0,0,0,0,2,1,6,2,8,1995,2,2,2,1
2013130284312,1,1,0,18,0,1,0,0,0,0,1,1,6,1,6,-1,-1,-1,1,1
2013130284312,2,8,0,18,0,1,0,0,0,0,4,1,6,1,6,1995,2,4,3,1
2013130284367,1,1,0,18,0,6,0,0,0,0,1,1,6,1,3,-1,-1,-1,10,2
2013130284367,2,9,0,18,0,1,0,0,0,0,1,1,6,1,5,1198,1,9,8,1
2013130284555,1,11,0,2,0,0,0,0,0,0,0,1,1,1,9,4760,2,-1,-1,-1
2013130284706,1,9,0,18,0,1,0,0,0,0,1,1,6,1,11,1198,1,5,6,1
2013130284706,2,9,0,9,0,1,0,0,0,0,1,1,6,2,11,1598,1,3,9,1
2013130284824,1,3,0,18,0,8,0,0,0,0,4,1,6,1,6,124,1,11,4,1
2013130284824,2,9,0,9,0,8,0,0,0,0,3,1,6,1,-1,1896,2,5,-1,-1
2013130284880,1,9,0,18,0,1,0,0,0,0,1,1,6,2,6,1149,1,12,4,1
2013130284880,2,5,0,4,0,1,0,0,0,0,2,1,6,1,8,849,1,20,10,1
2013130284880,3,9,0,4,0,1,0,0,0,0,2,1,6,2,8,1796,1,9,9,1
2013130285037,1,9,0,9,0,4,0,0,0,0,3,1,2,1,8,1242,1,15,8,1
2013130285037,2,5,0,18,0,4,0,0,0,0,1,1,6,1,7,398,1,11,5,1
2013130285501,1,9,0,9,0,8,0,0,0,0,1,1,6,1,8,1968,2,5,4,1
2013130285501,2,1,0,18,0,8,0,0,0,0,1,1,2,1,8,-1,-1,-1,8,1
2013130285823,1,9,0,9,0,8,0,0,7,4,3,1,6,1,11,1596,1,6,7,1
2013130285823,2,9,0,18,0,8,0,0,0,0,1,1,6,1,7,1984,1,5,9,1
2013130285889,1,9,0,18,0,1,0,0,0,0,1,1,2,2,-1,1598,1,7,-1,-1
2013130285889,2,9,0,8,0,6,0,0,0,0,2,1,4,2,6,1364,2,11,2,1
2013130285941,1,9,0,9,0,0,0,0,0,0,1,1,6,1,6,1999,1,4,10,1
2013130285941,2,9,0,18,0,0,0,0,0,0,1,1,6,1,6,1796,1,9,7,1
2013130286204,1,9,0,18,0,0,0,0,0,0,1,1,6,2,7,1461,2,1,5,1
2013130286204,2,9,0,18,0,0,0,0,0,0,2,1,6,2,8,1896,2,4,10,1
2013130286322,1,9,0,9,0,8,0,0,0,0,0,1,6,1,-1,1272,1,23,6,3
2013130286322,2,11,0,9,0,8,0,0,0,0,0,1,1,1,7,6700,2,1,5,1
2013130286517,1,9,0,9,0,2,0,0,0,0,3,1,6,1,8,1968,2,5,1,1
2013130286517,2,3,0,9,0,2,0,0,0,0,4,1,6,1,5,124,1,4,8,1
2013130286608,1,9,0,13,0,1,0,0,0,0,3,1,6,1,10,1910,2,3,10,2
2013130286608,2,9,0,18,0,2,0,0,0,0,3,1,2,2,8,996,1,4,1,1
2013130286608,3,19,0,18,0,1,0,0,0,0,3,1,1,1,7,1560,2,1,1,1
2013130286608,4,9,0,18,0,2,0,0,0,0,3,1,2,1,8,1124,1,8,1,1
2013130286608,5,9,0,18,0,2,0,0,0,0,3,1,2,1,6,1600,2,1,2,1
2013130286624,1,9,0,9,0,6,0,0,0,0,3,1,6,1,11,1560,2,2,8,1
2013130286624,2,1,0,18,0,1,0,0,0,0,1,1,6,1,8,-1,-1,-1,10,1
2013130286634,1,9,0,18,0,0,0,0,0,0,4,1,6,2,8,1299,1,12,6,1
2013130286697,1,9,0,16,0,0,0,0,8,0,1,1,6,2,4,1397,1,10,7,1
2013130286734,1,9,0,7,0,4,0,0,0,0,3,1,6,2,5,1242,1,1,4,1
2013130286734,2,1,0,18,0,3,0,0,0,0,4,1,6,2,7,-1,-1,-1,10,1
2013130286918,1,2,0,16,0,8,0,0,0,0,1,1,6,1,4,49,1,4,-1,-1
2013130286934,1,9,0,18,0,0,0,0,0,0,1,1,6,1,8,-1,-1,-1,2,1
2013130286934,2,9,0,2,0,0,0,0,0,0,3,1,1,1,-1,2993,2,-1,-1,-1
2013130286934,3,9,0,18,0,0,0,0,0,0,2,1,1,1,-1,2993,2,1,-1,-1
2013130287360,1,9,0,18,0,2,0,0,7,10,1,1,1,1,6,-1,-1,-1,5,1
2013130287450,1,9,0,7,0,5,0,0,0,0,4,1,6,2,4,1598,1,7,1,1
2013130287450,2,1,0,18,0,1,0,0,0,0,1,1,1,1,5,-1,-1,-1,1,1
2013130287694,1,9,0,4,0,1,0,0,0,0,1,1,2,1,9,2231,2,7,1,1
2013130287694,2,9,0,4,0,1,0,0,0,0,2,1,1,1,6,1596,1,12,3,1
2013130287791,1,21,1,11,0,8,0,0,0,0,4,1,1,1,8,11967,2,2,7,1
2013130287791,2,9,0,18,0,8,1,0,0,0,2,1,6,1,10,899,1,17,4,1
2013130287969,1,11,0,2,0,2,0,0,0,0,0,1,1,1,7,-1,-1,-1,1,1
2013130287994,1,1,0,18,0,1,0,0,0,0,1,1,6,2,6,-1,-1,-1,7,3
2013130287994,2,9,0,9,0,1,0,0,0,0,4,1,6,1,6,1895,1,12,8,1
2013130288052,1,4,0,13,0,0,0,0,0,0,3,1,6,1,7,599,1,14,10,1
2013130288052,2,9,0,11,0,0,0,0,0,0,4,1,6,1,6,1796,1,3,1,1
2013130288052,3,19,0,18,0,0,0,0,0,0,2,1,6,1,5,1560,2,1,9,1
2013130288081,1,1,0,18,0,1,0,0,0,0,1,1,6,1,6,-1,-1,-1,5,1
2013130288081,2,9,0,9,0,1,0,0,0,0,1,1,6,1,5,1598,1,8,3,1
2013130288147,1,9,0,18,0,0,0,0,0,0,1,1,6,1,6,1368,1,7,5,1
2013130288173,1,5,0,18,0,8,0,0,0,0,1,1,6,1,6,-1,-1,-1,1,1
2013130288173,2,9,0,18,0,8,0,0,0,0,3,1,6,2,9,1995,2,1,4,1
2013130288179,1,5,0,11,0,3,0,0,0,0,4,1,1,1,5,599,1,12,2,1
2013130288179,2,9,0,11,0,3,0,0,0,0,3,1,1,2,6,1299,1,9,3,1
2013130288197,1,9,0,18,0,7,0,0,0,0,1,1,6,2,4,1598,1,7,1,1
2013130288197,2,9,0,18,0,7,0,0,0,0,2,1,6,2,6,1968,2,8,1,1
2013130288288,1,11,0,18,0,1,0,0,0,0,3,1,1,1,9,9360,2,1,3,1
2013130288288,2,1,0,18,0,6,0,0,0,0,1,1,6,1,1,-1,-1,-1,10,1
2013130288399,1,3,0,17,0,0,0,0,0,0,1,1,6,1,4,-1,-1,-1,1,1
2013130288399,2,9,0,2,0,0,0,0,0,0,2,1,6,2,8,1596,1,12,-1,-1
2013130288399,3,9,0,18,0,0,0,0,0,0,0,1,1,2,7,1248,2,2,9,1
2013130288413,1,9,0,18,0,0,0,0,0,0,1,1,6,2,6,1364,1,6,8,1
2013130288481,1,9,0,18,0,0,0,0,0,0,4,1,1,2,8,1248,1,4,5,1
2013130288896,1,9,0,9,0,8,0,0,0,0,0,1,1,1,-1,-1,-1,-1,-1,-1
2013130288932,1,9,0,18,0,0,0,0,0,0,0,1,6,3,-1,-1,-1,-1,-1,-1
2013130288932,2,5,0,18,0,0,0,0,0,0,3,1,6,2,7,645,1,4,8,1
2013130289238,1,5,0,18,0,1,0,0,0,0,1,1,6,1,8,1783,1,7,9,1
2013130289238,2,9,0,3,0,1,0,0,0,0,2,1,6,2,6,1229,1,-1,4,1
2013130289310,1,9,0,18,0,8,0,0,0,0,1,1,1,1,7,1497,8,4,5,1
2013130289310,2,9,0,18,0,8,0,0,0,0,3,1,6,2,8,1997,2,10,7,1
2013130289312,1,9,0,18,0,0,0,0,1,9,1,1,6,1,10,1988,1,11,4,2
2013130289424,1,9,0,18,0,1,0,0,0,0,1,1,6,1,9,2148,2,12,3,1
2013130289424,2,8,0,18,0,1,0,0,0,0,2,1,6,1,7,-1,-1,-1,-1,-1
2013130289424,3,9,0,2,0,1,0,0,0,0,1,1,6,1,-1,1686,2,2,-1,-1
2013130289424,4,9,0,2,0,1,0,0,0,0,0,1,6,2,-1,1398,1,3,-1,-1
2013130289489,1,9,0,18,0,0,0,0,0,0,1,1,6,3,-1,-1,-1,-1,-1,-1
2013130289700,1,9,0,18,0,2,0,0,0,0,1,1,6,1,4,1242,1,1,1,1
2013130289855,1,9,0,18,0,0,0,0,0,2,4,1,6,3,-1,1149,1,12,-1,-1
2013130289935,1,9,0,18,0,0,0,0,1,2,1,1,6,1,6,1753,2,4,5,1
2013130289944,1,9,0,18,0,0,0,0,0,0,1,1,6,1,6,1587,1,8,-1,-1
2013130290146,1,9,0,18,0,0,0,0,0,0,4,1,6,1,6,1086,1,7,7,1
2013130290146,2,1,0,18,0,0,0,0,0,0,3,1,6,1,6,-1,-1,-1,6,3
2013130290146,3,9,0,18,0,0,0,0,0,0,0,1,1,1,-1,-1,-1,-1,-1,-1
2013130290257,1,9,0,4,0,0,0,0,0,0,2,1,6,1,7,2198,1,12,3,1
2013130290257,2,9,0,18,0,0,0,0,0,0,1,1,6,2,-1,1368,1,3,-1,-1
2013130290354,1,9,0,18,0,4,0,0,0,0,1,1,6,3,-1,2993,2,8,-1,-1
2013130290354,2,9,0,3,0,4,0,0,0,0,2,1,6,1,4,1124,1,11,5,1
2013130290446,1,9,0,18,0,0,0,0,0,0,3,1,6,1,8,1598,1,5,3,1
2013130290446,2,1,0,18,0,0,0,0,0,0,1,1,6,1,2,-1,-1,-1,3,1
2013130290520,1,9,0,18,0,2,0,0,0,0,1,1,6,2,9,1560,2,2,2,1
2013130290590,1,9,0,18,0,1,0,0,0,0,2,1,6,1,8,1388,1,8,3,1
2013130290590,2,9,0,18,0,1,0,0,0,0,1,1,6,1,8,1995,2,11,8,1
2013130290590,3,9,0,18,0,1,0,0,0,0,2,1,6,2,8,1685,2,1,4,1
2013130290590,4,9,0,18,0,1,0,0,0,0,2,1,6,1,9,1498,1,2,1,1
2013130290596,1,9,0,18,0,0,0,0,0,0,4,1,6,3,-1,2982,2,-1,-1,-1
2013130290596,2,1,0,18,0,0,0,0,1,0,0,1,6,1,8,-1,-1,-1,7,3
2013130290728,1,9,0,18,0,0,0,0,0,0,1,1,6,1,11,1590,1,11,7,1
2013130290728,2,9,0,18,0,0,0,0,0,0,1,1,6,2,8,1600,1,2,6,3
2013130290764,1,9,0,18,0,0,0,0,7,10,1,1,6,1,5,1396,1,16,5,1
2013130290798,1,9,0,11,0,0,0,0,0,0,4,1,6,1,6,1229,1,5,3,1
2013130290798,2,5,0,18,0,0,1,10,0,0,3,1,6,1,9,1157,1,6,2,1
2013130290815,1,9,0,2,0,0,0,0,0,0,2,1,6,1,6,1994,1,16,4,1
2013130290815,2,5,0,18,0,0,0,0,0,0,1,1,6,1,7,675,1,1,3,1
2013130290894,1,9,0,4,0,0,0,0,0,0,1,1,1,1,9,1900,2,8,-1,-1
2013130290894,2,1,0,18,0,0,0,0,0,0,2,1,6,1,9,-1,-1,-1,3,1
2013130291003,1,3,0,18,0,8,0,0,0,0,1,1,2,1,6,-1,-1,-1,1,1
2013130291003,2,9,0,9,0,8,0,0,0,0,4,1,6,3,-1,1753,2,12,-1,-1
2013130291048,1,9,0,18,0,1,0,0,0,0,1,1,1,1,-1,1910,2,3,-1,-1
2013130291048,2,9,0,18,0,6,0,0,0,0,3,1,6,2,6,1360,1,12,4,1
2013130291124,1,9,0,9,0,6,0,0,0,0,1,1,6,2,6,1364,1,4,-1,-1
2013130291124,2,9,0,18,0,1,0,0,0,0,1,1,6,1,8,1390,1,7,3,1
2013130291583,1,9,0,18,0,0,0,0,1,7,1,1,6,2,6,1149,1,10,5,1
2013130291626,1,9,0,5,0,6,0,0,0,0,1,1,6,2,-1,-1,-1,-1,-1,-1
2013130291639,1,9,0,18,0,6,0,0,0,0,3,1,6,1,8,-1,-1,-1,3,1
2013130291639,2,1,0,18,0,8,0,0,0,0,1,1,6,1,8,-1,-1,-1,3,1
2013130291661,1,9,0,18,0,8,0,0,0,0,0,1,6,3,-1,1498,1,1,-1,-1
2013130291661,2,11,0,18,0,1,0,0,0,0,0,1,1,1,7,9360,2,1,2,1
2013130291670,1,9,0,9,0,6,0,0,0,0,3,1,6,2,10,1598,1,2,-1,-1
2013130291670,2,9,0,18,0,8,0,0,0,0,4,1,6,1,8,2184,2,7,-1,-1
2013130292090,1,11,0,18,0,0,0,0,0,0,0,1,1,1,7,9200,2,7,3,1
2013130292139,1,2,0,13,0,0,0,0,0,0,3,1,6,1,9,150,1,1,-1,-1
2013130292139,2,11,0,18,0,0,0,0,0,0,2,1,1,1,7,9600,2,13,1,1
2013130292139,3,9,0,18,0,0,0,0,0,0,4,1,6,2,9,1598,1,8,3,1
2013130292185,1,11,0,18,0,0,0,0,0,0,3,1,1,1,5,7300,2,9,1,1
2013130292185,2,9,0,18,0,0,0,0,0,0,3,1,6,1,6,2993,2,8,8,3
2013130292185,3,9,0,13,0,0,0,0,0,0,1,1,6,1,7,1896,2,11,1,1
2013130292274,1,9,0,18,0,0,0,0,0,0,4,1,6,2,6,1299,1,11,3,1
2013130292286,1,20,0,7,0,1,0,0,0,0,0,1,6,1,6,-1,-1,-1,5,1
2013130292286,2,9,0,18,0,1,0,0,0,0,1,1,6,3,-1,1995,1,1,-1,-1
2013130292297,1,9,0,1,0,0,0,10,1,10,2,1,6,2,9,1596,1,2,2,2
2013130292354,1,9,0,16,0,8,0,0,1,2,1,1,6,2,11,1240,1,5,2,2
2013130292400,1,9,0,18,0,0,0,0,0,0,2,1,6,3,-1,1896,2,15,-1,-1
2013130292400,2,1,0,18,0,0,0,0,0,0,0,1,6,1,6,-1,-1,-1,5,1
2013130292406,1,19,0,6,0,3,0,0,0,0,3,1,1,1,7,2402,2,3,7,1
2013130292406,2,3,0,18,0,3,0,0,0,0,1,1,6,1,7,650,1,52,3,1
2013130292728,1,19,0,9,0,6,0,0,0,0,3,1,1,1,7,2151,2,9,1,1
2013130292728,2,9,0,18,0,8,0,0,0,0,1,1,1,1,9,1896,2,6,2,1
2013130292769,1,9,0,14,0,0,0,0,0,0,1,1,6,2,6,1598,1,12,1,1
2013130292784,1,9,0,13,0,2,0,0,0,0,4,1,6,2,-1,1242,1,4,-1,-1
2013130292784,2,1,0,18,0,2,0,0,0,0,3,1,6,2,7,-1,-1,-1,9,1
2013130292871,1,9,0,18,0,0,0,0,0,0,1,1,6,3,-1,-1,-1,-1,-1,-1
2013130292871,2,8,0,18,0,0,0,0,0,0,0,1,6,1,-1,1796,1,5,-1,-1
2013130292910,1,2,0,13,0,8,0,0,0,0,1,1,6,1,5,124,1,1,4,3
2013130292910,2,9,0,6,0,5,0,0,0,0,2,1,6,1,8,1388,1,9,7,1
2013130293077,1,9,0,9,0,6,0,0,0,0,1,1,6,2,7,1360,1,5,1,1
2013130293077,2,1,0,18,0,8,0,0,0,0,4,1,6,1,8,-1,-1,-1,2,1
2013130293248,1,9,0,7,0,8,0,0,0,0,4,1,6,2,5,1198,1,8,8,3
2013130293248,2,1,0,18,0,8,0,0,0,0,1,1,6,1,8,-1,-1,-1,7,1
2013130293296,1,9,0,18,0,0,0,0,0,0,1,1,2,1,8,2979,1,11,-1,-1
2013130293296,2,9,0,18,0,0,0,0,0,0,2,1,2,1,6,1598,1,9,6,1
2013130293325,1,9,0,18,0,1,0,0,0,0,4,1,6,1,6,1461,2,7,6,1
2013130293325,2,9,0,4,0,1,0,0,0,0,3,1,6,1,6,1242,1,2,7,1
2013130293533,1,11,0,9,0,5,0,0,0,0,2,1,1,1,9,-1,-1,-1,1,1
2013130293533,2,9,0,3,0,1,0,0,0,0,3,1,6,1,7,-1,-1,-1,8,3
2013130293617,1,9,0,9,0,8,0,0,0,0,1,1,2,1,9,1769,1,8,8,1
2013130293617,2,5,0,14,0,8,0,0,0,0,4,1,6,1,6,749,1,22,1,1
2013130293621,1,9,0,18,0,2,0,0,0,0,1,1,6,1,7,1975,1,8,6,1
2013130293705,1,9,0,18,0,1,0,0,0,0,1,1,6,1,8,1798,1,11,2,1
2013130293706,1,9,0,14,0,1,0,0,0,0,1,1,6,1,7,1240,1,10,1,1
2013130293717,1,9,0,5,0,2,0,0,0,0,1,1,6,2,5,1248,2,4,6,1
2013130293717,2,1,0,5,0,2,0,0,0,0,1,1,6,1,8,-1,-1,-1,10,1
2013130293723,1,1,0,18,0,0,0,0,0,0,3,1,6,1,10,-1,-1,-1,-1,-1
2013130293723,2,9,0,18,0,0,0,0,0,0,4,1,6,3,-1,-1,-1,-1,-1,-1
2013130293733,1,11,0,18,0,1,0,0,0,0,1,1,1,1,8,9360,2,1,2,1
2013130293754,1,9,0,18,0,8,0,0,0,0,4,1,6,2,6,1299,1,8,4,1
2013130293974,1,9,0,18,0,0,0,0,0,0,1,1,6,1,6,1339,1,9,4,1
2013130294184,1,1,0,18,0,0,0,0,1,10,1,1,2,1,8,-1,-1,-1,2,1
2013130294295,1,9,0,3,0,0,0,0,0,0,1,1,2,1,6,1988,1,12,6,1
2013130294295,2,9,0,3,0,0,0,0,0,0,2,1,1,1,-1,1796,1,10,-1,-1
2013130294409,1,9,0,9,0,5,0,0,0,0,1,1,6,1,7,2457,1,7,7,1
2013130294409,2,1,0,18,0,1,1,0,0,0,1,1,6,2,7,-1,-1,-1,10,1
2013130294535,1,1,0,18,0,1,0,0,0,0,1,1,6,1,4,-1,-1,-1,-1,-1
2013130294535,2,9,0,18,0,1,0,0,0,0,1,1,6,1,7,1896,2,5,-1,-1
2013130294649,1,9,0,9,0,6,0,0,0,0,4,1,6,2,9,1390,1,3,10,1
2013130294649,2,9,0,18,0,8,0,0,0,0,1,1,6,2,8,1229,1,8,8,1
2013130294890,1,9,0,18,0,0,0,0,0,0,1,1,6,1,-1,1560,2,3,1,1
2013130294890,2,9,0,18,0,0,0,0,0,0,2,1,6,2,4,1199,1,9,1,1
2013130294895,1,9,0,3,0,1,0,0,0,0,2,1,2,1,7,1968,2,6,6,1
2013130294895,2,9,0,18,0,1,0,0,0,0,1,1,6,3,-1,-1,-1,-1,-1,-1
2013130295032,1,21,0,18,0,0,5,0,1,7,4,1,1,1,9,-1,-1,-1,-1,-1
2013130295189,1,9,0,7,0,6,0,0,0,0,1,1,6,1,-1,1997,1,11,-1,-1
2013130295189,2,9,0,3,0,2,0,0,0,0,2,1,6,2,6,1686,2,9,6,2
2013130295190,1,9,0,18,0,1,0,0,0,0,4,1,2,1,9,1798,1,3,10,1
2013130295357,1,1,0,18,0,0,0,0,0,0,1,1,6,1,7,-1,-1,-1,1,1
2013130295403,1,9,0,9,0,6,0,0,0,0,3,1,2,1,7,1388,1,4,5,1
2013130295403,2,11,0,9,0,1,0,0,0,0,0,1,1,1,7,7300,2,7,-1,-1
2013130295403,3,9,0,13,0,1,0,0,0,0,1,1,2,2,8,1560,2,2,5,1
2013130295889,1,9,0,11,0,0,0,0,0,0,1,1,6,1,6,-1,-1,-1,1,1
2013130295889,2,9,0,18,0,0,0,0,0,0,2,1,6,1,10,1800,1,14,7,1
2013130296060,1,9,0,9,0,6,0,0,0,0,3,1,6,2,7,1242,1,11,2,1
2013130296060,2,9,0,18,0,8,0,0,0,0,1,1,6,2,5,1587,1,9,1,1
2013130296237,1,11,0,18,0,0,0,0,0,0,1,1,1,1,8,9000,2,1,4,1
2013130296267,1,9,0,18,0,0,0,0,0,0,4,1,6,1,8,1598,1,2,7,3
2013130296407,1,9,0,18,0,6,0,0,0,0,1,1,6,2,6,1968,2,4,4,1
2013130296407,2,9,0,18,0,1,0,0,0,0,4,1,6,1,6,1896,2,5,7,1
2013130296407,3,9,0,18,0,1,0,0,0,0,1,1,6,2,7,2400,2,1,9,1
2013130296585,1,1,0,18,0,6,0,0,0,0,1,1,6,1,5,-1,-1,-1,2,1
2013130296585,2,21,0,18,0,1,0,0,0,0,4,1,1,1,7,-1,-1,-1,8,1
2013130296776,1,19,0,18,0,0,1,0,7,9,1,1,1,1,9,2143,2,1,5,1
2013130296871,1,21,0,18,0,0,0,4,1,9,4,1,1,1,6,5861,2,13,2,1
2013130296871,2,21,1,2,0,0,0,0,0,0,3,1,1,1,8,11946,2,3,9,1
2013130296871,3,9,0,18,0,0,0,0,0,0,1,1,1,1,7,2993,2,2,9,1
2013130296882,1,19,0,3,0,0,0,0,0,0,2,1,6,1,5,2287,2,4,1,1
2013130296882,2,9,0,18,0,0,0,0,0,0,1,1,6,3,-1,1560,2,4,-1,-1
2013130296884,1,9,0,14,0,0,0,0,0,0,4,1,6,1,6,1560,2,1,5,2
2013130296901,1,9,0,5,0,4,0,0,0,0,1,1,6,2,4,998,1,6,8,3
2013130296901,2,1,0,18,0,3,0,0,0,0,2,1,6,1,8,-1,-1,-1,3,1
2013130296992,1,1,0,13,0,0,0,0,0,0,1,1,6,1,7,-1,-1,-1,9,1
2013130296992,2,9,0,9,0,0,0,0,0,0,3,1,6,2,7,-1,-1,-1,8,3
2013130297003,1,8,0,4,0,1,0,0,0,0,1,1,1,1,8,1598,2,2,2,1