Accident_Index,Vehicle_Reference,Vehicle_Type,Towing_and_Articulation,Vehicle_Manoeuvre,Vehicle_Location-Restricted_Lane,Junction_Location,Skidding_and_Overturning,Hit_Object_in_Carriageway,Vehicle_Leaving_Carriageway,Hit_Object_off_Carriageway,1st_Point_of_Impact,Was_Vehicle_Left_Hand_Drive?,Journey_Purpose_of_Driver,Sex_of_Driver,Age_Band_of_Driver,Engine_Capacity_(CC),Propulsion_Code,Age_of_Vehicle,Driver_IMD_Decile,Driver_Home_Area_Type
2013130297003,2,9,0,18,0,8,0,0,1,10,4,1,6,2,7,2180,2,16,1,1
2013130297016,1,9,0,18,0,0,0,0,0,10,3,1,6,1,7,1598,1,6,4,1
2013130297016,2,9,0,18,0,0,0,0,0,0,3,1,6,1,6,1560,2,-1,1,1
2013130297060,1,1,0,14,0,0,0,0,0,0,2,1,6,1,6,-1,-1,-1,2,1
2013130297060,2,9,0,14,0,0,0,0,0,0,1,1,6,1,6,2295,1,14,1,1
2013130297103,1,9,0,18,0,6,0,0,0,0,1,1,6,2,5,1229,1,1,2,1
2013130297103,2,9,0,18,0,1,0,0,0,0,1,1,6,2,9,1598,1,13,3,1
2013130297194,1,9,0,9,0,1,0,0,0,0,1,1,6,1,7,1995,2,11,2,1
2013130297194,2,1,0,18,0,1,0,0,0,0,1,1,6,1,6,-1,-1,-1,3,1
2013130297224,1,19,0,18,0,1,0,0,0,0,1,1,6,1,7,2148,2,7,3,1
2013130297733,1,9,0,7,0,1,0,0,0,0,4,1,6,2,6,1596,1,7,8,1
2013130297733,2,1,0,18,0,1,0,0,0,0,1,1,6,1,7,-1,-1,-1,10,3
2013130297875,1,3,0,9,0,2,0,0,0,0,3,1,1,1,5,124,1,7,2,1
2013130297875,2,9,0,18,0,1,0,0,0,0,1,1,6,2,6,1124,1,11,4,1
2013130298214,1,1,0,18,0,1,0,0,0,0,0,1,6,1,8,-1,-1,-1,4,1
2013130298214,2,9,0,18,0,1,0,0,0,0,3,1,6,3,-1,-1,-1,-1,-1,-1
2013130298490,1,1,0,18,0,0,0,0,0,0,3,1,6,1,8,-1,-1,-1,1,1
2013130298490,2,11,0,18,0,0,0,0,0,0,4,1,1,1,-1,-1,-1,-1,-1,-1
2013130298507,1,9,0,9,0,5,0,0,0,0,3,1,6,1,9,1896,2,6,6,1
2013130298507,2,5,0,14,0,1,0,0,0,0,1,1,6,1,6,649,1,1,5,1
2013130298698,1,9,0,18,0,0,0,0,0,0,4,1,6,2,6,1598,1,11,4,1
2013130298704,1,9,0,18,0,5,0,0,3,10,1,1,6,1,7,1995,2,-1,9,1
2013130298751,1,9,0,5,0,1,0,0,0,0,1,1,6,2,6,1598,1,13,6,1
2013130298751,2,9,0,3,0,1,0,0,0,0,2,1,6,1,6,1796,1,11,-1,-1
2013130298764,1,19,0,18,0,0,0,0,0,0,1,1,6,1,8,1753,2,8,-1,-1
2013130298764,2,9,0,2,0,0,0,0,0,0,2,1,1,2,7,2204,2,4,7,1
2013130298768,1,9,0,9,0,5,0,0,0,0,1,1,6,2,7,1968,2,7,1,1
2013130298768,2,9,0,18,0,8,0,0,0,0,1,1,6,2,10,1590,1,10,9,1
2013130298868,1,9,0,7,0,1,1,0,7,10,1,1,6,2,4,1364,1,8,6,1
2013130298868,2,9,0,18,0,1,0,0,0,0,0,1,1,1,7,2993,2,-1,-1,-1
2013130299070,1,9,0,18,0,0,5,0,0,0,1,1,6,2,11,1396,1,10,9,3
2013130299070,2,9,0,2,0,0,0,0,0,0,2,1,6,3,-1,1796,2,-1,-1,-1
2013130299185,1,9,0,9,0,1,0,0,0,0,3,1,6,1,7,1995,2,11,7,1
2013130299185,2,1,0,14,0,1,0,0,0,0,1,1,6,1,6,-1,-1,-1,4,1
2013130299244,1,9,0,17,0,0,0,0,0,0,3,1,6,2,9,-1,-1,-1,10,1
2013130299244,2,1,0,16,0,0,0,0,0,0,1,1,6,1,3,-1,-1,-1,8,1
2013130299286,1,9,0,18,0,8,0,0,0,0,1,1,6,2,5,1197,1,1,1,1
2013130299286,2,1,0,18,0,8,0,0,0,0,2,1,6,1,6,-1,-1,-1,2,1
2013130299420,1,9,0,18,0,1,0,0,0,0,1,1,6,1,8,1248,2,6,4,1
2013130299420,2,9,0,10,0,1,0,0,0,0,2,1,6,2,6,1388,1,5,2,1
2013130299455,1,9,0,14,0,2,0,0,0,0,2,1,6,2,5,1229,1,2,7,1
2013130299455,2,3,0,14,0,2,0,0,0,0,1,1,6,1,4,124,1,3,7,3
2013130299474,1,9,0,18,0,0,0,0,0,0,4,1,6,2,6,1360,1,4,4,1
2013130299474,2,9,0,1,0,0,0,0,0,0,2,1,6,1,7,1995,2,4,9,1
2013130299628,1,19,0,5,0,1,0,0,0,0,4,1,6,1,-1,2143,2,2,-1,-1
2013130299628,2,1,0,5,0,1,0,0,0,0,3,1,6,1,6,-1,-1,-1,4,1
2013130299691,1,9,0,1,0,0,0,0,0,0,2,1,6,3,-1,-1,-1,-1,-1,-1
2013130299853,1,11,0,18,0,0,0,0,0,0,4,1,1,1,7,5900,2,6,3,1
2013130299975,1,9,0,18,0,0,0,0,0,0,1,1,6,1,4,1242,1,9,7,1
2013130299975,2,9,0,1,0,0,0,0,0,0,2,1,6,3,-1,-1,-1,-1,-1,-1
2013130299991,1,90,0,18,0,8,0,0,0,0,3,1,1,2,7,2987,2,1,-1,-1
2013130299991,2,9,0,18,0,8,0,0,0,0,1,1,6,2,4,1299,1,9,6,1
2013130300295,1,19,0,18,0,1,0,0,0,0,1,1,1,1,6,2198,2,-1,9,1
2013130300392,1,9,0,18,0,0,5,0,0,0,1,1,6,1,5,2393,1,1,9,2
2013130300414,1,9,0,17,0,0,0,10,0,10,0,1,6,2,6,1299,1,12,2,1
2013130300526,1,90,0,18,0,1,0,0,0,10,2,1,1,1,9,4580,2,5,3,1
2013130300526,2,9,0,2,0,1,0,0,0,0,0,1,6,1,8,1229,1,7,5,1
2013130300598,1,9,0,9,0,6,0,0,0,0,3,1,6,1,10,1198,1,10,5,1
2013130300598,2,1,0,18,0,1,0,0,0,0,1,1,6,1,5,-1,-1,-1,10,1
2013130300624,1,9,0,9,0,4,0,0,0,0,3,1,6,2,10,1242,1,12,6,3
2013130300624,2,1,0,18,0,4,0,0,0,0,1,1,6,1,6,-1,-1,-1,6,1
2013130300624,3,1,0,18,0,4,0,0,0,0,1,1,6,1,6,-1,-1,-1,5,1
2013130300676,1,1,0,18,0,1,0,0,0,0,1,1,6,1,4,-1,-1,-1,9,1
2013130300676,2,9,0,18,0,1,0,0,0,0,4,1,6,3,-1,-1,-1,-1,-1,-1
2013130300800,1,4,0,18,0,1,0,0,0,0,1,1,6,1,5,599,1,19,3,2
2013130301219,1,9,0,7,0,1,0,0,0,0,1,1,6,3,-1,-1,-1,-1,-1,-1
2013130301219,2,1,0,18,0,1,0,0,0,0,2,1,6,2,7,-1,-1,-1,10,1
2013130301319,1,9,0,7,0,3,0,7,0,10,1,1,6,1,-1,1968,2,3,-1,-1
2013130301319,2,9,0,18,0,1,0,0,0,0,1,1,6,1,10,1497,8,5,1,1
2013130301601,1,9,0,18,0,0,0,0,0,0,1,1,6,1,6,973,1,10,8,1
2013130301601,2,9,0,18,0,0,0,0,0,0,1,1,6,1,6,1149,1,10,3,1
2013130301645,1,9,0,9,0,5,0,0,0,0,1,1,6,1,6,1870,2,11,7,1
2013130301645,2,11,0,18,0,1,0,0,0,0,4,1,1,1,8,7300,2,7,3,1
2013130301750,1,9,0,9,0,8,0,0,0,0,4,1,6,2,11,1299,1,6,8,2
2013130301750,2,1,0,18,0,8,0,0,0,0,1,1,6,1,7,-1,-1,-1,9,1
2013130302209,1,9,0,18,0,0,0,0,0,0,3,1,6,1,4,2720,2,6,9,3
2013130302209,2,1,0,18,0,0,0,0,0,0,4,1,6,1,4,-1,-1,-1,8,2
2013130302354,1,9,0,18,0,0,0,0,0,0,1,1,6,3,-1,-1,-1,-1,-1,-1
2013130302502,1,9,0,18,0,0,0,0,0,0,1,1,2,1,8,1753,2,3,10,2
2013130302502,2,9,0,18,0,0,0,0,0,0,2,1,6,2,8,1598,1,9,3,1
2013130302533,1,9,0,18,0,0,0,0,0,0,0,1,6,3,-1,1289,1,14,-1,-1
2013130302614,1,9,0,18,0,0,0,0,0,0,1,1,6,1,6,1590,1,13,7,3
2013130302614,2,9,0,18,0,0,0,0,0,0,1,1,6,1,6,1995,2,9,6,1
2013130302809,1,9,0,18,0,1,0,0,0,0,1,1,6,1,6,1598,1,1,8,1
2013130302809,2,9,0,18,0,1,0,0,0,0,2,1,6,1,8,-1,-1,-1,6,1
2013130303116,1,9,0,18,0,0,0,0,0,0,3,1,6,2,6,1590,1,10,7,1
2013130303116,2,1,0,18,0,0,0,0,0,0,3,1,6,2,2,-1,-1,-1,2,1
2013130303449,1,9,0,18,0,4,0,0,0,0,1,1,1,1,7,1794,1,7,1,1
2013130303449,2,9,0,18,0,4,0,0,0,0,3,1,6,1,11,1198,1,8,3,1
2013130303660,1,9,0,18,0,6,0,0,0,0,1,1,6,1,-1,1124,1,12,-1,-1
2013130303660,2,9,0,18,0,8,0,0,0,0,4,1,6,1,7,998,1,15,4,1
2013130303687,1,9,0,9,0,8,0,0,0,0,1,1,3,2,7,1598,1,10,1,1
2013130303933,1,9,0,9,0,8,0,0,0,0,1,1,6,1,6,1587,1,12,1,1
2013130303933,2,9,0,18,0,8,0,0,0,0,3,1,6,2,6,1798,1,9,1,1
2013130304178,1,9,0,9,0,4,0,0,0,0,2,1,6,1,8,1560,2,2,3,1
2013130304178,2,9,0,18,0,4,0,0,0,0,1,1,1,1,8,-1,-1,-1,1,1
2013130304192,1,1,0,18,4,8,1,0,0,0,2,1,6,1,6,-1,-1,-1,7,1
2013130304192,2,9,0,18,4,1,0,0,0,0,2,1,6,1,-1,1799,1,5,-1,-1
2013130304229,1,11,0,18,0,8,0,0,0,0,0,1,1,1,8,9360,2,1,7,1
2013130304460,1,9,0,9,0,6,0,0,0,0,1,1,2,1,8,2993,2,2,9,3
2013130304460,2,9,0,18,0,1,0,0,0,0,3,1,6,1,6,-1,-1,-1,1,1
2013130304533,1,9,0,18,0,0,0,0,0,0,2,1,6,1,5,1896,2,11,1,1
2013130304533,2,9,0,3,0,0,0,0,0,0,2,1,6,2,7,1598,1,11,2,1
2013130304533,3,9,0,3,0,0,0,0,0,0,2,1,2,2,6,1360,1,4,5,1
2013130304566,1,9,0,7,0,1,0,0,0,0,1,1,6,1,8,998,1,4,5,1
2013130304619,1,9,0,4,0,0,0,0,0,0,1,1,6,2,6,1390,1,3,2,1
2013130304619,2,9,0,4,0,0,0,0,0,0,2,1,6,2,4,1390,1,13,2,1
2013130304619,3,9,0,4,0,0,0,0,0,0,0,1,6,3,-1,-1,-1,-1,-1,-1
2013130304776,1,17,0,16,0,1,0,0,0,0,3,1,6,1,6,686,1,7,1,1
2013130304853,1,9,0,7,0,8,0,0,0,0,4,1,6,2,6,1397,1,4,1,1
2013130304853,2,1,0,18,0,8,0,0,0,0,3,1,6,1,6,-1,-1,-1,5,1
2013130304980,1,9,0,18,0,0,0,0,0,0,1,1,2,1,8,1242,1,4,5,1
2013130304980,2,1,0,18,0,0,0,0,0,0,2,1,2,2,7,-1,-1,-1,4,3
2013130305039,1,1,0,18,0,1,0,0,0,0,1,1,6,1,7,-1,-1,-1,1,1
2013130305081,1,21,0,5,0,0,0,0,0,0,1,1,1,1,8,12777,2,4,2,1
2013130305081,2,9,0,3,0,0,0,0,0,0,2,1,6,2,4,998,1,5,1,1
2013130305118,1,9,0,18,0,0,0,0,0,10,1,1,6,1,9,1560,2,1,8,1
2013130305349,1,9,0,2,0,0,0,0,0,0,3,1,1,1,7,1968,2,4,3,1
2013130305349,2,1,0,14,0,0,0,0,0,0,1,1,6,2,7,-1,-1,-1,2,1
2013130305349,3,9,0,18,0,0,0,0,1,0,0,1,1,1,-1,-1,-1,-1,-1,-1
2013130305402,1,9,0,18,0,1,0,0,0,0,1,1,6,2,8,1995,1,6,8,1
2013130305402,2,9,0,4,0,1,0,0,0,0,2,1,6,1,10,2720,2,7,8,2
2013130305431,1,9,0,18,0,2,0,0,0,0,1,1,6,2,9,1900,2,8,4,1
2013130305431,2,9,0,18,0,2,0,0,0,0,2,1,6,1,4,1598,2,-1,5,1
2013130305529,1,9,0,18,0,0,0,0,0,0,1,1,6,2,6,1968,2,9,2,1
2013130305529,2,9,0,2,0,0,0,0,1,0,2,1,6,2,7,1229,1,5,4,1
2013130305535,1,9,0,17,0,1,0,0,0,0,1,1,6,1,7,1198,1,8,1,1
2013130305535,2,9,0,16,0,1,0,0,0,0,1,1,6,2,10,1200,1,-1,10,1
2013130305719,1,9,0,1,0,0,0,0,0,0,2,1,6,1,6,2179,2,1,2,1
2013130306015,1,9,0,18,0,6,0,0,1,0,2,1,6,2,10,1753,2,10,4,1
2013130306084,1,19,0,2,0,0,0,0,0,0,2,1,6,2,8,1753,2,2,3,1
2013130306090,1,9,0,18,0,0,0,0,0,0,0,1,6,1,7,-1,-1,-1,-1,-1
2013130306181,1,9,0,18,0,0,0,0,0,0,1,1,6,1,5,1598,1,10,1,1
2013130306181,2,9,0,2,0,0,0,0,0,0,0,1,6,1,6,1995,2,8,-1,-1
2013130306533,1,9,0,4,0,0,0,0,0,0,2,1,6,1,8,1560,2,-1,-1,3
2013130306533,2,9,0,18,0,0,0,0,0,0,1,1,6,1,7,1997,2,6,3,1
2013130306533,3,9,0,18,0,0,0,0,0,0,1,1,6,1,7,1984,1,6,-1,-1
2013130306617,1,9,0,18,0,2,0,0,0,0,1,1,6,1,11,1149,1,10,5,1
2013130306617,2,9,0,2,0,2,0,0,0,0,1,1,6,1,-1,1199,1,14,-1,-1
2013130306617,3,9,0,2,0,2,0,0,0,0,4,1,6,1,8,1560,2,6,-1,-1
2013130306617,4,9,0,2,0,2,0,0,0,0,2,1,6,2,9,2198,1,12,-1,-1
2013130306851,1,9,0,3,0,0,0,0,0,0,2,1,6,1,6,-1,-1,-1,8,1
2013130306851,2,9,0,18,0,0,0,0,0,0,1,1,6,3,-1,-1,-1,-1,-1,-1
2013130306867,1,19,0,5,0,0,0,0,0,0,4,1,6,1,9,1868,2,8,3,1
2013130306950,1,9,0,18,0,0,0,0,0,0,1,1,6,2,6,1598,1,10,6,1
2013130306978,1,9,0,11,0,0,0,0,1,9,2,1,2,1,8,-1,-1,-1,9,1
2013130306978,2,9,0,18,0,0,0,0,0,0,1,1,6,1,9,2179,2,6,6,3
2013130307090,1,21,1,11,0,0,0,0,0,0,4,1,1,1,9,12580,2,8,1,1
2013130307090,2,9,0,18,0,0,0,0,0,0,3,1,6,2,9,1149,1,7,6,3
2013130307135,1,9,0,18,0,1,1,0,0,0,1,1,6,1,5,1896,2,7,4,1
2013130307135,2,9,0,3,0,1,0,0,0,0,2,1,6,1,7,1762,1,16,3,1
2013130307477,1,9,0,18,0,1,0,0,0,0,1,1,6,2,7,1995,2,3,8,3
2013130307477,2,9,0,18,0,6,0,0,0,0,3,1,6,1,10,1968,2,5,-1,-1
2013130307519,1,9,0,18,0,0,0,0,0,0,4,1,6,2,9,1396,1,11,8,3
2013130307519,2,1,0,18,0,0,0,0,0,0,1,1,6,1,2,-1,-1,-1,-1,-1
2013130307549,1,9,0,5,0,6,0,0,0,0,1,1,6,1,11,1329,1,1,10,1
2013130307549,2,9,0,18,0,1,0,0,0,0,1,1,6,1,6,1686,2,3,8,1
2013130307549,3,9,0,3,0,2,0,0,0,0,1,1,6,1,6,1951,2,8,-1,-1
2013130307551,1,5,0,5,0,8,0,0,0,0,2,1,6,2,7,-1,-1,-1,4,1
2013130307551,2,1,0,9,0,8,0,0,0,0,1,1,6,2,9,-1,-1,-1,6,1
2013130307554,1,9,0,18,0,0,0,0,0,0,2,1,6,2,4,1149,1,10,6,3
2013130307554,2,9,0,18,0,0,0,0,0,0,1,1,6,2,6,1991,2,5,4,1
2013130307626,1,21,0,18,0,0,0,0,0,0,1,1,1,1,9,-1,-1,-1,3,1
2013130307626,2,9,0,18,0,0,0,0,0,0,2,1,6,2,4,998,1,4,5,1
2013130307626,3,21,0,18,0,0,0,0,0,0,0,1,1,1,6,6870,2,12,1,1
2013130307626,4,9,0,18,0,0,0,0,0,0,4,1,1,1,6,1796,1,2,7,1
2013130307626,5,9,0,18,0,0,0,0,0,0,1,1,2,1,5,-1,-1,-1,8,1
2013130307626,6,9,0,11,0,0,0,0,0,0,0,1,6,3,-1,-1,-1,-1,-1,-1
2013130307712,1,21,0,18,0,0,0,0,0,0,0,1,1,1,7,6692,2,4,2,1
2013130307712,2,9,0,18,0,0,0,0,0,0,2,1,6,2,6,2198,2,8,6,1
2013130307712,3,9,0,18,0,0,0,0,0,0,1,1,6,1,10,1560,2,2,8,2
2013130307716,1,9,0,18,0,0,0,0,0,0,2,1,6,1,6,2231,2,7,1,1
2013130307716,2,9,0,18,0,0,0,0,0,0,2,1,6,2,6,1896,2,6,2,1
2013130307716,3,9,0,18,0,0,0,0,0,0,0,1,6,1,5,998,1,8,10,1
2013130307985,1,9,0,18,0,8,0,0,0,0,1,1,6,1,9,1397,1,6,2,1
2013130307985,2,9,0,18,0,8,0,0,0,0,4,1,1,1,6,1997,1,1,9,1
2013130308246,1,9,0,7,0,8,0,0,0,0,1,1,6,3,-1,-1,-1,-1,-1,-1
2013130308246,2,1,0,18,0,1,0,0,0,0,1,1,6,1,8,-1,-1,-1,-1,-1
2013130308312,1,3,0,18,0,0,0,0,0,0,2,1,2,1,5,96,1,5,6,1
2013130308312,2,9,0,18,0,0,0,0,0,0,1,1,6,3,-1,-1,-1,-1,-1,-1
2013130308452,1,9,0,7,0,8,0,0,0,0,4,1,6,3,-1,-1,-1,-1,-1,-1
2013130308452,2,1,0,18,0,8,0,0,0,0,3,1,1,1,6,-1,-1,-1,1,1
2013130308597,1,9,0,18,0,8,0,0,0,0,1,1,1,1,8,1956,2,-1,7,1
2013130308597,2,9,0,18,0,8,0,0,0,0,2,1,6,2,10,1199,1,14,5,1
2013130308597,3,9,0,18,0,8,0,0,0,0,2,1,6,1,6,-1,-1,-1,1,1
2013130308795,1,20,0,18,0,0,0,0,0,0,1,1,1,1,7,3920,2,8,3,1
2013130309003,1,9,0,9,0,6,0,0,0,0,1,1,1,1,6,1896,2,9,1,1
2013130309003,2,3,0,13,0,1,0,0,0,0,1,1,6,1,4,125,1,2,10,1
2013130309044,1,9,0,4,0,1,0,0,0,0,2,1,6,2,6,1229,1,4,3,1
2013130309044,2,1,0,4,0,1,0,0,0,0,2,1,2,1,8,-1,-1,-1,1,1
2013130309226,1,9,0,2,0,0,0,0,0,0,0,1,6,1,11,1198,1,10,1,1
2013130309316,1,4,0,7,0,1,1,0,0,0,4,1,6,1,6,125,1,1,1,1
2013130309316,2,19,0,18,0,2,0,0,0,0,0,1,1,1,-1,2998,2,2,-1,-1
2013130309332,1,9,0,3,0,0,0,0,0,0,2,1,6,1,7,1248,2,7,6,1
2013130309332,2,9,0,18,0,0,0,0,0,0,1,1,6,3,-1,-1,-1,-1,-1,-1
2013130309437,1,90,0,18,0,2,0,0,0,0,0,1,1,1,9,4899,2,4,3,1
2013130309544,1,2,0,9,0,6,0,0,0,0,4,1,6,1,8,124,1,2,5,1
2013130309544,2,9,0,18,0,8,0,0,0,0,1,1,6,1,8,1796,1,14,8,1
2013130309690,1,9,0,18,0,0,0,0,0,0,3,1,6,1,-1,1951,2,11,-1,-1
2013130309690,2,9,0,18,0,0,0,0,0,0,3,1,6,1,7,1598,1,11,-1,-1
2013130309751,1,9,0,18,0,2,0,0,0,0,1,1,6,3,6,1794,1,12,-1,-1
2013130309751,2,9,0,18,0,2,0,0,0,0,3,1,6,1,6,1398,2,11,-1,-1
2013130309751,3,9,0,18,0,2,0,0,0,0,4,1,6,1,8,-1,-1,-1,5,1
2013130309777,1,9,0,18,0,8,0,0,0,0,3,1,6,2,9,1332,1,2,7,1
2013130309777,2,9,0,7,0,8,0,0,0,0,1,1,6,3,-1,1994,2,11,-1,-1
2013130309967,1,9,0,18,0,1,0,0,0,0,1,1,6,2,9,1596,1,4,8,1
2013130309967,2,9,0,18,0,6,0,0,0,0,3,1,6,1,8,-1,-1,-1,2,1
2013130310025,1,9,0,9,0,8,0,0,0,0,1,1,6,1,4,1400,1,14,5,1
2013130310025,2,9,0,18,0,8,0,0,0,0,3,1,6,1,4,2179,2,6,-1,-1
2013130310295,1,9,0,3,0,1,0,0,0,0,2,1,6,1,5,1753,2,4,5,1
2013130310295,2,9,0,18,0,1,0,0,0,0,1,1,6,1,5,1968,2,8,-1,-1
2013130310334,1,8,0,1,0,1,0,0,0,0,2,1,1,1,7,1910,2,6,3,1
2013130310406,1,11,0,2,0,0,0,0,0,0,0,1,1,1,8,7300,2,13,3,1
2013130310434,1,9,0,18,0,0,0,0,0,0,1,1,6,2,7,1598,1,5,1,1
2013130310563,1,9,0,18,0,5,0,0,0,0,1,1,6,1,-1,1896,2,12,-1,-1
2013130310563,2,9,0,18,0,8,0,0,0,0,1,1,1,1,7,1998,2,5,3,1
2013130310639,1,9,0,11,0,1,1,0,0,0,1,1,6,1,7,1995,2,-1,-1,-1
2013130310639,2,9,0,18,0,1,1,0,0,0,2,1,6,1,6,1598,1,8,7,1
2013130310756,1,8,0,9,0,1,0,0,0,0,1,1,1,1,7,1998,2,5,5,1
2013130310756,2,9,0,18,0,1,0,0,0,0,3,1,6,2,6,1590,1,12,1,1
2013130310976,1,19,0,18,0,8,0,0,0,0,2,1,6,1,7,2151,2,9,2,1
2013130310976,2,19,0,18,0,1,0,0,0,0,1,1,6,3,-1,-1,-1,-1,-1,-1
2013130311105,1,9,0,13,0,0,1,0,0,0,1,1,6,1,7,1299,1,12,1,1
2013130311105,2,8,0,18,0,0,0,0,0,0,1,1,1,1,9,1794,1,7,6,1
2013130311123,1,9,0,18,0,1,0,0,0,0,4,1,6,1,9,1598,2,-1,4,1
2013130311203,1,9,0,14,0,1,0,0,0,0,3,1,6,1,8,1995,2,4,8,1
2013130311320,1,19,0,5,0,0,0,0,0,0,3,1,6,1,6,2143,2,2,7,1
2013130311320,2,1,0,18,0,0,0,0,0,0,1,1,6,1,2,-1,-1,-1,4,1
2013130311384,1,9,0,7,0,7,0,0,0,0,1,1,6,1,6,3436,1,2,8,2
2013130311384,2,9,0,18,0,1,0,0,0,0,3,1,6,1,11,1400,1,8,8,1
2013130311393,1,1,0,18,0,0,0,0,0,0,1,1,6,1,3,-1,-1,-1,3,1
2013130311393,2,9,0,9,0,0,0,0,0,0,3,1,6,1,5,-1,-1,-1,1,1
2013130311439,1,9,0,18,0,1,0,0,0,0,1,1,6,1,11,998,1,8,8,1
2013130311439,2,9,0,3,0,1,0,0,0,0,2,1,1,1,6,1968,2,6,2,1
2013130311439,3,9,0,3,0,1,0,0,0,0,2,1,6,1,5,1368,1,3,8,3
2013130311517,1,9,0,7,0,6,0,0,0,0,4,1,6,2,4,2706,1,-1,6,3
2013130311719,1,9,0,18,0,0,1,0,2,10,1,1,6,1,4,1296,1,6,5,1
2013130311771,1,3,0,18,0,0,1,0,0,0,0,1,6,1,4,125,1,5,5,1
2013130311916,1,9,0,17,0,0,2,0,1,0,4,1,6,2,7,1994,1,15,6,1
2013130311918,1,9,0,4,0,0,0,0,0,0,1,1,6,2,8,1896,2,7,4,1
2013130311918,2,9,0,4,0,0,0,0,0,0,2,1,6,1,9,1761,1,14,1,1
2013130311991,1,9,0,18,0,1,0,0,1,10,1,1,6,1,5,1968,2,6,4,1
2013130311991,2,9,0,7,0,6,0,0,0,0,0,1,6,3,-1,-1,-1,-1,-1,-1
2013130312013,1,1,0,18,0,8,0,0,0,0,1,1,6,1,3,-1,-1,-1,6,1
2013130312013,2,9,0,2,0,2,0,0,0,0,2,1,6,1,6,1582,2,-1,7,1
2013130312049,1,9,0,18,0,0,1,0,2,0,3,1,6,1,5,1388,1,10,4,1
2013130312049,2,9,0,2,0,0,0,0,0,0,2,1,6,2,8,1339,1,8,-1,-1
2013130312049,3,9,0,2,0,0,0,0,0,0,2,1,6,2,5,1299,1,12,-1,-1
2013130312049,4,19,0,2,0,0,0,0,0,0,2,1,6,1,6,2299,2,-1,-1,-1
2013130312049,5,9,0,2,0,0,0,0,0,0,1,1,6,1,6,1986,2,7,-1,-1
2013130312049,6,19,0,2,0,0,0,0,0,0,2,1,6,1,8,1753,2,8,4,1
2013130312630,1,3,0,7,0,8,0,0,0,0,1,1,6,1,4,125,1,6,2,1
2013130312630,2,9,0,18,0,1,0,0,0,0,1,1,6,1,9,1200,1,-1,3,1
2013130312739,1,9,0,16,0,0,0,0,1,9,3,1,6,2,7,-1,-1,-1,9,1
2013130312739,2,21,0,11,0,0,0,0,0,0,4,1,1,1,9,12419,2,2,-1,1
2013130313092,1,9,0,18,0,1,0,0,0,0,1,1,1,1,9,-1,-1,-1,5,1
2013130313092,2,11,0,18,0,1,0,0,0,0,2,1,1,1,7,-1,2,13,1,1
2013130313095,1,9,0,4,0,0,0,0,0,0,2,1,6,1,-1,1796,7,8,-1,-1
2013130313095,2,19,0,4,0,0,0,0,0,0,2,1,6,1,6,2287,2,1,3,1
2013130313095,3,9,0,18,0,0,0,0,0,0,1,1,6,1,-1,1596,1,2,-1,-1
2013130313158,1,9,0,7,0,0,0,0,0,0,0,1,6,3,-1,-1,-1,-1,-1,-1
2013130313158,2,9,0,18,0,0,0,0,0,0,0,1,6,3,-1,-1,-1,-1,-1,-1
2013130313158,3,9,0,18,0,0,0,0,0,0,2,1,6,2,6,1598,1,-1,7,1
2013130313158,4,9,0,18,0,0,0,0,0,0,1,1,6,1,6,998,1,11,6,1
2013130313173,1,9,0,18,0,0,0,0,0,0,3,1,6,1,5,-1,-1,-1,-1,-1
2013130313173,2,5,0,2,0,0,0,0,0,0,0,1,6,1,7,1050,1,3,6,2
2013130313329,1,9,0,14,0,0,0,0,0,0,3,1,6,1,5,1332,1,16,4,1
2013130313329,2,9,0,18,0,0,0,0,0,0,3,1,6,1,5,1896,2,10,7,2
2013130313335,1,1,0,4,0,0,0,0,0,0,1,1,6,1,2,-1,-1,-1,6,3
2013130313335,2,9,0,18,0,0,0,0,0,0,4,1,6,2,6,-1,-1,-1,-1,-1
2013130313738,1,1,0,18,0,8,1,0,0,0,1,1,2,1,7,-1,-1,-1,6,2
2013130313738,2,9,0,9,0,5,0,0,0,0,0,1,6,1,-1,1341,1,14,-1,-1
2013130313956,1,9,0,18,0,0,0,0,0,0,1,1,1,2,6,1595,1,7,6,1
2013130313956,2,9,0,2,0,0,0,0,0,0,1,1,6,3,-1,-1,-1,-1,-1,-1
2013130313956,3,9,0,18,0,0,0,0,0,0,3,1,6,1,7,1796,1,8,8,1
2013130314023,1,9,0,9,0,8,0,0,0,0,4,1,6,1,11,1388,1,2,5,1
2013130314023,2,1,0,18,0,8,0,0,0,0,1,1,6,1,5,-1,-1,-1,-1,-1
2013130314045,1,11,0,2,0,0,0,0,0,0,2,1,1,1,8,9360,2,1,3,3
2013130314045,2,11,0,2,0,0,0,0,0,0,1,1,1,1,9,9360,2,1,7,1
2013130314096,1,9,0,5,0,8,0,0,0,0,1,1,6,1,10,1242,1,7,2,1
2013130314096,2,9,0,5,0,8,0,0,0,0,1,1,6,2,7,1995,2,7,4,1
2013130314096,3,9,0,3,0,6,0,0,0,0,1,1,6,1,9,1396,1,13,4,1
2013130314121,1,9,0,18,0,8,0,0,0,0,1,1,6,1,7,1390,1,6,10,2