Accident_Index,Vehicle_Reference,Vehicle_Type,Towing_and_Articulation,Vehicle_Manoeuvre,Vehicle_Location-Restricted_Lane,Junction_Location,Skidding_and_Overturning,Hit_Object_in_Carriageway,Vehicle_Leaving_Carriageway,Hit_Object_off_Carriageway,1st_Point_of_Impact,Was_Vehicle_Left_Hand_Drive?,Journey_Purpose_of_Driver,Sex_of_Driver,Age_Band_of_Driver,Engine_Capacity_(CC),Propulsion_Code,Age_of_Vehicle,Driver_IMD_Decile,Driver_Home_Area_Type
2013130329750,1,9,0,18,0,0,0,4,0,0,1,1,6,1,6,1910,2,6,1,1
2013130329750,2,9,0,2,0,0,0,0,1,10,2,1,6,1,-1,1229,1,1,3,1
2013130329776,1,9,0,17,0,0,2,0,1,10,1,1,6,1,4,1248,2,1,5,1
2013130329789,1,9,0,18,0,0,2,10,1,2,1,1,6,1,4,1242,1,12,2,1
2013130329801,1,9,0,18,0,0,2,10,2,10,3,1,6,1,5,2261,1,6,8,2
2013130329958,1,9,0,18,0,0,0,10,0,0,4,1,6,2,6,1360,1,12,1,1
2013130330185,1,9,0,18,0,8,1,0,0,0,1,1,6,1,6,2494,1,23,2,1
2013130330185,2,9,0,18,0,8,0,0,0,0,4,1,6,1,7,1796,1,12,7,1
2013130330237,1,9,0,9,0,8,0,0,0,0,1,1,6,2,5,998,1,11,1,1
2013130330237,2,3,0,18,0,1,0,0,0,0,1,1,6,1,4,124,1,9,3,1
2013130330279,1,9,0,18,0,8,0,0,0,0,4,1,6,1,4,1149,1,3,5,2
2013130330279,2,9,0,9,0,6,0,0,0,0,1,1,6,1,7,1596,1,12,1,1
2013130330646,1,9,0,18,0,0,0,4,0,0,1,1,6,1,5,1149,1,10,2,1
2013130330646,2,9,0,2,0,0,0,0,0,0,2,1,6,2,7,1984,1,5,2,1
2013130330705,1,9,0,18,0,1,0,0,0,0,1,1,6,1,6,1910,2,5,1,1
2013130330705,2,9,0,4,0,1,0,0,0,0,2,1,6,2,7,1951,2,10,6,1
2013130330705,3,9,0,4,0,1,0,0,0,0,2,1,6,1,7,1598,1,6,1,1
2013130330936,1,9,0,18,0,0,1,0,0,0,4,1,1,1,6,1331,1,18,1,1
2013130330936,2,1,0,18,0,0,0,0,0,0,1,1,6,1,2,-1,-1,-1,4,1
2013130331056,1,9,0,18,0,0,5,0,1,0,3,1,6,1,6,1794,1,11,7,2
2013130331056,2,9,0,18,0,0,0,0,0,0,4,1,6,3,-1,-1,-1,-1,-1,-1
2013130331064,1,9,0,18,0,0,0,0,7,0,1,1,6,1,5,1396,1,9,-1,-1
2013130331073,1,11,0,18,0,2,0,0,0,0,1,1,1,1,8,7300,2,4,2,1
2013130331310,1,2,0,7,0,6,1,0,0,0,1,1,6,1,4,49,1,4,7,1
2013130331310,2,9,0,18,0,1,0,0,0,0,3,1,6,1,7,2179,2,1,9,3
2013130331314,1,9,0,18,0,8,0,0,0,0,1,1,6,1,-1,1995,2,1,-1,-1
2013130331314,2,9,0,9,0,5,0,0,0,0,4,1,6,2,8,996,1,3,7,1
2013130331327,1,9,0,18,0,0,0,0,0,0,1,1,6,1,9,-1,-1,-1,8,2
2013130331327,2,9,0,18,0,0,0,0,0,0,3,1,6,2,8,1840,1,10,5,1
2013130331393,1,9,0,18,0,4,0,0,0,0,2,1,6,2,9,973,1,11,1,1
2013130331393,2,2,0,18,0,4,0,0,0,0,1,1,6,1,5,-1,-1,-1,1,1
2013130331397,1,9,0,18,0,0,0,0,0,0,1,1,6,1,7,1242,1,13,1,1
2013130331397,2,9,0,18,0,0,0,0,0,0,1,1,6,1,9,2495,2,17,4,1
2013130331483,1,9,0,18,0,0,0,0,5,6,1,1,6,2,4,1360,1,10,2,1
2013130331609,1,9,0,18,0,8,0,0,0,0,3,1,6,1,6,1686,2,7,2,1
2013130331609,2,9,0,5,0,8,0,0,0,0,1,1,6,1,10,1997,2,6,2,1
2013130331693,1,9,0,9,0,8,0,0,0,0,4,1,6,1,6,1910,2,7,1,1
2013130331693,2,9,0,18,0,8,0,0,0,0,1,1,6,1,7,2685,2,8,1,1
2013130331769,1,19,0,5,0,0,0,0,0,0,2,1,6,1,7,1248,2,7,5,1
2013130331769,2,3,0,18,0,0,1,0,0,0,1,1,2,1,5,125,1,3,7,1
2013130331774,1,9,0,18,0,0,0,0,0,0,1,1,6,2,8,998,1,1,1,1
2013130331887,1,9,0,18,0,0,0,0,0,0,1,1,6,2,7,1794,1,10,1,1
2013130331887,2,8,0,4,0,0,0,0,0,0,2,1,1,1,8,2231,2,5,1,1
2013130331933,1,4,0,18,0,0,0,0,0,0,3,1,6,1,5,398,1,5,9,1
2013130331933,2,11,0,18,0,0,0,0,0,0,3,1,1,1,7,6692,2,1,7,1
2013130331933,3,19,0,2,0,0,0,0,0,0,4,1,6,3,-1,2402,2,5,-1,-1
2013130331946,1,1,0,18,0,8,0,0,0,0,1,1,6,1,3,-1,-1,-1,4,1
2013130331946,2,10,0,18,0,8,0,0,0,0,3,1,1,1,8,-1,-1,-1,1,1
2013130331998,1,1,0,18,0,0,0,0,0,0,1,1,6,1,8,-1,-1,-1,5,1
2013130331998,2,9,0,2,0,0,0,0,0,0,2,1,6,3,-1,1149,1,12,-1,-1
2013130332182,1,9,0,18,0,8,0,0,0,0,3,1,6,1,6,2143,2,1,8,3
2013130332182,2,9,0,18,0,8,0,0,0,0,1,1,6,2,11,1086,1,3,5,1
2013130332205,1,9,0,5,0,0,0,0,0,0,3,1,6,1,8,2149,2,6,2,1
2013130332205,2,9,0,18,0,0,0,0,0,0,4,1,6,2,4,1389,1,10,5,3
2013130333255,1,9,0,1,0,0,0,0,0,0,2,1,6,1,7,1995,2,7,1,1
2013130333255,2,1,0,18,0,0,0,0,0,0,4,1,6,1,2,-1,-1,-1,2,1
2013130333301,1,20,0,18,0,3,0,0,0,0,0,1,1,1,8,3908,2,7,9,1
2013130333319,1,9,0,18,0,1,0,0,0,0,1,1,6,1,11,1498,1,3,9,1
2013130333319,2,9,0,18,0,1,0,0,0,0,1,1,2,1,4,1149,1,12,1,1
2013130333328,1,9,0,9,0,8,0,0,0,0,1,1,6,1,7,1968,2,4,2,1
2013130333468,1,9,0,7,0,0,0,0,0,0,1,1,6,1,7,1598,1,4,1,1
2013130333468,2,9,0,18,0,0,0,0,0,0,3,1,6,1,9,1341,1,13,4,2
2013130333601,1,9,0,18,0,0,0,0,0,0,0,1,6,2,4,1149,1,9,8,3
2013130334124,1,9,0,18,0,2,0,0,0,0,0,1,2,2,5,1390,1,3,10,1
2013130334124,2,9,0,18,0,1,0,0,0,0,1,1,6,1,6,-1,-1,-1,6,1
2013130334124,3,9,0,3,0,1,0,0,0,0,1,1,6,1,9,1796,1,10,10,1
2013130334379,1,4,0,18,0,8,0,0,0,0,1,1,6,1,8,599,1,5,4,1
2013130334379,2,9,0,18,0,8,0,0,0,0,4,1,6,2,6,1229,1,3,4,1
2013130334501,1,11,0,5,0,0,0,0,0,0,0,1,1,1,7,6692,2,1,2,1
2013130334714,1,9,0,4,0,0,0,0,0,0,1,1,6,2,6,1388,1,6,3,1
2013130334714,2,9,0,4,0,0,0,0,0,0,2,1,6,1,7,998,1,7,7,1
2013130334714,3,9,0,4,0,0,0,0,0,0,2,1,6,2,7,1686,2,5,6,2
2013130334878,1,9,0,18,0,0,0,0,0,0,1,1,6,1,7,1896,2,4,2,1
2013130334878,2,19,0,4,0,0,0,0,0,0,2,1,6,1,8,-1,-1,-1,1,1
2013130334881,1,4,0,9,0,6,0,0,0,0,1,1,6,1,4,599,1,15,1,1
2013130334881,2,1,0,18,0,1,0,0,0,0,1,1,6,1,7,-1,-1,-1,9,1
2013130334985,1,9,0,7,0,0,0,0,0,0,4,1,6,2,5,1900,2,7,3,1
2013130334985,2,1,0,18,4,0,0,0,0,0,1,1,6,1,6,-1,-1,-1,4,1
2013130334993,1,2,0,18,0,0,0,0,0,0,1,1,6,1,5,124,1,2,2,1
2013130334993,2,9,0,2,0,0,0,0,0,0,4,1,6,1,-1,1995,2,9,2,1
2013130335160,1,20,0,17,0,0,0,0,0,0,3,1,1,1,8,6870,2,1,2,1
2013130335160,2,9,0,16,0,0,0,0,0,0,1,1,6,1,7,1753,2,22,8,1
2013130335772,1,9,0,18,0,0,0,0,0,0,1,1,6,1,10,1896,2,9,5,1
2013130335772,2,1,0,3,0,0,0,0,0,0,1,1,6,2,2,-1,-1,-1,2,1
2013130335778,1,1,0,18,0,1,1,0,0,0,0,1,6,1,6,-1,-1,-1,2,1
2013130335778,2,1,0,9,0,1,0,0,0,0,0,1,6,1,6,-1,-1,-1,2,1
2013130335799,1,9,0,1,0,6,0,0,0,0,2,1,6,1,6,1598,2,2,1,1
2013130335817,1,21,0,16,0,0,0,0,0,0,3,1,1,1,9,10824,2,10,4,1
2013130335817,2,21,0,17,0,0,0,0,0,0,3,1,1,1,7,-1,-1,-1,-1,-1
2013130335841,1,9,0,7,0,0,0,0,0,0,4,1,6,1,7,1896,2,10,10,1
2013130335841,2,1,0,18,0,0,0,0,0,0,0,1,6,1,6,-1,-1,-1,4,1
2013130335894,1,9,0,1,0,5,0,0,0,0,3,1,6,1,7,1598,1,8,2,1
2013130336183,1,9,0,7,0,3,0,0,0,0,1,1,6,2,8,1339,1,3,3,1
2013130336281,1,9,0,9,0,1,0,0,0,0,3,1,6,1,9,2204,2,8,9,1
2013130336281,2,5,0,13,0,1,0,0,0,0,4,1,6,1,7,471,1,-1,9,1
2013130336289,1,9,0,18,0,8,0,0,0,0,1,1,6,2,9,1997,2,9,3,1
2013130336289,2,1,0,18,0,1,0,0,0,0,2,1,6,1,8,-1,-1,-1,9,1
2013130336362,1,9,0,6,0,6,0,0,0,0,3,1,6,1,6,1343,1,9,1,1
2013130336362,2,21,0,18,0,1,0,0,0,0,1,1,1,1,8,4461,2,4,5,1
2013130336406,1,9,0,18,0,8,0,0,0,0,1,1,2,1,9,-1,-1,-1,10,3
2013130336406,2,9,0,18,0,8,0,0,0,0,4,1,6,2,7,1396,1,5,2,1
2013130336801,1,9,0,18,0,4,0,0,0,0,0,1,6,2,10,1586,1,4,9,1
2013130337210,1,9,0,17,0,0,2,0,1,0,4,1,6,2,4,1300,1,13,6,2
2013130337310,1,9,0,13,0,8,0,0,0,0,1,1,6,3,-1,998,1,6,-1,-1
2013130337310,2,9,0,9,0,8,0,0,0,0,3,1,6,2,4,-1,-1,-1,1,1
2013130337348,1,9,0,18,0,8,0,0,0,0,1,1,6,1,6,1461,2,4,3,1
2013130337348,2,9,0,9,0,1,0,0,0,0,2,1,6,2,10,1149,1,10,2,1
2013130337355,1,9,0,16,0,0,0,0,0,0,3,1,6,1,8,2495,2,6,9,3
2013130337355,2,21,0,17,0,0,0,0,0,0,3,1,6,1,8,5480,2,11,-1,-1
2013130337389,1,9,0,18,0,8,0,0,0,0,1,1,1,2,6,1242,1,-1,1,1
2013130337389,2,9,0,9,0,5,5,0,0,0,4,1,1,2,6,1390,1,4,6,1
2013130337488,1,9,0,13,0,1,0,0,0,0,1,1,6,1,6,1560,2,8,8,1
2013130337488,2,9,0,9,0,1,0,0,0,0,3,1,6,1,8,1560,2,1,1,1
2013130337557,1,8,0,5,0,4,0,0,0,0,0,1,6,3,-1,-1,-1,-1,-1,-1
2013130337557,2,1,0,18,0,3,0,0,0,0,3,1,6,1,6,-1,-1,-1,3,1
2013130337796,1,19,0,9,0,6,0,0,0,0,1,1,1,1,7,1248,2,7,2,1
2013130337796,2,9,0,4,0,2,0,0,0,0,2,1,6,1,9,1896,2,6,4,1
2013130337926,1,9,0,18,0,8,0,0,0,0,1,1,6,2,7,1896,2,10,8,3
2013130337926,2,1,0,18,4,6,0,0,0,0,1,1,6,1,2,-1,-1,-1,3,1
2013130337940,1,9,0,18,0,1,0,0,0,0,0,1,6,2,6,998,1,9,7,1
2013130337991,1,9,0,18,0,0,0,0,0,0,1,1,6,2,6,1149,1,11,1,1
2013130337991,2,9,0,4,0,0,0,0,0,0,1,1,6,2,8,1560,2,2,2,1
2013130338068,1,9,0,18,0,0,0,0,0,0,0,1,6,2,5,1390,1,14,6,1
2013130338068,2,1,0,18,0,0,0,0,0,0,0,1,6,1,8,-1,-1,-1,-1,-1
2013130338229,1,9,0,18,0,1,0,0,0,0,4,1,6,1,5,1747,1,8,1,1
2013130338398,1,1,0,18,0,1,0,0,0,0,1,1,6,1,8,-1,-1,-1,8,1
2013130338398,2,9,0,9,0,6,0,0,0,0,3,1,6,2,-1,-1,-1,-1,-1,-1
2013130338443,1,9,0,18,0,0,0,0,0,0,1,1,1,2,5,973,1,12,-1,-1
2013130338443,2,1,0,18,0,0,0,0,0,0,0,1,6,1,4,-1,-1,-1,2,1
2013130338541,1,1,0,18,0,1,0,0,0,0,1,1,6,1,4,-1,-1,-1,2,1
2013130338541,2,9,0,7,0,1,0,0,0,0,4,1,6,2,8,2461,2,17,8,3
2013130338822,1,1,0,9,0,6,0,0,0,0,3,1,6,1,6,-1,-1,-1,1,1
2013130338822,2,9,0,18,0,8,0,0,0,0,1,1,6,1,9,1769,1,11,1,1
2013130338833,1,9,4,18,0,0,0,0,0,0,1,1,6,1,7,2402,2,2,7,2
2013130338833,2,9,0,4,0,0,0,0,0,0,2,1,6,1,7,2179,2,4,8,3
2013130338833,3,9,0,4,0,0,0,0,0,0,2,1,6,1,7,1896,2,9,1,1
2013130338854,1,19,0,9,0,1,0,0,0,0,1,1,6,1,7,-1,-1,-1,5,1
2013130338854,2,9,0,18,0,1,0,0,0,0,1,1,6,1,7,973,1,15,1,1
2013130338951,1,9,0,18,0,0,0,0,0,0,1,1,6,1,10,2099,1,11,9,1
2013130338951,2,9,0,4,0,0,0,0,0,0,2,1,6,2,7,1332,1,6,4,1
2013130338951,3,9,0,4,0,0,0,0,0,0,2,1,6,2,11,1598,1,2,7,1
2013130339021,1,9,0,18,0,0,0,0,0,0,4,1,6,1,10,1198,1,6,5,1
2013130339145,1,9,0,18,0,0,0,0,0,0,1,1,6,1,4,1560,2,-1,-1,-1
2013130339145,2,9,0,18,0,0,0,0,0,0,0,1,1,1,6,1248,2,3,-1,-1
2013130339145,3,9,0,18,0,0,0,0,0,0,3,1,6,1,9,1349,1,-1,4,1
2013130339189,1,9,0,12,0,1,0,0,0,0,3,1,6,1,4,1461,2,-1,5,1
2013130339189,2,4,0,14,0,1,1,0,0,0,4,1,2,1,7,124,1,2,4,1
2013130339204,1,9,0,18,0,8,0,0,0,0,1,1,6,3,-1,-1,-1,-1,-1,-1
2013130339205,1,9,0,18,0,0,0,0,0,0,1,1,6,2,7,1997,1,11,8,3
2013130339265,1,9,0,18,0,0,0,0,0,0,1,1,6,1,7,-1,-1,-1,1,1
2013130339265,2,9,0,18,0,0,0,0,0,0,2,1,6,2,5,1199,1,11,1,1
2013130339327,1,9,0,9,0,0,0,0,0,0,2,1,6,2,7,-1,-1,-1,-1,-1
2013130339327,2,9,0,13,0,0,0,0,0,0,1,1,6,1,9,2675,2,16,6,2
2013130339336,1,9,0,9,0,5,0,0,0,0,1,1,1,2,7,-1,-1,-1,9,1
2013130339336,2,9,0,18,0,8,0,0,0,0,1,1,6,2,5,1599,1,8,8,2
2013130339344,1,9,0,9,0,1,0,0,0,0,3,1,6,2,4,998,1,11,1,1
2013130339344,2,1,0,9,0,8,0,0,0,0,1,1,6,2,7,-1,-1,-1,1,1
2013130339353,1,9,0,18,0,0,0,7,0,0,1,1,2,2,6,1242,1,1,4,3
2013130339366,1,21,0,11,0,0,0,0,0,0,4,1,1,1,7,12900,2,1,8,3
2013130339366,2,9,0,18,0,0,5,0,0,0,3,1,2,2,5,1560,2,3,8,2
2013130339412,1,9,0,18,0,8,1,0,3,0,3,1,6,2,5,1490,1,5,8,3
2013130339412,2,9,0,18,0,8,0,0,0,0,1,1,2,1,7,1590,1,16,-1,-1
2013130339457,1,9,0,5,0,1,0,0,0,0,1,1,6,1,5,1360,1,6,3,1
2013130339457,2,9,0,3,0,1,0,0,0,0,2,1,6,1,7,1900,2,13,1,1
2013130339598,1,9,0,18,0,8,0,0,0,0,1,1,1,1,6,1248,2,3,3,1
2013130339598,2,9,0,18,0,8,0,0,1,0,4,1,6,2,6,1398,1,7,3,1
2013130339914,1,19,0,18,0,0,0,0,0,0,1,1,1,1,8,1686,2,5,7,2
2013130339914,2,19,0,4,0,0,0,0,0,0,2,1,2,2,7,1560,2,3,3,1
2013130339914,3,9,0,4,0,0,0,0,0,0,2,1,6,1,6,1796,1,10,10,1
2013130339914,4,9,0,4,0,0,0,0,0,0,2,1,6,2,7,2387,2,7,5,1
2013130339961,1,11,0,4,0,1,0,0,0,0,0,1,1,1,9,7300,2,5,7,1
2013130339981,1,11,0,7,0,1,0,0,0,0,0,1,1,1,-1,-1,-1,-1,-1,-1
2013130339995,1,9,0,7,0,1,0,0,0,0,4,1,6,2,5,1364,1,4,3,1
2013130339995,2,1,0,18,0,1,0,0,0,0,1,1,6,1,7,-1,-1,-1,7,1
2013130340043,1,9,0,2,0,0,0,0,0,0,1,1,6,2,8,1390,1,2,9,1
2013130340180,1,9,0,18,0,0,0,0,0,10,1,1,6,1,11,1598,1,2,10,2
2013130340225,1,5,0,16,0,0,0,0,0,0,4,1,6,1,8,647,1,11,4,3
2013130340225,2,9,0,17,0,0,0,0,0,0,3,1,6,1,8,1328,1,3,2,1
2013130340259,1,9,0,4,0,1,0,0,0,0,1,1,6,2,5,1360,1,11,10,1
2013130340328,1,19,0,6,0,0,0,10,1,10,2,1,1,1,8,1248,2,3,10,2
2013130340333,1,9,0,18,0,1,0,0,0,0,1,1,6,2,5,1360,1,12,1,1
2013130340367,1,9,0,1,0,0,0,0,0,0,3,1,6,2,-1,1150,1,8,-1,-1
2013130340548,1,9,0,18,0,8,0,0,0,0,1,1,6,1,6,1896,2,8,4,1
2013130340548,2,9,0,18,0,8,0,0,0,0,0,1,6,1,9,1896,2,6,3,1
2013130340588,1,9,0,18,0,1,0,0,0,0,2,1,6,1,9,1560,2,4,7,1
2013130340588,2,9,0,18,0,1,0,0,0,0,1,1,6,1,6,1781,1,25,8,1
2013130340630,1,9,0,7,0,1,0,0,0,0,2,1,6,1,7,1396,1,8,4,1
2013130340630,2,9,0,18,0,1,0,0,0,0,1,1,6,1,-1,1598,1,8,2,1
2013130340630,3,9,0,8,0,1,0,0,0,0,1,1,6,1,-1,998,1,11,8,1
2013130340649,1,9,0,18,0,1,0,0,0,0,1,1,6,1,6,3498,1,5,3,1
2013130340649,2,9,0,18,0,1,0,0,1,2,2,1,6,1,5,1910,2,6,2,1
2013130340742,1,9,0,17,0,1,0,0,1,10,1,1,6,1,8,2143,2,2,10,1
2013130340743,1,9,0,17,0,8,0,0,0,0,0,1,6,1,6,2148,2,8,2,1
2013130340766,1,9,0,18,0,2,0,0,0,0,1,1,6,1,4,1400,2,6,8,1
2013130340766,2,9,0,18,0,2,0,0,0,0,2,1,6,1,6,1900,2,8,2,1
2013130341386,1,9,0,17,9,0,0,7,0,0,1,1,6,2,9,1598,1,12,4,2
2013130341475,1,9,0,18,0,1,0,0,0,0,1,1,6,3,6,-1,-1,-1,-1,-1
2013130341753,1,8,0,7,0,2,0,0,0,0,2,1,1,1,7,1584,1,8,1,1
2013130341753,2,9,0,18,0,2,0,0,0,0,1,1,6,1,7,2231,2,4,3,1
2013130341856,1,9,0,18,0,0,0,0,1,2,4,1,6,1,11,1229,1,2,9,1
2013130342108,1,9,0,18,0,0,0,0,0,0,3,1,6,1,8,1762,1,14,4,1
2013130342177,1,9,0,5,0,0,0,0,0,0,1,1,6,2,5,-1,-1,-1,4,1
2013130342395,1,9,0,18,0,4,0,0,0,0,1,1,6,1,8,-1,-1,-1,1,1
2013130342395,2,4,0,18,0,8,0,0,0,0,4,1,6,1,6,535,1,23,2,1
2013130342395,3,19,0,18,0,1,0,0,0,0,0,1,6,2,7,-1,-1,-1,6,1
2013130342554,1,9,0,9,0,6,0,0,0,0,1,1,6,1,10,1199,1,11,4,1
2013130342554,2,9,0,18,0,8,0,0,0,0,4,1,6,3,-1,2435,1,12,-1,-1
2013130342574,1,19,0,18,0,0,0,0,0,0,1,1,1,1,6,2148,2,7,7,1
2013130342574,2,9,0,18,0,0,0,0,0,0,1,1,6,2,11,1199,1,10,3,1
2013130342765,1,9,0,18,0,0,0,0,1,7,1,1,6,1,9,1598,1,12,6,1
2013130342791,1,19,0,18,0,0,0,0,0,0,2,1,6,1,5,1248,2,6,3,1
2013130342791,2,9,0,18,0,0,0,0,0,0,0,1,6,2,5,1388,1,3,3,2
2013130342816,1,9,0,18,0,0,0,0,0,0,1,1,1,2,6,1995,2,1,8,3
2013130342816,2,9,0,4,0,0,0,0,0,0,2,1,6,1,8,1997,1,8,6,1
2013130342905,1,11,0,4,0,1,0,0,0,0,0,1,1,2,8,7300,2,8,3,1
2013130343129,1,5,0,18,0,8,1,0,0,0,3,1,2,1,4,-1,-1,-1,3,1
2013130343129,2,9,0,9,0,1,0,0,0,0,1,1,2,1,9,1598,1,7,10,2
2013130343156,1,9,0,18,0,8,0,0,0,0,1,1,6,1,10,1396,1,11,8,1
2013130343156,2,9,0,18,0,8,0,0,0,0,2,1,6,2,6,1598,1,5,9,1
2013130343171,1,9,0,18,0,0,0,0,0,0,4,1,6,1,9,998,1,6,5,1
2013130343233,1,9,0,5,0,8,0,0,0,0,1,1,6,1,6,1600,1,13,3,1
2013130343233,2,3,0,18,0,1,0,0,0,0,1,1,6,1,4,124,1,12,2,1
2013130343284,1,1,0,18,0,0,0,0,0,0,3,1,6,3,-1,-1,-1,-1,-1,-1
2013130343284,2,1,0,18,0,0,0,0,0,0,4,1,6,1,9,-1,-1,-1,2,1
2013130343331,1,2,0,18,0,0,0,0,0,0,1,1,6,1,6,-1,-1,-1,-1,-1
2013130343331,2,9,0,7,0,0,0,0,0,0,3,1,6,1,4,1242,1,4,9,1
2013130343433,1,9,0,18,0,8,0,0,0,0,1,1,6,1,8,1360,1,10,10,2
2013130343433,2,9,0,18,0,8,0,0,0,0,1,1,6,1,7,1796,1,9,4,1
2013130343458,1,9,0,18,0,0,0,0,0,0,1,1,6,3,-1,-1,-1,-1,-1,-1
2013130343458,2,9,0,5,0,0,0,0,0,0,4,1,1,2,6,996,1,1,2,1
2013130343483,1,9,0,18,0,0,1,0,1,2,1,1,6,1,4,1199,1,12,2,2
2013130343626,1,9,0,2,0,1,0,0,0,0,0,1,6,1,-1,1796,1,2,-1,-1
2013130343626,2,9,0,18,0,2,0,0,0,0,1,1,1,1,7,1248,2,2,-1,-1
2013130344038,1,9,0,7,0,5,0,0,0,0,4,1,6,3,-1,-1,-1,-1,-1,-1
2013130344038,2,1,0,18,0,8,0,0,0,0,1,1,6,1,5,-1,-1,-1,7,1
2013130344714,1,9,0,18,0,1,0,0,0,0,4,1,6,1,6,998,1,13,1,1
2013130344727,1,9,0,18,0,1,0,0,0,0,1,1,6,1,4,1360,1,11,5,1
2013130344727,2,9,0,4,0,1,0,0,0,0,2,1,6,1,5,1998,2,8,9,1
2013130344742,1,9,0,18,0,0,0,0,0,0,4,1,6,3,-1,-1,-1,-1,-1,-1
2013130344763,1,9,0,18,0,1,0,0,0,0,1,1,6,3,-1,1497,1,11,-1,-1
2013130344763,2,9,0,3,0,1,0,0,0,0,2,1,6,1,8,1769,1,9,10,2
2013130344763,3,9,0,3,0,1,0,0,0,0,2,1,6,2,9,1422,2,5,6,1
2013130344806,1,9,0,18,0,0,0,0,0,0,1,1,6,2,8,1242,1,5,5,1
2013130344806,2,9,0,3,0,0,0,0,0,0,1,1,6,1,4,1905,2,17,3,1
2013130345152,1,9,0,3,0,1,0,0,0,0,2,1,6,1,7,1956,2,2,5,1
2013130345152,2,9,0,3,0,1,0,0,0,0,2,1,6,1,10,1242,1,9,4,1
2013130345152,3,9,0,3,0,1,0,0,0,0,2,1,6,1,11,1598,1,13,4,1
2013130345152,4,9,0,3,0,1,0,0,0,0,2,1,6,1,6,-1,-1,-1,5,1
2013130345152,5,9,0,18,0,1,0,0,0,0,1,1,6,2,10,1124,1,13,8,1
2013130345166,1,9,0,18,0,6,0,0,3,2,1,1,6,2,4,1242,1,2,3,1
2013130345179,1,9,0,18,0,8,0,0,0,0,1,1,6,1,8,1598,1,4,2,1
2013130345179,2,1,0,18,0,8,0,0,0,0,1,1,6,1,7,-1,-1,-1,5,1
2013130345505,1,19,0,1,0,0,0,0,0,0,2,1,6,1,-1,2151,2,10,-1,-1
2013130345730,1,9,0,18,0,7,0,0,0,0,1,1,6,1,11,1299,1,10,4,1
2013130345730,2,9,0,4,0,8,0,0,0,0,2,1,2,2,5,1560,2,6,8,2
2013130345730,3,9,0,4,0,8,0,0,0,0,2,1,1,1,8,-1,-1,-1,9,1
2013130345997,1,9,0,4,0,0,0,0,0,0,1,1,6,1,6,-1,-1,-1,6,1
2013130345997,2,9,0,4,0,0,0,0,0,0,2,1,6,2,6,1896,2,14,2,1
2013130345997,3,9,0,4,0,0,0,0,0,0,2,1,6,1,7,1560,2,-1,4,1
2013130346226,1,9,0,7,0,5,0,0,0,0,4,1,6,2,8,-1,-1,-1,10,1
2013130346226,2,1,0,18,0,1,0,0,0,0,1,1,6,1,6,-1,-1,-1,9,1
2013130346289,1,1,0,18,0,0,0,0,0,0,3,1,6,1,2,-1,-1,-1,1,1
2013130346289,2,9,0,18,0,0,0,0,0,0,1,1,6,1,6,1229,1,2,3,1
2013130346314,1,9,0,18,0,3,1,0,0,0,1,1,6,1,6,1596,1,7,1,1
2013130346314,2,9,0,18,0,1,0,0,0,0,1,1,6,1,10,1242,1,1,4,1
2013130346322,1,19,0,18,0,0,0,0,0,0,4,1,1,1,10,-1,-1,-1,7,1
2013130346322,2,1,0,18,0,0,0,0,0,0,3,1,6,1,8,-1,-1,-1,7,1
2013130346342,1,5,0,16,0,0,1,10,7,0,1,1,6,1,6,599,1,12,3,1
2013130346347,1,11,0,18,0,0,0,0,0,0,0,1,1,2,6,9360,2,1,9,1
2013130346359,1,9,0,9,0,6,0,0,0,0,1,1,6,2,10,1595,1,-1,4,1
2013130346359,2,9,0,18,0,8,1,0,0,0,4,1,6,1,4,-1,-1,-1,5,1
2013130346430,1,9,0,18,0,0,0,0,0,0,1,1,6,1,6,-1,-1,-1,-1,-1
2013130346555,1,9,0,9,0,0,0,0,0,0,3,1,6,2,7,1332,1,8,1,2
2013130346555,2,5,0,18,0,0,0,0,0,0,1,1,6,1,8,998,1,11,2,1
2013130346555,3,5,0,18,0,0,0,0,0,0,0,1,6,1,8,749,1,19,2,1
2013130346572,1,9,0,18,0,0,0,0,0,0,0,1,6,1,5,2494,1,15,4,1
2013130346572,2,19,0,1,0,0,0,0,0,0,2,1,6,1,-1,1753,2,7,-1,-1
2013130346572,3,9,0,18,0,0,0,0,0,0,1,1,6,1,7,998,1,13,1,1
2013130346576,1,1,0,18,0,6,0,0,0,0,3,1,6,1,3,-1,-1,-1,4,1
2013130346576,2,9,0,9,0,1,0,0,0,0,1,1,6,1,5,1390,1,7,6,1
2013130346761,1,9,0,18,0,1,0,0,0,0,1,1,6,2,9,1590,1,14,3,1
2013130346761,2,9,0,3,0,1,0,0,0,0,2,1,6,1,7,1896,2,5,6,1
2013130346847,1,9,0,2,0,0,0,0,0,0,4,1,6,3,-1,2926,2,12,-1,-1
2013130346847,2,9,0,10,0,0,0,0,1,0,2,1,2,1,6,1679,1,14,1,1
2013130346847,3,9,0,18,0,0,0,0,0,0,1,1,2,1,4,1396,1,9,9,3