Accident_Index,Vehicle_Reference,Vehicle_Type,Towing_and_Articulation,Vehicle_Manoeuvre,Vehicle_Location-Restricted_Lane,Junction_Location,Skidding_and_Overturning,Hit_Object_in_Carriageway,Vehicle_Leaving_Carriageway,Hit_Object_off_Carriageway,1st_Point_of_Impact,Was_Vehicle_Left_Hand_Drive?,Journey_Purpose_of_Driver,Sex_of_Driver,Age_Band_of_Driver,Engine_Capacity_(CC),Propulsion_Code,Age_of_Vehicle,Driver_IMD_Decile,Driver_Home_Area_Type
2013130364691,1,9,0,3,0,8,0,0,0,0,4,1,6,1,6,1349,1,3,2,2
2013130364691,2,1,0,15,0,8,0,0,0,0,1,1,6,1,6,-1,-1,-1,6,3
2013130364703,1,19,0,1,0,0,0,0,0,0,2,1,6,1,-1,1753,2,9,-1,-1
2013130364740,1,9,0,18,0,0,2,10,8,4,1,1,6,1,9,1124,1,15,7,3
2013130364929,1,4,0,18,0,0,0,0,0,0,3,1,6,1,5,400,1,26,7,1
2013130364971,1,9,0,18,0,0,0,0,0,0,4,1,6,2,6,1995,2,9,3,1
2013130365175,1,9,0,9,0,5,0,0,0,0,1,1,6,3,-1,-1,-1,-1,-1,-1
2013130365175,2,9,0,18,0,8,0,0,0,0,3,1,1,1,8,998,1,12,4,1
2013130365308,1,19,0,15,0,0,0,0,0,0,3,1,1,1,9,2198,2,2,3,1
2013130365308,2,9,0,18,0,0,0,0,0,0,3,1,2,2,7,1149,1,8,3,1
2013130365492,1,9,0,3,0,0,0,0,0,0,2,1,6,1,10,1596,1,11,4,1
2013130365492,2,9,0,3,0,0,0,0,0,0,1,1,6,2,-1,1997,1,10,-1,-1
2013130365601,1,19,0,9,0,6,0,0,0,0,1,1,6,1,6,2151,2,11,4,1
2013130365601,2,1,0,14,0,8,0,0,0,0,1,1,6,1,6,-1,-1,-1,1,1
2013130365604,1,9,0,18,0,3,0,0,0,0,2,1,6,2,8,1061,1,9,5,2
2013130365604,2,1,0,18,0,3,0,0,0,0,1,1,6,2,8,-1,-1,-1,4,1
2013130365615,1,5,0,18,0,0,0,0,0,0,1,1,6,1,6,1137,1,12,3,1
2013130365615,2,9,0,17,0,0,0,0,0,0,1,1,6,2,7,1598,1,11,1,1
2013130365793,1,9,0,18,0,0,0,0,0,0,1,1,6,3,-1,1149,1,10,-1,-1
2013130365793,2,9,0,4,0,0,0,0,0,0,2,1,6,2,7,1240,1,5,6,1
2013130365813,1,9,0,18,0,2,0,0,0,0,1,1,6,1,4,-1,-1,-1,10,3
2013130365813,2,9,0,4,0,2,0,0,0,0,2,1,6,2,4,973,1,14,6,1
2013130365884,1,9,0,18,0,1,0,0,0,0,1,1,6,1,4,1396,1,9,6,1
2013130365884,2,9,0,11,0,1,0,0,0,0,2,1,6,1,5,2143,2,-1,9,1
2013130366108,1,9,0,7,0,1,0,0,0,0,2,1,6,1,8,1600,1,9,1,1
2013130366108,2,1,0,18,0,1,0,0,0,0,2,1,6,1,6,-1,-1,-1,2,1
2013130366113,1,9,0,10,0,1,0,0,0,0,0,1,6,1,6,1199,1,10,1,1
2013130366143,1,9,0,18,0,1,0,0,0,0,2,1,2,2,6,1995,2,-1,-1,-1
2013130366143,2,9,0,18,0,1,0,0,0,0,1,1,6,2,6,1968,2,8,3,1
2013130366143,3,19,0,18,0,1,0,0,0,0,1,1,6,1,8,2298,2,2,8,1
2013130366432,1,19,0,18,0,0,0,0,0,0,1,1,1,1,8,2198,2,1,3,1
2013130366432,2,9,0,4,0,0,0,0,0,0,2,1,2,1,8,1086,1,3,2,1
2013130366432,3,9,0,4,0,0,0,0,0,0,2,1,6,2,6,2993,2,7,2,1
2013130366447,1,1,0,18,0,0,0,0,0,0,2,1,6,1,2,-1,-1,-1,9,1
2013130366447,2,9,0,18,0,0,0,0,0,0,4,1,6,3,-1,-1,-1,-1,-1,-1
2013130366456,1,5,0,18,0,1,2,0,0,0,1,1,6,1,7,805,1,17,1,1
2013130366456,2,9,0,9,0,6,0,0,0,0,3,1,6,3,-1,-1,-1,-1,-1,-1
2013130366577,1,9,0,9,0,8,0,0,0,0,4,1,6,2,4,1390,1,-1,8,1
2013130366577,2,1,0,18,0,1,0,0,0,0,1,1,6,1,7,-1,-1,-1,7,1
2013130366586,1,9,0,18,0,4,0,0,0,0,4,1,6,1,-1,1497,8,1,-1,-1
2013130366586,2,1,0,12,0,4,0,0,0,0,2,1,6,1,4,-1,-1,-1,2,1
2013130366593,1,9,0,18,0,0,0,0,0,0,1,1,6,1,11,998,1,12,5,1
2013130366593,2,9,0,18,0,0,0,0,0,0,1,1,6,1,6,1968,2,6,1,1
2013130366683,1,9,0,18,0,1,0,0,0,0,1,1,6,1,6,1398,1,13,1,1
2013130366863,1,9,0,4,0,0,0,0,0,0,4,1,6,1,7,1598,2,1,7,3
2013130366863,2,9,0,4,0,0,0,0,0,0,3,1,6,2,6,1390,1,10,1,1
2013130366863,3,9,0,4,0,0,0,0,0,0,2,1,6,1,7,1685,2,1,9,1
2013130366924,1,9,0,4,0,0,0,0,0,0,1,1,1,1,6,1396,1,9,2,1
2013130366924,2,9,0,3,0,0,0,0,0,0,2,1,1,1,8,1995,2,10,2,1
2013130367067,1,19,0,5,0,1,0,0,0,0,1,1,6,1,7,-1,-1,-1,-1,-1
2013130367067,2,9,0,3,0,1,0,0,0,0,2,1,6,2,9,995,1,6,4,1
2013130367481,1,9,0,16,0,0,2,0,7,10,1,1,6,2,4,1596,1,11,6,1
2013130367621,1,11,0,4,0,1,0,0,0,0,0,1,6,1,9,7300,2,7,7,1
2013130367623,1,9,0,18,0,0,0,0,0,0,1,1,2,2,9,1679,1,13,3,1
2013130367623,2,9,0,2,0,0,0,0,1,0,2,1,6,2,10,1198,1,2,-1,-1
2013130367623,3,9,0,2,0,0,0,0,0,0,1,1,6,1,9,1598,2,2,-1,-1
2013130368055,1,9,0,18,0,0,0,0,0,0,1,1,6,3,-1,-1,-1,-1,-1,-1
2013130368095,1,9,0,7,0,1,0,0,0,0,4,1,6,2,-1,996,1,1,8,3
2013130368095,2,1,0,5,0,1,0,0,0,0,3,1,6,2,5,-1,-1,-1,7,3
2013130368125,1,9,0,9,0,6,0,0,0,0,1,1,1,1,7,1796,1,8,1,1
2013130368125,2,1,0,18,0,8,0,0,0,0,1,1,1,1,7,-1,-1,-1,5,1
2013130368149,1,9,0,18,0,0,0,0,0,0,1,1,6,1,6,1794,1,12,5,1
2013130368179,1,9,0,18,0,1,0,0,0,0,4,1,6,3,-1,-1,-1,-1,-1,-1
2013130368268,1,9,0,7,0,8,0,0,0,0,3,1,6,1,-1,2000,1,7,-1,-1
2013130368268,2,9,0,5,0,8,0,0,0,0,1,1,6,1,9,1753,2,5,6,1
2013130368268,3,19,0,10,0,8,0,0,0,0,4,1,6,1,11,1598,2,2,7,2
2013130368629,1,9,0,18,0,0,0,0,0,0,1,1,6,1,9,2400,2,3,8,1
2013130368629,2,11,0,2,0,0,0,0,0,0,0,1,1,1,6,9600,2,13,3,1
2013130368664,1,9,0,7,0,8,0,0,0,0,1,1,1,1,9,1597,1,4,2,1
2013130368664,2,9,0,18,0,8,1,0,1,0,4,1,2,1,7,1589,1,13,2,1
2013130368682,1,19,0,4,0,0,0,0,0,0,2,1,1,1,8,-1,-1,-1,3,1
2013130368682,2,1,0,18,0,0,0,0,0,0,1,1,6,1,5,-1,-1,-1,-1,-1
2013130368682,3,1,0,18,0,0,0,0,0,0,1,1,6,1,5,-1,-1,-1,-1,-1
2013130368902,1,9,0,18,0,8,0,0,0,0,3,1,6,2,7,1360,1,11,3,1
2013130368902,2,9,0,7,0,1,0,0,0,0,1,1,6,3,-1,-1,-1,-1,-1,-1
2013130368935,1,9,0,11,0,0,0,0,1,0,2,1,6,2,11,998,1,5,10,1
2013130368935,2,21,1,18,0,0,0,0,0,0,1,1,1,1,6,-1,-1,-1,-1,-1
2013130368964,1,9,0,7,0,1,0,0,0,0,4,1,6,1,9,-1,-1,-1,8,1
2013130368964,2,9,0,18,0,1,0,0,0,0,1,1,6,1,6,1242,1,10,4,1
2013130369025,1,20,0,18,0,0,0,0,0,0,1,1,1,1,7,-1,-1,-1,8,1
2013130369025,2,9,0,18,0,0,0,0,0,0,2,1,2,1,6,1896,2,8,3,1
2013130369025,3,9,0,18,0,0,0,0,0,0,2,1,2,1,6,1299,1,11,6,1
2013130369025,4,20,0,18,0,0,0,0,0,0,2,1,1,1,9,-1,-1,-1,3,1
2013130369025,5,9,0,18,0,0,0,0,0,0,2,1,6,2,5,-1,-1,-1,4,1
2013130369173,1,9,0,9,0,1,0,0,0,0,1,1,6,1,6,1598,1,12,1,1
2013130369499,1,9,0,18,0,0,0,0,0,0,1,1,2,1,9,1590,1,10,9,1
2013130369507,1,9,0,7,0,6,0,0,0,0,3,1,3,2,6,1896,2,6,1,1
2013130369507,2,11,0,18,0,1,0,0,0,0,1,1,1,1,8,9600,2,12,3,1
2013130369527,1,9,0,11,0,0,0,0,0,0,2,1,2,1,6,1762,1,13,1,1
2013130369527,2,5,0,18,0,0,1,0,0,0,4,1,2,1,6,599,1,9,5,1
2013130369554,1,9,0,17,0,0,0,0,7,0,4,1,6,2,7,1229,1,6,6,3
2013130369554,2,9,0,18,0,0,0,0,0,0,1,1,6,1,7,2148,2,8,1,1
2013130369629,1,9,0,11,0,2,0,0,0,0,2,1,6,1,6,2979,1,2,-1,3
2013130369629,2,9,0,18,0,2,2,0,0,7,1,1,6,1,9,1560,2,-1,3,1
2013130369629,3,9,0,18,0,2,0,0,2,0,2,1,6,2,5,2495,2,10,8,1
2013130369639,1,8,0,5,0,8,0,0,0,0,1,1,1,1,5,1968,2,6,2,1
2013130369639,2,9,0,18,0,8,0,0,0,0,3,1,6,1,6,2979,1,9,6,1
2013130369662,1,9,0,9,0,6,0,0,0,0,4,1,6,2,-1,1490,1,4,3,1
2013130369662,2,9,0,18,0,8,0,0,0,0,1,1,6,1,8,998,1,13,3,1
2013130369752,1,9,0,7,0,3,0,0,0,0,3,1,2,1,5,1986,2,8,2,1
2013130369752,2,9,0,7,0,3,0,0,0,0,4,1,6,1,-1,1995,2,8,-1,-1
2013130369846,1,9,0,17,0,0,1,0,1,4,3,1,6,1,6,1896,2,12,-1,-1
2013130369886,1,9,0,9,0,1,0,0,0,0,1,1,6,2,4,1124,1,10,2,1
2013130369886,2,9,0,18,0,1,0,0,0,0,1,1,6,1,8,999,1,12,3,1
2013130369894,1,9,0,18,0,0,0,0,0,10,1,1,6,1,4,2987,2,7,5,1
2013130369894,2,9,0,3,0,0,0,0,0,0,2,1,6,2,4,1149,1,10,4,1
2013130369894,3,9,0,3,0,0,0,0,0,0,2,1,6,1,4,1229,1,5,5,1
2013130369932,1,9,0,18,0,8,0,7,1,7,4,1,6,2,6,1896,2,6,6,1
2013130369932,2,9,0,18,0,8,0,0,0,0,1,1,2,1,5,1390,1,4,-1,-1
2013130369959,1,9,0,5,0,6,0,0,0,0,1,1,6,1,5,1998,1,6,-1,-1
2013130369959,2,9,0,18,0,1,0,0,0,0,1,1,2,1,8,2993,2,7,3,1
2013130369967,1,9,0,18,0,1,0,0,3,0,2,1,6,1,7,1390,1,12,10,1
2013130369967,2,9,0,18,0,1,0,0,3,0,1,1,6,1,7,1598,1,-1,9,1
2013130370299,1,9,0,18,0,8,0,0,0,0,4,1,6,1,10,1197,1,1,10,1
2013130370299,2,11,0,7,0,6,0,0,0,0,1,1,1,1,8,4500,2,1,1,1
2013130370340,1,9,0,18,0,8,0,0,0,0,4,1,6,2,7,1364,1,7,2,1
2013130370340,2,9,0,9,0,8,0,0,0,0,1,1,6,1,11,1388,1,9,2,1
2013130370576,1,19,0,10,0,1,0,0,0,0,2,1,1,1,8,1753,2,7,5,2
2013130370576,2,9,0,18,0,1,1,0,0,0,1,1,6,1,4,1686,2,10,3,2
2013130370651,1,11,0,18,0,2,0,0,0,0,4,1,1,1,7,9360,2,5,1,1
2013130370670,1,9,0,18,0,0,0,0,0,0,1,1,6,1,8,1753,2,13,2,1
2013130370674,1,9,0,18,0,0,0,0,0,0,1,1,6,2,6,1900,2,9,1,1
2013130370674,2,9,0,4,0,0,0,0,0,0,2,1,6,2,7,1998,2,6,2,1
2013130370720,1,9,0,18,0,3,0,0,0,0,0,1,6,1,4,1229,1,1,8,1
2013130370721,1,9,0,9,0,6,0,0,0,0,1,1,6,3,-1,1229,1,9,-1,-1
2013130370764,1,9,0,9,0,0,0,0,0,0,1,1,6,1,6,1984,1,4,4,1
2013130370764,2,9,0,18,0,0,0,0,0,0,4,1,6,1,10,1951,2,9,3,1
2013130370764,3,9,0,3,0,0,0,0,0,0,2,1,6,1,10,1396,1,1,5,1
2013130370932,1,9,0,17,0,0,1,0,7,0,1,1,6,1,5,1998,1,19,1,1
2013130370932,2,9,0,2,0,0,0,0,0,0,2,1,6,2,6,1995,2,12,1,1
2013130371261,1,3,0,18,0,8,0,0,0,0,1,1,6,1,4,124,1,1,6,1
2013130371375,1,9,0,18,0,8,0,0,0,0,2,1,6,2,4,1299,1,8,4,1
2013130371375,2,9,0,18,0,8,0,0,0,0,1,1,6,1,-1,-1,-1,-1,-1,-1
2013130371536,1,8,0,5,0,0,0,0,0,0,3,1,6,1,7,1896,2,7,3,1
2013130371536,2,3,0,16,0,0,0,0,0,0,1,1,6,1,5,100,1,13,4,1
2013130371722,1,9,0,18,0,1,0,0,0,0,1,1,6,2,7,1995,2,9,1,1
2013130371722,2,3,0,18,0,1,0,0,0,0,1,1,6,1,4,124,1,7,6,1
2013130371819,1,3,0,17,0,0,1,0,1,3,1,1,6,1,4,125,1,9,8,1
2013130372171,1,3,0,16,0,0,0,0,7,10,1,1,6,1,4,124,1,5,9,1
2013130372171,2,9,0,2,0,0,0,0,0,0,4,1,6,1,7,-1,-1,-1,-1,-1
2013130372184,1,9,0,18,0,8,0,0,0,0,1,1,6,3,-1,1910,2,7,-1,-1
2013130372184,2,9,0,18,0,8,0,0,0,0,2,1,6,1,6,998,1,2,2,1
2013130372185,1,9,0,2,0,1,0,0,0,0,0,1,6,1,-1,2993,2,-1,-1,-1
2013130372185,2,9,0,7,0,8,0,0,0,0,3,1,6,1,4,1990,1,12,2,1
2013130372185,3,9,0,18,0,8,0,0,0,0,1,1,6,1,8,1396,1,14,1,1
2013130372217,1,3,0,13,0,0,0,0,0,0,1,1,6,1,10,124,1,4,5,1
2013130372217,2,3,0,18,0,0,0,0,0,0,2,1,6,1,9,124,1,9,7,1
2013130372337,1,9,0,9,0,2,0,0,0,0,0,1,3,2,6,1951,2,12,1,1
2013130372462,1,9,0,18,0,8,0,0,0,0,4,1,2,2,8,1364,1,8,3,1
2013130372462,2,9,0,5,0,7,0,0,1,0,1,1,2,1,5,1587,1,12,7,1
2013130372573,1,9,0,1,0,0,0,0,0,0,2,1,6,3,-1,1360,1,6,-1,-1
2013130372862,1,9,0,18,0,0,0,0,0,0,1,1,6,2,8,1910,2,6,5,1
2013130372862,2,9,0,2,0,0,0,0,0,0,1,1,6,2,-1,-1,-1,-1,-1,-1
2013130372862,3,9,0,2,0,0,0,0,0,0,1,1,6,2,-1,1198,1,1,-1,-1
2013130372907,1,11,0,4,0,0,0,0,0,0,0,1,1,1,7,9360,2,4,4,1
2013130373056,1,9,0,5,0,8,0,0,0,2,2,1,6,2,6,1398,1,9,2,1
2013130373056,2,9,0,18,0,8,0,0,0,0,1,1,6,2,6,1596,1,2,2,1
2013130373300,1,9,0,18,0,0,0,0,0,0,3,1,6,3,-1,-1,-1,-1,-1,-1
2013130373300,2,9,0,18,0,0,0,0,0,0,3,1,6,2,8,1398,2,10,5,1
2013130373312,1,9,0,16,0,0,0,0,0,10,1,1,6,2,6,1364,1,4,2,1
2013130373382,1,9,0,18,0,3,0,0,0,0,1,1,6,1,-1,-1,-1,-1,-1,-1
2013130373382,2,9,0,18,0,3,0,0,0,0,3,1,6,1,10,1598,1,1,10,1
2013130373479,1,9,0,18,0,2,0,0,1,10,1,1,6,2,8,1598,1,5,4,1
2013130373505,1,9,0,18,0,1,0,0,0,0,1,1,6,1,5,1398,1,3,4,1
2013130373523,1,9,0,9,0,0,0,0,0,0,3,1,2,2,6,1149,1,12,5,1
2013130373523,2,2,0,18,0,0,0,0,0,0,1,1,6,1,4,125,1,-1,1,1
2013130373551,1,9,0,18,0,4,0,0,0,0,3,1,6,1,8,1461,2,2,-1,-1
2013130373551,2,1,0,18,0,4,0,0,0,0,1,1,6,1,5,-1,-1,-1,4,1
2013130373639,1,9,0,18,0,1,0,0,0,0,1,1,6,3,-1,-1,-1,-1,-1,-1
2013130373639,2,1,0,18,0,8,0,0,0,0,2,1,6,1,4,-1,-1,-1,10,1
2013130373705,1,9,0,18,0,8,0,0,0,0,1,1,6,1,5,1149,1,11,4,1
2013130373705,2,9,0,18,0,8,0,0,0,0,1,1,6,2,7,1298,1,19,3,3
2013130373864,1,9,0,9,0,1,0,0,0,0,0,1,6,1,6,1868,2,13,10,2
2013130373864,2,3,0,18,0,1,0,0,0,0,4,1,6,1,7,125,1,2,4,1
2013130374198,1,9,0,18,0,1,0,0,0,0,1,1,6,1,-1,1995,2,1,5,1
2013130374341,1,19,0,1,0,0,0,0,0,0,2,1,1,1,9,2998,2,4,6,1
2013130374426,1,11,0,18,0,0,0,0,0,0,0,1,6,1,6,11000,2,15,-1,-1
2013130374575,1,1,0,18,0,8,0,0,0,0,2,1,6,1,8,-1,-1,-1,2,1
2013130374575,2,9,0,7,0,8,0,0,0,0,1,1,6,3,-1,-1,-1,-1,-1,-1
2013130374594,1,8,0,18,0,8,0,0,0,0,1,1,1,1,7,1910,2,6,1,1
2013130374594,2,19,0,18,0,8,0,0,0,0,3,1,1,1,6,2198,2,4,4,1
2013130374737,1,21,0,13,0,0,0,0,0,0,4,1,1,1,7,10837,2,-1,4,3
2013130374737,2,9,0,18,0,0,1,0,0,0,3,1,2,2,8,1396,1,9,6,1
2013130375066,1,9,0,18,0,1,0,0,0,0,1,1,6,1,-1,2179,2,4,10,3
2013130375066,2,9,0,4,0,1,0,0,0,0,2,1,1,2,5,1198,1,2,7,1
2013130375519,1,9,0,9,0,8,0,0,0,0,1,1,2,1,7,1390,1,11,5,2
2013130375519,2,3,0,13,0,8,0,0,0,0,1,1,2,1,6,125,1,1,9,1
2013130375617,1,9,0,3,0,0,0,0,0,0,2,1,6,2,7,1198,1,8,3,1
2013130375617,2,9,0,14,0,0,0,0,0,0,1,1,6,3,-1,1796,2,1,-1,-1
2013130375654,1,9,0,3,0,1,0,0,0,0,4,1,6,2,7,1997,2,10,1,1
2013130375654,2,1,0,15,0,1,0,0,0,0,1,1,6,1,7,-1,-1,-1,5,1
2013130375721,1,9,0,18,0,0,0,0,0,0,1,1,6,1,-1,-1,-1,-1,-1,-1
2013130375902,1,9,0,1,0,0,0,0,0,0,2,1,6,2,-1,1991,2,2,-1,-1
2013130375902,2,19,0,2,0,0,0,0,0,0,0,1,6,1,7,2496,2,14,-1,-1
2013130375925,1,5,0,18,0,0,1,0,0,0,3,1,6,1,7,1700,1,1,6,3
2013130376232,1,9,0,18,0,0,0,0,0,0,1,1,6,1,6,1753,2,12,-1,-1
2013130376232,2,19,0,18,0,0,0,0,0,0,2,1,1,2,7,1248,2,3,2,1
2013130376273,1,21,0,18,0,0,0,0,0,7,1,1,6,1,5,12580,2,8,6,3
2013130376273,2,9,0,18,0,0,0,0,0,6,2,1,1,2,8,1994,2,10,9,1
2013130376273,3,9,0,18,0,0,0,0,0,0,1,1,6,1,7,1368,1,3,7,1
2013130376547,1,9,0,7,0,6,0,0,0,0,1,1,6,1,7,1798,1,6,6,1
2013130376547,2,9,0,18,0,8,0,0,0,0,4,1,6,2,9,1397,1,11,1,1
2013130376724,1,21,1,18,0,0,0,0,0,0,4,1,1,1,8,1260,2,8,1,1
2013130376732,1,9,0,18,0,0,0,0,0,0,1,1,6,2,5,1900,2,7,2,1
2013130376732,2,9,0,18,0,0,0,0,0,0,1,1,6,3,-1,-1,-1,-1,-1,-1
2013130376804,1,9,0,7,0,6,0,0,0,0,4,1,2,1,5,2497,2,11,7,1
2013130376804,2,1,0,7,0,6,0,0,0,0,4,1,2,1,4,-1,-1,-1,6,1
2013130376850,1,9,0,16,0,0,0,0,0,0,1,1,2,1,6,1360,1,13,6,1
2013130376850,2,9,0,17,0,0,0,0,0,0,1,1,6,1,7,1991,2,5,3,1
2013130377059,1,5,0,18,0,8,1,0,0,0,1,1,6,1,8,1299,1,11,7,1
2013130377059,2,9,0,9,0,8,0,0,0,0,1,1,6,2,8,1984,1,13,5,1
2013130377236,1,9,0,18,0,8,0,0,0,0,1,1,2,1,7,1998,1,12,3,1
2013130377236,2,9,0,10,0,5,0,0,0,0,2,1,2,2,8,1242,1,6,1,1
2013130377372,1,3,0,18,0,1,0,0,0,0,1,1,6,1,5,124,1,4,-1,-1
2013130377372,2,9,0,10,0,1,0,0,0,0,1,1,6,1,10,1870,2,10,2,1
2013130377393,1,19,0,16,0,4,2,7,3,0,1,1,6,1,5,1248,2,4,1,1
2013130377393,2,9,0,16,0,1,0,0,0,0,0,1,1,1,8,2993,2,2,9,1
2013130377828,1,9,0,18,0,0,0,0,0,1,1,1,6,2,10,1798,1,8,9,1
2013130377944,1,9,0,18,0,0,0,0,0,0,4,1,6,1,8,1398,2,11,2,1
2013130377944,2,1,0,18,0,0,0,0,0,0,3,1,6,1,3,-1,-1,-1,-1,-1
2013130378200,1,9,0,18,0,6,0,0,0,0,3,1,6,1,5,1753,2,11,-1,-1
2013130378200,2,9,0,18,0,1,0,0,0,0,1,1,6,1,4,1896,2,11,4,1
2013130378326,1,9,0,18,0,0,0,0,0,0,1,1,6,1,5,1149,1,10,2,1
2013130378326,2,9,0,18,0,0,0,0,0,0,2,1,6,1,5,1199,1,10,5,1
2013130378444,1,3,0,18,0,0,0,0,0,0,0,1,6,1,4,-1,-1,-1,-1,-1
2013130378932,1,20,0,18,0,0,0,0,0,0,1,1,6,1,-1,-1,-1,-1,-1,-1
2013130378932,2,9,0,18,0,0,0,0,0,0,2,1,6,2,7,1896,2,6,2,1
2013130379064,1,9,0,18,0,1,0,0,0,0,1,1,6,3,-1,-1,-1,-1,-1,-1
2013130379064,2,1,0,18,0,1,0,0,0,0,2,1,6,1,8,-1,-1,-1,5,1
2013130379337,1,9,0,9,0,5,0,0,0,0,0,1,6,3,6,-1,-1,-1,-1,-1
2013130379337,2,11,0,18,0,8,0,0,0,0,0,1,1,1,8,7300,2,6,2,1
2013130379595,1,9,0,18,0,0,0,0,0,0,1,1,6,1,9,1300,2,6,3,3
2013130379595,2,9,0,3,0,0,0,0,0,0,2,1,6,1,10,1988,2,10,5,2
2013130379595,3,9,0,3,0,0,0,0,0,0,2,1,6,1,9,998,1,-1,4,2
2013130379611,1,9,0,18,0,0,0,0,0,0,4,1,6,1,8,1998,2,5,10,1
2013130379668,1,20,0,18,0,0,1,0,0,0,4,1,1,1,5,2982,2,-1,9,2
2013130379668,2,9,0,2,0,0,0,0,0,0,3,1,6,1,-1,-1,-1,-1,-1,-1
2013130379670,1,9,0,18,0,1,0,0,7,10,1,1,6,1,5,1242,1,2,-1,-1
2013130379672,1,9,0,18,0,8,0,0,1,0,3,1,6,2,7,996,1,3,8,1
2013130379672,2,8,0,18,0,8,0,0,0,0,1,1,1,1,5,1896,2,5,1,1
2013130379676,1,19,0,6,0,8,0,0,0,0,3,1,1,1,7,1998,2,9,-1,-1
2013130379676,2,9,0,18,0,8,0,0,0,0,4,1,6,1,10,1360,1,10,7,1
2013130379725,1,9,0,9,0,6,0,0,0,0,3,1,6,2,7,1910,2,7,1,1
2013130379725,2,2,0,18,0,1,1,0,0,0,1,1,6,1,4,49,1,1,1,1
2013130379815,1,9,0,13,0,0,1,0,0,0,4,1,6,3,-1,1598,1,12,-1,-1
2013130379815,2,9,0,18,0,0,1,0,1,2,3,1,6,1,5,1997,2,10,4,1
2013130379815,3,1,0,18,0,0,0,0,0,0,3,1,6,1,6,-1,-1,-1,9,1
2013130379818,1,5,0,18,0,2,0,0,0,0,4,1,6,3,-1,-1,-1,-1,-1,-1
2013130379904,1,9,0,6,0,0,0,0,0,0,1,1,6,1,-1,1910,2,6,-1,-1
2013130379904,2,9,0,18,0,0,0,0,0,0,4,1,6,1,5,1388,1,10,1,1
2013130380124,1,9,0,18,0,0,0,0,0,0,1,1,6,2,7,1596,1,11,5,2
2013130380124,2,9,0,18,0,0,1,0,7,4,1,1,6,1,7,2401,2,9,6,1
2013130380179,1,9,0,18,0,2,0,0,0,0,1,1,1,1,8,1596,1,11,3,1
2013130380213,1,9,0,13,0,0,0,0,0,0,4,1,6,1,11,1124,1,10,6,1
2013130380213,2,1,0,18,0,0,0,0,0,0,3,1,6,1,10,-1,-1,-1,7,1
2013130380324,1,8,0,18,0,8,0,0,0,0,3,1,1,1,6,1910,2,5,2,1
2013130380324,2,9,0,18,0,8,0,0,0,0,4,1,2,2,5,998,1,8,9,1
2013130380547,1,9,0,18,0,0,0,0,0,0,1,1,6,2,11,1560,2,3,10,1
2013130380547,2,9,0,18,0,0,0,0,0,10,3,1,6,1,6,2179,2,5,10,1
2013130380672,1,9,0,4,0,0,0,0,0,0,1,1,6,1,11,1560,2,1,10,1
2013130380672,2,9,0,4,0,0,0,0,0,0,2,1,6,1,6,1598,1,6,1,1
2013130380672,3,9,0,18,0,0,0,0,0,0,2,1,6,2,6,1896,2,6,6,1
2013130380810,1,9,0,9,0,6,0,0,0,0,1,1,6,1,8,1995,2,7,9,1
2013130380810,2,9,0,18,0,8,0,0,0,0,1,1,6,1,4,1398,1,3,1,1
2013130380850,1,9,0,9,0,6,0,0,0,0,1,1,6,2,6,1686,2,11,2,1
2013130380850,2,1,0,18,0,8,0,0,0,0,3,1,2,1,6,-1,-1,-1,8,1
2013130380997,1,9,0,18,0,0,0,0,0,0,1,1,6,1,11,1389,1,9,6,1
2013130381387,1,9,0,18,0,4,0,0,0,0,1,1,6,1,9,1997,2,6,2,1
2013130381387,2,9,0,3,0,4,0,0,0,0,2,1,6,2,6,1364,1,3,9,1
2013130381392,1,9,0,18,0,1,0,0,0,0,1,1,6,3,-1,1229,1,2,-1,-1
2013130381392,2,8,0,8,0,1,0,0,0,0,2,1,1,1,7,1896,2,7,2,1
2013130381552,1,9,0,18,0,3,0,0,0,0,1,1,6,3,-1,1753,2,15,-1,-1
2013130381552,2,3,0,18,0,3,0,0,0,0,0,1,2,1,7,124,1,3,5,1
2013130381770,1,3,0,15,0,8,0,0,0,0,1,1,6,1,4,124,1,5,7,1
2013130381770,2,3,0,4,0,8,0,0,0,0,2,1,6,1,4,125,1,6,7,1
2013130381790,1,9,0,18,0,0,0,0,0,0,3,1,6,2,8,1360,1,9,7,3
2013130381790,2,9,0,18,0,0,0,0,0,0,1,1,6,3,-1,1997,2,4,-1,-1
2013130381798,1,5,0,18,0,8,0,0,0,0,3,1,6,1,8,1157,1,13,2,1
2013130381846,1,1,0,18,0,0,0,0,0,0,1,1,6,1,4,-1,-1,-1,7,1
2013130381846,2,9,0,3,0,0,0,0,0,0,2,1,6,1,7,1598,1,7,1,1
2013130382049,1,9,0,5,0,6,1,0,3,0,3,1,6,2,8,1240,1,10,2,1
2013130382049,2,9,0,18,0,8,0,0,7,0,1,1,6,1,7,3474,1,16,2,1
2013130382148,1,9,0,12,0,0,1,0,0,0,1,1,6,1,4,1398,1,2,-1,1