Accident_Index,Vehicle_Reference,Vehicle_Type,Towing_and_Articulation,Vehicle_Manoeuvre,Vehicle_Location-Restricted_Lane,Junction_Location,Skidding_and_Overturning,Hit_Object_in_Carriageway,Vehicle_Leaving_Carriageway,Hit_Object_off_Carriageway,1st_Point_of_Impact,Was_Vehicle_Left_Hand_Drive?,Journey_Purpose_of_Driver,Sex_of_Driver,Age_Band_of_Driver,Engine_Capacity_(CC),Propulsion_Code,Age_of_Vehicle,Driver_IMD_Decile,Driver_Home_Area_Type
2013130382148,2,21,0,18,0,0,0,0,0,0,2,1,1,1,7,12777,2,3,3,1
2013130382183,1,3,0,18,0,0,0,0,0,0,4,1,6,1,4,125,1,-1,8,1
2013130382195,1,3,0,17,0,1,1,0,1,2,3,1,6,1,4,125,1,2,-1,-1
2013130382443,1,9,0,16,0,0,0,0,0,0,3,1,6,2,4,1242,1,2,4,1
2013130382443,2,1,0,5,0,0,0,0,0,0,1,1,6,1,3,-1,-1,-1,2,1
2013130382574,1,9,0,18,0,1,0,0,7,2,1,1,6,2,6,1229,1,4,1,1
2013130382711,1,9,0,4,0,0,0,0,0,0,2,1,6,2,8,1242,1,13,8,1
2013130382711,2,1,0,18,0,0,0,0,0,0,1,1,6,1,6,-1,-1,-1,10,1
2013130382715,1,3,0,7,0,5,1,0,0,0,4,1,2,2,5,125,1,1,5,1
2013130382740,1,19,0,1,0,0,0,0,0,0,2,1,1,1,7,2148,2,4,1,1
2013130382794,1,9,0,18,0,1,0,0,0,0,1,1,6,1,10,1398,2,1,2,1
2013130382794,2,9,0,3,0,1,0,0,0,0,2,1,2,2,7,1490,1,6,2,1
2013130382967,1,9,0,16,0,0,0,0,8,10,1,1,2,2,4,1149,1,10,2,1
2013130382992,1,9,0,4,0,1,1,0,0,0,1,1,6,2,6,1343,1,19,2,1
2013130382992,2,9,0,3,0,1,0,0,0,0,2,1,6,2,4,998,1,-1,2,1
2013130382992,3,9,0,3,0,1,0,0,0,0,2,1,6,1,7,1397,1,4,6,1
2013130383018,1,9,0,18,0,0,0,0,0,0,1,1,6,2,6,973,1,10,-1,-1
2013130383196,1,9,0,18,0,1,0,0,0,0,1,1,6,2,7,1968,2,6,8,1
2013130383299,1,9,0,3,0,1,0,0,0,0,2,1,6,1,7,1968,2,8,4,1
2013130383299,2,9,0,18,0,1,0,0,0,0,1,1,6,1,-1,1968,2,6,-1,-1
2013130383396,1,90,0,5,0,0,0,0,0,0,3,1,6,1,-1,-1,-1,-1,10,1
2013130383396,2,9,0,18,0,0,0,0,0,0,1,1,6,1,6,1339,1,6,9,1
2013130383414,1,9,0,1,0,6,0,0,0,0,2,1,6,1,-1,1871,2,10,7,1
2013130383414,2,9,0,18,0,1,0,0,0,0,1,1,6,2,6,1364,1,6,7,1
2013130383464,1,9,0,18,0,8,0,0,0,0,0,1,6,3,-1,-1,-1,-1,-1,-1
2013130383562,1,9,0,9,0,6,0,0,0,0,0,1,1,1,5,-1,-1,-1,1,1
2013130383562,2,3,0,18,0,8,1,0,0,0,3,1,2,1,5,124,1,-1,9,1
2013130383568,1,9,0,18,0,3,1,0,0,0,1,1,6,1,8,1242,1,2,7,1
2013130383568,2,9,0,17,0,3,1,0,0,0,3,1,6,2,6,1910,2,6,8,2
2013130383578,1,9,0,9,0,6,0,0,0,0,1,1,6,1,7,2500,1,1,4,1
2013130383578,2,1,0,18,0,8,0,0,0,0,4,1,6,1,6,-1,-1,-1,3,1
2013130383620,1,9,0,18,0,8,0,0,0,0,1,1,6,2,8,2204,2,5,6,1
2013130383620,2,9,0,9,0,8,0,0,0,0,4,1,6,1,6,1753,2,8,4,1
2013130383676,1,3,0,18,0,0,0,0,0,0,0,1,6,2,5,124,1,10,-1,-1
2013130383676,2,9,0,9,0,0,0,0,0,0,0,1,6,1,8,1400,1,8,10,1
2013130383686,1,9,0,18,0,0,0,0,0,0,3,1,6,2,5,1149,1,10,6,1
2013130383686,2,9,0,18,0,0,0,0,0,0,3,1,6,3,-1,-1,-1,-1,-1,-1
2013130383850,1,9,0,18,0,5,1,0,1,10,4,1,6,1,6,1990,1,17,3,1
2013130383856,1,9,0,18,0,0,1,0,2,10,1,1,1,1,5,1332,1,16,1,1
2013130383883,1,9,0,18,0,8,0,0,0,10,1,1,6,1,5,1900,2,14,5,1
2013130383927,1,1,0,18,0,1,0,0,0,0,2,1,6,1,7,-1,-1,-1,-1,-1
2013130383927,2,20,1,18,0,1,0,0,0,0,1,1,6,1,9,11946,2,4,6,1
2013130383982,1,9,0,6,0,0,0,0,0,0,3,1,1,1,5,796,1,5,7,2
2013130383982,2,4,0,18,0,0,0,0,0,0,1,1,1,1,8,124,1,6,7,1
2013130383997,1,5,0,18,0,8,0,0,0,0,1,1,6,1,7,649,1,4,1,1
2013130383997,2,9,0,18,0,8,0,0,0,0,3,1,6,1,7,1796,1,8,7,1
2013130384038,1,9,0,18,0,1,0,0,0,0,1,1,6,1,7,-1,-1,-1,7,1
2013130384038,2,9,0,18,0,1,0,0,0,0,2,1,6,1,8,2000,2,2,9,1
2013130384097,1,9,0,5,0,8,0,0,0,0,1,1,6,3,-1,1997,2,11,-1,-1
2013130384151,1,9,0,18,0,8,0,0,0,0,2,1,6,1,5,1229,1,5,5,1
2013130384151,2,9,0,3,0,8,0,0,0,0,1,1,6,1,6,1896,2,11,6,1
2013130384490,1,9,0,16,0,0,1,0,8,4,1,1,2,1,6,1461,2,6,-1,-1
2013130384778,1,9,0,18,0,1,0,0,0,0,4,1,6,1,11,1242,1,5,3,1
2013130384778,2,9,0,3,0,1,0,0,0,0,3,1,6,2,7,1390,1,2,7,1
2013130384778,3,9,0,18,0,1,0,0,0,0,3,1,6,2,5,998,1,2,5,1
2013130384778,4,9,0,4,0,1,0,0,0,0,4,1,6,1,6,1299,1,10,2,1
2013130384778,5,9,0,3,0,1,0,0,0,0,3,1,6,1,8,1560,2,-1,7,1
2013130384778,6,9,0,18,0,1,0,0,0,0,1,1,6,1,10,1388,1,4,-1,-1
2013130384846,1,9,0,9,0,2,0,0,0,0,1,1,6,3,7,1968,2,7,-1,-1
2013130384846,2,1,0,18,0,2,0,0,0,0,1,1,1,1,8,-1,-1,-1,-1,-1
2013130384861,1,9,0,9,0,1,0,0,0,0,1,1,6,1,9,1796,1,7,3,1
2013130384861,2,4,0,18,0,8,0,0,0,0,1,1,6,1,9,197,1,20,10,1
2013130384886,1,9,0,18,0,0,0,0,0,0,1,1,6,1,4,1229,1,5,2,1
2013130384886,2,9,0,9,0,0,0,0,1,3,2,1,6,1,5,1360,1,8,4,1
2013130384950,1,4,0,18,0,8,0,0,0,0,1,1,6,1,6,-1,-1,-1,1,1
2013130384950,2,9,0,9,0,6,0,0,0,0,4,1,2,2,7,1468,1,7,3,1
2013130384951,1,9,0,5,0,8,0,0,0,0,1,1,6,1,9,3222,2,9,8,1
2013130384951,2,1,0,18,0,1,0,0,0,0,1,1,6,1,4,-1,-1,-1,1,1
2013130385008,1,9,0,9,0,0,0,0,0,0,3,1,6,2,9,1388,1,9,8,1
2013130385008,2,9,0,18,0,0,0,0,0,0,1,1,6,2,8,1360,1,7,2,1
2013130385351,1,9,0,18,0,1,0,0,0,0,4,1,6,3,-1,-1,-1,-1,-1,-1
2013130385378,1,8,0,18,0,1,0,0,0,0,1,1,1,1,9,1995,2,9,5,1
2013130385405,1,1,0,18,0,0,0,0,0,0,1,1,6,1,4,-1,-1,-1,2,1
2013130385405,2,9,0,2,0,0,0,0,0,0,2,1,6,2,9,998,1,5,7,2
2013130385588,1,9,0,18,0,1,0,0,0,0,1,1,6,1,7,1975,2,15,-1,-1
2013130385588,2,9,0,4,0,1,0,0,0,0,2,1,6,2,6,1299,1,11,1,1
2013130385756,1,9,0,18,0,1,0,0,0,0,1,1,6,1,10,1998,2,7,7,1
2013130385817,1,9,0,7,0,5,0,0,0,0,4,1,6,2,5,1396,1,14,-1,-1
2013130385817,2,1,0,18,0,1,1,0,0,0,1,1,1,1,7,-1,-1,-1,9,1
2013130386073,1,9,0,7,0,3,0,0,0,0,4,1,1,2,7,1364,1,7,1,1
2013130386073,2,1,0,18,0,8,0,0,0,0,1,1,6,1,4,-1,-1,-1,7,1
2013130386256,1,9,0,7,0,8,0,0,0,0,3,1,2,1,9,1390,1,6,4,1
2013130386256,2,1,0,9,0,8,0,0,0,0,1,1,6,1,3,-1,-1,-1,-1,-1
2013130386373,1,9,0,18,0,0,1,0,7,0,1,1,6,3,-1,1984,1,4,-1,-1
2013130386373,2,9,0,18,0,0,0,0,7,0,1,1,6,2,7,1386,1,5,-1,-1
2013130386423,1,9,0,9,0,2,0,0,0,0,1,1,6,1,7,1599,1,9,7,1
2013130386439,1,9,0,18,0,0,0,0,0,0,4,1,6,1,6,1299,1,10,3,1
2013130386691,1,9,0,9,0,6,0,0,0,0,1,1,6,1,4,1242,1,13,3,1
2013130386691,2,9,0,18,0,1,0,0,0,0,4,1,6,2,4,1896,2,4,1,1
2013130387092,1,9,0,18,0,0,0,0,0,0,3,1,6,3,-1,-1,-1,-1,-1,-1
2013130387092,2,9,0,18,0,0,0,0,0,0,1,1,6,1,6,1896,2,6,1,1
2013130387233,1,9,0,7,0,1,0,0,0,0,0,1,6,2,8,1124,1,10,9,1
2013130387233,2,11,0,18,0,1,0,0,0,0,0,1,1,1,7,9360,2,1,1,1
2013130387281,1,20,0,12,0,7,0,0,0,0,2,1,6,1,6,11967,2,1,-1,-1
2013130387281,2,20,1,18,0,1,0,0,0,0,1,1,1,1,9,-1,-1,-1,4,1
2013130387306,1,22,0,18,0,0,0,0,0,0,1,1,6,1,11,-1,-1,-1,7,1
2013130387306,2,9,0,18,0,0,0,0,0,0,1,1,6,1,6,1896,2,7,1,1
2013130387411,1,9,0,18,0,8,0,0,0,0,3,1,1,1,7,1248,2,2,8,1
2013130387411,2,9,0,18,0,8,0,0,0,0,4,1,6,1,6,1968,2,7,2,1
2013130387665,1,9,0,4,0,0,0,0,0,0,1,1,6,1,5,1951,2,10,-1,-1
2013130387665,2,9,0,4,0,0,0,0,0,0,2,1,6,1,6,1348,1,11,5,1
2013130387704,1,9,0,11,0,0,1,0,1,2,1,1,1,1,6,1896,2,7,-1,-1
2013130387704,2,9,0,18,0,0,0,0,0,0,1,1,6,1,9,1596,1,11,4,1
2013130387704,3,9,0,18,0,0,0,0,0,0,2,1,6,1,6,-1,-1,-1,10,1
2013130387704,4,9,0,2,0,0,0,0,0,0,3,1,6,2,7,1596,1,6,6,1
2013130387713,1,9,0,18,0,0,0,0,0,0,1,1,6,2,6,1388,1,9,10,1
2013130387713,2,9,0,18,0,0,0,0,0,0,1,1,6,3,-1,-1,-1,-1,-1,-1
2013130387792,1,9,0,16,0,0,2,0,2,10,1,1,2,1,7,1896,2,10,7,1
2013130388031,1,9,0,9,0,1,5,0,0,0,4,1,6,2,8,1995,2,8,6,1
2013130388031,2,9,0,18,0,1,0,0,0,0,1,1,6,1,7,1997,2,6,9,1
2013130388133,1,9,0,18,0,0,0,0,0,0,1,1,6,1,9,1198,1,4,6,1
2013130388133,2,9,0,2,0,0,0,0,0,0,2,1,6,2,8,1242,1,5,3,1
2013130388531,1,9,0,18,0,2,0,0,0,0,3,1,6,1,-1,-1,-1,-1,-1,-1
2013130388621,1,9,0,18,0,0,0,0,7,0,3,1,1,1,6,998,1,16,1,1
2013130388621,2,9,0,18,0,0,0,0,0,0,2,1,1,1,10,-1,-1,-1,10,1
2013130388741,1,9,0,11,0,8,0,0,0,0,4,1,6,2,6,1600,1,9,1,1
2013130388741,2,5,0,18,0,8,0,0,0,0,3,1,6,1,7,1157,1,11,9,1
2013130388754,1,9,0,7,0,1,0,0,0,0,4,1,1,2,7,1839,1,8,9,1
2013130388754,2,1,0,18,0,1,0,0,0,0,1,1,6,2,7,-1,-1,-1,5,1
2013130389121,1,9,0,18,0,0,0,0,0,0,2,1,6,2,8,1689,2,10,5,1
2013130389151,1,9,0,18,0,6,0,0,0,0,3,1,6,2,6,1596,1,13,8,1
2013130389315,1,1,0,18,4,1,0,0,0,0,1,1,6,1,8,-1,-1,-1,10,1
2013130389315,2,9,0,7,0,1,0,0,0,0,3,1,6,2,5,2497,1,6,8,1
2013130389333,1,9,0,18,0,0,0,0,0,0,4,1,6,1,9,1998,2,7,5,1
2013130389558,1,9,0,18,0,8,5,0,1,4,1,1,6,1,8,1753,2,10,-1,-1
2013130389559,1,9,0,18,0,6,0,0,0,0,1,1,6,1,5,998,1,14,-1,-1
2013130389559,2,9,0,18,0,1,0,0,0,0,4,1,6,1,9,1560,2,3,1,1
2013130389559,3,9,0,3,0,1,0,0,0,0,1,1,6,1,7,-1,-1,-1,3,1
2013130389851,1,9,0,18,0,8,0,0,0,0,1,1,6,1,6,-1,-1,-1,3,3
2013130389851,2,9,0,18,0,8,0,0,0,0,1,1,6,1,7,1948,1,16,2,1
2013130390075,1,9,0,9,0,1,0,0,0,0,4,1,6,1,8,1596,1,9,8,1
2013130390075,2,1,0,18,0,1,0,0,0,0,1,1,6,1,8,-1,-1,-1,8,1
2013130390101,1,11,0,18,0,0,0,0,0,0,4,1,1,1,8,7300,2,5,1,1
2013130390104,1,9,0,18,0,0,0,0,0,0,1,1,6,3,-1,-1,-1,-1,-1,-1
2013130390104,2,9,0,18,0,0,0,0,0,0,3,1,6,1,7,1560,2,-1,8,1
2013130390130,1,9,0,9,0,1,0,0,0,0,4,1,6,1,7,1598,1,5,3,1
2013130390130,2,4,0,18,0,1,0,0,0,0,1,1,6,1,6,656,1,6,7,1
2013130390149,1,9,0,18,0,0,0,0,0,0,4,1,6,2,7,1598,1,8,9,2
2013130390149,2,1,0,18,0,0,0,0,0,0,0,1,6,1,10,-1,-1,-1,2,1
2013130390151,1,3,0,9,0,8,0,0,0,0,1,1,6,1,4,124,1,3,6,1
2013130390151,2,9,0,18,0,8,0,0,0,0,1,1,6,1,9,1596,1,4,10,2
2013130390389,1,9,0,18,0,0,0,0,0,0,1,1,6,1,-1,-1,-1,-1,5,1
2013130390444,1,5,0,18,0,8,0,0,0,0,3,1,6,1,8,955,1,6,5,1
2013130390444,2,3,0,18,0,6,0,0,0,0,1,1,6,3,-1,-1,-1,-1,-1,-1
2013130390473,1,19,0,3,0,1,0,0,0,0,2,1,1,1,7,2400,2,10,3,1
2013130390473,2,9,0,18,0,1,0,0,0,0,1,1,6,1,8,1390,1,8,10,2
2013130390496,1,9,0,18,0,0,0,0,0,0,1,1,6,3,-1,1998,2,8,-1,-1
2013130390496,2,9,0,18,0,0,0,0,0,0,1,1,6,1,8,1598,1,9,2,1
2013130391088,1,19,0,1,0,0,0,0,0,0,2,1,6,1,-1,-1,-1,-1,-1,-1
2013130391146,1,5,0,18,0,0,0,0,0,0,1,1,6,1,8,1250,1,10,7,3
2013130391146,2,5,0,18,0,0,0,0,0,0,1,1,6,2,8,599,1,12,8,2
2013130391146,3,9,0,4,0,0,0,0,0,0,2,1,6,2,7,2143,2,3,6,1
2013130391300,1,9,0,18,0,0,0,0,1,1,4,1,6,1,11,1329,1,2,4,1
2013130391499,1,9,0,18,0,0,0,0,0,0,4,1,6,1,8,-1,-1,-1,1,1
2013130391550,1,9,0,18,0,1,0,0,0,0,1,1,6,2,9,1997,2,11,6,1
2013130391550,2,1,0,18,0,6,0,0,0,0,3,1,6,1,4,-1,-1,-1,2,1
2013130391687,1,9,0,10,0,1,0,0,0,0,2,1,6,1,6,1598,1,11,1,1
2013130391687,2,9,0,18,0,1,0,0,0,0,1,1,6,1,-1,1995,2,7,-1,-1
2013130391783,1,9,0,18,0,0,0,0,0,0,1,1,6,1,7,1997,2,10,1,1
2013130391816,1,9,0,1,0,0,0,0,0,0,2,1,6,1,6,1560,2,1,1,1
2013130391915,1,3,0,18,0,0,0,0,0,0,1,1,6,1,4,125,1,-1,3,1
2013130391915,2,19,0,2,0,0,0,0,0,0,2,1,6,1,6,2148,2,8,4,1
2013130392123,1,9,0,18,0,1,0,0,1,10,1,1,6,1,6,1229,1,7,2,1
2013130392158,1,1,0,18,0,0,1,0,0,0,1,1,2,1,4,-1,-1,-1,1,1
2013130392158,2,9,0,4,0,0,0,0,0,0,4,1,6,1,8,1995,2,12,1,1
2013130392219,1,9,0,18,0,0,0,0,0,0,1,1,1,2,5,1328,1,5,4,1
2013130392219,2,9,0,18,0,0,0,0,0,0,1,1,1,1,7,1598,1,9,4,1
2013130392219,3,19,0,2,0,0,0,0,0,0,3,1,6,3,-1,2998,2,4,-1,-1
2013130392250,1,9,0,13,0,0,0,0,0,0,0,1,6,1,8,1590,1,16,1,1
2013130392250,2,9,0,13,0,0,1,0,0,0,1,1,6,1,5,1896,2,12,9,1
2013130392250,3,20,0,18,0,0,0,0,0,0,3,1,1,1,5,6370,2,3,7,2
2013130392250,4,9,0,18,0,0,0,0,0,0,3,1,6,2,6,2204,2,5,9,1
2013130392250,5,9,0,18,0,0,0,0,0,0,1,1,6,1,7,1753,2,5,3,1
2013130392273,1,9,0,18,0,0,0,0,0,0,1,1,2,2,7,1198,1,5,3,3
2013130392273,2,9,0,4,0,0,0,0,0,0,2,1,6,1,6,1596,1,4,3,3
2013130392273,3,9,0,18,0,0,0,0,0,0,1,1,2,2,6,1229,1,5,3,2
2013130392583,1,1,0,18,9,0,0,0,0,0,1,1,6,1,-1,-1,-1,-1,-1,-1
2013130392656,1,9,0,18,0,0,0,0,0,0,1,1,6,1,5,1199,1,12,6,2
2013130392656,2,9,0,18,0,0,0,0,0,0,2,1,6,1,8,1956,2,4,2,1
2013130392665,1,9,0,18,0,6,0,0,0,0,3,1,6,2,6,1493,1,13,6,1
2013130392665,2,9,0,18,0,1,0,0,0,0,1,1,6,2,8,1968,2,7,-1,-1
2013130392707,1,8,0,14,0,0,0,0,0,0,1,1,6,1,7,1997,2,1,7,1
2013130392707,2,11,0,2,0,0,0,0,0,0,2,1,6,1,9,4462,2,3,2,1
2013130392752,1,9,0,9,0,6,0,0,0,0,1,1,6,2,8,1242,1,2,3,1
2013130392752,2,9,0,18,0,1,0,0,0,0,4,1,6,1,8,-1,-1,-1,2,1
2013130392911,1,1,0,18,0,0,0,0,0,0,1,1,6,1,6,-1,-1,-1,5,2
2013130392911,2,9,0,2,0,0,0,0,0,0,3,1,6,1,-1,1229,1,1,-1,-1
2013130393133,1,21,0,18,0,0,0,0,0,0,1,1,1,1,9,9290,2,1,3,1
2013130393133,2,19,0,18,0,0,0,0,0,0,2,1,6,1,7,2800,2,10,1,1
2013130393152,1,8,0,18,0,0,0,0,0,0,4,1,1,1,7,1984,2,4,3,1
2013130393218,1,9,0,9,0,6,0,0,0,0,1,1,6,2,8,-1,-1,-1,4,1
2013130393245,1,9,0,18,0,1,0,0,0,0,4,1,6,1,5,1769,1,11,1,1
2013130393272,1,20,0,18,0,1,0,0,0,0,1,1,6,3,-1,2402,2,10,-1,-1
2013130393272,2,9,0,18,0,1,0,0,0,0,2,1,6,2,8,1796,1,7,7,1
2013130393272,3,11,0,18,0,1,0,0,0,0,4,1,1,1,8,7300,2,6,1,1
2013130393378,1,9,0,2,0,0,0,0,0,0,3,1,6,1,-1,2171,2,11,-1,-1
2013130393378,2,1,0,18,0,0,0,0,0,0,1,1,6,1,6,-1,-1,-1,10,1
2013130393408,1,9,0,18,0,0,0,0,0,0,1,1,2,1,7,1781,1,9,7,3
2013130393627,1,9,0,5,0,8,0,0,0,0,1,1,6,1,11,1895,1,12,8,2
2013130393627,2,9,0,18,0,8,0,0,0,0,3,1,6,1,6,1896,2,5,3,1
2013130393627,3,9,0,3,0,8,0,0,0,0,1,1,6,1,7,1396,1,12,6,1
2013130393726,1,9,0,3,0,1,0,0,0,0,2,1,6,2,8,1368,1,6,9,1
2013130393726,2,1,0,18,0,1,0,0,0,0,1,1,6,1,6,-1,-1,-1,5,1
2013130394063,1,9,0,18,0,0,0,0,0,0,1,1,6,2,7,1396,1,-1,-1,-1
2013130394063,2,9,0,4,0,0,0,0,0,0,2,1,6,1,6,1560,2,3,5,1
2013130394097,1,9,0,9,0,8,0,0,0,0,1,1,6,1,9,1761,1,13,5,1
2013130394097,2,1,0,7,0,8,0,0,0,0,1,1,6,1,7,-1,-1,-1,6,3
2013130394160,1,9,0,9,0,6,0,0,0,0,3,1,6,2,7,1999,1,11,3,1
2013130394160,2,4,0,14,0,1,0,0,0,0,1,1,6,2,7,599,1,3,-1,-1
2013130394557,1,9,0,18,0,0,0,0,0,0,4,1,1,2,10,1598,1,1,3,1
2013130394557,2,9,0,2,0,0,0,0,0,0,3,1,1,1,7,-1,-1,-1,-1,-1
2013130394703,1,9,0,9,0,6,0,0,0,0,1,1,6,2,8,1149,1,12,5,1
2013130394703,2,9,0,18,0,1,0,0,0,0,1,1,6,1,11,1229,1,7,1,1
2013130394704,1,9,0,18,0,0,0,0,0,0,0,1,6,1,4,-1,-1,-1,1,1
2013130394717,1,9,0,18,0,1,0,0,0,0,3,1,6,1,6,2157,1,12,-1,-1
2013130394717,2,1,0,18,0,1,0,0,0,0,1,1,6,1,1,-1,-1,-1,1,1
2013130394833,1,8,0,18,0,0,0,0,0,0,1,1,1,1,8,1995,2,8,3,1
2013130394833,2,9,0,4,0,0,0,0,0,0,2,1,6,2,7,998,1,6,1,1
2013130394833,3,9,0,4,0,0,0,0,0,0,2,1,6,1,5,2967,2,6,10,2
2013130395039,1,9,0,18,0,0,0,0,0,0,1,1,6,1,-1,1994,1,15,-1,-1
2013130395039,2,9,0,18,0,0,0,0,0,0,1,1,6,1,8,1896,2,6,4,1
2013130395158,1,9,0,8,0,0,0,0,0,0,1,1,6,1,7,2148,2,3,1,1
2013130395158,2,3,0,3,0,0,0,0,0,0,2,1,6,1,8,-1,-1,-1,1,1
2013130395167,1,9,0,3,0,1,0,0,0,0,2,1,6,1,7,1398,2,3,4,1
2013130395167,2,9,0,18,0,1,0,0,0,0,1,1,6,2,9,1339,1,2,4,1
2013130395347,1,9,0,2,0,0,0,0,0,0,2,1,6,2,6,1997,1,8,1,1
2013130395347,2,9,0,1,0,0,0,0,0,0,2,1,6,2,7,1248,2,6,1,1
2013130395542,1,9,0,9,0,1,0,0,0,0,4,1,6,1,6,1896,2,5,3,1
2013130395542,2,9,0,18,0,1,0,0,0,0,1,1,6,1,6,1870,2,10,1,1
2013130396143,1,9,0,18,0,0,0,0,0,0,1,1,6,3,-1,1997,2,7,-1,-1
2013130396143,2,9,0,18,0,0,1,0,4,6,1,1,6,1,5,1968,2,7,4,1
2013130396282,1,9,0,18,0,1,0,0,0,0,1,1,6,1,6,-1,-1,-1,-1,-1
2013130396282,2,9,0,18,0,1,0,4,0,2,4,1,6,1,7,2231,2,5,2,1
2013130396282,3,9,0,2,0,2,0,0,0,0,2,1,6,1,-1,1242,1,12,-1,-1
2013130396354,1,9,0,18,0,1,0,0,0,0,4,1,2,2,8,-1,-1,-1,7,1
2013130396677,1,9,0,7,0,1,0,0,0,0,3,1,6,1,5,1598,2,1,1,1
2013130396677,2,9,0,18,0,1,0,0,0,0,4,1,6,1,6,1590,1,17,1,1
2013130396681,1,9,0,8,0,1,0,0,0,0,1,1,6,1,9,1753,2,12,8,1
2013130396681,2,9,0,18,0,1,0,0,0,0,1,1,6,2,10,1794,1,9,6,1
2013130397023,1,9,0,17,0,0,0,0,2,6,4,1,6,2,10,998,1,14,5,1
2013130397851,1,9,0,9,0,0,0,0,0,0,1,1,6,1,6,1242,1,3,8,1
2013130397851,2,1,0,18,0,0,0,0,0,0,1,1,6,1,8,-1,-1,-1,2,1
2013130397871,1,9,0,18,0,0,0,0,0,0,1,1,6,1,5,1598,1,13,1,1
2013130397871,2,9,0,18,0,0,0,0,0,0,2,1,6,2,6,1997,2,10,1,1
2013130397871,3,9,0,18,0,0,0,0,0,0,2,1,6,1,6,1582,2,1,4,1
2013130398125,1,9,0,6,0,1,0,0,0,0,3,1,6,1,6,1390,1,9,9,1
2013130398125,2,9,0,18,0,1,0,0,0,0,1,1,6,1,9,1560,2,2,2,1
2013130398164,1,9,0,18,0,0,0,0,0,0,1,1,6,2,9,1124,1,6,4,1
2013130398196,1,9,0,7,0,2,0,0,0,0,1,1,6,3,-1,-1,-1,-1,-1,-1
2013130398520,1,11,0,5,0,0,0,0,0,0,2,1,1,1,10,1100,2,15,1,1
2013130398520,2,1,0,18,0,0,0,0,0,0,1,1,6,1,6,-1,-1,-1,4,1
2013130398525,1,9,0,18,0,0,0,0,0,0,1,1,2,2,5,1988,1,14,3,1
2013130399274,1,9,0,18,0,0,0,0,0,0,1,1,6,1,9,-1,-1,-1,1,1
2013130399274,2,5,0,18,0,0,0,0,0,0,1,1,6,1,9,-1,-1,-1,8,1
2013130399279,1,20,0,18,0,0,0,0,0,0,3,1,1,1,6,9200,2,6,3,1
2013130399295,1,1,0,18,0,0,0,0,0,0,2,1,6,1,7,-1,-1,-1,5,2
2013130399295,2,1,0,18,0,0,0,0,0,0,1,1,6,1,3,-1,-1,-1,5,2
2013130399336,1,5,0,18,0,3,0,0,0,0,4,1,6,1,9,782,1,4,10,2
2013130399359,1,9,0,18,0,1,0,0,0,0,1,1,6,1,6,1299,1,13,5,1
2013130399359,2,9,0,3,0,1,0,0,0,0,2,1,6,1,6,1997,2,11,-1,-1
2013130399391,1,9,0,18,0,0,0,0,0,0,3,1,6,3,-1,-1,-1,-1,-1,-1
2013130399391,2,9,0,18,0,0,0,0,0,0,3,1,6,1,7,1108,1,8,1,1
2013130399395,1,9,0,9,0,8,0,0,0,0,1,1,6,2,4,1242,1,2,-1,-1
2013130399395,2,9,0,18,0,8,0,0,0,0,2,1,6,1,8,2979,1,11,-1,-1
2013130399489,1,9,0,18,0,0,0,0,0,0,1,1,6,1,5,1679,1,15,1,1
2013130399489,2,9,0,4,0,0,0,0,0,0,2,1,6,2,7,2946,1,11,4,1
2013130399685,1,9,0,18,0,1,0,0,0,0,1,1,6,2,9,1299,1,10,6,1
2013130399712,1,5,0,15,0,2,0,0,0,0,1,1,6,3,-1,-1,-1,-1,-1,-1
2013130399837,1,9,0,18,0,0,0,0,0,0,1,1,6,1,9,1900,2,8,6,1
2013130399837,2,9,0,4,0,0,0,0,0,0,2,1,6,1,6,1242,1,10,5,1
2013130400028,1,9,0,10,0,1,0,0,0,0,1,1,6,2,8,1388,1,2,1,1
2013130400028,2,3,0,9,0,1,0,0,0,0,1,1,6,1,5,125,1,1,1,1
2013130400171,1,19,0,18,0,0,0,0,0,0,1,1,6,1,5,2402,2,8,1,1
2013130400171,2,9,0,18,0,0,0,0,0,0,1,1,6,2,8,-1,-1,-1,1,1
2013130400670,1,8,0,18,0,0,0,0,0,0,4,1,1,1,8,1560,2,3,4,1
2013130400692,1,9,0,18,0,8,0,0,0,0,1,1,6,1,6,1796,1,9,6,1
2013130400692,2,3,0,18,0,8,0,0,0,0,1,1,6,1,5,125,1,-1,1,1
2013130400956,1,10,0,5,0,1,0,0,0,0,0,1,1,1,8,2494,2,6,1,1
2013130401055,1,9,0,18,0,0,0,0,0,0,3,1,6,1,6,1686,2,10,1,1
2013130401055,2,9,0,2,0,0,0,0,0,0,0,1,6,1,-1,1896,2,4,-1,-1
2013130401055,3,9,0,2,0,0,0,0,0,0,0,1,6,1,-1,-1,-1,-1,-1,-1
2013130401060,1,9,0,18,0,0,0,0,0,0,1,1,1,1,-1,998,1,12,-1,-1
2013130401338,1,3,0,17,0,0,0,0,0,0,1,1,1,1,5,125,1,13,1,1
2013130401338,2,19,0,18,0,0,0,0,0,0,1,1,1,1,-1,2179,2,8,-1,-1