Accident_Index,Vehicle_Reference,Vehicle_Type,Towing_and_Articulation,Vehicle_Manoeuvre,Vehicle_Location-Restricted_Lane,Junction_Location,Skidding_and_Overturning,Hit_Object_in_Carriageway,Vehicle_Leaving_Carriageway,Hit_Object_off_Carriageway,1st_Point_of_Impact,Was_Vehicle_Left_Hand_Drive?,Journey_Purpose_of_Driver,Sex_of_Driver,Age_Band_of_Driver,Engine_Capacity_(CC),Propulsion_Code,Age_of_Vehicle,Driver_IMD_Decile,Driver_Home_Area_Type
2013130401390,1,9,0,18,0,1,0,0,0,0,1,1,6,1,7,2460,2,7,5,1
2013130401390,2,90,0,18,0,1,0,0,7,10,4,1,1,1,7,-1,-1,-1,2,1
2013130401462,1,9,0,18,0,0,0,0,0,0,1,1,6,1,8,-1,-1,-1,4,1
2013130401510,1,9,0,9,0,1,0,0,0,0,2,1,6,2,5,1299,1,11,4,1
2013130401510,2,9,0,9,0,1,0,0,0,0,1,1,6,1,-1,1229,1,-1,-1,-1
2013130401611,1,5,0,12,0,0,0,0,4,6,1,1,6,2,7,865,1,1,7,1
2013130401690,1,19,0,1,0,0,0,0,0,0,2,1,1,1,7,2998,2,2,3,1
2013130401690,2,9,0,3,0,0,0,0,0,0,1,1,6,1,4,1497,1,12,4,1
2013130401718,1,90,0,18,0,0,0,0,0,0,0,1,6,1,-1,-1,-1,-1,-1,-1
2013130402107,1,9,0,18,0,0,0,0,0,0,2,1,2,2,8,1598,1,9,2,1
2013130402126,1,9,0,18,0,8,0,0,7,10,1,1,6,1,5,2148,2,5,6,1
2013130402126,2,19,0,18,0,8,0,0,0,0,3,1,6,1,8,1560,2,6,4,1
2013130402258,1,1,0,18,0,1,1,0,0,0,1,1,6,1,3,-1,-1,-1,4,1
2013130402294,1,9,0,18,0,8,0,0,0,0,4,1,6,1,6,1590,1,11,7,3
2013130402294,2,1,0,18,4,8,0,0,0,0,1,1,6,1,8,-1,-1,-1,10,1
2013130402444,1,1,0,18,0,8,0,0,0,0,1,1,6,1,7,-1,-1,-1,1,1
2013130402444,2,19,0,7,0,5,0,0,0,0,4,1,6,1,-1,-1,-1,-1,-1,-1
2013130402994,1,9,0,4,0,0,0,0,0,0,0,1,6,1,-1,-1,-1,-1,-1,-1
2013130403042,1,9,0,9,0,6,0,0,0,0,1,1,6,2,-1,1598,1,8,8,1
2013130403042,2,9,0,9,0,5,0,0,0,0,3,1,6,1,6,1968,2,8,6,1
2013130403111,1,9,0,18,0,1,0,0,0,0,1,1,1,1,8,1248,2,-1,2,1
2013130403111,2,9,0,9,0,1,0,0,0,0,3,1,6,1,9,-1,-1,-1,4,1
2013130403328,1,21,0,18,0,8,0,0,0,0,1,1,1,1,9,11967,2,2,8,1
2013130403328,2,9,0,4,0,8,0,0,0,0,2,1,6,1,6,1783,1,11,8,2
2013130403328,3,19,0,3,0,8,0,0,0,0,2,1,6,1,7,2151,2,12,1,1
2013130403392,1,9,0,18,0,0,0,0,0,0,1,1,6,1,-1,1587,1,13,-1,-1
2013130403392,2,9,0,3,0,0,0,0,0,0,2,1,6,1,5,1124,1,13,3,1
2013130403474,1,9,0,17,0,0,0,0,0,0,1,1,6,2,8,1999,1,9,5,1
2013130403474,2,3,0,16,0,0,0,0,0,0,2,1,6,1,6,124,1,5,1,1
2013130403497,1,19,0,1,0,1,0,0,0,0,2,1,1,1,7,2198,2,-1,2,1
2013130403497,2,5,0,3,0,1,0,0,0,0,1,1,2,1,7,750,1,8,2,1
2013130403515,1,9,0,18,0,0,0,0,0,0,4,1,6,2,9,1390,1,6,3,1
2013130403523,1,9,0,9,0,1,0,0,0,0,3,1,6,2,6,2720,2,8,1,1
2013130403523,2,4,0,13,0,1,0,0,0,0,1,1,6,1,7,125,1,20,1,1
2013130403590,1,9,0,13,0,0,0,0,4,6,4,1,6,1,6,1229,1,-1,-1,-1
2013130403590,2,21,1,18,0,0,0,0,0,0,3,1,1,1,8,12777,2,-1,5,1
2013130403697,1,9,0,18,0,1,0,0,0,0,4,1,6,1,5,1389,1,10,1,1
2013130403697,2,4,0,18,0,1,0,0,0,0,3,1,6,1,6,125,1,10,1,1
2013130403836,1,9,0,9,0,6,0,0,0,0,3,1,6,2,4,998,1,5,9,1
2013130403836,2,9,0,18,0,8,0,0,0,0,1,1,2,1,7,-1,-1,-1,-1,-1
2013130404149,1,9,0,18,0,8,0,0,0,0,3,1,6,1,5,1798,1,5,3,1
2013130404341,1,9,0,18,0,0,0,0,0,0,1,1,1,1,8,1560,2,-1,5,1
2013130404341,2,1,0,9,0,0,0,0,0,0,0,1,1,1,7,-1,-1,-1,-1,-1
2013130404381,1,90,0,18,0,8,0,0,0,0,1,1,6,1,10,-1,-1,-1,1,1
2013130404381,2,9,0,18,0,8,0,0,0,0,1,1,6,3,-1,-1,-1,-1,-1,-1
2013130404483,1,9,0,18,0,2,5,10,0,10,1,1,6,2,7,1108,1,8,1,1
2013130404489,1,9,0,18,0,0,0,0,7,10,1,1,6,1,6,1997,2,4,1,1
2013130404902,1,9,0,18,0,0,0,0,0,0,4,1,6,2,6,1598,1,8,4,1
2013130405072,1,9,0,18,0,1,1,0,0,0,1,1,6,1,9,1995,2,10,1,1
2013130405072,2,9,0,6,0,1,0,0,0,0,3,1,6,1,11,1124,1,10,2,1
2013130405094,1,9,0,12,0,8,0,0,7,0,1,1,6,2,6,1910,2,7,5,1
2013130405749,1,9,0,18,0,8,0,0,0,0,1,1,3,2,7,2401,2,7,5,1
2013130405749,2,9,0,18,0,8,0,0,0,0,1,1,6,1,10,-1,-1,-1,8,1
2013130405749,3,9,0,18,0,1,0,0,0,0,1,1,6,2,6,1596,1,7,-1,-1
2013130405875,1,9,0,1,0,0,0,0,0,0,3,1,6,2,3,3980,1,18,3,1
2013130405875,2,9,0,2,0,0,0,0,0,0,2,1,6,1,9,1360,1,12,-1,-1
2013130405949,1,9,0,18,0,8,0,0,0,0,1,1,6,1,5,-1,-1,-1,2,1
2013130405949,2,9,0,9,0,8,0,0,0,0,4,1,6,1,6,1995,2,8,6,1
2013130405952,1,9,0,9,0,6,0,0,0,0,3,1,6,1,8,1796,1,14,6,2
2013130405952,2,1,0,18,0,1,0,0,0,0,1,1,6,1,7,-1,-1,-1,8,2
2013130406003,1,8,0,5,0,0,0,0,0,0,0,1,1,1,9,1896,2,5,1,1
2013130406347,1,19,0,12,0,0,0,0,0,0,3,1,6,1,9,2143,2,1,7,1
2013130406347,2,2,0,4,0,0,1,0,0,0,1,1,6,1,5,49,1,3,2,1
2013130406486,1,5,0,18,0,7,1,0,0,0,3,1,2,1,7,599,1,10,7,3
2013130406493,1,9,0,5,0,6,0,0,0,0,1,1,6,2,8,1995,2,7,8,1
2013130406493,2,9,0,18,0,1,0,0,0,0,1,1,6,1,6,1124,1,10,3,1
2013130406698,1,9,0,6,0,0,0,0,0,0,3,1,6,1,9,1396,1,8,9,1
2013130406698,2,9,0,18,0,0,0,0,0,0,0,1,6,1,6,1796,1,13,7,1
2013130406803,1,9,0,18,0,1,0,0,0,0,2,1,6,2,7,998,1,13,2,1
2013130406859,1,2,0,18,0,5,1,0,0,0,1,1,6,1,4,49,1,1,6,3
2013130406974,1,9,0,18,0,0,0,7,0,0,1,1,6,2,5,1598,1,8,1,1
2013130407349,1,9,0,18,0,0,0,0,0,0,1,1,6,3,-1,1360,1,12,-1,-1
2013130407349,2,9,0,18,0,0,0,0,0,0,1,1,6,2,8,1560,2,1,4,1
2013130407430,1,9,0,18,0,1,0,0,0,0,4,1,6,1,8,1998,2,1,9,1
2013130407430,2,9,0,12,0,1,0,0,0,0,3,1,6,1,11,1386,1,9,1,1
2013130407462,1,9,0,9,0,0,0,0,0,0,1,1,6,1,7,-1,-1,-1,2,1
2013130407462,2,1,0,18,0,0,0,0,0,0,4,1,6,1,6,-1,-1,-1,2,1
2013130407877,1,9,0,9,0,1,0,0,0,0,3,1,6,1,6,1368,1,7,4,1
2013130407877,2,3,0,9,0,6,0,0,0,0,1,1,6,1,4,-1,-1,-1,6,1
2013130408075,1,9,0,18,0,8,0,0,0,0,3,1,6,1,11,1339,1,-1,9,1
2013130408075,2,9,0,18,0,8,0,0,0,0,1,1,6,1,6,1988,1,12,2,1
2013130408105,1,9,0,18,0,0,0,0,0,0,3,1,6,1,5,1149,1,13,4,2
2013130408105,2,9,0,18,0,0,0,0,0,0,3,1,6,2,6,1598,2,1,8,3
2013130408165,1,9,0,18,0,1,0,0,0,0,1,1,6,2,9,1198,1,6,3,1
2013130408165,2,9,0,9,0,6,0,0,0,0,3,1,6,1,5,-1,-1,-1,5,1
2013130408165,3,9,0,2,0,2,0,0,0,0,3,1,6,2,-1,1598,1,12,3,1
2013130408519,1,9,0,18,0,4,0,0,0,0,1,1,6,2,6,1248,1,-1,4,1
2013130408519,2,9,0,18,0,8,0,0,0,0,4,1,6,2,7,1368,1,4,6,1
2013130408696,1,9,0,5,0,0,0,0,0,0,1,1,6,1,-1,-1,-1,-1,-1,-1
2013130408696,2,1,0,18,0,0,0,0,0,0,3,1,6,1,6,-1,-1,-1,3,1
2013130408749,1,3,0,18,0,1,0,0,0,0,0,1,6,1,5,124,1,7,7,1
2013130408749,2,9,0,18,0,1,0,0,0,0,3,1,6,1,9,1995,2,7,7,1
2013130409115,1,9,0,18,0,0,1,0,0,0,1,1,6,2,5,1199,1,12,3,1
2013130409115,2,9,0,18,0,0,0,0,0,0,2,1,1,1,6,1560,2,1,8,1
2013130409119,1,9,0,18,0,4,0,0,0,0,1,1,1,2,10,1390,1,13,6,1
2013130409119,2,9,0,3,0,4,0,0,0,0,2,1,1,2,6,1997,2,10,3,1
2013130409148,1,9,0,18,0,8,0,0,0,0,1,1,6,3,-1,-1,-1,-1,-1,-1
2013130409529,1,9,0,18,0,0,0,0,0,0,3,1,6,1,6,2362,1,10,1,1
2013130409536,1,9,0,18,0,0,0,0,0,0,2,1,6,1,8,1686,2,3,1,1
2013130409536,2,9,0,13,0,0,0,0,0,0,1,1,6,3,-1,-1,-1,-1,-1,-1
2013130409559,1,2,0,13,0,1,0,0,0,0,1,1,6,1,4,49,1,6,-1,-1
2013130409559,2,9,0,9,0,6,0,0,0,0,3,1,6,1,9,1995,2,-1,8,1
2013130409633,1,9,0,18,0,0,5,0,0,0,1,1,6,1,4,-1,-1,-1,2,1
2013130409633,2,9,0,10,0,0,0,0,0,0,1,1,1,1,7,1584,1,5,2,1
2013130409720,1,9,0,18,0,0,1,0,0,0,1,1,6,1,5,1995,2,6,1,1
2013130409720,2,9,0,18,0,0,0,0,0,0,3,1,6,1,8,1997,1,-1,1,1
2013130409987,1,9,0,6,0,0,0,0,0,0,1,1,6,2,6,1560,2,-1,3,1
2013130409987,2,9,0,18,0,0,0,0,0,0,4,1,6,1,6,1984,1,5,1,1
2013130410068,1,9,0,18,0,1,0,0,0,0,1,1,1,2,7,2204,2,6,3,1
2013130410068,2,9,0,9,0,1,0,0,0,0,4,1,6,1,9,-1,-1,-1,9,1
2013130410670,1,9,0,18,0,0,0,0,0,0,1,1,6,3,-1,1905,2,15,-1,-1
2013130410670,2,9,0,2,0,0,0,0,0,0,2,1,6,1,7,1461,2,2,4,1
2013130410839,1,9,0,18,0,1,0,0,0,0,1,1,1,1,6,1896,2,5,1,1
2013130410839,2,9,0,3,0,1,0,0,0,0,2,1,6,1,4,1991,2,6,4,1
2013130410971,1,9,0,18,0,0,0,0,0,0,1,1,6,1,-1,2179,2,4,-1,-1
2013130410971,2,9,0,1,0,0,0,0,0,0,3,1,3,2,6,1229,1,8,9,1
2013130411076,1,9,0,18,0,0,0,0,0,0,3,1,6,1,11,1596,1,12,7,1
2013130411409,1,9,0,17,0,1,0,0,1,10,1,1,6,1,5,1391,1,18,2,1
2013130411416,1,3,0,18,0,0,0,0,1,0,4,1,6,1,6,124,1,4,4,1
2013130411639,1,9,0,9,0,6,0,0,0,0,1,1,6,1,10,1998,1,5,9,1
2013130411639,2,1,0,9,0,1,0,0,0,0,3,1,6,1,8,-1,-1,-1,9,1
2013130411689,1,9,0,9,0,1,0,0,3,10,1,1,6,1,7,1989,1,14,1,1
2013130411735,1,4,0,18,0,2,0,0,0,0,1,1,6,1,8,998,1,7,3,1
2013130411735,2,11,0,5,0,2,0,0,0,0,3,1,1,1,9,7300,2,5,7,1
2013130411876,1,9,0,18,0,1,0,0,0,0,1,1,6,3,-1,1598,1,11,-1,-1
2013130411876,2,9,0,1,0,1,0,0,0,0,3,1,6,1,7,2688,2,9,2,1
2013130411971,1,9,0,18,0,0,0,0,0,0,3,1,6,1,7,1498,1,3,5,1
2013130411971,2,1,0,18,0,0,0,0,0,0,1,1,6,1,1,-1,-1,-1,5,1
2013130412019,1,9,0,18,0,0,0,0,0,0,3,1,2,1,5,1360,1,11,2,1
2013130412102,1,9,0,18,0,1,0,0,0,0,1,1,6,2,6,1596,1,9,8,1
2013130412102,2,9,0,4,0,1,0,0,0,0,2,1,6,1,7,2000,2,2,4,1
2013130412127,1,9,0,9,0,5,0,0,0,0,3,1,1,1,8,1896,2,8,1,1
2013130412127,2,1,0,18,0,8,0,0,0,0,1,1,6,1,3,-1,-1,-1,1,1
2013130412307,1,9,0,18,0,6,0,0,0,0,3,1,6,2,7,998,1,7,5,1
2013130412307,2,9,0,18,0,1,0,0,0,0,1,1,6,1,7,1596,1,8,7,2
2013130412967,1,9,0,3,0,0,0,0,0,0,2,1,6,1,8,1997,2,2,8,1
2013130412967,2,9,0,18,0,0,0,0,0,0,1,1,6,1,5,2157,1,14,2,1
2013130413107,1,9,0,6,0,0,0,0,0,0,3,1,1,1,8,1998,2,6,1,1
2013130413711,1,1,0,18,0,0,0,0,0,0,3,1,6,1,3,-1,-1,-1,4,1
2013130413711,2,9,0,1,0,0,0,0,0,0,2,1,6,2,7,1973,1,12,4,1
2013130413807,1,9,0,5,0,1,0,0,0,0,3,1,6,2,8,1870,2,3,7,1
2013130413807,2,1,0,18,0,1,0,0,0,0,1,1,6,2,8,-1,-1,-1,9,1
2013130413846,1,1,0,18,0,1,0,0,0,0,1,1,6,1,7,-1,-1,-1,1,1
2013130413846,2,9,0,18,0,1,0,0,0,0,2,1,6,1,6,1686,2,7,5,1
2013130414113,1,9,0,9,0,5,0,0,0,0,3,1,1,1,6,1598,1,7,2,1
2013130414251,1,11,0,5,0,0,0,0,0,0,0,1,1,1,8,7300,2,5,10,1
2013130414526,1,9,0,7,0,8,0,0,0,0,1,1,6,1,-1,-1,-1,-1,-1,-1
2013130414526,2,1,0,18,0,1,0,0,0,0,1,1,6,1,4,-1,-1,-1,7,1
2013130414644,1,9,0,9,0,6,0,0,0,0,3,1,6,2,6,1298,1,12,6,1
2013130414644,2,9,0,18,0,8,0,0,0,0,1,1,2,2,5,1390,1,3,6,1
2013130414872,1,9,0,18,0,6,0,0,0,0,1,1,6,3,-1,999,1,1,-1,-1
2013130414872,2,11,0,18,0,1,0,0,0,0,4,1,1,2,6,9360,2,4,5,1
2013130415314,1,9,0,18,0,8,0,0,0,0,1,1,6,1,7,1995,1,10,1,1
2013130415314,2,9,0,18,0,8,0,0,0,0,1,1,6,1,9,-1,-1,-1,1,1
2013130415345,1,9,0,18,0,0,0,0,0,0,3,1,6,1,7,1896,2,11,1,1
2013130415345,2,9,0,18,0,0,0,0,0,0,3,1,6,1,6,3200,1,10,8,1
2013130415428,1,9,0,18,0,0,0,0,0,0,2,1,6,1,9,2143,2,2,3,1
2013130415428,2,19,0,18,0,0,0,0,0,0,1,1,6,1,5,1998,2,10,1,1
2013130415473,1,9,0,7,0,6,0,0,0,0,3,1,6,3,-1,-1,-1,-1,-1,-1
2013130415572,1,9,0,18,0,2,0,0,0,0,1,1,6,2,8,1596,1,10,6,1
2013130415662,1,1,0,18,4,0,0,0,0,0,1,1,6,1,6,-1,-1,-1,4,1
2013130415684,1,5,0,18,0,1,0,0,0,0,1,1,6,1,4,636,1,10,1,1
2013130415684,2,9,0,9,0,1,0,0,0,0,4,1,6,2,7,1360,1,9,4,1
2013130415764,1,9,0,16,0,4,0,0,0,0,1,1,6,1,9,1229,1,9,2,1
2013130415764,2,1,0,18,0,3,0,0,0,0,3,1,6,1,7,-1,-1,-1,3,1
2013130415767,1,9,0,16,0,0,0,0,8,4,1,1,6,2,5,1229,1,5,9,1
2013130415834,1,9,0,18,0,8,0,0,0,0,1,1,6,1,-1,2000,1,8,-1,-1
2013130415834,2,9,0,16,0,6,0,0,0,0,1,1,6,1,8,1598,1,4,4,1
2013130416062,1,9,0,18,0,0,0,0,0,0,1,1,6,1,7,2902,2,10,9,1
2013130416074,1,9,0,18,0,8,0,0,0,0,1,1,6,2,5,1199,1,10,-1,-1
2013130416074,2,9,0,18,0,8,0,0,0,0,2,1,6,1,7,1598,1,12,1,1
2013130416074,3,9,0,18,0,8,0,0,0,0,1,1,6,1,7,1910,2,7,7,1
2013130416466,1,9,0,18,0,0,0,0,0,0,1,1,6,3,-1,-1,-1,-1,-1,-1
2013130416551,1,1,0,18,0,0,0,0,0,0,1,1,6,1,8,-1,-1,-1,1,1
2013130416961,1,9,0,18,0,7,0,0,0,0,4,1,1,1,7,1896,2,5,4,1
2013130416993,1,9,0,18,0,0,0,0,0,0,1,1,6,1,8,1461,2,1,1,1
2013130416993,2,9,0,3,0,0,0,0,0,0,2,1,6,1,5,1390,1,-1,4,1
2013130417021,1,9,0,9,0,8,0,0,0,0,1,1,6,1,7,1560,2,-1,3,1
2013130417108,1,9,0,18,0,0,0,0,0,0,1,1,6,1,9,1364,1,5,3,1
2013130417257,1,9,0,1,0,6,0,0,0,0,2,1,6,2,7,1995,2,5,8,3
2013130417257,2,19,0,18,0,1,0,0,0,0,4,1,6,1,7,2402,2,8,2,1
2013130417291,1,3,0,18,0,0,0,12,0,0,1,1,6,1,4,124,1,4,6,1
2013130417479,1,9,0,17,0,0,0,0,1,0,1,1,6,2,6,-1,-1,-1,8,1
2013130417510,1,1,0,18,0,1,0,0,0,0,1,1,6,1,6,-1,-1,-1,9,1
2013130417510,2,9,0,9,0,1,0,0,0,0,4,1,6,1,-1,1968,2,3,-1,-1
2013130417590,1,9,0,9,0,6,0,0,0,0,3,1,3,1,7,1390,1,11,1,1
2013130417590,2,3,0,14,0,8,0,0,0,0,1,1,6,1,4,124,1,2,4,1
2013130418071,1,20,0,9,0,0,0,0,0,0,4,1,6,1,7,-1,-1,-1,8,1
2013130418071,2,9,0,3,0,0,0,0,0,0,0,1,6,1,8,-1,-1,-1,10,1
2013130418071,3,1,0,18,0,0,0,0,0,0,1,1,6,1,4,-1,-1,-1,8,1
2013130418088,1,9,0,4,0,0,0,0,0,0,2,1,6,1,7,1995,2,2,-1,-1
2013130418088,2,9,0,4,0,0,0,0,0,0,1,1,6,2,6,2143,2,-1,8,3
2013130418088,3,9,0,4,0,0,0,0,0,0,1,1,6,2,7,1968,2,1,7,1
2013130418088,4,19,0,12,0,0,0,0,0,0,1,1,6,1,7,2198,2,2,9,1
2013130418133,1,19,0,18,0,1,0,0,0,0,4,1,1,1,7,2287,2,-1,8,1
2013130418405,1,9,0,18,0,1,0,0,0,0,2,1,6,1,7,-1,-1,-1,1,1
2013130418405,2,9,0,18,0,1,0,0,0,0,1,1,6,1,6,2993,2,9,3,1
2013130418544,1,9,0,12,0,0,0,0,0,0,3,1,6,2,7,1242,1,1,1,1
2013130418789,1,9,0,18,0,0,0,0,0,0,4,1,6,1,8,1998,2,-1,9,1
2013130419071,1,5,0,17,0,3,0,0,0,0,1,1,6,1,7,499,1,13,8,1
2013130419071,2,10,0,16,0,3,0,0,0,0,3,1,6,1,5,-1,-1,-1,1,1
2013130419204,1,9,0,18,0,0,0,11,0,0,1,1,2,1,7,1242,1,12,6,1
2013130419526,1,9,0,18,0,1,0,0,0,0,1,1,6,2,9,1995,1,4,7,1
2013130419526,2,9,0,18,0,1,0,0,0,0,2,1,6,2,6,1995,2,2,8,1
2013130419579,1,9,0,18,0,0,5,0,0,0,1,1,6,2,10,1596,1,10,8,1
2013130419579,2,9,0,2,0,0,0,0,0,0,2,1,6,2,7,1242,1,9,2,1
2013130419579,3,9,0,2,0,0,0,0,0,0,2,1,6,2,7,1749,1,11,1,1
2013130419601,1,9,0,18,0,8,0,0,1,0,1,1,6,1,6,998,1,11,7,1
2013130419601,2,9,0,18,0,8,0,0,0,0,0,1,6,2,6,1753,2,12,10,1
2013130419687,1,9,0,18,0,8,0,0,0,0,1,1,6,1,-1,2664,2,15,-1,-1
2013130419687,2,9,0,5,0,8,0,0,0,0,4,1,6,1,9,1995,2,9,-1,-1
2013130419694,1,9,0,18,0,0,0,0,0,0,1,1,6,1,8,1997,2,2,1,1
2013130419844,1,90,0,9,0,0,0,0,0,0,4,1,1,1,-1,-1,-1,-1,-1,-1
2013130419844,2,1,0,18,4,0,0,0,0,0,3,1,2,1,5,-1,-1,-1,4,1
2013130419924,1,9,0,9,0,5,0,0,1,0,3,1,6,1,8,1995,2,12,-1,-1
2013130419924,2,9,0,18,0,1,0,0,0,0,1,1,6,1,-1,1910,2,8,-1,-1
2013130420045,1,9,0,18,0,0,0,0,0,0,1,1,6,2,6,1596,1,7,2,1
2013130420055,1,11,0,16,0,2,0,0,0,4,1,1,1,1,8,9600,2,19,4,1
2013130420213,1,1,0,18,0,1,0,0,0,0,3,1,6,1,8,-1,-1,-1,8,1
2013130420213,2,9,0,18,0,1,0,0,0,0,4,1,6,1,7,1995,2,-1,5,1
2013130420408,1,9,0,18,0,1,0,0,0,0,1,1,6,3,-1,1896,2,12,-1,-1
2013130420408,2,9,0,2,0,1,0,0,0,0,2,1,6,1,6,1997,2,4,3,1
2013130420432,1,9,0,18,0,0,0,0,0,0,1,1,6,1,4,1242,1,14,2,1
2013130420494,1,5,0,16,0,8,0,0,0,0,1,1,6,1,6,649,1,2,5,2
2013130420494,2,9,0,7,0,5,0,0,0,0,2,1,6,2,7,1389,1,12,3,1
2013130420531,1,9,0,18,0,1,0,0,0,0,2,1,6,1,-1,1248,2,4,-1,-1
2013130420531,2,9,0,18,0,1,0,0,0,0,1,1,6,1,9,1968,2,6,1,1
2013130420605,1,9,0,18,0,0,0,0,1,10,1,1,6,1,5,1589,1,17,6,3
2013130421073,1,4,0,18,0,0,0,0,0,0,4,1,6,2,5,124,1,1,5,1
2013130421549,1,11,0,4,0,0,0,0,0,0,4,1,1,2,6,7300,2,5,2,1
2013130421585,1,9,0,3,0,0,0,0,0,0,2,1,6,1,9,1896,2,9,1,1
2013130421585,2,9,0,18,0,0,0,0,0,0,2,1,6,3,-1,1598,1,8,-1,-1
2013130421667,1,9,0,18,0,0,0,10,7,10,1,1,6,1,5,1598,2,-1,9,1
2013130421756,1,3,0,18,0,0,0,0,0,0,0,1,1,1,5,49,1,5,4,1
2013130421771,1,3,0,18,0,0,0,0,0,0,3,1,6,1,4,124,1,5,1,2
2013130422306,1,3,0,16,0,0,2,0,0,0,4,1,6,1,4,124,1,2,2,1
2013130422306,2,9,0,17,0,0,0,0,0,0,3,1,6,1,7,1242,1,10,1,1
2013130422358,1,9,0,13,0,0,0,0,0,0,1,1,6,1,5,1990,1,22,2,1
2013130422358,2,9,0,17,0,0,0,0,1,0,1,1,6,2,7,998,1,3,8,2
2013130422542,1,9,0,13,0,0,1,10,2,10,1,1,6,1,10,1299,1,8,10,1
2013130422622,1,5,0,18,0,8,0,0,0,0,1,1,6,1,9,1261,1,7,9,2
2013130422622,2,9,0,18,0,6,0,0,0,0,3,1,6,2,7,1598,2,1,7,1
2013130422639,1,8,0,6,0,0,0,0,0,0,0,1,6,1,7,1995,2,9,2,1
2013130422640,1,90,0,15,0,1,1,0,0,0,1,1,1,2,6,-1,-1,-1,-1,-1
2013130422640,2,8,0,9,0,1,0,0,0,0,2,1,6,1,8,1896,2,6,3,1
2013130422950,1,2,0,9,0,1,0,0,0,0,4,1,6,1,5,49,1,5,1,1
2013130422950,2,9,0,18,0,1,0,0,0,0,1,1,6,2,5,1149,1,13,2,1
2013130423024,1,9,0,18,0,8,0,0,0,0,1,1,6,1,4,998,1,5,9,1
2013130423024,2,9,0,18,0,8,0,0,0,0,1,1,6,1,5,1999,1,12,3,1
2013130423024,3,9,0,18,0,8,0,0,0,0,3,1,6,1,6,2967,2,5,5,1
2013130423035,1,9,0,9,0,1,0,0,0,0,3,1,6,1,9,-1,-1,-1,4,1
2013130423035,2,3,0,18,0,1,0,0,0,0,1,1,6,1,4,124,1,8,-1,-1
2013130423720,1,90,0,18,0,0,0,0,0,0,0,1,1,1,-1,2461,2,4,-1,-1
2013130423861,1,9,0,18,0,0,0,0,0,0,1,1,6,1,8,1910,2,6,9,3
2013130423861,2,9,0,10,0,0,0,0,0,0,2,1,6,2,6,1598,1,6,4,1
2013130423861,3,9,0,18,0,0,0,0,0,0,3,1,6,2,7,1596,1,11,3,1
2013130423876,1,9,0,4,0,1,0,0,0,0,1,1,6,3,-1,-1,-1,-1,-1,-1
2013130423876,2,9,0,3,0,1,0,0,0,0,2,1,6,2,10,1248,1,1,7,1
2013130424246,1,11,0,5,0,0,0,0,0,0,0,1,1,1,7,9360,2,1,1,1
2013130424295,1,9,0,9,0,5,1,0,0,0,1,1,1,1,4,1997,2,13,6,1
2013130424295,2,9,0,18,0,1,1,0,0,0,1,1,1,2,7,1984,1,8,2,1
2013130424378,1,9,0,18,0,0,0,0,0,2,1,1,6,2,7,1598,1,4,9,1
2013130424387,1,9,0,18,0,0,0,0,0,0,1,1,6,3,-1,1896,2,11,-1,-1
2013130424419,1,9,0,18,0,2,0,0,0,0,1,1,1,2,8,1560,2,1,1,1
2013130424419,2,9,0,18,0,2,0,0,0,0,2,1,1,1,7,1986,2,8,6,1
2013130424957,1,9,0,5,0,2,0,0,0,0,4,1,6,1,7,1560,2,2,7,1
2013130424957,2,9,0,18,0,2,0,0,1,2,3,1,6,2,8,1997,1,6,3,1
2013130425025,1,3,0,18,0,1,0,0,0,0,1,1,6,1,6,599,1,13,4,1
2013130425025,2,9,0,18,0,1,0,0,0,0,2,1,6,3,-1,-1,-1,-1,-1,-1
2013130425064,1,9,0,18,0,6,0,0,0,0,1,1,6,2,6,1560,2,1,5,1
2013130425064,2,9,0,18,0,1,0,0,0,0,3,1,6,2,7,1968,2,8,4,1
2013130425080,1,11,0,18,2,0,0,0,0,0,0,1,1,1,9,9360,2,4,1,1
2013130425111,1,1,0,18,0,1,0,0,0,0,1,1,6,1,8,-1,-1,-1,10,1
2013130425111,2,19,0,4,0,1,0,0,0,0,2,1,6,1,7,2461,2,12,6,3
2013130425133,1,9,0,9,0,8,0,0,0,0,1,1,6,2,7,1497,1,10,1,1
2013130425133,2,9,0,18,0,8,0,0,0,0,3,1,6,1,6,1986,2,7,3,1
2013130425144,1,9,0,18,0,0,0,0,0,0,2,1,6,3,-1,-1,-1,-1,-1,-1
2013130425144,2,1,0,18,0,0,0,0,0,0,1,1,6,1,6,-1,-1,-1,7,1
2013130425402,1,19,0,18,0,8,0,0,0,0,1,1,6,3,-1,-1,-1,-1,-1,-1
2013130425550,1,9,0,11,0,0,0,0,0,0,4,1,6,1,5,1896,2,5,1,1
2013130425583,1,9,0,18,0,0,0,0,0,0,1,1,6,3,-1,998,1,6,-1,-1
2013130425601,1,9,0,5,0,6,0,0,0,0,3,1,6,2,9,1896,2,7,7,2
2013130425601,2,9,0,18,0,1,0,0,0,0,1,1,6,2,5,1596,1,13,3,1
2013130425761,1,21,1,18,0,1,0,0,0,0,1,1,1,1,8,12130,2,8,3,1