Accident_Index,Vehicle_Reference,Vehicle_Type,Towing_and_Articulation,Vehicle_Manoeuvre,Vehicle_Location-Restricted_Lane,Junction_Location,Skidding_and_Overturning,Hit_Object_in_Carriageway,Vehicle_Leaving_Carriageway,Hit_Object_off_Carriageway,1st_Point_of_Impact,Was_Vehicle_Left_Hand_Drive?,Journey_Purpose_of_Driver,Sex_of_Driver,Age_Band_of_Driver,Engine_Capacity_(CC),Propulsion_Code,Age_of_Vehicle,Driver_IMD_Decile,Driver_Home_Area_Type
2013130425761,2,9,0,3,0,1,0,0,0,0,2,1,1,1,8,5439,1,11,7,3
2013130425761,3,21,1,3,0,1,0,0,0,0,2,1,1,1,6,11946,2,4,8,2
2013130425919,1,9,0,9,0,1,0,0,0,0,3,1,6,2,5,1399,2,4,3,1
2013130425919,2,9,0,13,0,1,0,0,0,0,1,1,6,3,-1,1299,1,9,-1,-1
2013130425921,1,9,0,18,0,1,0,0,0,0,4,1,6,1,6,1388,1,10,3,1
2013130426387,1,9,0,2,0,0,0,0,0,0,3,1,6,2,7,1598,1,12,4,1
2013130426387,2,9,0,18,0,0,0,0,0,0,4,1,6,1,-1,-1,-1,-1,-1,-1
2013130426722,1,9,0,18,0,0,0,0,0,0,1,1,6,1,6,1598,2,-1,1,1
2013130426743,1,9,0,18,0,0,0,0,0,0,1,1,6,2,6,998,1,8,2,1
2013130426743,2,9,0,4,0,0,0,0,0,0,2,1,6,1,7,1587,1,7,-1,-1
2013130426743,3,9,0,4,0,0,0,0,0,0,2,1,6,1,8,2993,2,7,8,1
2013130427018,1,9,0,18,0,0,0,0,0,0,4,1,6,2,7,1197,1,-1,1,1
2013130427119,1,9,0,9,0,1,0,0,0,0,1,1,6,1,6,998,1,14,2,1
2013130427119,2,9,0,18,0,1,0,0,0,0,3,1,6,2,7,1560,2,1,4,1
2013130427157,1,3,0,14,0,0,0,10,7,10,1,1,6,1,4,124,1,3,4,1
2013130427157,2,19,0,5,0,0,0,0,0,0,3,1,6,3,-1,2488,2,3,-1,-1
2013130427203,1,9,0,18,0,8,0,0,0,0,3,1,6,1,4,1248,2,9,7,1
2013130427203,2,9,0,18,0,8,0,0,0,0,1,1,6,1,5,1149,1,10,6,3
2013130427882,1,9,0,18,0,1,0,0,0,0,1,1,6,1,6,1396,1,13,1,1
2013130427882,2,9,0,4,0,1,0,0,0,0,2,1,6,2,6,1968,2,7,1,1
2013130427984,1,9,0,18,0,0,1,0,0,0,1,1,2,2,5,1587,1,8,3,1
2013130427984,2,9,0,3,0,0,0,0,0,0,2,1,2,2,6,1598,1,8,7,2
2013130428007,1,9,0,18,0,0,0,0,0,0,1,1,6,1,8,1798,1,2,7,3
2013130428007,2,9,0,4,0,0,0,0,0,0,2,1,1,2,4,998,1,9,3,3
2013130428028,1,9,0,18,0,8,0,0,0,0,1,1,6,1,-1,-1,-1,-1,-1,-1
2013130428111,1,9,0,18,0,1,0,0,0,0,1,1,6,1,-1,1988,1,13,-1,-1
2013130428111,2,9,0,3,0,1,0,0,0,0,2,1,3,2,7,1339,1,10,3,1
2013130428290,1,9,0,18,0,0,0,0,0,0,1,1,1,2,9,1998,2,3,9,1
2013130428290,2,19,0,18,0,0,0,0,0,0,2,1,1,1,5,2198,2,-1,1,1
2013130428290,3,9,0,18,0,0,0,0,0,0,2,1,1,2,7,1896,2,6,7,3
2013130428320,1,9,0,18,0,0,0,0,2,2,4,1,6,1,9,1796,1,11,4,1
2013130428688,1,9,0,18,0,0,0,0,0,0,1,1,6,1,7,1596,1,12,1,1
2013130428688,2,1,0,18,0,0,0,0,0,0,2,1,6,1,2,-1,-1,-1,-1,-1
2013130428747,1,9,0,5,0,8,0,0,0,0,1,1,6,1,5,1198,1,7,10,2
2013130428747,2,19,0,18,0,1,0,0,0,0,1,1,6,1,8,2402,2,7,1,1
2013130428787,1,9,0,9,0,5,0,0,0,0,4,1,6,1,10,-1,-1,-1,7,1
2013130428787,2,3,0,18,0,1,0,0,0,0,1,1,6,1,6,124,1,3,8,1
2013130428830,1,9,0,18,0,0,0,0,0,0,1,1,6,1,5,1796,1,11,2,1
2013130428830,2,9,0,4,0,0,0,0,0,0,2,1,6,1,8,999,1,-1,6,1
2013130428830,3,9,0,4,0,0,0,0,0,0,2,1,6,1,8,1242,1,3,6,1
2013130429097,1,3,0,16,0,0,0,0,0,10,1,1,6,1,5,125,1,6,2,1
2013130429210,1,9,0,9,0,5,0,0,0,0,4,1,6,1,8,1998,2,7,3,1
2013130429210,2,1,0,18,0,8,0,0,0,0,1,1,6,2,5,-1,-1,-1,7,1
2013130429331,1,9,0,1,0,0,0,0,0,0,2,1,6,2,-1,1896,2,9,-1,-1
2013130429727,1,9,0,7,0,5,0,0,0,0,1,1,6,1,9,1870,2,11,2,1
2013130429798,1,9,0,7,0,0,0,0,0,0,4,1,6,1,-1,-1,-1,-1,-1,-1
2013130429846,1,9,0,18,0,0,0,0,0,0,1,1,6,2,5,998,1,2,4,1
2013130429846,2,9,0,2,0,0,0,0,0,0,2,1,6,1,-1,-1,-1,-1,5,1
2013130430205,1,9,0,18,0,0,0,0,0,0,1,1,6,1,10,1794,1,10,5,1
2013130430217,1,2,0,14,0,0,0,0,0,0,4,1,6,2,4,124,1,1,-1,-1
2013130430217,2,9,0,2,0,0,0,0,0,0,4,1,6,1,7,973,1,10,5,1
2013130430392,1,9,0,18,0,6,0,0,0,0,4,1,2,1,9,1390,1,3,8,1
2013130430392,2,9,0,18,0,8,0,0,0,0,1,1,2,1,6,1364,1,8,2,1
2013130430404,1,9,0,18,0,1,0,0,3,10,1,1,6,2,6,2143,2,3,-1,-1
2013130430699,1,9,0,9,0,1,0,0,0,0,4,1,6,2,6,1596,1,11,1,1
2013130430699,2,9,0,18,0,1,1,0,0,0,1,1,6,1,5,1560,2,8,1,1
2013130430722,1,19,0,18,0,0,0,0,0,0,4,1,1,1,6,2287,2,1,7,1
2013130430722,2,1,0,18,0,0,0,0,1,0,2,1,6,1,6,-1,-1,-1,4,1
2013130430741,1,9,0,7,0,5,0,0,0,0,4,1,1,1,8,996,1,-1,10,1
2013130430746,1,2,0,18,0,0,0,0,0,0,1,1,2,1,4,49,1,9,2,1
2013130430746,2,19,0,4,0,0,0,0,0,0,2,1,2,1,8,1598,2,2,1,1
2013130431197,1,9,0,4,0,1,0,0,0,0,1,1,6,1,9,1896,2,10,10,1
2013130431197,2,9,0,4,0,1,0,0,0,0,2,1,6,1,9,1999,1,4,9,3
2013130431243,1,8,0,18,0,0,0,0,0,0,1,1,6,3,-1,-1,-1,-1,-1,-1
2013130431414,1,9,0,9,0,2,0,0,0,0,0,1,6,2,-1,1149,1,10,2,1
2013130431414,2,11,0,18,0,2,0,0,0,0,0,1,1,1,9,7300,2,5,6,1
2013130431437,1,9,0,9,0,6,0,0,0,0,3,1,6,1,8,-1,-1,-1,10,1
2013130431534,1,9,0,9,0,6,0,0,0,0,3,1,6,1,8,1896,2,6,4,1
2013130431534,2,1,0,18,0,1,0,0,0,0,1,1,6,2,6,-1,-1,-1,5,1
2013130431659,1,9,0,18,0,0,5,0,0,2,2,1,6,1,4,1242,1,13,10,3
2013130431694,1,9,0,18,0,2,0,0,0,0,3,1,6,3,-1,-1,-1,-1,-1,-1
2013130431694,2,1,0,18,0,2,0,0,0,0,1,1,6,1,3,-1,-1,-1,1,1
2013130431827,1,9,0,17,8,6,1,0,2,7,1,1,6,1,6,1910,2,8,2,1
2013130431955,1,9,0,16,0,0,0,0,0,0,3,1,6,3,-1,1997,2,-1,-1,-1
2013130431955,2,9,0,18,0,0,0,0,0,0,3,1,6,1,9,2993,2,3,-1,-1
2013130431955,3,9,0,2,0,0,0,0,0,0,3,1,6,1,8,1896,2,14,-1,-1
2013130431955,4,9,0,2,0,0,0,0,0,0,3,1,6,1,6,1686,2,11,1,1
2013130431976,1,8,0,6,0,0,0,0,0,0,0,1,1,1,7,1998,2,3,2,1
2013130431982,1,8,0,18,0,2,0,0,0,0,1,1,1,1,7,1995,2,6,1,1
2013130432006,1,9,0,14,0,1,0,0,0,0,4,1,6,3,-1,1910,2,9,-1,-1
2013130432006,2,9,0,2,0,2,0,0,0,0,0,1,1,1,8,1968,2,1,-1,-1
2013130432053,1,5,0,17,0,0,1,0,1,10,4,1,6,1,6,599,1,1,6,2
2013130432250,1,5,0,4,0,1,1,0,0,0,0,1,6,2,8,883,1,5,10,1
2013130432250,2,5,0,4,0,1,1,0,0,0,0,1,6,1,7,883,1,4,10,1
2013130432346,1,9,0,16,0,0,0,0,0,0,3,1,6,1,5,1461,2,5,1,1
2013130432346,2,9,0,16,0,0,0,0,0,0,4,1,6,2,6,1598,1,-1,6,1
2013130432415,1,9,0,18,0,0,1,0,1,0,1,1,6,1,9,998,1,10,3,1
2013130432470,1,9,0,18,0,8,0,0,1,0,3,1,1,1,6,1600,1,2,1,1
2013130432470,2,9,0,18,0,8,0,0,0,0,1,1,6,1,7,2148,2,11,5,1
2013130432851,1,9,0,18,0,2,0,0,0,0,3,1,6,3,-1,-1,-1,-1,-1,-1
2013130432976,1,9,0,18,0,1,0,0,0,0,3,1,6,3,-1,-1,-1,-1,-1,-1
2013130433298,1,9,0,18,0,1,0,0,0,0,1,1,6,1,6,1364,1,4,1,1
2013130433298,2,9,0,9,0,5,0,0,0,0,3,1,6,1,6,1686,2,8,4,1
2013130433298,3,9,0,2,0,1,0,0,0,0,2,1,6,3,-1,1598,1,11,-1,-1
2013130433536,1,19,0,18,0,1,0,0,0,0,1,1,6,3,-1,1598,2,2,-1,-1
2013130433536,2,9,0,7,0,5,0,0,0,0,2,1,2,1,6,1360,1,10,2,1
2013130433593,1,9,0,10,0,1,0,0,0,0,1,1,6,2,6,1397,1,10,1,1
2013130433593,2,9,0,18,0,1,0,0,0,0,0,1,6,1,6,1769,1,9,1,1
2013130433596,1,9,0,9,0,1,0,0,0,0,3,1,6,1,6,1984,7,6,3,1
2013130433718,1,9,0,9,0,0,0,0,0,0,3,1,6,2,5,1360,1,6,9,1
2013130433718,2,4,0,18,0,0,0,0,0,0,0,1,6,1,8,929,1,12,3,1
2013130433881,1,9,0,18,0,0,0,4,0,0,1,1,6,2,11,1390,1,12,9,2
2013130433881,2,9,0,2,0,0,0,0,0,0,1,1,6,2,5,973,1,13,6,2
2013130433931,1,3,0,18,0,8,0,0,0,0,1,1,6,1,5,124,1,12,1,1
2013130433960,1,9,0,4,0,1,0,0,0,0,0,1,6,1,6,-1,-1,-1,6,1
2013130433960,2,19,0,18,0,1,0,0,0,0,2,1,6,1,-1,2198,2,2,-1,-1
2013130434126,1,9,0,18,0,2,0,0,0,0,1,1,3,2,5,1596,1,11,8,1
2013130434126,2,9,0,4,0,2,0,0,0,0,2,1,6,2,8,-1,-1,-1,4,1
2013130434126,3,9,0,4,0,2,0,0,0,0,2,1,3,2,6,1598,2,1,1,1
2013130434259,1,9,0,18,0,0,0,0,0,0,2,1,6,1,7,1560,2,-1,-1,-1
2013130434259,2,9,0,18,0,0,0,0,0,0,1,1,1,1,8,1598,2,-1,-1,-1
2013130434289,1,9,0,18,0,1,0,0,0,0,1,1,6,1,7,1998,2,10,1,1
2013130434289,2,9,0,9,0,1,0,0,0,0,1,1,6,1,11,1686,2,1,2,1
2013130434289,3,9,0,2,0,1,0,0,0,0,1,1,6,1,-1,1598,1,11,-1,-1
2013130434314,1,21,0,12,0,0,0,0,0,0,1,1,1,1,7,-1,-1,-1,-1,-1
2013130434314,2,9,0,18,0,0,1,0,2,7,4,1,6,1,7,1998,1,15,2,1
2013130434360,1,9,0,5,0,0,0,0,0,0,4,1,6,2,6,1229,1,5,9,1
2013130434360,2,9,0,18,0,0,0,0,0,0,3,1,6,2,4,998,1,-1,1,1
2013130434383,1,2,0,18,0,0,1,0,0,0,1,1,4,1,4,49,1,3,4,1
2013130434383,2,19,0,4,0,0,0,0,0,0,2,1,1,1,7,1686,2,3,4,1
2013130434393,1,19,0,7,0,5,0,0,0,0,4,1,6,1,8,2402,2,3,3,1
2013130434393,2,1,0,18,0,1,0,0,0,0,1,1,6,1,8,-1,-1,-1,6,3
2013130434424,1,9,0,12,0,0,0,0,0,0,4,1,6,1,10,1596,1,1,8,1
2013130434424,2,9,0,17,0,0,0,0,0,0,4,1,6,2,7,1896,2,7,7,1
2013130434429,1,9,0,9,0,8,0,0,0,0,1,1,6,2,9,1149,1,9,4,1
2013130434429,2,9,0,18,0,8,0,0,0,0,1,1,6,2,8,1398,1,10,1,1
2013130434723,1,9,0,18,0,2,0,0,0,0,1,1,6,1,8,2494,2,49,7,1
2013130434727,1,11,0,18,0,0,0,0,0,0,0,1,1,1,7,9360,2,1,1,1
2013130434799,1,9,0,18,0,0,0,0,0,9,1,1,2,2,6,1149,1,2,6,1
2013130435056,1,9,0,18,0,1,0,0,0,0,3,1,3,1,7,1796,1,6,1,1
2013130435056,2,3,0,18,0,1,0,0,0,0,4,1,4,1,4,124,1,2,7,1
2013130435257,1,9,0,18,0,0,0,0,0,0,3,1,6,1,6,1988,1,10,2,1
2013130435257,2,21,0,11,0,0,0,0,0,0,4,1,1,1,-1,-1,-1,-1,-1,-1
2013130435258,1,9,0,5,0,4,0,0,0,0,4,1,2,1,5,1968,2,3,3,1
2013130435258,2,2,0,18,0,3,0,0,0,0,3,1,2,2,4,49,1,4,5,1
2013130435286,1,9,0,18,0,0,0,0,0,0,1,1,6,3,-1,-1,-1,-1,-1,-1
2013130435307,1,9,0,18,0,0,0,0,0,0,4,1,6,1,7,1995,2,5,1,1
2013130435343,1,9,0,7,0,1,0,0,0,0,4,1,6,3,-1,1910,2,5,-1,-1
2013130435364,1,9,0,18,0,1,0,0,0,0,1,1,6,1,11,-1,-1,-1,8,2
2013130435364,2,9,0,10,0,1,0,0,0,0,2,1,6,1,10,1461,2,9,5,1
2013130435393,1,9,0,7,0,1,0,0,0,0,1,1,6,3,-1,-1,-1,-1,-1,-1
2013130435393,2,3,0,18,0,1,0,0,0,0,2,1,6,2,4,124,1,1,7,1
2013130435443,1,19,0,6,0,0,0,0,0,0,2,1,6,1,5,1968,2,2,7,1
2013130435443,2,21,0,18,0,0,0,0,0,0,1,1,1,1,7,10308,2,5,5,1
2013130435608,1,9,0,18,0,0,0,0,0,0,3,1,6,2,7,1560,2,-1,6,3
2013130435608,2,9,0,18,0,0,0,0,0,0,1,1,6,3,-1,1598,1,-1,-1,-1
2013130435915,1,20,0,11,0,0,0,0,0,0,1,1,6,1,8,-1,-1,-1,9,1
2013130435915,2,9,0,18,0,0,0,0,0,0,2,1,6,1,4,1199,1,9,9,2
2013130435915,3,20,0,18,0,0,0,0,0,6,1,1,6,1,8,-1,-1,-1,5,1
2013130436116,1,3,0,18,0,0,1,0,0,0,3,1,6,1,5,124,1,-1,8,1
2013130436137,1,9,0,18,0,8,1,0,2,4,1,1,6,1,5,3059,2,15,1,1
2013130436137,2,9,0,18,0,8,0,0,2,4,2,1,6,2,6,-1,-1,-1,5,2
2013130436137,3,9,0,18,0,8,0,0,0,0,1,1,1,1,7,2993,2,1,-1,-1
2013130436154,1,9,0,9,0,1,0,0,0,0,1,1,6,1,7,1497,1,9,1,1
2013130436154,2,5,0,18,0,1,0,0,0,0,1,1,6,1,7,749,1,4,4,1
2013130436267,1,9,0,12,0,7,0,0,0,0,0,1,6,3,-1,-1,-1,-1,-1,-1
2013130436267,2,9,0,18,0,1,0,0,0,0,2,1,2,1,7,998,1,1,1,1
2013130436267,3,9,0,18,0,1,0,0,0,0,1,1,2,1,6,1596,1,12,1,1
2013130436396,1,9,0,18,0,1,0,0,0,0,3,1,6,2,7,1490,1,4,10,2
2013130436968,1,19,0,18,0,0,0,0,0,0,4,1,6,2,-1,2151,2,10,-1,-1
2013130437237,1,1,0,7,0,0,0,0,0,0,4,1,6,1,6,-1,-1,-1,10,1
2013130437237,2,9,0,7,0,0,0,0,0,0,4,1,6,3,-1,-1,-1,-1,-1,-1
2013130437312,1,9,0,9,0,8,0,0,0,0,1,1,6,2,7,1896,2,10,4,1
2013130437312,2,9,0,18,0,1,1,0,0,0,1,1,6,2,8,1360,1,15,8,1
2013130437362,1,1,0,18,0,0,0,0,0,0,2,1,6,1,5,-1,-1,-1,-1,-1
2013130437362,2,8,0,18,0,0,0,0,0,0,1,1,1,3,-1,-1,-1,-1,-1,-1
2013130437370,1,9,0,18,0,0,0,0,7,2,1,1,6,1,11,1339,1,7,9,1
2013130437498,1,9,0,18,0,1,1,0,0,0,1,1,6,1,5,1242,1,11,7,3
2013130437498,2,9,0,18,0,8,0,0,0,0,1,1,6,2,6,1240,1,5,8,1
2013130437528,1,9,0,18,0,0,0,0,0,0,1,1,6,1,9,-1,-1,-1,4,1
2013130437765,1,9,0,4,0,0,0,0,0,0,2,1,6,1,9,1905,2,15,1,1
2013130437765,2,9,0,18,0,0,0,0,0,0,1,1,6,2,6,1596,1,1,4,1
2013130437774,1,9,0,9,0,1,0,0,0,0,4,1,6,1,6,1598,1,8,6,1
2013130437774,2,1,0,18,0,1,0,0,0,0,1,1,6,1,6,-1,-1,-1,2,1
2013130437977,1,9,0,18,0,0,0,0,0,0,3,1,6,2,-1,-1,-1,-1,-1,-1
2013130438150,1,1,0,18,0,0,0,0,0,0,3,1,6,1,5,-1,-1,-1,2,1
2013130438150,2,9,0,18,0,0,0,0,0,0,4,1,6,1,-1,1686,2,6,-1,-1
2013130438173,1,3,0,18,0,0,1,0,0,0,3,1,6,1,6,124,1,8,1,1
2013130438195,1,19,0,18,0,0,0,0,0,0,1,1,1,1,5,2198,2,5,4,1
2013130438195,2,9,0,4,0,0,0,0,0,0,2,1,6,2,5,996,1,4,3,1
2013130438231,1,11,0,2,0,0,0,0,0,0,0,1,1,1,8,7300,2,9,3,1
2013130438280,1,4,0,18,0,0,0,0,0,0,1,1,6,1,5,124,1,5,-1,-1
2013130438280,2,9,0,6,0,0,0,0,0,0,3,1,6,1,6,998,1,7,2,1
2013130438344,1,9,0,6,0,0,0,0,0,0,2,1,6,1,7,1396,1,9,1,1
2013130438344,2,9,0,18,0,0,0,0,0,0,1,1,6,1,7,2148,2,4,2,1
2013130438344,3,9,0,18,0,0,0,0,0,0,1,1,6,2,6,-1,-1,-1,3,1
2013130438398,1,9,0,18,0,0,0,0,0,0,1,1,6,1,7,-1,-1,-1,-1,-1
2013130438778,1,9,0,18,0,8,0,0,0,0,0,1,6,1,8,1796,1,6,8,1
2013130438817,1,9,0,18,0,2,0,0,0,0,0,1,6,1,7,1595,1,3,9,1
2013130438912,1,19,0,5,0,6,0,0,0,0,3,1,6,2,7,-1,-1,-1,4,1
2013130438912,2,9,0,18,0,1,0,0,0,0,1,1,6,2,6,1600,1,13,-1,-1
2013130438962,1,9,0,18,0,0,0,0,0,0,4,1,6,2,7,1149,1,11,1,1
2013130439077,1,9,0,9,0,6,0,0,0,0,1,1,6,2,6,1896,2,11,5,1
2013130439077,2,9,0,18,0,8,0,0,0,0,1,1,6,2,6,1796,1,8,3,1
2013130439093,1,9,0,16,0,1,0,0,0,0,1,1,6,1,9,1242,1,14,6,1
2013130439093,2,9,0,10,0,1,0,0,0,0,2,1,6,2,5,1560,2,2,8,1
2013130439101,1,9,0,5,0,0,0,0,0,0,1,1,6,1,9,-1,-1,-1,1,1
2013130439438,1,19,0,9,0,6,0,0,0,0,3,1,2,2,7,1461,2,2,4,1
2013130439438,2,3,0,18,0,8,0,0,0,0,1,1,2,1,4,124,1,6,3,1
2013130439530,1,9,0,18,0,4,0,0,0,0,1,1,6,1,6,1390,1,4,5,1
2013130439530,2,1,0,18,0,8,0,0,0,0,4,1,6,1,9,-1,-1,-1,5,1
2013130439634,1,19,0,18,0,6,0,0,0,0,3,1,6,1,4,2496,2,18,-1,-1
2013130439634,2,9,0,18,0,1,0,0,0,0,1,1,6,1,8,1328,1,9,-1,-1
2013130439659,1,9,0,18,0,0,0,0,0,0,1,1,6,1,6,998,1,14,1,1
2013130439659,2,9,0,18,0,0,0,0,0,0,0,1,1,1,-1,2993,2,1,6,1
2013130439659,3,9,0,18,0,0,0,0,0,0,0,1,1,1,-1,2400,2,3,6,1
2013130439659,4,19,0,16,0,0,0,0,0,0,1,1,1,1,9,2998,2,-1,1,1
2013130439753,1,9,0,18,0,0,0,0,0,0,3,1,6,1,6,1968,2,5,7,1
2013130439753,2,9,0,5,0,0,0,0,0,0,4,1,6,1,-1,1686,2,11,1,1
2013130439842,1,9,0,9,0,1,0,0,0,0,1,1,6,1,6,1598,2,1,1,1
2013130440030,1,9,0,9,0,6,0,0,0,0,3,1,6,1,8,1968,2,6,9,1
2013130440030,2,9,0,18,0,1,0,0,0,0,1,1,6,2,8,796,1,6,3,1
2013130440067,1,9,0,18,0,6,0,0,0,0,3,1,6,1,8,1900,2,13,1,1
2013130440067,2,9,0,18,0,1,0,0,0,0,1,1,6,2,6,1753,2,10,2,1
2013130440128,1,19,0,16,0,0,5,0,7,10,1,1,6,1,4,1686,2,7,8,3
2013130440176,1,9,0,18,0,2,0,0,0,0,3,1,6,3,-1,-1,-1,-1,-1,-1
2013130440214,1,9,0,18,0,1,0,0,0,0,1,1,2,2,6,1686,2,8,8,1
2013130440627,1,9,0,18,0,0,0,0,0,0,1,1,6,1,9,2987,2,7,10,2
2013130440645,1,9,0,10,0,1,0,0,0,0,3,1,1,2,6,1398,1,1,2,1
2013130440645,2,1,0,18,0,1,0,0,0,0,1,1,6,1,6,-1,-1,-1,-1,-1
2013130440790,1,9,0,9,0,2,0,0,0,0,1,1,6,2,10,1388,1,9,2,1
2013130441294,1,9,0,9,0,1,0,0,0,0,4,1,6,1,7,1242,1,8,4,1
2013130441294,2,1,0,18,0,1,0,0,0,0,1,1,6,1,7,-1,-1,-1,-1,-1
2013130441456,1,9,0,9,0,6,0,0,0,0,3,1,6,1,7,1997,2,13,3,1
2013130441456,2,1,0,18,0,1,0,0,0,0,1,1,6,1,7,-1,-1,-1,9,1
2013130441508,1,9,0,5,0,6,0,0,0,0,1,1,6,1,11,1596,1,8,4,1
2013130441508,2,1,0,18,0,1,0,0,0,0,4,1,6,1,4,-1,-1,-1,6,1
2013130441522,1,9,0,18,0,1,0,0,0,0,1,1,6,2,8,1422,2,9,1,1
2013130441522,2,9,0,4,0,1,0,0,0,0,2,1,6,2,5,1229,1,6,-1,1
2013130441554,1,9,0,18,0,6,0,0,0,0,1,1,6,2,6,1598,1,-1,1,1
2013130441554,2,9,0,18,0,1,0,0,0,0,3,1,6,1,7,2204,2,7,3,1
2013130441554,3,9,0,3,0,1,0,0,0,0,1,1,6,2,7,1896,2,11,8,1
2013130441612,1,1,0,18,0,6,0,0,0,0,3,1,6,1,2,-1,-1,-1,4,1
2013130441612,2,9,0,18,0,1,0,0,0,0,1,1,6,2,6,1390,1,15,9,1
2013130441618,1,9,0,7,0,1,0,0,0,0,1,1,6,2,8,1388,1,8,10,1
2013130441618,2,1,0,18,0,6,0,0,0,0,4,1,6,1,5,-1,-1,-1,3,1
2013130441622,1,3,0,13,0,1,0,0,0,10,1,1,6,1,6,600,1,11,3,1
2013130441622,2,9,0,5,0,1,0,0,0,0,1,1,6,1,7,-1,-1,-1,7,1
2013130442033,1,9,0,18,0,1,0,0,0,0,1,1,6,1,6,1995,2,-1,1,1
2013130442033,2,9,0,3,0,1,0,0,0,0,2,1,6,1,8,998,1,13,1,1
2013130442033,3,9,0,3,0,1,0,0,0,0,2,1,6,1,7,1796,2,-1,6,1
2013130442033,4,9,0,3,0,1,0,0,0,0,2,1,6,2,7,1598,1,6,9,1
2013130442204,1,9,0,18,0,8,0,0,0,0,1,1,6,1,8,1339,1,10,1,1
2013130442311,1,9,3,13,0,0,0,0,0,0,2,1,6,3,-1,-1,-1,-1,-1,-1
2013130442311,2,1,0,18,0,0,0,0,0,0,3,1,6,1,7,-1,-1,-1,6,2
2013130442492,1,8,0,13,0,8,0,0,0,0,4,1,1,1,8,1598,1,5,4,1
2013130442492,2,8,0,9,0,5,0,0,0,0,3,1,1,1,7,1910,2,5,9,3
2013130442822,1,1,0,17,0,8,0,0,0,0,2,1,1,1,8,-1,-1,-1,3,1
2013130442822,2,8,0,17,0,8,0,0,0,0,1,1,2,1,-1,-1,-1,-1,-1,-1
2013130442881,1,9,0,9,0,6,0,0,0,0,4,1,6,2,8,998,1,-1,6,3
2013130442881,2,9,0,18,0,1,0,0,0,0,1,1,6,1,7,1896,2,5,1,1
2013130442889,1,19,0,18,0,8,1,4,1,2,3,1,6,1,-1,1968,2,-1,-1,-1
2013130442889,2,9,0,18,0,8,0,0,0,0,1,1,6,2,5,1240,1,5,3,1
2013130442889,3,9,0,2,0,2,0,0,0,0,1,1,6,1,9,1796,1,14,1,1
2013130442889,4,9,0,2,0,2,0,0,0,0,1,1,6,1,4,1999,1,5,1,1
2013130443039,1,1,0,18,0,8,0,0,0,0,3,1,6,1,3,-1,-1,-1,3,1
2013130443039,2,9,0,18,0,1,0,0,0,0,4,1,6,3,-1,-1,-1,-1,-1,-1
2013130443335,1,9,0,18,0,1,0,0,0,0,1,1,6,1,5,1686,2,5,6,1
2013130443335,2,9,0,5,0,6,0,0,0,0,3,1,6,1,7,1360,1,11,-1,-1
2013130443395,1,9,0,18,0,0,0,0,0,0,0,1,6,1,5,1242,1,6,1,1
2013130443479,1,9,0,18,0,2,0,0,2,2,1,1,6,1,6,1896,2,5,8,1
2013130443479,2,9,0,2,9,2,0,0,0,0,3,1,6,1,-1,1242,1,12,-1,-1
2013130443502,1,9,0,18,0,0,0,0,0,0,1,1,6,1,7,1995,2,9,5,1
2013130443502,2,9,0,18,0,0,0,0,0,0,2,1,6,2,8,1248,2,10,-1,-1
2013130443509,1,9,0,18,0,3,0,0,0,0,1,1,6,1,6,1986,2,6,2,1
2013130443544,1,9,0,9,0,8,0,0,0,0,4,1,6,1,6,1753,2,11,5,1
2013130443544,2,9,0,18,0,8,0,0,0,0,3,1,6,2,6,1968,2,5,3,1
2013130443602,1,9,0,17,0,8,1,0,1,2,1,1,6,1,10,3239,1,17,1,1
2013130443791,1,9,0,11,0,0,1,0,4,6,1,1,6,1,5,1598,1,7,6,1
2013130443791,2,9,0,18,0,0,0,0,0,0,2,1,1,1,-1,-1,-1,-1,1,1
2013130444118,1,9,0,9,0,5,0,0,0,0,1,1,1,2,8,1299,1,11,5,1
2013130444214,1,9,0,9,0,8,0,0,0,0,3,1,1,1,5,1229,1,-1,7,1
2013130444214,2,9,0,18,0,8,0,0,0,0,3,1,6,2,8,1364,1,5,10,1
2013130444758,1,9,0,3,0,1,0,0,0,0,1,1,6,1,6,2993,2,9,1,1
2013130444758,2,9,0,9,0,1,0,0,0,0,1,1,6,1,9,1388,1,11,-1,-1
2013130444758,3,9,0,2,0,2,0,0,0,0,0,1,6,3,-1,1799,1,7,-1,-1
2013130444758,4,9,0,2,0,2,0,0,0,0,1,1,6,3,-1,1242,1,10,-1,-1
2013130444758,5,9,0,2,0,2,0,0,0,0,0,1,6,3,-1,1242,1,7,-1,-1
2013130444859,1,9,0,1,0,5,0,0,0,0,2,1,6,2,5,1399,2,10,5,3
2013130444931,1,9,0,18,0,0,0,0,0,0,1,1,6,1,10,-1,-1,-1,6,3
2013130444971,1,11,0,4,0,2,0,0,0,0,0,1,1,1,7,9000,2,1,1,1
2013130445009,1,9,0,18,0,8,0,0,0,0,3,1,2,1,8,1999,1,10,9,1
2013130445143,1,90,0,18,0,1,0,0,0,0,0,1,1,1,8,-1,-1,-1,1,1
2013130445143,2,9,0,3,0,1,0,0,0,0,0,1,6,1,7,2497,2,14,1,1