Accident_Index,Vehicle_Reference,Vehicle_Type,Towing_and_Articulation,Vehicle_Manoeuvre,Vehicle_Location-Restricted_Lane,Junction_Location,Skidding_and_Overturning,Hit_Object_in_Carriageway,Vehicle_Leaving_Carriageway,Hit_Object_off_Carriageway,1st_Point_of_Impact,Was_Vehicle_Left_Hand_Drive?,Journey_Purpose_of_Driver,Sex_of_Driver,Age_Band_of_Driver,Engine_Capacity_(CC),Propulsion_Code,Age_of_Vehicle,Driver_IMD_Decile,Driver_Home_Area_Type
2013130472704,2,1,0,18,0,8,0,0,0,0,4,1,6,1,11,-1,-1,-1,-1,-1
2013130472899,1,9,0,9,0,6,0,0,0,0,1,1,6,2,9,1796,1,6,6,1
2013130472899,2,9,0,18,0,8,0,0,0,0,1,1,6,2,5,1796,1,6,1,1
2013130473087,1,9,0,18,0,4,0,0,0,0,0,1,6,3,-1,-1,-1,-1,-1,-1
2013130473087,2,1,0,18,0,4,0,0,0,0,0,1,1,1,4,-1,-1,-1,2,1
2013130473105,1,1,0,18,0,1,1,0,0,0,3,1,6,1,7,-1,-1,-1,5,1
2013130473105,2,9,0,18,0,6,0,0,0,0,1,1,6,2,8,1598,1,8,8,1
2013130473188,1,9,0,18,0,1,0,0,0,0,0,1,6,1,8,1968,2,4,7,1
2013130473246,1,9,0,9,0,6,0,0,0,0,1,1,6,1,6,1984,7,6,3,1
2013130473246,2,9,0,18,0,1,0,0,0,0,4,1,6,1,10,1984,1,21,7,1
2013130473578,1,9,0,17,0,0,1,0,1,2,1,1,6,1,4,1360,1,11,8,1
2013130474073,1,9,0,18,0,6,0,0,0,0,1,1,6,2,6,1598,1,8,1,1
2013130474073,2,9,0,18,0,1,0,0,0,0,4,1,6,2,6,1198,1,3,1,1
2013130474246,1,9,0,9,0,8,0,0,0,0,1,1,6,3,-1,1390,1,12,-1,-1
2013130474246,2,9,0,18,0,8,0,0,0,0,1,1,6,2,6,1199,1,12,6,1
2013130474283,1,9,0,18,0,2,0,0,0,0,1,1,2,1,7,1560,2,7,3,1
2013130474299,1,9,0,16,0,0,1,0,1,10,1,1,6,2,6,1599,1,9,4,2
2013130474379,1,8,0,2,0,0,0,0,0,0,3,1,1,1,7,1896,2,4,4,1
2013130474379,2,9,0,14,0,0,0,0,0,0,1,1,6,2,10,1796,1,11,1,1
2013130474405,1,9,0,18,0,1,0,0,0,0,1,1,6,1,6,998,1,15,-1,-1
2013130474405,2,9,0,3,0,1,0,0,0,0,2,1,6,1,8,1997,2,8,1,1
2013130474561,1,9,0,15,0,1,1,0,1,2,3,1,6,1,5,-1,-1,-1,1,1
2013130475433,1,9,0,9,0,6,0,0,0,0,1,1,1,1,5,998,1,15,1,1
2013130475433,2,9,0,18,0,8,0,0,0,0,4,1,6,1,6,1242,1,7,1,1
2013130475531,1,9,0,18,0,8,0,0,0,0,1,1,6,1,6,1339,1,11,3,1
2013130475531,2,9,0,2,0,8,0,0,0,0,4,1,6,1,7,1332,1,16,1,1
2013130475542,1,9,0,9,0,8,0,0,0,0,1,1,6,2,10,1339,1,11,5,1
2013130475542,2,1,0,18,9,1,0,0,0,0,3,1,6,2,4,-1,-1,-1,5,1
2013130475544,1,9,0,18,0,0,0,0,0,0,4,1,6,1,6,1248,2,3,3,1
2013130475739,1,9,0,1,0,1,0,0,0,0,2,1,6,3,-1,1149,1,11,-1,-1
2013130475765,1,9,0,18,0,0,0,0,0,0,1,1,6,2,9,1149,1,10,7,1
2013130475826,1,9,0,18,0,0,0,0,0,0,1,1,6,1,9,1839,1,8,-1,-1
2013130475826,2,9,0,4,0,0,0,0,0,0,2,1,6,1,8,1762,1,13,4,1
2013130475969,1,11,0,18,0,0,0,0,0,0,0,1,1,1,8,9360,2,1,2,1
2013130476065,1,9,0,7,0,4,0,0,0,0,4,1,6,2,10,998,1,4,6,1
2013130476065,2,1,0,18,0,4,0,0,0,0,1,1,6,2,5,-1,-1,-1,1,1
2013130476109,1,9,0,9,0,5,0,0,0,0,1,1,6,2,8,2793,1,14,9,1
2013130476109,2,1,0,18,0,8,0,0,0,0,3,1,6,1,5,-1,-1,-1,6,1
2013130476264,1,9,0,17,0,0,1,0,0,0,3,1,6,1,6,1596,1,10,1,1
2013130476711,1,9,0,18,0,1,0,0,0,0,1,1,6,1,7,1332,1,14,7,1
2013130476711,2,9,0,4,0,1,0,0,0,0,2,1,6,2,5,1149,1,14,7,1
2013130476780,1,9,0,18,0,1,0,0,0,0,1,1,6,1,5,1896,2,5,2,1
2013130476780,2,9,0,3,0,1,0,0,0,0,2,1,6,1,6,1598,2,-1,1,1
2013130476992,1,9,0,18,0,0,0,0,0,0,1,1,2,2,6,998,1,3,6,1
2013130476992,2,9,0,2,0,0,0,0,0,0,2,1,6,1,-1,1587,1,10,-1,-1
2013130477040,1,9,0,9,0,1,0,0,0,0,3,1,6,2,6,1896,2,9,8,1
2013130477160,1,9,0,18,0,0,0,0,0,0,1,1,6,3,-1,1595,1,9,-1,-1
2013130477240,1,9,0,9,0,1,0,0,0,0,0,1,6,1,5,998,1,8,1,1
2013130477240,2,1,0,18,0,1,0,0,0,0,4,1,6,1,8,-1,-1,-1,1,1
2013130477406,1,5,0,18,0,8,0,0,0,0,4,1,6,1,7,865,1,2,8,3
2013130477406,2,9,0,18,0,8,0,0,0,0,3,1,6,1,8,2143,2,-1,10,1
2013130477634,1,9,0,9,0,0,0,0,0,0,0,1,6,2,7,1598,1,10,8,1
2013130477634,2,9,0,18,0,0,0,0,0,0,2,1,6,1,4,-1,-1,-1,8,3
2013130477640,1,9,0,18,0,8,0,0,0,0,1,1,6,3,-1,2972,1,15,-1,-1
2013130477640,2,9,0,6,0,1,0,0,0,0,3,1,1,1,7,1896,2,5,1,1
2013130478111,1,20,0,18,0,0,0,0,0,0,1,1,6,1,6,-1,-1,-1,1,1
2013130478111,2,21,0,2,0,0,0,0,0,0,2,1,1,1,6,11705,2,4,3,1
2013130478375,1,11,0,2,0,0,0,0,0,0,0,1,1,1,9,9360,2,1,8,1
2013130478476,1,9,0,9,0,4,0,0,0,0,1,1,6,2,6,1242,1,9,8,1
2013130478476,2,9,0,18,0,4,0,0,0,0,1,1,6,1,6,998,1,11,1,1
2013130478549,1,9,0,18,0,0,0,0,0,0,1,1,6,3,-1,1686,2,10,-1,-1
2013130478549,2,9,0,18,0,0,0,0,0,0,1,1,6,1,6,1497,1,10,1,1
2013130478573,1,9,0,3,0,0,0,0,0,0,4,1,3,2,8,1997,2,3,9,1
2013130478573,2,1,0,15,0,0,0,8,1,0,3,1,6,1,7,-1,-1,-1,2,1
2013130478627,1,19,0,18,0,8,0,0,7,1,4,1,1,1,4,1753,2,-1,1,1
2013130478627,2,9,0,18,0,8,0,0,1,2,1,1,4,1,8,1364,1,7,1,1
2013130478953,1,9,0,18,0,1,0,0,0,0,1,1,6,1,6,2993,2,2,-1,-1
2013130478953,2,9,0,18,0,1,0,0,0,0,2,1,6,1,6,1794,1,10,-1,-1
2013130479055,1,9,0,18,0,1,0,0,0,0,2,1,6,1,8,1956,2,2,3,1
2013130479055,2,1,0,18,0,1,0,0,0,0,2,1,6,1,6,-1,-1,-1,-1,-1
2013130479516,1,9,0,18,0,0,0,0,0,0,2,1,2,2,5,998,1,4,3,1
2013130479516,2,9,0,18,0,0,0,0,0,0,1,1,6,1,6,-1,-1,-1,2,1
2013130479613,1,8,0,9,0,1,0,0,0,0,1,1,1,1,7,1910,2,6,4,1
2013130479613,2,9,0,18,0,8,0,0,0,0,3,1,6,2,-1,1388,1,10,-1,-1
2013130479640,1,9,0,4,0,0,0,0,0,0,1,1,6,1,6,-1,-1,-1,1,1
2013130479640,2,9,0,4,0,0,0,0,0,0,2,1,1,1,6,-1,-1,-1,4,1
2013130479826,1,9,0,4,0,0,0,0,0,0,1,1,1,1,5,1299,1,12,1,1
2013130479826,2,9,0,4,0,0,0,0,0,0,2,1,1,2,7,-1,-1,-1,1,1
2013130479826,3,9,0,18,0,0,0,0,0,0,4,1,6,1,7,-1,-1,-1,9,1
2013130479881,1,1,0,18,0,0,0,0,0,0,3,1,6,2,8,-1,-1,-1,9,1
2013130479881,2,1,0,18,0,0,0,0,0,0,1,1,6,1,3,-1,-1,-1,10,1
2013130479887,1,8,0,7,0,1,0,0,0,0,3,1,1,1,-1,-1,-1,-1,-1,-1
2013130479887,2,9,0,7,0,1,0,0,0,0,1,1,6,2,-1,-1,-1,-1,-1,-1
2013130480025,1,9,0,18,0,2,0,0,0,0,1,1,6,1,11,-1,-1,-1,9,1
2013130480213,1,9,0,18,0,4,0,0,0,0,0,1,6,2,6,2204,2,6,4,1
2013130480213,2,1,0,18,0,8,0,0,0,0,3,1,6,1,10,-1,-1,-1,10,1
2013130480454,1,9,0,9,0,6,0,0,0,0,0,1,6,2,6,1299,1,10,1,1
2013130480474,1,9,0,18,0,0,0,0,0,0,1,1,6,3,-1,1995,2,7,-1,-1
2013130480474,2,9,0,18,0,0,0,0,0,0,2,1,6,1,8,1461,2,5,4,1
2013130480498,1,9,0,18,0,0,0,0,0,0,1,1,6,1,-1,1596,1,11,3,1
2013130480498,2,9,0,4,0,0,0,0,0,0,2,1,6,2,6,1396,1,5,3,1
2013130480858,1,9,0,18,0,1,0,0,0,0,0,1,6,1,-1,1398,2,10,-1,-1
2013130480986,1,9,0,18,0,2,0,0,0,0,4,1,2,1,6,1798,1,9,10,1
2013130480986,2,21,1,9,0,8,0,0,0,0,3,1,1,1,7,-1,-1,-1,-1,-1
2013130481380,1,11,0,4,0,1,0,0,0,0,0,1,1,1,9,7300,2,5,1,1
2013130481507,1,9,0,16,0,0,0,0,0,7,1,1,6,1,10,2993,2,8,7,3
2013130481507,2,9,0,18,0,0,0,0,0,0,1,1,6,2,8,1364,1,4,6,2
2013130481576,1,19,0,5,0,6,0,0,0,0,0,1,1,1,7,2402,2,6,2,1
2013130481576,2,11,0,4,0,1,0,0,0,0,0,1,1,2,7,7300,2,7,3,1
2013130481592,1,9,0,18,0,4,0,0,0,0,1,1,1,1,7,1995,2,5,1,1
2013130481592,2,9,0,18,0,4,0,0,0,0,1,1,6,2,9,3200,2,8,6,2
2013130481649,1,9,0,14,0,0,0,0,0,0,1,1,2,1,7,1599,1,13,2,1
2013130481649,2,9,0,2,0,0,0,0,0,0,1,1,6,2,-1,1968,2,2,5,3
2013130481792,1,9,0,18,0,0,0,0,0,0,4,1,6,3,-1,-1,-1,-1,-1,-1
2013130482122,1,9,0,16,0,0,0,0,0,0,1,1,6,1,8,1360,1,9,1,1
2013130482122,2,9,0,17,0,0,0,0,0,0,1,1,6,2,8,1990,1,8,6,3
2013130482263,1,9,0,18,0,1,0,0,7,10,1,1,6,1,5,1988,1,13,-1,-1
2013130482268,1,9,0,9,0,5,0,0,0,0,3,1,6,2,9,2188,2,15,2,1
2013130482268,2,10,0,18,0,1,0,0,0,0,1,1,1,1,6,2402,2,9,7,1
2013130482530,1,9,0,7,0,6,0,0,0,0,1,1,6,2,9,1560,2,8,4,1
2013130482594,1,5,0,18,0,4,0,0,0,0,0,1,1,1,8,600,1,8,2,1
2013130482594,2,9,0,12,0,4,0,0,0,0,0,1,6,1,-1,1360,1,10,7,1
2013130482609,1,9,0,7,0,1,0,0,0,0,1,1,6,1,10,1896,2,7,-1,-1
2013130482621,1,9,0,18,0,1,0,0,0,0,2,1,6,1,-1,-1,-1,-1,-1,-1
2013130482680,1,9,0,18,0,0,0,0,0,0,1,1,6,2,-1,-1,-1,-1,-1,-1
2013130482706,1,9,0,18,0,0,1,0,0,0,1,1,6,1,4,973,1,11,9,1
2013130482706,2,9,0,18,0,0,0,0,0,0,2,1,1,1,8,-1,-1,-1,2,1
2013130482789,1,9,0,9,0,6,0,0,0,0,1,1,6,1,6,1598,1,13,4,1
2013130482789,2,9,0,7,0,1,0,0,0,0,1,1,6,2,6,1242,1,-1,3,1
2013130482871,1,9,0,18,0,0,0,0,0,0,0,1,6,1,10,1587,1,11,3,3
2013130482871,2,9,0,18,0,0,0,0,0,0,2,1,6,1,8,1198,1,1,6,1
2013130483028,1,9,0,18,0,0,0,0,0,0,2,1,6,2,6,1896,2,13,3,1
2013130483028,2,9,0,18,0,0,0,0,0,0,1,1,6,2,-1,998,1,10,-1,-1
2013130483064,1,9,0,18,0,0,1,0,0,0,1,1,6,1,6,1896,2,11,2,1
2013130483168,1,9,0,18,0,0,0,0,0,0,4,1,6,2,10,2696,2,3,7,1
2013130483247,1,9,0,18,0,0,2,0,7,2,1,1,6,1,6,2000,1,12,2,1
2013130483251,1,11,0,18,0,0,0,0,0,0,0,1,1,1,6,7300,2,5,2,1
2013130483462,1,8,0,18,0,0,0,0,0,0,1,1,1,1,9,1997,2,3,4,1
2013130483543,1,19,0,18,0,0,0,0,0,0,1,1,6,1,6,2402,2,6,4,1
2013130483543,2,9,0,18,0,0,0,0,0,0,0,1,1,1,7,2993,2,-1,-1,-1
2013130483544,1,9,0,1,0,1,0,0,0,0,2,1,6,1,5,1794,1,9,1,1
2013130483548,1,9,0,9,0,6,0,0,0,0,1,1,6,3,-1,-1,-1,-1,-1,-1
2013130483548,2,9,0,18,0,1,0,0,0,0,3,1,6,1,5,1686,2,8,5,1
2013130483930,1,9,0,9,0,8,0,0,0,0,1,1,6,1,10,1299,1,12,2,1
2013130483930,2,9,0,18,0,8,0,0,0,0,3,1,6,1,6,1686,2,9,1,1
2013130483932,1,9,0,3,0,1,0,0,0,0,2,1,6,1,6,1794,1,5,6,1
2013130483932,2,9,0,18,0,1,0,0,0,0,1,1,6,2,8,1596,1,9,6,1
2013130483950,1,1,0,18,0,1,1,0,0,0,1,1,6,1,8,-1,-1,-1,9,2
2013130483950,2,9,0,3,0,1,0,0,0,0,2,1,6,1,9,2198,1,11,10,1
2013130483957,1,9,0,9,0,1,0,0,0,0,1,1,6,2,10,1229,1,3,3,1
2013130483957,2,9,0,18,0,1,0,0,0,0,1,1,6,2,6,1598,1,9,3,1
2013130483989,1,9,0,2,0,0,0,0,0,0,2,1,1,1,6,996,1,-1,-1,-1
2013130483989,2,9,0,18,0,0,0,0,0,0,1,1,6,2,8,1598,1,7,2,1
2013130484153,1,9,0,9,0,1,0,0,0,0,3,1,6,2,11,1360,1,8,-1,-1
2013130484153,2,90,0,13,0,1,0,0,0,0,1,1,1,1,6,2461,2,5,-1,-1
2013130484213,1,9,0,4,0,2,0,0,0,0,0,1,6,3,-1,-1,-1,-1,-1,-1
2013130484213,2,9,0,6,0,1,0,0,0,0,3,1,6,1,8,1968,2,3,10,3
2013130484213,3,9,0,18,0,1,0,0,0,0,1,1,6,1,5,1298,1,12,8,1
2013130484606,1,9,0,18,0,1,0,0,1,10,1,1,6,1,6,1968,2,7,1,1
2013130484606,2,9,0,9,0,6,0,0,0,0,3,1,6,1,9,2470,2,20,2,1
2013130485086,1,3,0,18,0,1,0,10,1,0,3,1,6,1,6,125,1,2,3,1
2013130485086,2,1,0,18,0,1,0,0,0,0,4,1,6,1,7,-1,-1,-1,6,1
2013130485188,1,2,0,18,0,8,1,0,0,0,1,1,6,1,4,49,1,1,10,3
2013130485188,2,20,0,18,0,8,0,0,0,0,3,1,1,1,6,2143,2,3,1,1
2013130485574,1,3,0,5,0,1,0,0,0,0,2,1,2,1,6,124,1,1,1,1
2013130485574,2,9,0,9,0,1,0,0,0,0,2,1,6,1,5,1349,1,-1,2,1
2013130485849,1,21,0,18,0,2,0,0,0,0,0,1,6,3,-1,-1,-1,-1,-1,-1
2013130485849,2,9,0,18,0,2,0,0,0,0,3,1,6,2,7,1968,2,3,5,1
2013130485849,3,9,0,18,0,2,5,0,0,0,4,1,6,2,7,-1,-1,-1,5,1
2013130485915,1,9,0,18,0,0,0,0,0,0,1,1,6,1,7,1199,1,12,-1,-1
2013130485954,1,9,0,5,0,4,0,0,0,0,1,1,6,1,9,2499,1,8,6,1
2013130485954,2,1,0,18,0,8,1,0,0,0,4,1,6,1,8,-1,-1,-1,10,1
2013130486645,1,9,0,18,0,1,0,0,0,0,2,1,6,2,4,1598,1,10,4,1
2013130486645,2,9,0,9,0,1,0,0,0,0,3,1,6,2,11,998,1,13,1,1
2013130486754,1,9,0,7,0,1,0,0,0,0,4,1,6,1,-1,1796,1,9,-1,-1
2013130486754,2,1,0,18,0,1,0,0,0,0,3,1,6,1,6,-1,-1,-1,10,1
2013130486887,1,9,0,18,0,0,0,0,0,0,1,1,6,3,-1,-1,-1,-1,-1,-1
2013130486887,2,9,0,18,0,0,0,0,0,0,1,1,1,1,8,2148,2,5,1,1
2013130486899,1,19,0,4,0,0,0,0,0,0,2,1,6,1,9,2143,2,1,9,2
2013130486899,2,1,0,18,0,0,0,0,0,0,1,1,6,2,9,-1,-1,-1,9,2
2013130487000,1,9,0,18,0,8,0,0,0,0,3,1,6,1,4,1242,1,6,1,1
2013130487000,2,2,0,9,0,6,0,0,0,0,1,1,6,2,4,50,1,1,2,1
2013130487254,1,9,0,9,0,6,0,0,0,0,3,1,6,1,5,-1,-1,-1,10,2
2013130487254,2,9,0,16,0,1,0,0,0,0,1,1,6,2,10,1498,1,2,7,1
2013130488086,1,9,0,18,0,6,0,0,0,0,1,1,6,1,8,1584,7,6,1,1
2013130488086,2,9,0,18,0,1,0,0,0,0,3,1,6,2,7,1968,2,8,1,1
2013130488160,1,1,0,18,0,1,0,0,0,0,4,1,6,1,7,-1,-1,-1,-1,-1
2013130488160,2,9,0,18,0,6,0,0,0,0,1,1,6,2,-1,1199,1,9,-1,-1
2013130488925,1,3,0,18,0,1,0,0,0,0,2,1,6,1,4,125,1,2,4,1
2013130488925,2,9,0,6,0,1,0,0,0,0,1,1,6,1,8,-1,-1,-1,-1,-1
2013130488980,1,4,0,18,0,0,1,0,0,0,3,1,2,1,7,125,1,2,1,1
2013130488991,1,9,0,14,0,0,0,0,0,0,1,1,6,1,6,998,1,11,8,1
2013130489051,1,9,0,18,0,8,0,0,0,0,1,1,2,2,6,1248,2,4,4,1
2013130489051,2,9,0,4,0,8,0,0,0,0,2,1,2,2,7,1598,1,6,4,1
2013130489063,1,1,0,18,0,8,0,0,0,0,1,1,6,1,5,-1,-1,-1,1,1
2013130489063,2,9,0,9,0,8,0,0,0,0,4,1,6,1,8,2494,1,14,5,1
2013130489324,1,9,0,9,0,2,0,0,1,10,3,1,6,3,-1,-1,-1,-1,-1,-1
2013130489324,2,9,0,18,0,8,0,0,0,0,1,1,6,1,11,1397,1,13,9,1
2013130489353,1,20,0,2,0,8,0,0,0,0,1,1,1,1,4,4250,2,1,2,1
2013130489353,2,20,0,18,0,1,0,0,0,0,4,1,1,1,7,-1,-1,-1,1,1
2013130489581,1,9,0,9,0,8,0,0,0,0,1,1,1,2,6,1598,1,10,4,1
2013130489581,2,1,0,18,0,8,1,0,0,0,1,1,1,1,6,-1,-1,-1,1,1
2013130490312,1,21,0,18,0,8,0,0,0,0,1,1,1,1,7,11967,2,9,2,1
2013130490312,2,5,0,18,0,8,0,0,0,0,2,1,6,1,7,-1,-1,-1,2,1
2013130490436,1,1,0,18,9,1,0,0,0,0,1,1,6,1,9,-1,-1,-1,6,1
2013130490436,2,9,0,7,0,1,0,0,0,0,1,1,6,1,6,1497,1,11,1,1
2013130490471,1,9,0,1,0,1,0,0,0,0,2,1,6,1,-1,998,1,13,-1,-1
2013130490560,1,9,0,9,0,1,0,0,0,0,3,1,1,1,7,1968,2,6,1,1
2013130490560,2,4,0,18,0,8,0,0,0,0,1,1,6,1,6,124,1,2,1,1
2013130490856,1,9,0,7,0,1,0,0,0,0,1,1,6,1,-1,1984,1,2,-1,-1
2013130490856,2,9,0,18,0,1,0,0,0,0,2,1,6,1,7,1998,1,15,2,1
2013130490881,1,9,0,18,0,0,5,0,3,0,1,1,6,1,4,2495,2,10,1,1
2013130490881,2,9,0,18,0,0,0,0,0,0,0,1,1,1,6,2400,2,2,-1,-1
2013130490946,1,9,0,9,0,8,0,0,0,0,3,1,6,1,8,1399,2,9,4,2
2013130491051,1,9,0,9,0,5,0,0,0,0,0,1,1,2,8,1240,1,8,3,1
2013130491051,2,1,0,15,4,1,0,0,0,0,0,1,1,1,7,-1,-1,-1,1,1
2013130491088,1,11,0,18,0,0,0,0,0,0,0,1,6,1,8,7300,2,7,5,1
2013130491697,1,9,0,18,0,8,0,0,0,0,0,1,6,2,7,1997,2,14,4,1
2013130491697,2,9,0,9,0,8,0,0,0,0,0,1,6,1,-1,1997,2,12,-1,-1
2013130491799,1,9,0,4,0,1,0,0,0,0,4,1,6,2,8,1997,1,12,4,1
2013130491856,1,9,0,18,0,0,0,0,0,0,1,1,6,1,7,1598,1,2,-1,-1
2013130491901,1,1,0,18,0,1,0,0,0,0,1,1,6,1,5,-1,-1,-1,-1,-1
2013130491901,2,9,0,9,0,5,0,0,0,0,4,1,6,1,6,-1,-1,-1,-1,-1
2013130492236,1,9,0,18,0,6,0,0,0,0,1,1,6,1,6,998,1,14,2,1
2013130492335,1,9,0,18,0,6,0,0,0,0,1,1,6,1,4,2495,1,10,1,1
2013130492335,2,9,0,18,0,1,0,0,0,0,3,1,6,2,6,1995,2,8,4,1
2013130492646,1,9,0,18,0,1,0,0,0,0,2,1,6,2,7,998,1,11,3,1
2013130492646,2,9,0,18,0,1,0,0,0,0,2,1,6,2,5,1229,1,-1,4,1
2013130492646,3,9,0,18,0,1,0,0,0,0,2,1,6,2,7,1360,1,12,3,1
2013130492654,1,1,0,16,0,0,0,0,0,0,3,1,6,1,7,-1,-1,-1,3,1
2013130492654,2,9,0,13,0,0,0,0,0,0,4,1,6,1,8,1198,1,10,6,1
2013130492703,1,9,0,18,0,0,0,0,0,0,1,1,6,1,8,1668,1,7,1,1
2013130492703,2,9,0,4,0,0,0,0,0,0,2,1,6,2,5,1364,2,5,6,1
2013130492710,1,9,0,18,0,2,0,0,0,0,4,1,6,1,8,1598,1,1,3,1
2013130492710,2,9,0,10,0,2,0,0,0,0,4,1,6,1,5,1390,1,11,6,1
2013130492733,1,9,0,18,0,0,0,0,0,0,1,1,6,2,-1,-1,-1,-1,-1,-1
2013130492802,1,9,0,9,0,8,0,0,0,0,1,1,6,2,5,1242,1,3,1,1
2013130492802,2,9,0,9,0,8,0,0,0,0,1,1,6,1,7,1896,2,6,1,1
2013130493021,1,9,0,7,0,8,0,0,0,0,1,1,6,1,10,2198,1,11,1,1
2013130493126,1,9,0,18,0,0,0,0,0,0,1,1,6,1,9,1199,1,9,1,1
2013130493126,2,9,0,18,0,0,0,0,0,0,1,1,6,2,6,2000,2,9,2,1
2013130493143,1,9,0,18,0,5,0,0,0,0,1,1,6,1,4,1753,2,11,2,1
2013130493143,2,9,0,18,0,8,0,0,0,0,3,1,6,2,6,1896,2,9,5,1
2013130493182,1,9,0,18,0,8,0,0,7,0,1,1,6,1,6,1199,1,9,-1,-1
2013130493182,2,9,0,18,0,8,0,0,0,0,4,1,6,1,7,1388,1,5,-1,-1
2013130493557,1,8,0,18,0,8,0,0,0,0,1,1,1,1,7,-1,-1,-1,2,1
2013130493886,1,9,0,18,0,0,0,0,0,0,1,1,6,3,-1,-1,-1,-1,-1,-1
2013130493997,1,9,0,9,0,5,0,0,0,0,3,1,6,2,5,1149,1,10,-1,-1
2013130493997,2,1,0,18,0,8,0,0,0,0,1,1,6,1,4,-1,-1,-1,1,1
2013130494262,1,19,0,5,0,1,0,0,0,0,1,1,6,1,8,2198,2,5,1,1
2013130494273,1,9,0,9,0,6,0,0,0,0,4,1,6,2,7,998,1,13,3,1
2013130494273,2,9,0,18,0,1,0,0,0,0,1,1,6,2,6,2993,2,9,-1,-1
2013130494346,1,9,0,9,0,0,0,0,0,0,4,1,6,1,6,1229,1,6,4,1
2013130494815,1,9,0,18,0,0,0,0,0,0,1,1,6,2,6,1390,1,13,5,1
2013130494815,2,9,0,4,0,0,0,0,0,0,2,1,6,2,5,1242,1,11,5,1
2013130495017,1,9,0,18,0,0,0,0,0,0,1,1,2,2,6,2967,2,5,5,1
2013130495017,2,19,0,5,0,0,0,0,0,0,2,1,1,1,6,2464,2,6,7,2
2013130495017,3,9,0,4,0,0,0,0,0,0,2,1,6,2,9,1390,1,3,5,1
2013130495032,1,9,0,18,0,0,0,0,0,0,1,1,3,1,6,1329,1,1,-1,-1
2013130495032,2,9,0,18,0,0,0,0,0,0,1,1,6,1,7,1986,2,7,5,1
2013130495111,1,9,0,18,0,0,0,0,0,0,0,1,6,1,6,1753,2,7,4,1
2013130495163,1,9,0,5,0,0,0,0,0,0,3,1,6,1,6,1086,1,4,7,1
2013130495163,2,9,0,18,0,0,1,0,0,0,1,1,6,1,9,2835,2,15,1,1
2013130495163,3,9,0,2,0,0,0,0,0,0,4,1,6,1,8,1598,1,12,4,1
2013130495698,1,1,0,18,0,1,0,0,0,0,1,1,6,1,7,-1,-1,-1,9,1
2013130495911,1,9,0,18,0,1,1,0,0,0,1,1,6,2,4,999,1,-1,8,1
2013130495911,2,19,0,4,0,1,0,0,0,0,1,1,1,1,7,-1,-1,-1,2,1
2013130495935,1,9,0,3,0,2,0,0,0,0,2,1,6,1,6,1995,2,2,9,1
2013130495935,2,9,0,18,0,2,0,0,0,0,1,1,6,1,-1,1753,2,12,-1,-1
2013130496085,1,9,0,9,0,8,0,0,0,0,1,1,6,2,5,1149,1,7,5,1
2013130496085,2,9,0,18,0,8,0,0,0,0,1,1,6,2,6,1896,2,10,-1,-1
2013130496408,1,11,0,2,0,0,0,0,0,0,0,1,1,1,7,9360,2,5,1,1
2013130497010,1,8,0,18,0,8,0,0,0,0,1,1,1,1,7,1995,2,2,1,1
2013130497010,2,9,0,18,0,8,0,0,0,0,4,1,1,1,9,1598,2,2,3,1
2013130497151,1,9,0,17,0,1,0,0,0,0,1,1,6,2,7,-1,-1,-1,3,1
2013130497214,1,9,0,18,0,4,0,0,0,0,1,1,6,1,11,-1,-1,-1,6,1
2013130497214,2,1,0,12,0,8,0,0,0,0,4,1,6,1,10,-1,-1,-1,6,1
2013130497375,1,9,0,9,0,6,0,0,0,0,1,1,6,1,5,1968,2,3,2,1
2013130497410,1,9,0,4,0,0,0,0,0,0,1,1,6,1,-1,1968,2,1,8,1
2013130497410,2,9,0,4,0,0,0,0,0,0,1,1,6,2,8,1363,2,11,8,1
2013130497526,1,9,0,18,0,0,0,0,0,0,1,1,6,1,-1,1997,2,6,-1,-1
2013130497526,2,9,0,4,0,0,0,0,0,0,2,1,6,2,7,1596,1,5,9,1
2013130497586,1,9,0,18,0,1,0,0,0,0,1,1,6,1,-1,1984,1,6,-1,-1
2013130497586,2,9,0,18,0,1,0,0,0,0,2,1,6,1,7,1948,1,15,5,1
2013130497605,1,19,0,9,0,6,0,0,0,0,3,1,6,1,8,1968,2,1,6,3
2013130497605,2,4,0,18,0,1,0,0,0,0,1,1,6,1,8,918,1,15,8,1
2013130497821,1,9,0,18,0,0,0,0,0,0,4,1,6,1,9,-1,-1,-1,6,3
2013130497828,1,9,0,9,0,1,0,0,0,0,1,1,2,2,9,1396,1,12,7,1
2013130497828,2,9,0,18,0,1,0,0,0,0,1,1,6,1,7,1968,2,6,10,1
2013130498005,1,9,0,18,0,0,0,0,0,0,1,1,1,1,9,1584,1,7,2,1
2013130498005,2,9,0,3,0,0,0,0,0,0,0,1,6,1,6,1686,2,8,2,1
2013130498041,1,3,0,18,0,1,0,0,0,0,1,1,2,1,6,125,1,-1,1,1
2013130498041,2,8,0,9,0,6,0,0,0,0,3,1,1,1,-1,1584,1,6,-1,-1
2013130498094,1,8,0,5,0,0,0,0,0,0,1,1,6,1,-1,1797,8,4,-1,-1