Accident_Index,Vehicle_Reference,Vehicle_Type,Towing_and_Articulation,Vehicle_Manoeuvre,Vehicle_Location-Restricted_Lane,Junction_Location,Skidding_and_Overturning,Hit_Object_in_Carriageway,Vehicle_Leaving_Carriageway,Hit_Object_off_Carriageway,1st_Point_of_Impact,Was_Vehicle_Left_Hand_Drive?,Journey_Purpose_of_Driver,Sex_of_Driver,Age_Band_of_Driver,Engine_Capacity_(CC),Propulsion_Code,Age_of_Vehicle,Driver_IMD_Decile,Driver_Home_Area_Type
2013130498497,1,21,0,18,0,8,5,0,1,0,4,1,1,1,6,-1,-1,-1,3,1
2013130498553,1,9,0,5,0,2,0,0,0,0,1,1,6,2,6,1199,1,11,6,1
2013130498553,2,9,0,18,0,1,0,0,0,0,4,1,1,1,7,2400,2,4,1,1
2013130498797,1,8,0,9,0,6,0,0,0,0,3,1,1,1,6,1896,2,6,2,1
2013130498797,2,11,0,18,0,8,0,0,0,0,1,1,1,1,7,-1,2,17,4,1
2013130498821,1,9,0,4,0,0,0,0,0,0,1,1,6,2,6,1242,1,-1,4,1
2013130498821,2,9,0,4,0,0,0,0,0,0,2,1,2,1,7,-1,-1,-1,3,1
2013130498821,3,9,0,4,0,0,0,0,0,0,2,1,6,1,-1,2477,2,8,7,1
2013130498954,1,9,0,9,0,2,0,0,0,0,1,1,6,1,9,1149,1,6,1,1
2013130498954,2,2,0,18,0,2,0,0,0,0,1,1,6,1,6,50,1,8,3,3
2013130499097,1,2,0,18,0,0,0,0,0,0,1,1,1,1,6,49,1,2,2,1
2013130499130,1,9,0,9,0,6,0,0,0,0,3,1,6,1,6,2149,2,6,3,1
2013130499130,2,9,0,18,0,2,0,0,0,0,3,1,6,1,6,1995,2,6,2,1
2013130499367,1,9,0,18,0,0,0,0,0,0,3,1,6,1,8,1968,2,8,10,1
2013130499367,2,9,0,18,0,0,0,0,0,0,1,1,6,1,10,1390,1,7,2,1
2013130499367,3,9,0,18,0,0,0,0,0,0,1,1,6,2,-1,-1,-1,-1,4,1
2013130499578,1,9,0,5,0,0,0,0,0,0,1,1,3,3,-1,2198,2,6,-1,-1
2013130499860,1,9,0,18,0,0,0,0,0,0,1,1,6,2,8,1587,1,6,8,1
2013130499860,2,9,0,18,0,0,0,0,0,0,2,1,6,2,7,-1,-1,-1,7,1
2013130499860,3,9,0,18,0,0,0,0,0,0,1,1,6,1,8,1493,1,13,6,1
2013130499912,1,9,0,7,0,0,0,0,0,0,1,1,6,1,-1,1149,1,13,-1,-1
2013130499912,2,1,0,18,0,0,0,0,0,0,0,1,6,1,8,-1,-1,-1,-1,-1
2013130499920,1,1,0,18,0,0,0,0,0,0,1,1,6,1,6,-1,-1,-1,3,1
2013130499920,2,9,0,18,0,0,0,0,0,0,4,1,6,3,-1,-1,-1,-1,-1,-1
2013130500146,1,9,0,9,0,1,0,0,0,0,1,1,6,2,10,1598,1,12,2,1
2013130500392,1,9,0,9,0,6,0,0,0,0,1,1,6,1,11,1999,1,11,3,1
2013130500392,2,9,0,18,0,8,0,0,0,0,1,1,6,1,11,1590,1,8,8,1
2013130500451,1,9,0,18,0,0,0,0,0,0,1,1,6,1,9,2926,2,14,-1,-1
2013130500471,1,19,0,18,0,1,0,0,0,0,1,1,6,1,9,1461,2,9,2,1
2013130500471,2,9,0,18,0,1,0,0,0,0,2,1,6,1,6,2143,2,-1,4,1
2013130500471,3,9,0,18,0,1,0,0,0,0,2,1,6,1,6,-1,-1,-1,1,1
2013130500592,1,11,0,18,0,0,0,0,0,0,0,1,6,1,6,4760,2,2,1,1
2013130500903,1,9,0,18,0,1,0,0,0,0,2,1,6,1,8,-1,-1,-1,-1,-1
2013130500906,1,19,0,2,0,0,0,0,0,0,3,1,6,1,8,1997,1,3,9,1
2013130500906,2,1,0,18,0,0,0,0,0,0,1,1,2,1,7,-1,-1,-1,-1,-1
2013130501530,1,9,0,9,0,6,0,0,0,0,1,1,6,1,11,1124,1,11,-1,-1
2013130501530,2,9,0,18,0,1,0,0,0,0,4,1,6,2,8,1149,1,7,3,1
2013130501896,1,3,0,15,0,1,0,0,1,1,3,1,6,1,4,125,1,-1,9,1
2013130501896,2,9,0,18,0,1,0,0,0,0,4,1,6,2,6,1598,1,3,6,1
2013130501953,1,9,0,18,0,4,0,0,0,0,2,1,6,1,7,1753,2,10,4,1
2013130501953,2,9,0,18,0,4,0,0,0,0,1,1,6,2,6,1596,1,7,4,1
2013130502038,1,9,0,15,0,0,0,0,0,0,1,1,6,2,6,1296,1,7,4,1
2013130502050,1,9,0,9,0,6,0,0,0,0,3,1,6,2,8,2204,2,6,8,1
2013130502050,2,9,0,18,0,8,0,0,0,0,1,1,6,1,7,2402,2,6,6,3
2013130502057,1,9,0,18,0,0,0,0,0,0,4,1,6,2,5,1390,1,14,8,1
2013130502432,1,9,0,18,0,0,0,0,1,9,4,1,6,1,5,1997,2,9,3,1
2013130502611,1,9,0,9,0,2,0,0,0,0,4,1,6,3,-1,-1,-1,-1,-1,-1
2013130502700,1,9,0,9,0,2,0,0,0,0,1,1,1,1,7,2204,2,6,1,1
2013130502721,1,8,0,18,0,0,0,0,0,0,4,1,1,1,6,1560,2,2,6,1
2013130502763,1,1,0,18,0,8,0,0,0,0,1,1,6,1,3,-1,-1,-1,1,1
2013130502763,2,21,0,7,0,5,0,0,0,0,4,1,1,1,6,-1,-1,-1,2,1
2013130502796,1,9,0,7,0,5,1,0,0,0,1,1,6,1,7,1896,2,6,6,2
2013130503070,1,9,0,9,0,6,0,0,0,0,3,1,6,1,8,1598,1,5,5,1
2013130503070,2,9,0,18,0,8,0,0,0,0,1,1,6,1,5,1968,2,8,2,1
2013130503072,1,19,0,5,0,6,0,0,0,0,1,1,6,1,-1,2198,2,1,-1,-1
2013130503072,2,3,0,18,0,1,0,0,0,0,4,1,6,1,6,125,1,11,3,1
2013130503104,1,9,0,4,0,0,0,0,0,0,2,1,6,1,6,1598,2,-1,8,2
2013130503104,2,9,0,4,0,0,0,0,0,0,2,1,6,1,6,1598,1,8,5,1
2013130503104,3,9,0,18,0,0,0,0,0,0,1,1,6,2,8,2179,2,5,6,3
2013130503104,4,9,0,4,0,0,0,0,0,0,2,1,6,2,6,1896,2,11,5,1
2013130503104,5,9,0,18,0,0,0,0,0,0,1,1,6,1,8,1360,1,11,1,1
2013130503155,1,9,0,18,0,8,0,0,0,0,1,1,6,3,-1,-1,-1,-1,-1,-1
2013130503188,1,9,0,18,0,0,0,0,0,0,4,1,6,2,10,1299,1,7,6,1
2013130503188,2,9,0,2,0,0,0,0,0,0,3,1,6,1,-1,1796,1,3,-1,-1
2013130503509,1,21,1,2,0,0,0,0,1,10,2,1,6,1,8,12900,2,1,5,2
2013130503589,1,9,0,18,0,1,0,0,0,0,3,1,6,1,-1,-1,-1,-1,-1,-1
2013130503660,1,9,0,7,0,1,0,0,0,0,2,1,6,2,8,1582,2,3,-1,-1
2013130503660,2,9,0,18,0,1,0,0,0,0,1,1,6,2,11,1339,1,8,-1,-1
2013130503797,1,9,0,9,0,5,0,0,0,0,4,1,6,2,10,998,1,7,-1,-1
2013130503797,2,1,0,18,0,8,0,0,0,0,1,1,6,1,5,-1,-1,-1,-1,-1
2013130503803,1,10,0,18,0,0,0,0,0,0,1,1,1,1,7,-1,-1,-1,1,1
2013130503805,1,9,0,18,0,0,0,0,0,0,3,1,6,2,7,1364,2,4,1,1
2013130503805,2,9,0,11,0,0,0,0,0,0,4,1,6,1,-1,4999,1,3,-1,-1
2013130503914,1,9,0,9,0,0,0,0,0,0,1,1,6,1,10,1997,2,2,9,3
2013130503914,2,9,0,18,0,0,0,0,0,0,1,1,6,2,8,1388,1,10,7,1
2013130504534,1,9,0,18,0,2,0,0,1,10,1,1,6,2,11,998,1,7,3,1
2013130505125,1,9,0,16,0,5,2,0,7,2,3,1,6,1,5,1198,1,10,4,1
2013130505596,1,11,0,18,0,0,0,0,0,0,0,1,1,1,7,9360,2,4,8,1
2013130505775,1,9,0,9,0,4,0,0,0,0,1,1,2,2,6,1390,1,9,7,1
2013130505775,2,9,0,18,0,4,0,0,0,0,1,1,6,1,5,1590,1,9,3,1
2013130505863,1,9,0,6,0,0,0,0,0,0,3,1,6,1,7,1399,2,3,2,1
2013130505863,2,9,0,14,0,0,1,0,0,0,4,1,6,1,6,1968,2,6,1,1
2013130505863,3,19,0,2,0,0,0,0,0,0,1,1,6,3,-1,1998,2,10,-1,-1
2013130505914,1,9,0,5,0,2,0,0,0,0,1,1,6,1,7,1685,2,-1,8,1
2013130505914,2,9,0,9,0,1,0,0,0,0,2,1,6,2,6,1998,1,8,-1,-1
2013130505951,1,9,0,7,0,8,0,0,0,0,3,1,6,1,-1,1598,1,8,-1,-1
2013130505951,2,3,0,18,0,8,0,0,0,0,1,1,2,2,8,125,1,1,1,1
2013130506286,1,9,0,9,0,3,0,0,0,0,4,1,6,1,7,1598,1,15,1,1
2013130506286,2,9,0,9,0,3,0,0,0,0,1,1,6,2,4,1398,2,7,9,2
2013130506865,1,9,0,18,0,1,2,0,7,0,4,1,6,1,8,-1,-1,-1,2,1
2013130506865,2,9,0,9,0,1,0,0,0,0,1,1,6,1,6,1968,2,3,4,1
2013130507068,1,9,0,18,0,6,0,0,0,0,1,1,1,1,7,1248,2,3,1,1
2013130507068,2,9,0,14,0,6,0,0,0,0,1,1,6,3,-1,1199,1,14,-1,-1
2013130507068,3,9,0,18,0,8,0,0,0,0,1,1,6,1,5,1396,1,16,3,1
2013130507212,1,9,0,2,0,1,0,0,0,0,3,1,6,2,6,1390,1,4,1,1
2013130507212,2,9,0,18,0,1,0,0,0,0,4,1,2,2,5,1242,1,1,-1,-1
2013130507212,3,9,0,18,0,1,0,0,0,0,1,1,6,2,7,1598,1,7,2,1
2013130507212,4,9,0,5,0,6,0,0,0,0,1,1,2,2,5,1598,1,-1,2,1
2013130507326,1,9,0,18,0,0,0,0,0,0,1,1,6,1,5,1229,1,1,-1,-1
2013130507326,2,9,0,18,0,0,0,0,0,0,2,1,6,1,7,1896,2,6,10,1
2013130507401,1,90,0,9,0,8,0,0,0,0,3,1,6,1,6,1584,1,34,3,1
2013130507401,2,4,0,18,0,8,0,0,0,0,1,1,6,1,6,599,1,10,7,1
2013130507489,1,9,0,16,0,0,0,0,8,0,3,1,2,1,8,1360,1,1,10,1
2013130507725,1,8,0,18,0,0,0,0,0,0,0,1,1,1,7,-1,-1,-1,2,1
2013130507752,1,9,0,18,0,8,0,0,0,0,1,1,6,1,11,1596,1,5,-1,-1
2013130507752,2,9,0,18,0,8,0,10,1,0,1,1,6,2,11,1396,1,14,5,1
2013130508318,1,9,0,9,0,6,0,0,0,0,1,1,6,2,7,1360,1,9,1,1
2013130508318,2,9,0,18,0,1,0,0,0,0,1,1,6,2,7,1995,2,11,1,1
2013130508459,1,9,0,18,0,6,0,0,0,0,4,1,6,2,5,1299,1,8,-1,-1
2013130508459,2,9,0,18,0,1,0,0,0,0,1,1,6,2,7,1200,1,-1,10,2
2013130508831,1,3,0,18,0,0,0,0,0,0,3,1,6,1,-1,-1,-1,-1,-1,-1
2013130508831,2,9,0,5,0,0,0,0,0,0,4,1,6,2,5,1360,1,10,4,1
2013130508944,1,19,0,1,0,0,0,0,0,0,2,1,6,1,7,1995,2,5,7,1
2013130509003,1,9,0,9,0,6,0,0,0,0,1,1,6,2,6,1700,2,14,2,1
2013130509003,2,3,0,18,0,1,0,0,0,0,3,1,6,1,5,124,1,1,3,1
2013130509072,1,1,0,9,0,5,0,0,0,0,1,1,6,1,6,-1,-1,-1,7,1
2013130509298,1,9,0,9,0,6,0,0,0,0,1,1,6,1,6,1998,2,9,1,1
2013130509298,2,9,0,18,0,1,0,0,0,0,1,1,6,2,6,1587,1,11,1,1
2013130509374,1,9,0,18,0,1,0,0,0,0,1,1,1,2,5,1368,1,1,7,3
2013130509374,2,9,0,3,0,1,0,0,0,0,2,1,1,1,8,1753,2,12,1,1
2013130509374,3,9,0,18,0,1,0,0,0,0,2,1,1,1,7,1560,2,1,10,2
2013130509537,1,19,0,5,0,4,0,0,0,0,1,1,6,1,7,-1,-1,-1,2,1
2013130509537,2,9,0,3,0,4,0,0,0,0,2,1,2,2,4,1229,1,-1,2,1
2013130509787,1,9,0,18,0,0,0,0,0,0,1,1,6,2,-1,1229,1,1,4,1
2013130509976,1,4,0,18,0,0,1,0,0,0,3,1,6,1,10,-1,-1,-1,7,3
2013130509987,1,9,0,9,0,6,0,0,0,0,0,1,6,1,8,1149,1,11,6,1
2013130509987,2,5,0,18,0,1,0,0,0,0,4,1,6,1,8,599,1,15,5,1
2013130510312,1,9,0,1,0,0,0,0,0,0,0,1,6,3,-1,1596,1,1,-1,-1
2013130510475,1,19,0,9,0,5,0,0,0,10,1,1,2,1,5,1995,2,1,2,1
2013130510475,2,19,0,18,0,8,0,0,0,0,0,1,1,1,6,2148,2,9,1,1
2013130510495,1,9,0,18,0,0,0,0,0,0,1,1,6,2,9,2198,1,7,1,1
2013130510664,1,9,0,9,0,8,0,0,0,0,1,1,6,1,8,-1,-1,-1,3,1
2013130510664,2,1,0,18,0,8,0,0,0,0,1,1,6,1,3,-1,-1,-1,4,1
2013130510738,1,9,0,18,0,1,0,0,8,2,1,1,6,1,7,1200,1,-1,2,1
2013130510957,1,9,0,18,0,0,0,0,0,0,1,1,6,2,-1,1248,2,6,4,1
2013130510957,2,9,0,4,0,0,0,0,0,0,2,1,6,2,6,1598,1,11,7,1
2013130511232,1,9,0,10,0,1,0,0,0,0,0,1,6,1,8,1397,1,5,7,1
2013130511232,2,19,0,18,0,1,0,0,0,0,1,1,6,1,6,1997,2,5,5,1
2013130511232,3,9,0,18,0,1,0,0,0,0,1,1,6,1,6,1199,7,9,5,1
2013130511451,1,9,0,18,0,6,0,0,0,0,1,1,6,1,6,1242,1,10,5,1
2013130511451,2,1,0,18,0,1,0,0,0,0,3,1,6,1,4,-1,-1,-1,7,1
2013130511558,1,9,0,1,0,0,0,0,0,0,2,1,6,3,-1,-1,-1,-1,-1,-1
2013130511558,2,1,0,3,0,0,0,0,0,0,1,1,6,1,6,-1,-1,-1,1,1
2013130511837,1,9,0,18,0,1,0,0,0,0,1,1,6,1,6,998,1,11,2,1
2013130511837,2,9,0,3,0,1,0,0,0,0,2,1,6,1,7,1968,2,5,4,1
2013130511860,1,9,0,9,0,6,0,0,0,0,4,1,3,2,8,1360,1,12,-1,-1
2013130511860,2,9,0,18,0,8,0,0,0,0,1,1,3,1,-1,1896,2,11,-1,-1
2013130511860,3,9,0,18,0,8,0,0,0,0,1,1,6,2,8,1461,2,3,-1,-1
2013130511860,4,9,0,2,0,2,0,0,0,0,3,1,3,1,7,1998,1,11,3,1
2013130511860,5,9,0,2,0,2,0,0,0,0,1,1,6,2,5,1229,1,3,-1,-1
2013130511860,6,9,0,2,0,2,0,0,0,0,1,1,3,2,6,1363,2,10,1,1
2013130511860,7,9,0,2,0,2,0,0,0,0,1,1,6,3,-1,1587,1,20,-1,-1
2013130511872,1,9,0,18,0,1,0,0,0,0,1,1,6,2,7,998,1,10,8,1
2013130511872,2,9,0,3,0,1,0,0,0,0,2,1,6,2,5,1461,2,4,2,1
2013130511872,3,9,0,3,0,1,0,0,0,0,2,1,6,3,-1,1968,2,3,-1,-1
2013130511907,1,9,0,16,0,0,0,0,0,0,1,1,6,1,4,1149,1,7,9,1
2013130511907,2,90,0,17,0,0,0,0,0,0,1,1,1,1,10,2798,2,6,10,3
2013130511915,1,9,0,5,0,8,0,0,0,0,1,1,2,2,6,1591,1,3,1,1
2013130511915,2,8,0,3,0,8,0,0,0,0,2,1,1,1,5,1968,2,5,-1,-1
2013130511921,1,9,0,18,0,0,0,0,0,0,1,1,6,2,6,1598,2,3,2,1
2013130511990,1,9,0,18,0,8,0,0,0,0,0,1,1,1,-1,1248,2,4,-1,-1
2013130511990,2,9,0,18,0,8,0,0,0,0,3,1,6,1,5,1149,1,11,-1,-1
2013130511990,3,10,0,18,0,8,0,0,0,0,1,1,1,1,7,-1,-1,-1,2,1
2013130512003,1,9,0,18,0,0,1,0,8,0,1,1,6,1,4,1199,1,10,8,2
2013130512003,2,9,0,2,0,0,0,0,0,0,3,1,1,1,7,1686,2,5,1,1
2013130512003,3,9,0,18,0,0,0,0,0,0,1,1,6,2,6,1229,1,6,6,1
2013130512053,1,9,0,1,0,2,0,0,0,0,2,1,1,2,7,998,1,-1,4,1
2013130512053,2,9,0,18,0,1,0,0,0,0,1,1,1,2,7,1349,1,2,8,1
2013130512182,1,9,0,18,0,0,0,0,0,0,1,1,6,1,4,1242,1,14,-1,-1
2013130512191,1,9,0,9,0,1,0,0,0,10,3,1,6,2,7,1968,2,1,2,1
2013130512191,2,9,0,18,0,1,0,0,0,0,1,1,1,1,7,1686,2,5,4,1
2013130512361,1,9,0,17,0,0,0,0,0,0,1,1,6,1,6,1360,1,3,10,1
2013130512361,2,9,0,16,0,0,0,0,0,0,1,1,6,1,6,1910,2,4,-1,-1
2013130512653,1,9,0,18,0,1,0,0,0,0,1,1,6,1,8,1896,2,6,2,1
2013130512653,2,9,0,4,0,1,0,0,0,0,2,1,6,1,10,1364,1,3,6,1
2013130512658,1,9,0,18,0,0,0,0,0,0,4,1,6,1,9,1596,1,12,2,1
2013130512868,1,9,0,18,0,1,0,0,0,0,3,1,6,1,-1,2996,2,16,-1,-1
2013130512868,2,9,0,18,0,1,0,0,0,0,1,1,6,1,6,1968,2,4,8,1
2013130512868,3,9,0,18,0,1,0,0,0,0,1,1,6,3,-1,1149,1,2,-1,-1
2013130512910,1,9,0,18,0,0,0,0,0,0,1,1,6,1,9,-1,-1,-1,3,3
2013130513023,1,19,0,7,0,5,0,0,0,0,4,1,6,1,8,1399,2,2,3,1
2013130513023,2,1,0,18,0,1,0,0,0,0,1,1,1,1,5,-1,-1,-1,3,1
2013130513265,1,8,0,9,0,1,0,0,0,0,1,1,1,1,8,1896,2,5,9,1
2013130513265,2,9,0,18,0,1,0,0,0,0,1,1,6,2,6,1400,1,6,9,3
2013130513299,1,9,0,18,0,0,0,0,0,0,3,1,6,1,5,2497,2,8,1,1
2013130513299,2,9,0,18,0,0,1,0,7,0,4,1,1,1,6,998,1,1,1,1
2013130513329,1,9,0,14,0,2,0,0,0,0,1,1,6,2,9,1896,2,12,4,3
2013130513962,1,4,0,9,0,6,1,0,0,0,3,1,6,1,6,748,1,23,6,3
2013130514283,1,9,0,18,0,1,0,0,0,0,1,1,6,2,7,1390,1,9,7,1
2013130514349,1,9,0,18,0,6,0,0,0,0,1,1,6,2,8,1799,1,4,5,1
2013130514349,2,9,0,18,0,1,1,0,0,0,3,1,6,1,10,1461,2,3,4,1
2013130514349,3,9,0,18,0,1,0,0,0,0,3,1,6,1,7,1796,1,6,2,1
2013130514354,1,9,0,18,0,0,1,0,0,0,3,1,6,1,5,3999,1,5,2,1
2013130514354,2,9,0,2,0,0,0,0,0,0,2,1,6,3,-1,998,1,1,-1,-1
2013130514390,1,9,0,17,0,0,1,0,1,4,1,1,6,1,7,1390,1,9,9,1
2013130514439,1,9,0,16,0,8,5,9,4,6,1,1,6,1,6,1968,2,5,1,1
2013130514439,2,9,0,16,0,8,0,0,0,0,2,1,6,2,6,1364,1,4,6,1
2013130514486,1,9,0,18,0,1,0,0,0,0,0,1,6,3,-1,-1,-1,-1,-1,-1
2013130514489,1,9,0,17,0,1,0,0,0,0,1,1,2,1,7,1998,2,7,3,1
2013130514780,1,9,0,16,0,0,0,0,1,4,1,1,6,1,4,1246,1,6,8,1
2013130515189,1,9,0,18,0,1,0,0,0,0,2,1,6,1,6,-1,-1,-1,9,1
2013130515189,2,9,0,18,0,1,0,0,0,0,1,1,6,1,8,2497,2,9,-1,-1
2013130515189,3,9,0,18,0,1,0,0,0,0,1,1,6,1,7,1896,2,11,2,1
2013130515277,1,9,0,18,0,0,0,0,0,0,2,1,2,2,8,998,1,13,4,1
2013130515277,2,21,1,11,0,0,0,0,0,0,3,1,6,3,-1,11705,2,5,-1,-1
2013130515518,1,9,0,18,0,1,0,0,0,0,1,1,6,1,7,-1,-1,-1,-1,-1
2013130515518,2,9,0,18,0,8,0,0,0,0,4,1,6,2,7,1149,1,3,2,1
2013130515887,1,11,0,9,0,8,0,0,0,0,1,1,6,2,7,-1,-1,-1,1,1
2013130515887,2,9,0,14,0,8,0,0,0,0,4,1,6,1,7,1896,2,3,6,1
2013130516006,1,9,0,4,0,1,0,0,0,0,2,1,6,1,9,1490,1,4,-1,-1
2013130516006,2,9,0,4,0,1,0,0,0,0,2,1,6,2,8,-1,-1,-1,5,1
2013130516006,3,19,0,4,0,1,0,0,0,0,1,1,6,1,7,1968,2,1,4,1
2013130516043,1,9,0,9,0,1,0,0,0,0,1,1,6,2,8,1086,1,6,2,1
2013130516043,2,5,0,18,0,1,0,0,0,0,1,1,6,1,8,1002,1,24,8,3
2013130516092,1,9,0,18,0,8,0,0,0,0,1,1,6,2,8,1582,2,3,1,1
2013130516092,2,9,0,18,0,2,0,0,0,0,4,1,6,2,6,1390,1,12,2,1
2013130516096,1,9,0,18,0,0,0,0,0,0,3,1,6,1,6,1396,1,2,6,1
2013130516425,1,9,0,18,0,0,0,0,0,0,1,1,6,3,-1,2429,1,6,-1,-1
2013130516425,2,9,0,13,0,0,0,0,0,0,4,1,6,2,8,1796,1,5,4,1
2013130516450,1,9,0,17,0,0,2,0,1,0,4,1,6,1,5,1242,1,11,5,2
2013130516558,1,9,0,18,0,0,0,0,0,0,1,1,6,2,8,998,1,2,3,1
2013130516558,2,9,0,2,0,0,0,0,0,0,2,1,6,2,4,1199,1,11,-1,-1
2013130516720,1,4,0,9,0,0,0,0,0,0,1,1,6,2,7,-1,-1,-1,4,1
2013130516720,2,9,0,18,0,0,0,0,0,0,1,1,6,1,7,-1,-1,-1,4,1
2013130516883,1,9,0,18,0,0,0,0,0,0,1,1,6,1,8,1229,1,5,7,1
2013130517272,1,9,0,18,0,0,0,0,0,0,1,1,6,2,8,1240,1,7,-1,-1
2013130517349,1,21,0,9,0,8,0,0,0,0,1,1,1,1,8,12130,2,8,3,2
2013130517349,2,11,0,18,0,8,0,0,0,0,1,1,1,1,8,7300,2,6,1,1
2013130517390,1,9,0,7,0,0,0,0,0,0,1,1,6,1,7,1997,2,7,6,1
2013130517509,1,9,0,18,0,1,0,0,0,0,1,1,6,2,4,998,1,5,-1,-1
2013130517509,2,9,0,18,0,1,0,0,0,0,2,1,6,2,4,1998,2,8,9,1
2013130517852,1,9,0,18,0,6,0,0,0,0,4,1,1,2,9,1242,1,-1,5,1
2013130517852,2,1,0,18,0,1,0,0,0,0,1,1,2,1,6,-1,-1,-1,6,1
2013130518278,1,9,0,18,0,1,0,0,0,0,1,1,6,1,7,1995,1,9,1,1
2013130518278,2,9,0,3,0,1,0,0,0,0,2,1,6,2,7,1796,1,10,6,1
2013130518305,1,9,0,9,0,2,0,0,0,0,1,1,2,2,9,998,1,9,8,1
2013130518391,1,2,0,18,0,1,0,0,0,0,1,1,6,1,5,-1,-1,-1,2,1
2013130518391,2,9,0,9,0,6,0,0,0,0,3,1,6,2,9,1124,1,13,2,1
2013130518475,1,4,0,18,0,0,0,0,0,0,1,1,6,1,9,649,1,2,4,1
2013130518481,1,9,0,18,0,8,0,0,0,0,1,1,6,2,11,1364,1,6,2,1
2013130518481,2,9,0,18,0,8,0,0,0,0,3,1,6,2,6,1997,2,14,2,1
2013130518487,1,19,0,9,0,6,0,0,0,0,1,1,1,1,6,2198,2,3,8,1
2013130518487,2,10,0,18,0,1,0,0,7,10,1,1,1,1,5,2500,2,5,10,2
2013130518805,1,11,0,18,0,8,0,0,0,0,0,1,1,1,8,1100,2,15,2,1
2013130518861,1,11,0,18,0,0,0,0,0,0,1,1,1,1,-1,-1,-1,-1,-1,-1
2013130518876,1,9,0,18,0,0,0,0,0,0,0,1,6,3,-1,-1,-1,-1,-1,-1
2013130518876,2,9,0,18,0,0,0,0,0,0,1,1,6,1,7,1995,2,8,1,1
2013130518876,3,9,0,18,0,0,0,0,0,0,2,1,6,2,8,1398,2,1,1,1
2013130519042,1,8,0,3,0,1,0,0,0,0,3,1,6,1,9,1896,2,6,5,1
2013130519042,2,9,0,3,0,1,0,0,0,0,4,1,6,1,7,1896,2,6,2,1
2013130519042,3,5,0,18,0,1,0,0,0,0,1,1,6,1,4,599,1,17,1,1
2013130519097,1,9,0,18,0,0,0,0,0,0,3,1,6,1,6,1587,1,7,1,1
2013130519116,1,9,0,18,0,0,0,0,0,0,3,1,6,1,7,1368,1,3,2,1
2013130519300,1,9,0,18,0,8,0,0,0,0,1,1,6,2,10,1968,2,-1,4,1
2013130519300,2,9,0,18,0,8,0,0,0,0,2,1,6,2,7,1461,2,1,5,1
2013130519472,1,9,0,18,0,0,0,0,0,0,1,1,6,2,-1,2000,2,7,-1,-1
2013130519472,2,9,0,18,0,0,0,0,0,0,2,1,6,1,6,1896,2,9,3,1
2013130519504,1,9,0,18,0,8,0,0,0,0,1,1,6,1,4,999,1,12,7,1
2013130519652,1,9,0,18,0,0,0,0,0,0,1,1,6,1,8,1149,1,13,5,1
2013130519685,1,9,0,18,0,0,0,0,0,0,1,1,6,1,7,-1,-1,-1,-1,-1
2013130519685,2,9,0,3,0,0,0,0,0,0,2,1,6,1,8,-1,-1,-1,-1,-1
2013130519752,1,9,0,9,0,1,0,0,0,0,4,1,6,2,5,1896,2,6,-1,-1
2013130519752,2,9,0,18,0,1,0,0,0,0,1,1,6,1,6,-1,-1,-1,3,1
2013130519769,1,9,0,18,0,0,0,0,0,0,1,1,6,1,4,998,1,7,3,1
2013130519769,2,9,0,18,0,0,0,0,0,0,2,1,6,1,8,1968,2,1,6,1
2013130519940,1,9,0,18,0,1,0,0,0,0,2,1,6,2,6,-1,-1,-1,4,1
2013130519940,2,9,0,18,0,1,0,0,0,0,3,1,6,1,-1,-1,-1,-1,-1,-1
2013130519960,1,9,0,18,0,1,0,4,0,0,1,1,6,1,11,1390,1,13,5,1
2013130519960,2,9,0,2,0,1,0,0,0,0,2,1,6,1,-1,-1,-1,-1,3,1
2013130520133,1,9,0,18,0,1,0,0,0,0,1,1,6,1,6,1753,2,13,1,1
2013130520133,2,9,0,18,0,1,0,0,0,0,2,1,6,1,5,-1,-1,-1,4,1
2013130520462,1,9,0,18,0,1,0,0,0,0,1,1,6,1,7,1399,2,6,-1,-1
2013130520462,2,9,0,18,0,1,0,0,0,0,3,1,6,1,6,1596,1,10,2,1
2013130520465,1,9,0,18,0,2,0,0,0,0,1,1,6,1,7,1198,1,-1,4,1
2013130520465,2,1,0,18,0,6,0,0,0,0,3,1,6,1,4,-1,-1,-1,-1,-1
2013130520563,1,4,0,18,0,1,0,0,0,0,3,1,6,1,6,599,1,6,1,1
2013130520563,2,9,0,18,0,6,0,0,0,0,1,1,6,3,-1,-1,-1,-1,-1,-1
2013130520564,1,9,0,18,0,0,1,0,7,10,1,1,6,2,9,2664,2,11,7,1
2013130520689,1,8,0,7,0,0,0,0,0,0,1,1,6,2,6,-1,-1,-1,-1,-1
2013130520689,2,9,0,18,0,0,0,0,0,0,0,1,6,1,6,1598,1,1,-1,-1
2013130520810,1,9,0,17,0,0,2,0,1,10,1,1,6,1,5,1560,2,-1,10,1
2013130521172,1,8,0,1,0,0,0,0,0,0,2,1,6,1,6,1998,2,5,-1,-1
2013130521283,1,90,0,18,9,2,0,0,0,0,3,1,6,2,10,-1,-1,-1,-1,-1