Accident_Index,Vehicle_Reference,Vehicle_Type,Towing_and_Articulation,Vehicle_Manoeuvre,Vehicle_Location-Restricted_Lane,Junction_Location,Skidding_and_Overturning,Hit_Object_in_Carriageway,Vehicle_Leaving_Carriageway,Hit_Object_off_Carriageway,1st_Point_of_Impact,Was_Vehicle_Left_Hand_Drive?,Journey_Purpose_of_Driver,Sex_of_Driver,Age_Band_of_Driver,Engine_Capacity_(CC),Propulsion_Code,Age_of_Vehicle,Driver_IMD_Decile,Driver_Home_Area_Type
2013130521283,2,9,0,18,0,2,0,0,0,0,4,1,6,1,8,-1,-1,-1,4,1
2013130521320,1,1,0,18,4,1,0,0,0,0,3,1,6,1,8,-1,-1,-1,1,1
2013130521615,1,11,0,9,0,5,0,0,0,0,4,1,1,1,8,9360,2,1,3,1
2013130521700,1,8,0,18,0,0,0,0,0,0,0,1,1,1,-1,-1,-1,-1,-1,-1
2013130521702,1,11,0,18,0,0,0,0,0,0,0,1,1,1,-1,7300,2,8,-1,-1
2013130521954,1,9,0,9,0,8,0,0,0,0,1,1,6,2,10,1364,1,5,5,2
2013130521954,2,3,0,5,0,8,0,0,0,0,3,1,6,1,8,1050,1,6,6,2
2013130522001,1,9,0,9,0,1,0,0,0,0,4,1,6,3,-1,1598,1,7,-1,-1
2013130522001,2,1,0,18,0,1,0,0,0,0,1,1,6,1,8,-1,-1,-1,-1,-1
2013130522028,1,8,0,4,0,0,0,0,0,0,2,1,1,1,9,1896,2,5,3,1
2013130522028,2,9,0,18,0,0,0,0,0,0,1,1,6,2,-1,-1,-1,-1,-1,-1
2013130522264,1,9,0,9,0,6,0,0,0,0,3,1,6,1,6,1995,2,7,1,1
2013130522264,2,5,0,18,0,8,1,0,0,0,1,1,6,1,6,1255,1,-1,4,1
2013130522425,1,9,0,18,0,2,5,0,2,2,1,1,6,1,6,1995,2,1,6,1
2013130522494,1,9,0,18,0,0,0,0,0,0,1,1,6,2,7,1388,1,7,10,2
2013130522494,2,9,0,2,0,0,0,0,0,0,2,1,6,1,6,1794,1,11,8,1
2013130522494,3,9,0,2,0,0,0,0,0,0,1,1,6,2,6,1598,2,1,8,1
2013130522494,4,9,0,2,0,0,0,0,0,0,3,1,6,1,6,1995,2,4,8,1
2013130522494,5,9,0,2,0,0,0,0,0,0,3,1,6,1,6,1968,2,-1,-1,-1
2013130522541,1,9,0,18,0,1,0,0,0,0,4,1,1,2,8,1124,1,7,6,1
2013130522542,1,9,0,18,0,0,0,0,0,0,1,1,6,1,5,-1,-1,-1,1,1
2013130522839,1,9,0,18,0,1,0,0,0,0,1,1,6,2,6,2143,2,-1,4,1
2013130522839,2,9,0,9,0,1,0,0,0,0,2,1,6,2,4,2995,1,8,-1,-1
2013130522950,1,9,0,16,0,4,1,0,0,0,1,1,6,1,5,1686,2,10,3,2
2013130522950,2,9,0,3,0,4,0,0,0,0,2,1,6,1,7,2993,2,-1,1,1
2013130522982,1,9,0,1,0,0,0,0,0,0,1,1,6,1,6,-1,-1,-1,1,1
2013130522982,2,9,0,18,0,0,0,0,0,0,1,1,6,3,-1,-1,-1,-1,-1,-1
2013130523274,1,21,1,11,0,0,0,0,0,0,1,1,1,1,6,12777,2,2,4,2
2013130523274,2,9,0,18,0,0,1,0,5,6,2,1,6,2,5,1242,1,11,10,1
2013130523391,1,9,0,18,0,0,0,0,0,0,1,1,6,1,6,1299,1,11,1,1
2013130523427,1,9,0,17,0,0,0,0,0,0,1,1,6,2,7,1598,2,2,-1,-1
2013130523427,2,10,0,17,0,0,0,0,0,0,3,1,6,1,7,-1,-1,-1,2,1
2013130523976,1,9,0,18,0,1,0,0,0,0,3,1,6,1,10,1598,2,-1,4,1
2013130523976,2,9,0,18,0,1,0,0,0,0,1,1,6,2,9,1988,2,7,6,1
2013130524020,1,8,0,5,0,1,0,0,0,0,1,1,1,3,-1,-1,-1,-1,-1,-1
2013130524024,1,9,0,18,0,1,0,0,0,0,1,1,6,1,7,1560,2,5,4,1
2013130524024,2,9,0,9,0,1,0,0,0,0,4,1,6,1,8,1598,2,3,3,1
2013130524146,1,9,0,16,0,1,0,0,0,0,1,1,6,1,6,1995,2,-1,8,1
2013130524146,2,9,0,17,0,1,0,0,0,0,3,1,6,2,5,1390,1,15,8,2
2013130524177,1,9,0,13,0,0,0,0,0,0,1,1,6,1,-1,1364,1,5,-1,-1
2013130524177,2,1,0,18,0,0,1,0,1,0,2,1,6,2,7,-1,-1,-1,10,1
2013130524260,1,9,0,12,0,1,0,0,0,0,2,1,6,1,6,1390,1,11,4,1
2013130524260,2,9,0,18,0,1,0,0,0,0,1,1,6,1,6,1968,2,3,5,1
2013130524363,1,9,0,4,0,0,1,0,0,0,3,1,6,1,7,1800,1,13,3,1
2013130524363,2,9,0,18,0,0,0,0,0,0,4,1,6,1,7,2987,2,5,10,2
2013130524363,3,9,0,18,0,0,0,0,0,0,4,1,6,1,7,2400,2,2,6,3
2013130524363,4,9,0,18,0,0,0,0,0,0,1,1,6,1,6,1364,1,7,1,1
2013130524363,5,19,0,18,0,0,0,0,0,0,4,1,6,1,8,-1,-1,-1,6,1
2013130524363,6,9,0,18,0,0,0,0,0,6,3,1,6,2,6,1149,1,8,2,1
2013130524404,1,9,0,18,0,0,0,0,0,0,4,1,6,1,7,1560,2,-1,1,1
2013130524463,1,9,0,18,0,0,0,0,0,0,1,1,6,2,6,1997,2,7,1,1
2013130524463,2,9,0,3,0,0,0,0,0,0,2,1,6,2,6,1198,1,9,1,1
2013130524463,3,9,0,3,0,0,0,0,0,0,2,1,6,2,6,2143,2,-1,4,1
2013130524490,1,9,0,9,0,6,0,0,0,0,1,1,6,1,4,2830,2,18,2,1
2013130524490,2,9,0,18,0,8,0,0,0,0,1,1,6,1,6,2967,2,1,1,1
2013130524490,3,9,0,18,0,8,0,0,0,0,1,1,6,1,7,1248,2,-1,-1,-1
2013130524580,1,9,0,18,0,1,0,0,0,0,1,1,6,1,5,-1,-1,-1,4,1
2013130524580,2,9,0,7,0,1,0,0,0,0,2,1,6,1,9,2500,6,16,2,1
2013130524580,3,9,0,3,0,1,0,0,0,0,3,1,6,1,5,1968,2,3,4,1
2013130524760,1,9,0,9,0,1,0,0,0,0,4,1,6,1,8,1968,2,1,3,1
2013130524760,2,3,0,18,0,1,0,0,0,0,1,1,6,1,5,124,1,13,4,1
2013130524841,1,90,0,18,0,1,0,0,0,0,3,1,6,1,8,6370,2,7,9,1
2013130524841,2,1,0,18,0,1,0,0,0,0,1,1,6,1,5,-1,-1,-1,-1,-1
2013130525174,1,9,0,9,0,4,0,0,0,0,3,1,6,1,6,1390,1,8,8,1
2013130525174,2,1,0,18,0,7,0,0,0,0,1,1,6,1,6,-1,-1,-1,2,1
2013130525471,1,11,0,4,0,4,0,0,0,0,0,1,1,1,6,4820,2,2,2,1
2013130525600,1,9,0,9,0,1,0,0,0,0,3,1,6,1,5,1598,1,11,-1,-1
2013130525600,2,9,0,18,0,1,0,0,7,0,1,1,6,1,7,1896,2,7,2,1
2013130525623,1,9,0,5,0,0,0,0,0,0,1,1,6,1,7,2720,2,5,7,1
2013130525623,2,9,0,18,0,0,0,0,0,0,1,1,6,2,7,1997,2,6,4,1
2013130525644,1,9,0,9,0,5,0,0,0,0,1,1,6,1,8,1587,1,10,10,1
2013130525829,1,9,0,18,0,2,0,0,0,0,3,1,6,1,6,1896,2,11,-1,-1
2013130526581,1,9,0,18,0,1,0,0,0,0,1,1,6,2,9,1199,1,13,10,1
2013130526581,2,9,0,9,0,1,0,0,0,0,4,1,6,1,-1,1368,1,7,6,2
2013130526621,1,8,0,18,0,0,0,0,0,0,1,1,1,1,7,1560,2,1,7,1
2013130526706,1,9,0,9,0,0,0,0,0,0,1,1,6,2,8,1328,1,6,7,1
2013130526706,2,1,0,18,0,0,0,0,0,0,1,1,6,1,4,-1,-1,-1,9,1
2013130526735,1,9,0,18,0,4,0,0,0,0,3,1,6,1,10,1598,1,5,8,1
2013130526735,2,1,0,18,0,8,0,0,0,0,1,1,6,1,6,-1,-1,-1,6,1
2013130527006,1,9,0,9,0,5,0,0,0,0,4,1,6,1,11,1396,1,13,5,1
2013130527006,2,9,0,18,0,1,0,0,0,0,1,1,6,1,7,1991,2,2,1,1
2013130527345,1,9,0,18,0,4,0,0,0,0,1,1,6,1,-1,1497,1,11,6,1
2013130527345,2,1,0,18,0,8,0,0,0,0,4,1,6,1,7,-1,-1,-1,-1,-1
2013130527524,1,9,0,9,0,8,0,0,0,0,1,1,6,2,8,1229,1,7,2,1
2013130527524,2,9,0,18,0,8,0,0,0,0,4,1,6,1,5,1995,2,3,7,1
2013130527625,1,9,0,9,0,5,0,0,0,0,1,1,6,1,-1,1896,2,11,-1,-1
2013130527625,2,9,0,18,0,8,0,0,0,0,1,1,6,1,7,1527,2,15,4,1
2013130527931,1,9,0,18,0,6,0,0,0,0,1,1,6,2,9,1242,1,11,-1,-1
2013130527931,2,9,0,18,0,5,0,0,0,0,1,1,6,1,8,1596,1,9,3,1
2013130528017,1,9,0,18,0,1,0,0,0,0,1,1,6,1,5,1781,1,14,9,1
2013130528017,2,9,0,18,0,1,0,0,0,0,1,1,6,2,6,1229,1,8,2,1
2013130528106,1,9,0,18,0,0,2,0,0,0,0,1,6,1,5,1198,1,11,-1,-1
2013130528147,1,11,0,7,0,6,0,0,0,10,1,1,1,1,6,7300,2,9,3,1
2013130528147,2,9,0,2,0,2,0,0,0,0,2,1,6,1,-1,1997,2,14,3,1
2013130528147,3,9,0,2,0,2,0,0,0,0,2,1,6,1,8,1997,2,3,2,1
2013130528147,4,9,0,2,0,2,0,0,0,0,2,1,6,2,6,1392,1,14,2,1
2013130528147,5,9,0,2,0,2,0,0,0,0,2,1,6,1,-1,1995,2,6,1,1
2013130528147,6,9,0,2,0,2,0,0,0,0,2,1,6,3,-1,1968,2,-1,1,1
2013130528147,7,9,0,2,0,2,0,0,0,0,2,1,6,1,-1,1360,1,8,3,1
2013130528203,1,9,0,18,0,0,0,0,0,0,1,1,6,2,6,1422,2,9,8,1
2013130528203,2,9,0,4,0,0,0,0,0,0,2,1,6,2,8,1242,1,6,3,1
2013130528534,1,9,3,18,0,0,0,0,0,0,1,1,6,1,10,2967,1,9,7,1
2013130528861,1,9,0,18,0,1,0,0,0,0,1,1,6,2,6,1396,1,11,5,1
2013130528861,2,9,0,18,0,1,0,0,0,0,2,1,6,1,6,1968,2,6,-1,-1
2013130528890,1,9,0,18,0,1,0,0,0,0,1,1,6,2,9,1598,1,-1,7,3
2013130528890,2,9,0,4,0,1,0,0,0,0,2,1,6,3,-1,1870,2,10,-1,-1
2013130528955,1,9,0,3,0,4,0,0,0,0,1,1,6,1,7,998,1,10,3,1
2013130528955,2,9,0,18,0,4,0,0,0,0,2,1,6,2,5,1896,2,5,1,1
2013130529197,1,9,0,2,0,0,0,0,0,0,1,1,6,2,6,1390,1,7,7,1
2013130529197,2,9,0,1,0,0,0,0,0,0,1,1,6,1,-1,1951,2,10,-1,-1
2013130529264,1,9,0,18,0,1,0,0,0,0,1,1,6,3,-1,1598,1,10,-1,-1
2013130529264,2,9,0,18,0,1,0,0,0,0,1,1,6,2,7,1560,2,4,8,1
2013130529424,1,9,0,18,0,6,0,0,0,0,4,1,6,1,6,1998,2,5,1,1
2013130529424,2,9,0,18,0,1,0,0,0,0,1,1,6,1,4,1900,2,13,6,3
2013130529725,1,9,0,18,0,0,0,0,0,0,1,1,1,1,8,1560,2,5,3,1
2013130529732,1,9,0,18,0,6,5,7,0,0,1,1,6,1,8,1794,1,7,1,1
2013130529733,1,9,0,18,0,0,0,0,0,0,1,1,6,1,10,1896,2,6,4,1
2013130529733,2,9,0,2,0,0,0,0,0,0,3,1,6,1,-1,1598,1,1,4,1
2013130529984,1,9,0,18,0,2,0,0,0,0,4,1,6,2,9,1598,1,2,10,1
2013130530056,1,9,0,18,0,0,0,0,4,0,1,1,6,1,8,-1,-1,-1,9,3
2013130530056,2,9,0,18,0,0,0,0,0,0,3,1,6,1,8,1341,1,9,7,3
2013130530056,3,9,0,18,0,0,0,0,0,0,1,1,6,1,10,1598,1,4,1,1
2013130530179,1,11,0,4,0,1,0,0,0,0,0,1,1,1,8,6692,2,1,2,1
2013130530347,1,9,0,18,0,8,0,0,0,0,1,1,6,2,8,1242,1,3,2,1
2013130530347,2,9,0,18,0,8,0,0,0,0,3,1,6,1,5,1686,2,9,1,1
2013130530379,1,9,0,18,0,6,0,0,0,0,1,1,6,1,5,1396,1,10,-1,-1
2013130530379,2,9,0,18,0,1,0,0,0,0,4,1,6,2,7,1560,2,2,6,1
2013130530379,3,9,0,18,0,1,0,0,0,0,0,1,1,1,5,1248,2,4,-1,-1
2013130530744,1,9,0,1,0,6,0,0,0,0,4,1,6,3,-1,-1,-1,-1,-1,-1
2013130530744,2,9,0,18,0,1,0,0,0,0,1,1,6,1,7,1984,1,8,-1,-1
2013130530777,1,9,0,18,0,8,0,0,0,0,1,1,6,2,7,1199,1,10,8,1
2013130530777,2,9,0,9,0,8,0,0,0,0,1,1,6,1,8,1364,1,4,7,1
2013130531102,1,9,0,18,0,0,0,0,0,0,1,1,6,2,9,1870,2,7,3,1
2013130531102,2,9,0,17,0,0,0,0,0,0,1,1,6,1,9,1360,1,11,2,1
2013130531264,1,9,0,18,0,1,0,0,0,0,1,1,6,3,-1,-1,-1,-1,-1,-1
2013130531282,1,9,0,2,0,0,0,0,0,0,1,1,6,3,-1,1598,1,9,-1,-1
2013130531409,1,9,0,18,0,1,0,0,0,0,1,1,6,3,-1,-1,-1,-1,-1,-1
2013130532265,1,9,0,18,0,2,0,0,0,0,1,1,6,1,5,1086,1,11,2,1
2013130532334,1,9,0,1,0,1,0,0,0,0,2,1,6,1,6,-1,-1,-1,-1,-1
2013130532334,2,9,0,18,0,1,0,0,0,0,1,1,6,2,7,1389,1,14,1,1
2013130532381,1,9,0,9,0,6,0,0,0,0,3,1,6,1,6,-1,-1,-1,4,1
2013130532381,2,9,0,18,0,8,0,0,0,0,1,1,6,2,11,1598,1,12,8,1
2013130532456,1,9,0,18,0,0,0,0,0,0,1,1,6,3,-1,1498,1,7,-1,-1
2013130532456,2,9,0,2,0,0,0,0,0,0,1,1,6,1,9,1324,1,14,6,1
2013130532506,1,9,0,18,0,1,0,0,0,0,1,1,6,1,6,1398,1,1,8,1
2013130532506,2,9,0,9,0,1,0,0,0,0,2,1,6,1,9,1386,1,3,1,1
2013130532631,1,1,0,18,0,8,0,0,0,0,4,1,6,1,5,-1,-1,-1,2,1
2013130532631,2,9,0,18,0,4,0,0,0,0,1,1,6,1,-1,1999,1,2,-1,-1
2013130532639,1,9,0,18,0,8,0,0,0,0,1,1,6,1,6,1598,1,9,9,1
2013130532639,2,9,0,18,0,6,1,0,0,0,4,1,6,2,10,1598,1,8,7,1
2013130532639,3,9,0,3,0,1,0,0,0,0,1,1,6,1,7,1364,1,7,10,2
2013130532668,1,9,0,7,0,1,0,0,0,0,1,1,6,1,7,1910,2,9,3,1
2013130532668,2,9,0,18,0,1,0,0,0,0,4,1,6,1,9,1783,1,14,6,1
2013130532676,1,3,0,18,0,0,0,0,0,0,1,1,6,1,4,124,1,2,1,1
2013130532676,2,9,0,2,0,0,0,0,0,0,2,1,6,2,5,1390,1,14,2,1
2013130532695,1,9,0,9,0,8,0,0,0,0,1,1,6,1,6,-1,-1,-1,4,1
2013130532695,2,90,0,18,0,8,0,0,0,0,2,1,6,2,10,-1,-1,-1,1,1
2013130532824,1,9,0,5,0,8,0,0,0,0,3,1,6,1,6,3222,2,11,4,1
2013130532824,2,9,0,18,0,8,0,0,0,0,1,1,6,1,5,3246,1,13,1,1
2013130532824,3,9,0,2,0,1,0,0,0,0,3,1,6,1,6,2171,2,10,2,1
2013130532829,1,9,0,18,0,2,0,0,0,0,1,1,6,2,6,1596,1,12,2,1
2013130532892,1,9,0,18,0,1,0,0,0,0,1,1,6,1,4,1796,1,15,1,1
2013130532892,2,9,0,3,0,1,0,0,0,0,2,1,6,2,8,-1,-1,-1,1,1
2013130533519,1,9,0,18,0,0,0,0,0,0,3,1,6,3,-1,1598,1,15,-1,-1
2013130533523,1,9,0,16,0,0,0,0,0,0,3,1,6,1,8,1762,1,16,7,1
2013130533523,2,9,0,17,0,0,1,0,0,0,3,1,6,1,7,3387,1,9,10,2
2013130533671,1,9,0,9,0,8,0,0,0,0,3,1,6,1,7,-1,-1,-1,1,1
2013130533671,2,9,0,18,0,1,0,0,0,0,1,1,6,1,4,1598,1,9,1,1
2013130533794,1,9,0,18,0,8,0,0,0,0,1,1,6,1,5,1396,1,14,1,1
2013130533794,2,9,0,18,0,8,0,0,0,0,2,1,6,2,6,1997,1,10,5,1
2013130533912,1,9,0,18,0,0,0,0,0,0,3,1,6,1,4,1560,2,10,8,1
2013130533975,1,9,0,6,0,0,0,0,0,0,3,1,6,1,7,1686,2,11,1,1
2013130533975,2,9,0,18,0,0,0,0,0,0,1,1,6,1,6,2148,2,11,-1,-1
2013131300284,1,9,0,9,0,8,0,0,0,0,1,1,6,2,7,1598,1,11,2,1
2013131300284,2,9,0,18,0,8,0,0,0,0,1,1,6,1,8,998,1,4,7,3
2013131300504,1,3,0,18,0,1,1,0,7,0,1,1,6,1,4,125,1,1,5,1
2013131300504,2,9,0,9,0,5,0,0,0,0,3,1,6,1,6,-1,-1,-1,4,1
2013131302816,1,9,0,18,0,1,0,0,0,0,1,1,6,3,-1,1994,1,14,-1,-1
2013131302816,2,9,0,8,0,1,0,0,0,0,0,1,6,2,6,1896,2,9,1,1
2013131303091,1,1,0,18,0,0,0,0,0,0,3,1,6,1,3,-1,-1,-1,1,1
2013131303091,2,9,0,18,0,0,0,0,0,0,1,1,6,2,5,1124,1,12,-1,-1
201313D010563,1,8,0,9,0,6,0,0,0,0,1,1,1,1,7,1910,2,6,1,1
2013140001348,1,9,0,3,0,1,0,0,0,0,3,1,6,1,7,1388,1,3,7,1
2013140001348,2,9,0,-1,0,-1,0,0,0,0,0,1,6,1,7,1995,2,5,-1,-1
2013140001348,3,9,0,-1,0,-1,0,0,0,0,0,1,6,1,7,-1,-1,-1,-1,-1
2013140001446,1,9,0,18,0,1,0,0,0,0,4,1,6,1,6,1910,2,6,7,1
2013140001446,2,9,0,18,0,1,0,0,0,0,1,1,6,1,-1,1197,1,1,3,1
2013140001500,1,9,0,18,0,2,0,0,0,0,4,1,6,1,7,1997,2,6,3,1
2013140001500,2,9,0,-1,0,-1,0,0,0,0,0,1,6,3,-1,1598,1,9,-1,-1
2013140001504,1,11,0,4,0,1,0,0,0,0,0,1,1,1,8,-1,2,15,7,1
2013140001544,1,9,0,3,0,0,0,0,0,0,0,1,6,2,5,1598,1,11,5,1
2013140001544,2,9,0,3,0,0,0,0,0,0,0,1,6,3,-1,1368,1,5,-1,-1
2013140001588,1,9,0,2,0,0,0,0,0,0,1,1,6,2,9,1796,1,14,4,2
2013140001588,2,9,0,18,0,0,0,4,0,0,1,1,6,1,8,1868,2,12,1,2
2013140001594,1,9,0,18,0,2,0,0,0,0,1,1,6,1,11,1998,2,6,8,1
2013140001604,1,9,0,18,0,6,0,0,0,0,3,1,1,1,6,1997,1,9,1,1
2013140001604,2,20,1,9,0,8,0,0,0,0,1,1,6,1,7,-1,-1,-1,4,1
2013140001618,1,9,0,1,0,2,0,0,0,0,2,1,2,1,5,1998,2,11,1,1
2013140001627,1,11,0,18,0,2,0,0,0,0,1,1,1,1,10,4580,2,6,8,2
2013140001631,1,3,0,18,0,1,0,0,0,0,3,1,6,1,6,124,1,8,1,1
2013140001631,2,9,0,9,0,2,0,0,0,0,4,1,6,2,7,-1,-1,-1,7,1
2013140001669,1,9,0,18,0,8,0,0,0,0,1,1,6,1,8,-1,-1,-1,1,1
2013140001713,1,9,0,9,0,2,0,0,0,0,1,1,6,1,4,1390,1,9,8,1
2013140001730,1,9,0,11,0,8,0,0,0,0,4,1,6,1,10,1796,1,7,10,1
2013140001730,2,9,0,18,0,8,0,0,0,0,3,1,6,2,6,1390,1,6,6,1
2013140001735,1,20,1,18,0,0,0,0,0,0,3,1,1,1,6,-1,-1,-1,1,1
2013140001759,1,9,0,9,0,1,0,0,0,0,3,1,1,1,8,1997,2,1,4,1
2013140001759,2,5,0,18,0,1,2,0,0,0,1,1,2,1,5,929,1,11,1,1
2013140001764,1,9,0,18,0,8,0,0,0,0,3,1,6,1,8,1598,2,1,2,1
2013140001764,2,1,0,18,0,6,0,0,0,0,1,1,6,1,4,-1,-1,-1,2,1
2013140001813,1,9,0,18,0,8,0,0,0,0,3,1,6,2,5,1242,1,9,1,1
2013140001813,2,9,0,9,0,8,0,0,0,0,1,1,2,1,7,2678,1,11,2,1
2013140001822,1,9,0,5,0,6,0,0,0,0,2,1,6,1,9,1390,1,4,10,1
2013140001822,2,9,0,4,0,1,0,0,0,0,1,1,6,1,6,1956,2,3,6,1
2013140001829,1,-1,0,-1,0,0,0,0,0,0,0,1,6,3,-1,-1,-1,-1,-1,-1
2013140001841,1,9,0,1,0,1,0,0,0,0,2,1,1,1,7,-1,-1,-1,7,1
2013140001844,1,9,0,3,0,0,0,0,0,0,2,1,1,2,6,1991,2,4,7,1
2013140001844,2,9,0,3,0,0,0,0,0,0,2,1,6,1,7,1988,2,6,5,1
2013140001844,3,9,0,3,0,0,0,0,0,0,1,1,6,1,11,1597,1,18,-1,-1
2013140001862,1,9,0,18,9,1,0,0,0,0,1,1,6,2,8,998,1,5,5,2
2013140001880,1,9,0,1,0,0,0,0,0,0,2,1,6,1,9,2199,2,3,2,1
2013140001880,2,9,0,2,0,0,0,0,0,0,2,1,6,1,6,1753,2,6,1,1
2013140001881,1,9,0,3,0,1,0,0,0,0,3,1,6,1,5,-1,-1,-1,1,1
2013140001881,2,9,0,18,0,1,0,0,0,0,0,1,6,2,8,1397,1,6,5,1
2013140001891,1,9,0,18,0,0,0,0,0,0,1,1,6,2,9,1299,1,8,1,1
2013140001891,2,1,0,18,0,0,0,0,0,0,1,1,6,1,2,-1,-1,-1,1,1
2013140001898,1,9,0,9,0,6,0,0,0,0,3,1,2,1,5,-1,-1,-1,2,1
2013140001898,2,9,0,18,0,1,0,0,0,0,1,1,6,1,5,1399,2,2,2,1
2013140001901,1,9,0,5,0,4,0,0,0,0,1,1,6,2,4,1997,2,8,4,1
2013140001901,2,9,0,-1,0,-1,0,0,0,0,0,1,6,3,-1,1956,2,4,-1,-1
2013140001912,1,9,0,18,0,1,0,0,0,0,2,1,1,1,9,-1,-1,-1,1,1
2013140001912,2,1,0,18,0,1,0,0,0,0,1,1,6,1,3,-1,-1,-1,2,1
2013140001944,1,9,0,9,0,4,0,0,0,0,3,1,6,1,10,1242,1,6,4,3
2013140001944,2,1,0,18,0,8,0,0,0,0,1,1,6,1,10,-1,-1,-1,3,1
2013140001948,1,9,0,2,0,0,0,0,0,0,1,1,6,1,8,2198,2,5,10,1
2013140001948,2,1,0,18,0,0,0,4,0,0,1,1,6,1,7,-1,-1,-1,3,1
2013140001965,1,9,0,9,0,8,0,0,0,0,3,1,6,2,6,1910,2,8,7,1
2013140001965,2,3,0,18,0,1,0,0,0,0,3,1,6,1,4,125,1,9,7,1
2013140001983,1,9,0,9,0,6,0,0,0,0,1,1,6,1,8,1753,2,3,8,1
2013140001983,2,9,0,18,0,1,1,4,1,10,2,1,6,2,10,1398,2,7,5,2
2013140001983,3,9,0,2,0,1,0,0,0,0,2,1,6,1,8,1997,2,5,6,1
2013140001983,4,9,0,2,6,1,0,0,0,0,1,1,6,3,-1,-1,-1,-1,-1,-1
2013140001988,1,9,0,18,0,0,1,0,1,9,1,1,6,1,7,1149,1,3,1,1
2013140001993,1,9,0,18,0,0,2,0,1,11,1,1,2,1,6,1910,2,8,1,1
2013140001997,1,9,0,18,0,7,0,0,0,0,2,1,2,1,8,1598,1,14,6,1
2013140001997,2,9,0,18,0,7,0,0,0,0,1,1,2,1,9,1598,1,10,7,1
2013140002034,1,9,0,18,0,0,0,0,1,0,1,1,1,1,6,1753,2,12,2,1
2013140002034,2,9,0,2,0,0,0,0,1,0,2,1,6,1,7,1390,1,17,2,1
2013140002036,1,9,0,18,0,1,0,0,0,0,1,1,6,1,-1,-1,-1,-1,-1,-1
2013140002041,1,9,0,18,0,1,0,7,0,0,1,1,6,2,7,1598,1,11,4,1
2013140002041,2,9,0,18,0,1,0,0,0,0,1,1,6,2,8,1896,2,10,8,1
2013140002042,1,9,0,18,0,1,0,0,0,0,3,1,6,2,7,1598,1,11,5,1
2013140002042,2,1,0,18,0,1,0,0,0,0,1,1,6,1,3,-1,-1,-1,6,1
2013140002046,1,9,0,18,0,1,0,0,0,0,0,1,1,1,9,1587,1,9,3,1
2013140002046,2,9,0,9,0,6,0,0,0,0,3,1,6,2,10,1589,1,13,2,1
2013140002049,1,9,0,9,0,8,0,0,0,0,1,1,1,1,4,1560,2,6,3,1
2013140002049,2,11,0,9,0,8,0,0,0,0,3,1,6,1,8,7300,2,7,7,1
2013140002050,1,9,0,18,0,0,1,0,0,0,1,1,1,1,5,1584,1,8,2,1
2013140002050,2,1,0,18,0,0,1,0,0,0,2,1,1,1,8,-1,-1,-1,6,1
2013140002069,1,9,0,8,0,1,0,0,0,0,2,1,1,1,7,1896,2,10,5,1
2013140002069,2,9,0,18,0,1,0,0,0,0,1,1,6,1,-1,-1,-1,-1,-1,-1
2013140002075,1,9,0,18,0,1,0,0,0,0,1,1,6,1,6,1598,1,12,6,1
2013140002075,2,9,0,3,0,1,0,0,0,0,2,1,2,2,8,-1,-1,-1,-1,-1
2013140002080,1,9,0,11,0,0,0,0,0,0,4,1,1,1,5,1896,2,6,4,1
2013140002080,2,9,0,5,0,0,0,0,0,0,3,1,1,2,6,1560,2,4,1,1
2013140002144,1,9,0,14,0,2,0,0,0,0,1,1,2,1,8,1360,1,10,8,1
2013140002175,1,9,0,9,0,6,0,0,0,0,1,1,6,1,7,1389,1,11,1,1
2013140002175,2,9,0,18,0,8,0,0,0,0,1,1,2,1,5,1598,1,13,4,1
2013140002181,1,9,0,18,0,2,0,0,0,0,1,1,6,1,6,1598,1,9,7,1
2013140002188,1,21,1,11,0,0,0,0,0,0,4,1,1,1,8,-1,-1,-1,7,3
2013140002188,2,9,0,18,0,0,0,0,0,0,3,1,2,1,8,1242,1,6,5,1
2013140002188,3,9,0,18,0,0,1,0,0,0,1,1,2,1,8,1968,2,5,9,1
2013140002191,1,9,0,4,0,3,0,0,0,0,2,1,2,1,7,1984,1,5,8,1
2013140002191,2,9,0,4,0,4,0,0,0,0,2,1,1,1,6,1686,2,5,3,1
2013140002191,3,9,0,18,0,4,0,0,0,0,1,1,1,1,8,-1,-1,-1,3,3
2013140002206,1,9,0,3,0,0,0,0,0,0,0,1,6,1,-1,-1,-1,-1,-1,-1
2013140002206,2,11,0,18,0,0,0,0,0,0,0,1,1,3,-1,-1,-1,-1,-1,-1
2013140002207,1,9,0,5,0,4,0,0,0,0,1,1,2,1,9,-1,-1,-1,2,1
2013140002207,2,1,0,18,0,8,0,0,0,0,1,1,2,1,6,-1,-1,-1,6,1
2013140002209,1,9,0,9,0,6,0,0,0,0,3,1,2,1,6,-1,-1,-1,1,1
2013140002209,2,1,0,18,0,1,0,0,0,0,1,1,6,1,8,-1,-1,-1,1,1
2013140002211,1,9,0,9,0,2,0,0,0,0,3,1,6,1,6,1360,1,13,5,1
2013140002211,2,3,0,18,0,1,1,0,0,0,1,1,6,1,4,124,1,12,4,1
2013140002212,1,9,0,18,0,1,1,0,0,0,4,1,6,1,6,1896,2,11,8,1