Accident_Index,Vehicle_Reference,Vehicle_Type,Towing_and_Articulation,Vehicle_Manoeuvre,Vehicle_Location-Restricted_Lane,Junction_Location,Skidding_and_Overturning,Hit_Object_in_Carriageway,Vehicle_Leaving_Carriageway,Hit_Object_off_Carriageway,1st_Point_of_Impact,Was_Vehicle_Left_Hand_Drive?,Journey_Purpose_of_Driver,Sex_of_Driver,Age_Band_of_Driver,Engine_Capacity_(CC),Propulsion_Code,Age_of_Vehicle,Driver_IMD_Decile,Driver_Home_Area_Type
2013140002215,1,9,0,18,0,0,0,0,0,0,1,1,6,1,-1,1997,2,12,3,1
2013140002215,2,9,0,18,0,0,0,0,0,0,1,1,6,2,7,1796,1,14,4,1
2013140002215,3,9,0,18,0,0,0,0,0,0,1,1,6,1,4,1199,1,12,4,1
2013140002215,4,9,0,2,0,0,0,0,0,0,4,1,6,2,-1,1998,2,6,-1,-1
2013140002215,5,19,0,2,0,0,0,0,0,0,4,1,6,1,-1,1298,1,10,10,1
2013140002215,6,9,0,2,0,0,0,0,0,0,1,1,6,1,-1,998,1,14,-1,-1
2013140002215,7,9,0,2,0,0,0,0,0,0,4,1,6,1,-1,-1,-1,-1,-1,-1
2013140002215,8,9,0,2,0,0,0,0,0,0,4,1,6,1,-1,-1,-1,-1,4,1
2013140002216,1,9,0,16,0,0,0,0,0,0,1,1,6,1,11,1086,1,6,5,2
2013140002216,2,19,0,17,0,0,0,0,0,0,1,1,1,1,8,2198,2,5,8,1
2013140002216,3,9,0,2,9,0,0,0,0,0,3,1,6,1,8,2283,2,15,1,1
2013140002222,1,9,0,18,0,8,0,0,0,0,1,1,6,2,7,-1,-1,-1,-1,-1
2013140002227,1,9,0,18,0,0,0,4,0,0,1,1,2,2,6,996,1,4,8,1
2013140002227,2,9,0,2,0,0,0,0,0,0,2,1,2,1,8,1968,2,2,6,2
2013140002234,1,9,0,12,0,1,1,10,0,0,1,1,6,1,6,-1,-1,-1,6,3
2013140002235,1,9,0,17,0,0,1,0,0,0,4,1,2,1,4,1117,1,24,1,1
2013140002235,2,9,0,18,0,0,0,0,0,0,1,1,6,1,8,1997,2,8,1,1
2013140002240,1,4,0,18,0,0,0,0,0,0,4,1,6,1,7,278,1,3,5,1
2013140002240,2,9,0,10,0,0,0,0,0,0,3,1,6,1,7,1840,1,13,1,1
2013140002252,1,9,0,18,0,0,0,0,0,0,1,1,1,1,5,1968,2,4,-1,-1
2013140002252,2,9,0,9,0,0,0,0,0,0,3,1,1,2,8,1198,1,5,9,1
2013140002254,1,9,0,9,0,0,0,7,0,0,1,1,6,2,11,1242,1,6,10,1
2013140002268,1,19,0,18,0,8,0,0,0,0,1,1,6,1,8,2402,2,7,-1,-1
2013140002268,2,9,0,18,0,8,0,0,0,0,4,1,6,1,10,1560,2,1,-1,-1
2013140002271,1,1,0,5,0,1,0,0,0,0,4,1,2,2,8,-1,-1,-1,4,1
2013140002271,2,19,0,18,0,8,0,0,0,0,1,1,1,1,7,2464,2,4,3,1
2013140002278,1,9,0,18,0,8,0,0,0,0,3,1,2,1,7,-1,-1,-1,1,1
2013140002278,2,9,0,18,0,8,0,0,0,0,1,1,6,2,8,1968,2,7,4,1
2013140002286,1,9,0,2,0,0,0,0,0,0,2,1,6,2,10,1390,1,12,4,2
2013140002286,2,9,0,14,0,0,0,4,0,0,1,1,1,2,8,995,1,10,7,1
2013140002287,1,19,0,11,0,0,0,0,0,0,4,1,1,1,7,7146,2,6,5,1
2013140002287,2,8,0,5,0,0,0,0,0,0,3,1,1,1,9,1896,2,9,3,1
2013140002289,1,9,0,5,0,0,0,0,0,0,1,1,1,2,8,1497,8,5,7,1
2013140002289,2,1,0,18,9,0,0,0,0,0,2,1,6,1,5,-1,-1,-1,8,1
2013140002294,1,9,0,18,0,0,0,0,0,0,0,1,2,2,6,998,1,8,5,1
2013140002294,2,3,0,18,0,0,0,0,0,0,3,1,2,1,5,-1,-1,-1,2,1
2013140002299,1,9,0,9,0,8,0,0,0,0,3,1,6,1,10,1596,1,9,5,1
2013140002301,1,19,0,18,0,1,0,0,0,0,4,1,6,3,-1,-1,-1,-1,-1,-1
2013140002302,1,9,0,18,0,1,0,0,0,0,1,1,6,1,6,-1,-1,-1,-1,-1
2013140002302,2,9,0,17,0,1,0,0,0,0,1,1,6,1,8,1998,2,11,7,1
2013140002304,1,9,0,16,0,0,1,0,0,0,1,1,6,1,5,1390,1,15,2,1
2013140002304,2,9,0,17,0,0,0,0,0,0,1,1,6,1,5,1598,1,9,-1,-1
2013140002308,1,9,0,18,0,0,0,0,0,0,3,1,6,2,6,1998,2,12,1,1
2013140002309,1,9,0,18,0,0,1,0,0,0,2,1,6,1,6,2261,1,10,5,1
2013140002309,2,9,0,18,0,0,0,0,0,0,1,1,6,1,6,1248,2,3,5,2
2013140002310,1,9,0,18,0,1,0,0,3,11,1,1,6,1,6,1896,2,7,2,1
2013140002310,2,9,0,18,0,1,0,0,0,0,0,1,1,1,7,2993,2,1,-1,-1
2013140002314,1,9,0,7,0,6,0,0,0,0,3,1,6,1,8,1951,2,9,-1,-1
2013140002315,1,9,0,18,0,0,1,0,1,4,1,1,1,2,6,1248,2,2,-1,-1
2013140002316,1,9,0,18,0,2,0,0,0,0,1,1,1,1,7,1762,1,13,1,1
2013140002317,1,9,0,7,0,2,0,0,0,0,3,1,6,3,-1,-1,-1,-1,-1,-1
2013140002318,1,9,0,3,0,0,0,0,0,0,2,1,6,1,7,-1,-1,-1,3,1
2013140002318,2,9,0,18,0,0,0,0,0,0,1,1,6,1,8,1753,2,12,1,1
2013140002320,1,9,0,16,0,0,0,10,1,11,4,1,6,1,6,1800,1,13,-1,-1
2013140002322,1,9,0,17,0,0,0,0,0,0,1,1,1,2,6,1399,2,7,-1,-1
2013140002323,1,9,0,18,0,8,1,0,0,0,1,1,6,1,8,973,1,12,5,1
2013140002323,2,9,0,18,0,1,1,0,0,0,3,1,6,1,7,1396,1,10,1,1
2013140002323,3,9,0,10,0,1,0,0,0,0,3,1,6,1,7,1560,2,8,6,1
2013140002325,1,9,0,18,0,2,0,0,0,0,4,1,6,1,5,1329,1,4,3,1
2013140002328,1,9,0,18,0,1,0,0,0,0,1,1,6,1,6,2157,1,15,5,1
2013140002328,2,9,0,18,0,8,0,0,0,0,4,1,6,1,6,1199,1,10,1,1
2013140002328,3,9,0,3,0,1,0,0,0,0,1,1,6,2,7,1870,2,7,10,1
2013140002334,1,9,0,9,0,8,2,0,1,9,1,1,6,1,5,1360,1,11,2,1
2013140002335,1,9,0,18,0,0,0,0,0,0,1,1,6,3,-1,1968,2,7,-1,-1
2013140002335,2,9,0,18,0,0,0,0,0,0,1,1,6,1,7,1796,1,16,2,1
2013140002340,1,9,0,18,0,8,0,0,0,0,1,1,6,1,6,1997,2,11,1,1
2013140002340,2,9,0,9,0,8,0,0,1,0,3,1,6,2,6,1124,1,15,1,1
2013140002342,1,9,0,18,0,8,0,0,0,0,1,1,6,1,7,1997,2,3,3,1
2013140002342,2,9,0,18,0,8,0,0,0,0,4,1,1,2,6,2400,2,3,-1,-1
2013140002344,1,20,1,18,0,3,0,0,0,0,1,1,1,1,9,-1,-1,-1,2,1
2013140002344,2,9,0,7,0,4,0,0,0,0,2,1,6,2,8,1753,2,12,-1,-1
2013140002345,1,9,0,18,0,0,0,0,0,0,1,1,6,1,4,1149,1,11,5,1
2013140002346,1,9,0,18,0,2,0,0,0,0,1,1,2,1,8,1363,2,8,9,1
2013140002346,2,21,1,18,0,2,0,0,0,0,2,1,1,1,8,12780,2,6,1,1
2013140002349,1,9,0,18,0,1,0,0,0,0,4,1,1,1,6,1896,2,8,9,1
2013140002349,2,9,0,9,0,8,0,0,0,0,1,1,6,1,11,2967,2,2,-1,-1
2013140002400,1,9,0,18,0,1,0,0,1,0,4,1,6,1,7,1796,7,10,1,1
2013140002400,2,9,0,18,0,1,0,0,0,0,1,1,1,2,4,1242,1,1,5,1
2013140002417,1,20,0,18,0,1,0,0,0,0,1,1,6,3,-1,-1,-1,-1,-1,-1
2013140002417,2,9,0,18,0,1,0,0,0,0,1,1,1,1,8,1560,2,7,6,2
2013140002417,3,9,0,1,0,6,0,0,0,0,2,1,6,1,7,1896,2,9,3,1
2013140002424,1,9,0,3,0,1,0,0,0,0,1,1,6,2,6,1598,1,1,1,1
2013140002424,2,19,0,18,0,1,0,0,0,0,1,1,6,1,-1,-1,-1,-1,-1,-1
2013140002430,1,9,0,5,0,0,0,0,0,0,4,1,6,2,7,1796,1,6,7,1
2013140002431,1,9,0,18,0,0,0,0,0,0,4,1,6,1,7,1360,1,13,1,2
2013140002431,2,9,0,18,0,0,0,0,0,0,1,1,6,1,10,1560,2,3,2,1
2013140002431,3,9,0,13,0,0,0,12,0,0,0,1,6,3,-1,-1,-1,-1,-1,-1
2013140002432,1,9,0,3,0,0,0,0,0,0,2,1,6,1,7,1389,1,11,1,1
2013140002432,2,9,0,18,0,0,0,0,0,0,1,1,6,1,7,1896,2,8,5,2
2013140002436,1,9,0,18,9,2,0,0,1,0,0,1,6,3,-1,-1,-1,-1,-1,-1
2013140002437,1,9,0,18,0,1,0,0,1,0,2,1,6,1,5,1968,2,2,1,1
2013140002437,2,9,0,7,0,8,0,0,0,0,0,1,6,3,-1,-1,-1,-1,-1,-1
2013140002437,3,9,0,18,0,1,0,0,1,10,1,1,6,1,-1,1994,1,17,3,1
2013140002455,1,9,0,9,0,8,0,0,0,0,3,1,6,1,8,2231,2,3,1,1
2013140002455,2,1,0,18,0,1,0,0,0,0,1,1,6,1,8,-1,-1,-1,-1,-1
2013140002460,1,9,0,3,0,0,0,0,0,0,2,1,1,2,5,1368,1,4,6,1
2013140002460,2,9,0,4,0,0,0,0,0,0,1,1,6,1,8,1796,1,3,8,1
2013140002462,1,9,0,10,0,1,0,0,0,0,2,1,2,2,5,998,1,7,5,1
2013140002462,2,9,0,18,0,1,0,0,0,0,1,1,6,3,-1,-1,-1,-1,-1,-1
2013140002472,1,9,0,9,0,4,0,0,0,0,3,1,1,1,9,1560,2,3,7,1
2013140002472,2,9,0,17,0,1,0,0,0,0,1,1,6,1,6,1198,1,1,4,1
2013140002473,1,9,0,18,0,0,1,0,0,0,1,1,2,1,6,1598,1,10,4,1
2013140002474,1,9,0,4,0,0,0,0,0,0,2,1,2,2,6,1299,1,8,4,1
2013140002474,2,9,0,4,0,0,0,0,0,0,2,1,6,1,6,-1,-1,-1,-1,-1
2013140002474,3,9,0,4,0,0,0,0,0,0,2,1,6,1,9,-1,-1,-1,-1,-1
2013140002474,4,9,0,4,0,0,0,0,0,0,1,1,6,1,7,1984,1,8,3,1
2013140002526,1,9,0,18,0,2,0,0,0,0,1,1,6,1,11,1339,1,6,10,1
2013140002526,2,9,0,18,0,1,0,0,0,0,1,1,1,1,9,-1,-1,-1,5,1
2013140002530,1,1,0,18,0,8,0,0,0,0,3,1,6,2,8,-1,-1,-1,-1,-1
2013140002530,2,9,0,7,0,8,0,0,0,0,4,1,6,1,6,1596,1,7,1,1
2013140002544,1,90,0,12,0,1,0,0,0,0,1,1,1,2,5,2461,2,5,1,1
2013140002544,2,9,0,9,0,1,0,0,0,0,3,1,6,1,10,1364,1,4,10,1
2013140002548,1,9,0,4,0,1,1,0,0,0,1,1,2,2,6,1364,1,4,-1,-1
2013140002548,2,11,0,18,0,8,0,0,0,0,2,1,1,1,8,9600,2,14,3,1
2013140002562,1,9,0,18,0,8,0,7,1,0,1,1,6,1,11,1598,1,11,4,1
2013140002582,1,9,0,9,0,1,0,0,0,0,0,1,6,1,5,1968,2,4,1,1
2013140002582,2,9,0,18,0,1,0,0,0,0,1,1,2,2,5,1198,1,3,7,1
2013140002582,3,9,0,18,0,1,0,0,0,0,1,1,6,1,5,-1,-1,-1,3,1
2013140002587,1,11,0,17,0,1,0,0,0,0,1,1,1,1,6,6871,2,5,1,1
2013140002587,2,9,0,18,0,1,0,0,0,0,3,1,6,1,7,1598,1,11,2,1
2013140002589,1,9,0,4,0,1,0,0,0,0,2,1,1,2,7,1390,1,6,10,1
2013140002589,2,9,0,4,0,1,0,0,0,0,1,1,1,2,8,1242,1,12,-1,-1
2013140002594,1,9,0,9,0,2,0,0,0,0,3,1,3,2,6,1360,1,12,2,1
2013140002597,1,9,0,4,0,6,0,0,0,0,2,1,1,1,7,-1,-1,-1,7,1
2013140002597,2,9,0,4,0,6,0,0,0,0,2,1,1,1,9,1999,1,1,1,1
2013140002597,3,9,0,18,0,3,0,0,0,0,1,1,1,1,7,1997,2,12,2,1
2013140002598,1,9,0,1,9,0,0,0,0,0,2,1,6,1,5,1968,2,1,1,1
2013140002598,2,9,0,15,0,0,0,0,0,0,4,1,4,1,7,1995,2,13,1,1
2013140002613,1,9,0,4,0,1,0,0,0,0,2,1,6,2,7,1124,1,12,9,1
2013140002613,2,9,0,17,0,1,0,0,0,0,1,1,2,1,7,-1,-1,-1,9,1
2013140002614,1,9,0,6,0,0,0,0,1,0,3,1,6,2,8,-1,-1,-1,4,1
2013140002614,2,9,0,16,0,0,1,0,0,0,1,1,6,1,4,1422,2,8,7,3
2013140002627,1,9,0,4,0,1,0,0,0,0,2,1,6,1,6,-1,-1,-1,4,1
2013140002627,2,9,0,4,0,1,1,0,0,0,1,1,6,1,6,1199,1,9,4,1
2013140002628,1,9,0,18,0,0,0,11,0,0,3,1,6,1,10,2231,2,1,5,1
2013140002628,2,21,-1,18,0,0,0,0,0,0,4,1,6,3,-1,-1,-1,-1,-1,-1
2013140002629,1,9,0,9,0,6,0,0,0,0,3,1,6,1,7,1968,2,8,4,1
2013140002629,2,9,0,18,0,1,0,0,0,0,1,1,6,1,4,1560,2,8,1,1
2013140002631,1,9,0,15,0,0,0,0,0,0,3,1,6,1,7,796,1,13,1,1
2013140002631,2,9,0,18,0,0,0,0,0,0,4,1,6,1,6,1587,1,12,4,1
2013140002643,1,9,0,3,0,1,0,0,0,0,1,1,6,2,-1,-1,-1,-1,-1,-1
2013140002645,1,9,0,18,0,0,1,0,1,4,1,1,6,1,6,1895,1,15,3,3
2013140002649,1,9,0,18,0,0,0,0,0,0,3,1,6,1,7,1120,2,1,9,1
2013140002649,2,9,0,18,0,0,0,0,0,0,1,1,6,3,-1,1229,1,3,-1,-1
2013140002652,1,9,0,7,0,8,0,0,0,0,4,1,1,1,6,-1,-1,-1,3,1
2013140002652,2,1,0,7,0,8,0,0,0,0,3,1,1,1,7,-1,-1,-1,5,3
2013140002675,1,9,0,18,0,0,0,0,0,0,1,1,6,1,7,3960,1,13,6,1
2013140002675,2,9,0,2,0,0,0,0,0,0,1,1,6,1,9,-1,-1,-1,6,1
2013140002680,1,9,0,18,0,8,0,0,0,0,2,1,6,1,7,1997,2,4,7,1
2013140002680,2,21,0,18,0,8,0,0,0,0,1,1,1,1,9,9834,2,13,3,1
2013140002715,1,9,0,16,0,7,0,0,0,0,2,1,6,1,7,1970,1,10,5,2
2013140002715,2,9,0,16,0,7,0,0,0,0,1,1,6,1,7,1995,1,6,5,3
2013140002753,1,9,0,3,0,6,0,0,0,0,4,1,3,2,6,1870,2,9,7,1
2013140002753,2,9,0,3,0,1,0,0,0,0,1,1,6,2,11,998,1,1,8,1
2013140002754,1,9,0,9,0,8,0,0,0,0,4,1,6,2,7,1998,1,5,2,2
2013140002754,2,9,0,18,0,1,0,0,0,0,1,1,6,1,4,1590,1,8,3,1
2013140002756,1,9,0,18,0,8,0,0,0,0,4,1,6,2,7,1560,2,3,10,1
2013140002756,2,9,0,18,0,8,0,0,0,0,1,1,1,1,7,1896,2,6,1,1
2013140002760,1,9,0,18,0,8,0,0,0,0,1,1,1,1,7,-1,-1,-1,2,1
2013140002760,2,9,0,9,0,2,0,0,0,0,3,1,6,1,10,-1,-1,-1,1,1
2013140002762,1,1,0,18,0,1,0,0,0,0,1,1,1,1,4,-1,-1,-1,4,1
2013140002762,2,9,0,9,0,1,0,0,0,0,4,1,6,1,6,-1,-1,-1,-1,-1
2013140002764,1,9,0,9,0,6,0,0,0,0,3,1,6,2,5,1299,1,12,-1,-1
2013140002764,2,9,0,18,0,1,0,0,0,0,1,1,1,2,7,1997,2,1,5,1
2013140002771,1,9,0,1,9,8,0,0,0,0,2,1,1,1,4,1149,1,13,8,1
2013140002776,1,9,0,18,0,0,1,0,0,0,2,1,2,2,8,1598,1,10,7,1
2013140002781,1,9,0,18,0,8,0,0,0,0,1,1,6,1,6,1796,1,12,1,1
2013140002781,2,9,0,18,0,1,0,0,7,0,4,1,6,1,5,-1,-1,-1,3,1
2013140002782,1,9,0,18,0,0,0,0,0,0,1,1,1,1,5,1685,2,1,1,1
2013140002782,2,9,0,3,0,0,0,0,0,0,2,1,6,2,9,1956,2,1,5,3
2013140002782,3,9,0,3,0,0,0,0,0,0,2,1,1,2,4,973,1,11,5,1
2013140002783,1,9,0,16,0,0,2,0,1,0,1,1,6,1,4,1124,1,12,1,1
2013140002784,1,9,0,18,0,8,0,0,0,0,1,1,6,1,5,1149,1,8,10,3
2013140002784,2,9,0,18,0,8,0,0,0,0,1,1,6,2,5,1299,1,10,6,3
2013140002786,1,8,0,18,0,0,1,4,0,0,1,1,1,1,6,2401,2,8,2,1
2013140002786,2,9,0,2,0,0,0,0,0,0,2,1,6,3,-1,-1,-1,-1,-1,-1
2013140002788,1,9,0,18,0,1,0,0,0,0,4,1,1,1,7,-1,-1,-1,1,1
2013140002793,1,9,0,10,0,1,0,0,0,0,2,1,6,1,8,1783,1,12,1,1
2013140002793,2,4,0,18,0,1,0,0,0,0,1,1,6,1,4,250,1,15,1,1
2013140002796,1,9,0,18,0,1,0,0,0,0,1,1,6,2,6,-1,-1,-1,10,3
2013140002801,1,9,0,18,0,0,0,0,0,0,1,1,6,2,6,1749,1,11,-1,-1
2013140002803,1,9,0,17,0,0,1,0,0,0,4,1,1,1,6,1598,1,9,1,1
2013140002803,2,9,0,18,0,0,1,0,0,0,1,1,1,1,7,999,1,13,1,1
2013140002804,1,5,0,18,0,0,1,0,0,0,0,1,6,1,7,929,1,13,1,1
2013140002804,2,9,0,11,0,0,0,0,0,0,0,1,6,3,-1,-1,-1,-1,-1,-1
2013140002811,1,9,0,4,0,0,1,0,0,0,1,1,2,2,7,1598,1,12,1,1
2013140002811,2,9,0,3,0,0,0,0,0,0,2,1,2,1,6,799,2,1,1,1
2013140002811,3,90,0,3,0,0,0,0,0,0,2,1,1,2,8,2461,2,5,6,1
2013140002813,1,9,0,17,0,0,0,0,0,0,1,1,6,1,5,-1,-1,-1,-1,-1
2013140002813,2,9,0,16,0,0,1,0,0,0,1,1,6,1,7,-1,-1,-1,1,1
2013140002815,1,9,0,18,0,1,0,0,0,0,3,1,6,1,10,1685,2,1,6,1
2013140002815,2,9,0,18,0,1,0,0,0,0,4,1,6,1,11,1984,2,2,5,3
2013140002816,1,9,0,18,0,8,0,0,0,0,4,1,6,3,-1,-1,-1,-1,-1,-1
2013140002818,1,9,0,18,0,0,0,0,0,0,0,1,2,1,7,1762,1,15,1,1
2013140002818,2,9,0,16,0,0,0,0,0,0,0,1,2,2,4,1199,1,11,5,1
2013140002852,1,9,0,5,0,6,0,0,0,0,3,1,1,1,7,1997,2,4,1,1
2013140002852,2,9,0,15,0,8,0,0,0,0,1,1,2,1,6,-1,-1,-1,2,1
2013140002854,1,9,0,5,0,0,0,0,0,0,0,1,6,2,4,998,1,10,4,1
2013140002854,2,3,0,18,0,0,0,0,0,0,0,1,1,2,5,125,1,1,1,1
2013140002857,1,9,0,18,0,8,0,0,0,0,0,1,6,1,7,-1,-1,-1,5,1
2013140002857,2,9,0,9,0,8,0,0,0,0,0,1,6,2,-1,1199,1,11,6,1
2013140002859,1,11,0,5,0,0,0,0,0,0,3,1,1,1,9,8871,2,11,6,1
2013140002859,2,19,0,14,0,0,0,0,0,0,4,1,1,1,5,2143,2,3,3,1
2013140002869,1,9,0,4,0,0,1,0,0,0,1,1,6,2,7,1587,1,11,2,1
2013140002869,2,9,0,13,0,0,0,0,7,0,4,1,6,2,6,1896,2,4,1,1
2013140002876,1,9,0,18,0,2,0,0,0,0,4,1,6,1,5,1596,1,13,3,1
2013140002876,2,9,0,18,0,2,0,0,0,0,0,1,6,3,-1,-1,-1,-1,-1,-1
2013140002878,1,9,0,4,0,0,1,10,0,0,1,1,2,1,7,1591,1,4,6,1
2013140002878,2,9,0,17,0,0,1,4,0,0,1,1,2,2,7,-1,-1,-1,4,1
2013140002878,3,9,0,2,0,0,0,4,0,0,4,1,6,1,6,1753,2,12,-1,-1
2013140002878,4,9,0,2,0,0,0,0,0,0,2,1,6,3,6,-1,-1,-1,-1,-1
2013140002880,1,9,0,18,0,8,0,0,0,0,1,1,2,1,5,-1,-1,-1,-1,-1
2013140002880,2,1,0,18,0,8,0,0,0,0,1,1,6,1,4,-1,-1,-1,-1,-1
2013140002884,1,9,0,18,0,0,1,0,0,0,1,1,2,2,5,1149,1,8,5,1
2013140002884,2,9,0,2,0,0,0,0,0,0,2,1,6,1,-1,1968,2,3,7,1
2013140002888,1,9,0,2,0,2,0,0,0,0,1,1,6,2,8,999,1,15,1,1
2013140002888,2,9,0,1,0,2,0,0,0,0,2,1,6,2,5,1397,1,12,1,1
2013140002889,1,9,0,3,0,0,1,0,0,0,4,1,1,2,7,1596,1,13,2,1
2013140002889,2,9,0,18,0,0,0,0,0,0,1,1,6,1,5,1398,2,7,2,1
2013140002892,1,23,0,18,0,1,1,0,0,0,0,1,6,1,8,124,1,4,4,1
2013140002892,2,9,0,7,0,6,0,0,0,0,0,1,6,3,-1,-1,-1,-1,-1,-1
2013140002906,1,9,0,18,0,1,0,0,0,0,1,1,6,1,6,1587,1,11,5,1
2013140002906,2,9,0,18,0,1,0,0,7,0,4,1,1,1,9,1995,2,9,1,1
2013140002916,1,9,0,5,0,4,1,0,0,0,1,1,6,1,7,2000,1,10,2,1
2013140002916,2,9,0,5,0,4,0,0,0,0,1,1,6,2,8,1596,1,11,2,1
2013140002922,1,9,0,18,0,0,0,0,0,0,1,1,1,1,6,998,1,13,2,1
2013140002932,1,11,0,5,0,0,0,0,0,0,0,1,1,1,10,4250,2,11,8,2
2013140002934,1,9,0,10,0,1,0,0,0,0,2,1,6,1,6,1299,1,10,2,1
2013140002934,2,19,0,-1,0,-1,0,0,0,0,0,1,6,1,6,2151,2,9,1,1
2013140002941,1,9,0,18,0,0,0,0,0,0,1,1,6,1,10,1596,1,1,2,1
2013140002941,2,9,0,7,0,0,0,0,0,0,4,1,6,1,5,1686,2,6,9,2
2013140002951,1,9,0,18,0,0,1,11,8,0,3,1,6,1,-1,1229,1,8,1,2
2013140002954,1,9,0,14,0,1,0,0,0,0,1,1,6,1,7,1248,1,1,9,3
2013140002957,1,8,0,15,0,1,0,11,0,0,1,1,1,1,7,1997,2,10,1,1
2013140002957,2,19,0,5,0,1,0,0,0,0,0,1,6,1,-1,1598,7,11,-1,-1
2013140002960,1,9,0,6,0,1,0,0,0,0,3,1,6,1,5,1798,1,12,2,1
2013140002960,2,9,0,18,0,1,0,0,0,0,1,1,6,1,7,1171,1,15,5,1
2013140002962,1,19,0,18,0,8,0,0,0,0,1,1,1,1,7,2198,2,1,1,1
2013140002962,2,9,0,10,0,8,0,0,0,0,2,1,1,1,6,1596,1,11,4,1
2013140002962,3,9,0,10,0,8,0,0,0,0,2,1,1,1,6,1796,1,15,-1,-1
2013140002966,1,9,0,1,0,0,0,0,0,0,0,1,6,2,8,1598,1,6,3,1
2013140002968,1,21,0,18,0,0,0,0,0,0,2,1,1,1,8,11946,2,2,4,3
2013140002968,2,21,0,18,0,0,0,0,0,0,1,1,1,1,6,12580,2,8,4,1
2013140002970,1,9,0,9,0,1,0,0,0,0,3,1,1,1,7,1896,2,6,-1,-1
2013140002970,2,9,0,5,0,1,0,0,0,0,1,1,6,2,11,1796,1,13,4,3
2013140002977,1,9,0,18,0,0,1,0,0,0,1,1,2,2,7,1686,2,8,7,2
2013140002980,1,9,0,18,9,0,0,0,1,0,0,1,6,1,-1,-1,-1,-1,-1,-1
2013140003008,1,9,0,3,0,2,0,0,0,0,1,1,6,1,7,1781,1,12,9,1
2013140003013,1,11,0,-1,0,0,0,0,0,0,0,1,1,1,9,-1,2,14,6,1
2013140003021,1,9,0,18,0,8,0,0,0,0,1,1,6,1,8,998,1,17,1,1
2013140003021,2,9,0,9,0,8,0,0,0,0,4,1,2,2,7,2996,1,7,4,1
2013140003027,1,9,0,18,0,1,0,0,0,0,1,1,2,1,9,2685,2,10,2,1
2013140003038,1,9,0,9,0,5,0,0,0,0,3,1,6,2,7,1596,1,11,6,1
2013140003038,2,9,0,18,0,1,0,0,0,0,1,1,6,1,5,1390,1,10,2,3
2013140003045,1,9,0,12,0,1,0,0,0,0,2,1,6,1,4,1598,1,12,2,1
2013140003045,2,9,0,18,0,1,0,0,0,0,1,1,6,1,-1,2720,2,7,-1,-1
2013140003047,1,2,0,18,0,1,0,0,0,0,1,1,2,1,4,49,1,4,4,1
2013140003047,2,9,0,9,0,1,0,0,0,0,4,1,2,2,6,-1,-1,-1,7,1
2013140003050,1,4,0,18,0,8,0,0,0,0,2,1,2,2,6,-1,-1,-1,8,3
2013140003050,2,9,0,18,0,8,0,0,0,0,1,1,6,1,11,1560,2,1,3,3
2013140003051,1,9,0,9,0,8,0,0,0,0,1,1,3,1,7,1998,1,13,4,1
2013140003053,1,9,0,18,0,0,0,0,0,0,1,1,3,1,7,-1,-1,-1,6,1
2013140003054,1,9,0,18,0,0,0,0,0,0,1,1,3,2,7,1360,1,11,7,1
2013140003056,1,9,0,9,0,5,0,0,0,0,4,1,1,1,5,1896,2,10,3,1
2013140003058,1,9,0,4,0,0,0,0,0,0,2,1,1,1,7,-1,-1,-1,-1,-1
2013140003058,2,9,0,4,0,0,0,0,0,0,2,1,1,1,9,2199,2,2,9,3
2013140003058,3,9,0,15,0,0,0,0,0,0,1,1,1,1,7,1399,2,3,2,1
2013140003060,1,9,0,18,0,4,0,0,0,0,1,1,6,1,6,3175,1,10,2,1
2013140003060,2,3,0,18,0,4,0,0,0,0,0,1,6,1,-1,124,1,14,-1,-1
2013140003061,1,9,0,18,0,1,0,0,0,0,2,1,6,1,6,2000,1,18,1,1
2013140003061,2,9,0,18,0,1,0,0,0,0,1,1,2,1,5,-1,-1,-1,4,1
2013140003061,3,9,0,18,0,1,0,0,0,0,0,1,6,1,8,1997,2,6,2,1
2013140003067,1,9,0,18,0,0,1,0,7,0,1,1,6,2,6,1999,1,10,7,1
2013140003069,1,9,0,18,0,0,0,0,0,0,2,1,6,1,7,1997,1,4,6,1
2013140003069,2,9,0,18,0,0,0,0,0,0,2,1,1,2,5,1390,1,5,8,1
2013140003069,3,9,0,18,0,0,0,0,0,0,2,1,6,1,7,1560,2,7,3,1
2013140003069,4,9,0,18,0,0,0,0,0,0,1,1,6,2,5,1248,1,1,5,1
2013140003070,1,3,0,18,0,1,2,0,0,0,3,1,1,1,7,124,1,2,1,1
2013140003070,2,9,0,18,0,1,0,0,0,0,0,1,6,3,-1,-1,-1,-1,-1,-1
2013140003073,1,9,0,18,0,8,0,0,0,0,0,1,6,1,8,1998,1,16,3,1
2013140003073,2,1,0,18,0,8,0,0,0,0,0,1,6,1,8,-1,-1,-1,2,1
2013140003074,1,9,0,18,9,2,0,0,7,4,1,1,6,1,11,998,1,11,2,1
2013140003076,1,9,0,18,0,1,0,0,0,0,1,1,2,1,8,1798,1,11,-1,-1
2013140003081,1,9,0,9,0,5,0,0,0,0,0,1,1,3,8,2231,2,7,7,1