Accident_Index,Vehicle_Reference,Vehicle_Type,Towing_and_Articulation,Vehicle_Manoeuvre,Vehicle_Location-Restricted_Lane,Junction_Location,Skidding_and_Overturning,Hit_Object_in_Carriageway,Vehicle_Leaving_Carriageway,Hit_Object_off_Carriageway,1st_Point_of_Impact,Was_Vehicle_Left_Hand_Drive?,Journey_Purpose_of_Driver,Sex_of_Driver,Age_Band_of_Driver,Engine_Capacity_(CC),Propulsion_Code,Age_of_Vehicle,Driver_IMD_Decile,Driver_Home_Area_Type
2013140003081,2,1,0,18,0,1,0,0,0,0,0,1,6,1,6,-1,-1,-1,9,1
2013140003102,1,9,0,7,0,6,0,0,0,0,1,1,6,1,7,1995,1,10,4,1
2013140003113,1,9,0,17,0,0,0,0,8,0,1,1,6,1,5,-1,-1,-1,1,1
2013140003113,2,9,0,13,0,0,0,0,0,0,0,1,6,3,-1,-1,-1,-1,-1,-1
2013140003125,1,9,0,18,0,0,0,0,0,0,4,1,6,3,-1,-1,-1,-1,-1,-1
2013140003134,1,9,0,17,0,0,0,11,0,0,1,1,6,1,5,1560,2,6,1,1
2013140003139,1,9,0,3,0,0,0,0,0,0,2,1,6,1,8,1242,1,11,1,1
2013140003139,2,9,0,18,0,0,0,0,0,0,1,1,6,1,6,-1,-1,-1,1,1
2013140003147,1,9,0,12,0,0,0,0,0,0,3,1,2,1,5,-1,-1,-1,9,3
2013140003147,2,5,0,18,0,0,0,0,7,0,1,1,2,1,6,599,1,13,7,1
2013140003150,1,9,0,18,0,8,0,0,1,1,1,1,6,1,5,1587,1,11,4,1
2013140003152,1,9,0,8,0,1,0,0,0,0,0,1,6,2,6,1598,2,1,7,3
2013140003152,2,9,0,-1,0,-1,0,0,0,0,4,1,6,1,7,-1,-1,-1,-1,-1
2013140003153,1,8,0,18,0,0,1,0,0,0,1,1,1,1,7,1896,2,5,5,1
2013140003170,1,9,0,18,0,0,0,0,0,0,3,1,6,2,7,1589,1,15,6,1
2013140003176,1,9,0,9,0,0,0,0,0,0,3,1,6,1,7,1299,1,16,2,1
2013140003176,2,9,0,13,0,0,1,0,0,0,1,1,6,1,4,-1,-1,-1,2,1
2013140003198,1,9,0,18,0,0,0,0,0,0,2,1,1,1,9,2696,2,4,3,3
2013140003198,2,9,0,18,0,0,0,0,0,0,1,1,1,1,6,1396,1,17,4,1
2013140003199,1,9,0,18,0,0,0,0,1,4,4,1,6,1,11,1598,1,11,6,1
2013140003206,1,21,0,17,0,8,5,0,1,7,4,1,1,1,7,6370,2,8,3,1
2013140003207,1,9,0,2,0,0,0,0,0,0,2,1,1,1,-1,1399,2,1,-1,-1
2013140003207,2,9,0,18,0,0,0,0,0,0,1,1,6,1,-1,2171,1,11,6,1
2013140003209,1,8,0,10,0,0,0,0,0,0,2,1,1,1,8,1910,2,5,1,1
2013140003209,2,19,0,18,0,0,0,0,0,0,1,1,6,1,6,1399,2,4,2,1
2013140003214,1,9,0,18,0,1,0,0,0,0,3,1,6,1,10,-1,-1,-1,-1,-1
2013140003214,2,22,0,18,0,1,0,0,0,0,1,1,6,1,9,-1,-1,-1,-1,-1
2013140003219,1,9,0,4,0,0,0,0,0,0,0,1,6,1,4,1124,1,8,2,1
2013140003219,2,9,0,18,0,0,1,10,1,0,1,1,6,2,8,1596,1,11,6,1
2013140003222,1,9,0,18,0,0,0,10,1,0,4,1,6,2,6,2143,2,1,6,1
2013140003222,2,9,0,18,0,0,0,0,0,0,0,1,6,3,-1,-1,-1,-1,-1,-1
2013140003223,1,11,0,18,0,0,0,0,0,0,0,1,1,1,9,6871,2,9,6,1
2013140003226,1,9,0,7,0,0,0,0,0,0,1,1,6,1,9,1991,2,7,4,1
2013140003233,1,9,0,16,0,0,0,0,7,0,1,1,6,1,7,1796,1,6,6,1
2013140003233,2,9,0,17,0,0,0,0,0,0,1,1,6,2,7,1598,1,9,4,1
2013140003241,1,9,0,2,0,0,1,0,0,0,0,1,2,1,8,1753,2,6,7,2
2013140003241,2,9,0,18,0,0,1,4,0,0,0,1,1,1,6,-1,-1,-1,2,1
2013140003241,3,21,1,18,0,0,1,0,0,0,0,1,1,1,8,12419,2,2,3,1
2013140003241,4,21,1,18,0,0,1,0,0,0,0,1,1,1,8,12900,2,2,3,1
2013140003241,5,9,0,18,0,0,1,0,0,0,1,1,2,2,6,1747,1,11,2,1
2013140003241,6,9,0,18,0,0,1,0,0,0,1,1,6,1,10,1686,2,8,9,1
2013140003241,7,9,0,18,0,0,1,0,0,0,1,1,2,1,9,1956,2,1,3,1
2013140003241,8,9,0,18,0,0,1,0,0,0,1,1,6,1,9,-1,-1,-1,7,3
2013140003245,1,9,0,3,0,1,0,0,0,0,2,1,6,1,5,1995,2,1,7,1
2013140003245,2,9,0,18,0,1,0,0,0,0,1,1,6,1,-1,1461,2,2,-1,-1
2013140003267,1,9,0,3,0,1,0,0,0,0,2,1,6,2,7,1360,1,9,2,1
2013140003267,2,9,0,18,0,5,1,0,0,0,1,1,6,1,4,1199,1,12,2,1
2013140003279,1,9,0,5,0,4,0,0,0,0,3,1,6,1,11,1998,1,19,1,1
2013140003279,2,9,0,18,0,4,0,0,0,0,4,1,6,1,-1,-1,-1,-1,-1,-1
2013140003283,1,9,0,16,0,0,0,0,0,0,2,1,2,1,6,1798,1,9,2,1
2013140003283,2,9,0,16,0,0,0,0,0,0,3,1,1,1,8,-1,-1,-1,1,1
2013140003283,3,9,0,12,0,0,0,0,0,0,4,1,2,2,5,1396,1,8,3,1
2013140003289,1,9,0,18,0,0,5,0,1,0,1,1,6,2,6,1598,1,5,6,1
2013140003290,1,1,0,18,0,8,0,0,0,0,1,1,2,1,6,-1,-1,-1,4,1
2013140003290,2,9,0,9,0,8,0,0,0,0,4,1,6,3,-1,-1,-1,-1,-1,-1
2013140003293,1,9,0,18,0,0,0,0,0,0,1,1,6,2,6,1240,1,4,6,1
2013140003293,2,9,0,9,0,0,2,0,0,0,1,1,6,2,11,995,1,8,1,1
2013140003294,1,9,0,18,0,1,0,0,0,0,4,1,3,2,6,1604,2,6,6,1
2013140003294,2,9,0,3,0,1,0,0,0,0,3,1,6,1,7,-1,-1,-1,1,1
2013140003297,1,9,0,18,0,0,0,0,0,0,4,1,6,1,7,2000,1,4,5,1
2013140003299,1,9,0,18,0,7,0,0,0,0,1,1,6,1,11,1390,1,3,4,1
2013140003299,2,21,0,18,0,8,0,0,0,0,1,1,1,1,8,6870,2,6,4,1
2013140003301,1,21,1,18,0,0,0,0,0,0,0,1,1,1,7,10837,2,3,-1,-1
2013140003301,2,9,0,18,0,0,0,11,0,0,1,1,6,1,9,1968,2,2,-1,3
2013140003301,3,21,0,18,0,0,0,11,0,0,1,1,1,1,7,12777,2,6,5,1
2013140003303,1,9,0,9,0,8,0,0,0,0,4,1,6,1,10,1800,1,15,5,1
2013140003305,1,9,0,18,0,2,0,0,0,0,1,1,6,3,-1,998,1,11,3,1
2013140003318,1,9,0,18,0,0,0,0,0,0,3,1,6,1,10,1299,1,5,4,1
2013140003319,1,9,0,9,0,8,0,0,0,0,1,1,6,1,6,1242,1,12,5,1
2013140003319,2,9,0,18,0,8,0,0,0,0,3,1,6,1,7,2993,2,10,1,1
2013140003320,1,9,0,18,0,0,0,0,0,0,0,1,6,2,9,1388,1,10,3,1
2013140003322,1,9,0,1,9,0,0,0,0,0,3,1,6,1,11,1998,1,13,7,1
2013140003329,1,9,0,18,0,0,0,0,0,0,1,1,6,1,7,-1,-1,-1,8,1
2013140003330,1,9,0,4,0,0,0,0,0,0,2,1,6,1,7,1299,1,14,1,1
2013140003330,2,9,0,18,0,0,0,0,0,0,1,1,6,1,6,1598,2,1,8,2
2013140003331,1,9,0,18,0,1,0,0,0,0,1,1,1,1,8,2664,2,8,10,1
2013140003331,2,9,0,18,0,1,0,0,0,0,2,1,6,1,6,1598,2,1,-1,-1
2013140003331,3,9,0,2,0,1,0,0,0,0,1,1,6,1,6,998,1,11,8,1
2013140003344,1,9,0,9,0,1,0,0,0,0,2,1,1,1,8,-1,-1,-1,4,1
2013140003344,2,9,0,18,0,8,0,0,0,0,1,1,2,1,8,1560,2,5,2,1
2013140003344,3,9,0,18,0,8,0,0,0,0,1,1,6,1,5,1781,1,10,4,1
2013140003368,1,20,1,3,0,0,0,0,0,0,2,1,1,1,7,-1,-1,-1,4,1
2013140003368,2,11,0,4,0,0,0,0,0,0,1,1,1,1,9,12000,2,7,6,1
2013140003388,1,9,0,7,0,8,0,0,0,0,4,1,2,1,5,-1,-1,-1,1,1
2013140003400,1,11,0,18,0,1,0,0,0,0,0,1,6,3,-1,-1,-1,-1,-1,-1
2013140003406,1,11,0,18,0,8,0,0,0,0,3,1,1,1,9,7300,2,11,2,1
2013140003418,1,19,0,18,0,0,1,0,1,0,4,1,1,1,5,2402,2,2,10,1
2013140003436,1,9,0,3,0,0,0,0,0,0,2,1,1,1,8,-1,-1,-1,6,1
2013140003436,2,9,0,3,0,0,0,0,0,0,1,1,6,2,6,1560,2,7,7,1
2013140003436,3,9,0,3,0,0,0,0,0,0,2,1,6,1,7,-1,-1,-1,7,1
2013140003472,1,9,0,6,0,0,1,0,0,0,3,1,6,1,9,1988,1,14,6,1
2013140003472,2,9,0,18,0,0,0,0,0,0,1,1,6,1,8,1956,2,2,4,1
2013140003472,3,21,0,2,0,0,0,0,0,0,3,1,6,1,8,12740,2,4,-1,-1
2013140003474,1,9,0,18,0,0,0,0,0,0,4,1,6,1,11,1149,1,11,1,1
2013140003474,2,9,0,2,0,0,0,0,0,0,3,1,6,1,5,1956,2,3,1,1
2013140003477,1,9,0,18,0,0,0,0,0,0,1,1,6,1,5,1598,1,7,3,1
2013140003477,2,9,0,2,0,0,0,0,0,0,1,1,6,1,6,-1,-1,-1,4,1
2013140003477,3,9,0,2,0,0,0,0,0,0,2,1,6,2,6,1598,1,12,-1,-1
2013140003482,1,9,0,10,0,1,0,0,0,0,4,1,6,2,4,1149,1,9,2,1
2013140003482,2,9,0,18,0,1,0,0,0,0,1,1,6,2,7,1399,1,4,2,1
2013140003483,1,9,0,18,0,0,0,0,7,2,3,1,6,1,10,1796,1,9,7,1
2013140003488,1,9,0,3,0,1,0,0,0,0,2,1,1,1,8,-1,-1,-1,8,2
2013140003488,2,9,0,18,0,1,0,0,0,0,1,1,6,1,6,1997,2,7,3,1
2013140003495,1,9,0,18,0,0,0,10,0,0,3,1,2,2,5,1598,1,7,5,1
2013140003495,2,19,0,18,0,0,0,0,0,0,4,1,6,3,-1,-1,-1,-1,-1,-1
2013140003503,1,9,0,18,0,1,1,0,0,0,3,1,6,3,8,1360,1,9,7,1
2013140003503,2,9,0,18,0,1,1,0,0,0,1,1,6,1,8,1998,2,11,-1,-1
2013140003507,1,9,0,18,9,0,0,0,7,0,1,1,6,1,4,1124,1,11,1,1
2013140003514,1,9,0,1,0,2,0,0,0,0,2,1,6,1,7,1598,1,4,1,1
2013140003519,1,9,0,6,0,0,0,0,0,0,1,1,1,1,6,1560,2,2,-1,-1
2013140003519,2,9,0,18,0,0,0,0,0,0,1,1,6,2,9,1598,1,11,4,1
2013140003520,1,9,0,18,0,0,0,0,0,0,1,1,6,1,4,-1,-1,-1,1,1
2013140003520,2,9,0,2,0,0,0,0,0,0,1,1,6,1,6,1896,2,13,2,1
2013140003520,3,9,0,2,0,0,0,0,0,0,1,1,6,3,-1,-1,-1,-1,-1,-1
2013140003523,1,18,0,4,1,0,0,0,0,0,0,1,1,1,7,-1,-1,-1,-1,-1
2013140003526,1,9,0,3,0,0,0,0,0,0,2,1,6,2,9,1242,1,9,2,1
2013140003526,2,9,0,18,0,0,0,0,0,0,1,1,6,1,4,1199,1,10,3,1
2013140003528,1,9,0,4,0,4,0,0,0,0,1,1,1,1,8,2179,2,8,10,1
2013140003530,1,9,0,3,0,0,0,0,0,0,0,1,6,2,7,1388,1,1,1,1
2013140003534,1,9,0,18,0,0,0,11,0,0,1,1,6,3,-1,-1,-1,-1,-1,-1
2013140003536,1,9,0,16,0,0,2,0,7,0,1,1,6,2,4,998,1,2,6,1
2013140003538,1,9,0,9,0,5,0,0,0,0,4,1,6,1,5,1240,1,8,8,2
2013140003538,2,9,0,18,0,1,0,0,0,0,1,1,6,1,5,1248,2,8,5,1
2013140003543,1,9,0,5,0,0,0,11,0,0,2,1,6,2,7,1905,2,15,2,1
2013140003546,1,9,0,18,0,0,2,0,1,0,1,1,6,2,5,1388,1,4,7,2
2013140003547,1,9,0,16,0,0,2,0,7,0,1,1,6,1,6,1587,1,11,8,2
2013140003548,1,9,0,18,0,0,0,0,0,0,3,1,6,1,8,1896,2,10,3,1
2013140003548,2,9,0,18,0,0,0,0,0,0,4,1,1,1,6,1560,2,2,-1,-1
2013140003562,1,9,0,9,0,1,0,0,0,0,1,1,6,2,4,1596,1,1,3,1
2013140003562,2,9,0,18,0,1,0,0,0,0,3,1,6,1,4,1149,1,10,3,1
2013140003574,1,9,0,4,0,1,0,0,0,0,1,1,6,1,6,1796,1,9,6,1
2013140003574,2,9,0,3,0,1,0,0,0,0,2,1,1,2,6,1229,1,8,7,1
2013140003574,3,9,0,3,0,1,0,0,0,0,2,1,6,2,9,1198,1,6,9,1
2013140003593,1,9,0,4,0,0,0,0,0,0,1,1,6,1,9,1388,1,8,9,2
2013140003593,2,9,0,3,0,0,0,0,0,0,2,1,6,2,8,1956,2,3,5,1
2013140003597,1,9,0,3,0,1,1,0,0,0,1,1,2,2,7,1560,2,2,2,1
2013140003597,2,9,0,18,0,2,1,0,1,0,4,1,2,2,5,1299,1,11,3,1
2013140003601,1,9,0,9,0,1,0,0,0,0,3,1,6,1,4,998,1,6,5,1
2013140003601,2,3,0,18,0,1,0,0,0,0,1,1,6,1,6,-1,-1,-1,-1,-1
2013140003604,1,9,0,14,0,1,0,0,0,0,4,1,1,1,6,1896,2,11,4,1
2013140003607,1,3,0,18,0,3,1,0,0,0,0,1,6,1,7,124,1,11,3,3
2013140003621,1,9,0,4,0,1,0,0,0,0,1,1,6,3,-1,-1,-1,-1,-1,-1
2013140003621,2,9,0,3,0,1,0,0,0,0,2,1,2,2,7,1598,1,10,8,1
2013140003621,3,9,0,3,0,1,0,0,0,0,2,1,2,2,5,1587,1,13,1,1
2013140003624,1,9,0,18,0,0,0,0,1,10,4,1,6,1,8,1799,1,13,2,1
2013140003625,1,9,0,4,0,8,0,0,0,0,1,1,2,1,8,1398,1,9,9,1
2013140003625,2,9,0,9,0,8,0,0,0,0,1,1,6,2,5,1229,1,8,2,1
2013140003626,1,9,0,18,0,1,0,0,0,0,2,1,6,2,8,1796,1,4,7,3
2013140003626,2,9,0,18,0,1,0,0,0,0,1,1,6,1,8,1399,2,3,-1,-1
2013140003627,1,19,0,1,0,0,0,0,0,0,1,1,1,1,7,1248,2,2,2,1
2013140003629,1,9,0,18,0,0,0,0,0,0,3,1,1,1,6,1968,2,5,2,1
2013140003630,1,9,0,18,0,0,2,0,7,0,1,1,6,1,6,1332,1,2,8,1
2013140003634,1,9,0,4,0,1,0,0,0,0,2,1,6,1,6,-1,-1,-1,1,1
2013140003634,2,9,0,4,0,1,0,0,0,0,2,1,6,1,6,1796,1,13,-1,-1
2013140003634,3,9,0,18,0,1,0,0,0,0,1,1,6,1,5,-1,-1,-1,-1,-1
2013140003635,1,9,0,18,0,0,1,0,1,10,1,1,6,1,5,1995,1,12,1,1
2013140003637,1,9,0,2,0,0,0,0,0,0,1,1,6,2,5,1299,1,13,4,1
2013140003637,2,9,0,2,0,0,0,0,0,0,1,1,6,2,8,999,1,16,4,2
2013140003637,3,9,0,18,0,0,0,0,0,0,1,1,6,2,6,1422,2,12,7,3
2013140003638,1,9,0,18,0,0,2,0,1,0,1,1,6,1,6,1396,1,9,4,2
2013140003639,1,9,0,4,0,0,0,0,0,0,2,1,6,1,7,1956,2,1,6,1
2013140003639,2,9,0,18,0,0,0,0,0,0,1,1,6,1,8,1582,2,-1,6,1
2013140003646,1,9,0,9,0,2,0,0,0,0,1,1,6,2,8,3199,1,8,6,3
2013140003646,2,3,0,16,0,1,0,0,0,0,4,1,6,1,6,124,1,2,1,1
2013140003648,1,8,0,18,0,2,0,0,0,0,3,1,1,1,7,2664,2,13,3,1
2013140003653,1,9,0,3,0,1,0,0,0,0,2,1,1,2,8,1242,1,10,1,1
2013140003653,2,9,0,18,0,1,0,0,0,0,1,1,6,1,-1,-1,-1,-1,-1,-1
2013140003661,1,9,0,5,0,0,0,0,0,0,1,1,2,1,8,2497,2,8,3,1
2013140003661,2,9,0,3,0,0,0,0,0,0,2,1,6,2,6,1599,1,9,4,1
2013140003667,1,21,1,18,0,0,1,0,0,0,1,1,1,1,9,11967,2,10,3,1
2013140003667,2,9,0,3,0,0,0,0,1,0,2,1,6,1,-1,1598,1,10,4,1
2013140003667,3,9,0,3,0,0,0,0,0,0,2,1,1,2,7,-1,-1,-1,1,1
2013140003667,4,19,0,3,0,0,0,0,0,0,2,1,1,1,8,1753,2,4,3,1
2013140003682,1,9,0,18,0,0,0,0,0,0,1,1,6,2,4,1398,2,4,3,1
2013140003682,2,9,0,18,0,0,1,0,0,0,4,1,1,1,6,2171,1,12,2,1
2013140003689,1,9,0,3,0,1,0,0,0,0,2,1,6,1,6,2967,2,1,6,1
2013140003689,2,9,0,14,0,1,0,0,1,0,1,1,6,2,5,1598,1,10,3,1
2013140003709,1,9,0,17,0,0,2,0,7,11,1,1,6,1,4,-1,-1,-1,9,2
2013140003720,1,9,0,18,0,0,0,0,0,0,2,1,6,1,8,-1,-1,-1,1,1
2013140003720,2,9,0,18,0,0,0,0,0,0,0,1,6,1,8,1968,2,9,4,1
2013140003724,1,9,0,18,0,1,0,0,0,0,1,1,3,2,5,1598,1,4,1,1
2013140003726,1,9,0,9,0,8,0,0,0,0,4,1,1,1,6,1686,2,13,1,1
2013140003726,2,9,0,18,0,1,0,0,0,0,1,1,6,3,-1,-1,-1,-1,-1,-1
2013140003735,1,9,0,18,0,0,0,0,0,0,4,1,6,1,9,1905,2,15,1,1
2013140003742,1,9,0,5,0,8,0,0,0,0,4,1,2,2,7,2993,2,1,5,2
2013140003742,2,5,0,17,0,1,0,0,0,0,1,1,2,1,8,901,1,29,3,1
2013140003743,1,9,0,18,0,0,0,0,1,0,1,1,6,2,5,1368,1,4,4,1
2013140003746,1,9,0,14,0,0,0,0,0,0,4,1,6,1,6,1390,1,13,1,2
2013140003751,1,9,0,18,0,0,0,0,0,0,1,1,6,3,-1,-1,-1,-1,-1,-1
2013140003752,1,19,0,3,9,0,0,0,0,0,1,1,1,3,-1,-1,-1,-1,-1,-1
2013140003756,1,9,0,5,0,3,0,0,0,0,4,1,1,1,6,1956,2,1,7,2
2013140003756,2,9,0,5,0,3,0,0,0,0,3,1,1,1,7,1798,1,12,8,1
2013140003757,1,19,0,18,0,0,0,0,0,0,4,1,6,1,8,2198,2,7,4,1
2013140003758,1,9,0,18,0,8,0,0,0,0,1,1,6,1,6,1560,2,2,2,1
2013140003758,2,9,0,9,0,8,0,0,0,0,2,1,6,1,6,1596,1,21,2,1
2013140003759,1,9,0,3,0,0,0,0,0,0,0,1,6,2,5,1299,1,14,7,3
2013140003759,2,9,0,18,0,0,0,0,0,0,3,1,6,3,-1,-1,-1,-1,-1,-1
2013140003764,1,9,0,4,0,2,0,0,0,0,4,1,6,1,8,1360,1,6,8,1
2013140003764,2,1,0,3,0,2,0,0,0,0,4,1,6,1,4,-1,-1,-1,4,1
2013140003766,1,9,0,18,0,0,0,0,1,0,1,1,6,1,4,998,1,10,7,1
2013140003767,1,9,0,18,0,0,0,0,0,0,3,1,6,1,6,1331,1,19,4,1
2013140003769,1,9,0,18,0,0,0,0,0,0,0,1,6,2,9,1061,1,9,6,1
2013140003771,1,9,0,5,0,2,0,0,0,0,1,1,6,2,6,2000,1,8,3,1
2013140003771,2,9,0,14,0,1,0,0,0,0,1,1,6,1,-1,1896,2,5,1,1
2013140003775,1,9,0,2,0,0,0,0,0,0,1,1,6,2,6,1986,2,7,7,1
2013140003775,2,9,0,1,0,0,0,0,0,0,2,1,6,3,-1,-1,-1,-1,-1,-1
2013140003776,1,9,0,18,0,0,0,11,0,0,4,1,6,1,7,1390,1,8,1,1
2013140003776,2,1,0,18,0,0,0,0,0,0,3,1,6,1,9,-1,-1,-1,1,1
2013140003802,1,21,1,18,0,0,0,0,0,0,1,2,1,1,5,-1,-1,-1,-1,-1
2013140003802,2,9,0,18,0,0,0,0,0,0,3,1,6,2,8,1242,1,7,8,2
2013140003809,1,21,0,18,0,0,0,0,0,0,2,1,1,1,8,10518,2,2,3,2
2013140003809,2,9,0,18,0,0,1,0,4,6,1,1,2,1,6,1389,1,8,2,1
2013140003809,3,21,0,18,0,0,0,0,0,0,2,1,1,1,8,10518,2,-1,4,2
2013140003809,4,21,0,18,0,0,1,1,0,0,1,1,1,1,8,8970,2,15,4,1
2013140003816,1,9,0,5,0,0,0,0,0,0,0,1,6,2,5,2979,1,12,7,1
2013140003816,2,3,0,13,0,0,0,0,0,0,0,1,6,1,9,125,1,7,4,1
2013140003824,1,9,0,18,0,0,0,0,0,0,1,1,6,1,5,1997,2,12,4,1
2013140003829,1,9,0,18,0,0,0,0,0,0,2,1,1,1,6,2000,1,8,4,1
2013140003829,2,9,0,18,0,0,0,0,0,0,1,1,1,1,7,1560,2,2,10,1
2013140003832,1,9,0,18,0,1,0,0,0,0,1,1,2,1,4,1229,1,6,9,1
2013140003832,2,9,0,18,0,2,0,0,3,0,3,1,2,2,8,1761,1,14,2,1
2013140003835,1,9,0,18,0,5,0,0,1,10,1,1,1,1,7,1910,2,6,8,1
2013140003841,1,9,0,7,0,6,0,0,0,0,1,1,6,3,-1,1199,1,11,-1,-1
2013140003841,2,9,0,18,0,2,0,0,0,0,-1,1,6,1,8,1762,1,13,2,1
2013140003842,1,9,0,18,0,0,0,0,0,0,0,1,2,2,5,1595,1,7,5,1
2013140003842,2,9,0,18,0,0,0,0,0,0,0,1,2,1,9,1798,8,-1,8,1
2013140003846,1,9,0,18,0,0,0,0,0,0,1,1,6,1,4,954,1,14,3,1
2013140003846,2,9,0,5,0,0,0,0,0,0,3,1,6,1,8,1497,1,12,6,2
2013140003849,1,9,0,7,0,6,0,0,0,0,4,1,6,1,10,1798,1,4,1,1
2013140003863,1,11,0,11,7,0,1,0,0,0,1,1,1,1,7,7300,2,10,3,1
2013140003863,2,21,1,2,6,0,0,0,0,0,2,1,1,1,7,12902,2,1,2,1
2013140003877,1,9,0,18,0,0,1,0,4,0,1,1,2,1,7,1229,1,5,-1,-1
2013140003877,2,9,0,3,0,0,0,0,0,0,2,1,6,1,9,1995,2,9,7,1
2013140003882,1,9,0,3,0,8,0,0,0,0,1,1,6,2,6,1296,1,7,1,1
2013140003898,1,9,0,18,0,5,0,0,0,0,1,1,6,1,9,1248,1,2,6,1
2013140003901,1,9,0,18,0,0,0,0,0,0,1,1,6,1,5,1399,2,11,-1,-1
2013140003909,1,9,0,9,0,8,0,0,0,0,1,1,6,2,8,1753,2,4,5,1
2013140003923,1,9,0,3,0,3,0,0,0,0,2,1,6,1,10,1596,1,5,-1,-1
2013140003923,2,9,0,3,0,3,0,0,0,0,0,1,6,3,7,1364,1,6,-1,-1
2013140003963,1,9,0,18,0,1,0,0,0,0,1,1,1,2,11,998,1,11,1,1
2013140003963,2,9,0,9,0,1,0,0,0,0,1,1,1,1,4,-1,-1,-1,4,1
2013140003979,1,9,0,4,0,0,0,0,0,0,2,1,6,1,6,1988,1,9,-1,-1
2013140003979,2,9,0,18,0,0,0,0,0,0,1,1,2,1,6,1896,2,10,4,2
2013140003983,1,9,0,18,0,0,1,10,7,2,1,1,6,3,-1,-1,-1,-1,-1,-1
2013140003984,1,9,0,9,0,5,0,0,0,0,2,1,1,2,7,1396,1,10,8,1
2013140003984,2,9,0,5,0,1,0,0,0,0,2,1,1,1,7,-1,-1,-1,2,1
2013140003984,3,9,0,4,0,1,0,0,0,0,1,1,1,2,8,1896,2,11,1,1
2013140003985,1,9,0,3,0,1,0,0,0,0,0,1,3,2,7,1796,1,4,4,1
2013140003985,2,9,0,18,0,1,0,0,0,0,1,1,6,3,-1,-1,-1,-1,-1,-1
2013140003988,1,9,0,18,0,0,0,0,0,0,1,1,6,2,8,1199,1,14,2,1
2013140004003,1,1,0,18,0,1,0,0,0,0,0,1,6,1,6,-1,-1,-1,5,1
2013140004003,2,9,0,9,0,7,0,0,0,0,0,1,6,3,7,1896,2,11,10,1
2013140004005,1,9,0,3,0,1,0,0,0,0,1,1,1,2,7,1399,2,7,6,1
2013140004005,2,9,0,5,0,1,0,0,0,0,2,1,1,2,6,1149,1,11,5,1
2013140004007,1,9,0,18,0,0,0,0,0,0,4,1,6,1,8,1498,1,6,6,1
2013140004007,2,9,0,12,0,0,2,0,5,0,3,1,6,2,6,2179,2,-1,8,2
2013140004020,1,21,1,18,0,0,0,0,0,0,3,2,1,1,8,-1,-1,-1,-1,-1
2013140004020,2,9,0,18,0,0,1,0,0,0,4,1,6,1,7,1997,2,7,1,1
2013140004039,1,9,0,4,0,0,0,0,0,0,2,1,1,2,7,1198,1,3,3,2
2013140004039,2,9,0,18,0,0,0,0,0,0,1,1,6,1,4,1388,1,9,7,3
2013140004048,1,19,0,1,0,0,0,0,0,0,2,1,1,1,9,-1,-1,-1,2,1
2013140004048,2,22,0,3,0,0,0,0,0,0,3,1,6,2,11,-1,-1,-1,3,1
2013140004056,1,9,0,18,0,0,0,0,0,0,1,1,6,2,9,1299,1,9,9,2
2013140004073,1,9,0,4,0,1,0,0,0,0,3,1,1,1,7,-1,-1,-1,5,1
2013140004077,1,9,0,18,0,1,1,0,0,0,1,1,6,1,6,1560,2,8,4,1
2013140004077,2,9,0,9,0,8,0,0,0,0,4,1,6,1,6,2438,1,20,2,1
2013140004082,1,9,0,18,0,0,1,0,0,0,1,1,2,1,6,998,1,7,3,1
2013140004082,2,9,0,3,0,0,0,0,0,0,2,1,2,2,7,1999,1,8,6,1
2013140004082,3,9,0,3,0,0,0,0,0,0,2,1,2,1,7,1360,1,13,1,1
2013140004082,4,19,0,3,0,0,0,0,0,0,2,1,2,1,8,2402,2,11,1,1
2013140004093,1,9,0,18,0,0,1,0,0,0,1,1,6,2,4,1199,1,11,8,1
2013140004093,2,9,0,18,0,0,1,0,0,0,1,1,6,1,6,1796,1,12,9,1
2013140004113,1,9,0,18,0,0,1,0,1,11,1,1,6,1,7,2429,1,11,7,2
2013140004113,2,9,0,2,9,0,0,0,0,0,1,1,6,1,4,1994,2,11,7,2
2013140004115,1,5,0,3,0,1,0,0,0,0,2,1,2,1,6,600,1,1,9,1
2013140004115,2,9,0,18,0,1,0,0,0,0,1,1,6,1,4,998,1,24,6,1
2013140004120,1,9,0,3,0,0,0,0,0,0,2,1,6,2,8,998,1,-1,6,1
2013140004120,2,9,0,5,0,0,0,0,0,0,1,1,6,2,6,-1,-1,-1,2,1
2013140004126,1,9,0,2,0,0,0,0,0,0,4,1,3,2,7,2000,1,8,10,1
2013140004126,2,9,0,18,0,0,1,0,0,0,4,1,6,3,-1,1560,2,6,7,1
2013140004128,1,9,0,14,0,0,0,4,0,0,4,1,6,1,10,1598,1,1,1,1
2013140004128,2,9,0,2,0,0,0,4,0,0,3,1,6,1,-1,1149,1,9,3,1
2013140004128,3,9,0,18,0,0,0,0,0,0,1,1,6,1,6,1461,2,2,6,1
2013140004130,1,9,0,18,0,1,0,0,0,0,3,1,1,1,8,-1,-1,-1,4,1