Accident_Index,Vehicle_Reference,Vehicle_Type,Towing_and_Articulation,Vehicle_Manoeuvre,Vehicle_Location-Restricted_Lane,Junction_Location,Skidding_and_Overturning,Hit_Object_in_Carriageway,Vehicle_Leaving_Carriageway,Hit_Object_off_Carriageway,1st_Point_of_Impact,Was_Vehicle_Left_Hand_Drive?,Journey_Purpose_of_Driver,Sex_of_Driver,Age_Band_of_Driver,Engine_Capacity_(CC),Propulsion_Code,Age_of_Vehicle,Driver_IMD_Decile,Driver_Home_Area_Type
201314A015013,1,9,0,18,0,1,0,0,0,0,4,1,6,1,6,1753,2,7,2,2
201314A015013,2,9,0,18,0,5,0,0,0,0,1,1,6,2,10,973,1,11,1,1
201314A015113,1,9,0,8,0,1,0,0,0,0,2,1,6,1,6,1598,1,2,1,1
201314A015113,2,9,0,4,0,1,0,0,0,0,1,1,6,1,5,2500,2,17,1,1
201314A015513,1,9,0,4,0,0,0,0,0,0,3,1,6,2,5,973,1,11,6,1
201314A015613,1,9,0,4,0,0,0,0,0,0,2,1,6,1,6,1582,2,4,8,2
201314A015613,2,9,0,18,0,0,0,0,0,0,1,1,6,3,-1,-1,-1,-1,3,1
201314A015713,1,9,0,18,0,1,0,0,0,0,1,1,6,1,4,-1,-1,-1,8,2
201314A015713,2,9,0,18,0,1,0,0,0,0,1,1,6,1,5,1242,1,1,6,1
201314A016313,1,5,0,18,0,0,2,7,4,0,4,1,6,1,6,649,1,1,8,2
201314A016313,2,9,0,11,0,0,0,0,0,0,3,1,6,1,7,1968,2,2,5,3
201314A016313,3,9,0,4,0,0,0,0,0,0,0,1,1,1,8,1968,2,-1,7,1
201314A016813,1,8,0,9,0,1,1,0,0,0,2,1,1,1,7,1975,2,15,1,1
201314A016813,2,9,0,15,0,5,0,0,0,0,1,1,6,1,4,-1,-1,-1,7,1
201314A016913,1,1,0,18,0,8,0,0,0,0,2,1,6,1,4,-1,-1,-1,2,1
201314A016913,2,9,0,18,0,8,0,0,0,0,1,1,6,3,-1,-1,-1,-1,-1,-1
201314A017013,1,9,0,18,0,8,0,0,0,0,1,1,2,1,6,1124,1,17,2,1
201314A017013,2,9,0,9,0,6,0,0,0,0,3,1,6,2,6,1975,1,8,3,1
201314A017113,1,9,0,18,0,1,0,0,0,0,3,1,6,1,8,1997,2,12,1,1
201314A017113,2,9,0,5,0,1,0,0,0,0,1,1,6,3,-1,1396,1,13,-1,-1
201314A017213,1,9,0,18,0,0,2,0,4,9,1,1,6,1,8,1796,1,5,2,1
201314A017313,1,9,0,9,0,8,0,0,0,0,4,1,6,2,6,1995,1,8,4,1
201314A017313,2,3,0,18,0,1,0,0,0,0,1,1,6,1,4,124,1,2,3,1
201314A017413,1,19,0,18,0,0,0,0,0,0,1,1,1,1,8,1968,2,2,9,1
201314A017413,2,21,0,18,0,0,0,0,0,0,2,1,1,1,8,10518,2,8,4,1
201314A017613,1,4,0,18,0,1,0,0,0,0,1,1,2,1,6,498,1,21,1,1
201314A017613,2,9,0,9,0,8,0,0,0,0,1,1,6,1,8,1794,1,12,5,1
201314A017713,1,9,0,3,0,1,0,0,0,0,2,1,6,2,7,1870,2,9,3,1
201314A017713,2,9,0,3,0,1,0,0,0,0,1,1,1,1,5,1360,1,11,3,1
201314A018013,1,9,0,3,0,1,0,0,0,0,2,1,6,1,7,1910,2,7,2,1
201314A018013,2,9,0,18,0,1,0,0,0,0,1,1,6,2,9,1560,2,-1,8,2
201314A018413,1,9,0,18,0,1,0,0,0,0,1,1,2,1,7,2993,2,9,1,3
201314A018413,2,19,0,5,0,6,0,0,1,0,2,1,2,1,8,2402,2,2,5,1
201314A018513,1,9,0,3,0,0,0,0,0,0,1,1,6,2,4,1199,1,9,3,1
201314A018513,2,9,0,1,0,0,0,0,0,0,2,1,6,3,6,1850,1,14,1,1
201314A018913,1,9,0,17,0,1,0,0,0,0,3,1,6,1,7,1896,2,4,6,2
201314A018913,2,9,0,16,0,1,0,0,0,0,4,1,6,2,6,2231,2,7,8,1
201314A019513,1,9,0,18,0,0,1,0,7,10,1,1,6,3,-1,-1,-1,-1,-1,-1
201314A019713,1,9,0,18,0,1,0,0,0,0,1,1,4,1,9,1988,2,9,2,1
201314A019713,2,9,0,18,0,1,0,0,0,0,1,1,4,1,10,1399,2,4,8,1
201314A019813,1,9,0,7,0,4,0,0,0,0,4,1,6,3,6,1995,2,1,1,1
201314A019813,2,9,0,7,0,4,0,0,0,0,3,1,6,1,10,-1,-1,-1,-1,-1
201314A019913,1,9,0,18,0,1,0,0,0,0,1,1,4,2,8,1995,2,5,1,1
201314A019913,2,9,0,3,0,1,0,0,0,0,2,1,4,1,8,1794,1,11,4,1
201314A020013,1,9,0,18,0,0,0,0,0,0,1,1,6,1,9,-1,-1,-1,1,1
201314A020113,1,9,0,5,0,4,0,0,0,0,1,1,6,2,6,1229,1,7,3,1
201314A020113,2,9,0,3,0,3,0,0,0,0,2,1,6,2,6,1686,2,5,1,1
201314A020213,1,8,0,18,0,1,0,0,0,0,2,1,6,1,7,1896,2,4,3,1
201314A020213,2,19,0,18,0,1,1,0,0,0,1,1,6,1,8,2402,2,12,7,1
201314A020213,3,9,0,18,0,1,0,0,0,0,1,1,6,2,8,1560,2,6,5,2
201314A020313,1,9,0,4,0,2,0,0,0,0,2,1,6,1,6,1598,1,8,3,1
201314A020313,2,9,0,4,0,2,1,0,0,0,2,1,6,1,10,-1,-1,-1,10,1
201314A020313,3,9,0,18,0,2,0,0,0,0,1,1,6,2,5,1388,1,10,5,1
201314A020713,1,9,0,3,0,1,0,0,0,0,1,1,4,2,7,1991,1,12,3,1
201314A020713,2,9,0,3,0,1,0,0,0,0,3,1,6,2,10,1149,1,10,6,1
201314A020713,3,9,0,3,0,1,0,0,0,0,2,1,6,2,7,1994,2,6,2,1
201314A020813,1,9,0,18,0,1,0,4,0,0,1,1,6,1,6,1360,1,6,1,1
201314A020813,2,9,0,2,0,1,0,0,0,0,2,1,6,2,7,1149,1,8,1,1
201314A020913,1,9,0,4,0,0,0,0,0,0,2,1,6,1,10,-1,-1,-1,1,1
201314A020913,2,9,0,4,0,0,0,0,0,0,2,1,6,1,9,1582,2,4,7,3
201314A020913,3,9,0,18,0,0,0,0,0,0,1,1,6,1,8,1598,2,-1,1,1
201314A021613,1,9,0,18,0,1,0,0,0,0,1,1,6,1,6,1994,2,11,2,1
201314A021613,2,9,0,5,0,6,0,0,7,10,3,1,6,2,9,1149,1,14,7,1
201314A021913,1,9,0,9,0,5,0,0,0,0,3,1,6,1,6,2198,1,8,8,1
201314A021913,2,9,0,18,0,1,0,0,0,0,3,1,6,1,8,1396,1,16,1,1
201314A022213,1,9,0,9,0,6,0,0,0,0,1,1,6,1,9,1796,1,12,1,1
201314A022213,2,3,0,18,0,5,0,0,0,0,4,1,2,1,9,98,1,10,3,1
201314A022513,1,9,0,18,0,8,0,0,0,0,4,1,6,1,9,1997,2,5,1,1
201314A022513,2,9,0,18,0,8,0,0,0,0,3,1,6,3,-1,-1,-1,-1,-1,-1
201314A022713,1,9,0,18,0,1,0,0,0,0,4,1,6,3,-1,-1,-1,-1,-1,-1
201314A023213,1,1,0,18,0,1,0,0,0,0,3,1,1,1,7,-1,-1,-1,6,1
201314A023213,2,9,0,18,0,1,0,0,0,0,4,1,6,1,6,1198,1,7,1,1
201314A023313,1,9,0,10,0,1,0,0,0,0,4,1,1,1,9,1798,2,1,5,2
201314A023313,2,17,0,7,0,1,0,0,0,0,3,1,1,1,7,-1,-1,-1,8,3
201314A023413,1,9,0,18,0,0,0,0,0,0,1,1,6,1,5,1124,1,13,1,1
201314A023513,1,9,0,18,0,0,0,0,0,0,1,1,6,1,-1,-1,-1,-1,-1,-1
201314A023513,2,1,0,18,0,0,0,0,0,0,1,1,6,1,3,-1,-1,-1,1,1
201314A023613,1,9,0,2,0,0,2,0,0,0,2,1,6,1,7,1896,2,12,5,1
201314A023613,2,9,0,18,0,0,0,0,0,0,1,1,6,2,6,-1,-1,-1,8,1
201314A023713,1,9,0,18,9,0,0,0,0,0,0,1,6,3,-1,-1,-1,-1,-1,-1
201314A024013,1,9,0,18,0,0,0,0,0,0,1,1,1,1,6,1596,1,10,4,1
201314A024013,2,9,0,18,0,0,0,0,0,0,1,1,1,1,8,-1,-1,-1,8,1
201314A024813,1,9,0,18,0,0,0,0,0,0,1,1,6,3,-1,-1,-1,-1,-1,-1
201314A024813,2,1,0,18,0,0,0,0,0,0,2,1,6,1,2,-1,-1,-1,5,2
201314A024913,1,19,0,18,0,1,0,0,7,10,1,1,6,3,-1,1753,2,11,-1,-1
201314A024913,2,8,0,3,0,4,0,0,0,0,2,1,1,1,10,2664,2,14,1,1
201314A025713,1,9,0,2,0,0,0,0,0,0,2,1,6,2,8,1798,1,12,2,1
201314A025713,2,9,0,18,0,0,5,10,1,2,4,1,1,1,6,1390,1,8,4,1
201314A025813,1,9,0,10,0,6,0,0,0,0,2,1,1,2,5,998,1,4,2,1
201314A025813,2,9,0,4,0,1,1,0,0,0,1,1,6,1,5,1248,2,9,5,1
201314A025913,1,5,0,4,0,1,0,0,0,0,4,1,6,1,6,600,1,14,4,1
201314A025913,2,20,0,12,0,2,0,0,0,0,3,1,6,1,-1,-1,-1,-1,-1,-1
201314A026313,1,3,0,18,0,8,0,0,0,0,1,1,2,1,6,124,1,9,4,1
201314A026413,1,9,0,18,0,0,0,0,0,0,3,1,6,2,8,1349,1,3,6,1
201314A026413,2,9,0,13,0,0,5,0,2,10,4,1,6,1,8,1461,2,1,-1,-1
201314A027413,1,9,0,4,0,1,0,0,0,0,2,1,6,1,9,1560,2,1,9,1
201314A027413,2,21,0,4,0,1,1,0,0,0,2,1,1,1,7,11021,2,13,7,3
201314A027513,1,9,0,18,0,8,0,0,0,0,2,1,6,1,5,1781,1,11,2,1
201314A027513,2,21,0,18,0,8,0,0,0,0,1,1,6,1,6,-1,-1,-1,-1,-1
201314A027813,1,9,0,18,0,0,0,0,0,0,1,1,6,3,-1,-1,-1,-1,-1,-1
201314A028013,1,9,0,3,0,0,0,0,0,0,2,1,1,1,5,1998,1,5,8,2
201314A028013,2,9,0,3,0,0,0,0,0,0,2,1,1,1,6,1997,2,3,1,1
201314A028013,3,9,0,18,0,0,0,0,0,0,1,1,1,1,6,993,1,10,4,1
201314A028413,1,9,0,18,0,1,0,0,0,0,1,1,6,2,4,-1,-1,-1,4,3
201314A028413,2,22,0,18,0,8,0,0,0,0,4,1,6,1,9,-1,3,-1,1,1
201314A028513,1,9,0,18,0,1,0,0,0,0,1,1,6,2,9,1461,2,11,2,1
201314A028513,2,9,0,5,0,6,0,0,0,0,3,1,6,1,11,1339,1,9,9,1
201314A028613,1,9,0,18,0,1,1,0,0,0,1,1,6,2,7,1587,1,6,5,3
201314A028613,2,9,0,5,0,6,0,0,0,0,1,1,6,1,6,1753,2,5,1,1
201314A029013,1,9,0,4,0,1,0,0,0,0,2,1,6,1,6,1769,1,11,7,1
201314A029013,2,3,0,18,0,1,1,0,0,0,1,1,6,1,4,-1,-1,-1,1,1
201314A030113,1,9,0,3,0,1,0,0,0,0,2,1,6,1,6,1598,1,10,4,1
201314A030113,2,9,0,4,0,1,0,0,0,0,1,1,6,1,7,1975,1,7,-1,-1
201314A030113,3,9,0,4,0,1,0,0,0,0,2,1,6,2,7,1994,2,11,8,2
201314A030113,4,9,0,4,0,1,0,0,0,0,1,1,6,1,6,1995,2,9,4,1
201314A030513,1,9,0,18,0,0,0,0,0,0,1,1,6,1,4,2487,2,14,4,1
201314A030813,1,9,0,9,0,1,0,0,1,0,3,1,6,2,6,1149,1,12,2,1
201314A030813,2,9,0,18,0,2,0,0,0,0,1,1,6,3,-1,1198,1,9,-1,-1
201314A031013,1,9,0,18,0,1,1,0,0,0,1,1,6,2,10,1390,1,1,3,1
201314A031013,2,9,0,3,0,1,0,0,0,0,2,1,6,2,9,1598,1,15,3,1
201314A031113,1,9,0,4,0,1,0,0,0,0,1,1,6,1,6,1596,1,11,6,1
201314A031213,1,9,0,18,0,0,0,0,1,0,1,1,2,1,5,1896,2,9,3,1
201314A031213,2,9,0,18,0,0,0,0,7,0,4,1,2,2,7,1598,1,16,4,1
201314A031513,1,9,0,18,0,0,2,0,1,7,4,1,6,1,6,1998,2,9,6,1
201314A031613,1,9,0,9,0,0,1,0,0,0,3,1,6,1,6,1995,1,19,2,1
201314A031613,2,1,0,18,0,0,0,0,0,0,1,1,6,1,4,-1,-1,-1,7,1
201314A032013,1,9,0,4,0,0,0,0,5,6,2,1,1,1,5,-1,-1,-1,6,3
201314A032013,2,9,0,18,0,0,0,0,0,0,1,1,1,1,8,1956,2,2,4,1
201314A032213,1,9,0,18,0,0,0,0,0,0,1,1,6,1,4,1149,1,9,1,1
201314A032213,2,9,0,9,0,0,0,0,0,0,1,1,6,2,4,1299,1,14,8,1
201314A032313,1,9,0,18,0,0,0,0,0,0,1,1,6,1,4,2982,2,1,4,1
201314A032313,2,9,0,18,0,0,0,0,0,0,1,1,6,1,4,1229,1,2,3,3
201314A032413,1,9,0,16,0,4,0,0,0,0,3,1,6,2,6,1600,1,12,5,1
201314A032413,2,5,0,16,0,4,5,0,0,0,1,1,6,1,9,1078,1,4,7,2
201314A032813,1,9,0,18,0,0,0,0,0,0,3,1,1,1,9,-1,-1,-1,8,1
201314A032813,2,9,0,18,0,0,0,0,0,0,1,1,1,2,8,1390,1,13,6,2
201314A033013,1,1,0,18,0,1,0,0,0,0,1,1,1,1,9,-1,-1,-1,9,2
201314A033013,2,9,0,7,0,6,0,0,0,0,3,1,6,1,7,1989,1,10,7,1
201314A033113,1,9,0,18,0,0,0,0,0,0,3,1,6,3,-1,-1,-1,-1,-1,-1
201314A033213,1,9,0,9,0,0,1,0,0,0,3,1,1,1,5,1461,2,1,9,1
201314A033213,2,9,0,9,0,0,0,0,0,0,1,1,1,1,-1,2946,1,15,3,1
201314A033513,1,9,0,18,0,0,0,0,2,2,1,1,6,1,4,1199,1,12,6,1
201314A033713,1,9,0,3,0,1,0,0,0,0,2,1,6,1,8,1497,1,11,6,1
201314A033713,2,9,0,18,0,1,0,0,0,0,1,1,6,2,4,1598,1,5,1,1
201314A033813,1,9,0,18,0,0,0,0,0,0,4,1,6,1,11,1587,1,8,7,2
201314A033913,1,9,0,4,0,0,0,0,0,0,1,1,6,1,6,1360,1,15,2,1
201314A033913,2,9,0,1,0,0,0,0,0,0,2,1,6,2,4,-1,-1,-1,-1,-1
201314A034113,1,8,0,18,0,8,0,0,0,0,1,1,1,1,8,1896,2,10,1,1
201314A034413,1,19,0,18,0,0,0,0,0,0,1,1,1,1,9,-1,-1,-1,8,1
201314A034413,2,9,0,4,0,0,0,0,0,0,2,1,2,2,6,1339,1,7,1,1
201314A035113,1,9,0,15,0,0,0,0,0,0,4,1,6,1,5,1587,1,12,6,1
201314A035113,2,1,0,11,0,0,0,0,0,0,1,1,6,1,3,-1,-1,-1,2,1
201314A035313,1,8,0,18,0,1,0,0,0,0,1,1,6,1,9,-1,-1,-1,4,1
201314A035313,2,9,0,9,0,1,0,0,0,0,4,1,6,3,-1,-1,-1,-1,-1,-1
201314A035613,1,9,0,18,0,1,0,0,0,0,1,1,1,1,5,1896,2,11,6,1
201314A035613,2,9,0,18,0,6,0,0,0,0,1,1,6,2,5,1360,1,11,4,1
201314A036013,1,11,0,18,0,1,0,0,0,0,0,1,1,1,7,6871,2,15,1,1
201314A036313,1,9,0,18,0,0,0,0,1,10,4,1,2,2,8,1968,2,4,8,1
201314A036313,2,9,0,10,0,0,0,0,0,0,1,1,2,2,4,1199,1,11,7,2
201314A036413,1,9,0,18,0,0,0,0,0,0,1,1,6,1,4,-1,-1,-1,-1,-1
201314A036813,1,9,0,18,0,1,1,0,0,0,1,1,2,1,6,-1,-1,-1,6,1
201314A036813,2,9,0,18,0,6,0,0,0,0,1,1,6,1,7,1998,1,6,7,1
201314A036913,1,9,0,18,0,0,0,0,0,0,1,1,6,2,6,1296,1,6,8,1
201314A036913,2,1,0,18,0,0,0,0,0,0,2,1,6,1,9,-1,-1,-1,9,1
201314A037513,1,9,0,17,0,0,0,0,7,10,1,1,6,3,-1,1998,1,12,4,1
201314A037913,1,9,0,18,0,0,0,0,0,0,3,1,2,2,6,998,1,9,1,1
201314A038513,1,9,0,9,0,1,0,0,0,0,1,1,6,1,9,1997,2,10,3,1
201314A038513,2,21,1,18,0,1,0,0,0,0,4,1,1,1,9,12600,2,11,1,1
201314A039313,1,9,0,18,0,8,0,0,0,0,1,1,6,2,9,1560,2,5,5,2
201314A039313,2,19,0,9,0,6,0,0,0,0,4,1,1,1,9,1997,2,1,1,1
201314A039813,1,9,0,18,0,1,0,0,0,0,1,1,6,2,5,1596,1,13,1,1
201314A039813,2,9,0,9,0,1,0,0,0,0,1,1,6,2,5,1798,1,11,8,1
201314A039813,3,9,0,18,0,1,0,0,0,0,1,1,2,2,9,1995,2,10,1,1
201314A039813,4,9,0,10,0,1,0,0,0,0,1,1,6,1,7,1560,2,4,3,1
201314A040613,1,9,0,9,0,8,0,0,0,0,1,1,6,2,4,1598,1,1,6,1
201314A040613,2,5,0,13,0,8,2,0,0,0,4,1,6,1,9,781,1,12,1,1
201314A040813,1,9,0,4,0,0,0,0,0,0,2,1,6,2,5,1598,1,4,5,1
201314A040813,2,9,0,4,0,0,0,0,4,6,2,1,6,1,9,1598,1,-1,9,3
201314A040813,3,9,0,4,0,0,0,0,0,0,1,1,6,1,7,1598,1,10,10,2
201314A040913,1,1,0,18,0,8,0,0,0,0,2,1,6,1,9,-1,-1,-1,8,2
201314A040913,2,9,0,9,0,6,0,0,0,0,1,1,6,2,4,1299,1,8,2,2
201314A041013,1,3,0,18,0,0,0,0,1,2,1,1,6,1,9,-1,-1,-1,2,1
201314A041113,1,9,0,17,0,0,0,0,1,2,1,1,6,1,4,1124,1,14,1,1
201314A041513,1,9,0,4,0,1,0,0,0,0,4,1,2,2,7,1061,1,8,4,2
201314A041613,1,3,0,18,0,0,0,0,0,0,1,1,6,1,4,124,1,6,8,1
201314A042713,1,9,0,4,0,1,0,0,0,0,2,1,6,2,9,1988,2,7,5,3
201314A042713,2,9,0,4,0,1,0,0,0,0,1,1,6,1,9,1997,2,14,1,1
201314A043313,1,9,0,18,0,0,0,0,0,0,1,1,6,2,7,1997,1,3,10,1
201314A043313,2,9,0,18,0,0,0,0,0,0,2,1,6,2,9,1997,1,8,6,1
201314A043413,1,3,0,18,0,0,0,0,1,0,1,1,6,1,5,124,1,4,1,1
201314A043713,1,9,0,18,0,0,0,0,0,0,2,1,6,2,9,1686,2,7,7,1
201314A043713,2,9,0,18,0,0,0,0,0,0,2,1,6,2,8,1998,2,8,7,1
201314A043713,3,9,0,18,0,0,0,0,0,0,1,1,6,1,4,-1,-1,-1,1,1
201314A043913,1,9,0,18,0,1,5,10,1,2,4,1,4,2,10,1598,1,4,4,1
201314A044213,1,9,0,4,0,0,0,0,0,0,2,1,6,1,7,2143,2,2,2,1
201314A044213,2,9,0,4,0,0,0,0,0,0,1,1,6,1,9,2720,2,8,1,1
201314A044513,1,9,0,4,0,3,0,0,0,0,2,1,2,1,7,1686,2,3,7,1
201314A044513,2,9,0,4,0,3,0,0,0,0,1,1,2,1,7,2499,2,7,5,2
201314A044713,1,9,0,13,0,0,0,0,0,0,1,1,6,1,9,1999,1,-1,6,1
201314A044813,1,9,0,18,0,1,0,0,0,0,2,1,6,2,4,1240,1,10,1,1
201314A044813,2,9,0,18,0,1,0,0,0,0,1,1,6,3,-1,-1,-1,-1,-1,-1
201314A044913,1,9,0,18,0,8,0,0,0,0,1,1,6,2,7,995,1,6,5,1
201314A044913,2,9,0,18,0,8,0,0,0,0,2,1,6,1,8,2231,2,6,6,3
201314A044913,3,9,0,18,0,8,0,0,0,0,2,1,6,1,6,1968,2,1,8,3
201314A044913,4,9,0,18,0,8,0,0,0,0,2,1,6,2,4,1242,1,1,5,1
201314A045013,1,9,0,18,0,1,0,0,0,0,1,1,6,2,7,-1,-1,-1,3,3
201314A045013,2,9,0,9,0,2,1,0,0,0,4,1,6,1,9,1799,1,15,4,1
201314A045213,1,9,0,2,0,2,0,0,0,0,0,1,6,1,6,1397,1,12,1,1
201314A045213,2,9,0,18,0,1,0,0,0,0,1,1,6,1,-1,1796,1,4,3,1
201314A045713,1,9,0,9,0,3,0,0,0,0,2,1,6,2,7,1995,2,2,7,3
201314A045713,2,9,0,4,0,4,0,0,0,0,1,1,6,1,11,1762,1,15,4,2
201314A045813,1,9,0,13,0,0,0,0,0,0,1,1,6,1,8,1800,1,14,5,1
201314A045813,2,9,0,18,0,0,0,0,7,0,2,1,6,1,7,1360,1,8,8,2
201314A045813,3,9,0,18,0,0,0,0,0,0,1,1,6,1,9,1991,2,9,4,1
201314A046013,1,9,0,18,0,0,0,0,0,0,1,1,6,3,-1,-1,-1,-1,-1,-1
201314A046113,1,9,0,7,0,0,0,0,0,0,1,1,6,3,-1,-1,-1,-1,-1,-1
201314A046313,1,9,0,4,0,4,0,0,0,0,2,1,6,1,4,-1,-1,-1,3,1
201314A046313,2,9,0,4,0,4,0,0,0,0,1,1,6,2,10,1461,2,6,5,2
201314A046513,1,9,0,3,0,1,0,0,0,0,2,1,6,2,7,1149,1,4,1,1
201314A046513,2,9,0,3,0,1,0,0,0,0,1,1,6,2,4,1149,1,10,2,1
201314A046813,1,9,0,1,0,0,0,0,0,0,3,1,6,2,5,973,1,14,5,1
201314A046813,2,1,0,18,0,0,0,0,0,0,4,1,6,1,10,-1,-1,-1,2,1
201314A046913,1,9,0,15,0,1,0,0,0,0,1,1,6,1,7,-1,-1,-1,2,1
201314A046913,2,4,0,7,0,1,0,0,0,0,2,1,6,1,7,487,1,14,3,1
201314A047213,1,9,0,18,0,1,0,0,0,0,1,1,2,1,6,-1,-1,-1,2,1
201314A047213,2,9,0,18,0,1,0,0,0,0,3,1,2,1,5,1388,1,10,2,1
201314A047413,1,9,0,3,0,1,0,0,0,0,3,1,6,1,6,1596,1,9,1,2
201314A047413,2,9,0,18,0,1,0,0,0,0,1,1,6,2,4,-1,-1,-1,4,3
201314A047513,1,9,0,18,0,0,0,0,0,0,4,1,6,1,9,1997,2,12,1,1
201314A047613,1,1,0,3,4,1,0,0,0,0,1,1,6,1,3,-1,-1,-1,1,1
201314A047613,2,9,0,18,0,1,0,0,0,0,1,1,6,3,-1,-1,-1,-1,-1,-1
201314A047913,1,9,0,5,0,4,0,0,0,0,1,1,2,2,6,1910,2,9,3,1
201314A047913,2,9,0,3,0,4,0,0,0,0,2,1,6,2,4,1149,1,13,1,1
201314A048013,1,9,0,4,0,0,0,0,0,0,2,1,6,1,5,-1,-1,-1,3,1
201314A048013,2,9,0,18,0,0,0,0,0,0,1,1,6,1,7,1968,2,7,8,1
201314A048113,1,9,0,9,0,2,0,0,0,0,1,1,3,1,4,1248,1,4,7,3
201314A048113,2,1,0,18,0,8,0,0,0,0,4,1,6,2,9,-1,-1,-1,7,1
201314A048213,1,9,0,9,0,2,0,0,0,0,2,1,6,2,10,1560,2,6,6,1
201314A048213,2,9,0,18,0,8,0,0,0,0,1,1,1,2,6,2000,2,8,4,1
201314A048313,1,9,0,4,0,1,0,0,0,0,2,1,6,2,7,1461,2,6,6,1
201314A048313,2,9,0,18,0,1,0,0,0,0,1,1,6,1,-1,-1,-1,-1,-1,-1
201314A048413,1,9,0,18,0,1,0,0,0,0,1,1,6,1,9,4461,2,4,2,1
201314A048513,1,19,0,1,0,6,0,0,0,0,2,1,1,1,8,2143,2,1,2,1
201314A049313,1,5,0,18,0,3,1,0,0,0,1,1,6,1,5,649,1,2,1,2
201314A049313,2,9,0,12,0,3,0,0,0,0,0,1,6,3,-1,-1,-1,-1,-1,-1
201314A049513,1,9,0,18,0,0,5,0,7,10,1,1,2,1,6,1910,2,7,9,1
201314A049513,2,9,0,18,0,0,0,0,0,0,0,1,6,1,7,1242,1,12,4,1
201314A049513,3,9,0,2,0,0,0,0,0,0,2,1,6,3,-1,1992,2,6,-1,-1
201314A049813,1,9,0,18,0,0,1,0,1,9,1,1,6,1,4,1396,1,9,3,1
201314A050413,1,9,0,4,0,0,0,0,0,0,2,1,6,1,10,1560,2,-1,8,1
201314A050413,2,11,0,4,0,0,0,0,1,0,1,1,1,1,6,6871,2,14,5,1
201314A050513,1,9,0,18,0,0,0,0,0,0,3,1,6,1,9,1388,1,6,2,1
201314A050513,2,9,0,18,0,0,0,0,0,0,3,1,6,3,-1,-1,-1,-1,-1,-1
201314A051013,1,3,0,14,0,2,0,0,0,0,1,1,6,1,8,124,1,-1,4,1
201314A051413,1,9,0,18,0,2,0,0,0,0,1,1,6,2,11,1597,1,13,7,1
201314A052013,1,9,0,5,0,4,0,0,0,0,3,1,6,2,5,1998,2,11,3,1
201314A052013,2,9,0,5,0,4,0,0,0,0,4,1,6,3,-1,1400,1,13,-1,-1
201314A052813,1,9,0,15,0,0,0,0,0,0,4,1,2,2,8,1242,1,12,4,2
201314A052813,2,1,0,18,0,0,0,0,0,0,1,1,6,1,9,-1,-1,-1,3,2
201314A052913,1,11,0,2,3,0,0,0,0,0,4,1,1,1,7,9360,2,5,1,1
201314A053013,1,9,0,4,0,0,0,0,0,0,2,1,1,1,7,1900,2,13,3,1
201314A053013,2,9,0,18,0,0,1,0,0,0,1,1,1,1,8,1753,2,12,1,1
201314A053313,1,9,0,15,0,0,1,0,4,6,1,1,6,1,6,1998,2,11,1,1
201314A053313,2,9,0,16,0,0,1,0,0,0,0,1,6,1,5,1299,1,12,2,2
201314A053313,3,9,0,17,0,0,0,0,0,0,0,1,6,1,6,2198,2,7,5,1
201314A053613,1,19,0,18,0,0,0,0,0,0,3,1,1,3,-1,1896,2,6,-1,-1
201314A053913,1,9,0,3,0,1,0,0,0,0,3,1,6,2,9,2958,2,12,7,1
201314A053913,2,1,0,18,0,1,0,0,0,0,1,1,6,1,3,-1,-1,-1,3,1
201314A054113,1,9,0,12,0,0,0,0,0,0,4,1,6,1,5,998,1,13,1,2
201314A054113,2,9,0,14,0,0,0,0,0,0,3,1,6,2,8,1896,2,8,6,2
201314A054313,1,9,0,18,0,1,0,0,0,0,4,1,6,1,6,1560,2,1,2,1
201314A054813,1,19,0,18,0,0,1,0,0,0,4,1,1,1,7,1998,2,9,5,1
201314A054813,2,9,0,18,0,0,2,0,1,9,1,1,1,1,6,-1,-1,-1,5,1
201314A055013,1,5,0,7,0,1,0,0,0,0,4,1,1,1,7,1255,1,3,3,1
201314A055013,2,1,0,5,0,1,0,0,0,0,3,1,4,2,6,-1,-1,-1,1,1
201314A055213,1,9,0,18,0,0,0,0,0,0,0,1,2,2,5,1587,1,10,5,1
201314A055513,1,9,0,7,0,3,0,0,0,0,4,1,6,1,8,1794,1,10,6,1
201314A055513,2,5,0,18,0,8,0,0,0,0,3,1,6,1,7,996,1,10,-1,-1
201314A055713,1,9,0,15,0,1,0,0,0,0,1,1,4,1,10,1398,1,-1,1,1
201314A055813,1,9,0,16,0,0,2,0,1,9,1,1,6,2,5,1560,2,3,1,2
201314A055813,2,9,0,17,0,0,0,0,0,0,1,1,6,3,-1,-1,-1,-1,-1,-1
201314A056013,1,9,0,18,0,4,0,9,2,1,1,1,6,1,8,1398,2,10,4,1
201314A056013,2,9,0,4,0,4,0,0,0,0,0,1,6,3,-1,-1,-1,-1,-1,-1
201314A056213,1,9,0,16,0,0,1,0,7,4,1,1,2,2,7,998,1,11,3,2
201314A056513,1,9,0,18,0,0,0,0,0,0,1,1,6,1,7,1997,2,6,2,1