Accident_Index,Vehicle_Reference,Vehicle_Type,Towing_and_Articulation,Vehicle_Manoeuvre,Vehicle_Location-Restricted_Lane,Junction_Location,Skidding_and_Overturning,Hit_Object_in_Carriageway,Vehicle_Leaving_Carriageway,Hit_Object_off_Carriageway,1st_Point_of_Impact,Was_Vehicle_Left_Hand_Drive?,Journey_Purpose_of_Driver,Sex_of_Driver,Age_Band_of_Driver,Engine_Capacity_(CC),Propulsion_Code,Age_of_Vehicle,Driver_IMD_Decile,Driver_Home_Area_Type
201314A056513,2,9,0,18,0,0,0,0,4,0,1,1,6,1,8,1399,2,1,7,1
201314A056513,3,19,0,18,0,0,0,0,4,0,1,1,6,1,6,1598,2,1,4,1
201314A056513,4,9,0,18,0,0,0,0,0,0,1,1,6,1,7,1910,2,5,1,1
201314A056913,1,9,0,16,0,0,0,0,0,0,3,1,6,1,5,1600,1,14,4,1
201314A056913,2,9,0,16,0,0,0,0,0,0,4,1,6,1,6,1896,2,9,4,1
201314A057013,1,9,0,1,0,1,0,0,0,0,2,1,6,3,-1,-1,-1,-1,1,1
201314A057113,1,9,0,9,0,6,0,0,0,0,3,1,6,1,11,2982,2,3,6,3
201314A057113,2,9,0,18,0,1,1,0,0,0,1,1,6,1,10,1799,1,7,4,3
201314A057613,1,9,0,3,0,0,0,0,0,0,2,1,6,2,9,2148,2,4,7,2
201314A057613,2,9,0,4,0,0,0,0,0,0,1,1,6,1,10,1598,1,12,9,2
201314A057713,1,9,0,18,0,5,1,0,0,0,4,1,6,1,5,1587,1,9,3,1
201314A057713,2,9,0,7,0,1,0,0,0,0,1,1,6,2,6,1598,1,8,3,1
201314A058013,1,9,0,18,0,1,0,0,0,0,4,1,1,1,5,1390,1,-1,1,1
201314A058613,1,9,0,18,0,8,0,0,0,0,3,1,2,1,8,1781,1,10,10,2
201314A058613,2,9,0,9,0,1,0,0,0,0,3,1,2,1,8,1364,1,6,2,1
201314A058713,1,9,0,18,0,1,0,0,0,0,3,1,6,3,-1,-1,-1,-1,-1,-1
201314A059013,1,9,0,5,0,6,0,0,0,0,3,1,2,1,9,1399,2,3,2,1
201314A059013,2,1,0,18,0,8,0,0,0,0,1,1,6,1,-1,-1,-1,-1,-1,-1
201314A059113,1,21,1,4,0,2,0,0,0,0,1,1,1,1,11,10518,2,6,3,1
201314A059113,2,9,0,18,0,2,1,0,0,0,2,1,1,1,8,1560,2,1,6,1
201314A059213,1,9,0,7,0,1,1,0,1,1,1,1,6,1,7,1598,1,8,8,2
201314A059313,1,9,0,18,0,0,0,0,0,0,4,1,6,1,9,1248,1,1,2,1
201314A059413,1,9,0,10,0,1,0,0,0,0,2,1,6,2,8,2685,2,10,1,1
201314A059413,2,9,0,18,0,1,0,0,0,0,1,1,6,1,8,2231,2,5,1,1
201314A059713,1,9,0,12,0,2,0,0,0,0,3,1,2,1,8,1997,2,6,3,1
201314A059713,2,9,0,18,0,2,0,0,0,0,4,1,2,2,8,1368,1,2,8,1
201314A059813,1,9,0,18,0,0,0,0,0,0,4,1,6,2,4,996,1,-1,2,1
201314A059913,1,9,0,18,0,0,0,0,0,0,1,1,6,1,8,1229,1,7,1,1
201314A059913,2,9,0,2,0,0,0,0,0,0,3,1,6,3,-1,1796,1,9,3,1
201314A059913,3,9,0,2,0,0,0,0,0,0,3,1,6,3,-1,1598,2,2,3,1
201314A060013,1,19,0,18,0,1,0,0,0,0,4,1,6,3,-1,-1,-1,-1,-1,-1
201314A060013,2,1,0,18,0,1,0,0,0,0,1,1,6,1,4,-1,-1,-1,4,1
201314A060613,1,19,0,18,0,1,0,0,0,0,1,1,1,1,7,2402,2,6,9,2
201314A060613,2,9,0,4,0,1,0,0,0,0,1,1,6,2,6,2184,2,9,1,1
201314A061013,1,9,0,7,0,1,0,0,0,0,4,1,1,1,8,-1,-1,-1,3,3
201314A061013,2,1,0,9,0,1,0,0,0,0,4,1,1,1,9,-1,-1,-1,3,1
201314A061113,1,9,0,5,0,0,0,0,0,0,1,1,6,1,6,1753,2,5,1,1
201314A061313,1,9,0,18,4,1,0,0,0,0,1,1,6,1,7,1242,1,5,5,1
201314A061313,2,9,0,18,0,1,0,0,0,0,2,1,6,1,5,1398,2,3,8,3
201314A061413,1,9,0,15,0,0,0,0,0,0,1,1,6,1,7,1997,2,3,3,1
201314A061413,2,9,0,18,0,0,5,0,1,0,1,1,6,2,7,-1,-1,-1,3,1
201314A061513,1,9,0,18,0,1,0,0,0,0,1,1,6,1,5,1686,2,9,1,1
201314A061713,1,5,0,5,0,1,0,0,0,0,2,1,6,1,8,1170,1,-1,8,3
201314A061713,2,9,0,5,0,1,0,0,0,0,1,1,6,1,6,1299,1,12,1,1
201314A061813,1,9,0,18,0,0,0,0,0,0,1,1,6,2,8,1998,2,5,2,1
201314A061813,2,1,0,18,0,0,0,0,0,0,4,1,6,1,2,-1,-1,-1,2,1
201314A062013,1,9,0,18,0,1,0,0,0,0,1,1,1,1,6,1598,1,10,4,1
201314A062013,2,1,0,18,0,1,0,0,0,0,1,1,6,1,-1,-1,-1,-1,1,1
201314A062113,1,9,0,18,0,1,0,0,0,0,1,1,6,3,-1,-1,-1,-1,-1,-1
201314A062713,1,10,0,18,0,0,0,0,0,0,4,1,1,1,10,-1,-1,-1,6,1
201314A063413,1,9,0,1,0,6,0,0,0,0,2,1,6,2,7,1998,1,5,4,1
201314A064113,1,9,0,17,0,5,1,0,3,10,1,1,6,1,5,1248,2,9,2,2
201314A064213,1,9,0,18,0,1,0,0,0,0,1,1,6,2,4,1248,2,2,2,1
201314A064213,2,9,0,18,0,1,0,0,0,0,1,1,6,1,-1,1686,2,-1,2,1
201314A064413,1,9,0,18,0,0,0,0,0,0,4,1,1,1,6,1956,2,1,1,1
201314A064413,2,9,0,9,0,0,0,0,0,0,1,1,6,2,7,1997,1,3,6,1
201314A064513,1,9,0,4,0,1,0,0,0,0,1,1,2,2,8,1988,2,7,4,1
201314A064513,2,9,0,5,0,1,0,0,0,0,3,1,6,2,5,1388,1,7,3,1
201314A065113,1,9,0,10,0,0,0,0,0,0,3,1,6,2,8,1995,2,6,6,1
201314A065113,2,5,0,18,0,0,1,0,0,0,1,1,2,1,7,918,1,15,8,1
201314A065213,1,9,0,5,0,1,0,0,0,0,1,1,6,1,9,1796,1,15,1,3
201314A065213,2,1,0,18,0,1,0,0,0,0,1,1,6,1,3,-1,-1,-1,6,1
201314A065313,1,90,0,18,0,2,0,0,0,0,0,1,6,1,4,-1,-1,-1,4,1
201314A065413,1,9,0,18,0,8,0,0,0,0,1,1,1,1,8,-1,-1,-1,6,1
201314A065413,2,1,0,18,0,8,0,0,0,0,1,1,6,1,4,-1,-1,-1,7,1
201314A065613,1,9,0,18,0,0,0,0,0,0,2,1,6,1,6,-1,-1,-1,9,1
201314A065613,2,9,0,18,0,0,0,0,0,0,2,1,6,1,8,-1,-1,-1,2,1
201314A065613,3,9,0,18,0,0,0,0,0,0,3,1,6,1,7,-1,-1,-1,4,1
201314A065613,4,9,0,18,0,0,0,0,0,0,1,1,6,1,4,1149,1,11,8,3
201314A065713,1,9,0,18,0,8,0,0,0,0,4,1,6,2,4,1242,1,1,8,1
201314A065713,2,9,0,18,0,8,0,0,0,0,1,1,6,1,6,2902,2,8,8,1
201314A066413,1,9,0,3,0,1,0,0,0,0,2,1,6,1,10,1991,2,8,7,1
201314A066413,2,9,0,18,0,1,0,0,0,0,1,1,6,1,-1,-1,-1,-1,8,1
201314A066513,1,9,0,7,0,5,1,0,0,0,1,1,6,1,6,1598,1,13,6,1
201314A066513,2,9,0,10,0,1,0,0,0,0,3,1,6,2,6,1560,2,4,8,2
201314A066713,1,9,0,9,0,8,0,0,0,0,1,1,6,1,5,1588,1,10,4,1
201314A066713,2,3,0,18,0,8,0,0,0,0,1,1,6,1,7,124,1,3,2,1
201314A066813,1,1,0,15,0,1,0,0,0,0,4,1,6,2,4,-1,-1,-1,6,1
201314A066813,2,19,0,5,0,1,0,0,0,0,3,1,6,1,-1,-1,-1,-1,-1,-1
201314A066913,1,9,0,17,0,1,0,0,1,4,1,1,2,2,7,1360,1,13,3,1
201314A067113,1,9,0,9,0,8,0,0,0,0,4,1,6,1,6,1896,2,9,3,2
201314A067113,2,5,0,18,0,8,0,0,0,0,1,1,6,1,7,600,1,11,1,1
201314A067613,1,9,0,16,0,8,0,0,0,0,1,1,2,2,7,1399,1,6,2,1
201314A067613,2,9,0,9,0,5,0,0,0,0,4,1,1,2,8,1995,2,-1,10,2
201314A067713,1,9,0,4,0,0,0,0,0,0,1,1,6,1,6,1896,2,5,7,1
201314A067713,2,9,0,4,0,0,0,0,0,0,2,1,6,2,7,1360,1,6,8,1
201314A067813,1,9,0,10,0,1,0,0,0,0,2,1,6,1,7,1299,1,9,2,1
201314A067813,2,9,0,18,0,0,0,0,0,0,1,1,6,1,6,1242,1,3,6,1
201314A067913,1,3,0,17,0,3,0,0,0,0,0,1,6,1,6,125,1,-1,4,1
201314A067913,2,9,0,17,0,8,0,0,0,0,0,1,6,3,-1,-1,-1,-1,-1,-1
201314A068013,1,8,0,4,0,8,0,0,0,0,0,1,1,1,6,-1,-1,-1,1,1
201314A068213,1,9,0,1,0,0,0,0,0,0,2,1,6,3,-1,-1,-1,-1,-1,-1
201314A068313,1,9,0,5,0,0,0,0,0,0,1,1,6,1,5,-1,-1,-1,5,3
201314A068613,1,9,0,18,0,8,0,0,0,10,1,1,6,1,5,1596,1,6,7,1
201314A068913,1,9,0,18,0,0,0,0,0,0,1,1,1,2,8,1398,1,1,5,1
201314A069013,1,9,0,5,0,0,0,0,0,0,2,1,6,1,7,1999,1,11,4,1
201314A069013,2,9,0,4,0,0,0,0,0,0,1,1,6,1,9,1798,1,7,1,2
201314A069213,1,21,0,18,0,0,0,5,0,0,0,1,1,1,7,12130,2,9,3,1
201314A069213,2,1,0,18,0,0,0,0,0,0,0,1,6,1,9,-1,-1,-1,5,1
201314A069713,1,9,0,17,0,0,0,4,1,10,1,1,6,1,7,-1,-1,-1,1,3
201314A069713,2,9,0,2,0,0,0,0,0,0,3,1,6,1,6,1587,1,9,1,1
201314A069713,3,9,0,2,0,0,0,0,0,0,3,1,6,1,6,1396,1,9,1,1
201314A070013,1,9,0,18,0,1,0,0,0,0,1,1,6,1,5,1796,1,8,5,1
201314A070013,2,9,0,18,0,0,0,0,0,0,1,1,6,1,8,-1,-1,-1,4,1
201314A070313,1,9,0,10,0,5,0,0,0,0,2,1,6,2,8,1398,1,2,8,2
201314A070313,2,9,0,18,0,1,1,0,0,0,1,1,6,2,5,1275,1,18,4,1
201314A070813,1,9,0,18,0,2,0,0,1,10,1,1,6,2,4,1248,2,5,1,1
201314A070813,2,9,0,18,0,8,0,0,0,0,1,1,1,2,8,1600,1,14,2,1
201314A071013,1,11,0,17,0,1,0,0,0,0,1,1,1,1,8,12000,2,9,8,1
201314A071013,2,9,0,3,0,3,0,0,0,0,3,1,6,2,4,1686,2,10,-1,-1
201314A071013,3,9,0,3,0,3,0,0,0,0,2,1,6,1,7,1388,1,7,4,1
201314A071013,4,9,0,3,0,3,0,0,0,0,2,1,6,1,5,1229,1,3,6,3
201314A071113,1,9,0,18,0,1,1,0,0,0,1,1,6,1,7,1997,2,11,3,1
201314A071213,1,9,0,18,0,0,0,0,0,0,1,1,6,2,8,1242,1,2,2,1
201314A071213,2,1,0,15,0,0,0,0,0,0,4,1,6,1,3,-1,-1,-1,2,1
201314A071313,1,9,0,18,0,8,1,0,0,0,4,1,6,1,11,1299,1,12,4,1
201314A071313,2,9,0,9,0,8,1,0,0,0,1,1,1,1,8,-1,-1,-1,5,1
201314A071413,1,9,0,17,0,1,0,0,0,0,4,1,6,2,4,998,1,-1,5,1
201314A071413,2,9,0,6,0,6,0,0,0,0,3,1,6,2,8,1796,1,9,8,1
201314A071713,1,9,0,9,0,1,0,0,0,0,1,1,6,2,7,1461,2,2,1,2
201314A071713,2,1,0,18,0,2,0,0,0,0,1,1,6,1,5,-1,-1,-1,3,1
201314A071813,1,9,0,4,0,1,0,0,0,0,2,1,6,2,7,1149,1,11,2,1
201314A071813,2,9,0,18,0,1,0,0,0,0,1,1,6,1,7,1596,1,14,1,1
201314A071913,1,9,0,18,0,1,1,0,8,4,1,1,6,2,4,1360,1,12,6,1
201314A072513,1,9,0,18,9,0,1,0,1,2,1,1,6,1,4,1391,1,12,5,2
201314A072513,2,9,0,2,0,0,0,0,0,0,1,1,6,2,7,1493,2,7,-1,-1
201314A072613,1,19,0,1,0,0,0,0,0,0,2,1,1,1,-1,2496,2,17,1,1
201314A072613,2,9,0,2,0,0,0,0,0,0,1,1,1,1,8,-1,-1,-1,4,1
201314A072713,1,9,0,6,0,6,0,0,0,0,1,1,6,1,5,1995,1,11,1,1
201314A072713,2,9,0,18,0,1,0,0,0,0,2,1,1,1,6,-1,-1,-1,1,1
201314A073013,1,1,0,9,8,5,0,0,0,0,1,1,6,1,7,-1,-1,-1,2,1
201314A073013,2,9,0,18,0,2,0,0,0,0,3,1,6,3,5,-1,-1,-1,3,1
201314A073513,1,9,0,18,0,1,0,0,0,0,1,1,6,2,4,998,1,8,6,3
201314A073513,2,9,0,9,0,1,0,0,0,0,4,1,6,1,7,1997,1,10,1,1
201314A073513,3,9,0,18,0,0,0,0,0,0,1,1,6,2,6,1796,1,8,1,1
201314A073713,1,9,0,12,0,0,1,0,7,6,1,1,6,1,6,-1,-1,-1,3,1
201314A073713,2,9,0,18,0,0,0,0,0,0,1,1,6,3,-1,2400,2,3,6,3
201314A073713,3,9,0,4,0,0,0,0,0,0,2,1,1,1,-1,2993,2,1,6,3
201314A073813,1,9,0,6,0,1,0,0,0,0,1,1,6,2,6,1995,2,2,7,1
201314A073813,2,9,0,18,0,1,0,0,0,0,2,1,6,2,7,1596,1,10,1,1
201314A074213,1,3,0,17,0,0,0,10,1,2,1,1,1,1,5,-1,-1,-1,6,3
201314A074313,1,9,0,4,0,0,0,0,0,0,2,1,6,1,10,1596,1,5,3,1
201314A074313,2,9,0,4,0,0,0,0,0,0,2,1,6,1,10,1796,1,6,-1,-1
201314A074313,3,9,0,4,0,0,0,0,0,0,2,1,6,2,4,1598,1,-1,7,2
201314A074313,4,9,0,4,0,0,0,0,0,0,2,1,6,1,7,1997,2,12,5,1
201314A074313,5,9,0,4,0,0,0,0,0,0,2,1,6,1,7,-1,-1,-1,7,1
201314A074513,1,3,0,18,0,8,0,0,0,0,4,1,6,1,4,-1,-1,-1,6,1
201314A075313,1,9,0,18,0,1,0,0,0,0,1,1,6,1,8,1124,1,12,3,1
201314A075413,1,9,0,17,0,8,0,0,8,0,1,1,6,2,5,1124,1,13,10,2
201314A075513,1,9,0,18,0,0,5,0,6,4,4,1,1,1,5,3696,1,3,7,1
201314A075513,2,9,0,18,0,0,0,0,0,0,2,1,1,1,9,-1,-1,-1,6,1
201314A075613,1,9,0,18,0,2,0,0,0,0,3,1,4,2,5,1910,2,5,8,1
201314A075613,2,1,0,18,0,2,0,0,0,0,3,1,4,1,5,-1,-1,-1,1,1
201314A075713,1,9,0,3,0,0,0,0,0,0,1,1,6,2,6,1951,2,8,4,1
201314A076213,1,9,0,7,0,0,0,0,1,0,1,1,6,1,6,2200,2,20,1,1
201314A076213,2,9,0,18,0,0,0,0,0,0,1,1,6,3,-1,1796,1,12,-1,-1
201314A076213,3,9,0,2,0,0,0,0,0,0,1,1,6,3,-1,1560,2,4,-1,-1
201314A076313,1,9,0,9,0,5,0,0,0,0,1,1,6,1,11,1339,1,1,5,1
201314A076313,2,9,0,18,0,1,0,0,0,0,1,1,6,2,7,-1,-1,-1,1,1
201314A076413,1,9,0,9,0,5,0,0,0,0,1,1,6,1,8,-1,-1,-1,1,2
201314A076413,2,9,0,18,0,1,0,0,1,10,1,1,6,1,5,2429,1,9,8,2
201314A076613,1,9,0,18,0,8,5,0,0,0,1,1,6,1,7,1997,2,2,3,1
201314A076613,2,9,0,2,0,8,0,0,0,0,1,1,6,1,-1,2495,2,14,2,1
201314A076713,1,9,0,14,0,1,0,0,0,0,1,1,6,2,-1,1360,1,7,3,1
201314A076813,1,9,0,18,0,0,0,0,0,0,1,1,6,3,-1,-1,-1,-1,-1,-1
201314A076813,2,1,0,18,0,0,0,0,0,0,2,1,6,2,6,-1,-1,-1,1,1
201314A077113,1,9,0,9,0,1,0,0,0,0,1,1,6,2,4,998,1,13,4,3
201314A077113,2,5,0,18,0,1,0,0,0,0,1,1,6,1,8,738,1,41,4,3
201314A077213,1,19,0,18,0,1,1,0,1,10,4,1,1,1,7,-1,-1,-1,6,2
201314A077213,2,9,0,9,0,1,1,0,0,0,1,1,1,1,7,-1,-1,-1,6,2
201314A077413,1,19,0,7,0,4,0,0,0,0,4,1,1,1,5,2402,2,5,8,1
201314A077413,2,9,0,7,0,4,0,0,0,0,3,1,1,1,7,1597,1,14,4,1
201314A078313,1,9,0,3,0,1,0,0,0,0,2,1,2,2,8,1364,1,7,2,1
201314A078313,2,9,0,4,0,1,0,0,0,0,2,1,2,1,7,1149,1,13,8,2
201314A078513,1,9,0,18,0,0,1,0,8,10,1,1,6,3,-1,1994,1,12,-1,-1
201314A078513,2,9,0,2,0,0,0,0,0,0,1,1,6,1,-1,1686,2,9,7,1
201314A078513,3,9,0,2,0,0,0,0,0,0,2,1,6,3,-1,1598,1,13,1,1
201314A078613,1,9,0,18,0,0,0,0,0,6,3,1,6,1,8,1910,2,5,2,1
201314A078813,1,9,0,18,0,8,0,0,0,0,4,1,6,1,11,1388,1,7,3,1
201314A078813,2,11,0,18,0,8,0,0,0,0,1,1,1,1,9,7300,2,10,4,1
201314A078913,1,9,0,18,0,8,0,0,0,0,1,1,6,1,5,1198,1,11,2,1
201314A078913,2,11,0,9,0,2,0,0,0,0,1,1,1,1,8,7300,2,13,5,1
201314A079013,1,9,0,18,0,0,0,0,0,0,1,1,6,2,9,999,1,12,1,1
201314A079113,1,9,0,3,0,1,0,0,0,0,2,1,6,2,8,1968,2,1,8,1
201314A079113,2,9,0,18,0,1,0,0,0,0,1,1,6,1,11,1591,1,-1,1,1
201314A079213,1,9,0,9,0,8,0,0,0,0,1,1,6,1,7,1753,2,13,5,1
201314A079213,2,9,0,18,0,8,0,0,0,0,2,1,6,1,4,-1,-1,-1,3,1
201314A079313,1,9,0,18,0,1,0,0,0,0,1,1,6,2,6,1461,2,6,1,1
201314A079313,2,9,0,18,0,0,0,0,0,0,1,1,6,1,7,1686,2,1,2,1
201314A079313,3,9,0,18,0,0,0,0,0,0,2,1,6,1,8,-1,-1,-1,7,1
201314A079313,4,9,0,18,0,0,0,0,0,0,2,1,6,1,9,-1,-1,-1,7,1
201314A079313,5,9,0,18,0,0,0,0,0,0,2,1,6,1,7,1324,1,14,1,1
201314A079413,1,19,0,18,2,1,0,0,0,0,1,1,6,1,9,-1,-1,-1,2,1
201314A079513,1,9,0,18,0,0,0,0,0,0,2,1,1,1,7,1896,2,11,3,1
201314A079513,2,9,0,18,0,0,0,0,0,0,1,1,6,2,7,1497,1,11,7,1
201314A079913,1,3,0,18,0,0,0,0,0,0,3,1,2,2,6,-1,-1,-1,1,1
201314A079913,2,21,1,14,0,0,0,0,0,0,4,1,6,1,10,12580,2,9,1,1
201314A080213,1,9,0,18,0,2,0,0,0,0,1,1,2,2,6,1242,1,4,5,1
201314A080413,1,20,0,18,0,1,0,0,0,0,1,1,1,1,8,-1,-1,-1,2,1
201314A080413,2,9,0,3,0,1,0,0,0,0,2,1,6,1,10,1197,1,1,2,1
201314A081013,1,19,0,18,0,1,0,0,0,0,2,1,2,1,9,2402,2,10,7,1
201314A081013,2,9,0,3,0,1,0,0,0,0,2,1,6,1,9,2171,1,11,4,1
201314A081013,3,9,0,3,0,1,0,0,0,0,2,1,6,2,5,1968,2,6,3,1
201314A081013,4,9,0,18,0,1,0,0,0,0,1,1,6,1,4,-1,-1,-1,4,3
201314A081113,1,9,0,18,0,1,0,0,0,0,1,1,6,2,6,-1,-1,-1,3,1
201314A081113,2,9,0,18,0,1,0,0,0,0,1,1,1,1,5,1390,1,11,5,1
201314A081513,1,9,0,5,0,1,0,0,0,0,1,1,6,1,6,1896,2,11,4,1
201314A081613,1,9,0,3,0,0,0,4,0,0,1,1,6,2,6,1299,1,9,1,1
201314A081613,2,9,0,6,0,0,0,0,0,0,1,1,6,1,8,1364,1,7,2,1
201314A081813,1,9,0,3,0,0,0,0,0,0,2,1,4,1,8,1753,2,5,5,1
201314A081813,2,9,0,18,0,0,0,0,0,0,1,1,4,1,6,1596,1,14,5,1
201314A082013,1,-1,0,-1,0,-1,0,0,0,0,0,1,6,3,-1,-1,-1,-1,-1,-1
201314A082313,1,9,0,3,0,8,0,0,0,0,2,1,1,2,6,1242,1,5,9,1
201314A082313,2,9,0,18,0,0,0,0,0,0,1,1,6,2,9,1910,2,6,6,1
201314A082613,1,9,0,9,0,8,0,0,0,0,2,1,6,1,7,1598,1,10,8,1
201314A082613,2,1,0,18,0,1,0,0,0,0,1,1,6,2,5,-1,-1,-1,2,1
201314A083113,1,8,0,18,0,1,0,0,0,0,1,1,1,1,9,1997,2,13,4,1
201314A083313,1,8,0,18,0,0,0,0,0,0,0,1,1,1,8,-1,-1,-1,5,3
201314A083913,1,3,0,3,0,0,0,0,0,0,3,1,6,1,6,102,1,8,4,1
201314A083913,2,11,0,18,0,0,0,0,0,0,4,1,1,1,7,9360,2,5,2,1
201314A084213,1,9,0,16,0,0,0,0,0,0,1,1,1,1,4,1149,1,10,4,1
201314A084213,2,9,0,3,0,0,0,0,0,0,2,1,6,2,8,1956,2,2,9,1
201314A084513,1,9,0,17,0,3,1,0,7,1,1,1,1,2,7,1386,1,10,9,2
201314A084613,1,19,0,7,0,3,0,0,0,0,2,1,1,1,6,2402,2,4,3,1
201314A084613,2,9,0,9,0,8,0,0,0,0,1,1,6,2,5,899,1,13,3,1
201314A084713,1,20,0,12,0,0,0,0,0,0,4,1,1,1,6,3920,2,2,10,1
201314A084713,2,4,0,12,0,0,0,0,0,0,3,1,6,1,8,244,1,6,2,1
201314A084913,1,9,0,4,0,0,0,0,0,0,4,1,6,1,6,1896,2,11,1,1
201314A084913,2,9,0,18,0,0,0,0,0,0,4,1,6,1,7,998,1,2,1,1
201314A085013,1,19,0,4,0,0,0,0,0,0,1,1,1,1,6,2402,2,8,7,1
201314A085013,2,9,0,4,0,0,0,0,0,0,2,1,6,1,7,1956,2,1,1,1
201314A085013,3,21,1,4,0,0,0,0,0,0,2,1,1,3,-1,11705,2,7,-1,1
201314A085613,1,9,0,9,0,2,0,0,0,0,3,1,6,2,5,1968,2,-1,5,1
201314A085613,2,1,0,18,0,2,0,0,0,0,1,1,6,1,-1,-1,-1,-1,-1,-1
201314A085813,1,9,0,18,0,0,0,0,0,0,2,1,6,1,5,998,1,-1,8,2
201314A085813,2,9,0,18,0,0,0,0,0,0,1,1,6,1,6,998,1,-1,2,1
201314A085813,3,9,0,18,0,0,0,0,0,0,1,1,6,1,8,1997,2,-1,1,1
201314A085913,1,9,0,18,0,0,0,0,0,0,1,1,6,2,6,1753,2,12,2,1
201314A085913,2,9,0,18,0,0,0,0,0,0,2,1,6,3,-1,1995,2,9,-1,-1
201314A086113,1,8,0,3,0,0,0,0,0,0,2,1,6,1,7,-1,-1,-1,1,1
201314A086113,2,9,0,3,0,0,0,4,0,0,1,1,6,1,-1,1995,2,9,9,1
201314A086113,3,9,0,3,0,0,0,4,0,0,1,1,6,2,10,1997,2,1,7,2
201314A086113,4,9,0,3,0,0,0,4,0,0,1,1,6,1,6,1242,1,11,2,1
201314A086513,1,5,0,18,0,1,0,0,0,0,0,1,6,1,8,748,1,6,3,1
201314A087013,1,21,0,12,0,0,0,0,0,0,3,1,1,1,8,-1,-1,-1,-1,-1
201314A087013,2,9,0,18,0,0,0,0,0,0,4,1,6,1,8,2616,1,10,7,1
201314A087413,1,9,0,18,0,0,1,0,1,0,3,1,6,2,6,1896,2,5,1,3
201314A087413,2,9,0,18,0,0,0,0,0,0,2,1,6,2,8,1896,2,8,9,2
201314A087413,3,90,1,18,0,0,0,0,0,0,1,1,6,1,6,12777,2,2,-1,3
201314A087513,1,9,0,3,0,1,0,0,0,0,1,1,6,1,9,1242,1,2,5,1
201314A087513,2,9,0,18,0,1,0,0,0,0,1,1,2,1,8,1796,1,4,2,1
201314A087813,1,9,0,18,0,0,0,0,1,0,1,1,6,1,9,1761,1,14,4,1
201314A087813,2,9,0,18,0,0,0,0,0,0,2,1,6,2,9,1388,1,7,7,1
201314A087913,1,19,0,18,0,0,1,0,0,0,1,1,1,1,8,2287,2,7,6,1
201314A087913,2,9,0,18,0,0,0,0,4,0,2,1,1,1,6,1995,2,-1,7,1
201314A087913,3,9,0,18,0,0,0,0,1,9,2,1,6,2,8,1968,2,8,10,1
201314A087913,4,9,0,18,0,0,0,0,0,0,1,1,6,1,5,1968,2,4,6,1
201314A088113,1,9,0,5,0,2,0,0,0,0,2,1,6,1,8,1398,1,13,1,1
201314A088113,2,1,0,18,0,1,0,0,0,0,1,1,6,1,2,-1,-1,-1,2,1
201314A088313,1,2,0,5,0,6,0,0,0,0,2,1,6,1,4,49,1,4,1,1
201314A088313,2,9,0,18,0,2,0,0,0,0,1,1,6,1,5,1360,1,4,2,1
201314A088713,1,9,0,18,0,0,0,0,0,0,2,1,6,2,8,1587,1,11,1,1
201314A088713,2,9,0,18,0,0,0,0,0,0,1,1,6,1,9,1339,1,-1,4,1
201314A088713,3,9,0,18,0,0,0,0,0,0,2,1,6,2,5,1229,1,4,3,1
201314A088813,1,9,0,10,0,0,0,0,0,0,2,1,6,2,6,1364,1,3,9,2
201314A088813,2,9,0,16,0,0,1,0,0,0,1,1,6,1,5,1896,2,8,2,1
201314A088913,1,5,0,18,0,0,0,0,0,0,1,1,6,1,6,749,1,6,8,1
201314A088913,2,9,0,18,0,0,0,0,0,0,1,1,1,1,5,-1,-1,-1,10,1
201314A089313,1,9,0,1,6,0,0,0,0,0,2,1,6,1,10,1968,2,8,5,1
201314A089313,2,9,0,2,6,0,0,0,0,0,4,1,6,1,11,1597,1,15,8,1
201314A089613,1,9,0,3,0,0,0,0,0,0,2,1,1,2,8,2198,1,7,4,1
201314A089613,2,3,0,16,0,0,0,0,0,0,1,1,6,1,5,-1,-1,-1,5,1
201314A089813,1,9,0,18,0,1,0,9,0,0,3,1,6,2,5,1560,2,3,5,1
201314A089813,2,9,0,9,0,6,0,0,0,0,0,1,6,3,-1,-1,-1,-1,-1,-1
201314A090113,1,9,0,17,0,0,0,4,0,0,1,1,1,1,6,-1,-1,-1,10,1
201314A090113,2,9,0,2,0,0,0,0,0,0,2,1,6,2,-1,1229,1,3,-1,-1
201314A090213,1,9,0,4,0,0,0,0,0,0,4,1,6,2,7,1896,2,11,1,1
201314A090213,2,1,0,18,0,0,0,0,0,0,1,1,6,2,3,-1,-1,-1,2,1
201314A090413,1,9,0,9,0,1,0,0,0,0,1,1,6,1,5,1994,1,16,4,3
201314A090413,2,9,0,18,0,2,0,0,0,0,1,1,6,1,5,1968,2,4,1,1
201314A090513,1,3,0,18,0,0,0,0,7,4,1,1,6,1,4,124,1,5,2,1
201314A090513,2,3,0,18,0,0,0,0,0,0,2,1,6,1,-1,124,1,3,3,1
201314A090813,1,9,0,18,0,0,0,0,0,0,1,1,6,2,6,1700,1,14,2,2
201314A090813,2,1,0,18,0,0,0,0,0,0,4,1,6,1,4,-1,-1,-1,1,2
201314A090913,1,1,0,18,0,0,0,0,0,0,1,1,6,1,3,-1,-1,-1,4,1