Accident_Index,Vehicle_Reference,Vehicle_Type,Towing_and_Articulation,Vehicle_Manoeuvre,Vehicle_Location-Restricted_Lane,Junction_Location,Skidding_and_Overturning,Hit_Object_in_Carriageway,Vehicle_Leaving_Carriageway,Hit_Object_off_Carriageway,1st_Point_of_Impact,Was_Vehicle_Left_Hand_Drive?,Journey_Purpose_of_Driver,Sex_of_Driver,Age_Band_of_Driver,Engine_Capacity_(CC),Propulsion_Code,Age_of_Vehicle,Driver_IMD_Decile,Driver_Home_Area_Type
201314A090913,2,8,0,4,0,0,0,0,0,0,4,1,1,1,8,-1,-1,-1,2,1
201314A091113,1,1,0,18,0,8,0,0,0,0,4,1,1,2,7,-1,-1,-1,1,1
201314A091113,2,9,0,18,0,1,0,0,0,0,1,1,6,3,-1,-1,-1,-1,-1,-1
201314A091613,1,9,0,7,0,0,0,0,0,0,2,1,6,2,4,1229,1,6,4,2
201314A091613,2,1,0,18,0,0,0,0,0,0,1,1,6,1,10,-1,-1,-1,8,1
201314A091813,1,21,1,4,0,1,0,0,0,0,1,1,1,1,7,12777,2,5,7,1
201314A091813,2,1,0,18,0,1,0,0,0,0,1,1,6,1,8,-1,-1,-1,3,1
201314A091913,1,9,0,18,0,0,0,0,0,0,3,1,6,1,5,-1,-1,-1,3,1
201314A091913,2,9,0,18,0,0,0,0,0,0,3,1,6,1,10,1910,2,6,7,1
201314A092013,1,9,0,18,0,0,0,0,0,0,1,1,6,1,8,2497,2,16,1,1
201314A092113,1,9,0,16,0,1,5,0,8,10,3,1,6,1,4,1124,1,14,5,1
201314A092513,1,9,0,18,0,3,1,0,0,10,4,1,2,2,5,1686,2,2,4,2
201314A092513,2,9,0,18,0,4,1,0,0,0,1,1,6,2,8,1896,2,11,6,1
201314A092713,1,9,0,11,0,1,0,0,0,0,4,1,6,1,7,1798,1,6,4,2
201314A092713,2,5,0,14,0,1,0,0,0,0,3,1,6,1,5,645,1,12,8,2
201314A092813,1,9,0,18,0,0,0,0,0,0,1,1,6,1,10,1997,2,5,8,1
201314A093113,1,9,0,18,0,1,0,0,0,0,4,1,6,2,6,1242,1,8,3,1
201314A093113,2,1,0,7,0,1,0,0,0,0,1,1,6,1,3,-1,-1,-1,1,1
201314A093413,1,9,0,18,0,1,2,0,2,10,1,1,6,1,6,1598,1,11,3,1
201314A093513,1,9,0,3,0,2,0,0,0,0,2,1,6,1,10,1061,1,8,1,1
201314A093513,2,9,0,3,0,2,0,0,0,0,1,1,6,2,5,1242,1,2,2,1
201314A093913,1,9,0,9,0,8,0,0,0,0,1,1,6,2,8,3246,1,11,1,1
201314A093913,2,1,0,18,0,1,0,0,0,0,1,1,6,1,6,-1,-1,-1,1,1
201314A094013,1,9,0,3,0,1,0,0,0,0,2,1,1,1,7,1896,2,7,6,1
201314A094013,2,9,0,18,0,1,1,0,0,0,1,1,6,1,4,954,1,15,3,1
201314A094513,1,21,1,18,0,0,0,0,0,0,2,1,1,1,7,12419,2,2,1,1
201314A094513,2,9,0,18,0,0,0,0,0,0,3,1,6,1,6,998,1,-1,4,1
201314A094513,3,9,0,18,0,0,0,0,0,0,2,1,6,2,6,1997,2,8,9,2
201314A094513,4,9,0,18,0,0,0,0,0,0,1,1,6,2,9,1560,2,-1,3,1
201314A094713,1,9,0,18,0,2,0,0,0,0,1,1,6,2,6,1396,1,10,3,1
201314A094813,1,9,0,9,0,6,0,0,0,0,1,1,6,1,7,2143,2,-1,5,2
201314A094813,2,9,0,18,0,8,0,0,0,0,1,1,6,2,6,998,1,13,1,1
201314A094913,1,22,0,18,0,0,0,0,0,0,1,1,6,1,11,-1,-1,-1,1,1
201314A095013,1,9,0,7,0,1,0,0,0,0,1,1,6,1,6,1799,1,5,2,1
201314A095013,2,1,0,18,0,1,0,0,0,0,1,1,1,1,6,-1,-1,-1,1,1
201314A095113,1,9,0,4,0,0,0,0,0,0,2,1,1,1,8,-1,-1,-1,5,1
201314A095113,2,9,0,4,0,0,0,0,0,0,2,1,6,1,8,1587,1,9,1,1
201314A095113,3,9,0,4,0,0,0,0,0,0,2,1,6,1,7,1896,2,11,5,1
201314A095113,4,9,0,18,0,0,0,0,0,0,1,1,6,1,4,-1,-1,-1,4,1
201314A095313,1,1,0,18,0,1,0,0,0,0,2,1,6,1,5,-1,-1,-1,4,1
201314A095313,2,9,0,18,0,3,0,0,0,0,1,1,6,3,-1,-1,-1,-1,-1,-1
201314A095513,1,9,0,7,0,8,0,0,0,0,4,1,2,2,7,1994,2,11,8,1
201314A095513,2,1,0,18,0,8,0,0,0,0,1,1,6,1,8,-1,-1,-1,5,1
201314A095613,1,3,0,18,0,3,0,0,0,0,4,1,6,1,4,125,1,-1,1,1
201314A095613,2,20,0,12,0,3,0,0,0,0,3,1,1,1,7,-1,-1,-1,2,1
201314A095813,1,9,0,18,0,0,0,0,0,0,4,1,6,2,8,1910,2,6,2,1
201314A096013,1,9,0,18,0,8,0,0,0,0,4,1,6,2,7,998,1,4,8,1
201314A096013,2,9,0,9,0,8,0,0,0,0,1,1,6,1,9,996,1,15,3,1
201314A096313,1,1,0,18,0,1,0,0,0,0,1,1,1,1,7,-1,-1,-1,6,1
201314A096313,2,9,0,18,0,1,0,0,0,0,1,1,6,3,-1,1968,2,4,5,2
201314A096513,1,9,0,18,0,0,0,0,0,0,2,1,6,2,7,1248,2,9,1,1
201314A096513,2,9,0,18,0,0,0,0,0,0,1,1,6,2,9,1995,1,10,2,1
201314A096713,1,9,0,4,0,2,0,0,0,0,2,1,6,1,10,1991,2,3,6,2
201314A096713,2,9,0,4,0,2,0,0,0,0,1,1,6,2,4,1149,1,8,4,1
201314A096813,1,9,0,5,0,2,0,0,0,0,3,1,6,2,6,1124,1,11,4,1
201314A096813,2,9,0,18,0,1,0,0,0,0,1,1,6,1,6,1497,1,12,1,1
201314A097013,1,9,0,16,0,0,0,0,0,0,1,1,6,2,7,1910,2,8,2,1
201314A097113,1,9,0,4,0,3,0,0,0,0,3,1,1,1,8,1560,2,8,8,1
201314A097113,2,9,0,18,0,4,0,0,0,0,1,1,1,2,9,1390,1,9,1,1
201314A097613,1,9,0,12,0,3,0,0,0,0,3,1,1,1,7,1986,2,4,9,1
201314A097613,2,8,0,16,0,3,0,0,7,1,4,1,1,1,8,1598,2,2,1,1
201314A097813,1,9,0,18,0,1,0,0,0,0,1,1,6,2,8,1997,2,9,9,2
201314A097813,2,9,0,17,0,7,0,0,0,0,1,1,6,3,-1,-1,-1,-1,-1,-1
201314A098213,1,9,0,18,0,2,0,0,0,0,3,1,4,1,4,1229,1,3,9,1
201314A098813,1,1,0,18,0,1,0,0,0,0,3,1,6,1,6,-1,-1,-1,3,1
201314A098813,2,9,0,13,0,0,0,0,0,0,4,1,6,1,6,1900,2,14,2,1
201314A098913,1,9,0,3,0,1,0,0,0,0,2,1,6,2,7,1390,1,9,5,2
201314A098913,2,5,0,18,0,1,5,0,0,0,3,1,6,1,6,998,1,15,1,1
201314A099013,1,9,0,18,0,8,0,0,0,0,3,1,6,1,4,2000,1,9,-1,-1
201314A099013,2,9,0,18,0,8,0,0,0,0,1,1,6,2,8,1242,1,13,1,1
201314A099013,3,9,0,18,0,0,0,0,0,0,1,1,6,2,8,2967,1,14,3,1
201314A099013,4,9,0,18,0,0,0,0,0,0,0,1,6,1,7,2401,1,5,3,1
201314A099213,1,9,0,18,0,0,0,0,0,0,1,1,2,1,7,1242,1,-1,4,1
201314A099313,1,9,0,3,0,1,0,0,0,0,2,1,6,1,7,1598,2,1,5,3
201314A099313,2,9,0,18,0,1,0,0,0,0,1,1,6,2,9,1242,1,13,7,1
201314A099713,1,9,0,18,0,1,0,0,0,0,1,1,1,1,7,1086,1,10,1,1
201314A099713,2,1,0,18,0,1,0,0,0,0,3,1,1,1,5,-1,-1,-1,8,1
201314A099913,1,21,0,18,0,3,0,0,0,0,1,1,1,1,7,-1,-1,-1,-1,1
201314A099913,2,9,0,18,0,3,0,0,0,0,3,1,6,1,7,2480,1,4,9,1
201314A100113,1,17,0,18,0,0,0,0,1,9,0,1,1,1,8,-1,2,6,5,1
201314A100513,1,9,0,9,0,2,0,7,1,10,1,1,6,1,6,973,1,10,5,1
201314A100713,1,9,0,5,0,1,0,0,0,0,4,1,6,1,9,2184,2,4,6,2
201314A100713,2,9,0,18,0,1,0,0,0,0,3,1,6,2,6,1995,2,2,5,2
201314A100813,1,9,0,18,0,0,0,0,0,0,1,1,2,2,7,1598,2,1,1,1
201314A100813,2,9,0,4,0,0,0,0,0,0,2,1,2,1,5,1596,1,-1,2,1
201314A100813,3,9,0,4,0,0,0,0,0,0,2,1,6,1,8,1896,2,10,8,1
201314A100913,1,9,0,18,0,8,0,0,0,0,3,1,1,2,7,1242,1,5,7,1
201314A100913,2,1,0,4,0,8,0,0,0,0,1,1,6,1,3,-1,-1,-1,1,1
201314A101613,1,9,0,18,0,0,0,0,0,0,1,1,1,1,6,1968,2,2,8,1
201314A101813,1,9,0,18,0,1,0,0,0,0,3,1,6,1,7,1560,2,4,5,1
201314A101813,2,9,0,18,0,8,0,0,0,0,3,1,6,2,9,1997,1,10,1,1
201314A102213,1,9,0,7,0,1,0,0,0,0,2,1,1,1,9,1560,2,2,5,1
201314A102213,2,11,0,18,2,1,0,0,0,0,1,1,1,1,9,7300,2,10,2,1
201314A102513,1,9,0,18,0,0,0,0,0,0,2,1,6,1,7,1995,2,8,8,1
201314A102513,2,21,0,18,0,0,0,0,0,0,1,1,1,1,6,12809,2,-1,5,2
201314A102613,1,9,0,18,0,0,0,0,0,0,4,1,3,2,6,1956,2,4,1,1
201314A102613,2,9,0,18,0,0,0,0,0,0,1,1,6,3,-1,1753,2,5,1,1
201314A103213,1,9,0,16,0,0,2,0,7,0,1,1,6,1,4,1229,1,6,3,1
201314A103613,1,21,1,11,0,0,0,0,0,0,4,1,1,1,5,12777,2,6,8,3
201314A103613,2,9,0,18,0,0,0,0,0,7,3,1,6,2,8,1422,2,3,9,1
201314A103813,1,9,0,9,0,2,0,0,0,0,1,1,1,1,8,1995,2,2,9,1
201314A103813,2,9,0,17,0,1,0,0,0,0,4,1,1,1,8,1997,2,4,5,3
201314A103913,1,9,0,18,0,8,0,0,0,0,1,1,6,1,9,1956,2,2,2,1
201314A103913,2,1,0,18,0,8,0,0,0,0,1,1,6,1,-1,-1,-1,-1,-1,-1
201314A104113,1,9,0,4,0,1,0,0,0,0,1,1,6,1,5,1910,2,9,7,1
201314A104113,2,9,0,5,0,1,0,0,0,0,2,1,6,2,9,1910,2,9,2,1
201314A104213,1,9,0,18,0,8,0,0,0,0,1,1,6,1,9,1596,1,1,4,1
201314A104213,2,9,0,9,0,6,0,0,0,0,1,1,6,2,4,1229,1,-1,1,1
201314A104413,1,9,0,5,0,4,0,0,0,0,2,1,1,1,8,1597,1,30,7,1
201314A104413,2,9,0,18,0,1,0,0,0,0,1,1,6,1,-1,1389,1,9,4,1
201314A104513,1,9,0,18,0,0,0,0,7,4,1,1,6,2,10,-1,-1,-1,7,1
201314A104513,2,9,0,18,0,0,0,0,1,4,1,1,6,1,8,1769,1,8,6,1
201314A104613,1,9,0,9,0,6,0,0,0,0,4,1,6,1,11,1242,1,6,4,1
201314A104613,2,5,0,18,0,8,0,0,0,0,3,1,6,1,9,1157,1,15,6,1
201314A104813,1,11,0,5,0,0,0,0,0,0,1,1,1,1,7,9360,2,5,1,1
201314A105113,1,9,0,3,0,2,0,0,0,0,2,1,6,2,6,1461,2,7,1,1
201314A105113,2,9,0,4,0,1,0,0,0,0,1,1,6,3,-1,-1,-1,-1,-1,-1
201314A105313,1,9,0,4,0,0,0,0,0,0,2,1,6,2,8,1781,1,10,10,2
201314A105313,2,9,0,4,0,0,0,0,0,0,2,1,6,1,8,1997,2,2,-1,3
201314A105313,3,9,0,4,0,0,0,0,0,0,2,1,6,2,10,1248,1,4,9,3
201314A105313,4,9,0,4,0,0,0,0,0,0,2,1,6,2,5,1397,1,5,8,1
201314A105313,5,9,0,4,0,0,0,0,0,0,1,1,6,2,9,1988,1,12,4,1
201314A105413,1,9,0,5,0,1,0,0,0,0,1,1,1,1,8,1598,1,14,1,1
201314A105413,2,3,0,18,0,8,0,0,0,0,1,1,1,1,6,125,1,2,1,1
201314A105613,1,5,0,18,0,2,0,0,0,0,2,1,6,1,7,805,1,4,1,1
201314A105613,2,9,0,9,0,1,0,0,0,0,1,1,6,2,8,1389,1,17,2,1
201314A105813,1,9,0,18,0,0,2,0,7,9,4,1,1,2,7,1598,1,10,1,2
201314A105813,2,9,0,18,0,0,0,0,0,0,1,1,1,2,6,1598,2,1,9,2
201314A106013,1,9,0,18,0,1,0,0,0,0,1,1,6,2,6,1242,1,9,4,1
201314A106013,2,20,0,7,7,5,0,0,0,0,2,1,1,1,6,4580,2,4,1,1
201314A106213,1,21,1,9,0,1,0,0,0,0,2,1,1,1,9,12900,2,1,10,3
201314A106213,2,21,1,5,0,8,0,0,0,0,3,1,1,1,7,5880,2,8,7,1
201314A106413,1,9,0,4,0,0,0,0,0,0,2,1,6,1,9,1997,2,4,4,3
201314A106413,2,9,0,18,0,0,0,0,0,0,1,1,6,2,6,1600,2,2,1,1
201314A106613,1,9,0,18,0,8,0,0,0,0,1,1,6,2,9,1595,1,1,8,2
201314A106613,2,9,0,18,0,8,0,0,0,0,1,1,6,1,7,2902,2,9,2,1
201314A106613,3,20,0,2,0,1,0,0,0,0,1,1,6,1,-1,-1,-1,-1,-1,-1
201314A106613,4,9,0,2,0,1,0,0,0,0,4,1,6,3,-1,1896,2,8,-1,-1
201314A107213,1,9,0,18,0,0,0,0,0,0,1,1,6,3,-1,-1,-1,-1,-1,-1
201314A107713,1,9,0,18,0,4,5,9,3,10,1,1,6,1,5,1781,1,7,1,1
201314A107913,1,9,4,18,0,0,3,0,6,6,3,1,6,2,9,2495,2,10,4,1
201314A108113,1,2,0,12,0,2,0,0,0,0,3,1,2,1,4,49,1,31,4,2
201314A108113,2,9,0,13,0,2,0,0,0,0,4,1,2,1,7,1461,2,4,4,1
201314A108213,1,9,0,5,0,1,0,0,0,0,1,1,6,1,6,1206,1,2,6,1
201314A108213,2,1,0,18,0,1,0,0,0,0,2,1,6,1,7,-1,-1,-1,2,1
201314A108713,1,8,0,1,0,0,0,0,0,0,2,1,1,1,7,1896,2,9,1,1
201314A108813,1,9,0,18,0,1,0,0,0,0,1,1,1,1,5,2000,2,7,3,1
201314A108813,2,9,0,9,0,6,0,0,0,0,3,1,6,2,6,1399,2,5,3,1
201314A108913,1,9,0,10,0,5,0,0,0,0,2,1,3,1,8,1910,2,9,2,1
201314A108913,2,9,0,18,0,2,0,0,0,0,1,1,6,2,5,1397,1,5,1,1
201314A109113,1,9,0,3,0,0,0,0,0,0,2,1,6,1,5,1998,1,8,4,1
201314A109113,2,9,0,18,0,0,1,0,0,0,1,1,6,1,11,1299,1,11,3,1
201314A109213,1,19,0,18,0,2,0,0,0,0,1,1,1,1,8,2151,2,12,1,1
201314A109213,2,1,0,18,0,8,0,0,0,0,0,1,6,1,11,-1,-1,-1,3,1
201314A109713,1,9,0,18,0,0,0,0,0,0,3,1,6,1,7,1997,1,2,1,1
201314A109813,1,9,0,18,0,1,0,0,0,0,3,1,6,1,9,-1,-1,-1,2,1
201314A109813,2,9,0,6,0,1,0,0,0,0,1,1,6,1,6,1749,1,11,3,1
201314A110013,1,9,0,18,0,0,0,0,7,0,3,1,1,2,5,1910,2,8,4,3
201314A110013,2,19,0,18,0,0,0,0,0,0,0,1,6,3,-1,-1,-1,-1,-1,-1
201314A110113,1,9,0,18,0,0,0,0,0,0,1,1,3,2,5,2143,2,2,2,1
201314A110413,1,11,0,18,2,0,0,0,0,0,2,1,1,1,8,6700,2,6,3,2
201314A110413,2,21,0,5,2,0,0,0,0,0,1,1,1,1,6,6871,2,2,3,1
201314A110813,1,9,0,9,0,8,0,0,0,0,4,1,6,2,10,2461,2,6,5,3
201314A110813,2,9,0,3,0,1,0,0,0,0,1,1,6,1,7,1896,2,11,1,1
201314A110813,3,1,0,18,0,1,0,0,0,0,1,1,6,1,10,-1,-1,-1,9,1
201314A111013,1,4,0,18,0,8,0,0,0,0,0,1,1,1,7,200,1,49,4,1
201314A111013,2,19,0,7,0,8,0,0,0,0,0,1,6,1,8,2463,2,8,4,1
201314A111213,1,9,0,3,0,7,0,0,0,0,2,1,1,1,6,1686,2,11,9,1
201314A111213,2,9,0,18,0,1,0,0,0,0,1,1,1,1,9,1587,1,11,6,2
201314A111313,1,9,0,7,2,6,0,0,0,0,3,1,6,1,6,2000,1,13,8,1
201314A111313,2,3,0,18,2,1,0,0,0,0,1,1,1,1,4,124,1,9,2,1
201314A111413,1,11,0,2,0,0,0,0,0,0,0,1,4,1,8,-1,-1,-1,-1,-1
201314A111813,1,19,0,18,0,2,0,0,0,0,1,1,1,1,7,2198,2,1,1,1
201314A111813,2,9,0,18,0,1,0,0,0,0,1,1,6,1,5,1598,1,10,1,1
201314A112113,1,9,0,18,0,8,1,0,0,0,0,1,3,2,6,-1,-1,-1,1,1
201314A112513,1,9,0,3,0,0,0,0,0,0,2,1,4,1,7,1896,2,11,1,1
201314A112513,2,9,0,3,0,0,0,0,0,0,2,1,4,2,7,1984,1,14,4,1
201314A112513,3,9,0,4,0,0,0,0,0,0,1,1,4,1,8,3700,1,11,4,1
201314A113013,1,9,0,5,0,1,0,0,0,0,3,1,6,3,-1,-1,-1,-1,-1,-1
201314A113013,2,1,0,18,0,1,0,0,0,0,1,1,1,1,7,-1,-1,-1,5,1
201314A113213,1,9,0,5,0,0,0,0,0,0,1,1,6,2,6,1870,2,8,1,1
201314A113913,1,9,0,18,0,0,1,0,0,0,4,1,6,2,8,-1,-1,-1,7,1
201314A113913,2,9,0,18,0,0,1,0,0,0,4,1,6,2,8,1248,2,3,2,1
201314A114413,1,9,0,18,0,0,0,0,0,0,1,1,6,3,-1,-1,-1,-1,4,1
201314A114813,1,9,0,9,0,5,0,0,0,0,1,1,6,1,5,2765,2,18,3,3
201314A114813,2,3,0,18,0,8,5,0,0,0,1,1,6,1,7,124,1,7,1,1
201314A114913,1,9,0,15,0,0,0,0,7,0,0,1,6,2,6,1968,2,1,4,1
201314A114913,2,9,0,18,0,0,0,0,7,0,0,1,6,1,8,999,1,13,1,1
201314A115013,1,9,0,18,0,1,0,0,0,0,2,1,6,2,8,996,1,4,2,1
201314A115013,2,9,0,10,0,1,0,0,0,0,1,1,6,1,9,1997,2,6,5,3
201314A115113,1,9,0,9,0,1,0,0,0,0,2,1,1,1,8,998,1,8,4,1
201314A115113,2,9,0,18,0,1,0,0,0,0,1,1,1,2,7,1582,2,4,9,1
201314A115213,1,9,0,18,0,0,0,0,0,0,3,1,2,1,8,1753,2,7,8,1
201314A115213,2,9,0,17,0,0,0,0,0,0,1,1,6,3,-1,2685,2,12,-1,-1
201314A115513,1,9,0,17,0,0,0,0,1,2,1,1,6,1,4,1149,1,13,4,1
201314A115913,1,9,0,9,0,8,0,0,0,0,1,1,6,1,6,1388,1,9,4,2
201314A115913,2,3,0,18,0,1,2,0,0,0,1,1,6,1,5,-1,-1,-1,2,2
201314A116113,1,9,0,18,0,1,0,0,0,0,1,1,6,3,-1,-1,-1,-1,-1,-1
201314A116313,1,9,0,18,0,1,1,0,0,0,1,1,1,1,9,1388,1,10,3,2
201314A116313,2,9,0,9,0,1,0,0,0,0,3,1,6,2,9,-1,-1,-1,3,3
201314A116513,1,9,0,18,0,0,0,0,0,0,1,1,2,1,9,1368,1,-1,9,3
201314A116513,2,9,0,18,0,0,0,0,0,0,3,1,6,2,8,1598,1,4,5,2
201314A116613,1,9,0,18,0,0,0,0,0,0,4,1,4,2,6,1390,1,2,4,1
201314A116613,2,9,0,6,0,0,0,0,0,0,1,1,6,1,-1,-1,-1,-1,4,1
201314A116713,1,1,0,18,5,0,0,0,0,0,1,1,6,1,6,-1,-1,-1,8,1
201314A116713,2,9,0,7,5,0,0,0,0,0,4,1,6,1,6,2143,2,1,4,1
201314A116813,1,9,0,18,0,0,1,0,0,0,1,1,4,1,7,1596,1,10,1,1
201314A116813,2,9,0,18,0,0,0,0,0,0,3,1,1,1,7,-1,-1,-1,3,1
201314A116813,3,9,0,18,0,0,0,0,0,0,4,1,1,1,8,2400,2,2,9,2
201314A116913,1,11,0,18,0,0,0,0,0,0,0,1,1,1,7,7300,2,10,1,1
201314A117113,1,1,0,3,0,0,0,0,0,0,3,1,6,1,6,-1,-1,-1,4,3
201314A117113,2,21,1,16,0,0,0,0,0,0,3,1,6,1,8,7790,2,2,2,1
201314A117313,1,9,0,18,0,0,0,7,0,0,1,1,6,1,10,1984,1,12,3,1
201314A117313,2,9,0,2,0,0,0,0,0,0,2,1,1,1,6,-1,-1,-1,4,1
201314A117513,1,9,0,18,0,0,0,0,0,0,1,1,6,1,6,1299,1,12,4,1
201314A117513,2,9,0,2,0,0,0,0,0,0,2,1,6,1,-1,1896,2,14,-1,-1
201314A117713,1,9,0,9,0,6,0,0,0,0,3,1,4,2,4,1396,1,17,8,1
201314A117713,2,9,0,18,0,1,0,0,0,0,4,1,6,2,9,1560,2,3,6,3
201314A117813,1,19,0,18,0,0,1,0,0,0,1,1,1,1,6,-1,-1,-1,1,1
201314A117813,2,9,0,3,0,0,0,0,0,0,2,1,6,2,4,1199,1,12,6,1
201314A117813,3,9,0,3,0,0,0,0,0,0,2,1,6,1,6,1587,1,6,9,1
201314A117813,4,9,0,3,0,0,0,0,0,0,2,1,6,1,6,1461,2,2,3,1
201314A117913,1,9,0,17,9,0,5,10,7,1,1,1,6,1,6,1390,1,10,3,1
201314A118013,1,9,0,12,0,1,0,0,0,0,0,1,6,1,-1,1995,2,2,8,1
201314A118013,2,11,0,18,0,1,0,0,0,0,0,1,1,1,6,6370,2,12,1,1
201314A118113,1,9,0,4,0,0,0,0,0,0,2,1,6,1,6,2184,2,4,1,1
201314A118113,2,9,0,4,0,0,1,0,0,0,1,1,6,1,10,1896,2,9,2,1
201314A118213,1,9,0,7,0,4,0,0,0,0,2,1,4,1,6,1968,2,3,10,1
201314A118213,2,9,0,7,0,4,0,0,0,0,1,1,6,1,6,4398,1,9,9,1
201314A118313,1,9,0,18,0,8,0,0,0,0,1,1,1,2,6,1360,1,11,3,1
201314A118313,2,9,0,18,0,8,0,0,0,0,1,1,6,1,9,-1,-1,-1,9,2
201314A118413,1,90,0,18,0,1,0,0,0,0,1,1,6,1,6,347,1,12,1,1
201314A118413,2,9,0,2,0,1,0,0,0,0,3,1,6,1,-1,-1,-1,-1,1,1
201314A118513,1,9,0,17,0,1,5,7,0,7,1,1,6,2,7,1149,1,10,5,1
201314A118713,1,9,0,18,0,2,0,0,0,0,1,1,6,2,6,2435,6,14,2,1
201314A118713,2,9,0,18,0,1,0,0,0,0,1,1,6,2,8,1995,2,8,4,1
201314A119313,1,9,0,16,0,3,1,0,0,0,1,1,6,1,10,1390,1,12,9,1
201314A119313,2,9,0,18,0,4,0,0,0,0,1,1,6,1,5,1388,1,11,2,1
201314A119413,1,5,0,18,0,1,0,0,1,1,0,1,6,1,9,1127,1,24,3,1
201314A119613,1,9,0,18,0,0,0,0,0,0,1,1,6,1,4,1242,1,12,2,1
201314A120013,1,9,0,18,0,8,0,0,0,0,1,1,6,1,9,1749,1,11,1,1
201314A120013,2,1,0,18,0,8,0,0,0,0,1,1,6,1,4,-1,-1,-1,2,1
201314A120613,1,9,0,3,0,8,0,0,0,0,3,1,6,1,6,1600,1,14,1,1
201314A120613,2,9,0,9,0,8,0,0,0,0,1,1,6,3,-1,1397,1,11,-1,-1
201314A120813,1,9,0,18,0,1,0,4,7,10,1,1,6,1,7,1998,1,3,6,1
201314A120813,2,9,0,18,0,1,0,0,0,0,1,1,6,1,7,1800,1,13,1,1
201314A120813,3,9,0,2,0,2,0,0,0,0,3,1,6,2,7,1598,2,-1,6,1
201314A121013,1,9,0,5,0,0,0,0,0,0,1,1,6,2,7,1242,1,9,6,1
201314A121013,2,9,0,5,0,0,0,0,0,0,2,1,6,2,6,1598,1,13,8,1
201314A121113,1,9,0,18,0,1,0,0,0,0,3,1,2,1,4,1686,2,9,4,1
201314A121513,1,9,0,18,0,0,0,0,0,0,1,1,6,2,6,1390,1,13,2,1
201314A121513,2,9,0,2,0,0,0,0,0,0,3,1,6,1,-1,-1,-1,-1,4,1
201314A121813,1,9,0,18,0,0,0,0,0,0,0,1,6,1,7,-1,-1,-1,4,1
201314A122013,1,19,0,4,0,0,0,0,0,0,2,1,1,1,9,1997,2,4,8,3
201314A122013,2,9,0,4,0,0,0,0,4,6,1,1,6,1,9,1242,1,1,1,2
201314A122013,3,19,0,4,0,0,0,0,0,0,1,1,1,1,6,2198,2,1,8,1
201314A122213,1,9,0,5,0,1,0,0,0,0,3,1,1,1,9,-1,-1,-1,2,1
201314A122213,2,9,0,16,0,1,0,0,0,0,1,1,6,1,6,1390,1,10,3,1
201314A122413,1,19,0,3,0,1,0,0,0,0,2,1,1,1,7,2198,2,6,4,1
201314A122413,2,3,0,3,0,1,2,0,0,0,1,1,6,1,9,125,1,3,2,1
201314A122513,1,19,0,4,0,0,0,0,0,0,2,1,1,1,8,2464,2,3,6,3
201314A122513,2,20,0,18,0,0,0,0,0,0,1,1,1,1,6,4461,2,2,8,1
201314A122813,1,9,0,18,0,0,0,0,0,0,1,1,2,2,5,1242,1,-1,5,2
201314A122813,2,9,0,4,0,0,0,0,0,0,0,1,6,2,8,2488,2,7,5,2
201314A123013,1,9,0,9,0,3,0,0,0,0,4,1,6,2,6,1124,1,13,6,2
201314A123013,2,9,0,9,0,4,0,0,0,0,4,1,6,1,4,-1,-1,-1,4,3
201314A123313,1,19,0,4,0,0,0,0,0,0,1,1,1,1,8,2402,2,9,4,1
201314A123313,2,9,0,3,0,0,0,0,0,0,1,1,6,1,6,1598,1,2,1,1
201314A123313,3,9,0,3,0,0,0,0,0,0,2,1,1,1,9,-1,-1,-1,4,1
201314A123413,1,19,0,3,0,0,0,0,0,0,2,1,1,1,7,2402,2,3,7,1
201314A123413,2,9,0,4,0,0,1,0,0,0,2,1,1,1,6,-1,-1,-1,6,1
201314A123413,3,9,0,4,0,0,0,0,0,0,1,1,1,2,8,998,1,6,1,1
201314A123513,1,9,0,3,0,0,0,0,0,0,2,1,6,1,5,-1,-1,-1,2,1
201314A123513,2,9,0,3,0,0,0,0,0,0,1,1,6,1,8,1390,1,8,5,1
201314A123513,3,9,0,4,0,0,0,0,0,0,1,1,6,2,6,1560,2,3,2,1
201314A123613,1,9,0,4,0,1,0,0,0,0,2,1,6,2,6,1242,1,8,4,1
201314A123613,2,9,0,4,0,1,0,0,0,0,2,1,6,2,8,1951,2,7,5,1
201314A123613,3,9,0,4,0,1,0,0,0,0,1,1,6,2,7,1988,1,10,2,1
201314A123713,1,9,0,6,0,2,0,0,0,0,1,1,6,1,4,973,1,11,1,1
201314A123713,2,9,0,2,0,2,0,0,0,0,1,1,6,1,8,-1,-1,-1,1,1
201314A123813,1,19,0,13,0,0,2,0,1,7,4,1,1,1,7,1995,2,-1,6,3
201314A123813,2,10,0,18,0,0,1,0,0,0,3,1,6,1,8,2179,2,9,1,1
201314A124513,1,9,0,18,0,0,0,0,0,0,4,1,6,1,7,1796,1,8,1,1
201314A124513,2,9,0,18,0,0,0,0,0,0,1,1,6,2,8,1679,1,13,1,1
201314A124613,1,9,0,18,0,0,0,6,1,10,1,1,6,2,8,1229,1,4,8,1