Accident_Index,Vehicle_Reference,Vehicle_Type,Towing_and_Articulation,Vehicle_Manoeuvre,Vehicle_Location-Restricted_Lane,Junction_Location,Skidding_and_Overturning,Hit_Object_in_Carriageway,Vehicle_Leaving_Carriageway,Hit_Object_off_Carriageway,1st_Point_of_Impact,Was_Vehicle_Left_Hand_Drive?,Journey_Purpose_of_Driver,Sex_of_Driver,Age_Band_of_Driver,Engine_Capacity_(CC),Propulsion_Code,Age_of_Vehicle,Driver_IMD_Decile,Driver_Home_Area_Type
201314A124613,2,9,0,13,0,0,5,0,1,9,1,1,6,1,5,2688,2,13,2,1
201314A124713,1,9,0,11,0,3,0,0,0,0,4,1,6,1,7,1390,1,12,1,1
201314A124713,2,9,0,5,0,4,0,0,0,0,1,1,6,2,5,1299,1,11,2,1
201314A125213,1,9,0,18,0,1,0,0,0,0,1,1,6,1,4,-1,-1,-1,5,1
201314A125213,2,9,0,10,0,1,0,0,0,0,2,1,6,2,6,1149,1,7,7,3
201314A125813,1,9,0,3,0,1,0,0,0,0,1,1,6,2,6,1242,1,12,1,1
201314A125813,2,9,0,18,0,1,0,0,0,0,2,1,6,3,-1,1560,2,3,-1,-1
201314A126113,1,9,0,18,0,0,0,0,2,7,4,1,1,1,6,-1,-1,-1,1,1
201314A126213,1,9,0,17,0,0,1,0,0,0,3,1,6,1,7,1120,1,14,3,2
201314A126213,2,9,0,17,0,0,1,0,0,0,4,1,6,2,8,1798,1,6,2,1
201314A126213,3,17,0,16,0,0,0,0,0,0,3,1,6,3,-1,-1,2,9,-1,-1
201314A126213,4,9,0,17,0,0,1,0,0,0,3,1,6,3,-1,3246,1,10,-1,-1
201314A126313,1,9,0,18,0,1,0,0,0,0,1,1,3,2,6,1896,2,4,7,1
201314A126313,2,9,0,4,0,1,0,0,0,0,2,1,3,2,6,1997,2,9,3,1
201314A126413,1,9,0,9,0,5,0,0,0,0,4,1,6,1,6,1598,1,11,1,1
201314A126413,2,3,0,18,0,1,0,0,0,0,1,1,6,1,8,124,1,5,3,1
201314A126613,1,9,0,3,0,1,0,0,0,0,2,1,6,2,6,1870,2,9,4,3
201314A126613,2,9,0,3,0,1,0,0,0,0,1,1,6,1,5,1299,1,16,5,1
201314A126913,1,9,0,18,0,1,0,0,0,0,1,1,6,1,9,-1,-1,-1,6,1
201314A126913,2,9,0,10,0,1,0,0,0,0,1,1,6,2,6,1328,1,8,1,1
201314A127113,1,9,0,18,0,0,0,0,0,0,2,1,6,1,7,1968,2,1,6,1
201314A127113,2,9,0,18,0,0,0,0,0,0,2,1,6,2,7,1896,2,5,4,1
201314A127113,3,9,0,18,0,0,0,0,0,0,2,1,6,2,9,1061,1,7,4,3
201314A127113,4,9,0,18,0,0,0,0,0,0,1,1,6,2,7,1296,1,7,10,1
201314A127213,1,9,0,1,0,0,0,0,0,0,2,1,1,1,8,2993,2,-1,1,1
201314A127213,2,9,0,1,0,0,0,0,0,0,2,1,6,3,-1,1995,2,6,-1,-1
201314A127613,1,8,0,18,2,1,0,0,0,0,1,1,6,1,7,1995,2,10,6,1
201314A127613,2,8,0,9,0,8,0,0,0,0,3,1,1,1,6,1997,2,13,1,1
201314A127713,1,9,0,18,0,0,1,0,0,0,1,1,1,1,5,1587,1,7,3,1
201314A127713,2,19,0,2,0,0,0,0,0,0,1,1,6,1,9,1998,2,12,1,1
201314A127713,3,9,0,2,0,0,0,0,0,0,1,1,6,2,9,1598,1,8,1,1
201314A128113,1,9,0,18,0,0,0,12,1,10,2,1,1,1,8,1986,2,7,1,1
201314A128113,2,9,0,18,0,0,0,0,0,0,1,1,1,1,7,1998,2,11,1,1
201314A128313,1,9,0,18,0,0,0,0,0,0,4,1,6,1,6,1400,2,13,3,1
201314A128513,1,9,0,3,0,1,0,0,0,0,2,1,2,2,4,1248,2,9,5,2
201314A128513,2,19,0,4,0,1,1,0,0,0,1,1,2,1,7,2461,2,3,8,1
201314A128913,1,9,0,3,0,0,0,0,0,0,2,1,6,1,6,1998,1,9,2,1
201314A128913,2,9,0,4,0,0,1,0,0,0,1,1,6,1,6,1868,2,11,1,1
201314A129313,1,9,0,18,0,0,0,0,0,0,1,1,6,3,-1,-1,-1,-1,-1,-1
201314A129613,1,9,0,18,9,0,0,0,0,0,1,1,6,3,-1,-1,-1,-1,-1,-1
201314A129713,1,9,0,18,0,1,0,0,0,0,1,1,6,1,6,1870,2,7,4,1
201314A129713,2,9,0,18,0,2,1,0,0,0,4,1,6,1,8,1988,1,12,4,1
201314A129813,1,9,0,18,0,0,0,0,0,0,1,1,2,2,8,1686,2,9,5,1
201314A129813,2,9,0,3,0,0,0,0,0,0,2,1,1,1,7,1329,1,4,7,1
201314A129913,1,9,0,9,0,6,0,0,0,0,3,1,6,2,5,1198,1,1,5,1
201314A129913,2,11,0,18,0,2,1,0,0,0,1,1,1,1,9,9360,2,5,7,1
201314A130113,1,9,0,17,0,0,1,7,7,10,2,1,6,1,5,1596,1,9,4,2
201314A130213,1,9,0,4,0,1,2,0,1,10,4,1,1,1,5,1229,1,6,2,2
201314A130413,1,8,0,4,0,0,0,0,0,0,2,1,1,1,6,1896,2,6,1,1
201314A130413,2,9,0,4,0,0,1,0,0,0,1,1,2,1,8,1587,1,11,3,1
201314A130713,1,3,0,9,0,6,0,0,0,0,1,1,6,1,5,124,1,5,1,1
201314A130713,2,9,0,5,0,8,0,0,0,0,1,1,6,1,4,1560,2,7,3,1
201314A130913,1,9,0,18,9,0,0,0,0,0,1,1,6,3,-1,-1,-1,-1,-1,-1
201314A131013,1,9,0,9,0,8,0,0,0,0,1,1,6,2,6,1686,2,8,2,1
201314A131013,2,5,0,18,0,8,0,0,0,0,4,1,6,1,10,656,1,1,3,1
201314A131213,1,11,0,18,0,1,0,0,0,0,1,1,1,1,7,7300,2,10,2,1
201314A131213,2,8,0,18,0,1,0,0,0,0,2,1,6,1,7,1910,2,7,3,1
201314A131513,1,9,0,18,0,1,0,0,0,0,1,1,6,1,8,1240,1,8,9,2
201314A131513,2,9,0,18,0,1,0,0,0,0,1,1,6,2,5,1796,1,10,5,1
201314A131513,3,9,0,18,0,1,0,0,0,0,2,1,6,2,5,1229,1,6,4,1
201314A131713,1,9,0,18,0,0,0,0,0,0,1,1,6,2,5,1086,1,9,6,1
201314A131913,1,9,0,18,0,0,0,0,0,0,1,1,6,1,7,1242,1,11,10,1
201314A131913,2,21,1,3,0,0,0,0,0,0,2,1,1,1,8,11946,2,1,2,1
201314A132013,1,9,0,18,0,0,0,0,0,0,4,1,6,1,11,2316,1,23,3,2
201314A132013,2,9,0,18,0,0,0,0,0,0,0,1,6,1,9,-1,-1,-1,2,1
201314A132013,3,1,0,18,0,0,0,0,0,0,1,1,6,2,7,-1,-1,-1,6,1
201314A132113,1,9,0,18,0,0,1,0,0,0,1,1,6,1,11,1984,1,12,2,1
201314A132113,2,19,0,3,0,0,0,0,0,0,2,1,6,1,8,1399,2,4,4,1
201314A132313,1,9,0,18,0,0,0,0,0,0,2,1,6,1,6,-1,-1,-1,1,1
201314A132313,2,9,0,18,0,0,1,0,0,0,1,1,6,2,6,1560,2,3,4,1
201314A132413,1,9,0,11,0,8,0,0,0,0,1,1,6,1,9,1596,1,2,1,1
201314A132413,2,9,0,18,0,8,0,0,0,0,1,1,6,2,8,1086,1,3,2,2
201314A132513,1,9,0,18,0,3,0,0,0,0,1,1,6,1,5,2987,2,7,5,1
201314A132513,2,9,0,18,0,4,0,0,0,0,1,1,6,2,8,1360,1,12,6,1
201314A132713,1,9,0,18,0,0,0,0,0,0,1,1,6,1,6,1598,1,10,1,1
201314A132713,2,9,0,18,0,0,0,0,0,0,2,1,6,1,7,1199,1,11,1,1
201314A132713,3,9,0,18,0,0,0,0,0,0,2,1,6,1,8,1995,2,11,6,3
201314A132713,4,9,0,18,0,0,0,0,0,0,2,1,6,1,6,1995,2,6,1,1
201314A132713,5,9,0,18,0,0,0,0,0,0,2,1,6,1,7,-1,-1,-1,4,1
201314A132813,1,9,0,9,0,1,0,0,0,0,3,1,6,1,8,1749,1,9,5,3
201314A132813,2,1,0,18,0,1,0,0,0,0,0,1,6,1,6,-1,-1,-1,5,2
201314A133013,1,9,0,9,0,8,0,10,7,2,1,1,6,2,6,1390,1,14,1,1
201314A133013,2,9,0,18,0,4,0,0,0,0,1,1,6,3,-1,-1,-1,-1,-1,-1
201314A133213,1,9,0,4,0,0,0,0,0,0,1,1,1,1,7,-1,-1,-1,1,1
201314A133213,2,9,0,4,0,0,0,0,0,0,2,1,1,2,9,1399,2,2,5,3
201314A133213,3,9,0,4,0,0,0,0,0,0,2,1,6,1,7,1597,1,13,4,1
201314A133213,4,9,0,4,0,0,0,0,0,0,2,1,1,1,6,1968,2,3,5,1
201314A133213,5,9,0,4,0,0,0,0,0,0,2,1,1,1,7,1995,2,-1,7,1
201314A133313,1,21,0,18,0,0,0,0,0,0,1,1,1,1,10,-1,-1,-1,-1,-1
201314A133313,2,9,0,3,0,0,0,0,0,0,2,1,6,2,6,1968,2,5,6,3
201314A133513,1,21,1,12,0,0,0,0,0,0,3,1,1,1,8,12419,2,2,2,2
201314A133513,2,9,0,18,0,0,0,0,0,0,4,1,2,2,6,1896,2,9,7,3
201314A133613,1,8,4,10,0,2,0,0,0,0,4,1,1,1,8,-1,-1,-1,1,1
201314A133613,2,9,0,18,0,1,0,0,0,0,1,1,6,1,11,1493,2,6,9,1
201314A133613,3,20,0,10,0,1,0,0,0,0,0,1,1,1,8,-1,-1,-1,8,2
201314A133713,1,9,0,17,0,0,2,0,7,0,4,1,6,1,5,1587,1,11,7,1
201314A134013,1,9,0,9,0,1,0,0,0,0,1,1,1,3,-1,-1,-1,-1,-1,-1
201314A134113,1,9,0,3,0,1,0,0,0,0,2,1,6,1,6,1870,2,11,3,1
201314A134113,2,9,0,18,0,1,0,0,0,0,1,1,6,1,6,1242,1,11,4,1
201314A134213,1,9,0,9,0,0,0,0,0,0,3,1,6,2,6,1995,2,11,1,1
201314A134213,2,9,0,18,0,0,0,0,0,0,3,1,6,1,7,1968,2,1,4,1
201314A134313,1,9,0,18,0,2,0,10,0,0,1,1,6,2,10,1299,1,10,9,1
201314A134313,2,9,0,2,0,1,0,0,0,0,2,1,6,2,9,1242,1,1,7,1
201314A134313,3,9,0,5,0,1,0,0,0,0,3,1,6,2,6,1600,2,2,7,1
201314A134813,1,19,0,18,0,0,2,0,2,10,1,1,6,1,6,1870,2,11,3,2
201314A134813,2,9,0,2,0,0,0,0,0,0,3,1,6,3,-1,1298,1,10,-1,-1
201314A135713,1,9,0,16,0,0,0,0,0,0,3,1,6,1,8,1870,2,11,1,1
201314A135713,2,9,0,17,0,0,1,0,0,0,3,1,6,1,8,1598,1,10,3,1
201314A135913,1,9,0,16,0,0,1,0,7,4,2,1,6,2,4,1299,1,13,9,1
201314A136013,1,9,0,17,0,0,5,0,1,9,1,1,6,2,5,1242,1,8,5,1
201314A136313,1,9,0,9,0,5,0,0,0,0,1,1,2,2,5,1364,1,7,3,1
201314A136313,2,3,0,18,0,8,0,0,0,0,3,1,2,1,7,124,1,9,7,1
201314A136413,1,9,0,18,0,2,0,0,0,0,3,1,4,1,6,1798,1,8,2,1
201314A136413,2,1,0,18,0,2,0,0,0,0,1,1,6,1,3,-1,-1,-1,6,1
201314A136513,1,1,0,18,0,0,0,0,0,0,3,1,6,1,5,-1,-1,-1,2,1
201314A136513,2,9,0,18,0,0,0,0,0,0,4,1,6,1,8,1799,1,14,1,1
201314A136713,1,9,0,18,0,1,0,0,0,0,1,1,2,1,8,-1,-1,-1,1,1
201314A136813,1,9,0,14,0,0,1,0,7,2,4,1,6,1,8,1997,2,12,2,1
201314A136813,2,9,0,2,0,0,0,0,0,0,2,1,6,2,-1,998,1,-1,4,3
201314A137113,1,9,0,13,0,3,1,0,2,10,3,1,2,1,7,2960,1,23,6,1
201314A137413,1,9,0,9,0,1,0,0,0,0,1,1,6,1,7,1596,1,1,1,1
201314A137413,2,9,0,17,0,1,0,0,0,0,1,1,6,2,6,2926,2,11,4,1
201314A137713,1,19,0,18,0,0,0,0,0,0,4,1,6,3,-1,-1,-1,-1,-1,-1
201314A137913,1,9,0,4,0,0,0,0,0,0,2,1,6,1,7,2996,2,2,10,1
201314A137913,2,9,0,4,0,0,0,0,0,0,2,1,6,1,7,-1,-1,-1,2,1
201314A137913,3,9,0,18,0,0,0,0,0,0,1,1,6,2,8,1984,2,-1,10,2
201314A138113,1,10,0,18,0,0,0,0,0,0,1,1,6,1,10,2198,2,2,8,1
201314A138113,2,9,0,15,0,0,1,0,0,0,4,1,6,1,5,1951,2,10,2,1
201314A138113,3,9,0,12,0,0,0,0,0,0,0,1,6,1,9,998,1,1,8,1
201314A138213,1,9,0,18,0,0,0,0,0,0,4,1,6,3,-1,-1,-1,-1,-1,-1
201314A138313,1,9,0,16,0,0,0,0,0,0,1,1,6,1,6,1896,2,10,4,1
201314A138413,1,9,0,8,0,1,0,0,0,0,2,1,6,2,8,1968,2,5,1,1
201314A138413,2,9,0,8,0,1,0,0,0,0,2,1,6,1,7,1388,1,2,2,1
201314A138513,1,9,0,18,0,1,0,0,0,0,4,1,6,1,9,1499,2,-1,1,1
201314A138913,1,9,0,4,0,1,0,0,0,0,2,1,6,1,8,1956,2,1,2,1
201314A138913,2,9,0,4,0,1,0,0,0,0,1,1,6,1,4,-1,-1,-1,3,1
201314A139213,1,9,0,4,0,0,0,0,0,0,2,1,6,2,6,1360,1,10,5,1
201314A139213,2,9,0,4,0,0,0,0,0,0,1,1,6,2,8,1968,2,5,9,3
201314A139213,3,9,0,4,0,0,0,0,0,0,1,1,6,1,7,1968,2,2,2,1
201314A139213,4,9,0,4,0,0,0,0,0,0,1,1,6,2,6,-1,-1,-1,2,1
201314A139313,1,9,0,16,0,0,1,0,1,1,1,1,6,1,6,1998,1,8,2,1
201314A139513,1,9,0,17,0,2,0,0,1,10,1,1,6,1,4,1299,1,10,8,1
201314A139713,1,10,0,8,0,2,0,0,0,0,1,1,1,1,10,-1,-1,-1,5,1
201314A140013,1,9,0,6,0,0,0,0,0,0,2,1,6,2,7,-1,-1,-1,3,1
201314A140013,2,2,0,18,0,0,0,0,0,0,1,1,6,2,6,-1,-1,-1,3,1
201314A140113,1,9,0,7,0,1,0,0,0,0,3,1,2,1,9,995,1,9,2,1
201314A140113,2,1,0,18,0,1,0,0,0,0,1,1,6,1,9,-1,-1,-1,1,1
201314A140513,1,9,0,18,0,1,0,0,0,0,1,1,6,1,5,1781,1,13,6,1
201314A140513,2,9,0,9,0,1,0,0,0,0,3,1,6,1,6,1598,1,9,2,1
201314A140713,1,9,0,18,0,0,0,0,0,0,1,1,6,1,10,1490,1,6,3,1
201314A140813,1,9,0,4,0,1,0,0,0,0,2,1,6,2,4,998,1,8,4,2
201314A140813,2,9,0,4,0,1,0,0,0,0,1,1,6,1,8,-1,-1,-1,4,1
201314A140913,1,9,0,18,0,8,0,0,0,0,1,1,1,1,7,1956,2,1,1,1
201314A140913,2,9,0,18,0,6,0,0,0,0,1,1,1,1,8,1596,1,2,5,1
201314A141013,1,9,0,18,0,0,0,0,0,0,3,1,3,2,7,2460,2,7,8,1
201314A141113,1,1,0,18,0,8,0,0,0,0,1,1,6,1,5,-1,-1,-1,1,1
201314A141113,2,9,0,4,0,8,0,0,0,0,1,1,1,1,7,-1,-1,-1,1,1
201314A141213,1,9,0,18,0,0,0,0,1,9,3,1,2,2,9,1560,2,4,4,1
201314A141313,1,9,0,18,0,1,0,0,0,0,1,1,2,1,8,1200,1,-1,2,1
201314A141313,2,19,0,18,0,1,0,0,0,0,2,1,2,1,8,2148,2,5,1,1
201314A141713,1,19,0,18,0,1,0,0,0,0,1,1,1,3,-1,-1,-1,-1,-1,-1
201314A141713,2,9,0,18,0,1,0,0,0,0,3,1,6,2,7,1360,1,4,5,3
201314A141713,3,9,0,18,0,1,0,0,0,0,3,1,6,2,6,998,1,4,4,1
201314A141713,4,19,0,2,0,1,0,0,0,0,4,1,6,1,10,2198,2,7,4,1
201314A141813,1,21,0,18,0,7,2,0,0,0,3,1,1,1,8,12600,2,9,8,1
201314A142213,1,9,0,18,0,1,0,0,0,0,4,1,6,1,6,1587,1,10,3,1
201314A142213,2,9,0,7,0,6,0,0,0,0,1,1,6,3,-1,-1,-1,-1,-1,-1
201314A142513,1,11,0,4,0,0,0,0,0,0,0,1,1,1,8,6871,2,15,5,1
201314A142613,1,9,0,7,0,6,0,0,0,0,3,1,6,2,6,1753,2,7,1,1
201314A142613,2,9,0,18,0,1,0,0,0,0,1,1,6,1,-1,1956,2,1,-1,-1
201314A142913,1,21,1,9,0,1,0,0,0,0,1,1,1,1,6,-1,-1,-1,-1,-1
201314A142913,2,1,0,18,0,8,0,0,0,0,4,1,2,1,7,-1,-1,-1,3,3
201314A143013,1,9,0,9,0,6,0,0,0,0,3,1,6,2,7,1598,1,8,3,1
201314A143013,2,3,0,18,0,1,0,0,0,0,1,1,6,1,4,125,1,3,4,3
201314A143213,1,9,0,16,0,0,1,0,0,0,4,1,1,1,8,1586,1,9,2,1
201314A143313,1,9,0,7,0,8,0,0,0,0,4,1,6,2,7,1968,2,2,3,1
201314A143313,2,9,0,18,0,8,0,0,0,0,1,1,6,2,4,1242,1,6,1,1
201314A143813,1,9,0,18,0,8,0,0,0,0,1,1,6,3,-1,2283,2,14,1,1
201314A143813,2,1,0,18,0,8,0,0,0,0,1,1,6,1,7,-1,-1,-1,8,1
201314A143913,1,9,0,18,0,3,0,0,3,10,1,1,6,1,5,1199,1,9,4,1
201314A144113,1,9,0,12,0,0,0,0,0,0,1,1,1,1,6,1910,2,6,8,1
201314A144113,2,9,0,17,0,0,0,0,0,0,1,1,1,1,7,995,1,9,4,1
201314A144413,1,9,0,18,0,0,0,0,0,0,2,1,6,2,8,998,1,10,4,1
201314A144413,2,9,0,18,0,0,0,0,0,0,1,1,6,3,-1,-1,-1,-1,-1,-1
201314A144713,1,9,0,18,0,1,0,0,0,0,3,1,6,1,8,-1,-1,-1,2,1
201314A144713,2,9,0,18,0,1,0,0,0,0,4,1,6,1,-1,-1,-1,-1,4,1
201314A144913,1,9,0,9,0,6,0,0,0,0,1,1,6,2,7,1360,1,6,2,1
201314A144913,2,3,0,18,0,1,0,0,0,0,1,1,2,1,4,124,1,3,1,2
201314A145013,1,2,0,18,0,0,1,0,0,0,0,1,4,1,4,49,1,-1,1,1
201314A145213,1,19,0,18,0,0,0,0,4,6,3,1,1,1,7,2143,2,2,3,3
201314A145613,1,21,1,18,0,0,5,0,0,0,4,1,1,1,8,11705,2,5,7,3
201314A145913,1,9,0,18,0,3,0,0,0,0,2,1,6,1,10,1386,1,5,5,1
201314A145913,2,9,0,18,0,3,1,0,0,0,1,1,6,1,8,1362,1,-1,5,1
201314A146013,1,19,0,3,0,1,0,0,0,0,2,1,1,1,7,1998,2,11,5,1
201314A146013,2,9,0,18,0,1,0,0,0,0,1,1,6,1,11,1296,1,7,7,1
201314A146013,3,9,0,3,0,1,0,0,0,0,1,1,1,1,7,1242,1,2,7,1
201314A146013,4,9,0,3,0,1,0,0,0,0,2,1,1,1,6,1995,2,9,1,1
201314A146013,5,9,0,18,0,1,0,0,0,0,1,1,1,2,7,1956,2,-1,9,1
201314A146613,1,9,0,18,0,0,0,0,1,2,1,1,6,2,6,1582,2,4,5,1
201314A146813,1,9,0,18,0,0,0,0,0,0,1,1,6,1,8,1796,1,9,1,1
201314A147113,1,8,0,1,0,8,0,0,0,0,2,1,6,1,6,1896,2,8,8,1
201314A147313,1,19,0,16,0,7,1,0,0,0,2,1,1,1,6,1398,2,5,10,2
201314A147313,2,9,0,18,0,1,0,0,0,0,1,1,6,1,6,998,1,13,3,1
201314A147413,1,9,0,18,0,1,0,0,0,0,1,1,6,1,5,1229,1,-1,3,1
201314A147413,2,9,0,7,0,6,0,0,0,0,1,1,6,1,4,1200,1,10,7,1
201314A147813,1,9,0,2,0,0,0,0,0,0,2,1,6,1,7,2497,2,8,3,1
201314A147813,2,2,0,4,0,0,0,0,0,0,1,1,6,1,4,49,1,-1,4,3
201314A148113,1,9,0,8,0,1,0,0,0,0,2,1,6,2,9,1398,2,8,1,1
201314A148113,2,9,0,3,0,1,0,0,0,0,1,1,6,3,-1,-1,-1,-1,-1,-1
201314A148213,1,9,0,18,0,0,0,0,0,0,1,1,1,1,6,-1,-1,-1,2,1
201314A148413,1,9,0,9,0,5,0,0,0,0,3,1,4,2,8,1299,1,12,2,1
201314A148413,2,9,0,9,0,6,0,0,0,0,1,1,6,1,7,1598,2,1,3,1
201314A148713,1,9,0,18,0,0,1,0,0,0,1,1,6,1,5,1198,1,-1,8,3
201314A148713,2,9,0,18,0,0,1,0,0,0,2,1,6,2,6,1797,8,4,1,2
201314A148713,3,9,0,18,0,0,0,0,0,0,2,1,6,1,7,2000,2,9,5,3
201314A148813,1,9,0,18,0,1,0,0,0,0,3,1,6,1,6,1587,1,11,1,1
201314A148813,2,9,0,9,0,1,0,0,0,0,4,1,6,2,6,1796,1,11,9,1
201314A148813,3,9,0,18,0,1,0,0,0,0,1,1,6,2,5,1997,2,10,6,3
201314A149413,1,9,0,18,0,0,1,4,8,10,1,1,6,1,6,1753,2,4,-1,-1
201314A149413,2,9,0,18,0,0,1,0,8,10,1,1,6,3,-1,2401,2,10,-1,-1
201314A149413,3,9,0,2,0,0,0,0,0,0,1,1,6,1,7,-1,-1,-1,1,1
201314A149513,1,9,0,18,0,0,0,0,1,9,1,1,4,2,10,2497,1,11,5,1
201314A149513,2,20,0,18,0,0,0,0,0,0,2,1,1,1,8,4462,2,-1,4,1
201314A149813,1,9,0,18,0,0,0,0,0,0,1,1,4,2,5,1360,1,9,3,1
201314A150113,1,9,0,7,0,5,0,0,0,0,1,1,6,1,7,1896,2,11,7,1
201314A150113,2,1,0,18,0,6,0,0,0,0,4,1,6,1,3,-1,-1,-1,3,1
201314A150413,1,9,0,16,0,0,2,0,1,10,1,1,2,2,5,1997,2,12,6,1
201314A150613,1,9,0,7,0,8,0,0,0,0,1,1,6,2,8,1360,1,8,5,3
201314A150613,2,1,0,18,0,2,0,0,0,0,2,1,6,1,8,-1,-1,-1,2,1
201314A150913,1,9,0,16,0,0,0,0,0,0,4,1,1,2,5,1149,1,8,9,1
201314A150913,2,8,0,18,0,0,0,0,0,0,1,1,1,1,6,-1,-1,-1,5,1
201314A151013,1,3,0,9,0,2,0,0,0,0,1,1,1,1,9,124,1,1,1,1
201314A151013,2,9,0,2,0,0,0,0,0,0,3,1,6,1,6,998,1,9,2,1
201314A151113,1,11,0,9,0,1,0,0,0,0,1,1,1,1,6,4500,2,1,4,1
201314A151113,2,90,0,18,0,1,0,0,0,0,2,1,1,1,8,2148,2,6,2,1
201314A151213,1,9,0,3,0,5,0,0,0,0,2,1,6,1,6,1364,1,6,2,1
201314A151213,2,9,0,18,0,5,0,0,0,0,1,1,6,1,5,-1,-1,-1,2,1
201314A151313,1,9,0,18,0,1,0,0,0,0,1,1,6,2,6,1998,2,6,5,1
201314A151313,2,9,0,7,0,6,0,0,0,0,3,1,6,2,5,3628,2,4,6,1
201314A151413,1,9,0,15,0,1,1,0,0,7,1,1,2,2,8,-1,-1,-1,1,1
201314A151413,2,9,0,18,0,0,0,0,0,0,1,1,6,1,8,1598,1,11,7,1
201314A152313,1,9,0,1,9,0,0,0,0,0,2,1,1,1,6,-1,-1,-1,2,1
201314A152813,1,9,0,18,0,0,0,0,0,0,1,1,6,3,-1,1587,1,10,-1,-1
201314A152813,2,1,0,18,0,0,0,0,0,0,1,1,6,1,7,-1,-1,-1,9,1
201314A153013,1,9,0,18,0,0,0,0,0,0,1,1,6,1,4,1896,2,8,6,1
201314A153013,2,1,0,18,0,0,0,0,0,0,2,1,6,1,10,-1,-1,-1,6,1
201314A153313,1,9,0,5,0,1,0,0,0,0,3,1,1,1,5,1343,1,10,1,1
201314A153313,2,1,0,18,0,1,1,0,0,0,1,1,2,1,8,-1,-1,-1,2,1
201314A153513,1,9,0,9,0,1,0,0,0,0,4,1,2,1,8,1794,1,9,5,1
201314A153513,2,1,0,9,0,1,0,0,0,0,1,1,6,1,9,-1,-1,-1,5,1
201314A153913,1,9,0,16,0,2,1,0,7,0,4,1,6,1,8,1597,1,19,-1,-1
201314A153913,2,20,0,18,0,1,0,0,0,0,1,1,1,1,8,5861,2,14,1,1
201314A154113,1,9,0,18,0,0,1,10,2,4,1,1,6,1,6,2494,1,13,4,2
201314A154313,1,9,0,17,0,0,0,0,1,0,1,1,6,2,7,1968,2,6,8,1
201314A154413,1,9,0,16,0,0,2,0,0,0,1,1,2,1,6,1242,1,10,1,2
201314A154613,1,8,0,18,0,0,0,0,0,0,0,1,1,3,-1,-1,-1,-1,-1,-1
201314A155113,1,11,0,18,0,8,0,0,0,0,4,1,1,1,8,3900,2,10,1,1
201314A155113,2,1,0,18,0,8,0,0,0,0,3,1,6,2,6,-1,-1,-1,7,1
201314A155513,1,9,0,9,0,1,0,0,0,0,1,1,2,1,9,1590,1,10,7,1
201314A155513,2,9,0,18,0,1,0,0,0,0,1,1,1,1,6,-1,-1,-1,5,3
201314A155813,1,9,0,4,0,3,0,0,0,0,2,1,6,1,10,1598,1,14,2,1
201314A155813,2,1,0,18,0,3,0,0,0,0,1,1,6,1,8,-1,-1,-1,5,1
201314A155913,1,9,0,18,0,0,2,0,7,4,1,1,6,1,4,1997,2,4,1,1
201314A156113,1,9,0,16,0,0,1,4,0,0,1,1,2,2,7,1598,1,4,1,1
201314A156113,2,9,0,2,6,0,0,10,1,0,2,1,6,1,5,2993,2,5,6,1
201314A156413,1,9,0,18,0,0,0,0,0,0,2,1,6,1,10,1997,2,2,9,1
201314A156413,2,9,0,18,0,0,0,0,0,0,1,1,6,1,7,1968,2,8,10,2
201314A156413,3,9,0,18,0,0,0,0,0,0,1,1,6,1,8,2493,8,-1,7,1
201314A156713,1,9,0,18,0,1,0,0,0,0,1,1,1,1,6,1248,2,-1,1,1
201314A156713,2,9,0,9,0,1,0,0,0,0,3,1,6,2,7,1598,1,3,2,1
201314A157213,1,9,0,8,0,1,0,0,0,0,2,1,6,1,7,1794,1,7,1,1
201314A157213,2,9,0,18,0,1,0,0,0,0,1,1,1,2,7,1364,1,4,6,1
201314A157413,1,9,0,5,0,2,0,0,0,0,1,1,3,2,8,1242,1,12,3,1
201314A157813,1,9,0,4,0,1,0,0,0,0,1,1,6,2,-1,1299,1,13,4,1
201314A157813,2,9,0,4,0,1,0,0,0,0,2,1,6,1,10,1794,1,10,2,1
201314A157813,3,9,0,4,0,1,0,0,0,0,2,1,6,1,10,1590,1,9,7,1
201314A158413,1,9,0,3,0,1,0,0,0,0,2,1,4,1,6,1999,1,12,4,1
201314A158413,2,9,0,7,0,1,0,0,0,0,1,1,6,3,-1,-1,-1,-1,-1,-1
201314A158813,1,9,0,18,0,1,0,0,0,0,1,1,6,3,-1,-1,-1,-1,-1,-1
201314A158813,2,9,0,18,0,1,0,0,0,0,1,1,6,1,8,1997,2,6,1,1
201314A158813,3,9,0,18,0,0,0,0,0,0,1,1,6,3,8,1364,1,8,1,1
201314A158913,1,9,0,18,0,2,1,0,0,0,1,1,6,1,10,1598,1,6,-1,1
201314A158913,2,9,0,4,0,2,0,0,0,0,2,1,6,1,10,1998,1,11,7,1
201314A158913,3,9,0,4,0,2,0,0,0,0,2,1,6,1,5,1598,1,5,3,1
201314A159113,1,9,0,9,0,1,0,0,0,0,1,1,6,1,9,1591,1,3,6,2