Accident_Index,Vehicle_Reference,Vehicle_Type,Towing_and_Articulation,Vehicle_Manoeuvre,Vehicle_Location-Restricted_Lane,Junction_Location,Skidding_and_Overturning,Hit_Object_in_Carriageway,Vehicle_Leaving_Carriageway,Hit_Object_off_Carriageway,1st_Point_of_Impact,Was_Vehicle_Left_Hand_Drive?,Journey_Purpose_of_Driver,Sex_of_Driver,Age_Band_of_Driver,Engine_Capacity_(CC),Propulsion_Code,Age_of_Vehicle,Driver_IMD_Decile,Driver_Home_Area_Type
201314A159113,2,9,0,18,0,1,0,0,0,0,1,1,6,2,6,1390,1,10,1,1
201314A159813,1,11,0,4,0,0,0,0,0,0,0,1,1,1,7,7300,2,10,3,1
201314A160313,1,9,0,3,0,1,0,0,0,0,2,1,2,1,6,1598,1,8,6,1
201314A160313,2,8,0,18,0,1,1,0,0,0,1,1,1,1,9,2499,2,3,3,1
201314A160413,1,22,0,18,9,0,0,0,0,0,1,1,6,2,-1,-1,-1,-1,-1,-1
201314A160613,1,9,0,3,0,1,1,0,0,0,1,1,6,1,7,1598,1,13,1,1
201314A160613,2,9,0,18,0,1,0,0,0,0,2,1,6,1,5,1598,1,-1,2,1
201314A160913,1,9,0,18,0,1,0,0,0,0,4,1,6,3,-1,-1,-1,-1,-1,-1
201314A160913,2,1,0,18,0,1,0,0,0,0,3,1,6,1,10,-1,-1,-1,3,1
201314A161413,1,9,0,18,0,0,1,0,0,0,1,1,6,1,10,1560,2,1,3,2
201314A161413,2,9,0,18,0,0,0,0,0,0,0,1,6,2,4,1242,1,9,6,3
201314A161913,1,9,0,18,0,0,0,0,0,0,2,1,6,1,8,1598,2,-1,10,1
201314A161913,2,9,0,18,0,0,0,0,0,0,1,1,6,2,10,998,1,-1,7,3
201314A161913,3,9,0,18,0,0,0,0,0,0,1,1,6,2,6,1968,2,5,8,3
201314A162013,1,9,0,18,0,0,0,0,0,0,1,1,6,3,-1,-1,-1,-1,-1,-1
201314A162113,1,9,0,18,0,0,0,0,0,0,3,1,1,1,8,-1,-1,-1,9,1
201314A162113,2,9,0,13,0,0,0,0,4,0,4,1,6,1,10,2401,2,8,8,2
201314A162713,1,19,0,18,0,2,0,0,0,0,1,1,1,1,6,2198,2,-1,1,1
201314A162913,1,9,0,18,0,0,0,0,0,0,1,1,1,1,9,1769,1,8,4,2
201314A163013,1,9,0,9,0,1,0,0,0,0,1,1,6,2,4,1390,1,9,6,1
201314A163013,2,9,0,18,0,1,0,0,0,0,1,1,6,1,11,1364,1,3,6,1
201314A163413,1,9,0,18,0,0,1,0,5,0,1,1,6,2,6,1242,1,2,6,2
201314A163413,2,21,0,18,0,0,0,0,0,0,3,1,1,1,7,12900,2,2,1,1
201314A163513,1,9,0,9,0,6,0,0,0,0,1,1,6,1,8,1461,2,3,3,1
201314A163513,2,9,0,18,0,1,0,0,0,0,1,1,6,2,6,1686,2,10,1,1
201314A163713,1,9,0,18,0,8,0,0,0,0,2,1,6,2,8,1749,1,7,9,3
201314A163713,2,1,0,18,0,8,0,0,0,0,1,1,6,1,7,-1,-1,-1,5,1
201314A163813,1,1,0,18,9,0,0,0,0,0,1,1,6,1,8,-1,-1,-1,2,1
201314A163813,2,9,0,5,9,0,0,0,0,0,1,1,6,1,4,998,1,9,4,1
201314A164013,1,9,0,18,0,0,0,0,0,0,1,1,1,1,8,-1,-1,-1,5,1
201314A164013,2,9,0,3,0,0,0,0,0,0,2,1,1,1,7,2495,2,8,9,1
201314A164113,1,19,0,18,0,0,1,7,4,6,1,1,1,1,8,2300,2,8,2,1
201314A164113,2,9,0,12,0,0,1,0,1,0,1,1,6,1,9,1396,1,3,8,2
201314A164113,3,9,0,2,0,0,0,0,0,0,2,1,6,1,6,1896,2,5,3,1
201314A164213,1,9,0,18,0,3,2,10,1,0,1,1,1,2,5,3200,2,13,2,1
201314A164313,1,9,0,18,0,0,0,0,0,0,1,1,1,1,6,1896,2,12,4,1
201314A164713,1,9,0,18,0,0,0,0,0,0,3,1,6,2,11,1995,2,5,7,3
201314A164813,1,9,0,9,0,6,0,0,0,0,1,1,6,1,11,998,1,9,3,1
201314A164913,1,9,0,10,0,1,0,0,0,0,1,1,1,1,8,-1,-1,-1,5,1
201314A164913,2,9,0,18,0,1,0,0,0,0,1,1,1,1,7,-1,-1,-1,4,1
201314A165013,1,9,0,18,0,0,0,0,0,0,1,1,6,1,4,1995,2,9,2,1
201314A165013,2,9,0,18,0,0,0,0,0,0,2,1,6,1,9,1975,1,10,3,3
201314B000113,1,9,0,4,0,0,0,0,0,0,1,1,6,1,7,1796,1,9,6,1
201314B000613,1,9,0,17,0,0,1,0,2,0,1,1,6,1,4,1124,1,13,4,2
201314B000813,1,9,0,3,0,1,0,0,0,0,2,1,6,1,7,-1,-1,-1,6,1
201314B000813,2,9,0,18,0,1,0,0,0,0,1,1,6,1,5,-1,-1,-1,2,1
201314B001013,1,9,0,4,0,1,0,0,0,0,1,1,6,1,6,1390,1,10,3,1
201314B001013,2,9,0,3,0,1,0,0,0,0,2,1,6,2,9,1339,1,6,6,1
201314B001213,1,9,0,9,0,8,0,0,0,0,4,1,6,1,8,1956,2,4,3,1
201314B001213,2,9,0,18,0,8,0,0,0,0,1,1,6,2,7,1198,1,7,6,1
201314B002013,1,9,0,18,0,8,0,0,0,0,1,1,6,1,11,1597,1,17,3,1
201314B002013,2,9,0,18,0,4,0,0,0,0,1,1,6,1,9,1998,1,7,3,1
201314B002513,1,9,0,18,0,0,0,0,0,0,1,1,6,1,7,1968,2,1,8,1
201314B003213,1,9,0,3,0,1,0,0,0,0,2,1,1,1,7,1956,2,3,7,1
201314B003213,2,9,0,18,0,1,0,0,0,0,1,1,6,1,11,1598,1,1,7,1
201314B003213,3,19,0,3,0,1,0,0,0,0,2,1,1,1,9,1870,2,11,3,1
201314B003413,1,9,0,18,0,1,0,0,0,0,0,1,6,1,8,1956,2,1,7,1
201314B003413,2,9,0,18,0,1,0,0,0,0,0,1,6,1,4,2231,2,1,2,1
201314B003513,1,9,0,1,0,0,0,0,0,0,2,1,6,3,-1,-1,-1,-1,-1,-1
201314B003913,1,9,0,7,0,5,5,0,0,0,3,1,6,1,6,-1,-1,-1,3,1
201314B003913,2,9,0,7,0,5,5,0,0,0,3,1,6,1,5,2495,2,18,3,1
201314B004113,1,9,0,10,0,1,0,0,0,0,4,1,6,1,9,1997,2,4,7,1
201314B004113,2,9,0,18,0,1,0,0,0,0,3,1,6,1,11,1299,1,9,3,1
201314B004313,1,19,0,2,0,1,0,0,0,0,3,1,6,1,9,12800,2,6,3,1
201314B004313,2,9,0,18,0,1,0,0,0,0,1,1,3,2,4,1248,1,4,8,2
201314B004613,1,9,0,9,0,1,0,0,0,0,4,1,6,1,11,1968,2,6,5,1
201314B004613,2,9,0,18,0,1,0,0,0,0,1,1,1,1,7,1596,1,4,5,1
201314B005013,1,9,0,18,0,0,2,4,0,0,1,1,4,1,4,999,1,1,1,2
201314B005013,2,9,0,2,0,0,0,0,0,0,1,1,6,3,-1,1329,1,2,3,1
201314B005213,1,9,0,3,0,1,0,0,0,0,1,1,4,1,5,998,1,3,2,1
201314B005213,2,9,0,3,0,1,0,0,0,0,2,1,4,1,6,-1,-1,-1,2,1
201314B005213,3,9,0,3,0,1,0,0,0,0,2,1,4,1,9,1998,1,14,2,1
201314B005313,1,9,0,5,0,6,0,0,0,0,1,1,2,1,8,2497,2,8,9,2
201314B005313,2,9,0,18,0,1,0,0,0,0,1,1,2,2,5,1995,2,4,4,1
201314B005413,1,9,0,10,0,2,0,0,0,0,2,1,4,1,8,1389,1,13,2,1
201314B005413,2,9,0,5,0,6,0,0,0,0,1,1,6,2,-1,-1,-1,-1,2,1
201314B006113,1,3,0,18,0,4,0,0,0,0,2,1,6,1,6,124,1,4,3,2
201314B006113,2,9,0,18,0,4,1,0,0,0,1,1,6,1,4,1229,1,8,1,1
201314B006713,1,9,0,3,0,0,0,0,0,0,3,1,6,2,7,1560,2,2,3,1
201314B006713,2,9,0,1,0,0,0,0,0,0,2,1,6,1,6,1790,1,12,3,1
201314B006813,1,9,0,18,0,0,0,0,0,0,4,1,6,3,-1,-1,-1,-1,-1,-1
201314B006913,1,19,0,18,0,1,1,0,0,0,1,1,1,1,4,2143,2,1,6,1
201314B006913,2,9,0,3,0,1,0,0,0,0,2,1,6,2,5,1995,2,5,5,2
201314B007113,1,8,0,3,0,0,0,0,0,0,3,1,1,1,7,1598,2,1,4,2
201314B007113,2,9,0,18,0,0,0,0,0,0,4,1,1,1,7,1753,2,3,10,1
201314B007113,3,9,0,12,0,0,0,0,0,0,3,1,6,2,6,1398,2,7,8,1
201314B007413,1,9,0,18,0,0,1,0,0,0,4,1,2,2,6,1364,1,5,9,2
201314B007413,2,19,0,2,0,0,0,0,0,0,1,1,6,1,-1,2287,2,5,-1,-1
201314B008013,1,3,0,18,0,0,1,0,0,0,0,1,2,1,5,124,1,3,1,1
201314B008113,1,9,0,1,0,0,0,0,0,0,2,1,6,1,9,1405,1,8,4,1
201314B008213,1,9,0,18,0,0,2,0,0,0,1,1,1,1,5,1242,1,6,5,3
201314B008613,1,9,0,18,0,0,0,0,0,0,1,1,6,3,-1,-1,-1,-1,-1,-1
201314B008813,1,9,0,18,0,0,0,0,0,0,1,1,6,2,7,1390,1,1,5,1
201314B008813,2,1,0,18,0,0,0,0,0,0,1,1,6,1,2,-1,-1,-1,6,1
201314B009013,1,19,0,18,0,0,0,0,0,0,0,1,1,1,7,2143,2,1,9,1
201314B009013,2,1,0,18,9,0,0,0,0,0,0,1,6,1,7,-1,-1,-1,2,1
201314B009513,1,3,0,18,0,0,1,0,0,0,1,1,6,2,6,125,1,3,1,1
201314B009513,2,9,0,5,7,0,0,0,0,0,1,1,6,2,8,1560,2,2,3,1
201314B009713,1,9,0,9,0,1,0,0,0,0,1,1,6,1,11,3498,1,8,3,1
201314B010013,1,9,0,16,0,0,1,0,7,10,0,1,2,2,7,1896,2,10,3,1
201314B010313,1,9,0,7,0,8,0,0,0,0,4,1,6,1,9,998,1,5,5,1
201314B010713,1,9,0,18,0,1,0,0,1,4,1,1,6,2,5,1299,1,12,6,1
201314B011213,1,9,0,9,0,6,0,0,0,0,3,1,6,1,7,1124,1,13,6,1
201314B011213,2,4,0,18,0,1,0,0,0,0,1,1,1,1,7,1402,1,6,9,1
201314B011313,1,9,0,9,0,1,0,0,0,0,1,1,6,1,7,1896,2,10,7,1
201314B011313,2,9,0,16,0,1,1,0,1,0,1,1,6,2,6,1598,1,5,3,1
201314B012113,1,9,0,18,0,8,0,0,0,0,3,1,6,2,9,1587,1,18,4,1
201314B012113,2,1,0,18,0,8,0,0,0,0,1,1,6,1,9,-1,-1,-1,8,3
201314B012413,1,9,0,18,0,1,0,0,0,0,1,1,6,1,4,1596,1,6,9,1
201314B012413,2,9,0,18,0,1,0,0,0,0,1,1,6,1,7,1968,2,6,6,1
201314B012813,1,9,0,5,0,0,0,0,0,0,1,1,1,1,8,1364,1,6,4,1
201314B013013,1,9,0,1,0,0,0,0,0,0,2,1,6,2,10,1560,2,4,5,1
201314B013213,1,9,0,9,0,6,0,0,0,0,3,1,6,1,6,1997,2,5,5,1
201314B013213,2,3,0,18,0,1,0,0,0,0,1,1,6,1,5,124,1,2,3,1
201314B013313,1,9,0,18,0,0,0,0,0,0,1,1,6,1,7,1299,1,9,1,1
201314B013313,2,9,0,9,0,0,0,0,0,0,1,1,6,1,10,1769,1,10,6,1
201314B013413,1,9,0,18,0,1,0,0,0,0,4,1,6,2,7,1360,1,4,8,3
201314B013413,2,1,0,18,0,1,0,0,0,0,1,1,6,1,3,-1,-1,-1,4,1
201314B013813,1,9,0,9,0,1,0,0,0,0,2,1,6,2,7,1399,2,3,6,1
201314B013813,2,9,0,18,0,1,0,0,0,0,1,1,6,1,6,1997,2,6,4,2
201314B013813,3,9,0,18,0,1,0,0,0,0,1,1,6,1,6,-1,-1,-1,7,1
201314B014013,1,9,0,18,0,3,0,0,0,0,1,1,6,1,8,1388,1,9,3,1
201314B014013,2,9,0,18,0,3,0,0,0,0,1,1,1,2,5,1995,2,8,2,1
201314B014113,1,9,0,4,0,2,0,0,0,0,0,1,1,2,5,1229,1,5,3,1
201314B014413,1,9,0,18,0,0,0,0,0,0,1,1,2,1,5,1761,1,12,8,3
201314B014413,2,9,0,18,0,0,0,0,0,0,1,1,6,2,8,2179,2,2,10,2
201314B015113,1,9,0,4,0,0,0,0,0,0,1,1,4,1,5,1242,1,12,4,2
201314B015113,2,9,0,3,0,0,0,0,0,0,2,1,6,2,6,1998,1,10,3,2
201314B015213,1,9,0,3,0,0,0,0,0,0,1,1,1,1,6,1229,1,3,3,1
201314B015413,1,9,0,18,0,1,0,0,0,0,1,1,6,1,10,1388,1,11,1,1
201314B015713,1,9,0,15,0,0,0,0,7,0,1,1,6,2,8,1596,1,2,8,1
201314B015713,2,9,0,10,0,0,0,0,0,0,3,1,1,1,7,1598,2,1,3,1
201314B015813,1,9,0,18,0,0,0,0,0,0,1,1,6,1,6,-1,-1,-1,3,3
201314B015913,1,3,0,16,0,0,0,0,8,10,1,1,2,1,4,125,1,4,5,1
201314B016613,1,3,0,17,0,8,5,0,0,0,1,1,1,1,6,-1,-1,-1,6,3
201314B016613,2,19,0,16,0,8,0,0,0,0,0,1,6,3,-1,-1,-1,-1,-1,-1
201314B016713,1,9,0,16,0,1,0,0,0,0,1,1,6,1,3,3179,1,11,6,1
201314B016713,2,9,0,4,0,1,0,0,0,0,1,1,6,2,7,1870,2,13,5,1
201314B016913,1,9,0,3,0,1,0,0,0,0,2,1,4,2,7,2204,2,4,10,1
201314B016913,2,9,0,4,0,1,0,0,0,0,1,1,4,1,9,2495,2,19,4,1
201314B017213,1,9,0,16,0,1,0,0,1,10,1,1,1,1,5,1124,1,5,7,1
201314B017213,2,9,0,10,0,6,0,0,0,0,2,1,1,2,4,998,1,-1,6,1
201314B017313,1,9,0,18,0,5,0,0,0,0,3,1,6,2,7,1596,1,13,2,1
201314B017313,2,1,0,18,0,6,0,0,0,0,1,1,6,1,3,-1,-1,-1,3,1
201314B017413,1,9,0,18,0,2,0,0,0,0,4,1,4,2,5,1086,1,6,4,1
201314B017413,2,1,0,18,0,2,0,0,0,0,1,1,4,1,7,-1,-1,-1,5,2
201314B017813,1,9,0,18,0,1,1,0,8,10,1,1,6,1,4,1124,1,14,8,3
201314B017913,1,9,0,18,0,1,0,0,0,0,1,1,6,2,11,1396,1,13,9,2
201314B017913,2,9,0,3,0,1,0,0,0,0,2,1,6,2,9,1199,1,9,9,2
201314B017913,3,9,0,3,0,1,0,0,0,0,2,1,6,2,9,1999,1,11,9,2
201314B018013,1,9,0,18,0,0,0,0,0,0,3,1,1,1,8,1968,2,3,8,1
201314B018013,2,21,1,13,0,0,0,0,0,0,4,1,1,1,10,10518,2,6,7,2
201314B018713,1,9,0,9,0,1,5,0,0,0,1,1,6,1,10,1398,1,2,6,1
201314B018713,2,3,0,18,0,1,5,0,0,0,1,1,6,1,5,124,1,2,4,1
201314B018813,1,11,0,4,0,0,0,0,0,0,0,1,1,1,6,8871,2,11,3,2
201314B018813,2,9,0,7,0,0,0,0,0,0,0,1,6,1,7,2179,2,12,3,1
201314B019013,1,9,0,18,0,0,0,0,0,0,1,1,1,1,8,2993,2,4,1,1
201314B019013,2,9,0,18,0,0,0,0,8,10,2,1,6,1,7,1988,1,12,3,2
201314B019213,1,9,0,18,0,8,0,0,7,1,4,1,1,1,10,-1,-1,-1,5,2
201314B019213,2,19,0,18,0,8,0,0,0,0,1,1,1,1,6,2198,2,3,4,1
201314B019613,1,9,0,18,0,0,0,0,0,0,1,1,6,3,-1,-1,-1,-1,-1,-1
201314B019713,1,9,0,18,0,0,0,0,0,0,1,1,6,1,5,998,1,14,9,2
201314B019713,2,9,0,18,0,0,0,0,0,0,2,1,6,1,9,1997,2,1,9,3
201314B019813,1,1,0,18,0,1,0,0,0,0,4,1,4,1,2,-1,-1,-1,2,1
201314B019813,2,1,0,18,0,1,0,0,0,0,4,1,4,1,8,-1,-1,-1,2,1
201314B019813,3,19,0,5,0,1,0,0,0,0,1,1,6,1,-1,1686,2,8,4,1
201314B020213,1,11,0,4,0,0,0,0,0,0,0,1,1,1,7,6871,2,6,1,1
201314B020213,2,9,0,18,0,0,0,0,0,0,0,1,6,1,5,1995,2,7,2,1
201314B020513,1,9,0,13,0,0,0,0,0,0,2,1,6,1,5,1910,2,4,1,2
201314B020513,2,9,0,18,0,0,0,0,0,0,1,1,6,2,6,1598,1,7,4,1
201314B020713,1,9,0,18,0,0,0,0,0,0,1,1,6,1,6,998,1,5,3,1
201314B021013,1,9,0,9,0,8,0,0,0,0,1,1,6,1,6,1896,2,12,2,1
201314B021013,2,9,0,18,0,1,0,0,0,0,1,1,6,1,6,998,1,7,6,1
201314B021413,1,9,0,4,0,0,0,0,0,0,2,1,6,1,6,1149,1,7,8,1
201314B021413,2,9,0,18,0,0,0,0,0,0,1,1,6,1,8,1753,2,10,6,1
201314B021513,1,9,0,18,0,3,0,0,0,0,3,1,6,1,4,2401,2,9,1,2
201314B021513,2,9,0,18,0,3,0,0,0,0,4,1,6,1,4,1390,1,5,4,1
201314B021813,1,3,0,17,0,0,0,0,0,0,1,1,6,1,4,124,1,12,2,1
201314B021913,1,9,0,18,0,0,0,0,0,0,1,1,6,2,7,1896,2,7,4,1
201314B022013,1,9,0,1,0,0,0,0,1,10,2,1,6,2,9,1596,1,-1,9,2
201314B022113,1,9,0,16,0,0,0,0,0,0,4,1,6,2,6,1794,1,6,2,1
201314B022213,1,1,0,18,0,1,0,0,0,0,2,1,6,1,7,-1,-1,-1,2,1
201314B022213,2,9,0,18,0,1,0,0,0,0,1,1,1,2,9,1299,1,11,4,1
201314B022313,1,11,0,5,0,1,0,0,0,0,4,1,1,1,8,4250,2,10,3,1
201314B022313,2,9,0,12,0,8,0,0,0,0,3,1,6,3,-1,-1,-1,-1,-1,-1
201314B022513,1,9,0,17,0,0,1,0,0,0,1,1,1,1,7,-1,-1,-1,1,2
201314B022513,2,9,0,16,0,0,2,0,7,10,1,1,6,1,7,1997,2,11,5,1
201314B022513,3,9,0,16,0,0,1,0,0,0,1,1,6,1,7,2000,2,3,4,1
201314B023013,1,19,0,18,0,0,0,0,0,0,1,1,6,2,5,1997,2,6,8,1
201314B023013,2,9,0,18,0,0,0,0,0,0,2,1,6,2,5,1896,2,9,3,2
201314B023113,1,3,0,18,0,0,0,0,0,0,1,1,1,1,6,-1,-1,-1,1,1
201314B023113,2,3,0,2,0,0,0,0,0,0,2,1,6,2,6,-1,-1,-1,7,1
201314B023513,1,9,0,18,0,0,0,0,0,0,1,1,6,1,7,1910,2,5,5,1
201314B023513,2,9,0,18,0,0,0,0,0,0,1,1,6,1,7,2393,1,13,5,1
201314B023713,1,9,0,4,0,0,0,0,0,0,3,1,6,2,9,2497,1,14,3,2
201314B023813,1,16,0,18,0,0,0,0,0,0,0,1,6,2,5,-1,-1,-1,2,1
201314B023813,2,9,0,18,0,0,0,0,0,0,0,1,6,3,-1,-1,-1,-1,-1,-1
201314B023913,1,9,0,18,0,1,0,0,0,0,3,1,1,1,6,1988,1,13,2,1
201314B023913,2,21,0,9,0,1,0,0,0,0,4,1,1,1,7,-1,-1,-1,7,3
201314B024313,1,9,0,18,0,0,5,0,0,0,1,1,6,2,6,1998,2,8,2,1
201314B024513,1,22,0,18,9,1,0,0,0,0,1,1,6,1,11,-1,-1,-1,7,1
201314B024713,1,9,0,18,0,0,0,0,0,0,1,1,6,2,7,1896,2,15,3,1
201314B024713,2,9,0,18,0,0,0,0,0,0,2,1,6,1,7,1587,1,7,4,1
201314B024813,1,3,0,18,0,1,1,0,0,0,0,1,6,1,5,124,1,13,3,1
201314B024813,2,9,0,9,0,6,0,0,0,0,0,1,6,3,-1,-1,-1,-1,-1,-1
201314B025313,1,9,0,18,0,2,0,0,0,0,4,1,6,1,8,1997,2,-1,7,1
201314B025313,2,1,0,18,0,1,0,0,0,0,1,1,6,1,3,-1,-1,-1,1,2
201314B025413,1,11,0,18,0,0,0,0,0,0,0,1,1,1,9,4250,2,12,2,1
201314B025613,1,3,0,18,0,1,0,0,0,0,1,1,6,1,5,125,1,-1,6,1
201314B025613,2,9,0,18,0,1,0,0,0,0,1,1,6,1,-1,1998,2,9,9,1
201314B025713,1,9,0,18,0,0,0,0,0,0,2,1,6,2,9,1597,7,3,1,1
201314B026113,1,9,0,18,0,0,1,0,0,2,1,1,6,1,7,1587,1,11,2,1
201314B026113,2,9,0,9,0,0,0,0,0,0,0,1,6,1,10,1360,1,14,3,1
201314B027013,1,11,0,18,0,1,0,0,0,0,0,1,1,2,7,4250,2,11,4,1
201314B027113,1,9,0,14,0,0,0,0,0,0,4,1,6,1,7,1968,2,5,1,1
201314B027113,2,11,0,2,0,0,0,0,0,0,0,1,1,1,7,9000,2,1,1,1
201314B027313,1,9,0,9,0,6,0,0,0,0,3,1,6,2,11,1796,1,6,6,1
201314B027313,2,9,0,18,0,1,0,0,0,0,1,1,6,2,8,1997,2,9,7,3
201314B027413,1,9,0,18,0,1,0,0,0,0,1,1,6,1,6,2157,1,13,3,1
201314B027513,1,11,0,18,0,0,0,0,0,0,0,1,1,1,7,6700,2,4,5,1
201314B027613,1,9,0,18,0,0,0,0,0,0,1,1,6,1,10,1587,1,8,1,3
201314B028113,1,11,0,5,0,4,0,0,0,0,1,1,1,2,7,4250,2,10,5,1
201314B028113,2,9,0,5,0,4,0,0,0,0,2,1,6,2,6,-1,-1,-1,-1,-1
201314B028413,1,9,0,3,0,0,0,0,0,0,1,1,6,1,6,1596,1,8,7,1
201314B028413,2,2,0,4,0,0,0,0,0,0,0,1,6,1,4,-1,-1,-1,2,1
201314B028613,1,9,0,5,0,8,0,0,0,0,3,1,2,1,6,1870,2,10,2,1
201314B028613,2,2,0,13,0,8,0,0,0,0,1,1,6,1,3,-1,-1,-1,1,2
201314B028813,1,9,0,18,0,0,1,0,5,6,0,1,2,2,5,1299,1,10,5,1
201314B028813,2,19,0,12,0,0,0,0,0,0,0,1,6,3,-1,-1,-1,-1,-1,-1
201314B029013,1,9,0,18,0,8,0,0,0,0,1,1,2,1,7,2231,2,7,2,1
201314B029013,2,2,0,17,0,8,0,0,0,0,2,1,2,1,4,49,1,10,8,1
201314B029113,1,9,0,14,0,0,0,0,0,0,3,1,6,2,6,799,2,3,1,1
201314B029213,2,90,0,18,0,0,1,0,0,0,0,1,6,1,5,-1,-1,-1,-1,-1
201314B029413,1,9,0,16,0,0,5,0,7,2,4,1,6,1,5,1761,1,11,1,2
201314B029713,1,9,0,18,0,0,0,0,4,2,1,1,6,1,11,1587,1,18,4,1
201314B030013,1,8,0,16,0,0,0,0,0,0,3,1,1,1,6,1560,2,2,9,1
201314B030013,2,3,0,17,0,0,0,0,0,0,3,1,2,1,4,124,1,-1,6,1
201314B030113,1,2,0,18,0,8,0,0,0,0,1,1,6,2,8,49,1,1,1,1
201314B030113,2,9,0,18,0,8,0,0,0,0,1,1,1,1,7,1360,1,10,1,1
201314B030413,1,9,0,2,0,0,0,0,0,0,1,1,1,2,6,2231,2,7,-1,-1
201314B030413,2,9,0,1,0,0,0,0,0,0,2,1,6,1,-1,1242,1,2,-1,-1
201314B030813,1,19,0,18,0,6,0,0,0,0,1,1,1,1,6,2148,2,9,2,1
201314B030913,1,9,0,9,0,5,0,0,0,0,1,1,6,1,9,1398,1,3,9,1
201314B030913,2,1,0,18,0,8,5,0,0,0,2,1,6,1,6,-1,-1,-1,9,3
201314B031013,1,9,0,7,0,8,0,10,1,1,1,1,6,2,4,1598,1,9,3,1
201314B031613,1,9,0,7,0,2,0,0,1,10,1,1,6,2,4,1242,1,9,2,1
201314B031813,1,9,0,18,0,8,0,0,0,0,4,1,6,1,4,1246,1,5,6,1
201314B031813,2,11,0,18,0,8,0,0,0,0,1,1,2,1,6,7300,2,7,2,1
201314B031913,1,11,0,18,0,0,0,0,0,0,4,1,1,2,8,4250,2,12,2,1
201314B032013,1,9,0,18,0,1,0,0,0,0,3,1,1,2,5,998,1,5,2,2
201314B032013,2,9,0,10,0,1,0,0,0,0,4,1,6,1,6,1679,1,12,1,1
201314B032113,1,19,0,2,0,0,0,0,0,0,1,1,6,1,5,2143,2,-1,3,1
201314B032113,2,9,0,2,0,0,0,0,0,0,1,1,6,2,5,1242,1,8,2,1
201314B032113,3,9,0,16,0,0,1,0,0,0,1,1,6,1,4,1598,1,14,6,1
201314B032613,1,9,0,18,0,1,0,0,0,0,1,1,6,2,6,1149,1,5,9,2
201314B032613,2,9,0,18,0,1,0,0,1,0,4,1,6,2,11,1299,1,8,9,3
201314B032913,1,3,0,18,0,8,0,0,0,0,1,1,6,2,4,124,1,9,6,1
201314B032913,2,9,0,18,0,8,0,0,0,0,2,1,6,2,4,1149,1,10,4,1
201314B033013,1,9,0,2,0,0,0,0,0,0,3,1,6,1,5,1396,1,9,-1,-1
201314B033013,2,11,0,18,0,0,0,0,0,0,4,1,6,1,9,5883,2,11,2,1
201314B033313,1,9,0,18,0,0,0,0,0,0,1,1,6,1,4,998,1,3,7,3
201314B033313,2,9,0,3,0,0,0,0,0,0,2,1,1,2,5,1595,2,3,5,1
201314B033413,1,9,0,17,0,8,0,0,0,0,3,1,6,2,7,1582,2,-1,9,2
201314B033413,2,9,0,17,0,3,0,0,0,0,4,1,2,2,7,1796,1,10,3,1
201314B034013,1,9,0,9,0,5,0,0,0,0,3,1,6,2,7,1364,1,8,1,1
201314B034013,2,3,0,18,0,5,0,0,0,0,1,1,6,3,-1,-1,-1,-1,-1,-1
201314B034113,1,9,0,9,0,8,0,0,0,0,3,1,6,2,8,1560,2,6,5,1
201314B034113,2,2,0,9,0,8,0,0,0,0,0,1,6,1,-1,49,1,3,5,1
201314B034613,1,9,0,4,0,2,0,0,0,0,2,1,6,1,5,1349,1,4,2,1
201314B034613,2,9,0,4,0,2,0,0,0,0,2,1,6,1,4,1390,1,6,6,1
201314B034613,3,9,0,18,0,0,0,0,0,0,1,1,2,2,8,1998,1,7,6,1
201314B034813,1,9,0,18,0,0,0,0,0,0,1,1,6,1,7,1598,1,13,6,3
201314B035013,1,9,0,5,0,0,0,0,0,0,1,1,6,2,5,1248,2,5,3,1
201314B035013,2,9,0,18,0,0,0,0,0,0,4,1,6,1,6,-1,-1,-1,9,3
201314B035013,3,9,0,-1,0,0,0,0,0,0,2,1,6,1,9,1124,1,13,4,1
201314B035213,1,9,0,18,0,2,0,0,0,0,0,1,6,1,9,1998,1,6,7,3
201314B035213,2,3,0,18,0,1,0,0,0,0,0,1,6,1,4,124,1,1,8,2
201314B035313,1,11,0,5,0,1,0,0,0,0,1,1,1,1,7,6871,2,6,4,3
201314B035313,2,9,0,7,0,1,0,0,0,0,2,1,6,1,-1,1149,1,8,4,1
201314B035513,1,21,0,5,0,2,0,0,0,0,3,1,1,1,8,12777,2,3,1,1
201314B035713,1,9,0,3,0,0,0,0,0,0,3,1,6,1,10,1794,1,11,9,1
201314B035713,2,9,0,7,0,0,0,0,0,0,2,1,6,1,9,1240,1,7,6,1
201314B035813,1,21,0,18,0,2,0,0,0,0,1,1,1,1,7,8970,2,6,5,1
201314B035913,1,9,0,1,0,0,0,0,0,0,2,1,1,1,8,1598,2,1,4,2
201314B035913,2,9,0,18,0,0,0,0,0,0,1,1,6,2,7,1598,1,7,6,2