Accident_Index,Vehicle_Reference,Vehicle_Type,Towing_and_Articulation,Vehicle_Manoeuvre,Vehicle_Location-Restricted_Lane,Junction_Location,Skidding_and_Overturning,Hit_Object_in_Carriageway,Vehicle_Leaving_Carriageway,Hit_Object_off_Carriageway,1st_Point_of_Impact,Was_Vehicle_Left_Hand_Drive?,Journey_Purpose_of_Driver,Sex_of_Driver,Age_Band_of_Driver,Engine_Capacity_(CC),Propulsion_Code,Age_of_Vehicle,Driver_IMD_Decile,Driver_Home_Area_Type
201314C061213,3,9,0,18,0,1,1,0,0,0,1,1,6,1,8,1997,2,1,10,1
201314C061413,1,9,0,12,0,0,0,0,0,0,1,1,6,2,4,1299,1,11,5,1
201314C062013,1,9,0,18,0,0,0,0,0,0,2,1,6,1,7,1910,2,8,1,1
201314C062013,2,9,0,18,0,0,0,0,0,0,1,1,6,2,4,1248,2,9,1,1
201314C062013,3,19,0,18,0,0,0,0,0,0,1,1,1,2,-1,-1,-1,-1,-1,-1
201314C062213,1,1,0,18,0,0,0,0,0,0,1,1,6,1,9,-1,-1,-1,3,1
201314C062213,2,9,0,9,0,0,0,0,0,0,3,1,6,1,7,1995,1,4,3,2
201314C062513,1,9,0,18,0,0,1,0,4,6,3,1,1,2,7,1086,1,8,7,1
201314C062513,2,21,1,11,0,0,0,0,0,0,4,1,1,1,9,10518,2,5,9,3
201314C062513,3,9,0,18,0,0,0,0,0,0,1,1,6,1,9,1988,1,12,4,1
201314C062713,1,9,0,18,0,0,0,0,0,0,3,1,6,1,-1,2987,2,2,7,1
201314C062813,1,9,0,9,0,1,0,0,0,0,1,1,6,2,5,1388,1,10,5,1
201314C062813,2,9,0,7,0,0,0,0,0,0,1,1,6,1,7,2993,2,6,1,1
201314C063013,1,9,0,18,0,0,1,0,2,0,1,1,6,1,7,1995,2,1,10,1
201314C063013,2,9,0,18,0,0,2,0,0,1,2,1,6,1,6,1986,2,7,9,3
201314C063113,1,9,0,18,0,1,0,0,0,0,1,1,6,1,5,1149,1,10,1,2
201314C063313,1,9,0,18,0,2,0,0,0,0,1,1,6,2,5,1299,1,14,4,3
201314C063313,2,9,0,9,0,2,0,0,0,0,4,1,6,2,6,973,1,14,1,1
201314C063713,1,9,0,2,0,0,0,0,0,0,2,1,6,1,6,1896,2,12,1,1
201314C063713,2,9,0,18,0,0,0,0,0,0,1,1,6,1,7,-1,-1,-1,5,1
201314C064113,1,19,0,11,0,0,0,0,0,0,1,1,1,1,9,-1,-1,-1,7,1
201314C064113,2,9,0,18,0,0,1,0,0,0,2,1,4,1,9,1997,2,8,2,1
201314C064113,3,9,0,13,0,0,1,0,0,0,1,1,6,1,7,1896,2,6,9,1
201314C064213,1,9,0,3,0,1,0,0,0,0,2,1,6,1,7,-1,-1,-1,4,1
201314C064213,2,9,0,3,0,1,0,0,0,0,2,1,6,1,7,-1,-1,-1,3,1
201314C064213,3,9,0,18,0,1,0,0,0,0,1,1,6,2,6,-1,-1,-1,2,1
201314C064313,1,9,0,9,0,2,0,0,0,0,1,1,1,1,9,1339,1,8,7,1
201314C064313,2,9,0,10,0,2,0,0,0,0,2,1,6,1,8,1686,2,2,1,1
201314C064413,1,19,0,18,0,0,0,2,0,0,1,1,1,1,9,-1,-1,-1,8,3
201314C064413,2,9,0,18,0,0,0,2,0,0,3,1,1,1,7,1560,2,6,4,1
201314C064713,1,9,0,18,0,8,0,0,0,0,1,1,6,1,9,1762,1,16,2,1
201314C064713,2,9,0,3,0,8,0,0,0,0,2,1,6,2,6,1679,1,14,4,1
201314C064913,1,9,0,3,0,0,0,0,0,0,2,1,6,2,6,1800,1,14,1,1
201314C064913,2,9,0,18,0,0,0,0,0,0,0,1,6,3,-1,-1,-1,-1,-1,-1
201314C065013,1,9,0,18,0,8,0,0,0,0,4,1,6,2,7,1560,2,1,1,1
201314C065013,2,9,0,18,0,8,0,0,0,0,1,1,6,1,5,-1,-1,-1,4,1
201314C065413,1,11,0,5,0,0,0,0,0,0,0,1,1,1,8,3900,2,7,3,1
201314C065713,1,5,0,18,0,1,0,0,0,0,1,1,2,1,9,-1,-1,-1,8,1
201314C065713,2,9,0,5,0,0,0,0,0,0,3,1,6,2,9,1388,1,3,3,1
201314C065913,1,9,0,16,0,1,0,0,0,0,4,1,6,2,6,1242,1,12,2,1
201314C065913,2,1,0,4,9,6,0,0,0,0,1,1,6,1,6,-1,-1,-1,1,1
201314C066713,1,9,0,18,0,0,0,0,0,0,1,1,2,1,7,1968,2,5,5,1
201314C067013,1,9,0,4,0,4,0,0,0,0,2,1,6,1,8,1997,2,7,6,1
201314C067013,2,9,0,18,0,4,0,0,0,0,1,1,6,2,4,973,1,11,6,1
201314C067113,1,9,0,16,0,8,5,0,0,0,1,1,6,1,5,-1,-1,-1,4,1
201314C067113,2,9,0,13,0,0,0,0,0,0,1,1,6,1,5,1896,2,13,4,1
201314C067113,3,9,0,18,0,0,0,0,0,0,1,1,6,3,-1,-1,-1,-1,-1,-1
201314C067313,1,9,0,18,0,2,0,0,0,0,4,1,6,2,4,1299,1,12,4,1
201314C067813,1,1,0,17,0,0,0,0,0,0,1,1,6,1,4,-1,-1,-1,6,3
201314C067813,2,8,0,16,0,0,0,0,0,0,1,1,6,3,-1,-1,-1,-1,-1,-1
201314C068113,1,9,0,18,0,8,0,0,0,0,4,1,6,1,5,1997,2,12,1,1
201314C068113,2,9,0,9,0,6,0,0,0,0,1,1,6,1,7,2993,2,1,3,1
201314C068213,1,9,0,4,0,0,0,0,0,0,2,1,6,1,9,1968,2,7,2,1
201314C068213,2,1,0,18,0,0,0,0,0,0,1,1,6,1,9,-1,-1,-1,3,1
201314C068413,1,9,0,4,0,0,0,0,0,0,2,1,6,1,10,2698,2,7,4,2
201314C068413,2,9,0,11,0,0,0,0,0,0,1,1,6,1,6,1598,1,10,7,1
201314C068513,1,1,0,18,0,8,0,0,0,0,1,1,6,1,7,-1,-1,-1,8,1
201314C068513,2,9,0,9,0,6,0,0,0,0,4,1,6,1,10,2179,2,-1,5,1
201314C068713,1,9,0,5,0,3,0,0,0,0,2,1,6,1,7,-1,3,-1,3,1
201314C068713,2,9,0,5,0,3,0,0,0,0,1,1,6,1,5,1240,1,9,3,1
201314C069413,1,9,0,7,0,8,1,0,1,10,4,1,6,1,4,1399,2,6,3,1
201314C069613,1,9,0,18,0,1,0,0,0,0,1,1,6,2,6,1560,2,1,5,1
201314C069613,2,9,0,7,0,1,0,0,0,0,1,1,6,2,6,1587,1,7,1,1
201314C070213,1,9,0,18,0,0,0,0,1,2,1,1,6,1,6,1781,1,23,1,1
201314C070213,2,9,0,7,0,0,0,0,0,0,1,1,6,2,5,1242,1,5,3,1
201314C070213,3,9,0,4,0,0,0,0,0,0,1,1,6,1,5,1242,1,15,1,2
201314C070313,1,9,0,4,0,0,0,0,0,0,2,1,6,2,8,1968,2,2,6,3
201314C070313,2,9,0,18,0,1,0,0,0,0,1,1,6,2,9,998,1,6,7,1
201314C070413,1,9,0,18,0,8,0,0,0,0,1,1,6,1,7,1781,1,10,4,2
201314C070413,2,9,0,18,0,8,5,0,1,10,4,1,2,2,5,1686,2,6,2,2
201314C070613,1,1,0,18,0,0,0,0,0,0,4,1,6,1,4,-1,-1,-1,4,1
201314C070613,2,9,0,7,0,0,0,0,0,0,1,1,6,3,-1,-1,-1,-1,-1,-1
201314C070813,1,20,0,18,0,1,0,0,0,0,1,1,1,1,5,-1,-1,-1,1,1
201314C070813,2,9,0,18,0,1,0,0,0,0,2,1,6,1,6,1390,1,15,2,1
201314C071313,1,9,0,18,0,8,0,0,0,0,1,1,6,1,8,1598,2,2,2,1
201314C071413,1,1,0,18,0,6,0,0,0,0,1,1,6,1,2,-1,-1,-1,1,1
201314C071413,2,9,0,18,0,1,0,0,0,0,3,1,6,3,-1,-1,-1,-1,-1,-1
201314C071513,1,9,0,2,0,1,0,0,0,0,2,1,6,1,-1,998,1,2,7,1
201314C071513,2,9,0,18,0,2,0,0,0,0,1,1,6,3,-1,1598,1,14,-1,-1
201314C071613,1,9,0,18,0,0,1,0,1,3,1,1,2,1,5,1360,1,11,2,2
201314C071613,2,4,0,14,0,0,0,0,0,0,1,1,6,3,-1,-1,-1,-1,-1,-1
201314C071713,1,9,0,3,0,0,0,0,0,0,2,1,3,1,6,1396,1,5,8,2
201314C071713,2,9,0,18,0,0,0,0,0,0,1,1,6,3,-1,-1,-1,-1,-1,-1
201314C071913,1,9,0,6,8,6,0,0,0,0,3,1,2,2,6,1598,1,5,1,1
201314C071913,2,9,0,18,0,8,0,0,0,0,1,1,6,2,7,1910,2,4,3,1
201314C072213,1,9,0,14,0,0,0,0,0,0,1,1,1,2,6,1560,2,2,5,1
201314C072313,1,9,0,18,0,1,0,0,0,0,1,1,6,2,8,1242,1,1,4,2
201314C072313,2,9,0,9,0,1,0,0,0,0,4,1,6,2,7,1910,2,10,7,2
201314C072713,1,9,0,4,0,1,0,0,0,0,1,1,6,1,6,1956,2,1,7,3
201314C072813,1,9,0,18,0,0,0,0,0,0,4,1,6,1,8,1968,2,7,4,1
201314C073313,1,20,0,5,0,4,0,0,0,0,1,1,2,1,5,-1,-1,-1,10,1
201314C073313,2,9,0,4,0,4,0,0,0,0,2,1,6,2,10,1796,1,8,6,1
201314C073713,1,9,0,18,0,0,0,0,0,0,4,1,6,1,6,1995,1,8,7,1
201314C073713,2,9,0,18,0,0,0,0,0,0,3,1,6,1,6,1762,1,13,2,1
201314C074213,1,9,0,5,0,6,0,0,0,0,0,1,2,1,6,-1,-1,-1,5,1
201314C074213,2,3,0,18,0,1,2,0,0,0,4,1,6,1,5,125,1,51,1,1
201314C074313,1,9,0,9,0,8,0,0,0,0,3,1,6,2,9,1299,1,7,2,1
201314C074313,2,3,0,13,0,8,0,0,0,0,1,1,6,1,6,125,1,21,4,1
201314C074413,1,9,0,16,0,0,0,0,0,0,1,1,6,1,11,1560,2,3,4,1
201314C074413,2,9,0,17,0,0,1,0,0,0,2,1,6,1,7,1794,1,9,8,1
201314C074713,1,9,0,5,0,0,0,0,0,0,1,1,6,1,8,1120,2,-1,6,2
201314C074913,1,9,0,18,0,1,0,10,7,0,4,1,6,1,4,1596,1,11,3,1
201314C074913,2,9,0,5,9,6,0,0,0,0,3,1,6,2,7,1560,2,2,2,1
201314C075013,1,9,0,18,0,0,0,0,0,0,4,1,6,3,-1,-1,-1,-1,-1,-1
201314C075113,1,9,0,18,0,0,0,0,0,0,2,1,6,2,8,1596,1,4,9,1
201314C075113,2,9,0,18,0,0,0,0,0,0,1,1,6,1,5,1896,2,13,2,1
201314C075213,1,9,0,7,0,1,0,0,0,0,3,1,6,2,6,1199,1,12,1,1
201314C075213,2,9,0,18,0,1,0,0,0,0,1,1,6,3,-1,-1,-1,-1,-1,-1
201314C075313,1,5,0,7,0,8,1,0,0,0,1,1,6,1,6,599,1,14,9,1
201314C075613,1,9,0,16,0,1,0,0,0,0,1,1,6,1,-1,1396,1,13,1,1
201314C075613,2,9,0,17,0,1,0,0,0,0,1,1,6,1,11,1299,1,11,1,1
201314C075713,1,9,0,18,0,1,0,0,1,10,1,1,6,1,4,1124,1,12,2,1
201314C075713,2,9,0,5,0,8,0,0,0,0,1,1,6,1,11,2400,2,3,7,1
201314C075713,3,9,0,3,0,1,0,0,0,0,1,1,6,1,5,1364,1,6,1,1
201314C075813,1,9,0,18,0,1,0,0,0,0,2,1,6,1,5,1997,2,9,6,1
201314C075813,2,9,0,18,0,1,0,0,0,0,1,1,6,1,6,1995,2,12,1,1
201314C075813,3,9,0,9,0,5,0,0,0,0,0,1,6,3,-1,-1,-1,-1,-1,-1
201314C075913,1,9,0,18,0,1,0,0,0,0,1,1,6,1,9,1870,2,5,5,1
201314C076113,1,9,0,9,0,8,0,0,0,0,1,1,4,2,10,1339,8,5,5,1
201314C076113,2,9,0,18,0,8,0,0,0,0,1,1,4,1,7,1968,2,3,7,1
201314C076713,1,9,0,4,0,0,0,0,0,0,1,1,1,1,7,-1,-1,-1,1,1
201314C076713,2,22,0,18,0,0,0,0,0,0,1,1,4,2,10,-1,-1,-1,1,1
201314C077013,1,9,0,18,0,0,0,0,0,0,1,1,6,1,6,1896,2,12,2,1
201314C077013,2,9,0,18,0,0,0,0,0,0,2,1,6,2,9,1399,2,2,6,1
201314C077113,1,9,0,18,0,8,0,6,3,10,1,1,1,1,6,-1,-1,-1,3,1
201314C077213,1,9,0,6,0,0,0,0,0,0,2,1,6,2,8,1388,1,10,3,1
201314C077213,2,5,0,18,0,0,0,0,0,0,1,1,6,1,4,599,1,13,7,1
201314C077313,1,9,0,5,0,0,0,0,0,0,1,1,2,1,9,-1,-1,-1,9,1
201314C077313,2,9,0,5,0,0,0,0,0,0,2,1,2,2,4,998,1,6,6,1
201314C077913,1,9,0,17,0,0,2,0,1,1,1,1,6,1,5,1199,1,11,2,1
201314C078213,1,9,0,18,0,0,0,0,0,0,2,1,6,2,6,1995,2,7,5,1
201314C078213,2,9,0,18,0,0,0,0,0,0,1,1,6,2,5,1364,2,5,4,1
201314C078713,1,9,0,16,0,0,0,0,0,0,1,1,6,2,6,1596,1,12,5,1
201314C078713,2,9,0,17,0,0,1,0,0,0,2,1,6,1,5,1598,1,13,4,1
201314C078913,1,9,0,14,0,0,0,0,0,0,1,1,6,1,8,1360,1,12,5,1
201314C079213,1,9,0,18,0,1,0,0,0,0,1,1,6,1,5,1998,1,4,8,1
201314C079513,1,9,0,9,0,1,0,0,0,0,3,1,6,1,7,1998,2,5,2,1
201314C079513,2,9,0,9,0,0,0,0,0,0,1,1,6,1,-1,1896,2,11,2,1
201314C079813,1,9,0,4,0,1,0,0,0,0,2,1,6,1,7,1910,2,7,2,1
201314C079813,2,9,0,18,0,1,0,0,0,0,1,1,6,1,10,1341,1,15,1,1
201314C079913,1,9,0,18,0,0,0,0,0,0,1,1,6,2,7,1598,1,12,2,1
201314C079913,2,9,0,2,0,0,0,0,0,0,2,1,6,2,9,1560,2,-1,2,1
201314C080313,1,21,1,12,0,8,0,0,0,0,1,1,1,1,7,-1,-1,-1,-1,-1
201314C080313,2,9,0,3,0,8,0,0,0,0,4,1,6,1,8,1956,2,-1,3,1
201314C080413,1,21,0,17,0,0,0,0,0,0,1,1,1,1,9,10518,2,7,8,3
201314C080413,2,9,0,17,0,0,0,0,0,0,1,1,6,1,5,995,1,8,2,1
201314C080513,1,3,0,18,0,5,1,0,0,0,0,1,6,1,7,124,1,4,6,1
201314C080813,1,9,0,18,0,0,0,0,0,0,3,1,6,1,5,1910,2,8,4,1
201314C080813,2,9,0,18,0,0,0,0,0,0,3,1,6,3,-1,1343,1,10,-1,-1
201314C081013,1,9,0,9,0,8,0,0,0,0,3,1,6,1,9,1560,2,2,1,1
201314C081013,2,3,0,18,0,1,5,0,0,0,1,1,6,1,4,124,1,1,1,1
201314C081113,1,1,0,18,0,1,0,0,0,0,1,1,6,1,4,-1,-1,-1,5,1
201314C081113,2,9,0,13,0,1,0,0,0,0,4,1,6,3,-1,-1,-1,-1,-1,-1
201314C081213,1,9,0,5,0,5,1,0,0,0,1,1,6,1,6,1598,1,13,1,1
201314C081213,2,9,0,2,0,2,0,0,0,0,2,1,6,2,7,1896,2,10,5,2
201314C081813,1,9,0,9,0,1,1,0,0,0,3,1,6,2,6,1896,2,12,3,1
201314C081813,2,9,0,13,0,1,0,0,0,0,1,1,6,1,4,1149,1,10,1,1
201314C082513,1,9,0,9,0,8,0,0,0,0,4,1,6,1,4,1198,1,8,6,1
201314C082513,2,9,0,18,0,8,0,0,0,0,3,1,1,2,9,1397,1,12,1,1
201314C082613,1,21,0,18,0,0,0,0,0,0,1,1,1,1,9,7790,2,6,2,2
201314C082613,2,8,0,3,0,0,0,0,0,0,1,1,1,1,8,-1,-1,-1,2,1
201314C082613,3,9,0,3,0,0,0,0,0,0,2,1,1,1,8,1956,2,-1,6,1
201314C083013,1,9,0,18,0,1,0,0,0,0,1,1,6,1,9,1870,2,11,7,2
201314C083013,2,9,0,9,0,6,0,0,0,0,3,1,2,2,7,1390,1,2,5,3
201314C083313,1,9,0,18,0,1,0,0,0,0,1,1,6,2,9,-1,-1,-1,4,1
201314C083313,2,9,0,16,0,3,1,0,0,0,1,1,6,1,7,-1,-1,-1,1,1
201314C083713,1,9,0,18,0,8,0,0,0,0,1,1,6,1,7,1998,1,10,2,1
201314C083713,2,9,0,3,0,8,0,0,0,0,2,1,6,1,8,1598,1,7,5,1
201314C084113,1,9,0,18,0,8,0,0,0,0,3,1,6,2,10,1388,1,8,8,1
201314C084113,2,9,0,18,0,8,0,0,0,0,4,1,6,2,8,2495,2,10,2,1
201314C084613,1,9,0,18,0,1,0,0,0,0,2,1,2,1,6,1753,2,14,1,1
201314C084613,2,9,0,18,0,4,0,0,0,0,1,1,6,1,8,-1,-1,-1,2,1
201314C084813,1,20,0,18,0,2,0,0,0,0,4,1,1,1,7,3920,2,8,1,1
201314C085213,1,20,0,4,6,0,0,0,0,0,0,1,1,1,5,-1,2,15,6,1
201314C085213,2,9,0,18,0,0,0,11,0,0,1,1,6,2,5,1124,1,12,4,1
201314C085313,1,21,1,11,0,0,0,0,0,0,4,1,1,1,8,10518,2,4,6,1
201314C085313,2,9,0,18,0,0,2,0,1,0,3,1,1,1,7,1968,2,2,5,1
201314C085413,1,11,0,18,0,2,1,0,0,0,0,1,1,1,9,9600,2,15,1,1
201314C085513,1,9,0,10,0,1,0,0,0,0,2,1,6,1,6,1582,2,1,10,1
201314C085513,2,9,0,18,0,1,0,0,0,0,1,1,6,1,6,-1,-1,-1,2,3
201314C085613,1,3,0,7,0,5,2,0,0,0,1,1,6,1,6,-1,-1,-1,7,1
201314C085613,2,9,0,18,0,1,0,0,0,0,3,1,6,1,9,973,1,10,2,1
201314C085713,1,9,0,5,0,8,0,0,0,0,4,1,6,1,8,1598,1,8,5,1
201314C085713,2,9,0,18,0,8,0,0,1,0,3,1,6,2,8,1968,2,2,1,1
201314C086113,1,9,0,18,0,1,0,0,0,0,3,1,6,2,8,1364,1,3,2,1
201314C086113,2,9,0,12,0,1,0,0,0,0,2,1,6,1,5,1198,1,10,5,1
201314C086113,3,9,0,18,0,1,0,0,0,0,1,1,6,2,5,1149,1,11,1,2
201314C086313,1,9,0,18,0,0,0,0,0,0,1,1,6,2,9,2497,2,8,10,1
201314C086413,1,9,0,18,0,1,0,0,0,0,2,1,6,2,8,1798,1,8,5,1
201314C086413,2,9,0,18,0,1,0,0,0,0,1,1,6,1,9,-1,-1,-1,2,1
201314C086513,1,9,0,12,0,7,1,0,1,4,3,1,6,1,5,1242,1,3,6,1
201314C086513,2,9,0,18,0,2,2,0,1,4,4,1,6,2,7,1596,1,11,5,1
201314C086513,3,9,0,18,0,2,0,0,0,0,4,1,6,1,9,2231,2,1,1,1
201314C086613,1,9,0,18,0,0,1,0,1,7,1,1,6,1,7,1590,1,9,7,3
201314C086713,1,1,0,18,0,1,0,0,0,0,2,1,6,1,6,-1,-1,-1,1,1
201314C086713,2,9,0,18,0,1,0,0,0,0,2,1,6,1,9,998,1,-1,1,1
201314C086813,1,9,0,18,0,8,0,0,0,0,4,1,6,2,8,1582,2,5,5,2
201314C086813,2,9,0,2,0,8,0,0,0,0,1,1,6,1,7,-1,-1,-1,7,1
201314C086813,3,9,0,2,0,8,0,0,0,0,2,1,1,1,-1,1248,2,1,1,1
201314C086913,1,9,0,18,0,8,0,0,0,0,1,1,4,1,11,1997,2,10,3,1
201314C086913,2,9,0,18,0,6,0,0,0,0,4,1,4,1,6,1199,1,12,2,2
201314C087013,1,9,0,17,0,0,0,0,0,0,3,1,6,1,4,1149,1,10,7,1
201314C087013,2,9,0,16,0,0,1,0,0,0,3,1,6,2,6,1364,1,9,2,1
201314C087213,1,9,0,9,0,8,0,0,0,0,1,1,6,2,8,-1,-1,-1,7,1
201314C087213,2,19,0,18,0,8,0,0,0,0,1,1,1,1,6,2496,2,16,4,2
201314C087413,1,9,0,18,0,4,0,0,0,0,1,1,6,1,5,-1,-1,-1,1,1
201314C087413,2,9,0,5,0,4,0,0,0,0,3,1,6,1,7,998,1,-1,4,1
201314C087613,1,5,0,17,0,0,0,0,0,0,1,1,6,1,5,-1,-1,-1,4,1
201314C087613,2,9,0,18,0,0,0,0,0,0,1,1,6,2,6,1596,1,12,3,1
201314C087713,1,9,0,18,0,0,0,0,1,2,1,1,6,1,4,1400,1,14,4,1
201314C087913,1,3,0,3,0,1,0,0,0,0,2,1,6,1,5,124,1,-1,2,2
201314C087913,2,9,0,18,0,4,0,0,0,0,1,1,6,1,6,1398,2,3,2,1
201314C088013,1,9,0,18,0,8,0,0,0,0,4,1,1,1,5,1242,1,13,1,1
201314C088013,2,8,0,18,0,4,0,0,0,0,1,1,6,1,8,-1,-1,-1,1,1
201314C088113,1,9,0,17,0,0,2,0,1,5,1,1,6,1,5,1596,1,7,3,1
201314C088913,1,9,0,4,0,0,1,0,0,0,1,1,6,2,8,998,1,2,7,3
201314C088913,2,9,0,4,0,0,0,0,0,0,2,1,6,2,-1,-1,-1,-1,9,1
201314C089113,1,5,0,18,0,4,0,0,0,0,2,1,6,1,9,659,1,16,7,1
201314C089113,2,9,0,18,0,1,0,0,0,0,1,1,6,2,8,1248,1,-1,2,1
201314C089213,1,9,0,18,0,0,0,0,0,0,0,1,2,2,5,998,1,9,1,1
201314C089213,2,8,0,18,0,0,0,0,0,0,1,1,1,1,-1,-1,-1,-1,-1,-1
201314C089413,1,9,0,18,0,0,0,0,0,0,4,1,6,2,8,1396,1,9,1,1
201314C089413,2,9,0,18,0,0,0,0,0,0,1,1,2,2,6,1390,1,4,6,1
201314C089813,1,9,0,9,0,5,0,0,0,0,1,1,2,1,6,-1,-1,-1,3,1
201314C090013,1,9,0,7,0,0,1,0,1,7,4,1,6,1,10,2316,1,17,8,1
201314C090113,1,9,0,18,0,1,0,0,0,0,1,1,6,3,-1,-1,-1,-1,-1,-1
201314C090213,1,9,0,17,0,1,0,0,0,0,1,1,6,2,6,1686,2,6,3,1
201314C090213,2,9,0,16,0,1,1,0,0,0,1,1,1,1,5,-1,-1,-1,6,2
201314C090313,1,9,0,9,0,6,0,0,0,0,3,1,2,1,8,1587,1,14,1,1
201314C090313,2,4,0,18,0,1,0,0,0,0,1,1,2,1,8,500,1,8,2,1
201314C090613,1,9,0,18,0,0,1,0,0,0,1,1,1,1,6,1248,2,-1,4,1
201314C090613,2,9,0,2,0,0,0,0,0,0,2,1,6,2,5,1299,1,12,1,1
201314C090613,3,1,0,18,0,0,5,0,1,0,1,1,6,2,5,-1,-1,-1,1,1
201314C091113,1,9,0,18,0,0,0,0,0,0,1,1,6,1,6,1299,1,11,1,1
201314C091313,1,1,0,18,4,1,0,0,0,0,1,1,1,1,5,-1,-1,-1,9,1
201314C091313,2,19,0,9,0,1,0,0,0,0,4,1,1,1,7,2198,2,1,9,1
201314C091613,1,3,0,18,0,1,1,0,0,0,3,1,2,1,4,125,1,-1,4,1
201314C091613,2,9,0,7,0,6,0,0,0,0,0,1,2,1,9,2429,1,7,2,1
201314C091913,1,9,0,17,0,0,0,0,0,0,1,1,6,2,5,1968,2,9,1,1
201314C091913,2,4,0,16,0,0,1,0,0,0,1,1,6,1,5,398,1,21,1,1
201314C092013,1,9,0,17,0,1,0,0,0,0,4,1,6,1,8,1368,1,4,6,1
201314C092013,2,9,0,9,0,6,0,0,0,0,2,1,6,3,-1,-1,-1,-1,-1,-1
201314C092413,1,9,0,18,0,0,0,0,1,1,1,1,1,2,10,-1,-1,-1,4,1
201314C093013,1,9,0,18,0,1,0,0,0,0,1,1,6,1,4,1388,1,11,6,1
201314C093213,1,9,0,18,0,8,0,0,0,0,3,1,6,1,11,1596,1,2,4,2
201314C093313,1,9,0,4,0,0,0,0,0,0,2,1,6,1,8,1749,1,12,1,1
201314C093313,2,9,0,4,0,0,0,0,0,0,2,1,6,2,4,1299,1,12,7,1
201314C093313,3,9,0,4,0,0,0,0,0,0,1,1,6,1,8,3189,1,9,8,1
201314C093413,1,19,0,18,0,8,0,0,0,0,3,1,2,1,6,2198,2,-1,3,1
201314C093413,2,1,0,18,0,8,0,0,0,0,4,1,6,1,8,-1,-1,-1,1,1
201314C094113,1,9,0,18,0,0,0,0,0,0,2,1,6,1,8,1493,2,7,1,1
201314C094113,2,9,0,18,0,0,0,0,0,0,1,1,6,1,9,1598,1,5,6,1
201314C094213,1,21,0,18,0,1,0,0,0,0,4,1,1,1,8,9200,2,4,1,1
201314C094213,2,9,0,18,0,1,0,0,0,0,1,1,6,2,6,1968,2,8,1,1
201314C094313,1,19,0,17,0,0,0,0,0,0,4,1,6,1,5,2402,2,9,4,1
201314C094313,2,21,0,18,0,0,0,0,0,0,1,1,1,1,8,12777,2,4,3,1
201314C094413,1,9,0,18,0,0,5,0,0,0,1,1,6,2,7,1108,1,12,8,2
201314C095113,1,11,0,5,0,0,0,0,0,0,1,1,1,1,7,7300,2,7,2,1
201314C095113,2,9,0,5,0,0,0,0,0,0,2,1,6,2,8,1596,1,3,4,1
201314C095513,1,9,0,18,0,1,5,10,2,10,1,1,6,2,5,1368,1,7,9,1
201314C095613,1,9,0,18,0,0,0,0,0,0,4,1,6,1,9,1598,2,2,9,1
201314C095613,2,16,0,18,0,0,0,0,0,0,1,1,6,3,-1,-1,-1,-1,-1,-1
201314C095813,1,11,0,2,0,0,0,0,0,0,0,1,1,1,4,9600,2,14,9,1
201314C096113,1,11,0,9,0,1,0,0,0,0,1,1,1,1,7,-1,-1,-1,2,1
201314C096113,2,19,0,9,0,1,0,0,0,0,1,1,6,3,-1,1968,2,-1,-1,-1
201314C096513,1,9,0,18,0,3,0,0,0,0,2,1,6,2,4,998,1,9,4,2
201314C096513,2,9,0,18,0,3,0,0,0,0,1,1,6,3,-1,-1,-1,-1,-1,-1
201314C096713,1,9,0,18,0,0,0,0,0,0,2,1,6,1,6,1998,2,12,1,1
201314C096713,2,9,0,13,0,0,0,0,0,0,3,1,6,1,7,1597,1,22,2,1
201314C096913,1,9,0,4,0,0,0,0,0,0,1,1,6,2,4,998,1,15,7,3
201314C096913,2,9,0,4,0,0,0,0,0,0,2,1,6,2,7,1997,2,-1,7,1
201314C097013,1,9,0,3,0,0,0,0,0,0,1,1,6,2,6,1686,2,6,4,2
201314C097013,2,9,0,3,0,0,0,0,0,0,2,1,6,2,4,1198,1,4,5,1
201314C097113,1,9,0,18,0,1,0,0,8,0,2,1,6,2,7,998,1,6,5,1
201314C097113,2,9,0,4,0,1,0,0,0,0,2,1,6,1,8,1997,2,6,1,2
201314C097113,3,9,0,18,0,1,0,0,0,0,1,1,6,1,9,-1,-1,-1,5,1
201314C097313,1,9,0,9,0,8,0,0,0,0,1,1,1,1,6,1895,1,12,1,1
201314C097313,2,9,0,13,0,8,5,0,0,0,1,1,6,1,10,998,1,-1,2,1
201314C097413,1,9,0,3,0,0,0,0,0,0,2,1,1,2,5,1199,1,10,1,1
201314C097413,2,9,0,18,0,0,0,0,0,0,1,1,6,3,-1,-1,-1,-1,4,1
201314C098013,1,9,0,18,9,1,1,0,1,0,1,1,6,2,10,1368,1,4,3,1
201314C098213,1,9,0,3,0,1,0,0,0,0,2,1,6,1,8,2184,2,6,2,1
201314C098213,2,9,0,4,0,1,0,0,0,0,1,1,6,2,6,1598,1,6,2,1
201314C099213,1,9,0,9,0,8,0,0,0,0,4,1,6,1,11,1587,1,4,2,1
201314C099213,2,1,0,18,0,8,0,0,0,0,1,1,6,1,7,-1,-1,-1,1,1