Accident_Index,Vehicle_Reference,Vehicle_Type,Towing_and_Articulation,Vehicle_Manoeuvre,Vehicle_Location-Restricted_Lane,Junction_Location,Skidding_and_Overturning,Hit_Object_in_Carriageway,Vehicle_Leaving_Carriageway,Hit_Object_off_Carriageway,1st_Point_of_Impact,Was_Vehicle_Left_Hand_Drive?,Journey_Purpose_of_Driver,Sex_of_Driver,Age_Band_of_Driver,Engine_Capacity_(CC),Propulsion_Code,Age_of_Vehicle,Driver_IMD_Decile,Driver_Home_Area_Type
201314C099613,1,9,0,18,0,0,0,0,0,0,4,1,6,3,-1,1968,2,6,2,1
201314C099613,2,9,0,18,0,0,0,0,0,0,3,1,6,1,7,-1,-1,-1,9,1
201314C099613,3,9,0,18,0,0,0,0,0,0,3,1,6,2,9,-1,-1,-1,7,3
201314C099813,1,3,0,18,0,0,0,0,0,0,1,1,1,1,7,124,1,22,2,1
201314C099813,2,9,0,9,0,0,0,0,0,0,4,1,6,1,6,998,1,2,6,2
201314C099913,1,9,0,4,0,1,0,0,0,0,2,1,2,2,7,1685,2,-1,4,1
201314C099913,2,9,0,18,0,1,0,0,0,0,1,1,6,1,7,-1,-1,-1,1,1
201314C100313,1,9,0,12,0,6,1,0,0,0,3,1,6,2,10,1896,2,7,7,1
201314C100313,2,21,0,12,0,8,0,0,0,0,1,1,1,1,9,9200,2,7,1,1
201314C100313,3,19,0,18,0,8,0,0,0,0,4,1,6,1,7,1968,2,-1,9,1
201314C100413,1,20,0,18,0,1,0,0,0,0,4,1,1,1,9,4751,2,11,3,1
201314C100413,2,22,0,18,9,1,0,0,0,0,1,1,6,1,11,-1,-1,-1,5,1
201314C100513,1,9,0,9,0,2,0,0,0,0,3,1,2,1,6,2179,2,-1,8,2
201314C100613,1,9,0,9,0,5,0,0,0,0,1,1,6,1,10,1360,1,4,3,3
201314C100613,2,9,0,18,0,8,0,0,0,0,1,1,6,2,7,-1,-1,-1,9,1
201314C100813,1,9,0,7,0,6,1,0,0,0,1,1,1,2,6,1329,1,3,4,1
201314C100813,2,9,0,13,9,8,1,0,7,0,4,1,1,1,8,1794,1,13,5,1
201314C100913,1,5,0,3,0,1,0,0,0,0,1,1,6,1,7,599,1,13,8,2
201314C100913,2,9,0,18,0,1,0,0,0,0,1,1,6,1,9,2500,2,9,2,1
201314C101013,1,9,0,9,0,1,0,0,0,0,1,1,6,2,11,999,1,12,2,1
201314C101013,2,9,0,18,0,8,0,0,0,0,4,1,6,1,6,1994,2,8,1,1
201314C101113,1,9,0,9,0,1,0,0,0,0,1,1,2,2,6,1596,1,6,3,1
201314C101113,2,9,0,18,0,1,0,0,0,0,1,1,2,1,8,-1,-1,-1,6,1
201314C101213,1,9,0,14,0,0,0,0,0,0,3,1,2,1,8,1388,1,12,2,2
201314C101213,2,21,1,2,0,0,0,0,0,0,3,1,1,1,9,12580,2,9,4,1
201314C101713,1,9,0,18,0,1,0,0,0,0,1,1,6,3,-1,-1,-1,-1,-1,-1
201314C101713,2,2,0,3,0,1,0,0,0,0,1,1,2,1,4,49,1,10,2,1
201314C101813,1,9,0,18,0,1,0,0,0,0,1,1,6,1,10,1997,2,10,6,1
201314C101813,2,9,0,18,0,1,0,0,0,0,1,1,6,1,8,1796,1,7,4,1
201314C101813,3,9,0,18,0,2,0,0,0,0,1,1,6,1,10,1895,1,16,7,1
201314C101913,1,9,0,7,0,1,0,0,0,0,1,1,2,1,6,3724,1,8,8,1
201314C102013,1,9,0,5,0,8,1,0,0,0,1,1,6,1,9,1997,2,7,1,1
201314C102013,2,9,0,17,0,6,1,0,0,0,4,1,6,2,7,1599,1,9,2,1
201314C102413,1,3,0,18,0,1,0,0,0,0,1,1,6,1,9,125,1,9,3,1
201314C102413,2,9,0,18,0,1,0,0,0,0,1,1,6,2,9,1389,1,14,8,1
201314C102613,1,9,0,18,0,6,0,0,0,0,1,1,6,1,7,1796,1,11,2,1
201314C102613,2,9,0,5,0,0,0,0,0,0,3,1,6,2,-1,-1,-1,-1,4,1
201314C102713,1,9,0,18,0,0,0,0,0,0,2,1,6,1,7,1988,1,12,1,1
201314C102713,2,10,0,18,0,0,0,0,0,0,1,1,6,2,7,-1,-1,-1,2,1
201314C102913,1,9,0,18,0,0,1,0,0,0,1,1,6,1,5,1997,2,7,9,1
201314C103313,1,9,0,9,0,5,0,0,0,0,1,1,2,2,9,-1,-1,-1,3,1
201314C103313,2,3,0,18,0,8,0,0,0,0,1,1,2,1,4,124,1,2,3,1
201314C103413,1,9,0,18,0,0,0,0,0,0,2,1,6,2,4,973,1,11,2,1
201314C103413,2,9,0,18,0,0,0,0,0,0,1,1,6,3,-1,-1,-1,-1,-1,-1
201314C103713,1,9,0,18,0,0,0,0,0,0,1,1,6,3,-1,-1,-1,-1,-1,-1
201314C104013,1,9,0,11,0,0,0,0,0,0,0,1,1,1,7,1560,2,-1,5,1
201314C104013,2,5,0,18,0,0,2,0,0,0,0,1,1,1,7,998,1,5,4,1
201314C104113,1,9,0,9,6,0,0,0,0,0,3,1,6,2,5,998,1,10,2,1
201314C104113,2,2,0,18,8,0,0,0,0,0,1,1,6,1,4,49,1,1,3,1
201314C104113,3,9,0,18,8,0,0,0,0,0,4,1,6,2,6,1364,1,5,2,1
201314C104113,4,9,0,18,8,0,0,0,0,0,1,1,6,1,9,1956,2,1,4,1
201314C104213,1,9,0,18,0,1,0,0,0,0,4,1,6,2,7,2902,2,7,3,1
201314C104713,1,9,0,2,0,0,0,0,0,0,2,1,6,1,6,1124,1,12,1,1
201314C104713,2,9,0,1,0,0,0,0,0,0,1,1,6,3,-1,1339,1,10,-1,-1
201314C104813,1,9,0,16,0,0,0,0,0,0,1,1,6,2,7,1360,1,9,4,1
201314C104813,2,1,0,16,0,0,0,0,0,0,4,1,6,1,7,-1,-1,-1,2,1
201314C105213,1,9,0,16,0,0,2,0,0,0,1,1,6,1,6,1199,1,9,1,1
201314C105413,1,9,0,18,0,2,0,0,3,4,1,1,6,1,5,1598,1,5,3,1
201314C105613,1,9,0,5,0,8,0,0,0,0,3,1,6,2,9,1998,1,9,2,3
201314C105613,2,1,0,18,0,8,0,0,0,0,4,1,6,1,9,-1,-1,-1,5,1
201314C105713,1,9,0,9,0,6,0,0,0,0,3,1,1,1,7,2497,1,8,5,1
201314C105713,2,1,0,18,0,1,0,0,0,0,1,1,1,1,7,-1,-1,-1,8,1
201314C105813,1,2,0,5,0,1,0,0,0,0,1,1,6,1,4,49,1,11,2,1
201314C105813,2,9,0,3,0,1,0,0,0,0,2,1,6,2,8,1364,1,4,5,1
201314C105913,1,9,0,18,0,2,0,0,0,0,4,1,3,2,8,1587,1,9,4,1
201314C106013,1,9,0,3,0,1,0,0,0,0,2,1,4,1,9,1596,1,4,8,1
201314C106013,2,9,0,4,0,1,0,0,0,0,1,1,4,1,10,1587,1,13,1,1
201314C106413,1,9,0,9,0,0,0,0,0,0,2,1,1,1,7,1598,1,12,2,1
201314C106413,2,9,0,18,0,0,1,0,0,0,4,1,1,1,5,1905,2,16,4,1
201314C106513,1,2,0,18,0,3,0,0,1,2,1,1,6,1,4,-1,-1,-1,2,1
201314C106813,1,9,0,9,0,8,0,0,0,0,4,1,6,1,11,1598,1,5,7,1
201314C106813,2,1,0,18,0,1,0,0,0,0,1,1,6,1,6,-1,-1,-1,7,1
201314C107013,1,9,0,18,0,8,0,0,0,0,1,1,6,2,7,1598,1,1,4,2
201314C107013,2,9,0,4,0,8,0,0,0,0,4,1,6,2,7,1124,1,9,5,1
201314C107113,1,9,0,16,0,0,0,4,0,0,1,1,6,2,11,1242,1,6,7,1
201314C107113,2,9,0,2,0,0,0,0,0,0,1,1,6,2,6,1390,1,10,4,1
201314C107113,3,9,0,2,0,0,0,0,0,0,1,1,6,1,6,1968,2,7,-1,-1
201314C107213,1,9,0,18,0,1,0,0,0,0,1,1,6,1,7,1362,1,1,8,1
201314C107213,2,9,0,9,0,6,0,0,0,0,1,1,6,1,8,-1,-1,-1,2,1
201314C107213,3,9,0,7,0,5,0,0,0,0,2,1,6,1,5,-1,-1,-1,2,1
201314C107913,1,9,0,18,0,1,0,0,0,0,1,1,6,2,8,1997,2,12,3,1
201314C107913,2,9,0,18,0,8,0,0,0,0,2,1,2,1,9,1997,2,1,6,2
201314C108213,1,9,0,16,9,8,1,0,3,10,1,1,6,1,5,1397,1,13,5,2
201314C108413,1,9,0,4,0,0,0,0,0,0,2,1,6,1,5,-1,-1,-1,6,1
201314C108413,2,9,0,4,0,0,0,0,0,0,2,1,6,1,8,1910,2,6,4,1
201314C108413,3,9,0,18,0,0,0,0,0,0,1,1,6,1,5,1229,1,6,2,1
201314C108513,1,9,0,2,6,0,0,0,0,0,2,1,1,2,8,1796,1,12,3,1
201314C108513,2,9,0,16,0,0,1,0,0,0,1,1,1,1,5,1997,2,5,3,1
201314C108813,1,9,0,18,0,0,1,0,0,0,1,1,6,2,6,1360,1,12,1,1
201314C108913,1,1,0,16,0,0,0,0,0,0,2,1,6,1,8,-1,-1,-1,5,1
201314C108913,2,9,0,17,0,0,0,0,0,0,1,1,6,2,-1,1896,2,16,2,1
201314C108913,3,1,0,18,0,0,0,0,0,0,2,1,6,3,-1,-1,-1,-1,-1,-1
201314C109013,1,11,0,18,0,0,0,0,0,0,0,1,6,1,7,9360,2,5,1,1
201314C109113,1,9,0,18,0,1,0,0,0,0,1,1,6,2,7,1796,1,7,3,1
201314C109113,2,9,0,1,0,1,0,0,0,0,2,1,6,1,-1,-1,-1,-1,3,1
201314C109213,1,9,0,18,0,0,0,0,0,0,1,1,6,1,6,2204,2,6,6,1
201314C109213,2,9,0,18,0,0,0,0,0,0,1,1,6,2,-1,998,1,-1,6,1
201314C109313,1,9,0,18,0,1,0,0,0,0,4,1,6,3,-1,-1,-1,-1,-1,-1
201314C109413,1,9,0,18,0,0,0,0,0,0,1,1,6,1,7,2170,2,8,4,1
201314C109513,1,9,0,16,0,0,2,0,7,4,1,1,1,1,4,998,1,2,4,3
201314C109913,1,9,0,3,0,0,0,0,0,0,2,1,2,2,6,-1,-1,-1,6,1
201314C109913,2,9,0,3,0,0,0,0,0,0,2,1,2,1,6,1910,2,6,8,3
201314C109913,3,19,0,18,0,0,0,0,0,0,1,1,6,1,8,1461,2,-1,2,1
201314C110013,1,3,0,18,0,1,1,0,0,0,1,1,6,1,4,-1,-1,-1,1,1
201314C110013,2,9,0,9,0,1,0,0,0,0,4,1,6,1,10,1560,2,2,2,1
201314C110613,1,9,0,3,0,1,0,0,0,0,2,1,6,2,8,-1,-1,-1,6,3
201314C110613,2,9,0,18,0,1,0,0,0,0,1,1,6,2,6,1229,1,2,5,1
201314C110713,1,21,0,18,0,0,0,0,0,0,4,1,1,1,8,4461,2,3,1,1
201314C110713,2,1,0,18,0,0,0,0,0,0,0,1,6,2,3,-1,-1,-1,1,1
201314C110813,1,9,0,18,0,1,0,0,0,0,1,1,2,1,6,-1,-1,-1,4,1
201314C110813,2,9,0,9,0,1,0,0,0,0,4,1,2,2,10,1598,1,13,7,1
201314C111213,1,9,0,7,0,8,0,0,0,0,1,1,6,1,10,1796,1,13,2,1
201314C111413,1,9,0,4,0,0,0,0,0,0,2,1,6,1,6,-1,-1,-1,4,1
201314C111413,2,9,0,18,0,0,0,0,0,0,1,1,6,3,-1,-1,-1,-1,-1,-1
201314C111513,1,9,0,2,0,0,0,0,0,0,2,1,1,2,4,1343,1,11,6,1
201314C111513,2,9,0,18,0,0,0,0,0,0,1,1,1,1,5,1199,1,13,7,2
201314C112013,1,9,0,3,0,0,0,0,0,0,2,1,4,1,7,1560,2,9,1,1
201314C112013,2,9,0,4,0,0,0,0,0,0,1,1,2,2,7,1999,1,7,2,1
201314C112213,1,9,0,18,0,8,0,0,0,0,1,1,6,1,6,1598,2,3,7,1
201314C112213,2,2,0,9,0,6,0,0,0,0,1,1,6,2,5,49,1,19,2,1
201314C112513,1,9,0,18,0,0,0,0,0,0,4,1,6,2,6,1242,1,6,7,1
201314C112713,1,9,0,18,0,0,1,0,0,10,4,1,6,1,7,1596,1,12,1,1
201314C113013,1,9,0,3,0,0,0,0,0,0,2,1,2,2,5,998,1,7,6,1
201314C113013,2,9,0,3,0,0,0,0,0,0,2,1,2,1,8,1248,2,1,6,3
201314C113013,3,9,0,18,0,0,0,0,0,0,1,1,2,1,5,2401,2,10,9,3
201314C113313,1,9,0,18,0,1,0,0,0,10,1,1,6,3,-1,2143,2,3,-1,-1
201314C113313,2,19,0,9,0,1,0,0,0,0,2,1,1,1,8,2198,2,2,8,1
201314C113413,1,9,0,18,0,0,1,0,1,4,1,1,6,2,6,998,1,-1,4,2
201314C113913,1,9,0,7,0,8,0,0,0,0,1,1,6,1,9,-1,-1,-1,1,1
201314C114013,1,19,0,18,0,0,0,0,0,0,2,1,1,1,6,1995,2,4,5,1
201314C114013,2,9,0,18,0,0,0,0,0,0,1,1,1,1,6,1461,2,2,9,1
201314C114113,1,9,0,4,0,1,0,0,3,10,1,1,6,2,7,1360,1,6,1,1
201314C114213,1,9,0,7,0,8,0,0,0,0,1,1,6,2,9,1679,1,12,4,2
201314C114213,2,1,0,18,0,8,0,0,0,0,2,1,6,1,8,-1,-1,-1,9,2
201314C114413,1,9,0,5,0,4,0,0,0,0,0,1,6,1,11,1998,2,12,7,1
201314C114413,2,9,0,18,0,8,1,0,0,6,3,1,6,1,7,-1,-1,-1,1,1
201314C114413,3,9,0,18,0,8,1,0,1,6,4,1,6,1,5,3175,1,10,3,1
201314C114513,1,9,0,18,0,0,0,0,0,0,1,1,6,1,5,1995,2,7,1,1
201314C114513,2,9,0,18,0,0,0,0,0,0,1,1,6,2,6,1360,1,12,2,1
201314C114813,1,9,0,13,0,1,0,0,0,0,1,1,6,1,10,1461,2,3,2,2
201314C114813,2,9,0,9,0,8,0,0,0,0,3,1,6,2,5,1149,1,9,7,1
201314C115513,1,9,0,13,0,0,1,0,0,0,1,1,2,1,6,1998,1,10,1,1
201314C115513,2,21,0,18,0,0,0,0,0,0,2,1,6,3,-1,-1,-1,-1,-1,-1
201314C115613,1,9,0,18,0,8,0,0,0,0,1,1,6,1,8,-1,-1,-1,1,1
201314C115613,2,9,0,9,0,5,0,0,0,0,1,1,6,1,7,1956,2,1,9,1
201314C115613,3,9,0,8,0,2,0,0,0,0,1,1,6,2,5,1299,1,9,7,1
201314C116113,1,9,0,13,0,0,1,0,1,7,4,1,6,2,5,998,1,3,3,1
201314C116113,2,21,0,13,0,0,0,0,0,0,3,1,6,1,8,-1,-1,-1,-1,-1
201314C116213,1,9,0,5,0,0,0,0,0,0,2,1,6,3,-1,-1,-1,-1,-1,-1
201314C116313,1,11,0,18,0,0,0,0,0,0,0,1,6,1,7,4250,2,11,2,1
201314C116513,1,9,0,18,0,0,0,0,0,10,0,1,6,2,6,1149,1,9,4,2
201314C116613,1,9,0,18,0,8,0,0,0,0,2,1,6,2,8,1560,2,2,2,1
201314C116613,2,9,0,18,0,8,0,0,0,0,1,1,6,1,8,2830,2,19,5,3
201314C116713,1,9,0,4,0,0,0,0,0,0,2,1,6,2,6,1896,2,8,8,1
201314C116713,2,9,0,18,0,0,0,0,0,0,1,1,6,2,5,1339,1,11,6,1
201314C116813,1,9,0,18,0,0,0,0,0,0,1,1,6,2,8,1560,2,5,1,1
201314C116913,1,9,0,18,0,1,0,0,0,0,1,1,1,2,7,1956,2,3,2,2
201314C116913,2,9,0,7,0,2,0,0,0,0,3,1,6,2,10,1348,1,11,4,1
201314C117013,1,9,0,18,0,1,0,0,1,10,3,1,6,1,4,1396,1,9,1,1
201314C117113,1,9,0,18,0,1,0,0,0,0,1,1,6,2,9,1368,1,4,7,1
201314C117213,1,9,0,9,0,6,0,0,0,0,1,1,6,3,-1,1796,1,8,-1,-1
201314C117613,1,1,0,18,0,0,0,0,0,0,2,1,2,1,9,-1,-1,-1,7,1
201314C117613,2,9,0,18,0,0,0,0,0,0,1,1,6,3,-1,-1,-1,-1,-1,-1
201314C117913,1,9,0,17,0,4,0,0,0,0,3,1,4,2,6,1997,2,5,8,2
201314C117913,2,9,0,17,0,3,0,0,0,0,1,1,6,3,-1,1995,2,1,-1,-1
201314C118213,1,9,0,18,0,0,0,0,0,0,0,1,2,1,7,1598,1,4,8,1
201314C118213,2,9,0,18,0,0,0,0,0,0,1,1,6,1,8,1999,1,1,7,1
201314C118613,1,9,0,18,0,0,0,0,0,0,4,1,6,1,11,1398,1,8,3,1
201314C118713,1,1,0,9,0,8,0,0,0,0,3,1,1,1,4,-1,-1,-1,7,1
201314C118713,2,9,0,9,0,6,0,0,0,0,1,1,6,1,-1,-1,-1,-1,-1,-1
201314C118913,1,9,0,18,0,0,0,0,0,0,1,1,6,2,6,1560,2,1,6,3
201314C119113,1,9,0,18,0,0,0,0,0,0,1,1,6,3,-1,-1,-1,-1,-1,-1
201314C119213,1,9,0,3,0,0,0,0,0,0,2,1,2,1,5,1242,1,7,2,1
201314C119213,2,9,0,18,0,0,0,0,0,0,0,1,6,3,-1,1769,1,10,-1,-1
201314C119213,3,9,0,3,0,0,0,0,0,0,2,1,6,2,-1,2148,2,7,-1,-1
201314C119313,1,21,0,9,0,6,0,0,0,0,4,1,1,1,7,7146,2,2,2,1
201314C119313,2,3,0,18,0,1,2,0,1,0,1,1,6,1,4,124,1,4,4,2
201314C119413,1,9,0,9,0,8,0,0,0,0,1,1,6,1,6,1598,1,9,3,1
201314C119413,2,3,0,18,0,8,0,0,0,0,1,1,6,1,5,124,1,2,1,1
201314C119513,1,9,0,4,0,0,0,0,0,0,1,1,6,1,7,1360,1,9,7,1
201314C119513,2,9,0,18,0,0,0,0,0,0,1,1,6,1,5,1397,1,11,4,2
201314C119613,1,21,0,18,0,0,0,0,0,0,1,1,1,1,7,11000,2,13,4,1
201314C119613,2,9,0,10,0,0,0,0,0,0,3,1,1,2,6,1598,1,11,5,1
201314C119813,1,9,0,16,0,0,2,0,1,10,2,1,2,1,9,1124,1,12,1,1
201314C120013,1,9,0,18,0,0,5,0,0,0,1,1,6,1,4,1396,1,19,6,1
201314C120013,2,9,0,2,0,0,0,0,0,0,2,1,6,1,8,1560,2,-1,9,1
201314C120213,1,9,0,18,0,0,0,0,0,0,1,1,6,1,5,1596,1,12,5,1
201314C120213,2,9,0,18,0,0,0,0,0,0,4,1,6,1,5,1995,2,7,5,1
201314C120213,3,9,0,18,0,0,0,0,0,0,4,1,6,2,4,1198,1,3,4,2
201314C120813,1,9,0,18,0,2,0,0,0,0,1,1,6,2,5,1397,1,6,9,1
201314C121613,1,9,0,18,0,0,0,0,0,0,1,1,6,1,8,2993,2,2,7,1
201314C121613,2,9,0,18,0,0,0,0,0,0,2,1,6,2,10,1248,1,-1,3,1
201314C121913,1,9,0,3,0,0,0,0,0,0,2,1,6,1,5,1998,2,7,4,1
201314C121913,2,9,0,4,0,0,0,0,0,0,1,1,6,2,9,1086,1,8,1,2
201314C121913,3,9,0,4,0,0,0,0,0,0,0,1,6,1,9,995,1,5,1,2
201314C122013,1,9,0,18,0,0,0,0,0,0,1,1,1,2,8,1995,2,-1,2,1
201314C122013,2,9,0,4,0,0,0,0,0,0,2,1,1,1,8,-1,-1,-1,2,1
201314C122113,1,9,0,18,0,1,0,0,0,0,1,1,6,1,5,796,1,11,2,1
201314C122113,2,9,0,3,0,1,0,0,0,0,2,1,6,2,5,1364,1,6,6,1
201314C122513,1,9,0,18,0,1,0,0,0,0,4,1,6,2,6,1388,1,10,1,1
201314C122513,2,9,0,18,0,1,0,0,0,0,4,1,6,2,-1,998,1,3,7,1
201314C123013,1,9,0,17,0,0,1,0,2,10,1,1,6,1,9,1999,1,7,7,1
201314C123213,1,9,0,3,0,1,0,0,0,0,2,1,6,2,8,1998,2,8,7,1
201314C123213,2,9,0,3,0,1,1,0,0,0,1,1,6,3,-1,1388,1,9,-1,-1
201314C123413,1,9,0,18,9,8,1,0,7,10,3,1,6,1,5,1997,2,11,1,1
201314C123513,1,11,0,18,0,2,0,0,0,0,1,1,1,1,9,-1,2,13,2,1
201314C123713,1,9,0,7,0,8,0,0,0,0,1,1,6,1,7,1796,1,1,2,1
201314C123713,2,9,0,18,0,1,0,0,0,0,1,1,6,1,4,-1,-1,-1,2,1
201314C123913,1,9,0,18,0,1,0,0,0,0,3,1,6,1,7,2401,2,10,2,1
201314C123913,2,9,0,18,0,5,0,0,0,0,1,1,6,1,7,2996,2,14,1,1
201314C124413,1,9,0,8,0,1,0,0,0,0,2,1,6,2,6,1598,1,7,4,1
201314C124413,2,9,0,18,0,1,0,0,0,0,1,1,6,1,6,1686,2,-1,7,1
201314C124513,1,9,0,16,0,1,0,0,0,0,1,1,6,1,7,1896,2,12,3,1
201314C124613,1,9,0,16,0,0,1,0,7,3,1,1,6,1,7,1896,2,10,4,2
201314C124713,1,9,0,18,0,1,0,0,0,0,1,1,1,2,9,993,1,12,9,1
201314C124813,1,9,0,18,0,0,0,0,0,0,1,1,6,3,-1,-1,-1,-1,-1,-1
201314C124913,1,9,0,4,0,0,0,0,0,0,3,1,6,1,7,1896,2,12,1,1
201314C125013,1,9,0,18,0,0,2,0,0,0,1,1,1,2,7,1598,1,10,4,1
201314C125413,1,9,0,18,0,1,0,0,0,0,1,1,6,1,7,1995,2,9,5,1
201314C125413,2,9,0,9,0,1,0,0,0,0,1,1,6,1,6,1997,1,15,1,1
201314C125713,1,9,0,18,0,0,0,0,0,0,1,1,6,2,9,1364,1,3,2,1
201314C126013,1,9,0,18,0,8,0,0,0,0,2,1,6,1,4,1229,1,5,7,2
201314C126013,2,9,0,7,0,6,0,0,0,0,1,1,6,3,-1,-1,-1,-1,-1,-1
201314C126113,1,9,0,18,0,0,1,11,1,3,1,1,6,2,5,1242,1,-1,6,1
201314C126513,1,9,0,17,0,0,2,0,1,9,1,1,6,1,4,973,1,13,6,3
201314C126613,1,20,0,18,0,1,0,0,0,0,3,1,6,3,-1,-1,-1,-1,-1,-1
201314C126813,1,9,0,18,0,3,2,0,8,10,1,1,6,1,4,1198,1,10,5,1
201314C126913,1,19,0,18,0,0,0,0,0,0,4,1,1,1,8,1870,2,10,5,2
201314C126913,2,1,0,18,0,0,0,0,0,0,4,1,2,1,8,-1,-1,-1,9,2
201314C127013,1,9,0,5,0,1,0,0,0,0,1,1,6,1,6,1995,2,8,3,1
201314C127013,2,1,0,9,0,1,0,0,0,0,3,1,6,1,-1,-1,-1,-1,2,1
201314C127113,1,19,0,7,0,1,0,0,0,0,1,1,1,1,6,1753,2,10,2,1
201314C127113,2,1,0,18,0,1,0,0,0,0,3,1,1,1,7,-1,-1,-1,2,1
201314C127313,1,9,0,18,0,1,0,0,0,0,2,1,6,1,4,1199,1,14,1,1
201314C127313,2,9,0,18,0,1,0,7,0,1,1,1,6,1,6,1299,1,13,4,1
201314C127413,1,9,0,18,0,4,0,0,0,0,1,1,2,2,8,1596,1,3,3,1
201314C127413,2,1,0,18,0,8,0,0,0,0,1,1,2,1,8,-1,-1,-1,1,1
201314C127613,1,9,0,13,0,0,2,0,2,10,1,1,6,2,8,1796,1,9,1,1
201314C127913,1,19,0,18,0,0,0,0,0,0,3,1,6,1,5,2402,2,7,5,1
201314C128013,1,8,0,18,0,0,0,0,0,0,1,1,1,1,6,1997,2,11,1,1
201314C128313,1,9,0,18,0,1,0,0,0,0,1,1,4,2,9,1984,1,12,2,1
201314C128313,2,9,0,5,0,6,0,0,0,0,4,1,4,1,11,-1,-1,-1,2,1
201314C128513,1,9,0,17,0,1,1,0,0,0,1,1,6,1,10,2494,2,6,6,1
201314C128613,1,9,0,9,0,1,0,0,0,0,1,1,6,1,7,1560,2,2,3,1
201314C128613,2,1,0,18,0,1,0,0,0,0,1,1,6,1,8,-1,-1,-1,4,1
201314K000213,1,9,0,18,0,1,0,0,0,0,1,1,6,1,7,1999,1,12,-1,-1
201314K000213,2,9,0,3,0,1,0,0,0,0,2,1,6,1,7,1968,2,10,2,1
201314K000213,3,9,0,3,0,1,0,0,0,0,2,1,6,1,8,1984,1,14,1,1
201314K000313,1,18,0,18,0,1,0,0,0,0,1,1,1,1,7,-1,-1,-1,1,1
201314K000413,1,9,0,18,0,1,0,0,0,0,2,1,6,1,9,1796,1,11,6,1
201314K000413,2,9,0,18,0,1,0,0,0,0,1,1,6,1,6,1364,2,4,1,1
201314K001513,1,9,0,1,0,0,0,0,0,0,2,1,6,2,7,1995,1,3,10,1
201314K001713,1,3,0,18,0,8,1,0,0,0,3,1,6,1,6,124,1,10,1,1
201314K001713,2,9,0,5,0,8,0,0,0,0,3,1,6,1,11,1868,2,15,1,1
201314K001813,1,9,0,4,0,0,0,0,0,0,2,1,6,1,7,1149,1,13,3,1
201314K001813,2,9,0,18,0,0,0,0,0,0,1,1,6,3,-1,-1,-1,-1,-1,-1
201314K001913,1,9,0,4,0,1,0,0,0,0,1,1,6,2,7,1968,2,3,3,1
201314K001913,2,9,0,3,0,2,0,0,0,0,3,1,6,1,6,999,1,15,3,1
201314K002113,1,9,0,18,0,0,0,0,0,0,3,1,6,1,6,1242,1,7,1,1
201314K002113,2,9,0,2,0,0,0,0,0,0,4,1,6,1,10,-1,-1,-1,1,1
201314K002113,3,9,0,2,0,0,0,0,0,0,2,1,6,2,6,1896,2,7,1,1
201314K002313,1,9,0,18,0,2,0,0,0,0,4,1,2,1,8,1229,1,6,2,1
201314K002313,2,9,0,18,0,8,0,0,0,0,1,1,2,2,5,1598,2,3,6,1
201314K002813,1,9,0,18,0,8,0,0,0,0,1,1,6,1,7,-1,-1,-1,1,1
201314K003113,1,9,0,18,0,0,0,0,0,0,1,1,6,1,6,1753,2,6,10,1
201314K003113,2,9,0,18,0,0,0,0,0,0,1,1,6,2,4,1086,1,9,4,1
201314K003113,3,3,0,18,0,0,0,0,0,0,1,1,6,1,6,-1,-1,-1,2,1
201314K003213,1,9,0,18,0,1,0,0,0,0,1,1,6,2,9,1499,1,5,7,1
201314K003213,2,9,0,9,0,8,0,0,0,0,3,1,6,2,4,1242,1,16,6,2
201314K003613,1,9,0,4,0,1,0,0,0,0,1,1,1,1,8,-1,-1,-1,3,1
201314K003613,2,9,0,1,0,1,0,0,0,0,2,1,6,1,7,-1,-1,-1,9,1
201314K003913,1,9,0,18,0,8,0,0,0,0,3,1,2,1,5,1560,2,2,3,1
201314K003913,2,9,0,18,0,8,5,0,0,0,1,1,2,2,8,1587,1,9,4,1
201314K004213,1,11,0,3,0,1,0,0,0,0,0,1,1,1,6,5900,2,6,2,1
201314K004313,1,1,0,18,0,0,0,0,0,0,1,1,6,1,1,-1,-1,-1,1,1
201314K004313,2,9,0,18,0,0,0,0,0,0,4,1,6,1,-1,-1,-1,-1,-1,-1
201314K004713,1,9,0,2,0,2,0,0,0,0,2,1,6,2,-1,1997,1,6,2,3
201314K004713,2,3,0,18,0,1,2,0,0,0,1,1,6,1,4,125,1,9,1,1
201314K005013,1,2,0,16,0,3,0,0,0,0,2,1,1,1,7,49,1,9,2,1
201314K005013,2,9,0,18,0,3,0,0,0,0,2,1,6,3,-1,-1,-1,-1,-1,-1
201314K005313,1,9,0,18,0,0,0,0,7,10,1,1,6,1,4,1242,1,10,9,1
201314K005313,2,9,0,2,0,0,0,0,0,0,1,1,6,1,-1,1124,1,8,-1,-1
201314K005313,3,9,0,2,0,0,0,0,0,0,2,1,6,2,-1,1796,1,6,4,1
201314K005413,1,9,0,4,0,1,0,0,0,0,1,1,6,1,9,1997,2,8,8,1
201314K005413,2,9,0,3,0,1,0,0,0,0,2,1,6,1,7,1598,1,3,8,2