Accident_Index,Vehicle_Reference,Vehicle_Type,Towing_and_Articulation,Vehicle_Manoeuvre,Vehicle_Location-Restricted_Lane,Junction_Location,Skidding_and_Overturning,Hit_Object_in_Carriageway,Vehicle_Leaving_Carriageway,Hit_Object_off_Carriageway,1st_Point_of_Impact,Was_Vehicle_Left_Hand_Drive?,Journey_Purpose_of_Driver,Sex_of_Driver,Age_Band_of_Driver,Engine_Capacity_(CC),Propulsion_Code,Age_of_Vehicle,Driver_IMD_Decile,Driver_Home_Area_Type
201314K005913,1,9,0,18,0,1,0,0,0,0,1,1,6,2,-1,1596,1,12,6,1
201314K006113,1,2,0,17,0,1,1,0,0,0,0,1,1,1,6,49,1,-1,8,1
201314K006613,1,9,0,18,0,8,0,0,0,0,3,1,2,2,9,998,1,4,8,1
201314K006713,1,8,0,18,0,8,0,0,0,0,1,1,1,1,9,1968,2,4,6,1
201314K006713,2,9,0,9,0,8,0,0,0,0,4,1,1,2,6,1248,2,2,4,1
201314K006813,1,9,0,18,0,0,0,0,1,4,1,1,6,1,5,4966,1,13,9,1
201314K007013,1,9,0,18,0,1,0,0,0,0,1,1,1,1,7,1399,2,3,4,1
201314K007013,2,2,0,18,0,1,0,0,0,0,1,1,6,1,4,-1,-1,-1,1,1
201314K007113,1,9,0,4,0,0,0,0,0,0,2,1,2,2,8,1587,1,10,5,1
201314K007113,2,9,0,18,0,0,0,0,0,0,1,1,2,1,9,1968,2,3,3,1
201314K008013,1,9,0,18,0,1,1,0,7,2,1,1,6,1,4,1390,1,10,8,1
201314K008013,2,9,0,18,0,1,2,0,8,0,1,1,6,2,6,998,1,11,6,2
201314K008213,1,9,0,18,0,1,0,0,0,0,1,1,6,1,6,-1,-1,-1,6,1
201314K008213,2,9,0,18,0,1,0,0,0,0,4,1,6,1,6,973,1,13,2,1
201314K008713,1,9,0,17,0,0,1,0,1,6,1,1,6,1,6,2000,2,8,8,2
201314K008813,1,9,0,17,0,2,1,0,0,0,1,1,2,1,7,1598,2,3,1,1
201314K008813,2,9,0,5,0,2,0,0,0,0,2,1,2,2,9,1341,1,12,1,1
201314K008813,3,9,0,2,0,2,0,0,0,0,0,1,6,2,8,1124,1,14,1,1
201314K008813,4,9,0,2,0,2,0,0,0,0,2,1,6,1,6,1994,1,8,1,1
201314K009913,1,9,0,9,0,1,0,0,0,0,1,1,6,1,8,1299,1,8,10,2
201314K009913,2,3,0,18,0,1,0,0,0,0,1,1,6,1,5,124,1,5,2,1
201314K010813,1,1,0,9,0,1,0,0,0,0,2,1,1,1,9,-1,-1,-1,1,1
201314K010813,2,9,0,18,0,1,0,0,0,0,1,1,6,3,-1,-1,-1,-1,-1,-1
201314K011113,1,11,0,2,0,0,0,0,0,0,0,1,1,1,7,4500,2,2,1,1
201314K011413,1,9,0,11,0,0,0,0,0,0,1,1,6,2,8,1968,2,1,2,1
201314K011413,2,9,0,4,0,0,0,0,0,0,2,1,6,1,6,2000,2,2,10,1
201314K011713,1,9,0,18,0,1,0,0,0,0,4,1,1,1,9,1596,1,2,1,1
201314K011913,1,9,0,3,0,1,0,0,0,0,2,1,6,1,8,998,1,14,1,1
201314K012113,1,9,0,18,0,1,1,0,0,0,1,1,6,1,5,998,1,14,8,2
201314K012113,2,9,0,3,0,1,0,0,0,0,2,1,6,1,9,1968,2,5,5,1
201314K012213,1,9,0,5,0,0,0,0,0,0,4,1,6,1,7,1910,2,9,9,1
201314K012613,1,9,0,18,0,0,0,0,0,0,4,1,1,1,7,2204,2,7,1,1
201314K012813,1,8,0,18,0,1,0,0,0,0,4,1,1,1,7,1997,2,8,3,1
201314K012813,2,9,0,13,0,1,0,0,0,0,3,1,6,3,-1,1968,2,5,9,2
201314K013313,1,9,0,4,0,0,0,0,0,0,2,1,6,2,6,1560,2,8,2,1
201314K013313,2,9,0,3,0,0,0,0,0,0,1,1,6,1,8,1388,1,3,2,1
201314K013413,1,8,0,9,0,8,0,0,0,0,1,1,1,1,7,1997,2,6,2,1
201314K014613,1,9,0,3,0,0,0,0,0,0,0,1,6,2,7,1396,1,12,1,1
201314K014613,2,9,0,5,0,0,0,0,0,0,0,1,6,1,6,2926,2,12,5,1
201314K014713,1,9,0,9,0,5,0,0,0,0,0,1,6,3,-1,998,1,4,6,1
201314K014913,1,9,0,18,0,1,0,0,0,0,1,1,1,2,8,1360,1,6,5,1
201314K014913,2,21,1,10,0,8,0,0,0,0,4,1,1,1,7,12777,2,1,9,3
201314K015013,1,21,0,18,0,8,0,0,0,0,4,1,1,1,8,-1,-1,-1,3,1
201314K015013,2,9,0,18,0,6,0,0,0,0,1,1,6,1,6,1360,1,9,1,1
201314K015513,1,9,0,18,0,3,0,7,1,2,4,1,6,1,5,1994,1,16,4,1
201314K015513,2,21,1,18,0,3,0,0,0,0,3,1,1,1,-1,6174,2,7,1,1
201314K015813,1,9,0,18,1,8,0,0,0,0,2,1,6,2,4,1242,1,13,1,1
201314K015813,2,9,0,18,0,8,0,0,0,0,1,1,6,2,8,1396,1,14,2,1
201314K016413,1,9,0,18,0,1,0,0,0,0,1,1,6,3,-1,-1,-1,-1,-1,-1
201314K016613,1,9,0,17,0,0,1,0,0,0,3,1,6,1,7,1242,1,12,1,1
201314K016613,2,19,0,16,0,0,1,0,0,0,4,1,1,1,7,2402,2,10,1,1
201314K017013,1,9,0,17,0,0,1,0,1,2,3,1,6,2,9,1998,1,13,5,3
201314K017113,1,9,0,18,0,1,0,0,0,0,3,1,6,1,3,1196,1,20,1,1
201314K017113,2,9,0,13,0,1,0,0,0,0,3,1,1,1,7,1560,2,4,4,1
201314K017313,1,3,0,16,0,1,0,0,0,0,1,1,6,1,4,125,1,2,5,1
201314K017313,2,9,0,5,0,2,0,0,0,0,3,1,6,1,8,1328,1,4,5,1
201314K017513,1,9,0,18,0,0,0,0,8,10,1,1,1,2,7,1399,2,3,4,1
201314K017613,1,1,0,18,0,8,0,0,0,0,4,1,6,1,6,-1,-1,-1,6,1
201314K017613,2,9,0,7,0,3,0,0,0,0,3,1,6,3,-1,-1,-1,-1,-1,-1
201314K018013,1,9,0,9,0,1,0,0,0,0,1,1,1,2,6,-1,-1,-1,6,2
201314K018013,2,9,0,18,0,1,0,0,0,0,1,1,2,1,5,1910,2,7,8,1
201314K018613,1,9,0,4,0,1,0,0,0,0,1,1,6,2,9,1199,1,9,1,1
201314K018613,2,20,0,5,0,1,0,0,0,0,4,1,1,1,7,-1,-1,-1,9,1
201314K018813,1,9,0,3,0,0,0,0,0,0,2,1,3,2,6,1360,1,11,1,1
201314K018813,2,9,0,18,0,0,0,0,0,0,1,1,6,1,-1,1796,1,6,1,1
201314K019613,1,9,0,4,0,0,1,0,1,2,2,1,1,1,8,2171,2,11,7,1
201314K019913,1,9,0,18,0,8,1,0,1,3,4,1,1,1,6,3628,2,6,1,1
201314K019913,2,9,0,18,0,8,0,0,0,0,1,1,2,1,5,4701,1,14,6,1
201314K020113,1,19,0,18,0,0,0,0,0,0,0,1,1,1,6,2463,2,7,8,1
201314K020113,2,19,0,18,0,0,0,0,0,0,1,1,1,1,6,2148,2,7,4,1
201314K021313,1,9,0,8,0,1,0,0,0,0,2,1,4,2,7,1198,1,9,5,1
201314K021313,2,9,0,3,0,1,0,0,0,0,1,1,2,1,6,2231,2,6,3,1
201314K021413,1,9,0,18,0,3,0,0,0,0,4,1,2,2,6,-1,-1,-1,6,1
201314K021413,2,9,0,18,0,4,0,0,0,0,4,1,6,3,-1,1328,1,13,-1,-1
201314K022013,1,9,0,7,0,1,0,0,0,0,2,1,6,3,-1,-1,-1,-1,-1,-1
201314K022313,1,9,0,18,0,8,0,0,0,0,1,1,6,2,8,1242,1,2,8,3
201314K022313,2,9,0,5,0,8,0,0,0,0,3,1,6,1,8,2179,2,6,4,3
201314K023013,1,9,0,7,0,2,0,0,0,0,4,1,6,2,8,1868,2,14,1,1
201314K023413,1,9,0,9,0,1,0,0,0,0,4,1,6,1,7,1596,1,19,5,1
201314K023413,2,1,0,18,2,8,0,0,1,0,1,1,2,1,6,-1,-1,-1,8,1
201314K024013,1,9,0,18,0,0,0,0,4,6,1,1,6,2,6,1461,2,7,2,1
201314K024013,2,9,0,11,0,0,0,0,0,0,0,1,6,3,-1,1560,2,1,1,2
201314K024513,1,9,0,18,0,0,0,0,0,0,1,1,6,2,10,2204,2,8,6,3
201314K024513,2,9,0,2,0,0,0,0,0,0,2,1,6,3,-1,1598,1,5,-1,-1
201314K024613,1,3,0,18,0,1,0,0,0,0,4,1,6,1,4,124,1,6,3,1
201314K024613,2,9,0,18,0,1,0,0,0,0,1,1,6,1,-1,1796,1,12,-1,-1
201314K025113,1,9,0,18,0,3,0,0,0,0,1,1,6,1,5,1461,2,7,6,1
201314K025113,2,8,0,18,0,1,0,0,0,0,1,1,6,1,6,1896,2,7,9,1
201314K026113,1,9,0,9,0,6,0,0,0,0,3,1,2,2,6,1399,2,1,7,1
201314K026113,2,9,0,18,0,1,0,0,0,0,1,1,2,2,5,998,1,4,8,1
201314K026213,1,9,0,18,0,1,0,0,0,0,1,1,6,1,6,2231,2,6,2,1
201314K026213,2,8,0,18,0,1,0,0,0,0,4,1,1,1,7,2402,2,11,2,1
201314K026513,1,9,0,3,0,0,0,0,0,0,0,1,6,1,10,2199,2,1,8,3
201314K026513,2,9,0,4,0,0,0,4,0,0,1,1,1,1,5,1896,2,8,5,1
201314K027313,1,9,0,4,0,8,0,0,0,0,0,1,1,1,6,1560,2,2,4,1
201314K027313,2,9,0,4,0,8,0,0,0,0,2,1,2,2,4,1299,1,12,3,2
201314K027313,3,9,0,18,0,8,0,0,0,0,1,1,2,1,9,1360,1,8,7,1
201314K027613,1,9,0,4,0,1,0,0,0,0,1,1,6,2,4,1199,1,12,2,1
201314K027613,2,9,0,18,0,1,0,0,0,0,3,1,3,2,6,1753,2,8,1,1
201314K027913,1,11,0,2,0,0,0,0,0,0,0,1,1,1,7,9600,2,13,3,1
201314K028313,1,9,0,4,0,0,0,0,0,0,1,1,6,3,-1,-1,-1,-1,-1,-1
201314K028713,1,9,0,18,0,1,0,0,0,0,1,1,6,2,6,1598,2,2,4,1
201314K029113,1,8,0,15,0,8,0,0,0,0,0,1,1,1,6,2499,2,2,2,1
201314K029313,1,9,0,18,0,0,0,0,0,0,1,1,2,1,8,1761,1,17,3,2
201314K029613,1,9,0,18,0,0,0,0,0,0,1,1,6,1,9,1995,2,4,1,1
201314K029713,1,18,0,2,1,0,0,0,0,0,0,1,1,3,-1,-1,-1,-1,-1,-1
201314K029913,1,9,0,18,0,8,0,0,0,0,1,1,4,1,7,1560,2,1,5,1
201314K029913,2,9,0,18,0,6,0,0,0,0,4,1,4,2,9,1242,1,3,10,1
201314K030313,1,9,0,2,0,0,0,0,0,0,2,1,6,1,9,1560,2,4,9,1
201314K030313,2,9,0,1,0,0,0,0,0,0,2,1,6,3,-1,-1,-1,-1,-1,-1
201314K030513,1,8,0,5,0,4,0,0,0,0,1,1,1,1,6,1910,2,8,3,1
201314K030513,2,1,0,18,0,8,0,0,0,0,1,1,6,1,6,-1,-1,-1,9,1
201314K030613,1,9,0,6,0,8,0,0,0,0,3,1,6,1,6,1796,1,3,1,1
201314K030613,2,1,0,18,0,8,0,0,0,0,1,1,6,1,7,-1,-1,-1,5,1
201314K030913,1,9,0,16,0,4,0,0,0,0,2,1,6,2,8,1299,1,10,5,1
201314K030913,2,9,0,14,0,3,0,0,0,0,1,1,6,3,-1,-1,-1,-1,-1,-1
201314K031813,1,9,0,18,0,0,0,0,0,0,1,1,6,1,6,1905,2,15,1,1
201314K031813,2,9,0,18,0,0,0,0,0,0,1,1,6,1,5,1596,1,7,7,1
201314K031813,3,9,0,18,0,0,0,0,0,0,1,1,6,1,8,1390,1,12,3,1
201314K031913,1,9,0,18,0,2,0,0,0,0,1,1,6,2,5,1149,1,11,9,1
201314K032113,1,9,0,4,0,0,0,0,0,0,1,1,6,3,-1,1910,2,8,-1,-1
201314K032513,1,9,0,18,0,1,0,0,0,0,4,1,6,2,6,1360,1,7,1,1
201314K032613,1,8,0,5,0,0,0,0,0,0,4,1,6,3,-1,-1,-1,-1,-1,-1
201314K033413,1,9,0,18,0,8,0,0,0,0,4,1,1,1,8,1396,1,14,5,1
201314K033413,2,3,0,12,0,8,0,0,0,0,3,1,1,1,5,124,1,-1,2,1
201314K033713,1,3,0,18,0,8,0,0,0,0,0,1,1,1,6,124,1,1,2,1
201314K034313,1,9,0,18,0,1,0,0,7,0,1,1,4,1,5,1328,1,12,3,1
201314K034313,2,9,0,6,0,1,0,0,0,0,1,1,6,1,6,-1,-1,-1,5,1
201314K034413,1,9,0,9,0,1,0,0,0,0,3,1,6,1,11,2198,2,4,10,1
201314K034413,2,9,0,17,0,1,0,0,0,0,1,1,6,2,9,998,1,11,7,1
201314K035113,1,5,0,3,0,0,0,0,0,0,1,1,6,1,6,636,1,7,2,1
201314K035113,2,9,0,1,0,0,0,0,0,0,2,1,6,1,-1,-1,-1,-1,8,1
201314K035213,1,4,0,18,0,0,1,0,0,0,1,1,1,1,8,-1,-1,-1,1,1
201314K035213,2,9,0,2,0,0,0,0,0,0,0,1,6,1,8,-1,-1,-1,1,1
201314K035513,1,9,0,18,0,8,0,0,0,0,3,1,6,2,4,1390,1,13,1,1
201314K035513,2,9,0,18,0,8,0,0,0,0,1,1,6,3,-1,-1,-1,-1,-1,-1
201314K036013,1,9,0,18,0,0,0,0,0,0,1,1,6,1,6,1390,1,6,8,1
201314K036013,2,9,0,2,0,0,0,0,0,0,1,1,6,3,-1,1560,2,3,-1,-1
201314K036113,1,9,0,18,0,0,0,0,0,0,4,1,4,2,9,1598,1,4,1,1
201314K036413,1,9,0,18,0,4,0,0,0,0,1,1,6,2,7,1796,1,6,1,1
201314K036413,2,9,0,18,0,4,0,0,0,0,1,1,6,1,6,1984,1,2,4,1
201314K036613,1,9,0,4,0,8,0,0,0,0,1,1,6,1,7,1590,1,12,5,1
201314K036613,2,9,0,9,0,8,0,0,0,0,1,1,6,1,6,1390,1,6,8,1
201314K036813,1,9,0,7,0,8,0,0,0,0,4,1,1,1,7,-1,-1,-1,1,1
201314K036813,2,1,0,18,0,8,0,0,0,0,3,1,2,1,6,-1,-1,-1,6,1
201314K036913,1,9,0,2,0,1,0,0,0,0,3,1,6,2,6,1364,1,8,-1,-1
201314K036913,2,9,0,18,0,2,0,0,0,0,1,1,6,1,9,1870,2,12,5,1
201314K037213,1,11,0,2,0,0,0,0,0,0,0,1,1,1,8,6871,2,14,3,2
201314K037513,1,9,0,2,0,0,0,0,0,0,3,1,3,2,7,989,1,13,9,1
201314K037513,2,9,0,18,0,0,0,0,0,0,4,1,6,3,-1,1600,1,13,-1,-1
201314K037613,1,11,0,18,2,0,0,0,0,0,4,1,1,1,8,8268,2,11,1,1
201314K037913,1,9,0,1,0,0,0,0,0,0,3,1,6,3,-1,2000,1,4,-1,-1
201314K038013,1,1,0,4,0,0,2,0,0,0,2,1,6,1,5,-1,-1,-1,1,1
201314K038013,2,9,0,13,0,0,2,0,0,0,1,1,6,1,5,-1,-1,-1,1,1
201314K038013,3,9,0,2,0,0,0,0,0,0,0,1,6,2,8,1984,1,5,3,1
201314K038113,1,9,0,18,0,0,0,0,7,0,1,1,1,1,6,-1,-1,-1,2,1
201314K038113,2,11,0,18,0,0,0,0,0,0,1,1,1,3,-1,2402,2,6,6,1
201314K038613,1,3,0,18,0,2,0,0,0,0,0,1,6,1,4,-1,-1,-1,1,1
201314K039113,1,9,0,5,0,2,0,0,0,0,1,1,6,2,9,1248,1,4,10,1
201314K039213,1,9,0,18,0,1,0,0,0,0,3,1,6,1,8,-1,-1,-1,6,1
201314K039513,1,9,0,5,0,1,0,0,0,0,2,1,2,1,9,1956,2,1,1,1
201314K039513,2,9,0,5,0,1,0,0,0,0,1,1,2,2,8,998,1,12,6,1
201314K039613,1,9,0,3,0,0,0,0,0,0,0,1,1,1,6,1686,2,3,1,1
201314K039613,2,9,0,18,0,0,0,0,0,0,1,1,6,1,9,-1,-1,-1,3,1
201314K039613,3,9,0,3,0,0,0,0,0,0,1,1,6,2,8,1769,1,8,3,1
201314K040113,1,9,0,7,0,1,0,0,0,0,4,1,2,2,6,1242,1,5,1,1
201314K040113,2,1,0,18,0,1,0,0,0,0,1,1,2,1,8,-1,-1,-1,6,1
201314K040513,1,9,0,18,0,1,0,0,0,0,1,1,1,1,9,-1,-1,-1,5,1
201314K041313,1,11,0,2,0,0,0,0,0,0,0,1,1,1,8,4461,2,-1,6,1
201314K041513,1,9,0,18,0,0,0,0,0,0,1,1,6,2,4,998,1,6,6,1
201314K041613,1,9,0,13,0,0,5,0,7,10,1,1,6,1,6,1896,2,7,5,1
201314K041613,2,9,0,9,0,0,0,0,0,0,1,1,6,1,8,1388,1,6,5,3
201314K041913,1,11,0,2,0,1,0,0,0,0,0,1,1,1,6,9360,2,6,1,1
201314K042013,1,9,0,18,0,1,0,0,0,0,1,1,6,1,10,1956,2,4,1,1
201314K042013,2,5,0,18,0,1,0,0,0,0,1,1,6,1,5,649,1,3,4,1
201314K042113,1,9,0,10,0,0,0,0,0,0,0,1,3,2,8,1600,2,2,4,2
201314K042113,2,9,0,18,0,0,0,0,0,0,2,1,2,2,8,1461,2,5,6,1
201314K042113,3,9,0,18,0,0,0,0,0,0,1,1,2,1,6,1242,1,5,1,1
201314K042113,4,9,0,18,0,0,0,0,0,0,1,1,2,2,9,-1,-1,-1,8,1
201314K042713,1,20,0,18,0,0,0,0,0,0,1,1,1,1,6,-1,-1,-1,4,1
201314K042713,2,9,0,4,0,0,0,0,0,0,1,1,2,1,7,1988,1,13,7,1
201314K042813,1,9,0,18,0,4,0,0,0,0,2,1,4,2,7,1995,1,6,5,2
201314K042813,2,9,0,18,0,1,0,0,0,0,1,1,6,1,6,-1,-1,-1,2,1
201314K043113,1,8,0,4,6,0,0,0,0,0,1,1,1,1,8,2664,2,11,2,1
201314K043413,1,9,0,17,0,1,0,0,0,0,1,1,1,2,8,1242,1,9,7,1
201314K043813,1,9,0,9,0,0,0,0,1,2,4,1,1,2,7,998,1,6,7,3
201314K043813,2,9,0,9,0,0,0,0,0,0,1,1,6,2,9,1229,1,7,8,1
201314K043913,1,9,0,4,0,1,0,0,0,0,1,1,6,3,-1,-1,-1,-1,-1,-1
201314K044213,1,3,0,18,0,0,0,0,0,0,1,1,2,1,4,124,1,2,1,1
201314K044213,2,8,0,6,0,0,0,0,0,0,4,1,1,3,-1,1997,2,8,3,1
201314K044313,1,3,0,9,0,8,0,0,0,0,1,1,2,2,5,124,1,1,8,1
201314K044313,2,9,0,18,0,8,1,0,0,0,1,1,2,2,8,1339,1,9,4,1
201314K044513,1,10,0,18,0,0,0,0,0,0,4,1,1,1,8,-1,-1,-1,2,1
201314K044813,1,9,0,10,0,1,0,0,0,0,1,1,6,1,7,1986,2,8,2,1
201314K044813,2,3,0,13,0,1,0,0,0,0,2,1,6,1,4,125,1,5,1,1
201314K045013,1,9,0,18,0,0,0,0,0,0,1,1,6,1,6,1968,2,1,5,1
201314K045013,2,5,0,3,0,0,0,0,0,0,2,1,6,1,5,645,1,12,8,1
201314K045213,1,9,0,18,0,8,0,0,0,0,2,1,2,1,6,1242,1,5,5,1
201314K045213,2,9,0,18,0,8,0,0,0,0,1,1,2,2,9,1124,1,8,6,1
201314K045613,1,3,0,9,0,6,0,0,0,0,1,1,6,1,5,125,1,8,9,1
201314K045613,2,9,0,18,0,1,0,0,0,0,1,1,6,2,6,1689,2,12,9,1
201314K045913,1,11,0,18,0,1,0,0,0,0,0,1,1,1,4,7300,2,7,1,1
201314K045913,2,9,0,7,0,1,0,0,0,0,0,1,6,3,-1,-1,-1,-1,-1,-1
201314K046313,1,9,0,5,0,1,0,0,0,0,4,1,6,1,8,1910,2,5,1,1
201314K046313,2,1,0,18,0,1,2,0,0,0,1,1,6,1,8,-1,-1,-1,1,1
201314K046413,1,9,0,9,0,0,0,0,0,0,2,1,1,2,5,1995,2,1,8,1
201314K046413,2,20,0,18,0,0,0,0,0,0,1,1,1,1,8,-1,-1,-1,-1,-1
201314K046613,1,9,0,6,0,0,0,0,0,0,1,1,6,2,5,1995,2,5,10,1
201314K046613,2,9,0,18,0,0,0,0,0,0,3,1,6,2,8,1198,1,5,3,1
201314K046813,1,1,0,18,0,1,0,0,0,0,3,1,6,1,8,-1,-1,-1,10,1
201314K046813,2,9,0,18,0,1,0,0,0,0,1,1,6,2,6,1560,2,2,6,3
201314K048613,1,9,0,12,0,0,0,0,4,6,3,1,6,2,9,1242,1,9,3,1
201314K048613,2,19,0,18,0,0,0,0,0,0,4,1,1,1,4,2143,2,2,7,1
201314K048813,1,9,0,18,0,0,0,0,0,0,2,1,6,2,7,-1,-1,-1,8,3
201314K048813,2,9,0,18,0,0,0,0,2,6,1,1,6,1,5,-1,-1,-1,7,1
201314K048813,3,9,0,18,0,0,0,0,0,0,3,1,6,1,9,1198,1,6,10,3
201314K049213,1,9,0,18,0,1,0,0,0,0,1,1,6,1,8,1598,1,11,6,2
201314K049413,1,11,0,5,0,8,0,0,0,0,3,1,1,1,6,3900,2,7,1,1
201314K049413,2,9,0,13,0,8,0,0,0,0,4,1,6,1,-1,1956,2,4,6,1
201314K050213,1,9,0,9,0,5,0,0,0,0,1,1,6,3,-1,-1,-1,-1,-1,-1
201314K050413,1,9,0,18,0,8,0,0,0,0,1,1,6,3,-1,-1,-1,-1,-1,-1
201314K051213,1,9,0,4,0,0,0,0,0,0,1,1,6,2,5,1896,2,11,6,1
201314K051213,2,9,0,4,0,0,0,0,0,0,2,1,6,2,10,1798,8,1,7,3
201314K051213,3,9,0,7,0,0,0,0,0,0,2,1,6,2,9,-1,-1,-1,8,1
201314K051413,1,9,0,18,0,0,0,0,0,0,1,1,6,1,-1,-1,-1,-1,4,1
201314K051713,1,9,0,18,0,0,0,0,0,0,1,1,6,1,7,1796,1,9,3,1
201314K052413,1,8,0,7,0,1,0,0,0,0,0,1,1,1,9,2402,2,7,2,1
201314K052413,2,1,0,18,0,1,0,0,0,0,1,1,6,1,6,-1,-1,-1,8,1
201314K052613,1,9,0,7,0,8,0,0,0,0,4,1,6,1,8,1598,1,9,3,1
201314K052613,2,9,0,2,0,2,0,0,0,0,4,1,6,1,9,1686,2,1,4,1
201314K052613,3,9,0,2,0,2,0,0,0,0,2,1,6,1,9,2926,2,11,1,1
201314K052813,1,1,0,18,0,1,0,0,0,0,1,1,6,1,4,-1,-1,-1,8,1
201314K052813,2,9,0,9,0,1,0,0,0,0,4,1,6,3,-1,1296,1,5,-1,-1
201314K052913,1,9,0,7,0,8,0,10,1,10,1,1,2,2,5,1323,1,11,1,1
201314K053013,1,9,0,4,0,1,0,0,0,0,1,1,6,1,5,1199,1,11,1,1
201314K053013,2,3,0,4,0,1,0,0,0,0,2,1,1,1,4,124,1,1,9,1
201314K053113,1,9,0,3,0,1,0,0,0,0,1,1,6,1,6,1242,1,11,9,1
201314K053113,2,9,0,7,0,8,0,0,0,0,1,1,6,3,-1,-1,-1,-1,-1,-1
201314K053213,1,3,0,14,0,1,2,0,0,0,4,1,1,1,4,124,1,2,1,1
201314K053313,1,9,0,9,0,2,0,0,0,0,1,1,6,1,8,2993,2,8,6,1
201314K053313,2,3,0,18,0,1,2,0,0,0,1,1,6,1,8,125,1,35,2,1
201314K053613,1,9,0,7,9,5,0,0,7,10,1,1,6,1,5,-1,-1,-1,4,1
201314K053813,1,9,0,18,0,0,0,10,4,10,1,1,6,1,9,1845,1,21,4,1
201314K053813,2,9,0,18,0,0,0,0,1,2,1,1,6,2,6,1490,1,4,5,2
201314K054213,1,2,0,18,0,0,1,0,0,0,1,1,1,1,4,49,1,1,1,1
201314K054213,2,9,0,4,0,0,0,0,0,0,2,1,1,2,6,-1,-1,-1,6,1
201314K054313,1,9,0,18,0,1,0,0,0,0,1,1,6,2,10,1997,2,6,8,1
201314K054313,2,9,0,9,0,1,0,0,0,0,1,1,6,1,11,1769,1,10,6,1
201314K054713,1,9,0,4,0,0,0,0,0,0,2,1,3,2,7,1332,1,5,7,2
201314K054713,2,3,0,18,0,0,0,0,0,0,1,1,6,1,4,124,1,1,1,1
201314K054913,1,9,0,9,0,5,0,0,0,0,1,1,6,2,8,1149,1,10,1,1
201314K054913,2,3,0,18,0,1,0,0,0,0,3,1,6,1,4,125,1,8,3,1
201314K054913,3,9,0,18,0,1,0,0,0,0,1,1,6,1,-1,-1,-1,-1,-1,-1
201314K055013,1,9,0,13,0,0,0,0,0,0,1,1,6,1,5,-1,-1,-1,5,1
201314K055013,2,9,0,14,0,0,0,0,0,0,0,1,6,3,-1,-1,-1,-1,-1,-1
201314K055513,1,1,0,18,0,1,0,0,0,0,1,1,6,1,6,-1,-1,-1,8,1
201314K055713,1,9,0,9,0,8,0,0,0,0,1,1,2,1,8,-1,-1,-1,5,1
201314K055713,2,1,0,18,0,1,0,0,0,0,0,1,6,1,9,-1,-1,-1,1,1
201314K055813,1,9,0,5,0,1,0,0,0,0,1,1,2,2,8,998,1,13,1,1
201314K056013,1,10,0,18,0,0,0,0,0,0,0,1,1,3,-1,1968,2,1,8,1
201314K056113,1,9,0,15,0,0,0,0,0,0,1,1,3,2,7,3311,8,8,6,1
201314K056213,1,9,0,5,0,4,0,0,0,0,1,1,6,2,8,1595,1,5,8,1
201314K056213,2,1,0,18,0,1,0,0,0,0,1,1,6,1,5,-1,-1,-1,1,1
201314K056313,1,9,0,14,0,0,0,0,0,0,1,1,6,1,9,1590,1,8,3,1
201314K056513,1,9,0,18,0,8,0,0,0,0,3,1,6,1,5,1995,2,-1,3,1
201314K056513,2,9,0,18,0,8,0,0,0,0,1,1,6,3,6,1560,2,7,9,1
201314K057113,1,9,0,18,0,0,0,0,0,0,0,1,6,2,9,1198,1,6,7,1
201314K057113,2,1,0,18,0,0,0,0,0,0,0,1,6,1,6,-1,-1,-1,2,1
201314K057613,1,1,0,18,0,1,1,4,0,0,0,1,6,2,9,-1,-1,-1,4,1
201314K057613,2,21,5,18,0,1,0,0,0,0,0,1,6,3,-1,-1,-1,-1,-1,-1
201314K057713,1,9,0,18,0,0,0,0,0,0,1,1,6,3,-1,-1,-1,-1,-1,-1
201314K057713,2,9,0,2,0,0,0,0,0,0,2,1,6,1,7,1994,1,8,1,1
201314K057713,3,9,0,18,0,0,0,0,0,0,3,1,6,1,8,1870,2,11,2,1
201314K057813,1,9,0,18,0,0,1,0,5,6,3,1,6,2,6,1900,2,9,1,1
201314K057913,1,9,0,18,0,1,0,0,0,0,4,1,6,1,9,1794,1,8,1,1
201314K058213,1,9,0,18,0,0,0,0,1,4,1,1,6,1,9,1753,2,12,3,1
201314K059113,1,9,0,7,0,1,0,0,0,0,1,1,3,1,7,995,1,9,5,1
201314K059113,2,9,0,17,9,1,0,0,2,10,4,1,1,2,9,1984,1,1,9,1
201314K059213,1,1,0,18,0,1,0,0,0,0,1,1,6,1,9,-1,-1,-1,2,1
201314K059213,2,9,0,7,0,1,0,0,0,0,2,1,6,3,-1,-1,-1,-1,-1,-1
201314K059313,1,9,0,18,0,1,0,0,0,0,3,1,1,1,6,2198,1,7,1,1
201314K060413,1,9,0,7,0,8,0,0,0,0,4,1,6,2,5,1388,1,7,6,1
201314K060413,2,1,0,18,0,8,0,0,0,0,3,1,6,1,3,-1,-1,-1,7,1
201314K060513,1,9,0,18,0,0,0,0,0,0,4,1,6,1,5,1124,1,16,5,1
201314K061013,1,9,0,14,0,0,0,0,0,0,3,1,6,2,6,1461,2,9,1,1
201314K061013,2,9,0,18,0,0,0,0,0,0,3,1,6,3,-1,-1,-1,-1,-1,-1