Accident_Index,Vehicle_Reference,Vehicle_Type,Towing_and_Articulation,Vehicle_Manoeuvre,Vehicle_Location-Restricted_Lane,Junction_Location,Skidding_and_Overturning,Hit_Object_in_Carriageway,Vehicle_Leaving_Carriageway,Hit_Object_off_Carriageway,1st_Point_of_Impact,Was_Vehicle_Left_Hand_Drive?,Journey_Purpose_of_Driver,Sex_of_Driver,Age_Band_of_Driver,Engine_Capacity_(CC),Propulsion_Code,Age_of_Vehicle,Driver_IMD_Decile,Driver_Home_Area_Type
201314K061213,1,9,0,9,0,6,0,0,0,0,4,1,2,1,9,-1,-1,-1,6,1
201314K061213,2,1,0,18,0,8,0,0,0,0,1,1,6,1,8,-1,-1,-1,9,1
201314K061613,1,9,0,9,0,2,0,0,0,0,0,1,6,1,6,-1,-1,-1,4,1
201314K061613,2,5,0,14,0,1,0,0,0,0,1,1,6,1,4,656,1,7,1,1
201314K062113,1,9,0,18,0,1,0,0,0,0,1,1,6,1,8,973,1,14,3,1
201314K062113,2,9,0,9,0,6,0,0,0,0,1,1,6,1,5,1332,1,16,2,1
201314K062213,1,3,0,8,0,1,0,0,0,0,2,1,6,1,8,124,1,-1,3,1
201314K062213,2,9,0,5,0,1,0,0,0,0,1,1,6,2,7,1198,1,8,10,1
201314K062313,1,9,0,1,0,1,0,0,0,0,2,1,6,3,-1,1086,1,11,-1,-1
201314K062613,1,5,0,18,0,1,0,0,0,0,1,1,2,1,8,656,1,8,7,1
201314K062813,1,9,0,5,0,4,0,0,0,0,4,1,1,2,5,998,1,4,1,1
201314K062813,2,1,0,3,0,4,0,0,0,0,2,1,1,1,7,-1,-1,-1,5,3
201314K063013,1,9,0,18,0,1,0,0,1,10,3,1,6,2,5,998,1,6,7,1
201314K063013,2,9,0,18,0,1,0,0,0,0,4,1,6,2,5,1349,1,3,1,1
201314K063213,1,19,0,4,0,8,2,0,0,0,1,1,6,1,9,2874,2,14,2,1
201314K063213,2,9,0,4,0,8,0,0,0,0,2,1,2,1,7,-1,-1,-1,1,1
201314K063713,1,5,0,18,0,0,0,0,0,0,1,1,2,1,9,892,1,14,1,1
201314K064313,1,9,0,18,1,0,0,0,0,0,1,1,6,1,11,1596,1,-1,1,1
201314K064313,2,9,0,18,1,0,0,0,0,0,1,1,6,2,10,1596,1,5,4,3
201314K064413,1,18,0,5,1,0,0,0,0,0,0,1,1,1,8,-1,-1,-1,4,2
201314K064913,1,9,0,14,0,0,0,0,0,0,4,1,6,2,7,1595,1,5,4,2
201314K065113,1,9,0,4,0,4,1,9,5,1,3,1,6,1,5,1995,1,1,7,1
201314K065413,1,9,0,4,0,8,0,0,0,0,2,1,6,2,4,1299,1,10,9,1
201314K065413,2,9,0,18,0,2,0,0,0,0,1,1,6,1,6,1598,2,2,1,1
201314K065913,1,9,0,18,0,0,0,0,0,0,2,1,6,2,6,1360,1,7,1,1
201314K065913,2,9,0,18,0,0,0,0,0,0,1,1,6,3,-1,1596,1,12,1,1
201314K066113,1,9,0,18,0,1,0,0,0,0,1,1,6,2,6,-1,-1,-1,5,1
201314K066313,1,90,0,18,0,1,0,0,0,0,0,1,1,1,6,2461,2,5,1,1
201314K066313,2,9,0,18,0,1,0,0,0,0,2,1,6,2,8,1598,1,11,1,1
201314K066313,3,9,0,18,0,1,1,0,0,0,1,1,6,2,6,1596,1,14,3,1
201314K066413,1,4,0,18,0,1,1,0,0,0,1,1,2,1,6,-1,-1,-1,4,1
201314K066413,2,9,0,5,0,2,0,0,0,0,3,1,6,2,9,1493,1,16,1,1
201314K066513,1,9,0,18,0,0,0,0,0,0,1,1,6,1,7,-1,-1,-1,9,1
201314K066513,2,9,0,18,0,0,0,0,0,0,1,1,6,2,6,1995,2,9,5,3
201314K066613,1,9,0,18,0,2,0,0,0,0,1,1,6,1,10,1197,1,1,9,1
201314K066813,1,9,0,18,0,0,0,0,1,5,1,1,6,1,7,1997,1,13,9,1
201314K066913,1,1,0,18,0,1,0,0,0,0,1,1,1,1,7,-1,-1,-1,8,2
201314K066913,2,9,0,4,0,1,0,0,0,0,4,1,6,2,-1,1991,2,10,2,1
201314K067013,1,11,0,18,0,0,0,0,0,0,0,1,1,1,7,9360,2,6,2,1
201314K067013,2,9,0,18,0,0,0,0,0,0,0,1,6,1,6,998,1,12,4,1
201314K067213,1,1,0,18,0,8,0,0,0,0,1,1,2,1,6,-1,-1,-1,6,1
201314K067213,2,9,0,18,0,6,0,0,0,0,1,1,6,2,8,2000,2,4,9,1
201314K067513,1,11,0,2,0,0,0,0,0,0,0,1,6,1,7,9600,2,12,10,3
201314K067813,1,3,0,18,0,1,0,0,0,0,1,1,6,1,10,124,1,14,4,1
201314K067813,2,9,0,9,0,6,1,0,0,0,3,1,6,2,8,1390,1,2,6,1
201314K067913,1,9,0,3,0,0,0,0,0,0,2,1,6,2,8,-1,-1,-1,7,1
201314K067913,2,5,0,18,0,0,0,0,0,0,1,1,6,1,5,599,1,12,4,1
201314K068113,1,9,0,9,0,8,0,0,0,0,2,1,6,1,8,-1,-1,-1,2,1
201314K068113,2,5,0,13,0,1,0,0,0,0,1,1,6,3,-1,599,1,9,-1,-1
201314K068513,1,3,0,16,0,8,2,0,0,0,1,1,6,1,4,124,1,2,2,1
201314K068513,2,9,0,4,0,6,0,0,0,0,3,1,6,3,-1,-1,-1,-1,-1,-1
201314K068713,1,9,0,10,0,5,0,0,0,0,2,1,6,2,6,1968,2,-1,3,1
201314K068713,2,9,0,18,0,1,0,0,0,0,1,1,6,1,4,-1,-1,-1,4,2
201314K068813,1,9,0,8,0,1,0,0,0,0,2,1,6,1,7,1198,1,1,3,1
201314K068813,2,9,0,4,0,1,0,0,0,0,1,1,6,1,-1,1398,1,12,-1,-1
201314K069213,1,9,0,9,0,8,0,0,0,0,1,1,6,1,4,1198,1,11,5,1
201314K069313,1,11,0,18,3,2,0,0,0,0,1,1,1,3,-1,11000,2,9,1,1
201314K069413,1,8,0,18,0,0,0,4,0,0,1,1,1,1,-1,1997,2,8,5,1
201314K069413,2,9,0,2,0,0,0,0,0,0,2,1,6,3,-1,1242,1,7,-1,-1
201314K069813,1,9,0,18,0,1,0,0,7,1,1,1,6,1,5,1910,2,9,2,1
201314K069913,1,19,0,18,0,0,0,0,8,4,1,1,1,1,9,1753,2,1,4,2
201314K070113,1,9,0,18,0,8,0,0,0,0,4,1,1,2,7,2143,2,-1,5,1
201314K070113,2,9,0,9,0,2,0,0,0,0,1,1,6,2,6,1560,2,4,6,2
201314K070313,1,9,0,9,0,1,0,0,0,0,2,1,6,2,6,-1,-1,-1,2,1
201314K070313,2,9,0,18,0,1,0,0,0,0,1,1,6,1,6,2231,2,7,2,1
201314K070513,1,9,0,18,0,8,0,0,0,0,3,1,6,2,8,1798,1,6,2,1
201314K070513,2,9,0,18,0,8,0,0,0,0,1,1,6,1,10,1582,2,1,8,1
201314K070913,1,9,0,18,0,1,0,0,0,0,1,1,6,1,8,1796,1,5,2,1
201314K070913,2,1,0,18,0,8,1,0,0,0,4,1,6,1,5,-1,-1,-1,1,1
201314K071113,1,9,0,8,0,1,0,0,0,0,2,1,6,2,5,1390,1,7,1,1
201314K071113,2,9,0,18,0,1,1,0,0,0,1,1,6,1,10,1991,2,8,6,1
201314K071313,1,9,0,4,0,4,1,0,0,0,1,1,6,1,5,1242,1,7,1,1
201314K071313,2,9,0,3,0,4,0,0,0,0,2,1,6,1,5,1461,2,7,2,1
201314K071513,1,9,0,18,0,1,0,0,0,0,4,1,3,2,7,1995,2,12,2,1
201314K071513,2,9,0,18,0,1,0,0,0,0,1,1,6,3,-1,-1,-1,-1,-1,-1
201314K071813,1,9,0,18,0,1,0,0,0,0,1,1,6,1,5,1896,2,6,2,1
201314K071813,2,9,0,9,0,1,0,0,0,0,4,1,1,3,-1,-1,-1,-1,8,1
201314K071913,1,9,0,3,0,0,0,0,0,0,2,1,6,1,8,-1,-1,-1,2,1
201314K071913,2,9,0,3,0,0,0,0,0,0,2,1,6,2,5,1686,2,7,7,1
201314K071913,3,9,0,3,0,0,0,0,0,0,2,1,6,1,9,2000,2,9,2,1
201314K071913,4,9,0,18,0,0,0,0,0,0,1,1,1,1,10,-1,-1,-1,-1,-1
201314K072213,1,8,0,3,0,1,0,0,0,0,2,1,1,1,7,2664,2,13,3,1
201314K072213,2,9,0,3,0,1,0,0,0,0,2,1,6,1,4,1299,1,9,4,1
201314K072213,3,9,0,18,0,1,0,0,0,0,1,1,6,1,5,998,1,14,2,1
201314K072313,1,9,0,18,0,1,0,0,0,0,1,1,6,2,6,1149,1,3,1,1
201314K072313,2,1,0,18,0,1,0,0,0,0,1,1,6,1,6,-1,-1,-1,2,1
201314K072413,1,9,0,18,0,1,0,0,3,0,3,1,6,1,4,1396,1,9,2,1
201314K072413,2,9,0,18,0,1,0,0,1,0,3,1,6,2,8,1560,2,3,7,2
201314K072713,1,9,0,18,0,3,0,0,0,0,2,1,6,1,9,1242,1,3,1,1
201314K072713,2,9,0,18,0,3,0,0,0,0,1,1,6,1,5,1796,1,11,3,1
201314K072713,3,3,0,18,0,3,0,0,0,0,0,1,6,3,-1,-1,-1,-1,-1,-1
201314K072813,1,9,0,3,0,1,0,0,0,0,2,1,6,1,4,998,1,4,1,1
201314K072813,2,9,0,18,0,1,0,0,0,0,1,1,6,3,-1,1598,1,12,1,1
201314K073013,1,9,0,9,0,6,0,0,0,0,3,1,6,2,6,1598,1,2,3,1
201314K073013,2,9,0,18,0,1,0,0,0,0,1,1,2,1,6,-1,-1,-1,3,1
201314K073113,1,9,0,18,0,1,0,0,0,0,4,1,6,1,6,-1,-1,-1,3,1
201314K073113,2,9,0,18,0,7,0,0,0,0,3,1,6,1,9,1796,7,10,6,1
201314K073213,1,8,0,15,0,0,0,0,0,0,4,1,1,3,-1,1997,2,6,1,1
201314K073513,1,9,0,18,0,2,0,0,0,0,1,1,6,1,5,1248,1,3,2,1
201314K074013,1,9,0,5,0,8,0,0,0,0,4,1,6,1,4,1299,1,12,1,1
201314K074013,2,9,0,18,0,1,0,0,1,0,1,1,6,2,9,1229,1,2,8,1
201314K074113,1,9,0,18,0,0,0,0,0,0,1,1,2,1,5,998,1,8,4,1
201314K074113,2,9,0,3,0,0,0,0,0,0,2,1,2,2,6,1598,1,6,7,1
201314K074113,3,9,0,3,0,0,0,0,0,0,0,1,2,2,8,1798,1,3,6,3
201314K074313,1,9,0,18,0,1,0,0,0,0,1,1,6,1,11,1598,1,5,3,1
201314K074313,2,9,0,18,0,1,0,0,0,0,3,1,6,2,5,1328,1,7,6,1
201314K074813,1,8,0,18,0,1,0,0,0,0,1,1,1,1,7,1997,2,7,1,1
201314K074813,2,1,0,3,0,1,0,0,0,0,1,1,2,1,5,-1,-1,-1,5,1
201314K074913,1,9,0,11,0,3,0,0,0,0,1,1,2,1,5,1595,1,7,1,1
201314K074913,2,1,0,18,0,3,0,0,0,0,4,1,6,1,8,-1,-1,-1,5,1
201314K075013,1,9,0,3,0,1,0,0,0,0,2,1,2,1,7,1984,1,16,6,1
201314K075013,2,9,0,18,0,1,0,0,0,0,1,1,2,1,6,1598,2,2,7,1
201314K075613,1,1,0,18,0,8,0,0,0,0,1,1,2,1,6,-1,-1,-1,3,3
201314K075613,2,9,0,18,0,8,0,0,0,0,4,1,6,2,7,1339,8,1,2,1
201314K075713,1,18,0,18,1,8,0,0,0,0,0,1,1,1,9,-1,-1,-1,6,1
201314K075713,2,9,0,9,0,6,0,0,0,0,0,1,6,3,-1,-1,-1,-1,-1,-1
201314K075813,1,9,0,14,0,0,5,4,0,0,2,1,1,2,5,1400,1,13,5,1
201314K075813,2,9,0,2,0,0,0,0,0,0,2,1,6,1,8,1587,1,10,3,1
201314K075813,3,9,0,2,0,0,0,0,0,0,2,1,6,1,9,1360,1,6,3,1
201314K076013,1,9,0,9,0,6,0,0,0,0,3,1,6,1,8,1685,2,2,6,1
201314K076013,2,3,0,18,0,1,1,0,0,0,3,1,6,1,5,124,1,2,3,1
201314K076113,1,9,0,18,0,0,0,0,0,0,1,1,6,2,8,1360,1,7,8,1
201314K076113,2,9,0,4,0,0,0,0,0,0,2,1,6,1,6,-1,-1,-1,2,1
201314K076313,1,9,0,7,0,2,0,0,0,0,1,1,2,2,5,1198,1,5,9,1
201314K076313,2,9,0,18,0,1,0,0,0,0,4,1,6,2,9,1197,1,2,10,1
201314K076813,1,9,0,9,0,2,0,0,0,0,1,1,6,1,5,1900,2,9,1,1
201314K076913,1,9,0,4,0,6,0,0,0,0,1,1,6,1,7,1968,2,3,10,1
201314K077413,1,9,0,4,0,1,0,0,0,0,3,1,6,1,8,1896,2,9,10,1
201314K077413,2,1,0,18,0,8,0,0,0,0,1,1,6,1,5,-1,-1,-1,10,1
201314K077513,1,11,0,18,0,2,0,0,0,0,0,1,1,1,7,9600,2,15,1,1
201314K077513,2,9,0,2,0,2,0,0,0,0,0,1,6,3,-1,1396,1,12,-1,-1
201314K077613,1,9,0,3,0,1,0,0,0,0,2,1,6,1,6,1783,1,13,1,1
201314K077613,2,9,0,18,0,1,0,0,0,0,1,1,6,2,7,1598,2,3,10,1
201314K078213,1,9,0,18,0,0,1,0,0,0,1,1,6,1,6,2151,2,10,1,1
201314K078213,2,9,0,2,0,0,0,0,1,0,2,1,6,3,-1,1229,1,5,3,1
201314K078213,3,9,0,2,0,0,0,0,0,0,1,1,6,3,-1,2188,2,9,2,1
201314K078413,1,9,0,1,0,1,0,0,0,0,2,1,6,3,-1,-1,-1,-1,-1,-1
201314K078813,1,9,0,18,0,1,0,0,0,0,1,1,6,2,6,2179,2,6,8,3
201314K078813,2,9,0,18,0,1,0,0,0,0,2,1,6,2,7,1086,1,5,8,1
201314K078813,3,9,0,2,0,1,0,0,0,0,2,1,6,2,9,1149,1,3,7,3
201314K079013,1,9,0,18,0,8,0,0,0,0,4,1,6,2,8,1390,1,15,8,1
201314K079013,2,9,0,18,0,8,0,0,0,0,1,1,6,2,4,1985,1,14,9,1
201314K079013,3,9,0,3,0,1,0,0,0,0,1,1,6,1,9,-1,-1,-1,7,1
201314K079213,1,9,0,18,0,1,0,0,0,0,2,1,6,1,8,1364,1,3,1,1
201314K079213,2,9,0,18,0,1,0,0,0,0,0,1,6,2,7,-1,-1,-1,-1,-1
201314K079213,3,3,0,18,0,1,0,0,0,0,1,1,6,1,9,-1,-1,-1,5,1
201314K079413,1,9,0,5,0,1,0,0,0,0,1,1,2,2,5,1598,1,1,7,1
201314K079413,2,2,0,5,0,4,0,0,0,0,2,1,6,1,7,49,1,1,1,1
201314K079613,1,1,0,18,0,1,0,0,0,0,1,1,6,1,7,-1,-1,-1,4,1
201314K079613,2,9,0,9,0,8,0,0,0,0,1,1,6,1,5,1998,1,17,10,2
201314K079713,1,9,0,4,0,1,0,0,0,0,0,1,1,1,6,-1,-1,-1,2,1
201314K079813,1,9,0,18,0,0,0,0,0,0,2,1,6,2,9,1995,2,6,7,2
201314K079813,2,9,0,18,0,0,0,0,0,0,1,1,6,2,6,1124,1,13,3,1
201314K080113,1,5,0,7,0,8,0,0,0,0,3,1,6,1,5,600,1,12,4,1
201314K080113,2,1,0,18,0,8,0,0,0,0,1,1,6,2,-1,-1,-1,-1,7,1
201314K080813,1,9,0,9,0,8,0,0,0,0,1,1,6,1,4,1497,1,13,4,1
201314K080813,2,9,0,18,0,8,0,0,0,0,1,1,6,1,5,1598,2,1,2,1
201314K081313,1,9,0,18,0,1,0,0,0,0,3,1,6,1,7,1598,1,11,3,1
201314K081313,2,3,0,18,0,1,0,0,0,0,1,1,6,1,5,-1,-1,-1,1,1
201314K081813,1,9,0,18,0,8,0,0,0,0,3,1,6,2,8,1299,1,7,3,1
201314K081813,2,3,0,18,0,8,0,0,0,0,1,1,2,1,4,124,1,1,2,1
201314K082013,1,4,0,14,0,0,0,0,0,0,1,1,1,1,8,-1,-1,-1,3,1
201314K082113,1,9,0,13,0,1,0,0,0,0,4,1,6,1,4,998,1,9,9,1
201314K082113,2,1,0,7,0,1,0,0,0,0,3,1,6,1,10,-1,-1,-1,7,1
201314K082613,1,11,0,18,0,1,0,0,0,0,1,1,1,1,8,9600,2,12,2,1
201314K083013,1,9,0,18,0,6,0,0,0,0,4,1,2,2,8,1686,2,10,5,1
201314K083513,1,9,0,2,6,0,0,0,0,0,2,1,6,1,6,2231,2,6,2,1
201314K083513,2,9,0,1,6,0,0,0,0,0,2,1,6,2,4,1242,1,12,1,1
201314K083713,1,9,0,10,0,5,0,0,0,0,2,1,4,1,5,-1,-1,-1,4,1
201314K083713,2,9,0,18,0,1,0,0,0,0,1,1,6,2,5,1390,1,9,10,1
201314K083813,1,9,0,13,0,1,0,0,7,10,1,1,1,1,5,-1,-1,-1,5,1
201314K083813,2,8,0,18,0,1,0,0,0,0,3,1,1,1,8,1896,2,4,3,1
201314K083813,3,8,0,18,0,1,0,0,0,0,1,1,1,1,7,2402,2,10,1,1
201314K083813,4,8,0,18,0,1,0,0,0,0,1,1,1,1,6,2664,2,13,2,1
201314K083813,5,8,0,18,0,1,0,0,0,0,3,1,1,1,6,2664,2,12,4,1
201314K083913,1,1,0,4,0,1,1,0,0,0,0,1,6,1,7,-1,-1,-1,7,1
201314K083913,2,9,0,4,0,1,0,0,0,0,1,1,6,3,8,1995,2,2,8,1
201314K084013,1,9,0,18,0,2,0,0,0,0,4,1,2,2,7,1870,2,12,3,1
201314K084413,1,11,0,18,0,0,0,0,0,0,4,1,1,2,8,6871,2,6,5,1
201314K084513,1,9,0,5,0,1,0,0,0,0,3,1,6,1,4,1910,2,6,2,1
201314K084513,2,9,0,18,0,2,0,0,0,0,1,1,6,1,6,1388,1,10,4,2
201314K084813,1,9,0,4,0,0,0,0,0,0,2,1,6,2,9,1242,1,3,8,1
201314K084813,2,9,0,4,0,0,0,0,0,0,2,1,6,1,8,1242,1,10,8,3
201314K084813,3,9,0,18,0,0,0,0,0,0,1,1,6,1,5,1124,1,12,8,3
201314K085413,1,9,0,18,0,1,0,0,0,0,1,1,1,1,6,-1,-1,-1,1,1
201314K085713,1,1,0,18,0,0,0,0,0,0,2,1,6,1,7,-1,-1,-1,4,1
201314K085713,2,8,0,11,0,0,0,0,0,0,1,1,1,1,8,2664,2,12,1,1
201314K085813,1,9,0,18,0,4,0,0,0,0,0,1,1,1,7,1399,2,3,4,1
201314K085813,2,11,0,18,0,8,0,0,0,0,0,1,1,1,9,8268,2,12,1,1
201314K086113,1,9,0,9,0,8,0,0,0,0,4,1,6,3,-1,-1,-1,-1,-1,-1
201314K086113,2,1,0,18,0,8,0,0,0,0,1,1,6,1,7,-1,-1,-1,5,1
201314K086213,1,9,0,18,0,1,0,0,0,0,1,1,3,2,8,1560,2,6,1,1
201314K086313,1,5,0,18,0,3,1,0,0,0,1,1,6,1,6,599,1,18,3,1
201314K086313,2,9,0,18,0,4,0,0,0,0,2,1,6,3,-1,-1,-1,-1,-1,-1
201314K086613,1,9,0,4,0,1,0,0,0,0,2,1,6,1,8,2199,2,1,8,1
201314K086613,2,9,0,5,0,1,0,0,0,0,1,1,6,2,6,1248,2,2,5,2
201314K087513,1,9,0,5,0,2,0,0,0,0,4,1,1,1,6,-1,-1,-1,2,1
201314K087613,1,9,0,18,0,1,5,0,0,0,1,1,6,1,5,1998,1,9,1,1
201314K087613,2,9,0,2,0,1,0,0,0,0,1,1,6,1,-1,1560,2,2,4,1
201314K087813,1,9,0,3,0,1,0,0,0,0,0,1,6,2,4,1598,1,5,6,1
201314K087813,2,9,0,3,0,1,0,0,0,0,1,1,6,3,-1,1364,1,6,-1,-1
201314K088413,1,9,0,18,0,1,0,0,0,0,1,1,6,2,8,1364,1,5,2,1
201314K088413,2,4,0,18,0,1,0,0,0,0,2,1,6,1,9,499,1,20,5,1
201314K088513,1,9,0,9,0,1,0,0,0,0,1,1,1,2,7,1248,1,-1,8,1
201314K088513,2,1,0,18,0,1,0,0,0,0,1,1,6,1,7,-1,-1,-1,3,1
201314K088613,1,9,0,18,0,1,0,0,0,0,1,1,6,3,-1,-1,-1,-1,-1,-1
201314K089013,1,8,0,18,0,0,0,0,0,0,1,1,1,3,-1,-1,-1,-1,-1,-1
201314K089113,1,9,0,18,0,4,0,0,0,0,1,1,6,1,7,1598,1,-1,8,2
201314K089313,1,18,0,18,1,8,0,0,0,0,1,1,1,1,8,-1,-1,-1,6,1
201314K089313,2,9,0,18,0,8,0,0,0,0,4,1,1,1,8,-1,-1,-1,6,1
201314K089713,1,9,0,18,0,0,0,0,0,0,1,1,6,2,5,1242,1,12,9,1
201314K089813,1,9,0,18,0,0,0,0,0,0,1,1,2,1,8,1299,1,11,7,1
201314K089813,2,9,0,18,0,0,0,0,0,0,2,1,6,2,5,1299,1,14,8,1
201314K089913,1,19,0,17,0,0,1,0,0,0,1,1,2,1,7,1686,2,12,7,3
201314K089913,2,9,0,18,0,0,0,0,0,0,1,1,6,1,4,1198,1,9,6,2
201314K090113,1,9,4,9,0,1,0,0,0,0,2,1,1,1,7,1796,1,10,1,1
201314K090313,1,9,0,1,0,0,0,0,0,0,2,1,6,2,4,-1,-1,-1,7,1
201314K090313,2,9,0,18,0,0,0,0,0,0,4,1,6,2,6,1299,1,9,4,1
201314K090413,1,9,0,18,0,0,0,0,0,0,1,1,6,1,8,1149,1,7,2,1
201314K090413,2,1,0,18,0,0,0,0,0,0,1,1,6,1,2,-1,-1,-1,2,1
201314K090413,3,9,0,2,0,0,0,0,0,0,2,1,6,1,-1,1598,1,9,2,1
201314K090713,1,9,0,3,0,1,0,0,0,0,2,1,6,1,5,1910,2,6,3,1
201314K090713,2,9,0,4,0,1,0,0,0,0,1,1,6,1,6,1781,1,12,1,1
201314K090913,1,9,0,5,0,1,0,0,0,0,4,1,6,2,5,1061,1,10,3,1
201314K090913,2,1,0,5,0,1,0,0,0,0,1,1,6,1,2,-1,-1,-1,3,1
201314K091413,1,9,0,18,0,0,0,0,0,0,2,1,6,1,5,-1,-1,-1,5,1
201314K091413,2,9,0,18,0,0,0,0,0,0,1,1,6,1,8,1995,2,1,7,1
201314K091413,3,9,0,18,0,0,0,0,0,0,2,1,6,2,5,1598,1,12,3,1
201314K091413,4,9,0,18,0,0,0,0,0,0,1,1,6,2,6,1997,2,8,8,2
201314K091613,1,9,0,18,0,0,0,0,0,0,3,1,3,1,7,1598,1,10,1,1
201314K091713,1,9,0,7,0,8,0,0,8,2,1,1,1,1,6,998,1,13,4,1
201314K091813,1,9,0,9,0,8,0,9,0,0,1,1,6,1,10,1995,1,9,3,1
201314K092813,1,9,0,9,0,5,0,0,0,0,1,1,6,1,5,1242,1,-1,3,1
201314K092813,2,9,0,18,0,8,0,0,0,0,4,1,6,1,6,1598,2,1,2,1
201314K093413,1,9,0,9,0,1,0,0,0,0,2,1,6,1,6,1242,1,10,9,1
201314K093413,2,19,0,18,0,1,0,0,0,0,1,1,2,1,6,-1,-1,-1,4,1
201314K093913,1,9,0,18,0,0,0,0,0,0,1,1,2,1,6,1598,1,8,3,1
201314K094013,1,9,0,18,0,8,0,0,0,0,1,1,1,2,7,1560,2,7,1,1
201314K094013,2,9,0,18,0,8,1,0,0,0,1,1,4,2,6,1968,2,6,6,1
201314K094113,1,9,0,18,0,8,0,0,0,0,1,1,1,2,6,2000,2,3,9,1
201314K094113,2,9,0,9,0,5,0,0,0,0,2,1,1,1,9,-1,-1,-1,7,1
201314K095013,1,9,0,3,0,2,0,0,0,0,2,1,6,2,10,1299,1,9,6,1
201314K095013,2,9,0,3,0,2,0,0,0,0,1,1,6,2,5,1248,2,5,5,1
201314K095013,3,9,0,18,0,2,0,0,0,0,1,1,6,1,4,-1,-1,-1,3,1
201314K095413,1,11,0,18,0,0,0,0,0,0,0,1,1,1,9,6871,2,14,7,1
201314K095613,1,1,0,18,0,1,0,0,0,0,1,1,6,1,5,-1,-1,-1,6,1
201314K095613,2,9,0,5,0,1,0,0,0,0,2,1,6,1,5,998,1,13,6,1
201314K096113,1,9,0,18,0,1,0,0,1,0,2,1,6,2,5,1686,2,8,1,1
201314K096113,2,9,0,10,0,8,0,0,0,0,1,1,6,1,7,1598,1,9,3,1
201314K096113,3,9,0,18,0,2,0,0,0,0,2,1,6,2,7,2720,2,7,4,2
201314K096113,4,9,0,18,0,2,0,0,0,0,1,1,6,1,7,1995,2,9,2,1
201314K096213,1,9,0,18,0,6,0,0,0,0,1,1,2,1,5,1497,1,8,1,1
201314K096213,2,8,0,18,0,8,0,0,2,2,4,1,1,1,8,-1,-1,-1,1,1
201314K096313,1,9,0,5,0,6,0,0,0,0,1,1,2,2,7,1242,1,6,8,1
201314K096313,2,1,0,18,0,8,0,0,0,0,3,1,2,1,7,-1,-1,-1,10,1
201314K096413,1,9,0,17,0,8,0,0,0,0,1,1,2,2,5,1598,1,7,7,1
201314K096413,2,9,0,7,0,4,0,0,0,0,1,1,6,1,7,1598,1,9,3,1
201314K096413,3,8,0,18,0,3,0,0,0,0,2,1,6,1,6,1968,2,5,1,1
201314K096613,1,9,0,9,0,8,0,0,7,0,1,1,6,2,9,1582,2,2,6,1
201314K096613,2,3,0,4,0,3,0,0,1,0,3,1,2,1,7,124,1,7,8,1
201314K096713,1,5,0,16,0,0,0,0,0,0,0,1,6,1,8,1200,1,12,3,1
201314K096813,1,9,0,4,0,0,0,0,0,0,4,1,6,1,7,1998,1,9,10,1
201314K096913,1,8,0,9,0,0,0,0,0,0,1,1,1,1,6,1997,2,12,1,1
201314K097413,1,11,0,2,0,0,0,0,0,0,0,1,1,1,8,9600,2,14,5,3
201314K097813,1,9,0,9,0,2,0,0,0,0,1,1,6,2,7,1598,1,11,1,1
201314K097813,2,9,0,18,0,8,0,0,0,0,1,1,6,2,7,1598,1,6,6,1
201314K098213,1,9,0,1,8,6,0,0,0,0,2,1,6,1,10,-1,-1,-1,1,1
201314K098213,2,9,0,18,0,1,0,0,0,0,4,1,6,2,9,998,1,14,2,1
201314K098513,1,9,0,9,0,1,0,0,0,0,4,1,6,1,9,1360,1,7,4,1
201314K098513,2,1,0,18,2,1,0,0,0,0,3,1,1,1,7,-1,-1,-1,7,1
201314K098613,1,9,0,10,0,8,0,0,0,0,1,1,1,2,5,1328,1,8,3,1
201314K098613,2,9,0,18,0,8,0,0,1,2,1,1,1,1,4,1198,1,10,5,1
201314K098713,1,9,0,12,0,3,0,0,0,0,2,1,6,1,6,1896,2,6,2,1
201314K098713,2,9,0,18,0,3,0,0,0,0,1,1,6,2,5,998,1,2,5,1
201314K098813,1,9,0,3,0,1,0,0,0,0,3,1,1,1,7,-1,-1,-1,6,1
201314K098813,2,9,0,5,0,1,0,0,0,0,1,1,6,1,9,1598,1,2,2,1
201314K098913,1,1,0,18,0,0,0,0,0,0,1,1,1,1,7,-1,-1,-1,6,1
201314K098913,2,19,0,18,0,0,0,0,0,0,1,1,6,1,-1,2402,2,7,5,1
201314K099513,1,9,0,18,0,8,0,0,0,0,4,1,6,2,8,1398,1,1,3,1
201314K099513,2,8,0,18,0,1,0,0,0,0,1,1,1,1,7,2664,2,11,9,1
201314K099613,1,9,0,9,0,1,0,0,0,0,4,1,1,1,6,1596,1,10,9,1
201314K099613,2,8,0,18,0,1,0,0,0,0,1,1,1,1,8,1753,2,6,5,1
201314K099713,1,9,0,5,0,1,0,0,0,0,1,1,6,2,9,1339,1,5,9,1
201314K099713,2,1,0,18,0,1,0,0,0,0,3,1,2,1,7,-1,-1,-1,10,1
201314K100013,1,9,0,18,0,2,0,0,0,0,1,1,2,2,8,1149,1,7,9,1