Accident_Index,Vehicle_Reference,Vehicle_Type,Towing_and_Articulation,Vehicle_Manoeuvre,Vehicle_Location-Restricted_Lane,Junction_Location,Skidding_and_Overturning,Hit_Object_in_Carriageway,Vehicle_Leaving_Carriageway,Hit_Object_off_Carriageway,1st_Point_of_Impact,Was_Vehicle_Left_Hand_Drive?,Journey_Purpose_of_Driver,Sex_of_Driver,Age_Band_of_Driver,Engine_Capacity_(CC),Propulsion_Code,Age_of_Vehicle,Driver_IMD_Decile,Driver_Home_Area_Type
201314K100213,1,9,0,18,0,8,0,0,0,0,1,1,6,2,10,1596,1,9,1,1
201314K100213,2,9,0,18,0,5,0,0,0,0,1,1,6,1,9,1229,1,1,1,1
201314K100513,1,1,0,18,0,1,0,0,0,0,1,1,6,3,-1,-1,-1,-1,-1,-1
201314K100913,1,11,0,2,0,0,0,0,0,0,0,1,1,1,8,6871,2,5,4,1
201314K101113,1,9,0,18,0,1,0,0,0,0,1,1,6,3,-1,-1,-1,-1,-1,-1
201314K101213,1,9,0,18,0,2,0,0,0,0,3,1,6,1,6,-1,-1,-1,4,1
201314K101313,1,9,0,18,0,1,0,0,0,0,3,1,6,2,6,1360,1,12,1,1
201314K101313,2,9,0,13,0,1,0,0,0,0,4,1,6,2,-1,-1,-1,-1,-1,-1
201314K101513,1,9,0,18,0,1,5,4,0,0,1,1,6,2,6,1242,1,6,7,1
201314K101513,2,9,0,2,0,2,0,0,0,0,1,1,6,2,7,2204,2,6,-1,-1
201314K101513,3,9,0,18,0,2,0,0,0,0,0,1,6,1,7,2180,2,15,7,1
201314K101613,1,9,0,2,0,1,0,0,0,0,1,1,1,1,6,1560,2,3,6,1
201314K101613,2,9,0,1,0,1,0,0,0,0,2,1,6,3,-1,-1,-1,-1,-1,-1
201314K101713,1,9,0,8,0,1,0,0,0,0,2,1,6,1,10,998,1,6,1,1
201314K101713,2,9,0,18,0,1,0,0,0,0,1,1,6,2,5,1242,1,6,2,1
201314K101813,1,9,0,18,0,1,0,0,0,0,1,1,6,1,6,1968,2,2,9,1
201314K101813,2,9,0,9,0,6,0,0,0,0,1,1,2,1,8,2967,2,-1,10,1
201314K102113,1,9,0,18,0,2,0,0,0,0,3,1,6,1,11,989,1,12,6,1
201314K102113,2,3,0,18,0,2,2,0,0,0,1,1,6,1,6,124,1,3,1,1
201314K102213,1,9,0,2,0,0,0,0,0,0,1,1,6,1,8,1794,1,10,-1,-1
201314K102313,1,9,0,18,0,0,0,0,0,0,3,1,6,1,11,-1,-1,-1,6,1
201314K102313,2,9,0,18,0,0,0,0,0,0,3,1,1,2,7,1968,2,1,8,2
201314K102413,1,9,0,7,0,5,0,0,0,0,0,1,6,2,8,998,1,12,3,1
201314K102413,2,1,0,18,0,1,0,0,0,0,0,1,6,1,7,-1,-1,-1,2,1
201314K102513,1,9,0,16,0,3,0,0,7,7,4,1,6,1,8,1968,2,1,10,1
201314K102513,2,9,0,16,0,3,0,0,0,0,1,1,6,1,5,1493,2,8,10,1
201314K102813,1,9,0,18,0,3,0,0,0,0,4,1,6,1,5,-1,-1,-1,1,1
201314K102813,2,1,0,18,0,6,0,0,0,0,1,1,6,1,2,-1,-1,-1,1,1
201314K103013,1,3,0,16,0,0,2,0,0,0,4,1,6,1,6,125,1,1,5,3
201314K103213,1,9,0,18,0,8,0,0,0,0,0,1,6,2,9,1364,1,5,8,2
201314K103213,2,11,0,18,0,2,0,0,0,0,0,1,1,2,6,6871,2,6,1,1
201314K103613,1,9,0,10,0,8,0,0,0,0,2,1,6,1,8,1956,2,3,2,1
201314K103613,2,9,0,18,0,1,1,0,0,0,1,1,6,2,6,1364,1,6,8,1
201314K103813,1,9,0,9,0,6,0,0,0,0,3,1,6,1,8,2171,1,13,1,1
201314K103813,2,3,0,18,0,8,0,0,0,0,1,1,6,1,6,124,1,-1,1,1
201314K104013,1,1,0,16,0,0,0,0,0,0,1,1,2,1,6,-1,-1,-1,10,1
201314K104013,2,9,0,7,0,0,0,0,0,0,4,1,6,3,-1,1339,1,4,9,1
201314K104413,1,9,0,18,0,1,0,0,3,1,1,1,6,1,11,998,1,4,9,2
201314K104413,2,9,0,10,0,1,0,0,0,0,2,1,6,2,7,1686,2,10,7,1
201314K104413,3,9,0,10,0,1,0,0,0,0,2,1,6,1,9,1991,2,3,7,1
201314K104613,1,11,0,5,0,0,0,0,0,0,0,1,6,1,8,6871,2,5,8,1
201314K104813,1,9,0,9,0,0,0,0,0,0,1,1,6,2,5,1299,1,7,10,1
201314K104813,2,1,0,18,0,0,0,0,0,0,1,1,1,1,7,-1,-1,-1,10,1
201314K104913,1,9,0,16,0,1,1,0,1,9,1,1,6,1,11,1560,2,5,10,1
201314K105013,1,9,0,9,0,1,0,0,0,0,3,1,6,1,7,1794,1,11,2,1
201314K105013,2,3,0,13,0,1,0,0,0,0,1,1,6,1,-1,124,1,5,-1,-1
201314K105113,1,8,0,18,0,1,0,0,0,0,1,1,1,1,9,1910,2,5,3,1
201314K105113,2,9,0,18,0,1,0,0,0,0,1,1,1,1,6,-1,-1,-1,4,1
201314K105213,1,9,0,8,0,1,0,0,0,0,4,1,6,1,6,1396,1,-1,1,1
201314K105213,2,1,0,18,0,1,0,0,0,0,1,1,6,1,5,-1,-1,-1,2,1
201314K105313,1,9,0,18,0,0,0,0,7,5,1,1,6,1,6,1598,1,9,6,1
201314K105313,2,9,0,5,0,0,0,0,0,0,1,1,6,1,9,1596,1,1,8,1
201314K105513,1,9,0,18,0,0,0,0,0,0,1,1,6,2,7,1998,1,9,1,1
201314K105813,1,9,0,18,0,1,0,0,0,0,0,1,6,3,-1,-1,-1,-1,-1,-1
201314K105913,1,9,0,18,9,0,0,0,0,0,1,1,6,1,5,1896,2,6,9,1
201314K106613,1,3,0,5,0,1,5,0,0,0,2,1,1,1,4,124,1,7,9,1
201314K106613,2,9,0,5,0,1,0,0,0,0,1,1,6,1,8,2148,2,10,5,1
201314K106813,1,9,0,18,0,2,0,0,1,10,1,1,6,1,8,1598,1,7,5,1
201314K107213,1,9,0,18,0,0,0,0,0,0,4,1,1,2,6,1398,1,3,1,1
201314K107213,2,9,0,6,0,0,0,0,0,0,1,1,6,1,6,1995,2,6,10,1
201314K107313,1,9,0,4,0,1,0,0,0,0,1,1,6,2,7,-1,-1,-1,9,1
201314K107313,2,9,0,18,0,1,0,0,0,0,4,1,6,2,7,1598,1,11,2,1
201314K107413,1,9,0,18,0,2,0,0,0,0,1,1,6,3,-1,-1,-1,-1,-1,-1
201314K107413,2,1,0,18,0,3,0,0,0,0,1,1,6,1,4,-1,-1,-1,1,1
201314K107613,1,9,0,18,0,8,1,0,0,0,4,1,6,1,5,1999,1,8,7,2
201314K107613,2,9,0,9,0,8,1,0,7,0,1,1,6,1,8,1995,2,7,1,1
201314K107813,1,9,0,18,0,1,0,0,0,0,1,1,6,1,5,1198,1,5,10,1
201314K107813,2,9,0,6,0,1,0,0,0,0,4,1,6,1,7,1997,2,12,1,1
201314K108213,1,9,0,18,0,8,0,0,0,0,1,1,6,1,8,1497,1,12,1,1
201314K108213,2,9,0,3,0,8,0,0,0,0,2,1,6,1,5,1242,1,11,7,2
201314K108213,3,9,0,3,0,2,0,0,0,0,2,1,6,1,7,1587,1,14,10,1
201314K108213,4,9,0,3,0,2,0,0,0,0,2,1,6,1,6,1124,1,5,2,1
201314K108513,1,19,0,2,0,0,0,0,0,0,3,1,6,1,8,2299,2,16,2,1
201314K108513,2,19,0,16,0,0,1,0,0,0,4,1,6,1,6,2874,2,14,1,1
201314K108713,1,9,0,3,0,1,0,0,0,0,2,1,6,2,4,1108,1,3,6,1
201314K108713,2,9,0,3,0,1,0,0,0,0,1,1,6,1,-1,1896,2,9,8,2
201314K109013,1,9,0,4,0,1,0,0,0,0,2,1,6,1,9,1598,1,9,9,1
201314K109013,2,9,0,18,0,1,0,0,0,0,1,1,6,1,8,-1,-1,-1,-1,-1
201314K109213,1,9,0,18,0,0,0,0,0,0,2,1,6,1,5,1397,1,12,4,1
201314K109213,2,9,0,18,0,0,0,0,0,0,1,1,6,1,8,1199,1,11,5,1
201314K109413,1,5,0,16,0,0,0,0,7,10,3,1,2,1,6,645,1,5,1,1
201314K110613,1,9,0,18,0,1,0,0,0,0,1,1,6,2,9,2982,2,14,4,1
201314K110613,2,9,0,3,0,1,0,0,0,0,2,1,6,1,7,1598,1,10,7,1
201314K110713,1,9,0,9,0,6,0,0,0,0,3,1,6,1,11,1988,1,15,1,1
201314K110713,2,3,0,18,0,1,0,0,0,0,1,1,6,1,5,124,1,3,1,1
201314K110713,3,5,0,18,0,1,0,0,0,0,1,1,6,3,-1,-1,-1,-1,-1,-1
201314K111013,1,9,0,18,0,0,0,0,0,0,2,1,6,2,7,1388,1,3,1,1
201314K111013,2,19,0,18,0,0,0,0,0,0,1,1,6,1,6,1998,2,9,1,1
201314K111313,1,8,0,5,0,0,0,0,0,0,0,1,6,1,-1,-1,-1,-1,-1,-1
201314K111613,1,11,0,5,0,0,0,0,0,0,0,1,1,1,9,4461,2,-1,4,1
201314K111713,1,9,0,18,0,1,0,0,0,0,4,1,6,2,6,1242,1,8,5,1
201314K111713,2,19,0,9,0,8,0,0,0,0,1,1,6,1,5,2402,2,8,8,1
201314K111813,1,11,0,18,0,0,0,0,0,0,0,1,1,1,10,5900,2,8,1,1
201314K112213,1,9,0,9,0,1,0,0,0,0,4,1,6,1,7,1598,1,-1,6,1
201314K112213,2,5,0,18,0,5,0,0,0,0,1,1,6,1,10,535,1,16,10,1
201314K112313,1,11,0,18,0,8,0,0,0,0,0,1,1,1,9,9600,2,14,3,1
201314K112913,1,11,0,4,0,0,0,0,0,0,0,1,1,2,8,4461,2,-1,3,1
201314K113113,1,9,0,1,0,2,0,0,0,0,2,1,6,3,-1,-1,-1,-1,-1,-1
201314K113413,1,9,0,16,0,0,1,0,1,7,4,1,6,2,4,1149,1,9,7,1
201314K113613,1,9,0,3,0,1,0,0,0,0,2,1,1,1,7,-1,-1,-1,3,1
201314K113613,2,9,0,18,0,1,0,0,0,0,1,1,6,1,7,1598,1,6,4,1
201314K113713,1,9,0,18,0,1,1,0,0,0,1,1,1,1,9,1686,2,10,2,1
201314K113713,2,9,0,9,0,1,0,0,0,0,1,1,6,1,9,1968,2,5,9,2
201314K113913,1,19,0,18,0,1,0,2,1,1,1,1,6,1,9,2402,2,9,2,1
201314K114213,1,5,0,14,0,0,0,0,0,0,1,1,2,1,5,-1,-1,-1,3,1
201314K114513,1,11,0,18,0,0,0,0,0,0,0,1,1,2,7,9360,2,5,1,1
201314K114513,2,9,0,18,0,0,0,0,0,0,1,1,6,3,-1,-1,-1,-1,-1,-1
201314K114913,1,9,0,2,0,0,0,0,0,0,2,1,6,1,7,998,1,11,5,1
201314K114913,2,9,0,18,0,0,0,0,0,0,1,1,6,3,-1,-1,-1,-1,-1,-1
201314K115113,1,9,0,18,0,1,0,0,0,0,4,1,6,1,10,2179,2,2,4,1
201314K115413,1,19,0,4,0,0,0,0,0,0,2,1,1,1,6,2496,2,17,2,1
201314K115413,2,9,0,18,0,0,0,0,0,0,1,1,6,1,10,1598,2,-1,6,2
201314K115713,1,9,0,18,0,1,1,0,0,1,1,1,6,1,7,2874,2,15,2,1
201314K115913,1,9,0,18,0,2,1,0,0,0,1,1,6,2,7,1995,2,4,8,1
201314K115913,2,9,0,9,0,2,0,0,0,0,3,1,6,1,4,1390,1,9,3,1
201314K116813,1,1,0,18,0,1,2,0,0,0,1,1,4,1,8,-1,-1,-1,10,1
201314K116813,2,9,0,18,0,1,0,0,0,0,4,1,6,3,-1,1242,1,2,-1,-1
201314K117013,1,19,0,18,0,0,0,0,0,0,2,1,1,1,6,2402,2,5,3,1
201314K117013,2,9,0,18,0,0,0,0,0,0,1,1,6,1,4,-1,-1,-1,9,1
201314K117513,1,9,0,9,0,8,0,0,0,0,1,1,6,1,11,1328,1,12,4,2
201314K117513,2,9,0,5,0,8,0,0,0,0,3,1,1,1,7,995,1,8,9,3
201314K117713,1,9,0,9,0,8,0,0,0,0,0,1,6,2,6,1797,1,15,1,1
201314K117713,2,9,0,18,0,8,0,0,0,0,4,1,6,2,7,1299,1,13,6,1
201314K117713,3,11,0,18,0,8,0,0,0,0,3,1,1,1,7,9360,2,5,2,1
201314K118013,1,9,0,18,0,1,0,0,0,0,4,1,6,1,6,1998,2,8,1,1
201314K118013,2,9,0,5,0,8,0,0,0,0,1,1,6,1,9,1461,2,2,2,1
201314K118313,1,19,0,18,0,0,0,0,1,2,4,1,1,2,9,1560,2,2,4,1
201314K118413,1,9,0,18,0,0,0,0,0,0,3,1,6,3,-1,-1,-1,-1,-1,-1
201314K118413,2,1,0,18,0,0,0,0,0,0,1,1,6,1,2,-1,-1,-1,1,1
201314K118813,1,9,0,18,0,1,0,0,0,0,1,1,6,2,5,1299,1,11,3,1
201314K118813,2,9,0,4,0,1,0,0,0,0,2,1,6,1,11,1329,1,3,7,3
201314K119513,1,9,0,18,0,0,0,0,0,0,1,1,2,1,5,1995,1,7,3,1
201314K119513,2,1,0,18,0,0,0,0,0,0,1,1,6,1,4,-1,-1,-1,1,1
201314K119713,1,19,0,18,0,0,0,0,7,2,1,1,2,1,8,1248,2,2,10,1
201314K119813,1,9,0,18,0,8,0,0,1,0,1,1,6,2,8,998,1,7,2,1
201314K119813,2,9,0,9,0,8,0,0,1,0,1,1,6,1,7,1896,2,10,1,1
201314K120113,1,9,0,18,0,8,5,0,0,0,1,1,6,1,9,1997,1,12,1,1
201314K120113,2,9,0,9,0,5,5,0,0,0,1,1,6,1,11,1299,1,9,2,1
201314K120313,1,9,0,10,0,1,0,0,0,0,2,1,1,2,6,1560,2,8,1,1
201314K120313,2,8,0,18,0,1,0,0,0,0,1,1,1,1,6,2664,2,14,1,1
201314K120413,1,9,0,18,0,0,0,0,0,0,1,1,6,1,6,1497,1,12,4,1
201314K120613,1,9,0,13,0,0,0,0,0,0,0,1,1,3,-1,-1,-1,-1,-1,-1
201314K120613,2,9,0,17,0,0,0,0,0,0,2,1,6,2,9,1587,1,8,5,1
201314K120613,3,11,0,17,0,0,0,0,0,0,1,1,1,1,8,9000,2,3,8,1
201314K120713,1,9,0,18,0,1,0,0,0,0,1,1,6,1,6,1910,2,4,1,1
201314K120713,2,9,0,9,0,8,0,0,0,0,2,1,6,2,5,1598,1,6,6,1
201314K120713,3,9,0,3,0,8,0,0,0,0,1,1,6,1,6,1968,2,6,6,1
201314K121313,1,1,0,18,0,8,0,0,0,0,1,1,2,1,5,-1,-1,-1,8,1
201314K121313,2,9,0,6,0,8,0,0,0,0,3,1,6,1,7,1199,1,10,1,1
201314K121413,1,5,0,18,0,1,0,0,0,0,1,1,6,1,5,781,1,13,1,1
201314K121413,2,9,0,9,0,1,1,0,0,0,1,1,2,1,6,-1,-1,-1,4,2
201314K121513,1,9,0,6,0,0,0,0,0,0,2,1,1,1,8,2148,2,6,3,1
201314K121513,2,3,0,18,0,0,0,0,0,0,1,1,6,1,4,124,1,4,2,1
201314K122113,1,9,0,18,0,0,0,0,0,0,3,1,6,2,5,1396,1,11,2,1
201314K122113,2,21,1,18,0,0,0,0,0,0,4,1,6,3,-1,-1,-1,-1,-1,-1
201314K122213,1,4,0,9,0,8,0,0,0,0,1,1,2,1,7,278,1,-1,5,1
201314K122213,2,19,0,18,0,4,0,0,0,0,3,1,1,1,-1,1686,2,6,7,3
201314K122313,1,9,0,18,0,1,0,0,0,0,1,1,6,1,7,1560,2,1,2,3
201314K122313,2,9,0,18,0,0,0,0,0,0,1,1,6,1,7,1390,1,15,7,1
201314K122513,1,11,0,5,0,0,0,0,0,0,0,1,1,1,8,7300,2,11,5,1
201314K123013,1,9,0,18,0,1,0,0,0,0,1,1,6,2,6,1229,1,-1,2,1
201314K123113,1,9,0,18,0,1,0,0,0,0,1,1,6,1,9,1896,2,9,1,1
201314K123213,1,9,0,9,0,1,0,0,0,0,2,1,6,1,4,1124,1,8,10,1
201314K123213,2,9,0,18,0,1,0,0,0,0,1,1,6,1,5,1388,1,7,2,1
201314K123413,1,2,0,18,0,0,0,0,0,0,4,1,6,1,6,-1,-1,-1,10,1
201314K123413,2,9,0,18,0,0,0,0,0,0,1,1,6,2,6,1390,1,7,3,1
201314K123613,1,9,0,4,0,0,0,0,0,0,2,1,6,2,6,1242,1,1,10,1
201314K123613,2,9,0,18,0,0,0,0,0,0,1,1,6,1,6,1796,1,11,4,1
201314K124313,1,19,0,18,0,8,0,0,0,0,1,1,1,2,7,1995,2,-1,4,1
201314K124313,2,1,0,18,0,1,5,0,0,0,3,1,2,1,7,-1,-1,-1,2,1
201314K124513,1,9,0,18,0,8,0,0,0,0,1,1,6,1,6,1986,2,7,4,1
201314K124513,2,9,0,9,0,8,0,0,0,0,1,1,6,1,8,1590,1,10,1,1
201314K124613,1,9,0,5,8,0,0,0,0,0,2,1,6,1,10,-1,-1,-1,10,1
201314K124613,2,9,0,18,0,0,0,0,0,0,1,1,6,1,8,-1,-1,-1,6,1
201314K124813,1,9,0,9,0,8,0,0,0,0,1,1,6,1,5,1896,2,13,1,1
201314K124813,2,9,0,9,0,8,0,0,0,0,1,1,6,1,5,1388,1,11,8,1
201314K125013,1,11,0,18,0,1,0,0,0,0,0,1,1,1,5,7300,2,11,6,1
201314K125113,1,9,0,9,0,0,0,0,0,0,2,1,6,2,7,1995,2,6,5,1
201314K125113,2,9,0,18,0,0,0,0,0,0,1,1,6,3,-1,998,1,11,3,1
201314K125213,1,9,0,18,0,1,0,0,0,0,1,1,6,1,6,1968,2,6,1,1
201314K125213,2,9,0,4,0,1,0,0,0,0,1,1,6,1,5,1229,1,6,5,1
201314K125513,1,9,0,18,0,0,0,0,0,0,1,1,6,1,6,1596,1,8,2,1
201314K125513,2,1,0,18,0,0,0,0,0,0,1,1,6,1,2,-1,-1,-1,3,1
201314K126013,1,9,0,4,0,1,0,0,0,0,2,1,6,1,6,1799,1,5,2,1
201314K126013,2,9,0,18,0,1,0,0,0,0,1,1,6,1,5,1149,1,12,1,1
201314K126813,1,9,0,9,0,6,0,0,0,0,3,1,6,1,6,-1,-1,-1,5,1
201314K126813,2,9,0,18,0,8,0,0,0,0,1,1,6,1,10,1896,2,9,5,2
201314K127213,1,9,0,18,0,0,0,0,4,1,1,1,6,1,11,998,1,6,2,1
201314K127913,1,9,0,11,0,1,5,0,0,0,1,1,6,1,5,1390,1,11,4,1
201314K127913,2,9,0,18,0,1,0,0,0,0,0,1,6,2,6,1329,1,1,5,1
201314K128313,1,9,0,18,0,1,0,0,0,0,1,1,6,2,10,1229,1,4,7,1
201314K128313,2,8,0,5,0,0,0,0,0,0,1,1,6,1,7,2644,2,9,1,1
201314K128913,1,9,0,18,0,0,0,0,0,0,4,1,6,1,7,1896,2,4,5,1
201314K128913,2,9,0,9,0,0,0,0,0,0,1,1,6,1,6,1598,1,9,5,1
201314K129113,1,9,0,18,0,0,1,0,0,0,1,1,6,1,4,1598,1,5,7,3
201314K129313,1,9,0,18,0,0,0,0,0,0,0,1,6,1,7,1998,2,12,8,3
201314K129313,2,9,0,18,0,0,0,0,0,0,1,1,6,1,6,998,1,1,2,1
201314K129313,3,9,0,18,0,0,0,0,0,0,2,1,6,1,-1,999,1,4,2,1
201314K129413,1,9,0,5,0,1,0,0,0,0,1,1,6,1,6,1800,1,6,2,1
201314K129413,2,1,0,18,0,1,0,0,0,0,4,1,6,1,4,-1,-1,-1,9,1
201314K130213,1,1,0,18,0,8,0,0,0,0,2,1,1,1,6,-1,-1,-1,9,1
201314K130213,2,9,0,18,0,1,0,0,0,0,1,1,6,3,-1,-1,-1,-1,-1,-1
201314K130413,1,9,0,18,0,1,0,0,0,0,1,1,6,3,-1,-1,-1,-1,-1,-1
201314K130613,1,9,0,4,0,4,0,0,0,0,4,1,2,1,7,1598,1,8,3,1
201314K130613,2,1,0,18,9,6,0,0,0,0,1,1,1,1,5,-1,-1,-1,3,1
201314K131213,1,11,0,2,0,0,0,0,0,0,0,1,1,1,9,9600,2,16,4,1
201314K131413,1,9,0,18,6,0,1,0,1,7,1,1,1,1,11,2771,1,13,7,2
201314K131513,1,9,0,18,0,0,0,0,0,0,3,1,6,1,6,1896,2,9,2,1
201314K131513,2,9,0,13,0,0,0,0,0,0,4,1,6,3,-1,2993,2,-1,-1,-1
201314K132013,1,9,0,18,0,8,0,0,0,0,1,1,6,1,5,1896,2,14,4,1
201314K132013,2,9,0,9,0,8,0,0,0,0,1,1,6,1,8,1390,1,2,10,1
201314K132113,1,9,0,18,0,3,0,0,0,0,4,1,4,1,9,5000,1,3,9,3
201314K132113,2,9,0,9,0,3,0,0,0,0,1,1,4,2,6,1598,1,5,10,1
201314K132213,1,9,0,18,0,1,0,0,0,0,3,1,6,1,9,1398,1,7,1,1
201314K132213,2,1,0,18,0,8,0,0,0,0,4,1,6,1,3,-1,-1,-1,2,1
201314K132313,1,9,0,9,0,0,0,0,0,0,0,1,6,3,-1,-1,-1,-1,-1,-1
201314K132313,2,11,0,18,0,0,0,0,0,0,0,1,1,2,8,9000,2,1,2,1
201314K132613,1,9,0,18,0,0,0,0,0,0,1,1,6,3,-1,1997,2,-1,2,1
201314K132613,2,8,0,18,0,0,0,0,0,0,1,1,1,1,5,2402,2,10,8,1
201314K132713,1,9,0,2,0,0,0,0,0,0,3,1,6,2,7,1995,2,2,6,3
201314K132713,2,1,0,14,0,0,0,0,0,0,1,1,6,1,7,-1,-1,-1,7,1
201314K133313,1,9,0,3,0,1,0,0,0,0,2,1,6,2,6,998,1,13,6,1
201314K133313,2,9,0,4,0,0,0,0,0,0,1,1,6,2,8,1240,1,5,8,1
201314K133613,1,9,0,18,0,8,0,0,0,0,4,1,6,2,6,2926,2,12,1,1
201314K133613,2,9,0,5,0,8,0,0,0,0,1,1,2,2,7,-1,-1,-1,5,1
201314K133913,1,9,0,18,0,1,0,0,0,0,1,1,6,3,-1,-1,-1,-1,-1,-1
201314K134313,1,9,0,9,2,8,0,0,0,0,1,1,6,2,5,1390,1,10,9,2
201314K134313,2,9,0,18,0,8,0,0,0,0,3,1,6,1,7,899,1,15,3,1
201314K134913,1,9,0,18,0,1,0,0,0,0,1,1,6,1,9,1248,2,6,4,1
201314K134913,2,1,0,18,0,1,0,0,0,0,1,1,6,1,9,-1,-1,-1,3,1
201314K135013,1,9,0,5,0,4,0,0,0,0,2,1,2,1,8,-1,-1,-1,8,1
201314K135013,2,9,0,4,0,4,0,0,0,0,1,1,6,1,10,1870,2,12,1,1
201314K135213,1,1,0,18,0,1,0,0,0,0,1,1,1,1,8,-1,-1,-1,9,1
201314K135213,2,9,0,2,0,1,0,0,0,0,4,1,6,1,8,2979,1,8,9,1
201314K135313,1,9,0,5,0,8,0,0,0,0,1,1,6,1,6,2685,2,10,4,1
201314K135313,2,9,0,18,0,8,0,0,0,0,1,1,6,2,6,1242,1,14,4,1
201314K135613,1,9,0,18,0,2,0,0,0,0,3,1,4,1,7,1997,1,12,8,1
201314K135613,2,9,0,18,0,2,1,0,0,0,1,1,4,1,4,1198,1,11,10,1
201314K135913,1,9,0,3,0,8,0,0,0,0,2,1,6,1,6,1108,1,3,9,1
201314K135913,2,8,0,18,0,8,0,0,0,0,1,1,6,3,-1,1997,2,7,1,1
201314K136213,1,9,0,9,0,5,0,0,0,0,1,1,6,1,9,1229,1,2,1,1
201314K136213,2,9,0,18,0,1,0,0,0,0,1,1,6,2,6,1905,2,14,4,1
201314K136413,1,8,0,4,2,0,0,0,0,0,2,1,1,1,7,1910,2,5,2,1
201314K136413,2,9,0,18,0,0,0,0,0,0,1,1,6,1,6,998,1,10,2,1
201314K137013,1,9,0,18,0,1,0,0,0,0,4,1,6,1,6,1390,1,11,2,1
201314K137013,2,9,0,9,0,1,0,0,0,0,1,1,6,2,7,1390,1,12,5,1
201314K137413,1,9,0,18,0,0,0,0,0,0,3,1,6,1,7,1997,2,3,7,1
201314K137413,2,9,0,18,0,0,0,0,0,0,3,1,6,1,5,1242,1,10,2,1
201314K138013,1,9,0,9,0,8,0,0,0,0,1,1,6,1,7,1388,1,1,2,1
201314K138013,2,3,0,18,0,8,0,0,0,0,1,1,6,1,6,124,1,1,1,1
201314K138113,1,9,0,3,0,1,0,0,0,0,2,1,6,1,6,1461,2,8,5,2
201314K138113,2,9,0,4,0,1,0,0,0,0,1,1,6,2,8,1799,1,6,4,1
201314K138313,1,11,0,2,0,0,0,0,0,0,0,1,1,1,8,7300,2,7,1,1
201314K138413,1,9,0,18,0,1,0,0,0,0,1,1,6,2,8,1599,1,8,4,1
201314K138413,2,9,0,9,0,0,0,0,0,0,3,1,6,1,8,-1,-1,-1,1,1
201314K138513,1,9,0,18,0,0,1,0,0,0,1,1,2,2,6,1389,1,11,2,1
201314K138513,2,19,0,18,0,0,0,0,0,0,2,1,1,1,5,-1,-1,-1,-1,-1
201314K138513,3,20,4,18,0,0,0,0,0,0,2,1,1,1,-1,4116,2,12,-1,-1
201314K138613,1,9,0,9,0,5,0,0,0,0,4,1,6,2,10,998,1,17,7,1
201314K138613,2,1,0,18,0,1,0,0,0,0,1,1,6,2,6,-1,-1,-1,5,1
201314K138713,1,9,0,7,0,5,0,0,7,0,1,1,6,3,-1,-1,-1,-1,-1,-1
201314K138813,1,9,0,18,0,0,0,0,0,0,2,1,6,1,6,2995,1,2,8,2
201314K138813,2,9,0,18,0,0,0,0,0,0,1,1,6,1,7,1968,2,1,7,1
201314K138813,3,9,0,18,0,0,0,0,0,0,1,1,6,1,5,998,1,15,9,1
201314K139013,1,5,0,18,0,1,0,0,0,0,1,1,6,1,7,600,1,13,5,1
201314K139013,5,9,0,2,0,2,0,0,0,0,3,1,6,1,9,1598,1,12,1,1
201314K139213,1,11,0,18,0,8,0,0,0,0,1,1,1,1,7,7300,2,11,7,1
201314K139313,1,9,0,18,9,0,0,0,0,0,1,1,6,3,-1,-1,-1,-1,-1,-1
201314K139513,1,9,0,18,0,2,0,0,0,0,1,1,6,2,5,1242,1,12,9,1
201314K139713,1,90,0,18,0,8,0,0,1,2,1,1,1,1,9,6370,2,3,7,1
201314K139713,2,9,0,2,0,8,0,0,0,0,2,1,6,1,6,-1,-1,-1,-1,-1
201314K139713,3,9,0,2,0,8,0,0,0,0,2,1,6,3,-1,-1,-1,-1,-1,-1
201314K139813,1,9,0,18,0,1,0,0,0,0,1,1,6,1,5,1596,1,12,5,1
201314K139813,2,22,0,5,0,1,0,0,0,0,3,1,6,1,11,-1,-1,-1,2,1
201314K139913,1,2,0,18,0,1,0,0,0,0,1,1,6,1,4,50,1,1,7,1
201314K140413,1,11,0,4,0,0,0,0,0,0,0,1,1,1,8,-1,-1,-1,1,1
201314K140913,1,9,0,5,0,0,0,0,0,0,1,1,6,2,6,-1,-1,-1,9,1
201314K140913,2,1,0,18,0,0,0,0,0,0,1,1,6,2,6,-1,-1,-1,9,1
201314K141613,1,9,0,18,0,1,0,0,0,0,1,1,6,1,4,1360,1,11,7,1
201314K141713,1,9,0,18,0,0,1,0,0,0,1,1,6,1,6,1794,1,10,1,1
201314K141713,2,9,0,9,0,0,0,0,0,0,4,1,6,1,7,1598,1,-1,2,1
201314K141913,1,9,0,18,0,0,0,0,0,0,4,1,6,1,9,1995,2,10,-1,1
201314K142113,1,21,1,12,0,0,0,0,0,0,1,1,1,1,9,-1,-1,-1,-1,-1
201314K142113,2,9,0,18,0,0,1,0,0,0,4,1,6,1,8,1595,1,12,8,1
201314K142213,1,9,0,18,0,0,0,0,0,0,2,1,6,1,6,1995,1,8,10,1