Accident_Index,Vehicle_Reference,Vehicle_Type,Towing_and_Articulation,Vehicle_Manoeuvre,Vehicle_Location-Restricted_Lane,Junction_Location,Skidding_and_Overturning,Hit_Object_in_Carriageway,Vehicle_Leaving_Carriageway,Hit_Object_off_Carriageway,1st_Point_of_Impact,Was_Vehicle_Left_Hand_Drive?,Journey_Purpose_of_Driver,Sex_of_Driver,Age_Band_of_Driver,Engine_Capacity_(CC),Propulsion_Code,Age_of_Vehicle,Driver_IMD_Decile,Driver_Home_Area_Type
201314K142213,2,1,0,18,0,0,0,0,0,0,1,1,6,1,4,-1,-1,-1,1,1
201314K142313,1,1,0,18,0,1,2,0,0,0,0,1,1,1,7,-1,-1,-1,3,1
201314K142313,2,9,0,3,0,2,0,0,0,0,0,1,1,1,7,1242,1,1,1,1
201314K142413,1,8,0,2,0,0,0,0,0,0,0,1,1,1,7,1896,2,5,2,1
201314K142513,1,9,0,7,0,6,0,0,0,0,1,1,2,2,5,1364,2,6,3,1
201314K142513,2,8,0,18,0,8,5,0,0,0,3,1,1,1,6,2664,2,14,1,1
201314K143713,1,9,0,16,0,7,0,0,0,0,1,1,6,1,6,2792,1,12,1,1
201314K143713,2,9,0,1,0,2,0,0,0,0,2,1,1,1,7,1956,2,-1,3,1
201314K144313,1,9,0,18,0,0,0,0,0,0,1,1,6,1,5,1242,1,1,5,1
201314K144513,1,9,0,18,0,8,0,0,0,0,1,1,1,2,7,1598,2,2,8,1
201314K144513,2,9,0,5,0,8,0,0,0,0,3,1,6,2,9,1598,2,1,4,1
201314K144913,1,9,0,18,0,4,0,0,0,0,3,1,6,1,5,1598,1,8,2,1
201314K145313,1,9,0,17,0,1,0,0,7,0,1,1,6,1,10,1951,2,9,7,3
201314K145313,2,9,0,2,0,1,0,0,0,0,3,1,6,1,-1,1783,1,10,8,1
201314K146213,1,9,0,3,0,1,0,0,0,0,2,1,6,2,5,1390,1,7,3,1
201314K146213,2,9,0,18,0,1,0,0,0,0,1,1,6,1,5,-1,-1,-1,1,1
201314K146613,1,9,0,3,0,1,0,0,0,0,1,1,6,1,6,1598,1,11,3,1
201314K146613,2,9,0,18,0,1,0,0,0,0,1,1,6,3,-1,998,1,17,-1,-1
201314K146713,1,1,0,18,0,0,0,0,0,0,1,1,2,1,6,-1,-1,-1,9,1
201314K146713,2,9,0,6,3,0,0,0,0,0,3,1,6,1,5,1995,2,9,1,1
201314K147113,1,4,0,18,0,1,0,0,0,0,1,1,1,2,7,-1,-1,-1,1,1
201314K147113,2,9,0,5,0,1,0,0,0,0,4,1,1,1,9,996,1,2,5,1
201314K147213,1,9,0,18,0,8,0,0,0,0,1,1,6,2,9,1998,2,1,7,2
201314K147613,1,9,0,14,0,0,0,0,0,0,4,1,1,1,6,-1,-1,-1,2,1
201314K148413,1,9,0,4,0,0,0,0,0,0,2,1,6,1,4,1364,1,9,6,1
201314K148413,2,9,0,18,0,0,1,0,0,0,1,1,6,3,-1,1199,1,11,9,2
201314K148413,3,9,0,2,0,0,0,0,0,0,2,1,6,1,-1,-1,-1,-1,-1,-1
201314K148413,4,9,0,2,0,0,0,0,0,0,2,1,6,3,-1,1390,1,2,6,2
201314K148713,1,1,0,18,0,0,0,0,0,0,1,1,6,1,6,-1,-1,-1,7,1
201314K148713,2,9,0,7,0,0,0,0,0,0,1,1,6,3,-1,-1,-1,-1,-1,-1
201314K148813,1,11,0,18,0,0,0,0,0,0,0,1,1,1,8,4250,2,13,3,1
201314K148913,1,1,0,16,0,2,0,11,1,0,0,1,6,1,6,-1,-1,-1,1,1
201314K148913,2,9,0,18,0,1,0,0,0,0,0,1,6,3,-1,-1,-1,-1,-1,-1
201314K149213,1,9,0,18,0,1,0,0,0,0,1,1,6,1,9,2179,2,2,6,1
201314K149213,2,9,0,3,0,1,0,0,0,0,2,1,6,1,9,1339,1,3,6,1
201314K149213,3,9,0,10,0,1,0,0,0,0,2,1,6,2,7,996,1,-1,8,2
201314K149313,1,9,0,18,0,8,0,0,0,0,1,1,6,2,7,-1,-1,-1,10,1
201314K149313,2,9,0,18,0,8,0,0,0,0,3,1,1,1,7,1248,2,2,4,1
201314K149413,1,9,0,14,0,1,0,0,0,0,3,1,1,1,6,-1,-1,-1,9,1
201314K149413,2,9,0,18,0,1,0,0,0,0,3,1,6,1,11,3175,1,10,7,1
201314K149413,3,9,0,2,0,1,0,0,0,0,4,1,6,1,-1,-1,-1,-1,6,3
201314K150013,1,11,0,5,0,4,0,0,0,0,0,1,1,1,8,3900,2,7,1,1
201314K150513,1,8,0,5,0,0,0,0,0,0,0,1,6,1,7,2148,2,5,1,1
201314K150713,1,5,0,13,0,8,0,0,0,0,1,1,6,1,4,750,1,23,1,1
201314K150713,2,20,0,9,0,8,0,0,0,0,2,1,6,1,8,2998,2,4,4,1
201314K151113,1,9,0,16,0,8,0,0,0,0,2,1,6,1,6,1299,1,9,4,1
201314K151113,2,9,0,9,0,6,0,0,0,0,1,1,6,3,-1,1242,1,1,6,1
201314K151213,1,9,0,16,0,3,5,0,0,0,1,1,6,1,6,1229,1,7,5,1
201314K151513,1,9,0,18,0,1,0,0,0,0,2,1,6,2,8,1900,2,9,9,1
201314K151513,2,9,0,18,0,1,0,0,0,0,2,1,6,1,7,1199,2,3,3,1
201314K151513,3,8,0,18,0,1,0,0,0,0,1,1,6,1,7,-1,-1,-1,6,1
201314K151513,4,5,0,18,0,2,0,0,0,0,1,1,6,1,5,745,1,6,9,1
201314K151713,1,8,0,2,0,0,0,0,0,0,2,1,1,1,7,2402,2,11,1,1
201314K151713,2,9,0,18,0,0,0,0,0,0,1,1,6,2,4,1360,1,13,1,1
201314K152113,1,9,0,5,0,2,0,0,0,0,3,1,6,1,11,1399,2,2,5,1
201314K152113,2,1,0,18,0,1,0,0,0,0,1,1,2,1,7,-1,-1,-1,9,1
201314K153313,1,9,0,3,0,0,0,0,0,0,2,1,6,1,5,1896,2,8,4,1
201314K153313,2,9,0,18,0,0,1,0,0,0,1,1,6,3,-1,-1,-1,-1,-1,-1
201314K153413,1,9,0,9,0,1,0,0,0,0,1,1,1,1,4,1598,1,8,7,1
201314K153413,2,1,0,18,0,1,1,0,0,0,1,1,1,1,7,-1,-1,-1,10,1
201314K153513,1,9,0,3,0,1,0,0,0,0,2,1,6,1,7,1422,2,6,8,1
201314K153513,2,9,0,4,0,1,1,0,0,0,1,1,1,2,8,1399,2,3,2,1
201314K153613,1,11,0,18,0,1,0,0,0,0,0,1,1,1,6,9600,2,15,1,1
201314K153613,2,9,0,18,0,6,0,0,0,0,0,1,6,2,8,998,1,2,6,1
201314K153713,1,9,0,18,0,1,0,0,0,0,1,1,6,1,11,1896,2,7,4,2
201314K153713,2,9,0,9,0,6,0,0,0,0,1,1,6,2,6,1299,1,5,7,1
201314K153813,1,9,0,1,0,2,0,0,0,0,2,1,6,2,5,1248,2,4,1,1
201314K153813,2,9,0,1,0,2,0,0,0,0,2,1,6,3,-1,1197,1,-1,1,1
201314K153913,1,9,0,18,1,1,0,0,0,0,4,1,6,1,-1,-1,-1,-1,-1,-1
201314K154413,1,2,0,18,0,1,0,0,0,0,1,1,6,1,5,49,1,15,5,1
201314K154413,2,9,0,9,0,6,0,0,0,0,3,1,6,1,11,1242,1,6,5,3
201314K154713,1,9,0,18,0,0,0,0,0,0,1,1,1,2,6,1997,2,10,1,1
201314K154913,1,9,0,18,0,6,0,0,0,0,4,1,6,1,8,1390,1,11,3,1
201314K154913,2,5,0,18,0,1,0,0,0,0,1,1,6,1,6,599,1,14,3,1
201314K155013,1,9,0,18,0,8,0,0,0,0,4,1,6,1,8,1584,1,8,4,1
201314K155013,2,9,0,9,0,6,0,0,0,0,1,1,6,1,7,998,1,-1,4,1
201314K155013,3,9,0,3,0,1,0,0,0,0,1,1,6,1,7,1968,2,2,7,2
201314K155213,1,9,0,4,0,1,0,0,0,0,2,1,6,1,8,1400,2,8,3,1
201314K155213,2,9,0,18,0,1,0,0,0,0,1,1,6,3,-1,1560,2,7,1,1
201314K156513,1,9,0,17,0,1,0,0,0,0,2,1,6,2,10,1364,2,5,6,2
201314K156513,2,9,0,17,0,1,0,0,0,0,1,1,6,3,-1,-1,-1,-1,-1,-1
201314K157313,1,9,0,18,0,1,0,0,0,0,3,1,6,1,7,1794,1,9,1,1
201314K157413,1,9,0,3,0,0,0,0,0,0,2,1,2,1,8,1995,2,2,4,2
201314K157413,2,9,0,3,0,0,0,0,0,0,1,1,2,2,7,1870,2,11,4,2
201314K157413,3,9,0,18,0,0,0,0,0,0,1,1,2,1,6,999,1,-1,8,1
201314K157413,4,9,0,18,0,0,0,0,0,0,1,1,6,1,7,1956,2,4,6,1
201314K157513,1,11,0,18,0,0,1,0,0,0,1,1,1,1,4,9600,2,15,3,1
201314K157613,1,9,0,18,0,0,0,0,0,0,0,1,6,1,6,1598,1,11,3,1
201314K157613,2,1,0,18,0,0,0,0,0,0,0,1,6,1,3,-1,-1,-1,1,1
201314K158113,1,9,0,18,0,8,0,0,0,0,1,1,6,2,6,1796,1,9,1,1
201314K158213,1,9,0,18,0,1,0,0,0,0,1,1,2,2,7,1339,1,9,3,1
201314K158313,1,9,0,18,0,0,0,0,0,0,4,1,2,2,6,1242,1,10,7,1
201314K158313,2,1,0,18,0,0,0,0,0,0,2,1,6,1,2,-1,-1,-1,6,1
201314K158713,1,9,0,15,0,8,0,0,0,0,1,1,1,1,8,1388,1,11,3,1
201314K158713,2,1,0,18,0,8,0,0,0,0,2,1,1,1,-1,-1,-1,-1,7,1
201314K158813,1,1,0,18,0,8,0,0,0,0,1,1,2,1,8,-1,-1,-1,7,1
201314K158813,2,9,0,18,0,8,0,0,0,0,4,1,6,1,11,1198,1,7,9,1
201314K159113,1,9,0,8,0,8,0,0,0,0,1,1,6,1,9,1995,2,6,6,1
201314K159213,1,9,0,18,0,0,0,0,0,0,1,1,1,2,6,1390,1,12,2,1
201314K159513,1,9,0,18,0,8,0,0,0,0,1,1,6,1,8,1798,1,10,1,1
201314K159513,2,9,0,9,0,8,0,10,0,0,4,1,6,1,6,1598,1,6,3,1
201314K159713,1,9,0,8,0,1,0,0,0,0,2,1,6,1,6,1398,2,11,3,1
201314K159713,2,9,0,18,0,1,0,0,0,0,1,1,6,1,6,1598,1,12,1,1
201314K159813,1,19,0,1,0,0,0,0,0,0,2,1,1,2,10,-1,-1,-1,7,3
201314K159913,1,9,0,2,0,0,0,0,0,0,2,1,6,3,-1,1973,1,14,-1,-1
201314K159913,2,9,0,18,0,0,0,4,1,0,1,1,6,1,6,1360,1,14,3,1
201314K160313,1,9,0,5,0,5,0,0,0,0,1,1,6,2,10,1598,2,4,8,1
201314K160313,2,9,0,18,0,5,0,0,0,0,3,1,6,1,7,2180,2,17,1,1
201314K160413,1,9,0,17,0,0,1,0,0,0,2,1,6,1,4,1124,1,10,3,1
201314K160813,1,9,0,18,0,1,0,0,0,0,4,1,6,1,5,1896,2,6,3,1
201314K160813,2,9,0,7,0,0,0,0,0,0,1,1,6,3,-1,-1,-1,-1,-1,-1
201314K161013,1,9,0,5,0,0,0,0,0,0,1,1,6,2,10,1149,1,9,1,1
201314K161013,2,9,5,18,0,0,0,0,0,0,3,1,6,1,8,-1,-1,-1,3,1
201314K161013,3,9,0,2,0,0,0,0,0,0,1,1,6,1,6,1598,1,12,4,1
201314K161313,1,9,0,9,0,0,0,0,0,0,4,1,6,1,9,1599,1,12,1,1
201314K161313,2,3,0,18,0,0,0,0,0,0,1,1,6,1,6,124,1,5,1,1
201314K161813,1,9,0,9,0,8,0,0,0,0,1,1,2,2,6,1198,1,6,5,1
201314K161813,2,9,0,18,0,1,0,0,0,0,1,1,2,2,5,998,1,-1,5,1
201314K162213,1,9,0,16,0,0,1,0,0,0,1,1,1,1,7,1995,2,2,10,1
201314K162213,2,9,0,16,0,0,1,0,7,10,1,1,2,1,5,1598,1,16,5,1
201314K162713,1,9,0,18,0,2,0,0,0,0,3,1,4,1,9,-1,-1,-1,10,1
201314K162713,2,1,0,18,0,2,0,0,0,0,1,1,6,2,6,-1,-1,-1,5,1
201314K162913,1,9,0,5,0,6,0,0,0,0,3,1,6,1,5,1968,2,1,7,1
201314K162913,2,2,0,18,0,1,0,0,0,0,1,1,6,1,4,49,1,-1,1,1
201314K163713,1,1,0,18,0,1,0,0,0,0,0,1,1,1,8,-1,-1,-1,10,1
201314K163713,2,9,0,7,0,0,0,0,0,0,1,1,6,3,-1,-1,-1,-1,-1,-1
201314K163813,1,11,0,18,0,1,0,0,0,0,0,1,1,1,9,7300,2,10,1,1
201314K163813,2,19,0,18,0,1,0,0,0,0,0,1,6,3,-1,-1,-1,-1,-1,-1
201314K164313,1,9,0,6,0,0,0,0,0,0,1,1,6,1,5,1086,1,8,1,1
201314K164713,1,5,0,18,0,8,0,0,0,0,1,1,2,1,7,600,1,14,2,1
201314K164713,2,9,0,9,0,6,0,0,0,0,3,1,2,1,9,1598,1,6,9,1
201314K165013,1,9,0,18,0,8,0,0,0,0,1,1,6,1,-1,1596,1,4,7,1
201314K165013,2,8,0,18,0,7,5,0,0,0,4,1,1,1,6,1997,2,7,9,1
201314K165013,3,9,0,2,0,2,0,0,0,0,3,1,6,1,-1,1598,1,5,7,1
201314K165113,1,9,0,7,0,8,0,0,0,0,4,1,6,2,4,1364,2,8,2,1
201314K165113,2,9,0,17,0,8,0,0,0,0,3,1,6,1,7,1360,1,11,5,2
201314K165313,1,9,0,18,0,0,0,0,0,0,3,1,4,2,4,1490,1,5,3,1
201314K165313,2,9,0,18,0,0,0,0,0,0,4,1,6,1,6,1995,2,3,3,1
201314K166013,1,9,0,18,0,8,0,0,0,0,4,1,6,2,6,996,1,1,3,1
201314K166213,1,8,0,18,0,0,1,0,0,0,1,1,1,1,5,-1,-1,-1,2,1
201314K166613,1,9,0,7,0,6,0,0,0,0,2,1,2,1,6,1199,1,12,5,1
201314K166613,2,1,0,18,4,8,0,0,0,0,1,1,2,2,6,-1,-1,-1,5,1
201314K166813,1,9,0,18,0,8,0,0,0,0,1,1,6,1,5,1598,1,5,10,2
201314K166813,2,9,0,18,0,8,0,0,0,0,3,1,6,1,8,1461,2,2,9,1
201314K166913,1,9,0,18,0,8,0,0,0,0,2,1,6,2,8,1999,1,7,2,1
201314K166913,2,1,0,18,0,8,0,0,0,0,1,1,6,2,8,-1,-1,-1,9,1
201314K167113,1,8,0,2,6,0,0,0,0,0,2,1,1,1,9,2664,2,12,3,1
201314K167113,2,9,0,18,6,0,0,0,0,0,1,1,6,3,-1,-1,-1,-1,-1,-1
201314K168213,1,9,0,10,0,1,0,0,0,0,2,1,6,2,5,1598,1,13,1,1
201314K168213,2,9,0,3,0,1,0,0,0,0,1,1,6,1,9,1229,1,5,2,1
201314K168213,3,9,0,18,0,0,0,0,0,0,1,1,6,1,6,1984,1,11,1,1
201314K168313,1,9,0,18,0,0,1,0,5,7,3,1,1,2,5,1461,2,4,5,1
201314K168313,2,21,0,11,0,0,0,0,0,0,4,1,6,1,9,-1,-1,-1,8,1
201314K168713,1,9,0,2,0,0,0,0,0,0,1,1,6,1,-1,1299,1,15,1,1
201314K168713,2,90,0,1,0,0,0,0,0,0,2,1,1,2,-1,-1,-1,-1,9,1
201314K168813,1,9,0,9,0,5,0,0,0,0,1,1,6,1,11,1396,1,17,6,1
201314K168813,2,9,0,18,0,1,0,0,0,0,1,1,6,1,8,1870,2,11,6,1
201314K168813,3,9,0,8,0,6,0,0,0,0,3,1,6,1,4,1461,2,3,5,1
201314K168913,1,9,0,9,4,1,0,0,0,0,1,1,6,2,6,1461,2,6,5,1
201314K168913,2,1,0,18,0,1,0,0,0,0,3,1,6,1,6,-1,-1,-1,4,1
201314K169013,1,9,0,18,0,1,1,0,1,0,1,1,6,1,9,1328,1,10,3,1
201314K169113,1,9,0,18,0,1,0,0,0,0,1,1,6,1,5,1762,1,18,6,1
201314K169113,2,9,0,9,0,0,0,0,0,0,1,1,6,2,5,1360,1,10,8,1
201314K169213,1,9,0,18,0,1,0,0,0,0,1,1,6,1,7,1364,1,7,7,1
201314K169213,2,9,0,3,0,1,0,0,0,0,1,1,6,2,8,1360,1,5,7,2
201314K169213,3,9,0,3,0,1,0,0,0,0,1,1,6,1,8,1956,2,1,5,1
201314K169213,4,9,0,3,0,1,0,0,0,0,1,1,6,1,6,-1,-1,-1,3,1
201314K169313,1,11,0,18,0,1,0,0,0,0,3,1,1,1,6,6871,2,6,1,1
201314K169713,1,19,0,18,0,1,0,0,0,0,1,1,1,1,9,2198,2,3,4,1
201314K169713,2,9,0,3,0,1,0,0,0,0,2,1,1,2,4,973,1,11,4,2
201314K169713,3,9,0,3,0,1,0,0,0,0,2,1,6,2,7,3059,2,18,3,1
201314K170213,1,9,0,18,0,0,2,0,0,0,2,1,6,1,8,1596,1,6,4,1
201314K170213,2,21,0,11,0,0,0,0,0,0,1,1,1,1,10,12130,2,10,7,1
201314K170313,1,9,0,18,0,0,0,0,0,0,4,1,6,3,-1,-1,-1,-1,-1,-1
201314K170613,1,19,0,18,0,8,0,0,0,0,4,1,1,1,8,-1,-1,-1,8,1
201314K170613,2,9,0,5,0,6,0,0,0,0,1,1,6,1,7,1560,2,3,2,1
201314K170813,1,9,0,2,0,1,0,0,0,0,0,1,1,1,8,-1,-1,-1,2,1
201314K171413,1,9,0,9,0,0,0,0,0,0,4,1,6,1,8,1895,1,14,10,1
201314K171413,2,5,0,18,0,0,0,0,0,0,1,1,6,1,5,599,1,21,6,1
201314K171513,1,11,0,18,0,3,0,0,0,0,0,1,1,1,8,-1,-1,-1,3,1
201314K172013,1,9,0,9,0,6,0,0,0,0,3,1,6,1,9,1582,2,3,6,1
201314K172113,1,9,0,5,0,8,0,0,0,0,1,1,1,1,7,-1,-1,-1,9,2
201314K172113,2,9,0,10,0,5,0,0,0,0,2,1,6,1,5,1900,2,9,1,1
201314K172313,1,9,0,18,0,1,0,0,0,0,1,1,6,3,-1,-1,-1,-1,-1,-1
201314K172313,2,1,0,18,0,1,0,0,0,0,2,1,6,2,6,-1,-1,-1,5,1
201314K172413,1,19,0,7,0,5,0,0,0,0,4,1,1,1,7,2148,2,6,2,1
201314K172613,1,9,0,9,0,8,0,0,4,0,4,1,6,1,11,1360,1,10,1,1
201314K172613,2,9,0,18,0,1,0,0,1,2,1,1,6,1,6,5998,1,7,2,1
201314K173213,1,9,0,18,0,0,0,0,0,0,1,1,6,1,9,1242,1,12,1,1
201314K173213,2,9,0,3,0,0,0,0,0,0,2,1,6,1,6,1910,2,8,2,1
201314K173413,1,11,0,18,0,2,0,0,0,0,1,1,1,1,7,-1,2,14,2,1
201314K173513,1,9,0,4,0,2,0,0,0,0,1,1,6,1,4,998,1,7,8,1
201314K173513,2,9,0,3,0,2,0,0,0,0,2,1,6,1,6,2497,2,8,1,1
201314K173713,1,9,0,5,6,0,0,0,0,0,1,1,6,2,6,1956,2,2,9,1
201314K174213,1,9,0,9,0,0,0,0,0,0,1,1,2,2,7,1388,1,6,8,1
201314K174213,2,1,0,18,4,0,0,0,0,0,1,1,2,2,6,-1,-1,-1,10,1
201314K174413,1,9,0,9,0,6,0,0,0,0,1,1,6,1,6,-1,-1,-1,1,1
201314K174513,1,21,0,9,0,1,0,0,0,0,3,1,1,1,6,6692,2,1,5,1
201314K174513,2,5,0,14,0,1,1,0,0,0,4,1,6,1,8,650,1,18,1,1
201314K175113,1,9,0,18,0,0,0,0,0,0,1,1,6,1,6,1360,1,12,1,1
201314K175213,1,8,0,9,0,3,0,0,0,0,4,1,1,1,7,1910,2,5,2,1
201314K175213,2,9,0,5,0,4,0,0,0,0,1,1,3,2,5,1398,1,7,1,1
201314K175513,1,18,0,5,0,0,0,0,0,0,1,1,1,2,7,-1,-1,-1,4,1
201314K175613,1,9,0,18,0,6,0,0,0,0,4,1,6,2,8,1240,1,7,9,2
201314K175613,2,1,0,18,0,1,0,0,0,0,2,1,6,1,9,-1,-1,-1,4,1
201314K175813,1,9,0,18,0,1,0,0,0,0,1,1,2,2,6,1199,1,14,7,1
201314K176013,1,9,0,3,0,1,0,0,0,0,2,1,6,2,9,1242,1,14,5,1
201314K176413,1,9,0,13,0,0,0,0,0,0,4,1,6,3,-1,-1,-1,-1,-1,-1
201314K176413,2,1,0,18,0,0,0,0,0,0,1,1,6,2,6,-1,-1,-1,7,1
201314K176713,1,9,0,18,0,0,0,0,0,0,1,1,1,1,6,1332,1,15,2,1
201314K176713,2,1,0,18,0,0,0,0,0,0,0,1,6,1,3,-1,-1,-1,2,1
201314K176913,1,9,0,9,0,8,0,0,0,0,4,1,6,2,5,1397,1,3,5,1
201314K176913,2,9,0,18,0,1,0,0,0,0,1,1,6,1,9,1968,2,5,5,1
201314K177113,1,9,0,18,0,0,0,0,0,0,4,1,6,2,5,1229,1,7,1,1
201314K177113,2,9,0,18,0,0,0,0,0,0,3,1,6,1,-1,1598,1,11,3,1
201314K177513,1,2,0,18,0,0,0,4,0,0,1,1,6,1,6,49,1,3,4,1
201314K177513,2,9,0,2,0,0,0,0,0,0,2,1,6,2,6,1299,1,5,3,1
201314K177613,1,19,0,7,0,5,0,0,0,0,4,1,1,1,5,2143,2,2,7,1
201314K177613,2,1,0,18,0,1,0,0,0,0,1,1,6,1,7,-1,-1,-1,9,1
201314K178013,1,9,0,12,0,7,0,0,0,0,4,1,1,1,8,2198,2,7,6,1
201314K178013,2,1,0,18,0,7,0,0,0,0,3,1,1,1,6,-1,-1,-1,1,1
201314K178113,1,9,0,18,0,8,0,0,0,0,1,1,1,2,6,1560,2,2,4,1
201314K178113,2,9,0,18,0,8,0,0,0,0,4,1,6,2,6,998,1,5,6,3
201314K178313,1,9,0,18,0,0,1,10,7,2,1,1,6,1,5,1796,1,12,2,1
201314K178613,1,9,0,5,0,0,0,0,0,0,1,1,6,1,6,1798,1,7,7,1
201314K178613,2,9,0,5,0,0,0,0,0,0,2,1,6,2,7,1794,1,10,4,1
201314K178713,1,9,0,9,0,8,0,0,0,0,4,1,6,1,4,1149,1,12,3,1
201314K178713,2,9,0,18,0,1,0,0,0,0,1,1,6,3,-1,-1,-1,-1,-1,-1
201314K178813,1,9,0,18,0,0,0,0,0,0,1,1,6,1,6,1242,1,12,1,1
201314K178813,2,9,0,3,0,0,0,0,0,0,2,1,6,1,7,998,1,13,4,1
201314K178913,1,9,0,18,0,1,0,0,0,0,1,1,6,1,9,1149,1,17,5,1
201314K178913,2,9,0,18,0,1,0,0,0,0,1,1,6,1,6,1781,1,7,6,1
201314K178913,3,9,0,18,0,0,0,0,0,0,2,1,6,1,7,1796,7,11,5,1
201314K178913,4,9,0,9,0,0,0,0,0,0,0,1,6,1,7,1422,2,12,1,1
201314K179113,1,9,0,11,0,0,0,0,0,0,1,1,6,1,4,1598,1,1,1,1
201314K179113,2,9,0,18,0,0,0,0,0,0,2,1,6,1,10,-1,-1,-1,8,3
201314K179113,3,9,0,18,0,0,0,0,0,0,4,1,6,3,-1,-1,-1,-1,-1,-1
201314K179213,1,9,0,18,0,8,0,0,0,0,1,1,6,2,7,1149,1,5,5,1
201314K179213,2,9,0,18,0,4,0,0,0,0,3,1,6,1,8,2143,2,1,8,1
201314K179613,1,3,0,18,0,0,1,0,0,0,1,1,6,1,7,102,1,-1,-1,-1
201314K179613,2,9,0,3,0,0,0,0,0,0,1,1,6,2,6,1390,1,9,8,1
201314K180113,1,19,0,9,0,8,0,0,0,0,1,1,6,1,6,-1,-1,-1,-1,-1
201314K180813,1,9,0,18,0,1,0,0,0,0,1,1,6,1,5,1240,1,9,4,1
201314K181813,1,9,0,4,0,6,0,0,0,0,1,1,6,1,9,998,1,-1,5,1
201314K181913,1,9,0,17,0,0,0,0,1,0,1,1,1,1,8,1995,2,4,5,1
201314K181913,2,9,0,16,0,0,0,0,7,0,1,1,1,1,6,-1,-1,-1,5,1
201314K182013,1,9,0,18,0,8,0,0,0,0,4,1,6,1,7,1598,1,2,7,2
201314K182213,1,9,0,4,0,0,0,0,0,0,1,1,6,2,8,1198,1,5,3,1
201314K182213,2,9,0,4,0,0,0,0,0,0,2,1,6,2,6,1360,1,11,4,1
201314K182213,3,9,0,4,0,0,0,0,0,0,2,1,1,1,9,2143,2,2,10,1
201314K182313,1,9,0,16,0,0,0,0,2,10,1,1,6,1,-1,-1,-1,-1,-1,-1
201314K182413,1,9,0,3,0,4,0,0,0,0,2,1,6,1,6,1995,2,13,1,1
201314K182413,2,9,0,3,0,4,0,0,0,0,1,1,6,1,4,1598,1,8,1,1
201314K182513,1,9,0,9,0,6,0,0,0,0,3,1,6,2,6,1997,2,5,8,1
201314K182513,2,9,0,18,0,2,0,0,0,0,1,1,2,2,6,-1,-1,-1,9,1
201314K183513,1,8,0,18,0,0,0,0,0,0,1,1,1,3,-1,-1,-1,-1,-1,-1
201314K184213,1,9,0,6,0,1,0,0,0,0,3,1,6,1,5,1596,1,9,4,1
201314K184213,2,9,0,18,0,0,0,0,0,0,1,1,6,1,6,1598,2,2,2,1
201314K184413,1,9,0,7,0,2,1,0,0,0,4,1,2,2,6,1360,1,10,5,1
201314K184413,2,9,0,12,0,0,0,0,0,0,3,1,6,2,6,1794,1,14,3,1
201314K185113,1,9,0,18,0,8,0,0,0,0,4,1,4,2,5,1598,1,10,1,1
201314K185113,2,9,0,18,0,8,0,0,0,0,1,1,4,1,5,-1,-1,-1,2,1
201314K185113,3,9,0,8,0,1,0,0,0,0,3,1,4,1,7,1497,1,11,1,1
201314K185513,1,9,0,18,0,0,0,0,0,0,1,1,6,3,-1,-1,-1,-1,-1,-1
201314K185613,1,9,0,18,0,1,0,0,0,0,1,1,6,1,8,1686,2,6,3,1
201314K186013,1,9,0,18,0,0,1,0,1,10,1,1,6,1,4,973,1,14,4,1
201314K186213,1,9,0,18,0,0,0,0,0,0,1,1,2,2,5,1422,2,5,5,1
201314K186313,1,9,0,3,0,8,0,0,0,0,2,1,6,2,8,1596,1,1,3,1
201314K186313,2,9,0,18,0,1,0,0,0,0,1,1,6,2,7,1995,2,-1,4,1
201314K186613,1,9,0,9,0,8,0,0,0,0,1,1,6,2,5,1248,2,2,1,1
201314K186613,2,2,0,18,0,1,0,0,0,0,1,1,6,1,5,-1,-1,-1,4,1
201314K186913,1,9,0,18,0,0,0,0,0,0,1,1,2,1,6,1998,1,8,6,1
201314K186913,2,1,0,18,0,0,0,0,0,0,3,1,6,1,2,-1,-1,-1,8,1
201314K187813,1,9,0,4,0,1,0,0,0,0,1,1,2,1,8,1998,2,11,8,1
201314K188013,1,9,0,18,0,1,0,0,0,0,1,1,1,1,8,1998,1,10,5,3
201314K188013,2,9,0,18,0,1,0,0,0,0,4,1,3,2,7,1968,2,2,10,1
201314K188113,1,8,0,18,0,8,0,0,0,0,4,1,1,1,7,1896,2,9,9,1
201314K188113,2,9,0,18,0,6,0,0,0,0,1,1,6,1,5,1229,1,8,1,1
201314K188813,1,9,0,18,0,0,1,10,7,10,1,1,2,1,6,1599,1,10,10,1
201314K189013,1,9,0,9,0,8,0,0,0,0,3,1,6,1,7,1796,1,11,4,1
201314K189013,2,5,0,18,0,1,0,0,0,0,1,1,6,1,6,-1,-1,-1,3,1
201314K189113,1,9,0,5,0,2,0,0,0,0,1,1,2,1,5,998,1,-1,9,2
201314K189113,2,1,0,18,0,1,0,0,0,0,1,1,6,2,6,-1,-1,-1,1,1
201314K189413,1,19,0,18,0,1,0,0,0,0,1,1,1,1,5,2143,2,2,2,1
201314K189413,2,9,0,5,0,1,0,0,0,0,3,1,6,1,11,1794,1,10,6,1