Accident_Index,Vehicle_Reference,Vehicle_Type,Towing_and_Articulation,Vehicle_Manoeuvre,Vehicle_Location-Restricted_Lane,Junction_Location,Skidding_and_Overturning,Hit_Object_in_Carriageway,Vehicle_Leaving_Carriageway,Hit_Object_off_Carriageway,1st_Point_of_Impact,Was_Vehicle_Left_Hand_Drive?,Journey_Purpose_of_Driver,Sex_of_Driver,Age_Band_of_Driver,Engine_Capacity_(CC),Propulsion_Code,Age_of_Vehicle,Driver_IMD_Decile,Driver_Home_Area_Type
201314K189413,3,9,0,2,0,1,0,0,0,0,3,1,6,2,10,1598,1,2,6,1
201314K189413,4,9,0,2,0,1,0,0,0,0,3,1,6,1,11,1299,1,5,6,1
201314K189413,5,9,0,2,0,1,0,0,0,0,2,1,6,2,10,1598,1,8,6,1
201314K189513,1,9,0,18,0,1,0,0,0,0,1,1,6,1,8,2616,1,9,6,1
201314K189513,2,22,0,18,0,1,5,0,0,0,4,1,6,2,11,-1,-1,-1,4,1
201314K189613,1,9,0,18,0,0,0,0,0,0,2,1,6,2,7,-1,-1,-1,3,2
201314K189613,2,9,0,18,0,0,0,0,0,0,1,1,6,1,4,1686,2,6,5,1
201314K189713,1,9,0,18,0,1,0,0,0,0,1,1,1,1,6,-1,-1,-1,3,1
201314K189713,2,9,0,12,0,1,0,0,0,0,1,1,6,2,5,1149,1,10,10,1
201314K190913,1,9,0,18,0,0,0,0,0,0,2,1,6,1,7,1229,1,5,1,1
201314K190913,2,1,0,18,0,0,0,0,0,0,1,1,6,3,-1,-1,-1,-1,-1,-1
201314K191813,1,9,0,18,0,0,0,0,0,0,2,1,6,2,8,1299,1,10,1,1
201314K191813,2,9,0,18,0,0,0,0,0,0,1,1,6,1,4,1397,1,11,10,1
201314K192213,1,9,0,16,0,0,0,0,7,1,1,1,2,2,6,1769,1,10,1,1
201314K192313,1,9,0,18,0,1,0,0,0,0,4,1,6,1,5,2000,1,13,1,1
201314K192413,1,9,0,4,0,1,0,0,0,0,1,1,6,2,7,1388,1,12,9,1
201314K192413,2,9,0,4,0,1,0,0,0,0,2,1,6,2,6,1461,2,9,7,1
201314K192613,1,5,0,4,0,1,0,0,1,0,2,1,2,1,8,660,1,1,5,1
201314K192613,2,9,0,18,0,1,0,0,0,0,1,1,6,2,4,998,1,2,3,1
201314K192713,1,9,0,4,0,4,0,0,0,0,1,1,6,2,7,1796,2,1,2,1
201314K192713,2,9,0,4,0,4,0,0,0,0,2,1,6,2,7,1783,1,13,10,1
201314K192813,1,9,0,4,0,0,0,0,0,0,2,1,1,1,8,1997,2,3,10,1
201314K192813,2,9,0,4,0,0,0,0,0,0,2,1,1,1,8,1956,2,-1,9,1
201314K192813,3,9,0,4,0,0,1,0,0,0,1,1,1,2,7,1956,2,3,4,1
201314K193113,1,9,0,18,0,6,0,0,0,0,1,1,6,1,4,1198,1,11,5,1
201314K193213,1,8,0,5,0,0,0,0,0,0,1,1,1,1,8,1997,2,7,4,1
201314K193813,1,9,0,9,0,2,0,0,0,0,1,1,6,2,7,1399,2,4,1,1
201314K193813,2,1,0,18,0,2,5,0,0,0,1,1,6,1,8,-1,-1,-1,-1,-1
201314K193913,1,9,0,18,0,6,0,0,0,0,1,1,6,2,9,1364,1,4,9,1
201314K193913,2,1,0,18,0,1,0,0,0,0,3,1,6,1,6,-1,-1,-1,4,1
201314K194113,1,9,0,14,0,0,0,0,0,0,1,1,6,1,8,1398,1,2,1,1
201314K194113,2,9,0,4,0,0,0,0,0,0,2,1,1,1,7,1896,2,4,8,1
201314K194413,1,9,0,18,0,0,1,0,0,0,1,1,6,1,6,1360,1,12,7,1
201314K194413,2,9,0,9,0,0,0,0,0,0,4,1,6,2,6,1360,1,12,1,1
201314K194513,1,9,0,14,0,0,1,0,2,3,1,1,6,1,4,1396,1,10,2,1
201314K194513,2,9,0,2,0,0,0,0,0,0,1,1,6,1,7,1896,2,9,-1,-1
201314K194513,3,9,0,2,0,0,0,0,0,0,1,1,6,1,7,1360,1,6,-1,-1
201314K194613,1,9,0,12,0,1,1,0,0,0,0,1,6,1,6,1388,1,10,4,1
201314K195113,1,9,0,17,0,0,0,0,0,0,1,1,6,1,6,1798,1,7,9,2
201314K195113,2,9,0,17,0,0,0,0,0,0,1,1,6,1,8,1332,1,14,1,1
201314K195513,1,19,0,3,0,0,0,0,0,0,1,1,2,1,6,2198,2,5,1,1
201314K195913,1,5,0,13,0,0,0,0,0,0,0,1,2,1,8,1255,1,5,9,1
201314K195913,2,9,0,18,0,0,0,0,0,0,3,1,2,1,9,1896,2,9,4,1
201314K196613,1,1,0,18,4,8,0,0,0,0,3,1,2,1,7,-1,-1,-1,3,1
201314K196613,2,9,0,9,0,5,0,0,0,0,4,1,6,2,5,1686,2,7,1,1
201314K196813,1,9,0,17,0,0,1,10,1,0,1,1,6,2,4,1149,1,8,9,2
201314K197313,1,8,0,6,0,8,0,0,0,0,1,1,1,1,7,1896,2,6,3,1
201314K197313,2,9,5,10,0,1,0,0,0,0,4,1,6,1,6,1598,1,11,1,1
201314K197413,1,9,0,18,0,8,0,0,0,0,0,1,6,1,8,1910,2,8,7,2
201314K197413,2,9,0,18,0,8,1,0,0,0,1,1,6,1,6,1870,2,6,7,1
201314K197413,3,9,0,18,0,8,0,0,0,0,1,1,6,1,8,1598,2,2,5,1
201314K197513,1,19,0,18,0,1,0,0,0,0,4,1,1,1,10,2198,2,6,4,1
201314K197713,1,19,0,18,0,0,0,0,0,0,1,1,1,1,8,2198,2,-1,7,1
201314K197813,1,9,0,5,0,1,0,0,0,0,1,1,6,1,7,1598,2,3,9,2
201314K197813,2,9,0,9,0,1,0,0,0,0,4,1,6,1,8,1461,2,8,6,1
201314K197913,1,9,0,3,0,1,0,0,0,0,2,1,2,1,7,-1,-1,-1,3,1
201314K197913,2,9,0,3,0,1,0,0,0,0,3,1,2,1,7,1368,1,5,2,1
201314K197913,3,1,0,15,0,1,0,0,0,0,1,1,6,1,5,-1,-1,-1,1,1
201314K198013,1,9,0,18,0,0,1,0,0,0,4,1,6,1,5,1598,1,12,2,1
201314K198013,2,9,0,18,0,0,0,0,0,0,3,1,6,1,-1,-1,-1,-1,9,3
201314K198213,1,8,0,4,0,1,0,0,0,0,1,1,1,1,6,1997,2,8,6,1
201314K198713,1,9,0,5,0,8,0,0,0,0,4,1,6,1,6,1396,1,11,1,1
201314K198713,2,9,0,18,0,1,0,0,0,0,1,1,2,2,7,1360,1,8,4,1
201314K199013,1,9,0,4,0,0,0,0,0,0,1,1,6,2,9,1796,1,19,2,1
201314K199013,2,9,0,4,0,0,0,0,0,0,2,1,6,2,8,1390,1,2,8,1
201314K199113,1,9,0,4,0,0,0,0,0,0,1,1,6,3,-1,-1,-1,-1,-1,-1
201314K199213,1,9,0,3,0,0,0,0,0,0,1,1,1,1,4,1598,1,11,3,1
201314K199213,2,9,0,3,0,0,0,0,0,0,1,1,6,1,7,1995,2,9,1,1
201314K199213,3,9,0,3,0,0,0,0,0,0,1,1,6,2,7,1597,1,21,4,1
201314K199513,1,9,0,15,0,0,0,0,0,0,4,1,6,1,5,1896,2,9,1,1
201314K199513,2,9,0,4,0,0,0,0,0,0,1,1,6,3,-1,1390,1,10,1,1
201314K199613,1,9,0,18,0,0,2,0,1,1,4,1,6,3,-1,-1,-1,-1,-1,-1
201314K199613,2,9,0,18,0,0,0,0,0,0,0,1,6,1,7,1991,2,10,3,1
201314K199813,1,8,0,5,0,0,0,0,0,0,0,1,1,1,7,1997,2,5,1,1
201314K200113,1,19,0,18,0,1,0,0,0,0,1,1,1,1,5,2402,2,10,2,1
201314K200113,2,9,0,18,0,1,0,0,0,0,1,1,1,1,6,1798,1,11,9,1
201314K200413,1,9,0,4,0,5,0,0,0,0,3,1,1,1,9,-1,-1,-1,1,1
201314K200413,2,1,0,3,0,5,0,0,0,0,4,1,2,1,7,-1,-1,-1,3,1
201314K200713,1,9,0,9,0,0,0,0,0,0,1,1,1,1,4,-1,-1,-1,8,2
201314K200713,2,9,0,18,0,0,0,0,0,0,1,1,1,1,9,1995,1,6,2,1
201314K201113,1,9,0,16,0,0,1,0,1,4,3,1,6,1,6,1999,1,10,1,1
201314K201213,1,9,0,18,0,0,0,0,0,0,1,1,6,1,7,1783,1,8,3,1
201314K201613,1,9,0,16,0,0,0,0,0,0,3,1,6,2,7,1984,1,10,7,1
201314K201613,2,9,0,9,0,0,0,0,0,0,1,1,6,3,8,998,1,13,4,1
201314K201713,1,9,0,9,0,8,0,0,0,0,1,1,6,2,11,1597,1,4,10,1
201314K201713,2,1,0,18,0,1,0,0,0,0,1,1,6,1,9,-1,-1,-1,5,1
201314K201813,1,9,0,18,0,8,0,0,0,0,3,1,1,1,6,1896,2,5,1,1
201314K201813,2,9,0,18,0,8,0,0,0,0,1,1,6,2,6,1596,1,10,5,1
201314K202013,1,9,0,2,0,0,0,0,0,0,4,1,3,2,6,1364,1,7,4,2
201314K202013,2,19,0,18,0,0,0,0,0,0,3,1,6,1,-1,1248,2,2,-1,-1
201314K202713,1,9,0,18,0,8,0,0,0,0,1,1,6,2,7,1388,1,9,9,1
201314K202713,2,9,0,18,0,8,0,0,0,0,4,1,6,1,7,1995,2,7,7,1
201314K202713,3,9,0,18,0,8,0,0,0,0,0,1,6,2,6,1994,2,4,2,1
201314K203713,1,9,0,18,0,0,0,0,0,0,2,1,6,2,5,1998,1,8,6,1
201314K203713,2,9,0,18,0,0,0,0,0,0,1,1,6,3,-1,1229,1,7,1,1
201314K203813,1,9,0,6,0,0,0,0,0,0,3,1,6,1,7,1560,2,3,2,1
201314K203813,2,3,0,13,0,0,1,0,0,0,1,1,6,1,4,124,1,2,4,1
201314K204013,1,9,0,6,0,0,0,0,0,0,1,1,6,2,10,1360,1,5,9,1
201314K204013,2,9,0,18,0,0,0,0,0,0,1,1,6,1,10,1242,1,2,4,3
201314K204113,1,19,0,18,0,2,0,0,0,0,2,1,6,1,7,2143,2,2,2,1
201314K204113,2,9,0,18,0,2,0,0,0,0,1,1,6,3,-1,1968,2,1,-1,-1
201314K204413,1,9,0,18,0,8,0,0,0,0,1,1,6,1,10,4164,2,15,3,1
201314K204913,1,9,0,9,0,4,0,0,0,0,1,1,6,1,5,1995,2,9,5,1
201314K204913,2,9,0,18,0,6,0,0,0,0,4,1,6,2,6,1587,1,6,5,1
201314K205213,1,9,0,18,0,0,0,0,0,0,2,1,6,1,5,1600,2,2,5,1
201314K205213,2,9,0,18,0,0,0,0,0,0,1,1,6,3,-1,-1,-1,-1,-1,-1
201314K205413,1,9,0,18,0,1,0,0,0,0,1,1,2,2,7,1685,2,1,2,1
201314K205913,1,9,0,5,0,2,0,0,0,0,3,1,1,1,5,1968,2,8,4,1
201314K206213,1,9,0,18,0,1,0,0,0,0,1,1,6,1,7,1397,1,12,1,1
201314K206413,1,9,0,18,0,8,0,0,3,1,4,1,2,1,9,1997,2,9,10,1
201314K206413,2,9,0,18,0,8,0,0,0,0,1,1,6,2,4,998,1,5,8,3
201314K206513,1,19,0,7,0,2,0,0,0,0,1,1,1,1,7,2148,2,7,7,1
201314K206613,1,9,0,18,0,1,0,0,0,0,1,1,6,1,3,1896,2,12,1,1
201314K206613,2,9,0,18,0,1,0,0,0,0,1,1,6,1,6,1598,2,-1,5,1
201314K206613,3,9,0,18,0,1,0,0,0,0,1,1,6,2,7,1598,2,-1,1,1
201314K206613,4,9,0,18,0,1,0,0,0,0,1,1,1,1,6,1560,2,2,8,1
201314K206813,1,9,0,9,0,8,0,0,0,0,1,1,6,2,7,1560,2,6,4,1
201314K206913,1,9,0,3,0,1,0,0,0,0,2,1,6,1,10,1560,2,3,3,1
201314K206913,2,9,0,18,0,1,0,0,0,0,1,1,1,1,7,-1,-1,-1,4,1
201314K207113,1,9,0,18,0,0,0,0,0,0,1,1,6,2,10,1086,1,7,1,1
201314K207113,2,9,0,2,0,0,0,0,0,0,0,1,6,1,8,1968,2,5,1,1
201314K207213,1,9,0,17,0,4,1,10,1,2,1,1,6,1,5,1796,1,14,5,1
201314K207413,1,9,0,18,0,8,0,0,0,0,1,1,1,1,6,-1,-1,-1,1,1
201314K207413,2,1,0,18,0,8,0,0,0,0,1,1,6,1,4,-1,-1,-1,2,1
201314K207713,1,11,0,17,0,0,0,0,0,0,1,1,1,1,9,4461,2,-1,2,1
201314K207813,1,9,0,3,0,0,0,0,0,0,2,1,2,1,7,1910,2,7,8,1
201314K207813,2,9,0,3,0,0,0,0,0,0,2,1,6,1,8,1587,1,6,1,1
201314K207813,3,9,0,3,0,0,0,0,0,0,2,1,6,1,8,1896,2,11,7,1
201314K207813,4,9,0,18,0,0,0,0,0,0,1,1,6,1,6,1598,2,1,4,1
201314K208713,1,9,0,18,0,8,0,0,0,0,3,1,1,1,7,1896,2,12,1,1
201314K208713,2,3,0,18,0,8,0,0,0,0,1,1,6,1,5,124,1,13,8,1
201314K208813,1,9,0,18,0,1,0,0,0,0,4,1,2,1,8,1497,8,7,7,1
201314K208913,1,9,0,18,0,0,0,0,0,0,1,1,6,2,8,1798,8,-1,10,1
201314K209313,1,9,0,1,0,0,0,0,0,0,2,1,6,3,-1,-1,-1,-1,-1,-1
201314K209413,1,9,0,17,0,8,0,0,0,0,4,1,6,1,4,2231,2,7,5,1
201314K209413,2,8,0,11,0,8,0,0,0,0,3,1,1,3,-1,-1,-1,-1,1,1
201314K209513,1,9,0,5,0,1,0,0,0,0,3,1,6,1,9,1598,1,14,1,1
201314K209813,1,9,0,7,0,1,0,0,0,5,1,1,6,1,5,1896,2,9,4,1
201314K209913,1,9,0,18,0,8,0,0,3,2,4,1,6,2,5,1242,1,2,7,1
201314K209913,2,9,0,18,0,8,0,0,1,0,1,1,6,1,8,-1,-1,-1,6,1
201314K210313,1,9,0,18,0,0,1,0,7,2,4,1,6,2,6,1796,1,5,4,1
201314K210313,2,9,0,18,0,0,0,0,0,0,0,1,6,1,6,2000,2,4,10,1
201314K210313,3,1,0,18,0,0,0,0,0,0,1,1,6,1,8,-1,-1,-1,7,1
201314K210513,1,3,0,18,0,1,0,0,0,0,1,1,6,1,-1,-1,-1,-1,3,1
201314K210513,2,9,0,7,0,6,0,0,0,0,1,1,6,1,-1,1560,2,4,2,1
201314K210713,1,9,0,18,0,0,0,0,0,0,3,1,4,1,10,1686,2,5,3,1
201314K211413,1,9,0,18,0,6,1,0,0,0,4,1,1,2,7,-1,-1,-1,1,1
201314K211413,2,1,0,18,0,6,0,0,0,0,1,1,1,1,8,-1,-1,-1,7,1
201314K211613,1,9,0,18,0,0,0,0,0,0,1,1,6,1,6,1781,1,18,3,1
201314K211713,1,9,0,18,0,0,1,0,0,0,1,1,2,2,5,1396,1,11,3,1
201314K211713,2,9,0,18,0,0,0,0,0,0,2,1,2,1,5,1229,1,8,6,2
201314K212213,1,9,0,4,0,0,0,0,0,0,2,1,6,1,6,2979,1,-1,10,2
201314K212213,2,9,0,18,0,0,0,0,0,0,1,1,6,1,5,1299,1,11,6,1
201314K212213,3,9,0,18,0,0,0,0,0,0,1,1,6,1,7,1396,1,11,7,1
201314K212213,4,9,0,18,0,0,0,0,0,0,1,1,6,1,6,1560,2,-1,1,1
201314K212413,1,8,0,18,0,1,0,0,0,0,1,1,6,1,6,-1,-1,-1,5,1
201314K212413,2,9,0,9,0,5,0,0,0,0,1,1,6,1,8,1397,1,6,1,1
201314K212513,1,9,0,5,0,6,0,0,0,0,3,1,6,1,8,2967,2,7,4,1
201314K212513,2,1,0,18,0,1,0,0,0,0,1,1,6,1,5,-1,-1,-1,4,1
201314K212713,1,11,0,18,2,0,0,0,0,0,4,1,1,3,-1,-1,-1,-1,-1,-1
201314K213413,1,9,0,18,0,5,0,0,0,0,3,1,6,2,6,1349,1,4,9,3
201314K213713,1,9,0,7,0,6,0,0,0,0,1,1,6,2,8,1398,2,1,3,1
201314K213913,1,9,0,18,1,0,2,0,4,10,3,1,6,1,4,973,1,11,2,1
201314K214213,1,9,0,9,0,0,0,0,0,0,1,1,6,1,6,1998,1,9,3,1
201314K214313,1,9,0,4,0,0,0,0,0,0,1,1,6,1,11,1596,1,9,5,1
201314K214313,2,9,0,2,0,0,0,0,0,0,4,1,6,1,7,1596,1,9,5,1
201314K214413,1,9,0,9,0,5,0,0,0,0,1,1,6,1,11,1596,1,10,2,1
201314K214413,2,4,0,18,0,6,0,0,0,0,1,1,6,1,3,-1,-1,-1,1,1
201314K214613,1,9,0,9,0,1,0,0,0,0,1,1,6,2,6,1596,1,-1,7,1
201314K214613,2,1,0,18,0,1,0,0,0,0,1,1,6,1,4,-1,-1,-1,9,1
201314K214713,1,9,0,18,0,2,0,0,0,0,3,1,2,1,8,1108,1,16,5,1
201314K215313,1,9,0,17,0,0,0,0,0,0,3,1,6,2,9,1398,2,5,4,1
201314K215313,2,9,0,2,9,0,0,0,0,0,2,1,6,2,7,1598,1,3,1,1
201314K215413,1,9,0,18,0,0,0,0,0,0,1,1,6,3,-1,-1,-1,-1,-1,-1
201314K215613,1,9,0,10,0,1,0,0,0,0,2,1,6,1,7,1368,1,4,5,1
201314K215613,2,8,0,15,0,1,1,0,0,0,1,1,6,1,7,1896,2,8,10,1
201314K216513,1,9,0,18,0,7,0,0,0,0,2,1,6,1,9,1560,2,7,10,1
201314K216513,2,9,0,18,0,7,1,0,0,0,1,1,6,1,5,1995,2,2,4,1
201314K217113,1,9,0,7,0,1,0,0,0,0,1,1,6,1,5,1994,1,9,9,1
201314K217113,2,3,0,18,0,1,0,0,0,0,1,1,6,1,5,124,1,10,1,1
201314K217713,1,9,0,9,0,6,0,0,3,1,1,1,6,1,7,1600,1,13,10,1
201314K217813,1,9,0,9,0,8,0,0,0,0,1,1,6,1,10,-1,-1,-1,10,1
201314K217813,2,1,0,18,0,5,0,0,0,0,1,1,6,1,8,-1,-1,-1,8,1
201314K218613,1,9,0,9,0,5,0,0,0,0,1,1,6,1,6,-1,-1,-1,5,1
201314K218613,2,3,0,18,2,1,1,0,0,0,1,1,6,1,4,124,1,12,9,1
201314K219213,1,9,0,18,0,0,0,0,0,0,1,1,6,1,8,1686,2,7,1,1
201314K219213,2,1,0,5,0,0,0,0,0,0,1,1,6,1,3,-1,-1,-1,2,1
201314K219813,1,11,0,18,0,0,0,0,0,0,0,1,1,1,5,9600,2,14,5,1
201314K219813,2,9,0,18,0,0,0,0,0,0,0,1,6,3,-1,-1,-1,-1,-1,-1
201314K219913,1,8,0,18,0,8,0,0,0,0,1,1,1,1,6,1910,2,6,2,1
201314K219913,2,9,0,9,0,8,0,0,0,0,1,1,6,3,-1,1753,2,5,-1,-1
201314K220013,1,9,0,18,0,8,0,0,0,0,1,1,1,2,8,1399,2,3,8,1
201314K220213,1,11,0,3,0,1,0,0,0,0,0,1,1,1,7,4500,2,1,2,1
201314K220213,2,9,0,3,0,1,0,0,0,0,1,1,6,3,-1,-1,-1,-1,-1,-1
201314K220313,1,21,1,11,0,0,0,0,0,0,1,1,1,1,8,11946,2,5,4,3
201314K220313,2,9,0,18,0,0,0,0,1,4,3,1,2,1,9,1997,2,14,10,1
201314K221113,1,9,0,3,0,0,0,0,0,0,2,1,6,1,5,1364,1,8,7,3
201314K221113,2,9,0,5,0,0,1,0,0,0,1,1,6,2,4,1086,1,9,4,1
201314K221213,1,9,0,18,0,0,0,0,0,0,4,1,6,1,9,1997,2,9,1,1
201314K221513,1,9,0,9,0,1,0,0,0,0,1,1,1,1,-1,-1,-1,-1,-1,-1
201314K221913,1,9,0,18,0,0,1,0,0,0,1,1,1,1,9,1968,2,2,8,1
201314K221913,2,9,0,18,0,0,1,0,1,7,2,1,6,2,5,998,1,20,1,1
201314K222113,1,9,0,18,0,6,0,0,0,0,1,1,2,1,5,1686,2,9,9,1
201314K222213,1,9,0,12,0,1,0,0,0,0,1,1,2,1,10,1398,2,7,5,1
201314K222213,2,3,0,18,0,1,0,0,0,0,1,1,2,1,6,125,1,3,8,1
201314K222413,1,9,0,18,0,0,2,4,0,0,4,1,6,2,7,1798,1,1,1,1
201314K222413,2,9,0,2,0,0,0,0,1,2,3,1,6,1,-1,1198,1,7,1,1
201314K222513,1,9,0,18,0,1,0,0,0,0,1,1,6,1,-1,1396,1,14,-1,-1
201314K222513,2,9,0,5,0,1,0,0,0,0,2,1,6,2,6,1240,1,4,4,1
201314K222913,1,5,0,18,0,0,0,0,0,0,1,1,6,1,4,-1,-1,-1,1,1
201314K222913,2,9,0,2,0,0,0,0,0,0,2,1,6,1,-1,-1,-1,-1,1,1
201314K222913,3,9,0,2,0,0,0,0,0,0,3,1,6,3,-1,1328,1,5,-1,-1
201314K222913,4,9,0,2,0,0,0,0,0,0,0,1,6,3,-1,1896,2,7,-1,-1
201314K222913,5,9,0,2,0,0,0,0,0,0,0,1,6,3,-1,1956,2,2,-1,-1
201314K223113,1,9,0,5,0,1,0,0,0,0,1,1,1,1,7,1598,2,2,2,1
201314K223113,2,9,0,18,0,1,0,0,7,0,3,1,1,1,8,-1,-1,-1,2,1
201314K223213,1,9,0,16,0,0,0,0,0,0,1,1,2,1,7,1895,1,13,1,1
201314K223513,1,8,0,18,0,8,0,10,0,0,4,1,1,1,-1,1997,2,6,-1,-1
201314K223813,1,9,0,9,0,0,0,0,0,0,2,1,6,2,5,1124,1,5,1,1
201314K223813,2,9,0,18,0,0,0,0,0,0,1,1,6,3,-1,-1,-1,-1,-1,-1
201314K223913,1,9,0,18,0,2,0,0,0,0,4,1,6,2,9,1956,2,2,6,1
201314K224713,1,9,0,10,0,1,0,0,0,0,2,1,6,2,8,1560,2,3,10,1
201314K224713,2,9,0,18,0,1,0,0,0,0,1,1,6,1,5,2477,2,9,1,1
201314K224713,3,9,0,4,0,1,0,0,0,0,3,1,6,1,6,-1,-1,-1,1,1
201314K225113,1,9,0,18,0,8,0,0,0,0,1,1,6,1,6,1968,2,4,8,1
201314K225113,2,9,0,4,0,8,0,0,0,0,3,1,6,1,9,998,1,12,1,1
201314K225313,1,9,0,16,0,0,1,0,0,0,1,1,6,1,5,998,1,9,1,1
201314K225313,2,9,0,18,0,0,0,0,0,0,1,1,6,1,9,1999,1,5,2,1
201314K225513,1,9,0,4,0,0,0,0,0,0,1,1,6,2,6,1988,1,11,4,1
201314K225613,1,9,0,18,0,8,0,0,0,0,4,1,6,1,8,1560,2,2,8,2
201314K225613,2,9,0,18,0,8,0,0,0,0,1,1,6,2,9,1399,2,10,3,1
201314K225913,1,9,0,4,0,0,0,0,0,0,1,1,1,1,7,-1,-1,-1,1,1
201314K225913,2,9,0,10,0,0,0,0,0,0,2,1,2,1,9,1598,1,8,1,1
201314K226213,1,5,0,18,0,0,0,0,0,0,0,1,2,1,6,600,1,14,1,1
201314K226313,1,20,0,18,0,1,0,0,0,0,0,1,1,1,8,2800,2,8,3,1
201314K226513,1,9,0,18,0,8,0,0,0,2,3,1,1,1,7,2792,1,2,1,1
201314K226513,2,9,0,18,0,8,0,0,0,0,1,1,1,1,7,-1,-1,-1,1,1
201314K226613,1,9,0,18,0,2,0,0,0,0,1,1,6,1,5,1368,1,7,10,2
201314K226613,2,9,0,18,0,3,0,0,0,0,4,1,1,1,8,-1,-1,-1,2,1
201314K226713,1,9,0,10,0,8,0,0,0,0,1,1,2,1,8,998,1,10,10,1
201314K226713,2,1,0,18,0,8,0,0,0,0,3,1,2,2,4,-1,-1,-1,5,1
201314K226913,1,11,0,18,2,0,0,0,0,0,1,1,1,1,8,8268,2,11,2,1
201314K227013,1,9,0,18,0,1,0,0,0,0,4,1,1,1,6,1910,2,5,1,1
201314K227013,2,9,0,5,0,1,0,0,0,0,1,1,1,1,8,1984,1,2,2,1
201314K227313,1,3,0,18,0,8,0,0,0,0,3,1,6,1,4,124,1,-1,7,1
201314K227313,2,9,0,9,0,6,2,0,0,0,4,1,6,1,7,2967,2,9,2,1
201314K227413,1,9,0,18,0,0,0,0,0,0,1,1,2,2,6,1124,1,10,1,1
201314K227713,1,9,0,9,0,1,0,0,0,0,0,1,6,3,-1,-1,-1,-1,-1,-1
201314K227713,2,3,0,18,0,1,0,0,0,0,0,1,6,1,4,124,1,-1,3,1
201314K227813,1,9,0,18,0,8,0,0,0,0,1,1,6,2,11,973,1,10,6,1
201314K227813,2,9,0,9,0,8,0,0,0,0,3,1,6,2,9,1598,1,2,9,1
201314K227913,1,9,0,18,0,0,0,0,0,0,1,1,6,2,4,1240,1,9,10,1
201314K228013,1,3,0,18,0,8,0,0,0,0,1,1,2,1,-1,124,1,8,8,2
201314K228013,2,9,0,18,0,6,0,0,3,4,3,1,2,1,5,1990,1,10,10,1
201314K228513,1,9,0,4,0,1,0,0,0,0,2,1,4,1,7,1560,2,5,5,1
201314K228513,2,9,0,4,0,1,0,0,0,0,1,1,6,2,-1,1368,1,1,4,3
201314K228813,1,9,0,3,0,0,0,0,0,0,2,1,6,2,7,1794,1,13,2,1
201314K228813,2,9,0,18,0,0,0,0,0,0,1,1,6,2,8,1368,1,5,4,1
201314K229113,1,9,0,9,0,1,0,0,0,0,4,1,2,2,7,1997,2,5,10,1
201314K229113,2,1,0,17,0,1,0,0,0,0,1,1,6,1,5,-1,-1,-1,3,1
201314K229613,1,9,0,18,0,0,0,0,0,0,1,1,6,3,-1,-1,-1,-1,-1,-1
201314K230613,1,9,0,18,0,0,0,0,0,0,1,1,4,2,8,1390,1,4,7,1
201314K230613,2,9,0,18,0,0,0,0,0,0,2,1,6,3,-1,-1,-1,-1,-1,-1
201314K231213,1,9,0,17,0,0,0,0,0,0,4,1,6,1,4,1390,1,10,2,1
201314K231213,2,8,0,2,0,0,0,0,0,0,1,1,1,1,9,1968,2,7,1,1
201314K231513,1,9,0,18,0,0,0,0,0,0,1,1,1,1,7,1910,2,6,2,1
201314K232213,1,9,0,18,0,1,0,0,0,0,4,1,6,1,8,1600,1,14,2,1
201314K232213,2,19,0,11,0,6,0,0,0,0,1,1,6,3,-1,-1,-1,-1,-1,-1
201314K232313,1,9,0,18,0,1,0,0,0,10,1,1,6,2,7,1560,2,-1,2,1
201314K232813,1,9,0,14,0,0,1,0,0,0,1,1,6,1,4,1595,1,-1,10,1
201314K232813,2,9,0,4,0,0,0,0,0,0,1,1,1,1,7,-1,-1,-1,10,1
201314K232913,1,9,0,18,0,0,1,0,7,10,1,1,6,1,4,1896,2,12,8,1
201314K233013,1,9,0,18,0,0,0,0,0,0,1,1,6,1,6,2000,2,12,3,1
201314K233213,1,9,0,3,0,0,0,0,0,0,2,1,6,1,5,1396,1,17,6,1
201314K233213,2,9,0,18,0,0,1,0,0,0,1,1,6,1,11,1900,2,8,4,1
201314K233313,1,9,0,14,0,0,0,0,0,0,1,1,2,1,8,1968,2,10,8,1
201314K233513,1,9,0,18,0,1,0,0,0,0,1,1,6,1,8,1998,2,-1,9,1
201314K233513,2,3,0,14,0,1,0,0,0,0,1,1,6,1,8,124,1,8,5,1
201314K233713,1,9,0,18,0,8,0,0,7,1,4,1,6,1,7,1796,1,11,9,1
201314K233713,2,9,0,18,0,8,0,0,0,0,1,1,6,1,6,1362,1,1,6,1
201314K234113,1,9,0,18,0,0,0,4,0,0,1,1,6,1,6,1360,1,7,2,1
201314K234113,2,9,0,2,0,0,0,0,0,0,2,1,6,1,8,1968,2,-1,9,1
201314K234213,1,9,0,18,0,6,0,0,0,0,1,1,6,1,11,1956,2,3,5,1
201314K234213,2,9,0,9,0,1,0,0,0,0,4,1,1,1,7,1968,2,-1,10,3
201314K234413,1,9,0,17,0,0,1,0,0,2,1,1,6,2,6,796,1,12,2,1