Accident_Index,Vehicle_Reference,Vehicle_Type,Towing_and_Articulation,Vehicle_Manoeuvre,Vehicle_Location-Restricted_Lane,Junction_Location,Skidding_and_Overturning,Hit_Object_in_Carriageway,Vehicle_Leaving_Carriageway,Hit_Object_off_Carriageway,1st_Point_of_Impact,Was_Vehicle_Left_Hand_Drive?,Journey_Purpose_of_Driver,Sex_of_Driver,Age_Band_of_Driver,Engine_Capacity_(CC),Propulsion_Code,Age_of_Vehicle,Driver_IMD_Decile,Driver_Home_Area_Type
2013160A00341,2,9,0,3,0,1,0,0,0,0,2,1,6,1,7,-1,-1,-1,3,1
2013160A00351,1,9,0,18,0,0,0,0,0,0,1,1,6,2,6,1895,1,15,7,3
2013160A00351,2,9,0,18,0,0,0,0,0,0,2,1,6,2,6,1995,2,1,7,3
2013160A00361,1,9,0,9,0,8,0,0,0,0,1,1,2,1,7,1242,1,6,7,2
2013160A00361,2,9,0,18,0,8,0,0,0,0,1,1,2,1,6,1794,1,10,2,1
2013160A00371,1,9,0,3,0,1,0,0,0,0,2,1,2,2,8,1599,1,10,2,1
2013160A00371,2,9,0,18,0,1,0,0,0,0,1,1,6,3,-1,-1,-1,-1,-1,-1
2013160A00381,1,9,0,18,0,0,0,0,0,0,1,1,6,1,5,1360,1,13,8,2
2013160A00391,1,1,0,18,0,2,0,0,0,0,3,1,2,2,7,-1,-1,-1,4,1
2013160A00391,2,9,0,18,0,2,0,0,0,0,4,1,6,1,8,-1,-1,-1,6,2
2013160A00401,1,9,0,18,0,0,0,0,0,0,1,1,6,1,11,1248,1,3,7,1
2013160A00401,2,9,0,2,0,0,0,0,0,0,2,1,6,3,7,2179,2,5,-1,-1
2013160A00411,1,9,0,9,0,5,0,0,0,0,1,1,6,2,7,1781,1,15,4,1
2013160A00421,1,9,0,9,0,5,0,0,0,0,1,1,1,1,9,1596,1,14,1,1
2013160A00421,2,1,0,18,0,6,0,0,0,0,1,1,1,1,6,-1,-1,-1,1,1
2013160A00431,1,9,0,18,0,8,0,0,0,0,3,1,6,2,7,1991,2,7,2,1
2013160A00431,2,9,0,18,0,3,0,0,0,0,4,1,1,1,5,1560,2,2,9,1
2013160A00441,1,9,0,10,0,1,0,0,0,0,2,1,1,1,5,-1,-1,-1,8,1
2013160A00441,2,19,0,18,0,1,0,0,0,0,1,1,2,2,7,1753,2,7,3,1
2013160A00451,1,5,0,7,0,2,0,0,0,0,3,1,6,1,7,999,1,6,2,1
2013160A00461,1,9,0,18,0,0,0,0,0,0,1,1,6,2,10,1422,2,11,1,1
2013160A00471,1,9,0,9,0,5,0,0,0,0,4,1,6,1,9,1997,2,8,9,2
2013160A00471,2,4,0,18,0,1,0,0,0,0,1,1,6,1,4,124,1,4,1,1
2013160A00481,1,9,0,18,0,0,1,0,1,7,4,1,6,1,8,1399,2,10,9,1
2013160A00491,1,9,0,4,0,0,0,12,0,0,1,1,2,1,10,1998,1,14,6,1
2013160A00491,2,9,0,4,0,0,0,0,0,0,2,1,2,1,8,1595,1,16,9,1
2013160A00491,3,9,0,18,0,0,0,0,0,0,1,1,2,1,11,1598,1,3,3,1
2013160A00491,4,9,0,18,0,0,0,0,0,0,1,1,2,1,5,1796,1,2,9,2
2013160A00501,1,9,0,18,0,0,0,0,1,0,3,1,6,1,7,1997,2,6,-1,-1
2013160A00501,2,21,1,18,0,0,5,0,7,0,3,1,1,1,7,11705,2,14,4,3
2013160A00511,1,9,0,18,0,8,0,0,0,0,1,1,2,1,9,2204,2,6,8,1
2013160A00521,1,2,0,18,0,8,0,0,0,0,4,1,2,1,4,49,1,5,3,1
2013160A00521,2,8,0,4,0,4,0,0,0,0,3,1,1,1,7,1910,2,5,2,1
2013160A00531,1,1,0,18,0,3,0,0,0,0,3,1,6,1,6,-1,-1,-1,1,1
2013160A00531,2,19,0,13,0,3,0,0,0,0,4,1,1,1,7,2402,2,8,6,1
2013160A00541,1,11,0,4,0,1,0,0,0,0,0,1,1,1,7,6871,2,7,1,1
2013160A00551,1,9,0,18,0,6,0,0,0,0,1,1,6,1,5,1368,1,1,5,1
2013160A00551,2,9,0,18,0,8,0,0,0,0,3,1,6,1,9,1999,1,10,4,1
2013160A00561,1,9,0,18,0,8,0,0,0,0,1,1,6,1,7,1796,1,14,2,1
2013160A00561,2,9,0,2,0,8,0,0,0,0,2,1,6,2,8,1389,1,18,8,1
2013160A00571,1,9,0,11,0,6,0,0,0,0,3,1,2,1,7,1910,2,6,10,2
2013160A00571,2,1,0,17,0,8,0,0,0,0,4,1,6,1,9,-1,-1,-1,6,3
2013160A00591,1,11,0,2,0,5,0,0,0,0,0,1,1,2,11,6871,2,7,1,1
2013160A00601,1,19,0,9,0,5,0,0,0,0,1,1,1,1,7,2298,2,2,1,1
2013160A00601,2,1,0,18,0,8,0,0,0,0,1,1,6,1,4,-1,-1,-1,4,1
2013160A00611,1,19,0,18,0,0,0,0,0,0,1,1,6,1,5,2198,2,2,4,1
2013160A00611,2,9,0,18,0,0,0,0,0,0,2,1,6,1,6,1242,1,14,5,1
2013160A00611,3,9,0,18,0,0,0,0,0,0,2,1,6,2,6,1398,1,1,2,1
2013160A00621,1,9,0,1,0,6,0,0,0,0,2,1,6,1,10,1328,1,12,9,1
2013160A00631,1,9,0,18,0,1,0,0,0,0,4,1,6,3,-1,-1,-1,-1,-1,-1
2013160A00641,1,1,0,18,0,0,0,0,0,0,3,1,6,1,7,-1,-1,-1,7,3
2013160A00641,2,20,0,13,0,0,0,0,0,0,4,1,1,1,8,-1,-1,-1,8,1
2013160A00651,1,9,0,2,0,6,0,0,0,0,2,1,1,1,6,1910,2,4,8,1
2013160A00651,2,1,0,18,0,2,0,0,0,0,1,1,2,2,6,-1,-1,-1,1,1
2013160A00661,1,9,0,9,0,8,0,0,0,0,3,1,6,2,9,1598,1,4,4,1
2013160A00661,2,1,0,18,0,8,0,0,0,0,1,1,6,2,4,-1,-1,-1,1,1
2013160A00671,1,1,0,18,0,0,0,0,0,0,1,1,1,2,7,-1,-1,-1,1,1
2013160A00671,2,8,0,2,0,0,0,0,0,0,3,1,1,1,9,1998,2,7,1,1
2013160A00681,1,9,0,9,0,6,0,0,0,0,1,1,6,2,7,1299,1,7,7,2
2013160A00681,2,9,0,18,0,8,0,0,0,0,3,1,6,1,10,1998,2,12,3,1
2013160A00691,1,9,0,8,0,1,0,0,0,0,4,1,6,2,11,998,1,12,5,1
2013160A00691,2,9,0,8,0,1,0,0,0,0,3,1,6,2,10,-1,-1,-1,10,3
2013160A00691,3,9,0,8,0,1,0,0,0,0,2,1,6,2,6,1796,1,9,1,1
2013160A00701,1,9,0,9,0,5,0,0,0,0,1,1,6,1,6,1794,1,9,-1,-1
2013160A00701,2,9,0,18,0,8,0,0,0,0,1,1,6,2,9,1598,1,5,7,3
2013160A00721,1,1,0,7,0,5,0,0,0,0,4,1,6,1,4,-1,-1,-1,2,1
2013160A00731,1,9,0,18,0,0,0,0,0,0,1,1,6,1,8,1968,2,5,6,1
2013160A00731,2,9,0,6,0,0,0,0,0,0,2,1,6,2,10,998,1,11,9,1
2013160A00741,1,9,0,7,0,6,0,0,0,0,3,1,6,2,6,1242,1,7,4,1
2013160A00741,2,2,0,18,0,8,0,0,0,0,1,1,6,1,4,96,1,6,1,1
2013160A00751,1,9,0,18,0,8,0,0,0,0,1,1,1,1,5,1584,1,5,1,1
2013160A00751,2,9,0,18,0,8,0,0,0,0,4,1,6,1,11,1769,1,12,2,1
2013160A00761,1,9,0,18,0,2,0,0,0,0,1,1,2,2,8,1796,1,1,2,1
2013160A00761,2,9,0,7,0,2,0,0,0,0,4,1,2,1,5,1360,1,13,8,2
2013160A00771,1,9,0,17,0,0,0,0,1,10,4,1,6,2,5,1242,1,2,7,1
2013160A00781,1,9,0,4,0,0,0,0,0,0,1,1,6,1,8,-1,-1,-1,10,1
2013160A00781,2,9,0,1,0,0,0,0,0,0,2,1,6,2,5,1198,1,5,2,1
2013160A00791,1,1,0,18,0,8,0,0,0,0,1,1,1,1,5,-1,-1,-1,6,1
2013160A00791,2,9,0,18,0,8,0,0,0,0,1,1,1,1,7,-1,-1,-1,6,1
2013160A00801,1,9,0,18,0,0,0,0,0,0,4,1,1,1,10,1998,2,8,5,3
2013160A00811,1,9,0,17,0,2,1,0,1,10,1,1,6,1,5,1388,1,5,4,1
2013160A00821,1,21,1,2,0,0,0,0,0,0,1,1,1,1,8,12809,2,1,4,1
2013160A00821,2,9,0,2,0,0,0,0,0,0,2,1,6,1,4,2198,1,11,2,1
2013160A00831,1,1,0,9,0,8,0,0,0,0,4,1,6,1,6,-1,-1,-1,2,1
2013160A00831,2,9,0,18,0,4,0,0,0,0,1,1,6,1,8,1405,1,9,1,1
2013160A00841,1,9,0,18,0,1,0,0,0,0,1,1,6,1,6,1997,2,9,6,1
2013160A00851,1,9,0,18,0,0,0,0,0,0,4,1,6,2,7,1997,2,8,9,1
2013160A00851,2,1,0,18,9,0,0,0,0,0,3,1,4,1,3,-1,-1,-1,4,1
2013160A00871,1,9,0,13,0,8,0,0,0,0,1,1,2,1,5,1598,1,12,1,1
2013160A00871,2,9,0,9,0,5,0,0,0,0,2,1,6,1,6,1590,1,9,1,1
2013160A00881,1,9,0,18,0,0,0,0,0,0,1,1,6,2,7,1124,1,8,5,3
2013160A00891,1,9,0,17,0,0,0,0,1,4,1,1,2,1,7,1753,2,5,8,2
2013160A00901,1,9,0,1,0,1,0,0,0,0,2,1,3,1,6,1199,1,10,7,1
2013160A00901,2,9,0,4,0,1,0,0,0,0,1,1,3,2,6,1299,1,10,1,1
2013160A00911,1,9,0,9,0,2,0,10,7,10,1,1,1,1,5,1124,1,12,2,1
2013160A00921,1,9,0,4,0,1,0,0,0,0,2,1,6,3,-1,-1,-1,-1,-1,-1
2013160A00921,2,9,0,4,0,1,0,0,0,0,2,1,2,1,6,1199,1,12,4,1
2013160A00921,3,9,0,18,0,1,0,0,0,0,1,1,6,3,-1,-1,-1,-1,-1,-1
2013160A00941,1,90,0,18,0,2,0,0,0,0,1,1,1,1,8,7142,2,5,1,1
2013160A00951,1,9,0,16,0,0,0,10,7,4,1,1,6,1,6,-1,-1,-1,4,1
2013160A00961,1,9,0,18,0,2,0,0,1,3,1,1,6,2,10,1390,1,9,4,1
2013160A00971,1,9,0,18,0,4,0,0,0,0,3,1,1,2,6,2000,1,18,9,3
2013160A00971,2,9,0,9,0,8,0,0,0,0,1,1,6,1,4,1199,1,9,7,3
2013160A00981,1,9,0,18,0,8,0,0,0,0,1,1,6,3,6,2435,1,12,1,1
2013160A00981,2,1,0,18,0,8,0,0,0,0,3,1,6,2,6,-1,-1,-1,1,1
2013160A00991,1,9,0,10,0,1,0,0,0,0,1,1,6,2,8,1968,2,3,5,3
2013160A00991,2,3,0,10,0,1,0,0,0,0,2,1,6,2,7,108,1,1,9,2
2013160A01001,1,3,0,9,0,1,0,0,7,1,1,1,6,2,6,108,1,3,4,1
2013160A01011,1,9,0,7,0,6,0,0,0,0,1,1,6,2,8,1560,2,1,8,1
2013160A01011,2,1,0,18,0,1,0,0,0,0,1,1,6,1,3,-1,-1,-1,2,1
2013160A01021,1,9,0,3,0,1,0,0,0,0,2,1,6,2,5,1493,1,12,2,1
2013160A01021,2,9,0,4,0,1,0,0,0,0,1,1,6,3,-1,-1,-1,-1,-1,-1
2013160A01031,1,9,0,18,0,0,0,0,0,0,1,1,6,2,8,1769,1,9,-1,-1
2013160A01031,2,21,0,18,0,0,0,0,0,0,1,1,1,1,7,7146,2,1,1,1
2013160A01041,1,9,0,4,0,0,0,0,0,0,1,1,6,1,4,-1,-1,-1,4,1
2013160A01041,2,9,0,4,0,0,0,0,0,0,2,1,6,2,9,1349,1,3,9,1
2013160A01041,3,9,0,3,0,0,0,0,0,0,2,1,6,1,7,1796,1,12,6,1
2013160A01051,1,9,0,9,0,8,0,0,0,0,1,1,6,2,10,1198,1,-1,2,1
2013160A01051,2,3,0,18,0,8,0,0,0,0,2,1,6,1,9,124,1,5,1,1
2013160A01061,1,9,0,5,8,1,0,0,0,0,3,1,6,1,6,1998,1,12,1,1
2013160A01061,2,9,0,18,0,1,0,0,0,0,4,1,1,1,6,1753,2,6,1,1
2013160A01071,1,9,0,9,0,8,0,0,0,0,1,1,6,1,11,1497,1,11,8,1
2013160A01071,2,9,0,18,0,8,0,0,0,0,3,1,1,1,6,1560,2,2,6,3
2013160A01081,1,9,0,9,0,5,0,0,0,0,1,1,6,2,9,-1,-1,-1,6,3
2013160A01081,2,9,0,18,0,8,0,0,0,0,1,1,6,2,7,1242,1,10,7,1
2013160A01091,1,9,0,18,0,1,0,0,0,0,1,1,6,1,6,1896,2,16,1,1
2013160A01101,1,9,0,14,0,1,0,0,0,0,3,1,6,2,8,998,1,13,9,1
2013160A01101,2,5,0,7,0,1,0,0,0,0,1,1,6,1,9,-1,-1,-1,7,2
2013160A01111,1,9,0,3,0,0,0,0,0,0,2,1,3,2,6,1905,2,16,1,1
2013160A01111,2,9,0,18,0,0,0,0,0,0,1,1,3,2,7,1240,1,8,10,1
2013160A01121,1,9,0,18,0,0,0,0,0,0,1,1,6,3,-1,-1,-1,-1,-1,-1
2013160A01141,1,9,0,18,0,8,0,0,0,0,1,1,6,2,10,1388,1,3,9,1
2013160A01141,2,9,0,18,0,8,0,0,0,0,3,1,6,2,6,1596,1,2,7,2
2013160A01151,1,9,0,1,0,8,0,0,0,0,2,1,6,1,6,2993,2,5,9,1
2013160A01151,2,2,0,14,0,8,0,0,0,0,4,1,6,2,4,49,1,1,7,2
2013160A01161,1,9,0,18,0,2,0,0,0,0,1,1,6,1,9,1910,2,8,2,1
2013160A01161,2,9,0,3,0,2,0,0,0,0,2,1,6,1,7,1998,2,8,5,1
2013160A01191,1,9,0,16,0,0,1,11,1,10,4,1,6,2,6,1587,1,11,2,1
2013160A01201,1,9,0,5,0,1,0,0,0,0,1,1,2,1,8,-1,-1,-1,6,1
2013160A01201,2,3,0,10,0,1,0,0,0,0,4,1,2,1,7,-1,-1,-1,5,1
2013160A01211,1,5,0,18,0,1,0,0,0,0,2,1,6,1,8,-1,-1,-1,1,1
2013160A01211,2,9,0,5,0,1,0,0,0,0,1,1,6,1,11,998,1,3,9,1
2013160A01221,1,8,0,18,0,0,0,0,0,5,4,1,1,1,9,2499,2,4,2,1
2013160A01221,2,9,0,2,0,0,0,0,0,0,3,1,6,3,-1,1298,1,5,-1,-1
2013160A01221,3,9,0,2,0,0,0,0,0,0,3,1,6,3,-1,-1,-1,-1,-1,-1
2013160A01231,1,3,0,17,0,0,0,0,0,0,1,1,6,3,-1,-1,-1,-1,-1,-1
2013160A01231,2,1,0,16,0,0,0,0,0,0,1,1,6,1,6,-1,-1,-1,4,1
2013160A01241,1,2,0,18,0,0,0,0,0,0,3,1,6,2,4,49,1,7,6,2
2013160A01251,1,1,0,18,9,8,0,0,0,2,1,1,6,1,3,-1,-1,-1,1,1
2013160A01261,1,1,0,7,0,2,0,0,0,0,3,1,4,1,3,-1,-1,-1,9,1
2013160A01261,2,9,0,18,0,2,0,0,0,0,1,1,6,2,6,1598,1,13,7,1
2013160A01271,1,19,0,17,0,8,5,0,1,7,4,1,1,1,6,-1,-1,-1,7,3
2013160A01291,1,9,0,18,0,2,0,0,0,0,1,1,6,3,-1,-1,-1,-1,-1,-1
2013160A01301,1,9,0,18,0,0,0,0,0,0,1,1,6,2,8,1390,1,8,2,1
2013160A01301,2,19,0,2,0,0,0,0,0,0,2,1,6,3,-1,1686,2,3,-1,-1
2013160A01311,1,9,0,18,0,4,0,0,0,0,1,1,6,1,9,1560,2,6,4,1
2013160A01311,2,9,0,11,0,4,0,0,0,0,2,1,6,2,9,-1,-1,-1,6,3
2013160A01321,1,9,0,12,7,0,0,0,0,0,3,1,6,1,6,1588,1,10,2,1
2013160A01321,2,2,0,12,7,0,0,0,0,0,1,1,1,1,4,50,1,6,1,1
2013160A01331,1,19,0,18,0,0,0,0,1,1,1,1,1,1,5,1560,2,1,6,3
2013160A01341,1,9,0,18,0,0,5,0,1,9,4,1,1,1,7,2495,2,15,9,1
2013160A01351,1,9,0,4,0,0,1,0,0,0,1,1,6,1,4,999,1,6,5,1
2013160A01351,2,19,0,4,0,0,0,0,0,0,2,1,1,1,5,2287,2,3,6,3
2013160A01371,1,9,0,4,0,0,0,0,0,0,1,1,2,1,5,1997,2,2,1,1
2013160A01371,2,9,0,3,0,0,0,0,0,0,2,1,2,2,6,-1,-1,-1,-1,-1
2013160A01381,1,1,0,10,0,1,0,0,0,0,4,1,2,1,7,-1,-1,-1,2,1
2013160A01381,2,8,0,10,0,1,0,0,0,0,3,1,1,1,9,1998,1,4,10,1
2013160A01391,1,9,0,5,0,0,0,0,0,0,3,1,6,2,7,1598,1,13,1,1
2013160A01391,2,1,0,14,0,0,0,0,0,0,4,1,6,1,4,-1,-1,-1,6,1
2013160A01401,1,8,0,7,0,5,0,0,0,0,4,1,1,1,8,1991,2,8,5,3
2013160A01411,1,11,0,2,0,0,0,0,0,0,0,1,1,1,7,-1,-1,-1,2,1
2013160A01421,1,9,0,1,0,6,0,0,0,0,2,1,6,1,8,2171,1,10,8,1
2013160A01421,2,9,0,2,0,2,0,0,0,0,3,1,6,1,8,1242,1,8,5,3
2013160A01431,1,3,0,8,0,1,0,0,0,0,2,1,2,1,5,108,1,2,7,2
2013160A01431,2,9,0,4,0,1,0,0,0,0,1,1,2,1,7,1560,2,7,7,1
2013160A01441,1,19,0,12,0,0,0,0,0,0,0,1,1,1,7,2198,2,5,9,1
2013160A01441,2,9,0,18,0,0,0,10,4,6,3,1,6,2,5,1360,1,11,4,1
2013160A01451,1,9,0,9,0,5,0,0,0,0,1,1,6,1,5,1199,1,11,7,2
2013160A01451,2,5,0,18,0,8,0,0,0,0,1,1,6,1,5,749,1,15,2,1
2013160A01461,1,5,0,18,0,0,1,0,0,0,1,1,6,1,8,649,1,14,10,3
2013160A01471,1,4,0,18,0,4,1,0,0,0,3,1,2,2,8,399,1,19,7,1
2013160A01481,1,9,0,18,0,0,0,0,0,0,1,1,6,1,10,1797,8,-1,9,1
2013160A01481,2,9,0,4,0,0,0,0,0,0,2,1,6,1,6,1242,1,5,6,1
2013160A01491,1,3,0,18,0,0,0,10,0,0,1,1,2,1,4,124,1,1,2,1
2013160A01501,1,9,0,18,0,8,0,0,0,0,1,1,6,1,11,1587,1,7,3,3
2013160A01501,2,9,0,18,0,8,0,0,0,0,3,1,6,1,7,1149,1,14,9,1
2013160A01511,1,5,0,18,0,0,0,12,0,0,1,1,6,1,5,647,1,14,5,1
2013160A01531,1,9,0,11,0,1,0,0,0,0,4,1,6,1,6,1360,1,11,1,1
2013160A01531,2,1,0,15,0,1,0,0,0,0,3,1,6,1,4,-1,-1,-1,1,1
2013160A01541,1,9,0,9,0,5,0,0,0,0,1,1,1,1,6,1997,2,13,2,1
2013160A01541,2,5,0,18,0,8,0,0,0,0,1,1,6,1,7,599,1,12,7,1
2013160A01551,1,2,0,4,0,8,1,0,0,0,1,1,6,2,8,49,1,1,3,1
2013160A01561,1,9,0,14,0,1,0,0,0,0,4,1,6,2,11,998,1,10,4,1
2013160A01561,2,9,0,2,0,1,0,0,0,0,3,1,6,3,-1,998,1,10,-1,-1
2013160A01571,1,9,0,14,0,0,0,0,0,0,1,1,1,1,9,1598,2,3,8,1
2013160A01571,2,9,0,2,0,0,0,0,0,0,2,1,6,1,10,1968,2,1,-1,-1
2013160A01581,1,11,0,5,0,0,0,0,0,0,0,1,1,1,8,3900,2,7,2,1
2013160A01591,1,9,0,18,0,8,0,0,0,0,1,1,1,1,8,1968,2,2,8,1
2013160A01591,2,9,0,18,0,8,0,0,0,0,2,1,2,1,8,1298,1,12,1,1
2013160A01591,3,9,0,18,0,4,0,0,0,0,0,1,2,2,7,1968,2,1,10,2
2013160A01601,1,1,0,16,9,0,0,0,0,0,1,1,4,2,3,-1,-1,-1,4,1
2013160A01611,1,9,0,17,0,2,2,0,1,9,1,1,6,2,6,1686,2,14,6,2
2013160A01621,1,9,0,18,0,0,0,0,0,0,1,1,6,2,10,1597,1,3,3,1
2013160A01621,2,19,0,2,0,0,0,0,0,0,1,1,6,3,-1,-1,-1,-1,-1,-1
2013160A01631,1,9,0,18,0,0,0,0,1,2,3,1,6,1,4,3498,1,10,4,1
2013160A01641,1,2,0,13,0,8,0,0,0,0,1,1,6,3,-1,-1,-1,-1,-1,-1
2013160A01641,2,3,0,9,0,8,0,0,0,0,3,1,1,1,9,-1,-1,-1,2,1
2013160A01651,1,9,0,12,0,0,2,10,5,6,1,1,6,1,7,1796,1,4,9,1
2013160A01651,2,9,0,18,0,0,0,0,0,0,1,1,6,1,7,1598,1,10,9,1
2013160A01661,1,9,0,18,0,1,0,0,0,0,3,1,2,1,8,1999,1,15,9,1
2013160A01671,1,2,0,18,0,0,0,0,0,0,1,1,6,2,9,49,1,4,1,1
2013160A01671,2,1,0,18,0,0,0,0,0,0,1,1,6,1,5,-1,-1,-1,1,1
2013160A01681,1,9,0,16,0,0,0,0,0,0,0,1,6,3,-1,-1,-1,-1,-1,-1
2013160A01681,2,4,0,17,0,0,0,0,1,9,1,1,6,1,4,-1,-1,-1,6,2
2013160A01691,1,9,0,18,0,8,0,0,0,0,1,1,6,3,-1,-1,-1,-1,-1,-1
2013160A01701,1,4,0,18,0,0,0,0,0,0,2,1,6,1,8,398,1,34,6,1
2013160A01701,2,9,0,2,0,0,0,0,0,0,2,1,6,3,-1,1229,1,7,-1,-1
2013160A01711,1,20,0,9,0,8,0,0,0,0,1,1,1,1,6,6370,2,6,5,1
2013160A01711,2,20,0,13,0,8,0,0,0,0,4,1,1,1,8,-1,-1,-1,7,1
2013160A01721,1,9,0,4,0,1,0,0,0,0,1,1,6,1,8,1299,1,12,1,1
2013160A01721,2,5,0,3,0,1,0,0,0,0,2,1,6,1,10,-1,-1,-1,6,3
2013160A01721,3,9,0,3,0,1,0,0,0,0,2,1,6,1,8,2295,1,12,4,1
2013160A01731,1,9,0,18,0,0,0,0,0,0,3,1,6,2,7,998,1,-1,6,1
2013160A01731,2,9,0,18,0,0,0,0,0,0,1,1,6,1,5,1596,1,9,3,1
2013160A01741,1,9,0,3,0,1,0,0,0,0,2,1,2,2,9,1461,2,3,4,1
2013160A01741,2,9,0,18,0,1,0,0,0,0,1,1,6,3,-1,-1,-1,-1,-1,-1
2013160A01751,1,11,0,2,0,0,0,0,0,0,0,1,1,1,6,-1,2,23,3,1
2013160A01761,1,9,0,11,0,8,0,0,0,0,0,1,6,2,7,-1,-1,-1,8,1
2013160A01761,2,9,0,18,0,8,0,0,0,0,2,1,6,1,11,1560,2,1,2,1
2013160A01761,3,9,0,18,0,1,0,0,0,0,1,1,6,1,10,1721,1,25,1,1
2013160A01771,1,11,0,9,0,4,0,0,0,0,1,1,1,1,8,6871,2,3,1,1
2013160A01771,2,21,0,3,0,3,0,0,0,0,2,1,1,1,8,12777,2,7,5,1
2013160A01781,1,9,3,18,0,0,0,0,0,0,4,1,6,1,9,1560,2,7,2,1
2013160A01791,1,1,0,17,0,6,0,0,0,0,3,1,6,1,5,-1,-1,-1,1,1
2013160A01791,2,9,0,17,0,1,0,0,0,0,4,1,6,3,-1,-1,-1,-1,-1,-1
2013160A01801,1,9,0,9,0,6,0,0,0,0,1,1,3,2,7,1242,1,-1,8,1
2013160A01821,1,9,0,10,0,6,0,0,0,0,3,1,6,2,7,998,1,7,6,1
2013160A01821,2,9,0,18,0,8,0,0,0,0,1,1,6,2,4,1461,2,1,3,1
2013160A01841,1,9,0,1,0,6,0,0,0,0,2,1,6,1,7,2000,2,2,2,1
2013160A01851,1,9,0,18,0,8,0,0,0,0,3,1,6,1,9,1388,1,1,3,1
2013160A01851,2,9,0,18,0,3,0,0,0,0,1,1,1,2,8,1968,2,-1,4,1
2013160A01861,1,9,0,18,0,0,0,0,0,0,4,1,2,2,6,1910,2,5,2,1
2013160A01871,1,9,0,9,0,6,0,0,0,0,1,1,6,2,10,1753,2,7,5,3
2013160A01871,2,9,0,18,0,8,0,0,0,0,1,1,6,2,9,998,1,9,3,1
2013160A01881,1,19,0,18,0,0,0,0,1,9,1,1,1,1,6,1248,2,7,8,2
2013160A01881,2,3,0,18,0,0,0,0,0,0,0,1,6,3,-1,-1,-1,-1,-1,-1
2013160A01891,1,9,0,18,0,3,0,0,0,0,4,1,2,1,9,-1,-1,-1,8,2
2013160A01891,2,1,0,9,0,8,0,0,0,0,3,1,2,1,4,-1,-1,-1,4,1
2013160A01901,1,19,0,14,0,0,0,0,0,0,3,1,6,3,-1,-1,-1,-1,-1,-1
2013160A01901,2,9,0,14,0,0,0,0,0,0,3,1,6,1,8,2199,2,-1,6,1
2013160A01911,1,9,0,18,0,0,5,10,1,4,1,1,2,1,4,-1,-1,-1,2,1
2013160A01921,1,9,0,18,0,0,0,0,1,2,1,1,6,1,6,1796,1,13,5,1
2013160A01931,1,9,0,9,0,6,0,0,0,0,3,1,1,1,9,1798,1,6,8,1
2013160A01931,2,1,0,18,0,8,0,0,0,0,1,1,2,2,8,-1,-1,-1,6,1
2013160A01941,1,9,0,18,0,8,0,0,0,0,1,1,6,1,8,1598,1,10,1,1
2013160A01941,2,9,0,18,0,8,0,0,0,0,1,1,6,2,9,1229,1,6,6,1
2013160A01951,1,9,0,18,0,0,0,0,0,0,1,1,6,2,6,1587,1,6,3,1
2013160A01961,1,19,0,17,0,0,1,0,1,11,1,1,1,1,6,2402,2,10,1,1
2013160A01971,1,1,0,9,0,8,0,0,0,0,1,1,1,2,7,-1,-1,-1,1,1
2013160A01971,2,9,0,9,0,8,0,0,0,0,1,1,6,1,8,796,1,12,2,1
2013160A01981,1,9,0,13,0,0,0,0,0,0,1,1,1,2,5,1242,1,12,5,3
2013160A01981,2,9,0,17,0,0,0,0,0,0,1,1,3,1,9,1199,2,2,5,3
2013160A01981,3,19,0,16,0,0,0,0,0,0,0,1,6,1,9,-1,-1,-1,5,3
2013160A01991,1,9,0,18,0,2,0,0,0,0,1,1,6,1,5,1108,1,10,1,1
2013160A01991,2,9,0,2,0,2,0,0,0,0,2,1,6,3,-1,1910,2,12,-1,-1
2013160A02001,1,5,0,13,0,0,1,0,0,0,4,1,6,1,7,599,1,12,5,1
2013160A02011,1,9,0,18,0,1,0,0,0,0,3,1,6,1,10,1998,2,7,9,1
2013160A02021,1,9,0,7,0,5,0,0,0,0,4,1,6,3,-1,1242,1,10,-1,-1
2013160A02021,2,1,0,18,0,8,0,0,0,0,1,1,6,1,7,-1,-1,-1,1,1
2013160A02031,1,9,0,5,0,1,0,0,0,0,0,1,6,3,-1,-1,-1,-1,-1,-1
2013160A02031,2,8,0,18,0,1,0,0,0,0,1,1,6,1,8,1998,2,6,1,1
2013160A02031,3,9,0,18,0,1,0,0,0,0,3,1,6,2,6,1796,1,6,6,1
2013160A02041,1,8,0,18,0,1,0,0,0,0,1,1,1,1,7,1560,2,2,7,1
2013160A02051,1,9,0,18,0,1,0,0,0,0,1,1,3,1,7,1229,1,7,2,1
2013160A02071,1,9,0,3,0,1,0,0,0,0,2,1,2,1,4,1598,1,4,2,1
2013160A02071,2,9,0,18,0,1,0,0,0,0,1,1,2,1,8,1461,2,11,6,1
2013160A02081,1,9,0,7,0,5,0,0,0,0,1,1,6,2,7,1796,1,11,7,2
2013160A02091,1,9,0,4,0,0,0,0,0,0,2,1,6,1,7,1360,1,11,5,1
2013160A02091,2,9,0,4,0,0,0,0,0,0,2,1,2,2,9,2495,2,16,8,1
2013160A02091,3,19,0,18,0,0,0,0,0,0,1,1,6,1,6,2198,2,2,3,1
2013160A02101,1,9,0,18,0,0,0,0,0,0,1,1,6,1,7,1598,1,11,10,1
2013160A02111,1,1,0,18,0,8,0,0,0,0,1,1,6,1,7,-1,-1,-1,1,1
2013160A02111,2,9,0,7,0,5,0,0,0,0,1,1,6,1,7,1242,1,5,1,1
2013160A02121,1,9,0,13,0,2,0,0,0,0,3,1,2,1,6,1461,2,-1,5,3
2013160A02121,2,9,0,18,0,1,0,0,0,0,1,1,6,2,7,1753,2,5,8,2