Accident_Index,Vehicle_Reference,Vehicle_Type,Towing_and_Articulation,Vehicle_Manoeuvre,Vehicle_Location-Restricted_Lane,Junction_Location,Skidding_and_Overturning,Hit_Object_in_Carriageway,Vehicle_Leaving_Carriageway,Hit_Object_off_Carriageway,1st_Point_of_Impact,Was_Vehicle_Left_Hand_Drive?,Journey_Purpose_of_Driver,Sex_of_Driver,Age_Band_of_Driver,Engine_Capacity_(CC),Propulsion_Code,Age_of_Vehicle,Driver_IMD_Decile,Driver_Home_Area_Type
2013160A02121,3,9,0,18,0,1,0,0,0,0,3,1,6,1,6,1582,2,1,9,1
2013160A02121,4,9,0,18,0,2,0,0,0,0,3,1,6,1,8,1686,2,3,7,1
2013160A02131,1,9,0,18,0,0,0,0,0,0,1,1,6,1,10,1596,1,12,1,1
2013160A02141,1,9,0,15,0,0,0,0,0,0,4,1,6,3,-1,-1,-1,-1,-1,-1
2013160A02141,2,1,0,18,0,0,0,0,0,0,3,1,6,1,7,-1,-1,-1,7,3
2013160A02161,1,9,0,18,0,0,0,0,1,9,1,1,2,1,7,1596,1,11,1,1
2013160A02171,1,9,0,18,0,0,0,0,0,0,3,1,6,2,7,1560,2,4,6,1
2013160A02181,1,9,0,13,0,0,0,0,0,0,4,1,6,3,-1,-1,-1,-1,-1,-1
2013160A02181,2,1,0,18,0,0,0,0,0,0,3,1,6,1,7,-1,-1,-1,1,1
2013160A02191,1,9,0,4,0,1,0,0,0,0,2,1,6,1,7,1995,2,4,5,3
2013160A02191,2,9,0,4,0,1,0,0,0,0,2,1,2,1,8,1598,1,11,8,1
2013160A02191,3,9,0,18,0,1,0,0,0,0,1,1,2,1,6,1598,2,2,3,2
2013160A02201,1,9,0,17,0,1,0,0,0,0,1,1,6,1,10,2184,2,4,9,1
2013160A02201,2,1,0,3,0,1,0,0,0,0,2,1,6,1,6,-1,-1,-1,1,1
2013160A02211,1,9,0,13,0,0,1,0,0,0,1,1,2,1,6,1990,1,15,-1,-1
2013160A02211,2,9,0,18,0,0,0,0,1,10,1,1,6,1,4,1398,2,9,6,3
2013160A02211,3,9,0,18,0,0,0,0,0,0,0,1,6,1,7,2179,2,2,5,3
2013160A02221,1,9,0,14,0,0,0,0,0,0,1,1,6,2,9,998,1,-1,2,1
2013160A02231,1,1,0,18,0,6,0,0,0,0,1,1,6,1,4,-1,-1,-1,6,1
2013160A02231,2,9,0,7,0,5,0,0,0,0,3,1,6,1,9,1896,2,7,9,1
2013160A02241,1,4,0,18,0,2,0,0,0,0,3,1,6,1,9,125,1,43,7,1
2013160A02251,1,9,0,9,0,4,0,0,0,0,1,1,6,1,8,1686,2,2,2,1
2013160A02261,1,9,0,5,0,0,0,0,0,0,0,1,6,3,-1,-1,-1,-1,-1,-1
2013160A02271,1,9,0,9,0,6,0,0,0,0,1,1,6,1,11,1956,2,1,1,1
2013160A02271,2,1,0,5,0,8,0,0,0,0,4,1,2,1,8,-1,-1,-1,7,2
2013160A02281,1,11,0,18,0,2,0,0,0,0,1,1,1,1,7,-1,2,14,1,1
2013160A02281,2,9,0,4,0,2,0,0,0,0,2,1,6,3,-1,-1,-1,-1,-1,-1
2013160A02291,1,9,0,17,0,1,0,0,0,0,4,1,6,1,5,1527,2,18,1,1
2013160A02291,2,9,0,7,0,1,0,0,0,0,1,1,6,2,7,999,1,6,6,1
2013160A02311,1,9,0,2,0,0,0,0,0,0,3,1,6,1,6,-1,-1,-1,1,1
2013160A02311,2,1,0,18,0,0,0,0,0,0,1,1,6,1,5,-1,-1,-1,4,1
2013160A02321,1,4,0,18,0,3,0,0,0,0,1,1,6,1,7,124,1,4,1,1
2013160A02321,2,9,0,4,0,3,0,0,0,0,2,1,6,1,7,2179,2,10,8,2
2013160A02331,1,9,0,18,0,0,0,4,0,0,1,1,6,1,5,1198,1,9,1,1
2013160A02331,2,9,0,2,0,0,0,0,0,0,2,1,6,3,-1,2000,1,14,-1,-1
2013160A02341,1,9,0,7,0,6,0,0,0,0,4,1,6,3,-1,-1,-1,-1,-1,-1
2013160A02341,2,1,0,18,0,6,0,0,0,0,3,1,2,1,7,-1,-1,-1,2,1
2013160A02351,1,9,0,18,0,8,0,0,0,0,1,1,6,1,10,1596,1,13,2,1
2013160A02351,2,8,0,9,0,5,0,0,0,0,4,1,6,1,9,-1,-1,-1,1,1
2013160A02361,1,9,0,18,0,4,0,0,0,0,1,1,6,1,10,1868,2,9,1,1
2013160A02361,2,1,0,9,0,8,0,0,0,0,2,1,6,1,5,-1,-1,-1,4,1
2013160A02371,1,19,0,18,0,3,0,0,0,0,1,1,2,1,6,1753,2,3,5,1
2013160A02371,2,9,0,3,0,3,0,0,0,0,2,1,2,1,7,1560,2,2,6,1
2013160A02371,3,9,0,3,0,3,0,0,0,0,2,1,2,1,8,1995,2,11,8,1
2013160A02381,1,9,0,18,0,1,1,0,0,0,1,1,6,1,10,1798,1,6,4,1
2013160A02381,2,9,0,10,0,8,0,0,0,0,2,1,1,1,5,1242,1,1,7,1
2013160A02391,1,9,0,18,0,0,0,0,0,0,1,1,6,1,8,-1,-1,-1,2,1
2013160A02401,1,9,0,1,0,0,0,0,0,0,2,1,6,1,4,1598,1,4,1,1
2013160A02401,2,9,0,18,0,0,0,0,0,0,4,1,6,2,4,1149,1,11,1,1
2013160A02411,1,9,0,7,0,6,0,0,0,0,1,1,6,2,7,2997,1,14,2,1
2013160A02411,2,9,0,18,0,8,0,0,0,0,4,1,6,2,8,2199,2,3,6,1
2013160A02421,1,9,0,17,0,0,0,0,1,4,1,1,6,1,6,973,1,12,8,1
2013160A02431,1,3,0,18,0,0,0,0,0,0,4,1,6,1,4,-1,-1,-1,8,1
2013160A02431,2,2,0,5,0,0,0,0,0,0,1,1,6,1,4,-1,-1,-1,1,1
2013160A02441,1,9,0,17,0,0,0,0,0,0,1,1,6,2,7,1199,1,13,7,1
2013160A02441,2,9,0,16,0,0,0,0,0,0,1,1,6,2,6,-1,-1,-1,6,3
2013160A02451,1,9,0,9,0,6,0,0,0,0,3,1,6,2,10,1199,1,10,6,1
2013160A02451,2,9,0,18,0,8,0,0,0,0,1,1,6,1,9,1984,1,18,6,1
2013160A02461,1,9,0,9,0,8,0,0,0,0,4,1,6,2,5,1497,1,10,4,3
2013160A02461,2,9,0,5,0,4,0,0,0,0,1,1,6,2,6,1910,2,6,1,1
2013160A02471,1,9,0,6,0,0,0,0,0,0,3,1,6,2,8,-1,-1,-1,9,1
2013160A02471,2,5,0,13,0,0,2,0,0,0,1,1,6,1,6,636,1,8,1,1
2013160A02481,1,9,0,17,0,1,5,0,1,1,1,1,2,1,4,1299,1,12,4,1
2013160A02491,1,19,0,7,0,4,0,0,0,0,3,1,6,3,-1,-1,-1,-1,-1,-1
2013160A02491,2,9,0,18,0,3,0,0,0,0,4,1,6,2,6,1598,1,12,5,2
2013160A02501,1,9,0,9,0,6,0,0,0,0,3,1,6,1,4,1242,1,9,10,1
2013160A02501,2,9,0,18,0,1,0,0,0,0,1,1,6,1,7,1998,2,11,1,1
2013160A02511,1,8,0,1,0,0,0,0,0,0,2,1,1,1,8,1968,2,5,1,1
2013160A02521,1,9,0,18,0,4,0,0,0,0,1,1,6,1,9,-1,-1,-1,4,1
2013160A02521,2,9,0,7,0,3,0,0,0,0,4,1,6,1,8,1991,2,4,1,1
2013160A02531,1,9,0,14,0,0,0,0,0,0,1,1,1,1,9,1398,1,12,2,1
2013160A02531,2,9,0,2,0,0,0,0,0,0,2,1,6,3,-1,1595,1,7,-1,-1
2013160A02531,3,9,0,2,0,0,0,0,0,0,2,1,6,3,-1,2198,1,9,-1,-1
2013160A02541,1,9,0,18,0,4,0,0,0,0,1,1,6,1,11,1497,8,6,2,1
2013160A02541,2,1,0,9,0,3,0,0,0,0,4,1,6,2,9,-1,-1,-1,5,1
2013160A02551,1,9,0,18,0,8,0,0,0,0,4,1,6,2,6,1360,1,11,2,1
2013160A02551,2,1,0,18,0,8,0,0,0,0,1,1,6,2,3,-1,-1,-1,1,1
2013160A02561,1,9,0,18,0,0,0,0,0,0,4,1,6,1,5,1149,1,12,2,1
2013160A02561,2,9,0,2,0,0,0,0,0,0,0,1,6,2,8,2198,1,7,3,1
2013160A02571,1,9,0,18,0,1,1,0,0,0,1,1,6,1,5,1388,1,11,2,1
2013160A02571,2,9,0,9,0,6,0,0,0,0,3,1,6,2,6,1360,1,6,3,1
2013160A02581,1,9,0,13,0,8,0,0,0,0,4,1,6,1,6,1997,1,9,6,3
2013160A02581,2,17,0,9,0,5,0,0,0,0,3,1,6,2,6,4400,2,8,-1,-1
2013160A02591,1,11,0,18,0,0,1,0,0,0,1,1,1,2,9,-1,2,14,8,2
2013160A02591,2,8,0,3,0,0,0,0,0,0,2,1,1,1,6,-1,-1,-1,5,1
2013160A02591,3,9,0,10,0,0,0,0,0,0,3,1,6,1,8,1991,1,15,1,1
2013160A02601,1,9,0,18,0,0,0,0,7,9,1,1,6,2,7,-1,-1,-1,3,3
2013160A02611,1,9,0,18,0,8,0,0,0,0,1,1,1,2,6,1399,2,3,1,1
2013160A02621,1,9,0,18,0,0,0,0,7,10,1,1,6,1,11,1242,1,14,3,1
2013160A02621,2,9,0,2,0,0,0,0,0,0,3,1,6,2,5,1299,1,12,2,1
2013160A02621,3,9,0,18,0,0,0,0,0,0,2,1,6,2,8,1229,1,3,10,2
2013160A02631,1,19,0,3,0,1,0,0,0,0,2,1,6,1,5,1686,2,7,2,1
2013160A02631,2,19,0,18,0,1,0,0,0,0,1,1,6,1,8,-1,-1,-1,1,1
2013160A02641,1,9,0,18,0,0,0,0,0,0,3,1,6,3,-1,1870,2,9,-1,-1
2013160A02641,2,9,0,2,0,0,0,0,0,0,3,1,6,1,9,1086,1,9,2,1
2013160A02651,1,19,0,18,0,1,0,0,0,0,1,1,6,1,8,1870,2,6,8,1
2013160A02651,2,9,0,18,0,1,0,0,0,0,2,1,6,1,7,1948,1,14,1,1
2013160A02651,3,9,0,3,0,1,0,0,0,0,2,1,6,1,10,1590,1,13,3,2
2013160A02661,1,9,0,9,0,6,0,0,0,0,3,1,6,1,10,1798,1,6,2,1
2013160A02661,2,9,0,18,0,1,0,0,0,0,4,1,6,1,8,1995,2,4,5,1
2013160A02671,1,1,0,18,0,0,0,0,0,0,0,1,1,1,6,-1,-1,-1,1,1
2013160A02681,1,1,0,18,0,0,0,0,0,0,3,1,6,1,7,-1,-1,-1,10,2
2013160A02681,2,20,0,13,0,0,0,0,0,0,4,1,6,3,-1,-1,-1,-1,-1,-1
2013160A02701,1,9,0,7,0,4,0,0,0,0,1,1,6,2,11,1108,1,12,3,1
2013160A02701,2,8,0,6,0,8,0,0,0,0,1,1,6,1,10,1798,1,6,3,1
2013160A02711,1,11,0,5,0,0,0,0,0,0,0,1,6,2,9,8268,2,8,7,3
2013160A02721,1,1,0,5,0,1,0,0,0,0,1,1,6,1,8,-1,-1,-1,9,1
2013160A02721,2,9,0,13,0,1,0,0,0,0,2,1,6,3,-1,-1,-1,-1,-1,-1
2013160A02731,1,9,0,17,0,0,2,10,0,0,4,1,6,1,4,1229,1,8,10,1
2013160A02741,1,9,0,9,0,8,0,0,0,0,3,1,6,1,7,1390,1,11,1,1
2013160A02741,2,1,0,18,0,8,0,0,0,0,1,1,6,1,6,-1,-1,-1,-1,-1
2013160A02761,1,9,0,9,0,3,0,0,0,0,4,1,6,1,5,1195,1,15,3,1
2013160A02761,2,8,0,18,0,4,0,0,0,0,1,1,6,2,6,-1,-1,-1,8,1
2013160A02771,1,1,0,3,0,1,0,0,0,0,3,1,6,1,6,-1,-1,-1,1,1
2013160A02771,2,9,0,3,0,1,0,0,0,0,4,1,6,2,7,1796,1,13,2,1
2013160A02781,1,11,0,4,0,0,0,0,0,0,0,1,1,1,5,8268,2,11,2,1
2013160A02791,1,9,0,10,0,6,0,0,0,0,4,1,6,2,6,1398,1,9,2,1
2013160A02791,2,1,0,18,0,8,0,0,0,0,1,1,6,2,9,-1,-1,-1,4,1
2013160A02801,1,9,0,2,0,0,0,0,0,0,3,1,6,1,8,2295,1,12,1,1
2013160A02801,2,9,0,18,0,0,0,0,0,0,4,1,6,3,-1,-1,-1,-1,-1,-1
2013160A02811,1,1,0,18,0,0,0,0,1,1,1,1,6,1,4,-1,-1,-1,3,1
2013160A02821,1,9,0,18,0,0,1,0,0,0,1,1,6,1,7,1995,2,13,5,3
2013160A02821,2,9,0,18,0,0,1,0,1,0,1,1,6,1,4,998,1,12,8,1
2013160A02831,1,9,0,1,0,0,0,0,0,0,2,1,6,2,4,1995,2,9,3,1
2013160A02831,2,9,0,18,0,0,0,0,0,0,4,1,6,1,6,1997,2,10,2,1
2013160A02841,1,9,0,18,0,8,0,0,0,0,1,1,6,1,6,1895,1,12,4,1
2013160A02841,2,9,0,18,0,8,0,0,0,0,1,1,6,1,10,1124,1,9,4,1
2013160A02861,1,9,0,18,0,0,0,0,0,0,1,1,2,2,5,1124,1,11,4,1
2013160A02861,2,5,0,4,0,0,0,0,0,0,2,1,2,1,8,498,1,15,1,1
2013160A02871,1,9,0,16,0,0,0,0,0,0,1,1,6,1,7,-1,-1,-1,5,1
2013160A02871,2,9,0,3,0,0,0,0,0,0,2,1,6,1,6,1796,7,9,2,1
2013160A02881,1,9,0,18,0,0,0,4,0,0,1,1,6,1,4,1796,1,13,8,1
2013160A02881,2,9,0,2,0,0,0,0,0,0,2,1,6,1,-1,1598,1,11,-1,-1
2013160A02891,1,9,0,18,0,0,0,0,0,0,1,1,6,3,-1,-1,-1,-1,-1,-1
2013160A02901,1,9,0,7,0,8,0,0,0,0,1,1,6,1,8,998,1,13,1,1
2013160A02901,2,9,0,3,0,1,0,0,0,0,1,1,6,1,6,1686,2,2,1,1
2013160A02911,1,9,0,18,0,8,0,0,0,0,1,1,6,1,10,1360,1,11,1,1
2013160A02911,2,9,0,18,0,8,0,0,0,0,1,1,1,1,8,2401,1,5,9,1
2013160A02921,1,1,0,18,0,6,0,0,0,0,1,1,6,1,4,-1,-1,-1,2,1
2013160A02921,2,9,0,7,0,3,1,0,0,0,1,1,6,1,4,1242,1,14,9,1
2013160A02931,1,11,0,5,0,0,0,0,0,0,4,1,1,1,9,8268,2,11,2,1
2013160A02941,1,9,0,18,0,2,0,0,0,0,1,1,6,1,7,1896,2,9,3,2
2013160A02951,1,9,0,18,0,0,0,0,0,0,4,1,6,1,10,2980,2,17,2,1
2013160A02961,1,9,0,14,0,0,0,0,0,0,4,1,6,2,9,1870,2,2,8,1
2013160A02971,1,9,0,9,0,6,0,0,0,0,1,1,6,1,6,1998,2,10,2,1
2013160A02971,2,1,0,18,0,8,0,0,0,0,1,1,6,1,8,-1,-1,-1,1,1
2013160A02981,1,9,0,17,0,0,0,0,0,0,0,1,6,1,10,1753,2,9,6,1
2013160A02981,2,1,0,15,0,0,0,0,0,0,0,1,6,1,6,-1,-1,-1,6,1
2013160A02991,1,9,0,13,0,1,0,0,0,0,3,1,2,1,6,1368,1,7,8,1
2013160A02991,2,1,0,18,0,1,0,0,0,0,3,1,2,1,6,-1,-1,-1,8,1
2013160A03001,1,9,0,9,0,5,0,0,0,0,1,1,6,2,6,1753,2,18,2,1
2013160A03001,2,9,0,18,0,2,0,0,0,0,2,1,6,2,7,1461,2,8,1,1
2013160A03011,1,9,0,9,0,5,0,0,0,0,1,1,6,1,6,1299,1,11,1,1
2013160A03011,2,1,0,18,0,1,0,0,0,0,1,1,2,1,7,-1,-1,-1,4,1
2013160A03021,1,9,0,3,0,2,0,0,0,0,2,1,2,2,8,1796,1,9,7,1
2013160A03021,2,9,0,3,0,2,0,0,0,0,2,1,2,2,7,998,1,-1,6,3
2013160A03021,3,9,0,3,0,2,0,0,0,0,2,1,2,2,7,1242,1,6,7,3
2013160A03021,4,9,0,18,0,2,0,0,0,0,1,1,2,2,8,2179,2,3,6,2
2013160A03031,1,9,0,18,0,0,0,0,0,0,3,1,6,1,6,1590,1,16,5,1
2013160A03041,1,9,0,18,0,8,0,0,0,0,4,1,2,1,7,2435,1,6,9,1
2013160A03041,2,1,0,18,0,8,0,0,0,0,3,1,6,1,6,-1,-1,-1,3,1
2013160A03051,1,9,0,5,0,1,0,0,0,0,1,1,2,2,8,1995,2,3,8,2
2013160A03051,2,2,0,8,0,1,0,0,0,0,2,1,2,1,8,49,1,-1,7,1
2013160A03061,1,9,0,18,0,0,0,0,0,0,1,1,6,2,7,1242,1,4,1,1
2013160A03071,1,9,0,2,0,0,0,0,0,0,3,1,6,1,6,1686,2,13,5,1
2013160A03071,2,1,0,14,0,0,0,0,0,0,4,1,2,1,6,-1,-1,-1,3,1
2013160A03081,1,9,0,18,0,1,0,10,0,0,1,1,6,3,-1,-1,-1,-1,-1,-1
2013160A03091,1,9,0,18,0,1,0,0,0,0,1,1,6,3,-1,-1,-1,-1,-1,-1
2013160A03091,2,19,0,18,0,4,0,0,0,0,2,1,1,1,8,1896,2,10,1,1
2013160A03101,1,9,0,18,0,0,0,0,0,0,1,1,6,3,-1,-1,-1,-1,-1,-1
2013160A03111,1,9,0,18,0,0,0,0,0,0,1,1,2,1,4,-1,-1,-1,-1,-1
2013160A03111,2,9,0,4,0,0,0,0,0,0,2,1,6,2,4,1461,2,5,1,1
2013160A03121,1,9,0,18,0,0,0,0,0,0,1,1,6,1,10,1796,1,15,2,1
2013160A03121,2,9,0,3,0,0,0,0,0,0,2,1,6,2,7,998,1,17,4,1
2013160A03131,1,19,0,18,0,0,0,0,0,0,3,1,6,3,-1,-1,-1,-1,-1,-1
2013160A03131,2,9,0,18,0,0,0,0,0,0,1,1,6,2,7,1343,1,12,1,1
2013160A03131,3,9,0,2,0,0,0,0,0,0,3,1,6,3,-1,1149,1,13,-1,-1
2013160A03141,1,9,0,12,8,0,0,0,0,0,1,1,6,1,9,1198,1,4,8,3
2013160A03141,2,9,0,18,0,0,0,0,0,0,3,1,6,2,4,1596,1,8,10,2
2013160A03151,1,9,0,18,0,1,0,0,0,0,1,1,6,1,9,1198,1,10,8,1
2013160A03151,2,5,0,3,0,1,0,0,0,0,2,1,6,1,9,-1,-1,-1,6,1
2013160A03161,1,1,0,18,0,0,0,0,0,0,1,1,6,1,4,-1,-1,-1,7,1
2013160A03161,2,9,0,2,0,0,0,0,0,0,2,1,6,3,-1,1242,1,10,-1,-1
2013160A03171,1,1,0,18,0,8,0,0,0,0,1,1,6,1,6,-1,-1,-1,2,1
2013160A03171,2,9,0,9,0,8,0,0,0,0,1,1,6,1,7,1995,1,11,4,1
2013160A03181,1,9,0,9,0,8,0,0,0,0,1,1,6,1,8,1997,2,14,6,1
2013160A03181,2,4,0,9,0,8,0,0,0,0,3,1,6,1,4,124,1,11,4,1
2013160A03201,1,9,0,18,0,1,0,0,0,0,4,1,6,1,7,1124,1,8,8,1
2013160A03221,1,9,0,9,0,6,0,0,0,0,1,1,6,3,-1,-1,-1,-1,-1,-1
2013160A03221,2,1,0,18,0,1,0,0,0,0,1,1,2,1,6,-1,-1,-1,1,1
2013160A03231,1,9,0,18,0,1,0,0,0,0,1,1,6,2,6,1560,2,1,6,1
2013160A03231,2,9,0,10,0,2,0,0,0,0,2,1,6,2,6,2199,2,-1,7,1
2013160A03241,1,9,0,18,0,0,1,0,0,0,1,1,6,2,6,998,1,13,1,1
2013160A03241,2,9,0,4,0,0,0,0,0,0,2,1,6,2,7,1870,2,8,4,1
2013160A03251,1,9,0,18,0,1,0,0,0,0,1,1,6,2,8,1242,1,4,1,1
2013160A03251,2,9,0,4,0,3,0,0,0,0,2,1,6,2,6,1299,1,8,1,1
2013160A03261,1,10,0,18,0,1,0,0,0,0,1,1,6,1,8,2148,2,5,2,1
2013160A03271,1,2,0,18,0,1,0,0,0,0,1,1,2,1,4,49,1,11,3,1
2013160A03271,2,9,0,4,0,4,0,0,0,0,2,1,2,1,8,1242,1,1,6,1
2013160A03281,1,9,0,18,0,0,0,0,0,0,3,1,1,1,10,2231,2,5,7,3
2013160A03281,2,1,0,18,0,0,0,0,0,0,1,1,4,2,3,-1,-1,-1,4,1
2013160A03291,1,9,0,18,0,1,0,0,0,0,1,1,6,2,6,1598,2,1,7,1
2013160A03291,2,9,0,4,0,8,0,0,0,0,2,1,6,2,8,1686,2,3,9,1
2013160A03291,3,9,0,4,0,8,0,0,0,0,2,1,6,1,5,1598,1,8,1,1
2013160A03301,1,9,0,7,0,3,0,0,0,0,4,1,6,1,10,1984,2,15,2,1
2013160A03301,2,9,0,18,0,8,0,0,0,0,3,1,6,1,7,1896,2,10,8,1
2013160A03321,1,1,0,18,0,8,0,0,0,0,4,1,2,2,7,-1,-1,-1,1,1
2013160A03321,2,9,0,9,0,6,0,0,0,0,1,1,2,1,8,1796,1,13,2,1
2013160A03331,1,9,0,5,0,1,0,0,0,0,1,1,2,2,9,1242,1,4,1,1
2013160A03331,2,9,0,4,0,1,0,0,0,0,2,1,2,2,8,1299,1,8,1,1
2013160A03341,1,1,0,18,9,2,0,0,0,0,1,1,6,1,3,-1,-1,-1,5,1
2013160A03341,2,9,0,18,9,2,0,10,1,0,1,1,6,3,-1,-1,-1,-1,-1,-1
2013160A03351,1,9,0,7,0,3,0,0,0,0,3,1,1,2,8,-1,-1,-1,1,1
2013160A03351,2,1,0,18,0,6,0,0,0,0,1,1,6,1,5,-1,-1,-1,1,1
2013160A03361,1,5,0,9,0,8,1,12,0,0,1,1,6,1,7,599,1,15,2,1
2013160A03361,2,9,0,2,0,2,0,0,0,0,2,1,6,3,-1,1796,1,10,-1,-1
2013160A03371,1,9,0,18,0,0,0,0,0,0,4,1,6,2,10,-1,-1,-1,1,1
2013160A03371,2,9,0,2,0,0,0,0,0,0,3,1,6,3,-1,1360,1,3,-1,-1
2013160A03371,3,9,0,2,0,0,0,0,0,0,3,1,6,3,-1,1299,1,12,-1,-1
2013160A03371,4,9,0,2,0,0,0,0,0,0,3,1,6,3,-1,2495,1,11,-1,-1
2013160A03381,1,9,0,18,0,0,0,0,0,0,1,1,2,2,4,1686,2,3,4,1
2013160A03381,2,19,0,2,0,0,0,0,1,0,2,1,2,1,7,2400,2,7,3,1
2013160A03391,1,9,0,18,0,0,0,0,0,0,1,1,6,1,6,1769,2,17,1,1
2013160A03391,2,9,0,2,0,0,0,0,0,0,3,1,6,3,-1,1997,1,11,-1,-1
2013160A03391,3,9,0,2,0,0,0,0,0,0,3,1,6,3,-1,1796,1,14,-1,-1
2013160A03401,1,9,0,7,0,6,0,0,0,0,1,1,2,2,7,1000,1,11,8,1
2013160A03401,2,5,0,18,0,8,0,0,0,0,1,1,2,1,8,649,1,11,3,1
2013160A03411,1,11,0,5,0,0,0,0,0,0,0,1,6,2,7,3900,2,7,1,1
2013160A03421,1,9,0,16,0,0,2,0,7,9,2,1,2,2,6,1229,1,4,8,2
2013160A03431,1,9,0,1,0,1,0,0,0,0,2,1,6,3,-1,-1,-1,-1,-1,-1
2013160A03431,2,1,0,18,0,1,0,0,0,0,1,1,6,2,7,-1,-1,-1,-1,-1
2013160A03441,1,9,0,4,0,1,0,0,0,0,1,1,6,1,5,1598,1,4,8,1
2013160A03441,2,9,0,2,0,1,0,0,0,0,2,1,1,1,8,1597,1,4,1,1
2013160A03461,1,9,0,4,0,1,0,0,0,0,2,1,4,1,-1,1242,1,3,6,1
2013160A03461,2,2,0,18,0,1,0,0,0,0,1,1,6,2,4,49,1,2,7,1
2013160A03471,1,9,0,17,0,0,2,0,7,0,1,1,6,1,5,1984,1,12,8,2
2013160A03481,1,9,0,18,0,8,0,0,0,0,1,1,6,2,7,1598,1,6,10,3
2013160A03481,2,17,0,9,0,6,0,0,0,0,1,1,1,1,7,3990,2,8,8,3
2013160A03491,1,9,0,18,0,0,0,0,0,0,4,1,6,1,10,1242,1,8,9,1
2013160A03491,2,1,0,18,0,0,0,0,0,0,3,1,6,1,3,-1,-1,-1,-1,-1
2013160A03501,1,1,0,18,0,1,0,0,0,0,0,1,6,1,3,-1,-1,-1,2,1
2013160A03511,1,9,0,9,0,2,0,0,0,0,1,1,6,1,5,1396,1,-1,1,1
2013160A03511,2,8,0,10,0,5,0,0,0,0,3,1,1,1,7,1910,2,5,1,1
2013160A03521,1,1,0,18,0,8,0,0,0,0,1,1,6,2,3,-1,-1,-1,9,1
2013160A03521,2,9,0,18,0,8,0,0,0,0,1,1,6,2,10,1388,1,2,-1,-1
2013160A03531,1,9,0,6,0,0,0,4,7,0,1,1,6,1,11,1298,1,13,9,1
2013160A03531,2,9,0,2,0,0,0,0,0,0,1,1,6,3,-1,2497,1,7,-1,-1
2013160A03541,1,9,0,18,0,8,0,0,0,0,1,1,6,2,4,1299,1,10,6,3
2013160A03541,2,9,0,18,0,8,0,0,0,0,1,1,6,1,8,-1,-1,-1,5,1
2013160A03551,1,9,0,9,0,5,0,0,0,0,1,1,6,1,8,1995,2,12,-1,2
2013160A03551,2,3,0,18,0,8,0,0,0,0,3,1,6,1,5,-1,-1,-1,1,1
2013160A03561,1,9,0,18,0,2,1,0,0,0,0,1,6,3,6,1796,1,13,2,1
2013160A03571,1,9,0,7,0,4,0,0,0,0,1,1,6,1,6,1686,2,-1,6,1
2013160A03571,2,9,0,18,0,8,1,0,0,0,4,1,6,1,7,1995,2,8,1,1
2013160A03581,1,9,0,9,0,6,0,0,0,0,3,1,6,1,4,1332,1,15,9,1
2013160A03581,2,3,0,18,0,8,0,0,0,0,1,1,6,1,4,-1,-1,-1,4,1
2013160A03591,1,9,0,9,0,5,0,0,0,0,1,1,1,1,7,1596,1,10,5,1
2013160A03601,1,9,0,18,0,0,2,0,6,9,1,1,6,1,8,1796,1,5,6,1
2013160A03601,2,9,0,18,0,0,0,0,0,0,1,1,6,2,6,1968,2,6,7,2
2013160A03601,3,9,0,2,0,0,0,0,0,0,2,1,6,2,5,1599,1,14,-1,-1
2013160A03601,4,9,0,2,0,0,0,0,0,0,2,1,6,2,7,1598,1,11,1,1
2013160A03611,1,9,0,18,0,0,0,0,0,0,1,1,6,2,6,1587,1,11,6,1
2013160A03611,2,9,0,3,0,0,0,0,0,0,2,1,6,1,9,1986,2,5,1,1
2013160A03621,1,9,0,18,0,8,0,0,0,0,1,1,6,1,11,1596,1,11,8,1
2013160A03621,2,9,0,18,0,8,0,0,0,0,2,1,6,1,9,1242,1,5,5,1
2013160A03641,1,9,0,18,0,6,0,0,0,0,1,1,3,2,6,1598,2,1,8,2
2013160A03641,2,3,0,18,0,8,0,0,0,0,4,1,6,1,6,124,1,4,1,1
2013160A03651,1,19,0,17,0,0,0,0,0,0,1,1,1,1,6,2300,2,9,9,1
2013160A03651,2,9,0,3,0,0,0,0,0,0,2,1,6,2,6,1461,2,2,5,1
2013160A03651,3,9,0,3,0,0,0,0,0,0,2,1,6,2,6,-1,-1,-1,8,2
2013160A03661,1,9,0,9,0,0,0,0,0,0,1,1,6,2,6,1360,1,1,10,1
2013160A03671,1,9,0,18,0,0,1,0,4,4,1,1,6,1,5,2494,1,18,6,3
2013160A03681,1,5,0,7,0,6,0,0,0,0,1,1,6,1,8,1261,1,9,6,1
2013160A03691,1,9,0,9,0,5,0,0,0,0,1,1,2,1,7,1995,2,9,8,1
2013160A03701,1,9,0,18,0,0,1,0,2,11,1,1,6,1,4,1968,2,3,8,1
2013160A03711,1,9,0,9,0,6,1,0,6,0,3,1,6,1,6,1560,2,5,8,1
2013160A03711,2,9,0,18,0,8,1,0,0,0,1,1,6,1,4,1124,1,10,9,1
2013160A03731,1,9,0,16,0,0,1,0,7,4,3,1,6,1,6,1360,1,12,1,1
2013160A03741,1,9,0,18,0,1,0,0,0,0,4,1,6,3,-1,-1,-1,-1,-1,-1
2013160A03741,2,1,0,10,0,1,0,0,0,0,3,1,6,2,7,-1,-1,-1,1,1
2013160A03751,1,9,0,9,0,6,0,0,0,0,3,1,6,1,6,-1,-1,-1,10,1
2013160A03751,2,9,0,18,0,1,0,0,0,0,1,1,6,2,5,1349,1,-1,-1,-1
2013160A03761,1,9,0,2,0,0,0,0,0,0,3,1,6,2,9,1984,1,9,9,1
2013160A03761,2,1,0,18,4,0,0,0,0,0,1,1,6,1,4,-1,-1,-1,9,1
2013160A03771,1,9,0,11,2,1,0,0,0,0,4,1,2,1,6,1796,1,11,8,1