Accident_Index,Vehicle_Reference,Vehicle_Type,Towing_and_Articulation,Vehicle_Manoeuvre,Vehicle_Location-Restricted_Lane,Junction_Location,Skidding_and_Overturning,Hit_Object_in_Carriageway,Vehicle_Leaving_Carriageway,Hit_Object_off_Carriageway,1st_Point_of_Impact,Was_Vehicle_Left_Hand_Drive?,Journey_Purpose_of_Driver,Sex_of_Driver,Age_Band_of_Driver,Engine_Capacity_(CC),Propulsion_Code,Age_of_Vehicle,Driver_IMD_Decile,Driver_Home_Area_Type
2013160A03771,2,1,0,18,4,1,0,0,0,0,3,1,6,1,10,-1,-1,-1,9,1
2013160A03781,1,9,0,9,0,5,0,0,0,0,1,1,6,1,9,1149,1,5,6,1
2013160A03781,2,9,0,18,0,8,0,0,0,0,1,1,6,1,9,1769,1,12,6,1
2013160A03791,1,9,0,16,0,2,0,0,1,1,1,1,1,2,4,1198,1,10,8,1
2013160A03801,1,9,0,18,0,8,0,0,0,0,1,1,6,1,5,1360,1,10,4,1
2013160A03801,2,9,0,9,0,8,0,0,0,0,3,1,6,1,5,1328,1,6,1,1
2013160A03811,1,9,0,9,0,6,0,0,0,0,1,1,6,2,7,2497,2,9,6,3
2013160A03811,2,9,0,4,0,5,0,0,0,0,3,1,6,2,6,1299,1,10,1,1
2013160A03821,1,2,0,4,0,8,0,0,0,0,3,1,4,1,4,49,1,-1,4,1
2013160A03821,2,9,0,3,2,8,0,0,0,0,3,1,2,1,9,-1,-1,-1,2,1
2013160A03831,1,9,0,14,0,0,0,0,0,0,1,1,6,1,11,1390,1,14,4,1
2013160A03831,2,9,0,18,0,0,0,0,0,0,1,1,6,2,7,2295,1,12,9,1
2013160A03831,3,9,0,2,0,0,0,0,0,0,3,1,6,3,-1,1598,1,9,-1,-1
2013160A03841,1,9,0,9,0,2,0,0,0,0,1,1,6,2,9,1596,1,9,1,1
2013160A03851,1,9,0,12,0,0,0,0,0,0,1,1,1,2,4,1299,1,10,1,1
2013160A03851,2,9,0,4,0,0,0,0,0,0,2,1,6,2,7,1997,1,4,10,1
2013160A03851,3,21,0,18,0,0,0,0,0,0,0,1,6,3,-1,-1,-1,-1,-1,-1
2013160A03861,1,9,0,1,0,6,0,0,0,0,2,1,6,3,-1,-1,-1,-1,-1,-1
2013160A03871,1,9,0,18,0,6,0,0,0,0,3,1,6,1,7,2498,2,18,1,1
2013160A03871,2,9,0,18,0,8,0,0,0,0,1,1,6,1,6,1587,1,11,1,1
2013160A03881,1,1,0,11,0,8,0,0,0,0,4,1,1,1,9,-1,-1,-1,9,1
2013160A03881,2,9,0,5,0,8,0,0,0,0,1,1,1,1,8,1796,1,9,6,3
2013160A03891,1,9,0,18,0,2,0,0,0,0,1,1,6,2,7,1870,2,7,3,1
2013160A03901,1,9,0,3,0,0,0,0,0,0,2,1,2,2,6,-1,-1,-1,8,1
2013160A03901,2,2,0,18,0,0,0,0,0,0,1,1,4,1,4,49,1,2,9,2
2013160A03911,1,19,0,18,0,0,0,0,0,0,1,1,1,1,6,1995,2,2,4,1
2013160A03911,2,9,0,4,0,0,0,0,0,0,2,1,6,2,6,1390,1,4,4,1
2013160A03911,3,9,0,4,0,0,0,0,0,0,2,1,6,2,7,1796,1,14,2,1
2013160A03911,4,9,0,4,0,0,0,0,0,0,2,1,6,1,10,1388,1,6,6,1
2013160A03921,1,9,0,5,0,2,0,0,0,0,1,1,1,1,5,1242,1,5,9,1
2013160A03931,1,2,0,18,0,0,0,0,0,0,0,1,6,1,4,49,1,4,2,1
2013160A03941,1,9,0,18,0,8,0,0,7,2,1,1,6,2,6,1390,1,9,1,1
2013160A03941,2,9,0,18,0,8,0,0,1,0,3,1,1,1,8,1995,2,-1,6,1
2013160A03951,1,9,0,18,0,8,0,0,0,0,1,1,2,1,8,1956,2,2,8,2
2013160A03951,2,1,0,18,0,8,0,0,0,0,1,1,6,1,7,-1,-1,-1,3,1
2013160A03961,1,9,0,5,0,1,0,0,0,0,3,1,6,2,7,1242,1,1,4,1
2013160A03971,1,9,0,3,0,1,0,0,0,0,2,1,1,1,4,973,1,11,4,1
2013160A03971,2,9,0,18,0,1,0,0,0,0,1,1,1,1,9,-1,-1,-1,2,1
2013160A03981,1,3,0,13,0,8,0,0,7,0,1,1,6,1,8,124,1,3,2,1
2013160A03981,2,9,0,9,0,8,0,0,0,0,3,1,6,2,8,1242,1,12,9,1
2013160A03991,1,9,0,18,0,0,0,0,0,0,4,1,6,1,6,1968,2,5,2,1
2013160A03991,2,9,0,4,0,0,0,0,0,0,3,1,6,1,6,1199,1,14,1,1
2013160A04001,1,1,0,11,0,1,0,0,0,0,1,1,4,2,3,-1,-1,-1,1,1
2013160A04001,2,9,0,18,0,2,0,0,0,0,1,1,3,2,6,1399,1,8,1,1
2013160A04011,1,4,0,18,0,1,0,0,0,0,1,1,1,1,9,198,1,9,9,2
2013160A04011,2,9,0,2,0,1,0,0,0,0,2,1,6,3,-1,1360,1,9,-1,-1
2013160A04021,1,9,0,1,0,0,0,0,0,0,4,1,6,2,8,1798,1,9,2,1
2013160A04021,2,9,0,2,0,0,0,0,0,0,3,1,6,2,5,1997,2,8,4,1
2013160A04031,1,9,0,18,0,8,0,0,0,0,4,1,6,2,5,1587,1,10,5,3
2013160A04041,1,9,0,7,0,6,0,0,0,0,1,1,6,1,5,1794,1,10,3,2
2013160A04041,2,3,0,18,0,8,0,0,0,0,4,1,6,2,4,125,1,-1,8,2
2013160A04051,1,11,0,18,0,0,0,0,0,0,3,1,1,1,6,3900,2,7,1,1
2013160A04061,1,9,0,18,0,0,0,0,0,0,1,1,2,2,8,1390,1,12,1,1
2013160A04061,2,19,0,2,0,0,0,0,0,0,2,1,1,1,7,2494,2,9,3,1
2013160A04071,1,9,0,18,0,1,0,0,0,0,1,1,6,1,6,1781,1,21,1,1
2013160A04081,1,1,0,18,0,0,0,10,0,0,1,1,6,1,9,-1,-1,-1,1,1
2013160A04081,2,9,0,14,0,0,0,0,0,0,0,1,6,3,-1,-1,-1,-1,-1,-1
2013160A04091,1,-1,0,18,0,0,0,0,0,0,1,1,6,3,-1,-1,-1,-1,-1,-1
2013160A04091,2,9,0,18,0,0,0,0,0,0,2,1,6,2,7,1598,1,12,-1,-1
2013160A04101,1,9,0,7,0,8,0,0,0,0,1,1,6,1,8,1796,1,10,1,1
2013160A04101,2,1,0,18,0,8,0,0,0,0,4,1,6,1,7,-1,-1,-1,9,1
2013160A04111,1,1,0,18,0,8,0,0,0,0,4,1,1,1,9,-1,-1,-1,1,1
2013160A04111,2,9,0,18,0,8,0,0,0,0,1,1,6,1,9,1598,1,5,1,1
2013160A04121,1,19,0,17,0,0,0,0,1,1,1,1,6,1,7,2402,2,7,-1,1
2013160A04131,1,9,0,18,0,1,0,0,0,0,1,1,6,2,5,1364,1,6,9,1
2013160A04131,2,9,0,9,0,8,0,0,0,0,4,1,6,1,11,1396,1,2,2,1
2013160A04141,1,2,0,18,0,8,0,0,0,0,1,1,6,1,6,49,1,7,1,1
2013160A04141,2,9,0,10,0,8,0,0,0,0,1,1,6,1,6,1587,1,8,1,1
2013160A04151,1,11,0,5,2,0,0,0,0,0,1,1,6,1,8,-1,-1,-1,5,1
2013160A04161,1,1,0,18,0,2,0,0,0,0,0,1,1,1,6,-1,-1,-1,2,1
2013160A04161,2,9,0,13,0,2,0,0,0,0,0,1,6,3,-1,-1,-1,-1,-1,-1
2013160A04171,1,11,0,5,0,0,0,0,0,0,0,1,1,1,10,3900,2,7,2,1
2013160A04181,1,9,0,18,0,0,0,0,0,0,4,1,6,3,-1,-1,-1,-1,-1,-1
2013160A04181,2,1,0,18,4,0,1,0,1,9,3,1,6,1,7,-1,-1,-1,9,2
2013160A04201,1,2,0,18,0,8,0,0,0,0,1,1,6,1,6,49,1,-1,3,1
2013160A04201,2,19,0,9,0,5,0,0,0,0,4,1,6,1,8,2500,2,7,3,1
2013160A04211,1,11,0,18,0,8,0,0,0,0,0,1,1,1,6,6871,2,7,1,1
2013160A04211,2,9,0,9,0,5,0,0,0,0,0,1,6,2,11,1753,2,8,8,1
2013160A04231,1,9,0,18,0,4,0,0,0,0,1,1,6,1,10,1388,1,-1,8,1
2013160A04231,2,3,0,9,0,8,0,0,0,0,4,1,6,1,6,125,1,1,1,1
2013160A04241,1,8,0,5,0,0,0,0,0,0,0,1,1,1,7,1910,2,5,1,1
2013160A04261,1,9,0,7,0,6,0,0,0,0,1,1,6,1,5,-1,-1,-1,1,1
2013160A04271,1,9,0,9,0,8,0,0,0,0,1,1,6,1,5,2171,2,14,5,1
2013160A04271,2,9,0,18,0,8,0,0,0,0,4,1,6,1,7,2987,2,1,8,3
2013160A04281,1,9,0,18,0,0,0,0,0,0,1,1,6,1,8,1991,2,8,5,3
2013160A04281,2,9,0,18,0,0,0,0,0,0,2,1,6,1,8,1997,1,17,9,1
2013160A04281,3,9,0,18,0,0,0,0,0,0,2,1,6,2,7,2204,2,5,10,2
2013160A04291,1,9,0,18,0,8,0,0,0,0,3,1,6,1,7,1998,2,12,2,1
2013160A04291,2,4,0,18,0,8,0,0,0,0,1,1,2,1,5,125,1,8,-1,-1
2013160A04311,1,9,0,18,0,0,0,0,0,0,1,1,6,1,5,1229,1,2,9,1
2013160A04311,2,9,0,18,0,0,0,0,0,0,2,1,6,1,10,2198,2,4,7,1
2013160A04311,3,9,0,18,0,0,0,0,0,0,2,1,6,2,5,1598,1,9,6,1
2013160A04321,1,9,0,9,2,8,0,0,0,0,4,1,1,1,9,-1,-1,-1,6,1
2013160A04331,1,9,0,7,0,8,0,0,0,0,1,1,6,1,7,1461,2,3,1,1
2013160A04351,1,3,0,13,0,0,1,0,0,0,4,1,6,1,5,124,1,-1,6,1
2013160A04351,2,9,0,18,0,0,0,0,0,0,3,1,6,3,-1,-1,-1,-1,-1,-1
2013160A04361,1,9,0,18,0,0,0,0,0,0,1,1,2,2,8,1400,1,13,1,1
2013160A04361,2,9,0,18,0,0,0,0,0,0,2,1,2,1,7,2000,1,7,8,1
2013160A04371,1,9,0,18,0,0,0,0,0,0,1,1,6,1,6,2830,2,19,-1,-1
2013160A04371,2,19,0,12,8,0,0,0,0,0,2,1,1,1,7,2143,2,1,-1,-1
2013160A04381,1,19,0,18,0,1,0,0,0,0,1,1,6,3,-1,1998,2,7,-1,-1
2013160A04381,2,9,0,4,0,1,0,0,0,0,2,1,1,1,6,1461,2,-1,6,3
2013160A04391,1,9,0,18,0,4,0,0,0,0,0,1,6,2,7,1995,2,1,6,2
2013160A04391,2,1,0,18,0,8,0,0,0,0,0,1,6,1,11,-1,-1,-1,8,2
2013160A04401,1,9,0,18,0,8,0,0,0,0,3,1,6,2,8,1246,1,8,1,1
2013160A04401,2,1,0,18,0,8,0,0,0,0,1,1,6,2,8,-1,-1,-1,1,1
2013160A04411,1,2,0,17,0,0,1,0,0,0,0,1,6,1,4,49,1,-1,3,1
2013160A04411,2,9,0,2,6,0,0,0,0,0,0,1,6,1,6,1988,2,9,-1,-1
2013160A04421,1,9,0,11,0,0,0,0,0,0,4,1,6,1,10,1895,1,13,8,1
2013160A04421,2,11,0,18,0,0,0,0,0,0,3,1,1,1,5,-1,2,14,2,1
2013160A04431,1,9,0,9,0,8,0,0,0,0,3,1,6,1,6,1149,1,14,3,1
2013160A04431,2,9,0,18,0,8,0,0,0,0,3,1,2,2,6,1124,1,17,2,1
2013160A04441,1,9,0,9,0,0,0,0,0,0,3,1,1,1,7,1360,1,11,8,2
2013160A04441,2,9,0,18,0,0,0,0,0,0,1,1,1,1,4,1796,1,-1,7,3
2013160A04451,1,9,0,3,0,8,0,0,0,0,2,1,6,1,6,1870,2,12,2,1
2013160A04451,2,9,0,18,0,8,0,0,0,0,1,1,6,1,7,1999,1,6,2,1
2013160A04461,1,9,0,18,0,0,0,0,0,0,1,1,6,1,7,1896,2,4,6,1
2013160A04461,2,9,0,4,0,0,0,0,0,0,2,1,6,2,6,1332,1,14,2,1
2013160A04461,3,9,0,4,0,0,0,0,0,0,2,1,6,1,8,1910,2,8,4,1
2013160A04461,4,9,0,4,0,0,0,0,0,0,2,1,6,2,9,1339,1,3,2,1
2013160A04471,1,19,0,18,0,0,0,0,0,0,3,1,2,1,6,1995,2,3,2,1
2013160A04481,1,9,0,18,0,1,0,0,0,0,1,1,6,1,9,1229,1,1,9,1
2013160A04481,2,9,0,10,0,1,0,0,0,0,2,1,2,2,6,1242,1,9,7,2
2013160A04491,1,9,0,9,0,1,0,0,0,0,4,1,6,2,7,1910,2,11,5,3
2013160A04491,2,9,0,18,0,8,0,0,0,0,1,1,6,1,5,1242,1,13,1,1
2013160A04511,1,9,0,18,0,0,0,0,0,0,1,1,6,2,8,1124,1,7,4,1
2013160A04511,2,9,0,2,0,0,0,0,0,0,2,1,6,3,-1,2179,2,4,-1,-1
2013160A04521,1,1,0,18,0,0,0,0,0,0,0,1,6,1,6,-1,-1,-1,1,1
2013160A04531,1,9,0,18,0,0,1,0,0,0,1,1,6,1,5,1896,2,6,6,1
2013160A04531,2,9,0,18,0,0,1,0,0,0,1,1,6,1,5,1796,1,10,6,1
2013160A04541,1,3,0,18,0,0,1,0,0,0,1,1,6,1,6,-1,-1,-1,1,1
2013160A04541,2,9,0,18,0,0,0,0,0,0,1,1,6,1,9,1396,1,11,3,1
2013160A04551,1,9,0,9,0,8,0,0,0,0,1,1,6,2,9,-1,-1,-1,8,2
2013160A04551,2,22,0,18,0,8,0,0,0,0,4,1,6,1,7,-1,-1,-1,1,1
2013160A04561,1,9,0,4,0,1,0,0,0,0,1,1,6,2,6,1984,1,8,8,1
2013160A04561,2,9,0,18,0,1,0,0,0,0,2,1,6,1,6,-1,-1,-1,8,1
2013160A04581,1,9,0,9,0,8,0,0,0,0,1,1,6,2,8,1910,2,9,6,1
2013160A04581,2,9,0,18,0,8,0,0,0,0,4,1,6,2,5,1242,1,-1,4,1
2013160A04591,1,9,0,4,0,2,0,0,0,0,2,1,6,2,5,1587,1,10,4,1
2013160A04591,2,9,0,18,0,2,0,0,0,0,1,1,6,2,5,1686,2,8,6,1
2013160A04601,1,9,0,18,0,8,0,0,0,0,1,1,6,1,11,1753,2,7,8,2
2013160A04601,2,9,0,9,0,8,0,0,0,0,1,1,6,2,6,973,1,14,8,2
2013160A04611,1,9,0,13,0,1,0,0,0,0,4,1,6,3,-1,-1,-1,-1,-1,-1
2013160A04611,2,1,0,14,0,1,0,0,0,0,2,1,6,1,5,-1,-1,-1,1,1
2013160A04621,1,9,0,1,0,0,0,0,0,0,1,1,6,1,7,1896,2,12,1,1
2013160A04621,2,9,0,2,0,0,0,0,0,0,2,1,6,3,-1,1242,1,8,-1,-1
2013160A04631,1,9,0,18,0,0,1,0,5,6,1,1,2,2,8,1998,1,10,1,1
2013160A04631,2,9,0,18,0,0,1,0,5,6,1,1,6,2,6,1598,1,9,1,1
2013160A04651,1,21,1,17,0,0,5,0,1,7,4,1,1,1,8,12580,2,9,9,1
2013160A04661,1,11,0,2,0,0,0,0,0,0,4,1,1,1,5,-1,2,14,2,1
2013160A04671,1,9,0,18,0,0,0,0,0,0,1,1,6,2,6,1796,1,8,9,2
2013160A04671,2,9,0,4,0,0,0,0,0,0,2,1,6,2,10,1798,1,-1,6,1
2013160A04681,1,9,0,18,0,2,0,0,0,0,1,1,6,1,9,-1,-1,-1,7,1
2013160A04691,1,1,0,18,0,0,0,0,0,0,0,1,6,1,7,-1,-1,-1,4,1
2013160A04701,1,9,0,18,0,1,0,0,0,0,1,1,6,1,5,1397,1,-1,7,1
2013160A04711,1,9,0,18,0,8,0,0,0,0,1,1,6,1,6,2198,1,13,1,1
2013160A04711,2,9,0,3,0,1,0,0,0,0,2,1,6,2,8,1388,1,10,3,1
2013160A04711,3,9,0,3,0,1,0,0,0,0,2,1,6,1,8,998,1,9,9,1
2013160A04721,1,9,0,5,0,8,0,0,0,0,1,1,6,2,7,1124,1,13,1,1
2013160A04721,2,1,0,18,0,8,0,0,0,0,1,1,6,2,8,-1,-1,-1,4,1
2013160A04731,1,9,0,18,0,8,0,0,0,0,0,1,6,3,-1,-1,-1,-1,-1,-1
2013160A04731,2,5,0,7,0,8,1,0,0,0,0,1,6,1,9,996,1,13,4,1
2013160A04741,1,9,0,18,0,1,0,0,0,0,1,1,1,1,6,1595,1,16,3,1
2013160A04741,2,9,0,3,0,1,0,0,0,0,2,1,6,1,7,1686,2,2,1,1
2013160A04751,1,9,0,18,0,3,0,7,7,11,1,1,6,2,8,1360,1,11,8,1
2013160A04761,1,1,0,18,0,8,0,0,0,0,3,1,2,1,6,-1,-1,-1,2,1
2013160A04761,2,9,0,7,0,6,0,0,0,0,4,1,2,1,7,2457,1,7,3,1
2013160A04771,1,9,0,1,0,1,0,0,0,0,2,1,1,1,9,1798,1,7,6,3
2013160A04781,1,2,0,3,0,0,0,0,0,0,2,1,6,3,-1,-1,-1,-1,-1,-1
2013160A04781,2,9,0,18,0,0,0,0,0,0,1,1,6,2,8,1498,1,5,5,1
2013160A04781,3,9,0,18,0,0,0,0,0,0,1,1,6,1,5,1390,1,1,4,1
2013160A04801,1,8,0,1,0,0,0,0,0,0,2,1,1,1,9,1910,2,5,2,1
2013160A04811,1,19,0,9,0,5,0,0,0,0,2,1,2,1,9,1910,2,9,7,2
2013160A04811,2,9,0,13,0,1,0,0,0,0,1,1,6,1,6,1587,1,8,8,2
2013160A04821,1,9,0,9,0,5,0,0,0,0,1,1,6,2,11,998,1,-1,3,1
2013160A04831,1,9,0,18,0,1,0,0,0,0,1,1,6,1,5,1998,1,5,6,1
2013160A04841,1,9,0,18,0,1,0,0,0,0,3,1,6,2,5,1199,1,12,4,1
2013160A04841,2,9,0,9,0,6,0,0,0,0,1,1,6,3,-1,-1,-1,-1,-1,-1
2013160A04851,1,9,0,3,0,0,0,0,0,0,2,1,6,2,7,2143,2,1,6,3
2013160A04851,2,9,0,18,0,0,0,0,0,0,1,1,6,2,9,1997,2,11,5,1
2013160A04861,1,21,1,18,0,8,0,0,0,0,1,1,1,1,8,11967,2,2,2,1
2013160A04861,2,9,0,9,0,8,0,0,0,0,3,1,6,1,7,1995,2,1,9,1
2013160A04871,1,9,0,18,0,1,0,0,0,0,4,1,6,2,5,2231,2,6,8,2
2013160A04871,2,9,0,18,0,1,0,0,0,0,3,1,6,3,-1,1968,2,3,-1,-1
2013160A04881,1,9,0,5,0,1,0,0,0,0,3,1,6,1,8,1783,1,12,3,1
2013160A04881,2,20,0,5,0,1,0,0,0,0,4,1,1,1,6,2464,2,6,3,1
2013160A04891,1,19,0,9,0,5,0,0,0,0,3,1,6,1,8,-1,-1,-1,1,1
2013160A04891,2,9,0,7,0,5,0,0,0,0,2,1,6,1,7,2993,2,1,6,3
2013160A04901,1,9,0,9,0,5,0,0,0,0,1,1,6,2,8,1198,1,9,8,1
2013160A04901,2,9,0,18,0,8,0,0,0,0,1,1,6,1,8,1597,1,16,5,1
2013160A04911,1,9,0,9,0,6,0,0,0,0,1,1,6,1,10,1997,2,1,5,1
2013160A04911,2,3,0,18,0,8,0,0,0,0,1,1,6,1,4,124,1,3,3,1
2013160A04921,1,9,0,18,0,0,0,0,0,0,1,1,6,3,-1,-1,-1,-1,-1,-1
2013160B00011,1,9,0,7,0,4,0,0,0,0,1,1,1,1,7,-1,-1,-1,8,2
2013160B00011,2,1,0,18,0,8,0,0,0,0,4,1,6,1,4,-1,-1,-1,8,2
2013160B00021,1,9,0,9,0,5,0,0,0,0,4,1,6,1,9,-1,-1,-1,8,1
2013160B00021,2,9,0,18,0,1,0,0,0,0,1,1,6,1,5,1198,1,3,3,1
2013160B00031,1,9,0,18,0,6,0,0,0,0,1,1,6,1,5,-1,-1,-1,5,1
2013160B00031,2,9,0,18,0,8,5,0,1,9,1,1,6,2,7,1086,1,4,5,3
2013160B00041,1,9,0,18,0,0,2,0,0,0,1,1,6,1,6,-1,-1,-1,3,1
2013160B00051,1,9,0,18,0,1,0,0,0,0,1,1,6,1,6,2231,2,7,1,1
2013160B00051,2,9,0,9,0,5,0,0,0,0,4,1,6,1,6,1229,1,5,1,1
2013160B00061,1,9,0,18,0,1,0,0,7,10,4,1,1,1,8,-1,-1,-1,1,1
2013160B00061,2,20,0,18,0,6,0,0,3,10,1,1,1,1,8,4461,2,1,8,1
2013160B00071,1,9,0,18,0,0,0,4,0,0,4,1,6,1,8,1596,1,11,3,1
2013160B00071,2,9,0,2,0,0,0,0,0,0,3,1,6,3,-1,-1,-1,-1,-1,-1
2013160B00081,1,9,0,16,0,0,1,0,0,0,1,1,6,1,11,1360,1,5,7,3
2013160B00081,2,9,0,17,0,0,0,7,1,10,1,1,6,1,5,1399,2,5,5,2
2013160B00091,1,9,0,1,0,8,0,0,0,0,4,1,6,1,5,1686,2,10,4,1
2013160B00091,2,1,0,18,0,6,0,0,0,0,1,1,6,1,8,-1,-1,-1,4,1
2013160B00101,1,9,0,4,0,0,1,0,0,0,1,1,6,2,9,1229,1,4,8,1
2013160B00101,2,9,0,3,0,0,0,0,0,0,2,1,6,1,11,1229,1,7,4,1
2013160B00111,1,9,0,3,0,0,0,0,0,0,2,1,6,2,5,1398,2,6,7,2
2013160B00111,2,9,0,18,0,0,0,0,0,0,1,1,6,2,5,1390,1,14,2,2
2013160B00111,3,9,0,13,0,0,0,0,0,0,0,1,6,1,6,-1,-1,-1,8,1
2013160B00121,1,9,0,18,0,2,0,4,1,0,1,1,6,1,6,1596,1,3,5,3
2013160B00121,2,9,0,2,0,1,0,0,0,0,3,1,6,3,-1,1328,1,3,-1,-1
2013160B00141,1,9,0,16,0,0,1,0,0,0,1,1,6,1,5,1753,2,13,4,3
2013160B00141,2,9,0,17,0,0,0,0,0,0,1,1,6,1,9,1596,1,3,8,2
2013160B00151,1,21,1,18,0,0,1,0,0,0,1,1,1,1,8,12900,2,6,7,1
2013160B00151,2,9,0,3,0,0,0,0,0,0,2,1,2,1,8,1995,2,3,6,3
2013160B00161,1,9,0,7,0,5,0,0,0,0,1,1,6,1,6,-1,-1,-1,4,1
2013160B00161,2,9,0,8,0,1,0,0,0,0,3,1,6,2,5,1598,1,4,9,1
2013160B00171,1,19,0,17,0,0,1,0,1,10,1,1,1,2,7,1968,2,3,2,1
2013160B00171,2,9,0,16,0,0,0,0,1,10,1,1,2,1,5,1995,2,10,7,3
2013160B00181,1,20,1,18,0,1,0,0,0,0,1,1,1,1,9,-1,-1,-1,8,2
2013160B00181,2,19,0,8,0,1,0,0,0,0,2,1,1,1,8,1896,2,9,7,1
2013160B00191,1,9,0,18,0,0,1,4,0,0,1,1,6,2,6,1596,1,10,4,1
2013160B00191,2,19,0,2,0,0,0,0,0,0,2,1,6,3,-1,1968,2,1,-1,-1
2013160B00201,1,9,0,18,0,6,0,0,0,0,1,1,6,1,6,-1,-1,-1,5,3
2013160B00201,2,9,0,18,0,8,0,0,1,10,1,1,6,1,10,1968,2,2,9,2
2013160B00211,1,9,0,17,0,0,1,0,0,0,1,1,2,2,5,1149,1,8,8,2
2013160B00211,2,9,0,16,0,0,0,0,1,10,1,1,2,2,7,1108,1,4,8,2
2013160B00221,1,21,1,18,0,0,3,0,1,10,1,1,1,1,8,12419,2,2,9,2
2013160B00231,1,9,0,18,0,0,0,0,0,0,1,1,1,1,6,1329,1,1,3,2
2013160B00231,2,1,0,18,0,0,0,0,0,0,1,1,6,2,8,-1,-1,-1,8,2
2013160B00241,1,9,0,9,0,5,0,0,0,0,1,1,6,2,9,1598,1,11,7,3
2013160B00241,2,9,0,18,0,1,0,0,1,4,1,1,6,2,6,1995,1,6,9,3
2013160B00251,1,9,0,7,0,5,0,0,0,0,3,1,6,1,6,1998,2,11,7,1
2013160B00251,2,1,0,18,0,8,0,0,0,0,1,1,2,1,6,-1,-1,-1,1,1
2013160B00261,1,9,0,9,0,6,1,0,1,0,1,1,2,1,9,1998,1,11,2,2
2013160B00261,2,9,0,18,0,8,1,0,0,0,3,1,2,1,9,2000,7,6,7,3
2013160B00271,1,9,0,9,0,6,0,0,3,3,3,1,6,1,5,-1,-1,-1,8,3
2013160B00271,2,4,0,18,0,8,0,0,0,0,1,1,6,1,5,300,1,5,8,3
2013160B00311,1,9,0,18,0,0,2,0,7,10,1,1,6,1,9,2995,1,8,7,2
2013160B00321,1,9,0,5,0,1,0,0,0,0,1,1,1,1,8,1995,2,1,8,2
2013160B00321,2,9,0,3,0,1,0,0,0,0,2,1,1,2,5,1229,1,3,7,3
2013160B00341,1,9,0,7,0,3,1,10,7,3,1,1,6,2,11,1296,2,9,6,3
2013160B00351,1,9,0,7,0,5,0,0,0,0,1,1,6,2,9,1461,2,2,6,1
2013160B00361,1,9,0,9,0,6,0,0,0,0,1,1,6,2,8,1299,1,12,9,1
2013160B00361,2,9,0,7,0,5,1,0,0,0,1,1,6,1,7,1999,1,11,8,1
2013160B00371,1,9,0,18,0,6,0,0,0,0,3,1,6,2,8,1991,2,2,7,3
2013160B00371,2,9,0,18,0,8,0,0,0,0,1,1,2,2,5,1368,1,3,9,2
2013160B00391,1,9,0,9,0,1,1,0,1,10,3,1,1,1,7,1997,2,1,-1,-1
2013160B00391,2,8,0,18,0,1,1,0,0,0,4,1,1,1,8,-1,-1,-1,7,1
2013160B00401,1,8,0,10,0,8,0,0,0,0,2,1,1,1,6,2429,1,7,2,1
2013160B00401,2,9,0,10,0,8,0,0,0,0,1,1,6,1,8,2143,2,2,8,3
2013160B00411,1,9,0,7,0,6,0,0,0,0,1,1,6,3,-1,-1,-1,-1,-1,-1
2013160B00411,2,90,0,18,0,8,0,0,0,0,4,1,1,1,8,6370,2,6,6,3
2013160B00421,1,19,0,14,0,0,0,0,0,0,3,1,6,3,-1,-1,-1,-1,-1,-1
2013160B00431,1,9,0,16,0,0,2,0,1,9,1,1,2,2,8,1461,2,11,2,2
2013160B00441,1,9,0,18,0,0,5,4,0,0,1,1,6,1,7,1598,1,6,7,3
2013160B00441,2,9,0,2,0,0,0,0,0,0,2,1,6,3,6,1595,2,4,-1,-1
2013160B00451,1,9,0,18,0,2,2,0,1,2,1,1,6,1,6,1587,1,15,6,3
2013160B00451,2,9,0,12,8,2,0,0,5,6,3,1,6,1,7,1598,1,1,8,1
2013160B00461,1,9,0,18,0,0,1,0,1,10,3,1,6,1,5,1390,1,13,8,2
2013160B00481,1,11,0,18,0,0,0,0,0,0,1,1,1,2,7,3922,2,7,7,1
2013160B00481,2,1,0,18,0,0,0,0,0,0,3,1,6,2,8,-1,-1,-1,3,1
2013160B00491,1,9,0,18,0,4,0,0,0,0,1,1,6,3,-1,-1,-1,-1,-1,-1
2013160B00491,2,1,0,18,0,8,0,0,0,0,4,1,2,1,7,-1,-1,-1,7,1
2013160B00501,1,9,0,16,0,1,1,0,0,0,1,1,6,1,6,1975,1,8,2,1
2013160B00501,2,9,0,17,0,2,0,10,1,10,3,1,6,1,6,1296,1,5,4,1
2013160B00501,3,9,0,16,0,1,1,0,0,0,2,1,6,1,7,1896,2,6,9,2
2013160B00501,4,9,0,16,0,1,1,0,0,0,1,1,6,2,5,1598,1,8,8,3
2013160B00511,1,19,0,18,0,1,0,0,0,0,1,2,6,1,8,-1,-1,-1,-1,-1
2013160B00511,2,9,0,4,0,1,0,0,0,0,2,1,6,2,6,1910,2,6,8,1
2013160B00511,3,9,0,9,0,1,0,0,0,0,2,1,6,1,6,1948,1,13,4,1
2013160B00521,1,9,0,5,0,1,0,0,0,0,1,1,6,1,5,1796,1,8,2,1
2013160B00521,2,9,0,8,0,1,0,0,0,0,2,1,6,1,8,1598,1,4,6,3
2013160B00531,1,9,0,18,0,0,1,0,1,9,2,1,6,1,5,3246,1,11,8,1
2013160B00541,1,9,0,9,0,6,0,0,0,0,4,1,6,2,6,1198,1,9,7,3
2013160B00541,2,9,0,18,0,1,0,0,0,0,3,1,6,1,7,1587,1,11,9,2
2013160B00541,3,9,0,18,0,1,0,0,0,0,1,1,6,2,8,1149,1,9,9,3
2013160B00551,1,9,0,9,0,6,0,0,0,0,1,1,6,1,6,1686,2,7,2,1
2013160B00551,2,9,0,18,0,1,0,0,4,10,4,1,6,1,5,1797,1,15,5,3