Accident_Index,Vehicle_Reference,Vehicle_Type,Towing_and_Articulation,Vehicle_Manoeuvre,Vehicle_Location-Restricted_Lane,Junction_Location,Skidding_and_Overturning,Hit_Object_in_Carriageway,Vehicle_Leaving_Carriageway,Hit_Object_off_Carriageway,1st_Point_of_Impact,Was_Vehicle_Left_Hand_Drive?,Journey_Purpose_of_Driver,Sex_of_Driver,Age_Band_of_Driver,Engine_Capacity_(CC),Propulsion_Code,Age_of_Vehicle,Driver_IMD_Decile,Driver_Home_Area_Type
2013160B02291,2,9,0,18,0,8,0,0,0,0,4,1,1,2,5,1596,1,2,4,1
2013160B02301,1,4,0,18,0,1,1,0,0,0,3,1,6,1,7,398,1,7,5,2
2013160B02301,2,9,0,4,0,1,0,0,0,0,2,1,6,1,10,1783,1,10,7,2
2013160B02311,1,5,0,18,0,1,0,0,0,0,4,1,6,2,7,1584,1,5,7,1
2013160B02311,2,5,0,8,0,1,0,0,0,0,3,1,6,1,8,1450,1,8,7,1
2013160B02321,1,9,0,18,0,8,1,10,7,2,3,1,6,1,4,1248,2,9,6,1
2013160B02331,1,9,0,18,0,0,0,0,0,0,1,1,6,2,4,1299,1,11,7,3
2013160B02341,1,9,0,16,0,0,1,0,1,9,4,1,1,2,6,1598,1,7,1,1
2013160B02351,1,19,0,18,0,0,0,4,1,7,1,1,2,1,5,1560,2,1,9,2
2013160B02351,2,21,0,2,0,0,0,0,0,0,2,1,1,1,7,6370,2,4,7,2
2013160B02361,1,9,0,18,0,0,2,0,1,9,1,1,6,1,5,1598,1,6,1,1
2013160B02371,1,9,0,18,0,0,0,4,0,0,1,1,6,1,7,1596,1,13,7,1
2013160B02371,2,9,0,2,0,0,0,0,0,0,2,1,6,3,-1,1595,1,4,-1,-1
2013160B02381,1,9,0,7,0,5,0,0,0,0,4,1,6,1,5,1796,1,6,2,1
2013160B02381,2,9,0,10,0,1,0,0,0,0,3,1,6,1,7,1998,2,7,4,1
2013160B02381,3,1,0,18,0,8,0,0,0,0,1,1,6,1,9,-1,-1,-1,1,1
2013160B02391,1,19,0,9,0,5,0,0,0,0,1,1,1,1,7,-1,-1,-1,5,3
2013160B02391,2,9,0,17,0,8,0,10,1,2,3,1,6,1,7,2231,2,-1,2,1
2013160B02401,1,9,0,18,0,0,0,0,1,9,4,1,6,2,11,1586,1,11,9,1
2013160B02411,1,9,0,9,0,6,0,0,0,0,3,1,6,2,4,1149,1,8,6,3
2013160B02411,2,9,0,18,0,1,1,0,0,0,1,1,6,2,7,1388,1,8,-1,-1
2013160B02421,1,9,0,18,0,0,0,0,7,7,4,1,6,2,6,2200,2,19,2,2
2013160B02431,1,1,0,7,9,6,0,0,0,0,1,1,6,3,-1,-1,-1,-1,-1,-1
2013160B02441,1,9,0,11,0,0,0,0,2,10,1,1,6,1,11,1584,1,6,8,3
2013160B02441,2,21,1,18,0,0,0,0,0,0,1,1,1,1,8,5900,2,6,1,1
2013160B02451,1,1,0,18,4,1,0,0,0,0,4,1,2,1,4,-1,-1,-1,4,1
2013160B02451,2,9,0,7,4,6,0,0,0,0,1,1,6,3,10,1796,1,12,6,1
2013160B02461,1,9,0,9,0,6,0,0,0,0,1,1,6,2,4,1149,1,2,8,3
2013160B02461,2,9,0,18,0,1,0,0,0,0,1,1,6,2,7,1995,2,8,6,1
2013160B02481,1,9,0,18,0,2,0,0,0,0,3,1,6,2,9,1198,1,6,4,1
2013160B02491,1,9,0,9,0,5,0,0,0,0,1,1,1,1,8,-1,-1,-1,6,1
2013160B02491,2,1,0,10,0,6,0,0,0,0,1,1,6,1,8,-1,-1,-1,5,1
2013160B02501,1,9,0,18,0,1,0,0,0,0,1,1,6,1,4,1171,1,21,7,3
2013160B02501,2,9,0,18,0,1,0,0,0,0,2,1,6,1,8,1999,1,7,7,3
2013160B02511,1,21,0,18,0,0,0,0,7,0,1,1,1,1,6,12900,2,2,2,1
2013160B02511,2,9,0,18,0,0,0,0,0,0,1,1,6,1,6,1390,1,8,7,1
2013160B02521,1,17,4,18,0,0,0,0,0,0,3,1,6,1,4,8984,2,-1,5,3
2013160B02521,2,17,4,18,0,0,0,0,0,0,3,1,6,1,7,5986,2,12,1,1
2013160B02521,3,9,0,18,0,0,0,0,0,0,1,1,6,1,11,1560,2,7,6,3
2013160B02531,1,1,0,18,0,6,0,0,0,0,1,1,6,1,4,-1,-1,-1,1,1
2013160B02531,2,9,0,18,0,8,0,0,0,0,4,1,6,2,7,1584,1,7,4,1
2013160B02541,1,21,1,18,0,1,0,0,0,0,1,1,1,1,8,12882,2,6,7,3
2013160B02541,2,21,0,3,0,1,0,0,0,0,2,1,6,2,5,-1,-1,-1,6,1
2013160B02551,1,9,0,18,0,1,0,0,0,0,1,1,6,2,7,1598,1,7,7,1
2013160B02551,2,9,0,10,0,1,0,0,7,0,2,1,6,1,8,1560,2,7,2,1
2013160B02561,1,9,0,9,0,6,0,0,0,0,1,1,6,1,9,1870,2,2,6,1
2013160B02561,2,9,0,7,0,8,0,0,0,0,3,1,6,1,8,-1,-1,-1,8,2
2013160B02571,1,9,0,18,0,1,0,0,0,0,1,1,6,1,6,-1,-1,-1,4,1
2013160B02571,2,9,0,18,0,1,0,0,0,0,2,1,6,1,6,1596,1,12,7,1
2013160B02581,1,9,0,9,0,6,0,0,0,0,1,1,6,2,4,1199,1,10,4,3
2013160B02591,1,9,0,18,0,0,0,0,0,0,1,1,6,3,-1,-1,-1,-1,-1,-1
2013160B02601,1,9,0,18,0,0,0,0,1,9,4,1,6,1,6,1198,1,6,7,1
2013160B02611,1,9,0,9,0,5,0,0,0,0,1,1,6,2,5,998,1,3,6,3
2013160B02611,2,9,0,18,0,1,0,0,0,3,1,1,6,1,9,-1,-1,-1,6,1
2013160B02621,1,9,0,13,0,0,5,0,7,4,3,1,6,1,7,1596,1,8,5,1
2013160B02631,1,9,0,17,0,0,5,0,7,11,3,1,6,2,4,1149,1,12,3,2
2013160B02641,1,5,0,9,0,6,1,0,0,0,4,1,1,1,5,599,1,13,3,1
2013160B02651,1,9,0,9,0,1,0,0,0,0,1,1,6,1,6,1596,1,8,5,1
2013160B02651,2,9,0,18,0,1,0,0,1,10,1,1,6,2,6,1870,2,9,6,1
2013160B02661,1,9,0,18,0,0,1,0,1,4,1,1,6,1,6,1769,1,11,4,2
2013160B02671,1,9,0,7,0,6,0,0,0,0,3,1,6,2,8,1598,1,6,5,1
2013160B02671,2,1,0,18,0,8,0,0,0,0,4,1,6,1,4,-1,-1,-1,4,1
2013160B02681,1,9,0,5,0,1,0,0,0,0,1,1,6,1,7,1798,1,9,4,2
2013160B02681,2,9,0,8,0,1,0,0,0,0,2,1,6,2,8,1590,1,12,6,2
2013160B02691,1,9,0,18,0,0,1,7,1,10,1,1,6,1,8,1598,1,11,8,1
2013160B02701,1,9,0,14,0,8,0,0,0,0,3,1,6,1,10,2400,2,5,9,2
2013160B02701,2,1,0,18,0,6,0,0,0,0,1,1,6,1,3,-1,-1,-1,1,1
2013160B02711,1,9,0,9,0,6,0,0,0,0,4,1,6,2,5,1124,1,4,3,1
2013160B02711,2,9,0,18,0,8,0,0,0,0,1,1,6,1,4,1242,1,10,8,2
2013160B02721,1,21,1,18,0,0,0,0,0,0,1,1,1,1,9,12740,2,1,7,2
2013160B02721,2,21,1,4,0,0,0,0,1,10,2,1,1,1,7,10518,2,4,1,1
2013160B02731,1,21,1,18,0,0,0,0,0,0,1,1,1,1,6,12777,2,1,-1,-1
2013160B02731,2,21,1,4,0,0,0,0,0,0,2,2,1,1,8,-1,-1,-1,-1,-1
2013160B02741,1,19,0,2,9,0,0,0,0,0,0,1,6,3,-1,2461,2,12,-1,-1
2013160B02741,2,22,0,18,9,0,0,10,0,0,0,1,6,1,8,-1,-1,-1,3,1
2013160B02751,1,9,0,18,0,0,1,10,1,4,1,1,6,1,4,1242,1,12,3,1
2013160B02751,2,9,0,2,0,0,0,0,0,0,3,1,6,3,-1,2993,2,7,-1,-1
2013160B02761,1,9,0,4,0,2,0,0,0,0,2,1,6,2,5,1242,1,11,4,1
2013160B02761,2,9,0,18,0,2,0,0,0,0,1,1,6,2,4,1796,1,13,6,2
2013160B02771,1,19,0,18,0,1,0,0,0,0,4,1,6,3,-1,-1,-1,-1,-1,-1
2013160B02781,1,9,0,18,0,0,0,0,0,0,1,1,6,1,6,1956,2,-1,6,3
2013160B02791,1,9,0,18,0,0,0,0,0,0,1,1,6,2,6,1360,1,3,-1,-1
2013160B02791,2,9,0,3,0,0,0,0,0,0,2,1,6,1,8,1596,1,1,1,1
2013160B02801,1,19,4,18,0,0,0,0,0,0,0,1,1,1,5,2402,2,11,5,3
2013160B02801,2,9,0,18,0,0,0,0,0,0,1,1,6,1,6,1596,1,11,1,1
2013160B02811,1,9,0,18,0,0,0,0,0,0,1,1,2,2,5,1198,1,3,8,1
2013160B02811,2,9,0,4,0,0,0,0,0,0,2,1,6,1,9,2987,2,7,6,3
2013160B02821,1,9,0,18,0,8,0,0,0,0,1,1,2,2,9,1242,1,14,7,1
2013160B02821,2,1,0,5,0,6,0,0,0,0,1,1,2,2,11,-1,-1,-1,5,1
2013160B02831,1,19,0,13,0,0,1,10,1,0,4,1,1,1,5,1753,2,8,2,1
2013160B02831,2,21,1,18,0,0,0,10,0,0,3,1,1,1,9,-1,-1,-1,3,2
2013160B02841,1,9,0,4,0,0,0,0,0,0,2,1,6,1,8,2204,2,7,5,1
2013160B02841,2,9,0,18,0,0,0,0,0,0,1,1,6,1,4,1199,1,9,6,1
2013160B02851,1,9,0,18,0,8,0,0,0,0,1,1,6,3,-1,1781,1,13,-1,-1
2013160B02851,2,9,0,18,0,6,0,0,0,0,3,1,6,2,6,1598,1,4,6,1
2013160B02861,1,9,0,9,0,5,0,0,0,0,3,1,2,2,6,1124,1,13,1,1
2013160B02861,2,3,0,7,0,6,0,0,0,0,3,1,1,1,5,125,1,5,1,1
2013160B02871,1,9,0,13,0,0,0,0,0,0,4,1,1,1,6,1686,2,2,9,1
2013160B02871,2,1,0,18,0,0,0,0,0,0,3,1,6,1,6,-1,-1,-1,2,1
2013160B02881,1,9,0,4,0,0,0,0,0,0,2,1,6,2,4,1328,1,3,8,1
2013160B02881,2,9,0,18,0,0,0,0,0,0,1,1,6,1,6,2902,2,8,3,1
2013160B02891,1,9,0,18,0,1,0,0,0,0,1,1,6,1,8,1686,2,-1,6,1
2013160B02891,2,9,0,4,0,1,0,0,0,0,2,1,6,2,6,1596,1,6,1,1
2013160B02891,3,9,0,4,0,1,0,0,0,0,2,1,6,2,6,1399,2,3,-1,-1
2013160B02901,1,20,1,5,0,4,0,0,0,0,1,1,6,1,7,11021,2,10,3,2
2013160B02901,2,9,0,3,0,4,0,0,0,0,2,1,6,1,8,1560,2,-1,8,2
2013160B02911,1,21,1,18,0,1,0,0,0,0,1,1,6,1,7,12809,2,-1,4,1
2013160B02911,2,9,0,4,0,1,1,10,1,11,2,1,6,2,7,1910,2,6,5,1
2013160B02911,3,17,5,7,0,5,0,0,0,0,0,1,6,1,10,6788,2,1,5,1
2013160B02921,1,5,0,17,0,2,0,0,1,1,4,1,6,1,7,998,1,6,1,1
2013160B02931,1,2,0,18,0,0,0,0,1,9,4,1,6,2,4,49,1,1,4,1
2013160B02941,1,9,0,18,0,2,0,0,0,0,1,1,6,1,6,1796,1,9,1,1
2013160B02941,2,9,0,18,0,1,0,0,1,9,1,1,6,1,4,1242,1,3,8,3
2013160B02961,1,1,0,18,5,0,0,0,1,7,1,1,6,1,7,-1,-1,-1,4,1
2013160B02971,1,9,0,9,0,6,0,0,0,0,1,1,6,1,10,1399,2,5,7,3
2013160B02971,2,19,0,18,0,8,0,0,0,0,4,1,6,1,9,1896,2,4,2,1
2013160B02981,1,9,0,13,0,1,0,0,0,0,1,1,6,3,5,-1,-1,-1,3,1
2013160B02981,2,1,0,9,0,5,0,0,0,0,2,1,6,1,7,-1,-1,-1,3,3
2013160B02991,1,9,0,7,0,5,0,0,0,0,3,1,6,2,8,4196,1,7,8,2
2013160B02991,2,1,0,18,0,1,0,0,0,0,1,1,6,2,7,-1,-1,-1,6,3
2013160B03001,1,9,0,18,0,1,0,0,0,0,4,1,6,1,4,875,1,-1,3,1
2013160B03001,2,1,0,18,0,1,0,0,0,0,1,1,6,2,3,-1,-1,-1,6,1
2013160B03011,1,9,0,9,0,5,2,0,7,7,2,1,6,1,7,1598,1,11,1,1
2013160B03011,2,9,0,13,0,1,1,0,0,0,1,1,6,1,7,1796,1,2,6,3
2013160B03011,3,9,0,18,0,1,0,0,0,0,0,1,6,1,9,2231,2,1,7,1
2013160B03021,1,9,0,11,0,1,0,0,0,0,2,1,6,1,6,1248,2,6,9,1
2013160B03021,2,1,0,18,0,1,0,0,0,0,1,1,1,1,5,-1,-1,-1,2,1
2013160B03031,1,9,0,18,0,0,0,0,1,4,1,1,6,2,4,1149,1,11,7,3
2013160B03041,1,9,0,18,0,0,0,0,0,0,4,1,6,2,10,1398,1,-1,1,1
2013160B03051,1,21,1,18,0,0,0,0,0,0,1,1,1,1,6,-1,-1,-1,4,1
2013160B03051,2,21,1,2,0,0,0,0,0,0,2,1,1,1,7,10837,2,3,-1,-1
2013160B03061,1,9,0,9,0,6,0,0,0,0,3,1,6,1,9,1999,1,8,8,1
2013160B03071,1,9,0,18,0,0,0,0,7,10,1,1,2,2,4,1199,1,12,5,1
2013160B03081,1,9,0,18,0,8,0,0,0,0,1,1,6,2,4,1328,1,4,8,2
2013160B03081,2,9,0,3,0,8,0,0,0,0,2,1,1,2,4,1598,1,6,9,2
2013160B03081,3,9,0,10,0,8,0,0,0,0,2,1,6,1,6,1968,2,10,6,2
2013160B03091,1,9,0,17,0,0,5,0,7,0,1,1,6,2,9,1997,2,12,6,3
2013160B03101,1,11,0,5,0,6,0,0,0,0,1,1,1,1,8,8268,2,8,1,1
2013160B03101,2,9,0,18,0,8,0,0,0,0,3,1,6,2,10,1124,1,9,9,2
2013160B03111,1,9,0,18,0,0,0,10,1,1,1,1,6,1,8,1598,1,7,5,2
2013160B03111,2,19,0,18,0,0,0,10,1,0,1,1,1,1,8,2464,2,6,1,1
2013160B03121,1,9,0,18,0,0,0,0,0,0,1,1,6,2,8,1149,1,4,8,2
2013160B03121,2,11,0,4,0,0,0,0,0,0,2,1,1,1,6,-1,2,14,7,1
2013160B03131,1,9,0,7,0,5,0,0,0,0,1,1,6,2,8,1149,1,9,3,1
2013160B03131,2,1,0,18,5,8,0,0,0,0,1,1,6,1,9,-1,-1,-1,1,1
2013160B03141,1,9,0,18,0,0,0,0,0,0,3,1,6,1,9,1796,1,12,1,1
2013160B03151,1,9,0,3,0,8,0,0,0,0,2,1,1,1,8,1299,1,7,5,2
2013160B03151,2,9,0,18,0,1,0,0,0,0,1,1,6,1,5,1198,1,6,8,2
2013160B03161,1,9,0,18,0,0,0,0,0,0,3,1,6,2,4,1198,1,10,1,1
2013160B03161,2,9,0,5,0,0,0,0,0,0,1,1,6,1,6,1896,2,10,1,1
2013160B03171,1,8,0,9,0,6,0,0,0,0,3,1,2,1,7,2231,2,6,1,1
2013160B03171,2,1,0,18,0,8,0,0,0,0,1,1,6,1,6,-1,-1,-1,1,1
2013160B03181,1,19,0,17,0,0,0,10,1,2,1,1,1,1,8,1686,2,10,1,1
2013160B03191,1,9,0,18,0,0,0,10,1,7,1,1,6,2,7,1206,1,3,6,2
2013160B03191,2,9,0,18,0,0,0,0,0,0,0,1,6,3,-1,-1,-1,-1,-1,-1
2013160B03201,1,9,0,10,0,8,0,0,0,0,2,1,6,2,6,1242,1,7,1,1
2013160B03201,2,9,0,18,0,1,0,0,0,0,1,1,6,3,-1,-1,-1,-1,-1,-1
2013160B03211,1,9,0,6,0,6,0,0,0,0,3,1,6,2,9,1984,2,-1,8,1
2013160B03211,2,2,0,18,0,8,0,0,0,0,1,1,6,1,4,124,1,12,1,1
2013160B03221,1,9,0,18,6,0,1,0,0,0,3,1,6,1,9,1998,1,9,6,3
2013160B03221,2,19,0,2,6,0,0,0,0,0,3,1,6,3,-1,1998,2,10,-1,-1
2013160B03231,1,9,0,4,0,8,0,0,0,0,1,1,2,2,5,1596,1,12,6,2
2013160B03231,2,9,0,9,0,5,0,0,0,0,4,1,1,1,7,1968,2,2,8,2
2013160B03241,1,9,0,7,0,3,0,10,1,0,1,1,3,2,7,998,1,7,7,1
2013160B03251,1,9,0,18,0,0,0,0,0,0,1,1,6,1,4,1199,1,12,7,1
2013160B03251,2,9,0,5,0,0,0,0,0,0,3,1,6,2,7,1995,2,9,2,1
2013160B03261,1,9,0,18,0,0,0,0,1,0,1,1,1,1,8,1956,2,-1,1,1
2013160B03261,2,19,0,18,0,0,0,0,0,0,1,1,1,1,8,1461,2,10,7,3
2013160B03271,1,19,0,18,0,0,0,0,0,0,1,1,1,1,9,1248,2,7,5,1
2013160B03271,2,1,0,4,0,0,0,0,0,0,2,1,6,1,7,-1,-1,-1,-1,-1
2013160B03281,1,9,0,7,0,6,0,0,0,0,1,1,6,1,11,1242,1,3,7,3
2013160B03281,2,21,0,18,0,8,0,0,0,0,3,1,1,1,7,12777,2,1,5,3
2013160B03291,1,21,1,12,0,0,0,0,0,0,0,1,1,3,-1,-1,-1,-1,-1,-1
2013160B03291,2,9,0,18,0,0,1,0,5,6,4,1,6,2,6,1599,1,8,2,1
2013160B03301,1,9,0,1,0,0,0,0,0,0,2,1,6,3,-1,-1,-1,-1,-1,-1
2013160B03311,1,9,0,17,0,0,5,0,1,9,1,1,6,1,4,-1,-1,-1,2,1
2013160B03321,1,21,0,7,0,5,0,0,0,0,1,1,1,1,6,11946,2,6,3,2
2013160B03321,2,9,0,18,0,8,1,0,1,10,2,1,6,1,4,1998,1,8,6,2
2013160B03331,1,19,0,9,5,1,0,0,0,0,1,1,1,1,8,2198,2,2,6,2
2013160B03331,2,1,0,18,5,8,0,0,0,0,1,1,2,1,5,-1,-1,-1,1,1
2013160B03341,1,9,0,18,0,6,1,10,1,11,1,1,6,1,4,1596,1,11,5,1
2013160B03351,1,9,0,12,0,0,0,0,0,0,0,1,6,3,-1,-1,-1,-1,-1,-1
2013160B03351,2,9,0,18,0,0,0,0,1,7,1,1,6,2,5,1149,1,6,5,2
2013160B03361,1,21,1,5,0,0,0,0,0,0,1,1,6,1,5,-1,-1,-1,-1,-1
2013160B03361,2,9,0,3,0,0,0,0,0,0,2,1,2,1,7,1242,1,7,3,1
2013160B03371,1,9,0,18,0,0,0,0,0,0,4,1,6,2,5,1149,1,12,6,1
2013160B03371,2,19,0,5,0,0,0,0,0,0,1,1,6,1,7,1900,2,11,6,1
2013160B03381,1,19,0,17,0,0,0,0,1,9,1,1,6,1,4,1686,2,11,7,2
2013160B03391,1,9,0,18,0,0,0,0,0,0,1,1,6,2,6,1997,1,11,3,1
2013160B03391,2,9,0,3,0,0,0,0,0,0,2,1,6,1,8,998,1,-1,1,1
2013160B03391,3,9,0,3,0,0,0,0,0,0,2,1,6,2,9,1896,2,11,7,3
2013160B03401,1,9,0,7,0,5,0,0,0,0,4,1,2,1,9,2179,2,5,2,1
2013160B03401,2,1,0,18,0,8,0,0,0,0,1,1,2,1,7,-1,-1,-1,9,1
2013160B03411,1,9,0,18,0,6,0,0,0,0,1,1,6,1,4,1389,1,11,9,2
2013160B03411,2,9,0,18,0,8,0,0,0,0,4,1,6,1,7,2148,2,10,7,3
2013160B03411,3,9,0,18,0,1,0,0,0,0,1,1,6,1,7,1598,1,12,9,2
2013160B03421,1,4,0,16,0,0,0,4,0,0,1,1,6,1,4,449,1,10,7,1
2013160B03421,2,9,0,2,0,0,0,0,0,0,3,1,6,3,-1,1398,1,15,-1,-1
2013160B03431,1,9,0,18,0,1,0,0,0,0,1,1,6,1,8,1598,1,-1,9,2
2013160B03431,2,9,0,3,0,1,0,0,0,0,2,1,6,1,9,1968,2,5,8,1
2013160B03441,1,9,0,9,0,5,0,0,0,0,1,1,6,2,11,1242,1,3,7,1
2013160B03441,2,9,0,18,0,8,0,0,0,0,1,1,6,1,9,1396,1,1,6,3
2013160B03451,1,9,0,15,0,8,0,10,1,11,1,1,6,1,7,599,1,11,2,1
2013160B03451,2,9,0,7,0,5,0,10,1,0,4,1,6,2,7,3189,1,7,7,1
2013160B03461,1,9,0,18,0,0,5,0,1,9,1,1,6,2,5,1124,1,12,9,2
2013160B03471,1,9,0,14,0,1,0,0,0,0,1,1,6,1,9,1968,2,-1,8,2
2013160B03471,2,9,0,2,0,1,0,0,0,0,2,1,6,3,-1,1229,1,8,-1,-1
2013160B03481,1,9,0,7,0,5,0,0,0,0,4,1,1,1,5,-1,-1,-1,5,1
2013160B03481,2,1,0,18,0,8,0,0,0,0,1,1,1,1,8,-1,-1,-1,4,1
2013160B03501,1,9,0,18,0,6,0,0,0,0,1,1,6,1,10,1997,2,7,2,1
2013160B03501,2,21,1,18,0,8,0,0,0,0,4,1,1,1,7,11967,2,3,7,1
2013160B03511,1,21,4,7,0,1,0,0,0,0,4,1,1,1,8,11967,2,4,4,2
2013160B03511,2,9,0,18,0,1,0,10,1,0,3,1,6,1,6,1997,2,10,8,1
2013160B03531,1,19,0,13,0,0,0,0,0,0,4,1,2,1,7,1248,2,5,9,2
2013160B03531,2,1,0,18,0,0,0,0,0,0,3,1,2,2,8,-1,-1,-1,9,2
2013160B03541,1,9,0,18,0,1,0,0,0,0,1,1,6,2,5,1998,2,7,7,2
2013160B03541,2,1,0,7,0,6,0,0,0,0,1,1,6,1,4,-1,-1,-1,3,2
2013160B03561,1,9,0,18,0,0,0,0,1,7,1,1,2,2,5,1398,2,6,6,2
2013160B03571,1,19,0,18,0,8,0,0,0,0,1,1,1,1,7,1248,2,2,1,1
2013160B03571,2,21,0,9,0,6,0,0,0,0,3,1,1,1,7,4461,2,1,2,1
2013160B03581,1,9,0,6,0,2,0,0,0,0,3,1,6,2,6,1910,2,9,8,1
2013160B03581,2,9,0,7,0,2,1,0,0,0,1,1,1,1,7,1584,1,3,1,1
2013160B03591,1,9,0,16,0,0,1,10,1,11,1,1,6,1,4,1242,1,1,9,1
2013160B03601,1,5,0,18,0,0,1,0,0,0,1,1,6,1,7,899,1,13,8,1
2013160B03611,1,2,0,18,0,0,0,0,0,0,1,1,6,1,4,49,1,9,6,3
2013160B03621,1,9,0,9,0,5,0,0,0,0,4,1,6,2,9,1399,2,6,8,1
2013160B03621,2,9,0,18,0,8,0,0,0,0,1,1,6,1,10,1296,1,7,6,3
2013160B03631,1,9,0,7,0,5,0,0,0,0,4,1,6,1,7,1598,1,15,3,1
2013160B03641,1,20,0,18,0,1,0,0,0,0,1,1,1,1,6,3920,2,4,1,1
2013160B03641,2,9,0,3,0,1,0,0,0,0,2,1,6,2,7,1997,2,1,2,1
2013160B03641,3,19,0,10,0,8,0,0,0,0,2,1,1,1,6,2494,2,7,9,2
2013160B03651,1,9,0,1,0,1,0,0,0,0,2,1,6,1,10,1560,2,3,8,1
2013160B03661,1,17,0,9,0,5,0,0,0,0,0,1,1,1,10,-1,-1,-1,4,1
2013160B03661,2,9,0,13,0,1,0,10,1,9,1,1,1,1,8,1988,1,8,7,2
2013160B03671,1,9,5,3,0,8,0,0,0,0,2,1,1,1,5,-1,-1,-1,3,1
2013160B03671,2,9,0,18,0,8,0,0,0,0,1,1,6,2,5,998,1,12,1,1
2013160B03681,1,9,0,7,0,5,0,0,0,0,2,1,6,2,8,1339,1,2,7,3
2013160B03681,2,9,0,18,0,1,0,0,0,0,1,1,6,2,4,1149,1,9,5,1
2013160B03691,1,9,0,9,0,5,0,0,0,0,4,1,6,2,10,1796,1,16,5,3
2013160B03691,2,3,0,18,0,8,0,0,0,0,1,1,6,1,4,124,1,24,2,2
2013160B03701,1,9,0,18,0,1,0,0,0,0,1,1,6,1,8,1396,1,11,1,1
2013160B03701,2,9,0,9,0,5,0,0,0,0,4,1,6,2,10,1124,1,10,9,2
2013160B03721,1,9,0,18,0,0,0,0,0,0,3,1,6,1,10,1686,2,7,1,1
2013160B03721,2,9,0,18,0,0,0,0,0,0,3,1,6,2,7,1995,2,-1,7,2
2013160B03731,1,9,0,18,0,0,0,0,0,0,1,1,6,2,4,998,1,6,4,1
2013160B03731,2,9,0,3,0,0,0,0,0,0,2,1,6,1,10,2498,2,15,8,3
2013160B03751,1,9,0,9,0,6,0,0,0,0,1,1,6,1,6,1199,1,11,8,1
2013160B03751,2,1,0,18,0,1,0,0,0,0,1,1,6,1,3,-1,-1,-1,5,1
2013160B03761,1,9,0,7,0,5,0,0,0,0,3,1,6,2,6,1149,1,9,1,1
2013160B03761,2,9,0,9,0,6,0,0,0,0,4,1,6,1,6,1997,1,11,1,1
2013160B03781,1,9,0,5,0,6,0,0,0,0,4,1,6,1,8,2477,2,11,8,3
2013160B03781,2,9,0,18,0,8,0,0,0,0,1,1,6,1,4,1199,1,12,8,1
2013160B03791,1,19,0,18,0,0,0,0,0,0,1,1,1,1,8,2198,2,2,1,1
2013160B03801,1,3,0,18,0,8,0,10,7,0,1,1,6,1,3,102,1,9,1,1
2013160B03801,2,9,0,18,0,6,0,0,0,0,1,1,6,1,10,1753,2,12,1,1
2013160B03811,1,21,4,16,0,0,0,0,0,0,1,1,1,1,7,11705,2,5,2,1
2013160B03811,2,20,4,17,0,0,3,0,0,0,3,1,1,1,6,8970,2,6,2,1
2013160B03821,1,9,0,18,0,0,0,0,0,0,1,1,6,1,6,1199,1,11,5,2
2013160B03821,2,9,0,18,0,0,0,0,0,0,1,1,1,1,8,-1,-1,-1,1,1
2013160B03841,1,9,0,3,0,1,0,0,0,0,2,1,6,2,8,1198,1,3,7,3
2013160B03841,2,9,0,4,0,1,0,0,0,0,1,1,6,2,7,998,1,7,4,1
2013160B03851,1,1,0,18,0,0,0,0,0,0,2,1,6,1,6,-1,-1,-1,9,2
2013160B03851,2,19,0,18,0,0,0,0,0,0,1,1,6,1,7,2477,2,2,8,3
2013160B03861,1,9,0,5,0,8,0,0,0,0,1,1,6,1,10,1390,1,1,2,1
2013160B03861,2,9,0,18,0,5,0,0,0,0,4,1,6,2,7,1149,1,10,7,1
2013160B03871,1,9,0,5,0,1,0,0,0,0,1,1,6,1,7,-1,3,-1,3,1
2013160B03871,2,9,0,8,0,1,0,0,0,0,2,1,2,2,4,1200,1,10,9,2
2013160B03881,1,9,0,18,0,0,2,10,7,9,1,1,2,2,6,1598,1,13,1,1
2013160B03881,2,9,0,13,0,0,0,0,0,0,0,1,6,3,-1,-1,-1,-1,-1,-1
2013160B03891,1,9,0,3,0,2,0,0,0,0,2,1,6,1,7,1560,2,3,8,1
2013160B03891,2,9,0,3,0,2,0,0,0,0,2,1,6,2,6,1596,1,8,8,3
2013160B03891,3,9,0,18,0,2,0,0,0,0,1,1,6,2,6,1984,2,5,7,1
2013160B03901,1,9,0,7,0,6,0,0,0,0,1,1,6,1,8,1753,2,13,3,1
2013160B03901,2,1,0,18,4,1,0,0,0,0,1,1,6,1,4,-1,-1,-1,8,1
2013160B03911,1,9,0,9,0,5,0,0,7,11,4,1,6,1,11,1991,2,8,6,2
2013160B03911,2,9,0,18,0,1,1,0,0,0,1,1,6,2,8,998,1,11,5,1
2013160B03921,1,4,0,18,0,1,0,0,0,0,1,1,6,1,9,1000,1,4,6,1
2013160B03921,2,9,0,10,0,1,0,0,0,0,2,1,6,1,9,1995,2,9,6,3
2013160B03931,1,9,0,18,0,0,0,10,1,0,1,1,6,1,6,1587,1,8,9,2
2013160B03931,2,9,0,18,0,0,1,10,1,11,2,1,6,2,7,1229,1,3,6,2
2013160B03941,1,9,0,18,0,0,0,0,0,0,4,1,6,1,7,1997,1,13,5,1
2013160B03951,1,9,0,17,0,0,0,0,0,0,0,1,6,3,-1,-1,-1,-1,-1,-1
2013160B03951,2,9,0,16,0,0,0,0,7,10,1,1,6,1,11,1360,1,7,1,1
2013160B03961,1,9,0,18,0,1,1,0,0,0,1,1,6,1,5,1905,2,14,3,2