Accident_Index,Vehicle_Reference,Vehicle_Type,Towing_and_Articulation,Vehicle_Manoeuvre,Vehicle_Location-Restricted_Lane,Junction_Location,Skidding_and_Overturning,Hit_Object_in_Carriageway,Vehicle_Leaving_Carriageway,Hit_Object_off_Carriageway,1st_Point_of_Impact,Was_Vehicle_Left_Hand_Drive?,Journey_Purpose_of_Driver,Sex_of_Driver,Age_Band_of_Driver,Engine_Capacity_(CC),Propulsion_Code,Age_of_Vehicle,Driver_IMD_Decile,Driver_Home_Area_Type
2013160B03961,2,9,0,2,0,1,0,0,0,0,3,1,6,3,-1,1242,1,6,-1,-1
2013160B03971,1,9,0,12,0,0,0,0,0,0,0,1,6,1,7,1598,2,-1,6,2
2013160B03971,2,9,0,18,0,0,0,0,0,0,1,1,2,2,8,1968,2,3,8,1
2013160B03971,3,9,0,18,0,0,0,0,0,0,2,1,2,2,8,1299,1,11,4,1
2013160B03971,4,9,0,18,0,0,0,0,0,0,2,1,2,2,7,1360,1,11,4,1
2013160B03981,1,9,0,4,0,1,0,0,0,0,1,1,2,1,8,1984,1,6,9,2
2013160B03981,2,9,0,4,0,6,0,0,0,0,2,1,2,2,9,1560,2,7,6,3
2013160B03981,3,9,0,18,0,8,2,0,5,6,1,1,2,1,8,1560,2,2,9,2
2013160B03991,1,9,0,7,0,6,0,0,0,0,1,1,1,1,7,2000,2,3,8,1
2013160B03991,2,9,0,7,0,6,0,0,0,0,2,1,6,2,11,1794,1,10,6,3
2013160B04001,1,9,0,18,0,4,0,0,0,0,1,1,6,1,7,1598,1,14,5,3
2013160B04001,2,1,0,18,0,8,0,0,0,0,4,1,2,1,7,-1,-1,-1,7,3
2013160B04011,1,9,0,18,0,1,0,0,0,0,3,1,2,1,6,1199,1,9,2,1
2013160B04011,2,1,0,18,0,6,0,0,0,0,1,1,2,1,6,-1,-1,-1,4,1
2013160B04031,1,9,0,17,0,0,2,0,1,10,1,1,6,1,4,1389,1,11,8,2
2013160B04041,1,9,0,9,0,5,0,0,0,0,1,1,6,1,5,1124,1,15,3,1
2013160B04041,2,1,0,18,0,8,0,0,0,0,3,1,6,1,8,-1,-1,-1,8,1
2013160B04051,1,9,0,9,0,5,0,0,0,0,1,1,2,1,6,1968,2,7,2,1
2013160B04051,2,9,0,18,0,8,1,0,0,0,3,1,2,2,7,4196,1,6,6,3
2013160B04061,1,1,0,18,0,8,0,0,0,0,3,1,6,1,7,-1,-1,-1,3,1
2013160B04061,2,8,0,3,0,1,0,0,0,0,2,1,1,1,6,1910,2,6,1,1
2013160B04071,1,1,0,17,0,0,0,0,1,10,1,1,6,1,8,-1,-1,-1,6,1
2013160B04081,1,19,0,18,0,8,0,0,0,0,1,1,6,1,8,2198,2,5,6,1
2013160B04081,2,9,0,9,0,6,0,0,0,0,4,1,6,1,11,1794,1,13,6,1
2013160B04101,1,9,0,5,0,0,0,0,0,0,1,1,6,1,5,1598,1,16,1,1
2013160B04101,2,9,0,18,0,0,0,0,0,0,4,1,6,2,11,1896,2,5,9,2
2013160B04111,1,9,0,17,0,0,2,0,7,4,2,1,6,2,7,1360,1,5,6,3
2013160B04121,1,9,0,9,0,6,0,0,0,0,3,1,6,1,10,1997,2,8,9,2
2013160B04121,2,9,0,18,0,8,0,0,0,0,1,1,2,1,7,993,1,11,1,1
2013160B04131,1,9,0,18,0,4,1,9,0,0,4,1,6,1,5,1796,1,11,1,1
2013160B04131,2,9,0,18,0,4,1,0,0,0,3,1,6,1,7,2400,2,4,4,2
2013160B04141,1,9,0,16,0,0,1,0,7,4,1,1,6,1,8,2960,1,19,5,2
2013160B04161,1,9,0,18,0,6,0,0,0,0,3,1,2,1,7,1364,1,6,6,3
2013160B04161,2,9,0,18,0,8,0,0,0,0,4,1,6,1,10,1984,1,8,7,2
2013160B04171,1,9,0,4,0,6,0,0,0,0,1,1,6,1,4,1896,2,9,6,3
2013160B04171,2,9,0,5,0,8,0,0,7,11,4,1,6,1,8,1560,2,3,6,3
2013160B04181,1,9,0,18,0,2,0,0,0,0,1,1,6,1,10,2401,2,8,8,3
2013160B04181,2,9,0,2,0,2,0,0,0,0,1,1,6,2,7,1956,2,-1,8,3
2013160B04181,3,9,0,2,0,2,0,0,0,0,1,1,6,1,7,1560,2,2,-1,-1
2013160B04191,1,9,0,18,0,0,5,0,7,10,1,1,2,1,5,1199,1,14,6,2
2013160B04201,1,9,0,18,0,0,0,0,0,0,1,1,6,1,8,1956,2,2,10,1
2013160B04201,2,9,0,3,0,0,0,0,0,0,2,1,6,1,7,1798,1,11,6,1
2013160B04201,3,9,0,3,0,0,0,0,0,0,2,1,6,1,7,1360,1,13,3,1
2013160B04211,1,9,0,18,0,0,0,0,0,0,2,1,2,2,6,1399,2,3,6,1
2013160B04211,2,21,0,18,0,0,0,0,0,0,1,1,6,3,-1,-1,-1,-1,-1,-1
2013160B04221,1,11,0,18,0,1,0,0,0,0,1,1,1,1,8,9600,2,15,1,1
2013160B04231,1,9,0,3,0,0,0,0,0,0,4,1,6,1,8,-1,-1,-1,9,1
2013160B04231,2,17,0,18,0,0,0,0,0,0,1,1,1,1,8,-1,-1,-1,9,2
2013160B04241,1,9,0,18,0,0,0,0,4,6,3,1,6,2,5,1390,1,6,1,1
2013160B04251,1,9,0,18,0,0,0,0,0,0,1,1,6,3,-1,-1,-1,-1,-1,-1
2013160B04251,2,1,0,18,0,0,0,0,0,0,3,1,6,1,5,-1,-1,-1,1,1
2013160B04261,1,9,0,18,0,2,5,0,0,0,1,1,6,2,9,1388,1,1,6,1
2013160B04261,2,9,0,2,0,2,0,0,1,0,2,1,6,2,-1,1598,1,7,-1,-1
2013160B04271,1,2,0,18,0,0,1,0,0,0,1,1,6,1,6,49,1,12,5,1
2013160B04271,2,9,0,4,0,0,0,0,0,0,2,2,6,2,6,2231,2,-1,10,1
2013160B04281,1,9,0,7,0,6,0,0,0,0,1,1,6,1,6,1900,2,14,1,1
2013160B04281,2,9,0,18,0,8,0,0,0,0,4,1,6,2,9,1248,1,3,1,1
2013160B04291,1,9,0,16,0,0,5,0,7,9,1,1,2,2,4,1398,2,11,7,2
2013160B04301,1,9,0,18,0,0,0,0,0,0,1,1,6,3,-1,-1,-1,-1,-1,-1
2013160B04301,2,19,0,3,0,0,0,0,0,0,2,1,1,1,6,1870,2,10,5,1
2013160B04301,3,19,0,3,0,0,0,0,0,0,2,1,1,1,6,1461,2,-1,5,3
2013160B04311,1,9,0,18,0,8,0,0,0,0,4,1,6,1,4,1997,1,9,6,3
2013160B04311,2,8,0,18,0,8,0,0,0,0,1,1,1,1,6,1910,2,8,7,2
2013160B04321,1,19,0,13,0,0,0,0,0,0,4,1,1,1,8,2402,2,2,5,1
2013160B04321,2,1,0,18,0,0,0,0,0,0,3,1,6,1,7,-1,-1,-1,1,1
2013160B04331,1,20,0,18,0,1,0,0,0,0,1,1,2,1,6,-1,-1,-1,6,3
2013160B04331,2,9,0,3,0,1,0,0,0,0,2,1,2,1,9,1685,2,2,5,2
2013160B04341,1,5,0,15,0,8,0,10,1,0,1,1,2,1,5,599,1,14,5,1
2013160B04341,2,9,0,7,0,5,0,0,0,0,4,1,1,1,8,1995,2,2,3,3
2013160B04351,1,19,0,18,0,0,1,10,7,2,1,1,6,1,4,1686,2,11,5,2
2013160B04361,1,9,0,7,0,6,0,0,0,0,1,1,2,2,5,1598,1,10,5,1
2013160B04361,2,9,0,18,0,1,0,0,0,0,1,1,3,2,8,1796,1,6,3,1
2013160B04371,1,9,0,5,0,1,0,0,0,0,2,1,6,2,6,1598,1,1,8,3
2013160B04371,2,9,0,18,0,1,0,0,0,0,1,1,6,2,6,1242,1,3,8,3
2013160B04381,1,8,0,4,0,2,0,0,0,0,2,1,1,1,8,1794,1,11,7,1
2013160B04381,2,9,0,3,0,2,0,0,0,0,2,1,6,2,6,1968,2,7,3,1
2013160B04381,3,9,0,18,0,2,0,0,0,0,1,1,6,1,7,1461,2,4,5,1
2013160B04391,1,2,0,7,0,5,0,0,0,0,2,1,6,1,4,49,1,10,1,1
2013160B04391,2,9,0,7,0,5,0,0,0,0,1,1,6,3,-1,-1,-1,-1,-1,-1
2013160B04401,1,9,0,9,0,6,0,0,0,0,1,1,6,2,11,1396,1,16,8,1
2013160B04401,2,5,0,18,0,8,0,0,0,0,4,1,6,1,4,903,1,2,1,1
2013160B04411,1,1,0,18,0,5,0,10,0,0,1,1,6,1,3,-1,-1,-1,1,1
2013160B04421,1,9,0,18,0,1,0,0,0,0,1,1,6,2,10,2143,2,3,7,2
2013160B04421,2,9,0,3,0,1,0,0,0,0,2,1,6,1,7,1910,2,5,7,2
2013160B04431,1,9,0,18,0,0,2,10,2,1,1,1,2,1,6,1587,1,6,9,1
2013160B04431,2,17,0,18,0,0,0,0,0,0,0,1,1,1,7,4400,2,3,9,2
2013160B04441,1,9,0,9,0,5,0,0,0,0,1,1,6,1,6,1896,2,11,1,1
2013160B04441,2,9,0,18,0,8,0,0,0,0,3,1,6,2,5,998,1,3,6,3
2013160B04451,1,9,0,4,0,4,0,0,0,0,1,1,6,1,7,1598,1,11,7,1
2013160B04451,2,10,0,9,0,8,0,0,0,0,4,1,3,2,7,2463,2,7,7,1
2013160B04461,1,9,0,18,0,0,5,0,1,10,1,1,6,1,9,1242,1,3,7,3
2013160B04461,2,9,0,18,0,0,0,0,0,0,0,1,6,2,6,1896,2,12,-1,2
2013160B04471,1,9,0,18,0,0,0,0,0,0,1,1,6,2,8,1242,1,11,2,1
2013160B04471,2,9,0,18,0,0,0,0,0,0,2,1,6,2,5,998,1,7,2,1
2013160B04471,3,9,0,18,0,0,0,0,0,0,2,1,6,1,6,2521,1,6,2,1
2013160B04481,1,9,0,18,0,6,0,0,0,0,1,1,1,1,8,998,1,7,8,1
2013160B04481,2,9,0,18,0,8,0,0,0,0,3,1,6,2,9,2000,1,6,8,1
2013160B04491,1,9,0,18,0,2,0,0,0,0,1,1,6,1,7,2498,1,14,3,1
2013160B04491,2,19,0,2,0,2,0,0,1,0,2,1,6,1,-1,2198,2,1,-1,-1
2013160B04501,1,9,0,18,0,8,0,0,0,0,1,1,6,3,-1,-1,-1,-1,-1,-1
2013160B04501,2,9,0,18,0,6,1,0,7,9,3,1,6,1,5,1199,1,8,9,3
2013160B04511,1,9,0,9,0,5,0,0,0,0,1,1,6,1,9,2198,2,5,6,1
2013160B04511,2,1,0,8,0,1,0,0,0,0,1,1,6,1,8,-1,-1,-1,8,2
2013160B04521,1,9,0,18,0,0,0,0,8,10,4,1,6,1,5,1587,1,13,8,2
2013160B04531,1,9,0,18,0,0,0,0,1,4,4,1,6,2,4,1600,1,13,2,1
2013160B04541,1,8,0,13,0,0,1,0,8,10,2,1,6,1,7,1896,2,3,1,1
2013160B04541,2,21,0,18,0,0,0,0,0,0,4,1,6,1,8,11021,2,11,5,1
2013160B04551,1,9,0,18,0,0,0,0,0,0,1,1,6,2,7,1398,2,9,8,1
2013160B04551,2,9,0,4,0,0,0,0,0,0,2,1,6,1,8,1896,2,9,1,1
2013160B04551,3,9,0,4,0,0,0,0,0,0,2,1,6,1,6,1339,1,7,3,1
2013160B04551,4,9,0,4,0,0,0,0,0,0,2,1,6,1,6,1598,1,11,8,2
2013160B04561,1,9,0,9,0,5,0,0,0,0,1,1,2,1,9,2179,2,1,6,2
2013160B04561,2,19,0,18,0,8,1,0,1,10,1,1,1,1,9,2143,2,1,3,1
2013160B04571,1,9,0,18,0,0,0,0,0,0,1,1,2,2,7,1598,1,8,1,1
2013160B04571,2,9,0,10,0,0,0,0,0,0,2,1,2,2,8,973,1,14,3,1
2013160B04581,1,19,0,18,0,0,5,0,7,9,1,1,1,1,9,-1,-1,-1,8,2
2013160B04591,1,9,0,18,0,8,0,0,0,0,1,1,6,3,-1,-1,-1,-1,-1,-1
2013160B04591,2,9,0,10,0,5,0,0,0,0,1,1,6,1,9,1242,1,9,3,1
2013160B04601,1,9,0,13,0,0,0,0,5,6,3,1,6,1,9,1560,2,-1,1,1
2013160B04601,2,9,0,18,0,0,0,0,0,0,3,1,6,2,6,1199,1,15,5,1
2013160B04611,1,9,0,17,0,0,1,0,2,11,1,1,6,1,4,1229,1,2,9,2
2013160B04621,1,9,0,18,0,1,0,0,0,0,4,1,6,3,-1,-1,-1,-1,-1,-1
2013160B04621,2,1,0,18,0,1,0,0,0,0,3,1,6,1,6,-1,-1,-1,3,1
2013160B04631,1,9,0,18,0,1,0,0,0,0,1,1,6,1,6,1598,1,5,7,3
2013160B04631,2,9,0,18,0,1,0,0,0,0,2,1,6,1,8,1499,2,-1,7,3
2013160B04641,1,4,0,9,0,8,0,0,0,0,0,1,2,1,5,125,1,4,8,1
2013160B04651,1,9,0,9,0,6,0,0,0,4,3,1,6,2,11,1299,1,15,8,1
2013160B04671,1,9,0,18,0,8,0,0,0,0,1,1,6,2,5,1198,1,6,3,2
2013160B04671,2,9,0,18,0,1,0,0,0,0,0,1,6,2,7,1299,1,12,9,1
2013160B04681,1,9,0,18,0,0,0,0,8,10,3,1,6,1,7,1598,1,13,5,1
2013160B04691,1,9,0,9,0,8,0,0,0,0,1,1,6,2,4,1299,1,9,9,2
2013160B04691,2,3,0,18,0,8,0,0,0,0,1,1,6,1,4,124,1,16,6,3
2013160B04701,1,19,0,18,0,0,0,0,0,0,1,1,1,1,6,1998,2,7,8,1
2013160B04701,2,3,0,18,0,0,0,0,0,0,1,1,6,1,5,125,1,3,9,2
2013160B04711,1,19,0,18,0,0,0,6,0,0,1,1,1,1,6,2686,2,12,7,3
2013160B04711,2,21,1,18,0,0,0,0,0,0,1,1,1,1,9,-1,-1,-1,4,1
2013160B04721,1,9,0,18,0,8,0,0,0,0,1,1,6,1,9,1582,2,-1,6,2
2013160B04721,2,9,0,18,0,8,0,0,0,0,1,1,6,1,7,1951,2,9,6,3
2013160B04731,1,19,0,18,0,0,0,0,5,6,3,1,2,1,8,1997,2,9,3,1
2013160B04741,1,9,0,17,0,0,1,0,7,4,1,1,6,2,4,998,1,10,8,3
2013160B04751,1,9,0,16,0,0,0,0,7,10,1,1,6,2,4,973,1,12,7,2
2013160B04761,1,9,0,18,0,1,0,0,0,0,1,1,6,2,5,973,1,13,7,3
2013160B04771,1,9,0,18,0,1,0,0,0,0,1,1,6,1,5,1149,1,10,5,1
2013160B04771,2,9,0,4,0,1,0,0,0,0,2,1,6,1,8,1997,2,2,5,1
2013160B04781,1,9,0,18,0,0,2,0,8,10,1,1,6,1,7,1769,1,12,2,1
2013160B04791,1,9,0,9,0,6,0,0,0,0,1,1,2,1,6,1598,1,12,4,1
2013160B04791,2,1,0,18,0,8,0,0,0,0,1,1,6,1,7,-1,-1,-1,7,1
2013160B04801,1,9,0,18,0,0,0,0,2,4,1,1,6,2,4,998,1,11,5,2
2013160B04821,1,9,0,18,0,0,0,0,0,0,1,1,6,1,5,1598,1,10,1,1
2013160B04831,1,1,0,18,9,8,0,0,0,0,1,1,6,1,7,-1,-1,-1,2,1
2013160B04831,2,9,0,7,9,5,0,0,0,0,4,1,6,1,10,1339,1,5,1,1
2013160B04841,1,9,0,9,0,5,0,0,0,0,4,1,6,1,6,998,1,9,-1,-1
2013160B04841,2,1,0,18,0,8,0,0,0,0,1,1,6,1,8,-1,-1,-1,6,1
2013160B04851,1,9,0,18,0,0,2,0,1,10,4,1,6,2,5,1242,1,5,8,1
2013160B04861,1,21,1,18,0,0,3,0,1,9,1,1,1,1,7,12777,2,7,3,3
2013160B04871,1,9,0,9,0,6,0,0,0,0,1,1,6,1,8,1910,2,6,10,3
2013160B04871,2,9,0,18,0,8,0,0,0,0,1,1,6,2,7,1198,1,-1,2,2
2013160B04881,1,9,0,17,0,0,2,0,7,4,1,1,6,1,8,1995,2,11,9,2
2013160B04891,1,9,0,16,0,0,1,0,1,9,1,1,6,2,6,1360,1,7,8,1
2013160B04901,1,9,0,5,0,6,0,0,0,0,1,1,6,1,6,2993,2,-1,1,1
2013160B04901,2,8,0,18,0,8,0,0,0,0,4,1,1,1,6,1995,2,9,1,1
2013160B04911,1,9,0,16,0,0,2,0,1,10,1,1,6,1,5,2967,1,8,9,2
2013160B04931,1,9,0,18,0,0,0,0,5,6,1,1,6,1,9,1998,1,9,-1,1
2013160B04941,1,9,0,17,0,0,2,12,1,9,2,1,2,1,9,-1,-1,-1,6,3
2013160B04951,1,5,0,18,0,1,0,0,0,0,0,1,6,1,8,1137,1,15,6,1
2013160B04951,2,9,0,9,0,5,0,0,0,0,0,1,6,3,-1,-1,-1,-1,-1,-1
2013160B04961,1,9,0,5,0,0,0,0,0,0,1,1,6,2,7,1598,1,13,1,1
2013160B04961,2,3,0,18,0,0,0,0,0,0,1,1,6,1,5,124,1,24,4,1
2013160B04971,1,9,0,17,0,0,2,0,7,9,1,1,6,2,8,1679,1,12,8,2
2013160B04981,1,9,0,4,0,1,0,0,0,0,1,1,6,2,8,1368,1,5,3,1
2013160B04981,2,9,0,3,0,1,0,0,0,0,2,1,6,1,9,1796,1,11,3,2
2013160B04991,1,9,0,16,0,0,2,0,7,9,1,1,6,2,7,1995,1,14,7,1
2013160B05001,1,19,0,4,0,0,0,0,0,0,1,1,6,2,8,-1,-1,-1,8,2
2013160B05001,2,19,0,3,0,0,0,0,0,0,2,1,1,1,8,1399,2,7,8,3
2013160B05001,3,9,0,3,0,0,0,0,0,0,2,1,6,1,10,-1,-1,-1,7,2
2013160B05001,4,9,0,18,0,0,0,0,0,0,3,1,2,1,6,2143,2,1,-1,1
2013160B05011,1,2,0,7,0,8,1,0,0,0,4,1,2,1,4,49,1,12,8,2
2013160B05021,1,21,1,18,0,0,0,0,0,0,1,1,6,1,8,12777,2,2,2,1
2013160B05021,2,19,0,2,0,0,0,0,0,0,2,1,6,1,6,2500,2,6,-1,-1
2013160B05021,3,21,1,2,0,0,0,0,0,0,3,1,6,1,8,12777,2,1,3,1
2013160B05031,1,9,0,13,0,8,0,0,0,0,4,1,6,2,8,1198,1,11,6,2
2013160B05031,2,1,0,17,0,5,0,0,0,0,3,1,6,1,7,-1,-1,-1,7,2
2013160B05041,1,9,0,16,0,0,2,0,7,9,1,1,6,1,10,1994,2,14,5,3
2013160B05051,1,9,0,16,0,0,0,0,0,0,1,1,2,2,8,1995,2,3,10,2
2013160B05051,2,9,0,4,0,0,0,0,0,0,2,1,2,2,6,1896,2,6,5,2
2013160B05071,1,9,0,18,0,2,0,0,0,0,2,1,6,2,5,1242,1,7,1,1
2013160B05071,2,9,0,18,0,2,0,0,0,0,1,1,6,1,5,1910,2,6,3,3
2013160B05081,1,9,0,18,0,0,0,0,0,0,3,1,6,2,6,1598,1,-1,9,2
2013160B05081,2,9,0,14,0,0,1,0,0,0,3,1,6,1,5,1242,1,10,5,3
2013160B05091,1,9,0,9,0,5,0,0,0,0,1,1,6,1,8,1900,2,16,1,1
2013160B05091,2,9,0,18,0,8,0,0,0,0,1,1,6,2,6,973,1,12,2,1
2013160B05091,3,9,0,2,0,1,0,0,0,0,4,1,6,3,-1,2996,2,14,-1,-1
2013160B05101,1,11,0,18,0,2,0,0,0,0,1,1,1,1,7,7300,2,3,9,1
2013160B05121,1,9,0,13,0,1,0,0,0,0,0,1,6,3,-1,-1,-1,-1,-1,-1
2013160B05121,2,1,0,18,0,1,0,0,0,0,0,1,2,1,8,-1,-1,-1,2,1
2013160B05131,1,9,0,3,0,0,0,0,0,0,1,1,1,1,8,-1,-1,-1,6,3
2013160B05131,2,9,0,17,0,0,1,0,0,0,1,1,6,1,6,1598,1,13,6,2
2013160B05141,1,9,0,18,0,8,0,0,0,0,1,1,6,1,6,1998,1,10,7,1
2013160B05141,2,8,0,18,0,6,0,0,0,0,4,1,1,1,7,1796,1,-1,10,2
2013160B05151,1,9,0,4,0,1,0,0,0,0,2,1,2,2,8,1499,2,-1,3,1
2013160B05151,2,9,0,4,0,1,0,0,0,0,2,1,6,2,-1,1956,2,1,-1,-1
2013160B05151,3,9,0,18,0,1,0,0,0,0,1,1,6,2,7,3200,2,9,7,3
2013160B05161,1,9,0,18,0,3,0,0,0,0,1,1,6,2,9,1390,1,3,6,2
2013160B05161,2,21,1,9,0,4,0,0,0,0,3,2,1,1,6,-1,-1,-1,-1,-1
2013160B05171,1,9,0,5,0,4,0,0,0,0,1,1,6,2,6,1364,1,8,3,1
2013160B05171,2,9,0,9,0,8,0,0,0,0,4,1,6,2,4,1896,2,9,9,1
2013160B05181,1,9,0,7,0,5,0,0,0,0,1,1,6,1,7,1598,1,15,3,1
2013160B05191,1,1,0,9,9,5,0,0,0,0,1,1,6,1,5,-1,-1,-1,3,2
2013160B05191,2,9,0,8,0,1,0,0,0,0,4,1,6,1,8,2198,2,8,4,3
2013160B05201,1,9,0,9,0,5,0,0,0,0,1,1,6,1,6,1405,1,9,6,1
2013160B05211,1,9,0,1,9,0,0,10,0,0,2,1,6,2,8,1997,2,1,8,2
2013160B05221,1,9,0,9,0,5,0,0,0,0,4,1,6,1,6,1527,2,11,2,1
2013160B05221,2,9,0,18,0,8,0,0,0,0,1,1,6,2,6,1242,1,11,1,1
2013160B05221,3,9,0,3,0,1,0,0,0,0,1,1,6,2,5,1910,2,6,9,1
2013160B05231,1,9,0,16,0,0,2,0,7,9,1,1,6,1,11,1398,1,7,9,2
2013160B05241,1,9,0,2,0,0,0,0,0,0,2,1,6,3,-1,2000,1,4,-1,-1
2013160B05241,2,1,0,18,0,0,1,4,0,0,1,1,6,1,7,-1,-1,-1,8,1
2013160B05261,1,9,0,9,0,8,0,0,0,0,4,1,1,2,5,1328,1,5,5,1
2013160B05261,2,19,0,5,0,4,0,0,0,0,3,1,6,1,8,2402,2,6,7,3
2013160B05271,1,17,4,18,0,0,0,0,0,0,2,1,1,1,4,-1,2,20,6,1
2013160B05271,2,9,0,18,0,0,0,0,0,0,1,1,6,1,10,1910,2,6,5,2
2013160B05281,1,9,0,17,0,0,2,10,1,9,1,1,6,1,10,3222,2,8,4,3
2013160B05291,1,19,0,4,0,1,0,0,0,0,4,1,2,1,6,1248,2,2,6,1
2013160B05291,2,1,0,18,9,6,0,0,0,0,1,1,6,1,5,-1,-1,-1,1,1
2013160B05301,1,9,0,1,0,6,0,0,0,0,4,1,6,1,7,1997,1,14,7,1
2013160B05301,2,9,0,1,0,1,0,0,0,0,2,1,6,3,-1,-1,-1,-1,-1,-1
2013160B05311,1,21,1,18,0,0,2,0,1,0,4,1,6,1,9,11946,2,6,1,1
2013160B05321,1,9,0,18,0,0,5,0,7,11,1,1,6,2,6,1299,1,11,9,3
2013160B05331,1,9,0,18,0,0,1,0,0,0,1,1,6,3,-1,1598,1,12,-1,-1
2013160B05331,2,9,0,3,0,0,0,0,0,0,2,1,6,2,8,1598,1,15,6,1
2013160B05341,1,4,0,4,0,1,0,0,0,0,1,1,6,1,4,125,1,3,2,1
2013160B05341,2,9,0,3,0,1,0,0,0,0,2,1,6,1,4,-1,-1,-1,8,1
2013160B05351,1,9,0,9,0,6,0,0,0,0,1,1,6,2,8,1299,1,12,5,2
2013160B05351,2,9,0,18,0,8,0,0,0,0,4,1,6,2,8,3956,1,11,7,3
2013160B05361,1,9,0,18,0,8,0,0,0,0,1,1,6,1,8,2354,1,9,4,1
2013160B05361,2,9,0,9,0,5,0,0,0,0,1,1,6,1,7,1598,1,13,7,3
2013160B05371,1,90,0,18,0,1,0,0,0,0,1,1,1,1,8,-1,-1,-1,3,1
2013160B05371,2,9,0,3,0,1,0,0,0,0,2,1,6,2,5,1199,1,9,8,1
2013160B05381,1,9,0,18,0,1,0,0,0,0,1,1,2,2,5,1598,2,4,8,1
2013160B05381,2,9,0,7,0,5,0,0,0,0,1,1,6,1,7,1389,1,13,3,1
2013160B05391,1,9,0,7,0,5,0,0,0,0,1,1,6,1,7,1587,1,9,6,1
2013160B05391,2,9,0,18,0,8,0,0,0,0,3,1,6,1,5,1596,1,11,4,1
2013160B05401,1,9,0,18,0,0,2,0,1,10,1,1,6,2,4,1242,1,8,6,2
2013160B05411,1,9,0,6,0,0,0,0,0,0,3,1,6,2,9,1992,2,7,-1,-1
2013160B05411,2,2,0,18,0,0,0,0,0,0,1,1,6,1,4,49,1,9,6,3
2013160B05421,1,9,0,6,0,8,0,0,0,0,3,1,6,1,10,-1,-1,-1,1,1
2013160B05421,2,9,0,18,0,8,0,0,0,0,1,1,6,1,6,1598,1,7,1,1
2013160B05431,1,9,0,9,0,5,0,0,0,0,3,1,6,2,5,1149,1,9,6,1
2013160B05431,2,9,0,18,0,8,0,0,0,0,1,1,6,1,9,4282,1,5,5,3
2013160B05441,1,9,0,18,0,0,0,0,1,9,1,1,6,2,6,1242,1,10,7,1
2013160B05451,1,9,0,18,0,0,0,12,1,3,1,1,6,1,5,1242,1,15,6,2
2013160B05471,1,9,0,5,0,4,0,0,0,0,1,1,6,2,7,1360,1,12,5,2
2013160B05471,2,9,0,9,0,8,0,0,0,0,4,1,6,1,8,1895,1,13,4,3
2013160B05481,1,9,0,5,0,4,0,0,0,0,1,1,6,1,4,-1,-1,-1,9,2
2013160B05481,2,9,0,5,0,4,0,0,0,0,2,1,6,3,-1,-1,-1,-1,-1,-1
2013160B05491,1,9,0,17,0,0,0,0,1,1,1,1,6,1,6,1995,1,11,4,3
2013160C00011,1,9,0,18,0,2,1,4,0,0,1,1,6,2,4,1299,1,11,8,1
2013160C00011,2,9,0,2,0,2,0,0,0,0,3,1,6,3,-1,1951,2,8,-1,-1
2013160C00021,1,20,0,18,0,0,1,0,7,10,1,1,1,1,6,-1,-1,-1,10,3
2013160C00021,2,9,0,18,0,0,0,0,1,10,1,1,6,2,10,1298,1,5,5,3
2013160C00031,1,1,0,18,5,2,0,10,0,0,4,1,6,2,7,-1,-1,-1,8,1
2013160C00041,1,9,0,1,0,5,0,0,0,0,2,1,6,1,11,1598,1,9,8,2
2013160C00051,1,9,0,11,0,2,1,0,0,0,1,1,6,2,6,1587,1,15,8,3
2013160C00051,2,9,0,18,0,2,5,0,0,0,4,1,6,2,6,1398,2,8,7,1
2013160C00061,1,9,0,18,0,0,0,0,1,9,3,1,6,1,4,1596,1,8,10,1
2013160C00061,2,9,0,18,0,0,0,0,1,11,3,1,6,1,8,1995,1,7,10,2
2013160C00071,1,9,0,9,0,5,0,0,0,0,1,1,6,2,11,1796,1,3,10,1
2013160C00071,2,1,0,10,0,1,0,0,0,0,1,1,2,2,6,-1,-1,-1,9,1
2013160C00081,1,8,0,7,0,6,0,0,0,0,1,1,1,1,8,1896,2,8,1,1
2013160C00081,2,1,0,18,0,8,0,0,0,0,1,1,6,1,6,-1,-1,-1,4,1
2013160C00091,1,9,0,17,0,0,0,0,1,9,1,1,6,1,10,1560,2,1,2,2
2013160C00111,1,9,0,17,0,0,2,10,7,2,1,1,6,1,4,1199,1,12,5,1
2013160C00121,1,3,0,18,0,3,0,0,2,7,1,1,6,1,4,125,1,11,7,1
2013160C00131,1,9,0,9,0,4,0,0,0,0,1,1,2,1,6,1248,2,6,7,1
2013160C00131,2,1,0,18,4,8,0,0,0,0,4,1,2,1,8,-1,-1,-1,6,1
2013160C00141,1,9,0,16,0,0,1,0,7,11,1,1,6,2,9,1560,2,3,7,1
2013160C00151,1,19,0,9,0,5,0,0,0,0,4,1,2,1,7,1998,2,10,8,2
2013160C00151,2,5,0,18,0,1,0,0,1,10,1,1,2,1,8,599,1,12,1,1
2013160C00161,1,9,0,18,0,1,1,0,0,0,1,1,6,2,7,1461,2,6,3,1
2013160C00161,2,9,0,10,0,1,0,0,0,0,2,1,6,1,5,2204,2,7,2,1
2013160C00171,1,9,0,7,0,6,1,0,0,0,1,1,2,1,8,1997,2,2,2,1
2013160C00171,2,9,0,18,0,1,0,0,0,0,1,1,2,2,6,1242,1,7,7,1
2013160C00181,1,9,0,16,0,0,1,0,0,0,1,1,6,1,8,2184,2,10,7,3
2013160C00181,2,9,0,17,0,0,1,0,0,0,1,1,6,2,7,2497,2,7,7,3
2013160C00191,1,9,0,13,0,0,0,0,1,4,1,1,2,1,6,1149,1,5,1,1