Accident_Index,Vehicle_Reference,Vehicle_Type,Towing_and_Articulation,Vehicle_Manoeuvre,Vehicle_Location-Restricted_Lane,Junction_Location,Skidding_and_Overturning,Hit_Object_in_Carriageway,Vehicle_Leaving_Carriageway,Hit_Object_off_Carriageway,1st_Point_of_Impact,Was_Vehicle_Left_Hand_Drive?,Journey_Purpose_of_Driver,Sex_of_Driver,Age_Band_of_Driver,Engine_Capacity_(CC),Propulsion_Code,Age_of_Vehicle,Driver_IMD_Decile,Driver_Home_Area_Type
2013160C00201,1,9,0,4,0,0,0,0,0,0,1,1,6,2,8,1399,2,2,10,1
2013160C00201,2,9,0,3,0,0,0,0,0,0,2,1,6,2,7,1595,1,5,8,1
2013160C00211,1,9,0,7,0,6,0,0,0,0,1,1,6,1,7,1396,1,11,4,1
2013160C00211,2,2,0,18,0,8,0,0,0,0,4,1,6,1,8,49,1,2,5,1
2013160C00221,1,9,0,18,0,0,2,0,1,10,4,1,6,2,7,1798,1,6,5,3
2013160C00241,1,19,0,18,0,0,2,0,1,10,3,1,6,1,8,2402,2,8,1,1
2013160C00251,1,9,0,18,0,0,1,0,5,6,1,1,6,2,8,1900,2,11,5,1
2013160C00261,1,9,0,9,0,5,0,0,0,0,1,1,6,1,7,2000,2,4,2,1
2013160C00271,1,9,0,18,0,1,0,0,0,0,1,1,6,1,9,1998,1,4,10,1
2013160C00281,1,9,0,4,0,0,0,0,0,0,2,1,2,2,5,1598,1,1,7,3
2013160C00281,2,9,0,4,0,0,0,0,0,0,1,1,2,2,6,-1,-1,-1,7,3
2013160C00291,1,9,0,4,0,0,0,0,0,0,1,1,6,1,7,1998,2,12,2,1
2013160C00291,2,9,0,4,0,0,0,0,0,0,2,1,6,1,6,1998,2,11,6,3
2013160C00291,3,9,0,4,0,0,0,0,0,0,2,1,6,1,9,1582,2,5,3,3
2013160C00301,1,9,0,18,0,0,0,0,0,0,1,1,6,2,9,1199,1,13,7,3
2013160C00301,2,9,0,2,0,0,0,0,0,0,0,1,6,1,7,1796,1,13,1,1
2013160C00311,1,9,0,17,0,2,2,0,1,10,1,1,2,2,8,1870,2,9,3,3
2013160C00321,1,9,0,17,0,0,1,0,1,4,1,1,1,2,9,995,1,5,4,2
2013160C00341,1,11,0,18,0,1,0,0,7,4,1,1,1,1,9,8268,2,11,7,2
2013160C00341,2,9,0,18,0,2,0,0,0,0,1,1,1,1,10,1364,1,7,7,2
2013160C00341,3,9,0,18,0,2,0,0,0,0,1,1,6,1,8,2495,2,12,4,1
2013160C00351,1,9,0,17,0,0,2,0,7,9,1,1,3,2,7,1598,1,9,2,2
2013160C00361,1,9,0,18,0,0,0,0,0,0,1,1,6,1,11,1298,1,13,7,3
2013160C00361,2,9,0,18,0,0,0,0,0,0,2,1,6,1,11,1388,1,6,9,3
2013160C00361,3,9,0,18,0,0,0,0,0,0,3,1,6,1,6,1998,1,18,4,1
2013160C00361,4,9,0,18,0,0,0,0,0,0,3,1,6,1,8,1461,2,1,9,2
2013160C00371,1,9,0,18,0,0,0,0,1,0,1,1,6,1,8,1910,2,6,3,2
2013160C00381,1,21,1,18,0,0,0,0,0,0,3,1,1,1,6,12900,2,4,10,1
2013160C00381,2,9,0,18,0,0,0,0,0,0,3,1,6,1,9,1242,1,2,7,1
2013160C00381,3,9,0,18,0,0,0,0,0,0,1,1,6,1,-1,1242,1,7,10,1
2013160C00391,1,9,0,9,0,5,0,0,7,10,2,1,6,2,9,1199,1,12,7,2
2013160C00391,2,9,0,13,0,1,0,0,0,0,1,1,6,1,4,1390,1,10,7,2
2013160C00401,1,9,0,9,0,6,0,0,0,0,1,1,6,2,9,1390,1,7,10,1
2013160C00411,1,9,0,2,0,0,0,0,0,0,3,1,6,2,6,-1,-1,-1,7,1
2013160C00411,2,1,0,14,0,0,0,8,0,0,1,1,2,2,7,-1,-1,-1,7,1
2013160C00421,1,9,0,16,0,0,1,0,7,4,2,1,6,1,5,1598,1,11,3,1
2013160C00431,1,9,0,17,0,0,0,0,1,7,1,1,6,2,5,1596,1,12,1,1
2013160C00441,1,9,0,18,0,6,0,0,0,0,3,1,6,1,11,1769,1,11,10,2
2013160C00441,2,1,0,18,0,8,0,0,0,0,1,1,6,1,6,-1,-1,-1,1,1
2013160C00451,1,9,0,18,0,0,2,0,7,0,3,1,6,1,4,1124,1,11,10,2
2013160C00461,1,2,0,18,0,0,1,0,0,0,4,1,4,1,4,49,1,9,10,1
2013160C00471,1,9,0,18,0,8,5,0,1,9,3,1,6,1,7,1998,2,6,7,3
2013160C00471,2,9,0,9,0,5,0,0,0,0,1,1,6,1,6,1968,2,3,6,1
2013160C00481,1,9,0,18,0,0,0,0,0,0,2,1,6,1,5,1598,1,16,9,3
2013160C00481,2,9,0,18,0,0,0,0,0,0,1,1,6,1,8,1686,2,13,1,1
2013160C00491,1,9,0,18,0,0,1,0,5,6,1,1,6,1,4,1242,1,7,8,2
2013160C00501,1,19,0,18,0,6,0,0,0,0,1,1,6,1,8,2402,2,9,9,1
2013160C00501,2,9,0,18,0,8,5,0,1,10,3,1,6,1,10,2179,2,2,7,3
2013160C00511,1,9,0,18,0,0,1,0,0,0,1,1,2,2,5,1598,1,6,8,2
2013160C00511,2,9,0,4,0,0,0,0,0,0,2,1,2,2,7,1995,2,1,10,2
2013160C00521,1,9,0,18,0,0,5,10,1,10,4,1,1,2,6,1124,1,11,1,1
2013160C00531,1,9,0,16,0,0,2,0,7,4,4,1,6,2,5,1598,1,14,5,3
2013160C00531,2,9,0,17,0,0,0,0,0,0,1,1,1,1,7,1896,2,10,7,3
2013160C00541,1,9,0,9,0,6,0,0,0,0,3,1,2,2,9,2993,2,-1,9,1
2013160C00541,2,9,0,18,0,8,0,0,0,0,1,1,3,2,8,1997,2,6,7,2
2013160C00551,1,9,0,18,0,2,0,0,0,0,1,1,6,2,6,1149,1,6,10,3
2013160C00551,2,9,0,2,0,1,0,0,0,0,1,1,6,3,-1,2993,2,1,-1,-1
2013160C00561,1,9,0,7,0,6,1,0,7,9,4,1,6,2,4,998,1,4,8,3
2013160C00571,1,9,0,4,0,0,0,0,0,0,3,1,6,2,7,1124,1,3,8,2
2013160C00571,2,9,0,13,0,0,0,0,0,0,4,1,6,3,-1,-1,-1,-1,-1,-1
2013160C00581,1,9,0,17,0,1,0,0,0,0,1,1,6,1,9,1995,2,-1,5,2
2013160C00581,2,9,0,18,0,6,1,0,0,0,3,1,6,2,7,-1,-1,-1,3,3
2013160C00591,1,21,1,18,0,0,5,0,1,7,4,1,1,1,8,11967,2,5,2,1
2013160C00601,1,9,0,17,0,0,1,0,1,10,4,1,6,1,7,1229,1,8,2,1
2013160C00601,2,9,0,16,0,0,0,0,1,10,1,1,6,1,8,-1,-1,-1,7,2
2013160C00611,1,9,0,17,0,2,1,10,1,11,1,1,2,2,6,1242,1,6,7,3
2013160C00621,1,5,0,9,0,8,0,0,0,0,2,1,6,1,5,599,1,17,10,2
2013160C00621,2,9,0,18,0,4,0,0,0,0,1,1,6,1,8,1956,2,2,7,1
2013160C00631,1,9,0,17,0,0,2,0,1,0,1,1,6,2,4,1149,1,12,8,2
2013160C00641,1,9,0,18,0,1,1,0,0,0,1,1,2,1,4,1598,1,9,9,1
2013160C00641,2,9,0,3,0,1,0,0,0,0,2,1,6,1,9,1968,2,6,10,1
2013160C00641,3,9,0,18,0,1,1,0,0,0,1,1,6,3,-1,-1,-1,-1,-1,-1
2013160C00651,1,9,0,6,0,0,0,0,0,0,3,1,6,1,8,1997,2,12,5,1
2013160C00651,2,1,0,14,0,0,1,0,0,0,1,1,2,1,6,-1,-1,-1,2,1
2013160C00661,1,9,0,1,0,0,0,10,0,2,1,1,6,1,11,1596,1,4,7,2
2013160C00661,2,9,0,2,0,0,0,0,0,0,3,1,6,3,-1,1582,2,3,-1,-1
2013160C00671,1,3,0,18,0,0,1,12,0,0,4,1,2,2,7,108,1,4,4,1
2013160C00681,1,9,0,9,0,5,0,0,0,0,2,1,3,2,6,2597,1,12,4,1
2013160C00681,2,1,0,18,0,6,0,0,0,0,1,1,6,1,11,-1,-1,-1,8,1
2013160C00691,1,9,0,9,0,5,1,0,0,0,4,1,6,1,6,1598,1,5,9,2
2013160C00691,2,9,0,18,0,8,0,0,0,0,1,1,6,2,6,1896,2,5,9,2
2013160C00721,1,11,0,3,0,2,0,0,0,0,0,1,1,1,9,9360,2,4,9,3
2013160C00731,1,9,0,7,0,6,0,0,0,0,3,1,6,2,10,1390,1,3,1,1
2013160C00731,2,1,0,18,0,8,0,0,0,0,1,1,6,1,6,-1,-1,-1,10,1
2013160C00741,1,9,0,18,0,0,2,0,7,10,1,1,6,1,9,-1,-1,-1,7,3
2013160C00751,1,21,4,18,0,0,0,0,1,3,1,1,1,1,6,12777,2,4,5,3
2013160C00761,1,9,0,18,0,2,1,10,7,11,1,1,6,1,4,1587,1,12,1,1
2013160C00771,1,9,0,18,0,0,0,0,0,0,2,1,6,2,10,1968,2,3,10,1
2013160C00771,2,1,0,18,0,0,0,0,0,0,1,1,4,2,2,-1,-1,-1,7,1
2013160C00781,1,9,0,18,0,0,1,0,1,0,3,1,6,1,5,1389,1,12,1,1
2013160C00781,2,9,0,18,0,0,0,0,0,0,3,1,6,1,10,1997,2,12,7,1
2013160C00781,3,9,0,18,0,0,0,0,0,0,3,1,6,1,8,3189,1,9,7,1
2013160C00791,1,9,0,13,0,0,1,0,1,7,4,1,6,2,6,1560,2,7,8,1
2013160C00791,2,9,0,13,0,0,0,0,0,0,3,1,6,2,4,1686,2,9,4,1
2013160C00791,3,21,0,18,0,0,0,0,0,0,0,1,1,1,7,9200,2,9,6,1
2013160C00801,1,9,0,18,0,8,0,0,0,0,1,1,6,2,8,1364,1,3,7,1
2013160C00801,2,9,0,10,0,8,0,0,0,0,2,1,6,1,9,1956,2,1,2,2
2013160C00811,1,11,0,18,0,0,0,0,0,0,1,1,1,1,6,7300,2,10,1,1
2013160C00811,2,9,0,4,0,0,0,0,0,0,2,1,6,2,8,1587,1,7,10,2
2013160C00811,3,9,0,4,0,0,0,0,0,0,2,1,6,2,4,1388,1,12,6,1
2013160C00821,1,11,0,18,0,1,0,0,0,0,4,1,1,1,5,9360,2,5,8,2
2013160C00821,2,9,0,5,0,6,0,0,0,0,1,1,6,2,8,1396,1,11,6,2
2013160C00831,1,9,0,18,0,4,0,0,0,0,1,1,6,2,10,1598,1,9,7,1
2013160C00831,2,9,0,18,0,8,0,0,1,2,2,1,6,2,5,1398,1,2,3,3
2013160C00841,1,8,0,17,0,1,0,0,1,10,0,1,6,1,7,1997,2,5,9,1
2013160C00851,1,9,0,16,0,0,1,0,4,6,1,1,2,2,5,1229,1,6,10,3
2013160C00861,1,11,0,18,0,3,0,0,0,0,0,1,1,1,8,-1,-1,-1,3,1
2013160C00871,1,9,0,18,0,0,0,4,0,0,1,1,6,1,8,1149,1,10,9,2
2013160C00871,2,9,0,2,0,0,0,0,0,0,3,1,6,3,-1,-1,-1,-1,-1,-1
2013160C00881,1,19,0,18,0,1,2,10,0,0,3,1,1,1,6,1995,2,4,1,1
2013160C00891,1,9,0,18,0,0,0,0,2,10,1,1,6,2,6,1124,1,12,7,3
2013160C00901,1,9,0,18,0,0,2,0,7,10,3,1,1,2,5,998,1,14,2,1
2013160C00911,1,11,0,18,0,0,0,0,0,0,0,1,1,1,9,3900,2,9,4,2
2013160C00921,1,9,0,12,0,0,1,0,0,0,1,1,6,1,9,1910,2,7,5,3
2013160C00921,2,9,0,17,0,0,0,0,0,0,1,1,6,2,6,1995,2,1,8,2
2013160C00931,1,9,0,17,0,1,1,0,1,11,4,1,6,1,10,1422,2,12,3,2
2013160C00941,1,9,0,17,0,0,5,0,2,10,4,1,6,1,5,1596,1,8,8,2
2013160C00941,2,9,0,16,0,0,0,0,0,0,3,1,6,1,9,1329,1,-1,5,2
2013160C00951,1,9,0,18,0,0,2,0,1,9,1,1,2,1,9,1896,2,12,5,1
2013160C00961,1,9,0,17,0,0,1,0,0,0,1,1,6,2,9,1560,2,3,7,3
2013160C00961,2,19,0,16,0,0,0,0,1,4,3,1,1,1,7,1753,2,7,8,1
2013160C00971,1,9,0,11,0,0,0,0,0,0,0,1,6,3,-1,-1,-1,-1,-1,-1
2013160C00971,2,9,0,16,0,0,1,10,4,1,4,1,1,1,5,1396,1,10,1,1
2013160C00981,1,9,0,18,0,0,0,0,0,0,1,1,6,2,7,1598,1,3,1,1
2013160C00981,2,9,0,2,0,0,0,0,1,11,2,1,6,3,-1,1299,1,7,-1,-1
2013160C00991,1,9,0,18,0,6,1,0,0,0,1,1,1,1,7,1248,2,5,4,2
2013160C00991,2,9,0,18,0,8,0,0,0,0,1,1,6,2,9,1461,2,3,2,1
2013160C01001,1,9,0,18,0,6,0,0,0,0,4,1,6,2,4,1596,1,11,8,3
2013160C01001,2,1,0,18,0,1,0,0,0,0,1,1,6,1,8,-1,-1,-1,6,1
2013160C01011,1,9,0,16,0,0,1,0,7,11,1,1,1,2,7,1242,1,7,5,2
2013160C01021,1,9,0,18,0,6,0,0,0,0,4,1,6,2,9,1299,1,8,4,1
2013160C01021,2,9,0,18,0,8,1,0,0,0,1,1,2,1,6,1781,1,10,6,3
2013160C01021,3,9,0,3,0,1,0,0,0,0,1,1,6,1,10,2401,2,8,8,3
2013160C01031,1,9,0,18,0,0,0,0,0,0,1,1,6,2,9,1339,1,7,10,1
2013160C01041,1,9,0,18,0,1,2,7,0,0,1,1,6,1,6,2494,1,13,6,1
2013160C01041,2,9,0,2,0,2,0,0,0,0,3,1,6,3,-1,1796,1,8,-1,-1
2013160C01041,3,9,0,2,0,2,0,0,0,0,3,1,6,3,-1,1956,2,4,-1,-1
2013160C01051,1,9,0,16,0,0,1,0,0,0,1,1,1,1,6,-1,-1,-1,10,1
2013160C01051,2,9,0,17,0,0,1,0,0,0,1,1,6,1,6,1997,2,12,8,3
2013160C01061,1,9,0,17,0,0,1,0,1,10,4,1,6,2,10,1248,2,4,4,1
2013160C01071,1,9,0,18,0,0,2,0,1,9,2,1,2,1,7,-1,-1,-1,9,2
2013160C01081,1,9,0,18,0,6,0,0,3,1,4,1,6,2,11,1229,1,6,2,1
2013160C01081,2,11,0,18,0,8,0,0,0,0,1,1,1,1,5,9360,2,6,9,1
2013160C01091,1,1,0,18,0,0,0,0,0,0,4,1,6,1,10,-1,-1,-1,7,3
2013160C01101,1,9,0,7,0,6,1,10,0,0,1,1,6,1,7,1956,2,4,6,1
2013160C01101,2,9,0,18,0,8,2,10,7,10,1,1,6,2,7,2616,1,8,4,1
2013160C01111,1,9,0,16,0,0,5,0,0,0,1,1,2,1,6,1870,2,9,7,2
2013160C01121,1,9,0,16,0,0,0,0,1,10,3,1,6,2,5,1783,1,11,4,2
2013160C01121,2,9,0,17,0,0,0,0,0,0,3,1,6,2,4,1242,1,3,10,1
2013160C01121,3,9,0,17,0,0,0,0,0,0,1,1,6,1,6,1149,1,10,1,1
2013160C01131,1,9,0,9,0,6,0,0,0,0,3,1,6,2,5,1299,1,9,10,1
2013160C01131,2,9,0,18,0,8,0,0,0,0,1,1,6,1,6,1995,2,7,10,3
2013160C01141,1,9,0,18,0,8,0,0,0,0,1,1,6,1,6,1242,1,12,9,3
2013160C01141,2,20,0,10,0,5,0,0,0,0,3,1,6,1,7,4580,2,15,6,3
2013160C01151,1,9,0,18,0,6,0,0,0,0,1,1,1,1,6,1951,2,8,9,1
2013160C01151,2,9,0,18,0,1,1,0,1,10,3,1,6,1,9,1586,1,10,5,1
2013160C01161,1,9,0,7,0,5,1,0,0,0,1,1,2,1,7,1596,1,6,9,1
2013160C01161,2,9,0,10,0,1,0,0,0,0,3,1,2,2,6,1910,2,9,1,1
2013160C01171,1,9,0,18,0,0,0,0,0,0,2,1,1,1,7,1242,1,10,9,3
2013160C01171,2,9,0,18,0,0,0,0,0,0,2,1,1,1,4,1199,1,11,5,1
2013160C01171,3,9,0,18,0,0,1,0,0,0,1,1,1,1,8,1984,2,-1,1,1
2013160C01181,1,9,0,13,0,0,0,0,0,0,4,1,6,1,10,1560,2,2,10,1
2013160C01181,2,1,0,18,0,0,0,0,0,0,3,1,6,1,10,-1,-1,-1,10,1
2013160C01191,1,9,0,11,6,0,0,0,0,0,1,1,2,2,6,1598,1,6,5,1
2013160C01191,2,21,0,2,7,0,0,0,0,0,2,1,1,1,5,4461,2,2,5,1
2013160C01201,1,9,0,7,0,8,0,0,0,0,1,1,6,1,8,1124,1,8,6,3
2013160C01211,1,9,0,12,0,0,1,0,0,0,1,1,6,2,7,1997,2,3,-1,-1
2013160C01211,2,9,0,18,0,0,1,0,0,0,1,1,6,1,7,1598,1,5,7,3
2013160C01231,1,9,0,9,0,5,0,0,0,0,3,1,6,1,5,1587,1,12,7,1
2013160C01231,2,5,0,13,0,8,0,0,0,0,1,1,6,1,9,1000,1,6,6,3
2013160C01241,1,9,0,5,0,6,0,0,0,0,3,1,2,1,4,1299,1,14,6,2
2013160C01241,2,1,0,18,0,8,0,0,0,0,1,1,2,1,7,-1,-1,-1,10,2
2013160C01251,1,5,0,16,0,0,0,0,0,0,3,1,6,1,7,849,1,2,8,1
2013160C01261,1,1,0,18,0,1,0,0,0,0,1,1,6,1,6,-1,-1,-1,4,1
2013160C01261,2,19,0,7,0,5,0,0,0,0,2,1,6,1,9,1870,2,14,2,1
2013160C01271,1,9,0,18,0,0,0,0,7,4,3,1,6,2,5,1596,1,8,10,1
2013160C01281,1,9,0,5,0,6,0,0,0,0,1,1,6,2,8,1598,1,6,1,1
2013160C01281,2,1,0,10,0,8,0,0,0,0,3,1,6,1,9,-1,-1,-1,6,1
2013160C01291,1,19,0,13,0,0,0,0,0,0,4,1,2,1,8,2198,2,3,6,1
2013160C01291,2,1,0,18,0,0,0,0,0,0,3,1,2,1,5,-1,-1,-1,6,1
2013160C01301,1,9,0,9,0,6,0,0,0,0,1,1,2,1,7,-1,-1,-1,9,1
2013160C01301,2,1,0,9,0,6,0,0,0,0,2,1,2,2,4,-1,-1,-1,1,1
2013160C01311,1,9,0,4,0,0,0,0,0,0,1,1,1,1,5,-1,-1,-1,8,1
2013160C01311,2,9,0,4,0,0,0,0,0,0,2,1,1,2,9,1242,1,4,8,1
2013160C01321,1,9,0,18,0,4,0,0,0,0,1,1,6,1,10,1198,1,6,7,3
2013160C01321,2,9,0,18,0,8,0,0,0,0,1,1,6,1,7,1242,1,12,1,1
2013160C01331,1,9,0,16,0,0,1,0,1,3,1,1,6,1,5,1796,1,8,7,2
2013160C01341,1,9,0,18,0,2,0,0,0,0,1,1,6,1,7,1364,1,7,3,1
2013160C01351,1,9,0,18,0,0,2,0,7,9,1,1,6,2,5,2172,2,12,4,3
2013160C01361,1,9,0,9,0,4,0,0,0,0,3,1,2,1,7,998,1,13,2,1
2013160C01361,2,1,0,18,0,8,0,0,0,0,1,1,6,1,8,-1,-1,-1,7,1
2013160C01371,1,9,0,16,0,0,2,0,7,9,3,1,2,1,8,1229,1,1,9,1
2013160C01381,1,9,0,18,0,0,1,0,2,4,1,1,6,2,6,1390,1,13,1,1
2013160C01391,1,9,0,18,0,0,1,11,5,6,1,1,6,1,9,1686,2,3,9,1
2013160C01401,1,3,0,18,0,8,0,0,0,0,1,1,6,1,4,124,1,1,4,3
2013160C01401,2,9,0,7,0,4,0,0,0,0,3,1,6,2,6,1796,1,6,7,2
2013160C01411,1,9,0,18,0,0,0,0,7,0,3,1,6,1,9,1968,2,6,8,1
2013160C01411,2,19,0,18,0,0,0,0,0,0,3,1,6,1,9,1461,2,3,8,1
2013160C01431,1,9,0,17,0,0,2,0,1,10,1,1,6,2,6,1560,2,6,5,1
2013160C01441,1,9,0,9,0,6,0,0,0,0,1,1,6,1,4,1198,1,3,5,1
2013160C01441,2,9,0,18,0,1,0,0,0,0,1,1,6,2,6,1910,2,4,8,2
2013160C01451,1,19,0,18,0,0,2,0,0,0,0,1,1,1,7,1399,2,3,4,1
2013160C01461,1,9,0,18,0,1,0,0,0,0,1,1,6,2,9,1997,2,3,9,1
2013160C01461,2,9,0,2,0,2,0,10,1,0,2,1,6,3,-1,1248,2,5,-1,-1
2013160C01461,3,9,0,2,0,2,0,0,0,0,2,1,6,3,-1,-1,-1,-1,-1,-1
2013160C01471,1,19,0,18,0,6,0,0,0,0,4,1,1,1,10,1896,2,8,7,3
2013160C01471,2,1,0,18,0,8,0,0,1,0,1,1,6,1,7,-1,-1,-1,7,2
2013160C01481,1,9,0,13,0,8,2,0,7,0,4,1,6,1,9,1242,1,2,5,3
2013160C01481,2,9,0,9,0,5,1,0,7,0,3,1,6,1,8,1527,2,19,8,2
2013160C01491,1,9,0,17,0,0,1,0,0,0,1,1,6,1,7,1598,1,6,10,1
2013160C01491,2,9,0,16,0,0,0,0,0,0,1,1,6,1,7,1360,1,9,6,3
2013160C01501,1,9,0,18,0,0,2,10,1,0,1,1,2,2,7,1240,1,8,8,1
2013160C01501,2,9,0,18,0,0,0,0,0,0,2,1,2,2,7,1591,1,-1,9,3
2013160C01511,1,9,0,9,0,6,0,0,0,0,3,1,2,2,7,1461,2,7,10,1
2013160C01511,2,9,0,18,0,8,0,0,0,0,1,1,2,1,6,1242,1,14,4,1
2013160C01521,1,9,0,17,0,2,2,0,1,11,1,1,6,2,8,1248,2,5,7,2
2013160C01531,1,21,0,18,0,0,1,0,1,0,2,1,1,1,8,5958,2,23,7,2
2013160C01531,2,9,0,18,0,0,0,0,0,0,3,1,6,1,9,1587,1,11,5,3
2013160C01541,1,9,0,18,0,0,0,0,0,0,1,1,6,1,7,1998,2,6,1,1
2013160C01541,2,9,0,18,0,0,0,0,0,0,3,1,6,2,8,1360,1,13,2,1
2013160C01541,3,9,0,18,0,0,0,0,0,0,3,1,6,2,4,1124,1,9,4,3
2013160C01551,1,9,0,9,0,5,0,0,0,0,4,1,2,1,6,1598,1,9,10,2
2013160C01551,2,3,0,18,0,8,0,0,0,0,1,1,2,1,6,125,1,1,9,2
2013160C01591,1,9,0,18,0,0,1,10,1,3,1,1,6,1,6,1990,1,22,3,2
2013160C01601,1,9,0,18,0,0,0,10,7,0,4,1,6,1,9,1968,2,5,10,1
2013160C01601,2,19,0,18,0,0,0,0,0,0,1,1,1,1,9,2496,2,15,10,1
2013160C01611,1,9,0,7,0,6,0,0,0,0,3,1,6,2,7,1951,2,8,6,3
2013160C01611,2,1,0,18,0,8,0,0,0,0,1,1,6,1,8,-1,-1,-1,5,1
2013160C01631,1,9,0,18,0,0,0,4,0,0,1,1,2,2,6,1299,1,12,4,1
2013160C01631,2,9,0,18,0,0,0,0,0,0,1,1,2,2,6,1999,1,12,4,1
2013160C01631,3,9,0,2,0,0,0,0,0,0,3,1,6,3,9,1598,1,11,-1,-1
2013160C01641,1,9,0,18,0,6,0,0,0,0,1,1,6,2,9,1364,1,8,8,2
2013160C01641,2,1,0,17,0,8,0,0,0,0,4,1,6,1,5,-1,-1,-1,9,2
2013160C01651,1,5,0,16,0,0,0,0,1,0,1,1,6,1,5,598,1,12,4,1
2013160C01661,1,1,0,18,0,0,0,4,0,0,1,1,6,1,9,-1,-1,-1,9,3
2013160C01661,2,9,3,2,0,0,0,0,0,0,2,1,6,1,7,1951,2,8,6,2
2013160C01671,1,9,0,18,0,8,0,0,0,0,4,1,6,2,6,2488,2,4,5,3
2013160C01671,2,9,0,9,0,6,0,0,0,0,1,1,6,1,10,1360,1,4,5,3
2013160C01671,3,9,0,10,0,8,0,0,0,0,0,1,6,2,6,1598,1,6,5,2
2013160C01681,1,9,0,9,0,6,0,0,0,0,1,1,6,2,9,1796,1,4,10,1
2013160C01691,1,11,0,4,0,0,0,0,0,0,0,1,1,1,9,7300,2,8,4,1
2013160C01711,1,19,0,18,0,0,0,0,7,4,4,1,1,1,6,1868,2,7,6,1
2013160C01711,2,19,0,18,0,0,0,0,0,0,1,1,1,1,7,2402,2,2,2,1
2013160C01721,1,19,0,5,0,6,0,0,0,0,4,1,1,1,6,1870,2,8,9,1
2013160C01721,2,9,0,18,0,8,0,0,0,0,1,1,6,1,10,1329,1,4,6,3
2013160C01731,1,9,0,18,0,0,0,0,0,0,1,1,6,2,6,1240,1,5,4,1
2013160C01751,1,5,0,18,0,1,0,0,0,0,1,1,6,1,8,1085,1,14,7,2
2013160C01751,2,9,0,9,0,6,0,0,0,0,1,1,6,2,9,1753,2,12,6,3
2013160C01761,1,9,0,15,6,0,0,0,0,0,3,1,6,3,-1,-1,-1,-1,-1,-1
2013160C01761,2,9,0,2,6,0,0,0,0,0,4,1,6,2,8,1248,2,2,-1,-1
2013160C01771,1,9,0,7,0,6,0,0,0,0,1,1,6,1,7,1598,1,14,9,1
2013160C01771,2,9,0,18,0,1,0,0,0,0,4,1,6,2,7,1598,1,11,4,1
2013160C01781,1,9,0,18,0,0,1,0,1,10,3,1,6,1,7,1587,1,13,8,1
2013160C01781,2,9,0,18,0,0,0,0,0,0,0,1,6,3,-1,-1,-1,-1,-1,-1
2013160C01801,1,9,0,18,0,6,0,0,0,0,1,1,6,1,8,2000,1,16,4,2
2013160C01801,2,9,0,18,0,8,0,0,1,10,3,1,6,1,10,1461,2,2,6,1
2013160C01811,1,5,0,13,0,8,0,0,7,0,1,1,6,1,7,988,1,9,1,1
2013160C01811,2,9,0,9,0,5,0,0,0,0,1,1,6,2,8,1560,2,2,10,2
2013160C01841,1,9,0,11,0,0,0,0,0,6,1,1,6,1,8,1580,1,22,3,1
2013160C01841,2,9,0,18,0,0,0,0,0,0,0,1,6,1,8,1956,2,1,6,3
2013160C01861,1,1,0,18,0,2,0,0,0,0,2,1,6,1,5,-1,-1,-1,8,2
2013160C01861,2,9,0,18,0,2,0,0,0,0,1,1,6,3,-1,-1,-1,-1,-1,-1
2013160C01871,1,20,0,18,0,0,0,0,0,0,1,1,1,1,5,-1,-1,-1,1,1
2013160C01871,2,9,0,4,0,0,0,12,0,0,2,1,6,2,10,1398,1,2,10,1
2013160C01881,1,9,0,16,0,0,1,0,2,4,4,1,6,2,5,1360,1,9,10,1
2013160C01891,1,21,1,12,0,0,1,0,4,6,4,1,1,1,7,12419,2,4,8,2
2013160C01891,2,21,1,18,0,0,0,0,0,0,2,2,1,1,8,-1,-1,-1,-1,-1
2013160C01901,1,9,0,18,0,0,0,0,5,6,3,1,6,2,4,1229,1,3,8,3
2013160C01921,1,9,0,18,0,0,0,0,0,0,3,1,2,2,8,1910,2,8,4,2
2013160C01921,2,9,0,18,0,0,0,0,0,0,3,1,6,3,-1,-1,-1,-1,-1,-1
2013160C01931,1,9,0,9,0,6,0,0,0,0,3,1,6,3,-1,1390,1,2,-1,-1
2013160C01931,2,1,0,18,0,8,0,0,1,10,1,1,2,1,5,-1,-1,-1,2,1
2013160C01941,1,19,0,18,0,0,0,0,0,0,3,1,6,1,8,-1,-1,-1,7,3
2013160C01941,2,1,0,18,0,0,0,0,0,0,3,1,6,1,7,-1,-1,-1,1,1
2013160C01951,1,9,0,18,0,0,1,0,7,10,1,1,6,2,5,3628,2,6,4,2
2013160C01951,2,9,0,18,0,0,1,0,1,10,1,1,6,1,5,1800,1,13,3,1
2013160C01961,1,9,0,18,0,0,0,0,0,0,2,1,6,2,6,1686,2,2,8,1
2013160C01961,2,9,0,18,0,0,0,0,0,0,1,1,6,1,7,1598,1,13,3,3
2013160C01971,1,9,0,5,0,6,0,0,0,0,1,1,6,1,6,-1,-1,-1,9,3
2013160C01971,2,9,0,17,0,8,0,0,0,0,4,1,6,2,7,1388,1,8,9,1
2013160C01981,1,9,0,18,0,0,0,0,0,0,1,1,3,1,9,1598,1,11,10,1
2013160C01991,1,9,0,14,0,0,0,0,0,0,1,1,2,2,6,1900,2,8,5,1
2013160C01991,2,9,0,2,0,0,0,10,1,0,2,1,6,1,6,1596,1,8,9,1