Accident_Index,Vehicle_Reference,Vehicle_Type,Towing_and_Articulation,Vehicle_Manoeuvre,Vehicle_Location-Restricted_Lane,Junction_Location,Skidding_and_Overturning,Hit_Object_in_Carriageway,Vehicle_Leaving_Carriageway,Hit_Object_off_Carriageway,1st_Point_of_Impact,Was_Vehicle_Left_Hand_Drive?,Journey_Purpose_of_Driver,Sex_of_Driver,Age_Band_of_Driver,Engine_Capacity_(CC),Propulsion_Code,Age_of_Vehicle,Driver_IMD_Decile,Driver_Home_Area_Type
2013160C01991,3,1,0,2,0,0,0,0,0,0,4,1,1,1,8,-1,-1,-1,10,1
2013160C02011,1,9,0,5,0,1,0,0,0,0,1,1,6,2,10,1398,1,2,10,1
2013160C02021,1,5,0,18,0,8,1,0,0,0,1,1,6,1,4,749,1,22,2,1
2013160C02021,2,9,0,9,0,8,0,0,0,0,3,1,6,2,4,1242,1,3,7,1
2013160C02031,1,9,0,1,0,2,0,0,0,0,2,1,6,1,7,1199,1,12,9,3
2013160C02041,1,4,0,18,0,0,0,0,0,0,2,1,6,2,5,125,1,33,10,2
2013160C02041,2,4,0,18,0,0,0,0,0,0,1,1,6,1,5,200,1,47,6,1
2013160C02051,1,2,0,18,0,0,0,0,1,10,4,1,6,1,4,49,1,1,7,2
2013160C02051,2,2,0,18,0,0,0,0,1,10,3,1,6,1,4,49,1,4,5,3
2013160C02061,1,9,0,18,0,8,0,0,0,0,4,1,6,2,9,-1,-1,-1,8,1
2013160C02061,2,9,0,18,0,8,0,0,0,0,3,1,1,1,7,1686,2,1,3,1
2013160C02071,1,9,0,18,0,1,0,0,1,10,1,1,6,1,6,1598,2,3,9,1
2013160C02071,2,9,0,18,0,1,0,0,0,0,3,1,6,2,5,1398,1,3,10,2
2013160C02071,3,9,0,18,0,1,0,0,1,10,1,1,6,1,8,1596,1,9,2,1
2013160C02081,1,9,0,18,0,0,5,0,1,9,1,1,6,1,5,1587,1,13,6,2
2013160C02081,2,3,0,18,0,0,0,0,1,9,1,1,6,1,4,125,1,3,7,3
2013160C02081,3,9,0,18,0,0,0,0,0,0,0,1,6,1,5,1796,1,10,7,3
2013160C02091,1,9,3,18,0,0,0,0,0,0,3,1,6,3,-1,-1,-1,-1,-1,-1
2013160C02091,2,9,0,18,0,0,0,0,0,0,3,1,6,2,4,1242,1,8,9,1
2013160C02101,1,9,0,18,0,0,1,0,1,9,1,1,2,1,5,1910,2,6,-1,1
2013160C02111,1,9,0,17,0,1,0,0,0,0,1,1,2,2,6,1386,1,7,7,1
2013160C02111,2,19,0,9,0,6,0,0,0,0,1,1,1,1,8,2402,2,8,10,2
2013160C02121,1,9,0,18,0,1,0,0,1,0,1,1,6,1,10,1299,1,5,4,1
2013160C02121,2,9,0,3,0,8,0,0,0,0,2,1,1,1,8,1597,1,6,10,2
2013160C02121,3,9,0,3,0,8,0,0,0,0,2,1,6,1,11,1332,1,1,9,1
2013160C02131,1,9,0,4,0,1,0,0,0,0,4,1,1,1,8,1594,1,11,7,2
2013160C02131,2,1,0,18,0,6,0,0,0,0,1,1,4,2,3,-1,-1,-1,1,1
2013160C02141,1,9,0,17,0,0,5,0,1,0,4,1,6,1,4,1240,1,8,8,1
2013160C02151,1,11,0,2,0,2,0,0,0,0,0,1,1,1,8,7300,2,9,9,2
2013160C02161,1,19,0,18,0,0,0,0,0,0,1,1,1,1,7,1998,2,7,2,1
2013160C02161,2,9,0,4,0,0,0,0,0,0,2,1,6,1,6,-1,-1,-1,5,3
2013160C02171,1,9,0,18,0,0,0,0,0,0,4,1,6,1,9,1796,1,6,6,1
2013160C02181,1,5,0,18,0,8,0,0,0,0,1,1,6,1,6,992,1,10,9,3
2013160C02181,2,9,0,5,0,6,0,0,0,0,4,1,6,1,11,2179,2,2,9,3
2013160C02191,1,9,0,18,0,8,0,0,0,0,1,1,6,1,9,1587,1,8,5,3
2013160C02191,2,1,0,18,0,6,0,0,0,0,4,1,6,1,8,-1,-1,-1,4,1
2013160C02201,1,9,0,17,0,2,2,10,1,2,4,1,6,1,5,1796,1,13,1,1
2013160C02211,1,3,0,17,0,0,0,10,0,0,1,1,6,1,5,-1,-1,-1,2,1
2013160C02231,1,9,0,18,0,0,0,0,0,0,4,1,6,2,11,1339,1,1,-1,-1
2013160C02241,1,19,0,18,0,0,0,0,0,0,1,1,1,1,9,1560,2,5,5,3
2013160C02241,2,9,0,3,0,0,0,0,0,0,2,1,6,1,9,1242,1,1,9,2
2013160C02251,1,21,1,17,0,0,5,0,1,11,4,1,1,1,8,10837,2,6,4,1
2013160C02261,1,9,0,18,0,1,0,0,0,0,1,1,1,1,8,1584,1,3,2,1
2013160C02261,2,9,0,3,0,1,0,0,0,0,2,1,6,1,10,1988,2,9,5,1
2013160C02271,1,9,0,2,0,0,0,0,0,0,3,1,6,2,6,1560,2,1,9,3
2013160C02271,2,1,0,18,0,0,0,8,0,0,1,1,6,1,3,-1,-1,-1,10,1
2013160C02291,1,9,0,18,0,6,0,0,0,0,4,1,6,2,9,973,1,11,7,2
2013160C02291,2,9,0,18,0,8,0,0,0,0,1,1,6,2,6,1364,1,6,9,1
2013160C02301,1,19,0,18,0,8,1,0,0,0,1,1,1,1,7,2187,2,11,6,1
2013160C02301,2,19,0,10,0,1,0,0,7,0,2,1,1,1,7,2488,2,4,7,3
2013160C02311,1,5,0,13,0,8,0,0,7,0,1,1,6,1,8,998,1,10,8,1
2013160C02311,2,5,0,9,0,8,0,0,7,9,3,1,6,1,6,998,1,9,4,3
2013160C02321,1,9,0,18,0,0,1,0,1,4,1,1,2,1,8,2698,2,5,1,1
2013160C02321,2,21,1,18,0,0,0,0,0,0,2,1,1,1,7,12740,2,-1,1,1
2013160C02331,1,22,0,7,0,5,0,10,0,0,4,1,6,1,10,-1,-1,-1,1,1
2013160C02341,1,9,0,18,0,0,0,0,0,0,1,1,6,2,6,1389,1,16,1,1
2013160C02341,2,9,0,3,0,0,0,0,0,0,2,1,6,1,7,1798,2,3,10,2
2013160C02341,3,9,0,3,0,0,0,0,0,0,2,1,6,1,5,1149,1,5,2,1
2013160C02351,1,9,0,9,0,5,0,0,0,0,3,1,6,2,9,1796,1,2,3,1
2013160C02351,2,3,0,13,0,8,0,0,0,0,1,1,6,1,5,125,1,1,5,2
2013160C02361,1,9,0,18,0,0,0,0,0,0,1,1,6,1,9,1299,1,13,7,2
2013160C02361,2,9,0,3,0,0,0,0,0,0,2,1,6,1,8,1598,1,10,1,1
2013160C02371,1,21,1,11,0,0,0,0,0,0,4,1,1,1,9,11967,2,3,5,1
2013160C02371,2,9,0,16,0,0,0,0,7,0,3,1,6,1,5,2000,2,9,5,2
2013160C02381,1,21,1,1,0,8,0,10,3,10,2,1,1,1,8,9290,2,3,2,1
2013160C02391,1,9,0,18,0,1,0,0,0,0,3,1,6,2,6,1798,1,12,1,1
2013160C02391,2,9,0,10,0,5,0,0,0,0,0,1,6,1,10,1997,2,-1,6,1
2013160C02391,3,9,0,18,0,1,0,0,1,0,3,1,6,1,8,1986,2,8,8,2
2013160C02391,4,9,0,4,0,1,0,0,0,0,0,1,6,3,-1,-1,-1,-1,-1,-1
2013160C02401,1,9,0,18,0,1,0,0,0,0,1,1,6,2,4,973,1,13,9,3
2013160C02401,2,9,0,3,0,1,0,0,0,0,2,1,6,1,4,1242,1,3,9,3
2013160C02401,3,9,0,10,0,1,0,0,0,0,2,1,6,1,7,1598,1,8,7,3
2013160C02411,1,9,0,18,0,6,0,0,0,0,1,1,6,2,11,1240,1,7,9,1
2013160C02411,2,9,0,18,0,8,0,0,0,0,4,1,6,2,9,1198,1,9,2,1
2013160C02421,1,9,0,18,0,0,0,0,0,0,4,1,6,1,5,1242,1,-1,10,2
2013160C02431,1,9,0,18,7,0,0,0,1,0,1,1,6,1,10,1998,2,9,4,1
2013160C02431,2,21,1,2,6,0,0,0,0,0,3,1,1,3,9,-1,-1,-1,-1,-1
2013160C02441,1,17,0,18,0,6,1,0,0,0,1,1,1,1,8,350,1,9,6,3
2013160C02441,2,5,0,18,0,8,0,0,0,0,4,1,6,1,8,1085,1,15,8,2
2013160C02461,1,9,0,9,0,6,0,0,0,0,1,1,3,1,9,1896,2,6,10,3
2013160C02461,2,9,0,18,0,8,0,0,0,0,1,1,6,2,8,1398,2,11,8,3
2013160C02471,1,9,0,5,0,0,0,0,0,0,1,1,6,1,7,1956,2,4,1,1
2013160C02471,2,9,0,2,0,0,0,0,0,0,0,1,6,3,-1,1794,1,6,-1,-1
2013160C02481,1,19,0,1,0,1,0,0,0,0,2,1,6,1,9,1248,2,7,7,2
2013160C02481,2,19,0,3,0,1,0,0,0,0,1,1,6,1,10,1896,2,19,8,1
2013160C02491,1,3,0,13,0,1,0,0,0,0,4,1,6,1,4,125,1,9,6,3
2013160C02491,2,9,0,9,0,5,0,0,0,0,3,1,6,2,8,1968,2,5,7,1
2013160C02511,1,9,0,9,0,2,0,0,0,0,2,1,6,1,11,1240,1,8,4,3
2013160C02511,2,9,0,9,0,5,0,0,0,0,1,1,6,2,10,1240,1,10,4,3
2013160C02511,3,9,0,16,0,1,0,0,0,0,1,1,6,2,8,1968,2,-1,7,3
2013160C02521,1,9,0,17,0,0,1,0,1,10,1,1,1,2,7,1997,2,6,8,2
2013160C02531,1,9,0,17,0,0,2,0,1,10,1,1,6,2,6,1299,1,5,8,3
2013160C02541,1,9,4,18,0,1,0,0,0,0,1,1,6,1,7,1461,2,5,5,1
2013160C02541,2,1,0,9,0,6,0,0,0,0,1,1,6,1,6,-1,-1,-1,8,3
2013160C02561,1,9,0,18,0,1,2,0,1,3,1,1,6,1,6,1587,1,9,7,2
2013160C02571,1,9,0,9,0,6,0,0,1,10,3,1,6,2,4,1398,1,3,10,2
2013160C02571,2,9,0,18,0,1,0,0,0,0,1,1,2,1,4,-1,-1,-1,10,2
2013160C02581,1,9,0,9,0,4,0,0,0,0,3,1,6,2,6,1984,1,2,9,2
2013160C02581,2,5,0,18,0,8,0,0,0,0,4,1,6,1,7,1170,1,3,-1,3
2013160C02591,1,9,0,18,0,0,2,0,5,6,1,1,6,1,6,1560,2,1,2,1
2013160C02611,1,9,0,18,0,0,5,0,1,10,1,1,6,2,6,2295,1,16,7,3
2013160C02621,1,9,0,18,0,0,2,0,1,9,1,1,6,1,6,1598,1,9,10,2
2013160C02631,1,1,0,18,0,3,0,0,0,0,3,1,6,2,6,-1,-1,-1,1,1
2013160C02631,2,9,0,18,0,3,0,0,0,0,4,1,6,2,6,1149,1,5,1,1
2013160C02641,1,5,0,13,0,1,0,0,0,0,4,1,6,1,7,599,1,11,6,1
2013160C02641,2,9,0,4,0,1,0,0,0,0,3,1,6,1,10,1461,2,1,-1,-1
2013160C02651,1,9,0,6,0,0,0,0,0,0,3,1,6,2,7,1997,1,9,4,1
2013160C02651,2,3,0,18,0,0,0,0,0,0,1,1,6,1,4,124,1,21,7,3
2013160C02661,1,9,0,13,0,1,0,0,7,4,1,1,1,1,8,1598,1,10,7,3
2013160C02661,2,4,0,18,0,1,0,0,0,0,1,1,1,1,8,996,1,5,4,1
2013160C02661,3,9,0,10,0,1,0,0,0,0,0,1,6,2,5,1868,2,13,5,3
2013160C02671,1,9,0,7,0,5,0,0,0,0,1,1,6,1,8,1242,1,7,9,1
2013160C02671,2,4,0,9,0,8,0,0,0,0,1,1,6,1,4,125,1,1,9,1
2013160C02681,1,9,0,1,0,0,0,0,0,0,1,1,6,2,7,1910,2,9,3,1
2013160C02691,1,2,0,18,0,2,0,0,0,0,4,1,6,2,4,998,1,8,10,1
2013160C02701,1,97,0,18,0,0,0,0,0,0,3,1,6,3,-1,-1,-1,-1,-1,-1
2013160C02711,1,1,0,18,0,2,0,0,0,0,0,1,6,3,4,-1,-1,-1,2,1
2013160C02711,2,5,0,18,0,2,1,0,0,0,3,1,1,1,7,-1,-1,-1,8,2
2013160C02721,1,9,0,18,0,0,0,0,0,0,1,1,6,1,9,1596,1,10,4,1
2013160C02721,2,9,0,18,0,0,0,0,0,0,1,1,6,1,10,1798,1,6,9,1
2013160C02741,1,9,0,7,0,6,0,0,0,0,4,1,2,1,6,1598,1,3,8,2
2013160C02741,2,1,0,18,0,1,0,0,0,0,3,1,2,1,7,-1,-1,-1,8,1
2013160C02741,3,1,0,18,0,1,0,0,0,0,0,1,2,1,6,-1,-1,-1,6,1
2013160C02751,1,9,0,18,0,6,0,0,1,0,4,1,6,1,5,1388,1,5,4,1
2013160C02751,2,9,0,18,0,8,0,0,1,0,1,1,6,1,6,1388,1,8,7,1
2013160C02761,1,5,0,13,0,5,0,0,0,0,1,1,6,1,7,592,1,20,4,1
2013160C02761,2,9,0,10,0,1,0,0,0,0,2,1,6,2,8,1388,1,6,9,1
2013160C02771,1,9,0,14,0,0,5,4,7,10,1,1,6,1,10,1388,1,2,4,1
2013160C02771,2,19,0,2,0,0,0,0,0,0,2,1,6,2,-1,-1,-1,-1,-1,-1
2013160C02781,1,9,0,18,0,0,0,0,0,0,2,1,6,2,5,1591,1,1,1,1
2013160C02781,2,9,0,18,0,0,0,0,0,0,1,1,6,1,7,1896,2,12,2,1
2013160C02791,1,9,0,3,0,0,0,0,0,0,2,1,6,2,6,2204,2,5,7,2
2013160C02791,2,9,0,3,0,0,0,0,0,0,2,1,6,2,8,996,1,-1,10,2
2013160C02791,3,9,0,18,0,0,0,0,0,0,1,1,6,2,8,1360,1,4,1,1
2013160C02791,4,9,0,18,0,0,0,0,0,0,1,1,6,1,11,1834,1,13,6,3
2013160C02801,1,9,0,6,0,0,0,0,0,0,3,1,6,1,6,2171,1,12,5,1
2013160C02801,2,5,0,14,0,0,0,0,0,0,1,1,6,1,9,883,1,21,7,1
2013160C02811,1,9,0,18,0,1,0,0,0,0,1,1,6,2,10,1339,1,10,5,2
2013160C02811,2,9,0,18,0,1,0,0,0,0,2,1,6,2,5,1149,1,10,7,1
2013160C02811,3,9,0,9,0,5,0,0,0,0,0,1,6,3,-1,-1,-1,-1,-1,-1
2013160C02821,1,3,0,7,0,4,0,0,3,1,1,1,2,1,5,125,1,1,1,1
2013160C02831,1,90,0,16,0,0,5,0,7,9,3,1,1,1,8,7146,2,1,5,3
2013160C02841,1,9,0,18,0,0,2,10,7,10,0,1,6,2,6,1360,1,8,7,1
2013160C02851,1,9,0,9,0,6,0,0,0,0,0,1,6,1,8,1999,1,11,4,1
2013160C02851,2,19,0,7,0,5,0,0,0,0,0,1,6,1,5,1998,2,9,-1,-1
2013160C02861,1,5,0,6,0,0,0,0,0,0,1,1,6,1,4,1000,1,5,1,1
2013160C02861,2,5,0,4,0,0,0,0,0,0,4,1,1,1,8,-1,-1,-1,4,1
2013160C02871,1,9,0,16,0,0,0,0,0,0,1,1,6,1,7,1598,1,12,1,1
2013160C02871,2,9,0,3,0,0,0,0,0,0,1,1,6,1,6,-1,-1,-1,-1,-1
2013160C02881,1,9,0,18,0,0,0,0,0,0,1,1,3,2,8,1560,2,1,9,1
2013160C02891,1,9,0,13,0,0,1,0,5,6,4,1,6,2,10,1360,1,10,9,2
2013160C02891,2,21,1,18,0,0,0,0,0,0,1,1,6,1,5,10837,2,2,5,2
2013160C02901,1,9,0,5,0,6,0,0,0,0,4,1,6,2,8,1796,1,5,8,2
2013160C02901,2,9,0,18,0,8,0,0,0,0,1,1,6,2,10,1991,2,6,8,1
2013160C02911,1,9,0,4,0,0,0,0,0,0,2,1,6,1,9,1240,1,3,5,1
2013160C02911,2,5,0,4,0,0,0,0,0,0,1,1,6,1,6,1402,1,5,3,1
2013160C02921,1,1,0,9,0,6,0,0,0,0,2,1,6,1,9,-1,-1,-1,10,1
2013160C02921,2,9,3,18,0,8,0,0,0,0,1,1,6,1,9,1997,2,7,5,2
2013160C02931,1,17,0,18,0,0,0,0,0,0,0,1,6,3,-1,-1,-1,-1,-1,-1
2013160C02931,2,16,0,18,0,0,0,0,0,0,0,1,6,2,7,-1,-1,-1,2,2
2013160C02931,3,16,0,18,0,0,0,0,0,0,0,1,6,2,4,-1,-1,-1,2,1
2013160C02941,1,9,0,5,0,6,0,0,0,0,3,1,6,2,6,1997,2,9,8,2
2013160C02941,2,9,0,18,0,8,0,0,0,0,1,1,6,1,5,1390,1,1,5,2
2013160C02951,1,9,0,9,0,6,0,0,0,0,3,1,6,2,4,1149,1,15,9,2
2013160C02951,2,5,0,18,0,8,1,0,0,0,1,1,6,1,8,656,1,4,9,3
2013160C02961,1,9,0,17,0,2,0,0,0,0,1,1,6,2,8,1499,2,-1,6,1
2013160C02981,1,19,0,4,0,1,0,0,0,0,1,1,6,1,6,1995,2,13,4,1
2013160C02981,2,9,0,3,0,1,0,0,0,0,2,1,6,2,5,1999,1,8,8,1
2013160C03001,1,9,0,13,0,0,0,0,0,0,4,1,6,1,6,1997,1,8,9,3
2013160C03001,2,9,0,18,0,0,0,0,0,0,3,1,6,2,8,1995,2,5,7,3
2013160C03001,3,9,0,18,0,0,0,0,0,0,0,1,6,1,7,1995,2,2,7,3
2013160C03001,4,9,0,18,0,0,0,0,0,0,0,1,6,3,-1,-1,-1,-1,-1,-1
2013160C03011,1,9,0,18,0,0,5,10,7,1,1,1,2,1,4,998,1,11,3,2
2013160C03021,1,9,0,4,0,0,0,0,0,0,3,1,3,1,6,1598,1,10,1,2
2013160C03021,2,9,0,18,0,0,0,0,0,0,3,1,6,2,10,1910,2,6,5,2
2013160C03031,1,3,0,18,0,0,0,0,0,0,1,1,6,1,6,125,1,6,8,2
2013160C03031,2,9,0,6,0,0,0,0,0,0,1,1,6,1,11,1998,1,9,8,2
2013160C03041,1,3,0,16,0,0,1,0,0,0,4,1,6,1,8,125,1,50,5,1
2013160C03051,1,8,0,1,0,2,0,0,0,0,2,1,1,1,9,1984,2,5,1,1
2013160C03061,1,9,0,18,0,0,0,0,0,0,1,1,6,1,6,1587,1,9,2,1
2013160C03061,2,1,0,18,0,0,0,0,0,0,4,1,6,2,2,-1,-1,-1,2,1
2013160C03071,1,9,0,1,0,5,0,0,0,0,2,1,6,3,7,1560,2,3,3,1
2013160C03081,1,9,0,17,0,0,0,0,0,0,4,1,6,1,4,1598,1,-1,8,1
2013160C03091,1,3,0,18,0,0,0,0,0,0,3,1,6,1,8,124,1,10,8,1
2013160C03101,1,9,0,8,9,1,0,0,0,0,1,1,2,1,7,1461,2,11,9,1
2013160C03101,2,1,0,18,9,6,0,0,0,0,1,1,6,1,3,-1,-1,-1,4,1
2013160C03111,1,9,0,8,0,1,0,0,0,0,2,1,6,1,6,1398,2,3,1,1
2013160C03111,2,9,0,4,0,1,0,0,0,0,1,1,6,1,7,1800,1,14,1,1
2013160C03121,1,9,0,18,0,0,0,0,1,10,4,1,6,1,7,1461,2,5,3,1
2013160C03131,1,9,0,2,0,0,0,0,0,0,3,1,6,3,-1,2231,2,-1,-1,-1
2013160C03131,2,1,0,18,0,0,0,8,0,0,1,1,6,1,8,-1,-1,-1,1,1
2013160C03141,1,9,0,18,0,1,0,0,0,0,1,1,6,1,4,1396,1,8,8,2
2013160C03141,2,9,0,2,0,1,0,0,0,0,2,1,6,3,-1,1360,1,11,-1,-1
2013160C03151,1,19,0,9,0,6,0,0,0,0,3,1,1,1,7,2198,2,1,4,1
2013160C03151,2,3,0,18,0,1,0,0,0,0,1,1,6,2,9,-1,-1,-1,6,3
2013160C03161,1,9,0,18,0,0,5,0,1,9,1,1,6,1,4,1149,1,11,7,2
2013160C03171,1,11,0,2,6,0,0,0,0,0,0,1,1,1,8,4500,2,2,1,1
2013160C03181,1,9,0,1,0,0,0,10,1,0,2,1,6,3,-1,-1,-1,-1,-1,-1
2013160C03191,1,9,0,18,0,0,1,10,1,10,1,1,6,1,6,1998,1,13,4,1
2013160C03191,2,9,0,2,0,0,0,0,0,0,2,1,6,3,-1,1598,1,16,-1,-1
2013160C03191,3,9,0,2,0,0,0,0,0,0,4,1,6,3,-1,1388,1,3,-1,-1
2013160C03191,4,9,0,2,0,0,0,0,0,0,2,1,6,3,-1,-1,-1,-1,-1,-1
2013160C03191,5,9,0,2,0,0,0,0,0,0,2,1,6,3,-1,1124,1,13,-1,-1
2013160C03191,6,9,0,2,0,0,0,0,0,0,2,1,6,3,-1,1781,6,13,-1,-1
2013160C03201,1,9,0,18,0,0,5,0,0,0,1,1,6,1,5,1242,1,4,9,2
2013160C03201,2,9,0,5,0,0,0,0,1,0,2,1,6,1,7,1360,1,11,9,3
2013160C03211,1,9,0,7,0,7,5,0,5,6,1,1,6,1,9,1769,1,8,2,1
2013160C03221,1,9,0,7,0,5,0,0,3,1,1,1,6,2,4,998,1,4,7,1
2013160C03231,1,9,0,17,0,0,2,0,7,9,1,1,6,1,6,1994,1,6,5,3
2013160C03241,1,9,0,13,0,1,2,0,1,10,1,1,1,1,4,-1,-1,-1,1,1
2013160C03241,2,21,0,9,0,5,0,0,0,0,0,1,1,1,8,6692,2,2,7,2
2013160C03251,1,9,0,18,0,6,0,0,0,0,1,1,6,1,9,1560,2,7,7,1
2013160C03251,2,9,0,18,0,8,0,0,1,11,3,1,6,1,5,2402,2,3,9,3
2013160C03261,1,9,0,18,0,1,0,0,0,0,1,1,6,1,4,1796,1,10,8,1
2013160C03261,2,9,0,2,0,1,0,0,0,0,4,1,6,3,-1,1968,2,2,-1,-1
2013160C03281,1,9,0,5,0,0,0,0,0,0,1,1,6,2,11,1498,1,5,7,3
2013160C03281,2,1,0,18,0,0,0,0,0,0,1,1,4,1,3,-1,-1,-1,7,1
2013160C03291,1,9,0,18,0,1,0,0,8,11,4,1,6,1,4,-1,-1,-1,6,3
2013160C03291,2,9,0,18,0,1,0,0,0,0,4,1,2,1,6,1968,2,5,7,3
2013160C03301,1,9,0,18,0,0,0,0,0,0,1,1,6,2,7,1598,1,7,2,2
2013160C03301,2,9,0,18,0,0,0,0,0,0,1,1,6,2,7,1598,1,3,4,3
2013160C03311,1,9,0,9,0,5,0,0,0,0,1,1,6,2,10,1956,2,1,3,3
2013160C03311,2,22,0,18,0,8,0,0,0,0,3,1,6,1,10,-1,-1,-1,1,1
2013160C03321,1,9,0,17,0,0,0,0,0,0,1,1,6,1,9,-1,-1,-1,9,2
2013160C03321,2,1,0,16,0,0,0,0,0,0,1,1,6,1,6,-1,-1,-1,8,1
2013160C03331,1,9,0,18,0,8,0,0,7,10,1,1,6,1,9,1591,1,2,10,2
2013160C03331,2,9,0,18,0,8,0,0,1,10,1,1,6,1,11,1896,2,3,7,1
2013160C03341,1,9,4,18,0,0,0,0,0,0,3,1,6,1,8,2179,2,7,10,1
2013160C03341,2,9,0,18,0,0,0,0,0,0,1,1,3,2,7,1598,1,7,7,1
2013160C03341,3,9,0,18,0,0,0,0,0,0,1,1,6,2,8,1598,2,-1,10,3
2013160C03351,1,9,0,18,0,0,1,0,2,4,1,1,6,1,5,2494,1,9,1,1
2013160C03371,1,9,0,3,0,0,0,0,0,0,2,1,6,1,6,1560,2,2,2,1
2013160C03371,2,9,0,4,0,0,0,0,0,0,2,1,6,1,7,1998,2,12,1,1
2013160C03371,3,9,0,4,0,0,0,0,0,0,1,1,6,2,5,1461,2,3,4,1
2013160C03381,1,9,0,17,0,0,0,0,0,0,1,1,1,1,6,1388,1,4,4,2
2013160C03391,1,9,0,13,0,0,0,0,0,0,0,1,6,3,-1,-1,-1,-1,-1,-1
2013160C03391,2,9,0,13,0,0,5,0,0,0,1,1,6,1,8,3605,1,11,10,3
2013160C03401,1,9,0,18,0,0,5,0,1,10,1,1,6,2,6,1397,1,11,3,1
2013160C03411,1,19,0,4,0,0,0,0,0,0,2,1,6,1,7,1995,2,4,5,3
2013160C03411,2,2,0,4,0,0,0,0,0,0,1,1,6,1,4,50,1,5,5,3
2013160C03421,1,5,0,18,0,0,0,0,0,0,3,1,6,1,7,942,1,4,8,3
2013160C03431,1,9,0,18,0,1,5,0,1,4,4,1,2,2,9,1392,1,22,1,1
2013160C03441,1,9,0,18,0,6,0,0,0,0,4,1,6,1,6,3222,2,9,1,1
2013160C03441,2,3,0,18,0,8,0,0,0,0,1,1,6,1,6,124,1,6,1,1
2013160C03451,1,11,0,9,0,5,0,0,0,0,0,1,1,1,8,8871,2,10,10,3
2013160C03451,2,19,0,18,0,1,0,0,0,0,0,1,6,3,-1,-1,-1,-1,-1,-1
2013160C03461,1,17,4,9,0,6,0,0,0,0,3,1,1,1,4,6702,2,2,6,2
2013160C03461,2,9,0,18,0,1,0,0,0,0,1,1,6,2,9,1198,1,1,7,3
2013160C03471,1,5,0,13,0,1,0,0,7,4,1,1,2,1,5,1050,1,6,1,1
2013160C03471,2,9,0,9,0,5,0,0,0,0,3,1,2,1,6,1199,1,10,3,1
2013160C03471,3,9,0,18,0,1,0,0,0,0,0,1,2,1,6,1389,1,12,2,1
2013160C03481,1,9,0,18,0,1,0,0,7,2,4,1,1,1,7,2401,1,5,4,1
2013160C03481,2,9,0,9,0,5,0,0,0,0,3,1,6,2,8,1461,2,1,9,3
2013160C03491,1,3,0,18,0,1,1,0,7,2,1,1,6,1,5,125,1,4,1,1
2013160C03501,1,9,0,18,0,3,0,0,0,0,1,1,6,2,8,1796,1,7,-1,-1
2013160C03511,1,9,0,16,0,1,1,0,7,9,1,1,6,1,9,1598,1,14,2,1
2013160C03521,1,9,0,18,0,0,2,0,7,10,3,1,1,2,9,1390,1,11,3,3
2013160C03531,1,9,0,3,0,0,0,0,0,0,2,1,6,2,7,1995,2,9,2,1
2013160C03531,2,9,0,18,0,0,1,0,0,0,1,1,6,1,7,-1,-1,-1,2,1
2013160C03561,1,9,0,18,0,0,2,0,0,0,1,1,6,2,6,1796,1,11,4,1
2013160C03561,2,9,0,18,0,0,0,0,0,0,2,1,6,1,7,2179,2,10,9,1
2013160C03571,1,9,0,9,0,5,0,0,0,0,1,1,6,2,6,1686,2,2,2,2
2013160C03591,1,9,0,18,0,1,0,0,0,0,1,1,6,2,4,998,1,3,10,2
2013160C03591,2,9,0,10,0,1,0,0,0,0,2,1,6,1,8,1968,2,-1,4,3
2013160C03601,1,9,0,9,0,1,0,0,0,0,1,1,6,1,10,1229,1,8,1,1
2013160C03601,2,9,0,18,0,1,1,0,6,10,3,1,6,1,6,1598,1,9,1,1
2013160C03611,1,8,0,2,0,1,0,0,0,0,0,1,6,2,7,1560,2,6,2,1
2013160C03621,1,9,0,18,9,5,0,0,0,0,4,1,6,1,9,1399,2,6,8,1
2013160C03621,2,1,0,18,9,8,0,0,0,0,1,1,6,2,2,-1,-1,-1,2,1
2013160C03631,1,10,0,18,0,0,0,0,0,0,0,1,6,1,7,-1,-1,-1,1,1
2013160C03641,1,9,0,3,0,2,0,0,0,0,2,1,6,2,8,1997,1,9,8,1
2013160C03641,2,1,0,18,0,2,0,0,0,0,1,1,6,1,3,-1,-1,-1,7,1
2013160C03661,1,1,0,18,0,1,0,0,0,0,1,1,2,1,8,-1,-1,-1,9,1
2013160C03671,1,9,0,18,0,0,0,0,0,0,0,1,6,3,-1,-1,-1,-1,-1,-1
2013160C03671,2,2,0,18,0,0,1,0,0,0,0,1,2,2,5,108,1,-1,7,3
2013160C03681,1,9,0,5,5,8,0,0,0,0,1,1,6,2,9,1398,1,2,6,1
2013160C03681,2,1,0,18,5,8,0,0,0,0,3,1,6,2,11,-1,-1,-1,6,1
2013160C03691,1,9,0,18,0,0,0,0,0,0,2,1,6,2,7,1598,1,2,7,1
2013160C03691,2,9,0,18,0,0,0,0,0,0,1,1,6,1,6,-1,-1,-1,1,1
2013160C03701,1,9,0,9,0,5,0,0,0,0,4,1,6,1,4,1461,2,9,9,3
2013160C03701,2,3,0,18,0,8,0,0,0,0,1,1,2,1,4,124,1,3,9,3
2013160C03721,1,9,0,18,0,4,0,0,0,0,1,1,6,1,4,1199,1,11,6,1
2013160C03721,2,9,0,3,0,4,0,0,0,0,2,1,6,2,9,1198,1,2,1,1
2013160C03731,1,9,0,18,0,0,2,0,1,10,4,1,6,1,6,1360,1,8,1,1
2013160C03741,1,9,0,18,0,0,0,0,7,3,1,1,6,2,7,-1,-1,-1,1,1