Accident_Index,Vehicle_Reference,Vehicle_Type,Towing_and_Articulation,Vehicle_Manoeuvre,Vehicle_Location-Restricted_Lane,Junction_Location,Skidding_and_Overturning,Hit_Object_in_Carriageway,Vehicle_Leaving_Carriageway,Hit_Object_off_Carriageway,1st_Point_of_Impact,Was_Vehicle_Left_Hand_Drive?,Journey_Purpose_of_Driver,Sex_of_Driver,Age_Band_of_Driver,Engine_Capacity_(CC),Propulsion_Code,Age_of_Vehicle,Driver_IMD_Decile,Driver_Home_Area_Type
2013160C05451,1,9,0,10,0,5,0,0,0,0,2,1,6,2,8,1997,2,13,6,1
2013160C05451,2,9,0,18,0,1,0,0,0,0,1,1,6,1,6,2204,2,8,-1,-1
2013160C05461,1,17,0,18,0,4,0,0,0,0,1,1,6,1,9,1498,2,4,1,1
2013160C05461,2,9,0,18,0,1,0,0,0,0,1,1,6,3,-1,-1,-1,-1,-1,-1
2013160C05471,1,19,0,2,0,2,0,0,0,0,0,1,6,3,-1,2500,2,5,-1,-1
2013160C05471,2,22,0,18,0,1,0,0,0,0,0,1,6,2,9,-1,-1,-1,4,1
2013160C05481,1,1,0,18,0,0,0,0,0,0,3,1,6,1,7,-1,-1,-1,3,3
2013160C05481,2,19,0,18,0,0,0,0,0,0,1,1,6,3,-1,-1,-1,-1,-1,-1
2013160C05491,1,9,0,4,0,1,0,0,0,0,1,1,6,1,8,1686,2,1,8,2
2013160C05491,2,9,0,4,0,1,0,0,0,0,2,1,6,1,8,1560,2,1,8,2
2013160C05501,1,17,4,9,0,5,0,0,0,0,3,1,1,1,7,6728,2,1,4,1
2013160C05501,2,9,0,13,0,1,0,0,0,0,1,1,6,1,11,2199,2,-1,6,1
2013160C05511,1,9,0,1,0,1,0,0,0,0,2,1,6,3,-1,-1,-1,-1,-1,-1
2013160C05521,1,9,0,18,0,2,0,0,0,0,4,1,6,1,11,1390,1,15,6,1
2013160C05531,1,3,0,13,0,1,0,0,0,0,1,1,6,1,6,124,1,1,1,1
2013160C05531,2,10,0,9,0,5,0,0,0,0,3,1,1,1,8,2998,2,6,10,1
2013160C05541,1,9,0,18,0,0,0,0,0,0,4,1,6,3,-1,-1,-1,-1,-1,-1
2013160C05541,2,9,0,3,0,0,0,0,0,0,2,1,1,2,4,998,1,14,10,2
2013160C05541,3,9,0,3,0,0,0,0,0,0,2,1,1,2,9,998,1,3,5,1
2013160C05551,1,9,0,18,0,0,2,0,2,7,1,1,6,2,6,1796,1,9,4,1
2013160C05561,1,1,0,14,0,0,0,8,0,0,4,1,6,1,10,-1,-1,-1,1,1
2013160C05561,2,9,0,2,0,0,0,0,0,0,3,1,6,1,9,1988,1,11,-1,-1
2013160C05571,1,9,0,9,0,1,0,0,0,0,2,1,6,2,6,1968,2,7,10,2
2013160C05571,2,19,0,4,0,1,1,0,0,0,1,1,1,1,6,2287,2,1,8,1
2013160C05581,1,3,0,17,0,8,0,0,0,0,0,1,6,2,8,124,1,17,1,1
2013160C05591,1,9,0,2,4,0,0,0,0,0,2,1,6,3,-1,-1,-1,-1,8,1
2013160C05591,2,1,0,18,4,0,0,0,0,0,1,1,2,1,6,-1,-1,-1,8,1
2013160C05601,1,9,0,9,0,5,0,0,0,0,4,1,6,1,11,1240,1,9,10,2
2013160C05601,2,5,0,18,0,8,0,0,0,0,1,1,6,1,9,-1,-1,-1,10,2
2013160C05611,1,9,0,9,0,6,0,0,0,0,1,1,6,2,5,1242,1,10,9,1
2013160C05611,2,2,0,18,0,1,1,0,0,0,1,1,6,1,8,49,1,4,9,1
2013160C05621,1,9,0,9,0,5,0,0,0,0,0,1,6,3,-1,-1,-1,-1,-1,-1
2013160C05621,2,5,0,18,0,1,0,0,0,0,4,1,6,1,10,1100,1,-1,8,2
2013160C05631,1,9,0,18,0,0,0,0,0,0,1,1,2,1,7,1399,2,2,10,3
2013160C05631,2,9,0,18,0,0,0,0,0,0,3,1,2,1,6,1497,1,12,1,1
2013160C05631,3,9,0,18,0,0,0,0,0,0,3,1,6,2,7,1796,1,8,5,3
2013160C05641,1,2,0,4,0,1,0,0,0,0,1,1,6,1,4,49,1,4,9,2
2013160C05641,2,2,0,4,0,1,0,0,0,0,2,1,6,1,4,49,1,1,6,2
2013160C05641,3,2,0,4,0,1,0,0,0,0,0,1,6,1,4,49,1,-1,7,2
2013160C05641,4,2,0,4,0,1,0,0,0,0,0,1,6,1,4,50,1,6,8,2
2013160C05641,5,9,0,4,0,1,0,0,0,0,0,1,6,3,-1,-1,-1,-1,-1,-1
2013160C05651,1,9,0,3,0,1,0,0,0,0,2,1,2,1,7,1984,1,6,7,3
2013160C05651,2,9,0,5,0,1,0,0,0,0,1,1,6,1,8,-1,-1,-1,1,1
2013160C05661,1,9,0,18,0,4,0,0,0,0,1,1,6,2,6,1995,2,-1,10,1
2013160C05661,2,5,0,9,0,8,0,0,0,0,4,1,6,1,8,675,1,7,3,1
2013160C05661,3,9,0,5,0,4,0,0,0,0,3,1,6,1,9,2231,2,6,7,1
2013160C05671,1,8,0,17,0,0,0,0,0,0,1,1,1,1,7,1598,1,4,7,2
2013160C05671,2,9,0,16,0,0,0,0,0,0,1,1,6,1,5,1796,1,4,3,3
2013160C05681,1,9,0,9,0,6,0,0,0,0,1,1,6,1,10,1985,1,10,8,3
2013160C05681,2,9,0,18,0,8,0,0,0,0,4,1,6,2,7,1968,2,7,8,2
2013160C05691,1,9,0,4,0,0,1,0,1,10,4,1,6,2,4,973,1,10,5,3
2013160C05701,1,9,0,18,0,8,0,0,7,0,1,1,6,1,11,1989,1,14,3,1
2013160C05701,2,9,0,10,0,6,0,0,0,0,1,1,6,2,9,2993,2,-1,8,2
2013160C05711,1,9,0,7,0,6,0,0,0,0,3,1,6,2,6,2499,2,9,8,2
2013160C05711,2,9,0,18,0,8,1,0,0,0,4,1,6,1,6,1343,1,11,4,2
2013160C05711,3,9,0,10,0,8,0,0,0,0,3,1,6,1,9,1398,1,12,7,3
2013160C05741,1,20,0,18,0,0,1,0,0,0,1,1,1,1,7,4250,2,16,2,1
2013160C05741,2,9,0,3,0,0,0,0,0,0,2,1,2,2,9,2688,2,11,6,3
2013160C05741,3,9,0,3,0,0,0,0,0,0,2,1,2,2,6,1587,1,7,8,2
2013160C05751,1,9,0,14,0,1,0,0,0,0,1,1,6,3,-1,-1,-1,-1,-1,-1
2013160C05751,2,1,0,18,0,2,0,0,0,0,1,1,2,1,5,-1,-1,-1,1,1
2013160C05761,1,21,0,2,0,0,0,0,0,0,2,1,1,1,8,12130,2,9,1,1
2013160C05761,2,21,0,2,0,0,0,4,1,0,2,1,1,3,-1,10837,2,6,-1,-1
2013160C05761,3,21,1,18,0,0,1,4,0,0,1,1,1,1,9,10518,2,3,5,3
2013160C05771,1,9,0,7,0,6,0,0,0,0,3,1,6,1,10,1149,1,4,2,1
2013160C05771,2,9,0,18,0,8,0,0,0,0,1,1,6,1,10,1686,2,8,6,1
2013160C05781,1,8,0,18,0,0,0,0,0,0,1,1,1,1,8,1997,2,4,8,1
2013160C05781,2,9,0,11,0,0,0,0,0,0,2,1,6,2,6,1998,2,8,1,1
2013160C05791,1,3,0,17,0,1,0,0,0,0,4,1,1,2,6,124,1,1,1,1
2013160C05801,1,9,0,16,0,0,2,0,1,10,4,1,6,1,5,1242,1,11,7,3
2013160C05811,1,9,0,3,0,1,0,0,0,0,2,1,6,2,9,1493,2,5,9,3
2013160C05811,2,9,0,18,0,1,0,0,0,0,1,1,1,2,7,1900,2,11,8,3
2013160C05821,1,4,0,18,0,0,0,0,0,0,3,1,6,1,6,124,1,7,3,3
2013160C05821,2,9,0,18,0,0,0,0,0,0,4,1,6,1,6,2172,2,11,5,3
2013160C05821,3,17,0,18,0,0,0,0,0,0,0,1,1,1,6,-1,2,1,8,3
2013160C05831,1,3,0,16,0,0,0,0,0,0,3,1,6,1,7,124,1,1,4,1
2013160C05831,2,2,0,17,0,0,0,0,1,9,3,1,6,1,10,599,1,17,1,1
2013160C05831,3,9,0,17,0,0,0,0,0,0,3,1,6,1,8,1998,1,12,4,1
2013160C05841,1,9,0,18,0,0,1,10,2,2,4,1,1,2,6,1600,1,9,8,1
2013160C05851,1,9,0,18,0,0,0,0,1,9,1,1,6,2,10,998,1,1,5,2
2013160C05861,1,9,0,13,0,0,5,0,0,0,1,1,6,1,4,1994,2,10,7,3
2013160C05861,2,9,0,13,0,0,0,0,0,0,0,1,6,2,8,1991,2,8,8,2
2013160C05861,3,9,0,18,0,0,0,0,0,0,2,1,6,2,10,1560,2,5,7,3
2013160C05871,1,19,0,18,0,0,2,0,1,10,4,1,6,1,8,2499,2,10,3,1
2013160C05871,2,9,0,18,0,0,0,0,0,0,0,1,6,3,-1,-1,-1,-1,-1,-1
2013160C05881,1,9,0,7,0,6,0,0,0,0,1,1,2,2,7,1360,1,11,7,1
2013160C05881,2,1,0,18,0,8,0,0,0,0,4,1,2,1,7,-1,-1,-1,5,1
2013160C05891,1,9,0,18,0,1,0,0,0,0,1,1,3,2,8,1997,2,1,9,1
2013160C05891,2,21,0,8,0,1,0,0,0,0,2,1,2,1,4,-1,-1,-1,7,3
2013160C05901,1,11,0,5,0,1,0,0,0,0,0,1,1,1,9,7300,2,11,5,1
2013160C05901,2,9,0,9,0,5,0,0,0,0,0,1,6,2,10,1596,1,4,10,2
2013160C05911,1,1,0,18,0,1,0,0,0,0,2,1,6,1,9,-1,-1,-1,7,1
2013160C05911,2,9,0,18,0,1,0,0,0,0,1,1,6,3,-1,-1,-1,-1,-1,-1
2013160C05921,1,9,0,9,0,5,0,0,0,0,2,1,3,1,6,1242,1,9,8,2
2013160C05921,2,9,0,18,0,1,0,0,0,0,1,1,6,2,8,1599,1,7,8,2
2013160C05931,1,9,0,17,0,0,5,0,1,7,4,1,6,1,4,1341,1,9,5,1
2013160C05941,1,9,0,4,0,0,0,0,0,0,2,1,6,2,8,1968,2,2,9,1
2013160C05941,2,9,0,18,0,0,0,0,0,0,1,1,6,1,7,2000,1,6,9,1
2013160C05941,3,9,0,4,0,0,0,0,0,0,0,1,6,3,-1,-1,-1,-1,-1,-1
2013160C05951,1,21,1,9,0,6,0,0,0,0,3,1,1,1,8,12777,2,4,8,2
2013160C05951,2,5,0,18,0,8,1,0,0,0,1,1,6,1,9,999,1,3,7,1
2013160C05961,1,9,0,18,0,8,0,0,0,0,1,1,6,2,10,1364,1,8,5,1
2013160C05961,2,9,0,17,0,8,0,0,0,0,1,1,6,1,8,1200,1,-1,5,1
2013160C05981,1,9,0,18,0,0,0,0,0,0,1,1,6,2,4,1149,1,10,10,2
2013160C05981,2,1,0,18,0,0,0,0,0,0,2,1,6,1,6,-1,-1,-1,7,1
2013160C05991,1,9,0,18,0,2,0,0,0,0,1,1,3,2,7,1896,2,7,7,3
2013160C06001,1,9,0,9,0,5,0,0,0,0,4,1,6,2,6,1598,1,6,1,1
2013160C06001,2,3,0,18,0,8,0,0,0,0,1,1,6,2,8,124,1,4,2,1
2013160C06011,1,9,0,18,0,0,2,0,1,0,1,1,2,2,5,1299,1,10,10,3
2013160C06021,1,9,0,13,0,0,0,0,0,0,4,1,6,1,10,1398,1,9,2,1
2013160C06021,2,1,0,18,0,0,0,0,0,0,3,1,6,1,10,-1,-1,-1,10,2
2013160C06031,1,9,0,18,0,0,0,0,0,0,1,1,2,1,8,1299,1,11,7,1
2013160C06041,1,9,0,3,0,0,0,0,0,0,2,1,6,2,6,1364,1,6,4,1
2013160C06041,2,9,0,4,0,0,0,0,0,0,1,1,6,1,9,1242,1,6,2,1
2013160C06051,1,9,0,9,0,6,0,0,0,0,4,1,6,3,-1,-1,-1,-1,-1,-1
2013160C06051,2,1,0,18,0,8,0,0,0,0,2,1,6,1,3,-1,-1,-1,2,1
2013160C06061,1,9,0,5,0,0,0,0,0,0,3,1,6,1,10,2148,2,7,8,2
2013160C06071,1,9,0,17,0,0,5,0,0,7,2,1,6,2,8,1598,1,4,10,3
2013160C06071,2,9,0,17,0,0,1,0,0,7,1,1,6,1,6,2457,1,6,10,2
2013160C06081,1,9,0,16,0,0,2,0,7,9,4,1,6,2,4,1124,1,8,2,1
2013160C06091,1,9,0,18,0,0,2,0,1,9,1,1,6,1,5,1587,1,14,1,1
2013160C06101,1,19,0,17,0,0,0,0,1,9,1,1,6,1,8,1560,2,1,1,1
2013160C06111,1,9,0,4,0,1,0,0,0,0,1,1,6,2,7,-1,-1,-1,8,1
2013160C06111,2,9,0,4,0,1,0,0,0,0,2,1,6,1,9,1398,1,8,1,1
2013160C06111,3,9,0,4,0,1,0,0,0,0,2,1,6,1,4,1229,1,1,8,1
2013160C06121,1,9,0,3,0,1,0,0,0,0,2,1,2,2,7,1242,1,-1,7,1
2013160C06121,2,19,0,4,0,1,0,0,0,0,1,1,1,1,8,2143,2,1,4,1
2013160C06131,1,9,0,18,0,8,0,0,1,10,1,1,2,2,6,1598,2,2,10,2
2013160C06131,2,9,0,9,0,5,0,0,7,10,4,1,2,2,8,1999,1,5,7,3
2013160C06141,1,9,0,9,0,6,0,0,0,0,3,1,6,2,9,1984,1,5,5,3
2013160C06141,2,9,0,18,0,8,0,0,0,0,1,1,6,2,8,2972,1,8,5,3
2013160C06151,1,3,0,18,0,8,1,0,0,0,4,1,6,1,5,124,1,5,6,1
2013160C06151,2,9,0,5,0,6,0,0,0,0,1,1,6,1,6,1360,1,11,6,3
2013160C06161,1,9,0,7,0,6,0,0,0,0,3,1,3,2,7,1560,2,6,10,1
2013160C06161,2,1,0,18,0,8,0,0,0,0,1,1,1,2,9,-1,-1,-1,10,1
2013160C06171,1,9,0,18,0,0,0,0,0,0,4,1,6,3,-1,-1,-1,-1,-1,-1
2013160C06181,1,9,0,14,0,0,5,0,0,0,3,1,6,2,5,1149,1,3,6,3
2013160C06181,2,9,0,3,0,0,0,0,0,0,3,1,1,1,7,1598,2,-1,10,1
2013160C06191,1,9,0,18,0,0,0,0,0,0,1,1,2,1,8,1998,2,11,1,1
2013160C06191,2,9,0,18,0,0,0,0,0,0,1,1,6,1,9,2685,2,9,10,2
2013160C06201,1,19,0,7,0,6,0,0,0,0,1,1,6,1,-1,1461,2,8,10,2
2013160C06201,2,1,0,18,0,8,0,0,0,0,4,1,6,1,8,-1,-1,-1,9,3
2013160C06211,1,9,0,12,0,1,0,0,0,0,2,1,6,1,5,2401,2,9,4,1
2013160C06211,2,1,0,18,0,1,0,0,0,0,1,1,2,2,6,-1,-1,-1,3,1
2013160C06221,1,9,0,17,0,0,1,0,0,0,1,1,6,1,7,1396,1,8,4,2
2013160C06221,2,9,0,16,0,0,0,0,0,0,1,1,1,1,7,1584,1,3,9,1
2013160C06231,1,9,0,9,0,5,0,0,0,0,4,1,6,1,10,-1,-1,-1,8,3
2013160C06231,2,9,0,18,0,1,0,0,7,10,1,1,6,2,8,1796,1,9,7,1
2013160C06231,3,9,0,8,0,1,0,0,0,0,3,1,6,1,10,2902,2,9,9,1
2013160C06241,1,2,0,16,0,0,1,0,0,0,1,1,2,1,5,49,1,10,2,1
2013160C06241,2,8,0,17,0,0,0,0,0,0,1,1,2,2,9,1968,2,3,7,3
2013160C06251,1,1,0,9,0,4,0,0,0,0,2,1,1,1,7,-1,-1,-1,10,1
2013160C06251,2,9,0,7,0,4,0,0,0,0,1,1,6,3,-1,-1,-1,-1,-1,-1
2013160C06281,1,9,0,18,0,0,1,6,2,7,4,1,6,2,5,1951,2,10,7,3
2013160C06291,1,9,0,18,0,0,1,0,1,10,1,1,6,2,11,1240,1,10,8,1
2013160C06291,2,9,0,18,0,0,0,0,0,0,3,1,1,1,8,-1,-1,-1,1,1
2013160C06301,1,9,0,18,0,0,0,0,0,0,1,1,6,2,5,1968,2,2,7,2
2013160C06301,2,17,4,18,0,0,0,0,0,0,2,1,6,1,8,-1,2,1,3,1
2013160C06311,1,21,0,13,0,2,0,0,0,0,0,1,1,1,7,12777,2,3,-1,1
2013160C06311,2,4,0,13,0,2,1,0,7,1,3,1,6,2,8,487,1,21,8,1
2013160C06321,1,9,0,18,0,0,0,0,0,0,1,1,6,1,7,4196,1,11,5,2
2013160C06321,2,9,0,2,0,0,0,0,0,0,3,1,6,3,-1,2685,2,12,-1,-1
2013160C06331,1,9,0,17,0,8,1,0,7,3,1,1,2,2,6,1998,2,6,8,3
2013160C06341,1,9,0,18,0,6,0,0,0,0,1,1,6,1,9,1598,2,2,7,1
2013160C06341,2,9,0,18,0,8,0,0,0,0,4,1,6,1,8,973,1,13,10,2
2013160C06351,1,9,0,10,0,8,0,0,0,0,2,1,2,1,6,1783,1,11,4,1
2013160C06351,2,20,0,18,0,8,0,0,0,0,1,1,1,2,4,-1,-1,-1,7,3
2013160C06361,1,9,0,18,0,0,1,0,7,9,1,1,6,1,7,1997,2,8,2,3
2013160C06371,1,9,0,17,0,0,1,0,1,9,1,1,6,1,6,1796,1,12,1,1
2013160C06381,1,19,0,17,0,0,2,0,7,10,1,1,6,2,9,2496,2,14,3,3
2013160C06391,1,9,0,16,0,0,0,0,0,0,3,1,6,1,7,-1,-1,-1,5,2
2013160C06391,2,9,0,17,0,0,0,0,0,0,3,1,6,1,10,1461,2,3,5,2
2013160C06401,1,9,0,16,0,0,1,0,0,0,3,1,2,1,4,2000,1,12,10,3
2013160C06401,2,98,1,2,0,0,0,0,0,0,2,1,6,3,-1,-1,-1,-1,-1,-1
2013160C06401,3,10,0,17,0,0,0,0,0,0,0,1,1,3,-1,-1,-1,-1,-1,-1
2013160C06411,1,9,0,18,0,6,2,10,3,0,1,1,6,2,4,1242,1,-1,5,3
2013160C06421,1,8,0,18,0,0,0,10,1,10,1,1,1,3,-1,-1,-1,-1,-1,-1
2013160C06431,1,9,0,3,0,0,0,0,0,0,2,1,6,1,6,2172,2,12,1,1
2013160C06431,2,9,0,18,0,0,0,0,0,0,1,1,1,1,8,1560,2,4,5,1
2013160C06441,1,19,0,16,0,0,2,0,7,11,3,1,1,1,6,2494,2,5,1,1
2013160C06451,1,9,0,18,0,0,0,0,0,0,1,1,1,2,6,1560,2,4,6,3
2013160C06451,2,9,0,18,0,0,0,0,0,0,2,1,6,1,10,1248,1,2,10,3
2013160C06461,1,9,0,9,0,5,0,0,0,0,1,1,2,1,6,2198,2,7,2,1
2013160C06461,2,3,0,18,0,8,1,0,0,0,4,1,2,1,6,124,1,1,7,2
2013160C06471,1,21,1,18,0,4,0,0,0,0,3,2,1,1,9,-1,-1,-1,-1,-1
2013160C06471,2,9,0,18,0,4,0,0,0,0,4,1,1,1,7,1360,1,4,8,3
2013160C06481,1,9,0,9,8,0,0,0,0,0,1,1,6,1,9,1598,2,1,5,1
2013160C06481,2,4,0,18,0,0,0,0,0,0,1,1,6,1,8,198,1,13,5,3
2013160C06491,1,9,0,7,0,4,0,0,0,0,0,1,6,3,-1,-1,-1,-1,-1,-1
2013160C06491,2,11,0,18,0,8,0,0,0,0,0,1,1,1,9,9360,2,4,9,1
2013160C06501,1,5,0,16,0,2,1,0,7,9,4,1,6,1,10,645,1,14,2,1
2013160C06511,1,9,0,18,0,8,1,10,1,11,4,1,2,2,4,1229,1,8,3,3
2013160C06511,2,8,0,7,0,6,0,0,0,0,1,1,1,1,8,1997,2,9,5,3
2013160C06521,1,9,0,9,0,1,0,0,0,0,3,1,6,2,9,2993,2,6,7,1
2013160C06531,1,9,0,1,0,6,0,10,3,11,2,1,6,1,11,1560,2,4,3,3
2013160C06551,1,3,0,14,0,1,0,0,0,0,1,1,6,1,4,124,1,26,8,2
2013160C06551,2,9,0,9,0,6,0,0,0,0,1,1,6,1,7,1588,1,11,8,2
2013160C06561,1,9,0,5,0,0,0,0,0,0,4,1,6,1,4,1229,1,7,7,3
2013160C06571,1,9,0,10,0,8,0,0,0,0,2,1,6,1,8,1753,2,5,4,2
2013160C06571,2,3,0,18,0,1,0,0,0,0,1,1,6,1,6,124,1,2,2,1
2013160C06581,1,2,0,18,0,0,1,10,1,0,1,1,4,1,4,125,1,1,5,2
2013160C06591,1,9,0,16,0,0,0,0,0,0,3,1,6,3,-1,-1,-1,-1,-1,-1
2013160C06591,2,3,0,17,0,0,1,0,1,11,3,1,6,1,4,124,1,1,10,1
2013160C06601,1,9,0,18,0,0,0,0,0,0,3,1,6,1,6,1389,1,19,6,1
2013160C06601,2,9,0,13,0,0,0,0,0,0,4,1,6,2,5,1686,2,11,3,3
2013160C06611,1,9,0,18,0,0,0,0,0,0,1,1,6,1,4,1388,1,11,8,1
2013160C06611,2,9,0,3,0,0,0,0,0,0,2,1,6,2,7,1149,1,5,10,1
2013160C06611,3,9,0,3,0,0,0,0,0,0,2,1,6,2,7,1242,1,2,10,1
2013160C06611,4,9,0,3,0,0,0,0,0,0,2,1,6,1,7,1870,2,10,9,3
2013160C06621,1,9,0,13,0,0,1,0,0,6,3,1,6,1,7,1975,1,7,9,2
2013160C06621,2,9,0,18,0,0,1,0,0,0,1,1,6,1,7,1796,1,10,1,1
2013160C06621,3,9,0,13,0,0,0,0,0,0,4,1,6,1,6,1999,1,-1,1,1
2013160C06631,1,9,0,16,0,0,1,0,1,10,1,1,6,1,7,1598,7,11,5,2
2013160C06631,2,9,0,17,0,0,1,0,1,10,1,1,6,1,10,1598,1,9,4,2
2013160C06641,1,19,4,16,0,0,1,10,0,0,4,1,1,1,9,2488,2,4,5,1
2013160C06641,2,9,0,17,0,0,0,0,0,0,3,1,6,2,8,1586,1,1,5,3
2013160C06651,1,9,0,17,0,0,2,0,2,4,1,1,6,1,4,1490,1,5,10,2
2013160C06661,1,9,0,7,0,5,2,7,1,1,1,1,6,1,4,1299,1,11,9,2
2013160C06671,1,19,0,17,0,2,0,0,0,0,1,1,1,1,6,2151,2,11,10,2
2013160C06671,2,9,0,3,0,2,0,0,0,0,2,1,6,1,9,1390,2,8,8,2
2013160C06681,1,5,0,18,0,2,1,0,1,10,3,1,6,1,10,805,1,9,1,1
2013160C06691,1,9,0,18,0,0,0,0,1,9,4,1,6,2,6,1149,1,12,10,2
2013160C06701,1,1,0,18,4,8,0,0,0,0,4,1,2,2,7,-1,-1,-1,5,1
2013160C06701,2,9,0,7,0,6,0,0,0,0,1,1,2,2,8,1328,1,3,8,1
2013160C06711,1,9,0,9,0,6,0,0,0,0,1,1,6,1,10,1999,1,5,4,1
2013160C06711,2,1,0,9,0,5,0,0,0,0,1,1,6,1,10,-1,-1,-1,3,1
2013160C06721,1,4,0,7,0,5,0,0,0,0,1,1,2,2,4,124,1,1,1,1
2013160C06721,2,22,0,18,0,6,0,0,0,0,1,1,6,3,-1,-1,-1,-1,-1,-1
2013160C06731,1,9,0,18,0,8,0,0,0,0,1,1,6,2,8,1598,1,8,2,1
2013160C06731,2,9,0,9,0,6,0,0,0,0,3,1,6,1,6,1589,1,13,9,3
2013160C06741,1,9,0,18,0,0,1,10,1,2,4,1,6,1,6,1896,2,12,1,1
2013160C06751,1,9,0,18,0,0,1,0,0,0,3,1,2,1,5,1753,2,10,10,2
2013160C06751,2,20,0,18,0,0,0,0,1,10,3,1,1,1,7,-1,-1,-1,8,1
2013160C06761,1,9,0,18,0,0,2,10,1,7,1,1,6,1,7,1587,1,15,4,1
2013160C06771,1,9,0,18,0,4,0,0,0,0,1,1,2,2,8,1242,1,6,6,1
2013160C06771,2,1,0,18,0,4,0,0,0,0,2,1,2,1,8,-1,-1,-1,7,1
2013160C06781,1,8,0,18,0,0,0,0,0,6,1,1,1,1,8,1910,2,7,2,1
2013160C06801,1,9,0,18,0,1,0,0,0,0,2,1,6,1,8,1363,2,9,10,2
2013160C06801,2,19,0,18,0,1,0,0,0,0,1,1,1,1,8,1995,2,4,10,2
2013160C06811,1,1,0,12,0,8,0,0,0,0,4,1,6,1,8,-1,-1,-1,10,2
2013160C06811,2,9,0,18,0,3,0,0,0,0,3,1,6,1,8,2179,2,4,10,1
2013160C06821,1,21,1,18,0,8,5,0,0,0,4,1,1,1,8,10518,2,6,9,1
2013160C06871,1,2,0,18,0,4,0,0,0,0,1,1,6,1,4,49,1,-1,5,3
2013160C06871,2,9,0,18,0,8,0,0,0,0,4,1,6,1,5,1753,2,10,9,1
2013160C06881,1,9,0,9,0,6,0,0,0,0,4,1,6,2,10,1240,1,10,4,1
2013160C06881,2,5,0,18,0,1,1,0,1,10,1,1,6,1,4,598,1,22,4,1
2013160C06891,1,3,0,6,0,8,0,0,0,0,4,1,1,1,6,124,1,10,10,2
2013160C06891,2,9,0,18,0,4,0,0,0,0,1,1,1,1,7,1984,1,10,10,2
2013160C06901,1,9,0,7,0,5,0,0,0,0,2,1,6,2,4,1360,1,11,5,1
2013160C06901,2,2,0,18,0,1,0,0,0,0,1,1,6,2,4,49,1,4,8,1
2013160C06911,1,4,0,18,0,0,0,0,0,0,1,1,1,1,8,592,1,19,6,3
2013160C06921,1,9,0,9,0,6,0,0,0,0,3,1,6,3,-1,-1,-1,-1,-1,-1
2013160C06921,2,3,0,18,0,1,1,0,0,0,4,1,6,1,7,124,1,4,6,1
2013160C06941,1,9,0,16,0,0,5,0,0,0,1,1,6,2,6,1896,2,4,7,3
2013160C06941,2,9,0,17,0,0,0,0,1,11,3,1,6,1,10,3199,1,13,7,3
2013160C06951,1,9,0,2,0,0,0,0,0,0,2,1,6,3,-1,1398,2,5,-1,-1
2013160C06951,2,1,0,18,0,0,0,4,0,0,1,1,2,1,8,-1,-1,-1,8,3
2013160C06961,1,9,0,18,0,0,0,0,0,0,1,1,2,2,5,1596,1,13,4,1
2013160C06971,1,9,0,4,0,4,0,0,0,0,1,1,6,1,11,1796,1,8,9,1
2013160C06971,2,9,0,3,0,4,0,0,0,0,2,1,6,2,7,1995,2,-1,7,1
2013160C06981,1,9,0,18,0,0,0,0,0,0,3,1,6,2,7,1360,1,9,8,1
2013160C06991,1,9,0,18,0,1,0,0,7,9,1,1,2,1,9,2498,1,17,10,2
2013160C07011,1,19,0,18,0,1,1,0,0,0,1,1,1,1,7,2300,2,9,3,1
2013160C07011,2,21,2,18,0,1,1,0,0,0,2,1,1,1,8,12777,2,6,5,1
2013160C07011,3,9,0,9,0,5,0,0,0,0,0,1,6,2,7,1896,2,11,10,2
2013160C07021,1,9,0,5,0,6,0,0,0,0,1,1,6,1,6,2498,2,15,6,3
2013160C07021,2,2,0,18,0,1,0,0,0,0,3,1,6,1,4,49,1,12,4,1
2013160C07031,1,9,0,9,0,6,0,0,0,0,3,1,6,2,6,1199,1,12,4,1
2013160C07031,2,3,0,17,0,8,1,0,0,0,1,1,6,1,5,124,1,-1,4,1
2013160C07061,1,3,0,18,0,0,0,0,0,0,3,1,6,1,4,123,1,1,-1,-1
2013160C07071,1,9,0,18,0,0,0,0,0,0,3,1,6,1,8,2488,2,2,1,1
2013160C07081,1,9,0,7,0,6,0,0,0,0,1,1,6,3,-1,-1,-1,-1,-1,-1
2013160C07081,2,1,0,18,4,8,0,0,0,0,4,1,6,2,8,-1,-1,-1,-1,-1
2013160C07091,1,9,0,10,0,8,0,0,0,0,2,1,3,2,6,1560,2,3,10,2
2013160C07091,2,9,0,18,0,8,1,0,0,0,1,1,3,1,9,-1,-1,-1,10,2
2013160C07101,1,9,0,18,0,8,0,0,0,0,4,1,6,1,6,-1,-1,-1,9,2
2013160C07111,1,17,4,9,0,5,2,0,1,4,1,1,1,1,9,-1,2,2,7,3
2013160C07121,1,9,0,1,0,0,0,10,1,11,3,1,6,1,11,1598,1,10,8,1
2013160C07131,1,9,0,1,0,5,0,0,1,10,2,1,1,1,6,1584,1,3,8,2
2013160C07141,1,9,0,17,0,0,0,0,1,9,1,1,6,1,6,1596,1,11,2,1
2013160C07151,1,3,0,18,0,1,1,10,1,0,1,1,6,1,8,124,1,8,1,1
2013160C07161,1,9,0,14,0,0,0,0,0,0,1,1,6,2,6,-1,-1,-1,8,3
2013160C07161,2,10,0,2,0,0,0,0,0,0,2,1,1,1,10,4250,2,16,7,2
2013160C07171,1,9,0,5,0,6,0,0,0,0,3,1,2,2,8,1560,2,1,4,2