Accident_Index,Vehicle_Reference,Vehicle_Type,Towing_and_Articulation,Vehicle_Manoeuvre,Vehicle_Location-Restricted_Lane,Junction_Location,Skidding_and_Overturning,Hit_Object_in_Carriageway,Vehicle_Leaving_Carriageway,Hit_Object_off_Carriageway,1st_Point_of_Impact,Was_Vehicle_Left_Hand_Drive?,Journey_Purpose_of_Driver,Sex_of_Driver,Age_Band_of_Driver,Engine_Capacity_(CC),Propulsion_Code,Age_of_Vehicle,Driver_IMD_Decile,Driver_Home_Area_Type
2013160D00151,3,9,0,2,0,2,0,0,0,0,2,1,6,3,-1,1599,1,12,-1,-1
2013160D00151,4,9,0,2,0,2,0,0,0,0,2,1,6,3,-1,1968,2,1,-1,-1
2013160D00161,1,3,0,18,0,0,1,10,0,0,3,1,6,1,6,124,1,11,1,1
2013160D00171,1,1,0,18,0,6,0,0,0,0,3,1,6,1,5,-1,-1,-1,3,1
2013160D00171,2,21,0,18,0,3,0,0,0,0,4,1,6,3,-1,-1,-1,-1,-1,-1
2013160D00181,1,9,0,9,0,2,0,0,0,0,1,1,6,3,-1,-1,-1,-1,-1,-1
2013160D00191,1,9,0,11,0,1,0,0,0,0,4,1,6,3,-1,-1,-1,-1,-1,-1
2013160D00191,2,1,0,18,0,1,0,0,0,0,1,1,6,1,5,-1,-1,-1,1,1
2013160D00201,1,9,0,18,0,0,0,0,0,0,1,1,2,2,8,1149,1,9,1,1
2013160D00201,2,9,0,2,0,0,0,0,0,0,0,1,2,3,-1,1796,1,11,-1,-1
2013160D00211,1,9,0,18,0,8,0,0,0,0,1,1,1,1,7,2494,2,2,1,1
2013160D00211,2,9,0,18,0,8,0,0,1,10,4,1,6,2,7,2179,2,6,8,1
2013160D00221,1,9,0,18,0,1,0,4,0,0,4,1,6,1,7,1781,1,18,5,1
2013160D00221,2,9,0,2,0,1,0,0,0,0,3,1,6,3,-1,1598,1,12,-1,-1
2013160D00241,1,9,0,18,0,1,0,0,0,0,1,1,6,2,6,1368,1,3,8,1
2013160D00241,2,9,0,4,0,1,0,0,0,0,2,1,6,2,8,1598,1,7,8,1
2013160D00251,1,9,0,7,0,6,0,0,0,0,1,1,6,1,6,1399,1,4,5,1
2013160D00251,2,1,0,18,0,8,0,0,0,0,4,1,1,1,6,-1,-1,-1,4,1
2013160D00271,1,9,0,18,0,6,0,0,0,0,1,1,6,1,7,-1,-1,-1,8,1
2013160D00271,2,9,0,18,0,8,0,0,0,0,4,1,6,1,6,-1,-1,-1,4,1
2013160D00281,1,11,0,5,0,0,0,0,0,0,0,1,1,1,8,4500,2,2,1,1
2013160D00291,1,9,0,18,0,1,0,0,0,0,1,1,6,3,-1,-1,-1,-1,-1,-1
2013160D00291,2,1,0,9,0,6,0,0,0,0,4,1,6,1,6,-1,-1,-1,5,1
2013160D00301,1,9,0,9,0,6,0,0,0,0,2,1,6,1,7,1598,1,8,7,1
2013160D00301,2,5,0,18,0,8,0,0,0,0,1,1,6,1,8,750,1,7,1,1
2013160D00311,1,3,0,18,0,0,1,0,0,0,1,1,6,1,4,49,1,1,1,1
2013160D00321,1,1,0,18,0,0,1,0,0,0,0,1,2,1,4,-1,-1,-1,1,1
2013160D00331,1,11,0,2,2,8,0,0,0,0,2,1,1,1,9,9600,2,13,4,1
2013160D00331,2,11,0,18,2,8,0,0,0,0,1,1,1,1,9,6871,2,3,1,1
2013160D00351,1,9,0,7,0,6,0,0,0,0,1,1,6,1,7,973,1,13,1,1
2013160D00351,2,1,0,18,0,8,0,0,0,0,4,1,6,1,7,-1,-1,-1,6,1
2013160D00361,1,9,0,9,0,8,0,0,0,0,4,1,6,1,9,1560,2,1,1,1
2013160D00361,2,9,0,18,0,8,0,0,0,0,3,1,6,1,4,1796,1,6,2,1
2013160D00371,1,9,0,18,0,0,1,0,0,0,1,1,3,2,6,1389,1,11,1,1
2013160D00381,1,19,0,12,0,0,0,0,0,0,1,1,1,1,6,2143,2,1,1,1
2013160D00381,2,9,0,4,0,0,0,0,0,0,2,1,6,2,8,1796,1,14,1,1
2013160D00391,1,1,0,9,0,0,0,0,0,0,4,1,2,1,4,-1,-1,-1,2,1
2013160D00391,2,9,0,18,0,0,0,0,0,0,1,1,6,1,6,2494,1,12,1,1
2013160D00401,1,9,0,7,0,4,0,0,0,0,1,1,6,1,6,2521,1,5,3,1
2013160D00401,2,9,0,9,0,8,1,0,0,0,4,1,2,2,9,1598,1,3,9,1
2013160D00411,1,3,0,4,0,0,1,0,0,0,3,1,6,2,8,125,1,1,2,1
2013160D00451,1,1,0,18,0,0,0,0,0,0,4,1,6,1,7,-1,-1,-1,4,1
2013160D00461,1,9,0,18,0,1,0,0,0,0,1,1,6,3,-1,-1,-1,-1,-1,-1
2013160D00461,2,1,0,18,0,4,0,0,0,0,2,1,6,1,3,-1,-1,-1,8,1
2013160D00471,1,9,0,18,0,0,0,0,0,0,3,1,2,2,7,1360,1,10,4,1
2013160D00471,2,1,0,18,0,0,0,0,0,0,3,1,6,2,6,-1,-1,-1,2,1
2013160D00481,1,9,0,18,0,0,0,0,0,0,1,1,2,2,7,1560,2,5,3,1
2013160D00481,2,9,0,3,0,0,0,0,0,0,2,1,2,1,9,1753,2,6,-1,-1
2013160D00491,1,9,0,9,0,6,0,0,0,0,1,1,3,2,7,1796,1,12,4,1
2013160D00511,1,9,0,1,0,0,0,0,0,0,2,1,6,1,8,1598,1,8,1,1
2013160D00511,2,1,0,18,0,0,0,0,0,0,1,1,6,1,7,-1,-1,-1,1,1
2013160D00521,1,9,0,7,0,6,0,0,0,0,1,1,6,1,10,1497,8,7,5,1
2013160D00521,2,1,0,18,0,8,0,0,0,0,2,1,6,1,4,-1,-1,-1,3,1
2013160D00531,1,9,0,18,0,8,0,0,0,0,3,1,6,1,6,1587,1,11,1,1
2013160D00531,2,9,0,18,0,8,0,0,0,0,1,1,1,1,7,1398,1,2,6,1
2013160D00541,1,9,0,9,0,5,0,0,0,0,4,1,6,2,6,1598,1,11,1,1
2013160D00541,2,3,0,18,0,1,0,0,0,0,1,1,6,1,7,101,1,12,2,1
2013160D00551,1,9,0,18,0,0,0,0,0,0,1,1,2,1,6,1910,2,7,2,1
2013160D00561,1,11,0,18,0,0,0,0,0,0,1,1,1,1,8,8268,2,11,1,1
2013160D00581,1,9,0,18,0,1,0,0,0,0,4,1,1,1,8,1399,2,3,10,1
2013160D00591,1,19,0,18,0,0,0,0,0,0,1,1,1,1,5,1998,2,8,3,2
2013160D00591,2,9,0,18,0,0,0,0,0,0,2,1,6,1,7,1299,1,12,6,1
2013160D00601,1,9,0,9,0,6,0,0,0,0,3,1,6,1,6,1242,1,9,1,1
2013160D00601,2,9,0,18,0,8,0,0,0,0,1,1,6,1,7,-1,-1,-1,1,1
2013160D00611,1,9,0,18,0,0,0,0,0,0,1,1,1,1,7,1560,2,2,2,1
2013160D00611,2,1,0,18,0,0,0,0,0,0,2,1,6,2,5,-1,-1,-1,7,1
2013160D00621,1,9,0,7,0,4,0,0,0,0,1,1,6,1,7,1997,2,9,1,1
2013160D00621,2,1,0,18,0,8,0,0,0,0,4,1,6,1,4,-1,-1,-1,7,1
2013160D00631,1,9,0,10,0,1,0,0,0,0,1,1,6,2,7,2993,2,3,5,1
2013160D00631,2,5,0,18,0,1,1,0,0,0,1,1,2,1,8,1084,1,19,5,1
2013160D00641,1,9,0,18,0,0,1,0,4,6,1,1,6,1,6,2151,2,14,4,3
2013160D00651,1,9,0,3,0,1,0,0,0,0,4,1,2,2,6,1328,1,6,8,1
2013160D00651,2,21,0,1,0,5,0,0,0,0,2,1,1,1,8,-1,2,10,1,1
2013160D00661,1,9,0,7,0,6,0,0,0,0,1,1,6,2,5,1598,1,8,1,1
2013160D00661,2,1,0,18,0,8,0,0,0,0,4,1,6,1,8,-1,-1,-1,5,1
2013160D00671,1,9,0,9,0,6,0,0,0,0,4,1,6,1,7,1998,1,13,4,1
2013160D00671,2,9,0,18,0,8,0,0,0,0,3,1,6,2,5,1248,1,1,7,1
2013160D00691,1,2,0,18,0,0,0,0,0,0,1,1,6,3,-1,-1,-1,-1,-1,-1
2013160D00691,2,1,0,18,0,0,0,0,0,0,3,1,6,1,6,-1,-1,-1,6,1
2013160D00701,1,3,0,18,0,8,0,0,0,0,3,1,6,1,4,49,1,6,1,1
2013160D00701,2,9,0,9,0,5,0,0,0,0,1,1,6,1,4,-1,-1,-1,6,1
2013160D00711,1,9,0,9,0,6,0,0,0,0,1,1,6,2,11,1199,1,9,7,1
2013160D00711,2,2,0,18,0,8,0,0,0,0,1,1,6,1,4,49,1,7,4,1
2013160D00721,1,21,0,12,0,3,0,0,0,0,1,2,1,1,5,-1,-1,-1,-1,-1
2013160D00721,2,19,0,18,0,3,0,0,0,0,2,1,1,1,4,2198,2,5,2,1
2013160D00741,1,9,0,18,0,0,0,0,0,0,1,1,6,2,6,1910,2,12,1,1
2013160D00741,2,9,0,2,0,0,0,0,0,0,2,1,6,3,-1,2793,1,14,-1,-1
2013160D00741,3,9,0,18,0,0,0,0,0,0,1,1,6,1,-1,-1,-1,-1,1,1
2013160D00761,1,8,0,18,0,6,0,0,0,0,1,1,6,2,9,-1,-1,-1,4,1
2013160D00761,2,9,0,18,0,8,0,0,0,0,3,1,6,1,4,1199,1,13,6,3
2013160D00771,1,19,0,6,0,1,0,0,0,0,1,1,1,1,8,-1,-1,-1,10,1
2013160D00771,2,1,0,18,0,8,0,0,0,0,1,1,6,1,10,-1,-1,-1,3,1
2013160D00781,1,9,0,9,0,5,0,0,0,0,4,1,2,1,10,1588,1,12,1,1
2013160D00781,2,1,0,18,0,8,0,0,0,0,1,1,2,1,5,-1,-1,-1,2,1
2013160D00791,1,9,0,18,0,1,0,0,0,0,1,1,6,1,7,1796,1,10,1,1
2013160D00791,2,9,0,4,0,1,0,0,0,0,2,1,6,1,5,1242,1,13,8,1
2013160D00811,1,8,0,18,0,8,0,0,0,0,1,1,1,1,7,1997,2,6,7,1
2013160D00811,2,9,0,9,0,6,0,0,0,0,3,1,2,1,6,1242,1,10,3,1
2013160D00821,1,9,0,7,0,6,0,0,0,0,1,1,6,3,4,-1,-1,-1,1,1
2013160D00831,1,2,0,18,0,2,0,0,0,0,4,1,6,3,-1,49,1,12,-1,-1
2013160D00841,1,9,0,18,0,0,0,0,1,4,4,1,2,1,6,2616,1,8,1,1
2013160D00851,1,9,0,18,0,2,0,0,0,0,4,1,6,2,6,1799,1,6,3,2
2013160D00861,1,9,0,5,0,1,0,0,0,0,1,1,6,1,8,1108,1,16,1,1
2013160D00861,2,9,0,3,0,1,0,0,0,0,2,1,6,1,10,1229,1,4,-1,-1
2013160D00871,1,8,0,7,0,8,0,0,0,0,4,1,6,3,-1,-1,-1,-1,-1,-1
2013160D00871,2,1,0,18,0,8,0,0,0,0,1,1,6,1,6,-1,-1,-1,1,1
2013160D00881,1,9,0,9,0,5,0,0,0,0,1,1,6,3,-1,-1,-1,-1,-1,-1
2013160D00891,1,11,0,5,2,0,0,0,0,0,4,1,1,1,7,4500,2,2,1,1
2013160D00901,1,9,0,7,0,5,0,0,0,0,3,1,2,2,4,1248,2,6,8,3
2013160D00901,2,1,0,18,5,8,0,0,0,0,1,1,2,1,6,-1,-1,-1,6,2
2013160D00921,1,9,0,18,0,1,0,0,0,0,1,1,6,2,5,1497,1,13,9,1
2013160D00921,2,9,0,9,0,6,0,0,0,0,3,1,6,1,6,1242,1,7,7,1
2013160D00931,1,9,0,9,0,6,0,0,0,0,1,1,6,1,4,1149,1,4,9,2
2013160D00931,2,9,0,18,0,1,0,0,0,0,4,1,6,1,4,3100,2,19,2,1
2013160D00931,3,9,0,2,0,1,0,0,0,0,4,1,6,3,-1,1896,2,15,-1,-1
2013160D00931,4,9,0,2,0,2,0,0,0,0,2,1,6,3,-1,1149,1,10,-1,-1
2013160D00941,1,8,0,18,2,1,0,0,0,0,4,1,1,1,9,1997,2,5,5,3
2013160D00941,2,1,0,18,2,1,0,0,0,0,3,1,6,1,6,-1,-1,-1,1,1
2013160D00951,1,9,0,6,0,4,0,0,0,0,1,1,6,3,-1,-1,-1,-1,-1,-1
2013160D00951,2,9,0,9,0,8,0,0,7,10,3,1,6,2,5,1360,1,13,7,1
2013160D00961,1,9,0,5,0,1,0,0,0,0,1,1,6,1,4,1995,2,11,9,1
2013160D00961,2,9,0,3,0,1,0,0,0,0,2,1,6,1,8,2143,2,1,7,1
2013160D00971,1,9,0,18,0,1,0,0,0,0,1,1,6,1,5,1598,1,13,-1,-1
2013160D00971,2,10,0,10,0,1,0,0,0,0,2,1,1,1,7,-1,-1,-1,6,1
2013160D00981,1,9,0,18,0,8,0,0,0,0,1,1,6,1,5,1242,1,9,1,1
2013160D00981,2,8,0,18,0,8,0,0,0,0,4,1,1,1,5,1998,2,6,1,1
2013160D00991,1,9,0,9,0,8,0,0,0,0,4,1,6,1,6,1124,1,14,1,1
2013160D00991,2,9,0,18,0,8,0,0,0,0,1,1,6,2,6,993,1,11,1,1
2013160D01001,1,19,0,9,0,8,0,0,0,0,1,1,6,1,7,-1,-1,-1,1,1
2013160D01001,2,9,0,9,0,8,0,0,0,0,4,1,6,1,8,1799,1,18,2,1
2013160D01011,1,9,0,7,0,4,0,0,0,0,1,1,6,1,9,1598,1,11,6,3
2013160D01011,2,1,0,18,0,8,0,0,0,0,1,1,6,2,6,-1,-1,-1,1,1
2013160D01021,1,9,0,17,0,1,0,0,0,0,2,1,6,2,7,1910,2,6,8,2
2013160D01021,2,19,0,17,0,1,0,0,0,0,1,1,6,1,8,-1,-1,-1,8,1
2013160D01031,1,9,0,9,0,4,0,0,0,0,1,1,6,2,9,1339,1,3,7,1
2013160D01031,2,2,0,18,0,8,0,0,0,0,1,1,6,1,4,-1,-1,-1,1,1
2013160D01041,1,9,0,18,0,8,0,0,0,0,4,1,6,3,-1,-1,-1,-1,-1,-1
2013160D01041,2,1,0,18,0,6,0,0,0,0,1,1,6,1,5,-1,-1,-1,3,1
2013160D01051,1,9,0,1,0,8,0,0,0,0,2,1,6,1,6,973,1,12,1,1
2013160D01061,1,9,0,18,0,0,0,0,0,0,4,1,6,1,8,1999,1,6,1,1
2013160D01071,1,9,0,9,0,5,0,0,0,0,1,1,6,1,8,1995,2,1,4,1
2013160D01071,2,1,0,9,0,6,0,0,0,0,4,1,6,1,9,-1,-1,-1,8,1
2013160D01081,1,11,0,3,0,0,0,0,0,0,0,1,1,1,9,6871,2,11,6,1
2013160D01091,1,9,0,12,0,0,0,0,0,0,0,1,6,3,-1,-1,-1,-1,-1,-1
2013160D01091,2,11,0,18,0,0,0,0,0,0,0,1,1,1,8,7300,2,8,5,1
2013160D01101,1,8,0,7,2,6,0,0,0,0,1,1,1,3,-1,-1,-1,-1,-1,-1
2013160D01101,2,3,0,18,2,8,1,0,0,0,4,1,2,1,4,125,1,2,5,1
2013160D01111,1,9,0,9,0,5,0,0,0,0,1,1,6,1,5,1199,1,10,5,1
2013160D01111,2,1,0,18,0,8,0,0,0,0,3,1,6,1,9,-1,-1,-1,1,1
2013160D01121,1,9,0,18,0,1,0,0,0,0,1,1,6,1,7,1149,1,11,6,1
2013160D01131,1,2,0,18,0,0,0,0,0,0,1,1,6,1,9,49,1,18,1,1
2013160D01141,1,9,0,18,0,8,0,0,0,0,2,1,6,1,6,1997,1,16,1,1
2013160D01141,2,9,0,9,0,8,0,0,0,0,4,1,6,1,4,1242,1,9,1,1
2013160D01161,1,9,0,9,0,8,0,0,0,0,1,1,6,1,7,998,1,12,5,1
2013160D01161,2,1,0,9,0,8,0,0,0,0,4,1,1,1,6,-1,-1,-1,4,1
2013160D01171,1,19,0,18,0,1,0,0,0,0,4,1,6,1,9,1868,2,10,4,1
2013160D01171,2,1,0,18,0,1,0,0,0,0,3,1,6,1,6,-1,-1,-1,9,1
2013160D01181,1,8,0,9,0,3,0,0,0,0,1,1,6,1,6,1997,2,9,6,1
2013160D01181,2,9,0,18,0,8,0,0,0,0,3,1,6,2,6,1596,1,3,4,1
2013160D01191,1,1,0,7,0,6,0,0,0,0,4,1,6,1,7,-1,-1,-1,1,1
2013160D01201,1,9,0,18,0,8,0,0,0,0,4,1,6,1,5,-1,-1,-1,5,1
2013160D01201,2,2,0,18,0,6,1,0,0,0,1,1,6,1,4,49,1,12,3,1
2013160D01201,3,19,0,18,0,1,0,0,0,0,0,1,6,1,7,1995,2,2,1,1
2013160D01211,1,9,0,7,0,6,0,0,0,0,1,1,2,1,6,1461,2,3,7,1
2013160D01211,2,2,0,7,0,6,0,0,0,0,2,1,2,2,7,49,1,1,1,1
2013160D01221,1,9,0,18,0,0,0,0,0,0,1,1,6,1,6,1461,2,10,5,1
2013160D01221,2,9,0,4,0,0,0,0,0,0,2,1,6,1,6,1896,2,11,2,1
2013160D01241,1,11,0,2,0,0,0,0,0,0,2,1,1,1,7,6700,2,2,9,1
2013160D01241,2,9,0,18,0,0,0,4,0,0,1,1,6,1,4,998,1,16,1,1
2013160D01251,1,9,0,18,0,6,0,0,0,0,1,1,6,2,8,1242,1,9,1,1
2013160D01251,2,9,0,7,0,6,0,0,0,0,3,1,6,2,6,1390,1,13,2,1
2013160D01261,1,9,0,18,0,6,0,0,0,0,1,1,1,1,8,1796,1,12,5,1
2013160D01261,2,9,0,9,0,8,0,0,0,0,3,1,6,2,4,1596,1,8,1,1
2013160D01271,1,9,0,9,0,2,0,0,0,0,1,1,6,1,9,2500,2,20,8,2
2013160D01281,1,9,0,18,0,1,0,0,0,0,1,1,6,1,7,1686,2,1,1,1
2013160D01291,1,9,0,7,0,4,0,0,0,0,1,1,1,1,6,1997,2,9,1,1
2013160D01291,2,9,0,18,0,8,0,0,0,0,1,1,1,1,6,1998,2,7,1,1
2013160D01301,1,9,0,9,0,6,0,0,0,0,4,1,6,1,8,1560,2,1,1,1
2013160D01301,2,1,0,18,0,6,0,0,0,0,1,1,6,1,8,-1,-1,-1,4,1
2013160D01311,1,19,0,18,0,0,0,0,0,0,4,1,6,1,7,-1,-1,-1,1,1
2013160D01321,1,9,0,7,0,6,0,0,0,0,1,1,6,1,5,1598,1,10,3,1
2013160D01321,2,1,0,18,0,8,0,0,0,0,2,1,6,1,5,-1,-1,-1,1,1
2013160D01341,1,9,0,18,0,1,0,0,0,0,1,1,6,1,11,1997,2,10,1,1
2013160D01341,2,9,0,10,0,4,0,0,0,0,2,1,6,2,6,1398,2,9,1,1
2013160D01351,1,9,0,2,0,1,0,0,0,0,3,1,6,1,9,1686,2,10,3,1
2013160D01351,2,1,0,18,0,1,0,0,0,0,4,1,6,2,10,-1,-1,-1,1,1
2013160D01361,1,9,0,18,0,8,0,0,0,0,1,1,6,3,-1,-1,-1,-1,-1,-1
2013160D01361,2,1,0,18,0,8,0,0,0,0,2,1,6,1,4,-1,-1,-1,1,1
2013160D01371,1,8,0,5,0,0,0,0,0,0,0,1,1,1,7,1560,2,7,1,1
2013160D01381,1,9,0,18,0,8,1,0,1,11,1,1,6,2,4,1299,1,9,5,1
2013160D01391,1,9,0,9,0,6,0,0,0,0,1,1,6,1,9,2495,2,11,4,1
2013160D01391,2,9,0,18,0,8,0,0,0,0,4,1,2,1,6,1686,2,6,8,1
2013160D01401,1,1,0,18,0,0,0,0,0,0,0,1,6,1,9,-1,-1,-1,1,1
2013160D01401,2,90,0,12,0,0,0,0,0,0,0,1,1,2,7,-1,-1,-1,2,1
2013160D01411,1,21,0,18,0,0,1,0,0,0,1,1,1,1,8,12580,2,7,5,1
2013160D01411,2,9,0,18,0,0,0,0,0,0,2,1,6,2,7,1896,2,11,7,2
2013160D01421,1,8,0,18,0,2,0,0,0,0,1,1,1,1,7,1910,2,9,1,1
2013160D01431,1,9,0,9,0,6,0,0,0,0,1,1,6,2,6,1199,1,14,3,1
2013160D01431,2,9,0,9,0,6,0,0,0,0,1,1,2,1,6,1229,1,7,3,1
2013160D01441,1,21,1,18,0,1,0,0,0,0,1,1,6,1,8,12740,2,1,9,1
2013160D01441,2,9,0,4,0,1,0,0,0,0,2,1,6,1,6,1997,2,1,10,1
2013160D01451,1,11,0,4,0,1,0,0,0,0,0,1,6,1,8,7300,2,12,1,1
2013160D01461,1,9,0,18,0,0,0,0,0,0,1,1,6,1,10,-1,-1,-1,5,1
2013160D01471,1,19,0,18,0,0,0,0,1,4,1,1,6,1,8,1686,2,11,6,1
2013160D01481,1,11,0,18,0,1,0,0,0,0,0,1,6,2,6,6871,2,14,1,1
2013160D01491,1,9,0,18,0,0,0,0,0,0,1,1,6,1,8,1997,2,4,4,1
2013160D01501,1,90,0,18,0,8,0,0,0,0,1,1,1,1,8,2798,2,6,5,3
2013160D01501,2,9,0,18,0,8,0,0,0,0,4,1,6,1,8,-1,-1,-1,5,1
2013160D01521,1,9,0,7,0,3,0,0,0,0,4,1,6,3,-1,-1,-1,-1,-1,-1
2013160D01521,2,1,0,9,0,8,0,0,0,0,3,1,6,1,6,-1,-1,-1,4,1
2013160D01531,1,9,0,9,0,1,0,0,0,0,0,1,6,3,-1,-1,-1,-1,-1,-1
2013160D01561,1,4,0,18,0,8,0,0,0,0,1,1,6,1,4,124,1,1,1,1
2013160D01561,2,9,0,9,0,8,0,0,0,0,3,1,6,2,6,1986,2,6,6,1
2013160D01581,1,9,0,9,0,8,0,0,0,0,3,1,6,1,5,1242,1,3,8,1
2013160D01581,2,9,0,18,0,8,0,0,0,0,1,1,6,2,9,1796,1,1,10,1
2013160D01591,1,9,0,7,0,4,0,0,0,0,1,1,1,1,7,-1,-1,-1,10,1
2013160D01591,2,4,0,18,0,8,0,0,0,0,4,1,6,1,4,125,1,1,6,1
2013160D01601,1,9,0,9,0,1,0,0,0,0,3,1,3,1,6,1799,1,7,8,1
2013160D01601,2,19,0,18,0,8,0,0,0,0,1,1,2,1,7,-1,-1,-1,7,1
2013160D01611,1,9,0,18,0,1,0,0,0,0,1,1,6,2,6,1598,1,12,1,1
2013160D01611,2,22,0,18,5,8,0,0,0,0,4,1,6,2,9,-1,-1,-1,1,1
2013160D01621,1,9,0,18,0,8,0,0,0,0,3,1,6,1,9,-1,-1,-1,1,1
2013160D01621,2,3,0,18,0,8,0,0,0,0,1,1,6,1,7,-1,-1,-1,3,1
2013160D01631,1,9,0,7,0,8,0,0,0,0,3,1,6,1,8,1299,1,13,5,1
2013160D01631,2,1,0,18,0,8,0,0,0,0,1,1,2,1,9,-1,-1,-1,7,3
2013160D01641,1,19,0,18,0,0,0,0,0,0,1,1,1,1,5,2198,2,6,1,1
2013160D01641,2,9,0,2,0,0,0,0,0,0,2,1,6,3,-1,1998,2,10,-1,-1
2013160D01651,1,9,0,18,0,1,0,0,0,0,0,1,6,3,-1,-1,-1,-1,-1,-1
2013160D01661,1,9,0,3,0,0,0,0,0,0,2,1,6,2,7,1598,2,1,7,1
2013160D01661,2,4,0,18,0,0,0,0,0,0,1,1,6,1,5,124,1,5,6,2
2013160D01671,1,9,0,7,0,5,0,10,7,10,1,1,6,1,5,2521,1,5,4,1
2013160D01681,1,9,0,9,0,8,0,0,0,0,1,1,6,2,10,1596,1,7,6,1
2013160D01681,2,9,0,18,0,8,0,0,0,0,3,1,6,3,6,-1,-1,-1,4,1
2013160D01691,1,9,0,18,0,1,0,0,0,0,1,1,6,1,10,2400,2,4,5,1
2013160D01691,2,9,0,3,0,1,0,0,0,0,2,1,6,1,8,1998,1,14,4,1
2013160D01691,3,9,0,10,0,5,0,0,0,0,2,1,6,1,6,1686,2,3,2,1
2013160D01701,1,9,0,18,0,8,0,0,0,0,1,1,6,2,5,1386,1,7,5,1
2013160D01701,2,9,0,18,0,4,0,0,0,0,3,1,6,2,5,1242,1,8,10,1
2013160D01711,1,19,0,5,0,0,0,0,0,0,1,1,1,1,6,2198,2,2,1,1
2013160D01711,2,9,0,18,0,0,0,0,0,0,4,1,2,1,8,1968,2,1,7,2
2013160D01721,1,8,0,9,0,5,0,0,0,0,1,1,1,1,6,1997,2,8,3,1
2013160D01721,2,1,0,10,0,1,0,0,0,0,1,1,2,1,6,-1,-1,-1,5,1
2013160D01731,1,9,0,18,0,3,0,0,0,0,1,1,6,1,6,1149,1,12,1,1
2013160D01731,2,1,0,18,4,8,0,0,0,0,3,1,6,1,8,-1,-1,-1,5,1
2013160D01741,1,9,0,18,0,6,0,0,0,0,4,1,6,3,-1,1596,1,4,-1,-1
2013160D01741,2,9,0,18,0,8,0,0,0,0,1,1,6,2,8,1798,1,5,7,1
2013160D01751,1,9,0,18,0,6,0,0,0,0,1,1,6,2,6,1900,2,13,2,1
2013160D01751,2,9,0,18,0,8,0,0,0,0,3,1,6,1,5,-1,-1,-1,5,1
2013160D01761,1,4,0,18,0,2,0,0,0,0,1,1,6,1,4,124,1,3,1,1
2013160D01771,1,9,0,1,0,1,0,0,0,0,2,1,6,3,-1,-1,-1,-1,-1,-1
2013160D01781,1,9,0,18,0,2,0,0,0,0,1,1,6,3,-1,-1,-1,-1,-1,-1
2013160D01781,2,9,0,18,0,2,0,0,0,0,2,1,6,1,10,1560,2,3,1,1
2013160D01791,1,9,0,7,0,6,0,0,0,0,1,1,2,1,-1,1242,1,11,7,1
2013160D01791,2,1,0,18,4,8,0,0,0,0,4,1,2,2,8,-1,-1,-1,3,1
2013160D01801,1,9,0,9,0,5,0,0,0,0,4,1,6,2,6,1149,1,8,1,1
2013160D01801,2,1,0,18,0,1,0,0,0,0,1,1,6,2,6,-1,-1,-1,1,1
2013160D01811,1,9,0,18,0,1,0,0,0,0,0,1,6,1,6,1560,2,2,1,1
2013160D01821,1,9,0,4,0,1,0,0,0,0,1,1,6,2,4,1124,1,11,7,1
2013160D01821,2,9,0,18,0,1,0,0,0,0,2,1,6,2,6,1198,1,5,5,1
2013160D01831,1,9,0,9,0,5,0,0,0,0,1,1,6,1,6,1587,1,12,1,1
2013160D01831,2,5,0,18,0,1,0,0,0,0,3,1,6,1,6,1170,1,7,7,3
2013160D01841,1,9,0,18,0,6,0,0,0,0,1,1,6,2,6,1598,1,13,2,1
2013160D01841,2,9,0,18,0,8,0,0,0,0,1,1,6,2,8,1332,1,5,1,1
2013160D01851,1,9,0,18,0,8,0,7,1,7,1,1,2,1,6,1596,1,14,1,1
2013160D01851,2,9,0,9,0,8,0,0,0,0,1,1,2,2,9,1242,1,2,9,3
2013160D01871,1,9,0,9,0,8,0,0,0,0,4,1,2,2,9,1598,1,1,10,1
2013160D01881,1,9,0,9,0,5,0,0,0,0,4,1,6,1,7,2198,1,11,1,1
2013160D01881,2,1,0,18,0,8,0,0,0,0,1,1,6,2,7,-1,-1,-1,9,1
2013160D01891,1,19,0,9,0,6,0,0,0,0,1,1,6,1,8,2143,2,3,6,2
2013160D01891,2,1,0,18,0,8,0,0,0,0,2,1,6,1,6,-1,-1,-1,1,1
2013160D01901,1,9,0,4,0,1,0,0,0,0,2,1,6,1,6,2184,2,9,1,1
2013160D01901,2,9,0,18,0,1,0,0,0,0,1,1,6,1,7,1390,1,9,1,1
2013160D01911,1,1,0,18,0,0,0,0,0,0,1,1,6,1,3,-1,-1,-1,2,1
2013160D01911,2,9,0,18,0,0,0,0,0,0,4,1,6,2,5,-1,-1,-1,8,1
2013160D01921,1,1,0,18,0,6,0,0,0,0,3,1,2,1,7,-1,-1,-1,8,1
2013160D01921,2,9,0,18,0,3,0,0,0,0,1,1,6,2,-1,1598,1,7,8,1
2013160D01931,1,9,0,18,0,1,0,0,0,0,4,1,6,2,9,1968,2,2,7,3
2013160D01941,1,19,0,16,0,1,0,0,0,0,1,1,6,1,5,2500,2,7,3,1
2013160D01941,2,9,0,3,0,1,0,0,0,0,2,1,6,2,6,1328,1,6,5,1
2013160D01951,1,9,0,18,0,0,0,0,0,0,1,1,2,1,7,1396,1,9,9,1
2013160D01951,2,1,0,18,0,0,0,0,0,0,1,1,6,1,6,-1,-1,-1,4,1
2013160D01961,1,9,0,18,0,2,0,0,0,0,1,1,1,3,-1,-1,-1,-1,-1,-1
2013160D01971,1,9,0,5,0,0,0,0,0,0,0,1,6,2,4,1399,1,10,1,1
2013160D01971,2,9,0,18,0,0,1,0,1,1,1,1,1,1,5,1124,1,12,2,1
2013160D01971,3,19,0,2,0,0,0,0,0,0,0,1,6,1,-1,2402,2,7,-1,-1