Accident_Index,Vehicle_Reference,Vehicle_Type,Towing_and_Articulation,Vehicle_Manoeuvre,Vehicle_Location-Restricted_Lane,Junction_Location,Skidding_and_Overturning,Hit_Object_in_Carriageway,Vehicle_Leaving_Carriageway,Hit_Object_off_Carriageway,1st_Point_of_Impact,Was_Vehicle_Left_Hand_Drive?,Journey_Purpose_of_Driver,Sex_of_Driver,Age_Band_of_Driver,Engine_Capacity_(CC),Propulsion_Code,Age_of_Vehicle,Driver_IMD_Decile,Driver_Home_Area_Type
2013160D03621,2,9,0,18,0,8,0,0,0,0,1,1,6,1,7,3189,1,10,8,1
2013160D03631,1,9,0,18,0,2,1,0,0,0,1,1,6,1,4,1242,1,11,5,1
2013160D03631,2,9,0,3,0,2,0,0,0,0,2,1,6,2,6,1461,2,2,5,1
2013160D03641,1,9,0,18,0,0,1,0,0,0,1,1,1,2,7,1242,1,14,1,1
2013160D03651,1,9,0,18,0,2,0,0,0,0,4,1,6,2,5,1598,1,10,5,1
2013160D03661,1,9,0,18,0,0,0,0,0,0,4,1,6,3,10,1461,2,9,3,2
2013160D03661,2,19,0,2,0,0,0,0,0,0,3,1,1,1,8,2148,2,7,1,1
2013160D03671,1,19,0,7,0,6,0,0,0,0,3,1,1,1,10,1997,2,8,5,1
2013160D03671,2,1,0,18,0,8,0,0,0,0,1,1,6,1,5,-1,-1,-1,7,1
2013160D03681,1,9,0,7,0,6,0,0,0,0,4,1,6,2,7,999,1,8,5,1
2013160D03681,2,1,0,7,0,6,0,0,0,0,3,1,6,2,5,-1,-1,-1,5,1
2013160D03691,1,9,0,4,0,1,0,0,0,0,2,1,6,1,6,1388,1,1,4,1
2013160D03691,2,9,0,18,0,1,0,0,0,0,1,1,6,2,8,1328,1,9,4,1
2013160D03701,1,9,0,9,0,2,0,0,0,0,2,1,6,2,9,1984,1,11,7,1
2013160D03701,2,9,0,9,0,2,0,0,0,0,2,1,6,2,4,1598,1,10,6,1
2013160D03701,3,9,0,9,0,2,0,0,0,0,1,1,6,3,-1,-1,-1,-1,-1,-1
2013160D03711,1,9,0,7,0,6,0,0,0,0,1,1,6,3,-1,-1,-1,-1,-1,-1
2013160D03711,2,1,0,18,9,8,0,0,0,0,3,1,6,2,3,-1,-1,-1,4,1
2013160D03721,1,9,0,18,0,1,0,0,0,0,4,1,6,3,-1,-1,-1,-1,-1,-1
2013160D03721,2,1,0,18,0,1,0,0,0,0,3,1,6,1,4,-1,-1,-1,1,1
2013160D03731,1,11,0,4,0,1,0,0,0,0,0,1,6,1,8,4500,2,2,2,1
2013160D03741,1,9,0,17,0,0,5,0,0,0,1,1,6,1,6,2198,1,11,1,1
2013160D03741,2,9,0,2,0,0,0,0,0,0,1,1,6,3,-1,1368,1,5,-1,-1
2013160D03761,1,9,0,18,0,0,0,0,0,0,4,1,1,1,6,1598,1,7,1,1
2013160D03771,1,9,0,9,0,6,0,0,0,0,3,1,6,2,6,1108,1,16,1,1
2013160D03771,2,3,0,18,0,1,0,0,0,0,1,1,2,1,5,125,1,-1,9,1
2013160D03781,1,2,0,18,0,0,0,0,0,0,4,1,6,1,4,49,1,2,6,1
2013160D03781,2,9,0,18,0,0,0,0,0,0,1,1,6,1,7,1910,2,7,4,1
2013160D03791,1,9,0,18,0,0,0,10,0,0,1,1,6,1,6,2198,1,6,1,1
2013160D03791,2,8,0,4,0,0,0,0,0,0,2,1,1,1,6,1997,2,8,1,1
2013160D03801,1,9,0,18,0,1,0,0,0,0,1,1,1,1,5,1596,1,11,1,1
2013160D03801,2,9,0,3,0,1,0,0,0,0,2,1,6,2,5,1086,1,5,10,1
2013160D03811,1,5,0,3,0,1,0,0,0,0,1,1,6,1,5,660,1,1,4,1
2013160D03811,2,9,0,9,0,6,0,0,0,0,1,1,1,1,8,1796,1,3,2,1
2013160D03811,3,9,0,14,0,1,0,0,0,0,0,1,1,1,6,1796,1,2,1,1
2013160D03821,1,9,0,6,0,0,0,0,0,0,3,1,6,2,5,1686,2,14,8,1
2013160D03821,2,19,0,18,0,0,0,0,0,0,1,1,6,1,5,2463,2,9,6,1
2013160D03831,1,9,0,18,0,0,0,0,0,0,1,1,6,1,4,1397,1,12,7,2
2013160D03831,2,9,0,3,0,0,0,0,0,0,2,1,6,1,8,1598,1,11,1,1
2013160D03841,1,9,0,18,0,3,0,0,0,0,4,1,6,3,-1,-1,-1,-1,-1,-1
2013160D03841,2,1,0,18,0,8,0,0,0,0,3,1,1,2,7,-1,-1,-1,6,1
2013160D03851,1,9,0,18,0,0,0,0,0,0,1,1,6,1,6,1389,1,11,1,1
2013160D03851,2,9,0,3,0,0,0,0,0,0,2,1,6,1,9,2996,1,7,10,1
2013160D03851,3,9,0,3,0,0,0,0,0,0,2,1,6,1,5,1870,2,10,1,1
2013160D03861,1,9,0,13,0,1,0,0,0,0,4,1,6,1,9,1364,2,7,9,1
2013160D03861,2,1,0,18,0,1,0,0,0,0,3,1,6,1,6,-1,-1,-1,1,1
2013160D03871,1,9,0,9,0,5,0,0,0,0,1,1,2,1,5,1956,2,3,10,1
2013160D03871,2,5,0,18,2,8,0,0,0,0,3,1,6,1,9,1180,1,17,6,1
2013160D03881,1,9,0,9,0,6,0,0,0,0,1,1,6,3,-1,-1,-1,-1,-1,-1
2013160D03881,2,1,0,18,0,8,0,0,0,0,4,1,6,1,2,-1,-1,-1,7,1
2013160D03891,1,2,0,3,0,8,0,0,0,0,1,1,6,1,10,124,1,4,1,1
2013160D03891,2,19,0,1,0,8,0,0,0,0,2,1,1,1,7,2998,2,5,3,3
2013160D03901,1,21,1,18,0,1,0,0,0,0,4,1,1,1,9,12900,2,1,6,3
2013160D03901,2,9,0,11,0,1,0,0,0,0,3,1,2,2,8,1242,1,6,7,3
2013160D03911,1,9,0,7,0,8,0,0,0,0,4,1,6,2,5,1364,1,8,1,1
2013160D03911,2,1,0,18,0,8,0,0,0,0,3,1,6,1,8,-1,-1,-1,4,1
2013160D03921,1,9,0,9,0,6,0,0,0,0,0,1,6,1,6,1798,1,11,1,1
2013160D03921,2,2,0,18,0,1,0,0,0,0,4,1,6,1,4,49,1,6,5,1
2013160D03931,1,19,0,9,0,8,0,0,0,0,4,1,6,1,5,1753,2,13,4,3
2013160D03931,2,9,0,18,0,8,0,0,0,0,1,1,6,1,7,2993,2,6,5,3
2013160D03941,1,9,0,9,0,6,0,0,0,0,1,1,6,1,8,1198,1,5,2,1
2013160D03941,2,1,0,18,0,1,0,0,0,0,4,1,6,1,7,-1,-1,-1,3,1
2013160D03951,1,11,0,4,0,1,0,0,0,0,0,1,1,1,9,7300,2,11,6,1
2013160D03961,1,9,0,18,0,0,0,0,0,0,1,1,6,1,8,1598,1,5,1,1
2013160D03961,2,9,0,5,0,0,0,0,0,0,2,1,1,2,6,1783,1,12,1,1
2013160D03971,1,21,0,18,0,0,0,0,0,0,4,1,1,1,7,6370,2,4,8,2
2013160D03971,2,1,0,18,0,0,0,0,0,0,3,1,6,1,7,-1,-1,-1,2,1
2013160D03981,1,19,0,9,0,5,0,0,0,0,4,1,6,3,-1,-1,-1,-1,-1,-1
2013160D03981,2,1,0,18,4,8,0,0,0,0,1,1,2,1,6,-1,-1,-1,2,1
2013160D03991,1,90,0,18,0,1,0,0,0,0,1,1,1,2,7,-1,-1,-1,3,1
2013160D03991,2,9,0,3,0,1,0,0,0,0,2,1,2,2,7,1598,1,2,3,1
2013160D04011,1,9,0,18,0,1,0,0,0,0,2,1,1,1,8,1686,2,-1,2,1
2013160D04011,2,19,0,18,0,1,0,0,0,0,1,1,1,1,6,2402,2,7,4,1
2013160D04021,1,9,0,9,0,6,0,0,0,0,3,1,2,2,6,1598,1,2,10,1
2013160D04021,2,1,0,18,0,8,0,0,0,0,1,1,6,1,9,-1,-1,-1,1,1
2013160D04031,1,9,0,18,0,6,0,0,0,0,3,1,6,1,5,1796,1,13,1,1
2013160D04031,2,9,0,18,0,1,0,0,0,0,1,1,6,1,5,998,1,16,1,1
2013160D04041,1,9,0,18,0,2,0,0,0,0,4,1,6,3,-1,-1,-1,-1,-1,-1
2013160D04061,1,9,0,18,0,0,0,0,0,0,1,1,6,3,-1,-1,-1,-1,-1,-1
2013160D04071,1,9,0,18,0,1,0,0,0,0,1,1,6,3,-1,-1,-1,-1,-1,-1
2013160D04081,1,1,0,18,0,0,0,0,0,0,2,1,6,1,7,-1,-1,-1,3,1
2013160D04081,2,9,0,18,0,0,0,0,0,0,1,1,6,3,-1,-1,-1,-1,-1,-1
2013160D04091,1,19,0,18,0,0,0,0,0,0,1,1,6,1,7,2464,2,3,7,3
2013160D04091,2,9,0,18,0,0,0,4,0,0,2,1,6,2,7,1600,2,2,4,1
2013160D04091,3,19,0,18,0,0,0,0,0,0,4,1,6,1,5,1968,2,2,8,2
2013160D04091,4,9,0,2,0,0,0,0,0,0,3,1,6,3,-1,2401,1,6,-1,-1
2013160D04101,1,9,0,18,0,8,0,0,0,0,4,1,6,2,10,1598,1,11,1,1
2013160D04101,2,9,0,18,0,8,0,0,0,0,1,1,6,1,5,1587,1,11,3,1
2013160D04111,1,9,0,9,0,5,0,0,0,0,3,1,6,1,9,1560,2,6,1,1
2013160D04111,2,3,0,13,0,8,0,0,0,0,1,1,6,1,9,125,1,49,1,1
2013160D04121,1,2,0,18,5,5,0,0,0,0,4,1,6,1,4,49,1,8,1,1
2013160D04141,1,11,0,5,0,0,0,11,0,0,1,1,1,1,9,7300,2,11,4,1
2013160D04151,1,9,0,5,0,0,0,0,0,0,3,1,1,1,7,995,1,1,1,1
2013160D04151,2,1,0,18,0,0,0,0,0,0,1,1,6,1,7,-1,-1,-1,1,1
2013160D04161,1,9,0,18,0,8,0,0,0,0,1,1,6,1,9,1598,1,7,2,1
2013160D04161,2,9,0,18,0,8,0,0,0,0,4,1,6,2,7,1598,1,5,9,1
2013160D04171,1,9,0,15,0,8,0,0,0,0,1,1,6,1,7,1796,1,6,6,1
2013160D04171,2,9,0,6,0,8,0,0,0,0,3,1,6,1,6,1910,2,9,6,1
2013160D04181,1,9,0,18,0,0,0,0,0,0,1,1,6,1,5,1560,2,2,3,1
2013160D04181,2,21,0,18,0,0,0,0,0,0,2,1,6,3,-1,-1,-1,-1,-1,-1
2013160D04191,1,9,0,18,0,2,0,0,0,0,0,1,6,3,-1,-1,-1,-1,-1,-1
2013160D04191,2,19,0,18,0,2,0,0,0,0,2,1,6,1,8,2402,2,3,1,1
2013160D04191,3,1,0,18,0,2,0,0,0,0,1,1,6,1,5,-1,-1,-1,6,1
2013160D04201,1,9,0,9,2,5,0,0,0,0,2,1,1,1,7,-1,-1,-1,5,1
2013160D04201,2,2,0,18,2,8,1,0,0,0,1,1,2,1,4,49,1,10,8,1
2013160D04211,1,9,0,18,0,0,0,0,0,0,1,1,1,1,7,1598,1,11,9,3
2013160D04221,1,9,0,18,0,8,0,0,0,0,1,1,6,1,4,1242,1,11,8,1
2013160D04221,2,9,0,7,0,6,0,0,0,0,3,1,6,1,8,1686,2,16,6,1
2013160D04231,1,9,0,1,0,2,0,0,0,0,2,1,6,1,6,973,1,11,2,1
2013160D04241,1,11,0,18,0,0,0,0,0,0,0,1,1,1,9,9360,2,6,1,1
2013160D04241,2,97,0,4,0,0,0,0,0,0,0,1,6,3,-1,-1,-1,-1,-1,-1
2013160D04251,1,9,0,18,0,8,0,0,0,0,1,1,6,1,8,1598,1,11,1,1
2013160D04251,2,9,0,4,0,8,0,0,0,0,2,1,6,1,5,1868,2,12,1,1
2013160D04261,1,8,0,18,0,1,0,0,0,0,0,1,1,3,-1,-1,-1,-1,-1,-1
2013160D04261,2,8,0,18,0,2,0,0,0,0,4,1,1,2,5,1597,1,8,1,1
2013160D04261,3,8,0,18,0,2,0,0,0,0,3,1,1,1,10,1560,2,6,8,1
2013160D04271,1,9,0,7,0,5,0,0,0,0,2,1,6,1,5,1984,2,2,8,1
2013160D04271,2,2,0,18,0,1,1,0,0,0,1,1,6,1,9,124,1,11,4,1
2013160D04281,1,9,0,18,0,1,0,0,0,0,1,1,6,1,7,1968,2,3,3,1
2013160D04281,2,1,0,18,0,4,0,0,0,0,1,1,6,1,3,-1,-1,-1,6,1
2013160D04291,1,9,0,9,0,5,0,0,0,0,1,1,6,1,10,1997,1,18,1,1
2013160D04291,2,9,0,18,2,8,0,0,0,0,3,1,2,1,8,1796,1,12,7,2
2013160D04301,1,19,0,6,0,2,0,0,1,10,1,1,6,3,-1,-1,-1,-1,-1,-1
2013160D04311,1,9,0,7,0,1,0,0,0,0,2,1,6,2,5,1560,2,1,1,1
2013160D04311,2,9,0,8,0,1,0,0,0,0,1,1,6,2,5,1149,1,13,6,1
2013160D04321,1,9,0,18,0,1,0,0,0,0,1,1,6,2,8,1198,1,8,2,1
2013160D04331,1,3,0,18,0,6,1,0,0,0,1,1,6,1,5,124,1,4,1,1
2013160D04331,2,8,0,9,0,5,0,0,0,0,1,1,1,1,9,1997,2,8,8,1
2013160D04341,1,9,0,18,0,0,0,0,0,0,1,1,6,1,7,2996,2,15,1,1
2013160D04341,2,1,0,18,0,0,0,0,0,0,1,1,6,1,3,-1,-1,-1,3,2
2013160D04351,1,9,0,18,0,0,0,0,5,6,3,1,6,2,7,1343,1,9,1,1
2013160D04351,2,21,0,12,0,0,0,0,0,0,0,1,6,1,6,-1,-1,-1,-1,-1
2013160D04361,1,10,0,16,0,1,0,0,0,0,0,1,1,1,6,-1,-1,-1,5,1
2013160D04371,1,9,0,18,0,1,0,0,0,0,1,1,6,3,-1,1560,2,2,-1,-1
2013160D04371,2,9,0,10,0,1,0,0,0,0,2,1,6,1,4,1388,1,6,8,2
2013160D04381,1,9,0,18,0,1,0,0,0,0,1,1,6,2,8,1560,2,7,6,1
2013160D04381,2,9,0,8,0,1,0,0,0,0,2,1,6,1,6,1596,1,8,2,1
2013160D04391,1,1,0,18,4,0,0,0,0,0,4,1,2,1,4,-1,-1,-1,2,1
2013160D04401,1,9,0,9,0,6,0,0,0,0,1,1,6,1,5,1299,1,10,1,1
2013160D04401,2,1,0,18,0,8,0,0,0,0,4,1,6,1,8,-1,-1,-1,1,1
2013160D04411,1,9,0,2,0,0,0,0,0,0,3,1,6,1,5,1598,1,11,3,1
2013160D04411,2,1,0,18,0,0,0,0,0,0,1,1,6,1,6,-1,-1,-1,1,1
2013160D04421,1,9,0,7,0,3,0,0,0,0,4,1,6,1,6,1149,1,9,2,1
2013160D04421,2,1,0,18,0,8,0,0,0,0,3,1,2,1,6,-1,-1,-1,6,2
2013160D04431,1,9,0,5,0,0,0,0,0,0,4,1,6,1,4,1905,2,16,1,1
2013160D04441,1,9,0,9,0,6,0,0,0,0,4,1,6,3,5,1598,1,3,7,2
2013160D04441,2,1,0,18,0,8,0,0,0,0,1,1,2,2,6,-1,-1,-1,5,1
2013160D04451,1,9,0,18,0,1,0,0,0,0,1,1,2,2,8,1328,1,4,1,1
2013160D04451,2,9,0,1,0,6,0,0,0,0,1,1,2,2,4,1149,1,14,5,1
2013160D04451,3,9,0,2,0,2,0,0,0,0,2,1,6,3,-1,1248,2,2,-1,-1
2013160D04451,4,19,0,2,0,2,0,0,0,0,2,1,6,3,-1,2148,2,8,-1,-1
2013160D04461,1,9,0,9,0,6,0,0,0,10,1,1,6,2,9,1086,1,8,1,1
2013160D04461,2,1,0,17,0,8,0,0,0,0,4,1,6,1,7,-1,-1,-1,5,1
2013160D04471,1,19,0,18,0,1,0,0,0,0,1,1,6,1,7,1896,2,8,1,1
2013160D04481,1,1,0,7,0,8,0,0,0,0,1,1,1,1,7,-1,-1,-1,5,1
2013160D04481,2,9,0,7,0,8,0,0,0,0,2,1,6,3,-1,-1,-1,-1,-1,-1
2013160D04491,1,9,0,5,0,4,0,0,0,0,3,1,2,1,9,1991,2,10,5,1
2013160D04491,2,1,0,18,0,8,0,0,0,0,1,1,2,1,5,-1,-1,-1,7,1
2013160D04501,1,9,0,18,0,1,0,0,0,0,1,1,6,3,-1,-1,-1,-1,-1,-1
2013160D04501,2,9,0,3,0,1,0,0,0,0,2,1,6,1,6,1364,1,9,8,1
2013160D04511,1,9,0,4,0,1,0,0,0,0,1,1,6,3,-1,-1,-1,-1,-1,-1
2013160D04511,2,9,0,3,0,1,0,0,0,0,2,1,6,2,8,1390,1,10,5,1
2013160D04521,1,9,0,18,0,6,0,0,0,0,1,1,6,1,7,-1,-1,-1,4,1
2013160D04521,2,9,0,18,0,1,0,0,0,0,4,1,6,2,8,1686,2,-1,1,1
2013160D04531,1,9,0,18,0,1,0,0,0,0,1,1,6,1,9,1560,2,8,4,1
2013160D04531,2,9,0,18,0,2,0,0,0,0,1,1,6,1,8,1598,1,6,5,1
2013160D04541,1,9,0,18,0,4,0,0,0,0,1,1,2,1,8,1598,1,11,7,1
2013160D04541,2,1,0,18,0,3,0,0,0,0,2,1,2,1,8,-1,-1,-1,1,1
2013160D04551,1,9,0,18,0,1,0,0,0,0,1,1,6,2,6,1598,1,12,5,1
2013160D04551,2,9,0,3,0,1,0,0,0,0,2,1,6,2,8,1560,2,2,1,1
2013160D04561,1,9,0,18,2,0,0,0,0,0,1,1,6,1,6,1749,1,12,3,1
2013160D04561,2,1,0,18,0,0,0,0,0,0,1,1,6,2,6,-1,-1,-1,3,1
2013160D04571,1,9,0,18,0,6,0,0,0,0,1,1,6,2,4,1124,1,16,1,1
2013160D04571,2,9,0,18,0,8,0,0,0,0,3,1,6,1,6,1895,1,12,2,1
2013160D04581,1,2,0,18,0,6,0,0,0,0,1,1,6,1,4,-1,-1,-1,5,1
2013160D04581,2,9,0,18,0,8,0,0,0,0,4,1,6,2,10,1598,1,3,5,1
2013160D04591,1,1,0,9,0,8,0,0,0,0,4,1,6,1,5,-1,-1,-1,9,1
2013160D04591,2,9,0,7,0,4,0,0,0,0,1,1,6,2,6,1598,1,4,4,1
2013160D04601,1,19,0,18,0,1,0,0,0,0,1,1,1,1,8,1998,2,7,4,1
2013160D04601,2,9,0,4,0,1,0,0,0,0,1,1,6,2,9,1560,2,3,1,1
2013160D04601,3,9,0,3,0,1,0,0,0,0,2,1,6,1,7,1796,1,4,7,2
2013160D04611,1,2,0,7,0,1,0,0,0,0,4,1,6,1,7,49,1,1,5,1
2013160D04621,1,9,0,18,0,0,0,0,0,0,4,1,6,1,7,1390,1,13,4,1
2013160D04631,1,9,0,9,0,8,0,0,0,0,1,1,6,1,9,2498,2,17,2,1
2013160D04631,2,9,0,18,0,8,0,0,0,0,1,1,6,2,6,1388,1,12,4,1
2013160D04641,1,9,0,18,0,1,0,0,0,0,4,1,6,1,4,1149,1,10,10,2
2013160D04651,1,9,0,18,0,1,0,0,0,0,1,1,2,2,7,1461,2,8,1,1
2013160D04651,2,1,0,18,0,6,0,0,0,0,1,1,6,1,7,-1,-1,-1,6,1
2013160D04661,1,9,0,9,0,4,0,0,0,0,1,1,6,1,11,-1,-1,-1,9,1
2013160D04661,2,9,0,18,0,3,0,0,0,0,3,1,6,1,9,1497,8,1,7,3
2013160D04671,1,9,0,6,0,1,0,0,0,0,1,1,1,1,11,1587,1,9,1,1
2013160D04671,2,8,0,18,0,1,0,0,1,10,1,1,6,1,8,-1,-1,-1,4,1
2013160D04681,1,8,0,18,0,0,0,0,0,0,0,1,1,1,7,2148,2,4,4,1
2013160D04691,1,9,0,10,0,1,0,0,0,0,2,1,6,2,7,1598,1,1,10,3
2013160D04691,2,9,0,18,0,1,0,0,0,0,1,1,2,1,6,1995,1,3,10,2
2013160D04701,1,9,0,18,0,1,0,0,0,0,1,1,6,3,-1,-1,-1,-1,-1,-1
2013160D04701,2,9,0,10,0,1,0,0,0,0,2,1,6,1,5,1199,1,11,5,1
2013160D04721,1,9,0,3,0,1,0,0,0,0,1,1,2,1,8,1896,2,11,1,1
2013160D04721,2,9,0,18,0,1,0,0,0,0,1,1,2,2,9,1360,1,6,2,1
2013160D04731,1,1,0,18,0,6,0,0,0,0,1,1,6,1,3,-1,-1,-1,1,1
2013160D04731,2,9,0,18,0,1,0,0,0,0,4,1,6,1,7,1396,1,12,6,1
2013160D04741,1,9,0,18,0,0,0,0,0,0,3,1,6,2,8,1598,1,14,3,1
2013160D04751,1,9,0,9,0,5,0,0,0,0,1,1,6,3,9,-1,-1,-1,3,1
2013160D04751,2,4,0,18,0,8,0,0,0,0,1,1,6,1,4,125,1,9,3,1
2013160D04761,1,9,0,18,0,0,0,0,0,0,1,1,6,2,10,1390,1,7,3,1
2013160D04761,2,9,0,4,0,0,0,0,0,0,2,1,6,2,5,1124,1,8,5,2
2013160D04761,3,9,0,4,0,0,0,0,0,0,2,1,6,1,8,1988,2,7,4,1
2013160D04771,1,11,0,18,0,0,0,0,0,0,0,1,1,1,7,6700,2,1,1,1
2013160D04781,1,19,0,18,0,1,0,0,0,0,1,1,6,1,10,1870,2,7,9,1
2013160D04781,2,9,0,3,0,1,0,0,0,0,2,1,6,1,11,1124,1,15,9,1
2013160D04781,3,9,0,3,0,1,0,0,0,0,2,1,6,2,6,1560,2,3,1,1
2013160D04791,1,9,0,18,0,1,0,0,0,0,1,1,6,2,8,1560,2,-1,9,3
2013160D04791,2,9,0,8,0,1,0,0,0,0,2,1,6,1,6,1598,1,3,5,1
2013160D04801,1,9,0,9,0,5,0,0,0,0,3,1,6,1,9,1798,1,5,6,1
2013160D04801,2,19,0,9,0,6,0,0,0,0,1,1,1,1,8,2500,2,6,1,1
2013160D04811,1,9,0,18,0,6,0,0,0,0,1,1,6,1,7,1997,2,7,2,1
2013160D04811,2,9,0,18,0,1,0,0,0,0,3,1,6,2,4,1199,2,2,2,1
2013160D04821,1,9,0,18,0,8,0,0,0,0,3,1,6,3,-1,-1,-1,-1,-1,-1
2013160D04821,2,1,0,18,0,8,0,0,0,0,4,1,6,2,6,-1,-1,-1,5,1
2013160D04831,1,9,0,7,0,6,0,0,0,0,1,1,6,1,6,1679,1,13,6,1
2013160D04831,2,2,0,18,0,1,0,0,0,0,4,1,6,1,4,50,1,5,1,1
2013160D04841,1,9,0,7,4,1,0,0,0,0,3,1,6,3,-1,-1,-1,-1,-1,-1
2013160D04841,2,1,0,7,4,1,0,0,0,0,4,1,2,2,10,-1,-1,-1,3,1
2013160D04851,1,2,0,18,0,1,0,0,0,0,4,1,6,3,-1,-1,-1,-1,-1,-1
2013160D04851,2,9,0,18,0,1,0,0,0,0,3,1,6,2,6,1596,1,9,2,1
2013160D04861,1,11,0,18,0,1,0,0,0,0,0,1,1,1,9,5883,2,12,2,1
2013160D04871,1,9,0,18,0,0,0,0,0,0,4,1,1,1,-1,1997,2,6,-1,-1
2013160D04881,1,9,0,18,0,0,0,0,4,4,1,1,6,2,11,998,1,9,4,1
2013160D04891,1,9,0,7,0,3,0,0,0,0,4,1,6,1,-1,1994,1,10,1,1
2013160D04891,2,1,0,9,0,8,0,0,0,0,3,1,2,2,6,-1,-1,-1,3,1
2013160D04901,1,9,0,9,0,6,0,0,0,0,4,1,1,1,7,1968,2,-1,7,3
2013160D04901,2,9,0,18,0,8,0,0,0,0,1,1,1,1,5,-1,-1,-1,3,1
2013160D04911,1,9,0,6,0,0,0,4,1,11,1,1,2,1,7,2902,2,5,3,1
2013160D04911,2,9,0,2,0,0,0,0,0,0,4,1,6,3,-1,1149,1,11,-1,-1
2013160D04911,3,9,0,2,0,0,0,0,0,0,3,1,6,3,-1,1596,1,8,-1,-1
2013160D04921,1,9,0,18,0,6,0,0,0,0,4,1,6,1,9,998,1,2,10,1
2013160D04921,2,4,0,18,0,8,1,0,0,0,1,1,6,1,5,-1,-1,-1,1,1
2013160D04931,1,2,0,18,0,0,0,0,0,0,4,1,6,1,4,49,1,15,1,1
2013160D04941,1,9,0,2,0,0,0,0,0,0,3,1,6,1,6,1896,2,10,1,1
2013160D04941,2,1,0,18,0,0,0,0,0,0,1,1,6,1,8,-1,-1,-1,1,1
2013160D04951,1,9,0,18,0,0,0,0,0,0,1,1,6,2,6,2926,2,11,4,1
2013160D04951,2,9,0,4,0,0,0,0,0,0,2,1,6,2,9,1990,1,17,1,1
2013160D04961,1,9,0,18,0,0,0,0,0,0,1,1,6,3,-1,-1,-1,-1,-1,-1
2013160D04961,2,1,0,14,0,0,0,0,0,0,2,1,6,2,7,-1,-1,-1,1,1
2013160D04971,1,9,0,18,0,4,0,0,0,0,1,1,6,3,-1,-1,-1,-1,-1,-1
2013160D04971,2,9,0,3,0,4,0,9,0,0,2,1,6,2,6,1968,2,8,1,1
2013160D04981,1,3,0,18,0,2,0,0,0,0,1,1,6,1,4,-1,-1,-1,1,1
2013160D04981,2,9,0,4,0,2,0,0,0,0,2,1,6,2,6,1364,1,7,5,2
2013160D04991,1,9,0,18,0,1,0,0,0,0,1,1,6,1,6,-1,-1,-1,1,1
2013160D05001,1,9,0,2,0,0,0,0,0,0,3,1,6,1,9,998,1,-1,8,2
2013160D05001,2,1,0,18,4,0,0,0,0,0,1,1,6,1,5,-1,-1,-1,6,1
2013160D05011,1,1,0,18,0,8,0,0,0,0,4,1,6,1,10,-1,-1,-1,2,1
2013160D05011,2,9,0,5,0,4,0,0,0,0,1,1,6,2,6,1796,1,3,9,1
2013160D05021,1,19,0,7,0,6,0,0,0,0,1,1,1,1,9,1753,2,4,3,1
2013160D05021,2,1,0,18,4,8,0,0,0,0,4,1,2,1,8,-1,-1,-1,5,1
2013160D05021,3,9,0,3,0,2,0,0,0,0,2,1,6,3,-1,-1,-1,-1,-1,-1
2013160D05031,1,11,0,18,0,1,0,0,0,0,0,1,1,1,8,7300,2,13,1,1
2013160D05031,2,9,0,4,0,1,0,0,0,0,0,1,6,3,-1,-1,-1,-1,-1,-1
2013160D05041,1,9,0,1,0,0,0,0,0,0,2,1,1,1,8,2231,2,1,3,1
2013160D05041,2,9,0,2,0,0,0,0,0,0,1,1,1,2,6,1910,2,6,1,1
2013160D05051,1,1,0,18,0,0,0,0,0,0,2,1,4,1,3,-1,-1,-1,6,1
2013160D05051,2,9,0,18,0,0,0,0,0,0,1,1,2,1,8,1400,1,14,10,1
2013160D05061,1,1,0,18,0,8,0,0,0,0,1,1,6,1,5,-1,-1,-1,4,1
2013160D05061,2,9,0,9,0,5,0,0,0,0,4,1,6,1,10,1900,2,13,5,1
2013160D05071,1,1,0,10,0,6,0,0,0,0,1,1,6,1,8,-1,-1,-1,5,1
2013160D05071,2,9,0,9,0,5,0,0,0,0,3,1,6,1,8,1910,2,3,1,1
2013160D05081,1,5,0,12,0,0,0,10,0,0,4,1,6,1,5,600,1,10,1,1
2013160D05091,1,9,0,18,0,1,0,0,0,0,1,1,6,1,5,1360,1,10,3,1
2013160D05091,2,1,0,5,0,1,0,0,0,0,3,1,6,2,2,-1,-1,-1,2,1
2013160D05101,1,9,0,4,0,0,0,0,0,0,2,1,6,1,6,1968,2,6,1,1
2013160D05101,2,9,0,18,0,0,0,0,0,0,1,1,6,1,7,1299,1,16,1,1
2013160D05111,1,9,0,18,0,4,0,0,0,0,1,1,6,1,8,-1,-1,-1,9,1
2013160D05111,2,1,0,18,0,8,0,0,0,0,1,1,6,1,9,-1,-1,-1,1,1
2013160D05121,1,9,0,9,0,5,0,0,0,0,4,1,6,3,-1,-1,-1,-1,-1,-1
2013160D05121,2,1,0,18,0,8,0,0,0,0,1,1,2,1,4,-1,-1,-1,3,1
2013160D05141,1,9,0,18,0,0,0,0,0,0,1,1,6,1,6,1796,1,6,10,1
2013160D05141,2,1,0,18,0,0,0,0,0,0,1,1,6,1,8,-1,-1,-1,-1,-1
2013160D05161,1,8,0,18,0,1,0,0,7,11,3,1,1,1,7,1997,2,3,4,1
2013160D05171,1,3,0,17,0,0,0,0,0,0,1,1,2,1,5,124,1,1,4,1
2013160D05171,2,9,0,2,0,0,0,0,0,0,2,1,6,2,6,1749,1,10,1,1
2013160D05181,1,9,0,18,0,0,0,0,0,0,1,1,6,1,5,1400,1,13,1,1
2013160D05181,2,9,0,3,0,0,0,0,0,0,2,1,6,1,6,1560,2,3,6,1
2013160D05181,3,9,0,18,0,0,0,0,0,0,0,1,6,1,7,1689,2,14,1,1
2013160D05191,1,9,0,18,0,8,0,0,0,0,4,1,6,1,6,1388,1,14,1,1
2013160D05191,2,1,0,18,0,8,0,0,0,0,1,1,2,1,7,-1,-1,-1,3,1