Accident_Index,Vehicle_Reference,Vehicle_Type,Towing_and_Articulation,Vehicle_Manoeuvre,Vehicle_Location-Restricted_Lane,Junction_Location,Skidding_and_Overturning,Hit_Object_in_Carriageway,Vehicle_Leaving_Carriageway,Hit_Object_off_Carriageway,1st_Point_of_Impact,Was_Vehicle_Left_Hand_Drive?,Journey_Purpose_of_Driver,Sex_of_Driver,Age_Band_of_Driver,Engine_Capacity_(CC),Propulsion_Code,Age_of_Vehicle,Driver_IMD_Decile,Driver_Home_Area_Type
2013170H11533,1,20,0,9,0,8,0,0,0,0,3,1,6,1,7,5880,2,18,2,1
2013170H11533,2,9,0,18,0,8,0,0,0,0,1,1,6,1,8,1968,2,4,4,2
2013170H11543,1,9,0,9,0,8,0,0,0,0,1,1,6,3,-1,1390,1,13,-1,-1
2013170H11543,2,9,0,18,0,8,0,0,0,0,1,1,6,1,6,1896,2,7,1,1
2013170H11543,3,9,0,2,0,2,0,0,0,0,3,1,6,1,-1,-1,-1,-1,1,1
2013170H11553,1,9,0,5,0,1,0,0,0,0,1,1,6,1,6,1560,2,-1,2,1
2013170H11553,2,9,0,3,0,1,0,0,0,0,2,1,6,1,6,1242,1,4,9,1
2013170L10013,1,9,0,18,0,8,0,0,0,0,1,1,6,1,8,1951,2,8,5,2
2013170L10013,2,1,0,18,0,8,0,0,0,0,1,1,6,1,3,-1,-1,-1,4,1
2013170L10033,1,9,0,18,0,8,0,9,0,0,1,1,6,1,9,-1,-1,-1,6,2
2013170L10033,2,9,0,18,0,8,0,0,1,7,3,1,6,1,6,1997,2,9,10,2
2013170L10073,1,9,0,18,0,1,0,0,0,0,1,1,6,1,6,1796,1,9,4,3
2013170L10073,2,1,0,18,0,1,0,0,0,0,2,1,6,1,6,-1,-1,-1,1,1
2013170L10083,1,9,0,18,0,0,1,0,0,0,1,1,6,1,5,1995,2,10,7,1
2013170L10083,2,9,0,18,0,0,0,0,0,0,1,1,6,2,6,1796,1,5,4,3
2013170L10103,1,9,0,18,0,0,1,0,0,0,1,1,6,1,6,998,1,5,3,1
2013170L10103,2,9,0,18,0,0,0,0,0,0,3,1,6,2,6,1896,2,11,4,3
2013170L10223,1,9,0,18,0,0,0,0,1,4,1,1,6,1,4,1598,1,15,9,1
2013170L10223,2,9,0,18,0,0,0,0,0,0,1,1,2,1,8,999,1,12,9,1
2013170L10233,1,9,0,18,0,0,1,1,0,0,1,1,6,2,5,1229,1,5,4,3
2013170L10233,2,11,0,18,0,0,1,0,1,9,4,1,1,1,8,-1,-1,-1,1,1
2013170L10323,1,9,0,18,0,8,0,0,0,0,1,1,6,1,7,505,1,9,3,1
2013170L10323,2,9,0,18,0,8,0,0,0,0,3,1,6,1,9,1951,2,7,3,3
2013170L10383,1,9,0,18,0,4,1,0,1,11,1,1,6,2,6,-1,-1,-1,2,2
2013170L10403,1,9,0,18,0,0,1,0,0,0,1,1,6,1,8,-1,-1,-1,1,1
2013170L10403,2,9,0,18,0,0,1,0,0,0,1,1,6,1,6,1360,1,11,4,1
2013170L10463,1,1,0,9,0,1,0,0,0,0,2,1,4,1,4,-1,-1,-1,2,2
2013170L10463,2,19,0,13,0,1,0,0,0,0,1,1,6,1,-1,-1,-1,-1,-1,-1
2013170L10473,1,9,0,18,0,0,2,0,1,0,4,1,2,2,7,1598,1,9,3,1
2013170L10513,1,11,0,2,0,1,0,0,0,0,0,1,1,1,-1,9000,2,8,-1,-1
2013170L10533,1,10,0,18,0,1,0,0,0,0,0,1,1,1,-1,2402,2,11,-1,-1
2013170L10623,1,9,0,7,0,8,0,0,7,11,1,1,6,2,4,1390,1,1,2,1
2013170L10633,1,11,0,2,0,0,0,0,0,0,0,1,1,1,8,-1,2,15,1,1
2013170L10643,1,9,0,18,0,8,0,0,0,0,3,1,6,2,8,1242,1,9,4,1
2013170L10643,2,9,0,9,0,8,0,0,0,0,4,1,6,1,8,2495,2,12,4,1
2013170L10653,1,9,0,17,0,0,5,0,0,0,1,1,6,2,6,1149,1,10,3,1
2013170L10763,1,9,0,18,0,2,0,0,0,0,1,1,6,1,7,1242,1,10,4,1
2013170L10873,1,19,0,9,0,8,0,0,0,0,3,1,1,1,5,2287,2,1,4,1
2013170L10873,2,97,0,13,0,8,0,0,0,0,1,1,6,1,4,-1,-1,-1,6,2
2013170L10923,1,9,0,1,0,0,0,0,0,0,2,1,6,1,10,1400,1,8,10,1
2013170L10923,2,1,0,4,0,0,0,0,0,0,4,1,6,1,11,-1,-1,-1,4,1
2013170L10933,1,9,0,17,0,0,1,0,0,0,4,1,6,1,4,973,1,14,1,2
2013170L10933,2,9,0,18,0,0,0,0,0,0,1,1,6,2,8,1390,1,10,10,2
2013170L10943,1,9,0,17,0,0,1,0,1,11,1,1,6,1,4,1199,1,9,7,3
2013170L10963,1,9,0,9,0,8,0,0,0,0,3,1,6,1,8,1686,2,1,10,2
2013170L10963,2,9,0,13,0,1,0,0,0,0,1,1,6,2,4,1398,1,1,3,1
2013170L11003,1,9,0,9,0,8,0,0,0,0,4,1,6,2,6,1388,1,10,2,1
2013170L11003,2,1,0,18,0,8,0,0,0,0,1,1,6,1,2,-1,-1,-1,2,1
2013170L11033,1,5,0,18,0,0,0,0,0,0,3,1,6,1,8,998,1,10,3,1
2013170L11073,1,9,0,9,0,8,0,0,0,0,4,1,6,1,10,1999,1,8,7,2
2013170L11073,2,9,0,18,0,8,0,0,0,0,1,1,6,1,6,1248,2,6,4,2
2013170L11113,1,5,0,18,0,0,1,0,1,0,1,1,6,2,6,649,1,6,8,3
2013170L11133,1,9,0,18,0,0,0,0,0,0,1,1,6,1,5,1753,2,11,4,2
2013170L11133,2,9,0,2,0,0,0,0,0,0,1,1,6,2,-1,1781,1,10,4,1
2013170L11203,1,5,0,18,0,0,0,0,0,0,4,1,6,1,8,-1,-1,-1,-1,-1
2013170L11203,2,5,0,18,0,0,0,0,0,0,1,1,6,1,8,1050,1,2,4,2
2013170L11293,1,9,0,9,0,6,0,0,0,0,1,1,6,1,4,1364,1,6,8,1
2013170L11293,2,9,0,18,0,8,0,0,0,0,4,1,6,2,6,1992,2,5,-1,-1
2013170L11343,1,9,0,1,9,6,0,0,0,0,2,1,6,2,7,998,1,-1,10,1
2013170L11343,2,1,0,18,9,8,0,0,0,0,1,1,6,1,3,-1,-1,-1,-1,-1
2013170L11433,1,5,0,18,0,0,0,0,7,2,1,1,6,1,5,599,1,10,2,1
2013170L11523,1,9,0,18,0,1,0,0,0,0,1,1,6,1,4,1199,1,9,9,1
2013170L11523,2,9,0,3,0,1,0,0,0,0,2,1,6,2,5,1149,1,10,9,2
2013170L11553,1,9,0,4,0,0,0,0,0,0,2,1,6,1,8,2000,2,3,9,1
2013170L11553,2,5,0,4,0,0,0,0,1,1,1,1,6,1,8,1000,1,5,-1,-1
2013170L11593,1,9,0,18,0,1,0,0,0,0,1,1,2,2,7,1360,1,10,2,1
2013170L11593,2,9,0,3,0,1,0,0,1,3,2,1,2,2,8,1199,1,11,4,1
2013170L11593,3,9,0,9,0,8,0,0,0,0,2,1,6,2,7,1896,2,8,8,1
2013170L11633,1,19,0,1,0,0,0,0,0,0,2,1,6,3,-1,2402,2,7,-1,-1
2013170L11653,1,9,0,9,0,4,0,0,0,0,0,1,6,1,9,1598,1,6,8,2
2013170L11653,2,2,0,18,0,8,1,0,0,0,3,1,6,2,6,-1,-1,-1,3,2
2013170L11683,1,9,0,18,0,1,0,0,0,0,1,1,6,1,11,2435,1,13,-1,-1
2013170L11683,2,9,0,10,0,1,0,0,0,0,2,1,6,2,9,1299,1,12,8,2
2013170L11683,3,9,0,18,0,8,0,0,0,0,1,1,6,1,4,-1,-1,-1,4,3
2013170L11703,1,9,0,18,0,0,5,10,0,0,4,1,6,1,7,998,1,24,5,1
2013170L11713,1,9,0,18,0,0,0,0,0,0,3,1,6,2,9,1590,1,10,9,3
2013170L11753,1,9,0,9,0,8,0,0,0,0,1,1,6,1,11,1398,2,1,2,2
2013170L11753,2,9,0,18,0,8,0,0,0,0,1,1,6,1,10,1598,1,9,-1,-1
2013170L11773,1,9,0,18,0,2,0,0,0,0,1,1,1,1,5,-1,-1,-1,1,2
2013170L11853,1,9,0,16,0,0,0,0,7,4,1,1,6,1,5,1364,1,8,1,1
2013170L11873,1,11,0,14,0,1,0,0,0,0,0,1,1,1,9,2461,2,3,2,1
2013170L11893,1,9,0,18,0,0,5,0,0,0,1,1,6,1,8,1596,1,8,8,2
2013170L11893,2,9,0,2,0,0,0,0,0,0,1,1,6,2,-1,1896,2,13,-1,-1
2013170L11893,3,9,0,2,0,0,0,0,0,0,2,1,6,1,-1,1422,2,12,1,2
2013170L11933,1,9,0,18,0,0,2,0,7,7,1,1,6,2,5,1124,1,9,9,1
2013170L12053,1,9,0,18,0,0,0,0,1,9,1,1,2,1,8,1834,1,12,4,1
2013170L12093,1,9,0,3,0,1,0,0,0,0,2,1,6,1,4,999,1,10,8,2
2013170L12093,2,19,0,18,0,1,0,0,0,0,1,1,6,3,-1,-1,-1,-1,-1,-1
2013170L12123,1,9,0,18,0,0,0,0,0,0,1,1,6,3,-1,-1,-1,-1,-1,-1
2013170L20093,1,9,0,3,0,0,0,0,0,0,2,1,6,2,5,1388,1,10,5,1
2013170L20093,2,9,0,18,0,0,0,0,0,0,1,1,6,1,7,1834,2,14,4,2
2013170L20113,1,3,0,17,0,0,1,10,1,2,1,1,2,1,4,123,1,28,6,1
2013170L20173,1,5,0,9,0,8,1,0,0,0,3,1,6,1,6,599,1,9,8,1
2013170L20183,1,9,0,18,0,0,0,0,0,0,3,1,6,2,8,1596,1,1,1,1
2013170L20253,1,9,0,18,0,2,0,0,0,0,3,1,6,1,7,1796,1,11,7,1
2013170L20253,2,20,0,11,0,2,0,0,0,0,4,1,1,1,9,5880,2,6,8,1
2013170L20273,1,9,0,9,0,2,1,0,1,1,1,1,2,1,7,1396,1,10,1,1
2013170L20343,1,9,0,2,0,0,0,0,0,0,3,1,6,2,6,1598,1,1,2,1
2013170L20343,2,9,0,14,0,0,0,0,0,0,4,1,6,1,10,1598,1,12,1,1
2013170L20363,1,9,0,18,0,0,0,0,0,0,1,1,6,1,7,1598,1,8,4,1
2013170L20373,1,9,0,3,0,1,0,0,0,0,2,1,6,2,8,-1,-1,-1,2,2
2013170L20373,2,9,0,18,0,1,0,0,0,0,1,1,6,1,7,1229,1,8,10,1
2013170L20393,1,9,0,7,0,3,0,0,0,0,3,1,6,1,4,1560,2,2,9,1
2013170L20393,2,9,0,18,0,5,0,0,0,0,4,1,6,2,8,1956,2,1,-1,-1
2013170L20453,1,9,0,18,0,1,0,0,0,0,1,1,2,2,4,-1,-1,-1,6,1
2013170L20453,2,9,0,4,0,1,0,0,0,0,2,1,2,1,8,1599,1,10,1,1
2013170L20453,3,9,0,4,0,1,0,0,0,0,2,1,2,1,5,1242,1,10,2,1
2013170L20493,1,9,0,10,0,1,0,0,0,0,2,1,6,1,8,1896,2,3,3,1
2013170L20493,2,9,0,18,0,1,0,0,0,0,1,1,6,1,5,1360,1,13,1,1
2013170L20543,1,9,0,18,0,0,0,0,1,11,1,1,2,1,6,1999,1,7,1,1
2013170L20573,1,9,0,18,0,6,0,0,0,0,2,1,6,1,8,1798,1,-1,8,1
2013170L20573,2,1,0,18,0,6,0,0,0,0,1,1,6,1,6,-1,-1,-1,1,1
2013170L20583,1,19,0,16,0,0,0,0,0,0,1,1,1,1,6,1995,2,5,-1,-1
2013170L20593,1,9,0,18,0,8,0,0,0,0,4,1,2,1,5,1242,1,10,2,1
2013170L20593,2,9,0,7,0,8,0,0,0,0,1,1,2,2,9,973,1,12,5,1
2013170L20673,1,8,0,4,0,2,0,0,0,0,3,1,1,1,9,1896,2,5,3,1
2013170L20673,2,9,0,13,0,2,0,0,0,0,4,1,6,1,7,1870,2,11,6,1
2013170L20753,1,9,0,7,9,8,0,0,0,0,4,1,6,2,8,1360,1,9,1,1
2013170L20753,2,97,0,18,9,8,0,0,0,0,1,1,6,1,-1,-1,-1,-1,-1,-1
2013170L20803,1,9,0,18,0,0,0,0,0,0,1,1,6,1,6,3200,2,12,1,1
2013170L20803,2,19,0,18,0,0,1,0,0,0,1,1,6,1,5,2198,2,6,4,1
2013170L20803,3,8,0,2,6,0,0,0,0,0,0,1,1,1,6,1686,2,6,4,1
2013170L20813,1,9,0,4,0,0,0,0,0,0,2,1,6,1,7,-1,-1,-1,8,2
2013170L20813,2,19,0,18,0,0,0,0,1,9,1,1,1,1,8,2287,2,4,5,1
2013170L20813,3,9,0,18,0,0,0,0,0,0,1,1,6,1,5,1598,1,6,7,1
2013170L20813,4,9,0,18,0,0,0,0,0,0,1,1,6,1,5,1560,2,5,10,1
2013170L20893,1,9,0,9,0,6,0,0,0,0,3,1,6,1,8,1398,2,10,9,1
2013170L20893,2,1,0,18,0,8,0,0,0,0,1,1,6,1,6,-1,-1,-1,9,1
2013170L20993,1,9,0,18,0,0,0,0,0,0,4,1,3,2,7,1796,1,6,6,1
2013170L21023,1,11,0,18,0,0,0,0,0,0,0,1,1,1,7,-1,-1,-1,1,1
2013170L21023,2,1,0,18,0,0,0,0,0,0,0,1,4,1,2,-1,-1,-1,1,1
2013170L21063,1,9,0,2,0,2,0,0,0,0,2,1,6,1,5,1995,2,-1,1,1
2013170L21063,2,9,0,18,0,2,0,0,0,0,1,1,6,1,7,1796,1,14,1,1
2013170L21123,1,9,0,18,0,8,0,0,0,0,4,1,6,1,6,1997,2,11,6,1
2013170L21123,2,1,0,18,0,8,0,0,0,0,1,1,6,1,2,-1,-1,-1,4,1
2013170L21143,1,9,0,18,0,8,0,0,0,0,1,1,6,3,-1,1560,2,-1,-1,-1
2013170L21143,2,8,0,18,0,8,0,0,0,0,1,1,1,1,5,1896,2,4,1,1
2013170L21183,1,19,0,9,0,2,0,0,0,0,1,1,6,1,-1,-1,-1,-1,-1,-1
2013170L21183,2,1,0,18,0,1,0,0,0,0,1,1,6,1,6,-1,-1,-1,1,1
2013170L21233,1,9,0,18,0,1,0,0,0,0,1,1,6,2,5,1242,1,11,5,1
2013170L21233,2,1,0,18,0,6,0,0,0,0,1,1,6,1,4,-1,-1,-1,6,1
2013170L21253,1,8,0,4,0,1,0,0,0,0,1,1,1,1,9,1896,2,6,1,1
2013170L21253,2,9,0,4,0,1,0,0,0,0,2,1,6,2,7,1240,1,4,5,1
2013170L21283,1,2,0,18,0,0,0,10,0,0,1,1,6,1,4,-1,-1,-1,1,1
2013170L21303,1,9,0,18,0,0,0,0,2,7,1,1,6,1,5,1598,1,14,5,1
2013170L21323,1,8,0,6,0,0,0,0,0,0,3,1,1,1,6,1896,2,7,1,1
2013170L21323,2,8,0,18,0,0,0,0,0,0,1,1,1,1,6,1910,2,6,-1,-1
2013170L21333,1,8,0,18,0,0,1,0,0,0,4,1,6,3,-1,-1,-1,-1,-1,-1
2013170L21353,1,9,0,18,0,1,0,0,0,0,4,1,2,2,5,998,1,10,6,1
2013170L21353,2,1,0,18,0,6,0,0,0,0,1,1,6,1,2,-1,-1,-1,1,1
2013170L21453,1,9,0,4,0,0,0,0,0,0,-1,1,6,1,6,1796,1,11,-1,-1
2013170L21453,2,2,0,18,0,0,0,0,0,0,-1,1,6,1,3,-1,-1,-1,1,1
2013170L21473,1,9,0,4,0,6,0,0,0,0,1,1,6,3,-1,-1,-1,-1,-1,-1
2013170L21473,2,1,0,18,0,8,0,0,0,0,4,1,6,1,7,-1,-1,-1,-1,-1
2013170L21563,1,9,0,3,0,1,0,0,0,0,2,1,6,2,7,1229,1,1,1,1
2013170L21563,2,9,0,18,0,1,0,0,0,0,1,1,6,1,8,-1,-1,-1,5,1
2013170L21583,1,9,0,6,0,0,0,0,0,0,3,1,6,2,9,1329,1,1,1,1
2013170L21583,2,9,0,18,0,0,0,0,0,0,1,1,2,1,8,998,1,13,1,1
2013170L21603,1,8,0,5,0,1,0,0,0,0,0,1,1,1,9,1753,2,5,1,1
2013170L21613,1,8,0,4,0,1,0,0,0,0,2,1,1,1,9,1896,2,4,1,1
2013170L21613,2,9,0,18,0,1,5,9,0,0,1,1,6,1,6,2157,1,13,3,1
2013170L21673,1,9,0,17,0,1,0,0,0,0,1,1,6,2,8,1400,2,6,8,1
2013170L21693,1,2,0,18,0,8,0,0,0,0,1,1,6,1,5,124,1,20,1,1
2013170L21693,2,9,0,7,0,8,0,0,0,0,2,1,6,1,10,-1,-1,-1,1,1
2013170L21723,1,22,0,18,0,0,0,0,0,0,4,1,6,1,11,-1,-1,-1,8,1
2013170L21723,2,9,0,18,0,0,0,0,0,0,1,1,6,2,4,1149,1,11,1,1
2013170L21763,1,9,0,18,0,1,0,0,0,0,1,1,6,2,9,1998,1,12,10,1
2013170L21763,2,9,0,3,0,1,0,0,0,0,2,1,6,1,5,1199,1,11,2,1
2013170L21793,1,9,0,18,0,0,0,0,4,6,1,1,2,2,9,1242,1,2,8,2
2013170L21793,2,9,0,18,0,0,0,12,0,0,1,1,2,1,7,1124,1,12,6,1
2013170L21793,3,9,0,18,0,0,0,0,0,0,2,1,2,1,8,1199,1,-1,6,1
2013170L21863,1,9,0,18,0,0,0,0,0,0,3,1,6,2,5,1149,1,6,7,1
2013170L21863,2,19,0,4,0,0,0,0,0,0,4,1,1,1,-1,2299,2,13,-1,-1
2013170L21883,1,2,0,18,0,4,0,0,0,0,1,1,6,1,10,101,1,14,1,1
2013170L21883,2,9,0,1,0,8,0,0,0,0,1,1,6,1,4,1391,1,12,5,2
2013170L21903,1,9,0,18,0,1,0,0,0,0,1,1,6,2,6,1596,1,7,9,1
2013170L21903,2,1,0,18,0,6,0,0,0,0,3,1,6,1,5,-1,-1,-1,1,1
2013170L21953,1,11,0,4,0,0,0,0,0,0,0,1,1,2,7,-1,-1,-1,4,1
2013170L22003,1,11,0,18,0,4,0,0,0,0,1,1,1,1,7,-1,-1,-1,3,3
2013170L22003,2,1,0,18,0,8,0,0,0,0,4,1,2,1,6,-1,-1,-1,3,1
2013170L22013,1,9,0,9,0,8,0,0,0,0,1,1,6,1,6,1753,2,12,1,1
2013170L22013,2,9,0,18,0,8,0,0,0,0,1,1,6,1,8,1560,2,4,4,1
2013170L22023,1,9,0,3,0,0,0,0,0,0,2,1,2,1,5,1796,1,5,10,1
2013170L22023,2,9,0,3,0,0,0,0,0,0,2,1,2,2,7,1461,2,4,1,1
2013170L22023,3,9,0,18,0,0,0,0,0,0,1,1,6,1,10,1086,1,3,2,2
2013170L22033,1,2,0,18,0,0,0,0,0,0,1,1,6,1,3,-1,-1,-1,1,1
2013170L22033,2,9,0,18,0,0,0,0,0,0,3,1,6,2,4,1242,1,9,1,1
2013170L22063,1,9,0,18,0,0,0,0,0,0,1,1,6,2,6,1596,1,2,1,1
2013170L22063,2,8,0,18,0,0,0,0,0,0,2,1,1,1,7,1896,2,5,1,1
2013170L22063,3,9,0,18,0,0,0,0,0,0,2,1,6,1,9,1686,2,-1,1,1
2013170L22133,1,8,0,1,0,1,0,0,0,0,2,1,1,1,5,1896,2,5,4,1
2013170L22133,2,9,0,2,0,1,0,0,0,0,2,1,6,1,6,1242,1,11,1,1
2013170L30023,1,9,0,2,0,0,0,0,0,0,3,1,6,1,9,2987,2,3,6,1
2013170L30023,2,1,0,18,0,0,0,0,0,0,1,1,6,1,4,-1,-1,-1,2,1
2013170L30133,1,19,0,18,0,8,0,0,0,0,4,1,1,1,7,1995,2,-1,4,1
2013170L30133,2,9,0,12,0,8,0,0,0,0,3,1,6,2,4,1149,1,4,8,2
2013170L30153,1,9,0,18,0,0,0,0,0,0,1,1,2,1,7,1390,1,6,5,1
2013170L30163,1,11,0,4,0,1,0,0,0,0,0,1,1,1,6,6700,2,3,2,1
2013170L30193,1,9,0,18,0,8,0,0,0,0,4,1,6,1,4,1248,2,3,4,1
2013170L30193,2,9,0,18,0,4,0,0,0,0,1,1,6,2,4,1461,2,1,9,2
2013170L30243,1,97,0,18,0,8,0,0,0,0,1,1,6,1,6,-1,-1,-1,2,1
2013170L30243,2,9,0,9,0,8,0,0,0,0,1,1,6,1,5,1199,1,9,8,2
2013170L30263,1,3,0,18,0,1,0,0,0,0,1,1,6,1,3,-1,-1,-1,5,1
2013170L30263,2,9,0,2,0,2,0,0,0,0,1,1,6,1,7,-1,-1,-1,5,1
2013170L30293,1,9,0,18,0,8,0,0,0,0,1,1,1,1,7,1686,2,1,-1,-1
2013170L30293,2,1,0,18,0,8,0,0,0,0,4,1,6,1,8,-1,-1,-1,8,2
2013170L30303,1,9,0,11,0,0,0,0,1,4,4,1,6,1,5,1910,2,7,4,1
2013170L30303,2,9,0,18,0,0,0,0,1,4,3,1,6,1,6,-1,-1,-1,-1,-1
2013170L30353,1,9,0,9,0,8,0,0,0,0,1,1,6,1,5,1124,1,12,1,1
2013170L30353,2,1,0,18,0,8,0,0,0,0,1,1,6,1,7,-1,-1,-1,5,2
2013170L30443,1,19,0,9,0,8,0,0,0,0,1,1,1,1,7,-1,-1,-1,10,1
2013170L30443,2,9,0,18,0,8,0,0,0,0,1,1,6,2,8,1582,2,2,1,1
2013170L30483,1,9,0,3,0,0,0,0,0,0,2,1,6,1,8,1360,1,8,7,3
2013170L30483,2,9,0,18,0,0,0,0,0,0,1,1,6,2,5,1910,2,5,2,1
2013170L30503,1,8,0,18,0,0,0,0,0,0,1,1,1,1,5,1896,2,3,6,1
2013170L30563,1,9,0,18,0,2,0,0,0,0,1,1,6,1,5,1799,1,7,6,1
2013170L30563,2,1,0,18,0,2,0,0,0,0,1,1,6,1,2,-1,-1,-1,1,1
2013170L30603,1,9,0,9,0,6,0,0,0,0,1,1,6,2,7,1910,2,5,3,1
2013170L30603,2,1,0,18,0,6,0,0,0,0,1,1,6,1,6,-1,-1,-1,3,1
2013170L30613,1,9,0,9,0,8,0,0,0,0,1,1,3,1,5,1798,1,5,5,1
2013170L30613,2,9,0,18,0,8,0,0,1,2,4,1,6,2,5,1124,1,13,4,1
2013170L30663,1,9,0,14,0,8,0,0,7,10,4,1,6,1,8,1896,2,4,8,2
2013170L30663,2,17,0,10,0,8,0,0,0,0,3,1,6,1,9,4400,2,2,-1,-1
2013170L30693,1,3,0,18,0,8,0,0,0,0,3,1,6,1,4,124,1,7,5,1
2013170L30693,2,9,0,18,0,8,0,0,0,0,1,1,6,2,10,1997,2,13,3,1
2013170L30703,1,9,0,18,0,0,0,0,0,0,1,1,6,1,8,1988,1,12,5,1
2013170L30703,2,9,0,4,0,0,0,0,0,0,1,1,1,2,5,1968,2,1,1,1
2013170L30703,3,9,0,12,0,0,0,0,0,0,2,1,6,2,8,1796,1,5,1,2
2013170L30733,1,20,0,18,0,0,0,5,0,0,1,1,1,1,6,5480,2,8,3,1
2013170L30773,1,9,0,18,0,0,0,0,0,0,4,1,6,2,-1,-1,-1,-1,-1,-1
2013170L30783,1,9,0,9,0,8,0,0,0,0,1,1,6,1,8,1560,2,3,6,1
2013170L30783,2,9,0,17,0,8,0,0,0,0,1,1,6,1,7,1390,1,11,5,1
2013170L30793,1,9,0,9,0,8,0,0,0,0,1,1,6,2,4,1199,1,10,8,1
2013170L30793,2,1,0,18,0,8,0,0,0,0,1,1,6,2,6,-1,-1,-1,3,1
2013170L30843,1,9,0,18,0,2,0,0,0,0,1,1,6,1,4,1388,1,6,3,1
2013170L30853,1,9,0,18,0,8,0,0,0,0,1,1,2,1,4,1149,1,9,3,1
2013170L30853,2,9,0,18,0,8,0,0,0,0,1,1,2,2,7,1600,2,2,7,2
2013170L30903,1,9,0,18,0,6,0,0,0,0,1,1,6,1,10,1781,1,17,6,1
2013170L30903,2,9,0,18,0,8,0,0,0,0,4,1,6,2,5,1598,1,7,4,1
2013170L30913,1,9,0,3,0,1,0,0,0,0,2,1,6,2,6,998,1,12,3,1
2013170L30913,2,9,0,4,0,1,0,0,0,0,1,1,6,1,-1,1796,1,9,4,3
2013170L30973,1,9,0,1,9,0,0,0,0,0,2,1,6,1,7,1995,2,2,9,1
2013170L31013,1,9,0,18,0,1,0,0,0,0,1,1,6,2,8,1587,1,9,1,1
2013170L31013,2,9,0,3,0,1,0,0,0,0,2,1,6,2,9,1997,2,1,4,1
2013170L31043,1,3,0,18,0,0,0,0,1,0,1,1,6,1,7,100,1,13,1,1
2013170L31083,1,9,0,18,0,0,0,0,0,0,4,1,3,1,7,1199,1,9,9,2
2013170L31103,1,9,0,8,0,1,0,0,0,0,2,1,6,1,5,1149,1,3,1,1
2013170L31103,2,9,0,7,0,1,0,0,0,0,1,1,6,1,9,1997,2,12,5,1
2013170L31163,1,9,0,18,0,0,0,0,7,11,1,1,6,2,5,1360,1,8,1,1
2013170L31163,2,9,0,18,0,0,0,0,0,0,2,1,6,1,4,999,1,15,9,1
2013170L31173,1,9,0,18,0,0,0,0,0,0,1,1,6,1,4,1199,1,11,1,1
2013170L31173,2,1,0,18,0,0,0,0,0,0,1,1,6,1,5,-1,-1,-1,1,1
2013170L31193,1,9,0,18,0,0,0,0,0,0,1,1,6,1,8,1997,2,3,1,1
2013170L31193,2,1,0,18,0,0,0,0,0,0,3,1,6,1,9,-1,-1,-1,5,1
2013170L31193,3,1,0,18,0,0,0,0,0,0,4,1,6,1,9,-1,-1,-1,1,1
2013170L31273,1,5,0,13,0,8,0,0,1,0,1,1,6,1,7,937,1,14,2,1
2013170L31273,2,9,0,9,0,8,0,0,0,0,3,1,6,2,5,1149,1,1,6,1
2013170L31313,1,9,0,18,0,0,0,0,0,0,1,1,6,2,8,1997,1,3,7,1
2013170L31313,2,9,0,4,0,0,0,0,0,0,2,1,6,1,9,1598,1,3,9,2
2013170L31373,1,9,0,18,0,0,0,0,0,0,1,1,6,2,4,973,1,12,1,1
2013170L31393,1,9,0,18,0,1,0,0,0,0,1,1,6,1,8,2184,2,7,4,2
2013170L31393,2,1,0,18,0,6,0,0,0,0,1,1,6,1,2,-1,-1,-1,4,1
2013170L31403,1,9,0,18,0,8,0,0,0,0,1,1,6,2,4,1242,1,-1,10,1
2013170L31403,2,9,0,18,0,8,0,0,0,0,1,1,6,1,8,1000,1,22,4,1
2013170L31413,1,9,0,18,0,8,0,0,0,0,1,1,6,2,8,1242,1,2,3,1
2013170L31413,2,9,0,9,0,8,0,0,0,0,1,1,6,2,6,1396,1,10,-1,2
2013170L31423,1,9,0,18,0,1,0,0,0,0,1,1,6,1,10,1598,2,2,5,1
2013170L31423,2,9,0,3,0,1,0,0,0,0,2,1,6,1,6,-1,-1,-1,4,1
2013170L31423,3,9,0,3,0,1,0,0,0,0,2,1,6,2,9,2198,2,8,3,1
2013170L31463,1,9,0,18,0,8,0,0,0,0,3,1,6,2,6,1598,1,12,3,1
2013170L31463,2,9,0,18,0,8,0,0,0,0,1,1,6,1,10,1405,1,9,1,2
2013170L31463,3,9,0,2,0,2,0,0,0,0,2,1,6,3,-1,1596,1,3,3,1
2013170L31493,1,19,0,2,0,0,0,0,0,0,3,1,6,1,8,-1,-1,-1,1,1
2013170L31493,2,9,0,1,0,0,0,0,0,0,0,1,6,2,6,1686,2,2,4,1
2013170L31513,1,9,0,7,0,0,0,0,0,0,1,1,2,1,8,-1,-1,-1,7,3
2013170L31513,2,1,0,15,0,0,0,0,0,0,3,1,6,1,8,-1,-1,-1,1,1
2013170L31533,1,9,0,4,0,1,0,0,0,0,1,1,6,1,9,1598,1,6,-1,-1
2013170L31533,2,9,0,10,0,1,0,0,0,0,2,1,1,2,6,1490,1,25,-1,-1
2013170L31543,1,9,0,18,0,1,0,0,0,0,1,1,6,2,7,1275,1,18,2,1
2013170L31543,2,9,0,6,0,1,0,0,0,0,0,1,1,1,7,-1,-1,-1,4,2
2013170L31643,1,9,0,10,0,1,0,0,0,0,2,1,6,2,8,1753,2,11,1,1
2013170L31643,2,9,0,9,0,1,0,0,0,0,1,1,6,2,5,1910,2,5,5,1
2013170L31663,1,9,0,9,0,5,0,0,0,0,1,1,6,2,5,1896,2,10,1,1
2013170L31733,1,9,0,18,0,1,0,0,0,0,1,1,6,2,5,-1,-1,-1,5,1
2013170L31733,2,9,0,2,0,1,0,0,0,0,2,1,6,1,-1,1149,1,8,-1,-1