Accident_Index,Vehicle_Reference,Vehicle_Type,Towing_and_Articulation,Vehicle_Manoeuvre,Vehicle_Location-Restricted_Lane,Junction_Location,Skidding_and_Overturning,Hit_Object_in_Carriageway,Vehicle_Leaving_Carriageway,Hit_Object_off_Carriageway,1st_Point_of_Impact,Was_Vehicle_Left_Hand_Drive?,Journey_Purpose_of_Driver,Sex_of_Driver,Age_Band_of_Driver,Engine_Capacity_(CC),Propulsion_Code,Age_of_Vehicle,Driver_IMD_Decile,Driver_Home_Area_Type
2013170L31743,1,9,0,18,0,0,0,0,0,0,1,1,6,3,-1,-1,-1,-1,-1,-1
2013170L31743,2,1,0,18,0,0,0,0,0,0,0,1,6,1,3,-1,-1,-1,1,1
2013170L31783,1,9,0,17,0,2,0,0,0,0,1,1,2,2,8,1328,1,10,2,1
2013170L31783,2,1,0,18,0,2,0,0,0,0,1,1,4,1,2,-1,-1,-1,5,1
2013170L31803,1,9,0,18,0,0,0,0,0,0,4,1,6,1,5,1229,1,1,1,1
2013170L31823,1,9,0,18,0,0,0,0,0,0,4,1,6,1,-1,-1,-1,-1,-1,-1
2013170L31833,1,9,0,1,0,0,0,0,0,0,0,1,6,1,7,1598,1,1,5,1
2013170L31843,1,9,0,7,0,6,0,0,0,0,4,1,6,1,6,1984,1,7,9,2
2013170L31913,1,9,0,18,0,0,0,0,0,0,1,1,6,1,8,2980,2,19,3,1
2013170L31913,2,9,0,18,0,0,0,0,0,0,1,1,6,2,6,2000,2,9,-1,-1
2013170L31923,1,9,0,9,0,8,0,0,0,0,1,1,6,1,10,-1,-1,-1,6,1
2013170L31923,2,2,0,18,0,8,0,0,0,0,1,1,6,1,4,50,1,3,4,1
2013170L31943,1,8,0,18,0,0,0,0,0,0,4,1,1,1,8,1968,2,1,3,1
2013170L31943,2,9,0,2,0,0,0,0,0,0,4,1,6,1,6,1870,2,8,3,1
2013170L31973,1,9,0,9,0,8,0,0,0,0,3,1,6,1,9,1596,1,3,9,1
2013170L31973,2,1,0,18,0,8,0,0,0,0,1,1,6,2,9,-1,-1,-1,3,1
2013170L31993,1,9,0,2,0,0,0,0,0,0,3,1,6,1,8,1598,1,3,5,1
2013170L31993,2,1,0,18,0,0,0,0,0,0,4,1,2,1,7,-1,-1,-1,1,1
2013170L32043,1,8,0,18,0,8,0,0,0,0,1,1,1,1,9,1598,2,-1,3,3
2013170L32103,1,9,0,18,0,0,0,0,0,0,1,1,6,2,7,1149,1,15,1,1
2013170L32103,2,1,0,18,0,0,0,0,0,0,2,1,6,1,8,-1,-1,-1,7,1
2013170L40043,1,9,0,18,0,8,0,0,0,0,3,1,2,1,7,1124,1,10,5,2
2013170L40043,2,9,0,18,0,8,0,0,0,0,3,1,6,3,-1,-1,-1,-1,-1,-1
2013170L40053,1,9,0,7,0,8,0,0,0,0,3,1,6,1,8,1299,1,12,2,2
2013170L40053,2,9,0,10,0,1,0,0,0,0,3,1,6,2,6,1896,2,7,2,2
2013170L40123,1,8,0,13,0,1,0,0,0,0,1,1,1,1,7,1896,2,9,4,1
2013170L40123,2,9,0,9,0,1,0,0,0,0,3,1,6,2,5,1686,2,10,5,2
2013170L40333,1,9,0,8,0,1,0,0,0,0,2,1,6,1,8,1998,1,9,8,2
2013170L40333,2,9,0,7,0,1,0,0,0,0,1,1,6,2,7,1975,1,9,5,2
2013170L40413,1,9,0,18,0,0,5,0,1,9,1,1,6,1,7,1996,1,18,4,2
2013170L40423,1,9,0,4,0,2,0,0,0,0,0,1,1,1,8,1753,2,3,2,3
2013170L40423,2,9,0,4,0,2,0,0,0,0,2,1,6,1,9,1598,1,16,1,1
2013170L40423,3,9,0,18,0,2,0,0,0,0,1,1,6,2,8,1388,1,3,8,2
2013170L40423,4,9,0,18,0,2,0,0,0,0,1,1,6,2,5,1896,2,11,7,1
2013170L40433,1,9,0,7,0,8,0,0,0,0,1,1,2,2,8,1596,1,11,5,2
2013170L40433,2,9,0,18,0,8,0,0,0,0,4,1,2,1,7,-1,-1,-1,2,2
2013170L40433,3,19,0,2,0,1,0,0,0,0,1,1,1,1,7,1753,2,7,2,2
2013170L40523,1,9,0,18,0,1,0,0,0,0,1,1,6,1,5,1124,1,13,5,2
2013170L40523,2,9,0,10,0,1,0,0,0,0,2,1,6,1,8,2495,2,20,3,3
2013170L40683,1,9,0,3,0,0,0,0,0,0,0,1,1,1,7,1248,2,1,-1,-1
2013170L40683,2,9,0,14,0,0,0,0,0,0,3,1,6,2,7,1587,1,14,7,1
2013170L40683,3,90,0,14,0,0,0,0,0,0,4,1,1,2,7,2143,2,4,-1,-1
2013170L40723,1,3,0,18,0,8,0,0,0,0,1,1,6,1,4,899,1,12,4,3
2013170L40723,2,9,0,9,0,8,0,0,0,0,1,1,6,1,11,1781,1,15,8,2
2013170L40743,1,9,0,18,0,1,0,0,0,0,1,1,6,2,4,1149,1,10,2,2
2013170L40743,2,9,0,4,0,1,0,0,0,0,2,1,6,2,6,1598,1,11,-1,-1
2013170L40823,1,11,0,6,0,8,0,0,0,0,0,1,1,1,7,-1,-1,-1,5,3
2013170L40833,1,9,0,9,0,6,0,0,0,0,1,1,6,1,5,1686,2,9,2,2
2013170L40833,2,9,0,18,0,8,0,0,0,0,3,1,6,2,8,-1,-1,-1,2,2
2013170L40833,3,9,0,2,0,2,0,0,0,0,3,1,6,1,-1,1995,2,1,-1,-1
2013170L40863,1,17,4,16,0,2,0,0,0,0,1,1,6,1,4,4156,2,4,1,2
2013170L40863,2,9,0,18,0,1,0,0,0,0,3,1,6,2,11,1248,1,1,8,2
2013170L41053,1,9,0,18,0,0,5,0,0,0,1,1,6,1,6,-1,-1,-1,3,1
2013170L41053,2,9,0,2,0,0,0,0,0,0,1,1,6,2,-1,1242,1,2,-1,-1
2013170L41263,1,9,0,10,0,1,0,0,0,0,2,1,6,2,8,1461,2,4,10,1
2013170L41263,2,20,0,18,0,1,0,0,0,0,1,1,1,1,7,-1,-1,-1,6,1
2013170L41443,1,9,0,18,0,8,0,0,0,0,3,1,6,2,9,998,1,3,8,2
2013170L41443,2,1,0,7,0,8,0,0,0,0,1,1,6,2,5,-1,-1,-1,5,1
2013170L41503,1,9,0,13,0,0,0,0,0,0,4,1,6,2,5,-1,-1,-1,3,2
2013170L41503,2,1,0,18,0,0,0,0,0,0,3,1,6,1,8,-1,-1,-1,7,1
2013170L41503,3,1,0,18,0,0,0,0,0,0,3,1,6,1,5,-1,-1,-1,7,1
2013170L41573,1,8,0,1,0,8,0,0,0,0,2,1,1,1,7,1910,2,6,4,1
2013170L41813,1,22,0,17,0,0,0,0,0,0,1,1,6,2,9,-1,3,-1,4,2
2013170L41813,2,9,0,16,0,0,0,0,0,0,4,1,6,1,9,1995,2,-1,8,2
2013170L42083,1,9,0,18,0,0,0,0,0,0,1,1,6,1,-1,-1,-1,-1,-1,-1
2013170L42113,1,9,0,10,0,1,0,0,0,0,2,1,6,2,8,1364,2,1,5,2
2013170L42113,2,9,0,18,0,1,0,0,0,0,1,1,6,1,8,1596,1,14,1,3
2013170L50143,1,9,0,16,0,0,0,0,0,0,3,1,6,2,7,1968,2,1,2,3
2013170L50143,2,9,0,17,0,0,0,0,0,0,3,1,6,2,7,1590,1,11,3,2
2013170L50313,1,9,0,18,0,0,1,0,0,0,1,1,6,1,5,-1,-1,-1,4,2
2013170L50313,2,9,0,18,0,0,0,0,1,3,3,1,6,1,7,1910,2,7,2,1
2013170L50883,1,9,0,16,0,1,0,0,0,0,1,1,6,2,7,1299,1,8,1,3
2013170L50883,2,9,0,17,0,2,0,0,0,0,1,1,6,2,6,1360,2,19,5,3
2013170L51223,1,9,0,7,0,2,0,0,0,0,1,1,6,1,7,1360,1,7,2,2
2013170L51223,2,1,0,18,0,1,0,0,0,0,1,1,6,1,2,-1,-1,-1,2,2
2013170L51483,1,9,0,18,0,0,0,0,0,0,4,1,6,3,-1,-1,-1,-1,-1,-1
2013170L51983,1,9,0,18,0,8,0,0,0,0,1,1,6,2,11,1686,2,5,4,3
2013170L51983,2,9,0,3,0,8,0,0,0,0,2,1,6,2,7,1598,1,7,4,2
2013170L51983,3,9,0,3,0,8,0,0,0,0,2,1,6,1,4,1149,1,12,4,2
2013170L52073,1,9,0,18,0,2,0,0,0,0,1,1,6,1,7,1242,1,10,1,3
2013170L52073,2,9,0,1,0,2,0,0,0,0,4,1,6,1,9,1988,2,7,2,2
2013170M10013,1,1,0,18,0,6,0,0,0,0,1,1,6,1,3,-1,-1,-1,1,1
2013170M10013,2,9,0,18,0,2,0,0,0,0,1,1,6,1,5,-1,-1,-1,4,1
2013170M10033,1,9,0,18,0,8,0,0,0,0,1,1,1,1,7,1753,2,4,8,1
2013170M10033,2,9,0,18,0,8,0,0,0,0,1,1,6,1,8,1242,1,16,1,1
2013170M10043,1,9,0,6,0,0,0,0,0,0,3,1,6,2,9,1560,2,2,5,1
2013170M10043,2,21,1,18,0,0,0,0,0,0,1,1,1,1,8,12777,2,3,2,1
2013170M10053,1,9,0,18,0,4,0,0,0,0,1,1,6,2,7,1796,1,6,1,1
2013170M10053,2,1,0,9,0,8,0,0,0,0,1,1,6,2,7,-1,-1,-1,2,1
2013170M10063,1,9,0,10,0,8,0,0,0,0,2,1,6,1,5,1870,2,8,1,1
2013170M10063,2,9,0,18,0,8,0,0,0,0,1,1,6,1,10,1388,1,16,1,1
2013170M10083,1,21,1,18,0,1,0,0,0,0,1,1,1,1,8,6692,2,5,5,2
2013170M10083,2,9,0,3,0,1,0,0,0,0,2,1,6,2,5,1197,1,1,1,1
2013170M10093,1,9,0,7,0,4,0,0,0,0,1,1,2,1,6,1998,1,6,2,1
2013170M10093,2,1,0,18,0,8,0,0,0,0,2,1,2,1,6,-1,-1,-1,2,1
2013170M10103,1,9,0,8,0,1,0,0,0,0,2,1,6,2,6,1998,1,5,3,1
2013170M10103,2,9,0,7,0,1,0,0,0,0,1,1,6,1,4,1598,1,7,5,1
2013170M10113,1,9,0,18,0,1,0,0,0,0,1,1,6,3,-1,-1,-1,-1,-1,-1
2013170M10123,1,9,0,2,0,2,0,0,0,0,1,1,6,1,4,1248,2,1,1,1
2013170M10123,2,9,0,1,0,1,0,0,0,0,2,1,6,1,7,-1,-1,-1,5,1
2013170M10133,1,9,0,18,0,1,0,0,0,0,1,1,6,3,-1,-1,-1,-1,-1,-1
2013170M10143,1,9,0,9,0,8,0,0,0,0,1,1,6,1,8,2198,2,8,1,1
2013170M10153,1,9,0,18,0,8,0,0,0,0,1,1,6,1,6,998,1,11,7,1
2013170M10153,2,9,0,18,0,8,0,0,0,0,3,1,6,1,10,973,1,13,1,1
2013170M10163,1,9,0,18,0,0,0,0,0,0,1,1,2,2,4,1242,1,12,5,1
2013170M10163,2,9,0,18,0,0,0,0,0,0,1,1,2,2,6,1896,2,7,4,1
2013170M10163,3,19,0,4,0,0,0,0,0,0,2,1,2,1,5,2198,2,3,2,1
2013170M10183,1,8,0,9,0,8,0,0,0,0,1,1,1,1,4,1896,2,7,1,1
2013170M10183,2,1,0,18,0,8,0,0,0,0,1,1,2,1,8,-1,-1,-1,8,1
2013170M10203,1,11,0,7,0,5,0,0,0,0,4,1,1,1,7,4500,2,3,1,1
2013170M10213,1,9,0,18,0,0,0,0,0,0,3,1,6,2,5,1242,1,10,1,1
2013170M10213,2,9,0,6,0,0,0,0,0,0,1,1,6,2,5,1995,2,7,1,1
2013170M10233,1,9,0,18,0,1,0,0,0,0,0,1,1,2,6,1248,1,4,8,1
2013170M10253,1,9,0,8,0,1,0,0,0,0,2,1,6,1,7,1328,1,9,7,1
2013170M10253,2,19,0,7,0,1,1,0,0,0,1,1,1,1,7,2151,2,10,4,1
2013170M10263,1,9,0,8,0,1,0,0,0,0,2,1,6,2,6,1360,1,10,1,1
2013170M10263,2,9,0,18,0,1,0,0,0,0,1,1,6,1,6,2401,2,8,6,1
2013170M10273,1,9,0,18,0,0,0,0,0,0,1,1,6,1,5,2143,2,1,1,1
2013170M10273,2,9,0,2,0,0,0,0,0,0,1,1,6,2,-1,1598,1,14,-1,-1
2013170M10293,1,19,0,2,0,0,0,0,0,0,2,1,6,1,5,-1,-1,-1,-1,-1
2013170M10293,2,9,0,18,0,0,0,0,0,0,1,1,6,1,8,1686,2,10,1,1
2013170M10293,3,9,0,18,0,0,0,0,0,0,4,1,6,1,6,1242,1,13,1,1
2013170M10303,1,9,0,12,0,8,0,0,0,0,0,1,6,3,-1,-1,-1,-1,-1,-1
2013170M10303,2,9,0,18,0,8,0,0,0,0,0,1,6,1,7,1587,1,14,5,1
2013170M10303,3,9,0,18,0,8,0,0,4,6,1,1,2,1,8,1998,1,15,3,1
2013170M10313,1,9,0,18,0,8,0,0,0,0,1,1,6,2,7,1986,2,7,4,1
2013170M10313,2,9,0,18,0,8,0,0,0,0,3,1,6,2,8,2231,2,7,3,1
2013170M10323,1,9,0,3,0,1,0,0,0,0,2,1,6,1,5,1198,1,3,8,1
2013170M10323,2,9,0,18,0,1,0,0,0,0,1,1,6,1,9,1598,1,11,8,1
2013170M10343,1,8,0,4,0,1,0,0,0,0,1,1,6,1,6,1896,2,6,5,1
2013170M10343,2,9,0,3,0,1,0,0,0,0,2,1,6,1,10,1349,1,1,9,3
2013170M10373,1,9,0,18,0,1,0,0,0,0,1,1,6,2,7,1596,1,8,8,1
2013170M10373,2,9,0,3,0,1,0,0,0,0,2,1,6,1,7,1685,2,1,1,1
2013170M10393,1,9,0,2,0,1,0,0,0,0,4,1,4,2,9,1598,1,3,8,1
2013170M10393,2,1,0,18,4,1,0,0,0,0,1,1,2,1,6,-1,-1,-1,5,1
2013170M10413,1,9,0,8,0,1,0,0,0,0,3,1,6,1,7,1497,1,11,8,1
2013170M10413,2,9,0,14,0,1,0,0,0,0,4,1,6,3,-1,-1,-1,-1,-1,-1
2013170M10433,1,9,0,9,0,8,0,0,0,0,1,1,6,2,4,1490,1,5,6,3
2013170M10433,2,9,0,18,0,8,0,0,0,0,1,1,6,2,7,1968,2,4,9,1
2013170M10443,1,9,0,17,0,0,0,0,4,6,1,1,1,1,5,1124,1,7,1,1
2013170M10483,1,9,0,4,0,1,0,0,0,0,2,1,6,1,11,1396,1,9,8,1
2013170M10483,2,9,0,18,0,1,0,0,0,0,1,1,6,2,9,1598,1,9,1,1
2013170M10493,1,9,0,18,0,1,0,0,0,0,1,1,6,1,-1,1149,1,11,4,1
2013170M10503,1,9,0,5,0,1,0,0,0,0,1,1,6,3,-1,-1,-1,-1,-1,-1
2013170M10523,1,9,0,3,0,1,0,0,0,0,2,1,2,1,7,1229,1,8,1,1
2013170M10523,2,19,0,5,0,1,0,0,0,0,1,1,1,1,6,2198,2,3,5,1
2013170M10543,1,9,0,18,0,8,0,0,0,0,1,1,6,1,6,1597,1,14,1,1
2013170M10543,2,1,0,18,0,6,0,0,0,0,1,1,6,1,4,-1,-1,-1,1,1
2013170M10553,1,9,0,18,0,2,0,0,0,0,1,1,6,1,8,1388,1,10,1,1
2013170M10563,1,20,0,11,0,0,0,0,0,0,4,1,1,1,6,12580,2,7,1,1
2013170M10563,2,9,0,18,0,0,0,0,0,0,3,1,2,1,6,1598,1,3,7,2
2013170M10573,1,9,0,18,0,2,1,0,5,6,3,1,6,2,5,1229,1,4,7,1
2013170M10583,1,9,0,18,0,2,0,0,0,0,1,1,6,1,6,-1,-1,-1,2,1
2013170M10613,1,9,0,7,0,2,0,0,0,0,1,1,6,3,-1,-1,-1,-1,-1,-1
2013170M10673,1,9,0,18,0,0,0,0,0,0,4,1,1,1,-1,-1,-1,-1,-1,-1
2013170M10673,2,9,0,12,0,0,0,0,0,0,3,1,6,2,8,1762,1,14,3,1
2013170M10683,1,3,0,18,0,1,0,0,0,0,1,1,6,1,5,124,1,5,1,1
2013170M10683,2,9,0,12,0,1,0,0,0,0,3,1,6,3,-1,-1,-1,-1,-1,-1
2013170M10723,1,9,0,18,0,8,0,0,0,0,1,1,6,2,5,1149,1,10,5,1
2013170M10723,2,9,0,18,0,8,0,0,0,0,3,1,1,1,6,1149,1,12,5,1
2013170M10733,1,9,0,7,0,5,0,0,0,0,1,1,6,1,7,1299,1,11,1,1
2013170M10733,2,9,0,18,0,8,0,0,0,0,4,1,6,2,8,1396,1,1,1,1
2013170M10763,1,9,0,4,0,1,0,0,0,0,2,1,6,1,7,1598,1,12,1,1
2013170M10763,2,9,0,18,0,1,0,0,0,0,2,1,6,1,5,1753,2,10,1,1
2013170M10773,1,19,0,18,0,0,0,0,0,0,1,1,6,3,-1,-1,-1,-1,-1,-1
2013170M10793,1,9,0,18,0,0,0,0,0,0,1,1,2,2,4,1596,1,7,7,1
2013170M10793,2,9,0,3,0,0,0,0,0,0,2,1,2,2,8,1248,2,4,8,1
2013170M10793,3,9,0,3,0,0,0,0,0,0,2,1,2,1,8,1149,1,7,8,1
2013170M10813,1,9,0,4,0,0,0,0,0,0,2,1,6,2,8,1364,1,7,4,1
2013170M10813,2,9,0,4,0,0,0,0,0,0,1,1,2,2,7,1599,1,13,2,1
2013170M10833,1,1,0,18,0,8,0,0,0,0,2,1,2,1,6,-1,-1,-1,6,1
2013170M10833,2,9,0,7,0,8,0,0,0,0,1,1,6,3,-1,-1,-1,-1,-1,-1
2013170M10853,1,9,0,9,0,8,0,0,0,0,1,1,6,2,11,1388,1,3,10,1
2013170M10853,2,9,0,18,0,8,0,0,0,0,1,1,1,1,8,-1,-1,-1,8,1
2013170M10863,1,9,0,18,0,0,0,0,0,0,1,1,6,1,5,1149,1,9,8,1
2013170M10863,2,1,0,18,0,0,0,0,0,0,1,1,6,1,10,-1,-1,-1,1,1
2013170M10873,1,9,0,7,0,1,0,0,0,0,1,1,6,1,6,1368,1,7,2,1
2013170M10873,2,9,0,8,0,1,0,0,0,0,2,1,6,1,9,1248,1,1,6,1
2013170M10883,1,21,1,16,0,0,0,0,0,0,0,1,1,1,10,11705,2,9,10,1
2013170M10883,2,9,0,17,0,0,0,0,0,0,3,1,2,1,8,1560,2,2,8,1
2013170M10883,3,21,1,17,0,0,0,0,0,0,3,1,1,1,8,-1,-1,-1,-1,3
2013170M10903,1,19,0,10,0,1,0,0,0,0,2,1,1,1,8,-1,-1,-1,6,1
2013170M10903,2,10,0,18,0,1,0,0,0,0,1,1,1,1,6,-1,-1,-1,1,1
2013170M10923,1,9,0,18,0,0,0,0,0,0,4,1,6,2,-1,-1,-1,-1,-1,-1
2013170M10953,1,9,0,18,0,0,0,0,0,0,1,1,6,2,7,1388,1,2,1,1
2013170M10953,2,9,0,6,0,0,0,0,0,0,3,1,6,1,6,1796,1,6,5,1
2013170M10963,1,9,0,7,0,8,0,0,0,0,4,1,6,2,9,995,1,8,3,1
2013170M10963,2,1,0,7,0,8,0,0,0,0,1,1,6,2,6,-1,-1,-1,2,1
2013170M10973,1,9,0,18,0,8,0,0,0,0,3,1,6,2,8,1586,1,11,8,1
2013170M10973,2,9,0,7,0,5,0,0,0,0,1,1,6,2,6,989,1,13,7,1
2013170M11003,1,3,0,16,0,0,1,0,0,0,3,1,6,1,4,125,1,-1,4,1
2013170M11013,1,9,0,18,0,0,0,0,0,0,1,1,2,2,5,-1,-1,-1,2,1
2013170M11013,2,9,0,4,0,0,0,0,0,0,2,1,2,1,6,1984,1,13,9,1
2013170M11023,1,9,0,4,0,1,0,0,0,0,1,1,1,2,7,1956,2,2,6,1
2013170M11023,2,9,0,4,0,1,0,0,0,0,2,1,1,2,7,1560,2,-1,9,1
2013170M11033,1,9,0,18,0,8,0,0,0,0,4,1,6,2,5,1124,1,11,8,1
2013170M11033,2,9,0,18,0,8,0,0,0,0,1,1,6,2,5,1229,1,6,1,1
2013170M11033,3,9,0,2,0,2,0,0,0,0,2,1,6,1,-1,2290,1,15,-1,-1
2013170M11033,4,9,0,2,0,2,0,0,0,0,2,1,6,1,-1,1796,1,13,-1,-1
2013170M11043,1,9,0,13,0,0,0,0,0,0,4,1,6,3,-1,2993,2,4,-1,-1
2013170M11043,2,1,0,18,0,0,0,0,0,0,3,1,2,1,7,-1,-1,-1,1,1
2013170M11053,1,11,0,9,0,8,0,0,0,0,0,1,1,1,6,6700,2,3,-1,-1
2013170M11063,1,9,0,16,0,1,0,0,0,0,1,1,6,1,9,2151,2,14,-1,-1
2013170M11063,2,9,0,10,0,1,0,0,0,0,2,1,6,1,6,1686,2,10,-1,-1
2013170M11073,1,8,0,1,0,1,0,0,0,0,2,1,1,1,-1,1896,2,5,2,1
2013170M11083,1,9,0,4,0,1,0,0,0,0,2,1,6,2,8,999,1,2,3,1
2013170M11083,2,21,0,9,0,1,0,0,0,0,1,1,1,1,-1,5880,2,10,-1,-1
2013170M11093,1,9,0,18,0,0,0,0,0,0,1,1,6,3,-1,-1,-1,-1,-1,-1
2013170M11103,1,11,0,5,0,1,0,0,0,0,0,1,1,1,9,6871,2,14,2,1
2013170M11113,1,9,0,18,0,1,0,0,0,0,3,1,6,2,8,1242,1,9,1,1
2013170M11113,2,9,0,7,0,2,0,0,0,0,3,1,6,2,4,1596,1,8,1,1
2013170M11123,1,8,0,18,0,1,0,0,0,0,1,1,1,1,7,1896,2,3,8,1
2013170M11133,1,9,0,9,0,8,0,0,0,0,1,1,6,1,4,1242,1,15,1,1
2013170M11133,2,19,0,18,0,8,0,0,0,0,1,1,1,1,7,2143,2,4,1,1
2013170M11143,1,19,0,3,0,2,0,0,0,0,2,1,1,1,6,1995,2,2,-1,-1
2013170M11143,2,9,0,9,0,2,0,0,0,0,1,1,2,2,6,1400,1,7,9,1
2013170M11153,1,9,0,18,0,0,2,0,5,6,1,1,6,1,7,1749,1,12,10,2
2013170M11153,2,9,0,18,0,0,0,0,0,0,3,1,1,1,6,998,1,5,1,1
2013170M11173,1,9,0,9,0,8,0,0,0,0,1,1,6,1,11,1595,1,7,2,1
2013170M11173,2,9,0,18,0,8,0,0,0,0,4,1,6,1,4,1995,2,4,5,1
2013170M11183,1,9,0,1,9,0,0,0,0,0,2,1,6,1,5,1360,1,14,8,1
2013170M11213,1,9,0,18,0,8,0,0,0,0,1,1,6,1,7,2000,1,8,5,1
2013170M11213,2,1,0,18,0,8,0,0,0,0,1,1,6,2,2,-1,-1,-1,1,1
2013170M11223,1,9,0,9,0,8,0,0,0,0,1,1,6,1,8,1598,1,11,6,1
2013170M11223,2,5,0,18,0,8,0,0,0,0,1,1,6,1,6,599,1,8,8,1
2013170M11243,1,19,0,18,0,2,0,0,0,0,0,1,6,3,-1,-1,-1,-1,-1,-1
2013170M11243,2,11,0,18,0,2,0,0,0,0,0,1,1,1,8,-1,-1,-1,5,1
2013170M11253,1,1,0,18,0,8,0,0,0,0,1,1,6,1,6,-1,-1,-1,1,1
2013170M11253,2,9,0,18,0,8,0,0,0,0,1,1,6,1,6,1461,2,4,2,1
2013170M11263,1,9,0,18,0,0,0,0,0,0,1,1,6,1,5,1997,2,13,1,1
2013170M11273,1,9,0,3,0,0,0,0,0,0,2,1,6,2,5,1598,1,7,7,1
2013170M11273,2,9,0,18,0,0,0,0,0,0,1,1,6,2,5,1242,1,-1,1,1
2013170M11283,1,11,0,13,0,0,0,0,0,0,4,1,1,1,8,6871,2,9,3,1
2013170M11283,2,1,0,18,0,0,0,0,0,0,3,1,6,1,4,-1,-1,-1,1,1
2013170M11283,3,1,0,18,0,0,0,0,0,0,3,1,6,1,-1,-1,-1,-1,-1,-1
2013170M11293,1,9,0,18,0,2,0,0,0,0,1,1,6,2,7,2000,2,8,8,1
2013170M11293,2,9,0,4,0,2,0,0,0,0,2,1,6,1,7,1910,2,4,5,1
2013170M11313,1,9,0,9,0,8,0,0,0,0,1,1,6,1,6,-1,-1,-1,2,1
2013170M11313,2,9,0,18,0,8,0,0,0,0,4,1,6,1,8,998,1,13,8,1
2013170M11323,1,9,0,1,0,0,0,0,1,11,2,1,6,2,9,1984,1,11,2,1
2013170M11333,1,19,0,11,0,8,0,0,0,0,0,1,6,3,-1,1995,2,5,-1,-1
2013170M11333,2,9,0,4,0,8,0,0,0,0,2,1,6,2,7,1753,2,5,8,1
2013170M11333,3,9,0,18,0,8,0,0,0,0,1,1,6,1,8,-1,-1,-1,8,1
2013170M11353,1,9,0,18,0,2,0,0,0,0,1,1,6,3,-1,-1,-1,-1,-1,-1
2013170M11353,2,1,0,7,0,6,0,0,0,0,3,1,1,1,5,-1,-1,-1,5,1
2013170M11363,1,9,0,2,0,2,0,0,0,0,0,1,6,1,10,1493,2,7,6,1
2013170M11373,1,9,0,18,0,2,0,0,0,0,4,1,6,1,10,996,1,1,8,2
2013170M11383,1,9,0,18,0,0,5,0,0,0,1,1,6,1,8,1896,2,3,8,1
2013170M11383,2,9,0,2,0,0,0,0,0,0,1,1,6,2,5,1364,1,3,-1,-1
2013170M11413,1,9,0,3,9,0,0,0,0,0,4,1,6,1,8,1461,2,1,7,1
2013170M11423,1,9,0,2,0,0,0,0,0,0,2,1,3,1,9,-1,-1,-1,8,1
2013170M11423,2,9,0,18,0,0,0,0,0,0,1,1,3,2,6,2000,1,4,5,1
2013170M11433,1,9,0,3,0,2,0,0,0,0,2,1,2,1,8,1586,1,5,8,1
2013170M11433,2,9,0,3,0,2,0,0,0,0,2,1,2,1,6,1598,1,13,1,1
2013170M11433,3,9,0,18,0,2,0,0,0,0,1,1,2,1,7,-1,-1,-1,1,1
2013170M11443,1,1,0,18,0,0,0,0,0,0,1,1,6,1,7,-1,-1,-1,1,1
2013170M11443,2,9,0,18,0,0,0,0,0,0,1,1,6,3,-1,-1,-1,-1,-1,-1
2013170M11463,1,19,0,18,0,0,0,0,0,0,1,1,6,1,9,-1,-1,-1,-1,-1
2013170M11463,2,9,0,18,0,0,0,0,0,0,1,1,1,1,6,1388,1,8,1,1
2013170M11473,1,9,0,18,0,8,0,0,0,0,1,1,6,2,6,954,1,19,1,1
2013170M11473,2,1,0,18,0,6,0,0,0,0,1,1,6,1,2,-1,-1,-1,1,1
2013170M11503,1,8,0,18,0,3,0,0,0,0,1,1,6,3,-1,-1,-1,-1,-1,-1
2013170M11503,2,1,0,18,0,2,0,0,0,0,3,1,6,1,4,-1,-1,-1,1,1
2013170M11553,1,9,0,9,0,4,0,0,0,0,1,1,2,2,8,2198,1,10,3,2
2013170M11553,2,1,0,18,0,8,0,0,0,0,2,1,2,1,8,-1,-1,-1,8,1
2013170M11573,1,1,0,18,0,0,0,0,0,0,3,1,6,1,4,-1,-1,-1,1,1
2013170M11573,2,9,0,13,0,0,0,0,0,0,4,1,6,2,7,1242,1,2,1,1
2013170M11583,1,19,0,7,0,4,0,0,0,0,1,1,1,1,8,2148,2,7,1,1
2013170M11583,2,1,0,9,0,8,0,0,0,0,4,1,6,1,8,-1,-1,-1,1,1
2013170M11593,1,9,0,18,0,0,0,0,0,0,1,1,6,2,5,1296,1,5,1,1
2013170M11593,2,1,0,18,0,0,0,0,0,0,1,1,6,1,2,-1,-1,-1,1,1
2013170M11613,1,9,0,7,0,8,0,0,0,0,1,1,6,2,6,1587,1,9,1,1
2013170M11623,1,9,0,9,0,8,0,0,0,0,1,1,6,2,9,1298,1,10,3,1
2013170M11623,2,9,0,18,0,8,0,0,0,0,1,1,6,2,7,-1,-1,-1,8,1
2013170M11633,1,9,0,4,0,8,0,0,0,0,2,1,2,1,4,998,1,7,4,1
2013170M11633,2,9,0,18,0,8,0,0,0,0,1,1,6,1,-1,1910,2,5,-1,-1
2013170M11643,1,9,0,18,0,0,0,0,0,0,1,1,6,1,6,1762,1,14,2,1
2013170M11653,1,9,0,1,0,6,0,0,0,0,2,1,6,1,8,1686,2,8,8,1
2013170M11663,1,9,0,5,0,1,0,0,0,0,1,1,6,2,7,1968,2,6,1,1
2013170M11663,2,1,0,18,0,6,0,0,0,0,1,1,6,2,2,-1,-1,-1,1,1
2013170M11673,1,11,0,5,0,0,0,0,0,0,0,1,1,1,8,6700,2,3,1,1
2013170M11683,1,9,0,9,0,8,0,0,0,0,3,1,6,1,9,1989,1,14,4,1
2013170M11683,2,1,0,18,0,8,0,0,0,0,1,1,6,1,8,-1,-1,-1,4,1
2013170M11693,1,9,0,9,2,8,0,0,0,0,1,1,6,1,6,1461,2,1,1,1
2013170M11693,2,11,0,18,2,8,0,0,0,0,1,1,1,1,7,6700,2,3,9,1