Accident_Index,Vehicle_Reference,Vehicle_Type,Towing_and_Articulation,Vehicle_Manoeuvre,Vehicle_Location-Restricted_Lane,Junction_Location,Skidding_and_Overturning,Hit_Object_in_Carriageway,Vehicle_Leaving_Carriageway,Hit_Object_off_Carriageway,1st_Point_of_Impact,Was_Vehicle_Left_Hand_Drive?,Journey_Purpose_of_Driver,Sex_of_Driver,Age_Band_of_Driver,Engine_Capacity_(CC),Propulsion_Code,Age_of_Vehicle,Driver_IMD_Decile,Driver_Home_Area_Type
2013170S10063,2,9,0,6,0,8,0,0,0,0,1,1,6,2,6,1598,1,7,1,1
2013170S10093,1,1,0,18,0,1,0,0,0,0,1,1,6,1,3,-1,-1,-1,3,1
2013170S10093,2,9,0,18,0,1,0,0,0,0,1,1,6,1,5,1360,1,11,2,1
2013170S10113,1,9,0,18,0,8,0,0,7,10,4,1,6,2,6,1598,1,12,3,1
2013170S10113,2,9,0,18,0,8,0,0,0,0,1,1,6,1,7,1248,1,1,2,1
2013170S10123,1,9,0,17,0,0,1,0,0,0,1,1,6,1,5,2495,2,10,8,3
2013170S10123,2,9,0,16,0,0,1,0,0,0,1,1,6,2,8,1998,2,8,10,1
2013170S10133,1,9,0,18,0,0,2,0,1,0,1,1,2,2,7,1248,2,7,-1,-1
2013170S10143,1,9,0,18,0,2,0,0,0,0,1,1,6,2,11,998,1,1,9,1
2013170S10143,2,9,0,2,0,2,0,0,0,0,2,1,6,1,8,1229,1,7,6,1
2013170S10143,3,9,0,2,0,2,0,0,0,0,2,1,6,1,9,2400,2,3,8,1
2013170S10153,1,9,0,4,0,0,0,0,0,0,2,1,2,1,9,1422,2,5,4,1
2013170S10153,2,9,0,18,0,0,0,0,0,0,1,1,2,1,8,1896,2,5,7,1
2013170S10163,1,9,0,18,0,4,0,0,0,0,1,1,2,2,7,1588,1,12,1,1
2013170S10163,2,1,0,18,0,8,0,0,0,0,2,1,2,1,6,-1,-1,-1,5,3
2013170S10203,1,9,0,3,0,0,0,0,0,0,2,1,6,2,7,1397,1,13,5,1
2013170S10203,2,9,0,18,0,0,0,0,0,0,1,1,6,3,-1,-1,-1,-1,-1,-1
2013170S10213,1,20,0,18,0,1,0,0,0,0,0,1,1,1,8,-1,-1,-1,1,1
2013170S10223,1,9,0,3,0,1,0,0,0,0,2,1,6,1,6,2172,2,9,1,1
2013170S10223,2,19,0,18,0,1,0,0,0,0,1,1,1,1,5,1995,2,6,2,1
2013170S10243,1,3,0,13,0,8,0,0,0,0,1,1,6,1,5,-1,-1,-1,2,1
2013170S10243,2,9,0,6,0,8,0,0,0,0,3,1,6,1,7,1968,2,6,1,1
2013170S10293,1,9,0,18,0,0,2,0,7,9,3,1,6,2,5,1587,1,10,6,1
2013170S10313,1,9,0,9,0,8,0,0,0,0,1,1,2,2,6,1242,1,6,3,1
2013170S10323,1,1,0,17,0,0,0,0,0,0,3,1,2,1,7,-1,-1,-1,10,1
2013170S10323,2,9,0,13,0,0,0,0,0,0,4,1,2,1,6,1799,1,6,2,1
2013170S10333,1,4,0,18,0,8,0,0,0,0,3,1,6,1,7,400,1,4,4,1
2013170S10353,1,19,0,18,0,0,1,0,0,0,1,1,1,1,8,2402,2,10,2,1
2013170S10353,2,21,1,3,0,0,0,0,0,0,2,1,1,1,8,11705,2,5,3,1
2013170S10353,3,9,0,3,0,0,0,0,0,0,2,1,6,1,5,1600,1,9,1,1
2013170S10373,1,9,0,18,0,8,0,0,0,0,1,1,6,1,10,1596,1,6,6,1
2013170S10373,2,9,0,3,0,8,0,0,0,0,2,1,6,1,6,1368,1,4,4,3
2013170S10373,3,19,0,18,0,8,0,0,0,0,0,1,1,1,6,1995,2,2,-1,-1
2013170S10383,1,9,0,18,0,8,0,0,0,0,3,1,6,1,7,1798,1,3,6,1
2013170S10393,1,9,0,18,0,2,0,0,0,0,1,1,6,1,4,1360,1,7,10,1
2013170S10413,1,9,0,5,0,1,0,0,0,0,1,1,6,2,4,1149,1,9,4,1
2013170S10413,2,5,0,3,0,1,0,0,0,0,2,1,6,1,8,1832,1,11,1,1
2013170S10433,1,9,0,18,0,1,0,0,0,0,1,1,6,1,7,2902,2,7,9,1
2013170S10443,1,9,0,7,0,4,0,0,0,0,4,1,2,1,9,1753,2,4,1,1
2013170S10443,2,1,0,7,0,4,0,0,0,0,3,1,2,1,9,-1,-1,-1,10,1
2013170S10463,1,9,0,18,0,0,0,0,0,0,1,1,6,1,4,1328,1,5,9,1
2013170S10463,2,17,0,18,0,0,0,0,0,0,2,1,1,1,9,3920,2,9,5,3
2013170S10473,1,9,0,17,0,0,0,10,2,0,1,1,6,1,4,1390,1,7,8,1
2013170S10473,2,9,0,16,0,0,0,0,0,0,1,1,6,1,6,1149,1,6,8,1
2013170S10493,1,9,0,18,0,1,0,0,0,0,1,1,6,3,-1,-1,-1,-1,-1,-1
2013170S10503,1,11,0,18,0,2,0,0,0,0,1,1,1,1,7,6871,2,14,3,1
2013170S10503,2,9,0,3,0,2,0,0,0,0,2,1,6,1,7,1999,1,8,1,1
2013170S10523,1,90,0,9,0,8,0,0,0,0,1,1,1,1,8,2143,2,3,1,1
2013170S10523,2,9,0,18,0,8,0,0,0,0,1,1,6,2,7,1586,1,2,3,1
2013170S10553,1,9,0,3,0,1,0,0,0,0,2,1,6,1,5,1242,1,9,3,1
2013170S10553,2,9,0,3,0,1,0,0,0,0,2,1,6,1,9,1360,1,9,7,1
2013170S10553,3,9,0,18,0,1,0,0,0,0,1,1,6,2,6,1587,1,6,9,1
2013170S10563,1,9,0,9,0,4,1,0,0,0,4,1,6,2,8,1560,2,4,2,2
2013170S10563,2,9,0,18,0,4,0,0,0,0,3,1,6,2,6,1997,2,10,8,1
2013170S10603,1,11,0,4,0,1,0,0,0,0,0,1,1,1,9,6692,2,1,4,2
2013170S10603,2,9,0,7,0,6,0,0,0,0,0,1,6,3,-1,-1,-1,-1,-1,-1
2013170S10623,1,4,0,3,0,1,0,0,0,0,2,1,1,1,9,647,1,12,7,1
2013170S10623,2,9,0,18,0,1,0,0,0,0,1,1,6,2,9,998,1,11,3,1
2013170S10633,1,9,0,7,0,1,0,0,0,0,1,1,6,2,6,1598,1,4,3,1
2013170S10633,2,9,0,8,0,1,0,0,0,0,2,1,6,2,7,1997,2,1,9,1
2013170S10653,1,11,0,13,0,8,0,0,0,0,4,1,6,3,-1,-1,-1,-1,-1,-1
2013170S10653,2,1,0,18,0,8,0,0,0,0,3,1,6,1,7,-1,-1,-1,1,1
2013170S10693,1,9,0,10,0,1,0,0,0,0,2,1,6,2,8,1349,1,4,8,1
2013170S10693,2,9,0,18,0,1,0,0,0,0,1,1,6,3,-1,-1,-1,-1,-1,-1
2013170S10703,1,9,0,3,0,1,0,0,0,0,2,1,6,2,8,1498,1,4,10,1
2013170S10703,2,9,0,18,0,1,0,0,0,0,1,1,1,1,7,1686,2,2,4,1
2013170S10723,1,9,0,4,9,8,0,0,1,0,1,1,6,3,-1,-1,-1,-1,-1,-1
2013170S10733,1,8,0,11,0,0,0,0,0,0,4,1,1,1,7,1753,2,5,2,1
2013170S10733,2,9,4,18,0,0,0,0,0,0,3,1,6,3,-1,-1,-1,-1,-1,-1
2013170S10743,1,9,0,4,0,0,0,0,0,0,2,1,2,2,7,1991,2,4,7,1
2013170S10743,2,8,0,18,0,0,0,0,0,0,1,1,1,2,6,1896,2,5,3,1
2013170S10763,1,9,0,9,0,4,0,0,0,0,1,1,6,1,7,1598,1,14,3,1
2013170S10763,2,1,0,18,0,8,0,0,0,0,4,1,2,2,7,-1,-1,-1,3,1
2013170S10783,1,9,0,18,0,0,0,0,0,0,1,1,2,2,5,998,1,3,10,1
2013170S10783,2,9,0,4,0,0,0,0,0,0,2,1,2,2,5,1248,1,2,10,1
2013170S10793,1,9,0,8,0,1,0,0,0,0,2,1,6,2,5,1997,1,7,4,1
2013170S10793,2,9,0,7,0,1,0,0,0,0,1,1,6,1,-1,-1,-1,-1,-1,-1
2013170S10803,1,5,0,18,0,0,0,0,0,0,1,1,6,1,9,675,1,5,5,3
2013170S10803,2,9,0,4,0,0,0,0,0,0,2,1,6,3,-1,-1,-1,-1,-1,-1
2013170S10813,1,9,0,18,0,8,0,0,0,0,1,1,6,2,8,1598,2,1,10,1
2013170S10813,2,9,0,9,0,8,0,0,0,0,1,1,6,1,11,1248,2,8,7,1
2013170S10833,1,9,0,18,0,0,0,0,1,1,1,1,6,1,5,1598,1,9,3,1
2013170S10833,2,9,0,11,0,0,0,0,0,0,0,1,6,3,-1,-1,-1,-1,-1,-1
2013170S10873,1,9,0,9,0,8,0,0,0,0,3,1,6,2,7,1598,1,1,10,1
2013170S10873,2,3,0,18,0,8,0,0,0,0,1,1,6,1,4,125,1,3,3,1
2013170S10903,1,9,0,18,0,2,0,0,0,0,3,1,6,3,-1,-1,-1,-1,-1,-1
2013170S10913,1,9,0,4,0,0,0,0,0,0,2,1,2,2,8,1498,1,3,9,1
2013170S10913,2,9,0,4,0,0,0,0,0,0,2,1,2,2,7,1229,1,4,8,1
2013170S10913,3,9,0,18,0,0,0,0,0,0,3,1,2,1,8,1910,2,8,1,1
2013170S10913,4,9,0,18,0,0,0,0,0,0,1,1,2,2,7,1984,2,-1,9,1
2013170S10943,1,9,0,18,0,1,0,0,0,0,1,1,6,1,8,1242,1,5,3,1
2013170S10943,2,9,0,3,0,1,0,0,0,0,2,1,2,2,8,1360,1,9,4,1
2013170S10983,1,11,0,18,0,8,0,0,0,0,1,1,1,1,7,9360,2,1,-1,-1
2013170S11003,1,9,0,15,0,1,0,0,0,0,4,1,6,2,8,1679,1,12,7,1
2013170S11003,2,1,0,15,0,1,0,0,0,0,1,1,6,1,7,-1,-1,-1,7,1
2013170S11013,1,9,0,4,0,0,0,0,0,0,2,1,2,1,6,2143,2,1,7,1
2013170S11013,2,9,0,18,0,0,0,0,0,0,1,1,2,1,10,1582,2,5,7,2
2013170S11023,1,9,0,4,0,0,0,0,0,0,2,1,6,1,5,1596,1,11,1,1
2013170S11023,2,9,0,4,0,0,0,0,0,0,2,1,6,1,9,2720,2,8,6,1
2013170S11023,3,9,0,18,0,0,0,0,0,0,1,1,6,1,9,1968,2,2,9,1
2013170S11033,1,9,0,9,0,8,0,0,0,0,3,1,6,1,9,-1,-1,-1,2,1
2013170S11033,2,3,0,13,0,8,0,0,0,0,1,1,6,1,6,125,1,4,2,1
2013170S11123,1,9,0,4,0,1,0,0,0,0,2,1,6,1,6,1461,2,11,1,1
2013170S11123,2,9,0,18,0,1,0,0,0,0,1,1,2,2,7,1975,1,3,7,1
2013170S11133,1,20,0,18,0,0,0,0,0,0,1,1,1,1,8,4461,2,5,4,2
2013170S11133,2,1,0,18,0,0,0,0,0,0,2,1,6,1,9,-1,-1,-1,10,1
2013170S11143,1,9,0,18,0,1,0,0,0,0,1,1,6,1,10,1598,2,3,9,3
2013170S11143,2,19,0,18,0,2,0,0,0,0,1,1,1,1,6,2148,2,5,3,2
2013170S11153,1,9,0,4,0,1,0,0,0,0,2,1,6,2,5,1242,1,2,10,1
2013170S11153,2,9,0,4,0,1,0,0,0,0,1,1,6,2,4,1242,1,10,-1,-1
2013170S11173,1,8,0,17,0,0,0,0,0,0,4,1,6,1,-1,-1,-1,-1,-1,-1
2013170S11213,1,9,0,18,0,8,0,0,0,0,1,1,6,1,10,1686,2,18,1,1
2013170S11213,2,19,0,9,0,8,0,0,0,0,3,1,6,1,9,2198,2,2,-1,-1
2013170S11223,1,9,0,18,0,8,0,0,1,7,1,1,6,1,4,1124,1,12,8,1
2013170S11243,1,9,0,18,0,0,1,0,1,4,1,1,6,2,4,1124,1,11,3,1
2013170S11263,1,9,0,4,0,1,0,0,0,0,2,1,6,1,5,1896,2,7,5,1
2013170S11263,2,9,0,18,0,1,0,0,0,0,1,1,6,1,6,1587,1,9,9,1
2013170S11273,1,9,0,18,0,0,0,0,0,0,4,1,6,2,7,1390,1,10,10,2
2013170S11283,1,9,0,9,0,8,0,0,0,0,4,1,6,1,11,1242,1,12,2,1
2013170S11283,2,5,0,18,0,8,0,0,0,0,1,1,6,1,8,885,1,16,1,1
2013170S11313,1,9,0,18,0,0,0,0,0,0,4,1,6,2,10,998,1,13,9,1
2013170S11363,1,9,0,9,0,8,0,0,0,0,1,1,6,1,7,1390,1,1,2,1
2013170S11363,2,1,0,18,0,8,0,0,0,0,2,1,6,1,7,-1,-1,-1,1,1
2013170S11373,1,9,0,4,0,1,0,0,0,0,2,1,6,1,7,998,1,12,9,3
2013170S11373,2,9,0,18,0,1,0,0,0,0,1,1,6,1,7,1598,2,1,2,1
2013170S11393,1,11,0,2,0,0,0,0,0,0,0,1,1,1,7,6871,2,14,-1,-1
2013170S11403,1,9,0,9,0,8,0,0,0,0,1,1,6,1,6,1986,2,5,10,1
2013170S11403,2,9,0,18,0,8,0,0,0,0,4,1,6,2,5,1587,1,11,4,1
2013170S11423,1,9,0,3,0,0,0,0,0,0,2,1,6,1,10,1968,2,-1,9,3
2013170S11423,2,9,0,18,0,0,0,0,0,0,1,1,6,1,11,1988,1,9,9,3
2013170S11433,1,9,0,9,0,8,0,0,0,0,3,1,6,2,6,1975,1,4,1,1
2013170S11453,1,19,0,1,0,2,0,0,0,0,2,1,6,1,6,1248,2,6,2,1
2013170S11453,2,9,0,9,0,2,0,0,0,0,1,1,6,1,6,1910,2,6,1,1
2013170S11473,1,9,0,17,0,8,0,0,3,10,1,1,6,1,7,1794,1,13,1,1
2013170S11473,2,9,0,2,0,1,0,0,0,0,2,1,6,1,-1,-1,-1,-1,2,1
2013170S11483,1,9,0,9,0,8,0,0,0,0,0,1,6,2,9,1596,1,2,1,1
2013170S11483,2,9,0,17,0,8,0,0,0,0,0,1,6,3,-1,-1,-1,-1,-1,-1
2013170S11523,1,9,0,18,0,0,0,0,0,0,3,1,2,2,8,1242,1,5,3,1
2013170S11553,1,9,0,18,0,0,1,0,1,9,4,1,6,1,7,1840,1,15,8,1
2013170S11603,1,9,0,9,0,8,0,0,0,0,3,1,6,2,4,998,1,7,2,1
2013170S11603,2,9,0,9,0,8,0,0,0,0,4,1,6,1,7,-1,-1,-1,8,1
2013170S11623,1,9,0,9,0,8,0,0,0,0,4,1,6,2,6,2835,2,16,4,1
2013170S11623,2,9,0,18,0,8,0,0,0,0,1,1,6,1,5,1199,1,13,2,1
2013170S11683,1,9,0,18,0,8,0,0,0,0,1,1,1,1,7,1461,2,4,-1,-1
2013170S11683,2,9,0,7,0,8,0,0,0,0,1,1,1,1,6,998,1,1,4,1
2013170S11693,1,9,0,9,0,8,0,0,0,0,3,1,6,1,5,1995,2,11,1,1
2013170S11693,2,1,0,18,0,1,0,0,0,0,1,1,6,1,6,-1,-1,-1,1,1
2013170S11703,1,9,0,18,0,8,0,0,0,0,1,1,1,2,8,1242,1,11,1,1
2013170S11703,2,9,0,9,0,8,0,0,0,0,3,1,6,2,8,1560,2,3,10,1
2013170S11713,1,9,0,9,0,6,0,0,0,0,3,1,6,1,11,1905,2,15,6,1
2013170S11713,2,9,0,18,0,8,0,0,0,0,1,1,1,1,7,-1,-1,-1,2,1
2013170S11723,1,8,0,1,0,0,0,0,0,0,4,1,1,1,8,1896,2,4,1,1
2013170S11743,1,8,0,18,0,2,0,0,0,0,1,1,6,3,-1,-1,-1,-1,-1,-1
2013170S11743,2,1,0,18,0,2,0,0,0,0,3,1,6,1,3,-1,-1,-1,1,1
2013170S11753,1,2,0,16,0,2,0,0,7,9,1,1,6,1,4,-1,-1,-1,2,1
2013170S11773,1,19,0,4,0,0,0,0,0,0,1,1,2,1,7,1998,2,8,3,2
2013170S11773,2,9,0,4,0,0,0,0,0,0,2,1,2,1,8,1997,1,1,2,1
2013170S11793,1,9,0,18,0,1,0,0,0,0,1,1,6,1,6,1781,1,6,9,1
2013170S11803,1,9,0,18,0,1,0,0,0,0,1,1,6,2,9,1339,1,11,4,1
2013170S11803,2,9,0,3,0,1,0,0,0,0,2,1,6,2,8,1198,1,11,5,1
2013170S11813,1,9,0,18,0,1,0,0,0,0,1,1,6,2,7,998,1,3,5,1
2013170S11823,1,9,0,18,0,1,0,0,0,0,4,1,6,3,-1,-1,-1,-1,-1,-1
2013170S11823,2,1,0,4,9,1,0,0,0,0,1,1,6,1,1,-1,-1,-1,2,1
2013170S11843,1,9,0,18,0,1,0,0,0,0,4,1,6,1,5,1781,1,15,1,1
2013170S11873,1,9,0,9,0,8,0,0,0,0,1,1,6,2,10,1596,1,3,8,1
2013170S11873,2,1,0,18,0,8,0,0,0,0,1,1,6,1,5,-1,-1,-1,6,1
2013170S11883,1,9,0,18,0,8,0,0,0,0,1,1,6,3,-1,-1,-1,-1,-1,-1
2013170S11903,1,9,0,9,0,2,0,0,0,0,1,1,6,2,10,1198,1,2,9,1
2013170S11903,2,9,0,17,0,1,0,0,0,0,1,1,1,1,6,-1,-1,-1,2,1
2013170S11943,1,9,0,18,0,0,0,0,0,0,1,1,6,2,6,1390,1,11,9,1
2013170S11943,2,9,0,4,0,0,0,0,0,0,2,1,6,1,6,1686,2,5,5,1
2013170S11943,3,9,0,4,0,0,0,0,0,0,2,1,6,2,9,-1,-1,-1,7,1
2013170S11953,1,9,0,18,0,2,0,0,0,0,3,1,6,1,5,1796,1,4,6,1
2013170S11953,2,1,0,18,0,1,0,0,0,0,1,1,6,1,3,-1,-1,-1,2,1
2013170S11963,1,9,0,18,0,0,5,0,1,0,3,1,6,1,6,1997,2,10,-1,-1
2013170S11963,2,9,0,18,0,0,0,0,0,0,4,1,1,1,8,2993,2,1,9,3
2013170S11963,3,9,0,18,0,0,0,0,0,0,2,1,1,1,7,2993,2,-1,9,3
2013170S11963,4,9,0,18,0,0,0,0,0,0,0,1,1,2,7,2993,2,3,9,3
2013170S11993,1,21,1,9,0,4,0,0,0,0,1,1,1,2,9,12419,2,1,6,2
2013170S11993,2,21,1,18,0,8,0,0,0,0,4,1,1,1,8,10824,2,7,5,3
2013170S12013,1,3,0,4,0,1,1,0,0,0,1,1,6,1,9,124,1,6,3,1
2013170S12013,2,9,0,3,0,1,0,0,0,0,2,1,6,2,8,-1,-1,-1,9,1
2013170S12023,1,19,0,18,0,0,0,0,1,7,1,1,1,1,7,2499,2,3,6,1
2013170S12043,1,9,0,13,0,8,0,0,0,0,4,1,6,1,8,1968,2,-1,3,1
2013170S12043,2,1,0,7,0,8,0,0,0,0,1,1,6,1,6,-1,-1,-1,1,1
2013170S12063,1,9,0,7,0,2,0,0,0,0,1,1,6,1,9,1596,1,1,1,1
2013170S12063,2,1,0,18,0,1,0,0,0,0,1,1,6,1,3,-1,-1,-1,4,1
2013170S12063,3,1,0,18,0,1,0,0,0,0,1,1,6,1,3,-1,-1,-1,1,1
2013170S12083,1,9,0,18,0,8,0,0,0,0,3,1,6,1,6,1991,2,5,6,1
2013170S12083,2,9,0,18,0,8,0,0,0,0,3,1,1,2,8,1896,2,6,3,1
2013170S12083,3,9,0,18,0,8,0,0,0,0,1,1,6,1,8,2993,2,3,-1,-1
2013170S12093,1,2,0,18,0,0,0,0,0,0,1,1,6,1,5,124,1,6,6,1
2013170S12093,2,9,0,18,0,0,0,0,0,0,1,1,6,1,4,1399,1,10,2,1
2013170S12103,1,19,0,1,0,8,0,0,0,0,2,1,1,1,8,1995,2,2,-1,-1
2013170S12103,2,9,0,18,0,8,0,0,0,0,1,1,6,1,5,1968,2,8,8,1
2013170S12123,1,9,0,4,0,0,0,0,0,0,2,1,6,2,6,1600,1,9,8,1
2013170S12123,2,9,0,4,0,0,0,0,0,0,1,1,1,1,8,1896,2,6,3,1
2013170S12133,1,9,0,5,0,4,0,0,0,0,1,1,6,1,8,-1,-1,-1,3,1
2013170S12133,2,1,0,4,0,8,0,0,0,0,4,1,6,1,7,-1,-1,-1,10,1
2013170S12163,1,9,0,18,0,8,0,0,0,0,3,1,6,2,8,1995,2,-1,2,1
2013170S12163,2,1,0,18,0,8,0,0,0,0,1,1,6,1,2,-1,-1,-1,2,1
2013170S12183,1,11,0,18,0,2,0,0,0,0,4,1,1,1,7,-1,-1,-1,3,1
2013170S12213,1,3,0,18,0,3,0,0,0,0,3,1,6,1,4,125,1,1,3,1
2013170S12213,2,9,0,13,0,3,0,0,0,0,4,1,6,2,6,1368,1,5,-1,-1
2013170S12233,1,11,0,18,0,1,0,0,0,0,1,1,1,1,9,6871,2,10,10,1
2013170S12273,1,9,0,9,0,8,0,0,0,0,1,1,6,1,7,1999,1,12,1,1
2013170S12273,2,9,0,18,0,8,0,0,0,0,1,1,6,1,8,1998,1,8,6,2
2013170S12293,1,9,0,10,0,1,0,0,0,0,3,1,6,2,8,1124,1,8,2,1
2013170S12293,2,9,0,9,0,8,0,0,0,0,1,1,6,2,9,1498,1,2,-1,-1
2013170S12333,1,9,0,9,0,2,0,0,0,0,1,1,6,2,6,1560,2,-1,2,1
2013170S12343,1,9,0,9,0,2,0,0,0,0,1,1,6,2,8,1598,1,-1,3,1
2013170S12353,1,9,0,7,0,8,0,0,0,0,1,1,6,2,6,1364,1,8,1,1
2013170S12353,2,19,0,18,0,8,0,0,0,0,1,1,6,1,-1,-1,-1,-1,-1,-1
2013170S12363,1,9,0,3,0,1,0,0,0,0,2,1,6,1,9,1753,2,10,10,1
2013170S12363,2,9,0,18,0,1,0,0,0,0,1,1,6,1,7,-1,-1,-1,3,1
2013170S12373,1,9,0,4,0,1,0,0,0,0,2,1,6,1,7,1896,2,5,10,1
2013170S12373,2,9,0,18,0,1,0,0,0,0,1,1,6,1,5,1390,1,5,3,1
2013170S12383,1,9,0,9,0,2,0,0,0,0,1,1,6,2,5,1995,2,8,2,1
2013170S12413,1,9,0,9,0,8,1,0,0,0,1,1,2,1,5,1998,2,11,10,1
2013170S12413,2,9,0,3,0,1,0,0,0,0,1,1,2,2,7,1560,2,7,9,1
2013170S12443,1,9,0,9,0,1,0,0,7,0,1,1,6,2,11,1596,1,11,6,1
2013170S12443,2,9,0,17,0,1,0,0,0,0,1,1,6,1,5,1895,1,14,8,1
2013170S12453,1,9,0,18,0,0,0,0,0,0,3,1,6,2,8,1199,1,12,9,1
2013170S12473,1,9,0,1,0,6,0,0,0,0,3,1,2,2,5,1368,1,6,10,1
2013170S12473,2,19,0,1,0,8,0,0,0,0,2,1,1,2,-1,1399,2,3,-1,-1
2013170S12493,1,9,0,18,0,8,0,0,0,0,1,1,6,1,5,2979,1,9,1,1
2013170S12493,2,9,0,4,0,8,0,0,0,0,4,1,1,1,6,1248,2,-1,9,3
2013170S12493,3,9,0,4,0,8,0,0,0,0,3,1,1,1,6,2993,2,-1,9,3
2013170S12493,4,9,0,2,0,2,0,0,0,0,2,1,6,3,-1,-1,-1,-1,2,1
2013170S12553,1,9,0,18,0,0,5,0,0,0,3,1,6,1,7,1396,1,12,1,1
2013170S12553,2,19,0,2,0,0,0,0,0,0,4,1,1,1,8,2198,2,5,8,1
2013170S12563,1,9,0,7,0,4,0,0,0,0,1,1,6,1,10,1598,1,6,8,1
2013170S12563,2,1,0,18,0,8,0,0,0,0,4,1,6,2,8,-1,-1,-1,1,1
2013170S12573,1,9,0,9,0,8,0,0,0,0,1,1,6,1,10,1242,1,10,2,1
2013170S12573,2,9,0,7,0,8,0,10,1,1,3,1,4,2,10,1299,1,11,1,1
2013170S12583,1,11,0,18,0,0,0,0,0,0,3,1,1,1,9,6700,2,2,2,1
2013170S12583,2,1,0,18,0,0,0,0,0,0,1,1,6,1,3,-1,-1,-1,2,1
2013170S12603,1,8,0,18,0,0,0,0,0,0,1,1,1,1,7,1753,2,6,-1,-1
2013170S12633,1,9,0,18,0,0,0,0,0,0,1,1,6,1,11,1560,2,3,6,1
2013170S12633,2,21,1,2,0,0,0,0,0,0,2,1,1,1,-1,11705,2,8,-1,-1
2013170S12653,1,9,0,4,0,8,0,0,0,0,2,1,6,1,6,1896,2,6,3,1
2013170S12653,2,9,0,4,0,8,0,0,0,0,2,1,2,1,8,2000,1,6,4,1
2013170S12653,3,9,0,18,0,8,0,0,0,0,1,1,6,1,4,1368,1,9,1,1
2013170S12703,1,9,0,9,0,1,0,0,0,0,3,1,6,1,9,2198,2,7,-1,-1
2013170S12713,1,9,0,18,0,0,0,0,0,0,1,1,6,1,6,1598,1,5,5,1
2013170S12723,1,9,0,16,0,0,0,0,1,0,1,1,6,2,8,1242,1,6,2,2
2013170S12723,2,19,0,17,0,0,0,0,1,0,1,1,1,1,8,2982,2,4,4,1
2013170S12733,1,9,0,9,0,8,0,0,0,0,1,1,6,3,-1,-1,-1,-1,-1,-1
2013170S12743,1,9,0,18,0,4,0,9,3,1,1,1,6,1,4,1781,1,15,10,1
2013170S12753,1,11,0,18,0,0,0,0,0,0,4,1,1,1,5,-1,-1,-1,-1,-1
2013170S12753,2,1,0,18,0,0,0,0,0,0,3,1,6,1,4,-1,-1,-1,10,1
2013170S12773,1,9,0,18,0,3,0,0,0,0,1,1,6,2,6,1995,2,8,5,1
2013170S12773,2,5,0,3,0,3,0,0,0,0,2,1,6,1,7,1157,1,12,5,1
2013170S12803,1,9,0,7,0,8,0,0,0,0,1,1,6,1,8,1995,2,1,6,1
2013170S12823,1,1,0,17,0,8,0,0,0,0,1,1,6,1,4,-1,-1,-1,1,1
2013170S12823,2,9,0,16,0,8,0,0,0,0,1,1,6,1,-1,-1,-1,-1,-1,-1
2013170S12833,1,9,0,18,0,0,0,0,0,0,4,1,6,1,-1,-1,-1,-1,-1,-1
2013170S12843,1,9,0,18,0,0,0,0,0,0,1,1,6,1,6,1198,1,2,7,1
2013170S12863,1,4,0,18,0,1,1,0,0,0,4,1,2,1,5,-1,-1,-1,10,1
2013170S12863,2,9,0,18,0,2,0,0,0,0,0,1,6,1,-1,-1,-1,-1,-1,-1
2013170S12873,1,9,0,13,0,1,0,0,0,0,4,1,6,1,9,998,1,-1,7,1
2013170S12873,2,1,0,18,0,1,0,0,0,0,3,1,6,1,9,-1,-1,-1,3,1
2013170S12883,1,9,0,4,0,0,0,0,0,0,2,1,6,1,7,1149,1,12,4,1
2013170S12883,2,9,0,18,0,0,0,0,0,0,1,1,6,1,5,3400,6,15,5,1
2013170S12883,3,9,0,4,0,0,0,0,0,0,2,1,6,1,8,1590,1,1,5,1
2013170S12883,4,9,0,4,0,0,0,0,0,0,2,1,6,2,7,1870,2,9,3,2
2013170S12883,5,9,0,18,0,0,0,0,0,0,1,1,6,2,5,1360,1,11,8,1
2013170S12923,1,8,0,18,0,2,0,0,0,0,1,1,1,1,7,1896,2,6,3,1
2013170S12923,2,9,0,3,0,2,0,0,0,0,2,1,6,3,-1,-1,-1,-1,-1,-1
2013170S12953,1,9,0,16,0,2,1,0,7,4,3,1,6,1,4,973,1,10,5,1
2013170S12963,1,21,0,18,0,1,0,0,0,0,0,1,1,1,10,7201,2,9,5,3
2013170S12963,2,19,0,18,0,2,0,0,0,0,1,1,6,1,6,1998,2,11,2,2
2013170S12993,1,9,0,18,0,0,0,0,0,0,4,1,6,2,8,2902,2,9,6,1
2013170S13003,1,9,0,18,0,8,0,0,0,0,1,1,6,1,5,2199,2,4,2,1
2013170S13003,2,9,0,9,0,8,0,0,0,0,3,1,2,2,7,1390,2,9,9,1
2013170S13003,3,9,0,9,0,8,0,0,0,0,3,1,6,2,7,1560,2,-1,9,1
2013170S13013,1,9,0,18,0,0,0,0,0,0,1,1,6,1,9,2720,2,9,9,1
2013170S13013,2,9,0,18,0,0,0,0,0,0,1,1,6,1,6,1984,1,9,6,1
2013170S13023,1,9,0,3,0,0,0,0,0,0,2,1,6,1,8,1598,2,-1,1,1
2013170S13023,2,9,0,3,0,0,0,0,0,0,2,1,6,2,8,1124,1,9,2,1
2013170S13023,3,9,0,3,0,0,0,0,0,0,2,1,6,2,7,1389,1,13,1,1
2013170S13023,4,9,0,18,0,0,0,0,0,0,1,1,6,2,4,1299,1,13,1,1
2013170S13033,1,9,0,13,0,1,0,0,0,0,1,1,6,2,6,-1,-1,-1,6,1
2013170S13033,2,1,0,9,0,1,0,0,0,0,2,1,6,1,11,-1,-1,-1,7,1
2013170S13053,1,9,0,9,0,8,0,0,0,0,1,1,6,2,7,1997,2,7,7,1