Accident_Index,Vehicle_Reference,Vehicle_Type,Towing_and_Articulation,Vehicle_Manoeuvre,Vehicle_Location-Restricted_Lane,Junction_Location,Skidding_and_Overturning,Hit_Object_in_Carriageway,Vehicle_Leaving_Carriageway,Hit_Object_off_Carriageway,1st_Point_of_Impact,Was_Vehicle_Left_Hand_Drive?,Journey_Purpose_of_Driver,Sex_of_Driver,Age_Band_of_Driver,Engine_Capacity_(CC),Propulsion_Code,Age_of_Vehicle,Driver_IMD_Decile,Driver_Home_Area_Type
201320G000723,1,9,0,9,0,6,0,0,0,0,1,1,1,1,10,-1,-1,-1,2,1
201320G000733,1,9,0,18,0,0,0,0,0,0,1,1,6,3,-1,-1,-1,-1,-1,-1
201320G000733,2,1,0,18,0,0,0,0,0,0,2,1,3,2,3,-1,-1,-1,1,1
201320G001033,1,9,0,18,0,4,0,0,0,0,1,1,6,1,5,1999,1,8,3,1
201320G001033,2,9,0,18,0,8,0,0,0,0,4,1,6,1,5,1988,1,9,7,2
201320G001083,1,9,0,18,0,1,0,0,0,0,1,1,6,1,-1,-1,-1,-1,-1,-1
201320G001083,2,9,0,3,0,1,0,0,0,0,2,1,2,1,7,1497,1,13,2,1
201320G001093,1,9,0,18,0,1,1,0,0,0,1,1,6,1,6,1796,1,8,6,1
201320G001093,2,9,0,3,0,1,0,0,0,0,2,1,6,2,7,1493,1,14,3,1
201320G001113,1,9,0,17,0,0,1,10,1,10,1,1,6,2,8,998,1,7,7,1
201320G001123,1,9,0,7,0,2,0,0,0,0,1,1,6,2,8,2295,1,12,1,1
201320G001123,2,9,0,14,0,1,1,0,0,0,1,1,6,2,6,1398,2,11,1,1
201320G001233,1,9,0,18,0,8,1,0,0,0,1,1,6,1,8,1968,2,3,4,1
201320G001233,2,9,0,10,0,8,0,0,0,0,2,1,6,1,8,1587,1,11,1,1
201320G001243,1,9,0,18,0,8,0,0,0,0,3,1,6,1,8,1896,2,12,1,1
201320G001243,2,9,0,18,0,8,0,0,0,0,1,1,6,1,5,1242,1,3,4,1
201320G001303,1,9,0,18,0,1,5,0,1,10,4,1,2,1,5,1149,1,6,5,1
201320G001393,1,9,0,14,0,1,0,0,0,0,1,1,6,2,5,1149,1,9,9,2
201320G001433,1,9,0,17,0,0,0,0,7,10,1,1,6,1,6,1124,1,8,1,1
201320G001613,1,20,0,4,0,1,0,0,0,0,1,1,2,1,8,-1,-1,-1,1,1
201320G001613,2,9,0,4,0,1,0,0,0,0,2,1,2,2,5,1248,1,4,3,1
201320G001663,1,9,0,2,0,0,0,0,0,0,3,1,6,1,5,1124,1,14,2,1
201320G001663,2,5,0,2,0,0,0,0,0,0,4,1,1,1,6,1170,1,5,2,1
201320G001693,1,9,0,9,0,8,0,0,0,0,1,1,6,3,-1,2494,1,16,-1,-1
201320G001693,2,9,0,18,0,8,0,0,1,2,3,1,6,1,6,1968,2,1,1,1
201320G001803,1,9,0,18,0,0,1,0,7,4,3,1,6,1,6,3246,1,12,7,1
201320G001803,2,11,0,18,0,0,1,0,0,0,3,1,6,1,8,8268,2,9,2,1
201320G001823,1,9,0,18,0,0,1,0,0,0,3,1,6,2,10,1968,2,2,2,1
201320G001823,2,9,0,18,0,0,1,0,0,0,3,1,6,2,5,1299,1,13,10,1
201320G001833,1,9,0,18,0,0,0,0,0,0,4,1,6,1,10,1597,1,13,8,1
201320G001853,1,11,0,4,0,0,0,0,0,0,1,1,1,1,9,8268,2,10,6,1
201320G001873,1,9,0,18,0,1,0,0,0,0,3,1,2,1,6,1998,1,23,2,1
201320G001903,1,3,0,18,0,1,0,0,0,0,1,1,6,1,4,125,1,12,7,3
201320G001903,2,9,0,18,0,1,0,0,0,0,2,1,6,1,8,1560,2,5,10,2
201320G001913,1,19,0,9,0,2,0,0,0,0,1,1,6,1,-1,-1,-1,-1,-1,-1
201320G001933,1,9,0,7,0,4,0,0,0,0,4,1,6,2,-1,-1,-1,-1,-1,-1
201320G001943,1,1,0,18,9,8,0,0,0,0,1,1,6,1,3,-1,-1,-1,7,1
201320G001943,2,9,0,5,9,6,0,0,0,0,4,1,1,1,7,1753,2,8,1,1
201320G001953,1,9,0,18,0,1,1,0,0,0,1,1,6,1,-1,1339,1,3,1,1
201320G001953,2,9,0,8,0,1,0,0,0,0,3,1,6,1,7,1598,1,-1,3,1
201320G002013,1,9,0,9,0,8,0,0,0,0,1,1,2,2,7,1968,2,4,8,1
201320G002013,2,8,0,18,0,8,0,0,0,0,1,1,1,1,9,-1,-1,-1,2,1
201320G002033,1,19,0,1,0,1,0,0,0,0,2,1,6,3,-1,-1,-1,-1,-1,-1
201320G002033,2,1,0,18,0,1,0,0,0,0,1,1,6,1,2,-1,-1,-1,8,1
201320G002043,1,9,0,9,0,1,0,0,0,0,1,1,6,3,-1,1591,1,1,-1,-1
201320G002053,1,1,0,18,9,8,0,0,0,0,1,1,6,1,4,-1,-1,-1,1,1
201320G002053,2,9,0,5,9,8,0,0,0,0,1,1,6,2,8,1598,1,7,2,1
201320G002063,1,9,0,9,0,5,0,7,1,10,4,1,6,1,6,1360,1,13,1,1
201320G002063,2,9,0,18,0,8,0,0,1,0,4,1,6,1,6,1999,1,7,3,1
201320G002073,1,9,0,18,0,0,0,0,0,0,4,1,6,1,6,1997,1,13,2,1
201320G002093,1,9,0,18,0,1,0,0,0,0,1,1,6,1,-1,1596,1,13,2,1
201320G002093,2,9,0,3,0,1,0,0,0,0,2,1,6,1,8,1997,2,10,1,1
201320G002173,1,8,0,7,0,1,0,0,0,0,1,1,1,1,-1,-1,-1,-1,-1,-1
201320G002183,1,8,0,5,0,0,0,0,0,0,0,1,6,1,-1,-1,-1,-1,-1,-1
201320G002193,1,10,0,9,0,5,0,0,0,0,4,1,1,1,8,2500,2,6,10,1
201320G002213,1,11,0,18,0,0,0,0,0,0,1,1,1,1,7,-1,-1,-1,3,1
201320G002233,1,9,0,9,0,2,0,0,0,0,4,1,6,1,6,1796,1,9,1,1
201320G002233,2,9,0,18,0,2,0,0,0,0,3,1,1,1,6,1364,2,1,1,1
201320G002293,1,9,0,4,0,4,1,10,0,0,1,1,6,1,4,1242,1,11,7,1
201320G002313,1,9,0,4,0,1,0,0,0,0,1,1,6,1,-1,1360,1,13,2,1
201320G002313,2,9,0,10,0,1,0,0,0,0,2,1,6,2,5,1598,1,3,4,1
201320G002323,1,9,0,18,0,0,1,7,7,1,4,1,2,1,4,1998,1,10,5,1
201320G002323,2,8,0,18,0,0,0,0,0,0,1,1,1,1,8,1798,1,9,1,1
201320G002373,1,9,0,1,0,0,0,0,0,0,2,1,6,1,-1,3498,1,14,-1,-1
201320G002373,2,8,0,3,0,0,0,0,0,0,1,1,1,1,7,1560,2,4,-1,-1
201320G002383,1,9,0,18,0,1,0,0,0,0,1,1,6,1,6,1968,2,2,1,1
201320G002383,2,9,0,3,0,1,0,0,0,0,2,1,6,1,8,1989,1,13,3,1
201320G002403,1,9,0,9,0,8,0,0,0,0,4,1,6,1,6,1796,1,11,1,1
201320G002403,2,2,0,18,0,8,0,0,0,0,3,1,2,1,4,49,1,11,2,1
201320G002413,1,9,0,18,0,0,1,0,0,0,1,1,6,1,10,1560,2,6,4,1
201320G002423,1,9,0,18,0,2,0,0,0,0,1,1,6,1,9,1700,2,14,1,1
201320G002423,2,9,0,18,0,2,0,0,0,0,2,1,6,2,9,998,1,7,1,1
201320G002423,3,9,0,18,0,2,0,0,0,0,2,1,6,2,6,1493,1,15,1,1
201320G002443,1,9,0,9,0,6,0,0,0,0,1,1,6,1,8,1598,1,11,1,1
201320G002453,1,9,0,9,0,5,0,0,0,0,1,1,6,2,9,1910,2,6,2,1
201320G002453,2,9,0,18,0,8,0,0,0,0,1,1,6,2,6,1910,2,7,4,1
201320G002463,1,9,0,18,0,0,0,4,0,0,1,1,6,2,5,999,1,10,3,1
201320G002463,2,9,0,2,0,0,0,0,0,0,3,1,6,1,5,2204,2,7,1,1
201320G002473,1,9,0,9,0,8,0,0,0,0,1,1,6,1,6,1896,2,11,2,1
201320G002473,2,1,0,18,0,8,0,0,0,0,3,1,6,1,8,-1,-1,-1,7,1
201320G002613,1,9,0,9,0,6,0,0,0,0,3,1,6,1,5,1461,2,8,1,1
201320G002613,2,9,0,18,0,1,0,0,0,0,1,1,6,2,8,1364,1,5,1,1
201320G002633,1,9,0,18,0,8,0,0,0,0,4,1,6,1,10,1799,1,13,6,1
201320G002633,2,9,0,18,0,8,0,0,0,0,1,1,6,1,9,1798,1,6,8,1
201320G002653,1,9,0,18,0,0,1,0,0,0,1,1,1,1,6,1956,2,1,2,1
201320G002653,2,9,0,12,0,0,0,0,0,0,2,1,6,1,7,-1,-1,-1,2,1
201320G002663,1,9,0,17,0,1,1,10,1,10,1,1,6,2,5,-1,-1,-1,3,1
201320G002753,1,9,0,5,0,8,0,0,0,0,3,1,6,1,7,1598,1,10,1,1
201320G002753,2,4,0,18,0,8,0,0,0,0,4,1,6,1,6,125,1,2,1,1
201320G002763,1,9,0,18,0,1,1,0,0,0,1,1,6,2,-1,-1,-1,-1,-1,-1
201320G002763,2,9,0,3,0,1,0,0,0,0,2,1,6,2,5,1339,1,9,1,1
201320G002773,1,9,0,18,0,1,0,0,0,0,1,1,1,2,6,1988,2,10,3,1
201320G002773,2,9,0,3,0,1,0,0,0,0,2,1,1,2,8,1910,2,4,7,1
201320G002773,3,10,0,3,0,1,0,0,0,0,2,1,1,1,9,1998,2,7,6,1
201320G002783,1,9,0,9,0,5,0,0,0,0,1,1,6,2,10,1339,1,5,3,1
201320G002783,2,9,0,18,0,8,0,0,0,0,3,1,6,1,11,2987,2,6,6,1
201320G002793,1,9,0,5,9,8,0,0,0,0,4,1,6,2,6,1995,2,12,2,1
201320G002803,1,9,0,18,0,1,0,0,0,0,1,1,6,1,6,1388,1,14,6,1
201320G002803,2,9,0,18,0,1,0,0,0,0,2,1,6,1,9,1242,1,6,6,1
201320G002813,1,19,0,18,0,0,0,0,0,0,1,1,6,1,10,2402,2,12,10,2
201320G002813,2,9,0,3,0,0,0,0,0,0,2,1,6,2,7,1991,2,6,10,1
201320G002813,3,9,0,3,0,0,0,0,0,0,2,1,6,2,6,1968,2,4,2,1
201320G002843,1,1,0,18,0,8,0,0,0,0,1,1,1,1,7,-1,-1,-1,8,1
201320G002843,2,9,0,18,0,8,0,0,0,0,1,1,1,2,5,1150,1,9,2,1
201320G002853,1,9,0,7,0,6,0,0,0,0,1,1,6,1,5,1198,1,9,2,1
201320G002863,1,1,0,18,9,8,0,0,0,0,4,1,2,1,8,-1,-1,-1,6,1
201320G002863,2,9,0,5,9,6,0,0,0,0,1,1,6,1,-1,-1,-1,-1,4,1
201320G002873,1,1,0,18,0,8,0,0,0,0,1,1,6,1,5,-1,-1,-1,5,1
201320G002873,2,9,0,9,0,8,0,0,0,0,2,1,6,2,6,1242,1,6,4,1
201320G002883,1,9,0,18,0,1,0,0,0,0,1,1,6,3,-1,-1,-1,-1,-1,-1
201320G002883,2,9,0,4,0,1,0,0,0,0,2,1,1,1,7,1796,7,9,1,1
201320G002893,1,9,0,9,0,5,0,0,0,0,4,1,6,1,7,1796,1,14,5,1
201320G002893,2,5,0,18,0,8,1,0,0,0,1,1,6,1,6,600,1,8,5,1
201320G003023,1,9,0,18,0,8,0,0,0,0,1,1,6,1,11,1498,1,2,1,1
201320G003023,2,9,0,9,0,8,0,0,0,0,1,1,6,2,4,1388,1,7,7,1
201320G003023,3,9,0,8,0,1,0,0,0,0,1,1,6,1,8,1997,2,4,7,1
201320G003043,1,8,0,9,0,6,0,0,0,0,3,1,1,1,6,1560,2,8,2,1
201320G003043,2,9,0,14,0,8,0,0,0,0,1,1,6,2,8,1120,1,13,2,1
201320G003053,1,9,0,14,0,8,0,0,0,0,1,1,6,3,-1,-1,-1,-1,-1,-1
201320G003053,2,8,0,9,0,8,0,0,0,0,3,1,1,1,6,1896,2,5,2,1
201320G003063,1,9,0,16,0,1,0,0,0,0,1,1,6,1,-1,1389,1,15,-1,-1
201320G003063,2,9,0,10,0,1,0,0,0,0,2,1,6,1,5,1598,1,9,2,1
201320G003073,1,9,0,7,0,6,0,0,0,0,1,1,6,1,6,1398,2,11,10,2
201320G003073,2,9,0,4,0,8,0,7,0,0,4,1,6,1,6,1986,2,8,1,1
201320G003093,1,9,0,5,0,1,0,0,0,0,1,1,6,1,7,1587,1,11,3,1
201320G003093,2,9,0,5,0,1,0,0,0,0,2,1,6,2,8,1598,1,17,3,1
201320G003103,1,11,0,2,2,0,0,0,0,0,0,1,1,1,6,11967,2,14,8,1
201320G003113,1,9,0,7,9,8,0,0,0,0,1,1,6,2,5,1998,1,11,3,1
201320G003113,2,1,0,18,9,8,0,0,0,0,1,1,6,1,6,-1,-1,-1,4,1
201320G003133,1,9,0,18,0,0,0,0,0,0,4,1,6,2,6,1299,1,7,5,1
201320G003143,1,11,0,4,0,2,0,0,0,0,0,1,6,1,9,9600,2,16,3,1
201320G003153,1,9,0,18,0,1,0,0,0,0,4,1,6,1,-1,1598,1,14,-1,-1
201320G003153,2,9,0,5,0,3,0,0,0,0,3,1,1,1,7,1596,1,9,1,1
201320G003163,1,9,0,18,0,1,0,0,0,0,1,1,1,1,9,1910,2,8,2,1
201320G003163,2,9,0,3,0,1,0,0,0,0,2,1,6,1,10,1596,1,8,5,1
201320G003163,3,9,0,3,0,1,0,0,0,0,2,1,6,1,-1,-1,-1,-1,-1,-1
201320G003163,4,9,0,3,0,1,0,0,0,0,2,1,6,1,5,1896,2,12,4,1
201320G003173,1,9,0,5,0,8,0,0,0,0,1,1,6,2,6,1870,2,6,8,1
201320G003173,2,9,0,18,0,8,1,0,1,10,4,1,6,2,8,1796,1,10,2,1
201320G003193,1,9,0,1,0,0,0,4,0,0,4,1,6,1,6,1124,1,13,2,1
201320G003193,2,9,0,2,0,0,0,0,0,0,3,1,6,2,5,-1,-1,-1,1,1
201320G003203,1,9,0,18,0,0,0,0,0,0,1,1,6,1,6,1461,2,9,6,1
201320G003213,1,9,0,4,0,1,0,0,0,0,1,1,6,3,-1,-1,-1,-1,-1,-1
201320G003213,2,9,0,3,0,1,0,0,0,0,2,1,6,2,9,998,1,13,2,1
201320G003213,3,9,0,10,0,1,0,0,0,0,2,1,6,2,6,1997,2,8,2,1
201320G003223,1,8,0,18,0,3,0,0,0,0,1,1,1,1,8,1995,2,6,5,1
201320G003223,2,9,0,3,0,3,0,0,0,0,2,1,1,1,7,2000,2,4,2,1
201320G003243,1,9,0,1,0,0,0,0,0,0,2,1,6,1,-1,1997,2,-1,-1,-1
201320G003263,1,9,0,3,0,0,0,0,0,0,1,1,6,1,6,1390,1,4,7,1
201320G003263,2,90,0,2,0,0,0,0,0,0,0,1,1,1,6,7146,2,2,3,1
201320G003273,1,9,0,16,0,0,1,0,0,0,1,1,1,1,6,1968,2,2,1,1
201320G003273,2,9,0,17,0,0,1,0,0,0,4,1,1,2,5,1390,1,12,2,1
201320G003303,1,9,0,7,0,6,0,0,0,0,3,1,6,1,8,1461,2,6,8,3
201320G003303,2,9,0,18,0,8,0,0,1,4,4,1,6,2,4,1679,1,12,1,1
201320G003313,1,9,0,9,0,5,0,0,0,0,3,1,6,2,8,1364,1,8,-1,-1
201320G003313,2,3,0,9,0,5,0,0,0,0,1,1,6,1,4,125,1,-1,1,1
201320G003333,1,9,0,18,9,0,0,0,1,10,1,1,6,1,7,1299,1,12,2,1
201320G003353,1,11,0,2,0,0,0,0,0,0,0,1,1,1,7,-1,-1,-1,2,1
201320G003363,1,5,0,14,0,8,0,0,0,0,1,1,6,1,-1,599,1,16,-1,-1
201320G003363,2,9,0,9,0,5,0,0,0,0,2,1,1,2,8,998,1,12,7,1
201320G003383,1,9,0,18,0,2,0,0,2,1,1,1,6,1,8,1968,2,8,1,1
201320G003383,2,9,0,18,0,1,0,0,0,0,1,1,2,2,7,1248,1,1,2,1
201320G003393,1,9,0,18,0,2,0,0,0,0,4,1,6,2,8,998,1,3,1,1
201320G003403,1,9,0,5,0,6,0,0,0,0,1,1,6,1,9,1988,1,12,5,1
201320G003403,2,9,0,4,0,8,0,0,0,0,1,1,6,2,4,1399,2,1,3,1
201320G003443,1,9,0,18,0,1,0,0,0,0,1,1,2,2,5,1386,1,7,4,1
201320G003453,1,5,0,18,0,2,0,0,0,0,1,1,6,1,7,599,1,12,3,1
201320G003553,1,8,0,5,0,6,0,0,0,0,1,1,6,1,8,1600,2,3,6,1
201320G003553,2,3,0,13,0,8,0,0,0,0,1,1,6,1,4,125,1,11,4,1
201320G003563,1,9,0,18,0,8,0,0,0,0,4,1,1,1,7,1968,2,2,6,1
201320G003563,2,9,0,18,0,8,0,0,0,0,1,1,1,2,8,1229,1,6,2,1
201320G003613,1,19,0,18,0,0,0,0,0,0,0,1,1,1,6,2496,2,19,1,1
201320G003613,2,9,0,18,0,0,0,11,0,0,3,1,1,1,7,1910,2,6,2,1
201320G003643,1,9,0,18,0,2,0,0,0,0,1,1,6,1,5,-1,-1,-1,-1,-1
201320G003643,2,9,0,4,0,2,0,0,0,0,2,1,6,1,5,1149,1,11,3,1
201320G003673,1,9,0,18,0,8,0,0,0,0,1,1,6,1,8,1896,2,10,4,1
201320G003673,2,9,0,10,0,8,0,0,0,0,2,1,6,1,5,1242,1,14,2,1
201320G003733,1,9,0,14,0,0,0,0,0,0,1,1,2,2,6,2498,1,11,5,2
201320G003733,2,9,0,18,0,0,0,0,0,0,1,1,6,1,6,1598,1,11,2,1
201320G003853,1,9,0,18,0,1,0,0,0,0,3,1,6,1,7,1299,1,6,3,1
201320G003863,1,9,0,12,0,1,0,0,0,0,0,1,6,3,-1,-1,-1,-1,-1,-1
201320G003863,2,3,0,18,0,1,2,0,0,0,0,1,1,1,6,125,1,7,5,1
201320G003873,1,9,0,17,0,0,1,10,2,2,1,1,6,1,5,1905,2,15,1,1
201320G003893,1,9,0,18,0,4,0,0,0,0,3,1,1,1,7,1598,1,1,1,1
201320G003893,2,1,0,18,0,4,0,0,0,0,4,1,1,1,9,-1,-1,-1,4,1
201320G003903,1,9,0,18,0,0,0,0,0,0,1,1,2,1,10,1870,2,11,9,1
201320G003903,2,9,0,18,0,0,0,0,0,0,3,1,6,1,10,1753,2,5,9,1
201320G003903,3,9,0,18,0,0,0,0,0,0,1,1,6,1,8,1560,2,1,9,1
201320G003913,1,10,0,9,0,8,0,0,0,0,1,1,1,1,7,2402,2,4,1,1
201320G003913,2,19,0,18,0,8,0,0,0,0,1,1,6,1,-1,1996,2,3,1,1
201320G003943,1,9,0,7,0,1,0,0,0,0,4,1,6,2,-1,1598,1,6,2,1
201320G003943,2,1,0,4,0,1,0,0,0,0,1,1,2,1,7,-1,-1,-1,10,1
201320G003963,1,9,0,9,0,5,0,0,0,0,4,1,6,1,8,1149,1,-1,1,1
201320G003963,2,1,0,18,0,8,0,0,0,0,1,1,6,1,8,-1,-1,-1,9,1
201320G003973,1,9,0,9,0,6,0,0,0,0,1,1,6,2,7,1598,7,10,-1,-1
201320G003973,2,3,0,14,0,8,0,0,0,0,1,1,6,1,5,123,1,26,2,1
201320G003993,1,9,0,18,0,2,1,0,0,0,1,1,6,1,7,2922,1,14,3,1
201320G003993,2,9,0,18,0,1,0,0,0,0,2,1,6,1,7,1896,2,4,3,1
201320G004033,1,9,0,5,0,0,0,0,0,0,1,1,2,1,6,1398,2,9,8,1
201320G004033,2,9,0,4,0,0,0,0,0,0,2,1,2,1,7,1560,2,5,4,1
201320G004043,1,9,0,18,0,1,0,0,0,0,1,1,1,1,8,1796,1,11,5,1
201320G004043,2,9,0,9,0,1,0,0,0,0,2,1,1,1,9,1796,1,7,5,1
201320G004053,1,9,0,7,0,3,0,0,0,0,3,1,6,1,10,2993,2,2,5,1
201320G004083,1,21,1,18,0,0,0,0,0,0,1,1,1,1,9,12900,2,6,6,3
201320G004143,1,9,0,18,0,0,0,4,0,0,1,1,6,1,6,1124,1,12,1,1
201320G004143,2,9,0,2,0,0,0,0,0,0,2,1,6,1,11,1910,2,6,4,1
201320G004163,1,4,0,18,0,1,0,0,0,0,1,1,6,1,8,499,1,11,4,1
201320G004163,2,9,0,10,0,1,0,0,0,0,2,1,6,2,8,995,1,5,5,1
201320G004303,1,9,0,1,0,0,0,4,0,0,3,1,6,3,-1,1587,1,8,-1,-1
201320G004303,2,9,0,2,0,0,0,0,0,0,4,1,6,3,-1,1796,1,12,-1,-1
201320G004373,1,9,0,9,0,8,1,0,0,0,1,1,6,1,6,2497,1,9,2,1
201320G004373,2,9,0,18,0,8,0,0,0,0,3,1,6,1,9,1498,1,1,7,1
201320G004383,1,9,0,1,9,5,0,0,0,0,2,1,6,1,-1,1364,1,6,-1,-1
201320G004503,1,9,0,18,0,8,5,7,1,8,4,1,6,1,8,1198,1,8,2,1
201320G004513,1,9,0,18,0,1,0,0,0,0,1,1,6,1,6,1796,1,8,1,1
201320G004523,1,9,0,9,0,8,0,0,0,0,1,1,6,1,6,1796,1,14,4,1
201320G004523,2,8,0,18,0,8,0,0,0,0,1,1,1,1,7,2664,2,13,4,1
201320G004553,1,9,0,12,0,1,1,10,7,4,1,1,6,1,5,1988,1,11,5,1
201320G004553,2,9,0,9,0,6,0,0,0,0,1,1,6,2,7,-1,-1,-1,2,1
201320G004733,1,9,0,5,9,8,0,0,0,0,1,1,6,1,8,973,1,12,3,1
201320G004733,2,1,0,18,9,8,0,0,0,0,1,1,4,2,1,-1,-1,-1,4,1
201320G004753,1,9,0,9,0,6,0,0,0,0,1,1,2,1,9,1587,1,10,2,1
201320G004753,2,9,0,18,0,8,1,0,0,0,4,1,2,1,7,1124,1,13,1,1
201320G004763,1,1,0,5,0,2,0,0,0,0,1,1,2,1,5,-1,-1,-1,2,1
201320G004763,2,9,0,5,0,3,0,0,0,0,1,1,3,2,6,1596,1,4,1,1
201320G004773,1,1,0,18,0,8,0,0,0,0,1,1,6,1,3,-1,-1,-1,5,1
201320G004773,2,9,0,18,0,8,0,0,0,0,1,1,1,1,9,1229,1,8,3,1
201320G004783,1,9,0,9,0,8,0,0,0,0,1,1,6,2,4,1398,1,-1,1,1
201320G004783,2,9,0,18,0,8,0,0,0,0,1,1,6,1,5,1242,1,6,3,1
201320G004793,1,9,0,14,0,0,0,0,0,0,1,1,6,2,7,1124,1,16,1,1
201320G004973,1,9,0,18,0,1,0,0,0,0,4,1,6,2,6,1242,1,2,7,1
201320G005023,1,9,0,18,0,0,1,10,1,4,1,1,6,1,7,2597,1,12,2,1
201320G005033,1,9,0,9,0,8,0,0,0,0,3,1,1,2,8,1995,2,6,4,1
201320G005033,2,5,0,18,0,8,0,0,0,0,4,1,1,1,8,800,1,1,1,1
201320G005053,1,9,0,18,0,0,0,10,1,3,1,1,6,1,11,1296,1,6,7,1
201320G005063,1,9,0,18,0,0,0,0,0,0,1,1,2,1,9,1951,2,8,5,1
201320G005073,1,9,0,18,2,0,0,0,0,0,1,1,6,3,-1,-1,-1,-1,-1,-1
201320G005083,1,9,0,9,0,1,0,0,0,0,1,1,6,1,-1,-1,-1,-1,-1,-1
201320G005083,2,9,0,14,0,1,0,0,0,0,4,1,2,1,5,1398,2,7,5,1
201320G005093,1,9,0,18,0,1,0,4,0,0,1,1,2,1,4,1390,1,10,8,1
201320G005093,2,9,0,2,0,1,0,0,0,0,2,1,6,1,-1,1388,1,2,2,1
201320G005113,1,9,0,7,0,6,0,10,7,0,3,1,6,2,11,1598,1,14,9,1
201320G005113,2,19,0,18,0,8,0,0,7,0,1,1,1,1,7,1248,2,5,1,1
201320G005293,1,9,0,7,0,6,0,0,0,0,0,1,6,1,-1,1360,1,11,-1,-1
201320G005293,2,3,0,18,0,1,1,0,0,0,4,1,2,1,5,125,1,4,2,1
201320G005303,1,9,0,18,0,1,0,0,0,0,1,1,2,1,7,1461,2,3,1,1
201320G005303,2,9,0,10,0,1,0,0,4,0,2,1,6,1,7,1124,1,16,2,1
201320G005303,3,9,0,10,0,1,0,0,4,0,2,1,2,1,9,1598,1,13,2,1
201320G005313,1,9,0,18,0,0,0,0,0,0,1,1,6,1,7,-1,-1,-1,2,1
201320G005323,1,9,0,5,0,6,0,0,0,0,1,1,6,1,-1,-1,-1,-1,-1,-1
201320G005323,2,9,0,3,0,8,0,0,0,0,1,1,6,2,8,1956,2,2,3,1
201320G005333,1,19,0,18,0,1,0,0,0,0,1,1,2,1,7,1298,1,8,2,1
201320G005353,1,9,0,18,0,0,0,0,0,0,1,1,6,2,6,1998,2,5,1,1
201320G005383,1,9,0,18,0,3,0,0,0,0,1,1,6,1,-1,-1,-1,-1,-1,-1
201320G005383,2,4,0,18,0,3,0,0,0,0,3,1,6,1,7,1584,1,5,-1,-1
201320G005393,1,9,0,5,0,6,0,0,7,2,1,1,6,1,9,1796,1,13,7,2
201320G005433,1,19,0,18,0,1,0,0,0,0,1,1,6,1,-1,2151,2,9,-1,-1
201320G005433,2,9,0,8,0,1,0,0,0,0,2,1,6,1,4,998,1,27,2,1
201320G005443,1,1,0,18,0,0,0,0,0,0,4,1,4,1,3,-1,-1,-1,5,1
201320G005443,2,9,0,18,0,0,0,0,0,0,4,1,6,3,-1,-1,-1,-1,-1,-1
201320G005453,1,9,0,9,0,8,0,0,0,0,1,1,6,1,-1,1360,1,14,-1,-1
201320G005453,2,9,0,18,0,8,1,0,0,0,4,1,2,1,5,1896,2,12,8,1
201320G005493,1,9,0,18,0,0,0,0,0,0,4,1,6,3,-1,1896,2,8,-1,-1
201320G005563,1,9,0,14,0,0,0,0,0,0,4,1,6,1,7,1461,2,3,3,1
201320G005613,1,9,0,6,0,0,0,7,0,0,1,1,6,2,7,1984,1,4,9,1
201320G005623,1,5,0,16,0,0,0,11,7,0,3,1,6,1,7,645,1,8,5,1
201320G005733,1,1,0,18,0,0,0,0,0,0,1,1,6,1,4,-1,-1,-1,1,1
201320G005733,2,9,0,17,0,0,0,0,0,0,1,1,6,1,10,1997,1,12,2,1
201320G005753,1,9,0,18,0,8,0,0,0,0,1,1,6,2,7,1598,1,6,2,1
201320G005753,2,9,0,9,0,8,1,0,0,0,4,1,6,1,4,1368,1,3,4,1
201320G005763,1,9,0,18,0,0,0,0,0,0,1,1,6,2,10,1783,1,13,7,1
201320G005873,1,9,0,18,0,1,0,0,0,0,1,1,1,1,5,2926,2,11,6,1
201320G005873,2,9,0,7,0,5,0,0,0,0,2,1,3,1,6,1834,1,16,1,1
201320G005873,3,9,0,7,9,1,0,0,0,0,0,1,6,2,-1,-1,-1,-1,-1,-1
201320G005883,1,19,0,6,0,0,0,0,0,0,3,1,2,1,7,2402,2,3,3,1
201320G005883,2,9,0,18,0,0,0,0,0,0,1,1,6,1,5,1149,1,8,9,1
201320G005893,1,19,0,18,0,1,0,0,0,0,1,1,6,1,-1,-1,-1,-1,-1,-1
201320G005903,1,9,0,9,0,8,0,0,0,0,1,1,6,1,4,-1,-1,-1,-1,-1
201320G005903,2,3,0,18,0,8,0,0,0,0,1,1,6,1,5,-1,-1,-1,1,1
201320G005913,1,9,0,7,0,2,0,0,0,0,3,1,6,1,9,1339,1,7,3,1
201320G005913,2,9,0,18,0,2,0,0,0,0,2,1,6,1,6,-1,-1,-1,7,1
201320G005923,1,9,0,4,0,1,0,0,0,0,1,1,6,2,11,1360,1,6,6,1
201320G005923,2,9,0,4,0,1,0,0,0,0,2,1,6,1,6,-1,-1,-1,3,1
201320G005933,1,9,0,7,0,6,0,0,0,0,1,1,6,1,10,1560,2,6,2,1