Accident_Index,Vehicle_Reference,Vehicle_Type,Towing_and_Articulation,Vehicle_Manoeuvre,Vehicle_Location-Restricted_Lane,Junction_Location,Skidding_and_Overturning,Hit_Object_in_Carriageway,Vehicle_Leaving_Carriageway,Hit_Object_off_Carriageway,1st_Point_of_Impact,Was_Vehicle_Left_Hand_Drive?,Journey_Purpose_of_Driver,Sex_of_Driver,Age_Band_of_Driver,Engine_Capacity_(CC),Propulsion_Code,Age_of_Vehicle,Driver_IMD_Decile,Driver_Home_Area_Type
201320G010243,2,9,0,18,0,8,0,0,0,0,1,1,1,2,7,-1,-1,-1,1,1
201320G010253,1,9,0,18,0,1,0,0,0,0,1,1,6,1,-1,1390,1,8,-1,-1
201320G010263,1,11,0,5,0,0,0,0,0,0,0,1,6,1,-1,-1,-1,-1,-1,-1
201320G010273,1,9,0,1,0,2,0,0,0,0,2,1,6,1,-1,1783,1,13,-1,-1
201320G010273,2,9,0,6,0,1,0,0,0,0,3,1,6,1,6,998,1,1,5,1
201320G010283,1,9,0,9,0,8,0,0,0,0,4,1,6,1,11,1388,1,1,6,1
201320G010283,2,1,0,16,0,8,0,0,0,0,1,1,6,1,7,-1,-1,-1,3,1
201320G010293,1,19,0,14,0,0,0,0,0,0,4,1,1,1,6,1997,2,-1,-1,-1
201320G010313,1,3,0,18,0,8,1,0,0,0,0,1,2,1,9,-1,-1,-1,9,1
201320G010313,2,9,0,9,0,5,0,0,0,0,0,1,6,1,7,1598,1,12,1,1
201320G010333,1,1,0,18,9,8,0,0,0,0,1,1,1,1,9,-1,-1,-1,5,1
201320G010333,2,9,0,7,9,8,0,0,0,0,1,1,1,1,7,1349,1,13,1,1
201320G010343,1,3,0,18,0,0,1,11,0,0,4,1,6,2,4,99,1,10,3,1
201320G010353,1,9,0,18,0,1,0,0,0,0,1,1,6,3,-1,1391,1,17,-1,-1
201320G010353,2,9,0,3,0,1,0,0,0,0,2,1,6,1,7,1360,1,9,3,1
201320G010363,1,5,0,18,0,1,0,0,0,0,1,1,2,1,7,1298,1,14,2,1
201320G010373,1,3,0,18,0,0,0,0,0,0,1,1,6,1,-1,-1,-1,-1,-1,-1
201320G010383,1,9,0,18,0,1,0,0,0,0,1,1,6,2,6,1329,1,-1,1,1
201320G010383,2,9,0,18,0,1,0,0,0,0,2,1,6,1,11,1999,1,8,5,1
201320G010393,1,9,0,4,0,0,1,0,0,0,1,1,2,2,7,973,1,10,3,1
201320G010393,2,9,0,3,0,0,0,0,0,0,2,1,6,1,9,1596,1,9,4,1
201320G010413,1,9,0,18,0,2,0,10,3,10,1,1,6,1,6,1242,1,9,2,1
201320G010423,1,9,0,18,0,0,0,0,0,0,3,1,6,2,7,1796,1,10,5,1
201320G010423,2,1,0,18,0,0,0,0,0,0,1,1,3,1,3,-1,-1,-1,9,1
201320G010433,1,9,0,17,0,0,0,0,0,0,1,1,6,1,7,1587,1,10,1,1
201320G010433,2,9,0,16,0,0,0,0,0,0,1,1,1,1,8,1598,1,10,1,1
201320G010443,1,9,0,18,0,1,0,0,0,0,1,1,6,1,6,1388,1,8,-1,-1
201320G010443,2,9,0,18,0,1,0,0,0,0,2,1,6,2,9,1896,2,11,10,1
201320G010453,1,9,0,9,0,8,0,0,0,0,1,1,6,1,7,1997,1,24,5,1
201320G010453,2,9,0,18,0,8,0,0,0,0,1,1,6,1,6,1299,1,5,2,1
201320G010463,1,9,0,18,0,0,0,10,7,10,1,1,6,1,6,1598,1,14,10,1
201320G010493,1,8,0,7,4,5,0,0,0,0,1,1,1,1,-1,-1,-1,-1,4,1
201320G010493,2,1,0,18,4,8,0,0,0,0,1,1,6,2,6,-1,-1,-1,1,1
201320G010523,1,19,0,14,0,0,0,0,0,0,1,1,6,1,6,1997,2,-1,-1,-1
201320G010523,2,11,0,2,0,0,0,0,0,0,0,1,6,1,-1,9360,2,2,-1,-1
201320G010583,1,9,0,9,0,5,0,0,1,0,4,1,6,1,10,479,2,8,2,1
201320G010583,2,19,0,18,0,8,0,0,0,0,1,1,6,1,8,1753,2,15,2,1
201320G010583,3,1,0,3,9,1,0,0,0,0,1,1,6,1,7,-1,-1,-1,2,1
201320G010593,1,9,0,9,0,6,0,0,0,0,1,1,6,1,5,1242,1,10,4,1
201320G010593,2,3,0,13,0,1,0,0,0,0,1,1,2,1,6,-1,-1,-1,5,1
201320G010753,1,1,0,18,0,0,5,0,0,0,3,1,6,1,5,-1,-1,-1,5,1
201320G010753,2,9,0,18,0,0,0,0,0,0,1,1,6,1,5,1596,1,-1,2,1
201320G010823,1,9,0,4,0,1,0,0,0,0,1,1,6,1,6,973,1,14,9,1
201320G010823,2,9,0,8,0,1,0,0,0,0,2,1,1,2,7,1198,1,-1,9,2
201320G010823,3,9,0,8,0,1,0,0,0,0,2,1,6,2,6,2000,2,8,9,1
201320G010833,1,9,0,18,0,8,0,0,0,0,1,1,3,1,7,1997,2,14,-1,-1
201320G010833,2,9,0,18,0,8,0,0,0,0,2,1,3,1,7,1796,1,17,-1,-1
201320G010843,1,9,0,18,0,0,0,0,0,0,1,1,6,1,7,1910,2,9,2,1
201320G010843,2,9,0,4,0,0,0,0,0,0,2,1,6,2,9,1598,1,8,2,1
201320G010843,3,9,0,4,0,0,0,0,0,0,2,1,6,2,6,1598,1,10,1,1
201320G010853,1,9,0,5,0,6,0,0,0,0,3,1,2,2,5,1390,2,12,3,1
201320G010853,2,9,0,17,0,1,0,0,0,0,1,1,2,1,6,1597,1,13,2,1
201320G010873,1,9,0,18,0,0,1,0,0,0,4,1,1,1,7,-1,-1,-1,3,1
201320G010903,1,19,0,9,0,6,0,0,0,0,1,1,1,1,5,1248,2,5,-1,-1
201320G010903,2,9,0,18,0,8,0,0,0,0,1,1,2,1,8,1328,1,12,1,1
201320G010913,1,9,0,18,0,0,0,0,0,0,1,1,6,2,10,1339,1,10,3,1
201320G010913,2,9,0,3,0,0,0,0,0,0,2,1,6,1,7,1396,2,4,1,1
201320G010923,1,9,0,16,0,0,1,0,0,0,3,1,6,3,-1,973,1,13,-1,-1
201320G010923,2,9,0,17,0,0,0,0,0,0,3,1,6,1,7,1389,1,15,4,1
201320G010933,1,9,0,17,0,1,1,0,7,10,1,1,6,2,5,1398,2,5,6,1
201320G010953,1,9,0,9,0,6,0,0,0,0,4,1,6,2,8,1598,1,5,7,1
201320G010953,2,3,0,18,0,8,0,0,1,0,1,1,6,1,4,125,1,5,5,1
201320G011003,1,9,0,7,0,6,0,0,0,0,1,1,6,2,9,1242,1,2,7,1
201320G011003,2,9,0,18,0,8,0,10,1,10,4,1,6,2,7,1598,1,3,7,1
201320G011013,1,1,0,5,0,2,0,0,0,0,1,1,2,1,6,-1,-1,-1,10,1
201320G011043,1,9,0,18,0,3,0,0,1,2,1,1,2,1,9,2394,1,4,10,1
201320G011043,2,9,0,2,9,2,0,0,0,0,2,1,6,2,-1,1198,1,1,-1,-1
201320G011043,3,9,0,2,9,2,0,0,0,0,2,1,6,2,-1,1199,1,9,-1,-1
201320G011043,4,9,0,2,9,2,0,0,0,0,2,1,6,1,-1,1988,1,13,-1,-1
201320G011053,1,9,0,18,0,1,2,7,4,10,4,1,6,1,6,1242,1,-1,2,1
201320G011093,1,9,0,3,0,1,0,0,0,0,0,1,1,1,6,1956,2,1,2,1
201320G011093,2,9,0,5,0,1,0,0,0,0,4,1,2,1,9,1229,1,1,5,1
201320G011093,3,9,0,5,0,1,0,0,0,0,3,1,2,1,6,1995,2,1,5,1
201320G011123,1,5,0,18,0,0,0,4,0,0,1,1,1,1,5,996,1,13,3,1
201320G011123,2,8,0,2,0,0,0,0,0,0,2,1,1,1,6,1390,1,11,5,1
201320G011123,3,8,0,18,0,0,0,0,0,0,1,1,1,1,9,1587,1,5,2,1
201320G011173,1,19,0,18,0,1,0,0,0,0,4,1,1,1,7,2198,2,5,5,1
201320G011183,1,9,0,18,0,1,0,0,0,0,0,1,6,1,6,-1,-1,-1,10,1
201320G011183,2,1,0,18,0,1,1,10,1,10,1,1,6,1,-1,-1,-1,-1,-1,-1
201320G011193,1,9,0,5,0,2,0,0,0,0,0,1,6,3,-1,-1,-1,-1,-1,-1
201320G011203,1,9,0,1,0,1,0,0,0,0,4,1,6,2,6,1995,2,5,-1,-1
201320G011273,1,9,0,18,0,8,0,0,0,0,3,1,6,1,-1,-1,-1,-1,-1,-1
201320G011273,2,9,0,18,0,8,0,0,0,0,4,1,6,1,7,-1,-1,-1,3,1
201320G011293,1,9,0,18,0,1,0,0,0,0,1,1,6,2,6,1360,1,11,6,1
201320G011293,2,9,0,18,0,1,0,0,0,0,2,1,6,1,7,1997,2,1,2,1
201320G011303,1,9,0,18,0,2,0,0,0,0,4,1,1,2,8,1400,1,6,9,2
201320G011313,1,1,0,18,0,0,0,0,0,0,3,1,6,1,9,-1,-1,-1,1,1
201320G011313,2,9,0,18,0,0,0,0,0,0,1,1,1,1,8,1991,2,8,5,1
201320G011383,1,9,0,18,0,8,0,0,0,0,1,1,1,2,6,1896,2,5,4,1
201320G011383,2,9,0,18,0,8,0,0,0,0,4,1,1,2,5,1149,1,5,7,1
201320G011413,1,9,0,4,0,0,0,0,0,0,1,1,6,1,8,1349,1,4,4,1
201320G011413,2,9,0,3,0,0,0,0,0,0,2,1,6,1,9,1598,1,9,2,1
201320G011413,3,9,0,3,0,0,0,0,0,0,2,1,6,2,7,1995,2,-1,2,1
201320G011453,1,9,0,18,0,8,0,7,0,0,4,1,6,1,10,1986,2,5,6,1
201320G011453,2,9,0,18,0,8,0,0,0,0,1,1,1,1,7,1591,1,1,5,1
201320G011463,1,9,0,6,0,0,0,0,0,0,0,1,6,1,5,1299,1,11,7,1
201320G011463,2,1,0,18,0,0,0,0,0,0,0,1,6,1,7,-1,-1,-1,-1,-1
201320G011483,1,9,0,5,0,6,0,0,0,0,3,1,1,2,6,1956,2,1,7,1
201320G011483,2,8,0,18,0,8,0,0,0,0,1,1,1,1,7,1910,2,6,-1,-1
201320G011493,1,9,0,9,0,6,0,0,0,0,3,1,6,3,-1,-1,-1,-1,-1,-1
201320G011493,2,1,0,18,0,8,0,0,0,0,4,1,6,1,7,-1,-1,-1,7,1
201320G011563,1,9,0,5,0,1,0,0,0,0,1,1,6,1,-1,1896,2,12,4,1
201320G011563,2,9,0,3,0,1,0,0,0,0,2,1,6,1,10,1242,1,17,7,2
201320G011583,1,9,0,4,0,0,0,0,0,0,4,1,2,2,8,1498,1,2,9,2
201320G011593,1,9,0,4,0,8,0,0,0,0,3,1,2,1,8,1956,2,3,3,1
201320G011623,1,19,0,9,0,8,0,0,0,0,3,1,6,2,7,1896,2,17,-1,-1
201320G011623,2,9,0,18,0,8,0,0,0,0,1,1,6,2,9,-1,-1,-1,5,1
201320G011653,1,9,0,18,0,8,0,0,0,0,1,1,6,2,7,1198,1,10,2,1
201320G011653,2,9,0,18,0,8,0,10,1,10,1,1,6,2,5,1398,1,1,3,1
201320G011663,1,9,0,5,0,0,0,0,0,0,4,1,2,1,6,1769,1,11,3,1
201320G011663,2,9,0,18,0,0,0,0,0,0,1,1,2,2,7,1229,1,6,1,1
201320G011693,1,9,0,18,0,0,0,0,0,0,1,1,6,1,6,1461,2,9,1,1
201320G011693,2,9,0,4,0,0,0,0,0,0,2,1,6,2,9,1242,1,13,7,1
201320G011733,1,9,0,18,0,2,0,0,0,0,1,1,6,1,-1,1364,1,7,-1,-1
201320G011733,2,9,0,4,0,2,0,0,0,0,2,1,2,1,7,1108,1,6,7,1
201320G011733,3,9,0,4,0,2,0,0,0,0,2,1,6,2,-1,1149,1,4,-1,-1
201320G011733,4,9,0,4,0,2,0,0,0,0,2,1,6,2,-1,998,1,3,-1,-1
201320G011753,1,9,0,7,0,6,0,0,0,0,1,1,6,2,6,1397,1,4,2,1
201320G011753,2,2,0,4,0,1,0,0,0,0,1,1,6,1,4,50,1,-1,6,1
201320G011753,3,8,0,4,0,1,0,0,0,0,1,1,6,1,6,1998,2,6,4,1
201320G011873,1,19,0,2,0,0,0,0,0,0,3,1,1,1,-1,1686,2,11,1,1
201320G011873,2,1,0,18,0,0,0,0,0,0,0,1,6,2,7,-1,-1,-1,6,1
201320G011913,1,9,0,1,0,0,0,0,0,0,2,1,6,1,-1,-1,-1,-1,-1,-1
201320G011923,1,9,0,7,0,1,0,0,0,0,1,1,2,2,6,1968,2,6,2,1
201320G011943,1,9,0,18,0,0,0,0,0,0,4,1,6,2,7,1598,2,2,8,1
201320G011953,1,9,0,18,0,8,0,0,1,7,3,1,1,1,9,1598,1,14,3,1
201320G011953,2,9,0,5,0,8,0,0,0,0,1,1,6,2,8,1598,1,10,5,1
201320G012013,1,19,0,4,0,1,0,0,0,0,4,1,2,1,6,2402,2,13,3,1
201320G012033,1,9,0,13,0,8,0,0,0,0,4,1,6,1,7,1590,1,18,1,1
201320G012033,2,9,0,9,0,8,0,0,0,0,1,1,6,1,9,1396,1,11,4,1
201320G012103,1,9,0,18,0,0,0,0,0,0,1,1,6,1,5,1390,1,3,1,1
201320G012103,2,9,0,3,0,0,0,0,0,0,2,1,6,1,7,1753,2,7,3,1
201320G012103,3,9,0,3,0,0,0,0,0,0,2,1,1,2,-1,1248,2,-1,1,1
201320G012163,1,19,0,9,0,1,0,0,0,0,1,1,1,1,6,2143,2,-1,6,1
201320G012173,1,9,0,17,0,0,0,10,1,0,4,1,6,2,6,1242,1,14,1,1
201320G012213,1,9,0,9,0,5,0,0,0,0,1,1,6,2,-1,-1,-1,-1,-1,-1
201320G012223,1,9,0,5,0,8,0,0,0,0,1,1,6,2,7,1124,1,7,5,2
201320G012223,2,9,0,3,0,8,0,0,0,0,3,1,6,1,8,1596,1,3,7,1
201320G012233,1,9,0,18,0,0,0,0,0,0,1,1,6,1,11,1349,1,3,9,1
201320G012273,1,19,0,9,9,5,0,0,0,0,3,1,1,1,8,-1,-1,-1,6,1
201320G012273,2,1,0,18,9,8,0,0,0,0,1,1,6,1,3,-1,-1,-1,1,1
201320G012313,1,9,0,18,0,1,0,0,0,0,1,1,1,2,5,1229,1,5,2,1
201320G012313,2,9,0,3,0,1,0,0,0,0,2,1,1,1,8,2993,2,1,10,3
201320G012313,3,9,0,3,0,1,0,0,0,0,2,1,1,1,7,2231,2,7,1,1
201320G012373,1,9,0,18,0,2,0,0,0,0,1,1,2,1,7,1598,1,10,1,1
201320G012403,1,9,0,18,0,8,0,0,0,0,1,1,6,1,6,1560,2,6,9,1
201320G012403,2,9,0,10,0,8,0,0,0,0,1,1,1,1,6,1560,2,2,1,1
201320G012423,1,9,0,5,0,1,0,0,0,0,1,1,1,1,6,1560,2,7,2,1
201320G012473,1,9,0,9,0,8,0,0,0,0,3,1,6,2,8,1686,2,8,4,1
201320G012473,2,3,0,13,0,8,0,0,0,0,4,1,6,1,5,98,1,18,1,1
201320G012543,1,9,0,18,0,0,0,0,0,0,1,1,6,1,7,1910,2,6,2,1
201320G012543,2,9,0,3,0,0,0,0,0,0,2,1,6,1,11,1149,1,9,9,1
201320G012563,1,9,0,18,0,0,1,0,0,0,1,1,6,1,8,1910,2,10,1,1
201320G012563,2,9,0,18,0,0,0,0,0,0,2,1,6,2,6,1229,1,5,-1,-1
201320G012583,1,9,0,3,0,1,0,0,0,0,2,1,6,1,10,1248,2,9,5,1
201320G012583,2,9,0,5,0,1,0,0,0,0,1,1,6,1,11,1324,1,12,5,1
201320G012603,1,9,0,9,0,2,0,0,0,0,3,1,1,1,7,1968,2,1,10,1
201320G012603,2,9,0,14,0,1,0,0,0,0,1,1,6,1,10,1587,1,12,3,1
201320G012633,1,9,0,18,0,8,0,0,0,0,1,1,6,1,8,-1,-1,-1,2,1
201320G012633,2,9,0,18,0,8,0,0,0,0,3,1,6,1,4,1896,2,8,4,1
201320G012643,1,9,0,18,0,0,0,0,0,0,1,1,6,1,11,1599,1,7,9,1
201320G012653,1,9,0,18,0,6,0,0,0,0,1,1,6,1,9,1560,2,2,1,1
201320G012653,2,9,0,18,0,8,0,0,0,0,4,1,6,1,10,1399,2,2,2,1
201320G012673,1,9,0,9,0,3,0,0,0,0,3,1,6,1,-1,1995,2,8,-1,-1
201320G012673,2,9,0,18,0,1,0,0,0,0,3,1,6,1,7,973,1,11,1,1
201320G012683,1,9,0,4,0,2,0,0,0,0,1,1,6,1,5,1995,1,11,2,1
201320G012683,2,5,0,4,0,2,0,0,0,0,2,1,6,1,9,980,1,31,2,1
201320G012683,3,9,0,4,0,2,0,0,0,0,2,1,6,2,9,1997,2,4,9,1
201320G012763,1,9,0,17,0,0,0,10,1,10,1,1,6,2,5,998,1,5,1,1
201320G012773,1,9,0,9,0,4,0,0,0,0,3,1,1,2,8,1298,1,6,2,1
201320G012773,2,1,0,18,0,3,0,0,0,0,4,1,1,1,6,-1,-1,-1,2,1
201320G012783,1,9,0,16,0,0,0,0,0,0,2,1,6,2,6,2926,2,10,2,1
201320G012783,2,9,0,17,0,0,0,0,0,0,1,1,6,2,7,1248,2,5,2,1
201320G012813,1,9,0,18,0,0,0,0,0,0,1,1,1,1,-1,1360,1,9,-1,-1
201320G012813,2,9,0,18,0,0,0,0,0,0,2,1,1,1,-1,1298,1,12,3,1
201320G012813,3,9,0,3,0,0,0,0,0,0,2,1,1,2,6,1240,1,9,5,1
201320G012823,1,9,0,18,0,0,0,0,0,0,1,1,1,2,7,1798,1,1,9,1
201320G012873,1,9,0,9,0,2,0,0,0,0,3,1,6,2,7,1587,1,12,1,1
201320G012873,2,9,0,18,0,1,0,0,0,0,1,1,6,1,6,1986,2,6,4,1
201320G012903,1,9,0,18,0,8,0,0,0,0,1,1,6,2,4,1360,1,11,7,1
201320G012903,2,19,0,9,0,8,0,0,0,0,1,1,1,1,7,2800,2,8,7,1
201320G012983,1,9,0,9,0,6,0,0,0,0,1,1,6,1,5,2204,2,6,9,1
201320G012983,2,9,0,18,0,8,0,0,0,0,3,1,6,1,8,1229,1,3,6,1
201320G013013,1,9,0,18,0,4,0,0,0,0,1,1,6,3,-1,-1,-1,-1,-1,-1
201320G013013,2,1,0,9,0,3,0,0,0,0,1,1,6,1,7,-1,-1,-1,5,1
201320G013043,1,9,0,5,0,1,0,0,0,0,1,1,3,1,-1,1560,2,3,1,1
201320G013063,1,9,0,9,0,5,0,0,0,0,1,1,6,1,7,1997,1,7,3,1
201320G013063,2,1,0,18,0,8,0,0,0,0,1,1,6,1,10,-1,-1,-1,5,1
201320G013073,1,9,0,18,0,1,0,0,0,0,1,1,6,1,-1,1242,1,-1,-1,-1
201320G013073,2,9,0,8,0,1,0,0,0,0,2,1,6,2,10,2231,2,2,3,1
201320G013093,1,9,0,13,0,0,0,0,0,0,1,1,6,3,-1,-1,-1,-1,-1,-1
201320G013093,2,9,0,18,0,0,1,10,7,6,2,1,1,2,5,1368,1,7,5,1
201320G013143,1,9,0,18,0,1,0,10,1,1,1,1,6,2,6,3199,1,8,2,1
201320G013153,1,9,0,18,0,1,0,10,1,4,1,1,6,1,8,1796,1,3,3,1
201320G013163,1,9,0,9,0,5,0,0,0,0,4,1,6,1,-1,-1,-1,-1,-1,-1
201320G013163,2,3,0,18,0,8,0,0,0,0,1,1,1,1,4,125,1,4,2,1
201320G013173,1,9,0,18,0,6,0,0,3,2,4,1,6,1,9,1149,1,7,4,1
201320G013173,2,9,0,18,0,8,0,0,0,0,1,1,6,2,6,1896,2,10,1,1
201320G013183,1,9,0,18,0,0,2,7,7,7,1,1,6,1,4,1149,1,5,3,1
201320G013273,1,8,0,18,0,6,0,0,0,0,1,1,1,1,7,1910,2,5,1,1
201320G013273,2,9,0,18,0,8,0,0,1,10,4,1,6,1,5,1595,1,5,3,1
201320G013283,1,3,0,4,0,6,1,0,0,0,4,1,6,1,4,100,1,12,1,1
201320G013283,2,19,0,18,0,8,0,0,0,0,1,1,1,1,8,2143,2,2,1,1
201320G013293,1,9,0,18,0,0,0,0,0,0,1,1,6,1,5,-1,-1,-1,1,1
201320G013293,2,9,0,18,0,0,0,0,1,10,1,1,6,1,4,1199,1,13,1,1
201320G013313,1,9,0,5,0,0,0,0,0,0,1,1,2,2,6,1124,1,9,3,1
201320G013333,1,9,0,18,0,1,0,0,0,0,1,1,6,1,-1,1956,2,-1,-1,-1
201320G013333,2,9,0,14,0,1,0,0,0,0,2,1,6,1,7,1242,1,11,5,1
201320G013353,1,19,0,18,0,1,0,0,0,0,1,1,6,3,-1,-1,-1,-1,-1,-1
201320G013503,1,9,0,18,0,4,0,0,0,0,1,1,6,1,10,2776,2,7,3,1
201320G013503,2,9,0,18,0,4,0,0,0,0,4,1,2,1,6,1242,1,6,8,1
201320G500043,1,19,0,18,0,0,0,0,0,0,1,1,6,3,-1,-1,-1,-1,-1,-1
201320G500123,1,8,0,18,0,0,0,0,0,0,1,1,1,1,7,1896,2,7,1,1
201320G500133,1,9,0,14,0,0,0,0,0,0,1,1,6,1,9,2231,2,2,8,1
201320G500143,1,3,0,13,0,8,0,0,0,0,1,1,2,1,4,124,1,-1,-1,-1
201320G500143,2,9,0,9,0,8,0,0,0,0,3,1,6,2,7,1391,1,17,2,1
201320G500153,1,9,0,18,0,4,0,0,0,0,1,1,6,1,-1,1242,1,-1,-1,-1
201320G500153,2,9,0,9,0,4,0,0,7,2,3,1,6,2,6,1339,1,10,6,1
201320G500163,1,9,0,18,0,8,0,0,0,0,4,1,1,2,6,2204,2,2,6,1
201320G500163,2,9,0,18,0,8,0,0,0,0,1,1,6,1,6,1905,2,15,4,1
201320G500223,1,9,0,4,0,0,0,0,0,0,1,1,6,3,-1,-1,-1,-1,-1,-1
201320G500223,2,3,0,4,0,0,0,0,0,0,2,1,2,1,6,124,1,6,5,1
201320G500243,1,9,0,18,0,2,0,0,0,0,1,1,6,3,-1,-1,-1,-1,-1,-1
201320G500243,2,9,0,18,0,2,0,0,0,0,2,1,6,1,7,1199,1,13,3,1
201320G500263,1,9,0,18,0,1,0,0,0,0,1,1,6,1,8,1995,2,-1,9,1
201320G500263,2,9,0,10,0,1,0,0,0,0,2,1,6,2,7,1997,1,12,7,1
201320G500333,1,9,0,18,0,1,0,0,0,0,1,1,6,1,7,1598,1,1,-1,-1
201320G500333,2,9,0,3,0,1,0,0,0,0,2,1,6,2,7,1199,1,10,3,1
201320G500573,1,9,0,9,9,2,0,10,1,0,4,1,6,1,7,1991,1,14,1,1
201320G500593,1,9,0,18,0,8,0,0,0,0,1,1,6,2,7,1240,1,7,5,1
201320G500593,2,1,0,18,0,8,0,0,0,0,4,1,6,1,4,-1,-1,-1,1,1
201320G500603,1,9,0,7,0,8,0,0,0,0,1,1,6,1,8,2495,1,12,1,1
201320G500603,2,9,0,18,0,8,0,0,0,0,4,1,6,2,7,1124,1,8,1,1
201320G500603,3,9,0,18,0,8,0,0,0,0,1,1,6,1,9,-1,-1,-1,3,1
201320G500603,4,9,0,18,0,8,0,0,0,0,1,1,6,1,11,1461,2,-1,7,1
201320G500713,1,90,0,14,0,8,0,0,0,0,1,1,1,2,6,-1,-1,-1,10,1
201320G500713,2,9,0,9,0,8,0,0,0,0,3,1,2,2,11,1198,1,2,4,1
201320G501123,1,9,0,9,0,8,0,0,0,0,1,1,6,3,-1,1753,2,11,-1,-1
201320G501123,2,19,0,9,0,8,0,0,0,0,2,1,1,1,-1,1560,2,4,3,1
201320G501343,1,9,0,4,0,4,0,0,0,0,1,1,6,2,4,1149,1,12,2,1
201320G501343,2,9,0,18,0,3,0,0,0,0,2,1,6,1,7,1360,1,9,3,1
201320G501353,1,9,0,17,0,2,1,10,1,7,1,1,6,1,5,1229,1,-1,1,1
201320G602523,1,9,0,5,0,0,0,0,0,0,1,1,1,1,-1,-1,-1,-1,-1,-1
201320G602523,2,9,0,18,0,0,0,0,0,0,1,1,6,1,-1,-1,-1,-1,-1,-1
201320G614783,1,9,0,8,0,1,0,0,0,0,2,1,2,1,8,1686,2,2,6,1
201320G614783,2,9,0,18,0,1,0,0,0,0,1,1,6,1,-1,1997,2,13,3,1
201320H000213,1,9,0,18,0,1,0,0,0,0,1,1,6,3,-1,-1,-1,-1,-1,-1
201320H000263,1,9,0,18,0,8,0,0,1,10,4,1,6,1,-1,1149,1,13,-1,-1
201320H000263,2,9,0,18,0,8,0,0,0,0,1,1,6,1,5,2497,2,8,1,1
201320H000333,1,9,0,9,0,6,0,0,0,0,1,1,6,2,-1,-1,-1,-1,2,1
201320H000333,2,9,0,18,0,8,0,0,0,0,3,1,6,1,8,2997,1,10,4,1
201320H000363,1,9,0,18,0,2,0,0,0,0,1,1,6,1,8,1753,2,11,3,1
201320H000373,1,9,0,16,0,2,0,0,0,0,1,1,6,2,7,3189,1,6,4,1
201320H000373,2,9,0,17,0,1,0,0,1,0,1,1,6,2,8,998,1,-1,7,1
201320H000403,1,9,0,9,0,8,0,0,0,0,1,1,1,1,5,1242,1,12,2,1
201320H000403,2,2,0,18,0,8,0,0,0,0,1,1,6,1,6,49,1,13,1,1
201320H000453,1,9,0,18,0,1,0,0,0,0,1,1,6,2,7,1242,1,12,7,1
201320H000493,1,8,0,9,0,2,0,0,0,0,1,1,6,1,6,1560,2,6,2,1
201320H000573,1,9,0,5,0,6,0,0,0,0,4,1,6,2,7,1910,2,8,1,1
201320H000573,2,9,0,18,0,8,0,0,0,0,1,1,6,2,7,1749,1,8,2,1
201320H000583,1,10,0,9,0,5,0,0,0,0,1,1,6,1,8,2400,2,10,-1,-1
201320H000623,1,9,0,9,0,5,0,0,0,0,1,1,6,2,5,1124,1,8,3,2
201320H000623,2,9,0,18,0,8,0,0,0,0,1,1,2,1,5,2521,1,6,8,3
201320H000733,1,9,0,17,0,0,1,0,0,0,1,1,1,1,5,1968,2,5,7,1
201320H000733,2,9,0,16,0,0,0,0,0,0,1,1,1,2,7,1596,1,3,8,1
201320H000743,1,19,0,10,0,1,0,0,0,0,4,1,6,1,8,2198,2,3,2,1
201320H000773,1,9,0,13,0,0,0,0,0,0,4,1,6,2,6,1149,1,15,2,1
201320H000853,1,9,0,17,0,0,0,0,0,0,1,1,1,2,7,1587,1,8,7,1
201320H000853,2,9,0,3,0,0,0,0,0,0,2,1,6,1,10,1560,2,2,1,1
201320H001083,1,9,0,9,0,8,0,0,0,0,4,1,6,1,5,1108,1,18,9,1
201320H001083,2,3,0,18,0,8,0,0,0,0,1,1,2,1,5,124,1,17,5,2
201320H001183,1,9,0,1,0,2,0,0,0,0,2,1,6,1,-1,1390,1,12,-1,-1
201320H001183,2,9,0,3,0,1,0,0,0,0,1,1,6,2,6,1796,1,11,5,1
201320H001193,1,9,0,2,0,0,0,0,0,0,3,1,2,2,-1,-1,-1,-1,-1,-1
201320H001193,2,1,0,18,0,0,0,8,0,0,4,1,1,1,8,-1,-1,-1,2,1
201320H001213,1,9,0,18,0,8,0,0,0,0,1,1,6,1,6,1598,1,10,6,3
201320H001213,2,9,0,9,0,5,0,0,0,0,2,1,2,1,6,1242,1,7,5,1
201320H001383,1,9,0,9,0,6,0,0,0,0,1,1,6,2,10,1398,1,1,3,1
201320H001383,2,2,0,9,0,5,0,0,0,0,1,1,6,1,5,49,1,4,8,1
201320H001413,1,9,0,14,0,0,0,0,0,0,4,1,2,1,8,1242,1,2,1,1
201320H001423,1,9,0,5,0,6,0,0,0,0,0,1,6,1,10,4172,1,8,10,1
201320H001423,2,9,0,18,0,1,0,0,0,0,1,1,6,1,5,1299,1,12,4,1
201320H001423,3,9,0,18,0,1,0,0,0,0,2,1,6,1,6,-1,-1,-1,10,1
201320H001433,1,9,0,13,0,1,0,0,0,0,1,1,6,1,-1,2993,2,4,-1,-1