Accident_Index,Vehicle_Reference,Vehicle_Type,Towing_and_Articulation,Vehicle_Manoeuvre,Vehicle_Location-Restricted_Lane,Junction_Location,Skidding_and_Overturning,Hit_Object_in_Carriageway,Vehicle_Leaving_Carriageway,Hit_Object_off_Carriageway,1st_Point_of_Impact,Was_Vehicle_Left_Hand_Drive?,Journey_Purpose_of_Driver,Sex_of_Driver,Age_Band_of_Driver,Engine_Capacity_(CC),Propulsion_Code,Age_of_Vehicle,Driver_IMD_Decile,Driver_Home_Area_Type
201320J006023,2,9,0,7,0,1,0,0,1,10,2,1,6,1,6,1753,2,9,1,1
201320J006033,1,9,0,9,0,4,0,0,0,0,1,1,6,1,10,1598,1,3,4,1
201320J006033,2,5,0,5,0,4,0,0,0,0,1,1,6,1,7,1063,1,21,4,1
201320J006043,1,9,0,9,0,5,0,0,0,0,4,1,6,2,9,1686,2,2,2,1
201320J006043,2,19,0,18,0,8,0,0,0,0,1,1,1,1,8,1910,2,3,9,1
201320J006053,1,9,0,16,0,8,0,0,8,10,3,1,2,1,7,1796,1,10,7,1
201320J006073,1,9,0,17,0,0,1,0,7,4,4,1,6,1,7,1242,1,9,9,1
201320J006093,1,1,0,18,0,4,0,0,0,0,1,1,1,1,5,-1,-1,-1,2,1
201320J006093,2,9,0,18,0,8,0,0,0,0,1,1,1,1,6,1910,2,6,2,1
201320J006103,1,9,0,18,0,6,1,0,0,0,1,1,6,1,-1,1968,2,6,-1,-1
201320J006103,2,9,0,18,0,8,0,0,0,0,1,1,6,2,4,998,1,-1,3,1
201320J006113,1,9,0,18,0,3,1,10,1,2,1,1,6,3,-1,1242,1,7,-1,-1
201320J006213,1,9,0,18,0,4,0,0,0,0,1,1,3,2,11,1598,1,11,1,1
201320J006213,2,9,0,18,0,6,0,0,0,0,1,1,1,2,7,998,1,2,3,1
201320J006223,1,5,0,13,0,8,1,0,0,0,1,1,6,1,9,553,1,32,7,1
201320J006223,2,9,0,6,0,8,0,0,0,0,3,1,6,1,10,1390,1,2,2,1
201320J006233,1,9,0,9,0,6,0,0,0,0,1,1,6,3,-1,-1,-1,-1,-1,-1
201320J006233,2,3,0,16,0,2,0,0,0,0,3,1,6,1,4,125,1,10,4,1
201320J006263,1,9,0,5,0,4,0,0,0,0,1,1,6,2,7,1591,1,3,9,1
201320J006263,2,1,0,5,0,8,0,0,0,0,3,1,6,1,6,-1,-1,-1,2,1
201320J006273,1,9,0,18,0,3,0,0,0,0,1,1,6,1,7,1596,1,11,4,1
201320J006273,2,9,0,18,0,1,0,0,0,0,1,1,6,2,6,1124,1,10,3,1
201320J006283,1,9,0,9,0,6,0,0,0,0,1,1,2,2,8,973,1,10,3,1
201320J006283,2,9,0,18,0,8,0,10,7,2,4,1,2,1,7,1598,1,10,3,1
201320J006353,1,9,0,18,0,1,0,0,0,0,1,1,6,2,-1,-1,-1,-1,-1,-1
201320J006403,1,9,0,18,0,8,0,0,0,0,1,1,1,1,8,-1,-1,-1,7,1
201320J006403,2,8,0,18,0,8,0,0,0,0,3,1,1,1,8,1997,2,7,3,1
201320J006423,1,9,0,6,0,0,0,0,0,0,3,1,6,1,6,1396,1,9,2,1
201320J006423,2,5,0,14,0,0,0,0,0,0,1,1,6,1,6,600,1,11,1,1
201320J006463,1,9,0,18,0,8,0,0,0,0,1,1,6,2,-1,1968,2,6,1,1
201320J006463,2,3,0,9,0,8,0,0,0,0,2,1,2,1,4,124,1,11,2,1
201320J006483,1,3,0,17,0,0,0,10,7,10,1,1,6,1,4,125,1,9,2,1
201320J006513,1,1,0,5,0,0,0,0,0,0,3,1,6,1,7,-1,-1,-1,2,1
201320J006513,2,9,0,14,0,0,0,0,0,0,1,1,6,2,7,1339,1,6,10,1
201320J006663,1,8,0,9,0,2,0,0,0,0,1,1,2,1,7,1997,2,7,3,1
201320J006673,1,9,0,11,0,1,0,0,0,0,3,1,6,1,-1,1229,1,6,-1,-1
201320J006673,2,9,0,4,0,1,0,0,0,0,4,1,6,2,4,1124,1,13,3,1
201320J006683,1,9,0,4,0,1,0,0,0,0,1,1,6,2,-1,-1,-1,-1,-1,-1
201320J006683,2,5,0,8,0,1,0,0,0,0,2,1,2,1,5,599,1,17,6,1
201320J006703,1,9,0,18,0,1,0,0,0,0,1,1,6,3,-1,-1,-1,-1,-1,-1
201320J006703,2,9,0,3,0,1,0,0,0,0,2,1,6,2,6,-1,-1,-1,5,1
201320J006713,1,9,0,9,0,6,0,0,0,0,1,1,6,2,11,1329,1,2,6,1
201320J006723,1,9,0,1,0,0,0,0,0,0,2,1,6,1,-1,1796,1,12,-1,-1
201320J006733,1,9,0,5,0,4,0,0,0,0,1,1,6,1,7,1598,2,1,3,1
201320J006733,2,1,0,18,0,8,0,0,0,0,2,1,6,1,5,-1,-1,-1,3,1
201320J006763,1,9,0,18,0,0,0,0,0,0,1,1,2,2,7,-1,-1,-1,1,1
201320J006763,2,9,0,18,0,0,0,0,0,0,2,1,2,1,9,1587,1,6,1,1
201320J006763,3,9,0,18,0,0,0,0,0,0,3,1,2,2,6,1598,1,7,1,1
201320J006853,1,9,0,18,0,1,0,0,1,2,1,1,1,2,6,1560,2,5,2,1
201320J006853,2,9,0,3,0,1,0,0,0,0,2,1,1,2,8,1598,1,10,6,1
201320J006853,3,9,0,3,0,1,0,0,0,0,2,1,1,2,6,1586,1,7,1,1
201320J006853,4,9,0,18,0,1,0,0,0,0,1,1,1,1,7,1598,2,2,10,1
201320J006873,1,9,0,17,0,0,1,0,0,0,2,1,2,1,5,1798,1,5,6,1
201320J006873,2,9,0,16,0,0,0,0,0,0,1,1,6,2,8,1590,1,11,2,1
201320J006883,1,9,0,18,0,0,0,0,0,0,1,1,6,1,10,2800,2,18,6,1
201320J006893,1,9,0,14,0,1,0,0,0,0,3,1,6,1,5,1598,1,5,3,1
201320J006893,2,9,0,18,0,2,0,0,0,0,3,1,6,1,6,1995,2,1,6,1
201320J006903,1,9,0,18,0,8,0,0,1,0,1,1,6,1,4,1229,1,8,10,1
201320J006903,2,8,0,18,0,8,0,0,1,1,1,1,1,1,8,1997,2,8,1,1
201320J006923,1,9,0,7,0,1,0,0,0,0,4,1,6,2,5,1896,2,9,2,1
201320J006923,2,1,0,18,0,1,0,10,0,0,3,1,1,1,8,-1,-1,-1,9,1
201320J006993,1,9,0,18,0,2,0,0,0,0,3,1,6,1,7,1753,2,9,2,1
201320J007003,1,9,0,9,2,5,0,0,0,0,1,1,6,1,9,1798,1,5,10,1
201320J007003,2,3,0,5,2,8,0,0,0,0,1,1,6,1,8,124,1,7,2,1
201320J007083,1,9,0,13,0,1,0,0,0,0,1,1,6,1,-1,1984,1,12,-1,-1
201320J007083,2,1,0,18,0,1,0,0,0,0,3,1,6,1,7,-1,-1,-1,2,1
201320J007133,1,9,0,5,0,0,0,0,0,0,1,1,1,1,8,1781,1,19,10,1
201320J007323,1,9,0,18,0,0,0,4,0,0,1,1,6,2,4,1598,2,-1,6,1
201320J007323,2,9,0,2,0,0,0,0,0,0,1,1,6,2,-1,1995,2,11,-1,-1
201320J007333,1,9,0,9,0,8,0,0,0,0,3,1,6,2,-1,-1,-1,-1,-1,-1
201320J007333,2,3,0,7,0,3,0,0,0,0,4,1,6,1,5,124,1,3,2,1
201320J007353,1,9,0,18,0,0,0,0,0,0,4,1,6,2,4,1364,1,6,8,1
201320J007363,1,9,0,7,0,5,0,0,0,0,3,1,6,2,9,1360,1,6,7,1
201320J007363,2,9,0,10,0,1,0,0,0,0,3,1,6,2,9,1598,1,3,2,1
201320J007383,1,9,0,9,0,2,0,0,0,0,3,1,1,1,7,1753,2,10,2,1
201320J007383,2,1,0,18,0,1,0,0,0,0,1,1,6,1,10,-1,-1,-1,6,1
201320J007393,1,9,0,17,9,0,1,10,2,7,1,1,6,1,10,1997,2,11,7,1
201320J007403,1,9,0,7,0,5,0,0,0,0,4,1,6,1,-1,-1,-1,-1,-1,-1
201320J007403,2,1,0,18,0,8,0,0,0,0,1,1,6,1,8,-1,-1,-1,10,1
201320J007413,1,9,0,9,0,5,0,0,0,0,1,1,6,1,6,1968,2,4,5,1
201320J007413,2,4,0,18,0,8,0,0,0,0,3,1,6,1,6,1170,1,1,9,2
201320J007423,1,19,0,18,0,0,0,0,0,0,1,1,1,1,6,2464,2,5,2,1
201320J007423,2,9,0,3,0,0,0,0,0,0,2,1,2,1,7,2720,2,7,9,1
201320J007423,3,9,0,3,0,0,0,0,0,0,2,1,6,2,7,1998,2,7,4,1
201320J007423,4,9,0,3,0,0,0,0,0,0,2,1,6,2,5,1390,1,13,7,1
201320J007433,1,9,0,18,0,0,2,10,1,0,2,1,6,3,-1,1149,1,8,-1,-1
201320J007433,2,9,0,18,0,0,1,0,0,0,1,1,6,1,4,1390,1,17,2,1
201320J007433,3,9,0,2,9,0,0,0,0,0,2,1,6,1,-1,998,1,9,-1,-1
201320J007433,4,9,0,2,9,0,0,0,0,0,2,1,6,1,-1,1598,1,8,-1,-1
201320J007433,5,9,0,2,9,0,0,0,0,0,4,1,6,2,-1,1364,1,4,-1,-1
201320J007443,1,9,0,9,0,8,0,0,0,0,3,1,2,1,8,1985,1,12,8,1
201320J007443,2,3,0,5,0,8,0,0,0,0,1,1,6,1,4,125,1,-1,7,1
201320J007453,1,9,0,9,0,6,0,0,1,2,1,1,6,1,5,1995,2,1,3,1
201320J007453,2,9,0,18,0,8,0,0,0,0,1,1,6,1,7,2993,2,3,1,1
201320J007463,1,9,0,7,0,6,0,0,0,0,1,1,6,1,-1,-1,-1,-1,-1,-1
201320J007463,2,9,0,18,0,8,0,0,0,0,4,1,1,2,9,1242,1,-1,3,1
201320J007473,1,8,0,5,0,1,0,0,0,0,1,1,1,1,8,1997,2,6,3,1
201320J007473,2,1,0,10,0,1,0,0,0,0,2,1,6,2,9,-1,-1,-1,7,1
201320J007483,1,9,0,9,0,1,0,0,0,0,1,1,6,1,4,1229,1,3,9,1
201320J007483,2,9,0,18,0,2,0,0,0,0,1,1,6,2,6,1149,1,8,2,1
201320J007493,1,9,0,16,0,3,0,0,0,0,1,1,6,1,5,1396,1,11,6,1
201320J007643,1,9,0,9,0,6,0,0,0,0,3,1,6,1,8,3798,1,1,8,1
201320J007643,2,5,0,18,0,8,0,0,0,0,1,1,6,2,8,883,1,3,8,1
201320J007693,1,21,1,18,0,4,0,0,0,0,1,1,1,3,-1,-1,-1,-1,-1,-1
201320J007743,1,21,1,5,0,1,0,0,0,0,4,1,1,1,9,11967,2,2,1,1
201320J007743,2,1,0,3,0,1,0,0,0,0,3,1,2,1,8,-1,-1,-1,8,1
201320J007753,1,9,0,18,0,8,0,0,1,0,1,1,6,1,5,1198,1,1,3,1
201320J007753,2,9,0,18,0,8,0,0,0,0,3,1,6,1,6,1896,2,8,3,1
201320J007753,3,9,0,18,0,1,0,0,0,0,1,1,6,1,8,1198,1,10,3,1
201320J007763,1,9,0,9,0,6,0,0,0,0,1,1,6,2,8,1389,1,10,5,1
201320J007763,2,9,0,18,0,1,0,0,0,0,4,1,6,2,9,1798,1,5,2,1
201320J007773,1,9,0,5,0,1,0,0,0,0,1,1,2,1,7,1999,1,11,2,1
201320J007773,2,9,0,5,0,1,0,0,0,0,2,1,2,1,10,1390,1,9,-1,-1
201320J007783,1,9,0,18,0,0,0,10,0,0,1,1,6,2,10,1398,1,12,7,1
201320J007783,2,9,0,18,0,0,0,0,0,0,3,1,6,2,7,1796,1,1,4,1
201320J007823,1,9,0,18,0,0,0,0,0,0,1,1,6,2,6,1598,1,11,6,1
201320J007823,2,19,0,2,0,0,0,0,0,0,4,1,6,1,7,2402,2,8,5,1
201320J007893,1,9,0,18,0,0,0,0,0,0,1,1,6,2,7,2993,2,3,4,1
201320J007913,1,9,0,18,0,0,1,0,0,0,1,1,3,1,5,1598,1,17,1,1
201320J007923,1,9,0,18,0,0,1,10,7,2,1,1,6,1,5,1796,1,10,3,1
201320J007923,2,9,0,18,0,0,0,0,0,0,0,1,1,1,-1,1968,2,2,-1,-1
201320J007943,1,9,0,18,0,0,1,0,0,0,1,1,6,1,4,1587,2,17,-1,-1
201320J007943,2,9,0,18,0,0,1,0,0,0,2,1,6,1,5,1686,2,8,2,1
201320J007943,3,11,0,18,0,0,0,0,0,0,1,1,1,1,6,4461,2,-1,3,1
201320J007973,1,9,0,18,0,0,0,0,0,0,1,1,6,1,10,1360,1,10,10,1
201320J007973,2,9,0,18,0,0,0,0,0,0,1,1,1,1,6,1598,1,12,7,1
201320J007983,1,9,0,18,0,2,0,0,0,0,1,1,6,1,10,1598,1,3,9,1
201320J007993,1,9,0,18,0,0,0,0,0,0,1,1,6,1,8,2179,2,10,2,1
201320J007993,2,9,0,4,0,0,0,0,0,0,2,1,6,2,5,1598,1,7,3,1
201320J007993,3,9,0,3,0,0,0,0,0,0,0,1,6,1,6,1108,1,14,1,1
201320J008003,1,9,0,6,0,2,0,0,0,0,3,1,6,1,5,998,1,8,7,1
201320J008003,2,3,0,13,0,2,2,0,0,0,1,1,6,1,4,125,1,1,8,1
201320J008033,1,90,0,18,0,2,5,0,0,0,1,1,6,1,5,197,1,6,1,1
201320J008033,2,9,0,2,0,1,0,0,0,0,1,1,6,1,-1,1198,1,10,1,1
201320J008043,1,9,0,9,0,8,0,0,0,0,3,1,1,2,8,998,1,4,3,1
201320J008043,2,1,0,9,0,8,0,0,0,0,1,1,6,2,5,-1,-1,-1,8,1
201320J008053,1,9,0,5,0,1,0,0,7,0,1,1,1,2,7,998,1,4,3,1
201320J008053,2,9,0,18,0,2,0,0,0,0,4,1,6,1,11,1242,1,2,10,1
201320J008073,1,5,0,18,0,2,0,4,0,0,1,1,6,1,7,893,1,18,-1,-1
201320J008073,2,9,0,2,0,2,0,0,0,0,2,1,6,1,-1,1398,1,3,-1,-1
201320J008083,1,3,0,18,0,8,0,0,0,0,1,1,6,1,6,599,1,5,3,1
201320J008083,2,9,0,9,0,8,0,0,0,0,4,1,6,2,7,1124,1,8,2,1
201320J008093,1,9,0,13,0,1,0,0,0,0,1,1,6,1,9,1997,2,13,6,1
201320J008093,2,9,0,9,0,1,0,0,0,0,1,1,6,1,6,1753,2,12,3,1
201320J008133,1,9,0,6,0,0,0,0,0,0,3,1,6,2,4,1199,1,12,2,1
201320J008133,2,9,0,18,0,0,0,10,7,1,4,1,6,1,8,1598,1,5,4,1
201320J008153,1,19,0,7,0,5,0,0,0,0,4,1,2,1,5,2198,2,1,9,1
201320J008153,2,1,0,18,0,1,0,0,0,0,1,1,2,1,7,-1,-1,-1,5,1
201320J008163,1,9,0,18,0,0,0,0,0,0,1,1,6,1,6,1598,1,10,1,1
201320J008343,1,9,0,1,0,6,0,0,0,0,2,1,6,1,8,1686,2,11,9,1
201320J008343,2,4,0,14,0,8,0,0,0,0,1,1,6,1,4,499,1,11,9,1
201320J008363,1,10,0,18,0,1,0,0,0,0,1,1,6,1,8,-1,-1,-1,3,1
201320J008363,2,2,0,3,0,1,0,0,0,0,2,1,6,1,6,49,1,1,1,1
201320J008373,1,9,0,4,0,1,0,0,0,0,1,1,6,2,-1,1796,1,13,-1,-1
201320J008373,2,9,0,8,0,1,0,0,0,0,2,1,6,2,6,1390,1,9,5,1
201320J008383,1,3,0,16,0,1,0,0,3,10,1,1,6,1,4,124,1,2,4,1
201320J008423,1,9,0,3,0,2,0,0,0,0,2,1,6,2,9,1339,8,4,7,1
201320J008423,2,8,0,18,0,2,0,0,0,0,1,1,6,3,-1,-1,-1,-1,-1,-1
201320J008443,1,9,0,18,0,6,0,0,0,0,3,1,6,1,6,1747,1,11,1,1
201320J008443,2,9,0,18,0,8,0,0,0,0,1,1,6,1,4,1124,1,18,6,1
201320J008553,1,19,0,18,0,3,0,0,0,0,1,1,6,1,6,-1,-1,-1,5,1
201320J008733,1,9,0,18,0,8,0,0,0,0,1,1,1,1,7,1560,2,3,2,1
201320J008733,2,9,0,3,0,8,0,0,0,0,2,1,2,1,7,1896,2,13,3,1
201320J008753,1,9,0,18,0,1,0,0,0,0,1,1,6,1,6,1560,2,1,6,1
201320J008753,2,9,0,8,0,1,0,0,0,0,2,1,6,2,7,1999,1,6,6,1
201320J008773,1,19,0,18,0,0,0,0,0,0,4,1,1,1,7,2402,2,10,1,1
201320J008773,2,1,0,18,0,0,0,0,0,0,3,1,6,1,8,-1,-1,-1,1,1
201320J008793,1,9,0,9,0,6,0,0,0,0,1,1,6,1,7,1910,2,5,2,1
201320J008793,2,5,0,18,0,8,0,0,0,0,4,1,6,1,7,1137,1,12,3,1
201320J008853,1,9,0,9,0,6,0,0,0,0,1,1,6,2,10,1339,1,1,9,1
201320J008873,1,9,0,13,0,1,0,0,0,0,1,1,6,1,-1,1753,2,3,9,1
201320J008873,2,1,0,9,0,1,0,0,0,0,1,1,1,1,8,-1,-1,-1,9,1
201320J008923,1,19,0,1,0,1,0,0,0,0,2,1,6,1,8,2494,2,7,9,1
201320J008933,1,9,0,14,0,1,1,4,0,0,1,1,6,1,6,2099,2,8,3,1
201320J008933,2,9,0,2,0,1,0,0,1,0,2,1,6,1,9,1396,1,-1,9,1
201320J008943,1,9,0,9,0,2,0,0,0,0,4,1,6,1,7,1396,1,14,2,1
201320J008953,1,9,0,18,0,1,0,0,0,0,1,1,6,1,5,1968,2,5,9,1
201320J008963,1,9,0,9,0,2,0,7,1,10,1,1,6,2,10,796,1,6,7,1
201320J008963,2,1,0,18,0,1,0,0,0,0,1,1,6,1,5,-1,-1,-1,1,1
201320J009163,1,9,0,9,0,5,0,0,0,0,4,1,6,2,11,1596,1,5,4,1
201320J009163,2,9,0,18,0,8,0,0,0,0,1,1,2,2,7,-1,-1,-1,2,1
201320J009193,1,9,0,18,0,8,0,0,0,0,1,1,6,1,4,1598,1,-1,2,1
201320J009193,2,9,0,3,0,1,0,0,0,0,2,1,1,1,8,1984,2,7,1,1
201320J009373,1,11,0,18,0,0,1,0,0,0,1,1,1,1,8,6700,2,4,6,1
201320J009413,1,3,0,16,0,3,1,0,0,0,1,1,6,1,5,124,1,4,9,1
201320J009413,2,9,0,4,0,1,0,0,0,0,1,1,6,1,10,1400,2,7,-1,-1
201320J009423,1,8,0,9,0,3,0,0,0,0,1,1,1,1,7,1910,2,7,1,1
201320J009423,2,1,0,9,0,3,0,0,0,0,2,1,6,1,11,-1,-1,-1,5,1
201320J009433,1,9,0,18,0,8,0,0,0,0,1,1,6,2,8,998,1,12,5,1
201320J009433,2,9,0,18,0,8,0,0,1,10,3,1,1,1,7,-1,-1,-1,9,1
201320J009433,3,9,0,2,9,2,0,0,0,0,3,1,6,3,-1,1997,1,9,-1,-1
201320J009443,1,19,0,18,0,1,0,4,7,1,1,1,6,1,7,2148,2,7,9,1
201320J009443,2,9,0,18,0,2,0,0,0,0,1,1,6,1,6,1598,1,10,2,1
201320J009443,3,19,0,18,0,2,0,0,0,0,1,1,6,1,7,2198,2,2,9,1
201320J009443,4,9,0,2,0,2,0,0,0,0,4,1,6,1,-1,1900,2,14,5,1
201320J009443,5,9,0,3,0,2,0,0,0,0,4,1,6,1,4,1229,1,7,10,1
201320J009463,1,9,0,4,0,0,0,0,0,0,1,1,1,1,8,2993,2,1,9,2
201320J009463,2,9,0,3,0,0,0,0,0,0,2,1,6,2,10,1397,1,3,9,1
201320J009463,3,9,0,3,0,0,0,0,0,0,2,1,1,1,8,1951,2,11,8,2
201320J009493,1,9,0,18,0,0,2,10,1,10,4,1,6,1,5,1998,1,12,3,1
201320J009493,2,9,0,2,9,0,0,0,0,0,4,1,6,1,9,698,1,7,3,1
201320J009583,1,9,0,4,0,1,0,0,0,0,1,1,6,2,8,1995,2,3,8,1
201320J009583,2,9,0,3,0,1,0,0,0,0,2,1,6,2,9,1360,1,9,2,1
201320J009643,1,1,0,18,0,1,0,0,0,0,3,1,4,1,3,-1,-1,-1,1,1
201320J009643,2,9,0,18,0,1,0,0,0,0,1,1,2,1,8,1834,1,10,8,1
201320J009653,1,9,0,9,0,5,0,0,0,0,4,1,6,1,11,1598,1,12,6,1
201320J009653,2,3,0,18,0,8,2,0,0,0,1,1,6,1,4,-1,-1,-1,8,3
201320J009673,1,9,0,18,0,8,0,10,1,1,3,1,2,1,4,1896,2,10,2,1
201320J009673,2,8,0,18,0,8,0,0,3,0,1,1,1,1,6,1998,2,4,1,1
201320J009683,1,19,0,18,0,0,0,0,0,0,4,1,1,1,7,2402,2,11,2,1
201320J009703,1,9,0,9,0,6,0,0,0,0,1,1,6,1,6,1149,1,8,7,1
201320J009703,2,9,0,18,0,8,0,0,0,0,1,1,2,2,5,1242,1,10,3,1
201320J009713,1,9,0,17,0,2,1,0,2,10,1,1,2,2,5,1299,1,11,-1,-1
201320J009723,1,9,0,4,0,2,1,0,0,0,1,1,6,2,5,1360,1,10,10,1
201320J009723,2,9,0,4,0,2,1,0,0,0,2,1,2,1,10,998,1,7,3,1
201320J009723,3,9,0,4,0,2,1,0,0,0,2,1,2,1,6,1124,1,9,2,1
201320J009723,4,9,0,4,0,2,1,0,0,0,2,1,2,2,6,1560,2,-1,1,1
201320J009743,1,9,0,4,0,1,0,0,0,0,2,1,6,1,7,1493,2,5,7,1
201320J009743,2,9,0,4,0,1,0,0,0,0,1,1,6,2,-1,2521,1,6,-1,-1
201320J009763,1,19,0,18,0,0,0,0,0,0,1,1,1,1,8,2300,2,7,3,1
201320J009763,2,1,0,18,0,0,0,0,0,0,2,1,6,1,8,-1,-1,-1,10,1
201320J009783,1,9,0,18,0,1,1,0,0,0,1,1,6,1,8,1600,2,4,-1,-1
201320J009783,2,9,0,3,0,1,0,0,0,0,2,1,6,2,7,1598,1,1,4,1
201320J009783,3,9,0,3,0,1,0,0,0,0,3,1,1,1,6,1229,1,1,1,1
201320J009883,1,9,0,5,0,1,0,0,0,0,1,1,6,3,-1,-1,-1,-1,-1,-1
201320J009883,2,3,0,5,0,1,0,0,0,0,2,1,1,2,5,-1,-1,-1,2,1
201320J009923,1,9,0,12,0,1,0,0,0,0,3,1,2,2,9,1368,1,4,9,1
201320J009923,2,3,0,5,0,1,0,0,0,0,4,1,2,1,4,124,1,5,9,1
201320J010063,1,9,0,9,0,6,0,0,0,0,0,1,6,2,4,1396,1,15,3,1
201320J010063,2,5,0,18,0,1,0,0,0,0,0,1,2,1,9,1261,1,9,1,1
201320J010073,1,9,0,17,0,2,0,10,7,0,1,1,6,1,10,1364,1,8,5,1
201320J010083,1,9,0,14,0,5,0,0,0,0,3,1,6,1,5,1995,2,6,8,1
201320J010083,2,9,0,14,0,1,0,0,0,0,3,1,6,1,6,2496,2,10,7,1
201320J010113,1,1,0,18,0,0,0,0,0,0,1,1,1,1,6,-1,-1,-1,4,1
201320J010113,2,9,0,18,0,0,0,0,0,0,4,1,1,2,7,1149,1,8,3,1
201320J010123,1,9,0,14,0,0,0,0,0,0,4,1,6,1,-1,-1,-1,-1,-1,-1
201320J010153,1,9,0,16,0,4,0,0,0,0,4,1,6,1,10,1956,2,2,6,1
201320J010153,2,1,0,16,0,4,0,0,0,0,1,1,6,2,4,-1,-1,-1,5,1
201320J010163,1,9,0,5,0,1,0,0,0,0,1,1,6,1,-1,1896,2,10,-1,-1
201320J010163,2,9,0,3,0,1,0,0,0,0,2,1,1,1,6,1998,2,7,1,1
201320J010173,1,9,0,4,0,6,0,0,3,10,1,1,6,1,6,1749,1,9,2,1
201320J010173,2,9,0,18,0,8,0,0,0,0,4,1,6,1,6,998,1,1,8,1
201320J010233,1,9,0,18,0,0,0,0,0,0,0,1,6,3,-1,-1,-1,-1,-1,-1
201320J010233,2,11,0,18,0,0,0,0,0,0,0,1,1,1,-1,-1,2,15,-1,-1
201320J010263,1,3,0,14,0,8,0,0,0,0,1,1,6,1,5,125,1,4,3,1
201320J010263,2,9,0,9,0,5,0,0,0,0,4,1,6,1,7,1968,2,6,1,1
201320J010273,1,9,0,4,0,8,0,0,0,0,1,1,6,1,7,1794,1,9,5,1
201320J010273,2,9,0,4,0,8,0,0,0,0,2,1,6,2,6,-1,-1,-1,4,1
201320J010273,3,9,0,7,0,6,0,0,0,0,0,1,1,1,-1,2993,2,1,1,1
201320J010273,4,9,0,7,0,6,0,0,0,0,0,1,1,1,-1,2993,2,-1,1,1
201320J010293,1,1,0,7,0,8,0,0,0,0,1,1,6,1,3,-1,-1,-1,2,1
201320J010293,2,9,0,18,0,8,0,0,0,0,3,1,6,2,8,998,1,11,5,1
201320J010313,1,2,0,13,0,8,0,0,0,0,1,1,2,1,4,50,1,10,2,1
201320J010313,2,9,0,9,0,5,0,0,0,0,3,1,2,2,8,1368,1,4,6,1
201320J010333,1,9,0,18,0,0,0,0,0,0,4,1,6,1,-1,-1,-1,-1,-1,-1
201320J010343,1,9,0,18,0,8,0,0,0,0,1,1,6,1,11,1299,1,12,4,1
201320J010363,1,9,0,18,0,0,0,0,0,0,1,1,6,1,-1,2183,2,2,-1,-1
201320J010373,1,9,0,18,0,1,0,0,0,0,1,1,6,3,-1,-1,-1,-1,-1,-1
201320J010383,1,9,0,18,0,1,0,0,0,0,1,1,1,2,-1,1956,2,-1,2,1
201320J010383,2,19,0,4,0,1,0,0,0,0,2,1,1,1,-1,1997,2,-1,3,1
201320J010393,1,11,0,18,0,8,0,0,0,0,4,1,1,1,4,11967,2,15,6,1
201320J010393,2,9,0,1,0,8,0,0,0,0,2,1,6,3,-1,998,1,12,-1,-1
201320J010423,1,9,0,7,0,5,0,0,0,0,0,1,6,3,-1,-1,-1,-1,-1,-1
201320J010423,2,11,0,18,0,8,0,0,0,0,0,1,6,1,8,6700,2,4,5,1
201320J010443,1,9,0,18,0,0,5,10,5,6,3,1,1,1,8,-1,-1,-1,5,3
201320J010453,1,9,0,18,0,0,1,0,0,0,1,1,6,2,9,1199,1,10,3,1
201320J010453,2,9,0,18,0,0,0,0,0,0,2,1,6,2,6,-1,-1,-1,10,1
201320J010493,1,9,0,18,0,1,0,0,0,0,1,1,6,2,7,2495,2,9,7,1
201320J010503,1,9,0,18,0,4,0,0,0,0,1,1,2,2,4,1299,1,11,4,1
201320J010503,2,9,0,18,0,4,0,0,0,0,1,1,2,2,5,1910,2,5,1,1
201320J010513,1,9,0,18,0,0,0,0,0,0,1,1,6,1,4,1242,1,15,9,1
201320J010513,2,9,0,18,0,0,0,0,0,0,1,1,6,1,7,1968,2,1,6,1
201320J010773,1,9,0,9,0,8,0,0,0,0,0,1,6,1,-1,-1,-1,-1,-1,-1
201320J010773,2,3,0,18,0,1,1,0,0,0,4,1,6,1,4,-1,-1,-1,9,1
201320J010863,1,9,0,9,0,2,0,0,0,0,1,1,1,2,5,1149,1,5,9,1
201320J010863,2,9,0,18,0,1,0,0,0,0,3,1,1,2,4,1299,1,11,8,1
201320J010873,1,1,0,18,0,0,0,0,0,0,4,1,6,2,3,-1,-1,-1,4,1
201320J010873,2,4,0,13,0,0,0,0,0,0,3,1,6,1,-1,-1,-1,-1,-1,-1
201320J010883,1,9,0,18,0,0,0,0,0,0,1,1,6,2,8,1560,2,3,5,1
201320J010903,1,9,0,7,0,4,0,0,0,0,1,1,6,1,10,1490,1,4,2,1
201320J010923,1,9,0,9,0,8,0,0,0,0,1,1,2,2,7,2184,2,9,3,1
201320J010923,2,9,0,18,0,8,0,0,0,0,1,1,2,2,8,1242,1,3,2,1
201320J010933,1,9,0,5,0,1,0,0,0,0,1,1,6,2,6,1398,1,10,2,1
201320J010933,2,2,0,3,0,1,0,0,0,0,3,1,6,2,5,50,1,5,7,1