Accident_Index,Vehicle_Reference,Vehicle_Type,Towing_and_Articulation,Vehicle_Manoeuvre,Vehicle_Location-Restricted_Lane,Junction_Location,Skidding_and_Overturning,Hit_Object_in_Carriageway,Vehicle_Leaving_Carriageway,Hit_Object_off_Carriageway,1st_Point_of_Impact,Was_Vehicle_Left_Hand_Drive?,Journey_Purpose_of_Driver,Sex_of_Driver,Age_Band_of_Driver,Engine_Capacity_(CC),Propulsion_Code,Age_of_Vehicle,Driver_IMD_Decile,Driver_Home_Area_Type
201320K007963,1,9,0,12,0,2,0,0,0,0,1,1,6,1,7,1364,1,3,1,1
201320K007973,1,9,0,18,0,0,2,0,1,1,3,1,6,2,6,1398,1,-1,4,1
201320K008003,1,5,0,18,0,8,0,0,0,0,1,1,2,1,6,955,1,12,3,1
201320K008003,2,9,0,10,0,8,0,0,0,0,3,1,2,2,8,1108,1,3,5,1
201320K008033,1,9,0,18,0,1,0,0,0,0,1,1,2,1,-1,1896,2,6,4,1
201320K008033,2,9,0,4,0,1,0,0,0,0,2,1,2,2,6,1399,2,1,1,1
201320K008043,1,9,0,9,0,6,0,0,0,0,1,1,6,1,6,1910,2,8,1,1
201320K008043,2,9,0,17,0,8,1,0,0,0,1,1,6,1,5,1995,2,1,2,1
201320K008063,1,9,0,13,0,0,2,0,1,2,4,1,6,1,5,1968,2,7,2,1
201320K008063,2,9,0,17,0,0,0,0,0,0,3,1,6,1,4,1796,1,12,9,2
201320K008163,1,9,0,18,0,0,0,0,0,0,1,1,6,1,10,1951,2,8,6,1
201320K008163,2,9,0,18,0,0,0,0,0,0,1,1,6,1,6,1995,2,1,1,1
201320K008173,1,9,0,9,0,5,0,0,0,0,1,1,6,1,7,-1,-1,-1,-1,-1
201320K008173,2,9,0,18,0,8,1,0,0,0,1,1,6,2,7,2148,2,9,8,1
201320K008193,1,9,0,18,0,1,0,0,0,0,1,1,6,2,7,1598,1,1,1,1
201320K008193,2,9,0,9,0,5,0,0,0,0,2,1,6,2,6,1998,1,12,2,1
201320K008253,1,9,0,18,0,0,0,0,0,0,1,1,6,1,6,1600,2,3,9,1
201320K008253,2,9,0,18,0,0,0,0,0,0,1,1,6,1,7,1461,2,9,2,1
201320K008303,1,1,0,18,9,8,0,0,0,0,1,1,6,1,8,-1,-1,-1,1,1
201320K008303,2,9,0,7,9,8,0,0,0,0,1,1,1,1,5,-1,-1,-1,10,1
201320K008503,1,9,0,17,0,0,1,10,1,2,2,1,6,1,6,1781,1,9,2,1
201320K008563,1,9,0,1,0,1,0,0,0,0,2,1,6,2,6,998,1,5,4,1
201320K008593,1,9,0,18,0,8,0,0,0,0,3,1,6,1,5,-1,-1,-1,2,1
201320K008593,2,9,0,9,0,6,0,0,0,0,4,1,6,2,7,1329,1,-1,1,1
201320K008603,1,5,0,13,0,8,5,0,0,0,1,1,6,1,4,599,1,11,1,1
201320K008603,2,9,0,9,0,5,0,0,0,0,3,1,6,1,10,2198,1,11,2,1
201320K008683,1,9,0,9,0,8,0,0,0,0,3,1,6,1,6,1800,1,13,7,2
201320K008683,2,9,0,14,0,8,0,0,0,0,1,1,2,1,6,2902,2,9,2,1
201320K008703,1,9,0,12,0,0,0,0,0,0,3,1,6,1,-1,-1,-1,-1,-1,-1
201320K008703,2,3,0,18,0,0,0,0,0,0,4,1,6,1,5,124,1,1,1,1
201320K008963,1,9,0,9,0,6,0,0,0,0,3,1,2,1,6,1798,1,12,10,1
201320K008963,2,9,0,18,0,8,0,0,0,0,1,1,2,1,7,1461,2,10,1,1
201320K008983,1,21,1,4,0,8,0,0,0,0,1,2,1,1,7,-1,-1,-1,-1,-1
201320K008983,2,9,0,4,0,8,0,0,0,0,2,1,6,2,6,1360,1,6,1,1
201320K008993,1,9,0,18,0,8,0,0,0,0,1,1,6,3,-1,1781,1,10,-1,-1
201320K008993,2,9,0,5,0,8,0,0,0,0,4,1,6,1,9,1598,1,10,2,1
201320K009073,1,19,0,18,0,0,0,4,0,0,1,1,2,1,7,2402,2,8,6,1
201320K009073,2,19,0,2,0,0,0,0,0,0,2,1,6,3,-1,2198,2,3,-1,-1
201320K009083,1,9,0,14,0,8,0,0,0,0,1,1,6,1,9,-1,-1,-1,-1,-1
201320K009083,2,9,0,9,0,6,0,0,0,0,3,1,6,2,5,1398,2,6,1,1
201320K009093,1,9,0,9,0,8,0,0,0,0,2,1,1,1,9,2148,2,10,3,1
201320K009093,2,9,0,9,0,8,0,0,0,0,1,1,1,1,7,2993,2,7,2,1
201320K009103,1,9,0,18,0,1,1,4,0,0,1,1,1,1,5,1388,1,9,1,1
201320K009103,2,19,0,2,0,1,0,0,0,0,2,1,1,1,6,2198,2,5,1,1
201320K009113,1,3,0,17,0,0,1,4,1,0,1,1,6,1,7,-1,-1,-1,-1,-1
201320K009113,2,8,0,2,0,0,0,0,0,0,1,1,6,1,9,2151,2,11,2,1
201320K009113,3,9,0,2,9,0,0,0,0,0,2,1,6,1,9,1796,1,12,2,1
201320K009123,1,9,0,18,0,0,0,0,0,0,1,1,6,1,6,1895,1,13,2,1
201320K009133,1,9,0,18,0,0,0,0,0,0,1,1,2,1,10,1998,1,12,10,1
201320K009143,1,1,0,18,0,8,0,0,0,0,1,1,6,2,9,-1,-1,-1,2,1
201320K009143,2,9,0,4,0,8,0,0,0,0,2,1,6,1,8,1598,1,8,-1,-1
201320K009163,1,9,0,16,0,0,1,0,1,1,1,1,6,1,5,2996,2,18,1,1
201320K009163,2,9,0,2,0,0,0,0,0,0,3,1,6,2,-1,1896,2,5,-1,-1
201320K009213,1,9,0,18,0,0,2,0,1,10,1,1,6,1,6,1998,1,9,2,1
201320K009253,1,1,0,18,0,0,0,0,0,0,1,1,6,1,4,-1,-1,-1,1,1
201320K009253,2,9,0,18,0,0,0,0,0,0,1,1,6,3,-1,-1,-1,-1,-1,-1
201320K009263,1,9,0,18,0,0,0,0,0,0,1,1,6,2,-1,-1,-1,-1,4,1
201320K009263,2,9,0,4,0,0,0,0,0,0,2,1,6,1,7,1598,1,14,2,1
201320K009273,1,9,0,13,0,0,0,0,0,0,1,1,6,1,8,1299,1,12,4,1
201320K009273,2,9,0,11,0,0,0,0,0,0,3,1,1,1,8,-1,-1,-1,1,1
201320K009283,1,9,0,11,0,8,0,0,0,0,4,1,6,1,-1,1796,1,9,-1,-1
201320K009283,2,9,0,12,0,8,0,0,0,0,3,1,2,1,4,1149,1,11,2,1
201320K009293,1,9,0,18,0,4,0,0,0,0,1,1,6,3,-1,1587,1,11,-1,-1
201320K009293,2,9,0,18,0,3,0,0,0,0,2,1,1,1,-1,1997,2,5,2,1
201320K009303,1,9,0,18,0,1,0,0,0,0,1,1,6,1,9,1783,1,10,2,1
201320K009313,1,9,0,18,0,0,0,0,0,0,1,1,6,1,-1,4511,1,10,-1,-1
201320K009323,1,9,0,9,0,6,0,0,0,0,3,1,6,1,7,1332,1,14,1,1
201320K009323,2,9,0,4,0,8,1,0,0,0,4,1,6,1,7,1560,2,3,7,1
201320K009333,1,9,0,18,0,8,0,0,0,0,1,1,2,2,8,1598,1,10,3,1
201320K009333,2,11,0,18,0,8,0,0,0,0,3,1,1,1,7,-1,2,13,1,1
201320K009343,1,9,0,18,0,0,0,0,0,0,1,1,6,1,-1,-1,-1,-1,-1,-1
201320K009353,1,2,0,18,0,1,0,0,0,0,1,1,6,1,4,49,1,9,3,1
201320K009353,2,9,0,9,0,2,0,0,0,0,3,1,6,1,9,1598,1,12,2,1
201320K009573,1,19,0,11,0,8,0,0,0,0,1,1,6,3,-1,2287,2,1,-1,-1
201320K009573,2,9,0,18,0,8,0,0,0,0,3,1,6,1,4,1596,1,7,2,1
201320K009663,1,9,0,18,0,3,0,0,0,0,1,1,6,1,6,1984,1,3,5,1
201320K009663,2,9,0,18,0,3,0,0,0,0,1,1,1,1,6,1997,2,11,1,1
201320K009733,1,9,0,6,0,0,0,0,0,0,3,1,2,2,8,1998,1,11,2,1
201320K009733,2,21,4,18,0,0,0,0,0,0,3,1,1,1,8,12600,2,8,3,1
201320K009743,1,9,0,4,0,1,0,0,0,0,2,1,6,2,6,1798,1,7,4,1
201320K009743,2,19,0,18,0,1,0,0,0,0,1,1,1,1,7,2148,2,6,2,1
201320K009893,1,19,0,18,0,6,0,0,0,0,1,1,6,1,-1,2402,2,8,-1,-1
201320K009893,2,9,0,18,0,8,0,0,0,0,4,1,6,2,5,1149,1,5,2,1
201320K009903,1,3,0,18,0,1,1,0,0,0,1,1,2,2,6,108,1,-1,1,1
201320K009903,2,9,0,18,0,1,0,0,0,0,2,1,6,2,7,1975,1,11,3,1
201320K009913,1,9,0,9,0,5,1,0,0,0,1,1,6,3,-1,-1,-1,-1,-1,-1
201320K009913,2,1,0,18,0,8,0,0,0,0,3,1,1,1,7,-1,-1,-1,1,1
201320K009913,3,9,0,8,0,1,0,0,0,0,1,1,6,1,9,1360,1,14,1,1
201320K009913,4,9,0,8,0,1,0,0,0,0,1,1,6,1,8,1798,1,10,3,1
201320K009923,1,9,0,18,0,0,0,0,0,0,1,1,6,3,-1,1896,2,8,-1,-1
201320K009923,2,19,0,2,0,0,0,0,0,0,2,1,6,1,5,1968,2,2,8,1
201320K009923,3,9,0,18,0,0,0,0,0,0,0,1,1,1,7,1968,2,3,-1,-1
201320K009933,1,3,0,12,0,1,0,0,0,0,1,1,1,1,7,125,1,8,1,1
201320K009933,2,9,0,6,0,1,0,0,0,0,1,1,1,1,6,2199,2,3,3,1
201320K009943,1,9,0,18,0,4,0,0,0,0,1,1,6,1,-1,1229,1,2,1,1
201320K009943,2,9,0,18,0,4,0,0,0,0,3,1,6,1,5,1200,1,-1,1,1
201320K010023,1,9,0,18,0,1,0,0,0,0,1,1,6,2,9,1388,1,2,4,1
201320K010023,2,9,0,18,0,1,0,0,0,0,2,1,6,2,5,-1,-1,-1,7,3
201320K010023,3,19,0,18,0,1,0,0,0,0,2,1,1,1,6,1686,2,4,9,1
201320K010083,1,9,0,9,0,6,0,0,0,0,1,1,6,3,-1,998,1,14,-1,-1
201320K010083,2,3,0,18,0,8,0,0,0,0,4,1,2,1,5,49,1,11,1,1
201320K010113,1,19,0,5,0,1,0,0,0,0,1,1,6,1,8,1995,2,1,5,1
201320K010113,2,9,0,5,0,1,0,0,0,0,2,1,2,2,8,1199,1,10,2,1
201320K010123,1,9,0,18,9,0,0,0,0,0,1,1,6,1,5,1242,1,-1,4,1
201320K010143,1,9,0,18,0,0,0,0,0,0,1,1,1,2,6,1995,2,3,3,1
201320K010143,2,9,0,18,0,0,0,0,0,0,1,1,1,1,8,1905,2,14,4,1
201320K010143,3,9,0,18,0,0,0,0,0,0,1,1,1,1,7,1587,1,5,3,1
201320K010153,1,19,0,18,0,8,0,0,0,0,1,1,6,1,6,1968,2,1,2,1
201320K010153,2,9,0,10,0,8,0,0,0,0,2,1,1,2,6,1299,1,13,1,1
201320K010173,1,19,0,1,0,8,0,0,0,0,2,1,6,1,-1,1248,2,8,-1,-1
201320K010173,2,9,0,18,0,8,0,0,0,0,4,1,6,1,9,1753,2,10,2,1
201320K010183,1,9,0,18,0,8,0,0,0,0,1,1,6,2,6,1968,2,7,8,1
201320K010183,2,9,0,9,0,8,0,0,0,0,3,1,6,2,8,1599,1,7,3,1
201320K010193,1,19,0,18,0,1,0,0,0,0,1,1,6,1,-1,-1,-1,-1,-1,-1
201320K010193,2,9,0,10,0,1,0,0,0,0,4,1,2,1,5,1242,1,-1,2,1
201320K010213,1,9,0,18,0,1,0,0,0,0,1,1,6,2,5,1242,1,1,4,1
201320K010213,2,9,0,10,0,1,0,0,0,0,2,1,6,1,6,1598,1,10,1,1
201320K010223,1,9,0,9,0,8,0,0,0,0,1,1,6,2,6,1596,1,10,2,1
201320K010223,2,5,0,18,0,8,0,0,0,0,1,1,1,1,6,1084,1,11,5,1
201320K010243,1,9,0,18,0,0,0,0,0,0,1,1,6,1,9,2495,1,11,1,1
201320K010253,1,9,0,9,0,6,0,0,0,0,1,1,6,2,6,1199,1,11,2,1
201320K010253,2,9,0,18,0,8,0,0,0,0,1,1,6,2,7,2198,1,11,5,1
201320K010343,1,9,0,7,0,1,0,0,0,0,1,1,6,2,-1,1995,2,6,5,1
201320K010343,2,9,0,3,0,1,0,0,0,0,2,1,6,1,6,1242,1,8,3,1
201320K010373,1,9,0,4,0,4,0,0,0,0,1,1,6,2,8,1984,1,5,1,1
201320K010373,2,9,0,3,0,4,0,0,0,0,2,1,6,2,7,1598,1,10,3,1
201320K010423,1,9,0,4,0,2,0,0,0,0,4,1,1,1,8,2979,1,12,1,1
201320K010433,1,9,0,9,0,5,0,0,0,0,4,1,6,1,10,1388,1,10,6,1
201320K010433,2,1,0,18,0,8,0,0,0,0,2,1,1,2,5,-1,-1,-1,5,1
201320K010493,1,3,0,18,0,2,2,0,0,0,1,1,6,1,6,124,1,2,3,1
201320K010503,1,9,0,9,0,8,0,0,0,0,4,1,2,1,9,1995,2,10,8,1
201320K010503,2,4,0,18,0,8,0,0,0,0,1,1,2,1,8,124,1,29,5,1
201320K010513,1,9,0,9,0,6,0,0,0,0,1,1,2,1,4,1296,1,6,6,1
201320K010513,2,9,0,4,0,8,0,0,0,0,3,1,6,2,4,998,1,-1,2,1
201320K010583,1,9,0,11,0,0,0,0,0,0,1,1,6,1,7,1984,1,3,6,1
201320K010583,2,9,0,18,0,0,0,0,0,0,1,1,6,2,5,1199,1,11,5,1
201320K010653,1,9,0,18,0,0,0,0,0,0,1,1,6,2,7,1242,1,1,2,1
201320K010663,1,9,0,4,0,1,0,0,0,0,0,1,6,2,7,1360,1,5,3,1
201320K010703,1,11,0,4,0,0,0,0,0,0,1,1,1,1,8,9600,2,13,2,1
201320K010713,1,1,0,18,0,2,0,0,0,0,1,1,6,1,3,-1,-1,-1,2,1
201320K010713,2,9,0,9,0,3,0,0,0,0,3,1,6,1,11,1197,1,2,1,1
201320K010873,1,9,0,18,0,0,0,0,7,6,3,1,6,1,9,-1,-1,-1,6,1
201320K010883,1,9,0,18,0,4,0,10,0,0,1,1,6,1,5,1596,1,9,1,1
201320K010883,2,90,0,18,0,3,0,0,0,0,4,1,1,2,5,2999,2,1,-1,-1
201320K010893,1,9,0,9,0,6,0,0,0,0,3,1,6,1,7,1975,1,7,3,1
201320K010893,2,3,0,18,0,8,0,0,0,0,1,1,6,1,6,124,1,1,3,1
201320K010903,1,1,0,15,0,1,0,0,0,0,1,1,6,1,6,-1,-1,-1,8,1
201320K010903,2,9,0,7,0,1,0,0,0,0,4,1,2,2,6,1598,1,2,3,1
201320K010923,1,9,0,18,0,0,0,4,0,0,4,1,6,1,5,1896,2,13,1,1
201320K010923,2,9,0,2,0,0,0,0,0,0,2,1,6,2,6,2148,2,3,-1,-1
201320K010923,3,9,0,2,0,0,0,0,0,0,2,1,6,2,8,1956,2,2,-1,-1
201320K010923,4,9,0,2,0,0,0,0,0,0,3,1,6,1,6,1229,1,-1,5,1
201320K010933,1,9,0,18,0,0,5,0,0,0,1,1,6,1,11,1582,2,1,3,1
201320K010933,2,9,0,2,0,0,0,0,1,0,2,1,6,2,-1,1951,2,12,6,1
201320K010953,1,9,0,7,0,5,0,0,0,0,2,1,6,2,8,2204,2,6,6,1
201320K010953,2,5,0,18,0,8,2,0,0,0,1,1,6,1,4,599,1,15,4,1
201320K010963,1,9,0,5,0,0,0,0,0,0,1,1,6,1,7,1995,2,1,3,1
201320K010963,2,9,0,3,0,0,0,0,0,0,2,1,6,1,10,-1,-1,-1,1,1
201320K010973,1,9,0,17,0,0,0,0,0,0,1,1,6,2,8,1242,1,9,3,1
201320K011063,1,9,0,5,0,1,0,0,0,0,1,1,6,1,7,1753,2,12,5,3
201320K011063,2,9,0,3,0,1,0,0,0,0,2,1,6,2,6,1799,1,6,4,1
201320K011123,1,9,0,9,0,4,0,0,0,0,3,1,3,1,8,1598,1,10,5,1
201320K011123,2,1,0,18,0,3,0,0,0,0,1,1,1,1,7,-1,-1,-1,3,1
201320K011133,1,5,0,4,0,8,1,0,0,0,3,1,6,1,5,599,1,14,3,1
201320K011133,2,9,0,9,0,5,0,0,0,0,2,1,6,1,4,1598,2,2,5,1
201320K011143,1,9,0,18,0,3,1,7,7,2,3,1,6,2,5,1363,2,9,7,1
201320K011153,1,11,0,18,0,1,1,0,0,0,1,1,6,1,-1,-1,2,13,-1,-1
201320K011153,2,9,0,4,0,1,0,0,0,0,2,1,2,2,7,1598,2,2,6,1
201320K011173,1,9,0,18,0,4,1,9,3,1,1,1,6,1,6,1587,1,14,4,1
201320K011173,2,9,0,18,0,4,0,0,0,0,0,1,1,1,-1,1956,2,1,1,1
201320K011183,1,9,0,18,0,0,0,0,0,0,1,1,2,1,7,1390,1,12,2,1
201320K011243,1,9,0,9,0,8,0,0,0,0,1,1,6,1,-1,1339,8,5,-1,-1
201320K011243,2,1,0,18,2,8,0,0,0,0,1,1,1,2,7,-1,-1,-1,2,1
201320K011253,1,9,0,18,0,4,0,0,0,0,1,1,6,1,9,1598,1,4,2,1
201320K011253,2,9,0,7,0,3,0,0,0,0,4,1,6,2,7,1242,1,1,9,1
201320K011263,1,19,0,18,0,1,0,0,0,0,1,1,1,1,10,1998,2,8,8,1
201320K011273,1,9,0,18,0,2,0,0,0,0,1,1,6,2,8,1199,1,10,1,1
201320K011283,1,9,0,18,0,1,0,0,0,0,1,1,6,1,7,1997,2,9,6,1
201320K011283,2,9,0,10,0,1,0,0,0,0,2,1,6,2,6,1896,2,10,6,1
201320K011363,1,9,0,9,0,5,0,0,0,0,3,1,2,1,9,1598,1,8,1,1
201320K011363,2,4,0,13,0,1,0,0,0,0,4,1,2,1,-1,124,1,-1,1,1
201320K011413,1,19,0,18,0,1,0,0,0,0,1,1,6,1,9,1598,2,5,2,1
201320K011413,2,9,0,3,0,1,0,0,0,0,2,1,1,1,6,1598,2,-1,1,1
201320K011443,1,9,0,5,0,4,0,0,0,0,3,1,6,1,-1,-1,-1,-1,-1,-1
201320K011443,2,1,0,18,0,8,1,0,0,0,1,1,1,1,7,-1,-1,-1,2,1
201320K011453,1,5,0,14,0,1,0,0,0,0,1,1,6,1,-1,998,1,6,1,1
201320K011513,1,9,0,18,0,0,1,10,7,10,2,1,6,1,6,1994,1,12,2,1
201320K011523,1,19,0,18,0,0,0,0,0,0,3,1,1,1,8,2402,2,6,3,1
201320K011523,2,9,0,18,0,0,0,0,0,0,3,1,1,2,-1,1149,1,10,3,1
201320K011573,1,9,0,4,0,1,0,0,0,0,2,1,2,2,7,1995,2,11,6,1
201320K011573,2,9,0,4,0,1,0,0,0,0,1,1,2,2,7,1600,1,2,8,1
201320K011583,1,9,0,4,0,1,0,0,0,0,1,1,1,2,7,1997,2,5,-1,-1
201320K011583,2,9,0,4,0,1,0,0,0,0,2,1,6,2,5,-1,-1,-1,1,1
201320K011593,1,19,0,3,0,0,0,0,0,0,2,1,1,1,8,2151,2,9,6,1
201320K011593,2,9,0,3,0,0,0,0,0,0,2,1,6,1,10,1242,1,7,4,1
201320K011593,3,19,0,4,0,0,0,0,0,0,1,1,6,1,-1,-1,-1,-1,-1,-1
201320K011613,1,9,0,16,0,1,1,10,1,4,1,1,6,1,5,1598,2,2,3,1
201320K011783,1,9,0,18,0,1,0,0,0,0,1,1,6,3,-1,-1,-1,-1,-1,-1
201320K011823,1,9,0,4,0,1,0,0,0,0,1,1,2,1,8,1910,2,9,6,1
201320K011823,2,3,0,4,0,1,0,0,0,0,2,1,2,1,4,-1,-1,-1,5,1
201320K011833,1,9,0,18,0,0,0,0,0,0,1,1,6,1,4,1199,1,12,2,1
201320K011843,1,9,0,9,0,5,0,0,0,0,1,1,1,2,6,1124,1,7,-1,-1
201320K011843,2,9,0,18,0,8,0,0,0,0,3,1,6,2,6,1998,1,11,1,1
201320K011853,1,5,0,18,0,1,1,0,0,0,1,1,6,1,8,1450,1,12,1,1
201320K011853,2,9,0,18,0,2,0,0,0,0,1,1,6,1,5,1995,1,10,3,1
201320K011863,1,5,0,18,0,8,0,0,0,0,1,1,6,1,5,1000,1,15,2,1
201320K011863,2,9,0,18,0,8,0,0,0,0,2,1,6,2,4,-1,-1,-1,-1,-1
201320K011883,1,9,0,5,0,6,0,0,0,0,1,1,6,1,4,1461,2,7,5,1
201320K011883,2,9,0,18,0,8,0,7,1,10,3,1,6,2,6,1198,1,1,6,1
201320K011903,1,9,0,18,0,0,0,0,0,0,1,1,6,1,-1,3239,1,19,-1,-1
201320K011913,1,9,0,18,0,2,0,0,0,0,1,1,1,1,5,1600,1,15,6,1
201320K012033,1,9,0,18,0,0,0,0,0,0,1,1,6,2,-1,-1,-1,-1,-1,-1
201320K012033,2,1,0,18,0,0,0,0,0,0,2,1,6,1,3,-1,-1,-1,-1,-1
201320K012043,1,9,0,18,0,2,0,0,1,0,1,1,6,3,-1,-1,-1,-1,-1,-1
201320K012073,1,9,0,18,0,8,0,0,0,0,1,1,6,2,6,1796,1,-1,2,1
201320K012073,2,9,0,10,0,8,0,0,0,0,2,1,6,2,5,1527,2,13,1,1
201320K012083,1,9,0,18,0,1,1,0,0,0,1,1,6,1,6,1242,1,1,1,1
201320K012083,2,9,0,18,0,2,0,0,0,0,1,1,6,1,7,2099,1,9,4,1
201320K012113,1,9,0,7,0,5,0,0,0,0,4,1,6,1,4,1242,1,3,5,1
201320K012113,2,9,0,18,0,8,0,0,0,0,4,1,6,2,6,1753,2,10,5,1
201320K012123,1,9,0,7,0,8,0,0,0,0,2,1,6,2,4,1360,1,8,1,1
201320K012123,2,9,0,18,0,8,0,0,0,0,1,1,6,1,5,1951,2,11,1,1
201320K012153,1,9,0,16,0,0,0,0,0,0,1,1,6,3,-1,1229,1,6,-1,-1
201320K012153,2,9,0,17,0,0,0,0,0,0,1,1,6,1,8,1598,1,7,2,1
201320K012173,1,9,0,18,0,0,0,0,0,0,1,1,6,2,7,1984,1,11,10,1
201320K012173,2,9,0,2,9,0,0,0,0,0,2,1,6,1,9,1910,2,8,6,1
201320K012183,1,11,0,2,0,0,0,0,0,0,0,1,1,1,8,-1,-1,-1,3,1
201320K012193,1,21,1,18,0,0,0,0,0,0,4,1,6,3,-1,-1,-1,-1,-1,-1
201320K012223,1,9,0,18,0,2,0,0,0,0,4,1,2,2,5,1461,2,10,2,1
201320K012243,1,9,0,18,0,8,0,0,0,0,1,1,6,2,10,998,1,4,3,1
201320K012243,2,9,0,9,0,8,0,0,0,0,1,1,6,1,6,1560,2,-1,2,1
201320K012253,1,9,0,18,0,1,0,0,0,0,1,1,6,1,10,1988,1,14,2,1
201320K012263,1,9,0,5,0,7,0,0,0,0,1,1,1,2,6,1299,1,5,-1,-1
201320K012263,2,1,0,18,0,1,0,0,0,0,1,1,6,1,9,-1,-1,-1,1,1
201320K012303,1,9,0,16,9,0,1,0,7,10,1,1,6,2,6,1598,1,2,1,1
201320K012313,1,9,0,4,0,4,1,0,0,0,1,1,6,1,5,1242,1,14,1,1
201320K012313,2,9,0,3,0,4,0,0,0,0,2,1,6,1,6,1229,1,7,4,1
201320K012323,1,19,0,9,0,2,0,0,0,0,1,1,1,1,7,1997,2,1,1,1
201320K012333,1,9,0,1,0,0,0,0,0,0,2,1,6,2,6,1997,2,4,2,1
201320K012333,2,9,0,18,0,0,0,0,0,0,1,1,6,2,8,1389,1,8,3,1
201320K012343,1,9,0,9,0,6,1,0,0,0,0,1,6,1,-1,-1,-1,-1,-1,-1
201320K012343,2,9,0,9,0,6,0,0,0,0,2,1,6,2,10,998,1,12,5,1
201320K012343,3,9,0,9,0,6,0,0,0,0,2,1,6,1,-1,1968,2,8,2,1
201320K012363,1,9,0,18,0,2,0,10,0,0,3,1,6,2,6,1596,1,8,1,1
201320K012363,2,1,0,18,0,2,0,0,0,0,2,1,6,1,4,-1,-1,-1,1,1
201320K012383,1,9,0,16,0,0,0,10,7,10,1,1,6,2,6,1149,1,11,2,1
201320K012633,1,9,0,9,0,4,0,0,0,0,1,1,1,1,6,1242,1,6,4,1
201320K012633,2,1,0,18,0,4,0,0,0,0,4,1,1,1,8,-1,-1,-1,4,1
201320K012643,1,9,0,4,0,1,0,0,0,0,4,1,6,3,-1,1461,2,-1,-1,-1
201320K012643,2,3,0,4,0,1,0,0,0,0,3,1,6,1,4,124,1,3,2,1
201320K012653,1,9,0,4,0,0,0,0,0,0,4,1,6,2,5,1398,2,7,2,1
201320K012823,1,1,0,18,9,0,0,8,0,0,1,1,6,1,4,-1,-1,-1,2,1
201320K012823,2,9,0,2,0,0,0,0,0,0,3,1,6,2,-1,1596,1,6,-1,-1
201320K012833,1,9,0,9,0,6,0,0,0,0,1,1,6,1,5,1587,1,11,1,1
201320K012843,1,9,0,9,0,6,0,0,0,0,1,1,6,1,-1,1398,1,3,2,1
201320K012843,2,9,0,18,0,8,0,0,0,0,4,1,2,2,8,1199,1,13,2,1
201320K012903,1,8,0,18,0,8,0,0,0,0,1,1,6,1,-1,-1,-1,-1,-1,-1
201320K012903,2,9,0,3,0,8,0,0,0,0,2,1,6,2,6,1598,1,2,6,1
201320K012913,1,9,0,6,0,0,0,0,0,0,3,1,6,1,7,2231,2,7,1,1
201320K012913,2,11,0,14,0,0,0,0,0,0,1,1,1,1,8,11967,2,15,1,1
201320K012923,1,9,0,3,0,0,0,0,0,0,2,1,6,1,7,1896,2,11,2,1
201320K012923,2,9,0,18,0,0,0,0,0,0,1,1,6,1,-1,1587,1,8,2,1
201320K012933,1,9,0,9,0,2,0,0,0,0,0,1,6,2,5,2148,2,9,2,1
201320K012933,2,2,0,18,0,1,1,0,0,0,0,1,6,1,4,-1,-1,-1,4,1
201320K012943,1,9,0,18,0,0,0,0,0,0,1,1,6,2,-1,-1,-1,-1,-1,-1
201320K012953,1,9,0,7,0,8,0,0,0,0,4,1,3,2,5,1199,1,11,2,1
201320K012953,2,1,0,17,0,8,0,0,0,0,3,1,6,1,-1,-1,-1,-1,-1,-1
201320K012983,1,9,0,9,0,8,0,0,0,0,1,1,1,1,8,1598,1,14,6,1
201320K012983,2,3,0,18,2,8,0,0,0,0,3,1,1,2,5,125,1,13,2,1
201320K013033,1,11,0,4,0,1,0,0,0,0,1,1,6,1,9,12900,2,1,-1,-1
201320K013033,2,9,0,3,0,1,0,0,0,0,2,1,6,2,8,1870,2,8,-1,2
201320K013063,1,9,0,7,9,6,0,0,0,0,4,1,2,2,7,1299,1,13,1,1
201320K013083,1,9,0,9,0,5,0,0,0,0,1,1,6,1,6,2387,2,6,2,1
201320K013083,2,4,0,13,0,8,0,0,0,0,1,1,6,1,8,-1,-1,-1,3,1
201320K013153,1,9,0,7,0,8,0,0,0,0,3,1,2,1,5,1349,1,4,5,1
201320K013153,2,5,0,18,0,8,0,0,7,0,1,1,2,1,4,645,1,2,2,1
201320K013163,1,9,0,5,0,8,0,0,0,0,1,1,6,1,6,1086,1,9,2,1
201320K013163,2,9,0,18,0,8,0,0,0,0,4,1,6,1,6,1595,1,6,5,1
201320K013173,1,1,0,18,0,8,0,0,0,0,1,1,6,1,4,-1,-1,-1,2,1
201320K013173,2,9,0,18,0,8,0,0,0,0,3,1,6,1,8,1328,1,4,6,1
201320K013193,1,9,0,18,0,0,0,0,0,0,1,1,6,2,7,1461,2,2,8,1
201320K013193,2,1,0,18,0,0,0,0,0,0,4,1,6,1,7,-1,-1,-1,2,1
201320K013223,1,9,0,18,0,6,0,0,0,0,1,1,6,3,-1,2997,1,14,-1,-1
201320K013223,2,9,0,18,0,8,0,0,0,0,4,1,2,2,5,1360,1,10,5,1