Accident_Index,Vehicle_Reference,Vehicle_Type,Towing_and_Articulation,Vehicle_Manoeuvre,Vehicle_Location-Restricted_Lane,Junction_Location,Skidding_and_Overturning,Hit_Object_in_Carriageway,Vehicle_Leaving_Carriageway,Hit_Object_off_Carriageway,1st_Point_of_Impact,Was_Vehicle_Left_Hand_Drive?,Journey_Purpose_of_Driver,Sex_of_Driver,Age_Band_of_Driver,Engine_Capacity_(CC),Propulsion_Code,Age_of_Vehicle,Driver_IMD_Decile,Driver_Home_Area_Type
201320K013283,1,19,0,18,0,2,0,0,0,0,4,1,6,3,-1,-1,-1,-1,-1,-1
201320K013413,1,9,0,18,0,4,0,0,0,0,1,1,6,2,8,1560,2,9,5,1
201320K013413,2,9,0,18,0,4,0,0,0,0,4,1,6,2,7,1796,1,8,2,1
201320K013423,1,9,0,7,0,6,0,0,0,0,3,1,6,2,11,1242,1,-1,10,1
201320K013423,2,9,0,17,0,8,0,0,7,0,1,1,6,1,6,1798,1,3,3,1
201320K013443,1,19,0,9,0,6,0,0,0,0,1,1,1,1,7,1248,2,3,1,1
201320K013443,2,21,0,18,0,8,0,0,0,0,4,1,1,2,8,12913,2,6,2,1
201320K013453,1,9,0,18,0,0,0,0,0,0,1,1,6,2,4,999,1,1,2,1
201320K013453,2,9,0,18,0,0,0,0,1,0,1,1,6,1,7,1461,2,4,2,1
201320K013453,3,9,0,2,0,0,0,0,0,0,2,1,6,2,7,1596,1,6,1,1
201320K013503,1,11,0,5,0,0,0,0,0,0,0,1,1,1,-1,4461,2,1,1,1
201320K013513,1,9,0,18,0,0,0,0,0,0,1,1,6,1,4,1596,1,7,2,1
201320K013513,2,9,0,18,0,0,0,0,0,0,2,1,6,1,8,1997,2,11,1,1
201320K013523,1,9,0,4,0,0,0,0,0,0,1,1,2,2,6,1598,2,2,2,1
201320K013523,2,9,0,4,0,0,0,0,0,0,2,1,2,1,8,1461,2,10,4,1
201320K013573,1,9,0,18,9,0,0,10,0,0,4,1,6,1,-1,-1,-1,-1,-1,-1
201320K013623,1,9,0,9,0,2,0,0,0,0,1,1,2,1,9,1997,2,11,1,1
201320K013623,2,19,0,18,0,1,0,0,0,0,4,1,1,1,7,1997,2,1,1,1
201320K013633,1,9,0,3,0,0,0,0,0,0,4,1,2,1,6,1400,1,15,6,1
201320K013633,2,1,0,18,0,0,0,8,1,0,1,1,2,1,8,-1,-1,-1,5,1
201320K013703,1,3,0,13,0,2,0,0,1,0,1,1,6,1,4,124,1,-1,3,1
201320K013703,2,9,0,18,0,1,0,0,0,0,1,1,6,1,10,1299,1,12,3,1
201320K013703,3,9,0,18,0,2,0,0,0,0,0,1,6,1,7,-1,-1,-1,2,1
201320K013773,1,9,0,9,0,1,1,10,7,2,1,1,6,1,4,1896,2,9,5,1
201320K013783,1,9,0,18,0,1,0,0,0,0,1,1,6,1,11,1360,1,1,3,1
201320K013793,1,9,0,18,0,0,0,0,0,0,1,1,6,3,-1,-1,-1,-1,-1,-1
201320K013803,1,9,0,9,0,5,0,0,0,0,1,1,6,2,9,1248,1,-1,4,3
201320K013803,2,9,0,18,0,8,0,0,0,0,1,1,6,1,5,1753,2,8,7,1
201320K013813,1,9,0,17,0,0,0,0,0,0,3,1,6,3,-1,-1,-1,-1,-1,-1
201320K013813,2,9,0,16,0,0,0,10,1,0,3,1,6,2,6,1796,1,2,2,1
201320K013823,1,9,0,18,0,0,1,0,0,0,1,1,6,1,-1,1389,1,11,-1,-1
201320K013823,2,9,0,3,0,0,0,0,0,0,2,1,6,2,6,1560,2,1,2,1
201320K013853,1,8,0,5,0,0,0,4,0,0,1,1,6,1,-1,1910,2,5,1,1
201320K013853,2,5,0,2,0,0,0,0,0,0,3,1,6,1,10,1002,1,17,6,1
201320K013863,1,9,0,9,0,6,0,0,0,0,1,1,1,1,-1,1994,2,10,2,1
201320K013863,2,9,0,9,0,8,0,0,0,0,3,1,3,2,6,1199,1,11,2,1
201320K013873,1,9,0,8,0,1,0,0,0,0,1,1,6,2,8,1364,1,6,1,1
201320K013873,2,9,0,8,0,1,0,0,0,0,2,1,6,2,6,1388,1,7,6,1
201320K013893,1,9,0,7,0,2,1,0,0,0,1,1,6,1,-1,1984,1,5,-1,-1
201320K013893,2,9,0,8,0,1,0,0,0,0,1,1,6,2,8,1560,2,7,1,1
201320K013893,3,9,0,7,0,2,0,0,0,0,1,1,1,1,-1,1560,2,2,-1,-1
201320K013903,1,9,0,5,0,6,0,0,0,0,1,1,6,2,6,1997,1,9,2,1
201320K013903,2,9,0,18,0,8,0,0,0,0,4,1,6,1,6,-1,-1,-1,1,1
201320K013933,1,5,0,16,0,1,1,0,0,0,4,1,2,1,7,599,1,3,2,1
201320K013943,1,9,0,18,9,8,0,0,0,0,1,1,1,1,7,1598,1,7,3,1
201320K013943,2,1,0,18,9,8,0,0,0,0,1,1,6,1,11,-1,-1,-1,2,1
201320K013953,1,9,0,9,0,1,0,0,0,0,1,1,6,3,-1,-1,-1,-1,-1,-1
201320K014033,1,3,0,18,0,8,0,0,0,0,1,1,2,1,6,125,1,-1,-1,-1
201320K014033,2,9,0,7,0,6,0,0,0,0,1,1,2,1,8,1598,1,12,4,1
201320K014063,1,9,0,18,0,0,0,0,0,0,1,1,6,1,6,1731,1,16,3,1
201320K014063,2,10,0,2,0,0,0,0,0,0,0,1,6,1,-1,-1,-1,-1,-1,-1
201320K014093,1,9,0,1,0,1,0,0,0,0,2,1,1,1,8,1984,1,3,8,1
201320K014093,2,9,0,1,0,1,0,0,0,0,2,1,1,1,6,1360,1,14,8,1
201320K014153,1,9,0,5,0,1,0,0,0,0,1,1,6,1,6,1968,2,7,3,1
201320K014163,1,9,0,16,0,0,0,0,0,0,1,1,6,3,-1,-1,-1,-1,-1,-1
201320K014323,1,9,0,3,0,1,0,0,0,0,2,1,6,1,8,-1,-1,-1,2,1
201320K014323,2,9,0,18,0,1,0,0,0,0,1,1,6,3,-1,1229,1,-1,2,1
201320K014343,1,9,0,9,0,5,0,0,0,0,1,1,1,1,6,1994,2,2,2,1
201320K014343,2,3,0,18,0,8,0,0,0,0,1,1,1,1,5,124,1,4,2,1
201320K014373,1,9,0,18,0,1,0,0,0,0,1,1,6,3,-1,-1,-1,-1,-1,-1
201320K014383,1,9,0,5,0,1,0,0,0,0,1,1,2,1,8,1242,1,13,4,1
201320K014423,1,9,0,9,0,6,0,4,0,0,1,1,6,1,-1,1999,1,11,-1,-1
201320K014423,2,9,0,2,0,1,0,0,0,0,1,1,6,2,6,-1,-1,-1,3,1
201320K014423,3,9,0,9,0,6,0,0,0,0,0,1,1,1,5,-1,-1,-1,1,1
201320K014433,1,9,0,18,0,0,0,0,0,0,1,1,6,1,7,1753,2,9,4,1
201320K014443,1,9,0,9,0,8,0,0,0,0,3,1,6,1,10,1597,1,14,2,1
201320K014443,2,3,0,18,0,8,0,0,0,0,1,1,6,1,8,125,1,-1,2,1
201320K014453,1,9,0,9,0,8,0,0,0,0,1,1,6,1,7,1560,2,3,2,1
201320K014453,2,9,0,18,0,8,0,0,0,0,1,1,6,1,6,1995,2,-1,10,1
201320K014463,1,3,0,14,0,8,0,0,0,0,4,1,6,1,5,900,1,15,1,1
201320K014463,2,9,0,10,0,8,0,0,0,0,1,1,6,1,7,1560,2,-1,4,1
201320K014473,1,9,0,18,0,8,0,0,0,0,1,1,6,1,6,1998,1,11,2,1
201320K014473,2,9,0,9,0,8,0,0,0,0,3,1,6,1,5,1968,2,7,1,1
201320K014483,1,9,0,5,0,0,0,0,0,0,3,1,6,1,5,1360,1,14,1,1
201320K014593,1,9,0,18,0,1,0,0,0,0,1,1,6,3,-1,-1,-1,-1,-1,-1
201320K014593,2,9,0,10,0,1,0,0,0,0,2,1,6,2,8,995,1,-1,2,1
201320K014613,1,9,0,18,0,2,0,0,0,0,1,1,6,3,-1,-1,-1,-1,-1,-1
201320K014613,2,9,0,3,0,2,0,0,0,0,2,1,6,2,7,1796,1,1,1,1
201320K014633,1,9,0,3,0,6,0,0,0,0,2,1,6,2,7,1598,1,10,3,1
201320K014633,2,9,0,5,0,6,0,0,0,0,1,1,6,1,-1,-1,-1,-1,-1,-1
201320K014723,1,19,0,17,0,2,0,0,0,0,1,1,1,1,8,-1,-1,-1,2,1
201320K014733,1,9,0,18,0,3,0,0,0,0,4,1,6,1,5,1124,1,13,1,1
201320K014743,1,9,0,9,0,6,0,0,0,0,1,1,6,1,9,1596,1,5,1,1
201320K014743,2,9,0,18,0,8,0,0,0,0,4,1,6,1,10,1560,2,5,2,1
201320K014743,3,9,0,7,0,1,0,0,0,0,1,1,6,1,5,1796,1,9,7,1
201320K014753,1,5,0,14,0,0,0,0,0,0,1,1,2,1,8,750,1,13,1,1
201320K014753,2,1,0,18,0,0,0,0,0,0,1,1,1,1,3,-1,-1,-1,1,1
201320K014803,1,9,0,18,0,4,0,0,0,0,1,1,2,1,-1,1595,1,1,4,1
201320K014803,2,3,0,9,0,3,0,0,0,0,2,1,2,1,7,124,1,-1,5,1
201320K014913,1,9,0,18,0,8,0,10,1,0,3,1,6,1,11,1984,1,15,3,1
201320K014913,2,9,0,18,0,8,0,0,0,0,3,1,6,1,7,1390,1,12,4,1
201320K014913,3,9,0,18,0,8,0,0,0,0,4,1,6,1,9,2497,2,8,1,1
201320K014933,1,9,0,18,0,6,0,0,0,0,3,1,6,1,9,1339,1,-1,1,1
201320K014933,2,9,0,18,0,8,0,0,0,0,1,1,1,1,7,1497,8,4,5,1
201320K014953,1,9,0,16,9,0,0,0,7,2,1,1,6,1,11,1598,1,-1,9,1
201320K014963,1,3,0,4,0,6,0,0,0,0,1,1,6,1,5,-1,-1,-1,2,1
201320K014963,2,9,0,18,0,8,0,0,0,0,4,1,6,1,11,1391,1,11,5,1
201320K015013,1,19,0,18,0,0,0,0,0,0,1,1,2,1,6,1968,2,6,4,1
201320K015013,2,9,0,3,0,0,0,0,0,0,2,1,1,1,-1,1956,2,-1,1,1
201320K015093,1,9,0,18,0,8,0,0,7,0,1,1,6,3,-1,1968,2,5,-1,-1
201320K015093,2,9,0,18,0,8,0,0,0,0,1,1,6,2,8,1598,1,10,7,1
201320K015153,1,9,0,9,0,6,0,0,0,0,3,1,6,1,4,1229,1,-1,3,1
201320K015153,2,3,0,18,0,8,2,0,0,0,1,1,6,2,7,124,1,-1,2,1
201320K015233,1,9,0,1,9,6,0,0,0,0,2,1,6,1,9,1386,1,5,2,1
201320K015243,1,9,0,18,0,1,0,0,0,0,1,1,6,1,-1,-1,-1,-1,-1,-1
201320K015243,2,3,0,3,0,1,0,0,0,0,2,1,6,1,4,124,1,-1,2,1
201320K015243,3,3,0,3,0,1,0,0,0,0,2,1,6,1,4,-1,-1,-1,5,1
201320K015263,1,19,0,7,0,6,0,0,0,0,1,1,6,1,-1,-1,-1,-1,-1,-1
201320K015263,2,1,0,18,9,8,0,0,0,0,1,1,6,1,5,-1,-1,-1,1,1
201320K015283,1,9,0,9,0,5,0,0,0,0,3,1,6,2,5,1299,1,11,6,3
201320K015283,2,9,0,4,0,8,0,0,0,0,1,1,6,1,6,1598,1,7,8,1
201320K015283,3,9,0,8,0,1,0,0,0,0,1,1,6,2,6,1364,1,8,2,1
201320K015323,1,11,0,18,2,0,0,0,0,0,1,1,1,1,6,6700,2,2,1,1
201320K015323,2,9,0,6,2,0,0,0,0,0,2,1,6,1,6,-1,-1,-1,6,1
201320K015363,1,9,0,9,0,8,0,7,4,7,1,1,6,2,5,1199,2,1,3,1
201320K015363,2,9,0,18,0,8,0,0,0,0,3,1,6,2,6,1587,1,10,-1,-1
201320K015393,1,9,0,18,0,1,0,0,0,0,1,1,6,1,-1,1998,1,13,-1,-1
201320K015393,2,9,0,3,0,1,0,0,0,0,2,1,6,1,6,1997,2,12,6,1
201320K015403,1,9,0,18,0,0,2,10,7,10,1,1,2,1,4,1398,1,1,6,1
201320K015403,2,19,0,2,9,0,0,0,0,0,2,1,6,2,6,1686,2,10,6,1
201320K015433,1,21,0,18,0,0,0,0,0,0,1,1,1,1,8,2400,2,10,5,1
201320K015433,2,1,0,18,0,0,0,0,0,0,1,1,1,2,6,-1,-1,-1,1,1
201320K015463,1,9,0,5,0,0,0,0,0,0,1,1,6,1,5,1900,2,8,1,1
201320K015463,2,9,0,2,0,0,0,0,0,0,2,1,1,1,6,1248,2,-1,1,1
201320K015473,1,3,0,18,0,8,0,0,0,0,1,1,6,1,5,124,1,16,7,1
201320K015473,2,9,0,9,0,8,0,0,0,0,3,1,6,1,11,1598,1,9,2,1
201320K015493,1,9,0,18,0,2,0,0,1,10,1,1,6,1,5,1997,1,11,1,1
201320K015493,2,9,0,18,0,1,0,0,0,0,0,1,1,1,-1,2993,2,1,-1,-1
201320K015503,1,11,0,9,0,2,0,0,0,0,4,1,1,3,-1,-1,-1,-1,-1,-1
201320K015503,2,1,0,9,0,2,0,0,1,0,3,1,2,1,6,-1,-1,-1,2,1
201320K015513,1,9,0,7,0,6,0,10,1,2,1,1,6,2,8,1400,1,13,2,1
201320K015513,2,9,0,18,0,8,0,0,0,0,4,1,6,1,9,1598,1,7,2,1
201320K015523,1,9,0,7,0,2,0,0,0,0,1,1,6,2,-1,-1,-1,-1,-1,-1
201320K015553,1,9,0,9,0,6,0,0,0,0,3,1,2,1,-1,1968,2,4,1,1
201320K015553,2,9,0,18,0,8,0,0,0,0,4,1,2,1,6,1910,2,8,2,1
201320K015563,1,19,0,18,0,1,0,0,0,0,1,1,6,1,7,-1,-1,-1,-1,-1
201320K015563,2,9,0,3,0,1,0,0,0,0,2,1,6,1,7,1597,1,4,2,1
201320K015623,1,9,0,18,0,8,0,7,4,0,3,1,6,2,11,1360,1,13,6,1
201320K015623,2,9,0,10,0,8,0,0,0,0,3,1,1,1,4,1399,2,3,5,1
201320K015643,1,9,0,17,0,0,1,0,0,0,4,1,6,1,4,998,1,3,5,1
201320K015643,2,9,0,16,0,0,0,0,0,0,1,1,6,1,9,2497,2,7,5,1
201320K015663,1,9,0,4,0,0,1,0,0,0,1,1,1,1,-1,1686,2,3,-1,-1
201320K015673,1,9,0,3,0,0,0,0,0,0,1,1,6,2,5,1388,1,8,1,1
201320K015673,2,9,0,3,0,0,0,0,0,0,2,1,6,2,8,-1,-1,-1,3,1
201320K015673,3,9,0,3,0,0,0,0,0,0,2,1,6,1,6,3189,1,6,10,1
201320K015683,1,9,0,3,0,1,0,0,0,0,2,1,2,1,7,2231,2,-1,4,1
201320K015683,2,9,0,4,0,1,0,0,0,0,1,1,2,1,7,1781,1,16,2,1
201320K015693,1,9,0,9,0,5,0,0,0,0,1,1,6,2,7,2987,2,4,3,1
201320K015703,1,9,0,18,0,8,0,0,2,1,1,1,6,2,6,1596,1,4,1,1
201320K015703,2,9,0,18,0,8,0,0,0,0,4,1,6,1,6,1598,1,7,5,1
201320K015713,1,9,0,9,0,8,0,0,0,0,1,1,6,1,-1,-1,-1,-1,-1,-1
201320K015713,2,1,0,18,0,8,0,0,0,0,3,1,6,1,3,-1,-1,-1,4,1
201320K015813,1,9,0,18,0,2,0,4,0,0,1,1,6,1,6,1362,1,-1,9,2
201320K015813,2,9,0,2,0,2,0,0,0,0,3,1,6,1,-1,1299,1,12,2,1
201320K015823,1,9,0,4,0,0,0,0,0,0,1,1,6,1,9,1390,1,3,4,1
201320K015823,2,9,0,3,0,0,0,0,0,0,2,1,6,2,7,1229,1,-1,3,1
201320K015843,1,9,0,18,0,0,0,0,0,0,1,1,6,1,-1,-1,-1,-1,-1,-1
201320K015853,1,9,0,9,0,6,0,0,1,0,1,1,6,1,5,1998,1,11,-1,-1
201320K015853,2,9,0,17,0,1,0,0,7,0,1,1,1,1,5,1248,2,6,3,1
201320K015873,1,9,0,7,0,6,0,0,0,0,1,1,6,3,-1,1242,1,11,-1,-1
201320K015873,2,1,0,18,0,8,0,0,0,0,2,1,2,1,6,-1,-1,-1,2,1
201320K015903,1,9,0,18,0,4,0,0,0,0,3,1,2,1,6,1242,1,7,2,1
201320K015903,2,9,0,9,0,4,0,0,0,0,1,1,2,2,7,1296,1,5,1,1
201320K015953,1,9,0,18,0,2,0,0,0,0,1,1,2,1,6,1998,1,5,2,1
201320K015963,1,19,0,11,0,3,0,0,0,0,4,1,6,1,9,2148,2,7,5,1
201320K015963,2,9,0,7,0,3,0,0,0,0,3,1,6,1,6,1596,1,14,1,1
201320K015993,1,9,0,18,0,1,0,0,7,2,1,1,6,2,9,1197,1,1,2,1
201320K016013,1,9,0,14,0,0,0,0,0,0,4,1,1,1,6,-1,-1,-1,1,1
201320K016073,1,9,0,18,0,0,0,0,0,0,1,1,6,1,8,-1,-1,-1,1,1
201320K500013,1,9,0,9,0,5,0,0,0,0,4,1,6,1,-1,1997,2,3,-1,-1
201320K500013,2,9,0,17,0,8,0,0,0,0,1,1,6,2,9,1689,2,10,2,1
201320K500023,1,9,0,3,0,0,0,0,0,0,2,1,6,2,6,1998,1,6,1,1
201320K500023,2,19,0,18,0,0,0,0,0,0,1,1,1,1,-1,2148,2,7,-1,-1
201320K500033,1,9,0,18,0,0,0,0,0,0,4,1,6,3,-1,-1,-1,-1,-1,-1
201320K500033,2,1,0,18,0,0,0,0,0,0,1,1,6,1,6,-1,-1,-1,1,1
201320K500043,1,9,0,9,0,8,0,0,0,0,1,1,6,2,7,1968,2,-1,4,1
201320K500043,2,9,0,18,0,8,0,0,0,0,2,1,6,2,6,1461,2,1,2,1
201320K500053,1,9,0,18,0,2,0,0,0,0,3,1,6,1,4,1686,2,8,3,1
201320K500053,2,9,0,18,0,1,0,0,0,0,1,1,2,1,7,1975,1,8,5,1
201320K500203,1,9,0,18,0,0,1,10,7,10,1,1,2,1,6,1490,1,5,3,1
201320K500203,2,9,0,18,0,0,0,0,0,0,1,1,2,1,8,1124,1,11,3,1
201320K500203,3,19,0,18,0,0,1,0,0,0,1,1,2,1,6,2463,2,9,3,1
201320K500213,1,9,0,18,0,1,0,0,0,0,1,1,6,3,-1,-1,-1,-1,-1,-1
201320K500223,1,19,0,4,0,0,0,0,0,0,1,1,6,1,5,1870,2,11,2,1
201320K500223,2,9,0,3,0,0,0,0,0,0,2,1,6,1,5,3123,1,8,-1,-1
201320K500253,1,9,0,18,0,8,0,0,0,0,1,1,6,1,8,1679,1,14,4,1
201320K500253,2,9,0,9,0,8,0,0,0,0,4,1,6,3,-1,1396,1,11,-1,-1
201320K500263,1,9,0,9,0,8,0,0,0,0,1,1,6,1,4,1753,2,10,2,1
201320K500263,2,9,0,18,0,8,0,0,0,0,1,1,6,1,6,1199,1,9,3,1
201320K500293,1,9,0,9,0,5,0,0,0,0,4,1,6,1,7,1896,2,11,2,1
201320K500293,2,3,0,18,0,8,0,0,0,0,2,1,6,1,4,124,1,3,1,1
201320K500303,1,8,0,7,0,5,0,0,0,0,2,1,6,1,7,-1,-1,-1,1,1
201320K500303,2,9,0,18,0,1,0,0,0,0,1,1,6,2,-1,1198,1,10,-1,-1
201320K500343,1,9,0,18,0,0,0,0,0,0,1,1,6,1,10,1998,1,11,2,1
201320K500343,2,9,0,2,0,0,0,0,0,0,1,1,1,1,-1,1999,1,8,10,1
201320K500343,3,9,0,3,0,0,0,0,0,0,1,1,6,1,9,-1,-1,-1,8,3
201320K500343,4,9,0,3,0,0,0,0,0,0,1,1,6,1,10,1527,2,17,3,1
201320K500343,5,9,0,3,0,0,0,0,0,0,1,1,6,1,8,1248,2,6,1,1
201320K500403,1,8,0,9,0,2,0,10,1,0,1,1,1,1,6,1998,2,3,1,1
201320K500433,1,19,0,9,0,6,0,0,0,0,3,1,1,1,6,2402,2,10,1,1
201320K500433,2,9,0,18,0,8,0,0,0,0,1,1,6,2,8,1956,2,3,6,1
201320K500453,1,9,0,11,0,3,0,0,0,0,3,1,6,1,-1,1598,1,5,-1,-1
201320K500453,2,9,0,7,0,3,0,0,0,0,1,1,6,1,6,2597,1,11,3,1
201320K500643,1,9,0,18,0,1,0,0,0,0,4,1,2,2,7,1995,2,8,3,1
201320K500643,2,9,0,10,0,1,0,0,0,0,2,1,1,1,7,998,1,19,2,1
201320K500643,3,9,0,18,0,8,0,0,0,0,3,1,1,1,7,1769,7,7,2,1
201320K500863,1,9,0,18,0,8,0,0,0,0,1,1,1,1,5,1339,1,7,2,1
201320K500863,2,9,0,18,0,8,0,0,0,0,4,1,6,1,7,2498,1,14,3,1
201320K500863,3,9,0,18,0,8,0,0,0,0,3,1,6,1,5,1149,1,-1,6,1
201320K501373,1,3,0,18,0,8,1,0,0,0,1,1,6,2,6,124,1,3,1,1
201320K501373,2,9,0,9,0,5,0,0,0,0,4,1,6,1,7,1590,1,19,3,1
201320K501783,1,9,0,18,0,8,0,0,0,0,1,1,2,1,6,1598,1,12,1,1
201320K501783,2,19,0,9,0,8,0,0,0,0,1,1,2,1,6,2198,2,5,6,1
201320K501783,3,9,0,7,0,6,0,0,0,0,3,1,2,1,-1,1997,2,11,3,1
201320K501903,1,3,0,13,0,1,0,0,0,0,1,1,6,1,4,124,1,19,1,1
201320K501903,2,9,0,6,0,1,0,0,0,0,1,1,6,1,7,1149,1,8,3,1
201320K501953,1,9,0,18,0,0,0,4,0,0,1,1,6,1,5,1896,2,11,3,1
201320K501953,2,9,0,2,0,0,0,0,0,0,1,1,6,1,7,2457,1,7,2,1
201320K501953,3,9,0,2,0,0,0,0,0,0,1,1,6,1,-1,1910,2,9,-1,-1
201320K503463,1,9,0,9,0,8,0,0,0,0,1,1,6,1,7,2982,2,2,2,1
201320K503463,2,9,0,18,0,8,0,0,1,10,1,1,6,1,6,1364,1,6,1,1
201320K603223,1,9,0,14,0,1,1,0,0,0,1,1,6,1,6,1242,1,7,1,1
201320K628863,1,4,0,16,0,0,1,0,0,0,1,1,6,1,4,-1,-1,-1,2,1
201320K628863,2,4,0,17,0,0,1,0,0,0,1,1,6,1,5,-1,-1,-1,3,1
201320K633783,1,9,0,9,0,5,0,0,0,0,4,1,6,1,-1,1242,1,16,3,1
201320K633783,2,9,0,18,0,8,0,0,0,0,1,1,2,2,8,1598,2,2,7,1
201320K642833,1,9,0,18,0,1,0,0,0,0,1,1,6,2,-1,1390,1,12,-1,-1
201320K642833,2,9,0,8,0,1,0,0,0,0,2,1,6,1,7,1700,1,30,4,1
201320K642853,1,9,0,15,0,0,0,0,0,0,1,1,6,1,-1,-1,-1,-1,-1,-1
201320K642853,2,9,0,1,0,0,0,0,0,0,1,1,6,2,5,-1,-1,-1,1,1
201320K702143,1,9,0,7,0,3,0,0,0,0,1,1,6,3,-1,-1,-1,-1,-1,-1
201320K702143,2,9,0,7,0,3,0,9,7,1,1,1,6,1,6,1796,1,10,3,1
201320L000263,1,9,0,18,0,0,0,0,0,0,1,1,6,1,-1,1388,1,9,-1,-1
201320L000263,2,9,0,18,0,0,0,0,0,0,2,1,6,2,10,1896,2,9,7,3
201320L000263,3,9,0,4,0,0,0,0,0,0,2,1,6,1,-1,1598,1,1,4,1
201320L000273,1,9,0,14,0,0,0,4,0,0,1,1,6,2,4,-1,-1,-1,10,3
201320L000273,2,19,0,2,0,0,0,7,1,4,2,1,6,1,7,2402,2,12,10,3
201320L000363,1,9,0,17,0,0,1,0,7,0,1,1,6,1,4,-1,-1,-1,9,2
201320L000363,2,9,0,16,0,0,1,0,0,0,1,1,6,2,8,1596,1,8,4,1
201320L000373,1,3,0,18,0,1,1,0,0,0,1,1,6,1,4,125,1,1,10,1
201320L000383,1,19,0,18,0,0,0,0,0,0,1,1,6,1,8,-1,-1,-1,1,1
201320L000393,1,9,0,18,0,1,0,0,0,0,1,1,6,2,8,1299,1,9,1,1
201320L000413,1,9,0,18,0,1,0,0,0,0,1,1,6,1,6,2616,1,9,7,1
201320L000413,2,9,0,3,0,1,0,0,0,0,2,1,3,1,8,2099,2,7,1,1
201320L000423,1,9,0,5,0,0,0,0,0,0,1,1,6,3,-1,-1,-1,-1,-1,-1
201320L000433,1,9,0,18,0,0,0,0,0,0,1,1,6,3,-1,998,1,4,-1,-1
201320L000433,2,1,0,12,0,0,0,0,0,0,3,1,1,1,4,-1,-1,-1,5,1
201320L000563,1,9,0,18,0,1,0,0,0,0,1,1,6,1,-1,-1,-1,-1,-1,-1
201320L000563,2,9,0,3,0,1,0,0,0,0,2,1,6,1,-1,998,1,8,-1,-1
201320L000563,3,9,0,3,0,1,0,0,0,0,2,1,6,1,5,2179,2,4,2,1
201320L000593,1,9,0,7,0,8,0,0,0,0,1,1,2,2,8,1242,1,6,8,1
201320L000593,2,1,0,18,0,8,0,0,0,0,4,1,2,1,6,-1,-1,-1,10,1
201320L000603,1,1,0,18,0,0,0,0,0,0,3,1,6,1,3,-1,-1,-1,1,1
201320L000603,2,9,0,18,0,0,0,0,0,0,1,1,6,1,9,1390,1,2,1,1
201320L000613,1,9,0,18,0,0,0,10,1,2,1,1,6,1,5,1590,1,11,2,1
201320L000693,1,9,0,18,0,0,1,0,0,0,1,1,1,1,-1,-1,-1,-1,3,1
201320L000693,2,9,0,18,0,0,1,0,0,0,2,1,2,2,8,998,1,5,6,1
201320L000693,3,9,0,18,0,0,1,0,0,0,2,1,6,1,-1,1686,2,4,-1,-1
201320L000763,1,8,0,16,0,0,1,0,0,0,3,1,4,1,9,1560,2,6,1,1
201320L000763,2,9,0,17,0,0,0,0,0,0,1,1,6,3,-1,-1,-1,-1,-1,-1
201320L000783,1,9,0,18,0,0,0,0,0,0,3,1,6,1,8,1596,1,15,8,1
201320L000823,1,21,0,18,0,0,1,0,0,0,1,1,1,1,8,-1,-1,-1,1,1
201320L000823,2,9,0,18,0,0,1,0,1,0,2,1,2,1,8,1951,2,12,1,1
201320L000993,1,9,0,5,0,0,0,0,0,0,1,1,6,1,6,2204,2,4,8,1
201320L001063,1,9,0,18,0,0,0,0,0,0,4,1,6,2,-1,-1,-1,-1,-1,-1
201320L001093,1,9,0,4,0,0,0,0,0,0,1,1,6,1,-1,1999,1,2,-1,-1
201320L001093,2,9,0,4,0,0,0,0,0,0,2,1,6,1,8,1998,1,15,1,1
201320L001153,1,9,0,18,0,0,1,0,0,0,1,1,1,2,8,1596,1,7,10,1
201320L001153,2,9,0,2,0,0,0,0,0,0,2,1,1,1,6,1242,1,2,7,1
201320L001153,3,9,0,2,0,0,0,0,0,0,1,1,1,2,4,1937,1,10,10,2
201320L001163,1,9,0,9,0,5,0,0,0,0,1,1,6,1,6,1595,1,11,10,1
201320L001163,2,1,0,18,0,8,0,0,0,0,1,1,6,1,6,-1,-1,-1,5,1
201320L001183,1,9,0,18,0,1,0,10,1,10,1,1,6,3,-1,-1,-1,-1,-1,-1
201320L001183,2,11,0,18,0,1,0,0,0,0,0,1,1,1,-1,7300,2,1,-1,-1
201320L001193,1,8,0,7,0,6,0,0,0,0,1,1,6,1,7,1896,2,8,5,1
201320L001193,2,9,0,18,0,8,0,0,0,0,4,1,6,1,7,1686,2,3,1,1
201320L001203,1,9,0,5,0,4,0,0,0,0,1,1,1,1,7,-1,-1,-1,7,1
201320L001203,2,4,0,9,0,3,0,0,0,0,4,1,6,1,6,849,1,13,8,1
201320L001253,1,1,0,18,0,0,0,0,0,0,1,1,6,1,4,-1,-1,-1,1,1
201320L001253,2,9,0,18,0,0,0,0,0,0,1,1,6,1,7,1596,1,8,2,1
201320L001273,1,9,0,5,0,8,0,4,0,0,3,1,6,2,6,1998,1,8,7,1
201320L001273,2,9,0,18,0,8,2,0,0,0,4,1,6,2,10,1799,1,7,5,1
201320L001273,3,9,0,2,0,8,0,0,0,0,3,1,6,1,8,1995,1,10,1,1
201320L001283,1,9,0,18,0,0,0,0,0,0,3,1,3,2,6,1242,1,7,1,1