Accident_Index,Vehicle_Reference,Vehicle_Type,Towing_and_Articulation,Vehicle_Manoeuvre,Vehicle_Location-Restricted_Lane,Junction_Location,Skidding_and_Overturning,Hit_Object_in_Carriageway,Vehicle_Leaving_Carriageway,Hit_Object_off_Carriageway,1st_Point_of_Impact,Was_Vehicle_Left_Hand_Drive?,Journey_Purpose_of_Driver,Sex_of_Driver,Age_Band_of_Driver,Engine_Capacity_(CC),Propulsion_Code,Age_of_Vehicle,Driver_IMD_Decile,Driver_Home_Area_Type
201320M012783,1,9,0,17,0,0,1,10,8,10,1,1,6,1,4,1299,1,12,1,1
201320M012793,1,9,0,9,0,8,0,0,0,0,1,1,6,1,4,1149,1,5,9,1
201320M012793,2,9,0,18,0,8,0,0,0,0,1,1,6,2,5,1299,1,11,9,1
201320M012813,1,9,0,18,0,0,0,0,0,0,1,1,6,1,9,1988,2,8,6,1
201320M012813,2,9,0,18,0,0,1,0,0,0,1,1,6,1,4,-1,-1,-1,2,1
201320M012973,1,2,0,7,0,5,1,0,0,0,0,1,6,1,4,49,1,-1,8,1
201320M013023,1,9,0,18,0,0,0,0,0,0,1,1,6,2,8,1596,1,5,10,1
201320M013023,2,1,0,18,0,0,0,0,0,0,3,1,6,1,3,-1,-1,-1,4,1
201320M013043,1,9,0,14,0,0,0,0,0,0,4,1,6,1,9,1596,1,5,3,1
201320M013063,1,9,0,7,0,6,0,0,0,0,1,1,6,2,5,1596,1,7,6,1
201320M013273,1,9,0,18,0,0,0,0,0,0,1,1,6,2,-1,2148,2,5,10,1
201320M013273,2,1,0,18,0,0,0,0,0,0,4,1,6,1,4,-1,-1,-1,10,1
201320M013313,1,19,0,18,0,1,0,0,0,0,1,1,1,1,7,2198,2,1,4,2
201320M013313,2,9,0,4,0,1,0,0,7,6,2,1,6,1,6,1332,1,14,1,1
201320M013343,1,19,0,18,0,4,1,9,3,1,1,1,1,1,6,2151,2,9,2,1
201320M013353,1,19,0,7,9,6,0,0,0,0,4,1,6,1,-1,2148,2,7,-1,-1
201320M013363,1,8,0,9,0,5,0,0,0,0,4,1,2,1,5,1242,1,17,4,1
201320M013363,2,5,0,18,0,8,1,0,0,0,1,1,2,1,7,650,1,19,5,1
201320M013373,1,10,0,18,0,0,0,0,0,0,1,1,6,1,9,2798,2,7,3,1
201320M013373,2,9,0,18,0,0,0,0,0,0,2,1,6,1,9,1995,1,11,7,1
201320M013373,3,9,0,18,0,0,0,0,0,0,2,1,6,1,-1,1560,2,3,4,1
201320M013373,4,9,0,18,0,0,0,0,0,0,2,1,6,1,-1,1796,1,9,9,1
201320M013383,1,2,0,18,0,8,0,0,0,0,1,1,6,1,5,100,1,10,6,1
201320M013383,2,9,0,9,0,8,0,0,0,0,1,1,6,2,7,1229,1,3,-1,-1
201320M013393,1,9,0,18,0,0,0,0,0,0,1,1,6,1,-1,1596,1,8,-1,-1
201320M013403,1,9,0,5,0,1,0,0,0,0,1,1,6,1,-1,1598,1,5,-1,-1
201320M013403,2,3,0,10,0,1,0,0,0,0,2,1,6,1,6,125,1,3,3,1
201320M013413,1,9,0,18,0,0,0,0,0,0,1,1,2,2,8,1896,2,8,7,1
201320M013463,1,9,0,5,0,1,0,0,0,0,1,1,6,1,-1,1560,2,1,10,1
201320M013463,2,9,0,5,0,1,0,0,0,0,2,1,6,2,8,1896,2,14,4,1
201320M013473,1,9,0,9,0,5,0,0,0,0,1,1,6,1,11,1868,2,10,5,2
201320M013473,2,5,0,18,0,8,0,0,0,0,1,1,6,1,8,844,1,37,6,1
201320M013493,1,19,0,18,0,4,0,0,0,0,3,1,6,1,-1,1995,2,7,-1,-1
201320M013493,2,1,0,7,0,3,0,0,0,0,4,1,6,1,5,-1,-1,-1,5,1
201320M013503,1,9,0,18,0,0,0,0,0,0,4,1,6,2,10,1248,1,1,10,1
201320M013513,1,9,0,18,0,8,0,0,7,4,1,1,6,1,6,2148,2,5,4,1
201320M013513,2,9,0,9,0,8,0,0,0,0,1,1,6,1,9,1968,2,5,1,1
201320M013513,3,9,0,18,0,8,0,0,0,0,2,1,6,1,7,1968,2,2,5,1
201320M013553,1,90,0,18,0,4,0,0,0,0,0,1,1,1,5,2464,2,6,3,1
201320M013553,2,9,0,18,0,8,0,0,0,0,2,1,6,1,8,1560,2,6,6,1
201320M013553,3,20,0,18,0,8,0,0,0,0,1,1,1,1,8,3920,2,6,4,2
201320M013583,1,9,0,4,0,0,0,0,0,0,1,1,6,1,5,-1,-1,-1,9,3
201320M013583,2,9,0,3,0,0,0,0,0,0,2,1,6,1,8,2199,2,-1,7,3
201320M013583,3,9,0,3,0,0,0,0,0,0,2,1,6,1,6,1968,2,5,9,3
201320M013613,1,9,0,17,0,0,0,0,0,0,1,1,6,2,-1,-1,-1,-1,-1,-1
201320M013623,1,9,0,9,0,8,1,0,0,0,1,1,1,1,4,2926,2,10,10,1
201320M013623,2,9,0,18,0,8,0,0,0,0,1,1,1,2,9,1360,1,3,9,3
201320M013663,1,9,0,18,0,1,0,0,0,0,1,1,2,1,9,1388,1,7,6,1
201320M013663,2,9,0,3,0,1,0,0,0,0,2,1,2,1,6,1797,1,13,8,1
201320M013663,3,9,0,3,0,1,0,0,0,0,2,1,2,1,9,1598,1,6,1,1
201320M013663,4,9,0,12,0,1,0,8,0,0,1,1,6,1,9,1896,2,16,8,1
201320M013673,1,9,0,5,0,1,0,0,0,0,1,1,6,1,7,1388,1,8,1,1
201320M013673,2,9,0,5,0,1,0,0,0,0,2,1,1,1,7,-1,-1,-1,2,1
201320M013703,1,9,0,7,0,2,0,0,0,0,1,1,6,2,6,1242,1,14,4,1
201320M013703,2,1,0,9,0,1,0,0,0,0,1,1,6,1,6,-1,-1,-1,1,1
201320M013743,1,9,0,18,0,2,0,0,0,0,1,1,6,2,7,1497,1,8,4,1
201320M013783,1,9,0,12,0,8,0,0,0,0,3,1,6,2,5,1598,1,11,5,1
201320M013783,2,5,0,18,0,8,0,0,0,0,4,1,2,1,6,600,1,11,9,3
201320M013813,1,11,0,4,0,4,0,0,0,0,0,1,1,1,7,7300,2,-1,-1,-1
201320M013813,2,9,0,11,0,8,0,0,0,0,0,1,6,3,-1,1560,2,4,-1,-1
201320M013823,1,11,0,18,0,1,0,0,0,0,0,1,1,1,8,7300,2,8,6,1
201320M013843,1,1,0,18,0,1,5,8,0,0,1,1,1,1,4,-1,-1,-1,4,1
201320M013843,2,9,0,2,0,1,0,0,0,0,3,1,6,1,-1,1997,2,9,3,1
201320M013853,1,9,0,9,0,4,0,0,0,0,1,1,2,1,5,1086,1,8,-1,-1
201320M013853,2,9,0,7,0,3,0,0,0,0,4,1,6,1,7,796,1,13,7,1
201320M013903,1,9,0,4,0,0,0,0,0,0,1,1,6,1,-1,1396,1,9,-1,-1
201320M013903,2,9,0,3,0,0,0,0,0,0,2,1,6,1,8,-1,-1,-1,5,1
201320M013913,1,9,0,1,0,0,0,0,0,0,2,1,6,1,-1,2000,2,8,-1,-1
201320M013913,2,9,0,2,0,0,0,0,0,0,4,1,6,1,11,1596,1,11,4,1
201320M014013,1,2,0,18,0,2,0,0,0,0,1,1,6,1,4,49,1,7,1,1
201320M014013,2,9,0,7,0,2,0,0,0,0,2,1,6,2,7,1388,1,9,2,1
201320M014023,1,9,0,5,0,6,0,0,0,0,3,1,6,1,-1,1895,1,13,1,1
201320M014023,2,3,0,18,0,8,0,0,0,0,1,1,2,1,5,100,1,12,5,1
201320M014033,1,9,0,16,0,0,0,0,0,0,1,1,6,1,-1,1995,1,10,-1,-1
201320M014033,2,9,0,17,0,0,0,0,0,0,1,1,2,1,7,1753,2,7,2,1
201320M014053,1,9,0,3,0,1,0,0,0,0,1,1,6,2,7,1716,2,13,1,1
201320M014053,2,9,0,3,0,1,0,0,0,0,2,1,6,1,5,1984,1,1,2,1
201320M014063,1,9,0,14,0,1,0,0,0,0,1,1,6,1,-1,1598,2,2,-1,-1
201320M014063,2,90,0,7,0,2,0,0,0,0,1,1,6,1,7,1584,1,-1,9,1
201320M014073,1,1,0,15,0,1,0,8,0,0,3,1,6,2,7,-1,-1,-1,1,1
201320M014073,2,9,0,2,0,1,0,0,0,0,4,1,6,3,-1,-1,-1,-1,-1,-1
201320M014083,1,9,0,18,0,0,1,10,7,7,1,1,6,1,5,1242,1,13,1,1
201320M014143,1,1,0,18,0,1,0,0,0,0,1,1,6,1,4,-1,-1,-1,3,1
201320M014143,2,9,0,18,0,1,0,0,0,0,1,1,6,1,-1,-1,-1,-1,-1,-1
201320M014153,1,9,0,9,0,1,0,0,0,0,1,1,6,1,-1,-1,-1,-1,-1,-1
201320M014163,1,9,0,2,0,2,0,0,0,0,3,1,6,1,6,1984,1,5,-1,-1
201320M014163,2,9,0,4,0,2,0,0,0,0,1,1,3,2,7,1390,1,16,2,1
201320M014323,1,9,0,18,0,1,0,0,0,0,1,1,6,1,5,-1,-1,-1,5,1
201320M014323,2,9,0,3,0,1,0,0,0,0,2,1,6,1,7,1390,1,4,3,1
201320M014333,1,8,0,3,0,1,0,0,0,0,2,1,6,1,-1,2151,2,11,-1,-1
201320M014343,1,9,0,18,0,8,0,0,7,10,4,1,6,1,6,1598,2,3,6,1
201320M014343,2,9,0,18,0,8,0,0,0,0,1,1,6,1,11,2799,1,13,9,1
201320M014383,1,9,0,1,0,0,0,4,0,0,4,1,6,1,-1,1390,1,8,8,1
201320M014383,2,9,0,2,0,0,0,0,0,0,3,1,6,2,5,998,1,3,1,1
201320M014433,1,9,0,18,0,1,0,0,0,0,4,1,3,2,6,1396,1,13,2,1
201320M014443,1,9,0,2,0,0,0,0,0,0,1,1,6,1,7,1839,1,10,5,1
201320M014443,2,9,0,17,0,0,1,0,0,0,1,1,2,1,4,1197,1,2,5,1
201320M014453,1,9,0,9,0,6,0,0,0,0,3,1,1,2,7,1769,1,11,2,1
201320M014453,2,9,0,18,0,8,0,0,0,0,1,1,6,1,6,1968,2,2,3,1
201320M014463,1,9,0,9,0,6,0,0,0,0,1,1,1,1,6,1396,1,16,7,1
201320M014463,2,1,0,18,0,8,0,0,0,0,1,1,1,1,8,-1,-1,-1,2,1
201320M014473,1,9,0,18,0,0,0,0,0,0,4,1,6,3,-1,-1,-1,-1,-1,-1
201320M014483,1,9,0,9,0,6,0,0,4,0,3,1,1,1,6,1968,2,-1,3,1
201320M014483,2,9,0,18,0,8,0,0,1,10,1,1,1,2,6,1600,1,12,2,1
201320M014533,1,9,0,7,0,1,0,0,0,0,1,1,6,3,-1,-1,-1,-1,-1,-1
201320M014583,1,1,0,18,0,0,0,0,0,0,1,1,6,1,2,-1,-1,-1,5,1
201320M014583,2,9,0,18,0,0,0,0,0,0,4,1,6,1,6,1560,2,6,1,1
201320M014623,1,9,0,9,0,6,0,0,1,1,3,1,6,2,5,1560,2,1,6,1
201320M014623,2,9,0,18,0,8,0,0,0,0,1,2,6,1,4,-1,-1,-1,1,1
201320M014793,1,9,0,18,0,0,0,0,0,0,3,1,6,1,-1,1997,2,4,-1,-1
201320M014863,1,9,0,18,0,0,0,0,0,0,4,1,6,1,-1,-1,-1,-1,-1,-1
201320M014883,1,9,0,2,0,0,0,0,0,0,3,1,6,1,-1,1596,1,8,-1,-1
201320M014883,2,1,0,14,0,0,0,8,0,0,1,1,2,2,5,-1,-1,-1,7,1
201320M014893,1,9,0,18,0,0,0,10,1,3,1,1,6,2,8,1242,1,7,4,1
201320M014903,1,9,0,16,0,0,1,7,4,2,2,1,2,1,6,1596,1,13,3,1
201320M014913,1,9,0,18,0,4,0,0,0,0,1,1,2,2,7,1796,1,9,5,1
201320M014913,2,1,0,18,0,3,0,0,0,0,4,1,2,2,5,-1,-1,-1,2,1
201320M014923,1,9,0,7,0,1,0,0,0,0,3,1,6,3,-1,-1,-1,-1,-1,-1
201320M014923,2,1,0,18,0,1,0,0,0,0,1,1,6,1,3,-1,-1,-1,4,1
201320M014933,1,9,0,9,0,8,0,0,0,0,1,1,6,2,10,1598,1,2,1,1
201320M014933,2,1,0,18,4,8,0,0,0,0,1,1,6,1,8,-1,-1,-1,4,1
201320M014943,1,9,0,9,0,5,0,0,0,0,4,1,1,1,8,1596,1,17,3,1
201320M014943,2,2,0,18,0,8,0,0,0,0,1,1,6,2,8,49,1,4,4,1
201320M014953,1,4,0,16,0,0,2,0,0,0,3,1,6,1,5,-1,-1,-1,3,1
201320M014953,2,9,0,17,0,0,0,0,0,0,1,1,1,1,-1,1560,2,3,-1,-1
201320M014963,1,9,0,18,0,8,0,0,7,0,4,1,6,2,11,1196,1,28,7,1
201320M014963,2,9,0,18,0,8,0,0,0,0,1,1,6,1,9,1388,1,4,4,1
201320M014973,1,9,0,5,0,1,0,0,0,0,1,1,6,1,6,1299,1,15,2,1
201320M014973,2,9,0,3,0,1,0,0,0,0,2,1,6,1,6,1998,1,6,6,1
201320M014983,1,9,0,9,0,4,0,0,0,0,3,1,6,1,-1,-1,-1,-1,-1,-1
201320M014983,2,9,0,17,0,8,0,0,0,0,4,1,6,2,4,1388,1,10,5,1
201320M015033,1,9,0,18,0,1,0,0,0,0,1,1,6,1,10,1995,2,1,4,1
201320M015033,2,9,0,3,0,1,0,0,0,0,2,1,6,1,8,1798,1,8,1,1
201320M015043,1,19,0,18,9,0,5,10,1,2,1,1,6,1,7,1995,2,6,1,1
201320M015043,2,9,0,2,9,0,0,0,0,0,1,1,6,3,-1,1360,1,9,-1,-1
201320M015173,1,9,0,14,0,1,0,0,0,0,4,1,6,3,-1,-1,-1,-1,-1,-1
201320M015173,2,8,0,2,0,1,0,0,0,0,3,1,1,1,8,2402,2,10,1,1
201320M015263,1,9,0,4,0,0,0,0,0,0,1,1,6,1,-1,1299,1,16,-1,-1
201320M015263,2,9,0,3,0,0,0,0,0,0,2,1,2,1,7,2401,2,8,7,1
201320M015263,3,9,0,3,0,0,0,0,0,0,2,1,6,1,-1,1229,1,1,-1,-1
201320M015293,1,9,0,9,0,5,0,0,0,0,1,1,6,2,9,1905,2,18,3,1
201320M015293,2,9,0,5,0,8,0,10,1,7,1,1,6,1,10,2993,2,3,7,3
201320M015333,1,9,0,5,0,0,0,0,0,0,1,1,1,2,4,1242,1,9,1,1
201320M015333,2,9,0,3,0,0,0,0,0,0,1,1,3,2,7,1998,1,7,4,1
201320M015343,1,9,0,18,0,0,0,0,0,0,1,1,6,1,5,3200,1,6,5,1
201320M015393,1,9,0,5,0,0,0,4,0,0,1,1,6,2,9,2987,2,3,-1,-1
201320M015393,2,9,0,2,0,0,0,0,0,0,1,1,6,2,10,1149,1,9,5,1
201320M015413,1,19,0,18,0,0,0,0,0,0,1,1,6,1,7,1870,2,11,3,1
201320M015413,2,9,0,18,0,0,0,0,0,0,2,1,6,1,7,2495,2,11,1,1
201320M015413,3,9,0,18,0,0,0,0,0,0,2,1,6,2,6,1596,1,11,7,1
201320M015443,1,9,0,7,0,6,0,0,0,0,1,1,6,1,6,2204,2,6,1,1
201320M015443,2,19,0,18,0,8,0,0,0,0,4,1,1,1,7,2488,2,6,3,1
201320M015463,1,19,0,9,0,6,0,0,0,0,1,1,1,1,6,2143,2,1,2,1
201320M015463,2,9,0,9,0,5,0,0,0,0,3,1,6,1,6,1461,2,-1,2,1
201320M015473,1,9,0,9,0,8,1,10,3,10,1,1,6,1,5,1998,1,9,3,1
201320M015483,1,19,0,9,0,8,0,0,0,0,3,1,1,1,9,2198,2,4,6,1
201320M015483,2,11,0,18,0,8,1,0,0,0,1,1,1,1,7,8268,2,12,9,1
201320M015483,3,19,0,18,0,1,0,0,0,0,3,1,1,1,6,2198,2,4,4,1
201320M015643,1,8,0,5,0,0,0,0,0,0,0,1,6,1,7,1997,2,8,4,1
201320M015643,2,3,0,13,0,0,0,0,0,0,0,1,6,1,6,124,1,5,1,1
201320M015653,1,9,0,5,0,8,0,0,0,0,1,1,6,3,-1,2598,1,18,-1,-1
201320M015653,2,11,0,13,0,8,0,0,0,0,3,1,6,1,5,6871,2,5,1,1
201320M015663,1,19,0,18,0,2,0,0,0,0,1,1,6,1,6,-1,-1,-1,3,2
201320M015663,2,1,0,18,0,2,0,0,0,0,2,1,2,1,7,-1,-1,-1,5,1
201320M015683,1,9,0,18,0,8,0,7,4,10,2,1,6,1,6,998,1,10,8,1
201320M015683,2,20,0,18,0,8,0,0,0,0,1,1,1,1,7,11705,2,9,5,1
201320M015833,1,9,0,18,0,1,0,0,0,0,1,1,6,1,5,1796,1,3,5,1
201320M015833,2,9,0,3,0,1,0,0,0,0,2,1,6,2,10,-1,-1,-1,3,1
201320M015833,3,9,0,3,0,1,0,0,0,0,2,1,6,2,8,1596,1,8,4,1
201320M015853,1,9,0,9,0,5,0,0,0,0,4,1,6,2,5,1398,2,11,3,1
201320M015853,2,9,0,18,0,1,0,0,0,0,1,1,6,2,6,1198,1,6,3,1
201320M015853,3,9,0,18,0,1,0,0,0,0,1,1,6,2,9,2495,2,15,10,1
201320M015873,1,9,0,4,9,0,0,0,0,0,1,1,6,2,-1,1360,1,5,4,1
201320M015883,1,9,0,1,0,5,0,0,1,0,1,1,6,1,8,1968,2,6,5,1
201320M015923,1,8,0,18,0,8,0,0,0,0,4,1,6,3,-1,-1,-1,-1,-1,-1
201320M015923,2,1,0,18,0,8,1,0,0,0,3,1,2,1,6,-1,-1,-1,2,1
201320M015933,1,9,0,2,0,0,0,0,0,0,3,1,6,1,-1,-1,-1,-1,-1,-1
201320M015933,2,1,0,14,0,0,0,0,0,0,1,1,6,1,5,-1,-1,-1,1,1
201320M015993,1,9,0,18,0,1,0,0,0,0,1,1,2,2,9,1595,2,3,6,1
201320M015993,2,9,0,3,0,1,0,0,0,0,2,1,2,2,8,1368,1,4,10,1
201320M015993,3,9,0,3,0,1,0,0,0,0,2,1,2,1,7,1596,1,8,5,2
201320M016003,1,9,0,5,0,0,0,0,0,0,3,1,6,2,8,1360,1,5,3,1
201320M016003,2,3,0,18,0,0,0,0,0,0,3,1,6,1,5,125,1,-1,5,1
201320M016013,1,9,0,1,0,0,0,0,0,0,2,1,6,1,-1,-1,-1,-1,5,1
201320M016013,2,9,0,3,0,0,0,0,0,0,1,1,6,2,8,1560,2,8,2,1
201320M016033,1,9,0,18,0,2,0,0,0,0,1,1,6,1,7,1229,1,9,5,1
201320M016033,2,9,0,3,0,2,0,0,0,0,2,1,6,1,11,1896,2,10,4,1
201320M016033,3,9,0,3,0,2,0,0,0,0,2,1,6,1,-1,1870,2,9,6,1
201320M016043,1,9,0,18,0,0,0,4,0,0,1,1,6,1,7,1753,2,7,2,1
201320M016043,2,9,0,2,0,0,0,0,1,0,2,1,6,1,7,1753,2,11,1,1
201320M016053,1,9,0,18,0,0,1,0,0,0,1,1,6,2,6,999,1,10,8,1
201320M016053,2,9,0,4,0,0,0,0,0,0,2,1,6,2,9,999,1,1,6,1
201320M016053,3,9,0,3,0,0,0,0,0,0,2,1,6,1,8,2993,2,5,7,1
201320M016063,1,9,0,14,0,0,0,0,0,0,1,1,1,1,5,1242,1,14,7,1
201320M016063,2,9,0,14,0,0,0,0,0,0,1,1,1,1,6,998,1,12,1,1
201320M016073,1,9,0,5,0,8,0,0,0,0,1,1,6,1,5,-1,-1,-1,8,1
201320M016073,2,9,0,5,0,8,0,0,0,0,1,1,6,2,7,1910,2,4,8,1
201320M016083,1,9,0,9,0,8,0,0,0,0,1,1,6,2,9,1796,1,11,10,1
201320M016083,2,1,0,10,0,8,0,0,0,0,3,1,6,1,10,-1,-1,-1,7,1
201320M016093,1,1,0,18,0,2,0,0,0,0,4,1,6,1,4,-1,-1,-1,1,1
201320M016093,2,9,0,18,0,3,0,0,0,0,4,1,6,2,8,998,1,18,-1,-1
201320M016103,1,11,0,4,0,0,0,0,0,0,0,1,1,1,7,8268,2,11,2,1
201320M016123,1,1,0,18,0,2,0,0,0,0,1,1,6,1,3,-1,-1,-1,2,1
201320M016123,2,8,0,7,0,2,0,0,0,0,3,1,6,2,9,-1,-1,-1,2,1
201320M016133,1,21,1,4,0,1,0,0,0,0,1,2,1,1,8,-1,-1,-1,-1,-1
201320M016133,2,9,0,3,0,1,0,0,0,0,2,1,2,1,8,1968,2,7,8,1
201320M016233,1,9,0,4,0,0,0,0,0,0,1,1,3,2,-1,1598,1,2,-1,-1
201320M016243,1,9,0,12,0,0,0,0,0,0,3,1,6,2,-1,1390,1,10,-1,-1
201320M016243,2,9,0,18,0,0,0,0,0,0,1,1,6,2,6,1149,1,10,2,1
201320M016263,1,9,0,18,0,0,0,0,0,0,4,1,6,1,9,1527,2,13,3,1
201320M016313,1,9,0,18,0,8,0,0,0,0,1,1,6,1,5,1398,1,3,4,1
201320M016313,2,9,0,18,0,8,0,10,1,10,3,1,6,2,9,1248,1,1,4,1
201320M016543,1,9,0,18,0,0,0,0,0,0,1,1,2,1,8,-1,-1,-1,4,1
201320M016573,1,9,0,9,0,6,0,0,0,0,1,1,3,2,8,1598,1,9,1,1
201320M016603,1,9,0,5,0,1,0,0,0,0,1,1,6,1,-1,-1,-1,-1,-1,-1
201320M016623,1,1,0,18,0,8,0,0,0,0,1,1,6,2,6,-1,-1,-1,4,1
201320M016623,2,9,0,7,0,8,0,0,0,0,1,1,6,1,10,1896,2,9,-1,-1
201320M016633,1,9,0,11,0,0,0,4,1,7,1,1,6,1,9,1896,2,18,9,2
201320M016633,2,9,0,2,0,0,0,7,1,10,2,1,6,1,4,1299,1,11,8,2
201320M016643,1,19,0,5,0,8,0,0,0,0,1,1,1,1,6,-1,-1,-1,-1,-1
201320M016643,2,9,0,5,0,8,0,0,0,0,3,1,1,1,5,-1,-1,-1,1,1
201320M016653,1,9,0,4,0,3,0,0,0,0,1,1,6,1,8,1997,2,13,9,1
201320M016653,2,9,0,4,0,3,0,0,0,0,2,1,6,2,4,1598,1,13,6,3
201320M016723,1,3,0,13,0,8,0,0,0,0,1,1,2,1,5,124,1,3,2,1
201320M016723,2,9,0,9,0,5,0,0,0,0,3,1,6,2,8,1598,1,9,1,1
201320M016733,1,19,0,9,0,6,0,0,0,0,1,1,1,1,6,2402,2,4,3,1
201320M016733,2,9,0,18,0,8,0,0,0,0,1,1,6,1,7,1870,2,9,1,1
201320M016743,1,9,0,18,0,8,1,0,0,0,1,1,6,1,5,1229,1,8,2,1
201320M016743,2,9,0,18,0,8,0,0,0,0,1,1,6,1,6,-1,-1,-1,3,1
201320M016753,1,1,0,18,0,8,0,0,0,0,1,1,6,2,7,-1,-1,-1,3,1
201320M016753,2,9,0,18,0,8,0,0,0,0,1,1,2,1,8,1995,1,7,5,1
201320M016763,1,9,0,18,0,1,0,0,0,0,4,1,2,1,5,1388,1,7,4,1
201320M016763,2,2,0,18,0,1,0,0,0,0,4,1,2,1,5,49,1,-1,3,2
201320M016783,1,9,0,18,0,0,1,0,0,0,4,1,6,1,6,2495,1,11,4,1
201320M016823,1,9,0,9,0,5,0,0,0,0,1,1,1,1,9,1368,1,1,2,1
201320M016823,2,1,0,18,0,8,0,0,0,0,1,1,6,1,6,-1,-1,-1,7,1
201320M016833,1,9,0,1,0,1,0,0,0,0,2,1,6,1,6,1598,1,4,3,1
201320M016853,1,90,0,18,0,8,0,0,0,0,1,1,2,1,7,-1,-1,-1,7,1
201320M016853,2,9,0,10,0,8,0,0,0,0,3,1,2,2,7,1497,1,8,8,1
201320M016863,1,9,0,4,0,3,0,0,0,0,1,1,6,1,-1,1998,2,7,4,1
201320M016863,2,9,0,4,0,3,0,0,0,0,2,1,6,2,7,-1,-1,-1,5,1
201320M016873,1,9,0,4,0,8,0,0,0,0,0,1,2,2,7,1596,1,1,1,1
201320M016873,2,9,0,18,0,8,0,0,0,0,1,1,2,2,9,998,1,4,1,1
201320M016873,3,2,0,18,0,8,0,0,0,0,2,1,6,1,5,49,1,9,1,1
201320M016883,1,9,0,14,0,0,0,0,0,0,1,1,6,1,5,2231,2,6,8,1
201320M016883,2,9,0,4,0,0,0,0,0,0,2,1,6,2,7,1968,2,7,5,1
201320M016893,1,9,0,5,0,6,0,0,0,0,1,1,6,1,6,1997,2,11,4,1
201320M016893,2,9,0,18,0,8,0,0,0,0,3,1,6,2,8,1399,2,2,5,1
201320M016913,1,9,0,4,0,0,0,0,0,0,4,1,1,1,7,1598,2,1,7,1
201320M017133,1,21,1,18,0,0,0,0,0,0,1,2,1,1,8,-1,-1,-1,-1,-1
201320M017133,2,1,0,18,0,0,0,0,0,0,2,1,1,1,8,-1,-1,-1,3,1
201320M017183,1,2,0,14,0,8,0,0,0,0,1,1,6,1,6,49,1,7,3,1
201320M017183,2,9,0,9,0,8,0,0,0,0,3,1,6,2,8,1968,2,3,8,3
201320M017333,1,9,0,5,0,0,0,0,0,0,1,1,6,1,8,1229,1,8,7,1
201320M017343,1,9,0,9,0,6,0,0,0,0,1,1,2,2,6,1242,1,1,3,1
201320M017343,2,20,0,18,0,8,0,0,0,0,4,1,1,1,9,9200,2,6,3,1
201320M017353,1,9,0,9,0,5,0,0,0,0,4,1,6,2,5,1124,1,12,8,1
201320M017353,2,9,0,18,0,8,0,0,0,0,1,1,6,2,4,1198,1,4,7,3
201320M017363,1,9,0,5,0,0,0,0,0,0,1,1,6,1,10,2199,2,2,9,3
201320M017373,1,9,0,4,0,0,0,0,0,0,2,1,6,2,7,1392,1,14,2,1
201320M017373,2,9,0,18,0,0,0,0,0,0,1,1,6,1,-1,-1,-1,-1,-1,-1
201320M017393,1,9,0,18,0,0,0,0,0,0,1,1,6,2,7,998,1,-1,10,1
201320M017393,2,9,0,4,0,0,0,0,0,0,2,1,6,2,7,1299,1,13,10,1
201320M017393,3,9,0,3,0,0,0,0,0,0,2,1,6,1,6,1390,1,8,6,1
201320M017393,4,9,0,5,0,0,0,0,0,0,0,1,6,3,-1,-1,-1,-1,-1,-1
201320M017403,1,9,0,18,0,8,0,0,0,0,1,1,6,2,7,1396,1,13,1,1
201320M017403,2,19,0,10,0,8,0,0,0,0,1,1,1,1,8,2198,2,1,4,1
201320M017413,1,9,0,9,0,8,0,0,0,0,4,1,6,1,5,1599,1,9,2,1
201320M017413,2,1,0,18,0,8,0,0,0,0,1,1,6,1,6,-1,-1,-1,1,1
201320M017423,1,9,0,9,0,6,0,0,0,0,3,1,6,1,10,1598,1,-1,9,1
201320M017433,1,9,0,17,0,0,0,0,1,9,1,1,6,1,6,1598,1,9,7,1
201320M017443,1,9,0,18,0,0,0,0,0,0,1,1,2,2,4,998,1,11,7,1
201320M017443,2,19,0,3,0,0,0,0,0,0,2,1,2,1,6,1870,2,8,5,1
201320M017453,1,9,0,18,0,0,1,10,1,0,1,1,6,1,7,2982,2,14,5,2
201320M017453,2,9,0,18,0,0,1,10,1,10,1,1,6,1,6,1598,1,6,8,1
201320M017463,1,9,0,6,0,8,0,0,0,0,1,1,6,1,6,1390,1,7,3,1
201320M017463,2,5,0,18,0,8,0,0,0,0,3,1,6,1,6,599,1,12,2,1
201320M017473,1,9,0,18,0,0,0,10,1,7,4,1,6,2,5,1242,1,13,2,1
201320M017483,1,9,0,9,0,5,0,0,0,0,4,1,6,1,11,998,1,3,7,1
201320M017483,2,9,0,18,0,8,0,0,0,0,1,1,6,1,4,999,1,12,6,1
201320M017483,3,9,0,2,0,2,0,0,0,0,2,1,6,1,8,1199,1,-1,3,1
201320M017493,1,9,0,9,0,2,0,0,0,0,1,1,6,1,-1,-1,-1,-1,-1,-1
201320M017523,1,9,0,18,0,6,0,0,3,3,1,1,6,1,-1,1596,1,11,6,1
201320M017523,2,9,0,18,0,8,0,0,7,10,4,1,6,2,11,1248,1,2,6,1