Accident_Index,Vehicle_Reference,Vehicle_Type,Towing_and_Articulation,Vehicle_Manoeuvre,Vehicle_Location-Restricted_Lane,Junction_Location,Skidding_and_Overturning,Hit_Object_in_Carriageway,Vehicle_Leaving_Carriageway,Hit_Object_off_Carriageway,1st_Point_of_Impact,Was_Vehicle_Left_Hand_Drive?,Journey_Purpose_of_Driver,Sex_of_Driver,Age_Band_of_Driver,Engine_Capacity_(CC),Propulsion_Code,Age_of_Vehicle,Driver_IMD_Decile,Driver_Home_Area_Type
201320N030473,1,9,0,18,0,0,0,0,0,0,4,1,1,2,4,998,1,7,8,3
201320N030473,2,1,0,18,0,0,0,0,0,0,1,1,6,1,8,-1,-1,-1,1,1
201320N030993,1,9,0,18,0,8,0,0,0,0,4,1,6,1,5,1229,1,7,-1,3
201320N030993,2,9,0,18,0,8,0,0,0,0,1,1,1,2,8,2000,2,5,8,1
201320N031213,1,9,0,18,9,4,0,9,1,10,1,1,6,1,6,1560,2,2,4,1
201320N031283,1,11,0,4,0,0,0,0,0,0,0,1,1,1,8,6700,2,6,3,1
201320N031443,1,9,0,9,0,6,0,0,0,0,1,1,6,1,4,1199,1,11,4,1
201320N031443,2,9,0,18,0,8,0,0,0,0,3,1,6,2,7,1598,1,15,2,1
201320N031453,1,9,0,18,0,0,0,0,0,0,1,1,6,1,5,1999,1,5,1,1
201320N031833,1,9,0,18,0,1,0,0,0,0,1,1,6,3,-1,-1,-1,-1,-1,-1
201320N031833,2,9,0,3,0,1,0,0,0,0,2,1,2,2,6,998,1,9,9,2
201320N032213,1,4,0,18,0,6,1,0,0,0,3,1,6,1,4,-1,-1,-1,1,1
201320N032213,2,9,0,18,0,8,0,0,0,0,1,1,6,1,6,1988,1,10,1,1
201320N032363,1,9,0,5,0,4,0,0,0,0,4,1,6,2,-1,1997,1,9,-1,-1
201320N032363,2,1,0,5,0,4,0,0,0,0,2,1,1,1,5,-1,-1,-1,10,1
201320N032403,1,9,0,14,0,1,0,0,0,0,1,1,6,1,6,1242,1,12,3,1
201320N032403,2,9,0,18,0,2,0,0,0,0,1,1,6,1,6,1984,1,7,1,1
201320N032413,1,9,0,9,0,8,0,0,0,0,1,1,1,2,9,1598,1,7,2,1
201320N032953,1,9,0,14,0,0,0,0,0,0,1,1,1,1,5,1242,1,8,1,1
201320N032953,2,5,0,18,0,0,0,0,0,0,1,1,6,1,9,1340,1,17,1,1
201320N032963,1,19,0,14,0,0,0,0,0,0,3,1,2,2,6,1998,2,10,1,1
201320N032963,2,1,0,5,0,0,0,0,0,0,1,1,4,1,3,-1,-1,-1,1,1
201320N032973,1,9,0,8,9,8,0,0,0,0,1,1,6,1,-1,-1,-1,-1,-1,-1
201320N032973,2,1,0,18,9,8,0,0,0,0,4,1,6,1,5,-1,-1,-1,1,1
201320N032993,1,9,0,9,0,6,0,0,0,0,3,1,6,1,7,1796,1,1,10,1
201320N032993,2,9,0,18,0,8,0,0,0,0,4,1,6,2,6,1997,2,5,7,1
201320N033013,1,9,0,9,0,5,0,0,0,0,1,1,1,1,7,1753,2,18,1,1
201320N033013,2,9,0,18,0,8,5,7,1,7,1,1,1,1,6,1242,1,10,3,1
201320N033143,1,11,0,5,0,0,0,0,0,0,0,1,1,1,7,-1,-1,-1,-1,-1
201320N033213,1,9,0,16,0,2,1,0,0,0,1,1,6,1,6,1799,1,6,1,1
201320N033213,2,9,0,17,0,1,0,0,0,0,1,1,6,1,6,1896,2,10,2,1
201320N033303,1,9,0,18,0,4,0,0,0,0,1,1,6,1,-1,2496,2,10,-1,-1
201320N033303,2,9,0,18,0,3,0,0,0,0,2,1,6,1,9,1598,1,3,4,1
201320N033743,1,1,0,18,0,1,0,0,0,0,1,1,6,1,2,-1,-1,-1,2,1
201320N033743,2,9,0,18,0,1,0,0,0,0,1,1,6,1,7,1896,2,15,2,1
201320N033753,1,9,0,16,0,0,0,4,0,0,1,1,6,1,-1,-1,-1,-1,-1,-1
201320N033753,2,9,0,2,0,0,0,0,0,0,1,1,1,2,9,2993,2,1,10,1
201320N033753,3,9,0,2,0,0,0,0,7,9,1,1,1,2,6,1582,2,-1,8,1
201320N034423,1,9,0,18,0,3,0,0,0,0,1,1,6,1,11,-1,-1,-1,7,1
201320N034443,1,9,0,5,0,1,0,0,0,0,1,1,2,2,5,998,1,7,6,1
201320N034613,1,9,0,4,0,0,0,0,0,0,2,1,6,1,5,998,1,7,2,1
201320N034613,2,9,0,4,0,0,0,0,0,0,1,1,6,1,8,2685,2,8,6,1
201320N034973,1,9,0,3,0,0,0,0,0,0,1,1,6,1,-1,2993,2,8,-1,-1
201320N034973,2,9,0,3,0,0,0,7,8,10,2,1,6,2,7,1390,1,11,2,1
201320N035373,1,90,0,9,0,6,0,0,0,0,4,1,6,1,4,234,1,8,2,1
201320N035373,2,9,0,18,0,8,0,0,0,0,1,1,6,1,6,1388,1,10,1,1
201320N035423,1,9,0,18,0,1,0,0,0,0,1,1,6,2,10,1587,1,9,5,1
201320N035423,2,9,0,9,0,2,0,0,0,0,3,1,6,1,9,1998,1,8,6,1
201320N035443,1,9,0,9,0,5,0,0,0,0,1,1,2,2,7,1388,1,1,9,1
201320N035443,2,1,0,18,0,8,0,0,0,0,4,1,2,1,6,-1,-1,-1,-1,-1
201320N035453,1,19,0,7,0,6,0,0,0,0,1,1,6,3,-1,-1,-1,-1,-1,-1
201320N035463,1,1,0,18,0,0,0,0,0,0,1,1,6,1,1,-1,-1,-1,1,1
201320N035463,2,9,0,18,0,0,0,0,0,0,4,1,6,2,5,1598,1,11,1,1
201320N035473,1,9,0,7,0,8,0,0,0,0,1,1,6,3,-1,-1,-1,-1,-1,-1
201320N036033,1,9,0,4,0,0,0,0,0,0,1,1,2,1,7,1299,1,10,2,1
201320N036033,2,9,0,4,0,0,0,0,0,0,2,1,6,2,6,1968,2,1,6,1
201320N036133,1,9,0,18,0,0,0,4,0,0,3,1,6,1,6,1390,1,4,2,1
201320N036133,2,9,0,2,0,0,0,0,0,0,4,1,6,1,-1,1992,2,8,-1,-1
201320N036363,1,9,0,17,0,2,0,0,0,0,1,1,6,2,8,1149,1,11,1,1
201320N036363,2,9,0,4,0,2,0,0,4,7,2,1,6,2,6,1364,1,9,3,1
201320N036373,1,9,0,18,0,0,0,4,1,1,1,1,6,1,4,1229,1,3,8,1
201320N036373,2,9,0,2,0,0,0,0,0,0,1,1,6,3,-1,1299,1,7,1,1
201320N036943,1,9,0,9,0,8,0,0,0,0,1,1,6,2,4,973,1,10,8,1
201320N036943,2,9,0,18,0,8,0,0,0,0,1,1,6,1,5,1242,1,6,7,1
201320N037003,1,9,0,18,0,0,1,10,0,0,3,1,6,1,-1,1781,1,16,-1,-1
201320N037003,2,11,0,18,0,0,0,0,0,0,1,1,6,1,7,6700,2,1,5,1
201320N037473,1,9,0,11,0,0,0,0,0,0,1,1,6,3,-1,-1,-1,-1,-1,-1
201320N037473,2,9,0,17,0,0,1,10,1,10,3,1,2,1,5,1595,1,20,5,1
201320N037483,1,9,0,18,0,8,1,0,0,0,1,1,6,1,5,1242,1,8,10,1
201320N037483,2,11,0,18,0,8,0,0,0,0,1,1,1,1,7,7300,2,10,2,1
201320N037663,1,9,0,9,0,6,1,0,0,0,1,1,6,1,5,1242,1,12,6,1
201320N037663,2,9,0,18,0,8,0,0,0,0,4,1,2,2,7,1396,1,11,5,1
201320N037723,1,9,0,18,0,0,0,4,0,0,4,1,6,2,8,998,1,5,6,1
201320N037723,2,9,0,2,0,0,0,10,1,0,3,1,6,1,7,1948,1,12,1,1
201320N038493,1,9,0,18,0,1,0,0,0,0,1,1,6,1,10,1598,1,-1,1,1
201320N038493,2,9,0,3,0,1,0,0,0,0,2,1,6,2,7,2902,2,9,9,1
201320N038513,1,11,0,9,0,2,0,0,0,0,1,1,6,1,5,9360,2,5,10,1
201320N038523,1,9,0,18,0,0,0,0,0,0,1,1,1,2,6,1995,1,2,5,1
201320N038833,1,9,0,16,0,0,2,10,7,10,1,1,6,1,4,1360,1,8,1,1
201320N038843,1,9,0,9,0,5,0,0,0,0,4,1,6,2,10,1242,1,4,10,1
201320N038843,2,9,0,18,0,8,0,0,0,0,1,1,6,1,9,1197,1,-1,9,1
201320N038853,1,9,0,18,0,0,0,4,0,0,1,1,1,2,7,1341,1,8,1,1
201320N038853,2,9,0,2,0,0,0,0,0,0,3,1,1,2,9,1596,1,8,3,1
201320N038863,1,11,0,4,0,2,0,0,0,0,1,1,1,1,8,6700,2,6,2,1
201320N038863,2,11,0,3,0,2,0,0,0,0,2,1,1,1,6,9600,2,13,2,1
201320N038883,1,9,0,9,0,8,0,0,0,0,1,1,2,2,6,1360,1,8,2,1
201320N038883,2,9,0,18,0,8,1,0,0,0,1,1,6,2,5,1242,1,3,10,1
201320N039423,1,19,0,18,0,1,0,0,0,0,1,1,6,1,-1,1753,2,10,-1,-1
201320N039423,2,9,0,18,0,1,0,0,0,0,2,1,6,2,7,1242,1,9,6,1
201320N040923,1,9,0,18,0,2,0,0,0,0,2,1,6,1,-1,1598,1,15,-1,-1
201320N040923,2,9,0,18,0,2,0,0,0,0,1,1,6,2,6,1242,1,12,1,1
201320N041793,1,1,0,5,0,2,0,0,0,0,2,1,6,1,3,-1,-1,-1,2,1
201320N041793,2,8,0,7,0,2,0,0,0,0,4,1,6,1,-1,-1,-1,-1,-1,-1
201320N043093,1,9,0,1,9,8,0,0,0,0,2,1,6,1,6,1242,1,10,-1,-1
201320N043113,1,11,0,18,0,1,0,0,0,0,0,1,1,1,9,-1,-1,-1,8,1
201320N043153,1,9,0,7,0,6,0,0,0,0,3,1,2,1,-1,-1,-1,-1,10,1
201320N043153,2,1,0,17,0,1,0,0,0,0,1,1,2,1,9,-1,-1,-1,6,1
201320N043503,1,9,0,18,0,8,0,0,0,0,3,1,6,3,-1,-1,-1,-1,-1,-1
201320N043503,2,1,0,18,0,8,0,0,0,0,1,1,6,2,-1,-1,-1,-1,10,1
201320N043513,1,9,0,6,0,0,0,0,0,0,1,1,1,1,8,1587,1,11,3,1
201320N043513,2,5,0,18,0,0,1,0,0,0,3,1,6,1,8,1137,1,15,6,1
201320N043733,1,9,0,18,0,8,0,0,0,0,1,1,6,1,-1,1968,2,5,-1,-1
201320N043733,2,9,0,18,0,8,0,0,0,0,4,1,2,2,4,1984,1,12,8,1
201320N043903,1,9,0,18,0,2,0,10,0,0,1,1,6,1,-1,-1,-1,-1,-1,-1
201320N043913,1,9,0,11,0,8,0,0,0,0,1,1,6,1,-1,995,1,10,-1,-1
201320N043913,2,9,0,18,0,8,0,0,0,0,4,1,6,1,5,1995,2,3,2,1
201320N043913,3,9,0,4,0,8,0,0,0,0,2,1,6,2,6,1490,1,7,3,1
201320N043983,1,9,0,1,9,1,0,4,1,0,3,1,6,1,9,1598,1,11,8,1
201320N043983,2,9,0,2,9,2,0,0,0,0,1,1,6,2,7,2143,2,2,8,1
201320N044163,1,9,0,16,0,0,0,0,0,0,1,1,2,1,7,1388,1,10,10,1
201320N044163,2,9,0,3,0,0,0,0,0,0,2,1,2,2,7,1229,1,5,8,3
201320N044163,3,9,0,3,0,0,0,0,0,0,2,1,2,1,8,-1,-1,-1,2,1
201320N044163,4,9,0,3,0,0,0,0,0,0,2,1,2,2,8,-1,-1,-1,1,1
201320N044173,1,9,0,14,0,2,0,0,0,0,1,1,6,1,9,2987,2,1,10,1
201320N044183,1,9,0,9,0,6,0,0,0,0,1,1,6,1,8,2993,2,4,5,1
201320N044183,2,1,0,14,0,1,0,0,0,0,1,1,1,1,8,-1,-1,-1,2,1
201320N044793,1,9,0,1,0,0,1,0,1,2,4,1,6,1,8,1998,1,11,1,1
201320N045203,1,9,0,14,0,0,0,0,0,0,1,1,6,1,10,1598,1,3,1,1
201320N045513,1,3,0,14,0,8,5,0,7,10,1,1,2,1,5,124,1,5,2,1
201320N045513,2,9,0,9,0,5,0,0,0,0,3,1,2,2,8,1086,1,9,1,1
201320N045653,1,19,0,18,0,0,1,0,0,0,1,1,1,1,7,2143,2,3,4,1
201320N045843,1,19,0,18,0,2,0,0,0,0,1,1,6,1,-1,1753,2,9,-1,-1
201320N045843,2,9,0,4,0,2,0,0,0,0,2,1,3,2,6,1398,2,9,4,1
201320N046033,1,9,0,11,0,8,0,0,0,0,0,1,6,3,-1,-1,-1,-1,-1,-1
201320N046033,2,9,0,16,0,3,0,0,0,0,1,1,6,1,-1,1199,2,-1,1,1
201320N046033,3,9,0,16,0,3,0,0,0,0,2,1,1,2,7,1896,2,4,5,1
201320N046053,1,19,0,18,0,1,0,0,0,0,1,1,6,1,-1,2496,2,15,-1,-1
201320N046053,2,9,0,8,0,1,0,0,0,0,2,1,6,1,8,1598,1,10,1,1
201320N046063,1,9,0,7,0,4,0,0,0,0,1,1,6,3,-1,2143,2,1,-1,-1
201320N046063,2,9,0,7,0,4,0,0,0,0,2,1,6,2,8,1360,1,3,3,1
201320N046263,1,9,0,9,0,2,0,0,0,0,1,1,6,1,-1,-1,-1,-1,-1,-1
201320N046293,1,9,0,18,0,1,0,0,0,0,1,1,6,2,4,1900,2,7,9,1
201320N046293,2,9,0,3,0,1,0,0,0,0,2,1,6,1,7,1794,1,9,2,1
201320N046303,1,9,0,18,0,1,0,0,0,0,4,1,6,1,10,1598,1,3,6,1
201320N046323,1,9,0,18,0,0,0,0,1,2,3,1,6,1,4,1997,1,11,1,1
201320N047013,1,19,0,6,0,0,0,0,0,0,2,1,6,1,5,2151,2,10,1,1
201320N047013,2,9,0,18,0,0,0,0,0,0,1,1,6,1,6,1753,2,5,1,1
201320N047093,1,20,4,9,0,3,0,0,0,0,1,2,1,1,6,-1,-1,-1,-1,-1
201320N047093,2,9,0,13,0,3,5,0,0,0,4,1,2,2,6,998,1,12,4,1
201320N047103,1,9,0,9,0,5,0,0,0,0,1,1,2,2,7,1560,2,3,6,1
201320N047103,2,1,0,18,0,8,0,0,1,0,1,1,2,1,7,-1,-1,-1,9,1
201320N047123,1,9,0,18,0,1,0,0,0,0,1,1,6,1,9,2979,1,10,2,1
201320N047123,2,19,0,3,0,1,0,0,0,0,2,1,6,1,6,1753,2,7,2,1
201320N047183,1,9,0,18,0,1,0,0,0,0,1,1,6,3,-1,-1,-1,-1,-1,-1
201320N047303,1,9,0,18,0,4,0,9,1,2,1,2,6,1,6,-1,-1,-1,-1,-1
201320N047303,2,9,0,3,0,1,0,0,0,0,1,1,6,1,7,1796,1,12,3,1
201320N047333,1,9,0,18,0,0,1,4,7,0,3,1,6,1,7,1896,2,12,2,1
201320N047333,2,19,0,2,9,0,0,0,0,0,3,1,6,1,-1,1461,2,8,-1,-1
201320N047393,1,9,0,18,0,0,0,0,0,0,1,1,6,1,5,1497,1,8,2,1
201320N047583,1,9,0,18,0,0,0,0,0,0,4,1,1,1,5,1896,2,12,10,1
201320N047583,2,19,0,3,0,0,0,0,0,0,0,1,6,3,-1,-1,-1,-1,-1,-1
201320N047593,1,9,0,4,0,1,0,0,0,0,4,1,1,2,7,1397,1,2,2,1
201320N048423,1,9,0,5,0,8,0,0,0,0,3,1,2,2,4,998,1,-1,1,1
201320N048423,2,9,0,18,0,8,0,0,0,0,1,1,2,1,8,-1,-1,-1,9,1
201320N048603,1,9,0,9,0,8,0,0,0,0,1,1,6,2,6,1242,1,15,3,1
201320N048603,2,9,0,15,0,8,0,0,0,0,1,1,2,1,-1,1796,1,2,5,1
201320N048643,1,9,0,18,0,1,0,0,0,0,4,1,6,1,7,-1,-1,-1,1,1
201320N048663,1,9,0,18,0,0,1,0,0,0,1,1,1,1,6,-1,-1,-1,8,1
201320N048663,2,9,0,3,0,0,0,0,0,0,2,1,6,2,9,999,1,-1,9,1
201320N048663,3,9,0,3,0,0,0,0,0,0,2,1,3,2,8,1796,1,4,6,1
201320N049193,1,9,0,18,0,0,1,0,0,0,1,1,6,1,6,1868,2,9,2,1
201320N049573,1,9,0,9,0,8,0,7,0,0,4,1,2,1,5,1587,1,6,8,1
201320N049573,2,9,0,18,0,8,0,7,0,0,1,1,2,1,5,1560,2,1,5,1
201320N049643,1,9,0,18,0,4,0,0,0,0,1,1,1,1,6,1968,2,-1,2,1
201320N049643,2,19,4,18,0,4,0,0,0,0,4,1,1,1,6,2143,2,3,10,1
201320N049683,1,19,0,18,0,8,1,0,7,2,1,1,6,3,-1,1870,2,14,-1,-1
201320N049683,2,8,0,18,0,5,0,0,0,0,1,1,1,1,6,1910,2,5,2,1
201320N049693,1,9,0,18,0,0,0,0,0,0,1,1,1,1,5,1798,1,1,10,1
201320N049693,2,9,0,18,0,0,0,0,0,0,2,1,1,1,5,1397,1,1,9,1
201320N049893,1,3,0,18,0,1,1,0,0,0,0,1,2,2,5,124,1,1,7,1
201320N049893,2,9,0,11,0,1,0,0,0,0,0,1,6,1,-1,-1,-1,-1,-1,-1
201320N050123,1,9,0,4,0,0,0,0,0,0,4,1,6,1,11,1560,2,4,7,1
201320N050123,2,1,0,4,0,0,0,0,0,0,3,1,2,1,6,-1,-1,-1,6,1
201320N050203,1,9,0,18,0,8,0,7,0,0,1,1,6,1,11,1396,1,11,3,1
201320N050203,2,9,0,18,0,8,0,0,0,0,1,1,6,1,8,1794,1,11,3,1
201320N050213,1,9,0,18,0,0,1,10,7,2,4,1,2,1,6,1388,1,9,7,1
201320N050543,1,9,0,18,0,8,0,0,0,0,1,1,6,1,-1,1988,1,11,-1,-1
201320N050543,2,9,0,9,0,1,0,0,0,0,2,1,6,1,8,1984,2,1,3,1
201320N050623,1,19,0,18,0,2,0,0,0,0,4,1,1,1,6,1995,2,5,3,1
201320N050643,1,3,0,18,0,1,1,0,0,0,1,1,6,1,5,124,1,4,2,1
201320N050643,2,9,0,4,0,1,0,0,0,0,2,1,6,1,8,1598,1,10,1,1
201320N051943,1,9,0,18,0,8,0,0,0,0,1,1,6,3,-1,1596,1,16,-1,-1
201320N051943,2,9,0,18,0,8,0,0,1,10,3,1,1,1,9,1968,2,7,2,1
201320N051973,1,19,0,3,0,1,0,0,0,0,1,1,6,2,-1,2496,2,14,-1,-1
201320N051973,2,9,0,3,0,1,0,0,0,0,2,1,2,1,9,1461,2,9,-1,-1
201320N052743,1,8,0,18,0,2,0,0,0,0,1,1,1,1,9,2188,2,6,8,1
201320N052783,1,9,0,18,0,8,0,0,0,0,4,1,6,1,8,1497,1,7,3,1
201320N052783,2,9,0,6,0,8,0,0,0,0,1,1,6,1,8,1995,1,6,5,1
201320N052803,1,9,0,18,0,1,1,0,0,0,1,1,6,2,5,1108,1,10,3,1
201320N052803,2,21,1,3,0,1,0,0,0,0,2,1,1,1,8,12777,2,3,3,1
201320N053513,1,9,0,5,0,0,0,0,0,0,1,1,6,1,10,1995,2,12,8,1
201320N053653,1,9,0,18,9,1,1,7,0,0,1,1,6,1,6,1598,1,8,7,1
201320N053653,2,9,0,5,9,1,0,0,0,0,1,1,6,1,-1,-1,-1,-1,-1,-1
201320N053753,1,9,0,4,0,2,0,0,0,0,1,1,6,1,-1,998,1,-1,9,1
201320N053753,2,9,0,3,0,2,0,0,0,0,2,1,2,1,9,1598,2,1,5,1
201320N053873,1,9,0,18,0,1,0,0,0,0,1,1,6,1,-1,-1,-1,-1,-1,-1
201320N054213,1,9,0,18,0,1,0,0,0,0,1,1,6,1,-1,1900,2,15,8,1
201320N054213,2,9,0,3,0,1,0,0,0,0,2,1,2,1,8,1461,2,8,4,1
201320N054283,1,9,0,18,0,1,0,0,0,0,1,1,6,1,-1,-1,-1,-1,-1,-1
201320N054283,2,9,0,3,0,1,0,0,0,0,2,1,6,1,6,1360,1,3,1,1
201320N054683,1,1,0,18,0,8,0,0,0,0,2,1,2,1,8,-1,-1,-1,4,1
201320N054683,2,9,0,5,0,8,0,0,0,0,1,1,6,2,-1,1299,1,12,1,1
201320N055263,1,9,0,18,0,8,0,10,1,10,1,1,6,2,8,999,1,-1,6,1
201320N055263,2,9,0,18,0,8,0,0,0,0,1,1,6,2,5,999,1,-1,6,1
201320N055273,1,9,0,9,0,6,1,0,1,10,1,1,6,2,11,1299,1,6,8,1
201320N055273,2,9,0,18,0,8,0,0,0,0,1,1,6,2,7,2720,2,7,9,1
201320N055283,1,5,0,4,0,0,1,0,0,0,1,1,6,1,9,1202,1,-1,8,3
201320N055283,2,9,0,3,0,0,0,0,0,0,2,1,6,1,8,1896,2,7,1,1
201320N055513,1,9,0,18,0,0,0,0,0,0,1,1,6,2,4,1598,1,7,9,1
201320N055513,2,9,0,2,0,0,0,0,0,0,0,1,6,2,-1,2671,1,12,9,1
201320N055623,1,9,0,9,0,2,0,0,0,0,1,1,6,1,8,1995,2,1,3,1
201320N055673,1,9,0,12,0,8,0,0,0,0,3,1,6,2,-1,-1,-1,-1,-1,-1
201320N055673,2,9,0,18,0,8,0,0,0,0,4,1,6,1,7,1364,2,9,1,1
201320N055753,1,9,0,18,0,0,0,0,0,0,1,1,6,1,8,1598,1,12,1,1
201320N056003,1,9,0,18,0,0,0,0,0,0,1,1,6,1,7,1598,2,1,7,1
201320N056383,1,21,0,16,0,5,0,0,0,0,4,1,6,1,-1,11705,2,6,9,1
201320N056383,2,9,0,16,0,5,0,0,0,0,3,1,6,1,10,1798,1,7,1,1
201320N056693,1,9,0,18,0,2,0,0,0,0,1,1,6,2,6,1360,1,6,9,1
201320N056693,2,9,0,18,0,2,0,0,0,0,2,1,6,2,7,1388,1,3,4,1
201320N056693,3,19,0,18,0,2,0,0,0,0,2,1,6,1,8,2151,2,11,-1,-1
201320N056693,4,9,0,4,0,2,0,0,0,0,0,1,6,2,5,1896,2,4,1,1
201320N056913,1,19,0,18,0,0,0,0,0,0,2,1,1,1,7,1998,2,10,-1,-1
201320N056913,2,5,0,18,0,0,0,0,0,0,1,1,6,1,7,996,1,10,3,1
201320N056973,1,9,0,18,0,2,0,0,0,0,1,1,1,2,8,1596,1,20,2,1
201320N057053,1,9,0,5,0,1,0,0,0,0,1,1,6,1,5,-1,-1,-1,9,1
201320N057053,2,9,0,18,0,1,0,0,0,0,2,1,2,1,5,1560,2,4,10,1
201320N057093,1,9,0,9,0,8,0,0,0,0,4,1,6,1,-1,2495,2,18,8,1
201320N057093,2,9,0,18,0,8,1,0,0,0,3,1,6,1,4,1396,1,10,8,1
201320N057113,1,1,0,4,9,8,5,0,0,0,0,1,6,1,6,-1,-1,-1,5,1
201320N057113,2,9,0,4,9,6,0,0,0,0,0,1,6,1,-1,5439,1,12,-1,-1
201320N057123,1,19,0,13,0,0,0,0,0,0,1,1,6,1,-1,-1,-1,-1,-1,-1
201320N057123,2,9,0,6,0,0,0,0,0,0,2,1,2,2,8,1995,1,8,4,1
201320N058303,1,8,0,18,0,1,0,0,0,0,1,1,1,1,7,1996,2,2,2,1
201320N058303,2,9,0,3,0,1,0,0,0,0,2,1,6,1,8,1598,1,2,1,1
201320N058353,1,1,0,18,0,0,0,0,0,0,1,1,6,1,2,-1,-1,-1,2,1
201320N058353,2,9,0,18,0,0,0,0,0,0,4,1,6,1,8,1587,1,17,2,1
201320N058373,1,9,0,9,0,5,0,0,0,0,1,1,1,1,7,-1,-1,-1,6,2
201320N058373,2,9,0,18,0,8,0,0,0,0,1,1,6,2,5,1124,1,9,1,1
201320N058413,1,9,0,14,0,0,0,0,0,0,4,1,6,1,-1,1997,2,5,5,1
201320N058413,2,9,0,14,0,0,0,0,0,0,3,1,6,2,6,1200,1,-1,6,1
201320N058423,1,9,0,9,0,8,0,0,0,0,1,1,6,2,8,998,1,5,6,1
201320N058423,2,90,0,14,0,8,1,0,0,0,1,1,1,1,6,-1,-1,-1,4,1
201320N058433,1,9,0,11,0,8,0,0,0,0,3,1,6,2,6,1390,2,12,2,1
201320N058433,2,1,0,18,0,8,0,0,0,0,2,1,6,1,8,-1,-1,-1,1,1
201320N058453,1,21,1,5,0,8,0,0,0,0,1,1,1,1,9,9200,2,1,7,1
201320N058453,2,9,0,7,0,8,0,0,0,0,2,1,2,2,6,1360,1,15,1,1
201320N059193,1,9,0,7,0,5,0,0,0,0,4,1,6,1,-1,-1,-1,-1,-1,-1
201320N059563,1,20,1,5,0,1,0,0,0,0,1,1,1,1,-1,12580,2,7,-1,-1
201320N059563,2,9,0,5,0,1,0,10,1,10,3,1,1,1,8,1997,2,13,6,1
201320N060413,1,9,0,7,0,1,0,10,1,4,1,1,6,1,5,1968,2,3,1,1
201320N060423,1,9,0,3,0,1,0,0,0,0,2,1,6,1,5,1242,1,9,1,1
201320N060423,2,9,0,5,0,1,0,0,0,0,1,1,6,2,9,1596,1,1,10,1
201320N060433,1,9,0,18,0,8,0,0,0,0,4,1,6,1,5,1390,1,11,2,1
201320N060433,2,9,0,18,0,8,0,0,0,0,1,1,6,2,5,1995,2,6,9,1
201320N060443,1,9,0,18,0,1,0,0,0,0,1,1,6,1,6,1149,1,9,8,1
201320N060443,2,9,0,4,0,1,0,0,0,0,2,1,6,2,6,1242,1,-1,7,1
201320N060903,1,9,0,14,0,0,0,0,0,0,1,1,6,2,-1,1995,2,2,10,1
201320N060903,2,90,0,2,0,0,0,0,0,0,0,1,6,1,8,7142,2,6,3,1
201320N060913,1,9,0,4,0,4,0,0,0,0,1,1,2,1,6,2987,2,3,6,1
201320N060913,2,1,0,18,0,8,0,0,0,0,1,1,2,1,6,-1,-1,-1,7,3
201320N060933,1,19,0,18,0,0,1,0,0,0,1,1,6,1,-1,-1,-1,-1,-1,-1
201320N060933,2,9,0,3,0,0,0,0,0,0,2,1,6,1,5,2143,2,-1,6,1
201320N060943,1,19,0,3,0,3,0,0,0,0,1,1,1,1,6,-1,-1,-1,2,1
201320N060943,2,9,0,3,0,3,0,0,0,0,2,1,6,2,-1,1242,1,11,-1,-1
201320N060943,3,9,0,3,0,3,0,0,0,0,2,1,6,1,7,1360,1,10,-1,-1
201320N060943,4,9,0,3,0,3,0,0,0,0,2,1,2,2,7,2494,1,13,3,1
201320N061403,1,19,0,18,0,2,0,0,0,0,4,1,6,1,-1,2300,2,9,-1,-1
201320N061763,1,9,0,18,0,8,0,0,0,0,1,1,6,1,9,2231,2,4,1,1
201320N061763,2,9,0,18,0,8,0,0,0,0,4,1,6,1,-1,-1,-1,-1,-1,-1
201320N061803,1,9,0,18,0,0,0,0,0,0,1,1,6,2,6,1199,1,12,1,1
201320N061803,2,9,0,18,0,0,0,0,0,0,2,1,6,1,6,1992,2,7,8,1
201320N061843,1,9,0,18,0,1,0,0,0,0,4,1,6,2,10,1900,2,14,9,2
201320N061863,1,9,0,18,0,1,0,0,0,0,1,1,6,1,-1,-1,-1,-1,-1,-1
201320N061863,2,9,0,3,0,1,0,0,0,0,2,1,6,2,5,1120,1,15,1,1
201320N061863,3,9,0,3,0,1,0,0,0,0,2,1,6,1,6,1896,2,9,2,1
201320N061873,1,9,0,1,9,0,0,0,0,0,2,1,6,2,11,1360,1,17,10,1
201320N062303,1,9,0,7,0,2,0,0,0,0,1,1,6,1,6,1596,1,11,2,1
201320N062333,1,9,0,18,0,0,0,0,0,0,1,1,6,1,5,1560,2,-1,1,1
201320N062333,2,9,0,1,0,0,0,0,0,0,2,1,6,1,-1,1995,1,11,-1,-1
201320N062823,1,9,0,18,0,0,1,10,1,2,1,1,6,1,4,1598,1,10,5,1
201320N062853,1,1,0,18,9,8,0,0,0,0,1,1,6,1,4,-1,-1,-1,2,1
201320N062853,2,9,0,7,0,6,0,0,0,0,1,1,2,2,6,1598,1,5,9,1
201320N063153,1,9,0,9,0,6,0,0,0,0,1,1,6,1,-1,1598,1,10,-1,-1