Accident_Index,Vehicle_Reference,Vehicle_Type,Towing_and_Articulation,Vehicle_Manoeuvre,Vehicle_Location-Restricted_Lane,Junction_Location,Skidding_and_Overturning,Hit_Object_in_Carriageway,Vehicle_Leaving_Carriageway,Hit_Object_off_Carriageway,1st_Point_of_Impact,Was_Vehicle_Left_Hand_Drive?,Journey_Purpose_of_Driver,Sex_of_Driver,Age_Band_of_Driver,Engine_Capacity_(CC),Propulsion_Code,Age_of_Vehicle,Driver_IMD_Decile,Driver_Home_Area_Type
201320N063153,2,9,0,18,0,8,0,0,0,0,3,1,6,2,5,1197,1,-1,5,1
201320N063613,1,3,0,18,0,8,0,0,0,0,4,1,2,1,6,125,1,-1,1,1
201320N063613,2,19,0,7,0,8,0,0,0,0,1,1,2,1,6,1868,2,11,5,1
201320N063633,1,21,1,4,0,1,1,0,0,0,1,1,1,1,9,10518,2,5,9,1
201320N063633,2,9,0,3,0,1,0,0,0,0,2,1,1,1,7,2143,2,1,-1,-1
201320N063633,3,21,1,3,0,1,0,0,0,0,2,1,1,1,9,11946,2,1,8,1
201320N063663,1,9,0,5,9,1,0,10,7,0,1,1,6,1,-1,1956,2,1,-1,-1
201320N063763,1,9,0,9,0,6,0,0,0,0,1,1,6,1,9,1398,1,-1,3,1
201320N063773,1,9,0,9,0,6,0,0,0,0,3,1,6,2,6,2319,1,13,1,1
201320N063773,2,9,0,18,0,8,0,0,0,0,1,1,6,2,9,1399,2,10,1,1
201320N063803,1,9,0,18,0,8,0,0,0,0,1,1,2,1,7,1994,1,10,3,1
201320N063803,2,19,0,18,0,8,0,10,7,1,4,1,2,1,8,1248,2,7,2,1
201320N063913,1,9,0,5,0,0,0,0,0,0,1,1,6,1,7,2400,2,4,10,1
201320N063953,1,9,0,14,0,0,0,0,0,0,1,1,6,1,6,1968,2,7,2,1
201320N063973,1,9,0,9,0,6,0,0,0,0,3,1,6,1,6,1796,1,9,1,1
201320N063973,2,9,0,18,0,8,0,0,7,0,1,1,2,1,5,1422,2,5,10,1
201320N063993,1,9,0,18,0,8,0,0,0,0,1,1,6,1,6,1896,2,7,1,1
201320N063993,2,9,0,9,0,8,0,0,0,0,4,1,6,1,6,1870,2,13,5,1
201320N064213,1,9,0,13,0,0,0,0,0,0,1,1,6,1,-1,1596,1,8,-1,-1
201320N064213,2,9,0,4,0,0,0,0,0,0,2,1,6,2,-1,1396,1,8,5,1
201320N064233,1,9,0,18,0,1,0,0,0,0,4,1,6,3,-1,-1,-1,-1,-1,-1
201320N064663,1,9,0,9,0,6,0,0,0,0,3,1,2,1,6,1396,1,14,2,1
201320N064663,2,3,0,18,0,8,0,0,0,0,1,1,2,1,6,124,1,1,1,1
201320N064673,1,9,0,18,0,0,0,0,0,0,4,1,6,1,9,898,1,-1,2,1
201320N064683,1,9,0,9,0,2,0,0,0,0,4,1,6,1,8,1796,1,6,8,1
201320N500853,1,9,0,9,0,5,0,0,0,0,1,1,6,3,-1,3199,1,8,-1,-1
201320N500853,2,4,0,18,0,8,5,0,0,0,1,1,6,1,7,-1,-1,-1,-1,-1
201320N500893,1,9,0,18,0,4,0,0,0,0,1,1,6,1,11,998,1,13,1,1
201320N501223,1,9,0,4,0,1,0,0,0,0,3,1,6,1,9,1560,2,7,1,1
201320N501223,2,9,0,11,0,1,0,0,0,0,1,1,6,3,-1,-1,-1,-1,-1,-1
201320N501383,1,9,0,11,0,1,0,0,0,0,4,1,6,1,8,1995,2,9,4,1
201320N501383,2,9,0,5,0,1,0,0,0,0,3,1,6,1,7,1799,1,6,4,1
201320N501953,1,9,0,1,9,8,1,0,0,0,2,1,6,2,-1,-1,-1,-1,-1,-1
201320N501973,1,9,0,18,0,8,0,0,0,0,1,1,6,1,5,1796,1,7,5,1
201320N501973,2,9,0,9,0,6,0,0,0,0,3,1,6,3,-1,-1,-1,-1,-1,-1
201320N502003,1,9,0,18,0,2,0,0,0,0,1,1,6,1,11,1796,1,14,5,1
201320N503813,1,9,0,9,0,6,0,0,0,0,1,1,2,1,-1,-1,-1,-1,5,1
201320N503813,2,9,0,17,0,8,0,0,0,0,1,1,2,1,6,1896,2,12,3,1
201320N507523,1,9,0,17,0,8,0,0,0,0,3,1,1,1,7,2148,2,11,1,1
201320N507523,2,1,0,17,0,8,0,0,0,0,4,1,1,1,9,-1,-1,-1,9,1
201320N507693,1,8,0,4,0,0,0,0,0,0,1,1,2,1,7,1794,1,8,1,1
201320N507693,2,9,0,4,0,0,0,0,0,0,2,1,6,1,8,1360,1,9,3,1
201320N508743,1,9,0,18,0,4,1,0,0,0,1,1,6,1,-1,-1,-1,-1,-1,-1
201320N508743,2,9,0,18,0,3,0,0,0,0,4,1,2,2,4,1242,1,8,1,1
201320N610033,1,9,0,18,0,8,0,0,0,0,3,1,6,2,-1,1198,1,6,-1,-1
201320N610033,2,1,0,18,0,8,0,0,0,0,4,1,6,1,8,-1,-1,-1,10,1
201320S001613,1,8,0,9,0,8,0,0,0,0,3,1,1,1,8,1910,2,5,2,1
201320S001613,2,90,0,13,0,8,0,0,0,0,1,1,1,1,6,-1,-1,-1,-1,-1
201320S003143,1,9,0,18,0,0,0,0,0,0,1,1,6,1,9,1296,1,6,2,1
201320S003143,2,9,0,18,0,0,0,0,0,0,1,1,6,1,4,1198,1,10,3,1
201320S003163,1,9,0,18,0,8,0,7,0,0,4,1,2,2,6,1299,1,9,3,1
201320S003163,2,9,0,5,0,8,1,0,0,0,1,1,2,1,6,1781,1,12,1,1
201320S003163,3,9,0,3,0,1,0,0,0,0,1,1,2,2,7,1999,1,5,4,1
201320S003213,1,9,0,18,0,2,1,0,1,2,1,1,6,1,7,3199,1,14,2,1
201320S003213,2,11,0,18,0,1,0,0,0,0,3,1,1,1,7,-1,-1,-1,3,1
201320S003213,3,8,0,18,0,1,0,0,0,0,1,1,1,1,7,2446,2,13,5,1
201320S003213,4,9,0,18,0,2,0,0,0,0,0,1,1,1,6,1956,2,1,3,1
201320S003283,1,9,0,6,0,4,0,0,0,0,3,1,6,2,6,1397,1,5,1,1
201320S003283,2,9,0,18,0,4,0,0,0,0,1,1,1,1,8,1685,2,1,-1,-1
201320S003313,1,9,0,18,0,8,0,0,0,0,3,1,6,1,6,1995,2,1,4,1
201320S003313,2,9,0,18,0,8,0,0,0,0,1,1,6,2,8,1242,1,8,8,1
201320S003353,1,9,0,9,0,8,0,0,0,0,3,1,6,1,7,2143,2,1,2,1
201320S003353,2,9,0,18,0,8,0,0,0,0,1,1,6,1,7,998,1,11,2,1
201320S003393,1,9,0,9,0,8,0,0,0,0,1,1,2,2,4,998,1,4,7,3
201320S003393,2,9,0,18,0,8,0,0,0,0,2,1,2,1,8,2198,1,12,3,1
201320S003413,1,9,0,9,0,6,0,0,0,0,1,1,6,1,11,1781,1,14,9,1
201320S003413,2,9,0,18,0,8,0,0,0,0,3,1,6,1,8,2497,1,10,2,1
201320S003453,1,9,0,5,0,2,0,0,0,0,4,1,6,1,9,1560,2,3,1,1
201320S003453,2,8,0,18,0,2,0,0,0,0,3,1,6,1,5,-1,-1,-1,1,1
201320S005033,1,9,0,9,0,8,0,0,0,0,1,1,2,1,-1,2148,2,7,5,1
201320S005033,2,5,0,3,0,8,0,0,0,0,3,1,2,1,9,1170,1,8,10,1
201320S005603,1,20,0,4,0,0,0,4,0,0,1,1,1,1,8,-1,-1,-1,7,1
201320S005603,2,9,0,4,0,0,0,0,0,0,2,1,2,1,5,1199,1,11,7,1
201320S005603,3,20,0,4,0,0,0,0,0,0,3,1,1,1,10,-1,-1,-1,2,1
201320S006183,1,9,0,18,0,0,0,8,0,0,4,1,6,3,-1,1199,1,9,-1,-1
201320S006183,2,9,0,2,0,0,0,0,0,0,3,1,6,1,6,1870,2,8,1,1
201320S007473,1,9,0,14,0,0,0,0,0,0,2,1,6,2,6,-1,-1,-1,-1,-1
201320S007473,2,9,0,3,0,0,0,0,0,0,1,1,6,1,5,1995,2,2,2,1
201320S007533,1,9,0,7,0,3,0,0,0,0,4,1,6,1,10,1995,1,8,3,1
201320S007573,1,9,0,18,0,1,0,0,0,0,4,1,6,2,7,1769,1,10,1,1
201320S007573,2,9,0,18,0,1,0,0,0,0,3,1,1,1,4,1248,2,1,1,1
201320S007663,1,9,0,18,0,0,0,0,0,0,1,1,1,1,6,-1,-1,-1,2,1
201320S008233,1,9,0,18,0,1,0,0,0,0,1,1,6,1,-1,1299,1,15,-1,-1
201320S008233,2,9,0,3,0,1,0,0,0,0,2,1,6,2,4,998,1,5,2,1
201320S008353,1,9,0,17,0,0,0,0,0,0,1,1,6,1,-1,-1,-1,-1,-1,-1
201320S008353,2,9,0,3,0,0,0,0,0,0,2,1,6,1,6,1998,1,11,1,1
201320S008353,3,9,0,3,0,0,0,10,1,3,2,1,6,2,5,1299,1,12,1,1
201320S008453,1,1,0,18,9,8,1,0,0,0,4,1,6,1,4,-1,-1,-1,3,1
201320S008453,2,19,4,5,9,6,0,0,0,0,4,1,1,1,9,-1,-1,-1,-1,-1
201320S009263,1,8,0,9,0,5,0,0,0,0,1,1,6,1,8,1598,2,3,1,1
201320S009263,2,2,0,10,0,1,0,0,0,0,1,1,4,2,4,49,1,1,1,1
201320S009373,1,9,0,7,0,2,1,0,0,0,1,1,6,1,4,1796,1,9,3,1
201320S009373,2,8,0,4,0,1,0,0,0,0,1,1,1,1,9,1995,2,9,5,1
201320S009443,1,90,0,18,0,0,2,0,1,10,1,1,1,1,8,2800,2,4,4,1
201320S009453,1,9,0,18,0,0,1,10,1,10,1,1,6,2,7,2995,1,10,1,1
201320S010013,1,9,0,7,0,6,0,0,0,0,2,1,6,3,-1,-1,-1,-1,-1,-1
201320S010013,2,1,0,18,0,8,0,0,1,0,1,1,2,1,7,-1,-1,-1,5,1
201320S010063,1,1,0,18,0,0,0,4,0,0,1,1,6,1,8,-1,-1,-1,3,1
201320S010063,2,9,0,2,0,0,0,0,0,0,2,1,6,2,-1,1124,1,9,-1,-1
201320S010113,1,9,0,18,0,4,0,0,0,0,3,1,6,2,8,1339,1,11,1,1
201320S010113,2,9,0,9,0,3,0,0,0,0,4,1,6,2,8,1242,1,1,1,1
201320S010163,1,9,0,18,0,8,0,0,0,0,1,1,6,1,-1,1588,1,10,1,1
201320S010163,2,9,0,5,0,8,0,0,0,0,3,1,1,2,6,1242,1,2,8,1
201320S010203,1,9,0,9,0,5,0,0,0,0,1,1,1,2,6,1598,2,2,1,1
201320S010203,2,3,0,18,0,8,0,0,0,0,3,1,1,1,5,125,1,-1,1,1
201320S010213,1,9,0,6,0,0,0,0,0,0,0,1,1,1,-1,-1,-1,-1,-1,-1
201320S010213,2,9,0,13,0,0,0,7,4,2,1,1,2,1,7,2179,2,7,4,1
201320S010223,1,9,0,18,0,8,0,0,0,0,1,1,6,1,8,1797,8,3,4,1
201320S010223,2,9,0,6,0,6,0,0,0,0,3,1,6,1,9,2926,2,14,6,1
201320S010243,1,11,0,18,0,0,0,0,0,0,1,1,1,1,7,7300,2,10,-1,-1
201320S010243,2,9,0,4,0,0,0,0,0,0,2,1,6,1,6,1229,1,5,4,1
201320S010253,1,9,0,18,0,0,0,0,0,0,1,1,6,1,-1,-1,-1,-1,-1,-1
201320S010283,1,9,0,5,0,8,0,0,0,0,1,1,1,1,8,1956,2,4,7,1
201320S010283,2,1,0,5,0,8,0,0,0,0,1,1,1,1,6,-1,-1,-1,2,1
201320S010293,1,9,0,9,0,8,0,0,0,0,1,1,6,1,10,1905,2,19,6,1
201320S010293,2,1,0,18,0,8,0,0,0,0,1,1,6,1,7,-1,-1,-1,1,1
201320S010313,1,9,0,4,0,1,0,0,0,0,4,1,1,1,-1,1598,1,11,3,1
201320S010323,1,9,0,5,0,0,0,0,0,0,3,1,6,1,6,1598,1,13,8,1
201320S010323,2,9,0,18,0,0,0,0,0,0,4,1,6,1,4,1199,1,10,5,1
201320S010333,1,9,0,9,0,5,0,0,0,0,1,1,6,2,6,1598,1,10,1,1
201320S010333,2,3,0,18,0,8,1,0,0,0,1,1,6,1,4,125,1,1,2,1
201320S010343,1,9,0,18,0,0,0,4,0,0,1,1,6,1,6,-1,-1,-1,-1,-1
201320S010343,2,9,0,2,0,0,0,0,0,0,1,1,6,1,9,998,1,12,4,1
201320S010343,3,9,0,2,9,0,0,0,0,0,1,1,6,2,8,1997,2,10,4,1
201320S010363,1,9,0,18,0,8,0,0,1,0,3,1,6,1,9,1968,2,2,9,1
201320S010363,2,9,0,18,0,8,0,0,0,0,1,1,6,1,4,1995,1,12,10,1
201320S010373,1,9,0,18,0,1,1,0,1,4,1,1,6,2,4,1299,1,11,1,1
201320S010383,1,9,0,18,0,1,0,0,0,0,1,1,6,1,5,1399,2,5,7,1
201320S010403,1,9,0,18,0,1,0,0,0,0,1,1,6,1,-1,1364,1,8,1,1
201320S010403,2,9,0,3,0,1,0,0,0,0,2,1,6,1,6,999,1,20,8,1
201320S010463,1,9,0,7,0,6,0,0,0,0,3,1,6,2,8,1495,1,4,4,1
201320S010463,2,9,0,18,0,8,0,0,0,0,1,1,2,2,6,1229,1,1,9,1
201320S010903,1,9,0,9,0,8,0,0,0,0,4,1,6,2,7,1598,1,16,1,1
201320S010903,2,3,0,18,0,8,0,0,0,0,1,1,6,1,7,123,1,29,6,1
201320S010993,1,9,0,4,0,1,0,0,0,0,1,1,6,1,-1,1527,2,16,-1,-1
201320S010993,2,9,0,8,0,1,0,0,0,0,2,1,2,2,5,1242,1,9,1,1
201320S011033,1,9,0,9,0,8,0,0,0,0,1,1,6,2,6,1998,1,13,2,1
201320S011033,2,9,0,18,0,8,0,0,0,0,1,1,6,1,6,1968,2,6,2,1
201320S011083,1,9,0,9,0,5,0,0,0,0,1,1,2,1,10,1769,1,8,5,1
201320S011083,2,2,0,18,0,8,0,0,0,0,1,1,2,1,4,49,1,1,5,1
201320S011093,1,9,0,18,0,2,0,0,0,0,1,1,6,1,6,2049,1,19,-1,3
201320S011143,1,9,0,9,0,8,0,0,0,0,1,1,6,2,10,1360,1,7,3,1
201320S011143,2,9,0,9,0,8,0,0,0,0,4,1,6,2,7,1587,1,6,1,1
201320S011803,1,9,0,18,0,1,0,0,0,0,1,1,6,3,-1,1396,1,13,-1,-1
201320S011803,2,9,0,3,0,1,0,0,0,0,2,1,2,1,8,1910,2,4,5,1
201320S012493,1,9,0,5,0,4,0,0,0,0,1,1,6,1,-1,1968,2,8,7,1
201320S012493,2,1,0,17,0,8,0,0,0,0,4,1,6,1,6,-1,-1,-1,-1,1
201320S012503,1,11,0,2,0,0,0,0,0,0,0,1,1,1,8,-1,-1,-1,1,1
201320S012513,1,8,0,18,0,0,0,4,0,0,3,1,6,1,8,1896,2,10,1,1
201320S012513,2,9,0,2,0,0,0,0,0,0,3,1,6,1,7,1598,2,1,5,1
201320S012513,3,9,0,2,0,0,0,0,0,0,1,1,6,2,10,1242,1,12,5,1
201320S012523,1,9,0,9,0,6,0,0,0,0,3,1,1,2,9,1900,2,9,5,1
201320S012523,2,9,0,18,0,8,0,7,4,1,1,1,1,1,9,1798,1,12,4,1
201320S012543,1,9,0,18,0,0,0,0,0,0,4,1,6,1,6,999,1,13,1,1
201320S012553,1,9,0,17,0,0,0,10,1,0,2,1,6,2,9,1781,1,15,4,1
201320S012553,2,9,0,2,0,0,0,0,0,0,3,1,6,1,8,2663,2,16,1,1
201320S012553,3,9,0,2,0,0,0,0,0,0,3,1,6,1,8,2319,1,14,3,1
201320S012553,4,9,0,2,0,0,0,0,0,0,4,1,6,1,5,1796,1,11,1,1
201320S013133,1,5,0,18,0,8,2,0,0,0,1,1,6,1,8,599,1,14,4,1
201320S013133,2,9,0,18,0,8,0,0,0,0,3,1,6,2,6,1596,1,2,3,1
201320S013323,1,19,0,18,0,8,0,0,0,0,1,1,2,1,8,2464,2,6,1,1
201320S013323,2,19,0,18,0,8,0,0,0,0,2,1,1,1,8,2151,2,10,1,1
201320S013333,1,9,0,18,0,4,0,0,0,0,1,1,6,1,6,1984,1,5,3,1
201320S013333,2,4,0,18,0,8,0,0,0,0,2,1,6,1,7,1237,1,3,1,1
201320S013343,1,9,0,18,0,0,5,7,1,7,1,1,6,1,6,1587,1,16,1,1
201320S013353,1,9,0,4,0,1,0,0,0,0,1,1,1,1,6,1242,1,7,4,1
201320S013353,2,9,0,4,0,1,0,0,0,0,2,1,1,2,5,1753,2,11,1,1
201320S013363,1,9,0,18,0,1,0,0,0,0,4,1,2,1,9,1242,1,9,2,1
201320S013373,1,9,0,9,0,6,0,0,0,0,3,1,6,1,4,1299,1,13,4,1
201320S013373,2,5,0,18,0,8,0,0,0,0,1,1,1,1,4,600,1,15,1,1
201320S013383,1,9,0,18,0,8,0,0,0,0,1,1,6,2,6,1598,1,10,4,1
201320S013383,2,9,0,18,0,8,0,0,0,0,4,1,6,2,8,1124,1,10,4,1
201320S013393,1,19,0,1,9,0,0,0,0,0,2,1,1,1,6,2143,2,1,1,1
201320S013413,1,9,0,18,0,1,0,0,4,0,1,1,6,2,8,1951,2,8,6,1
201320S013413,2,9,0,10,0,2,0,0,0,0,3,1,6,1,6,1796,1,1,7,1
201320S013423,1,9,0,9,0,6,0,0,1,0,2,1,6,1,4,973,1,13,3,1
201320S013423,2,9,0,18,0,8,0,0,0,0,1,1,6,2,5,1390,1,11,2,1
201320S013443,1,9,0,9,0,4,0,0,0,0,1,1,6,1,-1,1840,1,12,1,1
201320S013443,2,9,0,9,0,3,0,0,0,0,4,1,6,2,5,1364,1,4,8,3
201320S013503,1,9,0,9,0,6,0,0,0,0,3,1,2,1,9,1497,1,10,7,1
201320S013503,2,5,0,18,0,8,0,0,0,0,1,1,2,1,6,599,1,15,1,1
201320S013513,1,9,0,9,0,6,0,0,0,0,3,1,6,2,5,1242,1,15,3,1
201320S013513,2,9,0,18,0,8,0,0,0,0,1,1,6,1,10,1598,1,5,6,1
201320S013573,1,9,0,5,0,8,0,10,1,10,1,1,1,2,6,1461,2,3,1,1
201320S013573,2,90,0,18,0,8,0,10,1,10,1,1,1,1,-1,9200,2,6,4,1
201320S013603,1,9,0,18,0,4,0,0,0,0,1,1,6,1,5,1598,1,6,6,1
201320S013603,2,9,0,18,0,4,0,0,0,0,4,1,6,1,7,5935,1,8,4,1
201320S013673,1,9,0,18,0,0,0,0,0,0,1,1,1,1,-1,1968,2,6,-1,-1
201320S013673,2,9,0,3,0,0,0,0,0,0,2,1,2,1,8,1896,2,9,2,1
201320S013783,1,9,0,14,0,0,0,0,0,0,4,1,2,1,8,2191,2,1,4,1
201320S013953,1,9,0,18,0,2,0,0,0,0,1,1,6,1,8,1390,1,11,1,1
201320S014523,1,19,0,18,0,1,0,0,0,0,1,1,6,1,-1,2300,2,10,-1,-1
201320S014523,2,9,0,9,0,5,0,0,0,0,2,1,6,2,7,1995,2,11,2,1
201320S014533,1,90,0,18,0,0,0,0,0,0,1,1,6,1,10,-1,-1,-1,7,1
201320S014543,1,9,0,9,0,8,0,0,0,0,3,1,1,2,-1,1248,2,1,3,1
201320S014543,2,19,0,4,0,8,0,0,0,0,1,1,1,2,8,1399,2,3,7,1
201320S014553,1,9,0,9,0,5,0,0,0,0,1,1,6,1,-1,1242,1,5,-1,-1
201320S014603,1,9,0,9,0,5,0,0,0,0,3,1,6,1,-1,2497,1,11,5,1
201320S014603,2,9,0,18,0,8,0,0,0,0,1,1,6,2,7,1360,1,13,3,1
201320S014613,1,9,0,13,0,1,1,0,0,0,1,1,6,1,5,1396,1,10,-1,-1
201320S014613,2,9,0,9,0,1,0,0,0,0,3,1,6,2,9,1364,1,5,6,1
201320S014623,1,9,0,8,0,1,0,0,0,0,1,1,6,2,-1,1198,1,10,5,1
201320S014623,2,9,0,4,0,1,0,0,0,0,2,1,6,1,7,998,1,17,3,1
201320S014643,1,9,0,3,0,1,0,0,0,0,0,1,6,2,-1,1396,1,10,-1,-1
201320S014643,2,1,0,4,4,1,5,10,1,0,0,1,2,1,8,-1,-1,-1,4,1
201320S014663,1,9,0,18,0,8,1,0,0,0,1,1,1,1,5,1796,1,2,1,1
201320S014663,2,9,0,18,0,8,1,0,0,0,3,1,6,2,11,1390,1,3,6,1
201320S014673,1,9,0,14,0,0,0,0,0,0,4,1,6,1,6,1396,1,15,3,1
201320S014953,1,9,0,18,0,0,0,0,0,0,1,1,6,1,5,1900,2,13,2,1
201320S015493,1,9,0,13,0,0,0,0,0,0,4,1,2,1,6,1686,2,9,3,1
201320S015493,2,9,0,18,0,0,0,0,0,0,2,1,2,2,9,1984,1,14,4,1
201320S015493,3,9,0,18,0,0,0,0,0,0,1,1,2,1,7,1493,2,8,1,1
201320S015553,1,9,0,18,0,2,0,0,0,0,1,1,6,2,5,1199,1,11,6,1
201320S015763,1,5,0,14,0,2,0,0,0,0,1,1,2,1,6,1199,1,12,1,1
201320S015763,2,9,0,3,0,2,0,0,0,0,4,1,2,2,7,1360,1,7,8,1
201320S015763,3,11,0,3,0,2,0,0,0,0,2,1,1,1,8,7300,2,9,2,1
201320S016123,1,90,0,18,0,0,0,7,0,0,1,1,1,1,7,-1,-1,-1,10,1
201320S016143,1,19,0,5,0,8,0,0,0,0,1,1,6,1,8,2874,2,14,4,1
201320S016143,2,9,0,18,0,8,0,0,0,0,1,1,6,2,6,-1,-1,-1,1,1
201320S016153,1,9,0,5,0,1,0,0,0,0,1,1,2,2,8,1493,1,18,6,1
201320S016193,1,9,0,18,0,2,0,10,7,3,1,1,6,3,-1,1598,1,9,-1,-1
201320S016203,1,9,0,18,0,4,0,0,0,0,1,1,6,1,-1,1984,2,-1,-1,-1
201320S016203,2,9,0,18,0,3,0,0,0,0,1,1,6,1,6,1299,1,10,2,1
201320S016213,1,9,0,9,0,5,0,0,0,0,4,1,6,2,-1,1753,2,2,-1,-1
201320S016213,2,4,0,18,0,8,0,0,0,0,1,1,2,1,8,249,1,19,6,1
201320S016223,1,9,0,18,0,2,0,0,0,0,4,1,6,2,-1,1598,1,10,-1,-1
201320S016243,1,9,0,4,0,1,0,0,0,0,1,1,1,1,-1,-1,-1,-1,-1,-1
201320S016243,2,9,0,3,0,1,0,0,0,0,2,1,1,2,5,1242,1,7,10,1
201320S016253,1,9,0,5,0,0,0,0,0,0,4,1,6,3,-1,-1,-1,-1,-1,-1
201320S016253,2,9,0,5,0,0,0,0,0,0,1,1,6,3,-1,1995,2,1,-1,-1
201320S016253,3,9,0,4,0,0,0,0,0,0,1,1,6,3,-1,1248,2,8,-1,-1
201320S016653,1,9,0,9,0,5,0,0,0,0,1,1,6,3,-1,-1,-1,-1,-1,-1
201320S017023,1,9,0,18,0,2,0,0,0,0,4,1,6,2,9,1197,1,2,5,1
201320S017033,1,9,0,9,0,1,0,0,0,0,1,1,6,1,5,1988,2,8,5,1
201320S017033,2,3,0,13,0,1,0,0,0,0,3,1,6,1,6,124,1,3,3,1
201320S017063,1,9,0,4,0,1,0,0,0,0,1,1,6,2,-1,1124,1,14,1,1
201320S017063,2,9,0,3,0,1,0,0,0,0,2,1,6,2,9,1120,1,20,1,1
201320S017073,1,9,0,18,0,0,0,0,0,0,3,1,2,1,6,1364,1,7,1,1
201320S017233,1,9,0,9,0,5,0,4,1,0,1,1,6,1,-1,998,1,13,-1,-1
201320S017233,2,9,0,2,0,2,0,0,1,10,3,1,6,1,5,1397,1,5,5,1
201320S017243,1,9,0,18,0,0,0,4,0,0,1,1,6,1,4,1124,1,10,3,1
201320S017243,2,9,0,2,0,0,0,4,0,0,2,1,6,2,6,1229,1,7,5,1
201320S017243,3,9,0,2,0,0,0,4,0,0,2,1,6,1,6,2962,1,13,1,1
201320S017243,4,9,0,2,0,0,0,4,0,0,2,1,6,1,6,1597,1,21,1,1
201320S017243,5,9,0,2,0,0,0,4,0,0,2,1,6,2,5,1994,2,9,9,1
201320S017353,1,9,0,7,0,1,0,0,0,0,4,1,6,1,4,1390,1,12,4,1
201320S017353,2,1,0,15,0,1,0,0,0,0,1,1,6,1,8,-1,-1,-1,1,1
201320S017613,1,9,0,18,0,8,0,0,0,0,3,1,6,1,6,1796,1,12,1,1
201320S017613,2,9,0,9,0,5,0,0,0,0,1,1,6,1,7,1339,1,3,-1,2
201320S017823,1,9,0,18,0,8,0,0,1,0,1,1,6,1,10,1798,1,2,2,1
201320S017823,2,9,0,9,0,5,0,0,0,0,1,1,6,1,6,1596,1,1,3,1
201320S017823,3,19,0,10,0,1,0,0,0,0,1,1,6,1,7,2151,2,13,5,1
201320S017983,1,9,0,18,0,1,0,0,0,0,1,1,6,2,-1,1149,1,12,-1,-1
201320S017983,2,9,0,8,0,1,0,0,1,0,2,1,6,2,9,1997,2,8,3,1
201320S018013,1,9,0,13,0,0,0,0,0,0,4,1,6,1,-1,1796,1,3,-1,-1
201320S018013,2,9,0,18,0,0,0,0,0,0,3,1,6,1,6,2143,2,2,4,1
201320S018143,1,9,0,18,0,1,0,0,0,0,1,1,6,1,-1,1968,2,4,-1,-1
201320S018143,2,9,0,3,0,1,0,0,0,0,2,1,2,1,7,1998,2,6,6,1
201320S018423,1,9,0,12,0,0,1,0,7,0,3,1,2,1,7,2179,2,1,5,1
201320S018423,2,9,0,18,0,0,1,0,7,10,4,1,6,1,6,1995,2,9,7,1
201320S018433,1,9,0,18,0,1,0,0,0,0,1,1,2,2,9,1149,1,10,3,1
201320S018433,2,9,0,10,0,1,0,0,0,0,2,1,2,1,8,2497,1,11,10,1
201320S018453,1,9,0,18,0,8,0,0,0,0,1,1,6,1,7,2987,2,5,4,1
201320S018453,2,1,0,18,0,8,0,0,0,0,1,1,6,1,7,-1,-1,-1,-1,-1
201320S018473,1,9,0,18,0,1,0,0,0,0,1,1,2,1,6,1968,2,-1,1,1
201320S018493,1,9,0,18,0,0,0,0,0,0,3,1,2,1,6,1796,1,12,4,1
201320S018503,1,3,0,13,0,8,0,0,0,0,1,1,6,1,4,124,1,3,7,1
201320S018503,2,9,0,10,0,8,0,0,0,0,1,1,6,1,9,1896,2,6,10,1
201320S018533,1,19,0,18,0,0,0,0,0,0,1,1,6,1,5,-1,-1,-1,5,1
201320S018533,2,9,0,4,0,0,0,0,0,0,2,1,6,1,7,1997,2,11,4,2
201320S018543,1,9,0,5,0,0,0,0,0,0,1,1,6,2,5,1108,1,4,9,1
201320S018543,2,9,0,18,0,0,0,10,6,0,3,1,6,2,8,2720,2,8,6,3
201320S018543,3,11,0,2,0,0,0,0,0,0,3,1,1,1,5,8268,2,12,1,1
201320S018723,1,9,0,18,0,2,0,0,0,0,1,1,1,1,5,1968,2,8,8,3
201320S018733,1,9,0,18,0,8,0,0,4,0,4,1,6,2,-1,1998,2,10,-1,-1
201320S018733,2,9,0,5,0,8,0,0,1,1,1,1,6,2,10,1596,1,7,1,1
201320S018753,1,9,0,12,0,1,0,0,0,0,3,1,6,1,5,2993,2,10,1,1
201320S018753,2,9,0,18,0,1,0,10,7,10,4,1,6,1,7,1796,1,13,1,1
201320S018793,1,3,0,18,0,3,2,0,0,0,1,1,6,1,4,124,1,11,5,1
201320S018793,2,9,0,5,0,4,0,0,0,0,2,1,6,1,6,1988,1,13,2,1
201320S018803,1,9,0,9,0,5,0,0,0,0,4,1,6,2,6,998,1,15,5,1
201320S018803,2,9,0,18,0,8,0,0,0,0,1,1,6,1,4,998,1,12,9,3
201320S018813,1,9,0,18,0,8,0,0,0,0,1,1,2,1,8,1560,2,9,4,1
201320S018813,2,9,0,18,0,8,0,0,0,0,3,1,3,2,7,-1,-1,-1,4,1