Accident_Index,Vehicle_Reference,Vehicle_Type,Towing_and_Articulation,Vehicle_Manoeuvre,Vehicle_Location-Restricted_Lane,Junction_Location,Skidding_and_Overturning,Hit_Object_in_Carriageway,Vehicle_Leaving_Carriageway,Hit_Object_off_Carriageway,1st_Point_of_Impact,Was_Vehicle_Left_Hand_Drive?,Journey_Purpose_of_Driver,Sex_of_Driver,Age_Band_of_Driver,Engine_Capacity_(CC),Propulsion_Code,Age_of_Vehicle,Driver_IMD_Decile,Driver_Home_Area_Type
201320S018833,1,19,0,18,0,3,0,0,0,0,1,1,1,1,7,2198,2,6,4,1
201320S018833,2,9,0,18,0,3,0,0,0,0,4,1,6,1,7,2497,2,10,1,1
201320S018843,1,9,0,18,0,1,0,0,0,0,1,1,6,2,6,1388,1,5,8,1
201320S018943,1,11,0,9,0,2,0,0,0,0,1,1,1,1,8,5883,2,11,1,1
201320S018973,1,9,0,8,0,6,0,0,0,0,1,1,6,1,-1,-1,-1,-1,-1,-1
201320S018973,2,11,0,18,0,8,0,0,0,0,1,1,6,3,-1,-1,-1,-1,-1,-1
201320S019053,1,9,0,6,0,0,0,0,0,0,0,1,6,1,-1,1299,1,14,-1,-1
201320S019053,2,9,0,2,0,0,0,0,0,0,0,1,6,1,9,1149,1,10,7,1
201320S019283,1,9,0,12,0,0,0,0,0,0,3,1,6,1,4,993,1,11,7,1
201320S019283,2,9,0,18,0,0,0,0,0,0,4,1,6,1,6,2198,2,7,1,1
201320S019303,1,9,0,18,0,0,0,0,0,0,1,1,6,1,10,1973,1,14,5,3
201320S019313,1,9,0,9,0,6,0,0,0,0,1,1,1,2,6,1339,1,7,5,1
201320S019313,2,1,0,18,0,8,0,0,0,0,1,1,1,2,6,-1,-1,-1,1,1
201320S019323,1,9,0,18,0,2,0,0,0,0,1,1,6,1,-1,1997,1,6,5,1
201320S019323,2,9,0,3,0,2,0,0,0,0,3,1,1,1,7,1995,2,5,3,1
201320S019323,3,9,0,3,0,2,0,0,0,0,2,1,6,1,-1,-1,-1,-1,5,1
201320S019383,1,9,0,17,0,0,1,10,0,0,3,1,6,1,6,1896,2,13,1,1
201320S019383,2,9,0,16,0,0,0,4,0,0,3,1,2,2,7,-1,-1,-1,2,1
201320S019383,3,9,0,2,9,0,0,0,0,0,2,1,6,2,4,954,1,13,2,1
201320S019483,1,19,0,9,0,6,0,0,0,0,1,1,1,3,-1,2198,2,3,-1,-1
201320S019483,2,9,0,18,0,8,0,0,0,0,4,1,2,2,6,1199,1,10,4,1
201320S019873,1,9,0,18,0,2,0,0,0,0,1,1,2,1,6,1686,2,9,5,1
201320S019883,1,9,0,4,0,0,1,0,0,0,1,1,6,1,7,1998,2,8,1,1
201320S019883,2,9,0,3,0,0,0,0,0,0,2,1,6,1,6,1796,1,5,2,1
201320S019893,1,9,0,18,0,0,0,0,7,0,1,1,3,1,10,2993,2,1,5,1
201320S019903,1,9,0,18,0,0,1,0,0,0,1,1,6,1,4,1390,1,12,5,1
201320S019903,2,9,0,6,0,0,0,0,0,0,2,1,6,1,7,998,1,13,2,1
201320S019903,3,19,0,18,0,0,0,0,0,0,3,1,6,1,9,2496,2,14,5,1
201320S020303,1,11,0,9,0,8,0,0,0,0,3,1,1,1,-1,-1,-1,-1,-1,-1
201320S020303,2,9,0,9,0,8,0,0,0,0,4,1,1,2,6,1242,1,1,3,1
201320S020343,1,9,0,14,0,0,0,0,0,0,1,1,2,1,11,-1,-1,-1,9,3
201320S020543,1,9,0,9,0,1,0,0,0,0,3,1,6,2,4,998,1,2,5,1
201320S020543,2,5,0,18,0,1,0,0,0,0,1,1,6,1,7,599,1,3,3,1
201320S020583,1,9,0,4,0,1,0,0,0,0,1,1,2,1,8,1596,1,4,1,1
201320S020583,2,9,0,3,0,1,0,0,0,0,2,1,6,2,8,1248,2,5,2,1
201320S020593,1,9,0,18,0,0,0,0,0,0,1,1,6,1,9,1124,1,15,3,1
201320S020813,1,9,0,18,0,8,0,0,3,10,1,1,6,1,11,1900,2,8,9,1
201320S020823,1,9,0,14,0,0,0,4,0,0,1,1,2,1,6,1560,2,2,2,1
201320S020823,2,9,0,2,0,0,0,4,0,0,2,1,6,1,9,1753,2,6,5,1
201320S020823,3,9,0,2,0,0,0,4,0,0,2,1,6,2,8,1995,2,1,2,1
201320S020823,4,9,0,2,0,0,0,4,0,0,2,1,6,1,6,1998,1,13,3,1
201320S020853,1,9,0,18,0,8,0,0,0,0,1,1,6,3,-1,1149,1,8,-1,-1
201320S020853,2,9,0,18,0,8,0,0,0,0,4,1,6,1,8,1956,2,-1,9,3
201320S020923,1,9,0,18,0,1,0,0,0,0,1,1,6,1,8,1796,1,14,1,1
201320S020923,2,9,0,3,0,1,0,0,0,0,2,1,6,2,9,1598,1,3,8,2
201320S021223,1,9,0,18,0,1,0,0,0,0,1,1,6,1,6,1895,1,14,2,1
201320S021223,2,9,0,10,0,1,0,0,0,0,2,1,6,1,6,1242,1,-1,7,1
201320S021763,1,9,0,18,0,2,0,0,0,0,4,1,6,2,-1,1124,1,11,-1,-1
201320S021823,1,9,0,9,0,6,0,0,0,0,4,1,6,1,-1,1587,1,11,-1,-1
201320S021823,2,8,0,18,0,8,0,0,0,0,3,1,1,1,6,1896,2,9,2,1
201320S022033,1,11,0,9,0,3,0,0,0,0,2,1,1,1,-1,-1,-1,-1,-1,-1
201320S022223,1,9,0,18,0,8,0,0,0,0,1,1,1,1,10,1997,2,4,-1,-1
201320S022223,2,9,0,18,0,8,0,0,0,0,3,1,2,2,4,1341,1,12,5,1
201320S022223,3,9,0,3,0,1,0,0,0,0,3,1,6,2,11,1997,1,1,1,1
201320S022233,1,9,0,18,0,1,0,0,0,0,1,1,6,1,4,1149,1,11,7,1
201320S022233,2,9,0,9,0,1,0,0,0,0,2,1,6,1,6,1968,2,5,5,1
201320S022243,1,9,0,18,0,8,1,0,1,0,4,1,6,2,7,1364,1,4,3,1
201320S022243,2,9,0,18,0,8,0,0,0,0,1,1,6,1,8,1998,2,4,3,1
201320S022253,1,9,0,5,0,6,0,0,0,0,0,1,6,2,8,1598,1,1,4,1
201320S022253,2,1,0,17,0,8,1,10,1,7,1,1,6,1,5,-1,-1,-1,3,1
201320S022263,1,1,0,18,0,8,0,0,0,0,1,1,6,1,3,-1,-1,-1,1,1
201320S022263,2,19,0,18,0,8,0,0,0,0,4,1,6,1,7,2446,2,15,2,1
201320S022273,1,9,0,18,0,1,0,0,0,0,1,1,1,1,6,2143,2,-1,4,1
201320S022623,1,8,0,4,0,0,0,0,0,0,1,1,1,1,6,1995,2,6,1,1
201320S022623,2,9,0,18,0,0,0,0,0,0,2,1,6,3,-1,-1,-1,-1,-1,-1
201320S022643,1,9,0,9,0,8,0,0,0,0,1,1,6,1,10,2179,2,-1,-1,-1
201320S022643,2,9,0,18,0,8,0,0,0,0,1,1,6,1,5,-1,-1,-1,10,1
201320S022663,1,11,0,18,0,1,1,0,0,0,1,1,1,1,5,9600,2,13,-1,-1
201320S022663,2,9,0,9,0,1,0,0,0,0,2,1,6,2,4,-1,-1,-1,6,1
201320S022713,1,9,0,4,0,1,0,0,0,0,1,1,6,1,7,4398,1,11,2,1
201320S022713,2,3,0,3,0,1,0,0,0,0,2,1,6,1,7,124,1,1,4,1
201320S022803,1,10,0,9,0,1,0,0,0,0,3,1,1,1,8,2402,2,7,3,1
201320S022803,2,5,0,13,0,1,0,10,8,1,4,1,6,1,6,-1,-1,-1,6,3
201320S022813,1,1,0,7,0,5,0,0,0,0,1,1,1,1,5,-1,-1,-1,7,1
201320S022813,2,9,0,8,0,1,0,0,0,0,3,1,1,1,6,1527,2,11,5,1
201320S022833,1,9,0,18,0,4,0,0,1,4,1,1,6,1,5,2000,2,9,1,1
201320S022833,2,9,0,18,0,4,0,7,0,0,1,1,6,1,5,1390,1,6,3,1
201320S022833,3,9,0,3,0,1,0,0,0,0,2,1,6,2,8,1597,1,14,3,1
201320S022853,1,9,0,9,0,6,0,0,0,0,1,1,6,1,10,1388,1,10,5,1
201320S022853,2,9,0,18,0,8,0,0,0,0,1,1,6,1,4,1398,2,1,5,1
201320S022903,1,9,0,18,0,2,0,0,0,0,4,1,6,2,-1,1388,1,10,-1,-1
201320S022923,1,9,0,18,0,0,2,7,2,4,4,1,6,2,5,1598,1,6,5,1
201320S023103,1,9,0,18,0,8,0,0,7,0,4,1,6,2,6,-1,-1,-1,4,1
201320S023103,2,9,0,18,0,8,0,0,0,0,1,1,6,1,7,1596,1,2,5,1
201320S023963,1,9,0,4,9,6,0,0,0,0,1,1,6,2,-1,1587,1,8,-1,-1
201320S023963,2,1,0,18,9,8,0,0,0,0,3,1,2,1,6,-1,-1,-1,6,1
201320S024343,1,9,0,15,0,1,0,0,0,0,1,1,6,1,5,1149,1,10,3,1
201320S024613,1,4,0,18,0,1,1,0,0,0,3,1,1,1,4,599,1,14,1,1
201320S024613,2,21,1,9,0,8,0,0,0,0,1,1,1,1,7,11705,2,5,2,1
201320S024833,1,9,0,9,0,6,0,0,0,0,4,1,6,1,10,1560,2,-1,3,1
201320S024833,2,5,0,18,0,1,1,4,0,0,1,1,6,1,6,999,1,6,5,1
201320S024833,3,9,0,2,0,2,0,0,0,0,2,1,6,2,5,1242,1,3,3,1
201320S024953,1,9,0,14,0,0,0,4,0,0,1,1,1,2,6,1598,1,3,4,1
201320S024953,2,9,0,2,9,0,0,0,0,0,2,1,6,1,-1,1349,1,-1,-1,-1
201320S024983,1,9,0,9,0,6,0,0,0,0,3,1,6,3,-1,-1,-1,-1,-1,-1
201320S024983,2,1,0,18,0,8,0,0,0,0,1,1,1,1,8,-1,-1,-1,6,1
201320S025143,1,9,0,4,0,1,0,0,0,0,1,1,1,1,7,1598,1,2,9,1
201320S025143,2,9,0,3,0,1,0,0,0,0,2,1,3,2,6,-1,-1,-1,5,1
201320S025163,1,1,0,18,9,6,0,0,0,0,3,1,2,1,6,-1,-1,-1,1,1
201320S025163,2,9,0,4,9,8,0,0,0,0,1,1,6,2,5,1199,1,12,10,1
201320S025183,1,9,0,14,0,0,0,4,0,0,1,1,2,1,11,1497,1,8,5,1
201320S025183,2,9,0,2,0,0,0,0,0,0,1,1,6,1,-1,1998,1,11,-1,-1
201320S025203,1,9,0,18,0,0,0,0,0,0,1,1,2,2,6,996,1,4,4,1
201320S025213,1,9,0,18,0,0,0,0,0,0,1,1,6,1,4,1108,1,7,5,1
201320S025243,1,9,0,7,0,1,0,0,0,0,1,1,6,1,-1,2495,2,28,-1,-1
201320S025243,2,9,0,7,0,1,0,0,0,0,2,1,6,1,6,1396,1,16,6,1
201320S025243,3,8,0,7,0,1,0,0,0,0,2,1,6,1,7,1794,1,8,1,1
201320S025453,1,4,0,13,0,1,0,0,0,0,4,1,6,1,-1,-1,-1,-1,-1,-1
201320S025453,2,9,0,4,0,1,0,0,0,0,3,1,6,1,10,-1,-1,-1,3,1
201320S025643,1,3,0,15,0,8,0,0,0,0,1,1,1,1,6,124,1,-1,1,1
201320S025643,2,9,0,7,0,5,0,0,0,0,4,1,6,1,6,1390,1,9,6,1
201320S025863,1,8,0,9,0,6,0,0,0,0,1,1,6,1,-1,1968,2,7,1,1
201320S025863,2,9,0,18,0,8,0,10,1,7,3,1,2,2,9,1242,1,4,6,1
201320S026483,1,9,0,18,0,6,0,0,0,0,1,1,6,1,10,1596,1,4,2,1
201320S026483,2,11,0,18,0,3,0,0,0,0,4,1,1,1,7,4500,2,2,4,1
201320S026493,1,9,0,18,9,0,0,0,1,0,1,1,6,1,-1,1598,1,1,4,1
201320S026503,1,9,0,18,0,8,0,0,0,0,1,1,6,1,4,1242,1,14,5,1
201320S026503,2,9,0,18,0,8,0,0,0,0,4,1,6,2,6,-1,-1,-1,6,1
201320S026513,1,9,0,9,0,2,0,0,0,0,3,1,6,1,-1,1149,1,12,1,1
201320S026513,2,5,0,18,0,1,0,0,0,0,3,1,6,1,6,599,1,16,1,1
201320S026543,1,3,0,13,0,2,0,0,0,0,1,1,1,1,4,97,1,6,2,1
201320S026543,2,9,0,14,0,2,0,0,0,0,4,1,1,2,7,1998,2,7,6,1
201320S026553,1,19,0,5,0,8,0,0,0,0,1,1,1,1,8,-1,-1,-1,4,1
201320S026553,2,9,0,18,0,8,0,0,0,0,3,1,6,1,9,2926,2,12,4,1
201320S026563,1,9,0,5,0,8,0,0,0,0,4,1,6,1,9,1753,2,11,3,1
201320S026563,2,9,0,15,0,8,0,0,0,0,1,1,6,2,8,1149,1,1,1,1
201320S026573,1,9,0,12,0,1,0,0,0,0,0,1,6,1,6,1968,2,7,4,1
201320S026573,2,3,0,4,0,1,1,0,0,0,1,1,6,1,5,124,1,1,2,1
201320S026583,1,1,0,5,0,6,0,0,0,0,4,1,1,1,3,-1,-1,-1,5,1
201320S026583,2,9,0,18,0,8,1,0,0,0,3,1,6,1,7,1596,1,14,3,1
201320S026593,1,9,0,18,0,8,0,0,0,0,1,1,6,2,6,1598,1,15,6,1
201320S026593,2,9,0,18,0,8,0,0,1,10,2,1,6,1,8,1999,1,11,5,1
201320S026603,1,9,0,4,0,0,1,0,0,0,1,1,1,1,6,1199,1,11,1,1
201320S026603,2,9,0,3,0,0,0,0,0,0,2,1,6,2,6,1596,1,6,1,1
201320S026613,1,9,0,14,0,8,0,0,0,0,1,1,2,2,9,2996,1,4,10,1
201320S026613,2,9,0,18,0,6,0,0,0,0,1,1,6,2,7,1988,1,9,3,1
201320S026703,1,9,0,18,0,0,0,0,0,0,4,1,6,2,6,1349,1,4,2,1
201320S026713,1,9,0,1,0,1,0,0,0,0,2,1,6,1,-1,-1,-1,-1,-1,-1
201320S027393,1,9,0,12,0,0,0,0,0,0,4,1,2,1,5,1781,1,10,4,1
201320S027393,2,19,0,11,0,0,0,0,0,0,3,1,6,1,-1,1753,2,10,1,1
201320S027623,1,9,0,18,0,0,0,0,0,0,1,1,6,2,7,1781,1,14,5,1
201320S027643,1,1,0,18,5,8,1,0,0,0,1,1,6,2,6,-1,-1,-1,2,1
201320S027643,2,19,0,18,5,4,0,0,0,0,4,1,2,1,7,1995,2,5,4,1
201320S027653,1,9,0,9,0,5,0,0,0,0,1,1,2,1,6,1199,1,12,6,1
201320S027653,2,9,0,16,0,8,0,0,1,0,3,1,3,2,6,-1,-1,-1,5,1
201320S027663,1,9,0,18,0,1,0,0,0,0,1,1,1,1,7,1900,2,8,1,1
201320S027673,1,9,0,9,0,5,0,0,0,0,1,1,6,1,4,1229,1,5,2,1
201320S027673,2,8,0,18,0,8,0,10,1,1,3,1,1,1,-1,1598,1,-1,-1,-1
201320S027683,1,9,0,5,0,0,0,0,0,0,2,1,6,3,-1,-1,-1,-1,-1,-1
201320S027683,2,1,0,14,0,0,0,0,0,0,1,1,6,1,4,-1,-1,-1,3,1
201320S027693,1,9,0,18,0,8,0,0,0,0,1,1,1,1,5,1461,2,10,2,1
201320S027693,2,9,0,9,0,8,0,0,0,0,1,1,1,2,6,1390,1,12,1,1
201320S027703,1,5,0,4,0,0,2,0,0,0,1,1,6,1,8,1157,1,11,3,1
201320S027703,2,9,0,4,0,0,0,0,0,0,2,1,6,2,7,1598,1,15,2,1
201320S027773,1,9,0,18,0,0,0,0,0,0,1,1,6,1,7,2926,2,10,6,1
201320S027773,2,9,0,3,0,0,0,0,0,0,2,1,6,1,6,1582,2,1,5,1
201320S027773,3,9,0,3,0,0,0,0,0,0,2,1,6,1,7,1995,2,6,1,1
201320S027803,1,9,0,14,0,1,0,0,0,0,1,1,6,1,4,1149,1,10,5,1
201320S027853,1,9,0,5,0,1,0,0,0,0,1,1,6,2,8,2544,1,13,2,1
201320S027853,2,9,0,3,0,1,0,0,0,0,2,1,6,2,4,1399,2,6,6,1
201320S027993,1,9,0,18,0,2,0,0,0,0,1,1,6,1,10,1968,2,6,6,1
201320S028013,1,9,0,14,0,0,1,4,0,0,1,1,1,2,5,998,1,7,1,1
201320S028013,2,9,0,2,0,0,0,0,0,0,3,1,6,1,10,2990,1,17,1,1
201320S028023,1,9,0,18,0,1,0,0,0,0,1,1,6,2,5,1598,1,8,9,1
201320S028023,2,9,0,10,0,1,0,0,0,0,2,1,6,2,7,2995,1,4,7,1
201320S028273,1,9,0,18,0,4,0,0,0,0,3,1,6,2,6,1390,1,-1,3,1
201320S028273,2,3,0,18,0,4,0,0,0,0,1,1,6,1,5,125,1,10,1,1
201320S028313,1,9,0,16,0,0,0,0,0,0,1,1,2,1,5,1910,2,8,3,1
201320S028313,2,9,0,17,0,0,0,0,0,0,1,1,2,2,6,1753,2,9,1,1
201320S028343,1,9,0,18,0,8,0,0,0,0,1,1,1,1,5,1781,1,13,2,1
201320S028343,2,9,0,5,0,5,0,0,0,0,4,1,1,2,9,1124,1,12,3,1
201320S028663,1,9,0,11,0,8,0,0,0,0,1,1,6,1,8,1956,2,1,7,1
201320S028663,2,11,0,4,0,8,0,0,0,0,3,1,1,1,8,4500,2,2,8,1
201320S028743,1,8,0,1,0,6,0,0,0,0,2,1,1,1,-1,1995,2,7,5,1
201320S028743,2,19,0,18,0,8,0,0,0,0,3,1,2,1,8,2187,2,11,4,1
201320S028763,1,11,0,18,0,6,0,0,0,0,4,1,1,1,9,12000,2,5,1,1
201320S028763,2,4,0,18,0,8,0,0,0,0,1,1,6,1,8,500,1,-1,3,1
201320S028773,1,9,0,9,0,6,0,0,0,0,1,1,3,2,7,1968,2,9,4,1
201320S028773,2,3,0,18,0,8,0,0,0,0,1,1,6,1,4,95,1,13,2,1
201320S029023,1,9,0,5,0,2,0,0,0,0,1,1,2,2,5,1364,2,5,7,1
201320S029023,2,9,0,4,0,2,0,0,0,0,2,1,2,1,9,2188,2,15,1,1
201320S029073,1,5,0,18,0,8,0,0,0,0,1,1,2,1,7,599,1,3,1,1
201320S029073,2,9,0,9,0,6,0,0,0,0,2,1,2,2,9,2494,1,10,7,3
201320S029103,1,9,0,18,0,8,0,0,0,0,3,1,6,1,4,1242,1,6,6,3
201320S029103,2,9,0,18,0,8,0,0,0,0,1,1,6,2,4,1229,1,3,6,1
201320S029153,1,9,0,1,0,0,0,0,0,0,2,1,6,2,6,1461,2,7,1,1
201320S029303,1,9,0,11,0,0,0,0,0,0,1,1,6,1,6,1596,1,10,10,1
201320S029303,2,9,0,18,0,0,0,0,0,0,2,1,6,1,7,1995,2,9,4,1
201320S030083,1,11,0,18,2,1,0,0,0,0,0,1,1,1,8,7300,2,1,1,1
201320S030503,1,21,1,18,0,1,0,0,0,0,0,1,6,3,-1,-1,-1,-1,-1,-1
201320S030503,2,9,0,18,0,1,1,0,0,0,1,1,6,2,4,1242,1,10,8,1
201320S030503,3,9,0,10,0,1,0,0,0,0,2,1,6,2,6,1299,1,8,1,1
201320S030913,1,9,0,18,0,8,0,0,0,0,1,1,6,1,-1,1968,2,8,-1,-1
201320S030913,2,9,0,5,0,8,0,0,0,0,2,1,6,1,6,1995,2,8,1,1
201320S030923,1,3,0,18,0,0,0,4,0,0,1,1,2,1,4,-1,-1,-1,6,1
201320S030923,2,9,0,2,0,0,0,0,0,0,2,1,6,1,7,2793,1,14,4,1
201320S031013,1,19,0,18,0,4,0,0,0,0,3,1,6,1,9,-1,-1,-1,3,1
201320S031013,2,9,0,18,0,4,0,0,0,0,1,1,2,1,7,1124,1,9,4,1
201320S031033,1,9,0,18,0,1,0,0,0,0,1,1,6,1,-1,-1,-1,-1,-1,-1
201320S031033,2,9,0,3,0,1,0,0,0,0,2,1,6,1,9,1398,1,9,6,1
201320S031033,3,9,0,10,0,1,0,0,0,0,2,1,6,2,-1,1229,1,4,3,1
201320S031053,1,9,0,18,0,1,0,0,0,0,1,1,6,1,8,1388,1,9,1,1
201320S031303,1,9,0,7,0,5,0,0,0,0,4,1,1,1,6,1997,2,3,1,1
201320S031303,2,1,0,18,0,8,0,0,0,0,3,1,2,2,6,-1,-1,-1,4,1
201320S031313,1,9,0,18,0,0,0,0,0,0,4,1,6,1,9,1796,1,9,3,1
201320S031323,1,19,0,18,0,2,0,0,0,0,3,1,1,1,6,1560,2,2,5,1
201320S031343,1,5,0,18,0,2,0,0,0,0,3,1,6,1,6,748,1,1,-1,-1
201320S031353,1,9,0,18,0,6,0,0,0,0,1,1,6,1,10,1596,1,8,3,1
201320S031353,2,9,0,18,0,8,0,0,0,0,3,1,6,1,7,1396,1,10,1,1
201320S031363,1,9,0,18,0,4,0,0,0,0,0,1,6,2,8,973,1,12,5,1
201320S031363,2,3,0,18,0,4,1,0,0,0,0,1,6,1,4,124,1,5,1,1
201320S031373,1,1,0,9,0,1,0,0,0,0,1,1,6,1,3,-1,-1,-1,3,1
201320S031373,2,9,0,18,0,1,0,0,0,0,1,1,2,2,7,1242,1,4,6,1
201320S031383,1,9,0,6,0,0,0,0,0,0,4,1,6,2,9,1339,8,5,6,3
201320S031383,2,3,0,18,0,0,0,0,0,0,1,1,6,1,9,124,1,8,5,1
201320S031393,1,9,0,18,0,2,0,0,0,0,1,1,6,2,5,1124,1,12,6,1
201320S031393,2,9,0,4,0,2,0,0,0,0,2,1,6,1,6,1896,2,13,5,1
201320S031403,1,9,0,5,0,4,0,0,0,0,1,1,6,1,-1,1360,1,12,-1,-1
201320S031403,2,1,0,9,0,3,0,0,0,0,1,1,2,2,-1,-1,-1,-1,2,1
201320S031413,1,9,0,9,0,8,0,0,0,0,1,1,6,1,10,1998,1,15,1,1
201320S031413,2,9,0,18,0,8,0,0,0,0,1,1,6,1,11,1396,1,12,9,1
201320S031423,1,9,0,9,0,6,0,0,0,0,1,1,1,2,7,1560,2,4,8,3
201320S031423,2,9,0,18,0,8,0,0,0,0,3,1,1,2,5,1587,1,14,2,1
201320S031463,1,9,0,1,0,2,0,0,0,0,2,1,2,1,8,2987,2,6,8,1
201320S031473,1,9,0,18,0,8,0,0,0,0,1,1,6,1,4,2000,2,7,10,3
201320S031473,2,9,0,18,0,8,0,0,0,0,4,1,6,1,7,1390,1,4,-1,-1
201320S031483,1,9,0,18,0,8,0,0,0,0,1,1,1,1,6,1968,2,-1,4,1
201320S031483,2,9,0,18,0,8,0,0,0,0,1,1,2,1,11,2987,2,6,8,1
201320S031483,3,9,0,18,0,8,0,0,0,0,1,1,2,1,9,1589,1,13,4,1
201320S031493,1,9,0,14,0,0,0,0,0,0,4,1,2,2,7,1242,1,12,3,1
201320S031503,1,9,0,7,0,6,0,0,0,0,1,1,2,1,7,1753,2,4,5,1
201320S031513,1,9,0,4,0,0,0,0,0,0,2,1,6,1,-1,1999,2,6,-1,-1
201320S031513,2,9,0,18,0,0,0,0,0,0,1,1,2,2,7,1997,2,13,2,1
201320S031523,1,9,0,18,0,0,2,0,7,4,1,1,6,1,4,1149,1,11,3,1
201320S031523,2,19,0,18,0,0,0,0,0,0,0,1,1,1,5,2148,2,4,4,1
201320S031533,1,9,0,18,2,2,0,0,0,0,1,1,2,1,6,1596,1,6,3,1
201320S031543,1,9,0,9,0,6,0,0,0,0,1,1,1,1,5,-1,-1,-1,6,1
201320S031543,2,9,0,9,0,8,0,0,0,0,3,1,1,1,8,1995,2,7,6,1
201320S031553,1,9,0,4,0,1,0,0,0,0,1,1,1,1,8,1560,2,3,10,1
201320S031553,2,1,0,3,0,1,0,0,0,0,2,1,2,2,6,-1,-1,-1,1,1
201320S031703,1,9,0,18,9,1,0,10,1,0,1,1,1,1,-1,2967,2,2,1,1
201320S031803,1,9,0,18,0,8,0,0,0,0,1,1,6,1,5,1390,1,8,2,1
201320S031803,2,9,0,9,0,6,0,0,0,0,3,1,6,2,8,1399,2,1,9,1
201320S031873,1,9,0,18,0,0,0,0,0,0,1,1,6,1,-1,-1,-1,-1,-1,-1
201320S031873,2,9,0,4,0,0,0,0,0,0,2,1,6,2,6,1968,2,4,3,1
201320S031893,1,1,0,18,0,8,0,0,0,0,1,1,6,1,6,-1,-1,-1,6,1
201320S031893,2,9,0,4,0,8,0,0,0,0,1,1,6,1,9,1598,1,11,2,1
201320S031913,1,10,0,9,0,8,0,0,0,0,4,1,3,1,9,2400,2,9,2,1
201320S031913,2,9,0,18,0,8,1,0,0,0,1,1,1,2,9,1587,1,16,10,2
201320S031933,1,9,0,5,0,6,0,0,0,0,3,1,6,2,9,-1,-1,-1,6,1
201320S031933,2,5,0,18,0,8,0,0,0,0,1,1,6,1,7,599,1,12,4,1
201320S031943,1,9,0,9,0,8,0,0,0,0,1,1,1,1,9,3980,1,19,5,1
201320S031943,2,3,0,13,0,8,0,0,0,0,1,1,6,1,4,125,1,1,1,1
201320S032183,1,9,0,5,0,4,0,0,0,0,1,1,6,1,7,2231,2,7,4,1
201320S032183,2,1,0,18,0,8,0,0,0,0,1,1,6,1,8,-1,-1,-1,-1,-1
201320S032273,1,9,0,9,0,8,0,0,0,0,1,1,6,1,5,1796,1,5,8,1
201320S032273,2,8,0,18,0,8,0,0,0,0,3,1,1,1,7,1896,2,10,1,1
201320S032323,1,9,0,18,0,0,0,0,0,0,1,1,6,2,6,1299,1,8,5,1
201320S032323,2,9,0,3,0,0,0,0,0,0,2,1,6,2,8,1781,1,8,8,3
201320S032493,1,9,0,5,0,1,0,0,0,0,1,1,2,1,5,1590,1,9,3,1
201320S032493,2,9,0,3,0,1,0,0,0,0,2,1,2,1,8,1398,2,9,3,1
201320S032503,1,9,0,18,0,0,5,4,0,0,3,1,6,1,-1,1390,1,14,-1,-1
201320S032503,2,9,0,2,0,0,0,0,0,0,3,1,6,2,5,1598,1,8,-1,-1
201320S032513,1,9,0,18,0,2,0,0,0,0,1,1,6,1,6,1598,1,8,4,1
201320S032623,1,9,0,18,0,2,0,0,0,0,1,1,6,1,6,1769,7,10,2,1
201320S032623,2,9,0,4,0,2,0,0,0,0,2,1,6,1,5,1910,2,7,7,1
201320S032623,3,8,0,18,0,1,0,0,0,0,1,1,6,1,5,1995,2,7,1,1
201320S032633,1,9,0,9,0,5,0,0,7,4,4,1,2,2,4,1229,1,5,1,1
201320S032633,2,9,0,18,0,8,0,0,0,0,1,1,2,1,8,1781,1,13,1,1
201320S032643,1,9,0,18,0,0,0,0,0,0,4,1,6,2,-1,1396,1,14,-1,-1
201320S032643,2,1,0,18,0,0,0,0,0,0,3,1,1,1,7,-1,-1,-1,7,3
201320S032853,1,9,0,18,0,0,2,10,2,1,1,1,1,2,8,1995,2,3,7,3
201320S033553,1,9,0,7,0,6,0,0,0,0,1,1,6,1,-1,-1,-1,-1,-1,-1
201320S033553,2,90,0,4,9,1,0,0,0,0,1,1,6,1,9,-1,-1,-1,1,1
201320S034373,1,9,0,18,0,2,0,0,0,0,1,1,6,2,6,1388,1,2,1,1
201320S034373,2,9,0,4,0,2,0,0,0,0,2,1,6,2,6,1461,2,6,2,1
201320S034603,1,9,0,5,0,8,0,0,0,0,1,1,6,2,10,1396,1,13,3,1
201320S034603,2,9,0,18,0,8,0,0,0,0,3,1,2,2,7,1598,1,-1,7,1
201320S034723,1,9,0,18,0,0,0,0,0,0,1,1,6,1,6,-1,-1,-1,4,1
201320S034723,2,9,0,18,0,0,0,0,0,0,2,1,6,1,6,1598,1,9,3,1
201320S034823,1,9,0,18,0,1,0,0,0,0,1,1,6,1,8,1896,2,5,9,1
201320S034823,2,3,0,18,0,1,0,0,0,0,2,1,6,1,5,124,1,3,1,1
201320S035043,1,9,0,18,0,0,0,0,0,0,4,1,3,2,7,1240,1,7,1,1
201320S035063,1,9,0,18,0,0,0,0,0,0,1,1,6,3,-1,-1,-1,-1,-1,-1