Accident_Index,Vehicle_Reference,Vehicle_Type,Towing_and_Articulation,Vehicle_Manoeuvre,Vehicle_Location-Restricted_Lane,Junction_Location,Skidding_and_Overturning,Hit_Object_in_Carriageway,Vehicle_Leaving_Carriageway,Hit_Object_off_Carriageway,1st_Point_of_Impact,Was_Vehicle_Left_Hand_Drive?,Journey_Purpose_of_Driver,Sex_of_Driver,Age_Band_of_Driver,Engine_Capacity_(CC),Propulsion_Code,Age_of_Vehicle,Driver_IMD_Decile,Driver_Home_Area_Type
201320S035073,1,9,0,7,0,2,0,0,0,0,1,1,6,1,-1,-1,-1,-1,-1,-1
201320S035093,1,9,0,18,0,1,0,0,0,0,1,1,6,2,7,-1,-1,-1,1,1
201320S035093,2,9,0,10,0,1,0,0,0,0,2,1,6,1,8,1598,1,1,6,1
201320S035113,1,5,0,13,0,8,0,0,0,0,1,1,1,1,6,748,1,16,8,1
201320S035113,2,9,0,9,0,5,0,0,0,0,3,1,1,2,7,1598,1,4,7,1
201320S035123,1,9,0,9,0,6,0,0,4,0,3,1,6,1,7,1997,2,11,1,1
201320S035123,2,9,0,18,0,8,0,0,0,0,4,1,6,1,6,1895,1,14,3,1
201320S035143,1,9,0,5,0,1,0,0,0,0,1,1,6,1,5,1910,2,6,-1,1
201320S035143,2,9,0,8,0,1,0,0,0,0,2,1,6,1,6,1390,1,2,3,1
201320S035153,1,9,0,14,0,0,0,0,0,0,4,1,6,1,-1,-1,-1,-1,-1,-1
201320S035163,1,9,0,9,0,6,0,0,0,0,1,1,6,1,10,1596,1,10,4,1
201320S035163,2,5,0,18,0,8,0,0,0,0,1,1,2,1,7,918,1,14,10,1
201320S035173,1,9,0,1,0,1,0,0,0,0,2,1,6,1,5,1998,1,10,7,2
201320S035183,1,9,0,12,0,1,0,0,0,0,1,1,2,1,7,2495,2,17,1,1
201320S035183,2,9,0,18,0,1,0,10,4,1,1,1,2,1,6,1598,1,5,7,1
201320S035193,1,1,0,4,0,0,0,0,0,0,1,1,6,1,3,-1,-1,-1,5,1
201320S035193,2,9,0,4,0,0,0,0,0,0,2,1,6,2,9,1124,1,7,6,1
201320S035213,1,9,0,5,0,4,0,0,0,0,0,1,6,2,-1,-1,-1,-1,-1,-1
201320S035213,2,1,0,18,0,8,0,0,0,0,0,1,6,2,2,-1,-1,-1,1,1
201320S035523,1,1,0,9,0,8,0,0,0,0,1,1,6,1,5,-1,-1,-1,-1,-1
201320S035523,2,11,0,9,0,8,0,0,0,0,1,1,6,1,6,8268,2,11,1,1
201320S035543,1,9,0,17,0,1,0,0,0,0,1,1,6,1,6,1781,1,10,1,1
201320S035543,2,9,0,9,0,2,0,0,0,0,3,1,6,2,7,1989,1,11,1,1
201320S035553,1,9,0,5,0,6,0,4,0,0,1,1,6,2,10,1598,1,6,2,1
201320S035553,2,9,0,18,0,8,5,4,0,0,1,1,6,2,9,1992,2,8,8,1
201320S035553,3,9,0,2,0,2,0,0,0,0,3,1,6,2,7,2231,2,1,-1,-1
201320S035563,1,9,0,9,0,6,0,0,0,0,3,1,1,2,9,1199,1,15,8,1
201320S035563,2,9,0,18,0,8,0,0,0,0,1,1,1,2,9,1299,1,10,3,1
201320S035573,1,5,0,13,0,8,1,0,0,0,4,1,1,1,5,599,1,24,2,1
201320S035573,2,9,0,9,0,8,0,0,0,0,1,1,1,1,6,1390,1,10,4,2
201320S036303,1,9,0,5,0,8,0,0,0,0,1,1,6,1,7,1783,1,10,1,1
201320S036303,2,9,0,18,0,8,5,0,1,0,3,1,6,2,8,995,1,4,2,1
201320S036433,1,9,0,9,0,5,0,0,0,0,4,1,6,2,10,1086,1,7,9,1
201320S036433,2,1,0,18,4,8,0,0,0,0,1,1,6,1,6,-1,-1,-1,6,1
201320S036443,1,9,0,4,0,2,0,0,0,0,1,1,6,1,9,1396,1,3,1,1
201320S036453,1,8,0,9,0,1,0,0,0,0,0,1,6,1,-1,2295,1,8,-1,-1
201320S036453,2,5,0,18,0,2,2,0,0,0,0,1,6,1,6,1157,1,16,1,1
201320S036473,1,9,0,9,0,6,0,0,0,0,4,1,2,2,7,1390,1,7,6,1
201320S036473,2,1,0,9,0,5,0,0,0,0,1,1,2,1,6,-1,-1,-1,5,1
201320S036483,1,9,0,18,0,0,1,4,0,0,4,1,2,2,5,1360,1,5,5,1
201320S036483,2,9,0,2,0,0,0,0,0,0,3,1,6,1,10,1590,1,13,1,1
201320S036493,1,9,0,14,0,0,0,0,0,0,1,1,6,1,8,1587,1,9,1,1
201320S036503,1,9,0,5,0,8,0,0,0,0,1,1,6,2,6,1149,1,7,1,1
201320S036503,2,9,0,18,0,8,0,0,0,0,1,1,6,1,7,1296,1,6,3,1
201320S037063,1,5,0,16,0,0,1,10,1,4,1,1,6,1,4,1000,1,16,3,1
201320S037063,2,9,0,17,0,0,0,0,0,0,1,1,6,2,6,1781,1,13,1,1
201320S037083,1,9,0,9,0,5,0,0,0,0,3,1,2,2,9,1339,1,4,3,1
201320S037113,1,9,0,18,0,8,0,0,4,6,4,1,6,2,6,1995,2,9,6,1
201320S037113,2,9,0,5,0,8,0,0,0,0,1,1,6,2,6,1997,2,5,4,1
201320S037123,1,9,0,5,0,8,0,0,0,0,1,1,6,1,-1,1968,2,1,7,1
201320S037123,2,1,0,18,0,8,0,0,0,0,1,1,1,1,6,-1,-1,-1,1,1
201320S037133,1,8,0,13,0,8,0,0,0,0,1,1,6,1,-1,1896,2,8,1,1
201320S037133,2,9,0,7,0,5,0,10,1,0,2,1,6,1,7,1900,2,8,6,1
201320S037373,1,9,0,9,0,2,0,0,0,0,4,1,6,3,-1,-1,-1,-1,-1,-1
201320S037373,2,9,0,9,0,2,0,0,0,0,0,1,6,3,-1,-1,-1,-1,-1,-1
201320S037423,1,9,0,18,0,1,0,4,0,0,4,1,6,1,5,1396,1,11,1,1
201320S037423,2,8,0,2,0,1,0,0,0,0,3,1,6,1,8,1560,2,7,3,1
201320S037593,1,3,0,16,0,8,2,0,0,0,4,1,6,1,5,123,1,23,2,1
201320S037593,2,9,0,18,0,8,0,0,0,0,0,1,1,1,7,2993,2,-1,1,1
201320S037603,1,9,0,18,9,0,1,0,1,4,1,1,6,1,4,1560,2,5,1,1
201320S037603,2,9,0,18,0,0,0,0,0,0,0,1,1,1,-1,2993,2,1,-1,-1
201320S037613,1,1,0,18,0,1,0,0,0,0,1,1,6,1,3,-1,-1,-1,3,1
201320S037613,2,9,0,8,0,1,0,0,0,0,4,1,2,2,6,1598,1,6,2,1
201320S037633,1,9,0,16,9,0,0,10,7,10,1,1,6,3,-1,-1,-1,-1,-1,-1
201320S037743,1,1,0,18,0,0,0,0,0,0,3,1,6,1,4,-1,-1,-1,1,1
201320S037743,2,9,0,18,0,0,0,0,0,0,1,1,6,1,-1,-1,-1,-1,-1,-1
201320S037773,1,9,0,18,0,8,0,0,1,0,1,1,2,1,6,1991,1,15,2,1
201320S037773,2,20,0,9,0,8,0,0,1,0,3,1,1,1,6,11967,2,3,6,3
201320S037783,1,9,0,9,0,8,0,0,0,0,4,1,6,1,6,-1,-1,-1,8,1
201320S037783,2,9,0,18,0,8,0,0,1,10,3,1,6,2,8,1229,1,6,1,1
201320S037793,1,8,0,7,0,1,0,0,0,0,4,1,6,1,5,1596,1,3,4,1
201320S037793,2,1,0,18,0,1,0,0,0,0,3,1,1,1,8,-1,-1,-1,2,1
201320S038313,1,3,0,18,0,0,0,0,0,0,1,1,6,1,5,124,1,7,2,1
201320S038313,2,9,0,3,0,0,0,0,0,0,2,1,6,2,7,-1,-1,-1,4,1
201320S038383,1,9,0,18,0,1,0,0,7,1,1,1,1,1,6,1560,2,3,1,1
201320S038403,1,1,0,18,0,0,0,0,0,0,1,1,6,1,2,-1,-1,-1,1,1
201320S038403,2,9,0,18,0,0,0,0,0,0,3,1,6,1,7,1598,1,10,1,1
201320S038413,1,9,0,18,0,1,0,0,0,0,2,1,6,1,-1,2148,2,8,-1,-1
201320S038413,2,8,0,18,0,1,0,0,0,0,1,1,6,1,8,2664,2,14,2,1
201320S038433,1,9,0,9,0,4,0,0,0,0,3,1,6,1,6,1229,1,1,1,1
201320S038433,2,3,0,5,0,4,0,0,0,0,1,1,6,1,7,123,1,-1,3,1
201320S038783,1,9,0,7,0,1,0,0,0,0,1,1,6,3,-1,-1,-1,-1,-1,-1
201320S038783,2,1,0,18,0,1,0,0,0,0,1,1,2,1,6,-1,-1,-1,3,1
201320S038793,1,8,0,5,0,0,0,0,0,0,4,1,1,1,-1,-1,-1,-1,-1,-1
201320S038813,1,9,0,5,0,5,0,0,0,0,1,1,6,1,5,1398,1,1,9,1
201320S038813,2,5,0,7,0,6,0,0,0,0,1,1,3,1,9,649,1,4,3,1
201320S038923,1,9,0,5,0,6,0,0,0,0,4,1,6,1,4,-1,-1,-1,-1,-1
201320S038923,2,9,0,18,0,8,0,0,0,0,1,1,2,2,7,1596,1,12,1,1
201320S038933,1,9,0,9,0,2,0,0,0,0,3,1,6,1,-1,1598,1,2,-1,-1
201320S038933,2,1,0,9,0,2,0,0,0,0,4,1,6,1,7,-1,-1,-1,2,1
201320S038953,1,9,0,18,0,2,0,0,0,0,1,1,4,3,-1,-1,-1,-1,-1,-1
201320S039533,1,9,0,5,0,6,0,0,0,0,3,1,6,2,6,1388,1,7,1,1
201320S039533,2,5,0,18,0,8,0,0,0,0,1,1,6,1,4,645,1,4,1,1
201320S039543,1,9,0,7,9,5,0,0,1,10,4,1,6,2,6,1124,1,12,1,1
201320S039553,1,9,0,18,0,8,0,0,0,0,4,1,6,1,6,1299,1,9,2,1
201320S039553,2,19,0,18,0,8,0,0,0,0,1,1,1,1,6,1560,2,2,2,1
201320S039563,1,9,0,18,0,0,0,0,0,0,1,1,6,1,11,998,1,4,4,1
201320S039563,2,9,0,18,0,0,0,0,0,0,2,1,6,1,11,1299,1,13,4,1
201320S039583,1,3,0,18,0,0,1,0,0,0,3,1,6,1,5,124,1,1,6,1
201320S039643,1,9,0,18,0,8,0,0,0,0,4,1,6,1,9,2497,1,7,9,1
201320S039643,2,9,0,18,0,8,0,0,0,0,1,1,6,1,7,1229,1,-1,9,1
201320S040033,1,11,0,5,0,0,0,0,0,0,0,1,1,1,9,4461,2,1,1,1
201320S040153,1,3,0,18,9,0,0,0,0,0,1,1,6,1,-1,-1,-1,-1,-1,-1
201320S040783,1,9,0,17,0,2,0,10,1,10,1,1,6,1,8,1910,2,5,8,1
201320S040803,1,9,0,7,0,6,0,0,0,0,3,1,6,2,5,1587,1,12,3,1
201320S040803,2,1,0,18,0,8,0,0,0,0,1,1,6,1,5,-1,-1,-1,1,1
201320S041333,1,9,0,9,0,5,1,10,7,10,2,1,2,1,8,-1,-1,-1,1,1
201320S041333,2,10,0,18,0,8,0,0,0,0,0,1,1,1,6,1997,2,3,7,1
201320S041353,1,8,0,18,0,5,0,0,0,0,1,1,6,1,-1,1995,2,1,-1,-1
201320S041813,1,9,0,16,0,0,0,0,7,10,3,1,6,2,5,1364,1,9,4,1
201320S042483,1,9,0,17,0,0,5,10,1,4,1,1,6,1,4,1124,1,15,1,1
201320S042533,1,9,0,5,0,6,0,0,0,0,3,1,6,2,11,998,1,-1,3,1
201320S042533,2,1,0,18,0,8,0,0,0,0,1,1,6,1,5,-1,-1,-1,3,1
201320S042813,1,9,0,9,0,8,0,0,0,0,1,1,6,1,8,2199,1,19,-1,-1
201320S042813,2,9,0,18,0,8,0,0,0,0,1,1,6,2,6,1910,2,5,1,1
201320S042823,1,9,0,9,0,6,0,0,0,0,3,1,6,1,-1,1798,1,13,-1,-1
201320S042823,2,9,0,18,0,8,0,0,0,0,1,1,2,2,6,1587,1,13,6,1
201320S042863,1,9,0,7,0,6,0,0,0,0,1,1,6,1,7,-1,-1,-1,1,1
201320S042863,2,9,0,18,0,1,0,0,0,0,1,1,6,1,6,1905,2,13,1,1
201320S042863,3,9,0,7,0,2,0,0,0,0,0,1,1,1,-1,2993,2,-1,-1,-1
201320S043523,1,5,0,13,0,0,1,0,0,0,1,1,6,1,4,599,1,18,1,1
201320S043523,2,9,0,17,0,0,0,0,0,0,1,1,6,2,8,1339,1,7,6,1
201320S043533,1,9,0,18,0,6,1,0,1,3,1,1,6,1,6,1600,1,5,1,1
201320S043533,2,9,0,18,0,8,1,0,0,0,2,1,6,1,8,1398,2,4,6,3
201320S043553,1,9,0,18,0,0,0,10,1,5,1,1,6,2,5,1390,1,4,2,1
201320S043603,1,9,0,2,0,0,0,0,0,0,3,1,6,1,8,1598,1,12,2,1
201320S043603,2,1,0,14,0,0,0,8,0,0,4,1,6,1,8,-1,-1,-1,2,1
201320S043663,1,9,0,18,0,8,0,0,0,0,1,1,6,1,6,1997,1,13,2,1
201320S043663,2,19,0,18,0,8,0,0,0,0,4,1,6,1,9,1868,2,9,8,1
201320S043673,1,9,0,7,0,6,0,0,0,0,1,1,2,2,-1,1399,1,4,1,1
201320S043673,2,1,0,18,0,3,0,0,0,0,4,1,2,1,9,-1,-1,-1,2,1
201320S043683,1,9,0,18,0,4,0,0,0,0,3,1,1,1,-1,998,1,14,-1,-1
201320S043683,2,9,0,9,0,8,0,0,0,0,1,1,6,2,7,1242,1,9,1,1
201320S043713,1,9,0,9,0,5,0,0,0,0,1,1,1,1,10,1124,1,7,7,1
201320S043713,2,1,0,9,0,1,0,0,0,0,4,1,2,1,8,-1,-1,-1,7,1
201320S043833,1,1,0,18,0,0,0,0,0,0,1,1,6,1,4,-1,-1,-1,6,1
201320S043833,2,9,0,4,0,0,0,0,0,0,3,1,2,1,8,1956,2,1,-1,-1
201320S044233,1,8,0,5,0,0,0,0,0,0,1,1,1,1,10,2231,2,6,1,1
201320S044243,1,9,0,18,0,8,0,0,7,10,1,1,6,1,6,1598,1,10,1,1
201320S044243,2,9,0,9,0,8,0,0,0,0,1,1,6,2,6,1598,1,9,3,1
201320S044253,1,9,0,7,0,1,0,0,0,0,3,1,6,3,-1,-1,-1,-1,-1,-1
201320S044253,2,3,0,18,0,1,0,0,0,0,1,1,1,1,5,124,1,1,2,1
201320S044303,1,9,0,9,0,5,0,0,0,0,1,1,6,2,6,1599,1,9,5,1
201320S044303,2,9,0,18,0,8,0,0,0,0,3,1,1,2,5,1229,1,1,6,1
201320S044323,1,9,0,9,0,6,0,0,0,0,1,1,6,3,-1,1968,2,6,-1,-1
201320S044323,2,9,0,18,0,8,0,0,0,0,1,1,6,1,7,1527,2,12,1,1
201320S044333,1,9,0,18,0,8,0,0,0,0,1,1,6,1,6,1998,1,10,4,1
201320S044333,2,9,0,18,0,8,0,10,7,0,3,1,6,2,8,1388,1,3,1,1
201320S044483,1,9,0,18,0,6,0,0,0,0,3,1,6,1,5,1398,1,-1,6,1
201320S044483,2,9,0,18,0,8,0,0,1,0,1,1,6,1,4,1242,1,6,3,1
201320S044503,1,9,0,9,0,6,0,0,0,0,1,1,2,1,6,1560,2,-1,2,1
201320S044503,2,4,0,14,0,8,2,0,0,0,1,1,2,2,5,125,1,5,1,1
201320S044553,1,20,0,1,0,6,0,0,0,0,2,1,1,1,8,4500,2,6,9,1
201320S044553,2,5,0,3,0,8,0,0,0,0,3,1,1,1,9,656,1,1,4,1
201320S044563,1,19,0,9,0,4,0,0,0,0,3,1,6,1,10,1399,2,5,3,1
201320S044563,2,1,0,18,0,8,0,0,0,0,1,1,6,1,5,-1,-1,-1,5,1
201320S044843,1,19,0,18,0,2,0,0,0,0,1,1,6,3,-1,-1,-1,-1,-1,-1
201320S044963,1,9,0,18,0,4,0,0,0,0,1,1,6,1,7,1587,1,13,3,1
201320S044963,2,3,0,18,0,4,0,0,0,0,4,1,6,1,4,124,1,5,7,1
201320S044973,1,9,0,18,0,2,0,0,0,0,1,1,2,2,-1,1299,1,8,6,1
201320S044973,2,9,0,4,0,2,0,0,0,0,2,1,2,1,7,1242,1,2,5,1
201320S044993,1,9,0,1,0,0,0,0,0,0,2,1,6,2,-1,1364,1,2,-1,-1
201320S045143,1,19,0,1,9,8,0,0,0,0,2,1,1,1,8,2874,2,14,6,1
201320S045433,1,9,0,9,0,6,0,0,0,0,1,1,6,1,-1,1560,2,2,-1,-1
201320S045673,1,11,0,18,0,8,1,0,0,0,1,1,1,1,6,9600,2,17,7,1
201320S045673,2,3,0,18,0,8,0,0,7,10,1,1,2,1,6,124,1,-1,1,1
201320S045903,1,9,0,18,0,1,0,0,0,0,1,1,6,1,-1,-1,-1,-1,-1,-1
201320S045903,2,19,0,3,0,1,0,0,0,0,2,1,6,1,8,1868,2,11,1,1
201320S046083,1,9,0,7,0,8,0,0,0,0,0,1,6,3,-1,-1,-1,-1,-1,-1
201320S046083,2,1,0,18,0,8,0,0,0,0,0,1,2,1,6,-1,-1,-1,2,1
201320S046093,1,9,0,7,0,5,0,0,0,0,4,1,6,3,-1,-1,-1,-1,-1,-1
201320S046873,1,9,0,18,0,0,0,0,0,0,1,1,6,1,7,1461,2,8,1,1
201320S047053,1,9,0,18,0,0,0,0,0,0,1,1,1,1,6,1299,1,11,1,1
201320S047083,1,9,0,9,0,6,0,0,0,0,1,1,6,3,-1,-1,-1,-1,-1,-1
201320S047083,2,1,0,18,0,8,0,0,0,0,3,1,6,1,5,-1,-1,-1,2,1
201320S047133,1,19,0,16,0,0,1,0,0,0,1,1,2,1,8,2402,2,8,1,1
201320S047133,2,9,0,17,0,0,0,0,0,0,1,1,1,1,5,1587,1,8,5,1
201320S047153,1,9,0,1,0,0,0,4,0,0,2,1,3,1,4,1461,2,-1,9,1
201320S047153,2,9,0,2,0,0,0,0,0,0,2,1,3,2,7,1968,2,1,5,1
201320S047383,1,3,0,14,0,8,0,0,0,0,1,1,2,1,6,124,1,12,4,1
201320S047383,2,9,0,9,0,6,0,0,0,0,3,1,2,1,6,1995,2,5,1,1
201320S047403,1,9,0,18,0,4,0,7,0,0,1,1,1,1,8,1461,2,3,1,1
201320S047403,2,9,0,9,0,8,0,0,0,0,1,1,1,2,4,1299,1,11,1,1
201320S047573,1,9,0,18,9,8,0,0,0,0,3,1,6,2,8,1796,7,9,5,1
201320S047573,2,9,0,5,9,8,0,0,0,0,4,1,6,1,7,1998,2,11,4,1
201320S047613,1,9,0,18,9,0,1,0,7,10,1,1,6,2,6,1242,1,3,2,1
201320S047833,1,9,0,18,0,0,0,0,0,0,4,1,3,1,10,1596,1,9,2,1
201320S047863,1,9,0,18,0,0,0,0,0,0,1,1,6,1,7,1781,1,10,3,1
201320S047863,2,9,0,18,0,0,0,0,0,0,3,1,6,1,5,1596,1,8,-1,-1
201320S047863,3,8,0,18,0,0,0,4,0,0,3,1,1,1,6,1896,2,7,2,1
201320S047863,4,9,0,2,0,0,0,0,0,0,3,1,6,2,-1,1389,1,12,3,1
201320S047923,1,9,0,18,0,0,0,0,0,0,1,1,6,3,-1,-1,-1,-1,-1,-1
201320S048003,1,9,0,5,0,0,0,0,0,0,3,1,6,2,6,1896,2,9,3,1
201320S048003,2,1,0,18,0,0,0,0,0,0,2,1,6,1,6,-1,-1,-1,7,1
201320S048453,1,9,0,14,0,0,0,0,0,0,4,1,6,1,10,1587,1,6,3,1
201320S048573,1,9,0,18,0,0,0,4,3,2,1,1,6,1,11,1905,2,17,2,1
201320S048573,2,1,0,18,0,0,0,0,0,0,1,1,6,1,5,-1,-1,-1,1,1
201320S048573,3,9,0,2,9,0,0,0,0,0,4,1,6,2,10,1498,1,8,7,1
201320S048623,1,9,0,5,0,2,0,0,0,0,1,1,6,2,-1,1598,1,12,-1,-1
201320S048743,1,9,0,5,0,2,0,0,0,0,1,1,6,1,-1,1560,2,8,-1,-1
201320S048743,2,9,0,3,0,2,0,0,0,0,2,1,6,2,6,1997,2,6,5,1
201320S048753,1,9,0,18,0,8,1,10,7,10,4,1,6,1,-1,-1,-1,-1,-1,-1
201320S048753,2,9,0,18,0,8,0,0,0,0,1,1,6,1,5,-1,-1,-1,2,1
201320S048753,3,9,0,18,0,1,0,0,0,0,1,1,6,1,7,1998,2,9,1,1
201320S048773,1,9,0,18,0,0,2,7,5,1,4,1,6,1,6,-1,-1,-1,1,1
201320S048833,1,9,0,18,0,4,0,0,0,0,1,1,6,2,6,1461,2,7,2,1
201320S048833,2,9,0,18,0,3,0,0,0,0,4,1,6,1,11,1248,1,1,5,1
201320S048843,1,9,0,5,0,8,0,0,1,0,1,1,6,1,9,1686,2,2,1,1
201320S048843,2,9,0,18,0,8,0,0,0,0,1,1,6,2,6,1124,1,7,2,1
201320S048853,1,9,0,9,0,8,0,0,0,0,1,1,6,2,8,1388,1,15,5,1
201320S048853,2,9,0,18,0,8,0,0,1,10,4,1,6,1,9,1870,2,12,5,1
201320S048873,1,3,0,18,0,8,0,0,0,0,1,1,6,1,5,124,1,-1,1,1
201320S048873,2,9,0,9,0,8,0,0,0,0,3,1,6,1,6,1229,1,7,-1,1
201320S048953,1,1,0,18,9,8,0,0,0,0,1,1,1,1,3,-1,-1,-1,1,1
201320S048953,2,90,0,3,9,8,0,0,0,0,3,1,1,1,9,9200,2,6,3,1
201320S048973,1,9,0,5,0,0,0,0,0,0,1,1,6,1,6,1781,1,8,6,1
201320S048973,2,5,0,18,0,0,0,0,0,0,1,1,6,1,7,599,1,11,1,1
201320S048983,1,19,0,13,0,0,0,0,0,0,1,1,6,1,-1,1753,2,8,-1,-1
201320S048983,2,5,0,18,0,0,0,0,0,0,1,1,2,1,6,636,1,10,1,1
201320S048993,1,9,0,7,6,6,0,0,0,0,1,1,6,1,8,1968,2,-1,4,1
201320S049003,1,9,0,18,0,6,1,10,1,1,3,1,6,2,4,1360,1,11,4,1
201320S049003,2,9,0,18,0,8,1,0,0,0,1,1,6,1,6,1560,2,6,4,1
201320S049083,1,9,0,7,9,6,0,0,0,0,1,1,6,1,-1,1398,1,5,-1,-1
201320S049133,1,19,0,12,0,0,0,0,0,0,3,1,1,1,8,2198,2,1,3,3
201320S049133,2,9,0,13,0,0,0,0,0,0,4,1,3,1,8,1587,1,4,5,1
201320S049223,1,9,0,9,0,8,0,0,0,0,1,1,6,1,8,1896,2,13,1,1
201320S049263,1,9,0,9,0,5,0,0,0,0,1,1,6,1,-1,-1,-1,-1,4,1
201320S049263,2,9,0,18,0,8,0,0,0,0,3,1,6,2,11,1975,1,12,1,1
201320S049323,1,2,0,4,0,0,0,0,0,0,3,1,6,1,4,49,1,5,1,1
201320S049323,2,2,0,4,0,0,0,0,0,0,4,1,6,1,4,49,1,2,8,1
201320S049513,1,9,0,11,0,1,0,0,0,0,4,1,6,2,-1,1595,1,10,-1,-1
201320S049513,2,9,0,18,0,1,0,0,0,0,3,1,6,1,6,1242,1,12,4,1
201320S049633,1,9,0,18,0,0,0,0,0,0,1,1,6,1,5,1968,2,7,2,1
201320S049673,1,9,0,18,0,8,0,0,0,0,1,1,6,2,-1,1587,1,11,2,1
201320S049673,2,1,0,18,0,8,0,0,0,0,1,1,6,1,8,-1,-1,-1,3,1
201320S049713,1,9,0,12,0,0,0,0,0,0,0,1,6,1,-1,1796,1,2,-1,-1
201320S049713,2,3,0,13,0,0,5,0,0,0,3,1,2,1,6,124,1,6,4,1
201320S049763,1,9,0,9,0,6,0,0,0,0,1,1,6,2,10,-1,-1,-1,3,1
201320S049763,2,3,0,18,0,8,5,0,0,0,1,1,1,1,4,125,1,1,7,1
201320S049773,1,9,0,18,0,8,0,0,0,0,4,1,6,1,5,1998,2,8,2,1
201320S049783,1,9,0,18,0,0,1,0,0,0,1,1,6,1,6,1397,1,12,1,1
201320S049793,1,9,0,18,0,1,0,0,0,0,1,1,2,1,8,1995,2,11,2,1
201320S049793,2,9,0,10,0,1,0,0,0,0,2,1,2,1,9,1242,1,1,1,1
201320S049803,1,9,0,18,0,1,0,0,0,0,1,1,6,1,6,1896,2,12,1,1
201320S049803,2,9,0,3,0,1,0,0,0,0,2,1,6,1,9,1896,2,12,4,1
201320S049803,3,9,0,3,0,1,0,0,0,0,2,1,6,1,6,2143,2,-1,4,1
201320S049813,1,2,0,18,0,8,0,0,0,0,1,1,6,1,4,49,1,-1,1,1
201320S049813,2,9,0,7,0,5,0,0,0,0,2,1,6,2,8,1995,2,6,5,1
201320S049823,1,9,0,18,0,0,0,7,4,2,1,1,2,1,8,1242,1,4,4,1
201320S049843,1,9,0,4,0,0,0,0,0,0,1,1,1,1,6,1124,1,12,7,1
201320S049843,2,9,0,4,0,0,0,0,0,0,2,1,1,2,8,1994,2,14,4,1
201320S049903,1,9,0,18,0,1,0,0,0,0,1,1,6,1,6,1995,1,11,1,1
201320S050063,1,9,0,5,0,1,0,0,0,0,1,1,2,1,6,1390,1,9,2,1
201320S050283,1,9,0,4,0,1,0,0,0,0,1,1,6,1,-1,-1,-1,-1,-1,-1
201320S050283,2,9,0,3,0,1,0,0,0,0,2,1,6,1,8,1240,1,6,1,1
201320S050293,1,9,0,5,9,1,0,0,0,0,1,1,1,1,9,-1,-1,-1,10,1
201320S050333,1,9,0,18,0,2,0,0,0,0,1,1,6,2,-1,-1,-1,-1,-1,-1
201320S050373,1,9,0,9,0,5,0,0,0,0,4,1,6,3,-1,-1,-1,-1,-1,-1
201320S050373,2,5,0,18,0,8,0,0,0,0,1,1,6,1,5,-1,-1,-1,5,1
201320S050553,1,9,0,13,0,0,0,0,7,10,2,1,6,2,6,1398,1,-1,9,1
201320S050553,2,9,0,18,0,0,0,0,0,0,2,1,6,1,8,1396,1,13,3,1
201320S050553,3,9,0,18,0,0,0,0,0,0,0,1,6,1,-1,-1,-1,-1,-1,-1
201320S050843,1,9,0,18,0,2,1,0,0,0,1,1,6,1,5,1686,2,9,1,1
201320S051443,1,9,0,4,0,0,0,0,0,0,1,1,1,1,7,2993,2,5,7,1
201320S051883,1,9,0,17,0,0,0,0,0,0,1,1,6,1,7,1560,2,1,1,1
201320S051883,2,9,0,3,0,0,0,0,0,0,2,1,6,1,7,1598,1,5,5,1
201320S051923,1,9,0,11,0,0,0,0,0,0,4,1,6,1,-1,1896,2,9,1,1
201320S051923,2,5,0,18,0,0,0,0,0,0,3,1,2,1,7,599,1,16,2,1
201320S051933,1,9,0,18,0,1,1,0,0,0,1,1,6,1,-1,2685,2,9,1,1
201320S051933,2,9,0,3,0,1,0,0,0,0,2,1,6,2,5,1587,1,10,3,1
201320S052103,1,9,0,4,0,1,1,0,0,0,1,1,6,2,4,1299,1,11,8,1
201320S052103,2,9,0,3,0,1,0,0,0,0,2,1,6,1,7,1686,2,1,4,1
201320S052223,1,9,0,5,0,0,0,0,0,0,3,1,1,2,5,1124,1,8,1,1
201320S052223,2,9,0,18,0,0,1,10,7,10,4,1,1,2,7,1598,1,6,9,1
201320S052253,1,9,0,9,0,6,0,0,0,0,1,1,3,2,6,973,1,11,3,1
201320S052253,2,3,0,14,0,1,0,0,0,0,1,1,6,1,5,-1,-1,-1,1,1
201320S052273,1,9,0,9,0,5,0,0,0,0,1,1,6,2,10,1598,2,2,6,1
201320S052283,1,9,0,7,0,4,0,0,0,0,4,1,2,1,8,-1,-1,-1,4,1
201320S052283,2,1,0,7,0,3,0,0,0,0,3,1,6,1,7,-1,-1,-1,-1,-1
201320S052293,1,9,0,18,0,8,0,0,0,0,1,1,6,1,5,1956,2,1,7,1
201320S052293,2,9,0,18,0,8,5,0,0,0,1,1,2,2,9,-1,-1,-1,3,1
201320S052303,1,9,0,18,0,0,0,0,0,0,1,1,6,1,-1,-1,-1,-1,-1,-1
201320S052303,2,90,0,18,0,0,0,0,0,0,2,1,1,2,6,-1,-1,-1,2,1
201320S052313,1,9,0,7,0,8,1,7,7,10,4,1,6,1,6,1493,1,16,5,1
201320S052313,2,9,0,18,0,8,1,10,7,1,4,1,2,2,9,1997,2,4,4,1