Accident_Index,Vehicle_Reference,Vehicle_Type,Towing_and_Articulation,Vehicle_Manoeuvre,Vehicle_Location-Restricted_Lane,Junction_Location,Skidding_and_Overturning,Hit_Object_in_Carriageway,Vehicle_Leaving_Carriageway,Hit_Object_off_Carriageway,1st_Point_of_Impact,Was_Vehicle_Left_Hand_Drive?,Journey_Purpose_of_Driver,Sex_of_Driver,Age_Band_of_Driver,Engine_Capacity_(CC),Propulsion_Code,Age_of_Vehicle,Driver_IMD_Decile,Driver_Home_Area_Type
201320T045743,1,9,0,18,0,0,1,0,0,0,1,1,6,2,-1,-1,-1,-1,-1,-1
201320T045783,1,9,0,18,0,0,2,4,0,0,1,1,6,1,6,1198,1,-1,1,1
201320T045783,2,9,0,2,0,0,0,4,0,0,2,1,6,2,7,1086,1,10,3,1
201320T045783,3,9,0,2,0,0,0,4,0,0,3,1,6,2,7,1598,1,11,1,1
201320T045803,1,9,0,18,0,0,0,0,0,0,1,1,1,1,8,1910,2,8,3,1
201320T045813,1,9,0,9,0,5,0,0,0,0,4,1,6,2,7,1784,1,6,7,1
201320T045813,2,9,0,18,0,8,0,0,0,0,1,1,6,2,6,1781,1,11,5,1
201320T045833,1,1,0,14,0,8,0,0,0,0,1,1,2,1,6,-1,-1,-1,1,1
201320T045833,2,9,0,3,0,6,0,0,0,0,0,1,2,1,7,1998,7,10,1,1
201320T045833,3,9,0,3,0,8,0,0,0,0,2,1,2,2,7,1781,1,17,1,1
201320T045893,1,9,0,18,0,8,0,0,0,0,3,1,6,2,-1,-1,-1,-1,-1,-1
201320T045893,2,9,0,18,0,8,0,0,0,0,1,1,6,1,7,1686,2,15,2,1
201320T045923,1,9,0,18,0,8,0,0,0,0,1,1,6,2,6,1388,1,10,3,1
201320T045923,2,9,0,9,2,8,0,0,0,0,4,1,6,3,-1,2495,2,6,-1,-1
201320T045963,1,9,0,18,0,0,5,4,0,0,4,1,6,2,5,1198,1,8,-1,-1
201320T045963,2,9,0,2,0,0,0,0,0,0,2,1,6,2,-1,-1,-1,-1,3,1
201320T045973,1,9,0,18,0,0,0,0,0,0,1,1,2,2,7,-1,-1,-1,1,1
201320T045983,1,9,0,18,0,8,0,0,0,0,1,1,1,1,7,1896,2,12,1,1
201320T045983,2,9,0,18,0,8,1,10,1,10,3,1,2,2,7,2494,1,10,3,1
201320T045993,1,9,0,18,0,8,0,0,0,0,1,1,6,1,4,1896,2,5,1,1
201320T045993,2,9,0,7,0,6,0,0,0,0,1,1,6,2,7,2000,1,9,-1,-1
201320T046003,1,9,0,16,0,0,0,0,0,0,1,1,1,1,8,1988,2,7,4,1
201320T046003,2,9,0,16,0,0,0,0,0,0,2,1,6,2,8,1699,1,8,3,1
201320T046003,3,90,0,18,0,0,0,0,0,0,0,1,1,1,8,-1,-1,-1,5,1
201320T046013,1,9,0,7,0,6,0,0,0,0,3,1,6,3,-1,1968,2,1,-1,-1
201320T046013,2,19,0,18,0,8,0,0,0,0,4,1,6,1,6,-1,-1,-1,1,1
201320T046253,1,9,0,18,0,1,0,0,0,0,1,1,6,1,6,1896,2,9,4,1
201320T046253,2,9,0,3,0,1,0,0,0,0,2,1,3,2,6,1781,1,13,1,1
201320T046273,1,9,0,4,0,0,0,0,0,0,1,1,6,1,6,1995,2,6,1,1
201320T046553,1,5,0,18,0,0,0,0,0,0,1,1,6,1,5,998,1,12,4,1
201320T047113,1,9,0,17,0,0,0,10,6,0,1,1,6,1,4,1896,2,7,2,1
201320T047113,2,9,0,16,0,0,0,0,0,0,1,1,6,1,5,1560,2,7,3,1
201320T047143,1,8,0,16,0,0,0,0,0,0,1,1,1,1,6,1995,2,8,1,1
201320T047143,2,9,0,17,0,0,0,0,0,0,1,1,6,1,6,1560,2,8,3,1
201320T047373,1,9,0,17,0,0,0,0,0,0,3,1,6,3,-1,-1,-1,-1,-1,-1
201320T047493,1,9,0,9,0,6,0,0,0,0,3,1,6,2,4,1149,1,6,8,1
201320T047493,2,9,0,18,0,8,1,0,0,0,1,1,6,1,6,1781,1,12,1,1
201320T047523,1,9,0,18,0,8,0,0,0,0,4,1,6,3,-1,-1,-1,-1,-1,-1
201320T047523,2,1,0,18,0,8,0,0,0,0,1,1,1,1,7,-1,-1,-1,10,1
201320T047563,1,9,0,5,0,1,0,0,0,0,1,1,6,1,-1,-1,-1,-1,-1,-1
201320T047603,1,9,0,18,0,0,0,0,0,0,1,1,3,2,-1,1896,2,15,-1,-1
201320T047643,1,9,0,8,0,1,0,0,0,0,2,1,6,1,6,2204,2,8,1,1
201320T047643,2,9,0,18,0,1,0,0,0,0,1,1,6,1,6,1364,1,9,1,1
201320T047693,1,9,0,4,0,1,0,0,0,0,1,1,6,3,-1,-1,-1,-1,-1,-1
201320T047693,2,9,0,4,0,1,0,0,0,0,2,1,1,1,9,1986,2,5,1,1
201320T047783,1,9,0,7,0,6,0,0,0,0,1,1,6,1,7,1686,2,10,4,1
201320T047783,2,9,0,18,0,8,0,0,0,0,4,1,6,2,4,1389,1,7,10,1
201320T047903,1,11,0,4,0,1,0,0,0,0,1,1,1,1,5,7300,2,12,-1,-1
201320T047903,2,9,0,3,0,1,0,0,0,0,2,1,1,1,-1,1248,2,3,2,1
201320T047913,1,9,0,9,0,2,0,0,0,0,4,1,6,1,6,1390,1,12,3,1
201320T047913,2,9,0,18,0,1,0,10,0,0,4,1,1,1,-1,1956,2,1,2,1
201320T047933,1,5,0,18,0,8,2,0,0,0,3,1,6,1,8,1043,1,-1,4,1
201320T047933,2,9,0,18,0,8,2,0,0,0,1,1,6,1,11,1398,1,12,1,1
201320T048363,1,9,0,9,0,6,0,4,0,0,1,1,6,2,5,1360,1,6,2,1
201320T048363,2,9,0,18,0,1,0,0,0,0,1,1,6,2,6,1198,1,8,3,1
201320T048363,3,19,0,2,0,1,0,0,0,0,4,1,6,2,-1,2198,2,3,-1,-1
201320T048413,1,19,0,18,0,0,0,0,0,0,1,1,1,1,8,2151,2,11,-1,-1
201320T048413,2,9,0,4,0,0,0,0,0,0,3,1,6,1,9,1753,2,7,6,1
201320T048413,3,9,0,2,0,0,0,0,0,0,3,1,6,1,8,1461,2,4,6,1
201320T048473,1,9,0,18,0,1,0,0,0,0,1,1,6,1,-1,1396,1,16,-1,-1
201320T048473,2,9,0,18,0,1,0,0,0,0,2,1,2,1,6,1364,1,7,3,1
201320T048583,1,9,0,4,0,0,0,0,0,0,1,1,6,2,4,1124,1,10,2,1
201320T048583,2,9,0,4,0,0,0,0,0,0,2,1,6,1,9,1299,1,12,8,1
201320T048583,3,9,0,4,0,0,0,0,0,0,0,1,6,2,6,1796,1,12,4,1
201320T048583,4,9,0,1,0,0,0,0,0,0,0,1,6,2,7,1364,1,6,6,1
201320T048593,1,9,0,2,0,2,0,0,0,0,0,1,6,1,-1,1994,1,15,-1,-1
201320T048593,2,9,0,9,0,2,0,0,0,0,1,1,1,1,8,1956,2,1,4,1
201320T048633,1,9,0,9,0,2,0,7,0,0,1,1,1,1,7,2993,2,-1,1,1
201320T048633,2,9,0,9,0,5,0,0,0,0,0,1,6,1,-1,1986,2,7,-1,-1
201320T048653,1,9,0,5,0,8,0,0,0,0,1,1,6,3,-1,-1,-1,-1,-1,-1
201320T048653,2,1,0,18,9,8,0,0,0,0,1,1,6,1,5,-1,-1,-1,1,1
201320T048713,1,9,0,18,0,2,0,0,0,0,3,1,6,2,5,1360,1,12,4,1
201320T048713,2,9,0,9,0,6,0,0,0,0,1,1,6,1,9,1769,1,12,4,1
201320T048733,1,9,0,5,0,8,0,0,7,1,4,1,6,1,-1,1995,2,-1,-1,-1
201320T048733,2,9,0,9,0,8,0,0,7,1,1,1,2,1,8,1896,2,12,1,1
201320T048783,1,9,0,5,0,0,0,0,0,0,3,1,6,1,-1,1299,1,9,1,1
201320T048783,2,9,0,5,0,0,0,0,0,0,4,1,3,1,7,1198,1,10,2,1
201320T048803,1,9,0,2,0,1,0,0,0,0,3,1,6,1,-1,1995,2,11,-1,-1
201320T048803,2,9,0,14,0,1,0,8,0,0,4,1,6,1,6,1461,2,7,5,1
201320T049013,1,9,0,18,0,2,0,0,0,0,4,1,6,1,6,1896,2,14,3,1
201320T049023,1,9,0,9,9,8,0,0,0,0,1,1,3,1,8,-1,-1,-1,1,1
201320T049073,1,9,0,18,0,0,1,0,0,0,1,1,6,1,4,1390,1,3,2,1
201320T049073,2,9,0,5,0,0,0,0,0,0,3,1,6,2,-1,1910,2,5,6,1
201320T049113,1,21,1,18,0,0,0,0,1,10,4,1,6,1,7,10518,2,5,7,1
201320T049203,1,9,0,9,0,5,0,0,0,0,4,1,6,1,-1,-1,-1,-1,-1,-1
201320T049243,1,9,0,7,0,6,0,0,0,0,1,1,6,2,6,2494,1,13,2,2
201320T049243,2,1,0,18,0,2,0,0,0,0,4,1,6,1,6,-1,-1,-1,1,1
201320T049343,1,21,0,18,0,8,0,0,0,0,1,1,1,1,9,12740,2,1,8,1
201320T049343,2,9,0,9,0,5,0,0,0,0,2,1,6,2,6,998,6,13,1,1
201320T049353,1,9,0,9,0,2,0,0,0,0,1,1,6,1,7,1794,1,10,4,1
201320T049383,1,9,0,14,0,0,0,0,0,0,1,1,6,1,-1,1240,1,9,-1,-1
201320T049383,2,9,0,2,0,0,0,0,0,0,2,1,3,2,6,1968,2,3,1,1
201320T049403,1,9,0,5,0,0,0,0,0,0,3,1,6,1,6,1998,2,11,1,1
201320T049403,2,3,0,3,0,0,0,0,0,0,4,1,6,1,6,124,1,2,5,1
201320T049413,1,9,0,18,0,0,0,0,0,0,4,1,1,2,6,2000,2,4,2,1
201320T049443,1,9,0,18,0,2,0,0,0,0,4,1,3,1,-1,1360,1,10,-1,-1
201320T049473,1,9,0,18,0,1,0,0,0,0,1,1,3,1,8,1398,1,12,2,1
201320T049503,1,9,0,18,0,8,0,0,0,0,4,1,6,1,-1,1686,2,-1,-1,-1
201320T049503,2,9,0,18,0,8,0,0,0,0,1,1,6,2,8,1124,1,9,2,1
201320T049523,1,9,0,9,0,5,0,0,0,0,1,1,6,1,9,1598,1,4,1,1
201320T049523,2,9,0,18,0,8,0,0,0,0,1,1,6,1,8,1598,1,8,1,1
201320T049543,1,9,0,9,0,5,0,0,0,0,1,1,6,3,-1,1910,2,6,-1,-1
201320T049563,1,19,0,9,0,5,0,0,0,0,1,1,1,1,8,1868,2,11,1,1
201320T049563,2,1,0,18,0,8,0,0,0,0,2,1,1,1,7,-1,-1,-1,8,1
201320T049583,1,5,0,14,0,0,1,0,0,0,1,1,6,1,6,599,1,5,2,1
201320T049583,2,9,0,3,0,0,0,0,0,0,3,1,6,2,8,1598,1,1,1,1
201320T049583,3,5,0,3,0,0,0,0,0,0,2,1,6,1,5,599,1,14,2,1
201320T049583,4,9,0,3,0,0,0,0,0,0,2,1,1,1,8,1956,2,-1,7,1
201320T049593,1,9,0,16,0,0,0,10,4,2,1,1,6,2,6,1124,1,12,1,1
201320T049613,1,4,0,14,0,8,0,0,0,0,3,1,6,1,11,500,1,-1,1,1
201320T049613,2,9,0,9,0,6,0,0,0,0,1,1,6,1,8,1796,1,13,2,1
201320T049653,1,9,0,9,0,6,0,0,0,0,1,1,3,2,5,973,1,10,2,1
201320T049653,2,9,0,18,0,8,0,0,0,0,1,1,3,2,6,1149,1,11,2,1
201320T049663,1,9,0,18,0,0,0,0,0,0,1,1,6,1,7,1398,2,10,1,1
201320T049663,2,90,0,18,0,0,0,0,0,0,1,1,6,1,10,-1,-1,-1,1,1
201320T049703,1,9,0,14,0,0,0,0,0,0,4,1,6,1,7,1896,2,10,5,1
201320T049733,1,9,0,4,0,0,0,0,0,0,1,1,6,1,6,998,1,12,2,1
201320T050143,1,11,0,4,0,0,0,0,0,0,0,1,1,1,7,-1,-1,-1,6,1
201320T050243,1,9,0,18,0,8,0,0,0,0,3,1,6,1,-1,-1,-1,-1,1,1
201320T050243,2,9,0,18,0,8,0,0,0,0,3,1,6,2,5,1149,1,12,5,1
201320T050313,1,8,0,18,0,8,0,0,0,0,1,1,2,1,6,3222,2,8,1,1
201320T050313,2,9,0,7,0,8,0,0,0,0,1,1,6,1,-1,-1,-1,-1,4,1
201320T050363,1,9,0,18,0,4,0,9,3,1,1,1,3,2,5,1590,1,10,1,1
201320T050583,1,9,0,1,0,2,0,0,7,10,2,1,1,1,6,1956,2,1,4,1
201320T050613,1,9,0,13,0,0,1,10,1,4,2,1,6,1,6,1242,1,13,1,1
201320T050613,2,9,0,18,0,0,0,0,0,0,0,1,6,1,7,1600,1,2,5,1
201320T050613,3,9,0,18,0,0,0,0,0,0,0,1,6,1,9,1598,1,-1,1,1
201320T050683,1,19,0,18,0,1,0,0,0,0,1,1,6,1,-1,2689,2,11,2,1
201320T050683,2,9,0,3,0,1,0,0,0,0,2,1,6,2,6,998,1,13,3,1
201320T051103,1,9,0,3,0,0,0,0,0,0,1,1,1,2,7,1796,1,14,6,1
201320T051103,2,19,0,3,0,0,0,0,0,0,2,1,1,1,8,6370,2,8,8,1
201320T051113,1,9,0,5,0,1,0,0,0,0,1,1,6,1,7,1587,1,11,3,1
201320T051113,2,9,0,3,0,1,0,0,0,0,2,1,6,2,9,1870,2,12,1,1
201320T051123,1,9,0,1,9,6,0,0,0,0,2,1,6,2,10,1598,1,2,1,1
201320T051123,2,2,0,18,9,8,0,0,0,0,4,1,6,1,5,-1,-1,-1,1,1
201320T051143,1,8,0,5,0,6,0,0,0,0,3,1,6,1,8,1995,2,8,1,1
201320T051143,2,9,0,18,0,8,0,0,0,0,1,1,6,1,6,1598,1,8,4,1
201320T051513,1,9,0,9,0,6,0,0,0,0,1,1,6,2,4,1299,1,11,1,1
201320T051513,2,9,0,18,0,8,0,0,0,0,1,1,6,1,8,1870,2,14,1,1
201320T051813,1,9,0,7,0,1,0,0,0,0,1,1,6,2,7,1598,1,12,1,1
201320T051823,1,9,0,18,0,0,1,10,1,10,1,1,6,1,4,1998,1,9,2,1
201320T051823,2,9,0,2,0,0,0,0,0,0,1,1,6,1,-1,1275,1,15,-1,-1
201320T051843,1,3,0,18,0,0,1,0,0,0,1,1,6,1,7,124,1,-1,1,1
201320T051843,2,8,0,18,0,0,0,0,0,0,3,1,6,2,9,1199,1,10,5,1
201320T051853,1,5,0,13,0,8,0,0,0,0,0,1,1,1,7,599,1,9,5,1
201320T051853,2,19,0,9,0,5,0,0,0,0,0,1,1,1,-1,2198,2,-1,4,1
201320T051863,1,11,0,14,0,8,0,0,0,0,1,1,1,1,9,5900,2,18,5,1
201320T051863,2,9,0,9,0,8,0,0,0,0,3,1,6,2,6,1997,1,9,3,1
201320T051903,1,9,0,18,0,8,0,0,0,0,1,1,6,2,6,1242,1,12,1,1
201320T051903,2,1,0,18,0,8,0,0,0,0,4,1,2,1,6,-1,-1,-1,3,1
201320T052133,1,9,0,9,0,8,0,7,1,1,1,1,6,1,4,1242,1,12,2,1
201320T052133,2,9,0,18,0,8,0,0,0,0,1,1,6,1,6,1769,1,8,1,1
201320T052333,1,9,0,16,0,0,0,0,0,0,1,1,6,1,-1,1560,2,9,-1,-1
201320T052333,2,9,0,17,0,0,0,0,0,0,1,1,6,2,8,1332,1,16,1,1
201320T052353,1,9,0,9,0,6,0,0,0,0,1,1,6,1,7,1998,2,11,5,1
201320T052353,2,9,0,18,0,8,1,0,0,0,1,1,2,2,4,1598,1,7,1,1
201320T052473,1,9,0,5,0,4,0,0,0,0,1,1,2,1,6,1368,1,9,1,1
201320T052473,2,1,0,5,0,4,0,0,0,0,4,1,2,1,7,-1,-1,-1,1,1
201320T052523,1,9,0,1,0,0,0,0,0,0,2,1,6,2,-1,-1,-1,-1,-1,-1
201320T052523,2,9,0,3,0,0,0,0,0,0,2,1,6,2,5,1124,1,10,6,1
201320T052533,1,9,0,9,0,2,0,0,0,0,3,1,4,2,4,1198,1,10,2,1
201320T052533,2,9,0,18,0,1,0,0,0,0,1,1,4,2,4,1299,1,10,1,1
201320T052553,1,9,0,14,0,1,0,0,0,0,1,1,1,1,7,1995,2,7,3,1
201320T052613,1,90,0,7,0,3,0,7,5,4,1,1,1,1,6,8300,2,8,4,1
201320T052903,1,9,0,18,0,4,1,10,1,4,3,1,6,2,5,1399,1,4,2,1
201320T052903,2,9,0,18,0,3,1,0,0,0,0,1,6,2,8,1498,1,5,7,1
201320T053073,1,9,0,18,0,2,0,0,0,0,1,1,6,3,-1,-1,-1,-1,-1,-1
201320T053073,2,9,0,18,0,2,0,0,0,0,3,1,2,2,4,1364,1,5,2,1
201320T053073,3,9,0,18,0,2,0,0,0,0,3,1,2,2,8,1242,1,7,1,1
201320T053233,1,9,0,12,0,2,0,0,0,0,4,1,6,1,-1,-1,-1,-1,-1,-1
201320T053233,2,9,0,3,0,2,0,0,0,0,2,1,6,2,6,1598,1,4,4,1
201320T053243,1,9,0,18,0,1,0,0,0,0,1,1,6,2,-1,1598,1,16,-1,-1
201320T053243,2,9,0,8,0,1,0,0,0,0,2,1,6,1,7,2143,2,3,1,1
201320T053483,1,9,0,18,0,2,1,10,1,1,1,1,1,1,5,998,1,9,2,1
201320T053483,2,9,0,18,0,2,0,0,0,0,2,1,6,1,-1,1868,2,12,-1,-1
201320T053533,1,9,0,4,0,0,0,0,0,0,1,1,6,3,-1,3474,1,13,-1,-1
201320T053533,2,19,0,3,0,0,0,0,0,0,2,1,6,1,5,2198,2,5,1,1
201320T053643,1,9,0,18,0,6,0,0,0,0,1,1,1,2,8,1796,1,1,3,1
201320T053643,2,9,0,18,0,8,0,0,0,0,1,1,6,2,5,998,1,2,2,1
201320T053663,1,9,0,18,0,0,0,0,0,0,3,1,1,2,7,1769,1,12,1,1
201320T053803,1,9,0,18,0,3,0,0,0,0,1,1,2,1,7,1796,1,13,1,1
201320T053803,2,9,0,18,0,3,0,0,0,0,2,1,2,1,6,1596,1,4,1,1
201320T053843,1,9,0,13,0,1,2,0,7,10,1,1,6,1,4,-1,-1,-1,4,1
201320T053843,2,9,0,9,0,1,0,0,0,0,0,1,6,3,-1,-1,-1,-1,-1,-1
201320T053883,1,9,0,14,0,8,0,0,0,0,1,1,1,1,7,1956,2,1,2,1
201320T053883,2,9,0,9,0,8,0,0,0,0,2,1,6,2,7,1388,1,14,2,1
201320T053933,1,9,0,18,0,8,1,10,1,10,3,1,6,1,7,1560,2,-1,1,1
201320T053933,2,9,0,18,0,8,0,0,0,0,1,2,6,1,7,-1,-1,-1,1,1
201320T053943,1,9,0,7,0,5,0,0,0,0,1,1,6,1,-1,998,1,15,-1,-1
201320T053943,2,9,0,18,0,1,0,0,0,0,1,1,3,2,6,1596,1,7,3,1
201320T053973,1,9,0,18,0,1,0,0,0,0,1,1,6,1,5,999,1,14,4,1
201320T054093,1,19,0,18,0,0,1,0,0,0,1,1,1,1,6,1461,2,3,1,1
201320T054163,1,9,0,18,0,0,2,10,7,2,1,1,6,1,4,1596,1,10,5,1
201320T054483,1,19,0,5,0,0,0,4,0,0,2,1,1,1,7,2148,2,6,1,1
201320T054483,2,9,0,2,0,0,0,0,0,0,2,1,6,2,7,1995,2,5,9,1
201320T054493,1,9,0,9,0,6,0,0,0,0,1,1,6,2,5,1242,1,6,2,1
201320T054493,2,9,0,17,0,8,0,0,0,0,4,1,6,2,10,1360,1,5,9,1
201320T054523,1,9,0,7,0,8,0,0,0,0,1,1,6,1,10,1198,1,9,8,1
201320T054523,2,1,0,18,0,8,0,0,0,0,2,1,2,1,7,-1,-1,-1,1,1
201320T054673,1,9,0,18,0,2,0,0,0,0,1,1,6,1,6,1364,1,6,1,1
201320T054693,1,9,0,7,0,6,0,0,0,0,3,1,2,1,4,1242,1,9,1,1
201320T054693,2,1,0,18,0,8,0,0,0,0,1,1,6,1,7,-1,-1,-1,7,1
201320T054703,1,9,0,5,0,6,0,0,0,0,1,1,2,1,7,1598,1,5,3,1
201320T054703,2,1,0,18,0,2,0,0,0,0,2,1,2,1,7,-1,-1,-1,1,1
201320T054753,1,9,0,18,0,0,0,0,0,0,1,1,6,2,8,1461,2,9,1,1
201320T054753,2,9,0,2,0,0,0,0,0,0,2,1,6,1,-1,1598,1,12,-1,-1
201320T054763,1,9,0,7,0,3,0,0,0,0,3,1,6,3,-1,-1,-1,-1,-1,-1
201320T054783,1,9,0,18,0,1,0,0,0,0,1,1,6,3,-1,-1,-1,-1,-1,-1
201320T054783,2,1,0,18,0,1,0,0,0,0,2,1,6,1,7,-1,-1,-1,1,1
201320T054813,1,9,0,18,0,8,0,0,0,0,1,1,6,1,-1,-1,-1,-1,-1,-1
201320T054813,2,9,0,18,0,8,0,0,0,0,4,1,1,1,7,1598,1,8,1,1
201320T054833,1,9,0,12,0,0,0,0,0,0,3,1,6,2,-1,1386,1,4,-1,-1
201320T054833,2,9,0,18,0,0,0,0,0,0,1,1,6,2,6,998,1,10,1,1
201320T054863,1,9,0,18,0,1,0,0,0,0,1,1,6,3,-1,-1,-1,-1,-1,-1
201320T054933,1,9,0,5,0,2,0,0,0,0,1,1,6,1,-1,1998,1,14,-1,-1
201320T054983,1,9,0,9,0,5,0,0,0,0,3,1,6,1,-1,-1,-1,-1,-1,-1
201320T054983,2,3,0,18,0,4,0,0,0,0,1,1,1,1,7,125,1,3,1,1
201320T055143,1,9,0,5,0,0,0,0,0,0,1,1,6,1,9,1388,1,1,2,1
201320T055153,1,9,0,4,0,1,0,0,0,0,1,1,6,3,-1,-1,-1,-1,-1,-1
201320T055153,2,9,0,10,0,1,0,0,0,0,2,1,1,1,6,2231,2,7,5,1
201320T055173,1,9,0,18,0,4,0,0,0,0,3,1,1,2,9,1686,2,-1,5,1
201320T055173,2,1,0,18,0,4,0,0,0,0,1,1,2,2,9,-1,-1,-1,4,1
201320T055313,1,9,0,9,0,8,0,0,0,0,1,1,2,2,5,973,1,11,3,1
201320T055313,2,1,0,9,0,8,0,0,0,0,2,1,2,1,7,-1,-1,-1,5,1
201320T055573,1,9,0,9,0,5,0,0,0,0,1,1,6,1,11,1560,2,5,1,1
201320T055573,2,9,0,18,0,8,1,0,0,0,3,1,6,2,5,2204,2,3,1,1
201320T055583,1,9,0,18,0,0,0,0,0,0,3,1,6,2,6,1386,1,7,2,1
201320T055663,1,9,0,18,0,0,0,4,0,0,1,1,6,2,6,998,1,2,1,1
201320T055663,2,9,0,2,0,0,0,0,0,0,1,1,6,2,8,1799,1,6,1,1
201320T055743,1,9,0,5,0,3,0,0,0,0,1,1,6,1,-1,1388,1,5,10,2
201320T055743,2,9,0,3,0,3,0,0,0,0,2,1,6,2,7,1229,1,4,1,1
201320T056133,1,8,0,5,0,4,0,0,0,0,1,1,2,1,7,1997,2,12,1,1
201320T056133,2,1,0,18,0,3,0,0,0,0,4,1,2,2,7,-1,-1,-1,3,1
201320T056173,1,9,0,18,0,6,0,0,0,0,1,1,6,1,8,2688,2,12,4,1
201320T056173,2,3,0,18,0,8,0,0,0,0,1,1,6,1,4,125,1,-1,1,1
201320T056183,1,9,0,18,0,8,0,10,7,0,1,1,6,1,4,1399,2,4,6,1
201320T056183,2,9,0,18,0,8,0,0,0,0,1,1,6,2,9,1398,1,2,4,1
201320T056243,1,3,0,18,0,0,5,10,0,0,1,1,6,1,5,125,1,2,1,1
201320T056243,2,9,0,18,0,0,0,0,0,0,0,1,6,3,-1,-1,-1,-1,-1,-1
201320T056253,1,9,0,18,0,0,0,0,0,0,1,1,6,2,9,1242,1,9,4,1
201320T056263,1,9,0,10,0,1,0,0,0,0,1,1,6,1,7,1598,1,11,1,1
201320T056263,2,9,0,18,0,8,0,0,0,0,1,1,6,2,10,1242,1,-1,1,1
201320T056273,1,9,0,3,0,0,0,0,0,0,2,1,6,1,4,1229,1,3,6,1
201320T056273,2,9,0,3,0,0,0,0,0,0,1,1,6,2,-1,1299,1,13,1,1
201320T056483,1,21,0,5,0,0,0,0,0,0,1,1,1,1,7,11021,2,7,2,1
201320T056713,1,9,0,18,0,0,1,4,0,0,1,1,6,3,-1,1997,1,9,-1,-1
201320T056713,2,9,0,2,0,0,0,0,0,0,2,1,1,1,9,1753,2,3,6,2
201320T056743,1,19,0,7,0,1,0,0,0,0,4,1,6,1,-1,-1,-1,-1,-1,-1
201320T056743,2,1,0,18,0,1,0,0,0,0,1,1,6,1,6,-1,-1,-1,2,1
201320T056753,1,9,0,4,0,4,0,0,0,0,1,1,6,1,8,1679,1,12,10,1
201320T056753,2,9,0,18,0,8,0,0,0,0,4,1,6,1,5,1995,2,6,5,1
201320T056763,1,9,0,5,0,1,0,0,0,0,1,1,6,2,-1,1390,1,5,-1,-1
201320T056763,2,9,0,4,0,1,0,0,0,0,4,1,2,1,8,1598,1,7,1,1
201320T056773,1,9,0,18,0,1,0,0,0,0,1,1,6,1,-1,1149,1,13,-1,-1
201320T056773,2,9,0,3,0,1,0,0,0,0,2,1,1,2,6,2143,2,-1,1,1
201320T056783,1,9,0,18,0,0,0,0,0,0,1,1,6,1,-1,1968,2,7,-1,-1
201320T056783,2,9,0,4,0,0,0,0,0,0,2,1,6,1,10,1339,1,7,2,1
201320T056793,1,9,0,7,0,3,0,0,0,0,1,1,6,1,9,-1,-1,-1,7,1
201320T056853,1,9,0,13,0,0,0,4,0,0,1,1,2,1,6,1299,1,12,7,1
201320T056853,2,1,0,12,0,0,0,0,0,0,2,1,2,1,4,-1,-1,-1,1,1
201320T056853,3,9,0,2,0,0,0,0,0,0,2,1,6,3,7,973,1,14,1,1
201320T056873,1,9,0,18,0,1,0,0,0,0,1,1,6,3,-1,1390,1,13,-1,-1
201320T056873,2,9,0,9,0,2,0,0,0,0,3,1,2,2,5,1998,2,10,2,1
201320T056983,1,9,0,18,0,8,0,0,0,0,4,1,6,1,5,1360,1,6,3,1
201320T056983,2,9,0,18,0,8,0,0,0,0,1,1,2,1,7,-1,-1,-1,2,1
201320T056993,1,9,0,18,0,8,0,0,0,0,3,1,6,1,5,1000,1,-1,1,1
201320T056993,2,9,0,18,0,8,0,0,0,0,2,1,6,1,6,1896,2,9,1,1
201320T057213,1,9,0,9,0,5,0,0,0,0,1,1,1,2,9,998,1,11,1,1
201320T057213,2,5,0,18,0,8,0,0,0,0,3,1,1,1,7,660,1,4,1,1
201320T057313,1,9,0,5,0,1,0,0,0,0,1,1,2,2,7,1598,1,10,1,1
201320T057313,2,9,0,3,0,1,0,0,0,0,2,1,2,2,4,1596,1,7,7,1
201320T057323,1,9,0,18,9,0,0,10,1,0,1,1,6,1,-1,-1,-1,-1,-1,-1
201320T057363,1,9,0,18,0,0,1,4,0,0,1,1,6,1,7,1796,1,13,1,1
201320T057363,2,9,0,2,0,0,0,0,0,0,3,1,6,3,-1,1596,1,5,-1,-1
201320T057363,3,9,0,2,0,0,0,0,0,0,1,1,6,3,-1,1596,1,12,-1,-1
201320T057363,4,9,0,2,0,0,0,0,0,0,1,1,6,1,-1,2700,7,8,-1,-1
201320T057363,5,9,0,2,0,0,0,0,0,0,1,1,6,1,-1,1598,1,12,-1,-1
201320T057363,6,9,0,2,0,0,0,0,0,0,1,1,6,1,-1,1398,1,10,-1,-1
201320T057453,1,9,0,4,0,8,0,0,0,0,1,1,6,2,5,1968,2,8,1,1
201320T057453,2,9,0,4,0,8,0,0,0,0,2,1,6,1,7,1332,1,14,4,1
201320T057453,3,9,0,18,0,1,0,0,0,0,0,1,1,1,-1,1956,2,2,-1,-1
201320T057573,1,9,0,18,0,0,0,0,0,0,1,1,6,2,-1,1198,1,8,-1,-1
201320T057573,2,9,0,3,0,0,0,0,0,0,2,1,3,1,7,1896,2,11,2,1