Accident_Index,Vehicle_Reference,Vehicle_Type,Towing_and_Articulation,Vehicle_Manoeuvre,Vehicle_Location-Restricted_Lane,Junction_Location,Skidding_and_Overturning,Hit_Object_in_Carriageway,Vehicle_Leaving_Carriageway,Hit_Object_off_Carriageway,1st_Point_of_Impact,Was_Vehicle_Left_Hand_Drive?,Journey_Purpose_of_Driver,Sex_of_Driver,Age_Band_of_Driver,Engine_Capacity_(CC),Propulsion_Code,Age_of_Vehicle,Driver_IMD_Decile,Driver_Home_Area_Type
201320T057583,1,9,0,18,0,0,0,0,0,0,1,1,6,3,-1,-1,-1,-1,-1,-1
201320T057583,2,1,0,18,0,0,0,0,0,0,2,1,6,1,7,-1,-1,-1,1,1
201320T057593,1,9,0,9,0,1,0,0,0,0,3,1,6,2,7,1389,1,10,2,1
201320T057593,2,5,0,18,0,1,0,0,0,0,4,1,1,1,7,-1,-1,-1,3,1
201320T057653,1,9,0,18,0,1,0,0,0,0,1,1,6,1,9,-1,-1,-1,2,1
201320T057653,2,9,0,3,0,1,0,0,0,0,2,1,6,1,9,1590,1,18,3,1
201320T057653,3,9,0,10,0,1,0,0,0,0,4,1,6,1,7,973,1,15,3,1
201320T057703,1,9,0,18,0,2,1,0,0,0,1,1,3,2,6,1149,1,12,1,1
201320T057733,1,9,0,6,0,2,0,0,0,0,1,1,6,2,-1,1360,1,6,1,1
201320T057733,2,9,0,3,0,1,0,0,0,0,3,1,2,2,8,1596,1,6,1,1
201320T057953,1,9,0,18,0,0,0,4,0,0,1,1,1,2,9,1248,1,1,1,1
201320T057953,2,9,0,2,0,0,0,0,0,0,2,1,3,1,7,1995,2,5,5,1
201320T058003,1,9,0,16,0,0,0,0,0,0,1,1,6,1,6,1598,1,11,7,1
201320T058003,2,9,0,17,0,0,0,0,0,0,1,1,6,1,6,2685,2,9,5,1
201320T058073,1,9,0,7,0,8,0,0,0,0,1,1,2,1,6,1984,1,7,-1,-1
201320T058073,2,1,0,18,0,8,0,0,0,0,2,1,2,1,6,-1,-1,-1,1,1
201320T058093,1,9,0,18,0,1,0,0,0,0,1,1,6,1,-1,1896,2,10,-1,-1
201320T058093,2,19,0,3,0,1,0,0,0,0,2,1,1,2,7,-1,-1,-1,6,1
201320T058163,1,9,0,9,0,6,0,0,0,0,4,1,2,2,8,1339,1,3,4,1
201320T058163,2,3,0,18,0,8,0,0,0,0,1,1,6,1,4,124,1,4,1,1
201320T058343,1,9,0,3,0,1,0,0,0,0,2,1,6,2,8,1560,2,4,1,1
201320T058343,2,9,0,18,0,1,0,0,0,0,1,1,6,1,-1,-1,-1,-1,-1,-1
201320T058343,3,9,0,18,0,1,0,0,0,0,1,1,6,1,-1,1124,1,15,-1,-1
201320T058383,1,9,0,18,0,8,0,0,0,0,1,1,6,1,-1,1588,1,12,1,1
201320T058383,2,9,0,10,0,8,0,0,0,0,2,1,6,1,6,1868,2,13,4,2
201320T058853,1,9,0,14,0,0,0,8,0,0,4,1,2,1,5,1397,1,12,2,1
201320T058853,2,8,0,2,0,0,0,0,0,0,4,1,1,1,8,1762,1,14,2,1
201320T058893,1,9,0,9,0,8,0,0,0,0,4,1,6,1,5,1596,1,12,1,1
201320T058893,2,9,0,18,0,8,0,0,0,0,1,1,6,2,7,2993,2,5,3,1
201320T058933,1,9,0,18,0,0,0,0,0,0,1,1,2,1,7,1242,1,2,1,1
201320T058933,2,9,0,18,0,0,0,0,0,0,3,1,2,2,7,1124,1,12,1,1
201320T059003,1,9,0,18,0,0,2,0,1,4,4,1,6,1,5,2995,1,2,6,1
201320T059003,2,9,0,18,0,0,0,0,4,0,3,1,6,2,8,1995,2,12,1,1
201320T059073,1,9,0,4,0,1,0,0,0,0,1,1,6,2,7,2926,2,11,3,1
201320T059073,2,9,0,10,0,1,0,0,0,0,2,1,2,2,7,1596,1,10,2,1
201320T059083,1,9,0,18,0,0,0,10,7,5,1,1,6,1,-1,1998,2,5,-1,-1
201320T059083,2,9,0,3,0,0,0,0,0,0,2,1,1,2,7,1598,1,8,5,1
201320T059093,1,9,0,13,0,1,0,0,0,0,4,1,6,1,-1,1968,2,8,1,1
201320T059093,2,9,0,9,0,1,0,0,7,2,3,1,1,2,5,1199,1,10,1,1
201320T059303,1,9,0,18,0,8,0,0,0,0,1,1,1,1,5,1686,2,10,1,1
201320T059303,2,9,0,18,0,8,0,0,1,0,3,1,1,2,6,1328,1,6,1,1
201320T059313,1,9,0,5,0,0,0,0,0,0,4,1,3,2,6,1999,1,8,5,1
201320T059313,2,9,0,18,0,0,0,4,0,0,3,1,3,1,6,1246,1,6,5,1
201320T059313,3,9,0,2,0,0,0,0,0,0,3,1,6,2,7,1998,1,14,-1,-1
201320T059553,1,9,0,14,0,2,0,0,0,0,4,1,6,1,5,1598,2,1,3,1
201320T059573,1,9,0,9,0,6,0,0,0,0,4,1,1,1,7,1968,2,-1,1,1
201320T059573,2,9,0,18,0,8,0,0,0,0,3,1,6,2,6,1599,1,5,5,1
201320T059583,1,3,0,18,0,8,0,0,0,0,1,1,6,1,4,125,1,11,-1,-1
201320T059583,2,9,0,9,0,8,0,0,0,0,4,1,6,2,7,1781,1,14,1,1
201320T059593,1,9,0,18,0,1,0,0,0,0,1,1,6,2,5,1598,1,6,5,1
201320T059593,2,9,0,3,0,1,0,0,0,0,2,1,6,1,-1,1995,2,7,-1,-1
201320T059623,1,9,0,18,0,8,0,0,0,0,1,1,6,2,-1,1360,1,9,5,1
201320T059623,2,9,0,9,0,8,0,0,0,0,1,1,6,1,7,1998,1,9,4,1
201320T059633,1,9,0,18,0,0,0,0,0,0,1,1,6,2,7,998,1,14,1,1
201320T059713,1,9,0,18,0,4,0,0,1,2,1,1,6,1,-1,2993,2,8,-1,-1
201320T059713,2,9,0,18,0,3,0,0,0,0,1,1,2,2,6,1896,2,5,4,1
201320T059833,1,9,0,4,0,0,0,0,0,0,1,1,2,1,8,1995,2,3,3,1
201320T059843,1,9,0,18,0,8,0,0,0,0,1,1,6,1,-1,1242,1,17,1,1
201320T059843,2,1,0,18,0,8,0,0,0,0,1,1,6,1,5,-1,-1,-1,1,1
201320T059883,1,9,0,11,0,0,0,7,0,0,1,1,6,1,10,1896,2,6,2,1
201320T059883,2,9,0,18,0,0,0,0,0,0,1,1,2,1,8,1149,1,-1,9,3
201320T059883,3,9,0,18,0,0,0,0,0,0,2,1,2,2,9,1360,1,1,5,1
201320T059903,1,9,0,1,9,8,0,0,0,0,2,1,6,1,5,1991,2,7,2,1
201320T060273,1,9,0,9,0,4,0,0,0,0,1,1,6,1,-1,2336,1,12,3,1
201320T060273,2,9,0,7,0,3,0,0,0,0,3,1,2,2,4,1248,2,7,4,1
201320T060283,1,9,0,18,0,4,0,0,0,0,2,1,6,2,10,1783,1,13,6,3
201320T060283,2,1,0,18,0,8,0,0,0,0,1,1,6,1,6,-1,-1,-1,2,1
201320T060403,1,9,0,18,0,2,0,0,0,0,1,1,6,2,-1,-1,-1,-1,-1,-1
201320T060593,1,9,0,18,0,8,0,0,0,0,1,1,6,2,-1,-1,-1,-1,-1,-1
201320T060593,2,9,0,10,0,8,0,0,0,0,2,1,6,2,7,1360,1,3,2,1
201320T060663,1,9,0,7,0,2,0,0,0,0,4,1,6,3,-1,-1,-1,-1,-1,-1
201320T060673,1,9,0,2,0,0,0,0,0,0,1,1,6,1,7,1597,1,15,6,1
201320T060673,2,9,0,14,0,0,0,4,0,0,4,1,6,3,-1,-1,-1,-1,-1,-1
201320T060693,1,9,0,1,0,0,0,0,0,0,2,1,6,2,-1,1598,1,6,-1,-1
201320T060703,1,9,0,18,0,8,0,0,0,0,3,1,6,2,6,1061,1,9,3,1
201320T060703,2,9,0,9,0,6,0,0,0,0,4,1,6,1,-1,-1,-1,-1,-1,-1
201320T060773,1,9,0,7,0,8,0,0,0,0,1,1,3,2,8,998,1,10,7,1
201320T060773,2,11,0,18,0,8,0,0,0,0,1,1,1,1,7,8268,2,11,2,1
201320T060783,1,19,0,18,0,1,0,0,0,0,1,1,6,1,8,2151,2,11,3,1
201320T060783,2,9,0,3,0,1,0,0,0,0,2,1,6,1,6,1199,1,9,1,1
201320T060793,1,19,0,5,0,0,0,0,0,0,1,1,1,1,7,1968,2,1,3,1
201320T060793,2,4,0,18,0,0,0,0,0,0,1,1,1,1,7,750,1,5,3,1
201320T060863,1,9,0,9,0,6,0,0,0,0,1,1,6,1,-1,-1,-1,-1,-1,-1
201320T060863,2,9,0,18,0,8,0,0,0,0,4,1,6,2,8,1396,1,9,5,1
201320T061283,1,9,0,18,0,2,0,0,0,0,1,1,6,2,-1,1686,2,9,8,1
201320T061283,2,9,0,18,0,2,0,0,0,0,2,1,6,1,8,1870,2,12,3,1
201320T061323,1,9,0,18,0,8,0,0,0,0,4,1,6,1,-1,1341,1,9,-1,-1
201320T061323,2,1,0,18,0,8,0,0,0,0,4,1,6,1,4,-1,-1,-1,1,1
201320T061453,1,9,0,9,0,8,0,0,0,0,1,1,6,1,5,1198,1,5,7,1
201320T061453,2,9,0,18,0,8,0,0,0,0,1,1,6,2,5,1360,1,7,2,1
201320T061453,3,9,0,18,0,8,0,0,0,0,1,1,6,1,5,1199,1,9,1,1
201320T061463,1,9,0,9,0,5,0,0,0,0,1,1,1,2,7,2499,2,12,6,1
201320T061463,2,9,0,18,0,8,0,0,0,0,2,1,6,1,8,1895,1,15,5,1
201320T061533,1,9,0,17,0,1,0,10,1,10,4,1,6,1,5,1968,2,5,4,1
201320T061533,2,9,0,2,0,2,0,0,0,0,1,1,6,2,-1,1199,1,9,-1,-1
201320T061583,1,11,0,5,0,0,0,0,0,0,1,1,1,1,8,7300,2,6,1,1
201320T061643,1,9,0,18,0,1,1,7,1,10,4,1,6,1,8,2143,2,1,1,1
201320T061643,2,9,0,18,0,1,1,10,1,0,1,1,6,1,5,2500,1,18,1,1
201320T061653,1,9,0,7,0,6,0,0,0,0,2,1,6,2,-1,1242,1,2,6,1
201320T061653,2,1,0,18,0,8,0,0,0,0,1,1,2,1,7,-1,-1,-1,-1,-1
201320T061653,3,1,0,18,0,1,0,0,0,0,0,1,6,1,-1,-1,-1,-1,-1,-1
201320T061663,1,9,0,7,0,2,0,0,3,4,1,1,6,1,4,1998,1,9,2,1
201320T061683,1,9,0,9,0,2,0,0,0,0,1,1,6,1,-1,-1,-1,-1,-1,-1
201320T062033,1,9,0,18,0,8,1,0,0,0,1,1,6,1,6,1587,1,15,5,1
201320T062033,2,9,0,7,0,8,0,0,0,0,1,1,1,1,-1,1968,2,2,8,1
201320T062043,1,20,0,11,0,0,0,0,0,0,1,1,1,1,6,12900,2,6,3,1
201320T062043,2,9,0,18,0,0,1,0,1,7,3,1,1,2,7,1896,2,10,3,1
201320T062063,1,9,0,7,0,6,0,0,0,0,1,1,6,2,6,1968,2,5,2,1
201320T062073,1,2,0,18,0,3,0,0,0,0,4,1,6,2,4,49,1,2,5,1
201320T062073,2,9,0,7,0,4,0,0,0,0,1,1,6,1,11,1995,1,9,4,1
201320T062083,1,9,0,17,0,0,1,10,7,4,1,1,6,1,7,1997,2,8,4,1
201320T062113,1,8,0,7,0,3,0,0,0,0,4,1,6,3,-1,-1,-1,-1,-1,-1
201320T062273,1,21,1,9,0,6,0,0,0,0,1,1,2,1,-1,3920,2,8,-1,-1
201320T062273,2,19,0,18,0,8,0,0,0,0,3,1,2,1,-1,-1,-1,-1,6,1
201320T062313,1,9,0,9,0,5,0,0,0,0,1,1,6,1,7,1500,1,12,7,1
201320T062363,1,9,0,1,0,6,0,0,0,0,2,1,3,1,-1,-1,-1,-1,-1,-1
201320T062413,1,9,0,18,0,0,1,0,0,0,1,1,6,1,-1,1796,1,2,6,1
201320T062413,2,9,0,4,0,0,0,0,0,0,2,1,6,2,8,1560,2,4,9,2
201320T062433,1,19,0,7,1,1,0,0,0,0,1,1,1,1,-1,2874,2,14,2,1
201320T062433,2,9,0,8,0,1,0,0,0,0,2,1,1,2,6,1598,1,3,4,1
201320T062493,1,9,0,9,0,5,0,0,0,0,1,1,1,2,-1,1560,2,8,9,1
201320T062493,2,1,0,18,0,8,0,0,0,0,3,1,1,1,6,-1,-1,-1,4,1
201320T062653,1,9,0,18,0,8,0,0,0,0,1,1,1,1,6,1896,2,8,1,1
201320T062653,2,9,0,18,0,8,0,10,1,0,1,1,1,1,-1,2993,2,3,1,1
201320T062673,1,19,0,9,0,5,0,0,0,0,1,1,6,1,7,-1,-1,-1,1,1
201320T062673,2,9,0,4,0,1,0,0,0,0,1,1,6,2,7,1360,1,6,1,1
201320T062683,1,9,0,18,0,8,0,0,0,0,1,1,2,2,9,1998,2,9,6,1
201320T062683,2,9,0,9,0,5,0,0,0,0,4,1,2,2,4,796,1,11,4,1
201320T062953,1,19,0,18,0,8,0,0,0,0,1,1,6,2,10,-1,-1,-1,8,1
201320T063363,1,9,0,18,0,4,0,0,0,0,4,1,6,2,-1,1995,2,9,-1,-1
201320T063363,2,1,0,18,0,3,0,0,0,0,1,1,6,1,7,-1,-1,-1,1,1
201320T063393,1,9,0,18,0,0,0,0,0,0,1,1,6,2,-1,-1,-1,-1,-1,-1
201320T063483,1,9,0,18,0,2,0,0,0,0,1,1,6,3,-1,-1,-1,-1,-1,-1
201320T063503,1,9,0,18,0,1,0,0,0,0,4,1,6,1,9,1587,1,11,1,1
201320T063573,1,9,0,7,0,6,0,0,0,0,1,1,6,1,8,1781,1,15,1,1
201320T063573,2,9,0,18,0,8,0,0,1,5,4,1,6,2,7,1246,1,7,2,1
201320T063783,1,9,0,9,0,6,0,0,0,0,1,1,6,1,6,998,1,12,2,1
201320T063783,2,9,0,18,0,8,0,0,0,0,4,1,6,1,5,-1,-1,-1,1,1
201320T063843,1,9,0,5,0,4,0,0,0,0,3,1,6,1,6,1598,1,9,4,1
201320T063843,2,1,0,18,0,8,0,0,0,0,1,1,6,2,6,-1,-1,-1,2,1
201320T063983,1,9,0,5,0,3,0,0,0,0,1,1,6,1,10,5461,1,3,5,1
201320T063983,2,9,0,5,0,3,0,0,0,0,4,1,6,2,7,1399,2,5,8,1
201320T064003,1,9,0,18,0,4,0,0,0,0,3,1,6,2,-1,2231,2,6,3,1
201320T064003,2,1,0,18,0,3,0,0,0,0,1,1,6,1,8,-1,-1,-1,1,1
201320T064033,1,9,0,14,0,0,0,4,0,0,1,1,3,1,6,1796,1,14,2,1
201320T064033,2,9,0,2,0,0,0,0,0,0,2,1,6,1,6,1598,1,7,1,1
201320T064193,1,9,0,7,0,6,0,0,0,0,1,1,6,1,-1,998,1,12,1,1
201320T064193,2,1,0,18,0,2,0,0,0,0,2,1,2,1,6,-1,-1,-1,8,1
201320T064443,1,9,0,7,0,3,0,0,0,0,1,1,6,1,-1,1560,2,7,-1,-1
201320T064443,2,9,0,3,0,3,0,0,0,0,2,1,1,1,7,1497,1,9,2,1
201320T064643,1,9,0,18,0,0,0,0,0,0,3,1,1,1,6,2993,2,-1,10,3
201320T064713,1,19,0,4,0,1,0,0,0,0,1,1,1,1,6,1298,1,9,1,1
201320T064713,2,9,0,4,0,1,0,0,0,0,2,1,6,3,-1,-1,-1,-1,-1,-1
201320T064713,3,19,0,4,0,1,0,0,0,0,1,1,1,1,8,1598,2,-1,9,1
201320T064753,1,9,0,18,0,0,0,0,0,0,1,1,6,1,7,1998,1,14,5,1
201320T064783,1,19,0,9,0,2,0,0,0,0,4,1,1,2,7,1560,2,1,8,1
201320T064793,1,9,0,18,0,4,0,0,0,0,1,1,6,1,8,1998,2,11,1,1
201320T064793,2,9,0,18,0,8,0,0,0,0,4,1,2,2,5,1360,1,7,6,1
201320T064883,1,19,0,18,0,0,0,0,0,0,1,1,2,1,8,2148,2,9,3,1
201320T064913,1,9,0,18,9,0,1,10,7,2,1,1,6,1,5,998,1,13,1,1
201320T064913,2,9,0,2,0,0,0,0,0,0,1,1,6,1,-1,1896,2,8,1,1
201320T064973,1,20,0,5,0,0,0,0,0,0,1,1,6,1,10,-1,-1,-1,2,1
201320T064973,2,9,0,4,0,0,0,0,0,0,2,1,2,1,6,1398,2,10,4,1
201320T065103,1,9,0,18,0,0,0,0,0,0,1,1,6,1,6,1686,2,9,5,1
201320T065173,1,9,0,18,0,8,0,0,0,0,1,1,6,2,8,1598,1,2,7,1
201320T065173,2,9,0,9,0,8,0,0,0,0,4,1,6,1,5,1398,1,1,1,1
201320T065203,1,9,0,15,0,1,0,0,0,0,4,1,6,1,4,1149,1,10,1,1
201320T500463,1,9,0,7,0,6,0,0,0,0,1,1,6,1,-1,1229,1,6,-1,-1
201320T500463,2,9,0,18,0,8,0,0,0,0,1,1,6,1,4,1390,1,1,1,1
201320T500663,1,9,0,18,0,1,0,0,0,0,1,1,6,1,6,1896,2,9,1,1
201320T500663,2,9,0,4,0,1,0,0,0,0,2,1,6,1,9,1061,1,8,1,1
201320T500663,3,9,0,18,0,2,0,0,0,0,1,1,1,2,4,1248,2,7,4,1
201320T500783,1,9,0,18,0,2,0,0,0,0,4,1,2,1,7,2499,2,10,1,1
201320T500803,1,9,0,18,0,1,0,0,0,0,4,1,2,2,6,995,1,6,3,1
201320T500823,1,9,0,14,0,0,1,4,0,0,1,1,6,1,6,1596,1,14,3,1
201320T500823,2,9,0,2,0,0,0,0,0,0,2,1,6,2,11,1242,1,3,2,1
201320T500843,1,9,0,1,9,0,0,0,1,0,2,1,6,3,-1,-1,-1,-1,-1,-1
201320T500883,1,11,0,18,0,8,0,0,0,0,1,1,1,1,5,6700,2,6,1,1
201320T500883,2,9,0,5,0,6,0,0,0,0,3,1,1,2,7,1560,2,2,5,1
201320T500913,1,9,0,18,0,0,0,0,0,0,1,1,2,1,9,1360,1,14,4,1
201320T500923,1,9,0,18,0,2,0,0,0,0,1,1,6,3,-1,-1,-1,-1,-1,-1
201320T500963,1,9,0,9,0,5,0,0,0,0,2,1,6,2,6,1686,2,-1,1,1
201320T500963,2,9,0,18,0,8,0,0,0,0,1,1,6,1,8,-1,-1,-1,1,1
201320T500993,1,9,0,5,0,4,0,0,0,0,3,1,6,1,5,1679,1,15,2,1
201320T500993,2,3,0,17,0,3,0,0,0,0,1,1,6,2,8,111,1,-1,1,1
201320T501003,1,9,0,13,0,4,0,0,0,0,1,1,6,1,5,1598,2,-1,2,1
201320T501003,2,9,0,18,0,4,0,0,0,0,1,1,6,1,7,1753,2,7,7,1
201320T501023,1,9,0,7,9,6,0,0,0,0,1,1,6,2,7,1396,1,13,1,1
201320T501133,1,9,0,18,0,0,0,0,0,0,1,1,6,1,-1,1364,2,7,6,1
201320T501133,2,9,0,3,0,0,0,0,0,0,2,1,6,2,7,1248,2,6,1,1
201320T501143,1,9,0,17,9,2,5,10,1,10,4,1,6,1,4,-1,-1,-1,6,3
201320T501263,1,8,0,18,0,1,0,0,0,0,1,1,1,1,6,1997,2,5,1,1
201320T501263,2,9,0,3,0,1,0,0,0,0,2,1,6,2,6,1590,1,11,3,1
201320T501373,1,9,0,5,0,4,0,0,0,0,1,1,6,1,-1,-1,-1,-1,-1,-1
201320T501373,2,1,0,18,0,3,5,0,0,0,4,1,6,1,6,-1,-1,-1,1,1
201320T501603,1,9,0,18,0,3,0,0,0,0,1,1,6,1,5,1229,1,3,7,1
201320T501643,1,9,0,18,0,0,0,4,0,0,1,1,6,2,4,1461,2,-1,1,1
201320T501643,2,9,0,2,0,0,0,4,0,0,1,1,6,1,5,1870,2,7,1,1
201320T501643,3,9,0,2,0,0,0,4,0,0,1,1,6,2,6,1229,1,6,-1,-1
201320T501643,4,9,0,2,0,0,0,4,0,0,4,1,6,1,7,1596,1,10,2,1
201320T501713,1,8,0,18,0,2,0,0,3,1,1,1,1,1,8,2664,2,12,1,1
201320T502333,1,9,0,3,0,1,0,0,0,0,2,1,6,1,7,1299,1,15,7,1
201320T502333,2,9,0,5,0,1,0,0,0,0,1,1,6,1,8,2993,2,3,3,1
201320T502823,1,9,0,9,0,8,0,0,0,0,4,1,6,1,5,1596,1,7,10,1
201320T502823,2,9,0,18,0,8,0,0,0,0,1,1,6,1,8,1360,1,8,1,1
201320T503123,1,9,0,9,0,6,0,0,0,0,1,1,6,1,6,1997,2,13,6,1
201320T503123,2,9,0,18,0,8,0,0,0,0,3,1,6,2,8,1229,1,8,7,1
201320T503123,3,9,0,18,0,8,0,0,0,0,3,1,6,1,6,1896,2,12,2,1
201320T503293,1,9,0,18,0,0,0,0,0,0,1,1,6,1,7,2967,2,3,9,1
201320T503293,2,9,0,3,0,0,0,0,0,0,2,1,6,1,8,1896,2,13,2,1
201320T503293,3,9,0,3,0,0,0,0,0,0,2,1,6,1,5,2143,2,1,7,2
201320T503293,4,9,0,3,0,0,0,0,0,0,2,1,6,1,5,1560,2,-1,1,1
201320T503613,1,9,0,9,0,5,0,0,0,0,1,1,2,1,7,2148,2,7,9,1
201320T503613,2,1,0,10,0,1,0,0,0,0,1,1,2,1,7,-1,-1,-1,1,1
201320T510223,1,20,0,18,0,8,0,0,0,0,1,1,6,1,8,11946,2,3,4,3
201320T510223,2,1,0,18,0,8,0,0,0,0,4,1,6,2,8,-1,-1,-1,2,1
201320T512203,1,9,0,18,0,3,0,10,1,7,1,1,6,1,5,1598,1,11,3,1
201320T565073,1,9,0,14,0,0,1,4,7,4,1,1,6,1,6,1781,1,12,1,1
201320T565073,2,9,0,2,9,0,0,0,0,0,4,1,6,2,6,1198,1,10,1,1
201320T602473,1,9,0,9,0,6,0,0,0,0,1,1,6,1,8,1461,2,7,2,1
201320T603473,1,9,0,4,0,1,0,0,0,0,1,1,2,2,-1,998,1,11,-1,-1
201320T603473,2,9,0,4,0,1,0,0,0,0,2,1,2,2,6,1560,2,2,6,1
201320T603973,1,9,0,18,0,6,0,0,0,0,1,1,6,1,-1,1896,2,10,-1,-1
201320T603973,2,9,0,3,0,8,0,0,0,0,2,1,6,1,6,2979,1,11,8,1
201320T605893,1,9,0,9,0,6,0,0,0,0,3,1,6,1,-1,1598,1,11,-1,-1
201320T605893,2,9,0,18,0,8,0,0,0,0,3,1,6,1,7,1560,2,3,1,1
201320T608523,1,11,0,18,0,4,0,0,0,0,1,1,1,3,-1,-1,-1,-1,-1,-1
201320T608523,2,9,0,18,0,4,0,0,0,0,3,1,6,2,8,1386,1,6,5,1
201320T632233,1,9,0,18,0,0,0,0,0,0,1,1,6,1,5,1596,1,1,1,1
201320W000443,1,9,0,9,0,8,0,0,0,0,1,1,6,1,-1,2685,2,8,-1,-1
201320W000443,2,9,0,18,0,8,0,0,7,10,4,1,6,2,5,1390,1,12,2,1
201320W000503,1,9,0,5,0,6,0,0,0,0,1,1,1,1,4,2979,1,9,3,1
201320W000503,2,9,0,18,0,8,0,0,0,0,3,1,1,2,6,1388,1,11,2,1
201320W000813,1,11,0,5,2,1,0,0,0,0,1,1,1,1,8,8268,2,12,4,1
201320W000973,1,9,0,17,0,1,0,0,0,0,1,1,6,1,5,1560,2,8,2,1
201320W001353,1,1,0,18,9,8,0,0,0,0,1,1,6,1,8,-1,-1,-1,1,1
201320W001353,2,21,0,7,0,6,0,0,0,0,4,1,1,1,9,6370,2,5,10,1
201320W001363,1,9,0,9,0,5,0,0,0,0,1,1,6,2,6,1596,1,6,1,1
201320W001363,2,3,0,18,2,8,0,0,0,0,3,1,6,1,5,125,1,7,5,1
201320W001363,3,9,0,8,0,1,0,0,0,0,3,1,6,1,9,1988,1,13,5,1
201320W002123,1,9,0,18,0,0,0,0,1,2,1,1,6,2,4,1798,1,6,-1,-1
201320W002613,1,1,0,8,0,6,0,0,0,0,2,1,2,1,7,-1,-1,-1,1,1
201320W002613,2,19,0,18,0,8,1,0,0,0,1,1,2,2,7,1870,2,14,1,1
201320W002633,1,9,0,18,0,0,0,0,0,0,1,1,3,2,7,998,1,1,1,1
201320W002643,1,9,0,9,0,6,0,0,0,0,1,1,6,3,-1,2993,2,8,-1,-1
201320W002643,2,9,0,18,0,8,0,0,7,0,4,1,6,1,9,-1,-1,-1,1,1
201320W002653,1,9,0,1,2,2,0,0,0,0,2,1,1,1,-1,1686,2,2,1,1
201320W002713,1,9,0,18,0,0,0,0,0,0,1,1,6,1,6,1598,2,1,1,1
201320W002743,1,9,0,18,0,0,0,0,0,0,4,1,6,2,-1,-1,-1,-1,-1,-1
201320W004003,1,9,0,18,0,1,1,0,0,0,1,1,6,1,5,1998,1,8,1,1
201320W004003,2,9,0,18,0,1,0,0,0,0,2,1,6,2,6,1399,2,8,1,1
201320W004003,3,9,0,18,0,2,0,0,0,0,1,1,6,1,5,1968,2,6,7,1
201320W004003,4,9,0,18,0,1,0,0,0,0,0,1,6,1,-1,1686,2,3,-1,-1
201320W004463,1,9,0,18,0,0,0,0,0,0,1,1,6,1,7,998,1,11,1,1
201320W005083,1,9,0,17,0,8,0,0,1,0,1,1,6,1,5,1200,1,1,3,1
201320W005083,2,9,0,18,0,8,0,0,0,0,1,1,6,1,5,1998,1,8,10,1
201320W005083,3,9,0,18,0,8,0,0,0,0,0,1,1,1,-1,2993,2,2,1,1
201320W005203,1,9,0,5,0,0,0,4,0,0,1,1,6,2,9,1997,1,6,6,1
201320W005203,2,9,0,2,9,0,0,0,1,10,4,1,6,1,7,1990,1,22,2,1
201320W005243,1,9,0,18,0,8,0,0,0,0,4,1,6,2,8,1587,1,8,1,1
201320W005243,2,9,0,18,0,8,0,0,0,0,3,1,6,2,5,1422,2,7,1,1
201320W005393,1,9,0,18,6,0,1,10,1,10,1,1,2,1,9,1996,1,15,9,1
201320W005393,2,9,0,2,9,0,0,0,0,0,4,1,6,1,-1,2685,2,11,10,3
201320W007503,1,9,0,18,0,8,1,0,0,0,1,1,1,2,7,1587,1,10,8,1
201320W007503,2,19,0,18,0,8,0,0,0,0,1,1,1,1,6,2198,2,4,1,1
201320W007593,1,9,0,3,0,0,0,0,0,0,4,1,6,1,6,2720,2,4,3,1
201320W007613,1,9,0,18,0,8,0,0,7,0,4,1,6,1,5,1587,1,12,2,1
201320W007613,2,9,0,18,0,8,0,0,0,0,1,1,2,1,8,2993,2,3,7,3
201320W007633,1,9,0,18,0,1,0,0,0,0,1,1,6,1,-1,2099,1,11,-1,-1
201320W007633,2,19,0,8,0,1,0,0,0,0,2,1,6,1,8,1870,2,7,7,1
201320W007813,1,1,0,18,0,1,2,10,0,0,0,1,6,1,8,-1,-1,-1,1,1
201320W007813,2,9,0,8,0,1,0,0,0,0,0,1,6,2,9,1794,1,11,-1,-1
201320W007893,1,9,0,4,0,0,0,0,0,0,1,1,1,2,4,1086,1,8,1,1
201320W007913,1,9,0,16,0,0,1,4,1,0,1,1,6,1,7,3500,1,10,8,1
201320W007913,2,9,0,2,6,0,0,0,0,0,3,1,6,2,7,1398,7,6,1,1
201320W007913,3,9,0,2,0,0,0,0,0,0,1,1,6,2,7,1299,1,9,3,1
201320W007913,4,9,0,2,0,0,0,10,1,5,2,1,6,1,8,1794,1,7,1,1
201320W008023,1,9,0,4,0,1,0,0,0,0,1,1,6,3,-1,-1,-1,-1,-1,-1
201320W008023,2,9,0,4,0,1,0,0,0,0,2,1,6,2,9,1390,1,2,2,1
201320W008033,1,9,0,7,0,6,0,0,0,0,3,1,1,2,5,1364,1,4,1,1
201320W008033,2,1,0,18,0,8,0,0,0,0,1,1,6,1,7,-1,-1,-1,4,1
201320W008073,1,9,0,9,0,8,0,0,0,0,4,1,6,1,5,1587,1,13,1,1
201320W008073,2,9,0,18,0,8,0,0,0,0,1,1,6,1,5,1397,1,3,5,1
201320W008103,1,9,0,14,0,0,1,4,0,0,1,1,6,1,8,1796,1,8,1,1