Accident_Index,Vehicle_Reference,Vehicle_Type,Towing_and_Articulation,Vehicle_Manoeuvre,Vehicle_Location-Restricted_Lane,Junction_Location,Skidding_and_Overturning,Hit_Object_in_Carriageway,Vehicle_Leaving_Carriageway,Hit_Object_off_Carriageway,1st_Point_of_Impact,Was_Vehicle_Left_Hand_Drive?,Journey_Purpose_of_Driver,Sex_of_Driver,Age_Band_of_Driver,Engine_Capacity_(CC),Propulsion_Code,Age_of_Vehicle,Driver_IMD_Decile,Driver_Home_Area_Type
201320W008103,2,9,0,2,0,0,0,0,0,0,2,1,6,1,6,1997,2,11,1,1
201320W008113,1,5,0,12,0,0,0,0,7,10,3,1,6,1,5,645,1,13,1,1
201320W008113,2,9,0,18,0,0,0,0,0,0,0,1,6,1,5,1399,2,9,1,1
201320W008123,1,9,0,9,0,3,0,0,0,0,1,1,2,1,8,1229,1,7,2,1
201320W008143,1,5,0,18,0,0,2,10,1,0,4,1,1,1,7,-1,-1,-1,5,1
201320W008143,2,9,0,18,0,0,0,0,0,0,0,1,1,1,-1,-1,-1,-1,5,1
201320W008223,1,9,0,18,0,0,0,0,0,0,1,1,6,3,-1,1596,1,5,-1,-1
201320W008373,1,9,0,9,0,5,0,0,1,0,1,1,6,1,-1,999,1,15,-1,-1
201320W008373,2,9,0,18,0,8,0,7,0,0,3,1,6,1,6,-1,-1,-1,1,1
201320W008383,1,9,0,9,0,6,0,0,0,0,1,1,6,1,-1,-1,-1,-1,6,1
201320W008383,2,9,0,18,0,1,0,0,0,0,4,1,6,2,7,1898,2,14,1,1
201320W008403,1,9,0,18,0,8,0,0,0,0,1,1,6,1,6,-1,-1,-1,2,1
201320W008513,1,9,0,18,0,1,0,0,0,0,1,1,6,1,7,1995,2,6,1,1
201320W008833,1,9,0,5,0,0,0,0,0,0,1,1,6,1,7,1584,7,7,1,1
201320W008833,2,9,0,3,0,0,0,0,0,0,2,1,1,1,-1,1248,2,5,-1,-1
201320W008843,1,8,0,12,0,1,0,0,0,0,0,2,1,1,6,-1,-1,-1,1,1
201320W008843,2,5,0,18,0,1,1,0,0,0,3,1,1,1,7,599,1,12,7,1
201320W009013,1,9,0,9,0,6,0,0,0,0,3,1,6,1,-1,1753,2,10,-1,-1
201320W009013,2,3,0,18,0,1,0,0,0,0,1,1,6,1,4,124,1,9,1,1
201320W009063,1,9,0,9,0,2,0,0,0,0,1,1,6,3,-1,-1,-1,-1,-1,-1
201320W009083,1,9,0,17,0,0,0,0,0,0,1,1,6,1,6,1975,1,13,7,1
201320W009113,1,9,0,18,0,0,0,0,0,0,1,1,6,3,-1,-1,-1,-1,-1,-1
201320W009163,1,9,0,7,0,2,0,0,0,0,1,1,2,1,6,1229,1,7,2,1
201320W009163,2,1,0,5,0,2,0,0,0,0,2,1,6,1,6,-1,-1,-1,2,1
201320W009313,1,9,0,18,0,1,1,0,0,0,1,1,6,2,-1,1242,1,7,-1,-1
201320W009313,2,9,0,18,0,1,0,0,0,0,2,1,6,2,9,1199,1,9,3,1
201320W009743,1,9,0,5,0,4,0,0,0,0,1,1,2,2,6,-1,-1,-1,2,1
201320W009743,2,9,0,3,0,4,0,0,0,0,4,1,2,2,8,1596,1,9,2,1
201320W009743,3,9,0,3,0,4,0,0,0,0,0,1,1,1,7,2720,2,6,1,1
201320W009793,1,9,0,18,0,1,0,0,0,0,1,1,6,1,-1,1596,1,1,-1,-1
201320W009793,2,9,0,3,0,1,0,0,0,0,2,1,6,1,6,1124,1,9,3,1
201320W010433,1,9,0,18,9,0,1,4,1,10,1,1,6,1,-1,1995,1,6,-1,-1
201320W010433,2,9,0,2,0,0,0,0,0,0,4,1,6,3,-1,2401,2,10,-1,-1
201320W010433,3,9,0,18,0,0,0,0,0,0,0,1,1,1,-1,2967,2,2,-1,-1
201320W010433,4,9,0,18,0,0,0,0,0,0,0,1,1,1,-1,2967,2,1,-1,-1
201320W010433,5,9,0,18,0,0,0,0,0,0,0,1,1,1,-1,2993,2,3,-1,-1
201320W010473,1,9,0,9,0,6,0,0,0,0,3,1,1,1,6,1995,2,8,2,1
201320W010473,2,1,0,18,0,8,0,0,0,0,1,1,6,1,7,-1,-1,-1,5,1
201320W010493,1,9,0,18,0,1,0,0,0,0,0,1,6,2,-1,-1,-1,-1,-1,-1
201320W010503,1,19,0,9,0,3,1,9,7,7,1,1,6,1,7,1998,2,8,5,1
201320W010523,1,9,0,18,0,0,0,8,0,0,1,1,6,1,-1,-1,-1,-1,-1,-1
201320W010523,2,9,0,2,9,0,0,0,0,0,1,1,6,2,5,1364,1,5,4,1
201320W010533,1,9,0,18,0,0,0,0,0,0,1,1,6,2,-1,-1,-1,-1,3,1
201320W010533,2,9,0,3,0,0,0,0,0,0,2,1,6,1,4,1124,1,15,3,1
201320W010543,1,9,0,18,1,2,0,0,0,0,1,1,6,3,-1,-1,-1,-1,-1,-1
201320W010543,2,11,0,4,0,2,0,0,0,0,2,1,1,1,7,7300,2,10,1,1
201320W010553,1,9,0,18,0,0,0,0,0,0,1,1,6,1,8,1762,1,16,1,1
201320W010563,1,9,0,18,0,8,0,0,0,0,1,1,6,1,5,1596,1,8,4,1
201320W010563,2,9,0,18,0,8,0,0,0,0,2,1,6,2,8,1200,1,10,2,1
201320W010563,3,9,0,18,0,8,0,0,0,0,2,1,6,1,7,1587,1,14,5,1
201320W010573,1,9,0,18,0,4,0,0,0,0,1,1,6,1,6,1240,1,9,2,1
201320W010573,2,9,0,18,0,3,0,0,0,0,1,1,6,1,7,2993,2,2,1,1
201320W010583,1,19,0,7,0,8,0,0,0,0,4,1,1,1,7,2402,2,10,2,1
201320W010583,2,9,0,18,0,8,0,0,0,0,3,1,1,1,7,1392,1,15,-1,-1
201320W010593,1,9,0,18,0,1,0,0,0,0,1,1,6,3,-1,-1,-1,-1,-1,-1
201320W010613,1,9,0,14,0,1,0,0,0,0,1,1,6,1,7,998,1,11,1,1
201320W010633,1,5,0,18,0,1,5,0,0,0,1,1,2,1,6,918,1,15,3,1
201320W010643,1,3,0,18,0,2,1,0,0,0,1,1,2,1,5,-1,-1,-1,2,1
201320W010643,2,9,0,18,0,1,0,0,0,0,2,1,2,2,6,998,1,10,-1,-1
201320W010653,1,9,0,18,0,0,5,4,0,0,4,1,2,2,5,1364,1,8,2,1
201320W010653,2,9,0,2,0,0,0,0,0,0,1,1,6,3,-1,1399,2,9,-1,-1
201320W010673,1,9,0,9,0,8,0,0,0,0,1,1,6,3,-1,-1,-1,-1,-1,-1
201320W010673,2,9,0,18,0,8,0,7,7,2,3,1,6,2,6,1242,1,11,2,1
201320W010683,1,1,0,5,0,1,0,0,0,0,1,1,6,1,5,-1,-1,-1,2,1
201320W010683,2,9,0,4,0,1,0,0,0,0,1,1,6,1,6,1461,2,5,1,1
201320W010693,1,9,0,18,0,1,0,0,0,0,1,1,6,1,-1,-1,-1,-1,-1,-1
201320W010693,2,9,0,3,0,1,0,0,0,0,2,1,6,1,7,1598,1,12,1,1
201320W010733,1,9,0,7,0,2,1,4,0,0,1,1,6,1,10,1998,2,1,2,1
201320W010733,2,9,0,2,0,1,0,0,0,0,1,1,2,1,7,1896,2,8,-1,-1
201320W010763,1,9,0,18,0,0,0,0,0,0,1,1,6,1,6,1595,1,9,1,1
201320W010783,1,9,0,18,0,0,0,0,0,0,1,1,1,1,5,1396,1,10,1,1
201320W010803,1,9,0,5,0,1,0,0,0,0,2,1,1,2,6,1390,1,6,3,1
201320W010803,2,9,0,5,0,1,0,0,0,0,2,1,1,2,8,1242,1,4,5,1
201320W010803,3,9,0,5,0,1,0,0,0,0,1,1,1,1,7,1598,2,-1,9,1
201320W010813,1,9,0,18,0,0,0,0,0,0,1,1,6,1,6,1998,2,5,1,1
201320W010823,1,9,0,5,0,4,0,0,0,0,0,1,6,1,11,1753,2,12,1,1
201320W010823,2,9,0,9,0,8,0,0,0,0,2,1,6,1,7,1910,2,13,1,1
201320W010823,3,9,0,18,0,8,0,0,0,0,1,1,3,2,7,1391,1,11,2,1
201320W010833,1,9,0,18,0,1,0,0,0,0,1,1,6,2,-1,1388,1,1,-1,-1
201320W010833,2,9,0,3,0,1,0,0,0,0,2,1,6,1,9,1968,2,1,1,1
201320W010843,1,9,0,5,0,4,0,0,0,0,1,1,6,1,7,1956,2,3,1,1
201320W010843,2,1,0,7,0,3,0,0,0,0,4,1,6,1,4,-1,-1,-1,1,1
201320W010853,1,11,0,5,0,1,0,0,0,0,1,1,1,1,-1,9000,2,5,-1,-1
201320W010873,1,9,0,18,0,4,0,0,0,0,1,1,6,1,6,1668,1,8,4,1
201320W010873,2,9,0,9,0,8,1,0,0,0,2,1,6,1,9,1686,2,11,4,1
201320W010873,3,20,0,2,0,2,0,0,0,0,3,1,1,3,-1,4950,2,3,-1,-1
201320W010893,1,9,0,11,0,1,0,0,0,0,1,1,2,2,7,1390,1,8,10,1
201320W010893,2,9,0,18,0,1,0,0,0,0,2,1,6,1,10,1560,2,2,6,2
201320W010913,1,9,0,9,0,2,0,0,0,0,3,1,2,2,6,1596,1,2,2,1
201320W010913,2,4,0,18,0,1,0,0,0,0,1,1,6,1,4,124,1,8,4,1
201320W010923,1,9,0,9,0,6,0,0,0,0,3,1,6,1,6,1796,1,9,3,1
201320W010923,2,3,0,14,0,8,0,0,0,0,4,1,6,1,8,-1,-1,-1,4,1
201320W010933,1,9,0,9,0,6,0,0,0,0,1,1,6,2,11,1400,1,8,4,1
201320W010933,2,19,0,18,0,8,0,0,0,0,1,1,1,1,6,2148,2,9,1,1
201320W010953,1,9,0,7,0,5,0,0,0,0,1,1,6,2,-1,1390,1,16,-1,-1
201320W010953,2,9,0,3,0,1,0,0,0,0,3,1,6,1,7,998,1,17,2,1
201320W011023,1,20,0,18,0,4,0,0,0,0,1,1,6,3,-1,-1,-1,-1,-1,-1
201320W011023,2,9,0,18,0,8,0,0,0,0,2,1,3,2,7,998,1,13,1,1
201320W011063,1,9,0,18,0,0,0,0,0,0,1,1,6,1,8,1497,1,12,1,1
201320W011103,1,9,0,6,0,2,0,0,0,0,4,1,6,1,8,1956,2,2,-1,-1
201320W011123,1,9,0,18,0,0,0,0,0,0,4,1,6,1,-1,-1,-1,-1,-1,-1
201320W011123,2,1,0,18,0,0,0,0,0,0,1,1,6,2,6,-1,-1,-1,4,1
201320W011203,1,9,0,6,0,0,0,0,0,0,3,1,6,1,5,1398,1,11,1,1
201320W011203,2,19,0,18,0,0,0,0,0,0,1,1,1,1,7,2148,2,7,1,1
201320W011213,1,11,0,18,0,0,0,10,1,4,1,1,1,1,8,7300,2,7,2,1
201320W011843,1,11,0,9,0,2,0,0,0,0,1,1,1,1,6,8268,2,9,1,1
201320W011883,1,19,0,18,0,6,0,0,0,0,1,1,3,1,7,-1,-1,-1,-1,-1
201320W011883,2,9,0,18,0,8,0,7,0,0,1,1,2,2,6,1997,2,4,4,1
201320W011883,3,9,0,4,0,1,0,0,0,0,4,1,3,2,7,2148,2,11,9,3
201320W011923,1,9,0,1,0,0,0,0,0,0,2,1,6,1,7,1896,2,8,1,1
201320W012053,1,9,0,18,0,0,0,0,0,0,1,1,2,2,7,1598,1,12,2,1
201320W012053,2,19,0,18,0,0,0,0,0,0,2,1,1,1,5,2143,2,2,-1,-1
201320W012063,1,9,0,5,0,4,0,0,0,0,3,1,2,2,6,1598,1,14,1,1
201320W012063,2,9,0,18,0,8,0,0,0,0,1,1,2,2,8,1360,1,10,3,1
201320W012073,1,9,0,18,0,1,0,0,0,0,1,1,6,1,7,1994,1,12,1,1
201320W012073,2,9,0,10,0,1,0,0,0,0,2,1,6,1,5,1998,2,6,5,1
201320W012083,1,9,0,18,0,0,0,0,0,0,1,1,1,1,5,999,1,13,1,1
201320W012223,1,9,0,18,0,0,0,0,0,0,1,1,1,1,6,1988,1,12,-1,-1
201320W012223,2,9,0,18,0,0,0,0,0,0,1,1,6,1,8,1896,2,12,3,1
201320W012233,1,9,0,7,0,2,0,0,0,0,1,1,6,1,-1,-1,-1,-1,-1,-1
201320W012243,1,9,0,18,0,1,0,0,0,0,3,1,6,1,6,1781,1,9,5,1
201320W012243,2,9,0,18,0,2,0,0,0,0,3,1,6,2,5,1229,1,4,1,1
201320W012303,1,9,0,18,0,0,1,0,0,0,1,1,6,3,-1,1596,1,4,-1,-1
201320W012303,2,9,0,18,0,0,0,0,0,0,2,1,6,2,6,1910,2,9,1,1
201320W012323,1,9,0,9,0,2,0,0,0,0,1,1,6,2,-1,-1,-1,-1,-1,-1
201320W012323,2,1,0,18,0,1,0,0,0,0,1,1,6,1,-1,-1,-1,-1,2,1
201320W012473,1,9,0,9,0,2,0,0,0,0,1,1,6,1,8,1990,1,17,2,1
201320W012483,1,9,0,9,0,6,0,0,0,0,1,1,6,1,8,1400,1,6,4,1
201320W012483,2,5,0,18,0,8,0,0,0,0,1,1,6,1,8,885,1,20,2,1
201320W012603,1,9,0,9,0,2,0,0,0,0,1,1,6,3,-1,-1,-1,-1,-1,-1
201320W012793,1,9,0,18,0,0,0,0,0,0,4,1,6,2,8,1461,2,9,1,1
201320W013023,1,9,0,13,0,1,1,10,7,10,1,1,6,1,5,1984,1,6,1,1
201320W013023,2,9,0,9,0,5,0,10,7,10,3,1,2,1,7,1975,2,19,1,1
201320W013303,1,19,0,14,0,0,0,4,1,2,1,1,1,1,7,4250,2,10,-1,-1
201320W013303,2,19,0,2,0,0,0,0,0,0,1,1,1,1,7,-1,2,17,3,1
201320W013313,1,9,0,1,0,0,0,0,0,0,2,1,6,1,9,1590,1,14,1,1
201320W013473,1,9,0,18,0,1,0,0,0,0,4,1,6,1,-1,-1,-1,-1,-1,-1
201320W013473,2,1,0,18,0,1,0,0,0,0,3,1,2,1,8,-1,-1,-1,1,1
201320W013543,1,21,0,9,0,4,0,0,0,0,4,1,1,1,8,4462,2,1,9,1
201320W013543,2,9,0,7,0,4,0,0,1,7,1,1,6,1,5,1360,1,11,5,1
201320W013583,1,19,0,4,0,0,0,0,0,0,3,1,1,1,8,2400,2,10,-1,-1
201320W013663,1,9,0,18,0,1,1,10,8,6,3,1,6,1,5,1598,1,7,4,1
201320W013663,2,9,0,18,0,2,0,11,0,0,0,1,2,1,6,1796,1,1,8,1
201320W013723,1,9,0,18,0,0,1,0,0,0,1,1,6,1,-1,-1,-1,-1,-1,-1
201320W013743,1,9,0,4,0,1,0,0,0,0,1,1,6,1,5,1762,1,14,6,1
201320W013743,2,9,0,4,0,1,0,0,0,0,2,1,6,1,7,2148,2,4,1,1
201320W013773,1,9,0,18,0,1,0,0,0,0,1,1,6,1,10,1364,1,7,1,1
201320W013773,2,9,0,3,0,1,0,0,0,0,2,1,6,1,5,1900,2,14,1,1
201320W013773,3,9,0,3,0,1,0,0,0,0,2,1,6,1,7,1397,1,12,4,2
201320W013793,1,9,0,17,0,1,0,0,0,0,3,1,6,2,5,1598,1,9,3,1
201320W013843,1,9,0,5,0,6,0,0,0,0,3,1,6,1,8,998,1,11,-1,-1
201320W013843,2,9,0,18,0,8,0,0,0,0,1,1,6,1,6,1398,1,14,2,1
201320W013863,1,9,0,18,0,1,0,0,0,0,1,1,2,1,5,1998,2,6,5,1
201320W013873,1,9,0,18,0,8,0,0,0,0,1,1,6,2,-1,1598,1,8,-1,-1
201320W013873,2,9,0,16,0,8,0,0,0,0,2,1,6,1,-1,1769,1,12,1,1
201320W013903,1,9,0,11,0,0,0,0,0,0,0,1,6,3,-1,-1,-1,-1,-1,-1
201320W013903,2,9,0,18,0,0,0,0,0,0,1,1,6,1,4,1796,1,7,1,1
201320W013903,3,9,0,18,0,0,1,0,0,0,2,1,6,1,4,1368,1,5,5,1
201320W013903,4,9,0,18,0,0,0,0,0,0,2,1,6,2,6,1396,1,11,2,1
201320W013943,1,9,0,18,0,6,0,0,1,0,1,1,6,1,6,1397,1,6,1,1
201320W013943,2,11,0,18,0,8,0,0,7,2,1,1,1,1,7,9000,2,3,1,1
201320W014813,1,9,0,18,0,0,0,0,0,0,1,1,6,3,-1,-1,-1,-1,-1,-1
201320W014843,1,9,0,16,0,0,1,7,7,1,1,1,1,2,5,1360,1,10,3,1
201320W014873,1,9,0,7,0,1,0,0,0,0,1,1,6,1,7,1150,1,6,1,1
201320W015313,1,9,0,18,0,8,0,6,2,10,1,1,6,2,-1,1896,2,13,-1,-1
201320W015313,2,8,0,18,0,8,0,0,0,0,1,1,1,1,7,1997,2,11,1,1
201320W015403,1,9,0,18,0,2,0,0,0,0,1,1,6,1,7,1968,2,4,2,1
201320W015423,1,9,0,5,0,0,0,0,0,0,3,1,6,2,10,1086,1,3,10,1
201320W015423,2,9,0,18,0,0,0,0,0,0,1,1,6,1,7,1753,2,12,4,1
201320W015443,1,9,0,18,0,2,2,0,1,7,4,1,6,1,5,1397,1,12,1,1
201320W015463,1,9,0,5,0,8,0,0,0,0,3,1,3,1,4,998,1,7,4,1
201320W015463,2,9,0,18,0,8,0,0,0,0,1,1,3,1,7,1390,2,11,5,1
201320W015473,1,11,0,18,3,0,0,0,0,0,1,1,1,1,8,9000,2,3,-1,-1
201320W015513,1,9,0,4,0,8,0,0,0,0,1,1,6,1,-1,-1,-1,-1,-1,-1
201320W015513,2,1,0,9,0,6,0,0,0,0,2,1,2,2,6,-1,-1,-1,4,1
201320W015523,1,3,0,17,0,0,1,4,0,0,1,1,6,1,4,124,1,3,3,1
201320W015523,2,9,0,17,0,0,0,0,0,0,2,1,6,2,5,998,1,13,3,1
201320W015523,3,9,0,2,0,0,0,0,0,0,3,1,6,1,5,1794,1,10,3,1
201320W015533,1,9,0,9,0,8,0,0,0,0,4,1,2,1,9,1868,2,13,9,1
201320W015533,2,9,0,9,0,8,0,0,0,0,4,1,2,2,8,1596,1,11,5,1
201320W015583,1,21,0,18,0,3,0,0,0,0,3,1,1,1,8,9200,2,2,4,1
201320W015583,2,9,0,9,0,4,1,0,0,0,1,1,2,1,7,1796,1,13,1,1
201320W015593,1,9,0,9,0,1,0,0,0,0,1,1,6,1,7,1497,1,9,4,1
201320W015593,2,5,0,5,0,1,1,0,0,0,1,1,1,1,6,1299,1,6,7,1
201320W015643,1,9,0,17,0,0,1,10,8,6,1,1,6,1,5,1390,1,10,6,1
201320W015653,1,9,0,6,0,0,0,0,0,0,1,1,6,2,-1,1596,1,7,-1,-1
201320W015723,1,9,0,11,0,1,5,0,0,0,2,1,6,1,5,1299,1,10,1,1
201320W015723,2,9,0,18,0,1,0,0,0,0,1,1,6,2,7,1998,1,8,4,1
201320W015733,1,9,0,18,0,8,0,0,0,0,3,1,6,1,9,1587,1,4,6,1
201320W015733,2,1,0,18,0,8,0,0,0,0,4,1,6,1,5,-1,-1,-1,1,1
201320W015743,1,9,0,5,0,8,0,0,0,0,1,1,6,1,6,1598,1,16,7,1
201320W015743,2,9,0,10,0,8,0,0,0,0,4,1,6,1,6,2497,2,9,1,1
201320W015963,1,9,0,9,0,6,0,0,0,0,1,1,6,1,7,1598,1,13,1,1
201320W015963,2,9,0,18,0,8,0,4,0,0,1,1,6,2,6,1968,2,5,5,1
201320W015963,3,9,0,2,0,8,0,0,0,0,3,1,6,1,6,1149,1,11,2,1
201320W016263,1,9,0,5,0,0,0,0,0,0,1,1,6,2,-1,-1,-1,-1,-1,-1
201320W016583,1,9,0,9,0,6,1,0,0,0,3,1,6,1,7,998,1,14,1,1
201320W016583,2,8,0,18,0,8,0,0,0,0,1,1,1,1,6,1598,1,12,1,1
201320W016603,1,19,0,9,0,5,0,0,0,0,1,1,2,1,6,1753,2,3,2,1
201320W016603,2,1,0,18,0,8,0,0,0,0,1,1,6,1,8,-1,-1,-1,3,1
201320W016733,1,9,0,14,9,0,0,0,0,0,1,1,1,1,5,1242,1,4,9,2
201320W016733,2,21,0,2,0,0,0,0,0,0,0,1,2,1,8,9364,2,10,3,1
201320W016743,1,9,0,5,0,1,0,0,0,0,1,1,1,1,-1,1248,2,-1,3,1
201320W016743,2,9,0,3,0,1,0,0,0,0,2,1,6,2,8,1242,1,3,1,1
201320W016783,1,19,0,5,0,4,0,0,0,0,1,1,6,1,5,2446,2,17,2,1
201320W016783,2,9,0,3,0,3,0,0,0,0,2,1,6,2,7,1149,1,8,2,1
201320W016833,1,9,0,5,0,8,0,0,0,0,1,1,6,3,-1,-1,-1,-1,-1,-1
201320W016903,1,9,0,11,0,0,0,0,0,0,1,1,6,1,-1,2698,2,3,9,1
201320W016903,2,9,0,18,0,0,0,10,1,0,3,1,6,2,5,2497,1,6,1,1
201320W017563,1,9,0,4,0,1,0,0,0,0,1,1,1,1,8,2179,2,-1,4,1
201320W017563,2,9,0,3,0,1,0,0,0,0,2,1,1,1,-1,1580,1,19,2,1
201320W017623,1,9,0,5,0,8,0,0,0,0,1,1,6,2,4,1299,1,14,5,2
201320W017623,2,9,0,5,0,8,0,0,0,0,3,1,6,2,6,1198,1,10,7,3
201320W017643,1,9,0,7,0,5,0,0,0,0,1,1,6,2,6,1796,1,11,1,1
201320W017673,1,9,0,16,0,0,1,0,1,7,1,1,2,1,7,-1,-1,-1,9,1
201320W017673,2,9,0,16,0,0,0,0,0,0,1,1,2,1,7,1984,2,4,7,1
201320W017703,1,8,0,17,0,8,0,0,0,0,4,1,1,2,8,2184,2,8,2,1
201320W017703,2,9,0,18,0,8,0,0,0,0,3,1,1,2,6,1248,2,1,1,1
201320W017713,1,9,0,18,0,1,0,0,0,0,4,1,6,2,-1,-1,-1,-1,-1,-1
201320W017723,1,9,0,7,0,8,0,0,0,0,0,1,1,2,7,1248,2,4,1,1
201320W017723,2,1,0,18,4,8,0,0,0,0,0,1,2,1,8,-1,-1,-1,2,1
201320W017743,1,11,0,5,0,1,0,0,0,0,1,1,1,1,8,8268,2,10,3,1
201320W017743,2,19,0,5,0,1,0,0,0,0,2,1,1,1,5,-1,-1,-1,-1,-1
201320W017753,1,9,0,9,0,6,0,0,0,0,1,1,6,1,6,1997,2,5,9,1
201320W017753,2,9,0,18,0,8,0,0,0,0,1,1,6,2,6,1275,1,16,1,1
201320W017763,1,9,0,18,0,1,1,10,2,10,1,1,6,1,6,1299,1,10,2,1
201320W017763,2,9,0,18,0,1,0,0,0,0,0,1,1,2,-1,1956,2,1,1,1
201320W017773,1,9,0,18,0,0,0,0,0,0,1,1,6,1,6,-1,-1,-1,1,1
201320W017873,1,9,0,4,0,1,0,0,0,0,1,1,6,1,5,1800,1,13,3,1
201320W017873,2,9,0,3,0,1,0,0,0,0,2,1,6,2,7,1360,1,12,6,1
201320W018003,1,19,0,6,0,0,0,0,0,0,2,1,6,1,4,2402,2,9,9,1
201320W018003,2,9,0,6,0,0,0,0,0,0,2,1,6,1,6,2148,2,4,1,1
201320W018003,3,9,0,6,0,0,0,0,0,0,1,1,6,1,7,1598,1,8,1,1
201320W018023,1,9,0,9,0,8,0,0,0,0,1,1,6,1,-1,1598,1,4,-1,-1
201320W018023,2,1,0,18,0,8,0,0,0,0,1,1,1,1,4,-1,-1,-1,1,1
201320W018033,1,9,0,18,2,1,0,0,0,0,1,1,6,3,-1,-1,-1,-1,-1,-1
201320W018033,2,8,0,9,0,5,0,0,0,0,4,1,1,1,7,1598,1,13,1,1
201320W018043,1,9,0,5,0,0,0,0,0,0,3,1,6,1,-1,2000,1,3,-1,-1
201320W018043,2,9,0,18,0,0,0,0,0,0,3,1,1,1,-1,1248,2,1,-1,-1
201320W018153,1,9,0,5,0,1,0,0,0,0,1,1,6,1,-1,1587,1,10,-1,-1
201320W018153,2,9,0,3,0,1,0,0,0,0,2,1,6,1,5,998,1,26,10,2
201320W018443,1,8,0,9,0,8,0,0,0,0,1,1,1,2,8,1798,1,11,8,2
201320W018443,2,9,0,5,0,8,0,0,0,0,3,1,3,1,8,1995,1,11,1,1
201320W018483,1,9,0,5,0,8,0,0,0,0,1,1,6,1,8,2295,1,14,1,1
201320W018483,2,9,0,5,0,8,0,0,0,0,3,1,1,1,7,1896,2,8,5,1
201320W018583,1,9,0,1,0,0,0,0,0,0,2,1,6,1,-1,1995,2,2,-1,-1
201320W018583,2,9,0,3,0,0,0,0,0,0,1,1,1,1,5,1686,2,3,-1,-1
201320W018653,1,9,0,18,0,1,1,10,2,1,1,1,6,1,6,1753,2,9,2,1
201320W018653,2,9,0,18,0,1,0,0,0,0,0,1,1,1,8,1968,2,2,1,1
201320W018663,1,9,0,5,0,6,0,0,0,0,1,1,6,2,4,1686,2,9,1,1
201320W018663,2,9,0,18,0,8,0,0,7,7,4,1,2,2,5,1390,1,12,1,1
201320W018683,1,9,0,17,0,8,0,0,0,0,1,1,2,2,6,1796,1,6,3,1
201320W018693,1,9,0,11,2,2,0,0,0,0,3,1,6,1,7,5439,1,10,3,1
201320W018693,2,9,0,3,0,2,0,0,0,0,4,1,6,2,5,1299,1,13,2,1
201320W018853,1,1,0,5,0,2,0,0,0,0,3,1,6,1,5,-1,-1,-1,2,1
201320W018853,2,9,0,18,0,2,0,0,0,0,1,1,6,1,5,1598,1,9,1,1
201320W018883,1,9,0,4,0,1,0,0,0,0,1,1,6,1,6,-1,-1,-1,1,1
201320W018883,2,9,0,3,0,1,0,0,0,0,2,1,6,1,6,1364,7,7,5,1
201320W019033,1,11,0,18,0,8,0,0,0,0,1,1,1,1,9,5900,2,8,2,1
201320W019033,2,90,0,18,0,8,0,0,0,0,2,1,1,1,6,-1,-1,-1,7,1
201320W019263,1,9,0,17,0,0,0,0,4,6,1,1,6,3,4,1299,1,12,1,1
201320W019263,2,9,0,3,0,0,0,0,0,0,2,1,2,2,6,1956,2,2,5,1
201320W019263,3,19,0,3,0,0,0,0,0,0,2,1,6,1,8,2402,2,8,5,3
201320W019373,1,5,0,18,0,0,2,0,7,0,4,1,6,1,6,599,1,5,1,1
201320W019413,1,8,0,18,0,2,0,0,0,0,1,1,6,1,-1,-1,-1,-1,-1,-1
201320W019583,1,9,0,1,0,0,0,0,0,0,2,1,6,1,7,1896,2,12,3,1
201320W019643,1,9,0,18,9,0,0,0,7,0,1,1,6,1,-1,1598,1,5,-1,-1
201320W020103,1,9,0,18,0,8,0,0,0,0,1,1,2,1,6,1598,1,9,1,1
201320W020103,2,9,0,9,0,8,5,10,0,0,4,1,2,2,9,1596,1,1,7,1
201320W020203,1,9,0,7,0,1,0,0,0,0,0,1,6,3,-1,-1,-1,-1,-1,-1
201320W020203,2,11,0,18,0,1,0,0,0,0,0,1,1,1,9,8268,2,11,3,1
201320W020243,1,9,0,18,0,0,0,0,0,0,1,1,6,2,5,1598,1,1,9,1
201320W020253,1,9,0,18,0,8,5,10,8,10,1,1,6,1,7,1596,1,11,-1,-1
201320W020253,2,9,0,18,0,8,0,0,0,0,0,1,1,1,-1,2967,2,-1,-1,-1
201320W020383,1,8,0,12,0,6,0,0,0,0,1,1,6,1,7,2151,2,10,4,1
201320W020383,2,9,0,18,0,8,0,7,0,0,4,1,6,2,9,2993,2,2,4,1
201320W020413,1,9,0,18,0,0,0,0,0,0,1,1,6,1,6,-1,-1,-1,1,1
201320W020413,2,9,0,3,0,0,0,0,0,0,2,1,6,1,6,1998,1,10,1,1
201320W020413,3,9,0,4,0,0,0,0,0,0,2,1,6,1,6,1397,1,12,9,1
201320W020423,1,9,0,18,0,2,0,0,0,0,1,1,6,1,8,2995,1,12,2,1
201320W020423,2,9,0,18,0,2,0,0,0,0,2,1,6,1,6,1587,1,11,4,1
201320W020443,1,9,0,18,0,0,0,0,0,0,1,1,1,1,7,1796,1,12,3,1
201320W020453,1,9,0,5,0,0,0,0,0,0,3,1,1,1,7,-1,-1,-1,1,1
201320W020453,2,9,0,18,0,0,0,0,0,0,4,1,1,1,7,-1,-1,-1,2,1