Accident_Index,Vehicle_Reference,Vehicle_Type,Towing_and_Articulation,Vehicle_Manoeuvre,Vehicle_Location-Restricted_Lane,Junction_Location,Skidding_and_Overturning,Hit_Object_in_Carriageway,Vehicle_Leaving_Carriageway,Hit_Object_off_Carriageway,1st_Point_of_Impact,Was_Vehicle_Left_Hand_Drive?,Journey_Purpose_of_Driver,Sex_of_Driver,Age_Band_of_Driver,Engine_Capacity_(CC),Propulsion_Code,Age_of_Vehicle,Driver_IMD_Decile,Driver_Home_Area_Type
201320W035713,1,9,0,9,0,6,0,0,0,0,1,1,6,1,-1,1242,1,12,-1,-1
201320W035713,2,9,0,18,0,8,0,0,0,0,2,1,2,2,4,1598,1,-1,2,1
201320W035893,1,5,0,11,0,0,0,0,0,0,4,1,6,1,9,1050,1,8,1,1
201320W035903,1,9,0,9,0,5,0,0,0,0,1,1,1,2,7,1461,2,11,9,2
201320W035903,2,9,0,18,0,8,0,0,0,0,1,1,1,1,7,1596,1,9,5,1
201320W035933,1,9,0,9,0,8,0,0,0,0,3,1,6,1,6,1596,1,7,1,1
201320W035933,2,19,0,18,0,1,0,0,7,0,1,1,1,1,8,-1,-1,-1,10,1
201320W035943,1,9,0,13,0,1,0,0,0,0,4,1,6,1,5,6208,1,5,4,1
201320W035943,2,9,0,9,0,1,0,0,0,0,1,1,6,1,6,1595,1,-1,1,1
201320W035943,3,9,0,18,0,1,0,0,0,0,1,1,6,1,6,1124,1,12,2,1
201320W035953,1,9,0,12,0,7,0,0,0,0,0,1,6,3,-1,-1,-1,-1,-1,-1
201320W035953,2,9,0,12,0,7,0,0,0,0,1,1,6,1,6,1588,1,14,1,1
201320W035953,3,9,0,18,0,1,0,0,0,0,1,1,6,1,7,1896,2,9,-1,-1
201320W035983,1,9,0,1,0,0,0,4,0,0,2,1,6,1,-1,-1,-1,-1,-1,-1
201320W035983,2,9,0,2,0,0,0,0,0,0,1,1,6,1,7,1995,2,13,1,1
201320W035993,1,9,0,7,0,3,1,7,7,1,1,1,6,1,4,999,1,1,2,1
201320W035993,2,9,0,4,0,1,0,0,0,0,3,1,6,1,5,1998,1,6,1,1
201320W036003,1,9,0,5,0,0,0,0,0,0,3,1,6,1,9,2902,2,8,1,1
201320W036013,1,1,0,18,0,0,0,0,0,0,1,1,6,1,5,-1,-1,-1,2,1
201320W036013,2,9,0,4,0,0,0,0,0,0,2,1,1,1,7,1995,2,-1,5,1
201320W036163,1,9,0,7,0,1,0,0,0,0,4,1,6,1,5,1390,1,4,2,1
201320W036163,2,1,0,18,0,1,0,0,0,0,3,1,6,1,8,-1,-1,-1,4,1
201320W036243,1,3,0,18,0,0,0,4,0,0,1,1,6,1,-1,125,1,1,-1,-1
201320W036243,2,9,0,2,0,0,0,0,0,0,1,1,6,1,-1,1598,1,1,5,1
201320W036253,1,19,0,4,0,0,0,0,0,0,1,1,1,1,8,-1,2,13,1,1
201320W036253,2,9,0,5,0,0,0,0,0,0,2,1,6,2,7,1596,1,11,6,1
201320W036253,3,9,0,5,0,0,0,0,0,0,2,1,6,2,4,998,2,15,1,1
201320W036263,1,9,0,9,0,8,0,0,0,0,4,1,6,1,7,1840,1,17,1,1
201320W036263,2,1,0,18,0,8,0,0,0,0,1,1,1,1,8,-1,-1,-1,2,1
201320W036273,1,20,0,4,0,1,0,0,0,0,1,1,1,1,8,4250,2,10,7,1
201320W036273,2,9,0,3,0,1,0,0,0,0,2,1,6,1,9,1781,1,9,1,1
201320W036313,1,1,0,18,9,0,0,0,0,0,1,1,6,1,3,-1,-1,-1,3,1
201320W036793,1,9,0,18,0,0,0,0,0,0,1,1,6,1,-1,1360,1,13,-1,-1
201320W036793,2,9,0,3,0,0,0,0,0,0,2,1,6,2,5,1199,1,11,7,1
201320W037013,1,9,0,18,0,1,0,0,0,0,1,1,6,1,-1,1332,1,14,2,1
201320W037013,2,9,0,3,0,1,0,0,0,0,2,1,6,1,6,1870,2,14,1,1
201320W037173,1,9,0,18,0,2,0,0,0,0,4,1,2,1,9,1360,1,5,6,1
201320W037173,2,11,0,5,0,2,0,0,0,0,3,1,1,1,-1,7300,2,12,2,1
201320W037183,1,19,0,18,0,8,0,0,0,0,1,1,6,3,-1,-1,-1,-1,-1,-1
201320W037183,2,9,0,18,0,8,0,0,0,0,3,1,1,2,6,1995,1,2,5,1
201320W037193,1,19,0,18,0,8,0,0,0,0,1,1,1,1,8,-1,-1,-1,1,1
201320W037193,2,9,0,4,0,8,0,0,0,0,2,1,6,1,7,698,1,8,-1,-1
201320W037193,3,90,0,18,0,8,0,0,0,0,1,1,1,1,7,8300,2,14,1,1
201320W037223,1,9,0,18,0,8,0,0,1,0,3,1,6,1,9,998,1,4,4,1
201320W037223,2,9,0,18,0,8,0,0,0,0,1,1,6,1,7,1994,1,10,1,1
201320W037273,1,9,0,7,0,4,0,0,0,0,4,1,6,3,-1,1198,1,-1,-1,-1
201320W037273,2,1,0,18,0,8,0,0,0,0,1,1,6,1,6,-1,-1,-1,1,1
201320W037283,1,9,0,7,0,6,0,0,0,0,1,1,6,2,-1,-1,-1,-1,-1,-1
201320W037333,1,9,0,5,0,0,0,0,0,0,1,1,6,1,6,1242,1,9,-1,1
201320W037333,2,9,0,5,0,0,0,0,0,0,1,1,6,1,7,1461,2,9,6,2
201320W037363,1,9,0,7,0,2,0,0,0,0,3,1,6,1,7,1896,2,11,10,1
201320W037363,2,4,0,18,0,8,0,0,0,0,4,1,6,1,6,649,1,-1,1,1
201320W037433,1,9,0,18,0,8,0,0,0,0,1,1,6,1,7,1242,1,11,3,1
201320W037433,2,9,0,9,0,5,0,0,0,0,4,1,6,1,6,1198,1,3,3,1
201320W037443,1,9,0,7,0,3,0,0,1,0,1,1,6,1,-1,1242,1,12,-1,-1
201320W037453,1,3,0,18,0,1,5,0,0,0,1,1,2,1,8,124,1,9,4,1
201320W037453,2,9,0,3,0,1,0,0,0,0,2,1,6,1,6,1896,2,8,5,1
201320W037583,1,5,0,13,0,0,2,0,0,0,4,1,2,1,8,800,1,14,10,1
201320W037583,2,19,0,18,0,0,0,0,0,0,4,1,1,1,8,2298,2,3,1,1
201320W037583,3,19,0,2,0,0,0,0,0,0,1,1,6,3,-1,-1,-1,-1,-1,-1
201320W037803,1,9,0,9,0,8,0,0,0,0,4,1,6,1,10,2496,1,7,1,1
201320W037803,2,1,0,18,0,8,0,0,0,0,1,1,2,1,6,-1,-1,-1,2,1
201320W038223,1,9,0,6,0,1,0,0,0,0,3,1,6,1,-1,-1,-1,-1,-1,-1
201320W038223,2,9,0,9,0,1,0,0,0,0,1,1,6,1,8,998,1,1,3,1
201320W038443,1,9,0,6,0,1,0,0,0,0,1,1,6,2,7,1390,1,15,1,1
201320W038443,2,1,0,13,0,1,0,0,0,0,1,1,2,2,6,-1,-1,-1,1,1
201320W038453,1,9,0,18,0,3,1,0,0,0,3,1,6,2,8,1560,2,-1,8,1
201320W038453,2,19,0,18,0,3,0,0,0,0,4,1,1,1,6,2402,2,7,1,1
201320W038463,1,9,0,14,0,1,0,0,0,0,1,1,6,2,-1,1796,1,8,-1,-1
201320W038463,2,9,0,3,0,1,0,0,0,0,2,1,6,1,7,1388,1,11,2,1
201320W038483,1,9,0,13,0,0,0,0,0,0,4,1,6,3,-1,-1,-1,-1,-1,-1
201320W038703,1,9,0,17,0,8,0,0,0,0,4,1,6,3,-1,1388,1,8,-1,-1
201320W038703,2,1,0,17,0,8,2,0,1,0,3,1,2,1,8,-1,-1,-1,6,1
201320W038713,1,9,0,18,0,8,0,0,0,0,1,1,6,1,5,999,1,1,1,1
201320W038713,2,9,0,18,0,8,0,0,0,0,4,1,6,1,6,1910,2,6,3,1
201320W038743,1,9,0,9,0,8,0,0,0,0,4,1,6,2,-1,-1,-1,-1,-1,-1
201320W038743,2,1,0,9,0,8,0,0,0,0,3,1,6,1,6,-1,-1,-1,1,1
201320W038753,1,8,0,3,0,2,0,0,0,0,0,1,6,1,-1,-1,-1,-1,-1,-1
201320W038773,1,9,0,7,0,6,0,0,0,0,1,1,6,1,6,2494,1,10,1,1
201320W038773,2,9,0,18,0,1,0,0,0,0,1,1,1,1,9,-1,-1,-1,6,1
201320W038803,1,9,0,18,0,1,0,0,0,0,1,1,6,1,6,1299,1,11,1,1
201320W038803,2,9,0,12,0,1,0,0,0,0,2,1,1,1,8,1396,1,17,3,1
201320W038893,1,1,0,3,0,0,0,0,0,0,1,1,2,1,7,-1,-1,-1,1,1
201320W038893,2,9,0,1,0,0,0,0,0,0,2,1,6,2,-1,-1,-1,-1,-1,-1
201320W038903,1,9,0,11,0,0,0,0,0,0,2,1,6,2,6,-1,-1,-1,2,1
201320W038903,2,19,0,18,0,0,0,0,0,0,2,1,1,1,8,1997,2,10,-1,-1
201320W039323,1,9,0,18,0,8,0,0,0,0,4,1,6,2,7,1389,1,11,4,1
201320W039323,2,9,0,18,0,8,0,0,1,10,1,1,6,2,10,1796,1,7,5,1
201320W039623,1,9,0,14,0,0,0,4,0,0,1,1,6,1,10,1796,1,11,1,1
201320W039623,2,9,0,2,9,0,0,0,1,10,2,1,6,2,-1,1242,1,6,-1,-1
201320W039633,1,9,0,18,0,2,0,0,0,0,1,1,6,1,6,1598,1,12,2,1
201320W039653,1,9,0,7,0,6,0,0,1,0,1,1,6,1,5,998,1,6,1,1
201320W039653,2,9,0,18,0,8,0,0,7,4,4,1,6,1,6,1995,1,9,1,1
201320W039963,1,9,0,18,0,4,0,0,0,0,1,1,6,1,-1,998,1,13,-1,-1
201320W039963,2,9,0,18,0,8,0,0,0,0,4,1,6,1,7,1794,1,12,8,1
201320W040103,1,9,0,9,0,5,0,0,0,0,4,1,1,1,8,1248,2,1,3,1
201320W040103,2,9,0,18,0,8,0,0,0,0,1,1,6,1,6,2494,1,22,8,1
201320W040103,3,9,0,3,0,1,0,0,0,0,3,1,6,1,6,1332,1,13,5,1
201320W040213,1,9,0,18,0,4,0,0,1,1,1,1,6,2,6,1968,2,1,2,1
201320W040213,2,9,0,4,0,8,0,0,0,0,4,1,6,1,6,1461,2,8,4,1
201320W040373,1,3,0,7,0,3,0,0,0,0,1,1,6,1,6,124,1,3,4,1
201320W040393,1,9,0,18,0,1,0,0,0,0,1,1,6,1,6,-1,-1,-1,-1,-1
201320W040393,2,9,0,9,0,8,0,0,0,0,2,1,6,2,7,1149,1,14,1,1
201320W040503,1,9,0,14,0,1,0,0,0,0,1,1,6,1,6,1598,1,7,2,1
201320W040713,1,9,0,18,0,8,0,0,0,0,4,1,1,1,10,1998,1,13,2,1
201320W040713,2,9,0,18,0,8,0,0,0,0,3,1,2,2,6,1587,1,8,1,1
201320W040713,3,19,0,3,0,1,0,0,0,0,1,1,2,1,9,1870,2,7,8,1
201320W040893,1,9,0,7,0,6,0,0,0,0,3,1,6,1,8,599,1,10,1,1
201320W040893,2,9,0,3,0,8,0,0,0,0,1,1,6,1,9,1896,2,7,1,1
201320W040913,1,19,0,3,0,2,0,0,0,0,1,1,6,1,7,1753,2,9,3,1
201320W040913,2,9,0,3,0,2,0,0,0,0,2,1,6,2,5,1598,1,10,4,1
201320W041243,1,9,0,18,0,8,0,0,0,0,1,1,6,1,5,1598,1,3,1,1
201320W041243,2,9,0,9,0,5,0,0,0,0,1,1,6,2,6,1124,1,13,1,1
201320W041343,1,9,0,18,0,8,0,0,0,0,4,1,6,1,6,1995,2,1,1,1
201320W041343,2,9,0,5,0,4,0,0,0,0,3,1,6,1,6,1995,2,13,1,1
201320W041443,1,9,0,3,0,1,0,0,0,0,1,1,1,1,-1,1248,2,1,-1,-1
201320W041443,2,9,0,1,0,2,0,0,0,0,2,1,6,1,7,1461,2,1,4,1
201320W041453,1,9,0,9,0,5,0,0,0,0,2,1,2,1,7,1753,2,11,4,1
201320W041453,2,9,0,18,0,8,0,0,0,0,1,1,2,2,5,1388,1,8,3,1
201320W041503,1,9,0,18,0,0,0,0,0,0,1,1,6,1,-1,1339,1,10,5,1
201320W041503,2,9,0,5,0,0,0,0,0,0,2,1,2,1,7,1240,1,4,10,1
201320W041523,1,9,0,3,0,3,0,0,0,0,3,1,1,1,7,-1,-1,-1,1,1
201320W041523,2,1,0,18,0,3,0,0,0,0,1,1,1,1,7,-1,-1,-1,1,1
201320W041803,1,9,0,5,0,0,0,0,0,0,1,1,2,1,5,1390,1,10,1,1
201320W041803,2,9,0,18,0,0,0,0,0,0,3,1,6,2,5,1240,1,8,1,1
201320W041833,1,9,0,4,0,0,0,0,0,0,1,1,6,3,-1,-1,-1,-1,-1,-1
201320W041833,2,9,0,4,0,0,0,0,0,0,2,1,6,1,8,1968,1,8,6,1
201320W042173,1,9,0,18,0,0,0,0,0,0,1,1,6,2,7,2204,2,7,4,1
201320W042183,1,9,0,18,0,2,0,0,0,0,1,1,6,1,-1,-1,-1,-1,-1,-1
201320W042183,2,9,0,18,0,2,0,0,0,0,2,1,2,1,9,2494,1,10,6,1
201320W042193,1,9,0,9,0,6,0,0,0,0,1,1,6,2,8,796,1,12,-1,-1
201320W042193,2,19,0,14,0,8,0,0,0,0,4,1,1,1,6,2402,2,10,1,1
201320W042203,1,21,1,17,0,2,0,0,0,0,3,1,1,1,-1,-1,-1,-1,-1,-1
201320W042203,2,9,0,17,0,2,0,0,0,0,4,1,6,2,7,1587,1,6,2,1
201320W042213,1,9,0,3,0,0,0,0,0,0,1,1,6,2,6,1753,2,7,10,1
201320W042213,2,9,0,3,0,0,0,0,0,0,2,1,6,1,7,1753,2,6,-1,-1
201320W042233,1,9,0,18,0,0,0,0,0,0,3,1,2,1,6,1968,2,9,1,1
201320W042293,1,9,0,18,0,1,0,0,0,0,1,1,6,1,6,1799,1,6,1,1
201320W042313,1,9,0,4,0,0,0,0,0,0,1,1,6,1,7,2143,2,-1,6,1
201320W042313,2,9,0,3,0,0,0,0,0,0,2,1,6,1,5,1595,1,6,1,1
201320W042323,1,20,0,9,0,8,0,0,0,0,1,1,6,3,-1,-1,-1,-1,-1,-1
201320W042323,2,1,0,18,0,8,0,0,0,0,4,1,6,1,5,-1,-1,-1,3,1
201320W042333,1,9,0,7,0,4,0,0,0,0,1,1,2,1,6,1997,2,-1,1,1
201320W042333,2,1,0,7,0,4,0,0,0,0,2,1,2,1,6,-1,-1,-1,3,1
201320W042343,1,9,0,4,0,1,0,0,0,0,1,1,6,1,-1,-1,-1,-1,-1,-1
201320W042343,2,9,0,10,0,1,0,0,0,0,2,1,6,1,7,1896,2,9,3,1
201320W042473,1,9,0,5,0,8,0,0,0,0,1,1,2,1,6,1594,1,9,1,1
201320W042873,1,19,0,18,0,6,0,0,0,0,1,1,6,1,5,1896,2,4,1,1
201320W042873,2,9,0,18,0,8,5,0,7,1,4,1,6,2,5,998,1,1,1,1
201320W042903,1,9,0,7,0,3,0,0,0,0,1,1,1,2,6,1998,1,12,1,1
201320W042903,2,1,0,18,0,4,0,0,0,0,3,1,1,1,7,-1,-1,-1,1,1
201320W042953,1,9,0,17,0,8,1,7,4,0,1,1,6,1,9,2148,2,5,2,1
201320W042953,2,9,0,10,0,8,0,0,0,0,3,1,6,1,6,1991,2,8,5,1
201320W042973,1,9,0,16,0,0,1,0,7,10,1,1,6,1,5,1587,1,6,2,1
201320W042973,2,9,0,18,0,0,0,0,0,0,1,1,6,1,4,1397,1,13,3,1
201320W043223,1,9,0,18,0,0,0,0,0,0,1,1,2,2,6,1299,1,12,4,1
201320W043223,2,9,0,18,0,0,0,0,0,0,1,1,2,1,5,1497,1,11,5,1
201320W043243,1,9,0,18,0,1,0,0,0,0,1,1,6,1,7,2362,1,13,8,1
201320W043253,1,9,0,9,0,2,5,10,0,0,3,1,6,2,4,1200,1,1,6,1
201320W043253,2,9,0,3,0,1,0,0,0,0,1,1,6,1,6,3301,1,12,2,1
201320W043273,1,9,0,4,0,1,0,0,0,0,1,1,6,1,-1,1199,1,13,-1,-1
201320W043273,2,9,0,3,0,1,0,0,0,0,2,1,6,2,8,1995,2,8,10,1
201320W043403,1,8,0,5,0,0,0,0,0,0,2,1,1,1,-1,-1,-1,-1,-1,-1
201320W043443,1,9,0,4,0,4,0,0,0,0,1,1,1,1,-1,799,2,3,-1,-1
201320W043443,2,9,0,3,0,4,0,0,0,0,2,1,1,1,6,1560,2,-1,8,1
201320W043453,1,9,0,18,0,8,0,0,0,0,1,1,6,1,10,2497,1,9,6,1
201320W043453,2,9,0,18,0,8,0,0,0,0,3,1,2,1,6,2993,2,2,2,1
201320W043573,1,19,0,13,0,0,1,0,8,3,4,1,1,1,5,2148,2,4,1,1
201320W043573,2,9,0,18,0,0,0,0,0,0,1,1,6,2,6,1399,2,2,1,1
201320W043613,1,9,0,4,0,0,0,0,0,0,1,1,6,1,-1,-1,-1,-1,-1,-1
201320W043613,2,9,0,3,0,0,0,0,0,0,2,1,6,1,6,1397,1,12,1,1
201320W043623,1,1,0,18,9,3,0,8,0,0,1,1,1,1,5,-1,-1,-1,3,1
201320W043623,2,8,0,2,0,1,0,0,0,0,4,1,4,1,-1,1794,1,8,-1,-1
201320W043793,1,19,0,18,0,0,0,0,0,0,4,1,6,1,-1,-1,-1,-1,-1,-1
201320W043823,1,9,0,5,0,1,0,4,0,0,1,1,6,1,-1,1999,1,11,10,2
201320W043823,2,9,0,2,0,2,0,0,0,0,1,1,6,1,8,1497,1,13,1,1
201320W043883,1,19,0,5,0,0,0,0,0,0,0,1,1,1,7,1896,2,10,1,1
201320W043893,1,9,0,18,0,1,0,0,0,0,1,1,6,2,8,1398,1,2,5,1
201320W043893,2,9,0,3,0,1,0,0,0,0,2,1,6,1,5,1997,2,9,1,1
201320W043893,3,9,0,3,0,1,0,0,0,0,2,1,6,1,9,1398,1,1,1,1
201320W043953,1,9,0,18,0,6,0,0,0,0,3,1,6,2,-1,1398,1,12,3,1
201320W043953,2,11,0,18,0,8,1,0,0,0,1,1,1,1,8,8268,2,12,3,1
201320W043963,1,9,0,1,0,2,0,0,0,0,2,1,6,3,-1,1364,1,5,-1,-1
201320W043963,2,10,0,3,0,1,0,0,0,0,1,1,6,1,6,-1,-1,-1,1,1
201320W044013,1,9,0,18,0,8,0,0,0,0,1,1,6,2,5,1796,1,1,7,3
201320W044013,2,9,0,18,0,8,0,0,0,0,1,1,6,2,8,1799,1,7,5,1
201320W044133,1,9,0,18,0,0,0,0,0,0,3,1,6,3,-1,-1,-1,-1,-1,-1
201320W044153,1,9,0,6,0,0,0,0,0,0,1,1,2,2,8,1587,1,8,4,1
201320W044153,2,9,0,18,0,0,0,0,0,0,3,1,2,2,7,1390,1,11,10,1
201320W044453,1,9,0,14,0,0,0,0,0,0,4,1,6,1,-1,1956,2,3,4,1
201320W044463,1,8,0,1,0,0,0,0,0,0,2,1,6,1,9,2664,2,13,1,1
201320W044573,1,9,0,9,0,6,0,0,0,0,3,1,6,1,6,1783,1,10,1,1
201320W044573,2,9,0,16,0,8,0,0,0,0,1,1,6,1,6,1995,2,10,1,1
201320W044813,1,1,0,15,0,0,0,0,0,0,2,1,6,1,5,-1,-1,-1,2,1
201320W044813,2,9,0,18,0,0,0,0,0,0,4,1,6,1,8,1968,2,6,4,1
201320W044853,1,1,0,18,9,8,0,0,0,0,2,1,6,2,3,-1,-1,-1,1,1
201320W044853,2,9,0,7,0,8,0,0,0,0,1,1,6,2,-1,-1,-1,-1,-1,-1
201320W044873,1,5,0,16,0,2,0,0,0,0,1,1,2,1,6,599,1,5,3,1
201320W044873,2,19,0,17,0,1,0,0,0,0,1,1,2,1,8,2148,2,6,6,1
201320W044883,1,9,0,11,0,0,0,0,0,0,4,1,2,1,6,1896,2,11,5,1
201320W044883,2,9,0,18,0,0,0,0,0,0,3,1,2,1,5,1596,1,1,4,1
201320W044933,1,9,0,18,0,4,0,0,0,0,1,1,6,1,9,1910,2,8,4,1
201320W044933,2,1,0,18,0,8,0,0,0,0,2,1,6,1,10,-1,-1,-1,3,1
201320W045003,1,9,0,18,0,0,0,0,1,0,1,1,6,1,5,973,1,11,4,1
201320W045003,2,9,0,18,0,0,0,0,0,0,1,1,6,1,9,-1,-1,-1,5,1
201320W045013,1,9,0,5,0,8,0,0,0,0,1,1,1,1,6,1896,2,8,-1,-1
201320W045013,2,9,0,9,0,6,0,0,0,0,1,1,6,2,4,1242,1,12,2,1
201320W045273,1,19,0,9,0,8,1,10,1,7,3,1,6,1,7,2499,2,5,3,1
201320W045273,2,9,0,5,0,8,0,0,0,0,1,1,6,2,6,1124,1,8,4,1
201320W045273,3,11,0,5,0,8,0,0,0,0,4,1,1,1,7,6700,2,5,-1,-1
201320W045293,1,9,0,17,0,0,2,10,4,0,3,1,2,1,4,1390,1,8,1,1
201320W045303,1,9,0,17,9,1,5,0,7,10,4,1,6,1,4,1497,1,12,2,1
201320W045323,1,9,0,7,0,6,0,0,0,0,3,1,6,1,10,1396,1,9,1,1
201320W045323,2,9,0,18,0,8,0,0,0,0,1,1,6,1,-1,1299,1,16,-1,-1
201320W045333,1,3,0,14,0,1,0,0,0,0,1,1,2,1,6,124,1,2,2,1
201320W045333,2,8,0,9,0,2,0,0,0,0,1,1,1,1,9,1995,2,6,2,1
201320W045343,1,9,0,1,0,0,0,0,0,0,2,1,6,1,6,1200,1,-1,4,1
201320W045463,1,9,0,18,0,4,0,0,1,1,1,1,6,1,4,4163,1,6,1,1
201320W045463,2,19,0,18,0,4,0,0,0,0,1,1,6,1,7,-1,-1,-1,2,1
201320W045533,1,8,0,18,0,4,0,0,0,0,2,1,1,1,5,-1,-1,-1,1,1
201320W045533,2,11,0,18,0,3,0,0,0,0,1,1,1,1,6,1870,2,10,1,1
201320W045553,1,9,0,18,0,0,0,4,1,4,1,1,6,1,5,1246,1,8,1,1
201320W045553,2,9,0,2,6,0,0,0,0,0,2,1,6,1,6,1388,1,13,4,1
201320W045763,1,9,0,1,0,0,0,0,0,0,2,1,6,1,5,1299,1,10,2,1
201320W045863,1,9,0,17,0,0,1,0,1,7,1,1,6,1,8,1586,1,10,2,1
201320W045913,1,9,0,3,0,0,0,0,0,0,2,1,6,1,7,1198,1,9,1,1
201320W045913,2,9,0,4,0,0,0,0,0,0,1,1,6,2,-1,1598,1,12,-1,-1
201320W046193,1,9,0,9,0,5,0,0,0,0,1,1,3,2,7,1390,1,9,1,1
201320W046193,2,9,0,18,0,5,0,0,0,0,1,1,2,2,6,1248,2,7,4,1
201320W046233,1,9,0,7,0,8,0,0,0,0,1,1,6,1,-1,1560,2,8,-1,-1
201320W046233,2,9,0,18,0,8,0,0,0,0,4,1,2,2,7,1997,1,12,1,1
201320W046243,1,9,0,18,0,8,0,0,0,0,1,1,6,3,-1,-1,-1,-1,-1,-1
201320W046243,2,1,0,18,0,8,0,0,0,0,1,1,2,1,6,-1,-1,-1,1,1
201320W046313,1,9,0,14,0,0,0,0,0,0,4,1,6,2,8,1699,1,7,1,1
201320W046343,1,9,0,14,0,8,0,0,0,0,1,1,6,1,-1,1200,1,-1,-1,-1
201320W046363,1,9,0,9,0,8,0,0,0,0,4,1,6,2,4,1360,1,10,5,1
201320W046363,2,19,0,18,0,8,0,0,0,0,1,1,1,1,6,1248,2,2,8,1
201320W046383,1,9,0,7,0,2,0,0,0,0,1,1,6,1,5,1984,1,7,1,1
201320W046383,2,9,0,18,0,1,0,0,0,0,1,1,6,1,7,2171,1,10,1,1
201320W046803,1,9,0,18,0,0,0,0,0,0,1,1,3,2,6,1896,2,11,5,1
201320W047193,1,9,0,18,0,6,0,0,0,0,1,1,6,2,6,1596,1,8,3,1
201320W047193,2,8,0,18,0,8,0,0,7,10,1,1,1,1,8,-1,-1,-1,3,1
201320W047253,1,9,0,1,0,2,0,0,0,0,2,1,6,1,-1,1956,2,-1,1,1
201320W047253,2,9,0,3,0,1,0,0,0,0,1,1,6,1,6,1798,1,3,2,1
201320W047313,1,20,0,18,0,1,0,0,0,0,1,1,1,1,8,8970,2,7,2,1
201320W047313,2,9,0,3,0,1,0,0,0,0,2,1,6,1,5,1910,2,3,-1,-1
201320W047313,3,9,0,3,0,1,0,0,0,0,2,1,6,1,7,1596,1,2,8,3
201320W047313,4,9,0,3,0,1,0,0,0,0,2,1,6,1,7,1497,1,8,3,1
201320W047353,1,3,0,4,0,8,0,0,0,0,1,1,6,1,4,124,1,1,3,1
201320W047353,2,9,0,9,0,5,0,0,0,0,3,1,6,2,7,-1,-1,-1,1,1
201320W047483,1,9,0,18,0,1,1,0,0,0,1,1,6,3,-1,1299,1,10,-1,-1
201320W047483,2,9,0,10,0,1,0,0,0,0,2,1,2,1,7,2494,1,10,1,1
201320W047623,1,8,0,18,0,4,0,0,0,0,1,1,1,1,8,-1,-1,-1,1,1
201320W047623,2,9,0,18,0,8,0,0,0,0,1,1,2,1,7,1199,1,9,1,1
201320W047663,1,9,0,9,0,6,0,0,0,0,4,1,6,1,6,2231,2,5,2,1
201320W047663,2,9,0,9,0,5,0,0,0,0,1,1,6,1,-1,-1,-1,-1,-1,-1
201320W047823,1,9,0,18,0,0,0,0,0,0,1,1,6,2,6,1149,1,12,1,1
201320W047843,1,9,0,18,0,8,5,0,0,0,2,1,6,2,5,1149,1,6,8,1
201320W047843,2,9,0,5,0,6,1,0,0,0,1,1,6,1,-1,1896,2,8,-1,-1
201320W047853,1,9,0,13,0,8,0,0,0,0,0,1,6,3,-1,1596,1,10,-1,-1
201320W047853,2,9,0,18,0,8,0,0,7,10,1,1,1,1,-1,2993,2,-1,1,1
201320W047853,3,9,0,9,0,5,0,0,0,0,3,1,6,1,9,2499,1,5,4,1
201320W048013,1,9,0,18,0,0,0,0,0,0,1,1,1,1,9,1299,1,8,1,1
201320W048433,1,1,0,18,0,6,0,0,0,0,1,1,6,1,2,-1,-1,-1,1,1
201320W048433,2,19,0,18,0,8,0,0,0,0,3,1,1,1,7,2143,2,3,1,1
201320W048493,1,9,0,7,0,4,0,0,0,0,3,1,6,1,9,2987,2,7,-1,-1
201320W048493,2,9,0,18,0,3,0,0,0,0,1,1,6,1,5,1910,2,5,7,1
201320W048673,1,3,0,18,0,0,0,0,0,0,1,1,6,3,-1,-1,-1,-1,-1,-1
201320W048763,1,9,0,7,0,6,5,10,4,2,3,1,6,1,4,2204,2,10,6,1
201320W048763,2,9,0,18,0,8,0,10,4,0,4,1,6,1,6,2521,1,6,-1,-1
201320W049093,1,9,0,1,0,2,0,0,0,0,2,1,6,3,-1,1998,1,8,-1,-1
201320W049143,1,9,0,9,0,8,0,0,0,0,4,1,1,2,5,1796,1,5,2,1
201320W049143,2,9,0,18,8,8,0,0,0,0,1,1,6,1,-1,1598,1,12,-1,-1
201320W049153,1,9,0,13,0,1,0,0,0,0,4,1,6,1,6,1995,2,-1,3,1
201320W049153,2,1,0,9,0,1,0,0,0,0,4,1,6,1,6,-1,-1,-1,-1,-1
201320W049163,1,9,0,18,0,0,0,0,0,0,1,1,6,1,7,1598,1,8,2,1
201320W049183,1,1,0,18,0,0,0,0,0,0,1,1,6,1,2,-1,-1,-1,2,1
201320W049183,2,9,0,18,0,0,0,0,0,0,1,1,6,3,-1,-1,-1,-1,-1,-1
201320W049213,1,9,0,18,0,1,0,7,6,1,1,1,6,1,4,1598,1,8,10,1
201320W049213,2,9,0,18,0,1,0,0,0,0,3,1,6,1,5,1984,1,6,3,1
201320W049213,3,8,0,9,0,6,0,0,0,0,2,1,1,1,6,2378,1,9,1,1
201320W049253,1,9,0,12,0,2,1,0,4,7,2,1,6,1,7,1497,1,10,4,1
201320W049253,2,9,0,18,0,2,0,0,0,0,1,1,6,1,6,1769,7,12,1,1
201320W049273,1,9,0,18,0,0,0,0,0,0,1,1,6,3,-1,1988,1,13,-1,-1