Accident_Index,Vehicle_Reference,Vehicle_Type,Towing_and_Articulation,Vehicle_Manoeuvre,Vehicle_Location-Restricted_Lane,Junction_Location,Skidding_and_Overturning,Hit_Object_in_Carriageway,Vehicle_Leaving_Carriageway,Hit_Object_off_Carriageway,1st_Point_of_Impact,Was_Vehicle_Left_Hand_Drive?,Journey_Purpose_of_Driver,Sex_of_Driver,Age_Band_of_Driver,Engine_Capacity_(CC),Propulsion_Code,Age_of_Vehicle,Driver_IMD_Decile,Driver_Home_Area_Type
201320W049273,2,9,0,18,0,0,0,0,0,0,2,1,6,1,8,1975,1,11,1,1
201320W049293,1,8,0,9,0,5,0,0,0,0,1,1,1,1,7,1769,7,8,2,1
201320W049293,2,1,0,18,0,1,0,0,0,0,1,1,6,1,4,-1,-1,-1,1,1
201320W049303,1,9,0,18,0,4,0,0,2,7,2,1,6,1,7,1248,2,7,6,1
201320W049303,2,21,0,18,0,3,0,0,0,0,4,1,1,1,9,-1,-1,-1,1,1
201320W049333,1,8,0,5,0,1,0,0,0,0,1,1,1,1,6,1910,2,4,1,1
201320W049393,1,9,0,9,0,2,0,0,0,0,1,1,6,2,7,-1,-1,-1,1,1
201320W049453,1,9,0,7,0,6,0,0,0,0,1,1,6,2,6,1199,1,9,3,1
201320W049453,2,9,0,18,0,8,0,0,0,0,1,1,6,1,5,2362,7,9,1,1
201320W049463,1,9,0,9,0,5,0,0,0,0,1,1,1,1,7,1896,2,13,1,1
201320W049463,2,1,0,18,0,8,0,0,0,0,3,1,2,1,6,-1,-1,-1,10,2
201320W049913,1,9,0,3,0,1,0,0,0,0,1,1,6,1,-1,1896,2,8,-1,-1
201320W049913,2,9,0,3,0,1,0,0,0,0,2,1,1,2,6,796,1,15,1,1
201320W049933,1,9,0,9,0,8,0,0,0,0,1,1,6,2,4,1242,1,7,2,1
201320W049933,2,9,0,18,0,8,0,0,1,10,1,1,6,1,6,1910,2,3,6,1
201320W049943,1,9,0,18,0,1,0,0,0,0,4,1,2,2,7,-1,-1,-1,1,1
201320W049973,1,19,0,7,0,1,0,0,0,0,0,1,1,1,6,2148,2,7,3,1
201320W049973,2,3,0,18,2,1,2,10,1,10,1,1,2,2,5,125,1,2,1,1
201320W049993,1,9,0,9,0,8,0,0,0,0,1,1,6,2,7,2184,2,14,1,1
201320W049993,2,9,0,3,0,8,0,0,0,0,2,1,6,2,7,1296,1,6,1,1
201320W050073,1,19,0,7,0,1,0,0,0,0,1,1,6,2,-1,-1,-1,-1,-1,-1
201320W050073,2,9,0,7,0,1,0,0,0,0,2,1,6,2,8,1590,1,12,3,1
201320W050133,1,8,0,18,0,0,0,4,0,0,4,1,3,1,9,1995,2,8,1,1
201320W050133,2,19,0,2,9,0,0,0,0,0,3,1,6,3,-1,1598,2,2,-1,-1
201320W050193,1,9,0,18,0,0,0,10,1,2,1,1,1,1,-1,2982,2,2,10,1
201320W050233,1,9,0,9,0,5,0,0,0,0,1,1,6,1,6,1896,2,10,4,1
201320W050233,2,9,0,9,0,6,0,0,0,0,4,1,6,1,8,1596,1,6,2,1
201320W050263,1,9,0,18,0,1,0,0,0,0,1,1,6,1,-1,-1,-1,-1,-1,-1
201320W050263,2,9,0,3,0,1,0,0,0,0,2,1,6,2,7,1995,2,9,3,1
201320W050303,1,9,0,9,0,6,0,0,0,0,1,1,6,2,6,1968,2,5,4,1
201320W050303,2,9,0,18,0,8,0,10,1,10,4,1,6,2,11,1495,1,17,8,1
201320W050353,1,9,0,9,0,5,0,0,0,0,1,1,6,1,8,1560,2,6,1,1
201320W050403,1,8,0,5,0,0,0,0,0,0,0,1,1,1,-1,1997,2,8,-1,-1
201320W050593,1,9,0,7,0,8,0,0,1,2,1,1,2,1,4,1299,1,12,1,1
201320W050593,2,19,0,18,0,8,0,0,7,10,1,1,1,1,8,2198,2,-1,2,1
201320W051003,1,5,0,16,0,2,0,0,0,0,1,1,6,1,6,748,1,15,1,1
201320W051003,2,9,0,17,0,1,0,0,1,0,1,1,6,1,5,1242,1,4,1,1
201320W051073,1,9,0,4,0,1,0,0,0,0,1,1,6,1,4,1781,1,9,1,1
201320W051073,2,8,0,3,0,1,0,0,0,0,2,1,1,1,7,2499,2,5,1,1
201320W051073,3,9,0,3,0,1,0,0,0,0,2,1,1,1,-1,1896,2,9,1,1
201320W051273,1,9,0,18,0,1,0,0,0,0,1,1,1,1,7,1995,2,8,3,1
201320W051273,2,9,0,3,0,1,0,0,0,0,2,1,1,1,8,1299,1,5,6,1
201320W051323,1,9,0,8,0,4,0,0,0,0,1,1,6,1,-1,1598,1,9,1,1
201320W051323,2,9,0,18,0,8,0,0,0,0,2,1,6,1,6,1498,1,4,10,3
201320W051553,1,21,1,7,0,3,0,0,0,0,1,1,2,1,7,10808,2,10,5,1
201320W051553,2,9,0,18,0,3,0,0,7,1,3,1,6,1,6,998,1,10,1,1
201320W051893,1,20,0,18,0,2,0,8,0,0,4,1,6,3,-1,4250,2,-1,-1,-1
201320W051893,2,9,0,2,0,2,0,0,0,0,3,1,6,2,6,1560,2,6,1,1
201320W052343,1,9,0,18,0,2,0,0,0,0,1,1,6,2,6,1360,1,12,1,1
201320W052443,1,9,0,18,0,0,1,0,7,7,1,1,6,2,8,1796,1,12,8,1
201320W052503,1,9,0,18,0,1,0,0,0,0,0,1,6,3,-1,-1,-1,-1,-1,-1
201320W052503,2,11,0,5,0,8,0,0,0,0,0,1,1,1,6,7300,2,11,8,1
201320W052733,1,9,0,18,0,2,0,0,0,0,1,1,6,1,-1,-1,-1,-1,-1,-1
201320W052733,2,9,0,18,0,2,0,0,0,0,2,1,6,2,6,1995,2,5,1,1
201320W052933,1,9,0,18,0,1,1,0,0,0,1,1,6,2,6,1796,1,11,5,1
201320W052933,2,9,0,18,0,2,0,0,0,0,1,1,6,1,8,1560,2,1,4,1
201320W052933,3,9,0,18,0,1,1,0,0,0,1,1,6,1,10,2148,2,10,4,1
201320W052993,1,9,0,7,0,6,0,0,0,0,1,1,6,2,-1,-1,-1,-1,-1,-1
201320W052993,2,1,0,17,0,8,0,0,0,0,1,1,1,1,6,-1,-1,-1,2,1
201320W053013,1,9,0,5,0,8,0,0,0,0,1,1,6,1,-1,1796,7,9,-1,-1
201320W053013,2,1,0,18,0,8,0,0,0,0,4,1,6,1,6,-1,-1,-1,1,1
201320W053023,1,9,0,18,0,8,0,0,0,0,2,1,2,2,5,1587,1,9,2,1
201320W053023,2,9,0,18,0,6,0,0,0,0,1,1,2,1,-1,1995,2,10,2,1
201320W053033,1,3,0,12,0,8,0,0,0,0,3,1,6,1,6,1170,1,5,2,1
201320W053033,2,19,0,18,0,8,0,0,0,0,4,1,6,1,8,-1,-1,-1,4,1
201320W053093,1,11,0,5,2,0,0,0,0,0,1,1,1,1,10,6700,2,5,9,1
201320W053093,2,11,0,2,2,0,0,0,0,0,2,1,1,1,8,8268,2,9,1,1
201320W053113,1,9,0,5,0,8,0,0,0,0,1,1,6,3,-1,998,1,18,-1,-1
201320W053113,2,9,0,18,0,8,0,0,0,0,4,1,6,1,5,1686,2,-1,6,1
201320W053123,1,11,0,7,0,5,0,0,0,0,1,1,1,1,9,8268,2,12,1,1
201320W053133,1,3,0,18,4,8,0,0,0,0,1,1,1,1,5,124,1,-1,2,1
201320W053133,2,9,0,9,0,8,0,0,0,0,4,1,2,2,7,1422,2,6,2,1
201320W053253,1,8,0,18,0,3,0,0,0,0,0,1,1,1,7,2664,2,13,1,1
201320W053293,1,9,0,18,0,1,0,0,0,0,1,1,6,1,-1,1242,1,14,1,1
201320W053293,2,9,0,3,0,1,0,0,0,0,2,1,6,2,6,1398,1,2,2,1
201320W053493,1,9,0,18,0,8,0,0,0,0,1,1,6,3,-1,-1,-1,-1,-1,-1
201320W053493,2,11,0,18,0,8,0,0,0,0,0,1,1,2,7,7300,2,9,1,1
201320W053523,1,19,0,5,0,1,0,0,0,0,4,1,6,1,-1,2496,2,13,-1,-1
201320W053523,2,8,0,8,0,1,0,0,0,0,3,1,6,1,7,1896,2,13,5,1
201320W053673,1,9,0,18,0,2,0,0,0,0,1,1,6,3,-1,-1,-1,-1,-1,-1
201320W053683,1,9,0,18,0,8,0,0,0,0,4,1,3,2,6,998,1,11,2,1
201320W053683,2,9,0,9,0,8,0,0,0,0,1,1,1,1,6,1968,2,4,1,1
201320W053713,1,19,0,18,0,1,0,0,0,0,1,1,6,3,-1,1896,2,7,7,3
201320W053713,2,8,0,18,0,1,0,0,0,0,2,1,1,1,8,1910,2,8,5,1
201320W053913,1,9,0,9,0,6,0,0,0,0,2,1,6,1,8,1995,2,6,5,1
201320W053913,2,9,0,18,2,8,0,0,0,0,1,1,6,2,6,1968,2,4,1,1
201320W053923,1,11,0,5,0,0,0,0,0,0,1,1,1,1,8,4760,2,1,1,1
201320W053953,1,9,0,12,0,0,0,0,0,0,3,1,6,1,7,1560,2,-1,3,1
201320W053953,2,9,0,18,0,0,0,0,0,0,4,1,2,1,6,1461,2,6,4,1
201320W053953,3,9,0,3,0,0,0,0,0,0,2,1,6,1,8,1560,2,1,1,1
201320W053963,1,9,0,6,0,5,0,0,0,0,1,1,2,1,9,1390,1,12,6,1
201320W053963,2,3,0,18,2,8,0,0,0,0,3,1,2,1,4,-1,-1,-1,2,1
201320W054153,1,9,0,5,0,8,0,0,0,0,3,1,6,1,6,1995,1,4,3,1
201320W054153,2,1,0,18,0,8,0,0,0,0,1,1,6,1,7,-1,-1,-1,1,1
201320W054183,1,9,0,9,0,5,0,0,0,0,1,1,6,1,6,1399,2,4,7,1
201320W054183,2,11,0,5,0,8,0,0,0,0,4,1,1,1,7,12000,2,4,1,1
201320W054203,1,9,0,18,0,4,0,0,0,0,3,1,1,1,7,1995,2,1,6,3
201320W054203,2,1,0,18,0,8,0,0,0,0,1,1,6,1,8,-1,-1,-1,2,1
201320W054223,1,19,0,7,0,5,0,0,0,0,4,1,6,1,8,2143,2,1,8,1
201320W054223,2,1,0,18,0,8,0,0,0,0,1,1,6,1,6,-1,-1,-1,1,1
201320W054233,1,9,0,7,0,5,0,0,0,0,1,1,6,1,4,2148,2,4,5,1
201320W054243,1,9,0,17,0,4,0,0,0,0,1,1,2,1,6,1560,2,8,-1,-1
201320W054243,2,1,0,17,0,4,0,0,0,0,2,1,2,1,6,-1,-1,-1,4,1
201320W054253,1,90,0,2,0,2,0,0,0,0,0,1,1,1,6,4764,2,-1,4,1
201320W054273,1,5,0,18,0,1,1,0,0,0,3,1,6,1,-1,645,1,7,1,1
201320W054273,2,9,0,5,0,6,0,0,0,0,0,1,6,3,-1,-1,-1,-1,-1,-1
201320W054363,1,9,0,18,0,8,0,0,1,0,1,1,6,1,6,-1,-1,-1,1,1
201320W054363,2,9,0,9,0,8,0,0,0,0,4,1,6,1,7,2148,2,10,3,1
201320W054453,1,9,0,18,0,8,0,0,0,0,4,1,6,2,6,998,1,11,1,1
201320W054453,2,9,0,18,0,8,0,0,1,1,1,1,6,1,5,1984,1,10,1,1
201320W054503,1,9,0,18,0,8,0,0,0,0,1,1,6,1,-1,-1,-1,-1,-1,-1
201320W054503,2,9,0,18,0,8,0,0,0,0,1,1,1,1,6,1299,1,11,7,1
201320W054503,3,9,0,18,0,8,0,0,0,0,1,1,1,1,-1,-1,-1,-1,-1,-1
201320W054583,1,9,0,18,0,0,0,0,0,0,1,1,6,1,9,1242,1,9,4,1
201320W054713,1,9,0,4,0,0,0,0,0,0,1,1,2,2,7,1598,1,7,-1,-1
201320W054773,1,1,0,18,0,8,0,0,0,0,1,1,2,1,8,-1,-1,-1,2,1
201320W054773,2,9,0,18,0,8,0,0,0,0,3,1,6,1,6,-1,-1,-1,4,1
201320W054803,1,9,0,18,0,8,0,0,4,0,1,1,6,1,5,998,1,-1,4,1
201320W054803,2,9,0,5,0,8,0,0,0,0,1,1,6,1,6,1422,2,5,4,1
201320W054903,1,9,0,18,0,8,0,0,0,0,1,1,1,1,8,1910,2,7,4,1
201320W054963,1,9,0,18,0,0,0,0,0,0,1,1,6,1,-1,1086,1,9,-1,-1
201320W055253,1,9,0,11,0,1,0,0,0,0,0,1,6,3,-1,1242,1,10,-1,-1
201320W055253,2,4,0,18,0,1,1,0,0,0,0,1,1,1,5,124,1,-1,2,1
201320W055323,1,9,0,18,0,8,0,0,0,0,1,1,2,1,6,1998,2,8,1,1
201320W055323,2,9,0,18,0,8,0,0,7,10,4,1,2,1,7,2497,1,12,3,1
201320W055323,3,9,0,2,0,1,0,0,0,0,3,1,6,3,-1,1968,2,4,-1,-1
201320W055613,1,8,0,18,0,8,0,0,0,0,1,1,1,1,7,1968,2,6,1,1
201320W055613,2,9,0,18,0,8,0,0,0,0,3,1,6,2,7,2204,2,5,8,1
201320W055683,1,9,0,5,0,6,0,0,0,0,1,1,6,1,-1,1391,1,12,-1,-1
201320W055683,2,19,0,18,0,8,0,0,0,0,4,1,6,1,11,1753,2,8,8,1
201320W055693,1,8,0,1,9,0,0,0,0,0,2,1,6,1,-1,1391,1,17,-1,-1
201320W055713,1,9,0,18,0,8,0,0,0,0,1,1,1,1,5,1242,1,11,1,1
201320W055713,2,9,0,18,0,8,0,0,0,0,1,1,3,2,8,1896,2,11,1,1
201320W055723,1,3,0,9,0,3,0,0,0,0,3,1,6,1,4,125,1,-1,1,1
201320W055723,2,9,0,18,0,3,0,0,0,0,4,1,1,1,8,1360,1,1,8,1
201320W055733,1,9,0,17,0,0,1,4,0,0,1,1,6,3,-1,1910,2,6,-1,-1
201320W055733,2,8,0,2,0,0,0,0,0,0,3,1,1,1,7,2499,2,5,4,1
201320W055733,3,8,0,2,0,0,0,0,0,0,2,1,1,1,8,2496,2,16,2,1
201320W056033,1,19,0,14,0,1,0,0,0,0,4,1,6,1,-1,-1,-1,-1,-1,-1
201320W056043,1,9,0,5,0,1,0,0,0,0,3,1,6,1,7,1389,1,8,-1,-1
201320W056043,2,3,0,18,0,1,0,0,0,0,1,1,6,1,4,124,1,6,4,1
201320W056053,1,9,0,4,0,1,0,0,0,0,1,1,6,1,5,999,1,1,1,1
201320W056053,2,9,0,3,0,1,0,0,0,0,2,1,6,1,6,1360,1,7,2,1
201320W056083,1,9,0,18,0,1,0,0,0,0,1,1,6,1,7,-1,-1,-1,-1,-1
201320W056083,2,9,0,3,0,1,0,0,0,0,2,1,6,2,7,1995,2,6,10,1
201320W056083,3,9,0,3,0,1,0,0,0,0,2,1,6,1,6,1364,1,5,4,1
201320W056083,4,9,0,3,0,1,0,0,0,0,2,1,6,1,6,3200,1,7,7,1
201320W056093,1,8,0,1,0,2,0,0,0,0,2,1,1,1,7,1997,2,4,3,1
201320W056103,1,9,0,16,0,8,0,0,0,0,1,1,2,1,6,1896,2,4,4,1
201320W056103,2,9,0,17,0,8,0,0,0,0,1,1,1,1,6,1956,2,1,-1,-1
201320W056163,1,9,0,18,0,1,0,0,0,0,4,1,6,2,6,998,1,7,4,1
201320W056283,1,9,0,9,0,8,0,0,0,0,1,1,2,2,6,1149,1,2,2,1
201320W056283,2,1,0,18,0,8,0,0,0,0,4,1,6,1,5,-1,-1,-1,2,1
201320W056313,1,9,0,5,0,4,1,10,7,3,1,1,6,2,9,998,1,-1,10,1
201320W056333,1,9,0,5,0,2,0,0,0,0,3,1,6,3,-1,-1,-1,-1,-1,-1
201320W056343,1,9,0,18,0,2,0,0,0,0,1,1,2,1,-1,2993,2,10,10,1
201320W056343,2,9,0,18,0,2,0,0,0,0,2,1,2,2,6,1360,1,4,1,1
201320W056373,1,19,0,9,0,6,0,0,0,0,1,1,6,1,-1,2148,2,5,-1,-1
201320W056373,2,1,0,18,0,8,0,0,0,0,4,1,2,1,9,-1,-1,-1,7,1
201320W056523,1,9,0,18,0,2,0,4,7,0,1,1,6,1,5,1910,2,9,1,1
201320W056523,2,9,0,18,0,1,0,0,0,0,1,1,6,1,6,998,1,11,1,1
201320W056523,3,9,0,2,9,2,0,0,0,0,2,1,6,3,-1,2171,2,10,-1,-1
201320W056533,1,9,0,4,0,8,0,0,0,0,0,1,6,1,-1,1796,1,13,-1,-1
201320W056533,2,9,0,4,0,8,0,0,0,0,1,1,1,1,-1,1956,2,1,-1,-1
201320W056723,1,19,0,18,0,3,0,0,0,0,1,1,1,1,8,1461,2,7,6,1
201320W056803,1,9,0,18,0,0,0,0,0,0,1,1,6,1,6,-1,-1,-1,-1,-1
201320W056803,2,3,0,18,0,0,0,0,0,0,2,1,2,1,9,125,1,4,-1,-1
201320W056803,3,9,0,18,0,0,0,0,0,0,2,1,2,1,8,1968,2,2,5,1
201320W056803,4,9,0,3,0,0,0,0,0,0,3,1,2,1,5,-1,-1,-1,4,1
201320W056823,1,9,0,18,0,0,0,0,0,0,1,1,6,3,-1,-1,-1,-1,-1,-1
201320W056833,1,19,0,3,0,3,0,0,0,0,1,1,6,3,-1,-1,-1,-1,-1,-1
201320W056833,2,9,0,3,0,3,0,0,1,0,2,1,6,2,4,1388,1,8,1,1
201320W056883,1,9,0,4,0,0,0,0,0,0,1,1,2,2,7,1796,1,13,1,1
201320W056883,2,9,0,4,0,0,0,0,0,0,2,1,2,1,8,-1,-1,-1,2,1
201320W056883,3,9,0,4,0,0,0,0,0,0,2,1,2,2,6,1390,1,3,7,1
201320W056903,1,9,0,18,0,2,0,0,0,0,1,1,6,1,-1,1461,2,7,-1,-1
201320W056903,2,9,0,3,0,2,0,0,0,0,2,1,1,1,8,1951,2,10,5,1
201320W057003,1,19,0,18,0,1,0,0,0,0,1,1,1,1,6,2299,2,-1,-1,-1
201320W057003,2,9,0,10,0,1,0,0,0,0,2,1,2,2,-1,1995,2,6,4,1
201320W057073,1,9,0,18,0,6,0,0,1,10,3,1,2,1,6,1997,2,-1,5,1
201320W057073,2,9,0,18,0,8,0,0,0,0,1,1,6,1,5,1124,1,15,6,3
201320W057083,1,9,0,18,0,8,0,4,0,0,1,1,6,1,6,1598,1,5,1,1
201320W057083,2,9,0,8,0,8,0,0,0,0,1,1,6,2,9,1386,1,4,7,1
201320W057083,3,9,0,3,0,1,0,0,0,0,3,1,6,2,8,4608,1,7,2,1
201320W057083,4,9,0,2,0,1,0,0,0,0,2,1,6,3,-1,1997,2,2,-1,-1
201320W057133,1,9,0,9,0,1,0,0,0,0,3,1,6,2,-1,-1,-1,-1,-1,-1
201320W057133,2,3,0,18,0,1,0,0,0,0,1,1,6,1,6,100,1,15,2,1
201320W057483,1,9,0,4,0,1,0,0,0,0,1,1,6,1,6,1332,1,17,1,1
201320W057483,2,9,0,3,0,1,0,0,0,0,2,1,1,1,7,1598,1,8,5,1
201320W057793,1,9,0,17,0,0,0,0,1,4,1,1,6,1,7,1997,1,9,1,1
201320W058173,1,20,0,12,0,8,0,0,0,0,1,1,6,1,-1,-1,-1,-1,-1,-1
201320W058173,2,9,0,18,0,8,0,0,0,0,4,1,6,2,6,1341,1,14,1,1
201320W058463,1,8,0,18,0,8,0,0,1,10,1,1,1,1,7,1794,1,6,1,1
201320W058463,2,9,0,9,0,8,0,0,0,0,1,1,1,2,9,1368,1,1,7,1
201320W058513,1,9,0,1,0,2,0,4,0,0,2,1,6,1,9,-1,-1,-1,-1,-1
201320W058513,2,9,0,2,0,2,0,0,0,0,2,1,3,1,8,2184,2,14,1,1
201320W058533,1,9,0,6,0,0,0,0,0,0,1,1,6,2,5,1360,1,6,2,1
201320W058533,2,9,0,6,0,0,0,0,0,0,2,1,6,1,4,1598,1,7,4,1
201320W058703,1,9,0,5,0,6,0,0,0,0,1,1,6,2,9,1896,2,16,5,1
201320W058703,2,9,0,18,0,8,0,0,4,0,4,1,6,1,7,1598,1,8,-1,-1
201320W058783,1,9,0,5,0,8,0,0,0,0,1,1,6,1,8,1995,2,6,3,1
201320W058783,2,9,0,3,0,8,0,0,0,0,2,1,6,2,5,1339,1,10,3,1
201320W058793,1,1,0,11,0,8,0,0,0,0,4,1,2,1,7,-1,-1,-1,2,1
201320W058793,2,9,0,18,0,4,0,0,0,0,1,1,6,3,-1,1598,1,14,-1,-1
201320W058913,1,9,0,18,0,8,0,0,0,0,3,1,6,3,-1,-1,-1,-1,-1,-1
201320W058923,1,19,0,12,0,0,0,0,0,0,1,1,1,1,5,1560,2,1,6,1
201320W058923,2,9,0,11,0,0,0,0,0,0,4,1,1,1,8,3059,2,17,7,1
201320W058923,3,1,0,18,0,0,0,0,0,0,2,1,1,1,7,-1,-1,-1,5,1
201320W058943,1,19,0,9,0,8,0,0,0,0,3,1,6,1,-1,-1,-1,-1,-1,-1
201320W058943,2,9,0,9,0,8,0,0,0,0,4,1,6,2,7,1596,1,12,4,1
201320W059023,1,9,0,18,0,1,0,0,0,0,1,1,6,1,-1,1598,1,11,-1,-1
201320W059023,2,9,0,8,0,1,0,0,0,0,2,1,6,1,7,1984,1,12,2,1
201320W059053,1,9,0,18,0,0,0,0,0,0,1,1,6,2,6,1995,2,8,8,1
201320W059053,2,4,0,18,0,0,0,0,0,0,1,1,6,1,6,499,1,6,5,1
201320W059053,3,9,0,18,0,0,0,0,0,0,2,1,6,2,4,999,1,2,3,1
201320W059063,1,10,0,9,0,6,0,0,0,0,4,1,6,1,7,-1,-1,-1,1,1
201320W059063,2,3,0,18,0,8,0,4,0,0,1,1,2,1,4,124,1,1,2,1
201320W059273,1,9,0,18,0,1,0,0,0,0,1,1,6,1,5,1199,1,10,8,1
201320W059273,2,9,0,3,0,1,0,0,0,0,2,1,2,2,5,1598,1,1,6,1
201320W059283,1,9,0,7,0,8,0,0,0,0,3,1,2,1,8,1598,1,11,4,1
201320W059283,2,8,0,18,0,8,0,0,0,0,4,1,1,1,6,1968,2,8,2,1
201320W059533,1,9,0,18,0,8,0,7,3,6,1,1,6,1,4,1198,1,11,4,1
201320W059533,2,9,0,5,0,8,0,0,0,0,1,1,6,1,6,1986,2,8,3,1
201320W059543,1,3,0,17,0,3,0,0,0,0,1,1,6,1,4,124,1,10,6,1
201320W059543,2,9,0,5,0,4,0,0,0,0,3,1,6,1,-1,-1,-1,-1,-1,-1
201320W059643,1,11,0,4,0,0,0,0,0,0,0,1,6,1,-1,-1,-1,-1,-1,-1
201320W059663,1,9,0,18,0,4,0,0,0,0,1,1,6,1,8,1997,2,13,4,1
201320W059663,2,3,0,18,0,8,0,0,0,0,1,1,6,1,7,125,1,3,1,1
201320W059673,1,19,0,18,0,3,0,0,0,0,1,1,1,1,7,1995,2,2,8,1
201320W059673,2,9,0,18,0,3,0,0,0,0,2,1,1,1,6,1968,2,4,2,1
201320W059693,1,5,0,18,0,0,1,0,0,0,0,1,1,1,5,1157,1,13,3,1
201320W059693,2,9,0,11,0,0,0,0,0,0,0,1,6,3,-1,-1,-1,-1,-1,-1
201320W059703,1,9,0,18,0,1,0,0,0,0,3,1,6,1,8,1995,2,2,5,1
201320W059703,2,9,0,4,0,8,0,0,0,0,4,1,6,1,6,2204,2,4,-1,3
201320W059723,1,9,0,18,0,4,0,9,0,0,1,1,6,1,11,-1,-1,-1,8,1
201320W059733,1,9,0,4,0,1,0,0,0,0,1,1,6,1,7,1598,1,13,1,1
201320W059733,2,9,0,8,0,1,0,0,0,0,2,1,6,1,9,1390,1,12,1,1
201320W060003,1,9,0,18,0,0,1,0,1,10,1,1,6,1,5,2261,1,6,3,1
201320W060133,1,9,0,9,0,1,0,0,0,0,4,1,1,2,7,1796,1,6,1,1
201320W060143,1,9,0,18,0,8,0,0,0,0,1,1,6,2,5,1796,1,4,6,1
201320W060143,2,19,0,18,0,8,0,0,0,0,2,1,1,1,8,2151,2,11,5,1
201320W060173,1,9,0,18,0,1,0,0,0,0,1,1,6,2,9,1248,1,-1,3,1
201320W060263,1,9,0,5,9,1,0,10,7,10,1,1,6,1,8,1248,2,6,4,1
201320W060683,1,9,0,18,0,2,0,10,0,0,1,1,6,2,10,1242,1,11,9,1
201320W060683,2,9,0,18,0,1,0,0,0,0,1,1,6,1,-1,1199,1,10,-1,-1
201320W060873,1,9,0,18,0,0,0,0,0,0,1,1,6,1,4,1149,1,12,-1,-1
201320W060873,2,9,0,18,0,0,0,0,0,0,4,1,6,1,8,2987,2,4,2,1
201320W060873,3,9,0,18,0,0,0,0,0,0,4,1,6,1,7,-1,-1,-1,1,1
201320W060953,1,9,0,5,0,4,0,0,0,0,1,1,6,1,-1,-1,-1,-1,-1,-1
201320W060953,2,5,0,18,0,8,0,0,0,0,4,1,6,1,8,124,1,1,1,1
201320W061233,1,9,0,18,0,3,0,0,0,0,2,1,6,1,-1,1769,1,9,5,1
201320W061233,2,9,0,18,0,3,0,0,0,0,1,1,6,1,6,2354,1,8,1,1
201320W061313,1,19,0,1,0,2,0,0,0,0,2,1,6,1,-1,1998,2,8,-1,-1
201320W061443,1,9,0,18,2,8,0,0,0,0,1,1,6,1,5,1596,1,8,1,1
201320W061443,2,19,0,9,0,5,0,0,0,0,4,1,1,1,5,2402,2,4,7,1
201320W061473,1,9,0,5,0,4,0,0,0,0,3,1,2,1,7,1968,2,2,7,1
201320W061473,2,1,0,18,0,3,0,0,0,0,1,1,2,1,7,-1,-1,-1,5,1
201320W061603,1,9,0,18,0,0,0,0,0,0,1,1,6,1,8,1910,2,7,5,1
201320W061613,1,9,0,7,0,5,0,0,0,0,4,1,6,1,9,1598,1,2,1,1
201320W061613,2,3,0,18,2,1,5,0,0,0,1,1,6,1,6,125,1,4,1,1
201320W061723,1,11,0,6,0,0,0,0,0,0,0,1,1,1,10,9000,2,4,1,1
201320W061893,1,5,0,18,0,0,1,0,0,0,1,1,1,1,5,647,1,5,1,1
201320W061913,1,9,0,5,0,8,0,0,0,0,4,1,3,1,8,1392,1,14,1,1
201320W061913,2,3,0,18,0,8,0,0,0,0,1,1,2,1,7,124,1,-1,1,1
201320W061933,1,11,0,5,0,2,0,0,0,0,1,1,1,2,7,9000,2,3,2,1
201320W061953,1,9,0,5,0,8,0,0,0,0,1,1,6,1,7,1598,1,11,1,1
201320W061953,2,1,0,16,0,3,0,0,0,0,4,1,6,2,5,-1,-1,-1,5,1
201320W061963,1,9,0,9,0,8,0,0,0,0,1,1,3,1,7,1995,2,13,1,1
201320W061963,2,9,0,18,0,8,0,0,0,0,1,1,1,1,9,1796,1,4,1,1
201320W061983,1,9,0,18,0,2,0,0,0,0,2,1,6,3,-1,1968,2,3,-1,-1
201320W061983,2,1,0,18,0,2,0,0,0,0,1,1,6,1,7,-1,-1,-1,1,1
201320W062003,1,9,0,18,0,0,0,0,0,0,4,1,6,1,6,-1,-1,-1,9,1
201320W062373,1,9,0,1,0,1,0,0,0,0,2,1,6,1,-1,-1,-1,-1,-1,-1
201320W062373,2,9,0,8,0,1,0,0,0,0,1,1,6,2,5,-1,-1,-1,1,1
201320W062453,1,8,0,18,0,0,0,0,0,0,1,1,1,1,-1,1997,2,8,-1,-1
201320W062453,2,8,0,3,0,0,0,0,0,0,2,1,1,1,7,1794,7,9,1,1
201320W062463,1,9,0,18,0,0,0,0,0,0,2,1,6,1,8,1769,1,12,3,1
201320W062463,2,20,0,18,0,0,0,0,0,0,1,1,6,1,-1,-1,-1,-1,-1,-1
201320W062483,1,9,0,18,0,2,0,10,0,0,1,1,6,1,6,1199,1,12,3,1
201320W062483,2,9,0,18,0,1,0,0,0,0,1,1,6,2,6,1596,1,9,4,1
201320W062513,1,9,0,18,0,3,0,0,0,0,1,1,2,1,6,1360,1,8,1,1
201320W062523,1,9,0,18,0,0,0,0,0,0,1,1,6,1,8,1299,1,7,5,1
201320W062523,2,9,0,3,0,0,0,0,0,0,2,1,6,2,7,1199,1,11,5,1
201320W062523,3,9,0,3,0,0,0,0,0,0,2,1,6,2,6,-1,-1,-1,4,1