Accident_Index,Vehicle_Reference,Vehicle_Type,Towing_and_Articulation,Vehicle_Manoeuvre,Vehicle_Location-Restricted_Lane,Junction_Location,Skidding_and_Overturning,Hit_Object_in_Carriageway,Vehicle_Leaving_Carriageway,Hit_Object_off_Carriageway,1st_Point_of_Impact,Was_Vehicle_Left_Hand_Drive?,Journey_Purpose_of_Driver,Sex_of_Driver,Age_Band_of_Driver,Engine_Capacity_(CC),Propulsion_Code,Age_of_Vehicle,Driver_IMD_Decile,Driver_Home_Area_Type
201320W062633,1,8,0,18,0,3,0,0,0,0,3,1,1,2,9,1896,2,8,5,3
201320W062633,2,1,0,18,0,3,0,0,0,0,1,1,6,2,6,-1,-1,-1,5,1
201320W062723,1,9,0,18,0,0,0,0,0,0,1,1,6,1,5,1198,1,8,3,1
201320W062723,2,9,0,18,0,0,0,0,0,0,0,1,6,1,4,2000,2,5,-1,-1
201320W062733,1,19,0,16,0,2,0,0,0,0,1,1,1,1,5,1248,2,8,1,1
201320W062733,2,8,0,17,0,1,0,0,0,0,1,1,1,1,7,1975,1,7,1,1
201320W062743,1,19,0,5,0,1,0,0,0,0,1,1,1,1,5,2402,2,6,1,1
201320W062743,2,9,0,3,0,1,0,0,0,0,2,1,6,2,6,1781,1,8,6,1
201320W062903,1,9,0,5,0,1,0,0,0,0,3,1,2,1,7,1590,1,8,1,1
201320W062913,1,9,0,18,0,2,0,0,0,0,1,1,1,1,8,1386,1,6,3,1
201320W062933,1,9,0,18,0,8,0,0,0,0,2,1,6,1,7,1598,1,11,1,1
201320W062933,2,9,0,18,0,8,0,0,0,0,1,1,6,1,-1,1796,1,11,-1,-1
201320W063013,1,9,0,14,0,2,0,4,0,0,1,1,6,1,6,1910,2,5,6,1
201320W063013,2,9,0,2,0,2,0,0,1,0,2,1,1,1,8,1968,2,6,3,1
201320W063063,1,9,0,3,0,1,0,0,0,0,2,1,2,2,7,2993,2,5,9,1
201320W063063,2,9,0,3,0,1,0,0,0,0,1,1,2,1,8,1968,2,1,1,1
201320W063073,1,9,0,18,0,0,0,0,0,0,1,1,6,2,4,1595,1,4,-1,-1
201320W063133,1,9,0,11,0,0,0,0,0,0,1,1,6,2,5,1388,1,9,4,1
201320W063133,2,9,0,3,0,0,0,0,0,0,2,1,6,2,5,-1,-1,-1,9,1
201320W063143,1,9,0,3,0,4,0,0,0,0,2,1,6,2,7,1598,1,10,8,1
201320W063143,2,9,0,18,0,8,0,0,0,0,1,1,6,2,-1,1124,1,8,1,1
201320W063433,1,9,0,4,0,0,0,0,0,0,1,1,6,2,6,1086,1,9,1,1
201320W063433,2,19,0,18,0,0,0,0,0,0,1,1,6,1,-1,2874,2,14,-1,-1
201320W063493,1,9,0,5,0,8,0,0,1,2,1,1,6,2,5,1198,1,10,5,1
201320W063493,2,9,0,18,0,8,0,0,0,0,3,1,6,1,10,1299,1,10,3,1
201320W063583,1,9,0,9,0,2,0,0,0,0,1,1,6,1,6,1242,1,11,1,1
201320W063603,1,9,0,18,0,1,0,0,0,0,1,1,6,2,8,1587,1,13,3,1
201320W063603,2,9,0,10,0,1,0,0,0,0,2,1,6,1,9,1390,1,-1,5,1
201320W063673,1,1,0,7,0,5,0,0,0,0,1,1,1,1,7,-1,-1,-1,1,1
201320W063673,2,8,0,7,0,5,0,0,0,0,2,1,6,3,-1,1997,2,10,-1,-1
201320W063853,1,9,0,18,0,8,0,0,0,0,1,1,6,2,9,1364,1,4,5,1
201320W063853,2,9,0,18,0,8,0,0,0,0,1,1,6,1,8,-1,-1,-1,1,1
201320W063883,1,9,0,9,0,8,0,0,0,0,1,1,6,1,6,1968,2,6,10,1
201320W063883,2,9,0,9,0,8,0,0,0,0,4,1,1,1,7,1248,2,5,-1,-1
201320W063923,1,11,0,18,0,3,0,0,0,0,0,1,1,1,8,9360,2,2,-1,1
201320W064073,1,9,0,18,0,0,0,0,0,0,1,1,6,3,-1,-1,-1,-1,-1,-1
201320W064093,1,9,0,18,0,1,1,7,7,0,1,1,6,1,11,1596,1,6,5,1
201320W064093,2,9,0,3,0,1,0,0,0,0,3,1,6,1,8,1900,2,8,7,1
201320W064093,3,9,0,9,0,8,1,0,0,0,4,1,6,1,10,1896,2,12,4,1
201320W064103,1,1,0,18,0,8,0,0,0,0,2,1,6,1,6,-1,-1,-1,1,1
201320W064103,2,9,0,18,0,8,0,0,0,0,2,1,6,3,-1,-1,-1,-1,-1,-1
201320W064123,1,9,0,5,0,1,0,0,0,0,1,1,6,1,6,1600,1,9,-1,-1
201320W064123,2,9,0,7,0,1,0,0,0,0,2,1,6,2,6,1598,2,-1,5,1
201320W064133,1,8,0,5,0,2,0,0,0,0,0,1,6,1,-1,-1,-1,-1,-1,-1
201320W064143,1,9,0,4,0,2,0,0,0,0,1,1,6,2,6,998,1,9,2,1
201320W064153,1,9,0,18,0,4,0,0,0,0,1,1,6,1,6,1999,1,7,5,1
201320W064153,2,3,0,18,0,3,0,0,0,0,4,1,6,1,4,125,1,12,2,1
201320W064183,1,19,0,18,0,0,1,0,0,0,1,1,6,1,7,2800,2,7,1,1
201320W064183,2,9,0,3,0,0,0,0,0,0,2,1,6,1,6,-1,-1,-1,3,1
201320W064183,3,9,0,3,0,0,0,0,0,0,2,1,6,3,-1,2993,2,8,-1,-1
201320W064223,1,20,0,18,0,0,0,4,0,0,4,1,6,3,-1,12913,2,6,-1,-1
201320W064223,2,9,0,2,0,0,0,0,0,0,3,1,6,2,8,2099,2,6,-1,-1
201320W064243,1,9,0,18,0,2,1,10,7,10,1,1,6,1,6,-1,-1,-1,2,1
201320W064283,1,9,0,5,0,8,0,0,0,0,1,1,6,1,4,1199,1,10,6,1
201320W064283,2,9,0,18,0,6,0,0,0,0,1,1,6,1,5,1753,2,14,-1,-1
201320W064293,1,9,0,9,0,2,0,0,0,0,3,1,1,1,6,2295,1,13,1,1
201320W064343,1,9,0,18,0,1,0,0,0,0,1,1,6,1,7,1360,1,8,5,1
201320W064403,1,9,0,18,0,4,0,0,0,0,1,1,6,1,6,1896,2,8,1,1
201320W064403,2,1,0,16,0,3,0,0,0,0,3,1,1,1,7,-1,-1,-1,7,1
201320W064423,1,9,0,18,0,1,0,0,0,0,1,1,2,1,5,1796,1,7,1,1
201320W064653,1,8,0,9,0,6,0,0,0,0,1,1,6,1,-1,1995,2,6,-1,-1
201320W064693,1,9,0,11,0,2,0,0,0,0,4,1,6,2,7,998,1,12,2,1
201320W064693,2,9,0,7,0,6,0,0,0,0,3,1,6,2,7,1968,2,5,2,1
201320W500023,1,9,0,5,0,4,1,9,3,10,1,1,6,1,5,1242,1,13,4,1
201320W500033,1,9,0,9,0,5,0,0,0,0,1,1,1,1,7,1870,2,9,6,3
201320W500043,1,9,0,18,0,4,0,9,3,10,1,1,6,1,5,1422,2,9,1,1
201320W500073,1,9,0,4,0,1,0,0,0,0,4,1,2,1,8,1296,1,7,3,1
201320W500093,1,9,0,1,0,0,0,0,0,0,2,1,6,1,-1,1997,2,4,-1,-1
201320W500163,1,9,0,7,0,2,0,0,0,0,4,1,6,1,-1,-1,-1,-1,-1,-1
201320W500773,1,9,0,18,0,1,0,0,0,0,1,1,2,1,6,1598,1,8,2,1
201320W500773,2,9,0,3,0,1,0,0,0,0,2,1,2,1,7,1910,2,5,1,1
201320W500793,1,9,0,5,0,6,0,0,0,0,1,1,6,1,-1,-1,-1,-1,-1,-1
201320W501073,1,9,0,18,0,4,0,0,0,0,1,1,6,1,6,2184,2,12,1,1
201320W501073,2,9,0,16,0,3,0,0,1,2,4,1,2,2,7,1598,1,13,3,1
201320W501233,1,9,0,18,0,1,0,0,0,0,1,1,6,1,-1,1798,1,4,-1,-1
201320W501233,2,8,0,7,0,1,0,0,0,0,2,1,1,1,7,1995,2,7,2,1
201320W501243,1,8,0,5,8,0,0,0,0,0,0,1,1,1,-1,1896,2,7,-1,-1
201320W501303,1,9,0,18,0,8,0,0,0,0,3,1,1,1,10,2171,2,13,1,1
201320W501303,2,9,0,7,0,6,0,0,0,0,1,1,1,2,6,1229,1,-1,-1,-1
201320W501313,1,9,0,18,0,8,0,0,0,0,1,1,6,1,7,1390,1,12,1,1
201320W501313,2,9,0,18,0,8,0,0,1,2,3,1,6,1,7,1895,1,14,1,1
201320W501413,1,9,0,18,0,2,0,0,0,0,1,1,1,1,8,1769,1,8,2,1
201320W501633,1,9,0,11,0,0,0,0,0,0,2,1,6,1,4,1398,1,1,1,1
201320W501633,2,9,0,18,0,0,0,0,0,0,1,1,6,2,-1,1997,2,3,8,1
201320W501813,1,9,0,7,0,6,0,0,0,0,2,1,6,1,5,995,1,9,1,1
201320W501813,2,3,0,18,0,2,0,0,0,0,1,1,6,1,5,124,1,-1,1,1
201320W501823,1,9,0,18,0,8,0,0,0,0,1,1,6,1,-1,1242,1,16,-1,-1
201320W501823,2,9,0,9,9,6,0,0,0,0,1,1,6,1,7,1198,1,7,1,1
201320W501843,1,9,0,18,0,0,0,0,0,0,1,1,6,1,10,1796,1,13,1,1
201320W501983,1,9,0,17,0,4,0,0,0,0,3,1,2,1,9,1896,2,12,1,1
201320W501983,2,1,0,18,0,8,0,0,0,0,1,1,2,1,7,-1,-1,-1,2,1
201320W502013,1,9,0,18,0,1,0,0,0,0,1,1,6,1,-1,998,1,14,-1,-1
201320W502013,2,9,0,3,0,1,0,0,0,0,2,1,6,2,6,1762,1,15,2,1
201320W502023,1,9,0,18,0,2,0,0,0,0,1,1,6,1,-1,2000,1,10,-1,-1
201320W502023,2,9,0,18,0,2,0,0,0,0,2,1,1,1,6,1388,1,11,1,1
201320W502153,1,9,0,18,0,0,0,7,0,0,1,1,6,2,11,1299,1,5,3,1
201320W502413,1,9,0,18,0,1,0,0,0,0,1,1,1,2,5,1956,2,1,3,1
201320W502413,2,9,0,3,0,1,0,0,0,0,2,1,6,1,7,1794,1,8,1,1
201320W503393,1,9,0,18,0,8,0,0,0,0,4,1,6,1,5,2987,2,7,-1,-1
201320W503393,2,9,0,1,3,8,0,0,0,0,3,1,6,1,-1,-1,-1,-1,-1,-1
201320W505713,1,9,0,18,0,0,0,0,0,0,0,1,6,3,-1,-1,-1,-1,-1,-1
201320W505713,2,11,0,18,0,0,0,0,0,0,0,1,1,1,9,11967,2,14,1,1
201320W506693,1,9,0,1,0,1,0,0,0,0,2,1,6,1,6,-1,-1,-1,-1,-1
201320W514643,1,9,0,3,0,1,0,0,0,0,2,1,6,2,5,1390,1,12,1,1
201320W514643,2,9,0,4,0,1,0,0,0,0,1,1,6,2,-1,1229,1,-1,-1,-1
201320W600383,1,9,0,17,0,0,5,0,1,2,1,1,6,1,6,1360,1,14,2,1
201320W600383,2,9,0,2,9,0,0,0,0,0,3,1,6,3,-1,1390,1,8,-1,-1
201320W600383,3,9,0,2,9,0,0,0,0,0,2,1,6,2,6,1199,1,12,4,1
201320W606223,1,9,0,18,0,1,0,0,0,0,4,1,6,1,6,2000,1,8,-1,-1
201320W615033,1,9,0,9,0,6,0,0,0,0,1,1,6,1,-1,1242,1,15,2,1
201320W615033,2,8,0,3,0,2,0,0,0,0,2,1,1,1,7,1896,2,8,1,1
201320W616063,1,9,0,5,0,4,0,0,0,0,1,1,1,1,-1,-1,-1,-1,-1,-1
201320W616063,2,9,0,5,0,3,0,0,0,0,4,1,1,1,8,1995,2,-1,1,1
201320Z000053,1,21,1,12,0,0,0,0,0,0,3,2,1,1,8,-1,-1,-1,-1,-1
201320Z000053,2,9,0,13,0,0,0,0,2,7,4,1,6,1,9,1560,2,6,8,2
201320Z000133,1,9,0,13,0,0,1,7,0,0,1,1,2,2,5,1390,1,8,6,1
201320Z000133,2,9,0,18,0,0,0,0,0,0,2,1,2,1,7,1956,2,2,10,1
201320Z000133,3,21,1,18,0,0,0,0,0,0,1,1,2,1,9,10837,2,7,1,1
201320Z000143,1,19,0,18,0,0,1,0,0,0,1,1,1,1,6,2151,2,11,6,1
201320Z000143,2,21,0,2,0,0,0,0,0,0,2,1,1,1,6,9364,2,8,-1,-1
201320Z000153,1,21,0,11,0,0,0,0,0,0,3,1,1,1,8,9200,2,7,6,1
201320Z000153,2,9,0,18,0,0,0,0,0,0,4,1,2,2,7,-1,-1,-1,1,1
201320Z000153,3,19,0,18,0,0,0,0,0,0,1,1,1,1,9,1997,2,5,7,1
201320Z000153,4,9,0,18,0,0,0,0,0,0,2,1,1,1,9,1968,2,7,8,3
201320Z000163,1,21,1,12,0,0,0,0,0,0,0,1,6,3,-1,-1,-1,-1,-1,-1
201320Z000163,2,9,0,13,0,0,1,7,5,6,1,1,6,1,7,1999,1,6,3,1
201320Z000223,1,9,0,18,0,0,0,0,2,7,1,1,2,1,6,1360,1,14,1,1
201320Z000223,2,9,0,2,6,0,0,0,0,0,2,1,1,1,9,3200,2,4,9,1
201320Z000253,1,19,0,18,0,7,0,0,0,0,1,1,1,1,6,2496,2,15,4,1
201320Z000253,2,9,0,3,0,8,0,0,0,0,2,1,6,1,8,1199,1,12,-1,1
201320Z000253,3,9,0,3,0,8,0,0,0,0,2,1,2,2,6,1360,1,10,4,1
201320Z000253,4,9,0,3,0,8,0,0,0,0,2,1,6,2,4,1360,1,11,8,1
201320Z000273,1,9,0,18,0,0,0,0,0,0,1,1,6,3,-1,-1,-1,-1,-1,-1
201320Z000273,2,9,0,3,0,0,0,0,0,0,2,1,6,1,7,1299,1,9,8,1
201320Z000283,1,9,0,18,0,0,1,7,5,6,1,1,6,2,7,1998,2,4,4,1
201320Z000343,1,21,1,13,0,0,0,0,0,0,4,1,1,1,8,8650,2,15,8,1
201320Z000343,2,9,0,18,0,0,1,0,0,0,3,1,2,1,7,1086,1,3,6,1
201320Z000353,1,9,0,18,0,0,1,0,4,7,3,1,1,1,5,1910,2,4,3,1
201320Z000353,2,19,0,18,0,0,0,0,0,0,3,1,1,1,7,1560,2,3,-1,-1
201320Z000363,1,5,0,18,0,0,0,0,0,0,0,1,2,1,9,647,1,7,2,1
201320Z000393,1,21,1,11,0,0,0,0,0,0,4,1,1,1,9,12902,2,-1,7,1
201320Z000393,2,9,0,18,0,0,1,7,4,0,2,1,6,1,10,1364,1,6,6,1
201320Z000393,3,9,0,18,0,0,1,0,0,0,2,1,6,2,6,1329,1,1,9,1
201320Z000393,4,9,0,18,0,0,0,0,0,0,1,1,6,3,-1,-1,-1,-1,-1,-1
201320Z000403,1,9,0,12,0,0,0,0,0,0,1,1,6,3,-1,-1,-1,-1,-1,-1
201320Z000403,2,9,0,18,0,0,0,7,0,0,4,1,6,1,6,1368,1,6,5,3
201320Z000403,3,9,0,18,0,0,0,0,0,0,2,1,6,1,-1,1995,2,5,10,1
201320Z000413,1,9,0,18,0,0,0,0,0,0,1,1,6,2,7,1461,2,5,2,1
201320Z000413,2,9,0,18,0,0,0,0,0,0,2,1,6,1,7,1198,1,5,3,1
201320Z000423,1,9,0,18,0,0,1,0,0,0,1,1,6,1,7,1598,1,12,2,1
201320Z000423,2,9,0,18,0,0,0,0,0,0,2,1,6,1,6,2979,7,10,4,1
201320Z000423,3,9,0,18,0,0,1,0,0,0,1,1,6,1,7,1339,1,11,3,1
201320Z000473,1,19,0,5,8,0,0,0,0,0,3,1,6,3,-1,-1,-1,-1,-1,-1
201320Z000473,2,9,0,18,0,0,0,0,0,0,4,1,6,1,5,1390,1,14,1,1
201320Z000473,3,19,0,18,0,0,2,7,2,7,2,1,1,1,9,-1,-1,-1,10,1
201320Z000523,1,21,0,11,0,0,0,0,0,0,1,1,6,3,-1,-1,-1,-1,-1,-1
201320Z000523,2,9,0,18,0,0,0,0,0,0,1,1,6,2,10,2799,1,15,3,1
201320Z000533,1,19,0,5,0,0,0,0,0,0,1,1,1,1,8,2143,2,1,3,2
201320Z000533,2,9,0,5,0,0,0,0,0,0,2,1,1,2,6,1995,2,1,9,3
201320Z000543,1,21,1,18,0,0,0,0,0,0,1,2,1,1,-1,-1,-1,-1,-1,-1
201320Z000543,2,9,0,18,0,0,1,0,1,7,2,1,6,2,7,1999,1,3,7,3
201320Z000553,1,21,1,12,0,8,0,0,0,0,3,2,1,1,7,-1,-1,-1,-1,-1
201320Z000553,2,9,0,18,0,8,0,0,1,10,4,1,6,2,7,1396,1,15,2,1
201320Z000563,1,21,1,18,0,0,0,0,0,0,1,2,1,1,9,-1,-1,-1,-1,-1
201320Z000563,2,9,0,18,0,0,1,7,0,0,1,1,6,1,6,1560,2,6,7,1
201320Z000563,3,9,0,18,0,0,0,0,0,0,1,1,6,2,7,1598,1,12,3,1
201320Z000563,4,9,0,18,0,0,0,0,0,0,1,1,6,2,5,1240,1,8,4,1
201320Z000603,1,9,0,18,0,0,0,0,0,0,1,1,6,1,7,2295,1,14,3,1
201320Z000603,2,9,0,18,0,0,0,0,0,0,2,1,6,1,7,1951,2,11,1,1
201320Z000603,3,9,0,18,0,0,0,0,0,0,2,1,6,1,8,1582,2,4,5,1
201320Z000603,4,9,0,18,0,0,0,0,0,0,2,1,6,2,5,1242,1,6,10,1
201320Z000613,1,9,0,18,0,0,0,0,0,0,1,1,6,1,-1,1493,1,13,-1,-1
201320Z000613,2,9,0,3,0,0,0,0,0,0,2,1,2,2,6,1798,2,1,2,1
201320Z000643,1,9,0,18,0,0,0,0,0,0,1,1,6,1,4,1043,1,20,7,2
201320Z000643,2,9,0,3,0,0,0,0,0,0,2,1,6,1,9,1998,1,15,3,1
201320Z000653,1,9,0,4,0,0,0,0,0,0,1,1,6,1,8,2151,2,12,-1,-1
201320Z000653,2,9,0,4,0,0,0,0,0,0,2,1,6,1,5,1591,1,5,2,1
201320Z000663,1,21,1,11,0,0,0,0,0,0,1,2,1,1,7,-1,-1,-1,-1,-1
201320Z000663,2,9,0,18,0,0,0,0,1,7,2,1,6,1,8,2792,1,34,7,1
201320Z000673,1,5,0,13,0,0,0,0,0,0,1,1,2,1,4,583,1,23,1,1
201320Z000673,2,9,0,12,0,0,0,0,0,0,2,1,6,2,-1,-1,-1,-1,-1,-1
201320Z000683,1,21,1,12,0,0,0,0,0,0,1,2,1,1,8,-1,-1,-1,-1,-1
201320Z000683,2,9,0,18,0,0,1,10,7,6,2,1,6,1,11,1560,2,3,9,1
201320Z000693,1,21,0,18,0,0,0,0,0,0,1,1,1,1,7,4461,2,5,1,1
201320Z000693,2,9,0,4,0,0,0,0,0,0,2,1,6,1,7,1598,1,12,7,1
201320Z000743,1,9,0,12,0,6,1,0,0,0,1,1,6,1,6,1598,1,11,4,1
201320Z000743,2,9,0,12,0,8,0,0,0,0,3,1,6,2,7,2199,2,3,-1,-1
201320Z000743,3,9,0,18,0,8,0,7,0,0,4,1,1,2,5,1596,1,6,5,1
201320Z000823,1,21,1,12,0,0,0,0,0,0,1,2,1,1,-1,-1,-1,-1,-1,-1
201320Z000823,2,9,0,18,0,0,0,0,0,0,4,1,6,1,8,1968,2,5,8,2
201320Z000833,1,9,0,18,0,0,0,0,0,0,1,1,6,1,6,1686,2,8,-1,-1
201320Z000833,2,9,0,18,0,0,0,0,0,0,2,1,2,1,6,1587,1,9,8,1
201320Z000883,1,9,0,18,0,0,0,0,0,0,1,1,6,1,5,1360,1,14,-1,-1
201320Z000883,2,9,0,18,0,0,0,0,0,0,2,1,6,2,6,1199,2,2,4,1
201320Z000903,1,21,4,11,0,8,0,0,0,0,1,1,1,1,7,10837,2,4,2,1
201320Z000903,2,9,0,18,0,8,0,0,0,0,3,1,2,2,9,1896,2,12,3,1
201320Z000923,1,21,4,11,0,0,0,0,0,0,4,1,1,1,9,12900,2,1,7,2
201320Z000923,2,9,0,18,0,0,0,0,0,0,3,1,6,2,7,1956,2,1,2,1
201320Z000933,1,9,0,12,0,0,0,0,0,0,0,1,6,3,-1,1796,1,13,-1,-1
201320Z000933,2,9,0,18,0,0,0,0,0,0,2,1,2,1,7,1596,1,1,4,1
201320Z000933,3,5,0,18,0,0,0,0,0,0,1,1,2,1,8,599,1,15,5,1
201320Z000953,1,21,1,18,0,0,0,0,0,0,1,2,1,1,5,-1,-1,-1,-1,-1
201320Z000953,2,21,1,18,0,0,0,0,0,0,2,1,1,1,8,12900,2,5,-1,1
201320Z000963,1,11,0,18,0,0,0,0,0,0,1,1,1,1,6,9360,2,2,2,1
201320Z000963,2,9,0,18,0,0,0,0,0,0,2,1,1,1,7,1995,2,9,2,1
201320Z001083,1,21,1,12,0,0,0,0,0,0,1,2,1,1,9,-1,-1,-1,-1,-1
201320Z001083,2,9,0,18,0,0,0,0,0,0,2,1,1,2,7,1339,1,1,-1,2
201320Z001093,1,9,0,12,0,0,0,0,0,0,0,1,6,3,-1,-1,-1,-1,-1,-1
201320Z001093,2,9,0,18,0,0,0,0,0,0,3,1,6,1,10,1997,1,4,10,1
201320Z001093,3,9,0,18,0,0,0,0,0,0,4,1,6,1,9,-1,-1,-1,10,1
201320Z001193,1,9,0,18,0,7,0,0,0,0,1,1,1,1,6,-1,-1,-1,5,1
201320Z001193,2,9,0,18,0,7,0,0,0,0,2,1,6,1,-1,1587,1,11,-1,-1
201320Z001203,1,9,0,18,0,0,0,7,0,0,3,1,2,1,5,1398,2,8,4,1
201320Z001203,2,9,0,18,0,0,0,0,0,0,2,1,2,1,6,1798,1,12,7,1
201320Z001213,1,21,1,12,0,0,0,0,0,0,3,2,1,1,6,-1,-1,-1,-1,-1
201320Z001213,2,9,0,18,0,0,1,0,1,7,4,1,2,1,8,1596,1,11,7,1
201320Z001253,1,9,0,12,0,0,0,0,0,0,3,1,1,3,-1,1956,2,1,-1,-1
201320Z001253,2,9,0,18,0,0,1,0,1,7,4,1,1,1,4,998,1,7,-1,-1
201320Z001263,1,9,0,17,0,0,1,7,7,0,3,1,2,1,4,1242,1,9,5,1
201320Z001263,2,9,0,17,0,0,1,7,7,6,1,1,2,1,9,1796,1,13,2,1
201320Z001263,3,9,0,17,0,0,1,7,7,7,3,1,2,1,5,1229,1,7,4,3
201320Z001263,4,9,0,17,0,0,1,7,7,6,1,1,2,1,7,2143,2,3,7,2
201320Z001263,5,9,0,17,0,0,1,7,1,7,1,1,2,1,7,1910,2,7,4,1
201320Z001263,6,9,0,17,0,0,1,7,1,7,3,1,2,1,7,2987,2,8,9,2
201320Z001273,1,5,0,18,0,0,0,0,0,0,1,1,6,1,7,997,1,23,3,2
201320Z001273,2,9,0,3,0,0,0,0,0,0,2,1,2,2,6,1368,1,3,7,1
201320Z001293,1,9,0,4,0,0,0,0,0,0,1,1,2,1,7,1896,2,8,6,1
201320Z001293,2,21,1,4,0,0,0,0,0,0,2,1,1,1,8,11946,2,7,5,1
201320Z001303,1,9,0,4,0,0,0,0,0,0,1,1,6,1,5,1995,2,11,2,1
201320Z001303,2,9,0,4,0,0,0,0,0,0,2,1,6,1,7,1988,1,9,4,1
201320Z001333,1,9,0,18,0,0,1,0,0,0,1,1,2,1,10,1995,2,12,2,1
201320Z001333,2,9,0,4,0,0,0,0,7,7,2,1,2,2,6,1997,1,12,3,1
201320Z001333,3,9,0,3,0,0,0,0,0,0,2,1,2,1,6,1968,2,1,6,1
201320Z001353,1,9,0,18,0,0,1,0,0,0,1,1,2,2,5,1599,1,9,6,1
201320Z001353,2,21,0,18,0,0,0,0,0,0,2,1,1,1,8,11946,2,9,3,1
201320Z001353,3,9,0,18,0,0,0,0,0,0,3,1,2,1,6,1596,1,4,5,1
201320Z001363,1,21,4,18,0,0,0,0,0,0,1,2,1,1,-1,-1,-1,-1,-1,-1
201320Z001363,2,9,0,18,0,0,1,0,0,0,2,1,2,1,8,1968,2,2,9,1
201320Z001363,3,9,0,18,0,0,0,0,0,0,2,1,2,1,7,1598,2,-1,7,1
201320Z001383,1,9,0,18,0,0,0,0,7,7,1,1,6,1,5,1896,2,4,5,1
201320Z001403,1,19,0,11,0,0,0,0,0,0,1,1,1,1,7,-1,-1,-1,2,1
201320Z001403,2,9,0,18,0,0,0,0,0,0,2,1,1,1,10,2495,2,16,-1,1
201320Z001433,1,21,1,11,0,0,0,0,0,0,4,1,1,1,8,12580,2,9,-1,-1
201320Z001433,2,9,0,18,0,0,1,0,4,6,3,1,2,2,8,1582,2,-1,1,1
201320Z001443,1,21,1,11,0,0,0,0,0,0,1,1,1,1,9,12777,2,2,3,1
201320Z001443,2,9,0,18,0,0,0,0,0,0,2,1,6,2,5,1149,1,11,1,1
201320Z001463,1,9,0,18,0,0,1,2,1,6,1,1,6,1,6,1598,1,8,10,1
201320Z001463,2,9,0,18,0,0,0,0,0,0,2,1,6,1,7,1798,1,11,8,1
201320Z001463,3,9,0,18,0,0,0,0,0,0,2,1,6,1,-1,2720,2,6,9,2
201320Z001463,4,9,0,18,0,0,1,0,0,0,1,1,6,1,7,1595,1,7,10,1
201320Z001463,5,9,0,18,0,0,0,0,0,0,2,1,6,1,7,1388,1,9,2,1
201320Z001493,1,21,0,12,0,0,0,0,0,0,1,2,6,1,-1,-1,-1,-1,-1,-1
201320Z001493,2,9,0,18,0,0,0,0,0,0,4,1,6,2,6,1248,2,1,6,1
201320Z001523,1,9,0,18,0,0,0,0,0,0,1,1,2,1,-1,1910,2,6,1,1
201320Z001523,2,9,0,4,0,0,0,0,0,0,2,1,2,1,7,1896,2,15,3,1
201320Z001573,1,9,0,18,0,0,0,0,0,0,1,1,6,3,-1,-1,-1,-1,-1,-1
201320Z001573,2,9,0,18,0,0,1,7,4,6,1,1,6,1,4,1242,1,12,3,1
201320Z001573,3,9,0,18,0,0,0,0,4,6,4,1,6,1,8,1781,1,16,-1,-1
201320Z001583,1,9,0,12,0,0,0,0,0,0,1,1,6,1,7,1968,2,6,2,1
201320Z001583,2,9,0,18,0,0,2,0,0,0,2,1,6,1,6,1399,1,4,8,1
201320Z001643,1,21,0,12,0,0,0,0,0,0,1,1,6,3,-1,-1,-1,-1,-1,-1
201320Z001643,2,9,0,18,0,0,0,0,4,6,2,1,6,1,7,2494,1,14,7,1
201320Z001653,1,21,0,18,0,0,0,0,0,0,1,1,1,1,7,9200,2,2,1,1
201320Z001653,2,21,0,18,0,0,0,0,0,0,2,1,1,1,7,2287,2,1,7,1
201320Z001653,3,21,0,18,0,0,0,0,0,0,2,1,1,1,7,11021,2,10,5,1
201320Z001663,1,19,0,15,0,0,0,0,0,0,3,1,6,1,-1,-1,-1,-1,-1,-1
201320Z001663,2,9,0,18,0,0,0,0,0,0,4,1,6,2,5,1390,1,2,5,1
201320Z001693,1,9,0,18,0,0,0,0,0,0,1,1,6,2,5,1360,1,6,5,1
201320Z001693,2,9,0,18,0,0,0,0,0,0,2,1,2,1,5,1984,1,13,2,1
201320Z001733,1,9,0,18,0,0,0,0,0,0,1,1,2,1,5,1360,1,9,5,3
201320Z001733,2,9,0,3,0,0,0,0,0,0,2,1,2,1,8,1956,2,1,10,1
201320Z001743,1,9,0,12,0,0,0,0,0,0,0,1,6,1,-1,-1,-1,-1,-1,-1
201320Z001743,2,9,0,12,0,0,0,0,1,6,1,1,2,2,5,1598,1,9,10,1
201320Z001783,1,19,0,18,0,0,0,0,1,7,4,1,1,1,5,2143,2,1,10,1
201320Z001783,2,20,0,18,0,0,1,0,0,0,2,1,1,1,6,-1,-1,-1,3,1
201320Z001793,1,21,1,12,0,0,0,0,0,0,1,1,1,1,8,12900,2,3,6,1
201320Z001793,2,9,0,18,0,0,1,0,0,0,4,1,6,1,9,1910,2,11,1,1
201320Z001813,1,21,1,12,0,0,0,0,0,0,1,2,1,1,6,-1,-1,-1,-1,-1
201320Z001813,2,9,0,18,0,0,2,0,1,7,4,1,6,2,5,1242,1,9,4,1
201320Z001813,3,21,0,18,0,0,0,0,0,0,1,1,1,1,7,11705,2,6,5,1
201320Z001823,1,19,0,18,0,0,0,0,0,0,1,1,1,1,7,1997,2,8,-1,1