Accident_Index,Vehicle_Reference,Vehicle_Type,Towing_and_Articulation,Vehicle_Manoeuvre,Vehicle_Location-Restricted_Lane,Junction_Location,Skidding_and_Overturning,Hit_Object_in_Carriageway,Vehicle_Leaving_Carriageway,Hit_Object_off_Carriageway,1st_Point_of_Impact,Was_Vehicle_Left_Hand_Drive?,Journey_Purpose_of_Driver,Sex_of_Driver,Age_Band_of_Driver,Engine_Capacity_(CC),Propulsion_Code,Age_of_Vehicle,Driver_IMD_Decile,Driver_Home_Area_Type
201320Z001823,2,9,0,18,0,0,0,0,0,0,2,1,6,1,6,-1,-1,-1,7,1
201320Z001823,3,9,0,18,0,0,0,0,0,0,2,1,6,1,7,1587,1,9,3,1
201320Z001843,1,19,0,12,0,0,0,0,0,0,0,1,1,1,-1,-1,-1,-1,-1,-1
201320Z001843,2,9,0,18,0,0,0,0,4,0,1,1,1,1,-1,2967,2,1,5,1
201320Z001893,1,21,1,18,0,0,0,0,0,0,1,1,6,3,-1,-1,-1,-1,-1,-1
201320Z001893,2,9,0,18,0,0,0,0,0,0,3,1,6,2,5,1229,1,1,7,1
201320Z001953,1,21,0,11,0,0,0,0,0,0,1,1,1,1,8,-1,-1,-1,2,1
201320Z001953,2,9,0,18,0,0,0,0,7,6,2,1,2,2,5,1299,1,6,4,1
201320Z001963,1,20,0,18,0,1,0,0,0,0,1,1,1,1,8,4764,2,4,8,1
201320Z001963,2,9,0,3,0,1,0,0,0,0,2,1,2,1,7,1796,1,2,10,1
201320Z001973,1,9,0,18,0,0,1,0,4,6,1,1,6,1,8,1398,1,12,5,1
201320Z001973,2,21,1,18,0,0,0,0,0,0,2,1,1,1,8,11705,2,4,1,1
201320Z001983,1,9,0,18,0,0,0,0,2,7,1,1,6,1,8,1398,2,10,3,2
201320Z001993,1,9,0,18,0,0,0,0,5,6,1,1,6,1,5,1390,1,8,2,1
201320Z002063,1,9,0,18,0,0,0,0,0,0,1,1,6,1,-1,1396,1,15,-1,-1
201320Z002063,2,9,0,18,0,0,0,0,0,0,2,1,6,1,5,973,1,11,1,1
201320Z002063,3,9,0,18,0,0,0,0,0,0,3,1,6,1,6,1149,1,8,2,1
201320Z002073,1,21,1,18,0,0,0,0,0,0,0,1,6,3,-1,-1,-1,-1,-1,-1
201320Z002073,2,21,1,18,0,0,0,0,0,0,1,1,1,1,7,10308,2,8,9,1
201320Z002073,3,21,1,18,0,0,0,0,0,0,2,1,1,1,8,-1,-1,-1,8,1
201320Z002083,1,9,0,18,0,0,0,0,0,0,1,1,6,2,6,1910,2,6,9,2
201320Z002083,2,9,0,2,0,0,0,0,0,0,2,1,6,1,7,1794,1,13,1,1
201320Z002093,1,9,0,18,0,0,0,0,7,6,3,1,6,1,5,1598,1,2,6,1
201320Z002093,2,9,0,18,0,0,0,0,0,0,4,1,6,1,7,2967,1,13,1,1
201320Z002093,3,9,0,18,0,0,0,0,7,7,3,1,6,1,8,2521,1,6,9,1
201320Z002103,1,21,1,12,0,0,0,0,0,0,1,2,1,1,7,-1,-1,-1,-1,-1
201320Z002103,2,9,0,18,0,0,0,0,0,0,2,1,6,1,9,1596,1,1,1,1
201320Z002113,1,9,0,4,0,0,0,0,0,0,1,1,6,1,4,1124,1,17,7,1
201320Z002113,2,9,0,4,0,0,0,0,0,0,2,1,6,1,5,1905,2,16,-1,-1
201320Z002123,1,21,1,17,0,8,5,0,0,0,0,1,1,1,8,10837,2,1,5,1
201320Z002133,1,9,0,18,0,0,0,0,0,0,1,1,1,2,4,1461,2,10,6,1
201320Z002133,2,9,0,3,0,0,0,0,0,0,2,1,1,1,7,1995,2,2,-1,-1
201320Z002153,1,9,0,4,0,0,0,0,0,0,1,1,6,1,4,1198,1,10,-1,2
201320Z002153,2,9,0,4,0,0,0,0,0,0,2,1,6,1,7,1299,1,8,5,1
201320Z002153,3,9,0,4,0,0,0,0,0,0,2,1,6,1,8,2400,2,4,-1,1
201320Z002163,1,21,1,11,0,0,0,0,0,0,4,1,1,1,8,12777,2,5,6,2
201320Z002163,2,9,0,18,0,0,1,0,4,6,3,1,2,1,7,2000,2,2,10,1
201320Z002163,3,9,0,18,0,0,2,0,2,7,4,1,2,1,7,2982,2,2,-1,-1
201320Z002233,1,9,0,18,0,0,0,0,0,0,1,1,6,2,6,1896,2,7,2,1
201320Z002233,2,19,0,4,0,0,0,0,0,0,2,1,2,1,6,2148,2,4,2,1
201320Z002273,1,9,0,4,0,0,0,0,0,0,1,1,2,1,6,1199,1,11,3,1
201320Z002273,2,19,0,4,0,0,0,0,0,0,2,1,1,1,6,2402,2,7,1,1
201320Z002283,1,9,0,18,0,2,0,0,0,0,1,1,2,1,6,1753,2,11,1,1
201320Z002283,2,19,0,18,0,2,0,0,0,0,2,1,1,1,6,2143,2,3,3,1
201320Z002353,1,21,1,12,0,0,0,0,0,0,3,2,1,1,6,-1,-1,-1,-1,-1
201320Z002353,2,9,0,18,0,0,1,0,0,0,4,1,2,1,5,1396,1,2,2,1
201320Z002363,1,19,0,18,0,0,1,0,0,0,1,1,1,1,5,2143,2,2,1,1
201320Z002363,2,9,0,18,0,0,0,0,0,0,2,1,1,1,6,1598,1,8,1,1
201320Z002363,3,9,0,18,0,0,0,0,0,0,2,1,1,2,6,-1,-1,-1,7,1
201320Z002373,1,21,1,11,0,0,0,0,0,0,1,1,1,1,8,12900,2,3,10,1
201320Z002373,2,9,0,18,0,0,1,0,7,6,2,1,6,2,9,1598,1,1,-1,1
201320Z002373,3,9,0,18,0,0,1,0,0,0,1,1,1,1,5,-1,-1,-1,10,1
201320Z002413,1,9,0,11,0,0,0,0,0,0,4,1,2,1,6,1896,2,4,5,1
201320Z002413,2,21,1,18,0,0,0,0,0,0,1,2,1,1,6,-1,-1,-1,-1,-1
201320Z002413,3,9,0,18,0,0,0,0,0,0,2,1,2,1,7,1596,1,8,7,1
201320Z002443,1,9,0,18,0,0,0,0,0,0,1,1,1,1,4,-1,-1,-1,5,3
201320Z002443,2,9,0,4,0,0,0,0,0,0,2,1,1,1,6,1598,2,1,2,1
201320Z002443,3,9,0,4,0,0,0,0,0,0,2,1,6,2,8,1461,2,5,9,1
201320Z002443,4,9,0,4,0,0,0,0,0,0,2,1,6,2,7,1242,1,11,3,1
201320Z002443,5,9,0,4,0,0,0,0,0,0,4,1,6,2,8,1596,1,10,5,2
201320Z002453,1,21,1,11,0,7,0,0,0,0,4,1,1,1,8,11946,2,2,4,1
201320Z002453,2,9,0,18,0,7,0,0,0,0,3,1,1,2,5,1242,1,-1,2,1
201320Z002493,1,19,0,11,0,0,0,0,0,0,1,1,1,1,8,2148,2,5,6,3
201320Z002493,2,9,0,18,0,0,0,0,0,0,2,1,1,2,5,1686,2,16,10,1
201320Z002493,3,9,0,18,0,0,0,0,0,0,2,1,1,1,6,1086,1,6,8,1
201320Z002493,4,9,0,18,0,0,0,0,0,0,2,1,1,1,7,1798,8,-1,9,1
201320Z002623,1,9,0,18,0,0,0,0,0,0,1,1,2,2,6,1560,2,5,5,1
201320Z002623,2,9,0,18,0,0,0,0,0,0,2,1,2,1,6,1753,2,6,4,1
201320Z002623,3,19,0,18,0,0,0,0,0,0,2,1,2,1,7,1995,2,1,2,1
201320Z002623,4,9,0,18,0,0,0,0,0,0,2,1,2,2,6,1686,2,11,7,1
201320Z002633,1,9,0,4,0,0,0,0,0,0,1,1,6,1,-1,1461,2,3,4,1
201320Z002633,2,9,0,3,0,0,0,0,0,0,2,1,1,1,7,1598,2,1,6,1
201320Z002633,3,9,0,3,0,0,0,0,0,0,2,1,6,1,-1,1362,1,-1,-1,-1
201320Z002643,1,90,0,11,0,0,5,2,1,1,4,1,6,1,8,2400,2,1,-1,-1
201320Z002643,2,21,0,18,0,0,0,0,0,0,3,1,1,1,7,11946,2,1,-1,1
201320Z002653,1,9,0,12,0,7,0,0,0,0,4,1,6,1,7,1584,1,8,3,1
201320Z002653,2,19,0,12,0,7,0,0,0,0,3,1,1,1,4,-1,-1,-1,5,1
201320Z002663,1,21,1,11,0,0,0,0,0,0,4,1,1,1,8,11705,2,1,-1,3
201320Z002663,2,9,0,18,0,0,0,6,1,7,3,1,6,1,8,1390,1,5,1,1
201320Z002703,1,9,0,18,0,0,0,0,0,0,1,1,6,1,7,1560,2,-1,5,3
201320Z002703,2,9,0,18,0,0,0,0,0,0,2,1,6,2,8,1360,1,11,1,1
201320Z002703,3,9,0,18,0,0,0,0,0,0,2,1,6,2,5,1198,1,3,1,1
201320Z002713,1,9,0,12,0,7,0,0,0,0,3,1,6,1,-1,1587,1,15,-1,-1
201320Z002713,2,9,0,18,0,8,0,0,0,0,4,1,6,1,8,1798,1,3,7,1
201320Z002723,1,21,1,4,0,0,0,0,0,0,1,1,1,1,8,6870,2,1,9,2
201320Z002723,2,9,0,4,0,0,0,0,0,0,2,1,1,1,8,1791,8,2,10,2
201320Z002723,3,21,1,5,0,0,1,0,0,0,1,1,1,1,8,12900,2,6,5,1
201320Z002733,1,9,0,11,0,0,0,0,0,0,4,1,6,1,7,1497,8,5,2,1
201320Z002733,2,21,1,18,0,0,0,0,0,0,3,1,1,1,9,-1,-1,-1,-1,-1
201320Z002753,1,21,1,18,0,0,0,0,0,0,1,1,1,2,9,10308,2,3,8,1
201320Z002753,2,9,0,3,0,0,0,0,0,0,2,1,1,1,5,1598,1,14,6,1
201320Z002763,1,9,0,11,0,0,0,0,0,0,0,1,6,1,-1,-1,-1,-1,-1,-1
201320Z002763,2,9,0,12,0,0,0,0,4,6,1,1,1,1,7,1149,1,8,1,1
201320Z002763,3,9,0,18,0,0,0,0,0,0,3,1,6,1,7,1248,1,1,3,1
201320Z002773,1,9,0,18,0,0,0,0,0,0,1,1,1,2,5,1598,1,7,-1,-1
201320Z002773,2,20,0,4,0,0,0,0,0,0,2,1,1,1,9,-1,-1,-1,9,1
201320Z002773,3,9,0,4,0,0,0,0,0,0,2,1,6,1,8,1339,1,7,6,1
201320Z002783,1,9,0,18,0,0,0,0,0,0,1,1,1,1,7,2979,1,9,10,1
201320Z002783,2,9,0,3,0,0,0,0,0,0,2,1,1,2,7,1686,2,2,7,3
201320Z002783,3,9,0,3,0,0,0,0,0,0,2,1,1,1,7,1998,1,6,8,1
201320Z002783,4,9,0,3,0,0,0,0,0,0,2,1,1,1,8,2926,2,8,5,1
201320Z002793,1,21,1,11,0,0,0,0,0,0,4,2,1,1,-1,-1,-1,-1,-1,-1
201320Z002793,2,9,0,18,0,0,1,0,1,7,3,1,1,1,7,1598,2,3,8,1
201320Z002793,3,90,0,2,6,0,0,0,0,0,3,1,6,1,7,-1,-1,-1,5,2
201320Z002803,1,21,0,18,0,0,0,0,0,0,1,1,6,3,-1,-1,-1,-1,-1,-1
201320Z002803,2,9,0,12,0,0,1,7,1,7,2,1,2,1,5,2496,1,12,-1,-1
201320Z002803,3,9,0,18,0,0,0,0,0,0,1,1,6,1,6,1124,1,14,10,1
201320Z002903,1,21,0,11,0,8,0,0,0,0,4,1,1,1,-1,6692,2,2,-1,-1
201320Z002903,2,9,0,12,0,7,0,0,0,0,3,1,6,1,6,1229,1,7,-1,-1
201320Z002913,1,9,0,18,8,7,0,0,0,0,1,1,6,1,6,2488,2,6,-1,-1
201320Z002913,2,9,0,18,8,7,0,0,0,0,2,1,6,1,4,1229,1,-1,8,1
201320Z002913,3,9,0,18,8,7,0,0,0,0,2,1,6,1,-1,1598,1,11,2,1
201320Z002953,1,9,0,18,0,0,0,0,0,0,1,1,1,1,7,1229,1,6,8,1
201320Z002953,2,9,0,4,0,0,0,0,0,0,2,1,1,1,7,1995,2,6,6,1
201320Z003003,1,9,0,18,0,1,0,0,0,0,1,1,6,1,-1,1968,2,7,1,1
201320Z003003,2,9,0,3,0,1,0,0,0,0,2,1,6,1,7,1596,1,7,8,3
201320Z003043,1,9,0,18,0,0,1,0,0,0,1,1,6,1,4,1686,2,7,3,1
201320Z003043,2,9,0,4,0,0,0,0,0,0,2,1,1,1,7,3498,1,12,5,1
201320Z003053,1,9,0,18,0,0,0,0,0,0,1,1,6,2,4,1400,1,8,3,1
201320Z003053,2,9,0,18,0,0,0,0,0,0,2,1,6,2,-1,2429,1,10,10,1
201320Z003103,1,9,0,18,0,0,0,0,0,0,1,1,6,1,5,1968,2,6,9,2
201320Z003103,2,9,0,4,0,0,0,0,0,0,2,1,6,1,9,2400,2,-1,8,2
201320Z003103,3,9,0,4,0,0,0,0,0,0,2,1,6,1,6,1910,2,5,5,1
201320Z003103,4,9,0,4,0,0,0,0,0,0,2,1,6,1,5,1997,2,8,7,1
201320Z003113,1,9,0,18,0,0,0,0,0,0,1,1,6,2,-1,1956,2,2,-1,-1
201320Z003113,2,9,0,3,0,0,0,0,0,0,2,1,6,1,8,1986,2,6,8,1
201320Z003113,3,9,0,3,0,0,0,0,0,0,2,1,6,3,-1,-1,-1,-1,-1,-1
201320Z003123,1,19,0,12,0,0,0,0,0,0,3,1,1,1,7,1753,2,1,6,1
201320Z003123,2,21,4,18,0,0,0,0,0,0,4,1,1,1,8,12900,2,1,4,1
201320Z003133,1,9,0,18,0,1,1,0,0,0,1,1,2,1,6,1800,1,13,2,1
201320Z003133,2,20,0,18,0,1,1,0,0,0,1,1,2,1,5,2402,2,4,5,1
201320Z003133,3,9,0,18,0,1,0,0,0,0,2,1,2,1,8,-1,-1,-1,8,1
201320Z003133,4,9,0,18,0,1,0,0,0,0,2,1,6,1,6,1598,2,-1,3,1
201320Z003143,1,21,0,18,0,0,0,0,0,0,1,1,6,1,-1,-1,-1,-1,-1,-1
201320Z003143,2,9,0,18,0,0,0,0,0,0,2,1,6,2,7,1686,2,2,4,1
201320Z003153,1,21,1,12,0,0,0,0,0,0,1,2,1,1,9,-1,-1,-1,-1,-1
201320Z003153,2,9,0,4,0,0,0,0,0,0,2,1,2,1,8,1560,2,5,8,1
201320Z003153,3,9,0,4,0,0,0,0,0,0,2,1,2,1,8,1587,1,8,5,1
201320Z003163,1,21,1,11,0,0,0,0,0,0,1,1,1,1,9,10518,2,2,-1,-1
201320Z003163,2,9,0,18,0,0,0,0,4,6,3,1,6,2,7,1753,2,11,4,1
201320Z003173,1,9,0,12,0,0,0,0,0,0,1,1,6,1,-1,-1,-1,-1,-1,-1
201320Z003173,2,9,0,18,0,0,0,0,0,0,2,1,1,2,4,1242,1,9,1,1
201320Z003173,3,9,0,18,0,0,0,0,0,0,2,1,6,1,-1,-1,-1,-1,7,3
201320Z003183,1,21,1,11,0,0,0,0,0,0,4,1,1,1,8,12419,2,2,-1,2
201320Z003183,2,9,0,18,0,0,0,0,0,0,3,1,2,2,5,1398,1,3,-1,-1
201320Z003183,3,9,0,13,0,0,0,0,0,0,1,1,6,1,6,1388,1,3,7,1
201320Z003203,1,21,1,18,0,0,1,0,0,0,1,1,1,1,8,-1,-1,-1,-1,-1
201320Z003203,2,21,1,18,0,0,0,0,0,0,2,1,1,1,7,12740,2,3,6,1
201320Z003213,1,9,0,18,0,0,2,7,0,0,3,1,6,2,5,1360,1,13,-1,1
201320Z003233,1,9,0,13,0,0,0,0,1,7,1,1,6,2,5,1364,1,5,2,1
201320Z003273,1,21,1,12,0,0,0,0,0,0,3,2,1,1,-1,-1,-1,-1,-1,-1
201320Z003273,2,9,0,18,0,0,0,0,1,1,4,1,2,2,5,1229,1,6,1,1
201320Z003293,1,9,0,18,0,0,1,0,0,0,1,1,2,1,6,1988,1,11,4,1
201320Z003293,2,21,1,3,0,0,0,0,0,0,2,1,1,1,8,12777,2,7,5,1
201320Z003403,1,19,0,4,0,1,0,0,0,0,1,1,1,1,9,1560,2,1,1,1
201320Z003403,2,9,0,4,0,1,0,0,0,0,2,1,1,1,10,1582,2,1,8,1
201320Z003403,3,90,0,4,0,1,0,0,0,0,2,1,1,1,8,9364,2,7,1,1
201320Z003403,4,19,0,4,0,1,0,0,0,0,2,1,1,1,7,2198,2,6,-1,-1
201320Z003413,1,9,0,4,0,0,0,0,0,0,1,1,1,1,8,1997,2,8,6,3
201320Z003413,2,21,1,4,0,0,0,0,0,0,2,1,1,1,7,11946,2,8,6,2
201320Z003423,1,9,0,18,0,0,0,0,0,0,1,1,2,1,6,1995,2,2,2,1
201320Z003423,2,9,0,18,0,0,0,0,0,0,2,1,2,2,7,1968,2,6,1,1
201320Z003423,3,9,0,18,0,0,0,0,0,0,2,1,2,1,5,1598,2,-1,7,3
201320Z003433,1,9,0,11,0,1,0,0,0,0,1,1,6,1,9,2987,2,6,6,2
201320Z003433,2,9,0,18,0,1,0,0,0,0,2,1,6,1,5,1390,1,8,1,1
201320Z003483,1,9,0,13,0,8,0,0,1,7,4,1,6,1,4,1124,1,6,1,1
201320Z003483,2,21,1,18,0,8,0,0,0,0,3,1,1,1,8,10518,2,2,-1,3
201320Z003493,1,21,0,12,0,0,0,0,0,0,3,1,6,1,-1,-1,-1,-1,-1,-1
201320Z003493,2,9,0,18,0,0,0,0,0,0,4,1,2,2,5,1299,1,6,1,1
201320Z003543,1,9,0,11,0,0,0,0,0,0,4,1,1,2,6,1598,2,2,3,1
201320Z003543,2,5,0,18,0,0,0,0,0,0,3,1,1,1,6,996,1,13,10,3
201320Z003593,1,9,0,11,0,0,0,0,0,0,2,1,6,1,4,1595,1,14,1,1
201320Z003593,2,9,0,18,0,0,0,0,0,0,1,1,6,1,6,1598,1,11,4,1
201320Z003653,1,9,0,17,0,0,0,0,5,6,1,1,6,1,8,1968,2,3,6,1
201320Z003663,1,9,0,18,0,0,0,0,0,0,1,1,6,1,5,-1,-1,-1,10,1
201320Z003663,2,8,0,3,0,0,0,0,0,0,2,1,1,1,8,2402,2,10,4,1
201320Z003673,1,9,0,13,0,0,0,0,0,0,1,1,1,1,5,1124,1,13,2,1
201320Z003673,2,9,0,18,0,0,0,0,0,0,3,1,6,1,9,-1,-1,-1,2,1
201320Z003683,1,9,0,4,0,0,0,0,0,0,1,1,1,1,5,-1,-1,-1,8,1
201320Z003683,2,9,0,4,0,0,0,0,0,0,2,1,6,1,6,2000,2,2,10,1
201320Z003753,1,21,1,18,0,0,0,0,0,0,1,2,1,1,8,-1,-1,-1,-1,-1
201320Z003753,2,9,0,18,0,0,0,0,7,6,2,1,6,2,6,1896,2,9,2,1
201320Z003773,1,9,0,18,0,0,1,0,4,6,1,1,6,1,6,998,1,9,2,1
201320Z003773,2,9,0,18,0,0,0,0,0,0,3,1,6,1,7,-1,-1,-1,7,3
201320Z003813,1,9,0,11,0,0,0,0,0,0,1,1,6,1,-1,-1,-1,-1,-1,-1
201320Z003813,2,9,0,18,0,0,0,0,0,0,3,1,2,2,7,1600,2,1,7,1
201320Z003823,1,9,0,18,0,0,0,0,0,0,1,1,1,1,8,1796,1,8,-1,-1
201320Z003823,2,9,0,18,0,0,0,0,0,0,2,1,2,2,6,1984,1,7,5,1
201320Z003833,1,9,0,18,0,0,0,0,0,0,1,1,2,1,7,2720,2,5,8,3
201320Z003833,2,9,0,4,0,0,0,0,0,0,2,1,2,2,8,1242,1,6,5,1
201320Z003833,3,9,0,4,0,0,0,0,0,0,2,1,1,1,8,-1,-1,-1,4,1
201320Z003843,1,9,0,12,0,0,0,0,0,0,1,1,2,2,6,1968,2,-1,3,1
201320Z003843,2,9,0,18,0,0,0,0,0,0,2,1,2,1,5,1995,1,7,4,1
201320Z003843,3,9,0,18,0,0,0,0,0,0,2,1,2,1,7,1896,2,9,10,1
201320Z003843,4,9,0,18,0,0,0,0,0,0,2,1,2,1,8,1956,2,1,9,2
201320Z003903,1,9,0,18,0,0,0,0,0,0,0,1,6,3,-1,-1,-1,-1,-1,-1
201320Z003903,2,9,0,18,0,0,0,0,0,0,2,1,6,1,-1,1461,2,5,-1,-1
201320Z003903,3,9,0,18,0,0,0,0,0,0,1,1,6,1,8,1997,2,12,2,2
201320Z003923,1,21,0,18,0,0,0,0,0,0,1,1,1,1,8,10837,2,3,-1,1
201320Z003923,2,19,0,12,0,0,0,0,0,0,2,1,1,1,6,1753,2,7,2,1
201320Z003923,3,19,0,18,0,0,0,0,0,0,4,1,1,2,7,2198,2,2,9,1
201320Z003933,1,9,0,18,0,1,1,0,1,7,1,1,1,1,6,1896,2,11,2,1
201320Z003933,2,9,0,3,0,1,0,0,0,0,2,1,6,2,8,-1,-1,-1,-1,-1
201320Z003933,3,9,0,3,0,1,0,0,0,0,2,1,1,1,7,1388,1,10,2,1
201320Z003933,4,9,0,3,0,1,0,0,0,0,2,1,1,2,6,1299,1,12,1,1
201320Z003943,1,21,1,11,0,0,0,0,0,0,1,1,1,1,8,11705,2,6,5,1
201320Z003943,2,9,0,18,0,0,1,0,7,6,1,1,2,2,7,-1,-1,-1,7,1
201320Z003943,3,9,0,18,0,0,0,0,0,0,4,1,2,1,7,3200,2,10,7,1
201320Z003963,1,21,1,12,0,6,0,0,0,0,3,2,1,1,-1,-1,-1,-1,-1,-1
201320Z003963,2,9,0,17,0,6,0,0,0,0,4,1,2,2,8,1242,1,7,7,1
201320Z003993,1,21,0,18,0,1,0,0,0,0,1,1,1,1,7,9290,2,-1,8,1
201320Z003993,2,21,0,18,0,1,0,0,0,0,2,1,1,1,7,5480,2,9,9,1
201320Z004003,1,9,0,18,6,0,5,2,7,7,4,1,6,1,6,1199,1,12,5,1
201320Z004013,1,21,1,12,0,0,0,0,0,0,3,2,1,1,8,-1,-1,-1,-1,-1
201320Z004013,2,9,0,15,0,0,0,0,0,0,4,1,6,2,6,1360,1,10,1,1
201320Z004033,1,9,0,11,0,0,0,0,1,6,1,1,6,1,5,1390,1,10,1,1
201320Z004043,1,21,0,18,0,0,0,0,0,0,1,1,1,3,-1,-1,-1,-1,-1,-1
201320Z004043,2,9,0,18,0,0,0,0,0,0,2,1,1,1,7,1999,1,7,9,2
201320Z004123,1,9,0,18,0,0,0,0,0,0,1,1,6,2,6,2143,2,2,-1,-1
201320Z004123,2,9,0,4,0,0,0,0,0,0,2,1,2,2,6,1587,1,9,2,1
201320Z004123,3,9,0,4,0,0,0,0,0,0,2,1,6,2,6,1461,2,8,2,1
201320Z004123,4,9,0,4,0,0,0,0,0,0,2,1,6,3,-1,1599,1,7,-1,-1
201320Z004133,1,21,1,12,0,0,0,0,0,0,3,2,1,1,8,-1,-1,-1,-1,-1
201320Z004133,2,9,0,18,0,0,0,0,4,6,4,1,6,2,6,2497,2,9,-1,3
201320Z004163,1,19,0,18,0,0,0,4,0,0,1,1,1,1,6,2143,2,2,1,1
201320Z004163,2,19,0,2,0,0,0,0,0,0,2,1,1,1,7,2402,2,9,3,1
201320Z004183,1,21,1,18,0,0,0,0,0,0,1,2,6,1,7,-1,-1,-1,-1,-1
201320Z004183,2,9,0,18,0,0,0,0,0,0,2,1,6,1,7,1587,1,8,8,1
201320Z004253,1,9,0,18,0,0,0,0,0,0,1,1,3,1,6,1124,1,10,7,1
201320Z004253,2,9,0,18,0,0,0,0,0,0,2,1,6,1,7,1388,1,13,1,1
201320Z004253,3,9,0,18,0,0,0,0,0,0,2,1,6,1,6,998,1,9,4,1
201320Z004263,1,9,0,18,0,1,1,0,0,0,1,1,1,1,-1,1198,1,1,1,1
201320Z004263,2,9,0,18,0,1,0,0,0,0,2,1,1,2,-1,1364,1,8,3,1
201320Z004263,3,19,0,18,0,1,0,0,0,0,2,1,1,1,-1,2143,2,4,9,1
201320Z004273,1,21,1,11,0,0,0,0,0,0,4,1,1,1,8,12580,2,8,1,1
201320Z004273,2,9,0,18,0,0,0,0,0,0,3,1,1,2,7,2143,2,-1,9,1
201320Z004313,1,9,0,18,0,0,0,0,0,0,1,1,6,2,-1,1968,2,2,10,1
201320Z004313,2,9,0,18,0,0,0,0,0,0,2,1,6,2,6,1368,1,1,10,1
201320Z004313,3,9,0,18,0,0,0,0,0,0,2,1,1,1,8,1560,2,-1,6,1
201320Z004323,1,19,0,12,0,0,0,0,0,0,1,1,1,1,9,2400,2,10,1,1
201320Z004323,2,21,1,4,0,0,0,0,0,0,2,1,1,1,9,10308,2,5,1,1
201320Z004333,1,9,0,18,0,1,0,0,0,0,1,1,6,1,-1,2204,2,5,9,1
201320Z004333,2,9,0,3,0,1,0,0,0,0,2,1,6,2,6,1598,2,-1,-1,-1
201320Z004343,1,21,0,18,0,0,0,0,0,0,1,1,1,1,8,4250,2,12,8,1
201320Z004343,2,9,0,18,0,0,0,0,0,0,2,1,1,1,7,1896,2,10,2,1
201320Z004353,1,21,1,11,0,1,0,0,0,0,1,1,1,1,8,10837,2,2,8,1
201320Z004353,2,9,0,15,0,1,1,0,5,7,2,1,6,2,6,2204,2,3,5,3
201320Z004363,1,9,0,6,0,1,0,0,0,0,1,1,6,1,-1,3189,1,9,-1,-1
201320Z004363,2,9,0,18,0,2,0,0,0,0,1,1,1,1,6,2993,2,-1,5,1
201320Z004383,1,21,1,11,0,0,0,0,0,0,4,1,1,1,5,8867,2,5,5,3
201320Z004383,2,9,0,18,0,0,0,0,0,0,4,1,6,1,6,1995,2,9,7,1
201320Z004393,1,9,0,18,0,0,1,7,7,6,1,1,1,1,6,2143,2,1,7,1
201320Z004393,2,9,0,18,0,0,1,0,0,0,1,1,1,1,6,2143,2,1,6,1
201320Z004393,3,9,0,18,0,0,1,0,0,0,1,1,1,1,5,1242,1,10,-1,-1
201320Z004403,1,9,0,18,0,0,0,0,0,0,1,1,2,2,6,1995,2,4,7,3
201320Z004403,2,9,0,18,0,0,0,0,0,0,2,1,2,2,8,1968,2,1,7,1
201320Z004403,3,9,0,18,0,0,0,0,0,0,2,1,2,1,7,2198,1,5,6,2
201320Z500013,1,21,1,11,0,0,0,0,0,0,1,1,1,1,10,12900,2,1,1,1
201320Z500013,2,9,0,18,0,0,0,0,0,0,3,1,2,2,6,1229,1,3,6,1
201320Z500033,1,9,0,18,0,8,0,0,0,0,1,1,6,3,-1,2987,2,6,-1,-1
201320Z500033,2,19,0,18,0,8,0,0,0,0,4,1,6,1,7,2402,2,13,-1,1
201320Z500043,1,9,0,18,0,0,0,0,0,0,1,1,6,1,-1,1769,1,11,-1,-1
201320Z500043,2,19,0,3,0,0,0,0,0,0,2,1,1,1,6,2198,2,-1,6,1
201320Z500053,1,9,0,18,0,0,0,0,0,0,1,1,6,1,6,1493,1,16,5,1
201320Z500053,2,9,0,4,0,0,0,0,0,0,2,1,6,1,6,1995,2,3,3,1
201320Z500053,3,9,0,4,0,0,0,0,0,0,2,1,6,1,7,1968,2,1,6,1
201320Z500063,1,19,0,18,0,0,0,0,0,0,1,1,1,1,7,2148,2,3,10,1
201320Z500063,2,9,0,18,0,0,0,0,0,0,2,1,6,2,8,1598,1,9,3,1
201320Z500063,3,19,0,18,0,0,0,0,0,0,2,1,1,1,8,1998,2,7,5,1
201320Z500063,4,9,0,1,0,0,0,0,0,0,0,1,6,1,11,1597,1,19,5,1
201320Z500073,1,21,1,12,0,0,0,0,0,0,1,1,1,1,6,15607,2,8,3,3
201320Z500073,2,9,0,18,0,0,0,0,1,7,4,1,6,1,8,1796,1,13,1,1
201320Z500093,1,9,0,4,0,0,1,0,0,0,1,1,1,1,5,1968,2,1,10,1
201320Z500093,2,9,0,12,0,0,0,0,0,0,2,1,2,1,6,1995,2,5,-1,-1
201320Z500113,1,21,1,4,0,0,0,0,0,0,1,1,1,1,10,11116,2,9,7,1
201320Z500113,2,9,0,4,0,0,0,0,0,0,2,1,2,2,-1,1995,2,1,1,1
201320Z500113,3,9,0,4,0,0,0,0,0,0,2,1,2,1,6,-1,-1,-1,-1,-1
201320Z500113,4,9,0,4,0,0,0,0,0,0,2,1,2,1,7,1560,2,2,1,1
201320Z500123,1,19,0,18,0,0,0,0,0,0,1,1,1,1,6,2151,2,9,8,1
201320Z500123,2,9,0,18,0,0,0,0,0,0,2,1,1,1,8,1995,2,7,8,3
201320Z500133,1,9,0,18,0,0,0,0,0,0,0,1,6,2,6,1596,1,11,3,1
201320Z500133,2,9,0,18,0,0,0,0,0,0,2,1,6,1,9,2179,2,1,2,1