Accident_Index,Vehicle_Reference,Vehicle_Type,Towing_and_Articulation,Vehicle_Manoeuvre,Vehicle_Location-Restricted_Lane,Junction_Location,Skidding_and_Overturning,Hit_Object_in_Carriageway,Vehicle_Leaving_Carriageway,Hit_Object_off_Carriageway,1st_Point_of_Impact,Was_Vehicle_Left_Hand_Drive?,Journey_Purpose_of_Driver,Sex_of_Driver,Age_Band_of_Driver,Engine_Capacity_(CC),Propulsion_Code,Age_of_Vehicle,Driver_IMD_Decile,Driver_Home_Area_Type
2013213001118,1,21,0,3,0,1,0,0,0,0,2,1,6,1,8,11000,2,14,-1,2
2013213001118,2,9,0,18,0,1,0,0,0,0,1,1,6,2,9,1339,1,5,9,1
2013213001122,1,19,0,17,0,0,0,0,0,0,0,1,6,3,-1,-1,-1,-1,-1,-1
2013213001122,2,9,0,17,0,0,0,0,0,0,4,1,6,1,5,1753,2,8,10,1
2013213001123,1,9,0,16,0,0,2,10,1,0,1,1,1,2,6,1229,1,2,9,1
2013213001127,1,9,0,4,0,1,0,0,0,0,1,1,1,1,8,2171,2,12,2,1
2013213001127,2,9,0,3,0,1,0,0,0,0,2,1,6,2,7,1997,2,6,8,2
2013213001127,3,9,0,10,0,1,0,0,0,0,0,1,6,2,7,-1,-1,-1,8,2
2013213001128,1,9,0,18,0,1,0,0,0,0,1,1,2,2,6,1560,2,8,7,1
2013213001128,2,2,0,3,0,1,0,0,0,0,2,1,2,1,7,49,1,3,7,1
2013213001129,1,9,0,18,0,8,0,0,0,0,1,1,6,1,11,1399,2,1,6,1
2013213001129,2,9,0,18,0,8,0,0,0,0,3,1,6,2,11,1560,2,4,10,3
2013213001129,3,9,0,18,0,1,0,0,0,0,2,1,6,1,8,1761,1,14,2,1
2013213001131,1,9,0,18,0,6,0,0,1,11,4,1,6,1,10,1868,2,13,2,1
2013213001131,2,9,0,18,0,8,0,0,0,0,1,1,6,1,4,1124,1,14,7,1
2013213001134,1,9,0,16,0,0,1,0,7,3,3,1,1,2,4,1242,1,12,8,1
2013213001135,1,9,0,1,0,2,0,0,0,0,2,1,6,2,8,2499,2,11,9,1
2013213001135,2,9,0,2,0,2,0,0,0,0,1,1,6,1,9,1998,2,6,2,1
2013213001138,1,9,0,1,0,1,0,0,0,0,2,1,2,1,4,1199,1,10,4,1
2013213001138,2,11,0,9,0,5,0,0,0,0,0,1,1,1,8,5900,2,14,1,1
2013213001139,1,11,0,16,0,0,0,0,0,0,1,1,1,1,9,-1,2,13,2,1
2013213001141,1,9,0,16,0,0,1,0,1,4,1,1,6,2,7,1339,1,7,8,3
2013213001142,1,98,0,11,0,4,0,0,0,0,4,1,1,3,-1,-1,-1,-1,-1,-1
2013213001142,2,9,0,18,0,4,0,0,0,0,3,1,6,2,6,-1,-1,-1,5,1
2013213001144,1,9,0,4,0,0,1,0,8,11,2,1,6,1,7,1998,1,15,5,1
2013213001146,1,9,0,18,0,0,0,0,0,0,3,1,6,1,7,1910,2,10,8,1
2013213001147,1,9,0,9,0,5,0,0,0,0,1,1,6,1,5,998,1,12,7,1
2013213001147,2,9,0,9,0,5,0,0,0,0,2,1,6,2,4,1200,1,11,7,1
2013213001148,1,9,0,13,0,2,0,0,0,0,1,1,6,3,-1,-1,-1,-1,-1,-1
2013213001148,2,1,0,18,0,2,0,0,0,0,2,1,2,1,5,-1,-1,-1,5,1
2013213001158,1,9,0,17,0,2,2,0,1,10,1,1,6,1,9,2830,2,20,7,3
2013213001160,1,9,0,13,0,0,0,0,0,0,4,1,6,1,7,1596,1,4,6,1
2013213001160,2,19,0,18,0,0,0,0,0,0,3,1,1,1,6,1995,2,1,6,3
2013213001160,3,21,1,18,0,0,0,0,0,0,2,1,1,1,-1,12740,2,3,-1,-1
2013213001163,1,19,0,18,0,1,0,0,0,0,1,1,1,1,6,2198,2,2,3,2
2013213001163,2,9,0,3,0,1,0,0,0,0,2,1,6,2,7,2000,2,8,10,2
2013213001164,1,9,0,16,0,0,1,0,1,1,1,1,6,1,5,1396,1,8,7,3
2013213001164,2,9,0,2,0,0,0,0,0,0,2,1,6,2,-1,1242,1,4,-1,-1
2013213001178,1,19,0,9,0,5,0,0,0,0,3,1,6,1,5,2198,2,3,5,1
2013213001178,2,3,0,13,0,8,0,0,0,0,1,1,6,1,4,99,1,32,1,1
2013213001178,3,9,0,4,0,1,0,0,0,0,0,1,6,1,6,1790,1,12,8,1
2013213001186,1,9,0,18,0,0,0,0,0,0,1,1,2,2,7,1588,1,15,2,1
2013213001186,2,9,0,2,0,0,0,0,0,0,2,1,6,1,10,1796,1,10,-1,-1
2013213001196,1,9,0,7,0,6,0,0,0,0,4,1,6,1,-1,-1,-1,-1,-1,-1
2013213001201,1,9,0,18,0,0,0,0,0,0,1,1,1,1,4,1299,1,13,10,1
2013213001201,2,9,0,2,0,0,0,0,0,0,1,1,6,1,-1,-1,-1,-1,-1,-1
2013213001201,3,9,0,2,0,0,0,0,0,0,2,1,6,2,-1,1248,1,3,-1,-1
2013213001203,1,9,0,16,0,1,0,0,0,0,3,1,6,2,7,1360,1,10,2,1
2013213001203,2,9,0,9,0,5,0,0,0,0,3,1,4,2,7,1596,1,3,2,1
2013213001206,1,9,0,7,0,5,0,0,0,0,4,1,6,1,6,1796,1,11,2,1
2013213001206,2,1,0,14,0,1,0,0,0,0,4,1,2,1,6,-1,-1,-1,4,1
2013213001206,3,1,0,14,0,1,0,0,0,0,1,1,6,1,5,-1,-1,-1,4,1
2013213001210,1,9,0,18,0,6,0,0,0,0,3,1,6,2,9,1124,1,10,6,1
2013213001210,2,9,0,18,0,8,0,0,0,0,1,1,6,2,4,1242,1,11,7,1
2013213001212,1,21,1,11,0,2,0,0,0,0,1,1,1,1,10,12900,2,2,7,2
2013213001212,2,9,0,16,0,2,0,0,0,0,3,1,6,2,7,1360,1,7,5,3
2013213001213,1,9,0,7,0,6,0,0,0,0,1,1,6,2,7,1896,2,12,6,1
2013213001213,2,9,0,4,0,2,0,0,0,0,2,1,6,2,9,973,1,11,5,1
2013213001216,1,3,0,9,0,5,0,0,0,0,1,1,6,1,4,124,1,12,2,1
2013213001216,2,9,0,18,0,1,0,0,0,0,1,1,6,2,7,1997,2,11,2,1
2013213001216,3,9,0,7,0,5,0,0,0,0,1,1,6,2,8,2993,2,1,10,1
2013213001217,1,9,0,18,0,6,0,0,0,0,1,1,6,1,11,1968,2,2,9,1
2013213001217,2,9,0,18,0,8,0,0,7,11,1,1,2,2,5,998,1,6,5,2
2013213001218,1,9,0,5,0,1,0,0,0,0,1,1,6,1,6,1995,2,7,5,1
2013213001218,2,9,0,8,0,1,0,0,0,0,2,1,6,1,8,1796,1,12,7,1
2013213001219,1,9,0,5,0,1,0,0,0,0,1,1,6,1,4,1242,1,9,3,1
2013213001219,2,9,0,3,0,1,0,0,0,0,2,1,6,2,6,1896,2,11,3,1
2013213001221,1,9,0,17,0,0,0,0,0,0,1,1,6,1,7,2776,2,7,-1,-1
2013213001221,2,9,0,3,0,0,0,0,0,0,2,1,2,1,7,1910,2,7,10,1
2013213001223,1,9,0,18,0,1,0,10,1,10,3,1,6,1,5,1124,1,12,6,1
2013213001223,2,9,0,9,0,5,0,0,0,0,3,1,1,1,6,1560,2,4,4,1
2013213001224,1,9,0,9,0,5,0,0,0,0,1,1,6,2,4,796,1,12,6,1
2013213001224,2,9,0,18,0,8,0,0,0,0,1,1,6,2,6,1995,2,-1,9,1
2013213001225,1,9,0,9,0,6,0,0,0,0,2,1,1,2,5,1124,1,11,6,1
2013213001225,2,3,0,18,0,8,0,0,0,0,3,1,1,1,8,124,1,1,2,1
2013213001226,1,9,0,18,0,6,0,0,0,0,1,1,6,1,-1,1995,2,1,-1,-1
2013213001226,2,9,0,18,0,8,0,0,0,0,3,1,6,2,7,1870,2,7,6,1
2013213001229,1,9,0,6,0,6,0,0,0,0,3,1,6,2,6,1796,1,14,5,1
2013213001229,2,20,0,18,0,8,1,0,1,11,1,1,1,1,7,4580,2,11,8,3
2013213001237,1,9,0,11,0,3,0,0,0,0,4,1,6,1,8,1999,1,10,8,1
2013213001237,2,9,0,18,0,3,0,0,0,0,1,1,1,1,6,1149,1,10,3,1
2013213001239,1,9,0,9,0,6,0,0,0,0,3,1,1,2,4,1299,1,12,8,2
2013213001239,2,9,0,16,0,8,0,0,0,0,1,1,6,2,6,1560,2,5,9,1
2013213001244,1,9,0,18,0,1,0,0,0,0,1,1,6,1,4,973,1,15,4,1
2013213001244,2,8,0,2,0,1,0,0,0,0,3,1,1,1,7,1896,2,6,1,1
2013213001245,1,9,0,9,0,5,0,0,0,0,1,1,6,1,4,-1,-1,-1,7,1
2013213001245,2,10,0,7,0,5,0,10,1,10,3,1,1,1,8,-1,-1,-1,6,1
2013213001246,1,9,0,18,0,1,0,0,0,0,1,1,6,1,10,1968,2,1,9,1
2013213001246,2,9,0,3,0,1,0,0,0,0,2,1,6,2,6,1242,1,2,5,1
2013213001250,1,9,0,14,0,1,0,0,0,0,1,1,6,1,7,1587,1,12,3,1
2013213001250,2,9,0,14,0,2,0,0,0,0,1,1,6,2,9,1242,1,12,7,1
2013213001250,3,9,0,2,0,1,0,0,0,0,3,1,6,2,7,1679,1,12,5,1
2013213001254,1,9,0,17,0,6,0,0,0,0,0,1,6,3,-1,-1,-1,-1,-1,-1
2013213001254,2,3,0,4,0,1,0,0,0,0,3,1,6,1,7,124,1,6,8,1
2013213001259,1,9,0,17,0,0,0,0,0,0,1,1,6,1,5,1781,1,11,-1,-1
2013213001259,2,9,0,11,0,0,0,0,0,0,3,1,1,1,7,2967,2,2,-1,-1
2013213001259,3,9,0,11,0,0,0,0,0,0,1,1,1,1,-1,2400,2,1,-1,-1
2013213001260,1,3,0,18,0,0,0,0,0,0,1,1,2,1,7,125,1,2,8,1
2013213001260,2,9,0,4,0,0,0,0,0,0,2,1,6,2,6,-1,-1,-1,5,1
2013213001266,1,9,0,5,0,6,0,0,0,0,1,1,2,2,5,1299,1,10,10,1
2013213001266,2,9,0,17,0,8,0,10,1,7,4,1,2,2,7,998,1,7,10,1
2013213001269,1,19,0,17,0,0,0,0,0,0,1,1,6,1,6,1686,2,8,4,1
2013213001269,2,9,0,2,0,0,0,0,0,0,2,1,6,3,-1,1796,1,11,-1,-1
2013213001271,1,9,0,1,0,6,0,0,0,0,2,1,6,2,10,1229,1,7,3,1
2013213001271,2,9,0,18,0,8,0,0,0,0,4,1,6,1,6,1598,1,6,3,1
2013213001272,1,9,0,9,0,6,0,0,0,0,1,1,1,2,6,998,1,10,-1,-1
2013213001272,2,1,0,18,0,2,0,0,0,0,1,1,1,1,-1,-1,-1,-1,8,1
2013213001277,1,5,0,18,0,0,0,0,0,0,1,1,6,1,5,636,1,14,5,1
2013213001277,2,9,0,1,0,0,0,0,0,0,1,1,6,1,7,1997,1,13,5,1
2013213001282,1,9,0,17,0,2,0,0,0,0,1,1,6,1,5,1968,2,4,9,1
2013213001282,2,9,0,16,0,1,0,0,1,0,1,1,2,1,4,1149,1,8,7,1
2013213001282,3,9,0,2,0,2,0,0,0,0,1,1,6,1,-1,1399,1,4,-1,-1
2013213001282,4,9,0,2,0,2,0,0,0,0,1,1,6,1,-1,1598,1,7,-1,-1
2013213001282,5,9,0,2,0,2,0,0,0,0,2,1,6,1,-1,1968,2,1,-1,-1
2013213001285,1,19,0,17,0,0,0,0,0,0,3,1,6,1,7,2402,2,11,9,3
2013213001287,1,9,0,4,0,1,0,0,0,0,1,1,6,2,7,1796,1,5,10,2
2013213001287,2,9,0,9,0,5,0,0,0,0,3,1,6,1,7,-1,-1,-1,-1,-1
2013213001288,1,9,0,18,0,8,2,0,3,2,4,1,1,1,6,1956,2,-1,8,1
2013213001289,1,9,0,18,0,0,0,0,0,0,3,1,6,2,9,2967,2,4,10,3
2013213001289,2,9,0,18,0,0,0,0,0,0,3,1,6,2,9,2993,2,2,7,3
2013213001294,1,9,0,9,0,5,0,0,0,0,1,1,6,1,5,1198,1,1,3,1
2013213001294,2,3,0,18,0,8,0,0,0,0,3,1,2,1,7,125,1,6,2,1
2013213001296,1,9,0,16,0,2,0,0,0,0,1,1,6,3,-1,-1,-1,-1,-1,-1
2013213001296,2,1,0,5,0,2,0,0,0,0,4,1,6,1,4,-1,-1,-1,1,1
2013213001300,1,8,0,9,0,5,0,0,0,0,1,1,1,1,7,1560,2,6,1,1
2013213001301,1,9,0,5,0,6,0,0,0,0,3,1,1,2,5,1299,1,9,5,1
2013213001301,2,1,0,18,0,8,0,0,0,0,1,1,1,1,7,-1,-1,-1,7,3
2013213001302,1,9,0,9,0,6,0,0,0,0,1,1,6,1,6,1490,1,5,8,1
2013213001302,2,9,0,18,0,8,0,10,7,10,4,1,6,1,10,1975,1,10,8,1
2013213001303,1,9,0,18,0,1,0,0,0,0,1,1,1,2,7,1598,1,1,7,3
2013213001303,2,9,0,3,0,1,0,0,0,0,2,1,1,2,8,1396,1,10,8,1
2013213001305,1,21,1,18,0,0,0,0,0,0,1,1,1,1,9,12419,2,1,8,3
2013213001311,1,9,0,18,0,0,0,0,0,0,3,1,2,1,5,1560,2,2,7,1
2013213001311,2,9,0,18,0,0,0,0,0,0,3,1,6,1,9,1390,1,2,10,1
2013213001313,1,9,0,5,0,2,0,0,0,0,1,1,2,1,8,1596,1,8,7,2
2013213001313,2,9,0,3,0,2,0,0,0,0,2,1,6,1,8,1796,1,9,5,1
2013213001314,1,9,0,13,0,0,0,0,0,0,4,1,6,1,-1,1360,1,12,-1,-1
2013213001314,2,1,0,18,0,0,0,0,0,0,3,1,6,1,9,-1,-1,-1,6,1
2013213001315,1,9,0,14,0,8,0,0,0,0,3,1,6,1,11,1560,2,2,6,1
2013213001327,1,5,0,16,0,0,1,0,1,10,1,1,6,1,5,599,1,15,6,3
2013213001327,2,9,0,17,0,0,0,0,0,0,3,1,6,1,7,1997,2,1,9,1
2013213001328,1,4,0,16,0,0,0,0,0,0,0,1,6,1,8,398,1,10,4,1
2013213001330,1,9,0,12,0,0,1,0,4,6,1,1,6,2,4,1242,1,1,9,2
2013213001330,2,9,0,18,0,0,0,0,0,0,2,1,1,1,4,1686,2,3,5,1
2013213001330,3,20,0,18,0,0,0,0,0,0,3,1,6,1,8,4580,2,5,4,1
2013213001330,4,9,0,18,0,0,0,0,0,0,4,1,6,1,9,2179,2,3,4,1
2013213001337,1,9,0,18,0,0,0,0,0,0,3,1,1,2,8,1329,1,1,7,1
2013213001344,1,9,0,18,0,4,0,0,0,0,1,1,1,1,7,1124,1,5,10,2
2013213001344,2,1,0,18,0,8,0,0,0,0,4,1,1,1,7,-1,-1,-1,7,1
2013213001345,1,8,0,9,0,5,0,0,0,0,1,1,1,1,9,1997,2,1,8,1
2013213001345,2,9,0,18,0,8,0,0,0,0,1,1,2,1,4,1590,1,10,4,1
2013213001346,1,9,0,14,0,0,0,0,0,0,4,1,6,3,-1,-1,-1,-1,-1,-1
2013213001346,2,19,0,2,0,0,0,0,0,0,0,1,6,1,8,-1,-1,-1,7,3
2013213001348,1,9,0,16,0,1,1,0,2,10,1,1,1,1,6,1598,1,12,7,1
2013213001348,2,9,0,16,0,1,0,0,0,0,1,1,2,2,5,1198,1,10,8,3
2013213001351,1,9,0,17,0,8,2,10,1,10,1,1,2,2,5,1299,1,14,10,1
2013213001352,1,9,0,18,0,0,0,0,1,0,1,1,2,1,7,1360,1,7,5,1
2013213001354,1,9,0,13,0,8,1,0,0,0,1,1,6,1,6,1796,1,15,3,2
2013213001354,2,19,0,17,0,8,0,0,0,0,1,1,6,1,7,1870,2,15,5,1
2013213001354,3,9,0,16,0,8,0,0,0,0,0,1,1,2,9,1998,1,9,6,1
2013213001358,1,9,0,18,0,2,0,0,0,0,1,1,6,2,7,-1,-1,-1,4,3
2013213001358,2,9,0,3,0,2,0,0,0,0,2,1,6,1,9,1997,2,7,8,2
2013213001359,1,21,0,9,0,6,0,0,0,0,3,1,1,1,6,10837,2,6,1,1
2013213001359,2,9,0,18,0,8,0,0,0,0,1,1,1,1,7,1596,1,11,8,1
2013213001360,1,9,0,1,0,0,0,0,0,0,2,1,6,1,5,2500,2,14,-1,-1
2013213001360,2,9,0,3,0,0,0,0,0,0,1,1,1,1,6,1560,2,2,7,1
2013213001367,1,9,0,18,0,1,0,10,7,10,1,1,6,1,7,1242,1,14,1,1
2013213001369,1,9,0,7,0,6,0,0,0,0,2,1,6,1,10,2663,2,18,5,3
2013213001369,2,21,0,18,0,8,0,0,0,0,1,1,1,1,7,12580,2,7,-1,-1
2013213001379,1,8,0,5,0,1,0,0,0,0,1,1,1,1,-1,2231,2,5,-1,-1
2013213001383,1,9,0,7,0,6,0,0,0,0,1,1,6,1,-1,1968,2,3,-1,-1
2013213001383,2,1,0,18,9,8,0,0,0,0,1,1,1,1,6,-1,-1,-1,4,1
2013213001384,1,9,0,18,0,4,0,0,0,0,1,1,6,2,9,2198,2,4,10,1
2013213001384,2,1,0,18,0,8,0,0,0,0,4,1,6,1,8,-1,-1,-1,5,1
2013213001392,1,9,0,18,0,0,0,0,0,0,1,1,6,2,-1,1390,1,10,10,2
2013213001392,2,9,0,3,0,0,0,0,0,0,2,1,2,2,8,1975,1,12,9,1
2013213001393,1,9,0,18,0,2,0,0,0,0,1,1,6,1,4,-1,-1,-1,10,1
2013213001393,2,9,0,2,0,2,0,0,0,0,2,1,6,3,-1,1497,8,-1,-1,-1
2013213001393,3,9,0,4,0,2,0,0,0,0,0,1,6,3,-1,-1,-1,-1,-1,-1
2013213001396,1,11,0,4,0,6,0,0,0,0,0,1,1,1,7,5900,2,18,3,1
2013213001396,2,9,0,18,0,8,0,0,0,0,0,1,6,3,-1,-1,-1,-1,-1,-1
2013213001398,1,9,0,9,0,5,0,0,0,0,1,1,6,1,4,1149,1,11,3,1
2013213001398,2,8,0,18,0,8,0,0,0,0,1,1,1,1,7,1242,1,9,2,1
2013213001402,1,9,0,18,0,0,0,0,0,0,1,1,6,1,9,1998,2,10,6,1
2013213001402,2,9,0,3,0,0,0,0,0,0,2,1,1,1,6,2171,1,9,5,1
2013213001402,3,9,0,3,0,0,0,0,0,0,2,1,1,1,8,1360,1,12,1,1
2013213001403,1,9,0,11,0,0,0,0,0,0,1,1,2,1,7,1796,1,13,3,1
2013213001403,2,19,0,18,0,0,5,0,1,10,2,1,2,1,6,-1,-1,-1,6,1
2013213001405,1,9,0,9,0,5,0,0,0,0,1,1,6,2,9,1240,1,8,10,1
2013213001405,2,9,0,16,0,8,0,0,0,0,1,1,2,2,6,1399,1,3,5,1
2013213001408,1,9,0,9,0,6,0,0,0,0,1,1,6,1,7,1968,2,1,9,1
2013213001408,2,9,0,18,0,8,0,0,0,0,1,1,2,1,4,954,1,17,1,1
2013213001411,1,9,0,18,0,0,0,0,7,11,1,1,6,1,10,1598,1,2,10,1
2013213001412,1,9,0,7,0,6,0,0,0,0,1,1,1,1,6,1497,1,9,5,1
2013213001412,2,9,0,18,0,8,0,0,0,0,1,1,6,1,10,2495,1,12,8,2
2013213001413,1,9,0,12,0,0,0,0,0,0,0,1,6,1,7,3000,2,13,9,1
2013213001413,2,9,0,4,0,0,5,0,1,4,1,1,1,1,6,2495,2,10,9,3
2013213001415,1,21,1,18,0,7,0,0,0,0,3,2,1,1,8,-1,-1,-1,-1,-1
2013213001415,2,9,0,18,0,8,0,0,0,0,4,1,1,1,8,-1,-1,-1,7,2
2013213001418,1,9,0,5,0,6,0,0,0,0,1,1,6,1,7,1995,2,11,3,1
2013213001422,1,9,0,17,0,0,1,0,7,4,1,1,6,1,4,1149,1,7,8,1
2013213001424,1,9,0,16,0,0,1,0,0,0,1,1,6,1,7,-1,-1,-1,2,1
2013213001424,2,9,0,17,0,0,0,0,0,0,1,1,6,1,9,3952,1,19,10,1
2013213001425,1,9,0,17,0,0,0,0,0,0,1,1,6,2,6,1596,1,7,1,1
2013213001426,1,9,0,9,0,3,1,0,2,7,1,1,2,2,6,1299,1,9,8,2
2013213001427,1,9,0,17,0,8,0,0,1,10,1,1,6,1,6,1596,1,10,1,1
2013213001428,1,9,0,13,0,0,0,0,0,0,0,1,6,3,-1,-1,-1,-1,-1,-1
2013213001428,2,5,0,18,0,0,0,0,0,0,0,1,2,1,7,998,1,4,9,2
2013213001428,3,9,0,18,0,0,0,0,0,0,0,1,6,3,-1,-1,-1,-1,-1,-1
2013213001431,1,9,0,9,0,6,0,0,0,0,1,1,1,2,8,1332,1,14,6,1
2013213001431,2,9,0,18,0,8,0,0,0,0,1,1,2,1,8,1781,1,11,1,1
2013213001439,1,9,0,9,0,5,0,0,0,0,1,1,6,1,11,-1,-1,-1,7,1
2013213001440,1,9,0,9,0,5,0,0,0,0,1,1,6,1,7,1998,1,7,2,1
2013213001440,2,9,0,18,0,8,0,0,0,0,1,1,6,2,7,998,1,4,8,3
2013213001443,1,9,0,9,0,6,0,0,0,0,1,1,6,1,-1,-1,-1,-1,-1,-1
2013213001443,2,1,0,18,0,8,0,0,0,0,1,1,6,1,4,-1,-1,-1,5,1
2013213001452,1,9,0,16,0,2,2,0,7,10,1,1,2,1,8,1360,1,11,5,1
2013213001453,1,9,0,17,0,0,5,0,1,1,1,1,1,1,9,2656,1,5,9,1
2013213001455,1,9,0,16,0,0,0,0,0,0,1,1,6,1,5,1796,1,7,7,1
2013213001455,2,9,0,2,0,0,0,0,0,0,3,1,6,1,-1,1560,2,2,-1,-1
2013213001464,1,9,0,7,0,5,0,0,0,0,1,1,6,1,5,1124,1,11,6,1
2013213001464,2,9,0,9,0,6,0,7,0,0,2,1,6,3,5,1598,1,2,3,1
2013213001465,1,9,0,13,0,8,0,0,0,0,1,1,6,1,11,1998,1,7,10,1
2013213001465,2,17,0,9,0,5,0,0,0,0,3,1,1,1,5,-1,-1,-1,10,2
2013213001465,3,21,0,18,0,1,0,0,0,0,0,1,1,3,-1,12900,2,1,-1,-1
2013213001466,1,9,0,9,0,6,0,0,0,0,1,1,6,1,6,1997,1,6,7,1
2013213001466,2,9,0,17,0,8,0,0,0,0,3,1,6,1,5,1396,1,8,7,1
2013213001467,1,9,0,9,0,5,0,0,0,0,1,1,6,1,10,1997,2,1,5,1
2013213001467,2,22,0,18,9,8,0,0,0,0,1,1,6,2,9,-1,-1,-1,5,1
2013213001471,1,9,0,6,0,5,0,0,0,0,1,1,6,1,10,1590,1,9,8,3
2013213001471,2,9,0,18,0,8,0,0,1,10,1,1,6,2,8,1595,1,12,5,1
2013213001476,1,9,0,18,0,0,5,0,1,9,1,1,2,1,6,1196,1,16,2,1
2013213001478,1,9,0,18,0,1,0,0,0,0,1,1,6,1,7,1984,1,2,-1,-1
2013213001478,2,9,0,3,0,1,0,0,0,0,1,1,1,1,7,2967,2,2,-1,-1
2013213001478,3,9,0,3,0,1,0,0,0,0,4,1,1,1,7,2967,2,2,-1,-1
2013213001478,4,9,0,3,0,1,0,0,0,0,0,1,1,1,7,2993,2,3,-1,-1
2013213001481,1,8,0,18,0,0,0,0,0,0,1,1,6,1,7,1997,2,6,3,1
2013213001483,1,9,0,18,0,0,2,10,1,10,1,1,6,1,4,1149,1,16,3,1
2013213001485,1,9,0,13,0,0,0,0,0,0,1,1,6,3,-1,-1,-1,-1,-1,-1
2013213001485,2,1,0,1,0,0,0,0,0,0,1,1,1,1,5,-1,-1,-1,4,1
2013213001486,1,19,0,18,0,0,0,0,0,0,1,1,6,1,-1,1399,2,3,7,1
2013213001486,2,9,0,3,0,0,0,0,0,0,2,1,1,2,8,1229,1,1,3,1
2013213001487,1,9,0,18,0,0,0,0,0,0,3,1,3,2,6,1970,1,15,4,1
2013213001488,1,9,0,18,0,0,0,0,0,0,1,1,6,2,4,1124,1,9,1,1
2013213001488,2,19,0,17,0,0,0,0,0,0,1,1,2,1,8,1870,2,11,5,1
2013213001489,1,9,0,4,0,6,0,0,0,0,2,1,6,1,6,2979,1,11,2,1
2013213001489,2,9,0,9,0,8,0,0,0,0,4,1,6,1,7,2967,1,10,6,1
2013213001493,1,9,0,18,0,0,1,0,0,0,1,1,2,1,8,2685,2,9,8,1
2013213001493,2,9,0,4,0,0,0,0,0,0,2,1,2,1,8,1956,2,2,7,1
2013213001495,1,9,0,9,0,5,0,0,0,0,4,1,6,1,7,1368,1,2,1,1
2013213001495,2,9,0,18,0,8,0,0,0,0,1,1,6,2,8,1390,1,12,3,1
2013213001498,1,9,0,18,0,6,0,0,0,0,1,1,6,2,8,1390,1,1,10,3
2013213001498,2,9,0,18,0,8,0,0,0,0,2,1,6,1,6,-1,-1,-1,6,1
2013213001499,1,9,0,18,0,1,0,0,0,0,1,1,6,1,9,1360,1,8,4,1
2013213001499,2,22,0,18,0,8,0,0,0,0,1,1,6,2,11,-1,-1,-1,2,1
2013213001500,1,9,0,18,0,0,0,0,0,0,1,1,6,2,6,999,1,4,3,1
2013213001500,2,9,0,4,0,0,0,0,0,0,2,1,6,1,8,1870,2,8,7,1
2013213001500,3,9,0,7,0,0,0,0,0,0,0,1,6,3,-1,-1,-1,-1,-1,-1
2013213001502,1,17,4,13,0,0,0,0,0,0,4,1,1,1,9,-1,2,4,6,3
2013213001502,2,1,0,18,0,0,0,0,1,10,2,1,6,1,8,-1,-1,-1,9,2
2013213001512,1,98,0,7,0,5,0,0,0,0,1,1,6,1,-1,-1,-1,-1,7,3
2013213001524,1,9,0,9,0,6,0,0,0,0,1,1,6,2,7,1997,2,1,7,1
2013213001524,2,9,0,18,0,8,0,0,0,0,1,1,6,2,11,1598,1,13,4,1
2013213001528,1,19,0,12,0,1,5,0,0,0,3,1,6,1,5,2148,2,7,1,1
2013213001528,2,21,0,13,0,1,0,0,0,0,4,1,1,1,7,11705,2,1,3,1
2013213001528,3,9,0,4,0,1,0,0,0,0,0,1,6,3,-1,-1,-1,-1,-1,-1
2013213001529,1,9,0,17,0,2,0,10,1,10,4,1,6,1,5,1242,1,9,10,2
2013213001530,1,9,0,18,0,0,0,0,7,11,3,1,6,1,11,1388,1,2,10,1
2013213001531,1,9,0,5,0,1,0,0,0,0,1,1,6,1,10,1587,1,11,9,3
2013213001533,1,9,0,16,0,0,2,0,8,10,1,1,2,1,5,1596,1,8,7,3
2013213001539,1,9,0,5,0,0,0,0,0,0,1,1,2,2,7,1560,2,5,7,1
2013213001539,2,9,0,3,0,0,0,0,0,0,2,1,2,2,4,973,1,12,8,1
2013213001539,3,9,0,3,0,0,0,0,0,0,2,1,2,2,7,1360,1,7,9,1
2013213001543,1,9,0,16,0,0,2,0,1,3,1,1,6,1,4,1596,1,5,7,3
2013213001550,1,3,0,13,0,8,0,0,0,0,1,1,1,1,5,124,1,12,6,1
2013213001550,2,9,0,9,0,5,0,0,0,0,3,1,1,1,8,1461,2,1,3,1
2013213001561,1,9,0,9,0,6,0,0,0,0,1,1,1,1,8,-1,-1,-1,8,1
2013213001562,1,9,0,18,0,4,0,0,0,0,1,1,6,2,4,1199,1,12,3,1
2013213001562,2,1,0,18,0,8,0,0,0,0,4,1,1,1,9,-1,-1,-1,7,1
2013213001563,1,9,0,6,0,0,0,0,0,0,3,1,6,2,10,1388,1,11,2,1
2013213001563,2,4,0,18,0,0,0,0,0,0,1,1,6,1,7,498,1,10,3,1
2013213001564,1,9,0,6,0,6,0,0,0,0,3,1,6,2,7,1598,1,7,2,1
2013213001564,2,3,0,18,0,8,0,0,0,0,1,1,6,1,4,125,1,14,8,1
2013213001565,1,19,0,18,0,0,0,0,2,7,1,1,6,1,4,1995,2,5,3,1