Accident_Index,Vehicle_Reference,Vehicle_Type,Towing_and_Articulation,Vehicle_Manoeuvre,Vehicle_Location-Restricted_Lane,Junction_Location,Skidding_and_Overturning,Hit_Object_in_Carriageway,Vehicle_Leaving_Carriageway,Hit_Object_off_Carriageway,1st_Point_of_Impact,Was_Vehicle_Left_Hand_Drive?,Journey_Purpose_of_Driver,Sex_of_Driver,Age_Band_of_Driver,Engine_Capacity_(CC),Propulsion_Code,Age_of_Vehicle,Driver_IMD_Decile,Driver_Home_Area_Type
2013213001569,1,19,0,18,0,0,0,0,0,0,1,1,2,1,4,2143,2,1,10,3
2013213001569,2,9,0,4,0,0,0,0,4,6,2,1,6,1,6,1998,1,10,6,1
2013213001577,1,9,0,18,0,8,0,0,0,0,1,1,1,2,-1,1149,1,6,4,1
2013213001577,2,9,0,7,0,6,0,0,0,0,2,1,6,1,5,1390,1,11,2,1
2013213001578,1,9,0,13,0,0,1,0,7,10,1,1,6,1,4,1390,1,1,10,2
2013213001578,2,9,0,18,0,0,0,0,0,0,0,1,6,3,-1,-1,-1,-1,-1,-1
2013213001578,3,9,0,18,0,0,0,0,0,0,0,1,6,3,-1,-1,-1,-1,-1,-1
2013213001580,1,3,0,9,0,6,0,0,0,0,1,1,6,2,6,124,1,3,3,1
2013213001580,2,9,0,18,0,8,0,0,0,0,1,1,1,1,8,1998,1,10,3,1
2013213001581,1,9,0,16,0,5,1,0,7,7,1,1,6,1,6,1248,2,5,5,1
2013213001582,1,9,0,18,0,6,0,0,0,0,1,1,6,1,7,1796,1,9,4,1
2013213001582,2,1,0,18,0,8,0,0,0,0,1,1,6,1,7,-1,-1,-1,1,1
2013213001584,1,9,0,17,0,0,2,0,1,0,1,1,6,1,4,1242,1,11,10,2
2013213001585,1,9,0,18,0,0,0,0,0,0,1,1,6,1,5,1396,1,9,4,1
2013213001585,2,9,0,2,0,0,0,0,0,0,2,1,6,2,8,1598,1,4,-1,-1
2013213001597,1,9,0,5,0,1,0,0,0,0,1,1,1,1,5,-1,-1,-1,9,3
2013213001597,2,9,0,3,0,1,0,0,0,0,2,1,1,1,7,1598,2,1,3,1
2013213001599,1,9,0,1,0,0,0,0,0,0,2,1,6,2,8,1991,2,6,10,1
2013213001599,2,9,0,2,0,0,0,0,0,0,1,1,6,2,7,1389,1,18,5,1
2013213001600,1,9,0,9,0,6,0,0,0,0,3,1,6,2,9,1910,2,4,9,3
2013213001600,2,9,0,16,0,1,0,0,0,0,1,1,1,1,5,1199,1,12,6,1
2013213001603,1,9,0,18,0,6,0,0,0,0,1,1,6,2,7,-1,-1,-1,7,3
2013213001603,2,9,0,18,0,8,0,0,0,0,3,1,6,1,5,1198,1,5,6,1
2013213001603,3,9,0,3,0,1,0,0,0,0,1,1,6,1,6,1995,2,8,1,1
2013213001606,1,9,0,9,0,6,0,0,0,0,3,1,2,1,5,1396,1,12,8,1
2013213001606,2,9,0,17,0,8,0,0,0,0,1,1,6,2,10,1360,1,10,9,3
2013213001607,1,9,0,18,0,1,0,0,0,0,1,1,6,2,10,1246,1,8,10,1
2013213001607,2,9,0,10,0,1,0,0,0,0,2,1,6,2,6,1360,1,11,5,1
2013213001610,1,9,0,18,0,8,2,10,1,10,1,1,6,2,5,1870,2,9,9,1
2013213001610,2,9,0,18,0,6,0,0,0,0,0,1,6,3,-1,-1,-1,-1,-1,-1
2013213001610,3,9,0,9,0,1,0,0,0,0,0,1,6,3,-1,-1,-1,-1,-1,-1
2013213001611,1,9,0,3,0,1,0,0,0,0,4,1,6,1,6,1781,1,12,10,1
2013213001611,2,9,0,11,0,1,0,0,0,0,3,1,6,1,5,1242,1,10,8,2
2013213001617,1,9,0,18,0,1,0,0,0,0,1,1,1,1,6,1299,1,9,2,1
2013213001617,2,9,0,10,0,8,0,0,0,0,2,1,6,1,7,1796,1,14,-1,-1
2013213001619,1,9,0,9,0,6,0,0,0,0,1,1,6,2,4,998,1,1,3,1
2013213001619,2,9,0,18,0,8,0,0,0,0,4,1,6,1,7,1124,1,12,9,1
2013213001620,1,9,0,17,0,0,1,0,7,7,1,1,1,2,8,1461,2,-1,4,1
2013213001621,1,9,0,4,0,0,0,0,0,0,1,1,6,1,6,1997,2,1,-1,-1
2013213001621,2,9,0,18,0,0,0,0,0,0,2,1,6,1,-1,-1,-1,-1,-1,3
2013213001631,1,9,0,18,0,0,0,0,0,0,1,1,1,1,-1,-1,-1,-1,7,1
2013213001631,2,9,0,18,0,0,0,0,0,0,2,1,1,2,8,1910,2,3,8,3
2013213001632,1,9,0,4,0,4,0,0,0,0,2,1,6,1,-1,1586,1,10,-1,3
2013213001632,2,9,0,18,0,1,0,0,0,0,1,1,6,2,4,1390,1,12,9,1
2013213001634,1,19,0,4,0,6,1,0,0,0,1,1,1,1,5,2402,2,6,-1,-1
2013213001634,2,9,0,4,0,8,1,0,1,4,1,1,6,2,8,1796,1,9,4,1
2013213001635,1,9,0,18,0,0,0,0,0,0,1,1,6,2,6,1599,1,9,4,1
2013213001635,2,9,0,4,0,0,0,0,0,0,2,1,6,2,6,1108,1,15,-1,-1
2013213001638,1,9,0,18,0,0,1,0,1,11,1,1,1,1,4,1364,1,6,7,3
2013213001644,1,9,0,18,0,8,0,0,0,0,1,1,6,2,7,2987,2,7,7,2
2013213001644,2,9,0,4,0,8,0,0,0,0,2,1,6,1,7,2696,2,6,4,1
2013213001645,1,5,0,18,0,0,0,0,0,0,0,1,1,1,6,600,1,11,8,1
2013213001646,1,9,0,18,0,1,0,0,0,0,4,1,2,1,7,-1,-1,-1,7,2
2013213001646,2,1,0,15,0,1,0,0,0,0,3,1,2,1,6,-1,-1,-1,-1,-1
2013213001648,1,9,0,9,0,6,0,0,0,0,3,1,6,1,7,1995,2,1,6,3
2013213001648,2,9,0,18,0,8,0,0,0,0,1,1,1,2,4,1124,1,10,10,1
2013213001648,3,9,0,9,0,5,0,0,0,0,0,1,6,3,-1,-1,-1,-1,-1,-1
2013213001650,1,9,0,18,0,1,0,0,0,0,1,1,6,1,7,1956,2,1,8,3
2013213001650,2,9,0,7,0,1,0,0,0,0,2,1,1,1,7,2034,1,8,8,2
2013213001651,1,9,0,16,0,0,1,0,0,0,3,1,2,1,9,1868,2,13,1,1
2013213001651,2,19,0,2,0,0,0,0,0,0,2,1,6,1,-1,1598,2,6,-1,-1
2013213001653,1,19,0,4,0,1,0,0,7,7,1,1,1,1,6,1753,2,6,5,1
2013213001653,2,9,0,3,0,1,0,0,0,0,2,1,6,2,6,1598,1,12,5,1
2013213001653,3,9,0,10,0,1,0,0,0,0,2,1,2,2,4,1397,1,3,9,1
2013213001653,4,9,0,18,0,1,0,0,0,0,0,1,6,2,7,1995,2,6,8,3
2013213001661,1,9,0,4,0,1,1,0,0,0,1,1,6,1,5,1149,1,4,7,3
2013213001661,2,9,0,4,0,1,0,0,0,0,2,1,6,1,8,2000,1,16,2,1
2013213001663,1,9,0,16,0,1,0,0,0,0,2,1,1,1,9,1596,1,1,8,2
2013213001663,2,9,0,16,0,1,0,0,0,0,1,1,1,1,6,1995,2,3,8,3
2013213001663,3,19,0,10,0,8,0,0,0,0,0,1,6,3,-1,2402,2,12,-1,-1
2013213001665,1,9,0,1,0,8,0,0,0,0,2,1,6,1,10,1560,2,7,2,1
2013213001666,1,9,-1,18,0,0,0,-1,7,-1,-1,-1,6,3,-1,-1,-1,-1,-1,-1
2013213001667,1,9,3,17,0,0,4,0,0,0,1,1,6,1,10,1998,2,5,9,2
2013213001667,2,21,1,16,0,0,0,0,0,0,3,1,1,1,8,11705,2,10,5,3
2013213001676,1,21,1,7,0,3,0,0,0,0,1,1,1,1,9,12777,2,3,7,3
2013213001676,2,9,0,7,0,3,0,0,0,0,3,1,6,1,8,-1,-1,-1,2,1
2013213001677,1,9,0,18,0,1,0,0,0,0,1,1,2,2,8,2993,2,1,-1,-1
2013213001677,2,9,0,3,0,1,0,0,0,0,2,1,6,2,8,1299,1,12,8,1
2013213001678,1,9,0,18,0,0,2,10,7,10,4,1,6,1,4,999,1,12,8,1
2013213001680,1,9,0,16,0,0,0,0,0,0,3,1,1,2,5,1229,1,3,9,1
2013213001680,2,9,0,17,0,0,0,0,0,0,3,1,2,1,8,1997,2,6,5,3
2013213001684,1,9,0,18,0,8,0,0,0,0,4,1,6,1,5,2972,1,9,10,1
2013213001684,2,9,0,18,0,6,0,0,0,0,1,1,6,1,9,-1,-1,-1,7,3
2013213001693,1,9,0,17,0,0,1,0,7,10,1,1,6,1,4,1396,1,1,8,3
2013213001694,1,9,0,1,0,0,0,0,0,0,2,1,1,1,7,-1,-1,-1,10,1
2013213001697,1,9,0,18,0,1,0,0,0,0,1,1,6,1,6,1753,2,11,-1,-1
2013213001697,2,9,0,8,0,1,0,0,0,0,2,1,6,1,5,1998,1,9,4,1
2013213001702,1,8,0,4,0,0,0,0,0,0,1,1,1,1,9,1896,2,5,2,1
2013213001702,2,9,0,4,0,0,0,0,0,0,2,1,6,2,9,1800,1,14,8,1
2013213001702,3,9,0,4,0,0,0,0,0,0,2,1,1,2,8,1796,1,10,3,1
2013213001703,1,9,0,16,0,0,0,0,0,0,4,1,2,1,6,-1,-1,-1,10,1
2013213001704,1,9,0,18,0,8,0,0,0,0,1,1,6,2,9,1798,1,3,10,2
2013213001704,2,9,0,9,0,5,0,0,0,0,1,1,6,2,4,1199,1,13,8,1
2013213001705,1,19,0,18,0,0,0,0,0,0,1,1,1,1,6,1461,2,4,5,1
2013213001705,2,9,0,4,0,0,0,0,0,0,2,1,6,1,7,1910,2,8,1,1
2013213001705,3,9,0,2,0,0,0,0,0,0,0,1,6,1,-1,1390,1,17,-1,-1
2013213001706,1,9,0,17,0,0,1,0,1,1,4,1,1,2,5,1686,2,6,1,1
2013213001707,1,9,0,3,0,0,0,0,0,0,2,1,2,2,6,1229,1,5,6,1
2013213001707,2,9,0,18,0,0,0,0,0,0,1,1,6,1,5,1753,2,13,6,3
2013213001709,1,9,0,18,0,1,0,0,0,0,4,1,6,1,8,1390,1,9,5,1
2013213001711,1,9,0,4,0,1,1,0,0,0,1,1,6,2,9,1397,1,11,5,1
2013213001711,2,9,0,18,0,8,0,0,0,0,3,1,1,2,8,998,1,8,4,1
2013213001712,1,9,0,1,0,6,0,0,0,0,2,1,6,1,5,1388,1,12,9,1
2013213001712,2,3,0,16,0,8,0,0,0,0,1,1,6,1,7,49,1,1,2,1
2013213001713,1,9,0,18,0,1,0,0,0,0,1,1,1,1,8,1700,2,13,3,1
2013213001714,1,9,0,18,0,4,0,0,0,0,1,1,6,1,7,1686,2,9,4,2
2013213001714,2,9,0,17,0,8,0,0,0,0,4,1,6,1,10,-1,-1,-1,2,1
2013213001715,1,9,0,18,0,4,0,0,0,0,1,1,6,1,-1,1753,2,13,9,1
2013213001715,2,1,0,9,0,8,0,0,0,0,4,1,6,1,6,-1,-1,-1,9,1
2013213001716,1,9,0,17,0,0,0,0,0,0,1,1,6,2,7,1388,1,9,2,1
2013213001716,2,9,0,2,0,0,0,0,0,0,2,1,6,3,-1,1596,1,9,-1,-1
2013213001724,1,9,0,6,0,0,0,0,0,0,3,1,2,2,4,1124,1,9,9,2
2013213001724,2,9,0,17,0,0,0,0,0,0,1,1,2,1,5,1242,1,13,6,1
2013213001729,1,9,0,18,0,1,0,0,0,0,1,1,1,2,9,2184,2,8,9,1
2013213001729,2,9,0,8,0,8,0,0,0,0,2,1,1,1,8,-1,-1,-1,-1,-1
2013213001729,3,9,0,8,0,8,0,0,0,0,2,1,6,2,6,-1,-1,-1,9,1
2013213001738,1,9,0,16,0,8,0,0,0,0,1,1,6,3,-1,-1,-1,-1,-1,-1
2013213001739,1,9,0,13,0,0,0,0,0,0,1,1,6,1,10,2993,2,2,6,1
2013213001739,2,21,1,18,0,0,0,0,0,0,3,1,1,1,8,-1,2,15,8,1
2013213001740,1,9,0,18,0,1,0,0,0,0,1,1,6,1,6,1753,2,5,8,1
2013213001740,2,9,0,3,0,1,0,0,0,0,2,1,2,2,7,1229,1,8,10,1
2013213001747,1,9,0,18,0,1,0,0,0,0,1,1,6,1,6,1461,2,6,8,1
2013213001747,2,9,0,3,0,1,0,0,0,0,2,1,6,1,7,1905,1,20,3,1
2013213001750,1,8,0,9,0,3,0,0,0,0,3,1,1,1,9,1560,2,6,4,1
2013213001750,2,1,0,18,0,4,0,0,0,0,1,1,6,2,8,-1,-1,-1,2,1
2013213001751,1,9,0,18,0,1,0,0,0,0,1,1,6,2,5,1364,1,7,3,1
2013213001751,2,9,0,3,0,8,0,0,0,0,2,1,6,2,4,1149,1,9,5,1
2013213001751,3,9,0,3,0,8,0,0,0,0,2,1,6,2,8,1596,1,7,1,1
2013213001753,1,19,0,18,0,1,0,0,0,0,1,1,1,1,7,1560,2,2,7,3
2013213001753,2,9,0,8,0,1,0,0,0,0,2,1,6,2,9,1582,2,2,1,1
2013213001756,1,9,0,18,0,8,0,0,0,0,1,1,6,1,7,1339,1,7,2,1
2013213001756,2,9,0,18,0,8,0,0,0,0,4,1,6,1,6,1991,2,10,2,1
2013213001757,1,9,0,13,0,0,0,0,0,0,4,1,1,1,8,1560,2,4,3,1
2013213001757,2,9,0,2,0,0,0,0,0,0,4,1,6,1,7,-1,-1,-1,-1,-1
2013213001757,3,1,0,18,0,0,0,0,0,0,3,1,6,1,7,-1,-1,-1,2,1
2013213001759,1,9,0,18,0,0,0,0,0,0,1,1,6,2,11,1360,1,19,7,1
2013213001760,1,11,0,17,0,1,0,0,0,0,1,1,1,2,7,9000,2,14,1,1
2013213001761,1,9,0,9,0,8,0,0,0,0,1,1,6,2,5,-1,-1,-1,4,1
2013213001761,2,19,0,18,0,8,0,0,0,0,1,1,6,1,8,2446,2,15,8,1
2013213001762,1,9,0,17,0,0,0,10,2,2,4,1,6,2,4,1229,1,5,8,3
2013213001764,1,19,0,1,0,0,0,0,0,0,2,1,6,1,6,2402,2,8,1,1
2013213001771,1,9,0,11,0,2,0,0,0,0,1,1,6,1,5,1360,1,13,1,1
2013213001771,2,9,0,17,0,2,0,0,0,0,1,1,6,2,4,1240,1,8,10,2
2013213001771,3,9,0,13,0,2,0,0,0,0,4,1,6,2,8,1598,2,1,10,1
2013213001775,1,9,0,18,0,8,0,0,0,0,3,1,6,1,4,1199,1,10,4,1
2013213001775,2,9,0,18,0,6,0,0,0,0,1,1,1,2,5,-1,-1,-1,3,1
2013213001776,1,9,0,9,0,5,0,0,0,0,1,1,6,1,7,1796,1,8,8,3
2013213001776,2,9,0,18,0,8,0,0,0,0,1,1,6,1,9,1968,2,7,9,2
2013213001776,3,9,0,10,0,1,0,0,0,0,3,1,2,2,7,-1,-1,-1,8,3
2013213001779,1,9,0,18,0,0,0,0,0,0,1,1,6,1,6,1587,1,24,4,1
2013213001782,1,9,0,18,0,8,0,0,0,0,1,1,3,2,6,998,1,11,9,1
2013213001782,2,9,0,18,0,6,0,0,0,0,3,1,6,2,6,1598,1,13,2,1
2013213001782,3,98,0,2,0,1,0,0,0,0,0,1,1,3,-1,-1,-1,-1,-1,-1
2013213001788,1,9,0,13,0,0,0,0,0,0,4,1,6,3,-1,-1,-1,-1,-1,-1
2013213001788,2,2,0,18,0,0,0,0,0,0,4,1,2,1,4,49,1,5,3,1
2013213001790,1,9,0,18,0,4,0,0,0,0,1,1,6,1,-1,-1,-1,-1,6,1
2013213001790,2,1,0,18,0,8,0,0,0,0,1,1,1,1,8,-1,-1,-1,3,1
2013213001807,1,9,0,18,0,1,0,0,0,0,1,1,6,2,6,1596,1,9,8,2
2013213001807,2,9,0,3,0,1,0,0,0,0,2,1,6,2,7,1364,1,5,3,1
2013213001808,1,9,0,18,0,8,0,0,0,0,1,1,6,1,7,1796,1,9,6,1
2013213001813,1,9,0,18,0,0,0,0,0,0,1,1,6,1,8,1995,1,8,-1,-1
2013213001813,2,9,0,3,0,0,0,0,0,0,2,1,6,2,5,1388,1,10,10,2
2013213001816,1,9,0,17,0,0,1,0,7,11,1,1,2,2,5,1242,1,9,2,1
2013213001823,1,11,0,9,0,8,0,0,0,0,1,1,1,1,7,5900,2,16,2,1
2013213001823,2,4,0,10,0,1,0,0,0,0,1,1,6,1,9,249,1,2,8,1
2013213001824,1,9,0,9,0,5,0,0,0,0,1,1,6,1,10,1998,1,10,8,1
2013213001824,2,1,0,18,0,8,0,0,0,0,1,1,6,1,8,-1,-1,-1,4,1
2013213001824,3,1,0,18,0,8,0,0,0,0,1,1,6,1,6,-1,-1,-1,6,1
2013213001830,1,9,0,18,0,1,0,0,0,0,1,1,6,2,5,1149,1,3,2,1
2013213001830,2,9,0,3,0,1,0,0,0,0,2,1,1,1,6,1598,1,1,7,3
2013213001830,3,9,0,3,0,1,0,0,0,0,2,1,6,2,7,2902,2,8,8,2
2013213001830,4,9,0,9,0,5,0,0,0,0,0,1,6,3,-1,-1,-1,-1,-1,-1
2013213001832,1,21,1,4,0,8,0,0,0,0,1,2,1,1,7,-1,-1,-1,-1,-1
2013213001832,2,10,0,11,0,8,0,0,0,0,2,1,6,2,9,-1,-1,-1,8,1
2013213001832,3,9,0,4,0,8,0,0,0,0,1,1,6,1,8,1997,2,6,4,1
2013213001833,1,9,0,9,0,6,0,0,0,0,1,1,6,2,8,3175,1,11,5,3
2013213001833,2,9,0,18,0,8,0,0,0,0,3,1,6,2,10,1332,1,13,4,1
2013213001833,3,9,0,18,0,1,0,0,0,0,3,1,6,1,8,2143,2,2,10,1
2013213001834,1,21,1,16,0,1,0,0,0,0,1,1,1,1,5,12900,2,4,5,3
2013213001834,2,20,0,3,0,1,0,0,0,0,2,1,1,1,7,-1,-1,-1,4,1
2013213001835,1,9,0,18,0,6,0,0,0,0,4,1,6,1,5,1299,1,6,7,1
2013213001835,2,1,0,18,0,8,0,0,0,0,1,1,6,1,6,-1,-1,-1,6,1
2013213001839,1,3,0,10,0,6,0,0,0,0,3,1,6,1,6,124,1,3,2,1
2013213001839,2,19,0,9,0,5,0,0,0,0,3,1,6,1,6,2148,2,6,1,1
2013213001841,1,9,0,17,0,1,0,0,2,11,1,1,6,1,10,1398,1,3,10,1
2013213001850,1,9,0,18,0,0,0,0,0,0,1,1,6,1,7,1995,2,8,8,1
2013213001851,1,11,0,1,0,8,0,0,0,0,2,1,1,1,9,4250,2,13,2,1
2013213001851,2,9,0,18,0,1,0,0,0,0,1,1,6,2,6,1086,1,9,1,1
2013213001853,1,9,0,17,0,0,2,0,1,10,4,1,6,1,4,1390,1,12,8,1
2013213001856,1,9,-1,8,0,1,0,0,0,0,1,-1,6,1,-1,-1,-1,-1,-1,-1
2013213001856,2,9,0,8,0,1,0,0,0,0,2,1,2,2,6,1390,1,8,2,1
2013213001857,1,9,0,18,0,6,0,0,0,0,1,1,6,1,10,1198,1,9,4,1
2013213001857,2,9,0,1,0,8,0,0,0,0,4,1,6,1,10,1968,2,5,5,3
2013213001858,1,19,0,4,0,1,0,0,0,0,1,1,1,1,7,2402,2,9,-1,-1
2013213001858,2,9,0,4,0,1,0,0,0,0,2,1,6,2,8,1596,1,11,3,1
2013213001858,3,9,0,10,0,8,0,0,0,0,2,1,6,1,7,1399,2,1,5,1
2013213001862,1,9,0,18,0,2,0,0,0,0,4,1,6,1,9,2351,1,13,3,1
2013213001863,1,9,0,4,0,0,0,0,0,0,1,1,6,1,6,1598,1,12,1,1
2013213001863,2,9,0,3,0,0,0,0,0,0,2,1,6,1,8,1870,2,9,8,1
2013213001863,3,9,0,4,0,0,0,0,0,0,2,1,6,1,8,2993,2,2,7,3
2013213001864,1,9,0,9,0,6,0,0,0,0,1,1,6,2,11,1598,1,11,7,1
2013213001864,2,9,0,18,0,8,0,0,0,0,4,1,6,1,5,2179,2,1,7,1
2013213001864,3,9,0,18,0,1,0,0,0,0,3,1,6,1,9,-1,-1,-1,9,3
2013213001871,1,9,0,18,0,8,0,0,1,1,1,1,6,1,5,1590,1,8,4,1
2013213001871,2,9,0,2,0,1,0,0,0,0,1,1,6,1,7,-1,-1,-1,-1,-1
2013213001875,1,9,0,18,0,1,0,0,0,0,1,1,6,1,5,1242,1,1,6,1
2013213001875,2,9,0,7,0,6,0,0,0,0,1,1,6,2,6,1796,1,10,2,1
2013213001876,1,9,0,9,0,5,0,0,0,0,4,1,6,1,9,1598,1,3,10,1
2013213001876,2,9,0,4,0,8,0,0,0,0,1,1,1,1,8,-1,-1,-1,9,2
2013213001878,1,9,0,18,0,0,0,10,1,10,1,1,6,1,5,3197,1,5,9,1
2013213001881,1,9,0,18,0,4,0,0,0,0,1,1,6,2,5,1598,1,5,-1,-1
2013213001881,2,3,0,18,0,8,0,0,0,0,1,1,6,1,6,124,1,16,5,1
2013213001883,1,9,0,7,0,5,0,0,0,0,3,1,1,1,9,2991,2,2,9,1
2013213001883,2,21,0,18,0,8,0,0,0,0,4,1,1,1,9,10837,2,-1,1,1
2013213001884,1,9,0,5,0,4,0,0,0,0,0,1,6,1,7,1796,1,10,10,1
2013213001884,2,5,0,18,0,8,0,0,0,0,0,1,1,1,8,599,1,10,5,1
2013213001886,1,9,0,17,0,0,5,10,7,10,1,1,6,2,4,1124,1,10,1,1
2013213001887,1,9,0,5,0,1,0,0,0,0,1,1,6,1,6,1399,2,11,-1,-1
2013213001887,2,9,0,9,0,1,0,0,0,0,2,1,2,2,8,1299,1,10,9,1
2013213001889,1,9,0,4,0,8,0,0,0,0,0,1,1,1,7,1199,2,2,10,1
2013213001889,2,3,0,9,0,8,0,0,0,0,0,1,1,1,5,124,1,8,1,1
2013213001890,1,9,0,16,0,1,0,0,0,0,1,1,6,2,4,1242,1,11,4,1
2013213001890,2,9,0,4,0,1,0,0,0,0,2,1,6,1,6,1397,1,12,-1,-1
2013213001891,1,9,0,18,0,4,0,0,0,0,1,1,6,2,7,-1,-1,-1,9,3
2013213001891,2,1,0,18,0,8,0,0,0,0,4,1,6,1,6,-1,-1,-1,2,1
2013213001894,1,9,0,18,0,0,0,0,0,0,1,1,6,1,-1,1598,2,2,-1,-1
2013213001894,2,9,0,4,0,0,0,0,0,0,2,1,6,2,8,1910,2,8,3,1
2013213001895,1,9,0,9,0,5,0,0,0,0,4,1,1,2,4,1108,1,16,1,1
2013213001895,2,8,0,17,0,8,0,0,0,0,1,1,1,1,8,1997,2,5,5,1
2013213001897,1,9,0,18,0,4,0,0,0,0,1,1,1,2,8,1598,1,7,6,3
2013213001897,2,1,0,18,0,8,0,0,0,0,4,1,6,1,6,-1,-1,-1,6,1
2013213001906,1,3,0,13,0,1,0,0,0,0,2,1,6,1,4,124,1,6,1,1
2013213001906,2,9,0,18,0,1,0,0,0,0,1,1,6,1,4,1398,1,8,1,1
2013213001906,3,9,0,18,0,1,0,0,0,0,1,1,6,1,6,1596,1,10,1,1
2013213001907,1,5,0,13,0,1,0,0,1,2,1,1,6,1,7,998,1,11,3,1
2013213001908,1,5,0,18,0,0,0,0,0,0,1,1,6,1,7,-1,-1,-1,6,1
2013213001908,2,9,0,10,0,0,0,0,0,0,2,1,6,1,4,1199,1,10,9,1
2013213001910,1,9,0,9,0,6,0,0,0,0,0,1,6,1,6,1299,1,12,2,1
2013213001910,2,3,0,4,0,1,0,0,0,0,0,1,6,1,8,125,1,49,6,1
2013213001911,1,9,0,18,0,0,0,0,0,0,1,1,6,1,7,1242,1,12,6,1
2013213001911,2,21,0,2,6,0,0,0,0,0,2,1,1,1,7,12900,2,4,6,1
2013213001914,1,9,0,18,0,1,0,0,0,0,1,1,6,2,-1,-1,-1,-1,-1,-1
2013213001914,2,9,0,3,0,1,0,0,0,0,2,1,6,1,8,1598,2,1,5,1
2013213001917,1,9,0,7,0,6,0,0,0,0,1,1,6,2,7,-1,-1,-1,9,1
2013213001917,2,9,0,18,0,5,0,0,0,0,1,1,6,1,7,2765,2,13,-1,-1
2013213001919,1,9,0,18,0,0,0,0,0,0,1,1,2,2,4,1149,1,8,5,1
2013213001919,2,9,0,18,0,0,0,0,0,0,1,1,6,2,9,1598,1,11,9,3
2013213001919,3,9,0,4,0,0,0,0,0,0,2,1,6,1,8,1796,1,9,7,2
2013213001928,1,9,0,14,0,0,0,0,0,0,1,1,6,2,-1,1242,1,5,-1,-1
2013213001928,2,9,0,2,0,0,0,0,0,0,3,1,6,2,7,1390,1,8,7,1
2013213001929,1,9,0,13,0,0,0,0,0,0,4,1,6,2,6,1390,1,7,6,2
2013213001929,2,1,0,18,0,0,0,0,0,0,3,1,6,1,5,-1,-1,-1,2,1
2013213001930,1,9,0,18,0,0,0,0,0,0,1,1,6,2,7,1397,1,3,8,1
2013213001930,2,9,0,3,0,0,0,0,0,0,2,1,6,1,8,1984,1,12,-1,1
2013213001931,1,9,0,7,0,4,0,0,0,0,1,1,6,2,9,1398,1,7,3,1
2013213001931,2,1,0,18,0,8,0,0,0,4,4,1,1,1,6,-1,-1,-1,4,1
2013213001932,1,9,0,7,0,6,0,0,0,0,1,1,6,1,11,1998,2,8,6,1
2013213001932,2,9,0,18,0,8,0,0,0,0,1,1,1,2,7,1995,2,4,7,1
2013213001932,3,19,0,2,0,2,0,0,0,0,0,1,6,3,-1,-1,-1,-1,-1,-1
2013213001934,1,9,0,13,0,0,0,0,5,6,1,1,1,1,5,1248,1,1,7,1
2013213001934,2,19,0,18,0,0,0,0,0,0,3,1,1,1,5,2461,2,3,7,1
2013213001938,1,19,0,9,0,6,0,0,0,0,1,1,1,1,5,1896,2,3,3,1
2013213001938,2,9,0,18,0,8,0,0,0,0,4,1,6,1,6,-1,-1,-1,5,1
2013213001942,1,9,0,14,0,0,0,0,0,0,0,1,6,2,-1,1598,1,7,-1,-1
2013213001942,2,9,0,4,0,0,0,0,0,0,2,1,6,1,8,2143,2,1,2,1
2013213001942,3,9,0,18,0,0,0,0,0,0,1,1,6,2,8,1364,1,4,4,1
2013213001943,1,9,0,18,0,8,0,0,0,0,1,1,1,1,7,-1,-1,-1,2,1
2013213001943,2,9,0,18,0,4,0,0,0,0,3,1,6,2,5,1587,1,13,7,1
2013213001944,1,19,0,18,0,1,0,0,0,0,1,1,1,1,8,2143,2,2,1,1
2013213001944,2,9,0,4,0,1,0,0,0,0,2,1,6,1,8,1240,1,5,6,1
2013213001952,1,8,0,5,0,1,0,0,0,0,0,1,6,1,-1,-1,-1,-1,-1,-1
2013213001952,2,4,0,2,0,1,0,0,0,0,0,1,6,1,6,-1,-1,-1,1,1
2013213001953,1,9,0,18,0,8,0,0,0,0,1,1,6,1,8,998,1,7,5,1
2013213001953,2,1,0,18,0,8,0,0,0,0,4,1,6,1,4,-1,-1,-1,2,1
2013213001958,1,9,0,16,0,2,0,0,0,0,1,1,6,2,4,1299,1,13,2,1
2013213001959,1,19,0,3,0,8,0,0,0,0,2,1,6,1,6,2464,2,8,3,1
2013213001959,2,1,0,18,0,8,0,0,0,0,1,1,6,1,9,-1,-1,-1,1,1
2013213001961,1,9,0,6,0,8,0,0,0,0,3,1,2,1,7,-1,-1,-1,5,1
2013213001961,2,9,0,13,0,8,0,0,7,11,1,1,6,2,10,-1,-1,-1,3,1
2013213001963,1,9,0,17,0,6,0,0,0,0,1,1,1,2,5,1995,2,8,8,1
2013213001963,2,9,0,18,0,8,0,0,0,0,1,1,2,2,7,1992,2,6,8,1
2013213001969,1,9,0,18,0,1,0,0,0,0,1,1,6,1,7,2663,2,18,8,1
2013213001969,2,9,0,4,0,8,0,0,0,0,2,1,6,1,5,1124,1,12,-1,-1
2013213001970,1,9,0,18,0,1,0,0,0,0,1,1,6,2,5,1124,1,13,8,1