Accident_Index,Vehicle_Reference,Vehicle_Type,Towing_and_Articulation,Vehicle_Manoeuvre,Vehicle_Location-Restricted_Lane,Junction_Location,Skidding_and_Overturning,Hit_Object_in_Carriageway,Vehicle_Leaving_Carriageway,Hit_Object_off_Carriageway,1st_Point_of_Impact,Was_Vehicle_Left_Hand_Drive?,Journey_Purpose_of_Driver,Sex_of_Driver,Age_Band_of_Driver,Engine_Capacity_(CC),Propulsion_Code,Age_of_Vehicle,Driver_IMD_Decile,Driver_Home_Area_Type
2013213001970,2,9,0,3,0,1,0,0,0,0,2,1,6,2,8,599,1,10,5,1
2013213001971,1,9,0,5,0,0,0,0,0,0,1,1,1,1,7,1796,1,6,9,1
2013213001971,2,9,0,4,0,0,0,0,0,0,2,1,1,1,9,1753,2,5,8,1
2013213001971,3,9,0,3,0,0,0,0,0,0,2,1,1,1,5,1493,2,5,3,2
2013213001971,4,9,0,3,0,0,0,0,0,0,2,1,6,2,9,998,1,7,9,3
2013213001972,1,20,0,9,0,5,0,0,0,0,4,1,1,1,7,4461,2,4,1,1
2013213001972,2,3,0,18,0,8,0,0,0,0,1,1,6,1,5,124,1,-1,1,1
2013213001973,1,8,0,18,0,0,1,0,0,0,0,1,1,1,5,1910,2,7,1,1
2013213001974,1,17,4,13,0,0,0,0,0,0,4,1,1,1,8,-1,2,4,9,1
2013213001974,2,1,0,18,0,0,0,0,0,0,3,1,6,1,8,-1,-1,-1,7,3
2013213001974,3,9,0,18,0,0,0,0,0,0,0,1,6,3,-1,-1,-1,-1,-1,-1
2013213001980,1,19,0,7,0,6,1,0,7,11,1,1,6,1,6,1560,2,6,6,1
2013213001981,1,9,0,18,0,0,0,0,0,0,1,1,6,1,8,1896,2,7,7,1
2013213001981,2,9,0,3,0,0,0,0,0,0,2,1,6,2,6,1272,1,23,-1,2
2013213001981,3,9,0,3,0,0,0,0,0,0,2,1,6,1,7,-1,-1,-1,10,2
2013213001981,4,9,0,3,0,0,0,0,0,0,2,1,6,1,7,1596,1,8,-1,-1
2013213001983,1,19,0,18,0,8,0,0,0,0,1,1,6,1,4,1753,2,10,3,1
2013213001983,2,9,0,18,0,8,0,0,0,0,1,1,6,1,4,1686,2,2,9,1
2013213001983,3,9,0,18,0,8,0,0,0,0,1,1,6,1,7,1598,1,16,4,1
2013213001983,4,9,0,18,0,1,0,0,0,0,1,1,6,2,6,1598,1,9,8,1
2013213001984,1,8,0,17,0,8,0,0,0,0,1,1,1,1,9,1753,2,4,-1,-1
2013213001985,1,9,0,18,0,0,0,0,0,0,4,1,6,1,5,1560,2,1,-1,-1
2013213001985,2,9,0,2,0,0,0,0,0,0,0,1,6,2,8,3200,1,12,8,1
2013213001986,1,9,0,18,0,6,0,0,1,4,1,1,6,2,10,998,1,14,10,1
2013213001986,2,9,0,4,0,8,0,0,0,0,1,1,6,1,7,1242,1,14,7,1
2013213001986,3,9,0,3,0,1,0,0,0,0,1,1,6,1,7,1297,1,29,10,2
2013213001987,1,4,0,7,0,5,1,0,0,0,3,1,6,1,7,498,1,22,8,1
2013213001987,2,20,0,18,0,1,0,0,0,0,3,1,2,1,7,12777,2,6,6,3
2013213001988,1,9,0,10,0,1,0,0,0,0,2,1,6,2,6,2497,2,10,4,1
2013213001988,2,9,0,18,0,1,0,0,0,0,1,1,1,1,6,1398,1,1,3,1
2013213001988,3,9,0,18,0,1,0,0,0,0,1,1,6,1,5,1124,1,12,7,2
2013213001989,1,9,0,1,0,0,0,0,0,0,2,1,6,3,-1,1896,2,9,-1,-1
2013213001990,1,9,0,7,0,8,0,0,0,0,1,1,6,1,8,1560,2,3,8,1
2013213001990,2,9,0,18,0,8,0,0,0,0,4,1,6,2,7,1597,1,13,-1,-1
2013213001991,1,20,0,18,0,0,0,0,0,0,1,1,1,1,5,-1,-1,-1,5,1
2013213001991,2,9,0,4,0,0,0,0,0,0,2,1,6,2,9,1560,2,2,1,1
2013213001991,3,9,0,3,0,0,0,0,0,0,2,1,6,2,8,3189,1,6,4,1
2013213001995,1,9,0,4,0,0,0,0,0,0,1,1,6,2,6,1896,2,8,8,1
2013213001995,2,9,0,4,0,0,0,0,0,0,2,1,6,1,6,1799,1,6,9,1
2013213001997,1,19,0,13,0,0,0,0,0,0,4,1,1,1,6,1968,2,-1,3,1
2013213001997,2,9,0,4,0,0,0,0,0,0,2,1,6,1,4,1242,1,4,6,1
2013213001997,3,90,0,18,0,0,0,0,0,0,0,1,1,1,7,-1,-1,-1,10,1
2013213001998,1,19,0,1,0,6,0,0,0,0,2,1,6,1,6,2402,2,10,4,3
2013213001998,2,1,0,14,0,1,0,0,0,0,1,1,6,1,7,-1,-1,-1,3,1
2013213002002,1,9,0,18,0,8,0,0,0,0,1,1,1,1,4,998,1,12,2,1
2013213002003,1,9,0,9,0,5,0,0,0,0,4,1,6,2,7,2902,2,9,3,2
2013213002003,2,9,0,18,0,8,0,0,0,0,1,1,6,2,7,998,1,8,7,1
2013213002006,1,9,0,17,0,0,0,10,7,7,1,1,6,1,11,989,1,8,10,1
2013213002007,1,3,0,18,0,0,1,0,0,0,2,1,2,2,5,124,1,5,6,1
2013213002010,1,9,0,12,0,0,0,0,0,0,3,1,1,1,8,1598,2,1,3,2
2013213002010,2,9,0,11,0,0,0,0,0,0,3,1,6,2,6,1995,1,12,2,1
2013213002010,3,9,0,18,0,0,0,0,0,0,4,1,2,1,8,1242,1,7,10,1
2013213002011,1,9,0,18,0,6,0,0,0,0,1,1,6,1,4,1997,2,11,-1,-1
2013213002011,2,9,0,18,0,8,0,0,0,0,4,1,6,2,8,1392,1,15,4,1
2013213002011,3,9,0,2,0,2,0,0,0,0,2,1,6,3,-1,1388,1,5,-1,-1
2013213002011,4,9,0,2,0,2,0,0,0,0,2,1,6,3,-1,1998,1,11,-1,-1
2013213002013,1,9,0,13,0,1,0,0,0,0,1,1,6,3,-1,-1,-1,-1,-1,-1
2013213002013,2,1,0,18,0,1,0,0,0,0,3,1,6,1,5,-1,-1,-1,6,1
2013213002015,1,9,0,18,0,1,0,0,0,0,1,1,6,1,6,989,1,9,3,1
2013213002015,2,9,0,10,0,8,0,0,0,0,2,1,6,1,4,1229,1,8,3,1
2013213002018,1,9,0,5,0,6,0,0,0,0,1,1,1,1,10,1796,1,14,-1,-1
2013213002018,2,9,0,18,0,1,0,0,0,0,1,1,6,2,6,1762,1,15,2,1
2013213002022,1,9,0,18,0,8,0,0,0,0,1,1,6,1,5,-1,-1,-1,5,1
2013213002022,2,9,0,9,0,6,0,0,0,0,3,1,6,1,7,1596,1,11,9,1
2013213002023,1,8,0,17,0,0,0,0,0,0,4,1,6,1,8,1910,2,5,-1,-1
2013213002025,1,4,0,16,0,8,0,0,0,0,1,1,6,1,4,398,1,6,5,1
2013213002025,2,9,0,10,0,8,0,0,0,0,3,1,6,1,6,1390,1,8,8,2
2013213002027,1,5,0,18,0,0,0,0,0,0,1,1,2,1,8,647,1,9,9,1
2013213002029,1,9,0,18,0,1,0,0,0,0,1,1,6,1,4,1390,1,5,7,1
2013213002029,2,9,0,7,0,8,0,0,0,0,1,1,6,1,4,1149,1,11,2,1
2013213002031,1,8,0,5,0,1,0,0,0,0,1,1,1,1,9,1997,2,7,5,1
2013213002031,2,9,0,4,0,1,0,0,0,0,2,1,6,2,6,1895,1,15,5,1
2013213002034,1,9,0,18,0,0,1,10,1,1,1,1,2,1,4,973,1,11,4,1
2013213002035,1,9,0,9,0,5,0,0,7,10,1,1,6,2,7,1360,1,8,8,1
2013213002035,2,9,0,16,0,8,0,0,1,1,3,1,6,1,4,-1,-1,-1,1,1
2013213002037,1,9,0,13,0,0,0,0,0,0,4,1,6,2,6,1994,1,6,2,1
2013213002037,2,20,1,13,0,0,0,0,0,0,3,1,1,1,8,-1,-1,-1,10,2
2013213002038,1,9,0,18,0,1,0,0,0,0,4,1,6,2,11,1360,1,10,8,1
2013213002038,2,1,0,18,0,2,0,0,0,0,4,1,6,2,2,-1,-1,-1,6,1
2013213002039,1,9,0,10,0,1,0,0,0,0,4,1,6,2,7,1984,1,5,9,1
2013213002039,2,9,0,17,0,6,0,0,0,0,1,1,6,1,6,1896,2,9,8,2
2013213002040,1,9,0,18,0,1,0,0,0,0,1,1,6,1,5,1199,1,9,10,1
2013213002040,2,3,0,10,0,1,0,0,0,0,2,1,1,1,8,124,1,3,3,1
2013213002051,1,9,0,11,0,0,2,0,1,10,1,1,6,2,5,1124,1,14,9,1
2013213002052,1,9,0,18,0,8,0,0,0,0,1,1,6,2,7,1598,1,3,9,1
2013213002052,2,9,0,9,0,6,0,0,0,0,3,1,6,2,9,1299,1,11,9,1
2013213002053,1,3,0,4,0,0,0,0,0,0,0,1,1,1,4,124,1,3,8,1
2013213002060,1,19,0,18,0,1,0,0,0,0,1,1,6,2,-1,2800,2,12,-1,-1
2013213002060,2,9,0,3,0,1,0,0,0,0,2,1,6,2,6,2204,2,7,5,1
2013213002062,1,9,0,7,0,6,0,0,0,0,1,1,6,2,8,1198,1,6,8,1
2013213002062,2,1,0,18,9,8,0,0,0,0,1,1,6,1,7,-1,-1,-1,2,1
2013213002068,1,21,0,18,0,4,0,0,0,0,1,1,1,3,-1,11705,2,5,-1,-1
2013213002068,2,19,0,18,0,4,0,0,0,0,3,1,1,1,5,1598,2,-1,10,1
2013213002070,1,9,0,18,0,1,0,0,0,0,1,1,6,2,6,2720,2,5,-1,-1
2013213002070,2,3,0,18,0,1,0,0,0,0,2,1,2,1,4,124,1,5,-1,-1
2013213002073,1,11,0,18,0,0,0,0,0,0,1,1,1,2,6,5850,2,11,3,1
2013213002073,2,9,0,3,0,0,0,0,0,0,2,1,1,1,5,-1,-1,-1,6,2
2013213002075,1,9,0,17,0,0,1,0,1,10,1,1,1,1,4,1124,1,10,7,1
2013213002076,1,9,0,15,0,8,0,0,0,0,1,1,6,1,5,1598,2,4,7,3
2013213002076,2,9,0,7,0,5,0,0,0,0,4,1,1,1,6,-1,-1,-1,6,1
2013213002081,1,9,0,4,0,0,0,0,0,0,1,1,1,1,7,1984,1,3,9,1
2013213002081,2,9,0,4,0,0,0,0,0,0,2,1,1,1,7,1968,2,1,-1,-1
2013213002082,1,9,0,18,0,0,0,0,1,4,1,1,6,1,4,1396,1,11,-1,-1
2013213002083,1,9,0,16,0,0,0,0,1,4,1,1,2,2,5,1598,2,2,9,1
2013213002084,1,9,0,9,0,6,0,0,0,0,1,1,2,2,6,1124,1,13,4,1
2013213002084,2,9,0,18,0,8,0,0,0,0,4,1,2,1,7,1998,1,18,5,1
2013213002092,1,9,0,3,0,0,0,0,0,0,2,1,1,1,8,3199,1,19,6,3
2013213002092,2,9,0,18,0,0,0,0,0,0,1,1,1,2,6,1968,2,10,3,1
2013213002092,3,19,0,18,0,0,0,0,0,0,1,1,1,1,7,2488,2,4,-1,2
2013213002092,4,9,0,3,0,0,0,0,0,0,2,1,1,1,4,-1,-1,-1,7,3
2013213002093,1,9,0,9,0,6,0,0,0,0,1,1,2,1,4,1582,2,-1,-1,2
2013213002093,2,9,0,17,0,8,0,0,0,0,4,1,2,1,9,1686,2,8,4,1
2013213002095,1,9,0,4,0,0,0,0,0,0,1,1,6,1,11,1598,1,1,9,1
2013213002098,1,9,0,9,0,8,0,0,0,0,1,1,6,1,6,2771,1,15,1,1
2013213002098,2,9,0,18,0,8,0,0,0,0,1,1,6,2,6,1299,1,12,1,1
2013213002099,1,5,0,18,0,0,0,0,0,0,1,1,6,1,8,-1,-1,-1,8,1
2013213002099,2,9,0,4,0,0,0,0,0,0,2,1,6,2,11,1242,1,11,-1,-1
2013213002100,1,9,0,7,0,6,0,0,0,0,1,1,6,2,6,1598,2,1,8,1
2013213002100,2,9,0,18,0,8,0,0,7,0,1,1,6,1,8,1985,1,20,3,1
2013213002100,3,19,0,10,0,8,0,0,0,0,2,1,6,1,10,2143,2,1,9,1
2013213002102,1,19,0,18,0,0,0,0,0,0,2,1,6,1,-1,1753,2,3,-1,-1
2013213002102,2,9,0,4,0,0,0,0,0,0,2,1,6,1,5,1796,1,13,8,1
2013213002108,1,3,0,18,0,8,0,0,0,0,1,1,6,1,4,124,1,12,2,1
2013213002108,2,9,0,3,0,8,0,0,0,0,3,1,6,1,6,1392,1,14,1,1
2013213002109,1,9,0,18,0,8,0,0,0,0,1,1,6,1,4,1124,1,7,8,2
2013213002109,2,9,0,18,0,8,0,0,0,0,2,1,2,2,8,1591,1,6,10,3
2013213002111,1,9,0,18,0,1,0,0,0,0,1,1,6,1,6,1598,1,5,3,1
2013213002111,2,9,0,3,0,1,0,0,0,0,2,1,6,2,4,1242,1,2,5,1
2013213002111,3,9,0,3,0,1,0,0,0,0,2,1,6,1,6,1389,1,10,6,1
2013213002111,4,9,0,10,0,8,0,0,0,0,0,1,6,3,-1,-1,-1,-1,-1,-1
2013213002115,1,9,0,18,0,0,0,0,0,0,1,1,6,3,-1,-1,-1,-1,-1,-1
2013213002115,2,3,0,18,0,0,0,0,0,0,2,1,6,2,6,124,1,9,2,1
2013213002116,1,9,0,9,0,8,1,0,1,7,1,1,6,1,4,1596,1,14,1,1
2013213002117,1,19,0,7,0,5,0,0,0,0,0,1,6,3,-1,-1,-1,-1,-1,-1
2013213002119,1,9,0,4,0,0,0,0,0,0,1,1,2,1,9,2179,2,1,9,1
2013213002119,2,9,0,3,0,0,0,0,0,0,2,1,2,2,5,973,1,13,3,1
2013213002121,1,9,0,16,0,0,0,0,0,0,1,1,6,2,6,1560,2,3,10,2
2013213002121,2,9,0,16,0,0,0,0,0,0,2,1,6,3,-1,1997,1,1,-1,-1
2013213002122,1,5,0,13,0,0,1,0,0,0,1,1,6,1,5,1002,1,17,10,1
2013213002122,2,9,0,13,0,0,0,0,0,0,2,1,2,1,6,1388,1,11,3,1
2013213002122,3,17,0,18,0,0,0,0,0,0,0,1,1,3,-1,-1,-1,-1,-1,-1
2013213002128,1,9,0,7,0,5,0,0,0,0,4,1,6,2,11,1299,1,14,3,1
2013213002128,2,1,0,18,0,8,0,0,0,0,1,1,6,1,8,-1,-1,-1,6,1
2013213002129,1,19,0,18,0,1,0,0,0,0,1,1,6,1,8,1868,2,11,4,1
2013213002129,2,9,0,9,0,5,0,0,0,0,2,1,6,1,8,1396,1,2,5,1
2013213002130,1,9,0,9,0,6,0,0,0,0,1,1,1,1,6,1968,2,1,6,3
2013213002130,2,10,0,18,0,8,0,0,0,0,1,1,1,1,10,2800,2,14,6,3
2013213002134,1,9,0,17,0,1,0,0,0,0,0,1,1,1,6,1560,2,2,-1,-1
2013213002134,2,1,0,17,0,1,0,0,0,0,0,1,6,1,6,-1,-1,-1,-1,-1
2013213002135,1,19,0,9,0,6,0,0,0,0,3,1,1,1,6,2148,2,6,5,2
2013213002135,2,9,0,18,0,8,0,0,0,0,1,1,6,1,8,2295,1,14,3,1
2013213002136,1,9,0,18,0,0,0,0,0,0,1,1,6,2,6,1598,1,2,5,1
2013213002136,2,9,0,2,0,0,0,0,0,0,4,1,6,2,8,-1,-1,-1,-1,-1
2013213002136,3,9,0,18,0,0,0,0,0,0,0,1,6,3,-1,-1,-1,-1,-1,-1
2013213002138,1,9,0,18,0,0,0,0,0,0,1,1,6,1,5,1596,1,2,3,1
2013213002138,2,9,0,3,0,0,0,0,0,0,2,1,2,2,8,1390,1,5,9,2
2013213002138,3,9,0,3,0,0,0,0,0,0,2,1,2,1,8,1870,2,13,2,1
2013213002140,1,9,0,18,0,0,0,0,1,2,1,1,6,1,4,1199,1,9,3,1
2013213002143,1,9,0,9,0,5,0,0,0,0,4,1,3,2,7,1598,1,3,8,1
2013213002145,1,9,0,17,0,6,0,10,7,0,1,1,6,1,5,1997,2,12,1,1
2013213002151,1,9,0,7,0,2,0,0,0,0,3,1,6,2,10,1596,1,9,2,1
2013213002151,2,2,0,18,0,2,0,0,0,0,1,1,6,1,5,49,1,2,1,1
2013213002152,1,9,0,18,0,2,0,0,0,0,4,1,1,1,11,1995,2,-1,8,3
2013213002153,1,9,0,5,0,6,0,0,0,0,3,1,2,1,7,2204,2,5,8,1
2013213002153,2,9,0,18,0,8,0,0,0,0,1,1,6,2,5,1229,1,7,6,1
2013213002154,1,19,0,18,0,0,0,0,0,0,4,1,1,1,9,2496,2,19,8,2
2013213002158,1,9,0,18,0,8,0,0,1,11,3,1,6,1,11,1339,1,6,6,1
2013213002158,2,9,0,18,0,8,0,0,0,0,4,1,6,1,9,1995,2,7,10,2
2013213002160,1,9,0,18,0,0,0,0,0,0,1,1,1,1,6,-1,-1,-1,5,1
2013213002160,2,9,0,4,0,0,0,0,0,0,2,1,1,2,7,-1,-1,-1,4,2
2013213002160,3,9,0,4,0,0,0,0,0,0,2,1,1,1,7,1395,1,-1,5,1
2013213002160,4,9,0,4,0,0,0,0,0,0,2,1,1,1,8,1997,1,6,9,1
2013213002162,1,19,0,18,0,0,0,0,0,0,4,1,1,1,9,2402,2,7,3,1
2013213002164,1,9,0,18,0,1,0,0,0,0,1,1,6,3,-1,-1,-1,-1,-1,-1
2013213002164,2,1,0,18,0,1,0,0,0,0,1,1,6,1,4,-1,-1,-1,3,1
2013213002166,1,9,0,9,0,2,0,0,0,0,1,1,6,1,6,1995,2,10,2,1
2013213002168,1,9,0,16,0,0,0,0,0,0,1,1,6,2,8,2777,2,4,9,3
2013213002168,2,8,0,17,0,0,0,0,0,0,1,1,1,1,6,-1,-1,-1,4,1
2013213002173,1,19,0,4,0,0,0,0,0,0,1,1,1,1,7,2151,2,7,7,1
2013213002173,2,9,0,3,0,0,0,0,0,0,2,1,1,1,8,2401,2,8,10,1
2013213002174,1,9,0,5,0,1,0,0,0,0,1,1,6,1,10,1587,1,9,6,2
2013213002174,2,9,0,5,0,4,0,0,0,0,2,1,6,2,7,1685,2,1,3,1
2013213002175,1,9,0,18,0,0,0,0,0,0,1,1,6,1,-1,1242,1,11,-1,-1
2013213002175,2,9,0,18,0,0,0,0,0,0,2,1,6,2,7,1968,2,5,7,3
2013213002176,1,9,0,14,0,1,0,0,0,0,1,1,1,1,9,1870,2,9,1,1
2013213002176,2,9,0,12,0,2,0,0,0,0,1,1,6,1,6,1968,2,-1,2,1
2013213002179,1,9,0,18,0,0,5,0,1,11,1,1,6,2,10,2497,2,7,8,2
2013213002180,1,9,0,2,0,0,0,0,0,0,3,1,6,1,9,2999,2,13,6,1
2013213002180,2,1,0,14,0,0,0,0,0,0,1,1,6,1,9,-1,-1,-1,8,1
2013213002181,1,9,0,18,0,1,0,0,0,0,1,1,1,1,8,1596,1,9,4,1
2013213002181,2,9,0,9,0,5,0,0,0,0,2,1,1,2,6,1998,2,6,6,1
2013213002182,1,9,0,4,0,1,0,0,0,0,0,1,6,1,-1,1124,1,9,9,1
2013213002182,2,9,0,15,0,8,0,0,0,0,0,1,3,2,6,1587,1,13,4,1
2013213002183,1,9,0,13,0,1,0,0,0,0,1,1,6,2,8,1198,1,3,4,1
2013213002183,2,9,0,3,0,1,0,0,0,0,2,1,6,2,9,1598,1,-1,10,1
2013213002183,3,9,0,3,0,1,0,0,0,0,2,1,2,1,5,973,1,12,10,1
2013213002190,1,9,0,9,0,6,0,0,0,0,1,1,6,2,8,2231,2,6,8,3
2013213002190,2,1,0,16,0,8,0,0,0,0,1,1,6,1,7,-1,-1,-1,6,3
2013213002193,1,3,0,7,0,3,1,7,0,0,1,1,6,1,5,124,1,13,1,1
2013213002195,1,9,0,7,0,5,0,0,0,0,4,1,6,1,7,1596,1,9,7,2
2013213002195,2,1,0,18,0,8,0,0,0,0,1,1,6,2,3,-1,-1,-1,-1,-1
2013213002196,1,9,0,18,0,8,0,0,0,0,1,1,6,3,-1,1242,1,11,-1,-1
2013213002196,2,9,0,7,0,8,0,0,0,0,2,1,6,2,8,1390,1,11,1,1
2013213002197,1,19,0,6,0,0,0,0,0,0,1,1,1,1,11,1996,2,3,3,1
2013213002197,2,21,0,18,0,0,0,0,7,0,4,1,1,1,8,5480,2,7,6,3
2013213002204,1,9,0,11,0,3,0,0,0,0,4,1,6,1,6,-1,-1,-1,8,1
2013213002204,2,1,0,17,0,8,0,0,0,0,1,1,6,1,8,-1,-1,-1,7,1
2013213002207,1,9,0,9,0,8,0,0,0,0,1,1,6,1,9,1390,1,16,7,1
2013213002207,2,3,0,18,0,8,0,0,0,0,1,1,6,1,6,125,1,2,1,1
2013213002210,1,9,0,9,0,5,0,0,0,0,4,1,6,1,4,-1,-1,-1,5,1
2013213002210,2,9,0,18,0,8,0,0,0,0,1,1,6,1,6,998,1,11,2,1
2013213002210,3,9,0,3,0,1,0,0,0,0,3,1,6,1,8,1997,2,13,8,3
2013213002211,1,9,0,17,0,0,0,0,0,0,3,1,6,1,6,1399,1,7,1,1
2013213002211,2,9,0,16,0,0,0,0,0,0,3,1,2,2,7,1587,1,9,3,1
2013213002226,1,9,0,18,0,0,0,0,0,0,1,2,6,1,6,-1,-1,-1,-1,-1
2013213002226,2,9,0,3,0,0,0,0,0,0,2,1,6,2,10,998,1,-1,7,1
2013213002235,1,9,0,18,0,8,5,0,0,0,4,1,6,1,8,4197,1,7,8,1
2013213002235,2,9,0,12,0,8,0,0,5,6,1,1,6,1,5,1587,1,4,7,1
2013213002235,3,21,1,12,0,8,0,0,0,0,1,1,1,1,9,9200,2,2,1,1
2013213002239,1,9,0,6,0,0,0,0,0,0,3,1,6,1,6,1560,2,2,10,2
2013213002239,2,3,0,13,0,0,0,0,0,0,1,1,6,1,6,124,1,8,9,2
2013213002240,1,9,0,11,0,0,2,0,1,10,4,1,2,2,6,1362,1,-1,4,1
2013213002241,1,5,0,18,0,1,0,0,0,0,1,1,6,1,8,599,1,14,6,3
2013213002241,2,9,0,10,0,1,0,0,0,0,2,1,6,1,10,1560,2,3,6,3
2013213002245,1,1,0,4,0,1,0,0,0,0,1,1,2,1,9,-1,-1,-1,5,1
2013213002245,2,9,0,10,0,1,0,0,0,0,2,1,6,3,-1,-1,-1,-1,-1,-1
2013213002246,1,9,0,16,0,0,1,0,1,11,1,1,6,1,11,1199,1,9,5,3
2013213002254,1,9,0,18,0,0,1,0,5,6,1,1,1,2,7,1796,1,5,7,3
2013213002254,2,19,0,11,0,0,2,0,0,0,3,1,6,1,9,-1,-1,-1,-1,3
2013213002261,1,9,0,18,0,0,1,0,4,6,3,1,6,1,7,1149,1,11,3,1
2013213002268,1,9,0,18,0,0,0,7,7,1,1,1,6,1,6,1364,1,8,8,1
2013213002269,1,9,0,5,0,6,0,0,0,0,2,1,6,2,-1,1364,1,8,-1,-1
2013213002269,2,9,0,18,0,8,0,0,0,0,1,1,6,1,9,2198,2,5,2,1
2013213002269,3,11,0,18,0,1,0,0,0,0,1,1,1,1,7,7300,2,2,4,1
2013213002271,1,9,0,18,0,0,2,0,1,10,1,1,6,2,6,1598,1,10,3,1
2013213002272,1,9,0,13,0,8,0,0,0,0,4,1,6,3,-1,-1,-1,-1,-1,-1
2013213002272,2,8,0,9,0,5,0,0,0,0,3,1,1,1,6,-1,-1,-1,2,1
2013213002276,1,11,0,4,0,0,0,0,0,0,0,1,1,1,-1,4760,2,2,-1,-1
2013213002278,1,9,0,18,0,1,0,0,0,0,1,1,6,2,6,-1,-1,-1,-1,-1
2013213002278,2,9,0,3,0,1,0,0,0,0,2,1,1,2,7,1984,1,10,5,1
2013213002278,3,9,0,9,0,5,0,0,0,0,0,1,6,3,-1,-1,-1,-1,-1,-1
2013213002290,1,9,0,18,0,5,0,0,0,0,4,1,1,2,8,1242,1,5,7,2
2013213002290,2,21,1,16,0,8,0,0,0,0,1,1,1,1,8,12900,2,2,-1,1
2013213002290,3,9,0,3,0,1,0,0,0,0,1,1,6,1,9,2179,2,4,8,1
2013213002298,1,9,0,11,0,3,0,0,0,0,4,1,1,1,7,1461,2,2,5,1
2013213002298,2,9,0,16,0,3,0,0,0,0,3,1,2,1,10,2148,2,10,6,1
2013213002299,1,4,0,18,0,1,0,0,0,0,1,1,2,1,6,249,1,17,4,1
2013213002310,1,9,0,18,0,0,0,0,8,3,1,1,6,2,6,1596,1,9,8,2
2013213002310,2,9,0,18,0,0,0,0,0,0,1,1,6,2,8,1248,2,9,8,3
2013213002321,1,9,0,9,0,6,0,0,0,0,1,1,6,1,9,2179,2,1,3,1
2013213002321,2,9,0,9,0,5,0,0,0,0,3,1,3,2,7,1997,1,12,2,1
2013213002322,1,9,0,18,0,1,0,0,0,0,1,1,6,1,4,-1,-1,-1,5,3
2013213002322,2,9,0,4,0,1,0,0,0,0,2,1,6,1,5,1598,1,6,8,2
2013213002322,3,9,0,9,0,6,0,0,0,0,0,1,6,3,-1,-1,-1,-1,-1,-1
2013213002323,1,19,0,18,0,1,0,0,0,0,1,1,6,1,9,1248,2,8,3,1
2013213002323,2,9,0,15,0,1,0,0,0,0,2,1,6,1,4,-1,-1,-1,2,1
2013213002324,1,9,0,18,0,2,0,0,0,0,1,1,6,1,-1,1584,1,5,-1,-1
2013213002324,2,9,0,3,0,2,0,0,0,0,1,1,6,1,7,-1,-1,-1,3,1
2013213002324,3,9,0,3,0,2,0,0,0,0,2,1,6,1,8,1598,1,3,3,1
2013213002325,1,98,0,18,0,4,0,0,0,0,1,2,1,1,-1,-1,-1,-1,-1,-1
2013213002325,2,9,0,18,0,8,0,0,0,0,4,1,2,2,4,993,1,12,5,1
2013213002329,1,9,0,16,0,0,0,0,0,0,1,1,6,1,-1,-1,-1,-1,-1,-1
2013213002331,1,9,0,18,0,1,0,0,0,0,1,1,6,1,6,1997,2,-1,-1,-1
2013213002331,2,8,0,3,0,1,0,0,0,0,2,1,1,1,8,1753,2,5,6,1
2013213002334,1,9,0,18,0,4,0,0,0,0,3,1,2,2,7,1149,1,14,4,1
2013213002334,2,9,0,16,0,8,0,0,0,0,4,1,2,1,7,1968,2,4,10,1
2013213002341,1,4,0,4,0,1,0,0,0,0,0,1,6,1,9,675,1,3,9,1
2013213002343,1,5,0,18,0,1,1,10,0,0,1,1,6,1,6,800,1,2,6,1
2013213002343,2,21,1,9,0,6,0,0,0,0,0,1,6,1,8,12900,2,2,9,1
2013213002343,3,9,0,3,0,1,0,0,0,0,0,1,6,2,6,1242,1,7,8,1
2013213002343,4,9,0,3,0,1,0,0,0,0,0,1,6,2,8,2993,2,4,8,3
2013213002347,1,9,0,18,0,8,0,2,1,0,1,1,6,1,10,1396,1,11,7,1
2013213002350,1,9,0,18,0,1,0,0,0,0,1,1,6,1,10,1999,1,10,10,2
2013213002351,1,9,0,18,0,8,0,0,0,0,4,1,6,2,8,1386,1,4,5,3
2013213002351,2,9,0,18,0,1,0,0,0,0,1,1,2,2,6,1769,1,12,6,1
2013213002352,1,9,0,5,0,6,0,0,0,0,1,1,6,2,7,1398,2,8,6,2
2013213002352,2,9,0,18,0,8,0,0,0,0,1,1,6,2,6,1984,1,10,8,1
2013213002356,1,9,0,5,0,6,0,0,0,0,1,1,6,2,4,1596,1,4,10,1
2013213002356,2,9,0,18,0,8,5,0,1,0,4,1,1,2,8,1598,1,2,6,3
2013213002357,1,9,0,13,0,5,0,0,0,0,4,1,6,3,-1,-1,-1,-1,-1,-1
2013213002357,2,1,0,18,0,8,0,0,0,0,2,1,6,1,6,-1,-1,-1,8,3
2013213002358,1,9,0,18,0,8,0,0,1,1,1,1,2,2,5,1199,1,9,2,1
2013213002358,2,9,0,18,0,6,0,0,0,0,1,1,6,2,7,1753,2,12,2,1
2013213002364,1,9,0,9,0,5,0,0,0,0,1,1,6,1,7,1796,1,13,2,1