Accident_Index,Vehicle_Reference,Vehicle_Type,Towing_and_Articulation,Vehicle_Manoeuvre,Vehicle_Location-Restricted_Lane,Junction_Location,Skidding_and_Overturning,Hit_Object_in_Carriageway,Vehicle_Leaving_Carriageway,Hit_Object_off_Carriageway,1st_Point_of_Impact,Was_Vehicle_Left_Hand_Drive?,Journey_Purpose_of_Driver,Sex_of_Driver,Age_Band_of_Driver,Engine_Capacity_(CC),Propulsion_Code,Age_of_Vehicle,Driver_IMD_Decile,Driver_Home_Area_Type
2013213002364,2,9,0,18,0,8,0,0,0,0,3,1,6,2,6,998,1,9,7,1
2013213002369,1,9,0,9,0,5,0,0,0,0,4,1,6,2,6,1360,1,11,8,1
2013213002369,2,1,0,18,0,8,0,0,0,0,1,1,6,1,5,-1,-1,-1,7,1
2013213002371,1,21,1,4,0,0,0,0,0,0,1,1,1,1,8,10837,2,7,5,1
2013213002371,2,9,0,4,0,0,5,0,1,10,2,1,2,2,5,1598,1,6,7,1
2013213002371,3,20,0,4,0,0,0,0,0,0,3,1,1,1,6,3920,2,6,5,1
2013213002371,4,19,0,4,0,0,0,0,4,6,2,1,6,1,6,1868,2,9,4,2
2013213002371,5,9,0,3,0,0,0,0,0,0,0,1,6,1,6,1956,2,-1,1,1
2013213002372,1,3,0,16,0,2,0,0,0,0,3,1,6,1,6,125,1,6,4,1
2013213002372,2,9,0,16,0,2,0,0,0,0,1,1,6,1,7,1796,1,6,9,2
2013213002372,3,21,1,17,0,1,0,0,0,0,3,1,1,1,7,15607,2,7,4,1
2013213002372,4,9,0,17,0,1,0,0,0,0,3,1,6,2,8,-1,-1,-1,9,2
2013213002379,1,9,0,7,0,6,0,10,1,2,1,1,6,1,11,1493,1,16,10,1
2013213002380,1,9,0,9,0,5,0,0,0,0,3,1,1,2,4,1299,1,10,9,1
2013213002380,2,9,0,13,0,8,0,0,0,0,1,1,1,1,8,1968,2,1,-1,-1
2013213002380,3,9,0,3,0,1,0,0,0,0,0,1,6,3,-1,-1,-1,-1,-1,-1
2013213002382,1,9,0,13,0,8,0,0,0,0,1,1,1,1,5,-1,-1,-1,5,1
2013213002382,2,17,5,9,0,5,0,0,0,0,3,1,1,1,5,-1,-1,-1,8,2
2013213002383,1,9,0,18,0,1,0,0,0,0,1,1,6,1,5,1868,2,13,7,1
2013213002383,2,8,0,7,0,5,0,0,0,0,2,1,1,2,9,1242,1,5,5,1
2013213002387,1,5,0,13,0,0,0,0,0,0,1,1,6,1,6,654,1,5,6,3
2013213002387,2,9,0,16,0,0,0,0,0,0,3,1,1,2,6,1248,2,6,6,3
2013213002388,1,9,0,18,0,0,0,0,4,6,3,1,6,1,11,1198,1,4,8,1
2013213002391,1,9,0,16,0,8,0,0,0,0,4,1,6,1,6,-1,-1,-1,5,1
2013213002392,1,9,0,18,0,0,0,0,0,0,1,1,6,1,10,1597,1,9,5,3
2013213002392,2,9,0,18,0,0,0,0,0,0,1,1,6,2,7,1753,2,10,6,1
2013213002396,1,9,0,14,0,0,0,0,0,0,4,1,6,2,11,1086,1,3,2,1
2013213002396,2,90,0,3,0,0,0,0,0,0,0,1,1,3,-1,-1,-1,-1,-1,-1
2013213002398,1,9,0,13,0,0,0,0,0,0,3,1,1,2,-1,-1,-1,-1,-1,-1
2013213002398,2,3,0,13,0,0,0,0,0,0,3,1,6,1,4,-1,-1,-1,9,1
2013213002401,1,9,0,16,0,1,0,0,0,0,1,1,6,2,-1,1598,1,7,-1,-1
2013213002401,2,9,0,3,0,1,0,0,0,0,2,1,6,2,6,-1,-1,-1,7,2
2013213002406,1,4,0,18,0,0,0,10,1,10,3,1,6,1,5,398,1,7,6,3
2013213002408,1,19,0,18,0,0,1,0,1,7,1,1,1,2,5,1560,2,3,7,1
2013213002409,1,9,0,12,0,1,0,0,0,0,3,1,2,1,7,1997,2,3,8,3
2013213002409,2,5,0,16,0,1,0,0,0,0,1,1,6,1,7,649,1,2,5,1
2013213002412,1,9,0,18,0,0,0,0,0,0,1,1,6,1,7,1870,2,5,6,1
2013213002412,2,9,0,4,0,0,0,0,0,0,2,1,6,1,10,3222,2,8,7,2
2013213002412,3,9,0,1,0,0,0,0,0,0,2,1,6,1,9,1597,2,-1,10,1
2013213002412,4,9,0,3,0,0,0,0,0,0,2,1,6,1,6,1968,2,7,8,1
2013213002412,5,9,0,18,0,0,0,0,0,0,2,1,6,1,7,1461,2,9,4,1
2013213002413,1,9,0,17,0,0,0,10,1,3,1,1,6,1,9,2497,2,15,8,2
2013213002422,1,9,0,18,0,1,0,0,0,0,1,1,6,1,8,2179,2,4,8,3
2013213002422,2,9,0,3,0,1,0,0,0,0,2,1,6,1,10,1998,1,8,7,1
2013213002423,1,9,0,7,0,6,0,0,0,0,1,2,6,1,10,-1,-1,-1,-1,-1
2013213002423,2,9,0,16,0,8,0,0,1,1,4,1,6,2,4,1598,1,11,8,3
2013213002428,1,9,0,18,0,0,2,0,1,0,1,1,6,2,7,1587,1,11,1,1
2013213002431,1,5,0,13,0,0,0,0,0,0,1,1,6,1,5,599,1,12,8,1
2013213002431,2,9,0,4,0,0,0,0,0,0,2,1,6,2,5,973,1,13,4,1
2013213002435,1,9,0,1,0,6,0,0,0,0,2,1,6,1,5,1124,1,9,4,1
2013213002435,2,1,0,18,9,8,0,0,0,0,1,1,6,2,2,-1,-1,-1,4,1
2013213002437,1,9,0,17,0,0,0,0,0,0,1,1,6,1,9,1896,2,10,2,1
2013213002437,2,9,0,16,0,0,0,0,0,0,1,1,6,1,7,1997,2,13,2,1
2013213002443,1,9,0,18,0,8,0,0,0,0,1,1,6,1,-1,-1,-1,-1,-1,-1
2013213002444,1,9,0,9,0,5,0,0,0,0,4,1,6,3,-1,-1,-1,-1,-1,-1
2013213002444,2,1,0,17,0,8,0,0,0,0,1,1,6,1,7,-1,-1,-1,7,1
2013213002446,1,9,0,18,0,8,0,0,0,0,1,1,6,1,7,1339,1,7,6,1
2013213002446,2,9,0,18,0,8,0,0,0,0,1,1,6,1,5,-1,-1,-1,2,1
2013213002456,1,9,0,18,0,4,0,0,0,0,3,1,6,2,8,1242,1,1,4,1
2013213002456,2,3,0,9,0,8,0,0,0,0,1,1,6,1,5,125,1,5,7,1
2013213002458,1,98,1,9,0,8,0,0,0,0,3,2,1,1,8,-1,-1,-1,-1,-1
2013213002458,2,9,0,7,0,3,0,0,0,0,4,1,6,1,6,1339,1,8,10,1
2013213002468,1,9,0,9,0,2,0,10,0,0,1,1,6,3,-1,-1,-1,-1,-1,-1
2013213002468,2,1,0,18,9,2,0,0,0,0,2,1,2,1,5,-1,-1,-1,3,1
2013213002471,1,9,0,17,0,2,0,0,0,0,3,1,6,1,8,2800,2,20,4,1
2013213002471,2,9,0,16,0,1,0,0,0,0,3,1,6,2,5,988,1,21,2,1
2013213002472,1,21,1,4,0,1,0,0,7,10,1,1,1,1,7,4500,2,6,3,1
2013213002472,2,9,0,3,0,1,0,0,0,0,2,1,1,2,8,1497,8,6,8,3
2013213002472,3,9,0,10,0,8,0,0,0,0,2,1,2,1,6,1948,1,15,-1,-1
2013213002473,1,9,0,18,0,1,0,0,0,0,1,1,1,1,7,2993,2,1,8,3
2013213002473,2,1,0,18,0,6,0,0,0,0,4,1,6,1,10,-1,-1,-1,-1,-1
2013213002474,1,9,0,7,0,6,0,0,0,0,1,1,6,1,5,1598,1,14,2,1
2013213002474,2,9,0,18,0,8,0,0,1,11,4,1,6,2,7,1868,2,12,1,1
2013213002474,3,9,0,7,0,1,0,0,0,0,0,1,1,1,6,1560,2,3,6,3
2013213002475,1,21,1,18,0,0,0,0,0,0,1,1,1,1,7,10824,2,9,8,1
2013213002475,2,9,0,3,0,0,0,0,0,0,2,1,3,2,7,1349,1,1,9,1
2013213002475,3,19,0,3,0,0,0,0,0,0,2,1,2,1,8,2143,2,-1,10,1
2013213002475,4,9,0,5,0,0,0,0,0,0,2,1,3,2,7,1753,2,14,5,1
2013213002476,1,9,0,9,0,6,0,0,0,0,1,1,6,1,6,1591,1,1,3,1
2013213002476,2,9,0,16,0,8,0,0,0,0,3,1,6,2,7,1598,1,6,8,1
2013213002477,1,9,0,9,0,6,0,0,0,0,3,1,6,1,7,1299,1,11,-1,-1
2013213002477,2,9,0,17,0,8,0,0,0,0,3,1,6,2,8,1364,1,6,4,1
2013213002479,1,9,0,16,0,1,1,0,0,0,1,1,2,1,4,1596,1,10,10,2
2013213002479,2,9,0,4,0,1,0,0,0,0,2,1,6,2,11,998,1,10,5,1
2013213002480,1,3,0,16,0,2,0,0,0,0,1,1,6,1,4,-1,-1,-1,5,2
2013213002480,2,9,0,17,0,1,0,0,0,0,3,1,6,1,11,2143,2,3,9,1
2013213002483,1,9,0,4,0,1,1,0,0,0,1,1,2,1,7,1840,1,14,9,1
2013213002483,2,9,0,4,0,1,0,0,0,0,2,1,6,1,10,1598,1,4,8,1
2013213002483,3,9,0,9,0,6,0,0,0,0,0,1,6,1,7,1597,1,17,2,1
2013213002484,1,19,0,1,0,6,0,0,0,0,2,1,6,1,8,2148,2,6,3,1
2013213002484,2,1,0,18,0,8,0,0,0,0,1,1,6,2,2,-1,-1,-1,3,1
2013213002489,1,9,0,18,0,1,0,0,0,0,0,1,1,1,5,-1,-1,-1,-1,-1
2013213002489,2,16,0,18,0,2,0,0,0,0,0,1,6,2,7,-1,-1,-1,9,3
2013213002493,1,5,0,13,0,8,0,0,0,0,4,1,6,1,7,1150,1,1,3,1
2013213002493,2,9,0,9,0,5,0,0,0,0,3,1,6,1,6,1461,2,9,2,1
2013213002494,1,9,0,14,0,2,0,0,0,0,4,1,6,1,9,2179,2,2,-1,-1
2013213002496,1,9,0,4,0,0,0,0,0,0,0,1,6,3,-1,-1,-1,-1,-1,-1
2013213002496,2,11,0,18,0,0,0,0,0,0,0,1,1,1,8,3900,2,10,4,1
2013213002497,1,19,0,13,0,0,0,0,0,0,1,1,6,1,5,2402,2,5,5,1
2013213002497,2,9,0,16,0,0,0,0,0,0,1,1,6,1,4,1199,1,11,5,1
2013213002497,3,9,0,17,0,0,0,0,0,0,1,1,6,1,4,1199,1,13,7,1
2013213002497,4,9,0,4,0,0,0,0,0,0,0,1,6,1,9,1349,1,1,4,1
2013213002498,1,9,0,17,0,0,1,0,0,0,1,1,2,1,6,1196,1,19,2,1
2013213002498,2,9,0,16,0,0,0,0,0,0,3,1,6,1,8,1999,1,12,5,3
2013213002498,3,9,0,16,0,0,0,0,0,0,3,1,6,1,6,1598,1,1,8,3
2013213002499,1,9,0,17,0,0,1,6,0,0,4,1,1,1,6,1598,1,10,3,1
2013213002501,1,9,0,7,0,5,1,0,0,0,3,1,6,2,4,1199,1,10,6,2
2013213002501,2,9,0,18,0,1,0,0,0,0,3,1,6,1,6,1910,2,13,5,1
2013213002502,1,9,0,18,0,0,0,0,0,0,1,1,6,2,10,1598,1,7,6,1
2013213002502,2,21,1,3,0,0,0,0,0,0,2,2,1,1,9,-1,-1,-1,-1,-1
2013213002503,1,9,0,9,0,5,0,0,0,0,4,1,6,1,7,1995,1,11,7,1
2013213002503,2,2,0,7,0,5,0,0,0,0,1,1,6,1,4,49,1,4,8,2
2013213002508,1,9,0,9,0,6,0,0,0,0,1,1,6,1,7,-1,-1,-1,-1,-1
2013213002512,1,9,0,7,0,4,0,0,0,0,1,1,6,1,6,1598,1,8,-1,-1
2013213002512,2,8,0,18,0,8,0,0,0,0,4,1,1,1,7,1598,2,4,1,1
2013213002519,1,9,0,16,0,0,1,0,0,0,1,1,6,2,5,1124,1,11,6,1
2013213002519,2,9,0,17,0,0,0,0,0,0,1,1,6,1,5,1995,2,1,5,1
2013213002523,1,9,0,18,0,4,0,0,0,0,0,1,6,1,5,1229,1,4,4,1
2013213002523,2,1,0,4,0,8,1,0,0,0,0,1,1,1,8,-1,-1,-1,3,1
2013213002527,1,9,0,9,0,6,0,0,0,0,3,1,3,2,7,1685,2,1,10,1
2013213002527,2,3,0,18,0,1,0,0,0,0,1,1,2,1,4,125,1,5,1,1
2013213002529,1,9,0,9,0,6,0,0,0,0,1,1,6,2,8,1995,2,9,2,1
2013213002529,2,9,0,18,0,8,0,0,0,0,3,1,6,1,10,1399,2,-1,4,1
2013213002531,1,9,0,18,0,0,0,0,7,11,1,1,6,1,4,1595,1,16,1,1
2013213002531,2,9,0,18,0,0,0,0,0,0,3,1,6,1,5,1422,2,8,2,1
2013213002534,1,9,0,17,0,2,0,0,1,11,1,1,6,1,4,1242,1,14,8,2
2013213002536,1,9,0,18,0,6,0,0,0,0,3,1,6,2,6,1360,1,9,2,1
2013213002536,2,1,0,16,0,8,0,0,0,0,1,1,6,1,6,-1,-1,-1,1,1
2013213002538,1,9,0,9,0,6,0,0,0,0,1,1,6,2,7,1598,1,3,3,1
2013213002538,2,1,0,17,0,8,0,0,0,0,1,1,6,1,9,-1,-1,-1,6,3
2013213002539,1,9,0,17,0,0,1,0,1,7,1,1,6,1,7,1997,1,9,1,1
2013213002540,1,9,0,16,0,1,1,0,7,7,1,1,2,1,6,1329,1,4,2,1
2013213002540,2,9,0,2,0,1,0,0,0,0,1,1,6,1,-1,1749,1,8,-1,-1
2013213002540,3,9,0,2,0,1,0,0,0,0,0,1,6,2,-1,1560,2,1,-1,-1
2013213002540,4,9,0,2,0,2,0,0,0,0,1,1,6,2,-1,1299,1,9,-1,-1
2013213002551,1,11,0,18,0,1,0,0,0,0,1,1,1,1,-1,2800,2,11,-1,-1
2013213002551,2,9,0,3,0,1,0,0,0,0,2,1,6,1,10,-1,-1,-1,8,1
2013213002551,3,9,0,9,0,5,0,0,0,0,0,1,6,2,-1,-1,-1,-1,-1,-1
2013213002555,1,9,0,5,0,6,0,0,0,0,1,1,6,1,6,1596,1,13,6,1
2013213002555,2,9,0,18,0,8,0,0,0,0,4,1,6,1,10,1391,1,13,-1,-1
2013213002566,1,9,0,18,0,0,0,0,0,0,1,1,2,2,7,1399,2,8,10,1
2013213002566,2,9,0,9,7,0,0,0,0,0,2,1,6,1,7,999,1,11,7,3
2013213002567,1,8,0,7,0,6,0,0,0,0,1,1,1,1,5,1461,2,5,8,3
2013213002567,2,9,0,18,0,1,0,0,0,0,1,1,6,2,5,2198,1,11,3,1
2013213002568,1,9,0,9,0,6,0,0,0,0,0,1,6,3,-1,-1,-1,-1,-1,-1
2013213002568,2,9,0,4,0,1,0,0,0,0,0,1,6,2,8,1596,1,11,4,1
2013213002571,1,21,0,11,0,0,0,0,0,0,4,1,1,1,5,6370,2,9,3,1
2013213002571,2,9,0,18,0,0,0,0,0,0,3,1,1,1,5,1686,2,4,5,1
2013213002572,1,9,0,1,9,2,0,0,0,0,2,1,6,1,5,1796,1,13,1,1
2013213002575,1,9,0,17,0,0,1,0,7,3,1,1,6,2,4,1149,1,6,7,3
2013213002576,1,19,0,17,0,0,0,0,0,0,1,1,1,1,5,2198,2,1,1,1
2013213002576,2,19,0,16,0,0,0,0,0,0,1,1,1,1,7,2999,2,5,8,2
2013213002577,1,9,0,11,0,3,0,0,0,0,4,1,6,1,8,1905,2,15,-1,-1
2013213002577,2,8,0,18,0,3,0,0,0,0,3,1,1,1,6,2231,2,6,2,1
2013213002578,1,11,0,4,0,0,0,0,0,0,0,1,1,2,6,-1,-1,-1,5,1
2013213002580,1,9,0,9,0,6,0,0,0,0,1,1,1,2,4,1229,1,5,9,3
2013213002580,2,9,0,18,0,8,0,0,0,0,3,1,1,2,7,1299,1,6,5,3
2013213002588,1,9,0,18,0,0,0,0,0,0,1,1,6,1,-1,1956,2,3,-1,-1
2013213002588,2,9,0,4,0,0,0,0,0,0,2,1,2,1,8,1242,1,7,5,1
2013213002591,1,9,0,18,0,0,0,0,0,0,1,1,6,1,6,1598,1,9,-1,-1
2013213002591,2,9,0,18,0,0,0,0,0,0,2,1,6,1,8,1598,1,12,3,1
2013213002592,1,9,0,18,0,1,0,0,0,0,1,1,6,2,4,995,1,8,3,1
2013213002592,2,9,0,10,0,1,0,0,0,0,2,1,6,2,4,1229,1,-1,7,1
2013213002593,1,9,0,7,0,8,0,0,0,0,4,1,6,1,6,2035,1,8,8,1
2013213002593,2,9,0,18,0,4,0,0,0,0,1,1,6,2,6,1997,2,6,1,1
2013213002594,1,9,0,7,0,6,0,0,0,0,4,1,6,3,-1,-1,-1,-1,-1,-1
2013213002600,1,9,4,18,0,1,0,0,0,0,1,1,1,1,7,-1,-1,-1,9,3
2013213002600,2,9,0,3,0,1,0,0,0,0,2,1,6,2,7,1995,2,10,6,1
2013213002601,1,9,0,18,0,2,0,0,0,0,1,1,6,1,6,1390,1,14,2,1
2013213002603,1,9,4,17,0,0,0,0,0,0,3,1,1,1,9,-1,-1,-1,7,1
2013213002603,2,9,0,16,0,0,0,0,0,0,3,1,6,1,8,1968,2,-1,10,1
2013213002603,3,9,0,18,0,0,0,0,0,0,1,1,1,1,9,-1,-1,-1,10,1
2013213002609,1,9,0,9,0,5,0,0,0,0,1,1,6,1,5,1598,1,3,9,1
2013213002609,2,9,0,18,0,8,0,0,0,0,3,1,6,1,6,1242,1,1,2,1
2013213002619,1,9,0,9,0,5,0,0,0,0,1,1,1,1,7,1796,1,-1,6,1
2013213002619,2,1,0,18,0,6,0,0,0,0,1,1,6,1,8,-1,-1,-1,3,1
2013213002622,1,9,0,18,0,0,0,0,7,10,1,1,6,1,9,2198,1,10,1,1
2013213002622,2,9,0,18,0,0,0,0,0,0,0,1,6,1,6,1596,1,13,1,1
2013213002627,1,9,0,13,0,1,0,0,0,0,4,1,6,3,-1,-1,-1,-1,-1,-1
2013213002627,2,1,0,18,0,1,0,0,0,0,3,1,6,1,7,-1,-1,-1,5,1
2013213002629,1,9,0,18,0,1,0,0,0,0,1,1,6,2,9,1360,1,10,8,2
2013213002630,1,9,0,5,0,0,0,0,0,0,4,1,6,1,5,1998,1,18,3,1
2013213002632,1,9,0,18,0,8,0,0,0,0,1,1,6,2,4,1242,1,9,3,1
2013213002632,2,9,0,3,0,8,0,0,0,0,2,1,3,2,6,1587,1,12,5,1
2013213002633,1,9,0,17,0,2,0,0,0,0,4,1,3,2,7,1896,2,5,2,1
2013213002636,1,9,0,17,0,0,0,10,7,2,1,1,6,1,6,1588,1,9,6,2
2013213002641,1,9,0,17,0,0,1,0,8,11,1,1,6,1,4,1396,1,12,5,3
2013213002653,1,9,0,5,0,6,0,0,0,0,1,1,6,2,7,1527,2,17,-1,-1
2013213002653,2,9,0,18,0,8,0,0,0,0,2,1,6,2,6,796,1,5,4,1
2013213002656,1,8,0,9,0,5,0,0,0,0,0,1,1,1,9,1910,2,9,2,1
2013213002656,2,9,0,18,0,1,1,0,1,11,1,1,6,1,6,1995,2,6,2,1
2013213002657,1,9,0,3,0,0,0,0,0,0,0,1,6,1,5,1199,1,10,8,1
2013213002659,1,9,0,9,0,5,0,0,0,0,1,1,6,2,10,1240,1,3,4,1
2013213002659,2,1,0,18,0,8,0,0,0,0,3,1,6,1,6,-1,-1,-1,3,1
2013213002664,1,9,0,18,0,1,0,0,0,0,4,1,6,1,8,1968,2,-1,-1,-1
2013213002664,2,1,0,5,0,1,0,0,0,0,4,1,6,1,7,-1,-1,-1,9,1
2013213002669,1,9,0,9,0,6,0,0,0,0,1,1,1,1,5,998,1,13,2,1
2013213002669,2,5,0,18,0,8,0,0,0,0,4,1,6,1,5,599,1,6,8,2
2013213002675,1,9,0,18,0,0,0,0,0,0,4,1,6,1,11,1584,1,8,8,1
2013213002676,1,9,0,13,0,0,0,0,0,0,3,1,6,1,6,1794,1,12,2,1
2013213002676,2,9,0,17,0,0,0,0,0,0,4,1,6,1,7,2993,2,2,8,1
2013213002678,1,9,0,18,0,6,0,0,0,0,1,1,6,1,5,1895,1,13,5,3
2013213002678,2,9,0,14,0,8,0,0,0,0,3,1,6,1,8,1242,1,14,4,1
2013213002678,3,9,0,2,0,8,0,0,0,0,3,1,6,2,8,1900,2,8,7,1
2013213002680,1,9,0,1,0,0,0,0,0,0,2,1,6,1,8,1598,1,3,8,1
2013213002680,2,9,0,4,0,0,0,0,0,0,1,1,6,2,6,2499,2,9,9,3
2013213002690,1,9,0,7,0,6,0,0,0,0,1,1,6,1,10,1598,1,9,1,1
2013213002690,2,9,0,13,0,8,0,0,7,0,4,1,6,2,4,1598,2,3,4,1
2013213002693,1,9,0,9,0,6,0,0,0,0,0,1,6,1,-1,-1,-1,-1,-1,-1
2013213002693,2,1,0,7,0,5,0,10,0,0,1,1,6,1,4,-1,-1,-1,2,1
2013213002694,1,19,0,5,0,0,0,0,0,0,0,1,6,2,7,-1,-1,-1,-1,-1
2013213002696,1,9,0,18,0,1,0,0,0,0,1,1,2,2,4,1199,1,10,5,1
2013213002696,2,9,0,10,0,1,0,0,0,0,2,1,2,1,8,1995,2,1,7,3
2013213002697,1,9,0,7,0,6,0,0,0,0,3,1,6,2,5,1229,1,8,1,1
2013213002697,2,9,0,18,0,8,0,0,0,0,1,1,6,2,8,1995,2,1,-1,-1
2013213002698,1,5,0,5,0,1,1,11,0,0,1,1,6,1,7,1690,1,3,4,1
2013213002699,1,9,0,5,8,0,0,0,0,0,2,1,6,3,-1,1896,2,7,-1,-1
2013213002699,2,9,0,16,0,0,0,0,0,0,1,1,1,2,5,1390,1,2,10,3
2013213002702,1,9,0,9,8,2,0,0,0,0,2,1,6,1,7,1396,1,15,2,1
2013213002702,2,9,0,18,0,2,0,0,0,0,1,1,6,1,10,1398,2,11,10,2
2013213002706,1,9,0,18,0,2,0,10,1,10,1,1,6,1,4,1596,1,13,7,1
2013213002708,1,5,0,17,0,0,1,0,1,1,1,1,6,1,9,798,1,7,2,1
2013213002709,1,9,0,4,0,2,0,0,0,0,4,1,6,1,5,1896,2,12,8,1
2013213002710,1,9,0,18,0,0,0,0,0,0,1,1,6,2,5,1753,2,9,8,3
2013213002710,2,9,0,3,0,0,0,0,0,0,2,1,6,2,6,1364,1,4,3,1
2013213002714,1,9,0,5,0,0,0,0,0,0,1,1,6,1,8,1600,1,14,1,1
2013213002714,2,9,0,2,0,0,0,0,0,0,1,1,1,2,6,1560,2,4,-1,-1
2013213002719,1,9,0,9,0,5,0,0,0,0,1,1,6,2,5,1686,2,-1,6,1
2013213002722,1,19,0,18,0,0,0,0,0,0,4,1,1,1,9,-1,-1,-1,1,1
2013213002729,1,3,0,18,0,1,0,0,0,0,1,1,6,1,4,125,1,11,7,1
2013213002729,2,9,0,10,0,1,0,0,0,0,3,1,6,1,4,1124,1,11,1,1
2013213002737,1,9,0,18,0,1,0,0,0,0,1,1,6,3,-1,2319,1,15,-1,-1
2013213002737,2,4,0,10,0,1,0,0,0,0,2,1,6,1,10,1290,1,4,8,3
2013213002738,1,1,0,18,0,0,0,0,0,0,1,1,6,1,3,-1,-1,-1,9,1
2013213002738,2,9,0,16,0,0,0,0,0,0,1,1,6,2,4,1348,1,5,9,1
2013213002742,1,8,0,5,0,0,0,0,0,0,3,1,1,1,9,1998,2,5,-1,-1
2013213002744,1,9,0,18,0,0,0,0,0,0,1,1,6,1,6,2148,2,5,10,1
2013213002744,2,9,0,2,0,0,0,0,0,0,2,1,6,2,6,1781,1,9,4,1
2013213002744,3,9,0,15,0,0,0,0,0,0,0,1,6,1,7,2987,2,3,4,1
2013213002744,4,9,0,4,0,0,0,0,0,0,0,1,6,1,5,1896,2,12,10,1
2013213002745,1,1,0,18,0,6,0,0,0,0,1,1,6,1,4,-1,-1,-1,2,1
2013213002745,2,9,0,16,0,8,0,0,0,0,1,1,1,1,7,1997,2,6,2,1
2013213002749,1,9,0,7,0,1,0,0,0,0,1,1,6,1,9,1997,2,11,10,1
2013213002749,2,9,0,8,0,1,0,0,0,0,2,1,1,2,7,1108,1,4,5,1
2013213002753,1,9,0,14,0,1,0,0,0,0,1,1,6,1,5,1299,1,11,8,1
2013213002753,2,9,0,17,0,1,0,0,0,0,1,1,6,2,4,973,1,12,8,1
2013213002753,3,9,0,7,0,5,0,0,0,0,0,1,6,1,4,1199,1,11,8,1
2013213002753,4,20,0,2,0,1,0,0,0,0,0,1,6,1,6,-1,-1,-1,-1,-1
2013213002757,1,19,0,18,0,0,0,0,0,0,1,1,1,1,6,2198,2,5,-1,-1
2013213002757,2,9,0,4,0,0,0,0,0,0,2,1,6,2,9,2179,2,-1,10,1
2013213002759,1,9,0,18,0,1,0,0,0,0,1,1,6,2,-1,-1,-1,-1,-1,-1
2013213002759,2,9,0,3,0,1,0,0,0,0,2,1,6,1,7,-1,-1,-1,8,1
2013213002764,1,9,0,14,0,8,0,0,0,0,4,1,2,1,9,1242,1,6,10,1
2013213002764,2,9,0,2,0,8,0,0,0,0,4,1,6,1,-1,3200,1,8,7,1
2013213002767,1,9,0,18,0,6,0,0,0,0,1,1,6,1,6,1400,1,13,-1,-1
2013213002767,2,9,0,9,0,6,0,0,0,0,4,1,6,2,5,1242,1,10,7,1
2013213002768,1,9,0,18,0,0,0,0,0,0,1,1,6,2,6,1796,1,12,4,1
2013213002768,2,9,0,3,0,0,0,0,0,0,2,1,6,2,6,1299,1,10,5,1
2013213002768,3,11,0,14,0,0,0,0,0,0,0,1,1,3,-1,-1,-1,-1,-1,-1
2013213002769,1,9,0,4,0,0,1,0,0,0,1,1,6,1,4,1199,1,11,6,1
2013213002769,2,9,0,4,0,0,0,0,0,0,2,1,6,2,7,1956,2,2,8,1
2013213002769,3,9,0,2,0,0,0,0,0,0,0,1,6,1,9,2495,2,17,7,3
2013213002771,1,9,0,17,0,1,0,0,0,0,1,1,6,2,8,1299,1,12,8,1
2013213002771,2,9,0,9,0,6,0,0,0,0,1,1,6,1,11,998,1,12,8,1
2013213002772,1,9,0,18,0,1,0,0,0,0,1,1,6,1,6,1968,2,1,5,1
2013213002772,2,9,0,10,0,1,0,0,0,0,2,1,6,1,6,996,1,2,6,1
2013213002774,1,9,0,14,0,0,0,0,0,0,4,1,6,1,5,1086,1,8,9,2
2013213002774,2,1,0,18,0,0,0,0,0,0,1,1,6,1,2,-1,-1,-1,9,2
2013213002775,1,5,0,18,0,1,0,0,0,0,1,1,6,1,8,998,1,12,7,1
2013213002775,2,9,0,10,0,1,0,0,0,0,2,1,6,2,8,1587,1,10,4,1
2013213002789,1,19,0,4,0,1,0,0,0,0,1,1,1,1,8,1598,2,2,5,1
2013213002794,1,9,0,12,0,0,0,0,0,0,3,1,6,1,6,1360,1,2,5,1
2013213002794,2,9,0,13,0,0,0,0,7,1,1,1,2,1,7,1796,1,5,5,1
2013213002796,1,9,0,17,0,0,0,6,1,7,1,1,6,1,4,1390,1,8,7,3
2013213002798,1,9,0,14,0,2,0,0,0,0,1,1,6,2,6,1686,2,11,-1,-1
2013213002798,2,9,0,5,0,1,0,0,0,0,1,1,6,1,6,1686,2,-1,5,1
2013213002799,1,9,0,18,0,0,0,0,0,0,1,1,2,1,6,2982,2,1,4,3
2013213002799,2,9,0,18,0,0,0,0,0,0,1,1,1,1,8,1560,2,5,4,1
2013213002799,3,9,0,3,0,0,0,0,0,0,2,1,1,1,8,1968,2,3,7,1
2013213002800,1,3,0,16,0,0,0,0,0,0,3,1,6,1,4,-1,-1,-1,6,3
2013213002800,2,9,0,17,0,0,0,0,0,0,3,1,6,1,6,1391,1,14,3,1
2013213002801,1,11,0,4,0,0,0,0,0,0,1,1,1,1,9,9400,2,8,3,1
2013213002802,1,3,0,16,0,1,1,0,1,11,1,1,6,1,5,124,1,11,1,1
2013213002805,1,9,0,18,0,1,0,0,0,0,4,1,6,1,10,2499,2,13,6,1