Accident_Index,Vehicle_Reference,Vehicle_Type,Towing_and_Articulation,Vehicle_Manoeuvre,Vehicle_Location-Restricted_Lane,Junction_Location,Skidding_and_Overturning,Hit_Object_in_Carriageway,Vehicle_Leaving_Carriageway,Hit_Object_off_Carriageway,1st_Point_of_Impact,Was_Vehicle_Left_Hand_Drive?,Journey_Purpose_of_Driver,Sex_of_Driver,Age_Band_of_Driver,Engine_Capacity_(CC),Propulsion_Code,Age_of_Vehicle,Driver_IMD_Decile,Driver_Home_Area_Type
2013213003200,1,9,0,18,0,0,0,0,0,0,1,1,6,2,4,999,1,14,9,3
2013213003203,1,21,5,18,0,0,0,0,0,0,3,1,6,3,-1,-1,-1,-1,-1,-1
2013213003203,2,21,0,4,0,0,0,0,0,0,3,1,1,1,5,3920,2,1,3,1
2013213003205,1,9,0,17,0,1,0,0,0,0,1,1,6,2,6,1587,1,4,5,1
2013213003205,2,9,0,4,0,1,0,0,0,0,2,1,6,2,7,1242,1,2,7,1
2013213003206,1,9,0,18,0,0,0,0,0,0,1,1,6,1,6,1598,1,11,1,1
2013213003206,2,9,0,18,0,0,0,0,0,0,2,1,6,1,7,4163,2,5,8,3
2013213003207,1,9,0,18,0,1,0,0,0,0,1,1,2,2,7,1396,1,5,8,3
2013213003207,2,9,0,4,0,1,0,0,0,0,2,1,3,2,8,1560,2,1,8,3
2013213003211,1,9,0,11,0,1,0,0,0,0,0,1,6,1,-1,2993,2,1,8,3
2013213003211,2,9,0,15,0,1,0,0,1,0,4,1,6,1,6,-1,-1,-1,-1,-1
2013213003215,1,9,0,18,0,0,0,0,0,0,1,1,6,1,-1,-1,-1,-1,-1,-1
2013213003215,2,9,0,18,0,0,0,0,0,0,1,1,6,1,9,-1,-1,-1,7,1
2013213003216,1,9,0,18,0,0,0,0,0,0,2,1,6,2,6,1422,2,5,1,1
2013213003216,2,21,1,18,0,0,0,0,0,0,1,2,1,1,6,-1,-1,-1,-1,-1
2013213003217,1,21,4,12,0,0,0,0,0,0,3,2,1,1,9,-1,-1,-1,-1,-1
2013213003217,2,9,0,18,0,0,0,0,0,0,4,1,6,2,10,1248,2,4,3,1
2013213003223,1,9,0,18,0,1,0,0,0,0,1,1,6,1,6,1997,2,3,-1,-1
2013213003223,2,9,0,3,0,1,0,0,0,0,2,1,6,2,7,1398,1,2,1,1
2013213003235,1,9,0,17,0,0,0,10,0,0,1,1,6,1,4,1598,1,10,1,1
2013213003235,2,9,0,16,0,0,0,0,0,0,1,1,6,1,8,1896,2,7,7,1
2013213003243,1,11,0,18,0,8,0,0,0,0,4,1,1,3,-1,-1,-1,-1,-1,-1
2013213003245,1,9,0,4,0,1,0,0,0,0,2,1,6,1,5,-1,-1,-1,-1,-1
2013213003245,2,9,0,7,0,1,0,0,0,0,1,1,6,1,6,1596,1,8,6,1
2013213003246,1,9,0,1,9,2,0,0,0,0,2,1,6,2,7,1900,2,14,6,1
2013213003253,1,9,0,18,0,0,0,0,0,0,1,1,1,1,6,1598,1,8,8,1
2013213003253,2,9,0,3,0,0,0,0,0,0,2,1,1,1,5,1242,1,9,8,3
2013213003253,3,9,0,3,0,0,0,0,0,0,2,1,1,1,7,1968,2,4,9,2
2013213003269,1,9,0,18,0,8,0,0,0,0,3,1,6,1,4,998,1,8,9,1
2013213003269,2,9,0,16,0,8,1,0,0,0,3,1,6,1,10,1995,2,-1,9,3
2013213003276,1,9,0,9,0,5,0,0,0,0,4,1,3,1,6,1910,2,7,4,1
2013213003276,2,1,0,15,0,8,0,0,0,0,1,1,6,1,4,-1,-1,-1,2,1
2013213003276,3,9,0,18,0,1,0,0,0,0,0,1,6,3,-1,-1,-1,-1,-1,-1
2013213003278,1,9,0,7,0,6,0,0,0,0,2,1,1,2,5,1248,2,7,7,1
2013213003278,2,9,0,18,0,2,0,0,1,2,1,1,6,1,8,3800,1,50,7,3
2013213003282,1,9,0,18,0,6,0,0,0,0,1,1,3,2,6,2148,2,8,8,3
2013213003282,2,9,0,17,0,8,0,0,0,0,3,1,1,2,8,1587,1,7,10,2
2013213003292,1,9,0,18,0,0,0,0,0,0,1,1,6,3,-1,-1,-1,-1,-1,-1
2013213003292,2,9,0,4,0,0,0,0,0,0,2,1,6,2,4,998,1,11,2,1
2013213003292,3,9,0,18,0,0,0,0,0,0,2,1,6,3,-1,1598,1,1,-1,-1
2013213003294,1,9,0,9,0,8,1,0,1,7,1,1,1,2,5,995,1,10,10,2
2013213003298,1,9,0,6,0,2,0,0,0,0,3,1,1,2,8,1560,2,4,10,1
2013213003298,2,1,0,18,0,8,0,0,0,0,4,1,1,2,4,-1,-1,-1,10,1
2013213003299,1,9,0,18,0,4,0,0,0,0,1,1,6,2,6,1229,1,1,7,1
2013213003299,2,9,0,3,0,8,0,0,0,0,2,1,6,2,7,1364,1,6,9,1
2013213003299,3,9,0,3,0,8,0,0,0,0,2,1,6,1,11,1242,1,1,10,1
2013213003315,1,9,0,7,0,6,0,0,0,0,1,1,2,1,7,3999,1,4,9,1
2013213003315,2,9,0,16,0,8,0,0,0,0,4,1,6,2,10,1398,2,9,9,2
2013213003318,1,9,0,18,0,6,0,0,0,0,3,1,6,1,11,1798,1,-1,10,1
2013213003318,2,9,0,18,0,8,0,0,0,0,1,1,6,2,5,1149,1,10,5,3
2013213003330,1,9,0,18,0,4,0,0,0,0,1,1,6,2,11,1587,1,5,4,1
2013213003330,2,9,0,9,0,8,0,0,0,0,2,1,6,1,8,2401,2,9,6,3
2013213003335,1,9,0,7,0,6,0,0,0,0,1,1,6,3,-1,-1,-1,-1,-1,-1
2013213003341,1,9,0,18,0,0,0,0,0,0,1,1,6,3,-1,-1,-1,-1,-1,-1
2013213003341,2,9,0,4,0,0,0,0,0,0,2,1,1,2,7,1398,2,11,1,1
2013213003342,1,3,0,13,0,0,1,0,0,0,0,1,6,1,7,125,1,-1,2,1
2013213003342,2,9,0,17,0,0,0,0,0,0,1,1,6,2,6,1968,2,8,3,1
2013213003342,3,9,0,7,0,0,0,0,0,0,0,1,6,3,-1,-1,-1,-1,-1,-1
2013213003350,1,9,0,7,0,1,0,0,0,0,4,1,6,1,6,-1,-1,-1,-1,-1
2013213003350,2,1,0,18,0,1,0,0,0,0,3,1,2,1,6,-1,-1,-1,6,1
2013213003351,1,9,0,18,0,1,0,0,0,0,1,1,6,1,6,1968,2,4,4,1
2013213003351,2,9,0,10,0,1,0,0,0,0,2,1,6,2,7,1598,1,-1,4,1
2013213003352,1,9,0,1,0,6,0,0,0,0,4,1,2,1,7,1799,1,7,10,1
2013213003352,2,9,0,18,0,8,0,0,7,2,1,1,6,2,4,1229,1,3,9,1
2013213003362,1,9,0,9,0,6,0,0,0,0,1,1,3,1,-1,1686,2,2,-1,-1
2013213003362,2,9,0,18,0,8,0,0,0,0,3,1,6,2,4,1386,1,10,9,1
2013213003370,1,9,0,14,0,0,0,0,0,0,1,1,3,2,7,1998,1,6,3,1
2013213003370,2,11,0,2,0,0,0,0,0,0,0,1,1,3,-1,-1,-1,-1,-1,-1
2013213003372,1,9,0,13,0,1,0,0,0,0,4,1,6,1,9,1248,2,5,2,1
2013213003372,2,1,0,18,0,2,0,0,0,0,3,1,1,1,8,-1,-1,-1,10,2
2013213003375,1,9,0,4,0,0,0,0,0,0,2,1,6,1,5,998,1,-1,8,1
2013213003375,2,9,0,4,0,0,0,0,0,0,1,1,6,1,6,1598,2,1,5,1
2013213003376,1,21,0,18,0,4,0,0,0,0,1,1,1,1,7,-1,2,12,-1,-1
2013213003376,2,9,0,18,0,8,0,0,0,0,3,1,6,2,5,1242,1,2,8,1
2013213003377,1,9,0,9,0,6,0,0,0,0,4,1,6,1,10,1997,2,4,4,1
2013213003377,2,1,0,18,0,8,0,0,0,0,3,1,6,1,9,-1,-1,-1,7,1
2013213003381,1,9,0,3,0,0,0,0,0,0,1,1,6,2,-1,1598,2,2,3,1
2013213003381,2,9,0,18,0,0,0,0,0,0,1,1,6,1,6,1910,2,7,7,1
2013213003393,1,9,0,13,0,0,0,0,0,0,0,1,6,1,6,1364,2,7,8,3
2013213003393,2,1,0,18,0,0,0,0,0,0,2,1,6,1,7,-1,-1,-1,10,1
2013213003393,3,1,0,18,0,0,0,0,0,0,1,1,6,2,7,-1,-1,-1,10,1
2013213003400,1,9,0,7,0,5,0,0,0,0,4,1,6,1,4,973,1,12,-1,-1
2013213003400,2,3,0,18,0,8,0,0,0,0,4,1,6,1,5,125,1,6,4,1
2013213003411,1,9,0,18,0,1,0,10,1,2,1,1,6,1,5,1149,1,13,6,1
2013213003412,1,9,0,18,0,4,0,0,0,0,1,1,6,1,8,3993,1,-1,8,3
2013213003412,2,1,0,18,0,8,0,0,0,0,4,1,6,1,8,-1,-1,-1,6,1
2013213003418,1,9,0,18,0,1,0,0,0,0,1,1,6,1,6,1598,1,4,9,1
2013213003418,2,9,0,3,0,1,0,0,0,0,2,1,6,1,8,3222,2,9,9,1
2013213003418,3,9,0,3,0,1,0,0,0,0,2,1,6,1,8,-1,-1,-1,4,1
2013213003420,1,19,0,18,0,1,0,0,0,0,1,1,6,2,8,1399,2,4,2,1
2013213003420,2,9,0,10,0,1,0,0,0,0,2,1,6,1,6,2179,2,1,6,3
2013213003420,3,9,0,18,0,1,0,0,0,0,0,1,6,1,6,-1,-1,-1,4,3
2013213003421,1,9,0,18,0,0,0,0,0,0,4,1,6,1,-1,-1,-1,-1,-1,-1
2013213003422,1,9,0,16,0,1,2,10,7,11,1,1,6,1,5,973,1,11,3,1
2013213003425,1,9,0,18,0,1,0,0,0,0,1,1,1,2,9,2495,2,9,10,1
2013213003425,2,9,0,10,0,1,0,0,0,0,2,1,3,2,7,2179,2,-1,10,1
2013213003428,1,9,0,7,0,6,0,0,1,1,3,1,6,2,4,1598,1,-1,6,1
2013213003428,2,21,0,18,0,8,1,0,0,0,4,1,1,1,7,6174,2,10,2,1
2013213003429,1,9,0,4,0,1,0,0,0,0,1,1,6,1,10,2982,2,6,5,1
2013213003429,2,9,0,3,0,1,0,0,0,0,2,1,1,2,6,1124,1,12,3,1
2013213003429,3,9,0,10,0,1,0,0,0,0,2,1,2,2,5,1229,1,1,5,2
2013213003435,1,9,0,18,0,0,0,0,0,0,1,1,1,1,7,1968,2,4,3,1
2013213003435,2,9,0,4,0,0,0,0,0,0,2,1,6,2,7,1598,1,5,3,1
2013213003436,1,9,0,9,0,6,0,0,0,0,1,1,6,2,6,1360,1,7,9,1
2013213003436,2,19,0,18,0,8,0,0,0,0,4,1,6,1,6,1598,7,11,2,1
2013213003442,1,9,0,18,0,8,0,0,7,1,1,1,1,1,6,-1,-1,-1,6,1
2013213003442,2,9,0,18,0,8,0,0,0,0,3,1,6,1,9,1242,1,2,6,1
2013213003443,1,9,0,18,0,0,0,0,0,0,1,1,6,2,5,1596,1,11,8,2
2013213003443,2,9,0,4,0,0,0,0,0,0,2,1,6,2,7,1798,1,5,8,2
2013213003443,3,21,1,4,0,0,0,0,0,0,2,1,1,1,6,12900,2,4,2,1
2013213003443,4,21,1,4,0,0,0,0,0,0,0,1,6,3,-1,-1,-1,-1,-1,-1
2013213003446,1,9,0,13,0,0,0,0,0,0,4,1,2,1,9,1395,1,-1,7,1
2013213003446,2,1,0,18,0,0,0,0,0,0,3,1,1,1,8,-1,-1,-1,3,1
2013213003447,1,9,0,4,0,1,0,0,0,0,1,1,1,1,4,1686,2,6,9,1
2013213003447,2,9,0,3,0,1,0,0,0,0,2,1,1,2,6,1388,1,8,2,1
2013213003454,1,9,0,18,0,1,1,0,0,0,4,1,6,1,5,-1,-1,-1,-1,-1
2013213003454,2,9,0,2,0,1,0,0,1,11,3,1,6,2,5,1149,1,9,-1,-1
2013213003456,1,9,0,18,0,0,5,0,1,10,4,1,6,2,4,1242,1,1,4,1
2013213003457,1,9,0,16,0,1,1,0,0,0,1,1,6,2,4,1242,1,5,8,1
2013213003457,2,9,0,17,0,2,0,0,0,0,1,1,6,1,9,1762,1,13,2,1
2013213003459,1,9,0,13,0,8,1,0,7,0,4,1,2,1,5,1588,2,22,10,1
2013213003459,2,9,0,9,0,8,1,0,0,0,3,1,6,1,7,1596,1,11,3,1
2013213003469,1,8,0,14,0,0,0,0,0,0,4,1,6,1,9,1896,2,5,1,1
2013213003469,2,9,0,18,0,0,0,0,0,0,1,1,6,2,6,1299,1,12,6,1
2013213003471,1,10,0,18,0,1,0,0,0,0,1,1,6,1,-1,2402,2,2,1,1
2013213003471,2,9,0,3,0,1,0,0,0,0,2,1,6,1,6,-1,-1,-1,9,1
2013213003472,1,21,0,16,0,0,0,0,0,0,3,1,1,3,-1,-1,-1,-1,-1,-1
2013213003472,2,2,0,17,0,0,0,0,0,0,2,1,6,1,4,49,1,4,9,3
2013213003473,1,9,0,4,0,1,0,0,0,0,1,1,2,2,6,1360,1,2,4,1
2013213003473,2,9,0,4,0,1,0,0,0,0,2,1,2,2,7,1596,1,12,1,1
2013213003473,3,9,0,3,0,1,0,0,0,0,0,1,6,3,-1,-1,-1,-1,-1,-1
2013213003473,4,9,0,7,0,6,0,0,0,0,0,1,6,3,-1,-1,-1,-1,-1,-1
2013213003476,1,9,0,9,0,5,0,0,0,0,4,1,6,1,4,1598,2,1,10,2
2013213003476,2,9,0,17,0,8,0,0,0,0,1,1,6,1,9,3226,2,13,9,3
2013213003477,1,21,0,13,0,2,0,0,0,0,4,1,1,1,8,-1,-1,-1,8,1
2013213003477,2,1,0,18,0,2,0,0,0,0,3,1,6,1,10,-1,-1,-1,10,1
2013213003492,1,8,0,8,0,1,0,0,0,0,1,1,1,2,9,1997,2,4,2,1
2013213003492,2,9,0,4,0,4,0,0,0,0,2,1,6,2,6,1596,1,9,4,1
2013213003495,1,9,0,16,0,2,0,0,0,0,1,1,1,1,7,1910,2,5,2,1
2013213003495,2,8,0,4,0,2,0,0,0,0,2,1,1,3,-1,-1,-1,-1,-1,-1
2013213003496,1,9,0,18,0,0,0,0,0,0,1,1,6,1,5,1229,1,4,8,3
2013213003496,2,9,0,4,0,0,0,0,0,0,2,1,6,1,6,1994,2,9,10,1
2013213003498,1,9,0,9,0,5,0,0,0,0,1,1,1,1,6,1461,2,-1,6,3
2013213003498,2,9,0,17,0,8,0,0,0,0,1,1,6,2,7,-1,-1,-1,8,3
2013213003501,1,9,0,9,0,5,0,0,0,0,0,1,2,2,8,999,1,3,6,1
2013213003501,2,9,0,17,0,8,0,0,0,0,1,1,6,1,6,1753,2,3,3,1
2013213003501,3,9,0,3,0,1,0,0,0,0,3,1,6,1,6,1796,1,9,2,1
2013213003502,1,9,0,18,0,0,0,0,0,0,1,1,6,2,5,3456,8,1,9,3
2013213003502,2,9,0,18,0,0,0,0,0,0,1,1,6,1,6,1390,1,10,-1,-1
2013213003504,1,9,0,18,0,0,0,0,0,0,1,1,6,1,6,1896,2,9,10,1
2013213003504,2,19,0,18,0,0,0,0,0,0,3,1,1,1,7,1399,2,2,-1,-1
2013213003504,3,9,0,18,0,0,0,0,0,0,1,1,6,2,6,1968,2,6,-1,-1
2013213003506,1,9,0,18,0,8,0,0,0,0,1,1,6,1,7,1598,1,3,8,1
2013213003506,2,9,0,18,0,8,0,0,0,0,0,1,6,1,4,1242,1,10,4,1
2013213003507,1,1,0,18,0,6,0,0,0,0,1,1,4,1,3,-1,-1,-1,-1,-1
2013213003509,1,9,0,18,0,0,0,0,0,0,0,1,6,1,5,2967,2,1,7,3
2013213003509,2,9,0,4,0,0,0,0,0,0,0,1,6,2,7,1997,1,12,2,1
2013213003511,1,9,0,6,0,0,0,0,0,0,4,1,6,1,7,2720,2,7,7,1
2013213003511,2,5,0,18,0,0,0,0,0,0,1,1,6,1,6,900,1,12,10,1
2013213003515,1,9,0,18,0,1,0,0,0,0,1,1,1,1,8,1951,2,12,8,1
2013213003515,2,9,0,3,0,1,0,0,0,0,2,1,1,2,8,1149,1,6,10,1
2013213003520,1,9,0,18,0,1,0,0,0,0,1,1,6,1,6,1796,1,13,4,1
2013213003520,2,9,0,3,0,8,0,0,0,0,2,1,6,1,7,998,1,7,10,1
2013213003520,3,9,0,3,0,8,0,0,0,0,2,1,6,1,5,-1,-1,-1,8,1
2013213003520,4,9,0,3,0,2,0,0,0,0,2,1,6,1,11,1248,1,2,8,3
2013213003525,1,5,0,13,0,8,0,0,7,3,1,1,6,1,6,1200,1,15,6,1
2013213003525,2,9,0,9,0,5,0,0,0,0,4,1,6,1,5,1598,1,7,6,3
2013213003526,1,19,0,12,0,1,0,0,0,0,1,2,1,1,7,-1,-1,-1,-1,-1
2013213003526,2,9,0,18,0,1,0,0,4,6,4,1,1,2,4,1248,2,-1,2,1
2013213003526,3,21,1,18,0,1,0,0,0,0,2,1,1,1,8,11967,2,2,1,1
2013213003527,1,9,0,4,0,0,0,0,0,0,1,1,6,2,4,1299,1,14,5,1
2013213003527,2,9,0,4,0,0,0,0,0,0,2,1,6,1,6,1339,1,3,2,1
2013213003533,1,9,0,18,0,0,0,0,0,0,1,1,6,1,8,1997,2,1,5,1
2013213003533,2,9,0,3,0,0,0,0,0,0,2,1,2,1,9,2198,2,4,10,1
2013213003533,3,9,0,3,0,0,0,0,0,0,2,1,2,1,5,1968,2,1,6,1
2013213003533,4,9,0,6,0,0,0,0,0,0,0,1,6,2,-1,-1,-1,-1,-1,-1
2013213003534,1,9,0,18,0,0,2,0,1,7,1,1,6,1,7,1598,1,11,-1,-1
2013213003535,1,9,0,12,0,0,0,0,0,0,1,1,6,1,9,1497,1,10,4,1
2013213003535,2,9,0,4,0,0,0,0,0,0,2,1,1,1,9,1560,2,-1,3,1
2013213003535,3,21,1,4,0,0,0,0,0,0,3,1,1,1,7,10518,2,7,-1,-1
2013213003536,1,9,0,9,0,6,0,0,0,0,2,1,6,1,10,1388,1,7,9,1
2013213003536,2,9,0,18,0,8,0,0,0,0,1,1,6,1,9,1596,1,1,6,1
2013213003537,1,9,0,16,0,1,0,0,0,0,1,1,6,1,11,1598,1,1,8,1
2013213003537,2,9,0,4,0,1,0,0,0,0,2,1,6,2,9,1998,1,21,7,3
2013213003540,1,9,0,9,0,5,0,0,0,0,1,1,6,2,10,1998,2,7,8,1
2013213003540,2,9,0,17,0,8,0,0,1,11,3,1,6,2,6,1339,1,7,3,1
2013213003541,1,9,0,5,0,6,0,0,0,0,1,1,6,3,-1,1896,2,12,-1,-1
2013213003541,2,9,0,18,0,8,0,0,0,0,4,1,2,2,6,1199,1,9,1,1
2013213003542,1,21,0,18,0,0,0,0,0,0,1,1,6,1,-1,11116,2,8,-1,-1
2013213003542,2,9,3,2,6,0,0,0,0,0,3,1,1,1,8,-1,-1,-1,7,1
2013213003553,1,9,0,7,0,1,0,0,0,0,1,1,6,1,4,1968,2,4,7,1
2013213003553,2,9,0,3,0,1,0,0,0,0,2,1,6,2,8,1595,1,3,10,1
2013213003557,1,9,0,18,0,1,0,0,0,0,1,1,6,2,10,1598,1,2,9,1
2013213003557,2,9,0,4,0,1,0,0,0,0,3,1,6,2,10,1596,1,11,5,1
2013213003559,1,9,0,9,0,5,0,0,0,0,4,1,6,2,9,1796,1,10,1,1
2013213003559,2,1,0,18,0,8,0,0,0,0,1,1,6,1,6,-1,-1,-1,1,1
2013213003565,1,9,0,18,0,0,1,10,1,10,1,1,1,1,5,-1,-1,-1,3,1
2013213003566,1,9,0,7,0,8,2,9,1,2,3,1,6,1,4,1199,1,13,2,1
2013213003576,1,5,0,16,0,0,0,0,1,0,1,1,6,1,-1,-1,-1,-1,-1,-1
2013213003576,2,9,0,17,0,0,0,0,1,0,1,1,2,1,8,1600,1,10,4,1
2013213003588,1,9,0,6,0,2,0,0,0,0,3,1,2,1,8,1870,2,7,3,1
2013213003588,2,5,0,14,0,2,0,0,0,0,1,1,2,1,7,800,1,-1,7,2
2013213003589,1,9,0,18,0,1,0,0,0,0,1,1,6,1,6,-1,-1,-1,6,1
2013213003589,2,9,0,3,0,1,0,0,0,0,2,1,2,1,7,1999,1,7,3,1
2013213003593,1,9,0,13,0,0,0,0,0,0,4,1,6,1,10,1388,1,2,3,1
2013213003593,2,3,0,13,0,0,0,0,0,0,3,1,6,1,5,-1,-1,-1,6,1
2013213003593,3,98,0,18,0,0,0,0,0,0,0,1,6,3,-1,-1,-1,-1,-1,-1
2013213003598,1,20,0,1,0,2,0,0,0,0,2,1,1,1,-1,7201,2,2,-1,-1
2013213003598,2,1,0,16,0,1,0,0,0,0,1,1,6,1,6,-1,-1,-1,9,1
2013213003599,1,9,0,9,0,6,0,0,0,0,3,1,6,2,4,1598,1,9,6,1
2013213003599,2,9,0,18,0,8,0,0,0,0,1,1,6,1,11,1229,1,7,2,1
2013213003601,1,9,0,9,0,6,0,0,7,2,3,1,6,2,5,1229,1,1,6,1
2013213003601,2,9,0,18,0,8,0,0,0,0,1,1,6,1,5,1360,1,11,-1,-1
2013213003602,1,21,0,18,0,0,0,0,0,0,3,1,1,1,-1,3920,2,6,-1,-1
2013213003602,2,8,0,18,0,0,0,0,0,0,3,1,6,1,-1,1997,2,7,3,1
2013213003603,1,9,0,18,0,8,0,0,1,4,1,1,6,1,5,1896,2,11,4,1
2013213003603,2,9,0,9,0,6,0,0,0,0,1,1,6,1,9,1988,2,7,10,1
2013213003605,1,9,0,4,0,0,0,0,0,0,1,1,6,1,4,1368,1,2,8,1
2013213003605,2,9,0,3,0,0,0,0,0,0,2,1,6,2,5,1968,2,9,8,3
2013213003605,3,9,0,3,0,0,0,0,0,0,2,1,1,1,8,1560,2,4,2,1
2013213003608,1,9,0,9,0,8,0,0,0,0,3,1,6,2,9,1397,1,4,3,1
2013213003608,2,5,0,13,0,8,0,0,0,0,1,1,6,1,8,1450,1,12,5,3
2013213003609,1,9,0,18,0,0,0,0,0,0,1,1,6,1,11,2179,2,8,6,3
2013213003609,2,8,0,4,0,0,0,0,0,0,3,1,1,2,8,1753,2,5,4,1
2013213003609,3,9,0,18,0,0,0,0,0,0,1,1,2,1,10,1398,2,5,7,1
2013213003612,1,9,0,9,0,8,0,0,0,0,2,1,2,2,5,1391,1,12,2,1
2013213003612,2,5,0,18,0,8,0,0,0,0,1,1,6,1,7,-1,-1,-1,2,1
2013213003613,1,9,0,18,0,1,0,0,0,0,3,1,2,2,9,1248,1,3,4,1
2013213003613,2,1,0,5,0,6,0,0,0,0,1,1,4,1,3,-1,-1,-1,1,1
2013213003615,1,9,0,9,0,6,0,0,0,0,3,1,6,2,6,1994,1,14,7,3
2013213003615,2,20,0,18,0,8,0,0,0,0,1,1,1,1,7,3920,2,8,6,3
2013213003617,1,9,0,18,0,0,0,0,0,0,1,1,6,1,6,1798,1,9,-1,-1
2013213003617,2,9,0,4,0,0,0,0,0,0,2,1,6,2,7,-1,-1,-1,2,1
2013213003618,1,9,0,18,0,0,0,0,0,0,4,1,6,2,7,-1,-1,-1,6,1
2013213003622,1,9,0,9,0,8,0,0,0,0,3,1,1,1,8,2720,2,8,6,3
2013213003622,2,9,0,18,0,1,0,0,0,0,1,1,2,2,6,1896,2,9,5,3
2013213003627,1,9,0,4,0,1,0,0,0,0,1,1,6,2,-1,-1,-1,-1,-1,-1
2013213003627,2,3,0,3,0,1,0,0,0,0,2,1,6,1,7,125,1,12,5,3
2013213003628,1,9,0,18,0,8,0,0,0,0,1,1,2,1,8,6208,1,-1,9,3
2013213003628,2,9,0,3,0,8,0,0,1,1,4,1,2,1,8,973,1,13,1,1
2013213003629,1,9,0,9,0,8,0,0,0,0,4,1,6,1,6,-1,-1,-1,2,1
2013213003629,2,9,0,18,0,8,0,0,0,0,1,1,6,2,5,-1,-1,-1,7,3
2013213003632,1,9,0,9,0,8,0,0,0,0,1,1,1,2,7,1998,2,11,9,1
2013213003632,2,9,0,18,0,8,0,0,0,0,4,1,6,1,4,1560,2,3,8,3
2013213003633,1,9,0,9,0,5,0,0,0,0,1,1,6,2,8,1299,1,13,-1,-1
2013213003633,2,1,0,18,0,8,0,0,0,4,0,1,6,1,11,-1,-1,-1,7,1
2013213003635,1,9,0,18,0,8,0,0,0,0,1,1,6,1,4,1240,1,9,7,1
2013213003635,2,1,0,9,0,8,0,0,0,0,3,1,6,1,10,-1,-1,-1,1,1
2013213003636,1,3,0,18,0,1,0,0,0,0,1,1,6,1,7,-1,-1,-1,9,2
2013213003638,1,9,0,18,0,0,5,10,1,10,1,1,6,2,6,1997,2,3,7,1
2013213003640,1,9,0,18,0,1,0,0,0,0,1,1,6,1,6,1956,2,1,4,1
2013213003640,2,9,0,3,0,1,0,0,0,0,2,1,1,2,6,1560,2,6,8,1
2013213003642,1,9,0,16,0,0,0,0,0,0,1,1,2,2,5,1124,1,11,2,1
2013213003642,2,17,5,17,0,0,0,0,0,0,1,1,1,1,9,-1,2,-1,10,2
2013213003643,1,19,0,18,0,0,0,0,1,7,4,1,1,1,6,2148,2,8,4,1
2013213003644,1,9,0,7,0,2,0,0,0,0,4,1,6,1,7,1910,2,6,-1,-1
2013213003644,2,1,0,7,0,2,0,0,0,0,3,1,6,1,7,-1,-1,-1,2,1
2013213003650,1,5,0,16,0,2,0,0,0,0,1,1,6,1,7,998,1,6,9,1
2013213003650,2,9,0,17,0,1,0,0,0,0,1,1,6,2,7,998,1,7,10,1
2013213003651,1,98,4,4,0,0,0,0,0,0,3,1,6,3,-1,-1,-1,-1,-1,-1
2013213003651,2,1,0,4,0,0,0,0,0,0,3,1,6,2,8,-1,-1,-1,6,1
2013213003651,3,9,0,4,0,0,0,0,0,0,0,1,6,2,9,1686,2,2,8,3
2013213003652,1,11,0,18,0,0,0,0,0,0,4,1,1,1,7,5850,2,11,5,1
2013213003654,1,9,0,9,0,6,0,0,0,0,4,1,6,2,10,1298,1,11,5,1
2013213003654,2,5,0,18,0,8,0,0,0,0,1,1,6,1,6,600,1,11,7,1
2013213003657,1,9,0,5,0,0,0,0,0,0,1,1,6,2,6,1560,2,6,2,1
2013213003657,2,9,0,3,0,0,0,0,0,0,2,1,6,2,7,1229,1,7,10,2
2013213003667,1,9,0,9,0,5,0,0,0,0,4,1,2,1,6,1587,1,7,9,1
2013213003667,2,9,0,18,0,8,0,0,0,0,1,1,6,2,9,1596,1,3,6,1
2013213003670,1,9,0,1,0,6,0,0,0,0,4,1,6,1,6,1600,1,15,8,1
2013213003670,2,1,0,18,0,8,0,0,0,0,1,1,6,1,7,-1,-1,-1,-1,-1
2013213003673,1,9,0,4,0,0,0,0,0,0,2,1,6,1,7,1968,2,1,2,1
2013213003673,2,19,0,18,0,0,0,0,0,0,1,1,1,1,6,2299,2,2,2,1
2013213003673,3,9,0,18,0,0,0,0,0,0,1,1,1,1,9,-1,-1,-1,6,3
2013213003673,4,9,0,18,0,0,5,0,0,0,1,1,6,2,5,1560,2,5,7,1
2013213003675,1,9,0,13,0,0,0,0,0,0,4,1,6,1,10,1598,1,12,6,1
2013213003675,2,16,0,18,0,0,0,0,0,0,0,1,6,2,-1,-1,-1,-1,4,1
2013213003678,1,21,1,18,0,0,0,0,0,0,0,1,1,1,6,12580,2,7,2,1
2013213003678,2,5,0,18,0,0,0,0,0,0,1,1,6,1,9,995,1,9,5,1
2013213003678,3,4,0,4,0,0,0,0,0,0,2,1,6,1,8,498,1,12,9,3
2013213003678,4,5,0,4,0,0,0,0,0,0,2,1,6,1,9,750,1,4,-1,-1
2013213003678,5,9,0,4,0,0,0,0,0,0,2,1,6,2,6,1198,1,10,4,1
2013213003682,1,9,0,9,0,6,0,0,0,0,4,1,1,1,7,1956,2,2,6,1
2013213003682,2,9,0,18,0,8,0,0,0,0,0,1,1,1,9,-1,-1,-1,6,1
2013213003687,1,9,0,18,0,8,0,0,0,0,1,1,6,1,6,3201,1,17,8,1