Accident_Index,Vehicle_Reference,Vehicle_Type,Towing_and_Articulation,Vehicle_Manoeuvre,Vehicle_Location-Restricted_Lane,Junction_Location,Skidding_and_Overturning,Hit_Object_in_Carriageway,Vehicle_Leaving_Carriageway,Hit_Object_off_Carriageway,1st_Point_of_Impact,Was_Vehicle_Left_Hand_Drive?,Journey_Purpose_of_Driver,Sex_of_Driver,Age_Band_of_Driver,Engine_Capacity_(CC),Propulsion_Code,Age_of_Vehicle,Driver_IMD_Decile,Driver_Home_Area_Type
2013213004075,2,9,0,3,0,0,0,0,0,0,2,1,6,1,6,2497,1,8,8,3
2013213004075,3,9,0,3,0,0,0,0,0,0,2,1,2,1,6,1388,1,3,3,1
2013213004076,1,9,0,18,0,1,0,0,0,0,1,1,6,1,11,1997,2,8,7,1
2013213004076,2,3,0,18,0,1,0,0,0,0,2,1,6,2,4,125,1,4,2,1
2013213004077,1,9,0,4,0,0,0,0,0,0,2,1,6,1,-1,2495,2,15,-1,-1
2013213004077,2,1,0,17,0,0,1,0,0,0,1,1,2,1,8,-1,-1,-1,9,1
2013213004080,1,9,0,9,0,8,0,0,1,10,3,1,6,1,10,3200,2,6,9,3
2013213004080,2,9,0,18,0,8,0,0,0,0,1,1,6,1,6,1598,1,9,1,1
2013213004082,1,9,0,18,0,8,0,0,0,0,1,1,6,1,6,1332,1,14,2,1
2013213004082,2,9,0,7,0,8,0,0,0,0,1,1,6,2,5,1968,2,9,1,1
2013213004083,1,19,0,18,0,0,5,0,1,11,4,1,6,1,9,1997,2,10,5,3
2013213004083,2,9,0,18,0,0,0,0,0,0,0,1,6,2,9,2446,2,13,5,3
2013213004084,1,9,0,18,0,1,1,0,0,0,1,1,6,2,4,1360,1,14,8,3
2013213004084,2,9,0,3,0,1,0,0,0,0,2,1,6,1,8,1984,1,6,5,1
2013213004086,1,3,0,8,0,2,0,0,0,0,2,1,6,2,8,125,1,-1,1,1
2013213004086,2,9,0,7,0,6,0,0,0,0,1,1,6,2,7,1360,1,10,8,1
2013213004087,1,21,1,5,0,1,0,0,0,0,1,1,1,1,7,12777,2,3,4,1
2013213004087,2,22,0,5,0,1,0,0,0,0,1,1,6,1,11,-1,-1,-1,2,1
2013213004095,1,9,0,18,0,0,0,0,0,0,1,1,2,2,8,2493,1,15,1,1
2013213004095,2,9,0,7,0,0,0,0,0,0,2,1,6,2,9,1242,1,10,8,1
2013213004096,1,9,0,18,0,0,1,0,0,0,1,1,1,1,8,1360,1,11,4,1
2013213004096,2,9,0,18,0,0,0,0,0,0,1,1,6,2,4,1360,1,10,10,1
2013213004097,1,1,0,18,0,6,0,0,0,0,0,1,6,1,-1,-1,-1,-1,7,3
2013213004097,2,1,0,18,0,8,0,0,0,0,0,1,6,1,9,-1,-1,-1,10,1
2013213004101,1,9,0,18,0,1,0,0,0,0,0,1,6,1,4,-1,-1,-1,-1,-1
2013213004101,2,9,0,10,0,5,0,0,1,11,1,1,6,1,5,1396,1,10,2,1
2013213004102,1,9,0,9,0,5,0,0,0,0,3,1,1,1,8,1399,1,7,4,1
2013213004102,2,9,0,13,0,8,0,0,0,0,4,1,1,1,4,1360,1,10,10,1
2013213004105,1,1,0,18,0,6,0,0,0,0,4,1,6,1,4,-1,-1,-1,2,1
2013213004105,2,9,0,18,0,8,0,0,0,0,1,1,6,2,8,1386,1,5,4,1
2013213004108,1,9,0,18,0,0,2,0,1,4,1,1,6,1,7,-1,-1,-1,1,1
2013213004114,1,9,0,9,0,2,0,0,0,0,1,1,6,3,-1,-1,-1,-1,-1,-1
2013213004114,2,1,0,18,0,2,0,0,0,0,1,1,6,1,5,-1,-1,-1,1,1
2013213004115,1,19,0,18,0,0,0,0,0,0,1,1,6,1,6,2198,2,2,1,1
2013213004115,2,9,0,18,0,0,0,0,0,0,2,1,1,1,6,1242,1,13,1,1
2013213004116,1,9,0,7,0,8,0,0,0,0,1,1,1,1,4,998,1,-1,1,1
2013213004116,2,9,0,18,0,8,0,0,0,0,1,1,6,1,5,2521,1,5,5,1
2013213004117,1,9,0,18,0,1,0,0,0,0,1,1,6,1,4,2148,2,5,6,3
2013213004117,2,9,0,7,0,8,0,0,0,0,2,1,-1,2,6,-1,-1,-1,-1,-1
2013213004119,1,9,0,7,0,4,0,0,0,0,1,1,6,2,11,1598,1,3,10,3
2013213004119,2,9,0,3,0,3,0,0,0,0,2,1,6,1,9,1596,1,13,8,3
2013213004121,1,9,0,18,0,0,0,0,0,0,1,1,6,1,6,1248,2,5,-1,-1
2013213004121,2,9,0,18,0,0,0,0,0,0,2,1,1,2,7,1761,1,14,2,1
2013213004122,1,9,0,18,0,1,0,0,0,0,1,1,6,2,8,1582,2,-1,1,1
2013213004123,1,9,0,18,0,8,0,0,0,0,3,1,6,1,-1,1956,2,2,-1,-1
2013213004123,2,9,0,18,0,8,0,0,0,0,1,1,6,2,8,1686,2,1,1,1
2013213004124,1,9,0,9,0,6,0,0,0,0,1,1,6,1,5,-1,-1,-1,2,1
2013213004124,2,9,0,18,0,8,5,0,0,0,4,1,6,1,8,2494,2,6,6,3
2013213004124,3,9,0,18,0,1,0,0,0,0,3,1,6,2,9,-1,-1,-1,6,3
2013213004125,1,9,0,18,0,0,0,0,0,0,1,1,1,2,5,1587,1,5,4,1
2013213004126,1,9,0,18,0,0,5,0,0,0,1,1,6,1,7,2656,1,11,2,1
2013213004126,2,19,0,18,0,0,0,0,0,0,1,1,6,1,9,1997,2,-1,7,1
2013213004127,1,9,0,18,0,0,0,0,0,0,1,1,6,3,-1,-1,-1,-1,-1,-1
2013213004128,1,9,0,18,0,1,0,0,0,0,1,1,1,1,6,1390,1,4,8,1
2013213004128,2,9,0,10,0,1,0,0,0,0,2,1,6,1,4,1596,1,4,8,3
2013213004130,1,9,0,9,0,5,0,0,0,0,4,1,2,1,5,1560,2,1,3,2
2013213004130,2,3,0,17,0,8,0,0,0,0,1,1,2,1,5,124,1,2,4,1
2013213004132,1,9,0,18,0,0,0,0,0,0,4,1,6,1,8,1997,1,9,3,1
2013213004132,2,8,0,18,0,0,0,0,0,0,3,1,1,1,8,1896,2,6,2,1
2013213004133,1,2,0,18,9,0,0,0,0,0,0,1,6,1,4,49,1,7,3,2
2013213004135,1,9,0,14,0,0,0,0,0,0,1,1,6,2,7,1360,1,9,4,1
2013213004135,2,9,0,4,0,0,0,0,0,0,2,1,6,1,7,1968,2,-1,-1,-1
2013213004135,3,9,0,2,0,0,0,0,0,0,0,1,6,2,6,1798,2,3,8,1
2013213004137,1,9,0,18,0,1,0,0,0,0,1,1,1,2,5,-1,-1,-1,2,1
2013213004137,2,9,0,7,0,5,0,0,1,11,2,1,6,2,10,650,1,12,8,3
2013213004139,1,9,0,18,0,1,5,0,0,0,1,1,6,2,4,1600,1,13,1,1
2013213004139,2,9,0,2,0,1,0,0,0,0,3,1,6,2,7,1397,1,12,1,1
2013213004139,3,9,0,2,0,1,0,0,0,0,3,1,6,2,9,1596,1,2,1,1
2013213004140,1,10,0,18,0,5,0,0,0,0,1,1,1,1,8,2143,2,3,1,1
2013213004140,2,19,0,4,0,5,0,0,0,0,2,1,2,1,5,1686,2,9,1,1
2013213004140,3,9,0,3,0,5,0,0,0,0,2,1,6,1,6,1398,2,11,3,1
2013213004146,1,9,0,16,0,2,1,0,1,11,1,1,6,2,5,1389,1,15,10,1
2013213004146,2,9,0,17,0,1,0,0,0,0,3,1,6,1,4,1461,2,7,9,1
2013213004147,1,3,0,17,0,0,0,0,0,0,1,1,6,1,4,124,1,-1,5,3
2013213004147,2,9,0,3,0,0,0,0,0,0,2,1,6,1,7,2996,1,6,4,1
2013213004148,1,9,0,18,0,1,0,0,0,0,1,1,6,1,9,1900,2,14,9,2
2013213004148,2,9,0,4,0,1,0,0,0,0,2,1,6,1,6,1896,2,8,2,1
2013213004150,1,9,0,9,0,6,0,0,0,0,1,1,6,1,11,1299,1,10,10,1
2013213004150,2,9,0,18,0,8,0,0,0,0,1,1,6,2,7,1124,1,9,5,1
2013213004150,3,9,0,18,0,8,0,0,0,0,1,1,6,2,7,1997,1,12,9,1
2013213004151,1,9,0,18,0,6,0,0,7,11,1,1,6,2,10,1248,1,3,8,1
2013213004151,2,9,0,18,0,1,0,0,0,0,4,1,6,1,9,-1,-1,-1,7,1
2013213004152,1,9,0,18,0,3,0,0,0,0,1,1,6,1,-1,2400,2,4,7,1
2013213004152,2,9,0,4,0,2,0,0,0,0,2,1,6,2,7,1998,2,9,6,1
2013213004156,1,9,0,9,0,5,0,0,0,0,1,1,6,3,-1,1598,1,14,-1,-1
2013213004156,2,9,0,13,0,8,5,0,0,0,4,1,1,1,9,1598,1,12,5,1
2013213004157,1,9,0,18,0,0,0,0,0,0,1,1,6,2,9,1896,2,3,-1,3
2013213004157,2,9,0,4,0,0,0,0,0,0,1,1,6,1,7,1995,2,1,9,1
2013213004157,3,9,0,3,0,0,0,0,0,0,2,1,6,1,9,1560,2,-1,7,1
2013213004157,4,9,0,4,0,0,0,0,0,0,2,1,6,1,6,1198,1,9,-1,-1
2013213004159,1,9,0,18,0,8,0,0,0,0,1,1,6,1,7,1995,2,-1,10,1
2013213004159,2,9,0,4,0,8,0,0,1,7,2,1,6,1,6,998,1,6,1,1
2013213004161,1,9,0,9,0,4,0,0,0,0,1,1,6,2,9,1796,1,6,9,1
2013213004161,2,9,0,18,0,8,0,0,0,0,1,1,6,1,6,1998,2,5,2,1
2013213004162,1,8,0,4,0,8,0,0,0,0,1,1,1,1,6,1968,2,6,4,1
2013213004162,2,9,0,9,0,8,0,0,0,0,1,1,6,2,5,1390,1,-1,6,1
2013213004163,1,9,0,9,0,8,0,9,0,0,3,1,6,2,11,1498,1,6,9,2
2013213004174,1,9,0,17,0,1,0,0,0,0,1,-1,6,3,-1,-1,-1,-1,-1,-1
2013213004174,2,9,0,3,0,1,0,0,0,0,2,1,6,1,6,1796,1,10,1,1
2013213004177,1,9,0,18,0,1,0,0,0,0,1,1,6,1,10,1389,1,12,8,3
2013213004179,1,9,0,18,0,1,0,0,0,0,1,1,2,1,7,1560,2,1,9,1
2013213004179,2,19,0,3,0,1,0,0,0,0,2,1,1,1,8,2198,2,6,4,1
2013213004179,3,9,0,3,0,1,0,0,0,0,2,1,2,1,7,1995,2,1,2,1
2013213004179,4,9,0,9,0,5,0,0,0,0,0,1,6,3,-1,-1,-1,-1,-1,-1
2013213004180,1,9,0,18,0,1,0,0,0,0,1,1,1,1,8,1598,1,10,4,1
2013213004180,2,9,0,3,0,8,0,0,0,0,2,1,1,2,-1,1600,2,2,5,1
2013213004180,3,9,0,3,0,8,0,0,0,0,2,1,2,1,-1,1896,2,12,1,1
2013213004181,1,9,0,18,0,0,0,0,0,0,1,1,1,1,7,1686,2,10,5,1
2013213004181,2,9,0,2,0,0,0,0,0,0,2,1,6,2,6,1968,2,2,6,1
2013213004184,1,9,0,1,0,8,0,0,0,0,2,1,6,1,4,-1,-1,-1,-1,-1
2013213004184,2,9,0,3,0,8,0,0,0,0,1,1,6,2,5,1360,1,10,3,1
2013213004200,1,9,0,16,0,0,1,0,7,11,1,1,6,1,5,1198,1,10,9,3
2013213004203,1,9,0,18,0,0,0,0,0,0,1,1,6,1,9,2204,2,9,4,1
2013213004203,2,9,0,4,0,0,0,0,0,0,2,1,6,1,9,1124,1,14,7,3
2013213004203,3,9,0,18,0,0,0,0,0,0,0,1,6,3,-1,-1,-1,-1,-1,-1
2013213004206,1,9,0,7,0,4,0,0,0,0,4,1,6,3,-1,-1,-1,-1,-1,-1
2013213004206,2,1,0,9,0,8,0,0,0,0,3,1,1,1,6,-1,-1,-1,4,1
2013213004212,1,9,0,4,0,1,0,0,0,0,1,1,6,2,6,1991,2,9,5,1
2013213004212,2,9,0,4,0,1,0,0,0,0,2,1,6,1,6,1398,1,-1,-1,1
2013213004212,3,9,0,4,0,1,0,0,0,0,2,1,6,2,-1,1999,1,7,4,1
2013213004212,4,9,0,4,0,1,0,0,0,0,2,1,6,1,7,1598,1,1,5,3
2013213004212,5,9,0,3,0,1,0,0,0,0,2,1,6,1,7,1598,1,6,-1,2
2013213004216,1,9,0,1,0,0,0,0,0,0,4,1,6,2,6,1598,1,6,7,1
2013213004217,1,5,0,18,0,1,1,0,0,0,0,1,6,1,7,1170,1,7,7,1
2013213004219,1,9,0,5,0,8,0,0,0,0,1,1,6,1,11,1590,1,-1,3,1
2013213004220,1,9,0,9,0,5,0,0,0,0,1,1,6,2,7,2231,2,8,4,1
2013213004220,2,9,0,16,0,8,0,0,0,0,1,1,6,2,5,1124,1,13,2,1
2013213004222,1,9,0,17,0,0,1,0,4,0,1,1,1,1,5,1242,1,12,5,1
2013213004224,1,9,0,18,0,1,0,0,7,1,1,1,6,1,9,2495,2,9,7,3
2013213004224,2,9,0,10,0,1,0,0,7,0,2,1,6,2,6,1364,2,1,2,1
2013213004225,1,9,0,16,0,1,0,0,0,0,1,1,6,2,6,1061,1,10,6,3
2013213004225,2,9,0,3,0,1,0,0,0,0,2,1,6,1,8,1399,1,2,6,1
2013213004226,1,9,0,18,0,2,0,0,0,0,1,1,6,1,6,1997,2,6,4,1
2013213004226,2,1,0,18,0,2,0,0,0,0,4,1,6,1,3,-1,-1,-1,2,1
2013213004228,1,5,0,18,0,8,0,0,0,0,1,1,6,1,6,599,1,14,6,1
2013213004228,2,9,0,9,0,5,0,0,0,0,2,1,6,2,6,1598,1,4,7,2
2013213004230,1,9,0,18,0,0,0,0,0,0,1,1,6,2,9,1364,1,4,3,1
2013213004230,2,19,0,16,0,0,0,0,0,0,1,1,2,1,6,1968,2,1,6,3
2013213004232,1,9,0,13,0,1,1,10,7,11,1,1,6,1,5,973,1,11,6,1
2013213004232,2,19,0,18,0,1,0,0,0,0,0,1,1,1,9,2143,2,4,2,1
2013213004232,3,9,0,18,0,1,0,0,0,0,0,1,6,2,7,1560,2,2,9,1
2013213004232,4,19,0,7,0,6,0,0,0,0,0,1,2,2,8,1997,2,9,6,1
2013213004236,1,9,0,17,0,1,1,0,0,0,1,1,6,1,8,2902,2,9,2,1
2013213004236,2,9,0,4,0,1,0,0,0,0,2,1,6,2,4,1229,1,8,8,1
2013213004237,1,9,0,13,0,0,0,0,0,0,4,1,6,1,10,2776,2,8,10,1
2013213004237,2,1,0,18,0,0,0,0,0,0,3,1,6,1,6,-1,-1,-1,7,1
2013213004238,1,9,0,9,0,4,0,0,0,0,1,1,1,2,5,998,1,7,6,1
2013213004238,2,4,0,18,0,8,0,0,0,0,4,1,1,1,8,385,1,11,10,1
2013213004239,1,9,0,10,0,5,0,0,0,0,4,1,6,1,9,1968,2,4,3,1
2013213004239,2,9,0,17,0,1,0,0,0,0,1,1,6,1,5,1998,1,7,6,3
2013213004242,1,19,0,7,0,6,0,0,1,0,1,1,1,2,8,1461,2,10,9,3
2013213004242,2,1,0,17,0,8,0,0,0,0,4,1,6,1,7,-1,-1,-1,10,1
2013213004242,3,1,0,17,0,8,0,0,0,0,0,1,6,1,2,-1,-1,-1,10,1
2013213004245,1,9,0,18,0,1,0,0,0,0,1,1,1,1,6,1910,2,5,4,1
2013213004245,2,9,0,3,0,1,0,0,0,0,2,1,6,2,5,1242,1,4,9,1
2013213004247,1,9,0,3,0,7,0,0,0,0,1,1,6,2,9,1598,1,11,1,1
2013213004247,2,9,0,3,0,7,0,0,0,0,2,1,1,2,8,1560,2,1,9,2
2013213004247,3,9,0,4,0,7,0,0,0,0,2,1,1,1,7,1999,1,5,8,2
2013213004252,1,19,0,18,0,1,0,0,0,0,1,1,1,1,8,2402,2,3,7,1
2013213004253,1,9,0,5,0,8,0,0,0,0,4,1,1,1,6,2000,2,8,1,1
2013213004253,2,9,0,18,0,8,0,0,0,0,1,1,6,1,4,1968,2,7,7,3
2013213004254,1,9,0,16,0,0,2,10,7,10,1,1,2,2,8,1997,1,10,10,2
2013213004256,1,9,0,9,0,5,0,0,0,0,4,1,2,2,7,1968,2,3,6,1
2013213004256,2,9,0,18,0,8,0,0,0,0,1,1,6,1,5,1995,1,3,-1,-1
2013213004257,1,9,0,3,0,8,0,0,0,0,4,-1,6,3,-1,-1,-1,-1,-1,-1
2013213004257,2,1,0,18,0,8,0,0,0,0,1,1,6,1,3,-1,-1,-1,3,1
2013213004259,1,9,0,17,0,0,0,0,7,10,1,1,6,1,5,1596,1,5,7,3
2013213004260,1,9,0,9,0,8,0,0,0,0,1,1,6,1,8,1994,1,9,10,1
2013213004260,2,9,0,3,0,8,0,0,0,0,2,1,6,1,6,1391,1,11,3,1
2013213004260,3,9,0,3,0,8,0,0,0,0,2,1,6,1,7,1596,1,5,5,1
2013213004261,1,9,0,18,0,4,0,0,0,0,1,1,6,2,7,1598,2,-1,6,2
2013213004261,2,21,1,7,0,8,0,0,0,0,4,1,1,1,6,11967,2,4,6,2
2013213004262,1,9,0,18,0,1,0,0,0,0,1,1,6,1,5,1769,2,18,5,3
2013213004262,2,9,0,3,0,1,0,0,0,0,2,1,2,1,5,999,1,-1,3,1
2013213004262,3,9,0,9,0,5,0,0,0,0,0,1,6,3,-1,-1,-1,-1,-1,-1
2013213004263,1,9,0,5,0,0,0,0,0,0,1,1,6,1,-1,1149,1,5,-1,-1
2013213004263,2,9,0,2,0,0,0,0,0,0,4,1,1,1,7,1560,2,5,-1,-1
2013213004263,3,9,0,2,0,0,0,0,0,0,0,1,1,2,6,-1,-1,-1,-1,-1
2013213004263,4,9,0,2,0,0,0,0,0,0,2,1,6,1,-1,1796,1,11,-1,-1
2013213004263,5,9,0,2,0,0,0,0,0,0,1,1,6,1,-1,1390,1,8,-1,-1
2013213004264,1,9,0,9,0,5,0,0,0,0,0,1,6,2,7,1560,2,2,9,1
2013213004264,2,9,0,17,0,8,0,10,1,0,1,1,6,1,5,1968,2,10,6,1
2013213004265,1,3,0,18,0,6,1,0,0,0,1,1,6,1,8,124,1,3,4,1
2013213004265,2,17,0,9,0,6,0,0,0,0,0,1,1,3,-1,-1,-1,-1,-1,-1
2013213004268,1,9,0,18,0,1,0,0,0,0,1,1,6,2,5,1598,1,17,8,1
2013213004268,2,9,0,3,0,1,0,0,0,0,2,1,1,1,4,1229,1,8,5,1
2013213004268,3,9,0,9,0,5,0,0,0,0,0,1,6,3,-1,-1,-1,-1,-1,-1
2013213004269,1,19,0,18,0,8,0,0,0,0,1,1,1,1,6,1995,2,5,3,1
2013213004269,2,9,0,18,0,8,0,0,1,1,4,1,6,1,9,1598,2,2,3,1
2013213004271,1,9,0,4,0,0,0,0,0,0,1,1,1,1,8,2967,2,2,8,3
2013213004271,2,9,0,4,0,0,0,0,0,0,2,1,1,1,7,3222,2,8,9,1
2013213004274,1,20,0,4,0,8,0,0,0,0,1,1,1,1,7,3920,2,10,5,1
2013213004274,2,9,0,9,0,5,0,0,0,0,2,1,6,2,7,1798,1,9,2,1
2013213004274,3,9,0,7,0,6,0,0,0,0,0,1,6,3,-1,-1,-1,-1,-1,-1
2013213004275,1,9,0,18,0,0,1,0,0,0,1,1,6,1,6,1396,1,15,6,2
2013213004275,2,9,0,3,0,0,0,0,0,0,2,1,1,1,6,1995,2,-1,7,1
2013213004276,1,9,0,17,0,0,1,0,7,4,1,1,2,2,5,1198,1,8,8,1
2013213004277,1,9,0,13,0,0,0,0,5,6,3,1,2,2,6,1587,1,10,6,1
2013213004277,2,9,0,16,0,0,0,0,0,0,3,1,1,1,7,-1,-1,-1,9,1
2013213004278,1,9,0,18,0,8,0,0,0,0,1,1,6,2,8,1242,1,1,10,1
2013213004278,2,9,0,18,0,8,0,0,0,0,3,1,6,1,6,1360,1,11,5,1
2013213004283,1,19,0,18,0,0,1,0,0,0,1,1,2,1,6,1753,2,9,6,1
2013213004283,2,9,0,18,0,0,0,0,0,0,1,1,6,2,6,1753,2,9,3,1
2013213004284,1,19,0,1,0,0,0,0,0,0,2,1,6,1,9,2496,2,20,2,1
2013213004284,2,9,0,2,0,0,0,0,0,0,4,1,6,1,5,1242,1,10,1,1
2013213004285,1,9,0,18,0,2,0,0,0,0,1,1,6,3,-1,-1,-1,-1,-1,-1
2013213004286,1,9,0,18,0,1,1,0,0,0,1,1,6,1,-1,1968,2,7,10,1
2013213004286,2,9,0,3,0,1,0,0,0,0,2,1,6,1,7,1686,2,7,9,1
2013213004286,3,9,0,3,0,1,0,0,0,0,2,1,6,2,-1,1794,1,11,5,1
2013213004291,1,1,0,18,0,8,0,0,0,0,3,1,6,1,4,-1,-1,-1,3,1
2013213004291,2,9,0,18,0,8,0,0,0,0,1,1,6,1,6,1598,1,17,3,1
2013213004297,1,9,0,12,0,1,0,0,0,0,1,1,6,1,-1,1797,8,2,-1,-1
2013213004297,2,1,0,18,0,6,0,0,0,0,1,1,6,1,6,-1,-1,-1,2,1
2013213004298,1,9,0,18,0,0,0,0,0,0,1,1,6,2,6,1349,1,1,6,3
2013213004298,2,9,0,4,0,0,0,0,0,0,2,1,6,2,6,1598,1,1,1,1
2013213004300,1,9,0,13,0,8,0,0,0,0,1,1,6,1,6,1998,1,18,5,1
2013213004300,2,9,0,16,0,8,0,0,0,0,2,1,6,1,8,5439,1,9,7,3
2013213004300,3,9,0,17,0,1,0,0,1,10,1,1,6,2,8,1896,2,11,4,1
2013213004306,1,9,0,9,0,8,0,0,0,0,1,1,2,2,6,1995,1,5,1,1
2013213004306,2,2,0,18,0,8,0,0,0,0,1,1,6,1,4,49,1,2,2,1
2013213004310,1,9,0,18,0,8,0,0,0,0,1,1,6,2,8,1341,1,9,2,1
2013213004310,2,9,0,18,0,6,0,0,1,11,1,1,6,2,6,2720,2,7,5,1
2013213004311,1,9,0,4,0,8,0,0,0,0,2,1,6,1,9,3200,2,13,7,3
2013213004311,2,9,0,18,0,8,0,0,0,0,1,1,6,2,4,1598,1,3,10,1
2013213004312,1,9,0,4,0,0,0,0,0,0,4,1,6,2,9,1149,1,7,7,1
2013213004312,2,1,0,18,0,0,0,0,0,0,1,1,6,1,2,-1,-1,-1,8,1
2013213004313,1,9,0,10,0,1,0,0,0,0,2,1,6,1,7,-1,-1,-1,5,1
2013213004313,2,1,0,18,0,1,0,0,0,0,1,1,6,1,8,-1,-1,-1,8,2
2013213004314,1,9,0,17,0,0,0,0,0,0,1,1,6,1,10,1590,1,11,10,1
2013213004314,2,9,0,16,0,0,0,0,0,0,3,1,6,2,6,1461,2,5,8,3
2013213004315,1,9,0,13,0,1,0,0,0,0,1,1,6,1,5,1998,1,6,2,1
2013213004315,2,9,0,9,0,6,0,0,0,0,1,1,6,1,6,1596,1,11,4,1
2013213004327,1,1,0,18,0,8,0,0,0,0,1,1,6,1,4,-1,-1,-1,1,1
2013213004327,2,9,0,18,0,8,0,0,0,0,1,1,6,2,6,1900,2,8,9,1
2013213004330,1,9,0,18,0,1,0,0,0,0,1,1,6,1,5,1598,1,8,5,1
2013213004331,1,9,0,18,0,1,0,0,0,0,1,1,6,1,7,-1,-1,-1,1,1
2013213004331,2,5,0,4,0,1,0,0,0,0,2,1,6,1,6,-1,-1,-1,1,1
2013213004333,1,20,0,12,0,8,0,0,0,0,3,1,6,1,5,-1,-1,-1,3,1
2013213004333,2,20,0,18,0,7,0,0,0,0,1,1,1,1,7,-1,-1,-1,6,3
2013213004333,3,11,0,18,0,8,0,0,0,0,3,1,1,1,8,4250,2,14,-1,-1
2013213004334,1,9,0,18,0,0,0,0,0,0,1,1,6,1,8,1598,2,2,5,1
2013213004334,2,9,0,4,0,0,0,0,0,0,2,1,6,2,6,2776,2,9,2,1
2013213004337,1,9,0,9,0,5,0,0,0,0,1,1,6,2,4,1297,1,13,9,1
2013213004337,2,9,0,18,0,8,0,0,0,0,1,1,6,2,7,2488,1,9,3,1
2013213004338,1,9,0,9,0,8,0,0,0,0,1,1,1,2,8,599,1,11,1,1
2013213004338,2,9,0,9,0,8,0,0,0,0,1,1,6,1,7,1422,2,11,1,1
2013213004339,1,9,0,5,0,4,0,0,0,0,1,1,1,1,6,1560,2,4,-1,-1
2013213004339,2,9,0,9,0,8,0,0,0,0,4,1,2,1,8,1596,1,1,6,2
2013213004339,3,90,0,18,0,4,0,0,0,0,0,1,1,3,-1,-1,-1,-1,-1,-1
2013213004340,1,9,0,18,0,2,0,0,0,0,1,1,6,1,6,1587,1,11,-1,-1
2013213004342,1,9,0,18,0,1,0,10,1,10,1,1,6,1,11,1598,1,14,10,1
2013213004345,1,9,0,18,0,0,2,0,8,11,1,1,6,2,4,1196,1,17,4,1
2013213004346,1,9,0,7,0,6,0,0,0,0,1,1,2,2,8,1997,2,5,3,1
2013213004346,2,1,0,18,0,8,0,0,0,0,4,1,2,1,6,-1,-1,-1,2,1
2013213004347,1,9,0,9,0,6,0,0,0,0,3,1,6,1,10,1896,2,8,9,2
2013213004347,2,9,0,17,0,8,0,0,0,0,1,1,6,2,8,1360,1,12,7,1
2013213004354,1,9,0,4,0,6,0,0,0,0,4,1,1,1,-1,1995,2,3,3,1
2013213004354,2,1,0,18,0,8,0,0,0,0,3,1,6,1,5,-1,-1,-1,5,1
2013213004355,1,9,0,9,0,6,1,0,0,0,1,1,6,1,7,-1,-1,-1,8,2
2013213004355,2,9,0,3,0,2,0,0,0,0,2,1,6,1,5,1124,1,12,3,2
2013213004356,1,9,0,9,0,6,0,0,0,0,1,1,6,2,11,1248,1,1,10,1
2013213004356,2,9,0,18,0,8,0,0,0,0,3,1,6,2,5,1868,2,12,6,1
2013213004357,1,9,0,18,0,6,0,0,0,0,3,1,2,2,6,1590,1,9,5,1
2013213004357,2,19,0,18,0,8,0,0,0,0,1,1,1,1,6,2402,2,8,4,1
2013213004360,1,9,0,18,0,0,0,0,7,10,1,1,6,1,10,1796,1,10,2,1
2013213004363,1,9,0,9,0,5,0,10,1,10,1,1,6,1,6,1364,1,4,6,3
2013213004363,2,9,0,9,0,5,0,0,0,0,1,1,1,1,7,1248,2,-1,3,1
2013213004367,1,8,0,1,0,0,0,0,0,0,2,1,1,1,7,1998,2,4,1,1
2013213004369,1,9,0,9,0,6,0,0,0,0,4,1,6,2,6,1242,1,4,8,1
2013213004369,2,1,0,16,9,8,0,0,0,0,1,1,6,1,4,-1,-1,-1,1,1
2013213004369,3,9,0,16,0,1,0,0,0,0,0,1,6,3,-1,-1,-1,-1,-1,-1
2013213004377,1,9,0,9,0,6,0,0,0,0,3,1,1,1,6,1997,2,10,5,3
2013213004377,2,9,0,18,0,8,0,0,0,0,1,1,1,1,5,-1,-1,-1,1,1
2013213004379,1,9,0,1,0,6,0,0,0,0,2,1,6,1,8,1988,2,8,3,1
2013213004379,2,9,0,18,0,8,1,10,2,11,4,1,6,2,4,1149,1,11,6,1
2013213004381,1,9,0,5,0,8,0,0,0,0,1,1,6,1,9,1999,1,5,10,1
2013213004381,2,9,0,18,0,6,0,0,0,0,3,1,6,1,6,1598,1,8,6,3
2013213004382,1,9,0,6,0,6,0,0,0,0,3,1,6,2,6,1968,2,1,-1,-1
2013213004382,2,9,0,18,0,8,0,0,0,0,1,1,1,1,6,1199,1,12,6,1
2013213004385,1,9,0,6,0,8,0,0,0,0,3,1,6,1,11,2148,2,9,6,1
2013213004385,2,9,0,18,0,8,0,0,0,0,4,1,2,1,7,1461,2,-1,10,1
2013213004386,1,9,0,16,0,0,0,0,0,0,1,1,6,1,7,1997,1,14,6,1
2013213004386,2,9,0,4,7,0,5,0,0,0,2,1,6,1,6,1598,1,14,8,1
2013213004389,1,5,0,13,0,8,0,0,0,0,4,1,6,1,9,1063,1,13,9,1