Accident_Index,Vehicle_Reference,Vehicle_Type,Towing_and_Articulation,Vehicle_Manoeuvre,Vehicle_Location-Restricted_Lane,Junction_Location,Skidding_and_Overturning,Hit_Object_in_Carriageway,Vehicle_Leaving_Carriageway,Hit_Object_off_Carriageway,1st_Point_of_Impact,Was_Vehicle_Left_Hand_Drive?,Journey_Purpose_of_Driver,Sex_of_Driver,Age_Band_of_Driver,Engine_Capacity_(CC),Propulsion_Code,Age_of_Vehicle,Driver_IMD_Decile,Driver_Home_Area_Type
2013213004389,2,9,0,9,0,5,0,0,0,0,3,1,6,2,6,1390,1,1,2,1
2013213004392,1,9,0,4,0,4,1,0,0,0,1,1,6,2,9,1242,1,7,8,1
2013213004392,2,9,0,4,0,4,0,0,0,0,2,1,2,2,9,1329,1,3,2,1
2013213004396,1,9,0,4,0,1,0,0,0,0,1,1,2,2,5,-1,-1,-1,8,1
2013213004396,2,9,0,4,0,1,0,0,0,0,2,1,6,2,7,-1,-1,-1,7,1
2013213004409,1,9,0,7,0,8,0,0,0,0,1,2,6,1,6,-1,-1,-1,1,1
2013213004409,2,1,0,18,0,8,0,0,0,0,1,1,6,1,6,-1,-1,-1,3,1
2013213004410,1,9,0,4,0,1,0,0,0,0,1,1,6,2,9,1390,1,2,7,3
2013213004410,2,9,0,3,0,1,0,0,0,0,2,1,6,2,5,1242,1,4,10,1
2013213004410,3,9,0,10,0,8,0,0,0,0,2,1,6,2,9,998,1,6,8,3
2013213004412,1,9,0,16,0,2,1,0,0,0,1,1,6,1,5,1997,2,10,5,1
2013213004412,2,9,0,17,0,1,0,0,0,0,1,1,2,1,8,1956,2,3,5,1
2013213004414,1,1,0,18,0,8,0,0,0,0,1,1,6,1,6,-1,-1,-1,1,1
2013213004414,2,9,0,18,0,8,0,0,0,0,1,1,6,2,6,1984,1,12,2,1
2013213004419,1,9,0,12,0,0,0,0,0,0,1,1,2,1,5,998,1,12,8,1
2013213004419,2,9,0,4,0,0,0,0,0,0,1,1,1,1,5,1910,2,7,2,1
2013213004421,1,5,0,17,0,8,1,11,1,0,4,1,6,1,7,1000,1,24,10,1
2013213004423,1,9,0,18,0,1,0,0,0,0,1,1,6,1,8,1798,1,8,4,3
2013213004423,2,9,0,2,0,1,0,0,0,0,2,1,6,2,6,1747,1,12,6,1
2013213004423,3,9,0,2,0,1,0,0,0,0,2,1,6,2,6,1598,1,8,1,1
2013213004425,1,21,1,5,0,2,0,0,0,0,4,1,1,1,8,12900,2,4,1,1
2013213004426,1,5,0,16,0,0,0,0,1,10,1,1,6,1,8,1170,1,5,10,1
2013213004428,1,5,0,18,0,8,0,0,0,0,1,1,6,1,7,599,1,11,2,1
2013213004428,2,9,0,10,0,8,0,0,0,0,2,1,6,1,7,1896,2,10,3,1
2013213004429,1,19,0,18,0,0,0,0,0,0,1,1,6,1,5,1598,2,2,1,1
2013213004429,2,1,0,18,0,0,0,0,0,0,1,1,6,1,2,-1,-1,-1,1,1
2013213004433,1,9,0,18,0,8,0,0,0,0,4,1,6,1,6,1587,1,8,5,1
2013213004433,2,9,0,9,0,6,0,0,0,0,1,1,6,1,10,1242,1,1,2,1
2013213004436,1,9,0,18,0,1,0,0,0,0,1,1,6,2,7,1242,1,15,10,1
2013213004436,2,9,0,3,0,1,0,0,0,0,2,1,2,1,8,1362,1,-1,7,3
2013213004440,1,9,0,13,0,0,0,0,7,10,1,1,6,1,6,2148,2,11,-1,-1
2013213004440,2,9,0,16,0,0,0,0,0,0,1,1,6,1,7,1997,1,14,7,3
2013213004445,1,9,0,18,0,8,0,0,0,0,1,1,6,1,7,1896,2,16,1,1
2013213004445,2,9,0,18,0,8,0,0,0,0,4,1,6,1,9,1598,1,3,1,1
2013213004452,1,9,0,3,0,2,0,0,0,0,1,1,1,1,6,-1,-1,-1,-1,-1
2013213004452,2,19,0,1,0,2,0,0,0,0,2,1,6,3,-1,2800,2,13,-1,-1
2013213004455,1,21,1,17,0,8,2,10,2,10,1,1,1,1,5,10518,2,6,8,3
2013213004457,1,21,1,4,0,1,0,0,0,0,1,1,1,1,5,10518,2,7,8,1
2013213004457,2,9,0,10,0,1,0,0,0,0,2,2,1,2,6,1995,2,2,-1,1
2013213004461,1,9,0,17,0,0,0,0,0,0,1,1,6,1,8,1560,2,5,5,1
2013213004461,2,9,0,18,0,0,0,0,0,0,1,1,1,1,7,-1,-1,-1,5,1
2013213004465,1,9,0,18,0,0,1,0,1,2,1,1,6,1,5,1360,1,11,1,1
2013213004470,1,9,0,18,0,8,0,0,0,0,1,1,1,2,7,1398,2,1,8,1
2013213004470,2,9,0,4,0,8,0,0,0,0,2,1,1,2,6,1149,1,1,3,1
2013213004471,1,9,0,18,0,8,0,0,0,0,1,1,6,1,7,1242,1,9,1,1
2013213004471,2,9,0,6,0,8,0,0,0,0,3,1,6,1,7,1598,1,7,1,1
2013213004474,1,9,0,16,0,0,0,0,0,0,1,1,6,2,4,1199,2,-1,7,3
2013213004474,2,9,3,17,0,0,0,0,0,0,1,1,6,1,8,1997,2,7,-1,-1
2013213004475,1,9,0,4,0,0,1,11,7,7,1,1,1,2,6,1360,1,6,10,1
2013213004476,1,5,0,14,0,8,0,0,0,0,1,1,6,2,7,599,1,1,7,1
2013213004476,2,9,0,9,0,6,0,0,0,0,4,1,1,1,4,1149,1,8,10,1
2013213004478,1,9,0,18,0,1,0,0,0,0,2,1,6,2,10,1242,1,-1,6,1
2013213004478,2,9,0,1,0,1,0,0,0,0,0,1,6,2,6,1242,1,5,8,1
2013213004480,1,9,0,9,0,5,0,0,0,0,4,1,6,1,4,1390,1,12,4,1
2013213004480,2,1,0,18,0,8,0,0,0,0,1,1,6,1,8,-1,-1,-1,9,1
2013213004482,1,5,0,13,0,8,1,0,7,11,1,1,1,1,8,998,1,10,5,3
2013213004482,2,9,0,9,0,5,0,0,0,0,3,1,6,2,7,2993,2,4,6,3
2013213004484,1,5,0,4,0,0,1,0,7,10,3,1,6,1,5,599,1,14,3,1
2013213004485,1,21,0,17,0,0,0,0,0,0,1,1,1,1,7,6370,2,6,2,1
2013213004485,2,9,0,16,0,0,0,0,0,0,1,1,1,1,7,-1,-1,-1,1,1
2013213004486,1,9,0,18,9,0,0,0,1,7,1,1,6,1,6,1796,1,15,1,1
2013213004486,2,9,0,18,0,0,0,0,7,0,1,1,1,1,8,1560,2,3,1,1
2013213004488,1,9,0,17,0,1,0,0,0,0,1,1,6,1,5,1199,1,11,9,2
2013213004488,2,9,0,3,0,1,0,0,0,0,2,1,6,1,10,-1,-1,-1,9,2
2013213004488,3,9,0,10,0,8,0,0,0,0,2,1,6,2,9,1598,2,1,6,1
2013213004490,1,9,0,18,0,0,0,0,0,0,3,1,6,1,5,1199,1,15,6,1
2013213004490,2,1,0,18,0,0,0,0,0,0,1,1,6,1,10,-1,-1,-1,3,2
2013213004491,1,9,0,16,0,0,0,0,0,0,1,1,6,1,4,1598,1,8,10,1
2013213004491,2,9,0,17,0,0,0,0,0,0,1,1,6,1,7,1984,1,3,6,3
2013213004492,1,9,0,9,0,6,0,0,0,0,3,1,1,2,5,1598,1,10,6,3
2013213004492,2,9,0,4,0,8,0,0,0,0,1,1,6,2,7,1910,2,8,10,1
2013213004497,1,21,0,18,0,0,0,0,0,0,4,1,1,1,9,-1,-1,-1,7,1
2013213004501,1,2,0,18,0,0,1,0,0,0,1,1,6,2,5,49,1,11,3,1
2013213004503,1,9,0,16,0,0,0,0,0,0,1,1,6,1,7,1753,2,9,10,1
2013213004503,2,9,0,16,0,0,0,0,0,0,1,1,6,1,4,1400,1,13,3,1
2013213004508,1,3,0,13,0,1,0,0,0,0,4,1,6,1,4,125,1,-1,2,1
2013213004508,2,8,0,18,0,1,0,0,0,0,0,1,6,1,-1,2231,2,5,1,1
2013213004509,1,9,0,18,0,0,0,0,0,0,1,1,6,1,8,-1,-1,-1,3,1
2013213004509,2,1,0,18,0,0,0,0,0,0,1,1,6,1,2,-1,-1,-1,4,1
2013213004510,1,19,0,18,0,1,0,0,0,0,1,1,1,1,10,2402,2,3,4,1
2013213004510,2,9,0,9,0,5,0,0,0,0,2,1,6,2,6,1229,1,2,10,1
2013213004517,1,9,0,16,0,0,0,0,0,0,3,1,6,1,10,1995,2,2,8,1
2013213004517,2,9,0,17,0,0,5,0,0,0,3,1,6,1,7,-1,-1,-1,1,1
2013213004518,1,9,0,16,0,8,0,10,1,11,1,1,6,2,6,1596,1,10,7,1
2013213004518,2,9,0,17,0,8,0,0,0,0,0,1,6,3,-1,-1,-1,-1,-1,-1
2013213004519,1,9,0,4,0,2,0,0,0,0,4,1,2,2,8,1951,2,9,8,2
2013213004520,1,9,0,4,0,8,0,0,0,0,2,1,2,1,4,1598,1,8,6,3
2013213004520,2,3,0,18,0,8,0,0,0,0,1,1,2,1,5,125,1,1,6,1
2013213004520,3,9,0,18,0,6,0,0,0,0,1,1,1,1,10,-1,-1,-1,3,1
2013213004521,1,9,0,9,0,8,0,0,0,0,1,1,6,1,11,-1,-1,-1,5,1
2013213004521,2,9,0,16,0,8,0,0,0,0,3,1,6,2,6,1598,1,7,2,1
2013213004522,1,17,5,4,0,8,0,0,0,0,2,1,1,1,6,440,2,20,8,1
2013213004522,2,9,0,18,0,8,0,0,0,0,1,1,2,1,5,1360,1,8,5,1
2013213004522,3,9,0,18,0,8,0,0,0,0,1,1,2,2,5,1753,2,6,2,1
2013213004523,1,9,0,9,9,6,0,0,0,0,4,1,6,2,8,1997,1,9,7,1
2013213004523,2,1,0,17,9,8,0,0,0,0,1,1,6,1,2,-1,-1,-1,8,3
2013213004525,1,9,0,18,0,1,1,0,0,0,1,1,6,1,6,1598,1,10,-1,-1
2013213004525,2,9,0,3,0,1,0,0,0,0,2,1,6,1,6,4163,1,6,-1,-1
2013213004528,1,19,0,18,0,0,2,0,0,0,3,1,6,1,6,1686,2,11,10,1
2013213004528,2,9,0,18,0,0,0,0,0,0,1,1,6,2,5,1368,1,9,7,1
2013213004540,1,19,0,18,0,1,0,0,0,0,1,1,1,1,7,1870,2,9,8,1
2013213004540,2,9,0,4,0,1,0,0,0,0,2,1,6,1,6,-1,-1,-1,8,3
2013213004540,3,9,0,10,0,8,0,0,0,0,0,1,6,3,-1,-1,-1,-1,-1,-1
2013213004541,1,8,0,18,0,0,0,0,0,0,1,1,2,1,5,1998,2,3,4,1
2013213004542,1,9,0,3,0,1,0,0,0,0,2,1,6,1,6,1870,2,13,8,1
2013213004542,2,9,0,18,0,1,0,0,0,0,1,1,6,1,-1,-1,-1,-1,2,1
2013213004544,1,9,0,18,0,0,0,0,0,0,1,1,1,2,6,1499,2,-1,6,1
2013213004544,2,9,0,4,0,0,0,0,0,0,2,1,1,1,7,1598,1,4,3,3
2013213004545,1,9,0,18,0,4,0,0,0,0,1,1,6,1,6,1868,2,11,6,1
2013213004545,2,4,0,18,0,8,0,0,0,0,2,1,1,1,4,125,1,9,9,1
2013213004549,1,9,0,18,0,1,0,0,0,0,1,1,6,1,8,-1,-1,-1,-1,-1
2013213004549,2,9,0,3,0,1,0,0,0,0,2,1,2,2,5,1242,1,9,7,3
2013213004550,1,9,0,17,0,8,0,0,0,0,1,1,6,2,-1,2179,2,1,-1,-1
2013213004550,2,1,0,9,0,5,0,0,0,0,4,1,6,2,6,-1,-1,-1,10,1
2013213004552,1,9,0,5,0,6,0,0,0,0,3,1,6,1,7,2204,2,7,10,1
2013213004552,2,9,0,18,0,8,0,0,0,0,1,1,6,2,6,-1,-1,-1,9,1
2013213004557,1,19,0,18,0,1,0,0,0,0,1,1,6,1,-1,2000,6,12,3,1
2013213004557,2,9,0,10,0,8,0,0,0,0,2,1,6,1,6,1242,1,2,7,1
2013213004558,1,9,0,17,0,0,0,10,1,10,1,1,2,1,5,1389,1,13,2,1
2013213004559,1,9,0,9,0,6,0,0,0,0,3,1,6,2,7,998,1,18,3,1
2013213004559,2,3,0,4,0,1,1,0,0,0,1,1,6,1,6,-1,-1,-1,4,1
2013213004563,1,4,0,17,0,0,1,0,0,0,0,1,6,1,5,250,1,9,7,3
2013213004566,1,11,0,9,0,8,0,0,0,0,0,1,1,1,6,4250,2,6,2,1
2013213004567,1,9,0,4,0,1,0,0,0,0,1,1,6,2,5,1995,2,1,7,2
2013213004567,2,9,0,3,0,1,0,0,0,0,2,1,6,2,11,1329,1,2,10,2
2013213004567,3,9,0,8,0,1,0,0,0,0,2,1,6,1,9,1997,2,13,5,1
2013213004567,4,9,0,10,0,1,0,0,0,0,0,1,6,1,8,1995,2,13,3,1
2013213004568,1,9,0,6,0,0,0,0,0,0,3,1,6,1,9,1329,1,1,8,2
2013213004568,2,9,0,18,0,0,0,0,0,0,1,1,6,1,4,1199,1,12,8,3
2013213004569,1,9,0,17,0,0,1,0,7,4,1,1,6,2,5,1229,1,-1,2,1
2013213004572,1,9,0,18,0,0,5,0,1,4,1,1,6,1,7,2993,2,6,7,1
2013213004575,1,21,0,9,0,8,0,0,0,0,3,1,1,1,7,6870,2,12,1,1
2013213004575,2,8,0,9,0,8,0,0,0,0,4,1,1,1,7,1997,1,5,1,1
2013213004578,1,9,0,18,0,1,0,0,0,0,1,1,1,1,8,-1,-1,-1,4,1
2013213004578,2,9,0,3,0,1,0,0,0,0,2,1,6,1,7,1896,2,5,5,1
2013213004581,1,9,0,3,0,0,0,0,0,0,3,1,1,2,8,1999,1,11,9,1
2013213004582,1,9,0,18,0,4,0,0,0,0,3,1,6,2,6,1229,1,6,6,1
2013213004582,2,3,0,18,0,8,0,0,0,0,1,1,2,1,4,124,1,23,5,1
2013213004589,1,9,0,18,0,1,0,0,0,0,1,1,6,1,7,1397,1,11,6,1
2013213004589,2,9,0,10,0,1,0,0,0,0,2,1,1,1,6,1598,1,5,6,1
2013213004590,1,9,0,16,0,3,0,0,0,0,1,1,6,1,5,1598,2,-1,1,1
2013213004590,2,5,0,16,0,3,0,0,0,0,2,1,6,1,8,805,1,7,1,1
2013213004592,1,9,0,15,0,1,0,0,0,0,3,1,6,1,-1,1399,2,3,-1,-1
2013213004592,2,9,0,3,0,1,0,0,0,0,4,1,6,1,7,1956,2,-1,2,1
2013213004593,1,9,0,18,0,0,0,0,7,11,1,1,6,1,7,1999,1,2,9,3
2013213004595,1,9,0,7,0,8,0,0,0,0,1,1,2,1,6,1596,1,4,1,1
2013213004595,2,9,0,4,0,8,0,0,0,0,2,1,2,1,7,1896,2,14,2,1
2013213004596,1,9,0,9,0,6,0,0,0,0,1,1,6,1,9,1124,1,8,3,1
2013213004596,2,9,0,18,0,8,0,0,0,0,3,1,6,1,6,-1,-1,-1,7,1
2013213004598,1,9,0,18,0,0,0,0,7,9,1,1,6,2,6,1596,1,9,3,2
2013213004598,2,9,0,4,0,0,0,0,1,0,2,1,6,1,6,1598,1,5,-1,1
2013213004598,3,9,0,4,0,0,0,0,0,0,2,1,6,1,4,1396,1,9,10,2
2013213004598,4,9,0,4,0,0,0,0,0,0,2,1,6,1,8,1596,1,14,6,1
2013213004601,1,9,0,16,0,0,1,0,8,7,3,1,6,2,5,1998,1,6,5,1
2013213004602,1,9,0,9,0,8,0,0,0,0,1,1,6,1,-1,-1,-1,-1,1,1
2013213004602,2,9,0,18,0,8,0,0,0,0,3,1,6,2,8,1590,1,16,6,2
2013213004603,1,11,0,7,0,1,0,0,0,0,0,1,1,1,7,4250,2,13,1,1
2013213004603,2,9,0,7,0,1,0,0,0,0,0,1,6,3,-1,1598,1,3,-1,-1
2013213004614,1,1,0,18,0,0,0,0,0,0,1,1,6,1,3,-1,-1,-1,7,3
2013213004614,2,9,0,18,0,0,0,0,0,0,4,1,2,1,6,1399,2,4,7,2
2013213004622,1,9,0,18,0,0,0,0,0,0,4,1,6,3,-1,-1,-1,-1,-1,-1
2013213004623,1,9,0,18,0,0,0,0,0,0,1,1,6,1,10,1995,2,1,6,3
2013213004623,2,9,0,18,0,0,0,0,0,0,1,1,6,1,10,1988,2,7,3,1
2013213004624,1,9,0,9,0,0,0,0,7,0,4,1,1,2,6,-1,-1,-1,5,1
2013213004624,2,1,0,18,9,0,0,0,0,0,1,1,6,1,6,-1,-1,-1,5,1
2013213004625,1,9,0,18,0,1,0,0,0,0,1,1,6,1,6,1242,1,2,2,1
2013213004625,2,9,0,3,0,1,0,0,0,0,2,1,1,2,6,-1,-1,-1,8,3
2013213004626,1,9,0,18,0,0,0,0,0,0,1,1,1,1,7,1600,2,3,7,1
2013213004626,2,9,0,2,0,0,0,0,1,11,2,1,2,2,5,1596,1,12,6,1
2013213004627,1,21,0,3,0,1,0,0,0,0,4,1,1,1,8,11967,2,3,10,1
2013213004627,2,9,0,8,0,1,0,0,0,0,3,1,1,1,6,1798,1,4,6,1
2013213004627,3,9,0,18,0,1,0,0,0,0,0,1,1,1,6,1248,2,1,1,1
2013213004628,1,9,0,5,0,0,0,0,0,0,1,1,6,1,6,1796,1,10,4,1
2013213004628,2,9,0,2,0,0,0,0,0,0,0,1,6,1,10,1997,2,10,1,1
2013213004629,1,9,0,18,0,0,0,0,0,0,1,1,1,2,8,1360,1,12,7,1
2013213004629,2,9,0,2,0,0,0,0,0,0,2,1,6,1,-1,-1,-1,-1,-1,-1
2013213004630,1,9,0,4,0,1,0,0,0,0,1,1,1,2,6,1598,1,1,9,1
2013213004630,2,9,0,3,0,1,0,0,0,0,2,1,6,2,7,1896,2,8,5,1
2013213004631,1,9,0,14,0,8,0,0,0,0,1,1,6,2,5,1598,1,6,2,1
2013213004631,2,11,0,9,0,6,0,0,0,0,4,1,1,1,9,7300,2,8,4,1
2013213004632,1,9,0,18,0,8,2,0,0,0,3,1,6,1,4,1560,2,1,1,1
2013213004632,2,21,1,18,0,8,0,0,0,0,4,1,1,1,8,11705,2,5,7,1
2013213004634,1,9,0,9,0,2,0,0,0,0,1,1,6,1,9,1198,1,5,5,1
2013213004635,1,9,0,4,0,2,0,0,0,0,1,1,6,1,9,2967,1,10,9,1
2013213004635,2,9,0,4,0,2,0,0,0,0,2,1,2,1,7,1398,1,8,2,1
2013213004635,3,1,0,18,0,2,0,0,0,0,0,1,6,3,-1,-1,-1,-1,-1,-1
2013213004637,1,9,0,7,0,6,0,0,0,0,3,1,6,2,8,1242,1,-1,2,1
2013213004639,1,5,0,18,0,7,0,0,0,0,3,1,2,2,7,998,1,1,8,1
2013213004639,2,19,0,18,0,8,0,0,0,0,4,1,2,1,5,1870,2,7,5,1
2013213004643,1,9,0,18,0,1,0,0,0,0,1,1,3,1,7,1998,2,3,8,1
2013213004643,2,2,0,4,0,1,0,0,0,0,2,1,6,1,8,49,1,4,8,1
2013213004646,1,9,0,9,0,6,0,0,0,0,3,1,6,1,6,1299,1,12,10,1
2013213004646,2,9,0,17,0,8,0,0,7,0,1,1,6,2,5,1598,1,10,4,1
2013213004651,1,9,0,9,0,8,0,0,0,0,4,1,6,1,8,1968,2,6,-1,-1
2013213004651,2,8,0,18,0,8,0,0,0,0,1,1,1,1,6,1896,2,10,2,1
2013213004655,1,9,0,7,0,8,0,0,0,0,3,1,6,1,5,973,1,14,4,1
2013213004655,2,1,0,18,0,8,0,0,0,0,1,1,6,1,6,-1,-1,-1,4,1
2013213004659,1,3,0,9,0,8,1,0,0,0,0,1,6,2,6,125,1,8,6,1
2013213004660,1,2,0,18,0,4,1,0,0,0,0,1,1,1,5,49,1,1,10,1
2013213004660,2,9,0,18,0,8,0,0,0,0,0,1,1,2,7,1199,1,13,1,1
2013213004661,1,9,0,18,0,1,0,0,0,0,1,1,6,1,4,998,1,7,8,1
2013213004661,2,9,0,4,0,1,0,0,0,0,2,1,6,2,8,1124,1,11,1,1
2013213004662,1,9,0,17,0,1,0,0,0,0,1,1,2,1,7,-1,-1,-1,1,1
2013213004662,2,9,0,3,0,1,0,0,0,0,2,1,6,1,4,1560,2,-1,1,1
2013213004663,1,3,0,18,0,8,0,0,0,0,1,1,1,1,4,124,1,10,1,1
2013213004663,2,9,0,9,0,8,0,0,0,0,3,1,6,1,4,1124,1,13,4,1
2013213004667,1,9,0,9,0,5,0,0,0,0,1,1,6,1,9,1598,1,5,10,1
2013213004667,2,3,0,13,0,1,0,0,0,0,1,1,2,1,5,49,1,9,2,1
2013213004667,3,9,0,8,0,1,0,0,0,0,3,1,6,2,7,1206,1,4,5,3
2013213004667,4,19,0,18,0,1,0,0,0,0,0,1,6,3,-1,-1,-1,-1,-1,-1
2013213004670,1,9,0,14,0,0,0,0,0,0,1,1,6,1,10,1596,1,20,6,2
2013213004670,2,19,0,3,0,0,0,0,0,0,3,1,6,1,8,1364,1,6,-1,-1
2013213004672,1,9,0,1,0,0,0,0,0,0,2,1,6,2,8,1400,2,6,4,1
2013213004675,1,9,0,9,0,6,0,0,0,0,1,1,1,1,8,1497,1,11,1,1
2013213004675,2,5,0,9,0,5,0,0,0,0,3,1,2,1,9,745,1,3,2,1
2013213004676,1,9,0,4,0,0,1,0,0,0,1,1,6,1,7,-1,-1,-1,6,3
2013213004676,2,10,0,3,0,0,0,0,0,0,3,1,1,2,7,2198,2,5,1,1
2013213004677,1,9,0,17,0,0,1,0,1,7,1,1,6,1,10,1598,1,12,8,1
2013213004678,1,9,0,4,0,8,0,0,0,0,1,1,6,1,5,973,1,14,4,1
2013213004678,2,1,0,18,0,8,0,0,0,0,4,1,6,1,6,-1,-1,-1,4,1
2013213004679,1,8,0,18,0,0,0,0,0,0,1,1,1,1,6,2231,2,6,1,1
2013213004682,1,9,0,9,0,8,0,0,0,0,4,1,6,1,6,-1,-1,-1,1,1
2013213004682,2,9,0,18,0,8,0,0,0,0,1,1,6,1,6,1396,1,15,2,1
2013213004684,1,9,0,18,0,1,0,0,0,0,1,1,6,3,-1,1199,1,11,-1,-1
2013213004684,2,9,0,10,0,1,0,0,0,0,2,1,1,2,5,1242,1,-1,3,1
2013213004690,1,5,0,13,0,8,0,0,0,0,1,1,6,1,6,998,1,8,6,1
2013213004690,2,9,0,9,0,8,0,0,0,0,3,1,1,2,4,1199,1,12,6,1
2013213004693,1,21,1,4,0,1,1,0,0,0,1,1,1,1,7,12740,2,2,5,1
2013213004693,2,9,0,4,0,1,0,0,0,0,2,1,2,1,5,-1,-1,-1,8,1
2013213004696,1,9,0,17,0,0,1,0,0,0,2,1,6,1,7,1796,1,16,5,1
2013213004696,2,9,0,16,0,0,0,0,0,0,1,1,6,2,6,1997,2,1,8,1
2013213004700,1,21,0,4,0,6,0,0,0,0,1,1,1,1,9,10837,2,3,8,1
2013213004700,2,9,0,17,0,8,0,0,0,0,4,1,6,2,4,1596,1,2,10,2
2013213004701,1,9,0,4,0,1,1,0,0,0,1,1,1,1,5,2495,2,19,10,2
2013213004701,2,9,0,4,0,1,0,0,0,0,2,1,1,2,6,1398,2,3,7,2
2013213004702,1,9,0,18,0,1,0,0,0,0,1,1,6,1,6,1596,1,13,3,1
2013213004702,2,19,0,3,0,1,0,0,0,0,2,1,1,1,7,1997,2,8,4,1
2013213004704,1,9,0,18,0,8,0,0,7,1,1,1,6,1,9,1968,2,1,8,3
2013213004704,2,9,0,18,0,8,0,0,0,0,1,1,2,1,6,1998,2,12,6,1
2013213004706,1,9,0,5,0,4,0,0,0,0,3,1,6,1,8,1995,2,7,7,1
2013213004706,2,1,0,18,9,4,0,0,0,0,1,1,6,1,9,-1,-1,-1,1,1
2013213004707,1,11,0,4,0,1,0,0,0,0,0,1,1,1,8,3900,2,11,3,1
2013213004707,2,9,0,9,0,5,0,0,0,0,0,1,6,3,-1,-1,-1,-1,-1,-1
2013213004709,1,9,0,9,0,6,0,0,0,0,3,1,6,1,6,2926,2,10,8,2
2013213004709,2,9,0,18,0,8,0,0,0,0,1,1,6,2,9,998,1,9,7,2
2013213004710,1,9,0,18,0,0,0,0,0,0,4,1,6,3,-1,998,1,5,-1,-1
2013213004721,1,9,0,11,0,1,0,0,0,0,4,1,6,2,8,-1,-1,-1,7,2
2013213004721,2,1,0,18,0,1,0,0,0,0,2,1,6,1,7,-1,-1,-1,8,1
2013213004723,1,9,0,18,0,2,0,0,1,11,1,1,6,1,10,1560,2,2,4,1
2013213004726,1,9,0,18,0,0,1,0,7,4,1,1,6,3,-1,-1,-1,-1,-1,-1
2013213004728,1,19,0,14,0,1,0,0,0,0,1,1,3,1,7,1968,2,-1,6,1
2013213004730,1,8,0,18,0,8,1,10,0,0,2,1,1,1,9,1590,1,10,9,1
2013213004731,1,9,0,18,0,4,0,0,0,0,1,1,6,1,4,1991,2,4,10,1
2013213004731,2,9,0,9,0,8,5,0,0,0,4,1,1,1,8,-1,-1,-1,3,1
2013213004734,1,9,0,17,0,0,1,0,1,4,3,1,6,1,6,1364,1,5,2,1
2013213004735,1,9,0,17,0,0,0,0,0,0,4,1,3,2,7,1686,2,8,7,1
2013213004736,1,9,0,9,0,6,0,0,0,0,1,1,6,2,5,1600,1,12,3,1
2013213004736,2,9,0,17,0,8,0,0,0,0,1,1,6,2,4,1242,1,6,6,1
2013213004739,1,9,0,16,0,0,1,10,3,11,1,1,6,1,4,1461,2,11,8,3
2013213004739,2,9,0,17,0,0,0,0,0,0,1,1,6,1,7,1997,2,5,8,1
2013213004740,1,19,0,18,0,8,0,0,0,0,1,1,1,1,8,1870,2,10,2,1
2013213004740,2,9,0,7,0,8,0,0,0,0,4,1,6,1,7,1398,2,11,8,3
2013213004748,1,9,0,9,0,8,0,0,0,0,4,1,6,1,5,1997,2,5,5,1
2013213004748,2,5,0,16,0,8,0,0,0,0,1,1,6,1,4,598,1,20,8,1
2013213004749,1,9,0,9,0,8,0,0,0,0,1,1,2,2,8,1560,2,8,6,1
2013213004749,2,9,0,7,0,8,0,0,0,0,1,1,2,1,6,2000,1,7,1,1
2013213004750,1,9,0,18,0,1,1,7,0,0,1,1,6,1,4,-1,-1,-1,2,1
2013213004750,2,9,0,18,0,1,0,0,0,0,1,1,1,1,-1,1560,2,2,-1,-1
2013213004750,3,9,0,18,0,1,0,0,0,0,3,1,6,2,6,1388,1,15,7,1
2013213004750,4,9,0,18,0,2,0,0,0,0,1,1,6,2,5,1149,1,3,-1,-1
2013213004752,1,9,0,18,0,1,0,0,0,0,1,1,6,2,5,1229,1,8,6,1
2013213004752,2,9,0,3,0,1,0,0,0,0,2,1,6,2,4,1248,2,1,1,1
2013213004753,1,9,0,5,0,0,0,0,0,0,3,1,6,2,10,1598,1,2,10,2
2013213004753,2,9,0,18,0,0,0,10,0,0,3,1,6,2,6,1995,2,8,5,1
2013213004754,1,9,0,8,0,8,0,0,0,0,3,1,6,1,8,1910,2,8,1,1
2013213004754,2,11,0,18,0,8,0,0,0,0,1,1,1,1,6,9000,2,8,5,1
2013213004756,1,3,0,18,0,1,1,0,0,0,4,1,6,2,5,124,1,2,5,1
2013213004761,1,9,0,9,0,6,0,0,0,0,4,1,2,1,9,2143,2,-1,8,1
2013213004761,2,9,0,18,0,8,0,0,1,11,1,1,6,2,8,1968,2,1,6,1
2013213004762,1,9,0,9,0,4,0,0,0,0,1,1,6,1,10,2497,1,10,7,2
2013213004762,2,9,0,18,0,8,0,0,0,0,4,1,6,2,8,1956,2,1,3,1
2013213004764,1,5,0,13,0,0,0,10,1,0,1,1,6,1,7,996,1,12,4,2
2013213004764,2,20,0,18,0,0,0,0,0,0,0,1,6,1,-1,-1,-1,-1,-1,-1
2013213004773,1,9,0,18,0,2,0,0,0,0,1,1,6,1,7,2204,2,5,6,1
2013213004776,1,9,0,16,0,5,1,10,7,1,1,1,6,2,7,2993,2,2,4,1