Accident_Index,Vehicle_Reference,Vehicle_Type,Towing_and_Articulation,Vehicle_Manoeuvre,Vehicle_Location-Restricted_Lane,Junction_Location,Skidding_and_Overturning,Hit_Object_in_Carriageway,Vehicle_Leaving_Carriageway,Hit_Object_off_Carriageway,1st_Point_of_Impact,Was_Vehicle_Left_Hand_Drive?,Journey_Purpose_of_Driver,Sex_of_Driver,Age_Band_of_Driver,Engine_Capacity_(CC),Propulsion_Code,Age_of_Vehicle,Driver_IMD_Decile,Driver_Home_Area_Type
2013213005096,1,19,0,5,0,8,0,0,0,0,0,1,1,1,7,2461,2,5,2,1
2013213005096,2,9,0,18,0,8,0,0,0,0,0,1,6,1,6,1598,1,10,6,1
2013213005099,1,9,0,1,0,8,0,0,0,0,2,1,6,1,8,3200,2,10,8,3
2013213005099,2,1,0,18,0,8,0,0,0,0,1,1,6,1,8,-1,-1,-1,8,3
2013213005101,1,9,0,13,0,0,0,0,0,0,0,1,6,1,5,1781,1,12,4,1
2013213005101,2,3,0,18,0,0,0,0,0,0,3,1,6,1,7,124,1,2,4,1
2013213005103,1,9,0,18,0,0,1,0,5,6,1,1,2,1,5,1124,1,12,8,1
2013213005104,1,9,0,18,0,0,0,0,0,0,1,1,2,2,6,1149,1,12,2,1
2013213005104,2,19,0,2,0,0,0,0,0,0,3,1,6,3,-1,1753,2,9,7,1
2013213005105,1,19,0,18,0,1,0,0,0,0,4,1,1,1,8,4250,2,15,2,1
2013213005105,2,1,0,18,9,1,0,0,0,0,3,1,6,1,8,-1,-1,-1,2,1
2013213005109,1,19,0,18,0,0,1,10,7,4,1,1,6,1,7,2402,2,9,6,1
2013213005110,1,8,0,17,0,0,1,0,0,0,1,1,1,1,7,1910,2,6,9,1
2013213005110,2,9,0,3,0,0,0,0,0,0,2,1,6,2,5,1388,1,9,4,1
2013213005110,3,9,0,2,0,0,0,0,0,0,0,1,6,3,-1,-1,-1,-1,-1,-1
2013213005113,1,9,0,17,0,0,0,0,0,0,3,1,1,1,8,2204,2,7,5,1
2013213005113,2,9,0,16,0,0,0,0,0,0,3,1,6,1,7,1198,1,1,10,1
2013213005117,1,9,0,18,0,6,0,0,0,0,1,1,6,1,6,1195,1,15,5,1
2013213005117,2,9,0,18,0,8,0,0,0,0,4,1,6,2,8,1596,1,7,6,1
2013213005118,1,19,0,5,0,1,0,0,0,0,1,1,1,1,10,2402,2,2,3,2
2013213005118,2,9,0,3,0,1,0,0,0,0,2,1,1,1,7,1995,2,1,8,3
2013213005119,1,9,0,18,0,6,1,0,0,0,1,1,6,1,7,-1,-1,-1,2,1
2013213005119,2,9,0,18,0,8,5,0,0,0,2,1,6,1,6,2494,2,11,9,2
2013213005121,1,3,0,13,0,0,1,10,7,11,3,1,6,1,6,125,1,-1,3,1
2013213005121,2,9,0,18,0,0,0,0,0,0,0,1,6,1,5,973,1,12,4,1
2013213005125,1,9,0,4,0,0,0,0,1,2,0,1,6,1,11,1149,1,6,5,1
2013213005125,2,11,0,2,0,0,0,0,0,0,0,1,1,1,5,9000,2,10,4,1
2013213005140,1,9,0,1,9,6,0,0,0,0,2,1,6,1,9,3248,1,14,-1,-1
2013213005140,2,1,0,16,9,8,0,0,0,0,1,1,6,1,8,-1,-1,-1,8,1
2013213005142,1,9,0,4,0,0,0,0,0,0,2,1,6,1,5,1968,2,4,3,1
2013213005142,2,9,0,18,0,0,0,0,0,0,1,1,6,1,7,1597,1,14,6,1
2013213005144,1,9,0,5,0,1,0,0,0,0,1,1,6,2,7,1997,2,6,2,1
2013213005144,2,9,0,8,0,1,0,0,0,0,2,1,6,2,8,1595,1,1,6,1
2013213005147,1,19,0,9,0,6,0,0,0,0,3,1,2,1,5,1896,2,6,6,1
2013213005147,2,5,0,18,0,8,0,0,0,0,1,1,6,1,7,1085,1,14,9,1
2013213005148,1,3,0,18,0,8,0,0,0,0,1,1,6,1,5,124,1,3,5,3
2013213005148,2,9,0,18,0,8,0,0,0,0,2,1,6,1,5,1596,1,8,8,1
2013213005149,1,9,0,18,0,8,0,0,0,0,0,1,6,1,7,4163,1,5,2,1
2013213005149,2,9,0,18,0,8,0,0,7,10,1,1,6,1,5,1910,2,14,2,1
2013213005151,1,9,0,1,0,2,0,0,0,0,2,1,6,1,8,1587,1,11,4,1
2013213005151,2,9,0,2,0,2,0,0,0,0,2,1,6,1,6,1998,1,8,1,1
2013213005152,1,9,0,18,0,8,0,0,0,0,1,1,6,1,4,1390,1,5,8,1
2013213005152,2,9,0,9,0,8,0,0,0,0,3,1,6,2,10,1896,2,12,6,1
2013213005155,1,9,0,13,0,0,0,0,0,0,1,1,6,1,6,-1,-1,-1,4,1
2013213005155,2,9,0,18,0,0,0,0,0,0,1,1,4,1,6,1798,1,12,5,1
2013213005155,3,9,0,16,0,0,0,0,0,0,1,1,6,2,11,1388,1,10,5,2
2013213005157,1,19,0,9,0,8,0,0,0,0,3,1,1,1,7,-1,-1,-1,6,1
2013213005157,2,9,0,18,0,8,0,0,0,0,1,1,6,2,8,1527,2,17,8,1
2013213005157,3,9,0,18,0,1,0,0,0,0,0,1,1,1,8,-1,-1,-1,5,1
2013213005160,1,9,0,18,0,1,0,0,0,0,0,1,6,1,7,1998,2,9,2,1
2013213005162,1,9,4,12,0,8,0,0,0,0,3,1,6,1,10,1685,2,1,3,3
2013213005162,2,3,0,11,0,8,0,0,0,0,4,1,6,1,5,125,1,12,1,1
2013213005170,1,9,0,4,0,8,0,0,0,0,2,1,6,1,8,1896,2,5,4,3
2013213005170,2,9,0,4,0,8,0,0,0,0,2,1,6,2,6,-1,-1,-1,6,2
2013213005170,3,9,0,3,0,8,0,0,0,0,2,1,6,2,7,1796,2,-1,7,2
2013213005170,4,9,0,18,0,8,1,0,0,0,1,1,1,1,9,-1,-1,-1,8,1
2013213005171,1,9,0,18,0,1,0,0,0,0,1,1,6,2,10,1596,1,9,9,1
2013213005171,2,9,0,4,0,1,0,0,0,0,2,1,6,2,9,1368,1,5,6,1
2013213005171,3,9,0,4,0,1,0,0,0,0,2,1,1,1,8,-1,-1,-1,-1,-1
2013213005171,4,9,0,9,0,1,0,0,0,0,2,1,1,1,9,1997,2,3,-1,-1
2013213005172,1,9,0,16,0,0,0,0,0,0,3,1,6,1,11,1598,1,15,2,1
2013213005172,2,1,0,18,0,0,0,0,0,0,1,1,6,1,3,-1,-1,-1,-1,-1
2013213005174,1,9,0,5,0,1,0,0,0,0,1,1,6,1,10,1595,1,13,7,1
2013213005174,2,9,0,4,0,1,0,0,0,0,2,1,2,2,7,1994,2,5,8,3
2013213005175,1,8,0,9,0,6,0,0,0,0,1,1,6,1,9,1560,2,3,10,1
2013213005175,2,9,0,3,0,2,0,0,0,0,2,1,6,2,6,1560,2,4,7,1
2013213005176,1,9,0,18,0,0,0,0,0,0,1,1,6,1,6,1560,2,5,8,1
2013213005176,2,9,0,3,0,0,0,0,0,0,2,1,2,2,6,1360,1,6,7,1
2013213005178,1,21,1,18,0,0,1,0,0,0,1,1,1,1,7,11946,2,4,-1,-1
2013213005178,2,9,0,18,0,0,0,0,1,7,2,1,6,1,9,1596,1,13,4,1
2013213005178,3,19,0,13,0,0,0,0,0,0,4,1,6,1,8,2463,2,6,3,1
2013213005194,1,9,0,9,0,8,0,0,0,0,0,1,6,1,8,1587,1,15,4,1
2013213005194,2,3,0,18,0,8,1,0,0,0,0,1,6,1,4,124,1,25,8,1
2013213005195,1,9,0,4,0,0,1,0,0,0,1,1,6,1,6,2987,2,3,8,1
2013213005195,2,9,0,18,0,0,0,0,0,0,1,1,6,1,-1,1360,1,5,-1,-1
2013213005195,3,9,0,4,0,0,0,0,0,0,2,1,6,1,6,1896,2,6,1,1
2013213005195,4,9,0,3,0,0,0,0,0,0,2,1,6,1,7,1995,2,7,5,1
2013213005196,1,9,0,3,0,0,0,0,0,0,1,1,6,1,6,998,1,12,3,1
2013213005196,2,9,0,3,0,0,0,0,0,0,2,1,6,2,6,1598,1,1,9,1
2013213005196,3,9,0,3,0,0,0,0,0,0,2,1,6,1,5,1994,2,11,8,1
2013213005196,4,9,0,3,0,0,0,0,0,0,2,1,6,2,5,1397,1,3,9,3
2013213005201,1,21,1,1,0,5,0,0,0,0,2,1,1,1,6,9200,2,6,5,1
2013213005202,1,9,0,11,0,0,0,0,0,0,4,1,6,1,6,1999,1,7,1,1
2013213005202,2,21,1,4,0,0,0,0,0,0,1,1,1,1,5,12777,2,6,-1,1
2013213005205,1,9,0,18,0,4,0,0,0,0,1,1,6,1,9,1149,1,9,10,1
2013213005205,2,9,0,18,0,8,0,0,0,0,4,1,6,2,5,999,1,1,5,1
2013213005206,1,9,0,17,0,0,1,10,0,0,1,1,1,2,4,1399,2,3,2,1
2013213005207,1,9,0,1,0,5,0,0,0,0,2,1,6,1,4,1368,1,4,6,1
2013213005207,2,22,0,18,0,8,0,0,0,0,3,1,6,1,10,-1,-1,-1,4,1
2013213005208,1,9,0,18,0,1,0,0,0,0,4,1,6,2,6,1149,1,1,1,1
2013213005210,1,8,0,16,0,1,0,0,0,0,1,1,1,1,7,1910,2,6,2,1
2013213005210,2,8,0,17,0,2,0,0,0,0,1,1,1,1,8,1998,2,5,2,1
2013213005212,1,9,0,9,0,5,0,0,0,0,1,1,6,1,10,1199,1,10,10,1
2013213005212,2,9,0,18,0,8,0,0,0,0,1,1,6,1,10,1998,1,6,10,1
2013213005213,1,19,0,7,0,2,0,0,0,0,1,1,6,1,7,2461,2,12,2,1
2013213005214,1,9,0,14,0,0,0,0,0,0,1,1,2,1,9,1242,1,11,6,3
2013213005215,1,9,0,6,0,1,0,0,0,0,3,1,6,1,6,1598,1,14,2,1
2013213005215,2,1,0,14,0,1,0,0,0,0,1,1,6,1,4,-1,-1,-1,1,1
2013213005216,1,9,0,7,0,5,0,0,0,0,1,1,2,2,5,1368,1,5,7,1
2013213005218,1,9,0,18,0,0,2,0,2,10,1,1,2,2,4,1598,1,6,8,1
2013213005219,1,21,0,18,0,1,0,5,0,0,1,1,1,1,7,6870,2,5,5,1
2013213005221,1,9,0,17,0,0,1,0,7,5,4,1,6,1,4,1390,1,8,6,1
2013213005224,1,9,0,16,0,1,0,0,0,0,1,1,6,2,8,1399,2,10,6,1
2013213005224,2,9,0,3,0,1,0,0,0,0,2,1,6,1,6,1998,1,11,7,1
2013213005228,1,9,0,18,0,0,0,0,0,0,4,1,6,3,-1,-1,-1,-1,-1,-1
2013213005229,1,11,0,5,0,1,0,0,0,0,0,1,1,1,7,9000,2,15,2,1
2013213005231,1,19,0,17,0,0,1,0,0,0,1,1,1,1,8,2148,2,4,2,1
2013213005231,2,19,0,16,0,0,1,0,0,0,1,1,1,1,5,1968,2,2,5,1
2013213005232,1,9,0,13,0,0,0,0,0,0,3,1,6,1,7,1998,2,5,9,1
2013213005232,2,1,0,18,0,0,0,0,0,0,3,1,6,1,7,-1,-1,-1,6,3
2013213005232,3,9,0,16,0,0,0,0,0,0,0,1,6,3,-1,-1,-1,-1,-1,-1
2013213005237,1,9,0,18,0,0,0,0,0,0,4,1,6,1,-1,-1,-1,-1,-1,-1
2013213005237,2,9,0,18,0,0,0,0,0,0,3,1,6,1,10,1229,1,6,7,1
2013213005239,1,9,0,18,0,1,0,0,0,0,1,1,1,1,4,996,1,2,9,1
2013213005247,1,9,0,17,0,0,1,0,1,11,1,1,1,2,7,1598,1,7,8,2
2013213005250,1,9,0,18,0,0,0,0,0,0,1,1,2,1,9,1798,1,9,6,1
2013213005250,2,19,0,2,0,0,0,0,0,0,2,1,6,1,6,2402,2,2,-1,-1
2013213005251,1,9,0,17,0,1,0,0,0,0,1,1,2,1,5,1781,1,12,1,1
2013213005251,2,9,0,3,0,1,0,0,0,0,2,1,6,1,7,1794,1,9,8,1
2013213005251,3,9,0,9,0,5,0,0,0,0,0,1,6,3,-1,-1,-1,-1,-1,-1
2013213005252,1,9,0,4,0,1,0,0,0,0,2,1,6,1,5,1560,2,1,5,1
2013213005252,2,9,0,4,0,1,0,0,0,0,1,1,6,1,10,2204,2,5,9,1
2013213005254,1,9,0,11,0,0,0,0,0,0,4,1,6,2,10,1587,1,9,10,1
2013213005254,2,21,0,18,0,0,0,0,0,0,3,1,1,1,9,12777,2,2,2,1
2013213005257,1,9,0,9,0,5,0,0,0,0,4,1,1,2,5,1364,1,7,6,1
2013213005257,2,4,0,18,0,8,0,0,0,0,1,1,6,1,7,398,1,6,5,1
2013213005259,1,9,0,9,0,5,0,0,0,0,4,1,6,2,7,1999,1,7,10,1
2013213005259,2,9,0,18,0,8,0,0,0,0,1,1,6,2,11,1896,2,10,8,2
2013213005260,1,10,0,18,0,1,0,0,0,0,1,1,6,2,6,2500,2,6,3,1
2013213005260,2,9,0,3,0,1,0,0,0,0,2,1,6,2,8,1248,1,4,8,1
2013213005263,1,9,0,18,0,0,0,0,0,0,3,1,6,3,-1,-1,-1,-1,-1,-1
2013213005264,1,9,0,5,0,8,0,0,1,11,3,1,6,1,5,1795,1,15,-1,-1
2013213005264,2,21,1,18,0,8,1,0,0,0,1,1,1,1,7,10518,2,6,4,1
2013213005269,1,9,0,18,0,1,0,0,0,0,1,1,6,2,5,1461,2,7,5,1
2013213005269,2,9,0,8,0,1,0,0,0,0,2,1,6,2,6,1560,2,3,7,3
2013213005270,1,9,0,17,0,8,0,0,0,0,1,1,1,1,7,-1,-1,-1,7,3
2013213005270,2,9,0,9,0,6,0,0,0,0,3,1,6,1,11,1896,2,5,-1,-1
2013213005271,1,3,0,18,0,3,1,0,7,1,1,1,1,1,4,125,1,7,5,2
2013213005272,1,9,0,18,0,8,0,0,0,0,3,1,1,2,7,1248,2,-1,3,1
2013213005272,2,9,0,18,0,8,0,0,0,0,4,1,2,2,7,1368,1,6,10,1
2013213005273,1,9,0,14,0,8,0,0,0,0,1,1,6,1,6,998,1,11,1,1
2013213005273,2,9,0,18,0,8,0,0,0,0,1,1,6,1,10,1950,2,13,1,1
2013213005273,3,9,0,10,0,8,0,0,0,0,3,1,6,1,5,-1,-1,-1,1,1
2013213005274,1,20,0,16,0,1,0,0,0,0,4,1,6,1,6,-1,-1,-1,1,1
2013213005276,1,9,0,9,0,8,0,0,0,0,3,1,6,2,6,1799,1,7,5,1
2013213005276,2,21,1,9,0,8,0,0,0,0,4,1,1,1,9,12900,2,2,2,1
2013213005277,1,4,0,18,0,0,0,4,0,0,4,1,6,1,8,499,1,11,2,1
2013213005277,2,9,0,2,0,0,0,0,0,0,3,1,6,2,-1,1753,2,10,4,1
2013213005277,3,9,0,2,0,0,0,0,0,0,2,1,6,1,-1,1686,2,11,6,1
2013213005280,1,9,0,6,0,2,0,0,0,0,1,1,6,1,9,2521,1,7,1,1
2013213005280,2,5,0,9,0,2,0,0,0,0,4,1,1,1,8,599,1,14,9,1
2013213005281,1,9,0,9,0,8,0,0,0,0,1,1,6,1,9,2969,2,5,10,1
2013213005281,2,4,0,18,0,8,5,0,0,0,1,1,6,1,7,448,1,5,1,1
2013213005283,1,9,0,9,0,5,0,0,0,0,4,1,6,2,10,1399,2,5,7,3
2013213005283,2,3,0,16,0,8,0,0,0,0,1,1,6,1,4,124,1,8,9,1
2013213005284,1,3,0,18,0,2,1,0,0,0,1,1,6,1,4,124,1,-1,7,1
2013213005284,2,19,0,3,0,2,0,0,0,0,2,1,6,1,7,2499,2,6,3,1
2013213005286,1,9,0,18,0,0,0,0,0,0,1,1,3,2,5,1598,1,12,4,1
2013213005288,1,9,0,18,0,2,0,0,0,0,1,1,6,1,-1,1896,2,6,2,1
2013213005288,2,8,0,3,0,2,0,0,0,0,2,1,1,1,6,1910,2,6,2,1
2013213005293,1,19,0,18,0,8,0,0,0,0,1,1,6,1,8,2402,2,9,1,1
2013213005293,2,9,0,3,0,8,0,0,0,0,2,1,6,2,7,1560,2,8,3,1
2013213005293,3,9,0,3,0,2,0,0,0,0,1,1,1,2,6,1598,1,2,2,1
2013213005294,1,9,0,18,0,3,0,0,0,0,1,1,6,1,10,-1,-1,-1,-1,-1
2013213005294,2,5,0,7,0,4,0,0,0,0,3,1,6,1,8,1584,1,5,5,1
2013213005296,1,9,0,9,0,3,0,0,0,0,1,1,6,2,6,1895,1,14,9,3
2013213005296,2,9,0,18,0,4,0,0,0,0,1,1,6,3,-1,-1,-1,-1,-1,-1
2013213005298,1,9,0,16,0,0,0,0,0,0,1,1,2,2,8,1299,1,8,3,1
2013213005298,2,9,0,17,0,0,0,0,0,0,1,1,6,1,7,1598,2,-1,5,1
2013213005304,1,9,0,9,0,5,0,0,0,0,1,1,6,2,7,1968,2,2,9,3
2013213005304,2,9,0,18,0,8,0,0,0,0,1,1,3,2,8,1197,1,-1,9,1
2013213005305,1,9,0,5,0,1,0,0,0,0,1,1,6,1,10,1396,1,10,7,1
2013213005305,2,90,0,4,0,1,0,0,0,0,2,1,6,1,7,2490,2,17,4,1
2013213005305,3,9,0,9,0,5,0,0,0,0,0,1,6,1,4,1124,1,8,6,1
2013213005307,1,9,0,18,0,8,0,0,0,0,1,1,1,1,9,2967,2,-1,9,2
2013213005307,2,9,0,9,0,5,0,7,3,1,2,1,1,1,6,1998,1,9,8,1
2013213005309,1,9,0,9,0,5,0,0,0,0,1,1,2,1,6,998,1,3,3,1
2013213005309,2,1,0,18,0,8,0,0,0,0,3,1,6,1,11,-1,-1,-1,-1,-1
2013213005310,1,9,0,16,0,0,0,0,0,0,3,1,1,1,6,1685,2,2,10,1
2013213005310,2,9,0,17,0,0,0,0,0,0,3,1,6,2,9,1386,1,-1,6,1
2013213005311,1,9,0,16,0,0,0,0,1,10,1,1,6,1,4,1199,1,12,4,1
2013213005312,1,19,0,14,0,0,0,0,0,0,1,1,6,3,-1,2402,2,6,-1,-1
2013213005312,2,9,0,17,0,0,0,0,0,0,3,1,6,2,9,1995,2,1,7,1
2013213005315,1,9,0,13,0,0,0,0,5,6,1,1,6,1,11,1590,1,13,-1,3
2013213005315,2,9,0,17,0,0,0,0,0,0,3,1,6,1,10,1999,1,8,-1,1
2013213005316,1,9,0,13,0,0,2,0,5,6,4,1,6,2,5,1242,1,9,-1,-1
2013213005316,2,21,1,16,0,0,0,0,0,0,3,1,1,1,9,10837,2,2,6,1
2013213005317,1,9,0,16,0,0,1,10,4,11,1,1,1,1,5,1198,1,9,9,1
2013213005319,1,9,0,18,0,8,0,0,7,10,1,1,2,1,7,1596,1,7,5,1
2013213005320,1,1,0,17,0,0,0,0,0,0,1,1,6,1,7,-1,-1,-1,-1,-1
2013213005320,2,9,0,2,0,0,0,0,0,0,2,1,1,1,6,1968,2,3,-1,-1
2013213005321,1,9,0,9,0,8,0,0,0,0,1,1,6,1,6,-1,-1,-1,1,1
2013213005321,2,9,0,18,0,8,0,0,7,11,1,1,6,1,10,1242,1,9,6,1
2013213005322,1,9,0,16,0,0,0,10,2,11,1,1,6,2,10,1596,1,15,6,3
2013213005323,1,9,0,18,0,2,0,0,0,0,1,1,3,2,6,-1,-1,-1,6,1
2013213005323,2,9,0,3,0,2,0,0,0,0,2,1,6,1,9,1368,1,7,1,1
2013213005323,3,9,0,3,0,2,0,0,0,0,2,1,2,1,9,1275,1,19,-1,-1
2013213005324,1,9,0,18,0,0,0,0,0,0,0,1,2,1,5,1596,1,4,3,1
2013213005327,1,9,0,16,0,2,0,0,0,0,1,1,6,1,-1,-1,-1,-1,-1,-1
2013213005327,2,9,0,16,0,2,0,0,0,0,2,1,6,2,6,1796,1,9,4,1
2013213005328,1,8,0,7,0,2,0,0,0,0,1,1,1,1,8,1896,2,7,1,1
2013213005331,1,8,0,6,0,0,0,0,0,0,3,1,1,1,7,1598,1,5,5,1
2013213005331,2,9,0,18,0,0,0,0,0,0,3,1,6,2,7,1587,1,13,1,1
2013213005334,1,9,0,1,0,8,0,0,0,0,2,1,6,2,9,-1,-1,-1,7,1
2013213005335,1,9,0,16,0,0,0,0,5,6,3,1,6,2,6,1388,1,9,6,1
2013213005337,1,9,0,18,0,0,0,0,0,0,1,1,6,1,-1,1998,1,15,3,1
2013213005337,2,9,0,3,0,0,0,0,0,0,2,1,6,1,6,1400,2,6,7,2
2013213005340,1,9,0,1,0,2,0,0,0,0,4,1,6,1,11,1422,2,4,6,1
2013213005342,1,9,0,6,0,8,0,0,1,4,1,1,6,1,4,1587,1,10,3,1
2013213005344,1,9,0,18,0,0,0,0,0,0,0,1,6,2,10,1299,1,12,4,1
2013213005345,1,9,0,4,0,0,0,0,0,0,1,1,6,1,4,1905,2,15,10,2
2013213005345,2,9,0,4,0,0,0,0,0,0,2,1,6,1,7,1998,2,8,3,1
2013213005346,1,2,0,18,0,0,1,0,0,0,1,1,2,1,6,-1,-1,-1,5,1
2013213005346,2,9,0,3,0,0,0,0,0,0,2,1,2,1,9,2435,1,14,5,1
2013213005346,3,9,0,3,0,0,0,0,0,0,0,1,6,1,9,1360,1,5,5,3
2013213005348,1,9,0,4,0,1,0,0,0,0,1,1,6,1,10,1797,8,3,8,1
2013213005348,2,9,0,4,0,1,0,0,0,0,1,1,6,2,7,1796,1,2,7,1
2013213005352,1,9,0,17,0,0,0,0,1,10,1,1,6,1,8,1910,2,9,6,3
2013213005353,1,9,0,18,0,0,0,0,0,0,0,1,6,2,4,-1,-1,-1,3,1
2013213005354,1,9,0,18,0,3,1,10,1,2,1,1,2,1,5,-1,-1,-1,6,2
2013213005356,1,8,0,13,0,2,0,0,0,0,4,1,2,1,7,-1,-1,-1,7,2
2013213005356,2,2,0,18,0,2,0,0,0,0,3,1,1,1,7,124,1,12,7,1
2013213005359,1,9,0,18,0,1,0,0,0,0,1,1,3,2,7,1242,1,8,1,1
2013213005359,2,1,0,18,9,6,0,0,0,0,3,1,6,1,7,-1,-1,-1,2,1
2013213005360,1,9,0,18,0,0,0,0,0,0,1,1,6,1,7,1796,1,13,4,1
2013213005360,2,9,0,4,0,0,0,0,0,0,2,1,2,2,6,1199,1,12,3,1
2013213005360,3,98,0,4,7,0,0,0,0,0,0,1,1,3,-1,-1,-1,-1,-1,-1
2013213005362,1,9,0,18,0,8,0,0,0,0,1,1,6,1,6,1199,1,11,3,1
2013213005362,2,9,0,-1,0,8,0,0,0,0,1,1,6,1,6,1587,1,12,1,1
2013213005368,1,9,0,13,0,0,0,0,0,0,4,1,6,1,10,1360,1,3,8,1
2013213005368,2,1,0,17,0,0,0,0,0,0,3,1,6,1,8,-1,-1,-1,8,3
2013213005368,3,1,0,17,0,0,0,0,0,0,3,1,6,1,7,-1,-1,-1,8,3
2013213005368,4,9,0,16,0,0,0,0,0,0,0,1,6,3,-1,-1,-1,-1,-1,-1
2013213005369,1,9,0,5,0,0,0,0,0,0,1,1,6,3,-1,1229,1,-1,-1,-1
2013213005372,1,21,0,17,0,8,0,0,0,0,1,1,6,1,7,5861,2,13,1,1
2013213005372,2,9,0,4,0,8,0,0,0,0,2,1,6,1,-1,1229,1,2,8,3
2013213005372,3,9,0,4,0,8,0,0,0,0,2,1,6,1,9,-1,-1,-1,7,3
2013213005373,1,9,0,17,0,1,1,0,1,2,1,1,6,1,4,998,1,13,2,1
2013213005374,1,9,0,7,0,2,0,0,0,0,1,1,2,2,6,998,1,7,8,1
2013213005374,2,1,0,9,0,2,0,0,0,0,3,1,6,1,4,-1,-1,-1,1,1
2013213005375,1,9,0,18,0,0,0,0,0,0,1,1,6,1,4,973,1,14,7,2
2013213005375,2,9,0,4,0,0,0,0,0,0,2,1,2,2,7,1598,1,6,6,1
2013213005375,3,9,0,18,0,0,0,0,0,0,1,1,4,1,7,1995,2,1,5,1
2013213005375,4,9,0,18,0,0,0,0,0,0,1,1,6,2,4,998,1,3,6,1
2013213005375,5,9,0,18,0,0,0,0,0,0,1,1,6,2,5,1390,1,14,8,3
2013213005377,1,9,0,4,0,0,0,0,0,0,0,1,6,2,9,1798,1,-1,4,1
2013213005377,2,3,0,4,0,0,0,0,0,0,0,1,6,1,7,124,1,7,2,1
2013213005392,1,9,0,17,0,0,0,0,1,10,1,1,6,2,4,1596,1,12,5,1
2013213005400,1,9,0,12,0,0,0,0,0,0,3,1,6,1,10,1769,2,22,3,1
2013213005400,2,4,0,18,0,0,0,0,0,0,4,1,6,2,5,250,1,-1,1,1
2013213005401,1,9,0,18,0,1,0,0,0,0,1,1,1,2,6,1299,1,9,5,1
2013213005401,2,9,0,10,0,8,0,0,0,0,2,1,6,2,7,1396,1,2,8,1
2013213005402,1,9,0,18,0,1,0,0,0,0,1,1,6,1,7,1796,1,13,5,1
2013213005402,2,9,0,3,0,1,0,0,0,0,2,1,6,1,7,1995,2,10,2,1
2013213005403,1,9,0,18,0,8,0,0,0,0,1,1,6,1,5,1149,1,13,3,1
2013213005403,2,9,0,3,0,8,0,0,0,0,2,1,6,2,8,1149,1,-1,2,1
2013213005404,1,9,0,18,0,4,0,0,0,0,1,1,6,1,5,1998,2,10,7,1
2013213005404,2,1,0,18,0,8,0,0,0,0,4,1,6,1,7,-1,-1,-1,5,1
2013213005406,1,9,0,9,0,5,0,0,0,0,1,1,6,2,4,1242,1,3,8,1
2013213005406,2,9,0,18,0,1,0,0,0,0,1,1,1,2,7,1229,1,7,3,1
2013213005408,1,9,0,18,0,1,0,0,0,0,1,1,6,1,6,-1,-1,-1,-1,-1
2013213005408,2,9,0,5,0,3,0,0,0,0,2,1,1,1,8,1242,1,13,2,1
2013213005410,1,9,0,18,0,1,0,0,0,0,3,1,6,1,5,-1,-1,-1,4,1
2013213005410,2,9,0,9,0,2,0,0,0,0,3,1,6,2,5,1199,1,10,8,2
2013213005411,1,9,0,9,0,6,0,0,0,0,1,1,1,2,6,996,1,3,6,1
2013213005412,1,9,0,18,3,0,0,0,0,0,4,1,6,1,10,1596,1,4,-1,-1
2013213005413,1,9,0,18,0,8,0,0,0,0,1,1,6,1,5,1595,1,12,7,3
2013213005413,2,9,0,18,0,8,5,0,0,0,3,1,6,1,9,-1,-1,-1,1,1
2013213005415,1,1,0,18,0,0,0,0,0,0,1,1,6,1,5,-1,-1,-1,1,1
2013213005415,2,9,0,18,0,0,0,0,0,0,2,1,6,2,7,1798,2,1,10,1
2013213005419,1,9,0,18,0,2,0,0,0,0,1,1,3,2,7,1397,1,1,8,1
2013213005421,1,9,0,18,0,1,1,0,0,0,1,1,6,1,10,1998,2,6,4,1
2013213005421,2,9,0,10,0,1,0,0,0,0,2,1,6,2,6,1587,1,11,2,1
2013213005423,1,9,0,18,0,1,0,0,0,0,1,1,6,1,7,-1,-1,-1,-1,-1
2013213005423,2,9,0,8,0,1,0,0,0,0,2,1,1,2,6,1968,2,3,9,1
2013213005424,1,9,0,18,0,6,0,0,0,0,1,1,6,2,6,1149,1,14,5,1
2013213005424,2,9,0,18,0,8,0,0,1,7,1,1,1,2,6,-1,-1,-1,5,1
2013213005426,1,9,0,14,0,0,0,0,0,0,1,1,1,1,6,1997,2,7,3,1
2013213005427,1,9,0,17,0,0,2,0,7,4,1,1,6,2,6,1598,1,8,6,1
2013213005429,1,9,0,2,9,0,0,0,0,0,4,1,6,2,6,1360,1,10,5,1
2013213005429,2,1,0,18,9,0,0,0,0,0,1,1,6,1,6,-1,-1,-1,4,1
2013213005430,1,9,0,4,0,0,0,0,0,0,2,1,6,1,6,1560,2,-1,-1,-1
2013213005430,2,9,0,4,0,0,1,0,0,0,1,1,6,2,4,1198,1,7,9,1
2013213005442,1,9,0,13,0,0,0,0,0,0,4,1,6,1,6,1199,1,15,1,1