Accident_Index,Vehicle_Reference,Vehicle_Type,Towing_and_Articulation,Vehicle_Manoeuvre,Vehicle_Location-Restricted_Lane,Junction_Location,Skidding_and_Overturning,Hit_Object_in_Carriageway,Vehicle_Leaving_Carriageway,Hit_Object_off_Carriageway,1st_Point_of_Impact,Was_Vehicle_Left_Hand_Drive?,Journey_Purpose_of_Driver,Sex_of_Driver,Age_Band_of_Driver,Engine_Capacity_(CC),Propulsion_Code,Age_of_Vehicle,Driver_IMD_Decile,Driver_Home_Area_Type
2013213005442,2,19,0,18,0,0,0,0,0,0,3,1,1,1,6,2198,2,-1,2,1
2013213005442,3,9,0,16,0,0,0,0,0,0,1,1,6,1,10,1197,1,-1,7,1
2013213005444,1,9,0,17,0,8,0,0,0,0,3,1,6,1,6,1368,1,7,5,3
2013213005444,2,9,0,16,0,8,0,0,0,0,3,1,6,2,7,1900,2,8,8,3
2013213005445,1,9,0,17,0,0,1,0,1,11,1,1,6,1,4,1229,1,1,8,2
2013213005446,1,9,0,7,0,6,5,0,0,0,2,1,6,1,4,1229,1,8,9,3
2013213005446,2,9,0,18,0,2,1,0,0,0,1,1,6,1,7,1995,2,-1,10,1
2013213005448,1,9,0,5,0,8,0,0,0,0,3,1,6,1,7,1461,2,8,-1,-1
2013213005448,2,1,0,9,0,8,0,0,0,0,1,1,2,1,6,-1,-1,-1,8,1
2013213005450,1,9,0,17,0,0,1,0,7,4,1,1,6,1,6,1995,2,7,10,1
2013213005452,1,22,0,17,0,2,1,0,1,7,2,1,6,1,5,-1,-1,-1,6,1
2013213005453,1,9,0,4,0,1,0,0,0,0,1,1,2,1,-1,1968,2,5,3,1
2013213005453,2,9,0,3,0,1,0,0,0,0,2,1,2,2,7,1598,1,7,4,1
2013213005455,1,9,0,18,0,0,2,0,7,11,1,1,6,2,4,1124,1,8,5,2
2013213005457,1,9,0,9,0,8,0,0,0,0,1,1,6,2,6,1296,1,5,-1,-1
2013213005457,2,9,0,18,0,8,0,0,0,0,1,1,6,2,10,1242,1,9,6,1
2013213005458,1,9,0,18,0,8,1,0,1,0,1,1,6,1,6,1896,2,8,3,1
2013213005458,2,9,0,3,0,1,0,0,0,0,3,1,6,1,9,1968,2,-1,5,1
2013213005459,1,9,0,18,0,0,0,0,0,0,1,1,6,1,10,1998,2,10,3,1
2013213005459,2,9,0,4,0,0,0,0,0,0,2,1,6,2,8,1360,1,2,2,1
2013213005460,1,9,0,18,0,0,0,0,0,0,0,1,6,1,10,1388,1,14,3,1
2013213005461,1,9,0,1,0,1,0,0,0,0,2,1,1,1,8,2400,2,-1,7,1
2013213005461,2,9,0,2,0,1,0,0,0,0,3,1,1,1,7,1560,2,3,7,1
2013213005462,1,9,0,18,0,1,0,0,0,0,1,1,6,1,8,2720,2,6,9,1
2013213005462,2,9,0,10,0,1,0,0,0,0,2,1,6,2,6,1968,2,4,9,1
2013213005473,1,19,0,13,0,0,0,0,0,0,4,1,6,1,4,2198,2,-1,1,1
2013213005473,2,19,0,16,0,0,5,0,7,1,1,1,6,1,5,1968,2,1,2,3
2013213005473,3,9,0,18,0,0,0,0,0,0,3,1,6,1,6,1390,1,12,6,1
2013213005474,1,9,0,18,0,2,0,0,0,0,1,1,6,3,-1,1587,1,12,-1,-1
2013213005474,2,9,0,3,0,2,0,0,0,0,2,1,6,2,6,1598,1,10,1,1
2013213005476,1,9,0,17,0,0,1,0,7,1,1,1,6,2,5,1388,1,14,6,3
2013213005476,2,9,0,16,0,0,0,0,0,0,3,1,1,1,8,1560,2,5,4,1
2013213005478,1,11,0,5,0,0,0,0,0,0,0,1,1,1,-1,-1,2,15,1,1
2013213005481,1,9,0,16,0,0,0,0,7,3,1,1,6,1,4,1595,1,6,6,1
2013213005482,1,9,0,18,0,1,1,10,1,2,1,1,6,1,5,1396,1,6,4,1
2013213005486,1,9,0,9,0,6,0,0,0,0,3,1,3,2,6,1598,1,5,10,1
2013213005486,2,22,0,17,0,8,0,0,0,0,1,1,6,2,11,-1,-1,-1,10,1
2013213005488,1,9,0,16,0,0,0,0,0,0,1,1,2,1,7,1870,2,12,9,1
2013213005488,2,9,0,17,0,0,0,0,0,0,1,1,6,1,5,-1,-1,-1,7,3
2013213005489,1,9,0,17,0,0,1,0,7,11,1,1,6,1,4,998,1,12,7,3
2013213005492,1,9,0,18,0,2,0,0,0,0,1,1,6,1,7,1596,1,12,2,1
2013213005492,2,9,0,4,0,2,0,0,0,0,2,1,6,2,10,1240,1,8,2,1
2013213005492,3,9,0,4,0,2,0,0,0,0,2,1,6,2,8,1108,1,6,3,1
2013213005493,1,19,0,5,8,0,0,0,0,0,4,1,3,1,6,2198,2,6,3,1
2013213005493,2,9,0,18,0,0,0,0,0,0,1,1,3,2,7,1598,1,8,6,1
2013213005495,1,9,0,17,0,8,0,0,1,7,1,1,6,2,11,1840,1,14,10,1
2013213005496,1,9,0,16,0,0,2,0,1,10,1,1,2,2,4,1149,1,14,7,1
2013213005497,1,9,0,13,0,8,0,0,0,0,1,1,6,1,5,1998,2,6,2,1
2013213005497,2,8,0,9,0,8,0,0,0,0,3,1,1,1,8,1910,2,7,2,1
2013213005499,1,9,0,6,0,8,0,0,0,0,4,1,6,1,5,-1,-1,-1,4,1
2013213005499,2,9,0,6,0,8,0,0,0,0,1,1,1,1,7,1248,2,2,2,1
2013213005503,1,9,0,7,0,4,0,0,0,0,1,1,6,1,-1,-1,-1,-1,-1,-1
2013213005503,2,1,0,18,0,8,0,0,0,0,1,1,6,1,6,-1,-1,-1,6,1
2013213005517,1,9,0,18,0,6,0,0,0,0,4,1,6,1,7,1998,1,12,9,2
2013213005517,2,9,0,18,0,8,0,0,0,0,1,1,6,2,4,998,1,10,2,1
2013213005517,3,9,0,3,0,6,0,0,0,0,3,1,6,2,9,1582,2,6,8,2
2013213005517,4,9,0,3,0,1,0,0,0,0,0,1,6,3,-1,-1,-1,-1,-1,-1
2013213005518,1,8,0,5,0,1,0,0,0,0,0,1,1,1,6,1997,2,9,3,1
2013213005521,1,9,0,18,0,8,0,0,0,0,1,1,6,1,4,1199,1,10,1,1
2013213005523,1,9,0,18,0,0,0,0,0,0,3,1,6,1,5,-1,-1,-1,-1,-1
2013213005524,1,19,0,4,0,0,1,0,0,0,1,1,1,1,5,1753,2,6,7,1
2013213005524,2,9,0,4,0,0,0,0,0,0,2,1,2,2,6,1596,1,2,3,2
2013213005527,1,9,0,18,0,0,1,0,0,0,1,1,6,2,6,1598,1,5,2,1
2013213005527,2,9,0,2,0,0,0,0,0,0,2,1,6,2,-1,1598,1,12,5,1
2013213005528,1,3,0,9,0,8,0,0,0,0,1,1,2,1,5,125,1,-1,1,1
2013213005528,2,9,0,13,0,8,0,0,0,0,1,1,6,1,4,1389,1,16,6,1
2013213005529,1,9,0,9,0,8,0,0,0,0,1,1,6,2,6,1389,1,14,1,1
2013213005529,2,8,0,18,0,8,0,0,0,0,1,1,1,1,6,1910,2,5,1,1
2013213005530,1,9,0,18,0,0,0,4,0,0,1,1,1,2,5,1956,2,4,7,3
2013213005530,2,9,0,18,0,0,0,0,0,0,1,1,2,2,6,1600,1,2,3,1
2013213005530,3,9,0,2,0,0,0,0,0,0,2,1,1,1,7,1242,1,12,3,1
2013213005538,1,9,0,18,0,1,1,0,0,0,1,1,6,1,8,-1,-1,-1,3,1
2013213005538,2,9,0,4,0,1,0,0,0,0,2,1,6,2,7,1587,1,12,3,1
2013213005540,1,9,0,16,0,0,0,0,0,0,1,1,6,3,-1,-1,-1,-1,-1,-1
2013213005540,2,9,0,4,0,0,0,0,0,0,2,1,6,1,5,1598,1,15,10,1
2013213005543,1,9,0,9,0,8,0,0,0,0,1,1,6,1,4,1242,1,9,4,1
2013213005543,2,9,0,17,0,8,0,0,0,0,3,1,6,1,10,1400,1,6,-1,-1
2013213005553,1,9,0,18,0,1,0,0,0,0,1,1,6,1,11,1229,1,6,10,2
2013213005553,2,21,1,3,0,1,0,0,0,0,2,1,1,1,7,12740,2,2,2,1
2013213005554,1,9,0,18,0,0,0,0,0,0,1,1,6,2,9,2953,2,11,8,2
2013213005555,1,9,0,12,0,7,1,0,0,0,3,1,6,2,7,1783,1,11,3,1
2013213005555,2,21,1,18,0,8,0,0,0,0,4,1,1,1,7,-1,-1,-1,1,1
2013213005557,1,9,0,7,0,4,0,0,0,0,3,1,1,2,4,1124,1,13,8,2
2013213005557,2,9,0,18,0,8,0,0,7,10,4,1,1,2,5,1995,1,2,9,1
2013213005559,1,9,0,18,0,0,0,0,0,0,1,1,6,1,10,1392,1,15,1,1
2013213005559,2,9,0,18,0,0,0,0,0,0,1,1,6,1,5,1587,1,16,9,1
2013213005560,1,9,0,7,0,8,0,0,0,0,3,1,6,1,5,1329,1,1,10,1
2013213005560,2,1,0,18,9,8,0,0,0,0,1,1,6,2,8,-1,-1,-1,2,1
2013213005563,1,3,0,4,0,1,1,0,0,0,1,1,6,1,5,124,1,10,6,1
2013213005563,2,9,0,4,0,1,0,0,0,0,0,1,6,3,-1,-1,-1,-1,-1,-1
2013213005566,1,9,0,6,0,0,0,0,0,0,3,1,1,2,5,1149,1,9,10,1
2013213005566,2,5,0,13,0,0,0,0,0,0,1,1,2,1,8,781,1,13,4,1
2013213005574,1,9,0,15,0,8,0,0,0,0,1,1,6,2,7,1995,2,8,9,1
2013213005574,2,9,0,9,0,6,0,0,0,0,1,1,6,2,6,1149,1,-1,3,1
2013213005576,1,9,0,9,0,5,0,0,0,0,1,1,6,2,10,1332,1,16,8,2
2013213005576,2,1,0,17,0,8,0,0,0,0,1,1,6,1,7,-1,-1,-1,3,1
2013213005577,1,9,0,4,0,0,1,0,0,0,1,1,6,1,5,-1,-1,-1,10,1
2013213005577,2,9,0,4,0,0,0,0,0,0,2,1,1,1,8,1968,2,-1,7,3
2013213005579,1,9,0,5,0,1,0,0,0,0,3,1,6,2,6,1242,1,4,1,1
2013213005579,2,19,0,18,0,1,0,0,0,0,4,1,6,1,8,1686,2,5,3,1
2013213005580,1,9,0,17,0,0,1,0,4,6,1,1,6,2,6,1997,2,3,6,1
2013213005581,1,9,0,7,0,5,0,0,0,0,2,1,6,1,-1,-1,-1,-1,3,1
2013213005581,2,1,0,18,0,1,0,0,0,0,1,1,6,1,8,-1,-1,-1,9,1
2013213005583,1,9,0,18,0,0,0,0,0,0,1,1,6,1,9,899,1,-1,9,3
2013213005593,1,9,0,18,0,6,0,0,0,0,1,1,1,2,8,1398,2,6,2,1
2013213005593,2,9,0,18,0,8,0,0,0,0,4,1,3,2,7,1896,2,8,3,1
2013213005597,1,9,0,9,0,6,0,0,0,0,1,1,6,2,10,1388,1,8,8,1
2013213005597,2,9,0,18,0,8,0,0,0,0,1,1,1,1,6,2143,2,3,10,1
2013213005599,1,9,0,18,0,0,0,0,0,0,4,1,6,2,6,1229,1,-1,7,3
2013213005599,2,9,0,2,0,0,0,0,0,0,0,1,6,1,8,2316,1,17,-1,-1
2013213005602,1,9,0,18,0,1,0,0,0,0,4,1,6,1,9,2967,2,4,-1,-1
2013213005603,1,9,0,9,0,6,0,0,0,0,1,1,6,1,-1,-1,-1,-1,-1,-1
2013213005603,2,9,0,18,0,8,0,0,0,0,3,1,6,2,6,1396,1,13,3,1
2013213005605,1,21,1,4,0,0,0,0,0,0,2,1,1,1,-1,-1,-1,-1,8,1
2013213005605,2,90,0,4,0,0,0,0,0,0,2,1,6,1,-1,3000,2,6,-1,1
2013213005605,3,21,1,4,0,0,0,0,0,0,2,1,1,1,6,-1,-1,-1,3,1
2013213005605,4,21,1,4,0,0,1,0,0,0,1,1,1,1,-1,12777,2,2,-1,-1
2013213005606,1,9,0,18,0,4,0,0,0,0,3,1,6,1,11,1461,2,8,-1,-1
2013213005606,2,1,0,18,0,8,0,0,0,0,1,1,6,1,7,-1,-1,-1,6,1
2013213005608,1,21,1,11,0,0,0,0,0,0,4,1,1,1,7,11967,2,2,5,1
2013213005608,2,9,0,18,0,0,0,0,0,0,3,1,6,2,4,1149,1,12,1,1
2013213005609,1,5,0,11,0,1,0,0,0,0,1,1,2,1,8,899,1,15,3,1
2013213005609,2,9,0,1,0,8,0,0,0,0,0,1,2,1,5,1796,1,12,-1,-1
2013213005611,1,9,0,4,0,0,1,0,0,0,1,1,6,2,6,1598,1,4,7,3
2013213005611,2,9,0,3,0,0,0,0,0,0,2,1,6,1,7,1956,2,-1,8,1
2013213005614,1,9,0,17,0,0,0,0,0,0,1,2,6,1,7,-1,-1,-1,-1,-1
2013213005614,2,9,0,16,0,0,0,0,0,0,1,1,3,2,6,1596,1,12,10,1
2013213005617,1,9,0,18,0,1,0,0,0,0,4,1,3,2,8,1686,2,8,3,1
2013213005630,1,8,0,18,0,1,0,0,0,0,0,1,1,1,7,2231,2,5,1,1
2013213005633,1,8,0,18,0,8,0,0,0,0,1,1,1,1,7,1995,2,6,1,1
2013213005638,1,19,0,18,0,2,0,0,0,0,0,1,1,2,5,-1,-1,-1,2,1
2013213005639,1,19,2,18,0,1,0,0,0,0,1,1,1,1,8,2151,2,10,7,1
2013213005639,2,9,0,7,0,5,0,0,0,0,2,1,1,2,8,1968,2,6,5,1
2013213005640,1,11,0,17,0,2,0,0,0,0,0,1,6,1,-1,-1,-1,-1,-1,-1
2013213005642,1,21,0,9,0,8,0,0,0,0,1,2,1,1,5,-1,-1,-1,-1,-1
2013213005642,2,9,0,18,0,8,0,0,0,0,4,1,1,1,5,-1,-1,-1,1,1
2013213005643,1,9,0,18,0,0,0,0,0,0,1,1,6,2,8,1799,1,4,9,1
2013213005643,2,9,0,4,0,0,0,0,0,0,2,1,6,2,7,1390,1,1,9,1
2013213005644,1,9,0,18,0,0,0,0,0,0,4,1,6,2,6,1341,1,10,1,1
2013213005644,2,1,0,18,0,0,0,0,0,0,1,1,6,2,2,-1,-1,-1,2,1
2013213005645,1,21,0,18,0,0,0,0,0,0,1,1,1,1,6,10837,2,4,6,1
2013213005646,1,9,0,18,0,1,0,0,0,0,1,1,6,1,9,1398,2,7,2,1
2013213005646,2,9,0,3,0,1,0,0,0,0,2,1,6,2,5,1248,2,9,4,1
2013213005647,1,5,0,16,0,0,1,0,0,0,1,1,6,1,6,600,1,11,9,1
2013213005647,2,9,0,5,0,0,0,0,0,0,3,1,6,1,6,1997,1,6,5,1
2013213005648,1,9,0,9,0,8,0,0,0,0,3,1,6,1,10,1990,1,6,3,1
2013213005648,2,9,0,9,0,8,0,0,0,0,1,1,6,1,7,1388,1,11,3,1
2013213005649,1,19,0,17,0,0,1,0,0,0,0,1,1,1,6,2402,2,8,3,1
2013213005649,2,9,0,16,0,0,0,10,0,0,3,1,2,1,9,1998,1,9,8,2
2013213005650,1,9,0,18,0,0,0,0,0,0,1,1,1,2,9,1240,1,7,6,1
2013213005652,1,9,0,18,0,1,0,0,0,0,1,1,6,2,7,1799,1,9,3,1
2013213005653,1,9,0,9,0,6,0,0,0,0,3,1,6,2,6,1341,1,9,10,1
2013213005653,2,5,0,18,0,8,0,0,0,0,1,1,1,1,6,107,1,-1,3,1
2013213005655,1,9,0,17,0,8,0,0,0,0,3,1,6,2,6,1984,1,13,10,1
2013213005655,2,5,0,17,0,8,0,0,0,0,1,1,6,1,7,996,1,9,4,1
2013213005657,1,9,0,18,0,0,0,0,0,0,1,1,6,1,4,1195,1,15,2,1
2013213005657,2,9,0,4,0,0,0,0,0,0,2,1,1,2,6,1242,1,4,7,1
2013213005660,1,3,0,18,0,1,1,0,0,0,4,1,6,1,5,125,1,11,-1,-1
2013213005660,2,9,0,2,0,1,0,0,0,0,1,1,6,1,6,1598,1,10,2,1
2013213005660,3,9,0,2,0,1,0,0,0,0,3,1,6,3,-1,-1,-1,-1,-1,-1
2013213005661,1,9,0,6,0,1,0,0,0,0,1,1,6,3,-1,-1,-1,-1,-1,-1
2013213005661,2,9,0,3,0,1,0,0,0,0,2,1,6,2,7,998,1,13,1,1
2013213005662,1,9,0,17,0,0,0,0,0,0,4,1,6,2,11,998,1,12,8,3
2013213005662,2,1,0,17,0,0,0,0,0,0,3,1,6,1,4,-1,-1,-1,5,1
2013213005663,1,21,0,6,0,0,0,0,0,0,4,2,1,1,8,-1,-1,-1,-1,-1
2013213005663,2,9,0,18,0,0,0,0,0,0,1,1,6,2,10,1248,1,-1,6,1
2013213005665,1,9,0,17,0,0,1,4,7,0,1,1,6,1,-1,1229,1,7,5,1
2013213005665,2,9,0,2,0,0,0,0,0,0,1,1,6,2,7,989,1,14,-1,-1
2013213005672,1,11,0,18,0,8,0,0,1,1,3,1,1,1,7,3900,2,10,1,1
2013213005672,2,9,0,9,0,8,0,0,0,0,1,1,6,1,5,-1,-1,-1,1,1
2013213005673,1,21,1,12,0,1,0,0,0,0,1,1,1,1,8,12900,2,1,5,3
2013213005673,2,9,0,12,0,1,0,10,7,1,3,1,6,1,8,3246,1,10,5,1
2013213005673,3,9,0,10,0,1,0,0,0,0,4,1,6,2,5,1686,2,9,1,1
2013213005678,1,9,0,1,9,8,0,0,0,0,0,1,6,3,-1,1595,1,7,-1,-1
2013213005680,1,19,0,18,0,1,1,0,0,0,1,1,1,1,8,2143,2,1,2,1
2013213005680,2,9,0,10,0,1,0,0,0,0,2,1,6,1,6,-1,-1,-1,8,1
2013213005680,3,9,0,18,0,1,0,0,0,0,3,1,6,2,7,998,1,5,6,3
2013213005681,1,9,0,18,0,0,1,10,1,7,4,1,6,1,8,1587,1,9,6,1
2013213005682,1,19,0,18,0,0,0,0,0,0,0,1,1,1,8,1248,2,2,3,1
2013213005685,1,9,0,18,0,8,1,0,7,10,1,1,6,1,7,1896,2,8,-1,-1
2013213005685,2,9,0,9,0,6,0,0,0,0,1,1,1,1,7,-1,-1,-1,5,1
2013213005688,1,9,0,11,0,3,0,0,0,0,4,1,6,1,7,1995,2,2,3,1
2013213005688,2,9,0,16,0,3,0,0,0,0,3,1,6,1,5,1995,2,8,4,1
2013213005689,1,9,0,17,0,1,0,10,0,0,1,1,6,1,6,1598,1,6,2,1
2013213005689,2,9,0,2,0,2,0,0,0,0,0,1,6,1,8,1870,2,9,5,1
2013213005689,3,19,0,2,0,1,0,0,0,0,1,1,6,1,7,2143,2,2,5,1
2013213005690,1,9,0,18,0,6,5,0,7,11,4,1,6,1,7,1686,2,8,5,1
2013213005690,2,9,0,18,0,8,0,0,0,0,1,1,6,1,8,1997,2,10,8,2
2013213005692,1,3,0,16,0,0,1,0,0,0,1,1,6,1,9,125,1,9,4,1
2013213005692,2,9,0,17,0,0,0,0,0,0,1,1,6,1,11,1796,1,1,-1,-1
2013213005693,1,9,0,18,0,8,0,0,0,0,1,1,6,2,7,1587,1,5,6,1
2013213005693,2,10,0,18,0,8,0,0,0,0,1,1,6,2,7,2461,1,16,1,1
2013213005695,1,9,0,6,0,6,0,0,0,0,4,1,6,2,5,998,1,10,9,1
2013213005695,2,3,0,18,0,8,0,0,0,0,1,1,6,1,4,85,1,22,4,1
2013213005696,1,9,0,18,0,1,0,0,0,0,1,1,6,1,4,-1,-1,-1,7,3
2013213005696,2,9,0,3,0,1,0,0,0,0,2,1,6,2,8,1248,1,1,8,1
2013213005703,1,9,0,18,0,0,0,0,0,0,1,1,6,2,7,1242,1,1,6,1
2013213005704,1,9,0,18,0,0,2,0,5,6,4,1,6,1,6,1796,1,7,8,1
2013213005704,2,21,1,18,0,0,0,0,0,0,2,1,1,1,7,10308,2,5,1,1
2013213005706,1,8,0,17,0,1,0,0,0,0,1,1,1,1,-1,1896,2,6,-1,-1
2013213005706,2,1,0,18,0,1,0,0,0,0,2,1,4,1,3,-1,-1,-1,8,2
2013213005707,1,9,0,13,0,0,5,0,0,0,4,1,2,1,6,1998,1,11,1,1
2013213005707,2,9,0,4,0,0,0,0,0,0,3,1,6,1,6,1598,1,11,10,1
2013213005707,3,9,0,18,0,0,0,0,0,0,1,1,6,1,11,1582,2,-1,6,1
2013213005710,1,2,0,7,0,0,1,0,0,0,0,1,6,1,4,49,1,-1,3,1
2013213005713,1,9,0,14,0,8,0,0,0,0,1,1,1,1,8,1995,2,2,5,3
2013213005718,1,9,0,9,0,8,0,0,0,0,1,1,2,1,8,-1,-1,-1,2,1
2013213005718,2,9,0,18,0,8,0,0,0,0,1,1,6,1,8,1298,1,9,9,1
2013213005722,1,9,0,9,0,6,0,0,0,0,3,1,6,2,5,1397,1,6,8,3
2013213005722,2,9,0,18,0,8,0,0,0,0,1,1,2,2,6,1753,2,6,6,1
2013213005726,1,21,0,9,0,8,0,0,0,0,1,1,1,1,6,-1,-1,-1,6,1
2013213005726,2,9,0,18,0,8,0,0,0,0,3,1,1,2,6,1390,1,4,8,1
2013213005727,1,9,0,7,0,2,0,0,0,0,1,1,6,1,11,1781,1,21,1,1
2013213005728,1,8,0,18,0,2,0,7,0,0,1,1,1,1,7,1794,1,7,-1,-1
2013213005729,1,9,0,9,0,6,0,0,0,0,1,1,6,1,4,1229,1,6,7,3
2013213005729,2,9,0,18,0,8,0,0,0,0,1,1,6,2,8,1995,2,7,7,3
2013213005730,1,9,0,11,0,8,0,0,0,0,3,1,6,2,8,1999,1,2,4,1
2013213005730,2,9,0,15,0,8,0,0,0,0,4,1,1,2,7,1968,2,3,4,1
2013213005739,1,9,0,18,0,0,0,0,0,0,1,1,6,1,4,1399,2,3,8,1
2013213005739,2,9,0,4,0,0,0,0,0,0,2,1,6,1,8,1968,2,-1,-1,-1
2013213005741,1,19,0,18,0,0,0,0,0,0,1,1,1,1,7,2402,2,8,-1,-1
2013213005741,2,21,1,18,0,0,0,0,0,0,2,1,1,1,8,12130,2,11,3,1
2013213005742,1,9,0,16,0,1,0,0,0,0,1,1,6,1,8,1560,2,3,8,1
2013213005742,2,9,0,8,0,1,0,0,0,0,2,1,6,2,7,1299,1,7,1,1
2013213005743,1,21,1,4,0,1,0,0,0,0,1,1,1,1,9,12900,2,1,-1,-1
2013213005743,2,9,0,3,0,1,0,0,0,0,2,1,6,1,8,1997,2,-1,1,1
2013213005744,1,8,0,18,0,2,0,0,0,0,1,1,1,1,9,1598,1,6,2,1
2013213005746,1,9,0,17,0,0,0,0,0,0,1,1,1,2,6,1490,1,6,1,1
2013213005746,2,9,0,16,0,0,0,0,0,0,1,1,3,2,7,1390,1,4,7,1
2013213005751,1,9,0,18,0,0,0,0,7,10,1,1,6,1,8,1999,1,8,-1,-1
2013213005752,1,8,0,18,0,1,0,0,0,0,1,1,1,1,6,1794,7,5,2,1
2013213005752,2,9,0,7,0,8,0,0,0,0,2,1,6,2,10,1242,1,5,8,1
2013213005753,1,9,0,18,0,4,0,0,0,0,1,1,6,2,6,1995,2,1,-1,-1
2013213005753,2,3,0,9,0,8,0,0,0,0,4,1,6,1,5,124,1,-1,4,1
2013213005756,1,9,0,4,0,1,0,0,0,0,2,1,1,1,9,1995,2,9,5,1
2013213005756,2,9,0,17,0,1,0,0,0,0,1,1,6,1,7,-1,-1,-1,-1,-1
2013213005758,1,9,0,18,0,1,0,0,0,0,3,1,1,2,8,1997,2,4,6,1
2013213005758,2,9,0,7,0,5,0,0,0,0,1,1,6,2,10,1598,1,-1,6,1
2013213005768,1,9,0,18,0,4,0,0,0,0,1,1,6,1,10,1998,1,12,5,1
2013213005768,2,4,0,9,0,8,0,0,0,0,2,1,6,1,4,124,1,-1,10,1
2013213005778,1,9,0,18,0,4,0,0,0,0,1,1,2,1,9,-1,-1,-1,5,1
2013213005778,2,1,0,18,0,8,0,0,0,0,2,1,6,1,6,-1,-1,-1,6,1
2013213005781,1,9,0,13,0,0,0,0,5,6,4,1,2,1,6,2494,1,17,6,1
2013213005781,2,9,0,18,0,0,0,0,0,0,3,1,3,1,9,3200,1,6,5,1
2013213005783,1,8,0,18,0,8,0,0,0,0,1,1,1,1,7,1995,2,9,3,1
2013213005783,2,9,0,18,0,8,0,0,0,0,1,1,6,1,6,1799,1,6,1,1
2013213005785,1,11,0,18,0,0,0,0,0,0,3,1,1,1,8,5900,2,6,9,1
2013213005785,2,19,0,18,0,0,0,0,0,0,3,1,1,1,6,6370,2,12,4,1
2013213005787,1,9,0,18,0,-1,0,0,0,0,0,1,6,2,-1,-1,-1,-1,-1,-1
2013213005791,1,9,0,9,0,8,0,0,0,0,4,1,6,1,5,1242,1,15,4,1
2013213005791,2,9,0,3,0,1,0,0,0,0,1,1,6,1,10,1339,8,4,6,1
2013213005791,3,9,0,18,0,8,0,0,0,0,1,1,6,2,5,1242,1,2,1,1
2013213005792,1,21,0,11,0,2,0,0,0,0,4,1,1,1,7,10837,2,1,5,1
2013213005792,2,9,0,18,0,2,0,0,0,0,3,1,1,1,8,1686,2,2,5,1
2013213005794,1,9,0,9,0,2,0,0,0,0,0,1,1,1,8,1596,1,1,5,1
2013213005798,1,9,0,18,0,1,0,0,0,0,0,1,6,1,6,1796,1,5,6,1
2013213005801,1,9,0,18,0,1,0,0,0,0,1,1,1,1,5,1896,2,14,1,1
2013213005801,2,9,0,18,0,1,0,0,0,0,2,1,6,1,4,1398,1,11,7,1
2013213005803,1,9,0,9,0,6,0,0,0,0,1,1,6,2,6,1598,1,7,-1,-1
2013213005803,2,9,0,17,0,8,0,0,0,0,4,1,6,2,8,1753,2,6,2,1
2013213005804,1,9,0,9,0,8,0,0,0,0,1,1,6,2,5,1242,1,6,9,1
2013213005804,2,9,0,18,0,8,0,0,0,0,1,1,6,2,7,2000,2,7,8,1
2013213005806,1,9,0,16,0,5,1,0,1,1,1,1,6,1,6,1332,1,15,1,1
2013213005807,1,9,0,5,0,1,0,0,0,0,1,1,6,2,-1,1242,1,11,1,1
2013213005807,2,9,0,3,0,4,0,0,0,0,2,1,6,2,8,1588,1,10,2,1
2013213005809,1,9,0,4,0,0,2,0,2,7,1,1,1,1,8,2616,1,9,2,1
2013213005813,1,9,0,5,0,1,0,0,0,0,1,1,6,2,9,1598,1,1,6,3
2013213005813,2,9,0,3,0,1,0,0,0,0,2,1,6,1,8,2179,2,1,9,2
2013213005817,1,9,0,14,0,1,1,0,0,0,1,1,6,2,7,1587,1,11,2,1
2013213005817,2,9,0,7,0,1,1,0,1,11,2,1,6,2,7,2969,2,9,4,1
2013213005818,1,9,0,9,0,5,0,0,0,0,3,1,6,1,10,1999,1,4,10,3
2013213005820,1,19,0,1,0,1,0,0,0,0,2,1,6,3,-1,5861,2,13,-1,-1
2013213005820,2,9,0,2,0,1,0,0,0,0,1,1,1,1,7,1560,2,3,1,1
2013213005822,1,9,0,18,0,4,0,0,0,0,1,1,6,3,-1,1229,1,9,-1,-1
2013213005822,2,1,0,18,0,8,0,0,0,0,2,1,2,1,7,-1,-1,-1,2,1
2013213005823,1,9,0,18,0,6,0,0,0,0,1,1,6,1,5,1910,2,10,6,1
2013213005823,2,9,0,18,0,8,0,0,1,3,3,1,6,1,7,1998,1,7,6,1
2013213005841,1,9,0,9,0,6,0,0,0,0,3,1,6,1,8,1988,2,10,5,1
2013213005841,2,9,0,18,0,8,0,0,0,0,1,1,6,1,11,1397,1,11,5,1
2013213005842,1,9,0,18,0,2,0,0,0,0,1,1,2,1,7,1800,1,14,8,1
2013213005842,2,9,0,3,0,2,0,0,0,0,2,1,6,1,11,1999,1,1,2,1
2013213005844,1,9,0,7,0,6,0,0,0,0,3,1,6,1,11,995,1,7,8,1
2013213005844,2,9,0,18,0,8,0,0,0,0,1,1,6,1,8,1396,1,10,6,1
2013213005846,1,9,0,18,0,0,0,4,0,0,1,1,1,2,8,1988,1,12,7,1