Accident_Index,Vehicle_Reference,Vehicle_Type,Towing_and_Articulation,Vehicle_Manoeuvre,Vehicle_Location-Restricted_Lane,Junction_Location,Skidding_and_Overturning,Hit_Object_in_Carriageway,Vehicle_Leaving_Carriageway,Hit_Object_off_Carriageway,1st_Point_of_Impact,Was_Vehicle_Left_Hand_Drive?,Journey_Purpose_of_Driver,Sex_of_Driver,Age_Band_of_Driver,Engine_Capacity_(CC),Propulsion_Code,Age_of_Vehicle,Driver_IMD_Decile,Driver_Home_Area_Type
2013213006200,2,9,0,10,0,8,0,0,0,0,2,1,6,1,8,1598,2,2,1,1
2013213006201,1,9,0,9,0,8,0,0,0,0,1,1,6,1,4,1242,1,15,1,1
2013213006204,1,9,0,18,0,0,1,0,1,11,1,1,6,2,7,1299,1,11,6,1
2013213006206,1,9,0,5,0,6,0,0,0,0,1,1,6,2,7,1560,2,5,3,1
2013213006206,2,9,0,18,0,8,0,0,0,0,4,1,6,1,7,-1,-1,-1,8,1
2013213006207,1,19,0,4,0,0,0,0,0,0,1,1,1,1,6,2143,2,3,3,1
2013213006207,2,9,0,4,0,0,0,0,0,0,2,1,1,1,8,1995,2,1,10,1
2013213006208,1,9,0,9,0,6,0,0,0,0,1,1,6,1,6,1390,1,9,6,2
2013213006208,2,9,0,18,0,8,0,0,0,0,4,1,6,1,7,1461,2,5,6,3
2013213006210,1,20,0,11,0,1,0,0,0,0,1,1,6,1,6,3920,2,7,9,3
2013213006210,2,9,0,8,0,1,0,0,0,0,3,1,2,2,5,1124,1,4,10,1
2013213006213,1,9,0,14,0,2,0,0,0,0,3,1,6,3,-1,-1,-1,-1,-1,-1
2013213006214,1,9,0,16,0,1,5,10,7,1,1,1,2,1,6,1461,2,9,2,1
2013213006216,1,9,0,10,0,8,0,0,0,0,1,1,6,1,6,-1,-1,-1,7,3
2013213006216,2,3,0,16,0,8,0,0,0,0,1,1,6,1,5,-1,-1,-1,7,3
2013213006217,1,9,0,18,0,1,0,0,0,0,1,1,1,1,6,1896,2,9,3,1
2013213006217,2,9,0,3,0,1,0,0,2,1,2,1,6,2,6,1598,1,8,8,1
2013213006218,1,9,0,18,0,1,0,0,0,0,1,1,6,1,7,-1,-1,-1,9,1
2013213006218,2,9,0,18,0,1,0,0,0,0,1,1,6,1,6,-1,-1,-1,5,1
2013213006218,3,9,0,11,0,1,0,0,0,0,2,1,6,2,7,1370,1,17,6,3
2013213006220,1,9,0,9,0,6,0,0,0,0,3,1,6,2,6,1299,1,6,8,1
2013213006220,2,9,0,17,0,8,0,0,0,0,1,1,2,1,8,-1,-1,-1,7,2
2013213006224,1,19,0,18,0,0,1,10,2,11,1,1,6,1,6,-1,-1,-1,1,1
2013213006224,2,9,0,4,0,0,0,0,0,0,2,1,6,1,6,1995,2,-1,4,1
2013213006232,1,9,0,5,0,0,0,0,0,0,3,1,6,3,-1,-1,-1,-1,-1,-1
2013213006235,1,9,0,4,0,0,0,0,0,0,1,1,6,2,7,1390,1,10,-1,1
2013213006235,2,9,0,4,0,0,0,0,0,0,2,1,6,2,7,2198,2,6,9,2
2013213006237,1,9,0,17,0,0,5,0,1,2,1,1,6,1,5,1364,1,4,4,1
2013213006238,1,9,0,18,0,1,0,0,0,0,1,1,6,2,8,1198,1,7,3,1
2013213006238,2,9,0,10,0,8,0,0,0,0,2,1,6,1,8,2231,2,7,6,1
2013213006245,1,9,0,17,0,2,2,0,8,10,1,1,6,1,6,2497,2,4,6,1
2013213006248,1,9,0,1,0,6,0,0,0,0,2,1,6,3,-1,1339,1,11,-1,-1
2013213006248,2,9,0,2,0,1,0,0,0,0,1,1,6,1,8,1560,2,-1,-1,-1
2013213006252,1,9,0,9,0,8,0,0,0,0,4,1,2,2,8,1242,1,10,4,1
2013213006252,2,9,0,18,0,8,0,0,0,0,1,1,1,2,5,1198,1,7,8,1
2013213006255,1,9,0,18,0,1,0,0,0,0,1,1,2,1,8,1598,1,12,7,1
2013213006255,2,9,0,3,0,1,0,0,0,0,2,1,6,1,5,1199,1,11,7,3
2013213006256,1,9,0,4,0,0,0,0,0,0,4,1,2,2,8,1598,1,1,8,3
2013213006269,1,9,0,18,0,1,0,0,0,0,1,1,6,1,-1,-1,-1,-1,-1,-1
2013213006269,2,9,0,3,0,1,0,0,0,0,2,1,6,2,6,1999,1,6,-1,-1
2013213006269,3,9,0,9,0,5,0,0,0,0,0,1,6,3,-1,-1,-1,-1,-1,-1
2013213006273,1,9,0,17,0,1,0,0,0,0,1,1,6,1,6,1998,1,13,-1,-1
2013213006273,2,9,0,16,0,1,0,0,0,0,1,1,1,2,7,1995,2,9,3,1
2013213006273,3,9,0,2,0,2,0,0,0,0,1,1,6,1,-1,1998,1,17,-1,-1
2013213006273,4,9,0,9,0,6,0,0,0,0,2,1,6,1,4,1124,1,16,8,1
2013213006273,5,8,0,3,0,1,0,0,0,0,2,1,1,1,5,1956,2,3,2,1
2013213006275,1,9,0,4,0,1,1,0,0,0,1,1,6,1,6,1360,1,13,4,1
2013213006275,2,9,0,9,0,6,0,0,0,0,3,1,6,2,6,-1,-1,-1,5,3
2013213006276,1,9,0,5,0,0,0,0,0,0,1,1,2,1,8,-1,-1,-1,4,3
2013213006277,1,9,0,9,0,8,0,0,0,0,1,1,6,2,5,1328,1,7,-1,-1
2013213006277,2,9,0,18,0,8,0,0,0,0,3,1,6,1,6,1598,1,12,3,1
2013213006279,1,9,0,9,0,5,0,0,0,0,1,1,1,1,5,1396,1,15,7,1
2013213006279,2,9,0,18,0,8,0,0,0,0,1,1,6,2,7,1994,2,10,7,1
2013213006281,1,9,0,4,0,0,1,0,1,11,1,1,6,1,4,1199,1,13,5,3
2013213006292,1,9,0,18,0,6,0,0,7,11,1,1,6,1,11,1598,1,13,8,1
2013213006292,2,19,0,18,0,8,0,0,1,11,1,1,1,1,7,-1,-1,-1,1,1
2013213006294,1,9,0,4,0,6,0,0,0,0,1,1,6,2,8,1461,2,3,-1,2
2013213006294,2,1,0,18,0,8,0,0,0,0,4,1,6,1,10,-1,-1,-1,1,1
2013213006298,1,9,0,18,0,1,0,0,0,0,1,1,6,2,7,1086,1,8,2,1
2013213006298,2,9,0,10,0,8,0,0,0,0,2,1,6,2,8,1299,1,12,5,1
2013213006308,1,9,0,9,0,8,0,0,0,0,4,1,6,1,8,1794,1,7,7,1
2013213006308,2,9,0,18,0,8,0,0,0,0,1,1,6,2,6,998,1,15,2,1
2013213006310,1,9,0,17,0,0,2,10,0,0,4,1,6,1,6,1198,1,10,6,1
2013213006312,1,9,0,4,0,0,0,0,0,0,3,1,6,1,6,1299,1,14,4,1
2013213006312,2,21,0,17,0,0,0,0,0,0,3,1,1,1,7,9290,2,3,2,1
2013213006313,1,9,0,13,0,0,1,10,1,10,1,1,6,1,6,1910,2,5,2,1
2013213006313,2,9,0,18,0,0,0,0,0,0,0,1,6,1,6,1997,2,5,7,3
2013213006315,1,9,0,17,0,0,0,0,0,0,3,1,6,1,9,4164,2,15,7,3
2013213006315,2,9,0,16,0,0,0,0,0,0,3,1,1,1,8,1560,2,2,7,3
2013213006316,1,9,0,16,0,0,0,0,0,0,1,1,6,1,4,1390,1,8,8,1
2013213006316,2,21,0,2,0,0,0,0,0,0,2,1,1,1,5,7790,2,8,9,1
2013213006318,1,9,0,18,0,8,0,0,0,0,1,1,1,1,5,1229,1,5,6,1
2013213006318,2,1,0,18,0,8,0,0,0,0,2,1,1,1,7,-1,-1,-1,8,1
2013213006320,1,9,0,18,0,1,0,0,0,0,1,1,2,1,7,2400,2,-1,2,1
2013213006320,2,9,0,4,0,1,0,0,0,0,2,1,6,2,6,1598,1,6,1,1
2013213006325,1,9,0,7,0,6,0,10,0,0,3,1,1,1,7,1248,2,-1,3,1
2013213006327,1,11,0,18,0,1,0,0,0,0,0,1,1,1,8,9000,2,7,5,1
2013213006327,2,9,0,7,0,2,0,0,0,0,0,1,6,3,-1,-1,-1,-1,-1,-1
2013213006329,1,8,0,17,0,0,0,0,0,0,1,1,1,1,8,-1,-1,-1,3,1
2013213006329,2,9,0,16,0,0,0,0,0,0,1,1,1,1,5,-1,-1,-1,8,1
2013213006330,1,9,0,14,0,6,1,0,7,10,1,1,6,1,4,-1,-1,-1,7,2
2013213006330,2,9,0,3,0,1,0,0,0,0,0,1,6,1,4,1868,2,14,7,3
2013213006331,1,9,0,17,0,2,1,10,1,1,1,1,6,2,4,1390,1,2,8,1
2013213006332,1,9,0,18,0,0,0,0,0,0,1,1,2,1,9,1149,1,10,10,1
2013213006332,2,9,0,4,0,0,0,0,0,0,2,1,6,1,8,-1,-1,-1,2,1
2013213006334,1,19,0,16,0,0,0,0,0,0,1,1,1,1,8,2148,2,8,-1,-1
2013213006334,2,9,0,4,0,0,0,0,0,0,2,1,6,1,8,2720,2,3,8,3
2013213006334,3,9,0,17,0,0,0,0,0,0,0,1,6,3,-1,-1,-1,-1,-1,-1
2013213006338,1,9,0,16,0,0,1,0,7,11,1,1,6,1,7,2997,1,17,7,3
2013213006340,1,19,0,18,0,0,0,0,0,0,1,1,1,1,6,2143,2,1,8,1
2013213006340,2,9,0,4,0,0,0,0,0,0,2,1,3,2,8,1598,1,2,7,1
2013213006341,1,9,0,18,0,0,0,0,0,0,1,1,6,1,6,1398,2,11,6,1
2013213006341,2,9,0,4,0,0,0,0,0,0,2,1,6,2,5,1198,1,-1,8,2
2013213006342,1,9,0,-1,0,1,0,0,0,0,1,1,6,3,-1,-1,-1,-1,-1,-1
2013213006343,1,19,0,9,0,6,0,0,0,0,0,1,1,1,8,1870,2,9,10,2
2013213006343,2,9,0,18,0,8,1,0,1,1,1,1,1,2,6,1598,1,8,8,2
2013213006346,1,11,0,5,0,0,0,0,0,0,4,1,1,1,7,4250,2,13,-1,-1
2013213006347,1,9,0,9,0,6,0,0,0,0,1,1,6,1,5,-1,-1,-1,8,1
2013213006347,2,9,0,14,0,8,0,0,0,0,1,1,1,2,4,1242,1,-1,5,1
2013213006348,1,9,0,18,0,0,0,0,0,0,1,1,1,1,6,1598,1,6,6,1
2013213006348,2,21,1,12,8,0,0,0,0,0,3,1,1,1,8,12500,2,8,-1,-1
2013213006351,1,9,0,18,0,0,0,0,0,0,1,1,6,1,4,1493,1,17,6,3
2013213006351,2,9,0,18,0,0,0,0,0,0,2,1,6,1,10,1200,1,10,8,1
2013213006353,1,8,0,9,0,6,0,0,0,0,1,1,1,1,8,1560,2,4,-1,-1
2013213006358,1,9,0,18,0,1,0,0,0,0,1,1,6,3,-1,1910,2,9,-1,-1
2013213006358,2,9,0,7,0,2,0,0,0,0,1,1,2,1,6,1390,1,5,5,1
2013213006360,1,21,0,17,0,0,0,0,0,0,0,1,1,1,7,11946,2,3,2,2
2013213006360,2,9,0,16,0,0,0,0,0,0,1,1,6,2,10,-1,-1,-1,5,1
2013213006361,1,9,0,18,0,0,0,0,0,0,1,1,2,2,7,1399,2,8,1,1
2013213006361,2,9,0,18,0,0,0,0,0,0,1,1,1,1,-1,-1,-1,-1,7,1
2013213006362,1,9,0,13,0,0,0,0,0,0,1,1,1,1,7,1665,2,16,6,1
2013213006362,2,9,0,17,0,0,0,0,0,0,1,1,1,2,7,1560,2,3,2,1
2013213006362,3,20,0,16,0,0,0,0,0,0,0,1,1,3,-1,6692,2,1,-1,-1
2013213006364,1,9,0,16,0,0,1,10,7,11,1,1,6,1,4,1124,1,8,6,3
2013213006365,1,9,0,9,0,8,0,0,0,0,0,1,2,1,6,1229,1,8,2,1
2013213006365,2,1,0,18,0,8,0,0,0,0,0,1,6,1,7,-1,-1,-1,5,1
2013213006366,1,9,0,7,0,6,0,0,1,11,3,1,6,2,10,1339,1,-1,7,1
2013213006366,2,9,0,16,0,8,0,0,1,11,4,1,2,1,8,2495,2,16,9,3
2013213006367,1,9,0,16,0,2,1,0,0,0,1,1,6,2,7,1388,1,8,2,1
2013213006367,2,9,0,3,0,2,0,0,0,0,2,1,2,2,7,1796,1,13,9,1
2013213006370,1,9,0,9,0,8,0,0,0,0,0,1,6,1,-1,1997,1,16,-1,-1
2013213006370,2,9,0,18,0,8,0,0,0,0,2,1,6,2,6,1997,2,6,8,1
2013213006370,3,9,0,18,0,8,0,0,0,0,1,1,6,1,7,2148,2,6,9,1
2013213006372,1,9,0,9,0,8,0,0,0,0,4,1,6,2,4,998,1,11,10,3
2013213006372,2,9,0,18,0,8,0,0,0,0,1,1,6,2,8,1390,1,9,8,1
2013213006375,1,9,0,5,0,0,0,0,0,0,1,1,6,1,8,1598,2,2,4,1
2013213006375,2,4,0,16,0,0,0,0,0,0,1,1,6,1,5,-1,-1,-1,7,3
2013213006376,1,9,0,17,0,0,1,0,1,11,1,1,6,1,6,1596,1,8,10,3
2013213006382,1,19,0,7,0,7,0,0,0,0,1,1,6,1,8,2198,2,1,-1,-1
2013213006382,2,3,0,12,0,8,1,0,0,0,1,1,2,1,4,124,1,7,2,1
2013213006384,1,9,0,9,0,4,0,0,0,0,2,1,6,2,5,1242,1,9,4,1
2013213006384,2,9,0,18,0,8,0,0,0,0,1,1,6,1,5,1596,1,4,5,1
2013213006386,1,3,0,14,0,1,0,0,0,0,1,1,6,1,4,125,1,-1,1,1
2013213006386,2,9,0,9,0,6,0,0,0,0,3,1,6,1,10,1398,1,2,1,1
2013213006386,3,9,0,3,0,1,0,0,0,0,0,1,1,1,6,1995,2,8,2,1
2013213006389,1,21,0,18,0,1,0,0,0,0,1,1,1,1,6,6692,2,3,-1,-1
2013213006389,2,9,0,10,0,8,0,0,0,0,2,1,6,2,9,1461,2,8,7,2
2013213006393,1,9,0,13,0,1,0,10,7,11,1,1,1,1,7,1686,2,-1,-1,-1
2013213006393,2,9,0,9,0,8,0,0,0,0,3,1,6,1,5,-1,-1,-1,8,1
2013213006396,1,8,0,9,0,6,0,0,0,0,3,1,1,1,8,1560,2,6,5,1
2013213006396,2,3,0,18,0,8,0,0,0,0,1,1,6,1,6,-1,-1,-1,4,1
2013213006397,1,8,0,14,0,0,0,0,0,0,4,1,1,1,7,2499,2,4,10,1
2013213006397,2,21,5,3,0,0,0,0,0,0,3,1,1,1,6,12777,2,6,2,1
2013213006399,1,9,0,16,0,0,1,0,7,4,1,1,6,1,7,1395,1,-1,9,1
2013213006401,1,9,0,18,0,2,0,0,0,0,4,1,6,2,8,1796,1,9,3,1
2013213006403,1,9,0,18,0,0,5,0,0,0,4,1,6,1,7,1840,1,10,10,1
2013213006412,1,19,0,14,0,0,0,0,0,0,1,1,2,1,7,2198,2,-1,10,1
2013213006412,2,11,0,2,0,0,0,0,0,0,0,1,1,3,-1,-1,-1,-1,-1,-1
2013213006416,1,9,0,14,0,0,0,0,1,11,1,1,2,2,4,998,1,4,5,1
2013213006416,2,9,0,18,0,0,0,0,0,0,3,1,2,1,6,1995,1,7,4,2
2013213006416,3,9,0,2,0,0,0,0,0,0,3,1,6,1,6,1968,2,-1,-1,-1
2013213006418,1,9,0,4,0,0,0,0,0,0,2,1,6,1,8,2494,2,10,6,3
2013213006418,2,1,0,4,0,0,0,0,0,0,1,1,6,1,7,-1,-1,-1,8,3
2013213006419,1,9,0,9,0,5,0,0,0,0,1,1,6,1,9,1598,2,1,7,3
2013213006419,2,9,0,18,0,8,0,0,0,0,1,1,6,1,8,1299,1,15,1,1
2013213006423,1,9,0,18,0,1,0,0,0,0,1,1,6,1,10,996,1,2,2,1
2013213006424,1,8,0,18,0,0,0,0,0,0,4,1,1,1,9,1582,2,2,3,1
2013213006425,1,9,0,18,0,1,0,0,0,0,1,1,6,1,6,1590,1,11,1,1
2013213006425,2,9,0,18,0,1,0,0,0,0,2,1,6,1,5,1229,1,6,4,1
2013213006427,1,9,0,14,0,8,0,0,0,0,4,1,6,2,6,1598,1,8,1,1
2013213006427,2,9,0,9,0,6,0,0,0,0,1,1,6,2,9,1324,1,13,8,1
2013213006430,1,9,0,5,0,0,0,0,0,0,0,1,6,1,9,1560,2,2,3,1
2013213006433,1,9,0,17,0,0,2,0,1,11,1,1,6,2,5,1587,1,9,6,1
2013213006436,1,3,0,13,0,8,0,0,0,0,1,1,1,1,4,124,1,3,9,3
2013213006436,2,19,0,9,0,5,0,0,7,10,3,1,1,1,9,1248,2,2,8,2
2013213006449,1,9,0,7,0,6,0,0,0,0,1,1,6,2,10,1242,1,10,5,1
2013213006449,2,1,0,18,0,8,0,0,0,0,1,1,6,1,7,-1,-1,-1,3,1
2013213006450,1,9,0,18,0,1,0,0,0,0,4,1,6,1,6,-1,-1,-1,-1,-1
2013213006450,2,9,0,18,6,1,0,0,1,7,3,1,6,1,4,1796,1,12,2,1
2013213006451,1,19,0,17,0,0,0,0,0,0,1,1,6,1,10,1995,2,6,7,1
2013213006451,2,19,0,2,0,0,0,0,0,0,2,1,1,1,9,2402,2,5,7,1
2013213006452,1,9,0,18,0,0,0,0,1,2,1,1,6,2,7,1995,2,9,3,1
2013213006454,1,9,0,18,0,1,5,0,1,11,1,1,6,1,6,1995,2,12,-1,-1
2013213006454,2,9,0,12,0,1,0,0,0,0,0,1,6,3,-1,-1,-1,-1,-1,-1
2013213006455,1,20,0,7,0,1,0,0,7,10,1,1,1,1,6,-1,-1,-1,8,1
2013213006455,2,9,0,9,0,6,0,0,0,0,3,1,3,2,8,1299,1,10,1,1
2013213006460,1,9,0,16,0,0,1,10,1,11,1,1,6,1,4,1149,1,12,5,1
2013213006461,1,9,0,18,0,0,5,0,1,10,1,1,6,1,5,1389,1,9,7,1
2013213006462,1,9,0,18,0,2,0,0,0,0,1,1,3,2,8,998,1,7,4,1
2013213006463,1,9,0,15,0,0,0,0,0,0,2,1,6,2,5,1229,1,8,-1,-1
2013213006463,2,9,0,11,0,0,0,0,0,0,1,1,6,2,8,1240,1,10,1,1
2013213006464,1,19,0,7,0,2,0,0,0,0,1,1,6,1,7,2198,2,3,-1,-1
2013213006466,1,9,0,9,0,6,0,0,0,0,1,1,6,2,7,2993,2,-1,9,1
2013213006466,2,1,0,18,0,8,0,0,0,0,1,1,6,1,6,-1,-1,-1,-1,-1
2013213006467,1,9,0,9,0,6,0,0,0,0,1,1,6,1,11,1360,1,8,2,1
2013213006467,2,9,0,18,0,8,0,0,0,0,3,1,6,1,9,-1,-1,-1,8,1
2013213006467,3,9,0,18,0,1,0,0,0,0,1,1,6,1,7,1968,2,3,8,1
2013213006469,1,9,0,18,0,4,0,0,0,0,1,1,6,2,10,1240,1,10,1,1
2013213006469,2,9,0,11,0,8,0,0,0,0,4,1,6,1,6,1461,2,9,7,1
2013213006470,1,5,0,18,0,0,1,0,0,0,3,1,1,1,8,1170,1,3,5,3
2013213006471,1,19,0,9,0,2,0,0,0,0,4,1,2,1,6,-1,-1,-1,6,1
2013213006472,1,19,0,18,0,8,0,0,0,0,1,1,6,1,6,1995,2,3,-1,-1
2013213006472,2,9,0,3,0,8,0,0,0,0,2,1,6,1,8,2191,2,-1,4,1
2013213006474,1,9,0,6,0,8,0,0,0,0,3,1,6,1,9,1956,2,2,6,1
2013213006474,2,9,0,13,0,8,0,0,0,0,1,1,6,2,5,998,1,3,7,2
2013213006475,1,9,0,4,0,0,0,0,0,0,1,1,6,2,4,1199,1,9,6,2
2013213006475,2,9,0,4,0,0,0,0,0,0,2,1,6,2,7,1896,2,10,4,1
2013213006488,1,11,0,18,0,0,1,0,0,0,1,1,1,1,8,12900,2,1,1,1
2013213006488,2,9,0,4,0,0,0,0,0,0,2,1,1,1,8,1956,2,1,5,2
2013213006488,3,21,0,3,0,0,0,0,0,0,2,1,1,1,6,15607,2,10,9,1
2013213006488,4,19,0,3,0,0,0,0,0,0,2,1,1,1,8,2143,2,2,3,1
2013213006488,5,19,0,3,0,0,0,0,0,0,2,1,6,1,6,1896,2,8,-1,-1
2013213006490,1,8,0,4,0,1,0,0,0,0,1,1,1,1,9,1995,2,9,2,1
2013213006492,1,9,0,9,0,6,0,0,0,0,1,1,6,2,-1,1598,1,3,3,1
2013213006494,1,9,0,18,0,1,0,0,0,0,1,1,2,2,5,1598,1,6,3,1
2013213006494,2,19,0,18,0,1,0,0,0,0,2,1,6,1,8,2148,2,8,2,1
2013213006494,3,9,0,18,0,1,0,0,0,0,2,1,6,2,7,1329,1,-1,5,1
2013213006499,1,9,0,18,0,8,0,0,0,0,1,1,6,2,8,973,1,11,1,1
2013213006499,2,9,0,9,0,6,0,0,0,0,3,1,6,1,8,1399,2,6,5,1
2013213006503,1,9,0,18,0,0,1,0,0,0,1,1,1,1,7,2231,2,2,-1,2
2013213006503,2,9,0,12,0,0,0,0,0,0,2,1,6,2,7,1596,1,16,10,1
2013213006504,1,21,0,18,0,0,1,0,0,0,3,1,1,1,7,3920,2,-1,7,1
2013213006504,2,9,0,4,0,0,0,0,0,0,2,1,2,2,8,1248,1,3,1,1
2013213006504,3,9,0,4,0,0,0,0,0,0,2,1,2,2,6,998,1,5,4,1
2013213006507,1,9,0,9,0,4,0,0,0,0,1,1,6,1,6,1896,1,16,1,1
2013213006507,2,1,0,18,0,3,0,0,0,0,2,1,2,2,5,-1,-1,-1,5,1
2013213006509,1,21,1,11,0,0,0,0,0,0,1,1,1,1,8,12900,2,2,3,1
2013213006509,2,9,0,18,0,0,1,0,5,6,2,1,6,1,7,1796,1,10,3,1
2013213006510,1,21,1,7,0,8,0,0,0,0,4,1,1,1,7,-1,-1,-1,-1,-1
2013213006510,2,9,0,7,0,8,0,0,0,0,3,1,2,1,9,1560,2,9,7,3
2013213006513,1,9,0,9,0,6,0,0,0,0,1,1,6,2,6,1896,2,9,5,3
2013213006513,2,9,0,18,0,8,0,0,0,0,1,1,6,1,6,-1,-1,-1,6,1
2013213006516,1,9,0,13,0,8,0,0,7,4,1,1,6,1,4,2979,1,12,1,1
2013213006516,2,9,0,18,0,2,0,0,7,0,4,1,1,1,-1,2400,2,-1,1,1
2013213006516,3,8,0,9,0,8,0,0,7,0,3,1,1,1,9,1998,2,13,1,1
2013213006520,1,9,0,18,0,1,0,0,0,0,1,1,1,2,5,1248,2,5,10,1
2013213006520,2,9,0,3,0,1,0,0,0,0,2,1,1,2,4,1299,1,12,10,1
2013213006520,3,9,0,3,0,1,0,0,0,0,2,1,1,1,5,1149,1,-1,3,1
2013213006522,1,9,0,18,0,8,0,0,0,0,1,1,2,1,6,1796,1,4,2,1
2013213006522,2,9,0,9,0,4,0,0,0,0,3,1,2,2,8,1582,2,2,5,1
2013213006525,1,9,0,5,0,4,0,0,0,0,0,1,6,3,-1,1587,1,6,-1,-1
2013213006530,1,9,0,18,0,0,0,0,0,0,1,1,6,2,6,1591,1,2,9,1
2013213006530,2,9,0,3,0,0,0,0,0,0,2,1,6,2,8,1591,1,2,6,1
2013213006530,3,9,0,3,0,0,0,0,0,0,2,1,6,2,8,1598,1,8,7,1
2013213006531,1,9,0,1,9,6,0,0,0,0,2,1,6,1,-1,1598,1,5,-1,-1
2013213006532,1,9,0,9,0,4,0,0,0,0,1,1,2,1,6,1242,1,5,2,1
2013213006532,2,1,0,18,0,8,0,0,0,0,3,1,2,1,9,-1,-1,-1,1,1
2013213006533,1,9,0,9,0,6,0,0,0,0,1,1,6,1,4,998,1,1,7,1
2013213006533,2,1,0,18,0,8,0,0,0,0,3,1,2,1,7,-1,-1,-1,3,3
2013213006534,1,19,0,13,0,8,0,0,1,11,4,1,1,1,7,2198,2,5,2,1
2013213006534,2,9,0,9,0,5,0,0,0,0,3,1,6,2,8,1124,1,8,5,3
2013213006535,1,9,0,18,0,0,0,0,1,11,1,1,6,1,7,1587,1,11,6,1
2013213006535,2,19,0,2,0,0,0,0,0,0,3,1,2,1,5,2198,2,2,4,2
2013213006538,1,9,0,4,0,2,0,0,0,0,2,1,6,1,6,1997,2,8,6,1
2013213006538,2,1,0,18,0,2,0,0,0,0,1,1,6,1,7,-1,-1,-1,6,1
2013213006539,1,9,0,7,0,6,0,0,0,0,3,1,6,2,7,2987,2,1,10,1
2013213006539,2,9,0,18,0,8,0,0,0,0,1,1,6,1,6,-1,-1,-1,2,1
2013213006546,1,9,0,18,0,0,0,0,0,0,1,1,6,1,5,1360,1,12,8,1
2013213006551,1,9,0,18,0,8,0,0,0,0,1,1,2,1,5,2171,1,12,5,1
2013213006551,2,9,0,4,0,8,0,0,0,0,2,1,6,2,7,1896,2,3,4,2
2013213006566,1,9,0,16,0,0,0,0,0,0,3,1,1,2,8,-1,-1,-1,10,2
2013213006567,1,9,0,9,0,6,0,0,0,0,3,1,3,2,7,1896,2,14,2,1
2013213006567,2,9,0,18,0,8,0,0,0,0,1,1,1,2,7,1149,1,-1,5,1
2013213006568,1,9,0,9,0,8,0,0,0,0,3,1,6,2,7,1799,1,3,6,1
2013213006568,2,9,0,18,0,8,0,0,0,0,1,1,6,2,6,1242,1,-1,7,1
2013213006570,1,9,0,9,0,8,0,0,0,0,3,1,6,1,6,1364,1,6,1,1
2013213006570,2,19,0,18,0,8,0,0,0,0,1,1,2,1,8,1753,2,7,1,1
2013213006573,1,9,0,18,0,8,0,0,0,0,4,1,2,1,8,1998,1,9,4,1
2013213006573,2,9,0,9,0,6,0,0,0,0,4,1,6,2,7,1598,1,10,7,3
2013213006575,1,20,0,18,0,0,0,0,0,0,1,1,1,1,8,2298,2,2,8,1
2013213006575,2,20,0,4,0,0,0,0,0,0,2,1,1,1,8,-1,-1,-1,-1,-1
2013213006575,3,20,0,4,0,0,0,0,0,0,2,1,6,1,9,-1,-1,-1,4,1
2013213006579,1,9,0,18,0,2,0,0,0,0,1,1,6,2,7,1995,2,-1,-1,-1
2013213006579,2,9,0,4,0,2,0,0,0,0,2,1,6,2,7,1242,1,11,5,1
2013213006579,3,9,0,4,0,2,0,0,0,0,2,1,6,2,7,1242,1,1,2,1
2013213006579,4,9,0,3,0,2,0,0,0,0,2,1,6,1,6,1364,1,9,6,1
2013213006580,1,9,0,5,0,0,0,0,0,0,4,1,6,2,10,1998,1,13,7,1
2013213006580,2,9,0,18,0,0,0,0,0,0,3,1,3,1,7,1149,1,9,2,1
2013213006585,1,9,0,18,0,1,0,0,0,0,1,1,6,1,5,1587,1,4,3,1
2013213006585,2,9,0,4,0,1,0,0,0,0,2,1,6,2,6,999,1,7,2,1
2013213006585,3,9,0,4,0,1,0,0,0,0,2,1,6,2,9,1598,1,10,3,1
2013213006586,1,9,0,16,0,1,0,0,0,0,1,1,6,1,10,2497,2,5,8,1
2013213006586,2,9,0,10,0,1,0,0,0,0,1,1,2,1,9,1999,1,7,10,1
2013213006588,1,3,0,4,0,1,1,0,0,0,0,1,6,1,5,124,1,1,5,3
2013213006591,1,9,0,17,0,0,1,0,1,10,1,1,1,2,6,1997,2,8,1,1
2013213006607,1,9,0,9,0,6,0,0,0,0,1,1,2,2,8,1995,2,9,7,1
2013213006607,2,9,0,18,0,8,0,0,0,0,4,1,2,2,8,1499,2,-1,3,1
2013213006608,1,9,0,18,0,0,0,0,0,0,1,1,6,1,-1,-1,-1,-1,-1,-1
2013213006617,1,21,1,4,0,1,1,0,0,0,1,1,1,1,8,12777,2,5,9,1
2013213006617,2,9,0,10,0,1,0,0,0,0,2,1,1,2,8,1360,1,9,2,1
2013213006617,3,21,1,17,0,1,0,0,0,0,3,1,1,1,7,12580,2,7,-1,-1
2013213006619,1,9,0,9,0,1,0,0,0,0,2,1,1,1,4,1199,1,11,6,1
2013213006619,2,9,0,18,0,1,1,0,0,0,1,1,6,1,6,1896,2,7,-1,-1
2013213006620,1,9,0,1,0,6,0,0,0,0,2,1,6,2,5,1390,1,4,7,1