Accident_Index,Vehicle_Reference,Vehicle_Type,Towing_and_Articulation,Vehicle_Manoeuvre,Vehicle_Location-Restricted_Lane,Junction_Location,Skidding_and_Overturning,Hit_Object_in_Carriageway,Vehicle_Leaving_Carriageway,Hit_Object_off_Carriageway,1st_Point_of_Impact,Was_Vehicle_Left_Hand_Drive?,Journey_Purpose_of_Driver,Sex_of_Driver,Age_Band_of_Driver,Engine_Capacity_(CC),Propulsion_Code,Age_of_Vehicle,Driver_IMD_Decile,Driver_Home_Area_Type
201322C304038,2,9,0,9,0,6,0,0,0,0,3,1,6,2,4,1242,1,12,4,2
201322C304039,1,9,0,4,0,0,0,0,0,0,1,1,6,1,8,1800,1,18,3,1
201322C304039,2,9,0,4,0,0,0,0,0,0,2,1,6,1,6,1242,1,12,9,1
201322C304045,1,9,0,18,0,0,0,0,0,0,1,1,6,3,-1,-1,-1,-1,-1,-1
201322C304051,1,9,0,9,0,5,5,0,0,0,4,1,6,1,4,400,2,-1,3,1
201322C304073,1,9,0,18,0,2,0,0,0,0,1,1,6,1,9,-1,-1,-1,8,1
201322C304080,1,5,0,7,0,2,1,0,7,7,1,1,2,1,7,670,1,-1,8,1
201322C304088,1,9,0,17,0,0,0,0,0,0,1,1,6,1,5,1229,1,2,9,3
201322C304088,2,9,0,15,0,0,0,0,7,0,1,1,6,1,8,1995,2,-1,9,3
201322C304102,1,9,0,18,0,0,0,0,0,0,1,1,6,1,5,1389,1,18,7,3
201322C304102,2,5,0,3,0,0,0,0,0,0,2,1,2,1,7,805,1,4,10,2
201322C304108,1,19,0,18,0,4,0,0,0,0,4,1,1,1,8,2496,2,14,5,1
201322C304108,2,21,1,18,0,3,0,0,0,0,3,2,1,1,5,-1,-1,-1,-1,-1
201322C304110,1,9,0,18,0,0,1,0,1,4,1,1,6,1,10,1229,1,7,4,1
201322C304116,1,9,0,14,0,8,0,0,0,0,1,1,6,1,11,1991,2,4,-1,-1
201322C304116,2,9,0,5,0,6,0,0,0,0,3,1,6,2,8,1896,2,10,6,1
201322C304119,1,9,0,1,0,5,0,0,0,0,2,1,6,2,6,1796,1,12,1,1
201322C304124,1,9,0,18,0,0,1,0,6,0,1,1,2,1,8,-1,-1,-1,9,2
201322C304124,2,9,0,18,0,0,1,0,0,0,1,1,2,1,7,2000,2,4,10,1
201322C304124,3,9,0,4,0,0,1,0,0,0,2,1,2,1,9,1796,2,-1,10,1
201322C304124,4,9,0,4,0,0,1,0,0,0,2,1,2,1,8,2179,2,-1,10,1
201322C304124,5,9,0,18,0,0,0,0,0,0,1,1,6,1,6,1596,1,9,4,1
201322C304135,1,9,0,16,0,6,5,10,0,0,4,1,6,1,5,1149,1,13,7,1
201322C304144,1,3,0,18,0,8,0,10,7,0,1,1,6,1,4,125,1,6,-1,-1
201322C304144,2,9,0,9,0,6,0,0,0,0,4,1,6,2,6,1124,1,12,2,1
201322C304180,1,9,0,18,0,0,5,10,1,10,1,1,1,1,8,1242,1,-1,7,3
201322C304181,1,9,0,5,0,1,0,0,0,0,1,1,6,1,6,1781,1,14,-1,-1
201322C304181,2,9,0,3,0,1,0,0,0,0,2,1,6,1,10,1984,1,12,5,1
201322C304191,1,9,0,18,0,8,0,0,0,0,0,1,6,3,-1,1242,1,12,-1,-1
201322C304191,2,9,0,18,0,8,0,0,0,0,2,1,6,2,8,1839,1,9,-1,-1
201322C304191,3,9,0,18,0,1,0,0,0,0,1,1,6,1,7,1396,1,10,3,1
201322C304195,1,9,0,18,0,1,0,0,0,0,1,1,2,1,5,2157,1,16,4,1
201322C304195,2,9,0,9,0,5,0,0,0,0,1,1,6,1,7,1199,1,12,9,1
201322C304196,1,9,0,10,0,8,0,0,0,0,3,1,1,2,6,2188,2,6,9,1
201322C304196,2,9,0,9,0,6,0,0,0,0,4,1,6,3,-1,1598,1,14,-1,-1
201322C304204,1,9,0,7,0,6,0,0,0,0,1,1,6,3,-1,-1,-1,-1,-1,-1
201322C304208,1,11,0,5,0,2,0,0,0,0,1,1,1,1,9,5883,2,11,4,1
201322C304214,1,1,0,18,0,0,0,0,1,0,2,1,2,1,4,-1,-1,-1,7,1
201322C304214,2,9,0,18,0,0,0,0,0,0,1,1,6,3,-1,-1,-1,-1,-1,-1
201322C304216,1,9,0,13,0,0,2,10,7,9,2,1,6,2,5,1998,1,9,6,1
201322C304216,2,9,0,13,0,0,0,0,0,0,1,1,2,1,6,1984,1,3,4,1
201322C304224,1,1,0,18,0,6,0,0,0,0,1,1,6,1,3,-1,-1,-1,8,1
201322C304224,2,9,0,18,0,8,0,0,0,0,3,1,6,1,6,1781,1,11,8,1
201322C304228,1,9,0,9,0,5,0,0,7,9,4,1,6,1,9,2231,2,1,10,2
201322C304228,2,9,0,18,0,1,1,0,0,0,1,1,6,1,8,1489,1,15,4,1
201322C304228,3,9,0,18,0,1,0,0,0,0,1,1,6,1,8,1870,2,12,9,1
201322C304252,1,9,0,18,0,0,0,0,0,0,1,1,6,2,6,5439,1,14,9,1
201322C304252,2,9,0,4,0,0,0,0,0,0,2,1,6,2,5,1951,2,9,8,1
201322C304257,1,4,0,14,0,1,0,0,7,0,1,1,6,1,5,398,1,19,9,3
201322C304257,2,9,0,9,0,5,0,0,0,0,3,1,6,1,5,1242,1,15,8,3
201322C304282,1,9,0,5,0,6,0,0,0,0,3,1,6,3,-1,-1,-1,-1,-1,-1
201322C304289,1,9,0,18,0,4,0,9,0,0,1,1,6,1,6,1997,1,14,-1,-1
201322C304308,1,3,0,18,0,2,0,0,0,0,3,1,1,2,5,124,1,2,5,1
201322C304308,2,1,0,18,0,6,0,0,0,0,1,1,6,1,5,-1,-1,-1,-1,-1
201322C304331,1,9,0,18,0,0,0,4,0,0,1,1,2,1,5,1242,1,7,9,2
201322C304331,2,9,0,2,0,0,0,0,0,0,2,1,6,1,7,1984,1,18,7,3
201322C304347,1,9,0,18,0,8,1,0,0,0,1,1,6,1,10,1242,1,13,5,2
201322C304347,2,9,0,10,0,8,0,0,0,0,2,1,6,2,7,-1,-1,-1,6,1
201322C304350,1,19,0,18,0,0,0,0,0,0,1,1,2,1,6,1598,2,-1,5,1
201322C304350,2,9,0,18,0,0,0,0,0,0,2,1,2,2,9,1998,1,7,7,3
201322C304361,1,9,0,18,0,0,0,0,0,0,1,1,6,1,10,2401,2,5,4,1
201322C304361,2,9,0,4,0,0,0,0,0,0,2,1,6,2,6,1596,1,10,5,3
201322C304370,1,1,0,9,0,8,1,0,0,0,3,1,2,1,7,-1,-1,-1,8,1
201322C304378,1,9,0,14,0,0,0,0,0,0,1,1,6,3,-1,2720,2,8,-1,-1
201322C304380,1,9,0,18,0,2,0,0,0,0,3,1,1,1,6,1248,2,1,-1,-1
201322C304406,1,11,0,18,0,0,0,0,0,0,1,1,1,3,-1,-1,-1,-1,-1,-1
201322C304413,1,3,0,18,0,1,1,10,1,0,4,1,6,1,4,124,1,4,-1,-1
201322C304417,1,9,0,16,0,1,0,0,0,0,1,1,6,2,7,2902,2,7,9,3
201322C304425,1,19,0,16,0,0,0,0,0,0,1,1,6,3,-1,-1,-1,-1,-1,-1
201322C304425,2,9,0,17,0,0,1,0,0,0,3,1,6,2,7,1968,2,5,-1,-1
201322C304451,1,1,0,18,0,0,0,0,0,0,1,1,6,1,7,-1,-1,-1,-1,-1
201322C304451,2,9,0,2,0,0,0,0,0,0,2,1,6,2,7,1388,1,15,5,1
201322C304454,1,9,0,18,0,1,0,0,0,0,1,1,6,1,10,1796,1,6,7,3
201322C304454,2,9,0,2,0,1,0,0,0,0,2,1,6,2,5,1229,1,8,8,1
201322C304469,1,9,0,3,0,0,0,0,0,0,2,1,1,1,7,2143,2,3,10,3
201322C304469,2,9,0,3,0,0,0,0,0,0,2,1,1,1,8,2400,2,2,5,1
201322C304469,3,9,0,18,0,0,1,0,0,0,1,1,1,1,8,1968,2,2,-1,3
201322C304469,4,9,0,18,0,0,1,0,0,0,1,1,2,1,5,1950,2,14,-1,3
201322C304469,5,9,0,18,0,0,1,0,0,0,1,1,1,2,7,1396,1,3,9,1
201322C304474,1,9,0,9,0,5,0,0,0,0,3,1,1,1,6,1968,2,5,10,3
201322C304474,2,9,0,13,0,8,0,10,7,0,1,1,2,1,6,-1,-1,-1,3,1
201322C304478,1,3,0,4,0,8,0,0,0,0,4,1,6,1,5,124,1,5,10,2
201322C304478,2,9,0,9,0,6,0,0,0,0,1,1,6,2,9,1596,1,-1,7,2
201322C304484,1,1,0,18,0,0,0,10,7,0,1,1,6,1,7,-1,-1,-1,4,1
201322C304489,1,9,0,17,0,0,5,0,1,4,4,1,6,2,4,1242,1,12,6,1
201322C304491,1,9,0,9,0,6,0,0,0,0,3,1,6,2,6,998,1,1,7,1
201322C304491,2,5,0,18,0,8,0,0,0,0,1,1,2,1,5,998,1,9,5,1
201322C304493,1,9,0,17,0,8,1,0,0,0,1,1,1,1,8,2987,2,4,10,1
201322C304493,2,9,0,16,0,8,0,0,0,0,1,1,6,1,8,2000,2,2,-1,-1
201322C304503,1,9,0,18,0,0,2,10,1,0,2,1,6,2,4,1240,1,10,6,2
201322C304513,1,9,0,18,0,8,0,0,0,0,1,1,6,1,4,1199,1,13,8,1
201322C304513,2,9,0,9,0,5,0,0,0,0,1,1,2,2,8,1339,1,2,8,3
201322C304519,1,9,0,18,0,1,0,0,0,0,2,1,6,1,8,1242,1,12,1,1
201322C304519,2,9,0,18,0,1,0,0,0,0,1,1,6,1,9,2290,1,5,9,3
201322C304529,1,19,0,7,0,2,0,0,0,0,1,1,1,1,9,2151,2,10,1,1
201322C304529,2,9,0,3,0,2,0,0,0,0,2,1,6,1,7,1590,1,16,8,1
201322C304540,1,9,0,9,0,6,0,0,0,0,1,1,6,2,-1,-1,-1,-1,-1,-1
201322C304541,1,9,0,7,0,6,0,0,0,0,1,1,6,1,9,-1,-1,-1,8,3
201322C304541,2,9,0,18,0,8,0,0,0,0,3,1,6,1,8,1995,1,8,7,3
201322C304546,1,9,0,9,0,8,0,0,0,0,4,1,6,1,6,1388,1,9,9,1
201322C304546,2,5,0,9,0,4,0,0,0,0,1,1,6,1,8,748,1,26,-1,-1
201322C304563,1,9,0,4,0,8,0,0,0,0,1,1,6,1,6,1198,1,8,6,3
201322C304563,2,9,0,18,0,8,0,0,0,0,1,1,6,1,11,-1,-1,-1,10,3
201322C304576,1,90,0,5,0,6,0,0,0,0,3,1,1,1,7,9290,2,3,2,1
201322C304576,2,9,0,5,0,8,0,0,0,0,1,1,6,1,4,1199,1,10,9,1
201322C304583,1,9,0,9,0,6,0,0,0,0,3,1,6,2,10,1242,1,7,3,1
201322C304583,2,9,0,18,0,1,0,0,0,0,1,1,6,1,4,1149,1,13,9,3
201322C304594,1,1,0,14,0,1,0,0,0,0,1,1,6,2,11,-1,-1,-1,7,1
201322C304594,2,8,0,1,0,5,0,0,0,0,2,1,1,1,6,1997,2,4,4,1
201322C304604,1,9,0,7,0,6,0,0,1,0,3,1,6,1,11,1590,1,21,9,3
201322C304604,2,9,0,18,0,1,0,0,0,0,4,1,2,1,8,1396,1,20,9,1
201322C304614,1,4,0,18,0,0,0,11,0,0,1,1,2,1,9,223,1,22,10,1
201322C304615,1,9,0,18,0,0,2,0,7,9,1,1,2,1,6,1329,1,4,10,2
201322C304616,1,2,0,17,0,8,0,10,1,9,1,1,2,2,5,49,1,6,9,3
201322C304620,1,9,0,17,0,0,0,0,0,0,1,1,1,2,7,998,1,7,3,1
201322C304620,2,9,0,16,0,0,0,0,0,0,1,1,6,2,9,998,1,3,7,3
201322C304620,3,9,0,16,0,0,0,0,0,0,3,1,1,1,8,-1,-1,-1,3,1
201322C304620,4,9,0,16,0,0,0,0,0,0,3,1,1,1,8,998,1,6,7,3
201322C304622,1,19,0,1,0,5,0,0,0,0,3,1,2,1,7,2151,2,9,7,3
201322C304622,2,9,0,18,0,8,0,0,0,0,3,1,6,1,9,1390,1,13,7,3
201322C304626,1,9,0,3,0,0,0,0,0,0,2,1,6,1,8,2401,2,8,8,3
201322C304626,2,9,0,16,0,0,0,0,0,0,1,1,6,1,11,998,1,11,5,1
201322C304626,3,9,0,3,0,0,0,0,0,0,2,1,6,3,-1,-1,-1,-1,-1,-1
201322C304627,1,3,0,17,0,0,0,10,1,0,4,1,6,1,4,-1,-1,-1,9,2
201322C304637,1,9,0,18,0,8,0,0,0,0,4,1,6,1,6,3456,8,3,-1,-1
201322C304637,2,9,0,18,0,8,0,0,0,0,3,1,2,2,9,1997,1,12,8,3
201322C304643,1,9,0,18,0,8,0,0,0,0,1,1,2,2,8,1242,1,2,10,1
201322C304643,2,9,0,9,8,6,0,0,0,0,1,1,2,2,6,3200,2,8,6,3
201322C304647,1,9,0,6,0,8,0,0,0,0,3,1,6,1,10,1086,1,5,8,1
201322C304647,2,1,0,13,0,8,0,0,0,0,1,1,6,1,7,-1,-1,-1,6,1
201322C304648,1,20,0,18,0,2,0,0,0,0,1,1,1,1,8,6692,2,5,-1,-1
201322C304648,2,9,0,18,0,1,1,0,0,0,1,1,2,2,5,-1,-1,-1,7,3
201322C304652,1,9,0,2,0,0,0,0,0,0,2,1,6,1,7,1905,2,22,8,2
201322C304652,2,9,0,18,0,0,0,4,0,0,1,1,6,1,7,1968,2,1,5,3
201322C304654,1,9,0,18,0,0,0,0,7,1,1,1,2,1,5,-1,-1,-1,4,1
201322C304654,2,19,0,9,0,0,0,0,7,0,1,1,1,1,6,5193,2,7,10,1
201322C304661,1,9,0,9,0,5,0,0,0,0,3,1,6,2,8,1390,1,1,4,1
201322C304661,2,3,0,13,0,8,0,0,0,0,4,1,6,1,5,124,1,-1,5,1
201322C304662,1,9,0,18,0,8,0,0,0,0,3,1,6,1,7,1248,2,6,-1,-1
201322C304662,2,9,0,9,0,5,0,0,7,0,1,1,6,1,4,1199,1,12,3,1
201322C304667,1,1,0,18,0,1,0,0,0,0,1,1,2,2,7,-1,-1,-1,10,1
201322C304667,2,9,0,9,0,6,0,0,0,0,1,1,2,2,5,1149,1,6,4,1
201322C304671,1,9,0,4,0,0,0,0,0,0,4,1,6,2,6,1997,2,4,9,3
201322C304677,1,9,0,9,0,6,0,0,0,0,3,1,6,1,11,1797,8,3,6,3
201322C304677,2,3,0,18,0,1,1,0,0,0,1,1,6,1,4,124,1,-1,3,1
201322C304704,1,9,0,17,0,0,2,0,1,9,4,1,2,1,7,1198,1,8,7,1
201322C304715,1,21,1,18,0,0,0,0,0,0,3,1,1,1,8,11705,2,10,5,3
201322C304715,2,19,0,4,0,0,0,0,0,0,3,1,1,1,7,-1,-1,-1,-1,-1
201322C304730,1,9,0,18,0,8,0,0,0,0,1,1,6,1,5,-1,-1,-1,6,1
201322C304730,2,9,0,7,0,6,0,0,0,0,3,1,1,1,8,-1,-1,-1,9,3
201322C304731,1,9,0,18,0,4,0,0,0,0,3,1,6,1,10,1596,1,11,4,1
201322C304731,2,1,0,18,0,8,0,0,0,0,4,1,2,1,8,-1,-1,-1,4,1
201322C304744,1,9,0,16,0,0,1,0,7,4,1,1,6,2,6,1242,1,2,5,2
201322C304750,1,9,0,18,0,0,0,0,0,0,0,1,6,3,-1,1461,2,3,-1,-1
201322C304750,2,9,0,18,0,0,0,10,0,0,4,1,6,1,6,-1,-1,-1,5,1
201322C304764,1,9,0,18,0,0,2,0,7,10,1,1,6,1,6,1870,2,8,9,3
201322C304767,1,9,0,18,0,0,0,0,0,0,1,1,6,1,7,1398,1,13,5,1
201322C304768,1,3,0,18,0,0,1,0,0,0,4,1,2,1,5,124,1,1,8,1
201322C304769,1,9,0,16,0,6,0,0,7,4,1,1,6,1,5,1124,1,8,7,1
201322C400004,1,9,0,16,0,1,1,0,0,0,3,1,6,2,4,1397,1,12,1,1
201322C400004,2,9,0,17,0,2,0,0,7,0,3,1,6,2,5,1149,1,12,7,3
201322C400013,1,3,0,18,0,0,0,4,0,0,4,1,6,1,4,-1,-1,-1,6,3
201322C400013,2,9,0,2,0,0,0,0,0,0,3,1,6,2,8,1995,2,9,5,2
201322C400017,1,9,0,18,0,0,0,0,0,0,1,1,6,1,9,1761,1,13,3,1
201322C400017,2,9,0,3,0,0,0,0,0,0,2,1,6,2,9,1598,1,4,5,3
201322C400017,3,9,0,3,0,0,0,0,0,0,2,1,6,2,5,1868,2,12,5,1
201322C400018,1,21,0,13,0,0,0,0,0,0,4,1,1,3,-1,10837,2,1,6,1
201322C400018,2,9,0,18,0,0,0,0,0,0,3,1,6,2,6,1896,2,6,6,1
201322C400019,1,9,0,2,0,0,0,0,0,0,4,1,6,2,8,1399,1,2,5,1
201322C400019,2,9,0,1,0,0,0,0,0,0,2,1,6,3,8,1560,2,1,5,1
201322C400027,1,9,0,13,0,8,0,0,0,0,1,1,6,1,7,1390,1,9,7,1
201322C400027,2,9,0,9,0,5,0,0,0,0,3,1,6,2,7,1598,1,6,6,1
201322C400064,1,9,0,18,0,0,2,0,1,1,4,1,6,1,6,2494,1,13,6,1
201322C400081,1,4,0,18,0,8,1,0,0,0,3,1,6,1,4,400,1,25,7,3
201322C400081,2,9,0,5,0,8,0,0,0,0,0,1,6,1,5,-1,-1,-1,-1,-1
201322C400257,1,9,0,9,0,6,0,0,0,0,4,1,6,2,6,1363,2,11,4,1
201322D300075,1,9,0,17,0,0,0,0,1,4,1,1,6,2,7,1389,1,14,1,1
201322D300076,1,9,0,18,0,0,0,0,0,0,4,1,6,1,10,1896,2,8,7,1
201322D300147,1,9,0,18,0,6,0,0,3,4,1,1,6,1,11,998,1,6,7,1
201322D300150,1,9,0,5,0,6,0,0,0,0,1,1,6,1,11,1598,1,5,8,3
201322D300150,2,9,0,17,0,8,0,0,0,0,4,1,6,2,9,-1,-1,-1,5,1
201322D300164,1,1,0,3,0,1,0,0,0,0,2,1,2,2,7,-1,-1,-1,10,1
201322D300164,2,9,0,5,0,4,0,0,0,0,1,1,6,2,8,998,1,11,5,1
201322D300168,1,9,0,18,0,0,0,0,0,0,1,1,6,1,5,1797,1,13,7,3
201322D300186,1,9,0,13,0,0,0,0,0,0,1,1,1,1,9,1598,1,13,6,1
201322D300186,2,1,0,18,0,0,0,0,0,0,2,1,2,1,10,-1,-1,-1,5,1
201322D300207,1,1,0,9,0,8,0,0,0,0,2,1,6,1,4,-1,-1,-1,10,2
201322D300207,2,9,0,9,0,8,0,0,0,0,1,1,6,1,8,1968,2,8,9,1
201322D300214,1,9,0,16,0,0,0,0,0,0,1,1,6,2,9,1397,1,5,6,3
201322D300214,2,9,0,17,0,0,1,0,0,0,1,1,6,2,9,1299,1,10,3,1
201322D300226,1,21,0,2,0,0,0,0,0,0,0,1,1,1,6,11705,2,7,7,1
201322D300226,2,9,0,18,0,0,0,0,0,0,4,1,6,3,-1,-1,-1,-1,-1,-1
201322D300230,1,19,0,18,0,8,1,10,2,2,1,1,6,1,4,1998,2,7,7,1
201322D300255,1,9,0,18,0,1,0,0,0,0,1,1,6,2,10,2967,1,9,5,1
201322D300255,2,1,0,10,0,8,0,0,0,0,2,1,6,1,6,-1,-1,-1,-1,-1
201322D300271,1,9,0,5,0,6,0,0,0,0,3,1,6,2,7,1796,1,12,4,1
201322D300271,2,9,0,18,0,1,0,0,0,0,1,1,2,1,8,1686,2,4,6,2
201322D300273,1,21,1,11,0,1,0,0,0,0,4,1,1,1,8,12900,2,2,3,3
201322D300273,2,9,0,12,0,6,0,0,0,0,3,1,2,2,7,-1,-1,-1,7,3
201322D300273,3,9,0,18,0,1,0,0,0,0,4,1,2,1,8,1560,2,9,8,1
201322D300287,1,19,0,2,0,0,0,0,0,0,2,1,1,1,5,-1,-1,-1,2,1
201322D300287,2,19,0,18,0,0,0,4,7,0,1,1,6,1,7,-1,-1,-1,5,3
201322D300307,1,9,0,3,0,0,0,0,0,0,3,1,6,1,9,3200,2,12,7,1
201322D300307,2,9,0,18,0,0,1,0,0,0,4,1,6,1,7,2495,2,9,9,3
201322D300307,3,9,0,18,0,0,1,0,0,0,1,1,6,1,9,1968,2,4,8,1
201322D300322,1,9,0,18,0,0,0,0,0,0,1,1,6,1,7,1400,1,13,2,1
201322D300322,2,90,0,18,0,0,5,0,0,0,2,1,6,2,7,-1,-1,-1,-1,-1
201322D300353,1,2,0,18,0,0,1,0,0,0,3,1,2,1,4,49,1,12,9,3
201322D300380,1,9,0,17,0,1,0,0,0,0,1,1,6,1,10,1995,2,1,8,3
201322D300380,2,9,0,4,0,1,0,0,0,0,2,1,6,1,4,1995,2,6,8,1
201322D300383,1,21,1,12,0,7,0,0,0,0,1,2,1,1,8,-1,-1,-1,-1,-1
201322D300383,2,9,0,18,0,7,0,0,0,0,4,1,1,2,7,1994,1,5,8,1
201322D300395,1,9,0,18,0,8,0,10,8,10,1,1,6,3,-1,1248,2,5,5,1
201322D300395,2,9,0,18,0,1,0,0,0,0,0,1,1,2,6,-1,-1,-1,-1,-1
201322D300403,1,9,0,18,0,0,0,0,0,0,4,1,6,3,-1,2987,2,6,-1,-1
201322D300415,1,19,0,18,0,2,0,0,0,0,4,1,1,1,-1,-1,-1,-1,-1,-1
201322D300416,1,11,0,18,0,4,0,0,0,0,0,1,1,1,7,-1,-1,-1,-1,-1
201322D300441,1,9,0,5,0,4,0,0,0,0,1,1,2,2,4,1149,1,11,9,2
201322D300441,2,9,0,4,0,4,0,0,0,0,2,1,6,2,5,-1,-1,-1,-1,-1
201322D300452,1,19,0,11,0,0,0,0,0,0,1,1,1,1,7,2300,2,7,-1,-1
201322D300452,2,1,0,16,0,0,0,0,0,0,2,1,2,1,9,-1,-1,-1,5,1
201322D300456,1,19,0,16,0,1,0,0,0,0,1,1,1,1,6,1998,2,7,7,2
201322D300456,2,9,0,10,0,1,0,0,0,0,2,1,6,2,8,-1,-1,-1,6,2
201322D300466,1,9,0,18,0,0,0,4,0,0,1,1,2,1,8,1124,1,15,8,3
201322D300466,2,19,0,2,0,0,0,0,0,0,2,1,1,1,7,2148,2,5,9,1
201322D300484,1,9,0,18,0,1,0,0,0,0,4,1,6,1,8,1783,1,12,10,1
201322D300484,2,9,0,5,0,6,0,0,0,0,1,1,6,1,6,1598,2,2,3,1
201322D300494,1,9,0,4,0,0,1,0,4,6,1,1,2,2,6,1364,2,4,5,1
201322D300494,2,9,0,4,0,0,0,0,0,0,2,1,2,1,8,2000,2,2,-1,-1
201322D300508,1,9,0,17,0,0,0,4,0,0,1,1,6,2,9,1951,2,10,7,1
201322D300508,2,9,0,2,0,0,0,4,0,0,2,1,6,1,8,1686,2,4,-1,-1
201322D300508,3,9,0,2,0,0,0,4,0,0,2,1,6,1,10,1560,2,7,9,3
201322D300508,4,9,0,2,0,0,0,4,0,0,2,1,6,1,11,1994,2,15,9,1
201322D300516,1,9,0,1,0,0,0,10,7,2,3,1,6,2,7,1598,1,11,5,1
201322D300519,1,19,0,17,0,0,2,10,1,0,1,1,1,1,7,2402,2,6,3,1
201322D300519,2,9,0,4,0,0,0,0,0,0,2,1,6,2,8,2231,2,5,9,3
201322D300537,1,9,0,4,0,0,1,0,2,10,2,1,6,1,7,1995,2,6,1,1
201322D300537,2,9,0,4,0,0,1,0,0,0,1,1,6,2,5,1199,1,12,3,1
201322D300537,3,9,0,4,0,0,1,0,7,10,1,1,6,1,5,1396,1,11,7,1
201322D300551,1,9,0,16,0,1,1,4,0,0,1,1,3,1,7,1399,2,2,2,1
201322D300551,2,9,0,2,0,1,0,0,0,0,2,1,6,1,6,1364,1,6,3,1
201322D300551,3,9,0,16,0,1,1,4,0,0,1,1,3,1,9,1998,1,13,-1,-1
201322D300551,4,9,0,2,0,1,0,0,0,0,2,1,6,1,9,1761,1,16,3,1
201322D300552,1,9,0,4,0,0,1,0,0,0,2,1,6,1,5,1596,1,1,8,1
201322D300552,2,9,0,4,0,0,1,0,1,1,1,1,6,2,5,1587,1,7,4,1
201322D300558,1,19,0,5,0,6,0,0,0,0,1,1,1,1,6,2500,2,6,-1,-1
201322D300558,2,9,0,5,0,6,0,0,0,0,1,1,2,1,6,1560,2,6,8,1
201322D300558,3,9,0,18,0,1,0,0,0,0,1,1,6,1,9,-1,-1,-1,6,1
201322D300579,1,4,0,9,0,5,0,0,0,0,1,1,6,1,6,1157,1,15,3,1
201322D300579,2,9,0,9,0,6,0,0,0,0,1,1,6,1,4,1299,1,12,3,1
201322D300583,1,9,0,18,0,8,1,7,0,0,1,1,6,1,4,-1,-1,-1,7,3
201322D300583,2,9,0,5,0,6,1,7,0,0,1,1,6,1,6,1686,2,13,9,1
201322D300587,1,9,0,4,0,1,0,0,0,0,1,1,6,2,10,2179,2,6,6,3
201322D300587,2,9,0,3,0,1,0,0,0,0,2,1,6,2,7,1596,1,2,6,1
201322D300601,1,9,0,18,0,0,0,0,0,0,1,1,6,1,4,1596,1,7,9,1
201322D300601,2,2,0,18,0,0,0,0,0,0,2,1,2,1,4,49,1,2,8,1
201322D300607,1,9,0,17,0,0,1,0,0,0,1,1,6,2,6,1587,1,10,5,1
201322D300607,2,9,0,3,0,0,0,0,0,0,2,1,6,2,9,1299,1,17,6,1
201322D300607,3,9,0,3,0,0,0,0,0,0,2,1,6,2,7,1299,1,7,3,1
201322D300607,4,9,0,3,0,0,0,0,0,0,2,1,6,2,10,796,1,12,2,1
201322D300614,1,9,0,17,0,8,1,10,7,0,1,1,2,2,7,1360,1,6,2,1
201322D300619,1,9,0,17,0,0,2,6,0,0,4,1,2,2,6,1753,2,6,7,1
201322D300619,2,9,0,17,0,0,2,6,7,9,1,1,2,2,5,1149,1,12,-1,-1
201322D300621,1,3,0,16,0,0,1,0,1,0,4,1,2,1,8,124,1,2,3,1
201322D300621,2,9,0,16,0,0,1,0,1,0,1,1,2,2,7,1753,2,5,7,3
201322D300621,3,9,0,16,0,0,1,0,0,0,1,1,2,1,5,1596,1,13,3,1
201322D300621,4,9,0,16,0,0,1,0,0,0,1,1,2,1,7,1388,1,10,4,1
201322D300622,1,9,0,18,0,0,1,0,1,9,1,1,6,1,6,2987,2,3,3,1
201322D300622,2,9,0,18,0,0,1,0,0,0,1,1,6,1,5,-1,-1,-1,9,1
201322D300626,1,9,0,12,0,0,1,0,4,6,1,1,1,2,8,1398,2,5,4,1
201322D300632,1,1,0,18,0,0,0,0,0,0,3,1,6,1,6,-1,-1,-1,5,1
201322D300632,2,9,0,13,0,0,0,0,0,0,4,1,6,1,11,2979,1,12,10,1
201322D300662,1,5,0,17,0,8,0,0,0,0,1,1,6,1,5,748,1,17,9,1
201322D300662,2,9,0,9,0,6,0,0,0,0,1,1,6,2,6,1589,1,14,6,1
201322D300663,1,9,0,9,0,6,0,0,0,0,1,1,6,1,5,1600,1,15,2,1
201322D300663,2,20,0,18,0,8,0,0,0,0,4,1,1,1,9,4250,2,2,2,1
201322D300670,1,9,0,4,0,0,0,0,0,0,1,1,6,2,5,1461,2,4,7,1
201322D300670,2,9,0,3,0,0,0,0,0,0,2,1,6,2,5,1590,1,13,10,1
201322D300670,3,9,0,3,0,0,0,0,0,0,2,1,6,2,7,1598,1,6,-1,-1
201322D300683,1,9,0,14,0,4,0,0,0,0,1,1,6,3,-1,2184,2,8,6,3
201322D300683,2,9,0,8,0,4,0,0,0,0,2,1,6,2,8,1396,1,13,4,1
201322D300710,1,9,0,18,0,4,0,0,0,0,1,1,6,2,8,1596,1,5,7,1
201322D300710,2,9,0,9,0,8,0,0,0,0,2,1,6,1,6,1896,2,13,4,1
201322D300711,1,9,0,16,0,0,1,0,7,1,1,1,6,1,5,1388,1,10,9,1