Accident_Index,Vehicle_Reference,Vehicle_Type,Towing_and_Articulation,Vehicle_Manoeuvre,Vehicle_Location-Restricted_Lane,Junction_Location,Skidding_and_Overturning,Hit_Object_in_Carriageway,Vehicle_Leaving_Carriageway,Hit_Object_off_Carriageway,1st_Point_of_Impact,Was_Vehicle_Left_Hand_Drive?,Journey_Purpose_of_Driver,Sex_of_Driver,Age_Band_of_Driver,Engine_Capacity_(CC),Propulsion_Code,Age_of_Vehicle,Driver_IMD_Decile,Driver_Home_Area_Type
201322D302131,1,9,0,9,0,5,0,0,0,0,4,1,6,2,8,1997,2,6,9,3
201322D302131,2,1,0,18,0,8,0,0,0,0,1,1,6,1,7,-1,-1,-1,10,2
201322D302145,1,9,0,18,0,1,0,0,0,0,2,1,6,3,-1,-1,-1,-1,-1,-1
201322D302145,2,9,0,4,0,1,1,0,0,0,2,1,6,1,6,1598,1,8,9,1
201322D302145,3,9,0,4,0,1,0,0,0,0,1,1,6,2,6,1396,1,14,5,1
201322D302176,1,9,0,18,0,0,1,0,0,0,1,1,6,1,5,1272,1,19,-1,-1
201322D302176,2,9,0,4,0,0,0,0,0,0,1,1,2,2,8,1968,2,3,4,1
201322D302181,1,9,0,7,0,5,0,0,0,0,0,1,6,3,-1,-1,-1,-1,-1,-1
201322D302181,2,9,0,4,0,8,0,0,0,0,2,1,6,1,4,3222,2,10,1,1
201322D302181,3,19,0,18,0,8,0,0,0,0,1,1,1,1,9,1560,2,4,-1,-1
201322D302196,1,1,0,18,0,8,0,0,0,0,4,1,6,1,7,-1,-1,-1,4,1
201322D302196,2,9,0,18,0,4,0,0,0,0,1,1,6,2,8,2000,2,7,7,3
201322D302198,1,19,0,18,0,0,0,0,0,0,1,1,1,1,8,2477,2,1,-1,3
201322D302198,2,9,0,18,0,0,0,0,0,0,1,1,6,1,11,1332,1,1,8,2
201322D302215,1,9,0,5,0,6,0,0,0,0,1,1,6,1,10,2143,2,1,8,1
201322D302215,2,9,0,18,0,8,0,0,1,0,3,1,6,1,11,1339,1,6,-1,-1
201322D302222,1,9,0,18,0,8,0,0,0,0,1,1,1,2,8,1973,1,16,3,1
201322D302222,2,9,0,9,0,6,0,0,0,0,1,1,3,2,7,1598,1,10,6,1
201322D302228,1,9,0,18,0,0,0,0,0,0,3,1,6,2,6,1596,1,8,5,1
201322D302228,2,1,0,5,0,0,0,0,0,0,1,1,6,1,4,-1,-1,-1,1,1
201322D302236,1,9,0,5,0,0,0,0,0,0,4,1,3,1,10,1560,2,1,7,1
201322D302240,1,9,0,5,0,4,0,0,0,0,0,1,6,3,-1,-1,-1,-1,-1,-1
201322D302240,2,9,0,18,0,8,0,0,0,0,1,1,6,1,10,1896,2,4,2,1
201322D302240,3,9,0,18,0,8,0,0,0,0,2,1,6,1,7,1968,2,3,2,1
201322D302247,1,19,0,9,0,6,0,0,1,2,4,1,1,1,8,2287,2,-1,8,1
201322D302247,2,9,0,18,0,8,0,0,0,0,1,1,2,1,8,1910,2,7,9,3
201322D302249,1,4,0,14,0,8,0,0,0,0,1,1,6,1,5,125,1,-1,6,2
201322D302249,2,9,0,9,0,6,0,0,0,0,1,1,6,1,4,1242,1,11,10,1
201322D302257,1,19,0,18,0,0,0,0,0,0,1,1,6,1,6,2300,2,14,5,1
201322D302257,2,9,0,4,0,0,0,0,0,0,2,1,6,2,7,1388,1,4,6,2
201322D302260,1,9,0,18,0,0,0,0,0,0,1,1,6,2,8,1798,1,7,6,2
201322D302260,2,19,0,3,0,0,0,0,0,0,2,1,6,1,8,2151,2,12,7,1
201322D302264,1,9,0,1,6,8,0,0,0,0,2,1,6,1,6,1686,2,10,8,1
201322D302270,1,9,0,18,0,0,0,0,1,2,1,1,6,2,7,1389,1,15,3,1
201322D302272,1,3,0,18,0,0,1,0,0,0,3,1,6,1,4,124,1,1,5,1
201322D302274,1,1,0,18,9,1,0,0,0,0,1,1,4,1,3,-1,-1,-1,7,1
201322D302274,2,9,0,5,0,6,0,0,0,0,1,1,6,1,8,1364,1,8,2,1
201322D302281,1,5,0,3,0,1,0,0,0,0,2,1,6,1,7,1050,1,4,2,1
201322D302281,2,9,0,5,0,1,0,0,0,0,1,1,6,1,9,2179,2,10,2,1
201322D302282,1,9,0,5,0,6,0,0,0,0,1,1,6,2,5,1299,1,11,4,1
201322D302282,2,5,0,18,0,1,0,0,0,0,1,1,6,1,7,599,1,11,3,1
201322D302290,1,5,0,13,0,1,0,0,0,0,4,1,6,1,7,996,1,10,6,1
201322D302290,2,9,0,9,0,8,0,0,0,0,3,1,1,2,7,1968,2,2,-1,-1
201322D302294,1,9,0,18,0,0,0,0,0,0,1,1,6,2,6,1596,1,12,8,1
201322D302294,2,9,0,3,0,0,0,0,0,0,2,1,6,1,6,2204,2,7,6,1
201322D302301,1,19,0,18,0,0,0,0,1,2,1,1,6,1,5,1560,2,5,2,1
201322D302305,1,9,0,18,0,0,0,0,5,10,3,1,6,2,5,1124,1,11,-1,1
201322D302312,1,9,0,18,0,0,0,0,0,0,1,1,6,1,6,3956,1,11,8,1
201322D302312,2,9,0,3,0,0,0,0,0,0,2,1,2,2,7,1197,1,1,6,1
201322D302312,3,9,0,3,0,0,0,0,0,0,2,1,2,2,6,998,1,1,7,1
201322D302312,4,9,0,3,0,0,0,0,0,0,2,1,6,1,8,1968,2,6,5,1
201322D302314,1,3,0,3,0,1,0,0,0,0,2,1,6,1,5,125,1,6,6,3
201322D302314,2,9,0,4,0,1,0,0,0,0,1,1,6,1,6,1796,1,10,3,1
201322D302315,1,9,0,5,0,0,0,0,0,0,3,1,3,2,7,1586,1,10,3,1
201322D302315,2,9,0,18,0,0,0,0,0,0,1,1,6,1,7,1595,1,2,-1,-1
201322D302345,1,9,0,4,0,1,0,0,1,10,1,1,2,1,6,1229,1,1,6,1
201322D302345,2,21,0,18,0,2,0,0,0,0,0,1,1,3,-1,-1,-1,-1,-1,-1
201322D302349,1,9,0,13,0,8,0,0,0,0,3,1,6,1,5,2000,1,16,3,1
201322D302349,2,9,0,9,0,5,0,0,7,0,4,1,6,1,8,1986,2,5,10,1
201322D302349,3,9,0,18,0,8,0,0,0,0,0,1,6,3,6,1390,1,-1,-1,-1
201322D302364,1,9,0,18,0,0,0,0,1,0,1,1,6,2,10,1149,1,3,8,3
201322D302364,2,9,0,18,0,0,0,0,0,0,1,1,2,1,8,1390,1,12,1,1
201322D302364,3,9,0,2,0,0,0,0,0,0,3,1,6,3,-1,-1,-1,-1,-1,-1
201322D302365,1,5,0,16,0,0,0,0,1,0,1,1,6,1,8,599,1,6,3,1
201322D302372,1,16,0,3,0,0,0,0,0,0,0,1,6,2,7,-1,-1,-1,8,1
201322D302372,2,17,0,18,0,0,0,0,0,0,0,1,1,1,11,-1,-1,-1,8,3
201322D302383,1,19,0,11,0,0,0,0,0,0,0,1,6,1,7,2148,2,7,2,1
201322D302383,2,19,0,4,0,0,0,0,0,0,2,1,6,1,7,1968,2,1,4,1
201322D302383,3,19,0,4,0,0,0,0,4,6,1,1,6,1,7,1997,2,8,1,1
201322D302386,1,19,0,18,0,4,0,0,0,0,1,1,1,1,5,2287,2,1,8,3
201322D302386,2,9,0,3,0,1,0,0,0,0,2,1,6,2,6,1769,1,8,4,1
201322D302387,1,9,0,5,0,6,0,0,0,0,1,1,6,1,7,3824,1,9,9,1
201322D302387,2,9,0,18,0,8,5,0,7,10,1,1,2,2,4,1199,1,9,9,1
201322D302388,1,19,5,13,0,0,1,0,1,10,1,1,6,1,8,-1,-1,-1,7,3
201322D302391,1,9,0,18,0,0,0,0,0,0,1,1,1,1,7,1984,2,2,10,1
201322D302391,2,19,0,4,0,0,0,0,0,0,2,1,1,1,8,2402,2,5,6,3
201322D302391,3,9,0,3,0,0,0,0,0,0,2,1,6,1,6,1242,1,15,5,1
201322D302394,1,9,0,16,0,8,0,0,0,0,1,1,1,1,9,998,1,1,8,1
201322D302394,2,19,0,9,0,5,0,0,0,0,1,1,1,1,6,1598,2,2,-1,-1
201322D302404,1,9,0,18,0,8,0,0,0,0,4,1,6,1,7,1591,1,1,8,1
201322D302404,2,9,0,18,0,8,0,0,0,0,3,1,2,1,7,2198,1,13,4,1
201322D302405,1,9,0,13,0,8,1,0,0,0,1,1,6,1,9,1587,1,8,6,3
201322D302405,2,17,5,9,0,5,0,0,0,0,1,1,1,1,6,-1,2,11,9,1
201322D302418,1,9,0,5,0,6,0,0,0,0,1,1,6,2,4,1242,1,5,9,1
201322D302418,2,5,0,18,0,1,1,0,0,0,3,1,6,1,10,572,1,30,7,2
201322D302433,1,9,0,18,0,8,0,0,0,0,1,1,6,1,9,1995,2,4,8,1
201322D302433,2,19,0,5,0,6,0,0,0,0,1,1,2,1,8,-1,-1,-1,-1,-1
201322D302434,1,9,0,18,0,0,0,0,0,0,3,1,6,1,8,1248,1,2,-1,-1
201322D302434,2,9,0,2,0,0,0,0,0,0,4,1,6,1,7,1560,2,2,10,1
201322D302444,1,3,0,18,0,0,0,4,0,0,4,1,6,1,5,124,1,23,-1,-1
201322D302444,2,9,0,2,0,0,0,0,0,0,3,1,6,2,6,1998,1,15,1,1
201322D302456,1,9,0,7,0,6,0,0,0,0,1,1,1,2,7,1796,1,14,9,1
201322D302468,1,19,0,17,0,0,1,4,8,4,1,1,6,1,7,2198,2,1,8,1
201322D302468,2,9,0,2,0,0,0,0,0,0,2,1,6,1,5,1149,1,8,7,2
201322D302469,1,19,0,18,0,4,0,0,3,7,1,1,6,1,10,1686,2,9,5,1
201322D302473,1,9,0,18,0,0,0,0,0,0,2,1,1,1,7,1598,2,2,4,1
201322D302473,2,8,0,18,0,0,0,0,0,0,2,1,1,1,6,-1,-1,-1,1,1
201322D302473,3,19,0,18,0,0,1,0,0,0,1,1,1,1,6,1997,2,-1,7,2
201322D302475,1,9,0,18,0,0,1,0,0,0,1,1,2,2,7,1896,2,6,9,3
201322D302475,2,9,0,4,0,0,0,0,0,0,2,1,2,1,8,1995,2,2,9,1
201322D302475,3,19,0,4,0,0,0,0,0,0,2,1,1,1,9,1399,2,3,5,1
201322D302475,4,9,0,4,0,0,0,0,0,0,2,1,2,1,6,1248,2,6,2,1
201322D302494,1,9,0,12,0,3,0,0,0,0,3,1,6,2,6,1086,1,8,1,1
201322D302494,2,5,0,13,0,3,0,0,0,0,4,1,6,1,7,997,1,7,10,3
201322D302510,1,9,0,18,0,3,0,0,0,0,1,1,6,2,8,1988,1,12,1,1
201322D302510,2,9,0,11,0,3,0,0,0,0,4,1,6,2,5,1388,1,10,8,1
201322D302531,1,9,0,18,0,2,0,0,0,0,1,1,6,1,7,1596,1,11,7,1
201322D302532,1,9,0,10,0,1,0,0,0,0,1,1,6,2,8,1598,1,2,8,3
201322D302532,2,9,0,18,0,8,1,0,0,0,1,1,6,1,5,1149,1,9,4,1
201322D302532,3,9,0,18,0,6,0,0,0,0,4,1,6,2,8,1560,2,4,-1,-1
201322D302539,1,5,0,5,0,4,0,0,0,0,1,1,6,1,6,599,1,18,-1,-1
201322D302539,2,9,0,5,0,4,0,0,0,0,4,1,6,1,10,1591,1,4,10,1
201322D302549,1,9,0,9,0,5,0,0,0,0,4,1,6,1,11,973,1,10,-1,-1
201322D302549,2,5,0,18,0,1,1,0,0,0,1,1,6,1,7,1402,1,6,5,1
201322D302557,1,4,0,18,0,1,0,0,0,0,1,1,6,1,8,498,1,18,5,2
201322D302557,2,9,0,9,0,5,0,0,0,0,4,1,6,2,6,1461,2,-1,10,1
201322D302564,1,9,0,5,0,4,0,0,0,0,4,1,1,2,7,1368,1,1,6,3
201322D302564,2,1,0,5,0,4,0,0,0,0,3,1,6,1,8,-1,-1,-1,10,1
201322D302568,1,9,0,18,0,2,0,0,0,0,4,1,6,3,-1,-1,-1,-1,-1,-1
201322D302580,1,1,0,18,0,0,0,0,0,0,3,1,2,1,4,-1,-1,-1,2,1
201322D302580,2,9,0,13,0,0,0,0,0,0,4,1,6,3,-1,-1,-1,-1,-1,-1
201322D302583,1,1,0,16,0,0,0,0,0,0,1,1,6,1,7,-1,-1,-1,6,3
201322D302583,2,19,0,17,0,0,1,0,0,0,1,1,6,1,6,2446,2,17,3,1
201322D302586,1,1,0,17,0,0,0,0,0,0,3,1,6,1,9,-1,-1,-1,5,2
201322D302606,1,5,0,9,0,8,1,0,0,0,3,1,6,1,5,599,1,14,2,1
201322D302612,1,9,0,16,0,0,0,0,0,0,3,1,6,2,10,1242,1,3,8,2
201322D302612,2,9,0,17,0,0,0,0,0,0,3,1,6,2,5,1198,1,8,6,3
201322D302619,1,3,0,15,0,2,0,0,0,0,1,1,6,1,6,124,1,-1,2,1
201322D302628,1,9,0,9,0,8,0,0,0,0,4,1,6,2,6,1896,2,11,1,1
201322D302628,2,9,0,18,0,1,0,0,0,0,1,1,6,2,11,1124,1,9,5,1
201322D302658,1,19,0,9,0,5,0,0,1,0,1,1,6,1,8,1997,2,7,6,2
201322D302658,2,5,0,18,0,8,0,0,1,0,1,1,6,1,8,-1,-1,-1,2,1
201322D302672,1,9,0,10,0,8,0,0,0,0,2,1,6,2,7,1198,1,2,5,3
201322D302672,2,9,0,4,0,8,0,0,0,0,1,1,6,2,4,973,1,14,3,1
201322D302675,1,9,0,3,0,1,0,0,0,0,2,1,6,1,10,2254,1,11,1,1
201322D302675,2,9,0,3,0,1,0,0,0,0,2,1,6,2,6,1368,1,9,8,1
201322D302675,3,9,0,11,0,1,1,0,0,0,1,1,6,1,8,1997,2,3,-1,1
201322D302679,1,8,0,12,0,0,2,0,2,9,1,1,6,1,5,1149,1,10,4,1
201322D302680,1,19,0,4,0,0,1,0,0,0,1,1,1,1,6,2298,2,1,1,1
201322D302680,2,19,0,4,0,0,0,0,1,0,2,1,1,1,7,1248,2,1,6,1
201322D302698,1,9,0,1,0,6,0,0,0,0,4,1,6,1,8,-1,-1,-1,7,1
201322D302698,2,1,0,18,0,8,0,0,0,0,1,1,6,1,7,-1,-1,-1,-1,-1
201322D302708,1,9,0,18,0,0,1,4,2,10,1,1,6,1,7,1998,2,14,5,2
201322D302708,2,9,0,2,0,0,0,0,0,0,2,1,6,2,7,1668,1,7,5,2
201322D302716,1,9,0,14,0,0,0,10,8,0,4,1,6,3,-1,1995,1,7,-1,-1
201322D302716,2,90,0,2,0,0,0,0,0,0,0,1,1,1,10,-1,-1,-1,4,1
201322D302716,3,21,1,3,0,0,0,0,0,0,0,1,1,1,8,11705,2,7,-1,-1
201322D302717,1,9,0,1,0,8,5,0,2,10,4,1,6,2,8,1328,1,9,9,2
201322D302717,2,9,0,3,0,1,0,0,0,0,0,1,6,1,9,1596,1,2,10,1
201322D302734,1,9,0,5,0,8,0,0,0,0,1,1,6,1,11,1149,1,11,4,2
201322D302757,1,9,0,18,0,1,0,0,1,2,1,1,6,2,9,1086,1,5,7,1
201322D302759,1,19,0,5,0,6,0,0,0,0,1,1,1,1,6,2198,2,6,5,1
201322D302759,2,9,0,18,0,8,0,0,0,0,3,1,6,1,5,1598,1,-1,5,1
201322D302762,1,9,0,9,0,5,0,0,0,0,1,1,6,2,6,1497,1,13,-1,-1
201322D302762,2,5,0,14,0,8,0,0,0,0,4,1,6,1,6,600,1,24,3,1
201322D302765,1,1,0,18,0,0,0,10,0,0,1,1,6,1,8,-1,-1,-1,4,1
201322D302767,1,9,0,3,0,1,0,0,0,0,2,1,6,1,6,1242,1,13,9,1
201322D302767,2,9,0,4,0,1,0,0,0,0,1,1,6,1,4,-1,-1,-1,9,1
201322D302769,1,20,0,2,0,0,0,0,0,0,0,1,1,1,7,2800,2,9,5,1
201322D302769,2,3,0,17,0,0,1,0,0,0,4,1,6,1,4,124,1,14,8,3
201322D302776,1,3,0,7,0,4,1,0,0,0,4,1,2,2,6,125,1,-1,6,1
201322D302807,1,3,0,13,0,8,1,0,0,0,3,1,6,1,7,123,1,8,1,1
201322D302814,1,9,0,16,0,1,0,4,0,0,3,1,6,1,8,1984,1,11,6,3
201322D302814,2,9,0,2,0,1,0,0,0,0,4,1,6,2,8,1896,2,10,6,3
201322D302814,3,19,0,2,0,1,0,0,0,0,4,1,6,1,9,2402,2,12,6,3
201322D302822,1,5,0,18,0,1,1,0,0,0,1,1,6,1,5,955,1,15,6,1
201322D302822,2,9,0,9,0,5,0,0,7,0,3,1,6,1,9,1197,1,3,9,1
201322D302830,1,9,0,5,0,4,0,0,0,0,1,1,6,1,9,1364,1,7,6,1
201322D302830,2,1,0,18,0,8,0,0,0,0,4,1,6,2,6,-1,-1,-1,-1,-1
201322D302831,1,9,0,18,0,0,0,0,1,0,4,1,6,3,-1,-1,-1,-1,-1,-1
201322D302831,2,9,0,18,0,0,0,0,1,0,3,1,6,1,6,1360,1,13,1,1
201322D302852,1,9,0,18,0,3,0,10,7,0,1,1,6,2,6,1390,1,17,-1,-1
201322D302852,2,9,0,18,0,3,0,0,0,0,0,1,1,1,8,2993,2,-1,-1,-1
201322D302852,3,9,0,18,0,3,0,0,0,0,0,1,1,1,5,2993,2,3,-1,-1
201322D302854,1,9,0,17,0,0,2,10,0,0,1,1,6,2,4,1995,2,3,7,3
201322D302858,1,9,0,5,0,8,0,0,0,0,1,1,6,1,11,1598,1,14,8,1
201322D302858,2,1,0,18,0,6,0,0,0,0,3,1,6,1,2,-1,-1,-1,5,3
201322D302867,1,5,0,9,0,5,0,0,0,0,1,1,6,1,10,535,1,14,-1,-1
201322D302867,2,9,0,5,0,6,0,0,0,0,3,1,6,2,6,1199,1,13,1,1
201322D302873,1,9,0,18,0,1,0,0,0,0,1,1,6,2,9,1796,1,5,7,1
201322D302873,2,1,0,9,0,2,0,0,0,0,1,1,6,1,8,-1,-1,-1,10,3
201322D302881,1,9,0,18,0,1,0,0,0,0,4,1,6,1,8,1235,1,21,4,1
201322D302885,1,9,0,18,0,4,0,9,8,4,1,1,6,1,8,1984,1,-1,3,1
201322D302886,1,9,0,18,0,1,0,0,0,0,1,1,6,1,7,1598,2,-1,2,1
201322D302886,2,9,0,10,0,1,0,0,0,0,2,1,6,1,8,2498,1,18,7,2
201322D302892,1,3,0,18,0,8,0,0,0,0,1,1,6,1,5,124,1,4,5,1
201322D302892,2,19,0,18,0,6,0,0,0,0,3,1,1,1,8,1248,2,4,-1,-1
201322D302906,1,9,0,18,0,1,0,0,0,0,1,1,6,1,9,2967,2,-1,7,3
201322D302906,2,1,0,18,0,6,0,0,0,0,1,1,6,1,2,-1,-1,-1,2,1
201322D302921,1,9,0,12,0,0,0,0,0,0,0,1,6,1,6,505,1,11,7,2
201322D302921,2,9,0,12,0,0,0,0,0,0,3,1,6,1,7,1686,2,9,-1,-1
201322D302921,3,9,0,18,0,0,0,0,0,0,4,1,6,1,6,1991,2,3,1,1
201322D302924,1,21,1,18,0,0,0,0,0,0,2,1,1,1,8,12777,2,1,7,1
201322D302924,2,9,0,18,0,0,1,0,5,6,1,1,6,1,8,1461,2,3,-1,-1
201322D302924,3,9,0,18,0,0,0,0,0,0,4,1,6,1,4,1596,1,11,-1,-1
201322D302944,1,8,0,18,0,8,0,0,0,0,3,1,1,1,8,1910,2,6,3,1
201322D302944,2,9,0,7,0,3,0,0,7,7,4,1,6,1,5,-1,-1,-1,4,1
201322D302946,1,3,0,18,0,8,1,0,0,0,1,1,6,1,6,125,1,2,6,2
201322D302946,2,9,0,4,0,8,0,0,0,0,2,1,6,1,4,1124,1,9,5,3
201322D302951,1,9,0,18,0,5,0,0,0,0,1,1,1,1,7,1995,2,-1,7,3
201322D302951,2,9,0,4,0,5,0,0,1,9,2,1,6,1,9,2389,1,16,4,1
201322D302960,1,19,0,17,0,0,2,0,1,4,2,1,2,2,10,2800,2,11,-1,3
201322D302960,2,9,0,17,0,0,2,0,1,4,1,1,2,2,5,1389,1,16,2,1
201322D302961,1,9,0,7,0,6,0,0,0,0,1,1,6,1,6,1598,2,2,3,1
201322D302961,2,9,0,17,0,8,0,0,0,0,4,1,6,2,10,1679,1,13,10,1
201322D302966,1,9,0,7,0,5,1,0,1,10,2,1,6,2,6,-1,-1,-1,9,1
201322D302966,2,21,1,18,0,8,1,0,0,0,1,1,1,1,8,12130,2,13,8,3
201322D302984,1,9,0,18,0,1,0,0,0,0,1,1,6,3,-1,-1,-1,-1,-1,-1
201322D302986,1,9,0,9,0,6,0,0,0,0,3,1,6,2,6,1968,2,-1,3,1
201322D302986,2,9,0,18,0,8,0,0,0,0,4,1,2,3,-1,1598,1,1,-1,-1
201322D303021,1,9,0,18,0,0,2,0,7,10,1,1,6,2,5,1587,1,12,6,1
201322D303024,1,9,0,16,9,0,0,10,1,0,1,1,6,1,4,1149,1,10,8,1
201322D303067,1,9,0,9,0,5,0,0,0,0,1,1,6,1,10,1396,1,13,2,1
201322D303067,2,1,0,18,0,8,0,0,0,0,1,1,2,1,5,-1,-1,-1,2,1
201322D303070,1,9,0,4,0,0,0,0,0,0,2,1,2,1,7,2184,2,10,3,1
201322D303070,2,9,0,18,0,0,0,0,0,0,1,1,1,1,6,-1,-1,-1,2,1
201322D303072,1,9,0,18,0,0,0,10,0,0,3,1,6,3,-1,1988,2,8,-1,-1
201322D303072,2,9,0,18,0,0,0,0,0,0,3,1,6,1,7,1598,1,8,5,1
201322D303073,1,9,0,18,0,1,0,0,0,0,1,1,6,1,6,1896,2,9,2,1
201322D303073,2,9,0,5,0,6,0,0,0,0,1,1,6,2,4,973,1,13,3,1
201322D303074,1,9,0,18,0,0,0,0,0,0,1,1,6,1,6,-1,-1,-1,7,3
201322D303074,2,9,0,4,0,0,0,0,4,6,2,1,6,2,7,1596,1,11,1,1
201322D303086,1,1,0,18,9,0,0,0,0,0,0,1,6,1,3,-1,-1,-1,1,1
201322D303101,1,9,0,18,0,8,0,0,0,0,1,1,6,1,11,1341,1,12,8,2
201322D303101,2,9,0,18,0,8,0,0,0,0,1,1,6,1,10,1910,2,3,5,1
201322D303106,1,2,0,18,0,0,0,0,0,0,2,1,2,1,4,49,1,9,10,1
201322D303106,2,9,0,18,0,0,0,0,0,0,1,1,6,1,6,1596,1,12,3,1
201322D303110,1,9,0,13,0,1,1,0,0,0,1,1,2,1,4,1396,1,11,6,1
201322D303110,2,9,0,10,0,1,0,0,0,0,1,1,6,1,8,1149,1,13,4,1
201322D303115,1,19,0,18,0,1,0,0,0,0,1,1,1,1,5,2287,2,-1,-1,-1
201322D303115,2,9,0,8,0,1,0,0,0,0,2,1,6,2,7,2495,1,12,2,1
201322D303127,1,9,0,9,0,5,0,0,0,0,1,1,6,2,4,998,1,-1,7,1
201322D303127,2,5,0,18,0,8,0,0,0,0,1,1,6,2,7,600,1,19,2,1
201322D303133,1,9,0,18,0,0,0,0,0,0,1,1,6,2,8,1798,1,3,6,1
201322D303135,1,1,0,18,0,8,0,0,0,0,4,1,6,1,5,-1,-1,-1,5,1
201322D303135,2,9,0,18,0,4,0,0,0,0,1,1,6,1,4,1968,2,5,6,1
201322D303143,1,9,0,18,0,0,1,0,0,0,1,1,1,1,9,1328,1,8,8,1
201322D303143,2,19,0,4,0,0,1,0,0,0,2,1,1,1,8,1248,2,5,2,1
201322D303143,3,9,0,11,0,0,0,0,0,0,1,1,6,1,6,1598,2,1,2,1
201322D303143,4,9,0,18,0,0,0,0,0,0,1,1,1,2,6,1598,1,6,2,1
201322D303143,5,19,0,4,0,0,1,0,0,0,1,1,6,1,5,1686,2,2,8,3
201322D303143,6,9,0,4,0,0,1,0,0,0,1,1,6,1,7,1997,2,1,3,1
201322D303143,7,9,0,3,0,0,0,0,0,0,2,1,6,2,8,1749,1,11,-1,1
201322D303143,8,9,0,3,0,0,0,0,0,0,2,1,6,1,10,1360,1,12,1,1
201322D303143,9,9,0,3,0,0,0,0,0,0,2,1,6,1,10,1390,1,2,2,1
201322D303143,10,9,0,3,0,0,0,0,0,0,2,1,6,1,7,1968,2,1,-1,-1
201322D303149,1,9,0,13,0,8,0,0,0,0,1,1,6,1,11,1590,1,8,2,1
201322D303149,2,19,0,9,0,5,0,0,0,0,3,1,6,1,11,2402,2,10,7,1
201322D303150,1,4,0,18,0,0,0,4,0,0,1,1,6,1,4,124,1,13,2,1
201322D303150,2,9,0,2,0,0,0,0,0,0,2,1,6,1,8,1598,1,2,2,1
201322D303151,1,9,0,18,0,0,0,4,0,0,1,1,6,2,5,1998,1,12,6,3
201322D303151,2,9,0,2,0,0,0,0,0,0,3,1,6,1,6,1870,2,12,9,1
201322D303151,3,9,0,2,0,0,0,0,0,0,1,1,6,1,6,-1,-1,-1,2,1
201322D303151,4,9,0,2,0,0,0,0,0,0,3,1,6,1,7,2498,2,13,2,1
201322D303153,1,9,0,7,0,5,0,0,1,0,1,1,6,1,7,-1,-1,-1,6,1
201322D303153,2,1,0,18,4,8,0,0,0,0,2,1,2,1,6,-1,-1,-1,8,1
201322D303154,1,20,0,5,0,4,0,0,0,0,3,1,6,3,-1,8970,2,16,-1,-1
201322D303154,2,19,0,5,0,4,0,0,0,0,3,1,1,1,5,1686,2,12,7,2
201322D303160,1,9,0,9,0,6,0,0,0,0,1,1,6,1,6,1461,2,-1,1,1
201322D303160,2,1,0,10,0,8,0,0,0,0,2,1,6,1,8,-1,-1,-1,1,1
201322D303180,1,9,0,9,0,6,0,0,0,0,3,1,6,1,10,1388,1,2,1,1
201322D303180,2,9,0,18,0,8,0,0,0,0,1,1,6,2,6,1994,2,14,6,1
201322D303192,1,9,0,18,0,0,5,10,7,4,3,1,2,1,6,1999,1,6,7,1
201322D303206,1,9,0,9,0,5,0,0,0,0,1,1,6,2,8,1968,2,2,5,1
201322D303206,2,5,0,9,0,5,0,0,0,0,1,1,6,1,8,738,1,11,3,1
201322D303213,1,9,0,18,0,8,1,0,0,0,1,1,6,2,7,1299,1,9,6,1
201322D303213,2,9,0,7,0,5,0,0,0,0,2,1,6,2,8,1560,2,2,6,1
201322D303214,1,21,1,13,0,0,0,0,0,0,1,2,1,1,8,-1,-1,-1,-1,-1
201322D303214,2,9,0,18,0,0,2,0,1,0,2,1,6,1,11,1299,1,9,10,2
201322D303216,1,3,0,9,0,6,0,10,0,0,1,1,6,2,7,124,1,-1,1,1
201322D303217,1,19,0,18,0,0,0,0,0,0,4,1,6,1,6,2299,2,-1,1,1
201322D303217,2,9,0,18,0,0,0,0,0,0,3,1,6,1,11,1343,1,10,9,1
201322D303223,1,20,0,13,0,0,0,0,1,0,1,1,1,1,6,12580,2,7,6,2
201322D303223,2,9,0,16,0,0,0,0,1,0,1,1,6,2,8,1199,1,10,-1,-1
201322D303236,1,9,0,17,0,0,0,0,0,0,3,1,1,1,7,-1,-1,-1,9,3
201322D303236,2,21,0,16,0,0,0,0,0,0,3,1,1,1,6,6692,2,2,4,1
201322D303257,1,9,0,16,0,0,1,10,0,0,4,1,2,2,4,999,1,12,8,2
201322D303257,2,9,0,17,0,0,0,10,0,0,1,1,2,2,5,1997,2,11,5,1
201322D303299,1,9,0,7,0,5,1,10,1,2,1,1,6,2,11,1589,1,13,2,1
201322D303322,1,3,0,9,0,6,0,0,0,0,1,1,6,1,4,125,1,3,2,1
201322D303322,2,9,0,18,0,8,0,0,0,0,1,1,2,2,4,1229,1,2,1,1
201322D303327,1,9,0,18,0,0,0,0,0,0,1,1,6,2,10,1590,1,8,5,1
201322D303328,1,9,0,4,0,1,0,0,0,0,2,1,6,1,9,1422,2,4,-1,-1
201322D303328,2,9,0,18,0,1,0,0,0,0,1,1,6,1,4,1560,2,1,5,3