Accident_Index,Vehicle_Reference,Vehicle_Type,Towing_and_Articulation,Vehicle_Manoeuvre,Vehicle_Location-Restricted_Lane,Junction_Location,Skidding_and_Overturning,Hit_Object_in_Carriageway,Vehicle_Leaving_Carriageway,Hit_Object_off_Carriageway,1st_Point_of_Impact,Was_Vehicle_Left_Hand_Drive?,Journey_Purpose_of_Driver,Sex_of_Driver,Age_Band_of_Driver,Engine_Capacity_(CC),Propulsion_Code,Age_of_Vehicle,Driver_IMD_Decile,Driver_Home_Area_Type
201322D303341,1,3,0,18,0,8,0,0,0,0,3,1,6,1,5,125,1,1,3,1
201322D303341,2,9,0,9,0,6,0,0,0,0,1,1,6,3,-1,-1,-1,-1,-1,-1
201322D303349,1,9,0,18,0,4,0,0,0,0,1,1,6,1,6,1994,1,9,-1,-1
201322D303349,2,9,0,3,0,1,0,0,0,0,2,1,6,2,8,-1,-1,-1,10,1
201322D303376,1,9,0,18,0,0,0,0,0,0,4,1,6,2,6,1995,2,11,3,1
201322D303405,1,9,0,18,0,0,0,0,4,6,3,1,6,1,6,1396,1,13,-1,-1
201322D303414,1,90,0,16,0,0,1,0,0,0,1,1,6,1,6,686,1,7,6,1
201322D303418,1,9,0,9,0,6,0,0,0,0,1,1,6,1,8,4244,1,11,6,1
201322D303418,2,9,0,18,0,8,1,0,1,9,1,1,6,2,5,1360,1,7,7,3
201322D303424,1,19,0,18,0,0,0,0,0,0,4,1,1,1,6,2287,2,1,5,2
201322D303444,1,9,0,18,0,4,1,0,1,2,1,1,1,1,5,1956,2,3,3,1
201322D303446,1,9,0,7,0,5,0,0,0,0,4,1,6,1,5,1896,2,11,3,1
201322D303446,2,9,0,18,0,8,0,4,1,0,1,1,6,1,4,1390,1,9,6,1
201322D303446,3,9,0,2,0,8,0,0,0,0,3,1,6,1,9,-1,-1,-1,3,1
201322D303455,1,9,0,9,0,6,0,0,0,0,1,1,2,1,6,1560,2,8,3,1
201322D303455,2,9,0,17,0,8,0,0,0,0,1,1,6,1,8,1968,2,2,6,1
201322D303482,1,1,0,18,0,0,0,0,0,0,3,1,6,2,4,-1,-1,-1,6,1
201322D303482,2,9,0,18,0,0,0,0,0,0,1,1,6,1,10,-1,-1,-1,-1,-1
201322D303488,1,9,0,9,0,8,5,10,7,10,1,1,6,1,5,1598,1,17,9,1
201322D303500,1,9,0,9,0,6,0,0,0,0,1,1,2,2,5,1299,1,8,10,1
201322D303500,2,9,0,18,0,8,0,0,0,0,1,1,2,2,5,-1,-1,-1,5,1
201322D303504,1,9,0,18,0,0,1,7,0,0,1,1,6,2,6,1896,2,12,1,1
201322D303504,2,9,0,4,0,0,0,0,0,0,2,1,1,1,8,1560,2,-1,6,1
201322D303504,3,9,0,4,0,0,0,0,0,0,2,1,1,1,6,1686,2,2,-1,-1
201322D303504,4,9,0,4,0,0,0,0,0,0,2,1,1,1,8,1956,2,1,9,1
201322D303569,1,9,0,17,0,0,2,10,1,9,1,1,6,1,4,1149,1,10,6,3
201322D303570,1,9,0,18,0,8,0,10,7,10,3,1,2,2,6,1360,1,13,7,1
201322D303570,2,19,0,9,0,6,0,0,0,0,1,1,1,1,9,1998,2,7,1,1
201322D303571,1,9,0,16,0,2,1,10,7,10,1,1,6,2,4,1124,1,8,9,1
201322D303573,1,9,0,5,0,2,0,0,0,0,1,1,2,2,8,1108,1,12,1,1
201322D303573,2,90,0,5,0,2,0,0,0,0,2,1,1,1,8,2999,2,-1,8,1
201322D303588,1,3,0,9,0,5,0,0,0,0,4,1,6,2,5,124,1,11,4,1
201322D303588,2,9,0,18,0,8,0,0,0,0,1,1,6,2,5,1596,1,4,7,1
201322D303618,1,9,0,18,0,0,0,0,0,0,4,1,6,1,9,1560,2,3,5,2
201322D303618,2,9,0,6,8,0,0,0,0,0,1,1,6,2,6,1598,2,6,6,3
201322D303626,1,11,0,4,0,0,0,0,0,0,0,1,1,1,8,-1,-1,-1,1,1
201322D303636,1,9,0,9,0,8,0,0,0,0,3,1,2,1,6,1206,1,4,7,1
201322D303636,2,2,0,18,0,6,0,0,0,0,3,1,2,1,9,49,1,5,3,1
201322D303653,1,9,0,4,0,0,0,0,1,4,1,1,6,2,6,1761,1,13,7,2
201322D303654,1,9,0,9,0,6,0,0,0,0,1,1,1,2,8,1896,2,10,6,3
201322D303654,2,9,0,18,0,8,2,0,1,4,4,1,1,1,9,999,1,5,9,2
201322D303662,1,9,0,18,0,8,0,0,0,0,1,1,6,2,11,1242,1,2,6,3
201322D303662,2,9,0,7,0,6,0,0,0,0,1,1,6,2,6,1299,1,8,6,3
201322D303674,1,9,0,17,0,8,1,0,7,3,1,1,6,1,5,1242,1,7,2,1
201322D303677,1,8,0,14,0,0,0,0,0,0,1,1,1,1,6,1997,2,8,2,1
201322D303677,2,9,0,18,0,0,0,4,0,0,1,1,6,1,7,1390,1,11,2,1
201322D303677,3,9,0,2,0,0,0,0,0,0,4,1,6,1,7,1984,1,9,2,1
201322D303684,1,9,0,9,0,5,0,0,0,0,1,1,6,1,5,973,1,12,5,1
201322D303684,2,9,0,18,0,8,0,0,0,0,3,1,6,2,8,1796,1,7,5,3
201322D303686,1,9,0,3,0,0,0,0,0,0,1,1,6,1,6,1997,2,10,3,1
201322D303686,2,9,0,18,0,0,0,0,0,0,1,1,6,3,-1,2198,1,10,-1,-1
201322D303687,1,9,0,16,0,0,0,0,7,4,1,1,6,2,6,1388,1,2,10,2
201322D303687,2,9,0,18,0,0,0,0,1,0,3,1,2,1,6,1998,1,12,3,1
201322D303688,1,9,0,18,0,1,0,0,0,0,1,1,6,1,10,2231,2,1,5,1
201322D303688,2,9,0,9,0,6,0,0,0,0,3,1,6,2,5,1242,1,13,6,1
201322D303690,1,8,0,18,0,0,0,12,0,0,1,1,1,1,6,1997,2,5,4,1
201322D303695,1,9,0,4,0,0,0,0,0,0,2,1,2,2,7,796,1,4,9,3
201322D303695,2,9,0,18,0,0,0,0,0,0,1,1,6,3,-1,-1,-1,-1,-1,-1
201322D303708,1,9,0,14,0,0,0,0,0,0,4,1,6,1,11,1596,1,7,7,3
201322D303708,2,19,0,2,0,0,0,0,0,0,3,1,6,1,10,1900,2,9,1,1
201322D303714,1,9,0,13,0,0,2,0,1,4,1,1,2,2,4,1753,2,11,5,1
201322D303716,1,9,0,17,0,0,1,0,8,4,1,1,6,2,6,1275,1,17,2,1
201322D303720,1,9,0,9,0,6,0,0,0,0,3,1,6,2,6,1560,2,9,3,1
201322D303720,2,1,0,5,0,6,0,0,0,0,1,1,6,1,8,-1,-1,-1,2,1
201322D303722,1,9,0,9,0,6,0,0,0,0,3,1,6,2,9,1498,1,13,7,3
201322D303722,2,19,0,18,0,8,0,0,7,10,1,1,1,1,8,2198,2,1,2,1
201322D303732,1,9,0,18,0,0,0,0,0,0,1,1,6,2,9,973,1,12,8,2
201322D303732,2,9,0,18,0,0,0,0,0,0,1,1,6,2,9,1299,1,6,9,1
201322D303738,1,9,0,12,0,0,2,0,5,6,3,1,2,1,7,999,1,1,4,1
201322D303744,1,9,0,18,0,6,0,0,1,0,1,1,6,1,6,1796,1,6,3,1
201322D303744,2,9,0,18,0,8,0,0,7,0,1,1,6,1,8,-1,-1,-1,6,2
201322D303771,1,9,0,18,0,0,0,0,0,0,1,1,6,1,10,1968,2,6,6,1
201322D303771,2,21,1,18,0,0,0,0,0,0,2,1,1,1,8,11967,2,2,-1,-1
201322D303775,1,9,0,16,0,0,2,0,1,10,3,1,6,2,8,1798,1,10,2,1
201322D303785,1,9,0,18,0,0,0,0,0,0,2,1,6,1,6,1598,1,11,1,1
201322D303785,2,9,0,18,0,0,1,0,0,0,1,1,6,2,8,1396,1,12,2,1
201322D303835,1,9,0,18,0,5,1,10,2,10,1,1,6,1,8,1598,1,5,4,1
201322D303835,2,9,0,18,0,5,0,0,0,0,3,1,6,2,9,1198,1,7,5,1
201322D303836,1,9,0,17,0,0,2,0,0,0,1,1,6,2,6,1229,1,3,6,3
201322D303836,2,9,0,16,0,0,1,0,0,0,1,1,6,1,5,1596,1,12,5,1
201322D303853,1,9,0,9,0,6,0,0,0,0,2,1,6,1,8,2967,2,3,10,1
201322D303853,2,9,0,18,0,8,0,0,0,0,1,1,1,1,8,2967,2,2,2,1
201322D303856,1,19,0,18,0,8,0,0,0,0,1,1,1,1,4,1998,2,11,2,1
201322D303864,1,9,0,17,0,8,0,0,0,0,1,1,6,1,4,1229,1,1,9,1
201322D303864,2,9,0,4,0,8,0,0,0,0,2,1,6,1,8,1850,1,14,-1,-1
201322D303890,1,9,0,13,0,2,0,0,0,0,1,1,6,2,9,1248,1,3,4,1
201322D303890,2,9,0,18,0,1,0,0,0,0,1,1,6,1,5,-1,-1,-1,6,1
201322D303902,1,9,0,9,0,6,0,0,0,0,1,1,6,2,7,1968,2,2,-1,-1
201322D303902,2,9,0,18,0,8,0,0,0,0,4,1,6,2,7,1984,1,6,6,1
201322D303904,1,9,0,18,0,1,0,0,0,0,1,1,6,1,5,2360,1,12,-1,-1
201322D303904,2,9,0,3,0,1,0,0,0,0,2,1,6,2,6,1798,1,6,8,1
201322D303908,1,9,0,18,0,8,0,0,0,0,4,1,6,2,8,1388,1,3,9,1
201322D303908,2,9,0,18,0,4,0,0,0,0,1,1,2,1,4,1796,1,12,8,2
201322D303913,1,19,0,9,0,6,0,0,0,0,1,1,1,1,7,2402,2,5,-1,-1
201322D303913,2,19,0,18,0,8,0,0,0,0,4,1,6,1,6,2494,2,8,4,1
201322D303918,1,9,0,18,0,8,0,0,0,0,1,1,2,1,5,999,1,14,3,1
201322D303918,2,19,0,10,0,8,0,0,0,0,2,1,2,1,5,1995,2,-1,-1,-1
201322D303918,3,9,0,18,0,8,0,0,0,0,1,1,2,1,4,1196,1,17,8,1
201322D303923,1,9,0,18,0,1,0,0,0,0,1,1,6,1,8,2199,2,1,10,1
201322D303923,2,9,0,18,0,1,0,0,0,0,2,1,6,1,8,2996,1,7,3,1
201322D303925,1,9,0,1,0,6,0,0,0,0,2,1,6,2,8,1560,2,3,1,1
201322D303933,1,9,0,4,0,0,0,0,1,0,2,1,6,1,11,1560,2,1,5,1
201322D303933,2,19,0,18,0,0,0,0,0,0,1,1,1,1,8,2402,2,5,1,1
201322D303942,1,9,0,18,0,2,1,0,0,0,1,1,6,1,6,1761,1,12,4,1
201322D303942,2,9,0,18,0,1,0,0,0,0,1,1,6,1,4,1248,2,1,7,3
201322D303943,1,9,0,18,0,0,0,0,1,0,1,1,6,1,7,2295,1,12,2,1
201322D303943,2,9,0,2,0,0,0,0,0,0,2,1,6,2,7,-1,-1,-1,-1,-1
201322D303951,1,9,0,11,0,0,0,0,0,0,0,1,6,1,6,1560,2,6,5,1
201322D303951,2,9,0,18,0,0,1,0,2,7,1,1,6,1,7,1910,2,6,-1,1
201322D303952,1,9,0,18,0,0,0,4,0,0,1,1,6,1,9,-1,-1,-1,9,3
201322D303952,2,19,0,2,0,0,0,0,0,0,2,1,1,1,6,-1,-1,-1,6,2
201322D303960,1,9,0,18,0,0,2,0,1,0,1,1,6,1,6,1896,2,11,7,1
201322D303964,1,9,0,17,0,0,2,0,2,0,4,1,6,1,4,2497,1,7,5,3
201322D303966,1,9,0,11,0,3,0,0,1,10,4,1,6,1,6,4196,1,5,7,3
201322D303966,2,9,0,7,0,3,0,0,0,0,3,1,6,1,9,-1,-1,-1,6,1
201322D303967,1,9,0,18,0,0,0,0,0,0,1,1,6,1,10,1753,2,4,9,1
201322D303969,1,9,0,18,0,8,0,10,0,0,1,1,6,1,11,1388,1,10,-1,-1
201322D303973,1,9,0,18,0,0,0,0,0,0,1,1,6,1,10,1985,1,16,7,2
201322D303973,2,9,0,4,0,0,0,0,0,0,2,1,6,2,6,1560,2,-1,3,1
201322D303997,1,9,0,4,0,0,0,0,0,0,1,1,6,1,6,998,1,1,10,1
201322D303997,2,9,0,4,0,0,0,0,0,0,2,1,6,1,9,-1,-1,-1,2,1
201322D303998,1,19,0,18,0,2,2,0,5,7,1,1,1,1,6,1995,2,-1,-1,1
201322D303998,2,9,0,2,0,2,0,0,0,0,3,1,1,1,8,2993,2,1,-1,3
201322D304007,1,9,0,11,0,0,0,0,0,0,4,1,6,1,9,-1,-1,-1,1,1
201322D304007,2,9,0,12,0,0,0,0,0,0,3,1,6,2,8,1596,1,7,8,1
201322D304020,1,9,0,18,0,1,0,0,0,0,4,1,6,1,9,1999,1,3,7,1
201322D304020,2,9,0,9,0,6,0,0,0,0,1,1,6,1,9,1422,2,5,7,2
201322D304044,1,9,0,7,0,2,0,0,0,0,1,1,6,3,-1,-1,-1,-1,-1,-1
201322D304066,1,9,0,9,0,6,0,0,7,0,1,1,6,2,4,1240,1,10,5,2
201322D304066,2,9,0,18,0,8,0,0,0,0,1,1,6,2,8,1242,1,5,9,2
201322D304076,1,9,0,4,0,0,1,0,0,0,1,1,6,1,5,-1,-1,-1,7,1
201322D304076,2,9,0,18,0,0,0,0,0,0,1,1,6,2,7,1364,1,8,8,3
201322D304081,1,9,0,9,0,6,0,0,0,0,3,1,6,2,7,1398,1,8,9,2
201322D304081,2,3,0,18,0,8,0,0,0,0,1,1,6,1,8,125,1,5,4,1
201322D304093,1,1,0,18,0,8,0,0,0,0,2,1,6,2,4,-1,-1,-1,9,3
201322D304093,2,9,0,9,0,6,0,0,0,0,1,1,6,1,8,-1,-1,-1,-1,-1
201322D304101,1,9,0,3,0,1,0,0,0,0,2,1,6,1,5,1800,1,14,10,1
201322D304101,2,9,0,3,0,1,0,0,0,0,1,1,6,1,7,1242,1,14,3,1
201322D304101,3,9,0,18,0,4,0,0,0,0,1,1,6,3,-1,-1,-1,-1,-1,-1
201322D304105,1,9,0,2,0,0,0,0,0,0,2,1,2,1,7,1360,1,8,6,1
201322D304105,2,9,0,13,0,0,0,4,0,0,1,1,6,1,7,1588,1,10,5,3
201322D304105,3,21,1,18,0,0,0,0,0,0,1,1,1,1,6,-1,-1,-1,-1,-1
201322D304111,1,9,0,7,0,5,0,0,0,0,4,1,6,3,-1,1388,1,10,-1,-1
201322D304111,2,1,0,18,5,1,0,0,0,0,1,1,2,1,8,-1,-1,-1,3,2
201322D304128,1,9,0,18,0,1,0,0,0,0,1,1,6,1,8,1360,1,11,1,1
201322D304128,2,9,0,9,0,5,0,0,0,0,1,1,6,2,7,1386,1,5,5,1
201322D304131,1,9,0,5,0,6,0,0,0,0,0,1,6,1,8,1598,1,-1,6,1
201322D304131,2,3,0,18,0,1,1,0,0,0,0,1,1,1,4,124,1,4,2,1
201322D304138,1,90,0,18,9,8,0,0,0,0,2,1,6,1,11,-1,-1,-1,5,1
201322D304138,2,9,0,1,9,8,0,0,0,0,2,1,6,1,10,1910,2,5,-1,-1
201322D304147,1,9,0,18,0,0,0,0,0,0,4,1,6,3,-1,1598,1,6,-1,-1
201322D304154,1,9,0,18,0,0,0,0,0,0,1,1,6,1,10,2698,2,7,10,1
201322D304154,2,9,0,18,0,0,0,0,0,0,2,1,6,1,9,3996,1,13,8,3
201322D304158,1,9,0,1,0,2,0,0,0,0,2,1,6,3,-1,-1,-1,-1,-1,-1
201322D304168,1,9,0,13,0,8,0,0,0,0,1,1,1,1,5,1199,1,10,2,1
201322D304168,2,9,0,9,0,6,0,0,0,0,1,1,6,1,6,1229,1,8,3,1
201322D304169,1,9,0,5,0,1,0,0,0,0,1,1,6,1,11,1896,2,6,10,1
201322D304169,2,9,0,10,0,1,0,10,0,0,1,1,2,2,9,1364,2,2,7,1
201322D304171,1,9,0,16,0,0,0,0,2,10,1,1,6,1,11,1560,2,9,9,2
201322D304187,1,9,0,1,0,0,0,0,0,0,2,1,6,3,-1,1390,1,6,-1,-1
201322D304187,2,9,0,18,0,0,0,0,0,0,1,1,6,1,9,1896,2,3,4,1
201322D304187,3,9,0,1,0,0,0,0,0,0,2,1,1,1,6,2400,2,2,-1,-1
201322D304209,1,9,0,16,0,7,0,0,1,0,1,1,6,1,9,1896,2,11,2,1
201322D304210,1,9,0,7,0,5,0,0,0,0,1,1,6,3,-1,-1,-1,-1,-1,-1
201322D304217,1,9,0,13,0,0,0,0,0,0,4,1,6,1,-1,1339,1,9,-1,-1
201322D304217,2,1,0,18,0,0,0,0,0,0,3,1,6,2,9,-1,-1,-1,9,1
201322D304218,1,19,0,17,0,0,0,0,0,0,4,1,6,3,-1,-1,-1,-1,-1,-1
201322D304220,1,9,0,14,0,2,0,0,0,0,1,1,6,1,7,1388,1,14,1,1
201322D304220,2,9,0,18,0,1,0,0,0,0,1,1,6,1,6,1390,1,8,1,1
201322D304233,1,9,0,18,0,8,0,0,0,0,1,1,3,2,7,1796,1,6,8,3
201322D304233,2,9,0,18,0,6,0,0,0,0,1,1,6,1,7,1994,1,12,1,1
201322D304236,1,9,0,18,0,1,0,0,0,0,1,1,6,1,10,1596,1,5,8,1
201322D304243,1,9,0,3,0,1,0,0,0,0,2,1,2,2,8,998,1,15,10,1
201322D304243,2,9,0,5,0,1,0,0,0,0,1,1,6,3,-1,1199,2,3,-1,-1
201322D304253,1,9,0,4,0,0,0,0,0,0,4,1,6,2,5,1390,1,-1,10,1
201322D304260,1,9,0,9,0,6,0,0,0,0,1,1,6,1,11,1396,1,17,7,1
201322D304260,2,1,0,16,0,8,0,0,0,0,2,1,6,2,8,-1,-1,-1,6,1
201322D304267,1,9,0,18,0,0,1,0,0,0,3,1,6,1,6,998,1,10,2,1
201322D304267,2,9,0,11,0,0,0,0,0,0,4,1,6,3,-1,-1,-1,-1,-1,-1
201322D304296,1,9,0,18,0,0,0,0,0,0,3,1,6,1,10,1360,1,4,3,1
201322D304296,2,1,0,14,0,0,0,0,0,0,3,1,6,2,6,-1,-1,-1,7,3
201322D304312,1,9,0,9,0,6,0,0,0,0,1,1,6,1,7,1796,1,13,2,1
201322D304312,2,9,0,18,0,8,0,0,7,10,1,1,6,2,10,1560,2,2,5,1
201322D304320,1,9,0,12,0,1,0,0,0,0,2,1,6,2,5,1388,1,9,5,1
201322D304320,2,9,0,18,0,1,0,0,0,0,1,1,6,3,-1,1997,2,1,-1,-1
201322D304324,1,9,0,9,0,1,0,0,0,0,3,1,6,1,10,1560,2,2,8,1
201322D304329,1,9,0,18,0,6,0,0,0,0,3,1,6,1,6,1795,1,14,-1,-1
201322D304329,2,9,0,18,0,1,0,0,0,0,1,1,6,2,7,1560,2,5,10,1
201322D304330,1,5,0,4,0,1,0,0,0,0,1,1,6,1,4,599,1,14,6,1
201322D304330,2,9,0,10,0,1,0,0,0,0,2,1,6,2,8,1086,1,7,10,1
201322D304346,1,9,0,9,0,6,0,0,0,0,1,1,6,1,7,1994,1,12,-1,-1
201322D304346,2,3,0,18,0,1,0,0,0,0,1,1,4,1,4,124,1,7,3,1
201322D304354,1,9,0,17,0,4,1,9,0,0,1,1,6,1,4,1388,1,7,4,1
201322D304366,1,9,0,18,0,0,0,0,0,0,4,1,6,3,-1,-1,-1,-1,-1,-1
201322D304393,1,9,0,18,0,1,0,4,0,0,1,1,6,2,4,1599,1,9,10,1
201322D304393,2,9,0,2,0,1,0,0,0,0,2,1,6,1,8,-1,-1,-1,3,1
201322D304405,1,9,0,16,0,1,1,0,0,0,1,1,2,2,5,1299,1,6,3,1
201322D304430,1,9,0,9,0,6,0,0,0,0,1,1,6,1,7,1598,1,1,4,1
201322D304430,2,19,0,18,0,8,0,0,0,0,4,1,6,1,10,2953,2,11,5,3
201322D304438,1,9,0,9,0,6,0,0,0,0,3,1,1,1,10,1582,2,2,4,1
201322D304438,2,9,0,18,0,8,0,0,0,0,1,1,2,1,6,1242,1,13,2,1
201322D304443,1,9,0,7,0,4,0,0,0,0,1,1,6,1,9,1582,2,-1,9,2
201322D304443,2,4,0,4,0,1,0,0,0,0,2,1,2,1,8,-1,-1,-1,2,1
201322D304449,1,19,0,18,0,0,0,0,0,0,4,1,2,1,6,-1,-1,-1,7,1
201322D304449,2,1,0,18,0,0,0,0,0,0,2,1,6,1,8,-1,-1,-1,7,1
201322D304450,1,21,1,18,0,0,0,0,0,0,3,1,1,1,7,-1,-1,-1,-1,-1
201322D304450,2,9,0,18,0,0,0,0,0,0,4,1,6,1,10,1896,2,11,5,1
201322D304464,1,9,0,18,0,0,0,0,0,0,4,1,6,3,-1,-1,-1,-1,-1,-1
201322D304485,1,9,0,2,0,8,0,0,0,0,3,1,6,2,5,1595,1,13,2,1
201322D304485,2,10,0,14,0,8,0,8,0,0,4,1,1,1,9,-1,-1,-1,7,1
201322D304492,1,9,0,9,0,6,0,0,0,0,1,1,6,2,4,1199,1,12,4,2
201322D304492,2,9,0,17,0,8,0,0,0,0,1,1,6,1,6,1598,2,-1,-1,-1
201322D304501,1,9,0,16,0,0,5,10,7,10,1,1,2,1,5,1598,2,1,9,1
201322D304506,1,9,0,18,0,0,0,0,0,0,0,1,6,3,-1,-1,-1,-1,-1,-1
201322D304506,2,9,0,18,0,0,1,0,2,7,3,1,2,1,6,1560,2,8,5,2
201322D304506,3,21,4,18,0,0,0,0,0,0,2,1,1,1,7,12777,2,5,10,1
201322D304506,4,9,0,18,0,0,0,0,0,0,2,1,2,1,8,-1,-1,-1,-1,-1
201322D304506,5,9,0,18,0,0,0,0,0,0,1,1,6,2,9,1389,1,8,10,1
201322D304507,1,9,0,2,0,0,0,0,0,0,4,1,6,2,9,1289,1,13,3,1
201322D304507,2,9,0,1,0,0,0,0,0,0,2,1,6,3,-1,1360,1,8,-1,-1
201322D304522,1,9,0,18,0,3,1,4,0,0,1,1,6,2,5,1299,1,5,3,1
201322D304522,2,11,0,3,0,4,0,0,0,0,3,1,1,1,7,7790,2,6,-1,-1
201322D304534,1,9,0,16,0,0,0,4,0,0,3,1,6,2,5,1595,1,6,5,3
201322D304534,2,9,0,17,0,0,0,0,0,0,3,1,6,2,7,-1,-1,-1,8,1
201322D304534,3,9,0,2,0,0,0,0,0,0,3,1,6,2,6,1149,1,10,3,1
201322D304539,1,9,0,17,0,8,0,0,0,0,1,1,6,1,4,1988,1,15,2,1
201322D304539,2,9,0,10,0,8,0,0,0,0,2,1,6,1,9,1995,2,1,5,1
201322D304545,1,9,0,9,0,5,0,0,0,0,3,1,6,1,7,1998,1,10,2,1
201322D304545,2,9,0,9,0,5,0,0,0,0,1,1,6,1,11,1229,1,7,2,1
201322D304572,1,9,0,17,0,1,0,0,1,1,1,1,6,2,4,1149,1,11,4,1
201322D304575,1,9,0,4,0,0,0,0,0,0,2,1,6,1,7,1910,2,7,7,1
201322D304575,2,9,0,18,0,0,0,0,0,0,1,1,6,1,7,1497,8,6,-1,-1
201322D304578,1,9,0,18,0,0,0,0,0,0,1,1,6,1,5,1968,2,1,5,1
201322D304578,2,9,0,18,0,0,0,0,0,0,1,1,6,1,8,1560,2,5,10,1
201322D304578,3,9,0,18,0,0,0,0,0,0,1,1,6,1,8,1910,2,5,1,1
201322D304581,1,4,0,7,0,5,0,0,0,0,4,1,2,1,5,124,1,11,1,1
201322D304600,1,19,0,18,0,1,0,0,0,0,1,1,1,1,6,2402,2,2,8,1
201322D304600,2,9,0,18,0,2,0,0,0,0,1,1,2,2,7,1896,2,5,6,3
201322D304600,3,9,0,18,0,2,0,0,0,0,1,1,2,1,8,1560,2,2,8,1
201322D304600,4,9,0,18,0,2,0,0,0,0,3,1,1,1,6,-1,-1,-1,3,1
201322D304601,1,9,0,12,0,2,0,0,0,0,1,1,2,1,7,1968,2,1,7,1
201322D304606,1,9,0,18,0,8,0,0,0,0,4,1,2,1,7,1956,2,1,2,1
201322D304606,2,9,0,9,0,6,0,0,0,0,3,1,6,2,9,1299,1,14,5,3
201322D304609,1,9,0,18,0,0,0,0,0,0,1,1,2,2,9,1388,1,15,2,1
201322D304609,2,9,0,3,0,0,0,0,0,0,2,1,2,2,7,-1,-1,-1,8,1
201322D304609,3,9,0,3,0,0,0,0,0,0,2,1,2,2,6,1799,1,3,7,1
201322D304629,1,21,1,18,0,0,1,0,0,0,1,1,1,1,9,11967,2,1,6,1
201322D304645,1,9,0,18,0,0,0,0,0,0,1,1,6,1,5,1589,1,14,8,1
201322D304645,2,9,0,18,0,0,0,0,0,0,1,1,6,2,4,998,1,5,7,3
201322D304656,1,9,0,18,9,0,0,10,0,0,4,1,6,3,-1,-1,-1,-1,-1,-1
201322D304670,1,9,0,18,0,0,0,0,0,0,1,1,6,2,6,1242,1,3,3,1
201322D304670,2,9,0,3,0,0,0,0,0,0,2,1,6,2,7,2231,2,1,-1,2
201322D304692,1,9,0,18,0,1,1,0,0,0,1,1,6,2,4,1686,2,11,7,1
201322D304692,2,9,0,18,0,2,1,0,0,0,1,1,6,2,6,1560,2,4,5,1
201322D304694,1,9,0,9,0,5,0,0,0,0,3,1,6,1,5,1390,1,12,9,1
201322D304700,1,9,0,17,0,0,1,0,1,10,1,1,6,2,9,1997,2,10,6,3
201322D304710,1,9,0,18,0,2,0,0,1,1,1,1,6,1,8,3222,2,9,8,2
201322D304711,1,19,0,17,0,0,0,0,0,0,3,1,6,1,7,2402,2,3,-1,-1
201322D304711,2,9,0,16,0,0,0,0,0,0,3,1,6,3,-1,-1,-1,-1,-1,-1
201322D304717,1,9,0,18,0,2,0,0,0,0,1,1,1,2,7,1560,2,1,7,3
201322D304740,1,9,0,18,0,1,0,0,0,0,3,1,6,1,6,1762,7,14,2,1
201322D304740,2,5,0,18,0,1,0,0,0,0,1,1,6,1,7,1052,1,23,5,1
201322D400055,1,9,0,4,0,1,0,0,0,0,2,1,1,2,6,1242,1,1,6,1
201322D400055,2,9,0,7,0,4,0,0,0,0,1,1,1,1,6,1598,2,2,-1,-1
201322D400074,1,90,0,18,0,0,5,4,0,0,1,1,6,2,11,-1,-1,-1,9,3
201322D400074,2,9,0,2,0,0,0,0,0,0,1,1,6,1,5,1995,2,7,1,1
201322D400077,1,9,0,9,0,6,0,0,0,0,1,1,6,1,4,1598,1,11,2,1
201322D400077,2,9,0,18,0,8,0,0,0,0,1,1,6,1,8,1399,1,7,1,1
201322D400080,1,9,0,9,0,5,1,0,0,0,1,1,6,1,10,1998,2,4,9,1
201322D400080,2,9,0,18,0,8,1,7,0,0,1,1,6,1,8,1124,1,12,-1,-1
201322D400091,1,9,0,17,0,0,0,0,0,0,1,1,6,1,8,2495,2,20,9,1
201322D400091,2,9,0,16,0,0,1,0,0,0,3,1,6,1,8,2000,2,8,8,3
201322D400115,1,9,0,14,0,1,0,0,0,0,1,1,6,1,6,4163,1,-1,8,1
201322D400115,2,9,0,9,0,6,0,0,0,0,4,1,6,2,4,1299,1,10,5,1
201322D400115,3,21,1,2,0,1,0,0,0,0,0,1,1,1,8,12777,2,7,2,1
201322D400123,1,9,0,18,0,0,1,4,0,0,1,1,6,1,4,1598,1,11,7,1
201322D400123,2,9,0,2,0,0,0,0,0,0,2,1,1,1,6,1248,2,1,2,1
201322D400123,3,9,0,3,0,0,0,0,0,0,2,1,6,1,4,1360,1,13,9,1
201322D400162,1,21,1,18,0,0,0,0,0,0,2,1,1,1,7,-1,2,10,4,2
201322D400162,2,19,0,18,0,0,0,0,0,0,1,1,2,1,7,1968,2,1,4,1
201322D400292,1,9,0,12,0,0,0,0,0,0,1,1,6,2,7,1242,1,13,4,1
201322D400292,2,9,0,18,0,0,1,0,0,0,1,1,6,1,5,1796,1,12,3,1
201322E300085,1,9,0,18,0,1,0,0,0,0,1,1,6,3,-1,-1,-1,-1,-1,-1