Accident_Index,Vehicle_Reference,Vehicle_Type,Towing_and_Articulation,Vehicle_Manoeuvre,Vehicle_Location-Restricted_Lane,Junction_Location,Skidding_and_Overturning,Hit_Object_in_Carriageway,Vehicle_Leaving_Carriageway,Hit_Object_off_Carriageway,1st_Point_of_Impact,Was_Vehicle_Left_Hand_Drive?,Journey_Purpose_of_Driver,Sex_of_Driver,Age_Band_of_Driver,Engine_Capacity_(CC),Propulsion_Code,Age_of_Vehicle,Driver_IMD_Decile,Driver_Home_Area_Type
201322E304104,2,1,0,18,0,8,0,0,0,0,1,1,2,1,6,-1,-1,-1,6,1
201322E304115,1,9,0,18,0,0,0,0,0,0,4,1,6,3,-1,-1,-1,-1,-1,-1
201322E304122,1,9,0,9,0,8,0,0,0,0,1,1,6,1,9,2494,1,17,-1,3
201322E304122,2,1,0,5,0,4,0,0,0,0,3,1,6,1,10,-1,-1,-1,-1,-1
201322E304127,1,3,0,18,0,0,0,0,0,0,1,1,2,2,4,124,1,4,10,1
201322E304127,2,9,0,3,0,0,0,0,0,0,3,1,2,1,6,-1,-1,-1,5,2
201322E304231,1,9,0,16,0,0,5,0,2,10,1,1,6,1,4,1124,1,11,-1,-1
201322E304234,1,9,0,18,0,0,0,0,1,0,3,1,6,2,4,1299,1,11,2,1
201322E304234,2,21,1,13,0,0,0,0,0,0,4,1,1,1,8,12777,2,1,-1,3
201322E304238,1,9,0,16,0,0,2,6,0,0,4,1,1,1,6,1396,1,9,3,2
201322E304240,1,9,0,18,0,0,0,0,0,0,1,1,6,2,10,1596,1,7,-1,-1
201322E304240,2,9,0,18,0,0,1,0,0,0,1,1,6,1,5,1527,2,13,5,1
201322E304251,1,9,0,17,0,0,5,0,1,10,4,1,6,2,8,1248,1,3,2,1
201322E304256,1,9,0,9,0,6,0,0,0,0,3,1,6,2,5,1124,1,16,4,2
201322E304256,2,9,0,18,0,1,5,0,7,10,1,1,6,2,6,-1,-1,-1,8,1
201322E304280,1,9,0,17,0,8,0,10,1,10,1,1,6,1,7,1997,1,9,5,1
201322E304280,2,9,0,2,0,8,0,0,0,0,2,1,6,1,10,1596,1,5,2,1
201322E304290,1,9,0,9,0,6,0,0,0,0,1,1,2,1,8,1910,2,6,5,1
201322E304290,2,1,0,17,0,8,0,0,0,0,4,1,2,1,6,-1,-1,-1,6,1
201322E304302,1,9,0,3,0,8,0,0,0,0,2,1,6,1,8,1685,2,-1,8,1
201322E304302,2,9,0,3,0,8,0,0,0,0,2,1,6,1,7,-1,-1,-1,8,1
201322E304302,3,9,0,18,0,8,0,0,0,0,1,1,6,1,8,1995,2,1,10,1
201322E304314,1,9,0,9,0,5,0,0,0,0,1,1,6,3,-1,-1,-1,-1,-1,-1
201322E304319,1,9,0,2,0,0,0,0,0,0,4,1,6,3,-1,-1,-1,-1,-1,-1
201322E304319,2,1,0,18,0,0,0,0,0,0,3,1,6,2,9,-1,-1,-1,5,1
201322E304325,1,21,0,9,0,6,0,0,0,0,1,1,1,1,8,6692,2,5,5,1
201322E304325,2,1,0,18,0,1,0,0,0,0,1,1,6,2,9,-1,-1,-1,9,1
201322E304336,1,9,0,9,0,6,0,0,0,0,1,1,2,2,6,1149,1,5,4,1
201322E304336,2,1,0,18,0,8,0,0,0,0,2,1,2,2,7,-1,-1,-1,4,1
201322E304344,1,19,0,18,0,1,0,0,0,0,1,1,6,1,7,2402,2,7,6,1
201322E304344,2,9,0,10,0,1,0,0,0,0,2,1,1,1,7,1560,2,2,7,1
201322E304348,1,9,0,7,0,5,0,0,0,0,4,1,6,1,7,2494,2,2,3,1
201322E304348,2,9,0,5,0,1,0,0,0,0,3,1,6,1,9,1896,2,13,7,3
201322E304349,1,9,0,18,0,0,0,0,1,3,1,1,6,2,8,1878,2,9,3,1
201322E304351,1,9,0,5,0,6,0,0,0,0,3,1,6,2,4,-1,-1,-1,5,3
201322E304351,2,19,0,18,0,1,0,0,0,0,1,1,6,1,7,2500,2,5,6,3
201322E304377,1,9,0,16,0,0,0,0,0,0,1,1,6,2,6,1905,2,15,6,3
201322E304377,2,9,0,17,0,0,0,0,7,0,1,1,6,2,7,1490,1,5,6,3
201322E304381,1,19,0,4,0,0,0,0,0,0,1,1,1,1,7,-1,-1,-1,10,1
201322E304381,2,9,0,3,0,0,0,0,0,0,2,1,2,2,9,1560,2,1,-1,-1
201322E304381,3,9,0,18,0,0,0,0,0,0,1,1,6,2,10,2496,1,9,5,3
201322E304382,1,9,0,18,0,4,0,9,0,0,1,1,2,1,9,1896,2,12,5,3
201322E304420,1,9,0,13,0,0,1,10,8,0,3,1,2,1,8,2495,2,18,8,3
201322E304420,2,9,0,18,0,0,0,0,0,0,3,1,2,1,5,1796,1,11,-1,1
201322E304431,1,9,0,18,0,1,0,4,0,0,1,1,6,2,6,1800,1,14,3,1
201322E304431,2,9,0,2,0,1,0,0,0,0,1,1,6,1,5,1995,2,8,4,1
201322E304431,3,9,0,2,0,1,0,0,0,0,3,1,6,1,6,1896,2,4,6,1
201322E304431,4,9,0,2,0,1,0,0,0,0,3,1,6,2,8,1995,2,9,4,1
201322E304431,5,9,0,2,0,1,0,0,0,0,3,1,6,1,7,1997,2,11,5,3
201322E304459,1,9,0,16,0,0,5,0,0,0,4,1,6,2,5,998,1,14,5,1
201322E304487,1,9,0,18,0,0,0,0,0,0,1,1,6,1,4,1910,2,5,6,1
201322E304487,2,17,4,18,0,0,0,0,0,0,2,1,1,1,6,-1,2,2,2,1
201322E304490,1,9,0,9,0,6,0,0,1,0,3,1,6,2,10,1596,1,5,10,1
201322E304490,2,9,0,18,0,8,0,0,0,0,1,1,6,1,8,2470,2,21,-1,1
201322E304497,1,9,0,7,0,6,0,0,0,0,1,1,6,1,10,1834,1,12,5,3
201322E304497,2,9,0,18,0,8,0,0,0,0,1,1,6,2,7,1998,2,5,-1,-1
201322E304524,1,9,0,18,0,1,1,0,1,5,3,1,1,2,6,1968,2,6,2,1
201322E304524,2,9,0,9,0,6,0,0,0,0,1,1,6,1,6,1299,1,10,3,1
201322E304536,1,9,0,3,0,0,0,0,0,0,2,1,6,1,5,973,1,10,6,1
201322E304536,2,1,0,18,0,0,0,0,0,0,2,1,6,1,4,-1,-1,-1,6,3
201322E304561,1,9,0,9,0,6,0,0,0,0,3,1,6,1,11,1390,1,8,5,3
201322E304561,2,9,0,18,0,8,0,0,0,0,4,1,6,1,10,1598,1,7,9,3
201322E304584,1,9,0,18,0,0,0,0,0,0,1,1,2,2,8,1461,2,3,5,3
201322E304585,1,9,0,3,0,0,0,0,0,0,2,1,6,2,6,998,1,11,5,1
201322E304585,2,9,0,18,0,0,1,0,0,0,1,1,6,2,5,-1,-1,-1,4,2
201322E304603,1,9,0,17,0,2,2,0,0,0,3,1,3,2,7,2776,2,8,5,3
201322E304611,1,9,0,18,0,2,0,0,1,10,1,1,6,1,7,1997,2,12,3,1
201322E304613,1,5,0,18,0,8,0,0,0,0,1,1,6,1,6,599,1,9,2,1
201322E304613,2,9,0,3,0,8,0,0,0,0,2,1,1,1,8,1686,2,10,-1,2
201322E304617,1,9,0,9,0,6,0,0,0,0,1,1,6,1,8,-1,-1,-1,8,1
201322E304617,2,1,0,18,0,1,0,0,0,0,1,1,6,1,7,-1,-1,-1,4,1
201322E304646,1,19,0,16,0,1,2,6,0,0,4,1,1,1,9,2143,2,-1,-1,-1
201322E304651,1,9,0,18,0,0,0,0,0,0,1,1,1,2,6,1968,2,1,5,1
201322E304651,2,9,0,18,0,0,0,0,0,0,1,1,2,2,8,1997,2,10,1,1
201322E304660,1,19,0,18,0,1,1,0,0,0,1,1,1,1,10,2500,2,7,-1,-1
201322E304660,2,9,0,3,0,1,0,0,0,0,2,1,1,1,7,1598,1,4,6,1
201322E304660,3,9,0,3,0,1,0,0,0,0,2,1,2,2,6,1248,2,-1,5,3
201322E304660,4,9,0,10,0,1,0,0,0,0,2,1,6,1,10,1390,1,7,5,1
201322E304679,1,9,0,9,0,6,0,0,0,0,1,1,2,1,9,1590,1,9,8,1
201322E304696,1,3,0,18,0,0,1,0,1,10,1,1,2,1,4,124,1,1,2,1
201322E304697,1,19,0,9,0,5,0,0,0,0,3,1,1,1,7,2460,2,5,6,3
201322E304697,2,9,0,18,0,1,0,0,0,0,3,1,6,2,7,1896,2,6,5,3
201322E304699,1,9,0,18,0,0,0,0,1,0,1,1,6,1,10,1586,1,5,9,2
201322E304699,2,9,3,18,0,0,0,0,1,0,3,1,1,1,7,-1,-1,-1,5,3
201322E304714,1,9,0,17,0,0,0,0,0,0,1,1,6,1,4,1242,1,1,6,3
201322E304714,2,21,1,16,0,0,0,0,0,0,1,1,1,1,9,12777,2,-1,4,1
201322E304714,3,9,0,18,0,0,0,0,0,0,0,1,1,1,8,2488,2,2,3,1
201322E304737,1,20,0,17,0,8,1,10,1,0,1,1,1,1,8,4461,2,4,9,1
201322E304737,2,19,0,16,0,1,0,0,0,0,1,1,1,2,6,2198,2,4,3,1
201322E304738,1,19,0,18,0,0,0,0,7,4,1,1,1,1,8,1995,2,-1,-1,-1
201322E400007,1,9,0,16,0,0,5,0,2,0,1,1,6,2,4,1596,1,1,5,3
201322E400021,1,9,0,18,0,8,0,0,0,0,1,1,6,2,8,4367,2,1,3,1
201322E400021,2,9,0,10,0,8,0,0,0,0,2,1,6,2,8,1598,1,13,2,1
201322E400034,1,9,0,9,0,6,0,0,0,0,1,1,6,2,11,1229,1,4,8,1
201322E400034,2,9,0,18,0,8,0,0,7,10,1,1,6,2,8,1398,1,1,6,3
201322E400035,1,1,0,18,0,6,0,0,0,0,1,1,4,1,2,-1,-1,-1,-1,-1
201322E400035,2,9,0,5,0,6,0,0,0,0,3,1,2,1,5,1329,1,1,7,1
201322E400038,1,9,0,16,0,8,2,0,2,0,1,1,1,1,5,-1,-1,-1,7,3
201322E400047,1,8,0,18,0,0,1,0,2,10,1,1,6,2,5,1997,2,8,6,3
201322E400050,1,9,0,9,0,5,1,0,7,10,1,1,6,1,6,1598,1,12,4,1
201322E400050,2,9,0,18,0,1,0,0,0,0,0,1,1,1,6,2488,2,3,-1,-1
201322E400063,1,9,0,16,0,0,1,0,7,10,1,1,6,2,9,1598,2,6,5,3
201322E400068,1,21,1,18,0,0,0,0,1,1,1,1,1,1,8,12777,2,1,3,1
201322E400068,2,9,0,4,0,0,0,0,0,0,2,1,6,2,8,1995,2,9,2,1
201322E400068,3,9,0,4,0,0,0,0,0,0,2,1,6,1,9,1398,1,-1,8,3
201322E400076,1,9,0,16,0,0,0,0,0,0,3,1,6,1,5,1794,1,12,4,2
201322E400076,2,9,0,17,0,0,0,0,0,0,3,1,6,2,8,1896,2,5,5,3
201322E400097,1,9,0,18,0,8,0,0,0,0,1,1,6,1,9,1560,2,8,6,3
201322E400097,2,9,0,9,0,5,0,0,0,0,4,1,6,2,10,1598,1,14,5,3
201322E400100,1,3,0,18,0,0,0,0,0,0,1,1,6,2,4,125,1,-1,5,3
201322E400100,2,9,0,18,0,0,0,0,0,0,2,1,1,1,8,2400,2,1,6,1
201322E400165,1,9,0,18,0,8,0,0,0,0,1,1,3,2,8,1796,1,13,5,1
201322E400165,2,9,0,9,0,6,0,0,0,0,3,1,6,1,11,1990,1,27,4,1
201322E400167,1,9,0,17,0,1,2,10,7,9,1,1,6,2,6,1461,2,10,-1,3
201322E400177,1,9,0,18,0,0,0,0,0,0,1,1,6,1,6,1198,1,8,6,1
201322E400177,2,9,0,18,0,0,0,0,0,0,1,1,6,1,9,1753,2,4,9,2
201322F300114,1,9,0,18,0,1,0,0,0,0,1,1,6,2,9,1796,1,6,9,2
201322F300145,1,9,0,18,0,0,0,0,0,0,1,1,2,2,7,1388,1,10,3,1
201322F300145,2,9,0,18,0,0,0,0,0,0,1,1,2,2,7,-1,-1,-1,4,1
201322F300148,1,9,0,18,0,8,0,0,0,0,1,1,1,2,8,-1,-1,-1,-1,-1
201322F300148,2,9,0,4,0,8,0,0,0,0,2,1,6,1,7,1968,2,6,-1,1
201322F300148,3,9,0,4,0,8,0,0,0,0,2,1,6,1,6,1560,2,2,4,1
201322F300153,1,9,0,9,0,6,0,0,0,0,0,1,6,2,7,1196,1,18,6,1
201322F300153,2,1,0,18,0,8,0,0,0,0,3,1,6,1,4,-1,-1,-1,9,1
201322F300161,1,9,0,17,0,0,2,0,2,10,4,1,6,2,7,1198,1,8,9,2
201322F300162,1,19,0,18,0,8,1,0,0,0,1,1,1,1,7,1870,2,10,4,1
201322F300162,2,9,0,3,0,8,0,0,0,0,2,1,6,1,7,1896,2,8,8,3
201322F300162,3,9,0,10,0,8,0,0,0,0,2,1,6,2,8,1560,2,9,5,1
201322F300165,1,19,0,18,0,8,0,0,0,0,1,1,1,1,6,1753,2,8,-1,-1
201322F300165,2,1,0,9,0,6,0,0,0,0,4,1,2,2,8,-1,-1,-1,-1,-1
201322F300177,1,19,0,9,0,5,0,0,0,0,3,1,1,1,6,1248,2,6,2,1
201322F300177,2,5,0,18,0,8,0,0,0,0,4,1,2,1,8,650,1,12,3,1
201322F300190,1,9,0,4,0,0,0,0,0,0,1,1,6,1,7,2720,2,6,6,3
201322F300212,1,9,0,7,0,4,0,0,0,0,1,1,1,2,6,998,1,10,5,3
201322F300212,2,1,0,18,0,8,0,0,0,0,1,1,6,1,10,-1,-1,-1,4,1
201322F300233,1,9,0,18,0,0,1,6,8,7,1,1,6,2,6,-1,-1,-1,-1,1
201322F300251,1,3,0,16,0,0,0,0,7,1,4,1,6,1,4,124,1,1,8,3
201322F300253,1,9,0,9,0,5,0,0,0,0,1,1,6,2,9,1364,1,6,7,1
201322F300253,2,2,0,18,0,1,0,0,0,0,1,1,6,1,4,49,1,4,7,1
201322F300258,1,2,0,5,0,1,0,0,0,0,1,1,6,1,4,50,1,2,-1,-1
201322F300258,2,9,0,9,0,5,0,0,0,0,4,1,6,2,7,1272,1,21,4,3
201322F300260,1,9,0,18,0,1,1,0,7,3,1,1,6,2,6,1998,2,6,6,3
201322F300263,1,9,0,17,0,0,2,0,1,4,1,1,2,1,7,1749,1,12,-1,-1
201322F300288,1,19,0,18,0,2,0,0,0,0,1,1,6,1,8,-1,-1,-1,5,2
201322F300314,1,9,0,18,0,1,0,4,0,0,1,1,6,1,11,1390,1,12,9,2
201322F300314,2,9,0,2,0,1,0,0,0,0,2,1,6,1,9,1598,1,3,9,1
201322F300318,1,9,0,17,0,0,0,0,1,10,1,1,6,2,9,1390,1,7,6,3
201322F300321,1,9,0,16,0,0,0,0,0,0,0,1,6,3,-1,-1,-1,-1,-1,-1
201322F300321,2,9,0,17,0,0,1,0,2,0,4,1,3,2,8,2495,2,14,7,3
201322F300323,1,9,0,16,0,0,0,0,0,0,1,1,6,1,5,1199,1,11,9,1
201322F300323,2,8,0,16,0,0,0,0,1,0,2,1,1,1,9,2499,2,3,-1,-1
201322F300331,1,9,0,9,0,5,0,0,0,0,1,1,6,1,11,1896,2,5,-1,-1
201322F300348,1,9,0,18,0,0,1,0,7,4,1,1,2,1,4,1388,1,4,9,1
201322F300357,1,9,0,18,0,4,0,0,0,0,1,1,6,1,9,-1,-1,-1,9,2
201322F300357,2,3,0,18,0,8,0,0,0,0,4,1,6,1,4,-1,-1,-1,8,1
201322F300366,1,9,0,18,0,0,5,0,1,10,4,1,6,2,6,1360,1,10,8,2
201322F300368,1,9,0,16,0,0,1,0,0,0,1,1,6,2,6,1242,1,9,7,1
201322F300368,2,9,0,17,0,0,0,0,0,0,1,1,6,1,7,1998,1,13,6,2
201322F300374,1,19,0,9,0,5,0,0,0,0,1,1,6,1,4,2402,2,7,5,3
201322F300374,2,9,0,18,0,8,0,0,0,0,1,1,6,2,7,1242,1,12,8,2
201322F300382,1,9,0,5,0,8,0,0,0,0,2,1,6,2,5,1299,1,12,-1,-1
201322F300382,2,9,0,5,0,8,0,0,0,0,1,1,6,2,7,1598,1,6,-1,-1
201322F300390,1,9,0,17,0,0,1,0,1,9,1,1,2,2,6,1560,2,2,5,2
201322F300394,1,9,0,18,0,0,0,0,0,0,1,1,2,1,8,1589,1,16,7,2
201322F300394,2,9,0,18,0,0,0,0,0,0,2,1,2,1,9,1598,1,6,5,3
201322F300398,1,9,0,5,0,1,0,0,0,0,1,1,6,1,9,1795,1,15,4,1
201322F300402,1,9,0,17,0,8,1,0,1,0,1,1,2,1,7,1794,1,10,4,2
201322F300402,2,9,0,10,0,1,0,0,0,0,1,1,2,1,8,-1,-1,-1,-1,-1
201322F300432,1,9,0,18,0,0,0,0,1,4,3,1,6,2,6,1390,1,4,6,1
201322F300451,1,5,0,13,0,3,0,0,0,0,1,1,6,1,5,636,1,10,4,3
201322F300451,2,9,0,6,0,3,0,0,0,0,3,1,6,1,6,1584,1,7,4,3
201322F300461,1,9,0,9,0,6,0,0,0,0,1,1,6,1,8,1794,1,8,9,1
201322F300461,2,1,0,9,8,6,0,0,0,0,1,1,6,1,9,-1,-1,-1,4,1
201322F300462,1,9,0,18,0,0,0,0,0,0,4,1,6,1,9,1206,1,2,3,1
201322F300485,1,9,0,18,0,8,0,0,0,0,1,1,1,2,9,2495,2,11,5,3
201322F300485,2,9,0,10,0,8,0,0,0,0,2,1,1,1,7,-1,-1,-1,-1,-1
201322F300485,3,9,0,3,0,8,0,0,0,0,2,1,1,1,7,1398,2,6,-1,-1
201322F300485,4,9,0,3,0,8,0,0,0,0,2,1,2,1,10,1560,2,1,3,1
201322F300500,1,17,0,9,0,5,0,0,0,0,3,1,1,1,5,-1,2,8,-1,-1
201322F300500,2,21,1,13,0,8,0,0,0,0,1,1,1,1,8,12900,2,6,-1,-1
201322F300523,1,9,0,17,0,0,5,0,2,0,4,1,6,1,4,1360,1,16,4,2
201322F300525,1,9,0,9,0,6,0,0,0,0,1,1,2,2,5,-1,-1,-1,10,1
201322F300525,2,9,0,18,0,8,0,0,7,2,4,1,6,2,8,1956,2,2,5,3
201322F300525,3,9,0,10,0,8,0,0,0,0,1,1,6,2,10,1975,1,8,5,3
201322F300526,1,9,0,17,0,0,0,0,1,3,1,1,6,1,10,1997,2,8,-1,-1
201322F300544,1,9,0,18,0,4,0,0,0,0,1,1,6,1,10,1598,1,1,5,1
201322F300544,2,9,0,18,0,8,0,9,0,0,1,1,6,1,7,1896,2,11,6,1
201322F300547,1,9,0,17,0,0,2,10,7,10,1,1,6,1,8,1149,1,8,2,1
201322F300557,1,9,0,18,0,1,0,0,0,0,1,1,6,2,4,1124,1,12,1,1
201322F300557,2,9,0,10,0,1,0,0,0,0,3,1,6,2,8,1796,1,2,8,3
201322F300557,3,9,0,18,0,1,0,0,0,0,1,1,6,1,10,1998,2,6,6,1
201322F300588,1,9,0,16,0,8,0,0,0,0,1,1,6,1,9,2435,1,17,-1,3
201322F300588,2,9,0,17,0,8,0,0,0,0,1,1,6,2,9,1560,2,6,8,2
201322F300591,1,9,0,17,0,0,5,0,1,0,4,1,6,2,4,1124,1,11,9,2
201322F300597,1,9,0,17,0,0,2,0,8,10,1,1,6,1,11,1124,1,12,7,3
201322F300599,1,9,0,13,0,0,2,0,2,7,4,1,6,2,7,1598,1,9,9,2
201322F300599,2,9,0,13,0,0,0,0,0,0,3,1,6,1,8,2198,1,15,5,3
201322F300600,1,21,1,18,0,8,0,0,0,0,1,1,1,1,9,10518,2,4,-1,-1
201322F300600,2,9,0,9,0,5,0,0,7,0,2,1,6,2,7,1149,1,11,3,1
201322F300602,1,9,0,18,0,8,1,0,0,0,1,1,6,2,5,796,1,13,1,1
201322F300602,2,9,0,3,0,8,0,0,0,0,2,1,1,2,8,-1,-1,-1,-1,-1
201322F300606,1,9,0,4,0,0,1,0,0,0,1,1,2,2,8,1988,1,12,6,1
201322F300606,2,9,0,4,0,0,0,0,0,0,2,1,2,1,9,-1,-1,-1,7,3
201322F300606,3,9,0,4,0,0,0,0,0,0,2,1,2,1,6,1753,2,10,4,1
201322F300606,4,9,0,4,0,0,1,0,0,0,1,1,2,1,6,1995,1,9,7,3
201322F300608,1,9,0,18,0,8,0,0,0,0,1,1,6,1,7,1396,1,16,6,1
201322F300608,2,9,0,9,0,5,0,0,0,0,1,1,6,1,4,1896,2,5,7,1
201322F300609,1,9,0,5,0,6,0,0,0,0,1,1,6,1,7,-1,-1,-1,6,3
201322F300609,2,9,0,18,0,8,0,0,1,10,1,1,6,1,10,2720,2,5,6,1
201322F300611,1,9,0,16,0,8,1,0,0,0,3,1,6,2,6,1598,1,9,5,1
201322F300611,2,9,0,3,0,8,0,0,0,0,3,1,6,2,10,1364,1,3,6,3
201322F300635,1,5,0,17,0,0,1,0,0,0,3,1,2,1,7,-1,-1,-1,4,1
201322F300655,1,9,0,18,0,0,5,0,7,10,3,1,6,2,8,2179,2,9,6,3
201322F300657,1,9,0,9,0,6,0,0,0,0,1,1,6,1,9,1364,1,3,7,1
201322F300657,2,1,0,18,0,1,0,0,0,0,1,1,1,1,3,-1,-1,-1,4,1
201322F300659,1,9,0,9,0,5,0,0,0,0,1,1,6,2,4,1124,1,13,5,1
201322F300659,2,9,0,5,0,8,0,0,1,10,3,1,6,1,6,1360,1,4,9,1
201322F300661,1,5,0,16,0,0,0,0,0,0,3,1,6,1,9,996,1,7,7,1
201322F300661,2,9,0,17,0,0,1,0,1,0,3,1,6,1,7,1910,2,6,7,3
201322F300676,1,9,0,18,0,0,5,4,1,0,1,1,6,2,4,1299,1,11,8,3
201322F300676,2,9,0,2,0,0,0,0,0,0,1,1,6,1,6,2000,2,7,3,1
201322F300692,1,9,0,9,0,6,0,0,0,0,3,1,6,1,4,1120,1,15,5,1
201322F300692,2,9,0,4,0,8,0,0,0,0,1,1,6,2,7,1560,2,9,10,2
201322F300692,3,9,0,9,0,6,0,0,0,0,0,1,6,1,4,1997,2,13,10,3
201322F300695,1,9,0,7,0,6,2,0,2,10,1,1,6,2,6,1596,1,6,-1,-1
201322F300697,1,9,0,4,0,0,0,0,0,0,2,1,6,1,7,1498,1,2,5,1
201322F300697,2,9,0,18,0,0,0,0,0,0,1,1,2,2,6,1796,1,8,-1,-1
201322F300698,1,9,0,18,7,0,0,4,0,0,1,1,6,1,10,2765,2,24,4,2
201322F300698,2,21,1,2,6,0,0,0,0,0,2,1,1,1,8,12740,2,2,8,1
201322F300702,1,5,0,18,0,0,1,10,5,6,3,1,6,1,6,600,1,5,-1,-1
201322F300714,1,9,0,9,0,6,0,0,0,0,1,1,6,2,9,1343,1,13,7,3
201322F300714,2,9,0,18,0,8,0,0,1,0,4,1,1,1,10,1149,1,2,6,1
201322F300725,1,9,0,17,0,0,1,0,7,0,3,1,6,2,8,-1,-1,-1,4,1
201322F300730,1,9,0,17,0,0,0,0,0,0,1,1,6,2,8,1590,1,14,6,3
201322F300730,2,9,0,16,0,0,0,0,0,0,1,1,6,1,5,1587,1,13,3,2
201322F300731,1,11,0,9,0,6,0,11,0,0,4,1,1,1,8,-1,-1,-1,8,2
201322F300757,1,9,0,9,0,6,0,0,0,0,1,1,3,2,6,1560,2,4,4,1
201322F300757,2,4,0,14,0,8,0,0,0,0,1,1,2,1,6,498,1,14,4,2
201322F300762,1,9,0,17,0,0,1,0,7,10,1,1,6,1,4,1242,1,13,6,3
201322F300775,1,9,0,18,0,0,0,0,0,0,1,1,6,1,6,1396,1,15,4,2
201322F300775,2,9,0,4,0,0,0,0,0,0,2,1,6,1,7,3628,2,6,3,2
201322F300776,1,9,0,9,0,8,0,0,7,9,2,1,3,2,6,2184,2,7,5,3
201322F300776,2,21,0,18,0,1,0,0,0,0,1,1,1,1,8,-1,2,10,5,3
201322F300778,1,9,0,17,0,0,1,0,7,10,1,1,1,2,8,1388,1,6,6,1
201322F300792,1,9,0,17,0,0,1,0,8,10,1,1,1,1,7,1242,1,11,6,3
201322F300793,1,9,0,18,0,1,0,0,0,0,1,1,6,1,5,-1,-1,-1,8,2
201322F300793,2,9,0,4,0,1,0,0,1,0,1,1,6,1,8,-1,-1,-1,8,3
201322F300793,3,9,0,18,0,2,0,0,1,0,1,1,6,1,9,2179,2,1,8,3
201322F300794,1,9,0,4,0,0,0,0,0,0,2,1,6,1,8,1781,1,15,5,1
201322F300794,2,9,0,18,0,0,0,0,0,0,1,1,6,1,8,1870,2,12,6,1
201322F300795,1,9,0,18,0,0,2,10,7,9,4,1,6,2,4,1229,1,8,-1,-1
201322F300796,1,9,0,9,0,6,0,0,0,0,1,1,1,1,5,-1,-1,-1,10,1
201322F300796,2,1,0,18,0,8,0,0,0,0,1,1,2,1,4,-1,-1,-1,4,1
201322F300804,1,9,4,17,0,0,3,0,0,0,3,1,1,1,8,2495,2,22,5,3
201322F300804,2,9,4,16,0,0,0,0,7,10,3,2,1,1,7,2495,2,12,7,3
201322F300806,1,9,0,4,0,0,0,0,0,0,1,1,6,2,7,1388,1,10,5,3
201322F300806,2,17,5,18,0,0,0,0,0,0,1,1,1,2,8,-1,-1,-1,-1,-1
201322F300810,1,9,0,18,0,1,1,0,7,10,4,1,6,2,10,1984,1,14,6,3
201322F300810,2,19,0,5,0,6,0,0,0,0,1,1,1,1,8,2198,2,1,7,1
201322F300816,1,9,0,18,0,0,0,0,1,4,1,1,2,1,7,998,1,11,6,1
201322F300822,1,9,0,5,0,4,0,0,0,0,1,1,6,2,8,1998,1,11,-1,3
201322F300822,2,1,0,18,0,8,0,0,0,0,2,1,6,1,6,-1,-1,-1,9,1
201322F300831,1,9,0,18,0,2,0,0,0,0,1,1,6,1,10,1596,1,7,6,1
201322F300841,1,9,0,4,0,8,0,0,0,0,2,1,2,1,8,1332,1,16,4,3
201322F300841,2,9,0,18,0,8,1,0,0,0,1,1,2,2,4,1199,1,13,6,3
201322F300843,1,11,0,18,0,1,1,0,0,0,1,1,1,1,5,11967,2,12,3,1
201322F300843,2,19,0,18,0,1,0,0,0,0,2,1,1,2,8,2402,2,13,7,1
201322F300843,3,9,0,4,0,1,0,0,0,0,2,1,1,1,9,1560,2,6,10,1
201322F300870,1,19,0,17,0,0,2,0,2,10,1,1,1,2,6,1753,2,4,7,1
201322F300882,1,9,0,4,0,1,0,0,0,0,2,1,6,2,5,1598,1,14,3,2
201322F300882,2,9,0,18,0,1,0,0,0,0,1,1,6,2,5,1796,1,7,3,2
201322F300883,1,9,0,16,0,0,2,0,1,10,4,1,6,2,6,1896,2,8,4,1
201322F300887,1,19,0,18,0,0,0,0,0,0,1,1,2,1,7,1867,2,9,5,3
201322F300891,1,4,0,18,0,8,1,0,0,0,1,1,6,1,4,124,1,1,4,2
201322F300891,2,4,0,3,0,8,0,0,0,0,2,1,6,1,4,124,1,1,8,3
201322F300891,3,9,0,10,0,8,0,0,0,0,3,1,6,1,8,2993,2,1,6,2
201322F300895,1,9,0,9,0,6,0,0,0,0,1,1,6,2,10,1598,1,16,7,1
201322F300895,2,5,0,3,0,8,0,0,0,0,1,1,6,1,7,747,1,28,5,2
201322F300929,1,9,0,9,0,5,0,0,0,0,3,1,6,2,-1,-1,-1,-1,-1,-1
201322F300960,1,17,4,18,0,0,0,0,0,0,1,1,1,1,4,-1,2,12,6,3
201322F300960,2,9,0,3,0,0,0,0,0,0,3,1,6,2,7,1968,2,2,5,3
201322F300962,1,9,0,18,0,0,0,0,0,0,1,1,6,2,5,1199,1,10,2,1
201322F300980,1,9,0,18,0,8,0,0,0,0,1,1,6,3,-1,1796,1,12,-1,-1
201322F300990,1,9,0,16,0,0,1,0,0,0,1,1,2,2,7,1360,1,15,8,1