Accident_Index,Vehicle_Reference,Vehicle_Type,Towing_and_Articulation,Vehicle_Manoeuvre,Vehicle_Location-Restricted_Lane,Junction_Location,Skidding_and_Overturning,Hit_Object_in_Carriageway,Vehicle_Leaving_Carriageway,Hit_Object_off_Carriageway,1st_Point_of_Impact,Was_Vehicle_Left_Hand_Drive?,Journey_Purpose_of_Driver,Sex_of_Driver,Age_Band_of_Driver,Engine_Capacity_(CC),Propulsion_Code,Age_of_Vehicle,Driver_IMD_Decile,Driver_Home_Area_Type
201322G303169,1,3,0,17,0,0,0,0,1,9,1,1,6,2,5,124,1,6,8,1
201322G303241,1,9,0,18,0,3,1,10,1,1,1,1,6,2,7,1199,1,12,3,1
201322G303251,1,9,0,9,0,6,0,0,0,0,3,1,6,1,10,1998,2,-1,9,1
201322G303251,2,9,0,18,0,8,0,0,0,0,1,1,6,2,6,1598,1,12,6,1
201322G303252,1,9,0,3,0,1,0,0,0,0,2,1,3,2,6,1596,1,10,5,1
201322G303252,2,19,0,4,0,1,0,0,0,0,1,1,2,1,6,2494,2,7,2,1
201322G303281,1,9,0,16,0,0,0,0,0,0,4,1,6,3,-1,-1,-1,-1,-1,-1
201322G303308,1,3,0,18,0,8,1,0,0,0,2,1,2,1,4,124,1,3,4,1
201322G303308,2,9,0,9,0,6,0,0,0,0,1,1,6,2,4,1248,2,2,5,1
201322G303321,1,9,0,12,0,1,0,0,0,0,2,1,6,1,5,1870,2,8,1,1
201322G303321,2,21,0,18,0,1,0,0,0,0,1,1,1,1,9,12580,2,9,4,3
201322G303355,1,9,0,18,0,0,0,0,0,0,3,1,2,2,5,1598,1,13,1,1
201322G303388,1,19,0,1,0,1,0,0,0,0,2,1,1,3,-1,-1,-1,-1,-1,-1
201322G303388,2,9,0,3,0,1,0,0,0,0,1,1,6,1,6,1124,1,16,3,1
201322G303402,1,8,0,18,0,2,0,0,0,0,4,1,1,1,9,1896,2,9,7,1
201322G303402,2,1,0,3,0,2,0,0,0,0,1,1,4,1,3,-1,-1,-1,3,1
201322G303408,1,3,0,18,0,0,0,0,0,0,1,1,2,1,4,125,1,5,7,1
201322G303408,2,19,0,18,0,0,0,0,0,0,1,1,1,1,7,2496,2,14,4,1
201322G303408,3,11,0,3,0,0,0,0,0,0,2,1,1,1,7,12000,2,6,-1,-1
201322G303411,1,3,0,16,0,4,1,0,0,0,4,1,6,1,4,125,1,1,1,1
201322G303452,1,9,0,9,0,5,0,0,0,0,1,1,6,2,7,1796,1,11,-1,-1
201322G303452,2,9,0,18,0,8,0,0,0,0,1,1,6,2,8,2198,2,5,4,1
201322G303497,1,9,0,5,0,4,0,0,0,0,1,1,2,2,7,1390,1,5,4,1
201322G303497,2,9,0,5,0,4,0,0,0,0,2,1,2,2,7,-1,-1,-1,6,1
201322G303498,1,9,0,4,0,1,0,0,0,0,1,1,6,1,4,-1,-1,-1,8,3
201322G303498,2,19,0,3,0,1,0,0,0,0,2,1,1,1,6,2287,2,1,6,1
201322G303514,1,9,0,9,0,5,0,0,0,0,1,1,6,1,11,1498,1,1,7,1
201322G303514,2,5,0,18,0,8,1,10,7,0,3,1,6,1,9,-1,-1,-1,-1,-1
201322G303517,1,1,0,18,0,6,0,0,0,0,1,1,6,1,7,-1,-1,-1,2,1
201322G303517,2,19,0,9,0,5,0,0,0,0,1,1,6,1,7,2198,2,2,3,1
201322G303555,1,9,0,5,0,6,0,0,0,0,1,1,6,1,8,1995,2,6,10,1
201322G303555,2,9,0,18,0,1,0,0,0,0,1,1,6,1,8,1242,1,7,8,1
201322G303566,1,8,0,18,0,8,1,0,0,0,1,1,1,1,9,1560,2,7,7,1
201322G303566,2,9,0,9,0,6,0,0,0,0,3,1,1,1,7,1896,2,7,9,1
201322G303592,1,3,0,18,0,0,1,10,1,4,4,1,6,1,4,124,1,7,8,3
201322G303602,1,9,0,10,0,8,0,0,0,0,2,1,6,1,4,1598,1,7,7,1
201322G303602,2,9,0,16,0,8,0,0,0,0,1,1,6,2,5,1242,1,14,-1,3
201322G303603,1,9,0,9,0,6,0,0,0,0,3,1,1,1,8,1360,1,13,2,1
201322G303603,2,9,0,18,0,8,1,0,0,0,1,1,2,1,4,-1,-1,-1,1,1
201322G303605,1,9,0,4,0,0,0,0,0,0,1,1,6,1,7,1149,1,11,6,3
201322G303605,2,9,0,11,0,0,0,0,0,0,2,1,6,1,6,1587,1,11,-1,3
201322G303606,1,9,0,18,0,8,0,0,0,0,1,1,6,1,7,998,1,5,1,1
201322G303606,2,9,0,9,0,5,0,0,0,0,1,1,6,1,6,1461,2,4,1,1
201322G303651,1,9,0,5,0,3,0,0,0,0,1,1,6,1,7,2231,2,6,5,1
201322G303651,2,3,0,5,0,3,1,0,0,0,4,1,6,1,4,124,1,1,1,1
201322G303675,1,9,0,9,0,5,0,0,0,0,1,1,1,2,4,1229,1,8,2,1
201322G303675,2,1,0,18,0,8,0,0,0,0,1,1,6,1,6,-1,-1,-1,4,1
201322G303692,1,9,0,18,0,0,1,0,1,2,3,1,6,2,6,1396,1,9,2,1
201322G303694,1,9,0,2,0,0,0,0,0,0,3,1,6,1,9,1769,1,13,5,1
201322G303694,2,1,0,14,0,0,0,8,0,0,1,1,6,1,7,-1,-1,-1,3,1
201322G303719,1,9,0,18,0,1,0,0,0,0,4,1,6,2,6,1248,1,4,5,1
201322G303723,1,1,0,18,0,0,0,10,1,0,1,1,6,1,5,-1,-1,-1,1,1
201322G303737,1,9,0,18,0,5,0,0,0,0,4,1,6,2,6,1686,2,9,1,1
201322G303737,2,9,0,7,0,5,0,0,0,0,1,1,6,2,8,1598,1,2,1,1
201322G303741,1,9,0,18,0,8,0,0,0,0,1,1,6,3,-1,796,1,11,-1,-1
201322G303741,2,9,0,10,0,8,0,0,0,0,2,1,6,1,10,1461,2,-1,2,1
201322G303772,1,9,0,9,0,6,0,0,0,0,2,1,2,1,6,1198,1,7,6,1
201322G303772,2,9,0,18,0,8,1,0,0,0,1,1,2,1,7,1396,1,12,3,1
201322G303801,1,9,0,9,0,5,0,0,0,0,3,1,3,2,7,1998,2,8,7,1
201322G303801,2,9,0,13,0,8,0,0,7,0,4,1,2,1,7,1997,1,10,2,1
201322G303821,1,19,0,1,0,0,0,0,0,0,2,1,6,1,6,2500,2,12,5,1
201322G303821,2,9,0,3,0,0,0,0,0,0,1,1,2,2,5,1560,2,2,10,1
201322G303826,1,9,0,4,0,0,1,0,0,0,1,1,6,2,4,1149,1,6,10,1
201322G303826,2,9,0,4,0,0,0,0,0,0,2,1,6,1,7,1598,2,2,6,1
201322G303827,1,9,0,18,0,0,1,0,0,0,1,1,6,1,9,2143,2,2,-1,-1
201322G303827,2,9,0,18,0,0,5,0,1,0,2,1,6,1,8,1242,1,5,10,1
201322G303844,1,9,0,17,0,0,0,0,0,0,1,1,6,2,6,-1,-1,-1,1,1
201322G303844,2,19,0,16,0,0,1,0,0,0,1,1,6,1,8,2402,2,7,1,1
201322G303845,1,9,0,18,0,1,0,0,1,2,1,1,6,1,11,1968,2,2,7,1
201322G303845,2,9,0,10,0,8,0,0,0,0,2,1,6,2,6,1124,1,11,4,1
201322G303852,1,21,0,16,0,0,0,0,0,0,1,1,1,1,6,12900,2,2,7,3
201322G303852,2,21,0,4,0,0,0,0,0,0,2,1,1,1,8,10837,2,-1,6,3
201322G303884,1,3,0,18,0,0,1,0,0,0,4,1,2,1,6,125,1,5,9,1
201322G303897,1,9,0,16,0,3,1,0,7,1,4,1,6,1,5,1895,1,13,3,1
201322G303898,1,9,0,18,0,0,0,0,0,0,1,1,6,2,7,1995,2,12,1,1
201322G303953,1,9,0,3,0,0,0,0,0,0,2,1,2,1,8,1598,1,9,5,1
201322G303953,2,9,0,18,0,0,1,0,0,0,1,1,2,1,6,1997,2,10,5,1
201322G303958,1,9,0,16,0,0,0,0,0,0,1,1,6,1,9,-1,-1,-1,-1,-1
201322G303963,1,9,0,9,0,5,0,0,0,0,1,1,6,2,9,1248,1,-1,-1,-1
201322G303963,2,9,0,18,0,1,0,0,1,2,1,1,6,1,8,1995,2,1,5,3
201322G303995,1,9,0,16,0,0,0,0,7,0,3,1,6,1,9,1796,1,13,-1,-1
201322G303995,2,9,0,17,0,0,0,0,0,0,3,1,1,1,7,1598,1,11,6,1
201322G304009,1,9,0,18,0,4,0,0,0,0,1,1,2,2,6,1794,1,10,5,1
201322G304009,2,9,0,18,0,8,0,0,0,0,4,1,2,2,7,1995,2,-1,10,1
201322G304017,1,9,0,5,0,2,0,0,0,0,1,1,6,1,7,1596,1,1,6,1
201322G304061,1,9,0,18,0,2,0,0,0,0,1,1,6,1,5,-1,-1,-1,9,2
201322G304061,2,9,0,4,0,2,0,0,0,0,2,1,6,1,8,1598,1,3,8,1
201322G304061,3,9,0,18,0,2,0,0,0,0,1,1,6,2,6,1299,1,11,5,1
201322G304078,1,9,0,17,0,0,1,0,1,1,3,1,6,1,6,1796,1,14,3,1
201322G304079,1,3,0,3,0,1,0,0,0,0,2,1,6,1,6,124,1,5,3,1
201322G304079,2,9,0,5,0,4,0,0,0,0,1,1,6,1,5,1968,2,-1,7,1
201322G304098,1,9,0,18,0,0,0,0,0,0,1,1,6,1,7,1995,2,10,6,1
201322G304113,1,9,0,16,0,4,0,10,1,10,1,1,6,1,10,2435,1,11,9,1
201322G304113,2,9,0,17,0,3,0,0,0,0,4,1,6,1,6,1997,2,8,-1,-1
201322G304120,1,9,0,8,0,1,0,0,0,0,2,1,6,1,8,2495,2,10,7,1
201322G304120,2,9,0,18,0,1,0,0,0,0,1,1,6,1,7,1995,2,3,-1,-1
201322G304125,1,9,0,18,0,8,0,0,0,0,1,1,6,1,11,998,1,14,2,1
201322G304125,2,9,0,10,0,8,0,0,0,0,3,1,6,1,6,2000,2,8,7,1
201322G304126,1,9,0,18,0,7,0,0,0,0,1,1,1,1,7,1399,2,6,3,1
201322G304126,2,9,0,3,0,1,0,0,0,0,2,1,6,2,7,1679,1,14,-1,-1
201322G304130,1,9,0,5,0,0,0,0,0,0,3,1,6,2,7,1896,2,6,2,1
201322G304130,2,1,0,18,0,0,0,0,0,0,1,1,6,1,7,-1,-1,-1,4,1
201322G304156,1,9,0,4,0,0,0,0,0,0,1,1,6,1,8,2698,2,2,7,2
201322G304156,2,9,0,3,0,0,0,0,0,0,2,1,6,1,9,1798,1,8,5,1
201322G304156,3,9,0,3,0,0,0,0,0,0,2,1,6,2,7,1497,1,10,-1,-1
201322G304156,4,9,0,18,0,0,0,0,0,0,0,1,1,1,7,2993,2,1,-1,-1
201322G304167,1,9,0,18,0,8,0,0,0,0,1,1,6,3,-1,-1,-1,-1,-1,-1
201322G304167,2,9,0,18,0,8,0,0,0,0,3,1,6,1,7,1493,2,7,8,3
201322G304175,1,9,0,3,0,0,0,0,0,0,2,1,6,1,10,1398,2,10,4,1
201322G304175,2,9,0,16,0,0,0,0,0,0,1,1,6,2,8,1598,1,12,3,1
201322G304176,1,9,0,17,0,8,0,0,0,0,4,1,6,3,-1,-1,-1,-1,-1,-1
201322G304199,1,9,0,1,0,6,0,0,0,0,2,1,6,3,-1,-1,-1,-1,-1,-1
201322G304199,2,4,0,18,0,8,0,0,0,0,4,1,6,1,4,124,1,-1,-1,-1
201322G304242,1,9,0,9,0,5,0,0,0,0,1,1,2,2,9,1368,1,4,8,1
201322G304242,2,9,0,18,0,1,0,0,0,0,3,1,6,2,7,1753,2,8,2,1
201322G304294,1,3,0,18,0,0,0,0,0,0,1,1,2,2,4,125,1,-1,3,1
201322G304321,1,9,0,17,0,8,0,10,1,1,1,1,6,1,4,1242,1,13,5,1
201322G304323,1,9,0,18,0,8,1,0,0,0,1,1,6,2,6,1598,1,6,-1,-1
201322G304323,2,9,0,3,0,8,0,0,0,0,2,1,6,1,7,1896,2,8,4,1
201322G304323,3,9,0,10,0,8,0,0,0,0,2,1,6,2,7,2993,2,4,-1,-1
201322G304332,1,9,0,18,0,8,0,0,0,0,3,1,6,2,9,1798,1,9,9,1
201322G304332,2,5,0,17,0,1,1,0,0,0,1,1,6,1,8,1130,1,12,8,1
201322G304342,1,9,0,18,0,8,1,0,0,0,1,1,2,2,5,1000,1,-1,-1,-1
201322G304342,2,9,0,9,0,6,0,0,0,0,1,1,1,1,7,1686,2,4,-1,-1
201322G304355,1,9,0,13,0,8,0,0,0,0,1,1,6,2,6,1397,1,5,3,1
201322G304355,2,9,0,17,0,8,0,0,0,0,1,1,6,2,7,1398,2,4,2,1
201322G304398,1,9,0,18,0,8,0,0,0,0,1,1,6,1,9,1910,2,8,7,3
201322G304398,2,9,0,4,0,8,0,0,0,0,2,1,6,2,4,1896,2,9,-1,-1
201322G304401,1,9,0,5,0,6,0,0,0,0,3,1,2,2,6,2497,1,3,7,1
201322G304401,2,5,0,13,0,1,0,0,0,0,1,1,2,1,9,-1,-1,-1,1,1
201322G304414,1,8,0,1,0,0,0,0,0,0,2,1,1,1,9,1896,2,7,10,1
201322G304422,1,9,0,18,0,1,1,0,1,0,1,1,6,1,9,1988,2,7,9,1
201322G304422,2,21,1,18,0,2,0,0,0,0,1,1,1,1,8,11967,2,3,-1,-1
201322G304422,3,9,0,18,0,2,0,0,0,0,3,1,6,1,6,-1,-1,-1,8,1
201322G304433,1,9,0,18,0,3,0,0,7,0,3,1,6,1,6,2498,2,19,3,1
201322G304433,2,9,0,18,0,4,0,0,0,0,1,1,6,1,7,1686,2,2,4,1
201322G304437,1,9,0,14,0,0,5,4,0,0,1,1,6,2,10,1339,1,-1,9,1
201322G304437,2,9,0,2,0,0,0,0,0,0,4,1,6,2,8,1762,1,14,6,1
201322G304448,1,9,0,14,0,2,1,4,0,0,1,1,6,1,4,1870,2,10,1,1
201322G304448,2,9,0,17,0,1,0,0,0,0,1,1,6,1,6,1332,1,16,3,1
201322G304448,3,9,0,2,0,2,0,0,0,0,2,1,6,1,6,1587,1,10,-1,-1
201322G304463,1,9,0,16,0,5,0,0,0,0,1,1,6,3,-1,1360,1,13,-1,-1
201322G304463,2,9,0,8,0,1,0,0,0,0,2,1,6,2,7,1998,2,9,4,1
201322G304530,1,9,0,17,0,0,0,0,0,0,1,1,6,1,5,1586,1,10,3,3
201322G304530,2,9,0,16,0,0,0,0,0,0,1,1,6,1,9,1560,2,1,10,3
201322G304544,1,9,0,2,0,1,0,0,0,0,1,1,6,1,6,1794,1,13,4,1
201322G304544,2,9,0,7,0,2,0,4,0,0,1,1,6,3,-1,-1,-1,-1,-1,-1
201322G304558,1,9,0,17,0,8,0,0,0,0,1,1,2,1,8,-1,-1,-1,5,1
201322G304558,2,9,0,9,0,6,0,0,0,0,1,1,6,1,11,1596,1,8,6,1
201322G304565,1,9,0,18,0,1,0,0,0,0,3,1,6,2,6,1396,1,11,3,1
201322G304565,2,9,0,12,0,1,0,0,0,0,1,1,6,1,4,1124,1,16,6,3
201322G304568,1,9,0,18,0,8,0,0,1,7,3,1,6,2,7,999,1,13,7,1
201322G304568,2,9,0,9,0,6,0,0,0,0,1,1,6,3,-1,-1,-1,-1,-1,-1
201322G304590,1,9,0,18,0,1,0,0,0,0,1,1,6,2,8,1798,1,5,9,1
201322G304590,2,9,0,3,0,1,0,0,0,0,2,1,6,1,6,-1,-1,-1,8,3
201322G304642,1,9,0,1,0,6,0,0,0,0,2,1,2,2,9,1461,2,6,3,1
201322G304642,2,1,0,18,0,8,0,0,0,0,1,1,2,1,5,-1,-1,-1,8,1
201322G304657,1,9,0,18,0,0,0,0,0,0,3,1,6,2,5,1596,1,1,4,1
201322G304664,1,9,0,17,0,1,1,10,0,0,3,1,6,2,6,1598,1,10,2,1
201322G304669,1,9,0,17,0,0,0,0,0,0,1,1,6,3,-1,1149,1,10,-1,-1
201322G304669,2,9,0,4,0,0,0,0,0,0,1,1,6,2,5,1598,1,7,1,1
201322G304676,1,9,0,18,0,1,0,0,0,0,1,1,6,2,6,1242,1,12,3,1
201322G304676,2,9,0,3,0,1,0,0,0,0,2,1,6,2,7,1995,2,7,4,1
201322G304685,1,9,0,18,0,1,0,0,0,0,1,1,6,2,7,1997,2,6,8,1
201322G304686,1,9,0,18,0,0,0,4,0,0,4,1,6,2,6,1390,1,2,3,1
201322G304686,2,9,0,2,6,0,0,0,0,0,3,1,3,2,6,1896,2,8,8,1
201322G304707,1,8,0,5,0,4,0,0,0,0,1,1,1,3,-1,1910,2,6,-1,-1
201322G304707,2,9,0,3,0,1,0,0,0,0,2,1,2,2,7,1598,1,2,8,3
201322G304727,1,9,0,18,0,0,2,10,1,0,1,1,6,2,9,-1,-1,-1,5,1
201322G304760,1,9,0,9,0,6,0,0,0,0,1,1,2,1,7,1560,2,5,6,1
201322G304760,2,9,0,18,0,1,1,0,7,10,4,1,6,1,6,1896,2,12,9,3
201322G304762,1,9,0,18,0,0,0,0,0,0,1,1,6,1,11,-1,-1,-1,6,1
201322G400008,1,3,0,4,0,1,0,0,0,0,3,1,6,2,5,124,1,6,9,1
201322G400037,1,9,0,5,9,6,0,0,0,0,4,1,6,3,-1,-1,-1,-1,-1,-1
201322G400051,1,9,0,18,0,0,0,0,0,0,0,1,6,2,11,1560,2,3,9,2
201322G400051,2,9,0,18,0,0,5,0,1,0,1,1,6,2,6,1396,1,15,3,1
201322G400065,1,9,0,9,0,5,0,0,0,0,4,1,2,1,5,1200,1,-1,5,3
201322G400152,1,9,0,18,0,3,1,0,1,2,1,1,6,1,5,1598,1,7,5,3
2013230006513,1,9,0,13,0,0,1,0,5,6,1,1,1,2,6,998,1,6,8,1
2013230006513,2,20,0,18,0,0,0,0,1,0,1,1,1,1,-1,-1,-1,-1,7,1
2013230006513,3,9,0,18,0,0,0,0,1,0,3,1,2,1,10,2231,2,5,-1,-1
2013230011213,1,9,0,18,0,0,1,0,0,0,4,1,2,2,5,1397,1,6,8,1
2013230011213,2,21,1,18,0,0,0,0,0,0,1,1,1,1,7,12580,2,8,8,1
2013230011913,1,9,0,18,0,0,0,0,4,6,1,1,6,1,7,1796,1,9,2,1
2013230011913,2,9,0,18,0,0,0,0,0,0,3,1,6,1,8,1598,2,1,8,1
2013230018713,1,9,0,18,0,0,1,0,2,7,1,1,6,2,7,1951,2,9,10,1
2013230018713,2,21,1,18,0,0,0,0,0,0,2,2,1,1,6,-1,-1,-1,-1,-1
2013230029013,1,9,0,18,0,0,1,0,1,10,1,1,6,2,5,1149,1,10,9,1
2013230034813,1,5,0,18,0,0,0,0,4,6,3,1,6,1,6,999,1,3,3,1
2013230040413,1,9,0,18,0,0,2,0,0,0,1,1,6,2,9,989,1,11,4,1
2013230040413,2,9,0,4,0,0,0,0,0,0,2,1,6,1,-1,1388,1,8,4,1
2013230043413,1,9,0,18,0,0,0,0,0,0,1,1,6,2,9,1339,1,10,1,1
2013230043413,2,9,0,18,0,0,0,0,0,0,2,1,6,1,9,-1,-1,-1,-1,-1
2013230043413,3,9,0,18,0,0,0,0,0,0,1,1,6,1,8,1598,2,-1,8,2
2013230045213,1,9,0,18,0,0,1,0,5,6,1,1,6,1,7,1200,1,-1,3,1
2013230045213,2,21,1,18,0,0,0,0,0,0,2,1,1,3,-1,-1,-1,-1,-1,-1
2013230047413,1,90,0,18,0,0,0,0,1,10,1,1,6,1,6,2500,2,21,-1,1
2013230050913,1,9,0,18,0,0,2,0,1,1,1,1,6,1,5,998,1,8,8,1
2013230052213,1,9,0,18,0,0,0,0,0,0,1,1,6,1,6,1796,1,9,2,1
2013230052213,2,9,0,4,0,0,0,0,0,0,2,1,6,2,6,1796,1,9,2,1
2013230052213,3,9,0,4,0,0,0,0,0,0,3,1,6,1,10,1329,1,2,10,1
2013230057313,1,21,1,15,0,0,0,0,0,0,3,2,6,1,6,-1,-1,-1,-1,-1
2013230057313,2,9,0,18,0,0,1,0,1,0,4,1,6,1,7,1596,1,8,1,1
2013230059413,1,19,0,18,0,0,1,0,5,7,1,1,6,1,7,2148,2,7,4,1
2013230059413,2,21,1,18,0,0,0,0,0,0,1,1,6,1,7,12900,2,5,7,1
2013230060513,1,9,0,18,0,0,2,0,1,10,1,1,6,2,7,1364,1,7,6,1
2013230061413,1,9,0,5,0,8,0,0,0,0,4,1,6,1,8,1997,2,4,10,1
2013230061413,2,5,0,18,0,8,0,0,0,0,3,1,6,1,7,-1,-1,-1,-1,-1
2013230062113,1,9,0,13,0,0,2,0,1,7,4,1,6,1,4,1995,2,3,5,1
2013230062113,2,9,0,18,0,0,1,0,1,7,3,1,6,1,7,1870,2,1,-1,-1
2013230064713,1,9,0,18,0,0,5,0,2,7,1,1,6,1,4,1998,1,10,3,1
2013230067513,1,5,0,18,0,8,0,0,0,0,1,1,6,1,7,1450,1,12,10,1
2013230067513,2,9,0,9,0,8,0,0,0,0,2,1,6,1,-1,1240,1,4,-1,-1
2013230070013,1,21,1,12,0,0,0,0,0,0,3,2,1,1,8,-1,-1,-1,-1,-1
2013230070013,2,9,0,18,0,0,1,0,1,4,2,1,6,1,9,1995,2,2,9,3
2013230071413,1,9,0,18,0,0,0,0,0,0,1,1,6,1,5,1998,1,12,10,1
2013230071413,2,9,0,18,0,0,0,0,0,0,2,1,2,1,7,2902,2,9,4,1
2013230076113,1,9,0,13,0,0,0,0,5,0,1,1,6,1,6,1596,1,13,9,1
2013230076113,2,9,3,18,0,0,4,0,0,0,3,1,6,1,10,2993,2,4,8,1
2013230076813,1,8,0,18,0,0,1,0,5,6,1,1,6,1,8,1796,1,8,5,1
2013230076813,2,9,0,18,0,0,0,0,0,0,3,1,6,2,7,1364,2,5,8,1
2013230076813,3,21,1,18,0,0,0,0,0,0,3,1,1,1,8,12130,2,9,3,1
2013230080713,1,21,1,18,0,0,0,0,0,0,4,1,1,1,-1,-1,-1,-1,-1,-1
2013230080713,2,9,0,18,0,0,0,0,0,0,1,1,6,2,4,1388,1,4,8,1
2013230085413,1,9,0,18,0,0,2,0,1,7,1,1,6,1,8,1800,1,17,6,3
2013230089513,1,19,0,18,0,0,0,0,0,0,1,1,6,1,7,1896,2,5,8,1
2013230089513,2,20,0,18,0,0,0,0,0,0,2,1,6,1,8,7146,2,5,1,1
2013230093413,1,21,1,18,0,8,0,0,1,4,1,1,1,1,6,3950,2,1,1,1
2013230102313,1,9,0,4,0,0,1,0,0,0,1,1,6,1,7,1331,1,19,3,1
2013230102313,2,9,0,4,0,0,0,0,0,0,2,1,6,1,8,2685,2,12,3,1
2013230102713,1,9,0,18,0,0,0,0,0,0,3,1,6,2,11,998,1,3,-1,-1
2013230102713,2,9,0,18,0,0,2,0,0,0,3,1,6,2,7,1390,1,5,6,1
2013230104013,1,9,0,12,0,0,0,0,0,0,0,1,6,2,-1,-1,-1,-1,-1,-1
2013230104013,2,9,0,18,0,0,0,0,4,6,3,1,6,1,7,1598,1,9,6,1
2013230107813,1,9,0,18,0,0,1,0,2,4,1,1,6,1,5,2990,1,20,-1,2
2013230111713,1,21,1,12,0,0,0,0,0,0,3,2,6,1,6,-1,-1,-1,-1,-1
2013230111713,2,9,0,13,0,0,0,0,0,0,4,1,6,1,5,1396,1,13,10,1
2013230114813,1,9,0,18,0,0,2,0,2,7,2,1,6,1,5,1596,1,8,2,1
2013230120113,1,21,1,18,0,8,1,0,0,0,1,1,6,1,7,12900,2,6,6,1
2013230120113,2,21,1,18,0,8,0,0,0,0,1,1,6,1,7,11946,2,4,3,1
2013230120113,3,19,0,18,0,8,0,0,2,6,4,1,6,1,8,2464,2,5,1,1
2013230122113,1,21,1,18,0,0,4,7,4,7,1,1,6,1,9,12777,2,5,3,1
2013230122113,2,9,0,18,0,0,0,0,4,0,1,1,6,1,7,2143,2,-1,6,1
2013230122113,3,9,0,18,0,0,0,0,0,0,1,1,6,1,8,1968,2,4,1,1
2013230122113,4,9,0,18,0,0,0,0,0,0,1,1,6,2,8,1598,1,3,5,1
2013230122113,5,19,0,18,0,0,0,0,0,0,3,1,6,1,8,1753,2,10,9,1
2013230122113,6,9,0,18,0,0,0,0,0,0,1,1,6,2,8,1686,2,1,4,1
2013230124313,1,21,1,18,0,0,3,0,1,0,1,1,1,1,7,11946,2,5,4,1
2013230124313,2,90,0,2,6,0,0,0,0,0,2,1,6,2,9,-1,-1,-1,7,3
2013230124313,3,9,0,18,0,0,0,0,0,0,1,1,6,1,6,1995,2,9,5,1
2013230124513,1,9,0,4,0,0,0,0,0,0,1,1,6,1,6,1596,1,11,1,1
2013230124513,2,9,0,4,0,0,0,0,1,0,2,1,6,1,9,1995,2,1,10,3
2013230125313,1,9,0,18,0,0,0,0,1,0,4,1,6,1,6,1753,2,6,6,1
2013230125313,2,9,0,18,0,0,0,0,1,10,3,1,6,2,9,1968,2,1,4,1
2013230128813,1,9,0,18,0,0,0,0,0,0,1,1,6,1,8,1995,2,-1,10,1
2013230128813,2,9,0,3,0,0,0,0,0,0,2,1,6,1,8,1998,2,1,5,1
2013230128813,3,9,0,3,0,0,0,0,0,0,2,1,6,1,6,1997,2,-1,2,1
2013230128813,4,9,0,3,0,0,0,0,0,0,2,1,6,1,7,2183,2,1,6,1
2013230129713,1,9,0,18,0,0,0,0,5,6,1,1,6,1,6,1850,1,13,6,1
2013230129713,2,9,0,18,0,0,0,0,1,0,3,1,6,1,6,1796,1,12,1,1
2013230129713,3,9,0,18,0,0,0,0,0,0,1,1,6,1,8,2143,2,-1,9,1
2013230130713,1,9,0,18,0,0,0,0,0,0,1,1,6,1,5,1968,2,9,2,1
2013230130713,2,9,0,4,0,0,0,0,0,0,2,1,6,2,6,1560,2,3,10,1
2013230130713,3,9,0,4,0,0,0,0,0,0,2,1,6,2,7,1956,2,-1,8,1
2013230135113,1,9,0,18,0,0,5,0,1,0,1,1,6,2,6,1896,2,7,2,1
2013230135713,1,9,0,18,0,0,1,0,5,6,3,2,6,2,7,-1,-1,-1,4,1
2013230135713,2,9,0,13,0,0,0,0,0,0,4,1,6,1,6,1461,2,5,5,1
2013230213713,1,9,0,18,0,0,1,0,4,6,1,1,1,1,6,1995,2,1,7,1
2013230266213,1,9,0,18,0,0,1,0,7,0,1,1,6,2,6,1299,1,11,7,3
2013230266213,2,19,0,18,0,0,0,0,1,9,3,1,1,1,5,2143,2,3,5,1
2013231000513,1,9,0,12,0,0,0,0,0,0,0,1,2,1,7,1799,1,5,9,1
2013231000513,2,9,0,18,0,0,0,0,5,6,3,1,2,2,4,-1,-1,-1,3,1
2013231000513,3,9,0,18,0,0,0,0,0,0,3,1,2,2,5,998,1,8,6,1
2013231001113,1,19,0,18,0,8,0,0,0,0,1,1,1,1,6,-1,-1,-1,2,1
2013231001113,2,9,0,9,0,8,0,0,0,0,1,1,6,2,9,1796,1,3,6,2
2013231001613,1,19,0,18,0,8,0,0,0,0,1,1,6,1,6,2402,2,13,8,3
2013231001613,2,9,0,10,0,8,0,0,0,0,2,1,6,2,7,1794,1,18,9,3
2013231003313,1,9,0,9,0,8,0,0,0,0,1,1,6,2,-1,-1,-1,-1,2,1
2013231003313,2,1,0,18,0,8,0,0,0,0,4,1,2,2,8,-1,-1,-1,7,1
2013231004213,1,21,0,18,0,8,0,0,0,0,1,1,1,1,8,3920,2,8,3,1
2013231004213,2,9,0,10,0,8,0,0,0,0,2,1,6,1,6,1242,1,12,4,1
2013231004813,1,9,0,9,0,8,0,0,0,0,1,1,6,1,4,1149,1,9,-1,-1
2013231004813,2,9,0,18,0,8,0,0,0,0,1,1,6,2,6,1974,2,18,7,1