Accident_Index,Vehicle_Reference,Vehicle_Type,Towing_and_Articulation,Vehicle_Manoeuvre,Vehicle_Location-Restricted_Lane,Junction_Location,Skidding_and_Overturning,Hit_Object_in_Carriageway,Vehicle_Leaving_Carriageway,Hit_Object_off_Carriageway,1st_Point_of_Impact,Was_Vehicle_Left_Hand_Drive?,Journey_Purpose_of_Driver,Sex_of_Driver,Age_Band_of_Driver,Engine_Capacity_(CC),Propulsion_Code,Age_of_Vehicle,Driver_IMD_Decile,Driver_Home_Area_Type
2013231081313,1,9,0,18,0,1,0,0,7,10,1,1,6,1,11,1270,1,28,10,1
2013231081313,2,9,0,10,0,1,0,0,0,0,2,1,6,2,-1,1149,1,9,9,2
2013231081613,1,9,0,18,0,0,0,0,0,0,1,1,6,1,11,1399,2,10,-1,-1
2013231081813,1,9,0,11,0,8,2,0,1,9,1,1,6,2,6,1397,1,11,7,1
2013231081813,2,9,0,18,0,8,0,0,0,0,1,1,6,1,8,1598,1,11,-1,3
2013231081913,1,9,0,7,0,8,0,0,0,0,1,1,6,1,6,1796,1,11,8,1
2013231082113,1,9,0,18,0,0,1,0,0,0,1,1,2,1,5,1781,1,24,9,1
2013231082113,2,9,0,4,0,0,0,0,0,0,1,1,6,2,10,-1,-1,-1,-1,-1
2013231082213,1,9,0,18,0,0,2,0,1,10,1,1,2,2,8,1762,1,17,7,1
2013231082813,1,9,0,4,0,0,1,0,0,0,1,1,2,1,6,3498,1,8,10,1
2013231082813,2,9,0,18,0,0,1,0,4,6,2,1,2,1,8,1995,2,2,10,3
2013231083013,1,20,0,18,0,0,0,0,0,0,1,1,1,1,9,-1,-1,-1,8,1
2013231083013,2,9,0,18,0,0,0,11,0,0,1,1,2,1,4,-1,-1,-1,8,1
2013231083013,3,9,0,18,0,0,0,11,0,0,1,1,2,1,8,1560,2,8,10,2
2013231083413,1,1,0,18,0,8,0,0,0,0,1,1,6,1,4,-1,-1,-1,9,1
2013231083413,2,9,0,10,0,8,0,0,0,0,4,1,1,1,6,1587,1,12,6,2
2013231083613,1,9,0,18,0,1,0,0,0,0,4,1,6,1,-1,1598,2,3,-1,-1
2013231083613,2,8,0,3,0,1,0,0,0,0,3,1,1,1,6,1896,2,4,3,1
2013231083913,1,9,0,18,0,1,0,0,0,0,1,1,6,2,5,1560,2,3,7,1
2013231083913,2,9,0,3,0,1,0,0,0,0,2,1,2,2,6,1910,2,8,5,1
2013231084313,1,9,0,9,0,8,0,0,0,0,1,1,1,1,9,1390,1,10,7,1
2013231084313,2,1,0,18,0,8,0,0,0,0,3,1,6,1,9,-1,-1,-1,9,1
2013231084513,1,1,0,18,0,2,0,0,0,0,1,1,6,1,8,-1,-1,-1,-1,-1
2013231084513,2,1,0,18,0,2,0,0,0,0,2,1,6,1,7,-1,-1,-1,4,1
2013231084713,1,9,0,18,0,8,0,0,0,0,1,1,6,1,6,1796,1,11,1,1
2013231084713,2,19,0,3,0,8,0,0,0,0,2,1,6,1,8,2198,2,4,7,3
2013231085313,1,9,0,9,0,8,0,0,0,0,4,1,6,1,6,1896,2,9,3,1
2013231085313,2,5,0,18,0,8,0,0,1,9,1,1,6,1,8,745,1,8,1,1
2013231086113,1,9,0,18,0,0,0,0,0,0,4,1,6,1,-1,-1,-1,-1,-1,-1
2013231086313,1,9,0,18,0,0,0,0,0,0,1,1,6,2,-1,998,1,-1,7,1
2013231086313,2,9,0,18,0,0,0,0,0,0,1,1,6,2,5,1229,1,6,8,3
2013231086713,1,9,0,1,0,8,0,0,0,0,3,1,6,1,-1,1560,2,-1,5,3
2013231086713,2,1,0,18,0,8,0,0,0,0,1,1,6,1,7,-1,-1,-1,5,3
2013231087113,1,9,0,17,0,0,0,10,1,4,1,1,1,1,9,1796,1,13,8,1
2013231087513,1,9,0,4,0,1,0,0,0,0,1,1,6,2,6,1199,1,9,2,1
2013231087513,2,9,0,3,0,1,0,0,0,0,2,1,6,2,8,1598,1,7,9,1
2013231089713,1,9,0,1,0,0,0,0,0,0,2,1,6,2,5,-1,-1,-1,5,1
2013231089713,2,1,0,18,0,0,1,0,0,0,4,1,6,1,5,-1,-1,-1,6,2
2013231089913,1,11,0,15,0,0,0,0,0,0,1,1,1,1,10,3900,2,7,5,1
2013231089913,2,9,0,3,0,0,0,0,0,0,2,1,6,1,6,1910,2,5,4,1
2013231090113,1,9,0,18,0,0,0,0,0,0,1,1,6,1,4,1390,1,13,7,1
2013231090313,1,1,0,18,0,8,0,0,0,0,4,1,6,2,-1,-1,-1,-1,5,1
2013231090313,2,9,0,9,0,8,0,0,0,0,1,1,6,2,11,1242,1,8,9,1
2013231090913,1,2,0,18,0,8,1,0,0,0,3,1,6,2,6,49,1,2,10,2
2013231091613,1,3,0,18,0,2,0,0,0,0,4,1,6,1,4,124,1,11,8,1
2013231092013,1,9,0,9,0,8,0,0,0,0,1,1,6,1,7,1781,1,13,8,1
2013231092013,2,9,0,18,0,8,0,0,0,0,1,1,6,1,8,2967,1,5,9,1
2013231092313,1,9,0,17,0,0,5,0,1,9,4,1,6,1,5,1800,1,20,6,1
2013231093313,1,9,0,9,0,8,0,0,0,0,1,1,6,1,8,2400,2,2,7,1
2013231094313,1,9,0,9,0,8,0,0,0,0,1,1,6,2,6,1598,2,-1,2,1
2013231094313,2,9,0,18,0,8,0,0,0,0,1,1,6,1,9,1997,2,14,10,1
2013231094613,1,9,0,17,0,0,0,0,0,0,1,1,6,2,9,1596,1,5,10,1
2013231094613,2,9,0,16,0,0,0,0,0,0,1,1,6,2,7,1797,8,3,3,1
2013231094813,1,9,0,18,0,0,1,0,0,0,1,1,6,2,5,1124,1,11,4,1
2013231094813,2,8,0,3,0,0,0,0,0,0,2,1,1,1,9,1998,2,7,-1,-1
2013231095413,1,9,0,17,0,0,0,0,0,0,1,1,2,1,6,1598,1,6,10,1
2013231095413,2,1,0,17,0,0,0,0,1,0,2,1,6,1,11,-1,-1,-1,4,1
2013231095813,1,9,0,3,0,8,0,0,0,0,4,1,6,2,7,1997,2,10,8,1
2013231095813,2,1,0,15,0,8,0,0,0,0,3,1,6,1,8,-1,-1,-1,-1,-1
2013231096313,1,9,0,5,0,8,0,0,0,0,1,1,6,2,10,1995,2,3,4,1
2013231096313,2,9,0,18,0,8,1,0,0,0,3,1,6,2,8,1796,1,7,10,1
2013231096313,3,9,0,2,0,2,0,0,0,0,2,1,6,2,9,2148,2,5,10,1
2013231096413,1,9,0,9,0,8,0,0,0,0,1,1,6,1,7,1796,1,3,4,1
2013231096413,2,3,0,18,0,8,1,0,0,0,1,1,6,1,4,124,1,4,-1,-1
2013231096913,1,9,0,5,0,0,0,0,0,0,3,1,1,1,5,-1,-1,-1,4,1
2013231096913,2,9,0,18,0,0,0,0,0,0,4,1,1,1,8,1968,2,9,8,1
2013231097413,1,1,0,18,0,8,0,0,0,0,3,1,6,1,3,-1,-1,-1,9,1
2013231097413,2,9,0,4,0,8,0,0,0,0,1,1,6,1,8,-1,-1,-1,-1,-1
2013231097613,1,9,0,9,0,8,0,0,0,0,4,1,6,1,11,2400,2,1,9,1
2013231097613,2,9,0,18,0,8,0,0,0,0,1,1,6,2,9,1396,1,8,8,1
2013231097713,1,9,0,17,0,0,2,0,1,4,1,1,6,2,4,1396,1,10,10,1
2013231097813,1,4,0,18,0,8,0,0,1,0,1,1,6,2,9,400,1,23,8,1
2013231097813,2,9,0,10,0,8,0,0,0,0,2,1,6,1,10,2967,1,7,9,1
2013231098013,1,9,0,18,0,8,0,7,1,1,1,1,6,2,7,1242,1,1,-1,-1
2013231098713,1,9,0,18,0,8,0,0,0,0,1,1,6,1,-1,-1,-1,-1,-1,-1
2013231098713,2,1,0,18,0,8,0,0,0,0,3,1,4,1,4,-1,-1,-1,9,2
2013231100113,1,3,0,16,0,8,0,7,0,0,1,1,6,1,7,125,1,2,3,1
2013231100713,1,1,0,9,0,8,0,0,0,0,1,1,6,1,-1,-1,-1,-1,-1,-1
2013231100713,2,9,0,18,0,8,0,0,0,0,1,1,6,2,9,1896,2,9,10,1
2013231102013,1,3,0,9,0,8,0,0,1,0,4,1,6,1,6,125,1,2,6,3
2013231102113,1,9,0,13,0,0,0,0,0,0,4,1,6,2,5,998,1,7,7,1
2013231102113,2,1,0,18,0,0,0,0,0,0,3,1,6,1,8,-1,-1,-1,7,1
2013231102213,1,9,0,18,0,0,0,0,0,0,1,1,6,1,7,1360,1,9,9,1
2013231102213,2,9,0,5,0,0,0,0,0,0,3,1,6,1,6,998,1,15,5,1
2013231102613,1,9,0,5,0,8,0,0,0,0,3,1,6,2,7,999,1,1,10,1
2013231102613,2,9,0,17,0,8,0,0,0,0,1,1,6,1,7,-1,-1,-1,7,1
2013231103113,1,9,0,18,0,8,0,0,7,0,4,1,6,2,6,1242,1,7,7,1
2013231103113,2,11,0,18,0,8,0,0,0,0,1,1,1,1,7,6700,2,1,10,1
2013231103213,1,9,0,18,0,0,2,0,1,0,1,1,6,1,5,1360,1,7,10,1
2013231103513,1,9,0,9,0,8,0,0,0,0,1,1,6,1,6,1999,1,8,4,1
2013231103513,2,9,0,18,0,8,0,0,0,0,1,1,6,2,5,1124,1,10,2,1
2013231104213,1,9,0,4,0,1,0,0,0,0,1,1,6,1,7,1956,2,1,2,1
2013231104213,2,9,0,3,0,1,0,0,0,0,2,1,6,2,7,1242,1,8,-1,-1
2013231104313,1,9,0,18,0,8,0,0,0,0,1,1,6,1,6,1229,1,1,10,3
2013231104313,2,9,0,18,0,8,0,0,0,0,4,1,6,2,5,1595,1,6,-1,-1
2013231104313,3,9,0,2,0,2,0,0,0,0,2,1,6,1,7,1149,1,11,7,1
2013231104313,4,9,0,2,0,8,0,0,0,0,2,1,6,1,6,1389,1,10,4,1
2013231105013,1,1,0,18,0,0,0,0,0,0,1,1,6,1,11,-1,-1,-1,-1,-1
2013231105013,2,21,1,2,0,0,0,0,0,0,2,1,6,1,10,10837,2,1,10,1
2013231105213,1,9,0,18,0,8,0,0,0,0,1,1,6,1,4,1995,1,7,9,1
2013231105213,2,9,0,3,0,8,0,0,0,0,2,1,6,1,-1,1995,2,2,9,1
2013231105313,1,9,0,4,0,0,0,0,0,0,1,1,6,1,5,1896,2,7,9,1
2013231105313,2,9,0,3,0,0,0,0,0,0,2,1,6,2,9,1991,1,10,8,1
2013231106313,1,9,0,9,0,2,0,0,0,0,1,1,6,1,8,-1,-1,-1,9,3
2013231106913,1,9,0,5,0,8,0,0,0,0,1,1,6,1,-1,1868,2,12,-1,-1
2013231106913,2,9,0,3,0,8,0,0,0,0,2,1,6,2,4,1242,1,1,-1,-1
2013231107413,1,9,0,18,0,0,0,4,0,0,1,1,6,2,11,1242,1,4,10,1
2013231107413,2,9,0,2,0,0,0,0,0,0,2,1,6,2,8,2179,2,-1,9,3
2013231107513,1,9,0,18,0,0,5,10,2,9,4,1,6,1,6,1360,1,6,2,1
2013231108013,1,9,0,9,0,8,0,0,0,0,4,1,6,2,7,1997,2,6,10,2
2013231108013,2,9,0,18,0,8,0,0,1,9,1,1,6,2,7,1995,2,1,10,1
2013231109013,1,9,0,13,0,8,0,0,0,0,1,1,6,1,6,1796,1,4,9,1
2013231109013,2,9,0,9,0,8,0,0,0,0,3,1,6,1,6,1149,1,5,8,1
2013231109413,1,8,0,9,0,8,0,0,0,0,0,1,1,1,7,-1,-1,-1,8,1
2013231109713,1,9,0,9,0,8,0,0,0,0,3,1,6,1,-1,1796,1,8,5,1
2013231109713,2,1,0,18,0,8,0,0,0,0,1,1,6,1,5,-1,-1,-1,8,1
2013231110013,1,3,0,16,0,0,0,0,0,0,1,1,6,2,5,102,1,9,10,1
2013231110013,2,9,0,17,0,0,0,0,0,0,1,1,6,2,6,1685,2,-1,10,1
2013231110313,1,9,0,18,0,8,1,0,0,0,1,1,6,2,4,973,1,11,9,2
2013231110313,2,9,0,10,0,8,1,0,0,0,2,1,6,1,8,-1,-1,-1,10,1
2013231110513,1,19,0,9,0,8,0,0,0,0,1,1,6,1,6,2198,2,2,9,1
2013231110513,2,9,0,8,0,8,0,0,0,0,1,1,6,2,9,1242,1,4,10,1
2013231110713,1,9,0,18,0,8,0,0,0,0,1,1,6,2,8,1198,1,8,7,1
2013231110713,2,9,0,10,0,8,0,0,0,0,2,1,6,2,7,-1,-1,-1,5,1
2013231111013,1,9,0,5,0,8,0,0,0,0,1,1,6,1,9,2148,2,5,6,1
2013231111013,2,9,0,3,0,8,0,0,0,0,2,1,6,2,9,2179,2,5,10,1
2013231111213,1,9,0,18,0,0,0,0,7,4,3,1,6,1,6,1796,1,8,8,1
2013231112313,1,9,0,7,0,8,0,0,0,0,4,1,6,1,-1,-1,-1,-1,-1,-1
2013231112313,2,1,0,18,0,8,0,0,0,0,3,1,6,1,8,-1,-1,-1,10,1
2013231112613,1,5,0,18,0,0,0,12,0,0,1,1,6,1,8,1000,1,14,3,1
2013231113113,1,9,0,4,0,1,0,0,0,0,1,1,6,1,8,1895,1,14,8,1
2013231113113,2,2,0,3,0,1,0,0,0,0,2,1,6,2,7,49,1,-1,8,1
2013231113413,1,1,0,18,0,0,0,0,0,0,1,1,6,1,11,-1,-1,-1,10,1
2013231113413,2,1,0,18,0,0,0,0,0,0,2,1,6,2,10,-1,-1,-1,5,1
2013231114213,1,9,0,9,0,8,0,0,0,0,1,1,6,2,6,1299,1,11,7,1
2013231114913,1,9,0,4,0,1,0,0,0,0,1,1,6,1,-1,-1,-1,-1,-1,-1
2013231114913,2,9,0,7,0,1,0,0,0,0,2,1,6,1,6,-1,-1,-1,5,1
2013231116413,1,9,0,16,0,0,2,0,1,4,4,1,6,2,-1,1997,1,11,9,1
2013231116413,2,9,0,16,0,0,1,0,7,9,3,1,6,2,8,2776,2,8,9,3
2013231116513,1,9,0,5,0,4,0,0,0,0,1,1,6,1,8,1596,1,11,10,1
2013231116513,2,1,0,18,0,8,0,0,0,0,4,1,6,2,8,-1,-1,-1,9,2
2013231117013,1,9,0,18,0,0,0,0,0,0,1,1,6,2,-1,1896,2,6,-1,-1
2013231117013,2,9,0,3,0,0,0,0,0,0,1,1,6,2,8,1229,1,6,7,3
2013231117113,1,3,0,18,0,0,0,0,0,0,3,1,6,1,7,125,1,8,4,1
2013231117413,1,9,0,9,0,8,0,0,0,0,1,1,6,1,11,998,1,15,9,1
2013231117413,2,9,0,18,0,8,0,0,0,0,1,1,6,2,6,1998,2,3,-1,-1
2013231118513,1,9,0,18,0,0,0,0,2,10,1,1,6,2,5,1388,1,3,8,3
2013231119113,1,9,0,18,0,0,0,0,0,0,1,1,6,2,-1,1797,8,4,-1,-1
2013231119113,2,9,0,3,0,0,0,0,0,0,2,1,6,1,5,998,1,5,5,1
2013231119613,1,19,0,9,0,8,0,0,0,0,4,1,6,1,6,1753,2,5,5,1
2013231119613,2,1,0,18,0,8,0,0,0,0,1,1,6,1,8,-1,-1,-1,5,1
2013231120213,1,2,0,18,0,0,0,0,0,0,1,1,6,1,4,49,1,5,10,1
2013231120713,1,9,0,18,0,8,0,0,0,0,1,1,6,1,6,1560,2,-1,9,2
2013231120713,2,9,0,10,0,8,0,0,0,0,2,1,6,1,5,1598,1,10,10,1
2013231120713,3,9,0,18,0,8,0,0,0,0,3,1,6,2,6,1995,2,1,5,3
2013231121013,1,9,0,9,0,8,0,0,0,0,1,1,6,1,4,2494,1,15,9,1
2013231121013,2,9,0,18,0,8,0,0,0,0,1,1,6,1,5,1242,1,14,3,1
2013231121213,1,9,0,18,0,0,1,0,0,0,1,1,6,2,7,4367,2,1,8,1
2013231121513,1,9,0,18,0,0,0,0,0,0,1,1,6,1,11,995,1,9,8,1
2013231121513,2,9,0,3,0,0,0,0,0,0,2,1,6,1,8,2387,2,5,-1,-1
2013231121613,1,9,0,5,0,8,0,0,0,0,1,1,6,2,6,1242,1,-1,6,1
2013231121613,2,9,0,3,0,8,0,0,0,0,2,1,6,2,7,1198,1,10,10,2
2013231121813,1,9,0,7,0,2,0,0,0,0,1,1,6,1,9,1560,2,3,10,1
2013231122413,1,9,0,18,0,8,0,0,0,0,1,1,6,1,-1,-1,-1,-1,1,1
2013231122413,2,9,0,18,0,8,0,0,0,0,1,1,6,2,6,1248,1,4,10,1
2013231122513,1,9,0,18,0,0,0,0,0,0,1,1,6,2,7,1587,1,9,7,3
2013231122913,1,21,1,18,0,0,0,0,0,0,3,1,1,1,8,10837,2,-1,10,1
2013231122913,2,21,1,18,0,0,0,0,0,0,3,1,1,1,8,12740,2,2,6,3
2013231123713,1,9,0,12,0,2,0,0,0,0,2,1,6,1,7,1584,1,8,8,1
2013231123713,2,9,0,18,0,2,0,0,0,0,1,1,6,1,8,1596,1,10,6,1
2013231123713,3,9,0,18,0,2,0,0,0,0,1,1,6,1,7,1994,2,14,4,1
2013231123713,4,9,0,18,0,2,0,0,0,0,2,1,6,1,7,1968,2,3,5,1
2013231125513,1,9,0,5,0,0,0,0,0,0,0,1,6,2,9,1461,2,9,4,1
2013231125513,2,3,0,18,0,0,0,0,0,0,1,1,6,1,6,649,1,4,4,1
2013231125613,1,9,4,18,0,0,0,0,0,0,3,1,6,2,6,4164,2,13,9,3
2013231125613,2,9,0,18,0,0,0,0,0,0,1,1,6,1,5,1586,1,7,8,1
2013231125613,3,9,0,18,0,0,0,0,0,0,1,1,6,1,8,2179,2,4,5,1
2013231125913,1,19,0,18,0,8,0,0,0,0,1,1,1,1,8,2402,2,5,5,3
2013231125913,2,9,0,18,0,8,0,0,1,0,3,1,6,2,5,1242,1,9,4,1
2013231125913,3,1,0,3,0,8,0,0,0,0,1,1,6,2,6,-1,-1,-1,2,1
2013231126013,1,9,0,9,0,8,0,0,0,0,3,1,6,1,6,1910,2,8,3,1
2013231126013,2,1,0,18,0,8,0,0,0,0,1,1,6,2,6,-1,-1,-1,4,1
2013231126213,1,9,0,14,0,0,5,4,0,0,3,1,6,2,8,1149,1,9,7,2
2013231126213,2,9,0,18,0,0,0,0,0,0,3,1,6,2,7,998,1,6,8,1
2013231126213,3,9,0,2,0,0,0,0,0,0,3,1,6,1,9,1560,2,3,6,1
2013231126713,1,9,0,5,0,8,0,9,3,7,3,1,6,2,11,1086,1,10,9,1
2013231126713,2,9,0,18,0,8,0,0,0,0,1,1,6,2,8,1598,1,-1,2,1
2013231126813,1,9,0,9,0,8,0,0,0,0,1,1,6,1,-1,-1,-1,-1,-1,-1
2013231126813,2,1,0,18,0,8,0,0,0,0,4,1,6,1,5,-1,-1,-1,10,1
2013231127113,1,9,0,9,0,8,0,0,0,0,0,1,6,1,7,1998,2,9,7,3
2013231127113,2,9,0,18,0,8,1,0,1,9,1,1,6,1,9,2199,2,2,9,1
2013231127413,1,9,0,16,0,0,2,0,7,9,1,1,6,1,7,1749,1,12,9,1
2013231128613,1,9,0,2,0,0,0,0,0,0,3,1,6,1,-1,1461,2,6,-1,-1
2013231128613,2,1,0,18,0,0,0,0,0,0,4,1,6,2,9,-1,-1,-1,7,1
2013231129013,1,9,0,7,0,8,0,0,0,0,1,1,6,1,-1,-1,-1,-1,-1,-1
2013231129013,2,9,0,3,0,8,0,0,0,0,1,1,6,2,8,1769,1,9,9,1
2013231129413,1,9,0,18,0,0,0,0,0,0,1,1,6,2,-1,998,1,5,-1,-1
2013231129413,2,9,0,4,0,0,0,0,0,0,2,1,6,2,5,1390,1,7,3,1
2013231130013,1,9,0,9,0,8,1,0,3,2,1,1,6,1,5,1388,1,10,8,3
2013231130213,1,4,0,18,0,8,0,0,0,0,1,1,6,1,4,125,1,7,8,1
2013231130213,2,4,0,10,0,8,0,0,0,0,2,1,6,1,5,-1,-1,-1,9,2
2013231130513,1,9,0,16,0,0,5,4,0,0,1,1,6,2,7,998,1,1,5,1
2013231130513,2,9,0,2,0,0,0,0,0,0,2,1,6,2,7,1242,1,-1,-1,-1
2013231131413,1,9,0,18,0,0,0,0,0,0,4,1,6,1,8,1753,2,4,-1,-1
2013231131913,1,9,0,18,0,0,0,0,0,0,1,1,6,1,8,1999,1,12,-1,1
2013231131913,2,9,0,2,0,0,0,0,0,0,2,1,6,2,8,-1,-1,-1,9,1
2013231131913,3,9,0,2,0,0,0,0,0,0,2,1,6,2,6,1598,1,12,3,1
2013231132813,1,9,0,9,0,8,0,0,0,0,1,1,6,2,-1,1124,1,21,7,1
2013231132813,2,1,0,14,0,8,0,0,0,0,1,1,6,1,8,-1,-1,-1,10,2
2013231133113,1,9,0,18,0,8,0,0,0,0,4,1,6,2,6,2179,2,2,8,1
2013231133113,2,9,0,18,0,8,0,0,0,0,3,1,6,2,8,1248,2,-1,10,1
2013231133213,1,9,0,9,0,8,0,0,0,0,1,1,6,2,7,-1,-1,-1,7,1
2013231133213,2,9,0,18,0,8,0,0,0,0,3,1,6,1,7,1956,2,1,7,3
2013231133513,1,9,0,18,0,0,0,0,0,0,1,1,6,2,5,998,1,-1,10,1
2013231133513,2,9,0,18,0,0,0,0,0,0,1,1,6,2,7,1242,1,1,10,2
2013231134213,1,9,0,1,0,8,0,0,0,0,2,1,6,2,8,3600,1,9,4,1
2013231134213,2,1,0,18,0,8,0,0,0,0,1,1,6,1,2,-1,-1,-1,4,1
2013231136213,1,9,0,18,0,0,0,7,0,0,1,1,6,2,5,989,1,10,10,1
2013231136413,1,8,0,5,0,8,0,0,0,0,1,1,1,1,8,1998,2,7,1,1
2013231136413,2,9,0,18,0,8,0,0,0,0,4,1,6,1,10,1199,1,10,10,1
2013231136813,1,9,0,18,0,8,0,0,0,0,4,1,6,1,6,2494,1,11,5,1
2013231136813,2,9,0,18,0,8,0,0,0,0,1,1,6,2,6,-1,-1,-1,4,1
2013231136913,1,9,0,17,0,0,5,0,1,10,1,1,6,2,5,1248,1,-1,5,3
2013231138213,1,9,0,5,0,8,0,0,0,0,1,1,6,2,7,1999,2,7,3,1
2013231138213,2,9,0,18,0,8,0,0,1,10,1,1,6,2,6,1360,1,7,8,1
2013231165713,1,9,0,18,0,8,0,0,3,4,3,1,6,2,8,2993,2,1,9,1
2013231165713,2,9,0,18,0,8,0,0,7,4,1,1,6,1,9,1399,2,3,8,3
2013231549313,1,9,0,4,0,1,0,0,0,0,1,1,2,1,7,-1,-1,-1,-1,-1
2013231549313,2,9,0,4,0,1,0,0,0,0,2,1,2,2,7,1870,2,9,6,1
2013232005313,1,9,0,18,0,0,1,0,8,4,3,1,6,1,6,-1,-1,-1,10,1
2013232010613,1,9,0,18,0,0,0,0,0,0,0,1,6,1,-1,-1,-1,-1,-1,-1
2013232010613,2,9,0,18,0,0,0,0,5,6,1,1,2,1,5,1086,1,7,2,1
2013232027013,1,9,0,18,0,0,5,0,2,10,1,1,6,2,4,1149,1,9,4,1
2013232040313,1,9,0,18,0,0,0,0,1,10,1,1,6,1,10,1998,1,10,7,1
2013232053513,1,9,0,13,0,0,2,0,0,0,4,1,6,1,10,1588,1,13,2,1
2013232053513,2,9,0,18,0,0,2,0,1,0,3,1,1,1,8,1588,1,13,-1,-1
2013232058913,1,9,0,18,0,8,1,0,1,2,1,1,6,1,5,1995,2,-1,9,1
2013232063513,1,9,0,18,0,0,0,0,4,6,1,1,6,1,6,1900,2,9,5,1
2013232063513,2,21,1,18,0,0,0,0,0,0,2,1,1,1,9,10518,2,7,-1,-1
2013232063513,3,9,0,18,0,0,0,0,0,0,1,1,2,2,5,1598,1,9,3,1
2013232064613,1,1,0,18,5,8,0,0,0,0,1,1,6,1,8,-1,-1,-1,7,1
2013232064613,2,9,0,3,0,8,0,0,0,0,0,1,6,2,10,1391,1,11,1,1
2013232068713,1,19,0,18,0,0,2,0,1,0,1,1,1,1,7,1868,2,10,8,1
2013232073813,1,9,0,7,0,8,0,0,0,0,1,1,6,1,7,1997,2,-1,-1,-1
2013232073813,2,9,0,18,0,8,0,0,7,4,4,1,6,1,6,1598,1,1,-1,-1
2013232106413,1,9,0,16,0,0,0,0,5,6,1,1,6,2,8,1461,2,-1,6,1
2013232114313,1,9,0,18,0,0,0,0,0,0,1,1,6,1,7,2179,2,1,8,1
2013232114313,2,9,0,3,0,0,0,0,0,0,2,1,6,1,9,1796,7,9,2,1
2013232130113,1,9,0,18,0,0,0,0,0,0,1,1,6,1,7,1896,2,9,-1,-1
2013232130113,2,9,0,4,0,0,0,0,0,0,2,1,6,2,8,2967,2,4,8,2
2013232132713,1,19,4,18,0,0,0,0,0,0,1,1,1,1,7,2148,2,4,4,1
2013232132713,2,9,0,3,0,0,0,0,0,0,2,1,6,1,7,1896,2,4,6,3
2013232132713,3,9,0,3,0,0,0,0,0,0,2,1,6,2,6,1598,2,1,7,1
2013232500313,1,9,0,18,0,0,0,0,0,0,1,1,6,1,-1,1339,1,1,-1,-1
2013232500313,2,8,0,2,0,0,0,0,0,0,2,1,1,1,-1,1997,2,8,-1,-1
2013232500613,1,9,0,5,0,2,0,0,0,0,1,1,6,1,-1,-1,-1,-1,-1,-1
2013232501113,1,9,0,17,0,0,2,0,7,10,1,1,6,1,5,1399,2,4,6,1
2013232501313,1,9,0,18,0,0,0,0,0,0,1,1,6,1,7,1388,1,10,4,1
2013232501313,2,9,0,2,0,0,0,0,0,0,2,1,6,1,8,1796,1,14,9,1
2013232502813,1,9,0,18,0,0,0,0,0,0,1,1,6,2,6,1360,1,3,4,1
2013232502813,2,9,0,4,0,0,0,0,0,0,2,1,6,1,6,-1,-1,-1,2,1
2013232503613,1,9,0,17,0,0,1,0,0,0,1,1,6,1,8,1753,2,8,10,1
2013232503613,2,9,0,16,0,0,0,0,0,0,1,1,2,1,6,1497,1,12,-1,-1
2013232503813,1,9,0,5,0,0,1,0,1,10,1,1,1,1,6,1598,1,5,-1,-1
2013232504213,1,19,0,6,0,0,0,0,0,0,2,1,6,1,5,1753,2,6,2,1
2013232504213,2,19,0,18,0,0,0,0,0,0,1,1,6,1,8,1997,2,1,3,1
2013232504813,1,9,0,6,0,0,0,0,0,0,2,1,6,1,8,1597,1,12,8,1
2013232504813,2,9,0,18,0,0,0,0,0,0,1,1,6,2,4,-1,-1,-1,5,1
2013232504913,1,19,0,4,0,0,0,0,0,0,4,1,6,1,6,1868,2,13,3,1
2013232504913,2,90,0,17,0,0,1,0,0,0,1,1,1,2,8,-1,-1,-1,-1,-1
2013232504913,3,9,0,4,0,0,0,0,0,0,2,1,6,2,7,1598,1,13,-1,-1
2013232505013,1,19,0,18,0,8,0,0,0,0,4,1,1,1,7,2198,2,1,1,1
2013232505813,1,9,0,9,0,8,0,0,0,0,3,1,6,1,10,1360,1,6,3,1
2013232505813,2,9,0,18,0,8,0,0,0,0,1,1,6,1,-1,1989,1,13,5,1
2013232506013,1,9,0,18,0,1,0,0,0,0,1,1,6,2,5,1398,2,2,10,1
2013232506013,2,9,0,7,0,1,0,0,0,0,2,1,6,1,6,1988,1,12,7,1
2013232506113,1,8,0,17,0,0,1,0,1,4,1,1,1,2,9,1968,2,5,6,2
2013232506813,1,9,0,7,0,2,1,0,0,0,2,1,6,1,-1,-1,-1,-1,4,1
2013232506813,2,9,0,2,0,2,0,0,0,0,2,1,6,1,-1,998,1,6,4,1
2013232506913,1,9,0,18,0,0,1,0,1,2,1,1,2,1,6,1364,1,10,3,1
2013232507113,1,9,0,16,0,0,1,0,0,0,3,1,6,1,7,1895,1,13,4,1
2013232507113,2,9,0,17,0,0,0,0,0,0,1,1,1,1,9,1988,2,8,3,1
2013232507713,1,9,0,9,0,8,0,0,0,0,3,1,6,1,6,3226,2,11,6,1
2013232507713,2,9,0,18,0,8,0,0,0,0,1,1,6,1,8,1994,2,13,4,1