Accident_Index,Vehicle_Reference,Vehicle_Type,Towing_and_Articulation,Vehicle_Manoeuvre,Vehicle_Location-Restricted_Lane,Junction_Location,Skidding_and_Overturning,Hit_Object_in_Carriageway,Vehicle_Leaving_Carriageway,Hit_Object_off_Carriageway,1st_Point_of_Impact,Was_Vehicle_Left_Hand_Drive?,Journey_Purpose_of_Driver,Sex_of_Driver,Age_Band_of_Driver,Engine_Capacity_(CC),Propulsion_Code,Age_of_Vehicle,Driver_IMD_Decile,Driver_Home_Area_Type
2013232507813,1,9,0,1,0,0,0,0,0,0,2,1,6,1,-1,-1,-1,-1,-1,-1
2013232508413,1,9,0,9,0,8,0,0,0,0,1,1,6,2,11,1198,1,2,5,3
2013232508413,2,1,0,18,0,8,0,0,1,0,1,1,6,1,9,-1,-1,-1,-1,-1
2013232508913,1,9,0,5,9,8,0,0,0,0,1,1,6,1,-1,-1,-1,-1,-1,-1
2013232508913,2,1,0,18,0,8,0,0,0,0,4,1,6,2,6,-1,-1,-1,7,1
2013232509213,1,9,0,18,0,8,0,0,0,0,1,1,6,2,9,1242,1,1,10,1
2013232509213,2,9,0,18,0,8,0,0,0,0,2,1,6,1,8,1896,2,7,-1,-1
2013232509313,1,9,0,18,0,0,0,0,0,0,1,1,6,1,6,1753,2,10,5,1
2013232509313,2,21,1,18,0,0,0,0,0,0,2,1,1,1,7,10518,2,5,7,3
2013232509413,1,9,0,1,0,8,0,0,0,0,2,1,6,2,7,-1,-1,-1,10,1
2013232510113,1,9,0,18,0,0,0,0,0,0,4,1,1,1,9,-1,-1,-1,4,1
2013232510213,1,9,0,9,0,8,0,0,0,0,3,1,1,2,6,1598,1,7,6,1
2013232510213,2,1,0,18,0,8,0,0,0,0,1,1,6,1,3,-1,-1,-1,3,1
2013232510313,1,19,0,4,0,0,1,0,0,0,1,1,1,1,5,-1,-1,-1,7,1
2013232510313,2,9,0,3,0,0,0,0,0,0,2,1,2,2,6,2979,1,11,2,1
2013232510313,3,9,0,3,0,0,0,0,0,0,2,1,2,2,8,1598,1,10,7,1
2013232510913,1,3,0,18,0,0,1,0,0,0,4,1,6,1,5,124,1,5,2,1
2013232511313,1,9,0,18,0,8,0,0,0,0,3,1,1,1,5,1240,1,10,1,1
2013232511313,2,1,0,18,0,8,0,0,0,0,4,1,2,1,6,-1,-1,-1,2,1
2013232512213,1,9,0,18,0,0,2,0,6,0,1,1,6,1,4,1995,1,10,8,1
2013232512813,1,9,0,18,0,0,5,0,1,9,1,1,1,2,6,973,1,13,9,1
2013232513713,1,9,0,18,0,0,0,0,0,0,1,1,6,2,-1,-1,-1,-1,-1,-1
2013232514013,1,9,0,5,0,0,0,0,0,0,1,1,6,1,7,2143,2,2,4,2
2013232514013,2,3,0,18,0,0,0,0,0,0,1,1,6,1,5,124,1,9,-1,-1
2013232514413,1,9,0,18,0,8,0,0,0,0,1,1,6,1,6,-1,-1,-1,3,1
2013232514413,2,9,0,3,0,8,0,0,0,0,2,1,6,1,8,-1,-1,-1,8,1
2013232514613,1,90,0,9,0,8,1,0,0,0,1,1,6,1,4,-1,-1,-1,1,1
2013232514613,2,9,0,18,0,8,1,0,1,11,1,1,6,1,5,1149,1,13,8,1
2013232514613,3,9,0,2,0,8,0,0,0,0,1,1,6,3,-1,1242,1,6,-1,-1
2013232514613,4,9,0,2,0,8,0,0,0,0,1,1,6,3,-1,1999,7,6,-1,-1
2013232514713,1,9,0,17,0,0,0,0,7,4,1,1,6,2,5,1598,1,11,-1,-1
2013232515213,1,9,0,17,0,0,1,0,7,0,1,1,6,2,8,1364,1,5,-1,-1
2013232515313,1,9,0,13,0,0,1,0,1,2,1,1,2,1,5,1896,2,7,9,1
2013232515813,1,9,0,5,0,8,0,0,0,0,1,1,6,1,-1,-1,-1,-1,-1,-1
2013232515813,2,9,0,3,0,8,0,0,0,0,2,1,6,2,5,1598,1,7,7,1
2013232516013,1,9,0,9,0,8,0,0,0,0,1,1,1,2,6,1198,1,8,5,1
2013232516013,2,9,0,18,0,8,0,0,0,0,1,1,1,1,8,1248,1,3,2,1
2013232516413,1,9,0,18,0,8,0,0,0,0,1,1,6,1,-1,2800,2,17,2,1
2013232516413,2,9,0,3,0,8,0,0,0,0,2,1,6,1,6,1910,2,10,3,1
2013232516713,1,5,0,15,9,1,0,0,1,10,1,1,6,1,7,1200,1,6,7,1
2013232516913,1,9,0,18,0,0,1,0,1,7,1,1,6,2,8,1587,1,5,8,1
2013232517013,1,9,0,17,0,0,1,0,0,0,1,1,2,1,5,1896,2,14,6,3
2013232517013,2,9,0,16,0,0,0,0,0,0,1,1,2,1,6,1998,2,7,7,1
2013232517613,1,9,0,18,0,8,0,0,0,0,3,1,6,1,10,993,1,14,2,1
2013232517613,2,9,0,18,0,8,0,0,0,0,1,1,6,1,-1,1984,1,5,-1,-1
2013232519413,1,9,0,18,0,0,1,0,1,3,1,1,1,2,7,1199,1,11,-1,-1
2013232520613,1,9,0,18,0,0,0,0,0,0,1,1,6,2,-1,2497,1,6,-1,-1
2013232520813,1,9,0,17,0,0,2,0,1,4,1,1,6,1,7,2494,1,14,9,2
2013232520913,1,9,0,18,0,0,0,12,0,0,1,1,2,1,5,1299,1,14,4,2
2013232520913,2,9,0,18,0,0,0,12,0,0,1,1,2,2,5,1587,1,11,3,1
2013232521313,1,9,0,13,0,0,1,0,5,6,1,1,6,1,-1,2295,1,14,-1,-1
2013232521313,2,21,1,18,0,0,0,0,0,0,2,1,1,1,9,11967,2,8,3,1
2013232521313,3,9,0,18,0,0,0,0,0,0,1,1,6,1,7,1753,2,6,1,1
2013232521413,1,9,0,18,0,0,0,0,0,0,4,1,6,3,-1,-1,-1,-1,-1,-1
2013232521813,1,19,0,9,0,8,0,0,0,0,1,1,1,1,6,1997,2,3,1,1
2013232521813,2,9,0,18,0,8,0,0,0,0,1,1,6,1,4,1388,1,6,4,3
2013232522013,1,9,0,7,0,8,0,0,0,0,1,1,6,1,6,-1,-1,-1,1,1
2013232522013,2,9,0,18,0,8,0,0,0,0,4,1,3,2,7,-1,-1,-1,3,1
2013232522013,3,11,0,18,0,8,0,0,0,0,1,1,1,1,6,-1,-1,-1,2,1
2013232522113,1,9,0,18,0,0,0,0,0,0,1,1,3,2,7,1388,1,11,5,1
2013232522213,1,9,0,18,0,8,0,0,7,0,1,1,6,2,10,1370,1,17,7,1
2013232522213,2,9,0,18,0,8,0,0,0,0,3,1,6,2,7,1968,2,2,4,1
2013232522913,1,9,0,16,0,0,2,0,1,9,1,1,2,1,7,1905,2,15,4,1
2013232523313,1,9,0,18,0,1,0,0,0,0,1,1,6,2,7,1795,1,15,9,2
2013232523313,2,9,0,4,0,1,0,0,0,0,2,1,6,2,5,1598,1,8,7,1
2013232523413,1,9,0,17,0,0,2,0,1,4,1,1,1,1,7,1461,2,5,7,1
2013232523513,1,9,0,7,0,8,0,0,0,0,4,1,6,1,-1,-1,-1,-1,-1,-1
2013232523513,2,9,0,18,0,8,0,0,0,0,3,1,6,2,7,998,1,5,8,1
2013232523713,1,9,0,9,0,8,0,0,0,0,1,1,2,1,6,1242,1,10,4,1
2013232523713,2,9,0,18,0,8,0,0,0,0,1,1,6,1,11,1498,1,6,9,1
2013232523913,1,9,0,18,0,8,0,0,0,0,1,1,2,1,8,1587,1,9,10,1
2013232523913,2,1,0,18,0,8,0,0,0,0,4,1,6,1,5,-1,-1,-1,9,1
2013232524213,1,8,0,18,0,0,0,0,4,0,1,1,6,1,9,2987,2,5,2,1
2013232524613,1,9,0,18,0,0,0,0,0,0,1,1,6,3,-1,-1,-1,-1,-1,-1
2013232524613,2,3,0,18,0,0,0,0,0,0,1,1,6,1,5,125,1,6,-1,-1
2013232525013,1,9,0,13,0,0,1,6,7,10,4,1,2,1,5,2993,2,8,1,1
2013232525013,2,19,0,18,0,0,0,0,0,0,3,1,1,1,8,1686,2,10,-1,-1
2013232525813,1,9,0,18,0,0,5,0,5,6,1,1,6,2,8,1997,2,11,4,1
2013232525913,1,9,0,17,0,0,0,0,1,4,1,1,6,1,4,995,1,5,2,1
2013232526113,1,9,0,18,0,0,0,0,0,0,1,1,6,3,-1,-1,-1,-1,-1,-1
2013232526113,2,2,0,18,0,0,0,0,0,0,2,1,6,1,4,50,1,2,3,1
2013232526513,1,9,0,17,0,0,1,0,0,0,1,1,6,1,9,1497,1,8,1,1
2013232526513,2,9,0,16,0,0,0,0,0,0,1,1,6,1,9,2231,2,6,4,1
2013232527013,1,9,0,18,0,8,0,0,0,0,1,1,6,1,7,1995,2,1,-1,-1
2013232527013,2,9,0,18,0,8,0,0,0,0,3,1,6,1,6,1124,1,12,3,1
2013232527313,1,9,0,16,0,0,1,0,6,4,4,1,6,1,5,3498,1,9,8,1
2013232528513,1,9,0,9,0,8,0,0,0,0,1,1,6,2,7,1997,2,5,-1,-1
2013232528513,2,9,0,18,0,8,0,0,0,0,1,1,6,1,6,1596,1,4,3,1
2013232528713,1,19,0,18,0,0,1,0,0,0,1,1,1,1,5,1461,2,11,2,1
2013232528713,2,9,0,3,0,0,0,0,0,0,2,1,6,1,5,2200,1,12,7,3
2013232528713,3,19,0,3,0,0,0,0,0,0,2,1,6,1,8,-1,-1,-1,9,2
2013232529013,1,9,0,1,0,2,0,0,0,0,2,1,6,2,-1,1798,1,9,-1,-1
2013232530013,1,9,0,9,0,8,0,0,0,0,1,1,6,1,-1,1686,2,3,6,1
2013232530013,2,9,0,18,0,8,0,0,0,0,1,1,6,2,8,1360,1,9,5,1
2013232530113,1,9,0,14,0,0,0,0,0,0,1,1,6,1,-1,2143,2,3,-1,-1
2013232531113,1,9,0,17,0,0,2,0,2,10,1,1,6,1,6,1598,1,15,6,1
2013232531513,1,22,0,18,9,0,0,0,0,0,1,1,6,1,10,-1,-1,-1,2,1
2013232531713,1,9,0,18,0,8,0,0,0,0,1,1,6,2,-1,1242,1,2,7,1
2013232531713,2,9,0,18,0,8,0,0,0,0,1,1,6,2,8,1896,2,13,7,1
2013232531813,1,9,0,18,0,0,1,6,4,6,1,1,6,2,6,998,1,11,3,1
2013232532613,1,9,0,18,0,8,0,0,0,0,3,1,6,2,4,973,1,13,4,1
2013232532613,2,9,0,18,0,8,0,0,0,0,1,1,1,1,7,1769,1,8,-1,-1
2013232532913,1,9,0,9,0,8,0,0,0,0,1,1,6,1,8,1086,1,8,9,1
2013232532913,2,1,0,18,0,8,1,0,0,0,1,1,6,1,7,-1,-1,-1,-1,-1
2013232532913,3,9,0,8,0,8,0,0,0,0,1,1,6,1,8,1968,2,3,9,1
2013232533213,1,9,0,18,0,1,1,0,0,0,1,1,6,2,7,2000,1,6,6,3
2013232533213,2,9,0,18,0,2,0,0,0,0,1,1,6,1,7,4367,2,2,7,1
2013232534013,1,9,0,18,0,1,0,0,0,0,1,1,6,2,8,1895,1,14,7,1
2013232534613,1,21,1,13,0,0,3,0,5,6,4,1,1,1,6,12777,2,2,2,1
2013232534613,2,9,0,18,0,0,1,0,1,0,3,1,2,1,7,2496,2,11,6,2
2013232536513,1,9,0,18,0,0,1,0,1,7,1,1,2,1,6,1299,1,12,-1,-1
2013232536513,2,9,0,4,0,0,0,0,0,0,2,1,2,2,5,1598,1,7,5,1
2013232536513,3,9,0,4,0,0,0,0,0,0,2,1,2,1,6,1997,2,3,-1,-1
2013232536913,1,9,0,18,9,1,0,0,0,0,3,1,6,1,-1,-1,-1,-1,-1,-1
2013232537013,1,9,0,16,0,8,0,0,0,0,1,1,6,1,7,1582,2,1,2,1
2013232537013,2,9,0,17,0,8,0,0,0,0,1,1,6,2,5,1998,1,16,1,1
2013232537613,1,9,0,18,0,0,0,0,1,2,1,1,6,2,5,1299,1,13,5,1
2013232538613,1,3,0,18,0,8,0,0,0,0,1,1,6,1,-1,-1,-1,-1,-1,-1
2013232538913,1,9,0,18,0,8,0,0,0,0,2,1,6,1,8,1910,2,5,10,1
2013232538913,2,9,0,4,0,8,0,0,0,0,1,1,6,1,8,1781,1,17,1,1
2013232539113,1,9,0,16,0,0,1,0,0,0,1,1,6,1,6,1868,2,14,4,1
2013232539113,2,9,0,17,0,0,1,0,1,0,1,1,6,2,7,2179,2,1,7,1
2013232539413,1,9,0,18,0,0,1,7,2,7,3,1,6,1,8,2987,2,6,4,1
2013232539913,1,9,0,9,0,8,0,0,7,0,4,1,6,2,7,1229,7,5,5,1
2013232539913,2,19,0,18,0,8,0,0,0,0,1,1,6,1,9,1905,2,16,-1,-1
2013232540213,1,9,0,18,0,0,0,0,7,4,1,1,6,1,6,1328,1,10,-1,-1
2013232540413,1,9,0,18,0,0,0,0,0,0,1,1,6,1,-1,-1,-1,-1,-1,-1
2013232540913,1,1,0,18,0,2,0,0,0,0,3,1,6,1,3,-1,-1,-1,4,1
2013232540913,2,5,0,18,0,2,0,0,0,0,1,1,6,1,5,600,1,8,5,1
2013232541213,1,9,0,17,0,8,0,0,0,0,3,1,6,1,7,1997,2,4,6,3
2013232541213,2,4,0,16,0,8,0,0,0,0,1,1,6,1,7,599,1,9,3,1
2013232541413,1,9,0,18,0,0,0,0,1,2,1,1,6,1,8,1995,2,1,10,1
2013232542513,1,21,1,18,0,0,1,0,7,10,4,1,1,1,9,12580,2,7,3,1
2013232542513,2,9,0,18,0,0,1,0,0,0,3,1,1,1,8,1560,2,1,8,1
2013232542613,1,21,4,18,0,0,0,0,1,7,1,1,1,1,7,12900,2,4,3,1
2013232542613,2,20,0,4,0,0,0,0,1,0,2,1,1,1,7,4580,2,6,6,1
2013232542913,1,9,0,18,0,8,0,0,0,0,3,1,6,1,-1,-1,-1,-1,-1,-1
2013232542913,2,21,0,18,0,8,2,10,7,10,4,1,1,1,6,12580,2,8,1,1
2013232543013,1,9,0,4,0,0,0,0,0,0,1,1,2,2,7,1598,2,1,-1,-1
2013232543013,2,19,0,4,0,0,0,0,0,0,2,1,1,1,6,1870,2,7,2,1
2013232543413,1,8,0,18,0,0,0,0,0,0,4,1,6,3,-1,-1,-1,-1,-1,-1
2013232543613,1,9,0,18,0,8,0,0,1,10,1,1,6,2,7,1299,1,7,7,1
2013232543713,1,9,0,5,0,0,0,0,0,0,3,1,6,2,-1,2295,1,12,-1,-1
2013232543713,2,9,0,18,0,0,0,0,0,0,3,1,6,1,9,1560,2,5,3,1
2013232544013,1,9,0,9,0,8,0,0,0,0,4,1,6,2,-1,1360,1,13,7,1
2013232544013,2,4,0,18,0,8,1,0,0,0,1,1,2,1,6,400,1,22,-1,-1
2013232544413,1,2,0,18,0,8,0,0,0,0,1,1,6,1,4,-1,-1,-1,1,1
2013232544413,2,9,0,10,0,8,0,0,0,0,1,1,6,1,6,1994,1,7,8,1
2013232544713,1,9,0,4,0,1,0,0,0,0,1,1,6,2,5,1242,1,4,8,3
2013232544713,2,9,0,3,0,1,0,0,0,0,2,1,6,2,9,1598,1,6,-1,-1
2013232545113,1,9,0,18,0,0,0,0,1,7,1,1,6,1,4,1596,1,11,4,2
2013232545213,1,9,0,18,0,0,0,0,4,6,1,1,6,1,7,1596,1,12,2,1
2013232545413,1,1,0,9,0,2,0,0,0,0,1,1,2,1,5,-1,-1,-1,5,1
2013232545413,2,9,0,4,0,1,0,0,0,0,1,1,6,2,7,1994,2,3,8,3
2013232546113,1,19,0,18,0,0,0,0,0,0,1,1,6,1,8,1870,2,7,5,2
2013232546113,2,9,0,3,0,0,0,0,0,0,1,1,6,1,7,1995,1,14,2,1
2013232546113,3,19,0,3,0,0,0,0,0,0,2,1,6,1,8,2799,2,14,6,1
2013232546913,1,9,0,5,0,0,0,0,7,10,1,1,6,2,8,1240,1,7,5,2
2013232547013,1,9,0,18,0,8,0,0,0,0,4,1,6,2,9,1399,2,6,7,3
2013232547013,2,9,0,18,0,8,0,0,0,0,1,1,1,1,8,1598,1,11,4,2
2013232547713,1,1,0,18,0,0,1,0,0,0,1,1,2,1,8,-1,-1,-1,8,1
2013232547713,2,9,0,18,0,0,1,0,0,0,3,1,6,1,8,1368,1,3,10,1
2013232548813,1,5,0,18,0,1,1,0,0,0,1,1,2,1,6,599,1,15,6,1
2013232548813,2,9,3,18,0,1,0,0,0,0,2,2,2,1,6,-1,-1,-1,4,1
2013232549613,1,9,0,9,0,8,0,0,0,0,1,1,6,2,7,698,1,6,2,1
2013232549613,2,5,0,18,0,8,0,0,0,0,1,1,6,1,7,1170,1,7,3,1
2013232549813,1,9,0,18,0,0,0,0,1,2,1,1,6,2,10,1242,1,4,10,1
2013232549913,1,9,0,18,0,0,0,0,0,0,1,1,6,1,11,-1,-1,-1,10,2
2013232549913,2,9,0,18,0,0,0,7,4,6,1,1,6,1,8,1896,2,9,5,1
2013232550013,1,9,0,12,0,8,1,0,0,0,3,1,6,2,4,1242,1,7,8,1
2013232550013,2,9,0,18,0,8,0,0,0,0,4,1,6,1,4,1198,1,3,1,1
2013232550513,1,21,0,9,0,8,0,0,0,0,0,1,1,1,9,-1,-1,-1,9,1
2013232550513,2,1,0,4,0,1,1,0,0,0,2,1,6,1,8,-1,-1,-1,5,1
2013232550513,3,1,0,18,0,1,1,0,0,0,1,1,6,2,7,-1,-1,-1,5,1
2013232551713,1,9,0,4,0,0,0,0,0,0,1,1,6,2,6,1997,2,9,1,1
2013232551713,2,9,0,3,0,0,0,0,0,0,2,1,6,2,5,973,1,11,4,2
2013232552013,1,19,0,4,0,0,0,0,0,0,1,1,1,1,6,1248,2,6,-1,-1
2013232552013,2,9,0,3,0,0,0,0,0,0,2,1,1,1,8,1388,1,11,3,1
2013232552113,1,9,0,7,0,8,0,0,0,0,3,1,6,2,6,-1,-1,-1,4,1
2013232552113,2,9,0,17,0,8,0,0,0,0,1,1,6,2,6,-1,-1,-1,1,1
2013232552713,1,9,0,9,0,8,0,0,0,0,1,1,2,2,5,-1,-1,-1,4,1
2013232552713,2,3,0,18,0,8,0,0,0,0,1,1,6,1,4,-1,-1,-1,2,1
2013232552913,1,9,0,18,0,0,0,0,0,0,1,1,6,1,7,1598,2,3,9,3
2013232553413,1,9,0,18,0,8,0,0,0,0,1,1,6,1,-1,973,1,12,2,1
2013232553413,2,9,0,9,0,8,0,0,0,0,4,1,6,2,6,1124,1,8,5,1
2013232553513,1,9,0,9,0,8,0,0,0,0,4,1,6,1,6,1390,1,2,1,1
2013232553513,2,9,0,18,0,8,0,0,0,0,1,1,6,1,5,2497,2,17,2,1
2013232553613,1,9,0,9,0,8,0,0,0,0,1,1,6,2,8,1968,2,4,7,1
2013232553613,2,9,0,18,0,8,0,0,0,0,4,1,6,1,4,1995,1,8,4,1
2013232553613,3,9,0,18,0,8,0,0,0,0,3,1,6,1,6,2993,2,6,-1,-1
2013232553813,1,9,0,4,0,0,0,0,0,0,1,1,6,1,9,1598,1,12,1,1
2013232553813,2,9,0,3,0,0,0,0,0,0,2,1,6,2,5,1242,1,17,5,1
2013232553813,3,9,0,3,0,0,0,0,0,0,2,1,6,1,8,-1,-1,-1,8,1
2013232554113,1,9,0,18,0,0,0,0,0,0,1,1,6,1,10,1493,2,5,9,1
2013232554713,1,9,0,9,0,8,0,0,1,0,1,1,6,2,5,999,1,-1,8,1
2013232554713,2,21,1,18,0,8,0,0,0,0,1,1,1,1,8,12816,2,8,-1,1
2013232554813,1,19,0,12,0,1,0,0,0,0,3,1,1,1,7,-1,-1,-1,8,1
2013232554813,2,3,0,4,0,1,1,0,0,0,4,1,2,1,6,125,1,4,8,1
2013232554913,1,8,0,18,0,0,0,0,0,0,1,1,1,1,-1,-1,-1,-1,-1,-1
2013232556213,1,21,1,9,0,8,5,9,0,0,3,1,6,1,8,11946,2,5,5,1
2013232556413,1,9,0,18,0,8,0,0,0,0,1,1,6,2,9,1998,1,8,8,3
2013232556413,2,19,0,18,0,8,0,0,0,0,1,1,6,1,7,-1,-1,-1,6,1
2013232556413,3,9,0,3,0,8,0,0,0,0,1,1,6,2,5,1997,2,9,3,1
2013232556613,1,9,0,18,0,1,0,0,0,0,1,1,6,1,-1,-1,-1,-1,-1,-1
2013232556613,2,9,0,4,0,1,0,0,0,0,2,1,6,1,-1,1596,1,4,-1,-1
2013232556613,3,9,0,3,0,1,0,0,0,0,2,1,6,1,6,1968,2,1,10,1
2013232557013,1,9,0,18,0,1,0,0,0,0,1,1,6,2,-1,-1,-1,-1,4,1
2013232557013,2,9,0,3,0,1,0,0,0,0,2,1,2,1,6,1242,1,12,5,1
2013232557113,1,9,0,18,0,2,0,0,0,0,0,1,6,3,-1,-1,-1,-1,-1,-1
2013232557113,2,1,0,18,0,2,0,0,0,0,0,1,6,1,8,-1,-1,-1,2,1
2013232557213,1,20,0,4,0,1,0,0,0,0,1,1,1,1,7,-1,-1,-1,6,2
2013232557213,2,9,0,3,0,1,0,0,0,0,2,1,1,1,9,2987,2,4,10,1
2013232557313,1,9,0,9,0,8,0,0,0,0,1,1,6,1,5,1797,1,14,1,1
2013232557313,2,9,0,18,0,8,0,0,0,0,3,1,6,1,7,1796,1,5,7,2
2013232557913,1,5,0,18,0,8,1,0,1,0,1,1,2,1,8,599,1,17,2,1
2013232558213,1,21,1,11,0,8,0,0,0,0,4,1,1,1,6,11967,2,8,-1,-1
2013232558213,2,9,0,5,0,8,0,0,0,0,3,1,6,2,6,1299,1,15,6,3
2013232558513,1,19,0,1,0,8,0,0,0,0,2,1,1,1,8,2402,2,11,5,3
2013232558613,1,9,0,11,0,4,0,0,0,0,1,1,6,1,-1,-1,-1,-1,-1,-1
2013232558613,2,1,0,18,0,8,0,0,0,0,2,1,6,2,6,-1,-1,-1,5,1
2013232558713,1,8,0,18,0,1,0,0,0,0,1,1,1,1,9,2664,2,12,4,1
2013232558813,1,9,0,18,0,0,0,0,0,0,4,1,6,1,-1,-1,-1,-1,-1,-1
2013232559113,1,9,0,5,0,8,0,0,0,0,4,1,6,2,10,1596,1,5,8,1
2013232559113,2,9,0,18,0,8,0,0,0,0,1,1,6,2,10,1329,1,3,8,3
2013232559113,3,9,0,10,0,8,0,0,0,0,1,1,2,2,6,1560,2,5,5,1
2013232559213,1,9,0,18,0,1,0,0,0,0,1,1,6,1,7,1896,2,10,4,1
2013232559513,1,9,0,18,0,0,0,0,0,0,1,1,6,1,-1,-1,-1,-1,-1,-1
2013232559913,1,4,0,18,0,0,0,0,0,0,1,1,6,1,4,-1,-1,-1,1,1
2013232559913,2,9,0,18,0,0,0,0,0,0,1,1,6,1,8,1796,1,13,1,1
2013232560013,1,3,0,17,0,0,1,0,1,4,1,1,6,1,4,125,1,1,3,2
2013232560413,1,9,0,18,0,8,0,0,0,0,1,1,6,1,6,1998,1,6,6,1
2013232560413,2,9,0,18,0,8,0,0,7,1,1,1,6,2,6,1781,1,10,8,2
2013232561013,1,19,0,14,0,0,0,0,0,0,1,1,1,1,7,2461,2,9,9,1
2013232561013,2,21,1,4,0,0,0,0,0,0,2,1,1,1,6,11705,2,6,-1,-1
2013232561213,1,9,0,18,0,8,0,0,0,0,1,1,6,1,7,1390,1,11,4,1
2013232561213,2,9,0,10,0,8,0,0,0,0,2,1,6,2,5,998,1,6,4,1
2013232561513,1,9,0,18,0,0,1,0,0,0,1,1,6,1,4,-1,-1,-1,7,1
2013232561513,2,9,0,18,0,0,0,0,0,0,1,1,6,1,6,1998,2,8,8,1
2013232561813,1,9,0,12,0,1,0,0,0,0,3,1,6,2,7,1596,1,12,5,1
2013232561813,2,5,0,18,0,1,0,0,0,0,4,1,1,1,8,1170,1,6,-1,-1
2013232563013,1,9,0,18,0,0,0,0,0,0,1,1,6,2,8,1997,1,10,3,2
2013232563213,1,19,0,18,0,0,0,0,0,0,1,1,6,1,7,2402,2,11,10,1
2013232563213,2,9,0,2,0,0,0,0,0,0,2,1,6,2,7,1968,2,-1,8,1
2013232563713,1,9,0,5,0,1,0,0,0,0,1,1,6,2,8,-1,-1,-1,4,1
2013232563713,2,9,0,3,0,1,0,0,0,0,2,1,6,1,-1,1995,1,10,2,1
2013232563813,1,1,0,18,0,0,0,0,0,0,1,1,6,1,4,-1,-1,-1,7,1
2013232563813,2,9,0,18,0,0,0,0,0,0,4,1,6,2,4,1299,1,14,2,1
2013232563913,1,9,0,7,0,8,0,0,0,0,0,1,6,3,-1,-1,-1,-1,-1,-1
2013232563913,2,9,0,18,0,8,0,0,0,0,1,1,6,2,10,1598,1,13,8,1
2013232563913,3,21,0,18,0,8,0,0,0,0,3,1,6,1,7,-1,-1,-1,4,1
2013232565213,1,19,0,18,0,8,0,0,0,0,1,1,6,1,-1,-1,-1,-1,-1,-1
2013232565213,2,9,0,18,0,8,0,0,0,0,3,1,6,2,7,1275,1,13,2,1
2013232565613,1,11,0,9,0,8,0,0,0,0,1,1,1,1,7,6871,2,5,4,1
2013232565613,2,9,0,18,0,8,0,0,0,0,3,1,6,1,4,1461,2,6,3,1
2013232566313,1,9,0,18,0,8,0,0,0,0,1,1,6,1,5,1368,1,4,-1,-1
2013232566313,2,9,0,10,0,8,0,0,0,0,2,1,6,2,5,1598,1,-1,5,1
2013232566813,1,3,0,18,0,0,0,10,1,10,4,1,6,1,4,-1,-1,-1,2,1
2013232566913,1,9,0,9,0,8,0,0,0,0,3,1,6,2,9,-1,-1,-1,4,3
2013232566913,2,1,0,18,0,8,0,0,0,0,1,1,6,1,5,-1,-1,-1,-1,-1
2013232567013,1,1,0,18,0,0,0,0,0,0,1,1,6,1,3,-1,-1,-1,-1,-1
2013232567013,2,9,0,18,0,0,0,0,0,0,4,1,6,1,8,1984,1,11,-1,-1
2013232567213,1,9,4,7,0,8,0,0,0,0,4,1,6,1,-1,-1,-1,-1,-1,-1
2013232567313,1,5,0,9,0,8,0,0,2,10,1,1,6,1,8,599,1,17,5,1
2013232567613,1,9,0,5,0,0,0,0,0,0,1,1,6,1,8,1461,2,10,1,1
2013232568013,1,9,0,5,0,8,0,0,0,0,1,1,6,1,7,2967,2,2,10,1
2013232568013,2,9,0,7,0,8,0,0,0,0,4,1,6,1,7,-1,-1,-1,-1,-1
2013232568213,1,9,0,9,0,8,0,0,2,10,4,1,6,1,4,1596,1,12,9,1
2013232568213,2,9,0,18,0,8,0,0,0,0,1,1,2,1,4,998,1,20,-1,-1
2013232568313,1,9,0,18,0,8,0,0,0,0,1,1,6,2,6,1686,2,4,5,1
2013232568313,2,9,0,10,0,8,0,0,0,0,2,1,6,2,9,1599,1,12,8,3
2013232568913,1,9,0,18,0,0,0,0,7,4,4,1,6,1,7,-1,-1,-1,-1,-1
2013232569313,1,9,0,18,0,0,0,0,0,0,1,1,6,1,5,1242,1,10,7,3
2013232569513,1,9,0,9,0,8,0,0,3,1,1,1,6,1,5,1390,1,8,9,1
2013232569513,2,9,0,18,0,8,0,0,0,0,3,1,6,1,7,1590,1,11,2,1
2013232569613,1,9,0,9,0,8,0,0,0,0,1,1,6,1,4,1242,1,10,10,1
2013232569613,2,9,0,18,0,8,1,0,0,0,1,1,6,1,9,1598,1,14,6,3
2013232571013,1,19,0,16,0,1,1,0,8,7,1,1,6,1,8,1248,2,5,-1,-1
2013232571313,1,1,0,9,0,8,0,0,0,0,3,1,2,1,7,-1,-1,-1,5,1
2013232571313,2,9,0,18,0,8,0,0,0,0,1,1,2,2,6,1598,1,8,4,2
2013232571913,1,9,0,18,0,8,1,0,3,1,1,1,6,1,7,-1,-1,-1,-1,-1
2013232573413,1,19,0,9,0,8,0,0,0,0,3,1,6,1,8,2496,2,13,4,1
2013232573413,2,5,0,18,0,8,1,0,0,0,1,1,6,1,7,599,1,15,3,1
2013232573513,1,9,0,18,0,0,0,0,0,0,1,1,6,2,6,998,1,9,5,1