Accident_Index,Vehicle_Reference,Vehicle_Type,Towing_and_Articulation,Vehicle_Manoeuvre,Vehicle_Location-Restricted_Lane,Junction_Location,Skidding_and_Overturning,Hit_Object_in_Carriageway,Vehicle_Leaving_Carriageway,Hit_Object_off_Carriageway,1st_Point_of_Impact,Was_Vehicle_Left_Hand_Drive?,Journey_Purpose_of_Driver,Sex_of_Driver,Age_Band_of_Driver,Engine_Capacity_(CC),Propulsion_Code,Age_of_Vehicle,Driver_IMD_Decile,Driver_Home_Area_Type
2013232676013,1,9,0,7,0,8,0,0,0,0,0,1,6,1,-1,-1,-1,-1,-1,-1
2013232676013,2,20,0,7,0,8,1,0,0,0,1,1,6,1,6,6370,2,10,5,1
2013232676013,3,9,0,7,0,8,1,0,7,7,1,1,6,1,8,1596,1,8,5,1
2013232676813,1,9,0,17,0,0,1,10,0,0,4,1,6,1,7,-1,-1,-1,1,1
2013232676913,1,9,0,18,0,8,0,0,0,0,1,1,6,1,-1,-1,-1,-1,-1,-1
2013232676913,2,9,0,3,0,8,0,0,0,0,2,1,6,1,6,1388,1,2,5,3
2013232677313,1,9,0,18,0,0,0,0,0,0,3,1,6,1,8,1998,2,-1,5,1
2013232677313,2,9,0,18,0,0,0,0,0,0,3,1,6,1,6,1956,2,-1,2,1
2013232677813,1,19,0,9,0,8,0,0,1,0,3,1,6,1,-1,1753,2,6,-1,-1
2013232677813,2,9,0,18,0,8,1,0,0,0,1,1,6,1,8,1796,1,10,-1,-1
2013232678413,1,19,0,7,0,8,1,0,0,0,1,1,6,1,7,2298,2,3,6,1
2013232678513,1,9,0,9,0,8,0,0,0,0,3,1,6,1,5,1242,1,16,3,1
2013232678513,2,9,0,18,0,8,0,0,0,0,1,1,6,2,5,-1,-1,-1,6,1
2013232678613,1,9,0,9,0,8,0,0,0,0,1,1,6,2,7,1995,2,8,7,1
2013232678613,2,9,0,18,0,8,1,0,0,0,1,1,6,1,7,1968,2,9,5,1
2013232679113,1,9,0,9,0,8,0,0,0,0,1,1,6,2,8,-1,-1,-1,8,1
2013232679113,2,9,0,18,0,8,0,0,0,0,1,1,6,2,6,1398,2,10,6,1
2013232679213,1,9,0,18,0,0,1,0,0,0,1,1,6,1,4,1000,1,13,9,1
2013232679613,1,9,0,9,0,8,0,0,0,0,1,1,6,2,4,-1,-1,-1,6,1
2013232679613,2,9,0,18,0,8,0,0,0,0,1,1,6,1,6,998,1,2,1,1
2013232679913,1,3,0,4,0,1,1,0,0,0,1,1,6,1,5,124,1,4,5,1
2013232679913,2,19,0,18,0,1,0,0,0,0,1,1,6,1,8,2198,2,5,6,3
2013232680413,1,9,0,16,0,0,1,0,0,0,3,1,6,1,4,1124,1,13,3,1
2013232680413,2,9,0,18,0,0,0,0,1,0,1,1,6,2,6,1560,2,4,1,1
2013232680913,1,9,0,18,0,0,0,0,0,0,1,1,6,2,6,1390,1,11,4,2
2013232680913,2,9,0,18,0,0,0,0,7,0,1,1,6,2,11,1299,1,9,5,1
2013232681913,1,19,0,18,0,0,0,0,0,0,3,1,6,1,-1,-1,-1,-1,-1,-1
2013232681913,2,9,0,18,0,0,0,0,0,0,3,1,6,2,5,1600,1,14,4,1
2013232682613,1,9,0,4,0,8,0,0,0,0,1,1,6,2,-1,1995,2,1,4,3
2013232682613,2,9,0,3,0,8,0,0,0,0,2,1,6,2,8,1490,1,8,5,1
2013233000113,1,20,0,18,0,0,0,0,0,0,4,1,1,1,7,-1,-1,-1,-1,-1
2013233000813,1,5,0,18,0,0,1,12,0,0,1,1,6,1,7,1064,1,7,10,2
2013233001013,1,9,0,5,0,8,0,0,0,0,1,1,6,1,7,1229,1,5,2,1
2013233002013,1,9,0,18,0,8,0,0,0,0,1,1,6,1,5,1896,2,12,7,3
2013233002113,1,21,1,18,0,8,0,0,1,10,1,1,1,1,7,10518,2,4,6,2
2013233002113,2,9,0,10,0,8,0,0,0,0,2,1,6,1,5,1598,1,2,8,1
2013233002213,1,9,0,17,0,0,1,0,7,4,3,1,6,1,6,1910,2,8,5,1
2013233002613,1,9,0,18,0,8,1,0,7,1,4,1,6,1,7,1997,2,11,9,3
2013233002613,2,9,0,18,0,8,1,0,1,4,1,1,6,2,-1,1364,1,8,8,3
2013233002713,1,9,0,17,0,2,1,0,1,9,1,1,6,1,8,1975,1,6,9,2
2013233002813,1,9,0,18,0,0,0,0,0,0,1,1,6,2,6,1599,1,8,-1,-1
2013233002813,2,1,0,18,0,0,0,0,1,0,2,1,6,2,9,-1,-1,-1,8,3
2013233003113,1,9,0,4,0,8,0,0,0,0,1,1,6,1,-1,2987,2,2,10,1
2013233003113,2,9,0,4,0,8,0,0,0,0,1,1,6,2,8,1595,1,4,10,1
2013233003213,1,9,0,18,0,0,1,0,1,9,1,1,6,1,10,2324,1,12,10,1
2013233003413,1,9,0,18,0,0,0,0,0,0,0,1,6,1,-1,-1,-1,-1,-1,-1
2013233003413,2,9,0,18,0,0,0,10,0,0,1,1,6,1,5,1587,1,11,6,2
2013233003713,1,9,0,18,0,0,1,0,1,9,4,1,6,1,4,1391,1,18,8,3
2013233003813,1,9,0,17,0,0,1,0,7,9,1,1,6,2,4,1905,2,15,7,2
2013233003813,2,9,0,18,0,0,0,0,0,0,4,1,6,1,6,1995,2,6,7,3
2013233003913,1,9,0,18,0,0,1,0,7,3,2,1,6,1,5,1896,2,14,6,2
2013233004013,1,19,0,9,0,8,0,0,0,0,1,1,6,1,9,2148,2,3,4,1
2013233004013,2,9,0,18,0,8,0,0,0,0,4,1,6,2,4,1149,1,13,8,3
2013233004313,1,9,0,18,0,8,1,0,0,0,1,1,6,2,-1,1329,1,3,9,3
2013233004313,2,9,0,18,0,8,1,0,7,9,1,1,6,1,6,1998,1,23,9,3
2013233004413,1,9,0,18,0,0,0,0,2,4,4,1,6,2,10,1870,2,9,8,3
2013233004713,1,3,0,18,0,8,0,0,0,0,3,1,6,1,5,-1,-1,-1,9,1
2013233004713,2,9,0,18,0,8,0,0,0,0,1,1,6,1,7,1997,2,12,8,1
2013233004913,1,11,0,14,0,0,0,0,0,0,1,1,1,1,8,4250,2,2,6,1
2013233006113,1,9,0,18,0,1,0,0,0,0,1,1,6,1,-1,1461,2,1,-1,-1
2013233006113,2,9,0,3,0,1,0,0,0,0,2,1,2,2,8,2143,2,1,8,1
2013233006713,1,9,0,18,0,0,1,0,0,0,1,1,6,1,7,1197,1,2,-1,-1
2013233006713,2,9,0,18,0,0,1,0,0,0,1,1,6,1,8,1298,1,8,6,2
2013233006713,3,9,0,18,0,0,1,0,7,4,1,1,6,1,11,2400,2,5,8,3
2013233007113,1,9,0,4,0,0,1,0,1,10,1,1,6,2,5,1796,1,10,8,1
2013233007513,1,9,0,18,0,0,1,0,0,0,1,1,3,1,7,2179,2,1,9,1
2013233007513,2,9,0,18,0,0,1,0,0,0,1,1,6,2,6,1299,1,9,7,1
2013233009613,1,9,0,9,0,8,0,0,0,0,1,1,6,2,4,1299,1,14,8,2
2013233009613,2,9,0,18,0,8,0,0,0,0,1,1,6,1,8,1951,2,12,3,1
2013233010213,1,9,0,18,0,8,1,0,0,0,1,1,6,1,8,1896,2,11,7,3
2013233010213,2,9,0,18,0,8,2,10,2,10,1,1,6,2,8,1896,2,6,-1,-1
2013233010213,3,9,0,10,0,8,0,0,0,0,2,1,6,1,8,1997,2,2,8,3
2013233010313,1,11,0,18,0,1,0,0,0,0,4,1,6,1,-1,-1,-1,-1,-1,-1
2013233012713,1,9,0,13,0,0,0,0,0,0,1,1,2,1,7,2720,2,5,4,1
2013233012713,2,9,0,18,0,0,0,0,0,0,1,1,2,1,9,1388,1,11,8,3
2013233012713,3,9,0,18,0,0,5,0,1,9,3,1,2,1,7,1968,2,3,10,1
2013233013113,1,9,0,18,0,8,0,0,0,0,1,1,6,1,8,1986,2,8,10,1
2013233013113,2,9,0,18,0,8,0,0,0,0,4,1,6,1,9,2143,2,-1,10,1
2013233013613,1,9,0,7,0,8,0,0,0,0,4,1,2,1,7,1299,1,12,9,3
2013233013613,2,1,0,7,0,8,0,0,0,0,3,1,6,1,6,-1,-1,-1,8,1
2013233013913,1,9,0,9,0,8,0,0,0,0,1,1,6,1,7,1986,2,7,8,1
2013233013913,2,9,0,9,0,8,0,0,0,0,1,1,6,2,8,1398,1,10,8,3
2013233013913,3,9,0,18,0,8,0,0,1,0,1,1,6,1,9,1968,2,8,8,3
2013233014013,1,19,0,18,0,0,5,10,1,9,1,1,6,1,6,2461,2,6,7,3
2013233014213,1,9,0,18,0,8,0,0,0,0,1,1,6,1,4,1560,2,3,9,1
2013233014213,2,9,0,18,0,8,0,0,0,0,4,1,6,2,4,1198,1,3,7,3
2013233014413,1,9,0,18,0,0,1,0,1,3,1,1,6,1,6,1994,1,16,9,3
2013233015413,1,9,0,9,0,8,0,0,0,0,1,1,3,1,11,1796,1,11,6,1
2013233015413,2,9,0,18,0,8,0,0,0,0,1,1,3,2,7,2000,2,8,6,1
2013233015513,1,9,0,9,0,8,0,0,0,0,1,1,2,1,8,2497,2,7,8,2
2013233015513,2,9,0,18,0,8,0,0,1,0,1,1,6,1,9,1995,2,4,8,3
2013233015513,3,9,0,3,0,8,0,0,0,0,3,1,2,1,8,1995,2,4,6,1
2013233015813,1,9,0,18,0,0,1,0,1,9,1,1,2,2,6,1339,1,9,8,3
2013233016013,1,9,0,17,0,0,1,0,0,0,4,1,2,1,5,1242,1,2,10,3
2013233016013,2,9,0,18,0,0,0,0,0,0,1,1,2,1,7,1997,1,-1,10,1
2013233016813,1,4,0,13,0,8,0,0,0,0,1,1,6,1,8,800,1,2,4,2
2013233016813,2,9,0,9,0,8,0,0,0,0,3,1,6,2,7,1299,1,9,7,2
2013233018113,1,9,0,18,0,0,0,0,0,0,3,1,2,1,6,1896,2,9,6,1
2013233018113,2,9,0,18,0,0,0,0,0,0,3,1,6,1,8,1910,2,9,7,3
2013233018113,3,9,0,18,0,0,0,0,2,0,3,1,2,1,9,2000,2,3,-1,-1
2013233018113,4,9,0,18,0,0,0,0,0,0,3,1,2,1,7,1968,2,2,7,3
2013233018213,1,9,0,16,0,8,1,0,1,10,4,1,6,2,7,1587,1,7,8,1
2013233018813,1,9,0,18,0,0,0,0,0,0,1,1,6,1,8,1995,2,-1,10,3
2013233018813,2,9,0,18,0,0,0,0,0,0,1,2,6,1,8,-1,-1,-1,-1,-1
2013233018913,1,9,0,18,0,8,0,0,1,0,1,1,6,1,5,-1,-1,-1,8,2
2013233018913,2,21,1,18,0,8,0,0,0,0,4,1,1,1,8,12777,2,5,4,3
2013233019013,1,9,0,4,0,1,0,0,0,0,1,1,6,1,6,-1,-1,-1,-1,-1
2013233019013,2,9,0,3,0,1,0,0,0,0,2,1,6,2,4,1364,1,8,5,2
2013233020113,1,19,0,18,0,0,0,0,1,4,1,1,6,1,7,1753,2,13,3,1
2013233020213,1,1,0,18,0,8,1,0,7,10,1,1,2,1,5,-1,-1,-1,8,1
2013233020413,1,19,0,13,0,0,0,0,0,0,1,1,1,1,5,1753,2,7,7,3
2013233020413,2,9,0,18,0,0,0,0,0,0,1,1,6,2,-1,2993,2,5,-1,-1
2013233020513,1,9,0,18,0,8,0,0,0,0,1,1,6,1,4,1299,1,9,10,2
2013233020513,2,9,0,18,0,8,2,0,7,0,4,1,6,1,5,2495,2,18,8,3
2013233020613,1,19,0,16,0,8,2,0,1,9,1,1,1,1,7,1998,2,8,9,2
2013233020813,1,9,0,18,0,0,1,0,7,1,1,1,6,1,6,1799,1,14,8,2
2013233020913,1,9,0,18,0,0,5,0,7,4,1,1,6,1,6,1796,1,11,8,1
2013233022113,1,9,0,18,0,0,0,0,0,0,1,1,6,1,6,1995,2,12,5,3
2013233022113,2,9,0,4,0,0,0,0,0,0,2,1,6,2,4,1229,1,4,10,3
2013233022113,3,9,0,4,0,0,0,0,0,0,2,1,6,2,-1,1086,1,4,6,3
2013233022413,1,19,0,18,0,8,0,0,0,0,1,1,1,1,8,2198,2,1,8,3
2013233022413,2,9,0,10,0,8,0,0,0,0,2,1,2,2,8,1299,1,13,5,3
2013233022913,1,2,0,18,0,0,0,10,0,0,1,1,6,1,4,49,1,6,9,2
2013233023013,1,9,0,1,0,0,0,0,0,0,2,1,6,1,7,2179,2,10,6,2
2013233023613,1,9,0,18,0,0,0,0,0,0,1,1,6,1,9,1598,1,9,1,1
2013233023613,2,9,0,2,0,0,0,0,0,0,2,1,6,2,5,1796,1,9,8,2
2013233023713,1,9,0,18,0,0,0,0,0,0,1,1,2,2,5,1598,1,4,-1,-1
2013233024013,1,9,0,17,0,0,1,0,7,0,3,1,2,1,8,1582,2,5,6,2
2013233024013,2,9,0,16,0,0,1,0,7,0,3,1,2,2,7,1242,1,7,8,1
2013233024613,1,9,0,17,0,0,1,0,1,9,4,1,6,1,6,1984,1,12,9,1
2013233024713,1,10,0,18,0,0,0,0,0,0,1,1,1,1,8,2500,2,5,1,1
2013233024713,2,9,0,4,0,0,0,0,0,0,2,1,2,1,6,1796,1,10,6,2
2013233024813,1,9,0,18,0,0,2,0,8,4,4,1,6,2,5,899,1,14,5,1
2013233024913,1,9,0,18,0,2,0,0,0,0,1,1,6,2,5,1560,2,3,4,1
2013233024913,2,9,0,4,0,2,0,0,0,0,2,1,2,2,9,1598,2,1,9,3
2013233025313,1,9,0,9,0,8,0,0,0,0,1,1,6,1,7,-1,-1,-1,-1,-1
2013233025313,2,9,0,18,0,8,0,0,0,0,1,1,6,1,6,1799,1,8,10,1
2013233025613,1,9,0,9,0,8,0,0,7,0,1,1,6,1,4,998,1,13,6,3
2013233025613,2,9,0,18,0,8,0,0,0,0,1,1,6,1,4,1390,1,6,8,1
2013233027113,1,9,0,18,0,0,0,0,0,0,1,1,6,1,-1,1360,1,9,6,1
2013233027113,2,1,0,18,0,0,0,0,0,0,2,1,2,1,7,-1,-1,-1,7,3
2013233027913,1,3,0,18,0,0,1,0,0,0,1,1,6,2,4,124,1,2,7,3
2013233028013,1,9,0,14,0,0,0,0,0,0,1,1,6,2,4,999,1,16,9,3
2013233028813,1,3,0,16,0,8,1,0,0,0,1,1,6,1,4,124,1,7,5,1
2013233028813,2,9,0,17,0,8,0,0,0,0,1,1,6,1,11,1598,1,1,10,1
2013233029713,1,9,0,18,0,8,0,0,0,0,3,1,6,2,10,1149,1,6,8,1
2013233029713,2,9,0,18,0,8,0,0,1,1,1,1,6,2,7,1968,2,6,10,1
2013233030013,1,9,0,18,0,0,0,0,0,0,1,1,6,1,4,1388,1,9,5,3
2013233030013,2,9,0,4,0,0,0,0,0,0,2,1,6,2,7,2179,2,5,6,3
2013233030813,1,9,0,18,0,0,0,0,0,0,1,1,6,1,8,1597,1,4,10,1
2013233031013,1,9,0,17,0,0,0,10,7,9,3,1,6,2,11,-1,-1,-1,7,1
2013233031313,1,9,0,18,0,0,1,0,8,4,1,1,6,2,5,998,1,10,2,1
2013233031513,1,9,0,18,0,8,0,0,0,0,1,1,6,2,4,1794,1,10,5,2
2013233031813,1,9,0,18,0,0,0,0,0,0,1,1,6,2,7,-1,-1,-1,5,2
2013233031813,2,9,0,18,0,0,0,0,0,0,1,1,6,2,5,1246,1,7,4,2
2013233031813,3,9,0,18,0,0,0,0,0,0,1,1,6,1,9,1397,1,3,7,2
2013233032213,1,9,0,17,0,0,0,0,1,4,1,1,6,1,6,1598,1,-1,7,3
2013233032413,1,5,0,4,0,0,0,0,0,0,1,1,2,1,7,1050,1,6,1,1
2013233032413,2,9,0,4,0,0,0,0,0,0,2,1,2,2,7,-1,-1,-1,8,3
2013233033013,1,9,0,17,0,0,2,0,1,0,1,1,6,1,6,1598,1,22,7,3
2013233033113,1,9,0,18,0,0,0,0,0,0,3,1,2,1,6,1796,1,16,6,2
2013233033113,2,9,0,18,0,0,0,0,2,3,3,1,6,2,7,1242,1,2,8,2
2013233033413,1,5,0,4,0,4,1,0,3,1,1,1,6,1,5,-1,-1,-1,9,1
2013233033513,1,9,0,1,0,0,0,0,0,0,2,1,6,1,11,1951,2,8,9,3
2013233034413,1,9,0,17,0,0,2,0,7,4,4,1,6,2,4,-1,-1,-1,9,2
2013233034713,1,9,0,9,0,8,0,0,0,0,4,1,6,2,6,1299,1,13,10,3
2013233034713,2,1,0,18,0,8,0,0,0,0,1,1,6,1,8,-1,-1,-1,9,2
2013233034913,1,5,0,18,0,8,0,12,0,0,1,1,6,1,9,1402,1,11,6,1
2013233035213,1,9,0,4,0,0,0,0,0,0,1,1,2,1,6,1598,1,7,8,1
2013233035513,1,9,0,13,0,8,0,0,7,1,4,1,2,1,7,1598,1,9,7,3
2013233035513,2,19,0,9,0,8,0,0,7,0,3,1,1,1,6,1870,2,12,9,1
2013233036113,1,19,0,18,0,8,0,0,3,1,3,1,1,1,7,5193,2,-1,9,1
2013233036213,1,9,0,9,0,8,5,0,3,1,3,1,6,1,9,1390,1,3,5,1
2013233036213,2,9,0,18,0,8,0,0,7,7,1,1,6,1,8,2180,2,16,2,1
2013233036313,1,3,0,7,0,8,0,10,7,0,3,1,2,2,4,125,1,-1,4,1
2013233036813,1,9,0,18,0,8,0,0,0,0,1,1,6,2,4,1242,1,3,6,2
2013233036813,2,9,0,3,0,8,0,0,0,0,2,1,6,1,7,1997,2,10,6,2
2013233036813,3,9,0,10,0,8,0,0,0,0,2,1,6,1,7,1198,1,8,9,3
2013233037313,1,9,0,9,0,8,0,0,0,0,4,1,6,1,7,1390,1,6,9,1
2013233037313,2,9,0,18,0,8,0,0,0,0,1,1,6,1,6,1975,1,8,8,1
2013233037313,3,9,0,3,0,8,0,0,0,0,1,1,6,1,5,-1,-1,-1,-1,-1
2013233037413,1,9,0,4,0,0,1,0,0,0,1,1,6,2,7,1796,1,3,9,2
2013233037413,2,9,0,4,0,0,0,0,0,0,1,1,2,2,6,875,1,2,10,3
2013233037413,3,19,0,4,0,0,0,0,1,0,1,1,1,1,6,-1,-1,-1,5,1
2013233037413,4,9,0,3,0,0,0,0,0,0,2,1,6,1,7,1596,1,5,6,3
2013233037913,1,9,0,18,0,8,0,0,1,0,1,1,6,1,11,1598,1,7,8,1
2013233037913,2,9,0,3,0,8,0,0,7,0,2,1,6,1,5,1149,1,6,5,2
2013233037913,3,9,0,3,0,8,0,0,0,0,2,1,6,1,8,1968,2,2,7,1
2013233038513,1,3,0,18,0,8,0,0,0,0,1,1,6,1,4,125,1,2,6,3
2013233038513,2,9,0,9,0,8,0,0,0,0,2,1,6,1,9,1685,2,1,8,1
2013233038613,1,9,0,7,0,8,0,0,2,7,3,1,6,2,7,1968,2,1,4,1
2013233038613,2,9,0,18,0,8,0,0,0,0,4,1,6,2,8,-1,-1,-1,9,3
2013233038713,1,9,0,12,0,8,0,0,0,0,3,1,6,1,8,1248,2,2,9,3
2013233038713,2,9,0,18,0,3,5,0,0,0,4,1,6,1,8,2477,2,9,10,3
2013233038913,1,19,0,18,0,0,0,0,0,0,3,1,1,1,8,2402,2,1,-1,1
2013233038913,2,21,1,18,0,0,0,0,0,0,3,1,1,1,7,12419,2,2,5,1
2013233039313,1,9,0,18,0,8,0,0,0,0,1,1,6,1,-1,-1,-1,-1,-1,-1
2013233039313,2,9,0,10,0,8,0,0,0,0,2,1,3,2,8,2199,2,3,9,3
2013233039713,1,9,0,4,0,1,0,0,0,0,1,1,6,1,6,1900,2,15,8,3
2013233039713,2,9,0,3,0,1,0,0,0,0,2,1,6,1,7,2148,2,8,10,2
2013233039813,1,9,0,18,0,1,0,0,0,0,1,1,6,2,8,998,1,1,4,1
2013233039813,2,9,0,18,0,1,0,0,0,0,2,1,6,1,-1,1991,2,3,-1,-1
2013233039913,1,9,0,9,0,8,0,0,0,0,1,1,6,1,-1,1997,2,5,8,1
2013233039913,2,1,0,18,0,8,0,0,0,0,1,1,6,1,9,-1,-1,-1,9,2
2013233041013,1,9,0,18,0,8,0,0,0,0,1,1,6,2,8,1461,2,1,9,3
2013233041013,2,9,0,18,0,8,0,0,0,0,1,1,6,1,8,2179,2,1,8,1
2013233041013,3,9,0,4,0,8,0,0,0,0,2,1,6,2,6,1596,1,9,2,1
2013233041113,1,5,0,17,0,0,0,0,1,9,4,1,6,1,8,645,1,2,-1,-1
2013233041613,1,9,0,9,0,8,0,0,0,0,1,1,6,2,7,1242,1,4,6,3
2013233041613,2,9,0,18,0,8,0,0,1,0,1,1,6,2,4,1242,1,11,8,1
2013233041713,1,5,0,13,0,1,1,0,7,9,1,1,6,1,8,954,1,11,9,1
2013233041813,1,9,0,18,0,0,1,12,2,7,1,1,6,1,10,1896,2,3,9,2
2013233042013,1,9,0,18,0,8,0,0,0,0,4,1,6,1,11,1149,1,8,8,1
2013233042013,2,9,0,18,0,8,0,0,0,0,3,1,6,1,5,1998,1,6,6,3
2013233042213,1,9,0,18,0,8,0,0,0,0,3,1,6,1,6,1390,1,11,10,1
2013233042213,2,9,0,10,0,8,0,0,0,0,1,1,6,2,6,2993,2,10,8,2
2013233042713,1,3,0,4,0,1,0,0,0,0,4,1,6,1,8,124,1,8,4,1
2013233043313,1,9,0,9,0,8,0,0,0,0,1,1,6,1,4,1229,1,7,4,1
2013233043313,2,9,0,18,0,8,0,0,0,0,4,1,6,1,8,1794,1,12,6,1
2013233043513,1,9,0,16,0,0,0,0,8,4,1,1,6,1,5,1390,1,4,8,1
2013233043713,1,9,0,4,0,0,0,0,0,0,1,1,6,1,8,2461,2,14,3,1
2013233043713,2,9,0,3,0,0,0,0,0,0,2,1,6,1,6,1242,1,3,9,1
2013233043913,1,9,0,18,0,0,2,0,1,4,3,1,6,1,6,1587,1,10,4,1
2013233044113,1,9,0,18,0,0,1,12,7,4,1,1,6,2,5,1339,1,5,9,3
2013233044413,1,9,3,11,0,1,0,0,0,0,4,1,6,1,-1,-1,-1,-1,-1,-1
2013233044413,2,1,0,18,0,1,0,10,1,10,3,1,6,1,8,-1,-1,-1,10,1
2013233045813,1,19,0,9,0,8,0,0,1,7,1,1,1,1,8,2198,2,2,1,1
2013233045813,2,9,0,17,0,8,1,0,0,0,3,1,2,1,6,1596,1,11,-1,-1
2013233046313,1,9,0,17,0,0,0,0,2,9,1,1,3,1,6,1798,1,1,9,1
2013233046713,1,17,0,18,0,0,0,0,2,3,4,1,1,1,7,4485,2,-1,4,1
2013233046713,2,19,0,3,0,0,0,0,0,0,3,1,2,1,8,2499,2,10,-1,-1
2013233047113,1,9,0,2,0,0,0,0,0,0,3,1,6,2,6,1388,1,7,9,3
2013233047113,2,1,0,14,0,0,0,0,0,0,4,1,6,2,7,-1,-1,-1,9,2
2013233047313,1,9,0,18,0,0,0,0,1,10,1,1,6,1,5,1796,1,9,5,1
2013233047513,1,9,0,16,0,0,1,0,0,0,1,1,6,1,8,1990,1,19,8,3
2013233047513,2,9,0,3,0,0,0,0,0,0,1,1,6,1,9,1998,1,8,8,3
2013233047613,1,11,0,4,0,0,0,0,0,0,1,1,6,1,7,9000,2,6,8,2
2013233048113,1,9,0,18,0,0,0,0,0,0,1,1,6,1,7,1598,2,-1,-1,-1
2013233048113,2,19,0,18,0,0,0,0,0,0,1,1,2,1,9,2198,2,2,7,3
2013233048313,1,9,0,4,0,8,1,0,0,0,1,1,1,1,11,2495,2,14,8,1
2013233048313,2,9,0,10,0,8,0,0,0,0,2,1,2,2,7,1339,1,5,8,3
2013233049813,1,11,0,1,0,0,0,0,0,0,2,1,1,1,-1,11970,2,8,-1,-1
2013233049813,2,3,0,3,0,0,0,0,0,0,1,1,6,1,4,124,1,-1,9,2
2013233050113,1,1,0,18,0,0,0,0,1,0,4,1,6,2,8,-1,-1,-1,9,2
2013233050313,1,9,0,18,0,0,0,0,0,0,1,1,6,1,6,1360,1,14,2,1
2013233051113,1,9,0,18,0,0,5,4,0,0,1,1,6,1,8,998,1,9,7,1
2013233051113,2,9,0,2,0,0,0,0,0,0,3,1,6,1,5,1124,1,6,8,2
2013233051213,1,9,0,14,0,8,0,0,0,0,4,1,2,1,8,1984,1,12,1,1
2013233051213,2,9,0,9,0,8,0,0,7,0,3,1,2,2,8,1124,1,3,5,1
2013233052113,1,9,0,18,0,0,0,0,0,0,1,1,6,1,4,1596,1,2,10,3
2013233052113,2,9,0,3,0,0,0,0,0,0,2,1,6,2,9,1108,1,6,5,2
2013233052113,3,19,0,3,0,0,0,0,0,0,2,1,6,1,8,2283,2,12,6,2
2013233052113,4,9,0,3,0,0,0,0,0,0,2,1,6,2,5,1198,1,3,-1,-1
2013233052913,1,9,0,16,0,8,1,7,7,10,1,1,6,1,5,1390,1,11,8,3
2013233052913,2,9,0,18,0,1,0,0,0,0,0,1,1,1,8,2993,2,1,6,3
2013233053013,1,5,0,13,0,0,0,0,7,0,1,1,6,1,6,1255,1,4,5,2
2013233053013,2,9,0,13,0,0,0,0,0,0,2,1,6,1,4,1329,1,2,9,2
2013233053313,1,20,0,18,0,0,0,0,0,0,1,1,6,1,6,2998,2,2,8,1
2013233053313,2,9,0,4,0,0,0,0,0,0,2,1,6,2,5,1329,1,3,4,2
2013233053313,3,9,0,4,0,0,0,0,0,0,2,1,6,1,6,1968,2,2,9,2
2013233053713,1,9,0,18,0,0,0,0,7,3,1,1,6,2,10,1399,2,9,6,3
2013233053913,1,9,0,9,0,8,0,0,0,0,1,1,6,2,10,1997,1,5,8,1
2013233053913,2,19,0,18,0,8,0,0,0,0,1,1,6,1,10,1870,2,14,10,1
2013233054413,1,9,0,18,0,0,0,0,0,0,4,1,6,1,9,1997,2,13,9,2
2013233054413,2,1,0,18,0,0,0,0,0,0,2,1,6,1,8,-1,-1,-1,-1,-1
2013233054813,1,16,0,18,0,0,0,0,0,0,0,1,6,2,8,-1,-1,-1,7,3
2013233054813,2,17,0,18,0,0,0,0,0,0,0,1,6,1,9,-1,2,66,6,1
2013233054913,1,9,0,18,0,0,0,0,0,0,4,1,6,1,6,1896,2,15,9,1
2013233056213,1,9,0,18,0,0,0,0,7,9,3,1,6,1,9,1995,1,4,9,3
2013233056213,2,9,0,18,0,0,0,0,0,0,3,1,6,1,5,1248,2,2,8,1
2013233056213,3,19,0,18,0,0,0,0,0,0,3,1,6,1,5,1248,2,1,9,1
2013233056813,1,19,0,5,0,2,0,0,0,0,2,1,6,3,-1,2198,2,3,-1,-1
2013233056813,2,1,0,18,0,2,0,0,0,0,1,1,6,1,9,-1,-1,-1,10,1
2013233057013,1,21,0,18,0,0,0,0,1,0,1,1,6,1,8,12130,2,8,9,1
2013233057713,1,9,0,18,0,0,1,0,0,0,1,1,6,1,9,-1,-1,-1,8,2
2013233058113,1,9,0,14,0,0,0,0,0,0,3,1,6,1,-1,998,1,8,9,3
2013233058113,2,1,0,18,0,0,0,0,0,0,3,1,6,1,7,-1,-1,-1,7,1
2013233058413,1,3,0,18,0,0,5,0,0,0,3,1,6,1,9,125,1,1,9,3
2013233058713,1,9,0,18,0,0,0,0,1,9,1,1,6,2,5,1242,1,8,8,3
2013233058913,1,9,0,4,0,8,1,0,0,0,1,1,2,2,5,1198,1,10,10,1
2013233058913,2,9,0,10,0,8,0,0,0,0,2,1,2,1,5,1587,1,7,10,1
2013233059213,1,9,0,18,0,8,0,0,0,0,1,1,6,1,9,1769,2,20,8,1
2013233059213,2,9,0,7,0,8,0,0,0,0,2,1,6,2,8,1598,1,2,10,2
2013233059213,3,9,0,3,0,8,0,0,0,0,3,1,6,1,9,2793,1,14,7,1