Accident_Index,Vehicle_Reference,Vehicle_Type,Towing_and_Articulation,Vehicle_Manoeuvre,Vehicle_Location-Restricted_Lane,Junction_Location,Skidding_and_Overturning,Hit_Object_in_Carriageway,Vehicle_Leaving_Carriageway,Hit_Object_off_Carriageway,1st_Point_of_Impact,Was_Vehicle_Left_Hand_Drive?,Journey_Purpose_of_Driver,Sex_of_Driver,Age_Band_of_Driver,Engine_Capacity_(CC),Propulsion_Code,Age_of_Vehicle,Driver_IMD_Decile,Driver_Home_Area_Type
2013233059513,1,9,0,18,0,0,0,0,0,0,1,1,6,1,8,-1,-1,-1,9,1
2013233059513,2,9,0,18,0,0,2,0,2,4,3,1,6,2,5,1242,1,1,4,1
2013233060613,1,1,0,18,0,0,0,0,0,0,1,1,6,1,-1,-1,-1,-1,9,1
2013233060613,2,9,0,2,0,0,0,0,0,0,2,1,6,1,9,1999,1,5,6,3
2013233061013,1,9,0,1,0,0,0,0,0,0,2,1,6,1,-1,1242,1,1,-1,-1
2013233061113,1,19,0,18,0,0,2,0,2,9,1,1,6,1,5,1998,2,10,-1,-1
2013233061513,1,9,0,18,0,0,0,0,7,0,1,1,6,1,-1,1995,1,3,9,3
2013233061513,2,9,0,18,0,0,0,0,0,0,1,1,6,2,7,1796,1,6,7,2
2013233062213,1,9,0,9,0,8,0,0,0,0,1,1,6,2,8,-1,-1,-1,10,3
2013233062213,2,5,0,18,0,8,0,0,0,0,1,1,6,1,9,998,1,-1,5,1
2013233062313,1,3,0,13,0,8,0,0,7,4,4,1,6,1,6,124,1,9,6,3
2013233062313,2,9,0,9,0,8,0,0,0,0,3,1,6,1,9,1968,2,6,7,3
2013233062713,1,9,0,18,0,0,0,0,0,0,3,1,6,1,-1,-1,-1,-1,-1,-1
2013233062713,2,9,0,18,0,0,0,0,0,0,3,1,2,2,5,1560,2,8,5,1
2013233062813,1,9,0,16,0,0,1,0,7,4,3,1,6,2,6,998,1,6,10,1
2013233062913,1,9,0,18,9,0,0,0,0,0,1,1,6,1,9,-1,-1,-1,-1,-1
2013233063713,1,9,0,18,0,0,0,0,0,0,1,1,6,2,7,998,1,7,4,1
2013233063713,2,9,0,4,0,0,0,0,0,0,2,1,6,2,10,-1,-1,-1,9,3
2013233064013,1,9,0,18,0,0,0,0,7,4,1,1,6,1,6,1997,1,13,9,2
2013233064013,2,9,0,18,0,0,0,0,0,0,1,1,6,1,11,1598,1,10,9,2
2013233064013,3,9,0,18,0,0,0,0,0,0,1,1,6,1,8,1598,2,1,7,3
2013233064113,1,9,0,18,0,0,0,0,0,0,4,1,6,1,10,2688,2,11,10,1
2013233064413,1,9,0,9,0,8,0,0,0,0,1,1,6,2,7,1596,1,11,4,1
2013233064413,2,5,0,18,0,8,1,0,1,0,1,1,6,1,9,650,1,54,7,3
2013233065013,1,9,0,17,0,0,5,12,7,4,3,1,2,1,5,1242,1,14,9,1
2013233065513,1,9,0,18,0,8,0,0,1,10,1,1,6,1,11,1796,1,1,9,2
2013233065613,1,9,0,5,0,8,0,0,0,0,3,2,2,1,6,-1,-1,-1,5,1
2013233065613,2,5,0,18,0,8,1,0,0,0,1,1,2,1,8,998,1,4,9,2
2013233066113,1,9,0,16,0,0,1,0,8,7,1,1,6,1,6,2494,1,12,3,1
2013233066413,1,8,0,18,0,0,0,0,0,0,1,1,6,1,7,-1,-1,-1,4,1
2013233066413,2,5,0,18,0,0,0,0,0,0,1,1,6,1,4,645,1,10,1,1
2013233066613,1,9,0,18,0,0,0,0,0,0,1,1,6,1,-1,1988,1,14,-1,-1
2013233066613,2,9,0,2,0,0,0,0,0,0,4,1,6,2,9,1461,2,1,5,1
2013233066813,1,9,0,5,0,0,0,0,0,0,3,1,6,1,11,1360,1,10,9,1
2013233066813,2,9,0,18,0,0,0,0,0,0,1,1,6,2,9,1198,1,9,10,1
2013233066913,1,9,0,16,0,0,1,0,0,0,3,1,6,2,6,1587,1,10,1,1
2013233066913,2,19,0,17,0,0,0,0,0,0,3,1,1,1,7,1560,2,6,8,3
2013233067013,1,20,4,12,0,0,0,0,0,0,3,1,1,1,9,-1,-1,-1,9,2
2013233067013,2,21,1,18,0,0,0,0,0,0,1,1,1,1,8,10518,2,5,6,1
2013233067013,3,9,0,18,0,0,0,0,0,0,2,1,6,1,8,1984,2,3,9,1
2013233067013,4,9,0,18,0,0,0,0,0,0,1,1,6,2,7,-1,-1,-1,10,1
2013233067213,1,9,0,18,0,0,0,4,0,0,1,1,6,1,-1,-1,-1,-1,-1,-1
2013233067213,2,9,0,2,0,0,0,0,0,0,4,1,6,1,7,-1,-1,-1,10,1
2013233067413,1,9,0,18,0,8,0,0,1,9,1,1,6,1,7,1198,1,6,7,1
2013233067413,2,9,0,4,0,8,0,0,0,0,2,1,6,2,6,998,1,5,5,1
2013233068113,1,9,0,18,0,8,0,0,0,0,1,1,6,2,9,1968,2,6,9,3
2013233068113,2,9,0,10,0,8,0,0,0,0,1,1,6,1,8,1997,2,5,-1,-1
2013233068113,3,9,0,9,0,8,0,0,0,0,1,1,6,1,7,1997,2,1,8,1
2013233068113,4,9,0,3,0,8,0,0,0,0,1,2,6,1,7,-1,-1,-1,8,1
2013233068213,1,9,0,4,0,1,0,0,0,0,1,1,6,2,4,1560,2,2,7,3
2013233068213,2,9,0,3,0,1,0,0,0,0,2,1,6,1,10,1896,2,9,8,1
2013233068813,1,9,0,7,0,8,0,0,0,0,1,1,6,1,-1,1686,2,8,1,1
2013233068813,2,1,0,18,0,8,0,0,0,0,4,1,2,1,4,-1,-1,-1,10,1
2013233069513,1,9,0,9,0,2,0,0,0,0,1,1,6,2,11,1198,1,3,9,3
2013233069913,1,9,0,18,0,0,1,10,7,4,4,1,6,1,4,-1,-1,-1,7,3
2013233070113,1,9,0,18,0,8,0,0,0,0,0,1,6,1,10,2179,2,5,7,3
2013233070113,2,1,0,18,0,8,1,0,0,0,4,1,6,1,8,-1,-1,-1,10,3
2013233070813,1,9,0,13,0,8,1,0,0,0,1,1,6,1,4,1242,1,12,10,3
2013233070813,2,9,0,9,0,8,1,0,0,0,2,1,6,2,9,1951,2,11,9,1
2013233071913,1,9,0,7,0,2,0,0,0,0,1,1,6,2,10,996,1,3,9,2
2013233071913,2,9,0,2,0,1,0,0,0,0,1,1,6,1,7,1390,1,12,9,2
2013233072513,1,9,0,18,0,0,0,0,0,0,3,1,6,1,8,2198,1,11,3,1
2013233072513,2,9,0,18,0,0,0,0,0,0,3,1,6,1,6,-1,-1,-1,10,1
2013233072813,1,19,0,9,0,8,0,0,0,0,1,1,1,1,9,2143,2,-1,2,1
2013233072813,2,3,0,18,0,8,0,0,0,0,1,1,2,1,4,-1,-1,-1,10,2
2013233073913,1,2,0,18,0,0,0,0,1,0,1,1,6,1,4,50,1,5,8,3
2013233073913,2,9,0,4,0,0,0,0,0,0,2,1,6,2,7,1995,2,8,5,1
2013233074313,1,9,0,16,0,0,1,0,1,4,3,1,6,1,6,1396,1,16,7,1
2013233074613,1,19,0,11,0,0,0,0,0,0,1,1,6,1,10,1598,2,2,7,1
2013233074613,2,9,0,18,0,0,0,0,0,0,1,1,6,1,9,1905,2,18,-1,-1
2013233074713,1,9,0,18,0,2,0,0,0,0,1,1,2,1,9,1995,1,7,2,1
2013233074713,2,9,0,18,0,1,0,0,0,0,1,1,6,1,9,1685,2,-1,10,1
2013233074913,1,5,0,18,0,0,0,12,1,0,1,1,6,1,7,996,1,13,7,1
2013233075213,1,19,0,9,0,8,0,0,0,0,0,1,6,3,-1,2151,2,8,-1,-1
2013233075213,2,9,0,18,0,8,1,0,0,0,0,1,6,1,9,-1,-1,-1,6,3
2013233076513,1,9,0,13,0,0,2,0,2,9,1,1,6,2,6,1560,2,8,2,1
2013233077413,1,9,0,13,0,8,0,0,7,9,1,1,6,1,6,1998,1,7,7,1
2013233077413,2,17,0,9,9,8,0,0,0,0,3,1,6,1,8,-1,2,6,7,3
2013233077613,1,9,0,18,0,8,0,0,0,0,1,1,2,1,8,1998,2,10,10,2
2013233077613,2,9,0,10,0,8,0,0,0,0,2,1,2,1,7,-1,-1,-1,9,2
2013233077613,3,9,0,18,0,8,0,0,0,0,1,1,2,1,7,-1,-1,-1,8,1
2013233077613,4,4,0,8,0,8,0,0,0,0,1,1,2,1,9,398,1,11,5,1
2013233077813,1,9,0,18,0,0,0,0,1,4,1,1,6,1,4,-1,-1,-1,-1,-1
2013233078513,1,5,0,17,0,8,1,0,0,0,3,1,6,1,6,599,1,3,-1,-1
2013233078613,1,9,0,18,0,0,0,0,0,0,4,1,6,2,5,1198,1,-1,10,1
2013233078613,2,9,0,2,0,0,0,0,0,0,3,1,6,1,6,1598,2,-1,9,1
2013233078813,1,9,0,18,0,8,0,0,0,0,1,1,6,1,-1,2143,2,-1,-1,-1
2013233078813,2,9,0,10,0,8,0,0,0,0,2,1,6,2,7,-1,-1,-1,7,1
2013233078913,1,19,0,9,0,8,0,0,0,0,3,1,6,1,5,2151,2,8,1,1
2013233078913,2,1,0,7,0,8,0,0,0,0,3,1,6,1,11,-1,-1,-1,9,1
2013233079313,1,19,0,18,0,0,1,10,7,4,1,1,6,1,7,-1,-1,-1,8,1
2013233079413,1,9,0,9,0,8,0,0,0,0,1,1,6,1,9,1968,2,5,10,2
2013233079413,2,3,0,18,0,8,0,0,0,0,3,1,6,1,6,124,1,-1,9,1
2013233079413,3,9,0,3,0,8,0,0,0,0,1,1,6,1,8,1995,2,1,9,2
2013233079813,1,19,4,18,0,8,1,0,0,0,1,1,1,1,9,2461,2,10,-1,-1
2013233079813,2,9,0,10,0,8,0,0,7,0,2,1,6,2,6,2461,2,7,8,3
2013233080013,1,22,0,18,0,0,0,0,0,0,1,1,6,2,11,-1,-1,-1,10,1
2013233080513,1,9,0,9,0,8,0,7,0,0,4,1,2,1,7,1910,2,7,4,1
2013233080513,2,9,0,18,0,8,0,0,0,0,1,1,6,1,9,1598,1,10,9,1
2013233082313,1,9,0,17,0,8,0,0,1,7,1,1,6,1,5,1242,1,3,5,2
2013233082413,1,19,0,18,0,0,0,0,0,0,1,1,6,1,6,2198,2,-1,7,1
2013233082413,2,9,0,4,0,0,0,0,0,0,2,1,6,1,8,1242,1,16,5,1
2013233082513,1,9,0,1,0,8,0,0,0,0,2,1,6,2,10,1461,2,6,9,2
2013233082513,2,9,0,7,0,8,0,0,0,0,1,1,1,1,5,1587,1,11,7,3
2013233082913,1,9,0,18,0,0,1,0,0,0,1,1,6,1,8,1498,1,12,6,3
2013233082913,2,9,0,18,0,0,0,0,0,0,1,1,6,2,6,1896,2,5,5,1
2013233083513,1,5,0,18,0,0,1,0,0,0,1,1,6,1,4,599,1,14,8,2
2013233083513,2,9,0,4,0,0,0,0,0,0,2,1,6,2,4,1124,1,12,8,3
2013233083513,3,19,0,18,0,0,0,0,0,0,1,1,1,1,10,2800,2,13,8,3
2013233084613,1,9,0,4,0,0,0,0,0,0,1,1,6,1,11,1794,1,5,8,3
2013233084613,2,9,0,4,0,0,0,0,0,0,2,1,6,1,6,1896,2,5,4,1
2013233084613,3,9,0,4,0,0,0,0,0,0,2,1,6,1,9,2544,1,14,3,1
2013233085713,1,9,0,18,0,0,2,6,0,0,1,1,6,2,4,1299,1,11,6,2
2013233086013,1,9,0,18,0,8,0,0,0,0,3,1,6,2,4,1956,2,3,9,1
2013233086013,2,9,0,18,0,8,0,0,0,0,1,1,6,2,8,1596,1,2,9,1
2013233086213,1,8,0,18,0,0,0,0,0,0,1,1,1,1,7,1998,1,7,1,1
2013233087213,1,9,0,9,0,8,0,0,0,0,1,1,6,2,4,1360,1,12,-1,-1
2013233087213,2,9,0,18,0,8,0,0,0,0,3,1,6,2,7,1398,2,10,8,3
2013233087213,3,9,0,3,0,8,0,0,0,0,3,1,6,2,10,1598,1,2,10,1
2013233087613,1,3,0,18,0,0,0,0,7,0,1,1,6,1,7,123,1,29,6,2
2013233087813,1,9,0,9,0,8,0,0,0,0,1,1,6,2,4,1400,1,13,6,1
2013233087813,2,1,0,18,0,8,0,0,0,0,3,1,6,1,6,-1,-1,-1,8,3
2013233088013,1,9,0,17,0,0,1,0,0,0,3,1,6,1,4,-1,-1,-1,8,1
2013233088113,1,5,0,16,0,0,1,0,8,10,1,1,6,1,9,999,1,2,7,2
2013233088213,1,5,0,18,0,1,1,0,0,0,1,1,6,1,6,1299,1,9,4,1
2013233088213,2,9,0,3,0,1,0,0,0,0,2,1,6,2,6,1560,2,-1,9,2
2013233088313,1,9,0,18,0,0,0,0,0,0,1,1,6,2,5,-1,-1,-1,8,3
2013233088313,2,9,0,3,0,0,0,0,0,0,2,1,6,2,-1,1595,2,3,10,1
2013233088713,1,1,0,18,9,0,0,0,0,0,4,1,6,2,5,-1,-1,-1,8,1
2013233088713,2,9,0,18,0,0,0,0,0,0,1,1,6,1,8,1985,1,11,8,1
2013233088813,1,5,0,18,0,0,1,0,0,0,4,1,6,1,10,1450,1,10,10,1
2013233089013,1,9,0,18,0,1,0,0,0,0,1,1,6,1,4,1124,1,10,9,2
2013233089013,2,9,0,10,0,1,0,0,0,0,2,1,6,1,8,-1,-1,-1,7,1
2013233089313,1,9,0,18,0,0,0,0,0,0,3,1,6,1,-1,-1,-1,-1,-1,-1
2013233089413,1,21,1,9,0,8,0,0,0,0,1,1,1,1,8,12740,2,-1,6,3
2013233089413,2,9,0,18,0,8,1,0,0,0,3,1,2,1,7,3600,6,17,8,3
2013233089413,3,9,0,18,0,8,0,0,0,0,1,1,6,2,9,-1,-1,-1,5,2
2013233090713,1,9,0,17,0,0,1,0,1,4,1,1,6,2,6,1995,2,8,5,1
2013233091113,1,9,0,7,0,8,0,0,0,0,1,1,6,1,8,2499,2,9,-1,-1
2013233091113,2,9,0,13,0,8,0,0,0,0,3,1,6,2,8,1797,8,4,9,2
2013233091213,1,9,0,16,0,0,1,0,0,0,1,1,6,1,4,1124,1,12,8,1
2013233091213,2,9,0,18,0,0,1,0,1,1,1,1,6,1,9,2720,2,6,-1,-1
2013233091313,1,9,0,5,0,0,0,0,0,0,1,1,2,1,-1,1968,2,-1,9,3
2013233091313,2,1,0,18,0,0,0,0,0,0,4,1,2,1,5,-1,-1,-1,-1,-1
2013233091413,1,9,0,16,0,0,1,0,2,10,1,1,4,1,4,1798,1,32,7,2
2013233091513,1,9,0,9,0,8,5,10,0,0,1,1,6,2,11,1599,1,11,7,3
2013233091813,1,9,0,18,0,0,0,0,7,10,3,1,6,1,5,2261,1,6,8,2
2013233091813,2,9,0,18,0,0,0,0,1,9,3,1,6,1,5,1043,1,20,6,2
2013233092013,1,9,0,16,0,0,1,0,7,10,1,1,6,2,4,1124,1,11,7,3
2013233092213,1,9,0,5,0,8,0,0,0,0,3,1,6,2,11,1124,1,12,10,1
2013233092213,2,9,0,18,0,8,0,0,0,0,1,1,6,1,-1,1560,2,1,6,2
2013233092613,1,19,0,18,0,8,0,0,0,0,1,1,1,2,10,-1,-1,-1,10,1
2013233092613,2,9,0,10,0,8,0,0,0,0,2,1,6,2,7,1896,2,17,4,1
2013233093013,1,9,0,18,0,1,0,0,0,0,1,1,6,1,11,1588,1,10,7,3
2013233093013,2,9,0,4,0,1,0,0,0,0,2,1,6,1,6,1149,1,12,7,1
2013233093013,3,9,0,4,0,1,0,0,0,0,1,1,6,1,7,2993,2,2,9,1
2013233093113,1,5,0,13,0,8,0,0,7,0,1,1,6,1,8,781,1,13,5,1
2013233093113,2,19,0,9,0,8,0,0,0,0,3,1,1,1,9,-1,-1,-1,1,1
2013233094013,1,9,0,16,0,0,1,0,7,3,2,1,6,1,6,1997,2,10,8,3
2013233094113,1,9,0,17,0,0,2,10,1,9,1,1,6,2,9,1149,1,6,4,1
2013233094713,1,9,0,9,0,8,0,0,0,0,1,1,1,1,8,1686,2,1,-1,-1
2013233094713,2,9,0,18,0,8,0,0,1,3,1,1,3,2,7,2179,2,2,7,3
2013233096013,1,9,0,13,0,0,0,0,0,0,4,1,6,1,-1,3189,1,6,-1,-1
2013233096013,2,1,0,18,0,0,0,0,0,0,3,1,6,1,9,-1,-1,-1,4,1
2013233096513,1,19,0,9,0,8,0,0,0,0,1,1,6,1,6,2198,2,5,1,1
2013233096513,2,19,0,18,0,8,1,0,7,5,1,1,6,1,4,2143,2,2,8,3
2013233097213,1,9,0,9,0,8,0,0,0,0,3,1,6,2,9,1149,1,5,10,1
2013233097213,2,9,0,18,0,8,0,0,0,0,1,1,6,2,11,1360,1,10,8,1
2013233097313,1,19,0,13,0,0,0,0,0,0,4,1,1,1,5,2198,2,1,8,1
2013233097313,2,1,0,18,0,0,0,0,0,0,3,1,2,1,7,-1,-1,-1,-1,-1
2013233098113,1,9,0,18,0,8,0,0,0,0,1,1,2,1,5,1896,2,9,8,3
2013233098113,2,9,0,10,0,8,0,0,0,0,2,1,1,1,8,1242,1,14,9,2
2013233099313,1,9,0,9,0,8,0,0,0,0,3,1,6,1,10,1951,2,8,5,2
2013233099313,2,9,0,18,0,8,0,0,0,0,1,1,6,1,9,1997,2,1,5,2
2013233099513,1,9,0,18,0,0,0,0,0,0,3,1,6,1,6,1398,1,-1,-1,-1
2013233099513,2,21,1,18,0,0,0,0,0,0,3,1,1,1,7,10837,2,1,4,1
2013233099813,1,9,0,7,0,8,0,0,0,0,1,1,6,1,4,1395,1,-1,8,3
2013233099813,2,9,0,18,0,8,0,0,0,0,4,1,6,1,7,1350,1,4,9,2
2013233100913,1,9,0,9,0,8,0,0,0,0,1,1,6,2,5,1398,2,3,7,2
2013233100913,2,9,0,18,0,8,1,0,0,0,1,1,6,1,8,-1,-1,-1,9,1
2013233100913,3,9,0,8,0,8,0,0,0,0,3,1,6,2,7,2967,2,4,8,3
2013233102513,1,3,0,18,0,0,0,7,0,0,1,1,6,1,5,124,1,6,7,1
2013233103313,1,5,0,16,0,0,1,0,1,0,1,1,6,1,9,-1,-1,-1,10,1
2013233103313,2,5,0,16,0,0,1,0,1,0,2,1,6,1,9,790,1,9,5,1
2013233105113,1,1,0,18,0,0,0,0,0,0,3,1,6,1,9,-1,-1,-1,9,3
2013233105113,2,1,0,18,0,0,0,0,0,0,4,1,6,1,10,-1,-1,-1,10,2
2013233105513,1,9,0,17,0,0,0,0,0,0,1,1,6,1,7,2143,2,3,8,3
2013233105513,2,3,0,16,0,0,0,0,0,0,1,1,6,1,8,-1,-1,-1,8,3
2013233105913,1,9,0,9,0,8,0,0,0,0,1,1,6,1,7,1781,1,10,10,2
2013233105913,2,5,0,18,0,8,1,0,0,0,4,1,6,1,7,-1,-1,-1,6,3
2013233106213,1,9,0,18,0,8,0,0,0,0,1,1,6,2,5,1299,1,6,9,1
2013233106213,2,9,0,10,0,8,0,0,0,0,2,1,6,2,7,1596,1,1,9,2
2013233106613,1,9,0,17,0,0,1,0,1,3,1,1,6,1,6,1905,2,15,9,2
2013233106813,1,9,0,17,0,0,1,0,7,4,4,1,6,2,5,1299,1,13,6,3
2013233107313,1,9,0,18,0,8,1,0,0,0,1,1,6,2,5,1598,1,11,9,1
2013233107313,2,9,0,18,0,8,0,0,1,0,3,1,6,2,8,1197,1,-1,10,1
2013233107713,1,9,0,4,0,1,0,0,0,0,1,1,6,1,9,2685,2,9,8,1
2013233107713,2,9,0,3,0,1,0,0,0,0,2,1,6,2,7,1587,1,10,4,1
2013233108213,1,9,0,6,0,0,0,0,0,0,3,1,6,1,8,2776,2,8,5,2
2013233108213,2,3,0,18,0,0,0,0,0,0,1,1,6,1,4,125,1,-1,9,1
2013233108313,1,5,0,13,0,1,1,0,7,9,1,1,6,1,5,598,1,20,8,3
2013233108313,2,9,4,9,0,1,0,0,0,0,3,1,1,1,9,-1,-1,-1,-1,-1
2013233108413,1,9,0,18,0,0,0,4,0,0,1,1,6,1,8,1870,2,8,9,2
2013233108413,2,9,0,2,0,0,0,0,0,0,1,1,6,2,7,1834,1,11,4,1
2013233108413,3,8,0,18,0,0,0,0,0,0,1,1,6,1,10,2402,2,7,4,1
2013233108513,1,9,0,16,0,0,0,0,0,0,0,1,6,1,-1,-1,-1,-1,-1,-1
2013233108513,2,9,0,17,0,0,0,0,1,9,4,1,6,1,5,1197,1,1,7,3
2013233109113,1,11,0,4,0,0,0,0,0,0,0,1,1,1,10,9600,2,14,10,1
2013233109213,1,9,0,18,0,8,0,0,0,0,1,1,6,1,4,1388,1,11,6,2
2013233109213,2,9,0,10,0,8,0,0,0,0,2,1,6,1,4,1124,1,12,6,2
2013233109213,3,9,0,18,0,8,0,0,0,0,3,1,6,1,9,1998,2,7,9,2
2013233110413,1,9,0,7,0,8,0,0,0,0,4,1,6,2,7,1598,1,4,8,1
2013233110413,2,1,0,18,0,8,0,0,0,0,3,1,6,1,10,-1,-1,-1,10,1
2013233110813,1,5,0,18,0,0,1,12,0,0,1,1,6,1,11,865,1,-1,10,2
2013233111113,1,9,0,13,0,8,0,0,0,0,1,1,6,1,-1,1200,1,-1,-1,-1
2013233111113,2,1,0,9,0,8,0,0,0,0,1,1,6,1,3,-1,-1,-1,7,2
2013233112013,1,9,0,17,0,0,2,10,0,0,1,1,6,1,6,1753,2,10,-1,-1
2013233112113,1,9,0,18,0,0,1,0,0,0,1,1,6,1,8,-1,-1,-1,9,3
2013233112113,2,9,0,2,0,0,0,0,0,0,2,1,6,1,-1,2184,2,4,-1,-1
2013233112413,1,9,0,18,0,8,0,0,3,10,1,1,6,2,4,1299,1,10,10,1
2013233112413,2,9,0,18,0,8,0,0,0,0,1,1,6,1,11,1560,2,1,7,1
2013233112513,1,9,0,5,0,8,0,0,0,0,1,1,6,1,5,1397,1,13,9,1
2013233112513,2,1,0,18,0,8,0,0,0,0,1,1,6,1,6,-1,-1,-1,9,1
2013233113913,1,9,0,13,0,0,1,0,7,9,1,1,6,1,4,1598,1,11,3,3
2013233113913,2,9,0,18,0,0,0,0,0,0,2,1,6,1,7,2993,2,2,9,3
2013233114013,1,9,0,18,0,0,1,0,0,0,1,1,6,1,8,1598,2,-1,-1,-1
2013233114513,1,19,0,9,0,8,0,0,0,0,1,1,6,1,8,2148,2,3,1,1
2013233114513,2,9,0,18,0,8,0,0,0,0,1,1,6,1,-1,1248,1,2,9,2
2013233114513,3,9,0,18,0,8,0,0,0,0,3,1,6,2,8,-1,-1,-1,-1,-1
2013233114713,1,19,0,18,0,8,0,0,7,9,1,1,1,2,8,1248,2,2,-1,-1
2013233114713,2,9,0,18,0,8,0,0,0,0,3,1,6,1,9,3456,8,3,7,3
2013233115113,1,9,0,9,0,8,0,0,0,0,1,1,6,1,-1,1596,1,13,-1,-1
2013233115113,2,9,0,18,0,8,0,0,0,0,1,1,6,1,10,2000,2,6,8,3
2013233115613,1,19,0,18,0,0,0,0,0,0,1,1,6,1,-1,1905,2,15,6,2
2013233115613,2,1,0,18,0,0,0,0,0,0,2,1,6,1,8,-1,-1,-1,6,2
2013233115713,1,9,0,9,0,8,0,0,0,0,4,1,6,2,10,1339,1,9,6,3
2013233115713,2,3,0,18,0,8,0,0,0,0,3,1,6,2,4,124,1,11,9,1
2013233115913,1,9,0,18,0,0,0,0,0,0,0,1,6,1,-1,-1,-1,-1,-1,-1
2013233115913,2,9,0,18,0,0,0,0,1,10,1,1,6,1,4,1242,1,8,10,1
2013233116313,1,9,0,7,0,7,0,0,0,0,1,1,6,1,11,-1,-1,-1,6,1
2013233116313,2,9,0,18,0,8,0,0,0,0,1,1,6,2,7,1598,1,6,6,3
2013233117313,1,9,0,9,0,8,0,0,0,0,1,1,6,2,7,2204,2,6,6,2
2013233117313,2,8,0,17,0,8,0,0,1,10,3,1,6,1,9,-1,-1,-1,10,1
2013233118013,1,9,0,16,0,0,2,0,1,9,1,1,6,2,9,1392,1,16,4,1
2013233118913,1,9,0,18,0,0,0,4,0,0,1,1,6,1,11,1590,1,9,9,2
2013233118913,2,9,0,2,0,0,0,0,0,0,2,1,6,2,8,-1,-1,-1,9,2
2013233120413,1,9,0,9,0,8,0,0,0,0,1,1,6,2,11,1405,1,10,5,2
2013233120413,2,9,0,18,0,8,0,0,0,0,1,1,6,2,7,1896,2,6,6,2
2013233120413,3,9,0,10,0,8,0,0,0,0,1,1,6,1,8,1753,2,10,6,2
2013233120613,1,9,0,18,0,0,2,0,1,9,1,1,6,2,6,1299,1,10,9,1
2013233120813,1,9,0,16,0,0,1,0,7,4,2,1,6,1,4,1149,1,9,10,1
2013233121113,1,9,0,17,0,0,1,0,1,4,1,1,6,1,4,998,1,-1,9,3
2013233121413,1,9,0,18,0,0,0,0,0,0,1,1,6,2,10,1248,1,3,10,1
2013233121913,1,9,0,18,0,8,0,0,0,0,3,1,6,1,11,1910,2,6,9,2
2013233121913,2,9,0,18,0,8,0,0,0,0,1,1,6,2,9,1398,2,7,6,2
2013233123113,1,9,0,9,0,8,0,0,0,0,0,1,6,1,5,1910,2,6,7,3
2013233123113,2,1,0,18,0,8,0,0,0,0,0,1,6,1,7,-1,-1,-1,8,1
2013233123213,1,9,0,9,0,8,0,0,0,0,3,1,6,2,11,1198,1,5,9,2
2013233123213,2,9,0,18,0,8,0,0,0,0,1,1,6,1,11,-1,-1,-1,6,3
2013233123313,1,9,0,9,0,8,0,0,0,0,1,1,6,2,5,1461,2,8,9,2
2013233123313,2,9,0,18,0,8,0,0,0,0,3,1,6,2,8,1686,2,3,5,3
2013233123413,1,9,0,10,0,8,0,0,0,0,2,1,6,1,7,1560,2,-1,4,1
2013233123413,2,9,0,10,0,8,1,0,0,0,1,1,6,1,7,1596,1,1,-1,-1
2013233123913,1,9,0,18,0,0,5,0,0,0,1,1,6,1,10,1124,1,7,7,1
2013233123913,2,19,4,2,0,0,0,0,0,0,2,1,6,1,8,-1,-1,-1,-1,-1
2013233124013,1,9,0,18,0,8,1,0,0,0,1,1,6,1,9,2987,2,-1,8,3
2013233124013,2,9,0,18,0,8,0,0,0,0,2,1,6,2,-1,1798,1,6,7,3
2013233124013,3,9,0,18,0,8,0,0,0,0,2,1,6,1,7,2149,2,6,7,3
2013233124113,1,9,0,17,0,0,5,0,1,7,4,1,6,2,8,1560,2,9,10,1
2013233124413,1,9,0,9,0,8,0,0,0,0,0,1,6,1,-1,-1,-1,-1,-1,-1
2013233124413,2,3,0,18,0,8,0,0,0,0,0,1,6,1,6,102,1,8,9,3
2013233124913,1,9,0,18,0,1,0,0,0,0,1,1,6,1,4,1299,1,10,5,2
2013233124913,2,9,0,4,0,1,0,0,0,0,2,1,6,1,8,1398,1,-1,9,3
2013233124913,3,9,0,3,0,1,0,0,0,0,4,1,6,2,8,1560,2,5,9,3
2013233124913,4,9,0,4,0,1,0,0,0,0,2,1,6,1,7,1995,2,2,8,3
2013233124913,5,3,0,18,0,1,0,0,0,0,1,1,6,1,4,125,1,-1,8,3
2013233125013,1,9,0,17,0,0,2,0,1,9,1,1,6,1,5,1587,1,13,8,3
2013233125713,1,9,0,18,0,0,0,0,0,0,1,1,6,1,5,1299,1,15,10,2
2013233126113,1,9,0,5,0,8,0,0,0,0,1,1,6,3,-1,-1,-1,-1,-1,-1
2013233126113,2,1,0,9,0,8,1,0,0,0,1,1,6,1,6,-1,-1,-1,4,1
2013233126513,1,2,0,18,0,0,1,10,1,9,4,1,6,1,4,49,1,1,7,3
2013233127013,1,9,0,5,0,0,0,0,0,0,1,1,6,2,-1,1299,1,12,-1,-1
2013233127513,1,9,0,5,0,8,0,0,0,0,2,1,6,1,4,1242,1,13,9,2