Accident_Index,Vehicle_Reference,Vehicle_Type,Towing_and_Articulation,Vehicle_Manoeuvre,Vehicle_Location-Restricted_Lane,Junction_Location,Skidding_and_Overturning,Hit_Object_in_Carriageway,Vehicle_Leaving_Carriageway,Hit_Object_off_Carriageway,1st_Point_of_Impact,Was_Vehicle_Left_Hand_Drive?,Journey_Purpose_of_Driver,Sex_of_Driver,Age_Band_of_Driver,Engine_Capacity_(CC),Propulsion_Code,Age_of_Vehicle,Driver_IMD_Decile,Driver_Home_Area_Type
2013300000437,1,9,0,18,0,8,0,0,0,0,1,1,6,1,5,996,1,3,-1,-1
2013300000437,2,19,0,9,0,6,0,0,0,0,1,1,6,1,7,2402,2,9,6,2
2013300000438,1,3,0,16,0,0,0,0,0,0,1,1,2,1,8,-1,-1,-1,2,1
2013300000438,2,21,1,12,0,0,0,0,0,0,2,1,6,3,-1,-1,-1,-1,-1,-1
2013300000439,1,9,0,18,0,6,0,0,0,0,1,1,6,2,9,1242,1,12,3,1
2013300000439,2,9,0,17,0,8,0,0,0,0,1,1,3,1,9,1968,2,6,-1,-1
2013300000445,1,9,0,4,0,0,0,0,0,0,1,1,6,1,-1,-1,-1,-1,-1,-1
2013300000445,2,9,0,3,0,0,0,0,0,0,2,1,6,2,7,973,1,10,-1,-1
2013300000448,1,9,0,7,0,5,0,0,0,0,4,1,6,2,11,1590,1,10,-1,-1
2013300000448,2,1,0,18,0,8,0,0,0,0,3,1,2,1,6,-1,-1,-1,3,1
2013300000449,1,9,0,17,0,0,0,6,0,10,1,1,1,1,10,1461,2,7,5,3
2013300000449,2,9,0,16,0,0,0,6,1,10,3,1,1,1,8,2494,2,6,-1,-1
2013300000453,1,9,0,5,0,0,0,0,0,0,3,1,6,1,-1,1796,1,8,10,2
2013300000453,2,9,0,5,0,0,0,0,0,0,4,1,1,1,8,-1,-1,-1,4,1
2013300000456,1,9,0,18,0,0,0,0,0,0,2,1,2,1,8,1995,2,2,8,3
2013300000456,2,9,0,4,0,0,0,0,1,0,1,1,6,1,4,1596,1,4,7,3
2013300000458,1,90,0,18,0,0,0,0,0,0,1,1,6,1,9,-1,-1,-1,-1,-1
2013300000462,1,9,0,5,0,1,0,0,0,0,1,1,6,1,6,1596,1,4,2,1
2013300000462,2,5,0,3,0,4,0,0,0,0,2,1,6,1,10,599,1,5,5,1
2013300000465,1,9,0,18,0,3,1,0,1,7,1,1,6,1,4,1124,1,10,6,1
2013300000465,2,9,0,18,0,3,0,0,0,0,0,1,6,3,-1,-1,-1,-1,-1,-1
2013300000467,1,9,0,4,0,0,0,0,0,0,2,1,6,1,6,1685,2,1,4,1
2013300000467,2,9,0,4,0,0,1,0,0,0,1,1,6,2,7,1388,1,7,1,1
2013300000468,1,9,0,18,0,0,0,0,0,0,0,1,6,1,9,-1,-1,-1,5,3
2013300000468,2,5,0,17,0,0,2,0,7,10,1,1,6,1,5,-1,-1,-1,10,2
2013300000470,1,9,0,18,0,1,1,0,0,0,1,1,6,2,6,1951,2,9,6,1
2013300000470,2,9,0,18,0,8,0,0,0,0,4,1,6,1,6,2460,2,8,5,2
2013300000474,1,9,0,18,0,2,1,4,0,0,1,1,6,1,4,-1,-1,-1,6,3
2013300000474,2,9,0,3,0,2,0,0,0,0,2,1,6,2,7,-1,-1,-1,4,2
2013300000475,1,9,0,6,0,0,0,0,0,0,3,1,6,2,10,1329,1,4,-1,-1
2013300000475,2,9,0,13,0,0,0,0,6,0,4,1,6,1,6,2967,2,4,7,2
2013300000475,3,5,0,18,0,0,0,0,4,0,1,1,6,1,7,1084,1,18,-1,-1
2013300000476,1,9,0,18,0,1,0,0,0,0,1,1,6,2,6,1388,1,7,3,1
2013300000476,2,8,0,10,0,1,0,0,0,0,2,1,1,1,9,2664,2,15,10,1
2013300000476,3,8,0,10,0,1,0,0,0,0,2,1,1,1,7,1968,2,7,2,1
2013300000484,1,9,0,7,0,2,0,0,0,0,1,1,6,1,4,1596,1,3,6,3
2013300000484,2,1,0,18,0,6,0,0,0,0,1,1,6,1,7,-1,-1,-1,1,1
2013300000485,1,9,0,9,0,6,0,0,0,0,1,1,1,1,5,1595,1,12,-1,-1
2013300000485,2,9,0,18,0,8,0,0,0,0,1,1,6,1,6,-1,-1,-1,3,2
2013300000486,1,9,0,4,0,4,0,0,0,0,2,1,6,2,7,-1,-1,-1,9,1
2013300000486,2,9,0,5,0,4,0,0,0,0,1,1,1,1,7,-1,-1,-1,-1,-1
2013300000487,1,3,0,18,0,0,5,4,0,0,1,1,6,1,4,-1,-1,-1,1,1
2013300000487,2,11,0,18,0,0,0,0,0,0,1,1,1,1,8,4250,2,2,8,1
2013300000487,3,9,0,2,0,0,0,0,0,0,3,1,6,2,6,973,1,12,9,3
2013300000490,1,9,0,5,0,6,0,0,0,0,3,1,2,1,7,1124,1,15,3,1
2013300000490,2,1,0,18,0,8,5,0,0,0,1,1,2,1,8,-1,-1,-1,3,1
2013300000494,1,9,0,18,0,1,0,0,0,0,4,1,6,1,4,998,1,2,9,3
2013300000503,1,21,1,5,0,0,0,0,0,0,2,1,1,1,8,-1,-1,-1,6,2
2013300000503,2,9,0,18,0,0,0,0,0,0,1,1,6,1,11,1328,1,11,-1,-1
2013300000507,1,9,0,18,0,8,0,0,0,0,1,1,6,2,8,1596,1,12,9,1
2013300000507,2,9,0,9,0,6,0,0,0,0,4,1,6,1,9,1364,2,8,5,1
2013300000508,1,9,0,5,0,4,0,0,0,0,1,1,6,3,-1,-1,-1,-1,-1,-1
2013300000510,1,8,0,9,0,1,0,0,0,0,2,1,1,1,7,-1,-1,-1,-1,-1
2013300000510,2,11,0,18,0,1,0,0,0,0,1,1,1,1,8,-1,-1,-1,1,2
2013300000513,1,9,0,4,0,0,1,10,2,10,1,1,1,1,6,-1,-1,-1,5,1
2013300000513,2,90,0,2,0,0,0,0,0,0,3,1,1,3,-1,-1,-1,-1,-1,-1
2013300000515,1,9,0,9,0,6,0,0,0,0,1,1,6,1,6,1968,2,2,9,1
2013300000515,2,5,0,18,0,8,0,0,0,0,1,1,6,1,8,653,1,33,1,1
2013300000517,1,9,0,16,0,0,0,0,7,10,1,1,2,2,4,998,1,4,3,1
2013300000520,1,9,0,17,0,1,0,0,0,0,1,1,1,2,6,1896,2,11,7,1
2013300000520,2,9,0,16,0,2,0,0,0,0,1,1,6,1,10,1386,1,5,4,2
2013300000521,1,9,0,9,0,5,0,11,0,0,1,1,6,1,10,2720,2,7,7,1
2013300000521,2,1,0,18,0,8,0,0,0,0,1,1,6,1,8,-1,-1,-1,5,1
2013300000523,1,21,1,18,0,0,0,0,0,0,0,1,1,3,-1,-1,-1,-1,-1,-1
2013300000523,2,19,0,18,0,0,2,11,5,6,3,1,1,1,5,1997,2,9,6,3
2013300000523,3,9,0,18,0,0,0,10,1,9,4,1,1,2,8,3200,2,6,8,1
2013300000525,1,3,0,18,0,2,1,0,0,0,3,1,2,1,4,-1,-1,-1,5,1
2013300000527,1,9,0,4,0,0,0,0,0,0,1,1,6,1,5,1968,2,5,4,2
2013300000527,2,9,0,5,0,0,0,0,0,0,2,1,6,1,7,1796,1,8,2,1
2013300000530,1,9,0,1,0,2,0,0,0,0,2,1,6,2,8,1242,1,13,-1,-1
2013300000547,1,9,0,18,0,8,0,0,0,0,1,1,2,2,8,1240,1,10,6,1
2013300000547,2,9,0,9,0,6,0,0,0,0,1,1,6,1,7,2198,1,13,3,1
2013300000549,1,9,0,13,0,2,1,11,8,2,1,1,6,2,6,1598,1,12,-1,-1
2013300000549,2,90,0,9,0,5,0,0,0,0,0,1,6,3,-1,-1,-1,-1,-1,-1
2013300000551,1,9,0,18,0,0,0,0,0,0,1,1,6,2,9,1796,1,6,10,1
2013300000551,2,21,1,18,0,0,0,0,0,0,2,1,1,1,8,10837,2,1,2,1
2013300000553,1,9,0,4,0,1,0,0,0,0,1,1,6,1,7,1896,2,11,-1,-1
2013300000553,2,9,0,4,0,1,0,0,0,0,2,1,6,1,6,2967,2,6,6,1
2013300000557,1,9,0,16,0,0,0,0,0,0,1,1,6,1,-1,973,1,11,-1,-1
2013300000557,2,9,0,17,0,0,0,0,0,0,0,1,6,1,7,2967,2,3,8,3
2013300000558,1,9,0,13,0,0,0,0,0,0,4,1,6,3,-1,-1,-1,-1,-1,-1
2013300000558,2,9,0,18,0,0,0,0,0,0,3,1,6,1,7,1870,2,10,2,1
2013300000561,1,9,0,18,0,0,0,4,0,0,1,1,6,2,6,-1,-1,-1,-1,-1
2013300000561,2,9,0,2,0,0,0,0,0,0,2,1,6,2,7,1299,1,9,3,1
2013300000567,1,4,0,18,0,8,0,0,0,0,3,1,6,2,6,124,1,8,-1,-1
2013300000567,2,9,0,5,0,6,0,0,0,0,1,1,1,1,8,2179,2,10,9,2
2013300000576,1,9,0,5,0,4,0,0,0,0,3,1,1,2,7,1686,2,2,-1,-1
2013300000576,2,1,0,9,0,8,0,0,0,0,1,1,6,1,4,-1,-1,-1,8,1
2013300000577,1,9,3,13,0,0,0,0,0,0,4,1,6,3,-1,-1,-1,-1,-1,-1
2013300000577,2,1,0,18,0,0,5,10,0,0,3,1,6,1,7,-1,-1,-1,4,1
2013300000578,1,20,1,5,9,6,0,0,0,0,4,1,6,3,-1,-1,-1,-1,-1,-1
2013300000580,1,1,0,18,0,6,0,0,0,0,3,1,6,1,4,-1,-1,-1,3,1
2013300000580,2,8,0,18,0,1,0,0,0,0,1,1,1,1,8,1995,2,8,4,1
2013300000584,1,5,0,9,0,8,0,0,0,0,3,1,2,1,9,-1,-1,-1,10,1
2013300000584,2,9,0,5,0,4,0,0,0,0,4,1,1,1,7,-1,-1,-1,8,2
2013300000592,1,3,0,5,0,0,0,0,0,0,1,1,6,1,4,125,1,4,7,1
2013300000592,2,9,5,2,0,0,0,0,0,0,0,1,6,3,-1,-1,-1,-1,-1,-1
2013300000595,1,5,0,18,0,8,0,0,0,0,1,1,6,1,8,998,1,4,1,1
2013300000595,2,5,0,9,0,5,0,0,0,0,4,1,6,1,8,498,1,18,5,1
2013300000597,1,1,0,4,0,0,0,4,0,0,1,1,6,1,3,-1,-1,-1,-1,-1
2013300000597,2,9,0,2,0,0,0,0,0,0,2,1,6,2,6,1910,2,7,8,1
2013300000598,1,5,0,16,0,1,0,0,0,0,3,1,6,1,8,998,1,7,3,1
2013300000598,2,9,4,7,0,5,0,0,0,0,3,1,1,1,8,-1,-1,-1,7,3
2013300000599,1,5,0,16,0,0,1,0,1,0,1,1,6,1,8,1298,1,14,7,1
2013300000599,2,9,0,17,0,0,0,0,0,0,1,1,6,1,8,1598,1,13,6,1
2013300000600,1,9,0,16,0,1,0,0,0,0,1,1,6,2,6,1124,1,11,3,1
2013300000602,1,9,0,17,0,0,0,0,1,10,1,1,6,1,11,2000,1,8,5,1
2013300000604,1,9,0,9,0,5,0,0,0,0,1,1,6,1,6,1598,1,10,2,1
2013300000606,1,9,0,18,0,0,0,0,0,0,1,1,6,1,7,1364,1,9,3,1
2013300000606,2,9,0,2,0,0,0,0,0,0,0,1,6,3,-1,-1,-1,-1,-1,-1
2013300000607,1,9,0,4,0,0,0,0,1,2,2,1,6,2,7,1299,1,11,-1,-1
2013300000607,2,9,0,18,0,0,0,0,0,0,1,1,6,1,7,995,1,7,-1,-1
2013300000608,1,9,0,18,0,0,0,12,0,0,1,1,6,2,10,1396,1,3,7,1
2013300000608,2,10,0,18,0,0,0,12,0,0,1,1,2,1,8,2198,2,1,5,1
2013300000616,1,19,0,13,0,0,0,0,0,0,0,1,6,1,9,-1,-1,-1,9,1
2013300000616,2,1,0,5,0,0,0,0,1,4,1,1,6,1,9,-1,-1,-1,8,1
2013300000617,1,9,0,11,0,3,0,0,0,0,4,1,6,1,7,1582,2,-1,8,1
2013300000617,2,9,0,11,0,3,0,0,0,0,3,1,6,1,11,1229,1,8,6,1
2013300000620,1,9,0,12,0,0,0,0,1,10,1,1,6,1,7,1242,1,1,8,2
2013300000620,2,21,0,18,0,0,0,0,0,0,3,1,1,1,8,12580,2,7,2,1
2013300000621,1,9,0,17,0,8,0,0,0,0,1,1,6,2,6,1598,2,2,-1,-1
2013300000621,2,1,0,18,0,6,0,0,0,0,1,1,6,1,8,-1,-1,-1,1,1
2013300000624,1,9,0,18,0,1,0,0,0,0,4,1,6,2,10,1596,1,9,5,1
2013300000625,1,9,0,3,0,1,0,0,0,0,2,1,2,1,6,1998,1,14,1,1
2013300000625,2,9,0,3,0,1,0,0,0,0,1,1,6,1,8,1991,1,17,-1,-1
2013300000627,1,9,0,5,0,4,0,0,0,0,3,1,1,2,5,973,1,11,10,1
2013300000627,2,1,0,9,0,8,0,0,7,0,4,1,2,1,8,-1,-1,-1,1,1
2013300000630,1,9,0,9,0,8,0,0,0,0,3,1,2,1,7,1596,1,10,8,2
2013300000630,2,9,0,13,0,1,0,0,0,0,1,1,6,1,4,1595,1,3,-1,-1
2013300000638,1,9,0,5,0,1,0,0,0,0,2,1,1,1,9,-1,-1,-1,5,1
2013300000638,2,9,0,8,0,1,0,0,0,0,1,1,6,1,9,1388,1,15,2,1
2013300000642,1,9,0,17,0,0,1,0,4,6,3,1,6,2,5,1783,1,9,-1,-1
2013300000642,2,9,0,11,0,0,0,0,0,0,0,1,6,3,-1,-1,-1,-1,-1,-1
2013300000643,1,9,0,8,9,1,0,0,0,0,3,1,2,2,7,1388,1,10,5,1
2013300000643,2,1,0,4,9,1,0,0,0,0,1,1,2,2,4,-1,-1,-1,2,1
2013300000644,1,9,0,18,0,1,0,0,0,0,1,1,6,1,5,1199,1,10,-1,-1
2013300000645,2,9,0,5,0,1,0,0,0,0,1,1,2,1,8,1850,1,12,7,1
2013300000646,1,9,0,4,0,1,0,0,0,0,1,1,6,1,-1,2495,2,17,3,3
2013300000646,2,9,0,3,0,1,0,0,0,0,2,1,6,2,-1,998,1,1,1,1
2013300000646,3,9,0,3,0,1,0,0,0,0,2,1,6,1,6,-1,-1,-1,-1,-1
2013300000646,4,9,0,3,0,1,0,0,0,0,2,1,1,2,4,1124,1,8,10,3
2013300000649,1,9,0,18,0,0,5,0,7,10,1,1,6,1,10,1397,1,5,3,1
2013300000651,1,19,0,5,0,6,0,0,0,0,1,1,1,1,5,2198,2,4,7,1
2013300000651,2,1,0,18,0,8,0,0,0,0,2,1,1,1,7,-1,-1,-1,1,1
2013300000655,1,9,0,4,0,0,0,0,0,0,1,1,6,3,-1,-1,-1,-1,-1,-1
2013300000657,1,9,0,6,0,0,0,0,0,0,0,1,1,1,6,1968,2,3,1,1
2013300000657,2,1,0,18,4,0,0,0,0,0,0,1,6,1,7,-1,-1,-1,2,1
2013300000658,1,9,0,4,0,1,0,0,0,0,1,1,2,3,-1,-1,-1,-1,-1,-1
2013300000658,2,9,0,5,0,1,0,0,0,0,2,1,2,1,6,1360,1,13,5,1
2013300000662,1,9,0,9,0,6,0,0,0,0,3,1,6,2,7,1997,2,10,6,1
2013300000662,2,5,0,18,0,1,0,0,0,0,1,1,6,1,4,599,1,18,6,1
2013300000664,1,1,0,18,0,8,0,0,0,0,1,1,2,1,4,-1,-1,-1,2,1
2013300000664,2,9,0,5,0,8,0,0,0,0,1,1,2,2,5,1598,1,4,4,1
2013300000671,1,9,0,9,0,6,0,0,0,0,3,1,6,2,8,2616,1,9,6,3
2013300000671,2,5,0,18,0,8,2,0,0,0,1,1,6,1,8,849,1,15,8,2
2013300000675,1,9,0,17,0,0,0,0,1,9,1,1,6,2,6,1461,2,1,-1,-1
2013300000678,1,9,0,5,0,8,0,0,0,0,0,1,6,3,-1,-1,-1,-1,-1,-1
2013300000678,2,11,0,9,0,2,0,0,0,0,0,1,1,1,9,3900,2,10,10,1
2013300000682,1,9,0,18,0,1,0,0,0,0,3,1,6,1,10,1686,2,2,-1,-1
2013300000682,2,9,0,9,0,6,0,0,0,0,1,1,6,1,10,1598,1,12,4,1
2013300000683,1,9,0,16,0,0,0,0,0,0,0,1,6,1,8,-1,-1,-1,10,1
2013300000683,2,5,0,17,0,0,1,0,1,4,0,1,6,1,7,-1,-1,-1,-1,-1
2013300000685,1,9,0,4,0,0,0,0,0,0,1,1,2,2,7,1560,2,7,-1,-1
2013300000688,1,9,0,18,0,0,0,0,1,0,1,1,6,2,6,1598,1,9,2,1
2013300000688,2,9,0,2,0,0,0,0,0,0,2,1,6,3,-1,1900,1,25,-1,-1
2013300000691,1,20,0,16,0,0,2,0,1,1,3,1,1,1,7,-1,-1,-1,4,1
2013300000692,1,1,0,15,0,8,5,0,0,0,1,1,4,1,4,-1,-1,-1,-1,-1
2013300000692,2,9,0,9,0,8,0,0,0,0,4,1,3,2,7,1364,1,6,5,1
2013300000697,1,9,0,16,0,0,0,0,0,0,0,1,6,3,-1,-1,-1,-1,-1,-1
2013300000697,2,1,0,17,0,0,0,0,0,0,3,1,6,2,3,-1,-1,-1,4,1
2013300000704,1,9,0,18,0,1,0,0,0,0,1,1,6,2,7,1896,2,10,7,3
2013300000704,2,9,0,3,0,1,0,0,0,0,2,1,2,1,8,2327,1,14,4,1
2013300000704,3,9,0,3,0,8,0,0,0,0,2,1,6,2,8,1242,1,5,10,1
2013300000704,4,9,0,3,0,8,0,0,0,0,2,1,6,2,6,1497,1,13,3,1
2013300000704,5,9,0,3,0,8,0,0,0,0,2,1,6,2,7,2148,2,8,3,1
2013300000705,1,9,0,16,0,0,0,0,0,0,1,1,6,1,10,1582,2,3,-1,-1
2013300000705,2,21,0,17,0,0,0,0,0,0,3,1,1,1,7,9834,2,17,8,1
2013300000706,1,9,0,4,0,0,0,0,0,0,2,1,6,2,6,1299,1,11,4,1
2013300000706,2,9,0,16,0,0,0,0,0,0,1,1,6,1,9,1968,2,7,-1,-1
2013300000708,1,-1,0,4,0,0,0,0,0,0,0,1,6,3,-1,-1,-1,-1,-1,-1
2013300000708,2,11,0,18,2,0,0,0,0,0,0,1,6,1,7,7300,2,4,6,1
2013300000711,1,9,0,18,0,8,0,0,0,1,1,1,6,1,5,2521,1,4,3,1
2013300000711,2,9,0,9,0,6,0,0,0,0,1,1,6,1,6,1560,2,1,-1,-1
2013300000712,1,9,0,18,0,1,0,0,0,0,1,1,2,1,9,998,1,4,9,3
2013300000712,2,9,0,5,0,1,0,0,7,0,1,1,2,2,7,1896,2,12,6,1
2013300000713,1,9,0,9,0,5,0,0,0,0,1,1,6,1,5,1597,1,13,8,3
2013300000713,2,3,0,13,0,8,1,0,0,0,4,1,6,1,8,350,1,6,6,1
2013300000714,1,9,0,5,0,4,0,0,0,0,1,1,6,1,-1,2720,2,9,10,1
2013300000714,2,9,0,18,0,8,0,0,0,0,1,1,6,2,7,1798,1,1,10,1
2013300000716,1,19,0,9,0,6,0,0,0,0,1,1,6,1,7,2198,2,3,1,1
2013300000716,2,9,0,18,0,8,0,0,0,0,1,1,2,1,4,1595,1,3,10,1
2013300000717,1,9,0,7,0,8,0,0,0,0,2,1,6,1,5,1242,1,13,6,1
2013300000717,2,19,0,18,0,8,0,0,0,0,1,1,1,1,9,2953,2,7,2,1
2013300000719,1,9,0,6,0,0,0,0,0,0,3,1,2,1,5,1582,2,-1,2,1
2013300000719,2,1,0,18,0,0,0,0,0,0,1,1,6,1,7,-1,-1,-1,3,1
2013300000719,3,1,0,18,0,0,0,0,0,0,1,1,6,1,-1,-1,-1,-1,3,1
2013300000721,1,9,0,10,0,8,0,0,0,0,2,1,6,2,7,1598,1,8,8,2
2013300000721,2,9,0,18,0,8,0,0,0,0,1,1,6,1,8,1598,2,3,1,1
2013300000724,1,9,0,9,0,8,0,0,0,0,1,1,6,2,10,1323,1,12,-1,-1
2013300000724,2,9,0,18,0,8,0,0,0,0,1,1,6,2,5,1360,1,11,5,1
2013300000726,1,9,0,14,0,0,1,0,0,0,4,1,6,2,5,973,1,13,3,1
2013300000726,2,9,0,2,0,0,0,0,0,0,0,1,6,3,-1,-1,-1,-1,-1,-1
2013300000727,1,9,0,3,0,0,0,0,0,0,2,1,6,1,6,-1,-1,-1,-1,-1
2013300000727,2,9,0,15,0,0,0,0,0,0,2,1,6,2,8,-1,-1,-1,-1,-1
2013300000727,3,9,0,18,0,0,0,0,0,0,1,1,6,1,7,1753,2,9,-1,-1
2013300000729,1,9,0,4,0,0,0,0,0,0,1,1,6,2,6,1796,1,12,7,1
2013300000730,1,1,0,18,0,6,0,0,0,0,1,1,6,2,3,-1,-1,-1,2,1
2013300000730,2,9,0,18,0,8,0,0,0,0,1,1,6,1,6,1560,2,1,2,1
2013300000731,1,3,0,18,0,8,0,0,0,0,1,1,6,2,7,124,1,5,4,1
2013300000731,2,8,0,9,0,6,0,0,0,0,1,1,1,1,6,1896,2,10,1,1
2013300000733,1,3,0,16,0,0,1,0,0,0,1,1,6,1,4,125,1,10,4,1
2013300000733,2,9,0,17,0,0,0,0,0,0,1,1,1,1,9,1998,2,8,5,1
2013300000734,1,9,0,18,0,0,1,0,1,7,1,1,6,1,6,1984,1,9,8,1
2013300000734,2,9,0,12,0,0,0,0,7,6,2,1,6,1,6,1560,2,2,7,2
2013300000735,1,9,0,18,0,0,0,0,0,0,4,1,1,1,9,1896,2,12,4,1
2013300000739,1,9,0,12,0,4,0,0,0,0,1,1,6,1,4,-1,-1,-1,8,1
2013300000739,2,9,0,3,0,4,0,0,0,0,2,1,6,1,4,-1,-1,-1,3,1
2013300000742,1,9,0,5,0,0,0,0,0,0,1,1,6,2,8,-1,-1,-1,-1,-1
2013300000742,2,9,0,18,0,0,0,0,0,0,0,1,6,1,8,-1,-1,-1,5,1
2013300000743,1,3,0,13,0,8,0,0,0,0,1,1,6,1,7,125,1,4,7,1
2013300000743,2,9,0,9,0,6,0,0,0,0,1,1,6,1,7,1299,1,8,4,1
2013300000743,3,90,0,7,0,5,0,0,0,0,0,1,6,3,-1,-1,-1,-1,-1,-1
2013300000755,1,9,0,18,0,8,0,0,0,0,1,1,6,1,11,-1,-1,-1,-1,-1
2013300000755,2,21,1,9,0,8,0,0,0,0,1,2,1,1,6,-1,-1,-1,-1,-1
2013300000756,1,5,0,7,0,3,1,0,0,0,3,1,6,1,6,1000,1,15,9,1
2013300000757,1,4,0,16,0,0,0,0,8,2,3,1,2,1,4,498,1,15,3,1
2013300000758,1,4,0,18,0,1,0,0,0,0,4,1,6,1,4,398,1,20,7,2
2013300000758,2,9,0,9,0,8,0,0,0,0,1,1,6,2,8,1339,1,11,2,1
2013300000759,1,5,0,16,0,0,0,0,8,0,1,1,6,1,6,125,1,10,4,1
2013300000760,1,1,0,5,0,0,5,0,0,0,1,1,6,2,3,-1,-1,-1,-1,-1
2013300000760,2,9,0,18,0,0,0,0,0,0,3,1,2,1,-1,1995,2,5,2,1
2013300000761,1,9,0,9,0,5,0,0,0,0,1,1,6,1,11,1339,1,1,6,1
2013300000761,2,2,0,18,0,8,0,0,0,0,1,1,6,1,8,49,1,8,6,1
2013300000772,1,8,0,18,0,0,0,0,0,0,4,1,3,1,6,2664,2,15,5,1
2013300000773,1,9,0,9,0,5,0,0,0,0,1,1,6,1,11,-1,-1,-1,10,1
2013300000773,2,9,0,18,0,8,0,0,0,0,3,1,6,1,8,-1,-1,-1,2,1
2013300000774,1,9,0,18,9,8,0,0,0,0,4,1,6,2,6,1896,2,10,-1,-1
2013300000774,2,1,0,18,9,8,0,0,0,0,1,1,6,2,6,-1,-1,-1,-1,-1
2013300000775,1,9,0,18,0,0,0,0,0,0,1,1,6,1,11,1296,1,7,6,2
2013300000775,2,9,0,18,0,0,0,0,0,0,1,1,6,1,-1,1905,2,17,8,1
2013300000778,1,9,0,18,0,3,0,0,0,0,0,1,1,1,5,1124,1,10,-1,-1
2013300000778,2,9,0,4,0,3,0,0,0,0,1,1,2,2,5,1422,2,9,5,1
2013300000779,1,9,0,7,0,4,0,0,0,0,1,1,6,1,4,1199,1,10,8,1
2013300000779,2,9,0,18,0,8,0,0,0,0,4,1,6,2,8,1388,1,4,9,1
2013300000781,1,8,0,17,0,8,0,0,0,0,1,1,1,1,6,2987,2,5,3,1
2013300000781,2,1,0,10,0,8,0,0,0,0,1,1,2,1,7,-1,-1,-1,9,1
2013300000782,1,21,1,18,0,0,0,0,1,4,1,1,1,1,9,11967,2,2,6,1
2013300000791,1,8,0,4,0,1,0,0,0,0,1,1,6,1,8,2664,2,13,1,1
2013300000791,2,9,0,3,0,1,0,0,0,0,2,1,6,1,5,1598,1,4,10,1
2013300000792,1,9,0,18,0,0,0,0,0,0,4,1,6,1,-1,-1,-1,-1,-1,-1
2013300000795,1,9,0,18,0,0,0,0,0,0,1,1,2,2,9,1199,1,11,3,1
2013300000796,1,9,0,4,6,0,0,0,1,0,1,1,2,2,9,-1,-1,-1,6,2
2013300000796,2,19,0,2,0,0,0,0,2,0,1,1,2,1,10,-1,-1,-1,7,1
2013300000797,1,9,0,4,0,0,1,0,0,0,1,1,2,1,6,1997,2,12,9,1
2013300000797,2,9,0,4,0,0,0,0,0,0,2,1,2,1,5,1598,1,12,2,1
2013300000798,1,9,0,17,0,0,5,0,7,0,1,1,6,1,5,-1,-1,-1,6,3
2013300000799,1,19,0,18,0,1,1,0,0,0,1,1,2,1,7,1870,2,8,9,2
2013300000799,2,9,0,10,0,8,0,0,0,0,2,1,2,2,6,1796,1,4,2,1
2013300000800,1,9,0,18,0,1,0,0,0,0,1,1,2,2,4,-1,-1,-1,8,1
2013300000800,2,9,0,9,0,5,0,0,0,0,4,1,6,2,8,-1,-1,-1,4,1
2013300000802,1,9,0,18,0,1,0,0,0,0,0,1,6,3,-1,-1,-1,-1,-1,-1
2013300000802,2,9,0,18,0,1,0,0,0,0,3,1,6,1,6,1596,1,8,1,1
2013300000802,3,21,1,18,0,1,0,0,0,0,3,1,1,1,9,12777,2,5,1,1
2013300000803,1,3,0,18,0,8,0,0,0,0,1,1,2,1,6,124,1,1,3,1
2013300000803,2,9,0,9,0,6,0,0,0,0,0,1,1,1,6,2993,2,9,4,1
2013300000804,1,5,0,16,0,0,0,0,7,9,1,1,6,1,8,1470,1,17,5,1
2013300000810,1,3,0,3,0,0,0,0,0,0,2,1,6,1,5,-1,-1,-1,2,2
2013300000810,2,9,0,18,0,0,0,0,0,0,1,1,6,1,4,-1,-1,-1,1,1
2013300000814,1,9,0,18,0,1,0,0,0,0,3,1,2,1,7,-1,-1,-1,-1,-1
2013300000815,1,3,0,13,0,0,1,0,0,0,0,1,2,1,7,124,1,10,7,1
2013300000815,2,9,0,6,0,0,0,0,0,0,0,1,6,1,4,-1,-1,-1,2,1
2013300000816,1,9,0,11,0,1,0,0,0,0,1,1,6,2,7,1299,1,11,5,1
2013300000816,2,1,0,12,0,1,0,0,0,0,2,1,1,1,9,-1,-1,-1,8,1
2013300000822,1,9,0,16,0,0,0,0,0,0,1,2,1,1,9,-1,-1,-1,3,1
2013300000822,2,9,0,17,0,0,0,0,0,0,3,1,6,2,9,1796,1,10,2,1
2013300000822,3,9,0,17,0,0,0,0,0,0,3,1,6,1,7,2198,1,10,1,1
2013300000823,1,9,0,4,0,0,0,0,0,0,1,1,6,2,7,1995,1,3,9,1
2013300000825,1,9,0,18,0,3,2,10,1,7,1,1,2,1,6,1360,1,6,2,1
2013300000826,1,19,0,17,0,0,5,0,1,10,4,1,1,1,9,1560,2,2,6,1
2013300000834,1,9,0,5,0,8,0,0,0,0,1,1,6,1,11,1995,2,9,3,1
2013300000834,2,1,0,5,5,8,0,0,0,0,3,1,2,1,8,-1,-1,-1,-1,-1
2013300000837,1,9,0,13,0,0,0,0,0,0,4,1,1,1,9,2498,1,12,2,1
2013300000837,2,21,1,12,0,0,0,0,0,0,3,2,1,1,8,-1,-1,-1,-1,-1