Accident_Index,Vehicle_Reference,Vehicle_Type,Towing_and_Articulation,Vehicle_Manoeuvre,Vehicle_Location-Restricted_Lane,Junction_Location,Skidding_and_Overturning,Hit_Object_in_Carriageway,Vehicle_Leaving_Carriageway,Hit_Object_off_Carriageway,1st_Point_of_Impact,Was_Vehicle_Left_Hand_Drive?,Journey_Purpose_of_Driver,Sex_of_Driver,Age_Band_of_Driver,Engine_Capacity_(CC),Propulsion_Code,Age_of_Vehicle,Driver_IMD_Decile,Driver_Home_Area_Type
2013300000838,1,9,0,18,0,0,0,0,0,0,3,1,3,1,7,2231,2,3,8,1
2013300000838,2,9,0,18,0,0,0,0,0,0,3,1,1,1,8,1229,1,1,8,1
2013300000842,1,9,0,3,0,1,0,0,0,0,1,1,3,1,8,1598,2,2,10,1
2013300000845,1,9,0,9,0,6,0,0,0,0,1,1,6,2,5,1299,1,10,3,2
2013300000845,2,9,0,4,0,8,0,0,0,0,1,1,1,2,4,1242,1,9,7,3
2013300000847,1,9,4,18,0,0,4,0,1,7,4,1,1,1,8,2495,2,16,9,2
2013300000849,1,9,0,5,0,6,0,0,0,0,1,1,6,1,8,2198,1,7,-1,-1
2013300000849,2,1,0,17,0,8,0,0,0,0,1,1,6,1,7,-1,-1,-1,9,2
2013300000851,1,9,0,18,0,0,0,0,0,0,1,1,6,1,7,1461,2,7,9,1
2013300000851,2,90,0,2,0,0,0,0,0,0,0,1,6,3,-1,-1,-1,-1,-1,-1
2013300000852,1,9,0,4,9,8,0,0,0,0,0,1,6,2,6,1275,1,18,2,1
2013300000856,1,9,0,18,0,0,0,4,0,0,3,1,6,1,6,1998,1,13,7,2
2013300000856,2,9,0,18,0,0,0,0,0,0,3,1,6,1,11,1997,1,10,6,3
2013300000856,3,9,0,18,0,0,0,0,0,0,2,1,6,1,4,1199,1,10,7,2
2013300000856,4,9,0,2,0,0,0,0,0,0,3,1,6,1,-1,1997,2,10,8,2
2013300000857,1,9,0,18,0,0,2,0,8,10,1,1,6,2,6,1596,1,7,3,1
2013300000860,1,9,0,18,0,8,1,0,8,10,1,1,2,1,7,1994,1,10,4,1
2013300000860,2,9,0,5,0,6,1,0,0,0,3,1,1,1,9,-1,-1,-1,-1,-1
2013300000861,1,9,0,3,0,0,0,0,0,0,2,1,1,1,6,1997,2,12,10,2
2013300000861,2,9,0,4,0,0,1,0,0,0,1,1,1,2,4,1997,2,12,-1,-1
2013300000862,1,9,0,9,0,6,0,0,0,0,1,1,1,1,9,-1,-1,-1,4,3
2013300000862,2,3,0,18,0,8,0,0,0,0,4,1,6,1,8,124,1,3,2,1
2013300000865,1,9,0,18,0,0,0,0,0,0,1,1,6,1,5,1587,1,11,-1,-1
2013300000865,2,9,0,13,0,0,0,0,0,0,2,1,2,1,6,1560,2,5,5,1
2013300000868,1,1,0,18,0,0,0,4,0,0,1,1,6,1,3,-1,-1,-1,-1,-1
2013300000868,2,9,0,6,0,0,0,0,0,0,3,1,6,1,5,1896,2,8,-1,-1
2013300000869,1,9,0,18,0,2,1,0,0,0,1,1,6,1,6,1794,1,10,8,2
2013300000873,1,5,0,13,0,1,1,0,0,0,4,1,6,1,6,599,1,11,4,2
2013300000873,2,1,0,12,0,1,0,0,0,0,3,1,6,1,9,-1,-1,-1,5,3
2013300000874,1,1,0,7,0,6,0,0,0,0,1,1,6,1,-1,-1,-1,-1,8,2
2013300000874,2,9,0,16,0,8,0,0,0,0,1,1,6,2,9,-1,-1,-1,-1,-1
2013300000879,1,1,0,18,0,1,0,0,0,0,0,1,2,1,7,-1,-1,-1,5,1
2013300000879,2,9,0,7,0,6,0,0,0,0,0,1,6,2,-1,-1,-1,-1,-1,-1
2013300000886,1,9,0,13,0,0,0,0,0,0,1,1,1,1,6,1896,2,5,1,1
2013300000886,2,9,0,18,0,0,0,0,0,0,3,1,6,1,5,1994,2,10,1,1
2013300000887,1,19,0,11,0,8,0,0,0,0,1,1,2,2,8,2198,2,7,2,1
2013300000887,2,9,0,3,0,8,0,0,0,0,2,1,1,2,7,1149,1,8,-1,-1
2013300000888,1,9,0,4,0,1,0,0,0,0,2,1,1,1,6,1984,2,4,8,2
2013300000888,2,9,0,4,0,1,0,0,0,0,1,1,1,2,7,1896,2,4,-1,-1
2013300000892,1,9,0,3,0,4,0,0,0,0,2,1,6,1,7,2184,2,9,2,1
2013300000892,2,9,0,5,0,4,0,0,0,0,0,1,6,1,5,1199,1,11,2,1
2013300000893,1,8,0,9,0,6,0,0,0,0,0,1,6,3,-1,-1,-1,-1,-1,-1
2013300000893,2,2,0,18,0,1,1,0,0,0,0,1,6,1,4,49,1,6,-1,-1
2013300000896,1,9,0,3,0,1,0,0,0,0,2,1,6,1,-1,-1,-1,-1,-1,-1
2013300000898,1,9,0,11,0,8,5,0,0,0,4,1,1,1,9,-1,-1,-1,6,1
2013300000898,2,21,1,17,0,8,0,0,0,0,3,2,1,1,7,-1,-1,-1,-1,-1
2013300000901,1,9,0,4,0,0,0,0,0,0,2,1,6,2,-1,2300,1,12,7,1
2013300000901,2,9,0,4,0,0,0,0,0,0,0,1,6,1,9,1896,2,16,3,1
2013300000904,1,5,0,18,0,0,0,11,1,0,1,1,6,1,8,-1,-1,-1,-1,-1
2013300000904,2,19,0,18,0,0,0,0,0,0,0,1,6,3,-1,-1,-1,-1,-1,-1
2013300000909,1,19,0,5,0,1,0,0,0,0,1,1,1,1,6,-1,-1,-1,4,1
2013300000909,2,9,0,3,0,1,0,0,0,0,2,1,6,2,9,1388,1,2,2,1
2013300000910,1,9,0,4,0,8,0,0,0,0,1,1,1,2,7,-1,-1,-1,4,1
2013300000910,2,9,0,4,0,8,0,0,0,0,2,1,6,2,9,1124,1,10,-1,-1
2013300000911,1,11,0,2,3,1,0,0,0,0,0,1,6,1,9,-1,-1,-1,7,1
2013300000921,1,9,0,6,0,8,0,0,0,0,3,1,6,2,-1,-1,-1,-1,-1,-1
2013300000921,2,5,0,13,0,8,0,0,1,0,4,1,6,1,8,1052,1,19,2,1
2013300000923,1,9,0,18,0,1,0,0,0,0,0,1,6,1,7,1360,1,21,5,2
2013300000923,2,1,0,18,0,2,0,0,0,0,1,1,6,1,3,-1,-1,-1,-1,-1
2013300000928,1,9,0,18,0,8,0,0,0,0,1,1,6,1,4,999,1,1,7,3
2013300000928,2,19,0,18,0,8,0,0,0,0,2,1,1,1,6,2400,2,12,10,3
2013300000929,1,4,0,5,0,1,0,0,0,0,1,1,6,1,11,638,1,4,3,1
2013300000929,2,9,0,3,0,2,0,0,0,0,3,1,6,1,4,1229,1,-1,3,1
2013300000929,3,9,0,3,0,2,0,0,0,0,1,1,6,2,7,1598,1,2,10,1
2013300000929,4,1,0,18,0,6,0,0,0,0,3,1,4,1,3,-1,-1,-1,-1,-1
2013300000932,1,9,0,18,0,8,0,0,0,0,0,1,2,2,8,1998,1,8,7,1
2013300000932,2,19,0,11,0,8,0,0,0,0,3,1,1,1,6,2464,2,5,-1,-1
2013300000933,1,9,0,4,0,1,0,0,0,0,1,1,6,2,8,2179,2,7,8,1
2013300000936,1,9,0,18,0,1,0,0,0,0,0,1,6,3,-1,-1,-1,-1,-1,-1
2013300000936,2,11,0,18,0,1,0,0,0,0,0,1,1,1,10,9000,2,10,-1,-1
2013300000937,1,90,0,9,0,6,0,0,0,0,1,1,6,3,7,-1,-1,-1,-1,-1
2013300000937,2,9,0,18,0,8,0,0,0,0,1,1,6,1,6,1582,2,2,-1,-1
2013300000939,1,1,0,18,0,0,0,4,0,0,1,1,2,1,4,-1,-1,-1,6,1
2013300000939,2,9,0,1,0,0,0,0,0,0,2,1,6,2,9,1388,1,7,6,1
2013300000943,1,1,0,9,0,6,0,0,0,0,3,1,4,1,3,-1,-1,-1,-1,-1
2013300000943,2,9,0,18,0,8,0,0,0,0,1,1,2,1,4,1199,1,12,-1,-1
2013300000945,1,9,0,16,0,1,0,0,1,3,1,1,6,1,9,1769,1,10,6,1
2013300000947,1,9,0,9,0,6,0,0,0,0,1,1,6,1,4,973,1,11,5,3
2013300000947,2,9,0,18,0,8,0,0,0,0,1,1,6,1,5,1199,1,9,9,1
2013300000948,1,9,0,1,0,0,0,0,0,0,2,1,3,2,7,1248,1,1,8,1
2013300000949,1,19,0,4,0,0,0,0,0,0,2,1,1,1,10,1560,2,1,-1,-1
2013300000949,2,9,0,18,0,0,1,0,0,0,1,1,6,1,4,1242,1,14,8,1
2013300000950,1,9,0,3,0,0,0,0,0,0,2,1,6,2,4,973,1,14,1,1
2013300000950,2,9,0,3,0,0,0,0,0,0,2,1,6,1,8,1597,1,23,5,1
2013300000950,3,9,0,18,0,0,1,0,0,0,1,1,2,1,5,1781,1,19,4,1
2013300000953,1,9,0,8,0,1,0,0,0,0,4,1,6,2,8,1985,1,14,5,1
2013300000953,2,1,0,18,9,1,5,0,0,0,1,1,6,1,3,-1,-1,-1,4,1
2013300000954,1,9,0,16,0,1,0,0,0,0,3,1,6,2,9,2997,6,14,6,1
2013300000954,2,9,0,9,0,6,0,0,0,0,1,1,6,2,4,1388,1,10,7,1
2013300000956,1,9,0,17,0,0,0,0,1,10,1,1,6,1,10,-1,-1,-1,-1,-1
2013300000957,1,4,0,18,0,0,1,0,1,7,1,1,6,2,6,-1,-1,-1,10,2
2013300000958,1,9,0,18,0,0,2,0,7,0,1,1,2,1,8,998,1,7,2,1
2013300000959,1,9,0,5,0,2,0,0,0,0,4,1,6,1,-1,1598,1,6,2,1
2013300000959,2,9,0,18,0,2,1,0,0,0,2,1,2,1,5,1598,1,6,1,1
2013300000960,1,9,0,12,0,0,2,7,5,6,1,1,2,1,8,1299,1,12,4,1
2013300000965,1,9,0,18,0,8,0,0,0,0,1,1,6,2,-1,1364,1,9,-1,-1
2013300000965,2,9,0,3,0,8,0,0,0,0,2,1,1,2,8,1968,2,1,8,1
2013300000972,1,9,0,1,0,5,0,0,0,0,2,1,6,1,10,1998,2,6,2,1
2013300000977,1,1,0,18,0,2,0,0,0,0,1,1,6,1,9,-1,-1,-1,8,3
2013300000978,1,9,0,18,0,0,1,0,5,6,3,1,2,1,5,1686,2,9,1,1
2013300000983,1,9,0,13,0,0,0,0,0,0,1,1,6,1,5,1124,1,12,9,1
2013300000983,2,9,0,18,0,0,0,0,1,0,3,1,6,1,9,1560,2,7,-1,-1
2013300000983,3,9,0,18,0,0,0,0,0,0,1,1,6,1,8,2184,2,3,-1,-1
2013300000984,1,9,0,18,0,4,0,0,0,0,1,1,6,2,8,1870,2,2,-1,-1
2013300000984,2,2,0,9,0,8,0,0,0,0,1,1,6,1,4,-1,-1,-1,-1,-1
2013300000985,1,9,0,17,0,0,0,10,1,4,1,1,2,1,6,1753,2,11,3,1
2013300000992,1,9,0,18,0,0,0,0,0,0,1,1,6,2,-1,1995,1,8,2,1
2013300000994,1,9,0,18,0,0,0,0,0,0,1,1,6,2,-1,-1,-1,-1,-1,-1
2013300000997,1,8,0,5,0,0,0,0,0,0,0,1,6,1,-1,1896,2,6,7,1
2013300000998,1,9,0,15,0,0,5,0,0,0,4,1,6,1,7,1984,1,12,3,1
2013300000998,2,21,1,18,0,0,0,0,0,0,3,1,1,1,8,12740,2,2,3,1
2013300000999,1,9,0,17,0,8,0,0,0,0,1,1,6,1,6,1679,1,15,3,1
2013300000999,2,9,0,9,0,8,0,0,0,0,3,1,6,2,5,1598,1,8,3,1
2013300001002,1,9,0,7,0,6,0,0,0,0,1,1,2,1,6,-1,-1,-1,3,1
2013300001002,2,9,0,13,0,1,0,0,1,2,4,1,6,2,4,-1,-1,-1,7,1
2013300001003,1,9,0,18,0,0,0,4,0,0,1,1,6,2,7,1349,1,2,7,1
2013300001003,2,9,0,2,9,0,0,0,0,0,2,1,6,1,10,1360,1,9,9,2
2013300001004,1,9,0,13,0,0,1,0,7,0,1,2,1,1,4,-1,-1,-1,2,1
2013300001004,2,9,0,17,0,0,0,0,1,0,1,1,6,1,9,1834,1,13,-1,-1
2013300001004,3,90,0,16,0,0,0,0,0,0,0,1,6,3,-1,-1,-1,-1,-1,-1
2013300001007,1,9,0,9,0,5,0,0,0,0,4,1,6,1,8,4799,1,6,-1,-1
2013300001008,1,9,0,9,0,6,0,0,0,0,1,1,6,1,8,1995,2,3,-1,-1
2013300001008,2,9,0,18,0,1,0,0,0,0,1,1,6,2,9,1398,2,1,-1,-1
2013300001012,1,9,0,13,0,0,0,0,0,0,1,1,6,3,-1,-1,-1,-1,-1,-1
2013300001012,2,3,0,18,0,0,0,0,0,0,2,1,6,1,6,124,1,5,6,3
2013300001013,1,9,0,3,0,0,0,0,0,0,2,1,6,1,7,-1,-1,-1,7,1
2013300001013,2,9,0,4,0,0,0,0,0,0,1,1,6,1,6,1910,2,9,3,1
2013300001013,3,11,0,2,0,0,0,0,0,0,0,1,1,1,7,-1,-1,-1,2,1
2013300001014,1,3,0,18,0,8,5,0,1,0,4,1,6,1,4,124,1,2,8,3
2013300001016,1,9,0,16,0,0,1,0,0,0,1,1,6,1,4,1590,1,16,1,1
2013300001016,2,9,0,16,0,0,0,0,0,0,0,1,6,2,4,1149,1,9,4,1
2013300001016,3,9,0,16,0,0,0,0,0,0,0,1,6,1,5,2261,1,5,7,1
2013300001016,4,9,0,16,0,0,0,0,0,0,3,1,6,1,5,1119,1,17,4,1
2013300001016,5,9,0,17,0,0,0,0,0,0,1,1,6,2,8,1598,1,11,3,1
2013300001025,1,9,0,5,0,4,0,0,0,0,3,1,6,2,6,1242,1,11,3,1
2013300001025,2,1,0,17,0,8,0,0,0,0,4,1,6,1,6,-1,-1,-1,-1,-1
2013300001027,1,9,0,16,0,1,0,10,2,10,1,1,6,2,6,1598,1,9,6,3
2013300001031,1,9,0,9,0,6,0,0,0,0,1,1,6,1,11,1388,1,5,9,1
2013300001031,2,9,0,18,0,8,0,0,0,0,1,1,6,2,4,973,1,14,2,1
2013300001032,1,9,0,9,0,5,0,0,0,0,0,1,6,1,7,1995,2,4,10,1
2013300001032,2,9,0,18,0,8,1,0,0,0,1,1,6,1,5,1956,2,3,-1,-1
2013300001032,3,9,0,18,0,8,0,0,0,0,1,1,6,1,6,1598,1,10,7,2
2013300001033,1,9,0,18,0,0,0,0,0,0,3,1,6,1,10,2494,1,15,10,1
2013300001033,2,5,0,18,0,0,0,0,0,0,3,1,6,1,7,1171,1,5,6,1
2013300001033,3,9,0,18,0,0,0,0,0,0,3,1,6,2,8,1598,1,2,6,1
2013300001034,1,9,0,17,6,0,0,0,1,9,1,1,6,1,6,1248,2,8,3,1
2013300001034,2,9,0,2,6,0,0,0,0,0,2,1,6,1,9,4394,1,7,7,3
2013300001049,1,9,0,11,0,8,1,0,0,0,1,1,6,1,7,2179,2,2,10,2
2013300001049,2,21,1,18,0,5,0,0,0,0,3,1,1,1,8,12900,2,1,1,1
2013300001051,1,9,0,5,0,1,0,0,0,0,1,1,2,1,6,1686,2,8,-1,-1
2013300001051,2,9,0,5,0,1,0,0,0,0,2,1,6,1,10,1896,2,12,-1,-1
2013300001054,1,9,0,18,0,1,0,0,0,0,1,1,6,2,6,1596,1,1,8,3
2013300001054,2,9,0,3,0,1,0,0,0,0,2,1,1,1,8,1796,1,5,2,1
2013300001059,1,2,0,18,0,0,1,4,0,0,4,1,2,1,8,49,1,1,5,1
2013300001059,2,9,0,2,0,0,0,0,0,0,3,1,6,2,8,796,1,10,7,1
2013300001065,1,19,0,18,0,0,0,0,1,2,1,1,6,1,7,1399,2,2,4,1
2013300001066,1,9,0,9,0,6,0,0,0,0,3,1,2,1,6,1948,1,15,5,2
2013300001066,2,9,0,18,0,8,0,0,0,0,1,1,6,1,7,4282,1,6,6,1
2013300001068,1,9,0,16,0,0,1,0,7,2,4,1,6,1,4,1840,1,15,-1,-1
2013300001068,2,9,0,2,9,0,0,0,0,0,4,1,6,1,8,1560,2,5,10,1
2013300001068,3,9,0,2,9,0,0,0,0,0,1,1,6,2,7,1560,2,8,-1,-1
2013300001071,1,21,1,16,0,0,0,0,0,0,3,1,1,1,8,-1,2,14,6,1
2013300001071,2,9,0,16,0,0,0,0,0,0,1,1,6,1,11,1396,1,9,10,3
2013300001073,1,8,0,3,0,2,0,0,0,0,1,1,1,1,10,1997,2,3,8,1
2013300001075,1,9,0,5,0,1,0,0,0,0,1,1,6,2,9,1796,1,7,7,1
2013300001076,1,3,0,18,0,8,0,0,0,0,1,1,2,1,6,124,1,11,4,1
2013300001076,2,9,0,9,0,6,0,0,0,0,3,1,2,2,9,1796,1,11,1,1
2013300001077,1,9,0,18,0,0,2,10,1,9,3,1,6,1,4,1149,1,13,8,2
2013300001078,1,9,0,4,0,0,0,0,0,0,1,1,2,1,8,-1,-1,-1,-1,-1
2013300001078,2,9,0,3,0,0,0,0,0,0,2,1,2,2,5,1988,1,10,-1,-1
2013300001078,3,9,0,4,0,0,0,0,0,0,2,1,2,1,-1,1796,1,10,6,3
2013300001078,4,9,0,4,0,0,0,0,0,0,2,1,2,1,-1,1596,1,10,10,1
2013300001078,5,9,0,4,0,0,0,0,0,0,2,1,2,1,-1,1349,1,11,-1,-1
2013300001086,1,5,0,16,0,1,0,0,0,0,1,1,6,1,8,600,1,6,4,1
2013300001086,2,17,4,5,0,8,0,0,0,0,3,1,1,1,6,6788,2,1,6,3
2013300001088,1,9,0,5,0,4,0,0,1,10,3,1,6,1,7,1598,1,13,-1,-1
2013300001088,2,9,0,9,0,8,0,0,0,0,4,1,6,1,6,2926,2,11,-1,-1
2013300001089,1,9,0,9,0,5,0,0,0,0,1,1,6,2,8,998,1,3,9,1
2013300001089,2,1,0,18,0,8,0,0,1,0,3,1,2,1,7,-1,-1,-1,9,1
2013300001095,1,9,0,9,0,6,0,0,0,0,3,1,2,2,8,1598,1,1,-1,-1
2013300001095,2,2,0,18,0,8,1,0,0,0,3,1,2,1,4,49,1,1,8,1
2013300001101,1,9,0,18,0,0,0,0,0,0,0,1,6,2,-1,-1,-1,-1,-1,-1
2013300001104,1,9,0,5,0,6,0,0,0,0,1,1,6,1,6,-1,-1,-1,-1,-1
2013300001104,2,1,0,13,0,1,0,0,0,0,4,1,6,1,10,-1,-1,-1,10,1
2013300001105,1,9,0,12,0,0,0,0,0,0,1,1,6,3,-1,-1,-1,-1,-1,-1
2013300001105,2,9,0,3,0,0,0,0,0,0,2,1,6,2,8,1896,2,13,7,1
2013300001108,1,9,0,18,0,0,0,0,0,0,1,1,6,2,-1,1388,1,6,8,1
2013300001108,2,9,0,2,0,0,0,0,0,0,2,1,6,2,9,1364,1,4,10,1
2013300001110,1,21,0,9,0,3,1,0,1,2,1,1,1,1,8,12900,2,4,1,1
2013300001114,1,9,0,18,0,0,1,4,1,2,1,1,6,2,7,1242,1,10,-1,-1
2013300001114,2,9,0,2,0,0,0,0,0,0,2,1,6,1,6,1248,2,4,5,1
2013300001115,1,9,0,18,0,0,1,0,2,10,1,1,6,1,5,1895,1,14,6,3
2013300001117,1,9,0,2,0,1,0,0,0,0,2,1,1,1,7,1998,1,22,5,1
2013300001117,2,9,0,18,0,1,0,4,0,0,1,1,6,3,-1,1400,1,13,-1,-1
2013300001122,1,9,0,9,0,6,0,0,0,0,1,1,6,1,11,1360,1,5,4,1
2013300001122,2,9,0,18,0,8,0,0,0,0,1,1,1,1,4,1108,1,13,4,1
2013300001124,1,19,0,17,0,2,2,0,1,4,3,1,1,1,7,2461,2,8,10,1
2013300001124,2,9,0,16,0,1,0,0,0,0,3,1,6,1,6,2495,2,28,7,3
2013300001125,1,9,0,5,0,8,0,0,0,0,1,1,6,2,9,1840,1,13,7,3
2013300001125,2,4,0,18,0,8,0,0,0,0,3,1,6,1,9,248,1,57,5,2
2013300001126,1,9,0,18,0,0,2,0,1,10,1,1,1,2,6,1195,1,15,3,1
2013300001127,1,9,0,9,0,5,0,0,0,0,4,1,6,2,7,1997,2,9,7,1
2013300001127,2,1,0,5,0,1,0,0,0,0,1,1,6,1,3,-1,-1,-1,-1,-1
2013300001128,1,9,0,14,0,0,0,0,0,0,1,1,6,2,7,1796,1,15,2,1
2013300001128,2,9,0,2,0,0,0,0,0,0,1,1,6,1,-1,1600,1,13,3,1
2013300001131,1,9,0,5,0,6,0,0,1,10,4,1,6,1,8,1588,1,14,8,1
2013300001131,2,9,0,18,0,8,0,0,0,0,1,1,6,2,7,1299,1,12,6,3
2013300001136,1,19,0,16,0,8,1,0,1,2,1,1,1,1,4,1868,2,7,1,1
2013300001136,2,9,0,5,0,4,0,0,0,0,0,1,6,3,-1,-1,-1,-1,-1,-1
2013300001140,1,19,4,9,0,8,0,0,0,0,3,2,1,1,8,-1,-1,-1,-1,-1
2013300001140,2,9,0,7,0,8,1,10,1,0,4,1,2,2,8,1198,1,4,9,1
2013300001140,3,5,0,7,0,8,0,0,0,0,2,1,2,1,-1,782,1,5,7,1
2013300001140,4,9,0,7,0,8,0,0,0,0,1,1,2,1,8,1590,1,8,4,3
2013300001142,1,9,0,9,0,6,0,0,0,0,0,1,6,3,9,2494,1,11,-1,-1
2013300001142,2,11,0,18,0,1,0,0,0,0,0,1,6,2,5,7300,2,4,2,1
2013300001152,1,9,0,9,0,5,0,0,0,0,1,1,2,2,8,1149,1,7,-1,-1
2013300001152,2,1,0,18,0,8,0,0,0,0,3,1,2,1,7,-1,-1,-1,-1,-1
2013300001153,1,9,0,7,0,5,0,0,0,0,1,1,6,3,-1,-1,-1,-1,-1,-1
2013300001154,1,4,0,3,0,1,0,0,0,0,2,1,2,1,4,124,1,10,-1,-1
2013300001154,2,9,0,17,0,1,0,0,0,0,1,1,2,1,6,1242,1,6,3,1
2013300001155,1,9,0,18,0,8,0,0,0,0,3,1,6,2,7,1900,2,13,3,1
2013300001155,2,9,0,18,0,3,0,0,0,0,0,1,6,1,7,1995,1,7,3,1
2013300001158,1,9,0,18,0,0,1,0,2,9,1,1,6,2,7,1242,1,2,7,2
2013300001159,1,5,0,18,0,1,0,0,0,0,1,1,6,1,7,-1,-1,-1,3,1
2013300001159,2,9,0,4,0,1,0,0,0,0,2,1,6,2,5,-1,-1,-1,7,1
2013300001167,1,9,0,18,0,0,1,0,0,0,1,1,2,2,5,1390,1,13,3,1
2013300001167,2,9,0,3,0,0,0,0,0,0,2,1,2,2,8,1242,1,11,4,1
2013300001168,1,9,0,17,0,0,0,0,1,1,1,1,6,1,11,1598,1,12,4,1
2013300001170,1,9,0,5,0,6,0,0,0,0,1,1,6,2,6,1368,1,3,4,1
2013300001170,2,9,0,18,0,8,0,0,0,0,1,1,2,2,8,1997,2,10,5,1
2013300001172,1,9,0,5,0,0,0,0,3,0,0,1,6,3,-1,1299,1,8,-1,-1
2013300001172,2,11,0,18,0,0,0,0,0,0,0,1,1,1,8,5900,2,6,7,1
2013300001173,1,9,0,9,0,6,0,0,0,0,1,1,2,1,5,1360,1,7,8,1
2013300001173,2,9,0,18,0,8,0,0,0,0,1,1,2,2,7,1149,1,13,7,1
2013300001175,1,9,0,2,0,0,0,0,0,0,2,1,6,2,8,1299,1,13,9,1
2013300001175,2,9,0,4,0,0,0,4,0,0,1,1,6,2,8,1984,2,2,4,2
2013300001183,1,9,0,16,0,2,0,0,7,0,1,1,6,1,5,1896,2,12,4,1
2013300001183,2,9,0,18,0,1,0,0,1,0,1,1,6,2,6,1242,1,4,3,1
2013300001186,1,9,0,4,0,1,0,0,0,0,3,1,1,2,6,1242,1,8,5,1
2013300001186,2,1,0,9,0,8,5,0,0,0,1,1,6,1,6,-1,-1,-1,2,1
2013300001187,1,9,0,9,0,5,0,0,0,0,4,1,6,2,9,1396,1,3,10,1
2013300001187,2,3,0,18,0,8,2,0,0,0,1,1,6,1,4,124,1,-1,9,1
2013300001188,1,9,0,18,0,0,0,0,0,0,1,1,6,1,8,1896,2,6,3,1
2013300001188,2,9,0,18,0,0,0,0,0,0,2,1,6,1,10,2776,2,6,4,1
2013300001195,1,9,0,16,0,0,0,0,7,1,1,1,6,1,10,1998,1,8,6,2
2013300001197,1,9,0,3,0,2,0,0,0,0,2,1,6,2,8,1199,1,10,6,1
2013300001197,2,9,0,5,0,2,0,0,0,0,1,1,6,1,-1,1591,1,2,-1,-1
2013300001200,1,1,0,7,0,1,0,0,0,0,3,1,2,1,8,-1,-1,-1,10,1
2013300001200,2,9,0,9,0,8,0,0,0,0,3,1,6,1,-1,-1,-1,-1,-1,-1
2013300001212,1,9,0,13,0,8,0,0,0,0,1,1,6,2,11,973,1,11,6,1
2013300001212,2,9,0,18,0,8,0,0,0,0,1,1,6,1,10,1951,2,11,5,1
2013300001212,3,9,0,10,0,8,0,0,0,0,3,1,6,1,10,1197,1,2,9,1
2013300001215,1,11,0,14,0,0,0,8,0,0,4,1,6,1,8,9000,2,9,5,2
2013300001215,2,9,0,2,0,0,0,0,0,0,3,1,6,2,8,1299,1,14,4,1
2013300001220,1,9,0,9,0,2,0,0,0,0,1,1,6,1,11,1197,1,-1,8,1
2013300001222,1,9,0,18,0,0,1,0,1,2,1,1,6,2,6,1299,1,6,6,1
2013300001224,1,3,0,18,0,0,1,4,0,0,1,1,6,1,4,125,1,6,4,1
2013300001224,2,9,0,2,0,0,0,0,0,0,3,1,6,1,8,1781,1,11,6,3
2013300001225,1,9,0,18,0,0,0,0,0,0,1,1,6,1,9,1388,1,11,7,1
2013300001226,1,9,0,5,0,6,0,0,0,0,1,1,6,1,7,1598,1,1,5,1
2013300001226,2,9,0,18,0,8,0,0,0,0,3,1,6,1,8,1124,1,12,10,1
2013300001227,1,9,0,18,0,6,0,0,0,0,1,1,6,1,8,1389,1,15,1,1
2013300001227,2,1,0,18,0,8,0,0,0,0,3,1,6,1,3,-1,-1,-1,1,1
2013300001228,1,9,0,18,0,0,0,0,1,4,1,1,6,1,5,-1,-1,-1,10,1
2013300001229,1,1,0,17,0,0,0,0,0,0,1,1,6,1,7,-1,-1,-1,10,1
2013300001231,1,9,0,8,0,1,0,0,0,0,3,1,6,1,10,1968,2,7,7,1
2013300001231,2,1,0,7,0,5,0,0,0,0,1,1,6,1,8,-1,-1,-1,10,1
2013300001236,1,9,0,18,0,0,1,4,0,0,1,1,6,2,5,1360,1,14,4,1
2013300001236,2,21,1,2,6,0,0,0,0,0,3,2,1,1,6,-1,-1,-1,-1,-1
2013300001240,1,9,0,18,0,0,5,7,2,3,1,1,6,1,5,1199,1,11,-1,-1
2013300001244,1,90,0,18,0,0,0,0,0,0,0,1,6,3,-1,-1,-1,-1,-1,-1
2013300001244,2,5,0,18,0,0,0,0,0,0,1,1,6,1,8,650,1,13,3,1
2013300001245,1,9,0,3,0,1,0,0,0,0,2,1,1,1,7,1328,1,6,10,1
2013300001245,2,9,0,4,0,1,0,0,0,0,1,1,6,1,7,998,1,10,3,1
2013300001246,1,11,0,15,0,0,0,0,0,0,4,1,1,1,-1,4250,2,4,-1,-1
2013300001246,2,1,0,5,0,0,0,0,0,0,4,1,1,1,-1,-1,-1,-1,2,1
2013300001247,1,9,0,18,0,8,0,0,0,0,1,1,6,2,6,1240,1,8,-1,-1
2013300001247,2,9,0,18,0,6,0,0,0,0,2,1,6,2,6,1242,1,6,7,1
2013300001247,3,9,0,4,0,1,0,0,0,0,2,1,6,1,6,1749,1,9,7,1
2013300001247,4,9,0,5,0,1,0,0,0,0,1,1,6,2,6,1896,2,10,3,1
2013300001251,1,5,0,7,0,1,0,0,0,0,2,1,6,1,9,1584,1,5,8,1
2013300001251,2,5,0,4,0,1,0,0,0,0,1,1,6,2,9,805,1,8,8,1
2013300001255,1,19,0,13,0,8,0,0,0,0,1,1,1,1,7,1968,2,-1,-1,-1