Accident_Index,Vehicle_Reference,Vehicle_Type,Towing_and_Articulation,Vehicle_Manoeuvre,Vehicle_Location-Restricted_Lane,Junction_Location,Skidding_and_Overturning,Hit_Object_in_Carriageway,Vehicle_Leaving_Carriageway,Hit_Object_off_Carriageway,1st_Point_of_Impact,Was_Vehicle_Left_Hand_Drive?,Journey_Purpose_of_Driver,Sex_of_Driver,Age_Band_of_Driver,Engine_Capacity_(CC),Propulsion_Code,Age_of_Vehicle,Driver_IMD_Decile,Driver_Home_Area_Type
2013300001255,2,9,0,9,0,5,0,0,7,10,2,1,6,1,4,1399,2,2,-1,-1
2013300001256,1,9,0,18,0,0,0,0,0,0,1,1,6,2,10,-1,-1,-1,5,1
2013300001257,1,9,0,4,0,0,0,0,0,0,2,1,1,1,7,2494,2,1,2,1
2013300001257,2,9,0,18,0,0,0,0,0,0,1,1,1,2,6,-1,-1,-1,9,3
2013300001257,3,9,0,18,0,0,0,0,0,0,1,1,6,2,6,1997,2,9,3,1
2013300001259,1,21,0,18,0,0,0,0,0,0,1,1,1,1,7,3920,2,9,5,1
2013300001259,2,19,0,18,0,0,0,0,0,0,2,1,1,1,7,2402,2,7,8,3
2013300001259,3,17,0,18,0,0,0,0,0,0,2,1,1,1,8,-1,2,-1,4,1
2013300001260,1,9,0,9,0,6,0,0,0,0,3,1,1,1,9,-1,-1,-1,3,1
2013300001260,2,5,0,13,0,1,0,0,0,0,1,1,6,1,4,-1,-1,-1,-1,-1
2013300001260,3,9,0,7,0,5,0,0,0,0,0,1,6,3,-1,-1,-1,-1,-1,-1
2013300001270,1,9,0,9,0,1,0,0,0,0,1,1,6,2,8,1560,2,4,8,1
2013300001270,2,5,0,9,0,8,0,0,0,0,3,1,2,1,8,1552,1,8,8,2
2013300001272,1,5,0,16,0,0,0,0,7,1,1,1,6,1,6,599,1,10,6,2
2013300001272,2,9,0,17,0,0,0,0,0,0,1,1,1,2,9,1598,2,2,2,1
2013300001276,1,19,0,18,0,0,0,0,0,0,1,1,6,3,-1,-1,-1,-1,-1,-1
2013300001281,1,9,0,7,0,5,1,0,7,9,1,1,6,1,7,2171,1,9,-1,-1
2013300001286,1,9,0,14,0,0,0,0,0,0,1,1,1,2,8,1596,1,1,4,2
2013300001286,2,9,0,18,0,0,0,0,0,0,1,1,6,2,8,1796,1,10,-1,-1
2013300001286,3,90,0,2,0,0,0,0,0,0,0,1,6,3,-1,-1,-1,-1,-1,-1
2013300001287,1,9,0,16,0,3,0,0,0,0,2,1,6,1,9,1560,2,-1,-1,-1
2013300001287,2,20,0,16,0,3,0,0,0,0,1,2,6,1,8,-1,-1,-1,-1,-1
2013300001292,1,9,0,4,0,1,0,0,7,0,0,1,6,3,-1,-1,-1,-1,-1,-1
2013300001294,1,9,0,18,0,1,0,0,0,0,1,1,6,1,9,1388,1,5,9,1
2013300001294,2,3,0,9,0,5,0,0,0,0,1,1,6,2,4,125,1,7,1,1
2013300001304,1,9,0,9,0,6,0,0,0,0,1,1,6,2,8,1560,2,-1,6,2
2013300001304,2,9,0,18,0,8,1,0,0,0,1,1,6,1,10,2204,2,6,7,3
2013300001306,1,9,0,5,0,6,0,0,0,0,4,1,6,1,9,-1,-1,-1,7,3
2013300001306,2,90,0,18,0,8,0,0,0,0,4,1,6,1,5,-1,-1,-1,5,1
2013300001309,1,9,0,18,0,0,0,0,0,0,4,1,6,2,7,1560,2,8,4,1
2013300001311,1,9,0,7,0,5,0,0,7,3,1,1,6,1,5,998,1,-1,-1,1
2013300001317,1,9,0,5,0,6,0,0,0,0,1,1,6,2,-1,1598,1,5,-1,-1
2013300001317,2,9,0,5,0,2,0,0,0,0,3,1,2,2,5,1124,1,14,9,1
2013300001321,1,9,0,9,0,6,0,0,0,0,3,1,6,1,5,-1,-1,-1,1,1
2013300001321,2,9,0,18,0,8,0,0,0,0,1,1,6,1,11,2967,1,6,8,1
2013300001324,1,8,0,4,0,1,0,0,0,0,1,1,6,1,-1,1997,2,10,-1,-1
2013300001324,2,2,0,3,0,1,0,0,0,0,2,1,2,2,8,49,1,2,4,1
2013300001326,1,9,0,18,0,0,0,0,0,0,1,1,6,2,7,1598,1,7,10,1
2013300001326,2,9,0,18,0,0,0,0,0,0,1,1,6,2,4,1149,1,11,3,1
2013300001326,3,9,0,18,0,0,0,0,0,0,1,1,6,1,4,1199,1,8,5,1
2013300001327,1,9,0,4,0,0,0,0,0,0,2,1,2,2,5,1896,2,7,-1,-1
2013300001327,2,9,0,18,0,0,0,0,0,0,1,1,6,2,7,1240,1,6,6,1
2013300001328,1,11,0,1,0,0,0,0,0,0,2,1,1,1,8,-1,2,19,5,1
2013300001328,2,9,0,3,0,0,0,0,0,0,1,1,6,2,7,1242,1,5,3,1
2013300001330,1,9,0,9,0,8,0,0,0,0,1,1,6,2,11,1242,1,5,-1,-1
2013300001330,2,9,0,18,0,8,0,0,0,0,3,1,6,1,6,1995,1,7,3,3
2013300001331,1,9,0,16,0,0,1,0,0,0,1,1,1,1,4,2500,2,14,-1,-1
2013300001331,2,9,4,17,0,0,0,0,0,0,1,1,1,1,8,4169,1,16,-1,-1
2013300001332,1,9,0,4,0,0,1,0,0,0,0,1,6,2,7,1598,1,6,9,2
2013300001332,2,9,0,18,0,0,1,0,0,0,2,1,1,2,7,1995,2,-1,8,2
2013300001332,3,9,0,18,0,0,0,0,0,0,2,1,6,1,10,1968,2,7,10,1
2013300001332,4,9,0,18,0,0,1,0,0,0,1,1,6,1,8,1910,2,6,-1,-1
2013300001336,1,9,0,17,0,0,0,0,1,10,1,1,6,1,4,1599,1,10,2,1
2013300001336,2,19,0,16,0,0,0,0,0,0,0,1,6,3,-1,-1,-1,-1,-1,-1
2013300001339,1,11,0,5,0,2,0,0,0,0,0,1,6,1,8,4250,2,1,7,1
2013300001342,1,9,0,5,0,0,0,0,0,0,1,1,6,1,5,1896,2,17,-1,-1
2013300001342,2,9,0,3,0,0,0,0,0,0,2,1,6,2,6,1242,1,12,-1,-1
2013300001343,1,5,0,13,0,0,2,0,0,0,3,1,6,1,9,1043,1,3,5,1
2013300001343,2,9,0,18,0,0,0,0,0,0,3,1,6,1,6,-1,-1,-1,-1,-1
2013300001343,3,90,0,18,0,0,0,0,0,0,0,1,6,3,-1,-1,-1,-1,-1,-1
2013300001346,1,9,0,18,0,8,0,0,0,0,3,1,6,2,7,1124,1,13,-1,-1
2013300001346,2,9,0,5,0,6,0,0,0,0,1,1,6,2,4,998,1,11,-1,-1
2013300001347,1,9,0,9,0,5,0,0,0,0,1,1,6,1,7,1560,2,-1,9,1
2013300001347,2,8,0,18,0,8,0,0,0,0,1,1,1,1,-1,1995,2,11,5,1
2013300001358,1,9,0,18,0,1,0,0,0,0,1,1,6,2,8,1986,2,5,8,3
2013300001358,2,9,0,10,0,8,0,0,7,0,2,1,6,1,5,1461,2,3,-1,-1
2013300001358,3,9,0,18,0,8,0,0,0,0,1,1,6,1,7,1999,1,2,10,1
2013300001360,1,9,0,18,0,0,0,4,0,0,1,1,6,1,7,-1,-1,-1,5,3
2013300001360,2,90,0,2,0,0,0,0,1,10,2,1,6,2,7,-1,-1,-1,6,1
2013300001361,1,9,0,18,0,1,0,0,1,10,1,1,6,1,5,1998,1,13,7,1
2013300001372,1,9,0,18,0,0,1,0,0,0,1,1,6,1,10,-1,-1,-1,2,1
2013300001372,2,90,0,2,0,0,0,0,0,0,0,1,6,3,-1,-1,-1,-1,-1,-1
2013300001373,1,9,0,4,0,1,0,0,0,0,1,1,6,1,-1,1781,1,22,-1,-1
2013300001373,2,9,0,3,0,1,0,0,0,0,2,1,6,2,5,1000,1,-1,1,1
2013300001374,1,9,0,18,0,0,1,0,0,0,1,1,1,2,8,2171,1,8,6,1
2013300001374,2,9,0,18,0,0,1,0,0,0,1,1,1,1,8,-1,-1,-1,-1,-1
2013300001374,3,9,0,18,0,0,1,0,0,0,1,1,1,1,7,1956,2,1,5,1
2013300001381,1,9,0,7,0,3,0,0,0,0,4,1,6,2,6,1984,1,5,8,1
2013300001381,2,3,0,7,0,3,5,0,0,0,3,1,6,1,9,125,1,8,6,1
2013300001383,1,9,0,9,0,6,0,0,0,0,3,1,6,1,11,2400,2,1,5,3
2013300001383,2,9,0,18,0,8,0,0,0,0,1,1,6,2,6,1560,2,2,5,3
2013300001384,1,9,0,7,0,1,0,0,0,0,1,1,6,2,7,1984,1,5,10,1
2013300001384,2,1,0,5,0,1,0,0,0,0,1,1,6,2,8,-1,-1,-1,9,3
2013300001386,1,9,0,18,0,1,1,1,0,0,0,1,6,2,-1,-1,-1,-1,2,2
2013300001386,2,9,0,10,0,1,0,11,0,0,2,1,1,1,-1,998,1,1,-1,-1
2013300001390,1,9,0,5,0,0,0,0,0,0,3,1,6,2,11,1799,1,16,-1,-1
2013300001390,2,9,0,18,0,0,0,0,0,0,4,1,2,2,6,1124,1,15,1,1
2013300001391,1,9,0,1,0,0,0,0,0,0,2,1,3,2,8,1598,2,1,10,1
2013300001393,1,9,0,18,0,0,0,0,0,0,3,1,6,1,7,-1,-1,-1,6,1
2013300001393,2,5,0,11,0,0,0,0,0,0,4,1,6,1,7,1170,1,8,10,1
2013300001395,1,21,1,4,0,0,1,0,1,0,1,1,1,1,7,12600,2,10,1,1
2013300001395,2,21,1,4,0,0,0,0,0,0,2,1,1,1,8,11116,2,9,6,1
2013300001396,1,1,0,7,0,2,0,0,0,0,3,1,6,1,4,-1,-1,-1,-1,-1
2013300001396,2,90,0,7,0,1,0,0,0,0,3,1,6,3,-1,-1,-1,-1,-1,-1
2013300001398,1,1,0,9,0,6,0,0,0,0,0,1,6,1,7,-1,-1,-1,6,1
2013300001398,2,9,0,18,0,8,0,0,0,0,0,1,6,3,-1,-1,-1,-1,-1,-1
2013300001399,1,9,0,18,0,0,0,4,0,0,1,1,6,1,6,-1,-1,-1,2,1
2013300001399,2,9,0,2,0,0,0,0,0,0,2,1,6,2,8,-1,-1,-1,7,1
2013300001400,1,9,0,4,0,0,0,0,0,0,2,1,2,2,7,875,1,1,8,1
2013300001400,2,19,0,11,0,0,0,0,0,0,1,1,1,1,7,1995,2,1,-1,-1
2013300001416,1,9,0,4,0,4,0,0,0,0,1,1,6,1,6,1896,2,11,-1,-1
2013300001416,2,9,0,3,0,4,0,0,0,0,2,1,6,1,9,1199,1,12,7,1
2013300001419,1,21,1,17,0,8,0,0,0,0,3,1,1,1,6,12580,2,9,1,1
2013300001419,2,9,0,18,0,8,1,0,0,0,4,1,6,1,5,1149,1,9,3,1
2013300001430,1,11,0,14,0,0,0,0,0,0,2,1,6,1,9,4461,2,1,9,1
2013300001430,2,9,0,3,0,0,0,0,0,0,1,1,6,2,6,999,1,4,6,1
2013300001432,1,20,0,9,0,8,0,0,0,0,3,1,2,1,6,-1,-1,-1,8,2
2013300001432,2,5,0,13,0,8,0,0,0,0,4,1,6,1,8,903,1,-1,-1,-1
2013300001433,1,9,0,5,9,1,0,0,0,0,1,1,6,2,11,1299,1,15,7,3
2013300001433,2,9,0,10,0,6,0,0,0,0,2,1,6,2,10,1399,2,8,6,1
2013300001436,1,9,0,18,0,0,0,0,0,0,1,1,1,2,7,1998,2,7,5,3
2013300001436,2,19,0,2,0,0,0,0,0,0,1,1,1,1,7,2148,2,7,2,1
2013300001437,1,9,0,3,0,0,0,0,0,0,2,1,2,1,5,999,1,12,10,1
2013300001437,2,9,0,18,0,0,0,0,0,0,1,1,6,3,-1,1896,2,5,-1,-1
2013300001438,1,9,0,18,0,6,0,0,0,0,1,1,6,2,9,1998,1,5,3,3
2013300001438,2,9,0,18,0,8,0,0,0,0,1,1,6,2,9,1242,1,8,8,2
2013300001440,1,9,0,18,0,0,0,0,0,0,1,1,6,1,6,1968,2,1,10,1
2013300001440,2,9,0,18,0,0,0,0,0,0,1,1,1,2,7,-1,-1,-1,1,1
2013300001440,3,9,0,18,0,0,0,0,0,0,2,1,1,2,9,1968,2,2,6,2
2013300001440,4,9,0,18,0,0,0,0,0,0,1,1,6,1,6,1799,1,9,1,1
2013300001440,5,9,0,18,0,0,0,0,0,0,2,1,1,1,8,1995,2,1,5,1
2013300001444,1,9,0,5,0,6,0,0,0,0,1,1,3,2,6,-1,-1,-1,10,1
2013300001444,2,9,0,3,0,1,1,0,0,0,1,1,6,1,11,1498,1,13,10,1
2013300001444,3,9,0,18,0,8,0,0,0,0,1,1,6,1,7,1995,2,1,10,1
2013300001453,1,3,0,18,0,0,0,0,0,0,1,1,2,1,5,124,1,1,8,1
2013300001454,1,90,0,4,0,0,0,0,0,0,1,1,2,1,8,-1,-1,-1,9,1
2013300001455,1,21,0,4,0,0,0,0,1,0,0,1,1,1,8,12777,2,1,-1,-1
2013300001455,2,21,1,4,0,0,0,0,0,0,1,1,1,1,7,12740,2,3,-1,-1
2013300001455,3,9,0,16,0,0,0,0,7,10,1,1,6,1,5,-1,-1,-1,-1,-1
2013300001460,1,90,0,18,0,0,0,0,0,0,0,1,6,3,-1,-1,-1,-1,-1,-1
2013300001460,2,9,0,18,0,0,0,0,0,0,3,1,6,2,7,1598,1,7,8,3
2013300001463,1,9,0,18,0,0,5,0,2,10,1,1,2,2,7,1587,1,11,-1,-1
2013300001465,1,9,0,13,0,1,0,0,0,0,1,1,6,3,-1,-1,-1,-1,-1,-1
2013300001465,2,1,0,18,0,1,0,0,0,0,2,1,6,1,4,-1,-1,-1,1,1
2013300001466,1,19,0,1,0,6,0,0,0,0,2,1,1,1,7,1870,2,7,-1,-1
2013300001467,1,9,0,12,0,0,0,0,0,0,3,1,6,2,9,1598,1,7,6,2
2013300001467,2,9,0,18,0,0,0,0,0,0,1,1,6,1,6,1587,1,7,5,2
2013300001469,1,5,0,18,0,0,2,0,7,10,3,1,6,1,8,1352,1,7,8,1
2013300001472,1,9,0,9,0,6,0,0,0,0,1,1,6,1,7,1598,2,5,-1,-1
2013300001472,2,9,0,18,0,1,0,0,0,0,1,1,6,2,9,1868,2,13,8,1
2013300001473,1,9,0,18,0,0,0,0,0,0,3,1,6,1,9,1896,2,12,2,1
2013300001475,1,9,0,13,0,8,0,0,7,2,1,1,1,2,6,1686,2,1,7,1
2013300001475,2,9,0,4,0,1,0,0,0,0,0,1,1,2,6,-1,-1,-1,5,1
2013300001475,3,9,0,9,0,5,0,0,7,0,3,1,6,2,7,1388,1,10,3,1
2013300001477,1,3,0,18,0,0,1,0,0,0,0,1,6,1,7,899,1,14,3,1
2013300001478,1,5,0,18,0,0,2,0,7,1,1,1,6,1,5,-1,-1,-1,-1,-1
2013300001482,1,2,0,13,0,1,0,0,0,0,4,1,6,1,-1,-1,-1,-1,-1,-1
2013300001482,2,1,0,18,0,1,0,0,0,0,2,1,6,1,9,-1,-1,-1,3,1
2013300001483,1,8,0,14,0,0,0,0,0,0,4,1,6,3,-1,-1,-1,-1,-1,-1
2013300001483,2,9,0,2,0,0,0,0,0,0,3,1,6,2,5,1364,1,5,3,1
2013300001485,1,9,0,18,0,0,0,0,7,10,3,1,6,2,8,1596,1,5,8,3
2013300001487,1,9,0,18,0,0,2,4,0,0,1,1,6,1,10,-1,-1,-1,9,2
2013300001487,2,9,0,2,0,0,0,0,0,0,2,1,6,2,8,1598,1,11,8,3
2013300001487,3,9,0,2,0,0,0,0,0,0,2,1,6,1,8,2902,2,9,8,3
2013300001491,1,9,0,18,0,8,0,0,0,0,1,1,6,1,8,1998,2,-1,9,1
2013300001491,2,1,0,7,0,3,0,0,0,0,2,1,6,1,3,-1,-1,-1,5,1
2013300001499,1,9,0,12,0,0,0,0,0,0,1,1,6,2,6,1199,1,11,-1,-1
2013300001499,2,9,0,18,0,0,0,0,0,0,1,1,6,1,6,1364,1,8,1,1
2013300001499,3,19,0,3,0,0,0,0,0,0,0,1,6,3,-1,-1,-1,-1,-1,-1
2013300001500,1,19,0,4,0,0,0,0,0,0,1,1,1,1,6,1996,2,3,6,3
2013300001500,2,9,0,4,0,0,0,0,0,0,1,1,2,2,8,1598,2,-1,7,3
2013300001500,3,9,0,11,7,0,0,0,0,0,2,1,2,1,6,1598,1,7,3,1
2013300001501,1,9,0,18,0,8,1,0,1,10,1,1,1,2,8,1229,1,2,-1,-1
2013300001501,2,9,0,9,0,6,0,0,0,0,1,1,3,2,8,998,1,2,-1,-1
2013300001505,1,9,0,4,0,0,0,0,0,0,2,1,6,2,4,1242,1,-1,8,3
2013300001505,2,9,0,16,0,0,1,0,1,4,1,1,1,1,7,1997,2,10,3,1
2013300001506,1,3,0,17,0,1,2,0,1,1,1,1,6,1,4,-1,-1,-1,7,1
2013300001507,1,9,0,16,0,0,1,0,8,4,1,1,6,1,4,1242,1,12,8,1
2013300001511,1,19,0,18,0,8,1,0,0,0,1,1,6,1,-1,2402,2,10,-1,-1
2013300001511,2,9,0,10,0,8,0,0,0,0,2,1,6,1,6,1761,1,13,2,1
2013300001515,1,9,0,18,0,0,1,0,0,0,4,1,6,1,6,1461,2,12,3,1
2013300001515,2,9,0,18,0,0,0,0,0,0,1,1,6,1,-1,1995,1,6,4,1
2013300001515,3,19,0,2,0,0,0,0,0,0,0,1,1,1,4,-1,-1,-1,8,1
2013300001517,1,9,0,9,0,6,0,0,0,0,1,1,6,1,10,1998,1,5,9,1
2013300001517,2,2,0,18,0,8,5,0,0,0,3,1,6,1,8,124,1,5,9,1
2013300001519,1,9,0,18,0,1,1,0,0,0,1,1,6,2,6,1461,2,-1,3,1
2013300001519,2,9,0,10,0,8,0,0,0,0,2,1,6,2,7,1360,1,2,7,1
2013300001521,1,9,0,9,0,6,0,0,0,0,1,1,2,2,6,1560,2,5,5,1
2013300001521,2,9,0,18,0,8,0,0,0,0,1,1,6,2,8,1396,1,11,1,1
2013300001522,1,9,0,14,0,8,0,0,0,0,3,1,6,2,5,1388,1,8,6,1
2013300001522,2,9,0,3,0,8,0,0,0,0,3,1,6,1,10,1560,2,2,6,1
2013300001522,3,9,0,2,0,8,0,0,0,0,3,1,1,1,5,1796,1,9,4,1
2013300001523,1,9,0,2,0,0,0,0,0,0,3,1,6,2,-1,1598,1,9,9,2
2013300001523,2,1,0,14,0,0,0,0,0,0,1,1,6,1,7,-1,-1,-1,9,2
2013300001525,1,1,0,16,0,8,0,0,0,0,1,1,1,1,6,-1,-1,-1,-1,-1
2013300001525,2,9,0,17,0,8,0,0,0,0,4,1,1,2,5,1229,1,6,6,1
2013300001533,1,3,0,4,0,0,0,0,0,0,0,1,6,1,5,124,1,4,-1,-1
2013300001534,1,1,0,5,0,1,0,0,0,0,3,1,6,1,2,-1,-1,-1,1,1
2013300001534,2,9,0,16,0,3,0,0,0,0,4,1,6,1,6,1997,1,1,7,1
2013300001535,1,9,0,10,0,8,0,0,0,0,2,1,1,2,7,2496,2,9,-1,-1
2013300001535,2,9,0,18,0,1,0,0,0,0,1,1,6,2,7,1998,2,6,-1,-1
2013300001537,1,9,0,5,0,0,0,4,0,0,1,1,6,1,7,1497,1,10,-1,-1
2013300001537,2,9,0,18,0,0,0,0,0,0,1,1,6,2,8,1870,2,3,-1,-1
2013300001537,3,9,0,2,0,0,0,0,0,0,1,1,6,3,6,1299,1,10,-1,-1
2013300001537,4,9,0,2,0,0,0,0,0,0,1,1,6,3,6,-1,-1,-1,-1,-1
2013300001537,5,9,0,2,0,0,0,0,0,0,1,1,6,3,8,999,1,2,-1,-1
2013300001539,1,9,0,5,0,1,0,0,0,0,1,1,6,2,11,1299,1,9,10,1
2013300001539,2,9,0,3,0,1,0,0,0,0,2,1,6,2,8,998,1,12,3,1
2013300001540,1,9,0,18,0,0,0,7,0,0,1,1,6,1,5,1242,1,2,3,1
2013300001541,1,1,0,3,0,1,0,0,0,0,4,1,6,2,7,-1,-1,-1,3,1
2013300001541,2,9,3,7,0,6,0,0,1,0,3,1,6,1,-1,1997,2,4,5,1
2013300001542,1,9,0,4,0,0,1,0,0,0,1,1,2,1,5,1242,1,7,8,1
2013300001542,2,9,0,4,0,0,0,0,0,0,4,1,2,1,7,1240,1,8,5,2
2013300001544,1,9,0,18,0,8,0,0,0,0,1,1,6,1,4,2143,2,-1,-1,-1
2013300001544,2,9,0,9,0,6,0,0,7,10,3,1,6,1,6,1968,2,-1,9,1
2013300001548,1,9,0,18,0,2,5,4,0,0,1,1,6,1,5,1149,1,5,3,1
2013300001548,2,9,0,2,0,2,0,4,0,0,2,1,6,1,8,2720,2,7,7,3
2013300001548,3,9,0,2,0,2,0,0,0,0,2,1,6,1,6,-1,-1,-1,4,1
2013300001557,1,11,0,9,0,6,0,0,0,0,1,1,1,1,9,4250,2,4,10,2
2013300001557,2,9,0,18,0,8,0,0,0,0,1,1,1,2,6,1560,2,-1,3,1
2013300001559,1,90,0,13,0,0,0,0,0,0,4,1,1,3,-1,-1,-1,-1,-1,-1
2013300001559,2,1,0,18,0,0,0,0,0,0,2,1,2,1,5,-1,-1,-1,-1,-1
2013300001561,1,9,0,4,0,0,0,0,0,0,4,1,2,2,-1,1198,1,1,-1,-1
2013300001569,1,1,0,18,0,0,0,0,0,0,3,1,6,1,4,-1,-1,-1,2,1
2013300001569,2,9,0,18,0,0,0,0,0,0,3,1,6,1,8,998,1,-1,6,1
2013300001570,1,9,0,2,0,0,0,0,0,0,2,1,1,1,7,1995,2,2,10,1
2013300001570,2,9,0,17,0,0,1,4,0,0,1,1,2,1,5,973,1,13,9,1
2013300001571,1,21,1,18,0,0,0,0,0,0,1,1,1,1,8,12130,2,9,3,1
2013300001581,1,11,0,4,0,0,0,0,0,0,0,1,1,2,7,7300,2,4,-1,-1
2013300001583,1,90,0,18,0,0,0,0,0,0,4,1,6,2,-1,-1,-1,-1,-1,-1
2013300001584,1,9,0,9,0,1,0,0,0,0,3,1,6,2,6,1598,1,4,8,1
2013300001584,2,1,0,18,0,1,0,0,0,0,1,1,2,1,-1,-1,-1,-1,-1,-1
2013300001585,1,9,0,9,0,5,0,0,0,0,4,1,6,2,5,1364,1,6,9,1
2013300001585,2,9,0,18,0,8,0,0,0,0,1,1,1,1,7,1997,2,9,-1,-1
2013300001585,3,9,0,10,0,1,0,0,0,0,3,1,1,2,6,1360,1,8,1,1
2013300001587,1,90,0,4,0,0,0,0,0,0,0,1,6,3,-1,-1,-1,-1,-1,-1
2013300001587,2,11,0,4,0,0,0,0,0,0,0,1,2,1,8,-1,2,16,1,1
2013300001590,1,9,0,18,0,7,0,0,0,0,1,1,6,1,5,1299,1,12,1,1
2013300001590,2,9,0,3,0,7,0,0,0,0,2,1,6,1,5,1598,1,3,1,1
2013300001592,1,9,0,13,0,1,0,0,0,0,4,1,6,1,10,1599,1,11,5,1
2013300001592,2,1,0,5,0,1,0,0,1,0,3,1,6,1,-1,-1,-1,-1,3,1
2013300001594,1,9,0,18,0,1,0,0,0,0,2,1,6,1,11,1905,2,14,7,1
2013300001594,2,9,0,10,0,8,0,0,0,0,0,1,6,1,8,1242,1,11,8,1
2013300001596,1,9,0,9,0,1,0,0,0,0,1,1,6,2,8,1198,1,6,4,1
2013300001596,2,1,0,17,0,1,2,0,0,0,1,1,6,2,8,-1,-1,-1,10,1
2013300001597,1,9,0,4,0,8,0,0,0,0,1,1,6,1,-1,1910,2,5,-1,-1
2013300001597,2,9,0,3,0,8,0,0,0,0,2,1,6,1,7,1242,1,13,9,1
2013300001600,1,9,0,18,0,0,1,0,0,0,1,1,6,1,4,1896,2,11,-1,-1
2013300001600,2,9,0,18,0,0,0,0,0,0,2,1,6,1,9,998,1,7,-1,-1
2013300001602,1,5,0,17,0,0,0,0,1,2,4,1,6,1,5,-1,-1,-1,-1,-1
2013300001610,1,8,0,18,0,0,0,11,0,0,1,1,6,1,9,1686,2,5,4,1
2013300001612,1,9,0,17,0,0,0,0,7,10,1,1,6,1,4,1590,1,10,1,1
2013300001615,1,9,0,5,0,0,0,0,0,0,3,1,6,2,7,1242,1,5,8,3
2013300001615,2,1,0,17,0,0,0,0,0,0,1,1,6,1,7,-1,-1,-1,8,1
2013300001617,1,9,0,18,0,1,0,0,0,0,1,1,6,1,6,1596,1,10,6,1
2013300001617,2,9,0,18,0,1,0,0,0,0,2,1,6,1,7,1995,1,11,1,1
2013300001617,3,9,0,11,0,1,0,0,0,0,0,1,6,1,-1,-1,-1,-1,-1,-1
2013300001620,1,9,0,18,0,1,0,0,0,0,1,1,6,1,5,1124,1,13,3,1
2013300001620,2,9,0,9,0,5,0,0,0,0,2,1,6,1,5,1753,2,10,2,2
2013300001628,1,9,0,16,0,0,0,0,0,0,1,1,6,1,4,1329,1,1,8,3
2013300001628,2,9,0,17,0,0,0,0,0,0,1,1,6,1,4,1798,8,-1,7,3
2013300001629,1,9,0,16,0,0,1,4,0,0,1,1,6,2,4,1242,1,13,6,1
2013300001629,2,9,0,2,0,0,0,0,0,0,1,1,1,1,6,1582,2,2,2,1
2013300001631,1,9,0,17,0,2,0,0,0,0,1,1,2,2,8,1598,1,8,4,1
2013300001634,1,3,0,18,0,8,0,0,0,0,0,1,1,1,4,-1,-1,-1,8,1
2013300001636,1,9,0,3,0,1,0,0,0,0,2,1,6,2,5,1364,1,6,2,1
2013300001636,2,9,0,18,0,1,0,0,0,0,1,1,6,1,-1,-1,-1,-1,-1,-1
2013300001638,1,9,0,18,0,6,0,0,1,0,3,1,6,1,10,1332,1,14,-1,-1
2013300001638,2,9,0,18,0,1,1,0,0,0,1,1,6,2,6,1149,1,11,-1,-1
2013300001643,1,9,0,18,0,0,0,0,0,0,1,1,6,3,-1,-1,-1,-1,-1,-1
2013300001643,2,1,0,18,0,0,0,0,0,0,3,1,6,1,3,-1,-1,-1,6,1
2013300001646,1,9,0,18,0,1,0,0,0,0,1,1,6,2,7,1598,1,9,2,1
2013300001646,2,9,0,10,0,8,0,0,0,0,2,1,2,2,6,1388,1,10,1,1
2013300001650,1,1,0,4,0,1,0,0,0,0,1,1,6,1,9,-1,-1,-1,7,1
2013300001650,2,9,4,7,0,5,0,0,0,0,3,1,6,1,8,-1,-1,-1,6,3
2013300001651,1,9,0,5,0,4,0,0,0,0,3,1,6,1,5,1398,1,7,9,1
2013300001651,2,1,0,18,0,8,0,0,0,0,1,1,6,1,6,-1,-1,-1,-1,-1
2013300001652,1,9,0,18,0,2,0,0,0,0,1,1,6,3,-1,-1,-1,-1,-1,-1
2013300001652,2,1,0,18,0,1,0,0,0,0,1,1,6,1,2,-1,-1,-1,-1,-1
2013300001653,1,19,0,17,0,0,5,0,0,0,3,1,1,1,8,1753,2,7,6,2
2013300001653,2,20,0,16,0,0,0,0,0,0,3,1,1,1,7,2143,2,4,3,1
2013300001654,1,9,0,9,0,1,0,0,0,0,1,1,6,1,6,1398,2,-1,1,1
2013300001654,2,9,0,5,0,1,0,0,0,0,2,1,6,1,6,1598,1,11,3,3
2013300001661,1,9,0,18,0,8,0,0,0,0,0,1,6,2,7,1598,2,2,3,2
2013300001661,2,9,0,12,0,7,0,0,0,0,0,1,6,2,-1,1995,1,11,4,1
2013300001662,1,11,0,7,0,5,0,0,0,0,0,1,1,1,6,7300,2,4,10,2
2013300001666,1,9,0,4,0,1,0,0,0,0,2,1,1,1,6,1995,2,-1,5,1
2013300001666,2,9,0,4,0,1,0,0,0,0,1,1,2,2,7,1560,2,4,7,1
2013300001666,3,9,0,4,0,1,0,0,0,0,1,1,1,1,5,1248,2,1,5,1
2013300001673,1,9,0,5,0,6,0,0,0,0,4,1,6,2,6,1248,2,7,1,1
2013300001673,2,11,0,5,0,8,0,0,0,0,1,1,1,2,7,-1,-1,-1,-1,-1
2013300001675,1,3,0,18,0,4,0,0,0,0,1,1,6,1,5,-1,-1,-1,10,1
2013300001675,2,19,0,9,0,4,0,0,0,0,3,1,2,1,9,2496,2,15,3,1