Accident_Index,Vehicle_Reference,Vehicle_Type,Towing_and_Articulation,Vehicle_Manoeuvre,Vehicle_Location-Restricted_Lane,Junction_Location,Skidding_and_Overturning,Hit_Object_in_Carriageway,Vehicle_Leaving_Carriageway,Hit_Object_off_Carriageway,1st_Point_of_Impact,Was_Vehicle_Left_Hand_Drive?,Journey_Purpose_of_Driver,Sex_of_Driver,Age_Band_of_Driver,Engine_Capacity_(CC),Propulsion_Code,Age_of_Vehicle,Driver_IMD_Decile,Driver_Home_Area_Type
2013300002136,1,5,0,18,0,0,1,0,1,0,0,1,2,1,8,645,1,9,5,1
2013300002154,1,9,0,18,0,0,2,0,1,7,1,1,6,2,6,1229,1,2,1,1
2013300002155,1,3,0,17,0,0,5,0,0,0,0,1,6,1,4,124,1,12,-1,-1
2013300002157,1,5,0,4,0,2,1,0,0,0,0,1,6,1,10,1340,1,17,8,1
2013300002160,1,9,0,5,0,6,0,0,0,0,3,1,6,1,9,2148,2,11,2,1
2013300002160,2,1,0,18,0,1,0,0,0,0,1,1,6,1,8,-1,-1,-1,2,1
2013300002161,1,9,0,4,0,2,0,0,0,0,2,1,2,1,8,1461,2,8,-1,-1
2013300002161,2,3,0,18,0,2,0,0,0,0,1,1,6,1,4,125,1,26,-1,-1
2013300002163,1,4,0,18,0,1,0,4,0,0,1,1,6,1,9,998,1,9,3,1
2013300002163,2,9,0,2,0,1,0,0,0,0,2,1,6,1,7,1560,2,3,2,1
2013300002172,1,9,0,18,0,4,0,0,0,0,4,1,6,3,-1,-1,-1,-1,-1,-1
2013300002172,2,9,0,18,0,3,0,0,0,0,2,1,6,2,8,1968,2,2,10,1
2013300002175,1,9,0,18,0,8,0,0,0,0,1,1,6,2,5,1995,2,3,6,1
2013300002175,2,21,1,17,0,3,0,0,0,0,3,1,1,1,7,12777,2,3,1,2
2013300002178,1,1,0,18,0,8,0,0,0,0,0,1,6,1,-1,-1,-1,-1,-1,-1
2013300002178,2,1,0,7,0,6,0,0,0,0,1,1,6,2,-1,-1,-1,-1,9,1
2013300002185,1,1,0,16,0,0,1,0,0,0,1,1,6,1,9,-1,-1,-1,2,1
2013300002189,1,20,0,17,0,0,0,0,1,7,1,1,2,1,8,-1,-1,-1,4,1
2013300002189,2,8,0,16,0,0,0,0,0,0,0,1,6,3,-1,-1,-1,-1,-1,-1
2013300002191,1,9,0,9,0,6,0,0,0,0,1,1,2,1,4,-1,-1,-1,7,1
2013300002191,2,3,0,4,0,8,0,0,0,0,1,1,6,1,4,-1,-1,-1,8,1
2013300002193,1,9,0,13,0,0,0,0,0,0,4,1,6,3,-1,-1,-1,-1,-1,-1
2013300002193,2,1,0,2,6,0,0,0,0,0,3,1,6,1,6,-1,-1,-1,-1,-1
2013300002194,1,9,4,16,0,0,0,0,0,0,3,1,1,1,8,2495,2,8,9,2
2013300002194,2,9,0,17,0,0,0,0,0,0,3,1,1,2,8,1956,2,-1,4,1
2013300002197,1,9,0,2,0,1,0,0,0,0,0,1,6,2,7,1390,1,14,-1,-1
2013300002197,2,9,0,18,0,2,0,0,0,0,1,1,1,1,8,-1,-1,-1,10,1
2013300002199,1,9,0,9,0,5,0,0,0,0,1,1,6,2,5,1587,1,14,1,1
2013300002199,2,9,0,18,0,8,0,0,0,0,1,1,6,1,11,796,1,14,3,1
2013300002202,1,9,0,3,0,1,0,4,0,0,1,1,6,2,-1,-1,-1,-1,-1,-1
2013300002202,2,9,0,3,0,1,0,0,0,0,2,1,6,2,7,-1,-1,-1,-1,-1
2013300002203,1,9,0,17,0,8,0,0,0,0,1,1,6,2,-1,2143,2,-1,10,1
2013300002203,2,9,0,7,0,3,0,0,0,0,0,1,6,2,-1,1598,1,10,8,3
2013300002204,1,9,0,18,0,1,0,0,0,0,1,1,6,2,-1,2148,2,9,2,1
2013300002204,2,9,0,3,0,1,0,0,0,0,2,1,6,2,6,1360,1,4,8,1
2013300002207,1,5,0,16,0,0,0,0,0,0,3,1,1,1,7,690,1,1,4,1
2013300002207,2,5,0,13,0,0,0,0,0,0,4,1,6,3,-1,-1,-1,-1,-1,-1
2013300002208,1,5,0,18,0,0,0,0,0,0,1,1,2,1,6,599,1,4,-1,-1
2013300002208,2,9,0,6,0,0,0,0,1,0,3,1,2,1,4,1968,2,4,8,2
2013300002210,1,9,0,18,0,1,1,0,1,7,1,1,6,1,5,1396,1,10,-1,-1
2013300002215,1,19,0,18,0,0,0,0,0,0,4,1,1,1,8,2198,2,1,-1,-1
2013300002215,2,1,0,18,0,0,0,0,0,0,3,1,6,2,7,-1,-1,-1,8,1
2013300002218,1,9,0,18,0,2,0,0,0,0,4,1,6,2,8,1388,1,6,-1,-1
2013300002222,1,9,0,4,0,0,0,0,0,0,2,1,2,1,5,1896,2,4,5,1
2013300002222,2,9,0,4,0,0,0,0,0,0,2,1,6,1,6,998,1,3,1,1
2013300002222,3,9,0,4,0,0,0,0,0,0,1,1,2,1,6,1339,8,3,4,1
2013300002223,1,9,0,7,0,1,0,0,0,0,4,1,6,1,4,1199,1,10,5,1
2013300002223,2,1,0,18,0,1,2,0,0,0,1,1,6,1,2,-1,-1,-1,-1,-1
2013300002224,1,9,0,7,0,8,0,0,0,0,0,1,2,1,9,1560,2,5,4,2
2013300002225,1,9,0,4,0,0,0,0,0,0,2,1,6,1,8,2435,1,16,9,3
2013300002225,2,9,0,4,0,0,0,0,0,0,2,1,1,1,7,1560,2,-1,-1,-1
2013300002225,3,9,0,4,0,0,0,0,0,0,1,1,6,2,8,1560,2,-1,4,2
2013300002229,1,5,0,18,0,0,1,0,0,0,0,1,6,2,7,599,1,15,7,1
2013300002229,2,9,0,4,0,0,0,0,0,0,0,1,6,1,9,1171,1,13,7,2
2013300002239,1,9,0,7,0,6,0,0,0,0,3,1,6,2,6,1197,1,2,-1,-1
2013300002239,2,19,0,7,0,6,0,0,0,0,4,1,1,1,9,-1,-1,-1,-1,-1
2013300002242,1,19,0,18,0,8,0,0,0,0,1,1,1,1,8,2198,2,-1,6,3
2013300002242,2,21,1,18,0,8,1,0,0,0,1,1,1,1,6,10837,2,3,6,1
2013300002248,1,9,0,18,0,0,0,0,8,10,3,1,6,1,10,1598,1,6,6,1
2013300002248,2,8,0,18,0,0,0,0,0,0,1,1,1,1,9,2902,2,7,7,1
2013300002250,1,1,0,18,0,8,0,0,0,0,1,1,6,1,7,-1,-1,-1,6,3
2013300002250,2,9,0,9,0,5,0,0,0,0,4,1,1,1,9,-1,-1,-1,4,1
2013300002254,1,21,1,17,0,0,5,0,1,0,4,1,1,1,8,10518,2,-1,3,1
2013300002255,1,9,0,5,0,0,0,0,0,0,1,1,6,2,-1,-1,-1,-1,-1,-1
2013300002255,2,1,0,18,0,0,0,0,0,0,3,1,6,2,7,-1,-1,-1,1,1
2013300002258,1,9,0,3,0,0,0,0,0,0,2,1,6,1,10,1769,1,9,-1,-1
2013300002258,2,9,0,4,0,0,0,0,0,0,2,1,6,1,9,1197,1,-1,-1,-1
2013300002258,3,9,0,18,0,0,0,0,0,0,1,1,6,2,4,1149,1,9,-1,-1
2013300002260,1,9,0,4,0,0,0,0,0,0,1,1,6,1,-1,1796,1,11,1,1
2013300002260,2,9,0,4,0,0,0,0,0,0,2,1,2,2,5,1398,1,1,7,3
2013300002262,1,9,0,18,0,2,0,0,0,0,3,1,6,3,-1,-1,-1,-1,-1,-1
2013300002262,2,9,0,18,0,1,0,0,0,0,3,1,6,2,8,1364,1,8,5,1
2013300002267,1,9,0,18,0,0,0,0,7,0,3,1,6,1,10,1461,2,2,9,1
2013300002273,1,9,0,9,0,4,0,0,0,0,1,1,2,1,8,1399,2,1,10,2
2013300002273,2,1,0,18,0,8,0,0,0,0,4,1,2,1,6,-1,-1,-1,-1,-1
2013300002276,1,9,0,18,0,1,0,0,0,0,1,1,6,1,11,1299,1,7,3,1
2013300002276,2,9,0,18,0,1,0,0,0,0,2,1,1,1,8,1560,2,1,9,1
2013300002276,3,9,0,18,0,4,0,0,0,0,2,1,6,1,9,1587,1,10,3,1
2013300002279,1,9,0,4,0,0,0,0,0,0,2,1,1,2,6,1598,2,2,3,2
2013300002279,2,9,0,18,0,0,0,0,0,0,1,1,6,1,5,1781,1,12,2,2
2013300002280,1,9,0,18,0,8,0,0,0,0,1,1,6,2,8,1397,1,10,5,1
2013300002280,2,1,0,18,0,6,0,0,0,0,3,1,6,2,2,-1,-1,-1,2,1
2013300002281,1,9,0,4,0,0,0,0,0,0,1,1,6,2,9,1360,1,9,8,1
2013300002281,2,9,0,4,0,0,0,0,0,0,2,1,6,1,9,1364,1,7,5,1
2013300002284,1,9,0,4,0,1,0,0,0,0,1,1,2,1,5,-1,-1,-1,2,1
2013300002284,2,9,0,3,0,1,0,0,0,0,2,1,2,2,9,1896,2,9,7,1
2013300002291,1,11,0,14,0,0,0,0,0,0,0,1,6,1,6,-1,-1,-1,-1,-1
2013300002291,2,19,0,2,0,0,0,0,0,0,0,1,1,1,7,2148,2,4,1,1
2013300002294,1,9,0,18,0,0,1,0,0,0,1,1,2,2,8,1560,2,8,7,3
2013300002294,2,9,0,18,0,0,0,0,7,10,1,1,2,2,8,1229,1,4,7,3
2013300002296,1,9,0,18,0,1,0,0,0,0,1,1,1,1,9,1968,2,1,5,1
2013300002296,2,1,0,3,0,1,0,0,0,0,2,1,2,1,6,-1,-1,-1,3,1
2013300002299,1,1,0,4,0,1,0,0,0,0,1,1,6,1,2,-1,-1,-1,3,1
2013300002299,2,9,0,8,0,1,0,0,0,0,4,1,1,1,6,1390,1,11,4,1
2013300002300,1,9,0,16,0,0,0,0,7,0,1,1,2,1,4,1149,1,8,9,2
2013300002300,2,9,0,18,0,0,0,0,0,0,1,1,6,1,6,1598,1,7,5,1
2013300002301,1,9,0,9,0,5,0,0,0,0,1,1,6,1,8,1798,1,9,2,1
2013300002301,2,1,0,15,4,8,0,0,0,0,1,1,6,1,6,-1,-1,-1,1,1
2013300002301,3,11,0,3,0,1,0,0,0,0,0,1,1,3,-1,-1,-1,-1,-1,-1
2013300002305,1,5,0,17,0,2,0,0,2,1,1,1,6,1,5,649,1,1,9,1
2013300002306,1,9,0,17,0,0,2,0,7,0,0,1,2,1,5,-1,-1,-1,5,1
2013300002307,1,9,0,18,0,1,0,0,0,0,1,1,6,1,9,1086,1,3,9,2
2013300002317,1,9,0,5,0,6,0,0,0,0,1,1,6,1,9,1753,2,10,7,1
2013300002317,2,9,0,18,0,8,0,0,0,0,1,1,1,1,6,-1,-1,-1,-1,-1
2013300002321,1,9,0,18,0,8,0,0,7,10,4,1,6,2,8,1388,1,9,-1,-1
2013300002321,2,9,0,5,0,6,0,0,0,0,3,1,6,1,8,2171,2,13,-1,-1
2013300002322,1,9,0,9,0,6,0,0,0,0,1,1,6,2,5,2401,2,6,4,1
2013300002322,2,9,0,18,0,8,0,0,0,0,1,1,6,1,9,1997,2,3,10,2
2013300002323,1,9,0,4,0,0,0,0,0,0,2,1,2,1,6,2926,2,10,4,1
2013300002323,2,9,0,18,0,0,1,0,0,0,1,1,2,1,4,1242,1,6,5,1
2013300002324,1,9,0,18,0,0,0,0,0,0,1,1,6,1,7,1388,1,9,5,1
2013300002324,2,9,0,18,0,0,0,0,0,0,1,1,6,1,9,1968,2,3,9,2
2013300002328,1,9,0,17,0,0,1,0,0,0,1,1,6,1,4,1299,1,15,10,1
2013300002328,2,9,0,16,0,0,0,0,0,0,1,1,6,1,9,1999,1,6,10,2
2013300002329,1,9,0,18,0,0,1,0,4,6,1,1,2,2,6,1588,1,10,3,1
2013300002330,1,9,0,9,0,3,0,0,0,0,1,1,1,1,6,998,1,10,2,1
2013300002331,1,9,0,9,0,6,0,0,0,0,2,1,6,1,7,1796,1,10,-1,-1
2013300002331,2,9,0,18,0,8,0,0,0,0,1,1,6,1,4,1598,1,-1,-1,-1
2013300002333,1,9,0,18,0,2,1,0,0,0,1,1,6,1,5,1896,2,10,1,1
2013300002333,2,9,0,18,0,1,0,0,0,0,3,1,6,1,10,2776,2,6,1,1
2013300002333,3,9,0,18,0,1,0,0,0,0,1,1,6,1,8,1248,2,7,7,1
2013300002334,1,9,0,17,0,2,5,0,7,5,1,1,6,1,9,1995,2,8,7,3
2013300002335,1,9,0,9,0,5,0,0,0,0,3,1,6,2,11,1242,1,6,9,1
2013300002335,2,3,0,13,0,8,0,0,0,0,1,1,1,1,4,-1,-1,-1,6,3
2013300002338,1,9,0,18,0,0,1,0,0,0,1,1,6,1,6,1781,1,9,2,1
2013300002338,2,9,0,18,0,0,0,0,1,0,1,1,6,1,8,1364,1,4,10,1
2013300002340,1,9,0,9,0,6,0,0,0,0,1,1,6,1,11,998,1,3,-1,-1
2013300002340,2,9,0,18,0,8,0,0,0,0,1,1,1,1,8,-1,-1,-1,-1,-1
2013300002343,1,9,0,14,0,8,0,0,0,0,1,1,6,2,10,1242,1,9,10,2
2013300002343,2,9,0,9,0,6,0,0,0,0,3,1,1,2,7,1798,1,5,4,1
2013300002343,3,90,0,2,0,1,0,0,0,0,0,1,6,3,-1,-1,-1,-1,-1,-1
2013300002346,1,9,0,17,0,0,0,0,0,0,1,1,6,1,10,1598,1,1,5,1
2013300002346,2,4,0,16,0,0,0,0,0,0,1,1,6,1,8,1584,1,6,1,1
2013300002347,1,9,0,7,0,6,0,0,0,0,1,1,6,2,4,998,1,9,8,1
2013300002347,2,9,0,18,0,8,0,0,0,0,1,1,6,1,7,1951,2,8,2,1
2013300002347,3,19,0,18,0,1,0,0,0,0,3,1,6,1,5,2198,2,1,-1,-1
2013300002354,1,5,0,18,0,8,0,0,0,0,1,1,6,1,9,997,1,6,5,1
2013300002354,2,9,0,9,0,6,0,0,0,0,3,1,6,2,7,1339,1,8,8,3
2013300002357,1,9,0,9,0,5,0,0,0,0,4,1,6,2,6,1896,2,9,5,3
2013300002357,2,1,0,18,0,8,0,0,0,0,1,1,6,1,6,-1,-1,-1,-1,-1
2013300002358,1,9,0,18,0,0,0,0,0,0,3,1,2,1,6,-1,-1,-1,1,1
2013300002359,1,9,0,18,0,2,0,0,0,0,4,1,6,1,5,2521,1,6,7,1
2013300002359,2,1,0,12,0,2,0,0,0,0,3,1,6,1,8,-1,-1,-1,1,1
2013300002360,1,9,0,16,0,0,0,0,7,0,1,1,6,1,7,1994,1,11,2,1
2013300002363,1,1,0,18,0,8,0,0,0,0,2,1,2,2,6,-1,-1,-1,2,1
2013300002363,2,9,0,9,0,5,0,0,0,0,1,1,1,1,6,1997,2,-1,-1,-1
2013300002364,1,9,0,18,0,0,0,4,0,0,1,1,6,2,4,1248,2,-1,7,3
2013300002364,2,9,0,2,0,0,0,0,0,0,2,1,6,2,7,1968,2,5,6,3
2013300002366,1,9,0,10,0,8,0,0,0,0,2,1,6,1,10,1596,1,3,1,1
2013300002366,2,9,0,18,0,1,0,0,0,0,1,1,6,2,7,3199,1,13,9,1
2013300002376,1,11,0,4,0,0,0,0,0,0,4,1,1,1,8,4500,2,1,-1,-1
2013300002383,1,8,0,18,0,0,0,0,1,7,3,1,6,2,6,1339,1,6,10,2
2013300002383,2,9,0,18,0,0,0,0,5,6,4,1,6,1,9,1590,1,21,10,1
2013300002385,1,3,0,18,0,0,0,0,0,0,1,1,6,1,5,125,1,2,-1,-1
2013300002385,2,9,0,3,0,0,0,0,0,0,2,1,6,2,5,1896,2,6,-1,-1
2013300002387,1,9,0,16,0,1,0,0,1,1,4,1,6,1,7,1968,2,5,5,1
2013300002387,2,9,0,17,0,2,0,0,0,0,0,1,6,3,-1,-1,-1,-1,-1,-1
2013300002387,3,9,0,18,0,2,0,0,0,0,0,1,6,3,-1,-1,-1,-1,-1,-1
2013300002392,1,9,0,7,0,4,0,0,0,0,1,1,6,1,4,1199,1,9,10,2
2013300002392,2,9,0,18,0,8,0,0,0,0,4,1,6,1,-1,1796,1,6,9,1
2013300002394,1,9,0,18,0,0,2,0,1,10,4,1,6,1,8,1598,1,5,2,1
2013300002399,1,9,0,18,0,0,0,0,0,0,4,1,6,1,9,1596,1,12,9,1
2013300002404,1,9,0,9,0,6,0,0,0,0,3,1,6,2,7,1497,1,13,8,3
2013300002404,2,5,0,16,0,8,0,0,0,0,1,1,6,1,7,749,1,15,-1,-1
2013300002411,1,9,0,4,0,0,0,0,0,0,2,1,2,2,7,1598,2,2,3,1
2013300002411,2,9,0,18,0,0,0,0,0,0,1,1,2,1,6,2000,2,2,5,2
2013300002412,1,9,0,2,0,0,0,0,0,0,3,1,6,2,10,1598,2,-1,10,3
2013300002412,2,1,0,14,0,0,1,4,0,0,4,1,6,1,9,-1,-1,-1,1,1
2013300002413,1,9,0,7,0,6,0,0,0,0,1,1,6,1,-1,2495,2,28,5,2
2013300002414,1,11,0,18,0,0,0,0,0,0,0,1,1,1,7,9360,2,4,3,1
2013300002420,1,9,0,4,0,8,0,0,0,0,2,1,6,2,8,1582,2,2,-1,-1
2013300002420,2,9,0,4,0,1,0,0,0,0,1,1,6,2,7,1995,2,1,-1,-1
2013300002422,1,9,0,18,0,1,0,0,0,0,1,1,6,2,6,1997,2,3,10,1
2013300002422,2,9,0,3,0,4,0,0,0,0,2,1,1,1,6,1360,1,6,7,1
2013300002424,1,2,0,7,0,5,2,0,0,0,4,1,6,1,4,49,1,5,6,1
2013300002424,2,1,0,14,0,8,2,0,0,0,1,1,6,1,8,-1,-1,-1,5,1
2013300002424,3,9,0,18,0,8,1,0,0,0,1,1,6,1,7,1796,1,12,5,1
2013300002427,1,9,0,18,0,0,0,0,0,0,2,1,6,2,8,1794,1,11,8,3
2013300002427,2,4,0,18,0,0,0,0,0,0,2,1,6,1,8,124,1,5,8,2
2013300002427,3,9,0,18,0,0,0,0,0,0,1,1,6,2,9,998,1,-1,6,3
2013300002430,1,9,0,5,0,6,0,0,0,0,1,1,1,1,-1,1390,1,2,5,1
2013300002430,2,1,0,18,0,8,0,0,0,0,1,1,6,1,2,-1,-1,-1,4,1
2013300002432,1,9,0,17,0,0,0,0,7,0,1,1,6,2,7,1242,1,2,6,3
2013300002432,2,9,0,2,9,0,0,0,0,0,2,1,6,1,7,1995,2,6,9,1
2013300002440,1,1,0,18,0,8,0,0,0,0,1,1,6,2,8,-1,-1,-1,9,1
2013300002440,2,9,0,9,0,6,0,0,0,0,2,1,6,1,11,1896,2,9,10,1
2013300002441,1,9,0,2,0,2,0,0,0,0,2,1,6,1,-1,1994,1,14,2,1
2013300002441,2,1,0,14,0,2,0,4,0,0,1,1,6,1,6,-1,-1,-1,2,1
2013300002442,1,3,0,18,0,0,1,0,0,0,1,1,2,1,6,124,1,4,3,1
2013300002442,2,11,0,3,0,0,0,0,0,0,1,1,1,1,8,4250,2,4,8,1
2013300002443,1,2,0,16,0,0,1,0,0,0,3,1,6,1,4,49,1,6,5,1
2013300002444,1,9,0,18,0,7,0,0,0,0,1,1,1,1,7,-1,-1,-1,3,1
2013300002444,2,9,0,18,0,7,0,0,0,0,2,1,6,1,7,1360,1,12,5,1
2013300002444,3,19,0,18,0,7,0,0,0,0,2,1,1,1,6,2198,2,6,2,1
2013300002446,1,9,0,1,9,6,0,0,0,0,2,1,6,2,10,1390,1,6,4,1
2013300002447,1,9,0,16,0,1,1,0,0,0,3,1,6,1,-1,1753,2,12,4,1
2013300002447,2,9,0,17,0,2,0,0,0,0,1,1,2,2,-1,1598,1,1,1,1
2013300002449,1,8,0,4,0,1,0,0,0,0,3,1,1,1,6,-1,-1,-1,1,1
2013300002450,1,9,0,17,0,0,1,0,0,0,1,1,6,1,7,1910,2,5,10,1
2013300002450,2,9,0,16,0,0,0,0,0,0,1,1,6,1,10,2204,2,5,10,3
2013300002451,1,9,0,3,0,1,0,0,0,0,2,1,2,2,7,998,1,3,7,1
2013300002451,2,19,0,3,0,1,0,0,0,0,2,1,1,1,5,2143,2,-1,1,1
2013300002451,3,9,0,4,0,1,0,0,0,0,1,1,2,2,8,1612,1,2,-1,-1
2013300002452,1,19,0,18,0,1,1,0,1,0,1,1,1,1,8,2400,2,10,2,1
2013300002452,2,9,0,10,0,8,0,0,7,0,2,1,2,1,7,1781,1,10,2,1
2013300002459,1,19,0,18,0,0,0,0,0,0,4,1,6,3,-1,-1,-1,-1,-1,-1
2013300002461,1,9,0,3,0,1,0,0,0,0,2,1,6,1,7,1984,1,10,-1,-1
2013300002461,2,8,0,5,0,1,0,0,0,0,1,1,1,2,8,1560,2,2,3,1
2013300002465,1,9,0,16,0,8,5,0,1,10,1,1,6,1,4,998,1,10,3,2
2013300002472,1,9,0,10,0,1,0,0,0,0,2,1,6,1,6,1392,1,16,2,1
2013300002472,2,9,0,18,0,1,0,0,0,0,1,1,6,1,6,1796,1,10,2,1
2013300002474,1,9,0,18,0,6,0,0,0,0,4,1,6,2,6,1398,2,6,-1,-1
2013300002474,2,9,0,18,0,8,1,0,0,0,1,1,1,1,7,-1,-1,-1,7,1
2013300002475,1,9,0,9,0,6,0,0,0,0,1,1,2,2,4,1389,1,12,-1,-1
2013300002475,2,2,0,18,0,8,5,0,0,0,4,1,1,1,4,49,1,2,-1,-1
2013300002478,1,9,0,18,0,8,0,0,0,0,1,1,2,2,7,1299,1,11,3,1
2013300002478,2,9,0,9,0,5,0,0,0,0,1,1,6,2,7,1997,2,8,1,1
2013300002482,1,9,0,1,0,6,0,0,0,0,2,1,6,2,-1,1896,2,12,-1,-1
2013300002482,2,9,0,18,0,8,0,0,0,0,1,1,6,2,6,1599,1,9,-1,-1
2013300002483,1,9,0,1,0,8,0,0,0,0,2,1,6,3,-1,-1,-1,-1,-1,-1
2013300002484,1,9,0,18,0,0,0,0,0,0,1,1,6,2,8,1598,1,5,2,1
2013300002484,2,9,0,3,0,0,0,0,0,0,2,1,6,1,8,1896,2,5,9,1
2013300002484,3,9,0,3,0,0,0,0,0,0,2,1,6,1,5,1199,2,2,5,1
2013300002486,1,4,0,17,0,0,0,0,1,7,4,1,6,1,4,125,1,8,9,1
2013300002489,1,9,0,9,0,1,0,0,0,0,1,1,1,1,5,1995,2,1,-1,-1
2013300002489,2,9,0,7,0,2,0,0,0,0,1,1,2,2,7,1299,1,16,4,1
2013300002490,1,9,0,18,0,1,0,0,0,0,1,1,2,1,6,2151,2,13,-1,-1
2013300002493,1,90,0,9,0,5,0,0,0,0,3,1,6,1,8,2800,2,3,-1,-1
2013300002493,2,9,0,13,0,8,5,0,0,0,4,1,6,1,6,1108,1,16,-1,-1
2013300002494,1,9,0,9,0,8,0,0,0,0,2,1,6,1,8,1796,1,5,9,1
2013300002494,2,9,0,3,0,8,0,0,0,0,1,1,6,1,-1,1598,1,13,5,1
2013300002495,1,9,0,16,0,0,1,0,1,2,4,1,6,1,4,1199,1,12,8,1
2013300002496,1,9,0,18,0,0,0,0,0,0,1,1,6,2,6,-1,-1,-1,6,1
2013300002501,1,9,0,9,0,6,0,0,0,0,1,1,6,1,4,-1,-1,-1,10,1
2013300002501,2,9,0,18,0,8,0,0,0,0,3,1,6,2,8,1390,1,3,10,1
2013300002502,1,9,0,14,0,0,0,0,0,0,4,1,1,1,8,-1,-1,-1,-1,-1
2013300002502,2,11,0,2,0,0,0,0,0,0,0,1,1,1,-1,9000,2,10,-1,-1
2013300002503,1,1,0,15,0,8,0,0,0,0,1,1,2,1,7,-1,-1,-1,-1,-1
2013300002503,2,9,0,9,0,5,0,0,0,0,4,1,6,2,6,2777,2,5,-1,-1
2013300002504,1,9,0,16,0,2,1,0,1,10,1,1,2,1,6,1461,2,11,2,1
2013300002511,1,9,0,9,0,4,0,0,0,0,3,1,6,1,4,998,1,8,5,1
2013300002511,2,9,0,18,0,8,0,0,0,0,1,1,6,3,-1,-1,-1,-1,-1,-1
2013300002516,1,9,0,4,0,2,0,0,0,0,1,1,3,2,4,1997,2,2,9,1
2013300002520,1,9,0,10,0,8,0,0,0,0,2,1,6,2,6,1596,1,9,-1,-1
2013300002520,2,5,0,4,0,1,0,0,0,0,1,1,6,1,9,647,1,10,-1,-1
2013300002521,1,9,0,18,0,1,0,0,0,0,1,1,2,1,7,1999,1,6,10,2
2013300002521,2,9,0,8,0,1,0,0,0,0,2,1,2,2,6,1400,2,6,10,2
2013300002522,1,9,0,18,0,0,0,0,7,10,1,1,6,1,8,1998,2,1,8,3
2013300002523,1,9,0,17,0,0,1,0,8,10,1,1,6,1,4,1299,1,10,7,1
2013300002523,2,9,0,16,0,0,0,0,0,0,1,1,6,1,4,1242,1,15,2,1
2013300002533,1,9,0,18,0,6,0,0,0,0,3,1,6,2,8,2893,1,2,10,1
2013300002533,2,9,0,17,0,8,0,0,0,0,4,1,6,1,11,2143,2,3,3,1
2013300002534,1,9,0,18,0,1,0,4,0,0,1,1,2,1,6,1360,1,12,6,1
2013300002534,2,9,0,3,0,1,0,0,0,0,2,1,6,2,9,1910,2,4,5,2
2013300002536,1,9,0,5,0,6,0,0,0,0,1,1,6,1,8,-1,-1,-1,3,1
2013300002536,2,9,0,18,0,8,0,0,0,0,1,1,6,1,8,1995,2,2,8,1
2013300002540,1,21,1,17,0,0,3,0,2,10,1,1,1,1,8,10308,2,-1,1,1
2013300002543,1,9,0,18,0,0,0,4,0,0,1,1,6,2,6,998,1,12,-1,-1
2013300002543,2,9,0,2,0,0,0,0,0,0,1,1,6,1,6,1796,1,10,3,1
2013300002546,1,9,0,18,0,0,0,0,4,6,3,1,6,1,7,-1,-1,-1,2,1
2013300002547,1,8,0,18,0,1,0,0,0,0,1,1,6,1,8,1997,2,5,7,1
2013300002547,2,90,0,9,0,1,0,0,0,0,1,1,6,1,-1,-1,-1,-1,-1,-1
2013300002548,1,9,0,18,0,0,2,4,0,0,1,1,6,2,4,1124,1,15,1,1
2013300002548,2,9,0,2,0,0,0,0,0,0,1,1,6,2,-1,998,1,-1,7,1
2013300002548,3,9,0,2,0,0,0,0,0,0,2,1,6,2,-1,1598,1,11,7,1
2013300002550,1,9,0,9,0,5,0,0,0,0,3,1,6,1,7,998,1,4,5,1
2013300002554,1,9,0,18,0,0,1,0,0,0,1,1,6,1,-1,2495,2,11,-1,-1
2013300002554,2,9,0,4,0,0,0,0,0,0,1,1,6,1,6,1799,1,7,5,1
2013300002555,1,9,0,9,0,6,0,0,0,0,1,1,6,2,11,1597,1,14,9,1
2013300002555,2,9,0,18,0,8,0,0,0,0,1,1,6,2,11,3996,1,12,9,1
2013300002557,1,19,0,18,0,1,0,0,0,0,1,1,1,1,7,2298,2,-1,1,1
2013300002557,2,19,0,10,0,8,0,0,0,0,2,1,1,1,6,2402,2,8,10,2
2013300002559,1,11,0,18,0,0,0,0,0,0,0,1,6,1,9,7300,2,4,7,1
2013300002562,1,1,0,13,0,0,0,0,0,0,1,1,6,1,-1,-1,-1,-1,10,1
2013300002562,2,9,0,6,0,0,0,0,0,0,3,1,6,1,8,1900,2,7,9,1
2013300002565,1,9,0,9,0,5,0,0,0,0,3,1,6,1,8,1497,1,8,-1,-1
2013300002565,2,5,0,13,0,8,0,0,0,0,1,1,6,1,7,600,1,13,-1,-1
2013300002568,1,9,0,18,9,0,0,10,1,0,4,1,6,3,-1,-1,-1,-1,-1,-1
2013300002571,1,9,0,9,0,6,0,0,0,0,3,1,6,2,7,1596,1,11,2,1
2013300002571,2,4,0,18,0,8,0,0,0,0,1,1,6,1,5,498,1,19,-1,-1
2013300002577,1,9,0,18,0,0,1,0,0,0,1,1,2,1,6,-1,-1,-1,10,2
2013300002577,2,9,0,18,0,0,0,4,1,10,1,2,6,1,7,-1,-1,-1,2,1
2013300002588,1,9,0,5,0,1,0,0,0,0,1,1,6,2,4,1700,2,12,8,2
2013300002590,1,9,0,9,0,5,0,0,0,0,1,1,6,1,4,998,1,4,9,3