Accident_Index,Vehicle_Reference,Vehicle_Type,Towing_and_Articulation,Vehicle_Manoeuvre,Vehicle_Location-Restricted_Lane,Junction_Location,Skidding_and_Overturning,Hit_Object_in_Carriageway,Vehicle_Leaving_Carriageway,Hit_Object_off_Carriageway,1st_Point_of_Impact,Was_Vehicle_Left_Hand_Drive?,Journey_Purpose_of_Driver,Sex_of_Driver,Age_Band_of_Driver,Engine_Capacity_(CC),Propulsion_Code,Age_of_Vehicle,Driver_IMD_Decile,Driver_Home_Area_Type
2013300002590,2,1,0,18,0,8,0,0,0,0,3,1,6,1,9,-1,-1,-1,-1,-1
2013300002593,1,21,1,18,0,0,0,0,1,7,4,1,1,1,9,-1,-1,-1,3,3
2013300002596,1,9,0,2,9,1,0,0,0,0,3,1,6,1,5,1299,1,13,4,1
2013300002596,2,1,0,14,0,1,5,4,0,0,1,1,6,1,6,-1,-1,-1,-1,-1
2013300002598,1,3,0,18,0,0,0,0,1,10,0,1,2,2,7,124,1,1,4,1
2013300002598,2,20,0,13,0,0,0,0,0,0,0,1,6,3,-1,-1,-1,-1,-1,-1
2013300002600,1,9,0,18,0,0,0,0,0,0,0,1,6,1,7,2720,2,5,8,3
2013300002601,1,9,0,9,0,6,0,0,0,0,3,1,6,1,11,1242,1,12,5,1
2013300002601,2,9,0,18,0,8,0,0,0,0,1,1,6,1,11,1598,1,15,5,1
2013300002604,1,9,0,9,0,6,0,0,0,0,3,1,6,1,11,2776,2,9,5,1
2013300002604,2,19,0,18,0,8,0,0,0,0,1,1,1,1,7,1248,2,3,-1,-1
2013300002604,3,9,0,8,0,1,0,0,0,0,3,1,1,2,7,1753,2,11,-1,-1
2013300002605,1,9,0,18,0,0,0,0,0,0,1,2,2,1,5,-1,-1,-1,4,1
2013300002605,2,9,0,4,0,0,0,0,0,0,2,1,2,2,8,1998,1,14,5,1
2013300002607,1,11,0,18,0,0,0,11,0,0,4,1,1,1,9,10000,2,15,-1,-1
2013300002607,2,9,0,18,0,0,0,11,0,0,1,1,6,1,4,1868,2,14,-1,-1
2013300002608,1,9,0,9,0,6,0,0,0,0,1,1,6,1,6,1560,2,7,3,1
2013300002608,2,9,0,18,0,8,0,0,0,0,4,1,6,2,8,1389,1,16,3,1
2013300002610,1,9,0,18,0,3,0,0,1,7,3,1,2,2,5,1388,1,5,6,2
2013300002610,2,21,1,11,0,3,0,0,0,0,4,1,1,1,10,12900,2,1,-1,-1
2013300002611,1,9,0,14,0,8,0,0,0,0,1,1,6,1,8,-1,-1,-1,9,1
2013300002611,2,9,0,3,0,8,0,1,0,0,1,1,6,1,9,-1,-1,-1,5,2
2013300002611,3,9,0,5,0,6,0,0,0,0,0,1,6,2,5,-1,-1,-1,-1,-1
2013300002616,1,9,0,16,0,0,0,0,1,9,1,1,6,1,6,2198,1,10,-1,-1
2013300002617,1,5,0,18,0,4,2,9,0,0,1,1,6,1,8,1000,1,5,9,1
2013300002622,1,9,0,16,0,1,2,0,7,4,1,1,6,1,5,1994,1,13,2,1
2013300002624,1,9,0,18,0,0,0,0,0,0,1,1,6,2,10,1968,2,7,9,1
2013300002626,1,9,0,1,0,0,0,0,0,0,2,1,6,1,7,2179,2,2,-1,-1
2013300002628,1,9,0,4,0,8,0,0,0,0,1,1,2,1,8,1461,2,2,7,3
2013300002628,2,9,0,4,0,4,0,0,0,0,3,1,2,1,7,1398,2,2,3,2
2013300002630,1,19,0,13,0,0,0,0,0,0,0,1,6,3,-1,-1,-1,-1,-1,-1
2013300002630,2,1,0,18,0,0,0,0,0,0,0,1,6,1,7,-1,-1,-1,-1,-1
2013300002631,1,9,0,18,0,0,0,0,0,0,1,1,6,1,7,-1,-1,-1,3,1
2013300002631,2,9,0,18,0,0,0,0,0,0,1,1,6,1,7,1598,2,2,-1,-1
2013300002634,1,9,0,12,0,0,0,0,0,0,0,1,6,3,-1,-1,-1,-1,-1,-1
2013300002634,2,9,0,18,0,0,1,0,5,6,1,1,6,1,7,1596,1,11,10,1
2013300002639,1,9,0,12,0,0,0,0,0,0,3,1,6,2,-1,1596,1,11,4,1
2013300002639,2,11,0,18,0,0,1,0,0,0,1,1,1,1,8,10000,2,22,-1,-1
2013300002642,1,9,0,18,0,0,0,0,0,0,1,1,6,2,-1,1242,1,8,2,1
2013300002642,2,9,0,18,0,0,0,0,0,0,2,1,6,1,-1,1900,2,13,1,1
2013300002645,1,9,0,18,0,0,0,0,0,0,1,1,6,3,-1,-1,-1,-1,-1,-1
2013300002646,1,9,0,4,0,0,0,0,0,0,3,1,6,1,7,1998,1,9,3,1
2013300002646,2,90,0,18,0,0,0,0,0,0,1,1,6,1,11,-1,-1,-1,3,1
2013300002647,1,9,0,18,0,0,0,0,0,0,4,1,2,2,6,1598,1,3,4,1
2013300002651,1,9,0,7,0,6,0,0,0,0,1,1,6,2,-1,1299,1,12,3,1
2013300002651,2,9,0,18,0,8,0,0,0,0,4,1,6,1,11,1988,1,15,-1,-1
2013300002655,1,90,0,18,0,1,0,0,0,0,2,1,6,3,-1,-1,-1,-1,-1,-1
2013300002655,2,9,0,3,0,1,0,0,0,0,2,1,6,2,8,1149,1,9,1,1
2013300002655,3,90,0,3,0,1,0,0,0,0,2,1,6,3,-1,-1,-1,-1,-1,-1
2013300002658,1,9,0,9,0,5,0,0,0,0,2,1,6,1,5,1364,1,6,-1,-1
2013300002658,2,9,0,18,0,1,0,0,0,0,1,1,1,1,9,2099,1,10,2,1
2013300002658,3,9,0,18,0,1,0,0,0,0,1,1,1,1,7,-1,-1,-1,-1,-1
2013300002665,1,9,0,9,0,4,0,0,0,0,3,1,6,1,5,-1,-1,-1,7,1
2013300002665,2,1,0,17,0,8,0,0,0,0,1,1,6,1,7,-1,-1,-1,10,1
2013300002668,1,9,0,18,0,3,0,0,0,0,1,1,6,1,7,1598,1,6,5,1
2013300002668,2,9,0,18,0,3,0,0,0,0,2,1,6,1,6,1997,1,12,3,1
2013300002670,1,9,0,18,0,1,0,0,0,0,1,1,6,2,6,-1,-1,-1,-1,-1
2013300002671,1,9,0,18,0,1,0,0,0,0,1,1,6,2,7,1762,1,16,5,1
2013300002671,2,9,0,3,0,1,0,0,0,0,2,1,1,1,8,-1,-1,-1,5,1
2013300002672,1,9,0,5,0,7,0,0,0,0,2,1,6,2,6,1242,1,3,-1,-1
2013300002672,2,9,0,18,0,7,0,0,0,0,1,1,6,1,5,1997,2,12,8,3
2013300002673,1,19,0,18,0,8,1,0,0,0,1,1,1,1,8,2874,2,15,5,1
2013300002673,2,9,0,10,0,8,0,0,0,0,2,1,6,1,4,1198,1,5,8,3
2013300002673,3,9,0,18,0,8,0,0,0,0,1,1,1,2,8,1399,2,2,10,1
2013300002674,1,11,0,7,0,6,0,10,0,0,0,1,1,1,8,6871,2,14,8,1
2013300002679,1,9,0,1,0,6,0,0,0,0,2,1,2,1,7,1998,1,13,-1,-1
2013300002679,2,1,0,18,5,8,0,0,0,0,1,1,2,2,7,-1,-1,-1,-1,-1
2013300002681,1,9,0,18,0,1,0,0,0,0,4,1,6,2,6,-1,-1,-1,4,1
2013300002681,2,9,0,12,0,1,0,0,0,0,3,1,6,1,9,1597,1,14,4,1
2013300002682,1,9,0,4,0,0,0,0,0,0,2,1,6,1,7,1998,1,12,1,1
2013300002682,2,5,0,18,0,0,0,0,0,0,1,1,2,1,7,1000,1,8,6,1
2013300002683,1,9,0,18,0,0,0,0,0,0,1,1,6,1,8,2148,2,5,7,1
2013300002683,2,90,0,2,0,0,0,0,0,0,0,1,6,3,-1,-1,-1,-1,-1,-1
2013300002684,1,9,0,12,0,0,1,0,0,0,1,1,6,1,4,2184,2,8,4,1
2013300002684,2,9,0,18,0,0,0,0,0,0,2,1,6,2,8,1248,2,5,7,1
2013300002685,1,9,0,18,0,1,0,0,0,0,0,1,6,1,6,2000,1,13,-1,-1
2013300002685,2,9,0,18,0,1,0,0,0,0,0,1,1,2,6,2967,2,1,4,1
2013300002685,3,17,0,18,0,1,0,0,0,0,0,1,1,1,-1,-1,-1,-1,-1,-1
2013300002689,1,9,0,7,0,4,0,0,0,0,1,1,6,2,8,1229,1,4,10,1
2013300002689,2,1,0,17,0,8,5,0,0,0,2,1,2,1,6,-1,-1,-1,9,2
2013300002693,1,8,0,18,0,0,2,4,0,0,1,1,1,1,8,2494,2,10,9,1
2013300002693,2,9,0,2,0,0,0,0,0,0,2,1,6,1,-1,1587,1,10,7,1
2013300002693,3,9,0,2,0,0,0,0,0,0,2,1,6,1,-1,1598,1,8,4,1
2013300002694,1,1,0,7,0,6,0,0,0,0,1,1,6,1,8,-1,-1,-1,10,1
2013300002694,2,9,0,9,0,5,0,0,0,0,3,1,1,1,7,1997,2,10,8,1
2013300002698,1,11,0,18,0,2,0,0,0,0,0,1,1,3,-1,-1,-1,-1,-1,-1
2013300002698,2,9,0,7,0,1,0,0,0,0,0,1,6,3,-1,-1,-1,-1,-1,-1
2013300002700,1,9,0,18,0,0,1,0,0,0,1,1,6,1,6,2000,1,13,-1,-1
2013300002700,2,19,0,2,0,0,0,0,0,0,3,1,6,3,9,1753,2,5,-1,-1
2013300002700,3,9,0,2,0,0,0,0,0,0,3,1,6,1,-1,1998,2,12,-1,-1
2013300002700,4,9,0,18,0,0,0,0,0,0,1,1,6,2,8,1399,2,8,3,1
2013300002702,1,9,0,18,0,0,0,0,1,4,2,1,6,2,4,1242,1,14,7,1
2013300002702,2,21,1,18,0,0,0,0,0,0,1,1,6,3,-1,-1,-1,-1,-1,-1
2013300002705,1,9,0,1,0,0,0,0,0,0,2,1,6,1,9,1596,1,5,3,1
2013300002708,1,19,0,18,0,0,0,0,0,0,4,1,6,1,8,1896,2,9,6,3
2013300002710,1,90,0,14,0,0,0,0,0,0,1,1,6,1,4,-1,-1,-1,8,2
2013300002710,2,11,0,2,0,0,0,0,0,0,0,1,1,3,-1,-1,-1,-1,-1,-1
2013300002714,1,9,0,18,0,0,1,0,7,0,1,1,6,1,4,1994,1,14,-1,-1
2013300002714,2,9,0,11,0,0,1,0,7,0,2,1,1,1,7,1332,1,17,-1,-1
2013300002715,1,9,0,18,0,0,0,0,4,6,1,1,6,2,5,1199,1,10,6,3
2013300002715,2,21,4,18,0,0,0,0,0,0,2,1,1,1,9,10837,2,1,-1,-1
2013300002715,3,11,0,12,0,0,0,0,0,0,1,1,1,1,6,10838,2,1,-1,-1
2013300002715,4,9,0,18,0,0,1,0,0,0,1,1,6,1,8,1968,2,3,8,3
2013300002715,5,17,4,18,0,0,0,0,0,0,2,1,1,1,6,-1,-1,-1,6,1
2013300002719,1,9,0,1,0,2,0,0,0,0,1,1,6,1,6,1686,2,9,-1,-1
2013300002719,2,9,0,3,0,1,0,0,0,0,0,1,6,2,6,1587,1,8,1,1
2013300002721,1,9,0,9,0,5,0,0,1,0,1,1,6,2,6,1796,1,12,3,1
2013300002721,2,9,0,18,0,8,0,0,0,0,1,1,6,2,7,1299,1,11,1,1
2013300002721,3,9,0,18,0,1,0,10,0,0,3,1,6,1,10,1598,1,1,10,1
2013300002722,1,9,0,18,0,0,0,10,1,0,1,1,6,1,-1,1199,1,10,6,1
2013300002723,1,3,0,13,0,8,0,0,0,0,1,1,6,1,4,-1,-1,-1,3,3
2013300002723,2,9,0,9,0,5,0,0,0,0,2,1,1,1,7,1997,2,5,3,1
2013300002725,1,9,0,17,0,0,0,0,0,0,1,1,6,1,6,1896,2,10,5,1
2013300002725,2,9,0,16,0,0,0,0,0,0,1,1,6,1,9,1997,2,10,-1,-1
2013300002726,1,9,0,4,0,1,0,0,0,0,2,1,3,1,6,1389,1,16,3,1
2013300002726,2,9,0,4,0,1,0,0,0,0,1,1,3,2,5,1242,1,10,2,1
2013300002732,1,9,0,16,0,0,0,4,0,0,1,1,6,1,5,2171,1,12,2,1
2013300002732,2,9,0,2,0,0,0,0,1,0,1,1,6,2,5,1598,1,5,8,1
2013300002732,3,9,0,2,0,0,0,0,0,0,1,1,6,1,8,1798,1,3,6,1
2013300002732,4,9,0,2,0,0,0,0,0,0,1,1,6,1,8,1896,2,5,6,1
2013300002734,1,9,0,18,0,8,0,0,0,0,1,1,6,1,8,1798,1,6,4,2
2013300002734,2,9,0,9,0,6,0,0,0,0,1,1,6,1,8,1997,2,1,9,1
2013300002737,1,9,0,1,0,0,0,0,0,0,2,1,6,3,-1,-1,-1,-1,-1,-1
2013300002737,2,9,0,3,0,0,0,0,0,0,1,1,6,2,5,1598,1,8,10,2
2013300002738,1,9,0,18,0,2,0,0,0,0,1,1,2,1,7,1389,1,17,-1,-1
2013300002739,1,9,0,16,0,0,0,0,0,0,3,1,6,1,6,1149,1,12,5,1
2013300002740,1,9,0,18,0,0,0,0,0,0,2,1,6,1,6,2993,2,3,-1,-1
2013300002740,2,9,0,4,0,0,0,0,0,0,1,1,6,1,8,2000,1,9,6,1
2013300002741,1,9,0,18,0,3,0,0,1,10,1,1,6,1,4,1124,1,11,2,1
2013300002742,1,9,0,16,0,0,2,0,1,0,1,1,6,1,4,-1,-1,-1,4,1
2013300002746,1,9,0,9,0,5,0,0,0,0,1,1,6,1,7,1870,2,13,6,1
2013300002746,2,9,0,18,0,8,0,0,1,0,1,1,6,2,4,1149,1,6,5,1
2013300002748,1,5,0,16,0,0,2,0,7,7,3,1,6,1,8,599,1,2,6,1
2013300002750,1,5,0,14,0,8,0,0,0,0,4,1,6,1,8,916,1,16,9,1
2013300002750,2,9,0,9,0,6,0,0,0,0,3,1,6,1,7,1870,2,9,6,1
2013300002750,3,90,0,3,0,1,0,0,0,0,0,1,6,3,-1,-1,-1,-1,-1,-1
2013300002751,1,8,0,18,0,0,0,12,0,0,1,1,1,1,6,1997,2,8,3,1
2013300002751,2,9,0,18,0,0,0,12,0,0,1,1,6,1,6,1461,2,5,9,1
2013300002751,3,21,1,18,0,0,0,12,0,0,1,1,1,1,8,12419,2,2,7,1
2013300002751,4,9,0,18,0,0,0,12,0,0,1,1,6,1,8,1197,1,2,3,1
2013300002752,1,5,0,16,0,0,5,0,7,9,3,1,6,1,6,953,1,7,-1,-1
2013300002753,1,9,0,9,0,6,0,0,0,0,1,1,6,1,6,1968,2,6,8,1
2013300002753,2,9,0,18,0,8,0,0,0,0,1,1,6,2,9,1951,2,12,4,1
2013300002755,1,9,0,7,0,2,1,0,7,10,1,1,6,1,7,1988,1,11,1,1
2013300002760,1,9,0,16,0,0,5,0,1,0,3,1,1,1,8,-1,-1,-1,9,1
2013300002760,2,9,0,17,0,0,1,0,0,0,1,1,2,1,5,998,1,3,3,1
2013300002769,1,9,0,14,0,0,1,0,0,0,1,1,6,2,6,1997,2,5,-1,-1
2013300002769,2,19,5,18,0,0,1,0,0,0,1,1,1,1,8,2402,2,5,2,1
2013300002769,3,90,0,2,0,0,0,0,0,0,0,1,6,3,-1,-1,-1,-1,-1,-1
2013300002771,1,9,0,18,0,0,5,0,1,7,3,1,2,2,5,1398,1,1,4,1
2013300002773,1,9,0,18,0,6,0,0,0,0,1,1,6,2,6,1124,1,13,5,1
2013300002773,2,9,0,18,0,8,0,0,0,0,4,1,6,1,8,1995,2,13,3,1
2013300002775,1,8,0,4,0,1,0,0,0,0,1,1,6,1,6,-1,-1,-1,1,1
2013300002775,2,4,0,3,0,1,0,0,0,0,2,1,6,1,9,572,1,25,7,3
2013300002777,1,9,0,1,9,6,0,0,0,0,2,1,2,2,7,1587,1,7,2,1
2013300002777,2,1,0,18,9,8,0,0,0,0,3,1,2,2,8,-1,-1,-1,-1,-1
2013300002782,1,9,0,18,0,3,0,0,0,0,4,1,1,2,8,1461,2,3,1,1
2013300002782,2,1,0,18,0,8,0,0,0,0,1,1,6,1,8,-1,-1,-1,3,1
2013300002783,1,9,0,18,0,0,0,0,2,4,1,1,6,1,6,998,1,4,-1,1
2013300002789,1,9,0,4,0,0,0,0,0,0,2,1,6,1,-1,-1,-1,-1,-1,-1
2013300002789,2,1,0,17,0,0,0,0,0,0,1,1,6,1,4,-1,-1,-1,2,1
2013300002789,3,1,0,17,0,0,0,0,0,0,2,1,6,1,3,-1,-1,-1,-1,-1
2013300002790,1,9,0,18,0,0,0,0,0,0,1,1,6,1,5,1895,1,13,2,1
2013300002790,2,9,0,4,0,0,0,0,0,0,2,1,6,1,6,2204,2,8,3,1
2013300002791,1,9,0,16,0,0,0,0,1,10,1,1,6,2,5,1986,2,8,10,1
2013300002797,1,9,0,18,0,0,0,4,0,0,1,1,1,1,8,2179,2,1,9,3
2013300002797,2,9,0,2,0,0,0,0,0,0,2,1,2,2,7,1991,2,1,2,1
2013300002802,1,1,0,18,0,0,0,0,0,0,1,1,2,2,9,-1,-1,-1,1,1
2013300002803,1,9,0,18,0,8,0,0,0,0,4,1,6,1,7,1994,1,14,6,1
2013300002803,2,9,0,9,0,6,0,0,0,0,1,1,2,2,7,1896,2,11,7,3
2013300002805,1,11,0,18,0,1,0,0,1,10,1,1,6,1,10,4250,2,2,4,1
2013300002805,2,9,0,9,0,2,0,0,0,0,3,1,6,2,5,1299,1,6,-1,-1
2013300002811,1,5,0,18,0,8,1,0,0,0,3,1,6,1,4,599,1,12,10,1
2013300002813,1,9,0,15,0,0,0,0,0,0,0,1,6,1,-1,1796,1,8,9,1
2013300002813,2,1,0,18,0,0,0,0,0,0,0,1,6,1,7,-1,-1,-1,8,3
2013300002818,1,9,0,18,0,7,0,0,0,0,1,1,6,1,10,1598,2,7,8,1
2013300002818,2,9,0,4,0,7,0,0,0,0,2,1,6,1,6,1391,1,13,9,1
2013300002819,1,9,0,18,0,0,2,10,0,0,1,1,2,2,6,-1,-1,-1,3,1
2013300002825,1,9,0,5,9,1,0,0,0,0,3,1,6,1,7,2987,2,-1,3,1
2013300002825,2,1,0,18,9,1,0,0,0,0,4,1,6,1,3,-1,-1,-1,-1,-1
2013300002828,1,9,0,17,0,0,2,0,1,1,4,1,6,1,5,1587,1,12,3,1
2013300002829,1,10,0,4,0,0,0,0,0,0,1,1,1,1,10,-1,-1,-1,6,2
2013300002835,1,5,0,17,0,1,0,0,0,0,1,1,2,2,7,996,1,8,6,3
2013300002835,2,9,0,9,0,5,0,0,0,0,4,1,6,1,7,-1,-1,-1,2,1
2013300002836,1,9,0,18,0,8,1,7,1,10,1,1,6,2,6,-1,-1,-1,-1,-1
2013300002845,1,9,0,2,0,0,0,0,0,0,3,1,6,2,8,1794,1,13,-1,-1
2013300002845,2,9,0,14,0,0,0,0,0,0,4,1,6,1,11,1242,1,9,1,1
2013300002846,1,9,0,18,0,4,0,0,0,0,1,1,6,2,8,1390,1,6,7,1
2013300002846,2,9,0,9,0,3,0,0,0,0,4,1,6,2,5,1388,1,4,5,1
2013300002847,1,9,0,16,0,0,1,0,1,1,1,1,6,2,6,1598,1,13,4,1
2013300002858,1,9,0,13,0,0,0,0,0,0,1,1,6,1,8,1796,1,1,-1,-1
2013300002858,2,1,0,18,0,0,0,0,1,10,3,1,6,1,7,-1,-1,-1,-1,-1
2013300002859,1,9,0,18,0,2,0,0,0,0,1,1,2,1,9,1339,8,5,5,1
2013300002860,1,9,0,18,0,0,0,0,0,0,1,1,6,1,5,1998,2,11,4,1
2013300002860,2,9,0,4,0,0,0,0,0,0,3,1,6,1,8,2698,2,8,1,3
2013300002860,3,9,0,4,0,0,0,0,0,0,4,1,6,1,7,1560,2,5,6,1
2013300002860,4,9,0,4,0,0,0,0,0,0,2,1,6,1,7,-1,-1,-1,-1,-1
2013300002862,1,9,0,18,0,8,0,0,0,0,1,1,6,1,7,1229,1,8,2,1
2013300002862,2,9,0,9,0,5,0,0,0,0,1,1,6,1,7,1397,1,4,3,3
2013300002863,1,9,0,18,0,0,5,0,1,9,1,1,6,1,5,1997,1,15,5,1
2013300002865,1,9,0,9,0,6,0,0,3,0,1,1,1,1,8,1397,1,10,-1,-1
2013300002865,2,3,0,14,0,8,0,0,0,0,1,1,6,2,7,599,1,14,5,1
2013300002865,3,90,0,3,0,1,0,0,0,0,0,1,6,3,-1,-1,-1,-1,-1,-1
2013300002866,1,9,0,18,0,8,0,0,0,0,1,1,6,1,6,1598,1,10,9,1
2013300002866,2,9,0,7,0,6,0,0,0,0,2,1,6,2,8,1388,1,7,9,1
2013300002870,1,9,0,18,0,0,1,0,1,0,4,1,6,2,7,1587,1,7,2,1
2013300002870,2,19,0,18,0,0,5,0,1,0,3,1,1,1,7,1995,2,5,5,2
2013300002871,1,5,0,13,0,8,1,0,0,0,1,1,6,1,6,1250,1,5,6,1
2013300002871,2,9,0,9,0,6,0,0,0,0,3,1,6,2,5,1242,1,-1,7,1
2013300002871,3,11,0,3,0,1,0,0,0,0,0,1,1,3,-1,-1,-1,-1,-1,-1
2013300002872,1,4,0,3,0,1,0,0,0,0,2,1,6,2,5,499,1,9,2,1
2013300002872,2,19,0,18,0,1,0,0,0,0,1,1,6,1,-1,1995,2,1,5,1
2013300002875,1,9,0,7,0,6,0,0,0,0,1,1,6,1,11,4565,1,13,8,1
2013300002875,2,9,0,3,0,8,0,0,0,0,2,1,6,1,7,1596,1,2,4,1
2013300002878,1,3,0,13,0,0,0,0,0,0,1,1,6,1,5,124,1,6,8,2
2013300002878,2,9,0,6,0,0,0,0,0,0,3,1,6,2,8,1248,1,-1,6,3
2013300002881,1,9,0,18,0,1,0,0,0,0,1,1,6,1,7,1598,1,10,3,1
2013300002881,2,9,0,10,0,1,0,0,0,0,2,1,1,1,8,1968,2,1,10,1
2013300002882,1,9,0,18,0,0,0,4,0,0,1,1,6,1,5,1149,1,14,9,1
2013300002882,2,20,0,2,0,0,0,0,0,0,2,1,6,3,-1,-1,-1,-1,-1,-1
2013300002890,1,9,0,9,0,5,0,0,0,0,1,1,6,1,6,1598,1,2,2,2
2013300002890,2,5,0,18,0,8,0,0,0,0,1,1,6,1,8,1250,1,10,3,1
2013300002892,1,9,0,9,0,6,0,0,0,0,1,1,6,1,5,-1,-1,-1,8,2
2013300002898,1,11,0,5,0,1,0,0,0,0,0,1,1,1,9,-1,2,16,2,1
2013300002904,1,9,0,4,0,0,0,0,0,0,2,1,6,2,6,1870,2,9,8,3
2013300002904,2,2,0,17,0,0,5,0,0,0,1,1,6,1,4,-1,-1,-1,4,2
2013300002905,1,9,0,18,0,0,1,4,0,0,1,1,2,1,4,1596,1,5,7,1
2013300002905,2,9,0,2,9,0,0,0,0,0,4,1,6,1,-1,2500,2,-1,9,1
2013300002905,3,9,0,2,9,0,0,0,0,0,1,1,6,1,-1,1975,2,14,8,3
2013300002905,4,9,0,2,9,0,0,0,0,0,1,1,6,3,-1,1248,2,3,-1,-1
2013300002906,1,90,0,16,0,1,0,0,0,0,4,1,6,3,-1,-1,-1,-1,-1,-1
2013300002907,1,9,0,6,0,0,0,0,0,0,1,1,6,1,11,1995,2,5,5,1
2013300002907,2,3,0,18,0,0,0,0,0,0,1,1,2,1,7,124,1,2,8,1
2013300002908,1,9,0,18,0,0,0,0,1,0,1,1,6,1,5,1390,1,11,-1,-1
2013300002908,2,9,0,3,0,0,0,0,0,0,2,1,2,1,7,1124,1,11,6,1
2013300002908,3,9,0,3,0,0,0,0,0,0,2,1,1,1,-1,2967,2,1,3,1
2013300002910,1,5,0,17,0,0,5,0,2,7,1,1,6,2,6,652,1,1,6,1
2013300002911,1,1,0,18,0,1,0,0,0,0,1,1,6,1,6,-1,-1,-1,3,1
2013300002911,2,9,0,7,0,8,0,0,0,0,4,1,1,1,8,1910,2,5,3,1
2013300002912,1,11,0,4,0,0,0,0,0,0,0,1,1,1,7,-1,2,13,8,1
2013300002916,1,9,0,7,0,5,0,0,0,0,4,1,6,3,-1,-1,-1,-1,-1,-1
2013300002916,2,1,0,4,0,1,2,0,0,0,1,1,3,1,4,-1,-1,-1,2,1
2013300002921,1,9,0,9,0,5,0,0,0,0,3,1,1,1,7,1968,2,-1,7,1
2013300002921,2,5,0,18,0,8,0,0,0,0,1,1,4,1,4,600,1,11,9,2
2013300002923,1,9,0,9,0,5,0,0,0,0,4,1,6,2,7,1396,1,11,2,2
2013300002923,2,3,0,13,0,8,0,0,0,0,1,1,6,2,4,125,1,7,1,1
2013300002923,3,90,0,3,0,1,0,0,0,0,0,1,6,3,-1,-1,-1,-1,-1,-1
2013300002926,1,9,0,4,0,0,0,0,0,0,2,1,6,1,5,1560,2,2,5,3
2013300002926,2,9,0,4,0,0,0,0,0,0,2,1,6,2,9,1991,2,8,5,1
2013300002926,3,9,0,18,0,0,0,0,0,0,1,1,6,2,7,1769,2,17,7,1
2013300002931,1,9,0,12,6,0,0,0,0,0,1,1,6,2,6,1596,1,10,5,1
2013300002931,2,9,0,18,0,0,0,0,0,0,0,1,6,2,10,1598,1,3,4,1
2013300002935,1,9,0,12,0,1,0,0,0,0,1,1,6,2,5,1229,1,5,9,1
2013300002935,2,9,0,18,0,2,0,0,0,0,3,1,2,2,5,1229,1,7,9,2
2013300002937,1,9,0,16,0,0,1,0,0,0,1,1,6,2,4,1299,1,10,-1,-1
2013300002937,2,9,0,17,0,0,0,0,0,0,1,1,6,1,8,1242,1,14,-1,-1
2013300002938,1,9,0,18,0,1,0,0,0,0,1,1,6,1,8,1997,1,9,2,1
2013300002954,1,9,0,9,0,5,0,0,0,0,4,1,6,1,6,1997,2,9,1,1
2013300002954,2,9,0,18,0,8,0,0,0,0,1,1,6,1,6,1560,2,3,-1,-1
2013300002955,1,9,0,16,0,0,2,0,8,3,3,1,6,1,6,1390,1,12,1,1
2013300002958,1,9,0,5,0,8,0,0,0,0,1,1,6,1,6,2198,1,7,2,1
2013300002958,2,9,0,5,0,1,0,0,0,0,3,1,6,1,8,1396,1,15,2,1
2013300002958,3,9,0,3,0,1,0,0,0,0,1,1,6,2,7,1390,1,8,2,1
2013300002960,1,9,0,5,0,4,0,0,0,0,3,1,6,2,6,2204,2,7,3,1
2013300002960,2,5,0,18,0,8,0,0,0,0,1,1,6,1,5,1157,1,15,1,1
2013300002962,1,90,0,18,0,1,0,0,0,0,4,1,1,1,9,-1,-1,-1,10,1
2013300002964,1,9,0,18,0,8,0,0,3,10,4,1,1,1,8,2982,2,5,3,1
2013300002964,2,9,0,18,0,8,0,0,1,3,1,1,1,1,7,1560,2,-1,1,1
2013300002967,1,9,0,9,0,5,1,0,0,0,1,1,6,2,-1,1497,1,11,-1,-1
2013300002967,2,3,0,14,0,8,5,0,0,0,1,1,2,1,7,125,1,1,3,1
2013300002967,3,9,0,3,0,1,0,0,0,0,0,1,6,3,-1,-1,-1,-1,-1,-1
2013300002969,1,9,0,18,0,0,0,0,0,0,1,1,6,1,-1,-1,-1,-1,-1,-1
2013300002969,2,9,0,4,0,0,0,0,0,0,2,1,6,1,10,1248,1,1,6,3
2013300002971,1,11,0,18,0,0,0,0,0,0,1,1,1,1,8,-1,2,28,1,3
2013300002972,1,8,0,9,0,2,0,0,0,0,0,1,6,1,-1,-1,-1,-1,-1,-1
2013300002974,1,1,0,15,0,8,0,0,0,0,1,1,1,1,-1,-1,-1,-1,3,1
2013300002974,2,9,0,7,0,5,0,0,0,0,4,1,6,1,6,1896,2,9,2,1
2013300002978,1,9,0,16,0,0,5,10,5,6,3,2,6,1,5,-1,-1,-1,3,1
2013300002979,1,9,0,18,0,6,2,0,3,10,1,1,6,1,5,1598,1,5,2,1
2013300002981,1,9,0,17,0,8,0,0,0,0,3,1,6,1,8,1997,2,3,9,1
2013300002981,2,9,0,11,0,3,1,0,2,10,4,1,2,1,6,1781,1,14,3,1
2013300002984,1,8,0,18,0,1,0,0,0,0,1,1,1,1,6,1896,2,4,1,1