Accident_Index,Vehicle_Reference,Vehicle_Type,Towing_and_Articulation,Vehicle_Manoeuvre,Vehicle_Location-Restricted_Lane,Junction_Location,Skidding_and_Overturning,Hit_Object_in_Carriageway,Vehicle_Leaving_Carriageway,Hit_Object_off_Carriageway,1st_Point_of_Impact,Was_Vehicle_Left_Hand_Drive?,Journey_Purpose_of_Driver,Sex_of_Driver,Age_Band_of_Driver,Engine_Capacity_(CC),Propulsion_Code,Age_of_Vehicle,Driver_IMD_Decile,Driver_Home_Area_Type
2013300002984,2,19,0,7,0,2,0,0,0,0,1,1,6,1,6,1753,2,4,1,1
2013300002987,1,9,0,17,0,2,1,0,1,10,1,1,6,2,6,796,1,13,2,1
2013300002989,1,9,0,9,0,6,0,0,0,0,1,1,6,1,6,1587,1,7,-1,-1
2013300002989,2,9,0,18,0,8,0,0,0,0,2,1,6,2,8,1242,1,6,4,2
2013300002990,1,9,0,9,0,5,0,0,0,0,4,1,6,2,5,1598,1,11,-1,-1
2013300002990,2,9,0,18,0,8,0,0,0,0,3,1,6,2,7,3200,2,6,-1,-1
2013300002990,3,9,0,10,0,1,0,0,0,0,1,1,6,2,7,1910,2,6,-1,-1
2013300002995,1,9,0,18,0,2,1,7,0,0,0,1,6,1,5,1587,1,12,1,1
2013300002995,2,9,0,18,0,2,0,0,0,0,2,1,6,1,8,1995,2,2,5,1
2013300002995,3,9,0,18,0,2,0,0,0,0,1,1,6,1,7,1761,1,13,8,1
2013300002996,1,9,0,11,0,0,0,0,0,0,1,1,6,2,5,973,1,11,8,1
2013300002996,2,9,0,18,0,0,0,0,4,6,2,1,6,1,9,1495,1,4,-1,-1
2013300002997,1,9,0,18,0,8,1,0,1,2,1,1,6,1,5,998,1,10,3,1
2013300003004,1,9,0,6,0,0,0,0,0,0,2,1,6,1,10,2720,2,7,9,1
2013300003004,2,9,0,16,0,0,0,0,0,0,1,1,6,1,7,1686,2,9,6,3
2013300003007,1,9,0,18,0,0,0,0,2,7,1,1,1,1,8,2993,2,-1,8,3
2013300003009,1,9,0,16,0,8,0,0,0,0,3,1,2,1,8,1461,2,3,3,1
2013300003009,2,5,0,9,0,3,0,0,0,0,4,1,2,1,6,599,1,3,5,1
2013300003013,1,9,0,17,0,0,1,0,5,6,3,1,2,1,6,1781,1,8,4,1
2013300003027,1,9,0,16,0,1,0,0,0,0,1,1,6,1,-1,1343,1,18,6,1
2013300003027,2,9,0,4,0,1,0,0,0,0,2,1,6,1,7,1595,1,13,7,1
2013300003027,3,21,1,4,0,1,0,0,0,0,2,1,1,1,-1,11021,2,9,3,1
2013300003030,1,9,0,16,0,0,1,0,2,10,1,1,6,2,4,998,1,8,7,1
2013300003031,1,8,0,3,0,1,0,0,0,0,2,1,1,1,7,2499,2,3,6,1
2013300003031,2,9,0,5,0,1,1,0,0,0,1,1,6,3,-1,1796,1,13,-1,-1
2013300003033,1,9,0,18,0,1,0,0,0,0,1,1,2,1,5,-1,-1,-1,10,1
2013300003033,2,9,0,9,0,1,0,0,0,0,4,1,2,1,7,-1,-1,-1,8,1
2013300003038,1,9,0,11,0,8,0,0,0,0,0,1,6,3,-1,-1,-1,-1,-1,-1
2013300003038,2,90,0,4,0,8,0,0,0,0,0,1,6,3,-1,-1,-1,-1,-1,-1
2013300003038,3,9,0,3,0,8,0,0,0,0,2,1,6,2,7,998,1,3,5,1
2013300003038,4,19,0,4,0,8,0,0,0,0,1,1,1,1,6,1997,2,8,7,1
2013300003042,1,9,0,13,0,0,0,0,0,0,1,1,6,1,11,1995,2,-1,-1,-1
2013300003042,2,9,0,17,0,0,0,0,1,10,1,1,6,1,9,2495,2,8,6,3
2013300003042,3,17,0,16,0,0,0,0,0,0,0,1,6,3,-1,-1,-1,-1,-1,-1
2013300003044,1,11,0,4,6,0,0,11,0,0,4,1,1,1,8,4461,2,1,6,1
2013300003047,1,9,0,11,0,0,0,0,0,0,4,1,6,1,8,2926,2,10,1,1
2013300003047,2,9,0,18,0,0,1,0,0,0,1,1,6,1,6,1968,2,7,1,1
2013300003048,1,3,0,9,0,5,1,0,0,0,1,1,6,1,5,110,1,8,1,1
2013300003049,1,3,0,17,0,0,1,0,0,0,0,1,6,2,4,124,1,1,3,1
2013300003058,1,9,0,18,0,1,0,0,0,0,1,1,6,3,-1,-1,-1,-1,-1,-1
2013300003058,2,90,0,18,0,1,0,0,0,0,4,1,6,2,9,-1,-1,-1,1,1
2013300003060,1,9,0,18,0,0,0,12,0,0,1,1,2,2,7,1586,1,6,7,1
2013300003071,1,9,0,18,0,0,1,0,7,1,1,1,6,1,6,-1,-1,-1,4,1
2013300003071,2,9,0,18,0,0,0,0,0,0,1,1,6,1,6,-1,-1,-1,4,1
2013300003074,1,3,0,4,0,2,1,0,0,0,1,1,6,1,5,125,1,1,6,1
2013300003074,2,9,0,4,0,2,0,0,0,0,2,1,6,2,6,1242,1,2,2,1
2013300003075,1,9,0,9,0,6,1,0,0,0,1,1,6,1,6,1360,1,5,2,1
2013300003075,2,9,0,18,0,8,0,0,0,0,1,1,6,1,7,1796,1,8,5,3
2013300003081,1,9,0,16,0,2,1,0,0,0,1,1,2,2,6,1587,1,10,5,3
2013300003081,2,21,1,17,0,1,1,0,0,0,3,1,1,1,6,10837,2,4,5,1
2013300003082,1,9,0,18,0,0,0,4,0,0,1,1,6,2,4,1364,1,4,-1,-1
2013300003082,2,90,0,2,0,0,0,0,0,0,2,1,6,3,8,-1,-1,-1,-1,-1
2013300003085,1,9,0,18,0,8,0,0,0,0,2,1,1,1,6,1598,1,9,-1,-1
2013300003085,2,9,0,18,0,8,0,0,0,0,1,1,1,2,7,1598,1,7,5,1
2013300003087,1,9,0,9,0,5,0,0,0,0,1,1,6,2,8,1900,2,6,6,1
2013300003087,2,5,0,18,0,8,0,0,1,0,1,1,6,1,10,1084,1,17,7,3
2013300003089,1,9,0,4,0,0,1,0,0,0,1,1,2,1,7,1995,2,10,2,1
2013300003089,2,9,0,4,0,0,0,0,0,0,2,1,2,2,6,2179,2,4,7,3
2013300003091,1,11,0,5,0,1,0,0,0,0,0,1,6,1,8,5850,2,12,6,1
2013300003092,1,9,0,5,0,4,0,4,0,0,1,1,6,2,7,2993,2,1,-1,-1
2013300003092,2,9,0,3,0,1,0,0,0,0,2,1,1,1,8,1998,2,10,4,2
2013300003094,1,9,0,9,0,5,0,0,0,0,4,1,6,1,-1,1781,1,12,-1,-1
2013300003094,2,9,0,18,0,8,0,0,0,0,1,1,1,2,7,1995,2,10,5,1
2013300003095,1,9,0,18,0,0,0,0,0,0,1,1,1,1,8,1360,1,8,4,1
2013300003095,2,9,0,3,0,0,0,0,0,0,2,1,6,1,11,1587,1,7,10,2
2013300003100,1,9,0,18,0,8,0,0,1,0,1,1,6,1,7,1998,1,18,2,1
2013300003100,2,9,0,9,0,5,0,0,7,0,1,1,6,2,10,1995,2,11,8,3
2013300003101,1,9,0,18,0,0,0,0,0,0,1,1,6,1,6,1360,1,14,5,1
2013300003101,2,9,0,18,0,0,0,0,0,0,2,1,6,1,9,-1,-1,-1,6,3
2013300003101,3,9,0,4,0,0,0,0,0,0,2,1,6,2,7,1198,1,7,6,1
2013300003105,1,9,0,5,6,0,0,0,0,0,1,1,6,2,6,1896,2,12,9,1
2013300003105,2,9,0,18,0,0,0,0,0,0,1,1,6,1,6,1910,2,4,1,1
2013300003109,1,9,0,12,0,0,0,0,0,0,0,1,6,3,-1,-1,-1,-1,-1,-1
2013300003109,2,9,0,18,0,0,2,0,1,4,1,1,2,1,8,1398,1,10,3,2
2013300003112,1,9,0,5,0,0,0,0,0,0,1,1,2,2,5,1598,1,9,-1,-1
2013300003113,1,9,0,14,0,0,0,0,0,0,1,1,6,2,4,-1,-1,-1,7,1
2013300003113,2,9,0,18,0,0,0,0,0,0,1,1,6,2,6,1598,1,11,7,1
2013300003113,3,9,0,2,0,0,0,4,0,0,2,1,6,1,9,2688,2,11,4,1
2013300003114,1,9,0,16,0,0,1,0,0,0,3,1,6,1,4,1598,2,-1,1,1
2013300003114,2,19,0,17,0,0,0,0,0,0,3,1,1,1,5,1560,2,2,4,1
2013300003115,1,9,0,9,0,6,0,0,0,0,1,1,6,1,11,1850,1,14,6,3
2013300003115,2,9,0,18,0,8,0,0,0,0,1,1,6,2,9,1598,2,3,7,3
2013300003118,1,9,0,7,0,5,0,0,0,0,4,1,6,2,8,1686,2,1,1,1
2013300003118,2,1,0,15,0,8,0,0,0,0,1,1,1,1,7,-1,-1,-1,4,1
2013300003120,1,90,0,9,0,5,0,0,0,0,3,1,1,2,8,7142,2,6,-1,-1
2013300003120,2,19,0,13,0,8,5,0,8,0,4,1,1,1,5,2198,2,-1,2,1
2013300003124,1,9,0,7,0,6,0,0,0,0,1,1,6,2,6,1910,2,7,-1,-1
2013300003124,2,19,0,14,0,8,0,0,0,0,1,1,1,1,6,2402,2,8,6,1
2013300003124,3,19,0,2,0,1,0,0,0,0,0,1,6,3,-1,-1,-1,-1,-1,-1
2013300003127,1,9,0,1,0,6,0,0,0,0,0,1,6,1,7,1598,1,4,-1,-1
2013300003127,2,8,0,18,0,2,1,10,7,5,1,1,1,1,8,1968,2,5,1,1
2013300003128,1,9,0,18,0,6,0,0,0,0,1,1,6,1,7,1589,1,13,5,1
2013300003128,2,9,0,18,0,8,0,0,0,0,1,1,1,1,-1,1896,2,9,2,1
2013300003128,3,9,0,18,0,8,0,0,0,0,1,1,6,2,-1,999,1,-1,10,1
2013300003129,1,9,0,2,0,0,0,0,0,0,4,1,6,2,6,1598,1,4,-1,-1
2013300003129,2,1,0,18,4,0,0,0,0,0,1,1,2,2,6,-1,-1,-1,8,1
2013300003131,1,3,0,18,0,4,1,0,0,0,1,1,6,1,5,121,1,30,-1,-1
2013300003136,1,9,0,18,0,8,0,0,0,0,1,1,6,2,6,1242,1,11,2,1
2013300003136,2,9,0,9,0,5,0,0,0,0,3,1,6,2,-1,1389,1,12,2,1
2013300003136,3,9,0,8,0,1,0,0,0,0,1,1,6,1,-1,1598,1,12,3,1
2013300003146,1,3,0,14,0,8,0,0,7,0,1,1,6,1,4,124,1,2,2,3
2013300003146,2,9,0,9,0,6,0,0,0,0,1,1,2,2,7,2493,1,13,3,2
2013300003146,3,90,0,3,0,1,0,0,0,0,0,1,6,3,-1,-1,-1,-1,-1,-1
2013300003147,1,9,0,9,0,5,0,0,0,0,4,1,6,2,7,1206,1,4,4,1
2013300003147,2,1,0,18,0,8,0,0,0,0,1,1,6,1,-1,-1,-1,-1,-1,-1
2013300003148,1,9,0,18,0,0,0,0,1,10,1,1,6,2,7,1896,2,8,3,1
2013300003148,2,9,0,2,6,0,0,0,0,0,3,1,6,1,-1,1995,2,2,10,1
2013300003149,1,9,0,10,0,1,0,0,0,0,1,1,6,2,11,1360,1,5,6,2
2013300003149,2,9,0,7,0,5,0,0,0,0,1,1,6,2,9,2148,2,4,10,1
2013300003152,1,9,0,18,0,0,1,0,0,0,1,1,2,2,4,973,1,10,3,1
2013300003152,2,9,0,3,0,0,0,0,0,0,2,1,6,2,10,1388,1,2,2,2
2013300003152,3,20,0,4,0,0,0,0,0,0,2,1,1,1,9,6692,2,1,-1,-1
2013300003153,1,9,0,17,0,1,0,10,5,2,4,1,6,1,7,1388,1,10,3,1
2013300003155,1,9,0,4,0,1,0,0,0,0,1,1,6,1,-1,998,1,9,6,1
2013300003155,2,9,0,3,0,1,0,0,0,0,2,1,6,2,6,1242,1,9,5,1
2013300003162,1,9,0,17,0,0,1,0,0,0,1,1,2,2,6,1242,1,17,8,1
2013300003162,2,19,0,16,0,0,0,0,0,0,1,1,1,1,8,1248,2,-1,1,1
2013300003166,1,19,0,18,0,8,0,0,0,0,1,1,1,2,8,2198,2,5,2,1
2013300003166,2,9,0,9,0,6,0,0,0,0,3,1,2,2,4,998,1,5,10,1
2013300003171,1,9,0,13,0,0,1,0,0,0,1,1,2,1,6,1360,1,6,9,1
2013300003171,2,9,0,17,0,0,0,0,0,0,1,1,2,2,9,1390,1,10,10,2
2013300003171,3,9,0,16,0,0,0,0,0,0,1,1,2,2,8,1360,1,7,3,1
2013300003176,1,9,0,18,0,0,5,0,1,4,1,1,1,1,6,1995,2,4,6,1
2013300003182,1,9,0,16,0,0,2,0,7,10,2,1,6,2,6,1149,1,8,3,1
2013300003183,1,9,0,17,0,2,0,0,0,0,1,1,6,1,-1,-1,-1,-1,-1,-1
2013300003183,2,1,0,16,0,1,5,0,0,0,1,1,1,1,7,-1,-1,-1,3,1
2013300003187,1,9,0,16,0,0,0,0,0,0,3,1,6,2,11,1797,8,-1,10,1
2013300003187,2,9,0,17,0,0,0,0,0,0,3,1,2,1,6,1968,2,6,7,1
2013300003187,3,9,0,17,0,0,0,0,1,9,3,1,2,1,8,1995,2,-1,7,3
2013300003188,1,9,0,18,0,4,0,0,1,0,1,1,6,1,4,1360,1,13,6,3
2013300003188,2,9,0,9,0,8,0,0,0,0,1,1,2,1,6,1997,2,3,3,1
2013300003189,1,19,0,18,0,0,0,10,1,10,4,1,6,1,6,-1,-1,-1,3,1
2013300003190,1,9,0,14,0,0,0,0,0,0,4,1,3,1,9,1596,1,2,7,1
2013300003190,2,9,0,2,0,0,0,0,0,0,0,1,6,3,-1,-1,-1,-1,-1,-1
2013300003191,1,9,0,18,0,1,0,0,0,0,2,1,6,1,4,1600,1,15,3,1
2013300003191,2,9,0,10,0,8,0,0,0,0,2,1,1,1,6,1896,2,8,-1,-1
2013300003193,1,9,0,18,0,3,1,0,1,1,4,1,6,1,4,2521,1,3,5,3
2013300003194,1,9,0,16,0,2,1,0,8,10,1,1,6,2,8,1984,1,2,6,1
2013300003197,1,9,0,18,0,0,0,0,0,0,4,1,1,1,7,1995,2,2,3,1
2013300003197,2,19,0,18,0,0,0,0,0,0,3,1,1,1,7,3920,2,8,10,1
2013300003197,3,21,1,18,0,0,0,0,0,0,3,1,1,3,-1,-1,-1,-1,-1,-1
2013300003198,1,1,0,5,0,1,0,0,0,0,4,1,6,1,-1,-1,-1,-1,-1,-1
2013300003198,2,3,0,4,0,1,2,0,0,0,1,1,2,1,8,125,1,3,1,1
2013300003198,3,90,0,2,0,2,0,0,0,0,0,1,6,3,-1,-1,-1,-1,-1,-1
2013300003201,1,9,0,9,0,6,0,0,0,0,3,1,1,1,9,1995,2,-1,-1,-1
2013300003201,2,9,0,18,0,8,0,0,0,0,1,1,3,2,6,1997,2,11,9,1
2013300003206,1,9,4,9,0,4,0,0,0,0,1,1,6,1,9,1997,2,11,10,1
2013300003206,2,9,0,18,0,8,0,0,0,0,4,1,1,2,8,1896,2,10,2,1
2013300003207,1,9,0,18,0,8,0,0,0,0,3,1,6,2,7,1124,1,7,5,2
2013300003207,2,9,0,12,0,7,0,0,0,0,1,1,6,1,6,1390,1,9,7,1
2013300003208,1,9,0,16,0,0,1,0,8,3,4,1,1,2,8,1360,1,13,8,1
2013300003209,1,9,0,18,0,0,0,0,0,0,1,1,6,2,7,1596,1,10,-1,-1
2013300003209,2,1,0,18,0,0,1,0,0,0,1,1,6,2,7,-1,-1,-1,-1,-1
2013300003222,1,9,0,8,0,1,0,0,0,0,3,1,1,2,6,998,1,13,5,1
2013300003222,2,11,0,7,0,2,0,0,0,0,3,1,1,1,9,9000,2,1,1,1
2013300003224,1,9,0,18,0,6,0,0,0,0,4,1,6,2,-1,1295,1,16,7,3
2013300003224,2,1,0,18,0,8,0,0,0,0,3,1,6,1,10,-1,-1,-1,10,1
2013300003231,1,9,0,3,0,0,0,0,0,0,2,1,6,1,7,998,1,4,4,2
2013300003231,2,11,0,5,0,0,0,0,0,0,1,1,6,1,7,7300,2,11,1,1
2013300003238,1,9,0,11,0,3,0,0,0,0,4,1,2,2,5,1242,1,2,6,1
2013300003238,2,9,0,17,0,8,0,0,1,2,3,1,2,2,5,998,1,11,2,1
2013300003243,1,9,0,2,0,0,0,0,0,0,2,1,6,1,9,1796,1,10,8,1
2013300003247,1,9,0,18,0,0,0,0,0,0,2,1,6,1,4,998,1,8,6,3
2013300003247,2,9,0,18,0,0,0,0,0,0,1,1,6,1,6,1794,1,8,-1,1
2013300003247,3,9,0,18,0,0,0,0,0,0,4,1,6,1,4,1781,1,11,10,1
2013300003251,1,9,0,9,0,6,0,0,0,0,4,1,6,2,5,1229,1,4,-1,-1
2013300003251,2,4,0,18,0,8,0,0,0,0,1,1,6,1,7,124,1,2,3,1
2013300003255,1,9,0,18,0,0,0,0,0,0,1,1,1,1,7,1896,2,8,2,1
2013300003255,2,90,0,2,0,0,0,0,0,0,0,1,6,3,-1,-1,-1,-1,-1,-1
2013300003259,1,9,0,18,0,0,1,0,0,0,1,1,6,1,6,1229,1,7,3,1
2013300003259,2,9,0,4,0,0,0,0,0,0,2,1,6,1,6,3246,1,11,9,3
2013300003260,1,9,0,18,0,2,0,0,0,0,4,1,6,1,10,1753,2,5,6,3
2013300003260,2,3,0,18,0,2,0,0,0,0,1,1,2,2,6,124,1,-1,2,1
2013300003261,1,9,0,7,0,8,0,0,0,0,1,1,6,1,10,1596,1,-1,5,1
2013300003262,1,9,0,9,0,5,0,0,0,0,1,1,6,1,7,1598,1,2,2,1
2013300003262,2,3,0,9,0,6,0,0,0,0,1,1,6,1,4,49,1,4,3,1
2013300003265,1,9,0,9,0,6,0,0,0,0,3,1,6,1,9,1956,2,-1,-1,-1
2013300003265,2,9,0,18,0,8,0,0,0,0,1,1,1,1,8,-1,-1,-1,6,3
2013300003269,1,9,0,4,0,0,0,0,0,0,2,1,6,1,8,-1,-1,-1,5,1
2013300003269,2,9,0,16,0,0,0,0,0,0,1,1,6,1,6,-1,-1,-1,7,1
2013300003271,1,9,0,4,0,0,0,0,0,0,1,1,6,2,6,1870,2,8,7,1
2013300003271,2,9,0,4,0,0,0,0,0,0,0,1,6,2,10,1587,1,9,5,3
2013300003277,1,9,0,4,0,1,0,0,0,0,2,1,6,2,5,1242,1,3,10,1
2013300003277,2,19,0,4,0,1,0,0,0,0,1,1,1,1,6,2148,2,6,2,1
2013300003280,1,2,0,13,0,8,1,0,1,10,1,1,6,1,5,918,1,15,5,2
2013300003280,2,9,0,9,0,5,0,0,7,10,3,1,6,1,4,1229,1,4,6,1
2013300003285,1,9,0,9,0,8,0,0,0,0,4,1,6,2,9,-1,-1,-1,10,2
2013300003285,2,9,0,18,0,1,0,0,0,0,1,1,1,1,6,-1,-1,-1,4,1
2013300003285,3,9,0,18,0,1,0,0,0,0,1,1,6,1,8,-1,-1,-1,7,1
2013300003285,4,9,0,18,0,1,0,0,0,0,1,1,6,1,6,-1,-1,-1,-1,-1
2013300003286,1,5,0,9,0,8,0,0,0,0,1,1,6,1,8,883,1,6,10,1
2013300003286,2,9,0,18,0,4,0,0,0,0,3,1,6,1,10,2720,2,9,-1,-1
2013300003293,1,9,0,10,0,8,0,0,0,0,3,1,6,1,8,1596,1,8,4,1
2013300003293,2,9,0,9,0,6,0,0,0,0,1,1,6,1,9,2497,1,12,9,1
2013300003294,1,9,0,5,0,6,0,0,0,0,3,1,6,2,5,1149,1,5,2,1
2013300003294,2,5,0,18,0,8,0,0,0,0,1,1,2,1,6,899,1,16,2,1
2013300003295,1,9,0,17,0,0,1,10,7,7,1,1,6,1,6,1124,1,8,-1,-1
2013300003297,1,9,0,1,9,0,0,0,0,0,4,1,6,1,9,-1,-1,-1,5,1
2013300003298,1,9,0,18,0,2,0,0,7,10,1,1,6,1,11,1399,2,10,8,1
2013300003300,1,9,0,18,0,1,0,0,0,0,1,1,6,1,9,1560,2,5,10,1
2013300003300,2,9,0,3,0,1,1,0,0,0,2,1,6,1,10,1149,1,9,6,1
2013300003309,1,9,0,11,0,3,0,0,0,0,3,1,6,2,-1,-1,-1,-1,10,2
2013300003309,2,9,0,17,0,8,0,0,0,0,4,1,6,1,4,-1,-1,-1,7,1
2013300003311,1,8,0,18,0,8,0,0,0,0,4,1,6,1,7,1762,1,13,3,1
2013300003311,2,9,0,18,0,8,0,0,0,0,1,1,2,1,6,-1,-1,-1,5,1
2013300003312,1,9,0,4,0,1,0,0,0,0,2,1,6,2,6,1242,1,14,5,2
2013300003312,2,9,0,4,0,1,0,0,0,0,1,1,6,2,6,973,1,13,7,1
2013300003312,3,8,0,4,0,1,0,0,0,0,1,1,1,1,6,1998,2,4,1,1
2013300003314,1,90,0,18,0,0,0,0,7,0,0,1,6,1,11,-1,-1,-1,8,3
2013300003315,1,9,0,17,0,0,1,0,7,4,1,1,6,1,5,1364,1,3,-1,-1
2013300003319,1,9,0,5,0,0,0,0,0,0,1,1,6,1,7,1390,1,16,-1,-1
2013300003320,1,5,0,18,0,0,0,0,0,0,1,1,1,1,5,599,1,9,10,1
2013300003325,1,9,0,18,0,8,0,0,0,0,1,1,6,2,5,1229,1,6,5,1
2013300003325,2,9,0,9,0,6,0,0,0,0,4,1,6,1,11,2499,2,10,5,3
2013300003327,1,9,0,3,0,1,0,0,0,0,2,1,6,2,-1,1796,1,6,2,1
2013300003327,2,9,0,4,0,1,0,0,0,0,1,1,1,1,5,1598,2,-1,5,1
2013300003329,1,9,0,9,0,5,0,0,0,0,3,1,1,1,5,1124,1,8,-1,-1
2013300003329,2,3,0,13,0,8,0,0,0,0,4,1,1,1,4,125,1,5,-1,-1
2013300003330,1,9,0,18,0,1,0,0,0,0,3,1,6,1,7,1956,2,1,5,2
2013300003330,2,90,0,2,0,2,0,0,0,0,0,1,6,3,-1,-1,-1,-1,-1,-1
2013300003333,1,9,0,11,0,0,0,0,0,0,4,1,6,1,6,1796,2,-1,8,1
2013300003333,2,9,0,16,0,0,0,0,0,0,3,1,1,2,6,1493,2,3,3,1
2013300003335,1,19,0,16,0,0,0,0,1,10,4,1,1,2,6,1753,2,1,-1,-1
2013300003336,1,9,0,1,0,1,0,0,0,0,2,1,6,1,9,2402,2,6,4,1
2013300003336,2,4,0,10,0,1,0,0,0,0,1,1,6,1,5,124,1,-1,2,1
2013300003338,1,9,0,18,0,0,0,0,0,0,1,1,6,2,9,2996,2,2,10,1
2013300003338,2,9,0,3,0,0,0,0,0,0,2,1,2,1,8,1968,2,-1,-1,2
2013300003338,3,9,0,3,0,0,0,0,0,0,2,1,2,2,8,1997,1,-1,7,3
2013300003338,4,9,0,3,0,0,0,0,0,0,1,1,2,2,5,1198,1,8,4,3
2013300003344,1,3,0,18,0,8,0,0,0,0,1,1,6,1,5,124,1,10,1,1
2013300003344,2,9,0,9,0,5,0,0,0,0,1,1,6,1,7,1800,1,14,6,1
2013300003345,1,9,0,4,0,0,0,0,0,0,1,1,6,1,-1,1390,1,-1,3,1
2013300003345,2,9,0,5,0,0,0,0,0,0,2,1,6,1,5,-1,-1,-1,3,1
2013300003350,1,19,0,10,0,8,0,0,0,0,2,1,1,1,5,1896,2,6,9,1
2013300003350,2,9,0,3,0,1,0,0,0,0,2,1,6,1,5,1797,8,4,9,1
2013300003350,3,19,0,18,0,1,1,0,1,0,1,1,1,1,5,1995,2,5,10,1
2013300003354,1,9,0,9,0,4,0,0,0,0,3,1,6,1,8,1587,1,7,6,1
2013300003354,2,9,0,17,0,8,0,0,0,0,4,1,6,1,5,1328,1,4,5,1
2013300003358,1,9,0,17,0,0,2,0,7,4,0,1,6,1,10,1868,2,11,8,3
2013300003359,1,9,0,17,0,0,2,10,0,0,4,1,6,1,9,1171,1,15,2,1
2013300003361,1,9,0,18,0,3,0,0,0,0,3,1,2,2,6,1968,2,3,8,1
2013300003361,2,90,0,11,0,3,0,0,0,0,4,1,1,1,8,8300,2,10,-1,-1
2013300003372,1,11,0,18,2,8,0,0,0,0,1,1,1,3,8,-1,-1,-1,3,1
2013300003373,1,9,0,4,0,2,0,0,0,0,2,1,6,1,6,1753,2,4,-1,-1
2013300003373,2,8,0,18,0,2,0,0,0,0,1,1,1,1,7,1762,1,14,6,1
2013300003373,3,9,0,18,0,2,0,0,0,0,1,1,2,1,8,1956,2,-1,9,1
2013300003375,1,9,0,9,0,5,0,0,0,0,1,1,6,2,11,1124,1,11,8,1
2013300003375,2,3,0,18,0,8,0,0,0,0,1,1,6,1,7,125,1,-1,4,2
2013300003376,1,9,0,17,0,0,0,0,1,9,1,1,6,2,4,1199,1,13,7,1
2013300003377,1,9,0,4,0,0,0,0,0,0,2,1,1,2,6,1560,2,1,8,1
2013300003377,2,9,0,18,0,0,1,0,0,0,1,1,6,1,4,1896,2,9,-1,-1
2013300003377,3,19,0,18,0,0,1,0,0,0,1,1,2,1,9,2143,2,3,-1,-1
2013300003378,1,9,0,1,0,0,0,0,1,2,2,1,6,2,10,2143,2,-1,10,2
2013300003379,1,9,0,9,0,5,0,0,0,0,3,1,6,1,4,1248,1,1,10,1
2013300003379,2,9,0,18,0,8,0,0,0,0,1,1,6,1,7,2000,2,4,8,1
2013300003383,1,9,0,18,0,1,0,0,0,0,1,1,6,2,4,1242,1,10,5,3
2013300003383,2,1,0,7,0,1,0,0,0,0,2,1,1,1,6,-1,-1,-1,7,1
2013300003387,1,9,0,5,0,6,0,0,0,0,3,1,6,1,10,2985,2,7,10,2
2013300003387,2,9,0,18,0,8,0,0,1,10,4,1,6,1,10,1328,1,3,8,1
2013300003393,1,9,0,4,0,1,0,0,0,0,2,1,2,2,6,1086,1,8,1,1
2013300003393,2,90,0,4,0,1,0,0,0,0,1,1,1,1,9,-1,-1,-1,-1,-1
2013300003398,1,11,0,2,0,0,0,0,0,0,0,1,1,1,8,3900,2,9,7,1
2013300003399,1,9,0,4,0,0,0,0,0,0,2,1,6,1,7,1560,2,6,4,1
2013300003399,2,9,0,4,0,0,0,0,0,0,2,1,6,1,6,1242,1,8,6,1
2013300003399,3,9,0,17,0,0,1,0,0,0,1,1,6,1,7,1489,1,16,4,1
2013300003400,1,9,0,9,0,6,0,0,0,0,1,1,6,2,4,998,1,-1,2,1
2013300003400,2,9,0,17,0,8,0,0,0,0,4,1,6,2,6,2000,2,8,9,1
2013300003401,1,19,0,9,0,6,0,0,0,0,4,1,6,1,7,2500,2,19,2,1
2013300003401,2,9,0,18,0,1,1,0,0,0,1,1,6,1,4,1124,1,13,9,1
2013300003403,1,9,0,16,0,0,1,0,7,10,4,1,6,1,5,1199,1,9,1,1
2013300003404,1,9,0,7,0,6,0,0,0,0,3,1,6,2,-1,2199,2,3,9,2
2013300003404,2,1,0,17,0,8,0,0,0,0,1,1,6,1,3,-1,-1,-1,-1,-1
2013300003406,1,9,0,18,0,6,0,4,0,0,4,1,6,2,7,-1,-1,-1,-1,-1
2013300003406,2,9,0,2,0,2,0,8,0,0,3,1,6,1,-1,-1,-1,-1,-1,-1
2013300003406,3,9,0,2,0,2,0,0,0,0,2,1,6,3,-1,-1,-1,-1,-1,-1
2013300003409,1,9,0,18,0,0,0,0,0,0,0,1,6,2,9,1124,1,13,-1,-1
2013300003409,2,9,0,18,0,0,0,0,0,0,0,1,2,2,4,1229,1,-1,-1,-1
2013300003411,1,9,0,12,0,0,0,7,0,0,1,1,6,1,4,1398,2,9,-1,-1
2013300003411,2,9,0,17,0,0,0,0,0,0,0,1,6,3,-1,-1,-1,-1,-1,-1
2013300003413,1,9,0,17,0,0,2,0,1,4,1,1,6,1,5,973,1,11,1,1
2013300003415,1,1,0,17,0,8,0,0,0,0,1,1,6,1,7,-1,-1,-1,-1,-1
2013300003415,2,9,0,9,0,8,0,0,0,0,4,1,6,1,5,1995,2,8,4,1
2013300003416,1,9,0,9,0,8,0,0,0,0,4,1,6,1,7,1796,1,14,4,1