Accident_Index,Vehicle_Reference,Vehicle_Type,Towing_and_Articulation,Vehicle_Manoeuvre,Vehicle_Location-Restricted_Lane,Junction_Location,Skidding_and_Overturning,Hit_Object_in_Carriageway,Vehicle_Leaving_Carriageway,Hit_Object_off_Carriageway,1st_Point_of_Impact,Was_Vehicle_Left_Hand_Drive?,Journey_Purpose_of_Driver,Sex_of_Driver,Age_Band_of_Driver,Engine_Capacity_(CC),Propulsion_Code,Age_of_Vehicle,Driver_IMD_Decile,Driver_Home_Area_Type
2013300003416,2,5,0,18,0,1,0,0,0,0,1,1,6,1,6,988,1,10,7,1
2013300003416,3,90,0,10,0,1,0,0,0,0,0,1,6,3,-1,-1,-1,-1,-1,-1
2013300003417,1,9,0,18,0,0,0,0,0,0,4,1,2,1,5,1229,1,6,5,1
2013300003418,1,9,0,18,0,0,0,4,0,0,1,1,6,1,5,1794,1,14,4,2
2013300003418,2,9,0,2,0,0,0,0,0,0,2,1,6,2,-1,1396,1,9,-1,-1
2013300003418,3,9,0,2,0,0,0,0,0,0,2,1,6,2,10,1242,1,2,5,2
2013300003418,4,9,0,2,0,0,0,0,0,0,2,1,6,2,-1,1560,2,8,-1,-1
2013300003418,5,9,0,2,0,0,0,0,0,0,2,1,6,3,-1,-1,-1,-1,-1,-1
2013300003418,6,9,0,2,0,0,0,0,0,0,3,1,6,1,-1,1686,2,12,-1,-1
2013300003424,1,9,0,1,0,0,0,10,1,10,2,1,6,2,8,1956,2,1,7,1
2013300003425,1,9,0,5,0,1,0,0,0,0,0,1,6,1,10,1956,2,2,6,1
2013300003425,2,9,0,4,0,1,0,0,0,0,0,1,6,1,8,1240,1,6,3,1
2013300003426,1,9,0,9,0,8,0,0,0,0,3,1,6,1,7,1364,1,6,1,1
2013300003426,2,5,0,18,0,8,0,0,0,0,4,1,6,1,8,779,1,1,1,1
2013300003427,1,9,0,2,0,0,0,0,0,0,0,1,6,1,6,1753,2,5,9,1
2013300003427,2,9,0,18,0,0,1,11,0,0,1,1,6,1,6,2000,2,4,2,1
2013300003427,3,9,0,4,0,0,0,0,0,0,2,1,6,1,7,-1,-1,-1,3,1
2013300003427,4,9,0,18,0,0,1,11,0,0,1,1,6,1,4,1598,2,-1,7,3
2013300003428,1,9,0,7,0,3,0,11,1,1,2,1,6,1,8,-1,-1,-1,2,1
2013300003428,2,9,0,7,0,3,0,9,0,0,1,1,6,3,-1,-1,-1,-1,-1,-1
2013300003429,1,21,0,14,0,0,1,0,0,0,1,1,1,1,9,-1,2,9,-1,-1
2013300003429,2,9,0,14,0,0,1,0,0,0,1,1,1,1,6,1956,2,4,-1,-1
2013300003436,1,9,0,18,0,0,0,0,0,0,0,1,6,1,-1,-1,-1,-1,-1,-1
2013300003437,1,9,0,16,0,0,0,0,0,0,3,1,2,1,7,1753,2,12,7,1
2013300003437,2,11,0,18,0,0,0,0,0,0,3,1,1,1,8,4250,2,13,8,1
2013300003437,3,9,0,3,0,0,0,0,0,0,2,1,6,1,7,1956,2,-1,7,3
2013300003443,1,9,0,18,0,1,0,0,0,0,1,1,6,1,11,1242,1,12,2,1
2013300003443,2,19,0,10,0,8,0,0,0,0,2,1,1,1,8,1753,2,11,-1,-1
2013300003443,3,9,0,18,0,1,0,0,0,0,1,1,1,1,5,1560,2,-1,9,1
2013300003444,1,9,0,16,0,0,2,0,1,0,4,1,6,1,5,1199,1,14,-1,-1
2013300003448,1,9,0,9,0,1,0,0,0,0,1,1,6,2,6,-1,-1,-1,-1,-1
2013300003451,1,9,0,11,0,8,0,0,0,0,2,1,6,2,6,-1,-1,-1,-1,-1
2013300003451,2,5,0,3,0,8,1,0,0,0,1,1,6,1,8,1099,1,19,-1,-1
2013300003452,1,9,0,18,0,0,1,0,2,10,4,1,6,2,11,1360,1,11,8,1
2013300003453,1,9,0,10,0,1,0,0,0,0,1,1,6,2,5,1396,1,9,-1,-1
2013300003453,2,9,0,18,0,8,0,0,0,0,4,1,2,2,4,1124,1,11,-1,-1
2013300003454,1,9,0,9,0,6,0,0,0,0,0,1,6,1,-1,-1,-1,-1,-1,-1
2013300003454,2,9,0,18,0,8,0,0,0,0,1,1,6,2,8,1248,1,2,8,3
2013300003463,1,9,0,18,0,8,1,0,0,0,1,1,6,1,7,1796,1,10,-1,-1
2013300003463,2,9,0,18,0,8,0,0,0,0,2,1,6,2,6,2500,2,10,5,1
2013300003470,1,9,0,18,0,0,0,0,0,0,2,1,6,1,-1,1794,1,12,9,1
2013300003470,2,9,0,18,0,0,0,0,0,0,0,1,2,1,7,1598,1,14,2,1
2013300003478,1,19,0,4,0,2,0,0,0,0,2,1,1,1,7,-1,-1,-1,5,3
2013300003478,2,9,0,4,0,2,0,0,0,0,2,1,6,2,8,-1,-1,-1,7,1
2013300003478,3,9,0,4,0,8,0,0,0,0,2,1,6,1,9,-1,-1,-1,3,2
2013300003478,4,9,0,4,0,8,0,0,0,0,2,1,6,2,9,-1,-1,-1,8,1
2013300003478,5,9,0,11,0,8,1,0,0,0,1,1,6,1,-1,-1,-1,-1,-1,-1
2013300003483,1,3,0,18,0,8,0,0,0,0,1,1,2,1,5,125,1,5,7,1
2013300003483,2,9,0,9,0,4,0,0,0,0,1,1,2,2,5,1388,1,10,4,1
2013300003485,1,9,0,18,0,0,0,0,0,0,3,1,6,2,8,1596,1,5,9,3
2013300003485,2,9,0,18,0,0,0,0,0,0,3,1,3,1,8,2982,2,2,6,3
2013300003489,1,9,0,18,0,8,0,0,0,0,0,1,6,3,-1,-1,-1,-1,-1,-1
2013300003489,2,3,0,18,0,8,0,0,0,0,0,1,6,1,4,-1,-1,-1,4,2
2013300003495,1,9,0,9,0,6,0,0,0,0,1,1,2,1,5,3300,2,26,7,1
2013300003496,1,9,0,9,0,6,0,0,0,0,1,1,6,2,4,1399,1,10,10,1
2013300003496,2,9,0,18,0,1,0,0,0,0,4,1,6,1,6,1905,2,19,3,1
2013300003496,3,9,0,18,0,1,0,0,0,0,1,1,6,2,9,998,1,4,3,1
2013300003496,4,9,0,18,0,1,0,0,0,0,1,1,6,1,8,2184,2,11,1,1
2013300003497,1,9,0,4,0,0,0,0,0,0,1,1,6,1,9,2997,1,16,-1,-1
2013300003497,2,9,0,4,0,0,0,0,0,0,2,1,6,2,7,1229,1,5,-1,-1
2013300003498,1,9,0,3,0,2,0,0,0,0,2,1,3,1,-1,1910,2,7,-1,-1
2013300003498,2,9,0,18,0,2,1,4,0,0,1,1,6,1,-1,1995,2,8,-1,-1
2013300003499,1,9,0,17,0,0,2,0,7,10,1,1,2,2,5,1149,1,12,5,1
2013300003500,1,9,0,17,0,1,2,0,2,2,1,1,2,1,5,1149,1,12,4,1
2013300003503,1,9,0,4,0,1,0,0,0,0,1,1,6,1,-1,1997,2,12,-1,-1
2013300003503,2,9,0,4,0,1,0,0,0,0,2,1,6,1,7,1998,1,9,1,1
2013300003506,1,9,0,16,0,0,0,0,0,0,4,1,2,2,6,1587,1,9,6,1
2013300003510,1,9,0,9,0,6,0,0,0,0,3,1,1,2,6,1560,2,1,10,1
2013300003510,2,1,0,18,0,1,0,0,0,0,1,1,1,1,-1,-1,-1,-1,-1,-1
2013300003512,1,9,0,12,0,0,0,0,0,0,3,1,1,1,8,1242,1,-1,2,1
2013300003512,2,9,0,18,0,0,0,0,0,0,1,1,1,1,8,1796,1,13,2,1
2013300003517,1,9,0,9,0,5,0,0,0,0,0,1,6,1,-1,-1,-1,-1,-1,-1
2013300003517,2,1,0,18,0,8,0,0,0,0,0,1,2,1,6,-1,-1,-1,6,1
2013300003519,1,9,0,12,0,0,0,0,0,0,0,1,6,3,-1,-1,-1,-1,-1,-1
2013300003519,2,9,0,18,0,0,0,0,4,6,1,1,6,1,9,1999,1,10,8,1
2013300003519,3,9,0,18,0,0,0,0,0,0,1,1,6,1,5,998,1,11,6,3
2013300003520,1,9,0,9,0,8,0,0,0,0,3,1,6,1,7,-1,-1,-1,-1,-1
2013300003520,2,9,0,13,0,1,0,0,0,0,1,1,6,2,6,-1,-1,-1,-1,-1
2013300003523,1,9,0,18,0,0,0,0,0,0,0,1,6,2,-1,-1,-1,-1,-1,-1
2013300003523,2,1,0,18,0,0,0,0,0,0,1,1,2,2,5,-1,-1,-1,1,1
2013300003525,1,9,0,18,0,0,0,0,0,0,4,1,6,3,-1,-1,-1,-1,-1,-1
2013300003525,2,1,0,18,0,0,0,0,0,0,2,1,6,1,3,-1,-1,-1,-1,-1
2013300003528,1,9,0,18,0,0,1,0,2,7,1,1,2,1,4,-1,-1,-1,7,1
2013300003528,2,21,1,18,0,0,0,0,0,0,2,1,1,1,9,11967,2,-1,8,1
2013300003528,3,21,0,18,0,0,0,0,0,0,4,1,1,1,8,11000,2,14,3,1
2013300003529,1,8,0,5,0,8,0,0,0,0,1,1,1,1,6,1910,2,6,-1,-1
2013300003529,2,9,0,9,0,8,0,0,0,0,1,1,2,2,7,1527,2,11,-1,-1
2013300003530,1,3,0,18,0,0,2,0,0,0,1,1,2,1,5,124,1,-1,3,1
2013300003530,2,9,0,2,0,0,0,0,0,0,2,1,2,1,7,1968,2,-1,8,2
2013300003530,3,21,1,2,0,0,0,0,0,0,0,1,1,1,6,10308,2,3,2,1
2013300003532,1,3,0,18,0,0,0,4,0,0,2,1,6,1,4,125,1,8,6,1
2013300003532,2,9,0,2,0,0,0,0,0,0,2,1,6,1,9,1587,1,8,6,1
2013300003534,1,5,0,18,0,0,1,0,0,0,0,1,6,1,8,1250,1,6,6,3
2013300003535,1,11,0,16,0,0,0,0,0,0,0,1,1,1,8,4250,2,11,10,1
2013300003537,1,9,0,18,0,8,0,0,0,0,1,1,2,1,7,2926,2,10,-1,-1
2013300003537,2,9,0,2,0,1,0,0,0,0,2,1,6,1,9,1995,2,1,-1,-1
2013300003545,1,9,0,9,0,6,0,0,0,0,3,1,6,1,8,1560,2,6,2,1
2013300003545,2,9,0,18,0,8,0,0,0,0,1,1,2,2,9,1588,1,9,3,2
2013300003549,1,3,0,18,0,0,0,11,0,0,1,1,2,1,4,124,1,4,3,1
2013300003550,1,9,0,17,0,0,0,0,0,0,1,1,6,2,7,1296,1,7,-1,-1
2013300003550,2,21,1,16,0,0,0,0,0,0,4,1,1,1,6,10837,2,7,-1,-1
2013300003555,1,9,0,9,0,6,0,0,0,0,1,1,6,1,10,1998,1,10,-1,-1
2013300003555,2,9,0,18,0,1,0,0,0,0,1,1,6,2,-1,1299,1,14,-1,-1
2013300003556,1,9,0,6,0,0,0,0,0,0,4,1,6,1,7,-1,-1,-1,2,1
2013300003556,2,9,0,18,0,0,0,0,0,0,1,1,6,1,8,1896,2,6,4,1
2013300003557,1,1,0,18,0,0,0,0,0,0,0,1,2,1,8,-1,-1,-1,4,1
2013300003558,1,9,0,1,9,0,0,0,0,0,2,1,1,1,6,1461,2,2,8,1
2013300003559,1,8,0,5,0,6,0,0,0,0,1,1,1,1,9,1995,2,8,3,1
2013300003559,2,5,0,18,0,8,0,0,0,0,4,1,6,1,6,599,1,9,1,1
2013300003565,1,9,0,18,0,0,1,0,1,10,3,1,2,2,6,998,1,9,6,1
2013300003571,1,9,0,18,0,1,0,0,0,0,1,1,6,1,5,1596,1,9,4,1
2013300003571,2,9,0,4,0,4,0,0,0,0,2,1,6,2,6,1896,2,5,3,1
2013300003575,1,9,0,18,0,8,1,0,1,0,1,1,2,1,7,1968,2,7,-1,-1
2013300003575,2,9,0,9,0,8,0,0,0,0,4,1,2,1,5,1242,1,12,-1,-1
2013300003577,1,90,0,13,0,0,0,0,0,0,3,1,1,1,6,2999,2,1,-1,-1
2013300003577,2,9,0,18,0,0,0,0,0,0,3,1,6,2,4,1299,1,11,-1,-1
2013300003577,3,8,0,18,0,0,0,0,0,0,0,1,6,3,-1,-1,-1,-1,-1,-1
2013300003579,1,9,0,17,0,0,1,0,7,10,1,1,2,2,8,1299,1,9,2,1
2013300003580,1,2,0,17,0,1,0,0,0,0,0,1,1,1,7,49,1,-1,4,1
2013300003581,1,90,0,17,0,0,2,0,7,10,1,1,2,2,8,-1,-1,-1,7,2
2013300003584,1,9,0,1,9,1,0,0,0,0,0,1,6,3,-1,-1,-1,-1,-1,-1
2013300003586,1,9,0,9,0,6,0,0,0,0,3,1,6,1,10,1598,1,9,-1,-1
2013300003586,2,9,0,18,0,8,0,0,7,0,1,1,6,1,4,1997,2,12,-1,-1
2013300003587,1,1,0,4,0,0,1,0,0,0,0,1,6,1,7,-1,-1,-1,-1,-1
2013300003589,1,1,0,3,0,0,0,4,0,0,3,1,6,1,4,-1,-1,-1,4,3
2013300003589,2,9,0,2,0,0,0,0,0,0,2,1,6,2,8,1796,1,7,-1,-1
2013300003589,3,9,0,14,0,0,0,0,0,0,0,1,6,3,-1,-1,-1,-1,-1,-1
2013300003591,1,9,0,5,0,6,0,0,0,0,0,1,6,1,9,1753,2,5,-1,-1
2013300003591,2,9,0,7,0,6,0,0,0,0,1,1,6,1,9,1600,2,3,-1,-1
2013300003591,3,9,0,10,0,1,0,0,0,0,1,1,6,2,5,1199,1,11,-1,-1
2013300003591,4,9,0,18,0,1,0,0,0,0,1,1,6,1,7,1796,1,13,-1,-1
2013300003593,1,9,0,4,0,1,0,0,0,0,0,1,6,1,4,-1,-1,-1,5,2
2013300003593,2,9,0,5,0,1,0,0,0,0,0,1,6,2,6,-1,-1,-1,2,1
2013300003600,1,9,0,11,0,0,1,0,1,2,2,1,2,2,7,1582,2,5,10,3
2013300003604,1,9,0,16,0,2,0,0,0,0,1,1,2,2,7,998,1,14,3,1
2013300003614,1,11,0,5,0,0,0,0,0,0,0,1,1,1,6,7300,2,4,9,2
2013300003618,1,9,0,16,0,0,1,0,0,0,1,1,2,1,7,1995,2,15,2,1
2013300003618,2,9,0,17,0,0,0,0,0,0,1,1,2,2,9,1360,1,10,5,1
2013300003621,1,9,0,7,0,3,0,0,0,0,1,1,2,1,4,1461,2,1,1,1
2013300003622,1,9,0,18,0,0,0,0,0,0,1,1,6,2,7,-1,-1,-1,3,1
2013300003622,2,9,0,18,0,0,0,0,0,0,2,1,6,1,7,-1,-1,-1,10,2
2013300003622,3,9,0,18,0,0,0,0,0,0,1,1,6,2,7,-1,-1,-1,4,1
2013300003622,4,9,0,18,0,0,0,0,0,0,2,1,6,2,8,-1,-1,-1,6,1
2013300003623,1,90,0,5,0,0,0,0,0,0,3,1,6,1,8,1905,2,11,-1,-1
2013300003624,1,9,0,18,0,0,1,11,8,10,1,1,6,1,6,1360,1,7,8,1
2013300003627,1,2,0,18,0,8,0,0,0,0,1,1,6,1,4,49,1,10,8,3
2013300003627,2,9,0,9,0,5,0,0,0,0,3,1,6,1,9,1388,1,10,8,2
2013300003629,1,21,0,18,0,0,0,0,0,0,1,1,1,1,7,5880,2,8,9,1
2013300003629,2,9,0,2,0,0,0,0,0,0,2,1,6,1,11,1390,2,12,8,1
2013300003630,1,9,0,3,0,1,0,0,0,0,2,1,3,2,7,1587,1,10,3,1
2013300003630,2,10,0,4,0,1,1,0,0,0,1,1,6,1,8,2500,2,13,6,1
2013300003631,1,9,0,7,0,8,0,0,0,0,3,1,6,1,11,1242,1,1,10,1
2013300003631,2,9,0,7,0,8,0,0,0,0,3,1,6,1,5,1590,1,16,9,1
2013300003633,1,9,0,17,0,0,1,0,4,6,3,1,6,1,4,1360,1,9,2,1
2013300003636,1,9,0,12,0,1,0,0,1,0,0,1,6,1,8,3400,6,15,-1,-1
2013300003636,2,11,0,18,3,1,0,0,0,0,0,1,1,1,8,7300,2,4,3,1
2013300003639,1,9,0,18,0,8,1,0,1,7,1,1,2,2,7,1596,1,10,10,1
2013300003641,1,9,0,14,0,0,1,0,0,0,1,1,6,1,4,-1,-1,-1,7,1
2013300003641,2,90,0,2,0,0,0,0,0,0,0,1,6,3,-1,-1,-1,-1,-1,-1
2013300003643,1,9,0,14,0,1,0,0,0,0,4,1,1,1,7,1596,1,12,-1,-1
2013300003643,2,9,0,18,0,1,0,0,0,0,1,1,1,2,8,1598,1,1,-1,-1
2013300003643,3,9,0,10,0,1,0,0,0,0,0,1,1,1,-1,2494,2,7,-1,-1
2013300003647,1,9,0,13,0,0,2,0,0,0,4,1,6,2,8,1796,1,14,6,2
2013300003647,2,21,0,16,0,0,0,0,0,0,1,1,1,1,7,12777,2,1,5,1
2013300003651,1,2,0,18,0,2,0,4,0,0,2,1,2,2,4,49,1,-1,-1,-1
2013300003651,2,20,0,2,0,2,0,0,0,0,2,1,6,3,-1,2998,2,-1,-1,-1
2013300003652,1,9,0,16,0,0,0,0,0,0,1,1,6,1,4,1242,1,11,6,1
2013300003652,2,20,0,17,0,0,0,0,0,0,3,1,1,1,9,-1,-1,-1,-1,-1
2013300003657,1,9,0,18,0,0,0,0,0,0,0,1,6,1,7,1328,1,11,4,1
2013300003658,1,9,0,7,0,8,0,0,0,0,0,1,6,3,-1,-1,-1,-1,-1,-1
2013300003658,2,90,0,18,0,8,1,10,1,0,1,1,6,1,6,-1,-1,-1,-1,-1
2013300003666,1,1,0,9,0,5,0,0,0,0,4,1,2,1,6,-1,-1,-1,5,1
2013300003666,2,9,0,18,0,8,0,0,0,0,1,1,2,2,5,1390,1,6,6,1
2013300003667,1,9,0,18,0,3,1,0,2,2,1,1,6,1,4,1229,1,7,10,1
2013300003670,1,9,0,5,0,8,0,0,0,0,3,1,2,2,5,1296,1,5,7,1
2013300003670,2,1,0,18,0,8,5,0,0,0,4,1,2,1,8,-1,-1,-1,2,1
2013300003673,1,9,0,4,0,1,0,0,0,0,1,1,6,2,-1,1248,2,8,8,1
2013300003673,2,1,0,3,0,1,0,0,0,0,2,1,6,1,7,-1,-1,-1,6,1
2013300003675,1,9,0,18,0,0,2,0,2,3,1,1,6,1,4,1405,1,7,9,2
2013300003676,1,9,0,4,0,2,0,0,0,0,0,1,1,1,-1,-1,-1,-1,8,2
2013300003679,1,9,0,18,0,0,2,0,0,0,1,1,6,1,5,1390,1,9,2,1
2013300003679,2,21,1,18,0,0,0,0,0,0,3,1,1,1,-1,12777,2,7,5,3
2013300003680,1,9,0,16,0,0,5,0,2,10,1,1,6,2,4,1364,2,9,5,3
2013300003683,1,9,0,9,0,8,0,0,0,0,1,1,6,1,10,-1,-1,-1,3,1
2013300003683,2,1,0,18,0,8,0,0,0,0,3,1,6,1,7,-1,-1,-1,3,1
2013300003686,1,9,0,4,0,8,0,0,0,0,1,1,6,1,6,-1,-1,-1,3,1
2013300003686,2,9,0,9,0,6,0,0,0,0,0,1,6,1,6,-1,-1,-1,3,1
2013300003692,1,1,0,14,0,0,0,4,0,0,1,1,6,1,8,-1,-1,-1,9,1
2013300003692,2,9,0,2,0,0,0,0,0,0,3,1,6,1,9,2184,2,8,7,1
2013300003697,1,9,0,16,0,0,0,0,0,0,1,1,6,2,10,1497,8,5,9,2
2013300003697,2,20,0,17,0,0,0,0,0,0,1,1,1,1,9,-1,-1,-1,4,1
2013300003700,1,9,0,5,0,6,0,0,0,0,1,1,6,1,11,1242,1,9,10,1
2013300003700,2,1,0,18,0,8,0,0,0,0,4,1,6,1,5,-1,-1,-1,7,1
2013300003704,1,9,0,18,0,0,0,0,0,0,1,1,6,2,6,1299,1,5,9,2
2013300003704,2,21,0,2,0,0,0,0,0,0,0,1,1,1,8,-1,-1,-1,-1,-1
2013300003710,1,9,0,18,0,0,0,0,0,0,1,1,6,1,6,1762,1,13,3,1
2013300003710,2,8,0,3,0,0,0,0,0,0,0,1,3,2,6,1360,1,9,2,1
2013300003712,1,9,0,18,0,0,1,0,1,0,0,1,6,1,6,1796,1,10,5,1
2013300003712,2,9,0,18,0,0,0,0,0,0,1,1,6,2,10,1360,1,5,3,1
2013300003713,1,9,0,16,0,0,0,0,0,0,1,1,6,1,-1,1396,1,10,7,1
2013300003713,2,9,0,17,0,0,0,0,0,0,1,1,6,2,8,2400,2,1,8,3
2013300003713,3,9,0,16,0,0,0,0,0,0,2,1,6,1,6,1998,1,11,7,1
2013300003713,4,9,0,16,0,0,0,0,0,0,1,1,6,1,8,2351,1,11,3,1
2013300003719,1,9,0,18,0,1,0,0,1,4,1,1,6,2,9,1396,1,10,8,3
2013300003725,1,9,0,5,9,8,0,0,0,0,1,1,6,2,6,1242,1,11,-1,-1
2013300003725,2,1,0,18,9,8,0,0,0,0,1,1,6,2,9,-1,-1,-1,-1,-1
2013300003726,1,1,0,17,0,0,1,0,0,0,1,1,6,1,-1,-1,-1,-1,9,2
2013300003726,2,9,0,16,0,0,0,0,0,0,1,1,6,2,-1,-1,-1,-1,10,2
2013300003728,1,9,0,18,0,3,0,0,0,0,4,1,2,2,5,1398,2,8,3,1
2013300003728,2,9,0,18,0,3,0,0,0,0,3,1,6,2,6,1390,1,7,5,1
2013300003729,1,9,0,13,0,1,0,0,0,0,3,1,1,1,6,1686,2,2,4,1
2013300003729,2,9,0,9,0,8,0,0,0,0,2,1,6,2,7,1493,2,7,6,3
2013300003735,1,9,0,18,0,0,2,0,8,6,1,1,6,1,7,1242,1,12,4,1
2013300003737,1,9,0,7,0,3,0,11,0,0,1,1,1,1,7,-1,-1,-1,6,1
2013300003738,1,9,0,1,9,0,0,0,0,0,2,1,6,1,9,2497,2,7,6,2
2013300003741,1,9,0,17,0,0,2,0,1,10,1,1,2,1,6,1769,1,8,5,2
2013300003744,1,1,0,9,0,8,0,0,0,0,1,1,2,1,5,-1,-1,-1,10,1
2013300003744,2,9,0,18,0,4,0,0,0,0,1,1,6,3,-1,-1,-1,-1,-1,-1
2013300003745,1,9,0,18,0,6,0,0,0,0,4,1,6,1,11,1388,1,3,9,1
2013300003745,2,3,0,18,0,8,5,0,0,0,1,1,6,1,-1,125,1,6,3,1
2013300003745,3,5,0,10,0,1,0,0,0,0,1,1,6,1,7,996,1,14,7,1
2013300003747,1,9,0,4,0,1,0,0,0,0,1,1,6,1,8,2996,2,14,1,1
2013300003747,2,9,0,3,0,1,0,0,0,0,2,1,6,2,6,1910,2,5,2,1
2013300003748,1,9,0,18,0,1,0,0,0,0,1,1,2,1,6,-1,-1,-1,7,2
2013300003748,2,9,0,10,0,8,0,0,0,0,2,1,6,1,6,1896,2,11,1,1
2013300003749,1,10,0,6,0,0,0,0,0,0,3,1,1,1,9,2500,2,6,5,1
2013300003749,2,4,0,18,0,0,0,0,0,0,1,1,2,1,9,278,1,-1,5,1
2013300003751,1,9,0,5,0,4,0,0,0,0,3,1,2,1,7,1242,1,6,5,1
2013300003751,2,1,0,18,0,8,0,0,0,0,0,1,6,1,7,-1,-1,-1,7,1
2013300003752,1,9,0,18,0,1,0,0,0,0,1,1,6,2,6,1596,1,11,-1,-1
2013300003752,2,9,0,5,0,1,0,0,0,0,1,1,6,1,5,1796,1,9,-1,-1
2013300003761,1,9,0,17,0,0,0,0,0,0,0,1,6,3,-1,-1,-1,-1,-1,-1
2013300003761,2,9,0,18,0,0,0,0,1,0,0,1,1,1,8,2143,2,1,9,2
2013300003766,1,9,0,9,0,6,0,0,0,0,1,1,6,1,8,1199,1,11,2,1
2013300003766,2,4,0,14,0,1,2,0,0,0,4,1,6,1,5,125,1,-1,3,1
2013300003767,1,9,0,9,0,5,0,0,0,0,3,1,2,1,8,1242,1,16,3,1
2013300003768,1,9,0,2,6,0,0,0,0,0,3,1,2,1,7,1242,1,-1,6,3
2013300003768,2,1,0,15,0,0,0,4,0,0,1,1,2,2,7,-1,-1,-1,6,3
2013300003768,3,9,0,3,0,0,0,0,0,0,0,1,6,3,-1,-1,-1,-1,-1,-1
2013300003770,1,9,0,18,0,8,0,0,0,0,3,1,6,1,4,1242,1,7,6,2
2013300003770,2,1,0,18,0,8,0,0,0,0,1,1,6,1,5,-1,-1,-1,5,1
2013300003775,1,9,0,18,0,8,1,0,7,10,4,1,6,2,5,1398,1,11,5,1
2013300003775,2,9,0,5,0,6,0,0,0,0,1,1,6,1,7,1596,1,12,1,1
2013300003776,1,2,0,7,0,4,0,0,1,0,0,1,6,1,-1,49,1,-1,7,1
2013300003776,2,9,0,5,0,4,0,0,1,0,0,1,6,3,-1,-1,-1,-1,-1,-1
2013300003777,1,9,0,17,0,0,2,0,0,0,1,1,6,1,5,1396,1,-1,1,1
2013300003779,1,9,0,17,0,0,0,0,0,0,4,1,6,1,11,1951,2,9,10,1
2013300003779,2,1,0,17,0,0,5,0,0,0,3,1,6,1,7,-1,-1,-1,1,1
2013300003780,1,9,0,1,0,6,0,0,0,0,2,1,6,1,-1,-1,-1,-1,-1,-1
2013300003780,2,9,0,18,0,8,0,0,0,0,1,1,6,2,7,-1,-1,-1,6,1
2013300003784,1,9,0,16,0,0,1,0,1,9,1,1,6,2,8,1149,1,7,3,2
2013300003785,1,9,0,18,0,4,0,0,0,0,2,1,6,2,-1,-1,-1,-1,-1,-1
2013300003785,2,9,0,18,0,4,0,0,0,0,2,1,6,1,-1,-1,-1,-1,6,3
2013300003789,1,9,0,17,0,1,1,10,1,2,1,1,6,2,4,-1,-1,-1,9,2
2013300003791,1,19,0,3,0,2,0,0,0,0,1,1,2,1,9,1998,2,12,-1,-1
2013300003791,2,9,0,14,0,2,0,0,0,0,1,1,6,1,11,1370,1,15,-1,-1
2013300003792,1,9,0,5,0,0,0,0,0,0,4,1,6,1,11,1686,2,-1,2,1
2013300003792,2,11,0,18,0,0,0,0,0,0,3,1,1,1,6,9360,2,3,1,1
2013300003792,3,9,0,3,0,0,0,0,0,0,1,1,6,2,7,1834,1,12,4,1
2013300003798,1,9,0,4,0,4,0,0,0,0,1,1,6,1,-1,-1,-1,-1,-1,-1
2013300003798,2,9,0,3,0,4,0,0,0,0,0,1,6,2,5,1390,1,12,5,1
2013300003799,1,9,0,18,0,0,1,0,2,10,1,1,6,1,6,1396,1,9,3,1
2013300003801,1,8,0,13,0,0,0,0,0,0,3,1,1,1,6,1995,2,1,1,1
2013300003801,2,9,0,18,0,0,0,0,0,0,3,1,6,1,4,1686,2,1,3,1
2013300003801,3,8,0,18,0,0,0,0,0,0,0,1,1,1,5,2700,2,9,3,1
2013300003801,4,20,0,18,0,0,0,0,0,0,0,1,6,3,-1,-1,-1,-1,-1,-1
2013300003803,1,9,0,18,0,0,2,10,0,0,4,1,1,2,7,1587,1,15,6,2
2013300003803,2,9,0,18,0,0,0,0,0,0,0,1,6,3,-1,-1,-1,-1,-1,-1
2013300003804,1,9,0,18,0,2,0,0,0,0,1,1,6,2,11,1686,2,2,10,1
2013300003804,2,9,0,4,0,1,0,0,1,7,1,1,6,1,11,1685,2,-1,8,1
2013300003804,3,9,0,2,0,1,0,0,0,0,4,1,6,3,-1,1560,2,-1,-1,-1
2013300003807,1,3,0,18,0,1,1,0,0,0,3,1,2,1,6,124,1,-1,-1,-1
2013300003807,2,90,0,10,0,1,0,0,0,0,0,1,1,1,6,-1,-1,-1,3,1
2013300003836,1,9,0,9,0,1,0,0,0,0,0,1,6,3,-1,-1,-1,-1,-1,-1
2013300003838,1,9,0,18,0,1,0,0,0,0,1,1,2,1,4,1368,1,4,10,1
2013300003838,2,9,0,3,0,1,0,0,0,0,2,1,6,2,9,1329,1,2,8,1
2013300003846,1,9,0,11,0,3,0,0,0,0,4,1,6,1,10,-1,-1,-1,1,1
2013300003846,2,20,0,7,0,3,0,7,1,1,1,1,1,1,7,-1,-1,-1,5,1
2013300003849,1,9,0,18,0,0,0,0,7,10,3,1,6,1,11,1388,1,3,5,1
2013300003850,1,9,0,13,0,0,0,0,0,0,0,1,6,3,-1,-1,-1,-1,-1,-1
2013300003850,2,9,0,18,0,0,0,0,8,10,3,1,6,1,10,1560,2,2,5,3
2013300003850,3,9,0,18,0,0,0,0,0,0,0,1,6,3,-1,-1,-1,-1,-1,-1