Accident_Index,Vehicle_Reference,Vehicle_Type,Towing_and_Articulation,Vehicle_Manoeuvre,Vehicle_Location-Restricted_Lane,Junction_Location,Skidding_and_Overturning,Hit_Object_in_Carriageway,Vehicle_Leaving_Carriageway,Hit_Object_off_Carriageway,1st_Point_of_Impact,Was_Vehicle_Left_Hand_Drive?,Journey_Purpose_of_Driver,Sex_of_Driver,Age_Band_of_Driver,Engine_Capacity_(CC),Propulsion_Code,Age_of_Vehicle,Driver_IMD_Decile,Driver_Home_Area_Type
2013300003851,1,9,0,12,0,8,0,0,0,0,0,1,6,3,-1,-1,-1,-1,-1,-1
2013300003851,2,9,0,18,0,8,0,0,0,0,2,1,6,1,6,-1,-1,-1,2,1
2013300003851,3,9,0,18,0,8,1,0,0,0,1,1,6,2,5,-1,-1,-1,5,1
2013300003853,1,9,0,14,0,0,0,0,0,0,1,1,6,1,7,1796,1,12,2,1
2013300003853,2,90,0,2,0,0,0,0,0,0,0,1,6,3,-1,-1,-1,-1,-1,-1
2013300003859,1,9,0,4,0,0,1,0,1,10,1,1,1,2,4,1299,1,14,4,1
2013300003859,2,9,0,18,0,0,0,0,0,0,1,1,1,1,7,1329,1,1,10,1
2013300003863,1,9,0,9,0,5,0,0,0,0,1,1,1,2,7,2230,1,8,-1,-1
2013300003863,2,3,0,5,0,6,0,0,0,0,2,1,2,1,-1,124,1,-1,3,1
2013300003863,3,9,0,3,0,1,0,0,0,0,3,1,6,1,-1,1349,1,13,2,1
2013300003864,1,21,1,4,0,0,0,0,0,0,2,1,1,1,9,12902,2,-1,6,1
2013300003864,2,21,1,18,0,0,1,0,0,0,1,1,1,1,9,12419,2,3,8,3
2013300003871,1,9,0,9,0,6,0,0,0,0,1,1,6,3,-1,-1,-1,-1,-1,-1
2013300003871,2,3,0,3,0,8,0,0,0,0,4,1,1,1,4,124,1,5,5,1
2013300003872,1,9,0,18,0,0,1,0,0,0,1,1,6,1,7,1995,2,7,10,3
2013300003872,2,9,0,4,0,0,0,0,0,0,2,1,6,1,8,3248,1,12,-1,-1
2013300003874,1,9,0,3,0,1,0,0,0,0,2,1,6,1,8,1910,2,5,6,2
2013300003874,2,9,0,5,0,1,0,0,0,0,1,1,1,1,6,1596,1,8,10,1
2013300003877,1,9,0,18,0,8,0,0,0,0,0,1,6,2,8,1468,1,12,-1,-1
2013300003877,2,1,0,18,0,1,1,0,0,0,0,1,4,1,3,-1,-1,-1,9,1
2013300003879,1,9,0,4,0,0,0,0,0,0,2,1,2,1,7,2967,2,3,9,1
2013300003879,2,9,0,4,0,0,0,0,0,0,1,1,2,1,7,1598,2,-1,5,2
2013300003879,3,9,0,4,0,0,0,0,0,0,1,1,2,1,7,1968,2,-1,5,1
2013300003880,1,9,0,9,0,6,0,0,0,0,3,1,6,2,6,1248,2,7,-1,-1
2013300003880,2,1,0,14,0,8,0,0,0,0,1,1,6,1,7,-1,-1,-1,-1,-1
2013300003880,3,90,0,3,0,1,0,0,0,0,0,1,6,3,-1,-1,-1,-1,-1,-1
2013300003889,1,9,0,9,0,4,0,0,1,10,3,1,6,1,8,1783,1,12,9,1
2013300003889,2,9,0,18,0,4,0,0,7,0,1,1,6,1,4,-1,-1,-1,6,1
2013300003896,1,9,0,14,0,0,2,0,7,10,1,1,6,1,-1,-1,-1,-1,3,1
2013300003896,2,19,0,2,0,0,0,0,0,0,2,1,1,1,6,-1,-1,-1,4,1
2013300003897,1,1,0,18,9,1,0,0,0,0,1,1,6,1,6,-1,-1,-1,4,1
2013300003897,2,9,0,10,0,1,0,0,0,0,4,1,6,2,7,1242,1,1,3,1
2013300003897,3,9,0,18,0,8,0,0,0,0,4,1,6,1,9,2720,2,5,9,1
2013300003902,1,5,0,18,0,0,0,0,0,0,1,1,6,1,8,998,1,6,-1,-1
2013300003904,1,9,0,17,0,0,1,0,2,10,1,1,6,1,6,1988,1,11,1,1
2013300003907,1,9,0,17,0,1,0,0,0,0,0,1,6,1,4,-1,-1,-1,2,1
2013300003907,2,9,0,2,0,2,0,0,0,0,2,1,6,1,7,-1,-1,-1,-1,-1
2013300003907,3,9,0,2,0,1,0,0,0,0,2,1,6,3,-1,-1,-1,-1,-1,-1
2013300003911,1,9,0,5,0,8,0,0,0,0,1,1,6,1,-1,1997,1,11,-1,-1
2013300003911,2,2,0,13,0,8,0,0,0,0,4,1,2,1,4,50,1,2,2,1
2013300003922,1,9,0,4,0,0,0,0,0,0,1,1,6,1,10,2776,2,10,9,3
2013300003922,2,9,0,3,0,0,0,0,0,0,2,1,6,1,4,1968,2,6,10,3
2013300003922,3,19,0,3,0,0,0,0,0,0,2,1,1,1,6,2198,2,-1,4,1
2013300003922,4,9,0,4,0,0,1,0,0,0,1,1,6,1,10,1992,2,6,9,1
2013300003924,1,9,0,18,0,0,0,0,0,0,1,1,6,2,7,1686,2,6,5,1
2013300003924,2,9,0,18,0,0,0,0,0,0,1,1,6,1,7,1998,1,11,8,1
2013300003926,1,9,0,18,0,4,0,9,3,1,1,1,3,2,7,-1,-1,-1,6,1
2013300003929,1,9,0,17,0,0,5,0,2,10,1,1,1,1,5,-1,-1,-1,1,1
2013300003930,1,9,0,14,0,0,5,4,0,0,4,1,6,2,11,1596,1,11,4,2
2013300003930,2,9,0,2,0,0,0,0,0,0,4,1,6,1,4,1396,1,9,-1,-1
2013300003933,1,9,0,9,0,8,0,0,0,0,1,1,6,2,7,1799,1,5,-1,-1
2013300003933,2,9,0,18,0,8,0,0,0,0,1,1,6,2,5,1896,2,10,-1,-1
2013300003940,1,9,0,17,0,0,0,0,0,0,1,1,1,2,8,1896,2,8,2,1
2013300003943,1,9,0,18,0,6,0,0,3,1,1,1,6,2,9,1910,2,5,5,3
2013300003943,2,9,0,18,0,8,0,0,1,0,3,1,6,2,9,1753,2,9,5,3
2013300003943,3,9,0,3,0,1,0,0,1,10,4,1,6,1,9,1560,2,2,-1,-1
2013300003946,1,19,0,9,0,8,0,0,0,0,3,1,1,1,5,1753,2,7,4,1
2013300003946,2,9,0,18,0,8,0,0,0,0,1,1,6,2,9,2830,2,20,8,3
2013300003947,1,9,0,18,0,0,0,4,0,0,1,1,6,1,11,1997,2,11,1,1
2013300003947,2,9,0,2,0,0,0,0,0,0,2,1,3,2,7,1587,1,11,7,1
2013300003952,1,9,0,18,0,2,0,0,0,0,4,1,6,2,4,1400,1,13,-1,-1
2013300003955,1,9,0,14,0,1,0,0,0,0,4,1,6,1,8,1968,2,7,5,1
2013300003955,2,9,0,18,0,2,0,0,1,0,1,1,6,2,9,1590,1,15,9,1
2013300003955,3,9,0,3,0,1,0,0,0,0,3,1,6,2,5,1149,1,5,4,1
2013300003955,4,5,0,18,0,2,0,0,0,0,1,1,6,1,7,599,1,5,10,1
2013300003957,1,10,0,5,0,0,0,0,0,0,4,1,1,1,10,2500,2,13,8,2
2013300003966,1,3,0,18,0,0,0,0,0,0,4,1,2,2,8,124,1,1,4,1
2013300003968,1,11,0,7,0,8,0,0,0,0,4,1,1,1,8,9000,2,5,1,1
2013300003969,1,9,0,4,0,0,0,0,0,0,2,1,2,2,6,1796,2,-1,1,1
2013300003969,2,9,0,4,0,0,0,0,0,0,2,1,6,1,6,1796,1,6,2,1
2013300003969,3,9,0,4,0,0,0,0,0,0,2,1,2,1,9,1896,2,4,6,3
2013300003969,4,19,0,4,0,0,0,0,0,0,1,1,1,1,6,2402,2,10,8,1
2013300003971,1,19,0,18,0,0,1,0,0,0,1,1,6,1,8,1399,2,6,3,1
2013300003971,2,9,0,18,0,0,0,0,0,0,2,1,6,1,5,1984,1,5,-1,-1
2013300003972,1,9,0,18,0,4,0,0,0,0,1,1,2,1,6,1124,1,6,9,1
2013300003972,2,1,0,18,0,8,0,0,0,0,4,1,2,1,7,-1,-1,-1,4,1
2013300003973,1,3,0,4,0,2,1,0,0,0,3,1,2,1,5,124,1,-1,7,3
2013300003975,1,19,0,18,0,0,0,0,0,0,1,1,1,1,8,1870,2,8,1,1
2013300003978,1,9,0,11,0,8,0,0,0,0,0,1,6,2,6,1329,1,2,5,2
2013300003978,2,9,0,18,0,8,1,7,0,0,2,1,6,1,5,1242,1,7,9,1
2013300003980,1,9,0,4,0,0,0,0,0,0,0,1,6,2,7,998,1,13,1,1
2013300003980,2,1,0,15,0,0,0,4,0,0,1,1,6,2,8,-1,-1,-1,-1,-1
2013300003981,1,9,0,1,0,0,0,0,0,0,2,1,6,2,11,998,1,3,-1,-1
2013300003982,1,9,0,18,0,1,0,0,0,0,1,1,6,2,9,1598,1,8,6,3
2013300003982,2,9,0,9,0,8,0,0,0,0,3,1,1,2,8,1686,2,-1,-1,-1
2013300003989,1,21,1,18,0,1,1,0,0,0,1,1,1,1,7,12902,2,-1,7,3
2013300003989,2,9,0,10,0,8,0,0,0,0,2,1,6,1,7,1390,1,3,7,3
2013300003990,1,9,0,18,0,0,1,0,2,10,4,1,6,2,6,1461,2,4,8,3
2013300003990,2,9,0,18,0,0,1,0,0,0,3,1,6,1,8,2926,2,7,8,2
2013300003991,1,9,0,5,0,6,0,0,0,0,1,1,2,2,5,1199,1,11,3,1
2013300003991,2,9,0,18,0,1,0,0,0,0,4,1,1,1,8,1896,2,8,2,1
2013300003994,1,5,0,18,0,3,1,0,0,0,1,1,6,1,6,599,1,5,2,1
2013300003994,2,20,0,3,0,3,0,0,0,0,0,1,6,3,-1,-1,-1,-1,-1,-1
2013300003995,1,21,1,18,0,1,0,0,0,0,1,1,1,1,9,11946,2,1,3,1
2013300003995,2,9,0,11,0,1,0,0,0,0,2,1,2,2,5,1398,1,-1,1,1
2013300003995,3,9,0,4,0,2,0,0,0,0,3,1,2,2,5,1597,1,10,6,1
2013300003995,4,9,0,4,0,2,0,0,0,0,2,1,2,1,6,1598,1,6,1,1
2013300003997,1,9,0,18,0,1,0,0,0,0,2,1,6,1,10,1339,1,9,10,2
2013300003997,2,10,0,18,0,1,1,0,0,0,1,1,1,1,8,-1,-1,-1,4,1
2013300004011,1,9,0,16,0,0,2,10,1,10,3,1,6,1,5,1242,1,13,-1,-1
2013300004012,1,19,0,5,0,6,0,0,0,0,4,1,1,1,4,-1,-1,-1,6,1
2013300004012,2,1,0,18,0,8,0,0,0,0,1,1,2,1,7,-1,-1,-1,6,1
2013300004019,1,9,0,18,0,2,0,0,0,0,0,1,6,3,-1,-1,-1,-1,-1,-1
2013300004019,2,9,0,18,0,2,0,0,0,0,4,1,6,1,5,1390,1,12,-1,-1
2013300004020,1,9,0,16,0,0,0,0,0,0,1,1,6,1,7,2987,2,4,7,1
2013300004020,2,9,0,17,0,0,0,0,0,0,1,1,6,1,4,2494,2,26,7,3
2013300004021,1,9,0,18,0,1,0,0,0,0,1,1,6,1,6,1798,1,11,-1,-1
2013300004021,2,9,0,18,0,1,0,0,0,0,2,1,6,1,6,2204,2,8,3,1
2013300004022,1,9,0,18,0,1,0,0,0,0,4,1,6,1,7,1796,1,10,3,1
2013300004022,2,9,0,9,0,5,0,0,0,0,4,1,6,1,11,1248,1,3,-1,-1
2013300004023,1,9,0,17,0,0,2,0,1,4,1,1,6,2,5,1396,1,10,6,3
2013300004026,1,9,0,9,0,5,0,0,0,0,4,1,6,1,6,1396,1,8,7,1
2013300004026,2,9,0,3,0,1,0,0,0,0,0,1,6,3,-1,-1,-1,-1,-1,-1
2013300004026,3,9,0,18,0,8,0,0,0,0,1,1,1,1,9,1794,1,9,4,1
2013300004027,1,9,0,17,0,0,1,0,0,0,1,1,6,1,8,1598,1,7,9,1
2013300004027,2,1,0,16,0,0,0,0,0,0,1,1,6,1,8,-1,-1,-1,-1,-1
2013300004028,1,9,0,13,0,0,0,0,0,0,3,1,2,1,4,1596,1,11,9,2
2013300004028,2,9,0,18,0,0,0,0,0,0,2,1,2,1,6,1229,1,4,-1,-1
2013300004028,3,17,4,18,0,0,0,0,0,0,3,1,1,1,9,-1,2,11,6,3
2013300004029,1,9,0,17,0,0,1,0,1,0,1,1,6,2,5,1390,1,12,8,2
2013300004031,1,9,0,13,0,1,0,0,0,0,1,1,6,1,6,1796,1,10,6,2
2013300004031,2,9,0,9,0,1,0,0,0,0,2,1,6,2,6,1598,1,6,8,2
2013300004031,3,1,0,18,0,1,0,0,0,0,0,1,1,3,-1,-1,-1,-1,-1,-1
2013300004032,1,9,0,18,0,0,0,0,0,0,1,1,6,2,11,1242,1,7,8,3
2013300004032,2,9,0,18,0,0,0,0,0,0,1,1,6,2,8,1596,1,4,4,1
2013300004032,3,9,0,18,0,0,0,0,0,0,1,1,6,1,8,1997,1,7,8,1
2013300004041,1,9,0,18,0,0,0,0,1,10,1,1,6,1,9,1590,1,11,1,1
2013300004047,1,9,0,18,0,2,0,11,0,0,0,1,6,3,-1,-1,-1,-1,-1,-1
2013300004047,2,9,0,18,0,2,0,0,0,0,3,1,6,2,8,1229,1,3,2,1
2013300004053,1,9,0,3,0,1,0,0,0,0,2,1,6,1,6,1587,1,7,9,2
2013300004053,2,9,0,18,0,1,1,0,0,0,1,1,6,2,6,1598,1,12,8,2
2013300004055,1,9,0,18,0,2,0,0,0,0,1,1,6,1,11,1329,1,3,2,1
2013300004057,1,9,0,18,0,1,0,0,0,0,1,1,6,1,6,1582,2,5,5,1
2013300004057,2,9,0,3,0,1,0,0,0,0,2,1,6,1,6,2179,2,4,5,1
2013300004057,3,9,0,18,0,2,0,0,0,0,3,1,2,1,8,1896,2,11,3,1
2013300004058,1,9,0,17,0,0,0,0,2,0,4,1,1,2,5,-1,-1,-1,7,1
2013300004061,1,9,0,4,0,8,0,0,0,0,1,1,6,3,-1,-1,-1,-1,-1,-1
2013300004061,2,1,0,4,0,8,0,0,0,0,2,1,6,1,6,-1,-1,-1,2,1
2013300004066,1,9,0,16,0,0,1,0,1,9,4,1,2,2,6,1229,1,3,7,3
2013300004073,1,9,0,17,0,0,1,0,7,10,1,1,6,1,5,1242,1,8,4,2
2013300004075,1,9,0,9,0,5,0,0,0,0,1,1,6,2,10,1398,2,9,-1,-1
2013300004075,2,9,0,18,0,8,0,0,0,0,1,1,6,1,10,1596,1,4,-1,-1
2013300004077,1,9,0,18,0,2,0,0,0,0,3,1,6,2,6,1988,1,8,-1,-1
2013300004079,1,9,0,9,0,6,0,0,0,0,1,1,2,2,4,1242,1,5,5,1
2013300004079,2,1,0,18,0,8,0,0,0,0,4,1,6,1,6,-1,-1,-1,-1,-1
2013300004080,1,9,0,9,0,6,0,0,0,0,3,1,1,1,6,1598,1,11,-1,-1
2013300004080,2,3,0,18,0,8,0,0,0,0,1,1,6,1,6,124,1,1,-1,-1
2013300004082,1,9,0,18,0,8,0,0,7,0,1,1,2,1,8,2457,1,6,7,3
2013300004082,2,9,0,9,0,6,0,0,0,0,3,1,6,1,11,1396,1,12,10,2
2013300004083,1,9,0,18,0,0,0,0,0,0,1,1,6,1,9,-1,-1,-1,3,2
2013300004086,1,9,0,10,0,8,0,0,0,0,2,1,6,2,6,-1,-1,-1,-1,-1
2013300004086,2,9,0,18,0,8,1,0,1,0,1,1,6,1,5,1229,1,-1,-1,-1
2013300004091,1,9,0,5,0,1,0,0,0,0,1,1,2,1,8,1796,1,9,10,2
2013300004091,2,9,0,3,0,1,0,0,0,0,2,1,2,1,8,1598,1,6,5,2
2013300004092,1,9,0,4,0,0,0,0,0,0,0,1,6,3,-1,-1,-1,-1,-1,-1
2013300004092,2,19,0,18,0,0,1,0,1,0,2,1,6,1,6,1998,2,8,2,1
2013300004092,3,9,0,18,0,0,0,0,0,0,1,1,6,2,-1,1399,2,4,6,1
2013300004094,1,9,0,18,0,0,0,4,0,0,1,1,2,1,8,1900,2,14,10,2
2013300004094,2,21,1,2,0,0,0,0,0,0,2,2,1,1,6,-1,-1,-1,-1,-1
2013300004095,1,9,0,4,0,0,0,0,0,0,1,1,2,2,5,973,1,10,2,1
2013300004095,2,9,0,4,0,0,0,0,0,0,2,1,6,1,8,998,1,13,10,3
2013300004095,3,8,0,2,0,0,0,0,0,0,0,1,1,1,7,-1,-1,-1,2,1
2013300004098,1,19,0,16,0,0,2,0,0,0,3,1,1,1,5,2402,2,7,-1,-1
2013300004106,1,9,0,17,0,0,5,0,1,10,1,1,1,2,8,1398,2,10,-1,-1
2013300004109,1,20,0,15,0,8,5,0,0,0,1,1,1,1,10,2151,2,7,-1,-1
2013300004109,2,90,0,10,0,8,0,0,0,0,2,1,1,1,8,6693,2,-1,7,3
2013300004113,1,9,0,14,0,0,0,0,7,0,1,1,1,1,8,1910,2,6,-1,1
2013300004113,2,9,0,18,0,0,0,0,1,0,1,1,6,1,7,1399,2,1,3,1
2013300004113,3,90,0,2,0,0,1,0,0,0,0,1,6,3,-1,-1,-1,-1,-1,-1
2013300004118,1,9,0,18,0,0,0,0,0,0,1,1,1,1,7,1995,2,-1,8,3
2013300004118,2,9,0,4,0,0,0,0,0,0,2,1,6,1,7,1985,1,23,7,1
2013300004118,3,9,0,4,0,0,0,0,0,0,2,1,1,2,6,1956,2,-1,3,1
2013300004119,1,9,0,9,0,6,0,0,0,0,3,1,1,2,6,1596,1,9,-1,-1
2013300004119,2,4,0,14,0,8,1,0,0,0,1,1,6,1,6,125,1,-1,-1,-1
2013300004119,3,19,0,3,0,1,0,0,0,0,0,1,6,3,-1,-1,-1,-1,-1,-1
2013300004120,1,8,0,9,0,2,0,0,0,0,3,1,1,1,6,1896,2,5,1,1
2013300004121,1,9,0,17,0,0,2,0,1,4,1,1,6,2,6,1199,1,10,-1,-1
2013300004124,1,8,0,3,0,1,0,0,0,0,2,1,1,1,7,1896,2,3,4,1
2013300004124,2,9,0,18,0,1,0,0,0,0,1,1,6,2,4,1199,1,9,7,1
2013300004131,1,9,0,2,0,0,0,0,0,0,0,1,6,2,8,1124,1,17,-1,-1
2013300004138,1,90,0,11,0,0,0,0,0,0,0,1,6,3,-1,-1,-1,-1,-1,-1
2013300004138,2,19,0,4,0,0,0,0,0,0,2,1,1,1,4,2198,2,6,6,3
2013300004138,3,9,0,4,0,0,0,0,0,0,2,1,1,2,5,1560,2,2,9,1
2013300004138,4,10,0,4,0,0,0,0,0,0,1,1,1,2,7,-1,-1,-1,7,1
2013300004142,1,8,0,18,0,0,0,0,0,0,1,1,1,3,-1,-1,-1,-1,-1,-1
2013300004144,1,9,0,18,0,0,1,0,5,6,3,1,6,2,9,1796,1,18,3,1
2013300004149,1,9,0,1,0,0,0,0,0,0,2,1,6,2,8,2495,2,14,7,3
2013300004149,2,9,0,2,0,0,0,0,0,0,4,1,3,1,7,1560,2,3,7,3
2013300004151,1,9,0,17,0,0,1,0,1,10,3,1,6,1,7,1896,2,6,7,1
2013300004158,1,9,0,18,0,0,2,0,1,4,2,1,2,1,5,1242,1,8,7,1
2013300004160,1,9,0,18,0,8,0,0,0,0,3,1,6,1,7,1368,1,4,10,1
2013300004160,2,9,0,13,0,8,0,0,0,0,1,1,6,2,6,1668,1,10,2,1
2013300004160,3,9,0,7,0,6,0,0,0,0,1,1,6,2,7,1560,2,1,9,3
2013300004162,1,90,0,18,0,0,0,0,0,0,1,2,2,1,6,-1,-1,-1,-1,-1
2013300004162,2,9,0,18,0,0,0,0,0,0,1,1,1,2,9,1769,1,8,5,2
2013300004163,1,9,0,18,0,0,0,0,0,0,1,1,6,1,7,1996,1,11,10,1
2013300004166,1,21,1,12,0,0,0,0,0,0,3,2,1,1,7,-1,-1,-1,-1,-1
2013300004166,2,9,0,18,0,0,1,7,5,6,4,1,6,1,6,1896,2,9,4,1
2013300004167,1,9,0,18,0,8,0,0,0,0,1,1,6,1,5,1461,2,9,4,1
2013300004167,2,9,0,9,0,6,0,0,0,0,3,1,6,1,6,1332,1,14,2,1
2013300004170,1,9,0,4,0,0,0,0,0,0,2,1,6,2,8,-1,-1,-1,4,3
2013300004170,2,9,0,4,0,0,0,0,0,0,1,1,6,1,10,-1,-1,-1,2,3
2013300004172,1,9,0,5,0,6,0,0,1,10,2,1,6,2,5,1587,1,10,10,2
2013300004172,2,9,0,18,0,8,1,0,0,0,1,1,1,1,4,1200,1,-1,7,2
2013300004173,1,9,0,8,0,1,0,0,0,0,4,1,6,1,7,-1,-1,-1,5,1
2013300004173,2,9,0,17,0,1,1,0,0,0,1,1,6,1,4,-1,-1,-1,5,1
2013300004174,1,9,0,1,0,0,0,0,0,0,2,1,6,1,8,1968,2,6,-1,-1
2013300004182,1,9,0,16,0,0,0,0,7,0,1,1,2,2,5,1587,1,9,1,1
2013300004182,2,9,0,18,0,0,0,0,1,1,1,1,2,1,6,1349,1,4,5,1
2013300004183,1,9,0,16,0,0,1,0,4,6,1,1,6,1,6,1997,1,8,1,1
2013300004185,1,19,0,2,0,0,0,4,0,0,2,1,6,3,-1,1870,2,8,-1,-1
2013300004185,2,9,0,18,0,0,0,4,0,0,1,1,6,1,6,1587,1,11,10,1
2013300004188,1,19,0,3,0,0,0,0,0,0,2,1,1,1,9,1753,2,-1,9,1
2013300004188,2,9,0,4,0,0,0,0,0,0,2,1,6,1,8,1997,2,-1,9,1
2013300004188,3,9,0,4,0,0,0,0,0,0,1,1,6,1,6,1360,1,8,1,1
2013300004190,1,9,0,7,0,8,0,0,0,0,4,1,6,1,5,-1,-1,-1,2,1
2013300004190,2,9,0,12,0,8,0,0,0,0,3,1,6,2,7,-1,-1,-1,1,3
2013300004194,1,21,1,18,0,0,0,0,4,6,3,1,1,1,8,12777,2,7,4,1
2013300004195,1,9,0,18,0,0,0,0,7,3,1,1,6,1,7,1796,1,6,10,3
2013300004198,1,10,0,5,0,1,0,0,0,0,1,1,1,1,-1,-1,-1,-1,4,1
2013300004199,1,9,0,5,0,6,0,0,0,0,1,1,1,1,8,-1,-1,-1,10,1
2013300004199,2,9,0,3,0,8,0,0,0,0,1,1,1,2,7,-1,-1,-1,8,1
2013300004199,3,9,0,18,0,8,0,0,0,0,4,1,1,1,9,-1,-1,-1,-1,-1
2013300004205,1,9,0,17,0,8,0,0,0,0,4,1,6,2,7,1242,1,2,4,1
2013300004205,2,9,0,5,0,4,0,0,0,0,3,1,6,2,4,998,1,13,4,1
2013300004206,1,9,0,18,0,0,0,0,0,0,4,1,6,1,8,1910,2,7,3,1
2013300004215,1,21,1,18,0,0,5,0,4,6,3,1,1,1,7,11967,2,1,6,1
2013300004215,2,19,0,18,0,0,0,0,0,0,1,1,1,1,6,1598,2,-1,9,2
2013300004217,1,9,0,18,0,8,1,0,1,7,1,1,2,2,6,1198,1,8,10,2
2013300004220,1,19,0,18,0,0,0,0,0,0,1,1,6,3,-1,-1,-1,-1,-1,-1
2013300004220,2,1,0,18,0,0,0,0,0,0,2,1,2,1,7,-1,-1,-1,3,1
2013300004227,1,9,0,5,0,6,0,0,0,0,1,1,6,1,6,1896,2,11,9,2
2013300004229,1,9,0,13,0,1,0,0,0,0,4,1,6,1,11,2720,2,5,10,1
2013300004229,2,1,0,5,0,1,0,0,0,0,3,1,6,1,6,-1,-1,-1,9,1
2013300004231,1,19,0,18,0,2,0,4,0,0,1,1,6,1,6,-1,-1,-1,9,1
2013300004231,2,9,0,3,0,2,0,0,0,0,2,1,6,2,6,-1,-1,-1,5,1
2013300004231,3,19,0,3,0,2,0,0,0,0,2,1,1,1,8,-1,-1,-1,2,1
2013300004233,1,9,0,18,0,1,0,0,1,10,4,1,6,2,7,-1,-1,-1,5,1
2013300004233,2,9,0,2,0,1,0,0,0,0,3,1,6,1,6,1299,1,10,6,1
2013300004233,3,9,0,2,0,1,0,0,0,0,2,1,6,2,5,1149,1,9,2,1
2013300004233,4,9,0,2,0,1,0,0,0,0,3,1,6,2,6,1242,1,10,-1,-1
2013300004235,1,9,0,4,0,0,0,0,0,0,2,1,6,1,7,1686,2,8,-1,-1
2013300004235,2,3,0,18,0,0,1,0,0,0,1,1,6,1,7,125,1,5,4,1
2013300004239,1,9,0,3,0,1,0,0,0,0,2,1,6,2,4,1242,1,-1,8,1
2013300004239,2,9,0,4,0,1,0,0,0,0,1,1,6,1,9,1783,1,11,3,1
2013300004240,1,9,0,4,0,1,0,0,0,0,2,1,6,1,7,1753,2,6,4,1
2013300004240,2,2,0,4,0,1,1,0,0,0,1,1,6,1,4,49,1,11,-1,-1
2013300004241,1,9,0,4,0,0,0,0,0,0,2,1,6,2,8,1587,1,10,-1,-1
2013300004241,2,3,0,4,0,0,1,0,0,0,1,1,2,1,4,124,1,5,6,3
2013300004243,1,9,0,16,0,0,1,0,1,10,1,1,6,2,4,-1,-1,-1,5,2
2013300004244,1,9,0,18,0,8,0,0,7,1,1,1,1,1,6,1997,2,6,-1,-1
2013300004244,2,9,0,5,0,6,0,0,0,0,3,1,6,1,6,1686,2,1,7,1
2013300004246,1,90,0,5,0,6,0,0,0,0,1,1,1,1,7,-1,-1,-1,-1,-1
2013300004246,2,9,0,18,0,8,0,0,0,0,3,1,6,2,9,-1,-1,-1,7,3
2013300004251,1,9,0,5,0,0,0,4,2,10,1,1,6,2,10,1798,1,-1,9,1
2013300004251,2,9,0,2,6,0,0,4,0,0,2,1,6,1,10,-1,-1,-1,-1,-1
2013300004251,3,9,0,2,6,0,0,0,0,0,1,1,6,2,-1,1995,2,9,-1,-1
2013300004253,1,5,0,15,0,1,1,0,0,0,1,1,6,1,7,660,1,2,8,3
2013300004253,2,19,0,4,0,1,0,0,0,0,2,1,1,1,6,-1,-1,-1,-1,-1
2013300004256,1,9,0,14,0,2,0,0,0,0,4,1,1,2,11,1400,1,6,6,2
2013300004256,2,90,0,2,0,2,0,0,0,0,0,1,6,3,-1,-1,-1,-1,-1,-1
2013300004257,1,9,0,18,0,0,0,0,0,0,3,1,6,1,6,-1,-1,-1,3,1
2013300004257,2,9,0,18,0,0,0,0,0,0,3,1,6,2,10,-1,-1,-1,8,1
2013300004260,1,9,0,9,0,6,0,0,0,0,3,1,6,1,7,998,1,2,7,1
2013300004260,2,9,0,18,0,8,1,0,0,0,1,1,6,2,6,1235,1,24,3,1
2013300004261,1,9,0,18,0,8,0,0,0,0,1,1,6,2,5,1490,1,6,2,1
2013300004261,2,9,0,18,0,4,0,0,0,0,1,1,6,1,-1,2979,1,6,-1,-1
2013300004265,1,9,0,5,0,4,0,0,0,0,1,1,2,1,6,-1,-1,-1,-1,-1
2013300004265,2,1,0,18,0,8,0,0,0,0,4,1,2,1,5,-1,-1,-1,-1,-1
2013300004269,1,8,0,16,0,0,0,0,0,0,1,1,1,1,8,1910,2,5,4,1
2013300004271,1,9,0,16,0,0,0,4,0,0,1,1,6,2,-1,1910,2,11,-1,-1
2013300004271,2,9,4,4,0,0,0,0,0,0,2,1,6,1,10,2497,2,8,6,3
2013300004277,1,9,0,14,0,0,0,0,0,0,0,1,6,2,8,2199,2,3,-1,-1
2013300004277,2,90,0,2,0,0,0,0,0,0,0,1,6,1,8,-1,-1,-1,-1,-1
2013300004278,1,11,0,4,0,0,1,0,1,0,1,1,1,1,8,-1,-1,-1,-1,-1
2013300004281,1,9,0,18,0,1,0,0,0,0,1,1,6,1,-1,-1,-1,-1,-1,-1
2013300004281,2,1,0,3,0,1,0,0,0,0,2,1,6,1,7,-1,-1,-1,2,1
2013300004282,1,9,0,5,0,4,0,0,0,0,1,1,1,2,6,2143,2,2,9,1
2013300004282,2,1,0,18,0,8,0,0,0,0,4,1,1,1,5,-1,-1,-1,1,1
2013300004283,1,9,0,9,0,5,0,0,0,0,1,1,6,2,5,1595,1,7,9,1
2013300004283,2,5,0,18,0,8,0,0,1,10,3,1,6,1,4,599,1,9,2,1
2013300004284,1,9,0,16,0,8,0,0,0,0,1,1,6,3,-1,-1,-1,-1,-1,-1
2013300004284,2,1,0,16,0,8,0,0,0,0,2,1,2,1,6,-1,-1,-1,-1,-1