Accident_Index,Vehicle_Reference,Vehicle_Type,Towing_and_Articulation,Vehicle_Manoeuvre,Vehicle_Location-Restricted_Lane,Junction_Location,Skidding_and_Overturning,Hit_Object_in_Carriageway,Vehicle_Leaving_Carriageway,Hit_Object_off_Carriageway,1st_Point_of_Impact,Was_Vehicle_Left_Hand_Drive?,Journey_Purpose_of_Driver,Sex_of_Driver,Age_Band_of_Driver,Engine_Capacity_(CC),Propulsion_Code,Age_of_Vehicle,Driver_IMD_Decile,Driver_Home_Area_Type
2013300004285,1,9,0,18,0,0,1,0,1,2,3,1,6,1,5,1596,1,11,4,1
2013300004291,1,9,0,9,0,8,0,0,0,0,1,1,6,2,6,998,1,-1,6,1
2013300004291,2,9,0,18,0,1,0,0,0,0,1,1,6,1,6,1490,1,9,7,1
2013300004301,1,9,0,17,0,0,1,0,0,0,1,1,6,1,5,-1,-1,-1,7,1
2013300004301,2,9,0,16,0,0,0,0,0,0,1,1,2,1,7,-1,-1,-1,6,3
2013300004302,1,9,0,17,0,0,1,0,1,0,0,1,6,2,5,1299,1,11,5,2
2013300004305,1,9,0,18,0,0,1,0,1,10,1,1,6,1,8,1870,2,15,2,1
2013300004306,1,9,0,13,0,8,0,0,0,0,1,1,6,1,8,1596,1,2,10,1
2013300004306,2,90,0,9,0,5,0,0,0,0,3,1,1,1,6,4400,2,1,9,2
2013300004324,1,9,0,3,0,1,0,0,0,0,2,1,6,2,9,1796,1,5,8,1
2013300004324,2,9,0,18,0,1,0,0,0,0,1,1,6,1,-1,1368,1,5,10,1
2013300004336,1,9,0,7,0,6,0,0,0,0,1,1,6,2,6,998,1,1,8,1
2013300004336,2,19,0,14,0,8,0,0,0,0,3,1,6,1,8,1868,2,8,8,1
2013300004336,3,90,0,2,0,1,0,0,0,0,0,1,6,3,-1,-1,-1,-1,-1,-1
2013300004337,1,9,0,9,0,5,0,0,0,0,4,1,6,2,8,1997,2,8,9,2
2013300004337,2,9,0,18,0,8,0,0,0,0,1,1,2,2,5,1229,1,8,7,2
2013300004339,1,9,0,18,0,8,0,0,0,0,1,1,6,1,-1,1390,1,14,6,3
2013300004339,2,3,0,18,0,8,0,0,0,0,1,1,6,1,4,125,1,2,6,2
2013300004342,1,9,0,17,0,1,0,0,0,0,0,1,6,3,-1,-1,-1,-1,-1,-1
2013300004342,2,11,0,4,0,1,0,0,0,0,0,1,6,2,7,-1,-1,-1,4,1
2013300004343,1,9,0,9,0,5,0,0,0,0,3,1,6,1,10,2493,1,14,-1,-1
2013300004345,1,9,0,11,0,8,0,0,0,0,0,1,2,1,7,1991,2,7,10,1
2013300004345,2,9,0,18,0,8,0,0,0,0,2,1,2,1,7,1388,1,1,10,2
2013300004345,3,9,0,18,0,8,0,0,0,0,1,1,2,2,7,1968,2,-1,7,1
2013300004345,4,19,0,16,0,5,1,0,7,10,3,1,1,1,6,-1,-1,-1,10,1
2013300004345,5,9,0,16,0,1,0,0,0,0,3,1,2,2,6,1299,1,6,9,1
2013300004346,1,19,0,7,0,1,0,0,0,0,0,1,1,3,-1,-1,-1,-1,-1,-1
2013300004346,2,11,0,18,2,1,0,0,0,0,0,1,6,1,-1,6374,2,6,3,1
2013300004350,1,9,0,18,0,0,2,0,0,0,0,1,6,1,6,1596,1,8,-1,1
2013300004354,1,9,0,16,0,1,0,0,7,0,1,1,2,1,6,1796,1,6,8,2
2013300004354,2,9,0,17,0,2,0,0,7,0,1,1,2,2,9,1397,1,11,8,3
2013300004354,3,9,0,10,0,1,0,0,0,0,0,1,6,3,-1,-1,-1,-1,-1,-1
2013300004355,1,9,0,18,0,0,0,0,0,0,3,1,6,2,10,1242,1,10,6,2
2013300004355,2,9,0,2,0,0,0,0,0,0,3,1,6,1,9,1870,2,2,4,1
2013300004357,1,9,0,12,0,0,0,0,0,0,3,1,6,2,8,1124,1,5,3,1
2013300004357,2,9,0,18,0,0,0,0,0,0,4,1,2,1,8,1560,2,1,5,1
2013300004358,1,9,0,9,9,6,0,7,0,0,1,1,6,1,9,-1,-1,-1,-1,-1
2013300004359,1,9,0,9,0,5,0,0,0,0,4,1,6,2,7,1242,1,16,3,1
2013300004359,2,9,0,16,0,8,0,0,0,0,1,1,6,2,8,1229,1,5,6,1
2013300004360,1,9,0,12,0,3,0,0,0,0,1,1,1,1,8,-1,-1,-1,5,1
2013300004360,2,9,0,11,0,3,0,0,0,0,4,1,1,1,6,1686,2,2,9,1
2013300004361,1,19,0,5,0,4,0,0,0,0,1,1,6,1,6,2198,2,-1,-1,-1
2013300004361,2,1,0,18,0,3,0,0,0,0,4,1,6,1,8,-1,-1,-1,-1,-1
2013300004368,1,9,0,9,0,6,0,0,0,0,3,1,6,2,6,1595,2,4,3,1
2013300004368,2,9,0,18,0,8,0,0,0,0,1,1,6,1,4,998,1,4,7,1
2013300004369,1,9,0,6,0,8,0,0,0,0,3,1,6,1,-1,-1,-1,-1,-1,-1
2013300004369,2,3,0,13,0,8,0,0,0,0,1,1,6,1,6,125,1,-1,3,1
2013300004373,1,9,0,9,0,6,0,0,0,0,1,1,6,1,-1,1396,1,8,2,1
2013300004373,2,1,0,18,0,1,0,0,0,0,4,1,6,1,11,-1,-1,-1,10,1
2013300004374,1,11,0,7,0,6,0,0,0,0,1,1,1,1,8,9000,2,10,5,1
2013300004374,2,1,0,18,0,8,0,0,0,0,4,1,2,1,4,-1,-1,-1,-1,-1
2013300004376,1,9,0,4,0,0,0,0,0,0,2,1,6,3,-1,-1,-1,-1,-1,-1
2013300004376,2,9,0,4,0,0,0,0,0,0,1,1,2,2,6,1995,2,9,4,3
2013300004376,3,9,0,4,0,0,0,0,0,0,2,1,2,1,8,2183,2,3,10,1
2013300004376,4,9,0,4,0,0,0,0,0,0,1,1,2,1,-1,1997,2,2,7,1
2013300004376,5,19,0,4,0,0,0,0,0,0,2,1,2,1,8,1996,2,2,7,1
2013300004376,6,9,0,4,0,0,0,0,0,0,1,1,6,2,10,2435,1,10,8,1
2013300004378,1,9,0,18,0,4,0,0,0,0,3,1,6,1,7,1199,1,12,-1,-1
2013300004378,2,9,0,9,0,8,0,0,0,0,4,1,6,1,4,1229,1,7,-1,-1
2013300004379,1,9,0,12,0,0,0,7,0,0,1,1,6,1,6,1199,2,1,-1,-1
2013300004379,2,9,0,18,0,0,2,0,1,10,2,1,6,1,8,1329,1,1,8,1
2013300004382,1,9,0,7,0,6,0,0,0,0,4,1,2,1,-1,-1,-1,-1,-1,-1
2013300004382,2,1,0,18,0,6,0,0,0,0,1,1,2,1,5,-1,-1,-1,5,1
2013300004383,1,3,0,18,0,1,0,0,0,0,1,1,2,1,5,124,1,-1,1,1
2013300004383,2,9,0,9,0,6,0,0,0,0,3,1,6,1,9,1399,2,2,6,1
2013300004385,1,3,0,18,0,8,0,0,0,0,1,1,6,1,5,99,1,33,1,1
2013300004385,2,8,0,18,0,8,0,0,0,0,1,1,1,1,-1,2499,2,6,5,1
2013300004393,1,9,0,5,0,0,0,0,0,0,4,1,6,1,7,2188,2,6,3,1
2013300004394,1,8,0,18,0,8,0,0,0,0,1,1,6,1,8,1995,2,8,8,1
2013300004394,2,1,0,18,0,8,0,0,0,0,3,1,2,1,7,-1,-1,-1,3,1
2013300004396,1,9,0,14,0,0,0,4,0,0,1,1,6,1,6,1124,1,12,8,3
2013300004396,2,19,0,2,0,0,0,0,0,0,2,1,1,1,8,1998,2,10,7,2
2013300004400,1,9,0,3,0,2,0,0,0,0,2,1,6,1,8,1298,1,10,9,1
2013300004400,2,2,0,4,0,2,1,0,0,0,1,1,6,1,5,49,1,-1,1,1
2013300004401,1,9,0,18,0,0,1,0,0,0,2,1,6,2,6,2521,1,5,6,1
2013300004401,2,9,0,18,0,0,0,0,4,6,1,1,6,1,7,1587,1,11,7,1
2013300004402,1,19,0,18,0,0,1,0,0,0,1,1,1,1,6,1461,2,7,4,1
2013300004402,2,9,0,18,0,0,0,0,0,0,1,1,6,2,8,1995,1,7,7,3
2013300004403,1,9,0,18,0,0,1,4,7,2,1,1,6,1,5,1299,1,11,2,1
2013300004403,2,9,0,2,0,0,0,0,0,0,2,1,6,1,5,1360,1,23,4,1
2013300004404,1,9,0,18,0,6,0,0,7,2,4,1,6,1,11,1587,1,6,8,1
2013300004404,2,19,0,18,0,8,0,0,0,0,1,1,1,1,10,2463,2,9,8,3
2013300004406,1,9,0,16,0,8,1,0,0,0,1,1,2,1,5,-1,-1,-1,-1,-1
2013300004406,2,9,0,17,0,8,1,0,0,0,1,1,6,2,8,-1,-1,-1,-1,-1
2013300004407,1,8,0,3,4,0,0,0,0,0,4,1,1,1,7,1910,2,5,2,1
2013300004407,2,1,0,18,4,0,0,0,0,0,1,1,2,1,6,-1,-1,-1,9,3
2013300004416,1,19,0,1,0,1,0,4,0,0,2,1,1,1,9,2148,2,5,8,2
2013300004416,2,9,0,18,0,1,0,0,0,0,1,1,6,2,7,1242,1,10,8,2
2013300004428,1,21,1,9,8,0,0,0,0,0,3,1,1,1,8,12588,2,9,8,3
2013300004428,2,9,0,17,0,0,0,0,0,0,1,1,2,1,9,1968,2,2,9,2
2013300004429,1,19,0,18,0,8,0,0,0,0,3,1,6,1,9,1868,2,9,8,3
2013300004429,2,1,0,9,0,5,0,0,0,0,1,1,2,1,5,-1,-1,-1,-1,-1
2013300004430,1,8,0,18,0,6,0,0,0,0,1,1,1,1,6,1686,2,4,8,1
2013300004430,2,8,0,18,0,8,5,0,0,0,4,1,1,1,7,1997,2,8,3,1
2013300004433,1,9,0,9,0,6,0,0,7,10,3,1,6,2,6,1590,1,12,1,1
2013300004433,2,9,0,18,0,8,0,0,0,0,1,1,6,2,4,1149,1,10,1,1
2013300004433,3,9,0,18,0,1,0,0,0,0,1,1,6,1,9,1349,1,14,1,1
2013300004435,1,9,0,16,0,0,1,0,5,6,1,1,2,1,5,1248,2,4,10,1
2013300004439,1,9,0,18,0,0,0,0,0,0,1,1,6,1,7,-1,-1,-1,9,1
2013300004441,1,9,0,18,0,0,1,0,1,1,2,1,6,2,5,1242,1,4,8,3
2013300004442,1,9,0,18,0,1,0,0,0,0,1,1,6,1,9,-1,-1,-1,2,1
2013300004442,2,9,0,8,0,1,0,0,0,0,2,1,6,1,6,-1,-1,-1,2,1
2013300004444,1,9,0,17,0,0,1,4,0,0,1,1,6,1,6,1149,1,14,4,1
2013300004444,2,19,0,2,0,0,0,0,0,0,2,1,6,1,9,2198,2,1,3,3
2013300004447,1,9,0,3,0,2,0,0,0,0,2,1,6,2,-1,-1,-1,-1,1,1
2013300004447,2,9,0,17,0,2,0,0,0,0,1,1,6,1,4,-1,-1,-1,4,2
2013300004448,1,9,0,9,0,6,0,0,0,0,1,1,6,3,-1,-1,-1,-1,-1,-1
2013300004448,2,5,0,18,0,8,0,0,0,0,0,1,1,1,7,-1,-1,-1,6,1
2013300004449,1,9,0,6,0,8,0,0,0,0,3,1,6,1,11,1596,1,14,2,1
2013300004449,2,9,0,18,0,8,0,0,0,0,1,1,6,2,6,1229,1,6,1,1
2013300004450,1,9,0,5,0,4,0,0,0,0,1,1,6,2,-1,-1,-1,-1,-1,-1
2013300004450,2,1,0,18,0,4,0,0,0,0,4,1,6,1,7,-1,-1,-1,10,2
2013300004451,1,9,0,17,0,0,1,10,7,4,0,1,6,1,8,1796,1,12,-1,-1
2013300004452,1,9,0,11,0,0,1,0,2,2,1,1,6,1,6,1587,1,6,7,1
2013300004452,2,9,0,18,0,0,0,0,1,0,2,1,2,2,5,1124,1,12,1,1
2013300004454,1,9,0,14,0,0,0,4,7,10,1,1,6,1,6,1596,1,7,8,3
2013300004454,2,9,0,2,0,0,0,4,1,0,1,1,6,3,-1,2521,1,4,-1,-1
2013300004454,3,9,0,2,0,0,0,4,0,0,2,1,6,3,-1,2179,2,5,-1,-1
2013300004454,4,9,0,2,0,0,0,0,0,0,2,1,6,2,-1,1948,7,12,9,2
2013300004465,1,19,0,18,0,6,0,0,0,0,4,1,1,1,10,1910,2,10,6,2
2013300004465,2,9,0,18,0,8,0,0,1,0,1,1,6,1,7,1896,2,10,6,1
2013300004472,1,9,0,14,0,0,2,4,0,0,1,1,6,1,7,1783,1,16,1,1
2013300004472,2,9,0,2,0,0,0,0,0,0,2,1,6,1,7,-1,-1,-1,4,1
2013300004472,3,8,0,5,0,0,0,0,0,0,0,1,1,1,7,2664,2,12,3,1
2013300004479,1,21,4,1,9,8,0,0,1,0,2,2,6,1,-1,-1,-1,-1,-1,-1
2013300004479,2,90,0,2,9,8,0,0,0,0,1,1,1,1,7,-1,-1,-1,8,1
2013300004480,1,9,0,18,0,6,1,10,3,10,1,1,6,1,4,1124,1,13,3,1
2013300004481,1,9,0,13,0,8,0,0,0,0,0,1,6,3,-1,-1,-1,-1,-1,-1
2013300004481,2,11,0,4,0,1,0,0,0,0,0,1,1,1,9,9000,2,8,4,1
2013300004492,1,9,0,1,0,2,0,0,0,0,3,1,6,1,6,1796,1,13,1,1
2013300004492,2,9,0,10,0,1,0,0,0,0,4,1,2,2,6,1360,1,2,1,1
2013300004494,1,9,0,2,9,0,0,0,0,0,2,1,6,2,5,1242,1,11,8,1
2013300004494,2,9,0,18,0,0,0,4,0,0,1,1,6,1,11,1388,1,10,1,1
2013300004497,1,9,0,17,0,0,2,0,7,10,1,1,6,1,10,-1,-1,-1,8,2
2013300004498,1,9,0,17,0,0,1,0,1,0,4,1,6,1,11,2685,2,9,7,1
2013300004499,1,9,0,18,0,2,0,0,0,0,1,1,6,1,7,1997,2,8,10,1
2013300004501,1,9,0,18,0,8,0,0,0,0,3,1,1,1,7,1686,2,2,4,1
2013300004501,2,9,0,9,0,6,0,0,1,7,4,1,6,2,8,1198,1,5,5,1
2013300004505,1,9,0,18,0,0,1,0,0,0,0,1,6,2,7,-1,-1,-1,4,1
2013300004507,1,9,0,17,0,0,1,0,0,0,1,1,2,1,7,1596,1,9,3,1
2013300004507,2,9,0,16,0,0,0,0,0,0,1,1,6,1,4,1149,1,11,8,3
2013300004508,1,2,0,18,0,0,2,0,0,0,1,1,6,1,4,49,1,-1,10,1
2013300004508,2,9,0,3,0,0,0,0,0,0,2,1,6,1,7,1997,1,12,-1,-1
2013300004511,1,9,0,12,0,8,0,0,0,0,3,1,6,1,9,1896,2,7,3,1
2013300004511,2,9,0,11,0,3,0,0,7,10,4,1,6,1,9,998,1,2,8,1
2013300004512,1,8,0,4,0,0,0,0,0,0,2,1,6,1,-1,1896,2,9,-1,-1
2013300004512,2,9,0,18,0,0,0,0,0,0,1,1,6,1,4,1360,1,7,2,1
2013300004513,1,9,0,18,0,0,1,0,1,2,3,1,6,1,6,2600,1,22,1,1
2013300004527,1,9,0,18,0,0,0,0,5,6,4,1,6,1,9,1364,1,6,1,3
2013300004527,2,21,1,18,0,0,0,0,0,0,3,1,1,1,8,12740,2,3,2,1
2013300004527,3,9,0,18,0,0,0,0,0,0,1,1,6,1,5,1598,1,5,9,1
2013300004529,1,9,0,18,0,0,0,4,0,0,1,1,6,2,6,1596,1,10,1,1
2013300004529,2,9,0,2,0,0,0,0,0,0,2,1,6,2,7,1596,1,11,1,1
2013300004533,1,9,0,4,0,0,0,0,0,0,1,1,6,1,8,2401,2,9,6,1
2013300004533,2,9,0,3,0,0,0,0,0,0,2,1,6,2,7,-1,-1,-1,10,1
2013300004542,1,9,0,10,0,1,0,0,0,0,2,1,6,1,10,1910,2,6,9,1
2013300004542,2,9,0,18,0,1,0,0,0,0,1,1,6,2,5,1299,1,14,10,1
2013300004546,1,9,0,8,0,1,0,0,0,0,2,1,6,2,5,1896,2,4,4,1
2013300004546,2,9,0,7,0,1,0,0,0,0,1,1,6,2,9,1956,2,-1,5,1
2013300004547,1,19,0,9,0,5,0,0,0,0,2,1,1,1,8,2402,2,13,-1,-1
2013300004547,2,5,0,13,0,8,0,0,0,0,1,1,6,1,8,640,1,19,9,1
2013300004549,1,9,0,16,0,0,1,0,0,0,1,1,6,1,8,-1,-1,-1,4,1
2013300004549,2,9,0,17,0,0,0,0,0,0,1,1,2,2,10,-1,-1,-1,8,3
2013300004553,1,11,0,18,0,0,0,0,0,0,4,1,6,2,7,9000,2,3,-1,-1
2013300004554,1,1,0,4,2,1,2,0,0,0,0,1,2,2,6,-1,-1,-1,2,1
2013300004555,1,9,0,4,0,0,0,0,0,0,4,1,6,2,10,1390,1,10,9,1
2013300004556,1,9,0,14,0,0,0,0,0,0,1,1,6,1,7,1753,2,12,-1,-1
2013300004556,2,19,0,2,0,0,0,0,0,0,2,1,6,3,-1,2178,2,10,-1,-1
2013300004557,1,9,0,18,0,0,0,4,0,0,1,1,6,1,11,1560,2,1,10,2
2013300004557,2,9,0,2,0,0,0,0,0,0,2,1,6,3,-1,1988,1,15,7,3
2013300004557,3,9,0,2,0,0,0,0,0,0,2,1,6,3,-1,1396,2,4,-1,-1
2013300004561,1,9,0,18,0,0,1,10,4,6,1,1,6,1,4,998,1,7,10,1
2013300004566,1,9,0,9,6,6,0,0,0,0,4,1,6,1,9,1796,1,11,-1,-1
2013300004566,2,9,0,9,0,5,0,0,0,0,3,1,6,1,6,1596,1,2,-1,-1
2013300004569,1,9,0,18,0,8,0,11,0,0,4,1,6,1,6,1686,2,9,-1,-1
2013300004569,2,9,0,1,0,6,0,0,0,0,2,1,6,1,8,2183,2,3,-1,-1
2013300004569,3,9,0,2,0,8,0,0,0,0,2,1,6,1,6,1242,1,5,-1,-1
2013300004575,1,9,0,18,0,8,1,0,0,0,1,1,6,1,5,1398,2,8,5,1
2013300004575,2,9,0,18,0,8,0,0,0,0,1,1,6,1,9,1390,1,23,1,1
2013300004577,1,9,0,5,0,0,0,0,0,0,3,1,6,3,-1,-1,-1,-1,-1,-1
2013300004577,2,9,0,14,0,0,0,0,0,0,4,1,6,2,6,998,1,7,1,1
2013300004579,1,1,0,18,0,8,0,0,0,0,1,1,6,1,-1,-1,-1,-1,9,1
2013300004579,2,9,0,9,0,6,0,0,0,0,3,1,6,1,6,1198,1,7,1,1
2013300004591,1,8,0,1,0,0,0,0,0,0,1,1,6,1,7,1762,1,13,-1,-1
2013300004591,2,19,0,1,0,0,0,0,0,0,2,1,1,1,6,2488,2,3,6,3
2013300004614,1,9,0,18,0,0,0,0,0,0,1,1,6,1,8,1598,1,6,10,2
2013300004616,1,9,0,4,0,0,2,4,0,0,1,1,6,1,11,1299,1,9,6,2
2013300004616,2,9,0,2,0,0,0,4,0,0,1,1,6,1,-1,1870,2,11,6,3
2013300004641,1,90,0,3,0,1,0,0,0,0,1,1,1,1,7,-1,-1,-1,4,3
2013300004641,2,9,0,18,0,1,0,0,1,4,1,1,1,2,6,1242,1,13,1,1
2013300004651,1,11,0,4,0,0,0,0,0,0,0,1,6,2,-1,4250,2,6,6,1
2013300004730,1,9,0,18,0,1,0,0,1,0,1,1,6,1,-1,1598,1,11,2,1
2013300004730,2,9,0,10,0,8,0,0,7,10,2,1,6,1,10,1997,2,2,4,1
2013300004730,3,9,0,3,6,1,0,0,0,0,1,1,6,1,9,1995,2,3,7,1
201330B000002,1,9,0,9,0,6,0,0,1,0,1,1,6,1,7,2231,2,3,6,3
201330B000002,2,9,0,18,0,8,0,0,1,10,1,1,6,1,9,1994,2,15,5,2
201330B000003,1,9,0,4,0,6,0,0,3,10,1,1,6,1,5,1229,1,7,-1,-1
201330B000005,1,9,0,17,0,0,1,0,8,9,1,1,6,1,8,1753,2,11,-1,1
201330B000006,1,9,0,3,0,1,0,0,0,0,2,1,6,3,-1,-1,-1,-1,-1,-1
201330B000022,1,9,0,18,0,0,5,0,0,0,1,1,6,1,11,1390,1,2,10,1
201330B000022,2,9,0,2,0,0,0,0,0,0,2,1,6,3,-1,1997,1,7,-1,-1
201330B000023,1,8,0,18,0,0,0,0,0,0,2,1,3,2,8,1997,2,4,-1,-1
201330B000023,2,9,0,18,0,0,0,0,0,0,1,1,6,1,8,2597,1,12,3,1
201330B000036,1,9,0,18,0,0,0,4,0,0,1,1,1,1,7,1349,1,5,6,2
201330B000036,2,9,0,2,0,0,0,0,1,0,2,1,6,3,-1,1149,1,5,-1,-1
201330B000054,1,9,0,7,0,5,0,0,0,0,3,1,6,2,9,1598,1,8,7,1
201330B000055,1,9,0,17,0,0,2,0,2,3,1,1,6,1,6,-1,-1,-1,3,1
201330B000066,1,9,0,5,0,1,0,0,0,0,3,1,6,1,11,1360,1,11,5,3
201330B000066,2,9,0,13,0,1,0,0,0,0,4,1,6,1,7,1984,1,13,5,2
201330B000092,1,9,0,18,0,0,1,0,0,0,1,1,6,1,6,1248,2,5,6,3
201330B000092,2,19,0,18,0,0,0,0,0,0,1,1,1,1,5,-1,-1,-1,7,3
201330B000107,1,9,0,18,0,8,0,0,0,0,3,1,3,2,7,1364,1,8,3,1
201330B000107,2,9,0,9,0,6,0,0,0,0,1,1,3,2,-1,1598,1,9,7,1
201330B000110,1,9,0,18,0,0,1,0,7,10,1,1,3,2,7,1364,1,8,6,3
201330B000120,1,9,0,4,0,8,0,0,0,0,2,1,2,2,9,1299,1,12,-1,-1
201330B000120,2,9,0,4,0,1,1,0,0,0,1,1,2,1,7,1364,1,7,6,2
201330B000134,1,9,0,18,0,1,1,10,2,0,1,1,6,1,8,1991,1,14,5,3
201330B000134,2,9,0,18,0,2,0,0,0,0,3,1,6,1,6,3947,1,17,1,1
201330B000136,1,9,0,18,0,0,2,0,1,9,4,1,6,2,6,-1,-1,-1,7,3
201330B000137,1,9,0,18,0,1,0,0,0,0,2,1,6,1,7,1587,1,11,-1,-1
201330B000137,2,9,0,18,0,1,0,0,0,0,1,1,6,1,9,2157,1,16,-1,-1
201330B000138,1,9,0,18,0,0,2,0,1,10,1,1,2,1,5,998,1,1,3,1
201330B000149,1,9,0,4,0,8,0,0,0,0,4,1,3,1,8,1560,2,3,7,3
201330B000149,2,17,0,9,0,6,0,0,0,0,1,1,1,1,8,4400,2,4,6,3
201330B000153,1,9,0,9,0,8,0,0,0,0,1,1,6,2,5,1299,1,10,4,1
201330B000153,2,9,0,18,0,8,0,0,0,0,4,1,6,2,9,1560,2,4,9,1
201330B000185,1,9,0,18,0,0,0,0,0,0,4,1,6,3,-1,1596,1,2,-1,-1
201330B000193,1,9,0,18,0,0,0,0,0,0,3,1,6,1,8,1560,2,2,6,2
201330B000196,1,20,0,18,0,0,0,0,0,0,1,2,1,1,7,-1,-1,-1,-1,-1
201330B000196,2,19,0,18,0,0,0,0,0,0,1,1,1,1,6,1753,2,9,-1,-1
201330B000203,1,9,0,18,0,0,0,0,0,0,1,1,6,2,8,1587,1,10,9,2
201330B000209,1,9,0,16,0,0,1,0,0,0,1,1,6,2,5,1364,1,6,-1,-1
201330B000209,2,9,0,17,0,0,0,0,0,0,3,1,6,1,5,1956,2,3,-1,-1
201330B000210,1,9,0,1,0,5,0,0,0,0,3,1,6,2,8,-1,-1,-1,3,1
201330B000210,2,17,0,1,0,1,0,0,0,0,2,1,1,1,10,-1,-1,-1,-1,-1
201330B000211,1,9,0,18,0,0,1,0,0,0,1,1,3,1,8,1598,2,2,3,1
201330B000211,2,9,0,2,0,0,0,0,0,0,2,1,6,1,-1,1595,1,2,-1,-1
201330B000211,3,9,0,18,0,0,0,0,0,0,0,1,6,3,-1,1968,2,3,-1,-1
201330B000212,1,9,0,9,0,5,0,0,0,0,3,1,1,2,7,1896,2,10,-1,3
201330B000212,2,21,1,18,0,8,0,0,0,0,1,1,1,1,-1,-1,-1,-1,-1,-1
201330B000219,1,19,0,17,0,0,1,0,0,0,1,1,1,1,8,2494,2,9,3,1
201330B000219,2,9,0,16,0,0,1,0,1,0,1,1,6,1,8,1968,2,5,6,3
201330B000220,1,9,0,18,0,0,2,0,7,10,1,1,6,1,4,2494,1,12,-1,-1
201330B000222,1,9,0,17,0,1,2,0,8,1,3,1,6,1,-1,1997,2,8,5,3
201330B000233,1,9,0,1,0,6,0,0,0,0,2,1,6,1,6,1997,2,12,7,2
201330B000237,1,9,0,17,0,0,1,0,0,0,4,1,2,2,7,-1,-1,-1,6,2
201330B000237,2,19,0,16,0,0,0,0,0,0,1,1,1,1,9,2286,2,7,8,1
201330B000243,1,9,0,16,0,0,1,0,7,4,1,1,6,2,8,1590,1,16,8,3
201330B000249,1,9,0,18,0,0,0,0,0,0,1,1,6,1,6,1984,1,12,8,3
201330B000249,2,19,0,2,0,0,0,0,0,0,2,1,6,1,8,2402,2,11,-1,-1
201330B000250,1,2,0,18,0,8,0,0,0,0,1,1,6,1,4,49,1,7,-1,-1
201330B000250,2,9,0,9,0,6,0,0,0,0,3,1,6,2,7,1598,1,7,3,1
201330B000259,1,19,0,9,0,5,0,0,0,0,1,1,1,1,5,1461,2,-1,5,1
201330B000259,2,9,0,18,0,8,0,0,0,0,1,1,6,1,6,-1,-1,-1,5,2
201330B000259,3,9,0,18,0,1,0,0,0,0,3,1,6,2,8,2997,1,5,8,2
201330B000261,1,19,0,14,0,1,0,0,0,0,1,1,6,3,7,1686,2,8,-1,-1
201330B000261,2,9,0,2,0,1,0,0,0,0,2,1,6,3,8,1988,1,13,-1,-1
201330B000263,1,9,0,17,0,0,1,0,0,0,4,1,6,2,6,1198,1,8,7,1
201330B000263,2,9,0,16,0,0,1,0,1,0,1,1,1,1,6,2967,2,2,9,2
201330B000276,1,9,0,16,0,0,1,0,1,9,0,1,1,1,-1,-1,-1,-1,-1,-1
201330B000286,1,9,0,18,0,0,0,0,0,0,3,1,6,1,9,1968,2,-1,4,2
201330B000287,1,9,0,2,0,0,0,0,0,0,2,1,6,1,5,1596,1,10,9,1
201330B000287,2,9,0,14,0,0,5,0,0,0,1,1,6,2,4,1198,1,8,6,2
201330B000289,1,9,0,16,0,0,0,0,0,0,0,1,6,1,4,2999,2,14,8,2
201330B000289,2,1,0,17,0,0,0,0,1,10,1,1,6,1,8,-1,-1,-1,-1,-1
201330B000290,1,9,0,9,0,8,0,0,0,0,4,1,6,1,5,1596,1,6,1,1
201330B000290,2,9,0,18,0,8,0,0,0,0,1,1,6,1,10,-1,-1,-1,8,3
201330B000292,1,9,0,18,0,0,0,0,0,0,1,1,6,1,7,1598,1,11,8,1
201330B000292,2,19,0,2,0,0,0,0,0,0,2,1,6,3,-1,2402,2,3,-1,-1
201330B000293,1,1,0,9,0,1,0,0,0,0,3,1,6,1,8,-1,-1,-1,-1,-1
201330B000293,2,9,0,10,0,1,0,0,0,0,4,1,6,2,-1,1248,2,5,8,2
201330B000294,1,9,0,10,0,8,0,0,0,0,2,1,6,2,5,1910,2,8,5,1
201330B000294,2,9,0,18,0,1,0,0,0,0,1,1,6,2,9,1399,2,4,5,1
201330B000305,1,9,0,16,0,0,2,0,7,9,3,1,2,2,5,998,1,2,5,3
201330B000305,2,9,0,17,0,0,0,0,0,0,3,1,6,1,9,1242,1,11,6,3
201330B000308,1,9,0,18,0,0,0,0,0,0,1,1,6,2,4,1124,1,11,6,3
201330B000308,2,90,0,2,0,0,0,0,0,0,0,1,6,3,-1,-1,-1,-1,-1,-1
201330B000309,1,9,0,18,0,0,0,0,0,0,4,1,6,1,9,1968,2,1,6,3
201330B000322,1,9,0,18,0,8,0,0,0,0,3,1,6,1,5,1275,1,22,5,1
201330B000322,2,9,0,9,0,5,0,0,0,0,1,1,6,1,9,2495,2,18,9,1
201330B000324,1,9,0,16,0,0,1,0,0,0,1,1,6,2,7,1598,1,9,10,3
201330B000324,2,9,0,13,0,0,1,0,0,0,1,1,2,2,4,973,1,11,7,1
201330B000324,3,90,0,17,0,0,0,0,0,0,0,1,1,3,-1,-1,-1,-1,-1,-1