Accident_Index,Vehicle_Reference,Vehicle_Type,Towing_and_Articulation,Vehicle_Manoeuvre,Vehicle_Location-Restricted_Lane,Junction_Location,Skidding_and_Overturning,Hit_Object_in_Carriageway,Vehicle_Leaving_Carriageway,Hit_Object_off_Carriageway,1st_Point_of_Impact,Was_Vehicle_Left_Hand_Drive?,Journey_Purpose_of_Driver,Sex_of_Driver,Age_Band_of_Driver,Engine_Capacity_(CC),Propulsion_Code,Age_of_Vehicle,Driver_IMD_Decile,Driver_Home_Area_Type
201330B000325,1,9,0,17,0,0,0,0,7,4,4,1,2,2,5,998,1,6,1,1
201330B000329,1,9,0,4,0,0,0,0,0,0,2,1,6,2,7,1997,2,4,6,2
201330B000329,2,9,0,4,0,0,0,0,0,0,1,1,6,1,-1,1229,1,1,4,1
201330B000333,1,9,0,17,0,0,0,0,7,0,1,1,6,1,11,1299,1,10,5,1
201330B000333,2,9,0,16,0,0,0,0,7,0,1,1,6,1,9,1582,2,2,3,2
201330B000337,1,20,0,17,0,0,0,0,0,0,3,1,1,1,8,3920,2,1,1,1
201330B000337,2,20,0,16,0,0,0,0,0,0,3,1,1,1,6,-1,2,12,2,1
201330B000345,1,9,0,1,0,0,0,0,0,0,2,1,6,2,7,1956,2,1,3,1
201330B000362,1,9,0,7,0,3,0,0,0,0,0,1,6,3,-1,1296,1,5,-1,-1
201330B000362,2,9,0,18,0,1,0,0,0,0,2,1,6,2,8,1242,1,1,10,1
201330B000362,3,9,0,18,0,1,0,0,0,0,1,1,6,1,5,998,1,12,3,1
201330B000366,1,9,0,9,0,5,0,0,7,10,3,1,1,1,7,2446,2,12,8,3
201330B000366,2,9,0,13,0,8,0,0,1,0,1,1,6,1,9,1997,1,11,2,1
201330B000376,1,9,0,18,0,1,0,0,0,0,0,1,6,1,7,1997,2,1,10,1
201330B000376,2,9,0,7,0,6,0,0,0,0,0,1,6,1,-1,1587,1,15,-1,-1
201330B000377,1,9,0,18,0,0,1,0,0,0,1,1,6,1,8,-1,-1,-1,9,1
201330B000377,2,9,0,18,0,0,0,0,0,0,1,1,6,1,8,-1,-1,-1,8,1
201330B000379,1,9,0,17,0,2,2,0,2,10,1,1,6,2,6,1997,1,10,1,1
201330B000380,1,5,0,13,0,8,0,0,0,0,1,1,6,1,6,998,1,7,6,1
201330B000380,2,9,0,9,0,6,0,0,0,0,1,1,6,1,6,1910,2,5,5,1
201330B000380,3,9,0,3,0,1,0,0,0,0,4,1,6,1,7,1995,2,5,4,1
201330B000391,1,9,0,5,0,6,0,0,0,0,0,1,1,1,9,1910,2,5,5,2
201330B000393,1,9,0,17,0,0,1,0,8,10,3,1,6,2,5,1461,2,6,8,3
201330B000404,1,9,0,17,0,0,0,10,1,10,1,1,1,1,9,1229,1,8,7,1
201330B000407,1,9,0,18,0,0,2,0,1,0,4,1,6,1,4,-1,-1,-1,4,1
201330B000410,1,9,0,9,0,6,0,0,0,0,3,1,6,2,6,1229,1,2,8,1
201330B000410,2,2,0,17,0,8,0,0,0,0,1,1,6,1,4,49,1,23,5,1
201330B000417,1,9,0,16,0,0,0,0,0,0,1,1,3,1,7,1968,2,7,9,3
201330B000417,2,9,0,17,0,0,0,0,0,0,1,1,2,2,-1,1149,1,8,9,3
201330B000418,1,9,0,18,0,0,2,0,1,1,4,1,6,1,6,1997,2,13,7,1
201330B000428,1,19,0,18,0,6,0,0,1,0,3,1,1,1,6,-1,-1,-1,1,1
201330B000428,2,9,0,18,0,8,0,0,0,0,1,1,6,2,7,1910,2,6,6,3
201330B000429,1,9,0,18,0,6,0,0,0,0,3,1,2,1,5,1900,2,9,5,3
201330B000429,2,9,0,18,0,8,0,0,0,0,1,1,2,1,4,1124,1,12,7,2
201330B000435,1,9,0,5,9,1,0,0,0,0,1,1,6,2,-1,-1,-1,-1,-1,-1
201330B000452,1,9,0,16,0,0,5,0,7,10,4,1,6,1,11,1242,1,2,-1,-1
201330B000452,2,9,0,17,0,0,0,0,0,0,4,1,6,1,7,-1,-1,-1,-1,-1
201330B000457,1,9,0,9,0,6,0,0,0,0,3,1,6,2,4,1598,1,11,8,3
201330B000457,2,9,0,18,0,8,0,0,0,0,4,1,6,2,7,-1,-1,-1,10,1
201330B000458,1,9,0,17,0,0,2,0,7,9,1,1,6,1,4,-1,-1,-1,7,3
201330B000460,1,21,0,18,0,0,0,0,0,0,1,1,1,1,7,-1,-1,-1,5,1
201330B000460,2,9,0,3,0,0,0,0,0,0,2,1,6,1,8,1997,2,11,10,1
201330B000464,1,9,0,18,0,1,0,0,0,0,1,1,6,2,6,1298,1,4,10,2
201330B000464,2,9,0,4,0,1,0,0,0,0,2,1,6,1,8,1998,1,11,10,2
201330B000470,1,9,0,18,0,8,0,0,1,10,1,1,2,1,6,1560,2,4,6,3
201330B000470,2,21,0,18,0,6,0,0,0,0,1,1,1,1,7,5880,2,7,-1,-1
201330B000478,1,9,0,16,0,0,0,0,0,0,1,1,1,1,8,2993,2,1,10,1
201330B000478,2,9,0,17,0,0,0,0,0,0,1,2,6,1,10,-1,-1,-1,-1,-1
201330B000479,1,9,0,5,0,8,0,0,0,0,1,1,2,1,6,1968,2,7,10,1
201330B000479,2,9,0,5,0,8,0,0,0,0,1,1,2,1,6,1399,2,4,7,3
201330B000488,1,9,0,17,0,0,1,0,1,2,1,1,6,1,9,1951,2,9,1,1
201330B000488,2,9,0,17,0,0,1,0,1,10,4,1,6,2,4,1598,1,9,9,2
201330B000488,3,9,0,17,0,0,1,0,1,0,1,1,6,1,8,2231,2,1,7,1
201330B000490,1,9,0,4,0,0,1,4,0,0,1,1,1,1,6,-1,-1,-1,-1,-1
201330B000490,2,9,0,2,0,0,0,0,0,0,1,1,6,1,4,1997,2,10,-1,-1
201330B000490,3,3,0,1,0,0,0,0,0,0,0,1,6,1,6,125,1,1,8,1
201330B000494,1,9,0,18,0,1,1,0,0,0,1,1,6,1,8,2720,2,5,8,3
201330B000494,2,9,0,18,0,2,0,0,0,0,1,1,6,1,7,1968,2,7,9,1
201330B000494,3,9,0,18,0,2,0,0,0,0,1,1,6,1,8,2800,2,6,8,3
201330B000495,1,9,0,18,0,0,1,0,0,0,1,1,6,1,6,-1,-1,-1,4,1
201330B000495,2,9,0,18,0,0,0,0,0,0,2,1,6,1,-1,2494,2,2,-1,-1
201330B000499,1,9,0,17,0,0,2,0,1,4,1,1,2,1,5,1398,2,8,9,2
201330B000510,1,9,0,16,0,0,5,11,0,0,1,1,2,1,6,1124,1,14,5,2
201330B000510,2,19,0,17,0,0,0,0,0,0,0,1,6,3,-1,-1,-1,-1,-1,-1
201330B000512,1,11,0,4,0,0,0,0,0,0,0,1,1,1,8,9000,2,6,-1,-1
201330B000515,1,9,0,18,0,4,0,0,0,0,1,1,6,2,8,1598,1,5,9,2
201330B000515,2,9,0,18,0,8,0,0,0,0,4,1,1,1,7,1364,1,5,7,1
201330B000532,1,9,0,9,0,6,0,0,0,0,4,1,6,2,7,1240,1,7,5,1
201330B000532,2,9,0,18,0,8,0,0,0,0,1,1,6,1,9,1598,1,6,2,1
201330B000533,1,9,0,16,0,0,2,0,7,0,3,1,6,1,5,1998,1,10,7,1
201330B000535,1,9,0,18,0,6,0,0,0,0,1,1,6,1,8,2184,2,7,8,1
201330B000535,2,11,0,18,0,8,0,0,0,0,3,1,6,1,9,4250,2,11,7,1
201330B000542,1,21,1,18,0,1,0,0,0,0,1,1,1,1,7,11946,2,-1,2,1
201330B000542,2,9,0,7,0,1,0,0,0,0,2,1,6,1,8,998,1,1,8,1
201330B000542,3,9,0,10,0,1,0,0,0,0,3,1,6,1,9,1598,1,1,8,1
201330B000545,1,9,0,9,0,5,0,0,0,0,4,1,1,1,11,2495,2,16,6,2
201330B000545,2,1,0,18,0,8,0,0,0,0,1,1,6,1,10,-1,-1,-1,7,1
201330B000560,1,9,0,17,0,0,0,0,0,0,1,1,6,2,8,1988,1,10,10,3
201330B000582,1,9,0,17,0,0,2,0,8,10,1,1,6,1,4,1124,1,15,6,3
201330B000588,1,9,0,1,0,0,0,0,0,0,2,1,6,2,8,4164,2,14,5,3
201330B000588,2,9,0,4,0,0,1,0,0,0,1,1,4,1,5,1149,1,2,8,3
201330B000601,1,9,0,3,0,0,0,0,0,0,2,1,6,1,5,1598,1,9,6,2
201330B000601,2,9,0,4,0,0,1,0,0,0,1,1,6,2,5,1242,1,8,7,3
201330B000609,1,19,0,18,0,0,0,0,0,0,0,1,6,3,-1,-1,-1,-1,-1,-1
201330B000609,2,16,0,18,0,0,0,0,0,0,0,1,6,2,4,-1,-1,-1,-1,-1
201330B000615,1,9,0,18,0,0,0,0,0,0,1,1,1,1,6,1968,2,5,2,1
201330B000615,2,17,5,18,0,0,0,0,0,0,2,1,1,1,-1,-1,2,10,7,3
201330B000619,1,9,0,18,0,0,0,0,0,0,1,1,6,3,-1,-1,-1,-1,-1,-1
201330B000623,1,9,0,18,0,8,0,0,0,0,3,1,6,1,6,-1,-1,-1,5,1
201330B000623,2,9,0,9,0,8,0,0,0,0,1,1,6,1,6,1598,2,-1,8,2
201330B000624,1,9,0,13,0,0,0,0,0,0,2,1,6,1,8,1560,2,-1,6,2
201330B000624,2,5,0,13,0,0,1,0,0,0,1,1,6,1,8,1340,1,5,10,2
201330B000626,1,9,0,5,0,6,0,0,0,0,3,1,6,2,9,1197,1,2,8,3
201330B000626,2,1,0,17,0,8,0,0,0,0,1,1,6,2,4,-1,-1,-1,-1,-1
201330B000627,1,9,0,3,0,0,0,0,0,0,2,1,2,1,8,-1,-1,-1,6,2
201330B000627,2,9,0,18,0,0,0,0,0,0,1,1,1,1,-1,1364,1,5,-1,-1
201330B000628,1,9,0,18,0,0,0,0,1,10,1,1,6,2,9,1422,2,9,8,3
201330B000628,2,19,0,18,0,0,0,0,1,0,1,1,2,1,7,2402,2,4,6,3
201330B000663,1,9,0,18,0,8,0,0,0,0,1,1,6,1,9,1397,1,14,10,1
201330B000663,2,9,0,9,0,8,0,0,0,0,1,1,6,1,10,1686,2,7,10,3
201330B000664,1,9,0,9,0,6,0,0,0,0,3,1,6,2,8,-1,-1,-1,9,1
201330B000664,2,5,0,18,0,8,0,0,0,0,1,1,6,1,-1,897,1,-1,6,1
201330B000666,1,9,0,7,0,5,0,0,1,10,2,1,6,1,10,998,1,2,7,3
201330B000666,2,9,0,18,0,1,0,0,0,0,1,1,6,2,9,1199,1,9,7,3
201330B000670,1,9,0,16,0,0,0,0,0,0,1,1,6,2,10,1560,2,3,9,1
201330B000670,2,9,0,17,0,0,0,0,0,0,3,1,6,1,5,1242,1,14,5,3
201330B000672,1,9,0,18,0,0,5,0,8,4,1,1,6,1,7,1968,2,7,10,1
201330B000673,1,9,0,18,0,0,0,4,0,0,1,1,6,1,11,1984,1,11,7,3
201330B000673,2,9,0,2,0,0,0,0,0,0,3,1,6,1,10,1998,1,14,8,1
201330B000673,3,9,0,2,0,0,0,0,1,0,1,1,6,1,7,1242,1,5,5,1
201330B000685,1,19,0,18,0,0,0,0,0,0,4,1,1,1,9,2198,2,2,7,3
201330B000693,1,9,0,9,0,8,0,0,0,0,3,1,6,1,9,1598,1,3,-1,-1
201330B000693,2,21,0,17,0,3,0,0,0,0,1,1,1,1,7,12777,2,4,-1,-1
201330B000698,1,9,0,4,0,0,0,0,0,0,1,1,6,1,5,2792,1,18,3,3
201330B000698,2,9,0,3,0,0,0,0,0,0,2,1,6,1,8,1796,1,17,6,3
201330B000700,1,9,0,9,0,2,1,10,7,10,3,1,6,1,11,1796,1,2,7,2
201330B000710,1,9,0,13,0,1,0,0,7,4,1,1,6,1,5,1998,1,8,9,1
201330B000710,2,9,0,3,0,1,0,0,0,0,2,1,6,2,5,1910,2,4,1,1
201330B000713,1,9,0,17,0,0,2,0,7,10,4,1,6,1,10,1388,1,2,3,1
201330B000714,1,9,0,18,0,1,0,0,0,0,1,1,6,2,6,1124,1,7,6,2
201330B000714,2,9,0,3,0,1,0,0,0,0,2,1,1,2,5,2179,2,2,9,1
201330B000714,3,9,0,10,0,8,0,0,0,0,0,1,6,3,-1,-1,-1,-1,-1,-1
201330B000720,1,5,0,13,0,8,0,0,7,0,1,1,6,1,8,1137,1,16,1,1
201330B000720,2,9,0,9,0,5,0,0,7,0,3,1,6,1,8,1328,1,6,2,1
201330B000725,1,9,0,18,0,0,0,0,1,10,4,1,6,1,4,1587,1,13,6,3
201330B000725,2,5,0,13,0,0,0,0,0,0,0,1,6,1,5,656,1,8,10,1
201330B000735,1,8,0,14,0,0,2,4,0,0,4,1,6,1,7,-1,-1,-1,8,3
201330B000735,2,19,0,2,0,0,0,0,0,0,3,1,6,3,-1,2402,2,6,-1,-1
201330C000001,1,9,0,17,0,0,0,0,0,0,4,1,6,1,11,1398,1,3,2,1
201330C000001,2,9,0,2,0,0,0,0,0,0,2,1,6,3,-1,1781,1,10,-1,-1
201330C000001,3,9,0,2,0,0,0,0,0,0,2,1,6,3,-1,1560,2,7,-1,-1
201330C000001,4,9,0,2,0,0,0,0,0,0,4,1,6,3,-1,-1,-1,-1,-1,-1
201330C000004,1,9,0,9,0,8,0,0,0,0,1,1,1,2,8,3199,1,9,5,1
201330C000004,2,1,0,3,0,8,0,0,0,0,1,1,1,2,8,-1,-1,-1,-1,-1
201330C000004,3,9,0,7,0,2,0,0,0,0,0,1,6,3,-1,-1,-1,-1,-1,-1
201330C000007,1,9,0,5,0,4,0,0,0,0,1,1,2,2,4,1360,1,13,6,1
201330C000007,2,9,0,3,0,4,0,0,0,0,2,1,2,2,7,1248,2,6,1,1
201330C000009,1,8,0,18,0,8,0,0,0,0,1,1,1,1,6,1896,2,3,-1,-1
201330C000009,2,9,0,9,0,6,0,0,0,0,1,1,6,2,4,1598,1,10,8,1
201330C000011,1,9,0,3,0,1,0,0,0,0,2,1,6,1,8,1598,2,1,2,2
201330C000011,2,9,0,18,0,1,0,0,0,0,1,1,6,1,9,1399,2,4,-1,-1
201330C000012,1,9,0,9,0,5,0,0,0,0,4,1,6,1,10,1951,2,8,3,1
201330C000012,2,1,0,18,0,8,0,0,0,0,1,1,6,1,7,-1,-1,-1,1,1
201330C000015,1,5,0,18,0,8,2,0,0,0,1,1,2,1,8,649,1,3,5,2
201330C000015,2,9,0,9,0,1,0,0,0,0,3,1,6,1,10,1560,2,3,8,1
201330C000017,1,5,0,9,0,6,0,0,0,0,1,1,6,1,10,865,1,3,8,2
201330C000017,2,9,0,18,0,8,0,0,0,0,4,1,6,3,-1,-1,-1,-1,-1,-1
201330C000018,1,4,0,5,0,4,0,0,0,0,3,1,6,1,5,250,1,10,1,1
201330C000018,2,9,0,5,0,4,0,0,0,0,4,1,6,2,4,1587,1,12,9,1
201330C000019,1,9,0,17,0,8,0,0,0,0,1,1,6,2,10,1598,1,4,10,1
201330C000019,2,9,0,9,0,6,0,0,0,0,3,1,6,1,7,1332,1,16,9,1
201330C000020,1,8,0,4,0,0,0,0,0,0,2,1,1,1,8,1997,2,4,5,1
201330C000020,2,3,0,18,0,0,0,0,0,0,1,1,6,1,7,124,1,18,2,1
201330C000020,3,11,0,4,0,0,0,0,0,0,0,1,1,3,-1,-1,-1,-1,-1,-1
201330C000021,1,3,0,18,0,3,0,7,0,0,3,1,6,1,4,125,1,8,2,1
201330C000024,1,5,0,18,0,1,1,0,0,0,1,1,6,1,7,1157,1,7,7,1
201330C000024,2,8,0,9,0,5,0,0,0,0,4,1,6,1,-1,2179,2,4,7,1
201330C000025,1,9,0,18,0,0,0,12,0,0,1,1,6,1,11,1560,2,3,3,2
201330C000025,2,9,0,18,0,0,0,12,0,0,1,1,6,1,7,1299,1,12,2,1
201330C000025,3,9,0,18,0,0,0,12,0,0,1,1,6,1,9,1956,2,1,5,2
201330C000028,1,8,0,1,0,8,0,0,0,0,2,1,1,1,8,1896,2,7,-1,-1
201330C000029,1,9,0,18,0,3,0,0,0,0,1,1,2,1,4,1149,1,13,4,1
201330C000030,1,9,0,18,0,8,0,0,0,0,1,1,6,2,8,1896,2,11,4,1
201330C000030,2,9,0,9,0,8,0,0,0,0,1,1,6,2,10,1299,1,10,10,1
201330C000031,1,11,0,2,0,1,0,0,0,0,2,1,1,1,7,9000,2,3,2,1
201330C000031,2,21,0,18,0,1,0,0,0,0,1,1,1,1,7,-1,-1,-1,4,2
201330C000035,1,9,0,18,0,1,0,0,0,0,4,1,6,2,8,1581,1,13,5,1
201330C000038,1,9,0,9,0,8,0,0,0,0,4,1,2,1,5,1360,1,9,-1,-1
201330C000038,2,2,0,18,0,1,0,0,0,0,1,1,2,1,4,50,1,3,4,2
201330C000040,1,9,0,18,0,1,0,0,0,0,1,1,6,1,9,1951,2,11,5,1
201330C000040,2,9,0,10,0,8,0,0,0,0,2,1,6,1,6,1998,2,5,9,1
201330C000044,1,19,0,9,0,5,0,10,7,10,3,1,1,1,9,1700,2,10,-1,-1
201330C000044,2,9,0,13,0,1,0,10,7,2,4,1,1,2,7,1242,1,10,-1,-1
201330C000046,1,9,0,18,0,0,0,0,7,0,1,1,6,1,10,-1,-1,-1,4,1
201330C000046,2,9,0,2,0,0,0,0,0,0,3,1,6,3,-1,1868,2,14,-1,-1
201330C000046,3,9,0,2,0,0,0,0,0,0,4,1,6,3,-1,1781,1,12,-1,-1
201330C000048,1,9,0,4,0,2,0,0,0,0,2,1,2,2,4,1242,1,4,5,1
201330C000048,2,9,0,18,0,2,0,0,0,0,1,1,6,1,6,1560,2,7,-1,-1
201330C000049,1,11,0,2,0,1,0,0,0,0,0,1,1,2,7,9000,2,10,1,1
201330C000052,1,9,0,18,0,0,0,0,0,0,1,1,6,2,9,1560,2,4,10,1
201330C000052,2,9,0,18,0,0,0,0,0,0,1,1,6,1,7,1598,1,6,10,1
201330C000058,1,9,0,13,0,0,0,0,0,0,1,1,6,2,-1,-1,-1,-1,-1,-1
201330C000058,2,1,0,18,0,0,0,0,0,0,2,1,6,1,3,-1,-1,-1,3,1
201330C000062,1,9,0,17,0,2,0,0,0,0,1,1,2,2,4,998,1,10,3,1
201330C000062,2,9,0,2,0,1,0,0,0,0,1,1,3,2,6,1598,1,8,1,1
201330C000063,1,9,0,9,0,6,1,0,3,4,1,1,6,1,-1,1761,1,15,-1,-1
201330C000063,2,9,0,9,0,6,0,0,0,0,0,1,1,1,-1,2400,2,3,4,1
201330C000064,1,9,0,18,0,8,0,0,0,0,1,1,6,1,7,1349,1,13,3,2
201330C000064,2,3,0,9,0,6,0,0,0,0,1,1,6,1,4,125,1,7,7,2
201330C000065,1,9,0,18,0,0,1,0,5,6,3,1,1,2,6,1398,2,10,1,1
201330C000068,1,9,0,17,0,8,0,0,0,0,1,1,6,1,5,1598,1,14,4,1
201330C000068,2,9,0,9,0,6,0,0,0,0,1,1,6,1,7,2143,2,1,7,1
201330C000071,1,9,0,4,0,1,1,10,0,0,4,1,2,1,6,1598,1,7,-1,-1
201330C000071,2,19,0,4,0,1,0,0,0,0,2,1,1,1,8,2402,2,6,-1,-1
201330C000071,3,9,0,4,0,1,0,0,0,0,1,1,6,2,7,1598,1,7,-1,-1
201330C000075,1,9,0,16,0,0,2,0,7,9,3,1,2,2,6,1896,2,11,8,2
201330C000082,1,9,0,18,0,0,0,0,0,0,4,1,1,2,8,998,1,5,10,1
201330C000082,2,9,0,12,0,0,0,0,7,0,3,1,1,1,8,2720,2,7,6,3
201330C000084,1,9,0,7,0,5,0,0,1,10,2,1,6,1,10,1386,1,4,9,1
201330C000084,2,9,0,18,0,1,0,0,0,0,1,1,2,1,6,1388,1,10,-1,-1
201330C000090,1,9,0,4,0,0,0,0,0,0,2,1,6,1,4,1360,1,13,3,1
201330C000090,2,19,0,18,0,0,0,0,0,0,1,1,6,1,7,2463,2,8,7,3
201330C000093,1,9,0,18,0,0,1,0,0,0,4,1,1,2,6,-1,-1,-1,-1,-1
201330C000093,2,9,0,18,0,0,1,0,0,0,1,1,6,2,4,1149,1,7,8,1
201330C000098,1,9,0,18,0,8,1,0,0,0,3,1,6,1,7,1598,1,9,2,1
201330C000098,2,9,0,18,0,1,0,0,0,0,3,1,6,1,8,1461,2,8,4,1
201330C000098,3,9,0,2,8,1,0,0,0,0,3,1,6,1,6,1390,1,14,2,1
201330C000100,1,9,0,12,0,0,2,0,5,1,3,1,2,1,6,1989,1,13,1,1
201330C000101,1,9,0,3,0,1,0,0,0,0,2,1,6,1,7,1598,1,3,-1,-1
201330C000101,2,9,0,18,0,1,1,0,0,0,1,1,6,3,-1,-1,-1,-1,-1,-1
201330C000102,1,9,0,17,0,0,0,0,7,4,1,1,1,1,6,1997,2,11,-1,-1
201330C000103,1,9,0,15,0,0,1,0,7,0,4,1,6,1,4,-1,-1,-1,2,1
201330C000103,2,9,0,18,0,0,0,0,0,0,1,1,6,1,6,1994,1,16,2,1
201330C000103,3,9,0,2,0,0,0,0,0,0,0,1,6,3,-1,1798,8,1,-1,-1
201330C000108,1,9,0,17,0,0,1,0,8,10,1,1,2,1,4,1598,1,1,3,1
201330C000111,1,9,0,16,0,2,1,0,0,0,1,1,6,1,4,1242,1,13,-1,-1
201330C000111,2,9,0,17,0,1,0,0,1,4,1,1,6,1,10,1390,1,11,7,1
201330C000116,1,9,0,18,0,0,1,10,7,10,1,1,1,1,8,1560,2,1,6,2
201330C000121,1,9,0,16,0,0,2,0,0,0,4,1,6,1,4,1198,1,9,4,2
201330C000123,1,9,0,9,0,8,0,0,0,0,4,1,6,2,7,-1,-1,-1,-1,-1
201330C000123,2,9,0,18,0,8,0,0,0,0,1,1,6,2,6,1989,1,13,-1,-1
201330C000123,3,9,0,3,0,1,0,0,0,0,3,1,6,1,7,1686,2,2,-1,-1
201330C000130,1,9,0,18,0,0,0,7,0,0,1,1,6,1,4,1149,1,16,3,2
201330C000133,1,4,0,17,0,1,1,0,0,0,0,1,1,1,8,124,1,17,6,1
201330C000139,1,9,0,17,0,0,1,0,1,4,1,1,6,1,10,1360,1,5,6,3
201330C000142,1,11,0,17,0,8,0,0,0,0,4,1,1,1,7,9000,2,8,-1,-1
201330C000142,2,9,0,4,0,8,1,0,0,0,3,1,1,1,8,1199,2,3,-1,-1
201330C000144,1,9,0,18,0,0,0,0,0,0,3,1,1,1,5,-1,-1,-1,3,2
201330C000144,2,9,0,3,0,0,0,0,0,0,0,1,1,1,5,2204,2,8,4,1
201330C000147,1,9,0,17,0,2,1,0,0,0,1,1,2,2,9,1868,2,11,9,2
201330C000147,2,1,0,16,0,1,0,0,0,0,3,1,2,1,8,-1,-1,-1,-1,-1
201330C000148,1,9,0,18,0,4,0,0,0,0,1,1,6,2,7,1749,1,11,3,1
201330C000150,1,11,0,5,0,0,0,0,0,0,0,1,1,1,9,6370,2,12,7,1
201330C000151,1,9,0,18,0,0,0,0,0,0,4,1,6,2,6,-1,-1,-1,8,3
201330C000152,1,9,0,1,0,1,0,0,0,0,2,1,6,2,5,998,1,15,1,1
201330C000154,1,5,0,16,0,0,0,0,0,0,1,1,6,1,6,599,1,11,3,1
201330C000154,2,21,0,17,0,0,0,0,0,0,1,1,1,1,9,15607,2,9,7,1
201330C000155,1,9,0,17,0,0,1,0,1,10,1,1,1,2,6,2616,1,7,-1,-1
201330C000156,1,8,0,18,0,0,0,0,0,0,1,1,6,1,-1,1560,2,5,-1,-1
201330C000157,1,3,0,18,0,0,0,0,0,0,0,1,6,1,6,-1,-1,-1,4,1
201330C000159,1,9,0,16,0,0,2,0,7,0,3,1,6,2,9,1587,1,9,3,2
201330C000161,1,9,0,16,0,8,1,0,0,0,1,1,2,2,4,1796,1,14,6,1
201330C000161,2,9,0,9,0,8,1,0,1,0,4,1,1,1,8,3456,8,4,9,1
201330C000163,1,9,0,18,0,0,0,0,0,0,1,1,6,1,7,1990,1,17,3,1
201330C000163,2,9,0,4,0,0,0,0,0,0,2,1,6,1,4,1229,1,1,5,1
201330C000164,1,9,0,18,0,2,0,0,0,0,1,1,6,1,5,-1,-1,-1,3,1
201330C000164,2,9,0,18,0,1,0,0,0,0,1,1,6,1,5,1390,1,16,-1,-1
201330C000166,1,9,0,3,0,1,0,0,0,0,2,1,6,2,9,998,1,11,3,1
201330C000166,2,9,0,16,0,1,0,0,0,0,1,1,6,1,4,1598,1,8,4,1
201330C000171,1,9,0,18,0,0,0,0,0,0,4,1,2,1,7,1896,2,5,-1,-1
201330C000172,1,9,0,10,0,8,0,0,0,0,2,1,2,1,8,1796,1,10,8,2
201330C000172,2,9,0,18,0,8,0,0,0,0,1,1,6,1,10,1343,1,9,10,1
201330C000173,1,9,0,18,0,8,0,0,1,10,3,1,1,2,7,1390,1,9,6,2
201330C000173,2,9,0,9,0,6,0,0,0,0,1,1,1,2,7,998,1,6,8,1
201330C000175,1,9,0,18,0,2,0,0,0,0,1,1,6,2,7,1149,1,2,8,1
201330C000177,1,11,0,2,0,0,0,0,0,0,0,1,1,1,8,-1,2,23,4,2
201330C000182,1,9,0,7,0,1,0,0,7,4,3,1,6,1,10,1998,2,9,7,1
201330C000183,1,19,0,18,0,0,0,0,0,0,0,1,1,1,6,2198,2,1,-1,-1
201330C000183,2,9,0,18,0,0,0,0,0,0,4,1,1,1,7,1968,2,1,3,1
201330C000183,3,9,0,18,0,0,1,0,0,0,1,1,1,2,6,1598,1,1,10,1
201330C000184,1,9,0,3,0,1,0,0,0,0,2,1,6,2,7,1598,1,10,7,1
201330C000184,2,9,0,4,0,1,0,0,0,0,1,1,6,2,-1,-1,-1,-1,4,2
201330C000186,1,9,0,3,0,1,0,0,0,0,3,1,6,1,7,-1,-1,-1,6,1
201330C000186,2,19,0,17,0,1,0,0,0,0,4,1,6,1,-1,2459,2,15,-1,-1
201330C000186,3,9,0,1,0,5,0,0,0,0,0,1,6,1,-1,-1,-1,-1,-1,-1
201330C000187,1,9,0,18,0,8,0,0,0,0,1,1,6,1,7,-1,-1,-1,2,1
201330C000187,2,9,0,9,0,8,0,0,0,0,1,1,6,2,-1,-1,-1,-1,-1,-1
201330C000188,1,9,0,16,0,0,0,0,7,10,1,1,2,2,8,1329,1,2,4,1
201330C000194,1,9,0,16,0,0,0,0,0,0,1,1,1,1,8,1560,2,5,4,3
201330C000198,1,5,0,3,0,1,0,0,0,0,2,1,6,1,5,1202,1,3,5,2
201330C000198,2,9,0,5,0,1,0,0,0,0,1,1,6,2,10,1994,2,15,5,1
201330C000199,1,9,0,3,0,0,0,0,0,0,2,1,6,2,6,1596,1,5,5,1
201330C000199,2,9,0,18,0,0,0,0,0,0,1,1,6,1,5,1364,1,5,2,1
201330C000200,1,9,0,4,0,1,0,0,0,0,2,1,6,1,6,2204,2,4,2,1
201330C000200,2,9,0,4,0,1,0,0,0,0,1,1,6,1,-1,-1,-1,-1,-1,-1
201330C000205,1,9,0,17,0,0,1,0,0,0,1,1,6,2,8,1997,1,9,8,3
201330C000205,2,9,0,17,0,0,0,0,0,0,1,1,6,2,7,1870,2,9,10,2
201330C000205,3,9,0,17,0,0,0,0,0,0,1,1,6,2,8,2999,2,15,3,2
201330C000206,1,9,0,9,0,6,0,0,0,0,1,1,6,1,9,1341,1,12,-1,-1
201330C000206,2,9,0,17,0,8,0,0,7,10,1,1,6,2,9,998,1,9,10,1
201330C000215,1,9,0,18,0,8,1,0,1,10,4,1,6,2,10,1560,2,2,8,3
201330C000215,2,19,0,4,0,6,1,0,0,0,1,1,1,1,6,1896,2,9,-1,-1