Accident_Index,Vehicle_Reference,Vehicle_Type,Towing_and_Articulation,Vehicle_Manoeuvre,Vehicle_Location-Restricted_Lane,Junction_Location,Skidding_and_Overturning,Hit_Object_in_Carriageway,Vehicle_Leaving_Carriageway,Hit_Object_off_Carriageway,1st_Point_of_Impact,Was_Vehicle_Left_Hand_Drive?,Journey_Purpose_of_Driver,Sex_of_Driver,Age_Band_of_Driver,Engine_Capacity_(CC),Propulsion_Code,Age_of_Vehicle,Driver_IMD_Decile,Driver_Home_Area_Type
201330C000217,1,9,0,16,0,0,1,0,0,0,1,1,2,2,4,2402,2,5,3,2
201330C000217,2,9,0,17,0,0,0,0,0,0,3,1,2,2,8,2720,2,6,5,2
201330C000225,1,3,0,18,0,8,0,0,0,0,1,1,6,1,4,124,1,2,10,1
201330C000225,2,9,0,9,0,6,0,0,0,0,2,1,6,1,-1,1896,2,12,4,1
201330C000226,1,19,0,1,0,0,0,0,0,0,2,1,6,1,7,1753,2,14,2,1
201330C000226,2,9,0,2,0,0,0,0,0,0,0,1,6,1,7,-1,-1,-1,2,1
201330C000229,1,9,0,4,0,1,0,0,0,0,2,1,6,1,9,1598,2,2,1,1
201330C000229,2,9,0,16,0,1,0,0,0,0,1,1,2,2,8,1328,1,4,4,1
201330C000231,1,9,0,9,0,5,0,0,0,0,1,1,6,1,8,1896,2,10,1,1
201330C000231,2,9,0,18,0,8,0,0,0,0,1,1,6,1,7,2204,2,8,6,1
201330C000238,1,9,0,8,0,1,0,0,0,0,4,1,6,2,5,1686,2,-1,1,1
201330C000238,2,1,0,18,0,1,0,0,0,0,1,1,6,1,2,-1,-1,-1,1,1
201330C000240,1,1,0,17,0,8,0,0,0,0,3,1,2,1,7,-1,-1,-1,3,1
201330C000240,2,9,0,7,0,5,0,0,1,0,4,1,6,3,-1,-1,-1,-1,-1,-1
201330C000241,1,9,0,18,0,8,0,0,0,0,1,1,2,1,9,1598,1,14,4,3
201330C000241,2,9,0,6,0,8,0,0,0,0,1,1,2,2,5,1390,1,13,4,2
201330C000251,1,9,0,18,0,0,1,0,1,10,1,1,6,1,5,1461,2,7,2,1
201330C000257,1,9,0,13,0,0,0,0,0,0,3,1,6,1,7,-1,-1,-1,7,1
201330C000257,2,9,0,18,0,0,0,0,0,0,0,1,6,3,-1,-1,-1,-1,-1,-1
201330C000258,1,9,0,18,0,0,0,0,0,0,1,1,6,2,4,1900,2,14,2,1
201330C000258,2,9,0,18,0,0,0,0,0,0,2,1,6,1,5,-1,-1,-1,2,1
201330C000260,1,9,0,4,0,1,0,0,0,0,2,1,1,2,8,1149,1,12,3,2
201330C000260,2,9,0,4,0,1,1,0,0,0,1,1,6,2,6,1149,1,8,3,2
201330C000262,1,9,0,18,0,0,1,0,1,2,4,1,6,2,5,1390,1,10,-1,-1
201330C000265,1,9,0,18,0,8,0,0,0,0,3,1,6,2,6,1598,1,12,3,1
201330C000265,2,9,0,18,0,6,1,0,0,0,1,1,6,1,7,1896,2,5,3,1
201330C000268,1,19,4,17,0,8,0,0,0,0,4,1,6,1,6,2402,2,1,4,1
201330C000268,2,9,0,9,0,6,0,0,0,0,1,1,6,2,4,1587,1,10,3,2
201330C000278,1,9,0,16,0,0,0,0,7,10,1,1,6,1,7,1799,1,8,8,3
201330C000281,1,9,0,7,0,6,0,0,3,10,1,1,6,1,11,1598,1,11,10,1
201330C000281,2,9,0,18,0,8,0,0,1,0,4,1,6,1,8,1598,1,10,5,1
201330C000282,1,9,0,17,0,0,2,0,8,10,1,1,6,1,4,1596,1,11,4,2
201330C000284,1,9,0,18,0,8,0,0,0,0,1,1,6,2,5,998,1,4,6,1
201330C000284,2,9,0,9,0,5,0,0,0,0,4,1,6,1,7,1399,2,2,5,1
201330C000291,1,5,0,17,0,0,0,0,0,0,0,1,1,1,6,599,1,12,4,1
201330C000295,1,9,0,4,0,0,0,0,0,0,2,1,6,2,7,-1,-1,-1,6,2
201330C000295,2,9,0,18,0,0,0,0,0,0,1,1,6,1,6,1598,1,11,6,1
201330C000296,1,9,0,16,0,0,2,0,8,4,1,1,6,2,7,1497,1,9,4,2
201330C000297,1,9,0,9,0,6,0,0,0,0,3,1,2,2,5,1388,1,10,4,3
201330C000297,2,1,0,12,0,8,0,0,0,0,1,1,2,1,7,-1,-1,-1,6,1
201330C000297,3,20,0,3,0,1,0,0,0,0,0,1,1,3,-1,-1,-1,-1,-1,-1
201330C000299,1,9,0,4,0,1,0,0,0,0,2,1,1,1,5,1598,1,6,4,1
201330C000299,2,9,0,4,0,1,1,0,0,0,1,1,1,2,7,1248,2,2,7,1
201330C000300,1,9,0,17,0,2,1,0,1,10,1,1,6,1,4,1199,1,14,5,1
201330C000302,1,90,0,18,0,0,0,0,4,6,1,1,1,1,8,-1,-1,-1,10,1
201330C000302,2,9,0,2,0,0,0,0,1,0,2,1,1,1,-1,3400,6,14,-1,-1
201330C000304,1,9,0,18,0,0,5,0,2,4,1,1,6,2,6,1560,2,7,9,1
201330C000310,1,9,0,18,0,0,0,0,0,0,1,1,6,1,9,1997,2,12,2,1
201330C000310,2,11,0,2,0,0,0,0,0,0,0,1,1,3,-1,-1,-1,-1,-1,-1
201330C000314,1,9,0,14,0,0,0,0,0,0,4,1,6,2,-1,1061,1,10,-1,-1
201330C000314,2,90,0,2,0,0,0,0,0,0,0,1,1,3,-1,-1,-1,-1,-1,-1
201330C000319,1,9,0,17,0,0,1,0,1,2,2,1,6,1,5,1242,1,9,6,1
201330C000321,1,21,1,12,8,0,0,0,0,0,2,1,1,1,9,12900,2,5,5,1
201330C000321,2,9,0,18,0,0,0,0,0,0,2,1,2,1,8,1910,2,5,10,1
201330C000321,3,9,0,18,0,0,0,0,0,0,1,1,2,2,4,1299,1,11,10,2
201330C000323,1,9,0,16,0,0,1,0,1,10,1,1,6,1,6,2435,1,14,3,3
201330C000323,2,9,0,17,0,0,0,0,0,0,0,1,6,3,-1,-1,-1,-1,-1,-1
201330C000328,1,3,0,18,0,1,2,0,0,0,1,1,2,1,7,123,1,2,4,2
201330C000328,2,9,0,5,0,6,0,0,0,0,3,1,2,1,10,1339,1,3,7,1
201330C000331,1,9,0,10,0,8,0,0,0,0,2,1,6,1,7,1973,1,12,1,1
201330C000331,2,9,0,3,0,1,0,0,0,0,2,1,6,1,6,-1,-1,-1,10,1
201330C000331,3,9,0,18,0,1,0,0,0,0,1,1,6,1,6,1998,1,4,8,3
201330C000335,1,9,0,16,0,0,2,0,0,0,0,1,6,1,8,1242,1,10,1,2
201330C000340,1,9,0,18,0,0,5,0,1,1,1,1,2,2,6,1242,1,14,7,1
201330C000341,1,9,0,18,0,8,0,0,0,0,1,1,6,1,8,1896,2,12,7,1
201330C000341,2,9,0,9,0,6,0,0,1,2,3,1,6,2,5,1124,1,11,4,1
201330C000344,1,9,0,18,0,4,0,0,0,0,1,1,6,1,5,1596,1,4,7,1
201330C000344,2,9,0,18,0,4,0,0,0,0,2,1,6,2,-1,-1,-1,-1,7,1
201330C000355,1,9,0,10,0,8,0,0,0,0,2,1,6,1,11,1870,2,7,8,1
201330C000355,2,9,0,18,0,1,0,0,0,0,1,1,6,2,-1,1199,1,11,2,1
201330C000356,1,9,0,3,0,1,0,0,0,0,2,1,6,2,5,1796,1,8,7,2
201330C000356,2,9,0,18,0,1,0,0,0,0,1,1,6,1,6,1560,2,3,7,3
201330C000357,1,9,0,18,0,0,1,0,0,0,1,1,6,2,6,1995,2,3,4,1
201330C000358,1,9,0,7,0,3,0,0,0,0,3,1,6,2,6,1686,2,7,3,1
201330C000358,2,9,0,7,0,8,0,0,0,0,4,1,6,3,-1,-1,-1,-1,-1,-1
201330C000359,1,9,0,5,0,0,0,0,0,0,4,1,6,1,7,-1,-1,-1,1,1
201330C000359,2,1,0,18,0,0,0,0,0,0,1,1,6,1,3,-1,-1,-1,4,2
201330C000361,1,9,0,9,0,6,0,0,0,0,1,1,6,1,8,1834,1,10,3,1
201330C000367,1,9,0,7,0,3,0,0,1,10,1,1,6,2,10,1798,1,10,4,1
201330C000368,1,11,0,18,0,1,0,0,0,0,0,1,1,1,9,3900,2,9,2,2
201330C000368,2,9,0,18,0,8,0,0,0,0,0,1,6,1,-1,-1,-1,-1,-1,-1
201330C000374,1,9,0,5,0,1,0,0,0,0,2,1,6,2,5,1108,1,9,4,1
201330C000374,2,9,0,5,0,1,0,0,0,0,1,1,6,2,6,1560,2,1,2,1
201330C000378,1,9,0,5,0,1,0,0,0,0,1,1,6,2,11,1390,1,13,1,1
201330C000378,2,9,0,3,0,1,0,0,0,0,2,1,6,2,5,998,1,7,4,1
201330C000384,1,9,0,17,0,0,2,0,0,10,1,1,6,1,6,1753,2,6,-1,-1
201330C000387,1,9,0,8,0,6,0,0,0,0,1,1,6,2,7,1299,1,12,6,1
201330C000387,2,9,0,18,0,8,0,0,0,0,4,1,6,2,6,-1,-1,-1,8,1
201330C000390,1,9,0,17,0,8,0,0,0,0,4,1,1,2,6,1242,1,6,-1,-1
201330C000390,2,9,0,17,0,8,0,0,0,0,3,1,6,1,8,3189,1,8,2,1
201330C000392,1,9,0,1,0,1,0,0,0,0,1,1,6,2,8,1597,1,13,1,1
201330C000392,2,9,0,7,0,5,0,0,0,0,1,1,6,1,8,1997,2,8,5,1
201330C000397,1,8,0,16,0,0,0,0,0,0,4,1,1,1,6,1910,2,4,2,1
201330C000397,2,9,0,17,0,0,0,0,0,0,1,1,6,2,7,1149,1,10,4,2
201330C000398,1,9,0,18,0,1,0,0,5,6,1,1,6,2,4,1242,1,2,9,1
201330C000398,2,3,0,18,0,1,0,0,0,0,0,1,6,3,-1,-1,-1,-1,-1,-1
201330C000399,1,9,0,3,0,0,0,0,0,0,2,1,6,2,9,1596,1,8,4,1
201330C000399,2,9,0,3,0,0,0,0,0,0,2,1,6,1,9,1951,2,10,6,3
201330C000399,3,9,0,18,0,0,0,0,0,0,1,1,6,2,7,1596,1,3,4,1
201330C000400,1,9,0,14,0,0,1,0,0,0,1,1,6,1,6,2198,2,9,9,2
201330C000400,2,9,0,2,0,0,0,0,0,0,0,1,6,3,-1,-1,-1,-1,-1,-1
201330C000403,1,9,0,17,0,0,0,0,0,0,1,1,6,1,5,999,1,12,8,3
201330C000403,2,8,0,16,0,0,0,0,0,0,1,1,1,1,9,1997,2,8,3,1
201330C000408,1,19,0,11,0,0,0,0,0,0,3,1,1,1,9,2143,2,2,7,1
201330C000408,2,3,0,13,0,0,0,0,0,0,4,1,6,1,4,123,1,-1,10,2
201330C000409,1,9,0,18,0,0,2,0,2,0,4,1,2,2,5,1124,1,14,-1,-1
201330C000411,1,9,0,18,0,0,0,0,0,0,3,1,6,1,5,-1,-1,-1,3,3
201330C000412,1,9,0,18,0,0,0,0,0,0,1,1,2,1,7,1998,1,8,-1,-1
201330C000412,2,9,0,3,0,0,0,0,0,0,2,1,6,1,9,1896,2,12,-1,-1
201330C000412,3,9,0,18,0,0,0,0,0,0,1,1,2,2,5,1242,1,3,5,1
201330C000412,4,11,0,18,0,0,0,0,0,0,0,1,1,1,7,5900,2,8,2,1
201330C000413,1,9,0,18,0,0,0,0,0,0,1,1,1,2,7,1242,1,11,7,1
201330C000415,1,9,0,16,0,0,1,0,1,4,3,1,2,1,8,1796,1,12,1,1
201330C000420,1,9,0,17,0,0,1,0,1,10,4,1,2,2,5,1461,2,6,4,1
201330C000421,1,9,0,18,0,8,0,0,0,0,3,1,6,2,7,1149,1,7,7,1
201330C000421,2,9,0,9,0,5,0,0,0,0,3,1,6,1,5,1242,1,9,1,1
201330C000423,1,9,0,2,0,0,0,0,0,0,2,1,1,2,7,1240,1,8,8,2
201330C000423,2,9,0,18,0,0,0,0,0,0,1,1,6,1,11,1598,1,3,7,3
201330C000425,1,9,0,9,0,2,0,0,0,0,1,1,6,2,-1,-1,-1,-1,3,1
201330C000427,1,9,0,18,0,2,0,0,0,0,1,1,2,2,4,1242,1,2,6,1
201330C000434,1,9,0,16,0,1,2,0,2,10,4,1,2,1,7,1794,1,11,1,1
201330C000436,1,9,0,18,0,0,0,0,0,0,4,1,6,2,5,973,1,14,6,1
201330C000436,2,9,0,18,0,0,0,0,0,0,2,1,6,2,8,1997,2,12,-1,-1
201330C000438,1,9,0,10,0,1,0,0,0,0,2,1,6,1,10,1975,2,14,6,3
201330C000438,2,9,0,18,0,1,0,0,0,0,2,1,6,1,9,1560,2,1,8,2
201330C000438,3,20,4,18,0,1,0,0,0,0,1,1,1,1,6,2198,2,1,8,3
201330C000443,1,9,0,18,0,0,0,4,0,0,1,1,6,1,9,1896,2,8,4,2
201330C000443,2,9,0,2,0,0,0,0,0,0,0,1,6,3,-1,-1,-1,-1,-1,-1
201330C000444,1,9,0,9,0,8,0,0,0,0,4,1,6,2,9,1339,1,6,3,3
201330C000444,2,2,0,18,0,8,0,0,0,0,1,1,6,2,4,49,1,13,1,1
201330C000445,1,9,0,5,0,0,0,0,0,0,3,1,1,1,9,3528,1,-1,5,1
201330C000449,1,9,0,18,0,1,1,0,0,0,1,1,6,1,4,1199,1,11,8,1
201330C000449,2,9,0,2,0,1,1,0,0,0,0,1,6,3,-1,-1,-1,-1,-1,-1
201330C000450,1,9,0,17,0,0,0,0,1,0,1,1,2,1,4,973,1,13,8,1
201330C000456,1,9,0,18,0,0,0,0,1,4,4,1,6,3,-1,1995,2,5,-1,-1
201330C000463,1,9,0,9,0,2,0,0,0,0,2,1,2,2,6,1598,1,3,5,3
201330C000463,2,9,0,9,0,2,0,0,0,0,4,1,6,1,-1,2179,2,5,6,2
201330C000466,1,9,0,18,0,0,0,0,0,0,1,1,6,1,8,1461,2,3,5,1
201330C000466,2,9,0,4,0,0,0,0,0,0,2,1,2,1,8,-1,-1,-1,7,3
201330C000468,1,21,0,9,0,5,0,0,0,0,4,1,1,1,8,7790,2,3,-1,-1
201330C000469,1,9,0,18,0,0,0,0,0,0,1,1,6,1,9,1560,2,1,7,1
201330C000469,2,9,0,18,0,0,0,0,0,0,1,1,6,1,7,2000,2,9,4,2
201330C000469,3,9,0,18,0,0,0,0,0,0,3,1,6,2,8,1984,1,11,8,3
201330C000469,4,9,0,18,0,0,0,0,0,0,3,1,6,1,8,1995,1,14,2,1
201330C000471,1,9,0,16,0,2,0,0,7,4,1,1,6,1,5,1388,1,4,1,1
201330C000476,1,9,0,13,0,1,1,0,1,1,1,1,6,2,6,1461,2,9,7,1
201330C000476,2,90,0,18,0,1,0,0,0,0,0,1,6,3,-1,-1,-1,-1,-1,-1
201330C000477,1,9,0,4,0,0,0,0,0,0,2,1,6,1,8,2982,2,6,-1,-1
201330C000477,2,9,0,18,0,0,0,0,0,0,1,1,6,1,10,1796,1,5,8,1
201330C000483,1,9,0,18,0,0,1,10,7,10,1,1,6,1,4,2000,2,9,1,1
201330C000484,1,9,0,18,0,0,5,0,1,7,4,1,6,1,5,1399,2,7,10,1
201330C000484,2,9,0,18,0,0,1,0,5,6,3,1,6,2,7,1198,1,10,9,1
201330C000485,1,9,0,18,0,0,0,0,0,0,4,1,6,1,7,1999,1,7,10,1
201330C000485,2,9,0,12,0,0,0,0,0,0,3,1,6,2,7,1998,1,9,9,1
201330C000487,1,9,0,3,0,1,0,0,0,0,2,1,6,1,10,1798,1,6,2,2
201330C000487,2,9,0,18,0,1,0,0,0,0,1,1,6,1,5,-1,-1,-1,-1,-1
201330C000489,1,9,0,17,0,0,0,0,7,10,1,1,6,1,5,2544,1,14,9,1
201330C000498,1,9,0,18,0,1,0,0,0,0,2,1,6,1,6,1968,2,5,-1,-1
201330C000498,2,9,0,18,0,1,0,0,0,0,1,1,6,2,5,1753,2,11,1,1
201330C000498,3,9,0,7,0,5,0,0,0,0,0,1,6,3,-1,-1,-1,-1,-1,-1
201330C000501,1,9,0,3,0,0,0,0,0,0,2,1,2,1,7,1390,1,10,6,3
201330C000501,2,9,0,3,0,0,0,0,0,0,2,1,2,1,6,1560,2,4,3,1
201330C000501,3,9,0,18,0,0,0,0,0,0,1,1,2,1,8,1196,1,16,7,2
201330C000502,1,9,0,18,0,0,0,0,0,0,1,1,6,1,7,1998,2,6,8,3
201330C000502,2,9,0,2,0,0,0,0,0,0,0,1,6,3,-1,-1,-1,-1,-1,-1
201330C000503,1,9,0,3,0,1,0,0,0,0,4,1,6,2,6,1150,1,9,6,3
201330C000503,2,19,0,15,0,1,0,0,0,0,3,1,6,3,-1,2198,2,5,-1,-1
201330C000506,1,9,0,2,0,0,0,0,0,0,3,1,6,1,5,2996,1,5,4,1
201330C000506,2,9,0,14,0,0,1,0,0,0,2,1,6,1,6,2495,2,19,4,1
201330C000508,1,9,0,14,0,0,0,0,0,0,1,1,6,1,4,1299,1,6,10,3
201330C000508,2,9,0,2,0,0,0,0,1,0,2,1,6,2,8,1398,2,11,3,2
201330C000514,1,9,0,18,0,8,0,0,0,0,4,1,6,1,6,1686,2,8,1,1
201330C000514,2,19,0,9,0,6,0,0,0,0,1,1,6,1,-1,-1,-1,-1,-1,-1
201330C000516,1,9,0,18,0,8,0,0,0,0,4,1,6,2,8,1598,1,4,9,1
201330C000516,2,9,0,5,0,7,0,0,0,0,3,1,6,2,9,1968,2,2,-1,-1
201330C000519,1,9,0,3,0,0,0,0,0,0,2,1,6,2,5,1242,1,7,7,1
201330C000519,2,9,0,16,0,0,0,0,0,0,1,1,6,1,7,-1,-1,-1,7,1
201330C000521,1,9,0,9,0,6,0,0,0,0,1,1,2,1,9,999,1,13,-1,-1
201330C000521,2,9,0,18,0,8,0,0,0,0,4,1,6,1,5,1896,2,12,6,1
201330C000524,1,9,0,18,0,0,0,0,0,0,2,1,6,1,6,1343,1,10,2,3
201330C000524,2,9,0,18,0,0,0,0,0,0,1,1,6,1,-1,2143,2,3,-1,-1
201330C000525,1,1,0,18,0,8,0,0,0,0,3,1,2,1,7,-1,-1,-1,4,3
201330C000525,2,9,0,7,0,3,0,0,0,0,4,1,6,2,8,-1,-1,-1,-1,-1
201330C000528,1,9,0,18,0,6,0,0,0,0,1,1,6,1,-1,1339,1,-1,3,1
201330C000528,2,9,0,18,0,8,0,0,0,0,4,1,6,2,5,1560,2,8,7,1
201330C000530,1,9,0,9,0,5,0,0,0,0,0,1,6,1,10,1560,2,7,5,1
201330C000530,2,1,0,18,0,8,0,0,0,0,0,1,6,1,7,-1,-1,-1,2,1
201330C000531,1,9,0,17,0,0,2,0,8,10,3,1,6,2,4,1229,1,4,8,1
201330C000531,2,9,0,16,0,0,0,0,0,0,3,1,6,3,-1,-1,-1,-1,-1,-1
201330C000536,1,9,0,18,0,0,0,0,0,6,1,1,6,1,5,1984,1,14,4,1
201330C000536,2,9,0,18,0,0,0,0,0,0,1,1,6,1,6,2000,2,2,6,1
201330C000541,1,21,1,11,0,0,0,0,0,0,0,1,1,1,8,12900,2,2,5,3
201330C000541,2,9,0,16,0,0,0,0,1,0,3,1,6,2,8,1299,1,13,2,1
201330C000541,3,21,1,2,6,0,0,0,0,0,3,2,1,3,-1,-1,-1,-1,-1,-1
201330C000546,1,3,0,17,0,0,1,0,0,0,0,1,2,2,6,96,1,3,5,1
201330C000547,1,9,0,17,0,2,1,0,0,0,1,1,2,2,5,1598,1,9,1,2
201330C000547,2,9,0,2,0,2,0,0,0,0,2,1,6,3,-1,1149,1,12,-1,-1
201330C000548,1,9,0,5,0,8,0,0,0,0,3,1,1,1,6,-1,-1,-1,4,2
201330C000548,2,19,0,18,0,8,0,0,0,0,1,1,6,2,4,-1,-1,-1,8,1
201330C000549,1,9,0,18,0,1,0,9,7,1,1,1,6,1,5,1248,2,6,6,1
201330C000550,1,9,0,18,0,0,1,0,1,0,3,1,6,2,4,1124,1,10,-1,-1
201330C000550,2,9,0,18,0,0,1,1,1,0,1,1,6,1,6,1198,1,6,4,1
201330C000551,1,9,0,4,0,0,0,0,0,0,2,1,6,2,5,1149,1,8,6,2
201330C000551,2,9,0,4,0,0,0,0,0,0,1,1,6,1,8,1598,1,3,4,1
201330C000557,1,9,0,18,0,1,0,0,0,0,1,1,6,1,9,1392,1,18,4,2
201330C000557,2,9,0,7,9,5,0,0,1,0,2,1,6,2,7,2777,2,5,7,2
201330C000561,1,9,0,18,0,1,0,0,0,0,4,1,1,1,6,1951,2,10,8,2
201330C000564,1,9,0,17,0,8,0,0,0,0,1,1,6,1,6,1997,2,10,4,1
201330C000564,2,9,0,9,0,6,0,0,0,0,1,1,6,3,-1,-1,-1,-1,-1,-1
201330C000566,1,3,0,4,0,0,0,0,0,0,0,1,6,1,6,124,1,3,3,3
201330C000567,1,9,0,18,0,0,1,0,0,10,1,1,6,1,7,1587,1,8,4,1
201330C000567,2,9,0,18,0,0,0,0,0,0,0,1,6,3,-1,-1,-1,-1,-1,-1
201330C000571,1,9,0,4,0,8,0,0,0,0,1,1,2,1,6,1398,1,12,3,1
201330C000571,2,9,0,4,0,8,0,0,0,0,2,1,2,1,7,1388,1,6,7,1
201330C000573,1,9,0,18,0,1,0,0,0,0,2,2,6,1,6,-1,-1,-1,-1,-1
201330C000573,2,9,0,18,0,1,0,0,0,0,1,1,6,1,8,1598,1,4,-1,-1
201330C000574,1,9,0,9,0,2,0,0,0,0,0,1,6,1,6,1798,1,5,4,3
201330C000577,1,9,0,13,0,0,0,0,0,0,1,1,6,1,5,2663,2,17,4,1
201330C000577,2,9,0,12,0,0,0,0,7,2,4,1,6,1,6,1461,2,7,7,1
201330C000578,1,9,0,1,0,6,0,0,0,0,0,1,6,1,7,1596,1,14,9,1
201330C000579,1,20,1,9,0,6,0,0,0,0,1,1,1,1,9,11021,2,11,6,3
201330C000579,2,9,0,18,0,8,0,0,0,0,3,1,6,1,8,1560,2,1,-1,-1
201330C000584,1,9,0,18,0,0,0,0,1,10,1,1,6,1,9,1994,1,13,3,1
201330C000585,1,9,0,18,0,2,0,0,3,3,1,1,6,1,4,2497,1,11,3,2
201330C000587,1,9,0,18,0,0,0,10,2,1,1,1,6,1,5,1368,1,4,5,1
201330C000587,2,9,0,14,0,0,0,0,0,0,3,1,6,1,10,1560,2,1,5,1
201330C000587,3,19,4,14,0,0,0,0,0,0,3,1,1,1,10,2500,2,2,1,1
201330C000587,4,9,0,2,0,0,0,0,0,0,2,1,6,1,10,1598,1,11,-1,-1
201330C000587,5,9,0,2,0,0,0,0,0,0,1,1,6,1,6,1995,2,6,-1,-1
201330C000594,1,19,0,5,0,1,0,0,0,0,1,1,1,1,8,2298,2,1,10,1
201330C000595,1,9,0,18,0,8,0,0,0,0,1,1,6,2,5,1596,1,6,4,1
201330C000595,2,2,0,18,0,6,0,0,0,0,4,1,6,1,5,-1,-1,-1,2,1
201330C000596,1,9,0,8,0,1,0,0,0,0,2,1,1,2,8,1598,1,11,2,1
201330C000596,2,19,0,18,0,1,0,0,0,0,1,1,1,1,-1,1998,2,11,-1,-1
201330C000598,1,9,0,18,0,0,0,0,0,0,1,1,6,1,-1,1968,2,2,3,1
201330C000598,2,9,0,18,0,0,0,0,0,0,2,1,6,3,-1,-1,-1,-1,-1,-1
201330C000598,3,9,0,18,0,0,0,0,0,0,2,1,6,2,6,1461,2,6,2,3
201330C000602,1,19,0,18,0,8,0,0,0,0,1,1,1,1,6,2148,2,4,4,1
201330C000602,2,9,0,9,0,5,0,0,0,0,4,1,6,1,5,1600,1,10,4,3
201330C000602,3,9,0,3,0,1,0,0,0,0,1,1,6,1,8,1988,2,8,1,3
201330C000603,1,19,0,18,0,0,0,0,0,0,4,1,6,3,-1,1998,2,9,-1,-1
201330C000608,1,9,0,14,0,0,0,0,0,0,1,1,6,2,7,1896,2,12,6,1
201330C000608,2,90,0,2,0,0,0,0,0,0,0,1,1,3,-1,-1,-1,-1,-1,-1
201330C000611,1,3,0,18,0,0,0,0,0,0,4,1,6,2,7,123,1,24,10,1
201330C000613,1,9,0,3,0,0,0,0,0,0,2,1,6,2,8,1248,1,-1,10,1
201330C000613,2,9,0,4,0,0,1,0,0,0,1,1,6,1,11,1108,1,7,2,1
201330C000613,3,9,0,4,0,0,1,0,0,0,3,1,6,1,5,1390,1,16,1,1
201330C000613,4,9,0,4,0,0,0,0,0,0,3,1,6,1,7,1896,2,8,5,1
201330C000613,5,9,0,18,0,0,0,0,0,0,3,1,6,2,6,1299,1,8,2,2
201330C000613,6,9,0,18,0,0,0,0,0,0,1,1,6,2,8,998,1,8,4,3
201330C000616,1,9,0,18,0,0,0,0,1,10,1,1,6,2,7,1598,1,8,4,1
201330C000621,1,5,0,13,0,1,0,0,0,0,1,1,2,1,6,599,1,6,3,1
201330C000621,2,9,0,9,0,1,0,0,0,0,3,1,2,2,9,2495,2,14,1,1
201330C000621,3,9,0,2,9,1,0,0,0,0,1,1,6,1,5,2946,1,16,1,1
201330C000625,1,9,0,18,0,0,0,0,0,0,1,1,6,1,-1,-1,-1,-1,-1,-1
201330C000629,1,9,0,1,9,6,0,0,0,0,2,1,6,2,7,1560,2,9,1,1
201330C000630,1,19,0,5,0,8,0,0,0,0,3,1,1,1,6,1598,2,2,7,1
201330C000630,2,9,0,18,0,8,0,0,0,0,1,1,6,2,9,-1,-1,-1,1,1
201330C000633,1,9,0,18,0,0,0,0,1,10,1,1,6,1,4,1248,2,2,2,1
201330C000634,1,11,0,18,0,8,0,0,7,0,4,1,1,1,9,4250,2,7,3,1
201330C000634,2,9,0,18,0,1,0,0,0,0,1,1,6,2,5,1398,2,7,-1,-1
201330C000638,1,9,0,9,0,6,0,0,0,0,3,1,2,2,4,-1,-1,-1,3,1
201330C000638,2,3,0,18,0,8,0,0,0,0,1,1,2,1,5,-1,-1,-1,6,2
201330C000639,1,9,0,18,0,8,1,0,7,10,1,1,2,2,6,1587,1,9,2,3
201330C000639,2,9,0,7,0,6,0,0,0,0,1,1,3,1,8,1948,1,12,3,1
201330C000640,1,9,0,18,0,8,0,0,0,0,4,1,1,1,6,1124,1,13,4,1
201330C000640,2,19,0,18,0,8,0,0,0,0,1,1,1,1,4,2402,2,5,1,1
201330C000645,1,9,0,18,0,8,0,0,0,0,1,1,6,2,4,1598,1,1,1,3
201330C000645,2,9,0,9,0,8,0,0,0,0,1,1,6,1,10,1560,2,3,8,1
201330C000647,1,9,0,18,0,0,1,0,0,0,1,1,6,1,8,1396,1,12,3,1
201330C000647,2,9,0,4,0,0,0,0,0,0,2,1,6,1,6,1299,1,13,2,1
201330C000654,1,9,0,14,0,0,0,8,0,0,4,1,6,2,-1,-1,-1,-1,-1,-1
201330C000654,2,9,0,2,0,0,0,0,0,0,3,1,3,2,6,1368,1,6,-1,-1
201330C000656,1,19,0,18,0,1,0,0,0,0,1,1,6,1,-1,2148,2,9,-1,-1
201330C000656,2,9,0,4,0,1,0,0,0,0,2,1,6,1,5,1998,2,6,6,1
201330C000662,1,9,0,9,0,8,0,0,0,0,3,1,6,2,7,1596,1,7,10,2
201330C000662,2,9,0,13,0,8,0,0,0,0,3,1,6,1,-1,-1,-1,-1,-1,-1
201330C000667,1,9,0,18,0,8,0,0,8,1,4,1,6,2,11,1299,1,5,6,1
201330C000667,2,9,0,9,0,6,0,0,0,0,3,1,6,1,7,1598,1,-1,10,2
201330C000667,3,19,0,3,0,1,0,0,0,0,3,1,6,2,9,1461,2,-1,10,2
201330C000669,1,9,0,4,0,0,0,0,0,0,2,1,6,2,8,1997,2,10,8,3
201330C000669,2,9,0,5,0,0,0,0,0,0,1,1,6,2,-1,1798,1,6,-1,-1
201330C000671,1,9,0,18,0,0,1,10,1,4,3,1,2,1,7,1798,1,6,-1,-1
201330C000675,1,9,0,18,0,8,0,0,1,1,3,1,1,1,6,1998,2,10,7,1