Accident_Index,Vehicle_Reference,Vehicle_Type,Towing_and_Articulation,Vehicle_Manoeuvre,Vehicle_Location-Restricted_Lane,Junction_Location,Skidding_and_Overturning,Hit_Object_in_Carriageway,Vehicle_Leaving_Carriageway,Hit_Object_off_Carriageway,1st_Point_of_Impact,Was_Vehicle_Left_Hand_Drive?,Journey_Purpose_of_Driver,Sex_of_Driver,Age_Band_of_Driver,Engine_Capacity_(CC),Propulsion_Code,Age_of_Vehicle,Driver_IMD_Decile,Driver_Home_Area_Type
201330D000301,2,9,0,18,0,0,0,0,0,0,1,1,6,2,-1,-1,-1,-1,-1,-1
201330D000303,1,9,0,4,0,0,0,0,0,0,2,1,2,2,7,1598,1,4,10,1
201330D000303,2,9,0,18,0,0,0,0,0,0,1,1,2,1,4,1390,1,9,8,1
201330D000303,3,9,0,4,0,0,0,0,0,0,2,1,2,2,-1,1199,1,11,6,1
201330D000303,4,9,0,18,0,0,0,0,0,0,1,1,2,2,6,2777,2,1,9,1
201330D000306,1,9,0,18,0,8,0,0,0,0,4,1,6,2,8,1997,2,6,7,1
201330D000306,2,9,0,9,0,4,0,0,0,0,1,1,6,2,-1,1198,1,8,10,1
201330D000307,1,9,0,9,0,6,0,0,0,0,3,1,2,2,7,1596,1,3,9,1
201330D000307,2,3,0,18,0,8,0,0,0,0,1,1,2,1,7,123,1,26,6,1
201330D000311,1,90,0,18,0,1,0,0,0,0,3,1,6,2,9,-1,-1,-1,3,1
201330D000311,2,9,0,1,0,1,0,0,0,0,2,1,6,1,7,1796,1,9,2,1
201330D000312,1,9,0,9,0,6,0,0,0,0,4,1,6,2,8,1896,2,11,3,1
201330D000312,2,9,0,18,0,8,0,0,1,5,3,1,2,2,6,1997,2,2,-1,-1
201330D000315,1,9,0,18,0,1,0,0,0,0,2,1,6,1,8,1995,2,8,4,1
201330D000315,2,9,0,18,0,1,0,0,0,0,1,1,6,3,-1,1988,1,9,-1,-1
201330D000316,1,9,0,1,0,0,0,0,0,0,2,1,2,1,6,1796,1,6,-1,-1
201330D000317,1,9,0,18,0,0,0,0,1,0,3,1,1,2,5,1296,1,7,3,1
201330D000318,1,9,0,13,0,0,2,0,1,10,4,1,6,2,7,1360,1,13,4,1
201330D000318,2,9,0,18,0,0,0,0,0,0,3,1,6,1,6,1796,1,10,10,1
201330D000320,1,3,0,18,0,8,0,0,0,0,1,1,6,1,7,-1,-1,-1,3,1
201330D000320,2,9,0,9,0,4,0,0,0,0,3,1,6,1,7,1988,1,10,8,1
201330D000326,1,9,0,16,0,0,1,0,1,0,1,1,6,1,5,1896,2,10,2,1
201330D000327,1,9,0,3,0,2,0,0,0,0,2,1,6,2,7,1753,2,5,6,3
201330D000327,2,9,0,7,0,6,0,0,0,0,1,1,1,1,10,-1,-1,-1,9,2
201330D000330,1,9,0,3,0,1,0,0,0,0,2,1,6,2,6,1995,2,9,2,1
201330D000330,2,9,0,3,0,1,0,0,0,0,1,1,6,1,-1,1598,1,10,-1,-1
201330D000332,1,19,0,18,0,8,0,0,7,7,1,1,6,1,5,1998,2,10,1,1
201330D000334,1,9,0,16,0,8,0,0,0,0,1,1,6,2,5,1364,1,5,5,1
201330D000334,2,9,0,17,0,8,1,0,0,0,1,1,6,2,8,1910,2,8,9,1
201330D000336,1,8,0,4,0,0,0,0,0,0,2,1,1,1,6,1968,2,7,1,1
201330D000336,2,9,0,18,0,0,0,0,0,0,1,1,6,2,6,1596,1,1,6,1
201330D000338,1,1,0,7,0,3,2,0,0,0,0,1,6,1,10,-1,-1,-1,-1,-1
201330D000339,1,9,0,13,0,0,2,0,7,0,2,1,2,2,5,1596,1,1,4,1
201330D000339,2,9,0,13,0,0,0,0,0,0,1,1,2,1,5,1999,1,8,2,1
201330D000339,3,9,0,18,0,0,0,0,0,0,0,1,6,3,-1,-1,-1,-1,-1,-1
201330D000342,1,9,0,15,0,1,0,0,0,0,0,1,6,1,10,1596,1,2,6,3
201330D000342,2,90,0,3,0,1,0,0,0,0,0,1,6,3,-1,-1,-1,-1,-1,-1
201330D000343,1,9,0,18,0,7,0,0,0,0,3,1,6,2,6,1461,2,5,2,1
201330D000343,2,9,0,18,0,8,2,0,1,1,4,1,6,2,8,1599,1,9,-1,-1
201330D000346,1,9,0,18,0,0,0,0,0,0,0,1,6,2,6,1598,1,4,10,2
201330D000346,2,21,1,18,0,0,0,0,0,0,0,1,6,3,-1,11946,2,9,-1,-1
201330D000347,1,19,0,18,0,4,0,0,0,0,1,1,1,1,5,-1,-1,-1,1,1
201330D000347,2,9,0,9,0,4,0,0,0,0,3,1,2,2,4,-1,-1,-1,4,1
201330D000348,1,9,0,9,0,8,0,0,0,0,3,1,6,1,5,1461,2,9,8,1
201330D000348,2,4,0,14,0,8,0,0,0,0,4,1,6,1,-1,124,1,2,-1,-1
201330D000348,3,9,0,3,0,1,0,0,0,0,0,1,6,3,-1,-1,-1,-1,-1,-1
201330D000349,1,9,0,3,0,0,0,0,0,0,2,1,1,1,7,1598,1,-1,8,1
201330D000349,2,9,0,5,0,0,0,0,0,0,1,1,6,1,-1,-1,-1,-1,-1,-1
201330D000350,1,9,0,18,0,1,0,0,0,0,3,1,6,2,7,1299,1,5,5,1
201330D000352,1,9,0,11,0,0,0,0,0,0,0,1,6,3,-1,-1,-1,-1,-1,-1
201330D000352,2,9,0,18,0,0,0,0,0,0,2,1,1,1,6,1995,2,6,-1,-1
201330D000352,3,9,0,18,0,0,0,0,0,0,1,1,1,2,5,1149,1,10,2,1
201330D000353,1,9,0,17,0,0,1,0,0,0,1,1,2,1,8,1905,2,16,6,1
201330D000353,2,9,0,16,0,0,0,0,0,0,1,1,2,1,7,1895,1,14,1,1
201330D000354,1,9,0,4,0,0,0,0,0,0,2,1,2,1,6,599,1,10,2,1
201330D000354,2,8,0,18,0,0,0,0,0,0,1,1,6,1,6,1762,1,15,1,1
201330D000360,1,9,0,18,0,0,0,0,0,0,0,1,6,2,-1,1598,1,8,10,1
201330D000360,2,9,0,18,0,0,0,0,0,0,0,1,6,2,4,1229,1,7,8,2
201330D000360,3,9,0,18,0,0,0,0,0,0,0,1,6,1,6,1896,2,4,3,1
201330D000364,1,9,0,14,0,0,0,0,0,0,4,1,6,3,-1,-1,-1,-1,-1,-1
201330D000364,2,20,0,2,0,0,0,0,0,0,0,1,1,1,7,-1,-1,-1,5,1
201330D000365,1,9,0,18,0,0,0,0,0,0,1,1,1,1,8,-1,-1,-1,6,1
201330D000369,1,9,0,7,0,6,0,0,0,0,3,1,6,2,4,-1,-1,-1,4,1
201330D000369,2,9,0,18,0,8,0,0,0,0,1,1,6,1,4,1796,1,9,-1,-1
201330D000370,1,9,0,3,0,1,0,0,0,0,2,1,6,2,7,1598,1,5,3,1
201330D000370,2,9,0,18,0,1,0,0,0,0,1,1,6,2,5,998,1,11,6,1
201330D000371,1,9,0,2,0,0,0,0,0,0,4,1,6,1,7,1560,2,1,3,1
201330D000371,2,11,0,5,0,0,0,0,0,0,4,1,1,1,-1,-1,-1,-1,-1,-1
201330D000372,1,9,0,18,0,0,0,0,0,0,4,1,6,2,6,1998,1,11,-1,-1
201330D000373,1,1,0,9,0,6,0,0,0,0,2,1,6,1,7,-1,-1,-1,1,1
201330D000373,2,9,0,7,0,6,0,0,0,0,1,1,6,1,6,998,1,4,3,1
201330D000375,1,9,0,9,0,5,0,0,0,0,1,1,2,2,8,2987,2,7,6,3
201330D000375,2,9,0,13,0,8,0,0,0,0,4,1,6,1,4,1124,1,11,10,1
201330D000381,1,9,0,18,0,1,0,0,0,0,3,1,2,1,8,3246,1,9,2,1
201330D000381,2,19,0,18,0,2,0,0,0,0,0,1,6,3,-1,-1,-1,-1,-1,-1
201330D000382,1,9,0,9,0,8,0,0,0,0,1,1,6,1,6,1596,1,12,2,1
201330D000382,2,3,0,14,0,8,0,0,0,0,1,1,6,1,6,124,1,3,4,1
201330D000382,3,9,0,3,0,1,0,0,0,0,1,1,2,1,8,1968,2,1,8,1
201330D000383,1,9,0,9,0,3,0,0,0,0,0,1,1,2,9,1997,1,10,6,1
201330D000383,2,9,0,7,0,4,0,0,0,0,0,1,6,3,-1,-1,-1,-1,-1,-1
201330D000386,1,9,0,18,0,8,0,0,0,0,1,1,6,2,6,1242,1,1,4,1
201330D000386,2,9,0,9,0,6,0,0,0,0,3,1,6,2,4,998,1,9,9,3
201330D000388,1,2,0,16,0,8,0,0,0,0,3,1,6,1,4,49,1,8,6,3
201330D000388,2,19,0,9,0,8,0,0,0,0,1,1,6,2,-1,-1,-1,-1,-1,-1
201330D000389,1,9,0,1,0,6,0,0,0,0,3,1,6,1,7,1149,1,6,5,1
201330D000389,2,9,0,17,0,1,0,0,7,0,4,1,6,1,7,2295,1,12,1,1
201330D000394,1,9,0,16,0,3,1,0,1,0,1,1,6,1,9,2198,1,12,6,1
201330D000395,1,9,0,18,0,8,0,0,0,0,4,1,1,1,8,1995,2,1,9,1
201330D000395,2,9,0,9,0,8,0,0,0,0,1,1,6,2,8,698,1,9,10,1
201330D000396,1,9,0,18,0,8,0,0,0,0,1,1,1,1,7,1686,2,1,-1,-1
201330D000396,2,9,0,9,0,8,0,0,0,0,3,1,2,2,8,1988,1,8,5,1
201330D000401,1,9,0,2,0,1,0,0,0,0,1,1,6,2,7,1598,1,9,1,1
201330D000401,2,9,0,1,0,1,0,4,0,0,2,1,6,1,-1,2902,2,8,3,1
201330D000402,1,9,0,3,0,1,0,0,0,0,2,1,6,1,6,2148,2,11,4,1
201330D000402,2,9,0,4,0,1,0,0,0,0,1,2,6,1,-1,-1,-1,-1,-1,-1
201330D000405,1,9,0,18,0,8,0,0,0,0,1,1,6,1,9,-1,-1,-1,7,1
201330D000405,2,9,0,9,0,8,0,0,0,0,4,1,6,2,6,1360,1,6,6,1
201330D000414,1,9,0,18,0,0,0,0,0,0,1,1,6,1,7,1242,1,9,4,1
201330D000414,2,9,0,2,0,0,0,0,0,0,0,1,6,3,-1,-1,-1,-1,-1,-1
201330D000416,1,9,0,7,0,8,0,0,0,0,4,1,6,1,6,-1,-1,-1,-1,-1
201330D000416,2,9,0,5,0,4,0,0,0,0,1,1,6,3,-1,1596,1,8,2,1
201330D000419,1,9,0,16,0,0,2,0,8,7,3,1,2,1,7,1999,1,11,6,1
201330D000422,1,9,0,4,0,1,0,0,0,0,2,1,6,2,9,1998,1,4,3,3
201330D000422,2,9,0,4,0,1,0,0,0,0,1,1,6,2,9,1586,1,3,9,1
201330D000424,1,9,0,18,0,0,0,0,0,0,2,1,6,1,7,-1,-1,-1,5,1
201330D000424,2,19,0,18,0,0,0,0,0,0,2,1,6,1,6,2402,2,11,2,1
201330D000424,3,21,1,18,0,0,0,0,0,0,1,1,1,1,6,8970,2,9,6,3
201330D000426,1,9,0,5,0,0,0,0,0,0,1,1,6,2,10,1994,1,6,5,3
201330D000426,2,9,0,18,0,0,0,0,0,0,1,1,6,1,6,1124,1,15,-1,-1
201330D000430,1,1,0,18,0,8,0,0,0,0,2,1,6,1,8,-1,-1,-1,-1,-1
201330D000430,2,9,0,9,0,4,0,0,0,0,1,1,2,1,10,1995,2,9,10,1
201330D000431,1,9,0,13,0,8,0,0,0,0,1,1,1,1,-1,1686,2,2,2,1
201330D000431,2,9,0,9,0,5,1,0,0,0,3,1,6,2,8,1968,2,6,3,1
201330D000432,1,9,0,12,0,2,0,0,1,0,1,1,1,1,8,1794,1,10,-1,-1
201330D000432,2,1,0,18,0,2,0,0,1,0,4,1,2,1,9,-1,-1,-1,-1,-1
201330D000433,1,9,0,4,0,0,0,0,0,0,3,1,6,1,8,1332,1,4,1,1
201330D000433,2,9,0,12,0,0,0,0,0,0,1,1,6,1,-1,1762,1,15,-1,-1
201330D000437,1,9,0,3,0,1,0,0,0,0,2,1,6,1,4,1248,1,3,4,1
201330D000437,2,9,0,18,0,1,0,0,0,0,1,1,6,2,-1,1390,1,12,-1,-1
201330D000439,1,9,0,18,0,8,0,0,0,0,3,1,6,1,7,1796,1,9,2,1
201330D000439,2,9,0,18,0,4,0,0,0,0,1,1,6,2,7,1124,1,11,-1,-1
201330D000440,1,9,0,9,0,6,0,0,0,0,3,1,6,2,6,1598,1,12,-1,-1
201330D000440,2,3,0,14,0,8,0,0,0,0,1,1,6,1,4,124,1,-1,6,1
201330D000441,1,9,0,5,0,4,0,0,0,0,2,1,6,1,4,1198,1,8,8,3
201330D000441,2,9,0,5,0,4,0,0,0,0,1,1,6,2,-1,1360,1,11,-1,-1
201330D000442,1,9,0,3,0,1,0,0,0,0,2,1,6,2,6,1596,1,2,10,1
201330D000442,2,9,0,4,0,1,0,0,0,0,1,1,6,3,-1,-1,-1,-1,-1,-1
201330D000442,3,9,0,4,0,1,0,0,0,0,1,1,6,3,-1,-1,-1,-1,-1,-1
201330D000446,1,9,0,18,0,8,0,0,0,0,1,1,2,1,8,-1,-1,-1,-1,-1
201330D000446,2,9,0,9,0,5,0,0,0,0,4,1,2,2,7,1396,1,11,-1,-1
201330D000447,1,9,0,18,0,1,0,0,0,0,1,1,6,2,-1,-1,-1,-1,-1,-1
201330D000448,1,11,0,18,0,0,0,0,0,0,0,1,1,1,8,4250,2,2,6,1
201330D000448,2,9,0,16,0,0,0,0,0,0,0,1,6,3,-1,-1,-1,-1,-1,-1
201330D000451,1,9,0,17,0,0,0,0,0,0,1,1,1,1,6,1598,2,1,2,1
201330D000451,2,9,0,16,0,0,0,0,0,0,1,1,6,2,7,1242,1,9,9,3
201330D000453,1,9,0,17,0,0,1,0,7,10,1,1,6,1,7,1794,1,11,6,1
201330D000454,1,9,0,18,0,8,0,0,0,0,4,1,1,2,6,1999,1,7,2,1
201330D000454,2,9,0,18,0,4,0,0,0,0,1,1,6,1,6,1390,1,13,1,1
201330D000455,1,9,0,5,0,1,0,0,0,0,2,1,6,1,7,1997,2,10,2,1
201330D000455,2,9,0,5,0,1,0,0,0,0,1,1,6,1,8,1560,2,1,3,1
201330D000462,1,11,0,16,0,0,0,0,0,0,0,1,1,1,7,4250,2,1,8,1
201330D000472,1,9,0,10,0,1,0,0,0,0,2,1,6,2,7,1753,2,9,4,1
201330D000472,2,9,0,18,0,1,0,0,0,0,1,1,6,1,-1,-1,-1,-1,-1,-1
201330D000473,1,9,0,7,0,6,0,0,0,0,3,1,6,2,4,1242,1,3,-1,-1
201330D000473,2,9,0,18,0,8,0,0,0,0,1,1,6,1,-1,-1,-1,-1,-1,-1
201330D000474,1,1,0,3,2,1,0,0,0,0,3,1,6,1,5,-1,-1,-1,2,1
201330D000474,2,8,0,18,2,1,0,0,0,0,4,1,6,1,7,2664,2,14,1,1
201330D000475,1,9,0,18,0,0,0,0,0,0,3,1,6,2,9,1598,1,6,9,1
201330D000480,1,11,0,4,0,1,0,0,0,0,0,1,1,1,8,7300,2,4,7,1
201330D000480,2,9,0,4,0,1,0,0,0,0,0,1,6,3,-1,-1,-1,-1,-1,-1
201330D000481,1,9,0,18,0,0,0,7,4,6,1,1,6,2,4,1124,1,12,5,1
201330D000482,1,9,0,18,0,0,0,0,0,0,0,1,6,1,6,3199,1,15,3,1
201330D000486,1,19,0,18,0,8,0,0,0,0,3,1,1,1,8,2402,2,5,2,1
201330D000486,2,9,0,9,0,6,0,0,0,0,1,1,3,2,6,1598,1,6,9,1
201330D000491,1,9,0,18,0,1,0,0,0,0,2,1,6,1,7,1498,1,11,4,1
201330D000491,2,9,0,18,0,1,0,0,0,0,1,1,6,2,6,1796,1,13,5,1
201330D000491,3,9,0,7,0,8,0,0,0,0,0,1,6,3,-1,-1,-1,-1,-1,-1
201330D000492,1,9,0,18,0,0,0,0,0,0,1,1,6,2,10,-1,-1,-1,10,1
201330D000493,1,9,0,7,0,3,1,9,8,10,1,1,6,1,6,1461,2,9,2,1
201330D000496,1,9,0,16,0,8,1,10,1,7,1,1,6,1,6,2497,1,4,4,1
201330D000504,1,9,0,18,0,8,0,0,0,0,4,1,1,1,6,1598,1,8,2,1
201330D000504,2,9,0,16,0,6,0,0,0,0,1,1,6,1,-1,-1,-1,-1,-1,-1
201330D000505,1,9,0,4,0,8,0,0,0,0,2,1,6,1,8,1753,2,3,1,1
201330D000505,2,9,0,4,0,8,0,0,0,0,2,1,6,2,8,1984,1,12,8,1
201330D000505,3,9,0,4,0,8,0,0,0,0,1,1,6,1,7,-1,-1,-1,7,1
201330D000507,1,9,0,18,0,8,0,0,0,0,1,1,1,1,8,-1,-1,-1,8,3
201330D000507,2,9,0,7,0,6,0,0,0,0,3,1,1,1,8,-1,-1,-1,6,1
201330D000509,1,9,0,12,0,0,0,0,0,0,3,1,1,1,8,-1,-1,-1,2,1
201330D000509,2,9,0,18,0,0,0,0,0,0,4,1,6,2,5,1560,2,8,8,1
201330D000511,1,9,0,18,0,0,0,0,0,0,2,1,6,1,6,1995,2,12,1,1
201330D000511,2,9,0,18,0,0,0,0,0,0,1,1,6,1,-1,1984,1,10,7,1
201330D000513,1,11,0,2,0,0,0,0,0,0,0,1,1,1,6,4250,2,4,7,2
201330D000517,1,8,0,3,0,1,0,0,0,0,2,1,6,1,6,2664,2,13,1,1
201330D000517,2,9,0,16,0,1,0,0,0,0,1,1,6,1,-1,1399,1,7,-1,-1
201330D000518,1,9,0,18,0,0,0,0,0,0,1,1,6,2,10,1796,1,5,4,1
201330D000518,2,9,0,2,0,0,0,0,0,0,2,1,6,3,-1,1686,2,8,-1,-1
201330D000518,3,1,0,5,0,0,0,0,0,0,1,1,1,1,3,-1,-1,-1,5,1
201330D000520,1,9,0,18,0,0,0,12,0,0,1,1,1,1,4,1362,1,1,6,1
201330D000523,1,9,0,18,0,8,0,0,0,0,3,1,1,2,5,998,1,4,9,1
201330D000523,2,11,0,18,0,8,0,0,0,0,1,1,1,1,10,-1,-1,-1,5,2
201330D000526,1,9,0,3,0,1,0,0,0,0,2,1,6,1,7,999,1,16,10,1
201330D000526,2,9,0,4,0,1,0,0,0,0,1,1,6,2,11,1386,1,8,10,1
201330D000527,1,9,0,18,0,0,0,6,1,10,1,1,6,1,6,1248,2,3,1,1
201330D000529,1,1,0,18,0,1,0,0,0,0,1,1,6,1,5,-1,-1,-1,7,1
201330D000529,2,9,0,4,0,1,0,0,0,0,2,1,6,2,9,2499,2,15,10,1
201330D000534,1,9,0,5,0,6,0,0,0,0,4,1,6,1,10,1596,1,10,6,1
201330D000534,2,8,0,18,0,8,0,0,0,0,3,1,1,1,9,1796,1,6,7,1
201330D000537,1,9,0,16,0,1,0,0,0,0,2,1,1,1,5,1995,2,9,6,1
201330D000537,2,19,5,16,0,1,0,0,0,0,1,1,1,1,7,-1,-1,-1,2,1
201330D000538,1,9,0,3,0,1,0,0,0,0,2,1,6,2,5,1388,1,1,5,1
201330D000538,2,9,0,4,0,1,0,0,0,0,1,1,6,2,-1,2199,2,2,-1,-1
201330D000539,1,9,0,18,0,1,0,0,0,0,1,1,6,1,5,1896,2,6,5,1
201330D000539,2,9,0,7,0,2,0,0,0,0,1,1,6,3,-1,1600,1,15,-1,-1
201330D000544,1,9,0,4,0,1,0,0,0,0,3,1,6,2,9,1998,1,8,10,1
201330D000544,2,9,0,13,0,1,0,0,0,0,4,1,6,1,-1,1685,2,1,-1,-1
201330D000553,1,9,0,18,0,8,0,0,3,6,1,1,6,1,7,1299,1,13,2,1
201330D000556,1,9,0,9,0,5,0,0,0,0,1,1,6,2,6,1598,1,8,-1,-1
201330D000556,2,1,0,18,0,8,0,0,0,0,4,1,6,1,7,-1,-1,-1,-1,-1
201330D000558,1,9,0,16,0,1,0,0,0,0,2,1,2,2,8,1587,1,9,5,1
201330D000558,2,10,0,16,0,1,0,0,0,0,1,1,1,2,8,2800,2,8,5,1
201330D000562,1,9,0,18,0,2,0,0,0,0,3,1,6,1,-1,-1,-1,-1,-1,-1
201330D000563,1,9,0,9,0,6,0,0,0,0,1,1,6,1,8,1796,1,12,3,1
201330D000563,2,9,0,18,0,8,1,0,0,0,4,1,6,2,6,1995,2,7,4,1
201330D000563,3,9,0,2,9,1,0,0,0,0,3,1,6,1,-1,1995,2,9,-1,-1
201330D000565,1,4,0,14,0,2,0,0,0,0,1,1,6,1,4,250,1,-1,10,1
201330D000565,2,11,0,2,0,2,0,0,0,0,0,1,1,3,-1,-1,-1,-1,-1,-1
201330D000568,1,2,0,5,0,0,0,0,0,0,1,1,6,1,4,49,1,3,5,1
201330D000568,2,9,0,18,0,0,0,0,0,0,1,1,6,1,8,1995,2,-1,5,1
201330D000568,3,9,0,2,0,0,0,0,0,0,0,1,6,1,-1,-1,-1,-1,-1,-1
201330D000569,1,2,0,18,0,1,0,0,1,0,1,1,6,1,-1,-1,-1,-1,-1,-1
201330D000570,1,11,0,5,0,1,0,0,0,0,0,1,1,1,9,4250,2,4,3,1
201330D000570,2,9,0,4,0,1,0,0,0,0,0,1,6,3,-1,-1,-1,-1,-1,-1
201330D000572,1,9,0,18,0,2,0,0,0,0,2,1,6,1,10,1796,1,12,3,1
201330D000572,2,9,0,18,0,2,0,0,0,0,1,1,6,2,6,1398,1,1,2,1
201330D000575,1,8,0,18,0,2,0,0,0,0,1,1,1,1,7,1896,2,9,2,1
201330D000576,1,1,0,18,0,1,0,0,0,0,4,1,6,1,6,-1,-1,-1,1,1
201330D000580,1,9,0,18,0,8,1,0,8,7,1,1,6,3,-1,-1,-1,-1,-1,-1
201330D000581,1,9,0,7,0,8,0,0,0,0,2,1,2,2,8,1995,1,9,6,1
201330D000581,2,9,0,18,0,1,0,0,0,0,1,1,2,1,6,-1,-1,-1,8,3
201330D000581,3,5,0,18,0,1,0,0,0,0,1,1,1,1,9,800,1,2,2,1
201330D000589,1,9,0,3,0,0,0,0,0,0,2,1,6,1,6,2494,1,13,3,1
201330D000589,2,9,0,18,0,0,0,0,0,0,1,1,6,1,7,1910,2,6,6,1
201330D000589,3,9,0,3,0,0,0,0,0,0,2,1,6,2,4,-1,-1,-1,7,2
201330D000590,1,9,0,3,0,1,0,0,0,0,2,1,1,2,8,-1,-1,-1,10,1
201330D000590,2,9,0,18,0,1,0,0,0,0,1,1,1,2,6,973,1,14,2,1
201330D000591,1,9,0,18,0,4,0,0,0,0,3,1,6,1,8,1900,2,8,9,1
201330D000591,2,1,0,17,0,8,0,0,0,0,1,1,6,1,8,-1,-1,-1,-1,-1
201330D000592,1,9,0,9,0,6,0,0,0,0,1,1,6,2,4,973,1,11,-1,-1
201330D000592,2,9,0,18,0,8,0,0,0,0,1,1,6,2,8,1229,1,6,-1,-1
201330D000593,1,9,0,9,0,6,1,10,3,2,1,1,6,2,6,1461,2,-1,1,1
201330D000593,2,9,0,18,0,1,0,0,0,0,3,1,1,2,-1,2967,2,2,-1,-1
201330D000593,3,9,0,18,0,2,0,0,0,0,3,1,1,1,-1,2400,2,3,-1,-1
201330D000597,1,9,0,3,0,1,0,0,0,0,2,1,6,2,-1,1598,1,2,-1,-1
201330D000597,2,9,0,3,0,1,0,0,0,0,1,1,6,1,8,2720,2,5,10,1
201330D000599,1,9,0,1,0,0,0,0,0,0,2,1,6,2,8,1598,1,2,6,1
201330D000599,2,19,0,2,0,0,0,0,0,0,1,1,1,1,7,1870,2,7,6,3
201330D000600,1,5,0,9,0,8,0,0,0,0,1,1,6,1,5,600,1,13,-1,-1
201330D000600,2,9,0,5,0,6,0,0,0,0,1,1,6,1,7,1588,1,13,3,1
201330D000605,1,9,0,3,0,1,0,0,0,0,2,1,6,1,10,1560,2,2,3,1
201330D000605,2,9,0,18,0,1,0,0,0,0,1,1,6,2,5,1389,1,15,-1,-1
201330D000606,1,9,0,9,0,3,0,0,0,0,4,1,1,1,8,1968,2,3,-1,-1
201330D000606,2,1,0,18,0,1,0,0,0,0,1,1,2,1,5,-1,-1,-1,-1,-1
201330D000607,1,9,0,18,0,0,0,4,0,0,1,1,6,1,6,998,1,6,1,1
201330D000607,2,9,0,2,0,0,0,0,0,0,1,1,6,1,6,1686,2,10,-1,-1
201330D000607,3,9,0,2,0,0,0,0,0,0,2,1,6,3,-1,1229,1,1,-1,-1
201330D000607,4,9,0,2,0,0,0,0,0,0,2,1,6,3,-1,-1,-1,-1,-1,-1
201330D000610,1,9,0,18,0,2,0,0,0,0,1,1,6,2,11,1390,1,13,7,3
201330D000610,2,9,0,4,0,2,0,0,0,0,2,1,6,2,5,1299,1,9,3,1
201330D000610,3,9,0,4,0,2,0,0,0,0,2,1,6,2,6,1389,1,17,-1,-1
201330D000612,1,9,0,18,0,8,0,0,0,0,1,1,6,2,7,1596,1,10,-1,-1
201330D000612,2,9,0,4,0,8,1,0,3,0,4,1,6,1,5,1999,1,5,-1,-1
201330D000614,1,9,0,18,0,1,0,0,1,1,1,1,6,2,5,1360,1,7,3,1
201330D000614,2,9,0,18,0,1,0,0,1,0,3,1,6,1,4,1242,1,12,9,1
201330D000617,1,9,0,6,0,8,0,0,0,0,3,1,1,1,9,1339,1,4,3,1
201330D000617,2,1,0,18,0,8,2,0,0,0,1,1,1,1,8,-1,-1,-1,2,1
201330D000618,1,9,0,18,0,0,0,0,8,2,3,1,2,1,6,1388,1,7,-1,-1
201330D000620,1,9,0,10,0,5,0,0,0,0,2,1,6,2,6,1796,1,14,4,1
201330D000620,2,9,0,3,0,1,0,0,0,0,2,1,6,1,7,1598,1,2,1,1
201330D000620,3,9,0,3,0,1,0,0,0,0,1,1,6,1,5,-1,-1,-1,2,1
201330D000632,1,9,0,12,0,0,0,0,4,6,3,1,1,1,5,2435,1,18,4,1
201330D000632,2,21,4,18,0,0,0,0,0,0,4,1,2,1,8,12130,2,19,9,1
201330D000635,1,1,0,18,0,8,0,0,0,0,1,1,2,1,7,-1,-1,-1,1,1
201330D000635,2,9,0,9,0,8,0,0,0,0,4,1,6,1,-1,1968,2,7,-1,-1
201330D000636,1,9,0,3,0,1,0,0,0,0,2,1,6,2,-1,1242,1,4,-1,-1
201330D000636,2,9,0,3,0,1,0,0,0,0,2,1,1,1,6,-1,-1,-1,1,1
201330D000636,3,9,0,18,0,1,0,0,0,0,1,1,6,3,-1,-1,-1,-1,-1,-1
201330D000637,1,9,0,4,0,2,0,0,0,0,4,1,1,1,7,-1,-1,-1,10,1
201330D000641,1,19,0,18,0,1,0,0,0,0,2,1,1,1,8,2198,2,2,2,1
201330D000641,2,4,0,18,0,1,0,0,0,0,1,1,6,1,8,500,1,44,4,2
201330D000642,1,11,0,18,0,1,0,0,0,0,0,1,1,1,8,7300,2,4,2,1
201330D000642,2,9,0,18,0,1,0,0,0,0,0,1,6,1,-1,973,1,13,-1,-1
201330D000643,1,9,0,9,0,8,0,0,0,0,3,1,6,2,5,1299,1,6,7,1
201330D000643,2,4,0,18,0,8,0,0,0,0,4,1,6,1,9,498,1,11,7,1
201330D000644,1,9,0,18,0,8,0,0,0,0,3,1,6,1,10,1598,1,12,-1,-1
201330D000644,2,21,0,11,0,8,0,0,0,0,1,1,1,1,6,9200,2,9,-1,-1
201330D000646,1,9,0,1,0,0,0,0,0,0,2,1,6,2,5,1242,1,11,3,1
201330D000646,2,9,0,17,0,0,0,0,0,0,1,1,6,1,-1,1798,1,11,-1,-1
201330D000648,1,9,0,18,0,4,0,0,1,1,1,1,6,1,8,1598,1,12,2,1
201330D000648,2,9,0,18,0,4,0,0,0,0,1,1,6,1,5,1229,1,7,9,1
201330D000651,1,4,0,13,0,0,1,0,0,0,4,1,6,1,6,400,1,22,8,2
201330D000651,2,9,0,18,0,0,0,0,0,0,2,1,6,1,9,1968,2,3,2,1
201330D000651,3,9,0,18,0,0,0,0,0,0,1,1,6,2,7,1198,1,1,10,2
201330D000652,1,19,0,18,0,0,0,0,0,0,1,1,1,1,8,2400,2,11,8,3