Accident_Index,Vehicle_Reference,Vehicle_Type,Towing_and_Articulation,Vehicle_Manoeuvre,Vehicle_Location-Restricted_Lane,Junction_Location,Skidding_and_Overturning,Hit_Object_in_Carriageway,Vehicle_Leaving_Carriageway,Hit_Object_off_Carriageway,1st_Point_of_Impact,Was_Vehicle_Left_Hand_Drive?,Journey_Purpose_of_Driver,Sex_of_Driver,Age_Band_of_Driver,Engine_Capacity_(CC),Propulsion_Code,Age_of_Vehicle,Driver_IMD_Decile,Driver_Home_Area_Type
201330D000652,2,1,0,18,0,0,5,0,0,0,2,1,6,2,4,-1,-1,-1,-1,-1
201330D000655,1,9,0,4,0,0,0,0,0,0,2,1,6,1,11,1199,1,10,5,1
201330D000655,2,5,0,18,0,0,0,0,0,0,1,1,6,1,8,781,1,10,8,2
201330D000657,1,9,0,4,0,0,0,0,0,0,2,1,6,1,8,1896,2,8,6,1
201330D000657,2,9,0,4,0,0,0,0,0,0,2,1,6,1,7,1587,1,11,2,1
201330D000657,3,9,0,18,0,0,0,0,0,0,1,1,6,2,7,1896,2,5,4,1
201330D000660,1,9,0,9,0,5,0,0,0,0,3,1,6,2,8,1198,1,10,4,1
201330D000660,2,1,0,18,0,1,0,0,0,0,1,1,6,2,7,-1,-1,-1,1,1
201330D000661,1,9,0,9,0,6,0,0,0,0,1,1,6,2,7,1560,2,3,2,1
201330D000661,2,4,0,16,0,3,5,0,0,0,1,1,6,1,11,499,1,25,3,1
201330D000665,1,9,0,18,0,8,0,0,1,10,4,1,1,1,8,1870,2,16,3,1
201330D000665,2,20,0,18,0,8,0,0,0,0,1,1,1,1,9,11705,2,4,1,1
201330D000677,1,9,0,9,0,5,0,0,0,0,3,1,6,1,5,1595,1,23,7,1
201330D000677,2,11,0,18,0,8,0,0,0,0,1,1,1,1,8,7300,2,5,-1,-1
201330D000679,1,9,0,18,0,2,1,0,1,2,3,1,2,2,6,998,1,4,8,3
201330D000679,2,9,0,13,0,2,0,0,0,0,1,1,6,1,7,2495,2,12,3,1
201330D000680,1,11,0,17,0,2,0,0,0,0,1,1,1,1,8,6374,2,6,3,1
201330D000681,1,3,0,7,0,6,5,0,0,0,3,1,2,1,5,124,1,2,6,1
201330D000681,2,19,0,18,0,2,0,0,0,0,4,1,1,1,8,2402,2,2,2,1
201330D000682,1,19,0,18,0,0,0,0,7,2,3,1,1,1,5,2286,2,7,2,1
201330D000682,2,9,0,18,0,0,0,0,0,0,3,1,1,1,8,1560,2,-1,8,3
201330D000682,3,5,0,18,0,0,5,0,0,0,1,1,6,1,8,1170,1,-1,2,1
201330D000682,4,9,0,18,0,0,0,0,0,0,4,1,6,2,7,1582,2,4,2,1
201330D000684,1,9,0,18,0,0,0,0,0,0,1,1,1,1,7,1951,2,6,5,1
201330D000684,2,9,0,2,0,0,0,0,0,0,0,1,6,3,-1,-1,-1,-1,-1,-1
201330D000686,1,9,0,9,0,4,0,0,0,0,1,1,2,2,7,1560,2,6,4,2
201330D000686,2,1,0,18,0,8,0,0,0,0,4,1,2,1,4,-1,-1,-1,-1,-1
201330D000688,1,9,0,3,0,8,0,0,0,0,2,1,6,2,5,1596,1,7,5,3
201330D000688,2,9,0,3,0,8,0,0,0,0,2,1,6,1,-1,1206,1,3,10,1
201330D000688,3,9,0,18,0,8,0,0,0,0,1,1,6,3,-1,-1,-1,-1,-1,-1
201330D000695,1,9,0,9,0,5,0,0,0,0,1,1,6,2,6,1995,2,5,6,1
201330D000695,2,3,0,18,0,8,0,0,0,0,1,1,6,1,5,124,1,2,-1,-1
201330D000696,1,9,0,9,0,6,0,0,0,0,1,1,6,1,7,2685,2,9,2,1
201330D000696,2,9,0,17,0,8,0,0,0,0,1,1,6,2,7,1598,1,10,7,1
201330D000697,1,9,0,5,9,0,0,0,0,0,1,1,6,1,-1,-1,-1,-1,-1,-1
201330D000701,1,9,0,9,0,6,0,0,0,0,3,1,6,1,4,1242,1,9,6,3
201330D000701,2,9,0,18,0,8,1,0,0,0,1,1,6,1,10,2967,1,9,4,1
201330D000702,1,9,0,9,0,6,0,0,0,0,3,1,6,1,4,1149,1,10,10,1
201330D000702,2,5,0,18,0,8,0,0,0,0,1,1,2,1,7,750,1,19,6,1
201330D000703,1,9,0,3,0,2,0,0,0,0,2,1,6,2,6,1199,1,10,2,1
201330D000703,2,9,0,4,0,2,0,0,0,0,1,1,6,1,8,1590,1,11,1,1
201330D000704,1,9,0,4,0,0,0,0,0,0,1,1,6,2,5,1149,1,12,1,1
201330D000704,2,4,0,4,0,0,0,0,0,0,1,1,6,1,7,125,1,4,2,1
201330D000705,1,19,0,16,0,1,0,0,0,0,1,1,1,2,6,-1,-1,-1,-1,-1
201330D000705,2,3,0,10,0,8,0,0,0,0,2,1,6,1,9,125,1,5,-1,-1
201330D000706,1,9,0,9,0,6,0,0,0,0,1,1,6,1,5,1242,1,11,6,1
201330D000706,2,5,0,18,0,8,0,0,0,0,2,1,6,1,7,748,1,14,7,1
201330D000711,1,90,0,18,9,8,0,0,0,0,1,1,6,1,-1,-1,-1,-1,-1,-1
201330D000715,1,9,0,1,0,6,0,0,0,0,1,1,1,1,6,1896,2,11,2,1
201330D000715,2,4,0,18,0,6,0,0,0,0,4,1,6,1,8,499,1,6,5,1
201330D000716,1,11,0,18,2,0,0,0,0,0,3,1,1,2,6,4250,2,2,-1,-1
201330D000716,2,9,0,11,0,0,0,0,0,0,4,1,6,2,11,999,1,9,9,2
201330D000717,1,21,0,7,0,2,0,0,0,0,4,1,1,1,9,12580,2,8,4,1
201330D000718,1,9,0,5,0,8,0,0,0,0,4,1,6,1,5,1598,1,8,8,1
201330D000718,2,5,0,18,0,8,0,0,0,0,1,1,2,1,-1,1050,1,4,8,2
201330D000724,1,9,0,18,0,1,1,0,7,5,3,1,6,1,4,1998,1,9,5,1
201330D000724,2,5,0,18,0,1,0,0,0,0,1,1,6,1,6,675,1,2,-1,-1
201330D000727,1,9,0,9,0,1,1,10,7,0,3,1,6,1,9,1398,1,1,-1,-1
201330D000727,2,9,0,18,0,1,1,0,0,0,1,1,6,1,5,1686,2,6,2,1
201330D000736,1,9,0,16,0,0,5,0,5,6,1,1,6,1,5,1390,1,10,-1,-1
201330D000740,1,9,0,9,0,2,0,0,0,0,1,1,6,2,5,1242,1,11,3,1
201330D000740,2,9,0,13,0,1,0,0,0,0,1,1,6,3,-1,-1,-1,-1,-1,-1
201330D000740,3,9,0,18,0,1,0,0,0,0,0,1,6,3,-1,-1,-1,-1,-1,-1
201330M000047,1,19,0,17,0,8,1,0,2,7,4,1,1,1,7,-1,-1,-1,2,1
201330M000051,1,19,0,4,0,1,0,0,0,0,2,1,6,1,7,1753,2,4,5,1
201330M000051,2,9,0,18,0,1,0,0,0,0,1,1,6,1,6,3598,1,6,7,3
201330M000051,3,9,0,18,0,1,0,0,0,0,1,1,6,1,5,1461,2,12,6,1
201330M000067,1,9,0,4,0,0,0,0,0,0,2,1,6,1,8,2982,2,-1,4,1
201330M000067,2,9,0,18,0,0,0,0,0,0,1,1,6,1,8,-1,-1,-1,7,1
201330M000067,3,9,0,4,0,0,0,0,0,0,2,1,6,2,5,698,1,9,4,1
201330M000067,4,21,1,18,0,0,0,0,0,0,1,1,1,1,8,10518,2,5,7,1
201330M000073,1,9,0,11,0,0,0,0,0,0,1,1,6,2,4,1149,1,10,8,3
201330M000073,2,9,0,18,0,0,0,0,0,0,3,1,6,2,6,1398,1,1,2,1
201330M000074,1,21,1,18,0,0,0,0,4,6,3,1,1,1,10,10837,2,1,7,1
201330M000105,1,9,0,18,0,0,1,0,0,0,1,1,1,1,7,-1,-1,-1,7,1
201330M000105,2,9,0,18,0,0,0,0,4,6,2,1,1,1,6,1956,2,1,3,1
201330M000118,1,21,1,18,0,0,0,0,0,0,2,1,1,1,8,-1,-1,-1,4,1
201330M000118,2,21,1,18,0,0,0,0,0,0,1,1,1,1,8,10837,2,1,1,1
201330M000126,1,9,0,18,0,1,1,0,0,0,1,1,6,1,6,2967,2,1,8,1
201330M000126,2,9,0,18,0,1,0,0,0,0,1,1,6,1,6,1998,1,18,7,1
201330M000126,3,9,0,18,0,1,0,0,0,0,1,1,6,2,5,1582,2,1,7,1
201330M000127,1,21,1,12,0,1,0,0,0,0,1,2,1,1,6,-1,-1,-1,-1,-1
201330M000127,2,9,0,18,0,1,1,0,1,6,4,1,2,2,7,999,1,11,4,1
201330M000129,1,9,0,12,0,0,2,0,1,4,1,1,6,2,6,973,1,14,1,1
201330M000129,2,9,0,18,0,0,0,0,0,0,0,1,6,3,-1,-1,-1,-1,-1,-1
201330M000165,1,21,1,12,0,0,0,0,0,0,3,2,1,1,6,-1,-1,-1,-1,-1
201330M000165,2,9,0,18,0,0,0,0,0,0,4,1,6,1,10,999,1,1,7,3
201330M000191,1,9,0,4,0,0,0,0,0,0,2,1,2,1,8,1995,2,2,7,1
201330M000191,2,9,0,4,0,0,0,0,0,0,2,1,2,1,5,1896,2,6,10,1
201330M000191,3,9,0,4,0,0,0,0,0,0,2,1,2,1,7,1956,2,3,7,1
201330M000191,4,9,0,4,0,0,0,0,0,0,1,1,2,1,9,1995,2,8,4,2
201330M000216,1,9,0,18,0,0,0,0,0,0,2,1,6,2,6,1198,1,10,1,1
201330M000216,2,9,0,18,0,0,0,0,0,0,1,1,6,1,8,1364,1,3,7,1
201330M000264,1,9,0,18,0,0,1,0,5,6,1,1,6,1,4,1997,2,5,6,1
201330M000264,2,21,1,18,0,0,0,0,0,0,1,1,1,1,8,12580,2,8,5,1
201330M000264,3,9,0,18,0,0,0,0,0,0,1,1,6,1,7,1560,2,1,7,1
201330M000264,4,21,1,18,0,0,0,0,0,0,1,1,1,1,7,9200,2,2,-1,-1
201330M000285,1,19,0,18,0,0,0,0,0,0,2,1,6,1,7,2151,2,11,1,1
201330M000285,2,9,0,18,0,0,0,0,0,0,1,1,6,2,7,1968,2,2,6,1
201330M000313,1,9,0,4,0,0,0,0,0,0,2,1,6,1,5,1994,2,11,5,3
201330M000313,2,9,0,4,0,0,0,0,0,0,1,1,1,2,5,1398,1,-1,-1,-1
201330M000313,3,9,0,4,0,0,1,0,0,0,1,1,6,1,8,1968,2,1,6,1
201330M000363,1,9,0,12,0,0,0,0,0,0,3,1,6,3,-1,-1,-1,-1,-1,-1
201330M000363,2,9,0,18,0,0,0,0,5,6,4,1,6,1,4,1242,1,13,-1,-1
201330M000385,1,9,0,12,0,0,0,0,0,0,0,1,6,3,-1,-1,-1,-1,-1,-1
201330M000385,2,9,0,18,0,0,0,0,0,0,2,1,2,2,8,1299,1,14,4,1
201330M000385,3,9,0,18,0,0,0,0,0,0,1,1,2,1,10,1968,2,4,-1,-1
201330M000406,1,9,0,18,0,0,2,0,6,0,1,1,6,1,7,5998,1,1,9,1
201330M000406,2,9,0,18,0,0,0,0,0,0,1,1,6,1,9,1798,1,6,-1,-1
201330M000406,3,19,0,18,0,0,0,0,0,0,1,1,6,1,5,2148,2,5,-1,-1
201330M000406,4,9,0,18,0,0,0,0,0,0,1,1,6,1,9,2987,2,3,10,2
201330M000459,1,9,0,12,0,0,0,0,4,6,1,1,1,1,-1,2231,2,6,-1,-1
201330M000461,1,19,0,4,0,0,0,0,0,0,2,1,1,1,6,-1,-1,-1,-1,1
201330M000461,2,19,0,4,0,0,0,0,0,0,2,1,1,1,6,1868,2,8,-1,-1
201330M000461,3,9,0,18,0,0,0,0,0,0,1,1,1,1,8,1686,2,-1,-1,-1
201330M000465,1,90,0,18,0,1,0,0,0,0,1,1,1,1,6,-1,-1,-1,-1,-1
201330M000465,2,9,0,4,0,1,0,0,0,0,2,1,6,1,5,1560,2,7,4,1
201330M000465,3,19,0,3,0,1,0,0,0,0,2,1,1,1,-1,2198,2,5,-1,-1
201330M000467,1,9,0,18,0,0,0,0,0,0,1,1,6,1,6,1598,1,10,1,1
201330M000467,2,21,0,18,0,0,0,0,0,0,4,1,1,1,7,-1,-1,-1,-1,-1
201330M000467,3,21,1,18,0,0,0,0,0,0,4,1,1,1,7,12900,2,6,9,1
201330M000467,4,9,0,18,0,0,0,0,5,6,3,1,6,2,9,2499,1,7,4,2
201330M000500,1,9,0,18,0,0,1,0,2,7,1,1,6,2,6,998,1,1,8,1
201330M000522,1,9,0,4,0,0,0,0,0,0,2,1,6,1,7,1998,2,3,2,1
201330M000522,2,9,0,4,0,0,0,0,0,0,2,1,6,1,6,2148,2,9,5,1
201330M000522,3,9,0,18,0,0,0,0,0,0,1,1,6,1,6,1796,1,10,5,1
201330M000552,1,21,1,18,0,8,0,0,4,6,1,1,1,1,7,10518,2,5,1,1
201330M000552,2,21,1,18,0,8,1,0,0,0,2,1,1,1,5,11705,2,6,6,1
201330M000552,3,9,0,18,0,8,0,0,0,0,3,1,6,1,8,1794,1,9,2,1
201330M000555,1,21,1,12,0,0,0,0,0,0,1,2,1,1,6,-1,-1,-1,-1,-1
201330M000555,2,9,0,18,0,0,1,0,5,6,2,1,6,2,4,999,1,1,7,3
201330M000555,3,9,0,18,0,0,0,0,0,0,1,1,6,2,6,1995,2,8,5,1
201330M000559,1,9,0,4,0,0,0,0,0,0,2,1,6,1,7,1956,2,1,4,1
201330M000559,2,9,0,18,0,0,0,0,0,0,1,1,2,1,-1,2170,2,9,1,1
201330M000559,3,9,0,3,0,0,0,0,0,0,2,1,2,1,8,1997,2,5,6,1
201330M000559,4,9,0,18,0,0,0,0,0,0,1,1,2,1,8,1796,1,6,6,1
201330M000559,5,9,0,18,0,0,0,0,0,0,1,1,2,1,8,1968,2,7,8,1
201330M000559,6,19,0,18,0,0,0,0,0,0,2,1,1,1,8,1753,2,6,5,2
201330M000559,7,9,0,18,0,0,0,0,0,0,1,1,6,1,7,5204,1,7,9,1
201330M000604,1,21,1,12,0,8,0,0,0,0,3,2,1,1,6,-1,-1,-1,-1,-1
201330M000604,2,9,0,18,0,8,1,0,1,7,4,1,6,1,10,1686,2,7,10,2
201330M000649,1,9,0,18,0,0,0,0,0,0,2,1,6,2,5,1590,1,15,3,1
201330M000649,2,19,0,18,0,0,0,0,0,0,2,1,1,1,8,1998,2,10,4,1
201330M000649,3,19,0,18,0,0,0,0,0,0,1,1,1,1,6,2402,2,9,5,1
201330M000668,1,9,0,18,0,0,0,0,0,0,2,1,6,1,8,1598,1,8,5,1
201330M000668,2,8,0,18,0,0,0,0,5,6,1,1,6,1,8,2499,2,5,5,1
201330M000674,1,9,0,4,0,0,0,0,0,0,2,1,1,1,6,-1,-1,-1,-1,-1
201330M000674,2,9,0,18,0,0,0,0,0,0,3,1,6,1,-1,973,1,13,-1,-1
201330M000687,1,21,1,2,6,0,0,0,0,0,3,1,1,1,6,12777,2,2,1,1
201330M000687,2,21,1,18,0,0,0,0,0,0,4,1,1,1,7,12900,2,1,-1,3
201330M000723,1,9,0,18,0,0,0,0,0,0,1,1,6,1,9,1968,2,6,1,1
201330M000723,2,9,0,18,0,0,0,0,5,6,4,1,6,2,7,1598,1,-1,-1,-1
201330M000733,1,9,0,18,0,0,0,0,0,0,0,1,6,3,-1,-1,-1,-1,-1,-1
201330M000733,2,9,0,18,0,0,1,0,4,6,3,1,6,1,5,1396,1,9,1,1
201330M000733,3,9,0,18,0,0,1,0,4,6,3,1,6,1,6,1850,1,13,-1,1
201331A001213,1,9,0,16,0,0,2,0,8,4,1,1,1,2,5,-1,-1,-1,5,1
201331A001313,1,9,0,11,0,0,0,0,0,0,1,1,2,1,7,1364,1,4,7,1
201331A001313,2,9,0,4,0,0,0,0,0,0,2,1,6,1,8,1868,2,14,1,1
201331A001313,3,9,0,4,0,0,0,0,0,0,2,1,2,2,8,1598,1,5,9,1
201331A001313,4,9,0,11,0,0,0,0,0,0,1,1,6,1,7,1870,2,7,4,1
201331A001613,1,9,0,18,0,6,0,0,0,0,1,1,6,1,-1,1364,1,9,3,2
201331A001713,1,19,0,7,0,6,0,0,0,0,1,1,2,1,6,2500,2,7,5,3
201331A001713,2,9,0,18,0,8,0,0,0,0,1,1,2,2,8,1998,2,8,4,1
201331A002113,1,9,0,16,0,0,0,0,0,0,1,1,6,3,-1,-1,-1,-1,-1,-1
201331A002113,2,2,0,18,0,0,0,0,0,0,2,1,6,1,4,49,1,3,4,1
201331A002813,1,3,0,7,0,5,0,0,0,0,4,1,6,2,7,124,1,4,9,1
201331A003213,1,9,0,18,0,0,0,4,0,0,1,1,6,1,7,2324,1,14,1,1
201331A003213,2,9,0,2,0,0,0,0,1,11,3,1,6,3,-1,1598,1,10,-1,-1
201331A003313,1,9,0,18,0,8,0,0,0,0,1,1,6,2,5,1598,1,1,6,1
201331A003313,2,9,0,3,0,8,0,0,0,0,2,1,6,1,6,1998,2,9,1,1
201331A003413,1,9,0,18,0,0,0,0,0,0,1,1,6,1,5,973,1,12,8,1
201331A003413,2,9,0,3,0,0,0,0,0,0,2,1,6,1,9,1560,2,3,7,1
201331A005113,1,9,0,18,0,8,1,0,2,11,4,1,6,2,6,1587,1,5,8,1
201331A005413,1,9,0,4,0,1,1,0,0,0,1,1,6,2,6,2993,2,8,3,2
201331A005413,2,9,0,4,0,1,1,0,0,0,2,1,6,2,9,2000,1,7,5,1
201331A005913,1,11,0,5,2,1,1,0,1,5,2,1,1,1,6,9000,2,8,1,1
201331A006113,1,10,0,5,0,0,0,0,0,0,4,1,1,1,7,2198,2,2,5,1
201331A006213,1,9,0,3,0,1,0,0,0,0,3,1,6,1,9,1560,2,2,4,1
201331A006213,2,9,0,18,0,2,0,0,0,0,4,1,6,3,-1,-1,-1,-1,-1,-1
201331A007913,1,9,0,4,0,0,0,0,0,0,2,1,6,1,8,1997,2,7,3,1
201331A007913,2,9,0,4,0,0,0,0,0,0,2,1,6,2,7,-1,-1,-1,-1,-1
201331A007913,3,9,0,4,0,0,0,0,0,0,1,1,6,1,6,2720,2,6,-1,-1
201331A008213,1,9,0,9,0,6,0,0,0,0,0,1,6,3,-1,-1,-1,-1,-1,-1
201331A008213,2,11,0,18,0,1,0,0,0,0,0,1,6,1,6,3900,2,9,-1,-1
201331A008413,1,9,0,9,0,6,0,0,0,0,1,1,6,2,8,1998,1,5,2,2
201331A008413,2,9,0,18,0,8,0,0,0,0,4,1,6,2,8,1781,1,9,9,1
201331A008713,1,9,0,18,0,1,0,0,0,0,4,1,6,2,6,1997,2,12,-1,-1
201331A009013,1,2,0,18,0,1,0,0,0,0,0,1,2,1,9,49,1,11,1,1
201331A009813,1,9,0,3,0,0,0,0,0,0,2,1,6,1,6,1598,1,8,5,1
201331A009813,2,9,0,18,0,0,1,0,0,0,1,1,6,3,-1,1796,1,12,-1,-1
201331A011913,1,9,0,18,0,8,0,0,0,0,1,1,1,1,8,1796,1,15,2,1
201331A011913,2,9,0,18,0,8,0,0,0,0,3,1,1,1,6,1397,1,10,4,1
201331A012113,1,9,0,16,0,0,1,0,7,0,1,1,6,1,7,1149,1,9,2,1
201331A012113,2,19,0,18,0,0,0,0,0,0,3,1,6,1,6,1995,2,2,2,1
201331A012113,3,9,0,2,6,0,0,0,0,0,3,1,6,1,9,2295,1,11,6,1
201331A012213,1,9,0,16,0,1,1,0,0,0,0,1,6,3,-1,-1,-1,-1,-1,-1
201331A012213,2,9,0,18,0,2,1,0,1,11,1,1,2,2,6,1299,1,11,7,1
201331A012413,1,9,0,12,0,1,1,0,0,0,1,1,6,2,5,1242,1,6,1,1
201331A012413,2,9,0,10,0,1,0,0,0,0,2,1,6,2,5,1149,1,11,6,1
201331A013613,1,9,0,18,0,1,5,10,0,0,1,1,6,1,11,1199,1,11,4,1
201331A013613,2,9,0,2,0,1,0,0,0,0,1,1,6,3,-1,2496,2,12,-1,-1
201331A014113,1,9,0,18,0,1,0,0,0,0,1,1,6,3,-1,-1,-1,-1,-1,-1
201331A014113,2,9,0,3,0,1,0,0,0,0,2,1,6,1,11,1493,1,10,3,2
201331A014513,1,9,0,7,0,6,1,0,3,11,1,1,3,2,6,1794,1,12,6,1
201331A014513,2,9,0,18,0,8,0,0,0,0,4,1,3,2,7,2993,2,7,2,1
201331A014713,1,9,0,18,0,0,1,4,1,0,1,1,2,1,7,1995,1,11,7,1
201331A014713,2,9,0,18,0,0,0,0,0,0,2,1,6,2,5,1399,2,7,5,1
201331A014713,3,9,0,2,6,0,0,0,0,0,1,1,6,1,5,1910,2,9,9,1
201331A015013,1,5,0,18,0,8,0,0,0,0,0,1,6,1,9,1402,1,6,7,1
201331A015013,2,9,0,9,0,5,0,0,0,0,0,1,6,3,-1,-1,-1,-1,-1,-1
201331A015113,1,9,0,18,0,1,0,0,0,0,1,1,6,1,6,-1,-1,-1,5,1
201331A015113,2,11,0,3,0,1,0,0,0,0,2,1,6,1,8,10000,2,23,1,1
201331A015313,1,9,0,18,0,0,1,0,8,11,1,1,6,2,5,1124,1,10,4,1
201331A015313,2,19,0,18,0,0,0,0,0,0,4,1,1,1,8,-1,-1,-1,4,1
201331A015413,1,9,0,14,0,0,0,7,7,3,3,1,1,2,7,1598,1,14,3,1
201331A015513,1,9,0,18,0,0,0,0,0,0,1,1,1,2,5,1390,1,8,5,1
201331A015513,2,9,0,18,0,0,0,0,0,0,1,1,1,2,7,1598,1,11,2,1
201331A015513,3,9,0,18,0,0,0,0,0,0,1,1,1,1,7,1461,2,8,1,1
201331A015513,4,9,0,18,0,0,0,0,0,0,1,1,1,1,9,1968,2,4,4,1
201331A015513,5,9,0,18,0,0,0,0,0,0,2,1,1,1,8,2401,2,5,6,2
201331A016313,1,9,0,17,0,0,1,10,5,0,1,1,6,2,5,1388,1,10,3,1
201331A017913,1,9,0,9,0,6,0,0,0,0,1,1,6,2,7,2495,2,12,7,1
201331A017913,2,9,0,14,0,8,1,0,0,0,1,1,6,1,9,2231,2,1,7,1
201331A019213,1,9,0,7,0,5,0,0,0,0,2,1,6,1,7,1686,2,5,1,1
201331A019213,2,9,0,18,0,8,0,0,0,0,1,1,6,1,7,1229,1,5,2,1
201331A019513,1,9,0,14,0,0,0,0,0,0,1,2,2,2,7,993,1,14,1,1
201331A019513,2,9,0,2,0,0,0,0,0,0,0,1,6,3,-1,-1,-1,-1,-1,-1
201331A019913,1,19,0,18,0,8,1,0,0,0,1,1,2,1,8,1998,2,12,3,1
201331A019913,2,9,0,9,0,6,0,7,0,0,3,1,2,1,8,1198,1,2,9,1
201331A020413,1,9,0,9,0,4,0,0,0,0,1,1,6,2,6,998,1,11,3,1
201331A020413,2,1,0,18,0,8,0,0,0,0,1,1,2,1,6,-1,-1,-1,-1,-1
201331A020513,1,9,0,17,0,0,1,0,0,0,1,1,2,1,7,2500,2,14,2,1
201331A020513,2,19,0,16,0,0,0,0,1,2,1,1,2,1,8,-1,-1,-1,7,1
201331A021313,1,9,0,11,0,1,0,0,0,0,1,1,6,1,10,1991,2,2,10,2
201331A021313,2,1,0,12,0,1,0,0,0,0,2,1,6,1,7,-1,-1,-1,-1,-1
201331A021313,3,9,0,18,0,1,0,0,0,0,4,1,6,2,7,1596,1,9,3,1
201331A021613,1,9,0,18,0,8,0,0,0,0,1,1,6,2,9,1299,1,12,6,1
201331A021613,2,9,0,9,0,5,0,0,0,0,1,1,6,2,7,1596,1,3,-1,-1
201331A021913,1,9,0,18,0,0,2,10,1,2,1,1,6,2,4,1124,1,14,5,1
201331A022113,1,9,0,18,0,8,0,0,0,0,1,1,6,1,5,1061,1,10,5,1
201331A022113,2,9,0,9,0,5,0,0,0,0,4,1,6,2,7,1229,1,2,9,1
201331A022313,1,19,0,1,0,1,0,0,0,0,2,1,1,1,6,1998,2,11,4,1
201331A022313,2,3,0,3,0,1,0,0,0,0,1,1,1,1,7,-1,-1,-1,2,1
201331A023213,1,19,0,18,0,0,0,0,0,0,4,1,2,1,6,1461,2,5,4,1
201331A024713,1,9,0,14,0,2,0,4,0,0,1,1,2,2,5,1388,1,6,2,1
201331A024713,2,19,0,2,0,2,0,0,0,0,2,1,6,3,-1,2402,2,8,-1,-1
201331A024713,3,9,0,18,0,1,0,0,0,0,0,1,6,3,-1,-1,-1,-1,-1,-1
201331A025013,1,9,0,18,0,3,0,0,0,0,2,1,6,2,5,1399,2,3,6,1
201331A025013,2,19,0,18,0,3,0,0,0,0,1,1,6,1,-1,2198,2,3,5,1
201331A025013,3,9,0,12,0,2,0,0,0,0,0,1,6,3,-1,-1,-1,-1,-1,-1
201331A025113,1,9,0,17,0,8,2,0,2,7,1,1,6,2,9,1242,1,7,6,1
201331A026313,1,9,0,8,0,1,0,0,0,0,2,1,6,1,7,1870,2,13,1,1
201331A026313,2,9,0,4,0,1,1,0,0,0,1,1,6,2,10,1985,1,13,5,1
201331A026713,1,9,0,18,0,0,0,0,0,0,4,1,1,1,7,-1,-1,-1,4,1
201331A026813,1,9,0,9,0,6,0,0,0,0,1,1,6,1,9,1242,1,12,4,1
201331A026813,2,9,0,10,0,8,0,0,0,0,1,1,6,1,4,1229,1,1,5,1
201331A027513,1,9,0,18,0,4,0,0,0,0,3,1,6,1,10,1998,1,12,4,1
201331A027513,2,1,0,18,0,3,0,0,0,0,4,1,2,2,6,-1,-1,-1,4,1
201331A027713,1,9,0,4,0,0,0,0,0,0,2,1,6,1,8,1399,2,11,1,1
201331A027713,2,9,0,4,0,0,0,0,0,0,2,1,2,1,7,1796,1,6,7,1
201331A027713,3,9,0,18,0,0,0,0,0,0,1,1,2,2,9,1149,1,5,4,1
201331A027713,4,9,0,18,0,0,0,0,0,0,1,1,2,1,7,2143,2,3,7,2
201331A027813,1,9,0,7,0,3,2,10,0,0,3,1,6,2,4,1149,1,7,3,1
201331A028313,1,9,0,4,0,0,1,0,0,0,1,1,6,1,8,1998,1,12,9,1
201331A028313,2,9,0,4,0,0,0,0,0,0,2,1,6,2,7,1997,2,3,9,1
201331A028513,1,9,0,7,0,5,0,0,0,0,1,1,1,2,6,1598,1,2,1,1
201331A028513,2,9,0,11,0,5,0,0,0,0,4,1,6,2,7,2495,1,11,3,2
201331A028913,1,9,0,18,0,0,0,0,7,11,1,1,6,1,10,1896,2,3,6,2
201331A029013,1,9,0,9,0,5,0,7,0,0,4,1,6,2,8,1339,1,2,4,1
201331A029013,2,9,0,18,0,8,0,0,0,0,1,1,6,1,5,1799,1,15,4,1
201331A029713,1,19,0,4,0,8,0,0,0,0,1,1,1,1,5,2148,2,6,9,1
201331A029713,2,9,0,3,0,8,0,0,0,0,2,1,6,1,6,2460,2,8,2,2
201331A029813,1,11,0,4,0,0,0,0,0,0,0,1,1,1,8,4500,2,1,6,2
201331A030213,1,9,0,17,0,0,5,0,8,4,3,1,6,1,4,1364,1,7,1,1
201331A031113,1,9,0,18,0,0,0,0,1,0,1,1,6,2,8,998,1,13,3,1
201331A031113,2,9,0,18,0,0,0,0,0,0,1,1,2,1,8,2435,1,14,1,1
201331A031513,1,8,0,18,0,8,0,0,1,11,3,1,1,1,5,1995,2,6,10,1
201331A031513,2,9,0,18,0,8,0,0,0,0,1,1,6,2,5,1598,1,12,3,1
201331A032113,1,8,0,5,0,0,0,0,0,0,0,1,1,3,-1,-1,-1,-1,-1,-1
201331A032213,1,9,0,18,0,1,0,0,0,0,4,1,6,3,-1,-1,-1,-1,-1,-1
201331A032413,1,9,0,17,0,0,1,0,1,9,1,1,6,2,7,1461,2,11,6,2
201331A033413,1,3,0,5,0,2,0,0,0,0,4,1,6,1,5,124,1,-1,5,1
201331A033513,1,8,0,7,0,5,0,0,0,0,1,1,6,3,-1,-1,-1,-1,-1,-1