Accident_Index,Vehicle_Reference,Vehicle_Type,Towing_and_Articulation,Vehicle_Manoeuvre,Vehicle_Location-Restricted_Lane,Junction_Location,Skidding_and_Overturning,Hit_Object_in_Carriageway,Vehicle_Leaving_Carriageway,Hit_Object_off_Carriageway,1st_Point_of_Impact,Was_Vehicle_Left_Hand_Drive?,Journey_Purpose_of_Driver,Sex_of_Driver,Age_Band_of_Driver,Engine_Capacity_(CC),Propulsion_Code,Age_of_Vehicle,Driver_IMD_Decile,Driver_Home_Area_Type
201331A033713,1,9,0,1,0,6,0,0,0,0,3,1,6,2,5,1199,1,13,3,1
201331A034413,1,9,0,18,0,1,2,7,6,4,3,1,6,1,8,1398,1,1,7,1
201331A034413,2,9,0,10,0,1,0,0,0,0,4,1,6,1,8,1995,2,11,7,1
201331A034413,3,9,0,10,0,8,0,0,0,0,1,2,6,1,6,-1,-1,-1,2,1
201331A034413,4,9,0,3,0,1,0,0,0,0,1,1,6,2,4,1900,2,8,4,1
201331A034413,5,9,0,10,0,1,0,0,0,0,3,1,6,1,7,2389,1,14,3,2
201331A036313,1,9,0,17,0,8,0,12,2,4,3,1,6,2,5,1598,1,12,6,1
201331A036513,1,9,0,18,0,8,0,0,0,0,1,1,6,3,-1,-1,-1,-1,-1,-1
201331A036513,2,1,0,9,0,6,0,0,0,0,2,1,2,1,5,-1,-1,-1,4,1
201331A036813,1,9,0,18,0,0,0,0,0,0,4,1,6,3,-1,-1,-1,-1,-1,-1
201331A036813,2,1,0,12,0,0,0,0,0,0,3,1,6,2,6,-1,-1,-1,7,1
201331A037013,1,9,0,9,0,5,0,0,0,0,1,1,1,1,9,1598,1,7,1,1
201331A037713,1,9,0,7,0,1,1,0,0,0,1,1,6,2,4,1242,1,8,5,2
201331A037713,2,9,0,8,0,1,0,0,0,0,2,1,6,1,5,1560,2,6,2,1
201331A037813,1,19,0,17,0,0,1,4,1,0,1,1,2,1,8,1461,2,11,2,1
201331A037813,2,21,0,2,0,0,0,0,0,0,2,1,2,1,8,10837,2,1,9,2
201331A037913,1,9,0,9,0,6,0,0,0,0,1,1,2,1,8,1910,2,5,4,1
201331A037913,2,9,0,18,0,8,0,0,0,0,1,1,2,2,7,1390,1,12,5,1
201331A038113,1,11,0,2,0,0,0,0,0,0,4,1,1,1,7,-1,-1,-1,2,1
201331A038713,1,9,0,18,0,8,1,0,0,0,1,1,6,2,5,1368,1,6,-1,-1
201331A038713,2,9,0,9,0,5,0,0,0,0,1,1,6,1,10,1791,8,2,2,1
201331A039313,1,9,0,18,0,8,0,7,0,0,1,1,6,1,5,1199,1,12,1,1
201331A039613,1,9,0,18,0,8,0,0,0,0,4,1,2,1,6,1749,1,12,-1,-1
201331A039713,1,9,0,9,0,6,0,0,0,0,1,1,6,2,6,1587,1,6,6,1
201331A039713,2,9,0,18,0,8,0,0,0,0,4,1,6,2,9,1388,1,5,1,1
201331A040713,1,9,0,4,0,0,0,0,0,0,2,1,6,2,5,1329,1,1,3,1
201331A040713,2,9,0,18,0,0,0,0,0,0,1,1,6,1,-1,1986,1,20,3,1
201331A040913,1,9,0,16,0,0,1,0,7,7,1,1,6,2,8,-1,-1,-1,6,1
201331A041213,1,9,0,18,0,1,0,0,0,0,1,1,6,1,10,2987,2,7,6,1
201331A041213,2,9,0,3,0,1,0,0,0,0,2,1,6,2,7,998,1,1,4,1
201331A041213,3,9,0,10,0,5,0,0,0,0,2,1,6,1,7,1397,1,5,4,1
201331A043213,1,11,0,4,0,1,1,10,0,0,1,1,1,2,6,8268,2,10,1,1
201331A043313,1,11,0,9,0,5,0,0,0,0,0,1,1,2,8,-1,-1,-1,6,1
201331A043613,1,9,0,18,0,0,1,0,0,0,1,1,6,2,8,2401,2,9,10,3
201331A043613,2,3,0,2,0,0,0,0,0,0,2,1,6,1,4,125,1,1,4,1
201331A044013,1,9,0,7,9,1,0,0,0,0,1,1,6,3,-1,2435,1,6,-1,-1
201331A044613,1,19,0,18,0,0,1,0,0,0,3,1,2,1,9,2402,2,8,3,1
201331A044613,2,9,0,18,0,0,1,0,0,0,3,1,6,2,9,1951,2,9,4,1
201331A045213,1,9,0,4,0,1,1,0,0,0,1,1,2,1,9,998,1,11,10,2
201331A045213,2,9,0,10,0,5,0,0,7,0,2,1,6,2,6,1598,1,6,2,2
201331A046413,1,9,0,18,0,8,1,0,1,2,4,1,6,1,5,1590,1,11,6,1
201331A046613,1,9,0,18,0,0,1,0,0,0,1,1,6,1,5,1242,1,14,4,1
201331A046613,2,9,0,18,0,0,0,0,0,0,1,1,6,1,11,1995,2,2,6,1
201331A046813,1,9,0,18,0,1,1,0,0,0,1,1,6,2,4,1360,1,9,9,1
201331A047613,1,9,0,16,0,0,1,0,8,11,3,1,6,3,-1,1895,1,13,-1,-1
201331A049013,1,9,0,14,0,0,0,0,0,0,4,1,6,2,8,1398,2,8,3,2
201331A050613,1,9,0,4,0,6,0,0,0,0,1,1,6,2,6,1796,1,9,8,3
201331A050613,2,9,0,18,0,8,0,0,0,0,4,1,2,1,8,1686,2,3,4,1
201331A051913,1,19,0,7,0,6,0,0,0,0,0,1,1,1,8,1995,2,6,4,1
201331A051913,2,9,0,18,0,1,0,0,0,0,0,1,6,2,6,1598,1,10,4,1
201331A052513,1,9,0,1,9,5,0,0,0,0,2,1,6,1,10,1339,1,5,4,1
201331A052813,1,9,0,18,0,2,1,0,7,0,1,1,6,1,6,1994,1,14,1,1
201331A053213,1,5,0,14,0,0,1,0,0,0,4,1,6,1,8,599,1,13,3,1
201331A053613,1,9,0,13,0,0,0,0,0,0,4,1,6,3,-1,-1,-1,-1,-1,-1
201331A053613,2,1,0,18,0,0,0,0,0,0,3,1,6,1,6,-1,-1,-1,6,1
201331A054713,1,9,0,9,0,6,0,0,0,0,3,1,6,2,11,1896,2,10,5,1
201331A054713,2,9,0,16,0,8,0,0,0,0,1,1,6,2,7,998,1,7,3,1
201331A055013,1,9,0,1,0,2,0,4,0,0,4,1,6,1,6,1686,2,7,1,1
201331A055013,2,9,0,2,0,1,0,0,0,0,3,1,6,1,5,-1,-1,-1,1,1
201331A055213,1,9,0,18,0,8,0,0,0,0,1,1,6,1,4,1396,1,10,4,1
201331A055213,2,9,0,18,0,8,0,0,0,0,4,1,6,2,8,1364,1,3,3,1
201331A056113,1,9,0,9,0,6,0,0,0,0,1,1,6,1,5,1124,1,13,1,1
201331A056113,2,9,0,18,0,8,0,0,0,0,1,1,6,1,8,2656,1,12,3,1
201331A056213,1,5,0,13,0,8,0,0,7,11,1,1,6,1,8,998,1,1,3,1
201331A056213,2,9,0,9,0,5,0,0,7,0,3,1,6,1,7,1999,1,5,5,1
201331A056513,1,9,0,18,0,8,0,0,0,0,1,1,6,1,5,1598,1,14,2,1
201331A056513,2,9,0,18,0,1,0,0,0,0,1,1,1,1,-1,1753,2,4,-1,-1
201331A056513,3,9,0,9,0,8,0,0,0,0,1,1,6,2,-1,1598,1,9,5,1
201331A056713,1,9,0,13,0,0,0,0,0,0,0,1,6,1,7,1753,2,9,4,1
201331A056713,2,1,0,18,0,0,0,10,1,0,4,1,6,1,5,-1,-1,-1,4,1
201331A057513,1,19,0,14,0,8,0,0,0,0,4,1,1,1,7,2198,2,2,5,1
201331A057613,1,9,0,18,0,0,0,0,0,0,1,2,6,1,10,1397,1,9,3,1
201331A057613,2,1,0,18,0,0,0,0,0,0,3,1,6,1,3,-1,-1,-1,3,1
201331A058613,1,9,0,18,0,0,0,10,0,0,3,1,6,1,4,1124,1,9,5,1
201331A058613,2,9,0,18,0,0,0,0,0,0,4,1,6,1,9,1598,1,10,5,1
201331A059113,1,9,0,18,0,8,1,0,2,11,4,1,6,2,4,1124,1,7,6,1
201331A059113,2,9,0,18,0,8,0,0,0,0,1,1,2,2,9,1248,2,7,1,1
201331A059413,1,19,0,18,0,1,0,0,0,0,1,1,6,1,4,2198,2,1,1,1
201331A059413,2,19,0,4,0,1,0,0,0,0,2,1,1,1,6,-1,-1,-1,-1,-1
201331A059913,1,9,0,18,0,0,0,4,6,0,1,1,6,1,11,1296,1,5,4,1
201331A059913,2,19,0,2,0,0,0,0,0,0,2,1,6,3,-1,2402,2,2,-1,-1
201331A060613,1,9,0,7,0,5,0,0,0,0,1,1,1,1,7,1896,2,7,9,3
201331A060613,2,1,0,18,0,8,0,0,1,10,1,1,2,1,6,-1,-1,-1,5,1
201331A062213,1,9,0,18,0,0,0,7,1,0,1,1,6,2,8,1397,1,4,5,1
201331A062213,2,9,0,18,0,0,0,0,0,0,1,1,6,1,6,1360,1,1,4,2
201331A064213,1,9,0,9,0,6,0,0,0,0,3,1,6,2,7,1686,2,11,4,1
201331A064213,2,9,0,18,0,8,0,0,0,0,1,1,6,1,10,1968,2,6,1,1
201331A064813,1,5,0,13,0,8,1,0,0,0,4,1,6,1,5,598,1,16,-1,-1
201331A064813,2,9,0,6,0,8,0,0,0,0,3,1,6,1,5,1796,1,12,9,1
201331A064913,1,9,0,9,0,6,0,0,0,0,3,1,6,1,8,1753,2,17,8,1
201331A064913,2,5,0,13,0,8,0,0,0,0,1,1,6,1,7,1000,1,15,8,1
201331A065213,1,11,0,4,0,0,0,0,0,0,0,1,1,1,9,-1,-1,-1,1,1
201331A065313,1,11,0,18,0,0,0,0,0,0,0,1,1,1,8,6871,2,5,4,1
201331A065713,1,9,0,18,0,1,0,0,0,0,3,1,6,2,4,1388,1,11,-1,-1
201331A065813,1,9,0,4,0,0,0,0,0,0,1,1,6,2,10,1582,2,2,8,1
201331A065813,2,9,0,3,0,0,0,0,0,0,2,1,2,2,8,1248,2,2,9,3
201331A066413,1,9,0,5,0,1,0,0,0,0,1,1,6,2,5,1108,1,9,6,1
201331A066413,2,11,0,18,0,8,0,0,0,0,4,1,1,1,8,4250,2,1,5,1
201331A066513,1,3,0,18,0,8,0,0,0,0,1,1,6,1,4,-1,-1,-1,2,1
201331A066513,2,9,0,18,0,8,0,0,0,0,1,1,6,1,6,-1,-1,-1,2,1
201331A067813,1,9,0,7,0,6,0,0,0,0,1,1,1,2,5,1399,2,9,3,1
201331A067813,2,9,0,18,0,8,0,0,0,0,4,1,6,1,8,2000,2,9,2,1
201331A068413,1,9,0,18,0,4,0,0,0,0,1,1,6,1,6,1800,1,14,1,1
201331A068413,2,9,0,18,0,8,0,0,0,0,1,1,6,2,5,2000,1,18,4,1
201331A069213,1,9,0,18,0,8,0,0,7,0,3,1,6,2,11,1598,1,15,6,1
201331A069213,2,21,1,18,0,8,0,0,0,0,4,1,1,1,7,12900,2,2,2,1
201331A069513,1,19,0,18,0,0,0,0,1,0,1,1,6,1,5,1910,2,10,8,1
201331A069713,1,19,0,5,0,8,0,0,0,0,3,1,1,1,4,1870,2,7,8,1
201331A069713,2,9,0,18,0,8,0,0,0,0,4,1,6,1,11,998,1,20,2,1
201331A071113,1,8,0,18,0,0,0,0,0,0,3,1,6,1,-1,-1,-1,-1,-1,-1
201331A072413,1,9,0,16,0,0,5,4,1,0,1,1,6,1,4,973,1,13,-1,-1
201331A072413,2,9,0,2,0,0,0,0,0,0,2,1,6,3,-1,1596,1,3,-1,-1
201331A074913,1,9,0,9,0,6,0,0,0,0,3,1,6,2,11,1299,1,11,4,2
201331A074913,2,9,0,18,0,8,0,0,0,0,1,1,6,1,11,1124,1,11,3,1
201331A075313,1,9,0,18,0,3,0,0,0,0,0,1,6,3,-1,-1,-1,-1,-1,-1
201331A075313,2,9,0,18,0,4,0,0,0,0,2,1,2,2,8,998,1,2,4,1
201331A075313,3,9,0,4,0,1,0,0,0,0,1,1,1,2,7,1398,2,4,2,2
201331A075513,1,9,0,3,0,1,0,0,0,0,2,1,6,2,7,1753,2,5,3,1
201331A075513,2,9,0,18,0,1,0,0,0,0,1,1,6,1,4,973,1,11,6,2
201331A076013,1,9,0,18,0,1,0,0,0,0,1,1,6,1,11,1598,1,13,5,1
201331A076013,2,1,0,18,0,1,0,0,0,0,4,1,1,1,7,-1,-1,-1,3,1
201331A076113,1,9,0,9,0,6,0,0,0,0,3,1,6,1,6,1343,1,10,6,1
201331A076113,2,11,0,18,0,8,0,0,0,0,1,1,1,1,8,4500,2,1,4,1
201331A076413,1,9,0,18,0,0,0,0,0,0,1,1,6,2,8,1341,1,8,1,1
201331A076413,2,9,0,3,0,0,0,0,0,0,2,1,6,1,7,1997,2,4,5,1
201331A076713,1,11,0,4,0,0,0,0,0,0,0,1,1,1,7,8268,2,11,2,3
201331A078113,1,11,0,5,0,2,0,0,0,0,0,1,1,1,8,8268,2,11,6,2
201331A078213,1,11,0,16,0,0,0,0,0,0,0,1,1,1,8,4250,2,4,1,1
201331A078313,1,9,0,13,0,1,5,0,7,1,4,1,6,1,9,1597,1,18,4,1
201331A078313,2,9,0,4,0,1,0,0,0,0,3,1,6,2,5,1149,1,11,5,1
201331A078513,1,9,0,6,0,8,0,0,0,0,4,1,6,2,7,1896,2,9,8,1
201331A078513,2,9,0,18,0,8,0,0,0,0,1,1,6,1,7,1598,2,3,5,1
201331A079013,1,9,0,14,0,0,0,0,0,0,4,1,6,1,5,1299,1,13,4,1
201331A080013,1,19,0,1,0,0,0,0,0,0,2,1,2,1,-1,1998,2,7,-1,-1
201331A080013,2,9,0,2,0,0,0,0,0,0,1,1,3,2,6,1796,1,7,3,1
201331A080113,1,2,0,18,0,0,1,4,0,0,2,1,6,1,5,49,1,1,1,1
201331A080113,2,9,0,2,0,0,0,0,0,0,2,1,6,1,-1,1995,1,7,-1,-1
201331A080713,1,8,0,5,0,8,0,0,0,0,0,1,1,3,-1,-1,-1,-1,-1,-1
201331A080813,1,11,0,5,0,0,0,0,0,0,0,1,1,2,9,6370,2,12,2,1
201331A082913,1,1,0,18,9,0,2,0,0,0,1,1,2,1,4,-1,-1,-1,4,1
201331A083513,1,9,0,5,0,1,0,0,0,0,1,1,6,1,5,1596,1,11,2,1
201331A083513,2,9,0,4,0,1,0,0,0,0,2,1,3,2,7,1598,1,6,1,1
201331A083613,1,11,0,5,0,8,0,0,0,0,0,1,1,1,7,-1,-1,-1,7,1
201331A084013,1,9,0,8,0,1,0,0,0,0,2,1,2,2,-1,1248,1,1,9,1
201331A084013,2,9,0,18,0,1,0,0,0,0,1,1,6,3,-1,-1,-1,-1,-1,-1
201331A085613,1,2,0,18,0,1,0,0,0,0,1,1,6,1,4,49,1,-1,5,1
201331A085613,2,9,0,7,0,5,0,0,0,0,2,1,6,2,7,1598,1,7,5,1
201331A085913,1,9,0,18,0,0,0,0,0,0,1,1,6,2,6,1299,1,12,1,1
201331A085913,2,9,0,18,0,0,0,0,0,0,1,1,6,1,4,1388,1,14,3,1
201331A086313,1,9,0,18,0,1,0,0,0,0,1,1,6,1,6,1598,1,12,6,1
201331A086313,2,9,0,3,0,1,0,0,0,0,2,1,6,2,9,-1,-1,-1,7,2
201331A086913,1,9,0,18,0,8,0,0,0,0,1,1,2,1,9,1999,1,7,6,1
201331A086913,2,9,0,10,0,8,0,0,0,0,2,1,6,2,5,1598,1,8,7,1
201331A087713,1,9,0,18,0,6,0,0,0,0,1,1,6,2,-1,1199,1,12,-1,-1
201331A087713,2,1,0,18,5,8,0,0,0,0,4,1,6,1,7,-1,-1,-1,6,1
201331A088213,1,9,0,16,0,0,1,0,1,9,1,1,6,1,5,1896,2,12,-1,-1
201331A088213,2,9,0,17,0,0,0,0,0,0,0,1,6,3,-1,-1,-1,-1,-1,-1
201331A088513,1,1,0,18,0,2,0,0,0,0,4,1,1,1,6,-1,-1,-1,-1,-1
201331A088513,2,11,0,18,0,2,0,0,0,0,1,1,1,1,9,-1,-1,-1,-1,-1
201331A088713,1,9,0,16,0,8,2,0,7,11,3,1,6,2,5,1388,1,9,9,1
201331A088813,1,9,0,14,0,0,0,0,0,0,1,1,2,2,5,1242,1,10,4,1
201331A088813,2,9,0,2,0,0,0,0,0,0,3,1,6,3,-1,1396,1,12,-1,-1
201331A088813,3,9,0,2,0,0,0,0,0,0,2,1,6,3,-1,1595,1,3,-1,-1
201331A089013,1,2,0,9,0,6,0,0,0,0,3,1,6,1,4,49,1,4,8,1
201331A089013,2,9,0,14,0,8,0,0,0,0,1,1,6,1,6,1598,1,1,3,1
201331A089113,1,9,0,9,0,5,0,0,0,0,4,1,2,2,6,1956,2,2,4,1
201331A089113,2,9,0,18,0,8,0,0,0,0,1,1,2,2,6,1598,1,14,2,1
201331A089613,1,9,0,18,0,2,0,0,0,0,1,1,6,2,8,1560,2,5,7,1
201331A089713,1,9,0,7,0,5,0,0,0,0,4,1,6,2,6,1149,1,9,3,1
201331A089713,2,1,0,18,0,8,0,0,0,0,1,1,6,1,3,-1,-1,-1,-1,-1
201331A089913,1,1,0,5,0,0,0,0,0,0,1,1,6,2,7,-1,-1,-1,4,1
201331A089913,2,9,0,18,0,0,0,0,0,0,1,1,6,1,8,1968,2,3,7,1
201331A090013,1,5,0,18,0,8,1,0,0,0,1,1,6,1,9,1250,1,10,4,1
201331A090013,2,9,0,9,0,6,0,0,0,0,2,1,6,1,11,1396,2,2,1,1
201331A092613,1,9,0,11,0,1,0,0,0,0,4,1,6,1,-1,2720,2,8,8,1
201331A092613,2,9,0,5,0,1,0,0,1,0,3,1,6,2,5,1229,1,2,2,1
201331A093413,1,9,0,14,0,8,0,0,0,0,1,1,6,2,4,796,1,13,2,1
201331A093413,2,9,0,4,0,8,0,0,0,0,2,1,6,1,7,1753,2,4,3,1
201331A094913,1,9,0,18,0,1,1,0,0,0,1,1,6,2,6,1598,1,8,9,1
201331A095113,1,9,0,5,0,1,0,0,0,0,4,1,6,1,5,1850,1,14,6,1
201331A095213,1,9,0,18,0,0,0,7,0,0,1,1,6,1,11,1289,1,14,4,1
201331A095213,2,19,0,18,0,0,0,0,0,0,1,1,1,2,8,1868,2,7,-1,-1
201331A095713,1,3,0,18,0,8,0,0,0,0,1,1,6,1,4,124,1,-1,8,1
201331A095713,2,8,0,9,0,5,0,0,0,0,1,1,1,1,7,1968,2,5,10,2
201331A096113,1,9,0,14,0,1,0,0,0,0,1,1,6,2,11,1289,1,15,1,1
201331A096113,2,11,0,2,0,1,0,0,0,0,2,1,1,1,6,8268,2,10,4,1
201331A096113,3,9,0,14,0,2,0,0,0,0,1,1,6,1,10,2664,2,14,2,2
201331A096313,1,3,0,18,0,1,0,0,0,0,1,1,6,1,4,124,1,-1,6,1
201331A096313,2,9,0,6,0,1,0,0,0,0,2,1,6,1,5,1242,1,10,2,1
201331A096613,1,9,0,6,0,0,0,0,0,0,1,1,6,3,-1,-1,-1,-1,-1,-1
201331A096613,2,1,0,18,0,0,0,0,0,0,1,1,2,1,7,-1,-1,-1,4,2
201331A096713,1,19,0,7,0,6,0,0,0,0,1,1,1,2,5,1753,2,7,-1,-1
201331A096713,2,9,0,3,0,2,0,0,0,0,2,1,2,1,8,1896,2,12,2,1
201331A096813,1,1,0,18,0,8,0,0,0,0,1,1,6,1,4,-1,-1,-1,9,1
201331A096813,2,9,0,7,0,5,0,0,0,0,4,1,2,1,8,1461,2,7,10,2
201331A098113,1,9,0,18,0,0,0,4,0,0,1,1,6,1,10,1527,2,16,4,1
201331A098113,2,11,0,2,0,0,0,0,0,0,2,1,1,2,6,4250,2,1,4,1
201331A098713,1,9,0,9,0,6,0,0,0,0,1,1,2,1,5,1686,2,1,1,1
201331A098713,2,9,0,18,0,8,0,0,0,0,1,1,2,2,4,1388,1,9,3,1
201331A099113,1,3,0,18,0,0,1,10,0,0,4,1,6,1,4,124,1,9,2,1
201331A099313,1,9,0,4,0,1,0,0,0,0,1,1,6,1,7,2477,2,9,1,1
201331A099313,2,9,0,8,0,1,0,0,0,0,2,1,6,2,4,1240,1,8,2,2
201331A099413,1,9,0,16,0,0,0,0,1,4,1,1,2,2,5,1997,2,3,5,1
201331A099513,1,3,0,9,0,6,0,0,0,0,4,1,2,1,4,124,1,3,7,3
201331A099513,2,9,0,9,0,6,0,0,0,0,3,1,2,2,6,1229,1,7,5,1
201331A100013,1,9,0,18,0,8,0,0,0,0,1,1,6,2,8,1299,1,5,3,2
201331A100013,2,20,0,18,0,8,0,0,0,0,3,1,1,1,6,-1,-1,-1,7,1
201331A100113,1,11,0,5,0,1,0,0,0,0,0,1,1,1,5,-1,2,9,2,1
201331A100413,1,9,0,18,0,1,0,0,0,0,1,1,6,2,4,1229,1,5,4,1
201331A100413,2,9,0,3,0,1,0,0,0,0,2,1,6,2,4,-1,-1,-1,8,3
201331A100713,1,9,0,18,0,1,1,7,0,0,3,1,6,2,4,1299,1,11,1,1
201331A101113,1,9,0,18,0,0,2,0,0,0,1,1,6,1,4,1390,1,9,3,2
201331A102313,1,11,0,4,0,0,0,0,0,0,0,1,1,1,6,4250,2,1,3,1
201331A103013,1,11,0,4,0,1,0,0,0,0,0,1,1,1,9,4250,2,1,7,1
201331A103713,1,9,0,9,0,5,0,0,0,0,0,1,6,3,-1,-1,-1,-1,-1,-1
201331A103713,2,11,0,18,0,1,0,0,0,0,0,1,6,1,9,6871,2,4,1,1
201331A104013,1,9,0,7,0,5,1,7,0,0,1,1,6,2,5,1242,1,14,2,1
201331A106113,1,19,0,9,0,6,0,0,0,0,3,1,1,1,5,2402,2,2,3,2
201331A106113,2,9,0,17,0,8,0,0,0,0,1,1,2,1,6,1870,2,8,-1,-1
201331A106613,1,9,0,16,0,0,2,0,1,0,1,1,6,1,6,1998,1,9,3,2
201331A106713,1,9,0,14,0,2,0,0,0,0,1,1,2,2,6,1896,2,5,4,1
201331A107513,1,9,0,8,0,1,0,0,0,0,2,1,1,2,9,1686,2,5,3,2
201331A107513,2,9,0,18,0,1,0,0,0,0,1,1,1,2,5,1598,1,8,3,2
201331A108013,1,9,0,5,0,0,0,0,0,0,1,1,3,2,7,998,1,3,4,1
201331A108013,2,1,0,14,0,0,0,0,0,0,1,1,1,1,5,-1,-1,-1,1,1
201331A108113,1,9,0,9,0,8,0,0,0,0,3,1,6,2,9,1397,1,10,2,1
201331A109613,1,9,0,18,0,1,0,0,0,0,1,1,6,1,7,1248,1,1,1,1
201331A109613,2,9,0,8,0,1,0,0,0,0,2,1,6,1,9,1997,2,13,3,2
201331A111613,1,9,0,10,0,1,0,0,0,0,2,1,6,2,4,1299,1,12,4,2
201331A111613,2,9,0,18,0,1,0,0,0,0,1,1,6,1,5,1598,2,2,3,1
201331A113413,1,9,0,18,0,1,0,0,0,0,1,1,6,1,6,1685,2,-1,4,1
201331A113413,2,9,0,3,0,1,0,0,0,0,2,1,6,2,6,1984,1,6,4,1
201331A114413,1,11,0,2,0,0,0,0,0,0,0,1,1,1,6,4250,2,4,1,1
201331A114513,1,9,0,18,0,1,1,0,0,0,1,1,6,1,7,1149,1,15,1,1
201331A114513,2,1,0,9,8,6,0,0,0,0,2,1,6,2,6,-1,-1,-1,-1,-1
201331A114913,1,3,0,13,0,0,1,10,0,0,1,1,6,1,5,124,1,1,7,1
201331A115013,1,9,0,14,0,2,0,4,0,0,1,1,6,2,11,1587,1,9,4,1
201331A115013,2,9,0,2,0,2,0,0,0,0,3,1,6,3,-1,1753,2,6,-1,-1
201331A115713,1,19,0,18,0,0,0,0,0,0,1,1,6,2,7,2477,2,6,3,1
201331A115713,2,9,3,4,0,0,0,0,0,0,2,1,6,1,10,1910,2,7,3,1
201331A117413,1,9,0,9,0,6,0,0,0,0,1,1,6,1,4,1149,1,11,6,2
201331A117413,2,9,0,18,0,8,0,0,0,0,1,1,6,1,9,1368,1,4,-1,-1
201331A117513,1,11,0,9,0,8,0,0,0,0,0,1,1,1,10,4250,2,1,5,1
201331A117613,1,9,0,7,0,6,0,0,0,0,1,1,2,2,7,1398,2,3,6,1
201331A117613,2,1,0,18,0,8,0,0,0,0,4,1,6,2,7,-1,-1,-1,-1,-1
201331A117713,1,9,0,7,0,5,0,0,0,0,1,1,6,1,-1,-1,-1,-1,-1,-1
201331A117713,2,9,0,8,0,5,0,0,0,0,2,1,6,2,7,-1,-1,-1,5,1
201331A117813,1,3,0,17,0,8,0,0,0,0,4,1,6,1,4,124,1,5,5,1
201331A117913,1,9,0,9,0,5,0,0,0,0,1,1,6,2,10,1400,1,13,5,1
201331A117913,2,1,0,14,0,8,0,0,0,0,1,1,6,1,7,-1,-1,-1,4,1
201331A118213,1,11,0,2,0,2,0,0,0,0,0,1,1,1,8,-1,-1,-1,4,1
201331A118413,1,2,0,18,0,1,0,10,0,0,1,1,6,1,6,-1,-1,-1,2,2
201331A118813,1,5,0,9,0,6,0,0,0,0,3,1,6,1,4,599,1,13,3,1
201331A118813,2,9,0,18,0,8,0,0,0,0,1,1,1,2,5,1124,1,11,1,1
201331A118913,1,9,0,7,0,5,0,0,1,11,1,1,6,1,4,1149,1,12,9,1
201331A119113,1,5,0,17,0,8,0,0,1,11,1,1,6,1,6,599,1,13,-1,-1
201331A120013,1,9,0,14,0,0,5,4,0,0,1,1,2,1,9,1198,1,6,1,1
201331A120013,2,9,0,2,0,0,0,4,0,0,1,1,6,1,5,1390,1,8,2,1
201331A120013,3,9,0,2,0,0,0,0,0,0,1,1,6,1,7,1360,1,7,-1,-1
201331A120013,4,9,0,2,0,0,0,0,0,0,3,1,6,1,8,1596,1,5,-1,-1
201331A120213,1,11,0,2,2,0,0,0,0,0,0,1,1,1,9,6871,2,5,1,1
201331A120313,1,9,0,18,0,0,0,4,0,0,1,1,6,1,-1,1390,1,11,-1,-1
201331A120313,2,9,0,2,0,0,0,4,0,0,2,1,6,3,-1,1229,1,2,-1,-1
201331A120313,3,9,0,2,0,0,0,0,0,0,2,1,6,3,-1,1560,2,9,-1,-1
201331A121613,1,9,0,17,0,1,1,0,0,0,1,1,6,1,7,4200,1,-1,3,3
201331A121613,2,9,0,10,0,8,0,0,0,0,2,1,6,1,8,1796,1,17,-1,-1
201331A121613,3,3,0,16,0,8,0,0,0,0,1,1,6,1,4,124,1,13,1,1
201331A121813,1,5,0,18,0,0,1,0,0,0,4,1,6,1,8,-1,-1,-1,2,1
201331A122113,1,9,0,18,0,1,0,0,0,0,1,1,2,1,9,-1,-1,-1,1,1
201331A122113,2,9,0,4,0,1,0,0,0,0,2,1,6,1,6,1343,1,8,4,1
201331A122113,3,9,0,18,0,1,0,0,0,0,1,1,1,1,-1,1753,2,11,1,1
201331A122513,1,9,0,17,0,0,1,4,8,11,1,1,6,1,6,1794,1,11,2,1
201331A122513,2,19,0,2,0,0,0,0,0,0,1,1,6,3,-1,2500,2,12,-1,-1
201331A122513,3,9,0,2,0,0,0,0,0,0,1,1,6,3,-1,1997,2,5,-1,-1
201331A123713,1,9,0,14,0,0,0,0,0,0,4,1,6,2,9,1124,1,11,2,2
201331A124013,1,9,0,7,0,6,0,0,0,0,2,1,6,2,6,1360,1,13,2,2
201331A124013,2,9,0,5,0,1,0,0,0,0,1,1,6,2,6,1328,1,6,6,1
201331A126013,1,3,0,18,0,0,0,0,1,0,1,1,2,1,6,124,1,6,1,1
201331A126513,1,3,0,13,0,8,0,0,7,10,1,1,6,1,5,-1,-1,-1,-1,-1
201331A126513,2,9,0,9,0,5,0,0,0,0,3,1,6,1,8,1968,2,2,-1,-1
201331A127813,1,9,0,18,0,8,0,0,0,0,1,1,2,1,4,1560,2,3,4,1
201331A127813,2,9,0,9,0,6,0,0,0,0,1,1,2,2,7,1995,2,1,8,1
201331A128213,1,5,0,16,0,3,0,0,0,0,1,1,6,1,8,998,1,9,1,1
201331A128213,2,9,0,3,0,1,0,0,0,0,1,1,1,1,-1,1995,2,1,8,2