Accident_Index,Vehicle_Reference,Vehicle_Type,Towing_and_Articulation,Vehicle_Manoeuvre,Vehicle_Location-Restricted_Lane,Junction_Location,Skidding_and_Overturning,Hit_Object_in_Carriageway,Vehicle_Leaving_Carriageway,Hit_Object_off_Carriageway,1st_Point_of_Impact,Was_Vehicle_Left_Hand_Drive?,Journey_Purpose_of_Driver,Sex_of_Driver,Age_Band_of_Driver,Engine_Capacity_(CC),Propulsion_Code,Age_of_Vehicle,Driver_IMD_Decile,Driver_Home_Area_Type
201331A223013,1,9,0,10,0,1,0,0,0,0,4,1,6,3,-1,1364,1,4,-1,-1
201331A223013,2,1,0,18,0,1,0,8,0,0,1,1,6,1,5,-1,-1,-1,3,1
201331A223113,1,3,0,18,0,8,0,0,0,0,1,1,6,3,-1,-1,-1,-1,-1,-1
201331A223113,2,9,0,18,0,8,0,0,0,0,2,1,6,1,7,2720,2,9,1,1
201331A223513,1,9,0,9,0,8,0,0,0,0,3,1,6,2,6,1299,1,11,-1,-1
201331A224313,1,9,0,9,0,5,0,0,0,0,4,1,6,1,-1,1753,2,4,-1,2
201331A224313,2,9,0,18,0,8,0,0,0,0,1,1,6,2,6,973,1,13,3,2
201331A224413,1,11,0,16,0,1,0,0,0,0,0,1,1,1,9,9000,2,10,2,2
201331A224613,1,19,0,9,0,5,0,0,0,0,4,1,1,1,8,2402,2,9,1,1
201331A226113,1,9,0,9,0,6,0,0,0,0,3,1,2,2,5,1388,1,7,1,1
201331A226113,2,1,0,18,0,8,0,0,0,0,1,-1,2,1,6,-1,-1,-1,1,1
201331A226213,1,9,0,17,0,0,1,0,8,2,1,1,2,1,6,2926,2,10,2,1
201331A226213,2,9,0,2,9,0,0,0,0,0,1,1,6,3,-1,1995,2,9,-1,-1
201331A226213,3,9,0,16,0,0,0,0,0,0,1,1,6,1,10,1596,1,8,2,1
201331A226513,1,9,0,5,9,2,0,0,0,0,1,1,6,1,8,4701,1,12,7,1
201331A227413,1,3,0,18,0,0,0,0,0,0,4,1,2,1,-1,124,1,1,3,1
201331A227913,1,19,0,18,0,0,0,0,8,7,1,1,1,1,9,2496,2,15,2,1
201331A228613,1,19,0,14,0,0,0,0,0,0,3,1,1,1,6,2999,2,4,1,1
201331A228613,2,3,0,18,0,0,0,0,0,0,1,1,6,2,7,124,1,4,2,1
201331A228713,1,9,0,15,0,8,1,0,0,0,1,1,6,1,5,1905,2,15,2,1
201331A228713,2,9,0,7,0,5,0,0,0,0,4,1,6,1,10,1596,1,1,5,1
201331A229013,1,9,0,9,0,5,1,7,1,11,4,1,6,3,-1,-1,-1,-1,-1,-1
201331A229113,1,11,0,4,0,0,0,0,0,0,0,1,6,1,6,4500,2,1,4,2
201331A229513,1,19,0,18,0,4,0,0,0,0,1,1,6,1,7,2198,2,1,4,1
201331A229513,2,8,0,9,0,3,0,0,0,0,4,1,1,1,-1,1753,2,3,7,3
201331A230113,1,9,0,18,0,1,0,0,0,0,1,1,6,2,6,998,1,1,2,1
201331A230113,2,9,0,8,0,1,0,0,0,0,2,1,6,2,9,1753,2,14,7,1
201331A230313,1,9,0,6,0,0,0,0,1,0,3,1,6,2,7,1998,2,11,4,1
201331A230313,2,9,0,18,0,0,0,0,7,11,1,1,6,1,6,2987,2,1,1,1
201331A230413,1,9,0,18,0,0,1,0,0,0,1,1,6,2,7,1998,1,4,3,2
201331A230413,2,9,0,3,0,0,0,0,0,0,2,1,6,2,8,1461,2,5,3,1
201331A230413,3,9,0,3,0,0,0,4,0,0,2,1,6,2,6,1396,1,9,-1,-1
201331A230413,4,9,0,2,0,0,0,0,0,0,2,1,6,3,-1,1242,1,13,-1,-1
201331A230613,1,1,0,18,0,0,0,4,0,0,1,1,1,1,7,-1,-1,-1,-1,-1
201331A230613,2,9,0,2,0,0,0,0,0,0,2,1,1,1,7,1796,1,7,-1,-1
201331A233213,1,2,0,4,0,8,1,0,0,0,0,1,2,2,4,49,1,-1,1,1
201331A234213,1,9,0,9,0,5,0,0,0,0,1,1,6,2,10,1329,1,1,3,1
201331A234213,2,3,0,18,0,8,0,0,0,0,1,1,6,1,4,125,1,5,1,1
201331A235413,1,4,0,14,0,1,0,0,0,0,3,1,6,3,-1,-1,-1,-1,-1,-1
201331A235613,1,9,0,1,0,6,0,0,0,0,2,1,6,1,-1,1124,1,11,2,1
201331A235613,2,9,0,18,0,8,0,0,0,0,3,1,6,2,7,1686,2,8,2,1
201331A236213,1,1,0,18,0,8,0,0,0,0,1,1,6,1,5,-1,-1,-1,1,1
201331A236213,2,9,0,18,0,8,0,0,0,0,1,1,6,1,8,1149,1,15,3,1
201331A236613,1,9,0,18,0,0,0,0,0,0,4,1,6,1,10,1596,1,9,6,1
201331A237213,1,1,0,18,0,1,0,0,0,0,1,1,6,1,4,-1,-1,-1,-1,-1
201331A237213,2,9,0,4,0,1,0,0,0,0,4,1,6,1,9,2184,2,8,-1,-1
201331A237513,1,9,0,9,0,2,0,0,0,0,1,1,6,1,6,1870,2,10,5,1
201331A238113,1,9,0,5,0,2,0,0,0,0,4,1,6,1,8,1242,1,2,3,1
201331A238713,1,8,0,5,0,0,0,0,0,0,0,1,1,3,-1,1753,2,10,-1,-1
201331A239213,1,9,0,17,0,0,2,0,7,7,1,1,6,1,6,1360,1,13,2,1
201331A239313,1,9,0,18,0,0,0,0,0,0,1,1,2,2,6,998,1,12,2,1
201331A239313,2,9,0,2,0,0,0,0,0,0,0,1,6,3,-1,1598,1,9,-1,-1
201331A243013,1,9,0,9,0,5,0,0,0,0,3,1,6,3,-1,-1,-1,-1,-1,-1
201331A243013,2,5,0,13,0,8,0,0,0,0,4,1,6,1,8,1137,1,17,6,1
201331A243913,1,2,0,13,0,1,1,0,0,0,3,1,6,1,4,49,1,12,1,1
201331A243913,2,9,0,18,0,2,0,0,0,0,0,2,6,1,7,-1,-1,-1,1,1
201331A244113,1,9,0,15,0,8,0,0,0,0,3,1,6,1,11,998,1,6,5,1
201331A244113,2,1,0,10,0,8,0,0,0,0,4,1,2,1,6,-1,-1,-1,5,1
201331A244413,1,9,0,18,0,0,0,0,0,0,1,1,3,2,6,1753,2,9,3,1
201331A246013,1,9,0,7,0,5,0,0,0,0,4,1,6,2,8,1598,1,10,5,1
201331A246413,1,9,0,3,0,0,0,0,0,0,2,1,2,1,7,899,1,-1,9,1
201331A246413,2,19,0,3,0,0,0,0,0,0,2,1,1,1,9,2198,2,1,5,2
201331A246413,3,9,0,3,0,0,0,0,0,0,2,1,2,2,7,2204,2,7,6,2
201331A246413,4,9,0,4,0,0,0,0,0,0,1,1,1,1,6,-1,-1,-1,-1,3
201331A246513,1,9,0,7,0,6,0,0,0,0,1,1,6,2,8,1870,2,9,4,2
201331A246513,2,11,0,18,0,8,0,0,0,0,3,1,6,1,7,-1,2,13,-1,-1
201331A247513,1,9,0,16,0,8,0,0,0,0,1,1,2,1,6,1896,2,10,3,1
201331A247913,1,9,0,5,0,1,0,0,0,0,4,1,6,2,4,1364,2,7,7,1
201331A248613,1,9,0,1,0,0,1,0,1,0,2,1,6,1,5,1149,1,10,7,1
201331A248613,2,9,0,18,0,0,0,0,0,0,1,1,6,2,6,1598,1,9,1,1
201331A248613,3,9,0,2,9,0,0,0,0,0,2,1,6,3,-1,998,1,13,-1,-1
201331A248913,1,9,0,6,0,0,0,0,0,0,3,1,2,1,7,1560,2,7,4,1
201331A248913,2,5,0,13,0,0,0,0,7,0,4,1,2,1,8,1552,1,6,3,1
201331A249113,1,9,0,18,0,8,0,0,0,0,4,1,2,2,7,1600,1,15,6,3
201331A249113,2,19,0,9,0,6,1,0,0,0,1,1,2,1,6,1686,2,11,-1,-1
201331A250213,1,2,0,3,0,1,0,0,0,0,2,1,6,1,-1,124,1,5,-1,-1
201331A250213,2,9,0,4,0,1,0,0,0,0,1,1,6,2,7,1198,1,9,3,1
201331A250813,1,9,0,16,0,0,0,0,0,0,1,1,6,2,7,2979,1,11,2,1
201331A250813,2,5,0,17,0,0,0,0,0,0,1,1,1,1,8,647,1,13,1,1
201331A250813,3,9,0,17,0,0,5,0,2,11,1,1,6,1,6,-1,-1,-1,2,1
201331A252013,1,19,0,2,0,1,0,10,7,1,3,1,1,1,7,3920,2,-1,2,1
201331A254113,1,9,0,18,0,8,0,0,0,0,1,1,6,1,5,2980,2,17,3,1
201331A254113,2,9,0,7,0,8,0,0,0,0,3,1,6,1,7,1995,2,4,3,1
201331A254413,1,9,0,9,0,5,0,0,0,0,4,1,1,1,7,1968,2,3,10,1
201331A254413,2,9,0,18,0,8,0,0,0,0,1,1,1,2,6,1242,1,3,8,2
201331A254813,1,9,0,18,0,8,0,0,7,11,1,1,6,1,9,2231,2,1,6,1
201331A255013,1,9,0,9,0,6,5,0,0,0,4,1,6,1,4,1598,1,11,3,2
201331A255013,2,9,0,16,0,8,0,0,0,0,1,1,6,2,8,1686,2,7,8,1
201331A256613,1,9,0,13,0,0,0,0,1,11,1,1,2,2,8,1149,1,4,2,2
201331A256613,2,9,0,18,0,0,0,0,0,0,1,1,2,1,9,1896,2,6,-1,-1
201331A257013,1,9,0,18,0,1,0,0,0,0,1,1,6,2,11,1993,1,27,4,1
201331A257113,1,9,0,2,0,1,0,0,0,0,4,1,3,2,6,2183,2,2,3,2
201331A257113,2,9,0,18,0,2,0,4,0,0,4,1,6,1,6,1390,1,7,2,1
201331A257713,1,19,0,18,0,0,0,0,0,0,1,1,6,3,-1,-1,-1,-1,-1,-1
201331A257713,2,9,0,3,0,0,0,0,0,0,2,1,6,2,7,1796,1,1,3,2
201331A258513,1,9,0,2,0,0,0,0,0,0,2,1,6,1,7,1753,2,13,2,1
201331A258513,2,9,0,18,0,0,0,0,0,0,1,1,6,2,5,1679,1,13,2,1
201331A259613,1,9,0,18,0,0,0,4,0,0,1,1,6,2,11,1000,1,13,2,1
201331A259613,2,9,0,2,0,0,0,0,0,0,2,1,6,3,-1,1781,1,6,-1,-1
201331A259913,1,9,0,1,0,6,0,0,0,0,2,1,2,2,4,1299,1,9,1,1
201331A259913,2,9,0,18,0,1,0,0,0,0,1,1,6,1,9,1399,1,4,5,1
201331A260613,1,1,0,18,0,0,0,0,0,0,1,1,6,1,6,-1,-1,-1,6,1
201331A260613,2,9,0,1,0,0,0,0,0,0,2,1,6,3,-1,-1,-1,-1,-1,-1
201331A260813,1,9,0,18,0,0,0,0,1,11,1,1,6,1,8,2000,2,9,4,1
201331A260913,1,9,0,18,0,0,1,7,0,0,1,1,6,1,4,1124,1,11,6,1
201331A260913,2,2,0,18,0,0,0,0,0,0,0,1,6,1,4,49,1,11,2,1
201331A260913,3,2,0,18,0,0,0,0,0,0,0,1,6,1,4,50,1,7,7,1
201331A261013,1,9,0,9,0,6,0,0,0,0,3,1,6,3,-1,-1,-1,-1,-1,-1
201331A261013,2,1,0,18,0,8,0,0,0,0,1,1,6,1,4,-1,-1,-1,1,1
201331A261513,1,11,0,18,0,0,0,0,0,0,0,1,1,1,8,4250,2,1,1,1
201331A264213,1,8,0,6,0,3,0,0,0,0,1,1,1,1,8,1998,2,6,3,1
201331A264513,1,9,0,17,0,0,2,0,1,4,1,1,6,1,6,1360,1,7,6,1
201331A264613,1,9,0,5,0,1,0,0,0,0,1,1,6,1,5,1686,2,4,7,1
201331A264613,2,9,0,5,0,1,0,0,0,0,2,1,6,2,6,1086,1,5,4,1
201331A265013,1,9,0,9,0,5,0,0,0,0,4,1,1,2,8,1956,2,1,6,1
201331A265013,2,1,0,16,0,8,0,0,0,0,1,1,1,1,6,-1,-1,-1,2,1
201331A265113,1,9,0,18,0,0,0,0,0,0,2,1,1,1,7,-1,-1,-1,7,1
201331A265113,2,9,0,18,0,0,0,0,0,0,1,1,1,1,4,1896,2,9,6,1
201331A265813,1,9,0,18,0,0,0,10,0,0,1,1,6,3,-1,4966,1,13,-1,-1
201331A265813,2,9,0,18,0,0,0,0,0,0,4,1,2,1,4,998,1,3,4,1
201331A266713,1,9,0,18,0,8,0,0,0,0,2,1,6,3,-1,-1,-1,-1,-1,-1
201331A266713,2,2,0,9,0,5,0,0,0,0,1,1,6,1,5,49,1,1,-1,-1
201331A267513,1,9,0,18,0,0,0,0,0,0,1,1,6,1,6,1590,1,9,-1,-1
201331A267513,2,9,0,4,0,0,0,0,0,0,2,1,6,1,8,1896,2,12,3,1
201331A267713,1,9,0,18,0,0,0,0,0,0,1,1,6,2,6,1364,1,8,2,2
201331A267713,2,9,0,18,0,0,0,0,0,0,2,1,6,2,7,1896,2,9,3,2
201331A267713,3,9,0,14,0,0,0,0,0,0,0,1,6,3,-1,-1,-1,-1,-1,-1
201331A267713,4,11,0,2,0,0,0,0,0,0,0,1,1,3,-1,-1,-1,-1,-1,-1
201331A268413,1,3,0,15,0,8,0,0,0,0,1,1,6,1,4,124,1,10,2,1
201331A268413,2,9,0,7,0,5,0,0,0,0,4,1,6,2,6,1461,2,6,1,1
201331A268913,1,11,0,5,0,2,0,0,0,0,0,1,1,1,8,4500,2,1,1,1
201331A269113,1,9,0,9,0,6,0,0,0,0,1,1,6,1,11,1595,1,11,4,1
201331A269113,2,9,0,18,0,8,0,0,0,0,4,1,6,1,5,1598,1,6,1,1
201331A269813,1,9,0,17,0,2,0,0,0,0,1,1,6,3,-1,-1,-1,-1,-1,-1
201331A269813,2,9,0,3,0,2,0,0,0,0,2,1,6,1,8,2792,7,7,2,1
201331A270113,1,2,0,18,0,1,1,0,0,0,1,1,2,1,4,-1,-1,-1,4,2
201331A270113,2,9,0,3,0,1,0,0,0,0,2,1,2,2,8,1796,1,10,4,1
201331A270213,1,9,0,12,0,0,0,0,0,0,1,1,6,1,-1,-1,-1,-1,-1,-1
201331A270213,2,9,0,18,0,0,0,0,0,0,1,1,6,2,7,-1,-1,-1,-1,-1
201331A270613,1,9,0,14,0,0,0,0,0,0,4,1,6,2,6,1560,2,2,4,1
201331A270813,1,9,0,18,0,0,0,0,0,0,1,1,1,2,4,-1,-1,-1,2,1
201331A270813,2,9,0,3,0,0,0,0,0,0,2,1,1,2,6,1368,1,4,6,1
201331A270913,1,9,0,9,0,4,0,0,0,0,3,1,6,2,6,1149,1,10,2,1
201331A270913,2,1,0,18,0,8,0,0,0,0,1,1,6,1,9,-1,-1,-1,-1,-1
201331A272213,1,9,0,7,0,6,0,0,0,0,1,1,6,1,10,1796,1,1,3,1
201331A272213,2,1,0,18,0,8,0,0,0,0,4,1,6,1,8,-1,-1,-1,7,1
201331A272513,1,9,0,18,0,0,0,0,0,0,3,1,6,3,-1,-1,-1,-1,-1,-1
201331A273513,1,9,0,9,0,6,0,0,0,0,1,1,6,1,6,1598,1,1,3,1
201331A273513,2,9,0,9,0,5,0,0,0,0,3,1,6,1,10,1229,1,9,6,1
201331A274813,1,9,0,7,0,6,0,0,0,0,1,1,1,1,6,1991,2,5,-1,-1
201331A274813,2,1,0,18,0,8,0,0,0,0,2,1,6,2,7,-1,-1,-1,-1,-1
201331A275513,1,9,0,3,0,8,0,0,0,0,2,1,6,1,8,1388,1,6,7,3
201331A275513,2,9,0,18,0,8,0,0,0,0,1,1,6,1,-1,1997,2,12,4,1
201331A275513,3,9,0,18,0,8,0,0,0,0,1,1,6,1,8,-1,-1,-1,5,1
201331A275513,4,9,0,18,0,8,0,0,0,0,1,1,6,1,9,1997,2,11,2,1
201331A275713,1,2,0,9,0,5,0,0,0,0,4,1,6,2,7,-1,-1,-1,5,1
201331A277513,1,19,0,7,0,4,0,0,0,0,1,1,1,1,7,-1,-1,-1,2,1
201331A277513,2,1,0,18,0,8,0,0,0,0,4,1,1,1,-1,-1,-1,-1,9,1
201331A278813,1,9,0,4,0,0,0,0,0,0,2,1,6,2,5,-1,-1,-1,2,1
201331A278813,2,9,0,18,0,0,0,0,0,0,1,1,6,2,-1,-1,-1,-1,3,2
201331A278913,1,9,0,7,0,6,0,0,0,0,0,1,6,3,-1,-1,-1,-1,-1,-1
201331A279213,1,9,0,7,0,6,0,0,0,0,1,1,6,2,6,1910,2,7,6,1
201331A279213,2,2,0,18,0,8,0,0,0,0,4,1,6,1,4,49,1,-1,4,1
201331A279713,1,9,0,1,0,0,0,0,0,0,2,1,6,1,4,2000,2,9,4,1
201331A280113,1,9,4,7,0,4,0,0,0,0,1,1,6,1,5,998,1,3,4,1
201331A280113,2,1,0,9,0,8,0,0,0,0,4,1,2,1,8,-1,-1,-1,7,1
201331A280913,1,9,0,9,0,4,0,0,0,0,3,1,6,1,8,1998,1,9,8,2
201331A280913,2,1,0,18,0,8,0,0,0,0,1,1,6,1,7,-1,-1,-1,3,2
201331A281813,1,9,0,9,0,6,0,0,0,0,1,1,6,2,10,-1,-1,-1,1,1
201331A281813,2,1,0,17,0,8,0,0,0,0,1,1,6,2,7,-1,-1,-1,9,1
201331A282113,1,9,0,18,0,1,0,0,0,0,1,1,6,1,9,1299,1,12,1,1
201331A282113,2,9,0,3,0,1,0,0,0,0,2,1,6,1,7,1360,1,12,6,1
201331A282213,1,9,0,16,0,0,1,0,0,0,1,1,2,1,5,1360,1,12,1,1
201331A282213,2,9,0,17,0,0,0,0,0,0,1,1,1,1,10,-1,-1,-1,8,1
201331A283113,1,9,0,18,0,0,0,0,0,0,1,1,6,1,6,1998,2,9,5,1
201331A283113,2,9,0,18,0,0,0,0,0,0,2,1,2,1,5,1242,1,-1,5,1
201331A283213,1,9,0,16,0,2,0,0,0,0,3,1,6,3,-1,-1,-1,-1,-1,-1
201331A284013,1,11,0,2,0,0,0,0,0,0,0,1,1,1,8,6000,2,14,4,1
201331A284113,1,9,0,9,0,5,0,0,6,1,4,1,1,1,6,1560,2,7,6,1
201331A284113,2,9,0,18,0,8,0,0,1,0,1,1,6,2,7,1497,1,14,4,3
201331A284213,1,9,0,4,0,0,0,0,0,0,2,1,6,3,-1,-1,-1,-1,-1,-1
201331A284213,2,9,0,18,0,0,0,0,0,0,1,1,6,1,6,1560,2,-1,3,2
201331A284313,1,9,0,9,0,6,0,0,0,0,3,1,6,1,7,1840,1,13,8,1
201331A284313,2,9,0,18,0,8,0,0,7,0,1,1,6,2,7,998,1,4,7,1
201331A284713,1,9,0,2,0,0,0,0,0,0,2,1,6,2,7,1396,1,11,3,2
201331A284713,2,9,0,18,0,0,0,4,0,0,1,1,6,2,6,1598,1,8,8,3
201331A285413,1,9,0,7,0,6,0,0,0,0,0,1,6,3,-1,-1,-1,-1,-1,-1
201331A285413,2,3,0,18,0,8,0,0,0,0,1,1,2,1,6,124,1,7,3,1
201331A285513,1,3,0,13,0,8,0,0,0,0,1,1,6,1,-1,124,1,-1,-1,-1
201331A285513,2,9,0,9,0,5,0,0,0,0,3,1,6,1,8,-1,-1,-1,-1,-1
201331A285913,1,20,0,7,8,6,0,0,0,0,2,1,6,1,6,2800,2,12,6,1
201331A285913,2,9,0,18,0,8,0,0,0,0,1,1,6,2,7,1360,1,10,1,1
201331A286813,1,8,0,9,0,5,0,0,0,0,1,1,1,1,-1,-1,-1,-1,-1,-1
201331B000413,1,9,0,7,0,6,0,0,0,0,0,1,6,2,8,1388,1,3,9,1
201331B000413,2,9,0,18,0,8,0,7,0,0,1,1,6,2,8,1360,1,4,6,1
201331B000513,1,9,0,18,0,8,0,0,0,0,2,1,1,2,6,1956,2,1,7,3
201331B000513,2,19,0,10,0,8,0,0,0,0,2,1,1,1,9,1997,2,10,5,1
201331B000613,1,9,0,16,0,0,0,6,7,0,1,1,1,2,7,1997,1,9,8,3
201331B001413,1,8,0,1,9,0,0,0,0,0,2,1,1,1,9,1998,2,5,6,1
201331B001913,1,9,0,18,0,0,2,0,1,10,3,1,6,1,5,1197,1,1,4,2
201331B002513,1,9,0,17,0,0,1,0,1,0,1,1,6,2,4,1124,1,13,7,2
201331B003513,1,9,0,18,0,1,1,0,0,0,1,1,6,1,5,1229,1,1,3,1
201331B003513,2,19,0,16,0,2,0,0,0,0,1,1,6,1,9,2499,2,5,4,3
201331B003813,1,9,0,18,0,8,0,0,0,0,1,1,6,1,10,1686,2,2,2,1
201331B003813,2,20,0,10,0,1,0,0,0,0,1,1,1,1,7,3920,2,1,1,1
201331B003913,1,9,0,5,0,1,0,0,0,0,1,1,2,1,6,1598,2,1,-1,-1
201331B003913,2,9,0,8,0,1,0,0,0,0,2,1,6,1,10,1596,1,5,4,2
201331B004213,1,9,0,4,0,8,0,0,0,0,3,1,2,1,7,1997,2,8,5,1
201331B004213,2,1,0,18,0,8,0,0,0,0,1,1,2,2,9,-1,-1,-1,5,1
201331B004713,1,9,0,9,0,4,0,0,0,0,1,1,1,1,8,1995,2,2,-1,-1
201331B004713,2,1,0,9,0,8,0,0,0,0,4,1,1,2,8,-1,-1,-1,5,1
201331B005013,1,9,0,16,0,0,2,0,7,4,1,1,6,1,8,1364,2,6,8,2
201331B005313,1,9,0,17,0,8,1,0,1,9,1,1,6,1,8,1598,2,1,-1,-1
201331B005613,1,19,0,18,0,8,1,0,0,0,1,1,6,1,6,-1,-1,-1,3,1
201331B005613,2,9,0,18,0,8,0,0,0,0,2,1,6,1,10,-1,-1,-1,7,3
201331B005613,3,9,0,18,0,2,0,0,0,0,2,1,6,1,8,3628,2,3,7,3
201331B006913,1,9,0,18,0,0,1,0,1,4,2,1,6,2,6,-1,-1,-1,3,1
201331B007013,1,9,0,18,0,4,2,7,3,10,1,1,2,1,7,1998,1,13,10,3
201331B008313,1,21,0,16,0,8,2,10,0,0,4,1,1,1,8,11021,2,10,2,2
201331B008813,1,9,0,18,0,0,1,0,7,9,3,1,6,1,6,1598,1,5,4,2
201331B009513,1,9,0,17,0,0,1,0,0,0,1,1,2,1,6,2171,2,9,7,2
201331B009513,2,9,0,16,0,0,1,0,1,0,1,1,2,2,8,-1,-1,-1,1,1
201331B009713,1,9,0,18,0,0,5,0,1,7,4,1,6,1,6,1781,1,13,6,1
201331B010113,1,9,0,17,0,0,1,0,1,4,1,1,2,2,6,1124,1,12,1,1
201331B010413,1,9,0,18,0,8,0,0,0,0,3,1,6,1,8,2400,2,1,6,3
201331B010413,2,2,0,18,0,8,0,0,0,0,1,1,6,1,4,49,1,1,7,3
201331B011213,1,9,0,18,0,8,0,0,0,0,1,1,1,2,7,1560,2,1,2,1
201331B011213,2,2,0,18,0,8,0,0,0,0,3,1,6,1,9,49,1,2,6,1
201331B011413,1,9,0,16,0,0,2,10,1,0,1,1,2,1,7,1598,2,1,7,1
201331B011813,1,9,0,18,0,8,2,9,3,10,1,1,6,2,8,1587,1,11,3,1
201331B013813,1,9,0,18,0,0,1,0,0,0,1,1,2,2,8,1108,1,7,3,3
201331B013813,2,9,0,18,0,0,0,0,1,0,3,1,2,1,8,1461,2,2,4,1
201331B014013,1,9,0,18,0,1,1,0,1,1,1,1,2,1,7,1598,1,10,3,1
201331B014913,1,9,0,18,0,1,0,0,0,0,3,1,6,2,8,1968,2,3,8,2
201331B014913,2,9,0,2,0,2,0,0,0,0,0,1,6,3,-1,1242,1,15,-1,-1
201331B015613,1,9,0,18,0,0,1,0,1,4,1,1,6,1,6,-1,-1,-1,3,2
201331B015913,1,21,1,12,0,2,0,0,0,0,3,2,1,1,6,-1,-1,-1,-1,-1
201331B015913,2,9,0,18,0,2,0,0,1,11,2,1,1,1,7,2993,2,2,8,1
201331B015913,3,9,0,18,0,2,0,0,1,0,1,1,6,1,8,1596,1,9,8,3
201331B016113,1,9,0,11,0,0,0,7,0,0,4,1,6,3,-1,1798,1,11,-1,-1
201331B016113,2,90,0,18,0,0,0,0,0,0,1,1,6,1,8,6800,1,7,9,1
201331B016213,1,21,0,18,0,1,0,0,0,0,1,1,1,1,8,12900,2,4,3,1
201331B016213,2,9,0,4,0,5,0,10,1,0,2,1,1,1,7,1595,2,3,6,1
201331B016413,1,9,0,4,0,6,1,0,0,0,1,1,6,2,8,1061,1,10,5,1
201331B016413,2,9,0,18,0,8,0,0,0,0,4,1,1,1,7,-1,-1,-1,3,1
201331B016713,1,9,0,18,0,4,1,0,1,0,3,1,1,1,7,2497,2,8,8,1
201331B016713,2,21,1,18,0,5,0,0,0,0,4,1,6,3,-1,-1,-1,-1,-1,-1
201331B017513,1,9,0,4,0,6,1,0,0,0,3,1,6,2,5,1242,1,6,2,2
201331B017513,2,9,0,18,0,8,0,0,0,0,1,1,6,2,9,1120,2,1,2,2
201331B017613,1,9,0,4,0,2,1,4,0,0,1,1,3,2,7,1149,1,6,7,3
201331B017613,2,11,0,2,0,2,0,0,0,0,2,1,1,1,8,-1,2,13,10,2
201331B017713,1,9,0,18,0,2,1,0,0,0,1,1,6,2,6,1597,1,12,2,1
201331B017713,2,9,0,10,0,5,0,0,0,0,2,1,6,2,8,2199,2,2,7,1
201331B019113,1,9,0,7,0,5,0,0,0,0,1,1,6,1,8,-1,-1,-1,8,1
201331B020113,1,9,0,16,0,8,1,0,0,0,1,1,6,1,9,2143,2,4,8,1
201331B020113,2,9,0,17,0,8,0,0,7,0,1,1,2,2,7,1596,1,5,4,1
201331B020213,1,9,0,18,0,0,1,0,5,6,3,1,6,1,8,1242,1,14,6,3
201331B020213,2,9,0,18,0,0,0,0,4,6,1,1,1,1,6,1995,2,3,5,1
201331B021713,1,9,0,16,0,0,1,0,7,0,1,1,1,1,7,1596,1,12,-1,-1
201331B021713,2,9,0,17,0,0,0,0,1,0,3,1,1,2,5,1149,1,12,7,3
201331B021813,1,9,0,16,0,2,1,0,7,9,1,1,2,1,5,1761,1,13,3,1
201331B024213,1,19,0,16,0,0,0,0,1,1,1,1,6,2,6,1560,2,4,7,3
201331B024413,1,9,0,16,0,0,2,0,1,9,1,1,6,2,4,1242,1,6,10,2
201331B024813,1,9,0,18,0,0,0,0,1,0,3,1,6,2,7,-1,-1,-1,7,1
201331B024813,2,9,0,13,0,0,5,0,0,0,1,1,6,1,5,1598,1,1,6,1
201331B024813,3,8,0,18,0,0,0,0,0,0,1,1,1,1,6,-1,-1,-1,5,1
201331B025713,1,9,0,18,0,8,2,0,1,0,1,1,1,1,5,1242,1,11,1,2
201331B025813,1,3,0,18,0,0,0,11,0,0,1,1,2,1,4,124,1,10,4,1
201331B026013,1,19,0,9,0,6,0,0,0,0,3,1,1,1,8,1686,2,11,2,2
201331B026013,2,1,0,18,0,8,0,0,0,0,1,1,1,1,5,-1,-1,-1,2,2
201331B026513,1,21,1,11,0,0,0,0,0,0,4,1,1,1,9,12900,2,2,6,3
201331B026513,2,9,0,18,0,0,0,0,0,0,3,1,6,2,8,1360,1,9,8,1
201331B027213,1,2,0,9,0,5,0,0,0,0,4,1,2,1,9,49,1,1,2,1
201331B027613,1,1,0,18,0,0,0,0,0,0,2,1,6,1,5,-1,-1,-1,4,1
201331B027613,2,1,0,18,0,0,0,0,0,0,1,1,6,1,8,-1,-1,-1,10,1
201331B028613,1,9,0,17,0,0,1,0,2,0,1,1,6,2,4,2000,1,9,6,3
201331B028713,1,9,0,16,0,0,1,0,7,10,1,1,1,2,8,1086,1,8,3,3
201331B029113,1,9,0,18,0,0,0,0,0,0,1,1,6,1,-1,1598,1,11,-1,-1
201331B029113,2,9,0,3,0,0,0,0,0,0,2,1,6,2,-1,998,1,6,7,3
201331B030513,1,9,0,13,0,0,1,10,8,1,1,1,2,2,5,1390,1,7,3,2
201331B030513,2,17,4,18,0,0,0,0,0,0,1,1,1,1,8,-1,2,10,7,1
201331B030513,3,9,0,18,0,0,0,0,0,0,1,1,2,1,5,1560,2,7,1,1
201331B031013,1,9,0,7,0,3,0,0,0,0,4,1,6,1,9,-1,-1,-1,6,1
201331B031013,2,1,0,18,0,8,0,0,0,0,1,1,6,1,8,-1,-1,-1,1,1