Accident_Index,Vehicle_Reference,Vehicle_Type,Towing_and_Articulation,Vehicle_Manoeuvre,Vehicle_Location-Restricted_Lane,Junction_Location,Skidding_and_Overturning,Hit_Object_in_Carriageway,Vehicle_Leaving_Carriageway,Hit_Object_off_Carriageway,1st_Point_of_Impact,Was_Vehicle_Left_Hand_Drive?,Journey_Purpose_of_Driver,Sex_of_Driver,Age_Band_of_Driver,Engine_Capacity_(CC),Propulsion_Code,Age_of_Vehicle,Driver_IMD_Decile,Driver_Home_Area_Type
201331B031213,1,9,0,4,0,1,0,0,0,0,1,1,6,2,4,1124,1,11,5,1
201331B031213,2,9,0,3,0,1,0,0,0,0,2,1,6,2,6,1998,2,6,2,2
201331B031913,1,9,0,18,0,0,0,10,8,0,1,1,6,1,10,1596,1,6,2,1
201331B031913,2,9,0,18,0,0,0,0,0,0,4,1,6,2,8,998,1,3,7,2
201331B033013,1,9,0,16,0,0,2,0,1,0,1,1,2,1,5,1229,1,1,3,1
201331B034113,1,9,0,18,0,0,5,0,7,0,3,1,6,1,11,1332,1,7,5,2
201331B034513,1,9,0,4,0,0,0,0,1,0,1,1,2,2,6,1242,1,14,6,1
201331B034513,2,9,0,3,0,0,0,0,0,0,2,1,2,1,8,1998,2,11,7,3
201331B034513,3,9,0,3,0,0,0,0,0,0,2,1,2,1,6,1598,1,9,3,1
201331B035413,1,9,0,17,0,0,2,10,7,9,1,1,6,2,8,1991,2,7,6,3
201331B035913,1,1,0,13,0,2,0,4,0,0,1,1,6,1,6,-1,-1,-1,-1,-1
201331B035913,2,19,0,14,0,2,0,0,0,0,3,1,1,1,9,1896,2,7,7,3
201331B035913,3,9,0,2,0,1,0,0,0,0,4,1,6,3,-1,1596,1,9,-1,-1
201331B038413,1,9,0,9,0,5,1,0,0,0,1,1,6,1,5,1124,1,14,3,3
201331B039013,1,9,0,17,0,0,0,0,1,10,1,1,6,1,4,1149,1,15,9,1
201331B039113,1,21,1,18,0,0,0,0,0,0,1,1,1,1,7,11946,2,1,2,1
201331B039113,2,9,0,18,0,0,0,0,1,0,2,1,6,1,6,1399,2,2,1,1
201331B039413,1,9,0,18,0,1,0,0,0,0,1,1,6,1,11,1598,1,13,7,1
201331B039413,2,9,0,3,0,1,0,0,0,0,2,1,6,1,7,1798,1,10,2,1
201331B040213,1,9,0,16,0,1,0,0,0,0,1,1,6,1,10,1988,1,16,-1,-1
201331B040213,2,9,0,10,0,8,0,0,1,0,2,1,6,2,5,1364,1,3,5,3
201331B040513,1,2,0,17,0,0,1,0,1,10,1,1,6,2,7,49,1,1,2,1
201331B042513,1,9,0,9,0,5,0,0,0,0,4,1,6,2,6,1769,1,10,6,1
201331B042513,2,19,0,18,0,8,0,0,0,0,1,1,2,1,9,-1,-1,-1,6,3
201331B042613,1,3,0,18,0,0,0,0,0,0,1,1,2,1,8,125,1,9,8,2
201331B044113,1,9,0,7,0,6,0,0,0,0,1,1,6,1,6,1598,1,13,2,2
201331B044213,1,8,0,18,0,0,5,0,1,0,1,1,1,1,6,1997,2,6,-1,-1
201331B044213,2,9,0,18,0,0,0,0,0,0,1,1,6,2,8,1388,1,6,5,1
201331B044313,1,9,0,18,0,0,1,10,0,0,1,1,6,2,7,998,1,11,8,3
201331B044313,2,9,0,18,0,0,0,0,0,0,1,1,1,1,9,1956,2,1,10,3
201331B044513,1,9,0,18,0,1,0,0,0,0,1,1,6,1,9,1598,2,1,5,1
201331B044513,2,9,0,8,0,1,0,0,0,0,2,1,6,1,9,2179,2,3,5,1
201331B044713,1,9,0,18,0,4,1,9,3,1,1,1,1,1,6,1997,2,3,2,1
201331B044813,1,19,0,4,0,1,1,0,0,0,1,1,1,1,5,1995,2,2,1,1
201331B044813,2,9,0,10,0,8,0,0,0,0,2,1,6,1,8,1896,2,7,9,1
201331B044813,3,9,0,18,0,1,0,0,0,0,1,1,6,2,6,1299,1,11,8,1
201331B044913,1,9,0,7,0,5,0,0,0,0,4,1,6,2,6,1995,2,8,9,2
201331B044913,2,1,0,18,0,1,0,0,0,0,1,1,6,1,9,-1,-1,-1,2,1
201331B045013,1,9,0,9,0,5,0,0,0,0,1,1,6,2,6,1598,2,2,10,2
201331B045013,2,9,0,18,0,8,0,10,1,11,1,1,2,2,7,1968,2,3,5,1
201331B045013,3,9,0,10,0,8,0,0,0,0,2,1,6,2,7,1598,1,8,9,3
201331B046013,1,9,0,4,0,1,1,0,0,0,1,1,6,2,9,1591,1,-1,2,1
201331B046013,2,9,0,10,0,1,0,0,0,0,2,1,6,2,7,-1,-1,-1,1,1
201331B046113,1,9,0,18,0,8,0,0,0,0,1,1,6,2,7,1997,2,11,2,1
201331B046113,2,1,0,18,0,8,0,0,0,0,1,1,6,2,11,-1,-1,-1,2,1
201331B047713,1,1,0,18,0,4,0,0,0,0,1,1,6,1,8,-1,-1,-1,9,1
201331B047713,2,9,0,9,0,3,0,0,0,0,2,1,6,1,7,1598,1,10,9,1
201331B047913,1,8,0,9,0,5,0,0,0,0,4,1,1,1,10,1896,2,6,10,1
201331B047913,2,3,0,18,0,8,1,0,0,0,1,1,2,1,4,-1,-1,-1,8,3
201331B048013,1,9,0,9,0,6,0,0,3,11,1,1,2,2,8,1590,1,8,8,1
201331B048513,1,19,0,5,9,6,0,0,0,0,1,1,6,1,4,2402,2,10,2,1
201331B048713,1,9,0,16,0,0,1,0,7,0,1,1,6,1,4,1396,1,10,4,3
201331B048713,2,19,0,18,0,0,0,0,0,0,1,1,6,1,6,2198,2,1,6,3
201331B048913,1,19,0,18,0,8,0,0,0,0,3,1,6,1,4,-1,-1,-1,8,1
201331B048913,2,9,0,13,0,8,0,0,0,0,4,1,2,1,8,1956,2,3,8,2
201331B049213,1,3,0,4,0,8,1,0,0,0,1,1,6,2,4,-1,-1,-1,8,2
201331B049213,2,9,0,10,0,5,0,0,0,0,2,1,6,1,6,1870,2,14,6,2
201331B049413,1,9,0,9,0,5,0,0,0,0,4,1,6,1,6,2188,2,14,5,3
201331B049413,2,9,0,18,0,8,0,0,0,0,1,1,6,1,7,1753,2,4,7,1
201331B049613,1,9,0,17,0,0,2,0,1,1,3,1,6,2,5,1242,1,2,8,1
201331B049613,2,9,0,18,0,0,0,0,1,0,3,1,6,1,8,1796,1,9,2,2
201331B050413,1,9,0,18,0,8,0,0,0,0,1,1,6,2,6,1389,1,18,4,1
201331B050413,2,9,0,18,0,8,5,0,1,11,3,1,6,1,8,1199,1,12,3,2
201331B050713,1,9,0,18,0,8,0,0,0,0,1,1,6,2,5,1149,1,3,8,2
201331B050713,2,9,0,9,0,6,0,0,0,0,3,1,2,1,4,1600,1,13,7,3
201331B050813,1,9,0,1,0,5,0,0,0,0,3,1,6,1,6,1910,2,5,4,1
201331B050813,2,5,0,13,0,8,0,0,0,0,1,1,6,1,5,599,1,16,4,1
201331B051613,1,2,0,18,0,2,1,0,0,0,1,1,6,2,4,49,1,1,5,3
201331B051713,1,9,0,16,0,0,1,0,7,1,1,1,6,2,6,-1,-1,-1,3,1
201331B052013,1,10,0,18,0,8,0,0,1,1,1,1,6,1,10,2496,2,13,4,1
201331B052013,2,9,0,4,0,8,0,0,1,0,4,1,1,2,7,2792,1,2,1,1
201331B053113,1,1,0,12,0,0,0,0,0,0,2,1,6,1,3,-1,-1,-1,8,3
201331B053113,2,19,0,13,0,0,1,0,0,0,1,1,2,1,8,1399,1,12,7,3
201331B053513,1,9,0,18,0,1,0,0,0,0,1,1,6,3,-1,-1,-1,-1,-1,-1
201331B054013,1,9,0,18,0,8,0,0,0,0,1,1,6,3,-1,-1,-1,-1,-1,-1
201331B054213,1,9,0,18,0,8,0,0,0,0,3,1,6,1,8,1870,2,13,2,1
201331B054213,2,19,4,9,0,6,0,0,0,0,1,1,1,1,10,2402,2,4,2,1
201331B055813,1,9,0,16,0,0,1,0,7,10,1,1,1,1,6,1896,2,10,5,1
201331B057113,1,11,0,2,0,0,0,0,0,0,0,1,6,1,8,6370,2,12,2,1
201331B057413,1,9,3,9,0,4,0,0,0,0,1,1,6,1,9,2179,2,7,2,1
201331B057413,2,9,0,18,0,8,0,0,0,0,4,1,6,2,4,1296,1,6,2,1
201331B057713,1,9,0,18,0,0,1,0,0,0,3,1,6,1,7,1998,1,6,8,3
201331B057813,1,9,0,18,0,0,1,0,0,0,1,1,2,1,5,1390,1,13,5,1
201331B057813,2,9,0,3,0,0,0,0,0,0,2,1,2,2,5,1399,2,7,6,3
201331B057813,3,9,0,3,0,0,0,0,0,0,2,1,1,1,8,3628,2,3,3,3
201331B057913,1,19,0,9,0,6,0,0,0,0,1,1,1,1,6,2143,2,1,-1,-1
201331B057913,2,9,0,9,0,6,0,0,0,0,4,1,6,2,7,1596,1,12,5,1
201331B058013,1,1,0,5,0,1,1,0,0,0,1,1,6,2,4,-1,-1,-1,9,3
201331B058013,2,19,0,4,0,1,1,0,0,0,4,1,2,1,7,1867,2,9,8,1
201331B058113,1,9,0,9,0,6,0,0,0,0,3,1,1,2,4,-1,-1,-1,5,1
201331B058113,2,9,0,18,0,8,1,0,7,0,1,1,1,1,7,1995,2,1,-1,-1
201331B058813,1,9,0,18,0,0,2,4,0,0,1,1,6,1,4,-1,-1,-1,7,1
201331B058813,2,9,0,2,0,0,0,0,0,0,1,1,6,3,-1,1587,1,17,-1,-1
201331B059313,1,9,0,18,0,4,0,9,1,7,1,1,1,1,9,1995,2,1,2,1
201331B059713,1,9,0,6,0,0,0,0,0,0,1,1,6,1,7,1598,6,15,1,1
201331B059713,2,9,0,13,0,0,0,0,0,0,4,1,6,2,4,1984,1,6,8,1
201331B060513,1,1,0,18,0,0,0,0,0,0,3,1,2,1,9,-1,-1,-1,8,1
201331B060513,2,21,0,13,0,0,0,0,0,0,4,1,1,1,8,10308,2,5,1,2
201331B060713,1,1,0,18,0,2,0,0,0,0,1,1,6,1,4,-1,-1,-1,7,1
201331B060713,2,9,0,18,0,2,0,0,0,0,2,1,6,3,-1,-1,-1,-1,-1,-1
201331B062413,1,9,0,18,0,2,5,4,0,0,1,1,6,2,11,1149,1,7,3,3
201331B062413,2,9,0,2,0,2,0,0,1,2,2,1,6,3,-1,1198,1,8,-1,-1
201331B062613,1,9,0,6,0,8,0,0,0,0,0,1,6,1,7,1995,2,2,7,1
201331B062613,2,9,0,18,0,8,0,0,7,9,3,1,6,2,5,1248,2,5,5,1
201331B063313,1,19,0,16,0,0,0,0,0,0,1,1,2,1,8,1870,2,8,4,1
201331B063313,2,9,0,17,0,0,0,0,1,9,1,1,2,2,8,998,1,15,5,3
201331B063313,3,9,0,17,0,0,0,0,0,0,1,1,2,2,7,2720,2,8,5,3
201331B063413,1,9,0,18,0,0,5,0,1,10,1,1,6,1,5,1598,1,4,8,1
201331B063513,1,9,0,13,0,8,0,0,7,9,3,1,6,1,11,1299,1,15,6,1
201331B063513,2,21,0,7,0,6,0,0,0,0,1,1,1,1,10,-1,2,9,7,3
201331B063913,1,9,0,5,0,8,0,0,0,0,4,1,6,1,10,1968,2,7,7,3
201331B063913,2,9,0,18,0,8,0,0,0,0,1,1,6,2,7,3628,2,5,7,3
201331B064113,1,9,0,18,0,4,0,0,0,0,1,1,1,1,10,1997,2,7,9,3
201331B064113,2,9,0,18,0,8,0,0,0,0,4,1,1,1,7,1582,2,3,8,1
201331B065013,1,9,0,7,0,5,1,0,1,10,1,1,6,2,8,1796,1,12,1,1
201331B065113,1,9,0,9,0,5,0,0,0,0,4,1,6,1,10,1598,1,12,5,1
201331B065113,2,19,0,18,0,8,0,0,1,4,1,1,1,1,4,2143,2,2,8,3
201331B066013,1,9,0,16,0,0,0,0,0,0,1,1,1,2,5,998,1,3,4,3
201331B066013,2,1,0,12,0,0,0,0,0,0,4,1,6,1,5,-1,-1,-1,-1,-1
201331B066713,1,9,0,16,0,0,2,0,7,4,1,1,2,1,4,1242,1,12,6,2
201331B068113,1,9,0,18,0,0,0,10,1,1,1,1,6,1,8,1560,2,2,4,1
201331B068213,1,9,0,18,0,1,0,0,0,0,1,1,6,2,7,998,1,1,5,1
201331B068213,2,9,0,18,0,1,0,0,0,0,2,1,6,1,10,1560,2,1,6,2
201331B068513,1,9,0,1,9,1,0,0,0,0,2,1,6,2,8,1896,2,6,-1,-1
201331B068813,1,9,0,9,0,6,0,0,0,0,1,1,6,2,8,2231,2,7,6,2
201331B068813,2,9,0,17,0,8,0,0,0,0,1,1,6,2,5,1364,1,5,7,3
201331B069113,1,5,0,17,0,0,0,10,1,9,1,1,6,1,8,1052,1,12,9,1
201331B069313,1,9,0,18,0,0,0,12,0,0,1,1,6,1,8,1587,1,15,3,2
201331B069613,1,9,0,18,0,0,2,0,7,10,1,1,6,1,5,1781,1,12,-1,-1
201331B069913,1,9,0,2,0,0,0,0,0,0,2,1,6,1,6,2967,2,2,5,3
201331B069913,2,9,0,2,0,0,0,0,0,0,2,1,2,1,6,1198,1,-1,7,1
201331B069913,3,9,0,18,0,0,1,0,0,0,1,1,6,1,8,1598,1,8,1,1
201331B070113,1,9,0,17,0,0,2,0,7,0,1,1,6,1,4,1242,1,14,1,2
201331B070213,1,9,0,1,0,6,0,0,0,0,2,1,6,3,-1,-1,-1,-1,-1,-1
201331B070213,2,9,0,3,0,2,0,0,0,0,2,1,2,2,8,1198,1,-1,8,3
201331B070613,1,8,0,3,0,1,0,0,0,0,1,1,1,1,8,2402,2,9,2,2
201331B070613,2,9,0,3,0,1,0,0,0,0,2,1,2,1,4,1242,1,6,8,1
201331B070613,3,9,0,3,0,1,0,0,0,0,2,1,6,1,6,1360,1,7,3,1
201331B071213,1,9,0,18,0,0,1,0,1,9,2,1,6,2,6,1299,1,7,8,1
201331B071313,1,9,0,18,0,0,0,0,0,0,1,1,6,1,9,1587,1,8,1,1
201331B071313,2,9,0,4,0,0,0,0,0,0,2,1,6,1,8,1686,2,2,2,2
201331B072013,1,19,0,18,0,1,0,0,0,0,1,1,6,1,9,2459,2,15,3,1
201331B072013,2,9,0,8,0,1,0,0,0,0,2,1,6,2,9,1248,2,7,9,1
201331B073713,1,9,0,16,0,0,0,0,0,0,1,1,6,1,5,1229,1,7,3,1
201331B073713,2,9,0,17,0,0,0,0,0,0,1,1,1,1,6,-1,-1,-1,8,1
201331B074813,1,19,0,9,0,6,0,0,0,0,1,1,1,1,6,-1,-1,-1,8,1
201331B074813,2,9,0,18,0,1,0,0,0,0,1,1,6,2,8,1598,1,12,4,3
201331B075113,1,9,0,18,0,4,0,0,0,0,1,1,6,1,9,1461,2,4,8,1
201331B075113,2,9,0,9,0,3,0,0,0,0,1,1,6,2,5,1910,2,5,4,3
201331B075413,1,9,0,18,0,2,0,0,0,0,1,1,6,1,8,1390,1,7,7,3
201331B075413,2,19,0,3,0,2,0,0,0,0,2,1,1,1,7,2148,2,4,5,1
201331B075413,3,9,0,3,0,2,0,0,0,0,2,1,6,2,7,1388,1,10,7,1
201331B076213,1,19,0,18,0,3,0,0,0,0,4,1,1,1,6,2198,2,1,6,1
201331B076213,2,21,1,18,0,3,0,0,0,0,3,2,1,1,6,-1,-1,-1,-1,-1
201331B076913,1,19,0,18,0,0,0,0,0,0,1,1,2,1,8,2299,2,3,7,3
201331B076913,2,9,0,18,0,0,0,0,1,11,2,1,6,2,7,1397,1,4,8,1
201331B077113,1,9,0,18,0,1,0,0,0,0,1,1,6,3,-1,-1,-1,-1,-1,-1
201331B077113,2,9,0,8,0,1,0,0,0,0,2,1,6,1,6,1984,1,6,5,1
201331B077613,1,9,0,18,0,1,0,0,0,0,1,1,6,1,9,-1,-1,-1,2,2
201331B077613,2,9,0,3,0,8,0,0,0,0,2,1,1,2,9,2494,1,9,5,1
201331B077613,3,9,0,10,0,8,0,0,0,0,2,1,1,2,6,1997,2,8,8,2
201331B078913,1,9,0,9,0,6,0,0,7,0,1,1,6,1,6,1206,1,1,1,1
201331B078913,2,9,0,18,0,1,0,0,7,0,1,1,1,2,5,973,1,10,4,3
201331B079213,1,9,0,9,0,6,0,0,0,0,1,1,6,1,4,1388,1,11,3,1
201331B079213,2,9,0,14,0,8,0,0,7,11,3,1,6,1,7,1590,1,14,2,1
201331B079613,1,9,0,7,0,6,0,0,0,0,1,1,3,2,6,999,1,14,2,1
201331B079613,2,1,0,18,0,8,0,0,0,0,1,1,4,2,3,-1,-1,-1,-1,-1
201331B079713,1,5,0,18,0,1,0,0,0,0,4,1,6,1,7,999,1,13,8,2
201331B080213,1,9,0,7,0,5,0,0,0,0,1,1,6,3,-1,-1,-1,-1,-1,-1
201331B080213,2,1,0,7,0,5,0,0,0,0,2,1,6,1,4,-1,-1,-1,5,1
201331B081013,1,9,0,18,0,1,0,0,0,0,1,1,6,1,-1,1598,1,7,8,1
201331B081013,2,9,0,4,0,1,0,0,0,0,2,1,6,1,-1,1968,2,9,-1,-1
201331B081913,1,9,0,9,0,5,0,0,0,0,3,1,6,2,8,998,1,-1,5,3
201331B081913,2,5,0,13,0,8,1,0,0,0,1,1,6,1,6,998,1,10,5,1
201331B082113,1,3,0,18,0,8,0,0,0,0,1,1,6,1,-1,-1,-1,-1,6,1
201331B082113,2,9,0,9,0,5,0,0,0,0,4,1,6,1,8,1761,1,14,5,1
201331B082313,1,9,0,4,0,0,0,0,0,0,2,1,6,2,10,1596,1,10,2,2
201331B082313,2,19,0,18,0,0,0,0,0,0,1,1,1,1,4,2402,2,12,4,2
201331B082613,1,19,0,18,0,0,0,0,0,0,1,1,1,1,6,-1,-1,-1,6,1
201331B082613,2,9,0,18,0,0,2,0,5,6,3,1,2,2,9,1229,1,7,3,2
201331B083313,1,1,0,17,0,0,0,0,0,0,1,1,6,1,7,-1,-1,-1,9,2
201331B083313,2,9,0,16,0,0,1,0,1,10,1,1,6,1,-1,1796,1,11,2,1
201331B083813,1,9,0,1,0,8,0,0,0,0,2,1,2,3,-1,1968,2,6,-1,-1
201331B083813,2,3,0,8,0,1,0,0,0,0,1,1,2,1,4,124,1,7,6,2
201331B084213,1,9,0,18,0,1,0,0,0,0,1,1,6,1,6,1199,1,13,2,2
201331B084213,2,19,0,10,0,8,0,0,0,0,1,1,6,2,7,1686,2,11,8,2
201331B085113,1,9,0,18,0,0,5,0,1,1,1,1,2,1,4,1242,1,6,9,2
201331B085413,1,9,0,7,0,5,0,0,0,0,1,1,6,1,4,973,1,12,8,1
201331B085713,1,9,0,17,0,0,1,0,2,7,3,1,2,2,5,1149,1,12,1,1
201331B085713,2,10,0,16,0,0,0,0,0,0,3,1,1,1,9,2198,2,1,2,1
201331B086113,1,9,0,5,0,2,0,0,0,0,1,1,6,1,9,1598,2,1,6,1
201331B086113,2,9,0,18,0,2,0,0,0,0,4,1,2,1,6,1242,1,10,9,3
201331B086213,1,9,0,18,0,0,0,0,0,0,1,1,6,1,4,1698,2,12,5,1
201331B086213,2,9,0,18,0,0,0,0,0,0,1,1,6,1,9,1390,1,13,8,2
201331B086613,1,8,0,18,0,2,0,0,0,0,3,1,1,1,6,-1,-1,-1,-1,-1
201331B087313,1,17,0,18,0,4,0,0,0,0,1,1,1,1,6,-1,2,1,8,1
201331B087313,2,9,0,4,0,4,0,0,0,0,2,1,6,1,8,1994,2,11,6,2
201331B087613,1,9,0,17,0,0,2,0,1,9,1,1,6,2,4,1149,1,7,8,1
201331B087813,1,9,0,13,0,0,0,0,0,0,4,1,6,1,9,1991,2,4,3,2
201331B087813,2,1,0,18,0,0,0,0,0,0,3,1,6,1,7,-1,-1,-1,3,2
201331B087913,1,9,0,18,0,1,0,0,0,0,1,1,6,1,-1,2993,2,1,-1,-1
201331B087913,2,9,0,3,0,1,0,0,0,0,2,1,1,1,8,-1,-1,-1,-1,-1
201331B088013,1,5,0,13,0,2,1,0,7,9,3,1,6,1,6,748,1,15,6,1
201331B088013,2,19,0,16,0,2,0,0,0,0,0,1,6,1,8,2198,2,2,-1,-1
201331B090113,1,9,0,9,0,6,0,0,0,0,1,2,6,1,5,-1,-1,-1,-1,-1
201331B090113,2,90,0,18,0,8,0,0,0,0,1,1,1,2,7,2999,2,1,9,1
201331B090513,1,9,0,18,0,1,0,0,0,0,1,1,6,1,-1,1997,2,9,4,3
201331B090513,2,9,0,3,0,1,0,0,0,0,2,1,2,1,9,1598,2,2,-1,-1
201331B090613,1,9,0,17,0,8,0,0,0,0,2,1,6,1,-1,1596,1,7,10,2
201331B090613,2,3,0,18,0,8,0,0,0,0,1,1,6,1,4,125,1,8,8,2
201331B090713,1,9,0,18,0,1,0,0,1,0,1,2,1,1,6,-1,-1,-1,-1,-1
201331B090713,2,19,4,12,0,6,0,0,0,0,2,1,1,1,7,2402,2,12,-1,-1
201331B090813,1,9,0,16,0,0,2,0,2,9,1,1,6,1,7,1587,1,8,6,1
201331B090913,1,9,0,18,0,1,1,0,0,0,1,1,1,2,-1,1149,1,4,6,1
201331B090913,2,9,0,10,0,8,0,0,0,0,2,1,1,1,7,1997,2,9,5,3
201331B091313,1,19,0,9,0,6,0,0,1,11,3,1,1,1,7,1461,2,10,2,1
201331B091313,2,9,0,18,0,8,0,0,1,11,1,1,6,1,6,2494,1,14,-1,-1
201331B091513,1,9,0,18,0,1,0,0,0,0,1,1,6,1,11,1598,1,1,5,1
201331B091613,1,9,0,18,0,0,5,10,1,2,1,1,3,2,7,1598,1,8,8,2
201331B092913,1,9,0,9,0,5,0,0,0,0,4,1,2,1,5,1781,1,11,6,1
201331B092913,2,9,0,18,0,8,1,0,0,0,1,1,1,1,7,1995,2,3,6,2
201331B094313,1,9,0,3,0,0,0,0,0,0,2,1,6,1,10,1896,2,10,5,2
201331B094313,2,9,0,18,0,0,1,0,0,0,1,1,6,1,9,1497,1,12,5,1
201331B094313,3,9,0,18,0,0,1,0,0,0,1,1,6,2,9,1596,1,-1,2,1
201331B094713,1,19,0,18,7,0,0,4,0,0,4,1,2,1,4,2402,2,4,1,1
201331B094713,2,21,1,2,6,0,0,0,0,0,3,2,1,1,9,-1,-1,-1,-1,-1
201331B094813,1,9,0,14,0,8,0,0,0,0,4,1,2,2,8,1997,2,5,3,1
201331B094813,2,90,0,18,0,6,0,0,0,0,1,1,1,1,6,-1,-1,-1,-1,-1
201331B095013,1,9,0,4,0,0,0,0,0,0,1,1,6,2,5,1360,1,4,10,3
201331B095013,2,9,0,3,0,0,0,0,0,0,2,1,6,1,4,998,1,5,9,2
201331B095013,3,19,0,3,0,0,0,0,0,0,2,1,1,1,9,2143,2,1,6,3
201331B095413,1,9,0,13,0,0,2,10,1,0,4,1,6,2,4,998,1,12,4,3
201331B095813,1,9,0,4,0,1,1,0,0,0,1,1,2,1,5,2521,1,4,6,2
201331B095813,2,9,0,4,0,1,0,0,0,0,2,1,1,1,4,998,1,-1,3,1
201331B095813,3,9,0,9,0,5,0,0,0,0,0,1,6,3,-1,-1,-1,-1,-1,-1
201331B095913,1,9,0,1,0,1,0,0,0,0,2,1,1,1,7,-1,-1,-1,-1,-1
201331B096213,1,19,0,4,0,1,0,0,0,0,1,1,1,1,7,2198,2,1,1,1
201331B096213,2,9,0,10,0,1,0,0,0,0,2,1,1,1,7,1796,1,1,4,1
201331B097013,1,9,0,18,0,0,0,0,1,0,1,1,6,1,7,4701,1,12,8,3
201331B097013,2,19,0,18,0,0,0,0,1,11,3,1,1,1,9,2953,2,8,3,1
201331B098313,1,9,0,9,0,5,0,0,0,0,3,1,6,2,-1,1390,1,10,6,3
201331B098313,2,9,0,13,0,8,0,0,0,0,1,1,6,1,4,1199,1,14,7,3
201331B098813,1,9,0,18,0,0,0,0,0,0,1,1,6,1,8,2143,2,1,10,1
201331B098813,2,9,0,4,0,0,0,0,5,6,2,1,6,2,8,1149,1,3,4,3
201331B099013,1,9,0,18,0,8,0,0,0,0,1,1,6,1,5,1199,1,11,1,1
201331B099013,2,9,0,18,0,8,0,0,0,0,4,1,6,1,10,1497,1,10,2,1
201331B099913,1,9,0,16,0,0,0,0,0,0,1,1,6,1,6,1388,1,14,1,1
201331B099913,2,9,0,17,0,0,0,0,0,0,1,1,6,1,9,2958,2,6,8,3
201331B101013,1,9,0,18,0,0,0,0,0,0,1,1,1,2,7,1229,1,8,5,1
201331B101013,2,9,0,3,0,0,0,0,0,0,2,1,6,1,4,1248,2,1,6,1
201331B101413,1,9,0,17,0,0,2,0,1,9,1,2,2,2,6,1368,1,4,7,2
201331B101413,2,9,0,16,0,0,0,0,0,0,0,1,6,3,-1,-1,-1,-1,-1,-1
201331B101513,1,9,0,18,0,0,5,0,7,10,1,1,6,1,4,1461,2,9,9,2
201331B101713,1,20,0,7,0,5,0,0,0,0,1,1,1,2,7,6370,2,10,5,3
201331B101713,2,1,0,18,0,8,0,0,0,0,3,1,4,1,3,-1,-1,-1,9,1
201331B105613,1,9,0,10,0,8,0,0,0,0,2,1,6,2,8,1390,1,9,2,2
201331B105613,2,20,0,16,0,8,0,0,0,0,1,1,1,1,8,6870,2,1,1,1
201331B105713,1,19,0,17,0,8,0,0,0,0,1,1,1,1,6,2198,2,2,1,1
201331B105713,2,9,0,18,0,3,5,0,0,0,4,1,2,1,6,1461,2,1,9,3
201331B105913,1,9,0,1,9,1,0,0,0,0,2,1,6,1,-1,2198,1,12,3,1
201331B105913,2,9,0,3,0,8,0,0,0,0,3,1,6,2,7,1997,1,18,3,1
201331B106213,1,9,0,18,0,0,0,0,0,0,1,1,2,2,5,1299,1,11,3,1
201331B106213,2,9,0,3,0,0,0,0,0,0,2,1,2,2,9,2400,2,3,7,1
201331B106413,1,9,0,18,0,2,0,0,0,0,1,1,2,2,8,-1,-1,-1,7,3
201331B106413,2,1,0,18,0,2,0,0,0,0,1,1,6,1,2,-1,-1,-1,-1,-1
201331B107013,1,9,0,14,0,8,0,0,0,0,1,1,6,1,5,1870,2,9,7,3
201331B107013,2,10,0,9,0,6,0,0,0,0,1,1,1,1,9,2198,2,6,2,1
201331B107913,1,9,0,18,0,2,0,0,0,0,3,1,6,2,7,1560,2,-1,7,3
201331B107913,2,9,0,18,0,1,0,0,0,0,3,1,6,1,11,1343,1,11,6,2
201331B108513,1,21,1,18,0,0,1,10,7,4,1,1,1,1,7,12777,2,7,2,2
201331B108513,2,9,0,18,0,0,0,0,0,0,1,1,6,2,7,1598,1,4,9,1
201331B108513,3,19,0,18,0,0,0,0,0,0,2,1,1,1,6,2496,2,14,1,1
201331B109113,1,9,0,7,0,5,1,0,1,2,3,1,6,2,9,-1,-1,-1,10,1
201331B112413,1,9,0,13,0,8,0,0,0,0,1,1,6,1,9,1242,1,16,2,1
201331B112413,2,9,0,7,0,6,0,0,0,0,1,1,6,1,7,1968,2,6,1,1
201331B112413,3,9,0,18,0,2,0,0,0,0,0,1,6,3,-1,-1,-1,-1,-1,-1
201331B112713,1,9,0,14,0,0,0,0,0,0,1,1,6,2,5,1598,1,7,2,1
201331B112913,1,19,0,13,0,0,0,0,0,0,4,1,6,3,-1,-1,-1,-1,-1,-1
201331B112913,2,1,0,18,0,0,0,0,1,0,3,1,6,1,10,-1,-1,-1,9,2
201331B113613,1,19,0,17,0,0,0,0,0,0,3,1,6,1,7,2463,2,7,7,3
201331B113613,2,9,0,16,0,0,0,0,0,0,3,1,6,2,8,2148,2,11,7,1
201331B114813,1,9,0,18,0,0,0,0,0,0,1,1,6,1,8,1995,1,7,7,3
201331B114813,2,9,0,5,0,0,0,0,0,0,4,1,1,1,8,1995,2,2,9,1
201331B114813,3,19,0,3,0,0,0,0,0,0,4,1,6,1,9,1995,2,3,2,1