Accident_Index,Vehicle_Reference,Vehicle_Type,Towing_and_Articulation,Vehicle_Manoeuvre,Vehicle_Location-Restricted_Lane,Junction_Location,Skidding_and_Overturning,Hit_Object_in_Carriageway,Vehicle_Leaving_Carriageway,Hit_Object_off_Carriageway,1st_Point_of_Impact,Was_Vehicle_Left_Hand_Drive?,Journey_Purpose_of_Driver,Sex_of_Driver,Age_Band_of_Driver,Engine_Capacity_(CC),Propulsion_Code,Age_of_Vehicle,Driver_IMD_Decile,Driver_Home_Area_Type
201331B201113,2,9,0,9,0,5,0,0,0,0,1,1,2,2,8,2979,1,11,2,1
201331B201513,1,9,0,18,0,0,2,0,1,2,3,1,6,1,9,1364,1,3,-1,-1
201331B201713,1,19,0,5,0,1,0,0,0,0,1,1,1,1,6,-1,-1,-1,2,1
201331B201713,2,9,0,3,0,1,0,0,0,0,2,1,2,2,5,1598,1,12,2,1
201331B201813,1,9,0,12,0,0,0,0,0,0,3,1,6,1,-1,1598,2,-1,-1,-1
201331B201813,2,9,0,18,0,0,0,0,0,0,4,1,6,1,8,3996,1,15,6,1
201331B201913,1,11,0,18,0,1,0,0,0,0,0,1,1,1,7,10518,2,6,1,2
201331B201913,2,1,0,18,0,1,0,0,1,11,1,1,2,1,4,-1,-1,-1,7,2
201331B204913,1,9,0,17,0,0,0,0,1,11,1,1,6,1,4,1390,1,12,2,1
201331B205013,1,9,0,7,0,6,0,0,0,0,0,1,6,1,10,1796,1,4,4,2
201331B205013,2,3,0,18,0,1,1,0,0,0,1,1,6,1,5,-1,-1,-1,4,2
201331B206013,1,9,0,5,0,1,0,0,0,0,1,1,6,1,8,2993,2,1,7,2
201331B206013,2,9,0,3,0,1,0,0,0,0,2,1,6,1,7,1560,2,6,6,1
201331B206213,1,9,0,13,0,1,0,0,0,0,4,1,6,1,8,1689,2,11,1,2
201331B206213,2,11,0,4,0,1,0,0,0,0,3,1,1,1,6,8268,2,10,2,1
201331B206513,1,9,0,7,0,5,0,0,0,0,1,1,2,2,7,1997,2,10,6,2
201331B206513,2,1,0,18,0,1,0,0,0,0,1,1,6,1,11,-1,-1,-1,6,2
201331B206813,1,9,0,18,0,1,0,0,0,0,1,1,6,1,6,1397,1,5,8,1
201331B206813,2,9,0,10,0,5,0,0,0,0,2,1,6,2,-1,1596,1,3,4,1
201331B207313,1,9,0,9,0,4,0,0,0,0,3,1,1,2,8,4196,1,9,2,1
201331B207313,2,9,0,18,0,8,0,0,0,0,1,1,1,1,6,1753,2,2,1,1
201331B207613,1,9,0,18,0,8,0,0,1,10,3,1,1,1,6,1560,2,3,6,2
201331B207613,2,9,0,9,0,6,0,0,0,0,4,1,1,2,7,1598,1,7,1,2
201331B207813,1,19,0,7,0,3,0,0,0,0,4,1,1,1,8,1998,2,8,2,1
201331B207813,2,9,0,18,0,8,0,0,0,0,3,1,6,2,7,1198,1,9,5,1
201331B208113,1,9,0,18,0,1,0,0,0,0,1,1,6,2,8,1149,1,11,6,2
201331B209613,1,9,0,4,0,0,1,0,0,0,1,1,6,1,4,2987,2,7,5,3
201331B209613,2,9,0,3,0,0,0,0,0,0,2,1,6,2,6,1968,2,1,5,1
201331B209613,3,9,0,3,0,0,0,0,0,0,2,1,1,1,7,1986,2,6,1,1
201331B209613,4,9,0,3,0,0,0,0,0,0,2,1,2,1,6,2664,2,10,2,1
201331B209713,1,19,0,5,0,2,0,0,0,0,4,1,6,1,5,1248,2,1,-1,-1
201331B209713,2,2,0,18,0,2,0,0,0,0,1,1,6,1,9,49,1,2,6,1
201331B210413,1,19,0,18,0,1,0,0,0,0,1,1,1,1,6,2143,2,-1,6,2
201331B210413,2,9,0,3,0,4,0,0,0,0,2,1,6,2,8,1199,1,9,7,3
201331B211113,1,19,0,9,0,5,0,0,7,11,4,1,6,1,6,1686,2,7,5,1
201331B211113,2,9,0,18,0,8,0,0,0,0,1,1,6,2,4,1199,1,9,6,1
201331B211213,1,9,0,13,0,0,0,0,7,9,1,1,2,2,5,1364,2,8,7,3
201331B211213,2,9,0,18,0,0,0,0,0,0,1,1,2,1,5,1796,1,12,2,1
201331B211213,3,9,0,18,0,0,0,0,1,0,1,1,2,2,7,1398,2,11,7,2
201331B211313,1,11,0,7,0,3,0,0,0,0,1,1,6,1,7,9360,2,1,2,1
201331B212413,1,9,0,14,0,0,0,4,0,0,1,1,6,2,9,1364,1,5,7,3
201331B212413,2,9,0,2,0,0,0,0,0,0,2,1,6,3,-1,1997,1,11,-1,-1
201331B212513,1,9,0,9,0,6,0,0,0,0,3,1,6,1,8,2544,1,13,5,1
201331B212513,2,9,0,18,0,8,0,0,0,0,1,1,6,2,4,1997,2,13,8,1
201331B213113,1,19,0,12,0,0,0,0,0,0,0,1,1,3,-1,-1,-1,-1,-1,-1
201331B213113,2,20,1,18,0,0,0,0,0,0,2,1,1,1,6,-1,-1,-1,-1,-1
201331B213113,3,9,0,18,0,0,1,0,0,0,1,1,6,1,6,1149,1,5,7,1
201331B213113,4,21,1,18,0,0,0,0,0,0,0,1,6,1,7,12777,2,6,3,1
201331B213113,5,21,1,18,0,0,0,0,0,0,1,2,1,1,7,-1,-1,-1,-1,-1
201331B213113,6,21,1,18,0,0,0,0,0,0,1,1,1,1,7,-1,2,2,-1,-1
201331B213413,1,9,0,9,0,6,0,0,0,0,1,1,2,1,5,1124,1,12,1,1
201331B213413,2,9,0,18,0,8,0,0,0,0,4,1,2,1,4,1229,1,-1,5,2
201331B214613,1,5,0,13,0,8,1,0,0,0,1,1,6,1,5,599,1,15,2,1
201331B214613,2,9,0,6,0,8,0,0,0,0,3,1,6,2,8,1587,1,6,10,1
201331B214713,1,5,0,18,0,0,0,0,1,11,1,1,6,1,7,750,1,14,6,3
201331B214913,1,19,0,18,0,2,5,7,0,0,1,1,1,1,9,1870,2,10,6,1
201331B215113,1,9,0,14,0,0,0,0,0,0,1,1,6,1,6,1124,1,7,3,1
201331B215313,1,3,0,18,0,0,0,0,0,0,1,1,6,1,4,125,1,1,4,3
201331B215313,2,3,0,2,0,0,0,0,0,0,2,1,6,1,4,124,1,19,3,1
201331B216113,1,9,0,4,9,1,0,0,0,0,1,1,6,2,7,1998,2,9,-1,-1
201331B216213,1,9,0,4,0,0,0,0,0,0,1,1,1,1,6,1995,2,2,9,1
201331B216213,2,9,0,4,0,0,0,0,4,6,2,1,6,1,6,1397,1,3,-1,-1
201331B217013,1,9,0,18,0,3,1,0,8,7,1,1,6,1,5,3246,1,10,8,1
201331B217313,1,9,0,9,0,5,0,0,1,11,1,1,6,1,9,1998,2,11,4,2
201331B217413,1,9,0,18,0,0,0,0,5,6,3,1,6,1,9,1997,1,6,10,1
201331B217613,1,9,0,18,0,0,1,0,7,3,3,1,6,1,5,1984,1,8,9,2
201331B217713,1,19,0,13,0,0,2,0,7,11,1,1,6,1,6,-1,-1,-1,3,1
201331B217713,2,9,0,18,0,0,0,0,0,0,2,1,6,1,11,1997,2,1,9,3
201331B218513,1,21,1,18,0,0,1,0,0,0,1,1,1,1,7,12900,2,1,7,3
201331B218513,2,21,1,18,0,0,0,0,0,0,1,1,1,1,8,11705,2,5,8,1
201331B218513,3,9,0,18,0,0,0,0,0,0,1,1,6,1,6,1968,2,6,10,1
201331B218513,4,9,0,3,0,0,0,0,0,0,2,1,6,1,4,1124,1,8,7,1
201331B218513,5,9,0,3,0,0,0,0,0,0,2,1,6,1,7,1596,1,2,-1,-1
201331B219413,1,9,0,9,0,6,0,0,0,0,1,1,6,1,11,998,1,-1,7,3
201331B219413,2,9,0,18,0,8,0,0,0,0,4,1,1,1,7,2993,2,-1,6,3
201331B221113,1,9,0,18,0,8,0,0,0,0,1,1,1,1,6,1796,1,7,-1,-1
201331B221113,2,9,0,18,0,8,0,0,0,0,3,1,6,1,5,1598,1,14,-1,-1
201331B221413,1,9,0,18,0,0,0,0,0,0,1,1,6,2,4,1124,1,13,6,2
201331B221413,2,9,0,4,0,0,0,0,0,0,2,1,6,2,6,1339,1,2,3,2
201331B221513,1,9,0,9,0,5,0,0,0,0,4,1,6,2,10,1390,1,1,7,1
201331B221513,2,20,0,18,0,8,0,0,0,0,1,1,1,1,9,4580,2,6,7,3
201331B221813,1,9,0,13,0,8,0,0,0,0,1,1,1,1,9,1388,1,5,2,1
201331B221813,2,17,4,9,0,5,0,0,0,0,2,1,6,1,4,6788,2,3,8,3
201331B221913,1,9,0,14,0,0,0,0,0,0,1,1,6,1,6,-1,-1,-1,2,3
201331B221913,2,9,0,2,0,0,0,0,0,0,2,1,6,2,-1,1299,1,14,8,1
201331B222213,1,9,0,9,0,4,0,0,0,0,3,1,6,2,10,1396,1,10,8,2
201331B222213,2,9,0,18,0,8,0,0,0,0,1,1,6,2,7,1398,1,1,5,1
201331B222713,1,9,0,18,0,0,0,0,0,0,1,1,6,1,8,1685,2,-1,2,1
201331B223813,1,9,0,18,0,1,0,0,0,0,1,1,6,1,8,1360,1,10,3,2
201331B224513,1,9,0,13,0,8,0,0,1,1,4,1,6,1,8,2993,2,1,7,3
201331B224513,2,21,1,18,0,8,0,0,0,0,1,1,1,1,6,10518,2,5,4,2
201331B224813,1,9,0,7,0,6,0,0,0,0,3,1,6,1,9,1596,1,3,6,1
201331B224813,2,2,0,18,0,8,0,0,0,0,1,1,2,1,8,49,1,-1,8,3
201331B225313,1,9,0,18,0,0,0,4,0,0,1,1,6,1,11,2497,1,9,8,3
201331B225313,2,17,5,2,0,0,0,0,0,0,1,1,1,1,7,-1,2,19,6,2
201331B225713,1,9,0,4,0,0,0,0,0,0,1,1,6,1,-1,-1,-1,-1,-1,-1
201331B225713,2,9,0,3,0,0,0,0,0,0,2,1,2,1,4,1560,2,3,-1,-1
201331B229313,1,8,0,9,0,5,0,0,0,0,1,1,1,1,7,1997,2,3,-1,-1
201331B229313,2,9,0,18,0,8,0,0,0,0,3,1,6,1,7,1598,1,14,1,1
201331B229913,1,9,0,4,0,1,0,0,0,0,1,1,6,1,-1,1598,2,2,-1,-1
201331B229913,2,9,0,4,0,1,0,0,0,0,2,1,2,2,5,2198,1,8,3,1
201331B230713,1,9,0,18,0,0,0,0,0,0,3,1,2,2,6,1242,1,15,3,1
201331B230713,2,9,0,18,0,0,0,0,1,9,3,1,1,2,8,999,1,2,7,1
201331B230813,1,1,0,18,5,8,0,0,0,0,0,1,6,3,-1,-1,-1,-1,-1,-1
201331B230813,2,1,0,18,5,8,0,0,1,10,4,1,6,1,3,-1,-1,-1,10,1
201331B231113,1,3,0,7,0,1,1,0,0,0,3,1,2,1,9,125,1,7,2,1
201331B231213,1,9,0,18,0,0,0,4,0,0,1,1,6,1,11,1753,2,14,2,3
201331B231213,2,21,1,2,0,0,0,0,0,0,2,1,1,1,8,11946,2,1,1,1
201331B231513,1,22,0,18,0,8,0,0,0,0,3,1,6,1,8,-1,-1,-1,2,2
201331B231513,2,9,0,18,0,8,0,0,0,0,1,1,6,1,8,1560,2,-1,2,2
201331B231713,1,9,0,9,0,5,0,0,0,0,4,1,6,1,6,1598,1,5,1,1
201331B231713,2,9,0,17,0,8,0,0,0,0,3,1,2,1,7,1796,1,13,2,1
201331B231913,1,1,0,18,0,1,0,0,0,0,1,1,4,2,3,-1,-1,-1,2,1
201331B231913,2,9,0,4,0,1,0,0,0,0,4,1,6,2,8,1390,1,10,6,1
201331B232113,1,21,1,12,0,0,1,0,0,0,3,2,1,1,7,-1,-1,-1,-1,-1
201331B232113,2,9,0,18,0,0,1,0,1,0,4,1,2,2,7,1968,2,2,6,3
201331B232313,1,9,0,16,0,0,1,0,1,0,1,1,6,1,4,1596,1,12,7,2
201331B233013,1,9,0,1,0,6,0,0,0,0,3,1,6,2,5,1242,1,8,8,2
201331B233613,1,9,0,17,0,0,0,0,1,4,1,1,6,1,11,1560,2,4,6,1
201331B233713,1,9,0,18,0,0,0,7,7,0,1,1,6,1,11,1400,2,7,5,2
201331B235513,1,9,0,7,0,8,0,0,0,0,1,1,1,1,8,1995,2,6,7,1
201331B235513,2,9,0,7,0,8,0,0,0,0,2,1,1,1,6,1242,1,7,2,2
201331B235513,3,21,1,1,0,8,0,0,0,0,0,1,1,1,-1,11705,2,5,-1,-1
201331B236413,1,9,0,18,0,0,5,0,1,11,1,1,6,1,6,1360,1,4,2,1
201331B236513,1,9,0,17,0,0,2,0,1,9,1,1,6,1,5,-1,-1,-1,-1,-1
201331B236813,1,9,0,18,0,1,0,0,0,0,2,1,6,1,10,1597,2,-1,5,2
201331B236813,2,9,0,18,0,1,0,0,0,0,1,1,1,1,8,2494,1,8,9,3
201331B236813,3,19,0,9,0,5,0,0,0,0,0,1,6,3,-1,-1,-1,-1,-1,-1
201331B236913,1,9,0,9,0,6,0,0,0,0,3,1,1,2,6,2000,2,8,3,1
201331B236913,2,9,0,18,0,8,0,0,0,0,1,1,1,2,6,2993,2,6,10,1
201331B237013,1,9,0,9,0,5,0,0,0,0,1,1,6,2,8,1997,2,6,5,1
201331B237013,2,9,0,18,0,8,0,0,0,0,1,1,6,2,7,-1,-1,-1,7,3
201331B237113,1,9,0,4,0,1,0,0,0,0,1,1,6,2,8,1598,1,3,5,1
201331B237113,2,9,0,8,0,1,0,0,0,0,2,1,6,2,6,998,1,6,9,1
201331B238513,1,9,0,17,0,0,2,10,1,0,4,1,6,2,5,1328,1,5,7,1
201331B238613,1,11,0,2,0,0,0,0,0,0,0,1,1,1,8,12000,2,10,-1,-1
201331B238913,1,19,0,7,0,3,0,0,0,0,4,1,6,1,8,1870,2,10,8,2
201331B238913,2,1,0,9,0,8,0,0,0,0,1,1,6,1,9,-1,-1,-1,-1,-1
201331B239613,1,9,0,18,0,0,1,0,1,9,1,1,6,1,6,1968,2,3,5,3
201331B239713,1,9,0,18,0,1,0,0,0,0,1,1,6,1,10,1988,1,10,-1,-1
201331B239813,1,9,0,18,0,2,0,0,0,0,1,1,6,2,8,1398,2,8,1,1
201331B239813,2,9,0,18,0,2,0,0,0,0,2,1,6,1,-1,1398,1,11,4,1
201331B240013,1,9,0,7,0,3,2,7,0,0,4,1,6,2,4,1240,1,9,8,3
201331B240213,1,9,0,9,0,8,0,0,0,0,1,1,6,1,8,1896,2,9,6,2
201331B240213,2,9,0,18,0,8,0,0,0,0,1,1,6,2,5,-1,-1,-1,3,2
201331B240313,1,9,0,18,0,0,0,4,0,0,1,1,6,2,7,1997,2,2,4,1
201331B240313,2,9,0,2,0,0,0,0,0,0,2,1,6,2,7,1149,1,9,8,1
201331B241013,1,9,0,4,0,0,1,0,1,9,1,1,6,1,6,1399,2,6,3,1
201331B241213,1,9,0,16,0,0,2,0,1,4,1,1,6,2,4,2487,2,13,6,3
201331B241513,1,9,0,11,0,0,0,0,0,0,4,1,6,2,9,1968,2,6,10,1
201331B241513,2,9,0,18,0,0,1,0,1,10,3,1,6,2,6,1596,1,6,8,3
201331B241913,1,9,0,9,0,6,0,0,0,0,3,1,6,1,9,1389,1,8,4,1
201331B241913,2,9,0,18,0,8,0,0,0,0,1,1,6,2,6,1360,1,7,5,2
201331B242413,1,9,0,18,0,1,0,0,0,0,3,1,2,1,7,-1,-1,-1,3,2
201331B242413,2,1,0,18,0,1,0,0,0,0,1,1,1,1,5,-1,-1,-1,-1,-1
201331B243513,1,19,0,17,0,0,5,10,1,1,4,1,1,1,4,1997,2,11,5,1
201331B243613,1,9,0,18,0,1,0,0,0,0,1,1,1,1,8,2179,2,-1,9,1
201331B243613,2,9,0,5,0,1,0,0,0,0,2,1,1,2,5,1198,1,10,5,3
201331B243813,1,9,0,7,0,6,0,0,0,0,1,1,1,1,6,1870,2,5,1,1
201331B243813,2,9,0,14,0,8,0,0,0,0,4,1,6,1,-1,1995,2,-1,-1,-1
201331B244013,1,9,0,7,0,6,0,0,0,0,0,1,6,2,8,1560,2,2,9,2
201331B244013,2,9,0,18,0,8,0,0,0,0,0,1,6,1,8,1991,2,1,6,3
201331B244213,1,1,0,18,0,1,0,0,0,0,3,1,6,1,4,-1,-1,-1,-1,-1
201331B244213,2,19,0,5,0,1,0,0,0,0,1,1,6,1,6,1560,2,5,1,1
201331B244313,1,19,0,18,0,0,5,0,0,0,3,1,6,1,9,2998,2,1,2,1
201331B244313,2,9,0,18,0,0,0,0,1,0,3,1,6,2,8,3200,1,6,4,1
201331B244613,1,19,0,18,0,0,1,7,1,0,1,1,6,1,4,2198,2,-1,1,1
201331B246113,1,9,0,9,0,6,0,0,0,0,1,1,6,3,-1,-1,-1,-1,-1,-1
201331B246113,2,1,0,17,0,8,0,0,0,0,4,1,2,1,8,-1,-1,-1,-1,-1
201331B247013,1,9,0,17,0,0,1,0,0,0,4,1,6,1,8,1997,1,7,6,1
201331B247013,2,9,0,18,0,0,0,0,0,0,1,1,6,1,11,1991,2,6,3,1
201331B247113,1,11,0,18,0,1,0,0,0,0,1,1,1,2,7,-1,2,14,1,1
201331B247113,2,9,0,10,0,8,0,0,0,0,2,1,6,2,9,1986,2,7,6,1
201331B247713,1,9,0,18,0,0,2,0,7,4,4,1,6,2,7,1560,2,5,7,3
201331B250113,1,9,0,17,0,0,1,10,7,9,4,1,6,2,6,1497,1,9,7,3
201331B251513,1,9,0,18,0,0,0,0,0,0,1,1,1,2,7,-1,-1,-1,6,3
201331B251513,2,9,0,18,0,0,0,0,1,4,1,1,6,1,10,2148,2,8,4,3
201331B251913,1,9,0,9,0,5,0,0,0,0,1,1,6,2,4,1124,1,13,8,3
201331B251913,2,3,0,17,0,8,0,0,0,0,1,1,2,1,5,124,1,-1,6,2
201331B253013,1,9,0,18,0,0,0,10,0,0,4,1,6,1,4,1388,1,9,10,1
201331B253013,2,9,0,18,0,0,0,0,0,0,0,1,6,1,4,1199,1,9,3,1
201331B253013,3,9,0,18,0,0,0,0,1,7,3,1,6,1,5,1997,2,11,7,2
201331B253213,1,9,0,13,0,0,1,0,7,0,1,1,6,1,7,1598,2,1,7,3
201331B253213,2,9,0,18,0,0,1,0,1,0,3,1,6,2,10,1753,2,7,8,3
201331B253213,3,21,0,18,0,0,0,0,0,0,1,1,6,2,7,-1,2,27,10,2
201331B253313,1,9,0,17,0,0,2,0,5,6,2,1,6,1,4,1149,1,8,7,3
201331B253613,1,9,0,9,0,5,0,0,0,0,4,1,6,2,10,1275,1,15,7,1
201331B253613,2,9,0,18,0,8,0,0,0,0,1,1,6,1,8,2495,2,16,6,3
201331B253713,1,9,0,6,0,8,0,0,0,0,1,1,1,1,8,-1,-1,-1,4,1
201331B253713,2,9,0,18,0,8,0,0,0,0,1,1,2,1,4,1997,2,11,7,3
201331B254013,1,4,0,17,0,8,0,0,1,0,1,1,6,1,7,749,1,14,6,1
201331B254313,1,9,0,17,0,1,0,0,2,0,1,1,6,1,5,1997,2,12,3,1
201331B254313,2,9,0,16,0,2,0,0,7,0,4,1,2,1,-1,1364,1,3,5,1
201331B254313,3,9,0,16,0,2,0,0,0,0,3,1,6,1,-1,1242,1,10,6,1
201331B255113,1,9,0,5,0,1,0,0,0,0,1,1,6,1,9,2496,1,12,8,1
201331B255113,2,5,0,3,0,1,0,0,0,0,2,1,6,1,7,1085,1,17,9,1
201331B255213,1,9,0,18,0,4,0,0,0,0,0,1,6,3,-1,1686,2,3,-1,-1
201331B255213,2,1,0,18,0,8,0,0,0,0,0,1,6,1,10,-1,-1,-1,2,2
201331B255313,1,9,0,12,0,0,0,0,0,0,3,1,2,1,9,1968,2,-1,4,1
201331B255313,2,9,0,18,0,0,0,0,0,0,4,1,2,2,8,1597,1,24,7,3
201331B255413,1,1,0,18,9,0,0,0,0,0,1,1,1,1,5,-1,-1,-1,-1,-1
201331B256013,1,5,0,18,0,1,0,0,0,0,1,1,6,1,8,929,1,12,6,1
201331B256013,2,21,1,18,0,1,0,0,0,0,2,2,1,1,6,-1,-1,-1,6,1
201331B256113,1,19,0,18,0,8,0,0,0,0,1,1,6,1,10,2402,2,6,2,2
201331B256113,2,3,0,17,0,8,0,0,1,0,1,1,6,1,4,124,1,6,7,3
201331B256313,1,9,0,18,0,8,5,0,2,2,1,1,6,1,6,1149,1,11,2,1
201331B257213,1,1,0,9,0,6,0,0,0,0,1,1,1,1,4,-1,-1,-1,2,2
201331B257213,2,9,0,17,0,8,0,0,0,0,1,1,1,1,8,1560,2,-1,1,1
201331B257213,3,9,0,16,0,8,0,0,0,0,1,1,6,2,6,1598,1,8,2,3
201331B257313,1,9,0,18,0,7,0,0,0,0,1,1,2,2,8,1332,1,15,2,1
201331B257313,2,9,0,3,0,7,0,0,0,0,2,1,2,2,5,998,1,11,6,3
201331B257513,1,9,0,18,0,0,0,0,0,0,1,1,2,1,6,1995,2,9,2,1
201331B257513,2,1,0,18,0,0,0,0,0,0,2,1,2,1,5,-1,-1,-1,2,2
201331B257513,3,1,0,18,0,0,0,0,0,0,0,1,2,1,-1,-1,-1,-1,2,2
201331B257613,1,1,0,11,0,0,0,0,0,0,4,1,2,1,4,-1,-1,-1,10,2
201331B257613,2,9,0,18,0,0,1,0,0,0,3,1,6,2,8,1596,1,11,8,2
201331B257813,1,9,0,18,0,0,0,4,0,0,1,1,6,1,5,998,1,14,2,2
201331B257813,2,9,0,2,0,0,0,0,0,0,3,1,6,3,-1,1199,1,10,-1,-1
201331B258713,1,9,0,18,0,1,1,0,0,0,4,1,2,1,7,2286,2,29,5,1
201331B259113,1,9,0,17,0,0,1,0,1,2,4,1,6,1,4,1199,1,12,1,1
201331B259313,1,9,0,16,0,0,2,11,1,11,4,1,6,1,7,1328,1,9,6,3
201331B259413,1,21,0,13,0,0,1,0,0,0,1,1,1,1,8,7790,2,8,8,1
201331B259413,2,21,0,3,0,0,0,0,0,0,2,1,1,1,8,6870,2,7,9,1
201331B259713,1,9,0,10,0,8,0,0,0,0,4,1,6,2,-1,-1,-1,-1,-1,-1
201331B259813,1,9,0,9,0,6,0,0,0,0,3,1,6,1,9,1397,1,11,5,1
201331B259813,2,1,0,18,0,8,0,0,0,0,1,1,6,2,6,-1,-1,-1,-1,-1
201331B261813,1,9,0,18,0,0,1,0,0,0,1,1,2,2,8,1199,1,11,7,3
201331B261813,2,9,0,18,0,0,0,0,0,0,2,1,2,1,7,1995,2,-1,9,3
201331B262013,1,9,0,18,0,1,0,0,0,0,1,1,6,1,8,998,1,6,6,1
201331B262013,2,9,0,18,0,1,0,0,0,0,2,1,6,2,6,1598,1,7,5,1
201331B262013,3,9,0,18,0,1,0,0,0,0,2,1,6,2,5,1390,1,12,7,3
201331B262013,4,9,0,18,0,1,0,0,0,0,2,1,6,1,5,2204,2,4,1,1
201331B262213,1,9,0,18,0,1,0,0,0,0,1,1,6,1,5,1390,1,10,7,2
201331B262213,2,9,0,3,0,1,0,0,0,0,2,1,6,1,-1,1560,2,5,9,1
201331B262413,1,9,0,16,0,0,1,0,7,9,1,1,6,1,7,-1,-1,-1,7,3
201331B262513,1,9,0,18,0,8,0,0,1,11,1,1,6,1,5,1360,1,13,7,1
201331B262513,2,19,0,7,0,8,0,0,0,0,2,1,6,1,6,2198,2,7,2,1
201331B263613,1,9,0,9,0,5,0,0,0,0,1,1,1,1,7,1998,1,13,5,2
201331B263613,2,3,0,18,0,8,1,0,0,0,1,1,1,1,4,124,1,4,2,2
201331B263713,1,9,0,18,0,0,0,0,0,0,4,1,3,1,6,1591,1,4,8,1
201331B263913,1,9,0,17,0,0,1,10,0,0,1,1,2,1,7,1498,1,12,6,1
201331B263913,2,9,0,18,0,0,0,0,0,0,1,1,6,1,7,1968,2,-1,10,2
201331B264113,1,9,0,13,0,8,0,0,0,0,4,1,1,1,4,1388,1,8,1,1
201331B264113,2,21,1,14,0,8,0,0,0,0,3,1,1,1,9,11705,2,4,1,1
201331B264113,3,9,0,7,0,6,0,0,0,0,1,1,1,2,6,1242,1,11,5,1
201331B264413,1,1,0,7,0,6,0,0,0,0,1,1,6,1,9,-1,-1,-1,-1,-1
201331B264413,2,21,1,18,0,8,0,0,0,0,4,1,6,3,-1,-1,-1,-1,-1,-1
201331B264813,1,9,0,9,0,5,0,0,0,0,1,1,6,1,9,1991,2,3,8,2
201331B264813,2,3,0,18,0,8,0,0,0,0,3,1,6,1,5,79,1,21,1,2
201331B265313,1,9,0,5,0,4,0,0,0,0,2,1,1,2,4,1398,2,4,6,1
201331B265313,2,9,0,5,0,4,0,0,0,0,1,1,6,2,6,-1,-1,-1,2,1
201331B265913,1,9,0,9,0,5,0,0,0,0,1,1,6,2,9,1596,1,11,4,1
201331B265913,2,9,0,18,0,8,0,0,0,0,1,1,2,2,6,1997,2,12,5,1
201331B266513,1,9,0,12,0,1,0,0,0,0,1,1,6,1,8,1995,2,8,7,3
201331B266513,2,2,0,18,0,2,0,4,0,0,3,1,6,1,4,49,1,1,4,1
201331B266513,3,9,0,2,0,2,0,0,0,0,3,1,6,2,7,2198,2,8,-1,-1
201331B267813,1,9,0,6,0,0,0,0,0,0,3,1,6,1,10,1598,1,14,5,2
201331B267813,2,3,0,17,0,0,0,0,0,0,1,1,2,1,4,125,1,-1,2,2
201331B268113,1,9,0,18,0,0,0,4,0,0,1,1,6,2,4,1124,1,13,1,1
201331B268113,2,19,0,2,0,0,0,0,0,0,2,1,1,1,7,2461,2,13,4,2
201331B268713,1,19,0,18,0,0,5,0,7,9,1,1,1,1,6,-1,-1,-1,4,3
201331B269413,1,9,0,4,0,1,0,0,0,0,1,1,6,2,7,4966,1,11,7,1
201331B269413,2,9,0,4,0,1,0,0,0,0,2,1,6,1,4,973,1,11,3,1
201331B269513,1,3,0,4,0,1,1,0,0,0,4,1,2,2,4,-1,-1,-1,1,2
201331B269913,1,9,0,18,0,1,0,0,0,0,1,1,6,2,6,1149,1,9,1,1
201331B269913,2,9,0,18,0,1,0,0,0,0,2,1,1,1,6,1896,2,3,-1,-1
201331B270013,1,20,0,17,0,0,0,0,0,0,1,1,1,1,10,6174,2,10,7,1
201331B270013,2,9,0,16,0,0,0,0,0,0,1,1,6,2,7,1242,1,16,6,2
201331B270313,1,9,0,17,0,0,1,10,1,9,1,1,6,1,5,1997,2,10,7,1
201331B270413,1,9,0,7,0,6,0,0,0,0,1,1,6,2,4,1149,1,11,7,3
201331B270413,2,1,0,9,0,5,0,0,0,0,4,1,6,2,7,-1,-1,-1,4,3
201331B271113,1,19,0,9,0,1,0,0,0,0,4,1,6,3,-1,-1,-1,-1,-1,-1
201331B271213,1,9,0,11,0,0,1,0,0,0,4,1,2,1,6,1493,1,14,1,1
201331B271213,2,9,0,18,0,0,0,0,1,9,3,1,6,2,8,1242,1,10,3,1
201331B271213,3,9,0,18,0,0,1,1,0,0,1,1,6,1,6,2926,2,12,8,1
201331B271613,1,9,0,18,0,7,5,0,1,10,1,1,6,1,6,1598,1,4,1,1
201331B272313,1,10,0,17,0,0,0,0,7,0,1,1,1,1,6,2463,2,7,-1,-1
201331B272313,2,9,0,16,0,0,0,0,0,0,1,1,1,1,9,1956,2,2,4,1
201331B272413,1,19,0,18,0,0,1,0,7,9,1,1,6,1,9,2496,2,15,1,1
201331B273113,1,9,0,18,0,0,5,0,0,0,1,1,6,2,5,-1,-1,-1,8,3
201331B273413,1,9,0,14,0,0,2,4,7,2,1,1,6,2,5,1360,1,7,6,3
201331B273413,2,9,0,2,0,0,0,0,0,0,2,1,6,3,-1,1997,2,12,-1,-1
201331B273713,1,9,0,18,0,0,1,0,7,4,3,1,6,1,5,1590,1,8,6,2