Accident_Index,Vehicle_Reference,Vehicle_Type,Towing_and_Articulation,Vehicle_Manoeuvre,Vehicle_Location-Restricted_Lane,Junction_Location,Skidding_and_Overturning,Hit_Object_in_Carriageway,Vehicle_Leaving_Carriageway,Hit_Object_off_Carriageway,1st_Point_of_Impact,Was_Vehicle_Left_Hand_Drive?,Journey_Purpose_of_Driver,Sex_of_Driver,Age_Band_of_Driver,Engine_Capacity_(CC),Propulsion_Code,Age_of_Vehicle,Driver_IMD_Decile,Driver_Home_Area_Type
201331C101313,2,3,0,18,0,0,0,0,0,0,1,1,6,1,7,125,1,5,4,1
201331C101613,1,9,0,18,0,0,0,0,0,0,1,1,6,1,-1,1995,2,9,-1,-1
201331C101613,2,9,0,4,0,0,0,0,0,0,2,1,6,1,6,1896,2,9,7,2
201331C101813,1,9,0,7,0,5,0,0,0,0,4,1,6,2,6,1198,1,10,2,1
201331C101813,2,9,0,18,2,8,0,0,0,0,3,2,6,1,5,-1,-1,-1,-1,-1
201331C101913,1,9,0,7,0,5,0,0,0,0,0,1,6,3,-1,-1,-1,-1,-1,-1
201331C101913,2,11,0,5,0,1,0,0,0,0,0,1,1,1,7,4461,2,-1,1,1
201331C101913,3,9,0,5,0,1,0,0,0,0,0,1,6,3,-1,-1,-1,-1,-1,-1
201331C102013,1,11,0,18,0,1,0,0,0,0,1,1,1,1,-1,-1,-1,-1,-1,-1
201331C102013,2,9,0,7,0,5,0,0,0,0,2,1,6,1,5,1196,1,16,8,3
201331C102413,1,11,0,7,0,3,0,0,0,0,0,1,1,1,6,4580,2,5,2,1
201331C102413,2,19,0,3,0,2,0,0,0,0,0,1,6,3,-1,-1,-1,-1,-1,-1
201331C102513,1,8,0,9,0,5,0,0,0,0,1,1,1,1,8,2402,2,9,1,1
201331C102513,2,9,0,7,0,5,1,0,0,0,3,1,6,1,7,1497,1,12,2,1
201331C102613,1,11,0,18,0,8,0,0,0,0,0,1,1,1,7,7300,2,5,7,1
201331C102713,1,9,0,18,0,0,0,0,0,0,1,1,6,2,6,1396,1,-1,5,1
201331C102713,2,9,0,3,0,0,0,0,0,0,2,1,6,1,6,1595,1,15,6,3
201331C102813,1,9,0,9,0,5,0,0,0,0,1,1,6,1,8,1794,1,8,2,1
201331C102813,2,1,0,18,0,8,0,0,0,0,3,1,6,1,8,-1,-1,-1,10,1
201331C103113,1,11,0,18,0,2,0,0,0,0,1,1,1,1,9,9000,2,10,-1,-1
201331C103413,1,11,0,18,0,1,0,0,0,0,1,1,1,1,8,4580,2,5,8,2
201331C103913,1,9,0,18,0,0,0,0,0,0,3,2,1,1,7,2204,2,9,2,1
201331C103913,2,1,0,18,0,0,0,0,0,0,1,1,6,2,2,-1,-1,-1,2,1
201331C104213,1,9,0,18,0,1,0,0,0,0,1,1,1,1,-1,1598,1,4,6,3
201331C104213,2,9,0,7,0,8,0,7,7,10,2,1,1,1,-1,-1,-1,-1,6,3
201331C104313,1,3,0,18,0,8,1,0,0,0,4,1,6,1,5,125,1,8,3,1
201331C104413,1,9,0,12,0,1,0,0,7,11,3,1,6,1,8,1598,1,11,1,1
201331C104413,2,9,0,18,0,1,0,0,0,0,4,1,6,1,5,1686,2,5,2,1
201331C104613,1,9,0,7,0,6,0,0,0,0,1,1,6,2,6,1388,1,3,3,1
201331C104613,2,1,0,18,0,8,0,0,0,0,1,1,4,1,3,-1,-1,-1,8,1
201331C104713,1,9,0,18,0,2,0,0,0,0,3,1,6,3,-1,-1,-1,-1,-1,-1
201331C104813,1,9,0,5,0,1,0,0,0,0,1,1,3,2,6,1242,1,10,2,1
201331C104813,2,9,0,5,0,1,0,0,0,0,2,1,3,1,6,1598,1,13,2,1
201331C104913,1,9,0,18,0,0,0,0,0,0,1,1,6,1,9,2685,2,12,2,1
201331C105513,1,9,0,7,0,5,0,0,0,0,4,1,2,2,6,1598,1,12,3,1
201331C105513,2,1,0,18,0,8,0,0,0,0,1,1,6,1,4,-1,-1,-1,1,1
201331C107213,1,9,0,5,0,2,0,0,0,0,1,1,6,1,6,1686,2,9,1,1
201331C107613,1,9,0,18,0,1,0,0,0,0,0,1,6,1,-1,1199,1,13,-1,-1
201331C107713,1,9,0,11,0,8,0,0,0,0,1,1,6,1,9,-1,-1,-1,-1,-1
201331C107713,2,19,0,11,0,8,0,0,0,0,2,1,1,1,7,2198,2,5,4,1
201331C108713,1,9,0,17,0,8,0,0,0,0,1,1,6,3,-1,1910,2,7,-1,-1
201331C108713,2,8,0,18,0,8,0,0,0,0,2,1,1,3,-1,1910,2,6,-1,-1
201331C108813,1,11,0,18,0,1,0,0,0,0,0,1,1,3,-1,-1,-1,-1,-1,-1
201331C108913,1,1,0,18,0,8,0,0,0,0,1,1,6,1,4,-1,-1,-1,1,1
201331C108913,2,9,0,7,0,8,0,0,0,0,3,1,6,1,5,1560,2,1,1,1
201331C109013,1,9,0,5,0,1,0,0,0,0,3,1,6,1,9,1597,1,16,2,1
201331C109013,2,9,0,14,0,1,0,0,0,0,4,1,3,2,-1,1242,1,14,2,1
201331C109413,1,8,0,2,0,0,0,0,0,0,4,1,1,1,6,2184,2,10,5,1
201331C109713,1,9,0,7,0,6,0,0,0,0,3,1,6,2,5,1149,1,10,1,1
201331C109713,2,11,0,18,0,8,0,0,0,0,1,1,1,1,7,7300,2,5,7,1
201331C109813,1,9,0,18,0,8,0,0,0,0,1,1,2,1,9,2993,2,4,-1,-1
201331C109913,1,8,0,18,0,8,0,0,0,0,1,1,1,1,6,1797,8,4,3,1
201331C109913,2,2,0,9,0,5,0,0,0,0,4,1,6,1,4,49,1,8,-1,-1
201331C110013,1,9,0,9,0,6,0,0,0,0,1,1,1,1,7,1984,2,-1,9,1
201331C110013,2,9,0,18,0,8,0,0,7,0,4,1,6,2,8,1587,1,12,3,1
201331C110213,1,9,0,9,0,5,0,0,0,0,4,1,2,1,6,1388,1,7,4,1
201331C110213,2,3,0,18,0,8,0,0,0,0,1,1,2,1,7,125,1,6,4,1
201331C110313,1,9,0,9,0,5,0,0,0,0,3,1,6,1,10,1870,2,10,5,1
201331C110313,2,3,0,13,0,8,0,0,0,0,1,1,6,1,5,124,1,4,4,1
201331C110613,1,9,0,18,0,1,0,0,0,0,1,1,6,1,7,1329,1,-1,1,1
201331C110613,2,9,0,3,0,1,0,0,0,0,2,1,3,1,10,1560,2,4,3,1
201331C110613,3,9,0,3,0,1,0,0,0,0,2,1,1,1,5,1995,2,1,6,1
201331C110913,1,9,0,18,0,0,0,4,0,0,1,1,6,2,6,1598,1,6,10,2
201331C110913,2,9,0,2,0,0,0,0,0,0,2,1,6,1,7,2000,1,9,1,1
201331C111013,1,9,0,9,0,8,0,0,0,0,4,1,6,1,7,1998,1,14,3,1
201331C111013,2,9,0,10,0,8,0,0,0,0,3,1,6,1,6,1781,1,10,3,1
201331C111313,1,9,0,18,0,0,0,0,0,0,3,1,6,2,7,1598,1,14,3,1
201331C111413,1,9,0,17,0,0,0,0,1,4,1,1,6,1,5,1896,2,12,10,3
201331C111513,1,9,0,9,0,6,1,0,3,11,1,1,6,1,4,1800,1,14,4,1
201331C111513,2,9,0,18,0,1,0,0,0,0,0,1,1,1,5,1753,2,4,-1,-1
201331C111813,1,11,0,4,0,1,0,0,0,0,0,1,1,1,9,9000,2,10,3,1
201331C111813,2,4,0,6,0,1,0,0,0,0,0,1,6,3,-1,-1,-1,-1,-1,-1
201331C111913,1,9,0,12,0,6,0,0,0,0,2,1,6,2,7,1968,2,-1,1,1
201331C111913,2,9,0,18,0,8,0,0,0,0,1,1,2,1,6,1995,1,14,5,1
201331C112013,1,9,0,9,0,6,0,0,0,0,3,1,6,1,7,1895,1,15,2,1
201331C112013,2,3,0,18,0,8,0,0,0,0,1,1,6,1,6,125,1,4,2,1
201331C112113,1,9,0,3,0,1,0,0,0,0,2,1,1,1,5,1399,2,3,4,1
201331C112113,2,19,0,18,0,1,0,0,0,0,1,1,1,1,7,-1,-1,-1,2,1
201331C112313,1,9,0,18,0,8,0,0,0,0,1,1,6,1,7,1596,1,13,1,1
201331C112813,1,9,0,13,0,0,0,0,0,0,4,1,6,3,-1,-1,-1,-1,-1,-1
201331C112813,2,1,0,18,0,0,0,0,0,0,3,1,2,1,4,-1,-1,-1,-1,-1
201331C114113,1,1,0,18,0,1,0,10,0,0,4,1,6,1,7,-1,-1,-1,8,1
201331C115113,1,11,0,7,0,6,0,0,0,0,0,1,1,1,8,4250,2,12,10,1
201331C115213,1,21,1,11,0,0,0,0,0,0,4,1,1,1,8,12780,2,6,10,1
201331C115213,2,9,0,18,0,0,0,0,2,7,3,1,2,2,5,1149,1,7,2,1
201331C115413,1,9,0,7,0,8,0,0,0,0,1,1,6,2,4,1400,1,14,-1,-1
201331C115413,2,9,0,18,0,8,0,0,0,0,3,1,6,1,6,1988,2,8,1,1
201331C115513,1,9,0,9,0,5,0,0,0,0,0,1,1,1,8,1997,2,12,-1,-1
201331C115513,2,3,0,18,0,8,1,0,1,2,1,1,6,1,4,124,1,3,-1,-1
201331C116713,1,9,0,18,0,0,0,0,0,0,3,1,6,1,10,1560,2,7,-1,-1
201331C116913,1,19,0,18,0,8,0,0,0,0,1,1,1,1,7,1997,2,5,9,1
201331C116913,2,9,0,18,0,8,0,0,0,0,1,1,6,1,8,1997,2,9,2,1
201331C117013,1,9,0,9,0,5,0,0,0,0,3,1,6,1,6,1995,2,-1,2,1
201331C117013,2,5,0,13,0,8,0,0,0,0,4,1,2,1,6,1157,1,8,3,1
201331C117313,1,9,0,18,0,2,0,0,0,0,4,1,6,1,7,2400,2,-1,10,1
201331C118313,1,9,0,6,0,0,0,0,0,0,1,1,6,1,6,1868,2,12,6,1
201331C118313,2,9,0,18,0,0,0,0,0,0,1,1,6,1,5,1364,1,4,5,1
201331C118713,1,9,0,6,0,2,0,0,0,0,3,1,6,1,4,1390,1,8,6,1
201331C118713,2,8,0,18,0,2,0,0,0,0,1,1,1,1,6,2402,2,7,1,1
201331C119213,1,11,0,4,0,8,0,0,0,0,0,1,1,2,8,9000,2,2,2,1
201331C119613,1,9,0,9,0,5,0,0,0,0,3,1,6,1,6,1968,2,6,5,1
201331C119613,2,8,0,18,0,8,0,0,7,1,1,1,1,1,8,2148,2,7,3,1
201331C119713,1,9,0,9,0,6,0,0,0,0,1,1,6,2,8,1299,1,13,3,1
201331C119713,2,1,0,18,4,8,0,0,0,0,2,1,2,2,8,-1,-1,-1,8,1
201331C119713,3,1,0,18,4,8,0,0,0,0,1,1,2,2,6,-1,-1,-1,8,1
201331C119813,1,1,0,18,0,1,0,0,0,0,1,1,6,1,3,-1,-1,-1,1,1
201331C119813,2,9,0,18,0,1,0,0,0,0,3,1,6,1,7,1799,1,7,-1,-1
201331C120713,1,9,0,18,0,1,1,0,0,0,1,1,6,1,10,1332,1,15,5,1
201331C120913,1,9,0,1,0,0,0,0,0,0,2,1,6,2,7,1910,2,6,2,1
201331C121013,1,19,0,18,0,0,0,0,0,0,4,1,6,3,-1,-1,-1,-1,-1,-1
201331C121213,1,19,0,18,0,0,0,0,0,0,0,1,1,1,-1,2148,2,7,4,1
201331C121413,1,9,0,18,0,1,0,0,0,0,1,1,2,2,5,1242,1,2,5,1
201331C121413,2,9,0,10,0,8,0,0,7,0,2,1,2,2,6,1149,1,4,2,1
201331C121513,1,9,0,14,0,0,0,0,0,0,1,1,2,1,8,1798,8,-1,2,1
201331C121713,1,8,0,18,0,0,0,0,0,0,1,1,6,1,8,2402,2,7,9,1
201331C121713,2,9,0,4,0,0,0,0,0,0,2,1,6,1,7,-1,-1,-1,1,1
201331C122313,1,9,0,1,0,1,0,0,0,0,2,1,6,1,10,1242,1,14,4,1
201331C123013,1,9,0,9,0,5,0,0,0,0,1,1,6,1,6,1796,1,12,1,1
201331C123013,2,9,0,18,0,8,0,0,0,0,1,1,6,1,7,1587,1,12,4,1
201331C123113,1,11,0,18,0,0,0,0,0,0,0,1,1,1,9,9000,2,9,6,1
201331C123313,1,9,0,7,0,6,0,0,0,0,1,1,6,1,7,1596,1,12,-1,-1
201331C123313,2,1,0,18,0,8,0,0,0,0,4,1,2,1,8,-1,-1,-1,6,1
201331C123513,1,9,0,18,0,1,0,0,0,0,1,1,6,2,-1,1598,1,1,9,1
201331C123513,2,9,0,3,0,1,0,0,0,0,2,1,6,1,-1,2664,2,11,8,3
201331C123613,1,5,0,18,0,1,0,0,1,0,1,1,6,1,5,-1,-1,-1,4,1
201331C123613,2,9,0,10,0,8,0,0,0,0,2,1,1,1,7,1600,1,9,8,3
201331C124313,1,19,0,9,0,6,0,0,0,0,1,1,6,1,8,1598,2,5,4,1
201331C124313,2,3,0,14,0,8,0,0,0,0,4,1,6,1,9,124,1,13,5,1
201331C125313,1,11,0,18,0,0,0,0,0,0,4,1,6,1,7,-1,2,10,2,1
201331C126113,1,9,0,2,0,0,0,0,0,0,4,1,6,1,-1,1896,2,12,2,1
201331C126113,2,9,0,18,0,0,0,0,0,0,3,1,6,1,6,1299,1,12,2,1
201331C126313,1,9,0,7,0,5,0,0,0,0,2,1,3,2,7,1992,2,7,4,1
201331C126313,2,1,0,18,0,8,0,0,0,0,1,1,6,1,6,-1,-1,-1,6,2
201331C126413,1,9,0,14,0,1,0,0,0,0,4,1,6,2,6,1796,1,2,8,1
201331C126613,1,8,0,5,0,1,0,0,0,0,3,1,1,3,-1,-1,-1,-1,-1,-1
201331C127013,1,9,0,18,0,0,0,0,0,0,1,1,6,2,-1,-1,-1,-1,-1,-1
201331C127313,1,9,0,13,0,2,0,0,0,0,0,1,6,2,-1,1149,1,3,-1,-1
201331C127313,2,11,0,18,2,2,0,0,0,0,0,1,1,1,7,-1,-1,-1,-1,-1
201331C127713,1,9,0,9,0,6,0,0,0,0,1,1,6,1,10,1799,1,16,8,1
201331C127713,2,9,0,17,0,8,0,0,0,0,4,1,6,2,9,1149,1,5,5,1
201331C128113,1,9,0,9,0,1,0,0,0,0,1,1,6,3,-1,-1,-1,-1,-1,-1
201331C128113,2,9,0,10,0,1,0,0,0,0,2,1,6,1,7,998,1,10,1,1
201331C128413,1,8,0,14,0,0,0,0,0,0,4,1,1,1,9,2151,2,10,5,1
201331C128613,1,9,0,5,0,0,0,0,0,0,3,1,6,2,5,1400,2,6,9,1
201331C128613,2,9,0,14,0,0,0,0,0,0,4,1,6,1,6,1598,1,8,1,1
201331C128713,1,19,0,18,0,1,0,0,0,0,1,1,6,1,8,2143,2,1,5,1
201331C128713,2,8,0,18,0,1,0,0,0,0,2,1,1,1,8,-1,-1,-1,8,1
201331C128713,3,9,0,18,0,8,0,0,0,0,0,1,1,3,-1,-1,-1,-1,-1,-1
201331C128813,1,8,0,13,0,0,0,0,0,0,4,1,6,3,-1,-1,-1,-1,-1,-1
201331C128813,2,1,0,18,0,0,0,0,0,0,3,1,6,1,6,-1,-1,-1,1,1
201331C128913,1,8,0,5,0,0,0,0,0,0,0,1,1,1,6,1910,2,5,4,1
201331C129113,1,19,0,1,0,0,0,0,0,0,3,1,6,1,9,1995,2,6,3,1
201331C129113,2,20,0,2,0,0,0,0,0,0,3,1,1,3,-1,4250,2,13,-1,-1
201331C129613,1,9,0,17,0,0,1,0,5,7,1,1,2,2,9,1360,1,3,9,1
201331C129813,1,9,0,18,0,8,0,0,0,0,1,1,6,3,-1,1390,1,14,-1,-1
201331C129813,2,9,0,4,0,8,0,0,0,0,2,1,6,1,6,1991,2,6,4,1
201331C131313,1,9,0,10,0,1,0,0,0,0,2,1,6,1,6,1598,1,8,7,1
201331C131313,2,8,0,18,0,1,0,0,0,0,1,1,1,1,-1,1998,2,4,9,1
201331C131413,1,8,0,18,0,1,1,0,0,0,1,1,1,1,8,1753,2,6,9,1
201331C131413,2,9,0,3,0,8,0,0,0,0,2,1,6,1,6,1896,2,8,1,1
201331C131413,3,9,0,3,0,8,0,0,0,0,2,1,6,1,6,1396,1,17,3,1
201331C131413,4,9,0,10,0,8,0,0,0,0,2,1,6,2,7,2995,7,12,9,1
201331C131513,1,9,0,18,0,0,0,0,0,0,1,1,1,1,-1,2987,2,2,2,1
201331C131813,1,9,0,10,0,8,0,0,0,0,2,1,6,1,9,1984,1,3,9,1
201331C131813,2,9,3,9,0,8,0,0,0,0,1,1,6,1,9,1988,1,13,3,1
201331C131813,3,9,0,7,0,4,0,0,0,0,0,1,1,1,6,1968,2,4,5,1
201331C132113,1,9,0,9,0,5,0,0,0,0,4,1,6,1,7,-1,-1,-1,5,1
201331C132113,2,9,0,18,0,8,0,0,0,0,1,1,6,1,9,1769,1,12,1,1
201331C132213,1,8,0,18,0,1,0,0,0,0,1,1,1,1,8,2402,2,8,7,1
201331C132213,2,9,0,11,0,1,0,0,0,0,2,1,6,1,5,1199,1,12,1,1
201331C132413,1,1,0,9,0,4,0,0,0,0,1,1,6,1,-1,-1,-1,-1,-1,-1
201331C132413,2,9,0,18,0,4,0,0,0,0,1,1,6,1,10,2987,2,3,8,1
201331C132613,1,9,0,18,0,1,0,0,0,0,1,1,6,2,5,1242,1,10,4,1
201331C132613,2,8,0,10,0,8,0,0,0,0,2,1,6,1,8,1797,8,2,2,1
201331C133113,1,9,0,16,0,0,1,0,0,0,2,1,6,2,8,998,1,12,2,1
201331C133113,2,9,0,18,0,0,0,0,0,0,1,1,6,1,7,1299,1,16,-1,-1
201331C133213,1,19,0,5,5,6,0,0,0,0,3,1,6,1,6,-1,-1,-1,-1,-1
201331C133213,2,1,0,18,5,8,0,0,0,0,1,1,6,1,7,-1,-1,-1,4,1
201331C133313,1,9,0,7,0,6,0,0,0,0,4,1,6,2,6,1149,1,4,3,1
201331C133313,2,1,0,18,5,8,0,0,0,0,1,1,6,1,8,-1,-1,-1,4,1
201331C133813,1,9,0,18,0,8,0,0,0,0,1,1,6,3,-1,-1,-1,-1,-1,-1
201331C133913,1,9,0,18,0,8,1,0,0,0,3,1,6,1,9,1997,2,6,2,1
201331C133913,2,9,0,9,0,6,0,0,0,0,1,1,6,1,6,1753,2,11,4,1
201331C134113,1,9,0,9,0,6,1,0,0,0,3,1,6,1,4,1598,1,12,-1,-1
201331C134113,2,11,0,18,0,8,1,0,0,0,1,1,1,1,4,4580,2,5,-1,-1
201331C134413,1,9,0,11,0,0,0,0,0,0,0,1,6,3,-1,-1,-1,-1,-1,-1
201331C134413,2,11,0,18,2,0,0,0,0,0,0,1,1,1,9,6370,2,4,3,2
201331C134613,1,9,0,5,0,1,0,0,0,0,1,1,6,2,-1,-1,-1,-1,-1,-1
201331C134813,1,9,0,6,0,2,0,0,0,0,2,1,6,1,6,1598,1,11,4,1
201331C134813,2,9,0,18,0,2,0,0,0,0,1,1,6,1,4,1598,1,18,5,2
201331C135113,1,11,0,2,2,0,0,0,0,0,0,1,1,1,8,9000,2,4,2,1
201331C135413,1,9,0,18,0,0,0,0,0,0,1,1,6,2,9,2199,1,12,10,1
201331C135413,2,9,0,4,0,0,0,0,0,0,2,1,6,1,10,1242,1,11,4,2
201331C135413,3,9,0,11,0,0,0,0,0,0,2,1,6,2,10,1229,1,7,6,2
201331C135413,4,9,0,11,0,0,0,0,0,0,1,1,6,1,5,1598,1,1,5,1
201331C135713,1,9,0,18,0,8,0,0,0,0,1,1,1,2,6,1461,2,3,1,1
201331C136013,1,1,0,18,0,1,1,4,0,0,1,1,6,1,2,-1,-1,-1,2,1
201331C136013,2,9,0,2,0,1,0,0,0,0,2,1,6,3,-1,1753,2,16,-1,-1
201331C136413,1,8,0,4,0,0,0,0,0,0,0,1,1,1,6,1910,2,8,1,1
201331C136513,1,8,0,9,0,1,0,0,0,0,3,1,1,1,8,1497,8,5,4,1
201331C136713,1,9,0,7,0,6,0,0,0,0,1,1,6,1,4,998,1,12,2,1
201331C136713,2,9,0,7,0,6,0,0,0,0,2,1,6,2,4,1242,1,11,2,1
201331C136913,1,3,0,7,0,4,0,0,0,0,1,1,2,1,5,124,1,-1,4,1
201331C136913,2,9,0,9,0,3,0,0,0,0,3,1,2,2,6,1229,1,2,5,1
201331C137013,1,9,0,18,0,8,0,0,0,0,1,1,6,2,5,1598,1,6,10,2
201331C137013,2,9,0,9,0,6,0,0,0,0,3,1,2,1,8,1951,2,9,3,1
201331C137613,1,9,0,18,0,8,0,0,0,0,1,1,6,2,8,2198,1,7,7,1
201331C137613,2,8,0,16,0,8,0,0,0,0,1,1,1,1,6,2231,2,5,8,1
201331C138013,1,20,0,18,0,1,0,0,0,0,1,1,1,1,8,4580,2,3,2,1
201331C138013,2,19,0,3,0,1,0,0,0,0,2,1,1,1,8,2198,2,1,1,1
201331C138013,3,9,0,3,0,1,0,0,0,0,2,1,6,2,8,1086,1,6,10,2
201331C138013,4,9,0,10,0,1,0,0,0,0,2,1,6,2,7,1349,1,2,1,1
201331C138413,1,11,0,18,0,8,0,0,0,0,0,1,1,1,7,6871,2,4,2,1
201331C138413,2,9,0,7,0,5,0,0,0,0,0,1,6,3,-1,-1,-1,-1,-1,-1
201331C138913,1,1,0,18,0,1,0,0,0,0,1,1,6,1,8,-1,-1,-1,-1,-1
201331C139313,1,9,0,7,0,6,0,0,0,0,1,1,2,1,5,1497,1,12,4,1
201331C139313,2,9,0,14,0,8,0,0,0,0,4,1,6,1,8,2987,2,4,2,1
201331C139713,1,9,0,9,0,2,0,0,0,0,1,1,6,1,7,1364,1,9,1,1
201331C140413,1,9,0,9,0,6,0,0,0,0,2,1,6,1,4,1598,1,12,1,1
201331C140413,2,9,0,18,0,8,0,0,0,0,1,1,6,1,10,2000,2,6,-1,-1
201331C141213,1,8,0,18,0,0,0,0,0,0,1,1,1,3,-1,-1,-1,-1,-1,-1
201331C141413,1,11,0,4,0,1,0,0,0,0,0,1,1,1,9,9000,2,2,5,1
201331C141413,2,9,0,4,0,1,0,0,0,0,0,1,6,3,-1,1998,1,9,-1,-1
201331C141713,1,11,0,18,0,8,0,0,0,0,1,1,1,1,5,9000,2,9,6,1
201331C141713,2,9,0,3,0,8,0,0,0,0,2,1,6,1,8,1896,2,11,3,1
201331C142113,1,9,0,4,0,1,0,0,0,0,2,1,6,1,4,2616,1,7,7,1
201331C142113,2,11,0,18,0,1,0,0,0,0,1,1,1,1,8,7300,2,5,7,1
201331C142713,1,9,0,18,0,1,0,0,0,0,1,1,1,1,-1,1896,2,13,-1,-1
201331C142713,2,9,0,3,0,1,0,0,0,0,2,1,1,1,7,-1,-1,-1,6,1
201331C143213,1,9,0,18,0,2,0,0,0,0,1,1,2,1,5,998,1,-1,1,1
201331C143513,1,2,0,9,0,8,0,0,0,0,1,1,6,2,8,49,1,12,4,1
201331C143513,2,9,0,18,0,8,0,0,0,0,3,1,6,2,5,1229,1,4,3,2
201331C143613,1,9,0,18,0,1,0,0,0,0,1,1,6,1,7,1995,2,6,2,1
201331C143613,2,9,0,3,0,1,0,0,0,0,2,1,1,2,6,4398,1,12,8,1
201331C143713,1,9,0,18,0,1,0,0,0,0,1,1,2,1,6,1598,1,10,-1,-1
201331C144013,1,9,0,18,0,0,0,0,0,0,1,1,6,2,8,1388,1,7,-1,-1
201331C144113,1,9,0,9,0,5,0,0,0,0,0,1,6,2,6,1598,1,-1,4,1
201331C144113,2,5,0,18,0,8,1,0,0,0,0,1,2,2,8,599,1,10,2,1
201331C144413,1,9,0,17,0,0,1,4,7,0,1,1,6,1,6,-1,-1,-1,-1,-1
201331C144413,2,9,0,2,0,0,0,0,0,0,1,1,6,3,-1,1587,1,10,-1,-1
201331C144413,3,9,0,2,0,0,0,0,0,0,1,1,6,3,-1,1596,1,18,-1,-1
201331C144413,4,9,0,2,9,0,0,0,0,0,1,1,6,3,-1,1896,2,11,-1,-1
201331C144913,1,9,0,18,0,8,0,0,0,0,1,1,6,1,4,1390,1,8,1,1
201331C144913,2,19,0,18,0,8,0,0,0,0,1,1,1,1,10,1896,2,13,1,1
201331C145013,1,9,0,18,0,1,0,0,0,0,1,1,6,1,9,1769,1,13,6,1
201331C145413,1,9,0,17,0,0,0,0,1,0,1,1,2,2,8,-1,-1,-1,5,1
201331C145413,2,8,0,14,0,0,0,0,0,0,1,1,1,1,-1,1968,2,4,5,1
201331C145513,1,9,0,16,0,2,0,0,0,0,1,1,6,1,5,1149,1,11,1,1
201331C145713,1,9,0,5,0,1,0,0,0,0,2,1,6,2,7,1086,1,10,2,1
201331C145713,2,9,0,3,0,1,0,0,0,0,1,1,6,2,5,1229,1,3,7,1
201331C145913,1,9,0,9,9,5,0,0,0,0,4,1,6,2,6,2148,2,10,2,1
201331C145913,2,1,0,18,9,8,0,0,0,0,1,1,6,1,3,-1,-1,-1,1,1
201331C146413,1,9,0,18,0,0,0,0,0,0,1,1,6,2,6,-1,-1,-1,4,1
201331C146413,2,9,0,3,0,0,0,0,0,0,2,1,6,2,7,1598,1,10,3,1
201331C146413,3,9,0,3,0,0,0,0,0,0,2,1,6,1,6,1299,1,14,5,1
201331C146413,4,9,0,3,0,0,0,0,0,0,2,1,6,2,5,1198,1,3,9,1
201331C146513,1,9,0,18,0,1,0,0,0,0,1,1,6,2,5,1598,1,2,9,1
201331C146513,2,1,0,18,0,8,0,0,0,0,3,1,6,1,3,-1,-1,-1,2,1
201331C146613,1,9,0,9,0,5,0,0,0,0,1,1,6,2,6,1910,2,6,5,1
201331C146613,2,9,0,18,0,8,0,0,0,0,1,1,2,2,8,1240,1,7,7,1
201331C146713,1,19,0,1,0,1,0,0,0,0,2,1,6,3,-1,1870,2,8,-1,-1
201331C147713,1,18,1,5,1,1,0,0,0,0,1,1,1,1,5,-1,-1,-1,10,2
201331C147813,1,9,0,18,0,2,0,0,0,0,1,1,6,3,-1,-1,-1,-1,-1,-1
201331C148213,1,9,0,14,0,8,0,0,0,0,4,1,6,2,6,1360,1,8,1,1
201331C148713,1,9,0,9,0,6,0,0,0,0,4,1,1,2,8,1332,1,8,7,1
201331C148713,2,3,0,18,0,8,0,10,0,0,1,1,6,1,5,125,1,2,5,1
201331C148913,1,1,0,18,9,8,0,0,0,0,0,1,6,1,6,-1,-1,-1,6,1
201331C149113,1,9,0,17,0,8,0,10,1,7,1,1,6,2,4,1108,1,16,3,1
201331C149313,1,9,0,9,0,6,0,0,0,0,3,1,6,1,4,1242,1,7,-1,-1
201331C149313,2,9,0,18,0,8,0,0,0,0,1,1,1,1,7,-1,-1,-1,5,1
201331C149413,1,9,0,7,0,6,0,0,0,0,1,1,6,1,7,1398,1,12,6,1
201331C149413,2,8,0,18,0,8,0,0,0,0,1,1,6,1,6,1995,2,7,2,1
201331C149613,1,9,0,18,0,0,0,0,0,0,1,1,2,1,4,1248,2,7,3,1
201331C149613,2,9,0,3,0,0,0,0,0,0,2,1,2,2,6,2171,2,13,4,1
201331C149913,1,9,0,18,0,0,0,0,0,0,1,1,6,1,4,1364,1,9,2,1
201331C149913,2,19,0,18,0,0,0,0,0,0,2,1,1,1,7,2148,2,7,-1,-1
201331C150113,1,9,0,14,0,0,0,0,0,0,1,2,2,1,5,-1,-1,-1,2,1
201331C150113,2,8,0,17,0,0,0,0,0,0,1,1,1,1,-1,-1,-1,-1,2,1
201331C151113,1,9,0,18,0,0,0,0,0,0,3,1,6,1,5,1598,1,15,6,1
201331C151113,2,9,0,13,0,0,0,0,0,0,4,1,6,3,-1,1900,2,13,-1,-1
201331C151313,1,1,0,18,0,1,0,0,0,0,1,1,6,1,2,-1,-1,-1,1,1
201331C151313,2,9,0,14,0,1,0,0,0,0,4,1,1,1,-1,1248,2,-1,-1,-1
201331C151713,1,3,0,14,0,2,0,0,0,0,3,1,6,3,-1,124,1,11,-1,-1