Accident_Index,Vehicle_Reference,Vehicle_Type,Towing_and_Articulation,Vehicle_Manoeuvre,Vehicle_Location-Restricted_Lane,Junction_Location,Skidding_and_Overturning,Hit_Object_in_Carriageway,Vehicle_Leaving_Carriageway,Hit_Object_off_Carriageway,1st_Point_of_Impact,Was_Vehicle_Left_Hand_Drive?,Journey_Purpose_of_Driver,Sex_of_Driver,Age_Band_of_Driver,Engine_Capacity_(CC),Propulsion_Code,Age_of_Vehicle,Driver_IMD_Decile,Driver_Home_Area_Type
201331C151713,2,1,0,14,0,2,0,0,0,0,3,1,6,1,3,-1,-1,-1,1,1
201331C151913,1,3,0,9,0,5,1,0,0,0,3,1,6,1,4,124,1,4,4,1
201331C151913,2,9,0,13,0,8,0,0,0,0,4,1,6,1,7,1686,2,1,3,1
201331C152613,1,9,0,18,0,8,0,0,0,0,1,1,6,1,7,1598,2,2,1,1
201331C152613,2,9,0,9,0,6,0,0,0,0,1,1,6,2,6,1242,1,10,3,1
201331C152713,1,9,0,7,0,6,0,0,0,0,3,1,6,1,6,1390,1,9,2,1
201331C152713,2,9,0,18,0,8,0,0,0,0,1,1,6,1,7,1360,1,7,7,1
201331C153213,1,1,0,18,0,1,1,10,1,0,1,1,6,1,-1,-1,-1,-1,-1,-1
201331C153213,2,9,0,4,0,1,0,0,0,0,0,1,6,1,7,2198,2,8,5,1
201331C153413,1,9,0,18,0,8,0,0,0,0,1,1,2,1,7,1587,1,10,3,1
201331C153413,2,1,0,18,0,8,0,0,0,0,3,1,2,1,6,-1,-1,-1,2,1
201331C153513,1,9,0,1,0,0,0,0,0,0,2,1,6,2,6,1686,2,9,2,1
201331C154413,1,9,0,18,0,8,0,0,0,0,1,1,6,3,-1,1991,1,13,-1,-1
201331C154413,2,9,0,5,0,8,0,0,0,0,3,1,1,1,5,1870,2,6,3,1
201331C154613,1,9,0,9,0,6,0,0,0,0,1,1,6,1,8,1599,1,7,8,1
201331C154613,2,9,0,18,0,8,0,0,0,0,1,1,6,1,8,2435,1,11,3,1
201331C154813,1,11,0,4,0,1,0,0,0,0,0,1,1,1,8,7300,2,4,2,1
201331C155113,1,19,0,18,0,0,0,0,0,0,1,1,2,1,6,1753,2,9,5,1
201331C155113,2,9,0,4,0,0,0,0,0,0,2,1,6,1,11,998,1,-1,-1,-1
201331C155113,3,9,0,3,0,0,0,0,0,0,2,1,6,1,7,5461,1,-1,10,2
201331C155113,4,9,0,3,0,0,0,0,0,0,2,1,6,2,10,1388,1,5,4,1
201331C155113,5,19,0,3,0,0,0,0,0,0,2,1,2,1,5,1995,2,2,8,1
201331C155213,1,3,0,18,0,8,0,0,0,0,1,1,6,1,4,125,1,-1,1,1
201331C155213,2,8,0,9,0,5,0,0,0,0,4,1,1,1,7,1910,2,6,1,1
201331C155313,1,2,0,15,0,1,0,0,1,0,3,1,6,3,-1,-1,-1,-1,-1,-1
201331C155313,2,9,0,18,0,1,0,0,0,0,4,1,6,2,7,1560,2,4,1,1
201331C155513,1,9,0,3,0,0,0,0,0,0,2,1,2,1,10,1686,2,6,7,1
201331C155513,2,19,0,2,0,0,0,0,0,0,2,1,6,3,-1,1995,2,1,-1,-1
201331C155513,3,9,0,2,0,0,0,0,0,0,1,1,6,3,-1,973,1,12,-1,-1
201331C155513,4,1,0,18,0,0,0,4,1,0,1,1,6,1,4,-1,-1,-1,1,1
201331C155613,1,8,0,5,0,6,0,0,0,0,1,1,1,1,-1,1598,1,3,-1,-1
201331C155913,1,8,0,11,0,1,0,0,0,0,1,1,1,1,6,2148,2,4,-1,-1
201331C155913,2,9,0,10,0,1,0,0,0,0,2,1,1,1,8,1796,1,13,2,1
201331C155913,3,9,0,10,0,1,0,0,0,0,2,1,6,1,6,1242,1,15,10,1
201331C156013,1,9,0,4,0,2,0,0,0,0,1,1,6,1,5,1198,1,6,6,1
201331C156013,2,9,0,3,0,2,0,0,0,0,2,1,2,2,5,2143,2,2,2,1
201331C156013,3,9,0,3,0,2,0,0,0,0,2,1,2,2,7,1242,1,11,3,1
201331C156113,1,9,0,18,0,8,0,0,0,0,1,1,6,2,6,1598,1,2,1,1
201331C156113,2,9,0,3,0,8,0,0,0,0,2,1,6,2,6,1896,2,5,3,1
201331C156513,1,9,0,6,0,8,0,0,0,0,3,1,6,1,4,1000,1,13,6,1
201331C156513,2,9,0,18,0,8,0,0,0,0,1,1,6,2,5,1299,1,10,2,1
201331C156613,1,9,0,14,0,8,0,0,0,0,1,1,6,1,-1,-1,-1,-1,-1,-1
201331C156913,1,9,0,6,0,8,0,0,0,0,3,1,6,2,5,1397,1,3,8,1
201331C156913,2,3,0,18,0,8,0,0,0,0,1,1,6,1,6,125,1,4,1,1
201331C157013,1,9,0,18,0,0,0,0,0,0,3,1,6,2,7,1386,1,1,4,1
201331C157013,2,9,0,13,0,0,1,0,0,0,3,1,6,1,5,1396,1,9,6,1
201331C157013,3,9,0,5,0,0,0,0,0,0,0,1,6,3,-1,-1,-1,-1,-1,-1
201331C157213,1,9,0,18,0,8,0,0,0,0,1,1,6,2,8,1598,1,3,4,1
201331C157813,1,9,0,9,0,6,0,0,0,0,4,1,6,2,5,1197,1,3,7,1
201331C157813,2,5,0,3,0,1,0,0,0,0,3,1,6,1,7,599,1,18,2,1
201331C157913,1,9,0,5,0,0,0,0,0,0,1,1,6,2,11,-1,-1,-1,8,1
201331C158113,1,9,0,1,0,8,0,0,0,0,2,1,6,1,-1,-1,-1,-1,-1,-1
201331C160313,1,9,0,9,0,6,0,0,0,0,3,1,6,2,5,1199,1,9,10,1
201331C160313,2,3,0,18,0,8,0,0,0,0,1,1,1,1,7,124,1,11,3,1
201331C161213,1,9,0,18,0,6,0,0,3,11,1,1,6,1,9,1998,1,13,2,1
201331C161513,1,9,0,18,0,0,0,0,1,11,1,1,6,1,-1,1968,2,1,-1,-1
201331C161613,1,9,0,12,0,0,0,0,0,0,3,1,6,2,6,1596,1,4,-1,-1
201331C161613,2,20,0,18,0,0,0,0,0,0,4,1,1,1,7,12900,2,6,3,1
201331C161713,1,1,0,18,0,5,0,0,0,0,2,1,6,1,8,-1,-1,-1,-1,-1
201331C161713,2,9,0,18,0,8,0,0,0,0,1,1,6,3,-1,-1,-1,-1,-1,-1
201331C161813,1,8,0,5,0,1,0,0,0,0,1,1,1,1,-1,2231,2,7,-1,-1
201331C162013,1,9,0,9,0,6,0,0,0,0,3,1,6,1,9,1997,2,10,8,3
201331C162013,2,9,0,18,0,8,0,0,0,0,1,1,6,1,10,1598,1,15,5,1
201331C162113,1,9,0,1,0,0,0,0,0,0,2,1,6,3,-1,-1,-1,-1,-1,-1
201331C162213,1,9,0,5,0,0,0,0,0,0,3,1,6,1,10,2143,2,1,7,1
201331C162213,2,3,0,13,0,0,0,0,0,0,4,1,2,1,7,124,1,2,6,1
201331C162313,1,9,0,18,0,1,0,4,0,0,3,1,6,2,5,1796,1,4,3,1
201331C162313,2,9,0,2,0,2,0,0,1,11,1,1,6,2,5,1242,1,10,-1,-1
201331C162313,3,9,0,2,0,2,0,0,0,0,4,1,6,3,-1,-1,-1,-1,-1,-1
201331C162313,4,9,0,2,0,2,0,0,0,0,3,1,6,3,-1,-1,-1,-1,-1,-1
201331C162613,1,9,0,9,0,8,0,0,0,0,3,1,6,1,8,1560,2,1,2,1
201331C162613,2,19,0,18,0,3,0,0,0,0,4,1,6,1,11,-1,-1,-1,4,1
201331C162713,1,9,0,18,0,1,0,0,0,0,1,1,6,3,-1,1997,2,8,-1,-1
201331C162713,2,9,0,3,0,1,0,0,0,0,2,1,6,1,8,995,1,9,-1,-1
201331C162813,1,90,0,4,0,1,0,0,0,0,1,1,6,1,-1,2370,2,19,9,1
201331C162813,2,9,0,3,0,1,0,0,0,0,2,1,6,1,6,1582,2,1,1,1
201331C162813,3,9,0,3,0,4,0,0,0,0,2,1,6,1,8,1800,1,14,1,1
201331C163513,1,9,0,18,0,8,0,0,0,0,1,1,6,1,7,1984,1,3,2,1
201331C163513,2,9,0,18,0,8,0,0,0,0,2,1,6,2,6,1388,1,14,2,1
201331C164113,1,9,0,18,0,1,0,0,0,0,3,1,6,1,9,998,1,4,2,1
201331C164113,2,1,0,18,0,1,0,0,0,0,1,1,1,1,-1,-1,-1,-1,2,1
201331C164213,1,9,0,4,0,8,0,0,0,0,1,1,6,1,10,1242,1,14,2,1
201331C164213,2,1,0,18,0,8,0,0,0,0,1,1,6,1,5,-1,-1,-1,1,1
201331C164513,1,9,0,18,0,0,0,0,0,0,1,1,6,3,-1,-1,-1,-1,-1,-1
201331C164513,2,9,0,3,0,0,0,0,0,0,2,1,6,2,8,1587,1,9,3,1
201331C164613,1,19,0,18,0,8,0,10,1,11,4,1,1,1,8,1753,2,10,2,1
201331C164613,2,1,0,18,0,6,0,0,0,0,1,1,6,1,2,-1,-1,-1,2,1
201331C164713,1,9,0,18,0,0,0,0,0,0,1,1,6,1,-1,-1,-1,-1,-1,-1
201331C164713,2,9,0,2,0,0,0,0,0,0,2,1,6,1,8,1995,1,11,2,1
201331C164913,1,9,0,11,0,5,0,0,0,0,0,1,6,3,-1,-1,-1,-1,-1,-1
201331C164913,2,11,0,18,0,2,0,0,0,0,0,1,1,1,7,9000,2,6,1,1
201331C165513,1,19,0,5,9,1,0,0,0,0,4,1,6,1,7,2496,2,13,3,1
201331C165813,1,19,0,9,0,5,0,0,0,0,1,1,6,1,7,2143,2,2,3,1
201331C165813,2,2,0,18,0,8,1,0,0,0,1,1,6,1,6,49,1,11,2,1
201331C166013,1,9,0,18,0,0,0,0,0,0,1,1,6,3,-1,-1,-1,-1,-1,-1
201331C166113,1,9,0,7,0,6,0,0,0,0,1,1,6,1,7,1870,2,9,6,1
201331C166113,2,9,0,18,0,8,0,0,0,0,1,1,6,1,4,2401,2,7,2,1
201331C166213,1,9,0,11,0,8,0,0,0,0,4,1,6,3,-1,-1,-1,-1,-1,-1
201331C166213,2,3,0,9,0,8,0,0,0,0,1,1,1,1,9,124,1,12,3,1
201331C166713,1,11,0,2,0,2,0,0,0,0,0,1,1,1,7,9000,2,4,10,1
201331C167013,1,9,0,18,0,0,0,0,7,11,3,1,6,1,6,1596,1,11,2,1
201331C167913,1,9,0,9,0,6,0,0,0,0,3,1,6,1,9,1910,2,8,2,1
201331C167913,2,9,0,18,0,8,0,0,0,0,1,1,6,1,6,1390,1,11,-1,-1
201331C168013,1,2,0,18,0,1,1,0,0,0,1,1,6,1,4,-1,-1,-1,3,1
201331C168013,2,9,0,3,0,1,0,0,0,0,2,1,6,2,6,1360,1,5,1,1
201331C168313,1,1,0,18,0,2,0,0,0,0,1,1,6,2,-1,-1,-1,-1,-1,-1
201331C168413,1,9,0,17,0,0,1,4,0,0,1,1,6,2,4,1240,1,10,6,1
201331C168413,2,9,0,2,0,0,0,0,0,0,2,1,6,2,7,1242,1,8,5,1
201331C169113,1,3,0,17,0,1,1,0,0,0,3,1,6,1,4,124,1,4,1,1
201331C169513,1,9,0,9,0,6,0,0,0,0,3,1,6,1,7,1910,2,6,4,1
201331C169513,2,9,0,18,0,8,0,0,0,0,1,1,1,2,6,1398,2,11,2,1
201331C169813,1,9,0,7,0,4,0,0,0,0,1,1,6,2,7,998,1,-1,9,2
201331C169813,2,5,0,11,0,3,0,0,0,0,2,1,6,2,7,1250,1,4,8,2
201331C170113,1,19,0,14,0,0,1,0,1,4,3,1,1,1,6,1997,2,8,3,1
201331C170413,1,9,0,18,0,0,2,4,1,3,1,1,6,3,-1,1149,1,15,-1,-1
201331C170413,2,9,0,2,0,0,0,0,0,0,2,1,6,3,-1,2198,2,8,-1,-1
201331C170513,1,11,0,9,0,3,0,0,0,0,0,1,1,1,6,9000,2,6,1,1
201331C170613,1,9,0,16,0,8,1,0,8,2,1,1,6,1,5,1398,2,8,2,1
201331C170613,2,9,0,2,9,2,0,0,0,0,1,1,6,3,-1,1461,2,3,-1,-1
201331C170613,3,9,0,2,9,2,0,0,0,0,1,1,6,3,-1,1796,1,7,-1,-1
201331C170613,4,9,0,2,9,2,0,0,0,0,1,1,6,3,-1,998,1,3,-1,-1
201331C171013,1,9,0,18,0,0,0,0,0,0,4,1,6,1,5,1783,1,12,1,1
201331C171613,1,9,0,6,0,8,0,0,0,0,1,1,6,2,4,1299,1,11,9,1
201331C171613,2,9,0,13,0,8,0,0,0,0,4,1,6,1,7,1390,1,10,1,1
201331C171713,1,9,0,18,0,1,0,0,0,0,4,1,6,3,-1,-1,-1,-1,-1,-1
201331C171913,1,11,0,18,0,1,0,0,0,0,1,1,1,1,7,-1,-1,-1,6,1
201331C171913,2,1,0,18,0,1,0,0,0,0,3,1,6,1,5,-1,-1,-1,4,1
201331C172113,1,19,0,18,0,1,0,0,0,0,1,1,1,1,8,2151,2,9,10,1
201331C172113,2,1,0,18,0,1,0,0,0,0,3,1,6,2,6,-1,-1,-1,7,1
201331C172513,1,9,0,12,0,8,0,10,4,6,4,1,6,2,6,1396,1,12,1,1
201331C172613,1,9,0,18,0,1,0,0,0,0,0,1,6,3,-1,-1,-1,-1,-1,-1
201331C172613,2,9,0,18,0,2,0,10,1,0,4,1,6,2,10,1868,2,13,3,1
201331C174113,1,11,0,18,0,1,0,0,0,0,0,1,1,2,6,9000,2,10,4,1
201331C174113,2,11,0,7,0,5,0,0,0,0,0,1,1,3,-1,-1,-1,-1,-1,-1
201331C174513,1,9,0,18,0,0,0,0,0,0,1,1,6,2,6,1388,1,11,4,2
201331C174513,2,1,0,18,0,0,0,0,0,0,4,1,6,1,6,-1,-1,-1,-1,-1
201331C174713,1,9,0,4,0,0,5,10,1,1,1,1,6,1,10,2400,2,6,7,3
201331C174713,2,19,0,18,0,0,0,0,0,0,2,1,1,1,7,2143,2,-1,8,2
201331C174913,1,9,0,2,0,2,0,0,0,0,3,1,6,1,5,1600,2,1,5,1
201331C174913,2,1,0,14,0,2,0,4,0,0,1,1,6,1,6,-1,-1,-1,2,1
201331C175013,1,9,0,18,0,8,0,0,0,0,3,1,6,1,6,1997,1,13,3,1
201331C175013,2,9,0,9,0,5,0,0,0,0,1,1,6,1,6,1598,1,12,6,1
201331C175113,1,9,0,5,0,1,0,0,0,0,1,1,2,2,6,1360,1,10,2,1
201331C175113,2,1,0,18,0,6,0,0,0,0,1,1,2,1,6,-1,-1,-1,-1,-1
201331C175913,1,9,0,18,0,8,0,0,0,0,1,1,6,2,5,998,1,10,2,1
201331C175913,2,1,0,18,0,8,0,0,0,0,3,1,6,1,-1,-1,-1,-1,-1,-1
201331C176013,1,9,0,18,0,2,0,7,0,0,3,1,6,1,5,1995,2,9,2,1
201331C176313,1,9,0,9,0,8,0,0,0,0,1,1,6,2,10,1299,1,9,-1,-1
201331C176313,2,9,0,18,0,8,0,0,0,0,4,1,6,1,8,2987,2,8,10,1
201331C176413,1,9,0,18,0,4,0,0,0,0,3,1,6,3,-1,-1,-1,-1,-1,-1
201331C176413,2,1,0,9,0,6,0,0,0,0,1,1,6,1,-1,-1,-1,-1,2,1
201331C176713,1,9,0,18,0,2,0,0,0,0,1,1,6,3,-1,1984,1,6,-1,-1
201331C176713,2,9,0,3,0,2,0,0,0,0,2,1,6,2,-1,1796,1,12,1,1
201331C176913,1,19,0,18,0,0,0,0,0,0,1,1,1,1,8,2402,2,5,7,1
201331C176913,2,9,0,12,0,0,1,0,0,0,2,1,6,1,6,1149,1,9,1,1
201331C176913,3,9,0,18,0,0,0,0,0,0,1,1,1,1,8,1968,2,1,2,1
201331C177113,1,9,0,1,9,1,0,0,0,0,2,1,6,2,6,1396,1,10,4,1
201331C177913,1,9,0,4,0,1,0,0,0,0,1,2,6,3,-1,-1,-1,-1,-1,-1
201331C177913,2,9,0,3,0,1,0,0,0,0,2,1,6,1,-1,1796,1,9,2,1
201331C178713,1,9,0,18,0,1,0,0,0,0,1,1,6,1,8,2521,1,5,9,1
201331C179013,1,9,0,3,0,1,0,0,0,0,1,1,6,2,5,1997,2,12,-1,-1
201331C179013,2,9,0,16,0,8,0,0,0,0,1,1,6,2,5,1598,1,7,2,1
201331C179113,1,9,0,9,0,5,0,0,0,0,1,1,1,1,7,1560,2,8,1,1
201331C179113,2,5,0,18,0,8,1,0,0,0,3,1,2,1,8,779,1,2,4,1
201331C179213,1,9,0,11,0,0,0,0,0,0,1,1,6,1,7,2199,2,-1,-1,-1
201331C179213,2,9,0,18,0,0,0,0,0,0,3,1,6,1,7,1598,2,-1,1,1
201331C179713,1,5,0,18,0,0,0,11,0,0,1,1,6,1,6,-1,-1,-1,2,1
201331C180313,1,9,0,7,0,5,0,0,0,0,2,1,6,1,9,2902,2,11,8,1
201331C180313,2,1,0,18,0,8,0,0,0,0,1,1,6,2,5,-1,-1,-1,2,1
201331C180413,1,9,0,18,0,1,0,0,0,0,1,2,6,1,-1,-1,-1,-1,-1,-1
201331C180413,2,8,0,3,0,1,0,0,0,0,2,1,1,1,7,2402,2,8,7,1
201331C180513,1,11,0,5,0,4,0,0,0,0,1,1,1,1,5,-1,2,10,8,2
201331C180513,2,19,0,9,0,6,0,0,0,0,4,1,1,1,9,2494,2,3,7,1
201331C181513,1,19,0,18,0,0,0,0,0,0,1,1,6,1,8,2148,2,5,1,1
201331C181613,1,9,0,3,5,1,0,0,0,0,4,1,6,1,7,1968,2,7,8,1
201331C181613,2,1,0,18,5,8,0,0,0,0,1,1,2,2,5,-1,-1,-1,1,1
201331C182513,1,9,0,14,0,1,0,0,0,0,4,1,6,1,9,-1,-1,-1,2,1
201331C182513,2,11,0,2,0,1,0,0,0,0,0,1,1,1,7,6696,2,-1,2,1
201331C182813,1,19,0,9,0,6,0,0,0,0,1,1,6,3,-1,-1,-1,-1,-1,-1
201331C182813,2,9,0,18,0,8,0,0,0,0,4,1,2,1,6,1296,1,6,4,1
201331C182913,1,9,0,9,0,5,0,0,0,0,1,1,1,2,8,-1,-1,-1,9,1
201331C183113,1,9,0,13,0,0,0,10,7,3,1,1,6,1,8,1989,1,14,3,1
201331C183413,1,3,0,18,0,8,0,0,0,0,1,1,6,1,9,124,1,1,6,2
201331C183713,1,9,0,9,0,5,0,0,0,0,1,1,6,1,5,3222,2,10,8,1
201331C183713,2,9,0,18,0,8,0,0,0,0,1,1,6,1,5,2521,1,6,3,1
201331C183913,1,9,0,18,0,0,0,0,0,0,1,1,2,2,7,1598,1,8,10,2
201331C183913,2,20,0,3,0,0,0,0,0,0,2,1,1,1,7,2402,2,8,6,2
201331C184713,1,9,0,18,0,2,0,0,0,0,3,1,6,3,-1,-1,-1,-1,-1,-1
201331C184813,1,1,0,18,9,8,0,0,0,0,2,1,6,1,6,-1,-1,-1,-1,-1
201331C184813,2,9,0,7,0,8,0,0,0,0,1,1,6,2,8,1298,1,12,1,1
201331C185613,1,9,0,18,0,4,0,0,0,0,1,1,6,1,6,1988,1,11,10,1
201331C185613,2,9,0,18,0,4,0,0,0,0,2,1,6,1,6,1896,2,5,3,1
201331C185613,3,19,0,18,0,8,0,0,0,0,0,1,1,3,-1,-1,-1,-1,-1,-1
201331C185813,1,19,0,18,0,0,1,2,4,6,4,1,1,1,8,-1,-1,-1,7,2
201331C186213,1,9,0,9,0,8,0,7,0,0,1,1,1,1,5,1753,2,5,3,1
201331C186713,1,9,0,7,0,6,0,0,0,0,1,1,6,1,10,1598,1,6,5,1
201331C186713,2,1,0,18,0,8,0,0,0,0,3,1,6,1,6,-1,-1,-1,1,1
201331C186813,1,11,0,5,0,2,0,0,1,0,4,1,1,1,7,9000,2,3,2,1
201331C187413,1,9,0,17,0,2,0,0,1,2,1,1,6,2,8,998,1,15,2,1
201331C188013,1,1,0,18,0,8,0,0,0,0,1,1,6,1,5,-1,-1,-1,2,1
201331C188013,2,9,0,9,0,6,0,0,0,0,1,1,2,1,7,1998,2,-1,1,1
201331C188113,1,8,0,18,0,8,0,0,0,0,1,1,1,1,7,1986,2,6,6,1
201331C188113,2,1,0,18,0,8,0,0,0,0,2,1,2,1,8,-1,-1,-1,1,1
201331C188613,1,1,0,18,0,8,0,0,0,0,1,1,4,1,4,-1,-1,-1,8,1
201331C188613,2,9,0,9,0,6,0,0,0,0,3,1,6,3,-1,-1,-1,-1,-1,-1
201331C188813,1,9,0,12,0,1,0,0,0,0,3,1,6,3,-1,-1,-1,-1,-1,-1
201331C188813,2,9,0,18,0,1,0,0,0,0,3,1,6,2,5,998,1,1,3,1
201331C189113,1,9,0,14,0,1,0,0,0,0,1,1,6,1,5,2171,1,12,1,1
201331C189113,2,9,0,18,0,2,0,0,0,0,1,1,6,1,8,1388,1,9,1,1
201331C189313,1,9,0,7,0,1,0,0,0,0,4,1,2,1,6,1968,2,3,6,1
201331C189313,2,1,0,18,0,1,0,0,0,0,1,1,6,1,6,-1,-1,-1,3,1
201331C189413,1,9,0,2,0,0,0,0,0,0,1,1,6,2,8,1796,1,12,3,1
201331C189413,2,9,0,1,0,0,0,0,0,0,2,1,6,3,-1,-1,-1,-1,-1,-1
201331C190013,1,9,0,18,0,0,0,0,0,0,1,1,6,1,6,1995,2,6,1,1
201331C190813,1,19,0,18,0,2,0,0,0,0,4,1,1,1,6,1997,2,11,2,1
201331C190913,1,1,0,9,0,5,1,0,0,0,1,1,1,1,-1,-1,-1,-1,2,1
201331C190913,2,9,0,10,0,1,0,0,0,0,4,1,1,1,8,998,1,7,-1,-1
201331C191013,1,9,0,9,0,6,0,0,0,0,2,1,6,1,6,1753,2,7,5,1
201331C191013,2,9,0,18,0,8,0,0,0,0,1,1,6,1,5,1299,1,10,3,1
201331C191113,1,19,0,18,0,2,0,4,0,0,1,1,6,1,6,2402,2,2,5,1
201331C191113,2,9,0,2,4,2,0,0,0,0,2,1,2,1,8,2688,2,11,7,1
201331C191313,1,1,0,9,0,8,0,0,0,0,3,1,2,1,7,-1,-1,-1,5,1
201331C191313,2,5,0,13,0,8,0,0,0,0,1,1,6,1,10,1261,1,11,5,1
201331C191413,1,9,0,11,0,0,1,0,1,4,4,1,6,1,6,1800,1,14,1,1
201331C191413,2,9,0,16,0,0,0,0,0,0,3,1,6,1,9,1910,2,9,1,1
201331C191813,1,9,0,9,0,8,0,0,0,0,3,1,6,2,5,1389,1,19,3,1
201331C191813,2,9,0,9,0,8,0,0,0,0,4,1,1,2,9,2295,1,14,9,1
201331C192013,1,9,0,11,0,8,0,0,0,0,0,1,6,1,-1,-1,-1,-1,-1,-1
201331C192013,2,1,0,17,0,8,0,0,0,0,1,1,6,1,6,-1,-1,-1,5,1
201331C192113,1,9,0,18,0,0,0,0,0,0,1,1,6,1,6,2999,2,8,1,1
201331C192113,2,9,0,3,0,0,0,0,0,0,2,1,6,1,8,2993,2,2,10,1
201331C192113,3,9,0,3,0,0,0,0,0,0,2,1,6,1,8,1242,1,14,3,1
201331C192313,1,1,0,18,0,1,0,4,0,0,1,1,6,1,6,-1,-1,-1,2,1
201331C192313,2,9,0,2,0,1,0,0,0,0,2,1,6,3,-1,2987,2,1,-1,-1
201331C192413,1,9,0,18,0,2,0,0,0,0,4,1,1,2,6,1198,1,1,5,1
201331C193113,1,9,0,18,0,3,0,0,0,0,3,1,6,1,8,-1,-1,-1,6,1
201331C193113,2,1,0,18,0,3,0,10,0,0,1,1,6,1,8,-1,-1,-1,1,1
201331C193613,1,9,0,7,0,5,0,0,0,0,4,1,2,2,9,1362,1,1,10,2
201331C193613,2,1,0,18,4,8,0,0,0,0,1,1,2,1,6,-1,-1,-1,5,1
201331C193713,1,9,0,7,0,6,0,0,0,0,4,1,6,3,-1,1794,1,11,-1,-1
201331C193713,2,1,0,18,0,8,0,0,0,0,1,1,6,1,8,-1,-1,-1,-1,-1
201331C193813,1,9,0,9,0,6,0,0,0,0,1,1,3,2,6,1398,1,1,1,1
201331C194513,1,11,0,18,0,0,0,0,0,0,0,1,1,1,9,-1,-1,-1,-1,-1
201331C194613,1,9,0,18,0,2,0,0,0,0,1,1,6,3,-1,-1,-1,-1,-1,-1
201331C194613,2,9,0,3,0,2,0,0,0,0,2,1,6,2,8,1329,1,4,2,1
201331C194813,1,8,0,9,0,8,0,0,0,0,1,1,1,1,6,1910,2,6,2,1
201331C194813,2,8,0,18,0,8,0,0,0,0,3,1,1,1,5,1998,2,5,-1,-1
201331C195113,1,9,0,5,0,0,0,0,0,0,1,1,6,2,10,1339,1,1,9,1
201331C195113,2,21,1,18,0,0,0,0,0,0,3,1,1,1,8,12900,2,-1,5,1
201331C195913,1,9,0,18,0,8,0,0,0,0,3,1,2,1,4,998,1,11,1,1
201331C196013,1,9,0,1,0,8,0,0,0,0,2,1,1,1,7,1998,1,-1,-1,-1
201331C196013,2,5,0,18,0,8,0,0,0,0,1,1,2,1,8,1157,1,9,4,1
201331C196513,1,9,0,18,0,0,0,0,0,0,1,1,1,2,-1,1984,1,10,3,1
201331C196513,2,9,0,4,0,0,0,0,0,0,1,1,1,2,5,1399,2,3,10,1
201331C196613,1,9,0,7,0,4,0,0,0,0,1,1,1,2,7,1999,1,7,10,1
201331C196613,2,1,0,18,0,8,0,0,0,0,3,1,6,1,6,-1,-1,-1,2,1
201331C196713,1,9,0,18,0,0,0,0,0,0,1,1,1,1,8,1598,2,3,2,1
201331C196813,1,9,0,9,0,5,0,0,0,0,1,1,1,2,5,1598,1,1,7,1
201331C196813,2,9,0,18,0,8,0,0,1,1,3,1,6,1,7,1986,2,4,3,1
201331C197313,1,9,0,18,0,0,1,0,0,0,1,1,6,1,7,-1,-1,-1,10,3
201331C197313,2,8,0,3,0,0,0,0,0,0,2,1,1,1,10,-1,-1,-1,3,1
201331C197313,3,9,0,3,0,0,0,0,0,0,2,1,1,2,8,1984,1,12,10,1
201331C197413,1,11,0,4,0,0,0,0,0,0,0,1,1,1,-1,9600,2,15,1,1
201331C197513,1,8,0,16,0,8,0,0,0,0,1,1,1,1,8,2664,2,12,5,1
201331C197813,1,9,0,4,0,1,0,0,0,0,1,1,6,2,7,-1,-1,-1,5,1
201331C197813,2,1,0,18,0,1,0,0,0,0,1,1,6,1,2,-1,-1,-1,-1,-1
201331C198013,1,19,0,18,0,8,0,0,0,0,1,1,1,1,6,1868,2,7,4,1
201331C198013,2,9,0,18,0,8,0,0,0,0,3,1,1,2,7,1598,1,-1,2,1
201331C198113,1,9,0,9,9,5,0,0,0,0,1,1,6,2,6,973,1,11,2,1
201331C198613,1,9,0,9,0,6,0,0,0,0,1,1,6,1,6,1422,2,4,2,1
201331C198613,2,9,0,18,0,8,0,0,0,0,4,1,6,1,9,1995,2,3,4,1
201331C198713,1,9,0,18,0,1,0,0,0,0,1,1,2,1,5,1995,2,7,5,1
201331C199313,1,22,0,18,9,0,0,0,0,0,1,1,6,2,9,-1,-1,-1,4,1
201331C199613,1,8,0,9,0,5,0,0,0,0,3,1,1,1,8,2402,2,8,7,1
201331C199613,2,9,0,7,0,6,0,0,0,0,3,1,6,2,7,1796,1,14,1,1
201331C200113,1,9,0,1,9,1,0,0,0,0,4,1,6,2,7,1598,1,7,6,1
201331C200113,2,1,0,18,9,1,0,0,0,0,1,1,6,1,2,-1,-1,-1,6,1
201331C200613,1,9,0,18,0,0,1,0,2,10,1,1,6,1,5,1596,1,11,4,1
201331C200613,2,9,0,18,0,0,0,0,0,0,2,1,6,1,9,1598,1,9,5,1
201331C200613,3,19,0,2,0,0,0,0,0,0,2,1,6,3,-1,2402,2,2,-1,-1
201331C200613,4,9,0,2,0,0,0,0,0,0,2,1,6,3,-1,1396,1,10,-1,-1
201331C200613,5,9,0,2,0,0,0,0,0,0,1,1,6,3,-1,2298,1,16,-1,-1
201331C200713,1,9,0,7,0,5,0,0,0,0,4,1,6,2,8,1296,1,6,3,1