Accident_Index,Vehicle_Reference,Vehicle_Type,Towing_and_Articulation,Vehicle_Manoeuvre,Vehicle_Location-Restricted_Lane,Junction_Location,Skidding_and_Overturning,Hit_Object_in_Carriageway,Vehicle_Leaving_Carriageway,Hit_Object_off_Carriageway,1st_Point_of_Impact,Was_Vehicle_Left_Hand_Drive?,Journey_Purpose_of_Driver,Sex_of_Driver,Age_Band_of_Driver,Engine_Capacity_(CC),Propulsion_Code,Age_of_Vehicle,Driver_IMD_Decile,Driver_Home_Area_Type
201331D020613,1,9,0,7,0,6,0,0,0,0,1,1,6,2,6,-1,-1,-1,6,1
201331D020613,2,19,0,8,0,8,0,0,0,0,2,1,2,1,8,2198,2,1,2,1
201331D020613,3,90,0,18,0,8,0,0,0,0,0,1,1,2,7,-1,-1,-1,9,1
201331D021013,1,9,0,18,0,0,0,0,0,0,1,1,6,2,-1,1968,2,7,-1,-1
201331D021013,2,9,0,3,0,0,0,0,0,0,2,1,6,2,6,1360,1,12,-1,-1
201331D021413,1,9,0,18,0,2,2,10,1,6,1,1,6,1,5,1149,1,11,10,1
201331D022013,1,9,0,7,0,5,0,0,1,11,4,1,6,2,8,1798,1,9,3,1
201331D022013,2,11,0,18,2,8,0,0,0,0,1,1,1,2,7,8268,2,9,8,2
201331D022213,1,9,0,18,0,1,0,0,0,0,1,1,1,1,5,1590,1,11,4,1
201331D022213,2,9,0,8,0,1,0,0,0,0,2,1,1,3,-1,-1,-1,-1,-1,-1
201331D022613,1,9,0,18,0,0,0,10,1,9,1,1,2,2,8,1397,1,11,9,2
201331D022713,1,9,0,16,0,0,1,0,7,4,1,1,6,2,5,1149,1,11,9,3
201331D022813,1,9,0,4,0,0,0,0,0,0,1,1,6,2,5,1299,1,10,8,3
201331D022813,2,9,0,4,0,0,0,0,0,0,2,1,6,1,7,2993,2,5,8,1
201331D022913,1,8,0,7,0,6,0,0,0,0,0,1,6,1,7,2446,2,11,10,1
201331D023013,1,9,0,18,0,0,0,11,0,0,4,1,2,1,8,1596,1,10,9,2
201331D023113,1,9,0,18,0,3,2,0,7,4,3,1,6,1,-1,1598,1,9,-1,-1
201331D023413,1,19,0,1,0,1,0,0,0,0,2,1,1,1,9,1753,2,4,2,1
201331D023713,1,9,0,9,0,6,0,0,0,0,1,1,6,1,10,1596,1,5,7,2
201331D023713,2,9,0,17,0,8,0,0,7,4,4,1,6,1,5,1910,2,7,8,1
201331D023913,1,9,0,5,0,8,0,0,0,0,1,1,6,1,8,2993,2,3,9,2
201331D024013,1,9,0,18,0,0,2,0,7,11,1,1,6,1,7,1598,1,6,1,1
201331D024313,1,9,0,18,0,0,0,0,0,0,1,1,6,3,-1,2300,1,14,-1,-1
201331D024313,2,9,0,18,0,0,0,0,0,0,2,1,6,2,9,1796,1,4,4,1
201331D024513,1,9,0,1,0,1,0,0,0,0,2,1,6,2,10,1598,1,1,4,1
201331D024513,2,2,0,9,0,5,0,0,0,0,1,1,6,1,4,49,1,9,3,1
201331D024613,1,9,0,9,0,6,0,0,0,0,0,1,6,3,-1,-1,-1,-1,-1,-1
201331D024613,2,11,0,17,0,8,0,0,0,0,0,1,1,1,9,9000,2,9,5,1
201331D024913,1,21,1,12,0,4,0,0,0,0,3,2,1,1,6,-1,-1,-1,-1,-1
201331D024913,2,9,0,18,0,4,0,0,5,1,4,1,1,1,8,1968,2,4,6,1
201331D025213,1,9,0,17,0,8,0,0,1,9,1,1,6,1,6,1783,7,10,-1,-1
201331D025213,2,9,0,16,0,8,0,0,0,0,0,1,6,3,-1,-1,-1,-1,-1,-1
201331D025313,1,21,1,12,0,0,0,0,0,0,3,1,1,3,-1,11946,2,2,-1,-1
201331D025313,2,9,0,18,0,0,0,0,0,0,4,1,1,1,6,-1,-1,-1,5,2
201331D025413,1,9,0,14,0,0,0,0,0,0,1,1,6,1,6,1588,1,13,10,1
201331D025413,2,9,0,17,0,0,0,0,0,0,1,1,6,2,9,1388,1,11,3,1
201331D025913,1,9,0,9,0,6,0,0,7,0,4,1,6,2,8,1598,1,14,8,1
201331D025913,2,9,0,18,0,8,0,0,0,0,3,1,6,2,5,1596,1,4,6,2
201331D026413,1,9,0,4,0,0,1,0,0,0,1,1,6,2,7,1598,1,5,9,1
201331D026413,2,9,0,3,0,0,0,0,0,0,2,1,6,1,8,1968,2,2,6,1
201331D027013,1,1,0,18,0,8,1,0,0,0,1,1,6,1,5,-1,-1,-1,2,1
201331D027013,2,9,0,7,0,1,0,0,0,0,4,1,6,2,6,1984,1,6,6,2
201331D028113,1,9,0,9,0,8,0,0,0,0,3,1,6,1,5,1587,1,10,6,2
201331D028113,2,9,0,18,0,8,0,0,0,0,1,1,6,2,6,1686,2,11,10,3
201331D028113,3,9,0,9,0,8,0,0,0,0,0,1,6,3,-1,-1,-1,-1,-1,-1
201331D028213,1,9,0,18,0,0,1,0,1,9,1,1,2,1,6,1242,1,12,8,3
201331D029213,1,9,0,16,0,0,2,0,8,11,1,1,2,2,8,1348,1,5,10,1
201331D029213,2,9,0,16,0,0,2,7,0,0,1,1,2,1,5,1968,2,7,2,1
201331D029313,1,9,0,18,0,2,0,0,0,0,4,1,6,1,6,1968,2,6,2,1
201331D029913,1,9,0,18,0,8,0,0,0,0,1,1,6,2,9,1596,1,7,8,1
201331D029913,2,9,0,7,0,5,0,0,0,0,4,1,6,1,7,1984,1,6,9,1
201331D030313,1,9,0,18,0,8,0,0,0,0,4,1,6,1,10,1596,1,3,7,1
201331D030313,2,9,0,18,0,8,0,0,0,0,1,1,6,2,10,998,1,1,10,2
201331D030413,1,9,0,7,0,6,0,0,0,0,3,1,6,2,8,996,1,3,8,1
201331D030413,2,9,0,14,0,8,0,0,0,0,3,1,1,1,9,2000,2,4,9,1
201331D030713,1,9,0,4,0,0,0,0,0,0,1,1,6,1,6,1598,2,2,8,1
201331D030713,2,9,0,3,0,0,0,0,1,0,2,1,6,1,6,1975,1,7,9,1
201331D030813,1,21,0,7,0,5,0,0,0,0,4,1,1,1,8,7146,2,4,10,1
201331D030813,2,9,0,18,0,8,0,0,0,0,1,1,1,1,6,1582,2,4,-1,-1
201331D031313,1,3,0,18,0,0,0,0,0,0,4,1,6,1,4,124,1,13,10,1
201331D031413,1,9,0,18,0,2,0,4,0,0,1,1,6,3,-1,2204,2,8,-1,-1
201331D031413,2,9,0,2,0,2,0,0,0,0,2,1,6,3,-1,-1,-1,-1,-1,-1
201331D031413,3,9,0,18,0,1,0,0,0,0,1,1,6,1,9,1968,2,-1,6,1
201331D032713,1,9,0,18,0,1,0,0,0,0,1,1,6,1,6,1769,1,13,10,1
201331D032713,2,19,0,3,0,1,0,0,0,0,2,1,1,1,8,2402,2,4,-1,1
201331D032713,3,9,0,3,0,1,0,0,0,0,2,1,6,1,8,1598,1,7,10,1
201331D032713,4,9,0,3,0,1,0,0,0,0,2,1,6,2,8,1598,1,7,2,1
201331D032913,1,8,0,18,0,0,0,0,1,4,1,1,1,1,8,1910,2,6,7,1
201331D033613,1,9,0,9,0,6,0,0,0,0,1,1,6,1,11,1368,1,3,9,1
201331D033613,2,10,0,18,0,8,0,0,0,0,3,1,1,1,-1,2198,2,3,7,1
201331D033913,1,9,0,9,0,5,0,0,0,0,1,1,6,1,7,1398,1,11,2,1
201331D033913,2,9,0,18,0,8,0,0,0,0,3,1,6,1,6,1968,2,10,5,1
201331D034213,1,9,0,4,0,1,0,0,0,0,1,1,6,2,5,1242,1,11,10,1
201331D034313,1,9,0,18,0,1,1,0,0,0,1,1,1,1,10,1360,1,10,10,2
201331D034313,2,9,0,10,0,1,0,0,0,0,2,1,6,2,6,998,1,14,6,1
201331D034613,1,9,0,16,0,0,1,4,8,0,1,1,2,1,6,2000,1,14,7,2
201331D034613,2,19,0,2,0,0,0,0,0,0,4,1,6,3,-1,2402,2,7,-1,-1
201331D034713,1,19,0,15,0,8,0,0,0,0,3,1,1,2,6,2500,2,7,1,1
201331D034713,2,9,0,10,0,5,0,0,0,0,4,1,6,1,6,1360,1,7,6,3
201331D035013,1,9,0,18,0,2,0,0,0,0,1,1,6,3,-1,-1,-1,-1,-1,-1
201331D035113,1,9,0,17,0,0,2,10,1,10,4,1,6,1,4,1242,1,12,6,2
201331D035813,1,11,0,5,0,0,0,0,0,0,0,1,1,1,6,4250,2,1,1,1
201331D036113,1,9,0,17,0,0,1,0,7,11,3,1,6,1,5,1905,2,16,3,1
201331D036413,1,9,0,18,0,0,0,0,7,11,1,1,6,2,8,1242,1,13,-1,-1
201331D036613,1,9,0,13,0,0,0,0,0,0,4,1,6,3,-1,-1,-1,-1,-1,-1
201331D036613,2,1,0,18,0,0,0,0,0,0,3,1,6,1,4,-1,-1,-1,3,1
201331D037113,1,9,0,6,0,0,0,0,0,0,3,1,6,1,11,1332,1,15,9,3
201331D037113,2,9,0,18,0,0,0,0,0,0,1,1,6,2,6,2720,2,7,10,3
201331D037313,1,11,0,4,0,1,0,0,0,0,1,1,1,1,4,4580,2,6,6,2
201331D037313,2,9,0,8,0,6,0,0,0,0,2,1,2,2,4,1242,1,9,10,2
201331D037413,1,9,0,18,0,0,0,0,0,0,1,1,2,1,5,1299,1,6,8,3
201331D039213,1,9,0,4,0,1,0,0,0,0,1,1,6,1,11,1390,1,9,8,1
201331D039213,2,9,0,7,0,5,0,0,0,0,0,1,6,3,-1,-1,-1,-1,-1,-1
201331D039213,3,9,0,4,0,1,0,0,0,0,2,1,6,1,5,1850,1,16,-1,-1
201331D040113,1,9,0,11,0,0,0,0,0,0,4,1,6,1,9,1598,1,4,3,1
201331D040113,2,9,0,5,0,0,0,0,0,0,3,1,1,2,8,1229,1,4,9,1
201331D040313,1,1,0,18,0,2,0,0,0,0,1,1,6,1,8,-1,-1,-1,-1,-1
201331D040313,2,9,0,3,0,2,0,0,0,0,2,1,6,2,8,1398,1,-1,-1,-1
201331D041513,1,9,0,14,0,0,0,0,0,0,1,1,6,2,8,1396,1,15,4,1
201331D041913,1,9,0,14,0,0,0,4,0,0,4,1,6,3,-1,1587,1,12,-1,-1
201331D041913,2,9,0,2,0,0,0,0,0,0,3,1,6,3,-1,-1,-1,-1,-1,-1
201331D041913,3,8,0,14,0,0,0,4,0,0,3,1,1,1,8,1497,8,4,2,1
201331D041913,4,9,0,2,0,0,0,0,0,0,3,1,6,3,-1,1796,1,10,-1,-1
201331D042313,1,9,0,18,0,8,0,0,0,0,1,1,6,1,7,-1,-1,-1,9,1
201331D042313,2,9,0,10,0,8,0,0,0,0,2,1,6,1,7,2383,2,25,7,1
201331D042413,1,1,0,9,0,6,1,0,0,0,3,1,1,1,-1,-1,-1,-1,9,1
201331D042413,2,19,0,9,0,6,0,0,0,0,1,1,6,1,5,2198,2,1,3,1
201331D043813,1,9,0,16,0,0,1,0,0,0,3,1,6,1,5,998,1,13,6,1
201331D043813,2,9,0,18,0,0,0,0,0,0,1,1,6,1,4,1596,1,6,5,1
201331D045413,1,19,0,18,0,0,0,0,0,0,1,1,6,1,6,-1,-1,-1,3,1
201331D045413,2,9,0,3,0,0,0,0,0,0,2,1,6,2,7,1997,2,4,10,1
201331D045513,1,9,0,4,0,1,0,0,0,0,0,1,6,2,-1,-1,-1,-1,-1,-1
201331D045513,2,1,0,15,0,1,1,10,1,0,1,1,1,1,8,-1,-1,-1,9,1
201331D045613,1,9,0,16,0,8,1,0,0,0,1,1,2,1,5,1598,1,8,6,1
201331D045613,2,9,0,9,0,6,0,0,0,0,3,1,6,1,9,1794,1,12,8,1
201331D045913,1,9,0,18,0,8,0,0,0,0,2,1,1,2,4,1149,1,14,6,1
201331D045913,2,9,0,18,0,8,0,0,0,0,1,1,6,3,-1,-1,-1,-1,-1,-1
201331D046313,1,8,0,18,0,8,0,0,0,0,1,1,1,1,9,2499,2,5,3,1
201331D046713,1,22,0,16,9,0,0,0,0,0,1,1,6,1,-1,-1,-1,-1,-1,-1
201331D047213,1,9,0,13,0,8,0,0,0,0,4,1,2,2,8,1242,1,6,9,3
201331D047213,2,9,0,9,0,5,0,0,0,0,3,1,6,2,6,2688,2,11,8,3
201331D047513,1,9,0,1,0,1,0,0,0,0,2,1,3,2,7,1997,2,11,6,1
201331D048213,1,9,0,17,0,8,2,0,7,9,3,1,2,2,8,1396,1,16,1,1
201331D048313,1,8,0,4,0,0,0,0,0,0,0,1,1,1,7,2446,2,12,2,1
201331D049313,1,9,0,9,0,5,0,0,7,1,4,1,6,2,5,998,1,5,9,2
201331D049313,2,9,0,18,0,8,0,0,0,0,1,1,6,1,5,2496,2,15,3,1
201331D049513,1,9,0,13,0,8,0,0,0,0,1,1,1,2,6,1997,2,14,2,1
201331D049513,2,9,0,13,0,8,0,0,0,0,1,1,6,1,10,1998,2,5,9,1
201331D049513,3,11,0,17,0,8,0,0,0,0,3,1,1,1,7,7300,2,5,2,1
201331D049813,1,9,0,18,0,8,1,0,8,3,3,1,2,2,6,1598,1,12,8,2
201331D049913,1,9,0,18,0,0,1,0,7,0,4,1,6,1,6,1599,1,9,4,1
201331D049913,2,9,0,18,0,0,0,0,1,0,3,1,6,2,8,-1,-1,-1,8,1
201331D050313,1,9,0,18,0,8,0,0,0,0,3,1,6,1,7,-1,-1,-1,4,1
201331D052613,1,9,0,9,0,1,0,0,0,0,1,1,6,3,-1,1995,1,5,-1,-1
201331D052613,2,8,0,10,0,5,0,0,0,0,2,1,1,1,8,1896,2,6,10,1
201331D052913,1,9,0,18,0,0,0,0,2,5,1,1,6,2,7,1598,1,-1,6,3
201331D053013,1,21,1,13,0,0,0,0,0,0,4,1,1,1,8,11946,2,9,5,3
201331D053013,2,9,0,17,0,0,0,0,0,0,3,1,6,1,8,2188,2,12,2,1
201331D053813,1,9,0,9,0,8,0,0,0,0,3,1,6,2,6,1242,1,9,10,1
201331D053813,2,9,0,18,0,8,0,0,0,0,3,1,6,2,7,1389,1,13,3,1
201331D053913,1,9,0,18,0,0,1,0,0,0,1,1,6,1,5,-1,-1,-1,2,1
201331D053913,2,9,0,4,0,0,0,0,0,0,2,1,6,2,6,1598,1,15,8,1
201331D053913,3,9,0,4,0,0,0,0,0,0,2,1,6,3,-1,-1,-1,-1,-1,-1
201331D054913,1,5,0,16,0,0,1,0,0,0,3,1,6,1,7,749,1,13,4,1
201331D055113,1,3,0,7,0,4,0,0,0,0,4,1,6,1,4,125,1,13,-1,-1
201331D055113,2,9,0,18,0,4,0,0,0,0,0,1,6,3,-1,-1,-1,-1,-1,-1
201331D055513,1,11,0,2,0,2,0,0,0,0,0,1,1,1,8,9000,2,8,1,1
201331D055613,1,9,0,18,0,1,0,10,0,0,3,1,6,1,4,1332,1,15,8,1
201331D055613,2,9,0,18,0,2,0,10,0,0,3,1,6,1,8,1968,2,3,10,1
201331D055713,1,9,0,18,0,0,0,10,2,0,1,1,6,2,9,1798,1,4,6,3
201331D055713,2,9,0,18,0,0,0,0,0,0,1,1,6,1,4,1242,1,10,9,2
201331D055713,3,9,0,18,0,0,0,0,0,0,3,1,2,2,7,1390,1,-1,9,3
201331D056013,1,9,0,17,0,0,0,0,2,0,1,1,6,1,6,1596,1,10,5,1
201331D056013,2,9,0,2,0,0,0,0,0,0,4,1,1,2,7,1753,2,5,6,3
201331D056413,1,19,0,18,0,1,0,0,0,0,1,1,1,1,9,2494,2,6,9,2
201331D056413,2,5,0,3,0,1,0,0,0,0,2,1,6,1,8,1402,1,10,9,1
201331D056613,1,9,0,18,0,1,0,0,0,0,1,1,6,2,11,998,1,12,10,1
201331D056613,2,9,0,18,0,1,0,0,0,0,2,1,6,1,6,1905,1,16,1,1
201331D057213,1,9,0,13,0,0,0,0,1,4,4,1,2,2,7,1598,1,10,10,1
201331D057213,2,21,1,18,0,0,0,0,0,0,3,1,1,1,8,15607,2,5,3,1
201331D057313,1,9,0,18,0,4,0,10,3,1,3,1,6,1,7,1988,1,10,10,1
201331D058213,1,9,0,18,0,8,0,0,0,0,1,1,6,2,4,1299,1,12,9,1
201331D058213,2,9,0,18,0,8,0,0,1,11,3,2,6,1,5,-1,-1,-1,-1,-1
201331D058913,1,11,0,4,0,1,0,0,0,0,0,1,1,1,7,7300,2,5,4,1
201331D058913,2,9,0,4,0,1,0,0,0,0,0,1,6,3,-1,-1,-1,-1,-1,-1
201331D059013,1,9,0,17,0,0,1,0,8,4,1,1,6,2,4,1364,1,4,10,3
201331D059513,1,11,0,9,0,5,0,0,0,0,1,1,1,1,6,9000,2,6,4,1
201331D059513,2,9,0,10,0,1,0,0,0,0,1,1,6,2,6,1598,1,11,5,1
201331D059613,1,9,0,9,0,6,0,0,0,0,1,2,6,2,8,-1,-1,-1,9,1
201331D059613,2,9,0,18,0,8,0,0,0,0,4,1,1,2,7,1390,2,11,7,1
201331D059813,1,9,0,1,0,0,0,0,0,0,2,1,2,1,8,-1,-1,-1,3,1
201331D060113,1,9,0,18,0,3,1,10,0,0,1,1,6,1,7,1799,1,14,9,2
201331D060213,1,9,0,18,0,8,0,0,0,0,4,1,1,2,5,1422,2,4,5,1
201331D060213,2,9,0,18,0,8,0,0,0,0,1,1,6,2,9,1397,1,10,6,1
201331D060413,1,11,0,12,0,8,0,0,0,0,4,1,1,1,9,6374,2,1,3,1
201331D060413,2,21,0,1,0,5,0,0,0,0,1,1,1,1,9,5880,2,8,7,1
201331D060913,1,8,0,18,0,0,0,0,0,0,1,1,6,1,9,1998,2,7,5,1
201331D060913,2,9,0,18,0,0,0,0,0,0,2,1,6,2,4,1242,1,11,8,1
201331D060913,3,9,0,18,0,0,0,0,0,0,2,1,2,2,6,2000,2,9,9,1
201331D061313,1,9,0,7,0,4,0,0,0,0,3,1,2,1,6,1968,2,7,-1,-1
201331D061313,2,1,0,18,0,8,0,0,0,0,1,1,2,2,8,-1,-1,-1,-1,-1
201331D061613,1,9,0,18,0,0,1,0,0,0,1,1,1,2,7,954,1,21,3,1
201331D061613,2,9,0,4,0,0,0,0,0,0,2,1,1,1,6,1910,2,4,2,1
201331D061813,1,9,0,18,0,0,2,0,1,6,3,1,6,2,5,1368,1,4,6,1
201331D061913,1,9,0,7,0,6,0,0,0,0,3,1,6,2,10,1400,1,9,8,1
201331D061913,2,19,0,18,0,8,1,0,0,0,1,1,6,1,8,-1,-1,-1,8,1
201331D062013,1,9,0,17,0,2,2,0,1,9,4,1,6,2,4,1299,1,13,3,1
201331D063713,1,9,0,13,0,0,0,0,0,0,0,1,2,1,7,1968,2,1,8,1
201331D063713,2,5,0,18,0,0,0,0,1,0,4,1,1,1,7,-1,-1,-1,-1,-1
201331D064013,1,5,0,18,0,8,1,0,0,0,1,1,6,1,8,998,1,6,6,1
201331D064013,2,9,0,9,0,6,0,0,0,0,2,1,1,1,7,2494,2,5,7,1
201331D064413,1,9,0,17,0,0,2,0,1,3,1,1,1,2,5,1995,1,11,6,1
201331D064513,1,9,0,17,0,8,1,4,8,0,1,1,6,1,5,1598,1,4,4,1
201331D064513,2,9,0,2,0,1,0,0,0,0,2,1,6,3,-1,1596,1,8,-1,-1
201331D064513,3,19,0,2,0,1,0,0,0,0,1,1,6,3,-1,-1,-1,-1,-1,-1
201331D064713,1,9,0,18,0,4,0,0,0,0,1,1,2,2,7,1995,1,4,3,1
201331D064713,2,9,0,9,0,8,0,0,0,0,1,1,2,2,6,698,1,6,6,1
201331D065413,1,3,0,17,0,0,1,0,1,9,1,1,6,1,4,124,1,1,9,3
201331D066113,1,9,0,18,0,0,0,0,0,0,4,1,6,2,6,1242,1,5,4,1
201331D066613,1,9,0,18,0,0,0,4,0,0,1,1,6,2,7,1598,1,9,6,2
201331D066613,2,9,0,2,0,0,0,0,0,0,2,1,1,1,9,1998,1,7,6,2
201331D067513,1,9,0,18,0,0,0,0,2,7,4,1,6,2,5,1242,1,10,5,1
201331D067513,2,9,0,18,0,0,0,0,0,0,0,1,6,3,-1,-1,-1,-1,-1,-1
201331D067713,1,16,0,18,0,0,1,0,0,0,0,1,6,2,4,-1,-1,-1,-1,-1
201331D068013,1,9,0,18,0,1,0,0,0,0,1,1,2,1,8,-1,-1,-1,7,1
201331D068013,2,9,0,4,0,1,0,0,0,0,2,1,2,2,5,1360,1,7,4,1
201331D068613,1,4,0,14,0,0,0,0,0,0,4,1,2,1,8,398,1,6,10,1
201331D068613,2,9,0,3,0,0,0,0,0,0,3,1,2,1,5,1997,1,9,9,1
201331D068713,1,9,0,6,0,8,0,0,0,0,4,1,6,2,8,3200,2,10,5,1
201331D068713,2,9,0,18,0,8,0,0,0,0,1,1,6,1,5,1586,1,11,1,1
201331D070713,1,9,0,18,0,8,0,7,0,0,1,1,2,1,4,1896,2,12,1,1
201331D070713,2,9,0,18,0,8,1,10,1,0,1,1,2,1,8,-1,-1,-1,8,1
201331D070813,1,9,0,18,0,1,0,0,5,1,1,1,6,2,5,1229,1,1,2,1
201331D070813,2,9,0,3,0,1,0,0,0,0,2,1,6,1,5,1598,1,10,5,1
201331D070813,3,9,0,3,0,1,0,0,0,0,2,1,6,1,5,1998,1,14,2,1
201331D070813,4,9,0,18,0,8,0,0,0,0,1,1,6,2,6,1124,1,11,6,1
201331D070913,1,9,0,9,0,5,0,0,0,0,3,1,2,1,4,1248,2,9,9,2
201331D070913,2,5,0,14,0,8,1,0,0,0,4,1,2,1,8,1215,1,1,9,3
201331D070913,3,21,1,18,0,1,0,0,0,0,1,1,1,1,8,12900,2,3,7,1
201331D071513,1,9,0,11,0,3,0,0,0,0,4,1,6,3,-1,-1,-1,-1,-1,-1
201331D071513,2,9,0,18,0,8,0,0,0,0,3,1,6,2,7,1397,1,12,5,1
201331D071813,1,5,0,18,0,2,0,0,0,0,4,1,6,1,6,599,1,14,6,1
201331D072313,1,9,0,4,0,0,0,0,0,0,0,1,6,3,-1,-1,-1,-1,-1,-1
201331D072313,2,11,0,18,0,0,0,0,0,0,0,1,1,1,8,9000,2,8,5,1
201331D072913,1,9,0,1,0,6,0,0,0,0,2,1,6,3,-1,1560,2,6,-1,-1
201331D073013,1,9,0,6,0,0,0,0,0,0,3,1,6,1,9,2198,2,6,8,2
201331D073013,2,5,0,18,0,0,0,0,0,0,1,1,6,1,8,750,1,5,6,1
201331D073113,1,9,0,17,0,0,2,10,2,9,4,1,6,1,6,1796,1,14,6,1
201331D073413,1,9,0,18,0,8,1,0,3,4,1,1,6,1,5,1197,1,1,-1,-1
201331D073813,1,5,0,16,0,0,1,0,7,0,1,1,6,1,7,893,1,20,2,1
201331D073813,2,9,0,17,0,0,0,0,1,0,1,1,6,1,7,1598,1,4,6,1
201331D073913,1,9,0,18,0,1,0,0,0,0,1,1,6,1,4,1896,2,10,4,1
201331D073913,2,9,0,3,0,1,0,0,0,0,2,1,6,1,7,1560,2,6,3,1
201331D074213,1,11,0,2,0,0,0,0,0,0,4,1,1,1,7,-1,-1,-1,6,1
201331D074413,1,9,0,18,0,8,0,0,0,0,1,1,6,1,8,1590,1,16,1,1
201331D074413,2,9,0,7,0,6,0,0,0,0,3,1,6,2,10,1242,1,11,8,1
201331D074513,1,21,0,18,0,0,0,0,1,9,1,1,1,1,8,7201,2,6,4,1
201331D074513,2,17,4,18,0,0,4,0,4,9,2,1,1,1,8,-1,2,14,7,3
201331D074613,1,9,0,16,0,0,1,0,0,0,1,1,6,1,10,2401,2,12,9,2
201331D074613,2,9,0,14,0,0,0,4,0,0,3,1,6,1,-1,1590,1,8,9,3
201331D074613,3,9,0,2,0,0,0,0,0,0,2,1,6,3,-1,1598,1,11,-1,-1
201331D075013,1,9,0,18,0,4,0,0,0,0,1,1,6,1,8,1461,2,-1,10,1
201331D075013,2,9,0,9,0,3,0,0,0,0,4,1,6,1,5,1686,2,6,10,1
201331D075613,1,9,0,18,0,0,0,0,0,0,1,1,6,2,6,1199,1,12,1,1
201331D075613,2,9,0,5,0,0,0,0,0,0,2,1,6,2,5,1299,1,12,5,2
201331D075913,1,9,0,13,0,1,0,0,0,0,1,1,6,1,5,1997,2,14,-1,-1
201331D075913,2,1,0,9,0,5,0,0,0,0,2,1,6,1,7,-1,-1,-1,9,1
201331D076313,1,9,0,18,0,1,1,0,0,0,2,2,6,1,6,-1,-1,-1,2,1
201331D076313,2,9,0,9,0,5,0,0,0,0,2,2,6,2,8,1968,2,5,6,1
201331D076513,1,19,0,18,0,2,0,0,0,0,3,1,1,1,7,2402,2,4,4,1
201331D076513,2,9,0,13,0,2,0,0,0,0,4,1,6,2,8,1560,2,6,6,1
201331D076613,1,19,0,7,0,6,0,0,0,0,3,1,6,3,-1,-1,-1,-1,-1,-1
201331D076613,2,1,0,18,0,8,0,0,0,0,1,1,6,1,6,-1,-1,-1,4,1
201331D076813,1,1,0,18,0,0,0,0,0,0,0,1,6,2,7,-1,-1,-1,4,1
201331D077013,1,9,0,17,0,0,1,0,1,9,1,1,6,1,8,2174,1,26,4,1
201331D077413,1,9,0,9,0,6,0,0,0,0,1,1,1,1,7,1120,1,16,-1,-1
201331D077413,2,9,0,9,0,5,0,0,0,0,4,1,3,2,7,1587,1,7,3,1
201331D077513,1,9,0,14,0,1,0,0,0,0,1,1,6,1,9,1560,2,4,8,3
201331D078713,1,9,0,16,0,0,0,0,1,9,1,1,2,2,9,1988,1,13,9,1
201331D078813,1,9,0,18,0,0,0,0,1,9,4,1,6,2,7,1598,1,7,9,3
201331D079313,1,9,0,16,0,0,1,0,1,2,3,1,6,1,5,1990,1,17,4,1
201331D079913,1,9,0,18,0,6,0,0,0,0,1,1,6,1,-1,-1,-1,-1,-1,-1
201331D079913,2,9,0,18,0,8,0,0,0,0,3,1,6,1,7,1796,1,9,6,1
201331D080513,1,9,0,9,0,6,0,0,0,0,1,1,2,1,7,1905,2,15,6,1
201331D080513,2,5,0,14,0,8,0,0,0,0,4,1,6,1,5,599,1,8,10,2
201331D081213,1,9,0,18,0,1,0,0,0,0,1,1,2,1,7,2967,2,9,9,2
201331D081213,2,9,0,3,0,1,0,0,0,0,2,1,1,1,6,1124,1,13,7,3
201331D081413,1,9,0,15,0,8,0,0,0,0,3,1,6,1,5,1997,2,12,3,1
201331D081413,2,9,0,10,0,8,0,0,0,0,4,1,6,2,8,1582,2,6,7,3
201331D081613,1,9,0,18,0,3,0,0,0,0,1,1,2,1,10,998,1,9,10,1
201331D081613,2,1,0,18,0,3,0,0,0,0,2,1,2,1,6,-1,-1,-1,10,1
201331D081813,1,9,0,14,0,0,1,0,0,0,1,1,6,1,-1,-1,-1,-1,-1,-1
201331D081813,2,1,0,18,0,0,0,0,0,0,3,1,6,1,3,-1,-1,-1,5,1
201331D082713,1,9,0,9,0,6,0,0,0,0,3,1,6,1,4,1388,1,14,4,1
201331D082713,2,9,0,14,0,8,1,0,0,0,1,1,6,1,10,1596,1,12,4,1
201331D084113,1,3,0,13,0,8,0,0,0,0,1,1,6,1,5,124,1,6,3,1
201331D084113,2,9,0,9,0,5,0,0,0,0,3,1,6,2,9,1398,1,2,4,1
201331D084413,1,9,0,17,0,8,1,10,0,0,4,1,6,2,6,-1,-1,-1,5,1
201331D084513,1,9,0,4,0,1,0,0,0,0,1,1,6,2,5,1686,2,10,10,1
201331D084513,2,9,0,4,0,5,0,0,0,0,2,1,2,2,8,1999,1,9,9,2
201331D084613,1,9,0,9,0,5,0,0,0,0,3,1,1,1,8,1598,2,3,10,1
201331D084613,2,1,0,14,0,8,0,0,0,0,1,1,1,1,9,-1,-1,-1,10,1
201331D084713,1,9,0,18,0,1,0,0,0,0,1,1,6,1,7,2497,2,15,2,1