Accident_Index,Vehicle_Reference,Vehicle_Type,Towing_and_Articulation,Vehicle_Manoeuvre,Vehicle_Location-Restricted_Lane,Junction_Location,Skidding_and_Overturning,Hit_Object_in_Carriageway,Vehicle_Leaving_Carriageway,Hit_Object_off_Carriageway,1st_Point_of_Impact,Was_Vehicle_Left_Hand_Drive?,Journey_Purpose_of_Driver,Sex_of_Driver,Age_Band_of_Driver,Engine_Capacity_(CC),Propulsion_Code,Age_of_Vehicle,Driver_IMD_Decile,Driver_Home_Area_Type
201331D084713,2,9,0,10,0,4,0,0,0,0,2,1,6,1,4,998,1,14,9,1
201331D084813,1,9,0,18,0,4,0,0,0,0,1,1,2,1,6,1995,2,11,2,1
201331D084813,2,1,0,9,0,8,0,0,1,0,4,1,6,1,6,-1,-1,-1,10,1
201331D084913,1,9,0,18,0,0,0,0,1,11,1,1,6,1,4,1229,1,9,8,1
201331D084913,2,9,0,2,0,0,0,0,0,0,4,1,6,3,-1,1242,1,7,-1,-1
201331D085213,1,9,0,5,0,1,0,0,0,0,0,1,6,2,5,1598,1,4,9,2
201331D085213,2,1,0,18,0,1,0,0,0,0,0,1,6,1,2,-1,-1,-1,-1,-1
201331D085313,1,9,0,18,0,0,0,0,0,0,1,1,2,2,5,1199,1,9,4,1
201331D085313,2,19,0,4,0,0,0,0,0,0,2,1,1,1,6,1248,2,2,6,1
201331D085813,1,2,0,10,0,1,0,0,0,0,3,1,6,2,5,49,1,-1,4,1
201331D086413,1,9,0,18,0,0,0,0,0,0,1,1,6,1,7,999,1,4,1,1
201331D086413,2,9,0,3,0,0,0,0,0,0,2,1,6,2,8,1753,2,5,9,3
201331D086713,1,19,0,12,0,0,0,0,0,0,3,1,1,1,8,4250,2,14,5,1
201331D086713,2,9,0,18,0,0,0,0,0,0,1,1,1,1,7,-1,-1,-1,6,1
201331D087013,1,19,0,18,0,1,0,0,0,0,1,1,3,1,4,1997,2,9,4,1
201331D087013,2,8,0,8,0,1,0,0,0,0,2,1,1,1,9,1560,2,6,2,1
201331D087013,3,8,0,8,0,1,0,0,0,0,2,1,1,1,6,1995,2,8,3,1
201331D087513,1,9,0,18,0,1,0,0,0,0,1,1,1,1,8,1560,2,3,3,1
201331D087513,2,19,0,18,0,1,0,0,0,0,2,1,1,1,6,2500,2,16,1,1
201331D088413,1,5,0,18,0,0,1,0,0,0,1,1,6,1,6,636,1,8,4,1
201331D088413,2,19,0,3,0,0,0,0,0,0,2,1,6,1,7,1868,2,11,4,1
201331D088613,1,9,0,2,0,0,0,4,0,0,2,1,1,2,6,1248,2,6,-1,-1
201331D088613,2,9,0,2,0,0,0,4,0,0,1,1,6,1,9,998,1,9,2,1
201331D088613,3,9,0,2,0,0,0,0,0,0,1,1,6,2,7,973,1,10,2,1
201331D089413,1,9,0,9,0,6,0,0,0,0,3,1,2,2,7,-1,-1,-1,7,1
201331D089413,2,9,0,18,0,8,1,0,0,0,1,1,6,1,8,1396,1,12,4,1
201331D090313,1,9,0,16,0,0,0,0,1,2,1,1,6,1,6,-1,-1,-1,3,1
201331D090413,1,21,1,18,0,0,0,0,0,0,1,1,1,1,6,12419,2,4,5,2
201331D090413,2,9,0,6,0,0,0,0,7,0,2,1,1,2,8,1398,1,2,2,1
201331D091413,1,1,0,18,0,2,0,0,0,0,4,1,6,1,6,-1,-1,-1,8,1
201331D091913,1,90,0,18,0,1,0,0,1,5,4,1,1,1,6,-1,-1,-1,-1,-1
201331D092013,1,9,0,9,0,5,0,0,0,0,1,1,6,2,10,1598,1,6,6,1
201331D092013,2,9,0,18,0,8,0,0,0,0,1,1,6,1,5,1896,2,6,9,1
201331D092713,1,9,0,18,0,1,1,0,0,0,1,1,6,2,6,1686,2,10,5,1
201331D092713,2,9,0,10,0,8,0,0,0,0,2,1,6,1,4,1364,1,2,6,3
201331D092813,1,9,0,5,0,1,0,0,0,0,1,1,1,2,8,1587,1,8,6,1
201331D092813,2,9,0,3,0,1,0,0,0,0,2,1,2,1,6,1598,2,1,7,1
201331D093213,1,9,0,9,0,5,0,0,0,0,4,1,6,2,5,1124,1,10,10,1
201331D093213,2,9,0,17,0,8,0,0,0,0,1,1,6,2,9,1796,1,6,3,1
201331D093313,1,9,0,18,0,4,1,0,0,0,1,1,6,2,9,1248,2,2,3,1
201331D093313,2,1,0,9,0,5,0,0,0,0,4,1,6,2,7,-1,-1,-1,6,1
201331D093513,1,9,0,18,0,0,1,0,7,9,2,1,2,2,5,1596,1,6,9,1
201331D093613,1,9,0,17,0,0,0,0,1,10,1,1,6,1,10,1590,1,11,9,3
201331D093713,1,9,4,11,0,5,4,0,1,0,1,1,6,1,5,1796,1,13,2,1
201331D093813,1,9,0,5,0,2,0,0,0,0,1,1,6,2,10,998,1,13,8,1
201331D094213,1,3,0,16,0,0,1,0,7,9,1,1,6,1,4,124,1,14,5,1
201331D094413,1,9,0,18,0,8,0,0,0,0,1,1,6,1,6,1999,1,10,-1,-1
201331D094413,2,9,0,10,0,8,0,0,0,0,2,1,6,2,7,2199,2,1,10,1
201331D096413,1,9,0,18,0,8,0,0,1,0,1,1,2,1,5,1149,1,7,4,1
201331D096413,2,9,0,3,0,1,0,0,0,0,3,1,2,1,9,1360,1,11,7,1
201331D096413,3,9,0,3,0,1,0,0,0,0,3,1,2,2,5,1242,1,4,6,1
201331D096913,1,19,0,18,0,1,0,0,0,0,3,1,6,1,-1,2402,2,12,-1,-1
201331D096913,2,1,0,18,0,1,0,0,0,0,4,1,6,1,7,-1,-1,-1,3,1
201331D097213,1,19,0,16,0,0,1,0,0,0,1,1,1,1,6,2402,2,13,5,1
201331D097213,2,9,0,17,0,0,0,0,0,0,3,1,6,1,10,1595,1,11,8,1
201331D097313,1,9,0,4,0,2,0,0,0,0,0,1,6,1,-1,2494,1,10,9,1
201331D097313,2,11,0,12,0,2,0,0,0,0,0,1,1,1,9,4250,2,3,7,1
201331D097413,1,9,0,1,9,1,0,0,0,0,3,1,6,3,-1,-1,-1,-1,-1,-1
201331D097813,1,9,0,18,0,1,0,0,0,0,1,1,6,1,-1,1896,2,13,3,1
201331D097813,2,9,0,8,0,1,0,0,0,0,2,1,6,2,7,1339,1,10,5,1
201331D098413,1,5,0,18,0,8,0,0,0,0,1,1,6,1,6,1130,1,13,9,1
201331D098413,2,9,0,4,0,8,0,0,0,0,2,1,6,2,9,-1,-1,-1,10,3
201331D098913,1,19,0,9,0,6,0,0,0,0,1,1,2,1,8,-1,-1,-1,2,1
201331D098913,2,9,0,18,0,8,0,0,0,0,4,1,2,1,8,-1,-1,-1,8,3
201331D099213,1,9,0,18,0,0,0,0,0,0,1,1,2,1,6,1900,2,8,9,1
201331D099213,2,9,0,18,0,0,0,0,0,0,1,1,2,1,9,1968,2,1,-1,-1
201331D100313,1,8,0,7,0,5,0,0,0,0,1,1,1,1,9,2148,2,5,3,1
201331D101213,1,20,0,11,0,0,0,0,0,0,2,1,1,1,7,4250,2,13,5,1
201331D101213,2,9,0,18,0,0,1,0,0,0,1,1,6,2,7,1360,1,13,4,1
201331D102113,1,19,0,13,0,0,0,0,1,4,4,1,6,1,7,1995,2,2,1,1
201331D102113,2,9,0,13,0,0,0,0,7,0,3,1,6,1,5,1984,1,12,1,1
201331D102213,1,9,0,6,0,0,0,0,0,0,3,1,1,1,7,1794,1,10,7,1
201331D102213,2,3,0,13,0,0,1,0,0,0,1,1,6,1,5,125,1,8,4,1
201331D103213,1,11,0,2,0,1,0,0,0,0,0,1,1,1,9,9000,2,9,2,1
201331D103313,1,11,0,17,0,8,0,0,0,0,0,1,1,2,8,7300,2,5,3,1
201331D103613,1,9,0,9,0,4,0,0,0,0,1,1,6,3,-1,-1,-1,-1,-1,-1
201331D103613,2,9,0,9,0,8,0,0,1,11,2,1,6,1,11,1598,1,13,10,1
201331D105013,1,9,0,18,0,0,0,0,0,0,1,1,2,2,7,1591,1,1,8,1
201331D105013,2,9,0,3,0,0,0,0,0,0,2,1,2,1,-1,1968,2,1,7,1
201331D105013,3,9,0,3,0,0,0,0,0,0,2,1,6,2,7,1998,2,1,8,3
201331D105113,1,9,0,17,0,0,1,0,0,0,3,1,6,1,6,1995,2,3,2,1
201331D105113,2,9,0,16,0,0,0,0,0,0,3,1,6,2,5,1242,1,1,8,3
201331D105813,1,9,0,18,0,0,0,0,1,0,1,1,2,2,8,1596,1,11,10,1
201331D105813,2,11,0,18,0,0,0,0,0,0,3,1,1,1,7,4250,2,3,7,1
201331D106013,1,9,0,13,0,0,5,0,7,4,1,1,2,1,6,3498,1,5,9,1
201331D106013,2,9,0,18,0,0,0,0,0,0,1,1,2,1,9,1149,1,10,9,1
201331D106013,3,9,0,18,0,0,0,0,0,0,2,1,2,2,5,1595,1,6,10,2
201331D106013,4,9,0,18,0,0,0,0,0,0,1,1,2,1,8,1796,1,9,10,2
201331D106313,1,9,0,7,0,5,0,0,0,0,4,1,2,1,8,1396,1,10,4,1
201331D106313,2,1,0,18,0,8,0,0,0,0,1,1,2,1,7,-1,-1,-1,3,1
201331D106513,1,9,0,9,0,6,0,0,0,0,3,1,6,1,5,1910,2,6,9,1
201331D106513,2,9,0,18,0,8,0,0,7,3,1,1,6,1,8,998,1,12,7,1
201331D107113,1,5,0,18,0,0,0,11,0,0,1,1,2,1,8,649,1,3,3,1
201331D107313,1,9,0,18,0,0,5,7,0,0,1,1,6,1,5,1994,1,13,9,1
201331D107413,1,9,0,4,0,0,0,0,0,0,0,1,6,1,10,1968,2,-1,9,2
201331D107413,2,3,0,18,0,0,0,0,0,0,1,1,6,1,9,124,1,47,8,3
201331D107813,1,9,0,9,0,5,0,0,0,0,3,1,6,2,10,1339,1,5,10,1
201331D107813,2,1,0,18,0,8,0,0,0,0,1,1,6,2,3,-1,-1,-1,10,1
201331D108313,1,9,0,16,0,0,0,0,1,4,1,1,6,1,11,1388,1,8,9,2
201331D108313,2,9,0,17,0,0,0,0,7,0,4,1,6,2,9,1240,1,9,2,1
201331D108413,1,3,0,9,0,5,1,0,1,10,3,1,2,1,5,124,1,-1,6,1
201331D108613,1,9,0,9,0,6,0,0,0,0,1,1,6,1,7,1197,1,1,4,1
201331D108613,2,9,0,18,0,8,0,0,1,0,4,1,6,1,6,1995,2,1,8,2
201331D109213,1,9,0,17,0,0,2,10,0,0,4,1,6,1,4,1149,1,10,2,1
201331D109313,1,9,0,9,0,5,0,0,7,0,4,1,6,1,8,1956,2,1,6,3
201331D109313,2,9,0,9,0,5,0,0,0,0,0,1,6,1,-1,1995,1,5,5,3
201331D109313,3,9,0,18,0,8,0,0,0,0,1,1,2,2,5,-1,-1,-1,6,2
201331D109513,1,9,0,18,0,0,0,0,0,0,1,1,2,1,6,1905,2,15,4,1
201331D109513,2,9,0,3,0,0,0,0,0,0,2,1,6,1,8,1388,1,9,1,1
201331D109513,3,9,0,3,0,0,0,0,0,0,2,1,2,1,6,1840,1,16,2,1
201331D110113,1,21,1,17,0,8,0,0,0,0,3,1,1,1,7,12740,2,-1,8,2
201331D110113,2,9,0,16,0,8,0,0,0,0,3,1,6,1,8,4172,1,13,7,1
201331D110413,1,9,0,1,9,6,0,0,0,0,2,1,6,3,-1,-1,-1,-1,-1,-1
201331D110513,1,9,0,9,0,6,0,0,0,0,3,1,6,2,7,1796,1,10,-1,-1
201331D110513,2,9,0,18,0,8,0,0,0,0,1,1,6,1,8,2435,1,15,5,1
201331D110713,1,19,0,18,0,1,0,0,1,3,1,1,6,1,8,-1,-1,-1,3,2
201331D111113,1,9,0,9,0,6,0,0,0,0,3,1,6,1,6,1598,2,-1,-1,-1
201331D111113,2,9,0,18,0,8,0,0,1,0,1,1,1,1,7,1198,1,4,8,1
201331D111213,1,9,0,18,0,8,0,0,0,0,4,1,6,1,4,1598,1,3,6,1
201331D111213,2,1,0,18,0,8,0,0,0,0,1,1,6,1,8,-1,-1,-1,10,1
201331D111713,1,9,0,7,2,6,0,0,0,0,1,1,2,2,8,1242,1,-1,3,1
201331D111713,2,11,0,18,2,8,0,0,0,0,4,1,1,1,9,6374,2,1,5,1
201331D112213,1,9,0,18,0,8,0,0,0,0,1,1,6,1,6,-1,-1,-1,-1,-1
201331D112213,2,1,0,18,0,8,0,0,0,0,3,1,6,1,8,-1,-1,-1,-1,-1
201331D113013,1,9,0,4,0,0,0,0,0,0,1,1,6,1,9,1598,1,8,2,1
201331D113013,2,9,0,4,0,0,0,0,0,0,2,1,6,2,7,2184,2,2,9,1
201331D113313,1,9,0,7,0,5,0,0,0,0,1,1,6,1,5,2148,2,10,9,1
201331D113513,1,9,0,18,0,1,0,0,0,0,1,1,6,1,4,1994,2,10,8,1
201331D113513,2,9,0,3,0,1,0,0,0,0,2,1,6,1,10,-1,-1,-1,2,1
201331D113513,3,9,0,3,0,1,0,0,0,0,2,1,6,1,7,1598,2,2,6,3
201331D113513,4,9,0,8,0,5,0,0,0,0,2,1,6,1,5,1242,1,11,6,1
201331D113713,1,20,0,18,0,1,1,0,0,0,1,1,1,1,9,12580,2,7,2,1
201331D113713,2,9,0,3,0,1,0,0,0,0,2,1,6,2,8,1600,1,1,8,3
201331D113713,3,9,0,10,0,5,0,0,0,0,2,1,6,2,10,1598,1,7,10,2
201331D113813,1,19,0,18,0,1,0,0,0,0,1,1,2,1,7,1998,2,7,2,1
201331D113813,2,9,0,3,0,1,0,4,0,0,2,1,6,2,6,1596,1,10,3,1
201331D113813,3,9,0,3,0,1,0,0,0,0,2,1,2,2,8,599,1,11,7,1
201331D113813,4,11,0,2,0,8,0,0,0,0,2,1,6,1,7,9000,2,9,2,1
201331D113913,1,9,0,18,0,8,0,0,0,0,1,1,1,2,8,-1,-1,-1,9,1
201331D113913,2,9,0,18,0,8,0,0,1,11,3,1,6,2,8,1360,1,6,10,2
201331D114013,1,16,0,3,0,1,0,0,0,0,0,1,6,2,7,-1,-1,-1,-1,-1
201331D114313,1,9,0,16,0,0,1,10,6,2,1,1,6,1,5,1199,1,10,1,1
201331D114613,1,19,0,18,0,0,0,0,0,0,3,2,1,1,6,-1,-1,-1,-1,-1
201331D114613,2,10,0,18,0,0,0,0,0,0,3,1,6,2,7,2100,1,26,-1,-1
201331D114713,1,1,0,18,0,2,0,0,0,0,1,1,6,1,3,-1,-1,-1,6,2
201331D114713,2,9,0,18,0,2,0,0,0,0,1,1,6,2,9,1686,2,2,6,2
201331D115313,1,9,0,18,0,8,2,0,1,2,1,1,6,3,-1,1598,1,8,-1,-1
201331D115613,1,9,0,18,0,4,0,0,0,0,3,1,6,2,8,1242,1,15,3,1
201331D115613,2,9,0,9,0,8,0,0,0,0,1,1,6,1,4,1199,1,9,6,2
201331D115913,1,9,0,12,0,2,1,0,6,0,1,1,1,1,6,1998,1,18,3,1
201331D115913,2,19,0,3,0,1,0,0,0,0,3,1,1,1,7,2198,2,2,2,1
201331D115913,3,9,0,3,0,1,0,0,0,0,3,1,1,2,5,1997,2,4,2,1
201331D116213,1,9,0,18,0,0,0,0,0,0,1,1,6,1,9,1870,2,10,8,1
201331D116213,2,9,0,3,0,0,0,0,0,0,2,1,6,2,7,1598,1,10,8,1
201331D116313,1,9,0,18,0,0,0,0,0,0,1,1,2,2,6,1364,2,8,10,1
201331D116313,2,9,0,18,0,0,0,0,0,0,2,1,2,2,7,2000,2,7,2,1
201331D116613,1,9,0,18,0,1,0,0,0,0,4,1,2,1,7,1596,1,6,9,1
201331D116613,2,1,0,4,0,1,0,0,0,0,2,1,6,1,7,-1,-1,-1,10,1
201331D116813,1,9,0,11,0,8,0,0,0,0,0,1,6,1,6,1368,1,6,4,1
201331D116813,2,5,0,17,0,8,0,0,0,0,4,1,6,1,8,600,1,14,3,1
201331D117113,1,9,0,4,0,1,0,0,0,0,1,1,6,2,8,2184,2,10,2,1
201331D117113,2,19,0,10,0,5,0,0,0,0,2,1,3,2,6,-1,-1,-1,4,1
201331D118013,1,3,0,9,0,6,1,0,0,0,1,1,6,1,6,125,1,1,9,2
201331D118013,2,19,0,17,0,8,0,0,0,0,4,1,1,1,8,1995,2,1,-1,-1
201331D118613,1,9,0,16,0,8,0,0,0,0,4,1,6,2,7,1968,2,3,10,1
201331D118613,2,1,0,18,0,8,0,0,0,0,1,1,4,1,1,-1,-1,-1,10,1
201331D119413,1,9,0,13,0,0,0,0,0,0,3,1,6,2,6,1198,1,2,-1,1
201331D119413,2,9,0,18,0,0,5,0,6,6,4,1,6,2,6,1299,1,8,4,1
201331D120413,1,9,0,4,0,1,0,0,0,0,1,1,6,1,10,1388,1,10,10,1
201331D120413,2,9,0,8,0,1,0,0,0,0,2,1,6,1,7,1997,2,11,1,1
201331D120613,1,9,0,18,0,1,0,0,0,0,1,1,1,1,4,1195,1,16,2,1
201331D120613,2,9,0,18,0,1,0,0,0,0,2,1,6,2,8,1299,1,12,9,1
201331D120813,1,9,0,18,0,1,0,0,0,0,1,1,6,2,6,1910,2,12,3,1
201331D120813,2,9,0,10,0,1,0,0,0,0,2,1,6,1,6,1396,1,10,2,1
201331D122613,1,9,0,9,0,6,0,0,0,0,1,1,6,1,11,1595,1,11,-1,-1
201331D122813,1,9,0,16,0,0,0,0,0,0,1,1,6,1,8,1560,2,4,6,1
201331D123213,1,9,0,7,0,3,0,0,0,0,1,2,2,3,-1,1560,2,3,-1,-1
201331D124113,1,9,0,1,9,6,0,0,0,0,2,1,6,1,9,3222,2,11,9,1
201331D124213,1,9,0,14,0,0,5,4,0,0,1,1,6,1,4,1242,1,7,9,3
201331D124213,2,9,0,2,0,0,0,0,0,0,1,1,6,3,-1,2987,2,2,-1,-1
201331D124413,1,19,0,1,0,6,0,0,0,0,2,1,6,1,7,2198,2,2,10,1
201331D124413,2,1,0,18,0,8,0,0,0,0,1,1,1,1,7,-1,-1,-1,-1,-1
201331D124613,1,9,0,1,0,0,0,0,0,0,2,1,6,2,8,1598,1,11,8,1
201331D124713,1,9,0,12,0,1,0,0,0,0,0,1,6,3,-1,-1,-1,-1,-1,-1
201331D124713,2,9,0,18,0,1,0,0,0,0,2,1,6,3,-1,-1,-1,-1,-1,-1
201331D124713,3,3,0,18,0,1,1,0,0,0,1,1,2,1,6,124,1,2,9,1
201331D124813,1,9,0,18,0,0,0,0,0,0,1,1,1,1,7,1686,2,7,1,1
201331D124813,2,9,0,3,0,0,0,0,0,0,2,1,2,1,6,1997,2,11,2,1
201331D124913,1,1,0,18,0,0,0,4,0,0,1,1,6,1,8,-1,-1,-1,7,1
201331D124913,2,9,0,2,0,0,0,0,0,0,4,1,6,1,-1,2171,1,12,-1,-1
201331D125013,1,9,0,6,0,1,0,0,0,0,3,1,6,1,7,1600,2,1,10,1
201331D125013,2,5,0,14,0,1,0,0,0,0,1,1,6,1,7,656,1,4,3,1
201331D125113,1,9,0,17,0,8,0,0,0,0,4,1,6,2,7,2231,2,6,10,1
201331D125213,1,9,0,18,0,1,1,0,0,0,3,1,2,1,6,1997,2,11,7,1
201331D125213,2,21,1,9,0,8,0,10,0,0,3,1,1,1,8,10837,2,3,1,1
201331D125613,1,9,0,18,0,3,0,0,0,0,1,1,6,1,8,1997,2,2,10,2
201331D125613,2,9,0,18,0,8,0,0,7,0,4,1,6,1,9,1798,1,10,5,1
201331D125913,1,9,0,16,0,0,0,0,0,0,1,1,6,2,5,1998,1,12,7,2
201331D125913,2,19,0,17,0,0,0,0,0,0,1,1,1,1,8,1995,2,2,5,3
201331D126813,1,9,0,18,0,0,0,0,0,0,2,1,6,1,7,1988,1,11,6,1
201331D126813,2,9,0,18,0,0,0,0,0,0,1,1,6,1,8,2198,2,6,10,2
201331D126913,1,9,0,18,0,1,0,0,0,0,1,1,6,1,6,1997,2,4,8,1
201331D126913,2,9,0,3,0,1,0,0,0,0,2,1,6,1,5,1343,1,12,8,1
201331D127113,1,9,0,18,0,8,0,0,0,0,4,1,6,2,6,1998,1,12,9,1
201331D127113,2,9,0,18,0,8,0,0,0,0,1,1,6,2,5,1242,1,8,10,2
201331D127413,1,9,0,18,0,1,0,0,0,0,1,1,6,1,6,1781,1,10,3,1
201331D127413,2,9,0,18,0,2,0,0,0,0,1,1,6,2,5,1242,1,4,4,1
201331D127513,1,19,0,18,0,0,0,0,0,0,1,1,1,1,-1,-1,-1,-1,-1,-1
201331D127513,2,9,0,18,0,0,0,0,0,0,2,1,6,1,10,1396,1,11,5,1
201331D127613,1,3,0,18,0,0,0,0,0,0,4,1,6,2,4,124,1,8,10,1
201331D127913,1,9,0,18,0,6,0,0,0,0,3,1,2,1,5,1339,1,9,4,1
201331D127913,2,9,0,17,0,8,0,0,0,0,1,1,2,1,6,1998,1,14,-1,-1
201331D128013,1,9,0,7,0,2,0,7,1,11,1,1,6,1,4,1242,1,8,3,1
201331D128313,1,9,0,18,0,0,0,0,0,0,1,1,6,1,6,-1,-1,-1,4,1
201331D129213,1,19,0,9,0,5,0,0,0,0,3,1,2,1,6,-1,-1,-1,3,1
201331D129213,2,1,0,13,0,8,0,0,0,0,1,1,2,1,6,-1,-1,-1,7,1
201331D129313,1,9,0,14,0,1,0,0,0,0,1,1,6,1,5,1597,1,5,6,1
201331D130213,1,9,0,18,0,0,0,0,0,0,1,1,6,2,10,1596,1,5,10,2
201331D130213,2,19,0,2,0,0,0,0,0,0,2,1,6,3,-1,1753,2,5,-1,-1
201331D130413,1,9,0,7,0,4,0,0,0,0,3,1,6,2,-1,1206,1,2,10,2
201331D130413,2,1,0,18,0,3,0,0,0,0,1,1,2,1,-1,-1,-1,-1,-1,-1
201331D130513,1,9,0,12,0,0,0,0,0,0,0,1,6,3,-1,-1,-1,-1,-1,-1
201331D130513,2,9,0,18,0,0,1,0,5,7,3,1,6,2,9,1590,1,13,6,1
201331D132313,1,9,0,1,0,0,0,0,0,0,2,1,1,1,-1,1988,2,10,3,1
201331D132713,1,9,0,18,0,0,5,7,0,0,1,1,6,2,10,1794,1,10,8,1
201331D132713,2,9,0,18,0,0,0,0,0,0,1,1,6,2,7,2143,2,-1,4,1
201331D132813,1,9,0,9,0,4,0,0,0,0,1,1,6,1,6,1598,1,5,9,1
201331D132813,2,5,0,7,0,8,1,0,0,0,4,1,6,1,4,-1,-1,-1,6,1
201331D133613,1,9,0,9,0,6,0,0,0,0,4,1,6,1,8,1399,2,3,8,1
201331D133613,2,9,0,18,0,8,0,0,0,0,1,1,2,2,10,1389,1,11,6,1
201331D133713,1,9,0,7,0,6,0,0,0,0,1,1,6,2,9,1560,2,2,9,1
201331D133713,2,1,0,18,0,8,0,0,0,0,4,1,6,1,10,-1,-1,-1,10,3
201331D134213,1,9,0,9,0,5,0,0,0,0,4,1,6,1,5,1796,1,10,2,1
201331D134213,2,1,0,15,0,8,0,0,0,0,1,1,6,1,5,-1,-1,-1,10,1
201331D134713,1,1,0,18,0,0,0,0,0,0,1,1,4,1,3,-1,-1,-1,7,1
201331D134913,1,1,0,18,0,2,0,4,0,0,1,1,6,1,2,-1,-1,-1,8,1
201331D134913,2,9,0,2,0,2,0,0,0,0,3,1,6,1,-1,1199,1,13,4,1
201331D135013,1,9,0,18,0,0,1,0,5,6,1,1,6,1,6,2987,2,8,3,1
201331D136113,1,9,0,9,0,5,0,0,0,0,1,1,6,2,8,1242,1,3,9,1
201331D136113,2,5,0,16,0,8,0,0,1,0,3,1,6,1,8,-1,-1,-1,10,1
201331D136213,1,9,0,18,0,8,0,0,0,0,1,1,6,2,5,1390,1,1,6,1
201331D136213,2,9,0,5,0,8,0,0,0,0,3,1,6,1,5,1598,1,-1,7,1
201331D136313,1,9,0,18,0,8,0,0,0,0,1,1,6,1,6,1998,2,7,10,1
201331D136313,2,9,0,5,0,8,0,0,0,0,4,1,6,2,6,1598,1,12,-1,-1
201331D136313,3,19,0,3,0,1,0,0,0,0,1,1,1,1,6,1686,2,10,6,2
201331D136813,1,9,0,3,0,0,0,0,0,0,2,1,2,1,5,999,1,-1,-1,-1
201331D136813,2,9,0,18,0,0,0,0,0,0,1,1,6,1,-1,1896,2,11,-1,-1
201331D137913,1,9,0,18,0,0,0,0,0,0,1,1,6,1,8,1348,1,11,1,1
201331D138213,1,9,0,7,0,5,0,0,0,0,4,1,3,2,7,1596,1,-1,10,1
201331D138213,2,9,0,15,0,8,0,0,0,0,3,1,6,2,9,1995,2,1,9,1
201331D138313,1,9,0,5,0,1,0,0,0,0,1,1,6,3,-1,1587,1,11,-1,-1
201331D138313,2,9,0,3,0,4,0,0,0,0,2,1,6,2,-1,1248,1,-1,4,1
201331D138513,1,9,0,4,0,0,0,0,0,0,1,1,6,2,7,1997,2,7,9,2
201331D138613,1,9,0,6,0,0,0,0,5,6,3,1,6,2,9,1905,2,15,9,1
201331D138613,2,19,0,18,0,0,0,0,4,6,1,1,1,1,7,2198,2,2,9,1
201331D139213,1,9,0,9,0,5,0,0,0,0,1,1,2,2,9,1360,1,6,-1,-1
201331D139213,2,1,0,18,0,8,0,0,0,0,1,1,2,1,8,-1,-1,-1,-1,-1
201331D139413,1,9,0,13,0,0,0,0,0,0,0,1,6,3,-1,-1,-1,-1,-1,-1
201331D139413,2,1,0,18,0,0,0,10,1,0,4,1,6,2,6,-1,-1,-1,7,1
201331D139513,1,19,0,4,0,1,0,0,0,0,1,1,1,1,6,1998,2,11,-1,-1
201331D139513,2,9,0,3,0,1,0,0,0,0,2,1,1,1,7,1242,1,-1,-1,-1
201331D139913,1,9,0,18,0,2,0,0,0,0,1,1,2,1,7,1998,2,9,10,1
201331D139913,2,9,0,4,0,2,0,0,0,0,2,1,2,1,8,1997,2,2,3,1
201331D140113,1,9,0,16,0,0,1,0,7,1,1,1,6,2,4,1149,1,10,-1,-1
201331D140313,1,9,0,18,0,1,0,0,0,0,1,1,6,1,-1,1796,1,13,4,1
201331D141113,1,9,0,16,0,2,0,0,0,0,1,1,6,3,-1,1587,1,12,-1,-1
201331D141513,1,19,0,9,0,6,0,0,0,0,3,1,1,1,6,1461,2,4,5,1
201331D141513,2,9,0,18,0,8,0,0,0,0,1,1,1,2,5,973,1,12,6,1
201331D141613,1,9,0,18,0,0,0,7,0,0,4,1,6,1,4,1400,1,10,6,1
201331D141913,1,1,0,18,0,1,0,0,0,0,2,1,1,1,4,-1,-1,-1,7,2
201331D141913,2,19,0,18,0,1,0,0,0,0,1,1,1,1,8,2198,2,2,2,1
201331D142213,1,9,0,9,0,6,0,0,0,0,1,1,6,1,5,1753,2,11,6,1
201331D142213,2,9,0,18,0,8,0,0,0,0,1,1,6,1,7,1870,2,9,4,2
201331D142613,1,9,0,14,0,0,0,0,0,0,1,1,6,1,6,1790,1,4,7,1
201331D143013,1,11,0,18,0,1,0,0,0,0,0,1,1,1,8,8300,2,13,6,3
201331D143113,1,9,0,3,0,2,0,0,0,0,2,1,6,2,8,1390,1,8,1,1
201331D143113,2,9,0,18,0,2,0,0,0,0,1,1,6,1,8,1587,1,9,5,1
201331D143813,1,9,0,16,0,0,1,10,7,3,4,1,6,2,5,1388,1,11,10,2
201331D143813,2,9,0,17,0,0,0,0,0,0,1,1,6,1,10,2495,2,17,6,2
201331D143913,1,5,0,18,0,0,0,0,1,9,1,1,6,1,7,649,1,-1,6,1
201331D144713,1,9,0,18,0,8,0,0,0,0,1,1,6,1,6,1900,2,8,5,1
201331D144713,2,8,0,18,0,8,1,0,1,11,2,1,1,1,7,1560,2,6,1,1
201331D144813,1,9,0,4,0,0,0,0,0,0,3,1,6,1,7,1339,1,3,2,1