Accident_Index,Vehicle_Reference,Vehicle_Type,Towing_and_Articulation,Vehicle_Manoeuvre,Vehicle_Location-Restricted_Lane,Junction_Location,Skidding_and_Overturning,Hit_Object_in_Carriageway,Vehicle_Leaving_Carriageway,Hit_Object_off_Carriageway,1st_Point_of_Impact,Was_Vehicle_Left_Hand_Drive?,Journey_Purpose_of_Driver,Sex_of_Driver,Age_Band_of_Driver,Engine_Capacity_(CC),Propulsion_Code,Age_of_Vehicle,Driver_IMD_Decile,Driver_Home_Area_Type
201331D144813,2,3,0,18,0,0,0,0,0,0,4,1,6,1,6,125,1,9,2,1
201331D145113,1,9,0,18,0,0,0,0,1,1,1,1,6,1,6,1796,1,12,2,1
201331D145813,1,9,0,14,0,8,0,0,0,0,4,1,1,2,7,1753,2,5,4,1
201331D145813,2,9,0,18,0,8,0,0,0,0,3,1,6,1,6,1598,1,6,1,1
201331D146013,1,9,0,18,0,0,0,0,0,0,3,1,6,3,-1,-1,-1,-1,-1,-1
201331D146013,2,9,0,18,0,0,0,0,0,0,3,1,6,2,5,1399,1,9,-1,-1
201331D146213,1,19,0,18,0,0,0,0,1,7,1,1,1,1,6,1997,2,7,8,3
201331D146313,1,9,0,18,0,0,5,0,1,9,1,1,1,1,6,-1,-1,-1,2,1
201331D146813,1,9,0,18,0,1,0,0,0,0,1,1,6,1,9,1910,2,5,8,1
201331D146813,2,1,0,18,0,1,0,0,0,0,2,1,6,2,7,-1,-1,-1,9,1
201331D147413,1,3,0,4,0,1,1,0,0,0,4,1,6,1,7,124,1,8,9,3
201331D147613,1,9,0,18,0,1,0,0,0,0,1,1,6,1,11,1299,1,15,9,2
201331D147613,2,9,0,10,0,8,0,0,0,0,2,1,6,2,4,1364,1,9,9,2
201331D148013,1,9,0,18,0,8,0,0,1,0,1,1,6,1,4,1995,2,6,4,2
201331D148013,2,9,0,9,0,5,0,0,7,0,4,1,6,1,10,1298,1,10,4,1
201331D148113,1,9,0,9,0,6,0,0,0,0,4,1,6,2,5,973,1,14,-1,-1
201331D148113,2,9,0,18,0,8,0,0,0,0,3,1,3,2,7,-1,-1,-1,3,1
201331D148313,1,9,0,4,0,1,0,0,0,0,1,1,6,2,-1,1360,1,7,3,1
201331D148313,2,9,0,10,0,1,0,0,0,0,4,1,6,2,6,1390,1,13,8,1
201331D148413,1,9,0,9,0,6,0,0,0,0,1,1,6,2,11,1199,1,11,10,2
201331D148413,2,9,0,18,0,8,2,0,7,0,1,1,6,2,6,1389,1,13,2,2
201331D148613,1,9,0,3,0,1,0,0,0,0,2,1,6,1,9,1598,1,7,6,1
201331D148613,2,9,0,18,0,1,0,0,0,0,1,1,6,2,7,1461,2,2,8,1
201331D148813,1,9,0,18,0,1,0,0,0,0,1,1,6,1,6,-1,-1,-1,6,2
201331D148813,2,9,0,8,0,1,0,0,0,0,2,1,1,2,5,1896,2,5,4,1
201331D149013,1,9,0,18,0,0,0,0,0,0,1,1,2,1,6,1587,1,5,9,1
201331D149013,2,9,0,3,0,0,0,0,0,0,2,1,6,2,8,1968,2,1,6,2
201331D149013,3,9,0,3,0,0,0,0,0,0,2,1,6,1,9,1560,2,5,4,1
201331D149013,4,9,0,3,0,0,0,0,0,0,2,1,6,1,8,-1,-1,-1,9,1
201331D149513,1,9,0,16,0,0,5,7,0,0,1,1,6,1,9,1796,1,13,6,1
201331D149713,1,20,0,18,0,8,0,0,0,0,1,1,1,1,7,4461,2,4,6,1
201331D149713,2,9,0,18,0,8,5,0,0,0,4,1,2,2,4,1124,1,8,10,2
201331D149813,1,9,0,16,0,0,0,0,0,0,1,1,1,2,6,1995,1,13,10,1
201331D149813,2,9,0,17,0,0,0,0,0,0,1,1,1,2,8,1596,1,6,-1,-1
201331D150013,1,9,0,18,0,0,0,4,0,0,1,1,6,1,6,1796,1,1,4,1
201331D150013,2,9,0,2,0,0,0,0,1,0,2,1,6,3,-1,1796,1,10,-1,-1
201331D150213,1,9,0,9,0,6,0,0,0,0,1,1,6,1,5,2204,2,5,6,1
201331D150213,2,9,0,9,0,5,0,0,0,0,3,1,6,2,5,1685,2,-1,2,2
201331D150313,1,9,0,18,0,8,1,0,1,1,1,1,6,1,8,1997,2,7,1,1
201331D150313,2,9,0,18,0,8,0,0,1,9,4,1,6,1,10,1905,2,21,-1,-1
201331D150413,1,5,0,17,0,0,0,0,0,0,4,1,6,1,8,1050,1,3,8,1
201331D150513,1,3,0,13,0,0,1,0,0,0,1,1,6,1,5,124,1,2,4,1
201331D150513,2,8,0,6,0,0,0,0,0,0,3,1,1,1,7,1968,2,6,1,1
201331D151013,1,3,0,14,0,1,0,4,0,0,1,1,6,1,6,124,1,2,4,1
201331D151013,2,9,0,18,0,2,0,0,0,0,3,1,6,1,7,1560,2,5,8,1
201331D151013,3,9,0,2,0,1,0,0,0,0,4,1,6,2,5,1400,1,8,-1,-1
201331D151013,4,9,0,2,0,2,0,0,0,0,3,1,6,1,7,1596,1,13,-1,-1
201331D151213,1,9,0,14,0,0,0,0,0,0,1,1,6,2,6,1598,1,1,4,1
201331D151813,1,19,0,1,0,0,0,0,0,0,2,1,6,3,-1,1968,2,1,-1,-1
201331D152013,1,9,0,9,0,1,0,0,0,0,1,1,2,2,7,1388,1,7,4,1
201331D152113,1,9,0,18,0,8,0,0,0,0,2,1,6,1,5,2171,2,11,2,1
201331D152113,2,1,0,18,0,4,0,0,0,0,1,1,6,1,8,-1,-1,-1,7,1
201331D152313,1,9,0,9,0,6,0,0,0,0,3,1,6,2,11,1299,1,9,-1,-1
201331D152313,2,19,0,17,0,8,1,0,0,0,1,1,6,1,6,1686,2,11,2,1
201331D152413,1,1,0,18,0,8,1,0,0,0,1,1,6,1,7,-1,-1,-1,9,1
201331D152413,2,9,0,9,0,5,0,0,0,0,3,1,6,1,6,1798,1,8,6,1
201331D154513,1,9,0,9,0,6,0,0,0,0,1,1,6,1,9,1229,1,3,7,1
201331D154513,2,9,0,16,0,8,0,0,0,0,3,1,6,1,11,1796,1,12,4,1
201331D155413,1,9,0,16,0,0,0,0,0,0,1,1,6,1,6,1995,2,5,7,1
201331D155413,2,9,0,3,0,0,0,0,0,0,2,1,6,1,9,1229,1,3,7,1
201331D156213,1,9,0,18,0,0,0,0,0,0,1,1,6,1,7,-1,-1,-1,4,1
201331D156213,2,9,0,18,0,0,0,0,1,0,1,1,6,2,7,1796,1,13,7,1
201331D156413,1,9,0,18,0,0,0,0,0,0,1,1,6,2,10,1108,1,5,7,3
201331D156413,2,19,0,3,0,0,0,0,0,0,2,1,6,1,10,2151,2,11,10,3
201331D157113,1,9,0,18,0,0,0,0,0,0,1,1,2,1,9,1586,1,9,4,1
201331D157113,2,9,0,18,0,0,0,0,0,0,1,1,2,2,5,1598,1,9,7,1
201331D157313,1,9,0,18,0,1,0,0,0,0,1,1,6,1,7,1590,1,11,7,1
201331D157313,2,9,0,3,0,1,0,0,0,0,2,1,6,1,5,1390,1,4,6,1
201331D157613,1,9,0,18,0,0,0,0,0,0,4,1,6,2,11,1390,1,10,10,1
201331D157613,2,9,0,2,0,0,0,0,0,0,0,1,6,3,-1,1242,1,3,-1,-1
201331D158413,1,1,0,18,9,0,0,0,0,0,1,1,6,1,-1,-1,-1,-1,-1,-1
201331D159313,1,9,0,9,0,6,0,0,0,0,1,1,6,2,7,-1,-1,-1,9,1
201331D159313,2,9,0,18,0,8,0,0,0,0,3,1,6,2,7,1598,1,12,2,1
201331D159713,1,9,0,9,0,6,0,0,0,0,1,1,6,1,8,1598,1,12,8,1
201331D159713,2,1,0,17,4,8,0,0,0,0,4,1,6,1,6,-1,-1,-1,2,1
201331D159813,1,9,0,18,0,0,0,0,0,0,1,1,2,1,6,1389,1,12,-1,-1
201331D159813,2,1,0,18,0,0,0,0,0,0,3,1,2,1,5,-1,-1,-1,7,1
201331D160513,1,9,0,18,0,8,0,0,0,0,1,1,6,2,8,1461,2,6,9,3
201331D160513,2,9,0,16,0,8,0,0,0,0,3,1,2,2,6,1299,1,9,10,1
201331D160813,1,19,0,17,0,8,0,10,7,2,1,1,1,1,6,2446,2,13,9,1
201331D160813,2,9,0,18,0,1,0,0,0,0,1,1,6,2,6,1289,1,14,7,1
201331D161013,1,9,0,4,0,2,0,0,0,0,1,1,6,1,8,1596,1,3,6,1
201331D163113,1,9,0,18,0,0,0,0,0,0,4,1,6,3,-1,-1,-1,-1,-1,-1
201331D163813,1,1,0,18,0,0,0,0,0,0,1,1,6,1,8,-1,-1,-1,7,1
201331D163813,2,1,0,18,0,0,0,0,0,0,2,1,6,3,-1,-1,-1,-1,-1,-1
201331D163913,1,5,0,16,0,0,0,0,7,9,1,1,6,1,8,1700,1,7,3,1
201331D164313,1,9,0,18,0,8,0,0,0,0,3,1,6,3,-1,1753,2,7,-1,-1
201331D164313,2,9,0,11,0,8,0,0,0,0,4,1,6,2,7,-1,-1,-1,8,1
201331D164413,1,90,0,6,0,8,0,0,0,0,4,1,1,1,9,4899,2,3,7,3
201331D164413,2,11,0,18,0,8,0,0,0,0,3,1,1,1,7,7300,2,5,6,1
201331D165213,1,19,0,7,0,4,0,0,0,0,1,1,6,3,-1,-1,-1,-1,-1,-1
201331D165213,2,1,0,9,0,8,0,0,0,0,1,1,6,1,9,-1,-1,-1,3,1
201331D165713,1,19,0,16,0,8,0,0,0,0,3,1,6,1,5,1998,2,12,1,1
201331D165713,2,21,1,14,0,8,0,0,0,0,3,1,1,1,9,12419,2,-1,10,1
201331D166413,1,9,0,18,0,8,0,0,7,0,4,1,6,2,8,1896,2,6,7,2
201331D166413,2,9,0,18,0,8,0,0,0,0,1,1,6,2,8,1343,1,10,4,1
201331D166413,3,9,0,18,0,1,0,0,0,0,1,1,6,1,9,-1,-1,-1,6,1
201331D166813,1,1,0,18,9,0,0,0,0,0,3,1,6,3,-1,-1,-1,-1,-1,-1
201331D166813,2,1,0,5,9,0,0,0,0,0,1,1,2,1,-1,-1,-1,-1,4,1
201331D166913,1,1,0,9,0,6,0,0,0,0,1,1,6,1,3,-1,-1,-1,-1,-1
201331D166913,2,9,0,18,0,8,0,0,0,0,3,1,6,1,8,1339,1,6,3,1
201331D167213,1,19,0,7,0,5,0,0,0,0,4,1,1,1,5,-1,-1,-1,9,1
201331D167213,2,9,0,15,9,8,0,0,0,0,1,1,6,3,-1,-1,-1,-1,-1,-1
201331D167413,1,9,0,17,0,2,0,0,0,0,1,1,6,3,-1,-1,-1,-1,-1,-1
201331D167513,1,9,0,9,0,5,0,0,0,0,1,1,1,1,11,989,1,10,2,1
201331D167513,2,1,0,17,0,8,0,0,0,0,1,1,6,1,6,-1,-1,-1,9,1
201331D167713,1,9,0,18,0,1,0,0,0,0,1,1,1,2,8,1794,1,10,8,1
201331D167713,2,9,0,4,0,8,0,0,0,0,2,1,6,1,10,998,1,3,4,1
201331D167813,1,9,0,18,0,0,0,0,0,0,1,1,6,1,4,1968,2,3,4,1
201331D167813,2,9,0,3,0,0,0,0,0,0,2,1,6,1,-1,1229,1,1,2,1
201331D168913,1,9,0,9,0,6,0,0,0,0,1,1,2,1,8,2000,2,2,10,3
201331D168913,2,9,0,18,0,8,1,0,7,9,4,1,6,1,6,1598,1,7,3,1
201331D169013,1,4,0,18,0,1,0,0,0,0,1,1,6,1,-1,-1,-1,-1,-1,-1
201331D169013,2,1,0,18,0,1,0,0,0,0,3,1,6,1,4,-1,-1,-1,5,1
201331D169213,1,3,0,18,0,0,0,12,0,0,4,1,6,1,4,124,1,4,9,3
201331D169913,1,9,0,9,0,5,0,0,0,0,4,1,6,1,8,1598,1,4,10,2
201331D169913,2,5,0,18,0,8,0,0,0,0,1,1,6,1,7,599,1,14,9,2
201331D170013,1,9,0,6,0,0,0,0,0,0,3,1,1,1,9,1560,2,5,9,1
201331D170013,2,3,0,13,0,0,0,0,0,0,1,1,1,1,6,124,1,4,3,1
201331D170813,1,21,0,18,0,0,0,0,1,3,4,1,1,1,7,9290,2,3,8,1
201331D170813,2,9,0,16,0,0,0,0,0,0,0,1,6,3,-1,-1,-1,-1,-1,-1
201331D170913,1,9,0,18,0,2,0,0,0,0,1,1,6,3,-1,-1,-1,-1,-1,-1
201331D171213,1,11,0,5,0,1,0,0,0,0,0,1,1,1,7,-1,-1,-1,10,2
201331D171213,2,9,0,18,0,1,0,0,0,0,2,1,6,2,5,1399,2,2,2,1
201331D171213,3,5,0,18,0,1,0,0,0,0,1,1,6,1,8,1165,1,9,-1,-1
201331D171413,1,9,0,9,0,6,0,0,0,0,1,1,6,1,8,1149,1,2,3,1
201331D171413,2,9,0,18,0,8,0,0,0,0,4,1,6,1,8,1998,2,4,3,1
201331D171813,1,9,0,18,0,0,2,0,1,0,4,1,6,1,5,1598,1,13,2,1
201331D172813,1,9,0,17,0,8,0,0,0,0,1,1,6,1,10,1590,1,2,9,1
201331D172813,2,9,0,3,0,2,0,0,0,0,2,1,6,2,6,1598,1,1,3,1
201331D172813,3,9,0,3,0,2,0,0,0,0,2,1,6,1,8,1399,2,10,3,1
201331D172813,4,9,0,3,0,2,0,0,0,0,2,1,6,1,7,1388,1,12,5,1
201331D173013,1,9,0,9,0,5,0,0,0,0,0,1,6,2,6,1598,1,6,8,1
201331D173013,2,5,0,18,0,8,0,0,0,0,3,1,6,1,-1,600,1,15,5,2
201331D173313,1,9,0,18,0,1,1,0,1,11,1,1,6,1,5,1999,1,6,10,1
201331D173413,1,9,0,5,0,1,0,0,0,0,1,1,6,1,7,1198,1,8,2,1
201331D173413,2,9,0,3,0,1,0,0,0,0,2,1,6,1,6,1560,2,9,4,1
201331D173913,1,19,0,17,0,0,0,0,0,0,4,1,6,1,9,1998,2,11,8,1
201331D174213,1,11,0,5,0,0,0,0,0,0,4,1,1,1,9,9000,2,10,9,2
201331D174213,2,90,0,18,0,0,0,0,0,0,1,1,6,2,9,-1,-1,-1,-1,-1
201331D174613,1,11,0,7,0,5,0,0,0,0,0,1,1,1,7,9000,2,6,6,1
201331D175213,1,9,0,9,0,6,0,0,0,0,3,1,6,1,4,1910,2,7,10,1
201331D175213,2,1,0,18,9,8,0,0,0,0,1,1,6,1,7,-1,-1,-1,7,1
201331D176113,1,19,0,9,0,5,0,0,0,0,1,1,6,1,8,1896,2,12,1,1
201331D176113,2,9,0,18,0,8,0,0,0,0,3,1,6,2,6,1598,1,8,2,1
201331D176213,1,3,0,18,0,8,0,0,0,0,1,1,2,1,5,124,1,9,3,1
201331D176213,2,9,0,9,0,4,0,0,0,0,3,1,2,1,4,1149,1,8,4,2
201331D176813,1,9,0,18,0,0,0,0,0,0,4,1,6,1,11,1339,1,7,10,2
201331D176813,2,1,0,18,0,0,0,0,1,0,3,1,6,1,-1,-1,-1,-1,6,1
201331D177213,1,9,0,3,0,0,0,0,0,0,2,1,1,1,6,-1,-1,-1,2,1
201331D177213,2,9,0,18,0,0,1,0,0,0,1,1,1,2,5,1781,1,13,6,1
201331D177213,3,9,0,3,0,0,0,0,0,0,2,1,6,2,9,-1,-1,-1,5,2
201331D177313,1,9,0,17,0,0,0,0,0,0,4,1,6,1,11,1198,1,1,10,2
201331D177513,1,19,0,9,0,6,0,0,0,0,1,1,1,1,7,1998,2,9,10,1
201331D177513,2,9,0,18,0,8,0,0,0,0,3,1,1,1,6,1598,1,5,6,1
201331D177613,1,19,0,14,0,0,0,7,0,0,1,1,2,1,10,1868,2,10,7,1
201331D177613,2,90,0,2,0,0,0,0,0,0,0,1,1,1,6,7142,2,4,2,1
201331D177713,1,9,0,14,0,0,0,0,0,0,4,1,6,2,6,1364,1,10,8,1
201331D178213,1,9,0,9,0,6,0,0,0,0,3,1,6,1,7,1995,2,2,3,2
201331D178213,2,1,0,18,0,1,0,0,0,0,4,1,6,1,4,-1,-1,-1,9,1
201331D178513,1,9,0,18,0,0,1,0,0,0,1,1,2,1,5,1998,2,9,7,1
201331D178513,2,9,0,3,0,0,0,0,0,0,2,1,6,2,6,1242,1,7,1,1
201331D178513,3,9,0,3,0,0,0,0,0,0,2,1,6,1,6,1995,2,10,3,1
201331D178613,1,9,0,18,0,1,0,0,0,0,1,1,6,3,-1,-1,-1,-1,-1,-1
201331D178613,2,1,0,18,0,1,0,0,0,0,2,1,6,1,4,-1,-1,-1,8,1
201331D178813,1,9,0,18,0,0,0,0,0,0,1,1,6,2,10,1360,1,7,8,3
201331D178813,2,9,0,3,0,0,0,0,0,0,2,1,6,1,9,2204,2,6,8,3
201331D179313,1,9,0,14,0,0,0,0,0,0,1,1,6,3,-1,-1,-1,-1,-1,-1
201331D179313,2,2,0,14,0,0,0,0,0,0,2,1,6,1,4,49,1,9,8,1
201331D179613,1,9,0,14,0,0,0,0,0,0,1,1,6,2,8,1910,2,3,3,1
201331D179813,1,9,0,16,0,0,1,10,2,4,4,1,6,3,-1,1988,1,11,-1,-1
201331D179813,2,9,0,16,0,0,0,0,0,0,0,1,1,3,-1,-1,-1,-1,-1,-1
201331D180113,1,5,0,4,0,0,1,0,0,0,3,1,2,1,8,600,1,8,9,3
201331D180713,1,9,0,17,0,0,0,0,0,0,1,1,6,3,-1,-1,-1,-1,-1,-1
201331D181013,1,9,0,5,0,1,0,0,0,0,1,1,6,2,-1,1596,1,12,4,1
201331D181113,1,11,0,4,0,2,0,0,0,0,0,1,1,1,8,9000,2,9,8,1
201331D181213,1,9,0,17,0,0,1,10,1,1,4,1,6,1,4,-1,-1,-1,9,1
201331D181413,1,9,0,7,0,1,0,0,0,0,2,1,6,2,-1,1587,1,10,6,1
201331D181413,2,1,0,5,0,8,0,0,0,0,1,1,2,1,8,-1,-1,-1,10,1
201331D182213,1,9,0,16,0,1,0,0,0,0,1,1,6,1,5,1598,1,9,8,1
201331D182213,2,9,0,14,0,2,0,4,0,0,3,1,6,1,9,1299,1,9,10,1
201331D182213,3,9,0,2,0,2,0,0,0,0,3,1,6,3,-1,1329,1,1,-1,-1
201331D182313,1,9,0,18,0,0,0,0,0,0,1,1,6,1,8,1998,2,7,6,1
201331D182313,2,9,0,4,0,0,0,0,0,0,2,1,6,1,10,1590,1,8,6,2
201331D182613,1,19,0,9,0,5,0,0,0,0,1,1,1,1,8,1560,2,6,8,1
201331D182613,2,9,0,18,0,8,0,0,0,0,1,1,1,1,6,1995,2,9,9,1
201331D183013,1,9,0,4,0,1,0,0,0,0,1,1,6,2,6,-1,-1,-1,-1,-1
201331D183013,2,1,0,18,0,1,0,0,0,0,1,1,6,1,10,-1,-1,-1,7,1
201331D183213,1,9,0,18,0,1,1,0,0,0,1,1,6,1,7,1984,1,8,3,1
201331D183213,2,9,0,9,0,8,0,0,0,0,2,1,2,1,8,2000,2,14,-1,-1
201331D184013,1,9,0,12,0,8,0,0,0,0,3,1,6,1,8,1783,1,12,9,2
201331D184013,2,21,0,18,0,8,0,0,0,0,1,1,1,1,7,12900,2,5,3,1
201331D184513,1,9,0,9,0,5,0,0,0,0,4,1,2,2,6,1391,1,17,7,1
201331D184513,2,1,0,17,0,8,0,0,0,0,1,1,2,1,7,-1,-1,-1,4,1
201331D184913,1,9,0,18,0,0,0,0,0,0,1,1,1,1,6,2967,2,1,10,1
201331D184913,2,11,0,2,0,0,0,0,0,0,2,1,6,1,7,6370,2,2,-1,-1
201331D184913,3,9,0,18,0,0,0,0,0,0,0,1,6,3,-1,-1,-1,-1,-1,-1
201331D185913,1,9,0,18,0,1,0,0,0,0,1,1,6,2,-1,-1,-1,-1,-1,-1
201331D185913,2,9,0,3,0,1,0,0,0,0,2,1,6,2,6,-1,-1,-1,5,1
201331D186013,1,9,0,9,0,2,0,0,0,0,1,1,6,1,6,1598,1,4,7,1
201331D186013,2,1,0,18,0,1,0,0,0,0,1,1,6,1,5,-1,-1,-1,8,1
201331D186413,1,9,0,10,0,8,0,0,0,0,0,1,1,1,7,2698,2,2,8,3
201331D186413,2,9,0,3,0,1,1,0,0,0,2,1,6,1,9,2495,2,24,8,1
201331D186413,3,5,0,18,0,1,1,0,0,0,1,1,6,1,8,599,1,4,4,1
201331D186413,4,19,0,18,0,2,1,0,1,0,1,1,1,1,6,2402,2,7,1,1
201331D187113,1,1,0,17,0,0,1,0,1,0,4,1,6,1,7,-1,-1,-1,4,1
201331D187213,1,9,0,9,0,5,0,0,0,0,4,1,6,2,4,1598,1,8,1,1
201331D187213,2,3,0,18,0,8,0,0,0,0,1,1,6,1,4,124,1,-1,8,1
201331D187213,3,3,0,18,0,1,0,0,0,0,1,1,6,1,-1,124,1,1,2,1
201331D187613,1,5,0,18,0,8,0,0,0,0,4,1,2,1,7,600,1,16,1,1
201331D187613,2,9,0,7,0,4,0,0,0,0,1,1,2,2,7,1956,2,2,10,1
201331D187713,1,9,0,9,0,5,0,0,0,0,4,1,6,3,-1,-1,-1,-1,-1,-1
201331D187713,2,1,0,18,0,8,0,0,0,0,1,1,2,2,7,-1,-1,-1,6,1
201331D187813,1,9,0,7,0,2,0,0,0,0,1,1,3,2,6,1560,2,4,8,2
201331D187913,1,5,0,17,0,0,0,10,1,9,1,1,6,1,5,599,1,5,2,1
201331D189213,1,9,0,18,0,0,0,0,0,0,1,1,3,1,7,1242,1,11,9,2
201331D189813,1,9,0,16,0,0,5,0,1,11,1,1,6,1,4,1229,1,-1,10,2
201331D189813,2,9,0,17,0,0,0,0,0,0,0,1,6,3,-1,-1,-1,-1,-1,-1
201331D190513,1,9,0,9,0,6,0,0,0,0,1,1,6,2,11,-1,-1,-1,8,3
201331D190513,2,9,0,18,0,8,0,0,0,0,1,1,6,2,9,1984,1,5,7,3
201331D191213,1,9,0,9,0,5,0,0,0,0,1,1,3,2,6,1910,2,9,6,1
201331D191513,1,9,4,18,0,0,0,0,0,0,3,1,1,1,8,4163,2,6,10,1
201331D191513,2,21,1,3,0,0,0,0,0,0,3,1,1,1,7,12777,2,3,5,1
201331D191613,1,1,0,18,0,0,0,0,0,0,1,1,6,3,-1,-1,-1,-1,-1,-1
201331D192513,1,9,0,9,0,6,0,0,0,0,3,1,2,2,6,998,1,8,9,2
201331D192513,2,9,0,18,0,8,0,0,0,0,1,1,2,1,8,1995,2,12,10,3
201331D192713,1,3,0,16,0,3,0,10,0,0,4,1,2,1,6,124,1,1,9,1
201331D193413,1,9,0,17,0,0,1,0,1,9,1,1,2,1,5,1124,1,14,5,1
201331D193513,1,5,0,16,0,3,1,0,0,0,4,1,6,1,6,998,1,13,6,1
201331D194013,1,2,0,18,0,0,1,0,0,0,1,1,6,1,4,-1,-1,-1,7,1
201331D194013,2,9,0,3,0,0,0,0,0,0,1,1,6,1,8,1989,1,13,4,1
201331D194413,1,9,0,13,0,0,0,0,0,0,4,1,6,1,7,1896,2,5,-1,-1
201331D194413,2,1,0,18,0,0,0,0,0,0,3,1,6,1,10,-1,-1,-1,9,3
201331D195013,1,9,0,18,0,1,0,0,0,0,1,1,1,1,6,1388,1,3,2,1
201331D195013,2,9,0,4,0,1,0,0,0,0,2,1,6,2,6,998,1,-1,9,1
201331D196213,1,8,0,16,0,0,0,0,5,7,3,1,1,1,8,1997,2,1,10,3
201331D196313,1,9,0,16,0,0,1,10,7,11,2,1,2,2,4,1199,1,11,2,1
201331D196313,2,21,1,17,0,0,0,0,0,0,1,1,1,1,10,12900,2,5,9,3
201331D197113,1,21,0,4,0,0,1,0,0,0,1,1,1,1,9,12740,2,3,10,1
201331D197113,2,9,0,3,0,0,0,0,0,0,2,1,1,1,6,1968,2,-1,10,2
201331D198513,1,9,0,18,0,0,0,0,0,0,4,1,6,3,-1,2179,2,1,-1,-1
201331D198913,1,9,0,2,0,1,0,4,7,11,2,1,3,3,-1,1598,1,9,-1,-1
201331D198913,2,9,0,2,0,1,0,0,0,0,1,1,6,3,-1,998,1,1,-1,-1
201331D199213,1,9,0,9,0,6,0,0,0,0,1,1,6,1,4,1199,1,9,1,1
201331D199213,2,9,0,17,0,8,0,0,0,0,4,1,1,1,8,1995,2,7,5,1
201331D199713,1,9,0,9,0,1,0,0,0,0,1,1,2,1,6,1796,1,11,2,1
201331D199713,2,9,0,10,0,1,0,0,0,0,2,1,2,1,6,1995,2,8,10,1
201331D199913,1,9,0,8,0,1,0,0,0,0,3,1,1,2,8,1896,2,7,10,1
201331D199913,2,1,0,18,0,1,0,0,0,0,1,1,4,1,3,-1,-1,-1,2,1
201331D200213,1,1,0,18,0,8,0,0,0,0,1,1,2,1,7,-1,-1,-1,8,1
201331D200313,1,3,0,18,0,1,0,0,0,0,1,1,1,1,-1,125,1,5,2,1
201331D200313,2,9,0,9,0,6,0,0,0,0,1,1,6,1,-1,1396,1,11,9,1
201331D200413,1,20,0,18,0,0,0,0,1,10,3,1,1,1,8,-1,-1,-1,2,1
201331D200413,2,19,4,18,0,0,0,0,1,0,3,1,1,1,6,-1,-1,-1,10,2
201331D202413,1,9,0,18,0,0,1,0,1,9,1,1,6,2,8,1999,1,6,10,1
201331D202613,1,9,0,18,0,0,0,0,0,0,1,1,6,2,9,996,1,3,6,1
201331D202913,1,9,0,9,0,6,0,0,0,0,3,1,6,1,8,1956,2,1,8,1
201331D202913,2,1,0,18,0,8,0,0,0,0,1,1,6,1,9,-1,-1,-1,6,1
201331D203013,1,9,0,16,0,0,0,0,0,0,1,1,6,2,10,1398,1,9,6,3
201331D203013,2,9,0,17,0,0,0,0,0,0,1,1,6,1,9,2400,2,-1,6,3
201331D203413,1,9,0,7,0,5,0,0,1,0,1,1,1,2,5,998,1,4,10,1
201331D204113,1,9,0,7,0,6,0,0,0,0,1,1,6,1,8,1956,2,-1,-1,-1
201331D204113,2,9,0,18,0,8,0,0,0,0,4,1,6,1,10,1988,1,12,3,1
201331D204513,1,9,0,7,0,4,0,0,0,0,1,1,6,2,5,1149,1,5,6,1
201331D204513,2,9,0,7,0,8,0,0,0,0,2,1,6,1,4,1995,2,6,9,1
201331D205113,1,9,0,9,0,6,0,0,0,0,0,1,6,3,-1,-1,-1,-1,-1,-1
201331D205113,2,3,0,18,0,8,0,0,0,0,4,1,2,1,4,85,1,16,7,1
201331D205613,1,9,0,12,0,2,0,0,0,0,2,1,1,1,8,2179,2,-1,5,1
201331D205613,2,9,0,18,0,2,0,0,0,0,1,1,6,1,9,1984,1,19,3,1
201331D205713,1,9,0,9,0,6,0,0,0,0,3,1,6,2,6,1796,1,11,-1,-1
201331D205713,2,9,0,18,0,8,1,0,0,0,1,1,6,1,4,1339,1,4,10,1
201331D206113,1,9,0,9,0,5,0,0,0,0,1,1,6,1,7,1397,1,10,6,1
201331D206113,2,1,0,18,0,8,0,0,0,0,1,1,6,2,6,-1,-1,-1,6,1
201331D206113,3,9,0,8,0,1,1,0,0,0,3,1,6,1,8,1598,1,14,-1,-1
201331D206413,1,9,0,9,0,5,0,0,0,0,1,1,6,1,6,1362,1,-1,8,1
201331D206413,2,2,0,10,0,1,0,0,0,0,1,1,1,1,4,49,1,6,-1,-1
201331D207213,1,19,0,9,0,8,0,0,0,0,1,1,1,1,8,1461,2,9,3,1
201331D207213,2,9,0,9,0,8,0,0,0,0,3,1,2,2,4,1360,1,11,2,1
201331D207513,1,9,0,9,0,8,0,0,0,0,1,1,2,1,6,1399,2,6,4,1
201331D207513,2,9,0,5,0,8,0,0,0,0,4,1,2,1,7,1910,2,9,1,1
201331D207913,1,1,0,18,0,8,0,0,0,0,4,1,4,2,3,-1,-1,-1,8,1
201331D207913,2,9,0,18,0,8,0,0,0,0,1,1,2,2,6,1242,1,5,10,1
201331D208013,1,19,0,18,0,0,1,0,0,0,1,1,6,1,5,1870,2,12,6,2
201331D208013,2,9,0,18,0,0,0,0,0,0,2,1,6,2,10,1598,1,1,10,2