Accident_Index,Vehicle_Reference,Vehicle_Type,Towing_and_Articulation,Vehicle_Manoeuvre,Vehicle_Location-Restricted_Lane,Junction_Location,Skidding_and_Overturning,Hit_Object_in_Carriageway,Vehicle_Leaving_Carriageway,Hit_Object_off_Carriageway,1st_Point_of_Impact,Was_Vehicle_Left_Hand_Drive?,Journey_Purpose_of_Driver,Sex_of_Driver,Age_Band_of_Driver,Engine_Capacity_(CC),Propulsion_Code,Age_of_Vehicle,Driver_IMD_Decile,Driver_Home_Area_Type
201331D208713,1,9,0,18,0,1,0,0,0,0,1,1,2,2,5,1198,1,5,10,1
201331D208713,2,1,0,18,0,1,0,0,0,0,4,1,2,1,3,-1,-1,-1,10,1
201331D208713,3,9,0,3,0,2,0,0,0,0,0,1,6,3,-1,-1,-1,-1,-1,-1
201331D208813,1,9,0,18,0,0,1,0,1,11,1,1,2,2,6,1242,1,10,5,2
201331D209513,1,9,0,18,0,0,0,0,0,0,1,1,6,1,9,1339,1,2,4,1
201331D209513,2,9,0,3,0,0,0,0,0,0,2,1,6,2,8,1339,1,5,6,2
201331D209513,3,9,0,3,0,0,0,0,0,0,2,1,6,2,5,1299,1,5,9,1
201331D210713,1,9,0,18,0,0,0,0,0,0,1,1,6,1,7,1587,1,11,2,1
201331D210913,1,9,0,18,0,8,0,0,1,0,4,1,2,1,7,2993,2,2,10,2
201331D210913,2,9,0,10,0,1,0,0,0,0,0,1,2,2,8,1796,1,6,9,3
201331D210913,3,5,0,18,0,8,0,0,0,0,1,1,2,1,8,656,1,8,9,1
201331D210913,4,9,0,8,0,1,0,0,0,0,3,1,2,1,7,1398,1,10,6,1
201331D211613,1,9,0,18,0,0,0,0,1,0,1,1,6,1,11,-1,-1,-1,10,2
201331D211613,2,9,0,18,0,0,0,0,0,0,2,1,6,2,8,2435,1,12,10,2
201331D211613,3,9,0,2,0,0,0,0,0,0,2,1,6,3,-1,1242,1,10,-1,-1
201331D211613,4,19,0,2,0,0,0,0,0,0,2,1,6,3,-1,2402,2,2,-1,-1
201331D211813,1,9,0,18,0,0,1,0,0,0,1,1,2,2,5,1390,1,9,7,1
201331D211813,2,9,0,18,0,0,0,0,0,0,1,1,2,2,8,1753,2,10,3,1
201331D211913,1,9,0,16,0,0,5,0,1,0,4,1,6,1,9,1796,1,9,10,1
201331D212113,1,3,0,7,0,1,1,0,0,0,4,1,2,1,6,124,1,2,6,2
201331D212213,1,9,0,6,0,8,0,0,0,0,3,1,6,1,5,1997,2,8,10,1
201331D212213,2,1,0,18,0,8,0,0,0,0,1,1,2,1,8,-1,-1,-1,-1,-1
201331D212313,1,9,0,18,0,8,1,0,0,0,1,1,2,1,6,-1,-1,-1,7,1
201331D212313,2,1,0,18,0,8,0,0,0,0,2,1,6,2,3,-1,-1,-1,-1,-1
201331D212813,1,19,0,18,0,0,1,0,1,0,2,1,6,1,6,1868,2,9,5,1
201331D213013,1,9,0,5,0,1,0,0,0,0,1,1,6,2,9,1390,1,5,8,3
201331D213013,2,9,0,3,0,1,0,0,0,0,2,1,6,2,6,1995,2,5,8,3
201331D213713,1,9,0,12,0,0,0,0,0,0,3,1,1,1,8,1997,2,6,-1,-1
201331D213713,2,5,0,18,0,0,0,0,0,0,4,1,1,1,8,1157,1,11,-1,-1
201331D214113,1,9,0,18,0,0,0,10,0,0,3,1,6,2,6,1396,1,16,7,1
201331D214113,2,9,0,18,0,0,0,0,1,9,3,1,2,1,8,1995,2,9,3,1
201331D214313,1,9,0,9,0,4,0,0,0,0,1,1,2,1,6,-1,-1,-1,2,1
201331D214313,2,9,0,9,0,8,0,0,0,0,4,1,2,2,6,3189,1,6,5,1
201331D216313,1,9,0,18,0,0,1,0,7,11,4,1,6,2,8,1598,1,12,3,1
201331D216613,1,9,0,18,0,8,0,0,0,0,1,1,6,1,4,1360,1,13,2,1
201331D216613,2,9,0,9,0,5,0,0,0,0,3,1,6,1,9,998,1,1,7,1
201331D216813,1,9,0,18,0,8,0,0,0,0,4,1,3,1,9,2902,2,9,-1,-1
201331D216913,1,9,0,9,0,5,0,0,0,0,4,1,6,2,7,1896,2,10,8,1
201331D216913,2,1,0,15,0,8,0,0,0,0,1,1,6,1,3,-1,-1,-1,-1,-1
201331D218613,1,9,0,7,0,6,0,0,0,0,1,1,6,1,11,1598,1,5,6,1
201331D218613,2,19,0,18,0,8,0,0,0,0,4,1,6,1,9,2198,2,-1,-1,-1
201331D218713,1,9,0,9,0,6,0,0,0,0,3,1,6,2,11,1596,1,6,9,2
201331D218713,2,19,0,18,0,8,0,0,0,0,1,1,1,1,7,2198,2,1,6,2
201331D219013,1,9,0,18,0,4,0,0,0,0,1,1,6,1,10,2316,1,23,3,1
201331D219013,2,9,0,9,0,8,0,0,0,0,4,1,6,1,7,1598,1,7,5,1
201331D220213,1,9,0,13,0,8,0,0,0,0,4,1,6,2,4,998,1,1,-1,-1
201331D220213,2,9,0,7,0,5,0,0,1,0,3,1,6,1,5,1242,1,4,2,1
201331D221013,1,1,0,4,0,2,1,0,0,0,1,1,6,1,7,-1,-1,-1,4,1
201331D221013,2,9,0,4,0,2,0,0,0,0,2,1,6,1,7,2494,1,13,8,1
201331D221213,1,9,0,13,0,8,0,0,0,0,4,1,1,2,5,1598,1,3,7,3
201331D221213,2,9,0,9,0,5,0,0,0,0,3,1,1,1,6,1968,2,-1,10,1
201331D221613,1,19,0,16,0,8,0,0,2,4,1,1,2,1,5,2402,2,7,3,1
201331D221613,2,9,0,9,0,8,0,0,0,0,2,1,2,1,8,1840,1,15,10,3
201331D222113,1,9,0,18,0,0,0,0,0,0,1,1,6,2,9,1124,1,12,10,2
201331D222113,2,20,0,2,0,0,0,0,0,0,2,1,1,1,7,3920,2,7,5,1
201331D222413,1,10,0,18,0,3,0,0,0,0,1,1,2,1,7,-1,-1,-1,2,1
201331D222413,2,9,0,18,0,3,0,0,0,0,2,1,6,1,5,1995,2,8,9,2
201331D222413,3,9,0,18,0,3,0,0,0,0,2,1,2,1,6,-1,-1,-1,1,1
201331D222413,4,9,0,9,0,8,0,0,0,0,0,1,6,3,-1,-1,-1,-1,-1,-1
201331D222613,1,9,0,18,0,0,0,0,0,0,1,1,6,1,9,1598,1,2,7,1
201331D223213,1,9,0,18,0,8,0,0,0,0,3,1,1,1,5,1229,1,7,10,1
201331D223213,2,9,0,7,0,3,0,0,0,0,4,1,3,2,8,-1,-1,-1,9,3
201331D224713,1,3,0,18,0,0,1,0,0,0,3,1,2,1,8,124,1,2,7,1
201331D225013,1,9,0,16,0,0,2,0,7,9,1,1,2,2,6,1299,1,8,2,1
201331D225113,1,9,0,18,0,8,0,0,0,0,4,1,2,1,9,1242,1,10,9,1
201331D225113,2,1,0,18,0,8,0,0,0,0,3,1,2,1,9,-1,-1,-1,9,2
201331D225413,1,9,0,12,0,8,0,0,0,0,1,1,2,1,6,1997,2,8,6,1
201331D225413,2,9,0,3,0,8,0,0,0,0,2,1,2,2,5,1242,1,8,-1,-1
201331D225513,1,9,0,7,0,5,1,0,0,0,1,1,6,2,4,1229,1,3,7,1
201331D225513,2,9,0,10,0,1,0,0,0,0,3,1,1,2,-1,1229,1,1,6,1
201331D225813,1,9,0,9,0,6,0,0,0,0,1,1,6,2,4,1198,1,9,9,1
201331D225813,2,9,0,18,0,8,0,0,0,0,1,1,6,2,6,1368,1,-1,4,1
201331D226413,1,9,0,18,0,0,0,0,0,0,1,1,6,2,5,1968,2,4,9,1
201331D226413,2,9,0,2,0,0,0,10,1,0,2,1,1,1,4,996,1,4,10,1
201331D226613,1,9,0,18,0,0,0,0,0,0,4,1,1,2,5,1968,2,1,-1,-1
201331D226613,2,21,4,18,0,0,0,0,0,0,3,1,1,1,9,5880,2,6,-1,-1
201331D226713,1,9,0,9,0,5,0,0,0,0,4,1,1,1,6,1248,2,5,2,2
201331D226713,2,9,0,18,0,8,0,0,0,0,1,1,6,2,8,1968,2,1,2,1
201331D226813,1,9,0,14,0,1,0,0,0,0,3,1,2,1,6,1598,1,8,9,1
201331D226813,2,9,0,18,0,2,0,0,0,0,3,1,6,2,8,1598,1,11,9,1
201331D226913,1,9,0,5,0,1,0,0,0,0,3,1,2,1,4,973,1,12,10,2
201331D226913,2,3,0,13,0,1,0,0,0,0,1,1,6,1,4,124,1,1,10,3
201331D227113,1,9,0,7,0,5,0,0,0,0,1,1,6,3,-1,-1,-1,-1,-1,-1
201331D227113,2,1,0,18,4,8,0,0,1,7,2,1,6,1,7,-1,-1,-1,5,1
201331D228113,1,9,0,18,0,0,1,4,5,6,1,1,6,1,11,1796,1,19,10,1
201331D228113,2,9,0,2,0,0,0,0,0,0,3,1,1,2,6,1753,2,3,7,1
201331D228213,1,9,0,9,0,6,0,0,0,0,3,1,1,1,5,1199,1,11,-1,-1
201331D228213,2,9,0,18,0,8,0,0,0,0,1,1,2,1,7,1997,2,1,-1,1
201331D228313,1,9,0,13,0,0,0,0,0,0,0,1,6,3,-1,-1,-1,-1,-1,-1
201331D228313,2,1,0,18,0,0,0,0,0,0,3,1,2,1,4,-1,-1,-1,10,1
201331D228413,1,9,0,18,0,8,0,0,0,0,1,1,6,1,8,2204,2,7,10,1
201331D228413,2,9,0,9,0,5,0,0,0,0,2,1,6,1,4,1360,1,12,8,3
201331D230213,1,9,0,18,0,0,2,0,5,6,3,1,6,2,6,2184,2,10,7,3
201331D230913,1,9,0,3,9,1,0,0,0,0,1,1,2,2,7,1390,1,7,9,1
201331D230913,2,1,0,18,9,1,0,0,0,0,1,1,4,1,3,-1,-1,-1,9,1
201331D231313,1,9,0,13,0,0,2,0,7,11,1,1,6,1,4,1242,1,11,2,2
201331D231313,2,19,0,18,0,0,1,0,0,0,1,1,6,1,8,1753,2,10,8,3
201331D231313,3,9,0,18,0,0,0,0,0,0,0,1,6,1,4,1199,1,12,2,2
201331D231413,1,9,0,18,0,0,0,0,0,0,1,1,6,1,-1,1968,2,5,10,1
201331D231413,2,9,0,18,0,0,0,0,0,0,2,1,6,1,-1,-1,-1,-1,4,1
201331D231813,1,9,0,11,0,0,0,0,0,0,2,1,6,2,11,1197,1,2,3,1
201331D231813,2,9,0,18,0,0,0,0,0,0,1,1,6,1,11,1896,2,12,9,3
201331D232213,1,9,0,14,0,2,0,0,0,0,0,1,6,3,-1,-1,-1,-1,-1,-1
201331D232213,2,5,0,14,0,2,0,0,0,0,0,1,6,1,10,798,1,1,9,1
201331D232213,3,8,0,2,0,2,0,0,0,0,0,1,6,3,-1,-1,-1,-1,-1,-1
201331D232813,1,9,0,9,0,3,0,0,0,0,2,1,2,1,6,2494,2,1,8,1
201331D232813,2,9,0,18,0,8,0,0,0,0,2,1,2,2,8,1364,1,9,-1,-1
201331D232813,3,9,0,9,0,4,0,0,0,0,0,1,6,3,-1,998,1,7,-1,-1
201331D232913,1,9,0,7,0,6,0,0,0,0,3,1,6,1,5,1596,1,8,5,1
201331D232913,2,9,0,18,0,8,0,0,0,0,1,1,6,2,-1,-1,-1,-1,-1,-1
201331D233413,1,90,0,13,0,0,0,0,0,0,4,1,6,2,7,-1,-1,-1,2,1
201331D233413,2,2,0,18,0,0,0,0,0,0,3,1,6,2,4,49,1,-1,-1,-1
201331D233413,3,21,1,18,0,0,0,0,0,0,0,1,6,3,-1,-1,-1,-1,-1,-1
201331D233813,1,19,0,5,0,1,0,0,0,0,1,1,2,1,6,1753,2,11,1,1
201331D233813,2,9,0,3,0,1,0,0,0,0,2,1,2,2,5,1198,1,11,2,2
201331D233813,3,9,0,3,0,1,0,0,0,0,2,1,6,2,5,1248,2,6,1,1
201331D233913,1,11,0,5,0,0,0,0,0,0,0,1,1,1,9,9000,2,5,9,1
201331D234313,1,9,0,18,0,8,0,0,0,0,1,1,6,2,9,999,1,1,6,1
201331D234313,2,8,0,18,0,8,0,0,0,0,3,1,1,1,7,2402,2,10,9,1
201331D234513,1,9,0,18,0,0,2,0,7,0,3,1,1,1,4,796,1,11,3,1
201331D234713,1,9,0,9,0,5,0,0,0,0,1,1,6,1,11,1560,2,6,6,1
201331D234713,2,9,0,18,0,8,0,0,0,0,1,1,1,2,7,1799,1,3,10,1
201331D234813,1,9,0,10,9,1,0,0,0,0,3,1,6,1,9,1998,2,2,10,2
201331D234913,1,9,0,9,0,5,0,0,7,10,4,1,6,2,4,1299,1,9,-1,-1
201331D234913,2,9,0,18,0,8,0,0,1,10,1,1,6,1,7,5000,1,3,10,2
201331D235113,1,9,0,4,0,0,1,0,0,0,2,1,6,1,5,1198,1,2,7,1
201331D235113,2,9,0,18,0,0,1,0,0,0,1,1,6,1,6,1997,2,8,4,3
201331D235113,3,9,0,18,0,0,1,0,0,0,1,1,6,1,7,1968,2,1,10,1
201331D235113,4,9,0,18,0,0,0,0,0,0,0,1,6,3,-1,-1,-1,-1,-1,-1
201331D236313,1,9,0,17,0,0,2,10,2,2,4,1,6,2,5,1124,1,10,9,3
201331D236713,1,11,0,4,0,1,0,0,0,0,0,1,1,2,8,7300,2,5,3,1
201331D236713,2,9,0,3,0,1,0,0,0,0,0,1,6,3,-1,-1,-1,-1,-1,-1
201331D237713,1,21,1,7,0,5,0,0,0,0,3,1,6,1,7,10837,2,-1,1,1
201331D237713,2,9,0,5,0,8,0,0,0,0,4,1,6,1,5,1896,2,12,10,1
201331D237913,1,9,0,7,0,6,0,0,0,0,1,1,6,3,-1,-1,-1,-1,-1,-1
201331D237913,2,3,0,18,0,8,0,0,0,0,1,1,6,1,5,125,1,-1,-1,-1
201331D238013,1,9,0,9,0,5,0,0,0,0,4,1,6,1,5,1598,1,5,3,1
201331D238013,2,9,0,18,0,8,0,0,0,0,3,1,6,2,7,1124,1,5,6,1
201331D240513,1,9,0,18,0,1,0,0,0,0,1,1,6,1,8,1587,1,9,-1,-1
201331D240513,2,9,0,3,0,1,0,0,0,0,2,1,6,2,8,1595,1,-1,-1,-1
201331D240613,1,9,0,5,0,8,0,0,0,0,1,1,6,2,8,998,1,5,10,1
201331D240613,2,9,0,18,0,8,0,0,0,0,3,1,2,2,6,1349,1,-1,9,1
201331D240713,1,9,0,9,0,6,0,0,0,0,3,1,6,2,8,1388,1,1,10,2
201331D240713,2,9,0,18,0,8,0,0,0,0,1,1,6,2,5,998,1,2,10,2
201331D241613,1,3,0,17,0,0,1,0,1,10,1,1,6,1,4,124,1,9,8,3
201331D242213,1,9,0,16,0,1,0,0,0,0,1,1,2,2,6,1493,2,8,8,1
201331D242213,2,9,0,3,0,1,0,0,0,0,2,1,6,1,10,1598,1,2,2,1
201331D242213,3,9,0,3,0,1,0,0,0,0,2,1,6,1,9,1598,1,7,4,1
201331D242213,4,9,0,3,0,1,0,0,0,0,2,1,1,2,7,1364,1,5,6,1
201331D242513,1,9,0,16,0,0,1,0,1,11,2,1,6,1,5,1998,2,12,5,2
201331D242613,1,9,0,18,0,8,1,0,0,0,4,1,6,1,4,1995,2,6,10,1
201331D242613,2,9,0,18,0,8,0,0,0,0,1,1,6,2,7,1275,1,19,10,1
201331D242813,1,9,0,18,0,8,0,0,1,0,1,1,6,2,11,1339,1,2,-1,-1
201331D242813,2,9,0,10,0,1,0,0,0,0,3,1,6,1,6,1984,1,9,4,1
201331D242813,3,21,1,9,0,6,0,0,0,0,2,1,1,2,8,12809,2,-1,4,1
201331D242913,1,9,0,1,0,1,0,0,0,0,2,1,6,1,10,1598,1,3,10,2
201331D242913,2,3,0,3,0,2,0,0,0,0,1,1,6,1,7,1284,1,7,10,2
201331D243213,1,19,0,12,0,0,1,0,0,0,1,1,1,1,6,-1,-1,-1,5,2
201331D243213,2,19,0,12,0,0,0,0,0,0,2,1,1,1,9,2198,2,2,-1,-1
201331D243213,3,21,1,2,0,0,0,0,0,0,0,1,1,1,6,12900,2,5,9,2
201331D243413,1,9,0,16,0,0,0,0,7,10,1,1,6,2,5,1242,1,5,8,3
201331D243413,2,9,0,17,0,0,0,0,0,0,0,1,6,3,-1,-1,-1,-1,-1,-1
201331D244913,1,9,0,18,0,0,0,0,0,0,1,1,6,2,5,1299,1,10,7,1
201331D244913,2,9,0,18,0,0,0,0,0,0,2,1,6,1,8,1598,1,8,3,1
201331D245913,1,21,1,4,0,0,1,4,0,0,1,1,2,1,7,11705,2,-1,7,3
201331D245913,2,90,3,2,0,0,5,0,1,10,2,1,6,2,9,2700,2,7,10,1
201331D246213,1,9,0,7,0,6,0,0,0,0,1,1,6,1,5,1896,2,10,2,1
201331D246213,2,9,0,7,0,6,0,0,0,0,2,1,6,2,11,1124,1,9,6,1
201331D246713,1,11,0,5,0,0,0,0,0,0,0,1,1,3,-1,-1,-1,-1,-1,-1
201331D247413,1,9,0,17,0,8,0,0,1,11,1,1,6,1,4,1242,1,7,2,1
201331D247413,2,19,0,16,0,8,0,0,0,0,1,1,1,1,8,1997,2,8,1,1
201331D247613,1,9,0,18,0,0,0,0,0,0,1,1,6,3,-1,-1,-1,-1,-1,-1
201331D247613,2,90,0,2,0,0,0,0,0,0,2,1,1,1,7,-1,-1,-1,8,1
201331D248813,1,9,0,9,0,5,0,0,0,0,4,1,6,1,5,1796,1,5,1,1
201331D248813,2,9,0,18,0,8,0,0,0,0,1,1,6,2,6,1396,1,2,5,1
201331D249013,1,9,0,9,0,5,0,0,0,0,1,1,6,1,9,2902,2,8,7,1
201331D249813,1,9,0,9,0,6,0,0,0,0,3,1,6,1,10,1799,1,17,4,1
201331D249813,2,1,0,18,0,8,0,0,0,0,1,1,6,1,7,-1,-1,-1,6,2
201331D250013,1,9,0,9,0,8,0,0,0,0,1,1,6,2,8,1248,1,-1,8,1
201331D250013,2,3,0,14,0,8,1,0,0,0,1,1,2,1,8,125,1,-1,4,1
201331D250013,3,9,0,8,0,1,0,0,0,0,0,1,6,1,8,1497,1,8,8,1
201331D250313,1,9,0,17,0,0,2,0,2,3,3,1,6,1,8,1796,1,11,10,3
201331D250313,2,9,0,16,0,0,0,0,0,0,3,1,6,1,8,1997,2,5,10,3
201331D251213,1,9,0,14,0,0,0,4,0,0,1,1,6,2,9,1997,2,5,8,3
201331D251213,2,9,0,2,0,0,0,0,1,0,2,1,6,3,-1,1895,1,13,-1,-1
201331D251413,1,9,0,9,0,6,0,0,0,0,1,1,6,2,6,1360,1,8,8,1
201331D251413,2,9,0,17,0,8,0,0,0,0,4,1,2,2,5,1242,1,16,6,2
201331D252113,1,9,0,18,0,0,1,0,1,9,1,1,6,2,8,1149,1,9,8,3
201331D252213,1,9,0,7,0,6,0,0,0,0,3,1,6,1,6,1596,1,8,-1,-1
201331D252213,2,9,0,18,0,8,0,0,0,0,1,1,6,2,9,998,1,-1,-1,-1
201331D252313,1,9,0,16,0,0,0,0,7,9,1,1,6,2,11,1956,2,1,8,2
201331D252413,1,9,0,9,0,5,0,0,0,0,1,1,2,2,6,1598,1,9,8,1
201331D252413,2,9,0,18,0,8,0,0,0,0,3,1,2,2,7,1299,1,11,6,1
201331D252613,1,9,0,18,0,0,0,0,0,0,1,1,2,1,4,998,1,8,6,2
201331D252613,2,19,0,3,0,0,0,0,0,0,2,1,2,1,7,1686,2,11,5,1
201331D252813,1,1,0,18,0,0,0,0,0,0,4,1,1,1,8,-1,-1,-1,10,2
201331D252913,1,9,0,17,0,0,0,0,1,10,1,1,6,1,10,1598,1,12,5,2
201331D253113,1,9,0,14,0,2,0,0,0,0,1,1,1,1,5,1242,1,9,1,1
201331D253813,1,9,0,12,0,2,0,0,1,2,3,1,6,1,7,1910,2,5,2,1
201331D253813,2,9,0,18,0,2,0,0,1,2,3,1,6,1,9,1590,1,11,2,1
201331D253813,3,9,0,18,0,2,0,0,1,2,4,1,6,2,7,1998,2,7,7,1
201331D253913,1,19,0,9,0,5,0,0,0,0,4,1,6,1,8,2198,2,7,10,1
201331D253913,2,9,0,18,0,8,0,0,0,0,1,1,6,1,9,1597,1,15,8,1
201331D254913,1,21,0,7,0,4,0,0,0,0,1,1,2,1,-1,-1,-1,-1,-1,-1
201331D254913,2,9,0,18,0,3,0,0,0,0,4,1,2,2,4,1299,1,11,7,1
201331D255513,1,9,0,7,0,4,0,0,0,0,3,1,6,3,-1,-1,-1,-1,-1,-1
201331D255513,2,1,0,16,0,8,0,0,0,0,4,1,2,1,4,-1,-1,-1,-1,-1
201331D255813,1,9,0,18,0,8,0,0,0,0,1,1,6,2,7,1560,2,2,9,1
201331D255813,2,9,0,9,0,6,0,0,0,0,3,1,6,2,8,1398,1,8,6,1
201331D256513,1,3,0,13,0,0,0,0,0,0,4,1,2,1,7,125,1,-1,1,1
201331D256513,2,9,0,18,0,0,0,0,0,0,3,1,2,2,9,1596,1,2,-1,-1
201331D256913,1,9,0,18,0,2,0,0,0,0,4,1,6,1,6,1968,2,6,1,1
201331D258113,1,9,0,17,0,0,5,0,8,9,3,1,2,1,4,999,1,10,9,1
201331D258213,1,9,0,14,0,0,5,4,0,0,4,1,2,1,4,973,1,11,9,3
201331D258213,2,9,0,2,0,0,0,0,0,0,3,1,6,3,-1,1242,1,1,-1,-1
201331D258413,1,9,0,18,0,1,1,0,1,1,1,1,6,3,-1,1595,1,12,-1,-1
201331D258813,1,19,0,4,0,0,0,0,0,0,1,1,1,1,8,2400,2,10,3,1
201331D258813,2,9,0,3,0,0,0,0,0,0,2,1,1,1,8,2461,2,8,6,1
201331D258813,3,9,0,3,0,0,0,0,0,0,2,1,1,1,6,-1,-1,-1,2,1
201331D259213,1,9,0,5,0,0,0,0,0,0,1,1,1,1,5,1299,1,11,-1,-1
201331D259213,2,3,0,3,0,0,0,0,0,0,2,1,1,1,8,124,1,1,9,3
201331D260113,1,9,0,18,0,0,1,10,0,0,3,1,1,1,5,1242,1,11,2,1
201331D260113,2,9,0,2,0,0,0,4,0,0,2,1,6,1,6,1896,2,10,-1,-1
201331D260113,3,9,0,2,0,0,0,0,0,0,1,1,6,2,6,1968,2,7,-1,-1
201331D260313,1,9,0,5,0,8,0,0,0,0,1,1,6,3,-1,-1,-1,-1,-1,-1
201331D260313,2,1,0,18,0,8,0,0,0,0,3,1,6,1,4,-1,-1,-1,6,1
201331D260413,1,2,0,18,0,1,0,0,0,0,1,1,6,1,7,49,1,15,5,1
201331D260713,1,9,0,9,0,6,0,0,0,0,1,1,1,2,8,-1,-1,-1,10,1
201331D260713,2,2,0,9,0,5,0,0,0,0,3,1,1,1,4,49,1,4,10,1
201331D261313,1,9,0,7,0,8,0,0,0,0,1,1,6,2,5,-1,-1,-1,9,3
201331D261313,2,9,0,18,0,8,0,0,0,0,4,1,6,1,7,1560,2,4,5,2
201331D261713,1,9,0,13,0,2,0,0,0,0,4,1,6,3,-1,-1,-1,-1,-1,-1
201331D261713,2,9,0,16,0,2,0,0,0,0,3,1,6,1,5,-1,-1,-1,3,1
201331D261913,1,9,0,18,0,0,0,0,1,0,1,1,6,1,10,2967,1,3,-1,-1
201331D261913,2,9,0,16,0,0,0,0,0,0,1,1,6,2,5,1598,1,11,2,1
201331D261913,3,9,0,16,0,0,0,0,0,0,0,1,6,3,-1,-1,-1,-1,-1,-1
201331D262813,1,2,0,13,0,8,0,0,0,0,1,1,6,1,4,49,1,8,5,1
201331D262813,2,9,0,9,0,5,0,0,0,0,3,1,6,1,6,1598,1,4,3,1
201331D262913,1,9,0,18,0,0,1,0,0,0,1,1,6,2,5,1242,1,12,5,1
201331D262913,2,19,0,4,0,0,0,0,0,0,2,1,6,1,7,1997,2,8,8,1
201331D263113,1,9,0,18,0,8,0,0,0,0,1,1,6,1,6,1124,1,12,9,1
201331D263113,2,9,0,10,0,8,0,0,0,0,2,1,2,2,6,1995,2,10,3,1
201331D263413,1,9,0,13,0,2,0,0,0,0,4,1,6,3,-1,-1,-1,-1,-1,-1
201331D263413,2,1,0,18,0,2,0,0,0,0,3,1,2,1,5,-1,-1,-1,8,1
201331D263813,1,9,0,18,0,0,0,0,0,0,1,1,6,3,-1,1598,1,11,-1,-1
201331D263813,2,9,0,4,0,0,0,0,0,0,2,1,1,1,5,1198,1,5,-1,-1
201331D264313,1,9,0,4,0,1,0,0,0,0,1,1,6,1,-1,1390,1,14,2,1
201331D264313,2,9,0,3,0,1,0,0,0,0,2,1,2,1,7,1970,1,10,7,1
201331D265413,1,9,0,18,0,2,0,0,0,0,1,1,6,1,7,1968,2,1,10,1
201331D266413,1,9,0,18,0,1,0,0,7,10,1,1,6,1,11,1700,2,16,10,2
201331D266413,2,9,0,8,0,1,0,0,0,0,1,1,1,2,-1,1598,1,10,-1,-1
201331D266413,3,9,0,2,0,2,0,0,0,0,1,1,6,3,-1,-1,-1,-1,-1,-1
201331D266913,1,9,0,18,0,0,0,4,0,0,1,1,6,2,5,1108,1,13,7,1
201331D266913,2,9,0,2,0,0,0,0,1,0,2,1,6,3,-1,998,1,8,-1,-1
201331D267613,1,9,0,14,0,1,0,0,0,0,1,1,6,1,11,1597,1,11,9,1
201331D267613,2,9,0,2,0,1,0,0,1,0,1,1,6,1,7,1598,1,11,-1,-1
201331D267913,1,9,0,18,0,8,0,0,0,0,1,1,6,1,9,2993,2,5,7,1
201331D267913,2,5,0,10,0,8,0,0,0,0,2,1,6,2,8,645,1,11,10,1
201331D268313,1,9,0,16,0,0,1,0,0,0,1,1,6,2,4,1242,1,12,6,2
201331D268313,2,9,0,4,0,0,0,0,0,0,2,1,6,2,8,1399,2,5,10,2
201331D269013,1,9,0,14,0,0,0,4,0,0,1,1,6,1,10,1973,1,13,9,3
201331D269013,2,20,0,2,0,0,0,0,0,0,2,1,1,1,7,3920,2,9,-1,-1
201331D269213,1,9,0,11,0,1,0,0,0,0,1,1,6,3,-1,-1,-1,-1,-1,-1
201331D269213,2,9,0,18,0,1,0,0,0,0,2,1,6,2,6,1242,1,10,8,1
201331D269613,1,2,0,17,0,8,1,0,0,0,1,1,2,1,4,-1,-1,-1,5,1
201331D269713,1,9,0,4,0,0,0,0,1,2,1,1,6,2,7,1388,1,13,3,1
201331D271413,1,9,0,18,0,1,0,0,0,0,1,1,6,1,6,-1,-1,-1,8,1
201331D271413,2,9,0,3,0,8,0,0,0,0,2,1,6,1,6,1796,1,8,3,1
201331D271913,1,9,0,7,0,6,0,0,0,0,3,1,1,1,-1,1598,2,-1,-1,-1
201331D271913,2,3,0,18,0,8,0,0,0,0,1,1,6,1,6,124,1,8,4,1
201331D272013,1,9,0,18,0,0,0,0,0,0,1,1,6,1,11,1596,1,13,9,2
201331D272013,2,9,0,4,0,0,0,0,0,0,2,1,6,2,6,1598,2,3,9,2
201331D272713,1,9,0,18,0,8,0,0,0,0,4,1,1,1,9,-1,-1,-1,-1,1
201331D272713,2,9,0,18,0,8,0,0,0,0,3,1,6,1,7,1229,1,4,7,2
201331D272913,1,8,0,13,0,8,0,0,0,0,1,1,6,1,8,-1,-1,-1,10,1
201331D272913,2,9,0,9,0,5,0,0,0,0,3,1,6,2,4,1240,1,10,10,1
201331D273213,1,9,0,9,0,5,0,0,0,0,4,1,6,2,11,1240,1,6,7,1
201331D273213,2,9,0,18,0,8,0,0,0,0,1,1,6,2,7,1360,1,11,6,1
201331D273613,1,9,0,9,0,5,0,0,0,0,1,1,6,1,9,1364,1,3,10,1
201331D273813,1,9,0,9,0,6,0,0,0,0,3,1,2,1,10,1598,1,6,7,1
201331D273813,2,9,0,18,0,8,0,0,0,0,1,1,6,1,9,1598,1,5,8,2
201331D274913,1,9,0,5,0,1,0,0,0,0,1,1,6,1,8,1968,2,3,10,1
201331D274913,2,9,0,3,0,1,0,0,0,0,2,1,6,2,9,998,1,3,7,1