Accident_Index,Vehicle_Reference,Vehicle_Type,Towing_and_Articulation,Vehicle_Manoeuvre,Vehicle_Location-Restricted_Lane,Junction_Location,Skidding_and_Overturning,Hit_Object_in_Carriageway,Vehicle_Leaving_Carriageway,Hit_Object_off_Carriageway,1st_Point_of_Impact,Was_Vehicle_Left_Hand_Drive?,Journey_Purpose_of_Driver,Sex_of_Driver,Age_Band_of_Driver,Engine_Capacity_(CC),Propulsion_Code,Age_of_Vehicle,Driver_IMD_Decile,Driver_Home_Area_Type
201331D275213,1,9,0,16,0,0,0,0,0,0,1,1,6,2,6,973,1,13,2,1
201331D275213,2,9,0,17,0,0,0,0,0,0,1,1,1,2,9,1364,1,2,-1,-1
201331D275813,1,9,0,9,0,6,0,0,0,0,1,1,2,2,7,2598,1,19,6,1
201331D276413,1,19,0,9,0,6,0,0,7,9,2,1,6,1,11,1461,2,9,8,2
201331D276413,2,21,1,18,0,8,1,0,1,9,1,1,1,1,6,12777,2,4,1,1
201331D276513,1,9,0,18,0,0,0,0,0,0,4,1,2,2,8,1364,1,4,10,1
201331D276613,1,9,0,18,0,1,0,0,0,0,1,1,6,1,6,-1,-1,-1,-1,-1
201331D276713,1,8,0,5,0,0,0,0,0,0,4,1,1,3,-1,-1,-1,-1,-1,-1
201331D276813,1,9,0,18,0,0,0,0,0,0,1,1,1,1,6,1598,2,2,-1,-1
201331D276813,2,9,0,18,0,0,0,0,0,0,2,1,4,2,9,1497,8,4,-1,-1
201331D277413,1,9,0,16,0,8,0,0,0,0,1,1,2,1,4,1598,1,6,8,1
201331D277413,2,11,0,17,0,8,0,0,0,0,3,1,1,2,8,9000,2,8,7,1
201331D277713,1,9,0,18,0,1,0,10,0,0,1,1,6,1,8,-1,-1,-1,2,1
201331D277713,2,9,0,8,0,1,0,0,0,0,1,1,6,1,9,1998,1,9,7,1
201331D277813,1,9,0,18,0,8,0,0,0,0,1,1,6,3,-1,-1,-1,-1,-1,-1
201331D277813,2,3,0,9,0,6,0,0,0,0,3,1,6,1,5,125,1,3,2,1
201331D278013,1,5,0,15,0,0,0,0,0,0,1,1,6,1,8,1197,1,1,6,3
201331D278013,2,1,0,18,0,0,0,0,0,0,2,1,6,1,-1,-1,-1,-1,7,3
201331D278313,1,9,0,18,0,8,0,0,0,0,1,1,1,2,9,1870,2,12,10,1
201331D278313,2,9,0,18,0,8,0,0,0,0,4,1,6,2,10,1560,2,4,8,1
201331D279113,1,9,0,9,0,6,0,0,0,0,3,1,6,1,6,999,1,10,-1,-1
201331D279113,2,3,0,18,0,1,0,10,0,0,1,1,1,1,4,124,1,1,-1,-1
201331D279313,1,9,0,10,0,1,1,0,0,0,1,1,6,2,5,1360,1,12,7,3
201331D279313,2,9,0,10,0,5,0,0,0,0,2,1,6,1,8,1598,1,8,4,1
201331D279813,1,9,0,9,0,5,0,0,0,0,3,1,6,1,7,2494,1,15,1,1
201331D279813,2,9,0,13,0,8,0,0,0,0,1,1,6,3,-1,-1,-1,-1,-1,-1
201331D279913,1,9,0,18,0,1,0,0,0,0,1,1,6,1,5,1242,1,12,-1,-1
201331D279913,2,9,0,10,0,1,0,0,0,0,2,1,1,1,5,1229,1,3,-1,-1
201331D280313,1,9,0,9,0,6,0,0,0,0,3,1,1,1,7,1598,1,13,2,1
201331D280313,2,9,0,18,0,8,0,0,0,0,1,1,6,2,8,1598,1,18,7,1
201331D280513,1,9,0,9,0,6,0,0,0,0,1,1,1,2,4,1753,2,5,4,1
201331D280513,2,9,0,18,0,8,0,0,0,0,4,1,6,2,5,1590,1,10,8,1
201331D280613,1,90,0,4,0,1,0,0,0,0,1,1,6,1,11,2498,2,21,6,2
201331D280613,2,9,0,3,0,1,0,0,0,0,2,1,2,1,10,1086,1,10,8,1
201331D280613,3,9,0,4,0,1,0,0,0,0,2,1,2,2,5,2171,1,9,7,3
201331D280613,4,9,0,3,0,1,0,0,0,0,2,1,2,1,7,1598,2,3,1,1
201331D281713,1,9,0,4,0,1,0,0,0,0,1,1,6,2,5,1587,1,12,-1,-1
201331D281713,2,9,0,3,0,1,0,0,0,0,2,1,6,2,6,1910,2,8,-1,-1
201331D282713,1,9,0,16,0,1,5,10,1,11,1,1,6,1,5,1149,1,11,8,3
201331D283013,1,11,0,4,0,2,0,0,0,0,0,1,1,1,9,9000,2,10,5,1
201331D283713,1,19,0,4,0,1,0,0,0,0,1,1,1,1,6,1686,2,11,5,1
201331D283713,2,9,0,3,0,1,0,0,0,0,2,1,6,1,6,1796,1,12,1,1
201331D284413,1,9,0,9,0,5,0,0,0,0,1,1,2,1,6,1598,1,13,7,1
201331D285113,1,19,0,18,0,8,0,0,1,2,3,1,1,1,8,2461,2,4,5,3
201331D285113,2,9,0,18,0,8,0,0,0,0,1,1,6,2,7,1997,2,4,8,1
201331D286213,1,9,0,9,0,5,0,0,0,0,1,1,6,1,5,1796,1,9,6,2
201331D286213,2,9,0,18,0,8,0,0,0,0,1,1,6,1,10,1598,1,12,6,1
201331D286613,1,9,0,18,0,0,0,0,0,0,1,1,6,1,5,1461,2,10,10,2
201331D286613,2,9,0,18,0,0,0,0,0,0,2,1,6,2,7,-1,-1,-1,2,1
201331P005213,1,9,0,18,0,0,0,0,5,6,4,1,1,1,5,-1,-1,-1,-1,-1
201331P005213,2,21,0,18,0,0,0,0,0,0,3,1,1,1,6,8867,2,4,6,1
201331P010513,1,9,0,4,0,1,0,0,0,0,1,1,6,1,10,2499,1,6,10,1
201331P010513,2,9,0,3,0,1,0,0,0,0,2,1,1,1,8,1998,2,9,3,1
201331P010513,3,19,0,3,0,1,0,0,0,0,2,1,6,1,7,2800,2,12,8,1
201331P010513,4,9,0,3,0,1,0,0,0,0,2,1,6,1,6,1968,2,5,7,3
201331P010513,5,9,0,3,0,1,0,0,0,0,2,1,6,2,6,1968,2,4,9,3
201331P010513,6,9,0,3,0,1,0,0,0,0,2,1,6,2,7,1995,2,2,9,1
201331P015213,1,9,0,7,0,1,0,0,0,0,1,1,6,3,-1,1781,1,13,-1,-1
201331P015213,2,9,0,3,0,1,0,0,0,0,2,1,2,1,8,1988,2,7,9,1
201331P020713,1,9,0,18,0,0,1,0,0,0,2,1,6,1,6,1149,1,8,1,2
201331P020713,2,9,0,18,0,0,0,0,0,0,1,1,6,1,5,1360,1,6,5,1
201331P020713,3,9,0,4,0,0,0,0,0,0,2,1,6,1,8,1991,2,2,6,3
201331P020713,4,9,0,18,0,0,1,0,0,0,1,1,6,2,6,1989,1,14,1,1
201331P022413,1,9,0,13,0,0,1,0,5,6,2,1,6,1,4,1229,1,7,9,3
201331P022413,2,9,0,18,0,0,0,0,0,0,3,1,2,1,6,1198,1,9,8,1
201331P033813,1,9,0,7,0,1,0,0,0,0,1,1,6,2,7,1299,1,9,1,1
201331P033813,2,90,0,8,0,1,0,0,0,0,2,1,6,2,8,2178,2,10,7,1
201331P036913,1,5,0,18,0,1,0,0,0,0,1,1,6,1,6,599,1,8,4,1
201331P036913,2,9,0,3,0,1,0,0,0,0,2,1,2,1,9,2143,2,2,9,1
201331P037513,1,19,0,18,0,0,0,0,5,6,3,1,6,1,8,1896,2,7,9,2
201331P038613,1,19,0,18,0,0,0,0,0,0,0,1,6,3,-1,-1,-1,-1,-1,-1
201331P038613,2,20,0,18,0,0,0,0,0,0,3,1,1,1,6,9200,2,1,4,1
201331P045113,1,19,0,13,0,0,1,0,5,6,1,1,1,1,7,2143,2,3,1,1
201331P066313,1,9,0,18,0,0,2,0,0,0,4,1,1,1,8,1995,2,1,9,1
201331P066313,2,9,0,18,0,0,1,0,0,0,3,1,1,1,9,2401,2,6,7,3
201331P071013,1,19,0,18,0,0,1,0,5,6,1,1,1,1,7,1248,2,5,1,1
201331P071413,1,9,0,4,0,0,1,0,4,6,4,1,6,1,8,1995,2,10,10,1
201331P071413,2,9,0,4,0,0,0,0,2,7,3,1,6,1,7,2000,1,8,10,1
201331P089213,1,19,0,5,0,1,0,0,0,0,1,1,2,1,7,1868,2,10,2,1
201331P089213,2,9,0,8,0,1,0,0,0,0,2,1,2,1,8,1360,1,8,7,1
201331P100613,1,9,0,18,0,0,1,0,0,0,3,1,6,1,-1,1493,1,16,5,1
201331P100613,2,9,0,18,0,0,1,0,0,0,4,1,6,1,9,2171,1,9,10,1
201331P100613,3,9,0,13,0,0,0,0,0,0,0,1,1,2,6,1248,2,9,2,1
201331P104513,1,9,0,4,0,0,0,0,0,0,2,1,6,1,5,1360,1,15,8,1
201331P104513,2,21,0,18,0,0,0,0,0,0,1,1,1,1,8,10518,2,5,8,2
201331P105413,1,9,0,18,0,0,0,0,5,6,1,1,6,1,7,1360,1,13,3,1
201331P108213,1,9,0,11,0,1,0,0,0,0,1,1,6,1,6,1598,1,8,9,1
201331P108213,2,21,1,18,0,1,0,0,0,0,2,1,1,1,6,12900,2,3,1,1
201331P126213,1,9,0,18,0,0,1,0,2,7,1,1,6,1,6,2398,1,14,7,1
201331P126213,2,19,0,11,0,0,1,0,1,7,1,1,1,1,9,2198,2,1,10,1
201331P126213,3,9,0,18,0,0,1,0,0,0,2,1,1,2,6,1598,1,6,5,1
201331P129413,1,9,0,4,0,1,0,0,0,0,1,1,6,1,6,1364,1,7,4,1
201331P129413,2,9,0,3,0,1,0,0,0,0,2,1,1,2,7,1598,1,11,9,1
201331P131213,1,9,0,18,0,0,0,0,0,0,1,1,1,1,7,1997,2,13,3,1
201331P131213,2,9,0,3,0,0,0,0,0,0,2,1,1,2,7,1596,1,2,5,1
201331P131213,3,19,0,3,0,0,0,0,0,0,2,1,1,1,7,2402,2,2,-1,-1
201331P131713,1,19,0,7,0,1,0,0,0,0,1,1,1,1,6,1995,2,2,4,2
201331P131713,2,9,0,8,0,1,0,0,0,0,2,1,6,1,9,1339,1,10,5,1
201331P150813,1,9,0,18,0,0,0,0,4,6,1,1,6,1,9,1599,1,9,8,1
201331P150813,2,9,0,18,0,0,0,0,0,0,2,1,6,1,8,1364,1,3,5,1
201331P151613,1,9,0,18,0,0,2,0,4,6,3,1,2,1,9,1598,1,10,7,1
201331P168813,1,9,0,18,0,0,1,0,2,7,1,1,1,1,6,998,1,2,5,1
201331P168813,2,9,0,12,0,0,0,0,0,0,0,1,6,3,-1,-1,-1,-1,-1,-1
201331P199813,1,9,0,18,0,1,0,0,0,0,1,1,6,2,6,1598,1,2,8,1
201331P199813,2,9,0,10,0,1,0,0,0,0,2,1,6,1,5,1800,1,13,5,1
201331P199813,3,9,0,10,0,1,0,0,0,0,2,1,6,1,10,1796,1,9,10,1
201331P199813,4,9,0,10,0,1,0,0,0,0,2,1,6,1,9,1596,1,7,6,1
201331P199813,5,9,0,10,0,1,0,0,0,0,2,1,6,1,7,1596,1,9,6,1
201331P252513,1,9,0,11,0,0,1,0,5,6,2,1,6,1,5,1360,1,6,1,1
201331P279413,1,21,1,12,0,0,0,0,0,0,3,2,1,1,6,-1,-1,-1,-1,-1
201331P279413,2,9,0,18,0,0,0,0,0,0,4,1,6,2,6,1198,1,8,8,1
201332B000413,1,9,0,13,0,1,0,0,0,0,4,1,2,1,6,1389,1,18,4,2
201332B000413,2,1,0,18,0,1,0,0,0,0,3,1,2,1,7,-1,-1,-1,5,2
201332B001513,1,9,0,1,0,0,0,0,0,0,2,1,6,1,-1,1997,2,11,-1,-1
201332B001513,2,9,0,2,0,0,0,0,0,0,1,1,6,1,4,1061,1,9,7,2
201332B001713,1,9,0,18,0,1,0,0,0,0,1,1,6,1,11,1298,1,10,-1,-1
201332B001713,2,9,0,4,0,1,0,0,0,0,2,1,6,2,7,1910,2,8,5,2
201332B002113,1,9,0,9,0,6,0,0,0,0,4,1,6,1,6,1598,1,6,7,1
201332B002113,2,9,0,18,0,8,0,0,1,11,3,1,6,1,5,-1,-1,-1,7,3
201332B002313,1,90,0,13,0,0,0,0,0,0,0,1,6,3,-1,-1,-1,-1,-1,-1
201332B002313,2,9,0,18,0,0,1,0,1,0,0,1,6,1,7,1796,1,12,2,1
201332B002613,1,9,0,18,0,2,0,0,0,0,1,1,6,1,6,1389,1,9,2,1
201332B003513,1,19,0,5,0,0,0,0,0,0,1,1,6,3,8,2299,2,3,4,3
201332B004513,1,9,0,18,0,0,2,0,1,9,1,1,6,2,8,1422,2,5,-1,-1
201332B006413,1,9,0,18,0,2,0,0,0,0,1,1,2,1,7,1560,2,6,7,1
201332B007013,1,9,0,16,0,1,0,11,0,0,1,1,6,1,6,4172,1,10,4,2
201332B007013,2,21,1,5,0,1,0,0,0,0,1,1,1,1,8,11705,2,6,5,3
201332B007213,1,9,0,2,0,0,0,0,0,0,2,1,6,2,5,1299,1,8,7,3
201332B007213,2,9,0,18,0,0,0,0,0,0,1,1,6,2,7,1198,1,6,6,1
201332B007313,1,9,0,16,0,0,1,0,2,9,1,1,2,1,4,-1,-1,-1,9,1
201332B007513,1,9,0,14,0,0,0,0,0,0,1,1,6,1,5,1796,1,13,5,2
201332B007513,2,17,4,2,4,0,0,0,0,0,2,1,2,1,9,6702,2,3,2,1
201332B008313,1,9,0,16,0,0,0,0,0,0,4,1,2,1,6,1360,1,13,6,1
201332B008313,2,1,0,18,0,0,0,0,0,0,3,1,6,2,7,-1,-1,-1,-1,-1
201332B009113,1,9,0,13,0,0,1,0,0,0,4,1,6,1,6,1587,1,14,2,1
201332B009113,2,9,0,18,0,0,2,0,1,4,3,1,6,1,6,1199,1,13,2,1
201332B011013,1,21,1,4,0,3,0,0,0,0,1,1,1,1,6,12902,2,1,6,1
201332B011013,2,9,0,4,0,3,0,0,0,0,2,1,6,1,6,1598,1,13,5,1
201332B011013,3,21,1,4,0,3,0,0,0,0,2,1,1,1,7,11705,2,8,5,2
201332B011113,1,9,0,13,0,3,0,0,0,0,1,1,6,2,10,2148,2,11,7,1
201332B011113,2,19,0,12,0,1,0,0,0,0,1,1,6,1,7,1686,2,19,3,1
201332B011413,1,9,0,18,0,0,1,0,7,4,3,1,1,1,7,1998,1,15,2,1
201332B011513,1,9,0,16,0,0,0,0,7,0,3,1,6,2,7,1998,1,6,-1,-1
201332B013213,1,9,0,16,0,0,0,0,0,0,1,1,6,2,4,954,1,14,5,2
201332B013213,2,9,0,18,0,0,0,0,0,0,1,1,6,1,7,1598,1,8,5,2
201332B013613,1,9,0,16,0,0,0,0,0,0,1,1,6,2,10,1796,1,14,3,3
201332B013613,2,9,0,17,0,0,0,0,0,0,1,1,6,2,4,1149,1,11,4,3
201332B016113,1,9,0,13,0,8,1,0,0,0,1,1,6,2,10,2987,2,3,9,1
201332B016113,2,19,0,9,0,8,1,0,7,0,3,1,1,1,-1,1997,2,3,10,3
201332B019513,1,9,0,18,0,1,0,0,0,0,1,1,6,1,-1,-1,-1,-1,-1,-1
201332B020313,1,19,0,18,0,0,2,0,1,4,1,1,1,1,7,2151,2,10,10,2
201332B020313,2,19,0,18,0,0,2,0,1,4,1,1,1,1,8,-1,-1,-1,-1,-1
201332B020513,1,9,0,18,0,0,1,0,0,0,3,2,2,2,6,-1,-1,-1,9,1
201332B020513,2,9,0,18,0,0,1,0,0,0,3,1,2,1,6,-1,-1,-1,2,1
201332B021613,1,9,0,18,0,0,1,0,7,9,1,1,1,1,9,1587,1,18,-1,-1
201332B021913,1,19,0,7,0,3,1,0,7,10,1,1,1,1,8,1998,2,8,8,1
201332B021913,2,9,0,18,0,1,0,0,0,0,1,1,6,2,8,1399,2,1,8,1
201332B022413,1,21,1,16,0,0,0,0,1,3,3,1,1,1,5,12777,2,3,-1,-1
201332B022413,2,21,1,18,0,0,0,0,1,11,3,1,1,1,8,-1,-1,-1,5,2
201332B022513,1,9,0,18,0,0,1,0,0,3,1,2,6,1,10,1588,1,11,5,3
201332B022613,1,9,0,9,0,6,0,0,0,0,3,1,6,1,6,1997,2,11,5,3
201332B022613,2,9,0,18,0,8,0,0,0,0,1,1,6,2,8,-1,-1,-1,4,3
201332B024313,1,9,0,9,0,4,0,0,0,0,1,1,6,1,8,1796,1,15,3,1
201332B024313,2,9,0,9,0,8,0,0,0,0,4,1,6,1,6,-1,-1,-1,2,1
201332B026013,1,9,0,13,0,1,0,0,0,0,1,1,2,1,6,1197,1,1,7,3
201332B026013,2,9,0,9,0,5,0,0,0,0,2,1,6,2,7,1995,2,1,4,3
201332B026613,1,90,0,4,0,2,0,0,0,0,4,1,1,2,6,2999,2,1,2,3
201332B028513,1,9,0,16,0,6,1,0,1,9,0,1,2,2,8,1598,1,6,9,1
201332B029113,1,9,0,18,0,1,1,0,1,4,1,1,2,2,7,1997,2,9,4,2
201332B029313,1,9,0,16,0,0,1,0,7,0,4,1,6,2,7,1951,2,12,5,2
201332B030313,1,9,0,18,0,2,0,0,0,0,1,1,6,1,-1,-1,-1,-1,-1,-1
201332B030513,1,9,0,18,0,0,0,0,0,0,1,1,6,2,10,-1,-1,-1,5,3
201332B030513,2,22,0,18,0,0,0,0,0,0,4,1,6,2,10,-1,-1,-1,6,2
201332B031613,1,9,0,18,0,1,0,0,0,0,4,1,6,2,5,1299,1,14,7,2
201332B031613,2,9,0,18,0,2,0,0,0,0,3,1,6,1,6,2148,2,8,1,1
201332B031713,1,9,0,16,0,0,1,0,7,0,1,1,1,1,4,-1,-1,-1,7,2
201332B032013,1,9,0,10,0,1,0,0,0,0,2,1,6,2,6,1388,1,11,7,3
201332B032013,2,9,0,18,0,1,1,0,0,0,1,1,6,1,10,1598,1,10,5,3
201332B032013,3,9,0,18,0,1,0,0,0,0,1,1,6,2,8,1339,1,9,7,2
201332B032313,1,9,0,18,0,4,0,0,1,9,1,1,6,1,10,1461,2,1,5,3
201332B032313,2,9,0,18,0,8,0,0,0,0,4,1,6,1,9,1796,1,7,6,2
201332B032913,1,9,0,13,0,0,5,0,1,9,4,1,6,1,6,1796,1,12,5,2
201332B032913,2,9,0,18,0,0,5,0,1,9,3,1,6,1,5,973,1,14,4,3
201332B036813,1,9,0,9,0,1,0,0,0,0,4,1,6,1,7,1994,1,8,6,1
201332B036813,2,9,0,18,0,1,0,0,0,0,1,1,6,2,5,1360,1,12,5,2
201332B037913,1,9,0,9,0,8,0,0,0,0,1,1,6,1,-1,1398,1,3,5,3
201332B037913,2,1,0,18,0,8,0,0,0,0,1,1,6,1,-1,-1,-1,-1,2,1
201332B038513,1,9,0,4,0,2,0,0,0,0,1,1,6,2,7,1332,1,6,6,1
201332B038513,2,9,0,4,0,2,0,0,0,0,2,1,2,1,6,1896,2,11,8,1
201332B038513,3,9,0,18,0,2,0,0,0,0,2,1,6,2,6,1798,1,9,8,1
201332B041313,1,9,0,16,0,1,5,0,1,1,1,1,6,1,4,973,1,11,7,1
201332B042313,1,9,0,18,0,2,0,0,0,0,1,1,6,1,8,1206,1,2,6,3
201332B042313,2,1,0,18,0,1,0,0,1,0,1,1,2,1,9,-1,-1,-1,6,3
201332B042413,1,9,0,17,0,1,0,0,0,0,1,1,6,2,7,999,1,8,4,3
201332B042413,2,9,0,4,0,1,1,0,0,0,1,1,6,1,-1,-1,-1,-1,-1,-1
201332B043013,1,9,0,18,0,0,1,0,7,3,1,1,6,2,6,1390,1,15,4,3
201332B044213,1,21,1,18,0,0,0,0,0,0,3,1,6,1,9,12900,2,5,6,3
201332B044213,2,21,1,18,0,0,0,0,0,0,3,1,6,1,8,12777,2,7,7,1
201332B045413,1,20,0,18,0,0,0,12,0,0,4,1,1,1,9,3920,2,9,-1,-1
201332B045413,2,19,0,18,0,0,0,0,1,0,4,1,2,1,9,1753,2,5,-1,-1
201332B045913,1,9,0,18,0,0,1,0,0,0,3,1,6,1,4,973,1,13,-1,-1
201332B045913,2,9,0,18,0,0,0,0,0,0,3,1,6,2,9,1598,1,4,-1,-1
201332B046513,1,3,0,18,0,0,0,0,7,9,1,1,6,1,4,49,1,1,8,1
201332B046913,1,9,0,18,0,0,0,0,0,0,1,1,6,2,-1,-1,-1,-1,-1,-1
201332B046913,2,1,0,18,0,0,0,0,1,0,2,1,2,1,8,-1,-1,-1,-1,-1
201332B048713,1,9,0,18,0,0,1,0,7,9,1,1,6,1,9,1398,2,11,5,1
201332B048813,1,9,0,4,0,4,0,0,0,0,1,1,2,1,-1,-1,-1,-1,-1,-1
201332B048813,2,9,0,4,0,4,0,0,0,0,2,1,6,2,7,1391,1,13,8,3
201332B048913,1,9,0,13,0,2,1,0,0,0,4,1,1,1,6,1905,2,15,4,1
201332B048913,2,9,0,18,0,2,0,0,0,0,0,1,1,1,6,999,1,9,7,1
201332B052613,1,9,0,9,0,2,0,0,0,0,1,1,3,2,7,1995,2,9,7,1
201332B053113,1,9,0,18,0,0,0,10,0,0,4,1,6,1,4,-1,-1,-1,-1,-1
201332B055013,1,9,0,18,0,0,0,0,0,0,1,1,2,1,7,1796,1,10,5,3
201332B055013,2,9,0,18,0,0,0,0,0,0,2,1,2,2,5,1679,1,12,8,1
201332B055013,3,9,0,4,0,0,0,0,0,0,2,1,2,1,5,1598,1,9,8,1
201332B058513,1,9,0,1,0,8,0,0,0,0,2,1,6,1,7,2179,2,4,5,2
201332B058613,1,21,1,18,0,0,0,0,0,0,1,1,1,1,7,10518,2,6,-1,-1
201332B058613,2,4,0,18,0,0,0,0,1,0,2,1,6,1,6,-1,-1,-1,4,1
201332B059413,1,19,0,3,0,1,1,0,0,0,1,1,1,1,5,2148,2,3,-1,-1
201332B059413,2,9,0,18,0,1,1,0,1,0,1,1,6,1,4,1124,1,9,5,3
201332B060013,1,9,0,9,0,1,0,0,0,0,1,1,6,1,-1,2960,1,17,6,1
201332B060013,2,9,0,9,0,1,0,0,0,0,2,1,6,1,4,1360,1,8,4,3
201332B062613,1,9,0,18,9,0,0,0,0,0,1,1,6,1,9,-1,-1,-1,-1,-1
201332B063013,1,9,0,18,0,0,0,0,0,0,3,1,6,1,9,1998,1,15,6,3
201332B063013,2,9,0,16,0,0,0,0,0,0,1,1,2,1,6,1998,1,16,-1,-1
201332B064713,1,9,0,9,0,1,0,0,0,0,0,1,2,1,5,-1,-1,-1,-1,-1
201332B064713,2,9,0,18,0,8,1,0,7,10,1,1,2,1,6,-1,-1,-1,-1,-1
201332B064913,1,9,0,9,0,6,0,0,0,0,4,1,6,1,9,1910,2,5,7,3
201332B064913,2,9,0,18,0,1,0,0,0,0,3,1,6,1,6,1997,2,11,1,1
201332B065113,1,9,0,16,0,8,5,0,7,9,3,1,6,1,5,1299,1,15,5,3
201332B065213,1,1,0,18,0,1,0,0,0,0,1,1,6,1,6,-1,-1,-1,6,1
201332B065213,2,8,0,10,0,5,0,0,0,0,4,1,1,1,7,1870,2,7,5,1
201332B065813,1,9,0,18,0,0,1,0,7,9,2,1,6,2,4,973,1,11,4,3
201332B068213,1,9,0,18,0,0,0,0,0,0,1,1,6,1,6,1997,2,9,3,1
201332B068213,2,9,0,4,0,0,0,0,0,0,2,1,6,1,6,1796,1,6,1,1
201332B069013,1,9,0,18,0,1,0,0,0,0,1,1,6,3,-1,-1,-1,-1,-1,-1
201332B069013,2,2,0,18,0,1,0,0,1,9,1,1,6,1,4,50,1,5,5,3
201332B071013,1,9,0,17,0,0,1,0,1,9,1,1,1,1,5,1598,1,5,-1,-1
201332B072313,1,9,0,18,0,0,0,0,0,0,3,1,1,1,9,1796,1,10,5,2
201332B072313,2,3,0,18,0,0,0,0,1,0,3,1,6,1,6,-1,-1,-1,4,2
201332B075613,1,9,0,18,0,6,0,0,0,0,3,1,1,1,6,-1,-1,-1,8,3
201332B075613,2,9,0,18,0,1,0,0,0,0,1,1,1,1,6,1998,2,11,2,1
201332B075913,1,9,0,17,0,2,1,0,1,3,1,1,6,2,6,1796,1,4,5,3
201332B076113,1,9,0,18,0,1,0,0,7,0,4,1,6,1,5,973,1,15,6,1
201332B076113,2,9,0,18,0,1,1,0,1,1,1,1,6,1,5,1242,1,6,7,2
201332B076813,1,9,0,18,0,1,0,0,0,0,1,1,6,2,6,-1,-1,-1,-1,-1
201332B076813,2,9,0,18,0,1,0,0,0,0,2,1,6,2,5,1598,1,6,5,2
201332B082713,1,9,0,16,0,0,2,0,8,0,3,1,1,2,4,1248,2,8,7,2
201332B082913,1,9,0,3,0,0,0,0,0,0,2,1,2,1,6,1998,1,10,9,1
201332B082913,2,9,0,18,0,0,0,0,0,0,1,1,2,1,4,1388,1,10,5,2
201332B083013,1,9,0,18,0,0,2,0,1,11,1,1,1,1,6,998,1,11,6,1
201332B084213,1,9,0,18,0,0,1,0,1,1,4,1,2,1,10,2969,1,22,-1,-1
201332B084513,1,9,0,18,0,1,0,0,0,0,1,1,6,1,6,2324,1,11,10,1
201332B084513,2,9,0,10,0,1,0,0,1,0,2,1,6,2,7,1299,1,16,5,2
201332B084813,1,9,0,18,0,0,0,0,0,0,3,1,6,2,-1,1596,1,11,1,1
201332B085113,1,9,0,3,0,0,0,0,0,0,1,1,2,1,5,1198,1,11,6,1
201332B085113,2,9,0,3,0,0,0,0,0,0,2,1,2,2,8,1686,2,7,4,1
201332B086213,1,9,0,16,0,0,0,0,0,0,4,1,6,1,8,1398,2,7,5,3
201332B086213,2,19,0,18,0,0,0,0,0,0,1,1,6,1,8,1868,2,8,5,3
201332B089713,1,9,0,13,0,0,1,0,0,0,1,1,2,1,5,1896,2,16,3,1
201332B089713,2,9,0,16,0,0,0,0,0,0,1,1,2,2,7,1798,1,5,5,1
201332B091113,1,9,0,18,0,0,0,0,0,0,1,1,6,1,6,-1,-1,-1,3,2
201332B091113,2,9,0,3,0,0,0,0,0,0,2,1,6,2,7,1995,2,1,5,3
201332B091113,3,9,0,3,0,0,0,0,0,0,2,1,6,1,9,1991,2,5,3,1
201332B093913,1,9,0,5,0,1,0,0,0,0,2,1,6,1,-1,1896,2,14,-1,-1
201332B093913,2,9,0,3,0,1,0,0,0,0,1,1,2,2,4,-1,-1,-1,4,1
201332B094013,1,9,0,5,0,0,0,0,0,0,1,1,6,1,11,1389,1,18,6,3
201332B094113,1,9,0,18,0,0,0,0,0,0,1,1,6,1,4,954,1,16,-1,-1
201332B094713,1,9,0,18,0,0,2,0,7,11,1,1,2,1,6,1997,1,16,4,2
201332B095013,1,9,0,16,0,0,0,0,1,2,1,1,1,2,7,1388,1,4,10,1
201332B097213,1,9,0,3,0,1,0,0,0,0,2,1,6,2,5,1595,1,12,5,2
201332B097213,2,9,0,18,0,1,0,0,0,0,1,1,6,2,6,1997,1,7,6,3
201332B098913,1,3,0,11,0,0,0,2,1,0,1,1,1,1,6,124,1,3,5,3
201332B100213,1,9,0,9,0,8,0,0,0,0,4,1,6,1,11,1388,1,3,7,1
201332B100213,2,1,0,18,0,8,0,0,0,0,1,1,4,1,3,-1,-1,-1,3,1
201332B101013,1,9,0,17,0,2,2,0,7,9,0,1,4,2,4,1149,1,8,4,1
201332B101613,1,21,1,17,0,8,0,0,0,0,4,1,1,1,9,12900,2,1,-1,-1
201332B101613,2,9,0,16,0,8,0,0,0,0,3,1,6,2,7,2204,2,3,3,1
201332B104013,1,9,0,13,0,0,0,0,0,0,0,1,6,3,4,-1,-1,-1,-1,-1
201332B104013,2,2,0,18,0,0,0,0,1,9,0,1,6,1,4,49,1,5,-1,-1
201332B105813,1,9,0,18,0,2,1,0,1,4,1,1,6,2,6,1781,1,14,5,2
201332B106413,1,9,0,13,0,0,1,7,7,9,3,1,2,1,7,-1,-1,-1,2,1
201332B106413,2,9,0,18,0,0,0,0,0,0,3,1,2,1,7,-1,-1,-1,5,3