Accident_Index,Vehicle_Reference,Vehicle_Type,Towing_and_Articulation,Vehicle_Manoeuvre,Vehicle_Location-Restricted_Lane,Junction_Location,Skidding_and_Overturning,Hit_Object_in_Carriageway,Vehicle_Leaving_Carriageway,Hit_Object_off_Carriageway,1st_Point_of_Impact,Was_Vehicle_Left_Hand_Drive?,Journey_Purpose_of_Driver,Sex_of_Driver,Age_Band_of_Driver,Engine_Capacity_(CC),Propulsion_Code,Age_of_Vehicle,Driver_IMD_Decile,Driver_Home_Area_Type
201332B238713,2,1,0,16,0,0,0,0,0,0,1,1,6,1,6,-1,-1,-1,4,1
201332B239013,1,9,0,18,0,0,0,0,0,0,4,1,6,1,4,-1,-1,-1,-1,-1
201332B239413,1,19,0,9,0,6,0,0,0,0,3,1,2,2,6,-1,-1,-1,10,1
201332B239413,2,5,0,18,0,1,0,0,0,0,1,1,6,1,7,535,1,13,5,2
201332B239713,1,19,0,4,0,0,0,0,0,0,2,1,6,1,6,2798,2,10,5,3
201332B239713,2,9,0,13,0,0,0,0,0,0,1,1,6,2,6,1984,1,1,5,3
201332B242413,1,9,0,17,0,0,0,0,0,0,3,1,2,1,7,1686,2,12,1,1
201332B242413,2,3,0,16,0,0,0,0,0,0,1,1,6,1,4,125,1,2,6,2
201332B242813,1,9,0,18,0,0,0,4,0,0,1,1,6,2,6,1399,1,10,-1,-1
201332B242813,2,9,0,4,0,0,0,0,0,0,2,1,6,1,9,2204,2,5,4,3
201332B243313,1,9,0,7,0,8,0,0,7,11,1,1,6,1,6,1998,1,11,9,1
201332B243313,2,9,0,9,0,8,0,0,0,0,0,1,6,1,-1,-1,-1,-1,-1,-1
201332B243413,1,3,0,18,0,0,0,0,0,0,1,1,6,1,4,124,1,6,6,1
201332B243413,2,9,0,4,0,0,0,0,0,0,1,1,6,2,10,1399,1,6,3,3
201332B244113,1,9,0,18,0,0,0,0,0,0,2,1,6,1,5,1798,1,12,6,1
201332B244113,2,9,0,18,0,0,0,0,0,0,1,1,6,1,6,-1,-1,-1,2,1
201332B244113,3,9,0,18,0,0,0,0,0,0,1,1,2,1,5,2148,2,7,5,1
201332B250113,1,9,0,18,0,8,2,0,1,9,1,1,6,2,5,1240,1,8,5,3
201332B250113,2,17,4,9,0,5,0,0,0,0,2,1,6,3,-1,-1,-1,-1,-1,-1
201332B250413,1,9,0,9,0,6,0,0,0,0,3,1,2,1,7,1896,2,11,2,1
201332B250413,2,4,0,17,0,1,0,0,0,0,1,1,2,1,7,-1,-1,-1,5,3
201332B250513,1,9,0,18,0,1,0,0,0,0,1,1,6,1,5,2544,1,14,7,3
201332B250513,2,9,0,18,0,6,0,0,0,0,2,1,6,1,5,1968,2,8,4,1
201332B250613,1,9,0,18,0,8,0,10,1,2,4,1,6,2,6,2500,1,4,10,1
201332B250613,2,9,0,9,0,8,0,0,0,0,1,1,6,2,9,1596,1,7,9,1
201332B253413,1,9,0,5,0,1,0,0,0,0,3,1,1,2,6,1229,1,7,4,3
201332B253413,2,1,0,5,0,1,0,0,0,0,0,1,1,2,7,-1,-1,-1,5,1
201332B253513,1,9,0,18,0,1,0,0,0,0,1,1,6,2,6,-1,-1,-1,3,3
201332B253613,1,9,0,12,0,1,0,0,0,0,1,2,6,1,5,-1,-1,-1,5,1
201332B253613,2,9,0,18,0,1,0,0,1,0,1,1,6,2,4,1299,1,8,5,2
201332B253713,1,9,0,17,0,8,0,0,0,0,1,1,6,1,4,1360,1,11,5,3
201332B253713,2,9,0,18,0,8,0,0,0,0,1,1,6,1,7,998,1,3,6,1
201332B254113,1,9,0,3,0,0,0,0,0,0,3,1,6,2,9,1910,2,5,-1,-1
201332B254113,2,1,0,18,0,0,5,0,0,0,4,1,6,1,11,-1,-1,-1,-1,-1
201332B255613,1,9,0,18,0,8,0,0,0,0,3,1,6,1,-1,-1,-1,-1,-1,-1
201332B260213,1,9,0,18,0,0,1,0,0,0,1,1,1,2,6,1796,1,3,6,1
201332B260213,2,9,0,4,0,0,0,0,0,0,2,1,1,1,7,1910,2,5,8,1
201332B263513,1,9,0,17,0,0,1,0,1,1,1,1,6,1,6,1461,2,2,7,3
201332B263813,1,9,0,7,0,1,0,0,0,0,1,1,6,1,7,-1,-1,-1,4,2
201332B263813,2,1,0,18,0,1,0,0,0,0,3,1,6,1,8,-1,-1,-1,3,1
201332B263913,1,19,0,11,0,0,0,0,0,0,4,1,1,1,7,1896,2,10,2,1
201332B263913,2,9,0,5,0,0,0,0,1,7,3,1,1,2,7,1598,1,7,5,2
201332B265213,1,9,0,18,0,1,0,0,1,2,1,1,6,1,6,-1,-1,-1,5,2
201332B265213,2,9,0,2,9,1,0,0,0,0,2,1,6,2,-1,1781,1,11,6,1
201332B266413,1,5,0,5,0,2,0,0,0,0,3,1,6,1,8,-1,-1,-1,-1,-1
201332B266413,2,9,0,18,0,1,0,0,0,0,4,1,6,1,6,1998,2,7,4,1
201332B266813,1,2,0,18,0,2,1,0,0,0,0,1,1,1,6,-1,-1,-1,4,3
201332B266913,1,9,0,9,0,2,0,0,0,0,1,1,6,1,7,1896,2,16,4,1
201332B266913,2,1,0,18,0,6,0,0,0,0,2,1,6,1,3,-1,-1,-1,2,1
201332B267013,1,9,0,18,0,3,1,0,1,10,1,1,6,1,4,1390,1,10,5,1
201332B267113,1,19,0,16,0,8,0,0,0,10,1,1,1,1,5,-1,-1,-1,2,1
201332B267113,2,17,4,17,0,8,0,0,0,0,1,1,1,1,5,-1,-1,-1,5,3
201332B270413,1,2,0,16,0,2,0,0,0,0,1,1,6,2,4,-1,-1,-1,5,3
201332B270413,2,19,0,17,0,1,0,0,0,0,1,1,6,1,8,2500,2,6,6,1
201332B270513,1,9,0,4,0,1,0,0,0,0,1,1,6,2,-1,1598,1,6,5,3
201332B270513,2,9,0,8,0,1,0,0,0,0,2,1,6,1,6,1997,2,8,5,2
201332B271213,1,9,0,5,0,8,0,0,3,0,3,1,1,1,6,-1,-1,-1,5,3
201332B271213,2,9,0,18,0,8,0,0,0,0,1,1,2,2,8,1389,1,9,10,2
201332B272513,1,19,0,1,0,0,0,0,0,0,2,1,1,1,8,2143,2,1,9,2
201332B272813,1,3,0,18,0,0,0,0,1,2,1,1,1,1,4,-1,-1,-1,10,1
201332B274213,1,19,0,18,0,0,0,0,0,0,1,1,1,1,6,1995,2,1,4,1
201332B274213,2,9,0,4,0,0,0,0,0,0,2,1,1,2,9,-1,-1,-1,7,1
201332B274413,1,9,0,9,0,5,0,0,0,0,2,1,2,1,9,1686,2,-1,9,2
201332B274413,2,21,1,13,0,1,0,0,0,0,1,1,1,1,7,11967,2,2,10,2
201332B275113,1,9,0,18,0,0,0,4,1,11,1,1,6,1,7,-1,-1,-1,3,1
201332B275113,2,9,0,2,0,0,0,0,1,0,2,1,6,3,-1,2148,2,8,7,1
201332B275913,1,1,0,18,0,1,0,0,0,0,0,1,6,1,7,-1,-1,-1,9,1
201332B275913,2,9,0,9,0,1,0,0,0,0,0,2,6,1,-1,-1,-1,-1,-1,-1
201332B278313,1,9,0,18,0,8,0,0,0,0,1,1,6,2,4,-1,-1,-1,8,1
201332B278313,2,9,0,9,0,8,0,0,0,0,3,1,6,1,11,1834,1,14,5,2
201332B278513,1,9,0,16,0,0,1,0,1,9,1,1,2,2,6,-1,-1,-1,5,3
201332B278813,1,9,0,9,0,6,0,0,0,0,2,1,6,1,9,1364,2,5,4,3
201332B278813,2,9,0,18,0,8,0,0,0,0,1,1,6,2,7,3628,2,6,4,3
201332B278913,1,9,0,18,0,1,0,0,0,0,1,1,2,2,8,2495,2,11,4,3
201332B278913,2,1,0,18,0,8,0,0,0,0,0,1,6,1,5,-1,-1,-1,-1,-1
201332B285213,1,19,0,5,9,1,0,0,0,0,1,1,1,1,-1,-1,-1,-1,-1,-1
201332B285313,1,17,0,3,0,0,0,0,0,0,0,1,1,1,6,6600,2,1,5,3
201332B285313,2,16,0,18,0,0,0,0,0,0,0,1,6,2,9,-1,-1,-1,6,3
201332B286313,1,9,0,5,0,1,0,0,0,0,1,1,6,2,6,1910,2,5,-1,-1
201332B286313,2,9,0,18,0,1,0,0,0,0,3,1,6,2,5,1399,1,4,-1,-1
201332B286813,1,9,0,18,0,0,0,0,0,0,4,1,6,1,4,1198,1,11,3,1
201332B287013,1,9,0,5,0,1,0,0,0,0,3,1,6,1,10,3200,2,5,5,3
201332B287013,2,9,3,17,0,3,0,0,0,0,3,1,6,1,10,-1,-1,-1,4,3
201332B289113,1,9,0,9,0,6,0,0,0,0,3,1,6,1,8,1999,1,7,4,3
201332B289113,2,9,0,18,0,1,0,0,0,0,1,1,6,2,6,1229,1,6,5,2
201332B290413,1,9,0,18,0,1,0,0,0,0,1,1,6,2,8,1389,1,12,1,1
201332B290413,2,9,0,10,0,1,0,0,0,0,1,1,6,1,8,1769,1,7,-1,-1
201332B295613,1,9,0,4,0,1,0,0,0,0,1,1,6,1,4,1598,1,6,7,1
201332B295613,2,9,0,3,0,1,0,0,0,0,2,1,6,1,7,1968,2,2,7,1
201332B296113,1,9,0,5,0,1,0,0,0,0,1,1,6,2,7,1997,2,8,8,1
201332B296813,1,9,0,13,0,0,0,0,1,0,1,1,2,2,7,995,1,9,4,2
201332B296813,2,9,0,18,0,0,0,0,0,0,1,1,6,1,-1,1299,1,12,7,1
201332B296813,3,11,0,14,0,0,0,0,0,0,3,1,1,2,-1,4250,2,12,-1,-1
201332B296813,4,9,0,18,0,0,0,0,0,0,0,1,1,2,9,1992,2,5,3,2
201332B296813,5,9,0,2,0,0,0,0,0,0,0,1,6,3,-1,-1,-1,-1,-1,-1
201332B297613,1,9,0,7,0,8,0,0,0,0,4,1,6,3,-1,-1,-1,-1,-1,-1
201332B297813,1,9,0,6,0,0,0,0,0,0,3,1,1,1,10,1390,1,12,-1,-1
201332B297813,2,5,0,13,0,0,2,0,0,0,4,1,1,1,5,1255,1,5,3,1
201332B297913,1,9,0,7,0,1,0,0,0,0,4,1,6,3,-1,-1,-1,-1,-1,-1
201332B297913,2,1,0,18,0,1,0,0,0,0,3,1,2,2,8,-1,-1,-1,6,1
201332B298213,1,9,0,16,0,0,0,0,0,0,0,1,6,3,-1,-1,-1,-1,-1,-1
201332B298213,2,8,0,17,0,0,0,0,1,7,4,2,6,1,6,2698,2,8,2,1
201332B298413,1,9,0,17,0,0,2,0,1,0,4,1,6,1,9,-1,-1,-1,4,1
201332B298913,1,11,0,5,0,8,0,0,0,0,1,1,1,1,8,-1,2,14,7,3
201332B299313,1,9,0,16,0,0,1,0,7,9,1,1,6,1,6,1796,1,13,9,1
201332B301213,1,9,0,13,0,0,0,0,0,0,1,1,6,1,-1,1753,2,10,-1,-1
201332B301213,2,9,0,18,0,0,0,0,0,0,2,1,6,2,4,1396,1,9,4,1
201332B304213,1,9,0,18,0,8,0,0,0,0,1,1,6,1,10,1796,1,15,1,1
201332B304213,2,1,0,18,0,8,0,0,0,0,1,1,6,1,8,-1,-1,-1,2,1
201332B305113,1,9,0,18,0,0,1,0,0,0,1,1,6,1,4,1242,1,14,2,1
201332B305513,1,19,0,1,9,6,0,0,0,0,2,1,6,1,8,2500,2,7,1,1
201332B305813,1,9,0,3,0,0,0,0,0,0,1,1,6,2,4,1598,1,9,3,2
201332B305813,2,9,0,3,0,0,0,0,0,0,2,1,6,2,9,1560,2,7,5,3
201332B305913,1,9,0,18,0,3,0,0,0,0,1,1,1,2,6,1990,1,21,3,3
201332B305913,2,1,0,18,9,3,0,0,0,0,2,1,1,1,6,-1,-1,-1,6,1
201332B306313,1,3,0,18,0,6,1,0,3,0,3,1,6,1,4,49,1,3,5,3
201332B307213,1,19,0,16,0,0,2,0,7,0,3,1,1,1,8,-1,2,12,3,1
201332B312313,1,9,0,18,0,1,0,0,0,0,1,1,6,2,11,1761,1,15,4,3
201332B312313,2,9,0,2,0,1,0,0,0,0,4,1,1,1,9,-1,-1,-1,9,1
201332B312313,3,8,0,2,0,1,0,0,0,0,1,1,6,3,-1,1896,2,10,5,3
201332B313313,1,9,0,13,0,0,0,0,0,0,3,1,1,1,6,1798,2,3,3,1
201332B313313,2,5,0,13,0,0,0,0,0,0,3,1,1,1,7,1255,1,1,8,1
201332B316313,1,9,0,9,0,1,0,0,1,10,3,1,6,2,5,1798,1,-1,5,1
201332B316313,2,9,0,18,0,1,0,0,0,0,1,1,6,1,11,1364,1,3,4,3
201332B317213,1,9,0,3,0,0,0,0,0,0,2,1,6,2,8,1587,1,8,7,1
201332B317213,2,20,0,18,0,0,0,0,0,0,1,1,1,1,9,3908,2,6,4,1
201332B317713,1,9,0,5,0,3,0,0,0,0,2,1,6,2,7,1587,1,7,6,1
201332B317713,2,9,0,5,0,3,0,0,0,0,1,1,6,1,8,-1,-1,-1,4,2
201332B319513,1,9,0,18,0,0,0,0,0,0,1,1,2,1,6,-1,-1,-1,6,3
201332B319513,2,21,1,2,0,0,0,0,0,0,2,2,1,1,8,-1,-1,-1,-1,-1
201332B321613,1,9,0,18,0,0,0,0,1,1,4,1,6,1,11,1193,1,-1,4,1
201332B322113,1,20,0,18,0,0,0,0,0,0,4,1,1,1,6,8970,2,10,-1,-1
201332B322413,1,9,0,17,0,0,0,0,1,0,3,1,6,1,7,1275,1,14,1,1
201332B322613,1,9,0,18,0,0,0,0,0,0,1,1,1,1,8,2967,2,2,4,3
201332B324013,1,9,0,18,0,8,0,0,0,0,1,2,6,3,-1,-1,-1,-1,-1,-1
201332B324013,2,1,0,10,0,8,0,0,0,0,2,1,6,2,7,-1,-1,-1,6,1
201332B324313,1,17,4,18,0,1,0,0,1,11,1,1,1,1,10,-1,-1,-1,7,3
201332B324313,2,9,0,2,0,1,0,0,0,0,4,1,6,3,-1,2494,1,11,-1,-1
201332B324313,3,9,0,2,0,1,0,0,0,0,1,1,1,3,-1,1798,2,1,-1,-1
201332B324713,1,9,0,18,0,1,1,0,0,0,1,1,1,2,4,1391,1,11,9,1
201332B324713,2,9,0,18,0,1,0,0,0,0,2,1,1,2,8,1422,2,12,9,1
201332B325413,1,21,0,4,0,0,0,0,0,0,1,1,1,1,7,4116,2,8,3,3
201332B325413,2,21,1,3,0,0,0,0,0,0,2,1,1,1,6,12900,2,5,-1,-1
201332B327213,1,5,0,17,0,0,5,0,2,9,1,1,6,1,8,798,1,-1,5,3
201332B328613,1,9,0,18,0,0,0,0,7,3,1,1,6,2,8,1390,1,14,4,3
201332B328613,2,9,0,18,0,0,0,0,0,0,0,1,1,1,6,2993,2,3,-1,-1
201332B328913,1,4,0,16,0,0,2,0,7,0,1,1,6,2,8,499,1,8,9,1
201332B330413,1,9,0,18,0,0,0,0,0,0,4,1,6,1,10,1248,1,1,9,1
201332B330513,1,9,0,18,0,2,0,0,0,0,1,1,6,1,6,-1,-1,-1,-1,-1
201332B332313,1,9,0,9,0,3,0,0,0,0,2,1,6,1,10,1595,1,11,4,2
201332B332313,2,9,0,18,0,8,0,0,0,0,1,1,6,3,-1,-1,-1,-1,-1,-1
201332B332313,3,9,0,18,0,4,0,0,0,0,0,1,6,3,-1,-1,-1,-1,-1,-1
201332B333113,1,9,0,18,0,8,5,10,7,2,1,1,6,1,5,1761,1,15,4,1
201332B333213,1,3,0,16,0,0,1,0,7,9,1,1,6,1,4,124,1,12,4,3
201332B333813,1,3,0,17,0,0,2,0,0,0,0,1,2,1,7,124,1,25,7,2
201332B334213,1,9,0,18,0,2,0,0,7,9,3,1,6,1,11,1796,1,14,-1,-1
201332B334813,1,9,0,16,0,0,0,0,7,0,1,1,6,2,4,973,1,11,5,3
201332B336413,1,9,0,9,0,6,0,0,0,0,1,1,1,2,10,-1,-1,-1,7,2
201332B336413,2,9,0,18,0,1,0,0,0,0,4,1,1,1,7,2488,2,1,8,3
201332B337413,1,9,0,6,8,6,0,0,7,0,4,1,6,1,11,1596,1,9,4,2
201332B337413,2,9,0,18,0,1,0,0,7,0,1,1,6,1,8,1388,1,1,7,3
201332B337713,1,4,0,18,0,2,1,0,7,2,1,1,6,1,6,123,1,10,5,3
201332B337813,1,9,0,13,0,1,0,0,0,0,1,1,6,1,5,1495,1,12,7,1
201332B337813,2,1,0,9,0,5,5,0,0,0,1,1,6,1,7,-1,-1,-1,8,1
201332B339813,1,9,0,18,0,8,0,0,0,0,4,1,6,3,-1,-1,-1,-1,-1,-1
201332B341013,1,9,0,17,0,1,2,0,7,9,1,1,6,2,5,1124,1,9,7,3
201332B341913,1,9,0,3,0,1,0,0,0,0,1,1,1,1,-1,-1,-1,-1,-1,-1
201332B341913,2,19,0,3,0,1,0,0,0,0,2,1,6,1,-1,-1,-1,-1,-1,-1
201332B342413,1,9,0,18,0,1,0,0,0,0,4,1,6,1,7,1242,1,6,6,1
201332B342413,2,9,0,10,0,1,0,0,0,0,3,1,6,2,4,-1,-1,-1,-1,-1
201332B342613,1,9,0,18,0,1,0,0,0,0,1,1,6,1,7,-1,-1,-1,4,3
201332B342613,2,9,0,3,0,1,0,0,0,0,2,1,1,1,7,2987,2,6,7,2
201332B342613,3,9,0,3,0,1,0,0,0,0,2,1,6,2,10,1198,1,3,7,3
201332B342813,1,9,0,2,0,0,0,0,0,0,4,1,6,2,-1,1798,1,-1,6,3
201332B343513,1,9,0,13,0,0,0,0,0,0,0,1,4,2,-1,-1,-1,-1,-1,-1
201332B343513,2,1,0,18,0,0,0,0,0,0,3,1,1,2,8,-1,-1,-1,5,3
201332B343913,1,9,0,18,0,0,0,0,0,0,1,1,3,1,8,1597,1,14,5,3
201332B344813,1,9,0,16,0,0,0,0,0,0,1,1,6,3,-1,-1,-1,-1,-1,-1
201332B344813,2,1,0,17,0,0,0,0,1,0,4,1,6,1,5,-1,-1,-1,2,1
201332B347413,1,90,0,18,0,0,0,0,0,0,1,1,6,1,-1,-1,-1,-1,-1,-1
201332B347413,2,1,0,18,0,0,5,0,0,0,3,1,1,1,6,-1,-1,-1,9,1
201332B351013,1,9,0,18,0,1,0,0,0,0,1,1,6,2,7,1242,1,12,4,3
201332B351013,2,9,0,10,0,1,0,0,0,0,3,1,6,1,10,1388,1,9,-1,-1
201332B351413,1,9,0,18,0,0,0,0,1,9,1,1,6,1,11,1560,2,6,5,3
201332B351613,1,9,0,18,0,1,0,0,0,0,4,1,6,2,9,1396,1,8,3,2
201332B352213,1,9,0,18,0,0,0,0,0,0,4,1,1,1,5,-1,-1,-1,8,1
201332B352213,2,20,0,2,0,0,0,0,0,0,2,1,1,1,7,4461,2,5,4,1
201332B352613,1,9,0,9,0,2,0,0,0,0,0,1,1,1,7,-1,-1,-1,2,1
201332B352613,2,5,0,18,0,1,2,0,0,0,1,1,6,2,9,790,1,9,7,3
201332B352913,1,90,0,13,0,1,0,0,7,3,1,1,1,1,8,2999,2,1,1,3
201332B352913,2,17,4,4,0,1,0,0,0,0,1,1,1,1,9,-1,-1,-1,6,3
201332B353013,1,9,0,7,0,5,0,0,0,0,1,1,6,1,6,-1,-1,-1,5,3
201332B353013,2,22,0,18,0,6,0,0,0,0,1,1,6,2,11,-1,-1,-1,6,1
201332B353313,1,1,0,18,0,1,0,0,0,0,1,1,6,1,2,-1,-1,-1,2,1
201332B353313,2,9,0,18,0,2,0,0,0,0,1,1,6,1,7,-1,-1,-1,3,3
201332B353513,1,9,0,9,0,1,0,0,0,0,1,1,6,1,5,1598,1,3,7,3
201332B353513,2,9,0,18,0,1,0,0,0,0,1,1,6,1,5,998,1,22,4,3
201332B353613,1,9,0,13,0,5,1,0,0,0,1,1,6,1,5,1686,2,6,4,3
201332B353613,2,9,0,9,0,1,0,0,7,11,3,1,6,2,5,1198,1,2,5,2
201332B354513,1,9,0,5,0,6,0,0,0,0,1,1,2,1,6,1753,2,9,-1,-1
201332B354513,2,9,0,18,0,8,0,0,1,11,1,1,2,2,6,1596,1,12,-1,-1
201332B354613,1,9,0,18,0,8,0,0,0,0,4,1,2,1,5,1489,1,15,-1,-1
201332B354613,2,9,0,18,0,1,1,7,0,0,1,2,2,1,8,-1,-1,-1,6,1
201332B354813,1,11,0,4,0,0,0,0,0,0,4,1,3,1,10,7300,2,8,7,3
201332B359213,1,5,0,17,0,0,5,0,0,0,0,1,6,1,7,1130,1,13,3,3
201332B359413,1,3,0,17,0,0,1,0,0,0,4,1,6,1,6,125,1,1,6,1
201332B359813,1,19,0,1,0,0,0,0,0,0,2,1,6,1,-1,-1,-1,-1,-1,-1
201332B359813,2,9,0,2,0,0,0,0,0,0,1,1,6,1,6,-1,-1,-1,4,3
201332B362013,1,10,0,18,0,0,0,0,0,0,3,1,6,1,5,-1,-1,-1,2,1
201332B362013,2,9,0,18,0,0,0,0,0,0,1,1,6,1,6,1396,1,13,4,1
201332B362013,3,9,0,18,0,0,0,0,0,0,3,1,6,1,6,1598,1,6,7,1
201332B363113,1,9,0,3,0,8,0,0,0,0,2,1,6,2,6,1390,1,7,8,1
201332B363113,2,9,0,18,0,8,0,0,0,0,1,1,6,2,6,-1,-1,-1,-1,-1
201332B364213,1,9,0,18,0,0,1,0,8,4,1,1,6,1,6,1998,1,12,10,1
201332B364513,1,9,0,5,9,0,0,0,0,0,1,1,6,2,6,1587,1,10,5,3
201332B364513,2,1,0,18,9,0,0,0,0,0,1,1,6,2,7,-1,-1,-1,8,1
201332B364713,1,9,0,16,0,0,0,0,0,0,1,1,6,2,-1,1124,1,14,5,2
201332B364713,2,9,0,16,0,0,0,0,0,1,1,1,6,1,9,1299,1,12,-1,-1
201332B365113,1,9,0,13,0,0,0,0,8,4,1,1,2,1,7,1997,2,13,-1,-1
201332B365313,1,9,0,17,0,2,0,0,1,11,1,1,6,2,4,998,1,4,3,3
201332B365513,1,9,0,16,0,0,2,0,7,0,1,1,2,1,6,1495,1,13,6,1
201332B367813,1,9,0,18,0,0,1,0,0,0,1,1,6,1,-1,-1,-1,-1,-1,-1
201332B370013,1,9,0,9,0,6,0,0,0,0,1,1,6,1,9,-1,-1,-1,-1,-1
201332B370013,2,8,0,2,0,1,0,0,0,0,1,1,6,1,-1,-1,-1,-1,-1,-1
201332B370013,3,1,0,18,0,1,0,0,0,0,1,1,6,1,6,-1,-1,-1,-1,-1
201332B370413,1,3,0,18,0,1,0,0,0,0,1,1,6,1,9,124,1,3,-1,-1
201332B370413,2,9,0,3,0,1,0,0,0,0,0,1,6,2,7,1248,2,5,5,3
201332B373013,1,20,0,18,0,0,0,0,0,0,1,1,1,1,7,-1,2,9,1,1
201332B373013,2,20,0,18,0,0,0,0,0,0,1,1,1,3,7,6870,2,5,5,1
201332B373013,3,21,1,18,0,0,0,0,0,0,1,1,1,1,7,11705,2,5,-1,-1
201332B373013,4,19,0,18,0,0,0,0,0,0,2,1,1,2,5,1560,2,-1,5,3
201332B374513,1,1,0,18,0,1,0,0,0,0,0,1,6,1,4,-1,-1,-1,7,1
201332B374513,2,9,0,3,0,1,0,0,0,0,2,1,6,1,6,1896,2,12,7,1
201332B375613,1,2,0,3,0,0,0,0,0,0,1,1,6,1,4,49,1,7,-1,-1
201332B375613,2,9,4,3,0,0,0,0,0,0,2,1,6,1,9,1299,1,11,5,3
201332B376513,1,9,0,17,0,0,0,0,1,9,1,1,6,1,7,1388,1,9,5,3
201332B376913,1,9,0,18,0,0,0,0,7,9,1,1,6,2,8,1124,1,14,5,3
201332B377013,1,9,0,4,0,0,0,0,0,0,1,1,6,2,5,1598,1,12,3,3
201332B377013,2,9,0,10,0,0,0,0,0,0,2,1,6,1,6,2488,1,4,4,3
201332B378313,1,9,0,9,0,8,0,0,0,0,1,1,3,1,9,1686,2,-1,2,1
201332B380213,1,9,0,3,0,1,0,0,0,0,1,1,6,3,-1,-1,-1,-1,-1,-1
201332B380213,2,9,0,3,0,1,0,0,0,0,2,1,6,1,9,1596,1,10,3,1
201332B380213,3,9,0,3,0,1,0,0,0,0,2,1,6,1,7,-1,-1,-1,-1,-1
201332B382613,1,22,0,2,5,1,0,0,1,9,0,1,6,1,11,-1,-1,-1,4,3
201332B383013,1,19,0,17,0,1,0,0,1,3,1,1,2,1,8,2148,2,7,4,3
201332B383313,1,9,0,3,0,1,0,0,0,0,1,1,6,2,10,1400,2,6,2,1
201332B383313,2,9,0,18,0,1,0,0,0,0,2,1,6,2,6,1299,1,12,2,1
201332B383413,1,9,0,5,0,6,0,0,0,0,3,1,6,1,7,1995,2,1,6,1
201332B383413,2,1,0,18,0,1,0,0,0,0,3,1,6,2,7,-1,-1,-1,6,1
201332B385513,1,9,0,18,0,3,0,0,0,0,0,1,1,1,7,1998,1,5,3,3
201332B385513,2,9,0,9,0,3,0,0,0,0,1,1,1,1,-1,1956,2,4,-1,-1
201332B385613,1,9,0,18,0,0,0,0,1,2,1,1,2,1,4,1400,1,14,7,3
201332B385613,2,90,0,3,0,0,0,0,0,0,0,1,1,1,6,8300,2,8,8,1
201332B385713,1,9,0,17,0,2,0,0,0,0,1,1,6,3,7,1896,2,11,9,1
201332B385913,1,9,0,17,0,1,0,0,0,0,3,1,6,2,8,2188,2,11,7,3
201332B385913,2,9,0,16,0,1,0,0,0,0,1,1,6,2,5,1560,2,6,7,2
201332B386013,1,9,0,16,0,4,0,0,0,0,0,1,6,2,7,1794,1,7,-1,-1
201332B386013,2,1,0,17,0,4,0,0,0,0,4,1,6,1,11,-1,-1,-1,6,1
201332B386213,1,9,0,18,0,0,2,0,1,0,0,2,6,1,5,1299,1,13,4,3
201332B386513,1,21,1,13,0,0,1,0,0,0,4,1,1,1,6,11705,2,6,7,1
201332B386513,2,9,0,13,0,0,1,0,1,9,3,1,6,2,10,998,1,4,4,2
201332B386513,3,17,4,18,0,0,1,0,0,0,3,1,1,1,9,-1,-1,-1,-1,-1
201332B392213,1,2,0,18,0,0,1,0,0,0,1,1,1,2,4,49,1,13,5,3
201332B395213,1,8,0,9,0,2,0,0,0,0,1,1,1,1,8,1995,2,4,4,2
201332B395213,2,8,0,18,0,1,1,0,7,9,3,1,1,1,9,1910,2,6,6,1
201332B396513,1,21,1,15,0,4,0,0,0,0,3,1,1,1,10,-1,-1,-1,7,2
201332B396513,2,9,0,13,0,4,0,0,1,0,4,1,6,2,9,1799,1,8,5,1
201332B397213,1,9,0,13,0,1,0,0,7,0,4,1,6,1,9,1996,1,17,-1,-1
201332B397213,2,17,4,9,0,1,0,0,0,0,3,1,1,1,6,-1,2,4,-1,-1
201332B397413,1,9,0,9,0,1,0,0,0,0,1,1,1,1,6,1970,1,10,-1,-1
201332B397413,2,9,0,18,0,1,0,0,0,0,1,1,1,2,5,1242,1,10,6,3
201332B397413,3,9,0,8,0,1,0,0,0,0,3,1,1,2,7,1590,1,12,-1,-1
201332B400813,1,9,0,16,0,0,1,0,7,3,4,2,1,2,6,1595,1,13,4,1
201332B400913,1,9,0,18,0,6,1,0,1,11,1,1,6,1,7,-1,-1,-1,-1,-1
201332B400913,2,9,0,18,0,1,0,0,0,0,4,1,2,1,5,1149,1,9,4,1
201332B401413,1,21,1,18,0,0,0,0,0,0,4,1,1,1,10,10837,2,-1,4,3
201332B401413,2,9,0,2,0,0,0,0,0,0,0,1,6,2,8,1461,2,2,4,3
201332B401413,3,9,0,18,0,0,0,0,0,0,3,1,6,2,-1,1910,2,6,4,2
201332B402213,1,9,0,18,0,4,0,0,0,0,1,1,1,2,4,973,1,10,4,3
201332B402213,2,19,0,18,0,4,0,0,0,0,2,1,1,1,8,-1,-1,-1,4,3
201332B402913,1,9,0,11,0,8,0,10,2,7,1,1,6,1,6,1700,2,16,2,1
201332B403113,1,9,0,5,0,8,0,0,0,0,1,1,6,1,10,-1,-1,-1,6,1
201332B403113,2,9,0,18,0,8,0,0,7,0,1,1,6,1,8,1560,2,8,-1,-1