Accident_Index,Vehicle_Reference,Vehicle_Type,Towing_and_Articulation,Vehicle_Manoeuvre,Vehicle_Location-Restricted_Lane,Junction_Location,Skidding_and_Overturning,Hit_Object_in_Carriageway,Vehicle_Leaving_Carriageway,Hit_Object_off_Carriageway,1st_Point_of_Impact,Was_Vehicle_Left_Hand_Drive?,Journey_Purpose_of_Driver,Sex_of_Driver,Age_Band_of_Driver,Engine_Capacity_(CC),Propulsion_Code,Age_of_Vehicle,Driver_IMD_Decile,Driver_Home_Area_Type
201332E078413,2,1,0,18,0,1,0,0,0,0,4,1,6,1,8,-1,-1,-1,4,3
201332E078613,1,9,0,13,0,0,1,0,7,4,1,1,6,1,5,1390,1,1,4,2
201332E080313,1,9,0,18,0,1,0,0,0,0,1,1,2,1,7,1587,1,13,8,1
201332E080313,2,9,0,3,0,1,0,0,0,0,2,1,2,1,7,1596,1,13,5,1
201332E080313,3,9,0,3,0,1,0,0,0,0,2,1,6,1,10,1386,1,7,6,3
201332E080913,1,19,0,5,0,1,0,0,0,0,1,1,6,1,9,1868,2,10,4,3
201332E080913,2,1,0,18,9,1,0,0,0,0,4,1,1,1,9,-1,-1,-1,3,2
201332E084613,1,19,0,13,0,0,0,0,7,0,1,1,6,1,8,1998,2,9,3,3
201332E084613,2,1,0,11,0,0,0,0,7,0,3,1,6,1,3,-1,-1,-1,2,3
201332E084913,1,9,0,18,0,0,0,0,0,0,1,1,6,1,5,1242,1,7,4,3
201332E084913,2,9,0,18,0,0,0,0,1,0,1,1,6,1,5,1896,2,12,4,3
201332E085313,1,19,0,18,0,0,0,0,7,9,3,1,6,1,8,2402,2,12,3,1
201332E088113,1,3,0,18,0,0,5,0,0,0,1,1,2,1,4,125,1,6,6,3
201332E088413,1,21,0,18,0,0,0,0,0,0,4,1,6,3,-1,-1,-1,-1,-1,-1
201332E088813,1,2,0,4,0,0,1,0,0,0,0,1,6,1,4,50,1,7,7,1
201332E089013,1,9,0,18,0,1,2,0,1,9,1,1,6,2,4,-1,-1,-1,2,1
201332E089113,1,9,0,16,0,0,1,0,8,4,1,1,6,1,5,1248,2,6,6,3
201332E091413,1,9,0,16,0,0,1,0,1,2,1,1,1,2,7,1299,1,6,6,2
201332E092813,1,9,0,9,0,5,0,0,0,0,1,1,6,2,11,1396,1,14,3,2
201332E092813,2,1,0,18,0,8,0,0,0,0,1,1,6,2,8,-1,-1,-1,3,2
201332E094513,1,9,0,18,0,0,0,11,0,0,1,1,6,2,8,1686,2,2,4,1
201332E097413,1,9,0,18,0,0,0,0,7,9,1,1,6,2,6,1360,1,9,7,1
201332E097713,1,9,0,9,0,5,0,0,0,0,1,1,6,1,4,1242,1,9,8,1
201332E097713,2,9,0,18,0,8,0,0,1,0,1,1,6,2,8,1390,1,15,5,1
201332E098113,1,9,0,16,0,0,1,0,1,0,3,1,6,2,6,-1,-1,-1,3,1
201332E099713,1,9,0,9,0,1,0,0,0,0,1,1,6,1,8,-1,-1,-1,1,1
201332E099713,2,1,0,18,0,1,0,0,0,0,3,1,6,1,5,-1,-1,-1,2,1
201332E100113,1,9,0,18,0,0,2,0,7,10,0,1,1,2,4,1149,1,12,5,3
201332E100313,1,9,0,17,0,0,1,0,7,11,1,2,1,2,8,1299,1,13,6,3
201332E101813,1,9,0,18,0,1,1,0,0,0,1,1,6,1,8,1240,1,9,5,3
201332E101813,2,9,0,18,0,1,1,0,1,0,1,1,6,2,8,2204,2,8,6,3
201332E102013,1,19,0,16,0,0,0,0,0,0,1,1,6,1,8,2148,2,5,1,1
201332E102013,2,9,0,17,0,0,0,0,0,0,1,1,6,2,8,998,1,12,1,1
201332E103813,1,19,0,18,0,1,0,0,0,0,1,1,1,1,6,2148,2,6,1,1
201332E103813,2,9,0,9,0,1,0,0,0,0,1,1,6,2,8,2204,2,3,3,1
201332E108313,1,9,0,16,0,0,1,0,7,9,1,1,3,2,5,1242,1,7,-1,-1
201332E108313,2,9,0,17,0,0,0,0,0,0,1,1,1,1,5,-1,-1,-1,5,1
201332E108313,3,9,0,16,0,0,1,0,1,0,1,1,1,1,8,1229,1,5,4,3
201332E110813,1,9,0,18,0,4,0,9,1,1,1,1,6,1,9,1984,1,4,4,3
201332E111113,1,9,0,18,0,0,1,10,1,10,1,1,6,2,7,1994,2,10,7,1
201332E111313,1,1,0,9,9,2,0,0,0,0,1,1,6,1,4,-1,-1,-1,2,1
201332E113213,1,9,0,13,0,1,0,0,1,4,1,1,6,1,10,1490,1,4,-1,-1
201332E113213,2,9,0,18,0,1,0,0,0,0,4,1,6,2,7,1598,1,8,9,1
201332E113513,1,9,0,18,0,0,0,0,0,0,1,1,1,1,6,1595,1,9,4,2
201332E113513,2,9,0,18,0,0,0,0,0,0,2,1,1,1,6,1587,1,14,2,1
201332E116313,1,9,0,18,0,0,0,0,0,0,1,1,6,2,4,1200,1,1,8,2
201332E116813,1,9,0,16,0,0,0,0,0,0,0,1,6,1,5,1895,1,13,5,1
201332E117013,1,9,0,5,0,1,0,0,0,0,1,1,6,1,8,-1,-1,-1,1,1
201332E117013,2,9,0,18,0,8,0,0,0,0,4,1,6,1,7,1998,1,11,3,1
201332E117613,1,9,0,18,0,0,2,0,1,0,1,1,2,2,5,1299,1,11,5,3
201332E119013,1,9,0,18,0,1,0,0,0,0,1,1,6,1,-1,-1,-1,-1,-1,-1
201332E119113,1,9,0,9,0,8,0,0,0,0,4,1,6,2,5,1229,1,6,4,2
201332E119113,2,9,0,18,0,1,0,0,0,0,1,1,6,1,6,1905,2,15,5,2
201332E119813,1,9,0,5,0,6,0,0,0,0,1,1,1,1,8,1968,2,1,8,2
201332E119813,2,9,0,18,0,1,1,0,0,0,3,1,6,1,8,1798,1,2,6,1
201332E120913,1,9,0,16,0,0,0,0,0,0,1,1,6,1,11,-1,-1,-1,4,3
201332E120913,2,9,0,17,0,0,0,0,0,0,3,1,6,2,7,-1,-1,-1,2,1
201332E121013,1,9,0,16,0,0,1,0,1,7,1,1,6,1,4,-1,-1,-1,2,1
201332E123113,1,21,1,18,0,0,1,0,7,0,1,2,1,1,8,-1,-1,-1,-1,-1
201332E123113,2,9,0,18,0,0,0,0,1,0,1,1,2,1,10,1753,2,13,4,1
201332E123313,1,9,0,9,0,6,0,0,0,0,1,1,6,1,6,1753,2,5,4,3
201332E125613,1,19,0,5,0,1,1,0,0,0,1,1,1,1,8,2461,2,3,3,1
201332E125613,2,9,0,18,0,1,0,0,0,0,4,1,6,1,9,1396,1,13,6,3
201332E130313,1,9,0,5,0,4,1,0,0,0,3,1,6,2,8,-1,-1,-1,3,3
201332E130313,2,8,0,18,0,4,2,0,0,0,4,1,1,1,8,1997,2,9,7,3
201332E131413,1,5,0,16,0,0,2,0,7,9,1,1,6,1,6,599,1,7,1,1
201332E131413,2,5,0,16,0,0,1,0,7,9,1,1,6,1,8,599,1,6,6,1
201332E131413,3,5,0,16,0,0,2,0,7,9,1,1,6,1,8,1002,1,16,8,2
201332E133713,1,9,0,16,0,0,0,0,1,1,1,1,6,1,10,1995,2,7,3,3
201332E134213,1,9,0,16,0,1,0,0,3,11,1,1,6,1,5,1995,2,8,8,3
201332E134413,1,9,0,6,0,0,0,0,0,0,4,1,6,1,5,2494,1,13,-1,-1
201332E134413,2,9,0,18,0,0,0,0,0,0,1,1,6,1,9,1493,2,3,5,3
201332E134713,1,9,0,18,0,8,0,0,0,0,2,1,6,1,11,747,1,-1,7,1
201332E134713,2,9,0,18,0,1,1,0,0,0,1,1,6,1,6,-1,-1,-1,5,2
201332E135113,1,9,0,13,0,0,2,0,1,9,4,1,6,1,8,2198,1,8,3,1
201332E135113,2,21,1,18,0,0,0,0,0,0,3,1,1,1,8,10837,2,1,-1,-1
201332E135313,1,9,0,18,0,2,0,0,0,0,4,1,6,2,8,1242,1,12,2,1
201332E137213,1,9,0,18,0,8,0,0,0,0,1,1,6,1,6,999,1,7,4,1
201332E137213,2,1,0,18,0,8,0,0,0,0,4,1,6,1,4,-1,-1,-1,2,1
201332E137513,1,19,0,9,0,6,1,0,1,4,1,1,1,1,9,1461,2,10,3,3
201332E140313,1,9,0,18,0,8,0,0,1,1,1,1,2,1,8,1396,1,15,7,2
201332E140313,2,9,0,18,0,8,0,0,0,0,0,1,6,1,9,2494,1,15,-1,-1
201332E143213,1,9,0,15,0,0,0,0,0,0,4,1,6,2,-1,-1,-1,-1,-1,-1
201332E143213,2,9,0,18,0,0,0,10,1,0,3,1,6,2,6,1910,2,7,2,1
201332E143413,1,9,0,18,0,1,0,0,0,0,3,1,6,2,8,-1,-1,-1,2,1
201332E143413,2,3,0,5,0,1,0,0,0,0,1,1,6,1,9,-1,-1,-1,3,1
201332E145913,1,17,5,9,0,5,0,0,0,0,3,1,1,1,8,-1,-1,-1,-1,-1
201332E145913,2,9,0,13,0,1,0,0,0,0,4,1,2,2,7,1598,1,4,2,1
201332E146013,1,9,0,6,0,1,0,0,0,0,3,1,6,1,5,1896,2,7,1,1
201332E146013,2,9,0,18,0,1,0,0,0,0,4,1,6,1,7,1560,2,-1,-1,-1
201332E147013,1,9,0,7,0,6,0,0,0,0,0,1,1,1,9,-1,-1,-1,4,2
201332E147013,2,9,0,18,0,1,2,10,1,11,4,1,1,1,4,1124,1,12,4,3
201332E148213,1,5,0,18,0,0,1,0,0,0,0,1,6,1,6,996,1,15,5,2
201332E148313,1,9,0,9,0,6,0,0,0,0,1,1,6,2,7,1896,2,11,6,2
201332E148313,2,9,0,18,0,1,0,0,0,0,1,1,6,2,6,1399,2,8,-1,-1
201332E148513,1,9,0,18,0,1,1,0,0,0,1,1,6,1,6,-1,-1,-1,2,2
201332E148513,2,9,0,3,0,1,0,0,0,0,2,1,6,2,7,998,1,5,3,3
201332E150413,1,9,0,4,0,0,0,0,0,0,2,1,2,2,5,1686,2,8,5,1
201332E150413,2,19,0,18,0,0,0,0,0,0,1,1,2,1,6,2402,2,11,4,1
201332E151213,1,9,0,13,0,0,0,0,0,0,3,1,6,1,5,1398,2,11,1,1
201332E151213,2,5,0,13,0,0,0,0,0,0,4,1,6,1,9,1137,1,8,5,1
201332E152513,1,9,4,5,0,7,0,0,0,0,3,1,6,1,8,1997,2,12,6,3
201332E152513,2,9,0,18,0,1,0,0,0,0,1,1,6,2,6,1360,1,11,4,3
201332E153213,1,9,0,7,0,8,0,0,1,11,1,1,6,2,7,1360,1,10,2,1
201332E153313,1,9,0,18,0,0,0,0,0,0,4,1,6,1,-1,-1,-1,-1,-1,-1
201332E153313,2,1,0,9,0,0,0,0,0,0,1,1,6,1,3,-1,-1,-1,4,3
201332E154813,1,9,0,9,0,8,0,0,0,0,3,1,6,1,9,-1,-1,-1,2,1
201332E154813,2,5,0,18,0,1,2,0,0,0,4,1,6,1,8,599,1,13,6,1
201332E155013,1,19,0,18,0,8,0,0,0,0,1,1,6,1,5,1753,2,8,5,3
201332E155313,1,9,0,18,0,2,0,0,7,10,1,1,6,1,5,-1,-1,-1,6,1
201332E156113,1,9,0,7,0,8,0,0,0,0,1,1,6,1,10,1329,1,1,4,1
201332E156113,2,9,0,18,0,8,0,0,0,0,3,1,6,1,6,1753,2,4,3,1
201332E157913,1,9,0,13,0,0,0,0,0,0,4,1,6,3,-1,-1,-1,-1,-1,-1
201332E157913,2,1,0,18,0,0,0,0,0,0,3,1,6,1,10,-1,-1,-1,7,3
201332E160513,1,5,0,18,0,0,2,0,0,0,0,1,6,1,8,675,1,1,5,2
201332E162813,1,9,0,5,0,1,0,0,3,9,4,1,6,2,8,1968,2,2,6,3
201332E164013,1,9,0,18,0,0,1,0,0,0,1,1,6,1,6,1896,2,12,1,1
201332E164013,2,9,0,18,0,0,0,0,0,0,1,1,6,1,4,998,1,26,5,1
201332E164713,1,9,0,18,0,0,1,0,1,3,1,1,6,2,7,1390,1,13,8,2
201332E164813,1,9,0,11,0,5,0,0,0,0,0,1,6,2,8,1896,2,11,7,1
201332E164813,2,9,0,16,0,8,0,0,0,0,0,1,6,1,6,1997,2,5,1,1
201332E165213,1,2,0,18,0,0,1,0,7,0,0,1,6,1,4,125,1,-1,3,3
201332E165213,2,17,4,2,6,0,0,0,0,0,0,1,1,1,9,6800,2,2,4,3
201332E165513,1,3,0,17,0,0,0,0,1,3,1,1,6,1,4,124,1,12,6,3
201332E166113,1,8,0,9,0,1,0,0,0,0,0,1,6,1,10,1796,7,5,4,3
201332E166113,2,9,0,18,0,1,0,0,1,0,0,1,6,1,9,-1,-1,-1,3,1
201332E168013,1,9,0,18,0,0,0,0,0,0,1,1,6,2,9,1399,2,1,2,1
201332E168013,2,9,0,18,0,0,0,0,0,0,2,1,1,1,6,1598,1,6,5,3
201332E168413,1,9,0,18,0,1,0,0,0,0,3,1,6,2,6,-1,-1,-1,6,3
201332E168413,2,9,0,9,0,1,0,0,0,0,1,1,6,1,5,-1,-1,-1,8,3
201332E168513,1,9,0,5,0,8,0,0,0,0,3,1,6,2,6,1796,1,6,8,3
201332E168513,2,9,0,17,0,1,0,0,0,0,4,1,6,1,10,1596,1,4,7,1
201332E171113,1,9,0,2,0,0,0,0,0,0,3,1,6,1,4,1229,1,1,3,1
201332E171113,2,9,0,14,0,0,0,0,0,0,4,1,6,2,9,1799,1,2,3,1
201332E173213,1,9,0,5,0,6,0,0,0,0,1,1,6,1,10,1991,2,4,6,3
201332E173213,2,9,0,18,0,1,1,0,1,3,4,1,6,1,5,-1,-1,-1,6,3
201332E173913,1,2,0,5,0,2,0,0,0,0,1,1,6,1,4,49,1,8,3,3
201332E173913,2,9,0,17,0,1,0,0,0,0,4,1,6,1,10,-1,-1,-1,6,1
201332E174113,1,9,0,1,0,0,0,0,0,0,1,1,6,2,10,1242,1,16,9,2
201332E174113,2,22,0,9,0,0,0,0,0,0,3,1,6,2,11,-1,-1,-1,-1,-1
201332E174213,1,9,0,13,0,1,5,0,1,0,4,1,6,1,6,1998,1,9,4,1
201332E174213,2,9,0,9,0,1,0,0,0,0,3,1,6,1,10,1598,1,6,8,3
201332E178913,1,3,0,17,0,0,0,0,1,9,0,1,6,2,6,124,1,2,4,2
201332E179013,1,9,0,18,0,1,0,0,0,0,1,1,6,1,10,1995,2,3,5,3
201332E179013,2,9,0,18,0,8,5,0,1,10,4,1,1,1,7,-1,-1,-1,5,1
201332E182313,1,9,0,9,0,8,0,0,0,0,1,1,6,2,4,1149,1,14,4,3
201332E182313,2,9,0,9,0,8,0,0,0,0,1,1,6,2,5,1328,1,9,4,2
201332E182713,1,9,0,18,0,1,1,0,1,11,1,1,6,1,5,-1,-1,-1,5,3
201332E182713,2,9,0,9,0,1,0,0,0,0,1,1,6,1,10,2148,2,4,7,3
201332E183013,1,9,0,18,0,0,0,0,0,0,4,1,6,1,5,1598,1,9,2,1
201332E183013,2,1,0,18,0,0,0,0,0,0,1,1,6,2,2,-1,-1,-1,4,3
201332E185213,1,9,0,18,0,0,0,0,1,0,3,1,6,1,9,1968,2,1,2,3
201332E185213,2,9,0,18,0,0,0,0,0,0,3,1,6,1,9,1796,1,12,6,1
201332E185513,1,9,0,5,0,1,0,0,0,0,0,1,6,1,4,-1,-1,-1,-1,-1
201332E185513,2,1,0,9,0,4,0,0,0,0,0,1,6,2,7,-1,-1,-1,6,2
201332E185613,1,9,0,14,0,1,1,0,0,0,4,1,6,1,7,-1,-1,-1,2,1
201332E185613,2,5,0,9,0,6,0,0,0,0,1,1,6,1,5,-1,-1,-1,5,1
201332E187013,1,9,0,18,0,2,0,0,0,0,1,1,6,1,5,1199,1,14,2,1
201332E187013,2,1,0,18,0,2,0,0,0,0,1,1,6,2,4,-1,-1,-1,1,3
201332E187413,1,9,0,16,0,0,0,0,1,3,1,2,6,2,4,973,1,10,2,1
201332E190313,1,9,0,1,0,0,0,0,0,0,2,2,6,1,6,1086,1,9,3,1
201332E190713,1,9,0,17,0,0,5,0,1,0,4,1,6,1,6,1956,2,1,-1,-1
201332E191113,1,19,0,18,0,0,0,0,0,0,1,1,1,1,6,2496,2,16,1,1
201332E191113,2,9,0,18,0,0,0,0,0,0,1,1,6,1,9,1910,2,6,2,2
201332E192013,1,9,0,1,0,0,0,0,0,0,2,1,6,1,6,-1,-1,-1,3,3
201332E194613,1,1,0,18,0,1,0,11,0,0,0,1,6,2,9,-1,-1,-1,9,3
201332E194913,1,5,0,18,0,1,1,0,0,0,4,1,6,1,8,1200,1,15,7,2
201332E194913,2,5,0,10,0,5,0,0,0,0,2,1,6,1,8,-1,-1,-1,7,2
201332E195813,1,3,0,16,0,0,0,0,1,0,0,1,6,1,4,124,1,17,5,3
201332E198813,1,9,0,18,0,2,1,0,0,0,0,1,1,1,4,973,1,13,5,3
201332E198813,2,1,0,18,0,6,0,0,0,0,1,1,6,1,2,-1,-1,-1,3,2
201332E200013,1,9,0,18,0,0,1,0,7,9,1,1,6,1,9,1783,1,16,1,1
201332E201213,1,22,0,18,9,8,0,0,0,0,1,1,6,2,10,-1,-1,-1,2,1
201332E201213,2,9,0,18,9,6,0,0,0,0,1,1,6,2,6,1596,1,7,2,1
201332E201313,1,9,0,18,0,0,0,4,0,0,1,1,6,2,7,1679,1,14,4,1
201332E201313,2,9,0,2,0,0,0,0,0,0,1,1,6,3,-1,1586,1,11,7,1
201332E201413,1,9,0,9,0,6,0,0,0,0,3,1,6,2,5,998,1,3,3,1
201332E201413,2,5,0,18,0,8,0,0,0,0,1,1,6,1,8,748,1,16,4,1
201332E202213,1,9,0,18,0,0,1,0,7,9,4,1,6,1,4,1998,1,21,4,3
201332E202213,2,9,0,18,0,0,0,0,0,0,1,1,6,1,8,1997,2,2,4,3
201332E203413,1,21,1,17,0,1,2,0,1,0,0,1,1,2,7,11021,2,11,4,3
201332E204113,1,9,0,18,9,1,0,0,0,0,1,1,6,1,-1,-1,-1,-1,-1,-1
201332E204513,1,9,0,16,0,2,0,0,0,0,4,1,6,1,8,1596,1,1,2,1
201332E204513,2,9,0,2,0,2,0,0,0,0,4,1,6,2,5,-1,-1,-1,3,1
201332E205913,1,9,0,18,0,0,0,0,0,0,3,1,1,1,8,1560,2,4,2,1
201332E205913,2,9,0,6,0,0,0,0,0,0,4,1,1,1,9,-1,-1,-1,3,2
201332E209913,1,9,0,18,0,2,0,0,0,2,1,1,6,2,7,1596,1,6,2,1
201332E209913,2,9,0,4,0,1,1,0,0,0,1,1,6,1,10,1830,1,17,4,2
201332E210313,1,9,0,17,0,0,0,0,1,0,1,1,6,1,6,1299,1,11,5,1
201332E210413,1,9,3,17,0,0,2,0,1,9,1,1,6,1,10,2497,2,5,7,1
201332E210513,1,9,0,18,0,0,0,0,0,0,1,1,6,1,9,-1,-1,-1,-1,-1
201332E210513,2,9,0,18,0,0,0,0,0,0,1,1,1,1,8,1997,2,8,2,1
201332E210613,1,3,0,9,0,1,0,0,0,0,0,1,6,1,5,100,1,12,1,1
201332E210813,1,9,0,18,0,0,0,10,7,2,1,1,6,1,6,-1,-1,-1,-1,-1
201332E211713,1,9,0,17,0,0,2,0,7,10,1,1,1,2,4,1299,1,12,6,3
201332E213013,1,5,0,17,0,0,0,0,0,0,1,1,6,1,6,998,1,9,2,1
201332E213013,2,9,0,16,0,0,0,0,0,0,1,2,6,1,9,-1,-1,-1,1,1
201332E213013,3,9,0,17,0,0,0,0,0,0,3,2,6,1,10,1998,2,11,3,3
201332E213513,1,9,0,17,0,0,1,0,7,9,3,1,6,1,5,1149,1,11,3,3
201332E215613,1,9,0,5,0,8,0,0,0,0,1,1,6,2,11,-1,-1,-1,5,3
201332E215613,2,9,0,18,0,8,0,0,0,0,1,1,6,1,8,1598,1,10,5,3
201332E218713,1,9,0,18,0,0,0,0,0,0,1,1,6,1,10,1360,1,7,1,1
201332E218713,2,9,0,18,0,0,0,0,0,0,1,1,6,1,10,1796,1,-1,3,1
201332E218713,3,9,0,18,0,0,0,0,0,0,2,1,6,1,7,1796,1,14,2,1
201332E218813,1,5,0,17,0,0,1,0,7,0,1,1,6,1,8,996,1,12,-1,-1
201332E221713,1,17,0,18,0,1,0,0,1,1,1,1,1,1,8,6800,2,2,-1,-1
201332E221713,2,9,0,3,0,1,0,0,0,0,2,1,6,1,9,2521,1,10,6,3
201332E222813,1,9,0,18,0,0,0,0,0,0,1,1,1,1,6,-1,-1,-1,5,1
201332E224413,1,9,0,17,0,0,0,0,0,0,3,1,6,1,7,1988,1,14,2,1
201332E224413,2,9,0,16,0,0,0,0,0,0,3,1,6,2,5,1398,1,2,5,3
201332E224513,1,9,0,18,0,0,0,0,0,0,1,1,6,1,10,1596,1,7,4,3
201332E224513,2,17,0,3,0,0,0,0,0,0,2,1,1,1,11,6800,2,4,-1,-1
201332E224913,1,9,0,4,0,0,0,0,0,0,4,2,6,2,7,1390,1,7,4,2
201332E224913,2,9,0,18,0,0,0,0,1,10,3,1,6,1,11,1798,1,8,3,2
201332E225113,1,3,0,18,0,1,1,0,0,0,1,1,6,1,4,124,1,2,2,1
201332E225313,1,9,0,18,0,1,0,0,0,0,1,1,6,2,11,998,1,5,6,3
201332E225313,2,9,0,16,0,1,0,0,0,0,1,1,6,2,8,1596,1,8,7,3
201332E225413,1,9,0,18,0,8,0,0,0,0,4,1,6,2,8,1997,2,10,3,1
201332E225413,2,9,0,18,0,8,0,0,0,0,1,1,6,2,8,1199,1,13,6,3
201332E225913,1,9,0,16,0,8,1,0,0,0,3,1,6,2,4,1299,1,13,1,1
201332E225913,2,9,0,17,0,8,0,0,0,0,1,1,6,1,7,-1,-1,-1,2,3
201332E226013,1,9,0,18,0,0,0,12,0,0,1,1,6,1,8,1796,1,10,8,1
201332E226713,1,9,0,13,0,0,0,0,0,0,0,1,6,3,-1,-1,-1,-1,-1,-1
201332E226713,2,5,0,17,0,0,0,0,1,9,4,1,6,1,8,1050,1,5,5,1
201332E227113,1,2,0,5,0,3,1,0,0,0,0,1,2,1,4,50,1,10,3,3
201332E227113,2,9,0,5,0,3,0,0,0,0,0,1,6,1,-1,-1,-1,-1,-1,-1
201332E227313,1,9,0,18,0,1,0,0,0,0,3,1,6,1,9,1686,2,10,1,1
201332E227313,2,9,0,4,0,1,0,0,0,0,4,1,6,1,7,1989,1,14,5,1
201332E228813,1,5,0,16,0,0,1,0,7,4,1,1,6,1,7,790,1,10,-1,-1
201332E228913,1,5,0,16,0,0,1,0,7,0,3,1,6,2,9,929,1,12,6,3
201332E231113,1,9,0,18,0,0,0,0,0,0,4,2,6,3,-1,1598,1,1,-1,-1
201332E231113,2,9,0,18,0,0,0,0,0,0,3,2,6,2,7,1150,1,5,1,1
201332E232213,1,9,0,16,0,0,1,0,1,11,3,1,2,2,5,1997,2,10,3,1
201332E232513,1,9,0,5,0,2,0,0,0,0,3,1,6,1,11,1199,1,12,4,3
201332E232513,2,5,0,18,0,1,0,0,0,0,1,1,6,1,8,1085,1,21,8,1
201332E232613,1,9,0,4,0,1,0,0,0,0,1,1,6,1,6,1896,2,14,1,1
201332E232613,2,23,0,18,0,1,0,0,0,0,1,1,6,1,6,-1,-1,-1,1,1
201332E233613,1,9,0,4,0,0,0,0,0,0,2,1,6,2,6,1596,1,12,3,3
201332E233613,2,9,0,18,0,0,0,0,0,0,1,1,6,2,5,998,1,13,4,2
201332E235313,1,17,0,18,0,1,0,0,1,11,1,1,6,1,-1,6800,2,6,-1,-1
201332E235313,2,9,0,3,0,1,0,0,0,0,2,1,1,2,6,1598,1,3,6,3
201332E235813,1,9,0,13,0,0,0,0,0,0,4,1,6,3,-1,-1,-1,-1,-1,-1
201332E235813,2,1,0,18,0,0,0,0,0,0,3,1,6,1,7,-1,-1,-1,4,1
201332E235913,1,9,0,13,0,1,0,0,0,0,1,1,6,1,11,1956,2,1,8,1
201332E235913,2,9,0,9,0,1,0,0,0,0,3,1,6,2,7,1598,1,3,4,2
201332E236013,1,5,0,16,0,8,1,0,0,0,0,1,3,1,8,599,1,10,4,1
201332E236013,2,9,0,17,0,8,0,0,0,0,3,1,6,2,7,1598,1,5,7,1
201332E237113,1,9,0,2,0,0,0,0,0,0,2,1,6,1,5,1360,1,12,5,1
201332E237113,2,1,0,18,0,0,0,0,0,0,1,1,6,1,7,-1,-1,-1,7,3
201332E237413,1,9,0,13,0,0,1,0,7,9,3,1,6,1,6,1984,1,4,5,2
201332E237613,1,9,0,18,0,0,2,0,1,10,4,1,6,2,8,998,1,7,5,1
201332E237713,1,19,0,18,0,1,0,0,0,0,1,1,6,1,6,1700,2,13,4,3
201332E237713,2,9,0,3,0,1,0,0,0,0,2,1,6,1,7,1598,1,1,-1,3
201332E238813,1,9,0,18,0,0,0,0,0,0,4,1,6,2,10,-1,-1,-1,5,3
201332E240413,1,5,0,4,0,0,0,0,0,0,0,1,6,1,9,599,1,3,6,3
201332E245513,1,2,0,18,0,6,0,0,0,0,1,1,6,1,4,49,1,3,5,3
201332E245513,2,9,0,18,0,8,0,0,0,0,4,1,6,1,5,1796,1,11,5,2
201332E245713,1,5,0,16,0,0,0,0,7,9,0,1,6,1,7,996,1,14,6,3
201332E245813,1,9,0,18,0,1,1,0,0,0,3,1,6,1,6,-1,-1,-1,7,1
201332E245813,2,9,0,10,0,1,0,0,0,0,4,1,6,2,6,-1,-1,-1,5,3
201332E245913,1,9,0,18,0,1,0,0,0,0,1,1,6,1,10,1461,2,-1,2,1
201332E245913,2,9,0,18,0,6,0,0,0,0,1,1,6,2,4,-1,-1,-1,3,1
201332E246113,1,9,0,18,0,1,1,0,7,0,1,1,6,1,5,5953,1,11,2,1
201332E246113,2,9,0,9,0,1,1,0,7,0,2,1,6,2,5,1299,1,13,1,1
201332E246813,1,9,0,16,0,0,2,0,1,10,4,1,6,1,6,2967,2,5,4,3
201332E247813,1,9,0,9,0,3,0,0,0,0,4,1,6,1,4,1800,1,15,1,1
201332E247813,2,9,0,18,0,1,1,0,0,0,1,1,6,2,7,1396,1,11,1,1
201332E247913,1,9,0,18,0,0,0,0,7,4,3,1,6,1,5,-1,-1,-1,5,3
201332E248013,1,9,0,18,0,0,0,0,0,0,1,1,6,1,8,2698,2,5,4,3
201332E248013,2,9,0,4,0,0,0,0,0,0,2,1,6,2,5,1488,2,18,4,1
201332E248613,1,9,0,18,0,0,0,0,7,4,1,1,6,1,10,1398,1,1,8,3
201332E248813,1,19,0,18,0,0,0,0,0,0,1,1,6,1,6,1598,2,6,7,1
201332E248813,2,9,0,11,0,0,0,0,0,0,2,1,6,2,9,1242,1,2,1,1
201332E249213,1,9,0,3,0,2,0,0,0,0,1,1,6,1,5,1299,1,10,-1,-1
201332E249213,2,9,0,3,0,2,0,0,0,0,2,1,6,2,10,1390,1,4,-1,-1
201332E253213,1,9,0,13,0,1,0,0,7,0,4,1,6,2,9,2497,2,12,9,3
201332E253213,2,9,0,9,0,1,2,0,7,10,3,1,2,1,8,1999,1,7,7,2
201332E253213,3,9,0,3,0,1,0,0,0,0,0,1,6,2,4,998,1,12,3,2
201332E253813,1,9,0,18,0,2,0,0,7,9,0,1,6,1,10,1490,1,8,4,3
201332E255213,1,9,0,9,0,5,0,0,7,0,4,1,6,2,10,1994,1,6,6,3
201332E255213,2,9,0,18,0,8,0,0,7,0,1,1,6,1,5,1951,2,9,4,3
201332E255813,1,9,0,17,0,0,1,0,0,0,1,1,6,1,8,1900,2,15,4,3
201332E255813,2,9,0,18,0,0,0,0,0,0,1,1,6,1,5,998,1,-1,5,1
201332E255813,3,9,0,18,0,0,0,0,0,0,3,1,6,2,5,1560,2,8,1,1