Accident_Index,Vehicle_Reference,Vehicle_Type,Towing_and_Articulation,Vehicle_Manoeuvre,Vehicle_Location-Restricted_Lane,Junction_Location,Skidding_and_Overturning,Hit_Object_in_Carriageway,Vehicle_Leaving_Carriageway,Hit_Object_off_Carriageway,1st_Point_of_Impact,Was_Vehicle_Left_Hand_Drive?,Journey_Purpose_of_Driver,Sex_of_Driver,Age_Band_of_Driver,Engine_Capacity_(CC),Propulsion_Code,Age_of_Vehicle,Driver_IMD_Decile,Driver_Home_Area_Type
201332L202313,2,19,0,18,0,4,0,0,0,0,1,1,6,3,-1,-1,-1,-1,-1,-1
201332L203113,1,9,0,18,0,1,0,0,0,0,1,1,6,1,-1,-1,-1,-1,-1,-1
201332L203113,2,1,0,3,9,1,5,0,0,0,2,1,6,1,4,-1,-1,-1,2,1
201332L203313,1,9,0,4,0,1,0,0,0,0,1,1,6,2,4,998,1,3,5,1
201332L203313,2,9,0,4,0,1,0,0,0,0,2,1,6,1,7,1995,2,4,7,3
201332L204413,1,9,0,16,0,1,0,0,0,0,1,1,6,1,4,1242,1,10,8,3
201332L204413,2,9,0,3,0,1,0,0,1,0,2,1,6,1,4,1229,1,8,6,3
201332L204613,1,19,0,18,0,1,0,0,0,0,1,1,6,1,9,2459,2,10,3,3
201332L204613,2,9,0,3,0,4,0,0,0,0,2,1,1,1,6,-1,-1,-1,8,3
201332L204813,1,9,0,17,0,8,1,0,1,2,1,1,6,1,6,1598,1,11,4,1
201332L208613,1,9,0,7,0,5,0,0,0,0,0,1,6,3,-1,-1,-1,-1,-1,-1
201332L208813,1,9,0,5,0,1,0,0,0,0,2,1,6,1,8,1968,2,3,10,2
201332L208813,2,17,4,18,0,1,0,0,0,0,1,1,6,1,7,-1,-1,-1,-1,-1
201332L209013,1,9,0,4,0,1,0,0,0,0,2,1,6,3,-1,-1,-1,-1,-1,-1
201332L209013,2,5,0,4,0,1,5,0,0,0,1,1,6,1,10,865,1,6,7,2
201332L209113,1,9,0,13,0,0,0,0,0,0,1,1,6,1,4,1984,1,9,7,2
201332L209113,2,19,0,12,0,0,0,0,0,0,1,1,6,1,-1,-1,-1,-1,-1,-1
201332L209613,1,21,0,5,0,0,0,0,0,0,4,1,1,1,7,11946,2,9,3,1
201332L209713,1,9,0,9,0,1,0,0,0,0,3,1,6,1,6,1749,1,11,10,2
201332L209713,2,3,0,18,0,1,1,0,7,10,1,1,2,1,4,125,1,2,6,3
201332L211513,1,9,0,9,0,6,0,0,0,0,3,1,6,1,4,1242,1,15,6,3
201332L211513,2,5,0,18,0,8,0,0,1,0,1,1,2,1,9,1500,1,23,5,2
201332L211613,1,19,0,18,0,1,0,0,0,0,1,1,1,1,5,1870,2,10,7,2
201332L211613,2,9,0,18,0,1,0,0,0,0,2,1,6,1,4,1299,1,13,7,3
201332L212513,1,9,0,5,9,6,0,0,0,0,1,1,6,1,7,1399,1,4,1,1
201332L212513,2,1,0,18,9,8,0,0,0,0,3,1,2,1,6,-1,-1,-1,1,1
201332L213113,1,21,1,18,0,0,2,0,2,1,1,1,1,1,9,12130,2,10,8,1
201332L214613,1,1,0,18,9,1,2,0,0,0,1,1,6,2,7,-1,-1,-1,2,1
201332L214613,2,9,0,2,0,1,0,0,0,0,4,1,6,3,-1,998,1,11,2,1
201332L214813,1,9,0,8,0,8,0,0,0,0,1,1,1,1,5,1560,2,4,1,1
201332L214813,2,9,0,8,0,8,0,0,0,0,2,1,6,1,9,1299,1,6,6,3
201332L215113,1,9,0,5,0,1,0,0,0,0,4,1,6,1,9,1582,2,2,4,3
201332L215113,2,9,0,18,0,1,0,0,0,0,3,1,6,1,9,2179,2,1,6,3
201332L215813,1,9,0,9,0,8,0,0,0,0,1,1,6,1,8,2993,2,3,6,3
201332L215813,2,9,0,18,0,8,0,0,0,0,1,1,6,2,7,1242,1,2,8,3
201332L215813,3,9,0,10,0,1,0,0,0,0,1,1,6,1,9,2204,2,8,8,2
201332L216513,1,9,0,17,0,0,1,0,1,9,1,1,6,2,8,1422,2,6,6,3
201332L216913,1,3,0,18,0,1,0,0,0,0,2,1,6,2,4,125,1,-1,2,1
201332L216913,2,9,0,3,0,1,0,0,0,0,1,1,1,1,7,1968,2,-1,7,1
201332L217213,1,9,0,7,0,1,0,7,0,1,1,1,6,1,6,1598,1,10,6,2
201332L218913,1,9,0,18,0,0,0,0,0,0,1,1,6,2,11,1968,2,10,8,3
201332L218913,2,20,0,18,0,0,0,0,1,11,1,1,1,1,7,-1,-1,-1,8,1
201332L219313,1,9,0,18,0,1,0,0,0,0,1,1,6,1,5,-1,-1,-1,-1,-1
201332L219313,2,1,0,18,0,6,0,0,0,0,4,1,6,1,4,-1,-1,-1,6,1
201332L219813,1,3,0,18,0,0,0,0,0,0,3,1,1,1,8,123,1,6,8,3
201332L222013,1,5,0,18,0,8,1,0,1,0,4,1,6,1,5,553,1,20,9,3
201332L222013,2,21,1,9,0,6,0,0,0,0,2,1,1,1,10,8970,2,8,8,2
201332L224113,1,9,0,1,0,6,0,0,0,0,2,1,6,1,4,1968,2,5,-1,-1
201332L224113,2,8,0,4,0,2,0,0,0,0,1,1,1,1,9,1997,2,8,2,1
201332L224313,1,8,0,18,0,0,0,0,0,0,4,1,6,3,-1,-1,-1,-1,-1,-1
201332L224613,1,9,0,5,0,2,0,0,3,11,1,1,6,1,6,1360,1,3,5,1
201332L224713,1,9,0,18,0,6,0,0,0,0,1,1,6,1,4,1753,2,13,5,1
201332L224713,2,9,0,18,0,8,0,0,0,0,4,1,6,2,7,1956,2,1,7,1
201332L227213,1,9,0,9,0,8,0,0,1,1,4,1,2,1,5,-1,-1,-1,9,1
201332L227213,2,9,0,18,0,8,0,0,0,0,3,1,2,1,6,1999,1,16,2,1
201332L228213,1,9,0,18,0,0,0,0,0,0,1,1,6,1,8,1598,1,4,6,2
201332L228213,2,9,0,3,0,0,0,0,0,0,2,1,6,1,9,1199,2,1,7,1
201332L228213,3,9,0,5,0,0,0,0,0,0,2,1,6,1,8,-1,-1,-1,10,1
201332L228213,4,9,0,5,0,0,0,0,0,0,2,1,6,1,8,2664,2,9,1,1
201332L228313,1,5,0,14,0,8,0,0,7,4,1,1,6,1,8,998,1,4,-1,-1
201332L228313,2,9,0,9,0,5,0,0,7,4,3,1,6,1,6,1968,2,7,8,1
201332L228413,1,3,0,18,0,0,1,0,0,0,0,1,6,1,5,124,1,1,6,1
201332L228413,2,9,0,18,0,0,0,0,0,0,0,1,6,2,6,1896,2,9,2,1
201332L228513,1,5,0,18,7,0,0,0,0,0,1,1,6,1,8,849,1,22,8,3
201332L228513,2,5,0,4,7,0,0,0,0,0,2,1,6,2,7,487,1,12,6,2
201332L228513,3,97,0,4,7,0,0,0,0,0,2,1,6,1,9,-1,-1,-1,7,3
201332L230913,1,9,0,17,0,0,1,0,7,4,2,1,1,1,4,1299,1,8,8,3
201332L232413,1,9,0,18,0,0,0,0,0,0,1,1,2,2,8,1598,1,9,6,3
201332L232413,2,9,0,3,0,0,0,0,0,0,2,1,6,1,4,1242,1,7,10,2
201332L234413,1,9,0,9,0,5,0,0,0,0,1,1,6,1,10,1783,1,11,6,3
201332L234413,2,9,0,18,0,1,0,0,1,9,3,1,6,1,5,1560,2,7,1,1
201332L234813,1,8,0,18,0,2,0,0,0,0,3,1,1,1,8,1968,2,1,2,1
201332L234813,2,1,0,18,0,6,0,0,0,0,0,1,6,2,2,-1,-1,-1,2,1
201332L235413,1,9,0,9,0,2,0,0,0,0,3,1,6,2,5,1364,2,3,4,2
201332L235413,2,9,0,18,0,1,0,0,0,0,1,1,6,1,5,1399,2,1,5,1
201332L236113,1,1,0,18,0,0,5,0,0,0,0,1,6,1,9,-1,-1,-1,7,1
201332L236313,1,19,0,5,0,2,0,0,0,0,1,1,6,1,8,1968,2,3,7,2
201332L236313,2,1,0,9,0,1,0,0,0,0,1,1,6,1,10,-1,-1,-1,6,1
201332L236613,1,8,0,1,0,1,0,0,0,0,2,1,1,1,-1,1998,2,9,-1,-1
201332L236913,1,9,0,4,0,1,0,0,0,0,0,1,6,1,6,1986,2,6,5,1
201332L236913,2,1,0,18,0,8,0,0,0,0,0,1,6,1,5,-1,-1,-1,8,1
201332L237313,1,1,0,18,0,1,1,0,0,0,1,1,6,1,3,-1,-1,-1,1,1
201332L238513,1,5,0,18,0,1,5,0,0,0,3,1,1,1,7,599,1,20,10,2
201332L238513,2,9,0,9,0,6,0,0,0,0,1,1,1,2,5,1587,1,4,3,1
201332L239213,1,5,0,18,0,1,0,0,0,0,1,1,6,1,8,999,1,8,8,1
201332L239213,2,17,5,9,0,1,0,0,0,0,2,1,1,1,4,-1,2,8,8,3
201332L239513,1,9,0,9,0,2,0,0,0,0,1,1,2,2,5,1329,1,3,2,1
201332L239513,2,9,0,9,0,2,0,0,0,0,2,1,2,2,7,-1,-1,-1,7,2
201332L239813,1,9,0,9,0,2,0,0,0,0,1,1,6,1,9,1984,1,3,7,3
201332L239813,2,5,0,18,0,1,0,0,0,0,4,1,6,1,6,1200,1,18,8,1
201332L239913,1,9,0,17,0,0,5,0,1,9,1,1,6,2,6,1360,1,13,4,2
201332L244813,1,19,0,18,0,4,0,0,0,0,1,1,6,1,8,-1,-1,-1,-1,-1
201332L244813,2,9,0,4,0,4,0,0,0,0,2,1,6,2,4,998,1,7,9,3
201332L244813,3,9,0,4,0,4,0,0,0,0,2,1,6,2,-1,-1,-1,-1,-1,-1
201332L245213,1,9,0,18,0,8,0,0,0,0,1,1,6,3,-1,-1,-1,-1,-1,-1
201332L245613,1,9,0,18,0,0,0,0,0,0,1,1,6,2,6,1399,2,2,7,3
201332L245613,2,9,0,18,0,0,0,0,0,0,2,1,6,2,4,1124,1,9,-1,-1
201332L246013,1,9,0,3,0,2,0,0,0,0,1,1,6,1,10,-1,-1,-1,7,1
201332L246013,2,9,0,4,0,2,0,0,0,0,4,1,6,1,6,1388,1,2,1,1
201332L246913,1,9,0,9,0,8,0,0,0,0,1,1,6,1,9,-1,-1,-1,7,1
201332L246913,2,9,0,18,0,8,0,0,0,0,1,1,6,1,8,-1,-1,-1,5,1
201332L247413,1,19,0,5,0,6,0,0,0,0,0,1,6,1,7,2496,2,22,8,3
201332L247413,2,9,0,18,0,1,0,7,0,0,1,1,6,2,10,-1,-1,-1,8,1
201332L247413,3,9,0,2,0,1,0,0,0,7,3,1,6,1,9,1596,1,9,3,1
201332L247713,1,9,0,9,0,7,0,0,0,0,4,1,6,1,7,1749,1,9,2,1
201332L247713,2,21,4,18,0,8,0,0,0,0,3,1,1,1,7,11705,2,8,7,2
201332L248413,1,9,0,5,0,2,0,0,0,0,1,1,6,2,4,1248,2,5,-1,-1
201332L248413,2,9,0,5,0,1,0,0,0,0,1,1,6,2,10,1560,2,-1,9,3
201332L248513,1,9,0,7,0,8,0,0,0,0,3,1,6,1,8,2685,2,10,5,1
201332L248913,1,19,0,4,0,0,1,0,0,0,1,1,1,1,7,-1,-1,-1,9,2
201332L248913,2,19,0,4,0,0,0,0,0,0,2,1,1,1,7,1248,2,-1,4,3
201332L248913,3,9,0,3,0,0,0,0,0,0,2,1,6,1,11,1783,1,11,2,1
201332L249413,1,9,0,18,0,2,0,0,0,0,1,1,6,1,9,2401,2,10,4,1
201332L249413,2,9,0,5,0,6,0,0,0,0,3,1,6,1,8,1598,1,5,4,1
201332L249713,1,9,0,18,0,1,0,0,0,0,1,1,6,1,-1,-1,-1,-1,-1,-1
201332L249713,2,1,0,18,0,8,0,0,0,0,3,1,6,2,6,-1,-1,-1,5,1
201332L250313,1,9,0,9,0,8,0,0,0,0,1,1,6,1,4,1896,2,12,4,1
201332L250313,2,2,0,4,0,1,0,0,0,0,1,1,2,1,5,124,1,-1,7,3
201332L250913,1,9,0,17,0,0,1,0,7,1,1,1,6,1,5,1995,2,7,9,2
201332L251413,1,9,0,17,0,0,0,0,0,0,4,1,2,1,11,2148,2,10,5,2
201332L251413,2,1,0,18,0,0,0,0,1,0,2,1,6,2,6,-1,-1,-1,6,3
201332L254213,1,2,0,9,0,8,0,0,0,0,1,1,6,2,4,49,1,-1,-1,-1
201332L254213,2,9,0,18,0,8,0,0,0,0,3,1,6,1,10,1997,2,5,4,1
201332L256513,1,3,0,5,0,0,0,0,0,0,1,1,6,1,9,124,1,7,1,1
201332L256513,2,9,0,3,0,0,0,0,0,0,2,1,2,1,9,2000,1,3,10,2
201332L257613,1,9,0,5,0,1,0,0,0,0,1,1,6,2,6,-1,-1,-1,5,1
201332L257613,2,9,0,13,0,1,0,0,0,0,1,1,6,2,6,1587,1,8,6,1
201332L257813,1,90,0,18,0,2,1,0,0,0,1,1,1,1,7,-1,-1,-1,4,2
201332L257813,2,1,0,18,0,6,0,0,0,0,1,1,6,1,9,-1,-1,-1,2,1
201332L258713,1,9,0,18,0,1,0,0,0,0,4,1,2,1,4,1229,1,1,9,2
201332L260313,1,5,0,16,0,3,2,0,0,0,0,1,6,1,5,599,1,11,4,1
201332L260813,1,9,0,18,0,0,0,0,0,0,2,1,6,2,9,1296,1,6,5,3
201332L260813,2,9,0,18,0,0,0,0,0,0,1,1,6,3,-1,-1,-1,-1,-1,-1
201332L260913,1,9,0,18,0,8,1,0,1,0,3,1,6,1,11,1397,1,13,6,3
201332L260913,2,9,0,18,0,8,0,0,7,0,1,1,6,1,8,1390,1,11,5,3
201332L261313,1,9,0,18,0,0,0,0,0,0,1,1,6,1,9,1753,2,6,6,3
201332L261313,2,9,0,18,0,0,0,0,0,0,2,1,6,1,9,998,1,6,3,1
201332L261313,3,5,0,4,0,0,0,0,0,0,3,1,6,1,5,-1,-1,-1,2,1
201332L261313,4,9,0,4,0,0,0,0,0,0,4,1,6,2,9,1968,2,5,5,1
201332L261413,1,9,0,18,0,4,0,0,0,0,4,1,6,2,7,1422,2,7,8,1
201332L261413,2,1,0,18,0,4,0,0,0,0,1,1,6,2,6,-1,-1,-1,10,3
201332L261613,1,21,1,18,0,1,1,0,0,0,1,1,1,1,8,12130,2,12,5,1
201332L261613,2,9,0,3,0,1,0,0,0,0,2,1,1,1,6,-1,-1,-1,7,1
201332L261613,3,9,0,3,0,1,0,0,0,0,2,1,1,1,10,2967,1,8,9,1
201332L261613,4,9,0,3,0,1,0,0,0,0,2,1,1,1,6,1896,2,17,4,1
201332L261613,5,9,0,3,0,1,0,0,0,0,2,1,6,2,8,-1,-1,-1,9,3
201332L262513,1,97,0,17,0,0,2,0,0,0,0,1,6,1,7,-1,-1,-1,-1,1
201332L262713,1,9,0,18,0,1,1,0,0,0,1,1,6,2,4,1242,1,16,1,1
201332L262713,2,9,0,3,0,1,0,0,0,0,2,1,6,1,8,2199,2,1,-1,-1
201332L263613,1,9,4,16,0,0,5,0,0,0,0,1,1,1,9,2495,2,11,7,3
201332L264513,1,9,0,18,0,0,5,0,7,0,3,1,6,1,7,1171,1,14,6,2
201332L265413,1,1,0,3,4,1,0,0,0,0,1,1,1,1,7,-1,-1,-1,9,3
201332L265413,2,9,0,7,0,8,0,0,0,0,4,1,6,3,-1,-1,-1,-1,-1,-1
201332L265613,1,4,0,4,0,1,0,0,0,0,1,1,1,1,10,108,1,1,10,2
201332L265613,2,9,0,5,0,6,0,0,0,0,3,1,6,1,-1,-1,-1,-1,5,1
201332L266813,1,9,0,18,0,0,1,0,0,0,1,1,1,1,6,-1,-1,-1,8,2
201332L266813,2,9,0,3,0,0,0,0,0,0,2,1,2,1,6,1896,2,10,2,1
201332L268913,1,9,0,16,0,0,0,0,7,0,2,1,6,2,6,1598,1,7,5,3
201332L268913,2,9,0,3,0,0,0,0,0,0,1,1,6,2,6,1896,2,10,5,3
201332L269013,1,9,0,18,0,1,1,0,0,0,1,1,2,2,5,998,1,-1,1,1
201332L269013,2,9,0,10,0,1,0,0,0,0,2,1,2,2,8,1753,2,7,7,1
201332L269613,1,9,0,9,0,1,0,0,0,0,1,1,1,1,7,1229,1,-1,2,1
201332L269613,2,9,0,9,0,1,0,0,0,0,2,1,1,1,6,1598,2,-1,3,1
201332L270613,1,9,0,18,0,0,0,0,0,0,3,1,6,3,-1,-1,-1,-1,-1,-1
201332L270613,2,9,0,18,0,0,0,0,0,0,3,1,6,2,6,1298,1,12,7,1
201332L271613,1,9,0,18,0,1,0,0,4,1,1,1,6,2,8,1686,2,12,8,1
201332L271813,1,9,0,18,0,1,0,0,0,0,4,1,6,2,5,2148,2,7,8,1
201332L271813,2,9,0,18,0,1,0,0,0,0,1,1,6,2,6,2993,2,-1,10,1
201332L273913,1,9,0,9,0,6,0,0,0,0,1,1,6,2,9,2495,1,10,6,1
201332L273913,2,9,0,18,0,1,0,0,0,0,1,1,6,2,10,1328,1,5,5,1
201332L275613,1,9,0,18,0,0,0,0,0,0,1,1,2,1,4,1242,1,11,4,1
201332L275613,2,21,1,18,0,0,1,0,0,0,1,1,1,1,8,12740,2,1,1,1
201332L276013,1,3,0,17,0,0,1,0,1,0,0,1,1,1,4,125,1,2,2,1
201332L279013,1,9,0,18,0,1,0,0,0,0,1,1,6,1,4,1360,1,10,7,3
201332L279013,2,9,0,10,0,1,0,0,0,0,2,1,1,2,8,1560,2,2,4,1
201332L279113,1,9,0,2,0,0,0,0,0,0,3,1,6,1,6,1461,2,10,-1,-1
201332L279113,2,1,0,18,0,0,0,0,0,0,1,1,6,1,9,-1,-1,-1,4,2
201332L279213,1,9,0,16,0,0,1,0,0,0,1,1,1,1,8,1242,1,11,4,1
201332L279213,2,9,4,17,0,0,1,0,0,0,4,2,6,1,9,3059,2,15,4,3
201332L279313,1,9,0,18,0,1,0,7,0,0,1,1,6,1,-1,-1,-1,-1,3,1
201332L279513,1,9,0,18,0,1,0,0,0,0,4,2,6,2,9,1598,1,14,7,3
201332L279513,2,21,0,6,0,1,0,0,0,0,3,2,1,1,8,10518,2,6,3,1
201332L281913,1,9,0,5,0,8,0,0,0,0,1,1,6,1,8,-1,-1,-1,1,1
201332L281913,2,1,0,18,0,8,0,0,0,0,4,1,6,1,3,-1,-1,-1,1,1
201332L282013,1,9,0,7,0,5,1,0,1,1,3,1,6,1,5,2494,1,9,3,1
201332L283513,1,9,0,3,0,2,0,0,0,0,1,1,6,1,4,1390,1,3,10,1
201332L283513,2,9,0,3,0,2,0,0,0,0,2,1,6,1,10,1339,1,3,3,1
201332L283513,3,9,0,4,0,1,0,0,0,0,0,1,1,1,8,1968,2,4,-1,-1
201332L283813,1,9,0,17,0,0,2,0,7,10,4,1,6,1,7,-1,-1,-1,3,2
201332L285013,1,9,0,18,0,0,0,0,0,0,1,1,1,1,6,1796,1,17,8,1
201332L285013,2,9,0,3,0,0,0,0,0,0,2,1,1,2,5,1598,1,11,10,2
201332L287813,1,9,0,18,0,1,0,0,0,0,1,1,1,2,8,1108,1,15,3,1
201332L287813,2,8,0,18,0,1,0,0,0,0,1,1,6,1,8,1995,2,2,8,1
201332L288413,1,9,0,18,0,0,0,0,0,0,1,1,6,2,8,1360,1,7,6,3
201332L288413,2,9,0,3,0,0,0,0,0,0,2,1,6,1,4,1461,2,1,4,3
201332L288513,1,19,0,4,0,0,0,0,0,0,2,1,6,1,4,2198,2,5,2,1
201332L288513,2,9,0,4,0,0,0,0,0,0,2,1,6,1,10,1590,1,10,9,3
201332L288513,3,9,0,18,0,0,0,0,0,0,0,1,1,2,4,1598,1,8,2,1
201332L290713,1,9,0,18,0,0,5,0,0,11,4,1,2,2,9,-1,-1,-1,10,2
201332L293413,1,9,0,18,0,4,0,9,0,0,1,1,6,1,5,1997,2,4,7,3
201332L294013,1,19,0,16,0,0,0,0,8,10,1,1,2,1,7,1598,2,-1,7,3
201332L294713,1,3,0,18,0,4,0,0,0,0,4,1,6,1,4,-1,-1,-1,4,1
201332L294713,2,1,0,18,0,4,0,0,0,0,3,1,6,1,4,-1,-1,-1,4,1
201332L295013,1,9,0,4,0,1,0,0,0,0,1,1,1,1,8,1984,1,2,5,3
201332L295013,2,9,0,3,0,1,0,0,0,0,2,1,1,1,9,2179,2,1,8,1
201332L295213,1,9,0,18,0,0,0,0,0,0,1,1,6,2,8,2967,2,-1,6,3
201332L295213,2,19,0,10,0,0,0,0,0,0,2,1,6,1,6,2496,2,16,3,3
201332L295413,1,9,0,4,0,0,0,0,0,0,2,1,6,2,9,2457,1,3,7,1
201332L295413,2,8,0,4,0,0,0,0,0,0,1,1,6,1,6,-1,-1,-1,7,1
201332L296013,1,9,0,4,0,1,1,0,7,0,1,1,1,1,5,-1,-1,-1,9,2
201332L296013,2,9,0,4,0,1,0,0,0,0,2,1,6,1,7,2979,1,6,4,1
201332L296013,3,9,0,4,0,1,0,0,0,0,2,1,6,2,7,1598,1,2,8,2
201332L298313,1,9,0,6,0,0,0,0,0,0,3,1,6,1,6,1598,1,9,9,3
201332L298313,2,5,0,14,0,0,0,0,0,0,1,1,6,1,7,798,1,6,10,1
201332L300513,1,9,0,18,0,0,0,0,0,0,1,1,6,2,8,1995,2,2,2,1
201332L300513,2,9,0,4,0,0,0,0,0,0,2,1,6,2,8,1598,1,11,-1,-1
201332L300513,3,9,0,2,0,0,0,0,0,0,2,1,6,3,-1,1796,1,11,-1,-1
201332L300713,1,9,0,9,0,1,0,0,0,0,3,1,2,1,5,1242,1,12,2,1
201332L300713,2,3,0,13,0,1,0,0,0,0,3,1,6,1,5,125,1,2,3,1
201332L301713,1,9,0,5,0,8,0,0,7,9,1,1,6,2,6,1598,1,2,7,1
201332L301713,2,19,0,18,0,1,0,0,7,9,1,1,6,1,8,1997,2,6,6,3
201332L301813,1,9,0,9,0,6,0,0,0,0,3,1,6,2,5,1086,1,7,2,1
201332L301813,2,9,0,3,0,1,0,0,0,0,1,1,6,2,8,1998,1,3,6,2
201332L303113,1,9,0,18,0,1,0,0,0,0,1,1,1,2,7,2400,2,4,6,3
201332L303113,2,9,0,18,0,2,0,0,0,0,1,1,6,1,8,1749,1,11,9,1
201332L303513,1,2,0,13,0,1,0,0,0,0,2,1,2,1,4,49,1,5,7,2
201332L303513,2,9,0,9,0,5,0,0,0,0,1,1,1,1,7,1997,2,2,10,1
201332L303613,1,9,0,9,5,6,0,0,0,0,4,1,6,1,-1,-1,-1,-1,-1,-1
201332L303613,2,1,0,18,5,1,2,0,0,0,1,1,6,1,9,-1,-1,-1,9,2
201332L303713,1,21,0,18,0,4,0,0,0,0,1,1,1,1,8,-1,-1,-1,8,1
201332L303713,2,9,0,18,0,3,5,0,0,0,4,1,6,1,6,1998,1,9,8,3
201332L304813,1,9,0,4,0,0,0,0,0,0,0,1,6,1,-1,998,1,10,-1,-1
201332L304813,2,19,0,18,0,0,0,0,0,0,2,1,1,1,6,2148,2,6,6,1
201332L304813,3,8,0,18,0,0,0,0,0,0,0,1,6,2,4,998,1,-1,2,1
201332L308713,1,9,0,3,0,1,0,0,0,0,1,1,6,1,6,1560,2,6,6,1
201332L308713,2,9,0,3,0,1,0,0,0,0,2,1,6,2,6,998,1,-1,6,3
201332L308713,3,9,0,3,0,1,0,0,0,0,2,1,6,1,6,1997,2,5,-1,-1
201332L309713,1,9,0,2,0,0,0,0,0,0,2,1,6,2,9,2198,1,11,4,3
201332L309713,2,9,0,18,0,0,1,4,1,0,1,1,6,1,6,1124,1,13,3,2
201332L310313,1,9,0,18,0,0,0,4,1,0,1,1,6,1,4,-1,-1,-1,7,3
201332L310313,2,9,0,2,6,0,0,0,0,0,2,1,2,1,9,2198,2,6,-1,-1
201332L311013,1,9,0,9,0,1,0,0,0,0,4,1,6,2,6,1598,1,13,1,1
201332L311013,2,2,0,18,0,1,0,0,0,0,1,1,6,1,4,125,1,6,7,3
201332L311713,1,5,0,18,0,0,5,0,1,0,0,1,6,2,9,883,1,15,5,2
201332L312713,1,5,0,5,0,8,0,0,0,0,4,1,6,1,9,865,1,4,8,1
201332L312913,1,9,0,18,9,0,0,0,1,7,3,1,6,2,11,-1,-1,-1,2,1
201332L314113,1,9,0,18,0,0,0,0,0,0,3,1,6,2,8,1587,1,11,5,1
201332L314113,2,9,0,18,0,0,1,0,7,0,3,1,2,1,8,2401,2,5,10,2
201332L315113,1,9,0,13,0,0,0,0,0,0,4,1,6,3,-1,1398,1,2,-1,-1
201332L315113,2,1,0,18,0,0,0,0,0,0,3,1,6,2,8,-1,-1,-1,5,2
201332L317613,1,3,0,18,0,1,1,7,0,0,1,1,6,1,4,124,1,3,8,3
201332L317613,2,9,0,10,0,1,0,0,0,0,2,1,6,1,9,1968,2,1,-1,-1
201332L321513,1,9,0,18,0,0,0,0,1,0,1,1,1,1,8,1360,1,11,8,1
201332L321513,2,1,0,18,0,0,0,0,0,0,4,1,2,1,8,-1,-1,-1,5,1
201332L323213,1,9,0,4,0,1,0,0,0,0,1,1,6,1,-1,1299,1,11,10,2
201332L323213,2,9,0,3,0,1,0,0,0,0,0,1,6,1,8,-1,-1,-1,9,1
201332L324813,1,9,0,18,0,0,0,0,7,9,1,1,6,1,4,1796,1,7,-1,-1
201332L324813,2,9,0,4,0,0,0,0,0,0,2,1,6,2,5,-1,-1,-1,6,3
201332L326113,1,9,0,18,0,0,0,0,0,0,1,1,6,3,-1,-1,-1,-1,-1,-1
201332L327613,1,21,0,4,0,1,1,0,0,0,1,1,1,1,9,11705,2,3,-1,-1
201332L327613,2,9,0,4,0,1,0,0,0,0,2,1,2,2,5,1360,1,12,6,1
201332L329313,1,9,0,9,0,1,0,0,0,0,1,1,6,1,6,1997,1,9,5,1
201332L329313,2,1,0,5,0,1,0,0,0,0,1,1,6,1,5,-1,-1,-1,-1,-1
201332L330113,1,9,0,9,0,1,0,0,0,0,3,1,6,2,8,2435,1,16,7,3
201332L330113,2,9,0,18,0,1,0,0,0,0,1,1,6,1,7,1796,1,13,3,1
201332L330213,1,9,4,18,0,0,0,0,0,0,4,1,6,1,10,2497,2,7,8,1
201332L330213,2,9,0,6,8,0,0,0,0,0,1,1,6,2,6,1997,2,7,4,1
201332L330713,1,2,0,14,0,0,0,0,0,0,4,1,1,1,4,125,1,9,-1,-1
201332L330713,2,9,0,9,0,0,0,0,0,0,3,1,6,2,6,995,1,2,7,1
201332L331113,1,9,0,18,0,1,0,0,0,0,1,1,6,1,10,1998,2,16,7,3
201332L331113,2,5,0,4,0,1,5,0,0,0,2,1,6,1,8,1450,1,12,-1,-1
201332L331413,1,9,0,18,0,0,0,0,0,0,4,1,6,1,8,1997,2,5,-1,-1
201332L331413,2,1,0,6,0,0,1,0,0,0,4,1,6,1,3,-1,-1,-1,-1,-1
201332L333513,1,9,0,18,0,1,1,0,0,0,3,1,6,2,7,1870,2,13,5,1
201332L334613,1,21,1,1,0,4,0,0,0,0,2,1,1,1,8,-1,-1,-1,5,1
201332L334613,2,11,0,18,0,4,0,0,0,0,4,1,1,3,9,5900,2,7,-1,-1
201332L338513,1,9,0,18,0,6,0,0,3,11,1,1,6,2,5,1598,2,1,2,1
201332L339213,1,5,0,16,0,0,0,0,0,0,0,1,6,1,5,849,1,5,3,3
201332L339213,2,5,0,16,0,0,2,0,7,9,1,1,6,1,5,599,1,6,1,1
201332L339213,3,5,0,16,0,0,0,0,7,9,1,1,6,1,5,599,1,7,4,1
201332L339213,4,5,0,16,0,0,2,0,7,9,1,1,6,1,5,599,1,14,1,1
201332L339413,1,9,0,16,0,0,1,0,7,2,1,1,6,1,6,3498,1,15,2,1
201332L341113,1,9,0,9,0,1,0,0,0,0,4,1,1,2,8,1910,2,7,9,3
201332L341113,2,9,0,18,0,1,0,0,0,0,1,1,6,2,10,1368,1,5,9,3
201332L341713,1,9,0,9,9,0,0,0,0,0,1,1,6,2,8,1364,1,7,6,3