Accident_Index,Vehicle_Reference,Vehicle_Type,Towing_and_Articulation,Vehicle_Manoeuvre,Vehicle_Location-Restricted_Lane,Junction_Location,Skidding_and_Overturning,Hit_Object_in_Carriageway,Vehicle_Leaving_Carriageway,Hit_Object_off_Carriageway,1st_Point_of_Impact,Was_Vehicle_Left_Hand_Drive?,Journey_Purpose_of_Driver,Sex_of_Driver,Age_Band_of_Driver,Engine_Capacity_(CC),Propulsion_Code,Age_of_Vehicle,Driver_IMD_Decile,Driver_Home_Area_Type
201332L341713,2,1,0,4,9,0,0,0,0,0,1,1,6,1,5,-1,-1,-1,2,1
201332L342113,1,9,0,18,0,0,0,0,0,0,2,1,6,1,6,1248,2,5,6,2
201332L342113,2,9,0,18,0,0,0,0,0,0,1,1,6,2,8,1248,2,5,9,2
201332L342313,1,9,0,5,0,2,0,0,0,0,1,1,2,2,8,1560,2,1,7,3
201332L342313,2,1,0,5,0,6,0,0,0,0,1,1,6,1,8,-1,-1,-1,1,1
201332L342913,1,3,0,18,0,0,2,0,0,0,4,1,1,1,9,100,1,6,6,1
201332L343313,1,9,0,3,0,1,0,0,0,0,1,1,6,1,-1,-1,-1,-1,-1,-1
201332L343313,2,1,0,18,0,1,0,0,0,0,3,1,4,1,3,-1,-1,-1,2,1
201332L344613,1,9,0,2,0,0,0,0,0,0,3,2,6,2,7,2800,2,18,3,1
201332L344613,2,9,0,18,0,0,0,0,0,0,4,2,6,1,9,1968,2,9,-1,-1
201332L345013,1,9,0,10,0,1,0,0,0,0,2,1,1,2,7,1398,2,11,3,1
201332L345013,2,9,0,4,0,1,1,0,0,0,1,1,2,1,-1,1910,2,5,3,1
201332L345113,1,5,0,18,0,8,1,0,1,0,3,1,6,2,7,649,1,4,-1,-1
201332L345313,1,9,0,9,0,2,0,0,0,0,1,1,6,1,11,1584,1,10,5,3
201332L345313,2,9,0,18,0,8,0,0,0,0,1,1,2,1,9,1998,2,7,10,1
201332L345813,1,9,0,18,0,2,0,0,0,0,1,1,2,1,6,1390,1,19,3,1
201332L345813,2,1,0,18,0,8,0,0,0,0,1,1,6,2,4,-1,-1,-1,5,1
201332L346613,1,9,0,4,0,1,1,0,1,0,1,1,1,1,7,1968,2,1,9,2
201332L346613,2,9,0,3,0,1,0,0,0,0,2,1,6,2,6,1388,1,13,2,1
201332L346613,3,9,0,3,0,1,0,0,0,0,2,1,6,2,8,1560,2,4,7,3
201332L349413,1,9,0,18,0,1,0,0,0,0,1,1,6,1,6,2171,2,9,3,1
201332L349413,2,9,0,4,0,1,0,0,0,0,1,1,6,2,6,-1,-1,-1,2,1
201332L349513,1,9,0,17,0,1,0,0,1,0,1,1,2,1,6,1896,2,10,4,1
201332L349513,2,17,0,9,0,5,0,0,0,0,2,1,2,1,10,-1,2,16,7,3
201332L349913,1,1,0,16,0,0,0,0,7,7,1,1,6,1,8,-1,-1,-1,7,3
201332L350113,1,9,0,18,0,0,0,0,0,0,1,1,6,3,-1,-1,-1,-1,-1,-1
201332L350213,1,19,0,15,0,0,0,0,0,0,3,1,1,1,9,1560,2,2,6,3
201332L350213,2,1,0,14,0,0,0,0,0,0,3,1,6,1,6,-1,-1,-1,8,3
201332L350413,1,9,0,7,0,6,0,0,1,0,3,1,6,1,11,1587,1,8,7,2
201332L350413,2,9,0,18,0,8,0,0,0,0,1,1,6,1,9,2993,2,4,6,3
201332L350613,1,5,0,4,0,1,0,0,0,0,1,1,6,1,8,998,1,12,8,1
201332L350613,2,9,0,3,0,1,0,0,0,0,2,1,6,1,5,-1,-1,-1,10,2
201332L350713,1,9,0,18,0,8,0,0,0,0,1,1,2,2,4,1149,1,8,6,2
201332L350713,2,9,0,4,0,8,0,0,0,0,2,1,2,1,5,2500,1,14,7,2
201332L351213,1,9,0,9,0,8,0,0,0,0,1,1,6,1,7,1560,2,5,10,2
201332L351213,2,4,0,18,0,1,0,0,0,0,1,1,6,1,10,499,1,4,7,3
201332L351813,1,9,0,18,0,0,0,0,0,0,1,1,2,1,8,1956,2,-1,5,3
201332L351813,2,9,0,2,0,0,0,0,0,0,2,2,6,2,7,-1,-1,-1,6,1
201332L353813,1,9,0,9,0,2,0,0,0,0,3,1,6,1,11,1386,1,9,4,2
201332L353813,2,9,0,18,0,1,0,0,0,0,1,1,2,1,5,1149,1,14,8,3
201332L357613,1,20,0,18,0,0,0,0,0,0,0,1,1,1,7,8870,2,10,5,1
201332L357613,2,16,0,2,0,0,0,0,0,0,0,1,6,2,6,-1,-1,-1,9,1
201332L358013,1,9,0,5,0,4,0,0,0,0,1,1,6,2,9,1339,8,2,8,3
201332L358013,2,9,0,18,0,4,0,0,0,0,1,1,6,2,8,1527,2,14,4,1
201332L358813,1,9,0,3,0,0,0,0,0,0,1,1,2,2,6,1995,2,1,5,3
201332L358813,2,9,0,3,0,0,1,0,7,0,2,1,2,1,9,1242,1,12,2,1
201332L358813,3,9,0,3,0,0,0,0,0,0,2,1,2,1,8,1910,2,7,2,1
201332L358913,1,9,0,5,0,0,0,0,0,0,3,1,6,2,7,-1,-1,-1,7,1
201332L358913,2,11,0,18,0,0,0,0,0,0,2,1,1,1,7,-1,2,14,8,1
201332L360813,1,9,0,16,0,0,2,0,7,9,0,1,6,1,7,1390,2,9,5,3
201332L361313,1,9,0,18,0,0,0,0,0,0,4,1,6,1,10,1686,2,11,6,3
201332L361413,1,9,0,10,0,1,0,0,0,0,1,1,6,1,11,1339,1,5,7,1
201332L361413,2,1,0,17,0,1,0,0,0,0,1,1,6,1,7,-1,-1,-1,-1,-1
201332L362113,1,9,0,9,0,1,0,0,0,10,1,1,6,1,6,2198,2,7,-1,-1
201332L362113,2,9,0,18,0,1,0,0,1,10,1,1,1,1,7,1998,2,7,-1,-1
201332L363513,1,9,0,18,0,0,1,10,8,4,1,1,2,2,4,1364,1,6,6,3
201332L363813,1,1,0,18,9,2,0,0,0,0,1,1,4,2,4,-1,-1,-1,7,1
201332L363813,2,1,0,18,9,2,1,0,0,0,1,1,6,1,-1,-1,-1,-1,-1,-1
201332L364313,1,9,0,5,0,6,0,0,0,0,1,1,6,1,8,1762,1,15,2,1
201332L364313,2,9,0,18,0,1,0,0,0,0,4,1,6,1,6,1598,1,3,7,1
201332L364413,1,9,0,18,0,1,0,0,0,0,1,1,6,1,8,-1,-1,-1,5,3
201332L364813,1,9,0,17,0,0,1,0,7,1,3,1,6,1,-1,1975,1,8,9,1
201332L367713,1,20,0,18,0,1,0,0,0,0,0,1,6,3,-1,-1,-1,-1,-1,-1
201332L367713,2,9,0,18,0,1,0,0,0,1,1,1,6,1,6,1390,1,1,-1,-1
201332L368413,1,9,0,5,0,0,0,0,0,0,4,1,6,1,5,1043,1,23,3,1
201332L368513,1,9,0,12,0,8,0,0,0,0,4,1,2,1,5,1248,2,5,10,1
201332L368513,2,5,0,18,0,8,0,0,0,0,3,1,6,1,4,885,1,20,2,1
201332L368613,1,9,0,18,0,8,0,0,0,0,1,1,6,2,10,1298,1,5,10,3
201332L368613,2,9,0,3,0,8,0,0,0,0,2,1,6,1,7,2496,2,9,8,1
201332L368713,1,9,0,9,0,8,0,0,0,0,1,1,6,1,10,2179,2,1,9,2
201332L368713,2,9,0,18,0,1,0,0,0,0,1,1,6,1,8,2429,1,6,6,1
201332L369713,1,9,0,18,0,0,1,0,1,4,1,1,6,2,4,1149,1,11,5,3
201332L370613,1,9,0,7,0,3,0,0,0,0,3,2,6,1,9,1596,1,-1,-1,-1
201332L370613,2,9,0,7,0,3,0,0,0,0,4,2,6,1,11,1598,1,7,2,1
201332L370713,1,9,0,18,0,0,2,0,7,0,1,1,6,1,7,2926,2,13,4,2
201332L372313,1,5,0,18,0,0,1,0,7,10,4,1,6,1,6,598,1,14,-1,1
201332L372413,1,9,0,9,0,2,0,0,0,0,1,1,6,1,6,1360,1,10,2,1
201332L372513,1,9,0,18,0,1,0,0,0,0,1,1,6,1,8,1998,1,14,9,3
201332L372613,1,9,0,18,0,0,1,0,1,0,1,1,6,2,5,1242,1,7,7,2
201332L372713,1,9,0,18,0,0,0,0,1,10,1,1,6,1,5,1149,1,11,7,2
201332L374213,1,9,0,18,0,0,0,0,0,0,4,1,6,1,-1,-1,-1,-1,-1,-1
201332L374313,1,1,0,18,9,0,5,0,0,0,0,1,6,1,8,-1,-1,-1,2,1
201332L376713,1,9,0,7,0,1,0,0,0,0,4,1,2,2,8,1598,1,-1,4,1
201332L376713,2,1,0,15,0,1,0,0,0,0,3,1,6,1,6,-1,-1,-1,5,1
201332L377313,1,97,0,5,0,0,0,0,0,0,1,1,6,1,-1,-1,-1,-1,-1,-1
201332L378013,1,9,0,16,0,0,1,0,0,0,1,1,6,1,8,1796,1,12,2,2
201332L378013,2,9,0,18,0,0,0,0,0,0,1,1,6,2,8,1362,1,-1,4,2
201332L378013,3,9,0,16,0,0,0,0,0,0,3,1,6,1,5,1998,1,5,7,1
201332L378413,1,9,0,17,0,0,1,0,0,0,1,2,1,1,9,-1,-1,-1,-1,-1
201332L378413,2,9,0,18,0,0,0,0,0,0,1,2,6,1,10,1596,1,2,-1,-1
201332L378413,3,9,0,18,0,0,0,0,0,0,0,2,6,1,10,1560,2,5,10,1
201332L378513,1,9,0,18,0,0,1,0,1,0,1,1,6,2,6,4999,1,8,-1,-1
201332L378513,2,9,0,18,0,0,0,0,0,0,3,1,6,1,6,1997,2,-1,10,1
201332L378613,1,8,0,5,0,0,0,0,0,0,0,1,6,1,7,-1,-1,-1,-1,-1
201332L380413,1,9,0,18,0,1,0,0,0,0,1,1,6,2,-1,-1,-1,-1,-1,-1
201332L381113,1,9,0,5,0,8,0,0,0,0,1,2,6,1,6,1275,1,15,1,1
201332L381113,2,9,0,3,0,8,0,0,0,0,3,2,1,1,6,1248,2,7,8,1
201332L381813,1,9,0,18,0,1,0,0,0,0,1,1,6,1,9,3150,2,15,-1,-1
201332L381813,2,9,0,3,0,1,0,0,0,0,2,1,6,1,8,1560,2,6,-1,-1
201332L381813,3,9,0,3,0,1,0,0,0,0,2,1,6,1,9,2664,2,8,2,1
201332L382513,1,9,0,18,0,0,0,0,0,0,4,1,6,3,-1,-1,-1,-1,-1,-1
201332L386613,1,9,0,2,0,0,0,0,0,0,3,1,6,1,8,1598,1,12,6,3
201332L386613,2,19,4,18,0,0,0,0,0,0,4,1,6,1,9,1686,2,13,7,3
201332L389113,1,9,0,18,0,0,0,0,0,0,1,1,1,1,6,-1,-1,-1,9,1
201332L389113,2,9,0,18,0,0,0,0,0,0,2,1,1,1,6,1598,2,1,6,3
201332L389513,1,9,0,1,0,1,0,0,0,0,2,1,6,2,-1,1598,1,13,7,3
201332L389513,2,9,0,3,0,1,0,0,0,0,4,1,1,2,9,1398,2,2,7,3
201332L390013,1,19,0,9,0,8,1,7,8,0,1,1,6,1,5,1686,2,12,2,1
201332L391113,1,9,0,18,9,3,0,0,1,4,3,1,6,1,4,1896,1,16,7,1
201332L391313,1,9,0,18,0,6,0,0,0,0,1,1,6,1,8,2993,2,2,7,1
201332L391313,2,9,0,9,0,8,0,0,0,0,3,1,6,2,10,2698,2,5,10,3
201332L391713,1,9,0,9,0,6,0,0,0,0,1,1,1,2,8,1368,1,3,8,1
201332L391713,2,9,0,18,0,8,0,0,0,0,1,1,1,2,6,-1,-1,-1,9,3
201332L392013,1,9,0,18,0,0,0,0,0,0,1,1,6,1,9,-1,-1,-1,8,3
201332L392013,2,9,0,18,0,0,0,0,0,0,1,1,6,2,6,1229,1,1,8,3
201332L392013,3,9,0,2,0,0,0,0,0,0,3,1,6,1,9,1896,2,10,6,3
201332L392113,1,19,0,18,0,0,0,0,0,0,1,1,6,1,5,1560,2,2,8,3
201332L392613,1,9,0,16,0,0,2,0,0,0,1,1,6,1,8,1599,1,10,6,1
201332L392613,2,9,0,17,0,0,0,0,0,0,1,1,6,1,4,-1,-1,-1,-1,-1
201332L393313,1,9,0,9,0,1,0,0,0,0,4,1,6,2,8,1368,1,2,10,1
201332L393313,2,1,0,18,0,1,0,0,0,0,0,1,6,1,6,-1,-1,-1,5,1
201332L394513,1,9,0,18,0,0,0,0,0,0,1,1,2,1,4,1388,1,10,7,1
201332L394513,2,9,0,3,0,0,0,0,0,0,2,1,2,1,7,1999,1,8,8,1
201332L394513,3,9,0,3,0,0,0,0,0,0,2,1,2,1,5,-1,-1,-1,7,3
201332L394513,4,9,0,3,0,0,0,0,0,0,2,1,2,2,5,1796,1,5,8,2
201332L394613,1,9,0,18,0,0,0,0,0,0,1,1,1,2,8,1850,1,13,6,3
201332L394613,2,9,0,2,0,0,0,0,0,0,1,1,6,1,5,1461,2,4,7,2
201332L394713,1,9,0,17,0,0,2,10,7,0,1,1,1,1,6,2495,2,18,6,3
201332L394813,1,9,0,4,0,0,0,0,0,0,1,1,6,2,6,1783,1,12,2,1
201332L394813,2,9,0,4,0,0,0,0,0,0,2,1,6,2,6,1229,1,5,3,1
201332L394813,3,9,0,4,0,0,0,0,0,0,1,1,6,1,10,1753,2,7,5,3
201332L396713,1,9,0,17,0,2,1,0,1,11,1,1,6,2,5,999,1,-1,10,3
201332L396913,1,9,0,18,0,0,0,0,0,0,4,1,2,1,7,1997,2,6,-1,-1
201332L397013,1,9,0,9,0,1,0,0,0,0,1,1,2,2,9,1398,1,1,-1,-1
201332L397013,2,1,0,10,0,1,0,0,0,0,3,1,6,1,7,-1,-1,-1,3,1
201332L397613,1,9,0,7,0,6,0,0,0,0,1,1,6,1,6,1390,1,17,-1,-1
201332L397613,2,9,0,4,0,1,0,0,0,0,3,1,6,2,7,1596,1,10,-1,-1
201332L397713,1,9,0,18,0,0,0,0,0,0,2,1,6,2,6,-1,-1,-1,-1,-1
201332L397713,2,2,0,18,0,0,0,0,0,0,1,1,6,2,6,50,1,3,-1,-1
201332L398713,1,9,0,14,0,0,1,0,0,0,1,1,6,2,7,1560,2,2,2,1
201332L398913,1,9,0,7,0,6,0,0,0,0,1,1,6,2,10,995,1,5,3,1
201332L398913,2,9,0,18,0,1,0,0,0,0,1,1,1,1,8,1586,1,5,9,3
201332L399013,1,9,0,18,0,1,0,0,0,0,1,1,6,1,6,1229,1,-1,3,1
201332L399113,1,9,0,1,0,5,0,0,0,0,2,1,6,1,7,-1,-1,-1,5,1
201332L399613,1,9,0,16,0,0,0,0,7,9,4,1,6,1,4,1598,1,15,1,1
201332L399813,1,9,0,4,0,1,0,0,0,0,1,1,1,1,6,1461,2,-1,7,3
201332L399813,2,9,0,10,0,1,0,0,0,0,2,1,1,1,7,1968,2,1,3,1
201332L399913,1,9,0,4,0,0,1,0,0,0,1,1,6,1,6,1598,1,13,6,2
201332L399913,2,9,0,3,0,0,0,0,0,0,2,1,6,1,10,1560,2,3,-1,-1
201332L399913,3,19,0,3,0,0,0,0,0,0,2,1,6,1,7,2198,2,-1,7,1
201332L400013,1,9,0,9,0,1,0,0,0,0,1,1,1,1,-1,-1,-1,-1,-1,-1
201332L400013,2,1,0,18,0,1,0,0,0,0,4,1,6,1,6,-1,-1,-1,7,1
201332L400113,1,9,0,18,0,0,0,0,0,0,1,1,6,1,9,1560,2,3,5,1
201332L400113,2,9,0,18,0,0,0,0,0,0,3,1,6,1,9,1597,1,17,9,2
201332L405213,1,9,0,18,0,1,0,0,0,0,1,1,6,1,6,-1,-1,-1,-1,-1
201332L405213,2,1,0,18,0,1,0,0,0,0,2,1,4,1,4,-1,-1,-1,8,1
201332L406413,1,9,0,9,0,5,0,0,0,0,1,1,2,1,7,-1,-1,-1,-1,-1
201332L406413,2,3,0,10,0,2,0,0,0,0,1,1,6,2,4,124,1,8,-1,-1
201332L407413,1,9,0,18,0,0,1,0,1,0,1,1,2,2,7,-1,-1,-1,7,1
201332L407713,1,3,0,18,0,1,0,0,0,0,1,1,6,2,6,108,1,3,7,1
201332L407713,2,9,0,18,0,6,0,0,0,0,4,1,6,2,7,1968,2,3,6,3
201332L407813,1,9,0,9,0,5,0,0,0,0,4,1,6,1,9,1998,2,10,2,1
201332L407813,2,1,0,17,0,8,0,0,0,0,1,1,6,2,6,-1,-1,-1,-1,-1
201332L408013,1,9,0,2,0,0,0,0,0,0,3,1,6,2,10,1998,1,15,6,3
201332L408013,2,1,0,18,0,0,0,0,0,0,4,1,6,1,8,-1,-1,-1,2,1
201332L409813,1,5,0,15,0,0,0,0,0,0,1,1,2,1,6,599,1,9,5,1
201332L410013,1,9,0,18,0,1,0,0,3,0,0,1,6,2,7,1598,1,14,2,1
201332L410413,1,1,0,9,0,6,0,0,0,0,4,1,6,2,3,-1,-1,-1,9,2
201332L410413,2,9,0,18,0,8,0,0,0,0,1,1,6,1,4,1796,1,10,8,3
201332L410513,1,9,0,13,0,0,0,0,0,0,4,1,6,1,10,1596,1,9,2,1
201332L410513,2,1,0,18,0,0,0,10,0,0,3,1,6,2,6,-1,-1,-1,-1,-1
201332L412513,1,19,0,18,0,1,1,0,7,10,1,1,2,1,5,2800,2,9,6,2
201332L412513,2,9,0,18,0,1,1,0,7,10,1,1,2,1,9,-1,-1,-1,6,3
201332L412713,1,11,0,7,0,1,0,0,0,0,2,2,3,1,-1,8300,2,6,-1,-1
201332L412713,2,9,0,7,9,1,0,0,0,0,1,2,3,1,6,1392,1,15,4,1
201332L413013,1,9,0,10,0,5,0,0,0,0,4,1,6,2,7,2987,2,6,1,1
201332L413013,2,9,0,18,0,1,0,0,0,0,1,1,6,1,7,-1,-1,-1,5,2
201332L414513,1,9,0,18,0,1,0,0,0,0,1,1,1,1,7,-1,-1,-1,6,3
201332L414513,2,9,0,10,0,8,0,0,0,0,2,1,6,2,9,1497,8,3,-1,-1
201332L414613,1,19,0,18,0,6,1,0,0,0,1,1,1,1,8,-1,-1,-1,1,1
201332L414613,2,9,0,18,0,8,2,0,7,0,4,1,6,1,11,1364,1,8,3,1
201332L414913,1,9,0,18,0,0,0,0,0,0,4,1,6,3,-1,-1,-1,-1,-1,-1
201332L415413,1,9,0,18,0,1,1,0,0,0,1,1,2,2,8,1998,1,19,7,1
201332L415413,2,9,0,10,0,1,0,0,0,0,2,1,2,2,4,1199,1,12,4,3
201332L415713,1,9,0,17,0,0,0,0,1,0,1,1,6,1,5,1597,1,14,-1,-1
201332L415813,1,9,0,3,0,0,0,0,0,0,2,1,3,1,4,1242,1,7,7,1
201332L415813,2,9,0,18,0,0,0,0,0,0,1,1,6,2,5,1398,1,1,8,1
201332L416013,1,9,0,9,0,8,0,0,0,0,1,1,6,1,9,1296,1,7,5,3
201332L416013,2,1,0,18,0,8,0,0,0,0,4,1,6,2,8,-1,-1,-1,5,2
201332L416213,1,9,0,9,0,6,0,0,0,0,3,1,6,1,7,1997,2,2,9,2
201332L416213,2,9,0,18,0,8,0,0,0,0,1,1,6,1,6,1389,1,13,6,2
201332L416513,1,9,0,18,0,0,5,0,7,4,1,1,6,1,5,2497,2,17,-1,-1
201332L416913,1,19,0,5,0,1,0,0,0,0,0,1,1,1,6,-1,-1,-1,6,3
201332L417013,1,9,0,18,0,0,0,4,0,0,3,1,6,1,6,2793,1,12,3,1
201332L417013,2,9,0,2,0,0,0,0,2,11,3,1,6,3,-1,-1,-1,-1,3,1
201332L417313,1,9,0,17,0,0,1,0,1,7,1,1,6,2,8,1108,1,10,6,1
201332L419913,1,9,0,13,0,0,0,0,0,0,3,1,6,2,9,-1,-1,-1,4,3
201332L419913,2,9,0,13,0,0,1,0,7,11,1,1,6,1,8,1242,1,1,4,3
201332L419913,3,17,5,18,0,0,0,0,0,0,0,1,1,1,7,-1,-1,-1,2,3
201332L420013,1,9,0,4,0,1,0,0,0,0,1,1,6,1,-1,1242,1,7,9,1
201332L420013,2,9,0,10,0,1,0,0,0,0,2,1,6,2,-1,998,1,10,-1,-1
201332L420013,3,8,0,10,0,1,0,0,0,0,2,1,1,1,-1,1560,2,5,5,1
201332L422913,1,9,0,18,0,0,1,0,1,0,3,1,6,1,6,1364,1,7,4,2
201332L422913,2,9,0,2,0,0,0,0,0,0,2,1,2,1,8,1998,2,6,4,2
201332L423113,1,9,0,18,0,1,0,0,0,0,1,1,6,2,8,2184,2,11,5,3
201332L423113,2,9,0,18,0,1,0,0,1,9,3,1,6,1,11,1527,2,13,5,3
201332L423913,1,19,0,5,0,2,0,0,0,0,3,1,2,1,7,2402,2,8,1,1
201332L423913,2,9,0,18,0,8,1,0,0,0,1,1,2,2,4,1242,1,4,7,2
201332L424613,1,9,0,5,0,8,0,0,0,0,3,1,2,1,8,1396,1,14,4,3
201332L424613,2,11,0,18,0,1,0,0,0,0,1,1,1,1,9,-1,-1,-1,8,2
201332L425013,1,17,0,5,0,6,0,0,0,0,1,1,1,1,4,-1,2,16,5,3
201332L425013,2,21,1,18,0,1,0,0,0,0,4,1,1,1,8,-1,-1,-1,5,3
201332L429213,1,9,0,18,0,1,0,0,0,0,3,2,6,1,6,-1,-1,-1,-1,-1
201332L429313,1,9,0,18,0,1,0,0,0,0,0,1,6,3,6,-1,-1,-1,-1,-1
201332L429613,1,9,0,17,0,0,2,0,1,9,4,1,6,1,9,1560,2,7,3,3
201332L429713,1,9,0,17,0,8,2,0,8,10,3,1,6,2,8,1896,2,6,9,2
201332L430213,1,3,0,18,0,0,1,0,0,0,0,1,1,1,6,125,1,1,3,1
201332L430313,1,9,0,6,0,0,0,0,0,0,3,2,1,3,6,3189,1,9,4,1
201332L430313,2,2,0,18,0,0,0,0,0,0,1,1,1,1,4,49,1,16,8,1
201332L430913,1,9,0,5,0,4,0,0,0,0,1,1,2,1,8,1497,8,6,1,1
201332L430913,2,1,0,17,0,3,0,0,0,0,2,1,2,1,8,-1,-1,-1,2,1
201332L431813,1,9,0,6,0,0,0,0,0,0,1,1,6,2,7,-1,-1,-1,6,1
201332L431913,1,19,0,18,0,0,0,0,0,0,1,1,6,3,-1,-1,-1,-1,-1,-1
201332L432213,1,9,0,18,0,0,0,8,8,10,1,1,6,1,8,2495,2,9,3,3
201332L432213,2,9,0,18,0,0,0,0,0,0,2,1,6,1,4,-1,-1,-1,2,1
201332L433313,1,17,5,9,0,6,0,0,0,0,3,1,1,1,7,6728,2,3,6,3
201332L433313,2,9,0,18,0,1,0,0,0,0,1,1,6,1,10,1596,1,2,6,2
201332L433713,1,9,0,18,9,0,0,0,0,0,1,1,6,3,-1,-1,-1,-1,-1,-1
201332L433713,2,1,0,18,9,0,0,0,0,0,2,1,6,2,5,-1,-1,-1,1,1
201332L435013,1,9,0,18,0,0,1,0,7,10,4,1,6,1,6,-1,-1,-1,7,2
201332L435113,1,2,0,18,0,1,0,0,0,0,1,1,6,1,5,124,1,-1,4,1
201332L435113,2,19,0,9,0,1,0,0,0,0,2,1,6,1,4,2477,2,4,8,1
201332L436213,1,9,0,9,0,8,0,0,0,0,1,1,6,2,10,1364,1,4,-1,-1
201332L436213,2,9,0,18,0,8,0,0,0,0,1,1,6,2,8,1199,1,12,7,1
201332L438413,1,11,0,18,0,2,0,0,0,0,1,1,1,1,7,6700,2,3,8,1
201332L441413,1,9,0,9,0,1,0,0,0,0,1,1,6,1,11,1990,1,9,9,1
201332L441413,2,9,0,3,0,1,0,0,0,0,1,1,2,1,8,-1,-1,-1,9,2
201332L441513,1,9,0,18,0,0,0,0,0,0,0,1,6,3,-1,1061,1,8,-1,-1
201332L441513,2,1,0,18,0,0,0,0,0,0,4,1,6,1,8,-1,-1,-1,1,1
201332L441613,1,9,0,18,0,0,0,0,0,0,4,1,6,2,4,1229,1,8,2,1
201332L441813,1,19,0,18,0,8,0,0,0,0,1,1,1,1,6,2148,2,4,9,2
201332L441813,2,9,0,9,0,8,0,0,0,0,3,1,2,1,7,1596,1,13,2,1
201332L442013,1,9,0,9,0,5,0,0,0,0,0,1,1,1,8,1397,1,11,7,2
201332L442013,2,9,0,18,0,8,1,7,1,1,3,1,2,1,7,-1,-1,-1,7,1
201332L442013,3,11,0,10,0,6,0,0,0,0,3,1,1,1,8,-1,-1,-1,1,1
201332L442113,1,19,0,18,0,1,0,0,0,0,1,1,1,1,10,1997,2,9,9,1
201332L442113,2,9,0,10,0,2,0,0,8,9,2,1,6,2,7,1598,2,1,7,2
201332L442113,3,9,0,18,0,1,0,0,0,0,3,1,6,2,7,1587,1,5,2,1
201332L442713,1,9,0,18,0,0,0,0,1,3,1,1,1,1,6,1951,2,8,8,3
201332L442813,1,9,0,18,0,0,0,0,0,0,4,1,2,1,6,1910,2,7,9,3
201332L442913,1,11,0,7,3,0,0,0,0,0,3,1,1,1,8,4500,2,3,5,1
201332L443013,1,9,0,9,0,8,0,0,0,0,1,1,6,1,6,1998,1,8,8,1
201332L443013,2,9,0,18,0,8,0,0,0,0,1,1,6,2,4,1242,1,12,8,1
201332L443113,1,9,0,17,0,0,2,0,1,9,4,1,6,1,10,2179,2,-1,8,3
201332L443613,1,9,0,17,0,0,0,0,0,0,0,1,6,2,5,-1,-1,-1,1,1
201332L444213,1,9,0,18,0,0,1,0,7,0,1,1,6,1,7,2198,1,9,-1,-1
201332L444213,2,9,0,18,0,0,1,0,1,0,3,1,6,2,9,1398,2,10,8,1
201332L444713,1,9,0,18,0,3,0,0,0,0,1,1,6,2,5,1598,2,-1,-1,-1
201332L444713,2,9,0,3,0,3,0,0,0,0,2,1,6,1,7,998,1,16,4,1
201332L445213,1,9,0,16,0,0,1,0,1,0,1,1,2,2,4,1560,2,7,2,1
201332L445213,2,9,0,2,6,0,0,0,0,0,3,1,6,1,-1,-1,-1,-1,1,1
201332L445613,1,9,0,18,0,0,0,0,0,0,1,1,2,3,6,1591,1,5,8,2
201332L445613,2,9,0,18,0,0,0,0,0,0,2,1,2,1,7,1796,1,10,7,3
201332L445613,3,19,0,18,0,0,0,0,0,0,2,1,1,1,8,1968,2,-1,7,1
201332L445813,1,9,0,5,0,0,0,0,0,0,1,1,1,1,9,-1,-1,-1,7,3
201332L445813,2,2,0,18,0,0,0,0,0,0,3,1,1,1,7,49,1,9,7,2
201332L446313,1,9,0,18,0,0,0,0,0,0,1,1,6,1,8,1997,2,4,7,2
201332L446313,2,9,0,3,0,0,0,0,0,0,2,1,6,2,8,2179,2,-1,6,3
201332L447513,1,9,0,16,0,0,0,0,7,1,1,1,1,2,8,1119,1,18,1,1
201332L447513,2,9,0,17,0,0,0,0,0,0,0,1,6,3,-1,-1,-1,-1,-1,-1
201332L447613,1,9,0,14,0,0,0,0,0,0,0,1,6,3,-1,-1,-1,-1,-1,-1
201332L448313,1,9,0,18,0,0,0,0,0,0,2,1,3,2,6,1124,1,10,8,3
201332L448313,2,19,0,2,0,0,0,0,0,0,1,1,1,1,7,-1,-1,-1,2,1
201332L448613,1,9,0,9,0,8,0,0,0,0,3,1,6,2,10,1086,1,3,6,3
201332L448613,2,9,0,18,0,8,0,0,0,0,1,1,6,2,6,1360,1,7,5,1
201332L448813,1,9,0,18,0,0,1,0,7,10,0,1,6,1,4,1124,1,8,6,1
201332L450713,1,9,0,9,0,8,0,0,0,0,3,1,6,2,4,1149,1,11,3,1
201332L450713,2,3,0,18,0,8,2,0,0,0,1,1,6,1,6,-1,-1,-1,2,1
201332L450813,1,9,0,7,0,6,0,0,0,0,3,1,6,1,8,1596,1,10,5,1
201332L450813,2,1,0,18,0,8,0,0,0,0,1,1,6,2,9,-1,-1,-1,1,1
201332L454013,1,9,0,5,0,1,0,0,0,0,1,1,6,2,8,1242,1,10,-1,-1
201332L454013,2,9,0,5,0,1,0,0,0,0,2,1,6,2,-1,2993,2,7,-1,-1
201332L454613,1,9,0,18,0,0,0,0,0,0,0,1,6,2,7,-1,-1,-1,10,2
201332L454613,2,9,0,18,0,0,1,0,0,0,1,1,6,1,6,1910,2,8,9,3