Accident_Index,Vehicle_Reference,Vehicle_Type,Towing_and_Articulation,Vehicle_Manoeuvre,Vehicle_Location-Restricted_Lane,Junction_Location,Skidding_and_Overturning,Hit_Object_in_Carriageway,Vehicle_Leaving_Carriageway,Hit_Object_off_Carriageway,1st_Point_of_Impact,Was_Vehicle_Left_Hand_Drive?,Journey_Purpose_of_Driver,Sex_of_Driver,Age_Band_of_Driver,Engine_Capacity_(CC),Propulsion_Code,Age_of_Vehicle,Driver_IMD_Decile,Driver_Home_Area_Type
201332L454613,3,9,0,18,0,0,1,0,0,0,1,1,6,2,6,-1,-1,-1,4,2
201332L457913,1,9,0,5,4,2,0,0,0,0,3,1,6,1,6,-1,-1,-1,2,1
201332L457913,2,1,0,18,4,8,0,0,0,0,1,1,4,1,3,-1,-1,-1,3,1
201332L458513,1,3,0,18,0,1,0,0,0,0,1,1,6,1,4,125,1,1,6,2
201332L458513,2,19,0,9,0,6,0,0,0,0,3,2,6,1,7,1998,2,9,-1,-1
201332L459813,1,9,0,18,0,0,0,10,1,10,4,1,6,1,4,1597,1,14,7,3
201332L459813,2,11,0,18,0,0,0,0,0,0,0,1,1,1,-1,-1,2,15,-1,-1
201332L461213,1,9,0,17,0,0,0,0,7,11,1,2,2,1,7,1997,2,9,2,1
201332L461513,1,9,0,4,9,5,0,0,0,0,0,1,1,1,6,1753,2,12,6,3
201332L461613,1,9,0,18,0,8,0,0,0,0,1,1,6,1,8,-1,-1,-1,6,3
201332L462313,1,9,0,15,0,1,0,0,0,0,0,1,6,1,5,1968,2,1,8,1
201332L462513,1,9,0,9,0,1,0,0,0,0,1,1,6,2,7,1397,1,2,7,2
201332L462513,2,19,0,18,0,1,0,0,0,0,1,1,6,1,5,-1,-1,-1,8,1
201332L462513,3,9,0,3,0,1,0,0,0,0,1,1,6,1,8,1998,1,-1,2,1
201332L462813,1,9,0,18,0,0,0,0,0,0,4,1,6,1,4,1796,1,4,6,3
201332L467613,1,9,0,16,0,1,0,0,0,0,2,2,1,1,6,1973,1,15,6,3
201332L467613,2,9,0,5,0,2,0,0,0,0,0,2,1,1,8,2143,2,3,-1,-1
201332L468013,1,9,0,18,0,8,0,0,0,0,1,1,2,2,8,1582,2,3,6,3
201332L469213,1,2,0,3,0,1,0,0,0,0,1,1,6,1,7,125,1,1,6,1
201332L469213,2,9,0,3,0,1,0,0,0,0,2,1,6,1,8,998,1,7,6,1
201332L469313,1,2,0,4,0,1,5,11,0,0,0,1,2,2,4,49,1,2,4,2
201332L469513,1,9,0,4,0,0,0,0,0,0,2,1,6,1,4,1242,1,6,6,1
201332L469513,2,9,0,4,0,0,0,0,0,0,1,1,6,1,8,-1,-1,-1,5,1
201332L469513,3,9,0,18,0,0,0,0,0,0,1,1,6,2,7,-1,-1,-1,5,3
201332L470013,1,9,0,4,0,0,1,0,0,0,1,1,6,1,4,1242,1,11,1,2
201332L470013,2,9,0,3,0,0,0,0,0,0,2,1,6,1,9,1995,2,5,8,1
201332L470613,1,9,0,3,0,1,0,0,0,0,2,1,6,2,5,1364,2,6,-1,-1
201332L470613,2,9,0,18,0,1,0,0,0,0,1,1,6,3,6,1598,1,7,-1,-1
201332L471113,1,9,0,17,0,0,2,0,2,10,1,1,6,2,7,1560,2,3,6,2
201332L471313,1,9,0,9,0,7,0,0,0,0,4,1,6,1,10,1596,1,12,3,1
201332L471313,2,1,0,18,0,1,0,0,0,0,4,1,6,2,5,-1,-1,-1,3,1
201332L476313,1,9,0,13,0,0,0,0,0,0,1,1,1,1,8,-1,-1,-1,5,3
201332L476313,2,17,4,18,0,0,1,0,0,0,2,1,6,1,9,-1,-1,-1,9,1
201332L477913,1,9,0,9,0,1,0,0,0,0,1,1,1,1,9,-1,-1,-1,8,1
201332L477913,2,8,0,18,0,2,0,0,0,0,1,1,1,1,9,-1,-1,-1,2,1
201332L479813,1,9,0,18,0,0,0,0,7,9,4,1,6,1,7,1560,2,2,6,2
201332L479813,2,19,0,18,0,0,0,0,1,9,2,1,1,1,10,1870,2,9,7,3
201332L480313,1,9,0,3,0,1,0,0,0,0,0,1,1,1,8,-1,-1,-1,6,1
201332L480313,2,1,0,18,0,8,0,0,0,0,0,1,6,2,5,-1,-1,-1,4,1
201332L480513,1,9,0,18,0,1,0,0,0,0,1,1,2,1,8,1668,1,11,1,1
201332L480513,2,9,0,18,0,1,0,0,0,0,4,1,6,2,9,2198,2,7,2,1
201332L481813,1,9,4,7,0,8,0,0,0,0,4,1,6,1,5,2497,2,16,-1,-1
201332L482813,1,9,0,18,0,0,0,0,0,0,1,1,6,1,6,1968,2,-1,9,1
201332L482813,2,9,0,18,0,0,5,0,1,10,1,1,6,2,4,1242,1,11,6,3
201332L483213,1,9,0,5,0,1,0,0,0,0,1,1,6,1,11,1390,1,15,1,1
201332L483213,2,1,0,18,0,1,0,0,0,0,1,1,6,1,8,-1,-1,-1,4,1
201332L483413,1,9,0,9,0,6,0,0,0,0,1,1,6,1,10,-1,-1,-1,6,3
201332L483413,2,9,0,18,0,1,0,0,0,0,3,2,6,2,8,1986,2,6,10,2
201332L483513,1,9,0,18,0,0,0,4,0,0,1,1,6,1,11,1797,8,2,2,1
201332L483513,2,20,0,2,9,0,0,0,0,0,2,1,6,3,6,5861,2,14,1,1
201332L483613,1,9,0,18,0,6,0,0,0,0,3,1,2,1,4,1229,1,5,5,1
201332L483613,2,9,0,18,0,8,0,0,0,0,1,1,6,2,5,1242,1,11,2,1
201332L488113,1,9,0,18,0,0,0,4,0,0,1,1,6,1,10,1997,2,12,8,1
201332L488113,2,9,0,2,0,0,0,0,0,0,2,1,6,2,9,1397,1,12,7,1
201332L488213,1,9,0,18,0,0,0,0,0,0,1,1,6,2,10,1086,1,7,2,1
201332L488213,2,19,0,2,9,0,0,0,0,0,2,1,1,1,6,2402,2,4,8,1
201332L488213,3,19,0,2,9,0,0,0,0,0,4,1,1,1,7,-1,-1,-1,9,1
201332L488313,1,9,0,18,0,8,1,0,1,11,1,1,1,1,5,1598,1,10,5,3
201332L488313,2,9,0,9,0,8,0,0,0,0,2,1,1,2,7,1599,1,9,6,3
201332L489113,1,9,0,18,0,8,5,0,7,9,1,1,6,2,7,1896,2,12,9,2
201332L489113,2,9,0,18,0,8,5,0,7,9,4,1,6,2,7,1995,2,8,1,2
201332L489513,1,9,0,18,0,8,1,0,0,0,1,1,6,1,5,1598,1,9,2,1
201332L489513,2,19,0,18,0,8,1,0,1,10,3,1,6,1,6,1686,2,9,2,1
201332L489513,3,9,0,2,0,1,0,0,0,0,3,1,6,2,-1,1397,1,4,-1,-1
201332L489613,1,9,0,5,0,6,0,0,0,0,1,1,6,1,6,1597,1,13,2,1
201332L489613,2,9,0,18,0,1,0,0,0,0,3,1,1,2,8,-1,-1,-1,6,3
201332L490013,1,2,0,4,0,0,0,0,0,0,0,1,6,2,4,49,1,3,5,3
201332L490413,1,8,0,18,0,0,0,0,0,0,1,1,1,1,8,1998,2,7,10,2
201332L490913,1,9,0,5,0,2,0,0,0,0,1,1,6,2,8,1796,1,9,7,1
201332L493213,1,9,0,16,0,0,0,0,1,0,1,1,6,1,4,1242,1,6,6,3
201332L493313,1,9,0,16,0,1,0,0,0,0,3,1,6,1,9,1596,1,15,-1,-1
201332L493313,2,9,0,17,0,1,0,0,0,0,3,1,6,2,7,1998,2,15,8,3
201332L493513,1,9,0,5,0,8,0,0,1,0,3,1,6,1,5,1242,1,5,3,1
201332L493513,2,9,0,18,0,8,0,0,4,0,1,1,6,2,8,2688,2,12,3,3
201332L493613,1,9,0,17,0,0,0,0,7,4,4,1,6,1,5,-1,-1,-1,10,2
201332L497313,1,9,0,5,0,0,0,0,0,0,3,1,6,1,6,1364,2,6,2,1
201332L497313,2,9,0,18,0,0,0,0,0,0,4,1,6,2,7,1368,1,4,3,1
201332L498013,1,9,0,5,0,6,0,0,0,0,1,1,6,1,6,1242,1,1,4,1
201332L498013,2,9,0,18,0,8,0,0,0,0,3,1,2,1,6,2967,2,6,6,3
201332L500513,1,9,0,5,0,1,0,0,0,10,1,1,6,1,6,1497,1,13,6,1
201332L500513,2,9,0,18,0,1,0,0,0,0,1,1,2,1,7,-1,-1,-1,2,1
201332L500613,1,9,0,18,0,0,5,0,0,0,3,1,6,2,6,1461,2,4,10,2
201332L501013,1,9,0,3,0,0,0,0,0,0,1,1,6,1,9,2830,2,19,6,1
201332L501013,2,9,0,3,0,0,0,0,0,0,1,1,6,1,10,1461,2,5,8,2
201332L501013,3,9,0,3,0,0,0,0,0,0,2,1,6,1,7,1590,1,8,-1,-1
201332L501313,1,9,0,1,0,1,0,0,0,0,2,1,6,1,10,3456,8,1,6,3
201332L501313,2,9,0,3,0,1,0,0,0,0,1,1,6,2,6,1686,2,12,7,1
201332L501713,1,9,0,17,0,0,2,0,1,0,0,1,6,2,5,-1,-1,-1,-1,-1
201332L502213,1,9,0,18,0,1,0,0,0,0,0,1,1,1,7,1896,2,4,9,3
201332L502213,2,9,0,7,0,8,0,0,7,4,1,1,6,1,6,1587,1,10,3,1
201332L504513,1,9,0,18,0,6,0,0,0,0,1,1,6,2,-1,1248,1,3,2,1
201332L504513,2,9,0,4,0,1,0,0,0,0,3,1,6,1,8,1587,1,13,3,1
201332L504813,1,9,0,1,0,0,0,0,0,0,2,1,6,1,9,1834,1,14,2,1
201332L504813,2,9,0,2,0,0,0,0,0,0,2,1,6,1,9,-1,-1,-1,7,1
201332L505913,1,9,0,3,0,4,0,0,0,0,1,1,6,1,8,3239,1,18,3,1
201332L505913,2,9,0,3,0,4,0,0,0,0,2,1,6,2,6,1968,2,2,6,1
201332L505913,3,9,0,18,0,4,0,0,0,0,0,1,6,2,5,1596,1,8,10,1
201332L506213,1,9,0,10,0,0,0,0,0,0,2,1,1,1,7,-1,-1,-1,-1,-1
201332L506213,2,9,0,18,0,0,0,0,0,0,1,1,6,3,-1,-1,-1,-1,-1,-1
201332N000513,1,9,0,18,0,1,2,0,1,0,4,1,6,1,5,1995,2,9,5,3
201332N000513,2,9,0,18,0,2,1,0,3,0,1,1,6,2,10,2401,2,9,10,1
201332N001313,1,9,0,18,0,0,5,0,1,0,1,2,6,1,6,-1,-1,-1,5,3
201332N001313,2,9,0,18,0,0,5,0,1,0,2,2,2,1,5,1560,2,8,-1,-1
201332N001613,1,1,0,18,0,8,0,0,0,0,1,1,2,1,4,-1,-1,-1,7,1
201332N001613,2,9,0,10,0,8,0,0,0,0,4,1,1,2,8,1364,1,4,1,1
201332N002913,1,9,0,3,0,4,0,0,0,0,1,1,6,1,7,1686,2,1,4,1
201332N002913,2,9,0,5,0,4,0,0,0,0,2,1,6,1,10,1497,1,11,1,1
201332N003113,1,2,0,16,0,0,1,0,0,0,4,1,6,1,4,50,1,1,6,3
201332N003213,1,9,0,18,0,0,0,0,1,4,1,1,1,1,7,1398,1,1,3,1
201332N003213,2,9,0,18,0,0,0,0,0,0,0,1,6,3,-1,-1,-1,-1,-1,-1
201332N003913,1,9,0,18,0,0,5,0,1,9,0,1,2,2,8,1149,1,5,10,1
201332N004113,1,9,0,18,0,0,0,4,0,0,1,1,6,1,6,1388,1,8,5,1
201332N004113,2,21,1,2,0,0,0,0,0,0,2,2,6,1,8,-1,-1,-1,-1,-1
201332N005513,1,9,0,18,9,0,0,0,0,0,0,1,6,3,-1,-1,-1,-1,-1,-1
201332N005513,2,9,0,18,0,0,0,0,1,4,1,1,6,2,4,1199,1,11,4,2
201332N006513,1,9,0,9,0,6,0,0,0,0,3,1,4,1,4,-1,-1,-1,6,2
201332N006513,2,9,0,18,0,8,0,0,0,0,1,1,6,1,10,1108,1,11,7,2
201332N006513,3,9,0,7,0,5,0,0,0,0,0,1,6,3,-1,-1,-1,-1,-1,-1
201332N007113,1,9,0,18,0,0,1,0,7,0,1,1,2,2,8,1299,1,9,7,1
201332N007113,2,9,0,18,0,0,0,0,0,0,1,1,6,1,10,-1,-1,-1,3,1
201332N007113,3,9,0,3,0,0,0,0,0,0,3,1,2,1,6,1198,1,7,5,3
201332N007713,1,9,0,14,0,0,0,0,0,0,3,1,6,2,7,2204,2,5,7,3
201332N008813,1,21,1,18,0,0,0,4,0,0,1,1,1,1,6,10518,2,8,3,1
201332N008813,2,9,0,2,0,0,0,4,0,0,2,1,2,2,6,1360,1,2,10,2
201332N008813,3,9,0,2,0,0,0,0,0,0,2,1,2,2,7,1986,2,7,9,3
201332N009613,1,9,0,16,0,1,0,0,0,0,1,1,6,2,7,1396,1,13,-1,-1
201332N009613,2,9,0,18,0,1,0,0,0,0,1,1,6,2,7,1596,1,3,9,2
201332N009913,1,9,0,18,0,1,0,0,3,11,1,1,6,1,5,1560,2,5,3,1
201332N010313,1,9,0,4,0,0,0,0,0,0,1,1,1,2,4,1149,1,9,8,1
201332N010313,2,9,0,4,0,0,0,0,0,0,2,1,2,1,-1,1998,2,6,9,2
201332N010613,1,9,0,3,0,0,0,0,0,0,4,1,2,2,8,1595,1,12,4,1
201332N010613,2,1,0,15,0,0,5,8,0,0,1,1,6,1,8,-1,-1,-1,4,1
201332N011913,1,9,0,18,0,2,0,0,0,0,1,1,6,3,-1,-1,-1,-1,-1,-1
201332N011913,2,1,0,18,0,2,0,0,0,0,1,1,4,1,3,-1,-1,-1,2,1
201332N012013,1,9,0,16,0,8,0,0,0,0,1,1,6,1,7,-1,-1,-1,7,1
201332N012013,2,9,0,17,0,8,0,0,0,0,3,1,2,2,7,-1,-1,-1,7,2
201332N012813,1,98,0,1,0,0,0,0,0,0,3,1,1,1,8,-1,-1,-1,6,2
201332N013113,1,19,0,16,0,0,1,0,0,0,1,1,2,1,7,2402,2,10,6,2
201332N013113,2,9,0,17,0,0,0,0,1,0,1,1,2,2,8,-1,-1,-1,8,1
201332N013813,1,9,0,18,0,1,0,0,7,0,1,1,2,1,8,1968,2,4,10,2
201332N013813,2,9,0,18,0,8,5,0,1,10,3,1,6,1,9,1560,2,3,6,2
201332N014513,1,9,0,18,0,8,0,0,0,0,1,1,6,2,7,1124,1,14,6,1
201332N014513,2,9,0,9,0,8,0,0,0,0,1,1,6,2,10,1586,1,5,6,3
201332N014813,1,9,0,13,0,1,0,0,0,0,4,1,2,1,6,1968,2,10,7,1
201332N014813,2,9,0,9,0,1,0,0,0,0,1,1,6,2,4,1997,2,12,6,3
201332N015513,1,9,0,18,0,0,1,0,7,11,3,1,6,2,5,1299,1,10,-1,-1
201332N015513,2,9,0,18,0,0,1,0,0,0,1,1,6,1,4,1360,1,13,9,1
201332N015513,3,9,0,18,0,0,0,0,0,0,1,1,6,2,7,1328,1,10,3,1
201332N017813,1,9,0,18,0,1,0,0,0,0,1,1,2,2,6,1229,1,9,8,1
201332N017813,2,9,0,10,0,1,0,0,0,0,2,1,2,2,8,875,1,1,8,3
201332N017813,3,21,1,10,0,1,0,0,0,0,3,1,1,1,8,-1,-1,-1,5,3
201332N017813,4,9,0,18,0,1,0,0,1,11,3,1,2,2,8,1493,2,4,7,1
201332N018413,1,9,0,18,0,0,0,1,1,0,1,1,6,2,5,1240,1,10,3,1
201332N018413,2,9,0,2,0,0,0,0,1,0,2,1,6,1,5,1349,1,2,-1,-1
201332N020413,1,9,0,18,0,4,1,0,0,0,1,1,6,1,6,1995,2,7,1,1
201332N020413,2,9,0,9,0,8,0,0,0,0,2,1,2,1,7,1390,1,11,7,1
201332N021313,1,9,0,18,0,0,1,0,1,4,1,1,6,1,7,-1,-1,-1,1,1
201332N023013,1,9,0,17,0,0,1,0,1,4,3,1,6,2,6,1248,2,6,5,2
201332N024113,1,9,0,18,0,1,1,0,7,2,4,2,1,1,6,1896,2,3,6,1
201332N026313,1,9,0,18,6,5,0,0,0,0,0,1,6,1,8,2143,2,-1,6,1
201332N026313,2,21,0,18,0,1,0,0,0,0,2,1,1,1,-1,10837,2,2,-1,-1
201332N026313,3,21,2,18,0,1,0,0,4,6,1,1,1,1,8,12780,2,7,7,3
201332N026813,1,9,0,9,0,8,0,0,0,0,3,1,1,2,7,1997,2,2,9,3
201332N026813,2,3,0,18,0,1,0,0,0,0,1,1,1,1,4,125,1,2,9,2
201332N026913,1,9,0,18,0,1,1,0,1,11,1,1,6,2,5,1242,1,13,5,1
201332N026913,2,9,0,10,0,5,0,0,0,0,2,1,6,1,5,1995,2,1,7,1
201332N027013,1,9,4,3,0,0,0,0,0,0,1,1,6,2,5,1199,1,10,7,3
201332N027013,2,9,0,3,0,0,0,0,0,0,2,1,6,1,11,1461,2,6,-1,-1
201332N027113,1,9,0,5,0,6,0,0,0,0,4,1,2,1,9,2400,2,3,10,1
201332N027113,2,9,0,18,0,8,1,0,0,0,1,1,6,2,10,796,1,13,8,1
201332N027213,1,9,0,16,0,0,0,0,0,0,1,1,6,2,9,1329,1,4,8,1
201332N027213,2,9,0,16,0,0,0,0,0,0,2,1,1,2,6,1388,1,12,6,1
201332N027813,1,9,0,18,0,0,5,0,5,6,3,1,6,1,4,1910,2,9,-1,-1
201332N027813,2,9,0,18,0,0,0,0,0,0,1,1,6,3,-1,-1,-1,-1,-1,-1
201332N027913,1,9,0,18,0,0,0,0,0,0,4,1,6,1,8,1753,2,3,4,1
201332N027913,2,9,0,18,0,0,0,0,1,9,3,1,6,1,7,-1,-1,-1,-1,-1
201332N028013,1,9,0,18,0,0,1,0,1,10,1,1,6,2,8,973,1,10,9,1
201332N028213,1,9,0,17,0,0,0,0,2,7,1,1,6,2,4,1229,1,6,9,3
201332N028313,1,9,0,18,0,0,0,0,0,0,4,1,2,1,8,1998,1,12,6,3
201332N028313,2,1,0,18,0,0,5,0,0,0,2,1,6,1,11,-1,-1,-1,6,3
201332N030213,1,9,0,18,0,1,0,0,0,0,1,1,6,2,-1,-1,-1,-1,7,1
201332N030213,2,9,0,10,0,1,0,0,0,0,2,1,6,2,6,1242,1,11,6,1
201332N030813,1,9,0,9,0,3,0,0,0,0,1,1,6,1,9,1995,2,13,10,1
201332N032713,1,9,0,18,0,0,1,0,0,0,1,1,3,2,7,1587,1,10,10,1
201332N033313,1,9,0,9,7,0,0,0,0,0,0,1,6,3,-1,1753,2,6,-1,-1
201332N033313,2,9,0,18,0,0,0,0,0,0,2,1,6,2,6,1390,1,11,6,1
201332N033313,3,9,0,18,0,0,0,0,0,0,1,1,6,2,8,1108,1,10,7,3
201332N034413,1,4,0,17,0,0,1,0,1,0,3,1,6,1,7,-1,-1,-1,4,2
201332N034813,1,9,0,12,0,0,0,0,0,0,1,1,6,1,4,-1,-1,-1,3,1
201332N034813,2,1,0,18,0,0,0,0,0,0,1,1,6,1,8,-1,-1,-1,10,2
201332N035713,1,9,0,1,0,6,0,0,0,0,2,1,6,1,10,2188,2,11,6,2
201332N035713,2,9,0,2,0,1,0,0,0,0,1,1,6,2,6,1900,2,12,6,2
201332N036613,1,9,0,18,0,1,1,0,7,2,3,1,1,1,6,1997,2,11,1,1
201332N036913,1,8,0,1,0,0,0,0,0,0,2,1,1,1,-1,-1,-1,-1,-1,-1
201332N038013,1,9,0,18,0,0,0,0,0,0,4,1,6,3,-1,-1,-1,-1,-1,-1
201332N038113,1,9,0,13,0,0,0,0,0,0,2,1,2,1,6,-1,-1,-1,10,2
201332N038113,2,9,0,18,0,0,1,0,1,4,3,1,2,1,9,2987,2,6,8,3
201332N038213,1,19,0,18,0,0,0,0,0,0,1,1,6,1,8,2402,2,7,3,1
201332N038213,2,9,0,18,0,0,0,0,0,0,1,1,6,1,6,1388,1,2,6,2
201332N038213,3,19,0,18,0,0,0,0,1,4,1,1,6,1,8,2143,2,3,2,1
201332N038213,4,19,0,18,0,0,0,0,0,0,1,1,6,1,9,-1,-1,-1,3,2
201332N038213,5,21,1,18,0,0,0,0,0,0,1,1,6,1,7,10518,2,5,4,1
201332N038213,6,9,0,18,0,0,0,0,0,0,1,1,6,1,5,2378,7,9,10,1
201332N038213,7,9,0,18,0,0,0,0,0,0,1,1,6,1,4,973,1,10,9,1
201332N038213,8,19,0,18,0,0,0,0,0,0,1,1,6,1,5,1896,2,7,4,2
201332N039013,1,9,0,13,0,0,0,0,0,0,0,1,2,1,4,1796,1,13,8,1
201332N040213,1,9,0,17,0,1,2,0,1,10,1,1,6,2,5,1388,1,9,8,1
201332N040813,1,9,0,9,0,8,0,0,0,0,0,1,6,2,6,1390,1,7,9,1
201332N040813,2,1,0,18,0,8,0,0,0,0,3,1,6,2,7,-1,-1,-1,-1,-1
201332N041413,1,9,0,18,0,0,0,0,1,4,1,1,6,1,6,1422,2,8,8,2
201332N041713,1,9,0,13,0,0,5,0,0,0,1,1,1,1,9,1997,1,8,5,1
201332N042113,1,9,0,17,0,0,1,0,1,4,4,1,6,2,4,1199,1,12,9,2
201332N042813,1,19,0,18,0,0,2,4,0,0,1,1,1,1,4,-1,-1,-1,10,1
201332N042813,2,21,4,2,6,0,0,0,1,0,1,1,1,1,7,3920,2,9,4,1
201332N043113,1,9,0,18,0,0,1,0,1,4,1,1,6,2,5,1242,1,12,2,1
201332N044313,1,9,0,3,0,1,0,0,0,0,2,1,2,1,6,1242,1,12,4,1
201332N044313,2,9,0,3,0,1,0,4,0,0,2,1,2,2,8,1248,1,4,7,1
201332N044313,3,19,4,18,0,1,0,4,0,0,1,1,2,1,-1,2198,2,3,-1,-1
201332N046313,1,9,0,16,0,0,2,0,1,9,1,1,2,2,6,1587,1,11,7,2
201332N046613,1,9,0,16,0,0,2,0,7,4,1,2,6,2,7,1199,1,10,1,1
201332N046713,1,9,0,18,0,0,1,0,1,4,4,1,6,1,8,1998,2,9,8,3
201332N047213,1,9,0,17,0,2,0,0,1,11,4,1,6,2,7,1596,1,9,10,1
201332N048613,1,9,0,18,0,1,1,0,1,1,3,1,1,1,5,-1,-1,-1,7,2
201332N048613,2,17,4,18,0,6,0,0,0,0,0,1,1,1,-1,8292,2,2,-1,-1
201332N049113,1,3,0,4,0,0,1,0,1,2,1,1,2,1,5,125,1,2,-1,-1
201332N051013,1,9,0,18,0,2,0,0,0,0,1,1,6,1,7,1998,1,14,9,3
201332N051013,2,9,0,9,0,5,0,0,0,0,4,1,6,1,11,1275,1,29,6,1
201332N051213,1,9,0,16,0,0,5,0,1,0,0,1,2,1,6,1386,1,5,5,1
201332N051213,2,9,0,17,0,0,0,0,0,0,0,1,6,2,-1,-1,-1,-1,-1,-1
201332N051313,1,9,0,18,0,4,0,0,0,1,1,1,6,1,6,1391,1,17,1,1
201332N051413,1,9,0,13,0,0,0,10,1,4,4,1,6,2,8,1560,2,6,9,2
201332N051413,2,9,0,18,0,0,0,0,0,0,3,1,6,1,6,1998,1,11,7,1
201332N051713,1,9,0,5,0,1,0,0,0,0,1,1,6,2,10,-1,-1,-1,10,1
201332N051713,2,1,0,18,0,1,0,0,0,0,3,1,6,1,8,-1,-1,-1,10,1
201332N051813,1,9,0,16,0,0,2,0,1,1,1,1,6,1,8,-1,-1,-1,2,1
201332N053413,1,9,0,18,0,0,5,0,1,10,1,1,6,2,4,998,1,8,4,3
201332N053713,1,9,0,18,0,1,0,0,0,0,1,1,6,2,4,1199,1,11,9,3
201332N053713,2,9,0,10,0,5,0,0,0,0,2,1,6,1,6,1461,2,10,1,1
201332N054913,1,9,0,18,0,0,1,0,7,9,1,1,2,1,6,973,1,12,5,3
201332N054913,2,1,0,18,0,0,5,0,0,0,1,1,6,1,7,-1,-1,-1,10,1
201332N055113,1,9,0,14,0,0,0,0,0,0,4,1,6,2,-1,-1,-1,-1,-1,-1
201332N055213,1,20,0,18,0,0,0,0,0,0,1,1,1,1,-1,-1,-1,-1,-1,-1
201332N055213,2,19,0,18,0,0,0,0,0,0,2,2,1,1,6,2198,2,1,1,1
201332N055613,1,9,0,4,0,8,0,0,1,0,2,1,6,2,10,1242,1,13,4,1
201332N055613,2,9,0,18,0,1,0,0,0,0,2,1,6,1,8,1781,1,12,-1,3
201332N055613,3,9,0,18,0,1,0,0,0,0,1,1,6,1,7,3222,2,8,10,1
201332N055613,4,9,0,18,8,1,0,0,0,0,2,1,6,2,7,1796,1,4,10,2
201332N056013,1,9,0,4,0,1,0,0,0,0,1,1,2,2,8,1560,2,6,9,1
201332N056013,2,21,0,18,0,1,0,0,0,0,4,1,1,1,10,-1,2,7,6,2
201332N056113,1,9,0,18,0,2,0,4,0,0,1,1,3,2,4,973,1,11,9,2
201332N056113,2,21,1,2,0,2,0,0,0,0,2,1,1,1,8,-1,-1,-1,-1,-1
201332N056913,1,9,0,18,0,0,0,0,1,0,4,1,2,2,5,1124,1,9,4,1
201332N056913,2,9,0,18,0,0,0,0,1,0,4,1,6,1,5,-1,-1,-1,2,1
201332N058113,1,9,0,18,0,1,0,0,2,3,1,1,6,1,10,2435,1,6,8,2
201332N060213,1,19,0,7,0,6,0,0,0,0,2,1,1,1,7,1686,2,2,6,3
201332N060213,2,1,0,18,0,1,0,0,0,0,1,1,6,1,6,-1,-1,-1,1,1
201332N060713,1,9,0,4,0,0,0,0,0,0,2,2,6,2,9,1396,1,18,9,2
201332N060713,2,9,0,4,0,0,1,0,7,3,1,2,6,2,7,1998,1,11,7,2
201332N061213,1,9,0,16,0,0,1,0,7,9,2,1,1,1,5,1199,1,13,10,3
201332N062113,1,9,0,18,0,1,0,0,0,0,1,1,1,1,9,-1,-1,-1,7,1
201332N062113,2,9,0,10,0,1,0,0,0,0,2,1,1,1,4,1397,1,12,7,1
201332N062813,1,10,0,18,0,0,0,0,0,0,4,1,6,3,-1,-1,-1,-1,-1,-1
201332N062913,1,9,0,5,9,0,0,0,7,10,1,1,2,2,8,1896,2,12,6,1
201332N064613,1,9,0,16,0,0,0,0,7,0,1,2,6,1,5,1596,1,10,2,1
201332N064613,2,9,0,17,0,0,0,0,0,0,2,2,6,1,4,-1,-1,-1,8,1
201332N067813,1,9,0,18,0,1,0,0,0,0,1,1,6,2,7,1390,1,12,3,1
201332N067813,2,9,0,9,0,6,0,0,0,0,3,1,6,2,5,3498,1,8,8,3
201332N068513,1,9,0,18,0,2,0,0,0,0,1,1,6,1,4,1596,1,11,6,1
201332N068513,2,9,0,4,0,1,0,0,0,0,1,1,6,1,7,1560,2,1,3,1
201332N069913,1,9,0,10,0,8,0,0,7,0,2,1,6,2,10,1598,1,4,9,2
201332N069913,2,9,0,18,0,1,0,0,0,0,1,1,6,2,4,1086,1,3,7,3
201332N070113,1,9,0,1,0,0,0,0,0,0,2,1,6,1,10,1997,2,1,7,3
201332N070313,1,9,0,18,0,0,0,0,0,0,1,1,6,1,11,1598,1,13,7,1
201332N070313,2,9,0,2,0,0,0,0,0,0,1,1,6,1,10,996,1,2,4,1
201332N070313,3,9,0,2,0,0,0,0,0,0,2,1,6,1,10,2401,2,7,7,1
201332N070713,1,21,1,18,0,0,0,4,0,0,1,1,1,1,8,11705,2,11,6,2
201332N070713,2,21,1,2,0,0,0,0,1,0,2,1,1,1,7,12580,2,8,5,3
201332N072513,1,9,0,18,0,8,5,0,1,11,3,1,6,1,4,1242,1,7,9,2
201332N072513,2,9,0,18,0,8,0,0,0,0,1,1,6,1,8,1997,2,14,7,1
201332N072613,1,19,0,18,7,0,5,0,1,4,1,1,6,1,7,-1,-1,-1,5,2
201332N072913,1,9,0,18,0,1,0,0,0,0,1,1,6,1,11,1108,1,10,8,1
201332N072913,2,1,0,9,0,1,5,0,0,0,2,1,6,2,7,-1,-1,-1,6,1
201332N073313,1,9,0,18,9,1,1,0,1,10,1,1,6,1,4,2521,1,7,-1,-1