Accident_Index,Vehicle_Reference,Vehicle_Type,Towing_and_Articulation,Vehicle_Manoeuvre,Vehicle_Location-Restricted_Lane,Junction_Location,Skidding_and_Overturning,Hit_Object_in_Carriageway,Vehicle_Leaving_Carriageway,Hit_Object_off_Carriageway,1st_Point_of_Impact,Was_Vehicle_Left_Hand_Drive?,Journey_Purpose_of_Driver,Sex_of_Driver,Age_Band_of_Driver,Engine_Capacity_(CC),Propulsion_Code,Age_of_Vehicle,Driver_IMD_Decile,Driver_Home_Area_Type
201332N073413,1,9,0,16,0,1,1,0,0,0,1,1,6,1,4,1596,1,13,7,3
201332N073413,2,9,0,17,0,1,0,0,0,0,1,1,6,2,6,1560,2,2,9,3
201332N073513,1,9,0,17,0,0,2,0,1,0,4,1,1,1,4,-1,-1,-1,5,2
201332N074113,1,9,0,16,0,0,2,0,7,9,1,1,1,2,7,1490,1,5,7,1
201332N075113,1,9,0,18,0,1,1,0,0,0,1,1,6,1,4,-1,-1,-1,4,2
201332N075113,2,9,0,4,0,1,0,0,0,0,2,1,6,1,7,-1,-1,-1,8,2
201332N075413,1,9,0,17,0,0,0,0,7,0,1,1,6,2,4,1242,1,10,10,1
201332N075513,1,19,3,17,0,0,0,0,0,0,0,1,1,1,8,3000,2,7,4,3
201332N075513,2,9,0,18,0,0,1,0,1,4,1,1,6,2,4,1199,1,10,10,1
201332N075513,3,19,0,18,0,0,1,0,1,0,1,1,1,1,8,2148,2,4,9,2
201332N075713,1,4,0,17,0,0,0,0,0,0,3,1,6,1,4,498,1,9,7,1
201332N075713,2,9,0,16,0,0,0,0,0,0,3,1,6,1,10,-1,-1,-1,9,2
201332N075713,3,9,0,4,0,0,0,0,0,0,2,1,6,1,6,1296,1,5,7,1
201332N078013,1,9,0,4,0,0,0,0,0,0,1,1,1,2,6,999,1,-1,-1,-1
201332N080213,1,9,0,17,0,0,2,0,1,0,0,1,2,2,5,998,1,25,9,3
201332N080413,1,9,0,14,0,2,0,0,0,0,1,2,6,1,11,1910,2,7,7,3
201332N080413,2,9,0,18,0,2,0,0,0,0,3,2,6,2,9,1783,1,8,7,3
201332N080613,1,19,0,18,0,8,0,0,0,0,4,1,1,1,-1,-1,-1,-1,-1,-1
201332N082813,1,9,0,18,0,0,0,0,0,0,1,2,6,2,8,1586,1,9,-1,-1
201332N083713,1,9,0,13,0,0,0,0,0,0,1,1,6,1,-1,1796,1,14,-1,-1
201332N083713,2,9,0,4,0,0,0,0,0,0,1,1,6,1,8,1997,2,2,6,3
201332N085813,1,9,0,18,0,1,0,0,1,2,1,1,1,2,5,998,1,7,5,1
201332N085913,1,9,0,9,0,8,0,0,0,0,1,1,6,2,4,1461,2,8,10,1
201332N085913,2,9,0,18,0,8,0,0,1,11,1,1,1,1,4,-1,-1,-1,2,1
201332N086013,1,3,0,18,0,0,0,0,0,0,0,1,6,2,4,124,1,12,10,1
201332N086313,1,9,0,18,0,3,2,0,1,4,1,1,6,1,5,-1,-1,-1,-1,-1
201332N086413,1,9,0,18,0,1,1,0,7,1,1,1,6,1,8,1560,2,4,5,1
201332N088013,1,9,0,18,0,0,1,0,0,0,1,1,6,1,4,1798,1,12,9,1
201332N088013,2,9,0,18,0,0,0,0,1,0,1,1,6,1,10,1298,1,11,7,3
201332N088013,3,9,0,18,0,0,0,0,1,0,3,1,6,1,5,1598,1,9,9,1
201332N088213,1,9,0,9,0,8,0,0,0,0,1,1,1,2,5,1149,1,11,8,1
201332N089213,1,9,0,18,0,0,1,0,7,0,1,1,1,2,9,1686,2,3,10,1
201332N091213,1,9,0,18,0,0,1,0,0,0,1,1,1,1,9,2461,2,14,4,1
201332N091213,2,19,0,18,0,0,0,0,0,0,3,1,1,1,7,6871,2,17,7,3
201332N091313,1,9,0,18,0,0,5,0,0,0,1,1,6,1,6,1396,1,13,6,1
201332N091513,1,9,0,3,0,1,0,0,0,0,1,1,6,1,4,1199,1,10,7,3
201332N091513,2,9,0,10,0,1,0,0,0,0,2,1,6,2,9,1149,1,10,9,1
201332N091513,3,9,0,10,0,1,0,0,0,0,2,1,6,2,9,1598,1,13,9,1
201332N092613,1,9,0,2,0,0,0,0,0,0,0,1,1,1,7,1998,2,5,7,3
201332N092613,2,9,0,12,0,0,0,0,0,0,4,1,1,1,7,1796,1,9,7,3
201332N092713,1,21,1,18,0,0,0,0,0,0,1,1,1,1,8,12900,2,1,6,1
201332N092713,2,21,0,18,0,0,0,0,0,0,1,1,1,1,7,12580,2,7,9,1
201332N092713,3,21,1,18,0,0,0,0,0,0,1,1,1,1,6,11705,2,4,9,1
201332N092713,4,9,0,3,0,0,0,0,0,0,2,1,2,1,6,1598,2,1,2,1
201332N092913,1,9,0,15,0,0,0,0,7,4,1,1,6,1,6,1999,1,8,7,2
201332N092913,2,9,0,18,0,0,0,0,0,0,4,1,6,1,6,2354,1,4,10,1
201332N093113,1,21,1,18,0,0,3,0,4,6,1,1,1,1,8,11967,2,2,1,1
201332N094813,1,1,0,18,0,0,1,0,0,0,1,1,4,1,3,-1,-1,-1,6,1
201332N094813,2,9,0,18,0,0,0,0,0,0,4,1,6,2,8,1590,1,10,9,1
201332N095313,1,9,0,17,0,0,0,0,0,0,1,1,6,2,4,1461,2,6,7,1
201332N095413,1,8,0,4,0,0,0,0,0,0,4,1,1,3,-1,-1,-1,-1,-1,-1
201332N095513,1,9,0,13,0,0,1,0,7,0,2,1,6,1,4,1868,2,12,5,1
201332N095513,2,9,0,16,0,0,0,0,0,0,1,1,6,1,9,1588,1,9,1,1
201332N096613,1,9,0,1,0,0,0,0,0,0,2,1,6,1,-1,-1,-1,-1,-1,-1
201332N096613,2,9,0,3,0,0,0,0,0,0,1,1,6,2,9,998,1,11,8,3
201332N098013,1,9,0,18,0,0,0,0,0,0,1,1,6,2,5,1124,1,8,7,2
201332N098013,2,9,0,18,0,0,0,0,0,0,2,1,6,2,8,1364,1,1,7,2
201332N098213,1,9,0,18,0,0,1,10,1,0,1,1,6,1,4,1390,1,9,8,3
201332N098213,2,9,0,2,9,0,0,0,0,0,4,1,6,1,5,1196,1,18,4,1
201332N098613,1,9,0,13,0,0,0,0,7,9,1,1,2,1,8,-1,-1,-1,8,3
201332N099613,1,9,0,16,0,0,0,0,0,0,0,1,6,3,-1,-1,-1,-1,-1,-1
201332N099613,2,9,0,17,0,0,0,0,1,11,1,2,6,2,5,1061,1,8,3,1
201332N099813,1,9,0,3,0,8,0,0,0,0,1,1,6,1,5,1196,1,16,2,1
201332N099813,2,9,0,9,0,8,0,0,0,0,3,1,2,1,8,1968,2,4,7,2
201332N100513,1,9,0,17,0,0,0,0,1,9,1,1,6,1,11,1596,1,5,6,1
201332N103313,1,9,0,18,0,0,0,0,0,0,4,1,6,1,5,1968,2,3,-1,-1
201332N103513,1,9,0,9,0,1,0,0,0,0,4,1,1,2,5,1390,1,8,7,2
201332N103513,2,9,0,18,0,1,0,0,0,0,1,1,1,1,8,1560,2,3,8,2
201332N103513,3,9,0,10,0,1,0,0,0,0,3,1,1,1,7,1905,2,20,9,2
201332N103713,1,9,0,12,0,0,0,0,1,9,1,1,6,3,-1,-1,-1,-1,-1,-1
201332N104513,1,9,0,1,0,1,0,0,0,0,2,1,6,1,-1,-1,-1,-1,10,1
201332N104613,1,2,0,17,0,0,0,0,0,0,0,1,6,1,4,49,1,7,9,1
201332N104713,1,19,0,18,0,0,0,0,0,0,1,1,1,1,8,2402,2,13,5,1
201332N104713,2,9,0,4,0,0,0,0,0,0,2,1,2,2,6,1689,2,13,1,1
201332N104913,1,9,0,18,0,0,1,0,7,1,1,1,6,2,6,1390,1,9,9,2
201332N105113,1,9,0,18,0,1,0,0,0,0,1,1,6,1,5,1997,2,11,5,3
201332N105113,2,9,0,3,0,1,0,0,0,0,2,1,6,2,5,1229,1,5,-1,-1
201332N105113,3,9,0,3,0,1,0,0,0,0,2,1,6,1,10,2199,2,1,9,3
201332N105313,1,9,0,12,0,0,2,0,1,9,1,1,6,1,8,1996,1,12,9,2
201332N105413,1,9,0,18,0,0,2,0,1,0,0,1,6,2,6,1229,1,6,10,1
201332N105513,1,9,0,18,0,0,2,0,6,6,3,1,6,1,6,1360,1,5,3,1
201332N105613,1,9,0,18,0,0,2,0,1,9,1,1,1,1,6,2200,2,17,2,1
201332N105713,1,9,0,18,0,0,1,0,1,0,1,1,6,2,4,1299,1,10,8,3
201332N106213,1,9,0,17,0,0,1,0,7,0,2,1,6,1,7,1598,1,14,6,1
201332N106213,2,9,0,16,0,0,1,1,1,0,1,1,6,1,7,1497,1,10,-1,-1
201332N108113,1,9,0,18,0,0,0,0,0,0,2,1,1,1,6,1199,1,11,9,3
201332N108113,2,9,0,18,0,0,0,0,0,0,2,1,1,1,8,1124,1,17,4,3
201332N108113,3,9,0,18,0,0,0,0,0,0,2,1,1,1,8,1598,1,2,6,2
201332N108113,4,9,0,18,0,0,0,0,0,0,0,1,1,2,7,1796,1,12,6,3
201332N108413,1,8,0,9,0,2,0,0,0,0,1,1,1,1,8,1896,2,9,4,1
201332N109613,1,9,0,18,0,1,0,0,0,0,1,1,6,1,9,1956,2,2,9,2
201332N109613,2,9,0,8,0,1,0,0,0,0,1,1,6,2,5,1390,1,1,10,1
201332N109613,3,9,0,8,0,1,0,0,0,0,1,1,6,1,10,1560,2,7,5,1
201332N111413,1,11,0,18,0,2,0,0,0,0,1,1,1,1,7,-1,-1,-1,3,1
201332N111413,2,9,0,3,0,2,0,0,0,0,2,1,2,1,7,1998,2,12,3,1
201332N111413,3,9,0,3,0,2,0,0,0,0,2,1,2,1,8,-1,-1,-1,4,1
201332N111413,4,9,0,3,0,2,0,0,0,0,2,1,2,2,8,998,1,13,2,1
201332N111813,1,21,1,18,0,0,0,0,1,4,1,1,1,1,8,12900,2,5,1,1
201332N112713,1,9,0,18,0,0,0,0,0,0,1,1,2,2,9,2495,2,13,8,3
201332N112713,2,21,4,2,0,0,0,0,0,0,2,1,1,1,9,3908,2,6,10,2
201332N112713,3,9,0,2,0,0,0,0,0,0,0,1,6,1,8,1753,2,7,8,3
201332N113613,1,19,0,7,0,8,0,0,0,0,1,1,6,1,10,2283,2,12,8,1
201332N113613,2,1,0,18,0,1,0,0,0,0,1,1,6,1,3,-1,-1,-1,10,1
201332N114513,1,9,0,5,0,4,0,0,0,0,1,1,6,1,-1,1587,1,4,6,1
201332N114513,2,1,0,18,0,8,0,0,0,0,1,1,6,2,7,-1,-1,-1,4,1
201332N118313,1,9,0,5,0,7,0,0,0,0,1,1,6,2,-1,-1,-1,-1,-1,-1
201332N118813,1,5,0,7,0,2,0,0,0,0,0,1,6,1,7,999,1,-1,5,1
201332N119913,1,9,0,17,0,0,5,0,1,0,1,1,1,2,7,875,1,1,2,1
201332N120113,1,9,0,17,0,0,5,0,1,0,4,1,6,1,5,2495,2,21,8,1
201332N122113,1,9,0,6,0,0,0,0,0,0,3,1,2,2,6,1399,2,11,-1,-1
201332N122113,2,19,0,18,0,0,0,0,0,0,1,1,2,1,6,1868,2,11,9,1
201332N122413,1,98,1,9,0,8,0,0,0,0,4,1,6,1,-1,-1,-1,-1,-1,-1
201332N125713,1,9,0,9,0,1,0,0,0,0,1,1,6,2,4,1248,1,2,8,2
201332N125713,2,9,0,9,0,1,0,0,0,0,1,1,6,1,10,1598,2,1,10,1
201332N126213,1,5,0,18,0,0,0,0,0,0,4,1,6,1,8,1092,1,20,8,3
201332N126213,2,9,0,4,0,0,0,0,0,0,2,1,6,1,8,1398,2,3,6,3
201332N126813,1,9,0,18,0,0,0,0,1,9,1,1,6,2,4,1149,1,8,9,3
201332N128413,1,9,0,18,0,6,0,0,0,0,1,1,6,1,5,1598,1,10,4,2
201332N128413,2,1,0,18,0,8,0,0,0,0,1,1,6,1,7,-1,-1,-1,3,3
201332N129113,1,9,0,10,0,1,0,0,0,0,1,1,6,1,10,1242,1,2,5,3
201332N129113,2,9,0,18,0,1,0,0,0,0,2,1,6,2,9,1598,1,2,6,3
201332N129713,1,9,0,9,0,6,0,0,0,0,4,1,6,1,7,1984,1,13,10,1
201332N129713,2,9,0,18,0,1,0,0,0,0,3,1,6,2,9,1397,1,1,7,3
201332N130213,1,19,0,18,0,1,1,0,0,0,1,1,6,1,8,2461,2,10,10,3
201332N130213,2,9,0,3,0,1,0,0,0,0,2,1,6,1,10,1796,1,6,10,1
201332N130413,1,9,0,18,0,0,5,0,1,4,3,1,6,1,6,1248,2,1,1,1
201332N132713,1,11,0,5,0,2,0,0,0,0,3,1,1,1,8,-1,2,23,-1,-1
201332N132713,2,5,0,18,0,1,0,0,0,0,4,1,6,1,9,805,1,14,4,1
201332N133213,1,9,0,18,0,7,0,0,0,0,0,1,6,3,-1,1149,1,12,-1,-1
201332N133213,2,19,0,18,0,7,0,0,0,0,2,1,1,1,6,2143,2,3,3,1
201332N133213,3,21,1,18,0,7,1,0,0,0,2,1,1,1,8,-1,-1,-1,1,1
201332N133213,4,21,1,18,0,1,0,0,0,0,1,1,1,1,9,-1,-1,-1,3,1
201332N133613,1,9,0,13,9,8,2,0,7,2,1,1,6,1,5,1998,1,19,8,2
201332N133613,2,19,0,10,0,1,0,0,0,0,1,1,1,1,9,-1,-1,-1,6,1
201332N133813,1,9,0,7,0,1,0,0,0,0,1,1,6,2,10,1198,1,3,8,1
201332N137913,1,21,0,17,0,0,0,0,1,7,1,1,6,1,10,9500,2,15,10,3
201332N138413,1,9,0,18,0,0,5,0,5,6,1,1,6,1,6,-1,-1,-1,7,3
201332N138413,2,9,0,18,0,0,1,0,0,0,1,1,6,1,6,1956,2,3,-1,1
201332N140213,1,9,0,9,0,8,0,0,0,0,1,1,2,2,7,1198,1,3,6,3
201332N140213,2,9,0,18,0,8,0,0,0,0,4,1,6,1,10,1591,1,2,2,1
201332N142813,1,9,0,18,0,0,0,0,1,0,3,1,6,2,9,2987,2,7,8,3
201332N142813,2,9,0,18,0,0,1,0,0,0,3,1,6,1,5,-1,-1,-1,7,2
201332N142813,3,9,0,3,0,0,0,0,0,0,2,1,2,1,5,-1,-1,-1,3,1
201332N142813,4,9,4,9,0,0,0,0,0,0,0,1,1,1,6,1997,2,14,9,2
201332N143313,1,9,0,18,0,8,0,0,0,0,1,1,6,1,6,1998,1,15,3,1
201332N143313,2,9,0,3,0,8,0,0,0,0,2,1,6,1,5,1753,2,7,9,1
201332N143913,1,9,0,18,0,2,0,0,7,0,3,1,6,1,-1,-1,-1,-1,-1,-1
201332N144113,1,9,0,16,0,0,0,0,7,11,1,1,6,1,5,3000,1,12,6,3
201332N145013,1,11,0,18,0,0,0,0,0,0,4,1,1,1,8,6700,2,4,6,3
201332N146513,1,9,0,18,0,1,0,0,0,0,3,1,6,1,6,-1,-1,-1,8,2
201332N146513,2,9,0,18,0,8,0,0,0,0,3,1,6,2,4,998,1,3,9,3
201332N147713,1,9,0,13,0,0,0,0,0,0,1,1,2,1,5,1781,1,12,1,1
201332N147713,2,9,0,18,0,0,0,0,0,0,3,1,6,1,5,1242,1,11,6,3
201332N147813,1,3,0,18,0,0,1,10,1,3,3,1,6,1,6,125,1,6,8,2
201332N149213,1,5,0,17,0,0,1,0,1,10,3,1,6,1,7,998,1,3,8,3
201332N150013,1,9,0,13,0,0,0,0,0,0,4,1,6,3,-1,-1,-1,-1,-1,-1
201332N150013,2,1,0,18,0,0,0,0,0,0,3,1,4,2,3,-1,-1,-1,9,1
201332N150113,1,2,0,18,0,0,5,0,1,0,4,1,6,1,10,49,1,10,6,1
201332N152013,1,9,0,4,0,1,0,0,0,0,1,1,1,2,6,1560,2,-1,10,1
201332N152013,2,9,0,4,0,1,0,0,0,0,2,1,1,1,6,1061,1,9,2,1
201332N152013,3,9,0,4,0,1,0,0,0,0,2,1,1,1,7,1753,2,12,2,1
201332N152213,1,9,0,18,0,0,0,0,0,0,1,1,1,2,4,998,1,4,6,3
201332N152213,2,9,0,18,0,0,0,0,0,0,2,1,1,1,6,1240,1,10,3,1
201332N152313,1,9,0,7,0,6,0,0,0,0,0,1,6,3,-1,-1,-1,-1,-1,-1
201332N152313,2,1,0,18,0,1,0,0,0,0,0,1,6,1,4,-1,-1,-1,9,1
201332N153113,1,9,0,18,0,4,0,0,0,0,1,1,6,1,7,1991,1,9,6,1
201332N153113,2,9,0,4,0,4,0,0,0,0,2,1,6,1,6,998,1,1,7,2
201332N156413,1,9,0,16,0,0,5,0,7,9,0,1,6,1,4,1199,1,10,10,1
201332N156513,1,98,1,18,0,1,0,0,0,0,4,2,1,1,5,-1,-1,-1,-1,-1
201332N156513,2,9,0,18,0,1,0,0,0,0,1,1,6,1,8,-1,-1,-1,4,1
201332N156713,1,9,0,18,0,1,0,0,0,0,1,1,6,2,8,1388,1,3,9,1
201332N156713,2,9,0,10,0,1,0,0,0,0,2,1,6,1,8,1490,1,8,3,1
201332N157213,1,9,0,18,0,0,2,0,2,9,1,2,1,2,6,2500,1,5,6,3
201332N157413,1,9,0,18,0,1,0,0,0,0,1,1,6,1,8,2179,2,1,10,2
201332N157413,2,9,0,18,0,8,0,0,0,0,4,1,6,2,7,998,1,7,7,3
201332N157513,1,9,0,13,0,1,0,0,0,0,1,1,1,1,6,1783,1,11,5,1
201332N157513,2,9,0,9,0,5,0,0,8,10,4,1,2,1,7,1968,2,4,9,3
201332N157613,1,9,0,18,0,0,0,0,0,0,1,1,1,2,4,1299,1,6,10,1
201332N157613,2,9,0,18,0,0,0,0,0,0,2,1,1,1,8,3200,2,2,10,3
201332N160213,1,9,0,5,0,6,0,0,0,0,2,1,6,3,-1,-1,-1,-1,-1,-1
201332N160213,2,1,0,18,0,1,0,0,0,0,1,1,6,1,6,-1,-1,-1,4,1
201332N160413,1,5,0,17,0,0,2,0,1,0,4,1,6,1,7,749,1,20,4,1
201332N160413,2,9,0,2,0,0,0,0,0,0,0,1,6,3,-1,-1,-1,-1,-1,-1
201332N160813,1,9,0,18,0,0,0,0,0,0,0,1,6,2,8,1968,2,4,7,3
201332N160813,2,3,0,4,0,0,0,0,0,0,0,1,6,1,4,124,1,5,7,2
201332N161413,1,9,0,18,0,0,0,12,0,0,1,1,1,1,8,-1,-1,-1,6,3
201332N161713,1,9,0,18,0,2,0,0,0,0,4,1,3,1,6,998,1,13,-1,-1
201332N161713,2,20,0,5,0,1,0,0,0,0,1,1,1,1,8,-1,-1,-1,7,1
201332N162213,1,9,0,9,0,4,0,0,3,0,3,1,2,2,6,1598,1,9,10,1
201332N162213,2,1,0,18,0,4,0,0,3,0,1,1,6,2,6,-1,-1,-1,10,3
201332N162713,1,9,0,18,0,0,0,0,1,4,1,1,6,2,4,1598,1,11,7,1
201332N162913,1,9,0,18,0,0,0,0,7,10,1,1,6,1,11,995,1,9,7,1
201332N164613,1,9,0,18,0,0,0,0,7,11,1,1,6,2,10,998,1,-1,10,1
201332N164613,2,9,0,18,0,0,0,0,1,0,3,1,6,1,4,1124,1,12,5,1
201332N164913,1,1,0,18,5,1,0,0,0,0,3,1,6,1,9,-1,-1,-1,9,2
201332N164913,2,9,0,3,0,1,0,0,0,0,1,1,6,1,-1,1956,2,3,9,2
201332N165313,1,9,0,18,0,0,0,0,1,3,1,1,6,2,7,3301,1,9,7,1
201332N165313,2,9,0,1,9,0,0,0,0,0,2,1,6,1,7,-1,-1,-1,7,1
201332N166713,1,9,0,18,0,1,0,0,0,0,4,1,6,2,10,1248,1,3,-1,-1
201332N166713,2,10,0,3,0,1,0,0,0,0,1,1,1,2,6,-1,-1,-1,-1,-1
201332N167613,1,9,0,4,0,2,0,0,0,0,1,1,6,1,7,1968,2,1,7,1
201332N167813,1,9,0,18,0,2,0,0,0,0,0,1,6,1,-1,1910,2,12,10,1
201332N167813,2,19,0,9,0,1,0,0,0,0,2,1,6,1,-1,-1,-1,-1,8,2
201332N167813,3,9,0,18,0,2,0,0,0,0,1,1,2,2,5,1299,1,14,9,2
201332N168313,1,9,0,12,7,1,5,0,0,0,2,1,6,1,8,2500,2,22,3,1
201332N168313,2,9,0,18,0,1,0,7,0,6,1,1,2,1,9,1910,2,4,7,2
201332N168813,1,9,0,18,0,2,0,0,0,0,1,1,6,3,-1,-1,-1,-1,-1,-1
201332N168813,2,9,0,3,0,2,0,0,0,0,2,1,6,1,7,1905,2,14,5,1
201332N169513,1,9,0,18,0,0,0,0,0,0,1,1,6,1,4,2319,1,11,6,3
201332N169513,2,9,0,3,0,0,0,0,0,0,2,1,6,2,7,1870,2,12,5,1
201332N171613,1,9,0,16,0,0,0,0,7,0,1,1,6,2,9,1388,1,1,5,2
201332N171613,2,9,0,17,0,0,0,0,0,0,1,1,6,1,8,1968,2,7,2,1
201332N174313,1,4,0,16,0,1,1,0,0,0,2,1,6,1,4,498,1,7,9,1
201332N174313,2,9,0,18,0,1,0,0,0,0,1,1,6,1,9,1560,2,2,6,3
201332N174713,1,9,0,18,0,0,2,10,1,4,0,1,6,2,5,1389,1,14,-1,-1
201332N174913,1,9,0,9,0,8,0,0,0,0,4,1,6,1,-1,2698,2,7,-1,-1
201332N174913,2,9,0,18,0,1,0,0,0,0,1,1,6,1,9,1397,1,14,4,1
201332N175213,1,19,0,18,0,0,0,0,0,0,1,1,1,1,-1,-1,-1,-1,-1,-1
201332N175213,2,1,0,18,0,0,0,0,0,0,1,1,6,2,2,-1,-1,-1,7,2
201332N175613,1,3,0,18,0,0,0,12,1,0,1,1,2,1,4,124,1,1,7,3
201332N176413,1,9,0,5,0,0,0,0,0,0,1,1,3,2,7,-1,-1,-1,7,1
201332N176613,1,9,0,9,0,1,0,0,0,0,1,1,6,2,6,1796,1,10,7,1
201332N176613,2,9,0,18,0,1,0,0,0,0,2,1,6,1,6,1991,2,7,3,1
201332N176813,1,9,0,18,0,0,2,0,7,3,1,1,6,2,5,1149,1,10,3,1
201332N177213,1,9,0,18,0,0,5,0,7,9,1,1,2,1,4,-1,-1,-1,6,3
201332N177413,1,9,0,18,0,3,0,0,7,1,3,1,6,1,10,1997,2,3,7,1
201332N177513,1,9,0,9,0,1,0,0,0,0,3,1,1,2,5,1149,1,6,7,1
201332N177513,2,9,0,17,0,1,0,0,0,0,1,1,1,1,6,1242,1,1,9,2
201332N178613,1,97,0,18,9,2,0,0,0,0,1,1,6,3,-1,-1,-1,-1,-1,-1
201332N179113,1,3,0,18,0,0,0,0,0,0,0,1,1,1,6,124,1,5,6,3
201332N179813,1,2,0,3,0,0,0,0,0,0,4,1,4,2,4,49,1,6,8,3
201332N180013,1,9,0,18,0,8,0,0,0,0,4,1,6,1,8,1997,2,7,7,2
201332N180013,2,9,0,18,0,8,0,0,0,0,1,1,6,2,9,-1,-1,-1,-1,-1
201332N180213,1,9,0,18,0,0,5,0,7,9,1,1,6,2,6,1248,1,4,7,3
201332N180413,1,9,0,18,0,0,0,0,0,0,1,1,6,2,11,1240,1,7,9,2
201332N180413,2,9,0,2,0,0,0,0,0,0,3,1,6,1,7,1360,1,12,-1,-1
201332N180413,3,9,0,3,0,0,0,0,0,0,1,1,6,1,8,2497,1,8,4,3
201332N180613,1,9,0,18,0,0,1,0,1,9,4,1,6,1,8,1560,2,6,8,1
201332N182513,1,9,0,18,0,2,0,0,0,0,4,1,6,1,11,2231,2,6,9,2
201332N182513,2,9,0,2,0,2,0,0,0,0,3,1,6,2,6,1598,1,5,7,3
201332N183313,1,21,1,7,0,1,0,0,0,0,4,1,1,1,7,12900,2,1,10,1
201332N183313,2,1,0,18,0,1,0,0,0,0,1,1,6,1,7,-1,-1,-1,6,1
201332N183413,1,9,0,18,0,1,0,0,0,0,1,1,6,2,7,1388,1,13,10,1
201332N183413,2,2,0,18,0,1,0,0,0,0,1,1,6,1,4,124,1,10,10,3
201332N183513,1,9,0,18,0,8,0,0,0,0,1,1,6,2,7,1396,1,10,2,1
201332N183513,2,9,0,18,0,8,0,0,1,11,4,1,6,1,10,1598,1,2,8,3
201332N183813,1,9,0,9,0,1,0,0,0,0,1,1,6,1,6,1587,1,11,9,1
201332N183813,2,1,0,18,0,1,0,0,0,0,3,1,6,2,7,-1,-1,-1,7,1
201332N184213,1,9,0,18,0,1,0,0,0,0,1,1,2,1,5,1896,2,5,9,1
201332N184213,2,1,0,18,0,1,0,0,0,0,3,1,4,1,2,-1,-1,-1,7,1
201332N184413,1,9,0,17,0,0,0,0,0,0,1,1,6,2,4,1149,1,10,7,3
201332N184413,2,9,0,16,0,0,0,0,0,0,1,1,6,1,9,2188,2,4,7,3
201332N184713,1,9,4,18,0,2,0,0,0,0,4,1,6,1,8,1390,1,7,-1,-1
201332N184913,1,9,0,18,0,1,0,0,0,0,1,1,6,1,8,1149,1,9,2,1
201332N184913,2,9,0,10,0,1,0,0,0,0,2,1,1,2,7,1396,1,13,1,1
201332N185113,1,9,0,18,0,0,0,0,0,0,0,1,6,3,-1,-1,-1,-1,-1,-1
201332N185113,2,9,0,18,0,0,0,0,0,0,0,1,6,1,-1,-1,-1,-1,-1,-1
201332N185113,3,9,0,18,0,0,0,0,0,0,0,1,6,1,-1,1560,2,1,-1,-1
201332N185113,4,9,0,18,0,0,0,0,0,0,3,1,6,1,-1,1242,1,4,-1,-1
201332N185713,1,9,0,18,0,1,0,4,1,2,1,1,6,2,9,1598,2,3,7,3
201332N185713,2,9,0,2,0,1,0,0,0,0,3,1,6,1,5,2446,1,11,3,1
201332N186313,1,9,0,18,0,0,2,0,1,0,0,1,6,1,6,1896,2,12,-1,-1
201332N187513,1,9,0,18,0,0,1,7,0,10,2,1,2,1,9,1753,2,6,2,3
201332N189213,1,9,0,18,0,2,0,0,0,0,4,1,2,1,5,1896,2,11,9,3
201332N191413,1,9,0,18,0,1,2,0,1,9,1,1,6,1,4,1598,1,6,4,1
201332N191613,1,9,0,16,0,0,5,0,7,11,1,1,6,2,5,1461,2,10,8,3
201332N191713,1,9,0,18,0,4,0,0,0,0,1,1,6,1,-1,-1,-1,-1,-1,-1
201332N191713,2,1,0,9,5,8,0,0,0,0,2,1,6,1,3,-1,-1,-1,8,1
201332N191913,1,9,0,3,0,4,0,0,0,0,1,1,6,1,5,1461,2,-1,10,3
201332N191913,2,9,0,3,0,4,0,0,0,0,2,1,6,1,8,1596,1,9,2,1
201332N192313,1,9,0,18,0,8,0,0,0,0,4,1,6,2,8,1596,1,9,10,1
201332N192313,2,9,0,8,0,1,0,0,0,0,1,1,6,1,6,1587,1,8,10,1
201332N192313,3,9,0,18,0,1,0,0,0,0,1,1,6,1,9,1339,1,4,9,3
201332N194013,1,9,0,18,0,0,0,0,0,0,0,1,6,2,8,1598,1,10,5,3
201332N194013,2,9,0,18,0,0,0,0,0,0,0,1,6,1,6,1560,2,7,5,1
201332N194513,1,9,0,3,0,0,0,0,0,0,2,1,6,1,11,1596,1,7,9,3
201332N194513,2,9,0,3,0,0,0,0,0,0,2,1,6,1,5,1360,1,2,2,1
201332N194513,3,9,0,18,0,0,1,0,0,0,1,1,6,2,10,998,1,19,9,3
201332N194713,1,9,0,5,0,0,0,0,0,0,1,1,6,2,8,1896,2,8,10,2
201332N194713,2,1,0,18,0,0,0,0,0,0,4,1,6,2,2,-1,-1,-1,-1,-1
201332N194813,1,9,0,16,0,0,0,11,1,11,1,1,1,1,6,-1,-1,-1,4,1
201332N195413,1,9,0,18,0,0,2,0,7,1,3,1,6,2,5,1388,1,2,9,2
201332N196513,1,19,0,9,0,5,0,0,0,0,2,1,1,1,9,2402,2,3,10,1
201332N196513,2,11,0,18,0,1,0,0,0,0,1,1,1,1,8,-1,2,14,5,1