Accident_Index,Vehicle_Reference,Vehicle_Type,Towing_and_Articulation,Vehicle_Manoeuvre,Vehicle_Location-Restricted_Lane,Junction_Location,Skidding_and_Overturning,Hit_Object_in_Carriageway,Vehicle_Leaving_Carriageway,Hit_Object_off_Carriageway,1st_Point_of_Impact,Was_Vehicle_Left_Hand_Drive?,Journey_Purpose_of_Driver,Sex_of_Driver,Age_Band_of_Driver,Engine_Capacity_(CC),Propulsion_Code,Age_of_Vehicle,Driver_IMD_Decile,Driver_Home_Area_Type
201332N196713,1,9,0,18,0,0,0,0,0,0,3,1,6,2,7,1598,1,11,7,1
201332N197313,1,9,0,16,0,5,2,0,1,0,1,1,6,1,10,1399,2,7,8,1
201332N197313,2,9,0,16,0,7,1,0,4,6,2,1,6,2,6,1998,2,10,7,1
201332N197513,1,9,0,11,0,7,0,0,0,0,4,1,6,2,-1,-1,-1,-1,-1,-1
201332N197513,2,1,0,18,0,7,0,0,0,0,3,1,6,1,7,-1,-1,-1,-1,-1
201332N198013,1,19,0,1,0,8,0,0,0,0,2,1,1,1,8,2143,2,1,7,2
201332N198013,2,9,0,4,0,8,0,0,0,0,4,1,3,2,4,1229,1,5,9,3
201332N198613,1,9,0,18,0,1,0,0,0,0,3,1,2,2,7,1968,2,1,8,2
201332N198613,2,19,0,18,0,1,0,0,0,0,3,1,1,1,5,2198,2,1,6,1
201332N198913,1,9,0,18,0,0,0,0,7,9,1,1,6,2,11,1398,2,8,9,3
201332N201613,1,9,4,18,0,4,0,0,0,0,3,1,6,2,-1,-1,-1,-1,9,2
201332N201613,2,9,0,7,0,8,0,0,0,0,2,1,6,1,6,1198,1,10,8,1
201332N201813,1,9,0,18,0,0,0,0,0,0,2,1,6,2,5,1997,2,4,10,2
201332N201813,2,19,4,18,0,0,0,0,0,0,1,2,6,1,8,-1,-1,-1,-1,-1
201332N202413,1,9,0,16,9,0,0,0,7,4,1,1,6,2,7,2993,2,2,7,3
201332N205113,1,19,0,16,0,0,0,0,0,0,1,1,1,1,9,-1,-1,-1,7,3
201332N205113,2,21,1,17,0,0,1,0,0,0,1,1,1,1,8,-1,-1,-1,-1,-1
201332N205513,1,22,0,5,0,0,0,0,0,0,4,1,6,1,10,-1,-1,-1,-1,-1
201332N206513,1,9,0,6,0,6,0,0,0,0,1,1,6,2,10,-1,-1,-1,9,1
201332N206513,2,9,0,18,0,8,0,0,1,0,3,1,6,2,7,1799,1,4,10,1
201332N206713,1,9,0,18,9,1,0,0,0,0,1,1,6,2,6,1329,1,1,6,3
201332N206913,1,3,0,17,0,0,0,0,1,1,1,1,1,1,4,-1,-1,-1,6,1
201332N207113,1,9,0,18,0,1,0,0,1,0,1,1,2,2,6,1198,1,10,10,1
201332N207113,2,20,1,18,0,1,1,0,0,0,1,1,1,1,7,10518,2,2,9,3
201332N207213,1,9,0,18,0,0,5,0,0,0,0,1,6,1,5,1598,1,13,-1,-1
201332N208413,1,2,0,17,0,0,0,0,1,0,1,1,6,1,4,49,1,13,9,3
201332N208413,2,9,0,16,0,0,0,0,0,0,3,2,6,1,9,1997,2,11,10,2
201332N210013,1,3,0,16,0,0,2,0,7,0,0,1,6,1,4,125,1,9,4,3
201332N210713,1,9,0,18,0,0,0,0,1,1,4,1,6,2,5,1390,1,13,-1,-1
201332N212413,1,21,1,9,0,5,0,0,0,0,4,1,1,1,8,-1,-1,-1,-1,-1
201332N212413,2,9,0,18,0,1,0,0,0,0,1,2,6,1,4,998,1,5,9,3
201332N212613,1,9,0,9,0,8,0,0,0,0,1,1,6,2,9,1248,2,7,7,1
201332N212613,2,1,0,10,0,8,0,0,0,0,1,1,1,1,7,-1,-1,-1,10,1
201332N212913,1,9,0,7,0,1,0,0,0,0,1,1,6,2,8,1360,1,10,5,1
201332N215913,1,9,0,18,0,1,0,0,0,0,1,1,6,1,6,1794,1,9,1,1
201332N215913,2,9,0,18,0,1,0,0,0,0,2,1,6,2,6,1360,1,12,4,1
201332N216313,1,2,0,18,0,0,0,10,0,0,1,1,6,1,4,124,1,11,5,1
201332N217113,1,19,0,16,0,0,1,0,0,0,1,1,1,1,6,1968,2,3,1,1
201332N217113,2,9,0,17,0,0,0,0,1,0,1,1,6,1,6,1895,1,11,1,1
201332N217413,1,9,0,18,0,1,0,0,1,4,1,1,6,2,8,998,1,6,7,3
201332N217813,1,9,0,18,0,1,0,0,0,0,1,1,6,3,-1,-1,-1,-1,-1,-1
201332N217813,2,1,0,18,0,2,0,0,0,0,3,1,6,1,7,-1,-1,-1,8,1
201332N218013,1,9,0,18,0,3,1,10,1,0,4,1,1,1,4,1999,1,5,1,1
201332N218013,2,9,0,18,0,3,0,0,0,0,3,1,6,1,9,1995,2,2,9,1
201332N218513,1,21,5,18,0,0,4,0,1,0,3,2,6,1,6,-1,-1,-1,7,3
201332N218613,1,9,0,18,0,0,0,0,7,9,1,1,2,2,5,1461,2,10,7,3
201332N219513,1,9,0,12,0,0,5,0,0,0,3,1,6,1,10,2199,2,1,8,2
201332N219513,2,9,0,18,0,0,1,0,5,7,4,1,6,1,6,-1,-1,-1,1,1
201332N219713,1,5,0,7,0,5,0,0,0,0,4,1,6,1,8,885,1,16,2,1
201332N221113,1,5,0,4,0,1,1,0,0,0,1,1,6,1,10,749,1,11,8,1
201332N221113,2,19,0,4,0,1,0,0,0,0,2,1,1,1,7,2148,2,6,-1,-1
201332N221913,1,8,0,18,0,0,0,0,1,0,1,1,1,2,8,1997,2,4,5,2
201332N221913,2,9,0,18,0,0,0,0,7,0,1,1,6,2,10,1398,1,-1,8,1
201332N222113,1,1,0,18,0,6,0,0,0,0,1,1,4,1,2,-1,-1,-1,8,1
201332N222113,2,9,0,18,0,1,0,0,0,0,1,1,3,1,7,1598,1,7,6,1
201332N222613,1,3,0,16,0,2,0,0,0,0,1,1,6,1,5,124,1,6,9,2
201332N222613,2,9,0,18,0,1,0,0,0,0,1,1,6,1,9,1796,1,4,9,2
201332N223913,1,9,0,18,0,0,0,0,0,0,0,1,6,1,-1,-1,-1,-1,-1,-1
201332N223913,2,3,0,18,0,0,0,0,1,9,0,1,6,1,4,125,1,8,7,1
201332N225013,1,9,0,18,0,1,1,0,0,11,1,1,6,1,6,1896,2,13,6,1
201332N225213,1,9,0,18,0,0,1,0,1,9,1,1,6,2,5,1598,1,7,7,1
201332N227413,1,11,0,18,0,1,0,0,0,0,2,1,1,1,8,4250,2,10,6,1
201332N227413,2,9,0,18,0,1,0,0,0,0,2,1,6,2,5,1493,2,7,4,1
201332N227413,3,9,0,3,0,1,0,0,0,0,2,1,6,1,7,2993,2,3,6,1
201332N227413,4,9,0,10,0,1,0,0,0,0,2,1,6,2,8,1870,2,10,6,3
201332N227513,1,9,0,18,0,0,0,0,4,6,1,1,6,1,5,1199,1,12,2,1
201332N228613,1,5,0,18,0,1,0,0,0,0,1,1,6,1,6,1084,1,11,2,1
201332N228613,2,9,0,10,0,1,0,0,0,0,2,1,6,2,8,1360,1,12,9,2
201332N230213,1,9,0,18,0,0,0,0,1,9,1,1,6,2,10,-1,-1,-1,9,2
201332N230713,1,9,0,18,0,2,1,7,8,6,1,1,6,2,6,1596,1,11,10,1
201332N231813,1,9,0,13,0,0,0,0,0,0,4,1,6,3,-1,-1,-1,-1,-1,-1
201332N231813,2,1,0,18,0,0,0,0,0,0,2,1,6,1,9,-1,-1,-1,9,1
201332N232813,1,9,0,5,0,1,0,0,0,0,1,1,6,1,6,2290,1,14,4,1
201332N232813,2,8,0,18,0,1,0,0,0,0,1,1,1,1,8,1998,2,-1,3,1
201332N233913,1,9,0,18,0,0,0,0,0,0,1,1,6,1,11,1997,2,14,6,3
201332N233913,2,9,0,3,0,0,0,0,0,0,2,1,6,1,8,1341,1,11,9,2
201332N233913,3,9,0,3,0,0,0,0,0,0,2,1,6,1,7,2000,1,3,7,2
201332N233913,4,9,0,3,0,0,0,0,0,0,2,1,6,2,6,1796,1,10,8,1
201332N233913,5,9,0,3,0,0,0,0,0,0,2,1,6,3,-1,-1,-1,-1,-1,-1
201332N234513,1,2,0,17,0,2,1,0,0,0,1,1,6,1,4,49,1,14,10,2
201332N234513,2,9,0,16,0,2,0,0,0,0,1,1,2,1,6,1598,1,7,9,1
201332N234613,1,9,0,18,0,0,0,0,0,0,3,1,6,1,9,2198,2,8,7,1
201332N234613,2,9,0,18,0,0,0,0,0,0,3,1,6,1,6,1896,2,10,7,1
201332N234713,1,1,0,18,9,1,0,0,0,0,3,1,4,1,2,-1,-1,-1,8,1
201332N235613,1,9,0,18,0,0,0,0,0,0,4,1,2,1,9,1199,1,14,9,2
201332N237813,1,9,0,16,0,0,0,0,7,0,0,1,6,1,4,1242,1,12,5,1
201332N237913,1,2,0,18,0,0,0,0,7,0,1,1,6,2,7,49,1,2,9,1
201332N238113,1,19,0,18,0,1,0,0,0,0,1,1,1,1,6,2198,2,-1,7,1
201332N238113,2,19,0,4,0,1,0,0,0,0,2,1,1,1,6,1968,2,-1,-1,-1
201332N238413,1,9,0,4,0,1,0,0,0,0,2,1,1,1,8,1399,2,5,-1,-1
201332N238413,2,19,0,4,0,1,0,0,0,0,1,1,1,1,9,2198,2,4,4,1
201332N238413,3,9,0,4,0,1,0,0,0,0,1,1,1,1,9,1956,2,2,6,1
201332N238613,1,3,0,18,0,0,0,0,0,0,1,1,6,1,4,125,1,1,7,1
201332N241713,1,9,0,18,0,8,0,0,0,0,4,1,3,2,7,1461,2,8,5,1
201332N242513,1,9,0,1,9,6,0,0,0,0,2,1,6,2,6,1997,2,12,-1,-1
201332N242513,2,1,0,18,9,1,0,0,0,0,1,1,6,1,2,-1,-1,-1,3,1
201332N242613,1,19,0,11,0,0,1,0,0,7,1,1,1,1,9,1560,2,5,10,1
201332N245113,1,9,0,18,0,0,0,0,0,0,1,1,6,2,4,1596,1,10,10,1
201332N245113,2,9,0,18,0,0,0,0,0,0,2,1,6,1,6,-1,-1,-1,3,1
201332N245413,1,19,0,18,0,1,0,0,7,2,1,1,1,1,7,1896,2,3,2,1
201332N246413,1,9,0,18,0,8,0,0,0,0,1,1,6,1,7,1248,2,4,3,2
201332N246413,2,9,0,18,0,8,0,0,3,1,1,1,6,1,8,1968,2,3,9,3
201332N248113,1,19,0,18,0,1,1,10,1,11,1,1,6,2,8,2494,2,4,4,3
201332N248213,1,9,0,17,0,0,5,0,8,10,1,1,6,2,6,1248,2,1,1,1
201332N248713,1,9,0,9,0,1,0,0,0,0,3,1,1,1,8,1968,2,1,8,2
201332N248713,2,9,0,18,0,5,0,0,0,0,1,1,6,2,6,1560,2,6,4,2
201332N249013,1,1,0,9,0,5,0,0,0,0,4,1,6,2,6,-1,-1,-1,6,1
201332N249013,2,9,0,18,0,1,0,0,0,0,4,1,6,2,11,1498,1,13,8,1
201332N249513,1,9,0,18,0,0,5,0,2,1,1,2,6,1,5,1587,1,13,8,1
201332N250013,1,9,0,1,0,0,0,0,0,0,2,1,6,2,-1,-1,-1,-1,-1,-1
201332N250013,2,1,0,2,0,0,0,0,0,0,1,1,6,1,2,-1,-1,-1,7,1
201332N250013,3,1,0,2,0,0,0,0,0,0,1,1,6,1,2,-1,-1,-1,-1,-1
201332N250213,1,9,0,18,0,0,0,0,0,0,1,1,2,2,8,998,1,3,5,3
201332N250713,1,19,0,5,8,6,0,0,0,0,3,1,6,1,6,1686,2,10,-1,-1
201332N250713,2,1,0,18,0,8,0,0,0,0,1,1,6,1,6,-1,-1,-1,10,1
201332N254313,1,9,0,9,0,8,0,0,0,0,1,1,6,1,11,1339,8,3,7,3
201332N255013,1,9,0,18,0,2,0,0,0,0,1,1,6,2,11,1389,1,10,7,1
201332N255013,2,9,0,18,0,2,0,0,7,0,2,1,6,2,8,1461,2,9,8,1
201332N255113,1,9,0,18,0,0,0,0,0,0,1,1,1,1,7,1896,2,4,9,3
201332N255113,2,17,5,18,0,0,0,0,0,0,2,1,1,1,8,3999,2,15,9,3
201332N255313,1,3,0,17,0,1,0,0,0,0,3,1,6,1,4,125,1,5,3,1
201332N255413,1,9,0,18,0,0,0,0,0,0,1,1,6,2,5,1149,1,10,1,1
201332N255513,1,9,0,18,0,8,0,0,0,0,1,1,6,2,5,1299,1,9,6,3
201332N255513,2,9,0,18,0,8,0,0,0,0,1,1,6,2,7,1150,1,7,6,2
201332N256913,1,9,0,4,0,1,0,0,0,0,2,1,6,1,11,-1,-1,-1,-1,-1
201332N256913,2,9,0,4,0,1,0,0,0,0,1,1,6,3,-1,-1,-1,-1,-1,-1
201332N258313,1,19,0,13,0,0,0,0,0,0,0,1,1,3,-1,-1,-1,-1,-1,-1
201332N258313,2,1,0,18,0,0,0,0,1,0,0,1,6,1,4,-1,-1,-1,7,2
201332N258813,1,9,0,4,0,4,0,0,0,0,1,1,6,2,9,1360,1,15,-1,-1
201332N258813,2,9,0,4,0,4,0,0,0,0,2,1,6,1,9,1968,2,2,4,1
201332N259013,1,9,0,18,0,0,0,0,0,0,4,1,6,2,10,1389,1,12,9,1
201332N259113,1,9,0,9,0,1,0,0,0,0,1,1,6,2,5,1598,1,8,5,1
201332N259113,2,9,0,18,0,1,0,0,0,0,1,1,6,2,11,1769,1,8,-1,-1
201332N259413,1,9,0,18,0,8,0,0,0,0,3,1,6,2,9,1390,1,5,8,3
201332N259413,2,5,0,18,0,8,0,0,0,0,4,1,6,1,7,599,1,11,4,1
201332N259713,1,9,0,5,0,1,0,0,0,0,1,1,2,2,7,1108,1,10,6,1
201332N259913,1,9,3,11,0,0,4,0,1,1,1,1,6,2,10,1991,2,6,5,1
201332N261213,1,9,0,4,0,0,1,0,0,0,1,1,6,1,5,1195,1,16,10,1
201332N261213,2,9,0,4,0,0,0,0,0,0,2,1,6,2,8,-1,-1,-1,2,1
201332N261213,3,9,0,4,0,0,0,0,0,0,2,1,2,1,8,1968,2,1,-1,-1
201332N261513,1,21,4,9,0,1,0,0,0,0,2,1,1,1,6,12740,2,-1,5,2
201332N261513,2,9,0,18,0,1,0,0,0,0,1,1,6,2,10,1560,2,-1,8,1
201332N261813,1,9,0,7,0,1,0,0,0,0,1,1,2,1,8,-1,-1,-1,10,1
201332N261813,2,9,0,8,0,1,0,0,0,0,2,1,6,2,7,1598,2,2,6,1
201332N262413,1,20,0,18,0,5,5,10,1,1,1,1,1,1,7,4580,2,3,7,3
201332N264013,1,9,0,3,0,1,0,0,0,0,1,1,6,2,4,1124,1,12,7,3
201332N264013,2,9,0,4,0,2,0,0,0,0,2,1,6,2,8,1242,1,11,7,1
201332N265513,1,9,0,5,0,6,1,0,0,0,4,1,6,2,7,1910,2,7,7,3
201332N265513,2,9,0,18,0,8,1,0,0,0,1,1,2,2,9,-1,-1,-1,9,1
201332N266213,1,5,0,18,0,0,2,12,1,0,1,1,6,1,8,-1,-1,-1,9,3
201332N266613,1,2,0,18,0,0,2,0,0,0,3,1,6,1,4,49,1,13,10,2
201332N266713,1,9,0,5,0,6,0,0,0,0,3,1,6,1,9,1753,2,4,8,1
201332N266713,2,5,0,18,0,8,0,0,0,0,1,1,6,1,6,636,1,9,3,1
201332N269113,1,9,0,16,0,0,1,0,7,10,3,1,6,1,6,2446,1,9,3,1
201332N269713,1,9,0,4,0,0,0,0,0,0,1,1,6,1,6,1896,2,13,3,1
201332N269713,2,9,0,4,0,0,0,0,0,0,2,1,6,1,6,1753,2,7,7,1
201332N269813,1,20,0,18,0,1,0,0,0,0,1,1,1,1,6,-1,-1,-1,2,1
201332N269813,2,9,0,18,0,1,0,0,0,0,1,1,1,1,8,2494,2,4,9,3
201332N269913,1,9,0,3,0,0,0,0,0,0,1,1,6,2,8,1598,1,10,5,1
201332N269913,2,9,0,4,0,0,0,0,0,0,2,1,6,1,6,2792,1,11,4,1
201332N271513,1,9,0,18,0,1,0,0,0,0,1,1,6,1,-1,-1,-1,-1,-1,-1
201332N271513,2,1,0,18,0,8,0,0,0,0,1,1,6,1,5,-1,-1,-1,6,1
201332N272013,1,9,0,18,0,8,0,0,0,0,1,1,6,1,4,1242,1,11,-1,-1
201332N272013,2,9,0,10,0,1,0,0,0,0,2,1,6,1,7,2171,1,12,10,1
201332N272313,1,9,0,18,9,0,0,0,0,11,1,1,1,2,6,1396,1,8,8,2
201332N273613,1,9,0,18,0,0,0,0,0,0,1,1,6,2,8,-1,-1,-1,1,1
201332N273613,2,9,0,4,0,0,0,0,0,0,2,1,6,1,10,1598,1,2,2,1
201332N274313,1,9,0,6,9,0,1,0,7,11,1,1,2,2,5,1242,1,1,9,1
201332N275813,1,9,4,17,0,0,0,0,0,0,3,1,6,1,-1,-1,-1,-1,-1,-1
201332N275813,2,16,0,18,0,0,0,0,0,0,3,1,6,2,4,-1,-1,-1,6,1
201332N276213,1,9,0,17,0,0,1,0,7,9,1,1,6,2,4,1422,2,9,9,2
201332N278113,1,9,0,18,0,0,0,0,1,0,2,1,1,2,8,-1,-1,-1,10,1
201332N278113,2,21,1,18,0,0,0,0,0,0,1,1,1,1,9,12900,2,5,2,1
201332N278613,1,9,0,16,0,0,2,0,1,0,4,1,6,2,8,1061,1,8,-1,-1
201332N278713,1,5,0,4,0,0,0,0,0,0,1,1,6,1,8,1199,1,9,10,1
201332N278713,2,9,0,4,0,0,0,0,0,0,2,1,6,2,5,1590,1,12,10,3
201332N279813,1,5,0,18,0,8,1,0,0,0,4,1,6,1,9,1298,1,7,3,1
201332N280013,1,9,0,17,0,0,0,0,0,9,1,1,6,2,10,1560,2,4,9,2
201332N281413,1,9,0,16,0,0,2,0,1,10,4,1,6,2,5,1299,1,13,9,3
201332N282313,1,9,0,5,8,7,0,0,0,0,1,1,6,1,7,1984,1,-1,9,1
201332N282313,2,2,0,16,0,1,0,0,0,0,1,1,6,1,4,49,1,1,7,1
201332N282613,1,9,0,18,0,0,0,0,0,0,1,1,6,3,10,1590,1,10,6,3
201332N282613,2,5,0,4,0,0,0,0,0,0,2,1,6,1,-1,1043,1,-1,7,3
201332N282813,1,9,0,5,0,6,0,0,0,0,3,1,6,1,7,2495,2,10,4,1
201332N282813,2,9,0,18,0,1,0,0,0,0,4,1,6,1,6,1396,1,11,1,1
201332N283113,1,9,0,16,0,0,5,0,7,2,1,1,6,1,9,-1,-1,-1,2,1
201332N283913,1,3,0,18,0,3,0,0,1,7,1,1,6,2,4,124,1,-1,10,2
201332N284013,1,9,0,7,0,8,0,0,0,0,1,1,6,1,9,1896,1,17,9,1
201332N284013,2,1,0,18,0,8,0,0,0,0,4,1,2,1,4,-1,-1,-1,8,3
201332N284313,1,9,0,3,0,1,0,0,0,0,2,1,6,1,9,2987,2,2,6,3
201332N284313,2,9,0,3,0,1,0,0,0,0,2,1,6,1,8,1598,1,9,9,1
201332N284313,3,9,0,18,0,1,0,0,0,0,1,1,6,2,6,1398,2,9,5,1
201332N284413,1,9,0,16,0,0,0,0,7,3,1,1,6,1,5,1998,1,7,2,1
201332N285713,1,20,0,17,0,0,0,0,0,0,0,1,1,3,-1,-1,-1,-1,-1,-1
201332N285713,2,9,0,16,0,0,0,0,1,10,0,1,1,2,4,1299,1,15,9,3
201332N285913,1,9,0,18,0,1,0,0,0,0,1,1,6,3,-1,-1,-1,-1,-1,-1
201332N288313,1,9,0,18,0,8,0,0,0,0,1,1,6,1,9,1560,2,3,8,1
201332N288313,2,1,0,3,0,1,0,0,0,0,4,1,6,1,9,-1,-1,-1,9,2
201332N290613,1,9,0,7,0,8,0,0,0,0,1,1,6,2,9,996,1,2,6,1
201332N290613,2,9,0,18,0,8,0,0,0,0,1,1,6,1,7,1587,1,7,10,1
201332N291013,1,9,0,18,0,1,0,0,0,0,4,1,6,1,6,1596,1,13,7,1
201332N291413,1,9,0,17,0,0,1,0,1,10,1,1,6,1,5,1753,2,13,6,1
201332N291513,1,9,0,18,0,0,0,0,1,9,1,1,1,1,5,-1,-1,-1,-1,3
201332N291613,1,9,0,17,0,0,5,0,1,10,1,1,6,2,4,1229,1,-1,9,3
201332N292813,1,9,0,18,0,0,0,0,0,0,2,2,6,1,7,1753,2,11,6,1
201332N292813,2,19,0,1,0,0,0,0,0,0,2,1,6,1,-1,1870,2,7,-1,-1
201332N294913,1,1,0,7,0,8,5,0,0,0,1,1,6,1,6,-1,-1,-1,3,1
201332N295113,1,20,0,18,0,0,5,0,1,9,4,1,1,1,8,4461,2,4,4,3
201332N295513,1,9,0,9,0,6,0,0,0,0,3,1,6,1,5,1598,1,11,-1,-1
201332N295513,2,5,0,18,0,1,1,0,0,0,1,1,6,1,7,1137,1,14,4,1
201332N295713,1,19,0,18,0,1,0,0,0,0,1,1,2,1,7,-1,-1,-1,4,2
201332N295713,2,9,0,4,0,1,0,0,0,0,2,1,6,1,8,-1,-1,-1,8,3
201332N295713,3,9,0,4,0,1,0,0,0,0,2,1,2,2,5,2987,2,2,7,3
201332N298613,1,9,0,18,0,1,1,0,0,0,1,1,6,2,-1,1870,2,9,6,1
201332N298613,2,9,0,18,0,1,0,0,0,0,2,1,6,1,7,2495,2,18,5,1
201332N298713,1,9,0,9,0,0,0,0,0,0,0,1,6,2,6,1400,1,13,8,1
201332N298713,2,1,0,18,0,0,5,0,0,0,0,1,6,2,7,-1,-1,-1,8,1
201332N299613,1,9,0,18,0,0,0,0,0,0,2,1,6,2,4,998,1,14,10,1
201332N299613,2,20,0,18,0,0,0,0,4,0,1,1,2,2,7,-1,-1,-1,6,1
201332N301413,1,9,0,7,0,1,0,0,0,0,1,1,6,1,5,1998,1,12,2,1
201332N301413,2,9,0,7,0,2,0,0,0,0,2,1,6,1,8,2553,1,-1,6,1
201332N301613,1,9,0,9,0,2,5,0,0,0,4,1,6,1,5,1108,1,14,4,1
201332N302113,1,9,0,4,0,0,0,0,1,1,1,1,6,2,7,1995,2,2,9,2
201332N306113,1,4,0,18,0,0,5,0,1,0,0,1,1,1,4,124,1,8,9,2
201332N306113,2,9,0,18,0,0,0,0,0,0,0,1,6,3,-1,-1,-1,-1,-1,-1
201332N306713,1,9,3,13,0,0,4,0,1,6,3,1,6,2,8,1364,1,8,4,1
201332N306813,1,9,0,16,0,0,0,0,7,4,3,1,6,1,8,1796,1,8,4,3
201332N306813,2,21,0,17,0,0,0,0,0,0,3,1,1,1,8,8970,2,9,4,1
201332N306813,3,19,0,17,0,0,0,0,0,0,3,1,1,1,7,1248,2,2,1,1
201332N306913,1,9,0,18,0,0,2,0,1,9,1,1,6,1,5,1360,1,6,9,2
201332N307013,1,9,0,18,0,0,0,10,1,9,4,1,6,2,6,1900,2,14,6,1
201332N307313,1,19,0,18,0,0,0,0,0,0,1,1,6,2,-1,1995,2,1,-1,-1
201332N307313,2,9,0,3,0,0,0,0,0,0,2,1,6,2,4,1399,1,7,3,1
201332N307613,1,19,0,18,0,1,0,0,0,0,1,1,1,1,7,2151,2,9,-1,-1
201332N307613,2,9,0,18,0,1,0,0,0,0,2,1,6,2,10,1560,2,3,10,1
201332N307613,3,9,0,3,0,5,0,0,0,0,2,1,6,1,6,1998,1,13,6,3
201332N309013,1,9,0,18,0,0,5,0,1,11,3,1,2,2,6,1299,1,8,7,2
201332N309113,1,9,0,9,0,5,0,0,0,0,4,1,6,2,6,1242,1,9,7,2
201332N309113,2,21,0,18,0,8,0,0,0,0,1,1,1,1,8,10518,2,3,3,1
201332N309113,3,21,1,10,0,1,0,0,0,0,1,1,1,1,8,12809,2,1,1,1
201332N309413,1,5,0,13,0,1,0,0,0,0,1,1,6,1,8,1000,1,5,7,2
201332N309413,2,17,4,9,0,5,0,0,0,0,2,1,1,1,9,-1,2,20,9,3
201332N310713,1,3,0,13,0,1,0,0,0,0,1,1,2,1,6,124,1,2,7,2
201332N310713,2,17,4,9,0,5,0,0,0,0,2,1,1,1,7,-1,-1,-1,6,3
201332N310713,3,9,0,18,0,1,0,0,0,0,1,1,6,2,8,1240,1,10,9,3
201332N311913,1,5,0,13,0,8,1,0,0,0,1,1,6,1,8,649,1,2,10,1
201332N311913,2,9,0,9,0,8,0,0,0,0,3,1,6,1,10,1781,1,12,5,1
201332N312613,1,9,0,18,0,1,0,0,0,0,1,1,6,2,8,1339,1,8,4,1
201332N313113,1,9,0,17,0,0,0,0,1,9,1,1,6,1,6,1753,2,4,7,1
201332N313813,1,9,0,13,0,0,0,0,1,0,3,1,6,1,-1,1997,2,12,4,1
201332N313813,2,9,0,18,0,0,0,0,0,0,3,1,2,2,5,1124,1,12,7,1
201332N313913,1,9,0,18,0,1,0,0,0,0,4,1,6,1,4,1798,1,12,6,3
201332N313913,2,9,0,9,7,1,0,0,0,0,3,1,6,1,8,1560,2,-1,7,1
201332N314213,1,9,0,16,0,0,1,0,1,0,1,1,6,1,5,1995,2,8,-1,-1
201332N314813,1,9,0,18,0,0,0,0,0,0,4,1,6,2,5,1360,1,10,10,1
201332N314813,2,1,0,18,0,0,0,0,0,0,3,1,6,1,4,-1,-1,-1,4,1
201332N316413,1,4,0,11,6,5,0,4,0,0,2,1,6,1,9,244,1,5,-1,-1
201332N316413,2,21,1,2,6,2,0,0,0,0,2,1,1,1,8,12130,2,9,3,1
201332N317113,1,9,3,13,0,0,1,0,5,6,1,1,6,2,9,2435,1,15,8,3
201332N317313,1,5,0,17,0,0,1,0,1,9,3,1,6,1,6,675,1,2,8,1
201332N318613,1,9,0,17,0,0,0,0,0,0,0,1,6,3,-1,-1,-1,-1,-1,-1
201332N318613,2,1,0,18,0,0,0,0,1,0,0,1,1,1,6,-1,-1,-1,5,3
201332N319013,1,9,0,18,0,1,2,7,5,6,1,1,1,2,6,1398,1,-1,-1,-1
201332N319013,2,9,0,9,0,1,0,0,0,0,0,1,6,3,-1,-1,-1,-1,-1,-1
201332N319213,1,9,0,18,0,0,0,0,0,0,1,1,6,1,-1,-1,-1,-1,-1,-1
201332N319213,2,9,0,1,0,0,0,0,0,0,2,1,6,2,5,-1,-1,-1,4,2
201332N321913,1,9,0,13,0,0,1,11,0,0,1,1,6,1,-1,-1,-1,-1,1,1
201332N321913,2,21,1,18,0,0,0,0,0,0,0,1,1,1,-1,12740,2,1,-1,-1
201332N322013,1,9,0,17,0,0,2,0,7,9,1,1,6,1,4,1299,1,6,7,3
201332N322213,1,21,1,18,0,0,1,0,7,10,3,2,1,1,8,-1,-1,-1,-1,-1
201332N322213,2,9,0,16,0,0,0,0,1,0,4,1,1,1,5,1587,1,14,4,1
201332N323713,1,19,0,9,0,0,0,0,0,0,0,1,1,2,7,1560,2,3,10,1
201332N323713,2,5,0,13,0,0,1,0,0,0,0,1,2,1,6,-1,-1,-1,7,1
201332N324513,1,1,0,18,0,3,5,0,0,0,2,1,6,1,7,-1,-1,-1,8,1
201332N324513,2,9,0,7,0,4,2,0,0,0,1,1,6,1,-1,-1,-1,-1,-1,-1
201332N325313,1,9,0,18,0,1,0,0,0,0,1,1,6,1,7,-1,-1,-1,9,1
201332N325313,2,9,0,9,0,1,0,0,0,0,2,1,6,2,5,-1,-1,-1,9,3
201332N325513,1,9,0,18,0,1,0,0,0,0,1,1,1,1,9,1600,1,12,10,3
201332N325513,2,9,0,10,0,1,0,0,0,0,2,1,1,1,9,1598,1,2,7,1
201332N326313,1,9,0,1,0,1,0,0,0,0,2,1,6,1,6,1560,2,1,8,3
201332N326613,1,9,0,4,0,1,0,0,0,0,1,1,6,2,7,1997,2,11,7,1
201332N326713,1,9,0,18,0,0,0,0,0,0,1,1,6,2,7,1995,2,9,9,1
201332N326713,2,1,0,12,0,0,0,0,0,0,3,1,6,1,-1,-1,-1,-1,-1,-1