Accident_Index,Vehicle_Reference,Vehicle_Type,Towing_and_Articulation,Vehicle_Manoeuvre,Vehicle_Location-Restricted_Lane,Junction_Location,Skidding_and_Overturning,Hit_Object_in_Carriageway,Vehicle_Leaving_Carriageway,Hit_Object_off_Carriageway,1st_Point_of_Impact,Was_Vehicle_Left_Hand_Drive?,Journey_Purpose_of_Driver,Sex_of_Driver,Age_Band_of_Driver,Engine_Capacity_(CC),Propulsion_Code,Age_of_Vehicle,Driver_IMD_Decile,Driver_Home_Area_Type
201332N449213,3,9,0,3,0,0,0,10,0,0,2,1,2,2,4,1598,1,-1,5,2
201332N449313,1,9,0,18,0,1,0,4,0,0,2,1,6,1,11,973,1,13,10,1
201332N449313,2,98,1,2,0,2,0,0,0,0,0,1,1,3,6,-1,-1,-1,9,1
201332N449913,1,9,0,17,0,0,2,0,1,0,0,1,6,1,5,-1,-1,-1,5,3
201332N450013,1,2,0,4,0,0,0,0,0,0,0,1,6,2,5,125,1,13,8,1
201332N450513,1,9,0,18,0,0,0,0,0,0,1,1,6,2,-1,1598,1,9,10,2
201332N450513,2,9,0,3,0,0,0,0,0,0,2,1,6,1,9,-1,-1,-1,6,3
201332N450513,3,9,0,3,0,0,0,0,0,0,2,1,6,2,9,1598,1,2,6,3
201332N451013,1,9,0,17,0,0,1,0,1,1,3,1,6,2,7,1149,1,12,10,1
201332N451913,1,9,0,13,0,0,0,0,0,0,0,1,1,1,6,1796,1,11,5,2
201332N451913,2,19,0,16,0,0,0,0,1,10,1,1,1,1,9,1560,2,6,10,1
201332N451913,3,19,0,17,0,0,0,0,0,0,0,1,1,1,8,-1,-1,-1,3,1
201332N455213,1,19,0,9,0,6,0,0,0,0,3,1,1,1,-1,-1,-1,-1,-1,-1
201332N455213,2,9,0,18,0,1,0,0,0,0,3,1,6,2,5,1527,2,13,5,1
201332N455813,1,9,0,17,0,0,2,0,1,11,1,1,6,2,4,998,1,13,7,2
201332N457113,1,9,0,3,0,1,0,0,0,0,2,1,6,2,-1,1124,1,8,4,1
201332N457113,2,9,0,18,0,1,0,0,0,0,1,1,6,1,-1,2688,2,12,10,1
201332N457413,1,9,0,9,0,6,0,0,0,0,1,1,4,2,6,1390,1,10,10,1
201332N457513,1,9,0,17,0,2,2,0,1,9,1,1,6,2,6,1560,2,3,4,3
201332N458313,1,9,0,18,0,0,1,0,2,4,1,1,6,2,6,1896,2,11,9,2
201332N458613,1,9,0,7,0,8,0,0,1,2,2,1,6,1,10,-1,-1,-1,4,1
201332N458613,2,9,0,18,0,1,0,0,0,0,1,1,2,2,6,1299,1,8,10,1
201332N458713,1,9,0,18,0,0,1,0,1,9,1,1,6,1,4,-1,-1,-1,10,3
201332N458813,1,9,0,18,0,0,0,0,1,0,1,1,2,2,6,1600,1,13,5,3
201332N459213,1,9,0,17,0,0,5,0,7,9,1,1,6,2,4,995,1,6,9,3
201332N459913,1,9,0,14,0,1,0,4,0,0,1,1,6,1,8,998,1,15,10,1
201332N459913,2,9,0,2,6,1,0,4,0,0,2,1,6,3,-1,1299,1,9,-1,-1
201332N459913,3,9,0,2,6,1,0,0,0,0,2,1,6,3,-1,1590,1,8,-1,-1
201332N460013,1,9,0,10,0,1,0,0,0,0,3,1,6,2,7,1968,2,1,9,3
201332N460013,2,5,0,18,0,1,5,0,0,0,1,1,6,1,6,998,1,-1,10,3
201332N461013,1,9,0,13,0,8,1,0,7,4,1,1,6,1,10,1948,1,10,10,1
201332N461013,2,9,0,9,0,6,0,0,0,0,1,1,6,1,5,1399,2,1,9,1
201332N461713,1,9,0,17,0,0,5,0,7,9,4,1,6,2,6,1296,1,7,7,3
201332N462013,1,9,0,9,0,1,0,0,0,0,1,1,6,1,9,-1,-1,-1,6,3
201332N462013,2,9,0,18,0,1,0,0,0,0,1,1,2,1,8,1598,1,6,6,3
201332N463613,1,9,0,5,0,6,0,0,0,0,1,1,6,1,9,1686,2,8,9,1
201332N463613,2,1,0,18,0,1,0,0,0,0,1,1,6,1,4,-1,-1,-1,10,1
201332N464213,1,9,0,18,0,0,2,0,1,0,1,1,6,2,4,1349,1,4,9,3
201332N464313,1,9,0,9,0,1,0,0,0,0,1,1,1,2,8,1968,2,2,6,1
201332N468613,1,9,0,9,0,2,0,0,0,0,0,1,1,2,4,1229,1,6,6,3
201332N468613,2,1,0,16,0,1,0,0,1,0,0,1,2,1,6,-1,-1,-1,4,1
201332N470413,1,9,0,18,0,0,0,0,0,0,1,1,2,2,8,1124,1,8,7,1
201332N470413,2,9,0,3,0,0,0,0,0,0,2,1,2,2,8,1396,1,3,-1,-1
201332N470513,1,9,0,16,0,1,1,0,7,2,1,1,2,1,7,1796,7,10,2,1
201332N471813,1,9,0,5,0,0,0,0,0,0,1,1,6,1,7,1598,1,13,8,1
201332N471813,2,11,0,8,0,0,0,0,0,0,1,1,2,1,6,6374,2,3,6,3
201332N472113,1,9,0,9,0,8,0,0,0,0,1,1,6,2,11,1396,1,11,5,3
201332N472113,2,1,0,18,0,8,5,0,0,0,4,1,6,1,9,-1,-1,-1,10,1
201332N472213,1,9,0,17,0,0,2,0,1,0,1,1,2,2,4,998,1,12,6,3
201332N472313,1,9,0,17,0,2,2,0,1,9,3,1,6,2,5,1360,1,11,5,1
201332N472513,1,9,0,9,0,8,0,0,0,0,0,1,6,2,6,1896,2,16,8,1
201332N472513,2,3,0,18,0,1,1,0,0,0,0,1,1,1,6,125,1,1,-1,-1
201332N472813,1,9,0,18,0,6,0,0,0,0,1,1,2,1,5,1986,2,7,7,3
201332N472813,2,9,0,10,0,1,0,0,0,0,4,1,2,2,9,1360,1,6,7,3
201332N476413,1,9,0,16,0,0,2,0,1,4,1,1,1,1,6,1598,1,13,10,2
201332N478213,1,21,1,13,0,0,0,0,0,0,3,2,1,1,7,-1,-1,-1,-1,-1
201332N478213,2,9,0,18,0,0,0,0,0,0,4,1,1,1,8,1870,2,14,6,1
201332N479013,1,9,0,6,0,0,0,0,0,0,4,1,6,1,8,2494,1,10,1,1
201332N479013,2,9,0,18,0,0,0,0,1,0,1,1,2,1,8,1339,1,1,-1,-1
201332N479213,1,9,0,12,0,8,0,0,0,0,3,2,6,1,6,-1,-1,-1,2,1
201332N479213,2,9,0,7,0,8,0,0,0,0,4,1,2,2,5,1360,1,7,4,1
201332N480213,1,9,0,9,0,1,0,0,0,0,3,1,6,1,10,1870,2,11,7,1
201332N480213,2,1,0,18,0,1,0,0,0,0,1,1,2,1,7,-1,-1,-1,4,1
201332N480913,1,9,0,9,0,6,0,0,0,0,1,1,6,1,11,1895,1,13,5,2
201332N480913,2,9,0,18,0,8,0,0,7,0,4,1,6,1,7,1984,1,16,9,2
201332N481013,1,9,0,7,0,1,0,0,1,10,1,1,6,1,8,2401,2,10,8,3
201332N481113,1,9,0,18,0,1,0,0,0,0,0,1,1,1,7,1910,2,6,8,1
201332N481213,1,9,0,17,0,0,5,0,1,9,1,1,6,1,4,1796,1,9,10,1
201332N482013,1,9,0,18,0,0,0,0,0,0,1,1,1,2,5,1497,1,12,8,3
201332N482013,2,9,0,4,0,0,0,0,0,0,2,1,1,1,7,1968,2,-1,-1,-1
201332N482113,1,9,0,16,0,0,1,0,8,11,1,1,6,1,11,1328,1,10,3,1
201332N483113,1,9,0,9,0,1,0,0,0,0,3,1,6,2,7,1197,1,-1,9,3
201332N483113,2,3,0,13,0,1,0,0,0,0,4,1,6,1,6,125,1,1,7,1
201332N484713,1,19,0,9,0,1,0,0,0,0,1,2,6,1,-1,1753,2,9,-1,-1
201332N484713,2,3,0,10,0,1,0,0,0,0,1,1,6,1,4,124,1,4,7,1
201332N484813,1,3,0,18,0,2,1,0,0,0,1,1,6,1,4,125,1,-1,5,3
201332N484813,2,9,0,4,0,2,0,0,0,0,2,1,6,2,7,1390,1,7,10,1
201332N484913,1,21,1,5,0,0,0,0,0,0,2,1,1,1,9,12900,2,1,2,1
201332N484913,2,21,1,18,0,0,0,0,0,0,1,1,1,1,8,11946,2,2,-1,-1
201332N485313,1,9,0,2,9,0,0,0,0,0,3,1,6,2,7,1796,1,6,4,1
201332N485313,2,1,0,18,4,0,0,4,0,0,1,1,6,2,9,-1,-1,-1,4,1
201332N485613,1,9,0,18,0,1,0,0,0,0,1,1,3,2,8,-1,-1,-1,7,3
201332N485913,1,9,0,18,7,0,0,0,1,4,1,1,6,1,10,1399,1,3,7,3
201332N486513,1,21,0,8,0,1,0,0,0,0,4,1,1,1,9,3920,2,7,2,1
201332N486513,2,9,0,18,0,1,0,0,0,0,1,1,1,2,7,1995,1,4,8,1
201332N488013,1,9,0,4,0,0,0,0,0,0,1,1,1,1,9,1798,1,2,3,1
201332N488013,2,9,0,4,0,0,0,0,0,0,2,1,2,2,8,1968,2,-1,10,1
201332N488013,3,9,0,4,0,0,1,0,0,0,2,1,6,1,11,1461,2,-1,6,3
201332N488713,1,9,0,18,0,0,1,0,7,10,1,1,3,2,6,1242,1,11,6,3
201332N488813,1,9,0,18,0,0,0,0,0,0,1,1,3,1,7,1798,1,12,4,1
201332N488813,2,9,0,18,0,0,0,0,0,0,1,1,1,1,8,1398,1,1,-1,-1
201332N488913,1,9,0,18,0,0,1,0,0,0,1,1,6,1,4,1396,1,7,9,3
201332N488913,2,10,0,18,0,0,0,0,0,0,2,1,6,1,6,1998,2,8,1,1
201332N488913,3,9,0,18,0,0,0,0,0,0,2,1,6,1,9,-1,-1,-1,6,1
201332N489313,1,9,0,18,0,0,0,0,0,0,1,1,6,3,-1,-1,-1,-1,-1,-1
201332N490313,1,9,0,1,0,0,0,0,0,0,2,1,6,1,10,1498,1,5,9,1
201332N490713,1,9,0,4,0,1,1,0,0,0,1,1,2,1,5,998,1,8,8,1
201332N490713,2,1,0,18,0,2,0,0,0,0,4,1,6,1,6,-1,-1,-1,1,1
201332N494413,1,9,0,18,0,0,2,0,1,9,1,1,2,1,8,1800,1,14,3,1
201332N494613,1,3,0,18,0,0,0,0,1,0,0,1,6,1,6,125,1,2,5,1
201332N497013,1,9,0,18,0,0,0,0,0,0,2,1,6,1,-1,-1,-1,-1,-1,-1
201332N497013,2,9,0,18,0,0,0,0,0,0,1,1,1,1,6,1910,2,9,3,1
201332N500713,1,9,0,17,0,2,2,10,1,0,0,1,6,1,7,998,1,11,3,1
201332N500913,1,9,0,17,0,0,1,0,7,1,1,1,6,1,11,-1,-1,-1,4,1
201332N501113,1,9,0,9,0,1,0,0,0,0,4,1,6,2,10,1686,2,10,9,2
201332N501113,2,9,0,18,0,1,0,0,0,0,1,1,6,1,10,1995,2,6,9,2
201332N501213,1,19,0,18,0,0,0,11,0,0,1,1,2,1,6,1248,2,5,7,1
201332N502013,1,9,0,4,0,1,0,0,0,0,1,1,6,1,-1,2151,2,14,-1,-1
201332N502013,2,9,0,3,0,1,0,0,0,0,2,1,6,2,7,1399,2,2,6,1
201332W361113,1,9,0,4,0,1,0,0,0,0,1,1,1,1,9,1686,2,2,7,1
201332W361113,2,9,0,4,0,1,0,0,0,0,2,1,6,2,6,1149,1,5,7,1
201332W361113,3,9,0,4,0,1,0,0,0,0,2,1,6,1,4,-1,-1,-1,-1,-1
201332W361113,4,9,0,4,0,1,0,0,0,0,2,1,6,1,6,1896,2,10,7,3
2013331300001,1,8,0,5,0,6,0,0,0,0,1,1,1,1,8,2402,2,8,9,1
2013331300001,2,1,0,18,0,8,0,0,0,0,4,1,6,1,6,-1,-1,-1,1,1
2013331300002,1,9,0,18,0,0,0,7,0,0,3,1,6,1,10,2230,1,10,3,2
2013331300003,1,9,0,18,0,4,0,0,1,10,1,1,6,1,5,1364,1,6,1,1
2013331300003,2,9,0,5,0,8,0,0,0,0,4,1,6,1,6,1397,1,11,7,1
2013331300004,1,9,0,13,0,8,0,0,0,0,1,1,2,2,8,1598,1,2,10,1
2013331300004,2,9,0,9,0,5,0,0,0,0,3,1,2,2,7,-1,-1,-1,9,1
2013331300005,1,9,0,18,0,0,0,0,7,6,3,1,1,1,8,-1,-1,-1,4,1
2013331300005,2,9,0,18,0,0,0,0,7,6,4,1,1,1,8,-1,-1,-1,7,3
2013331300006,1,9,0,18,0,0,0,0,1,4,1,1,6,2,10,1242,1,1,9,2
2013331300007,1,9,0,18,0,8,0,0,0,0,1,1,2,2,5,1198,1,11,8,1
2013331300007,2,19,0,9,0,5,0,0,0,0,2,1,1,1,6,2402,2,3,1,1
2013331300008,1,9,0,16,0,0,1,0,0,0,1,1,6,2,8,1997,2,12,6,3
2013331300008,2,9,0,17,0,0,0,0,1,10,1,1,6,1,6,-1,-1,-1,4,2
2013331300009,1,9,0,18,0,1,0,0,0,0,1,1,6,2,6,-1,-1,-1,-1,-1
2013331300009,2,1,0,18,0,6,0,0,0,0,4,1,6,1,3,-1,-1,-1,4,1
2013331300010,1,9,0,18,0,0,0,0,0,0,4,1,2,2,5,998,1,7,-1,-1
2013331300012,1,9,0,18,0,0,5,4,0,0,1,1,6,1,11,1388,1,9,7,2
2013331300012,2,9,0,2,0,0,0,0,0,0,1,1,6,3,-1,1781,1,13,-1,-1
2013331300013,1,9,0,4,0,4,0,0,0,0,2,1,6,1,8,998,1,11,10,1
2013331300013,2,9,0,5,0,4,0,0,0,0,1,1,6,1,5,1229,1,3,9,1
2013331300014,1,9,0,4,0,8,0,0,0,0,1,1,6,2,4,-1,-1,-1,9,2
2013331300014,2,9,0,10,0,8,0,0,0,0,2,1,6,2,5,1248,2,9,4,1
2013331300015,1,9,0,9,0,5,0,0,0,0,1,1,3,2,7,1389,1,10,6,1
2013331300015,2,9,0,18,0,8,0,0,0,0,3,1,6,1,5,1997,2,2,3,1
2013331300016,1,19,0,6,0,0,5,0,0,0,3,1,1,1,9,2143,2,3,9,1
2013331300016,2,9,0,4,0,0,1,0,0,0,1,1,6,1,9,1968,2,2,-1,-1
2013331300017,1,9,0,17,0,0,2,0,1,0,3,1,6,2,8,998,1,9,6,3
2013331300018,1,9,0,18,0,0,0,0,0,0,1,1,6,1,6,-1,-1,-1,4,1
2013331300018,2,9,0,4,0,0,0,0,0,0,2,1,6,1,5,1242,1,13,5,3
2013331300019,1,19,0,1,0,5,0,0,0,0,2,1,1,1,9,2148,2,5,4,1
2013331300020,1,9,0,16,0,0,5,0,1,3,1,1,6,1,8,1598,1,12,-1,-1
2013331300021,1,9,0,16,0,0,1,0,2,10,1,1,6,1,4,1242,1,6,-1,-1
2013331300023,1,9,0,17,0,0,2,0,1,10,3,1,2,2,5,1363,2,11,9,2
2013331300024,1,9,0,3,0,1,0,0,0,0,3,1,2,2,8,-1,-1,-1,5,1
2013331300024,2,9,0,16,0,2,0,0,0,0,3,1,6,3,-1,-1,-1,-1,-1,-1
2013331300025,1,21,0,6,0,0,0,0,0,0,3,1,1,1,8,5861,2,12,2,1
2013331300025,2,9,0,4,0,0,0,0,0,0,1,1,1,1,6,-1,-1,-1,8,1
2013331300025,3,9,0,18,0,0,0,0,0,0,2,1,1,1,9,-1,-1,-1,-1,-1
2013331300025,4,9,0,18,0,0,0,0,0,0,1,1,1,1,8,-1,-1,-1,2,1
2013331300026,1,9,0,5,0,2,0,0,0,0,1,1,1,2,8,-1,-1,-1,-1,-1
2013331300026,2,9,0,18,0,2,0,0,0,0,1,1,1,2,9,1242,1,13,-1,-1
2013331300027,1,9,0,9,0,5,0,0,0,0,1,1,1,2,4,1995,2,3,-1,-1
2013331300027,2,1,0,18,0,8,0,0,0,0,1,1,6,1,5,-1,-1,-1,-1,-1
2013331300028,1,9,0,18,0,1,0,0,1,2,3,1,6,2,4,-1,-1,-1,8,1
2013331300029,1,9,0,9,0,5,0,0,0,0,2,1,6,1,10,1388,1,7,5,1
2013331300029,2,1,0,18,0,8,0,0,0,0,1,1,6,1,5,-1,-1,-1,-1,-1
2013331300030,1,1,0,18,5,8,0,0,0,0,2,1,6,1,9,-1,-1,-1,6,1
2013331300030,2,9,0,5,5,8,0,0,0,0,1,1,6,1,5,1198,1,6,-1,-1
2013331300031,1,9,0,18,0,0,0,0,1,2,1,1,2,2,8,999,1,5,1,1
2013331300032,1,9,0,9,0,0,0,0,0,0,1,1,6,1,-1,1598,2,3,-1,-1
2013331300032,2,1,0,14,0,0,0,0,0,0,1,1,6,2,6,-1,-1,-1,4,1
2013331300033,1,9,0,9,0,6,0,0,0,0,1,1,6,1,8,1991,2,8,9,1
2013331300033,2,9,0,18,0,8,0,0,0,0,1,1,6,2,6,1590,1,18,1,1
2013331300034,1,9,0,18,0,0,0,0,0,0,2,1,6,2,7,-1,-1,-1,1,1
2013331300034,2,9,0,18,0,0,0,0,0,0,1,1,6,2,-1,1388,1,10,-1,-1
2013331300035,1,9,0,18,0,8,0,0,0,0,1,1,1,1,6,1364,1,9,7,1
2013331300035,2,9,0,9,0,5,0,0,0,0,1,1,2,1,8,1596,1,7,6,1
2013331300036,1,9,0,5,0,2,0,0,0,0,1,1,6,1,6,-1,-1,-1,-1,-1
2013331300037,1,9,0,5,0,1,0,0,0,0,4,1,6,1,7,-1,-1,-1,-1,-1
2013331300038,1,8,0,1,0,8,0,0,0,0,2,1,6,1,7,-1,-1,-1,-1,-1
2013331300038,2,9,0,9,0,8,0,0,0,0,3,1,3,2,6,1598,2,3,-1,-1
2013331300039,1,9,0,16,0,0,1,0,0,0,1,1,6,2,6,-1,-1,-1,-1,-1
2013331300039,2,9,0,18,0,0,0,0,2,0,1,1,6,2,7,1388,1,5,-1,-1
2013331300040,1,9,0,9,0,5,0,0,0,0,4,1,6,1,6,1598,1,6,7,1
2013331300040,2,3,0,15,0,8,0,0,0,0,1,1,6,1,5,123,1,28,-1,-1
2013331300040,3,19,0,3,0,1,0,0,0,0,0,1,6,3,-1,-1,-1,-1,-1,-1
2013331300041,1,9,0,5,9,6,0,0,0,0,4,1,6,1,8,1242,1,2,-1,-1
2013331300042,1,9,0,4,0,0,0,0,0,0,2,1,2,2,6,1984,1,5,5,1
2013331300042,2,9,0,4,0,0,0,0,0,0,2,1,2,1,8,1995,2,3,5,1
2013331300042,3,9,0,18,0,0,0,0,0,0,2,1,2,1,9,1560,2,1,3,1
2013331300043,1,9,0,18,0,0,0,0,0,0,1,1,6,2,5,1995,2,7,4,1
2013331300043,2,9,0,18,0,0,0,0,0,0,2,1,6,1,6,1995,2,2,1,1
2013331300045,1,9,0,18,0,0,0,0,0,0,1,1,1,1,6,1560,2,6,8,1
2013331300045,2,9,0,4,0,0,0,0,0,0,2,1,1,1,6,-1,-1,-1,8,1
2013331300046,1,9,0,2,0,1,0,0,0,0,2,1,1,1,7,1753,2,7,10,1
2013331300046,2,9,0,18,0,1,0,4,0,0,1,1,6,1,5,1781,1,12,6,1
2013331300047,1,9,0,18,0,8,0,0,0,0,1,1,6,2,9,1124,1,15,10,3
2013331300047,2,9,0,9,0,6,0,0,0,0,1,1,2,1,5,1388,1,11,5,3
2013331300048,1,9,0,9,0,3,0,0,0,0,1,1,6,1,8,1390,1,12,2,1
2013331300049,1,9,0,18,0,8,0,0,0,0,1,1,1,1,5,1598,2,2,10,2
2013331300049,2,9,0,18,0,4,0,0,1,1,3,1,6,2,7,1598,1,8,9,1
2013331300050,1,9,0,5,0,1,0,0,0,0,1,1,2,2,5,1796,1,8,7,3
2013331300050,2,9,0,4,0,1,0,0,0,0,2,1,6,2,8,1597,1,18,7,2
2013331300051,1,9,0,17,0,0,1,0,1,0,1,1,2,1,7,1149,1,11,9,1
2013331300051,2,9,0,16,0,0,1,0,7,0,1,1,2,2,9,-1,-1,-1,7,2
2013331300052,1,9,0,16,0,0,1,0,4,2,1,1,6,1,5,1798,1,10,6,2
2013331300053,1,9,0,17,0,0,0,10,7,10,1,1,1,2,5,1149,1,10,4,1
2013331300054,1,9,0,4,0,4,0,0,0,0,2,1,1,2,6,2143,2,1,-1,-1
2013331300054,2,9,0,5,0,4,0,0,0,0,1,1,1,2,5,1388,1,4,9,1
2013331300054,3,19,0,9,0,8,0,0,0,0,0,1,6,3,-1,-1,-1,-1,-1,-1
2013331300055,1,9,0,9,0,6,0,0,0,0,1,1,6,2,4,1388,1,9,10,1
2013331300055,2,3,0,18,0,8,1,0,0,0,4,1,6,1,4,124,1,1,10,1
2013331300056,1,9,0,18,0,1,0,0,0,0,1,1,6,1,9,1994,2,14,10,1
2013331300057,1,19,0,2,0,1,0,0,0,0,0,1,1,1,5,-1,-1,-1,-1,-1
2013331300057,2,9,0,5,0,1,0,0,0,0,1,1,6,1,-1,1968,2,4,-1,-1
2013331300058,1,9,0,18,0,0,1,4,0,0,1,1,6,1,4,1587,1,10,-1,-1
2013331300058,2,9,0,2,0,0,0,0,0,0,2,1,6,1,8,1597,1,7,7,1
2013331300059,1,9,0,5,0,6,0,0,0,0,1,1,2,2,6,1390,1,6,3,1
2013331300059,2,9,0,18,0,8,0,0,0,0,4,1,1,1,7,1399,2,4,-1,-1
2013331300060,1,22,0,5,0,1,0,0,0,0,4,1,6,2,10,-1,-1,-1,-1,-1
2013331300060,2,9,0,17,0,1,0,0,0,0,1,1,6,1,10,1299,1,8,1,1
2013331300061,1,9,0,3,0,1,0,0,0,0,2,1,6,2,8,1596,1,7,2,1
2013331300061,2,9,0,4,0,1,0,0,0,0,1,1,6,1,5,1896,2,11,2,1
2013331300061,3,9,0,7,0,6,0,0,0,0,0,1,6,3,-1,-1,-1,-1,-1,-1
2013331300062,1,9,0,17,0,0,0,0,7,9,2,1,6,1,6,1398,2,5,8,2
2013331300063,1,9,0,4,0,4,0,0,0,0,1,1,1,1,8,2495,2,11,-1,-1
2013331300063,2,9,0,4,0,4,0,0,0,0,2,1,1,2,6,1588,1,14,6,1
2013331300064,1,9,0,4,0,0,0,0,0,0,1,1,6,2,7,1753,2,10,-1,-1
2013331300064,2,9,0,3,0,0,0,0,0,0,2,1,6,2,8,1560,2,6,5,1
2013331300065,1,9,0,4,0,6,1,0,0,0,1,1,2,1,6,998,1,13,-1,-1
2013331300065,2,9,0,16,0,8,5,0,7,1,4,1,1,1,10,1390,1,12,7,1
2013331300066,1,9,0,17,0,0,0,0,0,0,1,1,6,2,8,-1,-1,-1,9,3
2013331300066,2,9,0,16,0,0,0,0,1,10,1,1,1,2,9,1598,2,2,8,1
2013331300067,1,9,0,18,0,0,0,0,7,0,3,1,6,1,6,1597,1,10,10,1
2013331300067,2,9,0,18,0,0,0,0,0,0,3,1,6,1,9,1560,2,6,2,1
2013331300068,1,9,0,3,0,1,0,0,0,0,2,1,6,1,5,-1,-1,-1,3,1
2013331300068,2,9,0,3,0,1,0,0,0,0,2,1,6,1,-1,1560,2,6,-1,-1
2013331300068,3,9,0,18,0,1,0,0,0,0,1,1,6,1,-1,-1,-1,-1,-1,-1
2013331300069,1,9,0,5,0,0,0,0,0,0,3,1,6,1,10,1799,1,7,6,1
2013331300069,2,11,0,13,0,0,0,0,0,0,4,1,1,1,9,9000,2,10,6,2
2013331300070,1,9,0,18,0,2,0,0,1,0,3,1,1,2,8,1598,1,13,7,1
2013331300070,2,9,0,18,0,1,0,0,1,0,3,1,1,1,5,1248,2,6,5,1
2013331300071,1,9,0,2,0,1,0,0,0,0,2,1,6,1,6,1198,1,10,3,1
2013331300071,2,9,0,18,0,1,0,0,0,0,1,1,6,1,6,1895,1,13,4,1
2013331300072,1,9,0,4,0,1,0,0,0,0,1,1,6,1,7,1968,2,3,3,1
2013331300072,2,1,0,5,0,6,0,0,0,0,1,1,6,1,4,-1,-1,-1,-1,-1
2013331300073,1,11,0,9,0,6,0,0,0,0,4,1,1,1,9,-1,2,13,5,1
2013331300073,2,9,0,4,0,8,1,0,0,0,1,1,6,2,4,1388,1,10,-1,-1
2013331300074,1,1,0,9,0,4,0,0,0,0,3,1,2,1,9,-1,-1,-1,-1,-1
2013331300074,2,9,0,7,0,4,0,0,0,0,2,1,6,3,-1,-1,-1,-1,-1,-1
2013331300075,1,9,0,9,0,5,0,0,0,0,4,1,6,2,6,1747,1,10,-1,-1
2013331300075,2,9,0,15,0,8,0,0,0,0,1,1,6,1,6,1896,2,11,1,1
2013331300075,3,9,0,18,0,1,0,0,0,0,0,1,6,3,-1,-1,-1,-1,-1,-1
2013331300076,1,9,0,14,0,0,0,0,0,0,1,1,6,1,8,1796,1,12,5,1
2013331300076,2,9,0,3,0,0,0,0,0,0,1,1,6,2,9,-1,-1,-1,7,2
2013331300077,1,9,0,9,0,6,0,0,0,0,1,1,1,1,6,998,1,14,7,1
2013331300077,2,9,0,17,0,8,0,0,0,0,1,1,3,1,8,1795,1,14,6,3
2013331300078,1,9,0,5,0,6,0,0,7,0,1,1,6,2,4,998,1,4,10,2
2013331300078,2,9,0,18,0,8,0,0,1,0,3,1,6,2,9,1198,1,2,3,1
2013331300079,1,9,0,16,0,0,5,0,7,3,3,1,6,2,7,-1,-1,-1,4,3
2013331300080,1,19,0,4,0,6,0,0,0,0,3,1,1,1,8,2488,2,6,10,1
2013331300080,2,19,0,18,0,8,0,0,0,0,1,1,1,1,9,1896,2,4,9,3
2013331300081,1,8,0,14,0,0,0,0,0,0,1,1,6,2,10,1951,2,9,-1,-1
2013331300081,2,9,0,18,0,0,0,0,0,0,1,1,6,1,11,1341,1,13,-1,-1
2013331300081,3,11,0,3,0,0,0,0,0,0,0,1,1,3,-1,-1,-1,-1,-1,-1
2013331300084,1,9,0,17,0,0,5,0,0,0,4,1,6,1,8,2499,2,11,6,3
2013331300085,1,9,0,18,0,0,0,0,1,4,1,1,2,2,7,1299,1,8,8,3
2013331300086,1,9,0,5,0,0,0,0,0,0,1,1,1,1,9,-1,-1,-1,-1,-1
2013331300086,2,1,0,18,0,0,0,0,0,0,2,1,6,1,8,-1,-1,-1,6,2
2013331300087,1,9,0,18,0,0,0,4,1,0,1,1,6,2,10,1598,1,10,5,1
2013331300087,2,9,0,2,0,0,0,0,0,0,1,1,6,3,-1,3000,1,11,-1,-1
2013331300087,3,9,0,2,0,0,0,0,0,0,2,1,6,3,-1,-1,-1,-1,-1,-1
2013331300089,1,9,0,17,0,0,0,10,7,4,1,1,6,2,4,1240,1,10,-1,-1
2013331300090,1,9,0,17,0,0,0,0,7,10,1,1,1,2,6,1124,1,8,2,1
2013331300090,2,9,0,17,0,0,0,0,7,10,2,1,1,2,8,1368,1,5,2,1
2013331300091,1,9,0,18,0,0,0,0,0,0,1,1,6,1,6,1124,1,12,2,1
2013331300091,2,9,0,18,0,0,0,0,0,0,1,1,2,1,8,-1,-1,-1,1,1
2013331300092,1,9,0,17,0,2,0,0,1,10,1,1,6,1,5,-1,-1,-1,-1,-1
2013331300093,1,9,0,18,0,8,0,0,0,0,1,1,6,1,7,1796,1,13,2,1
2013331300093,2,19,0,18,0,6,0,0,0,0,1,1,6,1,-1,2000,2,11,-1,-1
2013331300094,1,9,0,17,0,0,0,0,1,1,1,1,2,1,6,-1,-1,-1,4,1
2013331300095,1,9,0,4,0,4,0,0,0,0,2,1,6,1,7,1753,2,4,10,1
2013331300095,2,9,0,18,0,4,0,0,0,0,1,1,6,2,-1,1229,1,6,2,1
2013331300096,1,9,0,9,0,6,0,0,0,0,1,1,6,1,7,1800,1,13,10,2
2013331300096,2,1,0,18,0,8,0,0,7,0,1,1,6,1,8,-1,-1,-1,10,2
2013331300097,1,9,0,18,0,6,0,0,0,0,1,1,6,2,-1,-1,-1,-1,-1,-1
2013331300097,2,1,0,18,0,8,0,0,0,0,2,1,6,1,3,-1,-1,-1,4,1
2013331300097,3,1,0,18,0,8,0,0,0,0,2,1,6,3,-1,-1,-1,-1,-1,-1
2013331300098,1,9,0,9,0,5,0,0,0,0,1,1,6,2,8,1388,1,1,1,1