Accident_Index,Vehicle_Reference,Vehicle_Type,Towing_and_Articulation,Vehicle_Manoeuvre,Vehicle_Location-Restricted_Lane,Junction_Location,Skidding_and_Overturning,Hit_Object_in_Carriageway,Vehicle_Leaving_Carriageway,Hit_Object_off_Carriageway,1st_Point_of_Impact,Was_Vehicle_Left_Hand_Drive?,Journey_Purpose_of_Driver,Sex_of_Driver,Age_Band_of_Driver,Engine_Capacity_(CC),Propulsion_Code,Age_of_Vehicle,Driver_IMD_Decile,Driver_Home_Area_Type
2013331300098,2,9,0,7,0,5,0,0,0,0,2,1,2,2,6,1242,1,4,9,2
2013331300099,1,19,0,3,0,0,0,0,0,0,3,1,1,1,8,1997,2,11,7,1
2013331300099,2,9,0,5,0,0,0,0,0,0,3,1,6,2,-1,1497,1,13,-1,-1
2013331300100,1,9,0,18,0,0,0,0,0,0,3,1,6,1,6,1995,2,9,2,1
2013331300100,2,9,0,18,0,0,0,0,0,0,1,1,6,3,-1,-1,-1,-1,-1,-1
2013331300101,1,9,0,4,0,0,0,0,0,0,1,1,6,1,10,1390,1,11,9,1
2013331300101,2,9,0,3,0,0,0,0,0,0,2,1,6,2,5,1461,2,10,-1,-1
2013331300102,1,9,0,17,0,2,0,6,0,0,1,1,6,2,7,1968,2,5,6,2
2013331300103,1,9,0,4,0,2,1,0,0,0,1,1,6,1,6,1124,1,16,3,1
2013331300103,2,9,0,4,0,2,0,0,0,0,2,1,6,2,7,2184,2,17,3,1
2013331300104,1,9,0,4,0,8,1,9,3,0,1,1,6,1,4,-1,-1,-1,7,3
2013331300105,1,9,0,9,0,8,0,0,0,0,2,1,2,1,7,1686,2,7,-1,-1
2013331300105,2,9,0,3,0,8,0,0,0,0,2,1,1,1,8,1896,2,11,-1,-1
2013331300105,3,9,0,18,0,8,0,0,0,0,1,1,1,1,10,-1,-1,-1,-1,-1
2013331300106,1,9,0,17,0,2,0,0,2,0,4,1,6,1,8,-1,-1,-1,-1,-1
2013331300107,1,9,0,9,0,5,0,0,0,0,4,1,6,1,11,1242,1,7,5,1
2013331300107,2,9,0,18,0,8,0,0,0,0,1,1,6,1,4,-1,-1,-1,-1,-1
2013331300108,1,9,0,2,0,0,0,0,0,0,3,1,6,1,8,2204,2,6,-1,-1
2013331300108,2,1,0,18,0,0,0,0,0,0,1,1,6,1,6,-1,-1,-1,-1,-1
2013331300109,1,19,0,5,0,1,0,0,0,0,1,1,6,1,8,-1,-1,-1,-1,-1
2013331300109,2,9,0,3,0,1,0,0,0,0,2,1,6,2,6,1598,1,8,-1,-1
2013331300110,1,9,0,18,0,0,0,0,1,7,1,1,6,2,7,1598,1,6,1,1
2013331300111,1,9,0,4,0,4,0,0,0,0,1,1,6,3,-1,-1,-1,-1,-1,-1
2013331300111,2,1,0,18,0,8,0,0,0,0,4,1,6,1,6,-1,-1,-1,6,1
2013331300112,1,21,0,2,6,0,0,0,0,0,0,1,1,1,8,12000,2,23,9,1
2013331300112,2,21,0,18,0,0,0,0,0,0,4,1,6,3,-1,-1,-1,-1,-1,-1
2013331300113,1,9,0,4,0,0,0,0,0,0,2,1,2,2,6,1995,2,3,10,1
2013331300113,2,9,0,18,0,0,0,0,0,0,1,1,6,2,6,1242,1,12,-1,-1
2013331300114,1,9,0,3,0,1,0,0,0,0,2,1,6,1,10,1598,1,10,8,1
2013331300114,2,19,0,3,0,1,0,0,0,0,1,1,1,1,6,2148,2,5,6,1
2013331300115,1,9,0,3,0,1,0,0,0,0,2,1,6,2,7,1686,2,10,9,1
2013331300115,2,9,0,4,0,1,0,0,0,0,1,1,6,1,6,1360,1,3,10,2
2013331300115,3,9,0,4,0,1,0,0,0,0,1,1,6,2,4,-1,-1,-1,4,2
2013331300116,1,9,0,17,0,0,0,0,1,11,1,1,6,1,6,1896,2,11,6,1
2013331300117,1,9,0,9,0,5,1,0,0,0,4,1,6,1,5,1998,2,11,3,1
2013331300117,2,9,0,10,0,1,0,0,0,0,1,1,6,2,9,1388,1,7,9,3
2013331300117,3,9,0,18,0,8,1,0,0,0,1,1,6,1,5,-1,-1,-1,4,1
2013331300118,1,9,0,18,0,0,0,0,7,6,1,1,6,1,7,2967,2,2,-1,-1
2013331300119,1,3,0,18,0,1,1,0,0,0,4,1,2,1,6,100,1,8,4,1
2013331300119,2,9,0,18,0,1,0,0,0,0,1,1,6,3,-1,-1,-1,-1,-1,-1
2013331300120,1,9,0,17,0,8,0,0,0,0,1,1,6,1,6,1587,1,12,2,1
2013331300120,2,9,0,9,0,6,0,0,0,0,1,1,6,1,4,1242,1,10,4,1
2013331300121,1,9,0,17,0,0,0,0,0,0,1,1,6,1,9,1796,1,6,3,1
2013331300121,2,9,0,16,0,0,0,0,0,0,1,1,6,1,5,1242,1,8,6,1
2013331300122,1,9,0,17,0,0,0,0,1,9,1,1,6,2,7,1242,1,7,7,3
2013331300123,1,9,0,18,0,8,0,0,0,0,1,1,6,2,6,1997,2,12,8,1
2013331300123,2,9,0,9,0,5,0,0,0,0,1,1,6,1,6,1796,1,11,4,1
2013331300124,1,9,0,16,0,0,0,0,7,4,1,1,1,1,10,-1,-1,-1,-1,-1
2013331300125,1,1,0,18,0,0,0,0,0,0,1,1,6,1,6,-1,-1,-1,1,1
2013331300125,2,9,0,13,0,0,0,0,0,0,2,1,6,2,7,1386,1,10,-1,-1
2013331300126,1,19,0,18,0,0,0,0,0,0,1,1,1,1,6,2198,2,4,2,1
2013331300126,2,9,0,18,0,0,1,0,7,6,2,1,6,1,9,1796,1,7,1,1
2013331300127,1,9,0,17,0,8,0,0,0,0,1,1,6,1,8,1497,1,8,8,3
2013331300127,2,9,0,16,0,8,0,0,0,0,1,1,1,1,11,1968,2,5,10,3
2013331300128,1,9,0,17,0,0,5,0,7,0,1,1,1,1,4,1149,1,10,8,1
2013331300129,1,11,0,18,0,0,0,0,0,0,1,1,1,1,7,9200,2,11,5,1
2013331300130,1,9,0,18,0,0,1,0,7,10,3,1,6,1,10,1951,2,7,7,3
2013331300130,2,10,0,4,0,0,1,0,0,0,3,1,6,1,8,-1,-1,-1,-1,-1
2013331300131,1,4,0,14,0,1,0,0,0,0,1,1,2,1,5,124,1,11,-1,-1
2013331300131,2,1,0,18,0,1,0,0,0,0,1,1,2,1,8,-1,-1,-1,-1,-1
2013331300131,3,9,0,3,0,1,0,0,0,0,0,1,6,3,-1,-1,-1,-1,-1,-1
2013331300134,1,9,0,4,0,8,0,0,0,0,1,1,6,2,9,1587,1,16,-1,-1
2013331300134,2,9,0,9,0,5,0,0,0,0,2,1,6,2,10,1796,1,8,8,1
2013331300136,1,9,0,18,0,0,0,0,1,0,1,1,1,1,7,1999,1,16,7,3
2013331300136,2,20,0,18,0,0,0,0,0,0,0,1,1,1,8,2300,2,8,7,3
2013331300137,1,1,0,18,0,8,0,0,0,0,1,1,2,2,6,-1,-1,-1,3,1
2013331300137,2,9,0,9,0,6,0,0,0,0,1,1,6,1,6,2000,1,9,-1,-1
2013331300138,1,21,1,9,0,8,0,0,0,0,3,2,1,1,7,-1,-1,-1,-1,-1
2013331300138,2,9,0,3,0,8,0,0,0,0,4,1,2,2,5,1299,1,11,9,2
2013331300139,1,9,0,18,0,8,0,7,0,0,1,1,6,2,5,1199,1,14,6,1
2013331300139,2,9,0,9,0,6,0,0,0,0,1,1,1,1,9,1968,2,2,4,2
2013331300140,1,1,0,3,4,1,0,0,0,0,2,1,6,1,4,-1,-1,-1,9,1
2013331300140,2,9,0,18,0,1,0,0,0,0,1,1,6,1,7,1587,1,8,-1,-1
2013331300140,3,9,0,9,0,5,0,0,0,0,0,1,6,3,-1,-1,-1,-1,-1,-1
2013331300141,1,9,0,9,0,4,0,0,0,0,3,1,1,1,7,-1,-1,-1,3,1
2013331300141,2,1,0,9,0,8,1,0,0,0,1,1,2,1,9,-1,-1,-1,10,2
2013331300142,1,9,0,4,0,1,0,0,0,0,1,1,6,1,-1,-1,-1,-1,-1,-1
2013331300142,2,9,0,3,0,1,0,0,0,0,2,1,6,1,6,1124,1,12,2,1
2013331300143,1,19,0,9,0,6,0,0,0,0,3,1,6,1,9,1997,2,10,4,1
2013331300143,2,1,0,14,0,8,0,0,0,0,1,1,6,1,4,-1,-1,-1,9,1
2013331300143,3,9,0,3,0,1,0,0,0,0,0,1,6,3,-1,-1,-1,-1,-1,-1
2013331300144,1,19,0,1,0,0,0,0,0,0,2,1,1,1,-1,2463,2,8,-1,-1
2013331300144,2,19,0,18,0,0,0,0,0,0,4,1,6,1,7,2496,2,15,1,1
2013331300145,1,9,0,9,0,6,0,0,0,0,1,1,1,1,-1,-1,-1,-1,-1,-1
2013331300145,2,9,0,17,0,8,0,7,0,0,4,1,2,1,6,1388,1,12,10,1
2013331300146,1,11,0,18,0,2,0,0,0,0,4,1,6,1,9,7300,2,11,1,1
2013331300147,1,11,0,5,0,4,0,0,0,0,1,1,1,1,7,9200,2,7,9,1
2013331300147,2,9,0,3,0,8,0,0,0,0,2,1,6,2,8,1086,1,7,7,1
2013331300147,3,9,0,3,0,8,0,0,0,0,2,1,6,2,7,1240,1,7,10,1
2013331300148,1,9,0,18,0,1,0,0,0,0,1,1,6,1,7,2000,2,8,3,1
2013331300149,1,9,0,9,0,6,0,0,0,0,1,1,6,2,9,1598,1,9,5,1
2013331300150,1,9,0,18,0,0,0,0,0,0,1,1,6,1,10,1398,1,2,10,1
2013331300151,1,5,0,18,0,0,1,0,1,0,3,1,6,1,6,599,1,12,2,1
2013331300151,2,9,0,6,0,0,0,0,0,0,4,1,6,1,-1,-1,-1,-1,-1,-1
2013331300152,1,9,0,6,0,8,0,0,0,0,3,1,3,2,7,1390,1,5,3,1
2013331300152,2,5,0,13,0,8,0,0,7,10,4,1,2,1,7,748,1,22,4,1
2013331300153,1,19,0,4,0,1,1,0,0,0,1,1,1,1,8,1686,2,11,7,2
2013331300153,2,9,0,4,0,1,0,0,0,0,2,1,6,1,4,1796,1,8,-1,-1
2013331300154,1,9,0,4,0,8,0,0,0,0,1,1,1,1,6,2231,2,5,7,3
2013331300154,2,9,0,3,0,8,0,0,0,0,2,1,6,1,8,1994,1,10,5,3
2013331300155,1,9,0,4,0,1,0,0,0,0,2,1,2,1,8,2488,2,8,-1,-1
2013331300155,2,11,0,18,0,1,0,0,0,0,1,1,1,1,7,9200,2,7,-1,-1
2013331300156,1,9,0,4,0,1,0,0,0,0,2,1,1,1,9,1753,2,2,-1,-1
2013331300156,2,9,0,4,0,1,0,0,0,0,1,1,1,1,5,1968,2,1,-1,-1
2013331300157,1,9,0,9,0,5,0,7,0,0,1,1,6,2,10,1364,1,5,3,1
2013331300157,2,9,0,18,0,8,0,7,0,0,1,1,6,1,6,-1,-1,-1,6,1
2013331300158,1,9,0,18,0,0,0,0,0,0,4,1,6,1,-1,1242,1,9,-1,-1
2013331300158,2,9,0,2,0,0,0,0,0,0,0,1,6,2,6,1781,1,10,9,1
2013331300159,1,9,0,4,0,8,1,0,7,0,4,1,6,2,9,1984,1,8,8,1
2013331300159,2,9,0,7,0,6,0,0,0,0,1,1,2,2,9,1422,2,10,7,3
2013331300160,1,9,0,18,0,6,0,0,0,0,4,1,6,2,6,1390,1,2,5,2
2013331300160,2,9,0,16,0,8,0,0,0,0,1,1,6,1,7,1560,2,-1,9,1
2013331300161,1,9,0,18,0,0,0,0,0,0,1,1,6,2,6,1388,1,10,5,2
2013331300161,2,19,0,5,0,0,0,0,0,0,4,1,1,1,6,2402,2,11,4,1
2013331300162,1,9,0,7,0,6,0,0,0,0,1,1,2,1,6,998,1,3,8,1
2013331300162,2,1,0,17,0,8,0,0,0,0,2,1,2,1,6,-1,-1,-1,5,2
2013331300163,1,9,0,9,0,5,0,0,0,0,4,1,6,2,7,1598,1,7,7,1
2013331300163,2,3,0,18,0,8,0,0,0,0,1,1,6,1,4,125,1,6,7,1
2013331300164,1,9,0,14,0,8,0,0,0,0,1,1,6,1,10,1364,1,6,4,2
2013331300164,2,9,0,18,0,8,0,0,0,0,1,1,6,1,9,1332,1,4,6,2
2013331300165,1,9,0,18,0,6,0,0,0,0,1,1,6,1,4,1998,7,10,4,1
2013331300165,2,9,0,18,0,8,0,0,0,0,2,1,6,1,9,1332,1,16,1,1
2013331300165,3,9,0,2,0,2,0,0,0,0,2,1,6,3,-1,1398,2,1,10,1
2013331300166,1,9,0,9,0,8,0,0,0,0,2,1,6,1,8,1997,1,12,4,1
2013331300166,2,9,0,18,0,8,0,0,0,0,1,1,6,1,6,1598,2,1,4,1
2013331300167,1,9,0,1,9,0,0,0,0,0,4,1,6,1,-1,-1,-1,-1,1,1
2013331300168,1,9,0,4,0,1,0,0,0,0,4,1,1,1,7,-1,-1,-1,6,1
2013331300168,2,1,0,18,0,1,0,0,0,0,3,1,6,1,6,-1,-1,-1,9,2
2013331300169,1,9,0,7,0,6,0,0,0,0,1,1,6,1,7,-1,-1,-1,8,1
2013331300169,2,9,0,18,0,8,0,0,0,0,0,1,1,2,7,1896,2,6,2,1
2013331300170,1,9,0,5,0,6,0,0,1,0,3,1,6,1,6,1596,1,8,6,1
2013331300170,2,9,0,18,0,8,0,0,0,0,0,1,1,1,7,1998,1,10,6,1
2013331300171,1,9,0,5,0,0,0,0,0,0,3,1,6,1,4,-1,-1,-1,-1,-1
2013331300171,2,1,0,4,0,0,0,0,0,0,4,1,6,1,7,-1,-1,-1,9,1
2013331300172,1,9,0,3,0,0,0,0,0,0,2,1,3,1,7,1896,2,11,2,1
2013331300172,2,9,0,18,0,0,0,0,0,0,1,1,3,1,7,1396,1,16,4,1
2013331300173,1,9,0,18,0,0,0,0,0,0,1,1,6,2,-1,-1,-1,-1,-1,-1
2013331300175,1,9,0,18,0,8,0,0,0,0,2,1,6,2,7,1388,1,12,6,1
2013331300175,2,9,0,18,0,8,0,0,0,0,1,2,6,2,6,1796,1,12,2,1
2013331300176,1,9,0,13,0,0,0,0,7,0,3,1,1,1,5,1999,1,5,10,1
2013331300176,2,9,0,18,0,0,0,0,1,0,1,1,1,2,8,1242,1,1,8,3
2013331300176,3,9,0,18,0,0,0,0,0,0,0,1,6,3,-1,-1,-1,-1,-1,-1
2013331300177,1,9,0,18,0,2,0,4,0,0,1,1,2,1,5,1589,1,14,-1,-1
2013331300177,2,9,0,2,0,1,0,4,0,0,2,1,6,3,-1,-1,-1,-1,-1,-1
2013331300177,3,9,0,2,0,2,0,0,0,0,1,1,6,3,-1,-1,-1,-1,-1,-1
2013331300178,1,9,0,9,0,5,0,0,0,0,1,1,6,2,7,1124,1,8,3,1
2013331300179,1,9,0,16,0,0,0,0,0,0,1,1,2,1,5,1360,1,10,2,1
2013331300180,1,19,0,18,0,0,0,0,0,0,1,1,1,1,6,1248,2,2,9,1
2013331300181,1,3,0,4,0,4,1,0,0,0,1,1,6,1,5,124,1,1,7,1
2013331300182,1,9,0,5,0,1,0,0,0,0,3,1,6,1,8,1590,1,12,10,1
2013331300182,2,1,0,18,0,6,0,0,0,0,1,1,6,2,4,-1,-1,-1,8,1
2013331300183,1,9,0,9,0,5,0,0,0,0,1,1,6,1,7,-1,-1,-1,3,1
2013331300183,2,3,0,18,0,8,0,0,0,0,1,1,6,1,5,124,1,12,1,1
2013331300184,1,9,0,18,0,0,0,0,0,0,1,1,6,2,6,1598,1,9,7,1
2013331300184,2,19,0,4,0,0,0,0,0,0,0,1,6,3,-1,-1,-1,-1,-1,-1
2013331300185,1,8,0,18,0,2,0,0,0,0,1,1,1,1,7,1995,2,7,1,1
2013331300186,1,9,0,17,0,2,0,0,0,0,1,1,6,1,4,1229,1,7,-1,-1
2013331300187,1,9,0,3,0,0,0,0,0,0,2,1,1,2,7,1997,2,5,-1,-1
2013331300187,2,9,0,3,0,0,0,0,7,6,2,1,1,1,7,2143,2,2,-1,-1
2013331300187,3,19,0,4,0,0,0,0,0,0,1,1,1,1,5,2463,2,8,-1,-1
2013331300187,4,19,0,4,0,0,0,0,0,0,1,1,1,1,5,-1,-1,-1,-1,-1
2013331300188,1,9,0,9,0,5,0,0,0,0,1,1,6,1,7,1242,1,4,-1,-1
2013331300188,2,9,0,18,0,8,0,0,0,0,1,1,6,1,6,1995,2,2,-1,-1
2013331300189,1,9,0,9,0,6,0,0,0,0,4,1,6,2,11,-1,-1,-1,-1,-1
2013331300189,2,9,0,16,0,8,0,0,1,0,3,1,2,1,8,1198,1,1,1,1
2013331300190,1,9,0,18,0,2,0,0,0,0,1,1,6,1,7,-1,-1,-1,-1,-1
2013331300191,1,9,0,18,0,2,0,0,0,0,4,1,6,1,7,1999,1,9,5,1
2013331300191,2,4,0,18,0,2,0,0,0,0,1,1,6,1,4,399,1,27,-1,-1
2013331300192,1,9,0,6,0,2,0,0,0,0,1,1,6,2,6,-1,-1,-1,9,1
2013331300192,2,5,0,17,0,2,1,0,1,11,3,1,6,1,4,599,1,1,3,1
2013331300193,1,9,0,18,0,4,0,0,0,0,2,1,6,3,-1,-1,-1,-1,-1,-1
2013331300193,2,1,0,18,0,8,0,0,0,0,1,1,6,2,10,-1,-1,-1,6,1
2013331300194,1,9,0,18,0,8,0,0,7,0,4,1,1,2,7,1299,1,8,4,2
2013331300194,2,9,0,18,0,8,0,0,1,0,1,1,6,1,11,1242,1,2,9,2
2013331300195,1,9,0,18,0,1,0,0,0,0,1,1,6,1,7,-1,-1,-1,10,1
2013331300195,2,9,0,4,0,1,1,0,0,0,2,1,2,2,7,-1,-1,-1,8,3
2013331300195,3,20,0,12,0,1,0,0,0,0,0,1,6,3,-1,-1,-1,-1,-1,-1
2013331300196,1,9,0,7,0,4,0,0,0,0,1,1,1,1,5,1360,1,10,9,2
2013331300196,2,1,0,18,0,8,0,0,0,0,4,1,6,1,6,-1,-1,-1,6,1
2013331300197,1,9,0,3,0,1,0,0,0,0,2,1,6,1,6,1598,1,12,9,2
2013331300197,2,9,0,18,0,1,0,0,0,0,1,1,6,2,9,1248,2,5,5,1
2013331300198,1,9,0,18,0,0,0,0,0,0,0,1,6,3,4,-1,-1,-1,-1,-1
2013331300198,2,3,0,18,0,0,0,0,1,1,1,1,6,1,5,125,1,4,10,1
2013331300199,1,9,0,2,0,0,0,0,0,0,2,1,6,2,5,2204,2,7,9,1
2013331300199,2,9,0,18,0,0,0,0,0,0,1,1,6,1,9,1598,1,1,8,1
2013331300200,1,1,0,18,9,8,0,0,0,0,3,1,4,1,3,-1,-1,-1,5,1
2013331300200,2,9,0,5,9,6,0,0,0,0,1,1,6,1,-1,-1,-1,-1,-1,-1
2013331300203,1,9,0,18,0,2,0,0,0,0,1,1,2,2,6,1300,1,12,3,1
2013331300203,2,1,0,18,0,2,0,0,0,0,3,1,2,1,9,-1,-1,-1,2,1
2013331300204,1,9,0,3,0,1,0,0,0,0,2,1,6,1,5,4266,6,14,9,1
2013331300204,2,9,0,5,0,1,0,0,0,0,1,1,6,1,6,1582,2,1,1,1
2013331300205,1,9,0,17,0,0,5,0,1,0,4,1,6,1,9,1798,1,8,6,1
2013331300206,1,1,0,18,0,8,0,0,0,0,2,1,6,1,7,-1,-1,-1,10,2
2013331300206,2,9,0,7,0,6,0,0,0,0,1,1,6,2,9,1997,2,9,-1,-1
2013331300207,1,9,0,11,0,8,0,0,2,7,2,1,6,1,5,998,1,4,3,1
2013331300207,2,9,0,18,0,8,0,0,0,0,1,1,6,3,-1,-1,-1,-1,-1,-1
2013331300208,1,9,0,17,0,0,1,0,8,7,1,1,6,1,7,1598,1,10,8,1
2013331300209,1,9,0,18,0,0,0,0,0,0,1,1,6,2,10,1388,1,9,4,1
2013331300209,2,9,0,18,0,0,0,0,0,0,1,1,6,1,6,1796,1,13,7,1
2013331300210,1,21,1,4,0,0,0,0,0,0,2,1,1,1,9,8970,2,8,3,1
2013331300210,2,9,0,4,0,0,1,0,0,0,1,1,6,1,7,1598,1,1,5,1
2013331300211,1,9,0,18,0,4,0,0,0,0,1,1,6,1,9,1994,2,9,1,1
2013331300211,2,9,0,18,0,8,0,0,0,0,4,1,6,1,8,1997,2,9,4,1
2013331300212,1,9,0,18,0,8,0,0,0,0,4,1,6,2,5,1997,2,8,2,1
2013331300212,2,9,0,7,0,6,0,4,7,10,1,1,6,2,5,1199,1,12,2,1
2013331300212,3,9,0,2,0,1,0,0,0,0,2,1,6,1,5,1799,1,7,4,1
2013331300213,1,9,0,1,9,8,0,0,0,0,2,1,6,2,6,2521,1,8,4,1
2013331300214,1,9,0,13,0,0,0,0,0,0,4,1,6,3,5,-1,-1,-1,-1,-1
2013331300214,2,1,0,18,0,0,0,0,0,0,3,1,6,1,4,-1,-1,-1,4,1
2013331300215,1,9,0,7,0,8,0,0,0,0,1,1,6,1,-1,1900,2,9,-1,-1
2013331300215,2,3,0,5,0,8,0,0,0,0,3,1,2,1,4,124,1,-1,6,2
2013331300216,1,21,1,12,0,0,0,0,0,0,3,2,1,1,8,-1,-1,-1,-1,-1
2013331300216,2,9,0,18,0,0,1,0,0,0,4,1,2,2,6,1956,2,4,6,1
2013331300217,1,9,0,18,0,1,0,0,0,0,1,1,2,2,6,998,1,1,2,1
2013331300218,1,1,0,13,0,8,0,0,0,0,4,1,6,1,4,-1,-1,-1,3,1
2013331300218,2,11,0,5,0,8,0,0,0,0,3,1,1,1,-1,7300,2,11,-1,-1
2013331300219,1,9,0,18,0,1,0,0,0,0,2,1,6,1,8,1493,1,15,8,2
2013331300219,2,9,0,18,0,1,0,0,0,0,1,1,6,2,6,1598,1,7,9,1
2013331300220,1,19,0,18,0,0,0,0,0,0,1,1,6,1,-1,-1,-1,-1,-1,-1
2013331300220,2,9,0,4,0,0,0,0,0,0,2,1,6,2,5,1600,1,2,3,1
2013331300221,1,9,0,9,0,6,0,0,0,0,1,1,6,1,4,1242,1,10,1,1
2013331300221,2,9,0,18,0,8,0,0,0,0,3,1,6,2,7,1398,1,2,10,2
2013331300222,1,9,0,9,0,8,0,10,1,0,1,1,6,1,9,1598,1,2,1,1
2013331300222,2,9,0,4,0,1,0,0,0,0,3,1,2,1,9,1895,1,13,5,1
2013331300222,3,9,0,4,0,1,0,0,0,0,4,1,6,1,7,2993,2,4,3,1
2013331300223,1,21,1,18,0,0,0,0,0,0,4,1,1,1,8,-1,-1,-1,-1,-1
2013331300224,1,9,0,16,0,0,2,10,1,9,1,1,6,2,6,1905,2,15,-1,-1
2013331300225,1,9,0,5,0,6,0,0,0,0,1,1,6,1,4,1242,1,8,9,3
2013331300225,2,1,0,18,0,8,0,0,0,0,1,1,6,1,6,-1,-1,-1,7,3
2013331300226,1,9,0,4,0,2,0,0,0,0,1,1,6,2,6,1995,2,6,1,1
2013331300226,2,11,0,3,0,2,0,0,0,0,0,1,6,3,-1,-1,-1,-1,-1,-1
2013331300226,3,11,0,3,2,2,0,0,0,0,0,1,6,3,-1,-1,-1,-1,-1,-1
2013331300227,1,9,0,7,0,5,0,0,7,10,1,1,6,1,4,-1,-1,-1,3,1
2013331300228,1,9,0,18,0,8,0,0,0,0,1,1,6,2,5,1199,1,14,8,2
2013331300228,2,9,0,9,0,6,0,0,0,0,3,1,6,1,8,1598,1,9,10,1
2013331300229,1,9,0,9,0,6,0,0,0,0,1,1,6,2,6,1796,1,9,-1,-1
2013331300230,1,9,0,18,0,0,0,0,0,0,1,1,2,2,5,1299,1,15,3,1
2013331300231,1,9,0,9,0,5,1,0,7,0,2,1,1,2,6,1998,1,13,8,1
2013331300231,2,19,0,4,0,8,1,0,1,0,1,1,1,1,6,1870,2,10,9,3
2013331300232,1,9,0,16,0,0,0,0,0,0,1,1,6,1,11,1399,1,5,9,3
2013331300232,2,9,0,17,0,0,0,0,0,0,1,1,6,2,6,1389,1,13,9,2
2013331300232,3,9,0,16,0,0,0,0,0,0,1,1,1,1,7,1360,1,3,3,1
2013331300233,1,9,0,18,0,0,2,0,0,0,1,1,6,1,5,1364,1,8,10,1
2013331300234,1,3,0,18,0,8,0,0,0,0,3,1,6,1,4,124,1,10,10,1
2013331300234,2,9,0,9,0,6,0,0,0,0,1,1,6,1,7,998,1,12,-1,-1
2013331300235,1,9,0,18,0,8,0,0,0,0,2,1,6,2,5,1348,1,13,-1,-1
2013331300235,2,1,0,16,0,8,0,0,0,0,1,1,6,1,8,-1,-1,-1,-1,-1
2013331300236,1,8,0,9,0,5,0,0,0,0,1,1,1,1,8,2499,2,6,9,1
2013331300237,1,9,0,9,0,2,0,0,0,0,1,1,6,1,5,1461,2,9,5,1
2013331300238,1,9,0,5,0,6,0,0,0,0,1,1,6,2,5,1248,2,1,1,1
2013331300238,2,9,0,18,0,8,0,0,0,0,4,1,6,2,5,2324,1,13,7,1
2013331300239,1,9,0,18,0,8,0,0,0,0,1,1,6,2,8,1598,1,4,1,1
2013331300239,2,11,0,9,0,6,0,0,0,0,1,1,1,1,7,9200,2,11,8,1
2013331300240,1,9,0,16,0,1,1,0,7,10,1,1,6,1,6,1997,2,11,-1,-1
2013331300240,2,9,0,17,0,2,0,0,0,0,1,1,6,2,5,1598,1,5,-1,-1
2013331300241,1,19,0,18,0,2,0,0,0,0,3,1,6,1,9,2496,2,14,3,1
2013331300242,1,9,0,7,0,5,0,0,0,0,3,1,1,1,6,1896,2,6,4,1
2013331300243,1,9,0,18,0,0,0,0,0,0,1,1,6,2,6,-1,-1,-1,-1,-1
2013331300243,2,9,0,4,0,0,0,0,0,0,2,1,6,2,6,1388,1,5,-1,-1
2013331300243,3,9,0,18,0,0,0,0,0,0,0,1,6,3,-1,-1,-1,-1,-1,-1
2013331300244,1,9,0,18,0,0,0,0,0,0,3,1,6,2,-1,-1,-1,-1,-1,-1
2013331300245,1,9,0,18,0,1,0,0,0,0,1,1,1,1,7,-1,-1,-1,10,1
2013331300245,2,9,0,3,0,1,0,0,0,0,2,1,6,2,7,1798,1,8,9,1
2013331300246,1,19,0,18,0,0,0,0,0,0,1,1,1,1,4,2148,2,5,-1,-1
2013331300246,2,9,0,18,0,0,0,0,0,0,2,1,2,1,8,1364,1,6,5,1
2013331300247,1,3,0,15,0,8,0,4,0,0,1,1,6,1,6,124,1,5,1,1
2013331300247,2,9,0,2,0,2,0,0,0,0,2,1,6,1,6,1171,1,17,4,1
2013331300247,3,9,0,7,0,5,0,0,0,0,4,1,6,2,4,-1,-1,-1,1,1
2013331300248,1,9,0,18,0,0,0,4,0,0,4,1,6,2,11,998,1,11,5,1
2013331300248,2,9,0,2,0,0,0,4,0,0,3,1,6,3,-1,1368,1,6,-1,-1
2013331300248,3,9,0,2,0,0,0,0,0,0,2,1,6,3,-1,-1,-1,-1,-1,-1
2013331300248,4,9,0,13,0,0,0,0,0,0,0,1,6,3,-1,-1,-1,-1,-1,-1
2013331300249,1,8,0,18,0,0,0,0,0,0,4,1,1,1,7,1984,1,9,9,3
2013331300249,2,1,0,18,0,0,0,0,0,0,3,1,4,1,3,-1,-1,-1,4,1
2013331300250,1,9,0,9,0,5,0,0,0,0,4,2,6,2,5,1398,1,12,6,1
2013331300250,2,9,0,18,0,8,0,0,0,0,1,1,6,1,5,1388,1,6,1,1
2013331300251,1,9,0,3,0,1,0,0,0,0,2,2,1,2,7,2500,2,16,9,2
2013331300251,2,3,0,5,0,1,0,0,0,0,1,1,1,2,4,124,1,7,9,1
2013331300252,1,9,0,17,0,0,0,0,0,0,1,1,2,1,7,-1,-1,-1,9,2
2013331300252,2,9,0,16,0,0,0,0,0,0,1,1,6,2,10,1599,1,10,8,1
2013331300253,1,8,0,18,2,2,0,0,0,0,1,1,1,1,8,2402,2,8,1,1
2013331300254,1,9,0,18,0,8,0,0,0,0,1,1,6,2,8,1124,1,15,-1,-1
2013331300254,2,9,0,4,0,8,0,0,0,0,2,1,6,2,9,1968,2,3,6,1