Accident_Index,Vehicle_Reference,Vehicle_Type,Towing_and_Articulation,Vehicle_Manoeuvre,Vehicle_Location-Restricted_Lane,Junction_Location,Skidding_and_Overturning,Hit_Object_in_Carriageway,Vehicle_Leaving_Carriageway,Hit_Object_off_Carriageway,1st_Point_of_Impact,Was_Vehicle_Left_Hand_Drive?,Journey_Purpose_of_Driver,Sex_of_Driver,Age_Band_of_Driver,Engine_Capacity_(CC),Propulsion_Code,Age_of_Vehicle,Driver_IMD_Decile,Driver_Home_Area_Type
2013331300411,1,9,0,5,9,6,0,0,0,0,4,1,2,1,5,1275,1,15,5,1
2013331300411,2,1,0,18,9,8,0,0,0,0,1,1,2,2,6,-1,-1,-1,1,1
2013331300412,1,9,0,18,0,0,0,0,0,0,1,1,1,1,9,-1,-1,-1,2,1
2013331300412,2,9,0,4,0,0,0,0,0,0,2,1,6,1,9,1968,2,9,3,1
2013331300413,1,9,0,11,0,3,1,0,0,0,2,1,2,1,6,1598,1,11,3,1
2013331300413,2,98,1,12,0,8,0,0,0,0,1,1,1,1,8,-1,-1,-1,-1,-1
2013331300414,1,9,0,18,0,0,0,0,0,0,1,1,6,1,7,2198,2,1,-1,-1
2013331300414,2,9,0,3,0,0,0,0,0,0,2,1,6,1,7,1799,1,7,6,3
2013331300414,3,9,0,2,0,0,0,0,0,0,0,1,6,3,-1,-1,-1,-1,-1,-1
2013331300415,1,9,0,18,0,0,0,0,1,9,4,1,6,1,8,1995,2,8,1,1
2013331300416,1,9,0,16,0,2,0,0,0,0,1,1,2,1,7,1248,2,7,3,1
2013331300416,2,1,0,18,0,8,0,0,0,0,4,1,6,1,8,-1,-1,-1,1,1
2013331300417,1,21,0,18,0,0,0,0,0,0,1,1,1,1,8,-1,-1,-1,5,1
2013331300417,2,9,0,18,0,0,0,0,0,0,1,1,3,2,6,1686,2,7,1,1
2013331300418,1,9,0,10,0,1,0,0,0,0,1,1,6,2,6,1299,1,11,6,1
2013331300419,1,9,0,18,0,8,0,0,0,0,1,1,6,1,-1,-1,-1,-1,-1,-1
2013331300419,2,9,0,10,0,8,0,0,0,0,2,1,6,1,7,1896,2,6,10,1
2013331300420,1,9,0,1,0,1,0,0,0,0,2,1,6,1,-1,1108,1,16,9,2
2013331300420,2,9,0,3,0,2,0,0,0,0,1,1,6,2,6,1796,1,9,9,3
2013331300421,1,9,0,3,0,0,0,0,0,0,2,1,2,1,9,1798,1,6,3,1
2013331300421,2,9,0,3,0,0,0,0,0,0,2,1,2,2,9,1686,2,7,10,1
2013331300421,3,9,0,3,0,0,0,0,0,0,2,1,4,1,6,1598,2,1,3,1
2013331300421,4,9,0,3,0,0,0,0,0,0,2,1,4,2,6,1299,1,6,5,1
2013331300421,5,9,0,3,0,0,0,0,0,0,2,1,2,1,5,1229,1,6,2,1
2013331300421,6,9,0,4,0,0,0,0,0,0,1,1,2,2,5,1360,1,7,8,3
2013331300422,1,9,0,5,0,0,0,0,0,0,1,1,6,2,9,1590,1,8,-1,-1
2013331300422,2,9,0,3,0,0,0,0,0,0,2,1,6,2,6,1587,1,11,2,1
2013331300422,3,9,0,3,0,0,0,0,0,0,2,1,6,2,7,1560,2,1,2,1
2013331300423,1,5,0,18,0,8,0,0,0,0,1,1,6,1,5,599,1,15,3,1
2013331300423,2,9,0,7,0,6,0,0,0,0,2,1,6,3,-1,-1,-1,-1,-1,-1
2013331300424,1,9,0,18,0,6,0,0,0,0,1,1,6,1,7,2143,2,3,8,2
2013331300424,2,9,0,18,0,8,0,0,0,0,3,1,6,1,9,1984,1,9,8,2
2013331300425,1,9,0,18,0,1,0,0,0,0,1,1,6,1,6,2000,1,19,2,1
2013331300425,2,9,0,9,0,5,0,0,0,0,1,1,6,1,9,1398,1,11,2,1
2013331300426,1,9,0,18,0,0,1,0,1,4,1,1,6,1,6,1598,1,6,8,3
2013331300426,2,9,0,18,0,0,0,0,0,0,0,1,6,3,-1,-1,-1,-1,-1,-1
2013331300427,1,9,0,9,0,6,0,0,1,11,4,1,6,2,5,1796,2,-1,9,1
2013331300427,2,9,0,18,0,8,0,0,7,0,1,1,6,1,7,1781,1,11,10,1
2013331300428,1,9,0,5,0,2,0,0,5,0,2,1,6,1,9,1799,1,7,-1,-1
2013331300428,2,9,0,18,0,2,0,0,0,0,1,1,6,1,6,-1,-1,-1,3,1
2013331300429,1,3,0,18,0,1,0,0,0,0,1,1,1,1,7,-1,-1,-1,8,1
2013331300429,2,9,0,12,0,1,0,0,0,0,3,1,6,2,5,1397,1,4,4,1
2013331300430,1,19,0,18,0,1,0,0,1,10,1,1,1,1,7,-1,-1,-1,1,1
2013331300431,1,21,1,4,0,0,1,0,0,0,1,1,1,1,8,10518,2,9,7,1
2013331300432,1,9,0,7,0,6,0,0,0,0,0,1,6,3,-1,1199,1,11,-1,-1
2013331300432,2,1,0,18,0,8,0,0,0,0,1,1,6,1,7,-1,-1,-1,4,1
2013331300433,1,9,0,16,0,0,1,4,7,11,1,1,6,1,-1,1958,1,21,-1,-1
2013331300433,2,19,0,2,0,0,0,0,0,0,2,1,6,3,-1,1996,2,2,-1,-1
2013331300433,3,9,0,2,0,0,0,0,0,0,0,1,6,3,-1,-1,-1,-1,-1,-1
2013331300435,1,9,0,4,0,1,0,0,1,4,1,1,2,1,6,1396,1,10,6,1
2013331300436,1,9,0,18,0,0,0,0,0,0,1,1,6,2,6,1149,1,8,6,1
2013331300437,1,9,0,4,0,6,0,0,0,0,1,1,2,1,4,1995,2,8,8,1
2013331300437,2,8,0,18,0,8,0,0,0,0,1,1,1,1,8,2402,2,9,3,1
2013331300438,1,9,0,9,0,5,0,0,0,0,3,1,2,1,5,1390,1,7,-1,-1
2013331300438,2,9,0,18,0,8,0,0,0,0,1,1,3,1,10,1598,1,3,1,1
2013331300439,1,9,0,18,0,0,0,0,0,0,2,1,6,2,7,1199,1,14,1,1
2013331300439,2,9,0,4,0,0,1,0,0,0,1,1,6,2,4,973,1,11,7,1
2013331300440,1,9,0,18,0,0,2,0,1,9,1,1,6,1,9,-1,-1,-1,10,2
2013331300442,1,9,0,3,0,0,0,0,0,0,2,1,2,2,6,1360,1,12,6,2
2013331300442,2,9,0,3,0,0,0,0,0,0,2,1,3,2,7,1299,1,14,-1,-1
2013331300442,3,9,0,16,0,0,0,0,0,0,1,1,6,1,7,1396,1,11,-1,-1
2013331300443,1,19,0,5,0,0,0,0,0,0,1,1,6,1,8,-1,-1,-1,-1,-1
2013331300444,1,9,0,5,0,8,0,0,0,0,4,1,6,2,5,1149,1,10,1,1
2013331300444,2,1,0,18,0,8,0,0,0,0,1,1,2,1,6,-1,-1,-1,4,1
2013331300445,1,9,0,3,0,0,0,0,0,0,2,1,6,2,6,3189,1,10,4,1
2013331300445,2,9,0,18,0,0,0,0,0,0,1,1,6,1,6,1149,1,12,5,1
2013331300446,1,8,0,7,0,5,0,0,0,0,3,1,6,1,-1,-1,-1,-1,-1,-1
2013331300448,1,9,0,18,0,8,0,0,0,0,3,1,6,2,7,1796,1,13,3,1
2013331300448,2,9,0,5,0,6,0,0,0,0,1,1,6,1,7,1991,2,3,9,1
2013331300449,1,9,0,7,0,5,0,0,0,0,1,1,6,1,-1,-1,-1,-1,-1,-1
2013331300451,1,9,0,18,0,2,0,0,0,0,0,1,3,1,10,1796,1,4,5,1
2013331300452,1,19,0,18,0,2,0,0,0,0,4,1,1,1,6,2151,2,11,4,1
2013331300453,1,9,0,9,0,5,0,0,0,0,1,1,6,2,6,1398,2,4,2,1
2013331300453,2,9,0,18,0,8,0,0,0,0,1,1,6,1,5,1596,1,13,4,1
2013331300453,3,9,0,3,0,1,0,0,0,0,0,1,6,3,-1,-1,-1,-1,-1,-1
2013331300454,1,9,0,18,0,1,0,0,0,0,4,1,6,2,10,998,1,13,2,1
2013331300455,1,8,0,3,0,1,0,0,0,0,2,1,1,1,6,1996,2,6,5,1
2013331300455,2,9,0,18,0,1,0,0,0,0,1,1,6,1,5,1796,1,15,8,1
2013331300456,1,9,0,9,0,5,0,0,0,0,1,1,6,1,8,1587,1,6,10,2
2013331300456,2,9,0,8,0,1,0,0,0,0,1,1,6,1,6,1968,2,4,10,2
2013331300457,1,8,0,4,0,6,0,0,0,0,1,1,1,1,6,-1,-1,-1,7,1
2013331300457,2,9,0,18,0,8,0,0,7,0,4,1,1,1,8,2204,2,6,9,1
2013331300458,1,9,0,18,0,2,0,0,0,0,1,1,6,1,-1,1910,2,8,-1,-1
2013331300458,2,1,0,18,0,2,0,0,0,0,1,1,6,1,4,-1,-1,-1,7,1
2013331300459,1,9,0,18,0,0,1,0,2,7,1,1,6,2,7,2148,2,8,5,1
2013331300460,1,9,0,9,0,6,0,0,0,0,1,1,6,2,10,1242,1,1,9,1
2013331300461,1,9,0,5,0,6,0,0,0,0,1,1,1,1,8,-1,-1,-1,10,1
2013331300461,2,9,0,17,0,8,0,0,0,0,3,1,1,1,7,1896,2,10,7,3
2013331300463,1,9,0,4,0,0,0,0,0,0,1,1,6,1,5,1896,2,5,8,1
2013331300463,2,9,0,3,0,0,0,0,0,0,2,1,6,2,5,1999,1,7,4,1
2013331300463,3,9,0,4,0,0,0,0,0,0,2,1,6,1,6,1400,2,8,8,1
2013331300463,4,9,0,4,0,0,0,0,0,0,0,1,6,3,-1,-1,-1,-1,-1,-1
2013331300464,1,9,0,18,0,1,0,0,0,0,1,1,6,1,-1,1868,2,10,-1,-1
2013331300464,2,9,0,10,0,1,0,0,0,0,2,1,1,1,7,1900,2,13,2,1
2013331300465,1,9,0,18,0,0,2,10,1,1,4,1,6,1,7,1984,1,11,10,1
2013331300466,1,9,0,4,0,8,1,0,0,0,1,1,2,1,6,998,1,2,7,2
2013331300466,2,9,0,4,0,8,0,0,0,0,2,1,2,1,5,1597,1,23,-1,-1
2013331300466,3,9,0,18,0,8,0,0,1,0,1,1,6,2,11,1870,2,10,8,3
2013331300467,1,21,1,4,0,2,0,0,0,0,2,1,1,1,7,12777,2,3,-1,-1
2013331300467,2,9,0,18,0,2,0,0,0,0,1,1,2,2,6,1248,2,5,-1,-1
2013331300467,3,21,1,18,0,2,0,0,0,0,1,1,1,1,8,12600,2,9,-1,-1
2013331300467,4,9,0,14,0,1,0,0,0,0,0,1,2,2,5,1149,1,7,-1,-1
2013331300468,1,9,0,5,0,6,0,0,0,0,1,1,1,1,8,2494,1,14,7,2
2013331300468,2,9,0,4,0,8,2,0,7,9,4,1,1,1,9,1997,2,6,4,1
2013331300469,1,9,0,18,0,6,0,0,0,0,4,1,6,2,5,1390,1,2,5,1
2013331300469,2,9,0,18,0,8,0,0,2,0,1,1,1,1,8,1896,2,10,9,1
2013331300469,3,9,0,3,0,1,0,0,2,11,3,1,6,1,8,1398,2,1,10,1
2013331300470,1,9,0,18,0,8,0,0,0,0,3,1,6,1,5,2993,2,8,9,3
2013331300470,2,9,0,9,0,8,0,0,0,0,4,1,6,1,10,1339,1,9,7,1
2013331300471,1,19,0,18,0,0,0,0,0,0,4,1,1,1,7,2143,2,-1,-1,-1
2013331300473,1,9,0,5,0,0,0,0,0,0,3,1,3,2,7,1124,1,7,7,1
2013331300473,2,9,0,18,0,0,0,0,0,0,1,1,6,3,-1,1997,2,4,-1,-1
2013331300474,1,9,0,18,0,8,0,0,0,0,4,1,6,1,7,2495,2,11,-1,-1
2013331300474,2,9,0,18,0,8,0,0,0,0,1,1,6,1,11,2179,2,5,-1,-1
2013331300475,1,9,0,3,0,0,0,0,0,0,2,1,6,2,8,1587,1,7,-1,-1
2013331300475,2,9,0,4,0,0,0,0,0,0,2,1,6,2,8,1995,2,9,-1,-1
2013331300475,3,9,0,4,0,0,0,0,0,0,1,1,6,1,7,1896,2,7,-1,-1
2013331300475,4,90,0,18,0,0,0,0,0,0,0,1,1,3,-1,-1,-1,-1,-1,-1
2013331300476,1,9,0,16,0,0,5,0,1,0,1,1,1,2,5,1299,1,11,9,2
2013331300477,1,9,0,17,0,0,0,10,7,0,1,1,1,1,5,-1,-1,-1,7,3
2013331300477,2,21,0,16,0,0,0,0,0,0,1,1,1,1,6,4461,2,4,10,1
2013331300478,1,9,0,16,0,0,5,0,1,11,1,1,6,1,5,1242,1,13,5,3
2013331300479,1,9,0,16,0,0,0,0,0,0,1,1,6,1,6,1753,2,15,4,1
2013331300479,2,9,0,17,0,0,0,0,0,0,1,1,6,2,8,1997,1,3,8,3
2013331300480,1,9,0,17,0,0,1,0,7,0,4,1,6,1,7,-1,-1,-1,9,3
2013331300480,2,9,0,16,0,0,1,0,0,0,1,1,6,1,10,998,1,8,5,1
2013331300481,1,9,0,1,0,1,0,0,0,0,2,1,6,1,6,1956,2,2,3,1
2013331300481,2,9,0,18,0,2,0,0,0,0,1,1,1,1,7,-1,-1,-1,-1,-1
2013331300482,1,9,0,18,0,1,0,0,0,0,1,1,6,1,9,1769,1,7,7,1
2013331300483,1,9,0,18,0,1,0,0,0,0,1,1,6,1,6,1086,1,3,3,1
2013331300484,1,9,0,9,9,5,0,0,0,0,1,1,6,1,5,1598,1,10,-1,-1
2013331300485,1,9,0,9,0,5,0,0,0,0,4,1,6,3,-1,1995,2,10,-1,-1
2013331300485,2,9,0,4,0,8,1,0,0,0,1,1,6,2,5,1396,1,10,1,1
2013331300486,1,9,0,3,0,1,0,0,0,0,2,1,6,2,5,1896,2,8,3,1
2013331300486,2,9,0,18,0,1,0,0,0,0,1,1,6,2,7,1360,1,10,1,1
2013331300487,1,9,0,17,0,8,0,0,0,0,1,1,6,1,6,1242,1,3,8,1
2013331300487,2,9,0,18,0,8,0,0,0,0,1,1,6,1,9,1391,1,12,1,1
2013331300488,1,1,0,18,0,1,0,0,0,0,3,1,6,2,5,-1,-1,-1,5,1
2013331300488,2,9,0,4,0,1,0,0,0,0,1,1,6,1,7,1560,2,6,3,1
2013331300489,1,9,0,2,0,1,0,0,0,0,3,1,6,2,8,1753,2,6,10,1
2013331300489,2,20,0,18,0,1,0,0,0,0,4,1,6,3,-1,-1,-1,-1,-1,-1
2013331300490,1,9,0,3,0,1,0,0,0,0,2,1,6,1,5,1299,1,13,1,1
2013331300490,2,9,0,4,0,1,0,0,0,0,1,1,6,1,10,1360,1,9,1,1
2013331300491,1,9,0,1,0,8,0,0,0,0,2,1,6,2,7,1396,1,13,1,1
2013331300492,1,9,0,1,0,8,0,0,0,0,2,1,2,1,8,-1,-1,-1,9,2
2013331300493,1,9,0,7,0,1,0,0,0,0,1,1,6,1,4,-1,-1,-1,-1,-1
2013331300493,2,8,0,8,0,1,0,0,0,0,2,1,6,2,6,1364,1,4,10,1
2013331300494,1,8,0,7,0,6,0,0,0,0,3,1,1,1,7,1896,2,9,1,1
2013331300494,2,9,0,9,0,8,0,0,0,0,1,1,6,1,7,1998,1,11,6,1
2013331300495,1,9,0,18,0,0,0,0,0,0,1,1,6,3,-1,-1,-1,-1,-1,-1
2013331300496,1,8,0,18,0,2,0,0,0,0,4,1,1,1,9,2402,2,7,7,1
2013331300497,1,9,0,3,0,8,0,0,0,0,2,1,6,2,7,2179,2,4,-1,-1
2013331300497,2,9,0,4,0,8,0,0,0,0,2,1,6,2,4,1390,1,14,6,1
2013331300497,3,9,0,18,0,8,0,0,0,0,1,1,6,1,7,1598,1,5,9,3
2013331300498,1,9,0,13,0,0,0,0,0,0,1,1,6,1,6,1900,2,13,5,1
2013331300498,2,21,1,18,0,0,0,0,0,0,2,1,1,1,8,12900,2,5,-1,-1
2013331300499,1,9,0,18,0,8,0,0,0,0,1,1,6,1,6,3226,2,11,5,1
2013331300499,2,9,0,9,0,8,0,0,0,0,4,1,6,2,5,998,1,6,9,1
2013331300500,1,9,0,13,0,0,0,0,0,0,4,1,6,1,6,1984,1,10,10,2
2013331300500,2,9,0,18,0,0,2,0,1,0,3,1,6,2,11,1299,1,9,8,1
2013331300501,1,9,0,18,0,2,0,0,0,0,1,1,1,1,8,1794,1,12,1,1
2013331300502,1,9,0,18,0,0,0,0,0,0,1,1,6,2,6,1396,1,11,7,3
2013331300502,2,8,0,4,0,0,0,0,0,0,2,1,6,1,8,2148,2,11,-1,-1
2013331300503,1,9,0,18,0,0,2,0,7,7,1,1,1,2,8,1560,2,3,10,1
2013331300504,1,3,0,18,0,8,0,0,0,0,1,1,6,1,4,124,1,14,1,1
2013331300504,2,9,0,5,0,4,0,0,0,0,2,1,6,3,-1,-1,-1,-1,-1,-1
2013331300505,1,9,0,17,0,0,5,0,1,9,3,1,1,2,7,1461,2,6,6,2
2013331300506,1,9,0,18,0,1,0,0,0,0,1,1,6,2,5,1242,1,15,4,1
2013331300506,2,9,0,10,0,1,0,0,0,0,2,1,6,2,8,1598,1,11,7,2
2013331300506,3,9,0,3,0,1,0,0,0,0,0,1,6,3,-1,-1,-1,-1,-1,-1
2013331300507,1,9,0,18,0,0,0,0,0,0,1,1,6,1,6,1998,1,10,2,1
2013331300507,2,9,0,1,0,0,0,0,0,0,2,1,6,1,9,1398,1,11,3,1
2013331300507,3,9,0,2,0,0,0,0,0,0,2,1,6,2,6,1587,1,10,5,1
2013331300508,1,9,0,11,2,1,0,0,0,0,4,1,6,2,4,1199,1,10,6,3
2013331300508,2,11,0,18,0,1,0,0,0,0,1,1,1,2,7,-1,2,12,4,1
2013331300509,1,9,0,9,0,5,0,0,0,0,1,1,6,2,10,1242,1,8,6,1
2013331300509,2,9,0,18,0,8,0,0,1,1,1,1,2,1,7,1896,2,9,-1,-1
2013331300510,1,3,0,17,0,0,1,0,1,4,1,1,6,1,4,-1,-1,-1,7,3
2013331300511,1,9,0,4,0,0,0,0,0,0,2,1,1,1,9,1896,1,16,5,1
2013331300511,2,9,0,18,0,0,0,0,0,0,1,1,1,2,5,1364,1,7,-1,-1
2013331300512,1,9,0,18,0,6,0,0,0,0,1,1,6,2,7,1388,1,13,8,3
2013331300512,2,9,0,18,0,8,0,0,0,0,1,1,2,1,10,1753,2,13,5,1
2013331300513,1,8,0,18,0,0,0,0,0,0,1,1,1,1,7,1910,2,8,9,2
2013331300514,1,9,0,3,0,8,0,0,0,0,2,1,6,1,5,1388,1,11,-1,-1
2013331300514,2,9,0,18,0,8,0,0,0,0,1,1,6,2,-1,1896,2,9,-1,-1
2013331300515,1,9,0,4,0,1,0,0,0,0,1,1,6,1,5,1199,1,11,-1,-1
2013331300515,2,9,0,3,0,1,0,0,0,0,2,1,6,2,7,1796,1,12,-1,-1
2013331300515,3,9,0,7,0,6,0,0,0,0,0,1,1,1,7,-1,-1,-1,-1,-1
2013331300516,1,9,0,4,0,1,0,0,0,0,1,1,6,1,8,1565,1,28,1,1
2013331300516,2,9,0,3,0,1,0,0,0,0,2,1,1,1,6,1686,2,1,-1,-1
2013331300517,1,9,0,18,0,0,0,0,0,0,1,1,6,1,9,1390,1,4,4,2
2013331300517,2,9,0,3,0,0,0,0,0,0,2,1,6,2,8,1998,1,9,10,1
2013331300518,1,9,0,4,0,8,1,0,0,0,1,1,1,1,7,1798,1,6,6,1
2013331300518,2,19,0,18,0,6,5,0,0,0,2,1,1,1,7,2151,2,8,1,1
2013331300519,1,9,0,18,0,8,0,0,0,0,1,1,6,2,11,998,1,12,-1,-1
2013331300519,2,9,0,9,0,5,0,0,0,0,1,1,6,2,6,1195,1,15,3,1
2013331300520,1,9,0,18,0,6,0,0,0,0,3,1,6,1,4,1248,2,7,8,1
2013331300520,2,9,0,18,0,8,0,0,0,0,1,1,6,1,6,2993,2,-1,9,2
2013331300521,1,9,0,12,0,0,0,0,0,0,1,1,2,1,6,1242,1,15,5,2
2013331300521,2,9,0,3,0,0,0,0,0,0,2,1,2,1,5,1124,1,15,1,1
2013331300521,3,9,0,18,0,0,0,0,0,0,0,1,6,3,-1,-1,-1,-1,-1,-1
2013331300522,1,21,1,12,0,0,0,0,0,0,3,1,1,1,6,10518,2,5,5,1
2013331300522,2,9,0,18,0,0,1,0,0,0,4,1,6,1,9,1390,1,12,10,1
2013331300522,3,9,0,18,0,0,5,0,1,7,1,1,6,1,6,-1,-1,-1,1,1
2013331300523,1,9,0,17,0,0,5,12,1,4,1,1,6,1,6,1910,2,8,-1,-1
2013331300524,1,9,0,18,0,0,0,0,0,0,1,1,1,1,8,1399,2,1,7,1
2013331300525,1,9,0,5,0,6,0,0,0,0,1,1,6,1,6,1497,1,8,2,1
2013331300525,2,9,0,18,0,8,0,0,0,0,1,1,6,2,9,998,1,7,2,1
2013331300525,3,20,0,2,0,1,0,0,0,0,0,1,6,3,-1,-1,-1,-1,-1,-1
2013331300526,1,9,0,16,0,0,1,0,7,9,4,1,1,1,8,1997,2,12,9,1
2013331300526,2,19,0,17,0,0,0,0,0,0,1,1,1,1,8,2299,2,14,4,1
2013331300527,1,9,0,4,0,0,0,0,0,0,1,1,6,2,5,1968,2,6,8,3
2013331300527,2,9,0,4,0,0,0,0,0,0,2,1,1,2,7,1896,2,6,7,1
2013331300528,1,9,0,18,0,2,0,0,1,4,1,1,6,2,6,1461,2,3,4,2
2013331300529,1,9,0,9,0,5,0,0,0,0,1,1,6,2,4,1248,2,8,-1,-1
2013331300530,1,9,0,5,0,6,0,0,0,0,3,1,6,1,11,-1,-1,-1,7,3
2013331300530,2,21,0,18,0,8,0,0,0,0,1,1,1,1,8,4580,2,5,3,1
2013331300531,1,19,0,16,0,0,1,0,1,9,1,1,1,2,6,-1,-1,-1,-1,-1
2013331300532,1,9,0,18,2,0,0,0,0,0,1,1,6,2,-1,-1,-1,-1,-1,-1
2013331300532,2,1,0,18,2,0,0,0,0,0,2,1,1,1,7,-1,-1,-1,3,1
2013331300533,1,9,0,18,0,0,0,0,0,0,1,1,6,2,4,973,1,14,-1,-1
2013331300534,1,9,0,18,0,0,0,8,0,0,4,1,6,2,7,-1,-1,-1,-1,-1
2013331300534,2,9,0,2,0,0,0,0,0,0,3,1,6,1,5,1968,2,7,-1,-1
2013331300536,1,9,0,13,0,8,0,0,0,0,1,1,1,1,7,1968,2,2,6,1
2013331300536,2,9,0,9,0,5,0,0,7,0,1,1,1,2,9,1229,1,3,8,1
2013331300537,1,9,0,18,0,0,0,0,0,0,1,1,6,1,6,1598,1,10,7,1
2013331300538,1,9,0,16,0,0,0,10,2,4,1,1,6,1,4,1149,1,9,9,3
2013331300538,2,9,0,17,0,0,0,0,0,0,1,1,6,1,7,1956,2,3,8,3
2013331300539,1,9,0,16,0,0,1,0,7,4,1,1,6,1,5,1149,1,8,5,1
2013331300540,1,19,0,16,0,2,5,0,7,9,3,1,6,1,5,2148,2,7,5,1
2013331300544,1,4,0,11,0,2,0,0,0,0,1,1,6,1,7,399,1,24,1,1
2013331300544,2,8,0,18,0,2,0,0,0,0,1,1,1,1,5,1997,2,4,4,1
2013331300545,1,1,0,18,0,8,0,0,0,0,1,1,6,1,9,-1,-1,-1,6,1
2013331300545,2,11,0,18,0,8,0,0,0,0,1,1,1,1,7,-1,-1,-1,-1,-1
2013331300546,1,9,0,1,0,1,0,0,0,0,2,1,6,1,-1,1895,1,14,-1,-1
2013331300547,1,9,0,5,0,6,0,0,0,0,1,1,6,1,9,1388,1,3,1,1
2013331300547,2,1,0,18,0,8,0,0,0,0,3,1,6,1,4,-1,-1,-1,1,1
2013331300548,1,9,0,9,0,6,0,0,0,0,3,1,1,2,4,1400,1,7,3,1
2013331300548,2,9,0,14,0,8,0,0,0,0,1,1,6,1,8,1360,1,13,-1,-1
2013331300548,3,19,0,3,0,1,0,0,0,0,0,1,6,3,-1,-1,-1,-1,-1,-1
2013331300549,1,9,0,18,0,4,0,0,0,0,3,1,6,2,11,1149,1,3,8,3
2013331300549,2,19,0,4,0,8,1,0,0,0,1,1,1,1,6,2402,2,7,8,2
2013331300550,1,9,0,18,0,0,0,0,0,0,1,1,6,1,10,1497,8,6,4,1
2013331300550,2,20,0,18,0,0,0,0,0,0,2,1,1,1,8,4250,2,4,3,2
2013331300551,1,9,0,4,0,0,0,0,0,0,1,1,3,2,7,1461,2,8,1,1
2013331300551,2,1,0,18,0,0,0,0,0,0,1,1,4,1,3,-1,-1,-1,4,1
2013331300552,1,1,0,18,0,6,0,0,0,0,3,1,6,1,4,-1,-1,-1,1,1
2013331300552,2,9,0,5,0,1,0,0,0,0,1,1,6,1,6,-1,-1,-1,-1,-1
2013331300553,1,9,0,5,0,0,0,0,0,0,1,1,1,1,5,1242,1,10,7,1
2013331300553,2,9,0,18,0,0,0,0,0,0,1,1,1,2,8,1590,1,13,1,1
2013331300554,1,11,0,9,0,4,0,0,0,0,1,1,1,1,-1,10970,2,14,-1,-1
2013331300554,2,9,0,18,0,8,0,0,0,0,4,1,6,1,9,998,1,5,7,1
2013331300555,1,9,0,4,0,0,0,0,0,0,2,1,6,1,8,1997,2,9,-1,-1
2013331300555,2,9,0,3,0,0,0,0,0,0,1,1,6,1,4,1910,2,10,-1,-1
2013331300556,1,9,0,12,0,0,5,0,1,9,3,1,2,1,6,-1,-1,-1,4,1
2013331300556,2,9,0,18,0,0,0,0,0,0,4,1,2,1,6,1598,2,1,-1,-1
2013331300556,3,9,0,2,0,0,0,0,0,0,0,1,6,3,-1,-1,-1,-1,-1,-1
2013331300557,1,9,0,8,0,1,0,0,0,0,2,1,6,1,6,1934,1,11,3,1
2013331300557,2,9,0,4,0,1,0,0,0,0,1,1,6,1,6,1349,1,2,-1,-1
2013331300558,1,19,0,1,0,2,0,0,0,0,2,1,1,1,5,1753,2,8,8,1
2013331300559,1,9,0,4,0,0,0,0,0,0,2,1,6,2,5,1390,1,3,5,1
2013331300559,2,9,0,18,0,0,0,0,0,0,1,1,6,1,-1,2143,2,1,-1,-1
2013331300559,3,9,0,11,0,0,0,0,0,0,0,1,6,3,-1,-1,-1,-1,-1,-1
2013331300560,1,9,0,17,0,0,1,0,1,10,4,1,2,1,4,999,1,7,7,3
2013331300561,1,9,0,9,0,5,0,0,0,0,0,1,6,1,9,1896,2,10,1,1
2013331300561,2,11,0,4,2,1,0,0,0,0,0,1,1,1,7,4250,2,2,2,1
2013331300562,1,21,1,8,0,1,0,0,0,0,1,1,1,1,9,5880,2,5,8,3
2013331300562,2,19,0,9,0,5,0,0,0,0,1,1,1,1,7,2463,2,7,7,1
2013331300562,3,9,0,18,0,8,0,0,0,0,1,1,1,1,7,1595,2,3,7,1
2013331300563,1,9,0,18,0,8,0,0,1,2,1,1,6,1,5,-1,-1,-1,3,1
2013331300564,1,9,0,6,0,8,0,0,0,0,3,1,6,1,10,1596,1,9,5,1
2013331300564,2,9,0,18,0,8,0,0,0,0,1,1,6,1,6,796,1,11,1,1
2013331300565,1,11,0,5,2,0,0,0,0,0,1,1,1,1,9,7300,2,11,4,1
2013331300565,2,1,0,18,2,0,0,0,0,0,1,1,6,1,7,-1,-1,-1,1,1
2013331300566,1,9,0,18,0,0,0,0,0,0,1,1,2,1,9,1795,1,15,4,1
2013331300566,2,21,1,2,0,0,0,0,0,0,2,1,1,1,8,12777,2,3,2,1
2013331300567,1,9,0,17,0,0,0,0,1,11,1,1,1,2,5,1124,1,12,1,1
2013331300569,1,9,0,4,0,1,0,0,0,0,2,1,6,1,7,1800,1,19,7,1
2013331300569,2,9,0,4,0,1,0,0,0,0,2,1,6,2,7,1598,1,14,1,1
2013331300569,3,9,0,4,0,1,1,0,0,0,1,1,6,2,7,2000,2,6,7,1
2013331300570,1,9,0,4,0,6,1,0,0,0,1,1,6,1,4,1229,1,6,8,1
2013331300570,2,4,0,4,0,8,1,0,0,0,1,1,6,1,4,125,1,1,7,3
2013331300571,1,9,0,9,0,5,0,0,0,0,4,1,2,1,6,1124,1,10,4,1