Accident_Index,Vehicle_Reference,Vehicle_Type,Towing_and_Articulation,Vehicle_Manoeuvre,Vehicle_Location-Restricted_Lane,Junction_Location,Skidding_and_Overturning,Hit_Object_in_Carriageway,Vehicle_Leaving_Carriageway,Hit_Object_off_Carriageway,1st_Point_of_Impact,Was_Vehicle_Left_Hand_Drive?,Journey_Purpose_of_Driver,Sex_of_Driver,Age_Band_of_Driver,Engine_Capacity_(CC),Propulsion_Code,Age_of_Vehicle,Driver_IMD_Decile,Driver_Home_Area_Type
2013331300571,2,9,0,18,0,8,0,0,0,0,1,1,2,2,5,998,1,5,6,1
2013331300572,1,9,0,8,0,1,0,0,0,0,2,1,6,2,9,1299,1,10,4,2
2013331300572,2,90,0,18,0,1,0,0,0,0,1,1,6,1,7,2830,2,20,-1,-1
2013331300573,1,9,0,9,0,6,0,0,0,0,1,1,6,1,8,1968,2,6,10,1
2013331300573,2,9,0,18,0,8,2,0,2,0,1,1,6,2,7,1997,2,2,10,2
2013331300574,1,9,0,7,0,6,0,0,0,0,1,1,6,1,5,1997,2,10,4,1
2013331300574,2,19,0,18,0,8,0,0,0,0,1,1,6,1,8,-1,-1,-1,-1,-1
2013331300575,1,9,0,10,0,8,0,0,0,0,2,1,2,1,6,1242,1,4,-1,-1
2013331300575,2,9,0,3,0,8,0,0,0,0,2,1,2,1,6,1598,1,9,10,2
2013331300575,3,11,0,18,0,8,0,0,0,0,1,1,1,1,-1,-1,2,11,-1,-1
2013331300576,1,19,0,8,0,1,0,0,0,0,0,1,1,1,8,2143,2,3,-1,-1
2013331300576,2,1,0,4,5,1,0,0,0,0,1,1,6,1,6,-1,-1,-1,5,1
2013331300577,1,9,0,1,9,8,0,0,0,0,2,1,6,2,-1,1598,1,14,-1,-1
2013331300578,1,9,0,16,0,2,1,0,1,4,4,1,6,2,5,1149,1,1,3,1
2013331300579,1,9,0,9,0,5,1,0,0,0,1,1,6,1,11,1396,1,13,8,1
2013331300579,2,9,0,4,0,8,1,0,0,0,1,1,6,1,8,1753,2,14,-1,-1
2013331300580,1,9,0,18,0,2,0,7,0,0,1,1,6,3,-1,-1,-1,-1,-1,-1
2013331300581,1,9,0,9,0,5,0,0,0,0,1,1,6,2,9,1199,1,9,7,3
2013331300581,2,9,0,18,0,8,0,0,0,0,1,1,6,1,8,2295,1,12,6,1
2013331300583,1,19,0,7,0,5,0,0,0,0,4,1,3,1,8,2300,2,9,4,1
2013331300584,1,9,0,18,0,1,0,0,0,0,1,1,6,1,6,-1,-1,-1,-1,-1
2013331300585,1,21,0,18,0,0,0,0,0,0,1,1,1,1,7,12580,2,7,6,1
2013331300585,2,9,0,3,0,0,0,0,0,0,2,1,6,1,6,1149,1,11,7,1
2013331300585,3,9,0,3,0,0,0,0,0,0,2,1,6,1,6,1587,1,9,10,1
2013331300585,4,8,0,3,0,0,0,0,0,0,3,1,1,1,9,1998,2,8,8,1
2013331300586,1,9,0,18,0,1,5,4,0,0,1,1,6,1,6,1396,2,2,-1,-1
2013331300586,2,9,0,2,0,1,0,0,0,0,2,1,6,1,-1,-1,-1,-1,6,1
2013331300587,1,19,0,5,0,1,0,0,0,0,3,1,1,1,5,1560,2,2,6,2
2013331300587,2,1,0,5,0,6,0,0,0,0,1,1,6,1,5,-1,-1,-1,-1,-1
2013331300588,1,9,0,9,0,5,0,0,0,0,1,1,6,2,6,1896,2,4,9,2
2013331300588,2,9,0,18,0,8,0,0,0,0,1,1,1,1,9,1388,1,14,5,1
2013331300589,1,9,0,5,9,8,0,0,0,0,1,1,6,1,7,1390,1,15,-1,-1
2013331300589,2,1,0,18,9,8,0,0,0,0,1,1,4,1,2,-1,-1,-1,1,1
2013331300590,1,9,0,5,0,6,0,0,0,0,3,1,1,2,7,1998,1,6,-1,-1
2013331300590,2,9,0,18,0,8,0,0,0,0,1,1,1,1,4,1242,1,13,6,1
2013331300591,1,9,0,4,0,0,0,0,0,0,3,1,6,1,6,-1,-1,-1,3,1
2013331300591,2,9,0,18,0,0,0,0,0,0,3,1,6,3,-1,-1,-1,-1,-1,-1
2013331300593,1,9,0,18,0,0,1,0,4,4,3,1,6,1,8,1796,1,11,4,1
2013331300593,2,21,1,18,0,0,0,0,0,0,4,1,1,1,8,12580,2,7,7,1
2013331300594,1,9,0,4,0,8,0,0,0,0,2,1,3,2,8,1124,1,10,6,1
2013331300594,2,9,0,18,0,8,0,0,0,0,1,1,1,2,4,1590,1,3,3,1
2013331300595,1,9,0,18,0,0,0,0,0,0,4,1,6,3,-1,-1,-1,-1,-1,-1
2013331300596,1,9,0,18,0,0,0,0,0,0,3,1,6,1,6,998,1,9,9,3
2013331300597,1,19,0,17,0,0,1,0,1,11,1,1,6,2,6,-1,-1,-1,1,1
2013331300598,1,9,0,12,0,8,0,0,0,0,3,1,2,1,6,1368,1,6,4,1
2013331300598,2,5,0,18,0,3,0,0,0,0,1,1,2,1,7,1137,1,16,1,1
2013331300599,1,9,0,9,0,6,0,0,0,0,3,1,6,2,6,-1,-1,-1,1,1
2013331300599,2,9,0,18,0,8,0,0,0,0,1,1,6,2,6,1598,1,9,1,1
2013331300600,1,9,0,17,0,0,0,0,1,10,1,1,6,2,11,1275,1,17,7,3
2013331300601,1,9,0,4,0,1,0,0,0,0,1,1,1,2,6,1797,8,3,4,1
2013331300602,1,11,0,18,2,8,0,0,0,0,4,1,1,1,8,5900,2,7,4,1
2013331300602,2,9,0,7,2,6,0,0,0,0,1,1,6,1,6,1896,2,11,3,1
2013331300603,1,19,0,18,0,2,0,0,1,2,4,1,1,1,6,2198,2,-1,5,1
2013331300604,1,1,0,18,0,2,0,0,0,0,1,1,6,1,4,-1,-1,-1,7,1
2013331300604,2,9,0,18,0,2,0,0,0,0,1,1,6,1,-1,-1,-1,-1,-1,-1
2013331300605,1,9,0,9,0,5,0,0,0,0,1,1,6,1,5,1124,1,9,-1,-1
2013331300605,2,3,0,18,0,8,0,0,0,0,1,1,6,1,5,125,1,5,7,1
2013331300606,1,4,0,4,0,8,1,0,0,0,1,1,6,1,10,233,1,16,9,2
2013331300606,2,9,0,9,0,5,0,0,0,0,4,1,6,3,-1,1242,1,13,-1,-1
2013331300607,1,9,0,18,0,0,0,0,0,0,3,1,2,2,8,-1,-1,-1,10,1
2013331300607,2,90,0,3,0,0,0,0,0,0,0,1,1,3,-1,-1,-1,-1,-1,-1
2013331300608,1,4,0,18,0,0,0,0,0,0,2,1,6,1,4,398,1,21,9,1
2013331300608,2,4,0,18,0,0,0,0,0,0,1,1,6,1,4,398,1,21,9,1
2013331300609,1,9,0,18,0,0,1,0,7,11,1,1,2,2,4,1364,1,6,10,2
2013331300610,1,9,0,9,0,5,0,0,7,0,1,1,1,2,7,998,1,1,4,1
2013331300610,2,9,0,18,0,8,0,0,0,0,1,1,2,1,5,1149,1,9,9,1
2013331300611,1,9,0,5,0,4,0,0,0,0,1,1,1,1,7,998,1,13,-1,-1
2013331300611,2,1,0,11,0,8,0,0,0,0,4,1,6,2,7,-1,-1,-1,3,1
2013331300612,1,1,0,18,0,0,0,0,0,0,1,1,6,1,7,-1,-1,-1,4,2
2013331300612,2,11,0,3,0,0,0,0,0,0,0,1,1,3,-1,-1,-1,-1,-1,-1
2013331300613,1,19,0,18,0,4,0,0,0,0,3,1,6,1,5,2461,2,8,3,1
2013331300613,2,3,0,18,0,8,0,0,0,0,1,1,6,1,4,124,1,-1,-1,-1
2013331300614,1,9,0,5,0,0,0,0,0,0,3,1,6,2,-1,-1,-1,-1,-1,-1
2013331300615,1,9,0,18,0,8,0,0,0,0,1,1,6,1,6,1686,2,5,5,1
2013331300615,2,9,0,9,0,6,0,0,0,0,3,1,6,1,6,1995,2,10,1,1
2013331300616,1,9,0,3,0,0,0,0,0,0,2,1,1,1,8,1998,2,5,3,1
2013331300616,2,9,0,3,0,0,0,0,0,0,2,1,1,2,8,1997,2,9,9,2
2013331300616,3,19,0,4,0,0,1,0,0,0,1,1,1,1,7,2499,2,10,9,3
2013331300619,1,9,0,2,0,0,0,0,0,0,3,1,6,1,7,1910,2,7,6,1
2013331300619,2,1,0,18,0,0,0,4,0,0,1,1,6,2,7,-1,-1,-1,-1,-1
2013331300620,1,9,0,18,0,8,0,7,0,0,4,1,1,1,7,1753,2,2,9,1
2013331300620,2,9,0,18,0,8,0,0,0,0,1,1,6,1,5,1998,1,6,8,1
2013331300620,3,9,0,3,0,1,0,0,0,0,2,1,1,2,5,1968,2,2,10,1
2013331300621,1,5,0,16,0,0,0,10,0,0,1,1,6,1,9,652,1,10,8,3
2013331300622,1,3,0,18,0,0,0,0,0,0,2,1,6,1,6,124,1,10,3,1
2013331300622,2,9,0,18,0,0,0,0,0,0,1,1,6,1,6,1598,2,2,5,1
2013331300623,1,9,0,2,0,0,0,0,0,0,2,1,6,1,6,1997,2,6,5,1
2013331300623,2,19,0,18,0,0,0,4,0,0,1,1,1,1,7,2143,2,2,8,3
2013331300624,1,9,0,18,0,8,0,0,1,10,3,1,1,1,5,1149,1,7,-1,-1
2013331300624,2,9,0,9,0,5,0,0,0,0,1,1,6,2,8,1587,1,11,4,1
2013331300625,1,9,0,3,0,1,0,0,0,0,2,1,6,2,7,1595,1,13,-1,-1
2013331300625,2,9,0,18,0,1,0,0,0,0,1,1,6,1,-1,-1,-1,-1,-1,-1
2013331300626,1,9,0,4,0,1,0,0,0,0,2,1,6,2,8,998,1,9,-1,-1
2013331300626,2,9,0,18,0,1,0,0,0,0,1,1,6,1,6,1896,2,9,-1,-1
2013331300626,3,9,0,7,0,5,0,0,0,0,0,1,6,3,-1,-1,-1,-1,-1,-1
2013331300627,1,3,0,18,0,0,0,0,0,0,1,1,2,1,4,124,1,-1,6,1
2013331300627,2,9,0,18,0,0,0,0,0,0,1,1,2,1,6,-1,-1,-1,9,1
2013331300627,3,20,0,2,0,0,0,0,0,0,0,1,6,3,-1,-1,-1,-1,-1,-1
2013331300628,1,9,0,17,0,0,1,10,1,0,1,1,4,1,4,973,1,12,10,2
2013331300629,1,9,0,18,0,8,0,0,0,0,1,1,6,2,10,1753,2,6,9,3
2013331300629,2,9,0,10,0,8,0,0,0,0,2,1,6,2,7,1388,1,4,10,2
2013331300630,1,9,0,5,0,4,0,0,0,0,3,1,6,1,7,1995,2,-1,9,1
2013331300630,2,1,0,18,0,8,0,0,0,0,1,1,6,1,8,-1,-1,-1,-1,-1
2013331300631,1,9,0,18,0,2,0,0,0,0,3,1,6,2,7,1242,1,3,9,1
2013331300631,2,1,0,18,0,6,0,0,0,0,1,1,6,1,3,-1,-1,-1,-1,-1
2013331300632,1,9,0,18,0,8,0,0,0,0,1,1,1,1,5,998,1,17,4,1
2013331300632,2,9,0,18,0,4,0,10,0,0,3,1,6,2,6,1198,1,10,1,1
2013331300633,1,11,0,9,0,5,0,0,0,0,0,1,1,1,9,9200,2,7,9,2
2013331300633,2,9,0,18,0,8,0,0,0,0,0,1,6,3,-1,-1,-1,-1,-1,-1
2013331300634,1,9,0,18,0,2,0,0,7,2,1,1,6,1,7,-1,-1,-1,7,1
2013331300635,1,22,0,18,0,6,0,0,0,0,1,1,6,1,11,-1,-1,-1,2,1
2013331300635,2,9,0,5,0,1,0,0,0,0,4,1,2,1,7,3189,1,9,10,1
2013331300636,1,9,0,18,0,8,0,0,0,0,1,1,6,2,4,1242,1,8,6,1
2013331300636,2,2,0,9,0,8,0,0,0,0,4,1,6,1,5,49,1,1,1,1
2013331300637,1,1,0,17,0,1,0,0,0,0,1,1,6,1,4,-1,-1,-1,3,1
2013331300638,1,9,0,9,0,5,0,0,0,0,4,1,6,2,5,1598,1,9,-1,-1
2013331300638,2,9,0,18,0,8,0,0,0,0,1,1,6,1,6,1796,1,20,1,1
2013331300639,1,9,0,12,0,1,0,0,0,0,4,1,2,2,7,2498,1,13,1,1
2013331300640,1,9,0,18,0,0,0,0,0,0,1,1,6,1,6,2979,1,11,7,2
2013331300640,2,9,0,18,0,0,0,0,0,0,1,1,1,1,8,1896,2,12,6,1
2013331300641,1,9,0,16,0,3,0,0,0,0,1,1,2,1,6,998,1,11,4,1
2013331300641,2,1,0,18,0,8,0,0,0,0,1,1,2,1,5,-1,-1,-1,2,1
2013331300642,1,9,0,4,0,8,0,0,0,0,1,1,6,1,5,1590,1,8,2,1
2013331300642,2,9,0,5,0,6,0,0,0,0,4,1,1,2,7,1598,2,1,1,1
2013331300642,3,9,0,9,0,2,0,0,0,0,0,1,6,3,-1,-1,-1,-1,-1,-1
2013331300643,1,9,0,18,0,1,0,0,0,0,1,1,6,3,-1,-1,-1,-1,-1,-1
2013331300643,2,1,0,18,0,1,0,0,0,0,2,1,6,1,6,-1,-1,-1,7,1
2013331300644,1,9,0,11,0,0,0,0,0,0,4,1,6,1,6,1399,2,1,9,3
2013331300644,2,9,0,18,0,0,0,0,0,0,3,1,6,1,10,1324,1,12,3,1
2013331300645,1,9,0,18,0,0,0,0,0,0,3,1,6,2,-1,-1,-1,-1,-1,-1
2013331300646,1,9,0,4,0,0,1,0,0,0,1,1,6,1,5,1242,1,12,2,1
2013331300647,1,9,0,9,0,8,0,0,0,0,4,1,6,1,5,1984,1,12,2,1
2013331300648,1,8,0,16,0,0,0,0,0,0,1,1,1,1,8,1997,2,2,-1,-1
2013331300648,2,9,0,17,0,0,0,0,0,0,1,1,3,1,8,1749,1,11,-1,-1
2013331300649,1,9,0,1,0,0,0,0,1,11,2,1,6,1,11,1242,1,13,-1,-1
2013331300650,1,9,0,9,0,6,0,0,0,0,1,1,6,1,9,1968,2,3,10,1
2013331300650,2,9,0,3,0,1,0,0,0,0,3,1,6,2,8,1275,1,15,-1,-1
2013331300650,3,9,0,18,0,8,0,0,7,11,1,1,6,1,8,1995,2,5,10,1
2013331300651,1,9,0,18,0,8,0,0,0,0,1,1,6,1,7,1995,2,9,3,1
2013331300651,2,9,0,9,0,8,0,0,0,0,1,1,2,1,7,1781,1,16,4,1
2013331300652,1,9,0,3,0,0,0,0,0,0,1,1,1,1,7,1686,2,-1,-1,-1
2013331300652,2,19,0,1,0,0,0,0,0,0,2,1,6,1,-1,2198,2,4,-1,-1
2013331300653,1,9,0,18,0,1,5,10,1,11,4,1,6,1,4,1199,1,11,8,1
2013331300654,1,9,0,18,0,6,0,0,0,0,3,1,6,1,6,1995,1,10,-1,-1
2013331300654,2,9,0,4,0,8,0,0,0,0,1,1,1,2,6,-1,-1,-1,7,1
2013331300655,1,19,0,18,0,2,0,0,0,0,1,1,1,1,6,1248,2,3,4,1
2013331300656,1,9,0,3,0,0,0,0,0,0,2,1,6,1,6,-1,-1,-1,7,1
2013331300656,2,9,0,18,0,0,0,0,0,0,1,1,6,1,6,1598,1,9,-1,-1
2013331300657,1,19,0,18,0,0,5,0,7,6,3,1,1,1,7,1998,2,8,4,1
2013331300658,1,21,0,1,0,0,0,0,0,0,2,1,1,1,5,4580,2,11,7,3
2013331300659,1,90,0,4,0,6,1,0,0,0,1,1,1,1,5,2953,2,8,8,1
2013331300659,2,19,0,18,0,8,1,0,7,4,4,1,1,1,6,4764,2,4,-1,-1
2013331300660,1,9,0,4,0,0,1,0,0,0,4,1,6,2,6,1598,1,-1,2,1
2013331300660,2,9,0,4,0,0,1,0,7,6,3,1,6,1,6,1998,1,9,5,1
2013331300660,3,20,0,12,0,0,0,0,0,0,0,1,6,3,-1,-1,-1,-1,-1,-1
2013331300661,1,9,0,12,0,2,0,0,0,0,0,1,2,1,5,1896,2,5,7,1
2013331300661,2,5,0,12,0,2,0,0,0,0,3,1,6,1,8,1137,1,7,5,1
2013331300663,1,9,0,18,0,8,0,0,0,0,1,1,6,2,6,1199,1,9,6,1
2013331300663,2,9,0,9,0,6,0,0,0,0,1,1,6,2,7,2616,1,5,3,1
2013331300664,1,9,0,9,0,6,0,0,0,0,1,1,2,2,8,998,1,5,8,1
2013331300664,2,5,0,18,0,8,0,0,0,0,0,1,4,1,8,1340,1,3,8,1
2013331300665,1,9,0,18,0,2,0,0,0,0,1,1,6,1,11,1198,1,2,7,3
2013331300665,2,1,0,18,0,2,0,0,1,0,2,1,6,2,7,-1,-1,-1,9,3
2013331300666,1,9,0,10,0,8,0,0,0,0,2,1,6,2,9,1686,2,2,9,3
2013331300666,2,9,0,15,0,8,0,0,0,0,1,1,2,2,9,1242,1,5,7,2
2013331300667,1,19,0,18,9,0,0,0,1,0,4,1,1,3,-1,-1,-1,-1,-1,-1
2013331300668,1,9,0,5,0,1,0,0,0,0,1,1,2,1,7,-1,-1,-1,6,3
2013331300669,1,11,0,18,0,0,0,0,0,0,4,1,1,1,7,7300,2,11,2,1
2013331300670,1,9,0,2,0,0,0,4,0,0,4,1,6,2,-1,1390,1,6,-1,-1
2013331300670,2,9,0,18,0,0,0,0,0,0,0,1,4,1,10,1988,1,19,5,1
2013331300671,1,9,0,9,0,5,0,0,0,0,3,1,2,1,5,1596,1,7,5,1
2013331300671,2,4,0,13,0,8,0,0,0,0,1,1,6,1,5,400,1,23,2,1
2013331300672,1,11,0,18,0,1,0,0,0,0,1,1,1,1,7,9200,2,7,10,1
2013331300672,2,9,0,4,0,1,0,0,0,0,2,1,6,1,6,-1,-1,-1,1,1
2013331300673,1,3,0,13,0,8,0,10,7,2,4,1,6,1,4,125,1,4,-1,-1
2013331300673,2,9,0,9,0,5,0,0,0,0,3,1,6,1,5,1199,1,12,-1,-1
2013331300674,1,9,0,18,0,2,0,0,0,0,1,1,6,2,5,1399,2,4,1,1
2013331300675,1,9,0,18,0,0,0,0,0,0,1,1,6,3,8,1749,1,12,-1,-1
2013331300675,2,9,0,3,0,0,0,0,0,0,2,1,6,1,9,-1,-1,-1,8,3
2013331300675,3,9,0,3,0,0,0,0,0,0,2,1,6,3,6,-1,-1,-1,6,1
2013331300676,1,19,0,5,0,6,0,0,0,0,4,1,2,1,6,1753,2,7,10,1
2013331300676,2,9,0,18,0,8,0,0,0,0,1,1,6,1,10,1798,1,4,10,2
2013331300677,1,9,0,18,0,0,1,0,7,11,1,1,1,1,9,1997,2,5,6,1
2013331300678,1,9,0,9,0,6,0,0,0,0,1,1,6,1,5,1396,1,13,8,1
2013331300678,2,9,0,16,0,8,1,0,0,0,1,1,6,1,8,1997,2,2,6,2
2013331300679,1,4,0,18,0,3,0,0,0,0,4,1,6,1,5,124,1,6,3,1
2013331300679,2,9,0,18,0,4,0,0,0,0,1,1,6,2,9,-1,-1,-1,6,1
2013331300680,1,3,0,4,0,1,1,0,0,0,1,1,6,1,4,100,1,14,1,1
2013331300680,2,19,0,3,0,1,0,0,0,0,2,1,6,1,8,2198,2,5,-1,-1
2013331300680,3,9,0,9,0,6,0,0,0,0,0,1,6,3,-1,-1,-1,-1,-1,-1
2013331300681,1,9,0,4,0,0,0,0,0,0,1,1,6,1,6,1596,1,12,10,2
2013331300681,2,21,1,18,0,0,0,0,0,0,1,1,1,1,8,9290,2,2,-1,-1
2013331300682,1,21,0,4,0,1,1,0,0,0,1,1,1,1,7,12900,2,6,-1,-1
2013331300682,2,9,0,4,0,1,0,7,0,0,2,1,6,1,11,998,1,1,-1,-1
2013331300683,1,8,0,18,9,6,0,0,0,0,4,1,1,1,7,1997,2,4,4,1
2013331300683,2,1,0,18,9,8,0,0,0,0,1,1,6,1,5,-1,-1,-1,-1,-1
2013331300684,1,9,0,4,0,0,1,0,7,1,1,1,1,1,6,1951,2,8,4,1
2013331300684,2,9,0,18,0,0,0,0,0,0,4,1,6,2,10,1998,2,6,9,1
2013331300684,3,9,0,13,0,0,0,0,0,0,0,1,1,1,6,-1,-1,-1,9,2
2013331300685,1,19,0,9,0,6,0,0,0,0,0,1,6,1,6,-1,-1,-1,-1,-1
2013331300685,2,9,0,4,0,1,1,0,0,0,0,1,1,2,8,-1,-1,-1,10,2
2013331300686,1,9,0,4,0,8,0,0,0,0,2,1,6,2,10,1332,1,-1,5,1
2013331300686,2,9,0,4,0,8,1,0,0,0,1,1,2,1,4,973,1,11,8,1
2013331300686,3,9,0,9,0,5,0,0,0,0,0,1,6,3,-1,-1,-1,-1,-1,-1
2013331300687,1,9,0,4,0,0,0,0,0,0,2,1,1,2,7,1560,2,5,7,2
2013331300687,2,21,1,18,0,0,0,0,0,0,1,1,1,1,8,12777,2,1,5,1
2013331300688,1,9,0,1,0,6,0,0,0,0,2,1,6,3,-1,-1,-1,-1,-1,-1
2013331300689,1,1,0,18,0,6,0,0,0,0,1,1,4,1,3,-1,-1,-1,6,1
2013331300689,2,9,0,7,0,5,0,0,0,0,4,1,6,2,8,2972,1,14,-1,-1
2013331300691,1,1,0,12,0,1,0,0,0,0,3,1,6,1,6,-1,-1,-1,-1,-1
2013331300691,2,9,0,18,0,1,0,0,0,0,4,1,1,1,6,1968,2,8,2,1
2013331300692,1,9,0,9,0,5,0,0,0,0,4,1,2,1,8,2494,2,1,7,1
2013331300692,2,8,0,18,0,8,0,0,0,0,1,1,1,1,7,1598,1,3,5,1
2013331300693,1,9,0,9,0,5,0,0,0,0,0,2,6,2,-1,-1,-1,-1,8,2
2013331300693,2,9,0,4,0,1,0,0,0,0,0,1,6,1,5,1229,1,1,8,2
2013331300694,1,9,0,9,0,5,0,0,0,0,4,1,6,1,-1,-1,-1,-1,-1,-1
2013331300695,1,5,0,17,0,0,0,0,1,4,1,1,6,1,8,-1,-1,-1,4,1
2013331300696,1,9,0,18,0,0,0,0,0,0,1,1,6,1,9,1995,2,-1,2,1
2013331300696,2,9,0,18,0,0,0,0,0,0,1,1,6,1,6,1596,1,10,1,1
2013331300697,1,9,0,18,0,8,0,0,0,0,1,1,6,1,4,1199,1,11,9,1
2013331300697,2,8,0,18,0,2,0,0,0,0,0,1,6,3,-1,-1,-1,-1,-1,-1
2013331300698,1,9,0,4,0,1,0,4,1,0,1,1,6,2,7,-1,-1,-1,3,1
2013331300698,2,9,0,2,0,1,0,0,0,0,2,1,6,1,6,1968,2,8,9,1
2013331300698,3,9,0,18,0,2,0,0,0,0,1,1,6,1,9,1998,2,12,7,1
2013331300699,1,9,0,9,0,6,0,0,0,0,1,1,6,2,9,1796,1,6,6,1
2013331300699,2,5,0,18,0,8,0,0,7,0,4,1,6,2,8,-1,-1,-1,4,1
2013331300700,1,1,0,18,0,0,0,10,1,0,1,1,2,1,6,-1,-1,-1,9,1
2013331300701,1,9,0,14,0,0,0,0,0,0,1,1,2,2,6,1560,2,5,6,1
2013331300702,1,9,0,18,0,1,1,7,2,1,1,1,6,1,7,1242,1,1,-1,-1
2013331300703,1,9,0,14,0,8,0,0,0,0,1,1,6,2,6,1598,1,13,-1,-1
2013331300703,2,9,0,5,0,6,0,0,0,0,3,1,1,1,7,2495,2,16,2,1
2013331300703,3,11,0,3,0,1,0,0,0,0,0,1,1,3,-1,-1,-1,-1,-1,-1
2013331300704,1,1,0,9,0,0,0,0,7,0,2,1,6,1,4,-1,-1,-1,4,1
2013331300704,2,9,0,4,0,0,1,0,0,0,1,1,6,1,5,1242,1,12,-1,-1
2013331300706,1,9,0,9,0,6,1,0,8,0,1,1,6,1,6,1242,1,11,-1,-1
2013331300706,2,9,0,5,0,8,0,0,2,0,1,1,6,2,7,1199,1,9,9,1
2013331300707,1,9,0,18,0,0,0,0,0,0,4,1,6,1,11,1997,2,1,8,3
2013331300708,1,9,0,18,0,0,5,10,2,2,1,1,6,1,4,1800,1,14,3,1
2013331300709,1,9,0,18,0,8,0,0,0,0,3,1,2,2,6,1461,2,1,7,1
2013331300709,2,9,0,5,0,6,0,0,0,0,1,1,2,2,7,1248,2,2,9,2
2013331300710,1,9,0,13,0,2,0,10,7,4,1,1,6,1,4,-1,-1,-1,2,1
2013331300710,2,9,0,4,0,2,0,0,0,0,1,1,6,1,5,-1,-1,-1,-1,-1
2013331300712,1,9,0,4,0,0,0,0,0,0,2,1,1,1,7,-1,-1,-1,6,1
2013331300712,2,9,0,18,0,0,0,0,0,0,1,1,1,1,6,1968,2,-1,9,1
2013331300713,1,1,0,4,5,8,0,0,0,0,0,1,3,1,4,-1,-1,-1,-1,-1
2013331300713,2,9,0,9,5,5,0,0,0,0,0,1,6,2,7,-1,-1,-1,-1,-1
2013331300714,1,9,0,7,0,5,0,0,0,0,4,1,6,2,7,1910,2,6,2,1
2013331300714,2,1,0,18,0,8,0,0,0,0,3,1,6,1,8,-1,-1,-1,9,1
2013331300715,1,9,0,18,0,8,0,0,0,0,1,1,6,2,7,1796,1,12,8,1
2013331300715,2,19,0,9,0,5,0,0,0,0,4,1,6,1,9,2198,2,5,4,1
2013331300716,1,9,0,9,9,6,0,0,0,0,1,1,6,1,9,2171,2,9,3,1
2013331300716,2,1,0,18,9,8,0,0,0,0,1,1,6,1,7,-1,-1,-1,6,3
2013331300717,1,9,0,18,0,8,0,0,0,0,1,1,1,2,9,1242,1,4,6,3
2013331300717,2,1,0,18,0,6,0,0,0,0,1,1,6,2,4,-1,-1,-1,7,1
2013331300718,1,9,0,4,0,0,0,0,0,0,4,1,3,1,6,-1,-1,-1,-1,-1
2013331300719,1,9,0,18,0,0,0,0,0,0,1,1,6,2,5,1596,1,10,3,1
2013331300719,2,11,0,18,0,0,0,0,0,0,0,1,1,3,-1,-1,-1,-1,-1,-1
2013331300720,1,9,0,18,0,4,0,0,0,0,1,1,6,2,8,1910,2,7,7,3
2013331300720,2,9,0,18,0,8,0,0,0,0,2,1,6,1,7,1900,2,7,6,1
2013331300721,1,19,0,5,0,6,0,0,1,0,1,1,1,1,8,1399,2,3,10,1
2013331300721,2,9,0,18,0,8,0,0,7,0,1,1,6,2,7,1422,2,12,6,3
2013331300722,1,9,0,18,0,0,0,4,1,0,1,1,6,1,8,1199,1,12,3,1
2013331300722,2,9,0,2,0,0,0,4,0,0,2,1,6,1,8,1497,1,10,-1,-1
2013331300722,3,9,0,2,0,0,0,0,0,0,2,1,6,1,6,1598,1,8,-1,-1
2013331300723,1,9,0,7,0,6,0,0,0,0,1,1,2,2,5,1596,1,4,6,1
2013331300723,2,9,0,18,0,8,0,0,0,0,1,1,2,2,7,1995,1,6,3,1
2013331300724,1,9,0,18,0,2,0,0,0,0,3,1,1,1,8,2148,2,10,9,1
2013331300724,2,1,0,18,0,6,0,0,0,0,1,1,4,1,2,-1,-1,-1,9,1
2013331300725,1,21,1,18,0,0,0,0,0,0,1,1,1,1,7,12580,2,7,2,1
2013331300725,2,9,0,3,0,0,0,0,1,0,2,1,1,1,7,1968,2,3,5,3
2013331300725,3,9,0,18,0,0,0,0,0,0,1,1,1,2,8,1975,1,5,-1,-1
2013331300725,4,21,1,18,0,0,0,0,0,0,1,1,1,1,9,12740,2,2,1,1
2013331300725,5,9,0,18,0,0,0,0,0,0,1,1,6,1,10,-1,-1,-1,-1,-1
2013331300726,1,9,0,18,0,8,0,0,0,0,3,1,6,1,7,1149,1,11,9,1
2013331300726,2,9,0,18,0,8,0,0,0,0,1,1,6,1,8,-1,-1,-1,3,1
2013331300727,1,9,0,9,0,8,0,0,0,0,4,1,6,2,6,1390,1,13,1,1
2013331300727,2,9,0,9,0,8,1,0,0,0,3,1,6,1,-1,1798,1,6,10,1
2013331300728,1,9,0,18,0,8,0,0,0,0,1,1,6,2,6,1396,1,11,6,1
2013331300728,2,9,0,9,0,6,0,0,0,0,1,1,6,1,7,3222,2,10,3,1
2013331300729,1,11,0,3,0,0,0,0,0,0,0,1,1,1,7,-1,-1,-1,1,1
2013331300729,2,9,0,2,0,0,0,0,0,0,0,1,6,1,8,1997,2,10,-1,-1
2013331300730,1,19,0,18,0,1,0,0,0,0,1,1,6,1,6,-1,-1,-1,-1,-1
2013331300730,2,8,0,3,0,1,0,0,0,0,2,1,1,1,7,1910,2,8,2,1