Accident_Index,Vehicle_Reference,Vehicle_Type,Towing_and_Articulation,Vehicle_Manoeuvre,Vehicle_Location-Restricted_Lane,Junction_Location,Skidding_and_Overturning,Hit_Object_in_Carriageway,Vehicle_Leaving_Carriageway,Hit_Object_off_Carriageway,1st_Point_of_Impact,Was_Vehicle_Left_Hand_Drive?,Journey_Purpose_of_Driver,Sex_of_Driver,Age_Band_of_Driver,Engine_Capacity_(CC),Propulsion_Code,Age_of_Vehicle,Driver_IMD_Decile,Driver_Home_Area_Type
2013331300731,1,9,0,3,0,1,0,0,0,0,2,1,2,2,5,1299,1,11,10,1
2013331300731,2,9,0,4,0,1,1,0,0,0,1,1,6,1,7,1988,2,9,10,1
2013331300732,1,9,0,17,0,0,1,0,7,4,2,1,6,1,5,1598,1,6,9,2
2013331300732,2,17,4,18,0,0,0,0,0,0,0,1,1,1,5,5883,2,10,9,2
2013331300733,1,9,0,2,6,0,0,0,0,0,0,1,6,1,9,1149,1,7,2,1
2013331300733,2,21,1,18,0,0,0,0,0,0,1,1,1,1,9,-1,-1,-1,10,3
2013331300734,1,9,0,4,0,1,1,0,3,1,1,1,2,1,6,1199,1,11,4,1
2013331300734,2,9,0,18,0,1,0,0,0,0,0,1,6,3,-1,-1,-1,-1,-1,-1
2013331300735,1,1,0,18,0,2,0,0,0,0,2,1,6,1,4,-1,-1,-1,-1,-1
2013331300735,2,9,0,13,0,2,0,0,0,0,1,1,6,3,-1,-1,-1,-1,-1,-1
2013331300736,1,9,0,18,0,0,0,0,1,2,3,1,6,1,9,1242,1,3,10,1
2013331300737,1,9,0,1,0,0,0,0,1,10,2,1,6,1,11,1896,2,10,10,1
2013331300738,1,9,0,18,0,8,0,0,0,0,1,1,6,3,-1,-1,-1,-1,-1,-1
2013331300738,2,1,0,17,0,8,0,0,0,0,3,1,6,1,7,-1,-1,-1,5,1
2013331300739,1,3,0,18,0,8,1,0,0,0,4,1,6,1,4,-1,-1,-1,5,1
2013331300740,1,3,0,16,0,0,0,0,0,0,3,1,6,1,4,124,1,-1,7,3
2013331300740,2,21,0,17,0,0,0,0,0,0,3,1,1,1,9,5900,2,6,9,2
2013331300740,3,9,0,17,0,0,0,0,0,0,1,1,1,1,6,1796,1,5,6,3
2013331300741,1,9,0,18,0,8,0,0,0,0,4,1,6,2,6,1596,1,19,9,1
2013331300741,2,9,0,9,0,6,0,0,0,0,1,1,6,2,9,1596,1,3,9,1
2013331300742,1,9,0,14,0,1,0,0,0,0,3,1,6,2,7,1999,1,10,5,1
2013331300743,1,9,0,5,0,6,0,0,1,11,3,1,6,1,4,998,1,9,5,2
2013331300743,2,9,0,18,0,8,0,0,7,0,1,1,6,1,4,999,1,13,10,3
2013331300744,1,9,0,18,0,8,0,0,0,0,4,1,6,2,4,-1,-1,-1,2,1
2013331300744,2,9,0,9,0,6,0,0,0,0,1,1,6,2,6,1388,1,7,10,1
2013331300747,1,9,0,18,0,8,0,0,0,0,1,1,6,3,-1,-1,-1,-1,-1,-1
2013331300747,2,9,0,18,0,4,0,0,0,0,3,1,6,1,9,1896,2,11,4,1
2013331300748,1,9,0,18,0,2,0,0,0,0,1,1,6,1,8,1399,2,11,2,1
2013331300749,1,9,0,2,0,1,0,0,0,0,3,1,1,1,6,1598,1,11,1,1
2013331300749,2,9,0,18,0,1,0,8,0,0,4,1,6,2,10,1124,1,9,6,1
2013331300750,1,9,0,2,0,0,0,0,0,0,3,1,3,1,8,1988,2,9,2,1
2013331300750,2,9,0,7,0,0,0,0,0,0,4,1,3,3,-1,1598,1,12,-1,-1
2013331300751,1,1,0,18,0,2,0,8,0,0,1,1,1,1,6,-1,-1,-1,7,1
2013331300751,2,9,0,2,0,2,0,0,0,0,3,1,6,1,5,1396,1,11,1,1
2013331300752,1,19,0,3,0,8,0,0,0,0,2,1,6,1,9,2198,2,3,6,2
2013331300752,2,21,0,4,0,8,0,0,0,0,1,1,1,1,9,3920,2,1,-1,-1
2013331300753,1,9,0,9,0,6,0,0,0,0,3,1,6,1,6,1984,1,6,5,1
2013331300753,2,9,0,18,0,8,0,0,0,0,1,1,6,1,10,1388,1,7,10,1
2013331300754,1,9,0,9,0,5,0,0,0,0,1,1,6,1,9,1797,8,1,5,1
2013331300754,2,9,0,18,0,8,0,0,0,0,1,1,6,1,9,1198,1,6,-1,-1
2013331300754,3,9,0,10,0,8,0,0,0,0,3,1,6,1,4,1124,1,10,8,1
2013331300755,1,9,0,5,0,6,0,0,0,0,4,1,1,2,7,1598,1,4,-1,-1
2013331300755,2,9,0,18,0,8,0,0,0,0,1,1,1,2,8,1997,2,12,-1,-1
2013331300756,1,19,0,12,0,0,0,0,0,0,3,1,1,1,6,2198,2,4,5,1
2013331300756,2,9,0,18,0,0,0,0,0,0,4,1,2,2,7,1198,1,4,10,2
2013331300757,1,9,0,18,0,0,2,0,2,1,1,1,2,1,7,2143,2,2,8,1
2013331300758,1,5,0,4,0,1,1,0,0,0,1,1,6,1,8,1050,1,6,9,1
2013331300758,2,9,0,3,0,1,0,0,0,0,2,1,6,1,9,1587,1,8,5,1
2013331300758,3,9,0,10,0,8,0,0,0,0,0,1,6,3,-1,-1,-1,-1,-1,-1
2013331300759,1,3,0,18,0,4,1,0,0,0,4,1,2,1,5,124,1,9,10,2
2013331300759,2,19,0,9,0,8,0,0,0,0,0,1,6,1,5,1560,2,4,-1,-1
2013331300760,1,11,0,4,0,8,0,0,0,0,0,1,1,1,8,-1,2,12,3,1
2013331300760,2,9,0,9,0,5,0,0,0,0,0,1,6,1,-1,1896,2,11,-1,-1
2013331300761,1,9,0,3,0,0,0,0,0,0,2,1,6,2,6,1997,2,11,1,1
2013331300761,2,9,0,18,0,0,0,0,0,0,1,1,6,1,8,1595,1,9,-1,-1
2013331300762,1,19,0,5,0,1,0,0,0,0,1,1,6,1,-1,-1,-1,-1,-1,-1
2013331300762,2,9,0,8,0,1,0,0,0,0,2,1,6,2,6,1596,1,11,10,1
2013331300763,1,9,0,7,0,6,0,0,0,0,1,1,2,2,6,-1,-1,-1,8,3
2013331300763,2,9,0,17,0,8,0,0,0,0,1,1,2,1,8,1986,1,2,10,1
2013331300764,1,5,0,18,0,2,0,0,0,0,0,1,1,1,4,636,1,10,1,1
2013331300764,2,9,0,5,0,2,0,0,0,0,2,1,1,1,6,1560,2,3,10,1
2013331300765,1,9,0,13,0,8,0,0,7,0,1,1,1,1,6,2993,2,1,-1,-1
2013331300765,2,8,0,9,0,5,0,0,7,0,2,1,1,1,6,-1,-1,-1,-1,-1
2013331300766,1,9,0,18,0,6,1,0,0,0,4,1,6,1,8,1339,1,1,-1,-1
2013331300766,2,9,0,4,0,8,1,0,1,0,3,1,6,1,8,1598,1,7,-1,-1
2013331300767,1,9,0,5,0,6,0,0,0,0,1,1,6,1,7,1598,1,10,1,1
2013331300767,2,9,0,17,0,8,0,0,0,0,4,1,6,1,7,1769,1,9,2,1
2013331300768,1,9,0,17,0,0,0,0,1,11,1,1,6,1,5,1242,1,13,7,3
2013331300769,1,9,0,4,0,0,0,7,7,2,3,1,6,1,5,1242,1,8,9,2
2013331300770,1,9,0,16,0,0,2,0,7,10,1,1,1,1,4,1299,1,11,8,3
2013331300771,1,9,0,16,0,0,2,0,1,10,1,1,6,1,4,1124,1,16,9,2
2013331300772,1,9,0,7,4,6,0,0,0,0,3,1,6,1,10,1560,2,3,5,1
2013331300772,2,1,0,4,4,8,1,0,0,0,1,1,1,1,6,-1,-1,-1,5,1
2013331300773,1,9,0,9,0,6,0,0,0,0,1,1,6,1,5,1598,1,1,9,3
2013331300773,2,9,0,18,0,8,0,0,0,0,4,1,6,1,5,1596,1,8,7,1
2013331300774,1,9,0,18,0,8,0,0,0,0,3,1,2,2,8,1796,1,10,4,1
2013331300774,2,9,0,18,0,6,0,0,0,0,3,1,6,1,5,1422,2,10,-1,-1
2013331300775,1,1,0,18,0,6,0,0,0,0,1,1,6,1,6,-1,-1,-1,2,1
2013331300775,2,9,0,9,0,5,0,0,0,0,1,1,6,1,7,1988,1,11,5,1
2013331300776,1,5,0,18,0,8,0,0,0,0,1,1,6,1,4,599,1,15,6,1
2013331300776,2,9,0,9,0,8,0,0,0,0,3,1,6,1,8,1783,1,12,1,1
2013331300777,1,9,0,9,0,6,0,0,0,0,3,1,2,1,7,-1,-1,-1,6,1
2013331300777,2,9,0,18,0,8,0,0,7,0,1,1,6,1,11,1598,1,9,9,2
2013331300777,3,11,0,4,0,1,0,0,0,0,0,1,6,3,-1,-1,-1,-1,-1,-1
2013331300778,1,9,0,5,0,8,0,0,0,0,3,1,6,1,5,-1,-1,-1,3,1
2013331300778,2,1,0,18,0,6,0,0,0,0,1,1,6,1,5,-1,-1,-1,-1,-1
2013331300779,1,9,0,18,0,6,0,0,0,0,1,1,6,2,8,1242,1,10,-1,-1
2013331300779,2,1,0,9,0,8,0,0,0,0,2,1,6,1,8,-1,-1,-1,5,1
2013331300780,1,21,0,17,0,0,0,0,0,0,4,1,1,1,7,9200,2,4,8,1
2013331300780,2,9,0,13,0,0,2,0,7,6,3,1,2,1,6,1399,1,8,7,1
2013331300781,1,9,0,9,0,5,0,0,0,0,3,1,6,2,6,1299,1,9,9,3
2013331300781,2,1,0,5,0,8,0,0,0,0,3,1,6,1,8,-1,-1,-1,9,3
2013331300782,1,9,0,9,4,5,0,0,0,0,4,1,6,2,-1,-1,-1,-1,-1,-1
2013331300782,2,1,0,18,4,8,0,0,0,0,3,1,6,2,4,-1,-1,-1,4,1
2013331300783,1,9,0,9,0,5,0,0,0,0,1,1,6,2,5,1968,2,1,7,3
2013331300783,2,19,0,13,0,8,0,0,0,0,1,1,1,1,7,1995,2,4,3,1
2013331300784,1,11,0,9,0,5,0,0,0,0,1,1,1,1,10,4249,2,5,9,3
2013331300784,2,4,0,10,0,1,0,0,0,0,1,1,2,1,7,396,1,32,9,1
2013331300785,1,9,0,3,0,0,0,0,0,0,2,1,6,2,6,1590,1,14,4,1
2013331300785,2,9,0,18,0,0,0,0,0,0,1,1,6,1,9,1389,1,19,1,1
2013331300786,1,3,0,18,0,8,0,0,0,0,1,1,6,1,6,124,1,1,6,1
2013331300786,2,2,0,9,0,8,0,0,0,0,4,1,6,1,4,49,1,8,3,1
2013331300787,1,9,0,4,0,8,1,0,0,0,1,1,6,2,6,1388,1,10,8,1
2013331300787,2,5,0,9,0,6,0,0,0,0,3,1,2,1,9,805,1,15,5,1
2013331300788,1,2,0,5,0,5,0,0,0,0,1,1,6,1,5,-1,-1,-1,9,1
2013331300788,2,9,0,4,0,8,0,0,0,0,4,1,6,2,6,1686,2,7,4,1
2013331300789,1,19,0,18,0,3,0,0,0,0,1,1,6,1,6,-1,-1,-1,-1,-1
2013331300789,2,9,0,3,0,3,0,0,0,0,2,1,6,2,6,-1,-1,-1,3,1
2013331300791,1,9,0,9,0,5,0,10,7,9,4,1,6,1,8,1798,1,1,-1,-1
2013331300791,2,19,0,4,0,8,2,10,1,4,1,1,6,1,6,-1,-1,-1,-1,-1
2013331300792,1,9,0,11,0,0,0,0,4,6,1,1,2,1,4,1199,1,11,2,1
2013331300792,2,9,0,15,0,0,0,0,0,0,0,1,6,3,-1,-1,-1,-1,-1,-1
2013331300793,1,9,0,5,0,4,0,0,0,0,1,1,6,2,7,1329,1,1,-1,-1
2013331300793,2,1,0,18,0,8,0,0,0,0,1,1,6,1,-1,-1,-1,-1,-1,-1
2013331300794,1,9,0,9,0,5,0,0,0,0,4,1,6,2,5,998,1,1,7,3
2013331300794,2,9,0,18,0,8,0,0,0,0,1,1,6,1,5,3498,1,7,6,2
2013331300795,1,9,0,9,0,5,0,0,0,0,3,1,6,2,6,1600,1,15,9,1
2013331300795,2,5,0,9,0,5,1,0,0,0,4,1,6,1,8,1800,1,6,10,2
2013331300796,1,9,0,18,0,0,0,0,0,0,1,1,2,2,9,1229,1,3,8,1
2013331300797,1,9,0,1,0,0,0,10,1,11,2,1,6,2,4,1199,1,10,-1,-1
2013331300798,1,9,0,9,0,5,0,0,0,0,0,1,6,1,-1,3628,2,3,-1,-1
2013331300798,2,1,0,18,0,8,0,0,0,0,1,1,6,1,7,-1,-1,-1,-1,-1
2013331300799,1,9,0,3,0,1,0,0,0,0,2,1,6,1,9,1968,2,2,8,2
2013331300799,2,9,0,5,0,1,0,0,0,0,1,1,6,1,5,1796,1,14,9,1
2013331300799,3,9,0,9,0,5,0,0,0,0,0,1,6,3,-1,-1,-1,-1,-1,-1
2013331300800,1,9,0,5,0,4,0,0,0,0,1,1,6,2,6,1388,1,10,4,1
2013331300800,2,1,0,18,0,8,0,0,0,0,1,1,6,1,7,-1,-1,-1,10,1
2013331300801,1,9,0,1,0,1,0,0,0,0,2,1,6,1,8,1956,2,2,1,1
2013331300802,1,9,0,18,0,0,1,0,1,4,1,1,6,1,5,1248,2,5,3,1
2013331300803,1,21,1,12,0,0,0,0,0,0,0,1,1,3,-1,-1,-1,-1,-1,-1
2013331300803,2,9,0,13,0,0,0,10,4,0,4,1,6,2,7,1997,2,4,-1,-1
2013331300803,3,1,0,18,0,0,0,0,0,0,0,1,6,3,-1,-1,-1,-1,-1,-1
2013331300803,4,1,0,18,0,0,0,0,0,0,0,1,6,3,-1,-1,-1,-1,-1,-1
2013331300805,1,21,1,3,0,0,0,0,0,0,2,1,1,1,6,6692,2,2,6,1
2013331300805,2,21,1,3,0,0,0,0,0,0,2,1,1,1,8,12777,2,5,-1,2
2013331300805,3,21,1,18,0,0,0,0,0,0,1,1,1,1,9,12777,2,6,2,1
2013331300805,4,9,0,18,0,0,0,0,0,0,1,1,1,2,8,1596,1,11,6,3
2013331300806,1,19,0,18,0,2,0,0,0,0,1,1,1,1,6,1995,2,1,-1,-1
2013331300806,2,9,0,4,0,1,0,0,0,0,3,1,6,2,11,998,1,12,-1,-1
2013331300807,1,9,0,5,0,6,0,0,0,0,1,1,6,3,-1,-1,-1,-1,-1,-1
2013331300807,2,8,0,18,0,8,0,0,0,0,1,1,6,1,7,1998,2,7,1,1
2013331300810,1,9,0,18,0,0,0,0,0,0,4,1,1,1,8,1598,1,6,2,1
2013331300810,2,9,0,18,0,0,0,0,0,0,0,1,6,1,6,-1,-1,-1,-1,-1
2013331300811,1,9,0,17,0,0,2,0,7,9,1,1,6,1,6,-1,-1,-1,5,1
2013331300812,1,9,0,17,0,0,2,0,1,9,1,1,1,1,7,1299,1,13,1,1
2013331300813,1,9,0,5,0,0,0,0,0,0,1,1,1,1,8,998,1,13,-1,-1
2013331300813,2,4,0,18,0,0,0,0,0,0,1,1,6,1,6,249,1,9,1,1
2013331300814,1,9,0,4,0,1,0,0,0,0,1,1,6,2,7,1196,1,17,3,1
2013331300815,1,9,0,5,0,0,0,0,0,0,3,1,6,2,6,1242,1,13,8,1
2013331300816,1,9,0,5,0,6,0,0,0,0,1,1,2,2,6,1399,2,4,-1,-1
2013331300816,2,9,0,18,0,8,0,0,0,0,4,1,2,2,4,973,1,12,5,1
2013331300817,1,9,0,18,0,0,2,0,1,9,1,1,1,1,6,1896,2,11,2,1
2013331300818,1,9,0,18,0,0,0,10,1,10,1,1,6,2,11,1598,1,10,7,1
2013331300819,1,9,0,18,0,0,1,0,7,9,1,1,6,2,4,1149,1,13,9,1
2013331300820,1,9,0,18,0,8,0,0,7,4,1,1,6,2,7,998,1,9,6,1
2013331300820,2,9,0,9,0,6,0,0,0,0,1,1,6,2,6,2204,2,8,3,1
2013331300821,1,9,0,11,0,0,0,0,0,0,1,1,6,1,10,1587,1,7,8,1
2013331300821,2,9,0,18,0,0,2,0,2,10,2,1,6,2,8,1108,1,5,-1,-1
2013331300822,1,9,0,1,0,0,0,0,0,0,2,1,1,1,6,-1,-1,-1,-1,-1
2013331300823,1,9,0,9,0,3,0,0,0,0,4,1,6,1,6,1598,1,6,3,1
2013331300823,2,19,0,5,0,4,0,0,0,0,1,1,1,1,7,2402,2,13,-1,-1
2013331300825,1,9,0,18,0,0,0,0,0,0,1,1,6,1,5,-1,-1,-1,-1,-1
2013331300825,2,9,0,18,0,0,0,0,0,0,2,1,6,2,5,1997,2,10,-1,-1
2013331300826,1,9,0,4,0,1,1,0,0,0,1,1,6,2,7,1905,2,14,-1,-1
2013331300827,1,9,0,18,0,0,0,0,0,0,3,1,6,1,7,1685,2,-1,1,1
2013331300828,1,9,0,15,0,1,0,0,1,11,1,1,1,1,5,-1,-1,-1,-1,-1
2013331300828,2,9,0,4,0,1,0,0,0,0,4,1,6,2,7,998,1,9,-1,-1
2013331300829,1,4,0,18,0,2,0,0,1,11,1,1,1,1,9,500,1,29,9,1
2013331300830,1,11,0,18,0,0,0,0,0,0,4,1,1,1,8,7300,2,11,-1,-1
2013331300831,1,21,0,5,0,6,0,0,0,0,0,1,1,1,9,7790,2,3,-1,-1
2013331300831,2,2,0,18,0,8,1,0,0,0,0,1,2,1,6,49,1,11,5,1
2013331300832,1,9,0,18,0,0,0,0,0,0,1,1,2,2,7,1598,1,5,9,2
2013331300833,1,9,0,3,0,1,0,0,0,0,2,1,6,2,7,1388,1,16,8,1
2013331300833,2,9,0,18,0,1,0,0,1,0,1,1,6,1,-1,-1,-1,-1,-1,-1
2013331300834,1,21,1,12,0,8,0,0,0,0,3,1,1,1,9,11946,2,1,3,1
2013331300834,2,9,0,11,0,8,0,0,7,6,1,1,1,1,8,-1,-1,-1,1,1
2013331300835,1,9,0,7,0,4,0,0,0,0,1,1,2,2,6,1699,1,8,3,1
2013331300835,2,1,0,18,0,8,0,0,0,0,4,1,2,2,7,-1,-1,-1,10,1
2013331300836,1,1,0,18,0,6,0,0,0,0,1,1,6,1,8,-1,-1,-1,9,2
2013331300836,2,9,0,9,0,8,0,0,0,0,4,1,6,1,4,1242,1,10,9,2
2013331300837,1,9,0,18,0,8,0,0,0,0,4,1,6,2,8,2793,1,18,4,1
2013331300837,2,9,0,5,0,6,0,0,0,0,1,1,6,3,-1,1598,1,11,-1,-1
2013331300838,1,8,0,17,0,0,0,0,0,0,3,1,1,1,8,1910,2,4,4,1
2013331300838,2,9,0,16,0,0,0,0,0,0,0,1,3,2,7,1596,1,7,1,1
2013331300839,1,9,0,18,0,1,0,0,0,0,1,1,6,2,8,1368,1,7,9,1
2013331300839,2,1,0,18,0,6,0,0,0,0,1,1,4,1,3,-1,-1,-1,4,1
2013331300840,1,9,0,18,0,1,0,0,0,0,4,1,2,2,7,2400,2,9,8,1
2013331300841,1,9,0,4,0,6,0,0,0,0,1,1,6,1,7,1997,2,8,9,1
2013331300841,2,9,0,17,0,8,0,0,1,0,4,1,6,2,5,1598,1,7,10,1
2013331300842,1,9,0,3,0,1,0,0,0,0,2,1,6,1,8,-1,-1,-1,8,3
2013331300842,2,9,0,4,0,1,0,0,0,0,1,1,6,2,10,1299,1,13,8,3
2013331300842,3,9,0,9,0,5,0,0,0,0,0,1,6,3,-1,-1,-1,-1,-1,-1
2013331300843,1,9,0,16,0,2,0,0,0,0,2,1,6,1,9,998,1,8,4,1
2013331300843,2,5,0,16,0,2,0,0,0,0,1,1,6,1,9,535,1,13,2,1
2013331300844,1,9,0,18,0,1,0,0,0,0,1,1,6,1,7,1910,2,7,-1,-1
2013331300844,2,9,0,3,0,1,0,0,0,0,2,1,6,2,8,-1,-1,-1,8,2
2013331300845,1,9,0,17,0,2,0,0,2,1,1,1,6,1,7,1600,2,3,7,1
2013331300846,1,5,0,13,0,8,0,0,0,0,4,1,6,1,8,1800,1,6,-1,-1
2013331300846,2,9,0,9,0,5,0,0,0,0,3,1,6,1,7,1124,1,10,-1,-1
2013331300847,1,9,0,4,0,5,0,0,0,0,4,1,6,1,11,1246,1,7,-1,-1
2013331300847,2,3,0,4,0,8,0,0,0,0,1,1,6,1,4,123,1,23,-1,-1
2013331300848,1,90,0,14,0,8,0,0,0,0,1,1,1,2,7,-1,-1,-1,1,1
2013331300848,2,9,0,9,0,5,0,0,0,0,3,1,6,1,6,-1,-1,-1,4,1
2013331300849,1,9,0,18,0,8,0,0,0,0,1,1,6,1,4,-1,-1,-1,7,1
2013331300849,2,11,0,3,0,2,0,0,0,0,0,1,1,3,-1,-1,-1,-1,-1,-1
2013331300850,1,9,0,7,0,4,0,0,0,0,1,1,6,2,6,1390,1,7,9,1
2013331300850,2,3,0,18,0,8,0,0,0,0,2,1,6,1,4,124,1,-1,4,1
2013331300852,1,19,0,18,0,0,0,0,0,0,1,1,1,1,10,-1,-1,-1,-1,-1
2013331300852,2,9,0,18,0,0,0,0,0,0,1,1,6,2,4,-1,-1,-1,-1,-1
2013331300853,1,9,0,17,0,0,0,0,1,4,1,1,6,2,6,1299,1,12,3,1
2013331300854,1,9,0,9,0,5,0,0,0,0,4,1,6,2,7,1299,1,5,-1,-1
2013331300854,2,1,0,18,0,8,0,0,0,0,1,1,6,1,8,-1,-1,-1,9,1
2013331300855,1,9,0,13,0,0,2,0,1,4,4,1,6,1,7,2354,1,8,1,1
2013331300856,1,9,0,7,0,6,0,0,0,0,1,1,6,2,9,1598,2,1,9,2
2013331300856,2,1,0,18,0,8,0,0,0,0,2,1,2,1,6,-1,-1,-1,-1,-1
2013331300857,1,9,0,9,0,6,0,0,0,0,1,1,6,1,6,-1,-1,-1,-1,-1
2013331300857,2,9,0,18,0,1,0,0,0,0,1,1,6,1,8,1229,1,8,-1,-1
2013331300858,1,19,0,4,0,0,0,0,0,0,1,1,6,1,6,-1,-1,-1,7,1
2013331300858,2,9,0,4,0,0,0,0,0,0,2,1,6,2,9,-1,-1,-1,8,1
2013331300858,3,9,0,3,0,0,0,0,0,0,0,1,6,3,-1,-1,-1,-1,-1,-1
2013331300859,1,9,0,16,0,0,1,0,2,10,1,1,6,1,5,2000,1,9,9,1
2013331300860,1,9,0,11,0,0,0,0,0,0,1,1,6,2,6,1560,2,7,-1,-1
2013331300862,1,22,0,18,0,6,0,0,0,0,3,1,6,1,11,-1,-1,-1,6,1
2013331300862,2,9,0,8,0,1,0,0,0,0,1,1,6,1,7,-1,-1,-1,8,1
2013331300863,1,9,0,4,0,0,0,0,0,0,2,1,6,1,6,-1,-1,-1,2,1
2013331300863,2,9,0,18,0,0,0,0,0,0,1,1,6,2,10,1498,1,2,10,1
2013331300864,1,9,0,10,0,1,0,0,0,0,1,1,6,2,9,1388,1,4,7,1
2013331300864,2,9,0,1,0,2,0,0,0,0,2,1,2,1,4,-1,-1,-1,-1,-1
2013331300865,1,9,0,7,0,5,0,0,0,0,1,1,6,1,6,998,1,12,-1,-1
2013331300866,1,9,0,9,0,6,0,0,0,0,3,1,2,1,8,1364,2,5,10,2
2013331300866,2,9,0,18,0,8,0,0,0,0,1,1,6,2,6,1299,1,10,1,1
2013331300867,1,9,0,5,0,1,0,0,0,0,1,1,6,1,4,-1,-1,-1,-1,-1
2013331300868,1,9,0,9,0,6,0,0,0,0,3,1,6,1,6,2967,2,6,1,1
2013331300868,2,9,0,17,0,8,0,0,0,0,1,1,6,2,4,1242,1,11,-1,-1
2013331300869,1,9,0,18,2,8,0,0,0,0,1,1,1,1,8,2143,2,1,10,1
2013331300869,2,9,0,9,2,5,0,0,0,0,1,1,1,1,7,998,1,13,-1,-1
2013331300870,1,19,0,18,0,0,1,0,0,0,1,1,1,1,7,-1,-1,-1,-1,-1
2013331300871,1,9,0,18,0,2,0,0,0,0,0,1,1,1,7,1686,2,1,3,1
2013331300871,2,9,0,9,0,6,0,0,0,0,3,1,6,1,-1,1493,1,17,-1,-1
2013331300871,3,9,0,18,0,8,0,0,0,0,1,1,6,1,8,1896,2,5,2,1
2013331300872,1,19,0,18,0,2,0,0,0,0,1,1,6,1,6,2400,2,10,3,1
2013331300872,2,9,0,3,0,2,0,0,0,0,2,1,6,2,9,1998,2,6,6,3
2013331300872,3,9,0,3,0,2,0,0,0,0,2,1,6,1,8,1360,1,9,6,1
2013331300873,1,9,0,3,0,8,0,0,0,0,2,1,6,2,7,1896,2,9,10,2
2013331300873,2,20,1,18,0,8,0,0,0,0,1,1,1,1,8,-1,-1,-1,1,1
2013331300874,1,9,0,9,0,8,0,0,0,0,1,1,6,3,-1,1595,1,8,-1,-1
2013331300874,2,1,0,7,0,3,0,0,0,0,2,1,2,1,8,-1,-1,-1,3,1
2013331300875,1,9,0,16,0,0,0,0,0,0,4,1,6,3,-1,-1,-1,-1,-1,-1
2013331300876,1,9,0,18,0,8,0,0,0,0,1,1,6,1,10,1598,1,1,9,2
2013331300876,2,9,0,9,0,6,0,0,0,0,3,1,6,1,7,1590,1,8,9,3
2013331300878,1,9,0,18,0,4,0,0,0,0,1,1,2,1,4,-1,-1,-1,-1,-1
2013331300878,2,5,0,18,0,8,0,0,0,0,4,1,6,1,8,680,1,3,-1,-1
2013331300879,1,9,0,18,0,1,0,0,0,0,1,1,1,1,6,-1,-1,-1,-1,-1
2013331300880,1,10,0,1,0,1,0,0,0,0,2,1,6,1,-1,-1,-1,-1,-1,-1
2013331300881,1,9,0,5,9,6,0,0,0,0,1,1,6,1,7,2720,2,7,-1,-1
2013331300881,2,1,0,18,9,8,0,0,0,0,3,1,6,1,6,-1,-1,-1,4,1
2013331300882,1,9,0,18,0,8,0,0,0,0,3,1,6,2,11,1396,1,15,9,1
2013331300882,2,9,0,18,0,8,0,0,0,0,1,1,6,1,7,1796,1,12,1,1
2013331300883,1,9,0,18,0,6,0,0,0,0,1,1,6,1,6,2521,1,5,8,2
2013331300883,2,9,0,18,0,8,1,0,0,0,1,1,6,2,8,1598,1,6,1,1
2013331300884,1,9,0,16,0,0,0,0,0,0,1,1,6,2,11,-1,-1,-1,7,2
2013331300884,2,9,0,17,0,0,0,0,0,0,1,1,6,2,10,1582,2,1,6,1
2013331300885,1,9,0,5,0,0,0,0,7,0,1,1,6,2,11,1596,1,4,7,3
2013331300885,2,9,0,2,0,0,0,0,0,0,2,1,6,1,9,2179,2,5,4,2
2013331300886,1,9,0,5,0,6,0,0,0,0,3,1,6,1,4,1595,1,1,9,1
2013331300886,2,9,0,16,0,8,0,0,0,0,1,1,6,2,4,1198,1,5,8,3
2013331300888,1,9,0,9,0,4,0,0,0,0,3,1,1,1,9,1896,2,10,1,1
2013331300888,2,1,0,18,0,8,0,0,0,0,1,1,6,1,6,-1,-1,-1,6,1
2013331300889,1,9,0,4,0,0,0,0,0,0,2,1,6,1,6,1598,1,2,6,2
2013331300889,2,9,0,18,0,0,5,0,7,9,1,1,6,2,5,-1,-1,-1,6,2
2013331300890,1,9,0,16,0,0,1,10,1,7,2,1,6,2,7,1242,1,9,4,1
2013331300891,1,9,0,3,0,0,0,0,0,0,2,1,6,2,6,1560,2,6,7,1
2013331300891,2,9,0,18,0,0,0,0,0,0,1,1,6,2,4,1733,2,13,-1,-1
2013331300892,1,11,0,17,0,8,0,0,0,0,1,1,1,1,8,7300,2,11,4,1
2013331300893,1,9,0,18,0,8,0,0,0,0,1,1,2,2,6,-1,-1,-1,3,1
2013331300893,2,9,0,5,0,6,0,0,0,0,4,1,6,1,6,1461,2,10,1,1
2013331300894,1,9,0,9,0,6,0,0,0,0,3,1,6,2,7,1560,2,-1,3,1
2013331300894,2,3,0,18,0,8,0,0,0,0,1,1,1,1,4,109,1,1,5,1
2013331300895,1,9,0,3,0,1,0,0,0,0,2,1,6,2,5,-1,-1,-1,8,1
2013331300895,2,9,0,18,0,1,0,0,0,0,1,1,6,1,-1,-1,-1,-1,-1,-1
2013331300896,1,9,0,18,0,0,0,0,0,0,1,1,6,1,9,1905,2,22,-1,-1
2013331300896,2,9,0,18,0,0,0,0,7,9,1,1,6,2,8,1998,1,9,9,3