Accident_Index,Vehicle_Reference,Vehicle_Type,Towing_and_Articulation,Vehicle_Manoeuvre,Vehicle_Location-Restricted_Lane,Junction_Location,Skidding_and_Overturning,Hit_Object_in_Carriageway,Vehicle_Leaving_Carriageway,Hit_Object_off_Carriageway,1st_Point_of_Impact,Was_Vehicle_Left_Hand_Drive?,Journey_Purpose_of_Driver,Sex_of_Driver,Age_Band_of_Driver,Engine_Capacity_(CC),Propulsion_Code,Age_of_Vehicle,Driver_IMD_Decile,Driver_Home_Area_Type
2013331300897,1,9,0,7,0,5,1,0,7,10,1,1,6,1,7,1781,1,9,9,2
2013331300898,1,9,0,3,0,0,0,0,0,0,2,1,2,2,7,2401,2,5,8,3
2013331300898,2,9,0,18,0,0,0,0,0,0,1,1,6,1,7,1896,2,5,4,1
2013331300899,1,9,0,18,0,0,0,0,0,0,3,1,6,2,7,1598,1,10,1,1
2013331300900,1,9,0,9,0,5,0,0,0,0,1,1,6,2,5,1360,1,3,3,1
2013331300900,2,1,0,18,0,6,0,0,0,0,4,1,6,2,6,-1,-1,-1,6,1
2013331300901,1,3,0,4,0,8,1,0,0,0,3,1,6,1,5,124,1,1,-1,-1
2013331300901,2,9,0,7,0,5,0,0,0,0,4,1,6,1,9,2362,1,12,1,1
2013331300902,1,19,0,6,0,8,0,0,0,0,1,1,1,1,6,2148,2,3,1,1
2013331300902,2,1,0,9,0,8,0,0,0,0,1,1,6,1,7,-1,-1,-1,1,1
2013331300903,1,9,0,9,0,6,0,0,0,0,3,1,6,1,11,1598,1,5,7,1
2013331300903,2,5,0,18,0,8,0,0,0,0,1,1,6,1,5,998,1,5,9,2
2013331300903,3,5,0,4,0,8,1,0,0,0,1,1,6,1,5,600,1,16,-1,-1
2013331300904,1,9,0,16,0,0,1,0,7,6,1,1,6,1,6,2000,1,15,4,1
2013331300905,1,5,0,18,0,0,0,0,1,0,1,1,6,1,8,1165,1,10,1,1
2013331300906,1,9,0,13,0,2,0,0,0,0,4,1,6,1,11,1997,2,5,7,1
2013331300906,2,1,0,18,0,2,0,0,0,0,3,1,2,1,7,-1,-1,-1,9,1
2013331300907,1,9,0,18,0,8,0,0,0,0,1,1,6,1,6,1598,1,10,1,1
2013331300907,2,9,0,9,0,6,0,0,0,0,3,1,6,1,7,1991,1,16,2,1
2013331300908,1,9,0,18,0,8,0,0,0,0,1,1,6,1,6,1895,1,13,1,1
2013331300908,2,9,0,9,0,6,0,0,0,0,4,1,6,2,5,1391,1,13,-1,-1
2013331300909,1,5,0,17,0,0,1,0,1,9,4,1,6,1,6,988,1,9,10,2
2013331300910,1,9,0,6,0,8,0,0,0,0,2,1,1,1,7,-1,-1,-1,7,2
2013331300910,2,5,0,17,0,8,0,0,0,0,1,1,2,1,6,1670,1,9,3,1
2013331300911,1,9,0,18,0,6,0,0,0,0,1,1,6,1,5,1199,1,11,9,1
2013331300911,2,9,0,17,0,8,0,0,0,0,1,1,1,1,9,1598,1,11,-1,-1
2013331300912,1,9,0,4,0,4,1,0,1,2,2,1,6,1,6,1800,1,29,9,1
2013331300913,1,21,1,18,8,0,0,0,0,0,3,1,1,1,7,-1,-1,-1,-1,3
2013331300913,2,19,0,18,0,0,0,0,7,6,1,2,1,1,10,-1,-1,-1,-1,-1
2013331300914,1,9,0,1,0,6,1,0,3,11,2,1,6,2,11,1796,1,8,8,3
2013331300915,1,9,0,3,0,8,0,0,0,0,4,1,6,2,7,-1,-1,-1,-1,-1
2013331300915,2,19,0,5,0,4,0,0,0,0,1,1,1,1,8,-1,-1,-1,8,1
2013331300915,3,20,1,18,0,8,0,0,0,0,0,1,1,3,-1,-1,-1,-1,-1,-1
2013331300916,1,5,0,18,0,4,1,0,0,0,4,1,6,1,9,599,1,13,4,1
2013331300917,1,9,0,7,0,4,0,0,0,0,1,1,1,2,9,1341,1,9,2,1
2013331300917,2,1,0,9,0,8,0,0,0,0,1,1,6,2,8,-1,-1,-1,1,1
2013331300918,1,9,0,2,0,0,0,0,1,2,2,1,6,2,7,1598,1,7,1,1
2013331300918,2,9,0,18,0,0,0,0,0,0,1,1,6,3,-1,-1,-1,-1,-1,-1
2013331300919,1,19,0,12,0,0,0,0,0,0,0,1,6,3,-1,-1,-1,-1,-1,-1
2013331300919,2,9,0,4,0,0,1,0,7,6,1,1,6,2,5,1299,1,11,7,1
2013331300919,3,20,0,12,0,0,0,0,0,0,0,1,1,3,-1,-1,-1,-1,-1,-1
2013331300920,1,1,0,18,0,6,0,0,0,0,3,1,2,1,8,-1,-1,-1,9,1
2013331300920,2,9,0,7,0,5,0,0,0,0,1,1,2,1,7,1560,2,1,9,1
2013331300923,1,9,0,18,0,8,0,0,1,2,1,1,6,1,11,1560,2,4,3,1
2013331300923,2,9,0,7,0,6,0,0,1,0,3,1,6,2,8,2183,2,3,-1,-1
2013331300923,3,9,0,7,0,6,0,0,1,0,3,1,6,1,5,1360,1,11,9,3
2013331300924,1,9,0,7,0,5,0,0,0,0,4,1,1,1,7,-1,-1,-1,10,1
2013331300924,2,1,0,7,0,6,0,0,0,0,1,1,6,2,2,-1,-1,-1,8,1
2013331300925,1,9,0,18,0,1,0,0,0,0,4,1,2,2,7,1390,1,2,10,1
2013331300925,2,1,0,18,0,6,0,0,0,0,1,1,6,1,4,-1,-1,-1,10,2
2013331300926,1,9,0,18,0,0,0,0,0,0,1,1,2,2,4,1229,1,2,9,1
2013331300926,2,9,0,3,0,0,0,0,0,0,2,1,2,1,7,1598,1,11,4,1
2013331300926,3,9,0,3,0,0,0,0,0,0,2,1,2,1,5,-1,-1,-1,10,1
2013331300927,1,9,0,18,0,0,0,0,0,0,3,1,6,2,5,1560,2,2,4,1
2013331300928,1,9,0,10,0,8,0,0,0,0,2,1,6,2,7,999,1,14,8,3
2013331300928,2,4,0,18,0,8,0,0,0,0,1,1,1,1,5,250,1,1,6,1
2013331300929,1,3,0,18,0,0,0,0,7,9,3,1,6,2,8,125,1,5,3,1
2013331300930,1,9,0,5,0,2,0,0,0,0,1,1,6,1,7,3200,2,11,1,1
2013331300931,1,8,0,18,0,0,0,0,0,0,1,1,6,1,9,-1,-1,-1,2,1
2013331300931,2,9,0,3,0,0,0,0,0,0,2,1,6,2,5,1198,1,10,6,1
2013331300931,3,9,0,3,0,0,0,0,0,0,2,1,6,2,9,1753,2,7,9,1
2013331300932,1,9,0,18,0,0,2,0,0,0,4,1,6,1,7,1900,2,9,6,1
2013331300932,2,9,0,18,0,0,0,0,0,0,1,1,6,2,5,1248,2,5,10,2
2013331300933,1,9,0,18,0,2,0,0,0,0,1,1,1,2,8,1242,1,5,7,2
2013331300933,2,1,0,9,0,1,0,0,0,0,2,1,6,1,5,-1,-1,-1,10,2
2013331300934,1,21,1,7,0,4,2,9,7,10,3,1,1,1,8,12130,2,11,8,1
2013331300935,1,9,0,16,0,0,0,0,7,11,1,1,6,2,4,998,1,8,8,3
2013331300936,1,9,0,1,0,6,0,0,0,0,2,1,6,1,8,2143,2,2,-1,-1
2013331300936,2,9,0,2,0,8,0,0,0,0,3,1,6,3,-1,2148,2,8,-1,-1
2013331300937,1,9,0,18,0,0,0,0,0,0,3,1,6,2,6,1598,1,13,3,1
2013331300938,1,9,0,17,0,0,2,0,7,4,4,1,6,1,5,1984,1,1,4,1
2013331300938,2,9,0,13,0,0,0,0,0,0,0,1,6,3,-1,-1,-1,-1,-1,-1
2013331300938,3,1,0,18,0,0,0,0,0,0,0,1,6,3,-1,-1,-1,-1,-1,-1
2013331300939,1,9,0,9,0,6,0,0,0,0,1,1,1,1,7,-1,-1,-1,-1,-1
2013331300939,2,9,0,4,0,8,1,0,7,9,1,1,6,2,6,1299,1,10,5,2
2013331300940,1,9,0,9,0,5,0,0,7,1,1,1,6,2,5,1149,1,6,6,3
2013331300940,2,9,0,16,0,8,0,0,0,0,1,1,6,1,10,1299,1,12,6,3
2013331300941,1,9,0,18,0,2,0,0,7,11,1,1,6,1,5,1497,1,12,9,1
2013331300942,1,3,0,17,0,0,1,0,0,0,4,1,6,1,4,125,1,7,10,2
2013331300943,1,9,0,9,8,5,0,0,0,0,1,1,6,2,7,-1,-1,-1,-1,-1
2013331300943,2,1,0,18,8,8,0,0,0,0,4,1,1,2,5,-1,-1,-1,4,1
2013331300944,1,3,0,18,0,0,0,0,0,0,3,1,2,1,4,125,1,14,1,1
2013331300944,2,9,0,3,0,0,0,0,0,0,4,1,6,3,-1,-1,-1,-1,-1,-1
2013331300945,1,9,0,3,9,8,0,0,0,0,1,1,1,1,6,1390,1,9,4,1
2013331300945,2,1,0,4,8,8,0,0,0,0,1,1,4,2,3,-1,-1,-1,4,1
2013331300946,1,9,0,14,0,2,1,4,0,0,4,1,6,2,4,1388,1,10,8,2
2013331300946,2,9,0,2,0,2,0,0,0,0,3,1,6,1,6,1242,1,5,9,1
2013331300947,1,9,0,4,0,0,0,0,0,0,1,1,1,1,7,1990,1,15,5,1
2013331300947,2,9,0,4,0,0,0,0,0,0,2,1,6,2,7,-1,-1,-1,1,1
2013331300948,1,1,0,18,0,0,0,0,0,0,3,1,6,1,-1,-1,-1,-1,-1,-1
2013331300948,2,2,0,13,0,0,0,0,0,0,4,1,1,1,5,49,1,4,1,1
2013331300949,1,21,1,12,0,0,0,0,0,0,1,1,1,1,7,-1,-1,-1,-1,-1
2013331300949,2,9,0,13,0,0,1,0,0,0,4,1,6,2,4,1240,1,10,-1,-1
2013331300950,1,9,0,11,0,0,0,0,1,0,2,1,2,1,7,1598,1,13,3,1
2013331300950,2,9,0,4,0,0,0,0,1,0,1,1,2,2,6,1598,2,-1,-1,-1
2013331300951,1,9,0,9,0,5,0,0,0,0,1,1,2,1,5,-1,-1,-1,1,1
2013331300951,2,9,0,18,0,8,0,0,0,0,1,1,2,2,7,1397,1,5,9,2
2013331300951,3,19,0,3,0,1,0,0,0,0,1,1,2,1,8,1998,1,17,7,1
2013331300952,1,9,0,17,0,0,1,0,7,10,1,1,6,1,7,1398,1,11,4,1
2013331300953,1,9,0,4,0,0,1,0,0,0,1,1,6,1,6,1686,2,13,6,1
2013331300953,2,9,0,3,0,0,0,0,0,0,2,1,6,1,7,-1,-1,-1,-1,-1
2013331300954,1,9,0,18,0,0,0,0,0,0,1,1,6,2,5,1299,1,10,8,1
2013331300954,2,9,0,4,0,0,0,0,0,0,2,1,2,2,6,1248,1,-1,5,1
2013331300955,1,9,0,9,0,0,0,0,0,0,3,1,6,2,9,1390,1,10,7,1
2013331300955,2,5,0,13,0,0,0,0,0,0,1,1,1,1,5,599,1,7,2,1
2013331300956,1,9,0,9,0,5,0,0,0,0,1,1,6,1,9,-1,-1,-1,10,1
2013331300956,2,5,0,18,0,8,1,0,0,0,4,1,6,1,5,899,1,14,1,1
2013331300957,1,9,0,16,0,0,0,0,0,0,1,1,6,1,11,1328,1,8,9,1
2013331300957,2,9,0,17,0,0,0,0,0,0,1,1,1,2,8,998,1,1,3,1
2013331300958,1,8,0,18,0,4,0,0,0,0,3,1,1,1,7,1997,2,5,6,1
2013331300958,2,3,0,9,0,8,0,0,0,0,1,1,6,1,7,125,1,14,9,1
2013331300959,1,9,0,18,0,8,1,0,0,0,3,1,1,1,5,1796,1,12,3,1
2013331300960,1,9,0,18,0,0,0,0,4,0,0,1,6,1,10,1248,1,4,1,1
2013331300960,2,9,0,12,0,0,0,0,0,0,0,1,6,2,-1,1598,1,5,-1,-1
2013331300961,1,9,0,18,0,0,0,0,0,0,4,1,6,1,9,1997,2,12,-1,-1
2013331300962,1,3,0,4,0,0,1,0,0,0,1,1,6,1,5,124,1,-1,1,1
2013331300962,2,1,0,18,0,0,0,0,0,0,0,1,6,1,-1,-1,-1,-1,-1,-1
2013331300963,1,9,0,3,0,1,0,0,0,0,2,1,6,2,6,1796,1,3,4,1
2013331300963,2,9,0,18,0,1,0,0,0,0,1,1,6,1,-1,1798,1,4,1,1
2013331300964,1,9,0,12,0,8,0,0,0,0,0,1,6,2,6,1388,1,3,-1,-1
2013331300964,2,9,0,4,0,8,0,0,0,0,2,1,1,1,8,2000,2,2,6,3
2013331300964,3,9,0,18,0,8,0,0,0,0,1,1,6,1,8,1968,2,1,9,1
2013331300966,1,9,0,18,0,1,0,0,0,0,1,1,6,1,-1,-1,-1,-1,3,1
2013331300966,2,9,0,18,0,1,0,0,0,0,2,1,6,2,8,1348,1,13,4,1
2013331300967,1,9,0,4,0,2,0,0,0,0,2,1,6,1,6,1389,1,8,3,1
2013331300967,2,9,0,4,0,2,0,0,0,0,2,1,6,1,6,1968,2,4,3,1
2013331300967,3,9,0,4,0,2,0,0,0,0,1,1,2,1,5,1390,1,2,1,1
2013331300968,1,9,0,18,0,6,0,0,0,0,4,1,3,2,8,1299,1,11,3,1
2013331300968,2,9,0,18,0,8,0,0,0,0,1,1,2,1,8,1600,1,13,9,1
2013331300969,1,9,0,10,0,1,0,0,0,0,2,1,3,2,6,996,1,3,-1,-1
2013331300969,2,9,0,3,0,1,0,0,0,0,2,1,3,2,7,1595,1,5,-1,-1
2013331300969,3,9,0,3,0,1,0,0,0,0,2,1,3,2,6,1587,1,9,-1,-1
2013331300969,4,9,0,4,0,1,0,0,0,0,1,1,3,2,6,998,1,14,-1,-1
2013331300970,1,9,0,3,0,0,0,0,0,0,2,1,2,1,6,1598,1,1,-1,-1
2013331300970,2,9,0,3,0,0,0,0,0,0,2,1,6,1,8,1596,1,14,-1,-1
2013331300970,3,9,0,4,0,0,1,0,0,0,1,1,6,2,4,1108,1,12,-1,-1
2013331300971,1,9,0,4,0,1,0,0,0,0,2,1,2,2,5,1396,1,16,-1,-1
2013331300971,2,8,0,4,0,1,0,0,0,0,1,1,1,2,6,-1,-1,-1,2,1
2013331300971,3,90,0,18,0,1,0,0,0,0,0,1,1,3,-1,-1,-1,-1,-1,-1
2013331300972,1,4,0,16,0,0,1,0,7,0,1,1,6,1,7,1050,1,2,7,3
2013331300973,1,9,0,18,0,0,0,0,0,0,1,1,6,1,4,1360,1,8,10,1
2013331300973,2,9,0,18,0,0,0,0,0,0,1,1,6,1,8,2461,2,13,10,1
2013331300974,1,9,0,9,0,6,1,0,0,0,1,1,3,1,7,-1,-1,-1,3,1
2013331300974,2,9,0,5,0,8,0,0,0,0,1,1,3,2,7,-1,-1,-1,3,1
2013331300975,1,5,0,16,0,0,1,0,7,9,1,1,6,1,6,599,1,10,6,3
2013331300976,1,9,0,13,0,0,0,0,7,4,1,1,1,1,5,1686,2,9,2,1
2013331300976,2,19,0,18,0,0,0,0,0,0,0,1,6,2,-1,-1,-1,-1,-1,-1
2013331300976,3,9,0,18,0,0,0,0,0,0,0,1,6,3,-1,-1,-1,-1,-1,-1
2013331300977,1,9,0,18,0,0,0,0,0,0,1,1,2,1,6,1560,2,4,9,1
2013331300977,2,9,0,3,0,0,0,0,0,0,2,1,2,1,9,1798,1,6,1,1
2013331300977,3,9,0,3,0,0,0,0,0,0,2,1,2,1,8,1686,2,3,5,1
2013331300978,1,5,0,4,0,0,1,0,0,0,1,1,1,1,5,600,1,10,-1,-1
2013331300978,2,9,0,17,0,0,0,0,0,0,0,1,6,3,-1,-1,-1,-1,-1,-1
2013331300978,3,9,0,4,0,0,0,0,0,0,0,1,6,3,-1,-1,-1,-1,-1,-1
2013331300978,4,9,0,4,0,0,0,0,0,0,0,1,6,3,-1,-1,-1,-1,-1,-1
2013331300979,1,9,0,18,0,0,0,0,0,0,4,1,6,1,6,1390,1,13,-1,-1
2013331300979,2,8,0,2,0,0,0,0,0,0,2,1,1,1,8,1997,2,6,4,1
2013331300980,1,11,0,18,0,8,0,0,0,0,3,1,1,1,8,9200,2,11,-1,-1
2013331300980,2,9,0,9,0,5,0,0,0,0,1,1,6,1,11,1599,1,6,6,1
2013331300981,1,3,0,4,0,2,0,0,0,0,1,1,2,1,6,124,1,2,-1,-1
2013331300981,2,9,0,3,0,2,0,0,0,0,2,1,2,1,6,1596,1,5,10,1
2013331300982,1,9,0,18,0,8,0,0,1,10,2,1,6,1,6,1598,1,8,4,1
2013331300982,2,9,0,18,0,6,0,0,0,0,1,1,6,1,7,1998,1,17,-1,-1
2013331300983,1,1,0,18,0,0,0,0,1,0,3,1,6,1,6,-1,-1,-1,7,1
2013331300983,2,19,0,13,0,0,0,0,0,0,2,1,6,3,-1,-1,-1,-1,-1,-1
2013331300984,1,9,0,7,0,6,0,0,0,0,1,1,6,1,7,1998,1,9,1,1
2013331300984,2,1,0,18,0,8,0,0,0,0,3,1,6,1,5,-1,-1,-1,7,1
2013331300986,1,20,1,4,0,1,0,0,0,0,1,1,1,1,9,-1,-1,-1,-1,-1
2013331300986,2,9,0,4,0,1,0,0,0,0,2,1,2,1,5,-1,-1,-1,9,1
2013331300986,3,9,0,3,0,1,0,0,0,0,2,1,2,1,4,1229,1,5,7,1
2013331300986,4,9,0,3,0,1,0,0,0,0,2,1,2,1,6,-1,-1,-1,1,1
2013331300986,5,9,0,10,0,8,0,0,0,0,0,1,6,3,-1,-1,-1,-1,-1,-1
2013331300987,1,9,0,3,0,0,1,0,0,0,2,1,6,1,8,1999,1,11,-1,-1
2013331300987,2,9,0,4,0,0,1,0,0,0,1,1,6,1,8,1796,1,15,-1,-1
2013331300987,3,19,0,4,0,0,1,0,0,0,1,1,6,2,7,-1,-1,-1,-1,-1
2013331300987,4,9,0,4,0,0,1,0,0,0,1,1,6,2,5,1596,1,3,-1,-1
2013331300987,5,9,0,4,0,0,0,0,0,0,0,1,6,3,-1,-1,-1,-1,-1,-1
2013331300988,1,19,0,6,0,0,0,0,0,0,3,1,6,1,6,2198,2,2,-1,-1
2013331300988,2,5,0,18,0,0,1,0,0,0,1,1,6,1,8,996,1,14,-1,-1
2013331300988,3,19,0,2,0,0,0,0,0,0,0,1,6,3,-1,2402,2,11,-1,-1
2013331300989,1,9,0,3,0,0,0,0,0,0,2,1,2,1,7,1199,1,14,4,1
2013331300989,2,9,0,4,0,0,0,0,0,0,1,1,2,2,7,1796,1,12,4,1
2013331300989,3,9,0,4,0,0,0,0,0,0,1,1,2,1,6,1596,1,11,6,1
2013331300990,1,9,0,9,0,5,0,0,0,0,1,1,6,2,9,1598,1,2,7,1
2013331300991,1,9,0,9,0,6,0,0,0,0,3,1,2,1,7,1560,2,1,3,1
2013331300991,2,9,0,18,0,8,0,0,0,0,4,1,6,1,11,1388,1,9,6,1
2013331300992,1,9,0,12,0,0,0,0,0,0,0,1,6,1,6,1896,2,8,3,1
2013331300992,2,5,0,4,0,0,1,0,0,0,0,1,6,1,7,649,2,7,5,1
2013331300993,1,9,0,18,0,6,1,0,1,0,1,1,6,1,6,1242,1,6,9,2
2013331300993,2,9,0,4,0,8,1,0,1,0,3,1,6,1,9,1997,2,14,8,3
2013331300994,1,9,0,5,0,6,0,0,0,0,1,1,6,2,7,1587,1,9,9,1
2013331300994,2,1,0,18,0,8,0,0,0,0,1,1,6,2,8,-1,-1,-1,9,2
2013331300995,1,9,0,5,0,6,0,0,0,0,3,1,6,1,5,1587,1,5,6,1
2013331300995,2,5,0,18,0,8,0,0,0,0,1,1,6,1,6,654,1,4,4,3
2013331300996,1,8,0,3,0,1,0,0,0,0,2,1,1,1,8,-1,-1,-1,-1,-1
2013331300996,2,9,0,18,0,1,0,0,0,0,1,1,6,1,5,-1,-1,-1,-1,-1
2013331300997,1,9,0,18,0,4,0,0,0,0,1,1,1,1,7,1598,1,3,-1,-1
2013331300997,2,1,0,9,0,3,0,0,0,0,2,1,6,1,7,-1,-1,-1,-1,-1
2013331300998,1,9,0,2,0,0,0,0,0,0,2,1,6,2,8,-1,-1,-1,-1,-1
2013331300998,2,3,0,18,0,0,0,4,0,0,4,1,6,1,-1,-1,-1,-1,-1,-1
2013331300998,3,9,0,18,0,0,0,0,0,0,4,1,6,1,-1,-1,-1,-1,-1,-1
2013331300999,1,8,0,4,0,1,0,0,1,10,1,1,1,1,9,1896,2,10,4,1
2013331300999,2,9,0,7,0,5,1,0,1,10,1,1,6,3,-1,-1,-1,-1,-1,-1
2013331301000,1,19,0,14,0,8,0,0,0,0,4,1,1,1,8,2151,2,12,-1,-1
2013331301000,2,21,1,2,0,8,0,0,0,0,0,1,1,1,8,9290,2,1,6,1
2013331301000,3,9,0,18,0,8,0,0,0,0,3,1,6,1,5,-1,-1,-1,-1,-1
2013331301001,1,9,0,4,0,0,1,0,7,4,2,1,1,2,8,1339,1,10,7,1
2013331301002,1,9,0,18,0,0,1,0,7,11,3,1,6,2,10,-1,-1,-1,9,2
2013331301002,2,9,0,18,0,0,0,0,0,0,0,1,3,1,8,2720,2,8,3,1
2013331301003,1,9,0,17,0,8,0,0,0,0,4,1,6,1,5,1242,1,14,10,2
2013331301003,2,9,0,9,0,6,0,0,0,0,1,1,6,1,7,1999,1,6,10,1
2013331301004,1,9,0,18,0,0,0,0,0,0,1,1,6,1,9,1769,1,7,1,1
2013331301004,2,9,0,18,0,0,0,0,0,0,2,1,6,1,6,1796,1,11,1,1
2013331301004,3,9,0,18,0,0,0,0,0,0,2,1,6,2,5,1968,2,7,4,1
2013331301004,4,9,0,18,0,0,0,0,0,0,2,1,1,1,6,1984,2,-1,6,3
2013331301005,1,9,0,18,0,0,0,6,1,7,1,1,6,1,6,1598,1,14,-1,-1
2013331301006,1,17,4,17,0,0,0,0,1,9,4,1,1,1,7,6702,2,1,10,2
2013331301006,2,21,0,16,0,0,0,0,0,0,0,1,1,3,-1,-1,-1,-1,-1,-1
2013331301007,1,9,0,2,0,1,0,0,0,0,3,1,6,1,10,1995,1,1,-1,-1
2013331301007,2,9,0,18,0,1,0,4,0,0,3,1,6,1,7,1799,1,14,4,1
2013331301007,3,9,0,4,0,1,0,1,0,0,2,1,6,2,10,1242,1,14,3,1
2013331301007,4,9,0,4,0,1,0,1,0,0,1,1,6,2,8,1850,1,12,2,1
2013331301007,5,9,0,18,0,2,0,0,0,0,0,1,6,3,-1,-1,-1,-1,-1,-1
2013331301008,1,9,0,17,0,0,5,0,7,10,4,1,6,1,6,1999,1,10,8,1
2013331301009,1,9,0,18,0,2,0,0,0,0,1,1,6,2,10,1799,1,6,9,1
2013331301009,2,22,0,5,0,6,0,0,0,0,1,1,6,1,11,-1,-1,-1,4,1
2013331301010,1,9,0,9,0,6,0,0,0,0,1,1,6,1,5,-1,-1,-1,7,1
2013331301011,1,9,0,1,0,6,0,0,0,0,2,1,6,1,-1,1998,2,6,9,3
2013331301011,2,5,0,18,0,8,0,0,0,0,1,1,6,1,8,1130,1,12,5,1
2013331301012,1,9,0,7,0,6,0,0,0,0,1,1,6,1,10,1896,2,8,4,1
2013331301012,2,1,0,17,0,8,0,0,0,0,4,1,1,2,6,-1,-1,-1,7,1
2013331301013,1,9,0,7,2,5,0,0,0,0,1,1,1,2,4,1870,2,10,6,1
2013331301013,2,1,0,18,2,8,0,0,0,0,3,1,1,1,6,-1,-1,-1,9,1
2013331301015,1,9,0,6,0,8,0,0,0,0,1,1,6,1,-1,1686,2,9,-1,-1
2013331301015,2,1,0,3,0,8,0,0,0,0,1,1,1,1,7,-1,-1,-1,3,1
2013331301016,1,9,0,12,0,8,0,0,0,0,3,1,6,1,4,1124,1,17,-1,-1
2013331301016,2,9,0,18,0,8,0,0,0,0,4,1,6,1,6,1461,2,-1,1,1
2013331301017,1,19,0,4,0,1,0,0,0,0,2,1,6,1,-1,-1,-1,-1,-1,-1
2013331301017,2,3,0,18,0,1,0,0,0,0,1,1,1,1,4,124,1,2,7,1
2013331301017,3,9,0,5,0,6,0,0,0,0,0,1,6,3,-1,-1,-1,-1,-1,-1
2013331301018,1,9,0,12,0,8,0,0,0,0,2,1,6,2,8,1598,1,3,9,1
2013331301018,2,9,0,18,0,8,0,0,0,0,1,1,2,2,7,1997,2,4,9,1
2013331301019,1,9,0,5,0,6,0,0,0,0,1,1,6,1,10,1998,1,6,9,2
2013331301019,2,9,0,18,0,8,0,0,0,0,1,1,6,2,6,998,1,11,4,1
2013331301020,1,9,0,12,0,1,0,0,0,0,0,1,6,1,4,1391,1,11,2,1
2013331301020,2,5,0,18,0,1,0,10,0,0,1,1,6,1,6,600,2,16,6,1
2013331301020,3,9,0,7,0,5,0,0,0,0,0,1,6,3,-1,-1,-1,-1,-1,-1
2013331301021,1,9,0,4,0,2,1,0,0,0,1,1,6,1,4,1242,1,17,-1,-1
2013331301021,2,19,0,5,0,2,0,0,0,0,2,1,6,1,6,-1,-1,-1,-1,-1
2013331301022,1,9,0,5,9,6,0,0,0,0,1,1,6,2,9,1329,1,2,1,1
2013331301022,2,1,0,18,9,8,0,0,0,0,1,1,6,1,5,-1,-1,-1,2,1
2013331301022,3,9,0,3,0,1,0,0,0,0,0,1,6,3,-1,-1,-1,-1,-1,-1
2013331301023,1,9,0,18,0,1,0,0,0,0,1,1,6,1,6,-1,-1,-1,10,1
2013331301023,2,9,0,3,0,1,0,0,0,0,2,1,6,2,6,1389,1,11,1,1
2013331301024,1,21,1,18,0,0,0,0,0,0,1,1,1,1,7,11946,2,1,1,1
2013331301024,2,9,0,4,0,0,0,0,0,0,2,1,1,1,8,1560,2,5,6,1
2013331301024,3,9,0,4,0,0,0,0,0,0,2,1,1,1,8,1997,2,3,7,1
2013331301025,1,3,0,17,0,0,0,0,0,0,1,1,6,1,4,124,1,-1,7,3
2013331301025,2,9,0,4,0,0,1,0,0,0,1,1,6,1,7,1796,1,10,6,2
2013331301026,1,9,0,4,0,1,0,0,0,0,2,1,3,2,8,1995,2,11,1,1
2013331301026,2,9,0,18,0,1,0,0,0,0,1,1,6,2,7,-1,-1,-1,10,2
2013331301026,3,9,0,18,0,3,0,0,0,0,0,1,6,3,-1,-1,-1,-1,-1,-1
2013331301027,1,9,0,9,0,5,0,0,0,0,1,1,6,1,-1,1560,2,1,-1,-1
2013331301027,2,1,0,18,0,8,0,0,0,0,1,1,6,1,8,-1,-1,-1,10,2
2013331301028,1,9,0,3,0,0,0,0,0,0,2,1,6,2,7,1997,2,11,9,2
2013331301028,2,9,0,4,0,0,0,0,0,0,1,1,6,1,6,1248,2,1,4,1
2013331301029,1,9,0,3,0,0,0,0,0,0,2,1,6,2,7,1598,1,1,5,1
2013331301029,2,9,0,18,0,0,0,0,0,0,1,1,6,1,5,1199,1,11,-1,-1
2013331301030,1,9,0,18,0,1,0,0,0,0,1,1,6,1,-1,1242,1,5,-1,-1
2013331301030,2,9,0,3,0,1,0,0,1,10,2,1,6,1,7,1590,1,13,6,1
2013331301031,1,9,0,4,0,0,0,0,0,0,1,1,2,2,7,1796,1,7,-1,-1
2013331301031,2,9,0,3,0,0,0,0,0,0,2,1,6,1,4,1043,1,18,3,1
2013331301031,3,9,0,3,0,0,0,0,0,0,2,1,6,1,5,1686,2,10,9,1
2013331301032,1,1,0,9,0,5,0,0,0,0,4,1,6,1,6,-1,-1,-1,1,1
2013331301032,2,9,0,17,0,8,0,0,0,0,0,1,6,1,5,1364,1,5,5,1
2013331301033,1,9,0,18,0,0,1,0,7,6,1,1,6,2,4,998,1,9,6,1
2013331301034,1,9,0,6,0,0,0,0,0,0,1,1,6,1,7,1599,1,14,-1,-1
2013331301034,2,5,0,18,0,0,0,0,0,0,1,1,6,1,8,883,1,1,-1,-1
2013331301035,1,20,1,12,0,8,0,0,0,0,3,1,1,1,7,11946,2,1,1,1
2013331301035,2,20,1,18,0,8,0,0,0,0,0,1,6,3,-1,-1,-1,-1,-1,-1
2013331301035,3,9,0,13,0,8,0,9,7,7,3,1,1,2,7,1679,1,15,9,2
2013331301036,1,9,0,4,0,2,0,0,0,0,1,1,1,1,7,-1,-1,-1,5,1
2013331301036,2,1,0,5,0,2,0,0,0,0,1,1,6,1,4,-1,-1,-1,1,1
2013331301037,1,8,0,18,0,1,0,0,1,0,1,1,6,3,-1,-1,-1,-1,-1,-1