Accident_Index,Vehicle_Reference,Vehicle_Type,Towing_and_Articulation,Vehicle_Manoeuvre,Vehicle_Location-Restricted_Lane,Junction_Location,Skidding_and_Overturning,Hit_Object_in_Carriageway,Vehicle_Leaving_Carriageway,Hit_Object_off_Carriageway,1st_Point_of_Impact,Was_Vehicle_Left_Hand_Drive?,Journey_Purpose_of_Driver,Sex_of_Driver,Age_Band_of_Driver,Engine_Capacity_(CC),Propulsion_Code,Age_of_Vehicle,Driver_IMD_Decile,Driver_Home_Area_Type
2013331302117,1,9,0,3,0,1,0,0,0,0,2,1,6,1,8,1596,1,3,1,1
2013331302117,2,9,0,18,0,1,0,0,0,0,1,1,6,2,8,1398,1,10,3,1
2013331302119,1,9,0,18,0,2,0,0,0,0,1,1,6,1,8,1998,1,8,9,2
2013331302119,2,1,0,9,0,2,0,0,0,0,3,1,2,1,3,-1,-1,-1,10,2
2013331302120,1,9,0,4,0,0,0,0,0,0,1,1,6,1,8,1988,2,8,8,1
2013331302121,1,9,0,9,0,6,0,0,0,0,3,1,2,2,4,1590,1,9,-1,-1
2013331302121,2,9,0,18,0,8,0,0,0,0,1,1,1,1,8,1998,2,7,-1,-1
2013331302122,1,90,0,18,0,0,2,0,0,0,4,1,1,1,9,-1,2,10,1,1
2013331302123,1,9,0,17,9,8,0,10,3,9,1,1,6,1,6,1598,1,10,-1,-1
2013331302124,1,9,0,9,0,5,0,0,0,0,1,1,6,1,6,2198,1,10,4,1
2013331302124,2,9,0,18,0,8,0,0,0,0,1,1,6,2,10,1149,1,4,5,1
2013331302125,1,9,0,3,0,0,0,0,0,0,2,1,6,2,8,1753,2,12,3,1
2013331302125,2,19,0,18,0,0,0,0,0,0,1,1,6,2,7,-1,-1,-1,3,1
2013331302126,1,9,0,2,0,0,0,0,0,0,2,1,1,1,6,1461,2,5,8,1
2013331302126,2,9,0,18,0,0,0,0,0,0,1,1,1,1,4,1364,2,7,8,3
2013331302127,1,9,0,7,0,6,0,0,0,0,3,1,1,1,9,1388,1,2,10,1
2013331302127,2,1,0,18,0,8,0,0,0,0,1,1,6,1,7,-1,-1,-1,4,1
2013331302128,1,9,0,4,0,6,0,0,0,0,3,1,2,1,4,1124,1,9,3,1
2013331302128,2,8,0,18,0,8,0,0,0,0,1,1,1,1,6,1686,2,3,3,1
2013331302129,1,9,0,4,0,0,0,0,7,4,1,1,2,2,7,1461,2,5,4,2
2013331302129,2,98,0,12,0,0,0,0,0,0,0,1,6,3,-1,-1,-1,-1,-1,-1
2013331302130,1,9,0,18,0,1,0,0,0,0,2,1,6,2,6,1995,2,5,6,1
2013331302130,2,9,0,18,0,1,0,0,0,0,1,1,6,2,6,1560,2,6,8,2
2013331302130,3,9,0,18,0,1,0,0,0,0,1,1,6,2,8,2179,2,4,8,3
2013331302131,1,9,0,1,0,0,0,0,0,0,2,1,6,1,5,2500,1,13,-1,-1
2013331302131,2,8,0,18,0,0,0,0,0,0,1,1,1,1,6,1998,2,9,3,1
2013331302132,1,9,0,5,0,8,0,0,0,0,2,1,6,1,8,1596,1,8,6,1
2013331302132,2,9,0,18,0,8,0,0,0,0,1,1,6,2,-1,1397,1,10,-1,-1
2013331302133,1,9,0,18,0,0,0,0,0,0,1,1,6,2,9,1679,1,11,10,2
2013331302134,1,11,0,12,0,0,0,0,0,0,3,1,1,3,-1,-1,-1,-1,-1,-1
2013331302134,2,9,0,18,0,0,0,0,0,0,4,1,6,2,9,1248,2,2,7,1
2013331302135,1,9,0,5,0,6,1,0,0,0,4,1,6,2,5,1910,2,10,-1,-1
2013331302135,2,1,0,18,0,8,0,0,0,0,1,1,6,1,9,-1,-1,-1,4,1
2013331302136,1,9,0,18,0,0,0,0,0,0,1,1,6,1,8,1997,2,6,-1,-1
2013331302139,1,9,0,13,0,0,1,0,1,10,1,1,6,1,7,2616,1,8,9,3
2013331302139,2,9,0,18,0,0,0,0,0,0,0,1,6,3,-1,-1,-1,-1,-1,-1
2013331302140,1,9,0,4,0,0,0,0,0,0,4,1,3,2,7,1595,1,4,8,1
2013331302141,1,9,0,9,0,5,0,0,0,0,4,1,6,2,9,1390,1,12,5,1
2013331302141,2,97,0,18,0,8,0,0,0,0,1,1,1,1,4,-1,-1,-1,-1,-1
2013331302142,1,9,0,18,0,3,1,7,1,4,3,1,6,1,5,2457,1,7,6,3
2013331302143,1,9,0,18,0,0,0,0,8,6,1,2,6,1,8,1242,1,5,4,1
2013331302143,2,9,0,18,0,0,0,0,0,0,0,1,6,3,-1,-1,-1,-1,-1,-1
2013331302144,1,9,0,10,0,8,0,0,0,0,2,1,1,1,8,1997,2,4,-1,-1
2013331302144,2,3,0,18,0,8,1,0,0,0,1,1,6,1,10,125,1,1,8,1
2013331302145,1,9,0,7,0,6,0,0,0,0,1,1,6,2,9,1796,1,13,6,1
2013331302145,2,9,0,9,0,5,0,0,0,0,1,1,6,2,6,1798,8,-1,2,1
2013331302146,1,9,0,18,0,8,0,0,0,0,1,1,6,2,8,1389,1,15,5,1
2013331302146,2,9,0,7,0,4,0,0,0,0,1,1,6,1,9,1399,2,-1,9,2
2013331302147,1,9,0,18,0,0,0,0,0,0,3,1,6,1,7,1598,1,8,-1,-1
2013331302147,2,9,0,18,0,0,0,0,0,0,3,1,1,1,7,1997,1,12,8,1
2013331302148,1,3,0,3,0,2,0,0,0,0,1,1,6,2,8,124,1,-1,8,1
2013331302148,2,9,0,1,0,1,0,0,0,0,2,1,6,1,9,-1,-1,-1,-1,-1
2013331302149,1,9,0,18,0,8,0,0,0,0,1,1,1,1,5,-1,-1,-1,1,1
2013331302149,2,9,0,18,0,4,0,0,0,0,1,1,1,1,7,1997,2,10,10,2
2013331302150,1,20,0,4,0,0,1,0,0,0,1,1,1,1,8,3920,2,4,8,1
2013331302150,2,9,0,3,0,0,0,0,0,0,2,1,2,2,6,1299,1,7,6,1
2013331302150,3,90,0,18,0,0,0,0,0,0,0,1,1,3,-1,-1,-1,-1,-1,-1
2013331302151,1,9,0,4,0,0,0,0,0,0,2,1,6,2,8,1396,1,10,8,1
2013331302151,2,9,0,18,0,0,0,0,0,0,1,1,6,2,11,-1,-1,-1,9,2
2013331302152,1,19,0,5,0,6,0,0,0,0,3,1,1,1,7,2198,2,-1,1,1
2013331302152,2,9,0,18,0,8,0,0,0,0,1,1,6,2,10,1388,1,11,10,2
2013331302153,1,9,0,17,0,0,0,0,1,0,1,1,6,1,7,1587,1,11,2,1
2013331302153,2,9,0,16,0,0,0,0,0,0,1,1,6,1,8,-1,-1,-1,7,3
2013331302154,1,9,0,3,0,1,0,0,0,0,2,1,6,2,5,1596,1,12,-1,-1
2013331302154,2,9,0,5,0,1,0,0,0,0,1,1,6,2,8,2987,2,5,1,1
2013331302155,1,9,0,13,0,2,0,0,0,0,1,1,6,1,8,1998,1,10,-1,-1
2013331302155,2,1,0,18,0,2,0,0,0,0,0,1,6,3,-1,-1,-1,-1,-1,-1
2013331302156,1,9,0,5,0,6,0,0,0,0,1,1,6,2,8,1598,2,1,-1,-1
2013331302156,2,9,0,18,0,8,0,0,0,0,1,1,6,2,5,1796,1,10,-1,-1
2013331302156,3,9,0,10,0,1,0,0,0,0,1,1,6,2,9,1120,1,16,-1,-1
2013331302157,1,19,0,17,0,0,1,0,1,0,1,1,1,1,6,-1,-1,-1,-1,-1
2013331302157,2,19,0,16,0,0,0,0,1,0,1,1,1,1,5,1998,2,11,-1,-1
2013331302157,3,9,0,16,0,0,0,0,0,0,1,1,2,2,8,1248,2,4,5,1
2013331302158,1,9,0,4,0,1,0,0,0,0,0,1,1,2,6,973,1,11,2,1
2013331302158,2,9,0,4,0,1,0,0,0,0,2,1,1,2,6,1560,2,2,9,3
2013331302158,3,9,0,18,0,1,0,0,0,0,1,1,1,1,7,2000,2,8,7,3
2013331302159,1,9,0,14,0,0,0,4,7,6,4,1,6,1,10,1198,1,4,3,1
2013331302159,2,21,0,2,0,0,0,0,0,0,3,1,1,1,7,6370,2,4,8,3
2013331302160,1,9,0,18,0,0,0,0,0,0,1,1,6,1,8,1762,1,14,9,1
2013331302160,2,11,0,3,0,0,0,0,0,0,0,1,1,3,-1,-1,-1,-1,-1,-1
2013331302161,1,9,0,17,0,0,5,0,7,10,4,1,6,1,4,973,1,14,10,1
2013331302162,1,9,0,2,0,0,0,0,0,0,4,1,3,2,6,1988,1,10,8,2
2013331302162,2,9,0,18,0,0,0,0,0,0,1,1,6,3,11,1997,2,10,-1,-1
2013331302163,1,9,0,17,0,0,0,0,1,9,3,1,1,2,8,1796,1,12,9,1
2013331302163,2,9,0,16,0,0,5,0,0,0,3,1,6,1,10,1598,1,5,6,3
2013331302164,1,9,0,9,0,6,0,0,0,0,1,1,6,1,8,1995,2,1,7,1
2013331302164,2,5,0,14,0,8,0,0,0,0,1,1,6,1,5,599,1,4,9,1
2013331302164,3,9,0,3,0,1,0,0,0,0,0,1,6,3,-1,-1,-1,-1,-1,-1
2013331302165,1,9,0,13,0,0,1,0,1,9,1,1,6,2,7,-1,-1,-1,4,1
2013331302165,2,9,0,18,0,0,0,0,0,0,0,1,6,3,-1,-1,-1,-1,-1,-1
2013331302166,1,9,0,18,0,0,1,0,1,10,4,1,6,2,7,1686,2,14,4,1
2013331302167,1,9,0,5,0,1,0,4,0,0,3,1,2,2,6,-1,-1,-1,1,1
2013331302167,2,9,0,17,0,2,0,0,0,0,3,1,2,1,5,1527,2,18,3,1
2013331302167,3,9,0,2,0,2,0,0,0,0,4,1,6,1,-1,1595,1,17,1,1
2013331302168,1,19,0,1,0,8,0,0,0,0,2,1,2,1,7,2402,2,9,4,1
2013331302169,1,9,0,17,0,0,1,6,2,10,4,1,6,2,5,1360,1,13,5,2
2013331302170,1,9,0,18,0,6,0,0,0,0,1,1,6,1,6,1781,1,11,1,1
2013331302170,2,9,0,18,0,8,0,0,0,0,1,1,6,2,11,1061,1,9,4,1
2013331302171,1,9,0,4,0,0,0,0,0,0,2,1,1,1,6,-1,-1,-1,2,1
2013331302171,2,9,0,4,0,0,0,0,0,0,1,1,2,1,5,1956,2,1,5,1
2013331302172,1,9,0,18,0,0,0,0,0,0,1,1,1,2,8,-1,-1,-1,10,1
2013331302173,1,9,0,7,0,5,0,0,0,0,1,1,6,1,-1,1596,1,9,10,1
2013331302173,2,1,0,18,0,8,0,0,0,0,3,1,6,2,8,-1,-1,-1,9,2
2013331302174,1,9,0,17,0,0,0,0,1,3,1,1,6,1,11,1242,1,1,9,3
2013331302174,2,9,0,17,0,0,0,11,0,0,1,1,6,2,6,1896,2,10,-1,-1
2013331302175,1,9,0,6,0,0,0,0,0,0,1,1,6,1,6,1596,1,11,3,1
2013331302176,1,9,0,9,0,5,0,0,0,0,1,1,2,2,6,1599,1,10,7,1
2013331302176,2,9,0,16,0,8,0,0,0,0,1,1,6,2,6,1360,1,12,1,1
2013331302177,1,19,0,18,0,0,0,0,0,0,1,1,6,3,-1,2143,2,1,-1,-1
2013331302177,2,1,0,18,0,0,0,0,0,0,2,1,6,1,8,-1,-1,-1,9,2
2013331302178,1,9,0,18,0,8,0,0,0,0,1,1,6,1,4,970,1,24,6,2
2013331302178,2,9,0,18,0,4,0,0,0,0,3,1,1,1,7,1896,2,3,7,1
2013331302179,1,9,0,9,0,8,0,0,0,0,1,1,6,1,6,3498,1,9,10,1
2013331302179,2,9,0,3,0,8,0,0,0,0,2,1,6,2,10,-1,-1,-1,5,1
2013331302180,1,9,0,4,0,8,1,0,0,0,1,1,1,1,7,1399,2,10,-1,-1
2013331302180,2,20,0,10,0,8,0,0,0,0,2,1,1,1,8,-1,-1,-1,9,1
2013331302181,1,11,0,5,0,0,0,0,0,0,3,1,1,1,-1,-1,-1,-1,-1,-1
2013331302181,2,22,0,13,0,0,0,0,0,0,4,1,6,1,9,-1,-1,-1,1,1
2013331302182,1,9,0,17,0,0,0,0,1,4,1,1,6,1,7,1396,1,15,8,3
2013331302183,1,9,0,18,0,1,0,0,0,0,1,1,6,1,7,1995,2,8,-1,-1
2013331302183,2,8,0,10,0,1,0,0,0,0,2,1,6,1,7,1998,2,6,6,1
2013331302185,1,9,0,18,0,0,0,0,0,0,4,1,6,2,6,1896,2,8,6,1
2013331302185,2,1,0,7,0,0,0,0,0,0,4,1,4,1,3,-1,-1,-1,7,1
2013331302188,1,9,0,14,0,0,0,0,0,0,3,1,2,2,9,1197,1,-1,8,1
2013331302188,2,5,0,13,0,0,0,0,0,0,4,1,6,1,5,599,1,5,9,1
2013331302188,3,9,0,2,0,0,0,0,0,0,0,1,6,3,-1,-1,-1,-1,-1,-1
2013331302190,1,9,0,4,0,1,0,0,0,0,1,1,1,1,4,1390,1,13,-1,-1
2013331302190,2,9,0,4,0,1,0,0,0,0,2,1,2,2,9,1997,2,9,-1,-1
2013331302191,1,9,0,10,0,1,0,0,0,0,2,1,6,1,8,-1,-1,-1,1,1
2013331302191,2,9,0,4,0,1,0,0,0,0,1,1,6,2,5,-1,-1,-1,1,1
2013331302192,1,9,0,4,0,1,0,0,0,0,0,1,1,1,7,2993,2,2,6,1
2013331302192,2,9,0,14,0,1,1,0,0,0,1,1,6,1,5,1587,1,12,2,1
2013331302192,3,9,0,3,0,1,0,0,0,0,3,1,6,1,8,1998,1,10,6,1
2013331302192,4,9,0,3,0,1,0,0,0,0,3,1,6,2,7,1390,1,11,3,1
2013331302193,1,19,0,7,4,5,0,0,0,0,4,1,6,1,5,1998,2,11,1,1
2013331302193,2,1,0,18,4,8,0,0,0,0,3,1,6,2,8,-1,-1,-1,3,1
2013331302194,1,9,0,5,0,4,0,9,1,7,1,1,6,1,6,1984,1,2,9,1
2013331302194,2,9,0,9,0,8,0,9,1,7,4,1,6,1,7,-1,-1,-1,9,2
2013331302195,1,1,0,18,2,8,0,0,0,0,1,1,6,1,6,-1,-1,-1,4,1
2013331302195,2,9,0,7,2,5,0,0,0,0,4,1,6,1,7,2993,2,7,-1,-1
2013331302196,1,9,0,4,0,0,0,0,0,0,1,1,6,2,6,1240,1,9,-1,-1
2013331302196,2,9,0,18,0,0,0,0,0,0,2,1,6,1,8,998,1,3,-1,-1
2013331302197,1,9,0,7,0,6,0,0,0,0,4,1,6,2,6,1299,1,14,3,1
2013331302197,2,9,0,15,0,8,0,0,0,0,1,1,6,1,7,1390,1,-1,2,1
2013331302198,1,9,0,18,0,1,0,0,0,0,1,1,6,1,-1,-1,-1,-1,6,1
2013331302198,2,9,0,4,0,1,0,0,0,0,2,1,6,1,5,-1,-1,-1,-1,-1
2013331302199,1,9,0,4,0,0,0,0,0,0,1,1,2,1,8,1986,2,6,3,3
2013331302199,2,9,0,4,0,0,0,0,0,0,1,1,1,1,6,1968,2,1,10,3
2013331302199,3,9,0,3,0,0,0,0,0,0,2,1,2,1,7,1598,1,5,6,1
2013331302199,4,19,0,3,0,0,0,0,0,0,2,1,1,1,10,2143,2,1,10,1
2013331302200,1,9,0,4,0,7,0,0,0,0,4,1,6,1,10,1595,1,2,9,1
2013331302200,2,9,0,17,0,8,0,0,0,0,1,1,1,2,9,1328,1,10,5,1
2013331302201,1,5,0,18,0,8,0,0,0,0,1,1,6,1,5,599,1,19,2,1
2013331302201,2,90,0,7,0,5,0,0,0,0,4,1,6,1,11,2000,1,34,5,1
2013331302202,1,19,0,9,0,6,0,0,0,0,1,1,1,1,6,2402,2,6,3,1
2013331302202,2,1,0,18,0,8,0,0,0,0,1,1,6,1,9,-1,-1,-1,9,1
2013331302203,1,9,0,18,0,8,0,0,0,0,1,1,6,2,9,999,1,4,5,1
2013331302203,2,9,0,9,0,5,0,0,0,0,1,2,6,1,5,-1,-1,-1,2,1
2013331302203,3,9,0,10,0,1,0,0,0,0,3,1,1,1,8,1968,2,1,7,1
2013331302204,1,9,0,9,0,5,0,0,0,0,1,1,6,2,8,1299,1,14,3,1
2013331302204,2,9,0,18,0,8,0,0,0,0,3,1,6,2,5,1686,2,-1,-1,-1
2013331302205,1,9,0,18,0,2,0,0,0,0,1,1,6,2,6,2987,2,4,4,1
2013331302206,1,9,0,4,0,8,0,0,0,0,2,1,6,1,11,1086,1,7,-1,-1
2013331302206,2,9,0,18,0,8,0,0,0,0,2,1,6,1,10,998,1,3,8,1
2013331302206,3,9,0,18,0,8,0,0,0,0,2,1,6,1,7,1997,2,9,7,1
2013331302206,4,19,0,18,0,8,0,0,0,0,1,1,6,1,9,2461,2,11,10,1
2013331302207,1,9,0,16,0,8,0,0,0,0,1,1,6,1,7,1968,2,5,-1,-1
2013331302207,2,9,0,9,0,6,0,10,0,0,4,1,6,2,6,1598,1,11,2,1
2013331302208,1,9,0,9,0,5,0,0,0,0,4,1,1,2,8,1229,1,9,3,1
2013331302208,2,3,0,18,0,8,0,0,0,0,1,1,6,1,9,125,1,7,-1,-1
2013331302209,1,19,0,7,0,2,0,0,1,0,1,1,1,1,7,1998,2,11,1,1
2013331302209,2,9,0,9,0,2,0,0,7,0,4,1,6,1,-1,1124,1,12,-1,-1
2013331302210,1,8,0,18,0,1,0,0,0,0,1,1,1,1,7,1497,8,8,3,1
2013331302210,2,9,0,4,0,1,0,0,0,0,2,1,1,1,8,1997,2,8,9,1
2013331302210,3,19,0,4,0,1,0,0,0,0,2,1,1,1,6,1598,1,13,8,1
2013331302210,4,9,0,9,0,6,0,0,0,0,0,1,6,3,-1,-1,-1,-1,-1,-1
2013331302211,1,9,0,5,0,8,5,7,0,0,1,1,1,1,10,1984,1,10,7,2
2013331302212,1,8,0,6,0,8,0,0,0,0,2,1,6,1,8,1997,2,2,8,1
2013331302212,2,9,0,18,0,8,0,0,0,0,1,1,6,2,8,1360,1,11,4,1
2013331302213,1,9,0,3,0,8,0,0,0,0,2,1,6,1,8,1794,1,12,7,1
2013331302213,2,9,0,18,0,8,0,0,0,0,1,1,6,3,-1,1783,1,9,-1,-1
2013331302214,1,9,0,6,0,8,0,0,0,0,3,1,6,1,-1,2496,2,8,4,1
2013331302214,2,19,0,18,0,8,1,0,4,1,4,1,2,1,7,1753,2,5,5,2
2013331302215,1,9,0,18,0,8,0,0,0,0,1,1,6,1,5,1229,1,4,10,3
2013331302215,2,9,0,18,0,4,0,0,0,0,3,1,6,2,4,1598,1,9,9,2
2013331302216,1,9,0,10,0,1,0,0,0,0,0,1,6,1,8,1997,2,2,9,3
2013331302216,2,1,0,4,0,1,1,0,0,0,1,1,6,2,7,-1,-1,-1,8,3
2013331302217,1,9,0,18,0,0,0,0,0,0,1,1,6,1,10,1598,1,7,4,1
2013331302218,1,9,0,4,0,1,0,0,0,0,1,1,6,2,5,993,1,17,2,1
2013331302218,2,9,0,4,0,1,0,0,0,0,2,1,6,1,8,1390,1,3,1,1
2013331302219,1,9,0,9,0,8,0,0,0,0,4,1,6,1,7,1560,2,2,1,1
2013331302219,2,3,0,15,0,8,0,0,0,0,3,1,6,1,9,-1,-1,-1,1,1
2013331302219,3,19,0,9,0,5,0,0,0,0,0,1,6,3,-1,-1,-1,-1,-1,-1
2013331302220,1,9,0,13,0,0,1,0,0,0,1,1,6,1,6,1968,2,5,8,3
2013331302220,2,9,0,18,0,0,0,0,0,0,3,1,6,1,6,1968,2,3,9,1
2013331302220,3,9,0,18,0,0,0,0,0,0,3,1,6,1,10,1997,2,8,8,1
2013331302220,4,9,0,18,0,0,5,0,1,11,3,1,2,2,4,1360,1,9,9,2
2013331302221,1,9,0,1,0,2,2,6,0,0,2,1,1,2,6,998,1,10,1,1
2013331302224,1,9,0,3,0,1,0,0,0,0,2,1,6,1,8,1997,2,11,-1,-1
2013331302224,2,9,0,4,0,1,1,0,0,0,1,1,6,2,4,1299,1,11,-1,-1
2013331302224,3,9,0,9,0,5,0,0,0,0,0,1,6,3,-1,-1,-1,-1,-1,-1
2013331302225,1,9,0,4,0,0,0,0,0,0,3,1,6,1,4,1199,1,10,6,1
2013331302225,2,9,0,18,0,0,0,0,0,0,3,1,6,2,4,1390,1,8,9,2
2013331302226,1,21,1,18,0,0,2,0,7,6,2,2,1,1,6,-1,-1,-1,-1,-1
2013331302227,1,9,0,18,0,0,0,0,0,0,1,1,6,2,10,989,1,12,10,1
2013331302227,2,9,0,3,0,0,0,0,0,0,2,1,2,1,9,1798,1,5,9,3
2013331302227,3,19,0,10,0,0,0,0,0,0,0,1,1,3,-1,-1,-1,-1,-1,-1
2013331302228,1,21,0,18,0,0,0,0,0,0,4,1,1,1,7,4764,2,1,5,1
2013331302229,1,19,0,6,8,0,0,0,0,0,1,1,2,1,8,1686,2,1,2,1
2013331302229,2,9,0,18,0,0,5,0,7,9,4,1,2,1,5,796,1,13,2,1
2013331302230,1,8,0,18,0,8,0,0,0,0,1,1,1,2,8,2497,2,1,9,1
2013331302230,2,9,0,7,0,5,0,0,0,0,2,1,6,2,6,1596,1,9,9,3
2013331302231,1,9,0,18,0,1,0,0,0,0,1,1,6,2,10,1242,1,7,1,1
2013331302231,2,9,0,3,0,1,0,0,0,0,2,1,6,1,5,1598,1,-1,10,2
2013331302232,1,9,0,3,0,0,0,0,0,0,0,1,6,2,10,1596,1,1,4,1
2013331302233,1,9,0,14,0,0,0,0,0,0,1,1,6,1,6,1896,2,6,3,1
2013331302233,2,8,0,2,0,0,0,0,0,0,0,1,1,3,-1,-1,-1,-1,-1,-1
2013331302233,3,20,0,2,0,0,0,0,0,0,0,1,6,3,-1,-1,-1,-1,-1,-1
2013331302234,1,11,0,17,0,8,0,0,0,0,4,1,1,1,8,7300,2,11,3,1
2013331302235,1,9,0,18,0,6,0,0,0,0,1,1,6,2,8,1242,1,2,8,3
2013331302235,2,9,0,17,0,8,0,0,0,0,1,1,6,2,8,1968,2,7,6,3
2013331302236,1,9,0,14,0,8,0,0,0,0,4,1,1,1,6,1598,1,9,3,1
2013331302237,1,9,0,9,0,5,0,0,0,0,1,1,6,1,6,1242,1,13,-1,-1
2013331302237,2,1,0,18,0,8,0,0,0,0,1,1,6,1,6,-1,-1,-1,9,1
2013331302238,1,9,0,3,0,0,0,0,0,0,2,1,6,2,8,973,1,10,-1,-1
2013331302238,2,9,0,18,0,0,0,0,0,0,1,1,6,1,-1,-1,-1,-1,-1,-1
2013331302239,1,9,0,18,0,0,2,10,1,10,4,1,6,1,6,-1,-1,-1,-1,-1
2013331302240,1,9,0,18,0,8,1,0,0,0,1,1,6,1,10,2171,2,12,6,1
2013331302240,2,9,0,9,0,6,1,0,1,0,2,1,6,1,11,1999,1,9,9,3
2013331302241,1,9,0,6,0,8,0,0,0,0,4,1,2,1,6,-1,-1,-1,1,1
2013331302241,2,3,0,18,0,8,0,0,0,0,1,1,2,1,5,100,1,10,1,1
2013331302242,1,9,0,7,0,4,0,0,0,0,3,1,6,1,8,-1,-1,-1,3,1
2013331302242,2,1,0,18,0,8,0,0,0,0,1,1,6,1,4,-1,-1,-1,1,1
2013331302243,1,9,0,12,0,7,0,0,0,0,1,1,2,1,8,-1,-1,-1,10,1
2013331302243,2,9,0,4,0,8,0,0,0,0,2,1,2,1,5,-1,-1,-1,10,1
2013331302243,3,9,0,4,0,8,0,0,0,0,2,1,6,1,6,1995,2,8,8,1
2013331302243,4,9,0,4,0,8,0,0,0,0,2,1,6,1,9,1769,1,7,-1,-1
2013331302244,1,19,0,3,0,3,0,0,0,0,0,1,1,1,-1,2148,2,8,-1,-1
2013331302244,2,19,0,3,0,3,0,0,0,0,2,1,1,2,7,1870,2,9,10,1
2013331302244,3,9,0,18,0,3,1,0,0,0,1,1,1,1,6,1364,1,6,1,1
2013331302245,1,21,0,17,0,0,0,0,1,9,1,1,1,1,7,4764,2,2,3,1
2013331302246,1,9,0,18,0,8,0,0,0,0,4,1,6,1,5,1598,1,10,6,1
2013331302246,2,9,0,9,0,6,0,0,0,0,1,1,6,2,8,999,1,13,9,1
2013331302246,3,9,0,18,0,1,0,0,0,0,1,1,6,2,8,1390,1,2,8,3
2013331302247,1,90,0,18,0,8,1,0,0,0,1,1,6,1,6,2999,2,1,8,1
2013331302247,2,90,0,18,0,8,1,0,7,11,3,1,6,1,6,-1,-1,-1,10,1
2013331302248,1,9,0,18,0,1,0,0,0,0,3,1,6,1,9,1910,2,4,6,3
2013331302248,2,9,0,4,0,2,1,0,0,0,3,2,6,1,6,-1,-1,-1,9,1
2013331302248,3,9,0,4,0,2,0,0,0,0,0,1,6,3,-1,-1,-1,-1,-1,-1
2013331302249,1,9,0,18,0,0,0,0,0,0,3,1,6,1,4,1199,1,10,4,1
2013331302250,1,9,0,14,0,0,0,0,0,0,1,1,2,1,4,1598,1,8,9,1
2013331302250,2,11,0,3,0,0,0,0,0,0,0,1,1,3,-1,-1,-1,-1,-1,-1
2013331302251,1,9,0,13,0,1,0,0,0,0,4,1,6,2,8,1497,1,11,1,1
2013331302251,2,1,0,18,0,1,0,0,0,0,3,1,6,1,6,-1,-1,-1,2,1
2013331302251,3,9,0,2,0,1,0,0,0,0,3,1,6,3,-1,-1,-1,-1,-1,-1
2013331302252,1,9,0,18,0,8,0,0,1,0,1,1,6,1,4,1388,1,9,9,1
2013331302252,2,9,0,18,0,8,0,0,0,0,2,1,6,1,8,1560,2,-1,6,3
2013331302253,1,9,0,18,0,0,0,0,1,10,1,1,6,1,11,1596,1,2,4,1
2013331302254,1,19,0,4,0,6,1,0,0,0,1,1,2,1,9,1868,2,8,7,1
2013331302254,2,9,0,4,0,8,1,0,0,0,1,1,2,2,6,1124,1,12,8,2
2013331302255,1,9,0,17,0,0,1,0,7,9,1,1,6,2,5,-1,-1,-1,4,1
2013331302256,1,9,0,18,0,2,0,0,0,0,3,1,2,1,9,2685,2,8,8,1
2013331302256,2,19,0,2,0,1,0,0,0,0,0,1,6,3,-1,-1,-1,-1,-1,-1
2013331302257,1,9,0,18,0,4,0,0,0,0,1,1,2,2,7,1242,1,7,10,1
2013331302257,2,5,0,9,0,8,0,0,0,0,4,1,6,1,7,599,1,4,10,1
2013331302258,1,9,0,18,0,5,0,0,0,0,4,1,6,2,5,1299,1,8,1,1
2013331302258,2,9,0,18,0,4,0,0,0,0,1,1,6,1,-1,-1,-1,-1,-1,-1
2013331302259,1,9,0,12,0,0,0,0,0,0,3,1,6,1,7,1995,2,10,7,1
2013331302259,2,9,0,18,0,0,0,0,0,0,2,1,6,1,9,1397,1,2,5,1
2013331302259,3,9,0,4,0,0,0,0,0,0,2,1,6,1,11,1329,1,4,-1,-1
2013331302260,1,9,0,4,0,0,0,0,0,0,2,1,6,1,6,1422,2,11,1,1
2013331302260,2,9,0,4,0,0,0,0,0,0,1,1,1,1,8,-1,-1,-1,9,1
2013331302260,3,9,0,4,0,0,0,0,0,0,1,1,6,2,4,998,1,2,6,2
2013331302260,4,19,0,4,0,0,0,0,0,0,2,1,6,1,6,1995,2,3,8,3
2013331302260,5,9,0,4,0,0,0,0,0,0,1,1,6,2,8,1560,2,-1,9,1
2013331302260,6,9,0,4,0,0,0,0,0,0,2,1,6,1,8,2993,2,3,6,1
2013331302260,7,9,0,4,0,0,0,0,0,0,1,1,6,1,7,1781,1,8,2,1
2013331302260,8,9,0,4,0,0,0,0,0,0,1,1,6,1,5,1560,2,2,10,2
2013331302260,9,9,0,4,0,0,0,0,0,0,1,1,6,1,6,1896,2,6,2,1
2013331302260,10,9,0,4,0,0,0,0,0,0,1,1,6,1,8,1398,2,3,1,1
2013331302260,11,9,0,4,0,0,0,0,0,0,1,1,6,1,5,1686,2,3,-1,-1
2013331302260,12,9,0,4,0,0,0,0,0,0,1,1,6,1,6,-1,-1,-1,1,1
2013331302261,1,9,0,10,0,1,0,0,0,0,3,1,6,1,-1,1242,1,12,-1,-1