Accident_Index,Vehicle_Reference,Vehicle_Type,Towing_and_Articulation,Vehicle_Manoeuvre,Vehicle_Location-Restricted_Lane,Junction_Location,Skidding_and_Overturning,Hit_Object_in_Carriageway,Vehicle_Leaving_Carriageway,Hit_Object_off_Carriageway,1st_Point_of_Impact,Was_Vehicle_Left_Hand_Drive?,Journey_Purpose_of_Driver,Sex_of_Driver,Age_Band_of_Driver,Engine_Capacity_(CC),Propulsion_Code,Age_of_Vehicle,Driver_IMD_Decile,Driver_Home_Area_Type
2013331302422,1,19,0,18,0,6,0,0,0,0,1,1,1,1,8,2148,2,5,1,1
2013331302422,2,9,0,18,0,8,0,0,1,4,3,1,2,1,7,1362,1,1,7,1
2013331302422,3,19,0,18,0,8,0,0,7,4,1,1,2,1,5,-1,-1,-1,-1,-1
2013331302423,1,9,0,4,0,0,0,0,0,0,2,1,1,2,6,2143,2,-1,6,1
2013331302423,2,9,0,18,0,0,0,0,0,0,1,1,1,2,9,-1,-1,-1,10,1
2013331302424,1,9,0,4,0,1,0,0,3,10,1,1,6,1,9,-1,-1,-1,-1,-1
2013331302425,1,1,0,18,0,6,0,0,0,0,3,1,2,1,5,-1,-1,-1,2,1
2013331302425,2,8,0,9,0,5,0,0,0,0,1,1,1,1,7,1896,2,8,1,1
2013331302426,1,9,0,17,0,0,1,0,7,4,1,1,6,1,7,1388,1,11,9,2
2013331302555,1,9,0,18,0,1,0,0,0,0,1,1,6,2,9,3996,1,14,-1,-1
2013331302555,2,9,0,18,0,1,0,0,0,0,2,1,6,1,-1,2143,2,3,-1,-1
2013331302557,1,9,0,18,0,0,0,0,0,0,1,1,6,1,8,-1,-1,-1,-1,-1
2013331302557,2,9,0,18,0,0,0,0,0,0,2,1,6,1,7,1000,1,13,-1,-1
2013331302558,1,9,0,18,0,0,0,0,0,0,1,1,6,1,7,1398,1,6,-1,-1
2013331302563,1,1,0,18,0,0,0,0,0,0,1,1,6,1,8,-1,-1,-1,-1,-1
2013331302563,2,9,0,18,0,0,0,0,0,0,2,1,6,3,-1,-1,-1,-1,-1,-1
2013331302564,1,1,0,18,0,8,0,0,0,0,1,1,6,2,5,-1,-1,-1,-1,-1
2013331302564,2,9,0,18,0,8,0,0,0,0,2,1,6,3,-1,-1,-1,-1,-1,-1
2013331302565,1,9,0,18,0,0,0,0,0,0,1,1,6,1,7,998,1,1,-1,-1
2013331302565,2,9,0,18,0,0,0,0,0,0,2,1,6,2,6,1997,2,2,-1,-1
2013331302567,1,11,0,18,0,0,0,0,0,0,1,1,6,1,8,4500,2,3,-1,-1
2013331302567,2,9,0,18,0,0,0,0,0,0,2,1,6,2,6,1995,2,9,-1,-1
2013331302571,1,9,0,18,0,0,0,0,0,0,1,1,6,1,-1,-1,-1,-1,-1,-1
2013331302571,2,9,0,18,0,0,0,0,0,0,2,1,6,2,9,1198,1,1,-1,-1
2013331302572,1,9,0,18,0,8,0,0,0,0,1,1,2,1,5,-1,-1,-1,6,1
2013331302572,2,9,0,9,0,6,0,0,0,0,1,1,2,2,8,2521,1,6,-1,-1
2013331302579,1,9,0,18,0,0,0,0,0,0,1,1,6,1,8,1598,7,8,-1,-1
2013331302579,2,1,0,18,0,0,0,0,0,0,2,1,6,1,7,-1,-1,-1,-1,-1
2013331302580,1,9,0,18,0,0,0,0,0,0,1,1,6,1,8,2835,2,16,-1,-1
2013331302583,1,9,0,18,0,0,0,0,0,0,1,1,6,1,7,1598,1,6,-1,-1
2013331302583,2,9,0,18,0,0,0,0,0,0,2,1,6,2,7,1781,1,9,-1,-1
2013331302584,1,9,0,18,0,0,0,0,0,0,1,1,6,2,9,1461,2,9,-1,-1
2013331302584,2,9,0,18,0,0,0,0,0,0,2,1,6,2,8,1198,1,3,-1,-1
2013331302585,1,9,0,18,0,0,0,0,0,0,1,1,6,1,6,-1,-1,-1,-1,-1
2013331302585,2,9,0,18,0,0,0,0,0,0,2,1,6,3,-1,-1,-1,-1,-1,-1
2013331302586,1,19,0,18,0,0,0,0,0,0,1,1,6,1,6,6370,2,10,-1,-1
2013331302586,2,9,0,18,0,0,0,0,0,0,2,1,6,1,7,1995,2,-1,-1,-1
2013331302586,3,9,0,18,0,0,0,0,0,0,2,1,6,1,6,1968,2,7,-1,-1
2013331302586,4,9,0,18,0,0,0,0,0,0,2,1,6,2,9,1999,1,5,-1,-1
2013331302589,1,9,0,18,0,8,0,0,0,0,1,1,6,1,6,2148,2,7,-1,-1
2013331302595,1,9,0,18,0,8,0,0,0,0,1,1,6,2,10,-1,-1,-1,-1,-1
2013331302595,2,9,0,18,0,6,0,0,0,0,1,1,6,3,-1,-1,-1,-1,-1,-1
2013331302600,1,9,0,18,0,1,0,0,0,0,1,1,6,2,5,-1,-1,-1,-1,-1
2013331302600,2,19,0,18,0,1,0,0,0,0,2,1,6,1,6,-1,-1,-1,-1,-1
2013331302602,1,9,0,18,0,0,0,0,0,0,1,1,6,1,4,1199,1,11,-1,-1
2013331302603,1,1,0,18,0,0,0,0,0,0,1,1,6,2,7,-1,-1,-1,-1,-1
2013331302604,1,19,0,18,0,0,0,0,0,0,1,1,6,3,-1,-1,-1,-1,-1,-1
2013331302605,1,9,0,18,0,1,0,0,0,0,1,1,6,2,6,1598,2,1,-1,-1
2013331302605,2,9,0,18,0,1,0,0,0,0,2,1,6,1,6,1596,2,11,-1,-1
2013331302608,1,9,0,18,0,0,0,0,0,0,1,1,6,3,-1,1995,2,1,-1,-1
2013331302608,2,1,0,18,0,0,0,0,0,0,2,1,6,1,8,-1,-1,-1,-1,-1
2013331302609,1,9,0,18,0,1,0,0,0,0,1,1,6,1,5,1389,1,13,-1,-1
2013331302609,2,9,0,18,0,1,0,0,0,0,2,1,6,1,6,1781,1,13,-1,-1
2013331302614,1,1,0,18,0,1,0,0,0,0,1,1,6,1,8,-1,-1,-1,-1,-1
2013331302614,2,9,0,18,0,1,0,0,0,0,2,1,6,3,-1,-1,-1,-1,-1,-1
2013331302615,1,9,0,18,0,1,0,0,0,0,1,1,6,1,4,1124,1,15,-1,-1
2013331302615,2,11,0,18,0,1,0,0,0,0,2,1,6,1,7,7300,2,5,-1,-1
2013331302616,1,9,0,18,0,0,0,0,0,0,1,1,6,2,6,-1,-1,-1,-1,-1
2013331302617,1,9,0,18,0,1,0,0,0,0,1,1,6,2,6,1360,1,10,-1,-1
2013331302617,2,9,0,18,0,1,0,0,0,0,2,1,6,2,7,1399,1,10,-1,-1
2013331302618,1,9,0,18,0,0,0,0,0,0,1,1,6,1,9,1856,2,3,-1,-1
2013331302618,2,1,0,18,0,0,0,0,0,0,2,1,6,1,5,-1,-1,-1,-1,-1
2013331302619,1,9,0,18,0,0,0,0,0,0,1,1,6,1,10,1229,1,6,-1,-1
2013331302619,2,9,0,18,0,0,0,0,0,0,2,1,6,2,9,1598,2,3,-1,-1
2013331302619,3,9,0,18,0,0,0,0,0,0,2,1,6,1,6,1242,1,16,-1,-1
2013331302620,1,9,0,18,0,0,0,0,0,0,1,1,6,1,9,-1,-1,-1,-1,-1
2013331302620,2,9,0,18,0,0,0,0,0,0,2,1,6,2,4,1598,1,12,-1,-1
2013331302621,1,21,1,18,0,0,0,0,0,0,1,1,1,1,8,10308,2,8,-1,-1
2013331302623,1,9,0,18,0,1,0,0,0,0,1,1,6,1,8,1997,2,11,-1,-1
2013331302626,1,9,0,18,0,0,0,0,0,0,1,1,6,1,7,1896,2,10,-1,-1
2013331302626,2,9,0,18,0,0,0,0,0,0,2,1,6,2,7,1461,2,2,-1,-1
2013331302630,1,9,0,18,0,2,0,0,0,0,1,1,1,2,8,1149,1,3,9,1
2013331302631,1,1,0,18,0,1,0,0,0,0,1,1,6,1,-1,-1,-1,-1,-1,-1
2013331302631,2,9,0,18,0,1,0,0,0,0,2,1,6,3,-1,-1,-1,-1,-1,-1
2013331302632,1,9,0,18,0,0,0,0,0,0,1,1,6,2,7,1398,2,3,-1,-1
2013331302634,1,9,0,18,0,0,0,0,0,0,1,1,6,1,5,-1,-1,-1,-1,-1
2013331302634,2,1,0,18,0,0,0,0,0,0,2,1,6,1,-1,-1,-1,-1,-1,-1
2013331302636,1,9,0,18,0,8,0,0,0,0,1,1,6,1,-1,1995,2,6,-1,-1
2013331302636,2,1,0,18,0,8,0,0,0,0,1,1,6,2,6,-1,-1,-1,-1,-1
2013331302637,1,9,0,18,0,1,0,0,0,0,1,1,6,1,8,1781,1,14,-1,-1
2013331302637,2,9,0,18,0,1,0,0,0,0,2,1,6,1,8,1560,2,7,-1,-1
2013331302638,1,9,0,18,0,1,0,0,0,0,1,1,6,2,6,973,1,12,-1,-1
2013331302638,2,9,0,18,0,1,0,0,0,0,2,1,6,3,-1,-1,-1,-1,-1,-1
2013331302640,1,9,0,18,0,0,0,0,0,0,1,1,6,1,6,1997,2,12,-1,-1
2013331302640,2,9,0,18,0,0,0,0,0,0,2,1,6,1,-1,1391,1,17,-1,-1
2013331302645,1,9,0,2,0,8,0,0,0,0,1,1,6,3,-1,1198,1,7,-1,-1
2013331302645,2,5,0,18,0,8,0,0,0,0,2,1,6,1,-1,598,1,17,-1,-1
2013331302646,1,9,0,18,0,8,0,0,0,0,1,1,6,1,5,1388,1,14,-1,-1
2013331302646,2,1,0,18,0,8,0,0,0,0,2,1,6,1,4,-1,-1,-1,-1,-1
2013331302647,1,9,0,18,0,0,0,0,0,0,1,1,6,1,6,1390,1,6,-1,-1
2013331302647,2,9,0,18,0,0,0,0,0,0,2,1,6,1,5,973,1,11,-1,-1
2013331302647,3,1,0,18,0,0,0,0,0,0,1,1,6,1,7,-1,-1,-1,-1,-1
2013331302648,1,9,0,18,0,8,0,0,0,0,1,1,6,2,5,-1,-1,-1,-1,-1
2013331302648,2,9,0,18,0,8,0,0,0,0,2,1,6,1,11,1598,1,6,-1,-1
2013331302649,1,9,0,18,0,0,0,0,0,0,1,1,6,3,-1,-1,-1,-1,-1,-1
2013331302649,2,9,0,18,0,0,0,0,0,0,2,1,6,1,4,1149,1,8,-1,-1
2013331302649,3,9,0,18,0,0,0,0,0,0,2,1,6,2,8,1796,1,10,-1,-1
2013331302650,1,9,0,18,0,0,0,0,0,0,1,1,6,1,10,1461,2,2,-1,-1
2013331302650,2,5,0,18,0,0,0,0,0,0,2,1,6,1,4,599,1,14,-1,-1
2013331302654,1,19,0,18,0,0,0,0,0,0,1,1,6,1,8,6000,2,8,-1,-1
2013331302654,2,9,0,18,0,0,0,0,0,0,2,1,6,2,7,2231,2,6,-1,-1
2013331302655,1,9,0,18,0,2,0,0,0,0,1,1,6,1,9,2987,2,5,-1,-1
2013331302657,1,9,0,18,0,0,0,0,0,0,1,1,6,2,6,1910,2,6,-1,-1
2013331302657,2,1,0,18,0,0,0,0,0,0,2,1,6,1,-1,-1,-1,-1,-1,-1
2013331302660,1,9,0,18,0,8,0,0,0,0,1,1,6,1,7,2494,1,14,-1,-1
2013331302660,2,9,0,18,0,8,0,0,0,0,2,1,6,1,7,1400,2,6,-1,-1
2013331302663,1,9,0,18,0,1,0,0,0,0,1,1,6,2,6,998,1,11,-1,-1
2013331302663,2,9,0,18,0,1,0,0,0,0,2,1,6,1,9,2777,2,5,-1,-1
2013331302664,1,9,0,18,0,0,0,0,0,0,1,1,6,3,-1,1998,2,9,-1,-1
2013331302664,2,1,0,18,0,0,0,0,0,0,2,1,6,1,3,-1,-1,-1,-1,-1
2013331302668,1,9,0,18,0,0,0,0,0,0,1,1,6,1,5,1399,2,10,-1,-1
2013331302668,2,9,0,18,0,0,0,0,0,0,2,1,6,1,9,1797,8,2,-1,-1
2013331302669,1,9,0,18,0,1,0,0,0,0,1,1,6,2,5,1149,1,11,-1,-1
2013331302669,2,9,0,18,0,1,0,0,0,0,2,1,6,1,6,-1,-1,-1,-1,-1
2013331302669,3,9,0,18,0,1,0,0,0,0,2,1,6,1,9,1905,2,15,-1,-1
2013331302671,1,9,0,18,0,0,0,0,0,0,1,1,6,1,5,1560,2,8,-1,-1
2013331302671,2,11,0,18,0,0,0,0,0,0,2,1,1,1,9,8268,2,11,-1,-1
2013331302672,1,9,0,18,0,8,0,0,0,0,1,1,6,2,7,1206,1,5,-1,-1
2013331302672,2,5,0,18,0,8,0,0,0,0,2,1,6,1,7,-1,-1,-1,-1,-1
2013331302675,1,9,0,18,0,0,0,0,0,0,1,1,6,1,-1,1796,1,10,-1,-1
2013331302678,1,11,0,18,0,0,0,0,0,0,1,1,1,1,8,9200,2,11,-1,-1
2013331302679,1,9,0,18,0,1,0,0,0,0,1,1,6,1,7,1998,1,16,-1,-1
2013331302679,2,9,0,18,0,1,0,0,0,0,2,1,6,1,11,1591,1,-1,-1,-1
2013331302680,1,9,0,18,0,0,0,0,0,0,1,1,6,1,5,2198,1,11,-1,-1
2013331302683,1,1,0,18,0,0,0,0,0,0,1,1,6,3,-1,-1,-1,-1,-1,-1
2013331302685,1,9,0,18,0,8,0,0,0,0,1,1,6,2,7,2993,2,3,-1,-1
2013331302687,1,9,0,18,0,1,0,0,0,0,1,1,6,1,10,1896,2,11,-1,-1
2013331302687,2,19,0,2,0,1,0,0,0,0,2,1,6,3,-1,2198,2,7,-1,-1
2013331302688,1,11,0,18,0,0,0,0,0,0,1,1,1,1,9,7300,2,8,-1,-1
2013331302688,2,9,0,18,0,0,0,0,0,0,2,1,6,1,-1,1324,1,15,-1,-1
2013331302690,1,9,0,18,0,1,0,0,0,0,1,1,6,2,7,1598,1,5,-1,-1
2013331302691,1,20,0,18,0,0,0,0,0,0,1,1,6,3,-1,7146,2,2,-1,-1
2013331302692,1,1,0,18,0,8,0,0,0,0,1,1,6,1,4,-1,-1,-1,-1,-1
2013331302692,2,9,0,18,0,8,0,0,0,0,2,1,6,3,-1,-1,-1,-1,-1,-1
2013331302693,1,9,0,18,0,8,0,0,0,0,1,1,6,1,8,2969,2,6,-1,-1
2013331302693,2,9,0,18,0,8,0,0,0,0,2,1,6,2,7,1997,2,6,-1,-1
2013331302693,3,9,0,18,0,8,0,0,0,0,2,1,6,1,9,-1,-1,-1,-1,-1
2013331302693,4,9,0,18,0,8,0,0,0,0,2,1,6,1,9,1995,2,-1,-1,-1
2013331302694,1,9,0,18,0,0,0,0,0,0,1,1,6,1,5,1198,1,11,-1,-1
2013331302694,2,1,0,18,0,0,0,0,0,0,2,1,6,1,3,-1,-1,-1,-1,-1
2013331302696,1,9,0,18,0,1,0,0,0,0,1,1,6,1,5,1364,1,4,-1,-1
2013331302699,1,20,0,18,0,0,0,0,0,0,1,1,6,1,6,12130,2,8,-1,-1
2013331302699,2,20,0,18,0,0,0,0,0,0,2,1,6,2,7,2800,2,14,-1,-1
2013331302700,1,9,0,18,0,0,0,0,0,0,1,1,6,2,7,998,1,13,-1,-1
2013331302700,2,21,1,18,0,0,0,0,0,0,2,1,1,1,8,9200,2,2,-1,-1
2013331302703,1,9,0,18,0,1,0,0,0,0,1,1,6,1,10,1560,2,4,-1,-1
2013331302703,2,1,0,18,0,1,0,0,0,0,2,1,6,1,8,-1,-1,-1,-1,-1
2013331302704,1,9,0,18,0,0,0,0,0,0,1,1,6,1,7,1995,2,7,-1,-1
2013331302704,2,9,0,18,0,0,0,0,0,0,2,1,6,2,6,1229,1,2,-1,-1
2013331302707,1,9,0,18,0,0,0,0,0,0,1,1,6,3,-1,-1,-1,-1,-1,-1
2013331302708,1,9,0,2,0,0,0,0,0,0,1,1,6,3,-1,1896,2,11,-1,-1
2013331302708,2,9,0,18,0,0,0,4,0,0,1,1,6,2,6,-1,-1,-1,-1,-1
2013331302712,1,9,0,18,0,1,0,0,0,0,1,1,6,1,7,-1,-1,-1,-1,-1
2013331302712,2,8,0,18,0,1,0,0,0,0,2,1,6,1,6,1997,2,6,-1,-1
2013331302712,3,11,0,18,0,1,0,0,0,0,2,1,6,1,8,9360,2,1,-1,-1
2013331302715,1,9,0,18,0,0,0,0,0,0,1,1,6,2,5,1299,1,12,-1,-1
2013331302717,1,9,0,18,0,8,0,0,0,0,1,1,6,1,8,1598,1,5,-1,-1
2013331302717,2,9,0,18,0,8,0,0,0,0,2,1,6,1,10,1149,1,7,-1,-1
2013331302718,1,9,0,18,0,0,0,0,0,0,1,1,6,1,-1,1360,1,13,-1,-1
2013331302719,1,9,0,18,0,0,0,0,0,0,1,1,6,1,6,1197,1,3,-1,-1
2013331302720,1,9,0,18,0,0,0,0,0,0,1,1,6,1,8,1598,2,2,-1,-1
2013331302720,2,9,0,18,0,0,0,0,0,0,2,1,6,2,6,1422,2,10,-1,-1
2013331302722,1,9,0,18,0,0,0,0,0,0,1,1,6,3,-1,1398,1,10,-1,-1
2013331302723,1,5,0,18,0,1,0,0,0,0,1,1,6,1,-1,599,1,13,-1,-1
2013331302723,2,9,0,18,0,1,0,0,0,0,2,1,6,1,7,1796,1,11,-1,-1
2013331302728,1,8,0,18,0,8,0,0,0,0,1,1,6,1,6,-1,-1,-1,-1,-1
2013331302728,2,9,0,18,0,8,0,0,0,0,2,1,6,3,-1,-1,-1,-1,-1,-1
2013331302729,1,9,0,18,0,0,0,0,0,0,2,1,6,1,11,1988,1,13,-1,-1
2013331302729,2,20,0,18,0,0,0,0,0,0,2,1,6,1,7,-1,2,10,-1,-1
2013331302730,1,11,0,18,0,0,0,0,0,0,1,1,1,3,-1,-1,-1,-1,-1,-1
2013331302731,1,9,0,18,0,8,0,0,0,0,1,1,6,1,7,1400,1,13,-1,-1
2013331302731,2,20,0,18,0,8,0,0,0,0,2,1,6,1,8,3920,2,7,-1,-1
2013331302731,3,9,0,18,0,8,0,0,0,0,2,1,6,1,6,1397,1,5,-1,-1
2013331302732,1,9,0,18,0,1,0,0,0,0,1,1,6,1,5,1994,2,10,-1,-1
2013331302732,2,9,0,18,0,1,0,0,0,0,2,1,6,1,8,1910,2,5,-1,-1
2013331302734,1,9,0,18,0,1,0,0,0,0,1,1,6,1,5,1905,2,16,8,1
2013331302735,1,9,0,18,0,0,0,0,0,0,1,1,6,3,-1,-1,-1,-1,-1,-1
2013331302738,1,9,0,18,0,0,0,0,0,0,1,1,6,2,6,1968,2,2,-1,-1
2013331302738,2,9,0,18,0,0,0,0,0,0,2,1,6,1,8,-1,-1,-1,-1,-1
201334NC00363,1,9,0,18,0,1,0,0,0,0,1,1,6,2,-1,1753,2,13,-1,-1
201334NC00363,2,9,0,4,0,1,0,0,0,0,2,1,6,1,8,1598,1,3,2,1
201334NC00373,1,9,0,18,0,8,0,0,0,0,1,1,1,1,7,1956,2,2,10,1
201334NC00373,2,1,0,9,0,8,0,0,0,0,1,1,2,2,7,-1,-1,-1,1,1
201334NC00693,1,9,0,9,0,8,0,0,0,0,1,1,6,1,6,1598,1,7,1,1
201334NC00693,2,9,0,18,0,8,0,0,0,0,1,1,6,2,7,1360,1,12,-1,-1
201334NC00723,1,9,0,7,0,8,0,0,0,0,1,1,6,1,-1,-1,-1,-1,-1,-1
201334NC00723,2,9,0,9,0,8,0,0,0,0,2,1,6,1,7,1360,1,9,-1,-1
201334NC01623,1,9,0,4,0,1,1,0,0,0,0,1,6,2,7,1995,2,1,2,1
201334NC01623,2,9,0,4,0,1,0,0,0,0,2,1,6,2,7,1248,2,9,1,1
201334NC01623,3,9,0,4,0,1,0,0,0,0,0,1,6,2,7,2204,2,8,3,1
201334NC01643,1,9,0,18,0,0,0,0,0,0,1,1,2,1,8,-1,-1,-1,2,1
201334NC01643,2,9,0,3,0,0,0,0,0,0,2,1,2,2,6,1364,1,4,-1,-1
201334NC03493,1,9,0,18,0,0,0,0,0,0,1,1,6,2,6,1587,1,13,-1,-1
201334NC03493,2,9,0,18,0,0,0,0,0,0,1,1,6,1,8,1242,1,11,2,1
201334NC04563,1,9,0,5,0,0,0,0,0,0,1,1,1,1,-1,1399,2,5,-1,-1
201334NC04563,2,9,0,3,0,0,0,0,0,0,2,1,6,2,6,-1,-1,-1,1,1
201334NC05463,1,9,0,18,0,0,0,0,0,0,1,1,1,1,7,2401,2,8,-1,-1
201334NC05463,2,9,0,3,0,0,0,0,0,0,2,1,1,1,6,2000,2,8,7,1
201334NC05463,3,9,0,3,0,0,0,0,0,0,2,1,2,2,6,1586,1,4,8,3
201334NC05843,1,9,0,9,0,8,0,0,0,0,1,1,2,1,7,1596,1,14,1,1
201334NC05843,2,1,0,18,0,8,0,0,0,0,1,1,6,1,7,-1,-1,-1,-1,-1
201334NC05863,1,9,0,18,0,0,0,0,0,0,1,1,6,1,7,1332,1,4,4,1
201334NC05863,2,9,0,4,0,0,0,0,0,0,2,1,6,1,7,1598,1,13,1,1
201334NC06503,1,9,0,18,0,0,0,0,0,0,0,1,1,1,7,1997,2,4,3,1
201334NC06873,1,9,0,18,0,0,0,0,0,0,1,1,6,2,7,1461,2,2,9,1
201334NC06873,2,9,0,18,0,0,0,0,0,0,2,1,6,1,9,998,1,17,9,1
201334NC06883,1,9,0,18,0,1,1,0,0,0,1,1,6,1,-1,1984,1,14,-1,-1
201334NC06883,2,9,0,10,0,8,0,0,0,0,2,1,6,2,6,1587,1,10,-1,-1
201334NC07553,1,9,0,18,0,0,0,0,0,0,0,1,6,1,-1,1995,2,4,-1,-1
201334NC07673,1,9,0,7,0,8,0,0,0,0,3,1,6,2,9,1796,1,10,5,1
201334NC07673,2,9,0,18,0,8,0,0,3,10,1,1,6,2,6,2198,1,11,9,1
201334NC08233,1,9,0,18,0,2,0,0,0,0,0,1,6,1,5,998,1,20,-1,-1
201334NC08593,1,9,0,11,0,0,0,0,0,0,4,1,6,1,-1,1390,1,14,1,1
201334NC08593,2,9,0,12,0,0,0,0,0,0,1,1,6,2,6,1968,2,6,9,1
201334NC08733,1,9,0,9,0,8,0,0,0,0,1,1,2,2,6,1598,1,3,9,1
201334NC08733,2,9,0,18,0,8,5,4,0,0,1,1,2,1,7,-1,-1,-1,2,1
201334NC08733,3,9,0,2,0,2,0,0,0,0,1,1,2,1,6,1598,1,10,3,1
201334NC08733,4,9,0,18,0,8,0,0,0,0,1,1,2,2,6,1399,2,5,2,1
201334NC08743,1,9,0,9,0,8,0,0,0,0,1,1,1,1,7,1968,2,1,6,2
201334NC08743,2,9,0,18,0,8,0,0,0,0,1,1,6,2,6,1984,1,10,9,2
201334NC09343,1,9,0,18,0,0,0,0,0,0,1,1,6,2,9,1299,1,17,3,1
201334NC09343,2,1,0,9,0,0,0,0,0,0,1,1,6,1,4,-1,-1,-1,-1,-1
201334NC09553,1,9,0,9,0,3,0,0,7,6,1,1,6,1,7,1397,1,1,6,1
201334NC09563,1,9,0,18,0,0,0,0,0,0,3,1,1,1,5,1364,1,7,3,1
201334NC09563,2,4,0,11,0,0,0,0,0,0,4,1,6,1,6,449,1,5,4,1
201334NC09673,1,9,0,1,0,0,0,0,0,0,0,1,6,1,10,1388,1,7,2,1
201334NC09773,1,9,0,7,0,8,0,0,0,0,1,1,2,1,6,1360,1,9,-1,-1
201334NC09773,2,19,0,18,0,8,0,0,0,0,2,1,2,1,7,-1,-1,-1,-1,-1
201334NC10013,1,9,0,4,0,8,0,0,0,0,2,1,6,2,6,1991,1,9,9,1
201334NC10013,2,9,0,3,0,8,0,0,0,0,2,1,6,1,4,1389,1,16,3,1
201334NC10013,3,9,0,18,0,1,0,0,0,0,1,1,6,2,7,1396,1,10,1,1
201334NC10023,1,9,0,14,0,0,1,0,7,2,1,1,6,1,6,1975,1,11,-1,-1
201334NC11113,1,9,0,18,0,0,0,0,0,0,1,1,6,1,-1,1796,1,13,4,1
201334NC11113,2,9,0,3,0,0,0,0,0,0,0,1,6,2,6,1149,1,11,5,1
201334NC12273,1,9,0,5,0,0,0,0,0,0,0,1,6,1,6,1951,2,9,-1,-1
201334NC12283,1,9,0,18,0,0,0,0,0,0,0,1,6,1,11,2993,2,2,4,1
201334NC12723,1,9,0,18,0,0,0,0,0,0,0,1,6,1,6,1364,1,4,9,1
201334NC14083,1,9,0,18,0,0,0,0,0,0,1,1,2,1,5,1598,1,7,5,1
201334NC14283,1,9,0,18,0,8,0,0,0,0,1,1,6,1,8,1997,1,18,1,1
201334NC14283,2,9,0,9,0,8,0,0,7,0,4,1,6,2,6,-1,-1,-1,-1,-1
201334NC14563,1,9,0,18,0,0,0,0,0,0,3,1,6,2,6,1242,1,11,9,1
201334NC14723,1,9,0,18,0,0,0,0,0,0,3,1,2,2,7,-1,-1,-1,5,1
201334NC15093,1,9,0,18,0,1,0,0,0,0,1,1,6,1,5,973,1,13,-1,-1
201334NC15093,2,9,0,3,0,1,1,0,0,0,2,1,2,2,5,998,1,9,4,1
201334NC15243,1,11,0,18,0,8,0,0,0,0,2,1,1,1,-1,-1,2,21,-1,-1
201334NC15243,2,9,0,3,0,8,0,0,0,0,2,1,2,1,6,-1,-1,-1,-1,-1
201334NC15243,3,9,0,9,0,6,0,0,0,0,0,1,1,1,6,-1,-1,-1,-1,-1
201334NC15473,1,9,0,13,0,0,0,0,0,0,1,1,6,1,7,1997,2,11,-1,-1
201334NC15473,2,1,0,16,0,0,0,0,0,0,3,1,6,2,7,-1,-1,-1,9,1
201334NC15853,1,9,0,18,0,0,0,0,1,2,0,1,6,2,6,1896,2,14,1,1
201334NC17043,1,9,0,18,0,0,0,0,0,0,3,1,2,2,8,-1,-1,-1,2,1
201334NC17043,2,9,0,18,0,0,0,0,0,0,3,1,6,3,-1,-1,-1,-1,-1,-1
201334NC17163,1,9,0,13,0,0,0,0,7,1,0,1,6,1,7,1998,1,14,1,1
201334NC17163,2,20,1,6,0,0,0,0,0,0,0,1,1,1,7,-1,-1,-1,7,3
201334NC17313,1,9,0,13,0,8,0,0,0,0,3,1,6,3,-1,-1,-1,-1,-1,-1
201334NC17313,2,1,0,18,0,8,0,0,0,0,1,1,6,1,6,-1,-1,-1,-1,-1
201334NC17323,1,9,0,18,0,1,0,0,0,0,1,1,6,1,-1,-1,-1,-1,-1,-1
201334NC17323,2,9,0,3,0,1,0,0,0,0,2,1,1,2,7,1246,1,8,8,3
201334NC17343,1,9,0,18,0,0,0,0,0,0,1,1,6,2,6,1242,1,6,-1,-1
201334NC17343,2,9,0,18,0,0,0,0,0,0,2,2,6,1,6,-1,-1,-1,-1,-1
201334NC17623,1,3,0,13,0,8,0,0,0,0,0,1,6,1,4,125,1,-1,9,1
201334NC17623,2,9,0,9,0,8,0,0,0,0,0,1,2,1,9,1995,2,8,1,1
201334NC17813,1,9,0,9,0,0,0,0,0,0,1,1,6,2,-1,-1,-1,-1,-1,-1
201334NC17813,2,1,0,9,0,0,0,0,0,0,2,1,2,1,8,-1,-1,-1,3,1
201334NC17943,1,9,0,7,0,8,0,0,0,0,0,1,6,1,9,-1,-1,-1,4,1
201334NC17943,2,1,0,18,0,8,0,0,0,0,1,1,1,1,9,-1,-1,-1,4,1
201334NC18303,1,1,0,18,0,0,0,0,0,0,3,1,6,1,6,-1,-1,-1,-1,-1
201334NC18303,2,9,0,2,0,0,0,0,0,0,3,1,6,1,6,1242,1,12,1,1
201334NC19683,1,9,0,18,0,0,0,2,0,0,0,1,6,1,5,1598,2,1,2,1
201334NC19913,1,9,0,14,0,0,0,0,0,0,4,1,6,2,-1,1390,1,11,-1,-1
201334NC19913,2,1,0,18,0,0,0,0,0,0,3,1,6,1,4,-1,-1,-1,3,1
201334NC20443,1,4,0,18,0,0,0,0,0,0,3,1,6,3,-1,-1,-1,-1,-1,-1
201334NC20443,2,9,0,9,0,0,0,0,0,0,3,1,6,2,7,1396,1,10,5,1
201334NC21013,1,9,0,6,0,0,0,0,0,0,0,1,6,1,6,998,1,-1,1,1
201334NC21013,2,8,0,18,0,0,0,0,0,0,1,1,6,3,-1,-1,-1,-1,-1,-1
201334NC21103,1,9,0,1,0,8,0,0,0,0,2,1,6,1,11,1242,1,15,6,3
201334NC21103,2,9,0,18,0,8,0,0,0,0,1,1,6,1,10,3997,2,6,5,3