Accident_Index,Vehicle_Reference,Vehicle_Type,Towing_and_Articulation,Vehicle_Manoeuvre,Vehicle_Location-Restricted_Lane,Junction_Location,Skidding_and_Overturning,Hit_Object_in_Carriageway,Vehicle_Leaving_Carriageway,Hit_Object_off_Carriageway,1st_Point_of_Impact,Was_Vehicle_Left_Hand_Drive?,Journey_Purpose_of_Driver,Sex_of_Driver,Age_Band_of_Driver,Engine_Capacity_(CC),Propulsion_Code,Age_of_Vehicle,Driver_IMD_Decile,Driver_Home_Area_Type
201334NC21283,1,9,0,18,0,0,0,0,0,0,0,1,6,2,9,1242,1,11,2,1
201334NC21783,1,9,0,18,0,0,0,0,0,0,1,1,6,1,8,1596,1,11,3,1
201334NC21783,2,1,0,18,0,0,0,0,0,0,0,1,2,1,5,-1,-1,-1,-1,-1
201334NC21823,1,8,0,18,0,8,0,0,0,0,1,1,1,1,7,2499,2,6,2,1
201334NC21823,2,9,0,10,0,8,0,0,0,0,2,1,2,2,8,1242,1,6,-1,-1
201334NC21993,1,9,0,18,0,2,0,0,0,0,1,1,6,2,6,998,1,1,2,1
201334NC22003,1,9,0,18,0,2,0,0,0,0,1,1,6,2,9,1240,1,4,5,1
201334NC22003,2,1,0,18,0,2,0,0,0,0,1,1,6,1,3,-1,-1,-1,-1,-1
201334NC22803,1,9,0,9,0,8,0,0,0,0,1,1,6,1,7,1598,2,1,-1,-1
201334NC22803,2,5,0,18,0,8,0,0,0,0,1,1,6,1,8,1050,1,6,7,3
201334NC22813,1,9,0,18,0,0,0,0,0,0,3,1,6,1,6,2993,2,7,-1,-1
201334NC22843,1,9,0,18,0,0,5,0,0,4,1,1,2,1,8,1870,2,7,7,3
201334NC22853,1,9,0,18,0,1,0,0,0,0,1,1,2,1,6,1896,2,6,10,1
201334NC22853,2,3,0,18,0,1,0,0,0,0,1,1,6,1,11,-1,-1,-1,3,1
201334NC22883,1,19,0,9,0,8,0,0,0,0,1,1,1,2,5,-1,-1,-1,9,1
201334NC22883,2,9,0,18,0,8,0,0,0,0,1,1,6,1,6,1242,1,-1,2,1
201334NC23333,1,3,0,18,0,1,0,0,0,0,2,1,1,1,4,124,1,-1,1,1
201334NC23333,2,9,0,18,0,1,0,0,0,0,3,1,6,3,-1,-1,-1,-1,-1,-1
201334NC23773,1,9,0,18,0,0,0,0,0,0,4,1,3,1,8,1995,2,8,2,1
201334NC23773,2,1,0,9,0,0,0,0,0,0,0,1,6,1,4,-1,-1,-1,2,1
201334NC24843,1,9,0,9,0,8,0,0,0,0,3,1,6,1,-1,1400,2,7,-1,-1
201334NC24843,2,10,0,18,0,8,0,0,0,0,1,1,1,3,-1,-1,-1,-1,-1,-1
201334NC26183,1,9,0,18,0,2,0,0,0,0,1,1,2,1,8,1229,1,8,9,1
201334NC27713,1,9,0,9,0,8,0,0,0,0,4,1,6,1,7,1796,1,13,1,1
201334NC27713,2,9,0,18,0,8,0,0,0,0,1,1,1,2,4,1242,1,-1,5,1
201334NC27733,1,1,0,18,0,0,0,0,0,0,1,1,6,1,7,-1,-1,-1,1,1
201334NC27733,2,9,0,18,0,0,0,0,0,0,3,1,1,1,6,1296,1,7,3,1
201334NC27773,1,1,0,18,0,8,0,0,0,0,3,1,6,2,3,-1,-1,-1,1,1
201334NC27773,2,9,0,4,0,8,0,0,0,0,1,1,6,1,7,1242,1,12,2,1
201334NC28603,1,9,0,18,0,8,0,0,0,0,1,1,6,1,5,1994,1,12,3,1
201334NC28603,2,9,0,18,0,8,0,0,0,0,2,1,6,2,8,1587,1,11,4,1
201334NC28883,1,9,0,1,0,0,0,0,0,0,2,1,6,2,-1,1598,1,7,-1,-1
201334NC28963,1,9,0,18,0,8,0,0,0,0,1,1,2,2,6,1360,1,11,7,2
201334NC29163,1,9,0,18,0,0,0,10,0,2,3,1,1,1,5,1587,1,11,3,1
201334NC29783,1,8,0,3,0,8,0,0,0,0,0,1,1,1,7,2402,2,7,4,1
201334NC30073,1,9,0,8,0,8,0,0,0,0,1,1,6,1,8,1686,2,2,1,1
201334NC31063,1,9,0,9,0,8,0,0,0,0,1,1,4,2,6,1749,1,12,2,1
201334NC31753,1,9,0,18,0,0,0,0,0,0,0,1,6,1,11,1399,2,11,-1,-1
201334NE00323,1,21,0,18,0,0,0,0,0,0,1,1,1,1,7,-1,-1,-1,5,1
201334NE00323,2,9,0,3,0,0,0,0,0,0,2,1,6,1,7,2720,2,6,-1,-1
201334NE00323,3,9,0,3,0,0,0,0,0,0,2,1,6,2,-1,1124,1,9,-1,-1
201334NE00323,4,9,0,3,0,0,0,0,0,0,2,1,6,1,-1,-1,-1,-1,-1,-1
201334NE00323,5,9,0,3,0,0,0,0,0,0,2,1,6,2,-1,1240,1,5,-1,-1
201334NE00833,1,9,0,18,0,0,0,0,2,0,1,1,6,2,5,1198,1,3,5,1
201334NE00833,2,9,0,18,0,0,0,0,0,0,1,1,1,1,9,1598,2,1,9,1
201334NE00853,1,19,0,18,0,1,0,0,0,0,1,1,1,1,-1,1560,2,3,-1,-1
201334NE00853,2,9,0,3,0,1,0,0,0,0,2,1,6,2,4,1598,1,14,4,2
201334NE01393,1,9,0,18,0,8,1,0,0,0,3,1,2,2,6,1598,1,14,-1,-1
201334NE01393,2,20,0,18,0,8,0,0,0,0,1,1,1,1,7,3920,2,8,8,2
201334NE01703,1,9,0,18,0,0,0,0,0,0,4,1,6,1,9,4244,1,11,7,3
201334NE01703,2,1,0,18,0,0,0,0,0,0,0,1,6,1,8,-1,-1,-1,-1,-1
201334NE01733,1,9,0,18,0,0,0,0,0,0,0,1,6,2,6,1242,1,9,7,2
201334NE01733,2,9,0,4,0,0,0,0,0,0,0,1,6,1,9,998,1,10,5,1
201334NE02103,1,9,0,7,0,2,0,0,7,10,1,1,6,3,-1,1910,2,8,-1,-1
201334NE02963,1,9,0,18,0,1,0,0,0,0,1,1,6,2,-1,-1,-1,-1,-1,-1
201334NE02963,2,9,0,3,0,1,0,0,0,0,2,1,6,2,8,1341,1,10,9,2
201334NE02993,1,9,0,16,0,1,1,0,7,7,1,1,6,1,3,1997,1,2,10,2
201334NE03263,1,9,0,18,0,1,0,0,0,0,1,1,6,2,9,1298,1,6,-1,-1
201334NE03703,1,9,0,18,0,1,0,0,0,0,1,1,1,1,6,1686,2,1,6,1
201334NE03923,1,9,0,7,0,8,0,0,0,0,1,1,6,1,7,1988,1,16,4,1
201334NE03923,2,9,0,11,0,8,0,0,0,0,1,1,6,2,6,2295,1,12,5,1
201334NE04893,1,9,0,18,0,8,0,0,0,0,0,1,6,2,8,1995,2,7,-1,-1
201334NE05213,1,9,0,18,0,1,0,0,0,0,1,1,2,1,8,1442,1,30,7,3
201334NE05213,2,9,0,4,0,8,0,0,0,0,2,1,2,2,7,1360,1,5,10,3
201334NE05243,1,9,0,14,0,1,1,0,0,0,1,1,6,2,11,2960,1,21,9,1
201334NE05243,2,9,0,18,0,2,0,0,0,0,1,1,6,2,6,1390,1,13,-1,-1
201334NE05243,3,9,0,14,0,1,0,0,0,0,2,1,6,2,-1,998,1,9,8,2
201334NE05243,4,9,0,2,0,1,0,0,0,0,0,1,6,1,-1,1968,2,8,7,3
201334NE05733,1,1,0,9,0,1,0,0,0,0,1,1,6,1,4,-1,-1,-1,5,1
201334NE05733,2,9,0,7,0,2,0,0,0,0,1,1,6,1,6,1796,1,13,8,1
201334NE05853,1,9,0,9,0,8,0,0,0,0,0,1,2,2,8,1794,1,19,6,2
201334NE06433,1,9,0,18,0,8,0,0,0,0,1,1,6,2,10,1999,1,4,10,2
201334NE06433,2,1,0,18,0,8,0,0,0,0,4,1,6,2,9,-1,-1,-1,-1,-1
201334NE06823,1,9,0,18,0,3,0,0,3,10,1,1,6,1,7,1796,1,7,8,3
201334NE06823,2,9,0,4,0,1,0,0,0,0,1,1,6,1,8,1498,1,4,-1,-1
201334NE07583,1,21,1,18,0,1,1,0,0,0,1,1,1,1,7,12902,2,-1,-1,-1
201334NE07583,2,19,0,4,0,1,0,0,0,0,1,1,1,1,8,2800,2,14,7,3
201334NE07583,3,9,0,4,0,1,0,0,0,0,2,1,6,1,4,1360,1,11,8,3
201334NE07583,4,9,0,9,0,8,0,0,0,0,2,1,6,1,6,1799,1,6,9,2
201334NE07683,1,9,0,18,0,8,0,0,0,0,1,1,6,2,-1,-1,-1,-1,-1,-1
201334NE07683,2,1,0,17,0,8,0,0,0,0,1,1,6,1,7,-1,-1,-1,-1,-1
201334NE07693,1,9,0,16,0,0,1,0,0,0,1,1,1,1,7,1590,1,17,10,2
201334NE07693,2,9,0,18,0,0,0,0,0,0,1,1,6,2,8,1124,1,11,-1,-1
201334NE08343,1,9,0,18,0,0,0,0,0,0,1,1,6,1,11,-1,-1,-1,6,1
201334NE08343,2,9,0,4,0,0,0,0,0,0,2,1,6,2,7,1339,1,7,9,2
201334NE08343,3,9,0,4,0,0,0,0,0,0,2,1,6,1,6,1968,2,2,-1,-1
201334NE08833,1,9,0,18,0,2,0,0,0,0,0,1,4,2,6,1598,1,10,3,1
201334NE08863,1,9,0,9,0,8,0,0,0,0,1,1,6,2,8,1299,1,5,-1,-1
201334NE08863,2,9,0,18,0,8,0,0,0,0,4,1,2,2,6,1995,2,1,4,1
201334NE09533,1,9,0,18,0,0,0,0,1,0,1,1,6,2,9,-1,-1,-1,8,3
201334NE09533,2,19,4,18,0,0,0,0,7,0,1,1,1,1,9,-1,-1,-1,7,2
201334NE09543,1,90,0,18,0,0,0,0,0,0,4,1,6,1,5,-1,-1,-1,10,1
201334NE09543,2,21,0,18,0,0,0,0,0,0,3,2,1,1,7,-1,-1,-1,-1,-1
201334NE09973,1,5,0,18,0,0,2,0,0,0,1,1,6,1,11,535,1,17,9,2
201334NE09973,2,9,0,7,0,0,0,0,0,0,2,1,6,1,6,2902,2,5,3,1
201334NE10043,1,9,0,18,0,0,0,10,0,0,2,1,1,1,8,2671,1,12,7,3
201334NE10043,2,1,0,18,0,0,0,0,0,9,1,1,1,1,8,-1,-1,-1,-1,-1
201334NE10193,1,9,0,9,0,8,0,0,0,0,1,1,1,1,7,2926,2,10,10,2
201334NE10193,2,9,0,18,0,8,0,0,0,0,1,1,1,1,11,2400,2,3,6,3
201334NE10313,1,11,0,16,0,2,0,0,0,0,0,1,1,1,-1,-1,-1,-1,-1,-1
201334NE10313,2,9,0,17,0,1,0,0,1,9,0,1,6,2,6,998,1,4,6,2
201334NE10323,1,19,0,9,0,8,0,0,0,0,1,1,1,1,7,1896,2,9,5,1
201334NE10323,2,9,0,18,0,8,0,0,7,0,4,1,2,2,6,1590,1,14,8,1
201334NE10433,1,9,0,16,0,0,0,0,0,0,1,1,6,1,6,998,1,10,-1,-1
201334NE10433,2,19,0,18,0,0,0,0,1,9,0,1,2,1,8,-1,-1,-1,9,2
201334NE10703,1,9,0,16,0,0,0,0,2,9,0,1,6,1,9,1994,2,9,7,3
201334NE10703,2,9,0,17,0,0,0,0,0,0,0,1,2,1,7,-1,-1,-1,6,2
201334NE10733,1,19,0,18,0,0,0,4,0,0,1,1,2,1,9,2198,2,2,5,1
201334NE10733,2,9,0,2,0,0,0,0,0,10,1,1,6,2,7,1910,2,6,5,1
201334NE10733,3,9,0,2,0,0,0,0,0,0,2,1,6,2,-1,1781,1,8,5,1
201334NE10743,1,9,0,18,0,1,0,0,0,0,1,1,6,1,-1,3600,1,12,-1,-1
201334NE10743,2,9,0,18,0,1,0,0,1,10,2,1,6,2,6,1364,1,3,-1,-1
201334NE10803,1,9,0,18,0,8,1,0,3,1,0,1,6,2,6,1360,1,12,7,1
201334NE11323,1,9,0,18,0,0,0,0,0,0,1,1,6,1,4,1389,1,16,9,2
201334NE11323,2,9,0,2,0,0,0,0,1,0,2,1,6,1,9,-1,-1,-1,10,2
201334NE11463,1,9,0,9,0,8,0,0,0,0,1,1,6,1,11,-1,-1,-1,3,1
201334NE11793,1,9,0,18,0,8,0,0,0,0,1,1,1,1,8,1956,2,3,8,1
201334NE11793,2,9,0,17,0,8,0,0,0,0,1,1,6,1,7,-1,-1,-1,2,1
201334NE11963,1,21,0,7,0,8,0,0,0,0,2,1,1,1,8,11967,2,2,9,2
201334NE11963,2,21,0,18,0,8,0,0,0,0,1,1,1,1,7,12580,2,9,9,2
201334NE11963,3,21,0,18,0,8,0,0,0,0,2,2,1,1,8,-1,-1,-1,-1,-1
201334NE11963,4,21,0,18,0,8,0,0,0,0,2,2,1,1,8,8970,2,9,7,1
201334NE11973,1,9,0,5,0,8,0,0,0,0,3,1,6,2,7,1896,2,13,6,2
201334NE11973,2,9,0,18,0,8,2,0,2,0,1,1,1,2,4,1149,1,11,7,2
201334NE12573,1,9,0,18,0,1,0,0,0,0,0,1,6,1,10,-1,-1,-1,-1,-1
201334NE13033,1,9,0,6,0,8,0,0,0,0,3,1,6,2,4,1598,1,11,10,2
201334NE13033,2,9,0,18,0,8,0,0,0,0,1,1,6,1,9,1905,1,23,10,2
201334NE13053,1,9,0,9,0,8,0,0,0,0,1,1,2,2,4,1299,1,9,7,3
201334NE13053,2,21,0,18,0,8,0,0,0,0,1,1,3,1,8,-1,-1,-1,9,1
201334NE13253,1,21,0,7,0,3,0,0,0,0,1,1,1,1,9,12580,2,8,2,1
201334NE13483,1,20,0,13,0,0,1,0,7,9,1,1,1,1,8,2999,2,6,4,2
201334NE13483,2,9,0,18,0,0,0,0,1,9,1,1,1,1,8,1598,2,2,10,2
201334NE13753,1,9,0,18,0,8,0,0,0,0,4,1,6,3,-1,-1,-1,-1,-1,-1
201334NE13823,1,9,0,18,0,0,0,0,0,0,0,1,6,1,5,1997,2,3,-1,-1
201334NE14063,1,19,0,9,0,8,0,0,0,0,1,1,6,1,-1,-1,-1,-1,-1,-1
201334NE14063,2,9,0,18,0,8,0,0,0,0,2,1,6,1,7,2400,2,1,8,3
201334NE14213,1,1,0,18,0,1,0,0,0,0,1,1,6,1,4,-1,-1,-1,10,2
201334NE14213,2,9,0,18,0,1,0,0,0,0,1,1,6,3,-1,-1,-1,-1,-1,-1
201334NE14323,1,9,0,1,0,6,0,0,0,10,2,1,6,1,11,1999,1,11,-1,-1
201334NE14423,1,3,0,18,0,2,0,0,0,0,3,1,6,1,4,-1,-1,-1,8,1
201334NE14423,2,19,0,18,0,1,0,0,0,0,3,1,6,1,8,1560,2,1,7,1
201334NE14453,1,9,0,18,0,0,0,0,0,0,1,1,1,2,5,1299,1,11,6,2
201334NE14453,2,9,0,4,0,0,0,0,0,0,2,1,6,2,8,2979,1,13,9,3
201334NE14893,1,9,0,18,0,0,5,0,7,0,1,1,6,2,8,1598,1,9,7,2
201334NE15563,1,9,0,9,0,8,0,0,0,0,1,1,6,2,6,1242,1,11,3,1
201334NE15563,2,3,0,18,0,8,0,0,0,0,3,1,6,1,7,125,1,7,5,1
201334NE15563,3,9,0,18,0,2,0,0,0,0,0,1,6,3,-1,-1,-1,-1,-1,-1
201334NE15803,1,5,0,18,0,8,0,0,0,0,1,1,6,1,5,600,1,9,10,1
201334NE15803,2,9,0,18,0,8,0,0,0,0,1,1,6,1,-1,1339,1,10,3,1
201334NE15823,1,9,0,5,0,8,0,0,0,0,1,1,2,2,6,1299,1,11,9,1
201334NE15823,2,9,0,5,0,8,0,0,0,0,2,1,2,2,6,1580,1,20,7,3
201334NE15893,1,9,0,18,0,1,0,0,0,0,0,1,6,2,6,1388,1,9,2,1
201334NE15983,1,1,0,18,0,8,0,0,0,0,1,1,6,1,4,-1,-1,-1,-1,-1
201334NE15983,2,9,0,18,0,8,0,0,0,0,4,1,6,1,5,1242,1,14,5,1
201334NE17083,1,9,0,9,0,8,0,0,0,0,1,1,2,1,5,973,1,14,9,1
201334NE17083,2,1,0,18,0,8,0,0,0,0,3,1,6,2,9,-1,-1,-1,4,1
201334NE17913,1,9,0,18,0,0,0,0,0,0,0,1,6,3,-1,-1,-1,-1,-1,-1
201334NE17983,1,9,0,18,0,0,0,0,0,0,2,1,2,2,8,1596,1,9,10,1
201334NE18453,1,9,0,9,0,8,0,0,0,0,1,1,6,2,6,1988,1,15,6,2
201334NE18453,2,3,0,18,0,8,0,0,0,0,1,1,2,2,5,124,1,11,5,1
201334NE18463,1,9,0,18,0,1,0,0,0,0,1,1,1,1,6,-1,-1,-1,4,1
201334NE18463,2,9,0,18,0,1,0,0,0,0,1,1,6,1,7,1299,1,12,-1,-1
201334NE18463,3,9,0,18,0,1,0,0,0,0,2,1,6,3,-1,-1,-1,-1,-1,-1
201334NE18563,1,5,0,18,0,4,0,0,0,0,0,1,6,1,6,599,1,3,3,1
201334NE18833,1,9,0,18,0,0,0,0,0,0,1,1,1,2,-1,1242,1,-1,-1,-1
201334NE18833,2,9,0,2,0,0,0,0,0,0,2,1,1,2,5,1389,1,15,2,1
201334NE19313,1,8,0,18,0,0,0,0,0,0,0,1,6,1,10,1984,1,2,5,2
201334NE19703,1,9,0,18,0,0,0,0,0,0,1,1,2,1,6,1686,2,11,5,1
201334NE19703,2,9,0,3,0,0,0,0,0,0,2,1,1,1,7,1685,2,-1,8,1
201334NE20153,1,17,0,18,0,8,0,0,0,0,1,1,1,1,4,-1,2,16,7,1
201334NE20153,2,9,0,18,0,8,0,0,0,0,1,1,2,2,9,1968,2,5,7,3
201334NE20463,1,9,0,18,0,0,0,0,0,0,1,1,6,3,-1,-1,-1,-1,-1,-1
201334NE20463,2,9,0,18,0,0,0,0,0,0,2,1,6,2,7,1149,1,3,10,1
201334NE20663,1,9,0,18,0,1,0,0,0,0,1,1,6,1,6,1796,1,17,-1,-1
201334NE20663,2,9,0,18,0,1,0,0,0,0,1,1,6,1,7,1995,2,8,4,1
201334NE20853,1,9,0,1,8,0,0,0,0,0,0,1,6,3,-1,-1,-1,-1,-1,-1
201334NE20863,1,9,0,18,0,1,0,0,0,0,1,1,3,2,6,1596,1,9,7,3
201334NE20863,2,9,0,18,0,1,0,0,0,0,1,1,1,1,8,2967,2,6,7,3
201334NE21253,1,9,0,18,0,0,0,0,0,0,1,1,6,1,4,1299,1,15,10,2
201334NE21253,2,9,0,3,0,0,0,0,0,0,2,1,6,1,6,-1,-1,-1,7,3
201334NE21593,1,9,0,18,0,0,0,0,0,0,1,1,6,1,4,1997,2,12,-1,-1
201334NE21593,2,9,0,18,0,0,0,0,0,0,0,1,1,1,6,1686,2,1,-1,-1
201334NE21593,3,9,0,18,0,0,0,0,0,0,0,1,1,1,7,1753,2,2,-1,-1
201334NE21603,1,9,0,18,0,1,0,0,0,0,0,1,6,2,5,1242,1,9,-1,-1
201334NE21803,1,9,0,18,0,0,0,0,0,0,1,1,6,2,5,998,1,11,4,1
201334NE21803,2,20,0,18,0,0,0,0,0,0,1,1,1,1,8,9200,2,5,4,1
201334NE21833,1,9,0,18,0,8,0,0,0,0,1,1,6,1,8,1560,2,-1,3,1
201334NE21833,2,5,0,18,0,8,0,0,0,0,1,1,6,1,6,885,1,19,8,3
201334NE21903,1,9,0,13,0,0,0,0,0,0,1,1,6,3,-1,-1,-1,-1,-1,-1
201334NE21903,2,1,0,18,0,0,0,0,0,0,1,1,2,1,9,-1,-1,-1,1,1
201334NE21903,3,9,0,18,0,0,0,0,0,0,0,1,6,1,6,2982,2,2,9,3
201334NE22603,1,9,0,9,0,8,0,0,0,0,0,1,6,1,7,1364,1,4,9,2
201334NE22603,2,1,0,18,0,8,0,0,0,0,0,1,6,1,6,-1,-1,-1,-1,-1
201334NE22783,1,9,0,18,0,0,5,0,0,0,1,1,6,2,7,1242,1,3,5,1
201334NE22783,2,9,0,2,0,0,0,0,0,0,1,1,6,3,-1,2979,1,10,-1,-1
201334NE22823,1,9,0,16,0,8,1,0,0,0,1,1,6,1,8,3442,1,-1,6,3
201334NE22823,2,5,0,17,0,8,0,0,0,0,2,1,6,1,9,582,1,9,10,1
201334NE22823,3,5,0,17,0,8,0,0,0,0,3,1,6,1,10,998,1,7,-1,-1
201334NE22823,4,5,0,17,0,8,0,0,0,0,1,1,1,1,8,582,1,4,9,1
201334NE23883,1,9,0,18,0,0,1,10,1,1,1,1,6,1,7,2494,1,11,10,1
201334NE24103,1,9,0,18,0,8,0,0,0,0,1,1,6,3,-1,-1,-1,-1,-1,-1
201334NE24103,2,9,0,9,0,8,0,0,0,0,1,1,6,1,6,-1,-1,-1,3,3
201334NE24363,1,9,0,13,0,0,0,0,0,0,0,1,6,3,-1,-1,-1,-1,-1,-1
201334NE24363,2,1,0,18,0,0,0,0,0,0,0,1,2,2,6,-1,-1,-1,3,1
201334NE24593,1,9,0,18,0,0,5,0,0,0,1,1,6,1,4,1199,1,9,-1,-1
201334NE24633,1,9,0,18,0,2,0,0,0,0,0,1,6,3,-1,-1,-1,-1,-1,-1
201334NE25133,1,9,0,9,0,8,0,0,0,0,1,1,6,1,7,1598,2,-1,6,1
201334NE25133,2,5,0,17,0,8,0,0,0,0,1,1,6,1,9,600,1,15,7,3
201334NE25153,1,9,0,18,0,8,0,0,0,0,1,1,6,2,8,996,1,1,-1,-1
201334NE25153,2,9,0,18,0,8,0,0,0,0,1,1,2,1,6,1596,1,13,-1,-1
201334NE25173,1,9,0,13,0,0,0,0,0,0,1,1,1,2,7,1598,1,2,3,1
201334NE25173,2,9,0,18,0,0,0,0,0,0,1,1,6,2,5,1242,1,12,9,3
201334NE25703,1,9,0,7,0,0,0,0,0,0,1,1,1,1,4,1391,1,11,9,2
201334NE25703,2,9,0,3,0,0,0,0,0,0,0,1,1,1,7,1968,2,8,8,1
201334NE25753,1,9,0,18,0,0,0,0,0,0,2,1,1,2,8,-1,-1,-1,4,2
201334NE25753,2,9,0,18,0,0,0,0,0,0,1,1,6,2,8,1997,2,8,8,1
201334NE25763,1,9,0,18,0,1,0,0,0,0,1,1,6,2,-1,998,1,10,-1,-1
201334NE25763,2,9,0,3,0,1,0,0,0,0,2,1,6,1,-1,1910,2,6,10,1
201334NE26163,1,9,0,10,0,8,0,0,0,0,1,1,6,2,10,1242,1,5,4,3
201334NE26163,2,1,0,18,0,8,0,0,0,0,1,1,6,1,6,-1,-1,-1,-1,-1
201334NE26203,1,9,0,18,0,8,0,0,0,0,1,1,6,1,6,1598,1,6,7,2
201334NE26203,2,1,0,17,0,8,0,0,0,0,2,1,6,1,6,-1,-1,-1,-1,-1
201334NE26413,1,9,0,18,0,0,0,0,0,0,1,1,6,1,8,2987,2,2,7,3
201334NE26413,2,9,0,18,0,0,0,0,0,0,1,1,2,2,7,1910,2,4,7,3
201334NE26413,3,9,0,2,0,0,0,0,0,0,1,1,6,3,-1,1390,1,15,-1,-1
201334NE26413,4,9,0,2,0,0,0,0,0,0,1,1,6,3,-1,1896,2,6,-1,-1
201334NE26633,1,9,0,14,0,0,0,0,0,0,1,1,6,2,8,1397,1,10,8,3
201334NE26633,2,9,0,18,0,0,0,0,0,0,1,1,6,1,11,1997,1,14,7,3
201334NE26633,3,9,0,2,0,0,0,0,0,0,0,1,6,2,4,1229,1,2,7,3
201334NE26633,4,9,0,2,0,0,0,0,0,0,0,1,6,1,5,2495,2,15,7,3
201334NE26813,1,9,0,13,0,0,0,0,0,0,1,1,6,1,-1,1242,1,12,-1,-1
201334NE26813,2,9,0,18,0,0,1,0,0,0,1,1,1,1,7,1497,1,11,5,3
201334NE26853,1,9,0,18,0,0,0,0,0,2,2,1,6,1,4,-1,-1,-1,4,1
201334NE26853,2,9,0,18,0,0,0,0,0,0,0,1,1,1,7,1686,2,1,-1,-1
201334NE26963,1,9,0,18,0,8,0,0,0,0,2,1,6,1,6,1798,6,14,1,1
201334NE26963,2,9,0,18,0,8,0,0,0,0,1,1,6,2,6,1896,2,11,7,3
201334NE27103,1,9,0,17,0,0,1,0,1,0,1,1,6,2,8,1997,2,10,8,3
201334NE28083,1,9,0,16,0,0,0,0,0,0,1,1,3,2,6,1988,2,8,-1,-1
201334NE28083,2,9,0,3,0,0,0,0,0,0,2,1,6,2,6,1598,1,6,3,1
201334NE28833,1,9,0,18,0,0,0,0,0,0,1,1,1,2,4,1299,1,14,7,2
201334NE28833,2,9,0,18,0,0,0,0,0,0,1,1,1,1,8,2982,2,4,7,3
201334NE29343,1,9,0,9,0,8,0,0,0,0,0,1,1,1,5,-1,-1,-1,-1,-1
201334NE29393,1,9,0,9,0,8,0,0,0,0,1,1,1,1,5,-1,-1,-1,4,1
201334NE29543,1,9,0,15,0,8,0,0,0,0,4,1,6,3,-1,-1,-1,-1,-1,-1
201334NE29543,2,1,0,17,0,8,0,0,0,0,1,1,2,1,5,-1,-1,-1,9,1
201334NE30713,1,9,0,18,0,0,0,0,0,0,1,1,6,2,10,-1,-1,-1,7,3
201334NE30713,2,9,0,18,0,0,0,0,0,0,0,1,6,2,6,-1,-1,-1,8,3
201334NE31073,1,9,0,18,0,0,0,7,1,0,1,1,6,1,6,1242,1,13,8,2
201334NE31073,2,9,0,18,0,0,0,0,0,0,1,1,6,2,6,1598,1,5,2,1
201334NE31073,3,9,0,18,0,0,0,0,0,0,1,1,6,1,9,2179,2,3,4,1
201334NE31213,1,9,0,9,0,8,1,0,0,0,1,1,2,1,5,1248,2,1,5,1
201334NE31213,2,9,0,18,0,8,0,0,0,0,1,1,6,1,4,1198,1,3,4,1
201334NE31273,1,9,0,18,0,8,0,0,0,0,1,1,2,2,9,1587,1,6,10,1
201334NE31273,2,9,0,18,0,8,0,0,0,0,2,1,6,2,7,2656,1,10,7,2
201334NE31293,1,9,0,17,0,0,2,0,0,0,1,1,6,1,11,1199,1,9,6,2
201334NE31643,1,9,0,18,0,0,0,0,0,0,1,1,6,2,11,1461,2,9,3,1
201334NE31643,2,9,0,18,0,0,0,0,0,0,1,1,6,1,10,1242,1,3,10,3
201334NE31723,1,9,0,1,0,0,0,0,0,0,0,1,6,1,6,1999,1,15,5,1
201334NK00093,1,9,0,9,0,8,0,0,0,0,0,1,6,3,-1,-1,-1,-1,-1,-1
201334NK00093,2,11,0,18,0,8,0,0,0,0,0,1,1,1,7,9000,2,2,4,1
201334NK00303,1,9,0,9,0,8,0,0,0,0,1,1,6,1,-1,2688,2,12,-1,-1
201334NK00303,2,19,0,18,0,8,0,0,0,0,3,1,6,1,8,-1,-1,-1,3,1
201334NK00443,1,9,0,18,0,0,0,0,0,0,3,1,1,2,6,1560,2,6,8,1
201334NK00633,1,3,0,18,0,0,0,0,0,0,1,1,6,1,6,-1,-1,-1,-1,-1
201334NK01013,1,9,0,18,0,1,0,0,0,0,1,1,6,1,-1,1560,2,1,-1,-1
201334NK01013,2,9,0,3,0,1,0,0,0,0,2,1,6,1,5,-1,-1,-1,3,1
201334NK01363,1,9,0,18,0,1,0,0,0,0,1,1,6,3,-1,-1,-1,-1,-1,-1
201334NK01363,2,9,0,3,0,1,0,0,0,0,2,1,2,2,5,1399,2,8,8,1
201334NK01653,1,9,0,5,0,0,0,0,0,0,3,1,6,1,6,1794,1,15,-1,-1
201334NK01653,2,9,0,18,0,0,0,0,0,0,1,1,6,1,6,1910,2,6,-1,-1
201334NK01713,1,9,0,17,0,0,0,0,0,0,3,1,6,1,7,1560,2,2,9,3
201334NK01833,1,9,0,13,0,0,1,0,7,1,1,1,2,1,5,-1,-1,-1,7,2
201334NK01993,1,9,0,18,0,8,0,0,3,10,0,1,6,1,6,-1,-1,-1,2,1
201334NK02003,1,3,0,18,0,8,0,0,0,0,1,1,2,1,5,124,1,1,1,1
201334NK02003,2,9,0,17,0,8,0,0,0,0,1,1,6,2,7,-1,-1,-1,-1,-1
201334NK02113,1,9,0,18,0,1,0,0,0,0,4,1,6,1,10,1796,1,8,9,2
201334NK02163,1,9,0,18,0,7,0,0,0,0,1,1,2,1,5,1399,2,10,-1,-1
201334NK02163,2,9,0,3,0,7,0,0,0,0,2,1,4,2,5,998,1,1,-1,-1
201334NK02463,1,9,0,18,0,0,0,0,0,0,1,1,6,1,-1,2497,2,12,-1,-1
201334NK02463,2,9,0,3,0,0,0,0,0,0,2,1,6,2,7,1596,1,11,6,2
201334NK02463,3,9,0,3,0,0,0,0,0,0,2,1,6,1,-1,1995,1,11,-1,-1
201334NK02553,1,9,0,18,0,1,0,0,0,0,1,1,2,2,6,1299,1,13,-1,-1