Accident_Index,Vehicle_Reference,Vehicle_Type,Towing_and_Articulation,Vehicle_Manoeuvre,Vehicle_Location-Restricted_Lane,Junction_Location,Skidding_and_Overturning,Hit_Object_in_Carriageway,Vehicle_Leaving_Carriageway,Hit_Object_off_Carriageway,1st_Point_of_Impact,Was_Vehicle_Left_Hand_Drive?,Journey_Purpose_of_Driver,Sex_of_Driver,Age_Band_of_Driver,Engine_Capacity_(CC),Propulsion_Code,Age_of_Vehicle,Driver_IMD_Decile,Driver_Home_Area_Type
201334WN08223,1,9,0,9,0,8,0,0,0,0,1,1,6,1,8,1753,2,12,1,1
201334WN08223,2,19,0,18,0,8,0,0,0,0,1,1,1,1,6,2496,2,15,2,1
201334WN08373,1,9,0,18,0,8,0,0,0,0,1,1,2,1,10,1685,2,1,9,1
201334WN08373,2,1,0,18,0,8,0,0,0,0,1,1,1,1,8,-1,-1,-1,-1,-1
201334WN08523,1,9,0,9,0,8,0,0,0,0,3,1,2,1,6,1242,1,8,5,1
201334WN08523,2,9,0,13,0,8,0,0,0,0,4,1,2,1,8,1581,1,13,5,1
201334WN08603,1,9,0,18,0,2,0,0,0,0,1,1,2,1,5,1386,1,9,3,1
201334WN08613,1,9,0,18,0,8,0,0,0,0,1,1,2,1,7,1596,1,3,8,1
201334WN08613,2,1,0,18,0,8,0,0,0,0,1,1,6,1,7,-1,-1,-1,6,1
201334WN08623,1,9,0,18,0,8,0,0,0,0,0,1,6,2,-1,1390,1,-1,-1,-1
201334WN08623,2,5,0,18,0,8,0,0,0,0,0,1,6,1,9,955,1,14,6,3
201334WN08763,1,11,0,18,0,1,0,0,0,0,1,1,1,1,-1,9600,2,18,7,1
201334WN08763,2,9,0,3,0,1,0,0,0,0,2,1,6,1,4,1400,1,8,2,1
201334WN08763,3,9,0,3,0,1,0,0,0,0,2,1,6,1,4,1242,1,1,1,1
201334WN08763,4,9,0,9,0,2,0,0,0,0,0,1,1,1,6,1753,2,2,-1,-1
201334WN08913,1,9,0,18,0,2,0,0,0,0,4,1,6,3,-1,-1,-1,-1,-1,-1
201334WN08933,1,9,0,4,0,2,0,0,0,0,2,1,6,1,6,1998,2,11,-1,-1
201334WN08933,2,9,0,18,0,2,0,0,0,0,1,1,1,1,6,1596,1,6,10,1
201334WN08933,3,9,0,18,0,2,0,0,0,0,1,1,6,1,9,1598,1,9,7,2
201334WN09013,1,3,0,18,0,8,0,0,0,0,1,1,6,1,4,124,1,10,3,1
201334WN09013,2,9,0,18,0,8,0,0,0,0,1,1,2,2,7,998,1,6,7,1
201334WN09073,1,9,0,18,0,0,0,0,0,0,1,1,6,2,6,1679,1,13,9,1
201334WN09073,2,9,0,3,0,0,0,0,0,0,2,1,6,2,9,-1,-1,-1,10,1
201334WN09073,3,9,0,3,0,0,0,0,0,0,2,1,6,2,9,1497,1,8,9,1
201334WN09383,1,9,0,18,0,0,0,0,0,0,0,1,6,2,7,2499,2,11,9,3
201334WN09403,1,9,0,9,0,8,0,0,0,0,1,1,6,1,10,-1,-1,-1,5,3
201334WN09403,2,9,0,18,0,8,0,0,0,0,1,1,6,1,10,1598,2,1,5,3
201334WN09573,1,8,0,12,0,0,0,0,0,0,3,1,1,1,7,2664,2,15,7,1
201334WN09573,2,3,0,18,0,0,0,0,0,0,1,1,6,1,4,124,1,2,8,1
201334WN09583,1,9,0,9,0,8,0,0,0,0,1,1,6,1,4,1196,1,17,1,1
201334WN09583,2,9,0,18,0,8,0,0,0,0,1,1,1,1,4,1149,1,2,2,1
201334WN09783,1,9,0,18,0,2,0,0,0,0,1,1,6,1,6,1956,2,-1,4,1
201334WN09783,2,9,0,18,0,2,0,0,0,0,0,1,1,1,6,-1,-1,-1,-1,-1
201334WN09783,3,9,0,2,0,2,0,0,0,0,2,1,6,3,-1,1248,2,4,-1,-1
201334WN09783,4,9,0,2,0,2,0,0,0,0,2,1,6,3,-1,1598,1,7,-1,-1
201334WN09903,1,9,0,12,0,8,0,0,0,0,0,1,6,3,-1,-1,-1,-1,-1,-1
201334WN09903,2,5,0,7,0,8,0,0,0,0,0,1,6,1,7,599,1,24,4,1
201334WN09963,1,8,0,18,0,8,0,0,0,0,3,1,1,1,7,1896,2,4,2,1
201334WN09963,2,9,0,18,0,8,0,0,0,0,1,1,6,2,6,1199,1,12,3,1
201334WN10273,1,9,0,1,0,0,0,0,0,0,2,1,6,1,7,3997,2,5,9,1
201334WN10273,2,1,0,2,0,0,0,0,0,0,1,1,2,1,8,-1,-1,-1,1,1
201334WN10463,1,9,0,4,0,0,0,0,0,0,0,1,6,1,-1,-1,-1,-1,-1,-1
201334WN10503,1,9,0,18,0,1,0,0,0,0,0,1,6,2,8,1839,1,10,3,1
201334WN10603,1,9,0,18,0,0,0,0,1,2,0,1,6,2,6,1461,2,1,7,1
201334WN10933,1,1,0,18,0,8,0,0,0,0,1,1,6,1,5,-1,-1,-1,-1,-1
201334WN10933,2,9,0,7,0,8,0,0,0,0,1,1,6,1,8,1968,2,3,7,1
201334WN11033,1,9,0,11,0,2,0,0,0,0,4,1,6,1,7,1762,1,13,-1,-1
201334WN11033,2,9,0,7,0,2,0,0,0,0,1,1,6,1,6,1594,1,22,7,1
201334WN11103,1,9,0,4,0,0,0,0,0,0,4,1,6,3,-1,-1,-1,-1,-1,-1
201334WN11103,2,1,0,2,0,0,0,0,0,0,3,1,6,1,5,-1,-1,-1,3,2
201334WN11153,1,9,0,18,0,0,0,0,0,0,1,1,6,2,11,1390,1,13,9,3
201334WN11293,1,9,0,18,0,0,0,0,0,0,1,1,1,2,-1,1149,1,5,-1,-1
201334WN11293,2,1,0,17,0,0,0,0,0,0,1,1,6,1,6,-1,-1,-1,3,1
201334WN11303,1,9,0,1,0,0,0,0,0,0,0,1,6,1,7,1997,2,8,2,1
201334WN11403,1,9,0,5,0,0,0,0,0,0,3,1,6,1,10,1598,1,16,8,3
201334WN11403,2,1,0,18,0,0,0,0,0,0,1,1,6,1,4,-1,-1,-1,3,1
201334WN11433,1,9,0,3,0,8,0,0,0,0,1,1,6,3,-1,-1,-1,-1,-1,-1
201334WN11433,2,1,0,18,0,8,0,0,0,0,1,1,6,1,7,-1,-1,-1,6,1
201334WN11543,1,9,0,18,0,4,0,0,0,0,1,1,6,1,8,1762,1,15,7,1
201334WN11543,2,9,0,3,0,4,0,0,0,0,2,1,2,2,7,-1,-1,-1,2,1
201334WN11613,1,9,0,18,0,0,1,0,1,10,0,1,6,1,4,1149,1,10,9,2
201334WN11623,1,9,0,17,0,8,0,0,0,0,3,1,1,1,9,1596,1,10,6,2
201334WN11623,2,4,0,17,0,8,0,0,0,0,4,1,1,1,6,535,1,20,3,1
201334WN11633,1,9,0,18,0,2,0,7,0,0,1,1,6,2,9,1595,1,11,9,1
201334WN11663,1,9,0,14,0,2,0,0,0,0,1,1,2,1,4,1598,1,11,10,3
201334WN11663,2,11,0,2,0,2,0,0,0,0,2,1,1,1,8,4250,2,9,10,2
201334WN11673,1,9,0,4,0,8,0,0,0,0,1,1,6,1,11,1997,2,8,-1,-1
201334WN11673,2,9,0,18,0,8,0,0,1,1,1,1,1,1,4,1248,2,6,4,1
201334WN11773,1,19,0,13,0,8,5,10,0,0,1,1,1,1,5,2151,2,9,8,1
201334WN11773,2,21,1,7,0,4,0,0,0,0,1,2,1,1,8,-1,-1,-1,-1,-1
201334WN11833,1,9,0,18,0,8,0,0,0,0,1,1,6,2,-1,1598,1,12,2,1
201334WN11833,2,9,0,3,0,8,0,0,0,0,2,1,6,1,6,1560,2,3,1,1
201334WN11843,1,9,0,18,0,2,0,0,0,0,1,1,1,1,6,1240,1,9,-1,-1
201334WN11843,2,9,0,3,0,2,0,0,0,0,2,1,6,1,8,2143,2,2,-1,-1
201334WN11913,1,9,0,18,0,8,0,0,0,0,1,1,6,1,-1,-1,-1,-1,-1,-1
201334WN11913,2,9,0,9,0,8,0,0,0,0,2,1,2,1,4,-1,-1,-1,9,1
201334WN12123,1,9,0,18,0,4,0,0,0,0,0,1,6,1,4,1598,1,11,10,1
201334WN12163,1,9,0,9,0,8,0,0,0,0,1,1,6,1,9,1798,1,5,6,1
201334WN12163,2,9,0,18,0,8,0,0,4,2,4,1,1,2,9,1390,1,8,9,3
201334WN12363,1,1,0,18,0,0,0,0,0,0,3,1,6,1,3,-1,-1,-1,4,1
201334WN12363,2,9,0,18,0,0,0,0,0,0,1,1,2,1,9,1997,2,10,6,1
201334WN12443,1,9,0,9,0,8,0,0,0,0,1,1,6,1,8,1598,1,2,9,2
201334WN12443,2,5,0,18,0,8,0,0,0,0,1,1,1,1,6,996,1,15,9,2
201334WN12523,1,9,0,18,0,0,0,0,0,0,0,1,6,1,10,1896,2,15,1,1
201334WN12683,1,9,0,18,0,1,0,0,0,0,1,1,6,1,7,-1,-1,-1,8,3
201334WN12683,2,9,0,9,0,1,0,0,0,0,1,1,2,2,4,1229,1,6,8,1
201334WN12713,1,9,0,9,0,8,0,0,0,0,4,1,1,2,8,1461,2,6,8,1
201334WN12713,2,4,0,18,0,8,0,0,0,0,1,1,6,1,7,1157,1,7,2,1
201334WN12763,1,9,0,12,0,0,0,0,0,0,0,1,6,3,-1,-1,-1,-1,-1,-1
201334WN12763,2,9,0,18,0,0,0,0,5,6,1,1,2,2,6,-1,-1,-1,6,1
201334WN12763,3,21,0,18,0,0,0,0,0,0,3,1,1,1,-1,11946,2,-1,3,1
201334WN12773,1,9,0,9,0,8,0,0,0,0,1,1,6,1,4,998,1,8,10,1
201334WN12773,2,5,0,18,0,8,0,0,0,0,0,1,6,1,7,599,1,12,5,1
201334WN12953,1,9,0,18,0,0,0,0,0,0,0,1,6,1,8,-1,-1,-1,-1,-1
201334WN13193,1,19,0,18,0,1,1,0,0,10,1,1,1,1,7,2299,2,2,9,2
201334WN13193,2,9,0,8,0,8,0,0,0,0,2,1,6,1,7,1999,1,11,4,1
201334WN13193,3,9,0,2,0,2,0,0,0,0,0,1,6,2,5,1397,1,4,8,1
201334WN13263,1,9,0,9,0,8,0,0,0,0,1,1,3,2,7,1997,2,4,3,1
201334WN13263,2,1,0,18,0,8,0,0,0,0,3,1,6,1,5,-1,-1,-1,-1,-1
201334WN13423,1,9,0,18,0,8,0,0,0,0,3,1,6,1,10,1086,1,7,10,2
201334WN13423,2,9,0,18,0,8,0,0,0,0,3,1,6,1,8,1997,2,4,9,1
201334WN13453,1,9,0,18,0,8,0,0,0,0,1,1,1,1,7,2993,2,-1,-1,-1
201334WN13453,2,9,0,3,0,8,0,0,0,0,2,1,6,1,10,998,1,7,-1,-1
201334WN13453,3,9,0,3,0,8,0,0,0,0,2,1,6,2,6,1910,2,8,6,1
201334WN13473,1,9,0,9,0,8,0,0,0,0,1,1,6,2,8,1242,1,3,4,1
201334WN13473,2,9,0,8,0,8,0,0,0,0,1,1,2,1,8,2171,1,12,2,1
201334WN13613,1,9,0,18,0,8,0,0,0,0,1,1,6,2,5,-1,-1,-1,-1,-1
201334WN13613,2,9,0,3,0,8,0,0,0,0,2,1,6,1,10,1997,1,6,5,1
201334WN13653,1,9,0,18,0,4,0,0,0,0,1,1,6,1,-1,1596,1,7,-1,-1
201334WN13653,2,9,0,3,0,4,0,0,0,0,2,1,6,2,7,1086,1,5,7,1
201334WN13773,1,9,0,7,0,8,0,0,0,0,0,1,6,1,-1,-1,-1,-1,-1,-1
201334WN13773,2,11,0,18,0,8,0,0,0,0,0,1,1,1,8,6871,2,5,1,1
201334WN13913,1,4,0,9,0,8,0,0,0,0,4,1,2,1,6,102,1,6,3,1
201334WN13913,2,9,0,18,0,4,0,0,0,0,1,1,1,2,7,1797,8,3,2,1
201334WN13933,1,9,0,7,0,8,0,0,0,0,1,1,6,2,4,1242,1,13,7,1
201334WN13933,2,9,0,10,0,8,0,0,0,0,1,1,1,1,8,-1,-1,-1,4,1
201334WN13943,1,9,0,18,0,8,0,0,0,0,1,1,6,1,10,2959,2,5,10,1
201334WN13943,2,9,0,18,0,8,0,0,0,0,1,1,6,1,5,1679,1,16,3,1
201334WN14073,1,9,0,11,0,2,0,0,0,0,4,1,3,2,8,1242,1,14,-1,-1
201334WN14073,2,9,0,18,0,2,0,0,0,0,1,1,6,1,5,2494,1,10,-1,-1
201334WN14093,1,9,0,17,0,0,0,0,0,0,1,1,6,1,7,1124,1,12,-1,-1
201334WN14093,2,9,0,16,0,0,0,0,0,0,1,1,6,2,6,1242,1,10,9,1
201334WN14123,1,9,0,9,0,8,0,0,0,0,0,1,6,3,-1,-1,-1,-1,-1,-1
201334WN14123,2,5,0,9,0,8,0,0,0,0,0,1,2,1,7,649,1,7,8,3
201334WN14143,1,9,0,18,0,0,0,0,0,0,1,1,1,1,8,1896,2,16,10,1
201334WN14143,2,9,0,3,0,0,0,0,0,0,2,1,1,1,8,1870,2,9,4,1
201334WN14173,1,9,0,7,0,0,0,0,0,0,0,1,6,2,5,1242,1,12,4,1
201334WN14233,1,19,0,3,0,0,0,0,0,0,4,1,2,1,7,1796,1,8,-1,-1
201334WN14233,2,1,0,18,0,0,0,0,0,0,1,1,2,1,7,-1,-1,-1,5,1
201334WN14503,1,9,0,18,0,1,1,0,0,0,0,1,6,2,9,1560,2,3,7,1
201334WN14533,1,9,0,18,0,1,0,0,0,0,1,1,1,2,5,-1,-1,-1,5,1
201334WN14533,2,9,0,3,0,1,0,0,0,0,2,1,1,1,6,1998,2,9,9,1
201334WN14533,3,9,0,3,0,1,0,0,0,0,2,1,6,1,10,-1,-1,-1,9,1
201334WN14533,4,9,0,3,0,1,0,0,0,0,2,1,1,2,5,-1,-1,-1,7,1
201334WN14573,1,9,0,9,0,8,0,0,0,0,1,1,6,1,-1,1399,2,3,-1,-1
201334WN14573,2,1,0,9,0,8,0,0,0,0,2,1,2,1,6,-1,-1,-1,10,1
201334WN14673,1,9,0,18,0,8,0,0,0,0,1,1,6,3,-1,-1,-1,-1,-1,-1
201334WN14683,1,9,0,9,0,8,0,0,0,0,1,1,2,2,6,1968,2,3,-1,-1
201334WN14683,2,9,0,18,0,8,0,0,0,0,1,1,1,2,7,1396,1,9,5,1
201334WN14693,1,9,0,7,0,8,0,0,0,0,3,1,2,1,9,2151,2,10,3,1
201334WN14693,2,9,0,18,0,8,0,0,0,0,1,1,1,1,7,-1,-1,-1,-1,-1
201334WN14703,1,9,0,2,0,0,0,0,0,0,4,1,6,2,8,2494,1,9,-1,-1
201334WN14703,2,1,0,18,0,0,0,0,0,0,1,1,6,1,9,-1,-1,-1,-1,-1
201334WN14783,1,9,0,18,0,0,0,0,0,0,1,1,6,1,6,1368,1,3,9,1
201334WN14793,1,21,0,18,0,8,0,0,0,0,1,1,1,1,-1,-1,-1,-1,-1,-1
201334WN14793,2,9,0,18,0,8,0,0,0,0,2,1,6,2,6,1896,2,6,9,1
201334WN14883,1,9,0,11,0,3,0,0,0,0,0,1,6,1,10,1590,1,8,9,3
201334WN14883,2,5,0,18,0,3,0,0,0,0,0,1,6,1,6,599,1,13,-1,-1
201334WN14903,1,9,0,18,0,8,0,0,0,0,4,1,2,1,6,1968,2,1,5,1
201334WN14903,2,9,0,18,0,8,0,0,0,0,3,1,6,2,6,1997,2,1,-1,-1
201334WN14903,3,9,0,18,0,8,0,0,0,0,3,1,6,2,5,1198,1,6,10,1
201334WN14913,1,21,1,18,0,7,1,0,0,0,1,1,1,1,8,12777,2,5,4,1
201334WN14913,2,9,0,4,0,8,0,0,0,0,2,1,2,2,7,1598,1,6,6,1
201334WN15053,1,9,0,18,0,1,0,0,0,0,2,1,6,1,-1,1587,1,13,9,1
201334WN15053,2,9,0,3,0,1,0,0,0,0,2,1,6,1,7,1769,7,11,2,1
201334WN15533,1,9,0,7,0,8,0,0,0,0,1,1,3,1,10,1794,1,7,10,2
201334WN15533,2,1,0,18,0,8,0,0,0,0,1,1,6,1,5,-1,-1,-1,-1,-1
201334WN15543,1,9,0,9,0,8,0,0,0,0,4,1,1,1,9,-1,-1,-1,2,1
201334WN15543,2,9,0,18,0,8,0,0,0,0,1,1,6,1,8,1299,1,11,7,1
201334WN15583,1,9,0,9,0,8,0,0,0,0,3,1,6,2,6,1989,1,13,6,2
201334WN15583,2,9,0,18,0,8,0,0,0,0,1,1,6,1,5,1596,1,12,10,3
201334WN15663,1,9,0,9,0,8,0,0,0,0,1,1,6,2,4,1591,1,1,7,1
201334WN15663,2,5,0,18,0,8,0,0,0,0,1,1,6,1,7,599,1,12,3,1
201334WN15663,3,9,0,10,0,8,0,0,0,0,0,1,6,1,-1,-1,-1,-1,-1,-1
201334WN15783,1,9,0,9,0,8,0,0,0,0,3,1,6,3,-1,-1,-1,-1,-1,-1
201334WN15783,2,3,0,18,0,8,0,0,0,0,1,1,6,1,4,125,1,-1,3,1
201334WN15843,1,9,0,18,0,8,0,0,0,0,1,1,6,2,7,1998,2,1,-1,-1
201334WN15843,2,1,0,9,0,8,0,0,0,0,2,1,6,2,7,-1,-1,-1,3,1
201334WN15973,1,9,0,18,0,1,0,0,0,0,1,1,6,1,7,1905,2,19,9,1
201334WN15973,2,9,0,2,0,1,0,0,0,0,1,1,6,1,8,1995,2,6,10,1
201334WN15993,1,9,0,18,0,8,0,0,1,0,0,1,6,1,7,1998,1,4,9,1
201334WN15993,2,9,0,18,0,7,0,10,1,0,0,1,6,1,7,-1,-1,-1,1,1
201334WN16173,1,9,0,9,0,8,0,0,0,0,2,1,6,1,8,1597,1,4,-1,-1
201334WN16173,2,4,0,18,0,8,0,0,0,0,1,1,6,1,8,1298,1,11,-1,-1
201334WN16233,1,9,0,18,0,1,0,0,0,0,1,1,1,2,4,1360,1,7,2,1
201334WN16233,2,9,0,4,0,1,0,0,0,0,2,1,1,2,8,1242,1,1,10,1
201334WN16233,3,9,0,9,0,8,0,0,0,0,2,1,6,2,10,1896,2,19,6,1
201334WN16433,1,9,0,18,0,0,0,0,0,0,1,1,6,2,9,1598,1,6,10,3
201334WN16433,2,9,3,18,0,0,5,0,0,0,2,1,6,1,8,2720,2,8,9,1
201334WN16543,1,9,0,9,0,8,0,0,0,0,3,1,6,2,8,2000,1,9,5,1
201334WN16543,2,8,0,18,0,8,0,0,0,0,1,1,1,1,-1,1995,2,8,-1,-1
201334WN16553,1,11,0,4,0,0,0,0,0,0,0,1,1,1,-1,-1,-1,-1,7,1
201334WN16663,1,9,0,14,0,1,0,0,0,0,1,1,6,3,-1,-1,-1,-1,-1,-1
201334WN16663,2,9,0,2,0,1,0,0,0,0,2,1,6,1,6,1995,2,7,1,1
201334WN16663,3,9,0,2,0,1,0,0,0,0,3,1,6,3,-1,1598,1,11,-1,-1
201334WN16663,4,9,0,2,0,1,0,0,0,0,3,1,6,3,-1,1399,2,2,-1,-1
201334WN16663,5,9,0,2,0,1,0,0,0,0,3,1,6,3,-1,998,1,14,-1,-1
201334WN16663,6,9,0,2,0,1,0,0,0,0,3,1,6,3,-1,1560,2,9,-1,-1
201334WN16703,1,9,0,7,0,8,0,0,0,0,1,1,6,1,-1,1598,1,11,-1,-1
201334WN16703,2,9,0,10,0,8,0,0,0,0,1,1,2,2,5,1360,1,10,9,1
201334WN16853,1,9,0,18,0,8,0,0,0,0,1,1,6,1,7,1896,2,15,4,1
201334WN16853,2,9,0,18,0,8,0,0,0,0,2,1,2,2,6,1796,1,9,3,1
201334WN16973,1,9,0,17,0,8,0,0,0,0,1,1,6,1,5,973,1,12,4,1
201334WN16973,2,9,0,18,0,8,0,0,0,0,1,1,6,2,9,1896,2,11,8,1
201334WN17333,1,9,0,18,0,6,0,0,0,0,4,1,1,1,5,-1,-1,-1,8,1
201334WN17333,2,1,0,18,9,8,0,0,0,0,1,1,6,1,6,-1,-1,-1,1,1
201334WN17353,1,9,0,10,0,1,0,0,0,0,2,1,6,1,6,1390,1,9,7,1
201334WN17353,2,5,0,18,0,1,0,0,0,0,1,1,6,1,10,-1,-1,-1,6,1
201334WN17443,1,9,0,9,0,8,0,0,0,0,1,1,6,1,10,1108,1,3,5,1
201334WN17443,2,2,0,18,0,8,0,0,0,0,3,1,6,1,4,50,1,2,5,1
201334WN17463,1,9,0,1,0,0,0,0,0,0,2,1,6,2,-1,-1,-1,-1,-1,-1
201334WN17643,1,1,0,18,0,0,0,0,0,0,2,1,6,1,8,-1,-1,-1,3,1
201334WN17643,2,9,0,2,0,0,0,0,0,0,2,1,1,3,-1,2477,2,9,-1,-1
201334WN17683,1,9,0,9,0,8,0,0,0,0,1,1,6,2,7,1596,1,7,2,1
201334WN17683,2,9,0,18,0,8,0,0,0,0,1,1,6,1,6,1896,2,12,8,1
201334WN17713,1,9,0,18,0,8,0,0,0,0,2,1,2,1,9,1497,1,8,6,1
201334WN17713,2,5,0,18,0,8,0,0,0,0,1,1,2,1,8,599,1,6,9,1
201334WN17823,1,9,0,9,0,8,0,0,0,0,1,1,1,2,9,-1,-1,-1,2,1
201334WN17823,2,1,0,18,0,8,0,0,0,0,1,1,6,1,6,-1,-1,-1,4,1
201334WN17853,1,9,0,18,0,0,0,0,0,0,4,1,6,1,8,1598,1,11,6,1
201334WN18083,1,9,0,17,0,0,0,0,0,0,1,1,6,1,6,1997,2,11,-1,-1
201334WN18083,2,9,0,2,0,0,0,0,0,0,2,1,2,1,5,1124,1,1,4,1
201334WN18103,1,9,0,18,2,0,0,0,0,0,0,1,1,1,6,1896,2,10,4,1
201334WN18103,2,9,0,18,0,0,0,0,0,0,0,1,6,1,6,1999,2,10,7,1
201334WN18133,1,9,0,7,0,8,0,0,0,0,4,1,6,1,-1,1461,2,2,-1,-1
201334WN18133,2,11,0,18,0,8,0,0,0,0,1,1,1,2,-1,9000,2,14,-1,-1
201334WN18143,1,9,0,18,0,0,0,0,0,0,0,1,1,1,6,1910,2,10,3,1
201334WN18153,1,9,0,18,0,8,0,9,1,0,0,1,2,2,9,1399,2,3,2,1
201334WN18323,1,9,0,18,0,0,0,0,0,0,1,1,6,1,4,2000,1,8,9,1
201334WN18323,2,9,0,3,0,0,0,0,0,0,2,1,1,1,6,3999,1,5,6,3
201334WN18403,1,9,0,9,0,8,0,0,0,0,0,1,2,1,6,1995,2,2,6,1
201334WN18433,1,9,4,18,0,0,4,0,5,6,4,1,6,2,7,1560,2,7,1,1
201334WN18433,2,9,0,18,0,0,0,0,0,0,3,1,6,2,7,1248,2,3,9,2
201334WN18803,1,9,0,17,0,0,0,0,0,0,0,1,6,1,-1,1242,1,7,-1,-1
201334WN18803,2,9,0,16,0,0,0,0,0,0,0,1,6,1,-1,1799,1,6,7,1
201334WN18813,1,9,0,18,0,0,0,0,0,0,0,1,6,1,8,1896,2,15,-1,-1
201334WN18813,2,1,0,18,0,0,0,0,0,0,4,1,6,1,5,-1,-1,-1,-1,-1
201334WN19143,1,9,0,18,0,1,0,0,0,0,0,1,1,2,7,1300,1,29,4,1
201334WN19283,1,19,0,18,0,8,0,0,0,0,4,1,6,1,-1,-1,-1,-1,-1,-1
201334WN19283,2,9,0,18,0,8,0,0,0,0,1,1,6,1,8,1499,1,5,10,3
201334WN19333,1,9,0,18,0,1,0,0,0,0,1,1,6,1,9,1364,1,4,8,3
201334WN19333,2,2,0,18,0,1,0,0,0,0,2,1,6,1,4,-1,-1,-1,2,1
201334WN19363,1,9,0,12,0,1,0,0,0,0,3,1,6,3,-1,-1,-1,-1,-1,-1
201334WN19363,2,3,0,18,0,1,0,0,0,0,4,1,6,1,6,125,1,-1,8,1
201334WN19413,1,9,0,9,0,8,0,0,0,0,1,1,6,1,6,1341,1,8,4,1
201334WN19413,2,5,0,18,0,8,0,0,0,0,1,1,6,1,9,1340,1,5,4,1
201334WN19423,1,9,0,18,0,1,0,0,0,0,1,1,6,2,10,1598,1,4,9,1
201334WN19423,2,9,0,18,0,7,0,0,0,0,3,1,6,2,6,1389,1,15,6,2
201334WN19443,1,9,0,18,0,8,0,0,0,0,1,1,2,1,7,1799,1,16,-1,-1
201334WN19443,2,9,0,9,0,8,0,0,0,0,1,1,2,2,7,1798,1,9,-1,-1
201334WN19443,3,9,0,3,0,1,0,0,0,0,2,1,6,2,-1,1461,2,9,9,3
201334WN19453,1,9,0,18,0,8,0,0,0,0,1,1,6,1,6,1781,1,12,2,1
201334WN19453,2,9,0,9,0,8,0,0,0,0,2,1,6,1,6,1397,1,12,3,1
201334WN19453,3,9,0,18,0,1,0,1,0,0,1,1,6,1,8,-1,-1,-1,5,1
201334WN19473,1,9,0,17,0,8,0,0,0,0,3,1,6,2,11,2400,2,2,6,3
201334WN19473,2,1,0,16,0,8,0,0,0,0,1,1,6,1,7,-1,-1,-1,5,1
201334WN19623,1,9,0,1,0,0,0,0,0,0,0,1,6,2,10,1596,1,5,-1,-1
201334WN19633,1,9,0,9,0,8,0,0,0,0,1,1,6,2,7,1248,2,4,7,1
201334WN19633,2,9,0,9,0,8,0,0,0,0,1,1,6,2,7,1910,2,9,7,1
201334WN19693,1,9,0,18,0,8,0,0,0,0,1,1,2,1,7,1997,2,6,9,1
201334WN19693,2,1,0,18,0,8,0,0,0,0,0,1,6,1,4,-1,-1,-1,10,1
201334WN19713,1,9,0,12,0,8,0,0,0,0,0,1,6,2,6,2996,1,6,10,1
201334WN19713,2,5,0,18,0,8,0,0,0,0,3,1,6,1,7,-1,-1,-1,5,1
201334WN19923,1,9,0,9,0,8,0,0,0,0,1,1,2,2,5,1968,2,7,7,2
201334WN19923,2,2,0,18,0,8,0,0,0,0,3,1,6,1,4,49,1,6,9,1
201334WN19973,1,9,0,18,0,8,5,0,0,7,1,1,6,1,4,1368,1,-1,9,2
201334WN20043,1,9,0,18,0,0,0,0,0,0,4,1,6,3,-1,-1,-1,-1,-1,-1
201334WN20043,2,1,0,18,0,0,0,0,0,0,3,1,6,1,5,-1,-1,-1,5,1
201334WN20083,1,5,0,18,0,0,0,0,0,0,0,1,6,1,8,998,1,8,10,1
201334WN20133,1,9,0,9,0,8,0,0,0,0,1,1,6,3,6,-1,-1,-1,-1,-1
201334WN20133,2,1,0,18,0,8,0,0,0,0,0,1,2,1,6,-1,-1,-1,3,1
201334WN20253,1,9,0,18,0,0,0,0,0,0,1,1,6,1,4,2498,1,16,3,1
201334WN20253,2,9,0,2,0,0,0,0,0,0,3,1,6,3,-1,1995,2,12,-1,-1
201334WN20253,3,9,0,2,0,0,0,0,0,0,2,1,6,3,-1,998,1,9,-1,-1
201334WN20253,4,9,0,2,0,0,0,0,0,0,2,1,6,3,-1,1587,1,8,-1,-1
201334WN20313,1,9,0,11,0,8,0,0,0,0,1,1,6,1,-1,1995,1,11,-1,-1
201334WN20313,2,9,0,18,0,8,0,0,0,0,2,1,2,2,6,1560,2,4,5,1
201334WN20563,1,9,0,16,0,0,0,0,0,0,0,1,6,1,4,1229,1,6,7,1
201334WN20583,1,9,0,18,0,1,0,0,0,0,1,1,6,1,7,1598,1,8,4,1
201334WN20583,2,1,0,9,0,1,0,0,0,0,1,1,6,1,3,-1,-1,-1,-1,-1
201334WN20623,1,9,0,18,0,8,0,0,0,0,1,1,1,1,8,-1,-1,-1,4,1
201334WN20623,2,9,0,18,0,8,0,0,0,0,3,1,3,1,6,-1,-1,-1,6,1
201334WN20973,1,9,0,18,0,0,0,0,0,0,1,1,2,1,9,-1,-1,-1,9,1
201334WN20973,2,9,0,18,0,0,0,0,0,0,1,1,1,1,7,1240,1,9,6,1
201334WN20973,3,9,0,18,0,0,0,0,0,0,2,1,6,2,8,1598,1,9,9,1
201334WN20983,1,9,0,18,0,1,0,0,0,0,1,1,3,2,6,1596,1,6,2,1
201334WN20983,2,9,0,18,0,1,0,0,0,0,2,1,6,2,5,1896,2,9,3,1
201334WN20993,1,9,0,9,0,0,0,0,0,0,1,1,2,1,6,1999,1,5,-1,-1
201334WN20993,2,3,0,18,0,0,0,0,0,0,1,1,2,2,4,124,1,4,9,2
201334WN21143,1,9,0,18,0,8,0,0,0,0,1,1,1,2,8,1984,1,12,5,1
201334WN21143,2,9,0,10,0,8,0,0,0,0,2,1,3,1,6,2496,2,13,3,1
201334WN21163,1,9,0,9,0,8,0,0,0,0,1,1,6,1,11,1560,2,2,7,1
201334WN21163,2,20,0,18,0,8,0,0,0,0,1,1,1,1,8,11021,2,13,9,1