Accident_Index,Vehicle_Reference,Vehicle_Type,Towing_and_Articulation,Vehicle_Manoeuvre,Vehicle_Location-Restricted_Lane,Junction_Location,Skidding_and_Overturning,Hit_Object_in_Carriageway,Vehicle_Leaving_Carriageway,Hit_Object_off_Carriageway,1st_Point_of_Impact,Was_Vehicle_Left_Hand_Drive?,Journey_Purpose_of_Driver,Sex_of_Driver,Age_Band_of_Driver,Engine_Capacity_(CC),Propulsion_Code,Age_of_Vehicle,Driver_IMD_Decile,Driver_Home_Area_Type
2013350053813,1,9,0,9,0,5,0,0,0,0,1,1,2,2,5,1527,2,12,10,2
2013350053813,2,9,0,18,0,8,0,0,0,0,1,1,6,1,7,1896,2,13,8,3
2013350054513,1,21,0,17,0,0,2,0,2,9,3,1,1,1,7,10800,2,14,6,1
2013350054713,1,9,0,9,0,6,0,0,0,0,1,1,1,2,5,1910,2,8,-1,-1
2013350054713,2,1,0,17,0,8,0,0,0,0,4,1,6,1,8,-1,-1,-1,3,1
2013350054913,1,9,0,18,0,0,0,0,0,0,1,1,6,2,11,1998,1,13,9,2
2013350054913,2,19,0,3,0,0,0,0,0,0,2,1,6,1,7,1753,2,8,10,1
2013350054913,3,9,0,3,0,0,0,0,0,0,2,1,6,1,7,1560,2,3,5,2
2013350055213,1,9,0,1,0,6,0,0,0,0,2,1,6,1,9,1995,2,2,9,1
2013350055413,1,9,0,5,0,6,0,0,0,0,3,1,2,1,8,1196,1,17,5,1
2013350055413,2,9,0,18,0,8,0,0,0,0,1,1,2,2,6,1598,1,6,5,3
2013350055713,1,9,0,18,0,1,0,0,0,0,1,1,1,1,6,-1,-1,-1,8,3
2013350055713,2,9,0,18,0,1,0,0,0,0,2,1,1,2,8,1242,1,1,8,2
2013350056313,1,9,0,4,0,1,0,0,0,0,1,1,6,1,11,2171,1,12,9,3
2013350056313,2,9,0,4,0,1,0,0,0,0,2,1,6,2,6,1560,2,8,9,2
2013350056413,1,9,0,18,0,1,0,0,0,0,1,1,1,2,7,4164,2,11,9,1
2013350056413,2,9,0,4,0,1,0,0,0,0,2,1,1,2,7,1399,2,7,6,1
2013350056413,3,9,0,4,0,1,0,0,0,0,2,1,1,2,-1,1900,2,14,9,2
2013350056513,1,5,0,4,0,0,1,0,1,0,0,1,2,1,8,-1,-1,-1,8,2
2013350057013,1,9,0,18,0,6,0,0,0,0,4,1,6,2,10,1242,1,1,9,1
2013350057013,2,9,0,18,0,8,0,0,0,0,1,1,6,1,7,2987,2,4,4,1
2013350057013,3,9,0,3,0,1,0,0,0,0,1,1,6,2,10,1587,1,6,10,3
2013350057113,1,9,0,9,0,6,0,0,0,0,3,1,6,1,7,-1,-1,-1,4,1
2013350057113,2,9,0,18,0,1,0,0,0,0,1,1,6,1,8,-1,-1,-1,6,1
2013350057413,1,9,0,5,0,0,0,0,0,0,3,1,1,1,7,998,1,14,1,1
2013350057413,2,1,0,18,0,0,0,0,0,0,2,1,1,1,7,-1,-1,-1,2,1
2013350057913,1,9,0,16,0,0,1,0,7,9,0,1,1,2,4,1199,1,10,7,2
2013350058213,1,9,0,18,0,0,2,0,1,0,3,1,6,2,4,1299,1,10,10,1
2013350058313,1,9,0,18,0,2,0,0,0,0,4,1,1,1,10,1995,2,1,8,3
2013350058513,1,8,0,18,0,6,0,0,0,0,1,1,6,1,8,1598,2,2,9,1
2013350058513,2,1,0,18,0,8,0,0,0,0,1,1,6,1,6,-1,-1,-1,6,1
2013350058613,1,9,0,18,0,0,0,0,0,0,0,1,6,3,-1,-1,-1,-1,-1,-1
2013350058613,2,1,0,18,0,0,0,0,0,0,0,1,6,1,6,-1,-1,-1,6,1
2013350058813,1,9,0,18,0,0,1,0,0,0,1,1,6,1,6,-1,-1,-1,6,1
2013350058813,2,9,0,18,0,0,0,0,0,0,3,1,6,1,5,1596,1,2,6,1
2013350059513,1,21,1,18,0,0,1,0,0,0,1,2,1,1,6,-1,-1,-1,-1,-1
2013350059513,2,9,0,18,0,0,1,0,1,4,2,1,1,1,7,1596,1,6,8,2
2013350059613,1,9,0,18,0,0,0,0,0,0,3,1,6,1,9,1796,1,1,7,2
2013350059613,2,9,0,18,0,0,0,0,0,0,3,1,6,2,6,1388,1,11,6,1
2013350059613,3,19,0,18,0,0,0,0,0,0,1,1,1,1,9,2198,2,5,6,2
2013350059913,1,9,0,18,0,0,0,0,0,0,1,1,2,1,5,1242,1,16,1,1
2013350059913,2,9,0,18,0,0,0,0,0,0,1,1,2,1,7,1399,2,6,8,3
2013350060213,1,9,0,18,0,2,0,0,0,0,1,1,2,1,7,-1,-1,-1,3,1
2013350060313,1,9,0,17,0,1,0,10,1,2,1,1,1,2,5,-1,-1,-1,9,3
2013350061513,1,9,0,18,0,0,0,0,0,0,1,1,6,1,8,1560,2,9,5,3
2013350061513,2,9,0,2,0,0,0,0,1,0,2,1,6,1,8,-1,-1,-1,5,3
2013350061813,1,9,0,16,0,0,0,0,0,0,1,1,2,1,7,1796,1,11,8,3
2013350061813,2,9,0,17,0,0,0,0,0,0,1,1,2,2,8,1988,1,14,6,3
2013350061813,3,9,0,16,0,0,0,0,1,9,1,1,2,1,8,1299,1,10,8,3
2013350062013,1,9,0,18,0,0,0,0,0,0,1,1,6,1,10,2401,2,8,8,1
2013350062013,2,9,0,18,0,0,0,0,0,0,2,1,6,2,8,1560,2,6,5,1
2013350062213,1,9,0,4,0,0,0,0,1,4,2,1,1,1,7,2499,2,14,3,1
2013350062213,2,19,0,18,0,0,0,0,0,0,1,1,1,1,9,2198,2,2,5,1
2013350062713,1,9,0,9,0,6,0,0,0,0,1,1,2,1,7,1199,1,13,7,3
2013350062713,2,5,0,14,0,8,0,0,0,0,1,1,2,2,6,599,1,14,4,2
2013350062913,1,9,0,16,0,0,0,0,7,4,4,1,6,2,4,1124,1,11,10,1
2013350062913,2,9,0,17,0,0,0,0,0,0,1,1,2,1,7,-1,-1,-1,10,2
2013350063013,1,9,0,18,9,8,0,0,1,10,1,1,6,1,11,1339,1,8,6,1
2013350063113,1,1,0,18,4,0,0,0,0,0,2,1,6,2,-1,-1,-1,-1,4,1
2013350063113,2,9,0,18,4,0,0,0,0,0,1,1,6,2,-1,-1,-1,-1,-1,-1
2013350063313,1,9,0,18,0,6,0,0,0,1,1,1,6,1,6,1199,1,11,8,1
2013350063313,2,90,0,18,0,8,0,0,0,0,4,1,1,1,7,8970,2,5,10,1
2013350063813,1,9,0,4,0,0,0,0,0,0,1,1,6,2,5,1998,1,12,5,1
2013350063913,1,9,0,16,0,2,0,0,1,10,0,1,6,2,5,1596,1,12,10,1
2013350064013,1,9,0,18,0,8,0,0,0,0,1,1,6,2,5,899,1,15,10,3
2013350064013,2,9,0,3,0,8,0,0,0,0,2,1,6,2,5,1595,1,6,9,3
2013350064313,1,9,0,18,0,0,0,0,0,0,1,1,6,2,11,1799,1,18,8,3
2013350064313,2,20,0,6,0,0,0,0,0,0,3,1,6,2,6,9999,2,25,10,2
2013350064513,1,9,0,9,0,6,0,0,0,0,0,1,6,2,9,1598,1,2,-1,-1
2013350064513,2,3,0,4,0,1,0,0,0,0,0,1,6,1,8,998,1,5,7,1
2013350064613,1,9,0,9,0,6,0,0,0,0,3,1,6,2,6,1396,1,12,10,3
2013350064613,2,9,0,18,5,8,0,0,0,0,1,1,2,1,6,1997,2,4,7,2
2013350065713,1,9,0,4,0,0,0,0,0,0,1,1,1,1,7,1968,2,1,7,3
2013350065713,2,9,0,4,0,0,0,0,0,0,2,1,1,1,10,1598,1,9,4,1
2013350065813,1,9,0,4,0,0,0,0,0,0,1,1,6,2,7,1242,1,2,5,1
2013350065813,2,9,0,3,0,0,0,0,0,0,2,1,6,2,5,1149,1,8,9,3
2013350065813,3,9,0,3,0,0,0,0,0,0,2,1,6,1,-1,-1,-1,-1,-1,-1
2013350066113,1,9,0,18,0,0,0,0,0,10,0,1,6,3,-1,-1,-1,-1,-1,-1
2013350066313,1,9,0,7,0,6,0,0,0,0,3,1,6,2,8,1198,1,4,9,1
2013350066313,2,1,0,18,0,8,0,0,0,0,2,1,6,1,8,-1,-1,-1,8,2
2013350066613,1,9,0,18,0,0,0,0,0,0,0,1,6,1,9,1968,2,1,-1,-1
2013350066613,2,9,0,18,0,0,0,0,0,0,0,1,6,1,7,1560,2,1,2,1
2013350066613,3,9,0,18,0,0,0,0,0,0,2,1,6,1,9,1970,1,11,8,3
2013350066613,4,9,0,18,0,0,0,0,0,0,1,1,6,1,7,1686,2,2,-1,-1
2013350066713,1,9,0,18,0,0,0,0,0,0,1,1,6,1,-1,1997,2,13,2,1
2013350066713,2,9,0,18,0,0,0,0,0,0,2,1,6,2,7,1560,2,1,3,3
2013350067213,1,3,0,18,0,0,0,0,7,9,1,1,6,1,6,124,1,22,4,1
2013350067213,2,1,0,18,0,0,0,0,1,9,1,1,6,1,6,-1,-1,-1,9,1
2013350067913,1,9,0,9,0,5,0,0,0,0,1,1,6,2,10,1495,1,6,10,1
2013350067913,2,5,0,18,0,8,0,0,0,0,1,1,6,1,8,805,1,11,6,1
2013350068013,1,5,0,5,0,0,2,0,1,9,0,1,6,1,9,738,1,27,9,2
2013350068113,1,9,0,9,0,5,0,0,0,0,1,1,6,3,-1,1590,1,18,-1,-1
2013350068113,2,3,0,18,0,8,2,0,0,0,3,1,6,1,4,124,1,12,-1,-1
2013350068213,1,9,0,18,0,0,0,0,0,0,1,1,6,3,-1,-1,-1,-1,-1,-1
2013350068213,2,1,0,18,0,0,0,0,0,0,2,1,6,2,3,-1,-1,-1,8,3
2013350068413,1,19,0,18,0,0,0,0,0,0,0,1,6,1,4,2496,2,17,4,1
2013350069313,1,9,0,18,0,2,0,0,7,10,1,1,1,1,9,-1,-1,-1,10,1
2013350069413,1,19,5,17,0,1,0,0,0,0,4,1,1,1,6,-1,-1,-1,1,1
2013350069513,1,9,0,18,0,1,0,0,0,0,1,1,6,2,-1,1598,1,5,8,1
2013350069513,2,1,0,18,0,1,0,0,0,0,1,1,6,2,-1,-1,-1,-1,7,1
2013350069713,1,19,0,18,0,1,0,0,0,0,1,1,1,1,6,2287,2,7,3,1
2013350069713,2,19,0,3,0,1,0,0,0,0,2,1,1,1,8,1753,2,1,6,2
2013350069713,3,9,0,3,0,1,0,0,0,0,1,1,1,2,8,1390,1,-1,4,2
2013350069713,4,9,0,3,0,1,0,0,0,0,2,1,2,1,7,1956,2,2,7,3
2013350070213,1,9,0,6,0,8,0,0,0,0,3,1,6,1,7,-1,-1,-1,9,1
2013350070213,2,1,0,18,0,8,0,0,0,0,4,1,6,1,6,-1,-1,-1,6,1
2013350070313,1,9,0,4,0,0,1,0,0,0,1,1,6,2,7,1386,1,2,9,1
2013350070313,2,3,0,4,0,0,0,0,0,0,2,1,6,1,5,-1,-1,-1,1,1
2013350070813,1,9,0,5,0,0,0,0,0,0,4,1,1,2,6,1984,1,6,6,1
2013350070813,2,9,0,18,0,0,0,0,0,0,1,1,1,2,7,1397,1,11,2,1
2013350071113,1,9,0,18,0,1,1,0,0,0,1,1,2,1,5,1905,2,15,8,3
2013350071113,2,9,0,3,0,1,0,0,0,0,2,1,2,2,5,1368,1,5,8,3
2013350071113,3,9,0,3,0,1,0,0,0,0,2,1,2,2,7,1149,1,13,2,1
2013350071113,4,9,0,3,0,1,0,0,0,0,2,1,2,2,5,1199,1,10,7,2
2013350071313,1,9,0,9,0,5,0,4,0,0,1,1,6,2,5,1582,2,6,5,1
2013350071513,1,9,0,18,0,8,0,0,0,0,1,1,6,3,-1,-1,-1,-1,-1,-1
2013350071613,1,9,4,18,0,2,5,0,1,9,4,1,1,1,10,2494,2,7,8,3
2013350071813,1,19,0,18,0,0,0,0,0,0,0,1,6,3,-1,-1,-1,-1,-1,-1
2013350071813,2,1,0,18,0,0,0,0,0,0,0,1,6,1,9,-1,-1,-1,-1,-1
2013350071913,1,5,0,18,0,3,1,0,0,0,3,1,1,1,8,1170,1,5,3,1
2013350072013,1,9,0,18,0,8,0,0,0,0,1,1,6,2,8,-1,-1,-1,-1,-1
2013350072013,2,9,0,5,0,8,0,0,0,0,2,1,6,2,4,998,1,14,-1,-1
2013350072113,1,9,0,6,0,0,0,0,0,0,1,1,6,1,8,4966,1,10,10,2
2013350072113,2,4,0,18,0,0,1,0,0,0,3,1,6,1,4,498,1,14,7,1
2013350072213,1,9,0,18,0,6,0,0,0,0,1,1,2,1,6,1598,1,15,10,1
2013350072213,2,1,0,18,0,6,0,0,0,0,4,1,2,2,6,-1,-1,-1,3,1
2013350072313,1,9,0,5,9,6,0,0,0,0,1,1,1,1,6,1986,2,7,6,1
2013350072313,2,1,0,18,9,8,0,0,0,0,1,1,4,1,3,-1,-1,-1,6,1
2013350072913,1,9,0,12,0,0,0,0,0,0,0,1,6,1,9,-1,-1,-1,5,1
2013350072913,2,9,0,18,0,0,0,0,0,0,0,1,6,2,-1,-1,-1,-1,-1,-1
2013350073113,1,9,0,12,0,6,0,0,0,0,0,1,6,3,-1,1968,2,10,-1,-1
2013350073113,2,9,0,18,0,1,0,0,0,0,2,1,6,1,7,2148,2,8,7,3
2013350073113,3,19,0,18,0,1,0,0,0,0,1,1,6,3,-1,2400,2,9,-1,-1
2013350073713,1,9,0,6,0,8,0,0,0,0,1,1,6,2,4,1299,1,11,10,1
2013350073713,2,9,0,18,0,8,0,0,0,0,3,1,6,1,4,1997,2,8,6,1
2013350073913,1,19,0,18,0,0,5,0,1,0,1,1,1,1,11,2400,2,10,7,2
2013350074113,1,9,0,1,0,8,0,0,0,0,2,1,6,2,8,1796,1,9,6,1
2013350074113,2,9,0,3,0,8,0,0,0,0,1,1,6,1,8,-1,-1,-1,2,1
2013350074313,1,9,0,18,0,0,0,0,0,0,4,1,2,2,9,1403,1,10,2,1
2013350074413,1,9,0,5,0,0,0,0,0,0,0,1,6,1,5,1360,1,12,6,3
2013350074413,2,9,0,4,0,0,0,10,1,0,0,1,6,1,8,1699,2,19,8,1
2013350074813,1,9,0,7,0,5,0,0,0,0,4,1,6,2,5,1596,1,12,5,1
2013350074813,2,1,0,18,4,1,0,0,0,0,1,1,6,1,4,-1,-1,-1,8,1
2013350074913,1,9,0,7,0,5,0,0,0,0,1,1,6,1,8,-1,-1,-1,9,1
2013350074913,2,1,0,10,0,1,0,0,0,0,3,1,6,1,7,-1,-1,-1,1,1
2013350075213,1,9,0,18,0,0,0,0,0,0,1,1,6,3,-1,1900,2,14,-1,-1
2013350075213,2,9,0,18,0,0,0,0,0,0,3,1,6,1,8,1604,2,7,8,3
2013350075613,1,9,0,5,0,6,0,0,0,0,1,1,6,1,8,1598,1,1,1,1
2013350075613,2,1,0,18,0,8,0,0,0,0,3,1,6,2,-1,-1,-1,-1,-1,-1
2013350075713,1,9,0,18,0,5,0,0,0,0,1,1,2,1,7,3000,1,3,9,1
2013350075713,2,9,0,4,0,5,0,0,0,0,2,1,2,2,8,1796,1,3,10,1
2013350076013,1,19,0,9,0,5,0,0,0,0,4,1,6,1,8,1753,2,13,2,1
2013350076013,2,1,0,15,0,1,0,0,0,0,1,1,6,1,6,-1,-1,-1,7,1
2013350076113,1,9,0,7,0,6,0,0,0,0,1,1,2,1,6,-1,-1,-1,10,2
2013350076113,2,1,0,18,0,8,0,0,0,0,2,1,2,1,5,-1,-1,-1,6,1
2013350076613,1,9,0,17,0,0,0,0,1,3,1,1,6,1,5,1999,1,7,8,1
2013350076813,1,9,0,7,0,5,0,0,0,0,1,1,6,3,-1,-1,-1,-1,-1,-1
2013350076813,2,1,0,18,0,8,0,0,0,0,2,1,6,1,5,-1,-1,-1,7,1
2013350077313,1,9,0,5,0,5,0,0,0,0,1,1,6,1,11,1198,1,6,7,1
2013350077313,2,1,0,18,0,8,0,0,0,0,2,1,6,2,9,-1,-1,-1,7,1
2013350077813,1,9,0,13,0,0,0,0,7,0,0,1,6,2,11,1999,1,10,4,1
2013350077813,2,19,0,18,0,0,0,0,0,0,0,1,6,1,8,2496,2,14,-1,-1
2013350078313,1,9,0,17,0,8,2,0,4,6,3,1,2,2,7,1598,1,8,10,1
2013350078413,1,9,0,18,0,0,0,0,0,0,3,1,6,1,11,1598,1,7,6,1
2013350078413,2,1,0,18,0,0,0,0,0,0,4,1,6,2,6,-1,-1,-1,3,1
2013350078513,1,9,0,18,0,0,1,0,7,10,1,1,2,2,4,1149,1,6,7,3
2013350078613,1,9,0,16,0,0,1,0,1,9,1,1,2,1,9,1988,1,14,10,2
2013350078713,1,9,0,17,0,0,1,0,0,0,4,1,6,2,5,1390,1,12,4,2
2013350078713,2,9,0,16,0,0,2,0,1,9,1,1,3,2,5,1587,1,7,6,1
2013350079313,1,21,4,9,0,5,0,0,0,0,3,2,1,1,8,-1,-1,-1,-1,-1
2013350079313,2,9,0,18,0,8,0,0,0,0,1,1,1,1,8,2495,2,10,7,3
2013350079613,1,9,0,9,0,6,0,0,0,0,1,1,6,1,6,1598,1,12,8,3
2013350079613,2,9,0,18,0,1,0,0,0,0,1,1,6,2,6,1679,1,11,9,1
2013350079813,1,9,0,18,0,0,0,0,0,0,4,1,6,3,-1,-1,-1,-1,-1,-1
2013350079913,1,9,0,16,0,0,2,0,7,9,1,1,3,2,6,1461,2,7,-1,-1
2013350080013,1,20,0,2,0,0,0,0,0,0,2,1,6,1,-1,7146,2,1,-1,-1
2013350080013,2,1,0,14,0,0,0,8,0,0,1,1,6,1,4,-1,-1,-1,4,1
2013350080113,1,9,0,17,0,4,0,0,0,0,1,1,6,2,10,1596,1,8,4,1
2013350080113,2,1,0,18,0,8,0,0,0,0,3,1,1,1,6,-1,-1,-1,5,1
2013350080413,1,20,0,9,0,6,0,0,0,0,1,1,1,1,9,-1,-1,-1,9,1
2013350080413,2,9,0,4,0,8,0,0,1,10,3,1,6,2,-1,1364,1,4,9,3
2013350080613,1,5,0,9,0,8,5,0,0,0,4,1,1,1,8,-1,-1,-1,10,3
2013350080813,1,9,0,9,0,6,0,0,0,0,1,1,1,1,6,1299,1,11,3,1
2013350080813,2,1,0,9,0,5,0,0,0,0,1,1,1,1,6,-1,-1,-1,4,1
2013350080913,1,1,0,18,5,1,0,0,0,0,1,1,6,1,7,-1,-1,-1,9,1
2013350080913,2,19,0,18,0,1,0,0,0,0,4,1,1,1,6,2198,2,1,8,3
2013350081013,1,9,0,18,0,4,0,0,0,0,1,1,6,3,-1,-1,-1,-1,-1,-1
2013350081013,2,1,0,18,0,8,0,0,0,0,4,1,6,2,6,-1,-1,-1,4,1
2013350081113,1,9,0,18,0,2,0,0,0,0,1,1,6,3,-1,-1,-1,-1,-1,-1
2013350081413,1,9,0,9,0,1,0,0,0,0,0,1,6,2,10,1596,1,12,10,2
2013350081413,2,5,0,18,0,1,1,0,0,0,0,1,1,1,9,980,1,22,10,1
2013350082113,1,9,0,18,0,4,0,0,0,0,1,1,6,2,5,1248,2,4,4,1
2013350082113,2,1,0,18,0,8,5,0,0,0,3,1,6,1,4,-1,-1,-1,5,1
2013350082713,1,9,0,18,0,1,1,0,0,0,1,1,2,1,4,1229,1,8,8,3
2013350082713,2,9,0,10,0,1,0,0,0,0,2,1,2,1,7,2960,1,21,8,3
2013350083813,1,9,0,18,0,8,0,0,0,0,1,1,6,1,6,1951,2,12,5,1
2013350083813,2,9,0,5,0,6,0,0,0,0,1,1,6,1,5,-1,-1,-1,4,1
2013350084013,1,9,0,18,0,0,1,0,1,4,1,1,6,1,9,1560,2,2,10,1
2013350084013,2,21,1,12,0,0,0,0,0,0,0,2,6,3,-1,-1,-1,-1,-1,-1
2013350084113,1,9,0,18,0,0,0,0,1,9,1,1,6,1,10,1360,1,10,7,2
2013350084513,1,9,0,11,0,8,1,0,4,6,3,1,6,1,7,2204,2,6,7,3
2013350084513,2,9,0,18,0,8,1,0,1,10,4,1,6,2,7,-1,-1,-1,10,1
2013350084713,1,9,0,17,0,0,1,0,7,9,0,1,1,2,7,2926,2,10,6,2
2013350084913,1,9,0,13,0,0,1,0,0,0,1,1,6,1,5,1598,1,14,4,2
2013350084913,2,9,0,17,0,0,0,0,0,0,1,1,6,2,8,-1,-1,-1,3,3
2013350085413,1,9,0,18,0,1,0,0,0,0,1,1,6,1,9,1994,1,10,6,1
2013350085413,2,9,0,18,0,1,0,0,0,0,2,1,6,1,8,1368,1,6,8,1
2013350085813,1,1,0,18,0,2,0,0,0,0,1,1,6,2,-1,-1,-1,-1,-1,-1
2013350086113,1,9,0,1,0,0,0,0,0,0,2,1,6,2,9,1796,1,10,6,1
2013350086213,1,21,1,4,0,0,0,0,0,0,1,1,1,1,9,12900,2,2,3,1
2013350086213,2,9,0,4,0,0,0,0,0,0,2,1,2,1,8,1995,2,7,9,1
2013350086213,3,9,0,4,0,0,0,0,0,0,2,1,6,1,6,3800,1,-1,9,1
2013350086313,1,9,0,9,0,5,0,0,0,0,0,1,6,1,4,-1,-1,-1,-1,-1
2013350086313,2,1,0,18,4,8,0,0,0,0,0,1,6,1,5,-1,-1,-1,-1,-1
2013350086713,1,9,0,18,0,0,0,0,0,0,1,1,6,1,8,1598,1,10,10,1
2013350086713,2,9,0,3,0,0,0,0,0,0,2,1,6,2,8,1796,1,4,10,1
2013350086913,1,9,0,17,0,0,1,0,7,4,1,1,6,2,5,1242,1,15,2,1
2013350087313,1,9,0,18,0,1,0,0,0,0,1,1,1,1,5,1598,1,12,7,3
2013350087313,2,9,0,7,0,5,0,0,0,0,2,1,1,2,8,-1,-1,-1,4,3
2013350087513,1,19,0,18,0,0,0,0,0,0,1,1,1,1,6,1870,2,8,9,3
2013350087513,2,19,0,4,0,0,0,0,0,0,2,1,1,1,9,-1,-1,-1,9,3
2013350087513,3,19,4,4,0,0,0,0,0,0,2,1,1,1,5,-1,-1,-1,-1,-1
2013350087613,1,9,0,18,0,0,2,10,7,10,1,1,1,2,5,1328,1,7,7,3
2013350087713,1,9,0,17,0,0,2,0,7,9,3,1,1,2,6,1398,2,3,9,3
2013350087713,2,9,0,18,0,0,0,0,0,0,1,1,3,1,10,1360,1,6,5,3
2013350087813,1,9,0,9,0,6,0,0,0,0,3,1,3,1,7,1497,8,6,9,1
2013350087813,2,9,0,18,0,8,0,0,1,0,1,1,1,2,8,1761,1,14,7,3
2013350087913,1,9,0,4,0,0,1,0,0,0,1,1,1,1,5,1199,1,10,6,1
2013350087913,2,9,0,4,0,0,0,0,0,0,2,1,1,2,9,1242,1,6,9,1
2013350088013,1,9,0,18,0,0,1,0,7,0,1,1,6,1,9,-1,-1,-1,9,1
2013350088013,2,9,0,4,0,0,1,0,0,0,2,1,6,2,8,1390,1,3,9,2
2013350088013,3,9,0,18,0,0,1,0,1,0,1,1,6,2,6,1997,2,9,8,2
2013350088213,1,9,0,18,0,1,0,0,0,0,1,1,6,1,7,1796,1,8,10,2
2013350088213,2,9,0,8,0,1,0,0,0,0,2,1,2,2,5,1995,2,3,9,2
2013350088313,1,9,0,3,0,0,0,0,0,0,2,1,6,2,4,1422,2,10,10,2
2013350088313,2,1,0,18,0,0,0,0,0,0,1,1,6,1,7,-1,-1,-1,8,1
2013350088613,1,5,0,4,0,1,0,0,0,0,1,1,6,2,8,998,1,5,3,1
2013350088613,2,5,0,4,0,1,0,0,0,0,2,1,6,1,8,1237,1,3,4,1
2013350088613,3,9,0,4,0,1,0,0,0,0,0,1,6,1,9,2685,2,10,9,1
2013350088613,4,19,0,10,0,8,0,0,0,0,0,1,6,1,5,2402,2,6,6,3
2013350088813,1,9,0,18,0,0,1,0,0,0,1,1,6,2,4,1198,1,9,9,3
2013350088813,2,3,0,3,0,0,0,0,0,0,2,1,2,1,10,124,1,2,7,1
2013350088813,3,19,0,3,0,0,0,0,0,0,2,1,2,1,9,1997,2,9,5,2
2013350088913,1,8,0,13,9,1,0,0,0,0,4,1,6,1,-1,-1,-1,-1,-1,-1
2013350088913,2,1,0,18,0,1,5,0,0,0,3,1,2,1,6,-1,-1,-1,7,1
2013350089013,1,9,0,18,0,1,1,0,0,0,1,1,2,2,5,1364,1,7,8,3
2013350089013,2,9,0,7,0,5,0,0,0,0,2,1,3,2,7,1360,1,6,7,1
2013350089113,1,9,0,18,0,1,0,0,0,0,1,1,1,1,7,-1,-1,-1,1,1
2013350089113,2,1,0,18,0,8,0,0,0,0,4,1,6,1,2,-1,-1,-1,-1,-1
2013350089213,1,19,0,13,0,0,0,0,0,0,4,1,6,1,7,-1,-1,-1,-1,-1
2013350089213,2,1,0,18,0,0,0,0,0,0,3,1,6,2,3,-1,-1,-1,-1,-1
2013350089313,1,9,0,9,0,5,0,0,0,0,3,1,6,1,8,1360,1,10,6,3
2013350089313,2,9,0,18,0,8,0,0,1,1,3,1,6,1,4,1390,1,14,6,1
2013350089413,1,9,0,18,0,8,1,0,7,0,1,1,1,1,7,1984,1,7,10,2
2013350089413,2,9,0,9,0,6,0,0,0,0,3,1,6,1,6,1229,1,5,10,1
2013350089613,1,9,0,18,0,0,1,0,0,0,1,1,6,2,5,1360,1,14,10,1
2013350089613,2,9,0,4,0,0,0,0,0,0,2,1,1,1,7,1910,2,5,9,1
2013350089713,1,21,1,16,0,0,0,0,0,0,3,1,1,1,10,11705,2,6,6,1
2013350089713,2,9,0,17,0,0,0,0,1,0,3,1,6,2,5,1086,1,3,9,2
2013350089713,3,19,0,17,0,0,0,0,0,0,3,1,1,1,6,1968,2,3,6,1
2013350089813,1,8,0,13,4,2,0,0,0,0,4,1,1,1,7,1968,2,8,5,1
2013350089813,2,1,0,18,4,2,0,0,0,0,3,1,6,1,7,-1,-1,-1,9,1
2013350090413,1,9,0,18,0,0,0,0,0,0,1,1,6,3,-1,-1,-1,-1,-1,-1
2013350090413,2,1,0,18,0,0,0,0,0,0,1,1,6,2,3,-1,-1,-1,4,1
2013350090813,1,9,0,5,0,1,0,0,0,0,1,1,6,2,8,1995,2,5,4,3
2013350090813,2,9,0,4,0,1,0,0,0,0,2,1,6,1,7,998,1,12,7,1
2013350090913,1,9,0,18,0,0,0,0,1,4,2,1,6,1,5,1124,1,17,4,1
2013350091213,1,9,0,11,0,0,0,0,1,9,0,1,6,2,11,1679,1,12,9,1
2013350091313,1,9,0,17,0,1,1,0,1,0,1,1,2,2,6,1686,2,11,7,3
2013350091413,1,21,1,12,0,0,0,0,0,0,3,1,1,1,7,8970,2,7,6,1
2013350091413,2,9,0,18,0,0,0,0,0,0,4,1,2,1,4,-1,-1,-1,8,2
2013350091613,1,21,0,12,0,4,0,0,0,0,3,1,1,1,7,5880,2,10,4,1
2013350091613,2,9,0,18,0,3,0,0,0,0,4,1,6,1,6,-1,-1,-1,4,3
2013350092013,1,9,0,17,0,0,0,0,0,0,1,1,1,2,4,973,1,11,8,2
2013350092013,2,9,0,4,0,0,0,0,0,0,2,1,1,2,5,1299,1,11,9,2
2013350092213,1,9,0,7,0,4,0,0,0,0,1,1,1,1,11,1956,2,-1,9,1
2013350092213,2,1,0,18,0,8,0,0,0,0,1,1,1,1,6,-1,-1,-1,4,1
2013350092613,1,9,0,7,0,5,0,0,0,0,4,1,6,3,-1,-1,-1,-1,-1,-1
2013350092613,2,1,0,18,0,8,0,0,0,0,1,1,6,1,5,-1,-1,-1,4,1
2013350093113,1,9,0,9,0,6,0,0,0,0,1,1,6,2,4,1299,1,11,9,3
2013350093113,2,9,0,18,0,8,0,0,0,0,4,1,6,2,8,1229,1,4,6,1
2013350093213,1,9,0,18,0,1,1,0,4,6,1,1,2,2,4,1149,1,10,10,1
2013350093313,1,9,0,18,0,0,0,0,0,0,1,1,6,1,7,2993,2,5,9,1
2013350093413,1,9,0,18,0,0,0,0,0,0,1,1,2,1,6,-1,-1,-1,9,2