Accident_Index,Vehicle_Reference,Vehicle_Type,Towing_and_Articulation,Vehicle_Manoeuvre,Vehicle_Location-Restricted_Lane,Junction_Location,Skidding_and_Overturning,Hit_Object_in_Carriageway,Vehicle_Leaving_Carriageway,Hit_Object_off_Carriageway,1st_Point_of_Impact,Was_Vehicle_Left_Hand_Drive?,Journey_Purpose_of_Driver,Sex_of_Driver,Age_Band_of_Driver,Engine_Capacity_(CC),Propulsion_Code,Age_of_Vehicle,Driver_IMD_Decile,Driver_Home_Area_Type
2013350093413,2,9,0,4,0,0,0,0,0,0,2,1,2,2,8,1388,1,4,7,1
2013350093413,3,9,0,4,0,0,0,0,0,0,2,1,2,1,6,1870,2,12,8,2
2013350093913,1,9,0,16,0,0,0,12,7,9,1,1,2,2,8,1896,2,11,5,3
2013350094013,1,9,0,16,0,0,1,0,8,4,1,1,6,2,8,1399,2,9,7,2
2013350094213,1,9,0,18,0,0,0,0,0,0,1,1,6,1,-1,1994,2,15,-1,-1
2013350094213,2,9,0,18,0,0,0,0,0,0,1,1,6,2,6,1124,1,14,5,1
2013350094413,1,9,0,18,0,6,0,0,0,0,1,1,1,1,9,1560,2,1,9,1
2013350094413,2,9,0,18,0,8,0,0,0,0,3,1,6,2,6,1328,1,8,5,1
2013350094513,1,9,0,11,0,8,0,0,0,0,2,1,6,1,8,1839,1,8,-1,-1
2013350094513,2,11,0,17,0,8,0,0,0,0,1,1,1,2,8,3900,2,9,1,1
2013350094813,1,9,0,18,0,0,0,0,6,6,1,1,6,1,10,2495,2,18,3,1
2013350095313,1,8,0,18,0,8,0,0,0,0,1,1,1,1,8,2664,2,7,6,1
2013350095413,1,9,0,18,0,0,0,0,0,0,1,1,6,1,7,2800,1,14,1,1
2013350095513,1,3,0,18,0,1,1,0,0,0,1,1,6,2,4,125,1,-1,6,2
2013350095613,1,9,0,18,0,1,2,4,0,0,1,1,6,2,4,1796,1,11,7,2
2013350095613,2,9,0,2,0,1,0,0,0,0,1,1,6,3,-1,1999,1,8,-1,-1
2013350095713,1,8,0,9,0,6,0,0,0,0,3,1,6,1,6,1997,2,5,3,1
2013350095713,2,1,0,18,4,8,0,0,0,0,1,1,6,1,6,-1,-1,-1,4,3
2013350096213,1,9,0,18,0,0,1,0,1,7,1,1,6,1,8,1984,1,4,7,1
2013350096213,2,9,0,4,0,0,0,0,0,0,0,1,6,2,6,1598,1,10,9,1
2013350096413,1,9,0,18,0,0,1,0,1,9,1,1,6,2,10,1590,1,15,5,3
2013350096513,1,3,0,13,0,8,0,0,0,0,1,1,6,1,5,124,1,2,9,3
2013350096513,2,90,0,12,0,8,0,0,0,0,2,1,1,2,5,-1,-1,-1,10,1
2013350096613,1,9,0,4,0,1,0,0,0,0,1,1,1,1,7,1997,2,1,9,3
2013350096613,2,9,0,4,0,1,0,0,0,0,2,1,2,1,8,1994,2,10,9,1
2013350096613,3,9,0,3,0,1,0,0,0,0,2,1,6,2,7,2231,2,4,8,2
2013350096613,4,9,0,10,0,1,0,0,0,0,2,1,2,1,7,1328,1,5,10,2
2013350097113,1,9,0,18,0,7,0,0,0,0,1,1,1,1,7,1596,1,9,10,1
2013350097113,2,9,0,18,0,8,0,0,0,0,4,1,1,1,8,2720,2,7,7,2
2013350097613,1,9,0,4,0,0,1,0,0,0,1,1,6,1,5,1229,1,7,4,1
2013350097613,2,9,0,4,0,0,0,0,0,0,2,1,2,2,7,1968,2,2,8,1
2013350097713,1,9,0,18,0,1,0,0,0,0,1,1,6,1,7,1599,1,12,-1,-1
2013350097713,2,19,0,10,0,1,0,0,7,9,2,1,2,2,10,1753,2,7,9,3
2013350098413,1,9,0,16,0,0,1,0,1,10,4,1,6,2,8,-1,-1,-1,5,3
2013350098513,1,9,0,14,0,0,0,0,0,0,4,1,6,3,-1,-1,-1,-1,-1,-1
2013350098513,2,9,0,3,0,0,0,0,0,0,3,1,6,2,4,1995,2,5,3,1
2013350098613,1,19,0,18,0,2,0,0,0,0,1,1,6,1,7,2198,2,3,-1,-1
2013350098813,1,9,0,14,0,2,0,0,0,0,4,1,6,2,-1,1895,1,13,-1,-1
2013350098813,2,9,0,2,0,2,0,0,0,0,3,1,6,1,-1,1598,1,15,-1,-1
2013350098913,1,9,0,9,0,6,0,0,0,0,3,1,6,2,5,1896,2,13,7,2
2013350098913,2,3,0,17,0,8,0,0,0,0,1,1,1,1,4,124,1,2,7,2
2013350099213,1,9,0,18,0,0,0,0,0,0,2,1,6,1,9,-1,-1,-1,6,1
2013350099413,1,9,0,12,0,0,0,0,0,0,1,1,6,1,8,1761,1,15,-1,-1
2013350099413,2,9,0,18,0,0,0,0,0,0,1,1,6,2,8,999,1,-1,6,1
2013350100013,1,9,0,18,0,0,5,0,1,0,0,1,6,1,8,1360,1,13,1,1
2013350100113,1,9,0,4,0,0,1,0,0,0,1,1,2,2,7,1299,1,13,9,1
2013350100113,2,9,0,4,0,0,0,0,0,0,2,1,2,1,7,1968,2,3,8,1
2013350100313,1,9,0,12,0,0,0,0,0,0,3,1,2,1,5,1910,2,4,10,3
2013350100313,2,5,0,18,0,0,0,0,0,0,4,1,2,1,5,998,1,4,7,1
2013350100413,1,9,0,12,0,7,1,10,4,6,1,1,1,2,7,2171,1,8,8,1
2013350100413,2,9,0,18,0,8,2,10,4,6,1,1,1,1,8,1493,2,6,-1,2
2013350100413,3,9,0,3,0,7,1,0,0,0,1,1,1,2,8,3614,1,4,8,1
2013350100413,4,21,0,3,0,7,0,0,0,0,3,1,1,1,9,12900,2,1,3,1
2013350100713,1,9,0,5,0,6,0,0,0,0,3,1,1,1,9,3498,1,6,4,2
2013350100713,2,1,0,17,0,8,0,0,2,0,1,1,1,1,10,-1,-1,-1,6,1
2013350100913,1,9,0,11,0,0,0,0,0,0,4,1,1,1,4,1198,1,5,7,1
2013350100913,2,9,0,18,0,0,0,0,0,0,3,1,1,1,8,2967,2,5,9,1
2013350101013,1,9,0,5,0,0,0,0,0,0,4,1,6,1,9,1596,1,4,2,1
2013350101113,1,9,0,5,0,6,0,0,3,10,1,1,6,2,10,1248,1,1,10,2
2013350101313,1,9,0,18,0,2,0,0,0,0,1,1,1,1,6,1596,1,5,10,2
2013350101313,2,9,0,3,0,2,0,0,0,0,2,1,2,1,8,1398,1,9,-1,-1
2013350101413,1,9,0,4,0,1,0,0,0,0,1,1,1,2,-1,1997,2,8,9,1
2013350101413,2,9,0,4,0,1,0,0,0,0,2,1,1,1,6,1988,1,10,5,1
2013350101613,1,9,0,7,0,5,0,0,0,0,4,1,6,1,7,3628,2,7,10,2
2013350101813,1,9,0,5,0,4,0,0,0,0,1,1,6,1,11,1796,1,15,9,1
2013350101813,2,9,0,18,0,8,0,0,0,0,4,1,2,1,9,1399,2,5,8,1
2013350101913,1,8,0,1,0,1,0,0,0,0,2,1,6,1,6,1896,2,7,4,1
2013350101913,2,9,0,2,6,1,0,0,0,0,1,1,6,2,5,1587,1,8,2,1
2013350102013,1,9,0,18,0,2,0,0,1,4,1,1,6,1,6,-1,-1,-1,1,1
2013350102113,1,9,0,18,0,0,0,0,0,0,1,1,1,1,9,1796,1,17,5,1
2013350102113,2,9,0,18,0,0,0,0,0,0,2,1,1,1,8,1956,2,3,10,2
2013350102813,1,9,0,18,0,0,0,0,0,0,1,1,6,1,6,1360,1,6,-1,-1
2013350102813,2,9,0,18,0,0,1,0,0,0,2,1,6,2,7,1995,2,12,-1,-1
2013350102913,1,9,0,9,0,5,1,0,0,0,4,1,6,1,4,1598,2,1,8,3
2013350102913,2,19,0,18,0,8,5,0,0,0,1,1,6,1,9,1868,2,14,8,2
2013350103013,1,19,0,6,0,0,0,0,0,0,3,1,1,1,5,1248,2,5,5,3
2013350103013,2,3,0,14,0,0,0,0,0,0,1,1,6,1,4,-1,-1,-1,9,2
2013350103213,1,9,0,18,0,0,1,0,0,0,1,1,2,2,6,2099,1,10,2,1
2013350103213,2,9,0,18,0,0,0,0,0,0,2,1,1,1,6,1868,2,12,5,1
2013350103213,3,21,0,18,0,0,0,0,0,0,1,1,1,1,9,11967,2,2,5,3
2013350103713,1,9,0,17,0,0,5,0,7,1,1,1,6,1,9,1998,2,7,4,1
2013350104513,1,9,0,9,0,6,0,0,0,0,4,1,6,2,4,1124,1,12,10,3
2013350104513,2,9,0,18,0,8,0,0,0,0,1,1,2,1,5,999,1,13,7,3
2013350104513,3,9,0,18,0,8,0,0,0,0,1,1,6,1,8,3996,1,15,7,3
2013350104613,1,9,0,3,0,0,2,0,0,0,2,1,6,2,7,1598,1,3,4,1
2013350104613,2,9,0,4,0,0,0,0,0,0,2,1,6,1,9,1753,2,10,1,1
2013350104613,3,9,0,18,0,0,0,0,0,0,1,1,6,1,5,1598,1,12,9,2
2013350104713,1,9,0,4,0,3,0,0,0,0,1,1,1,2,6,1360,1,9,2,1
2013350104713,2,1,0,18,0,2,0,0,0,0,2,1,6,2,3,-1,-1,-1,1,1
2013350104813,1,9,0,9,4,5,0,0,0,0,4,1,6,1,8,1299,1,12,6,1
2013350104813,2,1,0,18,4,8,5,0,0,0,1,1,6,1,8,-1,-1,-1,3,1
2013350105113,1,9,0,9,0,5,0,0,0,0,1,1,6,1,8,-1,-1,-1,-1,-1
2013350105113,2,9,0,18,0,8,0,0,0,0,1,1,6,1,7,1299,1,9,4,1
2013350105713,1,9,0,4,0,0,0,0,0,0,1,1,6,1,6,1753,2,13,9,2
2013350105713,2,9,0,3,0,0,0,0,0,0,2,1,6,1,6,2184,2,4,6,3
2013350105713,3,9,0,3,0,0,0,0,0,0,2,1,6,1,6,2198,1,11,6,2
2013350106013,1,9,0,11,0,8,1,0,1,10,1,1,6,2,5,1229,1,8,8,3
2013350106913,1,9,0,9,0,7,0,0,0,0,1,1,6,1,-1,1108,1,10,8,1
2013350106913,2,9,0,18,0,8,0,0,0,0,1,1,6,1,-1,1896,2,5,7,2
2013350107213,1,9,0,7,4,5,0,0,0,0,4,1,6,2,8,1600,2,4,9,3
2013350107213,2,1,0,18,4,8,0,0,0,0,3,1,1,1,9,-1,-1,-1,8,3
2013350107413,1,9,0,7,0,4,0,0,0,0,1,1,2,2,9,2148,2,7,7,2
2013350107413,2,1,0,18,0,8,0,0,0,0,1,1,2,1,6,-1,-1,-1,4,2
2013350107713,1,9,0,7,0,6,0,0,0,0,1,1,6,3,-1,-1,-1,-1,-1,-1
2013350107713,2,1,0,18,0,8,0,0,0,0,2,1,6,1,3,-1,-1,-1,3,1
2013350107813,1,9,0,7,0,6,0,0,0,0,2,1,3,1,6,1389,1,12,8,3
2013350107813,2,1,0,18,0,3,0,0,0,0,1,1,6,1,2,-1,-1,-1,10,1
2013350108013,1,19,0,15,0,1,0,0,0,0,1,1,6,1,5,3920,2,2,6,3
2013350108013,2,9,0,10,0,1,0,0,0,0,2,1,6,1,4,1360,1,13,7,1
2013350108113,1,9,0,13,0,0,2,0,7,9,3,1,2,2,6,1242,1,4,8,1
2013350108213,1,9,0,18,0,0,0,0,0,0,1,1,6,2,11,999,1,7,10,3
2013350108213,2,9,0,18,0,0,0,0,0,0,1,1,6,2,9,1242,1,15,-1,-1
2013350108313,1,9,0,18,0,1,0,0,0,0,1,1,6,1,4,1995,2,6,5,3
2013350108513,1,9,0,18,0,0,0,0,0,0,1,1,6,1,7,-1,-1,-1,7,1
2013350108513,2,19,0,3,0,0,0,0,0,0,2,1,6,1,7,-1,-1,-1,5,2
2013350108513,3,9,0,3,0,0,0,0,0,0,2,1,1,2,6,1582,2,1,8,1
2013350108613,1,9,0,16,0,8,1,0,0,0,1,1,1,1,8,1149,1,7,-1,-1
2013350108613,2,9,0,17,0,8,0,0,0,0,1,1,1,1,7,1900,2,14,4,1
2013350108813,1,9,0,18,0,1,0,0,0,0,1,1,1,1,5,998,1,19,-1,-1
2013350108813,2,9,0,4,0,1,0,0,0,0,2,1,3,2,6,-1,-1,-1,2,1
2013350108813,3,9,0,10,0,1,0,0,0,0,2,1,2,2,6,1390,1,12,8,2
2013350109113,1,9,0,16,0,8,0,0,1,0,3,1,6,2,6,2000,1,1,9,3
2013350109113,2,9,0,17,0,8,0,0,1,0,3,1,6,2,8,1586,1,5,10,2
2013350109213,1,19,0,4,0,2,0,0,0,0,2,1,1,1,7,1560,2,3,9,1
2013350109213,2,9,0,4,0,2,0,0,0,0,1,1,6,2,-1,1360,1,3,8,1
2013350109313,1,3,0,18,0,0,0,4,0,0,1,1,6,1,-1,-1,-1,-1,-1,-1
2013350109313,2,9,0,2,0,0,0,0,0,0,3,1,6,3,-1,-1,-1,-1,-1,-1
2013350109713,1,2,0,5,0,6,2,0,0,0,1,1,6,1,4,49,1,6,3,1
2013350109713,2,9,0,9,0,5,0,0,0,0,1,1,6,2,9,998,1,8,10,2
2013350110413,1,5,0,13,0,8,0,0,0,0,1,1,6,1,7,998,1,9,9,2
2013350110413,2,9,0,9,0,5,0,0,0,0,3,1,6,1,8,1248,2,7,2,1
2013350111213,1,9,0,17,0,0,1,0,7,4,2,1,6,2,5,1598,1,11,10,3
2013350111413,1,9,0,6,0,6,0,0,0,0,1,1,6,3,-1,-1,-1,-1,-1,-1
2013350111413,2,9,0,4,0,8,0,0,0,0,3,1,2,2,6,1753,2,12,5,1
2013350111613,1,8,0,7,0,6,0,0,0,0,1,1,1,1,7,1796,1,9,2,1
2013350111613,2,1,0,18,0,8,0,0,0,0,4,1,2,1,5,-1,-1,-1,7,1
2013350111813,1,9,0,5,0,6,0,0,0,0,1,1,1,2,7,1973,1,14,7,1
2013350111813,2,1,0,18,0,8,0,0,0,0,3,1,6,1,7,-1,-1,-1,3,1
2013350112613,1,9,0,17,0,0,1,0,1,10,1,1,2,2,8,1242,1,1,10,1
2013350113113,1,9,0,17,0,0,1,0,2,0,1,1,6,1,9,1781,1,13,2,1
2013350113113,2,19,0,16,0,0,0,0,7,0,1,1,6,1,7,2283,2,11,-1,-1
2013350113213,1,9,0,7,0,5,0,0,0,0,4,1,3,2,6,1997,2,13,2,1
2013350113213,2,1,0,18,0,8,0,0,0,0,1,1,6,1,2,-1,-1,-1,3,1
2013350113313,1,9,0,18,0,0,0,0,0,0,1,1,2,1,6,1390,1,12,5,1
2013350113313,2,9,0,18,0,0,0,0,7,0,1,1,6,1,6,1995,2,8,5,1
2013350113413,1,9,0,18,0,0,0,0,0,0,1,1,6,3,-1,-1,-1,-1,-1,-1
2013350113413,2,2,0,18,0,0,0,0,0,0,1,1,6,2,5,49,1,1,2,1
2013350113813,1,9,0,18,0,0,0,0,0,0,1,1,6,2,5,1242,1,5,7,2
2013350113813,2,9,0,18,0,0,0,0,1,0,1,1,6,1,6,1968,2,4,4,1
2013350115113,1,9,0,12,0,0,1,0,1,7,4,1,6,1,10,1596,1,8,2,1
2013350115313,1,9,0,18,0,0,0,0,0,0,0,1,6,1,-1,-1,-1,-1,-1,-1
2013350115313,2,1,0,4,0,0,0,0,0,0,0,1,3,1,5,-1,-1,-1,-1,-1
2013350115413,1,9,0,16,0,2,1,4,0,0,1,1,6,1,4,1596,1,12,-1,-1
2013350115413,2,9,0,2,9,2,0,0,0,0,4,1,6,3,-1,1999,1,3,4,1
2013350115413,3,9,0,2,9,2,0,0,0,0,3,1,6,3,-1,1598,1,11,4,1
2013350115413,4,9,0,2,9,2,0,0,0,0,3,1,6,3,-1,-1,-1,-1,4,1
2013350115413,5,9,0,2,0,2,0,0,0,0,1,1,6,3,-1,1796,1,4,-1,-1
2013350116313,1,11,0,18,0,0,0,0,0,0,4,1,1,3,-1,-1,-1,-1,-1,-1
2013350116313,2,1,0,18,0,0,0,0,0,0,3,1,6,1,6,-1,-1,-1,10,1
2013350117013,1,9,0,18,0,5,5,0,0,0,4,1,6,1,10,1997,2,8,10,2
2013350117013,2,9,0,17,0,8,0,0,0,0,4,1,6,1,7,-1,-1,-1,9,3
2013350117213,1,9,0,4,0,1,0,0,0,0,1,1,6,3,-1,-1,-1,-1,-1,-1
2013350117313,1,9,0,6,0,0,0,0,5,6,1,1,6,2,10,1850,1,13,10,2
2013350117313,2,9,0,18,0,0,1,0,1,4,1,1,6,1,10,1686,2,2,6,2
2013350117413,1,9,0,9,0,5,0,0,0,0,1,1,6,1,4,1199,1,12,6,3
2013350117413,2,9,0,18,0,8,0,0,0,0,1,1,2,1,6,2495,2,16,5,1
2013350117613,1,9,0,18,0,1,0,0,0,0,1,1,2,1,6,1910,2,6,6,2
2013350117613,2,9,0,3,0,1,0,0,0,0,2,1,2,2,-1,1995,2,5,7,3
2013350118913,1,9,0,7,0,5,0,0,1,0,4,1,6,2,7,2143,2,4,8,1
2013350118913,2,1,0,18,0,8,0,0,0,0,1,1,6,1,-1,-1,-1,-1,-1,-1
2013350119513,1,9,0,18,0,0,0,0,0,0,4,1,3,1,-1,-1,-1,-1,-1,-1
2013350119613,1,9,0,9,0,6,0,0,0,0,3,1,6,1,6,1834,1,12,1,1
2013350119613,2,9,0,18,0,8,0,0,0,0,1,1,6,2,4,1199,1,11,3,3
2013350119813,1,9,0,9,0,5,0,0,0,0,1,1,2,2,7,1329,1,4,10,1
2013350119813,2,1,0,18,0,8,0,0,0,0,1,1,2,1,8,-1,-1,-1,6,1
2013350119913,1,9,0,18,0,1,0,0,0,0,1,1,6,1,6,-1,-1,-1,-1,-1
2013350119913,2,9,0,3,0,1,0,0,0,0,2,1,6,2,-1,-1,-1,-1,-1,-1
2013350120213,1,9,0,18,0,0,0,0,0,0,4,1,6,2,10,1360,1,11,3,1
2013350120413,1,9,0,18,0,8,1,0,0,0,1,1,1,1,10,1598,1,12,5,3
2013350120413,2,19,0,18,0,8,0,0,0,0,1,1,1,1,7,1753,2,6,8,2
2013350120613,1,9,0,9,0,6,0,0,0,0,3,1,6,1,5,1388,1,13,-1,-1
2013350120613,2,9,0,18,0,8,0,0,0,0,1,1,6,2,7,1753,2,9,3,1
2013350121213,1,19,0,1,0,0,0,0,0,0,2,1,6,1,-1,-1,-1,-1,-1,-1
2013350121713,1,5,0,9,0,6,0,0,0,0,3,1,6,1,8,1172,1,10,10,1
2013350122013,1,9,0,18,0,2,0,0,0,0,1,1,6,3,-1,-1,-1,-1,-1,-1
2013350122213,1,9,0,18,0,6,0,0,0,0,1,1,6,1,4,1598,1,11,4,1
2013350122213,2,9,0,16,0,8,0,0,0,0,3,1,6,1,7,1298,1,11,1,1
2013350122713,1,9,0,13,0,0,0,0,0,0,1,1,2,1,6,2198,1,12,9,2
2013350122713,2,5,0,18,0,0,0,0,1,9,1,1,2,1,8,1043,1,1,10,2
2013350122813,1,9,0,9,0,5,0,0,0,0,1,1,6,1,8,1299,1,11,1,1
2013350122813,2,9,0,18,0,8,0,0,0,0,3,1,6,2,5,1398,1,1,9,1
2013350122913,1,8,0,5,0,2,0,0,0,0,1,1,1,1,10,2664,2,14,2,1
2013350123413,1,4,0,18,0,0,0,0,0,0,0,1,6,3,-1,-1,-1,-1,-1,-1
2013350123513,1,8,0,18,0,0,0,0,0,0,0,1,6,1,-1,-1,-1,-1,-1,-1
2013350123813,1,5,0,18,0,8,1,0,0,0,3,1,6,1,7,1237,1,-1,7,1
2013350123913,1,9,0,3,0,1,0,0,0,0,2,1,6,1,7,1910,2,10,6,2
2013350123913,2,9,0,18,0,1,0,0,0,0,1,1,6,1,7,1998,2,10,7,2
2013350124013,1,9,0,7,0,5,0,0,0,0,4,1,6,1,6,1986,2,6,9,3
2013350124013,2,1,0,18,9,8,0,0,0,0,3,1,6,1,3,-1,-1,-1,9,3
2013350124213,1,9,0,18,0,0,0,0,0,0,3,1,6,1,10,1199,1,14,10,2
2013350124213,2,9,0,18,0,0,0,0,0,0,3,1,6,2,8,999,1,2,8,2
2013350124713,1,20,0,1,0,0,0,0,0,0,4,1,1,1,8,-1,-1,-1,8,3
2013350124713,2,9,0,2,0,0,0,0,0,0,3,1,6,2,9,1956,2,1,6,1
2013350124813,1,9,0,18,9,2,1,0,7,10,1,1,6,1,4,1997,2,11,5,1
2013350125213,1,19,0,9,0,5,0,0,0,0,3,1,6,1,-1,1995,2,5,-1,-1
2013350125213,2,1,0,3,0,1,0,0,0,0,1,1,6,2,8,-1,-1,-1,10,2
2013350125713,1,9,0,4,0,3,0,0,0,0,1,1,1,1,8,1388,1,8,5,1
2013350126013,1,1,0,18,0,1,0,0,0,0,1,1,6,2,5,-1,-1,-1,9,1
2013350126013,2,9,0,5,0,1,0,0,0,0,1,1,6,2,6,1149,1,10,-1,-1
2013350126313,1,1,0,18,0,8,0,0,0,0,1,1,2,1,6,-1,-1,-1,9,2
2013350126313,2,20,0,7,0,6,0,0,0,0,1,1,2,2,6,-1,-1,-1,3,1
2013350126613,1,9,0,7,0,5,0,0,0,0,1,1,6,1,10,999,1,8,-1,-1
2013350126613,2,1,0,18,0,8,0,0,0,0,2,1,2,1,5,-1,-1,-1,3,1
2013350126913,1,9,0,9,0,6,0,0,0,0,1,1,6,1,7,1248,1,1,-1,-1
2013350126913,2,9,0,18,0,8,0,0,0,0,1,1,6,1,5,1796,1,11,3,1
2013350127213,1,9,0,4,0,1,0,0,0,0,1,1,1,2,9,1596,1,11,2,1
2013350127213,2,1,0,3,0,1,0,0,0,0,2,1,1,1,7,-1,-1,-1,9,1
2013350127313,1,11,0,5,0,0,0,0,0,0,4,1,1,3,-1,-1,-1,-1,-1,-1
2013350127613,1,9,0,18,0,0,0,0,0,0,1,1,6,1,4,1299,1,10,10,1
2013350127613,2,9,0,4,0,0,0,0,0,0,2,1,6,2,7,1360,1,8,9,2
2013350128413,1,9,0,18,0,6,0,0,0,0,1,1,6,2,4,1124,1,11,10,1
2013350128413,2,9,0,18,0,8,0,0,3,0,2,1,6,1,10,1761,1,13,5,1
2013350128713,1,21,1,12,0,0,0,0,0,0,3,1,1,1,7,12740,2,2,5,1
2013350128713,2,9,0,18,0,0,1,0,5,6,4,1,6,1,4,1796,1,15,-1,-1
2013350128813,1,9,0,5,0,1,0,0,0,0,1,1,6,2,5,1388,1,10,2,1
2013350128813,2,9,0,3,0,1,0,0,0,0,2,1,1,1,6,1364,2,5,1,1
2013350129013,1,9,0,18,0,0,1,0,0,0,1,1,6,2,9,1399,2,11,8,1
2013350129013,2,9,0,3,0,0,0,0,0,0,2,1,6,1,7,2993,2,-1,4,3
2013350129013,3,9,0,3,0,0,0,0,0,0,2,1,6,1,7,1598,1,3,3,1
2013350129013,4,9,0,18,0,0,0,0,1,0,2,1,6,1,5,1390,1,13,9,1
2013350129613,1,9,0,18,9,0,0,0,1,4,1,1,6,1,6,1149,1,6,9,1
2013350129713,1,9,0,18,0,1,0,0,0,0,1,1,6,2,4,998,1,14,10,1
2013350129713,2,9,0,3,0,1,0,0,0,0,2,1,6,2,5,1149,1,12,10,1
2013350129913,1,9,0,4,0,1,0,0,0,0,1,1,6,2,6,2720,2,8,6,2
2013350129913,2,9,0,4,0,1,0,0,0,0,2,1,6,1,6,1330,1,18,10,2
2013350130813,1,9,0,14,0,0,0,0,0,0,4,1,6,2,-1,998,1,13,10,1
2013350130813,2,9,0,2,0,0,0,0,0,0,4,1,6,2,-1,2799,1,16,-1,-1
2013350130913,1,9,0,18,0,0,0,0,2,10,1,1,2,2,5,1396,1,14,6,2
2013350130913,2,9,0,18,0,0,0,0,7,10,1,1,2,1,6,1968,2,2,8,2
2013350131213,1,9,0,18,0,0,2,0,1,0,4,1,6,1,6,1997,1,13,7,3
2013350131613,1,9,0,18,0,1,0,0,0,0,1,1,6,1,-1,1596,1,2,-1,-1
2013350131613,2,9,0,3,0,1,0,0,0,0,2,1,6,2,7,1398,1,2,-1,-1
2013350131613,3,9,0,10,0,1,0,0,0,0,2,1,6,2,8,1997,2,2,7,2
2013350131613,4,9,0,18,0,1,0,0,0,0,2,1,6,1,-1,-1,-1,-1,8,1
2013350131713,1,9,0,9,0,6,0,0,0,0,2,1,6,2,4,1149,1,10,5,3
2013350131713,2,9,0,18,0,8,0,0,0,0,1,1,1,1,-1,1956,2,-1,-1,-1
2013350132213,1,9,0,14,0,8,0,0,0,0,4,1,6,1,10,1391,1,11,3,3
2013350132513,1,9,0,9,0,6,1,0,1,7,1,1,6,1,5,2231,2,5,7,2
2013350133213,1,19,0,4,0,1,0,0,0,0,1,1,1,1,8,-1,-1,-1,-1,-1
2013350133213,2,9,0,3,0,1,0,0,0,0,2,1,1,2,8,1910,2,7,8,3
2013350133513,1,2,0,18,0,0,1,0,1,0,4,1,6,1,4,49,1,2,7,2
2013350133713,1,9,0,18,0,0,0,0,0,0,1,1,6,2,6,1995,2,9,3,1
2013350133713,2,9,0,4,0,0,0,0,0,0,2,1,6,1,7,1796,1,13,2,1
2013350133913,1,20,0,11,0,3,0,0,0,0,1,1,1,1,9,12900,2,1,1,1
2013350133913,2,9,0,18,0,8,0,0,0,0,3,1,6,1,8,2987,2,7,8,3
2013350134113,1,9,0,18,0,0,0,0,0,0,1,1,6,3,-1,1248,2,9,-1,-1
2013350134113,2,9,0,3,0,0,0,0,0,0,2,1,6,1,6,1968,2,4,7,1
2013350134313,1,21,0,4,0,1,0,0,0,0,1,1,6,1,8,-1,-1,-1,5,1
2013350134313,2,9,0,3,0,8,0,0,1,0,2,1,6,1,8,1968,2,3,10,2
2013350134313,3,9,0,10,0,1,0,4,7,0,2,1,6,2,6,2188,2,7,6,2
2013350134313,4,9,0,2,9,8,0,0,0,0,2,1,6,3,-1,1598,1,14,-1,-1
2013350135613,1,9,0,18,0,0,0,0,0,0,1,1,6,1,7,1398,2,10,7,1
2013350135613,2,9,0,3,0,0,0,0,0,0,2,1,6,1,7,1598,2,1,7,3
2013350135613,3,9,0,3,0,0,0,0,0,0,2,1,6,1,6,998,1,4,7,1
2013350135613,4,9,0,3,0,0,0,0,0,0,2,1,6,2,4,1242,1,3,8,3
2013350135813,1,9,0,18,0,4,0,0,0,0,3,1,1,2,8,2198,2,8,10,2
2013350135813,2,4,0,9,0,8,0,0,0,0,4,1,1,1,6,805,1,7,-1,-1
2013350136013,1,9,0,18,0,0,0,0,0,0,1,1,6,1,5,1298,1,12,-1,-1
2013350136013,2,9,0,4,0,0,0,0,0,0,2,1,6,1,6,2179,2,4,5,2
2013350136013,3,9,0,4,0,0,0,0,0,0,2,1,2,2,6,1896,2,6,10,1
2013350136113,1,9,0,18,0,0,5,0,7,0,1,1,6,1,6,-1,-1,-1,7,2
2013350136213,1,9,0,17,0,1,0,4,0,0,1,1,6,2,7,1360,1,9,5,3
2013350136213,2,9,0,2,0,1,0,0,0,0,1,1,6,1,-1,2967,2,6,10,1
2013350136513,1,9,0,18,0,6,0,0,0,0,1,1,1,1,8,-1,-1,-1,10,1
2013350136513,2,1,0,18,0,2,0,0,0,0,4,1,1,1,6,-1,-1,-1,10,1
2013350136613,1,9,0,18,0,0,0,0,0,0,1,1,6,2,-1,-1,-1,-1,-1,-1
2013350136913,1,5,0,18,0,0,1,0,0,0,3,1,6,1,5,998,1,9,8,1
2013350136913,2,9,0,4,0,0,0,0,0,0,3,1,6,1,8,1461,2,4,10,2
2013350137113,1,9,0,17,0,0,5,0,1,4,3,1,6,2,8,1461,2,2,9,1
2013350137213,1,9,0,9,0,5,0,0,0,0,3,1,6,2,8,1998,1,8,1,1
2013350137213,2,3,0,13,0,8,0,0,1,10,1,1,6,1,4,124,1,3,7,3
2013350137513,1,9,0,5,0,6,0,0,0,0,3,1,3,2,8,2179,2,2,-1,-1
2013350137513,2,9,0,18,0,8,0,0,0,0,1,1,6,1,6,1686,2,11,-1,-1