Accident_Index,Vehicle_Reference,Vehicle_Type,Towing_and_Articulation,Vehicle_Manoeuvre,Vehicle_Location-Restricted_Lane,Junction_Location,Skidding_and_Overturning,Hit_Object_in_Carriageway,Vehicle_Leaving_Carriageway,Hit_Object_off_Carriageway,1st_Point_of_Impact,Was_Vehicle_Left_Hand_Drive?,Journey_Purpose_of_Driver,Sex_of_Driver,Age_Band_of_Driver,Engine_Capacity_(CC),Propulsion_Code,Age_of_Vehicle,Driver_IMD_Decile,Driver_Home_Area_Type
2013350138113,1,9,0,18,0,1,0,0,0,0,1,1,6,1,8,1398,2,3,2,1
2013350138113,2,9,0,18,0,2,0,0,0,0,1,1,6,1,7,-1,-1,-1,10,2
2013350138213,1,19,0,5,0,1,0,0,0,0,1,1,1,1,8,2402,2,2,1,1
2013350138213,2,9,0,4,0,1,0,0,0,0,2,1,6,2,5,1242,1,13,3,1
2013350138813,1,9,0,17,0,0,1,0,2,4,1,1,6,2,5,1149,1,5,7,3
2013350138913,1,9,0,4,0,0,0,0,0,0,1,1,6,2,8,1560,2,2,3,1
2013350138913,2,9,0,3,0,0,0,0,0,0,2,1,6,1,7,1753,2,14,9,3
2013350139113,1,21,1,18,0,7,0,0,0,0,1,1,1,1,7,12777,2,2,8,2
2013350139113,2,9,0,4,0,7,0,0,1,9,2,1,6,1,7,-1,-1,-1,10,1
2013350139213,1,9,0,5,0,6,0,0,1,2,2,1,6,1,8,1896,2,14,5,3
2013350139213,2,21,1,18,0,8,1,0,2,7,1,1,1,1,6,12902,2,-1,5,2
2013350139413,1,9,0,18,0,3,0,0,0,0,3,1,2,1,7,1598,1,6,10,2
2013350139413,2,4,0,9,0,3,0,0,0,0,1,1,2,1,5,487,1,15,7,1
2013350139513,1,9,0,3,0,0,0,0,0,0,2,1,6,1,-1,-1,-1,-1,-1,-1
2013350139513,2,9,0,18,0,0,0,0,0,0,1,1,6,1,-1,-1,-1,-1,-1,-1
2013350139613,1,9,0,9,0,5,0,0,0,0,1,1,6,1,6,998,1,12,3,1
2013350139613,2,1,0,18,0,8,2,0,0,0,1,1,6,1,7,-1,-1,-1,6,2
2013350140013,1,19,0,18,0,0,0,0,1,9,1,1,6,1,5,2287,2,1,5,3
2013350140713,1,9,0,16,0,0,0,0,1,0,1,1,2,1,8,-1,-1,-1,5,1
2013350140713,2,9,0,17,0,0,0,0,1,4,1,1,2,1,8,1968,2,3,10,1
2013350140813,1,9,0,5,0,2,0,0,0,0,1,1,6,1,6,1364,2,5,1,1
2013350140813,2,5,0,5,0,8,1,0,0,0,4,1,6,1,5,-1,-1,-1,5,1
2013350141013,1,9,0,18,0,0,0,4,0,0,1,1,6,2,8,1968,2,5,5,1
2013350141013,2,9,0,2,0,0,0,0,0,0,2,1,6,2,6,1242,1,5,5,1
2013350141713,1,9,0,5,0,4,0,0,0,0,3,1,6,1,11,1798,1,12,2,1
2013350141713,2,1,0,18,0,8,0,0,0,0,1,1,1,1,7,-1,-1,-1,6,1
2013350141813,1,9,0,18,0,1,0,0,0,0,1,1,6,1,5,1589,1,14,4,1
2013350141813,2,8,0,4,0,1,0,0,0,0,2,1,3,1,10,1896,2,4,6,1
2013350141813,3,9,0,7,0,5,0,0,0,0,0,1,6,3,-1,-1,-1,-1,-1,-1
2013350142213,1,21,0,9,0,6,0,0,0,0,1,1,1,1,7,10518,2,5,5,1
2013350142213,2,9,0,10,0,1,0,0,0,0,3,1,6,1,8,1896,2,12,5,3
2013350142313,1,9,0,6,0,6,0,0,0,0,1,1,6,1,6,1870,2,12,-1,-1
2013350142313,2,5,0,18,0,8,0,0,0,0,1,1,6,1,6,1290,1,11,10,3
2013350142513,1,5,0,17,0,0,0,0,1,0,4,1,6,1,5,645,1,6,10,2
2013350142613,1,9,0,7,0,6,0,0,0,0,1,1,6,1,8,-1,-1,-1,9,3
2013350142613,2,19,4,18,0,8,0,0,0,0,2,1,6,1,6,-1,-1,-1,-1,-1
2013350143013,1,9,0,18,0,1,0,0,0,0,1,1,6,1,-1,2143,2,3,-1,-1
2013350143013,2,9,0,3,0,1,0,0,0,0,2,1,6,1,5,1796,1,8,4,1
2013350143313,1,3,0,13,0,8,0,0,0,0,1,1,6,1,4,124,1,1,6,1
2013350143313,2,9,0,9,0,5,0,0,0,0,3,1,2,1,4,-1,-1,-1,9,2
2013350143813,1,9,0,18,0,1,0,0,0,0,1,1,6,1,6,1686,2,14,4,1
2013350143813,2,9,0,10,0,1,0,0,0,0,2,1,6,2,5,1299,1,12,8,2
2013350144213,1,9,0,18,0,1,0,0,0,0,1,1,6,1,6,1388,1,5,-1,-1
2013350144213,2,9,0,2,0,2,0,0,0,0,2,1,1,1,8,1582,2,3,9,1
2013350144213,3,9,0,2,0,2,0,0,0,0,2,1,6,1,6,1598,1,15,6,1
2013350144913,1,9,0,9,0,5,0,0,0,0,4,1,6,1,11,1086,1,9,9,3
2013350144913,2,5,0,18,0,8,2,0,0,0,1,1,6,1,8,-1,-1,-1,9,3
2013350145013,1,9,0,13,0,0,0,0,0,0,0,1,6,1,-1,-1,-1,-1,-1,-1
2013350145013,2,2,0,17,0,0,0,0,1,0,1,1,6,2,4,49,1,6,9,2
2013350145213,1,9,0,11,4,0,0,0,0,0,0,1,1,1,6,1998,1,5,7,1
2013350145213,2,1,0,18,4,0,0,0,0,0,1,1,1,1,7,-1,-1,-1,8,2
2013350145213,3,9,0,18,4,0,0,0,0,0,2,1,1,2,-1,-1,-1,-1,-1,-1
2013350145613,1,9,0,13,0,1,0,0,0,0,1,1,6,1,6,-1,-1,-1,9,2
2013350145613,2,9,0,9,0,1,0,0,7,0,3,1,6,2,8,1753,2,4,8,1
2013350145713,1,9,0,18,0,3,0,0,0,0,3,1,6,1,7,2198,1,7,-1,1
2013350145713,2,9,0,18,0,3,0,0,0,0,4,1,6,1,8,1998,2,7,10,1
2013350145813,1,9,0,18,0,4,0,0,0,0,1,1,2,1,7,2688,2,9,5,1
2013350145813,2,1,0,11,0,3,0,0,0,0,4,1,4,1,3,-1,-1,-1,4,1
2013350146113,1,9,0,18,0,0,0,0,0,0,0,1,6,1,-1,-1,-1,-1,9,3
2013350146413,1,9,0,18,0,0,0,0,0,0,3,1,6,2,8,1598,1,6,10,1
2013350146413,2,8,0,18,0,0,0,0,0,0,3,1,1,1,8,1896,2,5,7,1
2013350146813,1,10,0,5,0,6,0,0,0,0,1,1,6,1,8,2151,2,12,5,3
2013350146813,2,9,0,9,0,5,0,0,0,0,1,1,6,1,7,1986,2,8,4,1
2013350146813,3,9,0,18,0,8,0,0,0,0,1,1,6,1,-1,-1,-1,-1,-1,-1
2013350147613,1,5,0,16,0,0,5,0,7,0,1,1,6,1,7,988,1,11,3,1
2013350147613,2,9,0,17,0,0,0,0,0,0,1,1,6,1,6,1596,1,8,10,1
2013350147713,1,9,0,1,0,0,0,4,1,10,2,1,6,1,11,1796,1,10,6,1
2013350147713,2,9,0,2,0,0,0,0,0,0,2,1,6,3,-1,1198,1,1,-1,-1
2013350147813,1,9,0,18,0,1,0,0,0,0,1,1,6,1,7,1990,1,14,-1,-1
2013350147813,2,9,0,18,0,1,0,0,0,0,1,1,6,1,9,-1,-1,-1,2,1
2013350148013,1,9,0,18,0,8,0,0,0,0,1,1,6,1,6,1598,1,12,9,1
2013350148813,1,8,0,4,0,2,0,0,0,0,1,1,1,1,7,1968,2,8,4,1
2013350148813,2,1,0,4,0,2,0,0,0,0,2,1,6,1,5,-1,-1,-1,6,1
2013350148913,1,19,0,18,0,6,0,0,0,0,3,1,6,1,-1,2402,2,4,-1,-1
2013350148913,2,1,0,18,0,8,0,0,0,0,1,1,6,1,9,-1,-1,-1,7,1
2013350149213,1,9,0,18,0,0,0,0,0,0,1,1,6,1,5,-1,-1,-1,6,1
2013350149213,2,9,0,3,0,0,0,0,0,0,2,1,6,1,7,-1,-1,-1,4,1
2013350149313,1,5,0,4,0,0,1,0,0,0,0,1,6,1,7,988,1,9,9,3
2013350149413,1,9,0,18,0,8,0,0,0,0,4,1,6,1,9,1390,1,2,8,1
2013350149413,2,4,0,18,0,6,0,0,0,0,1,1,6,2,4,124,1,-1,6,2
2013350149513,1,19,0,12,0,0,0,0,0,0,3,1,1,1,7,1896,2,12,5,3
2013350149513,2,5,0,13,0,0,0,0,0,0,4,1,1,1,6,599,1,10,6,2
2013350149813,1,9,0,7,0,6,0,0,0,0,1,1,6,3,-1,-1,-1,-1,-1,-1
2013350149813,2,1,0,18,0,8,0,0,0,0,4,1,2,1,5,-1,-1,-1,5,1
2013350150113,1,21,1,18,0,0,0,0,0,0,4,1,1,1,8,12777,2,6,5,1
2013350150213,1,5,0,18,0,0,0,0,1,0,4,1,6,1,10,980,1,22,6,1
2013350150713,1,5,0,18,0,0,0,0,0,0,1,1,6,1,6,998,1,2,5,1
2013350151913,1,1,0,18,0,8,0,0,0,0,4,1,6,2,7,-1,-1,-1,-1,-1
2013350151913,2,1,0,9,0,6,0,0,0,0,1,1,2,1,6,-1,-1,-1,10,2
2013350152013,1,9,0,18,0,1,0,0,0,0,1,1,6,2,6,1299,1,11,5,1
2013350152013,2,9,0,4,0,1,0,0,0,0,2,1,6,1,8,1598,2,4,6,1
2013350152113,1,21,1,18,0,0,0,0,0,0,1,1,6,1,-1,12900,2,1,-1,-1
2013350152113,2,21,0,4,0,0,0,0,0,0,2,1,6,1,-1,11970,2,7,-1,-1
2013350152113,3,9,0,4,0,0,0,0,0,0,2,1,6,1,-1,3436,1,4,-1,-1
2013350152113,4,19,0,4,0,0,0,0,0,0,2,1,6,1,-1,2402,2,9,-1,-1
2013350152213,1,19,0,18,0,6,0,0,0,0,1,1,1,1,9,1248,2,6,8,2
2013350152213,2,3,0,18,0,8,0,0,7,0,4,1,1,1,8,-1,-1,-1,7,1
2013350152613,1,90,0,16,0,0,2,10,1,10,1,1,1,1,7,-1,-1,-1,7,2
2013350152813,1,9,0,1,0,8,0,0,0,0,2,1,6,1,-1,1956,2,2,7,2
2013350152813,2,9,0,3,0,1,0,0,0,0,1,1,6,2,5,1360,1,6,10,1
2013350152913,1,9,0,9,0,5,0,0,0,0,3,1,1,1,8,1968,2,2,6,1
2013350152913,2,5,0,18,0,8,0,0,1,0,3,1,6,1,6,599,1,7,5,1
2013350153013,1,9,0,4,0,8,0,0,0,0,2,1,6,1,-1,-1,-1,-1,-1,-1
2013350153013,2,2,0,4,0,8,0,0,0,0,1,1,4,1,4,599,1,6,10,2
2013350153113,1,1,0,13,0,1,0,0,0,0,4,1,6,1,5,-1,-1,-1,7,1
2013350153113,2,8,0,9,0,5,0,0,0,0,3,1,6,1,6,1797,8,3,5,1
2013350153213,1,21,0,18,0,0,0,0,0,0,1,1,1,1,8,12740,2,-1,6,1
2013350153213,2,9,0,13,0,0,0,0,0,0,4,1,6,2,8,1388,1,1,10,1
2013350153413,1,9,0,18,0,8,0,0,0,0,3,1,1,2,9,1388,1,9,-1,-1
2013350153413,2,9,0,9,0,6,0,0,0,0,1,1,1,1,6,1984,1,12,-1,-1
2013350153513,1,9,0,5,0,8,0,0,0,0,4,1,2,2,9,1587,1,4,10,2
2013350153513,2,1,0,18,0,6,0,0,0,0,1,1,6,1,8,-1,-1,-1,9,3
2013350153713,1,9,0,11,0,0,0,0,0,0,4,1,1,1,8,2946,1,12,9,1
2013350153713,2,1,0,18,0,0,0,0,0,0,1,1,1,1,4,-1,-1,-1,9,1
2013350153813,1,9,0,17,0,0,1,0,1,4,1,1,6,1,5,1905,2,17,7,1
2013350154113,1,9,0,7,0,5,0,0,0,0,4,1,1,1,9,1596,1,3,-1,-1
2013350154113,2,1,0,18,0,1,0,0,0,0,1,1,4,1,3,-1,-1,-1,9,1
2013350154713,1,9,0,17,0,0,1,10,0,0,4,1,6,1,7,2993,2,4,9,3
2013350154713,2,9,0,16,0,0,0,0,1,10,1,1,6,2,8,1781,1,8,9,3
2013350154913,1,9,0,18,0,6,0,10,0,1,1,1,6,1,9,1598,1,13,3,1
2013350154913,2,9,0,16,0,8,0,0,0,0,3,1,6,1,6,1910,2,7,3,1
2013350154913,3,9,0,18,0,1,0,0,0,0,1,1,6,2,5,-1,-1,-1,3,1
2013350155013,1,9,0,9,0,5,0,0,0,0,1,1,2,1,5,1229,1,8,6,3
2013350155013,2,9,0,18,0,8,0,0,0,0,1,1,2,2,6,-1,-1,-1,6,1
2013350155213,1,9,0,18,0,4,1,0,7,0,1,1,6,2,7,2231,2,6,-1,-1
2013350155213,2,9,0,18,0,4,0,0,0,0,1,1,6,1,9,1368,1,3,-1,-1
2013350155913,1,9,0,18,0,8,0,0,0,0,1,1,6,2,8,1968,2,4,4,1
2013350155913,2,1,0,18,0,6,0,0,0,0,4,1,6,1,4,-1,-1,-1,4,1
2013350156013,1,9,0,9,0,5,0,0,0,0,1,1,6,1,11,1998,1,11,8,3
2013350156013,2,1,0,15,0,8,0,0,0,0,4,1,6,1,4,-1,-1,-1,8,3
2013350156113,1,9,0,5,0,1,0,0,0,0,1,1,1,1,7,1995,2,2,10,2
2013350156113,2,9,0,5,0,1,0,0,0,0,2,1,1,2,6,1910,2,6,7,1
2013350156613,1,11,0,4,0,2,0,0,0,0,2,1,6,1,8,-1,-1,-1,9,3
2013350156613,2,2,0,4,0,2,0,0,0,0,1,1,4,1,4,49,1,2,8,1
2013350157713,1,9,0,11,0,8,0,0,0,0,3,1,6,3,-1,-1,-1,-1,-1,-1
2013350157713,2,9,0,18,0,8,0,10,0,0,4,1,6,2,7,1598,1,7,7,1
2013350157913,1,8,0,18,0,0,0,0,0,0,1,1,1,1,-1,1997,2,9,-1,-1
2013350157913,2,9,0,18,0,0,0,0,0,0,1,1,6,2,9,2497,2,5,9,2
2013350158013,1,9,0,18,0,0,0,4,0,0,1,1,6,1,11,1242,1,3,4,1
2013350158013,2,9,0,2,0,0,0,4,0,0,2,1,6,3,-1,1769,1,12,6,1
2013350158013,3,9,0,2,0,0,0,0,0,0,2,1,6,3,-1,1396,1,8,6,3
2013350158813,1,8,0,18,0,0,0,0,0,0,3,1,1,1,7,1995,2,1,7,1
2013350158813,2,1,0,18,0,0,0,0,0,0,4,1,6,1,7,-1,-1,-1,10,1
2013350159013,1,9,0,5,0,3,1,0,1,9,1,1,6,1,6,-1,-1,-1,8,3
2013350159413,1,9,0,18,0,1,0,0,0,0,1,1,6,1,4,998,1,6,9,2
2013350159413,2,9,0,4,0,1,0,0,0,0,2,1,6,1,4,1199,1,10,9,3
2013350159413,3,9,0,8,0,5,0,0,0,0,2,1,6,1,10,1596,1,1,5,1
2013350159513,1,9,0,18,0,0,0,0,7,0,0,1,6,1,4,1798,1,9,9,3
2013350159613,1,9,0,17,0,0,0,10,7,9,4,1,6,1,6,1299,1,14,2,1
2013350159713,1,9,0,18,0,6,0,0,0,0,1,1,6,2,9,1360,1,3,6,1
2013350159713,2,5,0,18,0,8,0,0,0,7,3,1,6,1,8,1783,1,6,7,3
2013350159813,1,9,0,9,0,4,0,0,0,0,1,1,6,1,7,1391,1,12,5,1
2013350159813,2,1,0,18,0,8,0,0,0,0,1,1,6,2,6,-1,-1,-1,8,1
2013350160413,1,9,0,13,0,8,0,0,0,0,3,1,6,1,5,1596,1,1,6,1
2013350160413,2,9,0,13,0,8,0,0,1,0,4,1,6,1,6,2493,1,15,6,3
2013350160513,1,9,0,5,0,3,0,0,0,0,1,1,6,1,5,1998,1,8,10,2
2013350160513,2,9,0,5,0,3,0,0,0,0,2,1,6,1,5,1332,1,16,1,1
2013350160613,1,19,0,18,0,1,1,10,1,7,1,1,1,1,7,2148,2,5,-1,-1
2013350161013,1,9,0,16,0,0,5,10,7,9,1,2,6,1,7,1986,2,8,-1,-1
2013350163413,1,9,0,17,0,0,2,0,1,10,3,1,6,2,6,1896,2,10,-1,-1
2013350300113,1,9,0,13,0,0,0,0,0,0,4,1,6,2,-1,1560,2,9,-1,-1
2013350300113,2,1,0,18,0,0,0,0,0,0,3,1,6,1,-1,-1,-1,-1,-1,-1
2013350300213,1,9,0,13,0,0,0,0,0,0,4,1,6,1,-1,-1,-1,-1,-1,-1
2013350300213,2,1,0,18,0,0,0,0,0,0,1,1,6,1,6,-1,-1,-1,4,1
2013350300313,1,9,0,13,0,0,0,0,0,0,4,1,1,1,6,-1,-1,-1,-1,-1
2013350300313,2,1,0,16,0,0,0,0,1,0,3,1,6,1,9,-1,-1,-1,9,3
2013350300413,1,9,0,5,0,1,0,0,0,0,1,1,6,2,5,995,1,4,7,2
2013350300413,2,9,0,4,0,1,0,0,0,0,2,1,6,2,9,2401,2,8,6,1
2013350300513,1,9,0,18,0,0,0,0,0,0,1,1,1,1,9,2497,2,15,7,2
2013350300513,2,9,0,4,0,0,0,0,4,6,2,1,1,1,6,1753,2,13,3,1
2013350300613,1,21,1,12,0,0,0,0,0,0,0,1,6,3,-1,-1,-1,-1,-1,-1
2013350300613,2,9,0,4,0,0,0,0,0,0,2,1,6,2,7,1598,1,7,6,1
2013350300613,3,5,0,18,0,0,0,0,0,0,1,1,6,1,5,599,1,9,9,1
2013350300613,4,9,0,18,0,0,0,0,0,0,2,1,6,1,6,-1,-1,-1,8,2
2013350300613,5,9,0,18,0,0,0,0,0,0,1,1,6,1,5,1910,2,6,9,1
2013350300713,1,9,0,18,0,0,1,0,0,0,1,1,6,1,8,-1,-1,-1,-1,-1
2013350300713,2,9,0,4,0,0,0,0,0,0,2,1,6,1,7,1686,2,2,-1,-1
2013350300713,3,9,0,4,0,0,0,0,0,0,2,1,6,1,5,-1,-1,-1,5,1
2013350300713,4,9,0,4,0,0,0,0,0,0,2,1,6,1,9,1986,2,6,9,1
2013350300813,1,9,0,13,0,8,0,0,0,0,4,1,6,2,8,1422,2,5,5,3
2013350300813,2,21,0,9,0,5,0,0,0,0,3,1,6,1,-1,4461,2,5,9,3
2013350300913,1,19,0,18,0,1,0,0,0,0,1,1,1,1,8,2148,2,6,2,1
2013350300913,2,1,0,3,0,1,0,0,0,0,2,1,6,1,4,-1,-1,-1,8,1
2013350301013,1,9,0,18,0,0,0,0,0,0,1,1,6,1,7,-1,-1,-1,2,1
2013350301113,1,9,0,9,0,5,0,0,0,0,4,1,6,1,6,1124,1,14,6,3
2013350301113,2,5,0,18,0,8,0,0,0,0,1,1,1,1,9,1550,1,9,10,3
2013350301213,1,9,0,5,0,6,0,0,0,0,1,1,6,3,-1,-1,-1,-1,-1,-1
2013350301213,2,1,0,18,0,8,0,0,0,0,1,1,6,1,5,-1,-1,-1,7,1
2013350301313,1,9,0,13,0,1,0,0,0,0,3,1,3,2,-1,1397,1,13,1,1
2013350301313,2,9,0,9,0,1,0,0,0,0,4,1,3,2,6,1086,1,5,2,1
2013350301413,1,9,0,4,0,2,0,0,0,0,1,1,6,1,6,1896,2,6,6,3
2013350301413,2,9,0,12,0,2,0,0,0,0,1,1,6,2,10,-1,-1,-1,-1,-1
2013350301513,1,9,0,7,9,2,0,10,0,0,1,1,6,3,-1,-1,-1,-1,-1,-1
2013350301513,2,9,0,4,0,1,0,0,0,0,2,1,6,2,8,1341,1,11,4,1
2013350301613,1,9,0,18,0,0,5,0,1,9,1,1,6,1,6,1796,1,13,8,2
2013350301713,1,9,0,6,0,0,0,0,0,0,3,1,6,1,7,1796,1,1,-1,-1
2013350301713,2,5,0,14,0,0,0,0,0,0,1,1,6,1,9,1052,1,22,10,2
2013350301813,1,9,0,4,0,1,0,0,0,0,1,1,2,1,7,1973,1,15,-1,-1
2013350301813,2,2,0,3,0,1,0,0,0,0,2,1,2,1,8,49,1,2,8,3
2013350301913,1,9,0,18,0,1,2,0,0,0,1,1,6,2,11,998,1,9,9,1
2013350301913,2,9,0,18,0,1,0,0,0,0,4,1,6,1,8,1560,2,4,6,1
2013350302013,1,1,0,18,0,0,0,0,0,0,1,1,6,1,7,-1,-1,-1,2,1
2013350302113,1,9,0,18,0,0,0,0,0,0,1,1,6,1,6,1149,1,11,3,1
2013350302213,1,9,0,4,0,0,0,0,0,0,1,1,6,1,4,1229,1,1,7,1
2013350302213,2,9,0,3,0,0,0,0,0,0,2,1,6,2,6,1896,2,11,4,1
2013350302213,3,9,0,3,0,0,0,0,0,0,2,1,6,2,10,1299,1,14,2,1
2013350302313,1,3,0,18,0,3,0,0,0,0,4,1,1,2,5,124,1,17,2,1
2013350302413,1,9,0,18,0,8,0,0,0,0,3,1,6,1,6,1391,1,11,2,1
2013350302413,2,9,0,3,0,8,0,0,0,0,4,1,6,1,7,2993,2,1,6,1
2013350302413,3,9,0,3,0,8,0,0,0,0,0,1,6,1,6,1997,2,5,6,1
2013350302513,1,21,0,18,0,0,2,0,7,4,3,1,1,1,6,12900,2,3,5,1
2013350302613,1,9,0,18,0,3,0,0,0,0,1,1,2,1,5,1560,2,1,9,2
2013350302613,2,1,0,9,0,8,0,0,0,0,2,1,2,1,6,-1,-1,-1,2,1
2013350302713,1,11,0,5,0,0,0,0,0,0,0,1,1,1,7,-1,-1,-1,-1,-1
2013350302813,1,19,0,9,0,5,0,0,0,0,3,1,6,1,-1,-1,-1,-1,-1,-1
2013350302813,2,1,0,18,0,8,0,0,0,0,4,1,4,2,6,-1,-1,-1,7,1
2013350302913,1,9,0,18,0,1,0,0,0,0,1,1,6,2,6,1900,2,15,10,1
2013350302913,2,1,0,9,0,1,0,0,0,0,3,1,2,2,9,-1,-1,-1,6,1
2013350305313,1,11,0,5,0,2,0,0,0,0,0,1,1,1,8,3900,2,9,1,1
2013350305313,2,9,0,4,0,3,0,0,0,0,2,1,2,2,8,1988,1,10,8,3
2013350305313,3,9,0,18,0,3,0,0,0,0,1,1,2,1,7,-1,-1,-1,-1,-1
2013350306413,1,9,0,18,0,0,1,0,7,0,1,1,2,1,7,1900,2,15,5,1
2013350306413,2,9,0,4,0,0,0,0,0,0,2,1,2,1,7,2993,2,9,3,1
2013350306413,3,9,0,2,0,0,0,0,1,10,2,1,6,1,7,1587,1,10,-1,-1
2013350306413,4,9,0,18,0,0,0,0,0,0,1,1,6,1,6,-1,-1,-1,7,2
2013350307113,1,19,0,18,0,0,0,0,0,0,1,1,1,1,6,2402,2,11,1,1
2013350307113,2,9,0,3,0,0,0,0,0,0,2,1,6,1,6,1910,2,6,2,1
2013350307213,1,9,0,18,0,1,0,0,0,0,1,1,6,1,6,-1,-1,-1,8,3
2013350307213,2,9,0,10,0,1,0,0,0,0,2,1,6,1,7,1984,1,3,8,1
2013350307313,1,21,0,17,0,8,1,0,0,0,1,1,1,1,8,6370,2,9,9,1
2013350307313,2,9,0,9,0,6,0,0,3,0,3,1,1,2,6,1910,2,13,10,2
2013350307413,1,9,0,1,0,2,0,0,0,0,2,1,6,2,4,1299,1,14,2,1
2013350307413,2,8,0,9,0,8,0,0,0,0,1,1,1,1,7,2664,2,12,5,1
2013350307513,1,9,0,18,0,0,1,0,0,0,1,1,1,1,8,1968,2,4,4,3
2013350307513,2,19,0,3,0,0,0,0,0,0,2,1,1,1,6,1560,2,3,8,3
2013350307513,3,9,0,3,0,0,0,0,0,0,2,1,1,2,8,1968,2,-1,-1,-1
2013350307613,1,9,0,18,0,8,0,0,7,9,1,1,6,2,7,1870,2,7,9,3
2013350307713,1,9,0,18,0,1,0,0,0,0,1,1,2,1,8,1360,1,9,5,2
2013350307713,2,9,0,10,0,1,0,0,0,0,2,1,6,2,6,1368,1,5,5,3
2013350307813,1,9,0,11,7,0,0,0,1,9,1,1,2,2,6,1390,1,5,10,2
2013350307913,1,21,1,4,0,0,0,0,0,0,1,1,1,1,8,10308,2,-1,6,2
2013350307913,2,9,0,3,0,0,0,0,0,0,2,1,6,1,11,1461,2,6,9,3
2013350307913,3,9,0,3,0,0,0,0,0,0,2,1,6,1,6,2497,2,7,9,2
2013350308013,1,9,0,18,0,8,0,0,0,0,4,1,6,1,7,1598,1,2,9,2
2013350308013,2,1,0,9,0,8,0,0,0,0,1,1,6,2,6,-1,-1,-1,8,1
2013350308113,1,9,0,12,0,0,1,7,0,0,1,1,2,1,7,1360,1,9,2,1
2013350308213,1,9,0,9,0,6,0,0,0,0,3,1,6,2,6,1598,1,8,7,1
2013350308213,2,9,0,17,0,8,0,0,0,0,1,1,6,1,11,999,1,-1,8,1
2013350308313,1,9,0,6,0,6,0,0,0,0,4,1,6,1,11,1364,1,5,9,2
2013350308313,2,3,0,18,0,8,0,0,0,0,1,1,6,1,9,125,1,1,1,1
2013350308413,1,9,0,16,0,0,0,0,1,0,1,1,6,1,7,1796,1,6,8,3
2013350308413,2,9,0,17,0,0,1,0,7,0,1,1,6,1,4,1229,1,8,7,2
2013350308513,1,9,0,17,0,1,0,0,0,0,3,1,6,1,-1,2172,2,12,-1,-1
2013350308513,2,9,0,16,0,2,0,0,0,0,3,1,6,2,8,1753,2,11,7,1
2013350308513,3,9,0,16,0,8,0,0,0,0,1,1,6,2,10,-1,-1,-1,7,1
2013350310013,1,8,0,7,0,6,0,0,0,0,1,1,6,1,11,1685,2,2,4,3
2013350310013,2,1,0,17,0,8,0,0,0,0,4,1,6,1,7,-1,-1,-1,1,1
2013350310113,1,4,0,18,0,0,1,0,0,0,1,1,2,1,6,-1,-1,-1,9,2
2013350310113,2,9,0,11,0,0,2,0,1,9,2,1,2,2,6,1598,1,1,4,1
2013350310213,1,9,0,18,0,1,0,0,0,0,1,1,3,1,7,1995,2,6,2,1
2013350310213,2,9,0,3,0,1,0,0,0,0,2,1,6,2,8,1386,1,10,4,1
2013350310213,3,9,0,3,0,1,0,0,0,0,2,1,3,2,7,1995,2,5,1,1
2013350310313,1,11,0,18,0,0,0,0,0,0,0,1,1,1,9,6696,2,-1,6,1
2013350310413,1,9,0,9,0,6,0,0,0,0,1,1,1,1,6,1497,1,12,6,1
2013350310413,2,9,0,18,0,8,0,0,0,0,1,1,3,2,7,1596,1,8,5,2
2013350310513,1,9,0,9,0,6,0,0,0,0,1,1,6,2,10,1991,2,3,6,1
2013350310513,2,20,1,18,0,8,0,0,0,0,1,1,1,1,6,-1,-1,-1,1,1
2013350310613,1,9,0,18,0,1,0,0,0,0,1,1,6,1,9,2198,1,16,10,2
2013350310613,2,19,0,3,0,1,0,0,0,0,2,1,1,1,7,2198,2,2,-1,-1
2013350310613,3,9,0,3,0,1,0,0,0,0,2,1,6,1,10,1598,1,1,7,2
2013350310613,4,19,0,10,0,8,0,0,0,0,2,1,6,1,7,-1,-1,-1,-1,-1
2013350310813,1,9,0,14,0,0,0,0,7,0,4,1,2,1,6,1360,1,14,9,1
2013350310813,2,3,0,18,0,0,0,0,0,0,1,1,2,1,5,125,1,-1,7,2
2013350310913,1,9,0,13,0,1,1,0,0,0,1,1,6,1,6,1796,1,13,2,1
2013350310913,2,9,0,9,0,5,0,0,0,0,2,1,6,2,6,1587,1,12,5,1
2013350311013,1,9,0,5,0,4,0,0,0,0,1,1,3,2,6,1298,1,12,2,1
2013350311013,2,9,0,7,0,3,0,7,0,7,2,1,2,2,5,1124,1,8,7,2
2013350311113,1,3,0,16,0,1,1,0,0,0,1,1,6,1,5,124,1,3,5,2
2013350311113,2,9,0,8,0,1,0,0,0,0,2,1,6,1,8,1984,2,-1,6,2
2013350311213,1,9,0,9,0,6,0,0,0,0,4,1,6,1,4,1360,1,13,3,1
2013350311213,2,9,0,18,0,8,0,0,0,0,3,1,6,1,6,1999,2,6,8,3
2013350311313,1,1,0,17,0,6,0,0,0,0,1,1,6,1,2,-1,-1,-1,-1,-1
2013350311313,2,9,0,18,0,8,0,0,0,0,3,1,6,2,10,1598,1,7,8,1
2013350311413,1,9,0,18,0,1,1,0,0,0,1,1,6,1,7,-1,-1,-1,3,1