Accident_Index,Vehicle_Reference,Vehicle_Type,Towing_and_Articulation,Vehicle_Manoeuvre,Vehicle_Location-Restricted_Lane,Junction_Location,Skidding_and_Overturning,Hit_Object_in_Carriageway,Vehicle_Leaving_Carriageway,Hit_Object_off_Carriageway,1st_Point_of_Impact,Was_Vehicle_Left_Hand_Drive?,Journey_Purpose_of_Driver,Sex_of_Driver,Age_Band_of_Driver,Engine_Capacity_(CC),Propulsion_Code,Age_of_Vehicle,Driver_IMD_Decile,Driver_Home_Area_Type
2013350311413,2,21,1,4,0,1,0,0,0,0,2,1,1,1,9,11705,2,5,10,1
2013350311513,1,9,0,12,0,0,0,0,0,0,3,1,6,2,7,1997,2,5,8,3
2013350311513,2,2,0,14,0,0,0,0,0,0,4,1,6,1,4,49,1,1,9,3
2013350311613,1,9,0,18,0,0,0,0,7,9,0,1,6,2,8,1560,2,6,8,3
2013350311713,1,9,0,18,0,0,0,4,0,0,1,1,6,1,7,1388,1,2,6,1
2013350311713,2,9,0,2,0,0,0,0,0,0,2,1,6,2,5,1299,1,12,4,1
2013350311813,1,9,0,18,0,0,2,0,7,4,4,1,2,2,7,1461,2,7,8,1
2013350311913,1,1,0,18,0,1,0,0,0,0,1,1,4,1,3,-1,-1,-1,-1,-1
2013350311913,2,9,0,7,0,6,0,0,0,0,4,1,1,1,4,1242,1,13,3,1
2013350312013,1,9,0,10,0,8,0,0,0,0,0,1,1,1,6,-1,-1,-1,10,1
2013350312013,2,1,0,12,0,8,0,7,0,0,1,1,1,1,8,-1,-1,-1,5,1
2013350312113,1,9,0,18,0,0,0,0,1,10,1,1,6,1,5,2979,1,13,2,1
2013350312213,1,11,0,4,0,4,0,0,0,0,1,1,1,1,10,4500,2,5,3,1
2013350312213,2,9,0,4,0,1,0,0,0,0,2,1,6,1,8,2688,2,9,5,2
2013350312313,1,9,0,1,0,1,0,0,0,0,2,1,6,1,5,1798,1,5,-1,-1
2013350312313,2,1,0,3,0,1,0,0,0,0,1,1,6,1,8,-1,-1,-1,2,1
2013350312413,1,10,0,4,0,0,0,0,0,0,1,1,3,1,8,2148,2,4,6,1
2013350312513,1,9,0,18,0,1,0,0,0,0,1,1,6,1,-1,1997,2,10,-1,-1
2013350312513,2,9,0,10,0,8,0,0,0,0,2,1,6,1,8,1598,1,15,9,1
2013350312613,1,9,0,2,0,0,0,0,0,0,3,1,6,1,9,1149,1,10,-1,-1
2013350312613,2,1,0,14,0,0,0,8,0,0,1,1,1,2,7,-1,-1,-1,10,1
2013350312713,1,9,0,14,0,0,5,4,7,0,1,1,6,2,6,1999,1,7,9,1
2013350312713,2,9,0,2,0,0,0,10,1,0,1,1,6,3,-1,1596,1,10,10,1
2013350312813,1,9,0,18,0,8,0,0,0,0,1,1,6,3,-1,-1,-1,-1,-1,-1
2013350312813,2,1,0,18,0,8,0,0,0,0,2,1,6,1,6,-1,-1,-1,7,1
2013350312913,1,9,0,18,0,2,0,0,0,0,1,1,2,2,6,-1,-1,-1,10,1
2013350312913,2,9,0,18,0,1,0,0,0,0,1,1,2,2,8,1596,1,6,10,1
2013350313013,1,9,0,7,0,4,0,0,0,0,4,1,2,2,6,1870,2,8,9,1
2013350313013,2,1,0,5,0,4,0,0,0,0,3,1,2,2,6,-1,-1,-1,5,1
2013350313113,1,9,0,18,0,0,0,0,0,0,1,1,1,2,8,1422,2,6,10,2
2013350313113,2,9,0,4,0,0,0,0,0,0,2,1,1,1,8,1798,1,5,7,1
2013350313113,3,9,0,4,0,0,0,0,0,0,2,1,1,1,6,1956,2,4,7,2
2013350313213,1,9,0,18,0,4,0,9,0,0,1,1,6,1,4,1398,1,2,4,1
2013350313313,1,9,0,13,0,0,2,0,7,4,4,1,6,1,4,1242,1,10,6,2
2013350313413,1,9,0,18,0,0,2,0,7,9,0,1,2,1,9,-1,-1,-1,10,1
2013350313513,1,9,0,9,0,6,0,0,0,0,3,1,2,2,6,1242,1,4,10,1
2013350313513,2,9,0,18,0,8,0,0,0,0,1,1,6,1,6,2792,1,20,8,3
2013350313613,1,8,0,18,0,0,0,0,0,0,1,1,1,1,9,1997,2,6,5,3
2013350313613,2,9,0,4,0,0,0,0,0,0,2,1,6,1,10,1988,1,12,2,1
2013350313713,1,9,0,18,0,0,2,10,7,1,4,1,6,1,6,1489,1,16,2,1
2013350313913,1,9,0,4,0,6,2,10,7,9,3,1,6,1,4,1396,1,15,3,1
2013350313913,2,19,0,18,0,8,5,10,7,9,1,1,2,1,6,1905,2,14,4,1
2013350314013,1,5,0,13,0,0,2,0,0,0,1,1,6,1,5,955,1,9,4,2
2013350314013,2,9,0,18,0,0,2,0,1,0,3,1,6,2,7,1968,2,-1,10,2
2013350314113,1,9,0,9,0,6,0,0,0,0,1,1,6,1,4,-1,-1,-1,6,3
2013350314113,2,9,0,18,0,8,0,0,1,0,1,1,6,2,9,-1,-1,-1,5,3
2013350314113,3,9,0,18,0,8,0,0,1,9,1,1,6,1,7,-1,-1,-1,9,1
2013350314213,1,9,0,16,0,0,0,0,7,0,4,1,2,1,6,1587,1,12,8,3
2013350314213,2,19,0,17,0,0,0,0,1,0,1,1,6,1,8,2460,2,4,10,2
2013350314313,1,9,0,17,0,0,0,0,7,0,1,1,6,1,8,2000,2,9,3,3
2013350314413,1,9,0,18,0,0,5,0,7,8,0,1,6,1,5,-1,-1,-1,4,2
2013350315513,1,9,0,12,0,1,5,12,1,1,3,1,6,2,5,1395,1,-1,10,1
2013350315513,2,9,0,13,0,1,0,0,0,0,4,1,6,1,5,1248,2,1,8,1
2013350315513,3,9,0,13,0,1,0,0,0,0,4,1,2,2,6,-1,-1,-1,8,3
2013350315613,1,21,1,18,0,0,0,0,0,0,3,1,1,1,8,-1,-1,-1,5,3
2013350315613,2,21,1,18,0,0,0,0,0,0,3,1,1,1,5,12740,2,1,4,2
2013350315713,1,9,0,18,0,0,1,0,0,0,1,1,6,1,9,1968,2,2,5,3
2013350315713,2,9,0,18,0,0,0,0,0,0,1,1,2,1,7,2401,2,5,7,2
2013350315813,1,9,0,18,0,0,0,0,0,0,1,1,6,1,9,1995,1,8,10,1
2013350315813,2,1,0,18,0,0,0,0,0,0,3,1,6,1,3,-1,-1,-1,2,1
2013350315913,1,9,0,18,0,1,0,0,0,0,1,1,6,1,9,1389,1,13,10,1
2013350315913,2,1,0,9,4,1,0,0,0,0,2,1,6,2,6,-1,-1,-1,9,1
2013350316013,1,9,0,4,0,0,1,0,0,0,1,1,1,2,5,1598,1,9,8,1
2013350316013,2,9,0,4,0,0,0,0,0,0,2,1,2,2,10,1968,2,2,9,1
2013350316113,1,9,0,9,0,6,0,0,0,0,1,1,6,2,6,1596,1,12,4,1
2013350316113,2,1,0,9,0,5,0,0,0,0,1,1,1,2,5,-1,-1,-1,6,1
2013350316213,1,8,0,18,0,8,0,11,0,4,1,1,1,1,7,2231,2,5,9,1
2013350316313,1,9,0,4,0,1,0,0,0,0,1,1,6,1,5,1198,1,11,6,1
2013350316313,2,9,0,4,0,1,0,0,0,0,2,1,6,2,6,1968,2,2,9,1
2013350316413,1,9,0,18,0,1,0,0,0,0,1,1,6,1,5,998,1,12,6,3
2013350316413,2,9,0,9,0,1,0,0,0,0,2,1,6,1,5,1896,2,12,5,1
2013350316513,1,9,0,9,0,6,0,0,0,0,1,1,6,2,-1,-1,-1,-1,-1,-1
2013350316513,2,1,0,18,0,8,0,0,0,0,3,1,6,1,7,-1,-1,-1,-1,-1
2013350316613,1,9,0,18,0,4,0,0,0,0,1,1,2,2,6,1400,1,8,6,1
2013350316613,2,1,0,9,0,4,0,0,0,0,4,1,6,2,6,-1,-1,-1,10,1
2013350316713,1,11,0,7,2,1,0,0,0,0,4,1,6,1,6,-1,-1,-1,-1,-1
2013350316713,2,1,0,18,2,1,0,0,0,0,2,1,6,1,2,-1,-1,-1,7,1
2013350316813,1,9,0,18,0,8,2,0,0,7,1,1,6,1,9,1586,1,7,10,1
2013350316913,1,9,0,18,0,0,0,0,7,4,1,1,6,1,9,2548,1,-1,6,3
2013350317013,1,9,0,18,0,0,0,0,1,10,1,1,6,1,11,1994,2,12,10,3
2013350317213,1,9,0,18,0,6,0,0,7,0,4,1,6,2,6,1796,1,11,3,1
2013350317213,2,9,0,18,0,8,0,0,1,1,1,1,6,1,10,1248,1,3,6,3
2013350317313,1,4,0,16,0,0,0,0,7,7,2,1,6,2,6,499,1,6,5,1
2013350317413,1,5,0,18,0,0,2,0,1,0,3,1,6,1,8,998,1,15,2,1
2013350317513,1,9,0,13,0,8,0,0,0,0,1,1,6,1,5,1396,1,9,6,1
2013350317513,2,9,0,9,0,5,0,0,0,0,3,1,6,2,6,1998,2,5,4,1
2013350317613,1,9,0,2,0,1,0,0,1,4,2,1,6,2,4,998,1,8,7,1
2013350317713,1,9,0,1,0,0,0,0,0,0,2,1,6,2,6,1595,1,11,-1,-1
2013350317713,2,9,0,3,0,0,0,0,0,0,3,1,6,1,6,2401,2,11,5,1
2013350317813,1,9,4,18,0,0,2,0,6,6,4,1,1,1,6,2495,2,12,6,1
2013350317913,1,9,0,7,0,6,0,0,0,0,1,1,1,1,-1,2720,2,6,7,1
2013350317913,2,20,0,18,0,8,1,0,0,0,4,1,1,2,6,-1,-1,-1,8,3
2013350318113,1,9,0,9,0,5,0,0,0,0,1,1,1,2,7,1396,1,11,10,2
2013350318113,2,1,0,18,0,8,0,0,0,0,1,1,1,1,7,-1,-1,-1,7,1
2013350318213,1,19,0,18,0,0,0,0,0,0,3,1,6,3,-1,1998,2,9,-1,-1
2013350318213,2,10,0,18,0,0,0,0,0,0,3,1,1,1,6,-1,-1,-1,3,1
2013350318413,1,9,0,9,0,5,0,0,0,0,4,1,1,2,8,1997,1,12,2,1
2013350318413,2,4,0,18,0,8,1,0,0,0,1,1,6,1,7,499,1,16,-1,-1
2013350318513,1,9,0,17,0,0,1,0,1,0,3,1,2,1,7,1397,1,12,9,2
2013350318513,2,9,0,16,0,0,1,0,0,0,3,1,6,2,4,1149,1,11,7,1
2013350318613,1,19,0,9,0,4,0,0,0,0,4,1,1,2,5,1753,2,4,1,1
2013350318613,2,1,0,18,0,4,0,0,0,0,1,1,2,1,7,-1,-1,-1,10,1
2013350318713,1,3,0,13,0,8,0,0,0,0,1,1,6,1,4,-1,-1,-1,7,2
2013350318713,2,9,0,9,0,5,0,0,0,0,3,1,6,2,7,1598,1,8,6,3
2013350318813,1,19,0,12,0,0,2,0,0,6,2,1,1,1,5,-1,-1,-1,8,1
2013350318813,2,9,0,18,0,0,1,0,0,0,1,1,2,2,6,1995,2,1,9,1
2013350318913,1,9,0,18,9,1,0,0,0,0,1,1,6,1,4,-1,-1,-1,-1,-1
2013350319013,1,9,0,7,0,6,0,0,0,0,1,1,3,2,7,1598,1,4,-1,-1
2013350319013,2,1,0,18,0,8,0,0,0,0,4,1,6,2,10,-1,-1,-1,10,2
2013350319113,1,9,0,16,0,0,1,0,0,0,1,1,6,1,6,-1,-1,-1,4,1
2013350319113,2,9,0,17,0,0,0,0,0,0,1,1,3,2,7,1995,2,8,2,1
2013350319213,1,9,0,18,0,4,0,0,0,0,3,1,6,2,7,-1,-1,-1,4,1
2013350319213,2,1,0,18,0,8,0,0,0,0,4,1,6,1,9,-1,-1,-1,4,1
2013350319313,1,9,0,4,0,0,0,0,0,0,1,1,6,2,6,1896,2,17,9,3
2013350319313,2,9,0,4,0,0,0,0,0,0,2,1,6,1,8,1998,1,4,9,2
2013350319413,1,9,0,17,0,0,0,0,1,1,1,1,1,1,8,-1,-1,-1,7,1
2013350319513,1,9,0,18,0,4,0,0,3,10,1,1,6,1,4,1390,1,10,6,1
2013350319613,1,9,0,4,0,1,0,0,0,0,1,1,6,1,8,1998,1,10,-1,-1
2013350319613,2,9,0,3,0,1,0,0,0,0,2,1,2,1,7,2198,1,11,4,1
2013350319713,1,9,0,14,0,0,0,0,0,0,1,1,6,1,11,1364,1,4,7,2
2013350319713,2,9,0,2,0,0,0,0,0,0,2,1,6,3,-1,1248,2,2,-1,-1
2013350319713,3,9,0,2,0,0,0,0,0,0,2,1,6,3,-1,1598,1,10,-1,-1
2013350319813,1,9,0,18,0,1,0,0,0,0,1,1,6,1,7,1896,2,5,-1,-1
2013350319813,2,9,0,3,0,1,0,0,0,0,2,1,2,2,9,1995,2,1,9,2
2013350319913,1,9,0,9,0,6,0,0,0,0,3,1,2,2,4,1242,1,9,6,3
2013350319913,2,4,0,18,0,8,2,0,0,0,1,1,6,1,9,865,1,5,10,2
2013350320013,1,9,0,9,0,5,0,0,0,0,4,1,6,1,5,1198,1,3,9,1
2013350320013,2,1,0,18,0,8,0,0,0,0,3,1,6,1,4,-1,-1,-1,8,1
2013350320113,1,9,0,18,0,4,0,0,0,0,1,1,6,2,6,999,1,4,-1,-1
2013350320113,2,1,0,18,0,8,0,0,0,0,4,1,6,1,7,-1,-1,-1,-1,-1
2013350320213,1,9,0,14,0,0,0,0,0,0,4,1,6,3,-1,-1,-1,-1,-1,-1
2013350320213,2,1,0,12,0,0,0,0,0,0,3,1,2,2,5,-1,-1,-1,3,1
2013350320313,1,5,0,18,0,1,1,0,0,0,1,1,6,1,6,-1,-1,-1,5,3
2013350320313,2,9,0,3,0,1,0,0,0,0,2,1,6,2,6,1956,2,2,5,3
2013350320413,1,9,0,7,0,3,0,0,0,0,4,1,6,1,7,1596,1,6,6,1
2013350320413,2,1,5,18,0,8,0,0,0,0,3,1,6,2,7,-1,-1,-1,5,1
2013350320513,1,8,0,13,0,0,0,0,0,0,1,1,1,1,-1,1968,2,7,5,1
2013350320513,2,1,0,18,0,0,0,0,0,0,2,1,2,2,4,-1,-1,-1,3,1
2013350320613,1,8,0,7,0,6,0,0,0,0,3,1,6,1,-1,-1,-1,-1,-1,-1
2013350320613,2,3,0,18,0,1,0,0,0,0,1,1,2,1,4,124,1,1,7,2
2013350320713,1,9,0,16,0,2,0,0,0,0,4,1,6,2,7,1794,1,8,10,1
2013350320713,2,1,0,18,0,2,0,0,0,0,1,1,6,2,2,-1,-1,-1,6,1
2013350320813,1,9,0,9,0,5,0,0,0,0,4,1,6,1,7,1995,2,10,8,1
2013350320813,2,1,0,18,0,8,0,0,0,0,1,1,6,1,5,-1,-1,-1,8,1
2013350321013,1,4,0,17,0,0,2,0,1,1,1,1,6,1,8,-1,-1,-1,9,3
2013350321113,1,9,0,9,0,8,0,0,0,0,1,1,6,1,10,2996,2,17,10,2
2013350321113,2,9,0,17,0,8,0,0,7,0,4,1,6,2,6,1397,1,10,5,1
2013350321213,1,9,0,18,0,1,0,0,0,0,1,1,2,2,7,1840,1,14,6,1
2013350321213,2,9,0,3,0,1,0,0,0,0,2,1,2,1,9,1392,1,15,1,1
2013350321313,1,1,0,18,0,2,2,0,0,0,4,1,6,1,5,-1,-1,-1,10,1
2013350321413,1,8,0,5,0,0,0,7,0,0,1,1,1,1,7,1896,2,5,6,1
2013350321513,1,9,0,9,0,6,0,0,0,0,3,1,6,2,6,2204,2,6,5,1
2013350321513,2,1,0,18,0,8,0,0,0,0,1,1,6,1,7,-1,-1,-1,5,1
2013350321613,1,21,1,12,0,0,1,0,0,0,1,1,1,1,9,11967,2,3,3,1
2013350321613,2,20,0,4,0,0,1,0,0,0,2,1,1,1,8,3920,2,7,6,3
2013350321613,3,21,1,4,0,0,0,0,0,0,2,1,1,1,7,10837,2,3,4,1
2013350321713,1,9,0,7,0,6,0,0,0,0,3,1,1,2,7,1798,1,7,8,3
2013350321713,2,9,0,18,0,8,0,0,0,0,4,1,6,1,11,1396,1,11,4,1
2013350321813,1,9,0,18,0,0,1,0,0,0,3,1,6,1,4,2393,1,15,1,1
2013350321813,2,9,0,4,0,0,0,0,0,0,1,1,6,1,8,1590,1,16,2,1
2013350321913,1,1,0,9,0,5,5,0,0,0,3,1,6,1,7,-1,-1,-1,5,3
2013350321913,2,9,0,13,0,8,0,0,0,0,4,1,6,2,5,996,1,4,-1,-1
2013350322013,1,1,0,5,0,6,0,0,0,0,3,1,6,2,7,-1,-1,-1,8,2
2013350322013,2,9,0,18,0,8,1,0,0,0,1,1,1,2,6,1686,2,11,9,3
2013350322113,1,9,0,7,0,3,0,0,0,0,4,1,6,2,10,1388,1,10,8,1
2013350322113,2,1,0,7,0,3,0,0,0,0,3,1,1,2,5,-1,-1,-1,10,1
2013350322213,1,9,0,17,0,0,5,0,7,9,1,1,6,1,5,2993,2,8,3,1
2013350322313,1,9,0,4,0,6,0,0,0,0,1,1,6,1,9,995,1,9,5,3
2013350322313,2,9,0,4,0,8,0,0,0,0,3,1,6,2,9,1997,2,6,4,3
2013350322413,1,9,0,18,0,8,0,0,0,0,1,1,6,1,-1,1242,1,17,7,1
2013350322413,2,1,0,9,0,8,0,0,0,0,2,1,6,2,8,-1,-1,-1,-1,-1
2013350322513,1,8,0,7,0,5,0,0,0,0,4,1,1,1,6,1598,2,4,1,1
2013350322513,2,1,0,18,0,1,0,0,0,0,1,1,2,1,6,-1,-1,-1,1,1
2013350322613,1,9,0,18,0,0,0,0,0,0,1,1,6,1,6,1753,2,13,7,1
2013350322613,2,9,0,4,0,0,0,0,0,0,2,1,6,1,7,1995,1,5,8,3
2013350322713,1,1,0,12,0,1,0,0,0,0,3,1,6,1,5,-1,-1,-1,8,1
2013350322713,2,9,0,13,0,1,0,0,0,0,4,1,1,1,6,1582,2,1,8,1
2013350322813,1,9,0,17,0,8,0,0,3,0,4,1,2,1,5,1998,1,7,8,3
2013350322813,2,9,0,9,0,6,0,0,0,0,1,1,6,2,8,1360,1,11,9,3
2013350322913,1,9,0,18,0,0,0,0,7,10,1,1,6,1,6,1597,1,13,9,2
2013350323013,1,4,0,18,0,0,0,0,1,9,0,1,6,1,7,-1,-1,-1,1,1
2013350323013,2,9,0,18,0,0,0,0,0,0,0,1,6,2,9,1995,1,5,10,2
2013350323113,1,21,1,18,0,8,1,0,0,0,1,1,1,1,9,10518,2,5,4,1
2013350323113,2,21,1,18,0,8,0,0,0,0,2,1,1,1,6,10837,2,1,1,1
2013350323213,1,9,0,18,0,8,0,0,1,10,1,1,6,1,6,1199,1,14,4,1
2013350323313,1,9,4,9,0,6,0,0,0,0,1,1,6,1,8,2494,2,3,6,3
2013350323313,2,9,0,18,0,8,0,0,0,0,4,1,6,1,10,2183,2,2,8,1
2013350323413,1,9,0,12,0,2,0,0,5,10,2,1,6,2,7,998,1,13,2,1
2013350323413,2,9,0,18,0,2,0,0,0,0,1,1,6,1,8,2792,1,13,9,3
2013350323513,1,5,0,5,0,8,0,0,0,0,3,1,6,1,7,749,1,3,6,1
2013350323513,2,8,0,5,0,8,0,0,0,0,4,1,1,1,7,1896,2,5,8,3
2013350323613,1,9,0,17,0,0,2,0,1,4,1,1,6,1,5,1328,1,11,10,2
2013350323713,1,9,0,18,0,0,5,0,1,0,1,1,6,2,7,1388,1,9,4,1
2013350323813,1,1,0,18,5,8,0,0,0,0,1,1,1,1,7,-1,-1,-1,10,1
2013350323813,2,9,0,7,0,1,0,0,0,0,2,1,1,2,6,-1,-1,-1,10,1
2013350323913,1,9,0,18,0,0,0,0,0,0,1,1,6,1,6,2184,2,9,4,1
2013350323913,2,9,0,18,0,0,2,0,1,4,2,1,6,1,8,2993,2,3,9,1
2013350324013,1,9,0,9,0,6,0,0,0,0,1,1,6,2,9,1242,1,10,6,3
2013350324013,2,9,0,17,0,8,0,0,0,0,4,1,6,2,8,1998,1,5,7,2
2013350324113,1,9,0,9,0,8,0,0,0,0,4,1,1,2,6,1598,1,8,5,1
2013350324213,1,9,0,5,5,6,0,0,0,0,4,1,6,2,8,-1,-1,-1,7,1
2013350324213,2,1,0,18,5,8,1,0,0,0,1,1,2,1,8,-1,-1,-1,6,1
2013350324313,1,11,0,18,0,8,0,0,0,0,1,1,1,1,-1,-1,-1,-1,-1,-1
2013350324313,2,1,0,5,0,6,0,0,0,0,3,1,4,1,3,-1,-1,-1,2,1
2013350324413,1,9,0,18,0,6,0,6,0,0,4,1,6,2,6,1796,1,14,5,3
2013350324513,1,9,0,16,0,2,1,0,1,0,0,1,2,2,7,3456,8,3,-1,-1
2013350324613,1,9,0,5,0,1,0,0,0,0,1,1,6,1,7,1461,2,3,9,2
2013350324613,2,9,0,5,0,1,0,0,0,0,2,1,6,1,6,1910,2,5,4,1
2013350324613,3,9,0,5,0,1,0,0,0,0,2,1,6,1,9,1998,2,-1,7,1
2013350324713,1,9,0,18,0,1,0,0,0,0,1,1,6,1,8,-1,-1,-1,7,3
2013350324713,2,9,0,4,0,1,0,0,0,0,2,1,6,1,10,-1,-1,-1,10,2
2013350324813,1,9,0,13,0,0,0,0,1,10,4,1,6,1,5,1796,1,11,4,1
2013350324913,1,3,0,17,0,0,1,0,1,0,3,1,6,1,6,125,1,11,8,2
2013350325013,1,9,0,18,0,0,0,0,0,0,1,1,6,2,7,1587,1,7,8,2
2013350325013,2,9,0,4,0,0,0,0,0,0,2,1,6,1,5,1975,1,8,1,1
2013350325113,1,9,0,18,0,0,0,0,0,0,3,1,6,2,5,1590,1,12,3,1
2013350325113,2,1,0,18,0,0,0,0,0,0,3,1,6,2,8,-1,-1,-1,3,1
2013350325213,1,90,0,18,0,0,0,0,0,0,3,1,6,3,8,-1,-1,-1,-1,-1
2013350325213,2,19,0,18,0,0,0,0,0,0,3,1,2,1,8,2446,2,16,3,1
2013350325313,1,21,0,4,0,4,0,0,0,0,1,1,1,1,7,11021,2,10,3,1
2013350325313,2,9,0,4,0,4,0,0,0,0,2,1,1,2,9,1368,1,4,-1,-1
2013350325413,1,9,0,9,0,5,0,0,0,0,3,1,2,1,4,1596,1,7,8,3
2013350325413,2,5,0,14,0,8,0,0,0,0,1,1,2,1,6,600,1,16,8,1
2013350325513,1,9,0,18,0,1,0,0,0,0,1,1,6,2,7,2993,2,3,9,3
2013350325513,2,9,0,10,0,1,0,0,0,0,2,1,6,1,6,-1,-1,-1,6,1
2013350325613,1,20,0,18,0,8,0,0,0,0,3,1,6,1,-1,3920,2,8,6,1
2013350325613,2,9,0,18,0,8,0,0,0,0,4,1,6,2,9,1396,1,11,3,1
2013350325713,1,9,0,2,0,0,0,0,0,0,3,1,6,2,7,1398,2,4,9,3
2013350325713,2,1,0,14,0,0,0,8,0,0,4,1,6,2,-1,-1,-1,-1,4,1
2013350325813,1,1,0,18,0,0,1,0,0,0,1,1,6,1,5,-1,-1,-1,2,1
2013350325813,2,9,0,18,0,0,1,0,0,0,1,1,6,1,7,1596,1,18,3,3
2013350325913,1,9,0,18,0,0,0,0,7,4,1,1,2,2,4,1388,1,13,3,3
2013350326013,1,9,0,18,0,0,0,0,0,0,1,1,6,2,8,1061,1,8,1,1
2013350326013,2,1,0,18,0,0,0,0,0,0,3,1,6,2,3,-1,-1,-1,4,1
2013350326113,1,21,0,18,0,1,0,0,0,0,1,1,1,1,7,-1,-1,-1,-1,-1
2013350326113,2,9,0,3,0,1,0,0,0,0,2,1,2,2,9,1984,1,13,5,1
2013350326213,1,1,0,14,0,0,0,0,0,0,3,1,6,2,-1,-1,-1,-1,-1,-1
2013350326213,2,9,0,14,0,0,0,0,0,0,4,1,2,1,6,-1,-1,-1,10,3
2013350326313,1,9,0,18,0,0,0,0,0,0,1,1,1,1,6,1598,1,7,-1,-1
2013350326313,2,9,0,18,0,0,0,7,4,6,2,1,6,1,8,1560,2,4,5,1
2013350326313,3,9,0,18,0,0,0,0,0,0,2,1,1,1,7,1995,2,5,8,3
2013350326413,1,9,0,18,0,0,0,0,0,0,1,2,2,1,6,-1,-1,-1,-1,-1
2013350326413,2,9,0,18,0,0,0,0,0,0,1,1,2,1,5,1896,2,10,7,3
2013350326513,1,9,0,18,0,0,0,0,0,0,4,1,6,1,5,1364,1,5,5,1
2013350326613,1,19,0,18,0,1,0,0,7,10,1,1,6,1,6,1753,2,7,9,1
2013350326713,1,9,0,18,0,0,1,0,0,0,1,1,6,1,9,1998,2,11,-1,-1
2013350326713,2,9,0,4,0,0,0,0,0,0,2,1,6,2,8,1910,2,2,8,3
2013350326713,3,9,0,3,0,0,0,0,0,0,2,1,6,1,9,1998,2,6,8,1
2013350326713,4,9,0,3,0,0,0,0,0,0,2,1,6,1,8,1198,1,3,3,1
2013350326713,5,9,0,3,0,0,0,0,0,0,2,1,6,2,7,1995,1,4,6,1
2013350326813,1,9,0,18,0,0,0,0,0,0,1,1,6,1,5,1781,1,14,8,3
2013350326813,2,9,0,3,0,0,0,0,0,0,2,1,6,1,7,-1,-1,-1,6,3
2013350326913,1,9,0,9,0,6,0,0,1,0,1,1,6,2,7,1995,2,2,9,3
2013350326913,2,9,0,17,0,8,0,0,0,0,1,1,1,1,9,-1,-1,-1,9,1
2013350327013,1,3,0,18,0,4,0,9,0,0,1,1,6,1,5,-1,-1,-1,5,1
2013350327113,1,11,0,7,0,3,0,0,0,0,1,1,2,1,6,8268,2,9,3,1
2013350327113,2,9,0,7,0,3,0,0,0,0,4,1,6,1,9,2261,1,11,2,1
2013350327213,1,9,0,17,0,0,2,0,1,10,1,1,6,2,11,1398,2,9,9,3
2013350327313,1,5,0,16,0,0,0,0,5,6,1,1,6,1,6,901,1,27,9,1
2013350327413,1,9,0,9,9,5,0,0,0,0,1,1,6,2,-1,-1,-1,-1,-1,-1
2013350327413,2,1,0,18,9,8,0,0,0,0,1,1,6,1,6,-1,-1,-1,3,1
2013350327513,1,9,0,18,0,0,0,0,0,0,1,1,6,1,11,1299,1,14,2,1
2013350327513,2,21,1,18,0,0,0,0,0,0,1,1,1,1,7,11967,2,2,-1,-1
2013350327513,3,9,0,18,0,0,0,0,0,0,1,1,6,1,9,1997,2,3,9,2
2013350327613,1,9,0,18,0,0,1,0,1,4,1,1,1,1,7,1398,1,1,4,3
2013350327713,1,9,0,5,0,6,0,0,0,0,1,1,3,2,7,1794,1,9,8,3
2013350327713,2,9,0,17,0,8,0,0,0,0,4,1,3,2,7,2993,2,-1,10,2
2013350327813,1,21,1,12,0,0,0,0,0,0,3,2,1,1,8,-1,-1,-1,-1,-1
2013350327813,2,9,0,18,0,0,1,0,1,4,4,1,6,1,10,1587,1,6,10,1
2013350327913,1,9,0,5,0,4,0,0,0,0,1,1,6,1,7,1995,2,5,8,1
2013350327913,2,9,0,4,0,4,0,0,0,0,2,1,6,1,7,1242,1,1,6,1
2013350328013,1,9,0,18,0,4,0,0,0,0,1,1,6,1,7,1497,8,8,4,1
2013350328013,2,1,0,18,0,8,0,0,0,0,1,1,6,1,7,-1,-1,-1,8,2
2013350328113,1,8,0,5,0,4,0,0,0,0,1,1,1,1,7,1997,2,9,9,1
2013350328113,2,1,0,16,0,8,0,0,0,0,1,1,6,2,6,-1,-1,-1,8,1
2013350328213,1,9,0,4,0,1,0,0,0,0,1,1,3,1,6,1796,1,10,5,1
2013350328213,2,9,0,3,0,1,0,0,0,0,2,1,6,2,5,973,1,12,8,1
2013350328213,3,9,0,3,0,1,0,0,0,0,2,1,2,1,7,1850,1,13,7,1
2013350328313,1,9,0,13,0,0,0,0,0,0,4,1,2,2,4,1596,1,7,10,2
2013350328313,2,1,0,18,0,0,0,0,0,0,3,1,2,1,6,-1,-1,-1,9,3
2013350330013,1,9,0,4,0,1,0,0,0,0,1,1,6,1,-1,-1,-1,-1,-1,-1
2013350330013,2,9,0,3,0,1,0,0,0,0,2,1,6,1,4,998,1,2,3,1
2013350330113,1,9,0,18,0,8,1,0,7,0,1,1,6,2,6,1596,1,9,10,3
2013350330113,2,9,0,9,0,6,0,0,0,0,3,1,6,1,11,1598,1,6,10,3
2013350330213,1,2,0,18,0,0,0,0,0,0,0,1,6,1,5,49,1,13,9,1