Accident_Index,Vehicle_Reference,Vehicle_Type,Towing_and_Articulation,Vehicle_Manoeuvre,Vehicle_Location-Restricted_Lane,Junction_Location,Skidding_and_Overturning,Hit_Object_in_Carriageway,Vehicle_Leaving_Carriageway,Hit_Object_off_Carriageway,1st_Point_of_Impact,Was_Vehicle_Left_Hand_Drive?,Journey_Purpose_of_Driver,Sex_of_Driver,Age_Band_of_Driver,Engine_Capacity_(CC),Propulsion_Code,Age_of_Vehicle,Driver_IMD_Decile,Driver_Home_Area_Type
2013353014713,2,90,0,1,0,8,0,0,0,0,2,1,1,1,9,-1,-1,-1,9,3
2013353014713,3,19,0,2,0,8,0,0,0,0,3,1,6,3,-1,2402,2,7,-1,-1
2013353014813,1,9,0,9,0,6,0,0,0,0,3,1,6,2,10,1956,2,1,10,1
2013353014813,2,9,0,18,0,1,0,0,0,0,1,1,6,2,6,1390,1,12,4,1
2013353014913,1,9,0,4,0,1,0,0,0,0,1,1,6,1,5,1329,1,1,6,1
2013353014913,2,9,0,3,0,1,0,0,0,0,2,1,6,1,6,1598,1,9,7,1
2013353014913,3,9,0,10,0,1,0,0,0,0,2,1,6,1,9,1598,1,8,4,1
2013353015013,1,1,0,14,0,1,0,0,0,0,1,1,6,1,5,-1,-1,-1,5,1
2013353015013,2,9,0,9,0,6,0,0,0,0,1,1,6,1,5,1753,2,13,7,1
2013353015113,1,11,0,18,0,0,0,0,0,0,0,1,1,1,-1,9000,2,3,3,1
2013353015113,2,1,0,18,0,0,1,0,0,0,0,1,4,1,6,-1,-1,-1,10,1
2013353015213,1,9,0,8,0,1,0,0,0,0,2,1,6,2,7,1995,2,9,-1,-1
2013353015213,2,19,0,18,0,1,0,0,0,0,1,1,1,1,5,1996,2,2,5,3
2013353015313,1,3,0,18,0,0,0,0,1,0,0,1,6,1,4,123,1,5,-1,-1
2013353015413,1,9,0,18,0,0,0,0,0,0,1,1,6,1,-1,1753,2,14,8,1
2013353015413,2,9,0,14,0,0,0,0,0,0,1,1,6,1,6,1596,1,2,4,1
2013353015513,1,1,0,18,9,8,0,0,0,0,1,1,6,1,4,-1,-1,-1,-1,-1
2013353015513,2,9,0,8,0,1,0,0,0,0,1,1,6,1,8,2179,2,1,8,2
2013353015813,1,9,0,16,0,5,0,0,3,4,1,1,6,1,5,2000,1,7,6,2
2013353015913,1,9,0,13,0,0,2,0,1,0,1,1,6,1,7,1124,1,9,1,1
2013353015913,2,9,0,16,0,0,1,0,1,0,1,1,2,1,6,1896,2,11,7,1
2013353016013,1,9,0,6,0,6,0,0,0,0,3,1,6,1,6,1242,1,14,9,1
2013353016013,2,3,0,18,0,8,0,0,0,0,1,1,6,1,10,125,1,8,10,3
2013353016113,1,5,0,18,0,0,1,0,0,7,1,1,6,1,4,645,1,9,7,2
2013353016113,2,9,0,18,0,0,0,0,0,0,2,1,6,2,6,1229,1,2,4,3
2013353016213,1,9,0,18,0,1,0,0,0,0,1,1,6,1,-1,1590,1,8,-1,-1
2013353016213,2,9,0,8,0,1,0,0,0,0,2,1,1,2,5,1248,1,1,6,1
2013353016313,1,9,0,18,0,0,0,0,1,4,1,1,6,1,4,1896,2,9,8,2
2013353016313,2,9,0,18,0,0,0,0,0,0,1,1,6,1,5,1998,2,12,8,3
2013353016413,1,9,0,7,0,5,0,0,0,0,4,1,6,1,9,1240,1,8,10,2
2013353016413,2,1,0,18,0,8,0,0,0,0,1,1,6,1,5,-1,-1,-1,-1,-1
2013353016513,1,9,0,18,0,0,5,0,0,0,1,1,6,1,-1,1360,1,11,-1,-1
2013353016713,1,20,0,12,0,0,0,0,0,0,0,1,1,1,7,4580,2,-1,-1,-1
2013353016713,2,5,0,13,0,0,1,10,7,0,0,1,6,1,11,599,1,13,7,1
2013353016813,1,9,0,7,0,1,0,0,0,0,4,1,6,2,6,-1,-1,-1,-1,-1
2013353016813,2,1,0,7,0,1,0,0,0,0,1,1,6,1,6,-1,-1,-1,7,1
2013353016913,1,1,0,12,0,0,0,0,0,0,3,1,3,2,7,-1,-1,-1,6,1
2013353016913,2,9,0,18,0,0,0,0,0,0,1,1,3,1,8,1598,1,11,5,1
2013353017013,1,21,1,1,0,1,0,0,0,0,2,1,1,1,8,12900,2,5,-1,-1
2013353017013,2,9,0,4,0,1,0,0,0,0,1,1,6,1,9,2497,2,10,7,1
2013353017113,1,11,0,9,3,5,0,0,0,0,1,1,1,3,-1,6700,2,6,-1,-1
2013353017113,2,1,0,18,3,1,0,0,0,0,3,1,6,2,5,-1,-1,-1,7,1
2013353017213,1,9,0,18,0,8,0,0,7,0,4,1,6,2,7,1242,1,12,5,1
2013353017213,2,9,0,9,0,6,0,0,0,0,1,1,6,2,9,2996,1,5,6,2
2013353017313,1,3,0,14,0,8,0,0,0,0,3,1,1,1,7,124,1,13,8,3
2013353017313,2,9,0,9,0,6,0,0,0,0,1,1,3,2,7,-1,-1,-1,9,2
2013353017413,1,1,0,12,9,0,0,0,0,0,3,1,6,2,5,-1,-1,-1,10,1
2013353017413,2,9,0,18,0,0,0,0,0,0,1,1,6,2,9,1968,2,7,-1,-1
2013353017513,1,9,0,18,0,4,0,0,0,0,1,1,6,2,-1,-1,-1,-1,-1,-1
2013353017513,2,1,0,18,0,8,0,0,0,0,2,1,2,1,7,-1,-1,-1,8,1
2013353017613,1,9,0,5,0,6,0,0,0,0,4,1,6,2,-1,1997,2,5,4,1
2013353017613,2,1,0,18,9,8,0,0,0,0,1,1,4,1,2,-1,-1,-1,4,1
2013353017613,3,1,0,18,9,8,0,0,0,0,1,1,4,1,2,-1,-1,-1,4,1
2013353017713,1,9,0,18,0,0,0,0,0,0,1,1,6,2,7,1910,2,6,3,2
2013353017713,2,9,0,4,0,0,0,0,0,0,2,1,6,1,7,1998,1,9,2,1
2013353017813,1,5,0,7,0,1,2,10,0,0,4,1,6,1,6,992,1,9,10,3
2013353017913,1,5,0,18,0,1,0,0,1,0,1,1,6,1,9,1157,1,5,4,1
2013353017913,2,1,0,9,0,1,0,0,1,0,2,1,6,1,7,-1,-1,-1,6,1
2013353018013,1,9,0,18,0,0,0,0,0,0,1,1,6,2,6,1598,2,3,9,1
2013353018013,2,9,0,4,0,0,0,0,0,7,2,1,6,2,8,1598,1,10,10,2
2013353018113,1,9,0,18,0,0,0,0,0,0,1,1,6,1,6,1796,1,19,4,1
2013353018213,1,1,0,18,0,0,0,0,0,0,0,1,6,1,9,-1,-1,-1,-1,-1
2013353018313,1,9,0,18,0,0,5,0,1,7,1,1,2,1,6,-1,-1,-1,5,1
2013353018313,2,19,0,18,0,0,0,0,0,0,3,1,1,1,6,-1,-1,-1,9,2
2013353018413,1,9,0,12,0,0,0,0,5,6,1,1,2,2,5,1242,1,14,9,1
2013353018413,2,9,0,18,0,0,0,0,1,7,3,1,6,1,11,1997,1,21,10,1
2013353018513,1,19,0,5,0,6,0,0,0,0,1,1,6,1,6,-1,-1,-1,-1,-1
2013353018513,2,1,0,18,0,8,5,0,0,0,3,1,2,1,6,-1,-1,-1,5,1
2013353018613,1,9,0,18,0,0,5,4,0,0,1,1,6,1,8,-1,-1,-1,-1,-1
2013353018613,2,9,0,2,0,0,0,0,0,0,2,1,6,3,-1,-1,-1,-1,8,1
2013353018613,3,9,0,2,0,0,0,0,0,0,2,1,6,3,-1,1399,1,7,8,1
2013353018713,1,11,0,5,0,0,0,0,0,0,0,1,1,1,6,8268,2,14,-1,-1
2013353018813,1,9,0,18,0,0,0,4,0,0,1,1,1,1,8,1199,1,10,5,1
2013353018813,2,9,0,2,0,0,0,0,0,0,2,1,6,3,-1,1461,2,5,-1,-1
2013353018813,3,9,0,2,0,0,0,0,0,0,2,1,6,3,-1,1997,2,10,-1,-1
2013353018913,1,9,0,18,0,4,0,0,0,0,3,1,1,1,8,-1,3,2,3,1
2013353018913,2,1,0,9,0,8,0,0,0,0,4,1,6,2,6,-1,-1,-1,10,2
2013353019013,1,9,0,5,0,1,0,0,0,0,1,1,6,3,-1,-1,-1,-1,-1,-1
2013353019113,1,9,0,18,0,1,0,0,0,0,1,1,6,1,9,1197,1,2,5,1
2013353019113,2,9,0,3,0,1,0,0,0,0,2,1,6,1,5,1796,1,7,5,1
2013353019213,1,21,1,18,6,1,5,0,0,0,1,1,1,1,9,10837,2,2,1,1
2013353019213,2,90,0,4,0,1,0,0,0,0,2,1,6,1,9,2800,2,7,5,1
2013353019213,3,21,1,7,0,1,0,0,0,0,3,1,1,1,5,10518,2,-1,10,1
2013353019313,1,9,0,18,0,1,0,0,0,0,1,1,6,1,6,1390,1,10,1,1
2013353019313,2,9,0,3,0,1,0,0,0,0,2,1,6,2,5,1956,2,2,9,1
2013353019413,1,9,0,18,0,0,0,4,1,10,1,1,6,1,4,1783,1,12,6,3
2013353019413,2,9,0,2,0,0,0,0,0,0,1,1,6,1,-1,2495,2,15,6,3
2013353019413,3,9,0,2,0,0,0,0,0,0,1,1,6,3,-1,1198,1,11,6,2
2013353019513,1,9,0,9,0,2,0,0,0,0,1,1,6,2,9,1598,1,12,4,1
2013353019513,2,1,0,4,0,1,0,0,0,0,1,1,6,1,6,-1,-1,-1,6,1
2013353019613,1,9,0,18,0,0,0,0,7,0,1,1,6,2,5,1086,1,8,-1,-1
2013353019713,1,9,0,18,0,0,0,0,0,0,4,1,2,1,6,1984,1,3,5,1
2013353019713,2,9,0,2,0,0,0,0,0,0,3,1,6,2,5,1248,1,-1,4,1
2013353019813,1,9,0,7,0,6,0,0,0,0,1,1,6,2,8,1399,1,7,3,1
2013353019913,1,9,0,4,0,0,0,0,0,0,2,1,6,1,6,1390,1,8,-1,-1
2013353019913,2,1,0,18,0,0,2,0,0,0,1,1,2,1,7,-1,-1,-1,10,2
2013353020013,1,5,0,5,0,3,1,0,0,0,3,1,6,1,8,1170,1,2,6,3
2013353020113,1,9,0,18,0,0,0,0,0,0,1,1,1,1,9,1595,1,17,2,1
2013353020113,2,1,0,18,0,0,0,0,0,0,1,1,4,1,2,-1,-1,-1,4,1
2013353020213,1,5,0,16,0,1,2,0,0,10,4,1,6,1,7,1340,1,15,4,3
2013353020213,2,8,0,10,0,1,0,0,0,0,0,1,6,1,11,1364,2,3,4,3
2013353020313,1,9,0,16,0,0,0,0,0,0,1,1,6,1,4,1390,1,10,8,3
2013353020313,2,9,0,17,0,0,0,0,0,0,1,1,6,1,9,2993,2,-1,7,3
2013353020413,1,9,0,1,9,0,0,0,1,5,2,1,2,2,8,1598,1,6,10,2
2013353020513,1,19,0,17,9,0,0,0,1,0,2,1,6,1,-1,2299,2,1,-1,-1
2013353020613,1,9,0,18,0,0,0,0,4,6,3,1,1,2,9,1299,1,11,7,2
2013353020613,2,21,1,11,0,0,0,0,0,0,4,1,1,1,7,12900,2,7,-1,-1
2013353020713,1,9,0,18,0,0,0,0,1,10,4,1,1,2,6,1149,1,9,10,3
2013353020713,2,9,0,18,0,0,0,0,0,0,3,1,6,2,10,1390,1,5,9,3
2013353020813,1,9,0,1,0,0,0,0,0,0,2,1,6,1,10,2793,1,16,8,1
2013353020813,2,9,0,2,0,0,0,0,0,0,1,1,6,1,6,1295,1,24,6,1
2013353020813,3,9,0,2,0,0,0,0,0,0,1,1,6,1,-1,1461,2,11,9,1
2013353020813,4,1,0,3,0,0,0,0,0,0,1,1,6,2,6,-1,-1,-1,7,1
2013353020913,1,9,0,13,0,8,0,0,0,0,1,1,6,1,-1,1796,1,5,6,2
2013353020913,2,9,0,9,0,5,0,0,0,0,1,1,6,2,8,1686,2,10,6,2
2013353021013,1,9,0,1,0,6,0,0,0,0,1,1,6,2,7,1975,1,8,5,2
2013353021013,2,9,0,18,0,8,0,0,0,0,1,1,6,1,9,2435,1,9,5,1
2013353021113,1,9,0,1,0,2,0,0,0,0,2,1,1,1,7,-1,-1,-1,-1,-1
2013353021113,2,9,0,2,0,1,0,0,0,0,1,1,6,2,5,1596,1,12,6,1
2013353021213,1,9,0,7,0,1,0,0,0,0,1,1,6,1,6,1998,1,12,2,1
2013353021213,2,9,0,10,0,1,0,0,0,0,2,1,6,2,4,-1,-1,-1,2,1
2013353021313,1,9,0,18,0,4,1,0,3,9,1,1,6,1,7,1896,2,12,7,3
2013353021413,1,9,0,18,0,0,0,0,7,0,4,1,6,1,4,2495,2,11,10,3
2013353021513,1,9,0,13,0,0,0,0,0,0,3,1,6,2,8,4196,1,7,6,2
2013353021513,2,9,0,13,0,0,5,0,7,9,1,1,6,2,5,1299,1,9,7,1
2013353021513,3,9,0,18,0,0,0,0,0,0,0,1,1,1,8,-1,-1,-1,4,1
2013353021613,1,9,0,5,0,6,0,0,0,0,4,1,6,1,8,1905,2,17,4,1
2013353021613,2,9,0,18,0,8,0,0,0,0,1,1,6,1,7,1956,2,1,6,2
2013353021713,1,9,0,9,0,5,0,0,0,0,1,1,2,2,6,1910,2,8,6,1
2013353021713,2,1,0,18,0,8,0,0,0,0,1,1,2,1,6,-1,-1,-1,3,1
2013353021813,1,5,0,16,0,0,0,0,7,9,1,1,6,1,7,600,1,16,7,1
2013353021913,1,9,0,18,0,4,1,0,3,10,1,1,6,1,4,2148,2,5,1,1
2013353021913,2,9,0,18,0,4,1,0,8,10,2,1,6,1,6,2143,2,-1,2,1
2013353022013,1,9,0,18,0,0,0,0,0,0,1,1,2,1,6,1598,1,9,4,1
2013353022113,1,9,0,4,0,1,0,0,0,0,1,1,6,2,6,1997,2,8,-1,-1
2013353022113,2,9,0,4,0,1,0,0,0,0,2,1,2,2,6,-1,-1,-1,5,3
2013353022213,1,9,0,13,0,0,0,0,0,0,4,1,6,3,-1,1997,2,6,-1,-1
2013353022213,2,1,0,18,0,0,0,0,0,0,3,1,6,2,7,-1,-1,-1,4,1
2013353022313,1,9,0,9,0,5,0,0,0,0,4,1,1,2,6,998,1,4,7,1
2013353022313,2,9,0,18,0,8,1,0,0,0,3,1,2,1,5,1560,2,7,8,1
2013353022413,1,9,0,7,0,6,0,0,0,0,4,1,6,2,-1,-1,-1,-1,-1,-1
2013353022413,2,1,0,18,0,6,0,0,0,0,3,1,1,1,6,-1,-1,-1,7,1
2013353022513,1,9,0,18,0,8,0,0,1,0,1,1,2,1,9,1400,2,6,7,1
2013353022513,2,9,0,5,0,8,0,0,1,4,4,1,2,2,6,1390,1,8,-1,-1
2013353022613,1,2,0,4,0,1,0,0,0,0,3,1,6,2,4,49,1,2,-1,-1
2013353022713,1,8,0,1,0,6,0,0,0,0,2,1,6,1,7,1995,2,2,-1,-1
2013353022813,1,9,0,18,0,1,0,0,0,0,1,1,6,1,5,1595,1,11,2,1
2013353022913,1,19,0,18,0,0,0,0,1,1,1,1,1,1,6,1753,2,5,6,1
2013353022913,2,90,0,18,0,0,0,0,0,0,2,1,6,1,8,8100,1,7,9,1
2013353023013,1,19,0,12,0,0,0,0,0,0,3,1,1,1,6,1996,2,-1,5,1
2013353023013,2,9,0,18,0,0,2,0,2,9,4,1,6,1,7,2000,2,9,-1,3
2013353023113,1,9,0,9,0,5,0,0,0,0,1,1,2,2,10,1339,1,9,4,1
2013353023113,2,1,0,18,0,8,0,0,0,0,4,1,2,1,9,-1,-1,-1,5,1
2013353023213,1,11,0,1,0,1,0,0,0,0,2,1,1,1,9,6700,2,2,4,1
2013353023213,2,9,0,2,6,2,0,0,0,0,1,1,2,2,7,1998,2,10,2,1
2013353023313,1,9,0,18,0,0,1,0,0,0,1,1,6,1,6,1783,1,17,4,1
2013353023313,2,9,0,4,0,0,0,0,0,0,2,1,6,2,6,1349,1,4,10,1
2013353023313,3,9,0,4,0,0,0,0,0,0,2,1,6,1,6,1968,2,7,6,1
2013353023413,1,19,0,16,0,8,0,0,0,0,4,1,1,1,5,2300,2,10,2,1
2013353023413,2,1,0,12,0,8,0,0,0,0,3,1,6,2,8,-1,-1,-1,5,1
2013353023513,1,11,0,5,0,4,0,0,0,0,1,1,1,1,6,3900,2,7,4,1
2013353023513,2,9,0,5,0,4,0,0,0,0,1,1,1,2,7,1397,1,13,4,1
2013353023613,1,9,0,18,0,0,0,0,0,0,4,1,2,1,6,1762,1,14,-1,-1
2013353023613,2,9,0,18,0,0,0,0,4,6,3,1,1,1,9,2179,2,10,5,1
2013353023713,1,9,0,18,2,0,1,0,0,0,1,1,6,1,6,1198,1,10,10,2
2013353023713,2,9,0,3,2,0,0,0,0,0,2,1,6,1,8,1560,2,8,7,1
2013353023813,1,9,0,18,0,0,1,0,0,0,1,1,6,1,6,2926,2,10,8,3
2013353023913,1,9,0,18,0,4,0,0,0,0,3,1,6,1,11,1086,1,9,8,1
2013353024013,1,19,0,1,0,0,0,0,0,0,2,1,6,1,8,2402,2,11,1,1
2013353024013,2,9,0,2,0,0,0,0,0,0,1,1,6,1,7,-1,-1,-1,10,2
2013353024113,1,9,0,18,0,0,0,0,1,2,1,1,6,2,8,1587,1,6,9,1
2013353024113,2,9,0,2,0,0,0,0,0,0,2,1,6,3,-1,1391,1,13,9,3
2013353024213,1,19,0,18,0,1,0,0,0,0,1,1,6,1,6,2798,2,8,3,1
2013353024213,2,9,0,3,0,1,0,0,0,0,2,1,6,1,6,1461,2,6,8,1
2013353024313,1,9,0,13,0,3,0,0,0,0,4,1,6,1,5,-1,-1,-1,-1,-1
2013353024313,2,1,0,18,0,3,0,0,0,0,3,1,2,1,7,-1,-1,-1,3,1
2013353024413,1,9,0,14,0,0,1,0,1,10,1,1,2,1,6,2793,1,14,9,1
2013353024413,2,9,0,2,0,0,0,0,1,0,4,1,1,1,9,-1,-1,-1,10,1
2013353024513,1,9,0,18,0,6,0,0,0,0,3,1,6,1,6,-1,-1,-1,-1,-1
2013353024513,2,9,0,18,0,8,0,0,0,0,1,1,2,1,6,2498,1,16,-1,-1
2013353025013,1,9,0,18,0,0,0,0,1,10,0,1,6,2,5,1588,1,8,8,3
2013353025113,1,9,0,18,0,8,0,0,0,0,1,1,6,1,6,-1,-1,-1,2,1
2013353025113,2,9,0,9,0,6,0,0,0,0,4,1,6,1,6,1199,1,10,2,1
2013353025213,1,1,0,18,5,8,0,0,0,0,1,1,6,1,4,-1,-1,-1,6,1
2013353025213,2,9,0,7,0,1,0,0,0,0,4,1,6,1,6,1598,1,10,6,1
2013353025313,1,9,0,7,0,8,0,0,0,0,4,1,2,2,5,1364,1,9,5,1
2013353025313,2,1,0,18,4,8,0,0,0,0,3,1,6,2,6,-1,-1,-1,6,1
2013353025413,1,11,0,17,0,8,0,0,0,0,0,1,1,1,9,6700,2,6,7,2
2013353025513,1,19,0,4,0,0,1,0,0,0,1,1,2,1,7,-1,-1,-1,8,2
2013353025513,2,9,0,4,0,0,0,0,0,0,2,1,6,1,6,1794,1,8,4,1
2013353025513,3,5,0,4,0,0,2,0,0,0,1,1,6,2,6,865,1,5,8,1
2013353025613,1,9,0,9,0,5,0,0,7,0,1,1,6,1,8,-1,-1,-1,-1,-1
2013353025613,2,9,0,18,0,8,0,0,1,0,1,1,6,1,9,1968,2,2,6,3
2013353025713,1,9,0,18,0,0,0,0,0,0,4,1,6,1,7,2144,1,27,6,3
2013353025713,2,1,0,18,0,0,0,0,1,0,3,1,6,1,9,-1,-1,-1,8,3
2013353027013,1,20,0,18,0,0,0,0,0,0,1,1,1,1,6,2402,2,3,5,3
2013353027013,2,9,0,3,0,0,0,0,0,0,2,1,6,2,8,1998,2,9,9,1
2013353027013,3,9,0,3,0,0,0,0,0,0,2,1,6,1,6,1527,2,18,5,1
2013353027113,1,9,0,2,0,0,0,0,0,0,3,1,6,2,9,996,1,1,1,1
2013353027113,2,1,0,14,0,0,0,8,0,0,4,1,6,2,9,-1,-1,-1,3,1
2013353027213,1,9,0,18,0,1,0,0,0,0,1,1,6,2,7,1796,1,14,6,1
2013353027213,2,1,0,18,0,1,0,0,0,0,4,1,6,2,8,-1,-1,-1,9,1
2013353027313,1,9,0,13,0,8,0,0,0,0,1,1,6,1,11,1242,1,14,2,1
2013353027313,2,1,0,9,0,5,0,0,0,0,3,1,6,2,-1,-1,-1,-1,4,3
2013353027413,1,9,0,2,0,0,0,0,0,0,3,1,6,1,5,1149,1,8,8,3
2013353027413,2,1,0,14,0,0,0,8,0,0,1,1,2,2,4,-1,-1,-1,4,1
2013353027513,1,9,0,5,0,6,0,0,0,0,3,1,6,1,6,1586,1,6,8,3
2013353027513,2,19,0,18,0,8,0,0,0,0,4,1,6,1,8,2800,2,11,9,2
2013353027613,1,9,0,13,0,8,0,0,1,0,1,1,1,1,6,1870,2,10,9,2
2013353027613,2,19,0,18,0,8,2,0,7,9,1,1,1,1,10,1998,2,12,9,2
2013353027613,3,19,0,18,0,8,0,0,0,0,0,1,1,1,7,2151,2,12,9,3
2013353027713,1,9,0,4,0,0,1,0,0,0,1,1,2,1,6,1997,1,13,10,1
2013353027713,2,9,0,4,0,0,0,0,0,0,2,1,1,1,8,1956,2,1,6,1
2013353027813,1,9,0,9,0,6,0,0,0,0,3,1,6,1,5,1781,1,10,8,2
2013353027813,2,9,0,18,0,8,0,0,0,0,1,1,6,2,7,1242,1,4,5,1
2013353028013,1,9,0,4,0,0,0,0,0,0,1,1,6,1,4,998,1,13,2,1
2013353028013,2,9,0,4,0,0,0,0,0,0,2,1,6,2,5,1587,1,8,5,1
2013353028113,1,9,0,13,0,0,0,0,0,0,4,1,2,1,6,1598,1,7,9,1
2013353028113,2,1,0,18,0,0,0,0,1,0,3,1,6,1,9,-1,-1,-1,9,3
2013353028213,1,9,0,18,0,0,0,0,7,2,1,1,6,2,11,1298,1,4,7,1
2013353028313,1,10,0,18,0,8,0,0,0,0,1,1,2,1,6,-1,-1,-1,3,1
2013353028313,2,9,0,4,0,8,0,0,0,0,2,1,2,1,6,-1,-1,-1,10,1
2013353028413,1,17,4,18,0,0,0,0,0,0,3,1,1,1,8,4400,2,3,6,3
2013353028513,1,9,0,18,0,0,0,0,0,0,1,1,2,1,6,1896,2,5,3,1
2013353028513,2,1,0,18,0,0,0,0,0,0,2,1,6,1,2,-1,-1,-1,1,1
2013353028613,1,20,0,7,0,4,0,0,0,0,4,1,1,1,7,6370,2,3,4,1
2013353028613,2,1,0,3,0,1,0,0,0,0,3,1,6,2,5,-1,-1,-1,-1,-1
2013353028713,1,1,0,18,0,0,0,4,0,0,1,1,6,1,8,-1,-1,-1,10,2
2013353028713,2,9,0,2,0,0,0,0,0,0,2,1,2,1,5,-1,-1,-1,8,1
2013353029913,1,9,0,18,0,0,0,0,0,0,3,1,6,1,10,1391,1,16,8,2
2013353029913,2,19,0,18,0,0,0,0,0,0,3,1,6,1,-1,-1,-1,-1,-1,-1
2013353030113,1,1,0,13,0,0,0,0,0,0,4,1,6,1,3,-1,-1,-1,8,1
2013353030113,2,1,0,12,0,0,0,0,1,0,3,1,6,1,4,-1,-1,-1,6,2
2013353030213,1,9,0,18,0,0,0,0,1,10,1,1,6,1,4,1396,1,15,4,1
2013353030313,1,8,0,1,0,8,0,0,0,0,2,1,1,1,-1,2402,2,8,3,1
2013353030313,2,9,0,5,0,6,0,0,0,0,4,1,6,1,7,1598,1,10,1,1
2013353030413,1,2,0,18,0,8,0,0,0,0,1,1,6,1,4,124,1,2,8,2
2013353030413,2,9,0,9,0,6,0,0,0,0,2,1,6,2,8,1699,1,6,8,3
2013353030513,1,9,0,18,0,0,0,0,0,0,1,1,6,1,6,1686,2,11,5,1
2013353030513,2,9,0,4,0,0,0,0,0,0,2,1,6,1,5,1389,1,15,6,1
2013353030513,3,9,0,4,0,0,0,0,0,0,1,1,6,2,5,1868,2,13,6,1
2013353030513,4,9,0,4,0,0,0,0,0,0,2,1,6,2,7,1242,1,9,5,1
2013353030513,5,9,0,4,0,0,0,0,0,0,2,1,6,2,5,1388,1,14,8,3
2013353030513,6,9,0,4,0,0,0,0,0,0,2,1,6,2,10,1796,2,-1,10,1
2013353030613,1,9,0,9,0,6,0,0,0,0,3,1,6,1,9,1997,2,12,2,1
2013353030613,2,1,0,9,0,6,0,0,0,0,4,1,6,1,9,-1,-1,-1,5,1
2013353030713,1,9,0,9,4,5,0,0,0,0,0,1,6,3,-1,-1,-1,-1,-1,-1
2013353030713,2,9,0,4,0,1,0,0,0,0,2,1,6,2,8,1686,2,2,10,1
2013353030713,3,19,0,4,0,1,1,0,0,0,1,1,1,1,6,2148,2,5,5,1
2013353030813,1,9,0,18,0,0,0,0,7,4,1,1,6,1,6,1968,2,8,8,3
2013353030913,1,9,0,18,0,0,0,0,0,0,1,1,1,1,7,1242,1,6,8,2
2013353030913,2,21,0,18,0,0,0,0,0,0,2,1,1,1,6,-1,-1,-1,7,1
2013353031013,1,9,0,5,0,5,0,0,0,0,1,1,6,1,-1,-1,-1,-1,-1,-1
2013353031013,2,9,0,14,0,1,0,0,0,0,4,1,6,2,7,1968,2,4,6,2
2013353031113,1,1,0,18,0,8,0,0,0,0,1,1,6,1,3,-1,-1,-1,6,1
2013353031113,2,9,0,7,0,5,0,0,0,0,4,1,6,1,4,1388,1,9,9,3
2013353031213,1,9,0,18,0,6,0,0,0,0,1,1,6,3,-1,-1,-1,-1,-1,-1
2013353031213,2,1,0,18,9,8,0,0,0,0,1,1,1,1,8,-1,-1,-1,-1,-1
2013353031313,1,9,0,18,0,0,0,0,0,0,4,1,6,2,9,1997,2,12,8,2
2013353031413,1,9,0,18,0,0,2,0,0,0,1,1,6,1,6,1587,1,13,4,1
2013353032013,1,9,0,18,0,1,0,0,0,0,1,1,6,2,-1,-1,-1,-1,4,1
2013353032013,2,9,0,3,0,1,0,0,0,0,2,1,6,2,6,1587,1,10,3,1
2013353032113,1,9,0,17,0,1,1,0,1,1,1,1,6,1,5,-1,-1,-1,8,1
2013353032213,1,3,0,18,0,0,0,0,0,0,3,1,6,1,5,599,1,4,5,3
2013353032313,1,5,0,13,0,0,0,0,0,0,3,1,2,1,6,954,1,10,5,1
2013353032313,2,9,0,18,0,0,0,0,0,0,3,1,1,1,6,2143,2,-1,1,1
2013353032413,1,19,0,12,0,0,0,0,0,0,2,1,1,1,7,-1,-1,-1,4,1
2013353032413,2,9,0,18,0,0,0,0,0,6,1,1,2,2,7,-1,-1,-1,10,1
2013353032513,1,9,0,18,0,1,0,0,0,0,1,1,1,2,7,1242,1,2,10,3
2013353032513,2,9,0,3,0,1,0,0,0,0,2,1,1,1,5,1199,2,-1,3,1
2013353032513,3,9,0,10,0,1,0,0,0,0,2,1,1,1,5,1389,1,12,-1,-1
2013353032613,1,2,0,18,0,4,5,0,0,0,3,1,6,2,4,50,1,7,1,1
2013353032713,1,9,0,9,0,5,0,0,0,0,2,1,6,2,7,1797,8,3,8,3
2013353032713,2,9,0,18,0,8,0,0,1,0,1,1,6,1,8,1799,1,5,5,1
2013353032913,1,3,0,16,0,0,0,0,1,4,1,1,6,1,4,124,1,-1,1,1
2013353033013,1,19,0,13,0,1,0,0,0,0,4,1,6,3,-1,-1,-1,-1,-1,-1
2013353033013,2,1,0,18,0,1,0,0,0,0,3,1,6,2,5,-1,-1,-1,-1,-1
2013353033113,1,9,0,18,0,0,0,0,0,0,1,1,6,1,8,1997,2,7,7,1
2013353033213,1,9,0,6,0,0,0,0,0,0,3,1,6,1,6,1968,2,4,8,2
2013353033213,2,2,0,16,0,0,0,0,0,0,1,1,6,1,5,125,1,2,5,1
2013353033313,1,9,0,4,0,0,0,0,0,0,2,1,6,2,-1,-1,-1,-1,-1,-1
2013353033313,2,1,0,18,0,0,0,0,0,0,1,1,1,1,6,-1,-1,-1,2,1
2013353033413,1,11,0,18,0,0,0,0,0,0,4,1,1,3,-1,9000,2,1,-1,-1
2013353033513,1,9,0,17,0,0,0,0,0,0,3,1,6,3,-1,-1,-1,-1,-1,-1