Accident_Index,Vehicle_Reference,Vehicle_Type,Towing_and_Articulation,Vehicle_Manoeuvre,Vehicle_Location-Restricted_Lane,Junction_Location,Skidding_and_Overturning,Hit_Object_in_Carriageway,Vehicle_Leaving_Carriageway,Hit_Object_off_Carriageway,1st_Point_of_Impact,Was_Vehicle_Left_Hand_Drive?,Journey_Purpose_of_Driver,Sex_of_Driver,Age_Band_of_Driver,Engine_Capacity_(CC),Propulsion_Code,Age_of_Vehicle,Driver_IMD_Decile,Driver_Home_Area_Type
2013353086113,4,9,0,18,0,0,0,0,0,0,1,1,6,1,6,3222,2,9,1,1
2013353086113,5,19,0,12,0,0,0,0,0,0,0,1,1,3,-1,-1,-1,-1,-1,-1
2013353086213,1,9,0,18,0,8,0,0,0,0,1,1,2,2,5,998,1,1,8,1
2013353086213,2,1,0,9,0,6,0,0,0,0,2,1,2,2,5,-1,-1,-1,7,1
2013353086313,1,9,0,18,0,6,0,0,0,0,1,1,6,1,-1,-1,-1,-1,-1,-1
2013353086313,2,9,0,18,0,8,0,0,0,0,3,1,6,1,7,2148,2,5,1,1
2013353086413,1,19,0,9,0,6,0,0,0,0,1,1,1,1,7,-1,-1,-1,-1,-1
2013353086413,2,1,0,18,0,1,0,0,0,0,1,1,2,1,6,-1,-1,-1,8,3
2013353086513,1,9,0,18,0,0,0,0,0,0,1,1,6,1,8,998,1,12,-1,-1
2013353086613,1,9,0,18,0,0,0,0,0,0,0,1,1,2,8,-1,-1,-1,-1,-1
2013353086713,1,9,0,11,4,0,0,0,0,0,4,1,6,1,7,2993,2,6,9,3
2013353086713,2,1,0,18,4,0,5,0,0,0,1,1,6,2,4,-1,-1,-1,9,1
2013353087013,1,19,0,18,0,0,0,0,0,0,1,1,1,1,7,2143,2,1,8,2
2013353087113,1,3,0,18,0,0,0,0,2,10,1,1,6,1,5,124,1,-1,7,2
2013353087213,1,9,0,7,0,4,0,0,0,0,0,1,6,1,11,1598,1,10,5,1
2013353087213,2,1,0,18,0,8,0,0,0,0,4,1,6,2,2,-1,-1,-1,4,1
2013353087213,3,1,0,18,0,8,0,0,0,0,3,1,6,1,-1,-1,-1,-1,-1,-1
2013353087313,1,9,0,18,0,8,1,0,0,0,1,1,2,1,6,1461,2,2,3,1
2013353087313,2,9,0,9,0,5,0,0,7,2,4,1,2,2,8,-1,-1,-1,4,1
2013353087413,1,9,0,18,0,0,0,0,0,0,1,1,6,1,-1,1800,1,6,10,2
2013353087413,2,9,0,18,0,0,0,0,0,0,0,1,1,1,-1,2993,2,1,-1,-1
2013353087413,3,9,0,2,0,0,0,0,0,0,2,1,6,1,-1,1289,1,17,7,1
2013353087413,4,9,0,2,0,0,0,0,0,0,1,1,6,2,-1,2198,1,8,10,1
2013353087413,5,9,0,2,0,0,0,0,0,0,0,1,6,1,-1,2400,2,4,10,1
2013353087413,6,9,0,2,0,0,0,0,0,0,1,1,6,3,-1,1198,1,10,-1,-1
2013353087413,7,9,0,2,0,0,0,0,0,0,2,1,6,2,-1,1248,2,7,-1,-1
2013353087413,8,9,0,2,0,0,0,0,0,0,2,1,6,1,-1,2792,1,7,7,1
2013353087513,1,1,0,18,0,0,0,0,0,0,4,1,6,1,5,-1,-1,-1,4,1
2013353087513,2,9,0,18,0,0,0,0,0,0,1,1,6,2,9,1794,1,10,-1,-1
2013353087613,1,1,0,18,0,8,0,0,0,0,1,1,6,1,8,-1,-1,-1,2,1
2013353087613,2,9,0,1,0,6,0,0,0,0,2,1,6,1,8,1397,1,3,2,1
2013353087713,1,9,0,7,0,6,0,0,1,1,1,1,6,1,11,1998,1,3,7,3
2013353087713,2,21,1,18,0,1,1,0,6,0,4,1,1,1,9,10518,2,6,-1,-1
2013353087713,3,9,0,18,0,1,1,0,6,1,4,1,2,2,7,1587,1,10,8,1
2013353087813,1,3,0,4,0,0,1,0,0,0,3,1,2,1,6,124,1,-1,6,1
2013353087913,1,9,0,18,0,0,0,0,0,0,4,1,3,2,10,1896,2,11,4,1
2013353087913,2,9,0,2,0,0,0,0,0,0,3,1,6,1,4,2792,1,10,5,2
2013353088013,1,9,0,17,0,0,1,0,7,9,3,1,1,2,5,1149,1,10,4,1
2013353088113,1,9,0,17,0,0,2,0,1,0,1,1,1,1,6,1149,1,8,6,3
2013353088213,1,9,0,5,0,4,0,0,0,0,1,1,1,1,7,1397,1,5,10,1
2013353088213,2,1,0,9,0,8,0,0,0,0,2,1,1,1,7,-1,-1,-1,-1,-1
2013353088413,1,19,0,18,0,0,0,0,0,0,1,1,1,1,8,1560,2,2,2,1
2013353088413,2,9,0,18,0,0,0,0,0,0,2,1,6,1,6,1998,1,12,8,1
2013353088513,1,9,0,18,0,1,0,0,0,0,4,1,1,1,9,1896,2,7,9,2
2013353088513,2,9,0,9,0,6,0,0,0,0,3,1,2,2,7,1598,1,8,9,2
2013353088613,1,9,0,18,0,0,0,0,7,0,1,1,6,2,8,1598,1,11,9,2
2013353088613,2,19,0,18,0,0,1,0,0,0,1,1,1,1,8,2198,2,3,2,1
2013353088613,3,19,0,18,0,0,0,0,0,0,1,1,1,1,7,-1,-1,-1,-1,-1
2013353088713,1,9,0,4,0,0,1,0,0,0,1,1,2,1,7,1796,1,8,1,1
2013353088813,1,9,0,9,0,6,0,0,0,0,3,1,6,2,8,1998,1,8,2,1
2013353088813,2,5,0,18,0,8,1,0,0,0,1,1,2,1,7,1100,1,21,5,1
2013353088913,1,1,0,18,5,8,5,0,0,0,3,1,2,1,5,-1,-1,-1,4,1
2013353088913,2,8,0,18,0,3,0,0,0,0,3,1,1,1,10,1910,2,8,2,1
2013353089013,1,9,0,3,0,2,0,0,0,0,4,1,6,1,6,2231,2,6,10,2
2013353089013,2,1,0,15,0,2,0,8,0,0,1,1,2,1,6,-1,-1,-1,6,1
2013353089113,1,9,0,18,0,0,2,0,1,9,3,1,6,1,4,1560,2,8,9,3
2013353089213,1,9,0,2,0,0,0,0,0,0,4,2,6,2,-1,-1,-1,-1,-1,-1
2013353089213,2,1,0,15,0,0,0,8,0,0,4,1,6,2,5,-1,-1,-1,8,1
2013353089313,1,9,0,18,0,0,2,0,7,3,1,1,1,1,5,1895,1,13,4,1
2013353089413,1,9,0,18,0,0,1,7,7,0,1,1,6,2,6,1999,1,8,10,2
2013353089513,1,4,0,18,0,0,2,10,0,0,4,1,6,1,6,124,1,1,-1,-1
2013353089613,1,9,0,18,0,1,0,0,0,0,1,1,6,2,6,2000,2,8,4,1
2013353089613,2,9,0,10,0,1,0,0,0,0,2,1,6,1,9,602,1,25,2,1
2013353089713,1,5,0,5,0,2,0,0,0,0,1,1,2,1,5,599,1,9,10,2
2013353089913,1,9,0,16,0,8,1,0,3,1,1,1,6,1,5,1199,1,11,8,1
2013353090013,1,9,0,14,0,1,0,0,1,0,1,1,2,1,5,1595,1,13,7,1
2013353090013,2,9,0,9,0,1,0,0,0,0,2,1,6,1,7,-1,3,1,5,3
2013353090113,1,9,0,9,0,5,0,0,0,0,4,1,1,1,8,2494,1,11,6,2
2013353090113,2,1,0,18,0,8,0,0,0,0,1,1,6,1,7,-1,-1,-1,9,1
2013353090213,1,9,0,18,0,8,0,0,0,0,1,1,6,1,7,2148,2,5,-1,-1
2013353090213,2,1,0,18,0,8,0,0,0,0,2,1,1,1,5,-1,-1,-1,4,1
2013353090313,1,1,0,18,9,8,0,0,0,0,4,1,6,1,4,-1,-1,-1,-1,-1
2013353090313,2,9,0,9,0,2,0,0,0,0,1,1,2,2,8,1598,1,12,3,1
2013353090413,1,20,0,11,0,3,0,0,0,0,4,1,1,1,9,4764,2,5,4,1
2013353090413,2,9,0,18,0,3,0,0,7,7,3,1,6,1,8,1242,1,13,7,1
2013353090513,1,9,0,18,0,1,0,0,0,0,1,1,6,1,5,1598,1,14,9,3
2013353090513,2,9,0,3,0,1,0,0,0,0,2,1,6,1,5,1149,1,11,8,3
2013353090613,1,19,0,4,0,0,1,0,0,0,1,1,1,1,7,2143,2,3,7,2
2013353090613,2,9,0,4,0,0,0,0,0,0,2,1,6,1,4,998,1,5,9,2
2013353090613,3,9,0,4,0,0,0,0,0,0,2,1,2,1,7,1560,2,3,7,1
2013353090713,1,9,0,18,0,1,0,0,0,0,1,2,6,1,6,-1,-1,-1,-1,-1
2013353090713,2,9,0,4,0,1,0,0,0,0,2,1,3,2,8,2179,2,9,4,3
2013353090813,1,9,0,18,0,1,1,0,4,6,4,1,1,2,6,1598,2,1,5,1
2013353090813,2,21,1,18,0,1,0,0,0,0,3,1,1,1,9,8970,2,9,6,1
2013353090913,1,4,0,13,0,8,0,0,0,0,1,1,2,1,6,998,1,10,7,1
2013353090913,2,9,0,9,0,5,0,0,0,0,3,1,6,2,7,2188,2,9,8,3
2013353091013,1,9,0,18,0,8,0,0,0,0,1,1,2,2,4,1242,1,5,4,1
2013353091013,2,9,0,9,0,5,0,0,0,0,2,1,1,1,7,1968,2,4,10,2
2013353091113,1,9,0,4,0,0,0,0,0,0,1,1,6,2,5,1595,1,9,3,1
2013353091113,2,9,0,4,0,0,0,0,0,0,2,1,6,2,8,1598,2,-1,7,2
2013353091213,1,9,0,9,0,6,0,0,0,0,1,1,6,2,11,1598,1,-1,1,1
2013353091213,2,8,0,2,0,2,0,0,0,0,2,1,1,1,8,2664,2,14,2,1
2013353091213,3,8,0,2,0,2,0,0,0,0,2,1,1,1,7,2687,2,8,1,1
2013353091313,1,2,0,18,9,0,0,0,0,0,3,1,6,1,3,-1,-1,-1,2,1
2013353091313,2,9,0,18,0,0,0,0,0,0,1,1,6,1,5,1598,1,9,2,1
2013353091413,1,9,0,9,0,8,0,0,0,0,4,1,6,1,4,1149,1,10,1,1
2013353091413,2,9,0,18,0,8,0,0,0,0,1,1,6,1,6,1686,2,8,2,1
2013353091513,1,9,0,18,0,4,0,0,0,0,1,1,1,1,7,1991,2,4,5,3
2013353091613,1,9,0,7,9,1,0,0,0,0,4,1,6,1,6,1595,1,14,3,1
2013353091613,2,1,0,15,9,1,0,10,1,0,1,1,2,2,9,-1,-1,-1,1,1
2013353091713,1,9,0,9,0,8,0,0,0,0,1,1,6,1,6,-1,-1,-1,6,1
2013353091713,2,2,0,18,0,8,0,0,0,0,1,1,6,1,4,-1,-1,-1,8,1
2013353091813,1,9,0,9,0,5,0,0,0,0,4,1,2,1,7,999,1,12,3,1
2013353091813,2,9,0,18,0,1,0,0,0,0,1,1,2,1,6,1995,2,-1,9,3
2013353091813,3,9,0,18,0,1,0,0,0,0,3,1,1,1,8,1390,1,16,5,1
2013353091913,1,9,0,18,0,0,0,0,8,4,3,1,6,1,9,-1,-1,-1,7,3
2013353091913,2,9,0,18,0,0,0,0,0,0,4,1,6,2,8,2477,2,20,4,3
2013353092013,1,9,0,9,0,6,0,0,0,0,1,1,6,2,8,1998,1,17,-1,-1
2013353092013,2,9,0,18,0,8,0,0,0,0,4,1,6,2,10,1299,1,5,8,3
2013353092113,1,9,0,16,0,0,0,0,7,9,1,1,6,2,8,998,1,9,7,3
2013353092313,1,9,0,5,0,1,0,0,0,0,1,1,6,2,-1,1598,1,12,9,1
2013353092313,2,1,0,17,0,8,0,0,0,0,4,1,6,1,8,-1,-1,-1,9,1
2013353092413,1,9,0,17,0,0,0,0,0,0,1,1,2,2,9,1199,1,13,7,1
2013353092413,2,9,0,16,0,0,0,0,0,0,1,1,6,1,5,1596,1,8,8,3
2013353092513,1,9,0,4,0,3,0,0,0,0,1,1,6,1,4,1598,1,1,8,1
2013353092513,2,9,0,4,0,3,0,0,0,0,2,1,6,2,9,1388,1,6,10,1
2013353092613,1,8,0,18,0,1,0,0,1,4,1,1,6,1,10,2148,2,5,4,1
2013353092613,2,9,0,10,0,1,0,0,0,0,2,1,6,1,10,1995,1,6,10,2
2013353092613,3,9,0,18,0,8,0,0,0,0,1,1,6,1,7,1997,2,-1,9,1
2013353092613,4,9,0,2,0,8,0,0,0,0,1,1,6,3,-1,-1,-1,-1,-1,-1
2013353092713,1,21,1,4,0,0,0,0,0,0,1,1,1,1,7,12900,2,2,9,2
2013353092713,2,9,0,4,0,0,0,0,1,0,2,1,6,1,7,-1,-1,-1,2,1
2013353092713,3,19,0,18,0,0,0,0,1,9,1,1,1,1,7,1995,2,2,6,2
2013353092813,1,1,0,18,0,6,0,0,0,0,1,1,6,1,3,-1,-1,-1,6,3
2013353092813,2,9,0,18,0,8,0,0,0,0,4,1,2,1,7,1968,2,1,9,3
2013353092913,1,9,0,18,0,0,0,0,0,0,1,1,1,1,8,1896,2,7,2,1
2013353092913,2,9,0,4,0,0,0,0,0,0,2,1,1,1,7,1598,2,1,7,2
2013353092913,3,9,0,4,0,0,0,0,0,0,1,1,1,1,7,2179,2,6,9,2
2013353093013,1,9,0,18,0,0,0,0,1,9,1,1,6,2,7,1560,2,2,2,1
2013353093113,1,10,0,18,0,8,0,0,0,0,1,1,1,1,8,-1,-1,-1,9,3
2013353093213,1,9,0,18,0,1,0,0,0,0,1,1,6,1,-1,1229,1,3,-1,-1
2013353093213,2,9,0,8,0,1,0,0,0,0,2,1,6,1,7,1999,1,11,5,2
2013353093313,1,9,0,17,0,0,0,0,0,0,1,1,6,2,7,1598,2,-1,10,2
2013353093313,2,9,0,17,0,0,0,0,0,0,1,1,6,1,9,1582,2,3,3,1
2013353093513,1,9,0,17,0,0,1,0,1,4,3,1,2,1,6,1794,1,10,7,3
2013353093613,1,9,0,1,0,0,0,0,0,0,2,1,1,1,6,2231,2,5,7,1
2013353093713,1,19,0,18,0,0,0,0,0,0,1,1,6,1,6,2402,2,2,6,1
2013353093713,2,9,0,4,0,0,0,0,0,0,2,1,6,1,9,1896,2,8,5,1
2013353093813,1,9,0,17,0,0,5,0,7,9,1,1,6,1,5,1796,1,15,8,1
2013353093913,1,19,0,9,0,5,0,0,0,0,2,1,1,1,6,1995,2,5,7,1
2013353093913,2,9,0,18,0,8,0,0,0,0,1,1,1,2,8,1968,2,-1,7,1
2013353094013,1,9,0,18,0,0,1,0,0,0,1,1,2,1,6,1998,2,9,8,1
2013353094013,2,9,0,4,0,0,0,0,0,0,2,1,6,2,5,1598,2,1,9,2
2013353094013,3,9,0,4,0,0,0,0,0,0,2,1,6,1,6,1339,8,1,8,3
2013353094113,1,9,0,14,0,0,0,0,0,0,1,1,2,2,8,1248,2,5,8,2
2013353094213,1,9,0,9,0,5,0,0,0,0,4,1,6,1,11,1398,2,-1,5,1
2013353094213,2,1,0,18,0,8,0,0,0,0,1,1,6,1,5,-1,-1,-1,6,3
2013353094313,1,9,0,4,0,6,0,0,0,0,1,1,1,1,5,1242,1,4,10,1
2013353094313,2,1,0,18,0,8,0,0,0,0,3,1,3,2,4,-1,-1,-1,8,3
2013353094413,1,21,1,5,8,0,0,0,0,0,0,2,6,3,-1,-1,-1,-1,-1,-1
2013353094413,2,9,0,18,0,0,0,0,1,9,4,1,6,2,6,1349,1,4,9,2
2013353094513,1,9,0,18,0,0,0,0,0,0,1,1,6,3,-1,-1,-1,-1,-1,-1
2013353094513,2,1,0,18,0,0,0,0,0,0,2,1,6,1,5,-1,-1,-1,7,1
2013353094613,1,9,0,9,0,6,0,0,0,0,1,1,6,2,6,1995,2,13,9,1
2013353094613,2,9,0,18,0,1,0,0,1,1,4,1,6,1,8,1798,1,11,5,1
2013353094713,1,9,0,10,0,1,0,0,0,0,1,1,1,2,5,1598,1,6,3,1
2013353094713,2,1,0,18,0,1,0,0,0,0,3,1,1,2,7,-1,-1,-1,-1,-1
2013353094813,1,9,4,9,0,8,0,0,0,0,3,1,2,1,6,2497,2,17,8,3
2013353094813,2,3,0,18,0,8,0,0,0,0,1,1,6,1,7,124,1,3,8,3
2013353094913,1,9,0,18,7,0,1,4,1,7,1,1,1,2,6,1596,1,11,-1,-1
2013353094913,2,21,1,2,6,0,0,0,0,0,2,1,1,1,9,10518,2,8,1,1
2013353095013,1,9,0,4,0,1,0,0,0,0,1,1,6,1,4,1598,1,5,2,1
2013353095013,2,9,0,4,0,1,0,0,0,0,2,1,2,1,7,1910,2,7,1,1
2013353095113,1,9,0,18,0,0,1,11,0,0,1,1,2,1,6,-1,-1,-1,9,2
2013353095213,1,9,0,18,0,2,0,0,0,0,4,1,6,2,10,1149,1,10,8,3
2013353095313,1,21,0,4,0,0,0,0,0,0,1,1,1,1,6,6870,2,1,-1,-1
2013353095313,2,9,0,4,0,0,0,0,0,0,2,1,1,1,8,-1,-1,-1,10,2
2013353095313,3,9,0,4,0,0,0,0,0,0,2,1,2,2,8,1900,2,15,4,1
2013353095313,4,9,0,4,0,0,0,0,0,0,2,1,2,1,8,1493,1,15,8,1
2013353095413,1,17,5,18,0,0,0,0,0,0,3,1,6,3,-1,6700,2,1,-1,-1
2013353095413,2,9,0,18,0,0,2,0,7,0,3,1,6,1,5,1299,1,13,3,3
2013353095513,1,11,0,18,0,4,0,9,3,1,1,1,1,1,9,5480,2,12,8,2
2013353095613,1,21,4,18,7,0,0,0,0,0,1,1,1,1,6,11946,2,2,10,1
2013353095613,2,9,0,3,0,0,0,0,0,0,2,1,6,1,7,-1,-1,-1,8,2
2013353095713,1,9,0,4,0,1,1,0,0,0,1,1,6,1,6,1968,2,1,9,1
2013353095713,2,9,0,4,0,1,0,0,0,0,2,1,6,2,7,2616,1,7,7,3
2013353095713,3,9,0,4,0,1,0,0,0,0,2,1,6,2,8,1951,2,7,5,3
2013353095913,1,19,0,9,0,8,0,0,0,0,1,1,1,1,6,1905,2,14,7,1
2013353095913,2,9,0,7,0,8,0,0,0,0,1,1,6,2,7,1995,2,8,8,1
2013353096013,1,9,0,7,0,6,0,0,0,0,1,1,6,2,8,1399,2,2,4,1
2013353096013,2,2,0,13,0,8,0,0,0,0,1,1,6,1,4,244,1,12,4,1
2013353096113,1,9,0,17,0,0,2,0,0,0,1,1,6,1,4,1400,1,13,5,3
2013353096213,1,9,0,12,0,0,0,0,0,0,1,1,6,3,-1,1086,1,4,-1,-1
2013353096213,2,9,0,3,0,0,0,0,0,0,2,1,6,2,6,1686,2,2,9,1
2013353096313,1,9,0,7,0,6,0,0,0,0,1,1,2,1,8,1598,1,10,6,1
2013353096313,2,1,0,18,0,8,0,0,0,0,1,1,6,1,8,-1,-1,-1,5,1
2013353096513,1,9,0,18,0,1,0,0,0,0,1,1,1,2,7,-1,-1,-1,2,1
2013353096513,2,9,0,8,0,1,0,0,0,0,2,1,1,1,5,-1,-1,-1,2,1
2013353096613,1,9,0,18,0,1,0,0,0,0,1,1,6,1,11,1753,2,12,10,2
2013353096613,2,9,0,10,0,1,0,0,0,0,2,1,6,2,-1,2995,1,6,6,3
2013353100013,1,19,0,18,0,0,1,0,0,0,1,1,1,1,5,1995,2,-1,8,1
2013353100013,2,21,1,4,0,0,0,0,0,0,2,1,1,1,8,12419,2,3,3,2
2013353100113,1,9,0,18,0,0,0,0,1,8,1,1,6,1,8,1598,2,1,7,3
2013353100213,1,1,0,18,0,0,0,0,0,0,4,1,6,2,4,-1,-1,-1,8,1
2013353100213,2,9,0,18,0,0,0,0,0,0,1,1,6,1,4,1997,2,11,3,1
2013353100213,3,9,0,18,0,0,0,0,0,0,1,1,6,1,9,1598,2,1,9,1
2013353101713,1,9,0,18,0,0,0,0,0,0,1,1,6,1,-1,-1,-1,-1,-1,-1
2013353101713,2,1,0,18,0,0,0,0,0,0,2,1,2,2,4,-1,-1,-1,3,1
2013353101813,1,9,0,17,0,0,0,0,2,10,1,1,6,1,9,1299,1,9,4,1
2013353101913,1,9,0,9,0,6,0,0,0,0,1,1,6,1,10,2199,2,1,2,1
2013353101913,2,9,0,18,0,8,0,0,0,0,1,1,6,2,8,-1,-1,-1,8,2
2013353102013,1,9,0,9,0,5,0,0,0,0,2,1,1,1,5,-1,-1,-1,5,2
2013353102013,2,21,1,18,0,1,0,0,0,0,1,2,6,1,6,-1,-1,-1,-1,-1
2013353102113,1,9,0,18,0,3,0,0,0,0,3,1,6,1,7,1299,1,11,9,1
2013353102113,2,9,0,18,0,3,0,10,0,0,4,1,2,2,7,1998,2,9,-1,-1
2013353102213,1,9,0,17,0,0,1,0,1,0,0,1,2,2,5,1199,1,9,4,1
2013353102313,1,2,0,18,0,8,0,0,0,0,1,1,6,1,4,49,1,1,4,1
2013353102313,2,9,0,10,0,1,0,0,0,0,2,1,6,1,9,1796,1,6,4,1
2013353102413,1,9,0,3,0,1,0,0,0,0,2,1,6,2,8,1998,2,8,7,3
2013353102413,2,9,0,16,0,1,0,0,0,0,1,1,6,1,-1,-1,-1,-1,-1,-1
2013353102513,1,9,0,7,0,6,0,0,0,0,1,1,6,1,7,1497,1,9,3,1
2013353102513,2,9,0,18,0,8,0,0,0,0,4,1,6,1,7,1896,2,8,2,1
2013353102613,1,9,0,9,0,2,0,0,0,0,1,1,6,1,-1,1596,1,12,-1,-1
2013353102613,2,9,0,18,0,2,0,0,0,0,3,1,6,1,4,1043,1,24,1,1
2013353102713,1,9,0,13,0,1,1,7,0,0,4,1,6,1,6,1242,1,17,3,1
2013353102713,2,17,4,18,0,1,4,0,1,4,3,1,1,1,5,6702,2,1,7,2
2013353102813,1,9,0,18,0,7,0,4,0,0,1,1,1,1,7,2143,2,1,9,3
2013353102813,2,9,0,2,0,1,0,0,0,7,2,1,6,1,8,1596,1,9,7,3
2013353102913,1,21,0,18,0,0,0,0,0,0,4,1,6,1,8,4500,2,6,7,3
2013353102913,2,1,0,18,0,0,0,0,0,0,3,1,6,1,5,-1,-1,-1,-1,-1
2013353103013,1,9,0,18,0,0,0,0,0,0,1,1,1,1,5,1560,2,-1,7,1
2013353103013,2,9,0,4,0,0,0,0,0,0,2,1,1,1,5,1248,2,9,5,1
2013353103013,3,9,0,4,0,0,0,0,0,0,2,1,1,2,7,2204,2,6,4,1
2013353103013,4,9,0,4,0,0,0,0,0,0,2,1,1,1,10,1390,1,9,7,3
2013353105013,1,9,0,18,0,1,0,0,0,0,1,1,6,2,6,1598,1,7,4,1
2013353105113,1,9,0,17,0,2,1,11,7,9,4,1,2,1,7,-1,-1,-1,6,1
2013353105113,2,9,0,16,0,1,0,0,1,0,1,1,6,1,8,-1,-1,-1,8,3
2013353105213,1,21,1,18,0,0,1,0,0,0,1,1,1,1,7,12900,2,2,7,2
2013353105213,2,21,1,3,0,0,0,0,0,0,2,2,1,1,7,-1,-1,-1,-1,-1
2013353105213,3,9,0,3,0,0,0,0,0,0,0,1,1,1,6,1896,2,16,8,2
2013353105313,1,5,0,13,0,1,0,0,0,0,4,1,6,1,6,592,1,25,4,1
2013353105313,2,9,0,9,0,5,0,0,0,0,3,1,1,1,7,1200,1,1,1,1
2013353105413,1,9,0,7,0,5,0,0,0,0,0,1,6,3,-1,-1,-1,-1,-1,-1
2013353105413,2,9,0,4,0,1,0,0,0,0,2,1,6,1,4,1149,1,11,7,1
2013353105413,3,9,0,4,0,1,0,0,0,0,2,1,6,2,5,2148,2,4,6,1
2013353105413,4,9,0,18,0,1,0,0,0,0,1,1,6,1,7,1199,1,13,8,3
2013353105513,1,9,0,18,0,0,0,0,4,6,1,1,6,2,5,1124,1,8,6,1
2013353105613,1,9,0,18,0,0,0,0,0,0,1,1,6,3,-1,-1,-1,-1,-1,-1
2013353105613,2,1,0,18,0,0,0,0,0,0,2,1,2,1,6,-1,-1,-1,6,1
2013353105713,1,9,0,5,0,1,0,0,0,0,1,1,1,1,7,2231,2,5,7,1
2013353105713,2,9,0,3,0,1,0,0,0,0,2,1,6,2,6,1995,2,1,9,3
2013353105813,1,9,0,17,0,1,1,0,1,1,1,1,6,2,10,1998,2,11,10,3
2013353105913,1,9,0,18,0,1,0,0,0,0,3,1,6,1,6,1149,1,8,7,1
2013353105913,2,9,0,18,0,1,0,0,0,0,3,1,6,2,9,1461,2,-1,6,1
2013353106113,1,17,4,18,0,8,5,0,0,0,0,1,1,1,4,6702,2,1,6,3
2013353106213,1,8,0,9,0,5,0,0,0,0,1,1,1,1,7,1560,2,3,2,1
2013353106313,1,9,0,16,0,0,0,0,1,1,1,1,6,1,8,2179,2,-1,8,1
2013353106313,2,9,0,17,0,0,0,0,0,0,1,1,6,1,6,1968,2,6,-1,-1
2013353106413,1,1,0,18,0,0,0,0,0,0,1,1,6,1,9,-1,-1,-1,7,3
2013353106513,1,9,0,17,0,0,1,0,0,0,1,1,6,1,9,1398,2,10,9,2
2013353106513,2,9,0,18,0,0,0,0,1,9,1,1,6,2,7,1968,2,6,9,3
2013353106613,1,9,0,11,0,1,0,0,0,0,4,1,6,3,-1,-1,-1,-1,-1,-1
2013353106613,2,1,0,18,0,1,5,0,0,0,1,1,6,1,7,-1,-1,-1,4,1
2013353106713,1,9,0,9,0,3,0,0,0,0,1,1,6,1,7,1799,1,15,3,1
2013353106813,1,9,0,18,0,8,0,0,0,0,1,1,6,1,6,1956,2,1,5,1
2013353106913,1,1,0,18,0,1,0,0,0,0,1,1,6,1,7,-1,-1,-1,6,1
2013353106913,2,9,0,9,0,6,0,0,0,0,4,1,1,1,7,1896,2,4,7,3
2013353107013,1,21,1,11,0,0,0,0,0,0,4,1,1,1,7,11705,2,6,7,1
2013353107013,2,9,0,18,0,0,0,0,0,6,2,1,6,2,7,2999,2,12,7,3
2013353107013,3,9,0,18,0,0,0,0,0,7,4,1,1,1,9,1956,2,2,8,1
2013353107113,1,9,0,2,0,0,0,0,0,0,3,1,6,2,10,1198,1,10,10,2
2013353107113,2,1,0,14,0,0,0,8,0,0,1,1,6,1,8,-1,-1,-1,8,2
2013353107213,1,2,0,7,0,6,0,0,0,0,4,1,4,1,4,49,1,6,10,1
2013353107313,1,11,0,18,0,0,0,0,0,0,1,1,1,1,6,10824,2,11,9,1
2013353107313,2,9,0,18,0,0,0,0,0,0,2,1,2,2,6,1149,1,2,8,1
2013353107413,1,9,0,18,0,0,0,0,0,0,1,1,1,1,7,1999,1,8,6,1
2013353107413,2,21,1,18,0,0,0,0,0,0,2,2,1,1,5,-1,-1,-1,-1,-1
2013353107513,1,9,0,18,0,1,1,0,0,0,4,1,1,1,4,1299,1,15,4,1
2013353107513,2,9,0,9,0,6,1,0,0,0,1,1,1,2,9,1560,2,3,4,1
2013353107613,1,9,0,7,0,3,0,0,0,0,4,1,6,2,9,1242,1,3,8,1
2013353107613,2,3,0,7,0,3,0,0,0,0,3,1,6,1,5,124,1,-1,3,1
2013353107713,1,9,0,18,0,0,1,0,0,0,1,1,2,1,6,2204,2,6,7,1
2013353107713,2,9,0,4,0,0,0,0,0,0,2,1,2,1,6,2151,2,13,6,2
2013353107713,3,9,0,4,0,0,0,0,0,0,2,1,2,1,5,1242,1,7,4,3
2013353107713,4,9,0,4,0,0,0,0,0,0,2,1,2,2,8,1997,2,5,4,1
2013353107813,1,9,0,9,0,5,0,0,0,0,4,1,6,1,-1,1895,1,13,-1,-1
2013353107813,2,1,0,18,0,8,0,0,0,0,1,1,6,1,5,-1,-1,-1,5,1
2013353107913,1,9,0,7,0,6,0,0,0,0,3,1,1,2,9,1560,2,-1,3,1
2013353107913,2,1,0,18,0,8,0,0,0,0,1,1,6,2,6,-1,-1,-1,6,1
2013353108013,1,9,0,18,0,0,0,0,1,4,4,1,1,2,6,1398,2,1,9,1
2013353108013,2,21,1,18,0,0,0,0,0,0,3,2,1,1,7,-1,-1,-1,-1,-1
2013353108113,1,2,0,18,0,8,0,0,0,0,1,1,2,2,4,49,1,2,8,1
2013353108113,2,9,0,9,0,6,0,0,0,0,3,1,3,2,8,1970,1,15,4,1
2013353108213,1,9,0,4,0,1,0,0,0,0,4,1,6,2,10,1299,1,9,10,2
2013353108313,1,9,0,7,0,6,0,0,0,0,1,1,6,1,8,2149,2,6,2,1