Accident_Index,Vehicle_Reference,Vehicle_Type,Towing_and_Articulation,Vehicle_Manoeuvre,Vehicle_Location-Restricted_Lane,Junction_Location,Skidding_and_Overturning,Hit_Object_in_Carriageway,Vehicle_Leaving_Carriageway,Hit_Object_off_Carriageway,1st_Point_of_Impact,Was_Vehicle_Left_Hand_Drive?,Journey_Purpose_of_Driver,Sex_of_Driver,Age_Band_of_Driver,Engine_Capacity_(CC),Propulsion_Code,Age_of_Vehicle,Driver_IMD_Decile,Driver_Home_Area_Type
2013360071722,1,9,0,9,0,5,0,0,0,0,4,1,2,1,7,2488,2,7,6,1
2013360071722,2,1,0,17,0,8,0,0,0,0,3,1,6,1,6,-1,-1,-1,1,1
2013360071724,1,9,0,18,0,0,0,0,0,0,1,1,6,1,7,-1,-1,-1,8,1
2013360071724,2,9,0,3,0,0,0,0,0,0,2,1,6,1,4,1596,1,15,5,1
2013360071736,1,19,0,16,0,0,0,0,0,0,1,1,6,1,9,1995,2,6,8,3
2013360071736,2,9,0,4,0,0,0,0,0,0,2,1,6,1,8,1984,1,13,3,1
2013360071740,1,9,0,4,0,0,1,0,0,0,1,1,6,1,4,1124,1,12,4,3
2013360071740,2,9,0,4,0,0,0,0,0,0,2,1,6,1,9,2720,2,6,5,2
2013360071741,1,9,0,18,0,1,0,0,0,0,1,1,6,2,9,1349,1,-1,5,3
2013360071741,2,9,0,18,0,1,0,0,0,0,2,1,1,1,5,2148,2,7,4,1
2013360071752,1,19,0,1,0,0,0,0,0,0,2,1,1,1,-1,-1,-1,-1,-1,-1
2013360071756,1,9,0,16,0,0,0,0,0,0,1,1,6,2,4,1299,1,11,8,3
2013360071756,2,1,0,17,0,0,0,0,0,0,1,1,6,1,6,-1,-1,-1,2,1
2013360071758,1,9,0,18,0,6,0,0,0,0,1,1,6,2,4,1360,1,5,1,1
2013360071758,2,9,0,18,0,8,0,0,0,0,3,1,6,1,4,1686,2,9,-1,-1
2013360071790,1,9,0,18,0,1,0,0,0,0,1,1,6,1,9,-1,-1,-1,3,1
2013360071790,2,1,0,4,0,1,0,0,0,0,2,1,6,1,9,-1,-1,-1,9,1
2013360071796,1,19,0,7,5,6,0,0,0,0,1,1,6,1,6,1753,2,4,1,1
2013360071796,2,90,0,18,9,8,0,0,0,0,1,1,6,1,11,-1,-1,-1,1,1
2013360071798,1,9,0,16,0,0,0,0,7,4,1,1,6,1,11,1560,2,-1,-1,-1
2013360071804,1,4,0,18,5,0,1,0,0,0,3,1,6,1,7,450,1,1,6,1
2013360071804,2,90,4,18,5,0,0,0,0,0,1,1,1,1,10,-1,-1,-1,6,3
2013360071809,1,9,0,9,0,6,0,0,0,0,1,1,6,2,7,1599,1,12,6,3
2013360071809,2,4,0,18,0,8,5,0,0,0,4,1,6,1,4,399,1,31,2,1
2013360071827,1,16,0,18,0,0,0,0,0,0,0,1,6,2,5,-1,-1,-1,4,2
2013360071827,2,9,0,13,0,0,0,0,0,0,0,1,6,3,-1,-1,-1,-1,-1,-1
2013360071838,1,9,0,14,0,1,0,4,0,0,3,1,6,1,8,1364,2,3,3,1
2013360071838,2,9,0,5,0,1,0,0,0,0,3,1,6,1,5,2793,1,14,1,1
2013360071838,3,9,0,2,0,2,0,0,0,0,3,1,6,1,6,1598,1,10,1,1
2013360071844,1,9,0,9,0,6,0,0,0,0,1,1,6,1,7,-1,-1,-1,3,2
2013360071844,2,9,0,18,0,8,0,0,7,10,3,1,6,1,8,1461,2,3,5,3
2013360071845,1,9,0,18,0,1,0,0,0,0,4,1,2,2,8,1586,1,9,4,1
2013360071853,1,9,0,9,0,5,0,0,0,0,1,1,6,1,6,1461,2,7,9,3
2013360071853,2,5,0,18,0,8,0,0,1,4,1,1,6,1,7,1298,1,12,7,1
2013360071855,1,9,0,18,0,6,0,0,0,0,1,1,1,1,4,1600,1,15,3,1
2013360071855,2,3,0,18,0,8,0,0,0,0,1,1,1,1,6,638,1,2,8,3
2013360071855,3,9,0,18,0,8,0,0,0,0,1,1,1,2,8,1798,1,8,6,3
2013360071856,1,9,0,9,0,6,0,0,0,0,3,1,2,2,6,1390,1,12,5,1
2013360071856,2,5,0,18,0,8,1,0,7,0,1,1,6,1,6,656,1,3,5,3
2013360071859,1,9,0,18,0,0,0,0,0,0,1,1,1,1,7,1242,1,3,-1,-1
2013360071859,2,9,0,18,0,0,0,0,0,0,1,1,6,1,-1,-1,-1,-1,-1,-1
2013360071859,3,9,0,18,0,0,0,0,0,0,0,1,6,1,4,1896,2,6,-1,-1
2013360071861,1,5,0,13,0,0,0,0,0,0,1,1,6,1,5,599,1,15,5,3
2013360071861,2,90,0,18,0,0,0,0,1,0,1,1,6,1,8,-1,-1,-1,10,1
2013360071861,3,8,0,4,0,0,0,0,0,0,2,1,6,2,7,1984,1,3,7,3
2013360071863,1,9,0,18,0,1,5,0,0,0,1,1,6,2,11,1061,1,8,7,2
2013360071863,2,9,0,9,0,5,1,0,0,0,2,1,6,1,9,2830,2,18,4,2
2013360071864,1,90,0,18,0,0,0,0,0,0,4,1,6,1,6,-1,-1,-1,-1,-1
2013360071864,2,1,0,18,0,0,0,0,0,0,3,1,6,1,10,-1,-1,-1,-1,-1
2013360071866,1,19,0,7,0,5,0,0,0,0,1,1,1,1,7,2461,2,4,1,1
2013360071866,2,9,0,4,0,1,0,0,0,0,3,1,6,2,11,1299,1,8,9,1
2013360071868,1,9,0,7,0,5,0,0,0,0,4,1,6,2,6,1956,2,4,-1,-1
2013360071868,2,1,0,18,0,8,0,0,0,0,1,1,6,1,4,-1,-1,-1,-1,-1
2013360071873,1,9,0,18,0,8,0,0,0,0,1,1,2,1,4,1590,1,9,9,1
2013360071873,2,9,0,18,0,4,0,0,7,0,3,1,2,2,4,1149,1,4,3,1
2013360071876,1,9,0,18,0,8,0,0,0,0,1,1,6,1,-1,-1,-1,-1,-1,-1
2013360071876,2,9,0,18,0,8,0,0,0,0,3,1,1,1,8,-1,-1,-1,1,1
2013360071891,1,9,0,18,0,1,0,0,0,0,1,1,6,2,6,2497,1,11,-1,-1
2013360071891,2,9,0,4,0,1,0,0,0,0,2,1,6,1,6,-1,-1,-1,4,2
2013360071891,3,9,0,4,0,1,0,0,0,0,2,1,6,1,7,2435,1,12,2,1
2013360071891,4,9,0,4,0,1,0,0,0,0,2,1,6,1,10,1242,1,3,6,1
2013360071891,5,21,0,3,0,8,0,0,0,0,0,1,1,3,-1,-1,-1,-1,-1,-1
2013360071892,1,19,0,1,9,0,0,0,0,0,4,1,6,1,8,2488,2,-1,9,3
2013360071893,1,9,0,18,0,8,0,0,1,10,1,1,6,1,8,2771,1,16,-1,-1
2013360071893,2,9,0,6,0,8,0,0,0,0,2,1,6,2,-1,1149,1,9,3,1
2013360071893,3,9,0,6,0,8,0,0,0,0,2,1,6,2,6,1598,1,7,9,1
2013360071894,1,20,0,2,0,3,0,0,0,0,1,1,1,1,6,11705,2,1,2,1
2013360071894,2,1,0,9,0,8,0,0,0,0,4,1,6,2,9,-1,-1,-1,-1,-1
2013360071896,1,9,0,18,0,8,0,7,0,0,1,1,6,2,11,-1,-1,-1,7,1
2013360071896,2,9,0,8,0,8,0,0,0,0,2,1,6,2,11,-1,-1,-1,-1,-1
2013360071897,1,9,0,18,0,1,0,0,0,0,1,1,2,1,7,1399,2,7,9,3
2013360071897,2,9,0,10,0,8,0,0,0,0,2,1,6,2,6,2184,2,9,2,1
2013360071898,1,9,0,18,0,1,0,0,0,0,1,1,6,1,6,2204,2,7,7,1
2013360071898,2,9,0,3,0,1,0,0,0,0,2,1,6,2,9,998,1,1,6,1
2013360071898,3,9,0,10,0,8,0,0,0,0,2,1,6,1,5,1242,1,5,2,1
2013360071899,1,90,0,18,0,8,0,0,0,0,4,1,1,1,7,-1,-1,-1,8,1
2013360071899,2,1,0,9,0,6,0,0,0,0,2,1,6,1,11,-1,-1,-1,10,3
2013360071900,1,9,0,18,0,1,1,0,7,10,1,1,6,1,6,1993,1,15,5,1
2013360071901,1,9,0,18,0,1,0,0,0,0,1,1,6,1,9,1870,2,10,7,1
2013360071901,2,9,0,18,0,1,0,0,0,0,2,1,6,1,6,998,1,8,5,1
2013360071901,3,9,0,4,0,1,0,0,0,0,2,1,6,2,6,1242,1,1,9,2
2013360071904,1,5,0,7,0,8,5,0,0,0,4,1,1,1,8,955,1,10,5,3
2013360071904,2,1,0,9,0,8,0,0,0,0,0,1,6,2,6,-1,-1,-1,2,1
2013360071916,1,9,0,18,0,3,0,0,0,0,4,1,6,1,11,1798,1,1,8,1
2013360071917,1,9,0,18,0,8,0,0,0,0,1,1,6,2,11,1229,1,8,-1,-1
2013360071917,2,9,0,9,0,8,0,0,0,0,3,1,6,1,8,1598,1,10,6,1
2013360071917,3,9,0,9,0,8,0,0,0,0,3,1,6,1,5,2171,1,11,6,3
2013360071933,1,9,0,9,0,8,0,0,0,0,0,1,6,1,8,1796,1,-1,1,1
2013360071934,1,9,0,7,0,6,0,0,0,0,1,1,6,2,10,1329,1,2,7,3
2013360071934,2,9,0,18,0,8,1,0,7,0,1,1,6,2,6,1299,1,11,-1,-1
2013360071936,1,5,0,13,0,8,0,0,0,0,1,1,2,1,8,998,1,8,1,1
2013360071936,2,19,0,9,0,5,0,0,0,0,3,1,1,1,6,1995,2,5,4,3
2013360071939,1,19,4,18,0,0,0,0,0,0,3,1,6,1,9,1753,2,7,5,3
2013360071939,2,9,0,18,0,0,0,0,0,0,1,1,6,2,7,1910,2,5,-1,-1
2013360071940,1,9,0,18,0,0,1,4,0,0,1,1,6,1,10,2198,1,11,6,1
2013360071940,2,9,0,2,0,0,0,0,0,0,2,1,6,2,4,-1,-1,-1,-1,-1
2013360071941,1,9,0,2,0,0,0,0,0,0,2,1,6,1,10,1997,2,1,-1,-1
2013360071941,2,9,0,5,0,0,0,4,0,0,1,1,6,3,-1,1956,2,4,-1,-1
2013360071942,1,9,0,18,0,0,5,0,1,10,3,1,6,2,8,3301,1,16,3,1
2013360071943,1,9,0,18,0,6,0,0,0,0,1,1,6,2,4,1400,2,7,5,3
2013360071943,2,9,0,18,0,8,1,0,0,0,1,1,6,1,7,1896,2,10,4,2
2013360071945,1,9,0,5,0,1,0,0,0,0,1,1,6,1,10,2993,2,8,-1,-1
2013360071945,2,9,0,3,0,1,0,0,0,0,2,1,6,2,5,1149,1,3,-1,-1
2013360071949,1,11,0,7,0,2,0,0,0,0,4,1,1,1,6,9200,2,8,-1,-1
2013360071963,1,9,0,4,0,0,0,0,0,0,0,1,6,3,-1,-1,-1,-1,-1,-1
2013360071963,2,4,0,4,0,0,2,0,0,0,4,1,6,2,8,498,1,14,1,1
2013360071963,3,9,0,18,0,0,0,0,0,0,0,1,6,1,6,1753,2,3,1,1
2013360071973,1,9,0,9,0,5,0,0,0,0,1,1,6,1,11,796,1,11,3,1
2013360071973,2,9,0,17,0,8,0,0,0,0,3,1,1,1,10,-1,-1,-1,6,3
2013360071974,1,9,0,7,0,5,0,0,0,0,4,1,6,1,9,2199,2,2,5,1
2013360071974,2,1,0,18,4,8,0,0,0,0,1,1,6,1,5,-1,-1,-1,1,1
2013360071991,1,5,0,9,0,2,1,0,0,0,1,1,2,1,7,-1,-1,-1,5,2
2013360071992,1,9,0,4,0,1,0,0,0,0,1,1,1,1,9,1598,1,6,-1,-1
2013360071992,2,1,0,4,0,1,0,0,0,0,2,1,6,1,8,-1,-1,-1,6,1
2013360071993,1,9,0,18,0,0,0,0,0,0,0,1,6,3,-1,-1,-1,-1,-1,-1
2013360071993,2,9,0,18,0,0,0,0,1,3,1,1,6,1,8,1753,2,18,-1,-1
2013360072008,1,5,0,13,0,8,1,0,0,0,1,1,6,1,8,-1,-1,-1,4,1
2013360072008,2,9,0,9,0,5,0,0,0,0,2,1,6,2,6,1596,1,3,6,1
2013360072012,1,9,0,6,8,0,0,0,0,0,3,1,6,1,10,1598,2,-1,-1,-1
2013360072012,2,9,0,18,0,0,2,0,0,0,4,1,6,1,9,1339,1,4,7,1
2013360072019,1,9,0,18,0,0,2,10,1,10,1,1,6,1,4,1998,1,13,8,1
2013360072019,2,9,0,2,0,0,0,4,0,0,2,1,6,3,-1,1997,2,11,-1,-1
2013360072019,3,9,0,2,0,0,0,4,0,0,2,1,6,3,-1,1598,1,4,-1,-1
2013360072019,4,9,0,2,0,0,0,0,0,0,2,1,6,3,-1,1781,1,10,-1,-1
2013360072048,1,90,0,5,0,0,0,0,0,0,1,1,2,1,10,1997,2,11,9,3
2013360072058,1,9,0,5,0,6,0,0,0,0,1,1,6,1,5,1796,7,12,4,1
2013360072058,2,1,0,18,0,8,0,0,0,0,2,1,6,1,8,-1,-1,-1,4,1
2013360072059,1,9,0,13,0,8,1,0,0,0,3,1,6,1,8,1910,2,5,-1,-1
2013360072059,2,9,4,9,0,5,0,0,0,0,4,1,6,1,6,2495,2,20,5,3
2013360072061,1,9,0,6,0,0,0,0,0,0,3,1,6,1,4,998,1,18,9,1
2013360072061,2,3,0,18,0,0,5,0,0,0,4,1,6,2,5,125,1,6,9,1
2013360072065,1,1,0,18,0,8,0,0,0,0,1,1,1,1,7,-1,-1,-1,2,1
2013360072065,2,9,0,18,0,6,0,0,0,0,4,1,6,3,-1,-1,-1,-1,-1,-1
2013360072075,1,1,0,18,9,0,0,0,0,0,1,1,6,1,2,-1,-1,-1,1,1
2013360072075,2,9,0,18,0,0,0,0,0,0,4,1,6,3,-1,-1,-1,-1,-1,-1
2013360072084,1,19,0,18,0,4,0,0,0,0,3,1,1,1,7,-1,-1,-1,-1,-1
2013360072084,2,9,0,18,0,8,0,0,3,0,1,1,1,1,10,1896,2,12,7,3
2013360072107,1,9,0,9,0,5,0,0,0,0,4,1,6,1,9,2171,2,11,6,2
2013360072107,2,5,0,18,0,8,0,0,0,0,1,1,6,1,6,599,1,10,3,1
2013360072110,1,9,0,18,0,1,0,0,0,0,1,1,6,2,9,1896,2,10,10,1
2013360072110,2,9,0,3,0,1,0,0,0,0,2,1,1,1,8,1560,2,8,1,1
2013360072112,1,9,0,9,0,8,0,0,0,0,1,1,6,1,4,1390,1,12,-1,-1
2013360072112,2,1,0,18,0,8,0,0,0,0,1,1,6,1,7,-1,-1,-1,5,1
2013360072121,1,9,0,9,0,6,0,0,0,0,3,1,1,1,8,-1,-1,-1,9,2
2013360072121,2,9,0,18,0,8,0,0,0,0,4,1,1,2,5,1198,1,10,9,1
2013360072130,1,9,0,18,0,8,0,0,0,0,1,1,6,2,5,1596,1,7,-1,-1
2013360072130,2,9,0,9,0,6,0,0,0,0,3,1,6,2,10,1598,1,6,-1,-1
2013360072131,1,9,0,13,0,0,0,0,0,0,4,1,6,3,-1,1998,1,16,-1,-1
2013360072131,2,1,0,18,0,0,0,0,0,0,3,1,2,2,9,-1,-1,-1,5,1
2013360072134,1,9,0,18,0,6,0,0,0,0,1,1,1,1,9,1149,1,8,3,1
2013360072134,2,1,0,14,4,8,5,0,0,0,1,1,1,1,7,-1,-1,-1,10,1
2013360072136,1,9,0,14,0,0,0,0,0,0,1,1,2,1,6,2993,2,10,5,1
2013360072137,1,90,0,4,9,0,5,0,1,0,4,1,6,1,11,-1,-1,-1,6,2
2013360072147,1,9,0,9,0,6,0,0,0,0,1,1,6,2,6,1124,1,10,4,2
2013360072147,2,9,0,18,0,8,0,0,0,0,1,1,1,1,9,2179,2,5,-1,-1
2013360072148,1,9,0,18,9,8,0,10,3,4,1,1,6,2,8,3199,1,12,6,3
2013360072149,1,9,0,18,0,0,0,0,0,0,3,1,6,2,10,1399,2,10,-1,-1
2013360072153,1,9,0,18,0,0,0,0,0,0,1,1,1,1,9,1968,2,2,8,3
2013360072153,2,9,0,18,0,0,0,0,0,0,2,1,6,2,6,2204,2,6,3,1
2013360072165,1,9,0,13,0,0,2,10,8,10,1,1,6,1,5,1796,1,11,2,1
2013360072165,2,9,0,18,0,0,0,0,0,0,0,1,2,1,9,1390,1,10,2,1
2013360072176,1,9,0,4,0,0,1,0,7,0,3,1,6,2,6,1984,1,11,2,1
2013360072176,2,9,0,18,0,0,1,0,1,0,3,1,6,1,6,1598,1,9,8,3
2013360072176,3,9,0,4,0,0,0,0,0,0,0,1,6,2,5,1149,1,9,9,3
2013360072177,1,9,0,9,0,6,0,0,0,0,1,1,6,2,6,1422,2,7,6,1
2013360072177,2,9,0,17,0,8,0,0,0,0,1,1,6,1,8,1995,2,8,7,1
2013360072185,1,9,0,18,0,1,0,0,0,0,1,1,6,1,-1,1997,1,11,-1,-1
2013360072185,2,4,0,3,0,1,0,0,0,0,2,1,1,1,8,125,1,7,9,1
2013360072188,1,9,0,18,0,1,0,0,0,0,1,1,6,1,-1,-1,-1,-1,-1,-1
2013360072188,2,1,0,5,0,1,0,0,0,0,1,1,6,1,9,-1,-1,-1,3,1
2013360072195,1,10,0,18,0,1,0,0,0,0,1,1,1,1,10,2198,2,1,-1,-1
2013360072195,2,9,0,7,0,5,0,0,0,0,2,1,1,2,8,1086,1,5,7,1
2013360072237,1,20,0,16,0,0,0,0,0,0,3,1,6,3,-1,-1,-1,-1,-1,-1
2013360072237,2,11,0,17,0,0,0,0,0,0,3,1,1,1,7,9600,2,15,3,1
2013360072238,1,9,0,18,0,0,0,0,0,0,4,1,6,3,-1,-1,-1,-1,-1,-1
2013360072240,1,9,0,1,0,0,0,0,0,0,4,1,6,1,10,1248,1,2,6,1
2013360072241,1,9,0,9,0,6,0,0,0,0,3,1,1,2,8,1199,1,10,6,3
2013360072241,2,9,0,18,0,8,5,0,1,10,1,1,1,1,6,1527,2,16,6,3
2013360072246,1,5,0,13,0,0,2,0,0,0,4,1,6,1,8,645,1,5,4,3
2013360072248,1,9,0,5,0,1,0,0,0,0,1,1,2,2,9,1995,1,10,4,1
2013360072248,2,9,0,3,0,1,0,0,0,0,2,1,2,2,6,1397,1,3,8,1
2013360072249,1,9,0,18,0,0,2,0,7,0,4,1,6,1,4,1229,1,2,6,1
2013360072251,1,9,0,13,0,8,0,0,0,0,1,1,6,1,10,1598,1,4,-1,-1
2013360072251,2,90,0,9,0,5,0,0,0,0,3,1,6,1,-1,-1,-1,-1,-1,-1
2013360072256,1,9,0,9,0,8,0,0,0,0,1,1,6,1,5,1796,1,15,8,1
2013360072256,2,9,0,18,0,8,0,0,0,0,1,1,6,1,4,1242,1,5,9,1
2013360072260,1,20,0,18,0,0,0,0,0,0,4,1,6,3,-1,-1,-1,-1,-1,-1
2013360072261,1,9,0,9,0,6,0,0,0,0,3,1,2,1,7,-1,-1,-1,9,2
2013360072261,2,19,0,18,0,8,0,0,0,0,1,1,1,1,5,2143,2,1,5,2
2013360072263,1,1,0,18,0,1,0,12,0,0,1,1,6,2,5,-1,-1,-1,4,3
2013360072266,1,9,0,1,0,6,0,0,0,0,3,1,1,1,9,1798,1,7,7,3
2013360072266,2,9,4,18,0,8,1,0,7,9,1,1,1,1,6,-1,-1,-1,7,3
2013360072277,1,1,0,18,0,1,0,4,0,0,1,1,6,1,-1,-1,-1,-1,-1,-1
2013360072277,2,9,0,2,0,1,0,0,0,0,2,1,6,1,6,-1,-1,-1,6,3
2013360072280,1,9,0,4,0,0,0,0,1,0,1,1,6,1,8,1896,2,10,-1,-1
2013360072280,2,9,0,3,0,0,0,0,0,0,2,1,6,1,6,1242,1,1,-1,-1
2013360072280,3,9,0,3,0,0,0,0,0,0,1,1,6,2,6,1360,1,8,-1,-1
2013360072280,4,9,0,3,0,0,0,0,0,0,2,1,6,1,5,2148,2,11,-1,-1
2013360072281,1,19,0,18,0,1,0,0,0,0,1,1,6,1,7,1998,2,9,6,1
2013360072281,2,9,0,3,0,1,0,0,0,0,2,1,6,2,6,1596,1,14,1,1
2013360072281,3,19,0,3,0,1,0,0,0,0,2,1,6,1,7,2198,2,6,4,1
2013360072283,1,9,0,18,0,4,0,0,0,0,3,1,6,1,5,2494,1,13,4,1
2013360072283,2,9,0,9,0,8,0,0,0,0,1,1,1,1,7,1598,1,8,4,3
2013360072311,1,9,0,5,0,4,0,0,0,0,1,1,1,1,6,-1,-1,-1,5,1
2013360072311,2,1,0,5,0,4,0,0,0,0,2,1,2,1,7,-1,-1,-1,9,1
2013360072318,1,9,0,9,0,6,0,0,0,0,3,1,6,2,8,1598,1,14,1,1
2013360072318,2,1,0,18,9,8,0,0,0,0,1,1,6,1,4,-1,-1,-1,2,1
2013360072319,1,9,0,18,0,0,0,0,1,0,1,1,6,2,7,1996,2,7,4,3
2013360072319,2,9,0,18,0,0,0,0,0,0,1,1,6,2,10,1997,2,1,8,1
2013360072322,1,9,0,18,0,8,0,0,0,0,4,1,1,1,8,1796,1,14,-1,-1
2013360072322,2,9,0,18,0,4,0,0,0,0,1,1,1,2,6,1240,1,8,-1,-1
2013360072323,1,9,0,4,0,4,0,0,0,0,3,1,2,1,7,1995,2,10,9,1
2013360072323,2,1,0,7,0,8,0,0,0,0,1,1,2,1,6,-1,-1,-1,5,1
2013360072336,1,3,0,16,0,0,0,0,7,0,1,1,6,1,4,125,1,2,1,1
2013360072336,2,9,0,17,0,0,0,0,0,0,4,1,6,1,8,2184,2,11,5,3
2013360072343,1,19,0,11,0,0,0,0,0,0,1,1,1,1,6,2198,2,1,6,1
2013360072343,2,90,0,18,0,0,0,0,0,0,2,1,6,1,7,-1,-1,-1,7,3
2013360072344,1,5,0,17,0,0,0,0,1,4,1,1,6,1,7,599,1,21,9,2
2013360072366,1,9,0,18,0,0,0,0,0,0,1,1,6,2,5,1198,1,8,-1,-1
2013360072366,2,9,0,3,0,0,0,0,0,0,1,1,6,1,7,1596,1,13,7,2
2013360072366,3,9,0,3,0,0,0,0,0,0,2,1,6,2,7,1968,2,7,-1,-1
2013360072368,1,9,0,18,0,1,0,0,0,0,1,1,6,2,6,1149,1,9,3,1
2013360072368,2,9,0,3,0,1,0,0,0,0,2,1,6,1,7,3960,1,14,5,1
2013360072370,1,9,0,18,0,0,0,0,0,0,3,1,6,1,7,2979,1,12,2,1
2013360072372,1,9,0,9,0,5,0,0,0,0,1,1,6,1,9,1598,1,-1,-1,-1
2013360072372,2,9,0,13,0,8,0,0,0,0,1,1,6,2,9,-1,-1,-1,9,3
2013360072374,1,9,0,18,0,2,0,0,0,0,1,1,6,2,8,1951,2,7,-1,-1
2013360072376,1,9,0,18,0,1,0,0,0,0,1,1,6,2,6,1598,1,5,5,3
2013360072376,2,9,0,10,0,8,0,0,0,0,2,1,6,2,8,1461,2,10,3,1
2013360072376,3,9,0,18,0,1,0,0,0,0,1,1,6,2,7,1998,1,7,5,3
2013360072400,1,9,0,18,0,4,0,0,0,0,1,1,6,2,6,2000,2,4,-1,-1
2013360072400,2,9,0,18,0,8,0,0,7,10,4,1,6,1,-1,1896,2,7,-1,-1
2013360072408,1,9,0,16,0,0,2,0,1,10,3,1,1,1,5,1396,1,10,3,1
2013360072409,1,1,0,18,5,1,0,0,0,0,1,1,6,1,4,-1,-1,-1,-1,-1
2013360072409,2,9,0,18,0,1,0,0,0,0,1,1,6,1,6,-1,-1,-1,-1,-1
2013360072414,1,9,0,18,0,1,0,0,0,0,1,1,6,1,-1,-1,-1,-1,-1,-1
2013360072414,2,3,0,10,0,1,0,0,1,10,2,1,2,2,4,124,1,-1,-1,-1
2013360072415,1,1,0,18,0,0,0,0,0,0,1,1,6,1,3,-1,-1,-1,4,3
2013360072416,1,9,0,18,0,0,1,0,0,0,1,1,6,2,5,1598,1,13,2,1
2013360072416,2,9,0,18,0,0,5,0,0,0,2,1,6,1,9,1997,2,1,5,3
2013360072422,1,9,0,4,0,4,0,0,0,0,2,1,3,2,7,1149,1,6,8,3
2013360072422,2,9,0,4,0,4,0,0,0,0,1,1,2,1,5,1596,1,13,7,3
2013360072422,3,9,0,18,0,8,0,0,0,0,0,1,1,1,6,1753,2,3,10,1
2013360072425,1,9,0,18,0,0,0,0,0,0,1,1,6,2,5,1598,1,13,5,3
2013360072427,1,2,0,18,0,0,0,0,0,0,1,1,6,1,-1,49,1,8,-1,-1
2013360072427,2,9,0,3,0,0,0,0,0,0,2,1,6,2,4,1868,2,13,8,2
2013360072432,1,9,0,4,0,1,0,0,0,0,1,1,6,1,8,1590,1,16,-1,-1
2013360072432,2,9,0,3,0,1,0,0,0,0,2,1,2,1,8,1968,2,2,4,3
2013360072434,1,9,0,17,0,0,5,0,1,4,1,1,6,2,4,1196,1,17,5,3
2013360072441,1,3,0,13,0,8,0,0,0,0,1,1,6,1,4,124,1,5,9,2
2013360072441,2,9,0,9,0,5,0,0,0,0,2,1,6,1,5,-1,-1,-1,5,3
2013360072442,1,9,0,4,0,1,1,4,0,0,1,1,6,2,6,1300,2,7,10,1
2013360072442,2,9,0,3,0,1,0,0,0,0,2,1,6,1,6,1560,2,8,10,1
2013360072442,3,9,0,3,0,1,0,0,0,0,2,1,6,2,4,1389,1,15,6,1
2013360072444,1,9,0,9,0,6,0,0,0,0,3,1,6,1,11,1199,2,1,6,3
2013360072444,2,9,0,18,0,8,0,0,1,0,1,1,6,2,7,1995,1,5,7,3
2013360072449,1,3,0,18,0,1,0,0,0,0,1,1,6,2,8,125,1,1,3,1
2013360072449,2,9,0,3,0,1,0,0,0,0,2,1,6,2,8,1198,1,10,5,1
2013360072451,1,9,0,17,0,1,0,0,0,0,1,1,1,1,-1,1995,2,2,-1,-1
2013360072451,2,9,0,18,0,1,0,0,0,0,2,1,6,2,9,1386,1,8,-1,-1
2013360072457,1,9,0,11,0,8,0,0,0,0,4,1,6,3,-1,-1,-1,-1,-1,-1
2013360072457,2,1,0,18,0,8,0,0,0,0,3,1,1,1,6,-1,-1,-1,2,1
2013360072460,1,9,0,18,0,0,0,0,0,0,4,1,6,1,10,1753,2,14,5,3
2013360072462,1,9,0,18,0,0,0,0,0,0,1,1,1,1,7,1995,2,2,4,1
2013360072462,2,9,0,3,0,0,0,0,0,0,2,1,6,1,8,1870,2,9,6,2
2013360072463,1,9,0,5,0,1,0,0,0,0,1,1,6,2,9,2830,2,18,8,3
2013360072463,2,9,0,3,0,1,0,0,0,0,2,1,6,2,-1,1399,2,2,-1,-1
2013360072464,1,9,0,18,0,1,0,0,0,0,1,1,2,1,10,3996,1,15,4,1
2013360072464,2,9,0,18,0,1,0,0,0,0,2,1,6,2,7,1781,1,16,8,1
2013360072467,1,9,0,4,0,0,0,0,0,0,1,1,6,2,6,1598,1,8,8,1
2013360072467,2,9,0,3,0,0,0,0,0,0,2,1,6,1,8,1799,1,17,4,2
2013360072468,1,21,1,7,0,4,0,0,0,0,3,1,1,1,9,12900,2,2,-1,-1
2013360072468,2,9,0,9,0,8,0,0,0,0,4,1,6,2,8,1149,1,13,-1,-1
2013360072472,1,5,0,13,0,2,1,0,0,0,1,1,6,1,4,559,1,13,-1,-1
2013360072472,2,9,0,2,0,2,0,0,0,0,2,1,6,1,4,1997,2,13,-1,-1
2013360072472,3,3,0,2,0,2,0,0,0,0,3,1,6,1,5,-1,-1,-1,-1,-1
2013360072474,1,9,0,17,0,0,5,0,7,9,3,1,6,1,5,1910,2,9,5,1
2013360072490,1,9,0,5,0,8,0,0,0,0,4,1,1,2,6,1364,1,3,10,1
2013360072490,2,1,0,9,0,8,0,0,0,0,3,1,6,1,9,-1,-1,-1,8,1
2013360072519,1,9,0,18,0,1,0,0,0,0,1,1,6,2,5,1589,1,15,5,3
2013360072519,2,3,0,10,0,8,0,0,0,0,2,1,6,1,5,-1,-1,-1,2,1
2013360072520,1,90,0,9,0,8,0,0,0,0,1,1,2,1,6,-1,-1,-1,-1,-1
2013360072520,2,9,0,9,0,8,0,0,0,0,1,1,2,1,6,3199,1,13,-1,-1