Accident_Index,Vehicle_Reference,Vehicle_Type,Towing_and_Articulation,Vehicle_Manoeuvre,Vehicle_Location-Restricted_Lane,Junction_Location,Skidding_and_Overturning,Hit_Object_in_Carriageway,Vehicle_Leaving_Carriageway,Hit_Object_off_Carriageway,1st_Point_of_Impact,Was_Vehicle_Left_Hand_Drive?,Journey_Purpose_of_Driver,Sex_of_Driver,Age_Band_of_Driver,Engine_Capacity_(CC),Propulsion_Code,Age_of_Vehicle,Driver_IMD_Decile,Driver_Home_Area_Type
2013360074158,1,9,0,18,0,3,0,0,0,0,3,1,6,1,-1,1968,2,6,-1,-1
2013360074162,1,9,0,16,0,0,5,0,7,0,1,1,6,1,7,3246,1,12,6,3
2013360074165,1,9,0,9,0,5,0,0,0,0,2,1,2,1,-1,2204,2,9,-1,-1
2013360074165,2,1,0,4,0,1,0,0,0,0,1,1,2,1,4,-1,-1,-1,-1,-1
2013360074190,1,17,4,17,0,0,2,0,2,4,1,1,1,1,10,-1,2,4,8,3
2013360074190,2,9,0,16,0,0,0,0,0,0,1,1,6,2,8,2401,2,7,2,1
2013360074191,1,9,0,13,0,0,0,0,0,0,4,1,6,3,-1,-1,-1,-1,-1,-1
2013360074191,2,1,0,18,0,0,0,0,0,0,3,1,2,1,7,-1,-1,-1,4,2
2013360074194,1,9,0,18,0,8,0,0,0,0,3,1,6,2,10,1596,1,5,9,1
2013360074194,2,9,0,18,0,8,0,0,0,0,4,1,6,1,6,2148,2,5,-1,-1
2013360074195,1,9,0,18,0,1,0,0,0,0,1,1,6,2,8,1998,2,7,8,2
2013360074196,1,9,0,4,0,1,0,0,0,0,4,1,6,2,6,1149,1,9,9,2
2013360074196,2,1,0,18,9,8,0,0,0,0,1,1,6,2,3,-1,-1,-1,5,2
2013360074198,1,19,0,7,0,8,0,0,0,0,0,1,1,1,6,2148,2,6,1,1
2013360074198,2,90,1,17,0,8,2,0,0,0,4,1,1,1,6,2189,2,3,7,3
2013360074199,1,9,0,16,0,0,2,10,1,4,4,1,2,2,4,998,1,12,8,2
2013360074200,1,9,0,7,0,4,0,0,0,0,1,1,6,1,7,-1,-1,-1,-1,-1
2013360074200,2,1,0,18,0,8,0,0,0,0,4,1,6,1,9,-1,-1,-1,3,1
2013360074202,1,9,0,9,0,6,0,0,0,0,1,1,1,1,6,1753,2,4,-1,-1
2013360074202,2,9,0,18,0,8,0,0,0,0,1,1,6,1,11,1124,1,18,-1,-1
2013360074204,1,11,0,4,0,1,0,0,0,0,0,1,1,1,9,9360,2,2,7,1
2013360074207,1,9,0,13,0,8,1,0,0,0,4,1,2,1,4,1391,1,16,-1,-1
2013360074207,2,19,0,9,0,5,0,0,0,0,2,1,2,1,8,1998,2,8,-1,-1
2013360074215,1,9,0,17,0,0,2,10,0,0,1,1,6,1,4,1229,1,8,4,3
2013360074218,1,9,0,6,0,0,0,0,0,0,1,1,6,2,10,1598,1,10,-1,-1
2013360074218,2,9,0,16,0,0,0,0,0,0,1,1,6,1,7,505,1,-1,-1,-1
2013360074221,1,9,0,5,0,1,0,0,0,0,4,1,3,2,7,1989,1,10,7,2
2013360074223,1,9,0,17,0,0,1,0,1,0,1,1,6,2,6,998,1,4,6,3
2013360074237,1,9,0,9,0,6,0,0,0,0,1,1,6,1,4,998,1,9,-1,-1
2013360074237,2,9,0,18,0,8,0,0,0,0,1,1,6,2,10,1398,2,1,-1,-1
2013360074237,3,9,0,18,0,8,0,0,1,4,1,1,6,1,7,2996,1,2,-1,-1
2013360074239,1,9,0,18,0,1,0,0,0,0,1,1,6,1,10,1984,1,9,7,2
2013360074239,2,9,0,10,0,8,0,0,0,0,2,1,1,1,9,2000,2,2,8,3
2013360074242,1,9,0,9,0,5,0,0,0,0,1,1,6,1,6,2521,1,5,3,1
2013360074242,2,9,0,18,0,8,0,0,1,10,1,1,2,1,8,1794,1,10,8,1
2013360074248,1,9,0,4,0,1,0,0,0,0,1,1,2,1,9,1895,1,15,7,1
2013360074248,2,1,0,9,0,5,0,0,0,0,2,1,6,1,8,-1,-1,-1,5,1
2013360074251,1,9,0,18,0,0,1,0,2,10,1,1,2,1,7,1796,1,13,1,1
2013360074252,1,9,0,18,0,0,0,0,0,0,1,1,6,3,-1,-1,-1,-1,-1,-1
2013360074252,2,1,0,18,0,0,5,0,0,0,2,1,4,1,4,-1,-1,-1,3,1
2013360074254,1,9,0,18,0,0,1,0,0,0,1,1,6,1,5,-1,-1,-1,5,3
2013360074254,2,9,0,18,0,0,0,0,0,0,2,1,6,2,8,2204,2,5,2,1
2013360074259,1,9,0,9,0,8,0,0,0,0,4,1,6,1,4,1242,1,11,10,2
2013360074259,2,9,0,18,0,8,0,0,0,0,1,1,6,2,5,1398,1,2,7,3
2013360074260,1,9,0,4,0,1,0,0,0,0,1,1,2,1,6,2656,1,10,-1,-1
2013360074260,2,9,0,4,0,1,0,0,0,0,2,1,1,1,8,1248,1,3,6,3
2013360074260,3,4,0,3,0,1,0,0,0,0,2,1,6,1,4,-1,-1,-1,1,1
2013360074272,1,9,0,17,0,0,0,0,0,0,3,1,6,1,6,1753,2,15,-1,-1
2013360074272,2,9,0,16,0,0,0,0,1,0,3,1,6,1,6,1390,1,12,-1,-1
2013360074299,1,9,0,17,0,0,0,0,7,0,4,1,6,2,7,-1,-1,-1,7,3
2013360074299,2,20,0,16,0,0,0,0,1,0,3,1,1,1,7,-1,-1,-1,4,3
2013360074299,3,9,0,2,0,0,0,0,0,0,0,1,6,2,6,2290,1,14,10,1
2013360074302,1,11,0,18,0,1,0,0,0,0,1,1,1,1,-1,3900,2,10,-1,-1
2013360074302,2,9,0,4,0,1,0,0,0,0,2,1,6,2,7,-1,-1,-1,6,1
2013360074304,1,3,0,18,0,1,0,0,0,0,1,1,6,1,4,125,1,-1,5,3
2013360074304,2,9,0,4,0,1,0,0,0,0,2,1,2,1,4,1753,2,4,7,2
2013360074304,3,9,0,4,0,2,0,0,0,0,1,1,6,1,9,1753,2,4,6,3
2013360074308,1,5,0,18,0,4,1,0,3,1,1,1,6,1,9,749,1,21,8,3
2013360074309,1,3,0,4,0,8,0,0,0,0,0,1,6,1,8,124,1,5,10,1
2013360074309,2,4,0,18,0,8,0,0,0,0,1,1,6,1,8,124,1,8,10,1
2013360074309,3,3,0,18,0,8,0,0,0,0,2,1,6,1,8,198,1,12,-1,-1
2013360074316,1,9,0,18,0,6,0,0,0,0,1,1,1,1,7,-1,-1,-1,1,1
2013360074316,2,9,0,18,0,8,0,0,0,0,1,1,1,2,7,1753,2,12,7,3
2013360074322,1,9,0,18,0,8,0,0,0,0,3,1,2,1,8,1598,2,1,4,3
2013360074324,1,19,0,18,0,8,0,0,0,0,4,1,1,1,6,2143,2,2,5,1
2013360074324,2,21,1,9,0,6,0,0,0,0,1,2,1,1,7,-1,-1,-1,-1,-1
2013360074327,1,9,0,16,0,3,1,0,1,2,3,1,6,1,8,1242,1,14,5,2
2013360074328,1,9,0,5,0,0,1,4,1,0,1,1,6,1,9,1984,1,2,9,2
2013360074328,2,9,0,2,0,0,0,0,7,0,2,1,6,1,6,1240,1,7,4,1
2013360074328,3,9,0,2,0,0,0,0,7,0,2,1,6,1,5,1598,1,-1,4,1
2013360074328,4,9,0,2,0,0,0,0,7,0,2,1,6,1,6,1198,1,3,4,1
2013360074332,1,9,0,18,0,8,0,0,0,0,1,1,6,2,6,1870,2,11,5,2
2013360074332,2,1,0,5,4,6,0,0,1,0,4,1,6,1,9,-1,-1,-1,5,3
2013360074344,1,8,0,18,0,8,0,0,1,0,1,1,1,1,10,2499,2,5,9,3
2013360074345,1,5,0,18,0,0,0,12,0,0,1,1,6,1,8,599,1,6,7,3
2013360074348,1,9,0,18,0,0,0,0,1,3,1,1,1,1,7,1997,2,12,3,1
2013360074348,2,9,0,5,0,0,0,0,0,0,0,1,1,1,-1,1975,1,9,-1,-1
2013360074351,1,9,0,7,0,6,0,0,0,0,1,1,6,1,-1,1598,1,7,-1,-1
2013360074351,2,5,0,18,0,8,0,0,0,0,4,1,6,2,5,599,1,16,-1,-1
2013360074355,1,9,0,5,0,6,1,0,0,0,1,1,3,2,7,1360,1,11,4,3
2013360074355,2,4,0,18,0,8,2,0,1,0,4,1,3,1,4,124,1,14,4,3
2013360074365,1,10,0,18,0,2,0,0,0,0,1,1,1,1,6,-1,-1,-1,1,1
2013360074373,1,1,0,5,0,1,0,0,0,0,1,1,2,1,5,-1,-1,-1,9,1
2013360074373,2,9,0,4,0,1,0,0,0,0,1,1,3,2,7,1461,2,3,3,1
2013360074378,1,19,0,18,0,0,0,0,1,0,1,1,6,1,5,1968,2,7,5,3
2013360074378,2,9,0,4,0,0,0,0,0,0,2,1,6,1,8,1686,2,8,6,3
2013360074408,1,9,0,18,0,0,0,0,1,4,1,1,6,2,6,1598,1,11,2,1
2013360074409,1,3,0,17,0,8,1,0,1,0,4,1,2,2,5,124,1,1,-1,-1
2013360074410,1,1,0,9,0,6,0,0,0,0,1,1,6,1,5,-1,-1,-1,4,2
2013360074410,2,9,0,18,0,8,0,0,0,0,1,1,2,1,6,2000,2,2,7,2
2013360074412,1,19,0,9,0,6,0,0,0,0,1,1,1,1,9,2198,2,5,3,1
2013360074412,2,3,0,13,0,8,0,0,0,0,4,1,6,1,4,124,1,5,-1,-1
2013360074412,3,21,0,7,0,8,0,0,0,0,0,1,1,1,8,4462,2,-1,6,2
2013360074413,1,19,0,18,0,1,0,0,0,0,1,1,6,1,7,2198,2,5,4,3
2013360074413,2,9,0,10,0,8,0,0,0,0,2,1,6,1,10,1998,2,15,6,1
2013360074413,3,9,0,18,0,1,0,0,0,0,1,1,6,2,9,-1,-1,-1,10,1
2013360074415,1,9,0,4,0,0,0,0,0,0,0,1,6,3,-1,-1,-1,-1,-1,-1
2013360074415,2,9,0,18,0,0,0,0,1,0,2,1,6,2,8,1149,1,11,6,1
2013360074415,3,9,0,18,0,0,0,0,7,0,2,1,6,2,10,1560,2,8,5,3
2013360074415,4,9,0,18,0,0,0,0,1,0,1,1,2,1,7,1995,2,1,8,3
2013360074415,5,9,0,18,0,0,0,0,1,0,1,1,6,1,6,2198,2,6,-1,-1
2013360074420,1,9,0,18,0,0,0,0,0,0,3,1,6,1,6,-1,-1,-1,-1,-1
2013360074420,2,4,0,18,0,0,0,0,1,4,3,1,6,1,10,900,1,17,-1,-1
2013360074426,1,9,0,17,0,0,0,0,0,0,1,1,1,1,6,2435,1,12,7,3
2013360074426,2,9,0,16,0,0,0,0,0,0,1,1,1,2,6,1149,1,8,-1,-1
2013360074433,1,5,0,17,0,8,1,0,1,10,1,1,6,1,5,649,1,-1,4,1
2013360074439,1,9,0,9,0,2,0,0,0,0,1,1,1,2,8,1389,1,11,10,1
2013360074447,1,9,0,18,0,0,0,0,0,0,1,1,6,1,-1,1998,1,15,-1,-1
2013360074447,2,9,0,18,0,0,0,0,0,0,2,1,6,1,-1,1461,2,3,-1,-1
2013360074447,3,9,0,18,0,0,0,0,0,0,0,1,6,2,-1,1753,2,14,-1,-1
2013360074447,4,9,0,18,0,0,0,0,0,0,2,1,6,3,-1,1591,1,-1,-1,-1
2013360074447,5,9,0,18,0,0,0,0,0,0,1,1,6,2,6,1587,1,7,-1,-1
2013360074448,1,9,0,16,0,8,0,0,0,0,3,1,6,3,-1,-1,-1,-1,-1,-1
2013360074448,2,3,0,17,0,8,0,0,0,0,3,1,6,1,5,125,1,9,6,2
2013360074450,1,9,0,7,0,6,0,0,0,0,1,1,6,3,-1,4398,1,9,-1,-1
2013360074450,2,1,0,18,9,8,0,0,0,0,1,1,6,1,6,-1,-1,-1,2,1
2013360074461,1,19,0,16,0,0,0,0,7,4,1,1,6,1,5,-1,-1,-1,7,3
2013360074464,1,9,0,11,0,0,0,0,0,0,0,1,6,3,-1,-1,-1,-1,-1,-1
2013360074464,2,9,0,18,0,0,0,0,0,0,4,1,2,1,8,1597,1,14,3,1
2013360074466,1,9,0,18,0,1,0,0,0,0,1,1,6,1,7,1997,2,13,5,2
2013360074466,2,9,0,10,0,8,0,0,0,0,2,1,1,2,10,1242,1,2,6,3
2013360074468,1,9,0,18,0,0,0,0,0,0,1,1,6,3,-1,-1,-1,-1,-1,-1
2013360074473,1,9,0,9,0,6,0,0,0,0,1,1,6,1,11,1399,2,3,3,2
2013360074473,2,9,0,18,0,8,0,0,7,0,1,1,2,2,8,1149,1,11,1,1
2013360074476,1,9,0,9,0,5,0,0,0,0,3,1,1,2,9,1197,1,1,6,3
2013360074476,2,1,0,13,0,8,0,0,0,0,1,1,4,1,3,-1,-1,-1,1,1
2013360074486,1,9,0,18,0,0,0,0,0,0,1,1,6,1,7,2967,1,11,5,2
2013360074486,2,9,0,4,0,0,0,0,1,9,2,1,6,1,8,1229,1,3,4,3
2013360074486,3,9,0,4,0,0,0,0,0,0,2,1,6,1,6,1995,2,4,9,2
2013360074487,1,9,0,7,0,8,0,0,0,0,4,1,6,1,7,1997,2,4,-1,-1
2013360074489,1,9,0,3,0,0,0,0,0,0,2,1,6,1,4,1199,1,13,3,2
2013360074489,2,3,0,5,0,0,0,0,7,10,1,1,6,1,4,124,1,13,5,3
2013360074491,1,9,0,4,0,1,0,0,0,0,1,1,3,2,7,1242,1,4,8,1
2013360074491,2,9,0,3,0,1,0,0,0,0,2,1,2,2,6,2188,2,14,1,1
2013360074491,3,9,0,3,0,1,0,0,0,0,2,1,2,1,6,1910,2,7,1,1
2013360074500,1,9,0,17,0,8,1,0,1,4,1,1,6,1,4,1199,1,9,9,1
2013360074510,1,9,0,4,0,0,0,0,0,0,1,1,2,1,9,1896,2,10,2,1
2013360074511,1,5,0,18,0,0,0,0,0,0,1,1,2,1,6,599,1,11,-1,-1
2013360074511,2,21,1,3,0,0,0,0,0,0,3,1,1,1,6,11946,2,4,3,2
2013360074511,3,21,0,3,0,0,0,0,0,0,3,1,1,1,7,11970,2,7,6,3
2013360074512,1,9,0,9,0,6,0,0,0,0,1,1,6,1,9,1396,1,10,1,1
2013360074512,2,9,0,18,0,8,0,0,0,0,4,1,6,2,9,2995,1,11,5,3
2013360074516,1,5,0,18,0,3,0,0,0,0,1,1,6,1,8,1052,1,23,4,3
2013360074516,2,9,0,18,0,3,0,0,0,0,2,1,6,1,10,-1,-1,-1,4,1
2013360074526,1,9,0,6,0,8,0,0,0,0,1,1,6,1,-1,-1,-1,-1,-1,-1
2013360074526,2,9,0,18,0,8,0,0,0,0,2,1,6,1,7,988,1,21,9,3
2013360074531,1,9,0,9,0,8,0,0,0,0,1,1,6,3,-1,2987,2,4,-1,-1
2013360074531,2,1,0,18,0,8,0,0,0,0,3,1,6,1,6,-1,-1,-1,10,1
2013360074536,1,9,0,9,0,6,0,0,0,0,1,1,6,1,8,1242,1,-1,6,1
2013360074536,2,1,0,18,0,8,0,0,0,0,1,1,1,2,7,-1,-1,-1,7,3
2013360074537,1,9,0,13,0,0,0,0,0,0,4,1,6,1,10,2184,2,4,5,3
2013360074537,2,1,0,18,0,0,0,0,0,0,3,1,6,2,7,-1,-1,-1,5,3
2013360074542,1,1,0,9,0,6,0,0,0,0,3,1,6,1,11,-1,-1,-1,6,2
2013360074542,2,9,0,18,0,8,0,0,0,0,1,1,6,1,10,1198,1,6,4,2
2013360074543,1,9,0,13,0,1,2,0,7,0,1,1,2,1,7,-1,-1,-1,8,1
2013360074545,1,9,0,9,0,6,0,0,0,0,1,1,6,3,-1,-1,-1,-1,-1,-1
2013360074545,2,1,0,18,0,8,0,0,0,0,2,1,6,1,4,-1,-1,-1,7,1
2013360074548,1,9,0,18,0,0,0,0,7,4,1,1,6,1,10,1596,1,6,-1,-1
2013360074549,1,9,0,18,0,0,0,0,0,0,1,1,6,2,5,1598,1,3,7,3
2013360074549,2,9,0,3,0,0,0,0,0,0,2,1,6,1,9,1360,1,6,6,1
2013360074549,3,9,3,3,0,0,0,0,0,0,2,1,6,1,10,-1,-1,-1,10,1
2013360074552,1,9,0,1,0,0,0,0,0,0,2,1,6,1,11,1242,1,4,8,3
2013360074552,2,9,0,2,0,0,0,0,0,0,3,1,1,2,5,1997,2,10,8,3
2013360074553,1,5,0,4,0,1,2,0,0,0,1,1,6,1,8,1157,1,8,9,3
2013360074553,2,9,0,4,0,1,0,0,0,0,2,1,1,1,8,-1,-1,-1,3,1
2013360074554,1,9,0,4,0,1,0,0,0,0,1,1,6,2,4,1149,1,11,5,1
2013360074554,2,9,0,4,0,1,0,0,0,0,2,1,6,1,9,-1,-1,-1,5,3
2013360074555,1,1,0,18,0,0,0,0,0,0,3,1,2,2,8,-1,-1,-1,10,1
2013360074555,2,9,0,13,0,0,0,0,0,0,4,1,2,1,6,1396,1,2,6,1
2013360074555,3,9,0,18,0,0,0,0,0,0,1,1,2,1,9,1461,2,5,10,1
2013360074556,1,9,0,18,0,0,0,0,0,0,4,1,6,1,7,1397,1,5,7,3
2013360074560,1,9,0,18,0,8,0,0,0,0,1,1,6,2,4,998,1,15,10,1
2013360074560,2,90,0,18,0,8,0,0,0,0,0,1,1,2,6,2987,2,4,-1,-1
2013360074560,3,9,0,4,0,8,0,0,0,0,2,1,6,1,8,2184,2,11,4,1
2013360074577,1,9,0,18,0,0,0,0,0,0,4,1,2,1,6,1242,1,11,10,2
2013360074577,2,9,0,2,0,0,0,0,0,0,3,1,6,3,-1,1229,1,1,-1,-1
2013360074577,3,1,0,18,9,0,0,0,0,0,1,1,6,1,1,-1,-1,-1,7,1
2013360074581,1,9,0,18,0,8,0,0,0,0,4,1,6,1,5,1598,1,9,3,1
2013360074581,2,1,0,18,9,8,0,0,0,0,1,1,6,1,7,-1,-1,-1,2,1
2013360074589,1,9,0,9,0,6,0,0,0,0,3,1,6,1,7,-1,-1,-1,3,2
2013360074589,2,1,0,18,0,8,5,0,0,0,1,1,6,2,6,-1,-1,-1,6,1
2013360074591,1,9,0,18,0,0,0,0,1,4,1,1,6,1,4,1493,1,17,6,3
2013360074594,1,2,0,18,0,8,0,0,0,0,4,1,6,1,6,49,1,6,-1,-1
2013360074594,2,2,0,18,0,8,0,0,0,0,4,1,6,1,4,49,1,13,-1,-1
2013360074595,1,9,0,1,0,1,0,0,0,0,2,1,6,1,4,1242,1,15,6,1
2013360074596,1,3,0,17,0,0,0,0,0,0,4,1,6,1,4,125,1,1,5,2
2013360074597,1,9,0,18,0,0,0,0,1,10,4,1,6,1,7,3600,1,11,10,2
2013360074598,1,9,0,17,0,0,0,0,0,0,4,1,6,3,-1,-1,-1,-1,-1,-1
2013360074613,1,9,0,9,0,5,0,0,0,0,4,1,6,2,6,1242,1,6,3,1
2013360074613,2,5,0,18,0,8,5,0,0,0,1,1,6,1,8,1255,1,6,5,2
2013360074616,1,9,0,4,0,1,0,0,0,0,2,1,6,2,5,1299,1,14,5,3
2013360074616,2,9,0,18,0,1,0,0,0,0,2,1,6,2,5,1149,1,14,6,3
2013360074616,3,9,0,18,0,1,0,0,0,0,1,1,6,1,4,1229,1,8,-1,-1
2013360074618,1,9,0,18,0,0,0,0,0,0,1,1,6,1,8,-1,-1,-1,4,3
2013360074618,2,9,0,18,0,0,0,0,0,0,2,1,6,1,7,1198,1,1,6,1
2013360074619,1,9,0,9,0,5,0,0,0,0,3,1,6,2,4,1397,1,3,5,3
2013360074619,2,3,0,13,0,8,0,0,0,0,1,1,6,1,5,124,1,3,4,1
2013360074624,1,9,0,13,0,8,0,0,7,4,1,1,6,1,7,1896,2,7,8,3
2013360074624,2,9,0,9,0,5,0,0,0,0,3,1,6,1,10,1398,2,6,6,2
2013360074625,1,9,0,4,0,1,0,0,0,0,1,1,6,1,11,1997,2,9,6,3
2013360074625,2,5,0,9,0,5,5,0,0,0,3,1,6,1,8,1250,1,6,6,1
2013360074627,1,19,0,18,0,0,0,0,0,0,1,1,6,1,-1,2402,2,9,5,1
2013360074627,2,11,0,4,0,0,0,0,0,0,2,1,1,1,8,8268,2,11,-1,-1
2013360074634,1,19,0,18,0,0,0,0,0,0,1,1,6,1,6,2151,2,12,8,2
2013360074634,2,1,0,18,0,0,0,0,0,0,2,1,6,1,8,-1,-1,-1,6,1
2013360074639,1,3,0,18,0,1,2,0,1,10,4,1,6,1,4,125,1,9,7,2
2013360074639,2,3,0,18,0,1,2,0,2,10,3,1,6,1,4,124,1,6,5,2
2013360074672,1,9,0,14,0,0,0,0,0,0,4,1,6,1,8,1998,1,10,6,1
2013360074672,2,11,0,3,0,0,0,0,0,0,0,1,1,1,6,11600,2,14,5,3
2013360074673,1,9,0,16,0,0,1,0,0,0,1,1,6,1,5,1560,2,6,-1,-1
2013360074673,2,9,0,17,0,0,0,0,0,0,1,1,6,2,9,-1,-1,-1,-1,-1
2013360074675,1,3,0,4,0,1,0,0,0,0,1,1,2,1,4,124,1,-1,6,1
2013360074675,2,9,0,3,0,1,0,0,0,0,2,1,2,1,7,1598,2,1,-1,-1
2013360074675,3,19,0,3,0,1,0,0,0,0,2,1,1,1,6,2198,2,-1,6,1
2013360074678,1,3,0,4,0,1,0,10,0,0,4,1,6,1,4,125,1,-1,4,3
2013360074682,1,9,0,4,0,1,0,0,0,0,1,1,1,2,6,1896,2,11,5,2
2013360074682,2,9,0,3,0,1,0,0,0,0,2,1,1,1,9,1596,1,2,7,3
2013360074683,1,9,0,13,0,0,0,0,0,0,4,1,6,3,-1,-1,-1,-1,-1,-1
2013360074683,2,1,0,18,0,0,0,0,0,0,1,1,1,1,8,-1,-1,-1,4,2
2013360074690,1,3,0,14,0,1,0,0,0,0,1,1,6,1,-1,124,1,8,-1,-1
2013360074690,2,1,0,14,0,1,0,0,0,0,2,1,2,1,7,-1,-1,-1,5,2
2013360074690,3,11,0,2,0,8,0,0,0,0,0,1,1,1,9,4461,2,3,5,1
2013360074695,1,9,0,18,0,1,1,0,1,1,1,1,2,2,6,1328,1,10,2,1
2013360074695,2,9,0,18,0,1,1,0,0,0,1,1,2,1,6,1198,1,7,9,1
2013360074695,3,9,0,18,0,1,0,0,0,0,2,1,2,2,6,1896,2,7,8,3
2013360074698,1,9,0,9,0,6,0,0,0,0,1,1,6,2,6,1997,2,11,7,1
2013360074698,2,5,0,18,0,8,2,0,0,0,1,1,6,1,4,598,1,16,9,2
2013360074715,1,2,0,18,0,0,0,0,1,0,1,1,2,1,4,49,1,5,9,1
2013360074715,2,9,0,4,0,0,0,0,0,0,2,1,2,1,6,1560,2,2,10,2
2013360074720,1,9,0,7,0,5,0,0,0,0,4,1,1,3,-1,1798,1,9,-1,-1
2013360074720,2,1,0,18,0,8,0,0,0,0,1,1,1,1,7,-1,-1,-1,7,1
2013360074728,1,9,0,18,0,0,5,10,1,0,4,1,1,2,9,1390,1,12,5,1
2013360074739,1,9,0,18,0,1,0,0,0,0,1,1,6,2,4,1341,1,10,6,3
2013360074739,2,9,0,10,0,8,0,0,0,0,2,1,1,1,9,2494,2,8,7,3
2013360074740,1,9,0,18,0,0,0,0,0,0,1,1,1,2,6,1896,2,11,5,3
2013360074740,2,9,0,18,0,0,0,0,0,0,1,1,6,1,4,1242,1,16,5,3
2013360074744,1,9,0,13,0,0,0,0,0,0,1,1,6,2,5,1598,1,11,3,1
2013360074744,2,21,4,18,0,0,0,0,0,0,3,1,1,1,9,12900,2,2,5,1
2013360074744,3,9,0,18,0,0,0,0,0,0,1,1,6,1,8,1984,1,6,9,1
2013360074744,4,9,0,18,0,0,0,0,0,0,1,1,6,1,8,1910,2,7,-1,-1
2013360074747,1,9,0,17,0,0,0,0,0,0,3,1,1,1,4,1149,1,10,7,3
2013360074747,2,9,0,18,0,0,0,0,7,0,3,1,1,1,6,1461,2,9,2,1
2013360074749,1,9,0,17,0,0,2,0,1,4,1,1,3,1,4,1149,1,14,6,2
2013360074750,1,1,0,9,0,5,0,0,0,0,3,1,2,2,8,-1,-1,-1,8,2
2013360074750,2,9,0,13,0,8,0,0,0,0,4,1,2,1,10,1896,2,12,10,1
2013360074753,1,9,0,13,0,0,1,0,1,4,1,1,6,1,6,1796,1,11,7,2
2013360074753,2,9,0,18,0,0,2,0,7,0,2,1,1,1,9,2179,2,2,6,3
2013360074757,1,9,0,5,0,1,0,0,0,0,1,1,6,2,5,1360,1,12,6,1
2013360074757,2,9,0,2,0,1,0,0,0,0,2,1,6,3,-1,-1,-1,-1,2,1
2013360074761,1,19,0,1,0,1,0,0,0,0,2,1,2,1,9,1753,2,10,7,1
2013360074761,2,5,0,3,0,1,5,0,0,0,1,1,2,1,8,955,1,10,7,3
2013360074763,1,9,0,18,0,0,0,0,1,10,3,1,6,1,8,1598,1,4,8,2
2013360074766,1,3,0,18,0,0,2,0,0,0,1,1,2,1,4,124,1,2,2,1
2013360074773,1,9,0,7,0,5,0,0,0,0,4,1,6,2,8,1299,1,11,5,1
2013360074773,2,1,0,18,0,8,0,0,0,0,1,1,6,1,4,-1,-1,-1,3,1
2013360074775,1,19,0,18,0,1,0,0,0,0,1,1,6,1,4,1896,2,12,-1,-1
2013360074775,2,9,0,7,0,5,0,0,0,0,2,1,6,1,7,1997,2,6,5,1
2013360074778,1,9,0,4,0,1,0,0,0,0,1,1,6,1,-1,-1,-1,-1,-1,-1
2013360074778,2,9,0,8,0,1,0,0,0,0,2,1,6,2,9,1997,2,11,7,1
2013360074779,1,1,0,5,9,6,0,0,0,0,3,1,1,2,4,-1,-1,-1,4,1
2013360074779,2,9,0,5,0,1,0,0,0,0,1,1,1,1,7,-1,-1,-1,-1,-1
2013360074780,1,2,0,18,0,0,0,0,0,0,1,1,1,1,4,49,1,7,6,2
2013360074782,1,9,0,13,0,0,0,0,0,0,1,1,2,1,8,2179,2,2,3,1
2013360074782,2,1,0,18,0,0,0,0,0,0,2,1,6,1,7,-1,-1,-1,6,1
2013360074783,1,9,0,13,0,0,0,0,0,0,2,1,6,1,7,2188,2,9,-1,-1
2013360074783,2,1,0,18,0,0,0,0,0,0,1,1,6,1,7,-1,-1,-1,8,3
2013360074806,1,9,0,17,0,0,1,0,7,0,1,1,6,2,6,1600,1,13,6,3
2013360074826,1,9,0,9,0,5,0,0,0,0,1,1,6,1,6,1390,1,10,1,1
2013360074826,2,9,0,18,0,8,0,0,0,0,1,1,6,2,9,1229,1,2,7,3
2013360074845,1,9,0,7,0,5,0,0,0,0,4,1,6,3,-1,-1,-1,-1,-1,-1
2013360074845,2,1,0,18,0,8,0,0,0,0,1,1,6,2,4,-1,-1,-1,-1,-1
2013360074851,1,11,0,4,0,1,0,0,0,0,1,1,6,2,8,9000,2,7,2,1
2013360074851,2,9,0,4,0,1,0,0,0,0,2,1,6,2,6,1600,1,14,8,3
2013360074853,1,2,0,9,0,6,0,0,0,0,1,1,6,1,4,49,1,5,7,3
2013360074853,2,9,0,18,0,8,0,0,0,0,4,1,6,1,8,2204,2,5,7,2
2013360074853,3,9,0,18,0,1,0,0,0,0,4,1,6,2,5,998,1,6,9,1
2013360074861,1,21,0,17,0,0,0,0,0,0,1,1,1,1,8,5880,2,11,7,1
2013360074861,2,19,0,17,0,0,0,0,0,0,2,1,1,1,9,2987,2,3,8,1
2013360074861,3,9,0,4,0,0,0,0,0,0,0,1,6,2,11,1392,1,18,6,3
2013360074865,1,9,0,9,0,5,0,0,0,0,4,1,6,2,6,-1,-1,-1,8,3
2013360074865,2,90,0,18,0,8,0,0,0,0,1,1,6,2,6,-1,-1,-1,5,3
2013360074882,1,9,0,18,0,0,0,0,0,0,1,1,6,1,10,3175,1,11,6,1
2013360074882,2,9,0,18,0,0,0,0,0,0,2,1,6,1,9,1397,1,-1,10,1