Accident_Index,Vehicle_Reference,Vehicle_Type,Towing_and_Articulation,Vehicle_Manoeuvre,Vehicle_Location-Restricted_Lane,Junction_Location,Skidding_and_Overturning,Hit_Object_in_Carriageway,Vehicle_Leaving_Carriageway,Hit_Object_off_Carriageway,1st_Point_of_Impact,Was_Vehicle_Left_Hand_Drive?,Journey_Purpose_of_Driver,Sex_of_Driver,Age_Band_of_Driver,Engine_Capacity_(CC),Propulsion_Code,Age_of_Vehicle,Driver_IMD_Decile,Driver_Home_Area_Type
2013360074883,1,9,0,9,0,5,0,0,0,0,4,1,6,2,4,999,1,15,3,2
2013360074883,2,9,0,18,0,8,1,10,1,0,1,1,6,1,7,1896,2,10,5,3
2013360074887,1,90,0,9,0,8,0,0,0,0,0,1,1,1,7,-1,-1,-1,7,2
2013360074887,2,9,0,18,0,1,0,11,0,0,1,1,6,1,9,-1,-1,-1,4,1
2013360074887,3,9,0,18,0,1,0,11,0,0,1,1,2,1,6,1560,2,2,3,1
2013360074887,4,9,0,18,0,1,0,11,0,0,1,1,2,2,5,1896,2,10,6,3
2013360074891,1,9,0,16,0,0,2,0,2,4,1,1,6,1,4,973,1,14,5,3
2013360074897,1,9,0,9,0,6,0,0,0,0,3,1,1,1,8,-1,-1,-1,8,1
2013360074897,2,5,0,18,0,8,0,0,0,0,1,1,6,1,7,599,1,11,8,2
2013360074902,1,9,0,13,0,0,0,0,0,0,3,1,6,3,-1,-1,-1,-1,-1,-1
2013360074904,1,9,0,9,0,5,0,0,0,0,4,1,6,2,8,998,1,15,6,1
2013360074904,2,1,0,18,0,8,0,0,0,0,1,1,6,1,7,-1,-1,-1,2,1
2013360074905,1,9,0,18,0,1,1,0,1,4,1,1,6,1,4,1493,1,15,7,3
2013360074905,2,9,0,17,0,8,0,0,0,0,0,1,6,3,-1,-1,-1,-1,-1,-1
2013360074913,1,9,0,5,0,4,0,0,0,0,3,1,2,1,8,1998,2,4,4,3
2013360074913,2,4,0,17,0,8,0,0,0,0,1,1,2,1,8,124,1,1,5,3
2013360074916,1,9,0,18,0,0,0,0,0,0,1,1,6,1,8,1896,2,10,7,3
2013360074916,2,17,0,3,0,0,0,0,0,0,2,1,1,1,4,2088,1,64,8,3
2013360074930,1,9,0,4,0,0,0,0,0,0,1,1,6,1,11,1299,1,12,10,1
2013360074930,2,19,0,4,0,0,0,0,0,0,2,1,1,1,8,1995,2,-1,3,1
2013360074933,1,9,0,9,0,8,0,0,0,0,0,1,6,2,7,1999,1,6,8,3
2013360074933,2,3,0,18,0,1,5,0,0,0,4,1,6,1,5,125,1,6,8,2
2013360074952,1,9,0,5,0,4,0,0,0,0,4,1,6,3,-1,-1,-1,-1,-1,-1
2013360074952,2,3,0,18,0,8,0,0,0,0,1,1,6,1,4,124,1,15,1,1
2013360074961,1,9,0,5,0,6,0,0,0,0,4,1,6,2,7,1390,1,12,6,1
2013360074961,2,9,0,5,0,6,0,0,0,0,3,1,6,1,11,1591,1,6,7,3
2013360074983,1,90,0,9,0,6,0,0,0,0,3,1,1,1,8,-1,-1,-1,8,3
2013360074983,2,9,0,18,0,8,0,0,0,0,1,1,6,1,6,1596,1,12,7,3
2013360074985,1,9,0,16,0,0,1,0,1,4,1,1,6,1,4,1199,1,10,7,2
2013360074991,1,9,0,13,0,0,0,0,0,0,1,1,2,2,4,1229,1,1,9,2
2013360074991,2,9,0,18,0,0,0,0,0,0,1,1,6,2,8,1582,2,2,9,2
2013360074991,3,20,0,18,0,0,5,0,0,0,4,1,1,1,6,-1,-1,-1,7,1
2013360074994,1,9,0,9,0,5,0,0,0,0,1,1,6,1,-1,1997,1,11,1,1
2013360074994,2,5,0,18,0,8,0,0,0,0,1,1,6,1,4,498,1,11,1,1
2013360075006,1,9,0,18,0,2,2,0,8,2,3,1,6,1,6,1242,1,16,-1,-1
2013360075006,2,9,0,18,0,1,0,0,0,0,1,1,6,2,10,1339,1,7,10,1
2013360075013,1,9,0,1,9,6,0,0,0,0,2,1,6,2,6,-1,-1,-1,-1,-1
2013360075017,1,9,0,12,0,3,0,0,0,0,3,1,6,1,7,-1,-1,-1,1,1
2013360075017,2,9,0,18,0,3,0,0,0,0,4,1,2,1,7,1998,2,6,-1,-1
2013360075019,1,9,0,18,0,0,1,0,0,0,1,1,2,1,7,1598,1,7,2,1
2013360075019,2,9,0,18,0,0,0,0,0,0,2,1,6,1,6,-1,-1,-1,9,3
2013360075019,3,19,0,18,0,0,0,0,0,0,2,1,6,1,5,2477,2,12,5,2
2013360075024,1,9,0,18,0,8,0,0,0,0,4,1,2,1,7,1598,2,2,9,2
2013360075024,2,9,0,18,0,8,1,0,0,0,1,1,2,1,5,1596,1,14,5,3
2013360075025,1,9,0,4,0,1,0,0,0,0,1,1,6,1,9,1198,1,8,9,1
2013360075026,1,9,0,9,0,6,0,0,0,0,1,1,1,1,9,2400,2,5,5,3
2013360075026,2,9,0,18,0,8,0,0,0,0,3,1,6,2,10,1124,1,11,5,3
2013360075027,1,10,0,17,0,0,0,0,1,4,1,1,6,1,7,2370,2,18,5,3
2013360075029,1,9,0,1,0,1,0,0,0,0,2,1,6,1,4,1988,1,11,6,1
2013360075037,1,9,0,18,0,1,0,0,0,0,4,1,6,1,6,1598,1,9,2,1
2013360075046,1,90,0,5,0,0,0,0,0,0,3,1,6,1,8,-1,-1,-1,7,1
2013360075046,2,2,0,18,0,0,0,0,0,0,1,1,6,1,5,124,1,4,2,1
2013360075052,1,1,0,18,0,6,0,0,0,0,1,1,6,1,5,-1,-1,-1,-1,-1
2013360075052,2,19,0,18,0,8,0,0,0,0,4,1,6,1,5,1753,2,7,7,3
2013360075055,1,9,0,7,0,3,0,0,0,0,4,1,3,2,6,998,1,2,2,1
2013360075055,2,1,0,18,0,8,0,0,0,0,1,1,1,2,5,-1,-1,-1,3,1
2013360075059,1,21,1,4,0,0,1,0,7,0,1,1,1,1,6,12777,2,5,-1,3
2013360075059,2,9,0,4,0,0,0,0,1,0,2,1,6,1,7,1896,2,12,-1,-1
2013360075059,3,9,0,4,0,0,0,0,0,0,2,1,6,1,9,1997,2,1,7,3
2013360075083,1,9,0,9,0,5,0,0,0,0,4,1,2,1,4,1149,1,11,8,1
2013360075083,2,1,0,18,0,8,0,0,0,0,1,1,2,2,7,-1,-1,-1,6,1
2013360075090,1,9,0,18,0,0,0,0,0,0,1,1,6,1,5,1389,1,16,6,1
2013360075090,2,9,0,18,0,0,0,0,1,1,1,1,6,2,4,998,1,10,6,3
2013360075095,1,9,0,18,0,0,1,0,0,0,1,1,2,2,6,1998,1,11,7,1
2013360075095,2,9,0,4,0,0,0,0,0,0,2,1,6,1,9,1396,1,10,8,1
2013360075098,1,9,0,7,0,6,0,0,0,0,1,1,6,2,10,1386,1,4,-1,-1
2013360075098,2,9,0,18,0,8,0,0,7,2,2,1,6,2,5,1391,1,12,-1,-1
2013360075099,1,20,0,18,0,2,0,0,0,0,1,1,1,1,8,2143,2,-1,5,1
2013360075103,1,5,0,18,0,8,1,0,0,0,1,1,6,1,7,998,1,5,7,1
2013360075103,2,19,0,9,0,6,0,0,0,0,3,1,1,1,7,2198,2,5,5,3
2013360075112,1,9,0,18,0,0,0,0,0,0,1,1,1,1,8,1341,1,12,3,2
2013360075112,2,20,0,2,0,0,0,0,0,0,0,1,1,1,7,-1,-1,-1,5,3
2013360075112,3,19,0,3,0,0,0,0,0,0,2,1,1,1,5,-1,-1,-1,8,2
2013360075112,4,19,0,18,0,0,0,0,0,0,3,1,1,1,7,1997,2,1,9,1
2013360075114,1,9,0,18,0,0,1,0,0,0,1,1,6,1,4,1600,1,14,7,2
2013360075130,1,9,0,18,0,8,0,0,0,0,1,1,2,1,9,1995,1,4,10,1
2013360075130,2,9,0,18,0,8,0,0,0,0,2,1,2,2,9,1968,2,1,8,1
2013360075132,1,9,0,9,0,5,0,0,0,0,1,1,6,1,5,1796,1,8,1,1
2013360075132,2,1,0,18,0,8,0,0,0,0,1,1,2,1,6,-1,-1,-1,7,1
2013360075133,1,21,1,9,0,5,0,0,0,0,1,1,1,1,5,-1,-1,-1,2,1
2013360075133,2,9,0,17,0,8,0,0,0,0,3,1,6,1,9,1995,1,6,9,1
2013360075139,1,9,0,4,0,1,0,0,0,0,1,1,6,1,7,3969,1,19,5,2
2013360075139,2,9,0,4,0,1,0,0,0,0,1,1,6,1,5,1596,1,9,9,2
2013360075139,3,9,0,3,0,1,0,0,0,0,2,1,6,1,7,2993,2,1,-1,-1
2013360075145,1,11,0,5,0,0,0,0,0,0,0,1,1,1,8,-1,-1,-1,-1,-1
2013360075161,1,2,0,18,0,0,0,0,0,0,2,1,2,1,4,49,1,-1,4,1
2013360075161,2,17,0,18,0,0,0,0,0,0,1,1,1,1,-1,-1,-1,-1,-1,-1
2013360075163,1,9,0,18,0,8,0,0,1,1,3,1,6,1,11,1560,2,5,5,3
2013360075163,2,19,0,9,0,5,0,0,0,0,1,1,1,1,7,-1,-1,-1,-1,-1
2013360075164,1,9,0,1,9,0,0,0,0,0,2,1,6,3,-1,-1,-1,-1,-1,-1
2013360075165,1,9,0,17,0,0,0,0,0,0,0,1,3,3,-1,-1,-1,-1,-1,-1
2013360075165,2,3,0,16,0,0,5,0,7,10,1,1,1,1,4,125,1,2,2,1
2013360075169,1,9,0,7,0,5,0,0,0,0,1,1,6,1,6,-1,-1,-1,4,3
2013360075175,1,9,0,18,0,8,0,0,0,0,1,1,6,1,11,1396,1,4,5,3
2013360075175,2,9,0,9,0,8,0,0,0,0,4,1,6,1,7,-1,-1,-1,8,1
2013360075176,1,9,0,12,0,0,0,0,0,0,0,1,6,3,-1,-1,-1,-1,-1,-1
2013360075176,2,9,0,13,0,0,1,0,1,1,1,1,6,2,4,1299,1,12,2,1
2013360075188,1,9,0,17,0,8,1,10,1,3,3,1,2,2,7,2290,1,12,6,3
2013360075194,1,9,0,18,0,8,0,0,0,0,1,1,6,1,4,1998,1,22,-1,-1
2013360075194,2,9,0,18,0,8,0,0,0,0,4,1,6,1,6,3500,1,6,7,3
2013360075199,1,19,0,18,0,6,0,0,0,0,3,1,6,1,-1,2198,2,1,-1,-1
2013360075199,2,9,0,18,0,8,0,0,0,0,4,1,2,1,8,-1,-1,-1,5,3
2013360075200,1,9,0,9,0,8,0,0,0,0,0,1,1,1,7,2000,2,8,-1,-1
2013360075200,2,11,0,4,0,8,0,0,0,0,0,1,1,1,4,8300,2,13,8,3
2013360075204,1,9,0,18,0,2,0,10,7,1,1,1,6,1,8,1679,1,11,7,1
2013360075205,1,9,0,17,0,0,0,0,0,0,1,1,1,2,6,1870,2,11,8,3
2013360075205,2,9,0,16,0,0,0,0,1,0,1,1,2,1,8,1598,1,10,9,1
2013360075211,1,19,0,17,0,0,0,0,0,0,3,1,6,3,-1,-1,-1,-1,-1,-1
2013360075211,2,9,0,16,0,0,1,0,1,10,3,1,6,1,7,1397,1,11,3,2
2013360075215,1,9,0,14,0,1,0,0,0,0,4,1,1,1,6,-1,-1,-1,8,1
2013360075219,1,9,0,1,0,0,0,0,0,0,2,1,6,1,6,1598,1,11,8,1
2013360075220,1,9,0,13,0,8,0,0,0,0,4,1,6,1,10,-1,-1,-1,5,1
2013360075220,2,1,0,18,0,8,0,0,0,0,3,1,6,1,9,-1,-1,-1,5,3
2013360075228,1,9,0,18,0,8,0,0,0,0,1,1,6,2,8,1596,1,7,6,1
2013360075228,2,9,0,4,0,8,0,0,0,0,2,1,6,1,8,1461,2,-1,10,1
2013360075228,3,9,0,11,0,8,0,0,0,0,0,1,6,3,-1,-1,-1,-1,-1,-1
2013360075231,1,9,0,18,0,1,1,0,0,0,1,1,6,1,5,973,1,10,10,1
2013360075231,2,9,0,3,0,1,0,0,0,0,2,1,1,1,6,1997,2,12,4,3
2013360075231,3,9,0,3,0,1,0,0,0,0,2,1,1,1,9,2198,2,7,6,1
2013360075233,1,9,0,17,0,0,1,0,7,0,4,1,6,1,5,1389,1,11,6,3
2013360075240,1,2,0,18,0,0,0,0,0,0,4,1,6,1,4,49,1,-1,4,3
2013360075240,2,9,0,18,0,0,0,0,0,0,1,1,6,1,6,1998,1,7,-1,-1
2013360075241,1,9,0,18,0,0,0,0,0,0,1,1,6,1,4,1124,1,10,6,3
2013360075241,2,9,0,4,7,0,0,0,0,0,2,1,6,2,6,1895,1,14,1,1
2013360075243,1,9,0,18,0,1,0,0,0,0,1,1,6,1,7,1997,2,6,7,1
2013360075243,2,9,0,4,0,1,0,0,0,0,2,1,6,1,11,1390,1,4,8,1
2013360075243,3,9,0,10,0,8,0,0,0,0,2,1,1,2,8,1248,1,-1,7,1
2013360075248,1,9,0,9,0,5,0,0,0,0,4,1,6,1,8,1587,1,12,6,3
2013360075248,2,9,0,18,0,8,0,0,0,0,1,1,6,2,7,1242,1,5,-1,-1
2013360075249,1,2,0,18,0,8,2,0,0,0,3,1,6,2,4,50,1,-1,6,2
2013360075272,1,9,0,18,0,0,0,0,0,0,4,1,6,1,5,1686,2,8,5,3
2013360075273,1,9,0,9,0,8,0,0,0,0,0,1,1,1,7,-1,-1,-1,10,1
2013360075273,2,2,0,18,0,8,2,0,0,0,4,1,6,2,4,49,1,5,8,1
2013360075277,1,8,0,18,0,2,0,0,0,0,1,1,1,1,7,1910,2,7,2,1
2013360075279,1,9,0,18,0,2,0,0,0,0,1,1,6,1,9,1598,1,3,9,1
2013360075282,1,9,0,1,0,1,0,0,0,0,2,1,6,1,6,-1,-1,-1,-1,-1
2013360075284,1,3,0,18,0,1,5,0,0,0,1,1,6,1,4,125,1,1,6,3
2013360075284,2,9,0,10,0,8,0,0,0,0,2,1,2,1,5,1910,2,7,6,2
2013360075287,1,9,0,4,0,0,1,0,0,0,1,1,6,2,7,1598,1,13,6,1
2013360075287,2,9,0,3,0,0,0,0,0,0,2,1,6,2,6,1896,2,9,6,2
2013360075287,3,9,0,3,0,0,0,0,0,0,2,1,6,1,7,2902,2,6,5,3
2013360075288,1,9,0,17,0,0,5,12,7,0,1,1,6,1,6,1997,2,13,6,2
2013360075291,1,9,0,18,0,2,0,0,0,0,1,1,6,2,11,1299,1,6,2,1
2013360075292,1,9,0,9,0,5,0,0,0,0,1,1,6,1,11,1560,2,4,7,1
2013360075292,2,1,0,18,0,8,0,0,0,0,1,1,1,1,7,-1,-1,-1,10,1
2013360075295,1,9,0,7,0,6,0,0,0,0,1,1,6,1,9,2199,2,-1,6,3
2013360075295,2,9,0,18,0,8,0,0,1,0,1,1,6,2,7,2231,2,7,9,3
2013360075296,1,9,0,18,0,1,0,0,0,0,1,1,2,2,7,1199,1,9,1,1
2013360075296,2,1,0,18,9,1,0,0,0,0,1,1,2,2,7,-1,-1,-1,1,1
2013360075297,1,9,0,9,0,6,0,0,0,0,1,1,1,2,6,-1,-1,-1,6,3
2013360075297,2,9,0,17,0,8,0,0,0,0,1,1,6,1,10,1798,1,7,9,3
2013360075298,1,9,0,4,0,1,0,0,0,0,1,1,6,2,6,1598,1,13,-1,-1
2013360075298,2,9,0,3,0,1,0,0,0,0,2,1,6,2,7,999,1,12,3,1
2013360075304,1,9,0,9,0,8,0,0,0,0,1,1,6,1,11,1206,1,3,8,3
2013360075304,2,9,0,18,0,8,0,0,0,0,1,1,6,1,8,1956,2,2,8,3
2013360075308,1,9,0,18,0,8,0,0,3,0,1,1,1,1,9,1998,2,8,8,1
2013360075308,2,9,0,18,0,8,0,0,7,0,1,1,1,1,8,2402,2,6,10,1
2013360075309,1,9,0,18,0,0,0,0,0,0,4,1,6,3,-1,-1,-1,-1,-1,-1
2013360075310,1,9,0,17,0,0,0,0,0,0,1,1,6,2,11,1149,1,14,5,3
2013360075310,2,9,0,16,0,0,0,0,1,0,1,1,3,2,6,1461,2,8,5,3
2013360075311,1,9,0,5,0,4,0,0,0,0,3,1,6,1,4,1686,2,12,6,3
2013360075311,2,1,0,18,0,8,0,0,0,0,1,1,6,1,8,-1,-1,-1,7,2
2013360075312,1,3,0,17,0,0,0,0,7,0,3,1,6,2,7,124,1,11,6,2
2013360075324,1,9,0,17,0,0,0,0,0,0,1,1,6,1,-1,-1,-1,-1,-1,-1
2013360075324,2,1,0,5,9,0,0,0,0,0,3,1,6,1,5,-1,-1,-1,3,1
2013360075325,1,8,0,7,0,6,0,0,0,0,1,1,1,1,6,1685,2,-1,8,1
2013360075325,2,1,0,18,0,8,0,0,0,0,4,1,1,1,5,-1,-1,-1,5,1
2013360075331,1,90,0,4,0,0,1,0,0,0,1,1,6,1,7,-1,-1,-1,7,3
2013360075331,2,9,0,4,0,0,0,0,0,0,2,1,6,2,5,1390,1,10,5,3
2013360075331,3,9,0,4,0,0,0,0,0,0,2,1,6,1,11,1796,1,8,8,2
2013360075334,1,9,0,9,0,6,0,0,0,0,3,1,6,1,6,1799,1,7,6,3
2013360075334,2,9,0,18,0,8,0,0,0,0,1,1,6,1,11,996,1,4,6,1
2013360075353,1,90,0,18,0,1,0,0,1,10,4,1,6,1,6,-1,-1,-1,1,1
2013360075356,1,9,0,4,0,0,0,0,0,0,1,1,2,2,7,1870,2,10,4,1
2013360075356,2,9,0,3,0,0,0,0,0,0,2,1,1,1,8,-1,-1,-1,5,1
2013360075356,3,9,0,3,0,0,0,0,0,0,2,1,2,2,6,1598,1,5,6,1
2013360075357,1,9,0,18,0,0,2,0,1,0,1,1,6,2,7,1560,2,2,8,3
2013360075362,1,9,0,9,0,6,0,0,0,0,3,1,6,1,8,1968,2,3,9,2
2013360075362,2,5,0,18,0,8,0,0,0,0,1,1,6,1,7,1298,1,10,7,3
2013360075365,1,9,0,1,0,0,0,0,0,0,2,1,6,1,6,1596,1,4,8,2
2013360075365,2,1,0,4,0,0,0,0,0,0,1,1,6,2,11,-1,-1,-1,8,2
2013360075368,1,9,0,18,0,0,0,0,0,0,1,1,6,2,11,1794,1,12,9,3
2013360075383,1,9,0,18,0,0,0,0,0,0,4,1,6,2,7,1896,2,9,1,1
2013360075399,1,9,0,18,0,0,0,0,0,0,3,1,6,2,10,1598,1,16,5,3
2013360075438,1,11,0,18,0,2,0,0,1,10,1,1,1,1,8,6374,2,5,-1,-1
2013360075441,1,9,0,18,0,2,2,4,1,10,3,1,6,1,6,1360,1,11,6,2
2013360075441,2,9,0,2,0,2,0,0,0,0,2,1,6,1,7,1997,2,9,9,2
2013360075442,1,9,0,18,0,0,0,0,0,0,3,1,6,2,5,999,1,13,-1,-1
2013360075442,2,9,0,13,0,0,0,0,0,0,0,1,6,2,8,1598,1,11,-1,-1
2013360075446,1,9,0,13,0,8,0,0,0,0,4,1,6,3,-1,-1,-1,-1,-1,-1
2013360075446,2,1,0,18,0,8,0,0,0,0,3,1,1,1,4,-1,-1,-1,8,1
2013360075448,1,9,0,18,0,0,0,0,7,0,3,1,6,2,10,1296,1,6,9,3
2013360075448,2,9,0,18,0,0,0,0,7,0,1,1,1,2,8,1598,1,13,3,1
2013360075449,1,19,0,4,0,1,0,0,0,0,1,1,1,1,6,2143,2,4,4,3
2013360075449,2,9,0,4,0,1,0,0,0,0,2,1,6,2,8,1242,1,-1,8,1
2013360075449,3,9,4,10,0,1,0,0,0,0,2,1,6,1,9,-1,-1,-1,10,2
2013360075449,4,9,0,18,0,1,0,0,1,0,3,1,1,1,10,1997,2,1,10,1
2013360075451,1,9,0,5,0,6,0,0,0,0,2,1,6,1,11,1582,2,1,9,1
2013360075451,2,9,0,18,0,8,0,0,0,0,1,1,6,2,7,-1,-1,-1,5,3
2013360075455,1,9,0,5,0,6,0,0,0,0,4,1,6,2,10,1339,1,7,4,3
2013360075455,2,9,0,18,0,8,0,0,0,0,1,1,6,1,8,1800,1,28,4,3
2013360075457,1,9,0,4,0,0,0,0,0,0,2,1,2,1,8,1598,1,13,3,1
2013360075457,2,11,0,18,0,0,0,0,0,0,1,1,1,1,8,7300,2,8,1,1
2013360075458,1,9,0,18,0,4,0,0,0,0,1,1,6,1,11,1149,1,1,6,3
2013360075458,2,2,0,18,0,8,5,0,0,0,1,1,6,1,4,49,1,8,4,1
2013360075459,1,9,0,4,0,1,2,0,7,2,1,1,6,1,6,1242,1,11,4,1
2013360075459,2,9,0,4,0,1,0,0,0,0,3,1,6,1,8,2902,2,9,8,1
2013360075459,3,9,0,4,0,8,0,0,0,0,0,1,6,3,-1,-1,-1,-1,-1,-1
2013360075460,1,3,0,18,0,8,5,0,3,1,3,1,2,1,4,125,1,4,6,3
2013360075460,2,9,0,18,0,8,0,0,0,0,1,1,2,1,7,1998,1,11,6,1
2013360075461,1,9,0,18,0,0,0,0,0,0,1,1,6,1,6,1149,1,7,3,1
2013360075461,2,9,0,4,0,0,0,0,0,0,2,1,6,1,9,1329,1,4,8,1
2013360075461,3,9,0,3,0,0,0,0,0,0,2,1,6,1,7,1242,1,1,7,3
2013360075465,1,3,0,18,0,1,0,0,0,0,1,1,6,1,6,-1,-1,-1,-1,-1
2013360075465,2,9,0,3,0,1,0,0,0,0,2,1,6,1,7,1968,2,1,-1,-1
2013360075473,1,9,0,17,0,8,0,0,1,4,4,1,6,1,4,1596,1,11,4,1
2013360075478,1,9,0,18,0,0,0,0,0,0,4,1,2,2,9,1339,1,9,7,2
2013360075489,1,9,0,5,0,4,0,0,0,0,1,1,6,2,11,1461,2,3,9,2
2013360075489,2,1,0,18,0,8,0,0,0,0,4,1,1,1,5,-1,-1,-1,3,1
2013360075495,1,9,0,5,0,6,0,0,0,0,1,1,6,1,5,1753,2,5,2,1
2013360075495,2,9,0,18,0,8,0,0,1,10,1,1,6,1,8,1598,1,14,4,1
2013360075500,1,9,0,9,0,6,0,0,0,0,1,1,1,2,5,1800,1,15,3,1
2013360075500,2,9,0,18,0,8,0,0,0,0,1,1,1,2,6,1587,1,10,7,3
2013360075503,1,9,0,4,0,8,0,0,0,0,3,1,6,2,5,1124,1,15,4,1
2013360075503,2,9,0,1,0,8,0,0,0,0,1,1,6,1,6,1598,1,14,4,1
2013360075505,1,19,0,9,0,8,0,0,0,0,1,1,1,1,8,2402,2,4,6,3
2013360075505,2,4,0,18,0,8,5,0,0,0,1,1,6,1,8,498,1,41,6,3
2013360075511,1,9,0,9,0,5,0,0,0,0,1,1,1,1,6,1396,1,12,5,1
2013360075511,2,1,0,18,0,8,0,0,0,0,3,1,1,1,9,-1,-1,-1,3,1
2013360075514,1,9,0,9,0,6,0,0,0,0,3,1,6,2,9,1796,1,6,-1,-1
2013360075514,2,9,0,18,0,8,0,0,0,0,1,1,6,1,8,1598,1,2,7,1
2013360075514,3,9,0,10,0,1,0,0,0,0,1,1,6,2,8,2495,2,9,10,2
2013360075519,1,9,0,18,0,0,0,4,0,0,1,1,2,1,8,1984,1,11,2,1
2013360075519,2,9,0,2,0,0,0,0,0,0,2,1,6,1,-1,1799,1,6,6,1
2013360075523,1,9,0,18,0,0,1,0,0,0,4,1,6,1,4,1299,1,13,6,3
2013360075528,1,9,0,17,0,0,5,0,7,4,1,1,6,1,6,1598,1,12,4,1
2013360075533,1,9,0,18,0,0,0,0,0,0,3,1,6,2,9,1299,1,12,10,1
2013360075533,2,19,0,18,0,0,0,0,1,10,3,1,1,1,6,1461,2,1,4,3
2013360075544,1,9,0,16,0,0,0,0,0,0,1,1,2,1,5,1587,1,13,-1,-1
2013360075544,2,9,0,17,0,0,0,0,0,0,1,1,6,2,8,1229,1,8,5,3
2013360075559,1,9,0,17,0,0,2,0,1,10,1,1,6,2,5,1390,1,12,7,3
2013360075559,2,9,0,18,0,0,0,0,0,0,1,1,2,1,8,1995,2,11,9,1
2013360075560,1,9,0,18,0,1,1,0,0,0,1,1,6,2,7,1468,1,11,2,1
2013360075560,2,9,0,3,0,1,0,0,0,0,2,1,1,1,6,998,1,1,3,1
2013360075560,3,9,0,3,0,1,0,0,0,0,2,1,6,1,7,1124,1,11,2,1
2013360075577,1,9,0,7,0,6,0,0,0,0,1,1,2,1,6,1956,2,-1,-1,-1
2013360075577,2,1,0,18,0,8,5,0,0,0,1,1,2,1,5,-1,-1,-1,3,1
2013360075580,1,3,0,16,0,8,1,0,0,0,1,1,1,1,4,125,1,1,7,2
2013360075580,2,9,0,17,0,8,0,0,0,0,1,1,1,1,8,1999,1,3,6,3
2013360075588,1,9,0,18,0,0,0,0,0,0,1,1,1,1,4,1868,2,12,6,2
2013360075588,2,9,0,4,0,0,0,0,0,0,2,1,6,2,8,1360,1,11,6,2
2013360075596,1,9,0,9,0,6,0,0,0,0,3,1,6,2,10,2401,2,11,-1,-1
2013360075596,2,2,0,18,0,8,0,0,0,0,1,1,6,1,4,49,1,3,8,1
2013360075598,1,9,0,18,0,8,0,0,0,0,1,1,6,2,4,998,1,10,2,1
2013360075598,2,1,0,18,0,8,0,0,0,0,3,1,6,1,7,-1,-1,-1,2,1
2013360075618,1,11,0,4,0,0,0,0,0,0,0,1,1,1,-1,7300,2,-1,-1,-1
2013360075618,2,9,0,4,0,0,0,0,0,0,0,1,6,1,-1,4196,1,10,-1,-1
2013360075634,1,5,0,18,0,0,5,0,0,0,1,1,6,1,7,847,1,-1,5,1
2013360075637,1,9,0,11,0,8,0,0,0,0,4,1,6,2,6,1598,1,7,10,1
2013360075637,2,9,0,18,0,8,0,0,0,0,3,1,6,2,7,1061,1,8,9,2
2013360075638,1,3,0,18,0,0,5,0,0,0,1,1,6,1,5,124,1,7,4,3
2013360075640,1,9,0,18,0,1,1,0,0,0,1,1,6,2,5,998,1,14,-1,-1
2013360075640,2,9,0,4,0,1,0,0,0,0,2,1,6,2,6,1198,1,6,9,1
2013360075640,3,9,0,4,0,8,0,0,0,0,0,1,6,1,8,898,1,-1,6,1
2013360075641,1,9,0,18,0,1,0,0,0,0,1,1,6,2,8,1560,2,1,1,1
2013360075642,1,9,0,18,0,0,0,0,0,0,1,1,6,3,-1,-1,-1,-1,-1,-1
2013360075643,1,3,0,15,0,8,0,0,0,0,1,1,6,1,7,99,1,21,-1,-1
2013360075643,2,9,0,9,0,5,0,0,0,0,4,1,6,1,4,998,1,9,4,3
2013360075645,1,9,0,18,0,8,0,0,7,0,4,1,6,1,6,1242,1,13,8,3
2013360075645,2,9,0,18,0,8,0,0,1,0,1,1,1,1,6,1560,2,1,-1,-1
2013360075646,1,20,0,9,8,8,0,0,0,0,1,1,1,1,9,-1,-1,-1,6,1
2013360075646,2,9,0,4,0,8,0,0,0,0,2,1,6,1,6,-1,-1,-1,5,1
2013360075646,3,90,0,18,0,8,0,0,0,0,0,1,1,1,6,2987,2,4,7,2
2013360075653,1,19,0,4,0,0,0,0,0,0,4,1,1,1,6,2463,2,8,5,1
2013360075660,1,19,0,18,0,8,0,0,0,0,1,1,1,1,9,2402,2,6,5,3
2013360075660,2,9,0,9,0,6,0,0,0,0,3,1,6,2,7,1499,2,-1,5,3
2013360075661,1,9,0,18,0,8,0,0,0,0,1,1,2,2,9,1560,2,3,6,3
2013360075676,1,19,4,18,0,0,0,0,0,0,0,1,6,2,6,2148,2,8,7,3
2013360075676,2,9,0,18,0,0,0,11,0,0,1,1,6,1,7,-1,-1,-1,7,3
2013360075676,3,9,0,18,0,0,0,11,0,0,1,1,6,1,7,-1,-1,-1,-1,-1
2013360075676,4,9,0,18,0,0,0,11,0,0,1,1,6,1,7,2000,1,4,9,2
2013360075676,5,9,0,18,0,0,0,11,0,0,1,1,6,1,8,1896,2,4,6,1
2013360075686,1,1,0,18,9,8,0,0,0,0,1,1,6,1,8,-1,-1,-1,9,1
2013360075686,2,9,0,9,0,5,0,0,0,0,1,1,6,3,-1,-1,-1,-1,-1,-1