Accident_Index,Vehicle_Reference,Vehicle_Type,Towing_and_Articulation,Vehicle_Manoeuvre,Vehicle_Location-Restricted_Lane,Junction_Location,Skidding_and_Overturning,Hit_Object_in_Carriageway,Vehicle_Leaving_Carriageway,Hit_Object_off_Carriageway,1st_Point_of_Impact,Was_Vehicle_Left_Hand_Drive?,Journey_Purpose_of_Driver,Sex_of_Driver,Age_Band_of_Driver,Engine_Capacity_(CC),Propulsion_Code,Age_of_Vehicle,Driver_IMD_Decile,Driver_Home_Area_Type
201336T130032,2,1,0,18,9,0,0,0,0,0,1,1,6,2,7,-1,-1,-1,2,1
201336T130033,1,9,0,9,0,5,0,0,0,0,3,1,6,2,8,875,1,2,3,1
201336T130033,2,2,0,13,0,8,0,0,0,0,1,1,3,1,4,-1,-1,-1,5,1
201336T130034,1,9,0,17,0,2,0,0,0,0,1,1,6,2,8,1597,1,15,-1,-1
201336T130034,2,9,0,16,0,1,0,0,0,0,3,1,6,1,4,1389,1,16,-1,-1
201336T130035,1,9,0,18,0,0,0,0,0,0,1,1,6,1,5,1598,1,6,4,1
201336T130035,2,9,0,18,0,0,0,0,0,0,2,1,6,2,6,1390,1,10,2,1
201336T130035,3,9,0,18,0,0,0,0,0,0,2,1,6,1,9,1598,1,7,7,2
201336T130036,1,9,0,18,0,1,0,0,0,0,1,1,1,2,6,1995,2,8,5,3
201336T130036,2,1,0,10,0,8,2,0,3,0,2,1,2,1,7,-1,-1,-1,8,3
201336T130037,1,9,0,18,0,8,0,0,0,0,4,1,6,1,10,698,1,7,4,3
201336T130037,2,8,0,5,0,4,0,0,0,0,3,1,1,1,8,1896,2,9,8,3
201336T130038,1,9,0,16,0,0,2,0,7,4,1,1,2,2,7,1199,1,11,5,3
201336T130039,1,9,0,9,0,6,0,0,0,0,1,1,6,2,10,1199,1,9,3,1
201336T130039,2,2,0,15,4,8,2,0,0,0,4,1,6,2,5,49,1,18,1,1
201336T130039,3,9,0,3,0,8,0,0,0,0,4,1,2,1,8,-1,-1,-1,-1,-1
201336T130040,1,9,0,9,0,6,0,0,0,0,1,1,6,1,5,1598,1,5,3,1
201336T130040,2,1,0,18,0,8,0,0,0,0,2,1,2,2,4,-1,-1,-1,2,1
201336T130041,1,9,0,18,0,8,0,0,0,0,3,1,6,1,7,1599,1,14,3,1
201336T130041,2,1,0,18,0,6,0,0,0,0,1,1,2,1,6,-1,-1,-1,7,2
201336T130042,1,3,0,7,7,5,1,0,0,0,1,1,6,1,7,124,1,-1,3,1
201336T130043,1,9,0,17,0,0,2,0,8,4,1,1,6,2,5,1796,1,14,4,2
201336T130044,1,9,0,5,0,1,0,0,0,0,1,1,6,1,5,1388,1,10,1,1
201336T130045,1,9,0,4,0,1,0,0,0,0,2,1,6,1,9,-1,-1,-1,1,1
201336T130045,2,9,0,4,0,1,0,0,0,0,1,1,6,2,6,-1,-1,-1,-1,-1
201336T130046,1,2,0,18,0,0,0,0,0,0,1,1,6,1,4,49,1,-1,7,1
201336T130047,1,9,0,18,0,0,0,0,1,9,1,1,1,1,5,1998,2,7,4,2
201336T130049,1,9,0,18,0,6,0,0,0,0,1,1,6,1,9,1587,1,11,10,1
201336T130049,2,19,0,18,0,8,0,0,0,0,1,1,1,1,6,-1,-1,-1,-1,-1
201336T130050,1,90,4,18,0,0,5,0,1,0,4,1,1,1,9,-1,-1,-1,6,3
201336T130051,1,5,0,16,0,1,1,0,0,0,1,1,6,1,7,996,1,15,3,1
201336T130052,1,1,0,18,5,0,0,0,0,0,1,1,1,1,7,-1,-1,-1,7,3
201336T130053,1,9,0,18,0,0,0,7,0,0,4,1,6,1,11,1399,1,7,10,2
201336T130054,1,1,0,18,0,6,1,0,0,0,1,1,6,1,5,-1,-1,-1,10,1
201336T130054,2,9,0,18,0,8,0,0,0,0,1,1,6,1,9,1781,1,10,-1,-1
201336T130055,1,9,0,18,0,0,2,0,1,0,1,1,6,2,7,1461,2,9,5,3
201336T130056,1,9,0,17,0,0,0,0,0,0,1,1,6,2,8,1461,2,8,6,2
201336T130056,2,9,0,16,0,0,0,0,0,0,1,1,2,1,4,2495,2,17,7,3
201336T130057,1,9,0,4,0,1,1,0,0,0,1,1,1,2,5,1360,1,11,5,3
201336T130057,2,9,0,3,0,1,0,0,0,0,2,1,1,2,5,1896,2,11,9,2
201336T130057,3,9,0,3,0,1,0,0,0,0,2,1,4,1,5,1242,1,6,2,1
201336T130058,1,9,0,4,0,1,0,0,0,0,1,1,6,1,6,1995,2,14,6,3
201336T130058,2,9,0,3,0,1,0,0,0,0,2,1,6,2,6,1910,2,8,6,3
201336T130059,1,90,0,18,0,1,0,0,0,0,2,1,1,1,10,-1,-1,-1,-1,-1
201336T130059,2,9,0,18,0,1,0,0,0,0,2,1,6,2,7,1896,2,7,9,3
201336T130059,3,9,0,10,0,8,0,0,0,0,0,1,6,2,6,1242,1,10,10,1
201336T130060,1,9,0,18,0,0,0,0,1,4,1,1,1,2,6,1997,2,1,9,3
201336T130061,1,1,0,18,9,8,5,0,0,0,1,1,2,2,8,-1,-1,-1,7,1
201336T130061,2,9,0,4,0,1,0,0,0,0,4,1,6,1,9,1242,1,12,6,1
201336T130062,1,9,0,18,0,0,0,0,1,4,1,1,6,1,6,1597,1,15,7,2
201336T130063,1,2,0,9,0,5,1,0,0,0,3,1,4,2,4,50,1,4,6,1
201336T130064,1,20,0,3,0,1,0,0,0,0,2,1,1,1,7,6693,2,-1,6,1
201336T130064,2,3,0,5,0,1,0,0,0,0,1,1,6,1,5,124,1,13,2,1
201336T130065,1,9,0,17,0,0,2,10,1,1,1,1,6,1,4,1341,1,10,9,3
201336T130066,1,3,0,18,0,0,0,0,0,0,1,1,6,1,7,123,1,24,7,1
201336T130067,1,90,0,1,0,6,0,0,0,0,3,1,2,1,6,-1,-1,-1,2,1
201336T130068,1,90,0,4,0,1,0,0,0,0,1,1,1,1,8,-1,-1,-1,4,1
201336T130068,2,9,0,3,0,1,0,0,0,0,2,1,1,2,9,1587,1,6,7,1
201336T130069,1,2,0,18,0,8,2,10,0,0,3,1,6,1,4,49,1,9,6,3
201336T130070,1,9,0,17,0,0,2,0,7,10,3,1,2,1,6,1360,1,13,9,3
201336T130071,1,9,0,18,0,1,0,0,0,0,1,1,6,1,9,3498,1,8,9,1
201336T130072,1,5,0,18,0,8,1,0,0,0,3,1,6,1,7,-1,-1,-1,5,3
201336T130073,1,3,0,18,0,8,1,0,0,0,3,1,6,1,4,-1,-1,-1,7,1
201336T130074,1,9,0,18,0,0,2,0,1,0,3,1,6,1,5,1391,1,16,3,1
201336T130075,1,9,0,3,0,0,0,0,0,0,2,1,1,2,8,1242,1,17,7,1
201336T130075,2,9,0,3,0,0,0,0,0,0,2,1,1,2,8,1598,1,11,5,1
201336T130075,3,9,0,18,0,0,0,0,0,0,1,1,6,1,11,1598,2,1,5,1
201336T130077,1,9,0,18,0,1,1,0,0,0,1,1,6,2,8,-1,-1,-1,4,1
201336T130077,2,19,0,4,0,1,0,0,0,0,2,1,1,1,5,1248,2,2,1,1
201336T130078,1,5,0,18,0,0,0,0,0,0,4,1,1,1,8,749,1,1,6,3
201336T130079,1,9,0,9,0,8,0,0,0,0,3,1,6,1,6,1242,1,15,10,1
201336T130079,2,9,0,18,0,8,0,0,0,0,4,1,6,2,6,1598,2,2,3,1
201336T130080,1,1,0,18,0,0,0,0,0,0,0,1,2,1,7,-1,-1,-1,2,1
201336T130081,1,9,0,18,0,0,0,0,1,10,1,1,6,1,9,2198,1,12,10,1
201336T130082,1,9,0,18,0,0,0,0,0,0,3,1,6,1,8,1399,1,8,5,3
201336T130083,1,9,0,18,0,0,1,0,0,0,1,1,6,1,9,996,1,-1,4,1
201336T130084,1,5,0,18,0,0,0,0,0,0,1,1,6,1,5,749,1,6,7,3
201336T130084,2,9,0,3,0,0,0,0,0,0,2,1,6,1,7,1388,1,5,8,2
201336T130084,3,9,0,2,0,0,0,0,0,0,0,1,6,2,6,2902,2,13,7,3
201336T130085,1,2,0,18,0,0,2,0,0,0,4,1,1,2,4,49,1,3,6,2
201336T130086,1,5,0,17,0,0,0,0,1,0,1,1,6,1,7,1298,1,11,5,3
201336T130087,1,1,0,7,0,6,0,0,0,0,1,1,6,1,4,-1,-1,-1,5,2
201336T130087,2,9,0,16,0,8,0,0,0,0,1,1,6,2,10,1389,1,19,5,2
201336T130088,1,9,0,14,0,0,0,0,0,0,1,1,6,1,11,1390,1,12,8,1
201336T130088,2,9,0,4,0,0,0,0,0,0,1,1,6,1,8,1988,2,8,6,3
201336T130089,1,8,0,6,0,0,0,0,0,0,1,1,1,1,9,2402,2,8,1,1
201336T130089,2,1,0,18,0,0,0,0,0,0,3,1,6,1,7,-1,-1,-1,6,1
201336T130090,1,9,0,4,0,0,0,0,0,0,2,1,1,1,8,1796,1,10,-1,-1
201336T130090,2,9,0,4,0,0,0,0,0,0,2,1,1,2,6,1598,1,9,6,3
201336T130090,3,9,0,4,0,0,0,0,0,0,1,1,1,1,5,698,1,10,-1,-1
201336T130091,1,9,0,17,0,0,0,0,1,0,1,1,2,2,6,1198,1,3,4,1
201336T130092,1,19,0,18,0,0,0,0,1,2,1,1,1,1,8,1686,2,10,2,1
201336T130093,1,9,0,9,0,6,0,0,0,0,1,1,1,2,8,1600,1,14,7,3
201336T130093,2,9,0,18,0,8,0,0,0,0,4,1,6,1,6,1364,1,5,7,2
201336T130094,1,9,0,18,0,1,0,0,0,0,1,1,1,1,6,-1,-1,-1,9,3
201336T130094,2,9,0,18,0,1,0,0,0,0,2,1,6,1,5,1596,1,8,3,1
201336T130095,1,9,0,4,0,1,0,0,0,0,1,1,6,1,11,996,1,-1,7,1
201336T130095,2,9,0,4,0,1,0,0,0,0,2,1,6,1,8,1997,2,12,5,3
201336T130096,1,9,0,5,0,0,0,0,0,0,1,1,2,2,4,1360,1,5,2,1
201336T130096,2,1,0,3,0,0,0,0,0,0,2,1,2,1,7,-1,-1,-1,8,1
201336T130097,1,9,0,9,0,5,0,0,0,0,4,1,6,2,-1,-1,-1,-1,-1,-1
201336T130097,2,1,0,18,4,8,0,0,0,0,1,1,2,1,8,-1,-1,-1,8,3
201336T130098,1,3,0,16,0,8,1,0,0,0,1,1,1,1,4,124,1,4,3,2
201336T130100,1,19,0,10,0,1,0,0,0,0,2,1,1,1,8,-1,-1,-1,-1,-1
201336T130100,2,1,0,18,0,1,0,0,0,0,1,1,2,1,8,-1,-1,-1,9,2
201336T130101,1,1,0,18,0,8,0,0,0,0,1,1,4,1,4,-1,-1,-1,1,1
201336T130101,2,19,0,18,0,4,0,0,0,0,1,1,6,1,7,-1,-1,-1,-1,-1
201336T130102,1,5,0,18,0,0,2,0,0,0,4,1,6,1,8,999,1,2,1,1
201336T130103,1,9,0,17,0,0,5,0,1,4,4,1,2,1,7,1995,1,10,4,3
201336T130104,1,9,0,1,0,0,0,0,0,0,2,1,6,2,-1,1397,1,11,6,1
201336T130104,2,4,0,3,0,0,0,0,0,0,1,1,6,1,10,249,1,7,9,1
201336T130105,1,9,0,5,0,1,0,0,0,0,2,1,3,2,6,1598,1,10,5,1
201336T130105,2,9,0,5,0,1,0,0,0,0,1,1,1,2,7,1598,1,14,6,3
201336T130106,1,9,0,9,0,6,0,0,0,0,4,1,6,1,9,1242,1,2,10,3
201336T130106,2,1,0,18,0,8,0,0,0,0,1,1,6,1,2,-1,-1,-1,10,3
201336T130107,1,9,0,18,0,1,1,0,0,0,1,1,6,1,7,1360,1,10,8,1
201336T130107,2,9,0,4,0,1,0,0,0,0,2,1,6,2,6,1989,1,14,8,1
201336T130108,1,5,0,16,0,0,1,0,0,0,3,1,6,1,4,572,1,30,7,2
201336T130108,2,9,0,17,0,0,0,0,0,0,1,1,2,1,7,-1,-1,-1,8,1
201336T130109,1,9,0,1,0,1,0,0,0,0,2,1,6,1,8,1998,1,15,7,3
201336T130110,1,9,0,16,0,0,0,0,7,4,1,1,6,1,7,1910,2,8,-1,-1
201336T130111,1,3,0,5,0,0,0,10,0,0,1,1,6,1,5,-1,-1,-1,3,1
201336T130113,1,9,0,9,0,6,0,0,0,0,1,1,6,2,5,998,1,4,9,1
201336T130113,2,1,0,18,0,8,0,0,0,0,4,1,6,1,8,-1,-1,-1,6,1
201336T130114,1,9,0,18,0,1,0,0,0,0,1,1,6,1,7,1560,2,7,6,1
201336T130114,2,8,0,18,0,3,0,0,0,0,1,1,1,1,7,2148,2,4,7,3
201336T130115,1,8,0,4,0,1,0,0,0,0,1,1,1,1,7,1956,2,-1,2,1
201336T130115,2,9,0,3,0,1,0,0,0,0,2,1,2,2,9,2393,1,5,9,2
201336T130116,1,9,0,9,0,8,0,0,0,0,4,1,6,1,6,1589,1,17,9,3
201336T130116,2,9,0,18,0,8,0,0,0,0,1,1,1,2,9,1590,1,9,8,1
201336T130117,1,9,0,1,0,0,0,0,0,0,2,1,2,1,6,2993,2,9,2,1
201336T130118,1,3,0,18,0,0,5,0,0,0,1,1,6,1,6,125,1,4,4,3
201336T130119,1,9,0,4,0,0,1,0,0,0,1,1,6,1,10,1388,1,8,7,3
201336T130119,2,9,0,4,0,0,0,0,0,0,2,1,6,1,4,1560,2,1,5,1
201336T130120,1,9,0,16,0,0,1,10,7,9,1,1,6,2,9,1796,1,8,8,2
201336T130121,1,9,0,18,0,0,0,0,0,0,3,1,6,1,7,1598,1,12,9,1
201336T130122,1,9,0,4,0,1,0,0,0,0,2,1,1,2,8,1242,1,1,6,1
201336T130122,2,1,0,4,0,1,0,0,0,0,1,1,6,2,8,-1,-1,-1,6,1
201336T130123,1,9,0,9,0,6,0,0,0,0,1,1,1,2,6,1299,1,14,-1,-1
201336T130123,2,1,0,18,0,8,0,0,0,0,1,1,1,2,6,-1,-1,-1,3,1
201336T130124,1,8,0,18,0,3,0,0,0,0,1,1,1,1,6,1896,2,5,3,1
201336T130124,2,1,0,18,0,3,0,0,0,0,2,1,6,1,9,-1,-1,-1,9,1
201336T130125,1,19,0,5,0,0,0,0,0,0,3,1,6,1,8,1560,2,1,6,1
201336T130125,2,5,0,18,0,0,2,0,0,0,1,1,2,1,8,1084,1,14,3,1
201336T130126,1,9,0,18,0,0,1,0,1,4,1,1,6,2,5,1796,1,7,6,3
201336T130127,1,2,0,18,0,1,0,0,0,0,1,1,1,1,4,49,1,11,6,1
201336T130127,2,9,0,7,0,8,0,0,0,0,2,1,2,2,8,1339,1,9,9,1
201336T130128,1,9,0,17,0,0,1,0,7,4,3,1,6,2,5,1199,1,10,6,3
201336T130129,1,9,0,4,0,7,2,0,1,0,1,1,4,1,4,1242,1,13,5,2
201336T130130,1,9,0,1,9,1,0,0,0,0,2,1,2,2,7,1587,1,12,2,1
201336T130131,1,1,0,14,0,1,0,0,0,0,1,1,6,1,11,-1,-1,-1,10,1
201336T130132,1,3,0,4,0,0,2,0,0,0,1,1,6,1,4,108,1,-1,8,3
201336T130133,1,9,0,18,0,0,1,12,0,0,1,1,6,2,4,1199,1,13,7,3
201336T130134,1,19,0,18,0,0,0,0,4,6,1,1,1,1,7,2488,2,4,6,3
201336T130135,1,9,0,16,0,0,1,0,8,4,4,1,6,2,4,1149,1,8,-1,-1
201336T130137,1,20,0,18,0,0,2,0,1,0,1,1,1,1,9,8970,2,10,7,3
201336T130138,1,9,0,16,0,0,1,0,0,0,1,1,1,2,7,-1,-1,-1,9,1
201336T130138,2,9,0,17,0,0,0,0,0,0,1,1,1,2,9,1596,1,10,7,1
201336T130139,1,9,0,1,0,1,0,0,0,0,2,1,1,1,6,-1,-1,-1,-1,-1
201336T130140,1,9,0,4,0,1,0,0,0,0,3,1,1,1,7,-1,-1,-1,-1,-1
201336T130140,2,1,0,18,9,1,0,0,0,0,1,1,1,2,6,-1,-1,-1,10,1
201336T130141,1,9,0,4,0,1,0,0,0,0,2,1,6,2,6,1199,2,1,5,1
201336T130141,2,9,0,4,0,1,0,0,0,0,1,1,6,1,4,1299,1,11,7,1
201336T130141,3,9,0,4,0,1,0,0,0,0,1,1,6,1,-1,-1,-1,-1,-1,-1
201336T130141,4,9,0,4,0,1,0,0,0,0,2,1,6,1,-1,-1,-1,-1,-1,-1
201336T130142,1,5,0,18,0,0,5,0,1,2,2,1,6,1,4,748,1,4,9,2
201336T130143,1,9,0,9,0,6,0,0,0,0,3,1,6,1,4,999,1,13,8,2
201336T130143,2,9,0,18,0,8,0,0,0,0,1,1,6,1,8,1951,2,13,8,3
201336T130144,1,90,0,4,0,0,0,0,0,0,0,1,1,2,8,2987,2,4,7,3
201336T130145,1,4,0,18,0,0,5,0,0,0,1,1,6,1,10,499,1,16,4,3
201336T130146,1,9,0,18,0,0,0,0,0,0,2,1,6,3,-1,-1,-1,-1,-1,-1
201336T130146,2,1,0,18,0,0,0,0,0,0,1,1,2,2,4,-1,-1,-1,-1,-1
201336T130147,1,11,0,4,0,8,0,0,0,0,0,1,3,1,8,3972,2,17,8,1
201336T130148,1,9,0,18,0,0,0,0,0,0,1,1,1,1,5,1368,1,6,9,1
201336T130148,2,9,0,18,0,0,0,0,0,0,2,1,1,1,7,1468,1,4,10,1
201336T130149,1,11,0,17,0,0,0,0,0,0,0,1,1,1,10,5958,2,14,3,1
201336T130150,1,9,0,9,0,6,0,0,0,0,1,1,6,1,11,999,1,13,3,1
201336T130150,2,9,0,17,0,8,0,0,0,0,4,1,2,2,7,1596,1,10,9,1
201336T130151,1,2,0,18,0,0,0,4,0,0,1,1,6,1,4,49,1,8,1,1
201336T130152,1,2,0,18,0,0,2,0,0,0,1,1,6,1,4,49,1,2,7,3
201336T130152,2,9,0,18,0,0,0,0,0,0,1,1,6,1,11,1598,1,5,5,3
201336T130153,1,9,0,17,0,0,5,0,2,10,4,1,6,2,6,1598,1,6,6,3
201336T130154,1,9,0,16,0,0,0,0,0,0,1,1,1,1,7,-1,-1,-1,7,1
201336T130154,2,9,0,17,0,0,0,0,0,0,1,1,6,1,10,2179,2,2,4,1
201336T130155,1,9,0,18,0,0,0,11,0,0,1,1,6,2,7,1596,1,12,4,3
201336T130156,1,9,0,18,0,0,0,0,0,0,1,1,6,1,11,1242,1,9,8,2
201336T130156,2,9,0,3,0,0,0,0,0,0,2,1,6,2,8,1598,1,7,6,1
201336T130157,1,9,0,4,0,1,0,0,0,0,1,1,6,1,8,1997,2,10,7,1
201336T130157,2,9,0,8,0,1,0,0,0,0,2,1,2,2,4,1242,1,15,8,2
201336T130158,1,2,0,11,0,4,0,0,0,0,4,1,1,1,6,49,1,-1,7,1
201336T130158,2,9,0,18,0,4,0,0,0,0,3,1,1,1,7,1686,2,1,4,1
201336T130159,1,9,0,18,0,2,0,0,0,0,1,1,1,2,5,1124,1,11,2,1
201336T130159,2,1,0,18,0,2,0,0,0,0,3,1,1,1,7,-1,-1,-1,10,1
201336T130160,1,2,0,18,0,0,0,0,0,0,1,1,6,1,4,49,1,-1,5,3
201336T130160,2,3,0,18,0,0,0,0,0,0,1,1,6,1,7,124,1,20,4,2
201336T130161,1,9,0,18,0,0,1,0,7,4,1,1,1,1,5,2324,1,13,-1,-1
201336T130162,1,5,0,16,0,0,0,12,0,0,1,1,6,1,8,1286,1,31,3,1
201336T130163,1,11,0,18,2,0,0,0,0,0,4,1,1,1,8,8268,2,10,5,1
201336T130164,1,9,0,17,0,1,1,0,0,0,1,1,3,2,4,1299,1,15,9,2
201336T130164,2,9,0,16,0,1,1,0,0,0,1,1,2,2,7,1560,2,2,-1,-1
201336T130165,1,5,0,4,0,8,0,0,0,0,1,1,6,1,9,-1,-1,-1,8,1
201336T130166,1,19,0,16,0,0,2,10,1,4,3,1,1,2,6,1248,2,5,7,3
201336T130167,1,9,0,18,0,8,0,0,0,0,3,1,1,2,6,1749,1,8,4,1
201336T130167,2,9,0,7,0,3,0,0,0,0,4,1,6,1,8,1998,1,19,6,1
201336T130168,1,5,0,7,0,6,2,10,0,0,4,1,6,2,8,599,1,11,7,2
201336T130169,1,9,0,18,0,1,0,0,0,0,1,1,2,2,7,999,1,12,3,1
201336T130170,1,9,0,16,0,0,2,10,1,9,1,1,2,1,7,1118,1,24,7,1
201336T130171,1,2,0,18,0,0,0,0,0,0,1,1,6,1,4,49,1,1,1,1
201336T130171,2,19,0,18,0,0,0,0,0,0,2,1,6,1,6,1298,1,9,3,1
201336T130172,1,9,0,18,0,1,1,0,0,0,1,1,6,2,11,1598,1,8,10,1
201336T130172,2,9,0,3,0,1,0,0,0,0,2,1,6,1,6,1896,2,15,9,1
201336T130172,3,19,0,3,0,1,0,0,0,0,2,1,6,1,8,2198,2,-1,4,3
201336T130173,1,9,0,17,0,0,1,0,1,4,1,1,6,1,6,1998,1,9,7,3
201336T130174,1,3,0,4,0,0,1,0,0,0,3,1,2,1,4,125,1,2,7,3
201336T130175,1,9,0,16,0,0,2,0,1,10,4,1,6,1,4,1242,1,12,8,3
201336T130176,1,9,0,18,0,8,0,0,0,0,1,1,6,1,7,1910,2,3,7,3
201336T130176,2,9,0,18,0,8,0,0,0,0,2,1,6,1,7,1086,1,4,9,1
201336T130177,1,11,0,4,0,8,0,0,0,0,0,1,1,1,7,-1,-1,-1,-1,-1
201336T130178,1,5,0,13,0,0,1,0,0,0,4,1,6,1,6,675,1,1,-1,-1
201336T130179,1,9,0,4,0,0,0,0,0,0,1,1,2,2,8,1360,1,12,3,1
201336T130179,2,9,0,4,0,0,0,0,0,0,2,1,2,2,7,1900,2,9,9,3
201336T130180,1,90,0,7,0,6,0,0,0,0,1,1,1,1,7,-1,-1,-1,6,1
201336T130180,2,2,0,9,0,5,0,0,0,0,1,1,1,1,8,-1,-1,-1,7,2
201336T130181,1,9,0,9,0,8,0,0,0,0,4,1,6,2,6,1198,1,3,3,1
201336T130181,2,2,0,4,9,8,0,0,0,0,1,1,6,1,5,108,1,-1,7,1
201336T130182,1,1,0,18,0,0,0,8,0,0,1,1,6,1,6,-1,-1,-1,5,1
201336T130182,2,9,0,2,0,0,0,0,0,0,2,1,6,2,6,1995,2,1,5,1
201336T130183,1,9,0,9,0,5,0,0,0,0,1,1,1,1,8,1997,2,10,-1,-1
201336T130183,2,1,0,18,4,8,5,0,0,0,3,1,1,1,6,-1,-1,-1,-1,-1
201336T130184,1,9,0,17,0,0,1,0,1,4,1,1,6,1,7,1796,1,13,1,1
201336T130185,1,9,0,17,0,0,0,0,2,4,1,1,6,1,8,1596,1,9,8,3
201336T130186,1,8,0,18,0,1,0,0,0,0,4,1,1,1,6,1995,2,7,3,1
201336T130187,1,9,0,18,0,0,0,0,1,0,1,1,1,1,8,2993,2,2,-1,-1
201336T130187,2,9,0,4,0,0,0,0,1,0,2,1,1,1,7,1332,1,5,4,2
201336T130187,3,9,0,4,0,0,0,0,0,0,2,1,1,2,6,1956,2,3,-1,-1
201336T130187,4,9,0,3,0,0,0,0,0,0,0,1,1,1,5,-1,-1,-1,3,1
201336T130188,1,9,0,18,0,0,0,0,0,0,1,1,6,2,6,1388,1,11,4,3
201336T130188,2,9,0,4,0,0,0,0,0,0,2,1,6,1,7,995,1,-1,-1,-1
201336T130189,1,9,0,4,0,0,0,0,0,0,1,1,6,2,9,1599,1,9,9,1
201336T130189,2,9,0,3,0,0,0,0,0,0,2,1,1,2,6,1598,1,4,-1,-1
201336T130190,1,2,0,18,0,0,0,0,0,0,1,1,6,1,4,49,1,1,10,1
201336T130190,2,9,0,18,0,0,0,0,0,0,2,1,6,1,7,2143,2,1,8,1
201336T130191,1,2,0,18,0,0,2,0,1,0,1,1,6,1,5,124,1,5,7,2
201336T130192,1,5,0,18,0,0,1,0,0,0,1,1,6,1,6,600,1,16,6,1
201336T130192,2,9,0,18,0,0,0,0,0,0,1,1,2,1,8,2497,1,3,7,3
201336T130193,1,9,0,9,0,8,0,0,0,0,1,1,6,2,6,3456,8,3,5,1
201336T130193,2,8,0,18,0,8,0,0,0,0,2,1,6,1,8,-1,-1,-1,-1,-1
201336T130194,1,9,0,18,0,0,1,0,1,4,1,1,6,1,9,3996,1,13,4,1
201336T130195,1,9,0,1,0,0,0,0,1,10,2,1,6,1,11,1590,1,17,9,3
201336T130196,1,9,0,5,0,4,0,0,0,0,3,1,6,2,9,1598,1,-1,6,3
201336T130196,2,1,0,18,0,8,0,0,0,0,1,1,2,1,7,-1,-1,-1,1,1
201336T130197,1,9,0,9,0,5,0,0,0,0,4,1,6,1,8,1590,1,19,-1,-1
201336T130197,2,9,0,18,0,8,0,0,0,0,1,1,6,1,5,1910,2,8,-1,-1
201336T130198,1,9,0,5,0,6,0,0,0,0,1,1,6,1,-1,-1,-1,-1,-1,-1
201336T130198,2,1,0,18,0,8,0,0,0,0,4,1,1,2,-1,-1,-1,-1,4,1
201336T130199,1,9,0,9,0,6,0,0,0,0,1,1,6,3,-1,-1,-1,-1,-1,-1
201336T130200,1,9,0,9,0,5,1,10,0,0,1,1,6,3,-1,1598,1,10,-1,-1
201336T130200,2,8,0,4,0,8,0,0,0,0,3,1,1,1,10,2496,2,16,2,1
201336T130201,1,3,0,4,0,8,1,0,0,0,4,1,6,2,4,108,1,-1,8,3
201336T130202,1,9,0,18,0,8,1,0,1,4,1,1,1,1,8,1596,1,3,5,1
201336T130203,1,4,0,16,0,3,1,0,0,0,1,1,6,1,5,125,1,14,3,1
201336T130204,1,3,0,4,0,0,1,0,0,0,1,1,2,2,4,125,1,4,5,3
201336T130206,1,9,0,18,0,0,2,0,1,0,1,1,2,2,9,-1,-1,-1,5,1
201336T130207,1,19,0,9,0,8,0,0,0,0,1,1,1,1,7,1997,2,5,2,1
201336T130207,2,9,0,7,0,8,0,0,0,0,2,1,6,2,10,2495,1,11,6,1
201336T130208,1,19,0,6,0,0,0,0,0,0,1,1,1,1,5,2402,2,3,-1,-1
201336T130208,2,9,0,18,0,0,0,0,0,0,1,1,6,1,7,1666,1,12,10,3
201336T130209,1,9,0,9,0,8,0,0,0,0,1,1,6,2,8,1199,1,9,3,1
201336T130209,2,9,0,5,0,8,0,0,0,0,1,1,6,2,9,999,1,15,3,1
201336T130210,1,9,0,17,0,0,2,0,1,9,2,1,2,1,6,1360,1,11,6,3
201336T130211,1,5,0,9,0,8,2,0,0,0,4,1,6,1,7,1157,1,17,3,1
201336T130212,1,1,0,18,0,0,1,0,0,0,1,1,6,1,7,-1,-1,-1,9,1
201336T130213,1,9,0,18,0,0,1,0,7,4,1,1,2,1,6,1998,1,10,5,3
201336T130214,1,8,0,16,0,2,0,0,0,0,1,1,1,1,6,1910,2,5,4,1
201336T130214,2,1,0,16,0,2,0,0,0,0,2,1,6,2,8,-1,-1,-1,5,1
201336T130215,1,9,0,9,0,6,0,0,0,0,3,1,6,1,7,1598,2,-1,8,3
201336T130215,2,9,0,18,0,8,0,0,0,0,1,1,6,2,7,2000,1,8,2,1
201336T130216,1,9,0,18,0,0,0,0,1,4,1,1,6,1,10,1598,1,2,4,1
201336T130217,1,9,0,18,0,8,0,0,0,0,1,1,6,2,5,1248,2,7,10,1
201336T130217,2,9,0,9,0,8,0,0,0,0,1,1,6,1,4,1149,1,11,7,1
201336T130218,1,9,0,16,0,0,5,0,7,0,4,1,2,2,5,1199,1,10,10,1
201336T130219,1,9,0,18,0,0,0,0,0,0,1,1,2,2,5,1388,1,8,6,1
201336T130219,2,9,0,18,0,0,0,0,0,0,2,1,2,2,4,-1,-1,-1,-1,-1
201336T130220,1,9,0,18,0,0,0,0,0,0,1,1,2,1,5,1390,1,10,6,3
201336T130220,2,9,0,4,0,0,0,0,0,0,2,1,2,1,6,1124,1,16,4,2