Accident_Index,Vehicle_Reference,Vehicle_Type,Towing_and_Articulation,Vehicle_Manoeuvre,Vehicle_Location-Restricted_Lane,Junction_Location,Skidding_and_Overturning,Hit_Object_in_Carriageway,Vehicle_Leaving_Carriageway,Hit_Object_off_Carriageway,1st_Point_of_Impact,Was_Vehicle_Left_Hand_Drive?,Journey_Purpose_of_Driver,Sex_of_Driver,Age_Band_of_Driver,Engine_Capacity_(CC),Propulsion_Code,Age_of_Vehicle,Driver_IMD_Decile,Driver_Home_Area_Type
201337EA69552,2,1,0,18,9,1,0,0,0,0,1,1,2,1,6,-1,-1,-1,3,1
201337EA69553,1,17,5,18,0,0,0,0,0,0,3,1,1,3,7,-1,-1,-1,-1,-1
201337EA69553,2,9,0,18,0,0,0,0,0,0,3,1,6,1,10,1242,1,5,5,2
201337EA69554,1,9,0,18,0,0,1,0,1,0,1,1,6,2,7,1910,2,8,8,2
201337EA69554,2,20,0,18,0,0,0,0,0,0,1,1,1,1,8,2998,2,2,5,2
201337EA69556,1,1,0,18,0,6,0,0,0,0,1,1,6,2,3,-1,-1,-1,3,1
201337EA69556,2,9,0,18,0,8,0,0,0,0,4,1,6,1,7,2776,2,9,4,1
201337EA69557,1,9,0,18,0,8,0,0,0,0,1,1,6,1,8,1995,2,3,-1,-1
201337EA69557,2,9,0,10,0,1,0,0,0,0,1,1,2,2,6,1388,1,1,4,1
201337EA69558,1,9,0,18,0,4,0,0,0,0,1,1,6,1,9,1796,1,6,8,2
201337EA69558,2,3,0,18,0,3,0,0,0,0,4,1,6,1,8,125,1,8,7,3
201337EA69559,1,9,0,17,0,0,0,0,1,4,1,1,6,2,7,1422,2,3,8,3
201337EA69560,1,9,0,17,0,8,0,0,0,0,1,1,6,1,10,1242,1,6,9,3
201337EA69561,1,2,0,4,0,1,0,0,0,0,0,1,6,2,5,49,1,4,5,1
201337EA69564,1,9,0,13,0,0,0,0,0,0,1,1,6,1,6,1753,2,20,6,3
201337EA69564,2,9,0,18,0,0,0,0,0,0,1,1,6,1,7,1988,1,13,6,3
201337EA69564,3,17,4,18,0,0,0,0,0,0,0,1,1,1,7,-1,2,8,5,3
201337EA69566,1,10,0,4,0,0,0,0,1,1,1,1,6,2,7,-1,-1,-1,5,1
201337EA69570,1,9,0,16,0,0,2,0,0,0,1,1,1,1,7,-1,-1,-1,9,1
201337EA69570,2,9,0,16,0,0,0,0,0,0,2,1,1,1,6,-1,-1,-1,-1,-1
201337EA69572,1,9,0,3,0,0,0,0,0,0,1,1,6,2,7,1598,2,3,9,2
201337EA69572,2,9,0,4,0,0,0,0,0,0,2,1,6,2,6,2400,2,4,8,1
201337EA69574,1,9,0,9,0,1,0,0,0,0,4,1,6,1,7,1956,2,4,9,1
201337EA69574,2,2,0,18,0,1,1,0,0,0,1,1,2,1,4,49,1,10,4,1
201337EA69575,1,9,0,18,0,0,2,0,0,0,0,1,2,2,5,998,1,14,4,1
201337EA69616,1,9,0,18,0,4,0,0,0,0,1,1,6,1,-1,-1,-1,-1,-1,-1
201337EA69616,2,8,0,18,0,8,0,0,0,0,4,1,1,1,6,1968,2,6,4,1
201337EA69618,1,9,0,18,0,1,0,0,1,10,1,1,6,2,9,1799,1,17,9,1
201337EA69618,2,21,1,2,0,8,0,0,0,0,2,1,1,1,5,12777,2,3,2,1
201337EA69671,1,9,0,18,0,1,0,0,0,0,1,1,6,2,6,1390,1,11,5,3
201337EA69677,1,9,0,9,0,1,0,0,0,0,0,1,1,2,6,1560,2,7,7,1
201337EA69677,2,2,0,14,0,8,1,0,0,0,4,1,6,1,4,49,1,5,3,1
201337EA69683,1,9,0,3,0,8,0,0,0,0,1,1,6,1,8,1896,1,16,5,3
201337EA69683,2,9,0,5,0,8,0,0,0,0,2,1,6,1,8,1896,2,10,5,2
201337EA69699,1,9,0,16,0,8,2,0,0,0,0,1,6,2,8,1299,1,13,6,3
201337EA69716,1,9,0,18,0,3,0,9,3,10,1,1,6,2,4,1598,1,3,4,3
201337EA69720,1,9,0,18,0,0,5,0,0,0,1,1,6,2,8,1299,1,8,9,1
201337EA69720,2,9,0,2,0,0,0,0,0,0,2,1,6,1,7,1360,1,10,2,1
201337EA69722,1,9,0,9,0,0,0,0,0,0,1,1,6,2,8,1490,1,7,2,1
201337EA69722,2,9,0,18,0,0,0,0,0,0,1,1,6,1,10,-1,-1,-1,7,3
201337EA69723,1,9,0,4,0,0,0,0,0,0,1,1,1,1,7,1896,2,12,10,1
201337EA69723,2,9,0,3,0,0,0,0,0,0,2,1,1,2,9,1348,1,11,5,1
201337EA69723,3,9,0,3,0,0,0,0,0,0,2,1,1,1,7,1390,1,17,10,1
201337EA69724,1,9,0,9,0,4,0,0,0,0,1,1,2,1,6,1868,2,11,9,1
201337EA69724,2,1,0,18,0,8,0,0,0,0,4,1,6,2,7,-1,-1,-1,3,1
201337EA69725,1,9,0,15,0,8,0,0,0,0,3,1,6,1,8,1598,1,9,3,1
201337EA69725,2,5,0,7,0,5,0,0,0,0,4,1,6,1,8,1600,1,2,-1,-1
201337EA69727,1,11,0,9,0,2,0,0,0,0,3,1,1,1,8,5900,2,13,3,1
201337EA69728,1,9,0,13,0,0,0,0,0,0,0,1,6,3,7,-1,-1,-1,-1,-1
201337EA69728,2,9,0,18,0,0,1,0,1,4,1,1,6,1,5,998,1,11,7,3
201337EA69751,1,8,0,9,0,1,0,0,0,0,3,1,1,1,8,1995,2,9,3,1
201337EA69751,2,1,0,18,0,1,0,0,0,0,1,1,2,1,5,-1,-1,-1,4,1
201337EA69752,1,9,0,10,0,1,0,0,0,0,1,1,6,2,8,1198,1,11,7,2
201337EA69752,2,9,0,18,0,8,0,0,0,0,3,1,6,2,11,1348,1,11,7,1
201337EA69777,1,9,0,3,0,0,0,0,0,0,1,1,2,2,7,1360,1,12,5,3
201337EA69777,2,9,0,4,0,0,0,0,0,0,2,1,2,2,7,1995,2,3,5,2
201337EA69779,1,3,0,18,0,6,1,0,0,0,1,1,1,1,7,125,1,1,5,1
201337EA69779,2,9,0,4,0,1,0,0,0,0,1,1,6,1,10,1596,1,8,8,1
201337EA69782,1,9,0,7,0,1,0,0,0,0,4,1,6,2,-1,-1,-1,-1,-1,-1
201337EA69783,1,1,0,7,0,1,0,0,0,0,4,1,6,1,4,-1,-1,-1,6,1
201337EA69783,2,9,0,18,0,1,0,0,0,0,4,1,6,2,5,1397,1,4,9,1
201337EA69784,1,9,0,5,0,4,0,0,0,0,3,1,6,2,6,999,1,13,5,1
201337EA69784,2,1,0,5,0,3,0,0,0,0,1,1,2,1,6,-1,-1,-1,6,1
201337EA69786,1,9,0,9,9,1,1,0,7,10,4,1,1,1,6,2685,2,9,5,3
201337EA69786,2,19,0,17,0,8,1,0,0,0,4,1,1,1,6,2461,2,8,6,3
201337EA69787,1,9,0,18,0,0,2,0,7,0,2,1,2,2,8,1299,1,11,3,1
201337EA69787,2,9,0,18,0,0,0,0,1,0,1,1,6,1,5,998,1,5,6,1
201337EA69788,1,9,0,18,0,8,0,0,1,0,1,1,1,2,5,1968,2,5,3,1
201337EA69788,2,19,0,6,0,5,0,0,1,9,4,1,1,1,7,2460,2,4,5,2
201337EA69789,1,19,0,4,0,0,0,0,0,0,4,1,3,1,8,1995,2,6,7,3
201337EA69790,1,9,0,1,0,0,0,0,0,0,2,1,6,2,-1,-1,-1,-1,-1,-1
201337EA69811,1,9,0,9,0,8,0,0,0,0,1,1,6,1,10,1791,8,2,10,1
201337EA69811,2,9,0,17,0,8,0,0,0,0,3,1,6,1,6,1997,2,9,9,1
201337EA69812,1,9,0,6,0,0,0,0,0,0,3,1,6,2,8,1242,1,5,9,2
201337EA69812,2,5,0,13,0,0,0,0,0,0,1,1,6,1,4,398,1,23,1,1
201337EA69813,1,9,0,4,0,8,0,0,0,0,1,1,2,1,6,1242,1,15,3,1
201337EA69813,2,9,0,4,0,8,0,0,0,0,2,1,2,2,8,1997,2,8,10,2
201337EA69814,1,9,0,17,0,2,1,0,2,4,1,1,1,1,7,1598,1,14,6,3
201337EA69815,1,9,0,17,0,0,1,0,1,1,3,1,6,1,4,1149,1,16,6,1
201337EA69817,1,9,0,18,0,0,0,0,0,0,1,1,6,1,9,1968,2,7,5,2
201337EA69818,1,9,0,9,0,6,0,0,0,0,3,1,1,2,4,-1,-1,-1,8,1
201337EA69818,2,21,1,18,0,8,0,0,0,0,1,1,1,1,8,11967,2,2,6,2
201337EA69819,1,9,0,18,0,0,0,0,0,0,1,1,6,1,5,1595,1,16,1,1
201337EA69819,2,9,0,18,0,0,0,0,0,0,2,1,6,2,7,1598,1,5,9,2
201337EA69820,1,9,0,18,0,0,0,0,0,0,1,1,1,1,10,1944,2,11,3,1
201337EA69820,2,9,0,4,0,0,0,0,0,0,2,1,6,2,8,1794,1,10,6,1
201337EA69822,1,90,0,12,0,0,5,0,1,7,4,1,1,1,4,-1,-1,-1,7,3
201337EA69823,1,9,0,18,0,4,0,7,0,0,1,1,6,1,9,1598,1,1,5,1
201337EA69823,2,9,0,3,0,1,0,0,0,0,3,1,1,1,9,-1,-1,-1,6,1
201337EA69823,3,9,0,4,0,1,0,0,0,0,1,1,6,1,6,1998,7,9,7,1
201337EA69824,1,9,0,18,0,1,0,0,0,0,1,1,2,1,7,-1,-1,-1,6,1
201337EA69824,2,9,0,10,0,8,0,0,0,0,2,1,6,2,5,1242,1,1,-1,-1
201337EA69825,1,9,0,18,0,8,2,0,1,1,2,1,1,1,7,1896,2,9,7,3
201337EA69827,1,9,0,18,0,0,0,0,0,0,1,1,2,1,8,-1,-1,-1,8,3
201337EA69827,2,17,4,18,0,0,0,0,0,0,2,1,1,1,7,-1,2,4,8,2
201337EA69828,1,20,0,9,0,5,0,0,6,4,4,1,1,1,9,4580,2,3,8,3
201337EA69828,2,19,0,18,0,1,0,0,0,0,3,1,1,1,5,2198,2,3,5,3
201337EA69829,1,9,0,9,0,1,0,0,0,0,3,1,6,2,6,-1,-1,-1,9,2
201337EA69829,2,9,0,18,0,1,0,0,0,0,3,1,6,1,10,1988,2,5,7,3
201337EA69830,1,9,0,9,0,2,0,0,1,10,1,1,6,1,4,1781,1,13,-1,-1
201337EA69830,2,9,0,7,0,1,0,0,0,0,1,1,1,2,5,1242,1,1,7,1
201337EA69848,1,9,0,18,0,0,0,0,0,0,4,1,6,2,5,1397,1,13,6,1
201337EA69849,1,5,0,18,0,1,0,10,0,0,1,1,6,1,8,1064,1,16,1,1
201337EA69849,2,9,0,2,0,2,0,0,0,0,3,1,6,3,7,998,1,13,-1,-1
201337EA69849,3,9,0,2,0,2,0,0,0,0,4,1,6,3,7,-1,-1,-1,-1,-1
201337EA69850,1,19,0,17,0,0,0,0,0,0,3,1,2,1,5,-1,-1,-1,6,2
201337EA69850,2,11,0,16,0,0,0,0,0,0,3,1,1,1,10,9000,2,8,-1,-1
201337EA69851,1,9,0,18,0,4,0,9,3,10,1,1,2,1,8,-1,-1,-1,3,1
201337EA69852,1,9,0,17,0,0,1,0,0,0,1,1,1,2,5,1997,2,11,4,1
201337EA69852,2,9,0,18,0,0,0,0,0,0,1,1,1,1,7,-1,-1,-1,8,3
201337EA69853,1,9,0,17,0,0,5,0,2,4,4,1,2,1,6,1796,1,11,5,2
201337EA69882,1,9,0,17,0,0,1,0,1,2,1,1,2,1,5,1896,2,7,6,1
201337EA69891,1,9,0,9,0,2,0,0,1,0,1,1,2,1,5,1360,1,7,6,3
201337EA69891,2,9,0,18,0,1,0,0,1,0,3,1,6,1,10,1386,1,7,8,1
201337EA69902,1,9,0,18,0,1,0,0,0,0,1,1,6,2,7,1299,1,5,6,1
201337EA69902,2,9,0,18,0,1,0,0,0,0,4,1,6,2,10,1896,2,5,6,3
201337EA69907,1,19,0,18,0,0,0,0,0,0,1,1,1,1,9,2198,2,5,6,1
201337EA69907,2,9,0,18,0,0,0,0,0,0,1,1,6,1,10,-1,-1,-1,10,2
201337EA69914,1,3,0,18,0,2,1,0,0,0,1,1,1,1,7,124,1,9,3,1
201337EA69914,2,9,0,3,0,2,0,0,0,0,2,1,1,1,7,1998,2,11,6,3
201337EA69926,1,9,0,13,0,1,1,0,0,0,1,1,6,1,9,1905,2,18,5,3
201337EA69926,2,17,0,9,0,1,0,0,0,0,2,1,1,1,6,6788,2,2,6,3
201337EA69928,1,9,0,5,0,4,0,0,0,0,1,1,2,1,7,1598,1,11,10,1
201337EA69928,2,9,0,3,0,4,0,0,0,0,2,1,6,1,7,1998,1,3,8,1
201337EA69929,1,9,0,9,0,5,0,0,0,0,4,1,2,1,6,-1,-1,-1,9,1
201337EA69929,2,1,0,10,0,8,0,0,0,0,4,1,2,1,5,-1,-1,-1,6,2
201337EA69930,1,9,0,16,0,0,1,0,1,9,1,1,2,2,5,1199,1,11,7,3
201337EA69932,1,9,0,17,0,0,1,0,1,10,4,1,2,2,6,1834,1,13,7,3
201337EA69949,1,9,0,5,0,2,0,0,0,0,3,1,1,1,9,2926,2,12,8,1
201337EA69949,2,1,0,18,0,8,0,0,0,0,4,1,6,2,9,-1,-1,-1,8,1
201337EA69950,1,9,0,18,0,4,0,0,0,0,1,1,2,2,6,1910,2,9,7,3
201337EA69950,2,9,0,18,0,4,0,0,0,0,2,1,2,2,6,1986,2,8,9,2
201337EA69952,1,9,0,9,0,8,0,0,0,0,4,1,6,1,8,1956,2,1,9,1
201337EA69952,2,9,0,18,0,8,0,0,0,0,1,1,6,2,6,1242,1,10,5,1
201337EA69953,1,9,0,18,0,0,1,0,5,6,2,1,6,1,5,1599,1,11,4,1
201337EA69959,1,9,0,18,0,0,0,0,0,0,1,1,1,1,6,2953,1,3,9,1
201337EA69960,1,9,0,9,0,8,0,0,0,0,1,1,6,1,6,1998,1,11,9,1
201337EA69960,2,9,0,18,0,8,0,0,0,0,1,1,6,2,6,1397,1,11,9,1
201337EA69968,1,9,0,17,0,0,1,0,2,4,3,1,1,1,4,1149,1,7,9,3
201337EA69969,1,3,0,4,0,0,0,0,0,0,1,1,1,1,6,124,1,5,-1,-1
201337EA69969,2,9,0,4,0,0,0,0,0,0,2,1,1,1,7,3200,1,8,8,1
201337EA69971,1,9,0,18,0,0,0,0,0,0,1,1,6,2,7,-1,-1,-1,-1,-1
201337EA69989,1,9,0,18,0,5,0,0,0,0,1,1,6,3,-1,-1,-1,-1,-1,-1
201337EA69989,2,90,0,18,0,6,5,0,0,0,4,1,6,1,11,-1,-1,-1,3,1
201337EA69991,1,9,4,18,0,0,5,0,1,10,1,1,2,1,8,-1,-1,-1,6,3
201337EA69996,1,9,0,18,0,1,0,0,1,3,1,1,6,2,6,1360,1,10,-1,-1
201337EA69996,2,9,0,18,0,1,0,0,0,0,0,1,6,3,-1,-1,-1,-1,-1,-1
201337EA69997,1,9,0,10,0,2,0,0,0,0,3,1,6,1,6,1800,1,15,7,3
201337EA69997,2,9,0,18,0,1,0,0,0,0,1,1,6,2,8,1299,1,12,9,1
201337EA70015,1,9,0,17,0,0,0,0,0,0,1,1,6,2,11,1400,1,6,6,3
201337EA70015,2,21,0,16,0,0,0,0,0,0,1,1,1,1,9,5900,2,6,7,2
201337EA70019,1,9,0,18,0,0,0,0,0,0,1,1,6,1,9,1796,1,12,-1,-1
201337EA70046,1,3,0,18,0,2,0,0,0,0,1,1,2,1,5,124,1,1,3,1
201337EA70046,2,9,0,10,0,2,0,0,0,0,2,1,2,1,8,1598,1,9,-1,-1
201337EA70047,1,9,0,3,0,1,0,0,0,0,3,1,6,2,5,1398,1,3,9,3
201337EA70047,2,5,0,18,0,2,0,0,0,0,1,1,2,1,5,1157,1,16,10,1
201337EA70049,1,1,0,18,0,0,0,0,0,0,1,1,2,1,9,-1,-1,-1,6,1
201337EA70049,2,9,0,2,9,0,0,0,0,0,2,1,6,2,-1,1229,1,3,-1,-1
201337EA70050,1,9,0,9,0,6,0,0,0,0,1,1,1,2,7,1248,2,1,5,2
201337EA70050,2,9,0,18,0,1,0,0,0,0,4,1,6,1,6,2170,2,8,3,1
201337EA70051,1,90,0,5,0,6,2,0,1,0,2,1,6,1,7,-1,-1,-1,7,3
201337EA70051,2,9,0,16,0,8,1,0,0,0,1,1,6,1,6,-1,-1,-1,9,3
201337EA70054,1,9,0,18,0,0,2,0,1,0,1,1,6,2,6,2198,1,12,6,1
201337EA70062,1,9,0,18,0,0,1,0,0,7,1,1,1,1,6,1781,1,18,7,3
201337EA70062,2,9,0,18,0,0,0,0,0,0,1,1,6,1,7,1995,2,7,5,3
201337EA70072,1,9,0,13,0,0,1,0,5,6,1,1,1,2,6,2926,2,10,9,1
201337EA70072,2,9,0,18,0,0,0,0,0,0,1,1,1,2,7,1388,1,9,-1,-1
201337EA70077,1,19,0,18,0,1,0,0,0,0,1,1,1,1,6,1968,2,4,7,3
201337EA70077,2,9,0,4,0,1,0,0,0,0,2,1,6,1,8,-1,-1,-1,7,1
201337EA70077,3,19,0,3,0,1,0,0,0,0,2,1,1,1,8,1248,2,5,9,1
201337EA70081,1,90,0,16,0,0,1,0,7,10,1,1,6,1,6,-1,-1,-1,-1,-1
201337EA70083,1,9,0,17,0,0,2,0,1,4,4,1,1,1,5,1229,1,2,4,2
201337EA70088,1,8,0,2,0,1,0,0,0,0,0,1,1,1,7,-1,-1,-1,3,1
201337EA70088,2,8,0,14,0,1,0,0,0,0,1,1,1,1,8,1791,8,2,8,1
201337EA70094,1,8,0,17,0,0,1,0,1,10,3,1,1,1,9,1797,8,4,4,1
201337EA70094,2,9,4,16,0,0,1,0,0,0,3,1,1,1,8,2495,2,10,7,3
201337EA70104,1,9,0,17,0,0,1,0,7,0,4,1,1,2,5,1299,1,5,4,1
201337EA70104,2,9,0,16,0,0,1,0,1,9,1,1,1,1,9,-1,-1,-1,10,3
201337EA70111,1,19,0,18,0,0,0,0,0,0,1,1,6,1,7,1997,2,7,7,1
201337EA70111,2,9,0,4,0,0,0,0,0,0,2,1,2,2,5,1995,1,12,6,2
201337EA70111,3,9,0,4,0,0,0,0,0,0,2,1,2,1,5,973,1,13,6,2
201337EA70111,4,9,0,3,0,0,0,0,0,0,2,1,2,1,7,1598,1,12,6,1
201337EA70122,1,19,0,17,0,0,1,0,7,9,1,1,1,1,5,2151,2,11,6,2
201337EA70133,1,9,0,18,0,0,0,0,7,4,1,1,6,1,11,1582,2,3,8,2
201337EA70135,1,1,0,18,5,1,0,10,7,0,0,1,2,1,6,-1,-1,-1,9,1
201337EA70136,1,9,0,18,0,1,0,0,0,0,1,1,6,1,6,1390,1,12,8,1
201337EA70136,2,9,0,9,0,1,0,0,0,0,1,1,6,1,10,1796,1,11,1,1
201337EA70138,1,9,0,8,0,6,0,0,0,0,4,1,3,2,7,1968,2,3,6,1
201337EA70138,2,1,0,18,9,1,0,0,0,0,1,1,2,1,7,-1,-1,-1,5,1
201337EA70163,1,9,0,9,0,8,0,0,0,0,0,1,1,2,4,1360,1,9,9,1
201337EA70163,2,3,0,18,0,1,1,0,0,0,0,1,6,1,4,124,1,1,9,1
201337EA70164,1,9,0,18,0,0,1,0,1,4,1,1,6,2,7,1986,1,-1,8,3
201337EA70166,1,9,0,16,0,0,2,0,1,1,1,1,6,2,6,1229,1,4,8,1
201337EA70167,1,9,0,18,0,0,1,0,4,6,1,1,6,2,9,1995,2,9,10,1
201337EA70169,1,9,0,18,0,0,2,0,1,4,1,1,6,1,5,1149,1,10,6,3
201337EA70173,1,9,0,14,0,0,0,0,0,0,1,1,1,2,5,1900,2,6,-1,-1
201337EA70173,2,9,0,18,0,0,1,0,0,0,1,1,1,2,5,1896,2,9,8,2
201337EA70182,1,9,0,8,0,1,0,10,3,1,1,1,6,1,8,1598,1,17,7,1
201337EA70184,1,9,0,4,0,1,0,0,0,0,2,1,3,2,7,2435,1,6,8,3
201337EA70184,2,9,0,18,0,1,0,0,0,0,1,1,6,1,5,1596,1,10,7,3
201337EA70185,1,9,0,16,0,0,1,0,2,10,1,1,2,1,8,1998,1,9,5,2
201337EA70185,2,9,0,17,0,0,0,0,0,0,3,1,3,2,8,-1,-1,-1,6,3
201337EA70185,3,9,0,17,0,0,0,0,0,0,2,1,6,1,10,1998,1,9,6,3
201337EA70201,1,1,0,18,0,1,0,0,0,0,1,1,1,1,4,-1,-1,-1,-1,-1
201337EA70201,2,9,0,3,0,1,0,0,0,0,2,1,1,1,4,1587,1,7,-1,-1
201337EA70205,1,9,0,18,0,0,1,0,7,0,0,1,2,2,6,1598,1,10,5,2
201337EA70219,1,9,0,18,0,1,0,0,0,0,1,1,6,2,4,1397,1,6,5,2
201337EA70219,2,9,0,2,9,1,0,0,0,0,1,1,6,1,5,1390,1,10,5,2
201337EA70222,1,9,0,18,0,0,0,0,0,0,4,1,6,2,-1,-1,-1,-1,-1,-1
201337EA70224,1,19,0,5,0,1,0,0,0,0,1,1,6,1,7,1598,2,2,-1,-1
201337EA70224,2,9,0,18,0,1,0,0,0,0,1,1,6,1,6,1781,1,10,4,1
201337EA70237,1,9,0,5,0,0,0,0,0,0,0,1,6,3,7,-1,-1,-1,-1,-1
201337EA70237,2,1,0,18,0,0,1,0,0,0,0,1,6,1,4,-1,-1,-1,6,1
201337EA70239,1,9,0,4,0,1,0,0,0,0,1,1,6,1,6,1388,1,16,5,1
201337EA70239,2,9,0,5,0,1,0,0,0,0,2,1,6,1,7,1995,1,1,10,1
201337EA70241,1,9,0,8,0,1,0,0,0,0,1,1,6,1,6,998,1,14,10,1
201337EA70241,2,9,0,8,0,1,0,0,0,0,2,1,6,2,10,2179,2,2,8,3
201337EA70243,1,19,0,9,0,1,0,0,0,0,3,1,6,1,7,2198,2,2,9,3
201337EA70243,2,5,0,18,0,1,1,0,0,0,1,1,6,1,6,988,1,11,8,2
201337EA70244,1,9,0,9,0,6,0,0,0,0,3,1,6,2,11,1388,1,2,10,1
201337EA70244,2,90,0,18,0,8,0,0,0,0,1,1,1,1,6,-1,-1,-1,6,3
201337EA70246,1,9,0,18,0,8,0,0,0,0,4,1,6,2,-1,-1,-1,-1,-1,-1
201337EA70246,2,1,0,18,0,8,0,0,0,0,3,1,1,1,7,-1,-1,-1,9,1
201337EA70249,1,9,0,18,0,0,2,0,5,1,1,1,1,1,7,1997,2,12,-1,-1
201337EA70271,1,9,0,9,0,8,0,0,0,0,3,1,6,2,7,1783,1,14,9,3
201337EA70271,2,9,0,18,0,8,0,0,0,0,1,1,6,2,10,1995,1,9,9,3
201337EA70292,1,9,0,14,0,2,0,0,0,0,4,1,1,2,7,1796,1,14,3,1
201337EA70294,1,9,0,14,0,1,0,4,0,0,1,1,6,1,11,1149,1,5,10,1
201337EA70294,2,9,0,2,0,2,0,0,0,0,2,1,6,1,8,1240,1,8,8,1
201337EA70294,3,9,0,2,0,2,0,0,0,0,2,1,6,1,7,1997,2,4,8,1
201337EA70306,1,9,0,18,0,8,0,0,0,0,1,1,6,2,6,1149,1,10,-1,-1
201337EA70306,2,9,0,18,0,8,0,0,0,0,3,1,1,1,8,1598,1,6,10,1
201337EA70307,1,9,0,18,0,0,1,0,0,0,3,1,6,1,4,1299,1,9,9,2
201337EA70307,2,9,0,18,0,0,1,0,5,6,2,1,6,1,8,1910,2,6,10,1
201337EA70307,3,9,0,18,0,0,1,0,0,0,1,1,6,1,7,1896,2,14,7,1
201337EA70307,4,9,0,18,0,0,0,0,0,0,1,1,6,3,-1,-1,-1,-1,-1,-1
201337EA70317,1,9,0,9,0,8,0,0,0,0,1,1,1,2,5,1997,2,8,10,1
201337EA70317,2,9,0,18,0,8,0,0,0,0,3,1,3,2,8,1248,1,4,10,1
201337EA70319,1,9,0,16,0,0,1,0,0,0,1,1,6,1,5,1796,1,5,7,2
201337EA70319,2,8,0,17,0,0,0,0,0,0,1,1,1,1,7,1968,2,8,2,1
201337EA70320,1,19,0,18,0,0,2,0,1,10,3,1,1,1,6,2198,2,1,6,1
201337EA70320,2,9,0,18,0,0,0,0,0,0,3,1,1,1,5,-1,-1,-1,-1,-1
201337EA70321,1,9,0,5,0,2,0,0,0,0,4,1,6,1,5,1596,1,4,4,1
201337EA70324,1,9,0,18,0,0,2,0,7,9,1,1,1,1,6,-1,-1,-1,4,1
201337EA70325,1,9,0,18,0,0,2,0,1,4,1,1,6,2,6,1360,1,11,5,1
201337EA70327,1,9,0,18,0,0,0,0,0,0,1,1,3,2,4,998,1,13,9,3
201337EA70327,2,9,0,4,0,0,0,0,1,4,2,1,3,2,6,1596,1,8,8,2
201337EA70327,3,19,0,4,0,0,0,0,0,0,2,1,1,1,10,1598,2,2,8,3
201337EA70327,4,9,0,18,0,0,0,0,1,4,1,1,2,1,6,1242,1,11,8,3
201337EA70328,1,5,0,5,0,8,0,0,7,0,4,1,1,1,6,599,1,4,8,1
201337EA70329,1,9,0,18,0,8,1,0,0,0,1,1,2,2,9,1761,1,15,3,1
201337EA70330,1,9,0,1,0,6,0,0,0,0,4,1,6,1,10,1242,1,10,8,1
201337EA70330,2,3,0,18,0,8,0,0,0,0,1,1,6,1,4,-1,-1,-1,7,1
201337EA70332,1,1,0,18,5,1,0,0,0,0,1,1,6,1,8,-1,-1,-1,8,1
201337EA70332,2,9,0,3,5,1,0,0,0,0,4,1,6,2,6,1753,2,9,5,2
201337EA70337,1,9,0,18,0,0,2,0,0,0,0,1,2,2,8,1599,1,9,7,2
201337EA70339,1,19,0,5,0,1,0,0,0,0,1,1,1,1,5,2496,2,14,7,1
201337EA70339,2,9,0,3,0,1,0,0,0,0,2,1,1,1,6,1753,2,6,1,1
201337EA70362,1,9,0,16,0,3,1,0,4,6,1,1,6,2,6,4700,1,7,6,3
201337EA70363,1,9,0,9,0,4,0,0,0,0,1,1,2,2,9,-1,-1,-1,8,2
201337EA70363,2,9,0,9,0,3,0,0,0,0,4,1,6,2,6,1499,1,4,6,1
201337EA70364,1,9,0,18,0,8,0,0,0,0,4,1,6,2,7,1999,1,5,9,3
201337EA70368,1,9,0,5,0,4,0,0,0,0,4,1,1,2,9,1242,1,1,5,3
201337EA70368,2,1,0,16,0,8,0,0,0,0,4,1,6,1,6,-1,-1,-1,6,1
201337EA70370,1,9,0,18,0,2,0,0,0,0,0,1,6,1,5,-1,-1,-1,4,1
201337EA70396,1,21,1,18,0,0,0,0,0,0,4,1,1,3,7,-1,-1,-1,-1,-1
201337EA70396,2,1,0,18,0,0,0,0,0,0,3,1,6,1,9,-1,-1,-1,8,2
201337EA70404,1,9,0,16,0,1,0,0,1,4,1,1,6,1,5,1781,1,10,2,1
201337EA70404,2,9,0,2,0,1,0,0,0,0,3,1,6,2,7,1986,2,8,9,1
201337EA70404,3,9,0,2,0,1,0,0,0,0,3,1,6,2,7,2996,1,6,9,1
201337EA70410,1,9,0,9,0,6,0,0,0,0,3,1,6,1,11,-1,-1,-1,6,1
201337EA70410,2,9,0,18,0,8,0,0,0,0,1,1,6,1,6,1800,1,6,-1,-1
201337EA70411,1,9,0,18,0,8,2,10,7,0,4,1,6,1,5,1999,1,7,8,1
201337EA70436,1,9,0,18,0,6,0,0,0,0,1,1,6,1,7,1242,1,1,6,2
201337EA70436,2,9,0,18,0,8,0,0,0,0,4,1,6,1,9,2148,2,8,7,3
201337EA70437,1,8,0,1,0,2,0,0,0,0,2,1,1,1,9,1870,2,11,2,1
201337EA70438,1,1,0,9,0,0,0,0,0,0,3,1,4,1,4,-1,-1,-1,2,1
201337EA70438,2,9,0,13,0,0,0,0,0,0,4,1,6,2,10,1299,1,12,3,1
201337EA70439,1,9,0,3,0,1,0,0,0,0,2,1,6,1,5,998,1,1,7,1
201337EA70439,2,9,0,3,0,1,0,0,0,0,1,1,2,1,6,1587,1,7,3,1
201337EA70485,1,9,0,18,0,3,0,0,0,0,2,1,6,1,6,998,1,14,1,1
201337EA70485,2,9,0,18,0,3,0,0,0,0,1,1,1,1,7,-1,-1,-1,7,3
201337EA70485,3,19,0,18,0,3,0,0,0,0,1,1,1,1,8,2477,2,6,9,1
201337EA70485,4,9,0,9,0,3,0,0,0,0,0,1,6,3,-1,-1,-1,-1,-1,-1