Accident_Index,Vehicle_Reference,Vehicle_Type,Towing_and_Articulation,Vehicle_Manoeuvre,Vehicle_Location-Restricted_Lane,Junction_Location,Skidding_and_Overturning,Hit_Object_in_Carriageway,Vehicle_Leaving_Carriageway,Hit_Object_off_Carriageway,1st_Point_of_Impact,Was_Vehicle_Left_Hand_Drive?,Journey_Purpose_of_Driver,Sex_of_Driver,Age_Band_of_Driver,Engine_Capacity_(CC),Propulsion_Code,Age_of_Vehicle,Driver_IMD_Decile,Driver_Home_Area_Type
201337EA73351,2,9,0,4,0,0,0,0,0,0,2,1,6,2,7,1999,1,7,8,1
201337EA73351,3,9,0,4,0,0,0,0,0,0,2,1,6,2,8,1986,2,5,6,3
201337EA73353,1,9,0,18,0,0,0,12,0,0,1,1,6,1,6,3400,6,15,9,1
201337EA73354,1,21,1,1,0,8,0,0,0,0,2,1,1,1,5,-1,-1,-1,-1,-1
201337EA73354,2,19,0,2,0,1,0,0,0,0,1,1,1,1,6,1998,2,8,7,1
201337EA73368,1,9,0,18,0,0,0,0,0,0,4,1,6,3,-1,-1,-1,-1,-1,-1
201337EA73370,1,9,0,9,0,6,0,0,0,0,3,1,6,1,11,1422,2,4,-1,-1
201337EA73370,2,9,0,18,0,8,0,0,0,0,1,1,6,2,8,1242,1,16,4,1
201337EA73372,1,5,0,13,0,1,1,0,0,0,1,1,6,1,8,1600,1,6,10,1
201337EA73372,2,9,0,14,0,1,0,0,0,0,1,1,6,1,7,2290,1,8,6,1
201337EA73372,3,9,0,2,0,2,0,0,0,0,0,1,1,3,-1,-1,-1,-1,-1,-1
201337EA73373,1,3,0,13,0,1,0,0,0,0,1,1,6,1,4,124,1,1,8,2
201337EA73373,2,9,0,10,0,1,0,0,0,0,3,1,6,1,10,1388,1,9,9,1
201337EA73374,1,9,0,18,0,3,0,0,0,0,4,1,6,3,-1,-1,-1,-1,-1,-1
201337EA73374,2,1,0,18,0,3,0,0,0,0,3,1,6,1,8,-1,-1,-1,8,2
201337EA73375,1,3,0,4,0,1,1,0,0,0,4,1,1,1,8,-1,-1,-1,8,1
201337EA73376,1,9,0,18,0,7,0,0,1,1,3,1,1,1,5,1256,1,29,6,1
201337EA73377,1,9,0,18,0,0,1,0,0,0,0,1,2,2,7,1598,1,8,8,3
201337EA73377,2,9,0,18,0,0,2,0,1,9,0,1,6,2,5,1997,1,9,8,2
201337EA73378,1,9,0,7,0,1,1,0,7,4,1,1,6,1,4,1596,1,10,10,2
201337EA73401,1,19,0,18,0,0,1,0,0,0,2,1,6,3,-1,-1,-1,-1,-1,-1
201337EA73401,2,2,0,13,0,0,0,0,0,0,1,1,6,1,4,49,1,2,1,1
201337EA73402,1,9,0,7,0,1,0,0,1,0,1,1,6,1,5,2979,1,12,7,1
201337EA73402,2,1,0,18,9,2,0,0,0,0,1,1,6,2,3,-1,-1,-1,5,3
201337EA73403,1,9,0,5,0,1,0,0,0,0,1,1,6,2,5,1149,1,13,6,1
201337EA73403,2,9,0,3,0,1,0,0,0,0,2,1,6,2,10,1796,1,7,5,1
201337EA73406,1,9,0,5,0,4,0,0,0,0,1,1,6,2,10,1998,2,1,9,1
201337EA73406,2,9,0,5,0,8,0,0,0,0,1,1,1,2,8,1781,1,13,1,1
201337EA73407,1,9,0,18,0,8,0,0,0,0,1,1,6,1,11,998,1,-1,8,3
201337EA73407,2,9,0,18,0,8,0,0,0,0,1,1,6,1,9,1798,1,-1,3,2
201337EA73409,1,9,0,9,0,6,0,0,1,0,3,1,6,2,11,1598,1,16,6,1
201337EA73409,2,9,0,18,0,8,0,0,7,0,1,1,6,2,10,1596,1,7,7,1
201337EA73411,1,9,0,17,0,2,0,0,7,0,1,1,6,2,5,998,1,3,8,3
201337EA73411,2,9,0,18,0,1,0,0,0,0,3,1,6,2,5,1968,2,5,6,1
201337EA73412,1,9,0,7,0,0,5,0,7,10,1,1,6,2,8,1686,2,2,7,3
201337EA73414,1,9,0,18,0,1,0,0,0,0,1,1,6,2,9,1896,2,11,7,3
201337EA73414,2,9,0,17,0,1,0,0,0,0,1,1,6,1,9,1560,2,4,10,1
201337EA73415,1,9,0,16,0,1,0,0,0,0,1,1,1,1,8,-1,-1,-1,3,1
201337EA73415,2,9,0,17,0,2,0,0,0,0,1,1,6,2,7,2179,2,3,10,3
201337EA73416,1,9,0,9,0,6,0,0,0,0,3,1,6,1,7,1956,2,-1,-1,-1
201337EA73416,2,9,0,18,0,1,0,0,0,0,4,1,6,1,11,1997,2,10,9,1
201337EA73417,1,9,0,1,7,0,0,0,0,0,0,1,6,1,8,1598,1,6,-1,-1
201337EA73418,1,9,0,18,0,4,0,0,0,0,1,1,6,1,10,1753,2,11,3,1
201337EA73418,2,19,0,3,0,4,0,0,0,0,2,1,1,1,7,1896,2,6,1,1
201337EA73421,1,9,0,13,0,0,0,0,7,0,4,1,1,2,8,1598,1,3,9,3
201337EA73421,2,19,0,10,0,0,0,0,0,0,3,1,1,1,4,1870,2,13,-1,-1
201337EA73423,1,9,0,9,0,5,0,0,1,0,2,1,6,1,7,2461,2,14,6,3
201337EA73423,2,9,0,18,0,1,0,0,0,0,1,1,6,2,5,1596,1,11,8,1
201337EA73424,1,9,0,18,0,2,0,0,0,0,4,1,6,2,5,1242,1,4,10,1
201337EA73446,1,9,0,18,0,0,0,0,0,0,1,1,6,3,-1,-1,-1,-1,-1,-1
201337EA73446,2,1,0,18,0,0,0,0,0,0,2,1,6,1,4,-1,-1,-1,3,1
201337EA73458,1,20,0,13,0,1,0,0,0,0,3,1,1,1,-1,11705,2,8,7,3
201337EA73458,2,9,0,4,0,1,0,0,0,0,3,1,6,2,4,999,1,1,9,2
201337EA73459,1,9,0,7,0,6,0,0,0,0,1,1,2,1,6,1795,1,13,8,1
201337EA73459,2,9,0,18,0,8,0,0,4,6,4,1,2,1,5,1896,2,10,8,3
201337EA73472,1,9,0,9,0,1,0,0,0,0,0,1,6,2,7,1984,1,2,5,1
201337EA73472,2,5,0,18,0,1,0,7,1,0,3,1,6,2,8,1074,1,20,7,3
201337EA73474,1,9,0,5,0,6,0,0,0,0,1,1,2,2,5,973,1,11,6,3
201337EA73474,2,9,0,18,0,1,0,0,0,0,1,1,2,2,9,1968,2,5,-1,-1
201337EA73491,1,9,0,18,0,1,1,0,0,0,1,1,6,2,6,1149,1,15,1,1
201337EA73491,2,9,0,10,0,1,0,0,0,0,2,1,6,1,8,2261,1,7,6,3
201337EA73502,1,4,0,18,0,1,1,0,0,0,2,1,6,1,7,346,1,-1,9,3
201337EA73504,1,9,0,18,0,3,0,0,0,0,1,1,6,2,7,1587,1,10,10,1
201337EA73504,2,2,0,4,0,3,0,0,0,0,2,1,6,2,4,124,1,2,5,1
201337EA73505,1,9,0,5,0,6,0,0,0,0,3,1,2,2,6,1299,1,8,5,3
201337EA73505,2,9,0,18,0,1,1,0,0,0,1,1,2,2,5,973,1,11,2,1
201337EA73506,1,9,0,18,0,1,2,0,1,10,4,1,6,1,5,1422,2,11,8,3
201337EA73507,1,9,0,18,0,0,0,0,1,4,1,1,1,1,9,-1,-1,-1,5,3
201337EA73511,1,9,0,5,0,8,0,0,0,0,4,1,6,1,11,1598,2,3,6,1
201337EA73511,2,9,0,18,0,1,0,0,0,0,1,1,6,1,9,1997,2,3,2,1
201337EA73511,3,9,0,4,0,1,0,0,0,0,1,1,6,2,10,1999,1,9,6,1
201337EA73512,1,9,0,18,0,0,0,0,0,0,1,1,1,1,10,-1,-1,-1,6,1
201337EA73512,2,9,0,4,0,0,0,0,0,0,2,1,6,2,7,1396,1,4,8,3
201337EA73512,3,9,0,4,0,0,0,0,0,0,2,1,6,1,6,1199,1,12,1,1
201337EA73513,1,9,0,18,0,0,5,0,2,10,4,1,6,1,4,1108,1,11,8,3
201337EA73531,1,9,0,18,0,0,0,0,0,0,1,1,6,2,11,1598,1,11,10,3
201337EA73531,2,9,0,18,0,0,0,0,0,0,3,1,6,2,11,1299,1,10,10,3
201337EA73531,3,9,0,18,0,0,0,0,1,0,3,1,1,1,8,-1,-1,-1,9,1
201337EA73534,1,9,0,3,0,4,0,0,0,0,1,1,2,1,6,1781,1,10,6,1
201337EA73534,2,9,0,3,0,4,0,0,0,0,2,1,2,2,8,1587,1,9,10,1
201337EA73540,1,9,0,18,0,8,0,0,0,0,1,1,6,1,11,1598,1,10,3,1
201337EA73540,2,9,0,18,0,8,1,0,0,0,3,1,6,1,11,1895,1,12,8,1
201337EA73540,3,9,0,2,0,2,0,0,0,0,4,1,6,2,-1,1364,1,5,9,1
201337EA73540,4,9,0,2,0,2,0,0,0,0,2,1,6,2,-1,1997,2,8,7,3
201337EA73540,5,9,0,2,0,2,0,0,0,0,1,1,6,1,-1,1296,1,18,7,3
201337EA73541,1,9,0,18,0,1,0,0,0,0,4,1,2,1,5,2295,1,14,-1,-1
201337EA73543,1,9,0,9,0,6,0,0,0,0,1,1,6,1,10,1398,1,12,10,3
201337EA73543,2,9,0,18,0,1,0,0,0,0,1,1,6,2,6,-1,-1,-1,6,3
201337EA73544,1,9,0,18,0,0,0,0,0,0,1,1,6,2,8,-1,-1,-1,10,1
201337EA73544,2,9,0,18,0,0,0,0,1,0,1,1,6,1,8,1364,2,5,-1,-1
201337EA73545,1,9,0,9,0,1,0,0,7,10,1,1,6,1,4,1198,1,4,7,3
201337EA73546,1,5,0,17,0,0,0,0,1,9,1,1,6,1,7,675,1,1,7,2
201337EA73549,1,9,0,18,0,8,0,0,0,0,1,1,6,1,9,1495,1,12,2,1
201337EA73549,2,9,0,3,0,1,0,0,0,0,1,1,6,1,7,-1,-1,-1,6,1
201337EA73551,1,9,0,18,0,1,0,0,0,0,1,1,1,2,5,2000,1,1,-1,-1
201337EA73551,2,9,0,18,0,1,0,0,0,0,1,1,1,1,8,1798,1,12,7,3
201337EA73553,1,9,0,9,0,1,0,0,0,0,4,1,6,1,8,-1,-1,-1,1,1
201337EA73553,2,1,0,18,0,1,0,0,0,0,1,1,6,1,6,-1,-1,-1,6,1
201337EA73574,1,9,0,18,0,0,0,0,0,0,1,1,2,1,8,1242,1,14,5,1
201337EA73581,1,3,0,18,0,0,0,0,0,0,3,1,6,1,4,124,1,6,8,3
201337EA73581,2,9,0,18,0,0,0,0,0,0,3,1,1,1,8,1399,2,1,8,3
201337EA73582,1,9,0,4,0,3,0,0,0,0,1,1,6,2,8,1390,1,8,-1,-1
201337EA73583,1,9,0,16,0,8,2,0,0,0,0,1,6,2,7,2500,2,14,7,3
201337EA73583,2,9,0,16,0,8,0,0,0,0,0,1,6,2,4,1364,1,6,10,1
201337EA73583,3,21,0,16,0,8,0,0,0,0,0,1,1,1,8,12900,2,6,9,1
201337EA73584,1,9,0,13,0,0,0,0,0,0,4,1,6,2,7,1753,2,5,6,1
201337EA73584,2,9,0,18,0,0,0,0,0,0,3,1,6,2,7,1968,2,8,8,3
201337EA73585,1,9,0,7,0,6,0,0,0,0,4,1,1,1,8,1686,2,9,5,1
201337EA73585,2,1,0,18,0,1,0,0,0,0,3,1,6,2,8,-1,-1,-1,8,1
201337EA73586,1,9,0,18,0,0,0,0,7,4,1,1,6,1,11,1560,2,3,10,1
201337EA73613,1,9,0,18,0,0,0,0,0,0,4,1,6,2,11,1086,1,5,7,1
201337EA73654,1,9,0,14,0,1,0,0,0,0,1,1,6,2,7,1299,1,12,6,2
201337EA73654,2,9,0,14,0,1,0,0,0,0,1,1,2,2,4,1149,1,16,5,3
201337EA73654,3,21,1,2,0,2,0,0,0,0,0,1,1,1,9,10837,2,4,9,1
201337EA73656,1,9,0,7,0,6,1,0,4,0,2,1,6,1,11,1998,2,9,8,1
201337EA73656,2,9,0,18,0,1,1,0,0,0,1,1,6,1,6,1995,1,11,5,1
201337EA73657,1,2,0,4,0,1,0,0,0,0,1,1,1,1,4,49,1,1,6,2
201337EA73657,2,9,0,4,0,1,0,0,0,0,2,1,1,2,9,-1,-1,-1,9,2
201337EA73659,1,9,0,7,0,6,0,0,0,0,1,1,2,2,7,1396,1,16,1,1
201337EA73659,2,1,0,17,0,2,0,0,0,0,2,1,1,1,6,-1,-1,-1,9,1
201337EA73659,3,9,0,16,0,8,0,0,0,0,1,1,6,2,8,1781,1,8,6,1
201337EA73681,1,19,0,18,6,1,0,0,0,0,4,1,2,1,5,1149,1,9,3,1
201337EA73685,1,9,0,14,0,2,1,4,0,0,1,1,6,2,4,1390,1,3,9,1
201337EA73685,2,19,4,2,0,1,0,0,0,0,4,1,6,1,6,2143,2,1,-1,-1
201337EA73687,1,9,0,9,9,0,0,0,1,10,1,1,6,2,11,1598,1,6,7,3
201337EA73687,2,9,0,2,0,0,0,4,0,0,2,1,6,2,-1,1339,1,5,-1,-1
201337EA73687,3,9,0,2,0,0,0,0,0,0,2,1,6,1,-1,1997,1,9,-1,-1
201337EA73690,1,9,0,9,0,8,0,0,0,0,3,1,2,1,5,-1,-1,-1,7,1
201337EA73690,2,9,0,18,0,1,0,0,0,0,1,1,2,2,5,-1,-1,-1,-1,-1
201337EA73692,1,9,0,18,0,0,0,0,0,0,1,1,6,1,11,1086,1,5,2,1
201337EA73692,2,9,0,2,0,0,0,0,0,0,1,1,1,2,8,1586,1,5,-1,-1
201337EA73695,1,3,0,4,0,1,1,0,0,0,0,1,6,2,6,109,1,1,7,3
201337EA73708,1,9,0,16,0,0,1,0,8,10,4,1,6,2,9,1590,1,8,8,3
201337EA73709,1,9,0,7,0,2,0,0,0,0,1,1,1,1,4,-1,-1,-1,8,3
201337EA73709,2,9,0,3,0,1,0,0,0,0,1,1,2,1,8,-1,-1,-1,6,3
201337EA73710,1,3,0,7,0,8,1,0,0,0,0,1,2,2,6,124,1,4,10,2
201337EA73711,1,9,0,16,0,0,1,12,1,9,1,1,6,2,4,1586,1,6,6,3
201337EA73712,1,9,0,5,0,8,1,7,1,1,4,1,6,2,7,2179,2,-1,8,1
201337EA73712,2,9,0,18,0,1,1,0,1,0,1,1,6,1,9,1794,1,11,8,3
201337EA73732,1,9,0,9,0,8,0,0,0,0,1,1,6,2,7,1598,1,11,8,1
201337EA73739,1,9,0,3,0,0,0,0,0,0,1,1,6,1,4,998,1,15,7,1
201337EA73739,2,9,0,18,0,0,0,0,0,0,2,1,6,2,9,998,1,13,2,1
201337EA73757,1,9,0,16,0,8,0,0,0,0,1,1,6,1,5,1796,1,11,6,3
201337EA73757,2,21,1,17,0,8,0,0,0,4,3,1,6,2,7,12900,2,3,6,3
201337EA73758,1,9,0,18,0,8,0,0,0,0,1,1,6,2,4,1587,1,11,6,2
201337EA73758,2,8,0,18,0,8,0,0,0,0,1,1,1,1,8,1997,2,8,3,1
201337EA73765,1,9,0,4,0,1,0,0,0,0,0,1,6,1,6,1596,1,12,-1,-1
201337EA73765,2,5,0,18,0,1,1,10,8,1,0,1,6,1,5,599,1,13,1,1
201337EA73766,1,90,0,9,0,1,0,0,0,0,2,1,6,1,9,-1,-1,-1,6,1
201337EA73766,2,9,0,18,0,1,0,0,0,0,4,1,6,1,6,1762,1,14,10,2
201337EA73767,1,90,0,1,0,0,0,0,0,0,2,1,6,1,6,-1,-1,-1,4,1
201337EA73768,1,9,0,18,0,0,0,0,0,0,1,1,6,1,10,1598,1,-1,10,3
201337EA73768,2,19,0,3,0,0,0,0,0,0,2,1,1,1,8,1399,2,3,8,3
201337EA73770,1,9,0,5,0,1,0,0,0,0,1,1,6,2,7,1242,1,14,8,1
201337EA73772,1,90,0,18,0,1,0,0,0,0,1,1,1,1,6,-1,-1,-1,7,2
201337EA73772,2,9,0,10,0,1,0,0,0,0,2,1,6,2,5,1124,1,11,7,1
201337EA73773,1,9,0,18,0,0,0,0,0,0,3,1,6,1,-1,-1,-1,-1,-1,-1
201337EA73780,1,9,0,5,0,6,0,0,0,0,3,1,6,2,9,2495,2,11,8,3
201337EA73780,2,5,0,18,0,1,1,0,0,0,1,1,6,1,8,652,1,8,-1,-1
201337EA73786,1,9,0,18,0,1,0,0,0,0,0,1,6,2,9,1240,1,4,3,1
201337EA73787,1,11,0,5,2,0,0,0,0,0,1,1,1,1,6,-1,-1,-1,-1,-1
201337EA73796,1,9,0,4,0,1,0,0,0,0,1,1,6,1,4,1229,1,-1,8,3
201337EA73796,2,1,0,4,0,1,0,0,0,0,0,1,6,1,7,-1,-1,-1,-1,-1
201337EA73798,1,9,0,9,0,6,0,0,0,0,1,1,2,2,8,1388,1,6,7,3
201337EA73798,2,19,0,18,0,1,0,0,0,0,1,1,1,1,8,1995,2,7,9,1
201337EA73811,1,9,0,16,0,0,0,0,0,0,3,1,6,1,6,1597,1,16,2,1
201337EA73811,2,19,0,17,0,0,0,0,0,0,3,1,6,1,8,2198,2,6,8,1
201337EA73831,1,9,0,18,0,0,0,0,0,0,1,1,6,2,8,1598,1,15,7,1
201337EA73831,2,9,0,18,0,0,0,0,0,0,2,1,6,2,7,1396,1,12,3,1
201337EA73831,3,9,0,18,0,0,0,0,0,0,2,1,6,2,6,1360,1,11,1,1
201337EA73839,1,9,0,16,0,8,1,0,7,2,4,1,6,1,4,1149,1,16,1,1
201337EA73843,1,9,0,16,0,0,5,0,1,0,4,1,6,2,8,1905,2,15,8,2
201337EA73847,1,9,0,7,0,0,0,0,0,0,1,1,6,2,8,998,1,10,6,1
201337EA73847,2,3,0,18,0,0,1,0,0,0,4,1,6,1,6,124,1,14,1,1
201337EA73848,1,9,0,7,0,4,0,0,0,0,4,1,2,1,8,1242,1,2,8,3
201337EA73848,2,1,0,18,0,3,0,0,0,0,3,1,2,1,6,-1,-1,-1,6,1
201337EA73849,1,9,0,16,0,0,1,0,7,10,1,1,1,2,5,1988,1,12,2,1
201337EA73850,1,9,0,18,0,0,1,0,0,0,4,1,6,2,4,1124,1,9,7,3
201337EA73850,2,9,0,18,0,0,0,0,0,0,1,1,6,2,9,-1,-1,-1,10,3
201337EA73851,1,9,0,18,0,0,1,0,1,4,4,1,6,1,8,1388,1,10,5,1
201337EA73852,1,9,0,18,0,0,1,0,1,9,1,1,1,1,4,1596,1,13,9,1
201337EA73853,1,9,0,4,0,1,1,0,1,1,1,1,6,2,8,998,1,13,5,1
201337EA73853,2,9,0,3,0,1,0,0,0,0,2,1,6,1,7,2996,1,6,10,1
201337EA73854,1,9,0,16,0,0,2,0,1,4,1,1,1,1,4,1124,1,12,2,1
201337EA73869,1,9,0,18,0,0,0,0,0,0,4,1,6,2,4,1149,1,15,7,1
201337EA73871,1,11,0,18,0,1,0,0,0,0,1,1,1,1,9,9600,2,15,3,1
201337EA73871,2,19,0,4,0,1,0,0,0,0,2,1,1,1,5,2287,2,2,4,1
201337EA73874,1,9,0,3,0,0,0,0,0,0,1,1,6,2,8,1399,2,5,9,1
201337EA73874,2,1,0,9,0,0,0,0,0,0,4,1,6,1,5,-1,-1,-1,5,1
201337EA73877,1,9,0,18,0,0,0,0,0,0,4,1,6,1,9,1997,2,8,3,1
201337EA73877,2,9,0,2,0,0,0,0,0,0,4,1,6,2,7,1597,1,15,3,1
201337EA73878,1,5,0,18,0,0,0,0,0,0,3,1,1,1,4,599,1,9,5,2
201337EA73879,1,17,4,4,0,1,0,0,0,0,1,1,1,1,6,6728,2,-1,2,1
201337EA73879,2,9,0,3,0,1,0,0,0,0,2,1,6,1,7,1896,2,7,5,3
201337EA73879,3,9,0,3,0,1,0,0,0,0,2,1,6,2,7,1339,1,10,8,3
201337EA73882,1,9,0,9,0,0,0,0,0,0,4,1,6,2,8,2496,1,8,10,2
201337EA73882,2,3,0,18,0,0,0,0,0,0,1,1,6,1,5,125,1,5,5,2
201337EA73887,1,9,0,18,0,0,0,0,0,0,3,1,6,2,11,1700,2,12,5,2
201337EA73887,2,9,0,18,0,0,0,0,0,0,3,1,2,2,5,996,1,1,8,3
201337EA73888,1,9,0,1,0,0,0,0,0,0,2,1,6,1,6,1984,1,12,3,1
201337EA73890,1,9,0,18,0,0,0,0,0,0,1,1,6,1,4,1391,1,15,3,1
201337EA73890,2,9,0,4,0,0,0,0,0,0,2,1,6,1,11,1587,1,12,4,2
201337EA73890,3,9,0,3,0,0,0,0,0,0,0,1,6,2,9,1910,2,4,9,3
201337EA73890,4,9,0,18,0,0,0,0,0,0,1,1,6,1,8,2179,2,10,5,1
201337EA73890,5,9,0,4,0,0,0,0,4,6,2,1,6,2,7,1461,2,7,7,3
201337EA73890,6,9,0,18,0,0,0,0,0,0,1,1,6,1,9,-1,-1,-1,8,1
201337EA73890,7,9,0,4,0,0,0,0,0,0,2,1,6,1,8,1587,1,9,9,1
201337EA73891,1,9,0,18,0,0,0,0,0,0,1,1,6,1,9,2148,2,11,9,1
201337EA73891,2,9,0,4,0,0,0,0,0,0,2,1,6,1,5,1968,2,3,8,3
201337EA73892,1,9,0,5,0,6,0,0,0,0,4,1,6,2,6,1242,1,12,3,1
201337EA73892,2,9,0,18,0,8,0,0,0,0,3,1,2,1,7,998,1,13,2,1
201337EA73894,1,19,0,5,0,0,0,0,0,0,1,1,1,2,7,2143,2,3,6,3
201337EA73894,2,9,0,3,0,0,0,0,0,0,2,1,1,2,6,1368,1,5,7,3
201337EA73894,3,9,0,3,0,0,0,0,0,0,2,1,6,1,8,1796,1,4,10,1
201337EA73899,1,9,0,9,0,5,0,0,0,0,4,1,6,1,-1,1120,1,13,-1,-1
201337EA73899,2,1,0,18,4,1,0,0,0,0,1,1,1,1,7,-1,-1,-1,4,1
201337EA73932,1,9,0,7,0,4,1,9,7,1,1,1,6,1,6,1587,1,7,7,1
201337EA73936,1,9,0,18,0,1,0,0,0,0,1,1,2,2,7,1598,1,1,10,1
201337EA73936,2,9,0,10,0,1,0,0,0,0,2,1,2,1,9,1598,1,13,1,1
201337EA73936,3,9,0,10,0,1,0,0,0,0,2,1,3,2,7,1794,1,7,7,3
201337EA73942,1,9,0,18,0,1,1,0,0,0,1,1,6,1,8,3050,2,18,7,3
201337EA73942,2,9,0,3,0,1,0,0,0,0,2,1,6,2,8,1598,1,7,8,2
201337EA73942,3,9,0,10,0,1,0,0,0,0,2,1,1,1,6,1560,2,-1,4,1
201337EA73953,1,9,0,18,0,4,0,0,0,0,1,1,6,1,-1,973,1,12,10,1
201337EA73953,2,9,0,3,0,4,0,0,0,0,2,1,6,2,6,1124,1,8,6,1
201337EA73976,1,1,0,9,0,2,0,0,0,0,4,1,6,1,2,-1,-1,-1,9,2
201337EA73976,2,9,0,4,0,1,0,0,0,0,4,1,6,2,8,1299,1,10,9,2
201337EA73977,1,9,0,4,0,1,0,0,0,0,1,1,6,1,11,1527,2,16,2,1
201337EA73977,2,9,0,5,0,1,0,0,0,0,2,1,2,2,8,1396,1,9,8,2
201337EA73978,1,9,0,18,0,2,0,0,0,0,4,1,2,1,9,-1,-1,-1,7,3
201337EA73979,1,9,0,13,0,0,0,0,0,0,3,1,6,3,-1,-1,-1,-1,-1,-1
201337EA73979,2,9,0,18,0,0,0,0,1,0,3,1,2,2,7,1124,1,8,-1,-1
201337EA73980,1,21,0,18,0,4,0,0,0,0,1,1,1,1,6,6871,2,-1,2,1
201337EA73980,2,9,0,18,0,4,0,0,0,0,2,1,6,2,6,-1,-1,-1,7,3
201337EA73981,1,9,0,16,0,0,0,0,7,0,1,1,2,1,9,1769,1,8,9,2
201337EA73981,2,9,0,18,0,0,0,0,0,0,1,1,3,1,8,1598,1,6,7,3
201337EA73985,1,9,0,18,0,0,0,0,0,0,3,1,6,2,7,1246,1,6,9,2
201337EA73985,2,9,0,18,0,0,1,0,0,0,3,1,6,2,8,1390,1,10,5,2
201337EA73988,1,9,0,5,0,1,0,0,0,0,1,1,6,1,6,3000,2,4,8,1
201337EA73988,2,9,0,18,0,1,5,0,1,1,3,1,6,1,9,1171,1,13,10,2
201337EA73991,1,5,0,9,0,5,0,0,1,1,1,1,2,1,8,748,1,13,7,1
201337EA73991,2,9,0,7,0,1,0,0,0,0,1,1,6,1,8,1988,1,11,7,1
201337EA73992,1,9,0,9,0,8,0,0,0,0,4,1,6,1,4,973,1,13,6,1
201337EA73992,2,9,0,18,0,1,0,0,0,0,1,1,6,1,4,1390,1,9,10,2
201337EA73994,1,8,0,18,0,4,0,0,0,0,3,1,1,1,-1,-1,-1,-1,-1,-1
201337EA73994,2,9,0,9,0,4,0,0,0,0,1,1,6,1,-1,-1,-1,-1,-1,-1
201337EA73996,1,9,0,18,0,0,1,0,0,0,1,1,1,2,7,1497,1,10,5,1
201337EA73996,2,9,0,4,0,0,0,0,0,0,2,1,2,1,8,1390,1,1,6,3
201337EA73996,3,9,0,4,0,0,0,0,0,0,2,1,6,1,6,1968,1,9,2,1
201337EA73997,1,9,0,5,0,4,0,0,0,0,0,1,1,2,7,999,1,1,2,1
201337EA73997,2,5,0,18,0,8,1,0,0,0,0,1,2,1,8,805,1,8,10,2
201337EA73998,1,9,0,5,0,4,0,0,0,0,1,1,6,1,9,1968,2,-1,10,1
201337EA73998,2,5,0,4,0,4,0,0,0,0,2,1,6,1,8,1584,1,5,7,3
201337EA73999,1,9,0,9,0,6,0,0,0,0,1,1,6,1,4,1796,1,7,4,1
201337EA73999,2,9,0,17,0,1,0,0,0,0,4,1,6,1,9,1951,2,7,10,3
201337EA74002,1,9,0,9,0,6,0,0,0,0,4,1,1,1,10,1086,1,4,3,1
201337EA74002,2,2,0,18,0,1,0,0,0,0,1,1,6,1,4,49,1,11,10,3
201337EA74004,1,5,0,5,0,1,0,0,0,0,1,1,6,1,7,1157,1,12,1,1
201337EA74004,2,11,0,3,0,1,0,0,0,0,2,1,1,1,7,-1,2,16,2,1
201337EA74005,1,9,0,13,0,1,5,0,7,0,4,1,1,1,9,-1,-1,-1,8,3
201337EA74005,2,17,5,9,0,1,0,0,0,0,3,1,1,1,6,-1,2,10,7,1
201337EA74009,1,3,0,18,0,1,1,0,0,1,4,1,6,1,4,125,1,-1,2,1
201337EA74014,1,9,0,16,0,1,0,0,8,4,1,1,6,1,4,1968,2,6,5,1
201337EA74036,1,9,0,5,0,4,0,0,0,0,1,1,2,2,9,1149,1,9,5,1
201337EA74036,2,1,0,18,0,8,0,0,0,0,2,1,2,1,9,-1,-1,-1,8,1
201337EA74037,1,9,0,5,0,1,0,0,0,0,0,1,6,1,4,2000,2,6,5,2
201337EA74039,1,2,0,18,0,8,1,0,0,0,1,1,6,1,4,-1,-1,-1,6,3
201337EA74040,1,9,0,17,0,1,1,0,7,10,4,1,6,2,6,1998,2,12,3,1
201337EA74040,2,9,0,16,0,1,0,0,0,0,1,1,6,1,10,1124,1,9,2,1
201337EA74042,1,4,0,18,0,1,1,0,0,0,0,1,6,1,4,234,1,19,8,3
201337EA74043,1,9,0,18,0,0,0,0,0,0,1,1,6,2,8,-1,-1,-1,6,3
201337EA74043,2,9,0,18,0,0,0,0,0,0,3,1,6,1,8,1984,1,8,6,3
201337EA74043,3,9,0,18,0,0,0,0,0,0,1,1,6,1,11,1388,1,5,2,1
201337EA74045,1,9,0,18,0,8,0,0,0,0,1,1,6,1,-1,-1,-1,-1,-1,-1
201337EA74045,2,1,0,18,5,8,0,0,0,0,2,1,4,2,3,-1,-1,-1,3,1
201337EA74046,1,5,0,18,0,1,0,0,0,0,1,1,6,1,8,996,1,4,2,1
201337EA74046,2,19,0,5,0,1,0,0,0,0,3,1,1,1,6,2148,2,5,3,1
201337EA74047,1,9,0,9,0,5,0,0,0,0,3,1,6,2,9,1397,1,3,6,1
201337EA74047,2,1,0,10,0,1,0,0,0,0,3,1,1,2,8,-1,-1,-1,6,1
201337EA74049,1,5,0,16,0,0,0,0,0,0,1,1,6,1,6,998,1,14,4,1
201337EA74049,2,9,0,17,0,0,0,0,0,0,1,1,6,1,5,-1,-1,-1,8,2
201337EA74051,1,9,0,18,0,0,0,0,0,0,1,1,6,2,6,1598,1,12,3,1
201337EA74051,2,9,0,3,0,0,0,0,0,0,2,1,6,2,7,1229,1,1,3,1
201337EA74051,3,9,0,3,0,0,0,0,0,0,2,1,6,2,7,2720,2,5,9,2
201337EA74052,1,9,0,2,0,2,0,0,0,0,3,1,6,2,7,1248,2,3,10,1