Accident_Index,Vehicle_Reference,Vehicle_Type,Towing_and_Articulation,Vehicle_Manoeuvre,Vehicle_Location-Restricted_Lane,Junction_Location,Skidding_and_Overturning,Hit_Object_in_Carriageway,Vehicle_Leaving_Carriageway,Hit_Object_off_Carriageway,1st_Point_of_Impact,Was_Vehicle_Left_Hand_Drive?,Journey_Purpose_of_Driver,Sex_of_Driver,Age_Band_of_Driver,Engine_Capacity_(CC),Propulsion_Code,Age_of_Vehicle,Driver_IMD_Decile,Driver_Home_Area_Type
201337EA74052,2,1,0,18,0,1,0,0,0,0,4,1,6,2,9,-1,-1,-1,5,1
201337EA74053,1,9,0,16,0,0,1,0,0,0,4,1,2,1,4,1229,1,4,9,1
201337EA74053,2,9,0,17,0,0,2,0,1,0,4,1,6,1,6,-1,-1,-1,6,1
201337EA74054,1,9,0,17,0,0,2,0,8,4,1,1,6,1,4,1242,1,11,4,1
201337EA74056,1,9,0,18,0,0,0,0,0,0,1,1,2,2,5,1999,1,6,9,1
201337EA74056,2,9,0,4,0,0,0,0,0,0,2,1,6,1,6,1229,1,2,2,1
201337EA74057,1,9,0,9,0,1,0,0,0,0,1,1,1,1,5,-1,-1,-1,1,1
201337EA74057,2,9,0,18,0,1,0,0,0,0,4,1,6,1,9,2402,2,3,9,3
201337EA74070,1,9,0,1,0,0,0,0,0,0,2,1,1,2,6,1349,1,-1,6,1
201337EA74071,1,9,0,16,0,2,2,10,1,0,4,1,6,1,6,1242,1,7,8,3
201337EA74072,1,9,0,14,0,0,0,4,0,0,1,1,6,1,7,2494,1,10,9,2
201337EA74072,2,9,0,2,0,0,0,0,7,10,1,1,6,2,9,1364,1,8,5,2
201337EA74080,1,9,0,9,0,5,0,0,0,0,4,1,6,2,8,1910,2,8,4,1
201337EA74080,2,1,0,18,0,1,0,0,0,0,1,1,6,1,7,-1,-1,-1,-1,-1
201337EA74088,1,9,0,5,0,1,0,0,0,0,1,1,2,1,5,1149,1,11,5,1
201337EA74089,1,9,0,18,0,0,0,0,0,0,1,1,1,2,9,1360,1,10,2,1
201337EA74090,1,9,0,18,0,3,0,0,0,0,4,1,6,1,11,1386,1,7,4,1
201337EA74090,2,1,0,18,5,1,0,0,0,0,1,1,6,2,7,-1,-1,-1,8,1
201337EA74092,1,9,0,9,0,6,0,0,0,0,1,1,6,1,11,1299,1,20,9,1
201337EA74092,2,9,0,18,0,1,1,0,0,0,1,1,2,2,4,1299,1,11,5,2
201337EA74102,1,9,0,18,0,0,0,4,1,0,1,1,6,2,8,1248,2,3,2,1
201337EA74102,2,9,0,2,0,0,0,0,0,0,2,1,6,1,6,1783,1,14,3,1
201337EA74103,1,9,0,18,0,0,1,0,4,6,1,1,6,1,8,1956,2,2,6,3
201337EA74105,1,9,0,1,0,0,0,0,2,10,2,1,6,1,6,1299,1,17,3,1
201337EA74115,1,9,0,18,0,4,0,0,0,0,1,1,6,2,-1,-1,-1,-1,-1,-1
201337EA74115,2,1,0,18,0,8,0,0,0,0,3,1,6,1,4,-1,-1,-1,10,1
201337EA74118,1,3,0,18,0,3,0,0,0,0,1,1,6,1,4,124,1,6,9,1
201337EA74124,1,9,0,9,0,8,0,0,0,0,0,1,6,1,4,1598,2,1,5,1
201337EA74124,2,9,0,18,0,8,0,0,0,0,1,1,6,1,5,1796,1,8,5,1
201337EA74124,3,9,0,2,0,2,0,0,0,0,1,1,6,2,7,1910,2,12,5,1
201337EA74125,1,9,0,5,0,4,0,0,0,0,1,1,6,2,5,1360,1,11,3,1
201337EA74125,2,9,0,3,0,4,0,0,0,0,2,1,6,1,8,1997,2,11,9,3
201337EA74126,1,9,0,18,0,1,0,0,1,2,1,1,6,1,6,1587,1,11,2,1
201337EA74128,1,9,0,16,0,8,0,0,1,2,1,1,6,1,7,3996,1,13,1,1
201337EA74129,1,1,0,18,5,1,1,0,0,0,1,1,2,1,4,-1,-1,-1,2,1
201337EA74129,2,19,0,7,0,8,0,0,0,0,4,1,1,1,8,-1,-1,-1,1,1
201337EA74130,1,9,0,18,0,1,2,0,7,9,3,1,6,2,4,1560,2,6,8,3
201337EA74135,1,21,1,17,0,0,3,0,1,2,1,1,1,1,8,12419,2,2,-1,1
201337EA74137,1,9,0,7,0,2,0,0,0,0,4,1,1,1,8,1798,1,12,5,1
201337EA74137,2,1,0,18,0,2,0,0,0,0,3,1,1,1,7,-1,-1,-1,5,1
201337EA74138,1,9,0,2,0,2,0,0,0,0,4,1,1,2,6,2231,2,5,6,1
201337EA74138,2,1,0,18,9,2,0,0,0,0,1,1,6,1,6,-1,-1,-1,6,1
201337EA74139,1,9,0,5,0,8,0,0,0,0,3,1,6,1,11,1997,2,11,2,1
201337EA74139,2,2,0,18,0,8,0,0,0,0,1,1,6,2,5,100,1,12,1,1
201337EA74140,1,9,0,7,0,6,0,0,0,0,0,1,6,3,-1,-1,-1,-1,-1,-1
201337EA74140,2,1,0,18,0,1,0,0,0,0,0,1,4,1,4,-1,-1,-1,6,1
201337EA74141,1,2,0,15,0,1,0,0,0,0,1,1,6,2,4,-1,-1,-1,3,1
201337EA74141,2,9,0,7,0,1,0,0,0,0,4,1,6,2,7,-1,-1,-1,3,1
201337EA74152,1,9,0,5,0,1,0,0,0,0,1,1,6,1,7,1896,2,14,1,1
201337EA74152,2,9,0,18,0,1,0,0,0,0,1,1,6,1,6,1493,1,13,2,1
201337EA74152,3,9,0,10,0,1,0,0,0,0,1,1,6,1,7,-1,-1,-1,2,1
201337EA74173,1,9,0,18,0,0,1,0,0,0,4,1,1,1,8,-1,-1,-1,9,3
201337EA74175,1,9,0,11,0,0,0,0,0,0,0,1,6,3,-1,-1,-1,-1,-1,-1
201337EA74175,2,9,0,18,0,0,0,0,1,7,4,1,6,1,6,1896,2,12,2,1
201337EA74179,1,2,0,13,0,1,0,0,0,0,1,1,6,1,4,49,1,8,3,1
201337EA74179,2,9,0,9,0,8,0,0,0,0,1,1,6,1,7,998,1,2,10,1
201337EA74180,1,9,0,18,0,0,5,10,0,0,4,1,2,2,6,1242,1,4,9,2
201337EA74181,1,5,0,16,0,2,0,0,0,0,1,1,6,1,6,-1,-1,-1,9,2
201337EA74181,2,9,0,10,0,2,0,0,0,0,2,1,6,1,5,1299,1,17,7,2
201337EA74182,1,9,0,9,0,1,0,0,0,0,4,1,2,2,7,1299,1,14,9,1
201337EA74182,2,5,0,18,0,1,0,0,0,0,1,1,1,1,8,892,1,17,-1,-1
201337EA74183,1,9,0,5,0,1,0,0,0,0,4,1,1,2,5,1275,1,16,3,1
201337EA74183,2,1,0,18,5,1,0,0,0,0,1,1,6,1,3,-1,-1,-1,6,2
201337EA74192,1,9,0,7,0,1,0,0,0,0,4,1,6,1,9,998,1,1,10,2
201337EA74214,1,9,0,7,0,6,0,0,0,0,1,1,6,2,6,1596,1,11,5,1
201337EA74214,2,9,0,18,0,1,0,0,0,0,4,1,6,2,8,1997,2,7,7,3
201337EA74222,1,9,0,9,0,8,0,0,0,0,1,1,6,2,10,1997,2,9,7,3
201337EA74222,2,9,0,18,0,1,0,0,0,0,4,1,6,1,11,1560,2,6,8,3
201337EA74225,1,9,0,18,0,0,0,0,0,0,1,1,1,1,6,1199,1,10,1,1
201337EA74225,2,9,0,3,0,0,0,0,0,0,2,1,1,2,5,1390,1,14,-1,-1
201337EA74244,1,3,0,18,0,1,1,12,0,0,3,1,6,1,4,125,1,1,7,3
201337EA74246,1,1,0,18,0,1,1,0,0,0,1,1,2,1,6,-1,-1,-1,-1,-1
201337EA74246,2,9,0,5,0,1,0,0,0,0,2,1,2,1,6,1968,2,1,5,1
201337EA74265,1,9,0,18,0,1,1,0,0,0,1,1,2,1,6,-1,-1,-1,2,1
201337EA74265,2,9,0,7,0,2,0,0,0,0,1,1,2,2,7,2204,2,7,8,1
201337EA74267,1,9,0,16,0,0,1,0,1,10,1,1,6,1,4,-1,-1,-1,7,2
201337EA74271,1,9,0,16,0,0,1,0,7,0,3,1,6,1,6,2494,1,15,7,3
201337EA74271,2,9,0,17,0,0,0,0,0,0,3,1,6,1,8,1905,2,15,9,1
201337EA74275,1,9,0,9,0,1,0,0,0,0,3,1,6,1,6,1242,1,10,3,1
201337EA74275,2,9,0,18,0,1,0,0,0,0,1,1,6,2,7,1796,1,9,8,1
201337EA74281,1,9,0,2,0,0,0,0,0,0,3,1,6,1,11,1396,1,11,9,2
201337EA74281,2,1,0,18,0,0,0,4,0,0,1,1,6,1,10,-1,-1,-1,9,2
201337EA74282,1,9,0,9,0,8,0,0,0,0,1,1,1,1,8,-1,-1,-1,9,2
201337EA74282,2,9,0,18,0,1,0,0,0,0,3,1,6,2,7,1560,2,4,8,3
201337EA74282,3,9,0,8,0,1,0,0,0,0,1,1,6,2,9,1497,1,10,8,3
201337EA74285,1,9,0,18,0,1,0,0,0,0,1,1,6,1,8,-1,-1,-1,3,1
201337EA74285,2,9,0,4,0,1,0,0,0,0,2,1,6,1,6,1390,1,9,1,1
201337EA74286,1,9,0,18,0,0,1,0,1,4,1,1,6,2,5,1299,1,7,10,1
201337EA74290,1,3,0,9,0,8,1,0,0,0,0,1,6,1,9,85,1,17,7,3
201337EA74293,1,19,0,5,0,8,0,0,0,0,4,1,6,1,5,2198,2,-1,6,1
201337EA74293,2,9,0,18,0,8,1,0,1,3,1,1,6,2,4,1149,1,13,7,3
201337EA74293,3,9,0,2,0,2,0,0,0,0,2,1,6,2,5,1598,1,11,3,1
201337EA74294,1,9,0,18,0,1,0,0,0,0,1,1,2,2,6,-1,-1,-1,7,1
201337EA74294,2,9,0,18,0,1,0,0,0,0,1,1,6,2,8,1686,2,13,7,2
201337EA74294,3,9,0,10,0,1,0,0,0,0,2,1,6,1,5,1560,2,4,7,3
201337EA74295,1,5,0,5,0,0,0,0,0,0,1,1,6,1,7,654,1,6,4,1
201337EA74295,2,9,0,2,0,0,0,0,0,0,3,1,6,2,7,1390,1,9,3,1
201337EA74296,1,5,0,18,0,0,0,0,1,0,4,1,6,1,6,600,1,7,5,1
201337EA74317,1,21,1,11,0,8,0,0,0,0,1,1,1,1,7,10837,2,2,2,1
201337EA74317,2,9,0,18,0,8,0,10,1,0,4,1,6,1,7,3226,2,11,9,2
201337EA74343,1,9,0,18,0,1,1,0,0,0,1,1,6,2,7,2490,2,16,7,3
201337EA74343,2,9,0,10,0,1,0,0,0,0,2,1,6,2,9,1390,1,12,8,1
201337EA74346,1,9,0,18,0,0,0,0,0,0,1,1,2,2,5,1299,1,13,4,1
201337EA74346,2,9,0,18,0,0,0,0,0,0,1,1,6,2,8,1796,1,14,7,2
201337EA74347,1,9,0,9,0,8,1,0,0,0,3,1,6,1,4,1390,1,12,4,2
201337EA74347,2,9,0,18,0,1,0,0,0,0,1,1,6,2,9,2993,2,5,7,3
201337EA74352,1,9,0,7,9,5,0,0,0,0,4,1,6,2,6,1388,1,7,9,1
201337EA74357,1,9,4,5,0,1,0,0,0,0,1,1,6,1,10,-1,-1,-1,9,1
201337EA74359,1,9,0,18,0,1,0,0,0,0,1,1,1,1,5,1398,2,-1,2,1
201337EA74359,2,9,0,9,0,5,0,0,7,0,2,1,6,2,7,1997,2,4,10,1
201337EA74361,1,9,0,7,0,1,0,0,0,0,2,1,6,1,10,1560,2,3,9,1
201337EA74361,2,11,0,5,0,1,0,0,0,0,1,1,1,1,7,7300,2,10,-1,-1
201337EA74363,1,11,0,18,0,0,0,0,0,0,1,1,2,1,8,4500,2,6,5,1
201337EA74368,1,9,0,14,0,0,0,0,0,0,1,1,1,1,9,-1,-1,-1,7,3
201337EA74370,1,9,0,18,0,1,0,0,0,0,1,1,1,1,4,-1,-1,-1,7,3
201337EA74370,2,9,0,10,0,1,0,4,0,0,2,1,1,1,7,2362,1,13,5,1
201337EA74370,3,9,0,3,0,2,0,0,0,0,2,1,6,2,5,1598,1,-1,5,1
201337EA74370,4,20,0,3,0,2,0,11,1,9,1,1,1,2,5,4462,2,-1,5,1
201337EA74380,1,9,0,3,0,4,0,0,0,0,1,1,6,1,4,1598,2,-1,8,3
201337EA74380,2,9,0,5,0,4,0,0,0,0,2,1,6,2,7,1461,2,-1,9,2
201337EA74381,1,5,0,13,0,1,1,0,0,0,1,1,6,1,5,600,1,17,8,3
201337EA74381,2,9,0,9,0,5,0,0,0,0,2,1,6,1,11,-1,-1,-1,8,1
201337EA74382,1,9,0,18,0,0,0,0,0,0,4,1,6,3,-1,-1,-1,-1,-1,-1
201337EA74384,1,9,0,18,0,0,1,0,0,0,1,1,6,1,4,1199,1,12,1,1
201337EA74384,2,9,0,9,0,0,0,0,0,0,2,1,6,2,7,1360,1,13,7,1
201337EA74387,1,9,0,16,0,0,0,0,0,0,0,1,6,3,-1,-1,-1,-1,-1,-1
201337EA74387,2,9,0,17,0,0,0,0,1,9,1,1,6,1,5,1390,1,13,9,3
201337EA74388,1,9,0,5,0,1,0,0,0,0,1,1,6,2,5,1360,1,10,4,1
201337EA74389,1,9,0,18,0,0,0,7,0,2,1,1,1,1,11,1199,1,12,6,3
201337EA74391,1,9,0,1,0,8,0,0,0,0,2,1,1,2,7,1399,2,1,5,1
201337EA74393,1,9,0,18,0,0,0,0,0,0,1,1,6,2,10,1598,1,10,10,1
201337EA74394,1,9,0,5,0,2,0,0,0,0,1,1,6,1,7,1988,1,11,6,1
201337EA74395,1,9,0,13,0,0,0,0,0,0,1,1,6,3,-1,-1,-1,-1,-1,-1
201337EA74395,2,9,0,13,0,0,1,0,7,4,2,1,6,1,4,1391,1,11,9,3
201337EA74395,3,9,0,18,0,0,0,0,0,0,0,1,6,2,6,1388,1,10,9,1
201337EA74398,1,9,0,3,0,2,0,0,0,0,1,1,6,3,-1,-1,-1,-1,-1,-1
201337EA74414,1,9,0,18,0,4,0,0,0,0,1,1,6,1,10,3226,2,12,10,3
201337EA74414,2,1,0,18,0,8,0,0,0,0,4,1,2,1,7,-1,-1,-1,9,1
201337EA74434,1,19,4,14,0,0,0,0,0,0,4,1,1,1,7,2143,2,2,6,1
201337EA74434,2,19,0,2,0,0,0,0,0,0,2,1,1,1,9,1998,2,13,1,1
201337EA74436,1,9,0,4,0,0,0,0,0,0,1,1,6,1,6,1686,2,10,3,1
201337EA74436,2,9,0,4,0,0,0,0,0,0,2,1,6,1,11,999,1,13,1,1
201337EA74446,1,19,0,7,0,1,0,0,0,0,4,1,1,1,-1,-1,-1,-1,-1,-1
201337EA74452,1,9,0,18,0,0,5,0,0,0,1,1,6,1,4,998,1,9,9,2
201337EA74455,1,1,0,18,0,3,0,0,0,0,1,1,6,2,7,-1,-1,-1,-1,-1
201337EA74455,2,9,0,18,0,4,0,0,0,0,3,1,6,1,9,1598,1,10,9,2
201337EA74457,1,1,0,9,0,5,0,4,0,0,1,1,6,1,4,-1,-1,-1,10,1
201337EA74457,2,9,0,2,0,1,0,0,0,0,1,1,6,2,8,1332,1,7,-1,-1
201337EA74458,1,1,0,12,0,1,0,0,7,0,3,1,6,1,6,-1,-1,-1,6,1
201337EA74458,2,9,0,18,0,1,0,0,0,0,4,1,6,1,6,1910,2,9,1,1
201337EA74460,1,9,0,6,0,0,0,0,1,0,2,1,1,1,6,1560,2,1,9,1
201337EA74460,2,9,0,18,0,0,1,0,0,0,1,1,6,1,8,1124,1,13,3,1
201337EA74467,1,9,0,4,0,3,0,0,0,0,4,1,6,2,8,1596,1,4,9,3
201337EA74470,1,9,0,9,0,1,0,0,0,0,3,1,2,1,4,1242,1,8,6,3
201337EA74470,2,3,0,18,0,1,0,0,7,9,1,1,2,1,4,124,1,10,8,3
201337EA74471,1,9,0,18,0,0,0,0,0,0,1,1,6,1,-1,1796,1,12,8,1
201337EA74471,2,9,0,18,0,0,0,0,0,0,1,1,6,2,4,1199,1,10,6,3
201337EA74472,1,5,0,18,0,0,0,0,1,0,1,1,6,1,7,996,1,16,5,2
201337EA74472,2,19,0,18,0,0,1,0,7,4,1,1,1,1,6,-1,-1,-1,9,2
201337EA74474,1,9,0,18,0,0,1,0,0,0,1,1,6,1,5,1596,1,13,8,3
201337EA74494,1,1,0,18,0,0,0,0,0,0,1,1,6,1,6,-1,-1,-1,1,1
201337EA74494,2,9,0,18,0,0,0,0,0,0,4,1,1,1,9,-1,-1,-1,6,1
201337EA74496,1,9,0,18,0,1,0,0,0,0,1,1,1,2,6,1587,1,12,3,1
201337EA74496,2,9,0,10,0,8,0,0,0,0,2,1,6,1,6,1896,2,12,1,1
201337EA74497,1,9,0,18,0,0,0,0,0,0,4,1,6,1,-1,1796,1,14,5,3
201337EA74497,2,1,0,18,0,0,0,0,0,0,2,1,6,1,9,-1,-1,-1,6,3
201337EA74498,1,9,0,9,0,1,0,0,0,0,4,1,6,1,6,1390,1,11,2,1
201337EA74498,2,9,0,18,0,1,0,0,0,0,1,1,6,1,8,1587,1,13,6,1
201337EA74501,1,9,0,18,0,0,2,0,1,0,3,1,1,2,6,1399,2,3,8,1
201337EA74502,1,9,0,17,0,1,2,0,3,4,1,1,6,1,4,1587,1,12,-1,-1
201337EA74502,2,9,0,17,0,1,0,0,0,0,0,1,1,2,7,-1,-1,-1,9,1
201337EA74503,1,9,0,9,0,1,0,0,0,0,4,1,6,1,5,1796,1,9,3,1
201337EA74503,2,9,0,18,0,1,0,0,0,0,1,1,6,2,9,-1,-1,-1,4,1
201337EA74503,3,9,0,18,0,1,0,0,0,0,4,1,6,1,6,1341,1,12,4,1
201337EA74503,4,9,0,18,0,1,0,0,0,0,2,1,6,2,7,1998,1,7,7,3
201337EA74504,1,19,0,3,0,1,0,0,0,0,1,1,1,1,6,2143,2,3,1,1
201337EA74504,2,9,0,5,0,1,0,0,0,0,2,1,1,1,8,-1,-1,-1,-1,-1
201337EA74505,1,9,0,18,0,4,0,0,0,0,1,1,6,2,9,2198,1,7,4,1
201337EA74505,2,1,0,18,0,8,0,0,0,0,4,1,6,1,6,-1,-1,-1,5,1
201337EA74506,1,5,0,18,0,4,0,0,0,0,1,1,6,2,5,675,1,1,3,1
201337EA74506,2,9,0,18,0,8,0,0,0,0,4,1,1,1,10,1995,2,1,5,3
201337EA74507,1,9,0,13,0,0,1,0,7,9,1,1,6,1,6,1761,1,13,7,2
201337EA74507,2,2,0,18,0,0,0,0,1,0,1,1,6,1,4,49,1,3,5,2
201337EA74523,1,9,0,3,0,4,0,0,0,0,0,1,6,1,10,-1,-1,-1,2,1
201337EA74523,2,3,0,18,0,8,0,0,0,0,0,1,6,2,9,89,1,29,7,3
201337EA74524,1,9,0,18,0,1,0,0,0,0,1,1,6,2,-1,1968,2,3,8,3
201337EA74524,2,9,0,4,0,1,0,0,0,0,2,1,6,2,8,1871,2,8,7,2
201337EA74552,1,9,0,18,0,1,0,0,0,0,1,1,6,2,-1,-1,-1,-1,2,1
201337EA74552,2,9,0,3,0,1,0,0,0,0,2,1,6,2,6,1900,2,5,8,3
201337EA74563,1,1,0,18,0,8,0,0,0,0,1,1,6,1,5,-1,-1,-1,10,3
201337EA74563,2,9,0,5,0,8,0,0,0,0,3,1,1,1,6,1896,2,3,9,1
201337EA74565,1,9,0,9,0,1,0,0,0,0,0,1,6,1,5,-1,-1,-1,-1,-1
201337EA74565,2,1,0,18,0,1,0,0,0,0,0,1,2,2,8,-1,-1,-1,5,1
201337EA74566,1,9,0,18,0,1,0,0,0,0,1,1,6,2,7,1910,2,7,7,3
201337EA74566,2,9,0,4,0,8,0,0,0,0,2,1,6,2,8,1242,1,1,7,3
201337EA74568,1,9,0,18,0,1,1,0,7,10,3,1,6,1,11,1197,1,2,5,2
201337EA74568,2,9,0,18,0,2,1,0,0,0,3,1,6,2,6,1499,2,-1,5,2
201337EA74568,3,9,0,18,0,2,0,0,0,0,3,1,6,2,6,3387,1,12,2,1
201337EA74571,1,9,0,9,9,0,0,10,1,4,1,1,6,1,7,-1,-1,-1,8,3
201337EA74573,1,9,0,18,0,0,1,0,7,4,1,1,6,1,10,2685,2,11,7,3
201337EA74573,2,9,0,18,0,0,5,0,1,0,1,1,6,1,8,2460,2,9,10,3
201337EA74574,1,9,0,7,6,7,0,0,8,7,1,1,6,1,7,1896,2,12,9,2
201337EA74574,2,9,0,18,0,1,0,0,8,7,1,1,6,2,5,1747,1,13,6,1
201337EA74576,1,9,0,18,0,4,0,0,0,0,1,1,1,1,8,1753,2,5,-1,-1
201337EA74576,2,9,0,18,0,4,0,0,0,0,1,1,6,1,6,1120,1,15,-1,-1
201337EA74590,1,11,0,13,0,1,0,0,0,0,1,1,1,1,8,-1,-1,-1,6,2
201337EA74590,2,19,0,10,0,1,0,0,0,0,3,1,1,2,9,1399,2,2,7,2
201337EA74599,1,9,0,3,0,1,0,0,0,0,1,1,6,1,10,1560,2,-1,10,1
201337EA74599,2,1,0,16,0,1,0,0,0,0,4,1,1,1,7,-1,-1,-1,6,1
201337EA74600,1,9,0,18,0,0,0,4,0,0,1,1,2,2,5,999,1,3,10,2
201337EA74600,2,9,4,2,0,0,0,0,0,0,2,1,6,1,9,1795,1,14,8,3
201337EA74601,1,9,0,18,0,2,0,0,0,0,1,1,2,2,5,973,1,12,1,1
201337EA74601,2,9,0,18,0,6,0,0,0,0,2,1,6,2,7,1968,2,7,8,2
201337EA74602,1,9,0,18,0,2,0,10,0,4,4,1,6,1,5,1596,1,6,3,1
201337EA74602,2,9,0,11,0,5,0,0,0,0,3,1,6,2,7,1390,1,13,1,1
201337EA74603,1,9,0,14,0,0,0,0,0,0,1,1,1,1,6,1997,2,1,-1,-1
201337EA74604,1,9,0,11,0,8,0,0,0,0,4,1,6,2,7,1299,1,12,3,1
201337EA74604,2,3,0,18,0,8,0,0,0,0,3,1,6,1,8,125,1,5,8,1
201337EA74605,1,9,0,18,0,4,0,0,0,0,4,1,6,1,4,998,1,7,8,1
201337EA74605,2,9,0,18,0,4,0,0,4,2,3,1,6,2,4,1242,1,2,7,1
201337EA74628,1,9,0,10,0,0,0,0,0,0,3,1,6,2,9,1299,1,7,7,3
201337EA74628,2,9,0,18,0,0,1,0,0,0,1,1,3,2,8,1398,2,6,7,3
201337EA74629,1,9,0,14,9,2,0,0,0,0,0,1,6,1,-1,1390,1,5,9,1
201337EA74630,1,9,0,18,0,0,0,0,0,0,1,1,6,2,4,1299,1,8,7,1
201337EA74630,2,9,0,18,0,0,0,0,0,0,2,1,6,2,7,2926,2,11,10,1
201337EA74631,1,9,0,4,0,1,0,0,0,0,1,1,6,1,8,1390,1,2,3,1
201337EA74631,2,1,0,18,4,1,0,0,0,0,1,1,2,2,8,-1,-1,-1,6,1
201337EA74632,1,3,0,18,0,0,0,12,0,0,1,1,1,2,7,230,1,6,7,3
201337EA74633,1,9,0,7,0,5,0,0,0,0,4,1,6,2,7,1299,1,9,5,1
201337EA74633,2,9,0,18,0,8,0,0,0,0,1,1,6,2,7,2487,2,14,7,2
201337EA74633,3,9,0,3,0,6,0,0,0,0,1,1,2,2,6,1997,2,11,5,1
201337EA74635,1,9,4,18,0,0,3,0,0,0,3,1,1,1,8,1896,2,6,5,3
201337EA74635,2,9,0,18,0,0,0,0,0,0,1,1,1,2,9,1598,1,6,7,3
201337EA74652,1,8,0,8,9,6,0,0,0,0,4,1,6,1,8,2231,2,6,3,1
201337EA74652,2,90,0,18,9,1,0,0,0,0,1,1,6,2,11,-1,-1,-1,3,1
201337EA74656,1,11,0,18,0,1,1,0,0,0,4,1,6,1,8,5880,2,9,8,3
201337EA74656,2,9,0,10,0,1,0,0,7,0,3,1,6,2,8,998,1,11,6,3
201337EA74664,1,9,0,7,0,4,0,0,0,0,1,1,6,1,6,1896,2,10,5,3
201337EA74664,2,9,0,7,0,4,0,0,0,0,2,1,6,2,7,1124,1,7,9,2
201337EA74667,1,9,0,4,0,1,1,0,0,0,2,1,2,1,4,1272,1,23,6,2
201337EA74667,2,9,0,3,0,1,0,0,0,0,1,1,2,2,8,1753,2,9,3,1
201337EA74669,1,9,0,9,0,5,0,0,0,0,1,1,6,2,7,1896,2,13,3,1
201337EA74677,1,21,1,11,0,0,0,0,0,0,1,1,1,1,8,10837,2,1,8,3
201337EA74677,2,9,0,18,0,0,0,0,0,0,3,1,6,2,6,998,1,5,3,1
201337EA74680,1,19,0,9,0,8,0,0,0,0,3,1,1,1,8,2198,2,1,7,1
201337EA74680,2,5,0,18,0,1,1,0,0,0,1,1,6,1,4,649,1,-1,6,1
201337EA74696,1,9,0,17,0,0,0,0,0,0,0,1,6,3,-1,-1,-1,-1,-1,-1
201337EA74696,2,2,0,16,0,0,0,0,0,0,3,1,2,1,4,49,1,5,9,3
201337EA74697,1,9,0,18,0,2,0,0,0,0,3,1,2,2,8,1399,2,10,9,2
201337EA74697,2,2,0,13,0,2,0,0,0,0,1,1,2,1,6,98,1,20,7,3
201337EA74699,1,9,0,17,0,0,0,0,7,10,1,1,6,1,4,1149,1,14,5,2
201337EA74700,1,9,0,16,0,0,2,0,8,10,3,1,6,2,6,1198,1,7,9,1
201337EA74701,1,9,0,9,0,8,0,0,0,0,3,1,6,1,6,1339,1,4,5,1
201337EA74701,2,9,0,4,0,8,0,0,0,0,1,1,6,2,9,1242,1,2,9,2
201337EA74702,1,9,0,16,0,0,2,0,0,0,1,1,6,1,4,1124,1,11,3,1
201337EA74702,2,9,0,17,0,0,0,0,0,0,1,1,6,1,8,1124,1,13,7,3
201337EA74703,1,19,0,5,0,2,0,0,0,0,0,1,6,1,7,1753,2,8,7,1
201337EA74703,2,11,0,18,0,1,0,0,0,0,0,1,1,1,8,12816,5,-1,1,1
201337EA74704,1,9,0,10,0,8,0,0,0,0,4,1,6,1,8,-1,-1,-1,5,2
201337EA74704,2,9,0,18,0,8,0,0,0,0,1,1,2,2,6,1596,1,12,3,1
201337EA74707,1,1,0,18,9,2,0,0,0,0,1,1,6,1,4,-1,-1,-1,2,1
201337EA74707,2,90,0,18,9,1,0,0,0,0,1,1,6,2,11,-1,-1,-1,1,1
201337EA74708,1,9,0,18,0,0,0,0,0,0,1,1,6,1,6,998,1,12,9,1
201337EA74708,2,9,0,4,0,0,0,0,0,0,2,1,6,1,8,1289,1,13,8,2
201337EA74708,3,9,0,18,0,0,0,0,0,0,0,1,1,1,6,2400,2,2,7,1
201337EA74776,1,5,0,16,0,2,1,0,0,0,1,1,6,1,9,-1,-1,-1,7,3
201337EA74776,2,9,0,18,0,1,0,0,0,0,1,1,6,2,7,1597,2,-1,8,3
201337EA74777,1,9,0,9,0,1,0,0,0,0,0,1,2,1,7,-1,-1,-1,-1,-1
201337EA74777,2,3,0,5,0,1,1,0,0,0,0,1,2,1,6,903,1,5,2,1
201337EA74794,1,19,0,7,0,8,0,0,0,0,1,1,1,1,5,2198,2,1,5,2
201337EA74794,2,9,0,4,0,1,0,0,0,0,1,1,1,1,7,-1,-1,-1,8,2
201337EA74795,1,9,0,18,0,1,0,0,0,0,1,1,1,2,-1,998,1,15,6,1
201337EA74795,2,1,0,18,0,1,0,0,1,0,3,1,6,1,4,-1,-1,-1,7,3
201337EA74796,1,9,0,17,0,0,0,0,0,0,1,1,6,1,5,1686,2,2,7,3
201337EA74796,2,9,0,16,0,0,0,0,0,0,1,1,3,2,7,1968,2,6,7,3
201337EA74799,1,9,0,1,0,1,0,0,0,0,2,1,1,1,5,-1,-1,-1,-1,-1
201337EA74799,2,5,0,3,0,1,0,0,0,0,1,1,2,1,7,883,1,14,6,3
201337EA74803,1,3,0,14,0,0,1,0,0,0,0,1,2,1,8,-1,-1,-1,8,3
201337EA74812,1,9,0,16,0,0,0,0,1,9,1,1,6,1,9,-1,-1,-1,-1,-1
201337EA74814,1,9,0,17,0,0,1,0,7,9,3,1,6,2,10,1240,1,8,8,3
201337EA74821,1,9,0,4,0,1,0,0,0,0,0,1,6,1,6,1994,1,13,1,1
201337EA74821,2,2,0,18,0,1,1,0,0,0,0,1,6,2,4,49,1,10,1,1
201337EA74828,1,9,0,17,0,0,0,0,7,0,1,1,1,1,6,-1,-1,-1,-1,-1
201337EA74828,2,9,0,16,0,0,0,0,0,0,1,1,6,2,9,1199,1,9,7,3
201337EA74831,1,1,0,9,0,0,0,0,0,0,3,1,6,1,6,-1,-1,-1,2,1