Accident_Index,Vehicle_Reference,Vehicle_Type,Towing_and_Articulation,Vehicle_Manoeuvre,Vehicle_Location-Restricted_Lane,Junction_Location,Skidding_and_Overturning,Hit_Object_in_Carriageway,Vehicle_Leaving_Carriageway,Hit_Object_off_Carriageway,1st_Point_of_Impact,Was_Vehicle_Left_Hand_Drive?,Journey_Purpose_of_Driver,Sex_of_Driver,Age_Band_of_Driver,Engine_Capacity_(CC),Propulsion_Code,Age_of_Vehicle,Driver_IMD_Decile,Driver_Home_Area_Type
201337EA74831,2,5,0,18,0,0,0,0,0,0,1,1,6,1,6,599,1,14,2,1
201337EA74832,1,9,0,18,0,0,0,0,0,0,1,1,2,2,7,1998,1,11,6,3
201337EA74832,2,9,0,18,0,0,0,0,0,0,2,1,3,2,8,1991,2,2,6,3
201337EA74832,3,9,0,18,0,0,0,0,1,0,0,1,6,1,11,1991,2,4,6,3
201337EA74834,1,9,0,18,0,4,0,0,0,0,1,1,2,2,8,2151,2,13,7,1
201337EA74834,2,1,0,18,0,3,0,0,0,0,4,1,2,2,7,-1,-1,-1,9,1
201337EA74835,1,9,0,9,0,6,0,0,0,0,1,1,6,2,4,-1,-1,-1,7,3
201337EA74835,2,9,0,18,0,1,0,0,7,10,1,1,6,1,11,1298,1,5,7,3
201337EA74841,1,9,0,18,0,1,0,0,0,0,1,1,6,2,4,1124,1,12,8,3
201337EA74841,2,9,0,3,0,1,0,0,0,0,2,1,1,1,9,-1,-1,-1,2,1
201337EA74848,1,9,0,5,0,1,0,0,0,0,1,1,6,2,10,1242,1,13,7,1
201337EA74848,2,9,0,17,0,8,0,0,0,0,4,1,3,1,6,1984,1,8,7,1
201337EA74850,1,1,0,18,9,8,0,0,0,0,1,1,4,1,3,-1,-1,-1,2,1
201337EA74850,2,9,0,4,0,1,0,0,0,0,4,1,6,2,6,1248,2,4,3,1
201337EA74857,1,9,0,18,0,0,0,0,0,0,3,1,6,3,-1,-1,-1,-1,-1,-1
201337EA74858,1,9,0,7,0,8,0,0,0,0,4,1,6,1,10,1461,2,4,7,1
201337EA74858,2,1,0,18,0,8,0,0,0,0,1,1,6,1,4,-1,-1,-1,8,1
201337EA74859,1,9,0,18,0,4,0,0,0,0,1,1,6,1,4,1149,1,13,2,1
201337EA74859,2,9,0,3,0,4,0,0,0,0,2,1,2,2,5,998,1,7,3,1
201337EA74860,1,1,0,18,9,1,0,0,0,0,1,1,4,1,2,-1,-1,-1,4,1
201337EA74860,2,9,0,7,0,8,0,0,0,0,3,1,2,1,5,1596,1,13,-1,-1
201337EA74863,1,9,0,18,0,4,0,0,0,0,1,1,6,1,11,1598,1,3,7,1
201337EA74863,2,9,0,18,0,8,0,0,0,0,1,1,1,1,6,1490,1,4,6,1
201337EA74866,1,9,0,9,0,1,0,0,0,0,1,1,6,2,5,-1,-1,-1,8,1
201337EA74866,2,9,0,18,0,1,0,0,1,10,1,1,6,2,6,1397,1,5,8,3
201337EA74870,1,1,0,18,0,0,0,0,0,0,3,1,6,1,6,-1,-1,-1,3,1
201337EA74870,2,9,0,18,0,0,0,0,0,0,1,1,2,2,5,1199,1,11,5,1
201337EA74873,1,19,0,1,0,1,0,0,0,0,2,1,1,1,6,2143,2,1,9,2
201337EA74873,2,9,0,4,0,1,0,0,0,0,1,1,6,2,8,1995,2,-1,9,2
201337EA74875,1,9,0,14,0,0,5,4,0,0,1,1,2,1,4,1199,1,10,5,1
201337EA74875,2,9,0,2,0,0,0,0,0,0,3,1,1,1,6,1339,1,11,5,1
201337EA74876,1,9,0,18,0,2,0,0,1,4,1,1,6,1,4,1229,1,6,8,3
201337EA74877,1,9,0,9,0,8,0,0,0,0,1,1,6,2,5,-1,-1,-1,-1,-1
201337EA74877,2,9,0,18,0,1,0,0,0,0,1,1,6,2,8,1997,2,13,7,3
201337EA74877,3,9,0,18,0,1,0,0,0,0,1,1,6,1,10,1332,1,17,9,1
201337EA74879,1,9,0,1,0,0,0,0,1,10,2,1,6,1,10,1596,1,-1,7,3
201337EA74890,1,9,0,18,0,0,0,0,0,0,4,1,6,1,8,1753,2,10,1,1
201337EA74907,1,9,0,18,0,0,0,4,0,0,1,1,6,1,5,1124,1,12,9,2
201337EA74907,2,9,0,2,0,0,0,0,0,0,3,1,6,2,5,1149,1,11,9,2
201337EA74909,1,9,0,9,0,8,0,0,0,0,0,1,6,2,6,1896,2,10,9,3
201337EA74909,2,5,0,17,0,1,0,0,0,0,3,1,6,1,9,885,1,19,5,3
201337EA74910,1,9,0,18,0,0,0,0,0,0,1,1,1,1,6,1995,2,3,7,3
201337EA74910,2,9,0,18,0,0,0,0,4,6,2,1,1,1,8,1796,1,10,6,1
201337EA74915,1,19,0,4,0,0,1,0,0,0,1,1,1,1,8,1753,2,16,3,1
201337EA74915,2,9,0,3,0,0,0,0,0,0,2,1,6,1,7,1984,1,9,8,3
201337EA74915,3,9,0,3,0,0,0,0,0,0,2,1,1,1,6,1390,1,10,3,1
201337EA74917,1,9,0,17,0,0,0,4,1,0,4,1,1,2,4,1242,1,4,8,1
201337EA74917,2,9,0,2,0,0,0,0,0,0,3,1,6,2,-1,1870,2,10,8,1
201337EA74917,3,9,0,2,0,0,0,0,0,0,2,1,6,2,7,1996,1,16,8,1
201337EA74917,4,9,0,2,0,0,0,0,0,0,1,1,6,1,6,1970,1,12,8,1
201337EA74919,1,9,0,9,0,8,0,0,0,0,3,1,1,1,7,-1,-1,-1,5,1
201337EA74919,2,9,0,18,0,1,0,0,0,0,1,1,2,1,4,1596,1,6,7,2
201337EA74920,1,20,0,17,0,8,0,0,0,0,3,1,1,1,8,-1,-1,-1,3,2
201337EA74920,2,9,0,18,0,8,0,0,3,1,3,1,1,1,8,1388,1,4,8,1
201337EA74921,1,9,0,18,0,1,0,0,0,0,1,1,1,1,7,-1,-1,-1,-1,-1
201337EA74923,1,9,0,18,0,0,1,0,4,6,1,1,6,2,6,4700,1,48,10,1
201337EA74928,1,9,0,16,0,0,2,0,0,0,4,1,6,1,4,973,1,15,10,3
201337EA74928,2,8,0,18,0,0,0,0,0,0,3,1,1,1,9,2460,2,8,10,2
201337EA74932,1,20,0,16,0,0,1,0,0,0,3,1,1,1,8,4580,2,13,6,2
201337EA74932,2,9,0,16,0,0,0,0,0,0,1,1,6,2,5,1149,1,11,6,2
201337EA74934,1,1,0,18,9,1,0,0,0,0,3,1,4,1,3,-1,-1,-1,6,1
201337EA74934,2,9,0,4,0,1,0,0,0,0,1,1,2,1,8,1956,2,1,6,2
201337EA74935,1,9,0,16,0,0,0,0,0,0,0,1,6,3,-1,-1,-1,-1,-1,-1
201337EA74935,2,9,0,17,0,0,2,0,1,0,4,1,6,1,7,1360,1,11,7,2
201337EA74938,1,9,0,18,0,1,0,0,0,0,1,1,1,2,6,1597,1,16,4,1
201337EA74942,1,9,0,18,0,1,0,0,0,0,1,1,6,1,8,1582,2,3,5,1
201337EA74942,2,9,0,4,0,1,0,0,0,0,2,1,6,1,8,1999,1,6,3,1
201337EA74942,3,9,0,4,0,1,0,0,0,0,2,1,6,1,5,1489,1,16,7,1
201337EA74946,1,9,0,3,0,4,0,0,0,0,2,1,1,1,6,796,1,12,2,1
201337EA74946,2,9,0,3,0,4,0,0,0,0,1,1,6,1,-1,1598,7,10,-1,-1
201337EA74948,1,9,0,18,0,1,1,7,7,0,2,1,6,1,8,1968,2,7,3,1
201337EA74949,1,9,0,17,0,0,1,0,7,4,1,1,6,2,7,1994,1,9,5,2
201337EA74951,1,9,0,4,0,8,0,0,0,0,1,1,6,2,6,1598,2,1,7,3
201337EA74951,2,9,0,18,0,8,0,0,0,0,4,1,6,1,8,-1,-1,-1,-1,-1
201337EA74953,1,9,0,5,0,1,0,0,0,0,1,1,6,1,7,1794,1,10,9,1
201337EA74953,2,9,0,5,0,1,0,0,0,0,2,1,6,2,5,1149,1,14,2,1
201337EA74953,3,9,0,5,0,1,0,0,0,0,2,1,6,1,5,1587,1,8,5,1
201337EA74962,1,9,0,17,0,0,5,0,1,0,4,1,6,1,4,1199,1,11,7,2
201337EA74963,1,9,0,5,0,4,0,0,0,0,1,1,6,1,5,1343,1,24,1,1
201337EA74963,2,9,0,3,0,4,0,0,0,0,2,1,6,1,6,1598,1,11,1,1
201337EA74965,1,9,0,7,0,1,0,0,0,0,4,1,6,2,7,1796,1,10,9,2
201337EA74965,2,1,0,17,0,1,0,0,0,0,3,1,6,1,8,-1,-1,-1,5,2
201337EA74966,1,9,0,9,0,8,0,0,0,0,1,1,6,2,7,1686,2,10,2,1
201337EA74966,2,1,0,18,0,1,1,0,1,0,1,1,6,1,7,-1,-1,-1,2,1
201337EA74968,1,9,0,5,0,3,0,0,0,0,0,1,1,1,8,2993,2,2,10,1
201337EA74968,2,1,0,9,0,4,0,0,0,0,0,1,6,1,6,-1,-1,-1,7,3
201337EA74970,1,19,0,18,0,8,0,0,0,0,1,1,6,1,-1,-1,-1,-1,-1,-1
201337EA74970,2,1,0,18,0,8,0,0,0,0,0,1,4,2,3,-1,-1,-1,2,1
201337EA74971,1,19,0,9,0,6,0,0,0,0,3,1,1,1,6,2143,2,-1,9,1
201337EA74971,2,9,0,18,0,1,0,0,0,0,1,1,6,2,8,1679,1,14,4,1
201337EA74972,1,9,0,18,0,3,0,0,0,0,0,1,6,1,11,998,1,3,6,2
201337EA74972,2,9,0,18,0,3,0,0,0,0,0,1,6,1,5,998,1,-1,5,1
201337EA74987,1,9,0,18,0,8,0,0,0,0,1,1,6,1,6,1595,1,12,-1,-1
201337EA74987,2,3,0,3,0,8,0,0,0,0,2,1,2,1,6,124,1,1,5,1
201337EA74988,1,9,0,18,0,8,0,0,0,0,3,1,6,2,5,1390,1,10,7,1
201337EA74989,1,9,0,18,0,4,1,9,0,0,1,1,6,1,4,1794,1,12,10,3
201337EA74989,2,9,0,18,0,4,0,0,0,0,4,1,6,1,7,1995,1,12,7,3
201337EA74993,1,9,0,18,0,0,0,0,0,0,1,1,6,2,6,1364,1,6,9,1
201337EA74993,2,9,0,4,0,0,0,0,0,0,2,1,6,1,4,1242,1,14,-1,-1
201337EA74993,3,9,0,4,0,0,0,0,0,0,2,1,6,3,-1,-1,-1,-1,-1,-1
201337EA74996,1,9,0,18,0,1,0,0,0,0,1,1,6,2,6,1989,1,13,5,1
201337EA74996,2,9,0,2,0,1,0,0,1,0,2,1,6,2,11,1248,1,-1,5,1
201337EA75001,1,9,0,10,0,6,0,0,0,0,1,1,1,2,7,1339,1,9,4,1
201337EA75001,2,1,0,9,0,8,0,0,0,0,2,1,6,2,7,-1,-1,-1,-1,-1
201337EA75003,1,21,0,18,0,0,5,0,1,9,1,1,1,1,6,6692,2,5,8,1
201337EA75005,1,9,0,18,0,0,0,0,0,0,1,1,1,2,5,1229,1,9,7,3
201337EA75005,2,9,0,3,0,0,0,0,0,0,2,1,1,1,8,2995,1,8,10,1
201337EA75005,3,9,0,3,0,0,0,0,0,0,0,1,1,2,7,1388,1,10,6,1
201337EA75005,4,9,0,3,0,0,0,0,0,0,2,1,1,1,8,1994,2,5,6,3
201337EA75015,1,9,0,18,0,1,0,0,1,1,1,1,6,1,9,1598,1,11,2,1
201337EA75028,1,9,0,18,0,4,0,0,0,0,3,1,6,2,-1,-1,-1,-1,-1,-1
201337EA75028,2,1,0,18,0,3,1,0,0,0,1,1,6,1,7,-1,-1,-1,5,1
201337EA75042,1,9,0,4,0,0,0,0,0,0,1,1,3,2,7,1796,1,12,-1,-1
201337EA75043,1,9,0,9,0,6,0,0,3,9,3,1,2,2,6,2521,1,5,8,1
201337EA75043,2,19,0,18,0,1,0,0,0,0,1,1,1,1,5,2143,2,1,8,2
201337EA75044,1,9,0,18,0,0,1,0,0,0,1,1,2,2,7,1988,1,11,6,3
201337EA75044,2,9,0,3,0,0,0,0,1,4,2,1,2,2,6,1389,1,16,2,1
201337EA75056,1,9,0,15,0,1,0,0,0,0,1,1,6,2,7,998,1,-1,-1,-1
201337EA75063,1,9,0,18,0,4,0,0,0,0,1,1,6,1,5,1242,1,10,9,1
201337EA75063,2,9,0,4,0,8,0,0,0,0,2,1,6,1,7,1598,1,4,2,1
201337EA75064,1,9,0,5,0,3,0,0,0,0,1,1,6,1,4,1560,2,1,1,1
201337EA75064,2,3,0,18,0,8,0,0,0,0,3,1,6,1,4,124,1,13,7,1
201337EA75073,1,9,0,4,0,0,0,0,0,10,1,1,6,2,10,-1,-1,-1,-1,-1
201337EA75077,1,9,0,1,0,6,0,0,0,0,2,1,6,2,8,-1,-1,-1,1,1
201337EA75080,1,9,4,5,0,0,0,0,0,0,3,1,6,1,6,-1,-1,-1,9,2
201337EA75080,2,9,0,18,0,0,0,4,0,0,1,1,6,1,10,2156,1,21,8,2
201337EA75080,3,9,0,18,0,0,0,4,0,0,1,1,6,2,9,1597,1,17,4,1
201337EA75094,1,9,0,5,0,4,0,0,0,0,3,1,2,1,5,1497,1,10,-1,1
201337EA75094,2,2,0,18,0,3,0,0,0,0,1,1,2,1,8,49,1,12,5,1
201337EA75100,1,9,0,5,0,1,0,0,0,0,1,1,1,2,6,1598,1,8,2,1
201337EA75100,2,9,0,5,0,1,0,0,0,0,2,1,3,2,7,1490,1,11,7,3
201337EA75101,1,19,0,1,0,0,0,0,0,0,2,1,1,1,-1,-1,-1,-1,-1,-1
201337EA75109,1,9,0,10,0,5,0,0,0,0,1,1,6,2,11,1390,1,13,-1,-1
201337EA75109,2,9,0,18,0,1,0,0,0,0,1,1,6,2,4,1248,2,1,7,2
201337EA75125,1,8,0,17,0,0,0,0,1,10,1,1,1,1,7,1910,2,6,1,1
201337EA75128,1,9,0,9,0,5,0,0,0,0,0,1,6,2,6,2171,1,12,7,3
201337EA75128,2,9,0,18,0,1,0,0,1,0,1,1,6,1,8,1560,2,6,9,2
201337EA75128,3,9,0,2,6,2,0,0,0,0,1,1,6,1,-1,1781,1,9,-1,-1
201337EA75128,4,9,0,2,6,2,0,0,0,0,1,1,6,1,-1,2198,1,9,-1,-1
201337EA75128,5,9,0,2,6,2,0,0,0,0,3,1,6,1,-1,1997,1,12,-1,-1
201337EA75131,1,9,0,18,0,4,0,0,0,0,1,1,6,2,-1,1397,1,12,8,3
201337EA75131,2,9,0,4,0,4,0,0,0,0,2,1,2,2,7,1299,1,15,8,1
201337EA75134,1,9,0,7,0,6,0,0,0,0,3,1,6,1,6,1299,1,9,8,1
201337EA75134,2,1,0,18,0,1,0,0,0,0,1,1,6,2,5,-1,-1,-1,10,1
201337EA75138,1,9,0,18,0,0,1,0,2,2,4,1,2,1,4,1149,1,7,6,3
201337EA75141,1,9,0,17,0,0,0,0,1,10,1,1,6,1,4,1988,1,12,6,3
201337EA75142,1,9,0,9,0,5,0,0,0,0,4,1,6,1,11,1388,1,1,9,1
201337EA75142,2,5,0,18,0,1,0,0,0,0,1,1,6,1,6,599,1,11,6,3
201337EA75143,1,9,0,7,0,6,0,0,0,0,0,1,2,2,5,1834,1,13,5,1
201337EA75143,2,9,0,18,0,1,5,10,1,9,1,1,2,1,5,2793,1,14,-1,-1
201337EA75144,1,9,0,9,0,2,0,0,0,0,1,1,6,2,7,998,1,14,7,2
201337EA75144,2,9,0,18,0,1,0,0,0,0,4,1,1,1,5,-1,-1,-1,3,1
201337EA75146,1,9,0,16,0,0,1,0,1,0,1,1,6,2,4,1149,1,12,6,3
201337EA75146,2,9,0,4,0,0,0,0,0,0,1,1,6,1,5,1597,1,19,5,2
201337EA75146,3,9,0,16,0,0,1,0,0,0,1,1,6,1,8,-1,-1,-1,5,1
201337EA75148,1,9,0,7,0,8,0,0,0,0,1,1,6,2,8,1360,1,11,2,1
201337EA75148,2,1,0,18,0,1,0,0,0,0,4,1,6,2,8,-1,-1,-1,7,1
201337EA75162,1,9,0,18,0,0,0,0,0,0,0,1,6,2,7,1598,1,8,-1,-1
201337EA75162,2,3,0,18,0,0,1,0,0,0,1,1,6,1,4,125,1,2,-1,-1
201337EA75166,1,9,0,9,0,5,0,0,7,4,3,1,6,1,10,1999,1,2,10,1
201337EA75166,2,19,0,13,0,1,0,0,7,4,3,1,1,1,6,-1,-1,-1,7,3
201337EA75167,1,9,0,18,0,0,0,0,0,0,1,1,2,1,7,1900,2,14,5,1
201337EA75167,2,9,0,18,0,0,0,0,0,0,3,1,2,2,9,1368,1,5,9,1
201337EA75167,3,9,0,18,0,0,0,0,0,0,3,1,2,1,9,1560,2,-1,7,1
201337EA75167,4,8,0,18,0,0,0,0,1,0,1,1,3,1,9,1796,1,5,6,1
201337EA75167,5,9,0,4,0,0,0,0,0,0,2,1,6,1,5,1242,1,4,3,1
201337EA75167,6,9,0,18,0,0,0,0,0,0,1,1,6,1,8,1587,1,8,8,1
201337EA75168,1,9,0,18,0,0,0,0,0,0,1,1,1,1,10,1399,1,5,3,1
201337EA75168,2,9,0,4,0,0,0,0,0,0,2,1,1,2,7,1598,1,3,8,3
201337EA75170,1,9,0,18,0,0,0,0,0,0,0,1,6,1,-1,-1,-1,-1,-1,-1
201337EA75170,2,9,0,18,0,0,0,0,0,0,0,1,1,1,6,2324,1,14,7,3
201337EA75198,1,4,0,18,0,0,1,4,0,0,2,1,1,2,7,124,1,7,3,1
201337EA75198,2,9,0,3,0,0,0,0,0,0,0,1,3,2,7,1685,2,2,3,1
201337EA75203,1,9,0,18,0,0,2,0,0,0,0,1,6,1,9,1997,2,13,5,2
201337EA75217,1,9,0,7,0,8,0,0,0,0,1,1,3,1,9,1896,2,15,7,1
201337EA75217,2,1,0,18,0,8,0,0,0,0,4,1,3,2,6,-1,-1,-1,5,1
201337EA75218,1,9,0,18,0,0,0,0,0,0,1,1,6,1,-1,2188,2,8,6,3
201337EA75221,1,5,0,18,0,0,1,0,0,0,1,1,6,1,5,-1,-1,-1,3,1
201337EA75221,2,9,0,4,0,0,0,0,0,0,2,1,6,1,7,1598,1,2,5,3
201337EA75234,1,9,0,4,0,1,0,0,0,0,1,1,2,2,8,1360,1,6,-1,-1
201337EA75234,2,9,0,4,0,1,0,0,0,0,2,1,1,1,8,-1,-1,-1,7,1
201337EA75234,3,9,0,4,0,1,0,0,0,0,2,1,6,2,10,1299,1,8,7,3
201337EA75250,1,1,0,18,0,0,0,0,0,0,1,1,6,1,6,-1,-1,-1,-1,-1
201337EA75250,2,9,0,4,0,0,0,0,0,0,2,1,1,1,7,1587,1,15,2,1
201337EA75253,1,21,1,18,0,6,0,0,0,0,4,1,1,1,7,-1,-1,-1,-1,-1
201337EA75253,2,9,0,18,0,6,5,0,1,0,1,1,1,2,11,1796,1,12,5,2
201337EA75280,1,9,0,9,0,6,0,0,0,0,1,1,6,2,7,1399,2,4,7,2
201337EA75280,2,9,0,18,0,1,0,0,0,0,1,1,6,2,9,1956,2,3,10,1
201337EA75285,1,3,0,18,0,1,0,0,0,0,1,1,6,1,4,125,1,5,1,1
201337EA75285,2,19,0,1,0,1,0,0,0,0,2,1,1,1,9,2494,2,1,10,1
201337EA75286,1,1,0,18,0,1,0,0,0,0,3,1,4,2,2,-1,-1,-1,2,1
201337EA75286,2,9,0,7,0,2,0,0,0,0,3,1,6,2,-1,-1,-1,-1,-1,-1
201337EA75289,1,3,0,18,0,1,1,4,0,0,1,1,1,1,4,749,1,9,7,3
201337EA75289,2,9,0,2,0,2,0,0,0,0,3,1,6,2,10,1597,1,13,6,3
201337EA75290,1,90,0,18,0,8,0,0,0,0,1,1,6,1,8,-1,-1,-1,6,1
201337EA75290,2,9,0,18,0,8,0,0,0,0,3,1,6,2,9,1587,1,9,4,1
201337EA75294,1,9,0,5,0,4,0,0,0,0,3,1,1,1,9,1910,2,6,8,1
201337EA75294,2,1,0,18,0,8,0,0,0,0,1,1,1,1,9,-1,-1,-1,10,1
201337EA75300,1,9,0,16,0,0,0,0,0,0,0,1,6,3,-1,-1,-1,-1,-1,-1
201337EA75300,2,9,0,17,0,0,1,0,7,3,4,1,6,1,5,1590,1,15,8,2
201337EA75305,1,9,0,18,0,4,0,0,0,0,1,1,1,1,9,1329,1,1,7,1
201337EA75305,2,1,0,18,0,8,0,0,0,0,4,1,1,2,6,-1,-1,-1,-1,-1
201337EA75306,1,9,0,5,0,6,0,0,0,0,3,1,6,2,4,1596,1,12,6,1
201337EA75306,2,9,0,18,0,1,0,0,0,0,1,1,6,1,7,1997,2,9,4,1
201337EA75307,1,9,0,18,0,0,0,4,0,0,1,1,1,1,9,1242,1,11,3,1
201337EA75307,2,9,0,2,0,0,0,0,1,0,2,1,6,2,4,1299,1,13,-1,-1
201337EA75323,1,1,0,5,0,6,0,0,0,0,3,1,6,1,4,-1,-1,-1,3,1
201337EA75323,2,9,0,18,0,8,0,0,0,0,3,1,1,2,5,1598,1,9,5,1
201337EA75330,1,9,0,18,0,3,0,0,0,0,3,1,6,1,6,1686,2,15,1,1
201337EA75330,2,9,0,18,0,3,0,0,7,2,4,1,2,1,9,-1,-1,-1,3,1
201337EA75332,1,1,0,9,0,0,0,0,0,0,3,1,6,1,10,-1,-1,-1,3,1
201337EA75332,2,5,0,18,0,0,5,0,0,0,1,1,1,1,6,1299,1,10,1,1
201337EA75334,1,9,0,18,0,0,5,0,7,0,1,1,6,1,7,2295,1,13,5,1
201337EA75338,1,9,0,18,0,1,1,10,1,0,3,1,6,3,-1,-1,-1,-1,-1,-1
201337EA75341,1,9,0,12,0,0,0,0,0,0,1,1,6,2,6,-1,-1,-1,3,1
201337EA75341,2,9,0,17,0,0,0,0,0,0,2,1,6,1,5,-1,-1,-1,5,1
201337EA75341,3,9,0,17,0,0,0,0,0,0,2,1,6,2,10,1198,1,4,6,1
201337EA75360,1,9,0,3,0,7,0,0,0,0,1,1,6,1,4,995,1,5,10,1
201337EA75360,2,9,0,3,0,7,0,0,0,0,2,1,6,2,7,3628,2,4,-1,-1
201337EA75363,1,10,0,18,0,1,0,0,0,0,4,1,6,1,-1,-1,-1,-1,-1,-1
201337EA75372,1,9,0,6,0,0,0,0,0,0,1,1,6,2,5,1299,1,9,-1,-1
201337EA75372,2,9,0,17,0,0,0,0,0,0,1,1,2,2,6,1598,1,13,7,3
201337EA75374,1,9,0,5,0,4,0,0,0,0,1,1,2,1,8,1796,1,10,10,1
201337EA75374,2,1,0,18,0,8,0,0,0,0,4,1,2,1,8,-1,-1,-1,6,1
201337EA75375,1,9,0,18,0,0,1,0,0,0,1,1,2,2,6,1497,1,11,3,1
201337EA75376,1,9,0,17,0,0,0,0,1,0,2,1,6,1,4,1299,1,14,7,3
201337EA75386,1,19,0,5,0,1,0,0,0,0,4,1,6,3,-1,-1,-1,-1,-1,-1
201337EA75388,1,9,0,18,0,0,0,0,0,0,1,1,6,1,7,1896,2,11,9,2
201337EA75388,2,9,0,3,0,0,0,0,0,0,2,1,6,1,4,1198,1,-1,6,3
201337EA75388,3,9,0,3,0,0,0,0,0,0,2,1,6,1,8,1968,2,6,-1,-1
201337EA75394,1,1,0,18,0,6,0,0,0,0,1,1,6,1,11,-1,-1,-1,-1,-1
201337EA75394,2,9,0,18,0,1,0,0,0,0,3,1,6,2,10,1198,1,5,9,1
201337EA75396,1,9,0,18,0,5,0,0,0,0,1,1,6,2,6,1598,1,12,3,1
201337EA75396,2,9,0,18,0,5,0,0,0,0,2,1,6,1,6,-1,-1,-1,3,1
201337EA75397,1,9,0,5,0,4,0,0,0,0,1,1,6,2,6,1299,1,13,1,1
201337EA75397,2,1,0,18,5,1,0,0,0,0,4,1,6,1,6,-1,-1,-1,7,1
201337EA75404,1,3,0,18,0,1,0,0,0,0,1,1,6,1,4,125,1,2,10,1
201337EA75404,2,9,0,3,0,1,0,0,0,0,2,1,6,1,8,5343,1,28,10,1
201337EA75405,1,9,0,9,0,8,0,0,0,0,0,1,6,3,-1,-1,-1,-1,-1,-1
201337EA75405,2,2,0,18,0,1,1,0,0,0,0,1,1,2,5,49,1,8,7,1
201337EA75407,1,9,0,17,0,0,1,0,7,4,1,1,6,2,4,1299,1,9,-1,-1
201337EA75414,1,9,0,18,0,0,0,0,0,0,1,1,6,1,7,1798,1,8,4,1
201337EA75414,2,1,0,18,0,0,0,0,0,0,1,1,1,1,7,-1,-1,-1,-1,-1
201337EA75415,1,21,1,17,0,0,1,6,0,0,3,1,1,1,9,11705,2,6,9,3
201337EA75416,1,9,0,1,0,2,0,0,0,0,4,1,6,2,-1,-1,-1,-1,-1,-1
201337EA75417,1,9,0,18,0,4,0,0,0,0,1,1,6,2,9,1396,1,3,8,3
201337EA75417,2,9,0,18,0,8,0,0,0,0,2,1,6,2,7,1988,2,7,10,1
201337EA75418,1,9,0,18,0,4,0,0,0,0,1,1,6,1,9,2204,2,5,9,1
201337EA75418,2,1,0,18,0,8,0,0,1,0,4,1,2,1,6,-1,-1,-1,6,1
201337EA75419,1,19,0,18,0,2,0,0,0,0,1,1,1,1,8,2402,2,5,7,2
201337EA75420,1,9,0,18,0,1,1,0,0,0,1,1,6,2,6,1461,2,5,10,3
201337EA75420,2,9,0,3,0,1,0,0,0,0,2,1,6,2,7,1598,1,8,8,3
201337EA75421,1,21,1,14,0,0,1,0,0,0,1,1,1,1,8,10308,2,1,1,1
201337EA75421,2,19,0,3,0,0,0,0,0,0,2,1,1,1,8,1996,2,3,10,1
201337EA75422,1,9,0,5,0,0,0,0,1,3,4,1,6,2,8,2179,2,3,9,3
201337EA75423,1,9,0,18,0,0,0,0,0,0,1,1,6,2,7,1242,1,-1,7,3
201337EA75423,2,9,0,2,0,0,0,0,0,0,2,1,3,2,8,1206,1,-1,7,3
201337EA75424,1,9,0,5,0,6,0,0,0,0,1,1,6,1,9,1995,2,1,7,3
201337EA75424,2,9,0,18,0,1,0,0,0,0,4,1,1,1,8,1598,2,1,7,3
201337EA75425,1,9,0,18,0,0,0,0,0,0,1,1,6,1,-1,1796,1,9,9,2
201337EA75426,1,9,0,2,0,2,0,0,0,0,2,1,6,2,8,1799,1,7,8,3
201337EA75426,2,9,0,2,0,2,0,0,0,0,2,1,6,2,8,1339,1,6,8,3
201337EA75428,1,2,0,18,0,0,1,0,0,0,0,1,6,1,4,108,1,-1,3,1
201337EA75429,1,9,0,18,0,0,0,0,0,0,1,1,2,1,7,1398,1,9,8,1
201337EA75429,2,9,0,4,0,0,0,0,0,0,2,1,2,2,6,1598,1,7,3,1
201337EA75429,3,9,0,4,0,0,0,0,0,0,2,1,2,1,6,1910,2,8,9,3
201337EA75429,4,9,0,4,0,0,0,0,0,0,2,1,2,1,10,998,1,1,9,2
201337EA75431,1,9,0,16,0,0,1,0,1,4,4,1,6,1,5,1896,2,10,3,1
201337EA75434,1,9,3,18,0,0,2,0,6,0,1,1,6,1,8,2800,2,16,7,3
201337EA75435,1,9,0,7,0,6,0,0,0,0,2,1,6,1,6,1956,2,-1,2,1
201337EA75435,2,9,0,18,0,1,0,0,0,0,1,1,6,2,8,1108,1,14,7,1
201337EA75453,1,9,0,9,0,6,0,0,0,0,3,1,6,2,11,998,1,3,8,3
201337EA75453,2,3,0,18,0,1,0,0,0,0,1,1,6,1,6,124,1,2,5,2
201337EA75462,1,9,0,9,0,1,0,0,0,0,4,1,2,2,5,1240,1,5,7,2
201337EA75462,2,1,0,18,0,1,0,0,0,0,1,1,6,1,10,-1,-1,-1,10,1
201337EA75464,1,9,0,9,0,1,0,0,0,0,1,1,6,2,8,1762,1,15,7,2
201337EA75464,2,19,4,18,0,1,0,0,0,0,4,1,1,1,7,2402,2,5,3,1
201337EA75487,1,9,0,18,0,0,0,0,0,0,1,1,6,2,6,1997,1,9,9,3
201337EA75487,2,19,0,2,0,0,0,0,0,0,2,1,6,1,7,3920,2,6,4,2
201337EA75488,1,9,0,4,0,0,0,0,0,0,1,1,6,3,-1,-1,-1,-1,-1,-1
201337EA75488,2,9,0,3,0,0,0,0,0,0,2,1,6,2,6,1388,1,1,2,1
201337EA75496,1,9,0,18,0,0,0,0,0,0,1,1,6,2,5,1199,1,14,6,2
201337EA75496,2,9,0,3,0,0,0,0,0,0,2,1,2,1,6,-1,-1,-1,8,1
201337EA75496,3,9,0,3,0,0,0,0,0,0,2,1,2,1,8,-1,-1,-1,-1,-1