Accident_Index,Vehicle_Reference,Vehicle_Type,Towing_and_Articulation,Vehicle_Manoeuvre,Vehicle_Location-Restricted_Lane,Junction_Location,Skidding_and_Overturning,Hit_Object_in_Carriageway,Vehicle_Leaving_Carriageway,Hit_Object_off_Carriageway,1st_Point_of_Impact,Was_Vehicle_Left_Hand_Drive?,Journey_Purpose_of_Driver,Sex_of_Driver,Age_Band_of_Driver,Engine_Capacity_(CC),Propulsion_Code,Age_of_Vehicle,Driver_IMD_Decile,Driver_Home_Area_Type
201337EA76323,2,9,0,3,0,1,0,0,0,0,4,1,6,1,6,1870,2,9,6,2
201337EA76345,1,9,0,18,0,0,0,0,7,0,1,1,6,2,10,1199,1,10,5,1
201337EA76345,2,21,1,18,0,0,0,0,0,0,1,1,6,1,7,12740,2,3,9,2
201337EA76346,1,5,0,13,0,8,1,0,7,0,1,1,6,1,7,599,1,10,5,1
201337EA76346,2,9,4,9,0,8,0,0,0,0,3,1,6,2,8,4164,2,16,7,3
201337EA76351,1,9,0,10,0,1,0,0,0,0,0,1,1,1,7,1783,1,10,3,1
201337EA76351,2,3,0,18,0,1,0,0,0,0,1,1,6,1,4,125,1,-1,7,3
201337EA76374,1,9,0,18,0,0,0,0,0,0,0,1,6,1,5,-1,-1,-1,7,3
201337EA76391,1,19,0,18,0,1,0,0,0,0,3,1,2,1,6,-1,-1,-1,4,1
201337EA76391,2,9,0,18,0,1,0,0,1,1,3,1,6,1,7,1999,1,11,5,1
201337EA76391,3,19,0,18,0,1,0,0,1,0,1,1,1,2,8,1399,2,3,6,1
201337EA76403,1,9,0,18,0,1,0,0,0,0,1,1,6,2,-1,-1,-1,-1,-1,-1
201337EA76403,2,1,0,9,0,5,0,0,0,0,3,1,4,1,3,-1,-1,-1,9,1
201337EA76404,1,9,0,9,0,1,0,0,0,0,1,1,6,2,8,1984,2,-1,8,3
201337EA76404,2,9,0,18,0,1,0,0,0,0,1,1,6,1,7,1600,1,16,2,1
201337EA76406,1,9,0,18,0,0,0,0,0,0,4,1,6,2,10,1400,1,6,7,1
201337EA76410,1,9,0,9,0,8,0,0,0,0,3,1,6,1,6,1242,1,11,8,3
201337EA76410,2,9,0,18,0,1,0,0,0,0,1,1,6,2,5,1299,1,15,10,1
201337EA76413,1,9,0,17,0,0,2,0,0,3,1,1,6,2,5,1598,1,11,-1,-1
201337EA76414,1,90,0,5,0,8,0,0,0,0,1,1,6,1,8,-1,-1,-1,8,3
201337EA76414,2,9,0,18,0,8,0,0,0,0,1,1,3,2,8,1560,2,5,8,1
201337EA76415,1,9,0,18,0,1,0,0,0,0,4,1,6,3,-1,-1,-1,-1,-1,-1
201337EA76415,2,1,0,10,0,1,0,0,0,0,4,1,6,2,5,-1,-1,-1,3,1
201337EA76416,1,9,0,10,0,0,0,0,0,0,1,1,6,1,7,1991,2,11,5,3
201337EA76427,1,9,4,18,0,0,4,0,0,6,3,1,1,1,10,2446,2,12,5,1
201337EA76427,2,9,0,18,0,0,0,0,0,0,4,1,6,1,8,1956,2,2,10,1
201337EA76431,1,9,0,16,0,0,1,0,3,9,1,1,2,2,4,-1,-1,-1,10,1
201337EA76432,1,9,0,17,0,1,2,0,1,1,1,1,6,1,4,1398,2,9,8,3
201337EA76445,1,9,0,18,0,0,2,0,1,9,3,1,6,1,5,1360,1,12,8,2
201337EA76448,1,9,0,9,0,6,0,0,0,0,3,1,6,2,11,1198,1,1,7,3
201337EA76448,2,9,0,18,0,1,0,0,0,0,1,1,6,2,9,1910,2,6,7,3
201337EA76450,1,9,0,17,0,8,0,0,0,0,1,1,6,2,5,1590,1,9,-1,-1
201337EA76450,2,9,0,16,0,8,0,0,1,0,1,1,6,1,10,1968,2,7,-1,-1
201337EA76479,1,9,0,18,0,8,0,0,0,0,1,1,6,1,9,-1,-1,-1,7,3
201337EA76479,2,9,0,18,0,8,0,0,0,0,4,1,6,1,7,698,1,6,8,1
201337EA76480,1,9,0,6,8,6,0,0,0,0,3,1,6,1,8,-1,-1,-1,10,1
201337EA76480,2,3,0,18,0,1,0,0,0,0,1,1,6,1,4,125,1,8,10,1
201337EA76483,1,9,0,18,0,1,0,0,0,0,1,1,6,2,7,1968,2,2,8,1
201337EA76483,2,9,0,10,0,1,0,0,0,0,2,1,3,2,6,1587,1,10,2,1
201337EA76484,1,9,0,5,0,1,1,0,7,1,4,1,1,1,5,2993,2,8,6,1
201337EA76484,2,9,0,2,0,1,0,0,0,0,3,1,6,1,8,1870,2,2,8,1
201337EA76529,1,9,0,18,0,0,1,0,7,0,1,1,6,2,5,1598,1,7,5,2
201337EA76540,1,9,0,18,0,8,0,0,0,0,1,1,6,3,-1,-1,-1,-1,-1,-1
201337EA76540,2,1,0,17,0,8,0,0,0,0,3,1,1,1,3,-1,-1,-1,7,1
201337EA76541,1,9,0,13,0,0,0,0,0,0,4,1,6,3,-1,-1,-1,-1,-1,-1
201337EA76541,2,9,0,18,0,0,0,0,0,0,3,1,6,1,4,-1,-1,-1,6,2
201337EA76542,1,9,0,1,0,0,0,0,0,0,1,1,2,2,9,1149,1,7,8,3
201337EA76542,2,9,0,18,0,0,0,0,0,0,3,1,6,1,10,1598,1,13,10,3
201337EA76545,1,9,0,7,6,0,0,0,0,0,2,1,6,2,8,1975,1,12,2,1
201337EA76548,1,9,0,16,0,0,0,0,0,0,1,1,6,2,7,1299,1,7,8,3
201337EA76582,1,9,0,16,0,0,1,0,1,4,3,1,6,1,6,1149,1,13,7,1
201337EA76583,1,19,0,18,0,0,0,0,0,0,4,1,6,1,7,1998,2,9,3,1
201337EA76588,1,9,0,18,0,0,0,0,0,0,1,1,6,1,10,2148,2,11,4,1
201337EA76589,1,9,0,18,0,1,1,0,0,0,1,1,1,1,11,1753,2,11,8,3
201337EA76589,2,9,0,4,0,1,0,0,0,0,1,1,1,1,9,3199,1,15,10,1
201337EA76594,1,9,0,18,0,1,0,0,0,0,1,1,6,3,-1,-1,-1,-1,-1,-1
201337EA76597,1,9,0,18,0,0,0,0,0,0,3,1,6,3,-1,-1,-1,-1,-1,-1
201337EA76597,2,3,0,18,0,0,0,0,0,0,1,1,2,1,6,124,1,-1,10,1
201337EA76599,1,9,0,18,0,0,1,0,5,6,0,1,6,2,5,1499,2,-1,7,1
201337EA76599,2,19,0,18,0,0,0,0,0,0,2,1,1,1,9,4250,2,3,6,3
201337EA76607,1,9,0,9,0,8,0,0,0,0,1,1,6,2,7,1341,1,10,2,1
201337EA76607,2,9,0,9,0,8,0,0,0,0,3,1,6,2,6,1391,1,13,3,1
201337EA76608,1,9,0,17,0,0,0,0,0,0,1,1,1,1,5,1598,1,12,4,1
201337EA76608,2,9,0,4,0,0,0,0,0,0,2,1,1,1,7,1997,1,-1,9,1
201337EA76609,1,9,0,18,0,0,0,4,0,0,3,1,6,2,5,1896,2,8,7,3
201337EA76609,2,9,0,2,0,0,0,0,0,0,3,1,6,1,-1,1596,1,22,3,1
201337EA76612,1,19,0,18,0,0,0,0,0,0,1,1,1,1,6,2298,2,2,2,1
201337EA76612,2,9,0,3,0,0,0,0,0,0,2,1,6,1,7,1896,2,10,2,1
201337EA76612,3,9,0,3,0,0,0,0,0,0,2,1,6,1,7,-1,-1,-1,4,1
201337EA76617,1,8,0,18,0,8,0,0,0,0,1,1,6,2,6,1360,1,13,2,1
201337EA76617,2,9,0,18,0,8,0,0,0,0,4,1,6,1,5,1598,1,13,2,1
201337EA76617,3,9,0,2,0,1,0,0,0,0,3,1,6,2,7,1329,1,3,4,1
201337EA76623,1,9,0,9,0,8,0,0,7,0,1,1,6,1,11,1242,1,11,5,1
201337EA76623,2,9,0,18,0,8,0,0,0,0,1,1,6,1,6,-1,-1,-1,8,3
201337EA76625,1,19,0,18,0,0,1,0,2,7,2,1,1,1,5,2198,2,1,5,1
201337EA76625,2,9,0,18,0,0,0,0,0,0,2,1,6,2,6,1560,2,2,1,1
201337EA76625,3,9,0,18,0,0,0,0,0,0,2,1,6,2,8,1900,2,8,4,1
201337EA76628,1,9,0,7,0,3,0,0,0,0,3,1,6,1,9,1995,2,8,10,1
201337EA76628,2,1,0,7,0,3,0,0,0,0,1,1,2,1,8,-1,-1,-1,6,1
201337EA76636,1,19,0,16,0,0,0,0,0,0,0,1,1,1,7,2402,2,12,9,3
201337EA76664,1,9,0,9,0,8,0,0,0,0,3,1,6,1,7,1997,2,10,8,3
201337EA76664,2,9,0,18,0,1,0,0,0,0,1,1,6,2,7,1498,1,4,10,1
201337EA76665,1,9,0,3,0,0,0,0,0,0,4,1,1,2,6,1596,1,12,4,1
201337EA76665,2,1,0,18,0,0,0,0,0,0,3,1,1,1,6,-1,-1,-1,8,1
201337EA76667,1,9,0,18,0,2,1,0,0,0,1,1,2,1,7,2830,2,18,8,3
201337EA76671,1,8,0,18,0,0,1,7,1,10,1,1,6,1,8,2499,2,-1,6,1
201337EA76673,1,9,0,16,0,0,1,0,0,0,1,1,2,1,8,-1,-1,-1,2,1
201337EA76673,2,9,0,17,0,0,0,0,0,0,1,1,2,1,5,1124,1,11,7,3
201337EA76675,1,9,4,4,0,1,1,0,0,0,1,1,6,1,9,1796,1,13,9,3
201337EA76675,2,9,0,4,0,1,0,0,0,0,2,1,6,1,9,1560,2,1,3,1
201337EA76679,1,9,0,9,0,6,0,0,0,0,3,1,2,1,6,1596,1,8,10,1
201337EA76679,2,1,0,18,0,1,0,0,0,0,1,1,2,2,6,-1,-1,-1,-1,-1
201337EA76680,1,9,0,9,0,8,0,0,0,0,1,1,6,1,9,1598,1,-1,1,1
201337EA76680,2,9,0,18,0,1,0,0,0,0,1,1,2,2,6,1900,2,7,4,1
201337EA76690,1,90,0,7,0,1,0,0,0,0,0,1,1,1,-1,-1,-1,-1,-1,-1
201337EA76690,2,2,0,18,0,1,0,0,0,0,0,1,2,1,4,49,1,1,-1,-1
201337EA76693,1,9,0,4,0,1,0,0,0,0,1,1,2,2,4,1242,1,12,3,1
201337EA76693,2,3,0,4,0,1,0,0,0,0,2,1,2,2,5,124,1,7,3,1
201337EA76693,3,90,0,3,0,1,0,0,0,0,2,1,6,1,10,-1,-1,-1,8,1
201337EA76698,1,9,0,9,0,5,0,0,0,0,1,1,6,1,5,1596,1,17,5,2
201337EA76698,2,9,0,18,0,1,1,0,1,10,1,1,6,1,5,1149,1,11,1,1
201337EA76710,1,9,0,18,0,0,0,0,1,0,1,1,3,2,7,1198,1,4,8,3
201337EA76710,2,9,0,4,0,0,0,0,1,0,2,1,6,2,9,1596,1,6,9,3
201337EA76713,1,9,0,18,0,0,0,0,0,0,4,1,6,1,6,1868,2,14,8,3
201337EA76715,1,9,0,16,0,0,2,0,7,4,3,1,1,1,5,1560,2,1,9,3
201337EA76716,1,4,0,5,0,0,0,0,0,0,3,1,1,1,4,125,1,14,5,3
201337EA76716,2,9,0,13,0,0,0,0,0,0,4,1,1,1,9,1896,2,5,6,3
201337EA76718,1,21,0,4,0,1,0,0,0,0,1,1,1,1,8,4580,2,-1,2,1
201337EA76718,2,9,0,4,0,1,0,0,0,0,2,1,6,1,5,-1,-1,-1,3,1
201337EA76730,1,9,0,4,0,0,0,0,0,0,1,1,2,1,-1,3222,2,9,8,1
201337EA76730,2,9,0,4,0,0,0,0,0,0,2,1,2,2,6,1198,1,-1,5,1
201337EA76730,3,9,0,4,0,0,0,0,0,0,2,1,2,1,6,-1,-1,-1,9,1
201337EA76730,4,9,0,4,0,0,0,0,0,0,2,1,2,1,-1,1984,1,4,-1,-1
201337EA76730,5,9,0,4,0,0,0,0,0,0,2,1,6,2,-1,1398,1,2,-1,-1
201337EA76730,6,9,0,4,0,0,0,0,0,0,2,1,6,1,-1,1242,1,13,-1,-1
201337EA76730,7,9,0,4,0,0,0,0,0,0,2,1,6,1,-1,1998,2,9,-1,-1
201337EA76731,1,19,0,12,0,8,0,0,0,0,3,1,6,2,8,1753,2,10,9,1
201337EA76731,2,9,0,17,0,8,1,0,5,6,4,1,6,2,6,1299,1,13,2,1
201337EA76733,1,9,0,13,0,1,0,0,7,4,1,1,1,1,5,1596,1,12,4,1
201337EA76733,2,9,0,9,0,8,0,0,7,4,3,1,1,1,8,-1,-1,-1,7,3
201337EA76735,1,9,0,18,0,0,1,0,0,0,1,1,6,1,10,1868,2,11,3,1
201337EA76735,2,9,0,4,0,0,0,0,0,0,2,1,6,1,7,1896,2,13,9,1
201337EA76735,3,9,0,4,0,0,0,0,0,0,2,1,6,1,10,1461,2,10,7,3
201337EA76735,4,9,0,4,0,0,0,0,0,0,2,1,6,1,8,1997,2,4,6,3
201337EA76737,1,9,0,18,0,2,0,8,0,0,4,1,6,2,8,996,1,-1,3,1
201337EA76737,2,9,0,2,0,2,0,0,0,0,4,1,6,1,-1,1910,2,6,9,1
201337EA76738,1,9,0,9,0,6,0,0,0,0,1,1,6,2,10,1149,1,6,6,3
201337EA76738,2,19,0,18,0,1,0,0,0,0,3,1,6,1,7,1868,2,7,2,1
201337EA76740,1,9,0,9,0,8,0,0,0,0,1,1,6,2,4,998,1,7,10,1
201337EA76740,2,19,0,18,0,1,0,0,0,0,1,1,6,2,8,1753,2,17,3,1
201337EA76745,1,9,0,16,0,0,1,0,8,4,1,1,6,1,5,1850,1,12,7,2
201337EA76747,1,9,0,7,0,6,0,0,0,0,3,1,2,1,6,1364,1,9,1,1
201337EA76747,2,1,0,18,0,1,1,0,0,0,1,1,2,1,6,-1,-1,-1,7,1
201337EA76748,1,9,0,9,0,1,0,0,0,0,1,1,6,3,-1,-1,-1,-1,-1,-1
201337EA76749,1,9,0,9,0,6,0,0,0,0,1,1,1,1,6,2830,2,18,9,1
201337EA76749,2,9,0,9,0,5,0,0,0,0,3,1,1,2,7,1896,2,9,2,1
201337EA76780,1,9,0,3,0,8,0,0,0,0,1,1,6,1,6,1968,2,5,7,1
201337EA76780,2,9,0,3,0,8,0,0,0,0,2,1,1,1,8,1598,2,2,10,3
201337EA76784,1,9,0,7,0,6,0,0,3,9,3,1,1,2,5,1149,1,6,6,3
201337EA76784,2,9,0,18,0,1,0,0,0,0,1,1,1,1,7,2500,2,20,4,1
201337EA76785,1,9,0,13,0,2,0,0,0,0,1,1,2,1,9,1360,1,9,-1,-1
201337EA76785,2,9,0,18,0,1,0,0,0,0,1,1,6,1,5,1781,1,10,7,1
201337EA76785,3,17,5,18,0,2,0,0,0,0,3,1,1,1,9,-1,-1,-1,7,3
201337EA76788,1,9,0,18,0,0,1,0,0,0,1,1,6,2,6,1388,1,3,7,2
201337EA76788,2,9,0,18,0,0,1,0,1,0,1,1,6,1,9,1242,1,16,5,3
201337EA76791,1,9,0,5,0,4,0,0,0,0,1,1,6,2,6,2497,1,6,6,1
201337EA76791,2,9,0,5,0,4,0,0,0,0,2,1,6,2,7,1598,1,5,5,1
201337EA76793,1,9,0,13,0,2,0,0,0,0,4,1,6,2,9,-1,-1,-1,7,1
201337EA76793,2,1,0,18,0,2,0,0,0,0,3,1,2,1,4,-1,-1,-1,3,1
201337EA76796,1,9,0,9,0,6,0,0,0,0,1,1,6,1,6,1995,2,9,7,2
201337EA76796,2,3,0,18,0,1,0,0,0,0,1,1,6,1,4,-1,-1,-1,5,3
201337EA76797,1,9,0,5,0,6,0,0,0,0,0,1,6,2,8,1997,2,5,1,1
201337EA76797,2,9,0,18,0,1,1,0,0,0,0,1,6,1,7,-1,-1,-1,7,1
201337EA76798,1,9,0,17,0,0,0,0,1,4,1,1,6,2,9,1598,1,2,8,3
201337EA76802,1,9,0,18,0,1,0,0,0,0,1,1,1,1,8,2987,2,5,8,1
201337EA76802,2,9,0,3,0,1,0,0,0,0,2,1,6,2,7,1968,2,1,7,1
201337EA76802,3,9,0,10,0,1,0,0,0,0,2,1,6,2,8,1896,2,15,6,3
201337EA76805,1,1,0,18,9,6,0,0,0,0,3,1,6,2,3,-1,-1,-1,1,1
201337EA76805,2,9,0,18,0,1,0,0,0,0,1,1,6,1,6,2494,1,14,3,1
201337EA76809,1,9,0,18,0,0,2,10,1,4,1,1,6,2,7,1199,2,2,9,1
201337EA76810,1,9,0,9,0,8,0,0,0,0,1,1,1,1,5,1990,1,11,5,1
201337EA76810,2,2,0,18,0,1,0,0,0,0,3,1,1,2,4,49,1,5,3,1
201337EA76811,1,9,0,1,0,0,0,0,0,0,2,1,6,2,-1,-1,-1,-1,-1,-1
201337EA76812,1,9,0,18,0,0,0,0,0,0,1,1,6,2,4,973,1,11,10,1
201337EA76812,2,9,0,18,0,0,0,0,0,0,1,1,6,1,7,2204,2,7,10,1
201337EA76812,3,9,0,18,0,0,0,0,0,0,1,1,6,1,9,1599,1,13,7,1
201337EA76812,4,9,0,18,0,0,0,0,0,0,2,1,6,1,7,1870,2,11,2,1
201337EA76815,1,9,0,18,0,6,0,0,0,0,1,1,6,2,10,1490,1,6,4,1
201337EA76815,2,9,0,18,0,2,0,0,0,0,3,1,6,2,6,1390,1,9,6,3
201337EA76817,1,9,0,5,0,1,0,0,1,0,1,1,6,1,9,-1,-1,-1,7,3
201337EA76817,2,21,0,18,0,1,0,0,7,0,1,1,1,1,7,-1,-1,-1,9,2
201337EA76818,1,19,0,11,0,0,1,0,1,0,1,1,6,1,7,-1,-1,-1,-1,-1
201337EA76818,2,9,0,18,0,0,5,0,0,0,2,1,1,1,9,-1,-1,-1,7,2
201337EA76819,1,9,0,18,0,0,1,0,0,0,1,1,6,2,5,1998,1,20,10,3
201337EA76819,2,9,0,4,0,0,0,0,0,0,2,1,6,1,5,1998,1,19,10,3
201337EA76828,1,9,0,17,0,0,2,0,1,9,4,1,6,2,6,1598,1,15,10,3
201337EA76829,1,9,0,9,0,2,0,0,0,0,0,1,1,1,5,-1,-1,-1,3,1
201337EA76829,2,5,0,18,0,1,1,0,0,0,3,1,1,1,8,-1,-1,-1,9,2
201337EA76832,1,9,0,18,0,0,1,0,0,0,1,1,1,2,7,1997,1,11,3,1
201337EA76832,2,9,0,4,0,0,0,0,0,0,2,1,6,1,9,2993,2,-1,8,3
201337EA76834,1,9,0,18,0,0,2,0,0,0,1,1,1,1,4,1587,1,10,7,3
201337EA76835,1,9,0,10,0,5,0,0,0,0,1,1,6,1,8,2495,2,15,7,3
201337EA76835,2,9,0,18,0,1,0,0,0,0,3,1,1,1,9,1799,1,4,8,1
201337EA76836,1,20,0,5,6,0,0,0,0,0,1,1,1,1,6,11705,2,5,5,1
201337EA76838,1,9,0,18,0,0,2,0,1,4,1,1,2,1,6,1560,2,6,7,2
201337EA76839,1,9,0,17,0,2,0,0,1,10,1,1,6,1,6,-1,-1,-1,8,3
201337EA76840,1,9,0,18,0,1,1,0,0,0,1,1,6,1,-1,1968,2,2,10,3
201337EA76840,2,9,0,10,0,1,0,0,0,0,2,1,6,1,8,1762,1,14,9,2
201337EA76841,1,9,0,9,0,6,0,0,0,0,3,1,2,2,7,1999,1,8,5,1
201337EA76841,2,2,0,18,0,1,0,0,0,0,1,1,2,2,4,50,1,5,10,1
201337EA76842,1,9,0,5,0,6,0,0,0,0,3,1,6,2,11,1997,1,5,5,3
201337EA76842,2,9,0,18,0,1,0,0,0,0,1,1,6,2,6,1870,2,10,9,3
201337EA76850,1,9,0,17,0,1,0,0,0,0,1,1,6,1,11,1248,2,7,5,2
201337EA76850,2,9,0,16,0,2,0,0,0,0,1,1,6,2,10,1769,1,7,5,2
201337EA76854,1,9,0,18,0,8,0,0,0,0,1,1,6,1,10,1390,1,11,9,1
201337EA76854,2,9,0,4,0,8,0,0,0,0,2,1,6,2,6,1598,1,14,2,1
201337EA76920,1,9,0,4,0,1,0,0,0,0,1,1,6,1,11,-1,-1,-1,7,3
201337EA76920,2,9,0,3,0,1,0,0,0,0,2,1,6,1,8,1910,2,8,8,1
201337EA76937,1,9,0,14,0,2,0,0,0,0,1,1,2,1,5,1396,1,12,9,1
201337EA76937,2,8,0,14,0,1,0,0,0,0,1,1,1,1,8,1900,2,14,2,1
201337EA76940,1,9,0,16,0,1,1,0,0,0,1,1,6,1,6,-1,-1,-1,2,1
201337EA76940,2,9,0,17,0,2,0,0,0,0,1,1,6,1,10,1596,1,5,7,3
201337EA76943,1,9,0,11,0,0,0,0,0,0,0,1,6,3,-1,-1,-1,-1,-1,-1
201337EA76943,2,21,1,18,0,0,0,0,0,0,3,1,1,1,9,11946,2,6,10,1
201337EA76943,3,9,0,13,0,0,0,0,0,0,4,1,6,2,8,1591,1,-1,8,2
201337EA76943,4,9,0,13,0,0,0,0,0,0,1,1,6,1,7,1998,1,9,7,3
201337EA76952,1,9,0,18,0,2,0,0,1,0,4,1,1,1,10,-1,-1,-1,5,3
201337EA76953,1,9,0,3,0,1,0,0,0,0,1,1,6,2,7,1796,1,11,9,1
201337EA76953,2,9,0,3,0,1,0,0,0,0,2,1,6,1,7,1396,2,2,9,1
201337EA76958,1,9,0,17,0,0,1,0,1,4,3,1,2,1,8,1360,1,15,5,1
201337EA76962,1,9,0,4,0,1,0,0,0,0,1,1,6,1,9,4293,1,11,6,3
201337EA76962,2,9,0,3,0,1,0,0,0,0,2,1,6,1,8,1598,2,-1,8,3
201337EA76963,1,9,0,18,0,1,0,0,0,0,1,1,6,2,8,1399,2,10,10,1
201337EA76963,2,9,0,4,0,1,0,0,0,0,2,1,6,1,9,1296,1,5,5,1
201337EA76963,3,9,0,4,0,1,0,0,0,0,2,1,6,1,10,1497,1,9,7,2
201337EA76963,4,9,0,10,0,1,0,0,0,0,2,1,6,1,10,1242,1,6,9,2
201337EA76965,1,9,0,18,0,8,0,0,0,0,1,1,6,2,9,1248,2,7,8,3
201337EA76965,2,9,0,18,0,1,2,0,1,0,4,1,1,1,6,1360,1,2,8,3
201337EA76967,1,9,0,4,0,2,0,0,0,0,3,1,1,1,11,-1,-1,-1,10,3
201337EA76970,1,4,0,11,0,4,1,0,0,0,3,1,6,1,5,124,1,4,7,1
201337EA76976,1,9,0,18,0,2,0,0,0,0,4,1,6,3,-1,-1,-1,-1,-1,-1
201337EA76987,1,9,0,18,0,0,0,0,0,0,2,1,6,1,7,-1,-1,-1,4,1
201337EA76987,2,5,0,18,0,0,0,0,0,0,1,1,1,1,7,892,1,17,7,3
201337EA76990,1,9,0,16,0,0,0,0,0,0,1,1,6,1,6,1397,1,13,9,1
201337EA76990,2,9,0,18,0,0,0,0,0,0,1,1,6,1,6,-1,-1,-1,9,1
201337EA76996,1,9,0,4,0,4,0,0,0,0,1,1,6,2,5,1598,1,9,7,3
201337EA76996,2,9,0,4,0,4,0,0,0,0,2,1,6,2,8,1461,2,9,6,1
201337EA77002,1,9,0,18,0,0,2,0,1,0,4,1,3,2,7,1868,2,11,7,2
201337EA77004,1,9,0,16,0,0,0,0,0,0,1,1,6,2,5,1582,2,-1,10,3
201337EA77004,2,21,0,2,0,0,0,0,0,0,1,1,1,1,8,10518,2,-1,8,3
201337EA77005,1,9,0,9,0,8,0,0,0,0,1,1,6,2,11,1598,1,4,10,1
201337EA77005,2,9,0,9,0,8,0,0,0,0,1,1,6,1,9,2792,1,11,7,3
201337EA77006,1,9,0,18,0,0,2,10,1,4,3,1,6,1,5,1997,2,11,4,1
201337EA77080,1,9,0,4,0,1,0,0,0,0,1,1,6,1,10,1951,2,9,9,3
201337EA77080,2,9,0,8,0,1,0,0,0,0,2,1,6,1,9,1299,1,15,7,2
201337EA77102,1,9,0,2,0,2,0,0,0,0,3,1,6,3,-1,-1,-1,-1,-1,-1
201337EA77102,2,1,0,14,0,2,0,0,0,0,1,1,6,1,8,-1,-1,-1,1,1
201337EA77103,1,9,0,18,0,0,0,4,0,0,1,1,6,1,4,954,1,19,9,1
201337EA77103,2,9,0,2,0,0,0,0,0,0,3,1,6,2,7,1248,1,-1,6,1
201337EA77118,1,9,0,18,0,0,0,0,0,0,4,1,6,2,-1,-1,-1,-1,-1,-1
201337EA77120,1,9,0,9,0,1,0,0,0,0,1,1,6,2,8,1490,1,4,2,1
201337EA77120,2,9,0,18,0,1,0,0,0,0,1,1,6,2,8,1998,1,8,3,1
201337EA77132,1,9,0,5,0,1,0,0,0,0,1,1,6,1,11,4293,1,11,6,3
201337EA77132,2,9,0,5,0,1,0,0,0,0,2,1,6,2,7,1598,2,-1,8,3
201337EA77134,1,9,0,17,0,0,0,0,1,4,1,1,6,1,5,2671,1,15,8,2
201337EA77136,1,9,0,17,0,0,5,0,1,0,4,1,2,2,4,1199,1,13,6,1
201337EA77137,1,9,0,18,0,1,0,0,7,10,1,1,6,1,4,1229,1,5,7,3
201337EA77137,2,9,0,2,6,2,0,0,0,0,1,1,6,3,-1,-1,-1,-1,8,3
201337EA77137,3,9,0,2,6,2,0,0,0,0,1,1,6,3,-1,2793,1,18,8,3
201337EA77137,4,9,0,2,6,2,0,0,0,0,4,1,6,3,-1,2494,1,15,8,3
201337EA77137,5,9,0,2,6,2,0,0,0,0,3,1,6,3,-1,1895,1,13,8,3
201337EA77137,6,9,0,2,6,2,0,0,0,0,3,1,6,3,-1,2788,1,28,8,3
201337EA77160,1,1,0,18,0,0,0,0,0,0,3,1,6,1,7,-1,-1,-1,4,1
201337EA77160,2,9,0,14,0,0,0,0,0,0,4,1,6,1,6,1368,1,6,7,1
201337EA77163,1,9,0,9,0,6,0,0,0,0,1,1,2,1,6,1997,2,10,9,2
201337EA77163,2,3,0,14,0,8,0,0,0,0,1,1,6,1,9,125,1,5,7,1
201337EA77189,1,9,0,10,0,1,0,0,0,0,1,1,1,2,6,1781,1,8,5,1
201337EA77189,2,9,0,9,0,1,0,0,0,0,1,1,6,2,5,1596,1,5,4,1
201337EA77189,3,9,0,18,0,1,0,0,0,0,4,1,6,2,6,1870,2,9,4,1
201337EA77197,1,9,0,18,0,0,0,0,0,0,3,1,6,1,7,2685,2,11,3,1
201337EA77202,1,9,0,1,0,1,0,0,0,0,2,1,6,1,-1,1968,2,1,-1,-1
201337EA77202,2,9,0,3,0,1,0,0,0,0,1,1,6,2,7,1896,2,7,8,1
201337EA77203,1,2,0,18,0,1,0,0,0,0,1,1,6,1,4,49,1,2,8,1
201337EA77203,2,9,0,8,0,1,0,0,0,0,2,1,6,1,7,2967,2,3,8,3
201337EA77257,1,9,0,7,0,3,0,0,0,0,1,1,6,2,6,1998,2,6,1,1
201337EA77477,1,9,0,4,0,1,0,0,0,0,1,1,6,1,5,1598,1,9,8,1
201337EA77477,2,8,0,4,0,1,0,0,0,0,2,1,1,1,7,1910,2,7,1,1
201337EA77494,1,9,0,17,9,0,0,0,1,0,1,1,6,1,11,1598,1,9,-1,-1
201337EA77554,1,9,0,4,0,2,0,0,0,0,1,1,6,2,6,1995,1,11,5,1
201337EA77554,2,9,0,3,0,2,0,0,0,0,2,1,6,1,7,1995,2,8,7,1
201337EA77554,3,9,0,3,0,2,0,0,0,0,2,1,6,1,7,-1,-1,-1,-1,-1
201337EA77644,1,9,0,13,0,0,0,0,7,0,1,1,2,1,6,-1,-1,-1,6,1
201337EA77644,2,9,0,18,0,0,0,0,1,0,1,1,6,1,7,1968,2,7,10,2
201337EA77913,1,9,0,18,0,1,0,0,0,0,3,1,2,2,6,1364,1,8,5,1
201337EA77913,2,1,0,17,0,1,0,0,0,0,4,1,6,1,5,-1,-1,-1,3,1
201337EA78127,1,1,0,18,0,0,0,0,0,0,4,1,2,1,6,-1,-1,-1,1,1
201337EA78127,2,9,0,5,0,0,0,0,0,0,1,1,6,1,9,1588,1,12,8,1
201337EA78415,1,9,0,9,0,8,0,0,0,0,1,1,6,2,7,1798,1,4,9,1
201337EA78415,2,1,0,13,0,8,0,0,0,0,1,1,6,1,7,-1,-1,-1,4,1
2013400BA0001,1,9,0,10,0,1,0,0,0,0,2,1,6,2,5,1124,1,10,10,3
2013400BA0001,2,9,0,18,0,1,0,0,0,0,1,1,6,2,8,1598,1,1,8,1
2013400BA0002,1,9,0,18,0,4,0,0,0,0,1,1,6,2,9,1299,1,7,5,1
2013400BA0002,2,9,0,9,0,8,0,0,0,0,4,1,6,1,8,2387,2,10,5,1
2013400BA0005,1,9,0,7,0,8,0,0,0,0,1,1,6,1,7,2922,1,8,-1,-1