Accident_Index,Vehicle_Reference,Vehicle_Type,Towing_and_Articulation,Vehicle_Manoeuvre,Vehicle_Location-Restricted_Lane,Junction_Location,Skidding_and_Overturning,Hit_Object_in_Carriageway,Vehicle_Leaving_Carriageway,Hit_Object_off_Carriageway,1st_Point_of_Impact,Was_Vehicle_Left_Hand_Drive?,Journey_Purpose_of_Driver,Sex_of_Driver,Age_Band_of_Driver,Engine_Capacity_(CC),Propulsion_Code,Age_of_Vehicle,Driver_IMD_Decile,Driver_Home_Area_Type
2013400BA0005,2,1,0,18,0,1,0,0,0,0,2,1,6,1,8,-1,-1,-1,-1,-1
2013400BA0006,1,9,0,9,0,8,0,0,0,0,1,1,2,1,5,1895,1,14,3,1
2013400BA0006,2,1,0,18,0,8,0,0,0,0,1,1,6,1,6,-1,-1,-1,10,1
2013400BA0007,1,9,0,13,0,8,1,0,0,0,1,1,2,1,5,1596,1,10,4,3
2013400BA0007,2,9,0,7,0,8,0,0,0,0,1,1,6,2,7,1686,2,8,8,1
2013400BA0007,3,9,0,18,0,1,0,0,0,0,0,1,6,1,11,2497,1,12,8,3
2013400BA0008,1,9,0,1,0,1,0,0,0,0,2,1,6,2,9,1299,1,15,6,1
2013400BA0019,1,9,0,1,0,8,0,0,0,0,3,1,6,1,-1,1796,1,16,-1,-1
2013400BA0019,2,9,0,18,0,1,0,0,0,0,1,1,3,2,6,1299,1,12,3,1
2013400BA0020,1,9,0,9,0,8,0,0,0,0,4,1,6,1,8,1686,2,1,-1,-1
2013400BA0020,2,5,0,18,0,8,0,0,0,0,1,1,6,1,7,1137,1,15,-1,-1
2013400BA0021,1,9,0,18,0,0,0,0,0,0,1,1,6,1,10,1796,1,11,-1,-1
2013400BA0021,2,9,0,3,0,0,0,0,0,0,2,1,6,1,7,1299,1,12,-1,-1
2013400BA0021,3,9,0,3,0,0,0,0,0,0,2,1,6,1,6,1560,2,5,-1,-1
2013400BA0023,1,9,0,17,0,2,1,0,1,9,1,1,2,1,7,1984,1,5,7,3
2013400BA0024,1,9,0,11,0,0,0,0,0,0,0,1,6,3,-1,-1,-1,-1,-1,-1
2013400BA0024,2,5,0,18,0,0,0,0,0,0,0,1,6,1,7,954,1,9,10,1
2013400BA0026,1,1,0,18,0,1,0,0,0,0,1,1,2,1,6,-1,-1,-1,3,1
2013400BA0026,2,9,0,9,0,6,0,0,0,0,3,1,2,1,8,1896,2,11,3,1
2013400BA0027,1,9,0,18,0,0,0,0,1,9,1,1,2,1,8,998,1,16,6,1
2013400BA0028,1,9,0,18,0,0,1,0,5,6,3,1,6,2,6,2494,1,15,6,1
2013400BA0029,1,9,0,18,0,0,0,0,0,0,4,1,6,1,8,2435,1,12,7,3
2013400BA0029,2,1,0,18,0,0,0,0,0,0,1,1,6,1,8,-1,-1,-1,-1,-1
2013400BA0029,3,1,0,18,0,0,0,0,0,0,3,1,6,2,7,-1,-1,-1,-1,-1
2013400BA0031,1,9,0,4,0,0,0,0,0,0,1,1,1,1,5,1390,1,6,10,1
2013400BA0031,2,9,0,4,0,0,0,0,0,0,2,1,1,1,8,-1,-1,-1,7,3
2013400BA0033,1,9,0,9,0,5,0,0,0,0,1,1,2,1,7,1242,1,5,9,1
2013400BA0035,1,9,0,18,0,0,0,0,1,5,1,1,6,2,7,-1,-1,-1,9,3
2013400BA0037,1,9,0,9,0,6,0,0,0,0,1,1,6,1,6,1998,1,8,6,1
2013400BA0037,2,3,0,18,0,1,1,0,0,0,4,1,6,1,8,124,1,3,9,1
2013400BA0040,1,1,0,9,0,6,0,0,0,0,1,1,6,1,6,-1,-1,-1,3,1
2013400BA0040,2,9,0,18,0,8,0,0,0,0,3,1,6,2,9,1798,1,8,10,1
2013400BA0041,1,9,0,17,0,8,0,0,1,0,1,1,6,1,10,1794,1,9,6,3
2013400BA0047,1,9,0,18,0,0,1,0,2,7,1,1,6,1,7,1997,2,6,-1,-1
2013400BA0047,2,9,0,11,0,0,0,0,0,0,0,1,6,3,-1,-1,-1,-1,-1,-1
2013400BA0049,1,9,0,5,0,1,0,0,0,0,1,1,6,1,6,4293,1,9,3,1
2013400BA0049,2,1,0,18,0,1,0,0,0,0,4,1,6,1,5,-1,-1,-1,3,1
2013400BA0050,1,8,0,4,0,0,0,0,0,0,3,1,1,1,8,1896,2,5,2,1
2013400BA0051,1,9,0,4,0,0,0,0,0,0,1,1,6,2,6,1900,2,15,2,1
2013400BA0051,2,9,0,4,0,0,0,0,0,0,2,1,6,2,9,1360,1,12,10,2
2013400BA0051,3,9,0,18,0,0,0,0,0,0,0,1,1,1,6,1248,2,1,3,1
2013400BA0054,1,9,0,1,0,0,0,0,0,0,4,1,6,2,-1,-1,-1,-1,-1,-1
2013400BA0058,1,9,0,18,0,0,0,0,0,0,3,1,6,3,-1,-1,-1,-1,-1,-1
2013400BA0058,2,1,0,14,0,0,0,0,0,0,3,1,6,2,8,-1,-1,-1,6,1
2013400BA0059,1,9,0,16,0,0,2,0,1,0,1,1,6,1,7,1796,1,11,-1,-1
2013400BA0061,1,1,0,7,0,6,0,0,0,0,2,1,6,1,9,-1,-1,-1,-1,-1
2013400BA0061,2,9,0,18,0,8,0,0,0,0,1,1,6,2,10,1596,1,4,9,2
2013400BA0063,1,9,0,18,0,8,0,0,0,0,3,1,6,1,4,1149,1,8,7,3
2013400BA0063,2,9,0,18,0,8,0,0,0,0,1,1,6,2,8,1998,1,7,-1,-1
2013400BA0063,3,9,0,18,0,8,0,0,0,0,3,1,6,1,5,1968,2,6,-1,-1
2013400BA0064,1,9,0,4,0,0,0,0,1,0,1,1,6,2,8,998,1,4,9,1
2013400BA0064,2,9,0,4,0,0,0,0,0,0,2,1,6,1,9,-1,-1,-1,9,1
2013400BA0064,3,9,0,18,0,0,0,0,0,0,3,1,6,1,7,1896,2,7,8,3
2013400BA0070,1,9,0,18,0,4,0,0,0,0,1,1,1,2,6,1198,1,1,1,1
2013400BA0070,2,1,0,18,0,8,0,0,0,0,4,1,1,1,7,-1,-1,-1,5,1
2013400BA0071,1,5,0,18,0,8,0,0,0,0,1,1,6,1,5,-1,-1,-1,6,2
2013400BA0071,2,9,0,9,0,8,0,0,0,0,4,1,6,1,7,1242,1,9,6,2
2013400BA0071,3,9,0,18,0,1,0,0,0,0,1,1,6,2,6,1598,1,8,5,3
2013400BA0071,4,9,0,10,0,1,0,0,0,0,3,1,6,1,7,1781,1,12,10,1
2013400BA0072,1,9,0,12,0,2,0,0,0,0,2,1,6,2,5,1242,1,3,-1,-1
2013400BA0072,2,9,0,18,0,2,0,0,0,0,1,1,6,1,7,1275,1,19,6,2
2013400BA0073,1,9,0,9,0,1,0,0,0,0,4,1,6,1,8,2319,1,12,4,1
2013400BA0073,2,1,0,18,0,1,0,0,0,0,1,1,6,1,4,-1,-1,-1,5,1
2013400BA0074,1,9,0,18,0,1,0,0,0,0,1,1,6,2,-1,1598,1,12,-1,-1
2013400BA0074,2,1,0,18,0,1,0,0,0,0,3,1,1,1,7,-1,-1,-1,-1,-1
2013400BA0075,1,9,0,2,0,0,0,0,0,0,3,1,6,2,5,1397,1,6,10,1
2013400BA0075,2,9,0,14,0,0,0,0,0,0,4,1,6,1,10,1597,1,7,2,1
2013400BA0081,1,9,0,18,0,0,1,0,8,6,1,1,2,1,6,1796,1,10,2,2
2013400BA0083,1,9,0,17,0,0,0,0,0,0,1,1,3,2,4,1299,1,5,9,3
2013400BA0083,2,9,0,16,0,0,0,0,0,0,1,1,1,2,6,1461,2,8,10,2
2013400BA0084,1,9,0,2,0,0,0,0,0,0,3,1,6,1,-1,1598,1,9,8,1
2013400BA0084,2,1,0,18,0,0,0,0,0,0,1,1,6,1,7,-1,-1,-1,-1,-1
2013400BA0085,1,21,1,18,0,0,0,0,1,9,4,1,1,1,7,11946,2,2,1,1
2013400BA0087,1,9,0,18,0,0,0,0,0,0,1,1,6,2,4,998,1,12,5,1
2013400BA0087,2,19,0,4,0,0,0,0,0,0,2,1,2,1,9,2143,2,2,9,1
2013400BA0088,1,9,0,4,0,0,0,0,0,0,2,1,6,1,6,1796,1,8,10,1
2013400BA0088,2,9,0,4,0,0,0,0,0,0,1,1,6,2,8,1995,2,5,9,1
2013400BA0091,1,9,0,3,0,1,0,0,0,0,1,1,2,1,9,1998,1,9,3,1
2013400BA0091,2,19,0,3,0,1,0,0,0,0,2,1,1,1,7,1248,2,3,1,1
2013400BA0094,1,9,0,18,0,0,0,0,1,0,1,1,1,2,8,1796,1,9,7,3
2013400BA0096,1,9,0,9,0,8,0,0,0,0,4,1,6,1,5,1598,1,15,4,1
2013400BA0097,1,9,0,9,0,6,0,0,0,0,3,1,6,3,-1,-1,-1,-1,-1,-1
2013400BA0097,2,2,0,18,0,8,0,0,7,0,1,1,2,2,6,49,1,12,7,3
2013400BA0102,1,9,0,18,7,0,0,4,0,0,1,1,6,1,7,1596,1,11,5,1
2013400BA0102,2,9,0,2,6,0,0,0,0,0,2,1,1,1,7,1998,1,5,9,1
2013400BA0104,1,9,0,18,0,0,0,0,0,0,1,1,6,1,-1,-1,-1,-1,-1,-1
2013400BA0105,1,9,0,4,0,0,0,0,0,0,1,1,6,2,7,1796,1,8,3,1
2013400BA0105,2,9,0,4,0,0,0,0,0,0,2,1,6,2,11,989,1,11,9,1
2013400BA0106,1,9,0,10,0,1,0,0,0,0,2,1,1,1,6,1388,1,14,1,1
2013400BA0106,2,9,0,18,0,1,0,0,0,0,1,1,6,2,-1,-1,-1,-1,-1,-1
2013400BA0109,1,9,0,18,0,0,0,0,0,0,1,1,6,1,4,2290,1,19,2,1
2013400BA0109,2,9,0,3,0,0,0,0,0,0,2,1,6,1,8,1968,2,2,7,1
2013400BA0110,1,9,0,4,0,1,0,0,0,0,1,1,2,1,8,998,1,16,4,1
2013400BA0110,2,5,0,3,0,1,0,0,0,0,2,1,2,1,8,779,1,1,8,2
2013400BA0111,1,9,0,18,0,4,2,9,3,1,1,1,6,1,7,4367,2,3,7,2
2013400BA0112,1,9,0,16,0,0,1,0,0,0,1,1,6,1,7,1896,2,13,-1,-1
2013400BA0112,2,9,0,17,0,0,0,0,0,0,3,1,6,1,8,1364,2,1,-1,-1
2013400BA0114,1,9,0,7,0,5,1,0,2,2,3,1,6,1,4,1870,2,10,8,1
2013400BA0118,1,9,0,18,0,0,0,0,0,0,1,1,6,3,-1,1995,2,1,-1,-1
2013400BA0120,1,10,0,7,0,8,1,10,1,10,1,1,1,1,5,-1,-1,-1,-1,-1
2013400BA0121,1,9,0,17,0,0,1,0,1,9,1,1,2,2,8,1796,1,9,4,2
2013400BA0123,1,9,0,9,0,8,0,0,0,0,3,1,6,3,-1,-1,-1,-1,-1,-1
2013400BA0123,2,9,0,9,0,8,0,0,0,0,1,1,6,1,7,1396,1,13,2,1
2013400BA0125,1,9,0,18,0,1,0,0,0,0,1,1,6,2,4,1299,1,10,6,1
2013400BA0125,2,9,0,4,0,1,0,0,0,0,2,1,6,1,6,1997,2,-1,10,1
2013400BA0126,1,19,0,16,0,0,0,0,7,0,1,1,1,1,5,2143,2,1,-1,-1
2013400BA0127,1,9,0,18,0,0,2,0,1,4,3,1,6,1,6,996,1,1,-1,-1
2013400BA0128,1,9,0,16,0,0,1,0,7,9,1,1,6,2,5,1229,1,5,-1,-1
2013400BA0129,1,3,0,4,0,1,0,0,0,0,1,1,6,1,9,124,1,1,4,1
2013400BA0129,2,9,0,4,0,1,0,0,0,0,2,1,6,2,6,1995,2,2,6,2
2013400BA0130,1,9,0,9,0,8,0,0,0,0,1,1,2,2,5,1896,2,4,-1,-1
2013400BA0130,2,9,0,18,0,1,0,0,0,0,3,1,2,2,9,1388,1,8,-1,-1
2013400BA0135,1,9,0,18,0,1,1,0,1,4,1,1,6,1,6,1396,1,10,-1,-1
2013400BA0137,1,9,0,18,0,8,0,0,0,0,1,1,1,2,4,1299,1,8,10,1
2013400BA0137,2,9,0,5,0,1,0,0,0,0,3,1,1,1,7,2000,2,2,10,1
2013400BA0141,1,9,0,18,0,0,0,0,7,4,1,1,6,1,10,1587,1,11,6,3
2013400BA0142,1,9,0,18,0,0,0,4,0,0,1,1,6,1,6,1299,1,15,8,2
2013400BA0142,2,9,0,2,0,0,0,0,0,0,1,1,6,3,-1,1360,1,13,-1,-1
2013400BA0143,1,9,0,18,0,1,0,0,0,0,1,1,6,1,9,1896,2,8,7,1
2013400BA0143,2,9,0,3,0,1,0,0,0,0,2,1,6,1,8,1796,1,11,8,3
2013400BA0143,3,9,0,3,0,1,0,0,0,0,2,1,6,1,4,1461,2,4,9,3
2013400BA0143,4,9,0,10,0,1,0,0,0,0,2,1,6,1,6,1968,2,5,7,3
2013400BA0144,1,21,1,18,0,0,0,0,0,0,1,2,1,1,7,-1,-1,-1,-1,-1
2013400BA0144,2,9,0,18,0,0,1,0,0,0,4,1,6,1,8,1598,2,1,6,1
2013400BA0147,1,21,1,16,0,0,5,0,4,7,3,1,1,1,7,11021,2,7,-1,-1
2013400BA0150,1,9,0,18,0,4,0,0,0,0,3,1,6,1,8,1998,1,10,2,1
2013400BA0150,2,9,0,18,0,8,0,0,7,1,4,1,6,1,9,1910,2,6,10,2
2013400BA0151,1,9,0,1,9,0,0,0,0,0,3,1,6,1,7,1896,2,13,7,2
2013400BA0151,2,1,0,18,9,0,0,0,0,0,1,1,6,1,9,-1,-1,-1,7,2
2013400BA0152,1,3,0,14,0,2,1,0,0,0,1,1,6,1,4,125,1,8,-1,-1
2013400BA0156,1,9,0,9,0,8,0,0,0,0,4,1,1,1,5,1596,1,11,-1,-1
2013400BA0156,2,9,0,18,0,1,0,0,0,0,1,1,1,2,6,1598,1,2,6,2
2013400BA0158,1,9,0,18,0,0,0,0,0,0,1,1,6,1,9,1998,1,8,3,1
2013400BA0159,1,9,0,4,0,1,0,0,0,0,1,1,6,1,7,-1,-1,-1,8,1
2013400BA0159,2,9,0,3,0,1,0,0,0,0,2,1,6,2,9,1461,2,4,9,1
2013400BA0160,1,9,0,18,0,0,1,0,7,2,4,1,2,1,7,1988,1,12,9,1
2013400BA0160,2,9,0,18,0,0,1,0,0,0,4,1,2,1,4,-1,-1,-1,10,1
2013400BA0166,1,9,0,1,0,0,0,0,0,0,2,1,6,3,-1,1968,2,2,-1,-1
2013400BA0166,2,9,0,2,0,0,0,0,0,0,1,1,6,1,7,-1,-1,-1,1,1
2013400BA0167,1,9,0,4,0,0,0,0,0,0,2,1,2,1,8,1968,2,1,9,3
2013400BA0167,2,9,0,4,0,0,0,0,0,0,2,1,2,1,6,1997,1,11,6,2
2013400BA0167,3,9,0,18,0,0,0,0,0,0,1,1,2,1,8,1349,1,13,2,1
2013400BA0168,1,9,0,18,0,2,0,0,0,0,1,1,6,1,11,1796,1,10,8,3
2013400BA0171,1,9,0,13,0,1,0,0,1,9,1,1,2,1,6,1995,2,8,9,3
2013400BA0171,2,9,0,4,0,1,0,0,0,0,0,1,2,2,6,1598,1,3,10,1
2013400BA0171,3,9,0,9,0,1,0,0,0,0,3,1,6,2,9,1360,1,7,6,1
2013400BA0172,1,5,0,4,0,0,0,0,0,0,1,1,2,1,6,1215,1,1,7,3
2013400BA0173,1,8,0,5,0,0,0,0,0,0,0,1,1,1,6,2000,2,6,1,1
2013400BA0174,1,9,0,9,0,8,0,0,0,0,3,1,6,2,4,1149,1,10,8,1
2013400BA0174,2,9,0,18,0,8,0,0,0,0,1,1,6,2,4,1149,1,13,3,1
2013400BA0175,1,9,0,5,0,0,0,0,0,0,3,1,2,2,7,2457,1,3,5,1
2013400BA0175,2,5,0,18,0,0,0,0,0,0,1,1,2,1,7,645,1,6,6,3
2013400BA0176,1,9,0,7,0,8,1,0,0,0,3,1,6,1,7,1589,1,14,3,1
2013400BA0176,2,9,0,8,0,1,0,0,0,0,3,1,6,2,6,1796,1,1,10,1
2013400BA0177,1,9,0,18,0,4,0,0,0,0,3,1,6,1,5,1229,1,3,4,1
2013400BA0177,2,1,0,18,0,8,0,0,0,0,4,1,6,2,7,-1,-1,-1,10,3
2013400BA0179,1,9,0,9,0,8,0,0,0,0,3,1,6,1,10,1598,1,7,8,1
2013400BA0179,2,9,0,18,0,8,0,0,0,0,1,1,6,2,5,1242,1,2,9,1
2013400BA0182,1,9,0,18,0,0,0,0,7,9,1,1,6,2,8,1275,1,19,-1,-1
2013400BA0188,1,1,0,18,0,2,0,4,0,0,1,1,6,1,6,-1,-1,-1,-1,-1
2013400BA0188,2,9,0,2,0,2,0,0,0,0,2,1,6,3,-1,1896,2,8,-1,-1
2013400BA0189,1,9,0,18,0,0,2,0,1,9,4,1,6,2,6,1360,1,7,7,2
2013400BA0190,1,9,0,9,0,8,0,0,0,0,1,1,6,1,7,1598,2,1,8,1
2013400BA0190,2,3,0,18,2,1,0,0,7,0,4,1,6,1,4,398,1,21,7,1
2013400BA0191,1,9,0,5,0,1,0,0,0,0,1,1,3,2,7,2720,2,5,8,1
2013400BA0192,1,9,0,1,0,0,0,0,0,0,2,1,6,3,-1,-1,-1,-1,-1,-1
2013400BA0195,1,9,0,18,0,4,0,0,0,0,1,1,6,1,5,2773,1,5,3,1
2013400BA0195,2,9,0,9,0,8,0,0,0,0,1,1,6,2,5,1229,1,6,10,2
2013400BA0196,1,11,0,18,0,3,0,0,0,0,4,1,1,1,8,-1,2,16,4,1
2013400BA0196,2,9,0,18,0,4,0,0,0,0,1,1,6,1,8,1598,1,10,3,1
2013400BA0197,1,9,0,18,0,0,0,0,0,0,2,1,6,1,7,2401,2,9,4,1
2013400BA0197,2,9,0,18,0,0,0,0,0,0,1,1,6,2,6,1896,2,12,9,2
2013400BA0202,1,19,0,4,0,0,0,0,0,0,1,1,1,1,-1,2402,2,11,-1,-1
2013400BA0202,2,9,0,4,0,0,0,0,0,0,2,1,6,2,6,1299,1,13,3,1
2013400BA0203,1,19,0,18,0,2,0,0,0,0,0,1,6,3,-1,1560,2,3,-1,-1
2013400BA0204,1,9,0,18,0,0,1,0,0,0,1,1,6,1,7,1587,1,6,2,1
2013400BA0204,2,9,0,18,0,0,0,0,0,0,1,1,6,2,4,1149,1,17,8,3
2013400BA0206,1,9,0,18,0,2,0,0,0,0,4,1,6,3,-1,-1,-1,-1,-1,-1
2013400BA0207,1,9,0,9,0,8,0,0,0,0,3,1,2,1,10,1329,1,4,8,3
2013400BA0207,2,9,0,18,0,1,1,0,0,0,1,1,2,2,8,2800,2,20,7,3
2013400BA0208,1,5,0,18,0,4,0,10,0,0,1,1,6,1,8,600,1,11,-1,-1
2013400BA0211,1,19,0,18,0,1,0,0,0,0,1,1,1,1,9,1560,2,4,8,1
2013400BA0212,1,9,0,18,0,0,0,0,2,0,1,1,6,1,10,1998,1,15,9,3
2013400BA0212,2,9,0,18,0,0,0,0,0,0,1,1,6,2,10,-1,-1,-1,10,1
2013400BA0213,1,9,0,7,0,1,0,0,0,0,1,1,6,2,-1,-1,-1,-1,-1,-1
2013400BA0213,2,1,0,18,0,8,0,0,0,0,4,1,6,1,7,-1,-1,-1,8,1
2013400BA0214,1,9,0,4,0,1,0,0,0,0,1,1,6,2,6,1799,1,7,2,1
2013400BA0214,2,10,0,8,0,1,0,0,0,0,2,1,1,1,9,2402,2,9,9,1
2013400BA0215,1,9,0,16,0,0,0,0,4,6,1,1,6,2,7,1341,1,9,9,1
2013400BA0220,1,9,0,18,0,4,0,0,0,0,1,1,6,1,10,1968,2,5,-1,-1
2013400BA0220,2,1,0,18,0,8,0,0,0,0,1,1,6,1,7,-1,-1,-1,-1,-1
2013400BA0222,1,20,0,18,0,0,0,0,0,6,3,1,1,1,5,4461,2,2,-1,-1
2013400BA0222,2,9,0,4,0,0,0,0,0,0,2,1,6,1,10,1870,2,8,6,2
2013400BA0222,3,9,0,4,0,0,0,0,0,0,2,1,6,1,4,1781,1,13,9,3
2013400BA0224,1,21,0,18,0,1,0,0,0,0,4,1,1,1,8,5900,2,11,9,1
2013400BA0224,2,19,0,10,0,1,0,0,0,0,0,1,1,1,8,2198,2,1,9,1
2013400BA0224,3,9,0,18,0,1,0,0,0,0,1,1,2,1,8,2198,1,7,6,1
2013400BA0225,1,9,0,18,0,1,0,0,0,0,1,1,6,1,7,1388,1,3,8,1
2013400BA0225,2,9,0,4,0,1,0,0,0,0,2,1,6,2,8,2495,2,7,7,3
2013400BA0226,1,9,0,10,0,8,0,0,0,0,1,1,6,1,5,1199,1,11,-1,-1
2013400BA0226,2,9,0,18,0,1,0,0,0,0,1,1,6,2,8,1896,2,14,-1,-1
2013400BA0226,3,9,0,2,0,8,0,0,0,0,0,1,6,3,-1,998,1,17,-1,-1
2013400BA0228,1,9,0,9,0,1,0,0,0,0,1,1,1,2,7,1999,2,6,-1,-1
2013400BA0228,2,9,0,18,0,1,0,0,0,0,3,1,1,1,5,-1,-1,-1,6,3
2013400BA0231,1,9,0,7,0,1,0,0,0,0,1,1,6,1,7,-1,-1,-1,-1,-1
2013400BA0231,2,1,0,18,0,8,0,0,0,0,2,1,6,1,8,-1,-1,-1,7,3
2013400BA0233,1,1,0,18,0,0,0,0,0,0,3,1,2,1,8,-1,-1,-1,-1,-1
2013400BA0233,2,9,0,18,0,0,0,0,0,0,1,1,2,1,6,2497,1,6,-1,-1
2013400BA0235,1,9,0,18,0,4,0,0,0,0,3,1,1,1,9,-1,-1,-1,-1,-1
2013400BA0235,2,5,0,18,0,8,0,0,0,0,4,1,1,1,5,1043,1,1,-1,-1
2013400BA0236,1,9,0,4,0,1,0,0,0,0,1,1,6,3,-1,-1,-1,-1,-1,-1
2013400BA0236,2,9,0,4,0,1,0,0,0,0,2,1,6,2,6,1686,2,8,9,1
2013400BA0239,1,8,0,4,0,0,0,0,0,0,0,1,6,1,-1,-1,-1,-1,-1,-1
2013400BA0239,2,11,0,4,0,0,0,0,0,0,0,1,6,1,7,-1,-1,-1,7,2
2013400BA0241,1,9,0,4,0,0,0,0,0,0,1,1,6,1,5,1388,1,10,-1,-1
2013400BA0241,2,9,0,4,0,0,0,0,0,0,2,1,6,3,-1,-1,-1,-1,-1,-1
2013400BA0243,1,9,0,18,0,4,0,0,0,0,1,1,6,1,9,1968,2,6,-1,-1
2013400BA0243,2,1,0,18,0,8,0,0,0,0,4,1,6,2,11,-1,-1,-1,10,1
2013400BA0246,1,3,0,14,0,0,1,0,0,0,4,1,6,1,5,125,1,1,8,1
2013400BA0246,2,9,0,18,0,0,0,0,0,0,1,1,6,1,9,1796,1,7,3,1
2013400BA0247,1,11,0,18,0,2,0,0,0,0,1,1,1,1,9,5883,2,12,6,1
2013400BA0247,2,9,0,4,0,2,0,0,0,0,2,1,6,1,6,1910,2,6,2,1
2013400BA0248,1,19,0,18,0,3,0,0,0,0,1,1,6,1,7,-1,-1,-1,3,1
2013400BA0251,1,9,0,18,0,0,0,0,0,0,1,1,6,1,6,1598,1,12,3,1
2013400BA0252,1,5,0,18,0,8,0,0,0,0,4,1,6,1,5,599,1,3,8,2
2013400BA0252,2,9,0,18,0,8,0,0,0,0,3,1,1,1,7,-1,-1,-1,2,1
2013400BA0259,1,9,0,18,0,0,0,0,0,0,1,1,6,1,-1,1390,1,6,-1,-1
2013400BA0259,2,9,0,2,0,0,0,0,0,0,1,1,6,1,6,2993,2,5,4,1
2013400BA0262,1,9,0,9,0,8,0,0,0,0,3,1,6,1,5,1796,1,9,-1,-1
2013400BA0262,2,5,0,18,0,8,0,0,0,0,1,1,6,1,7,1100,1,24,-1,-1
2013400BA0263,1,9,0,7,0,8,5,0,0,0,1,1,2,1,11,1596,1,2,5,1
2013400BA0263,2,11,0,18,0,1,0,0,0,0,1,1,1,1,7,4250,2,7,1,1
2013400BA0263,3,9,0,2,0,2,0,0,0,0,1,1,6,3,-1,2987,2,7,-1,-1
2013400BA0263,4,9,0,2,0,2,0,0,0,0,2,1,6,3,-1,1596,1,7,-1,-1
2013400BA0263,5,9,0,2,0,2,0,0,0,0,2,1,6,3,-1,1900,2,9,-1,-1
2013400BA0263,6,9,0,2,0,2,0,0,0,0,1,1,6,3,-1,1596,1,7,-1,-1
2013400BA0264,1,3,0,14,0,1,0,0,7,10,1,1,6,1,5,124,1,5,7,1
2013400BA0264,2,9,0,9,0,5,0,0,0,0,3,1,6,1,6,1990,1,13,10,1
2013400BA0266,1,9,0,18,0,0,0,0,0,0,1,1,6,2,-1,1598,1,4,6,1
2013400BA0266,2,9,0,18,0,0,0,0,0,0,2,1,6,2,7,1596,1,5,6,1
2013400BA0270,1,21,1,18,0,0,0,0,0,0,1,1,1,1,8,11705,2,5,8,1
2013400BA0270,2,17,0,4,0,0,0,0,0,0,2,1,1,1,10,3990,2,6,7,3
2013400BA0272,1,9,0,4,0,1,0,0,0,0,2,2,6,1,6,-1,-1,-1,2,1
2013400BA0272,2,9,0,18,0,1,0,0,0,0,1,1,6,1,5,1360,1,9,-1,-1
2013400BA0277,1,9,0,4,0,1,0,0,0,0,1,1,6,1,6,1997,2,2,-1,-1
2013400BA0277,2,9,0,4,0,1,0,0,0,0,2,1,6,2,7,1997,2,11,1,1
2013400BA0278,1,9,0,18,0,2,0,0,1,1,4,1,6,1,7,1598,1,4,-1,-1
2013400BA0278,2,21,1,18,0,2,0,0,0,0,3,2,1,1,7,-1,-1,-1,-1,-1
2013400BA0279,1,9,0,18,0,0,0,0,0,0,4,1,6,2,8,1390,1,14,5,1
2013400BA0280,1,21,1,12,0,0,0,0,0,0,3,1,1,1,8,12900,2,7,10,1
2013400BA0280,2,9,0,18,0,0,1,0,4,6,4,1,6,1,8,6200,1,-1,10,1
2013400BA0283,1,9,0,1,0,0,0,0,0,0,2,1,6,2,-1,-1,-1,-1,-1,-1
2013400BA0286,1,9,0,18,0,1,0,0,0,0,1,1,1,1,7,1896,2,8,3,1
2013400BA0286,2,9,0,2,0,1,0,0,0,0,0,1,6,3,-1,-1,-1,-1,-1,-1
2013400BA0287,1,9,0,18,0,1,0,0,0,0,1,1,2,1,7,2993,2,4,10,2
2013400BA0288,1,9,0,4,0,1,0,0,0,0,1,1,6,3,-1,1388,1,9,-1,-1
2013400BA0288,2,9,0,4,0,1,0,0,0,0,2,1,6,2,5,1242,1,1,6,1
2013400BA0289,1,9,0,9,0,4,0,10,2,7,1,1,6,1,11,1240,1,8,-1,-1
2013400BA0297,1,9,0,5,0,8,0,0,0,0,4,1,6,2,9,1951,2,10,8,1
2013400BA0297,2,9,0,18,0,1,0,0,0,0,1,1,6,2,9,1587,1,7,2,1
2013400BA0298,1,9,0,18,0,1,0,0,0,0,4,1,1,1,9,2982,2,6,-1,-1
2013400BA0299,1,9,0,5,0,4,0,0,1,0,1,1,6,2,6,1849,1,17,9,1
2013400BA0299,2,9,0,18,0,8,1,0,0,0,4,1,6,1,5,1399,2,11,1,1
2013400BA0300,1,3,0,9,0,0,0,4,0,0,1,1,6,1,4,125,1,3,5,1
2013400BA0300,2,9,0,7,0,0,0,0,0,0,1,1,6,1,5,1896,2,9,9,1
2013400BA0300,3,9,0,2,0,0,0,0,0,0,3,1,6,2,6,1596,1,14,7,1
2013400BA0304,1,9,0,18,0,1,1,0,0,0,1,1,2,1,6,1596,1,9,7,3
2013400BA0304,2,9,0,4,0,1,0,0,0,0,2,1,2,2,7,1461,2,7,10,1
2013400BA0304,3,8,0,8,0,8,0,0,0,0,2,1,1,1,6,1968,2,4,9,1
2013400BA0315,1,9,0,9,0,8,0,0,0,0,1,1,6,2,6,1991,2,6,8,3
2013400BA0315,2,90,0,18,0,8,0,0,0,0,1,1,1,1,7,-1,-1,-1,-1,-1
2013400BA0323,1,8,0,18,0,2,0,0,0,0,2,1,6,1,-1,-1,-1,-1,-1,-1
2013400BA0325,1,9,0,18,0,8,0,0,0,0,3,1,2,2,8,1497,8,2,-1,-1
2013400BA0325,2,9,0,18,0,8,0,0,1,3,3,1,2,2,5,1400,2,7,-1,-1
2013400BA0327,1,9,0,18,0,0,0,0,1,4,1,1,6,2,6,1781,1,14,4,1
2013400BA0329,1,9,0,18,0,8,2,0,0,0,2,1,6,2,6,1242,1,10,10,1
2013400BA0329,2,9,0,18,0,2,0,0,0,0,1,1,2,1,6,1299,1,8,-1,-1
2013400BA0331,1,9,0,9,0,6,0,0,0,0,1,1,2,1,8,1995,1,10,9,1
2013400BA0331,2,3,0,18,0,8,0,0,0,0,1,1,1,1,4,124,1,1,4,1
2013400BA0333,1,9,0,9,0,6,0,10,3,10,1,1,6,2,11,1796,1,12,10,2
2013400BA0336,1,9,0,4,0,0,0,0,0,0,2,1,6,1,7,1995,2,5,2,1
2013400BA0336,2,9,0,18,0,0,0,0,0,0,1,1,6,2,8,1390,1,12,10,1
2013400BA0336,3,9,0,13,0,0,0,0,0,0,0,1,1,2,6,1248,2,2,3,1