Accident_Index,Vehicle_Reference,Vehicle_Type,Towing_and_Articulation,Vehicle_Manoeuvre,Vehicle_Location-Restricted_Lane,Junction_Location,Skidding_and_Overturning,Hit_Object_in_Carriageway,Vehicle_Leaving_Carriageway,Hit_Object_off_Carriageway,1st_Point_of_Impact,Was_Vehicle_Left_Hand_Drive?,Journey_Purpose_of_Driver,Sex_of_Driver,Age_Band_of_Driver,Engine_Capacity_(CC),Propulsion_Code,Age_of_Vehicle,Driver_IMD_Decile,Driver_Home_Area_Type
2013400BA0337,1,8,0,5,0,0,0,0,0,0,0,1,1,1,6,1998,2,7,4,1
2013400BA0339,1,9,0,18,0,1,0,0,0,0,4,1,6,1,10,1968,2,4,8,2
2013400BA0339,2,1,0,18,9,1,0,0,0,0,0,1,6,2,5,-1,-1,-1,4,1
2013400BA0345,1,9,0,18,0,0,0,0,7,10,1,1,2,1,5,1587,1,13,6,2
2013400BA0346,1,19,0,4,0,0,0,0,0,0,3,1,2,1,5,2402,2,1,5,1
2013400BA0347,1,9,0,11,0,8,0,0,4,6,1,1,1,1,4,1599,1,11,8,2
2013400BA0347,2,9,0,18,0,8,0,0,0,0,0,1,6,3,-1,1998,2,7,-1,-1
2013400BA0349,1,9,0,9,0,8,0,0,0,0,3,1,6,1,11,1988,1,11,10,1
2013400BA0349,2,1,0,18,4,8,0,0,0,0,3,1,1,2,8,-1,-1,-1,5,1
2013400BA0350,1,9,0,9,0,6,0,0,0,0,4,1,6,1,8,1896,2,11,9,3
2013400BA0350,2,1,0,4,0,1,0,0,0,0,1,1,6,2,8,-1,-1,-1,9,3
2013400BA0359,1,9,0,5,0,4,0,0,0,0,1,1,6,1,8,-1,-1,-1,-1,-1
2013400BA0359,2,5,0,18,0,8,1,0,0,0,4,1,6,1,8,599,1,1,10,1
2013400BA0360,1,9,0,18,0,0,0,0,0,0,4,1,6,1,-1,-1,-1,-1,-1,-1
2013400BA0361,1,9,0,4,9,1,0,0,0,0,4,1,6,1,-1,-1,-1,-1,-1,-1
2013400BA0364,1,9,0,18,0,0,0,0,0,0,4,1,6,1,9,-1,-1,-1,6,2
2013400BA0364,2,9,0,2,0,0,0,0,0,0,3,1,6,1,6,2199,2,5,3,1
2013400BA0365,1,9,0,9,0,8,0,0,0,0,1,1,6,1,9,1490,1,6,8,3
2013400BA0365,2,1,0,18,0,8,0,0,0,0,1,1,6,1,7,-1,-1,-1,-1,-1
2013400BA0366,1,9,0,5,0,8,0,0,0,0,3,1,1,1,6,1560,2,2,10,1
2013400BA0366,2,9,0,5,0,8,0,0,0,0,4,1,6,2,9,1390,1,4,5,1
2013400BA0367,1,9,0,9,0,4,0,0,0,0,1,1,6,1,6,1398,2,1,10,2
2013400BA0367,2,9,0,9,0,1,0,0,0,0,2,1,2,2,4,1398,1,1,10,2
2013400BA0369,1,9,0,16,0,0,1,0,0,0,1,1,6,2,5,1368,1,4,8,1
2013400BA0369,2,9,0,18,0,0,0,0,0,0,2,1,6,2,6,998,1,4,4,1
2013400BA0371,1,9,0,16,0,0,1,0,7,9,0,1,6,1,4,1242,1,11,10,2
2013400BA0375,1,9,0,7,0,1,0,0,0,0,1,1,2,1,9,1390,1,7,10,2
2013400BA0375,2,3,0,7,0,1,0,0,0,0,2,1,2,1,4,125,1,-1,5,1
2013400BA0377,1,9,0,17,0,0,0,10,1,2,1,1,6,2,6,1398,1,10,3,1
2013400BA0378,1,9,0,9,0,8,0,0,0,0,4,1,6,1,6,1199,1,12,6,1
2013400BA0378,2,9,0,18,0,8,0,0,0,0,1,1,2,2,4,999,1,12,10,3
2013400BA0383,1,2,0,9,0,0,0,0,0,0,4,1,6,1,5,50,1,6,-1,-1
2013400BA0383,2,9,0,18,0,0,0,0,0,0,1,1,6,2,8,1997,2,2,3,1
2013400BA0386,1,9,0,18,0,0,1,0,0,0,1,1,6,1,4,1242,1,12,8,3
2013400BA0386,2,9,0,18,0,0,0,0,0,0,2,1,6,1,4,-1,-1,-1,6,3
2013400BA0392,1,21,1,17,0,0,1,0,2,7,0,1,1,1,7,12740,2,-1,4,1
2013400BA0395,1,9,0,13,0,0,0,0,0,0,0,1,6,2,6,2993,2,3,8,2
2013400BA0395,2,1,0,18,0,0,0,0,0,0,0,1,6,1,8,-1,-1,-1,9,3
2013400BA0398,1,10,0,9,0,8,0,0,0,0,1,1,1,1,-1,-1,-1,-1,-1,-1
2013400BA0399,1,1,0,18,0,8,0,0,0,0,0,1,6,1,6,-1,-1,-1,4,1
2013400BA0411,1,9,0,18,0,1,0,0,0,0,1,1,6,2,6,1596,1,10,7,1
2013400BA0412,1,9,0,9,0,8,0,0,0,0,3,1,6,1,9,2199,2,2,8,1
2013400BA0412,2,1,0,18,0,8,0,0,0,0,1,1,6,2,8,-1,-1,-1,-1,-1
2013400BA0414,1,9,0,7,0,8,0,0,0,0,1,1,6,2,-1,1388,1,17,5,1
2013400BA0414,2,1,0,18,0,8,0,0,0,0,4,1,6,1,7,-1,-1,-1,5,2
2013400BA0419,1,3,0,9,0,8,0,0,0,0,1,1,4,1,4,124,1,10,7,3
2013400BA0419,2,9,0,18,0,8,0,0,0,0,4,1,6,1,10,1598,2,-1,10,2
2013400BA0424,1,9,0,18,0,4,0,0,0,0,1,1,6,2,-1,1495,1,11,4,1
2013400BA0424,2,9,0,18,0,8,0,0,0,0,4,1,6,1,7,1242,1,14,5,1
2013400BA0425,1,9,0,9,0,6,0,0,0,0,3,1,6,2,10,1598,1,8,8,2
2013400BA0425,2,9,0,18,0,8,5,10,7,10,1,1,6,1,4,1149,1,11,9,2
2013400BA0428,1,9,0,18,0,0,0,0,0,0,4,1,2,1,4,1242,1,9,3,1
2013400BA0429,1,9,0,18,0,0,1,0,0,0,2,1,6,1,8,2199,2,1,4,1
2013400BA0429,2,9,0,18,0,0,1,0,0,0,1,1,6,1,9,1996,1,16,9,1
2013400BA0429,3,9,0,10,0,0,0,0,0,0,0,1,6,1,8,1968,2,6,1,1
2013400BA0433,1,9,0,9,0,6,0,0,0,0,1,1,6,1,11,1499,2,-1,6,1
2013400BA0433,2,9,0,18,0,8,0,0,0,0,3,1,1,2,5,1968,2,2,-1,-1
2013400BA0436,1,9,0,18,0,1,0,0,0,0,1,1,6,2,6,-1,-1,-1,8,3
2013400BA0436,2,9,0,3,0,1,0,0,0,0,2,1,6,2,6,1199,1,11,3,1
2013400BA0437,1,9,0,9,0,1,0,0,0,0,3,1,6,2,4,1242,1,6,10,2
2013400BA0437,2,9,0,18,0,8,0,0,0,0,1,1,2,2,6,1199,1,12,7,1
2013400BA0438,1,5,0,18,0,1,1,0,0,0,1,1,6,1,4,645,1,7,4,1
2013400BA0438,2,9,0,18,0,1,0,0,0,0,2,1,1,2,8,1399,2,3,10,2
2013400BA0441,1,9,0,4,0,0,0,0,0,0,1,1,3,2,9,1598,1,7,8,1
2013400BA0441,2,1,0,5,9,0,0,0,0,0,3,1,4,1,3,-1,-1,-1,4,1
2013400BA0443,1,9,0,7,0,5,2,10,1,9,1,1,6,2,6,1598,1,9,-1,-1
2013400BA0444,1,21,0,9,0,6,0,0,0,0,0,1,1,1,8,4580,2,7,1,1
2013400BA0444,2,9,0,18,0,1,0,0,7,6,1,1,2,1,6,1686,2,8,3,1
2013400BA0447,1,9,0,18,0,0,0,0,0,0,0,1,6,2,11,1560,2,1,9,3
2013400BA0448,1,9,0,1,9,6,0,0,0,0,3,1,6,1,9,1598,1,15,3,1
2013400BA0448,2,1,0,18,9,8,0,0,0,0,1,1,6,1,6,-1,-1,-1,10,1
2013400BA0449,1,9,0,18,0,0,0,0,0,0,1,1,6,2,6,1229,1,7,-1,-1
2013400BA0449,2,9,0,9,0,0,0,0,0,0,2,1,6,1,6,1339,1,9,1,1
2013400BA0450,1,5,0,17,0,8,0,0,0,0,4,1,6,1,5,-1,-1,-1,-1,-1
2013400BA0450,2,19,0,17,0,8,0,0,0,0,3,1,1,1,7,2198,2,4,5,1
2013400BA0451,1,9,0,18,0,1,0,0,0,0,1,1,1,1,7,1364,1,5,9,1
2013400BA0452,1,9,0,9,0,8,0,0,0,0,1,1,6,1,4,1086,1,9,8,3
2013400BA0452,2,1,0,18,0,8,0,0,0,0,1,1,6,1,7,-1,-1,-1,7,1
2013400BA0454,1,19,0,18,0,8,0,0,3,10,1,1,1,1,8,2402,2,5,7,1
2013400BA0456,1,9,0,1,9,8,0,0,0,0,2,1,6,3,-1,-1,-1,-1,-1,-1
2013400BA0458,1,19,0,18,0,4,0,0,0,0,1,1,6,1,8,1753,2,10,4,1
2013400BA0458,2,1,0,18,0,3,0,0,0,0,1,1,6,2,11,-1,-1,-1,10,1
2013400BA0459,1,9,0,18,0,0,0,0,0,0,4,1,6,2,8,1998,1,20,6,2
2013400BA0461,1,9,0,18,0,1,0,0,0,0,1,1,6,2,10,1240,1,7,8,1
2013400BA0461,2,9,0,3,0,1,0,0,0,0,2,1,6,1,6,-1,-1,-1,6,1
2013400BA0461,3,9,0,9,0,1,0,0,0,0,2,1,6,1,9,1988,2,8,9,1
2013400BA0462,1,9,0,17,0,8,5,10,1,0,4,1,6,2,8,1991,2,3,9,3
2013400BA0466,1,9,0,7,0,8,0,0,0,0,4,1,6,2,5,1248,2,3,3,1
2013400BA0466,2,1,0,18,0,8,0,0,0,0,1,1,6,1,6,-1,-1,-1,8,1
2013400BA0467,1,21,1,7,0,4,0,0,0,0,4,1,1,1,8,-1,-1,-1,10,2
2013400BA0467,2,5,0,7,0,4,0,0,0,0,3,1,6,2,8,599,1,6,10,2
2013400BA0468,1,9,0,18,0,4,0,0,0,0,1,1,6,2,9,2295,1,14,3,1
2013400BA0468,2,1,0,7,0,8,0,0,0,0,4,1,6,1,6,-1,-1,-1,3,1
2013400BA0469,1,19,3,13,0,0,0,0,0,0,2,1,6,1,9,1995,2,5,8,2
2013400BA0469,2,19,0,18,0,0,0,0,0,0,0,1,6,1,-1,-1,-1,-1,-1,-1
2013400BA0469,3,1,0,18,0,0,0,0,0,0,1,1,6,1,7,-1,-1,-1,5,1
2013400BA0470,1,19,0,18,0,1,0,0,0,0,1,1,1,1,7,2402,2,5,4,3
2013400BA0470,2,9,0,3,0,1,0,0,0,0,2,1,3,2,6,1242,1,1,8,3
2013400BA0471,1,9,0,16,0,8,0,0,0,0,1,1,6,1,4,-1,-1,-1,10,1
2013400BA0471,2,9,0,18,0,1,0,0,1,0,1,1,6,2,5,1199,1,9,9,3
2013400BA0473,1,9,0,18,0,8,0,0,0,0,1,1,2,2,6,998,1,6,6,1
2013400BA0473,2,9,0,18,0,8,0,0,1,1,3,1,6,2,7,1995,2,7,9,1
2013400BA0474,1,9,0,7,0,8,0,0,0,0,1,1,2,1,9,1598,1,3,7,2
2013400BA0474,2,1,0,18,0,8,0,0,0,0,2,1,2,1,8,-1,-1,-1,10,1
2013400BA0481,1,19,0,3,0,8,0,0,0,0,2,1,1,1,7,-1,2,19,5,1
2013400BA0481,2,19,0,18,0,1,0,0,0,0,1,1,1,1,8,1560,2,6,9,1
2013400BA0481,3,9,0,3,0,8,0,0,0,0,2,1,6,2,10,1395,1,-1,5,1
2013400BA0485,1,5,0,4,0,0,0,0,0,0,1,1,2,1,6,600,1,13,6,1
2013400BA0487,1,20,0,13,0,1,0,0,0,0,2,1,6,1,-1,-1,-1,-1,-1,-1
2013400BA0487,2,1,0,14,0,1,0,0,0,0,3,1,6,2,6,-1,-1,-1,6,1
2013400BA0488,1,9,0,18,0,0,0,0,0,0,4,1,6,3,-1,-1,-1,-1,-1,-1
2013400BA0494,1,9,0,13,0,0,0,0,0,0,1,1,6,1,-1,-1,-1,-1,-1,-1
2013400BA0494,2,1,0,18,0,0,0,0,0,0,1,1,1,1,6,-1,-1,-1,5,1
2013400BA0496,1,9,0,18,0,0,1,0,5,6,1,1,6,3,-1,-1,-1,-1,-1,-1
2013400BA0500,1,11,0,2,0,8,0,0,0,0,4,1,1,1,8,-1,-1,-1,-1,-1
2013400BA0502,1,9,0,7,0,1,0,0,0,0,4,1,1,2,6,1248,2,5,4,1
2013400BA0503,1,9,0,9,0,4,0,0,0,0,3,1,6,2,10,1061,1,10,10,1
2013400BA0503,2,1,0,18,0,8,0,0,0,0,1,1,6,1,4,-1,-1,-1,9,1
2013400BA0505,1,9,0,18,0,0,1,0,0,0,1,1,2,1,6,1896,2,11,4,1
2013400BA0505,2,8,0,10,0,0,0,0,0,0,2,1,1,1,7,1896,2,5,9,1
2013400BA0508,1,9,0,18,0,8,0,0,0,0,1,1,6,1,-1,1984,1,15,-1,-1
2013400BA0508,2,9,0,9,0,8,0,0,0,0,4,1,1,2,7,-1,-1,-1,3,1
2013400BA0517,1,9,0,5,0,4,0,0,0,0,3,1,2,1,6,1951,2,10,3,1
2013400BA0517,2,1,0,18,0,8,0,0,0,0,1,1,2,1,6,-1,-1,-1,6,1
2013400BA0520,1,9,0,18,0,8,0,0,0,0,1,1,2,2,7,1560,2,9,7,3
2013400BA0520,2,1,0,9,0,8,0,0,1,0,4,1,6,1,4,-1,-1,-1,7,3
2013400BA0520,3,1,0,10,0,1,0,0,0,0,0,1,6,1,4,-1,-1,-1,8,3
2013400BA0521,1,9,0,9,0,8,0,0,0,0,4,1,6,1,6,1196,1,29,8,3
2013400BA0521,2,9,0,18,0,8,0,0,1,9,1,1,6,1,6,998,1,1,10,1
2013400BA0522,1,9,0,18,0,0,2,0,7,9,3,1,6,1,6,1300,1,41,-1,-1
2013400BA0522,2,9,0,18,0,0,0,0,0,0,1,1,1,1,6,2792,1,5,2,1
2013400BA0522,3,9,0,18,0,0,0,0,0,0,4,1,1,1,8,2792,1,4,2,1
2013400BA0523,1,9,0,4,0,1,0,0,0,0,1,1,6,1,10,2351,1,10,7,3
2013400BA0523,2,5,0,3,0,1,0,0,0,0,2,1,2,1,9,649,1,3,3,1
2013400BA0524,1,9,0,9,0,8,0,0,0,0,3,1,2,2,10,3628,2,3,8,3
2013400BA0524,2,9,0,17,0,8,0,0,0,0,1,1,2,1,8,1598,1,11,7,2
2013400BA0526,1,5,0,16,0,0,0,0,0,0,3,1,6,2,7,600,1,9,8,3
2013400BA0526,2,9,0,17,0,0,0,0,2,0,3,1,6,1,7,1560,2,7,7,1
2013400BA0527,1,9,0,13,0,0,1,0,1,9,3,1,6,1,6,1910,2,8,-1,-1
2013400BA0527,2,9,0,18,0,0,1,0,0,0,1,1,6,1,6,1998,1,20,6,3
2013400BA0529,1,9,0,17,0,0,2,0,1,9,1,1,6,2,5,1341,1,12,3,1
2013400BA0531,1,9,0,9,0,8,0,0,0,0,4,1,6,1,-1,973,1,13,-1,-1
2013400BA0531,2,10,0,18,0,8,0,0,0,0,1,1,1,1,8,-1,-1,-1,2,1
2013400BA0532,1,9,0,9,0,8,0,0,0,0,4,1,6,2,11,1332,1,2,8,2
2013400BA0532,2,5,0,18,0,8,0,0,0,0,1,1,6,1,6,-1,-1,-1,8,1
2013400BA0534,1,19,0,13,0,8,0,0,0,0,2,1,1,1,6,2461,2,2,4,1
2013400BA0534,2,9,0,18,0,6,1,0,4,6,1,1,1,2,5,1242,1,8,10,2
2013400BA0535,1,9,0,7,0,5,0,0,0,0,4,1,6,2,7,998,1,4,10,2
2013400BA0535,2,5,0,18,2,8,0,0,0,0,1,1,6,1,5,599,1,12,5,1
2013400BA0536,1,11,0,14,0,0,0,0,0,0,1,1,1,1,9,-1,-1,-1,5,1
2013400BA0536,2,19,0,3,0,0,0,0,0,0,1,1,1,1,9,2402,2,3,8,1
2013400BA0538,1,9,0,9,0,6,0,0,0,0,1,1,6,2,6,1229,1,-1,10,2
2013400BA0538,2,9,0,17,0,1,0,0,7,9,4,1,6,2,9,1388,1,4,3,1
2013400BA0540,1,9,0,4,0,1,0,0,0,0,1,1,6,1,9,2148,2,10,5,1
2013400BA0540,2,9,0,3,0,1,0,0,0,0,2,1,1,2,7,1997,2,3,-1,1
2013400BA0543,1,9,0,18,0,8,0,0,0,0,1,1,6,1,11,1086,1,4,-1,-1
2013400BA0543,2,9,0,2,0,8,0,0,0,0,2,1,6,3,-1,1796,1,11,9,3
2013400BA0545,1,8,0,9,0,8,0,0,1,10,3,1,1,1,8,1998,2,3,3,1
2013400BA0545,2,9,0,18,0,8,0,0,7,10,1,1,6,2,6,1461,2,4,7,3
2013400BA0548,1,9,0,1,0,6,0,2,0,0,2,1,6,3,-1,-1,-1,-1,-1,-1
2013400BA0549,1,2,0,4,0,1,1,0,0,0,1,1,6,1,4,-1,-1,-1,7,3
2013400BA0549,2,9,0,3,0,2,0,0,0,0,2,1,6,1,10,1248,1,3,1,1
2013400BA0550,1,9,0,9,0,8,0,0,0,0,1,1,6,1,8,998,1,14,6,2
2013400BA0550,2,1,0,18,0,8,0,0,0,0,4,1,6,1,4,-1,-1,-1,3,1
2013400BA0551,1,9,0,18,0,0,0,0,0,0,3,1,6,2,8,1149,1,9,9,1
2013400BA0553,1,9,0,7,0,3,0,0,0,0,4,1,1,1,6,1360,1,11,8,3
2013400BA0553,2,5,0,9,0,8,0,0,1,1,1,1,1,1,8,996,1,11,6,1
2013400BA0555,1,9,0,2,0,2,0,0,0,0,4,1,1,1,6,-1,-1,-1,8,2
2013400BA0555,2,1,0,14,0,1,0,0,1,0,1,1,1,1,8,-1,-1,-1,9,1
2013400BA0556,1,9,0,6,0,0,0,0,0,0,1,1,6,2,10,-1,-1,-1,10,2
2013400BA0556,2,9,0,18,0,0,1,10,7,9,4,1,6,2,8,1124,1,11,6,2
2013400BA0557,1,9,0,17,0,0,2,10,2,7,4,1,6,1,6,1598,1,14,8,1
2013400BA0558,1,9,0,18,0,0,1,0,4,6,1,1,6,1,6,1399,1,10,8,3
2013400BA0561,1,19,0,13,0,0,0,0,0,0,1,1,1,1,8,2461,2,3,4,1
2013400BA0561,2,9,0,16,0,0,0,0,0,0,1,1,6,1,7,1598,2,2,10,3
2013400BA0561,3,9,4,17,0,0,0,0,0,0,0,1,6,1,9,1910,2,5,6,3
2013400BA0566,1,3,0,17,0,0,1,0,1,9,4,1,6,1,4,125,1,8,1,1
2013400BA0568,1,3,0,18,0,0,0,0,1,0,0,1,1,1,5,124,1,4,10,2
2013400BA0569,1,9,0,2,0,1,0,0,0,0,3,1,6,2,6,1598,1,4,3,1
2013400BA0569,2,9,0,14,0,1,0,0,0,0,4,1,6,1,9,1598,1,11,3,1
2013400BA0573,1,9,0,9,0,8,0,0,0,0,1,1,6,1,4,1149,1,11,3,1
2013400BA0573,2,9,0,18,0,8,0,0,0,0,1,1,6,1,9,1388,1,3,9,3
2013400BA0574,1,9,0,4,0,0,0,0,0,0,1,1,6,1,6,1988,1,14,-1,-1
2013400BA0574,2,9,0,3,0,0,0,0,0,0,2,1,6,2,6,1596,1,6,5,1
2013400BA0575,1,9,0,18,0,0,0,0,0,0,1,1,2,1,7,1984,1,15,4,1
2013400BA0575,2,9,0,4,0,0,0,0,0,0,2,1,6,1,5,1368,1,4,8,1
2013400BA0575,3,9,0,4,0,0,0,0,0,0,2,1,6,1,-1,-1,-1,-1,8,1
2013400BA0576,1,9,0,9,0,8,0,0,0,0,3,1,6,2,8,1124,1,12,5,3
2013400BA0576,2,5,0,18,0,8,1,0,1,0,1,1,6,1,9,644,1,5,-1,-1
2013400BA0578,1,9,0,13,0,0,0,0,0,0,3,1,6,1,-1,1896,2,4,10,1
2013400BA0578,2,5,0,13,0,0,0,0,0,0,4,1,6,1,7,999,1,2,5,1
2013400BA0579,1,9,0,9,0,8,0,0,0,0,4,1,6,2,7,3222,2,10,3,1
2013400BA0579,2,5,0,18,2,8,0,0,0,0,1,1,6,1,5,599,1,9,8,3
2013400BA0581,1,1,0,18,0,0,0,0,0,1,4,1,6,2,9,-1,-1,-1,3,1
2013400BA0582,1,9,0,18,0,8,0,0,0,0,3,1,2,1,7,1596,1,12,9,1
2013400BA0582,2,5,0,18,0,8,0,0,0,0,1,1,2,1,7,998,1,8,10,1
2013400BA0584,1,9,0,4,0,0,0,0,0,0,1,1,6,2,8,1997,1,6,4,1
2013400BA0584,2,9,0,3,0,0,0,0,0,0,2,1,2,1,9,1339,1,8,8,3
2013400BA0588,1,9,0,18,0,0,1,0,7,9,3,1,6,2,11,1390,1,8,7,3
2013400BA0592,1,9,0,1,0,6,0,0,0,0,1,1,6,1,5,1796,1,12,8,1
2013400BA0592,2,9,0,18,0,8,1,0,0,0,1,1,6,1,7,1870,2,9,-1,-1
2013400BA0594,1,4,0,17,0,0,0,0,0,0,1,1,6,1,8,-1,-1,-1,-1,-1
2013400BA0594,2,9,0,16,0,0,0,0,0,0,1,1,6,2,7,1997,2,10,7,3
2013400BA0600,1,9,0,7,0,4,0,0,0,0,1,1,2,2,-1,1229,1,6,-1,-1
2013400BA0600,2,9,0,7,0,4,0,0,0,0,2,1,6,2,4,1242,1,-1,6,1
2013400BA0601,1,5,0,18,0,8,0,0,0,0,1,1,6,1,6,998,1,5,-1,2
2013400BA0601,2,9,0,9,0,8,0,0,0,0,3,1,6,3,-1,1086,1,8,-1,-1
2013400BA0603,1,9,0,17,0,0,0,0,1,4,4,1,6,1,4,1995,2,11,7,1
2013400BA0606,1,9,0,5,8,0,0,0,0,0,3,1,6,1,4,1388,1,10,10,3
2013400BA0606,2,5,0,11,0,0,0,0,0,0,4,1,6,1,9,1050,1,6,7,1
2013400BA0609,1,3,0,18,0,8,1,0,0,0,0,1,6,1,7,-1,-1,-1,9,1
2013400BA0609,2,9,0,9,0,8,0,0,0,0,0,1,6,2,9,1339,1,4,10,2
2013400BA0610,1,9,0,18,0,8,0,0,0,0,1,1,2,2,7,1393,1,15,10,2
2013400BA0610,2,1,0,18,0,8,0,0,0,0,4,1,2,1,6,-1,-1,-1,5,1
2013400BA0611,1,9,0,7,0,6,0,0,0,0,0,1,6,2,6,1598,1,14,8,1
2013400BA0611,2,1,0,18,9,8,0,0,0,0,0,1,6,2,8,-1,-1,-1,3,1
2013400BA0612,1,9,0,18,0,2,0,0,0,0,4,1,6,1,-1,-1,-1,-1,8,1
2013400BA0613,1,3,0,17,0,0,0,0,1,4,1,1,6,1,5,124,1,1,10,2
2013400BA0615,1,9,0,16,0,0,1,0,7,9,4,1,6,1,6,1896,2,9,-1,1
2013400BA0615,2,8,0,18,0,0,1,0,0,0,1,1,1,1,7,-1,-1,-1,6,3
2013400BA0616,1,9,0,9,0,8,0,0,0,0,3,1,6,2,6,1896,2,6,2,1
2013400BA0616,2,5,0,18,0,8,1,0,0,0,1,1,6,1,5,598,1,24,3,1
2013400BA0617,1,9,0,7,0,6,0,0,0,0,1,1,6,1,-1,-1,-1,-1,-1,-1
2013400BA0617,2,1,0,18,9,8,0,0,0,0,3,1,6,2,5,-1,-1,-1,9,1
2013400BA0620,1,9,0,9,0,8,0,0,0,0,1,1,6,2,7,999,1,9,1,1
2013400BA0620,2,1,0,18,0,8,0,0,0,0,3,1,2,1,5,-1,-1,-1,5,1
2013400BA0622,1,1,0,18,0,8,0,0,0,0,1,1,6,1,5,-1,-1,-1,6,1
2013400BA0622,2,9,0,9,0,4,0,0,0,0,1,1,6,1,-1,2987,2,7,2,1
2013400BA0623,1,9,0,18,0,1,1,0,0,0,1,1,1,1,8,1399,2,3,7,1
2013400BA0623,2,9,0,10,0,8,0,0,0,0,2,1,6,1,6,2995,1,-1,8,3
2013400BA0626,1,9,0,9,0,8,0,0,0,0,3,1,6,2,8,-1,-1,-1,6,2
2013400BA0626,2,1,0,18,0,8,0,0,0,0,1,1,2,2,7,-1,-1,-1,6,1
2013400BA0627,1,9,0,18,0,1,0,0,0,0,1,1,6,1,7,1910,2,5,9,1
2013400BA0627,2,9,0,3,0,1,0,0,0,0,2,1,6,2,6,1998,1,6,7,1
2013400BA0627,3,9,0,3,0,1,0,0,0,0,2,1,6,2,-1,1796,1,5,6,2
2013400BA0629,1,9,0,18,0,6,0,0,7,1,1,1,6,2,10,1798,1,9,10,2
2013400BA0629,2,9,0,7,0,8,0,0,1,10,1,1,6,2,4,1199,1,12,9,3
2013400BA0630,1,9,0,18,0,4,0,0,0,0,1,1,2,1,6,1910,2,7,10,1
2013400BA0630,2,1,0,18,0,8,0,0,0,0,4,1,2,1,6,-1,-1,-1,8,2
2013400BA0631,1,9,0,18,0,4,0,0,0,0,1,1,6,1,7,1910,2,6,3,1
2013400BA0631,2,1,0,18,0,8,0,0,0,0,4,1,6,1,8,-1,-1,-1,10,1
2013400BA0632,1,9,0,18,0,0,0,0,0,0,1,1,6,2,7,1497,1,10,3,1
2013400BA0634,1,90,0,18,0,0,5,0,1,9,1,1,1,1,6,1498,2,12,8,1
2013400BA0634,2,9,0,13,0,0,0,0,0,0,0,1,6,3,-1,-1,-1,-1,-1,-1
2013400BA0635,1,9,0,18,0,0,0,0,0,0,1,1,6,1,9,1332,1,15,10,1
2013400BA0636,1,9,0,7,0,8,0,0,1,0,2,1,6,2,-1,-1,-1,-1,-1,-1
2013400BA0642,1,5,0,18,0,4,0,0,0,0,1,1,6,1,-1,998,1,14,2,1
2013400BA0642,2,9,0,3,0,4,0,0,0,0,2,1,6,1,8,1995,1,2,7,3
2013400BA0650,1,9,0,18,0,0,0,0,0,0,1,1,6,2,9,1984,1,13,6,2
2013400BA0650,2,1,0,18,0,0,0,0,0,0,1,1,6,1,4,-1,-1,-1,4,1
2013400BA0652,1,9,0,9,0,8,0,0,0,0,0,1,6,2,8,1900,2,9,-1,-1
2013400BA0652,2,3,0,18,0,8,1,0,0,0,4,1,1,1,8,125,1,2,5,1
2013400BA0653,1,9,0,5,0,4,0,0,0,0,1,1,1,2,5,1896,2,6,3,1
2013400BA0653,2,1,0,18,0,8,0,0,0,0,4,1,1,1,6,-1,-1,-1,4,1
2013400BA0654,1,9,0,18,0,8,0,0,0,0,1,1,6,3,-1,1488,2,17,-1,-1
2013400BA0662,1,9,0,9,0,6,0,0,0,0,0,1,6,3,-1,-1,-1,-1,-1,-1
2013400BA0662,2,2,0,14,0,8,1,0,0,0,0,1,6,1,4,49,1,2,3,1
2013400BA0666,1,9,0,16,0,0,0,0,1,10,1,1,6,1,5,1799,1,14,9,3
2013400BA0667,1,9,0,9,0,8,0,0,0,0,1,1,2,2,9,1206,1,4,5,1
2013400BA0667,2,4,0,17,0,8,1,0,0,0,1,1,6,1,7,400,1,19,2,1
2013400BA0669,1,9,0,18,0,0,0,0,0,0,1,1,2,2,7,-1,-1,-1,8,1
2013400BA0669,2,9,0,4,0,0,0,0,0,0,2,1,6,2,7,1364,1,8,3,1
2013400BA0670,1,9,0,18,0,0,0,0,0,0,1,1,3,2,7,1498,1,11,-1,-1
2013400BA0671,1,9,0,9,0,8,0,0,0,0,1,1,2,1,7,1598,1,8,4,1
2013400BA0671,2,1,0,18,0,8,0,0,0,0,1,1,2,1,6,-1,-1,-1,10,1
2013400BA0674,1,9,0,9,0,8,0,0,0,0,4,1,6,2,11,2435,1,17,9,3
2013400BA0674,2,1,0,18,0,8,0,0,0,0,1,1,6,1,6,-1,-1,-1,6,1
2013400BA0679,1,1,0,18,0,0,0,0,0,0,0,1,6,1,8,-1,-1,-1,10,2
2013400BA0685,1,9,0,18,0,0,1,0,2,10,1,1,6,1,10,1598,1,5,9,3
2013400BA0685,2,9,0,18,0,0,0,0,0,0,1,1,1,1,8,1995,2,3,-1,3
2013400BA0686,1,9,0,16,0,0,0,0,0,0,1,1,6,2,8,1598,1,11,10,3
2013400BA0686,2,9,0,17,0,0,0,0,0,0,1,1,6,1,8,1398,1,-1,-1,-1
2013400BA0690,1,9,0,9,0,6,0,0,0,0,3,1,6,2,6,1598,1,4,4,1
2013400BA0690,2,1,0,18,2,8,0,0,0,0,1,1,6,1,6,-1,-1,-1,8,1
2013400BA0691,1,19,0,9,0,6,0,0,0,0,3,1,1,2,7,1248,2,4,6,2
2013400BA0691,2,9,0,16,0,8,1,0,0,0,1,1,6,1,4,973,1,13,10,2
2013400BA0694,1,9,0,18,0,8,0,0,0,0,1,1,2,2,7,-1,-1,-1,5,1
2013400BA0696,1,5,0,18,0,4,1,0,0,0,1,1,6,1,8,883,1,13,3,1
2013400BA0696,2,9,0,3,0,8,0,0,0,0,2,1,6,2,10,1397,1,2,7,3
2013400BA0697,1,9,0,16,0,8,1,0,0,0,1,1,6,1,4,1124,1,9,-1,-1
2013400BA0697,2,21,1,17,0,8,0,0,0,0,3,1,1,1,8,4934,2,12,7,1
2013400BA0700,1,9,0,9,0,8,0,0,7,0,4,1,2,2,9,1997,1,10,3,1
2013400BA0700,2,9,0,18,0,8,0,0,0,0,1,1,1,1,5,1998,1,11,6,1
2013400BA0702,1,21,1,18,0,0,5,0,1,9,4,1,1,1,8,12900,2,3,4,3