Accident_Index,Vehicle_Reference,Vehicle_Type,Towing_and_Articulation,Vehicle_Manoeuvre,Vehicle_Location-Restricted_Lane,Junction_Location,Skidding_and_Overturning,Hit_Object_in_Carriageway,Vehicle_Leaving_Carriageway,Hit_Object_off_Carriageway,1st_Point_of_Impact,Was_Vehicle_Left_Hand_Drive?,Journey_Purpose_of_Driver,Sex_of_Driver,Age_Band_of_Driver,Engine_Capacity_(CC),Propulsion_Code,Age_of_Vehicle,Driver_IMD_Decile,Driver_Home_Area_Type
2013400CA0153,3,9,0,18,0,0,0,0,1,6,4,1,6,1,4,1390,1,12,4,1
2013400CA0155,1,9,0,18,0,2,0,0,0,0,4,1,6,1,10,1560,2,1,-1,-1
2013400CA0156,1,9,0,7,0,8,0,0,0,0,1,1,6,1,5,1997,2,12,-1,-1
2013400CA0156,2,9,0,18,0,8,0,0,0,0,1,1,6,1,7,-1,-1,-1,-1,-1
2013400CA0159,1,9,0,5,0,1,0,0,0,0,1,1,6,1,7,2188,2,12,3,1
2013400CA0162,1,19,0,4,0,1,1,0,0,0,1,1,2,1,6,1998,2,9,4,1
2013400CA0162,2,5,0,4,0,1,0,0,0,0,2,1,2,1,8,599,1,10,7,1
2013400CA0164,1,9,0,5,0,4,0,0,0,0,3,1,2,1,5,4266,1,14,6,1
2013400CA0164,2,1,0,11,0,8,0,0,0,0,4,1,2,2,8,-1,-1,-1,5,1
2013400CA0165,1,5,0,4,0,1,1,0,0,0,0,1,6,1,7,903,1,1,-1,-1
2013400CA0166,1,9,0,1,0,0,0,0,0,0,2,1,6,1,-1,-1,-1,-1,-1,-1
2013400CA0169,1,9,0,18,0,0,1,0,7,0,4,1,1,1,6,1700,2,14,8,1
2013400CA0169,2,19,0,18,0,0,0,0,0,0,1,1,1,1,7,2402,2,6,4,1
2013400CA0170,1,9,0,17,0,0,0,0,1,8,1,1,6,1,5,1364,1,8,-1,-1
2013400CA0172,1,9,0,7,0,5,0,0,0,0,4,1,6,2,8,1598,1,14,4,1
2013400CA0175,1,9,0,7,0,5,0,0,0,0,1,1,6,1,-1,-1,-1,-1,-1,-1
2013400CA0175,2,1,0,18,0,1,0,0,0,0,4,1,1,1,5,-1,-1,-1,2,1
2013400CA0177,1,9,0,18,0,2,0,0,0,0,1,1,6,1,9,1596,1,1,-1,-1
2013400CA0177,2,1,0,18,0,1,0,0,0,0,3,1,6,2,7,-1,-1,-1,-1,-1
2013400CA0182,1,8,0,18,0,4,0,0,0,0,2,1,1,1,8,1995,2,10,1,1
2013400CA0182,2,1,0,18,0,8,0,0,0,0,1,1,2,1,5,-1,-1,-1,6,1
2013400CA0188,1,9,0,18,0,0,0,0,0,0,1,1,3,2,6,1199,1,9,3,1
2013400CA0190,1,9,0,18,0,0,0,0,0,0,1,1,2,1,6,1461,2,5,2,1
2013400CA0190,2,9,0,4,0,0,0,0,0,0,2,1,1,1,6,-1,-1,-1,4,1
2013400CA0196,1,8,0,5,0,4,0,0,0,0,3,1,1,1,6,2664,2,14,3,1
2013400CA0196,2,1,0,18,0,8,0,0,0,0,1,1,1,1,10,-1,-1,-1,5,1
2013400CA0198,1,9,0,6,0,0,0,0,0,0,3,1,6,2,7,-1,-1,-1,6,1
2013400CA0198,2,2,0,18,0,0,0,0,0,0,1,1,6,1,4,49,1,4,2,1
2013400CA0199,1,9,0,4,0,1,0,0,0,0,1,1,6,1,4,999,1,2,-1,-1
2013400CA0199,2,9,0,4,0,2,0,0,0,0,4,1,6,1,8,998,1,12,-1,-1
2013400CA0203,1,9,0,18,0,0,0,0,0,0,2,1,6,1,-1,-1,-1,-1,-1,-1
2013400CA0203,2,9,0,18,0,0,0,0,0,0,1,1,6,2,5,1389,1,15,7,1
2013400CA0205,1,9,0,18,0,0,0,0,0,0,4,1,6,1,-1,2688,2,13,-1,-1
2013400CA0208,1,21,4,18,0,0,0,0,0,0,1,1,1,1,5,5880,2,10,10,2
2013400CA0208,2,9,0,18,0,0,0,0,0,0,2,1,1,1,9,1598,1,4,8,1
2013400CA0210,1,9,0,18,0,0,0,0,0,0,1,1,6,1,6,1794,1,9,5,1
2013400CA0210,2,19,0,2,0,0,0,0,0,0,2,1,6,3,-1,2148,2,12,-1,-1
2013400CA0210,3,9,0,2,0,0,0,0,0,0,4,1,6,3,-1,1461,2,1,-1,-1
2013400CA0210,4,9,0,2,0,0,0,0,0,0,4,1,6,3,-1,1360,1,1,-1,-1
2013400CA0213,1,9,0,18,2,2,0,0,7,10,1,1,6,2,4,1199,1,12,4,1
2013400CA0214,1,9,0,16,0,0,1,0,2,10,1,1,6,1,5,1299,1,11,7,1
2013400CA0214,2,9,0,17,0,0,0,0,0,0,1,1,6,2,8,1242,1,8,10,1
2013400CA0215,1,9,0,10,0,1,0,0,0,0,1,1,6,2,10,998,1,1,-1,-1
2013400CA0215,2,9,0,18,0,8,0,0,0,0,4,1,6,2,8,1589,1,14,1,1
2013400CA0215,3,9,0,18,0,1,0,0,0,0,1,1,2,2,9,1796,1,7,10,1
2013400CA0215,4,9,0,4,0,1,0,0,0,0,1,1,6,1,7,1998,2,5,9,1
2013400CA0220,1,9,0,18,0,1,0,0,0,0,4,1,6,3,-1,3600,7,11,-1,-1
2013400CA0220,2,9,0,18,0,8,0,0,0,0,3,1,6,1,6,1686,2,8,2,1
2013400CA0224,1,9,0,4,0,8,0,0,0,0,2,1,6,2,-1,-1,-1,-1,-1,-1
2013400CA0224,2,1,0,18,0,8,0,0,0,0,1,1,2,1,5,-1,-1,-1,-1,-1
2013400CA0227,1,20,0,9,0,1,0,0,0,0,3,1,1,1,9,12740,2,1,10,1
2013400CA0227,2,9,0,18,0,1,0,0,0,0,1,1,6,2,6,1689,2,12,5,1
2013400CA0233,1,9,0,4,0,1,0,0,0,0,1,1,2,2,4,1598,1,9,4,1
2013400CA0233,2,19,0,4,0,1,0,0,0,0,2,1,2,1,8,1998,2,9,4,2
2013400CA0238,1,9,0,6,0,0,0,0,0,0,3,1,6,1,6,1781,1,12,6,1
2013400CA0238,2,5,0,14,0,0,0,0,0,0,1,1,6,1,4,599,1,12,3,1
2013400CA0239,1,9,0,18,0,1,0,0,0,0,1,1,6,1,-1,1598,1,8,-1,-1
2013400CA0239,2,9,0,4,0,1,0,0,0,0,2,1,2,2,4,998,1,3,4,1
2013400CA0240,1,9,0,18,0,1,0,0,0,0,1,1,6,1,-1,1686,2,9,-1,-1
2013400CA0240,2,9,0,3,0,1,0,0,0,0,2,1,6,1,5,2494,1,12,4,1
2013400CA0241,1,9,0,18,0,0,1,0,7,4,1,1,6,1,5,1400,1,8,6,1
2013400CA0251,1,9,0,18,0,0,0,0,0,0,1,1,6,1,-1,1598,2,2,-1,-1
2013400CA0251,2,9,0,18,0,0,0,0,0,0,2,1,1,1,6,1560,2,4,3,1
2013400CA0257,1,9,0,18,0,0,0,4,0,0,1,1,1,1,8,1598,1,8,9,1
2013400CA0257,2,9,0,3,0,0,0,0,0,0,2,1,1,2,6,-1,-1,-1,3,1
2013400CA0257,3,9,0,2,0,0,0,0,0,0,2,1,6,2,5,1390,1,11,10,1
2013400CA0260,1,9,0,4,0,1,0,0,0,0,1,1,1,2,8,1596,1,12,7,1
2013400CA0260,2,9,0,4,0,1,0,0,0,0,2,1,1,2,6,1796,1,7,10,1
2013400CA0262,1,9,0,5,0,6,0,0,0,0,1,1,6,1,8,1396,1,15,3,1
2013400CA0262,2,9,0,18,0,2,1,0,0,0,4,1,6,1,5,1975,1,11,6,1
2013400CA0266,1,9,0,18,0,0,1,0,1,10,4,1,6,1,6,-1,-1,-1,3,1
2013400CA0267,1,9,0,18,0,8,0,0,0,0,1,1,6,1,7,1686,2,11,5,1
2013400CA0267,2,9,0,9,0,8,0,0,0,0,3,1,6,1,6,1229,1,7,2,1
2013400CA0273,1,9,0,18,0,0,0,0,0,0,1,1,6,1,10,1686,2,2,5,1
2013400CA0275,1,9,0,4,0,0,0,0,0,0,2,1,2,1,7,1896,2,9,10,1
2013400CA0275,2,19,0,4,0,0,0,0,0,0,2,1,2,1,6,1868,2,7,3,1
2013400CA0275,3,19,0,4,0,0,1,0,0,0,1,1,2,1,7,1995,2,2,4,1
2013400CA0275,4,19,0,4,0,0,1,0,0,0,1,1,2,1,4,2298,2,3,8,3
2013400CA0277,1,9,0,18,0,1,0,0,0,0,1,1,6,1,6,998,1,1,2,1
2013400CA0280,1,9,0,1,0,0,0,0,0,0,0,1,6,1,-1,1998,2,1,-1,-1
2013400CA0280,2,9,0,2,0,0,0,0,0,0,0,1,6,3,-1,1995,2,6,-1,-1
2013400CA0282,1,9,0,4,0,1,0,0,0,0,1,1,6,3,-1,-1,-1,-1,-1,-1
2013400CA0283,1,9,0,9,0,1,0,0,0,0,4,1,6,1,-1,1597,1,4,-1,-1
2013400CA0285,1,9,0,18,0,1,0,0,0,0,4,1,1,1,7,1762,1,14,3,1
2013400CA0290,1,9,0,18,0,1,0,0,0,0,1,1,6,1,-1,1896,2,12,-1,-1
2013400CA0290,2,9,0,4,0,1,0,0,0,0,2,1,6,1,7,1493,1,15,-1,-1
2013400CA0291,1,9,0,5,0,1,0,0,0,0,1,1,1,2,8,998,1,1,5,1
2013400CA0291,2,9,0,5,0,1,0,0,0,0,2,1,1,1,4,1399,2,5,8,1
2013400CA0293,1,9,0,9,0,2,0,0,0,0,1,1,1,1,8,2498,1,15,-1,-1
2013400CA0294,1,9,0,18,0,1,0,0,0,0,1,1,6,1,-1,1598,2,1,9,1
2013400CA0294,2,9,0,3,0,1,0,0,0,0,2,1,6,1,7,2171,2,10,10,1
2013400CA0294,3,9,0,3,0,1,0,0,0,0,2,1,6,1,-1,1956,2,-1,7,1
2013400CA0296,1,21,1,18,0,0,1,0,0,0,1,1,1,1,9,11967,2,2,5,2
2013400CA0296,2,21,1,18,0,0,3,0,0,0,2,1,1,1,6,11946,2,6,8,3
2013400CA0299,1,9,0,9,0,6,0,0,0,0,1,1,6,1,5,1598,1,9,6,1
2013400CA0306,1,9,0,1,0,0,0,0,0,0,0,1,6,1,4,1896,2,12,-1,-1
2013400CA0307,1,9,0,18,0,1,0,0,0,0,1,1,6,3,-1,1997,1,22,-1,-1
2013400CA0307,2,9,0,9,0,8,0,0,0,0,2,1,6,1,6,-1,-1,-1,2,1
2013400CA0308,1,9,0,9,0,5,0,0,0,0,2,1,6,1,-1,-1,-1,-1,-1,-1
2013400CA0310,1,9,0,7,0,8,0,0,0,0,3,1,6,3,-1,-1,-1,-1,-1,-1
2013400CA0310,2,1,0,18,0,8,0,0,0,0,4,1,6,1,5,-1,-1,-1,3,1
2013400CA0312,1,2,0,4,0,4,1,0,0,0,0,1,6,1,4,49,1,9,4,2
2013400CA0315,1,9,0,18,0,0,0,0,0,0,1,1,6,2,-1,1686,2,7,-1,-1
2013400CA0315,2,9,0,2,0,0,0,0,0,0,2,1,6,2,5,1587,1,7,-1,-1
2013400CA0318,1,9,0,18,0,0,0,0,0,0,1,1,6,3,-1,1229,1,6,-1,-1
2013400CA0321,1,9,0,5,0,0,0,0,0,0,3,1,6,1,8,2099,1,11,4,1
2013400CA0321,2,9,0,18,0,0,0,0,0,0,4,1,6,1,5,1968,2,3,2,1
2013400CA0322,1,9,0,18,0,0,0,0,0,0,1,1,3,1,7,1598,1,4,3,1
2013400CA0326,1,9,0,18,0,0,0,0,0,0,1,1,6,1,6,1896,2,8,3,1
2013400CA0326,2,9,0,18,0,0,1,0,0,0,2,1,6,1,6,2148,2,6,-1,-1
2013400CA0326,3,9,0,4,0,0,0,0,0,0,0,1,6,1,6,998,1,7,-1,-1
2013400CA0328,1,8,0,18,0,4,0,0,0,0,1,1,2,1,6,1686,2,2,3,1
2013400CA0328,2,1,0,18,0,4,0,0,0,0,2,1,2,2,8,-1,-1,-1,2,1
2013400CA0339,1,1,0,18,0,1,1,0,0,0,1,1,4,1,4,-1,-1,-1,1,1
2013400CA0339,2,9,0,18,0,8,0,0,0,0,4,1,3,2,6,998,1,3,4,1
2013400CA0344,1,9,0,9,0,6,0,0,0,0,1,1,6,2,8,1587,1,9,-1,-1
2013400CA0344,2,5,0,9,0,1,0,0,0,0,3,1,6,1,6,599,1,15,-1,-1
2013400CA0345,1,3,0,16,0,0,0,0,7,10,1,1,6,1,5,124,1,10,3,1
2013400CA0348,1,9,0,18,0,1,0,0,0,0,4,1,6,1,9,1598,2,2,-1,-1
2013400CA0348,2,1,0,18,9,1,0,0,0,0,1,1,2,1,8,-1,-1,-1,-1,-1
2013400CA0350,1,9,0,12,0,2,0,0,0,0,2,1,6,1,4,1422,2,5,-1,-1
2013400CA0350,2,5,0,18,0,2,0,0,0,0,1,1,6,1,6,1000,1,4,-1,-1
2013400CA0353,1,9,0,4,0,1,0,0,0,0,1,1,6,1,5,1910,2,6,2,1
2013400CA0353,2,9,0,4,0,1,0,0,0,0,2,1,6,2,6,1248,2,4,4,1
2013400CA0354,1,9,0,18,0,0,0,0,0,0,3,1,6,2,6,1248,2,1,6,1
2013400CA0355,1,9,0,18,0,0,0,4,0,0,4,1,6,1,6,1590,1,12,2,1
2013400CA0355,2,9,0,2,0,0,0,0,0,0,3,1,6,3,-1,998,1,11,-1,-1
2013400CA0355,3,9,0,2,0,0,0,0,0,0,2,1,6,3,-1,1796,1,11,-1,-1
2013400CA0355,4,9,0,2,0,0,0,0,0,0,2,1,6,3,-1,1910,2,5,-1,-1
2013400CA0355,5,9,0,2,0,0,0,0,0,0,2,1,6,3,-1,-1,-1,-1,-1,-1
2013400CA0357,1,19,0,18,0,1,0,0,0,0,1,1,6,1,-1,2198,2,6,-1,-1
2013400CA0357,2,9,0,4,0,1,0,0,0,0,2,1,6,2,6,1686,2,9,5,1
2013400CA0366,1,9,0,18,0,0,0,0,0,0,1,1,6,1,5,1364,1,4,2,1
2013400CA0367,1,9,0,9,0,8,0,0,0,0,3,1,6,2,6,1242,1,13,-1,-1
2013400CA0370,1,9,0,18,0,0,0,0,0,0,1,1,6,3,-1,-1,-1,-1,-1,-1
2013400CA0371,1,9,0,7,0,1,0,0,0,0,1,1,6,3,-1,-1,-1,-1,-1,-1
2013400CA0371,2,1,0,18,0,1,0,0,0,0,4,1,6,1,8,-1,-1,-1,1,1
2013400CA0372,1,9,0,9,0,1,0,0,0,0,1,1,6,2,7,1560,2,8,10,1
2013400CA0372,2,9,0,18,0,1,0,0,0,0,1,1,6,2,8,1242,1,13,6,1
2013400CA0373,1,9,0,18,0,3,0,0,0,0,2,1,6,2,6,1796,1,11,-1,-1
2013400CA0373,2,9,0,4,0,3,0,0,0,0,2,1,6,2,5,1198,1,2,-1,-1
2013400CA0374,1,9,0,18,0,0,0,0,0,0,1,1,1,2,4,1598,1,10,3,1
2013400CA0389,1,9,0,4,0,1,0,0,0,0,1,1,6,1,-1,-1,-1,-1,-1,-1
2013400CA0389,2,9,0,3,0,1,0,0,0,0,2,1,6,2,6,1399,2,3,7,1
2013400CA0393,1,9,0,18,0,2,0,0,0,0,3,1,6,3,-1,1995,2,12,-1,-1
2013400CA0403,1,9,0,18,0,3,0,0,8,1,1,1,2,1,9,1598,1,7,5,1
2013400CA0404,1,9,0,17,0,2,0,0,0,0,3,1,6,1,6,-1,-1,-1,2,1
2013400CA0407,1,9,0,18,0,0,2,0,5,7,1,1,6,1,5,1199,1,9,8,1
2013400CA0407,2,9,0,18,0,0,0,0,1,0,0,1,6,1,-1,-1,-1,-1,-1,-1
2013400CA0409,1,9,0,9,0,6,0,0,0,0,2,1,6,2,6,2000,1,10,-1,-1
2013400CA0409,2,9,0,18,0,8,0,0,0,0,1,1,6,1,4,-1,-1,-1,10,1
2013400CA0410,1,19,0,18,0,2,0,0,0,0,0,1,2,1,8,1461,2,6,9,3
2013400CA0411,1,9,0,4,0,1,0,0,0,0,2,1,6,2,6,1587,1,9,-1,-1
2013400CA0411,2,9,0,18,0,1,0,0,0,0,2,1,6,2,6,2148,2,9,-1,-1
2013400CA0411,3,9,0,18,0,1,0,0,0,0,1,1,6,1,6,-1,-1,-1,-1,-1
2013400CA0417,1,9,0,4,0,1,0,0,0,0,1,1,6,1,-1,1598,1,3,-1,-1
2013400CA0417,2,9,0,8,0,1,0,0,0,0,2,1,6,1,6,-1,-1,-1,4,1
2013400CA0418,1,19,0,7,0,2,0,0,0,0,4,1,6,1,8,4249,2,1,8,1
2013400CA0419,1,9,0,16,0,0,1,0,0,0,1,1,1,1,7,1461,2,10,5,1
2013400CA0419,2,9,0,17,0,0,2,0,1,4,3,1,1,1,6,999,1,13,10,1
2013400CA0421,1,9,0,18,0,1,0,0,0,0,1,1,6,1,4,2720,2,8,6,1
2013400CA0421,2,9,0,9,0,5,0,0,0,0,2,1,6,2,6,1390,1,-1,6,1
2013400CA0428,1,19,0,18,0,0,0,0,0,0,1,1,1,1,8,2463,2,11,6,1
2013400CA0428,2,9,0,18,0,0,0,0,0,0,2,1,6,2,5,1364,1,7,10,1
2013400CA0432,1,9,0,5,0,8,0,0,0,0,1,1,6,2,8,-1,-1,-1,5,1
2013400CA0433,1,9,0,9,0,6,0,0,0,0,1,1,6,1,8,1490,1,3,3,1
2013400CA0433,2,9,0,18,0,1,0,0,0,0,4,1,1,1,6,1910,2,6,1,1
2013400CA0434,1,1,0,18,0,0,0,10,1,3,1,1,6,1,6,-1,-1,-1,6,1
2013400CA0438,1,5,0,18,0,1,0,0,0,0,1,1,6,1,8,745,1,3,-1,-1
2013400CA0450,1,9,0,18,0,1,0,0,0,0,3,1,6,1,7,1461,2,5,5,1
2013400CA0450,2,1,0,18,0,1,0,0,3,0,1,1,2,1,5,-1,-1,-1,4,1
2013400CA0457,1,9,0,3,0,0,0,0,0,0,2,1,6,1,6,2148,2,7,2,1
2013400CA0457,2,9,0,18,0,0,0,0,0,0,1,1,6,1,6,2461,2,16,8,1
2013400CA0465,1,9,0,9,0,8,0,0,0,0,3,1,6,1,5,1229,1,4,7,1
2013400CA0470,1,9,0,3,0,0,0,0,0,0,1,1,2,2,6,1199,1,12,5,1
2013400CA0473,1,9,0,18,0,0,0,0,0,0,0,1,6,3,-1,-1,-1,-1,-1,-1
2013400CA0473,2,11,0,18,2,0,0,0,0,0,0,1,1,1,7,9600,2,14,4,1
2013400CA0478,1,21,1,18,0,0,1,0,0,0,1,1,1,1,8,12419,2,3,7,3
2013400CA0478,2,9,0,11,0,0,0,0,0,0,2,1,6,2,6,1598,1,7,3,1
2013400CA0480,1,9,0,9,0,8,0,0,0,0,1,1,6,2,6,1398,1,1,2,1
2013400CA0480,2,1,0,18,0,8,0,0,0,0,2,1,6,1,9,-1,-1,-1,7,1
2013400CA0481,1,9,0,18,0,4,0,0,0,0,1,1,1,1,7,1248,2,6,3,1
2013400CA0481,2,3,0,9,0,8,0,0,0,0,4,1,6,1,7,124,1,1,-1,-1
2013400CA0482,1,19,0,9,0,8,0,0,0,0,0,1,6,1,6,2402,2,8,2,1
2013400CA0482,2,5,0,11,0,1,0,0,0,0,0,1,6,1,7,1250,1,8,-1,-1
2013400CA0483,1,9,0,18,0,1,0,0,0,0,2,1,6,2,-1,-1,-1,-1,8,1
2013400CA0483,2,9,0,18,0,1,0,0,0,0,2,1,6,2,7,1360,1,10,3,1
2013400CA0483,3,9,0,18,0,1,0,0,0,0,1,1,6,2,6,1783,1,11,6,1
2013400CA0484,1,5,0,18,0,0,0,0,0,0,0,1,6,1,8,-1,-1,-1,6,1
2013400CA0484,2,9,0,18,0,0,0,0,0,0,0,1,6,2,7,1598,1,5,9,3
2013400CA0487,1,9,0,18,0,0,0,0,1,3,1,1,6,2,8,-1,-1,-1,10,1
2013400CA0490,1,9,0,1,0,8,0,0,0,0,4,1,1,1,7,2792,1,3,-1,-1
2013400CA0493,1,5,0,18,0,1,0,10,7,0,4,1,1,1,6,-1,-1,-1,4,1
2013400CA0493,2,9,0,9,0,6,0,0,0,0,0,1,6,3,-1,-1,-1,-1,-1,-1
2013400CA0494,1,9,0,18,0,1,0,0,0,0,1,1,6,2,9,2902,2,10,5,1
2013400CA0496,1,9,0,9,0,8,0,0,0,0,1,1,6,3,-1,-1,-1,-1,-1,-1
2013400CA0496,2,3,0,18,0,8,0,0,0,0,4,1,6,1,4,125,1,8,4,1
2013400CA0518,1,11,0,5,0,2,0,0,0,0,0,1,1,1,6,7300,2,2,2,1
2013400CA0520,1,9,0,18,0,0,0,0,0,0,1,1,6,2,8,1386,1,8,2,1
2013400CA0520,2,9,0,18,0,0,0,0,0,0,1,1,6,1,8,1596,1,4,10,1
2013400CA0522,1,9,0,3,0,8,0,0,0,0,2,1,6,1,7,1997,2,8,3,1
2013400CA0522,2,9,0,18,0,1,0,0,0,0,1,1,6,1,9,1598,1,8,7,1
2013400CA0522,3,9,0,3,0,8,0,0,0,0,0,1,6,3,-1,-1,-1,-1,-1,-1
2013400CA0526,1,9,0,9,0,8,0,0,0,0,1,1,6,1,8,1796,1,13,1,1
2013400CA0526,2,2,0,18,0,8,0,0,1,1,1,1,6,1,7,-1,-1,-1,5,1
2013400CA0527,1,8,0,18,0,0,0,0,0,0,1,1,2,1,-1,2499,2,6,4,1
2013400CA0528,1,19,0,18,0,0,0,0,1,4,1,1,1,1,8,2464,2,7,3,1
2013400CA0530,1,9,0,18,0,1,0,0,0,0,4,1,6,1,6,2435,1,12,6,1
2013400CA0532,1,9,0,18,0,8,0,0,0,0,1,2,2,1,5,-1,-1,-1,4,1
2013400CA0532,2,9,0,4,0,1,0,0,0,0,2,1,3,2,6,1389,1,17,4,1
2013400CA0534,1,9,0,18,0,1,0,0,0,0,1,1,6,2,6,1339,1,8,8,1
2013400CA0534,2,9,0,4,0,1,0,0,0,0,2,1,6,1,-1,1896,2,11,9,2
2013400CA0534,3,9,0,4,0,1,0,0,0,0,2,1,2,1,6,1905,2,18,8,2
2013400CA0534,4,9,0,4,0,1,0,0,0,0,2,1,1,2,7,-1,-1,-1,3,1
2013400CA0535,1,9,0,9,0,8,0,0,0,0,1,1,6,2,6,1896,2,10,3,1
2013400CA0535,2,9,0,9,0,8,0,0,0,0,1,1,6,2,6,1242,1,13,1,1
2013400CA0536,1,9,0,18,0,0,0,4,0,0,1,1,6,1,8,1396,1,1,-1,2
2013400CA0536,2,9,0,2,0,0,0,0,4,6,2,1,6,1,9,1389,1,11,2,1
2013400CA0537,1,9,0,18,0,0,0,0,0,0,4,1,6,2,8,1995,2,6,2,1
2013400CA0542,1,9,0,18,0,0,0,0,0,0,3,1,6,3,-1,2685,2,10,-1,-1
2013400CA0542,2,9,0,2,0,0,0,0,0,0,4,1,6,2,7,1396,1,9,3,1
2013400CA0543,1,9,0,18,0,0,0,0,0,0,1,1,6,1,6,1997,2,1,6,1
2013400CA0544,1,9,0,9,0,8,0,0,0,0,4,1,6,1,4,1242,1,2,7,2
2013400CA0544,2,5,0,18,0,8,0,0,0,0,1,1,6,1,9,1584,1,6,4,1
2013400CA0546,1,9,0,9,0,8,0,0,0,0,3,1,6,1,-1,1998,2,10,4,1
2013400CA0546,2,3,0,18,0,8,0,0,0,0,1,1,1,1,4,124,1,2,8,1
2013400CA0552,1,9,0,18,0,4,0,0,0,0,1,1,6,1,6,1598,1,11,4,1
2013400CA0552,2,1,0,18,0,8,0,0,0,0,4,1,6,1,6,-1,-1,-1,8,1
2013400CA0553,1,9,0,18,0,2,0,0,0,0,2,1,6,2,6,1560,2,1,6,1
2013400CA0553,2,9,0,18,0,2,0,0,0,0,1,1,6,1,9,-1,-1,-1,6,1
2013400CA0555,1,8,0,18,0,0,5,0,5,6,1,1,1,1,8,2402,2,11,-1,-1
2013400CA0555,2,21,0,18,0,0,0,0,0,0,3,1,1,1,7,6370,2,6,9,1
2013400CA0558,1,9,0,7,0,1,0,0,0,0,3,1,2,1,6,1199,1,12,1,1
2013400CA0558,2,1,0,18,0,8,0,0,0,0,1,1,6,1,8,-1,-1,-1,10,1
2013400CA0559,1,9,0,18,0,1,0,0,0,0,4,1,6,2,6,1199,1,9,9,1
2013400CA0560,1,9,0,18,0,0,1,0,0,0,1,1,1,1,6,1798,1,8,5,1
2013400CA0560,2,9,0,4,0,0,0,0,0,0,2,1,1,2,6,1796,1,9,4,1
2013400CA0561,1,9,0,9,0,1,0,0,0,0,1,1,6,1,9,1989,1,13,6,1
2013400CA0561,2,9,0,18,0,8,0,0,0,0,1,1,6,1,8,1390,1,8,7,1
2013400CA0562,1,1,0,18,0,0,0,0,0,0,1,1,6,2,7,-1,-1,-1,7,1
2013400CA0563,1,9,0,4,0,0,0,0,0,0,4,1,6,1,7,1769,1,11,3,1
2013400CA0572,1,9,0,18,0,1,0,0,0,0,1,1,6,1,-1,1199,1,13,4,2
2013400CA0572,2,9,0,3,0,8,0,0,0,0,2,1,2,2,7,1598,1,7,3,1
2013400CA0573,1,9,0,18,0,2,1,0,0,0,1,1,6,1,6,-1,-1,-1,-1,-1
2013400CA0577,1,9,0,13,0,0,0,0,0,0,4,1,6,3,-1,-1,-1,-1,-1,-1
2013400CA0577,2,9,0,18,0,0,0,0,1,10,3,1,6,2,9,1598,1,11,1,1
2013400CA0579,1,9,0,18,0,0,0,0,0,0,4,1,6,3,-1,-1,-1,-1,-1,-1
2013400CA0581,1,9,0,18,0,1,0,0,0,0,1,1,6,1,6,-1,-1,-1,-1,-1
2013400CA0581,2,9,0,3,0,1,0,0,0,0,2,1,6,2,9,2143,2,3,10,1
2013400CA0582,1,8,0,18,0,8,0,0,0,0,1,1,6,1,7,-1,-1,-1,-1,-1
2013400CA0582,2,1,0,18,0,8,0,0,0,0,4,1,1,1,9,-1,-1,-1,5,1
2013400CA0588,1,9,0,18,0,0,0,0,0,0,1,1,6,1,6,-1,-1,-1,-1,-1
2013400CA0588,2,9,0,4,0,0,0,0,0,0,2,1,6,1,6,998,1,5,1,1
2013400CA0596,1,9,0,18,0,8,0,0,0,0,1,1,6,1,8,1767,1,13,8,1
2013400CA0599,1,8,0,9,0,8,0,0,0,0,1,1,1,1,6,2664,2,11,2,1
2013400CA0600,1,9,0,18,0,2,0,0,0,0,4,1,1,1,7,1896,2,12,3,1
2013400CA0602,1,19,0,18,0,0,0,0,0,0,1,1,1,1,8,1870,2,8,-1,-1
2013400CA0607,1,9,0,18,0,0,0,0,1,10,1,1,6,2,6,1398,1,1,3,1
2013400CA0613,1,9,0,18,0,1,0,0,0,0,1,1,6,1,6,-1,-1,-1,-1,-1
2013400CA0613,2,9,0,3,0,1,0,0,0,0,2,1,6,1,6,796,1,6,6,1
2013400CA0622,1,9,0,9,0,8,0,0,0,0,4,1,6,2,4,1149,1,11,10,1
2013400CA0622,2,9,0,18,0,8,0,0,0,0,1,1,6,2,-1,1598,1,7,5,1
2013400CA0625,1,9,0,18,0,1,0,0,0,0,1,1,6,2,10,998,1,4,-1,-1
2013400CA0625,2,9,0,9,0,6,0,0,0,0,3,1,6,1,6,1870,2,9,3,1
2013400CA0626,1,9,0,18,0,1,5,0,1,0,1,1,6,1,6,1997,2,8,-1,-1
2013400CA0626,2,9,0,18,0,2,0,0,0,0,3,1,6,1,6,875,1,2,4,1
2013400CA0627,1,9,0,18,0,0,0,0,0,0,1,1,6,2,5,1400,1,6,-1,1
2013400CA0627,2,9,0,18,0,0,0,0,0,0,2,1,6,1,9,1870,2,9,10,1
2013400CA0627,3,9,0,18,0,0,0,0,0,0,2,1,6,2,6,1796,1,8,3,1
2013400CA0627,4,9,0,18,0,0,0,0,0,0,2,1,6,1,8,2987,2,7,6,1
2013400CA0628,1,9,0,18,0,1,1,0,0,0,1,1,6,2,6,2143,2,1,8,1
2013400CA0628,2,19,0,9,0,1,0,0,0,0,2,1,1,1,7,1870,2,7,8,1
2013400CA0629,1,9,0,18,0,4,1,0,0,0,1,1,2,1,7,1968,2,-1,-1,-1
2013400CA0629,2,9,0,18,0,8,2,0,0,0,1,1,2,2,9,1364,1,4,-1,-1
2013400CA0632,1,9,0,9,0,8,0,0,0,0,1,1,6,2,10,1199,1,13,3,1
2013400CA0632,2,3,0,18,0,8,0,0,0,0,3,1,6,1,8,124,1,12,2,1
2013400CA0633,1,9,0,18,0,0,0,0,0,0,1,1,6,2,6,-1,-1,-1,2,1
2013400CA0633,2,9,0,4,0,0,0,0,0,0,2,1,6,2,5,1995,2,9,6,1
2013400CA0633,3,9,0,4,0,0,0,0,0,0,2,1,6,1,7,2148,2,5,2,1
2013400CA0633,4,9,0,4,0,0,0,0,0,0,2,1,6,1,7,1986,2,8,6,1
2013400CA0634,1,5,0,7,0,4,0,0,0,0,1,1,2,1,5,999,1,2,2,1
2013400CA0634,2,9,0,9,0,4,0,0,0,0,4,2,2,2,5,-1,-1,-1,2,1
2013400CA0635,1,1,0,7,0,6,0,0,0,0,3,1,6,1,3,-1,-1,-1,5,1