Accident_Index,Vehicle_Reference,Vehicle_Type,Towing_and_Articulation,Vehicle_Manoeuvre,Vehicle_Location-Restricted_Lane,Junction_Location,Skidding_and_Overturning,Hit_Object_in_Carriageway,Vehicle_Leaving_Carriageway,Hit_Object_off_Carriageway,1st_Point_of_Impact,Was_Vehicle_Left_Hand_Drive?,Journey_Purpose_of_Driver,Sex_of_Driver,Age_Band_of_Driver,Engine_Capacity_(CC),Propulsion_Code,Age_of_Vehicle,Driver_IMD_Decile,Driver_Home_Area_Type
2013400CA0635,2,9,0,18,0,8,0,0,0,0,4,1,2,1,7,1998,2,6,7,1
2013400CA0637,1,9,0,5,0,8,0,0,0,0,1,1,6,1,5,1198,1,5,5,1
2013400CA0637,2,9,0,18,0,8,0,0,0,0,3,1,6,2,6,1686,2,10,2,1
2013400CA0638,1,9,0,2,0,8,0,0,0,0,3,1,1,1,8,2926,2,11,-1,-1
2013400CA0638,2,1,0,14,0,8,0,0,0,0,1,1,1,1,6,-1,-1,-1,7,1
2013400CA0639,1,9,0,11,0,3,0,0,0,0,1,1,6,3,-1,1995,2,3,-1,-1
2013400CA0639,2,9,0,9,0,8,0,0,0,0,1,1,2,1,10,1997,2,5,2,1
2013400CA0640,1,9,0,9,0,8,0,0,0,0,0,1,6,2,-1,1390,1,14,-1,-1
2013400CA0640,2,9,0,18,0,8,0,0,0,0,0,1,6,1,8,1950,2,14,9,2
2013400CA0642,1,9,0,9,0,8,0,0,0,0,4,1,6,1,4,1598,2,1,3,1
2013400CA0642,2,5,0,18,0,8,0,0,0,0,1,1,6,1,8,1470,1,12,5,1
2013400CA0643,1,9,0,5,0,2,0,0,0,0,1,1,6,1,7,1391,1,17,4,1
2013400CA0643,2,9,0,18,0,1,0,0,0,0,1,1,6,1,6,2000,2,9,4,1
2013400CA0644,1,8,0,18,0,0,0,0,0,0,4,1,1,1,9,2199,2,4,3,1
2013400CA0644,2,9,0,2,0,0,0,0,0,0,3,1,6,3,-1,1686,2,13,8,2
2013400CA0644,3,9,0,2,0,0,0,0,0,0,2,1,6,3,-1,2393,6,16,2,1
2013400CA0644,4,9,0,2,0,0,0,0,0,0,3,1,6,3,-1,1968,2,6,-1,-1
2013400CA0648,1,9,0,18,0,2,0,0,0,0,1,1,6,1,6,1598,1,3,9,1
2013400CA0648,2,9,0,3,0,2,0,0,0,0,2,1,6,1,6,1598,1,17,6,1
2013400CA0648,3,9,0,3,0,2,0,0,0,0,2,1,6,1,6,1896,2,5,8,1
2013400CA0649,1,9,0,9,0,8,0,0,0,0,1,1,6,1,7,1242,1,6,3,1
2013400CA0649,2,9,0,3,0,2,0,0,0,0,2,1,6,2,9,-1,-1,-1,7,1
2013400CA0650,1,9,0,9,0,4,0,0,0,0,1,1,6,1,6,1956,2,2,4,1
2013400CA0650,2,1,0,18,0,8,0,0,0,0,2,1,6,1,9,-1,-1,-1,2,1
2013400CA0651,1,9,0,14,0,1,0,0,0,0,4,1,6,1,8,973,1,11,4,1
2013400CA0652,1,9,0,18,0,0,0,0,0,0,1,1,6,2,6,1598,1,10,3,1
2013400CA0652,2,1,0,18,0,0,0,0,0,0,1,1,6,1,3,-1,-1,-1,-1,-1
2013400CA0653,1,9,0,18,0,0,0,0,0,0,1,1,6,1,6,1390,1,13,3,1
2013400CA0653,2,9,0,4,0,0,0,0,0,0,2,1,6,1,6,1299,1,15,3,1
2013400CA0653,3,9,0,4,0,0,0,0,0,0,2,1,6,1,5,-1,-1,-1,3,1
2013400CA0653,4,9,0,4,0,0,0,0,0,0,2,1,6,1,6,-1,-1,-1,10,1
2013400CA0658,1,9,0,9,0,6,0,0,0,0,3,1,6,2,5,1896,2,11,5,1
2013400CA0658,2,9,0,18,0,8,0,0,0,0,1,1,6,2,6,1598,1,7,5,1
2013400CA0659,1,8,0,7,0,3,0,0,0,0,1,1,6,1,7,2148,2,4,6,1
2013400CA0660,1,21,1,18,0,0,1,0,0,0,1,1,1,1,7,11946,2,3,2,1
2013400CA0660,2,9,0,4,0,0,0,0,0,0,2,1,1,1,6,-1,-1,-1,1,1
2013400CA0662,1,9,0,9,0,8,0,0,0,0,1,1,6,2,6,1229,1,-1,1,1
2013400CA0663,1,9,0,18,0,8,0,0,0,0,0,1,6,1,6,-1,-1,-1,-1,-1
2013400CA0665,1,5,0,5,0,8,0,0,0,0,4,1,1,1,7,647,1,10,6,1
2013400CA0665,2,9,0,9,0,8,0,0,0,0,3,1,1,1,6,1968,2,-1,3,1
2013400CA0666,1,9,0,18,0,8,0,0,0,0,1,1,6,1,7,1896,2,8,10,1
2013400CA0666,2,9,0,18,0,8,0,0,0,0,2,1,6,1,6,2616,1,6,7,1
2013400CA0666,3,9,0,18,0,8,0,0,0,0,2,1,6,1,6,1686,2,4,10,1
2013400CA0667,1,9,0,18,0,0,0,0,0,0,4,1,6,2,7,1149,1,2,-1,-1
2013400CA0670,1,9,0,18,0,0,0,0,0,0,1,1,6,2,8,1246,1,6,2,1
2013400CA0673,1,3,0,13,0,0,0,0,0,0,4,1,6,1,6,125,1,4,4,1
2013400CA0673,2,9,0,18,0,0,0,0,0,0,1,1,6,1,6,1686,2,1,2,1
2013400CA0673,3,9,0,18,0,0,0,0,0,0,3,1,6,2,6,1997,2,9,8,1
2013400CA0675,1,9,0,18,0,0,0,0,0,0,1,1,6,3,-1,1390,1,2,-1,-1
2013400CA0678,1,9,0,18,0,0,0,0,0,0,1,1,6,1,-1,-1,-1,-1,-1,-1
2013400CA0678,2,9,0,4,0,0,0,0,0,0,2,1,6,2,4,1149,1,15,3,1
2013400CA0688,1,9,0,18,0,0,0,0,0,0,1,1,6,2,-1,1398,1,3,6,1
2013400CA0688,2,9,0,3,0,0,0,0,0,0,2,1,6,1,7,-1,-1,-1,5,1
2013400CA0689,1,9,0,7,0,8,0,0,0,0,1,1,6,1,-1,1398,1,11,3,1
2013400CA0689,2,2,0,18,0,8,0,0,0,0,1,1,6,1,4,49,1,3,3,1
2013400CA0693,1,9,0,12,0,0,0,0,0,0,3,1,6,3,-1,1581,1,13,-1,-1
2013400CA0693,2,9,0,18,0,0,0,0,0,0,4,1,2,2,6,1199,1,10,4,1
2013400CA0694,1,9,0,5,0,4,0,0,0,0,1,1,6,2,7,2460,2,7,6,1
2013400CA0694,2,9,0,18,0,8,0,0,0,0,4,1,6,2,-1,1199,1,9,4,1
2013400CA0695,1,1,0,18,0,0,0,0,0,0,0,1,6,1,9,-1,-1,-1,3,1
2013400CA0697,1,9,0,7,0,6,0,0,0,0,3,1,6,2,6,1596,1,-1,7,1
2013400CA0697,2,9,0,18,0,8,0,0,0,0,1,1,6,1,8,1399,1,5,5,1
2013400CA0700,1,9,0,18,0,8,0,0,0,0,1,1,2,1,6,1332,1,14,6,1
2013400CA0700,2,19,0,7,0,8,0,0,0,0,3,1,2,1,8,1248,2,2,10,1
2013400CA0702,1,21,1,12,0,0,0,0,0,0,3,2,1,1,8,-1,-1,-1,-1,-1
2013400CA0702,2,9,0,13,0,0,1,0,0,0,4,1,1,1,7,1398,1,-1,9,1
2013400CA0703,1,9,0,18,0,0,0,0,0,0,1,1,1,2,6,1968,2,5,8,1
2013400CA0703,2,90,0,18,0,0,0,0,0,0,2,1,6,2,10,-1,-1,-1,4,1
2013400CA0709,1,9,0,18,0,0,0,0,0,0,4,1,6,2,7,1364,1,6,7,1
2013400CA0711,1,2,0,11,0,8,0,0,0,0,4,1,2,1,7,49,1,-1,-1,-1
2013400CA0711,2,9,0,12,0,8,0,0,0,0,3,1,6,2,6,1364,1,5,7,1
2013400CA0713,1,9,0,5,0,4,0,0,0,0,1,1,6,1,6,1870,2,8,6,1
2013400CA0713,2,1,0,18,0,8,0,0,0,0,4,1,6,1,7,-1,-1,-1,-1,-1
2013400CA0714,1,9,0,18,0,0,0,0,5,6,1,1,6,2,8,1995,1,9,3,1
2013400CA0714,2,21,1,18,0,0,0,0,0,0,3,1,1,1,9,12900,2,6,9,3
2013400CA0715,1,9,0,4,0,0,0,0,0,0,1,1,6,1,7,4394,1,7,4,1
2013400CA0717,1,9,0,3,0,1,0,0,0,0,2,1,1,1,8,1686,2,8,-1,-1
2013400CA0717,2,9,0,4,0,1,0,0,0,0,1,1,6,2,4,2198,1,10,-1,-1
2013400CA0718,1,9,0,18,0,2,0,0,0,0,3,1,6,1,9,2494,1,11,8,1
2013400CA0719,1,1,0,18,0,6,0,0,0,0,4,1,6,1,6,-1,-1,-1,-1,-1
2013400CA0719,2,9,0,7,0,4,0,0,0,0,2,1,6,1,6,1199,1,9,6,1
2013400CA0720,1,9,0,9,0,8,0,0,0,0,4,1,6,1,7,1988,1,11,4,1
2013400CA0720,2,4,0,18,0,8,1,0,0,0,1,1,6,1,6,400,1,14,5,1
2013400CA0723,1,9,0,18,0,0,0,0,0,0,1,1,1,2,7,1582,2,2,2,1
2013400CA0723,2,9,0,4,0,0,0,0,0,0,2,1,1,1,6,1975,2,13,2,1
2013400CA0725,1,11,0,4,0,0,0,0,0,0,0,1,1,1,10,9000,2,7,8,2
2013400CA0731,1,9,0,18,0,0,0,0,0,0,4,1,6,2,11,1796,1,11,3,1
2013400CA0731,2,9,0,2,0,0,0,0,0,0,3,1,6,3,-1,1329,1,1,9,1
2013400CA0731,3,9,0,2,0,0,0,0,0,0,1,1,6,3,-1,1199,1,12,6,1
2013400CA0732,1,9,0,5,0,0,0,0,0,0,1,1,6,1,6,-1,-1,-1,5,1
2013400CA0732,2,9,0,3,0,0,0,0,0,0,2,1,6,1,8,1796,1,10,5,1
2013400CA0732,3,9,0,3,0,0,0,0,0,0,2,1,6,2,8,2099,1,11,2,1
2013400CA0734,1,19,0,13,0,4,0,0,0,0,1,1,6,1,-1,-1,-1,-1,-1,-1
2013400CA0734,2,1,0,18,0,8,0,0,0,0,1,1,6,1,3,-1,-1,-1,9,1
2013400CA0735,1,9,0,18,0,0,0,0,0,0,1,1,6,1,4,973,1,10,5,1
2013400CA0735,2,9,0,18,0,0,0,0,0,0,2,1,6,1,5,1199,1,11,8,1
2013400CA0737,1,9,0,9,0,8,0,0,0,0,1,1,6,1,8,1598,1,-1,9,3
2013400CA0739,1,9,0,9,0,8,0,0,0,0,1,1,6,2,8,1997,2,7,6,1
2013400CA0739,2,9,0,18,0,3,0,0,0,0,1,1,6,1,5,1390,1,5,4,1
2013400CA0740,1,9,0,9,0,8,0,0,0,0,1,1,6,2,10,1196,1,18,5,1
2013400CA0740,2,9,0,18,0,8,0,0,0,0,1,1,6,1,10,1598,1,7,2,1
2013400CA0745,1,9,0,13,0,0,1,0,0,0,1,1,6,1,5,973,1,14,4,1
2013400CA0745,2,19,0,14,0,0,0,0,0,0,1,1,6,1,7,1995,2,-1,9,1
2013400CA0747,1,9,0,18,0,0,0,0,0,0,1,1,1,2,5,1229,1,8,9,1
2013400CA0747,2,9,0,3,0,0,0,0,0,0,2,1,6,2,8,1870,2,9,3,1
2013400CA0750,1,9,0,18,0,1,0,0,0,0,1,1,6,3,-1,-1,-1,-1,-1,-1
2013400CA0750,2,3,0,9,0,1,1,0,0,0,2,1,6,1,4,125,1,-1,8,1
2013400CA0751,1,9,0,6,0,0,0,0,1,0,4,1,6,2,-1,-1,-1,-1,-1,-1
2013400CA0757,1,9,0,5,0,4,0,0,0,0,1,1,2,1,6,1896,2,12,10,1
2013400CA0757,2,5,0,18,0,8,0,0,0,0,4,1,2,1,9,1250,1,6,2,1
2013400CA0758,1,9,0,17,0,0,1,0,2,7,1,1,2,1,7,1422,2,6,6,1
2013400CA0760,1,9,0,9,0,8,0,7,0,0,4,1,6,1,5,1199,1,11,2,1
2013400CA0760,2,9,0,18,0,8,0,0,0,0,1,1,6,1,5,1248,2,-1,2,1
2013400CA0762,1,19,0,18,0,1,1,0,0,0,1,1,1,1,-1,1753,2,9,-1,-1
2013400CA0762,2,19,0,4,0,1,0,0,0,0,2,1,1,1,4,1248,2,5,8,1
2013400CA0765,1,8,0,1,0,8,0,0,0,0,2,1,1,1,7,1896,2,8,4,1
2013400CA0766,1,9,0,13,0,1,0,0,0,0,4,1,6,1,-1,-1,-1,-1,-1,-1
2013400CA0766,2,1,0,18,0,1,0,0,0,0,3,1,6,1,3,-1,-1,-1,7,1
2013400CA0771,1,9,0,3,0,1,0,0,0,0,2,1,6,1,6,1493,1,18,-1,-1
2013400CA0771,2,9,0,3,0,1,0,0,0,0,2,1,6,1,6,1598,1,12,4,1
2013400CA0771,3,9,0,4,0,1,0,0,0,0,1,1,6,1,10,1998,2,12,9,3
2013400CA0771,4,9,0,3,0,1,0,0,0,0,2,1,6,2,-1,1242,1,11,1,1
2013400CA0771,5,9,0,4,0,1,0,0,0,0,1,1,6,1,-1,1199,1,9,2,1
2013400CA0772,1,19,0,14,0,8,0,0,0,0,4,1,1,1,9,2187,2,10,2,1
2013400CA0774,1,9,0,18,0,0,0,0,0,0,1,1,6,1,8,-1,-1,-1,7,1
2013400CA0774,2,9,0,2,0,0,0,0,1,7,2,1,6,2,5,1108,1,11,6,1
2013400CA0775,1,3,0,4,0,0,1,0,0,0,1,1,4,1,4,125,1,4,5,1
2013400CA0775,2,21,1,3,0,0,0,0,0,0,2,1,1,1,6,11967,2,4,6,1
2013400CA0777,1,9,0,18,0,8,0,0,0,0,3,1,6,1,9,1910,2,6,-1,-1
2013400CA0777,2,1,0,4,0,8,0,0,0,0,1,1,6,1,3,-1,-1,-1,-1,-1
2013400CA0778,1,9,0,18,0,1,0,0,0,0,4,1,6,1,8,2521,1,6,2,1
2013400CA0778,2,1,0,18,0,1,0,0,0,0,1,1,6,1,2,-1,-1,-1,5,1
2013400CA0780,1,9,0,3,0,1,0,0,0,0,4,1,2,2,5,1248,2,8,6,1
2013400CA0780,2,1,0,18,9,1,0,0,0,0,1,1,4,1,3,-1,-1,-1,4,1
2013400CA0781,1,9,0,18,0,8,0,0,0,0,1,1,6,1,7,3246,1,9,-1,-1
2013400CA0782,1,2,0,13,0,8,0,0,0,0,1,1,6,1,4,49,1,5,-1,-1
2013400CA0782,2,9,0,9,0,8,0,0,0,0,3,1,6,1,10,2902,2,7,4,1
2013400CA0784,1,9,0,14,0,8,0,0,0,0,1,1,6,1,-1,1995,2,7,-1,-1
2013400CA0784,2,9,0,9,0,8,0,0,0,0,4,1,6,1,5,1910,2,8,7,1
2013400CA0785,1,9,0,18,9,0,0,0,0,0,1,1,6,3,-1,-1,-1,-1,-1,-1
2013400CA0785,2,1,0,18,0,0,0,0,0,0,2,1,6,1,3,-1,-1,-1,2,1
2013400CA0787,1,9,0,18,0,3,0,0,0,0,4,1,6,2,8,1400,1,7,2,1
2013400CA0787,2,1,0,18,0,3,0,0,0,0,3,1,6,1,7,-1,-1,-1,1,1
2013400CA0789,1,9,0,5,0,1,0,0,0,0,1,1,6,1,-1,2171,1,12,-1,-1
2013400CA0789,2,9,0,3,0,1,0,0,0,0,2,1,2,2,7,1493,2,5,4,1
2013400CA0791,1,9,0,18,0,0,0,0,0,0,1,1,6,2,5,1360,1,6,6,1
2013400CA0791,2,19,0,18,0,0,0,0,0,0,1,1,1,1,5,2402,2,2,4,1
2013400CA0797,1,9,0,3,0,0,0,0,0,0,2,1,6,2,7,1598,1,13,6,1
2013400CA0797,2,19,0,4,0,0,0,0,0,0,1,1,1,1,6,1995,2,-1,1,1
2013400CA0801,1,9,0,2,0,0,0,0,0,0,4,1,6,3,-1,1997,2,4,-1,-1
2013400CA0803,1,9,0,9,0,6,0,0,0,0,3,1,6,1,5,1599,1,10,3,1
2013400CA0803,2,5,0,14,0,8,0,0,0,0,1,1,6,1,6,-1,-1,-1,3,1
2013400CA0806,1,9,0,18,0,0,1,0,0,0,1,1,6,1,5,1595,1,7,-1,-1
2013400CA0806,2,9,0,3,0,0,0,0,0,0,2,1,6,1,5,1229,1,8,4,1
2013400CA0807,1,3,0,18,0,3,0,10,0,0,3,1,6,1,6,124,1,2,3,1
2013400CA0809,1,9,0,17,0,1,0,0,0,0,1,1,3,2,7,999,1,12,6,1
2013400CA0811,1,9,0,18,0,8,0,0,0,0,3,1,1,2,8,1364,2,8,6,1
2013400CA0811,2,1,0,18,0,8,0,0,0,0,1,1,6,1,6,-1,-1,-1,6,1
2013400CA0812,1,9,0,9,0,8,0,0,0,0,3,1,6,1,9,1995,2,12,2,1
2013400CA0812,2,5,0,14,0,8,0,0,0,0,1,1,6,1,4,649,1,5,9,1
2013400CA0813,1,9,0,18,0,3,0,0,0,0,3,1,6,1,5,1686,2,8,1,1
2013400CA0814,1,9,0,18,0,0,0,0,0,0,1,1,6,3,-1,-1,-1,-1,-1,-1
2013400CA0825,1,9,0,18,0,8,0,0,0,0,1,1,6,3,-1,-1,-1,-1,-1,-1
2013400CA0825,2,9,0,4,0,8,0,0,0,0,2,1,6,2,7,1397,1,10,4,1
2013400CA0826,1,9,0,18,0,1,0,0,0,0,1,1,6,1,-1,1560,2,1,-1,-1
2013400CA0826,2,8,0,3,0,1,0,0,0,0,2,1,1,1,6,1896,2,9,3,1
2013400CA0830,1,9,0,18,0,1,0,0,0,0,1,1,6,1,5,1995,2,7,-1,-1
2013400CA0831,1,9,0,18,0,8,2,10,1,10,4,1,6,1,6,1968,2,-1,-1,-1
2013400CA0831,2,9,0,18,0,4,0,0,0,0,0,1,1,1,7,2792,1,4,2,1
2013400CA0832,1,19,0,3,0,1,0,0,0,0,1,1,1,1,5,2198,2,5,8,1
2013400CA0832,2,9,0,3,0,4,0,0,0,0,2,1,6,2,6,1299,1,14,4,1
2013400CA0834,1,3,0,5,0,4,0,0,0,0,2,1,2,1,7,124,1,-1,5,1
2013400CA0834,2,9,0,5,0,4,0,0,0,0,1,1,2,1,9,1956,2,1,2,1
2013400CA0846,1,21,1,12,0,0,0,0,0,0,3,2,1,1,6,-1,-1,-1,-1,1
2013400CA0846,2,9,0,18,0,0,1,0,2,7,4,1,6,2,6,1896,2,15,5,1
2013400CA0852,1,9,0,9,0,6,0,0,0,0,1,1,6,1,9,1497,8,8,5,1
2013400CA0852,2,5,0,14,0,1,0,0,0,0,3,1,6,1,6,-1,-1,-1,3,1
2013400CA0853,1,9,0,18,0,8,0,0,0,0,1,1,6,2,4,1997,2,11,3,1
2013400CA0853,2,9,0,10,0,8,0,0,0,0,2,1,6,1,10,1598,1,1,1,1
2013400CA0854,1,9,0,7,0,4,0,0,0,0,3,1,6,1,-1,1498,1,5,2,1
2013400CA0854,2,1,0,18,0,8,0,0,0,0,1,1,2,1,6,-1,-1,-1,2,1
2013400CA0860,1,3,0,15,0,8,1,0,0,0,1,1,6,1,-1,124,1,2,-1,-1
2013400CA0860,2,9,0,7,0,5,0,0,0,0,4,1,6,2,4,1229,1,3,4,1
2013400CA0868,1,9,0,4,0,1,0,0,0,0,1,1,6,1,-1,1783,1,13,2,1
2013400CA0868,2,9,0,3,0,1,0,0,0,0,2,1,6,2,4,998,1,10,5,1
2013400CA0869,1,9,0,9,0,8,0,0,0,0,0,1,6,3,-1,-1,-1,-1,-1,-1
2013400CA0869,2,1,0,18,0,8,0,0,0,0,0,1,6,1,6,-1,-1,-1,4,1
2013400CA0871,1,11,0,18,0,0,0,0,0,0,0,1,1,1,6,4250,2,3,3,1
2013400CA0875,1,9,0,18,0,8,0,0,0,0,1,1,6,2,6,1229,1,8,3,1
2013400CA0875,2,9,0,9,0,8,0,0,0,0,3,1,6,2,7,1198,1,2,8,1
2013400CA0876,1,9,0,7,0,0,0,0,0,0,2,1,6,1,-1,1798,1,3,4,1
2013400CA0876,2,9,0,18,0,0,1,0,0,0,1,1,6,1,5,1229,1,6,3,1
2013400CA0878,1,3,0,18,0,0,0,0,0,0,3,1,6,1,5,100,1,13,-1,-1
2013400CA0881,1,9,0,9,0,4,0,0,0,0,1,1,6,1,5,1995,2,-1,9,3
2013400CA0881,2,9,0,18,0,8,0,0,7,0,4,1,6,2,6,1388,1,6,10,2
2013400CA0882,1,9,0,18,0,1,1,10,0,0,3,1,6,2,4,998,1,9,2,1
2013400CA0882,2,3,0,4,0,1,0,0,0,0,4,1,6,1,6,125,1,7,2,1
2013400CA0883,1,19,0,18,0,0,0,0,0,0,1,1,1,1,8,2143,2,-1,-1,-1
2013400CA0883,2,21,1,4,0,0,0,0,0,0,2,1,1,1,6,9365,2,4,9,2
2013400CA0888,1,9,0,18,0,2,0,0,0,0,1,1,6,1,11,1196,1,15,3,1
2013400CA0893,1,9,0,7,0,6,0,0,0,0,1,1,6,3,-1,-1,-1,-1,-1,-1
2013400CA0893,2,1,0,18,0,1,0,0,0,0,4,1,6,1,7,-1,-1,-1,4,1
2013400CA0894,1,21,1,9,0,8,0,0,0,0,3,2,6,3,-1,-1,-1,-1,-1,-1
2013400CA0894,2,9,0,9,0,8,0,9,0,0,4,1,6,2,5,1560,2,1,6,1
2013400CA0897,1,4,0,18,0,8,0,0,0,0,1,1,6,1,5,-1,-1,-1,2,1
2013400CA0897,2,9,0,9,0,6,0,0,0,0,3,1,6,1,6,1968,2,7,2,1
2013400CA0899,1,9,0,9,0,4,0,0,0,0,1,1,6,1,-1,-1,-1,-1,-1,-1
2013400CA0899,2,1,0,18,0,8,0,0,0,0,4,1,6,1,9,-1,-1,-1,2,1
2013400CA0903,1,9,0,18,0,0,0,0,5,6,1,1,6,1,7,1199,1,13,4,1
2013400CA0904,1,9,0,18,0,2,0,0,0,0,1,1,1,1,6,1248,2,-1,3,1
2013400CA0907,1,9,0,18,0,0,0,0,0,0,1,1,6,2,10,1198,1,5,4,1
2013400CA0910,1,9,0,18,0,0,0,0,0,0,1,1,6,3,-1,-1,-1,-1,-1,-1
2013400CA0918,1,9,0,18,0,1,0,0,0,0,1,1,6,1,6,1896,2,15,-1,-1
2013400CA0920,1,9,0,7,0,4,0,0,0,0,1,1,6,1,-1,1598,1,8,5,1
2013400CA0920,2,3,0,18,0,8,0,0,0,0,1,1,2,1,6,124,1,-1,2,1
2013400CA0922,1,19,0,18,0,0,0,0,0,0,1,1,1,1,9,2402,2,7,2,1
2013400CA0922,2,9,0,18,0,0,0,0,0,0,2,1,1,1,6,1998,1,12,10,2
2013400CA0925,1,9,0,18,0,0,0,0,0,0,1,1,2,1,6,1560,2,-1,4,1
2013400CA0926,1,9,0,18,0,0,0,0,0,0,1,1,6,1,-1,1997,2,12,6,1
2013400CA0926,2,9,0,4,0,0,0,0,0,0,2,1,2,1,6,1360,1,10,7,1
2013400CA0927,1,9,0,12,0,0,1,0,1,7,3,1,6,1,8,1896,2,5,2,1
2013400CA0930,1,11,0,7,2,6,0,0,0,0,3,1,1,1,-1,-1,-1,-1,-1,-1
2013400CA0930,2,1,0,18,2,6,0,0,0,0,4,1,6,1,8,-1,-1,-1,1,1
2013400CA0932,1,9,0,17,0,0,1,10,7,10,2,1,6,1,4,999,1,15,4,1
2013400CA0937,1,9,0,18,0,4,0,0,0,0,1,1,1,1,8,1493,2,6,8,1
2013400CA0937,2,1,0,18,0,3,0,0,0,0,4,1,1,2,6,-1,-1,-1,8,1
2013400CA0938,1,9,0,9,2,8,0,0,0,0,1,1,6,2,-1,1248,2,5,-1,-1
2013400CA0941,1,9,0,14,0,0,0,0,0,0,3,1,6,1,9,3200,2,10,6,1
2013400CA0941,2,9,0,14,0,0,1,0,0,0,1,1,1,1,7,1248,2,-1,5,1
2013400CA0942,1,9,0,18,0,3,0,0,0,0,4,1,6,3,-1,-1,-1,-1,-1,-1
2013400CA0943,1,9,0,1,0,0,0,0,0,0,2,1,6,1,-1,3199,1,12,3,1
2013400CA0943,2,9,0,2,0,0,0,0,0,0,2,1,3,1,6,1968,2,8,3,1
2013400CA0950,1,8,0,3,0,0,0,0,0,0,2,1,1,1,6,1968,2,7,4,1
2013400CA0950,2,9,0,12,0,0,0,0,0,0,1,1,6,1,-1,1242,1,11,5,1
2013400CA0952,1,19,0,18,0,1,0,0,0,0,1,1,6,1,-1,1896,2,7,1,1
2013400CA0952,2,9,0,18,0,1,0,0,0,0,2,1,6,2,6,1995,1,2,8,1
2013400CA0959,1,9,0,14,0,0,0,0,0,0,1,1,6,3,-1,-1,-1,-1,-1,-1
2013400CA0964,1,8,0,6,0,8,0,0,0,0,3,1,1,1,7,1998,1,13,5,1
2013400CA0964,2,9,0,18,0,8,0,0,0,0,1,1,6,1,8,1390,1,8,5,1
2013400CA0974,1,9,0,3,0,0,0,0,0,0,2,1,6,2,4,1229,1,4,2,1
2013400CA0974,2,9,0,4,0,0,0,0,0,0,1,1,6,1,-1,1199,1,9,-1,-1
2013400CA0977,1,9,0,18,0,1,0,0,0,0,4,1,6,3,-1,1796,1,6,-1,-1
2013400CA0979,1,9,0,1,0,0,0,0,0,0,2,1,6,1,-1,1796,1,12,-1,-1
2013400CA0979,2,9,0,2,0,0,0,0,0,0,1,1,6,1,9,1389,1,16,6,1
2013400CA0980,1,9,0,9,0,6,0,0,0,0,3,1,6,2,5,998,1,13,8,2
2013400CA0980,2,9,0,18,0,8,0,0,0,0,1,1,6,1,5,1896,2,10,4,1
2013400CA0981,1,5,0,18,0,3,1,0,0,0,3,1,1,1,6,-1,-1,-1,-1,2
2013400CA0982,1,8,0,2,0,0,0,0,0,0,0,1,1,1,8,1998,2,3,4,1
2013400CA0983,1,9,0,18,0,0,0,0,0,0,2,1,6,1,8,1985,1,16,10,1
2013400CA0983,2,9,0,18,0,0,0,0,0,0,2,1,6,2,4,1299,1,11,4,1
2013400CA0983,3,9,0,18,0,0,1,0,0,0,1,1,6,2,4,1299,1,10,8,1
2013400CA0984,1,9,0,13,0,8,0,0,0,0,4,1,6,1,-1,998,1,2,2,1
2013400CA0984,2,1,0,9,0,8,0,0,0,0,1,1,6,1,4,-1,-1,-1,4,1
2013400CA0985,1,8,0,3,0,0,0,0,0,0,2,1,1,1,6,1910,2,6,4,1
2013400CA0985,2,9,0,3,0,0,0,0,0,0,2,1,6,1,8,2987,2,6,3,1
2013400CA0985,3,9,0,4,0,0,0,0,0,0,1,1,6,2,6,1364,1,6,4,1
2013400CA0986,1,9,0,18,0,1,0,0,0,0,1,1,6,2,9,1199,1,12,6,1
2013400CA0986,2,1,0,9,0,6,0,0,0,0,1,1,4,1,4,-1,-1,-1,3,1
2013400CA0987,1,9,0,5,0,0,0,0,0,0,3,1,6,2,6,1995,2,1,4,1
2013400CA0987,2,19,0,18,0,0,0,0,0,0,1,1,6,1,6,2151,2,10,6,1
2013400CA0988,1,9,0,16,0,0,0,0,7,7,1,1,6,1,6,2494,1,11,-1,-1
2013400CA0988,2,9,0,18,0,0,0,0,0,0,0,1,1,1,-1,2400,2,1,3,1
2013400CA0989,1,9,0,18,0,8,0,0,0,0,1,1,2,1,5,1240,1,8,8,1
2013400CA0990,1,2,0,9,0,8,1,0,0,0,3,1,1,1,4,49,1,-1,7,1
2013400CA0991,1,19,0,18,0,1,0,0,0,0,1,1,6,3,-1,-1,-1,-1,-1,-1
2013400CA0991,2,9,0,4,0,1,0,0,0,0,2,1,6,2,7,1870,2,8,2,1
2013400CA0993,1,9,0,18,0,0,0,0,0,0,1,1,6,1,5,2198,1,9,6,1
2013400CA0993,2,9,0,3,0,0,0,0,0,0,2,1,6,2,8,1783,1,11,6,1
2013400CA1000,1,9,0,7,0,3,0,0,0,0,1,1,6,2,10,1769,1,11,5,1
2013400CA1000,2,9,0,18,0,1,0,0,0,0,3,1,6,1,7,2985,2,7,5,1
2013400CA1000,3,9,0,18,0,1,0,0,0,0,1,1,6,2,6,1896,2,11,9,1
2013400CA1001,1,9,0,18,0,2,0,0,0,0,3,1,6,1,7,1998,1,18,2,1
2013400CA1004,1,9,0,18,0,1,0,0,0,0,4,1,3,1,6,1686,2,11,1,1
2013400CA1008,1,9,0,18,0,8,0,0,0,0,1,1,3,2,6,998,1,9,1,1
2013400CA1009,1,21,1,12,0,0,0,0,0,0,1,2,1,1,7,-1,-1,-1,-1,-1
2013400CA1009,2,9,0,18,0,0,0,0,0,0,2,1,6,1,6,1586,1,9,-1,-1
2013400CA1011,1,9,0,13,0,0,1,0,1,10,1,1,6,1,4,1360,1,13,4,1
2013400CA1012,1,3,0,9,0,8,1,0,0,0,3,1,2,1,5,125,1,3,6,1
2013400CA1013,1,9,0,7,0,6,0,0,0,0,1,1,6,3,-1,1796,1,10,-1,-1
2013400CA1013,2,1,0,18,0,8,0,0,0,0,1,1,6,1,10,-1,-1,-1,5,1
2013400CA1014,1,21,1,12,0,8,0,0,0,0,3,2,1,1,7,-1,-1,-1,-1,-1
2013400CA1014,2,9,0,13,0,8,0,0,2,0,4,1,6,1,7,2494,1,13,2,1
2013400CA1016,1,9,0,9,0,8,0,0,0,0,3,1,6,1,7,2148,2,5,3,1
2013400CA1016,2,9,0,18,0,3,0,0,0,0,4,1,6,1,4,1248,2,2,2,1