Accident_Index,Vehicle_Reference,Vehicle_Type,Towing_and_Articulation,Vehicle_Manoeuvre,Vehicle_Location-Restricted_Lane,Junction_Location,Skidding_and_Overturning,Hit_Object_in_Carriageway,Vehicle_Leaving_Carriageway,Hit_Object_off_Carriageway,1st_Point_of_Impact,Was_Vehicle_Left_Hand_Drive?,Journey_Purpose_of_Driver,Sex_of_Driver,Age_Band_of_Driver,Engine_Capacity_(CC),Propulsion_Code,Age_of_Vehicle,Driver_IMD_Decile,Driver_Home_Area_Type
2013400DA0488,2,9,0,4,0,0,0,0,0,0,2,1,6,1,6,1995,2,5,1,1
2013400DA0488,3,19,0,4,0,0,0,0,0,0,2,1,6,1,5,2198,2,3,3,1
2013400DA0489,1,19,0,11,0,0,0,0,0,0,4,1,6,1,-1,-1,-1,-1,9,1
2013400DA0489,2,9,0,18,0,0,0,0,0,0,1,1,6,1,10,1781,1,12,-1,-1
2013400DA0490,1,8,0,18,0,0,0,0,1,0,1,1,1,1,6,2499,2,6,3,1
2013400DA0490,2,9,0,18,0,0,0,0,7,0,1,1,6,1,8,-1,-1,-1,-1,-1
2013400DA0496,1,21,1,12,0,0,0,0,0,0,1,2,1,1,7,-1,-1,-1,-1,-1
2013400DA0496,2,9,0,18,0,0,1,0,4,6,4,1,2,1,6,1997,2,14,6,1
2013400DA0497,1,19,0,9,0,6,0,0,7,4,3,1,1,1,7,1896,2,5,10,2
2013400DA0497,2,19,0,18,0,8,1,0,7,4,4,1,1,1,7,2143,2,2,4,1
2013400DA0499,1,9,0,18,0,0,0,0,0,0,4,1,1,1,9,-1,-1,-1,6,1
2013400DA0509,1,9,0,18,0,0,0,0,0,0,1,1,1,1,10,1948,1,14,-1,-1
2013400DA0509,2,9,0,4,0,0,0,0,0,0,2,1,6,2,9,1386,1,2,10,1
2013400DA0513,1,3,0,18,0,0,1,0,0,0,0,1,6,1,6,124,1,15,2,1
2013400DA0514,1,9,0,18,0,0,2,0,8,10,1,1,2,1,9,998,1,4,-1,-1
2013400DA0521,1,9,0,18,0,0,1,0,5,6,1,1,6,1,6,1855,1,14,9,2
2013400DA0521,2,9,0,18,0,0,0,0,0,0,2,1,6,2,8,2706,1,-1,6,1
2013400DA0521,3,9,0,18,0,0,0,0,1,7,2,1,6,1,6,1991,2,6,-1,-1
2013400DA0521,4,9,0,18,0,0,0,0,4,6,2,1,6,1,6,1362,1,-1,5,1
2013400DA0530,1,9,0,18,0,0,2,0,5,6,3,1,2,1,6,1388,1,8,10,2
2013400DA0531,1,9,0,18,0,6,0,0,0,0,1,1,6,1,4,1596,1,11,-1,-1
2013400DA0531,2,9,0,18,0,8,0,0,0,0,3,1,6,1,5,2494,2,25,3,1
2013400DA0531,3,9,0,9,0,1,0,0,0,0,3,1,6,1,6,1397,1,4,6,1
2013400DA0532,1,21,1,12,0,0,0,0,0,0,3,2,1,1,8,-1,-1,-1,-1,-1
2013400DA0532,2,9,0,18,0,0,1,0,0,6,4,1,1,1,8,1598,1,14,4,1
2013400DA0533,1,9,0,18,0,0,1,0,5,6,1,1,6,1,8,2438,1,17,4,1
2013400DA0533,2,9,0,18,0,0,1,0,0,0,4,1,6,1,8,1968,2,1,6,1
2013400DA0534,1,9,0,18,0,0,1,0,0,0,1,1,1,1,6,1753,2,10,10,1
2013400DA0534,2,9,0,4,0,0,0,0,5,6,2,1,1,1,6,1360,1,5,10,1
2013400DA0534,3,9,0,4,0,0,0,0,0,0,2,1,1,2,6,1968,2,2,-1,-1
2013400DA0535,1,5,0,18,0,0,0,0,0,0,1,1,6,1,6,599,1,10,2,1
2013400DA0535,2,9,0,18,0,0,0,0,0,0,2,1,6,1,6,1968,2,4,10,1
2013400DA0537,1,9,0,11,0,0,0,0,0,0,4,1,6,1,6,1618,1,-1,-1,-1
2013400DA0537,2,9,0,18,0,0,0,0,0,0,1,1,6,2,6,-1,-1,-1,5,1
2013400DA0539,1,9,0,4,0,1,0,0,0,0,1,1,3,2,7,1339,1,7,9,1
2013400DA0540,1,9,0,18,0,0,0,0,0,0,0,1,6,1,-1,1399,2,4,-1,-1
2013400DA0540,2,9,0,18,0,0,0,0,0,0,2,1,6,2,6,1389,1,8,-1,1
2013400DA0540,3,9,0,18,0,0,0,0,0,0,1,1,6,1,6,1984,1,5,8,1
2013400DA0540,4,9,0,18,0,0,0,0,0,0,1,1,6,1,6,1560,2,3,3,1
2013400DA0540,5,9,0,18,0,0,0,0,0,0,1,1,6,2,7,1994,2,6,8,1
2013400DA0542,1,5,0,7,0,2,0,4,1,0,1,1,2,1,5,-1,-1,-1,-1,-1
2013400DA0542,2,9,0,2,0,2,0,0,0,0,4,1,6,2,7,1796,1,5,8,1
2013400DA0542,3,9,0,2,0,2,0,0,0,0,4,1,6,2,8,1339,1,2,-1,-1
2013400DA0543,1,3,0,9,0,8,0,0,0,0,1,1,2,1,4,125,1,13,10,1
2013400DA0543,2,19,0,18,0,8,0,0,0,0,1,1,1,1,6,2148,2,6,7,3
2013400DA0544,1,9,0,9,0,8,0,0,0,0,1,1,6,1,9,1596,1,3,5,1
2013400DA0544,2,9,0,18,0,8,1,0,0,0,1,1,6,1,6,3200,2,11,9,3
2013400DA0544,3,9,0,10,0,8,0,0,0,0,4,1,6,2,6,1598,2,1,5,1
2013400DA0545,1,21,1,12,0,0,0,0,0,0,1,2,1,1,7,-1,-1,-1,-1,-1
2013400DA0545,2,9,0,18,0,0,0,0,0,0,2,1,6,2,5,1229,1,8,9,1
2013400DA0545,3,9,0,18,0,0,0,0,0,0,2,1,6,1,8,2295,1,10,9,1
2013400DA0546,1,9,0,5,0,8,0,0,0,0,3,1,6,2,6,1360,1,12,4,1
2013400DA0546,2,90,0,18,0,8,0,0,0,0,1,1,6,2,11,-1,-1,-1,-1,-1
2013400DA0547,1,9,0,17,0,0,1,0,1,0,3,1,1,1,4,1149,1,11,2,1
2013400DA0547,2,9,0,16,0,0,0,0,0,0,3,1,1,1,6,1598,1,8,5,1
2013400DA0548,1,9,0,16,0,0,5,0,7,9,1,1,6,2,10,1199,1,13,2,1
2013400DA0549,1,9,0,5,0,0,0,0,0,0,1,1,6,1,8,998,1,5,2,1
2013400DA0552,1,5,0,16,0,0,0,0,0,0,1,1,6,1,10,490,1,46,6,1
2013400DA0552,2,9,0,17,0,0,0,0,0,0,1,1,6,1,10,1618,1,1,9,3
2013400DA0553,1,9,0,9,0,6,0,0,0,0,1,1,6,2,5,-1,-1,-1,6,1
2013400DA0553,2,5,0,18,0,8,0,0,0,0,3,1,6,1,9,1050,1,8,-1,-1
2013400DA0556,1,9,0,9,0,8,0,0,0,0,3,1,6,1,8,3123,1,7,10,1
2013400DA0556,2,9,0,18,0,8,0,0,0,0,4,1,6,2,5,1196,1,16,10,1
2013400DA0557,1,19,0,9,0,8,0,0,0,0,3,1,1,1,6,-1,-1,-1,6,1
2013400DA0557,2,1,0,18,0,8,0,0,0,0,1,1,6,1,6,-1,-1,-1,7,3
2013400DA0563,1,21,0,12,0,0,0,0,0,0,3,1,1,1,10,16123,2,9,5,1
2013400DA0563,2,9,0,18,0,0,1,0,1,0,4,1,6,2,6,1299,1,9,3,1
2013400DA0563,3,21,1,18,0,0,0,0,0,0,3,1,1,1,6,10518,2,5,4,1
2013400DA0566,1,9,0,14,0,1,0,0,0,0,4,1,6,3,-1,1997,2,11,8,3
2013400DA0566,2,9,0,18,0,1,0,0,7,0,4,1,6,1,8,1988,1,11,9,2
2013400DA0566,3,19,0,9,0,8,0,0,0,0,0,1,1,1,7,2488,2,7,10,1
2013400DA0568,1,4,0,16,0,0,0,0,0,0,1,1,6,1,8,496,1,32,6,1
2013400DA0568,2,5,0,16,0,0,0,0,0,0,3,1,6,1,8,1157,1,16,6,1
2013400DA0568,3,9,0,16,0,0,0,0,0,0,0,1,6,1,6,1995,2,5,10,1
2013400DA0568,4,17,4,17,0,0,0,0,0,0,0,1,1,1,6,16000,2,2,9,1
2013400DA0568,5,17,0,17,0,0,0,0,0,0,0,1,1,1,6,16000,2,1,8,3
2013400DA0568,6,9,0,17,0,0,0,0,0,0,0,1,1,1,6,1248,2,4,9,1
2013400DA0569,1,5,0,18,0,8,0,0,0,0,1,1,6,1,8,999,1,6,-1,-1
2013400DA0569,2,21,0,9,0,8,0,0,0,0,3,1,1,2,8,2800,2,11,-1,-1
2013400DA0570,1,9,0,18,0,0,1,0,4,6,1,1,6,1,6,1896,2,11,2,1
2013400DA0570,2,9,0,4,0,0,0,0,0,0,2,1,1,1,8,1769,1,10,-1,-1
2013400DA0571,1,9,0,9,0,5,0,0,7,4,3,1,6,2,8,1390,1,12,5,1
2013400DA0571,2,9,0,13,0,1,5,0,7,4,4,1,6,2,7,1796,1,9,9,2
2013400DA0573,1,9,0,16,0,1,2,0,1,0,4,1,1,1,7,1753,2,8,6,1
2013400DA0575,1,9,0,18,0,0,0,0,0,0,1,1,6,1,5,1598,1,11,2,1
2013400DA0575,2,21,1,2,0,0,0,0,0,0,2,2,6,1,7,-1,-1,-1,-1,-1
2013400DA0576,1,9,0,4,0,0,0,0,0,0,1,1,6,1,-1,1199,1,10,-1,-1
2013400DA0576,2,9,0,4,0,0,0,0,0,0,2,1,6,1,6,-1,-1,-1,2,1
2013400DA0577,1,21,1,18,0,0,0,0,0,0,1,2,6,1,-1,-1,-1,-1,-1,-1
2013400DA0577,2,9,0,18,0,0,0,0,0,0,2,1,6,1,5,1598,1,11,4,1
2013400DA0578,1,9,0,4,0,1,1,0,3,4,1,1,6,1,11,1596,1,5,9,2
2013400DA0580,1,9,0,2,0,0,0,0,0,0,2,1,2,1,6,1794,1,10,10,1
2013400DA0580,2,9,0,16,0,0,2,0,0,0,1,1,1,1,8,-1,-1,-1,9,1
2013400DA0583,1,1,0,18,0,0,1,0,0,0,0,1,6,1,6,-1,-1,-1,-1,-1
2013400DA0588,1,9,0,9,0,5,0,0,0,0,3,1,6,2,7,1796,1,13,-1,-1
2013400DA0588,2,9,0,7,0,6,0,0,0,0,3,1,6,1,5,1686,2,8,4,1
2013400DA0594,1,3,0,13,0,8,1,0,7,0,1,1,2,1,6,124,1,2,9,2
2013400DA0594,2,9,0,9,0,5,0,0,7,0,3,1,6,1,10,-1,-1,-1,9,3
2013400DA0595,1,9,0,16,0,2,0,0,0,0,1,1,2,2,4,998,1,5,2,1
2013400DA0595,2,19,0,17,0,1,0,0,0,0,3,1,6,1,5,-1,-1,-1,3,1
2013400DA0598,1,9,0,7,0,1,0,0,0,0,1,1,6,1,8,-1,-1,-1,2,1
2013400DA0598,2,9,0,7,0,1,0,0,0,0,2,1,6,1,9,1796,1,13,3,1
2013400DA0599,1,9,0,9,0,8,0,0,0,0,1,1,1,1,7,1995,2,6,2,1
2013400DA0599,2,9,0,18,0,8,0,0,0,0,1,1,6,1,11,1796,1,12,8,1
2013400DA0600,1,9,0,18,0,0,0,0,1,9,1,1,1,1,7,1242,1,14,4,1
2013400DA0601,1,9,0,7,0,4,0,0,0,0,1,1,6,2,5,1587,1,8,5,1
2013400DA0601,2,9,0,3,0,1,0,0,0,0,2,1,1,2,7,1341,1,12,5,1
2013400DA0603,1,9,0,9,0,1,0,0,0,0,1,1,6,1,6,-1,-1,-1,10,1
2013400DA0603,2,9,0,18,0,8,0,0,0,0,1,1,6,1,8,1332,1,2,9,1
2013400DA0605,1,9,0,5,0,1,0,0,0,0,3,1,6,2,5,1598,1,10,8,1
2013400DA0605,2,1,0,18,0,6,0,0,0,0,1,1,6,1,2,-1,-1,-1,4,1
2013400DA0606,1,21,0,18,0,8,0,0,4,1,1,1,1,1,-1,11705,2,11,2,1
2013400DA0606,2,9,0,9,0,8,0,0,0,0,3,1,2,1,9,1360,1,6,7,2
2013400DA0609,1,9,0,18,0,8,5,0,2,7,3,1,6,2,10,1364,1,5,9,1
2013400DA0609,2,9,0,9,0,8,0,0,0,0,1,1,6,1,9,1248,2,1,4,1
2013400DA0610,1,5,0,18,0,0,0,7,0,0,1,1,6,1,8,600,1,11,9,1
2013400DA0610,2,9,0,18,0,0,0,0,0,0,2,1,6,1,6,-1,-1,-1,5,1
2013400DA0611,1,21,1,12,0,0,0,0,0,0,3,2,1,1,9,-1,-1,-1,-1,-1
2013400DA0611,2,9,0,18,0,0,0,0,0,7,4,1,2,2,8,2290,1,4,-1,-1
2013400DA0611,3,9,0,18,0,0,0,0,0,0,2,1,1,2,6,2993,2,3,-1,-1
2013400DA0611,4,9,0,18,0,0,0,0,0,0,1,1,2,2,6,1242,1,10,6,1
2013400DA0612,1,19,0,18,0,0,1,0,0,0,1,1,1,1,6,1560,2,5,8,1
2013400DA0612,2,19,0,11,0,0,0,0,0,0,3,1,6,1,7,-1,-1,-1,-1,-1
2013400DA0612,3,9,0,4,0,0,0,0,0,0,2,1,6,1,6,1995,2,2,7,1
2013400DA0612,4,9,0,4,0,0,0,0,0,0,2,1,6,2,5,1388,1,11,5,1
2013400DA0615,1,9,0,18,0,1,0,0,0,0,1,1,2,1,-1,1390,1,2,3,1
2013400DA0615,2,9,0,7,0,1,0,0,0,0,2,1,2,1,7,1289,1,13,5,1
2013400DA0616,1,9,0,4,0,1,0,0,0,0,1,1,6,1,6,-1,-1,-1,9,2
2013400DA0616,2,9,0,8,0,1,0,0,0,0,2,1,6,2,8,1600,1,2,9,2
2013400DA0617,1,9,0,18,0,0,0,0,0,0,4,1,6,2,7,2000,2,2,9,2
2013400DA0619,1,9,0,18,0,8,0,0,0,0,1,1,6,1,5,1686,2,9,2,1
2013400DA0619,2,9,0,9,0,8,0,0,0,0,2,1,6,1,7,1895,1,12,7,1
2013400DA0621,1,9,0,17,0,0,1,10,7,0,3,1,2,1,10,1199,1,12,5,1
2013400DA0621,2,9,0,16,0,0,0,0,0,0,1,1,1,1,8,1497,8,7,3,1
2013400DA0623,1,9,0,18,0,0,0,0,0,0,1,1,6,3,-1,1968,2,5,-1,-1
2013400DA0624,1,9,0,9,0,8,0,0,0,0,3,1,2,1,7,1796,1,10,4,1
2013400DA0624,2,10,0,18,0,8,0,0,0,0,4,1,1,1,5,-1,-1,-1,2,1
2013400DA0625,1,9,0,18,0,0,0,0,1,9,1,1,6,1,6,-1,-1,-1,7,1
2013400DA0626,1,9,0,18,0,8,0,0,7,4,1,1,6,1,10,1364,1,5,6,1
2013400DA0633,1,9,0,18,0,0,0,0,0,0,1,1,1,1,7,1299,1,16,7,2
2013400DA0633,2,9,0,18,0,0,0,0,0,0,2,1,1,1,6,1968,2,2,-1,-1
2013400DA0633,3,9,0,18,0,0,0,0,0,0,3,1,1,1,8,-1,-1,-1,7,1
2013400DA0635,1,21,1,3,0,1,0,0,0,0,1,1,1,1,7,11705,2,5,8,3
2013400DA0635,2,9,0,3,0,1,0,0,0,0,2,1,6,1,6,1248,2,10,2,1
2013400DA0636,1,9,0,18,0,0,0,0,0,0,1,1,6,2,5,1299,1,12,9,1
2013400DA0636,2,9,0,4,0,0,0,0,0,0,2,1,2,1,7,1968,2,7,8,3
2013400DA0638,1,19,0,12,0,0,0,0,0,0,3,1,6,2,8,1560,2,2,7,1
2013400DA0638,2,9,0,18,0,0,0,0,0,0,1,1,6,1,5,1910,2,5,7,1
2013400DA0639,1,9,0,18,0,4,0,0,0,0,1,1,6,1,8,1560,2,-1,3,1
2013400DA0639,2,1,0,18,0,8,0,0,0,0,2,1,6,1,6,-1,-1,-1,5,1
2013400DA0640,1,9,0,18,0,0,2,10,7,0,4,1,6,1,5,1242,1,5,9,2
2013400DA0641,1,9,0,16,0,0,2,0,8,9,1,1,6,1,4,1390,1,12,9,1
2013400DA0642,1,9,0,8,0,1,0,0,0,0,2,1,6,2,7,1598,2,2,10,1
2013400DA0642,2,9,0,18,0,1,0,0,0,0,1,1,6,1,-1,-1,-1,-1,-1,-1
2013400DA0643,1,9,0,18,0,8,0,0,0,0,1,1,6,1,8,-1,-1,-1,8,3
2013400DA0643,2,19,0,4,0,8,0,0,0,0,1,1,6,1,6,2496,2,16,8,3
2013400DA0644,1,9,0,9,0,8,0,0,0,0,3,1,2,1,6,1598,1,3,8,1
2013400DA0644,2,9,0,18,0,8,0,0,0,0,1,1,2,1,6,1299,1,14,5,1
2013400DA0646,1,9,0,14,0,1,0,0,0,0,4,1,6,1,6,-1,-1,-1,-1,-1
2013400DA0647,1,1,0,18,0,0,0,0,0,0,3,1,6,1,9,-1,-1,-1,8,3
2013400DA0647,2,9,0,13,0,0,0,0,0,0,4,1,6,3,-1,-1,-1,-1,-1,-1
2013400DA0648,1,5,0,18,0,0,1,0,0,0,4,1,6,1,8,2294,1,5,8,3
2013400DA0649,1,3,0,4,0,1,1,0,0,0,4,1,6,1,5,125,1,-1,9,2
2013400DA0651,1,9,0,5,0,0,0,0,0,0,4,1,6,2,11,1242,1,-1,8,1
2013400DA0654,1,9,0,9,0,4,0,0,0,0,1,1,6,1,-1,-1,-1,-1,-1,-1
2013400DA0654,2,1,0,18,0,8,0,0,0,0,2,1,2,2,6,-1,-1,-1,4,1
2013400DA0655,1,9,0,9,0,8,0,0,0,0,4,1,6,1,8,1124,1,13,-1,-1
2013400DA0655,2,1,0,18,4,8,0,0,0,0,1,1,6,1,5,-1,-1,-1,5,1
2013400DA0657,1,9,0,5,0,8,0,0,0,0,1,1,6,1,4,1598,1,11,10,2
2013400DA0657,2,9,0,18,0,8,0,0,0,0,2,1,6,2,6,1198,1,7,-1,-1
2013400DA0662,1,5,0,17,0,0,0,0,0,0,3,1,6,1,6,599,1,6,3,1
2013400DA0662,2,9,0,16,0,0,0,0,0,0,3,1,6,1,9,-1,-1,-1,6,1
2013400DA0663,1,9,0,13,0,8,1,10,0,0,1,1,6,1,4,1598,1,8,8,1
2013400DA0663,2,9,0,18,0,1,0,0,0,0,1,1,6,1,7,1986,2,7,3,1
2013400DA0667,1,19,0,18,0,0,5,0,0,0,1,1,6,1,4,1248,2,-1,3,1
2013400DA0667,2,9,0,18,0,0,0,0,0,0,2,1,6,1,7,1596,1,9,8,2
2013400DA0669,1,9,0,18,0,0,0,0,7,4,1,1,6,1,4,1390,1,8,7,1
2013400DA0671,1,19,0,17,0,0,0,0,0,0,1,1,6,3,-1,1753,2,10,-1,-1
2013400DA0671,2,9,0,16,0,0,0,0,1,9,3,1,1,2,7,1749,1,12,-1,-1
2013400DA0674,1,9,0,18,0,4,0,0,0,0,1,1,1,1,8,1242,1,2,10,1
2013400DA0674,2,1,0,18,0,8,0,0,0,0,4,1,1,1,8,-1,-1,-1,8,1
2013400DA0675,1,21,1,18,0,3,4,0,0,0,4,1,1,1,7,12902,2,-1,-1,-1
2013400DA0675,2,9,0,3,0,4,0,0,0,0,1,1,6,1,9,1229,1,8,3,1
2013400DA0675,3,9,0,3,0,4,0,0,0,0,1,1,6,1,6,1910,2,8,7,2
2013400DA0679,1,9,0,9,0,8,1,0,7,0,4,1,6,1,6,1910,2,7,8,1
2013400DA0679,2,9,0,18,0,8,0,0,0,0,1,1,6,1,8,4398,1,11,9,3
2013400DA0680,1,9,0,9,0,5,0,0,0,0,4,1,6,1,6,2720,2,7,6,1
2013400DA0680,2,2,0,18,0,8,0,0,0,0,1,1,6,1,6,49,2,13,9,1
2013400DA0682,1,19,0,18,0,0,0,0,4,6,1,1,1,1,6,-1,-1,-1,3,1
2013400DA0682,2,9,0,4,0,0,0,0,0,0,2,1,1,1,9,2143,2,-1,9,3
2013400DA0683,1,9,0,17,0,0,2,0,7,0,0,1,2,1,4,1149,1,14,10,1
2013400DA0684,1,19,0,18,0,0,0,0,0,0,1,1,1,1,7,1896,2,4,7,1
2013400DA0684,2,9,0,18,0,0,0,0,0,0,2,1,6,2,7,2830,2,18,5,1
2013400DA0685,1,9,0,12,0,0,0,0,0,0,0,1,6,3,-1,-1,-1,-1,-1,-1
2013400DA0685,2,9,0,4,0,0,0,0,0,0,1,1,6,2,7,-1,-1,-1,7,1
2013400DA0685,3,9,0,4,0,0,0,0,0,0,2,1,6,1,6,1998,1,7,9,1
2013400DA0686,1,2,0,18,0,8,0,0,0,0,1,1,6,1,4,49,1,3,4,1
2013400DA0686,2,9,0,7,0,8,0,0,0,0,1,1,6,1,8,1598,1,12,2,1
2013400DA0687,1,5,0,4,0,0,1,0,0,0,0,1,2,1,8,1157,1,7,-1,-1
2013400DA0693,1,9,0,18,0,0,0,0,0,0,1,1,6,1,7,1794,1,10,10,1
2013400DA0693,2,19,0,18,0,0,0,0,0,0,1,1,6,1,6,2143,2,1,3,1
2013400DA0700,1,9,0,9,0,8,0,0,0,0,1,1,6,2,7,1364,1,9,5,1
2013400DA0700,2,9,0,18,0,8,0,0,0,0,3,1,6,2,6,1598,1,8,10,1
2013400DA0701,1,9,0,18,0,1,0,0,0,0,3,1,6,1,7,2324,1,12,6,1
2013400DA0701,2,9,0,18,0,2,0,0,0,0,3,1,6,1,6,1796,1,11,8,1
2013400DA0703,1,9,0,18,0,0,0,0,0,0,1,1,6,2,5,1242,1,7,10,1
2013400DA0703,2,9,0,18,0,0,0,0,0,0,1,1,6,2,10,1596,1,5,10,1
2013400DA0705,1,9,0,3,0,4,0,0,0,0,2,1,1,2,9,-1,-1,-1,5,1
2013400DA0705,2,9,0,18,0,4,0,0,0,0,1,1,6,2,-1,-1,-1,-1,-1,-1
2013400DA0709,1,19,0,18,0,1,0,0,0,0,1,1,1,1,8,1753,2,7,9,1
2013400DA0709,2,9,0,9,0,1,0,0,0,0,2,1,1,1,7,2354,1,8,9,1
2013400DA0711,1,9,0,17,0,0,1,0,0,0,4,1,6,1,5,1149,1,5,3,1
2013400DA0711,2,9,0,16,0,0,1,0,0,0,1,1,6,1,6,1596,1,10,9,1
2013400DA0711,3,9,0,16,0,0,0,0,0,0,1,1,6,1,6,1968,2,2,8,1
2013400DA0713,1,9,0,5,0,8,0,0,0,0,1,1,1,1,6,1595,1,3,9,1
2013400DA0713,2,20,0,9,0,8,0,0,0,0,1,1,1,1,5,5880,2,10,8,1
2013400DA0715,1,9,0,9,0,8,0,0,0,0,0,1,6,3,-1,-1,-1,-1,-1,-1
2013400DA0715,2,3,0,5,0,8,0,0,0,0,0,1,2,1,6,124,1,11,8,1
2013400DA0716,1,9,0,18,0,0,0,0,1,10,1,1,6,2,6,1796,1,11,7,2
2013400DA0716,2,19,0,18,0,0,0,0,0,0,0,1,6,3,-1,-1,-1,-1,-1,-1
2013400DA0717,1,9,0,9,0,8,0,0,0,0,3,1,6,1,11,1560,2,6,7,2
2013400DA0717,2,5,0,18,0,8,0,0,0,0,1,1,6,1,7,600,1,13,6,1
2013400DA0718,1,19,0,1,0,0,0,0,0,0,2,1,1,2,8,1870,2,8,3,1
2013400DA0718,2,9,0,4,0,0,0,0,0,0,1,1,6,1,6,1360,1,5,10,1
2013400DA0720,1,9,0,18,0,0,0,4,0,0,1,1,6,1,11,1783,1,11,4,1
2013400DA0720,2,9,0,18,0,0,0,0,0,0,1,1,6,1,10,-1,-1,-1,8,3
2013400DA0720,3,9,0,2,0,0,0,0,0,0,2,1,6,2,7,2993,2,2,10,3
2013400DA0722,1,9,0,18,0,0,0,4,7,10,1,1,6,2,4,1242,1,10,5,1
2013400DA0722,2,9,0,2,0,0,0,0,0,0,4,1,6,3,-1,1868,2,13,5,1
2013400DA0722,3,9,0,2,0,0,0,0,0,0,2,1,6,3,-1,1229,1,9,6,1
2013400DA0725,1,11,0,4,0,1,0,0,0,0,4,1,1,3,-1,-1,-1,-1,-1,-1
2013400DA0727,1,9,0,18,0,1,0,0,0,0,1,1,6,3,-1,-1,-1,-1,-1,-1
2013400DA0727,2,9,0,18,0,1,0,0,0,0,2,1,6,3,-1,-1,-1,-1,-1,-1
2013400DA0727,3,1,0,3,9,6,0,0,0,0,0,1,6,1,7,-1,-1,-1,6,1
2013400DA0728,1,9,0,18,0,0,0,0,0,0,3,1,6,1,8,2143,2,-1,9,1
2013400DA0728,2,9,0,18,0,0,0,0,0,0,3,1,6,1,6,1390,1,8,10,1
2013400DA0729,1,9,0,7,0,8,0,4,0,0,1,1,6,2,5,1124,1,11,9,1
2013400DA0729,2,9,0,18,0,8,0,0,0,0,1,1,6,2,8,1242,1,15,10,1
2013400DA0729,3,9,0,2,0,8,0,0,0,0,2,1,6,3,-1,3189,1,9,9,1
2013400DA0730,1,9,0,18,0,0,1,0,5,6,1,1,6,1,5,1149,1,8,1,1
2013400DA0730,2,21,1,18,0,0,3,0,5,6,3,1,1,1,6,12777,2,5,9,1
2013400DA0730,3,9,0,18,0,0,0,0,0,0,1,1,1,1,8,2143,2,3,2,1
2013400DA0730,4,9,0,18,0,0,0,0,0,0,0,1,1,1,7,1997,2,5,8,1
2013400DA0730,5,9,0,18,0,0,0,0,0,0,0,1,6,1,5,1560,2,-1,7,1
2013400DA0730,6,21,0,18,0,0,0,0,0,0,0,1,1,1,6,5193,2,4,10,2
2013400DA0730,7,21,1,18,0,0,0,0,0,0,0,1,1,1,6,12130,2,8,4,1
2013400DA0731,1,9,0,6,0,0,0,0,0,0,4,1,6,1,8,1360,1,12,4,1
2013400DA0731,2,9,0,18,0,0,0,0,0,0,1,1,6,2,10,1422,2,4,9,1
2013400DA0731,3,21,1,3,0,0,0,0,0,0,3,1,6,1,9,10824,2,7,6,1
2013400DA0731,4,9,0,3,0,0,0,0,0,0,0,1,6,2,6,1586,1,5,9,1
2013400DA0732,1,9,0,9,0,8,0,0,0,0,1,1,6,1,7,-1,-1,-1,4,1
2013400DA0732,2,9,0,18,0,8,0,0,0,0,3,1,6,2,8,1368,1,7,6,1
2013400DA0733,1,9,0,4,0,1,0,0,0,0,1,1,6,1,9,1997,1,8,5,1
2013400DA0738,1,9,0,9,0,6,0,0,0,0,1,1,6,2,8,1591,1,6,8,1
2013400DA0738,2,1,0,14,0,8,0,0,0,0,1,1,6,1,9,-1,-1,-1,9,1
2013400DA0739,1,9,0,18,0,4,0,0,0,0,1,1,6,1,5,1796,1,12,5,1
2013400DA0739,2,9,0,6,0,4,0,0,0,0,3,1,6,1,8,1299,1,8,10,2
2013400DA0740,1,20,0,18,0,2,0,0,0,0,1,1,1,1,5,2198,2,-1,-1,-1
2013400DA0740,2,20,0,4,0,2,0,0,0,0,2,1,1,1,7,-1,-1,-1,6,1
2013400DA0744,1,2,0,18,0,0,1,4,0,0,1,1,2,1,5,49,1,1,8,3
2013400DA0744,2,9,0,2,0,0,0,0,0,0,2,1,6,1,-1,2316,1,22,6,1
2013400DA0746,1,3,0,18,0,0,0,0,0,0,1,1,6,1,4,124,1,13,7,2
2013400DA0746,2,9,0,10,0,0,0,0,0,0,2,1,6,2,10,1591,1,1,9,1
2013400DA0747,1,9,0,18,0,0,0,0,0,0,1,1,6,1,4,1242,1,9,2,1
2013400DA0747,2,9,0,3,0,0,0,0,0,0,1,1,6,1,9,1984,1,4,10,2
2013400DA0749,1,2,0,14,0,8,0,0,0,0,1,1,6,1,4,49,1,5,4,1
2013400DA0749,2,8,0,9,0,6,0,0,0,0,3,1,1,1,7,1997,2,12,2,1
2013400DA0753,1,9,0,18,0,0,0,0,0,0,1,1,6,2,4,1199,2,2,-1,3
2013400DA0753,2,9,0,4,0,0,0,0,0,0,2,1,6,2,7,1999,1,7,-1,-1
2013400DA0754,1,9,0,9,0,1,0,0,0,0,1,1,6,3,-1,-1,-1,-1,-1,-1
2013400DA0755,1,9,0,5,0,0,1,0,0,0,1,1,6,1,7,1996,1,11,10,2
2013400DA0755,2,9,0,3,0,0,0,0,0,0,2,1,6,2,7,2967,2,3,10,2
2013400DA0755,3,9,0,3,0,0,0,0,0,0,2,1,6,2,6,1796,1,6,6,1
2013400DA0758,1,9,0,11,0,0,1,0,2,7,4,1,2,2,8,998,1,8,3,1
2013400DA0758,2,9,0,18,0,0,0,0,0,0,3,1,6,1,6,1597,2,-1,4,1
2013400DA0760,1,9,0,18,0,0,0,0,0,0,1,1,2,2,7,2143,2,1,10,1
2013400DA0760,2,9,0,3,0,0,0,0,0,0,2,1,2,1,8,2969,2,5,9,1
2013400DA0761,1,9,0,18,0,0,2,0,2,10,1,1,6,2,7,1386,1,5,9,1
2013400DA0762,1,9,0,18,0,2,2,0,1,9,1,1,6,1,9,1149,1,12,10,3
2013400DA0763,1,21,1,12,0,0,1,0,0,0,1,2,1,1,9,-1,-1,-1,-1,-1
2013400DA0763,2,9,0,13,0,0,1,0,1,7,4,1,6,1,9,1229,1,-1,9,1
2013400DA0764,1,9,0,13,0,0,0,0,0,0,4,1,6,3,-1,-1,-1,-1,-1,-1
2013400DA0764,2,1,0,18,0,0,0,0,0,0,3,1,6,1,8,-1,-1,-1,9,1