Accident_Index,Vehicle_Reference,Vehicle_Type,Towing_and_Articulation,Vehicle_Manoeuvre,Vehicle_Location-Restricted_Lane,Junction_Location,Skidding_and_Overturning,Hit_Object_in_Carriageway,Vehicle_Leaving_Carriageway,Hit_Object_off_Carriageway,1st_Point_of_Impact,Was_Vehicle_Left_Hand_Drive?,Journey_Purpose_of_Driver,Sex_of_Driver,Age_Band_of_Driver,Engine_Capacity_(CC),Propulsion_Code,Age_of_Vehicle,Driver_IMD_Decile,Driver_Home_Area_Type
20134100B0468,1,9,0,16,0,0,0,0,1,4,3,1,6,1,4,1598,1,6,8,3
20134100B0469,1,11,0,14,0,1,0,0,0,0,4,1,1,3,-1,-1,-1,-1,-1,-1
20134100B0469,2,9,0,2,0,1,0,0,0,0,3,1,3,2,6,1753,2,7,5,1
20134100B0471,1,9,0,18,0,0,0,0,0,0,1,1,6,1,6,1596,1,3,10,1
20134100B0471,2,9,0,4,0,0,0,0,0,0,2,1,6,1,9,998,1,13,6,1
20134100B0471,3,9,0,4,0,0,0,0,0,0,2,1,6,1,7,2143,2,3,10,2
20134100B0475,1,9,0,7,8,6,0,0,0,0,1,1,6,2,-1,-1,-1,-1,9,1
20134100B0475,2,9,0,18,0,8,0,0,0,0,4,1,6,2,5,1149,1,10,7,1
20134100B0476,1,9,0,18,0,0,0,0,0,0,1,1,6,1,-1,-1,-1,-1,-1,-1
20134100B0476,2,1,0,18,0,0,0,0,0,0,2,1,6,1,7,-1,-1,-1,6,1
20134100B0477,1,3,0,17,0,2,0,0,1,1,1,1,6,1,5,125,1,6,5,1
20134100B0481,1,19,0,9,0,5,0,0,0,0,4,1,1,1,9,1995,2,6,5,1
20134100B0481,2,5,0,18,0,8,0,0,0,0,1,1,1,1,7,798,1,5,10,1
20134100B0492,1,9,0,9,0,6,0,0,0,0,3,1,2,2,8,1995,2,5,9,3
20134100B0492,2,5,0,18,0,1,0,0,0,0,1,1,2,1,8,598,1,16,9,3
20134100B0494,1,9,0,5,0,1,0,0,0,0,1,1,6,1,-1,-1,-1,-1,-1,-1
20134100B0494,2,9,0,3,0,1,0,0,0,0,2,1,6,1,6,-1,-1,-1,8,1
20134100B0495,1,9,0,9,0,6,0,0,0,0,1,2,2,2,6,-1,-1,-1,6,1
20134100B0495,2,21,1,17,0,1,1,0,0,0,1,1,1,1,6,10837,2,-1,5,1
20134100B0496,1,9,0,18,0,1,2,0,7,0,3,1,6,1,7,1390,1,18,9,1
20134100B0496,2,9,0,18,0,1,0,0,0,0,3,1,2,1,6,1595,1,13,1,1
20134100B0496,3,9,0,18,0,1,1,0,0,0,1,1,1,1,4,1389,1,9,7,3
20134100B0496,4,9,0,18,0,1,1,0,0,0,1,1,6,1,7,2776,2,7,7,2
20134100B0500,1,1,0,18,0,0,0,0,0,0,4,1,6,1,9,-1,-1,-1,7,1
20134100B0500,2,9,0,13,0,0,0,0,0,0,3,1,6,1,7,1591,1,6,4,1
20134100B0501,1,20,0,18,0,0,0,0,0,0,3,1,6,3,-1,-1,-1,-1,-1,-1
20134100B0501,2,11,0,18,0,0,0,0,0,0,3,1,2,1,8,4500,2,5,5,1
20134100B0507,1,9,0,3,0,1,0,0,0,0,2,1,2,1,7,2231,2,6,6,1
20134100B0507,2,9,0,18,0,1,0,0,0,0,1,1,6,2,4,1199,1,10,-1,-1
20134100B0511,1,9,0,16,0,0,0,0,0,0,1,1,2,1,9,1240,1,3,7,1
20134100B0511,2,9,0,17,0,0,0,0,0,0,1,1,6,2,7,-1,-1,-1,10,2
20134100B0513,1,9,0,14,0,0,0,0,0,0,4,1,6,1,7,-1,-1,-1,9,1
20134100B0528,1,9,0,18,0,0,5,10,0,0,4,1,6,1,4,1388,1,9,7,1
20134100B0530,1,9,0,18,0,1,0,0,0,0,1,1,2,2,7,1368,1,2,-1,-1
20134100B0530,2,9,0,18,0,1,0,0,0,0,4,1,2,1,7,1896,2,5,8,1
20134100B0533,1,9,0,17,0,2,0,0,1,2,4,1,6,1,5,1124,1,13,4,1
20134100B0534,1,9,0,9,0,8,0,0,0,0,3,1,6,2,6,-1,-1,-1,5,1
20134100B0534,2,9,0,18,0,8,0,0,0,0,1,1,6,1,8,1990,1,17,5,1
20134100B0536,1,9,0,18,0,0,0,0,0,0,4,1,2,1,8,1796,1,9,6,2
20134100B0538,1,8,0,5,0,1,0,0,0,0,1,1,1,1,8,1896,2,9,3,1
20134100B0538,2,9,0,5,0,6,0,0,0,0,3,1,2,1,7,1461,2,7,6,1
20134100B0542,1,9,0,4,0,0,0,0,0,0,1,1,3,2,7,1794,1,8,7,1
20134100B0543,1,9,0,9,0,8,0,0,0,0,1,1,6,1,4,1229,1,8,-1,-1
20134100B0543,2,9,0,18,0,8,0,0,0,0,1,2,2,1,6,-1,-1,-1,5,1
20134100B0543,3,9,0,4,0,1,0,0,0,0,1,1,2,1,5,1998,1,9,7,1
20134100B0544,1,9,0,9,0,1,0,0,0,0,1,1,1,2,7,1769,1,7,6,1
20134100B0544,2,9,0,18,0,8,0,0,0,0,4,1,6,1,6,1968,2,7,9,1
20134100B0545,1,9,0,16,0,1,0,0,0,0,1,1,2,2,7,-1,-1,-1,5,1
20134100B0545,2,1,0,18,0,8,0,0,0,0,2,1,2,2,7,-1,-1,-1,7,1
20134100B0547,1,9,0,11,0,3,0,0,0,0,4,1,6,1,7,1242,1,13,4,1
20134100B0547,2,19,0,7,0,3,0,0,0,0,3,1,1,1,8,2143,2,1,8,1
20134100B0556,1,9,0,5,0,4,0,0,0,0,3,1,6,2,7,1968,2,1,10,1
20134100B0556,2,1,0,18,0,8,0,0,0,0,1,1,6,1,6,-1,-1,-1,7,1
20134100B0565,1,9,0,18,0,0,0,0,7,4,3,1,6,1,5,1598,1,11,10,1
20134100B0567,1,9,0,9,0,6,0,0,0,0,3,1,6,1,11,1388,1,5,8,1
20134100B0567,2,5,0,18,0,8,0,0,0,0,1,1,6,1,10,1298,1,7,8,2
20134100B0569,1,3,0,13,0,1,1,0,0,0,1,1,1,1,6,124,1,7,9,1
20134100B0569,2,9,0,10,0,1,0,0,0,0,1,1,3,2,7,1870,2,5,10,3
20134100B0570,1,9,0,9,0,1,0,0,0,0,1,1,1,2,6,1595,1,7,8,1
20134100B0570,2,9,0,18,0,2,0,0,0,0,4,1,6,2,5,-1,-1,-1,7,1
20134100B0572,1,2,0,18,0,8,0,0,0,0,4,1,6,1,6,49,1,2,6,1
20134100B0572,2,9,0,18,0,4,0,0,0,0,1,1,6,2,8,3498,1,4,9,1
20134100B0573,1,19,0,1,0,0,0,0,0,0,2,1,6,1,9,2402,2,13,4,1
20134100B0582,1,1,0,3,9,1,0,0,0,0,1,1,6,2,7,-1,-1,-1,-1,-1
20134100B0582,2,9,0,7,0,1,0,0,0,0,4,1,4,1,4,1199,1,14,3,1
20134100B0583,1,9,0,3,0,0,0,0,0,0,2,1,6,2,7,1598,1,14,2,1
20134100B0583,2,9,0,18,0,0,0,0,0,0,1,1,6,1,5,1299,1,11,7,1
20134100B0585,1,9,0,7,0,8,0,0,0,0,4,1,6,1,9,1560,2,8,4,1
20134100B0585,2,1,0,18,0,8,0,0,0,0,1,1,6,1,4,-1,-1,-1,6,1
20134100B0586,1,8,0,18,0,0,0,0,0,0,1,1,1,1,8,1968,2,1,-1,-1
20134100B0586,2,1,0,18,0,0,0,0,0,0,1,1,2,1,6,-1,-1,-1,5,1
20134100B0590,1,19,0,9,0,8,0,0,0,0,1,1,1,1,4,2198,2,3,4,1
20134100B0590,2,9,0,18,0,8,0,0,0,0,3,1,6,2,8,1797,1,14,6,1
20134100B0596,1,9,0,16,0,0,1,0,7,10,4,1,6,1,4,1198,1,8,9,3
20134100B0597,1,9,0,14,0,0,2,4,7,0,1,1,6,2,4,1995,2,1,6,1
20134100B0597,2,9,0,2,0,0,0,4,1,10,1,1,6,3,-1,1896,2,11,6,1
20134100B0597,3,9,0,2,6,0,0,0,0,0,4,1,6,3,-1,-1,-1,-1,6,1
20134100B0602,1,9,0,18,0,0,1,0,1,0,1,1,6,1,5,1242,1,7,9,3
20134100B0602,2,9,0,18,0,0,1,0,1,0,1,1,6,2,9,1973,1,13,8,3
20134100B0602,3,19,0,18,0,0,1,0,0,0,1,1,1,1,5,1998,2,11,10,1
20134100B0603,1,8,0,5,0,0,0,4,0,0,2,1,1,2,9,-1,-1,-1,5,1
20134100B0603,2,9,0,2,0,0,0,0,0,0,2,1,6,1,10,2198,2,7,7,1
20134100B0604,1,9,0,9,0,5,0,0,0,0,3,1,2,2,8,1870,2,10,8,1
20134100B0604,2,5,0,13,0,8,1,0,7,10,4,1,2,1,4,599,1,16,4,1
20134100B0605,1,9,0,4,0,1,0,0,0,0,1,1,2,2,6,-1,-1,-1,4,1
20134100B0605,2,9,0,3,0,1,0,0,0,0,2,1,6,1,10,998,1,13,6,1
20134100B0606,1,2,0,18,0,2,1,0,0,0,1,1,6,1,4,-1,-1,-1,2,1
20134100B0606,2,9,0,3,0,2,0,0,0,0,2,1,6,2,8,1998,1,8,5,1
20134100B0607,1,9,0,16,0,0,1,0,7,10,1,1,6,1,4,1598,1,7,9,2
20134100B0614,1,9,0,17,0,0,0,10,0,0,4,1,6,2,8,1149,1,4,7,1
20134100B0615,1,9,0,4,0,1,0,0,0,0,1,1,2,2,5,1242,1,14,9,1
20134100B0615,2,9,0,3,0,1,0,0,0,0,2,1,2,2,7,1299,1,10,5,1
20134100B0616,1,9,0,18,0,0,5,0,1,0,1,1,1,2,8,1596,1,10,3,1
20134100B0617,1,9,0,18,0,8,0,0,3,4,1,1,6,2,4,1390,1,4,8,3
20134100B0618,1,9,0,18,0,1,0,0,0,0,1,1,6,1,9,1988,1,9,6,2
20134100B0618,2,9,0,3,0,1,0,0,0,0,2,1,6,1,7,1242,1,11,10,1
20134100B0623,1,9,0,18,0,0,0,0,0,0,1,1,6,2,6,1769,1,11,4,1
20134100B0623,2,9,0,4,0,0,1,0,0,0,2,1,1,2,9,973,1,12,4,1
20134100B0624,1,9,0,18,0,0,0,10,8,9,1,1,6,1,6,1850,1,11,10,1
20134100B0625,1,9,0,9,0,1,0,0,0,0,3,1,1,1,8,1995,2,2,4,3
20134100B0625,2,3,0,18,0,1,0,0,0,0,1,1,1,1,8,125,1,2,7,1
20134100B0627,1,9,0,5,0,1,0,0,0,0,1,1,6,1,9,1896,2,10,8,1
20134100B0627,2,9,0,3,0,1,0,0,0,0,2,1,6,2,7,1997,1,5,-1,-1
20134100B0632,1,9,0,18,0,0,0,0,0,0,1,1,6,1,9,-1,-1,-1,4,3
20134100B0632,2,21,0,4,0,0,0,0,0,0,2,1,1,1,8,3920,2,4,7,3
20134100B0633,1,9,0,5,0,6,0,0,0,0,4,1,1,1,10,1998,2,7,7,1
20134100B0633,2,3,0,18,0,8,0,0,0,0,1,1,2,1,7,124,1,-1,-1,-1
20134100B0634,1,9,0,18,9,0,0,0,0,0,1,1,6,1,6,-1,-1,-1,-1,-1
20134100B0641,1,19,0,4,0,1,0,0,0,0,3,1,6,1,5,1560,2,-1,7,3
20134100B0651,1,9,0,18,0,1,0,0,0,0,1,1,6,1,7,1360,1,7,4,1
20134100B0651,2,9,0,9,0,6,0,0,0,0,3,1,6,2,6,1800,1,7,10,1
20134100B0653,1,9,0,4,0,4,0,0,0,0,4,1,6,1,8,3175,1,9,3,1
20134100B0653,2,9,0,4,0,4,0,0,0,0,3,1,2,2,5,1595,2,3,5,1
20134100B0664,1,9,0,18,0,8,0,0,0,0,3,1,1,2,7,1997,2,7,5,1
20134100B0664,2,9,0,9,0,8,0,0,0,0,1,1,1,2,6,1360,1,10,6,1
20134100B0670,1,3,0,4,0,8,0,0,0,0,4,1,6,1,6,125,1,6,4,1
20134100B0672,1,1,0,18,0,1,0,0,0,0,3,1,4,1,3,-1,-1,-1,5,1
20134100B0672,2,9,0,18,0,1,0,0,0,0,1,1,6,3,-1,-1,-1,-1,-1,-1
20134100B0673,1,9,0,18,0,0,0,0,0,0,1,1,3,1,6,1796,1,10,10,1
20134100B0673,2,11,0,18,0,0,0,0,0,0,1,1,1,2,7,5883,2,12,4,1
20134100B0675,1,9,0,18,0,0,0,0,0,0,1,1,6,3,-1,-1,-1,-1,-1,-1
20134100B0675,2,1,0,18,0,0,0,0,1,0,2,1,2,1,5,-1,-1,-1,6,1
20134100B0678,1,9,0,5,0,4,0,0,0,0,1,1,1,2,6,1796,1,11,-1,-1
20134100B0678,2,1,0,5,0,4,0,0,0,0,2,1,1,1,8,-1,-1,-1,8,1
20134100B0679,1,9,0,4,0,0,0,0,0,0,1,1,6,2,6,1396,1,11,9,1
20134100B0679,2,9,0,4,0,0,0,0,0,0,2,1,6,2,6,1332,1,14,4,1
20134100B0680,1,9,0,4,0,1,0,0,0,0,4,1,2,1,7,1086,1,8,8,1
20134100B0680,2,3,0,3,0,1,0,0,0,0,3,1,2,1,7,124,1,5,9,1
20134100B0682,1,9,0,16,0,3,1,0,1,7,1,1,6,2,6,1299,1,15,3,1
20134100B0688,1,19,0,18,0,0,0,0,0,0,3,1,6,1,-1,2151,2,10,5,1
20134100B0688,2,1,0,4,0,0,0,0,0,0,3,1,6,1,10,-1,-1,-1,10,1
20134100B0689,1,9,0,18,0,8,1,0,0,0,1,1,6,1,6,1781,1,22,7,1
20134100B0689,2,9,0,9,0,6,0,0,0,0,3,1,6,2,5,1422,2,10,7,1
20134100B0690,1,9,0,18,0,8,1,0,7,1,4,1,6,2,7,1598,1,14,-1,-1
20134100B0691,1,9,0,9,0,5,0,0,0,0,4,1,6,2,11,2494,1,10,2,1
20134100B0691,2,19,0,18,0,1,0,0,0,0,1,1,2,1,6,1995,2,4,6,1
20134100B0693,1,9,0,18,0,0,1,0,0,0,1,1,2,2,5,1560,2,3,8,3
20134100B0693,2,9,0,4,0,0,0,0,0,0,2,1,2,1,7,1984,1,2,6,1
20134100B0693,3,9,0,4,0,0,0,0,0,0,2,1,2,2,7,1598,2,-1,7,1
20134100B0694,1,9,0,7,0,4,0,0,0,0,1,1,2,1,9,1798,1,10,6,1
20134100B0694,2,9,0,18,0,8,0,0,2,2,4,1,2,1,9,1242,1,10,5,1
20134100B0695,1,9,0,11,0,0,0,0,0,0,4,1,1,1,9,-1,-1,-1,10,2
20134100B0695,2,5,0,18,0,0,1,0,0,0,3,1,2,1,7,1298,1,13,9,3
20134100B0699,1,9,0,18,0,1,1,0,0,0,1,1,6,1,10,1910,2,8,9,1
20134100B0699,2,9,0,3,0,1,0,0,0,0,2,1,6,1,8,1895,1,12,4,1
20134100B0700,1,9,0,18,0,1,0,0,0,0,1,1,1,1,7,1896,2,3,-1,-1
20134100B0700,2,9,0,7,0,6,0,0,0,0,1,1,6,1,4,2995,1,12,-1,-1
20134100B0701,1,11,0,18,0,1,0,0,0,0,1,1,1,1,8,3900,2,8,8,1
20134100B0701,2,9,0,3,0,1,0,0,0,0,2,1,1,2,8,-1,-1,-1,5,1
20134100C0004,1,17,4,18,0,8,0,0,0,0,4,1,6,3,-1,-1,-1,-1,-1,-1
20134100C0004,2,9,0,18,0,8,0,0,0,0,3,1,6,1,9,1360,1,11,6,1
20134100C0024,1,9,0,18,0,0,1,0,0,0,1,1,6,1,4,1229,1,8,10,1
20134100C0024,2,9,0,3,0,0,0,0,0,0,2,1,6,2,8,2204,2,6,6,1
20134100C0032,1,9,0,18,0,8,0,0,0,0,1,1,6,2,7,1390,1,16,8,1
20134100C0032,2,9,0,9,0,8,1,0,0,0,1,1,6,1,6,1596,1,12,6,1
20134100C0034,1,19,0,9,0,8,0,0,0,0,3,1,2,1,8,1598,2,2,8,1
20134100C0034,2,9,0,13,0,8,1,0,0,0,1,1,6,1,9,-1,-1,-1,4,1
20134100C0047,1,9,0,17,9,0,1,10,1,0,1,1,6,1,5,-1,-1,-1,4,1
20134100C0056,1,9,0,18,0,0,0,0,0,0,1,1,2,2,6,1391,1,16,7,1
20134100C0061,1,9,0,18,0,0,0,0,0,0,1,1,4,2,4,1390,1,1,10,1
20134100C0061,2,9,0,3,0,0,0,0,0,0,3,1,2,2,8,1560,2,3,10,1
20134100C0061,3,9,0,18,0,0,0,0,1,0,2,1,2,2,6,1240,1,4,6,1
20134100C0063,1,9,0,9,0,8,0,0,0,0,4,1,6,2,8,1242,1,11,5,1
20134100C0063,2,9,0,9,0,8,0,0,0,0,3,1,6,1,7,1386,1,7,6,1
20134100C0069,1,9,0,9,0,6,0,0,0,0,3,1,2,2,6,2000,1,8,6,1
20134100C0069,2,1,0,18,0,8,0,0,0,0,1,1,2,1,6,-1,-1,-1,3,1
20134100C0071,1,9,0,4,0,1,0,0,0,0,1,1,2,1,5,1587,1,10,8,1
20134100C0071,2,11,0,3,0,1,0,0,0,0,2,1,1,1,9,7300,2,6,8,1
20134100C0077,1,9,0,18,0,0,0,0,0,0,1,1,6,1,-1,2997,1,14,6,1
20134100C0077,2,9,0,2,0,0,0,0,0,0,3,1,6,2,6,-1,-1,-1,6,1
20134100C0086,1,1,0,16,0,8,0,0,0,0,1,1,1,1,6,-1,-1,-1,-1,-1
20134100C0086,2,9,0,9,0,8,0,0,0,0,3,1,6,1,8,1997,2,1,9,1
20134100C0090,1,9,0,7,0,8,0,0,1,0,1,1,6,1,8,1798,1,14,5,1
20134100C0090,2,1,0,18,9,8,0,0,0,0,4,1,6,2,4,-1,-1,-1,6,1
20134100C0091,1,9,0,18,0,1,0,0,0,0,1,1,6,2,9,-1,-1,-1,-1,-1
20134100C0091,2,9,0,10,0,1,0,0,0,0,2,1,1,2,7,1229,1,2,4,1
20134100C0093,1,9,0,1,0,1,0,0,0,0,2,1,6,1,8,1997,2,9,4,1
20134100C0093,2,9,0,3,0,1,0,0,0,0,1,1,6,1,7,993,1,12,8,1
20134100C0094,1,9,0,7,0,3,0,0,0,0,3,1,6,2,5,1598,1,1,9,1
20134100C0094,2,9,0,7,0,3,0,0,0,0,4,1,6,1,6,2926,2,11,4,1
20134100C0101,1,9,0,13,0,0,0,0,0,0,4,1,2,1,9,5000,1,4,10,3
20134100C0101,2,1,0,18,0,0,0,0,0,0,3,1,2,1,7,-1,-1,-1,10,1
20134100C0107,1,5,0,18,0,0,1,0,0,0,4,1,6,1,7,599,1,16,6,1
20134100C0107,2,19,0,18,0,0,0,0,0,0,3,1,1,1,8,2402,2,3,4,1
20134100C0112,1,9,0,2,0,0,0,0,0,0,3,1,6,1,6,1199,1,12,9,1
20134100C0112,2,1,0,18,0,0,0,0,0,0,1,1,6,1,8,-1,-1,-1,3,1
20134100C0119,1,9,0,16,0,0,2,0,0,0,3,1,3,2,8,1951,2,9,10,3
20134100C0119,2,9,0,17,0,0,0,0,0,0,3,1,1,2,9,1781,1,9,10,3
20134100C0120,1,9,0,18,0,8,0,0,0,0,1,1,1,1,7,1997,2,2,4,1
20134100C0120,2,9,0,18,0,8,0,0,0,0,1,1,6,1,6,1396,1,19,9,1
20134100C0123,1,9,0,2,0,0,0,0,0,0,2,1,6,1,5,1896,1,15,7,1
20134100C0123,2,19,0,18,0,0,0,4,0,0,1,1,6,1,6,1796,7,7,4,1
20134100C0124,1,9,0,4,0,2,0,0,1,5,1,1,6,2,11,1389,1,18,5,1
20134100C0126,1,9,0,18,0,3,0,0,0,0,1,1,6,2,7,1989,1,14,7,1
20134100C0126,2,9,0,18,0,3,0,0,0,0,2,1,6,1,5,1396,1,13,6,1
20134100C0127,1,9,0,18,0,1,1,0,0,0,1,1,1,1,6,1956,2,3,9,1
20134100C0127,2,9,0,3,0,1,0,0,0,0,2,1,6,1,8,2993,2,1,8,1
20134100C0128,1,9,0,5,0,0,0,0,7,10,1,1,6,2,11,1399,1,5,9,1
20134100C0129,1,9,0,18,0,4,0,0,0,0,1,1,2,1,8,1896,2,12,4,1
20134100C0129,2,1,0,9,0,8,0,0,0,0,4,1,2,1,7,-1,-1,-1,4,1
20134100C0132,1,9,0,18,0,1,0,0,0,0,1,1,6,1,6,1997,2,10,-1,-1
20134100C0132,2,9,0,3,0,1,0,0,0,0,2,1,6,2,4,1199,1,13,7,1
20134100C0136,1,9,0,18,0,1,0,0,0,0,1,1,6,1,6,-1,-1,-1,-1,-1
20134100C0136,2,9,0,3,0,1,0,0,0,0,2,1,6,2,4,998,1,7,10,1
20134100C0139,1,9,0,1,0,0,0,0,0,0,2,1,6,1,7,1199,1,11,10,1
20134100C0139,2,9,0,18,0,0,0,0,0,0,3,1,6,1,6,998,1,10,-1,-1
20134100C0141,1,19,0,4,0,6,0,0,0,0,4,1,1,1,8,2496,2,14,4,1
20134100C0141,2,1,0,18,9,1,0,0,0,0,1,1,6,1,2,-1,-1,-1,7,1
20134100C0143,1,21,0,14,0,1,0,0,0,0,4,1,1,1,-1,-1,-1,-1,-1,-1
20134100C0143,2,9,0,3,0,1,0,0,0,0,3,1,2,2,8,1896,2,4,6,1
20134100C0148,1,9,0,16,0,0,0,0,0,0,3,1,1,1,5,-1,-1,-1,8,1
20134100C0148,2,9,0,17,0,0,0,0,0,0,3,1,6,1,10,1368,1,3,10,3
20134100C0153,1,9,0,14,0,0,0,0,0,0,1,1,6,2,7,1995,2,10,3,1
20134100C0154,1,9,0,12,0,1,0,0,0,0,3,1,6,2,8,998,1,4,10,1
20134100C0154,2,9,0,18,0,1,0,0,3,7,4,1,6,1,5,1396,1,11,10,1
20134100C0157,1,9,0,18,0,1,0,0,0,0,1,1,2,2,4,1199,1,13,5,1
20134100C0157,2,9,0,9,0,8,0,0,0,0,4,1,2,1,7,-1,-1,-1,-1,-1
20134100C0158,1,9,0,16,0,1,1,0,2,4,1,2,6,1,4,-1,-1,-1,4,1
20134100C0161,1,9,0,18,0,0,0,0,0,0,3,1,6,2,7,-1,-1,-1,-1,-1
20134100C0174,1,9,0,18,0,0,0,0,0,0,4,1,6,3,-1,-1,-1,-1,-1,-1
20134100C0174,2,1,0,18,0,0,0,0,0,0,3,1,2,2,5,-1,-1,-1,5,1
20134100C0180,1,9,0,1,8,0,0,0,0,0,2,1,6,1,-1,-1,-1,-1,-1,-1
20134100C0185,1,9,0,9,0,6,0,0,0,0,1,1,2,1,8,1389,1,20,4,1
20134100C0185,2,9,0,18,0,8,0,0,1,10,1,1,2,1,9,1197,1,-1,6,1
20134100C0187,1,9,0,9,0,0,0,0,0,0,2,1,6,1,5,1199,1,10,8,1
20134100C0187,2,9,0,18,0,0,0,0,0,0,1,1,6,1,6,2793,1,14,8,1
20134100C0188,1,9,0,18,0,0,0,0,0,0,3,1,6,1,6,1590,1,8,6,1
20134100C0189,1,9,0,3,0,1,0,0,0,0,1,1,2,1,10,1299,1,12,10,2
20134100C0190,1,9,0,18,0,4,0,0,0,0,1,1,6,1,6,998,1,16,8,1
20134100C0190,2,9,0,18,0,8,0,0,0,0,4,1,6,2,5,-1,-1,-1,10,1
20134100C0192,1,3,0,18,0,0,0,0,0,0,4,1,6,1,4,100,1,12,6,1
20134100C0193,1,9,0,5,0,8,0,0,0,0,1,1,6,1,6,1995,1,3,7,1
20134100C0196,1,9,0,5,0,1,0,0,0,0,1,1,6,1,11,2300,1,15,10,1
20134100C0199,1,9,0,9,0,6,0,0,0,0,1,1,6,2,10,1598,1,2,-1,-1
20134100C0199,2,9,0,10,0,1,0,0,0,0,3,1,6,2,6,1896,2,11,10,1
20134100C0199,3,9,0,18,0,1,0,0,0,0,1,1,6,1,7,-1,-1,-1,6,1
20134100C0199,4,9,0,18,0,1,0,0,0,0,3,1,6,2,6,1390,1,5,-1,-1
20134100C0204,1,3,0,18,0,0,0,12,0,0,1,1,6,1,6,125,1,4,8,1
20134100C0206,1,9,0,10,0,8,0,0,0,0,2,1,2,2,7,1596,1,11,8,1
20134100C0206,2,9,0,3,0,1,0,0,0,0,2,1,6,1,5,1679,1,15,4,1
20134100C0206,3,9,0,18,0,1,0,0,0,0,1,1,6,2,6,1598,1,7,9,1
20134100C0207,1,9,0,5,0,4,0,0,0,0,3,1,2,1,8,1895,1,14,2,1
20134100C0207,2,9,0,18,0,8,0,0,0,0,4,1,2,1,7,1796,1,10,3,1
20134100C0216,1,9,0,17,0,0,1,0,1,3,3,1,2,2,5,1149,1,7,7,1
20134100C0218,1,9,0,14,0,1,0,0,0,0,1,1,6,3,-1,-1,-1,-1,2,1
20134100C0218,2,1,0,18,0,1,0,0,0,0,1,1,2,1,9,-1,-1,-1,8,1
20134100C0218,3,9,0,10,0,1,0,0,0,0,0,1,3,2,-1,-1,-1,-1,-1,-1
20134100C0219,1,9,0,17,0,0,0,4,7,10,1,1,3,2,7,1998,2,7,9,1
20134100C0219,2,9,0,18,0,0,0,0,0,0,0,1,6,3,-1,-1,-1,-1,-1,-1
20134100C0219,3,9,0,2,0,0,0,0,0,0,3,1,6,1,11,1598,1,24,5,1
20134100C0222,1,9,0,16,0,2,1,0,1,10,1,1,6,1,6,1796,1,13,6,1
20134100C0232,1,9,0,18,0,0,0,0,0,0,1,1,6,2,10,1991,1,14,9,1
20134100C0232,2,9,0,18,0,0,0,0,0,0,1,1,6,1,6,1396,1,3,9,1
20134100C0232,3,9,0,18,0,0,0,0,0,0,1,1,6,2,8,1198,1,3,4,1
20134100C0232,4,9,0,18,0,0,0,0,0,0,1,1,6,1,10,1596,1,10,-1,-1
20134100C0236,1,9,0,5,0,0,5,4,0,0,1,1,2,1,5,1299,1,12,10,1
20134100C0236,2,9,0,2,0,0,0,0,0,0,1,1,6,3,-1,1198,1,7,-1,-1
20134100C0236,3,9,0,2,0,0,0,0,0,0,1,1,6,3,-1,-1,-1,-1,-1,-1
20134100C0239,1,9,0,17,0,0,0,0,0,0,1,1,2,1,7,1339,1,11,10,1
20134100C0241,1,9,0,18,0,4,0,9,0,0,1,1,2,1,5,1986,2,5,5,1
20134100C0242,1,9,0,9,0,5,0,0,0,0,3,1,6,3,-1,-1,-1,-1,-1,-1
20134100C0246,1,9,0,4,0,1,0,0,0,0,1,1,6,2,6,1461,2,1,-1,-1
20134100C0246,2,9,0,4,0,1,0,0,0,0,2,1,6,2,6,1598,1,10,9,1
20134100C0252,1,9,0,18,0,1,1,0,7,0,1,1,6,1,7,1968,2,8,9,1
20134100C0252,2,9,0,2,0,1,0,0,0,0,1,1,6,3,-1,1587,1,7,-1,-1
20134100C0252,3,9,0,2,0,1,0,0,0,0,1,1,6,3,-1,1991,2,6,-1,-1
20134100C0254,1,1,0,18,5,1,0,0,0,0,1,1,2,1,5,-1,-1,-1,3,1
20134100C0254,2,9,0,4,0,1,0,0,0,0,3,1,3,2,7,-1,-1,-1,9,1
20134100C0258,1,9,0,5,0,0,0,0,0,0,1,1,6,1,8,1390,1,1,3,1
20134100C0258,2,1,0,18,0,0,0,0,0,0,4,1,6,1,3,-1,-1,-1,-1,-1
20134100C0266,1,9,0,18,0,1,0,0,0,0,1,1,2,1,5,1598,1,8,-1,-1
20134100C0266,2,9,0,3,0,1,0,0,0,0,2,1,6,2,6,-1,-1,-1,10,1
20134100C0267,1,9,0,9,0,6,0,0,0,6,1,1,6,2,4,1598,1,9,10,1
20134100C0267,2,9,0,18,0,8,0,0,7,0,4,1,6,1,6,-1,-1,-1,5,1
20134100C0269,1,2,0,18,0,6,0,0,0,0,4,1,1,1,5,49,1,2,4,1
20134100C0269,2,9,0,18,0,8,0,0,0,0,1,1,6,2,7,2777,2,5,8,1
20134100C0272,1,9,0,18,0,1,0,0,0,0,1,1,6,1,8,-1,-1,-1,4,1
20134100C0272,2,9,0,3,0,1,0,0,0,0,2,1,2,1,6,-1,-1,-1,-1,-1
20134100C0288,1,9,0,3,0,1,0,0,0,0,1,1,1,1,6,1560,2,-1,5,1
20134100C0288,2,9,0,18,0,1,0,0,0,0,2,1,6,1,6,-1,-1,-1,10,1
20134100C0292,1,21,0,18,0,1,1,0,1,0,1,1,1,1,6,8970,2,5,4,1
20134100C0292,2,9,0,10,0,1,0,0,7,0,2,1,1,1,6,2496,2,12,6,1
20134100C0293,1,9,0,5,0,1,0,0,0,0,1,1,1,2,6,1242,1,6,10,1
20134100C0293,2,9,0,3,0,1,0,0,0,0,2,1,1,1,9,1240,1,9,6,1