Accident_Index,Vehicle_Reference,Vehicle_Type,Towing_and_Articulation,Vehicle_Manoeuvre,Vehicle_Location-Restricted_Lane,Junction_Location,Skidding_and_Overturning,Hit_Object_in_Carriageway,Vehicle_Leaving_Carriageway,Hit_Object_off_Carriageway,1st_Point_of_Impact,Was_Vehicle_Left_Hand_Drive?,Journey_Purpose_of_Driver,Sex_of_Driver,Age_Band_of_Driver,Engine_Capacity_(CC),Propulsion_Code,Age_of_Vehicle,Driver_IMD_Decile,Driver_Home_Area_Type
20134100C0817,1,9,0,14,0,0,0,0,0,0,1,1,6,2,7,1360,1,11,-1,-1
20134100C0817,2,11,0,3,0,0,0,0,0,0,2,1,1,1,7,4250,2,-1,7,1
20134100C0818,1,9,0,7,9,8,0,0,0,0,4,1,6,3,-1,-1,-1,-1,-1,-1
20134100C0828,1,19,4,18,0,0,4,0,5,6,3,1,6,1,5,-1,-1,-1,4,1
20134100C0840,1,9,0,7,0,5,0,0,0,0,1,1,6,2,4,1400,2,6,10,1
20134100C0840,2,8,0,4,0,1,0,0,0,0,3,1,1,1,9,1753,2,5,4,2
20134100C0841,1,9,0,18,0,1,0,0,0,0,1,1,6,2,10,1199,1,10,7,1
20134100C0841,2,1,0,4,0,1,0,0,0,0,2,1,1,2,8,-1,-1,-1,5,1
20134100C0849,1,9,0,17,0,0,0,0,2,7,1,1,2,2,7,-1,-1,-1,2,1
20134100C0851,1,9,0,18,0,0,2,4,0,0,1,1,6,2,10,1242,1,15,5,1
20134100C0854,1,5,0,18,0,0,0,0,0,0,1,1,6,1,11,-1,-1,-1,6,1
20134100C0854,2,9,0,4,0,0,0,12,0,0,2,1,1,2,7,1493,1,16,5,1
20134100C0855,1,3,0,4,0,1,0,0,7,0,1,1,2,1,5,599,1,13,10,1
20134100C0855,2,9,0,9,0,5,0,0,0,0,4,1,3,2,7,1896,2,9,9,1
20134100C0858,1,9,0,6,0,2,0,0,0,0,3,1,6,2,7,1910,2,5,8,1
20134100C0858,2,1,0,14,0,2,0,0,0,0,1,1,6,1,6,-1,-1,-1,4,1
20134100C0859,1,9,0,9,0,6,0,0,0,0,1,1,6,1,6,1968,2,7,-1,-1
20134100C0859,2,9,0,3,0,2,0,0,0,0,2,1,6,2,8,1461,2,4,9,1
20134100C0865,1,11,0,18,2,8,0,0,0,0,4,1,1,1,8,9200,2,11,4,1
20134100C0866,1,9,0,9,0,8,0,0,0,0,3,1,6,1,5,1968,2,9,2,1
20134100C0866,2,9,0,17,0,1,0,0,0,0,1,1,6,2,4,1299,1,16,10,1
20134100C0875,1,9,0,18,0,0,0,4,0,0,1,1,6,2,5,1242,1,1,10,1
20134100C0875,2,9,0,2,0,0,0,4,0,0,3,1,6,1,8,-1,-1,-1,7,1
20134100C0875,3,9,0,2,0,0,0,0,0,0,1,1,6,1,-1,1896,2,5,4,1
20134100C0876,1,9,0,5,0,1,0,0,0,0,1,1,6,2,9,1497,1,10,8,1
20134100C0876,2,1,0,18,0,1,0,0,0,0,4,1,2,1,8,-1,-1,-1,9,1
20134100C0877,1,9,0,9,0,6,0,0,1,4,4,1,6,1,9,1870,2,10,5,1
20134100C0877,2,9,0,18,0,1,0,0,0,0,1,1,6,2,11,-1,-1,-1,10,1
20134100C0881,1,9,0,3,0,0,0,0,0,0,4,1,3,2,-1,1997,2,4,10,1
20134100C0881,2,1,0,15,4,0,0,0,0,0,1,1,2,1,7,-1,-1,-1,10,1
20134100C0883,1,19,0,18,0,1,0,4,0,0,1,1,1,1,7,2402,2,7,5,1
20134100C0883,2,19,0,2,0,1,0,0,0,0,2,1,1,1,7,2402,2,9,-1,-1
20134100C0885,1,9,0,18,0,0,0,0,0,0,3,1,6,1,8,1360,1,6,5,1
20134100C0887,1,9,0,18,0,0,0,0,0,0,1,1,6,2,10,998,1,15,10,1
20134100C0889,1,8,0,18,0,4,0,0,0,0,2,1,1,1,6,-1,-1,-1,4,1
20134100C0889,2,1,0,18,0,1,0,0,0,0,1,1,6,1,5,-1,-1,-1,9,1
20134100C0899,1,9,0,7,2,7,0,0,0,0,3,1,3,2,8,1999,1,5,-1,-1
20134100C0899,2,9,0,18,0,1,0,0,0,0,4,1,2,2,7,-1,-1,-1,5,1
20134100C0901,1,3,0,18,0,1,0,0,0,0,4,1,6,1,4,125,1,2,5,1
20134100C0901,2,9,0,9,0,6,0,0,0,0,1,1,6,2,8,1242,1,5,9,1
20134100C0902,1,9,0,18,0,1,0,0,0,0,1,1,6,2,7,-1,-1,-1,7,1
20134100C0907,1,9,0,18,0,0,0,0,0,0,1,1,6,1,6,-1,-1,-1,-1,-1
20134100C0907,2,9,0,3,0,0,0,0,0,0,2,1,6,1,5,1196,1,17,10,1
20134100C0911,1,9,0,18,0,0,0,0,0,0,1,1,2,1,5,1198,1,-1,-1,-1
20134100C0911,2,9,0,3,0,0,0,0,0,0,2,1,6,2,6,1560,2,3,6,1
20134100C0911,3,9,0,3,0,0,0,0,0,0,2,1,2,2,-1,1329,1,3,-1,-1
20134100C0917,1,9,0,18,0,0,0,0,0,0,1,1,6,2,-1,1798,1,5,-1,-1
20134100C0918,1,19,0,18,0,1,0,0,0,0,1,1,1,1,8,4250,2,6,5,1
20134100C0918,2,9,0,4,0,1,0,0,0,0,2,1,6,2,8,-1,-1,-1,10,1
20134100C0918,3,9,0,4,0,1,0,0,0,0,2,1,6,2,6,1984,1,13,5,1
20134100C0919,1,9,0,5,0,0,0,0,0,0,1,1,6,1,7,1948,1,9,7,1
20134100C0921,1,9,0,17,0,0,1,0,1,7,1,1,6,2,6,1589,1,16,6,1
20134100C0922,1,9,0,7,0,8,0,0,0,0,1,1,3,2,6,-1,-1,-1,7,1
20134100C0922,2,9,0,18,0,1,0,0,0,0,4,1,3,2,6,1461,2,8,10,1
20134100C0923,1,9,0,18,0,0,0,0,0,0,1,1,6,1,6,996,1,1,-1,-1
20134100C0923,2,9,0,3,0,0,0,0,0,0,2,1,6,2,9,1198,1,2,-1,-1
20134100C0924,1,9,0,18,0,2,0,0,0,0,3,1,6,3,-1,957,1,27,-1,-1
20134100C0924,2,9,0,3,0,1,0,0,0,0,3,1,6,2,7,1796,1,8,8,1
20134100C0930,1,9,0,18,0,0,1,10,1,3,4,1,6,1,4,1753,2,9,-1,-1
20134100C0930,2,9,0,18,0,0,0,0,0,0,0,1,1,1,6,2400,2,1,7,1
20134100C0930,3,9,0,2,9,0,0,0,0,0,4,1,6,3,-1,1124,1,7,-1,-1
20134100C0940,1,9,0,9,0,8,0,0,0,0,3,1,6,1,7,1796,1,11,6,1
20134100C0940,2,9,0,9,0,8,0,0,0,0,1,1,6,2,9,2400,2,4,9,1
20134100C0942,1,1,0,18,9,5,1,4,7,10,1,1,6,2,8,-1,-1,-1,9,1
20134100C0942,2,9,0,2,9,2,0,0,0,0,4,1,6,1,-1,1329,1,-1,-1,-1
20134100C0945,1,9,0,5,0,1,0,0,0,0,1,1,2,1,6,973,1,11,3,1
20134100C0947,1,19,0,3,0,0,0,0,0,0,1,1,1,1,9,2299,2,2,6,1
20134100C0947,2,9,0,18,0,0,0,0,0,0,1,1,6,2,8,1560,2,2,10,1
20134100C0948,1,19,0,1,0,2,0,0,0,0,2,1,1,1,8,1968,2,2,9,1
20134100C0948,2,3,0,3,0,2,0,0,0,0,1,1,6,1,6,598,1,22,10,1
20134100C0949,1,9,0,9,0,6,0,0,0,0,1,1,6,1,6,1149,1,14,4,1
20134100C0949,2,8,0,18,0,1,0,0,0,0,4,1,2,1,7,2402,2,10,3,1
20134100C0950,1,9,0,18,0,8,0,0,0,0,1,1,6,1,6,1798,1,7,3,1
20134100C0950,2,9,0,18,0,8,0,0,0,0,3,1,2,1,6,999,1,13,6,1
20134100C0955,1,19,4,4,0,0,0,6,0,10,2,1,1,1,4,2198,2,1,9,1
20134100C0956,1,9,0,9,0,8,0,0,0,0,1,1,6,3,-1,1399,2,4,-1,-1
20134100C0964,1,9,0,18,0,1,0,0,0,0,1,1,3,2,5,1149,1,11,5,1
20134100C0964,2,9,0,3,0,1,0,0,0,0,2,1,3,2,7,-1,-1,-1,10,1
20134100C0966,1,9,0,18,0,0,0,0,0,0,1,1,6,2,9,-1,-1,-1,4,2
20134100C0981,1,9,0,9,0,8,0,0,0,0,1,1,3,2,7,1339,1,9,6,1
20134100C0981,2,9,0,18,0,8,0,0,0,0,3,1,6,1,-1,-1,-1,-1,-1,-1
20134100C0983,1,9,0,18,0,2,0,0,0,0,1,1,6,1,7,1242,1,13,2,1
20134100C0999,1,9,0,5,0,6,0,0,0,0,1,1,1,1,5,1390,1,4,5,1
20134100C0999,2,9,0,18,0,8,0,0,0,0,1,1,1,2,7,1390,1,3,3,1
20134100C0999,3,9,0,18,0,8,0,0,0,0,4,1,1,2,4,1299,1,8,10,1
20134100C1000,1,9,0,9,0,5,0,0,0,0,3,1,1,1,7,1598,2,2,-1,-1
20134100C1000,2,9,0,18,0,1,0,0,0,0,1,1,6,2,10,998,1,11,9,1
20134100C1001,1,9,0,2,0,6,0,0,0,0,2,1,6,1,7,1998,2,8,10,1
20134100C1001,2,9,0,18,0,8,0,0,0,0,3,1,3,2,7,1798,1,-1,9,1
20134100C1002,1,9,0,5,0,4,0,0,0,0,1,1,1,1,7,998,1,7,6,1
20134100C1002,2,1,0,18,0,8,0,0,0,0,4,1,1,1,4,-1,-1,-1,8,3
20134100C1003,1,9,0,9,0,5,0,0,0,0,1,1,6,1,6,-1,-1,-1,-1,-1
20134100C1003,2,1,0,18,0,8,0,0,0,0,1,1,6,1,8,-1,-1,-1,-1,-1
20134100C1004,1,9,0,9,0,6,0,0,0,0,3,1,6,1,5,1910,2,5,1,1
20134100C1004,2,3,0,18,0,1,1,0,0,0,1,1,6,1,4,124,1,-1,6,1
20134100C1005,1,9,0,4,0,1,0,0,0,0,3,1,6,2,-1,-1,-1,-1,-1,-1
20134100C1010,1,4,0,13,0,1,0,0,0,0,1,1,6,1,5,198,1,10,2,1
20134100C1010,2,9,0,9,0,6,0,0,0,0,3,1,6,2,8,1968,2,7,-1,-1
20134100C1010,3,9,0,3,0,1,0,0,0,0,0,1,6,1,5,1598,1,10,-1,-1
20134100C1013,1,9,0,18,0,0,0,0,0,0,1,1,6,1,5,-1,-1,-1,-1,-1
20134100C1017,1,9,0,18,0,4,0,0,0,0,1,1,6,2,6,1796,1,10,5,1
20134100C1017,2,9,0,9,0,8,0,0,0,0,4,1,6,2,5,1396,1,10,6,1
20134100C1021,1,9,0,5,0,0,0,0,0,0,1,1,6,2,8,2148,2,4,3,1
20134100C1021,2,9,0,18,0,0,0,0,0,0,4,1,6,2,7,-1,-1,-1,9,1
20134100C1026,1,9,0,16,0,0,0,0,0,0,1,1,1,1,8,-1,-1,-1,7,1
20134100C1026,2,9,0,17,0,0,0,0,0,0,1,1,6,1,11,-1,-1,-1,10,1
20134100C1027,1,10,0,4,0,2,0,0,0,0,1,1,1,1,8,-1,-1,-1,9,2
20134100C1027,2,9,0,3,0,2,0,0,0,0,2,1,6,2,6,1329,1,-1,9,1
20134100C1034,1,21,0,18,0,8,0,0,0,0,3,1,6,1,-1,-1,-1,-1,-1,-1
20134100C1034,2,1,0,18,0,8,0,0,0,0,4,1,2,2,5,-1,-1,-1,5,1
20134100C1039,1,9,0,4,0,6,0,0,0,0,0,1,6,3,-1,-1,-1,-1,-1,-1
20134100C1039,2,9,0,18,0,1,0,0,0,0,2,1,6,1,8,3227,2,11,5,1
20134100C1039,3,9,0,18,0,1,0,0,0,0,1,1,6,1,8,2987,2,7,8,1
20134100C1040,1,9,0,9,0,5,0,0,0,0,1,1,6,1,4,1124,1,11,9,1
20134100C1040,2,9,0,18,0,1,0,0,0,0,1,1,6,2,8,1198,1,2,5,1
20134100C1045,1,9,0,18,0,8,0,0,0,0,2,1,6,3,-1,-1,-1,-1,-1,-1
20134100C1045,2,9,0,18,0,8,0,0,0,0,1,1,6,2,9,1390,1,11,5,1
20134100C1047,1,1,0,18,0,1,0,0,0,0,1,1,6,2,9,-1,-1,-1,2,1
20134100C1047,2,9,0,18,0,1,0,0,0,0,3,1,6,2,-1,-1,-1,-1,-1,-1
20134100C1048,1,9,0,9,0,8,0,0,7,0,1,1,2,2,4,1796,1,8,10,1
20134100C1048,2,9,0,18,0,1,0,0,1,0,1,1,2,1,5,1390,1,18,6,1
20134100C1052,1,9,0,9,0,4,0,0,0,0,3,1,6,2,4,1149,1,14,4,1
20134100C1052,2,9,0,18,0,4,0,0,0,0,1,1,1,1,8,-1,-1,-1,10,1
20134100C1053,1,9,0,4,0,0,0,0,0,0,2,1,6,2,8,1360,1,1,10,1
20134100C1053,2,9,0,4,0,0,0,0,0,0,2,1,6,1,6,1360,1,13,4,1
20134100C1053,3,9,0,4,0,0,0,0,0,0,1,1,6,1,7,-1,-1,-1,8,1
20134100C1056,1,9,0,7,0,4,0,0,0,0,1,1,1,1,9,1968,2,7,5,1
20134100C1056,2,1,0,18,0,8,0,0,0,0,2,1,2,1,6,-1,-1,-1,3,1
20134100C1059,1,9,0,12,0,0,1,0,8,2,4,1,6,1,6,1686,2,3,5,1
20134100C1062,1,4,0,18,0,0,0,0,0,0,3,1,6,1,9,942,1,2,3,1
20134100C1062,2,9,0,18,0,0,0,0,0,0,4,1,1,2,6,1598,2,-1,3,1
20134100C1063,1,9,0,9,0,6,0,0,0,0,1,1,6,1,11,1199,1,12,5,1
20134100C1063,2,9,0,18,0,8,0,0,0,0,3,1,6,2,7,1598,1,11,4,1
20134100C1066,1,9,0,18,0,0,0,0,0,0,1,1,6,3,-1,-1,-1,-1,-1,-1
20134100C1066,2,9,0,18,0,0,0,7,0,0,2,1,6,1,7,1396,1,8,1,1
20134100C1081,1,9,0,18,0,0,0,0,1,10,1,1,6,2,8,-1,-1,-1,5,1
20134100C1082,1,9,0,3,0,1,0,0,0,0,2,1,6,1,6,1299,1,16,5,1
20134100C1082,2,9,0,3,0,1,0,0,0,0,2,1,6,1,8,-1,-1,-1,5,1
20134100C1082,3,9,0,18,0,1,0,0,0,0,1,1,6,1,10,1995,2,12,3,1
20134100C1087,1,9,0,18,0,1,0,4,0,0,1,1,6,2,6,-1,-1,-1,7,1
20134100C1087,2,21,1,2,0,1,0,0,0,0,2,1,1,1,-1,12777,2,6,3,1
20134100C1087,3,9,0,13,0,1,0,0,0,0,1,1,6,1,6,1910,2,5,-1,-1
20134100C1090,1,9,0,18,0,8,5,0,0,0,3,1,6,1,8,1850,1,14,8,1
20134100C1090,2,9,0,9,0,1,0,0,7,0,1,1,6,1,7,1896,2,10,2,1
20134100C1101,1,8,0,5,0,8,0,0,0,0,4,1,1,1,9,2148,2,7,7,1
20134100C1101,2,1,0,18,0,8,0,0,0,0,1,1,2,1,6,-1,-1,-1,-1,-1
20134100C1102,1,9,0,9,0,5,0,0,0,0,4,1,6,1,10,3189,1,7,9,3
20134100C1102,2,4,0,18,0,1,1,0,0,0,1,1,6,1,4,249,1,4,7,1
20134100C1103,1,9,0,9,0,6,0,0,0,0,1,1,1,1,4,1686,2,-1,-1,-1
20134100C1103,2,9,0,18,0,1,0,0,0,0,4,1,1,2,6,1598,1,7,4,2
20134100C1105,1,9,0,1,0,0,0,0,2,2,3,1,6,2,5,1998,1,6,4,1
20134100C1106,1,9,0,4,0,1,0,0,0,0,1,1,6,3,-1,-1,-1,-1,-1,-1
20134100C1106,2,9,0,4,0,1,0,0,0,0,2,1,1,1,5,1598,1,12,8,1
20134100C1112,1,9,0,5,0,0,0,0,0,0,2,1,6,1,7,1797,8,2,6,1
20134100C1115,1,9,0,18,0,0,0,0,0,0,1,1,6,2,4,1242,1,14,4,1
20134100C1116,1,9,0,1,0,0,0,0,0,0,2,1,2,1,6,1998,2,4,6,1
20134100C1117,1,9,0,4,0,0,0,0,0,0,1,1,6,1,8,-1,-1,-1,-1,-1
20134100C1117,2,9,0,3,0,0,0,0,0,0,2,1,6,2,10,1339,1,7,9,1
20134100C1117,3,9,0,3,0,0,0,0,0,0,2,1,6,2,6,-1,-1,-1,7,1
20134100C1117,4,9,0,3,0,0,0,0,0,0,2,1,6,1,6,-1,-1,-1,6,1
20134100C1124,1,5,0,4,0,0,1,6,0,10,1,1,2,1,6,599,1,11,2,1
20134100C1124,2,9,0,4,0,0,0,0,0,0,2,1,6,1,8,-1,-1,-1,8,1
20134100C1126,1,9,0,9,0,5,0,0,0,0,1,1,6,2,7,1588,1,11,4,1
20134100C1127,1,9,0,9,0,6,0,0,0,0,4,1,6,2,7,2199,2,3,10,2
20134100C1127,2,9,0,18,0,1,0,0,0,0,1,1,6,2,5,1124,1,13,5,1
20134100C1129,1,9,0,18,0,8,0,0,0,0,1,1,6,2,8,1999,1,7,5,1
20134100C1138,1,9,0,18,0,0,0,0,0,0,1,1,6,1,8,-1,-1,-1,9,1
20134100C1139,1,2,0,13,0,2,1,7,0,0,3,1,2,1,5,124,1,3,4,1
20134100C1140,1,9,0,18,0,0,5,4,0,0,1,1,3,2,7,1685,2,1,5,1
20134100C1140,2,9,0,2,0,0,0,4,0,0,4,1,6,3,-1,1992,2,6,-1,-1
20134100C1140,3,9,0,2,0,0,0,0,0,0,2,1,6,3,-1,1998,1,9,-1,-1
20134100C1141,1,9,0,4,0,0,0,0,0,0,1,1,6,1,6,1296,1,5,7,1
20134100C1141,2,9,0,4,0,0,0,0,0,0,2,1,6,1,10,-1,-1,-1,10,1
20134100C1142,1,9,0,4,0,1,0,0,0,0,2,1,6,1,6,2184,2,4,3,1
20134100C1142,2,9,0,4,0,1,0,0,0,0,1,1,6,2,4,1242,1,7,8,1
20134100C1143,1,19,0,12,0,2,0,0,0,0,2,1,6,3,-1,-1,-1,-1,-1,-1
20134100C1143,2,9,0,18,0,2,0,0,0,0,1,1,6,1,6,1896,2,11,6,1
20134100C1152,1,9,0,1,0,1,0,0,0,0,2,1,6,1,-1,1753,2,5,9,1
20134100C1157,1,9,0,9,0,2,0,0,0,0,1,1,6,1,8,-1,-1,-1,6,1
20134100C1162,1,9,0,7,0,6,0,0,0,0,1,1,6,2,6,1329,1,1,-1,-1
20134100C1162,2,1,0,18,0,1,0,0,0,0,3,1,6,1,7,-1,-1,-1,-1,-1
20134100C1163,1,9,0,9,0,6,0,0,0,0,3,1,6,2,8,3301,1,12,3,1
20134100C1163,2,9,0,18,0,1,1,0,0,0,1,1,6,2,6,1368,1,1,6,1
20134100C1166,1,9,0,16,0,1,0,0,1,2,1,1,6,2,4,-1,-1,-1,7,1
20134100C1170,1,9,0,9,0,5,0,0,0,0,4,1,6,1,5,1968,2,-1,1,1
20134100C1170,2,9,0,18,0,1,0,0,0,0,1,1,6,1,8,-1,-1,-1,8,1
20134100C1172,1,9,0,14,0,0,0,4,0,0,1,1,2,2,6,1299,1,13,5,1
20134100C1172,2,9,0,2,0,0,0,0,0,0,1,1,6,3,-1,1598,2,1,5,1
20134100C1173,1,9,0,17,0,0,1,0,0,6,1,1,1,2,6,1362,1,1,6,1
20134100C1176,1,9,0,9,0,8,0,0,0,0,1,1,6,1,-1,2435,1,13,-1,-1
20134100C1176,2,9,0,18,0,8,0,0,0,0,1,1,6,2,9,2204,2,7,-1,-1
20134100C1179,1,9,0,18,0,1,0,0,0,0,1,1,6,1,5,1560,2,1,4,1
20134100C1182,1,9,0,18,0,8,0,0,0,0,1,1,1,1,7,-1,-1,-1,8,1
20134100C1182,2,9,0,9,0,6,0,0,1,0,3,1,6,1,4,1242,1,6,10,1
20134100C1187,1,9,0,18,0,2,0,7,7,0,1,1,6,1,7,1587,1,11,2,1
20134100C1187,2,9,0,18,0,1,0,0,0,0,1,1,6,1,7,1896,2,6,5,1
20134100C1188,1,9,0,9,0,4,0,0,0,0,1,1,2,1,7,2499,2,10,3,1
20134100C1188,2,1,0,14,0,1,0,0,0,0,1,1,2,1,7,-1,-1,-1,-1,-1
20134100C9999,1,9,0,18,9,0,0,10,7,0,1,1,6,1,4,1364,1,7,4,2
20134100D0003,1,8,0,5,0,0,0,0,0,0,1,1,1,1,6,-1,-1,-1,-1,-1
20134100D0010,1,9,0,9,0,2,0,0,0,0,1,1,6,1,7,-1,-1,-1,-1,-1
20134100D0012,1,2,0,17,0,1,1,4,0,0,1,1,6,1,4,49,1,5,9,1
20134100D0012,2,9,0,2,0,1,0,0,0,0,3,1,6,3,-1,1796,1,8,10,1
20134100D0012,3,9,0,2,0,1,0,0,0,0,3,1,6,3,-1,1896,2,6,-1,-1
20134100D0013,1,9,0,18,0,1,0,0,0,0,1,1,2,2,8,1995,2,6,8,2
20134100D0014,1,9,0,18,0,0,0,0,0,0,4,1,2,2,4,1242,1,4,9,3
20134100D0016,1,9,0,18,0,4,0,0,7,0,1,1,6,1,8,1997,2,7,10,2
20134100D0016,2,9,0,18,0,8,0,0,7,4,4,1,6,1,9,2776,2,7,8,1
20134100D0018,1,9,0,18,0,1,0,0,0,0,1,1,6,1,7,993,1,16,5,1
20134100D0018,2,9,0,10,0,1,0,0,0,0,2,1,6,2,6,1840,1,14,5,1
20134100D0020,1,9,0,18,0,8,0,0,0,0,4,1,2,1,4,-1,-1,-1,10,1
20134100D0020,2,9,0,18,0,6,0,0,0,0,1,1,6,1,8,-1,-1,-1,10,1
20134100D0023,1,9,0,18,0,0,0,0,0,0,1,1,2,1,6,998,1,8,9,1
20134100D0025,1,9,0,1,0,0,0,0,1,3,2,1,6,2,10,1747,1,11,8,1
20134100D0025,2,9,0,2,9,0,0,0,0,0,3,1,6,3,-1,1598,2,2,10,1
20134100D0028,1,9,0,9,0,6,0,0,0,0,3,1,6,2,-1,1339,1,4,9,3
20134100D0028,2,9,0,18,0,1,0,0,0,0,1,1,2,2,-1,1587,1,10,6,1
20134100D0034,1,9,0,18,0,0,0,4,0,0,1,1,1,2,9,1299,1,12,3,1
20134100D0034,2,9,0,2,0,0,0,0,0,0,2,1,6,1,6,-1,-1,-1,-1,-1
20134100D0041,1,9,0,17,0,0,0,0,0,0,1,1,3,1,8,1896,2,10,10,1
20134100D0041,2,9,0,18,0,0,1,0,0,0,1,1,6,1,9,-1,-1,-1,10,1
20134100D0043,1,9,0,4,0,1,0,0,0,0,3,1,2,2,9,1339,1,4,8,1
20134100D0043,2,9,0,9,0,2,0,10,0,0,1,1,6,1,9,3960,1,12,-1,-1
20134100D0046,1,9,0,4,0,1,0,0,0,0,2,1,6,2,7,2401,2,10,10,3
20134100D0046,2,9,0,4,0,1,0,0,0,0,1,1,2,1,4,1598,1,12,9,3
20134100D0053,1,9,0,9,0,8,0,0,0,0,3,1,2,2,4,1598,1,11,10,1
20134100D0053,2,9,0,18,0,1,0,0,0,0,1,1,6,1,7,1560,2,3,8,1
20134100D0056,1,9,0,12,0,0,0,0,0,0,0,1,6,3,-1,-1,-1,-1,-1,-1
20134100D0056,2,19,0,13,0,0,1,0,4,6,1,1,1,1,5,1870,2,10,3,1
20134100D0058,1,9,0,5,0,0,0,0,0,0,2,1,6,1,5,-1,-1,-1,-1,-1
20134100D0058,2,9,0,18,0,0,0,0,0,0,1,1,2,1,5,-1,-1,-1,4,1
20134100D0066,1,9,0,18,0,1,0,0,0,0,1,1,6,1,8,1794,1,8,7,1
20134100D0066,2,9,0,3,0,1,0,0,0,0,2,1,6,2,4,1124,1,6,10,1
20134100D0066,3,9,0,3,0,1,0,0,0,0,2,1,6,2,8,1368,1,4,7,3
20134100D0066,4,9,0,10,0,1,0,0,0,0,2,1,6,1,5,1199,1,12,-1,-1
20134100D0069,1,9,0,17,0,0,0,0,0,0,3,1,6,3,-1,-1,-1,-1,-1,-1
20134100D0069,2,1,0,16,0,0,0,0,0,0,1,1,6,1,7,-1,-1,-1,9,1
20134100D0070,1,9,0,13,0,8,0,0,0,0,4,1,6,3,-1,-1,-1,-1,-1,-1
20134100D0070,2,1,0,18,0,8,0,0,0,0,3,1,1,1,8,-1,-1,-1,9,1
20134100D0075,1,9,0,18,0,0,0,0,0,0,1,1,6,1,8,1988,1,13,6,1
20134100D0075,2,9,0,3,0,0,0,0,0,0,2,1,2,2,7,1398,2,11,5,1
20134100D0076,1,9,0,18,0,4,0,0,0,0,1,1,6,2,8,1198,1,4,9,1
20134100D0076,2,3,0,9,0,3,0,0,0,0,2,1,6,1,6,124,1,15,10,2
20134100D0078,1,9,0,9,0,5,0,0,0,0,1,1,2,1,6,2497,1,7,10,1
20134100D0083,1,9,0,16,0,0,0,0,1,4,1,1,6,2,11,1360,1,7,10,2
20134100D0083,2,9,0,3,0,0,0,0,0,0,2,1,2,1,7,1783,1,10,4,1
20134100D0084,1,19,0,3,0,0,0,0,0,0,2,1,1,1,7,2198,2,3,8,2
20134100D0084,2,9,0,3,0,0,0,0,0,0,2,1,2,1,6,1896,2,9,4,1
20134100D0084,3,21,0,4,0,0,0,0,0,0,1,1,1,1,8,7146,2,5,7,1
20134100D0089,1,11,0,4,0,8,0,0,0,0,4,1,1,1,6,-1,2,14,4,1
20134100D0089,2,9,0,5,0,6,0,0,0,0,1,1,6,2,8,1991,2,3,10,1
20134100D0094,1,9,0,17,0,1,1,0,1,10,1,1,1,1,5,1389,1,9,7,1
20134100D0094,2,9,0,2,9,1,0,0,0,0,1,1,6,3,-1,1390,1,17,-1,-1
20134100D0094,3,9,0,2,9,1,0,0,0,0,3,1,6,3,-1,-1,-1,-1,-1,-1
20134100D0094,4,9,0,2,9,1,0,0,0,0,2,1,6,3,-1,1796,1,10,-1,-1
20134100D0099,1,9,0,18,0,0,0,0,0,0,4,1,6,2,10,-1,-1,-1,10,2
20134100D0099,2,1,0,18,0,0,0,0,0,0,2,1,2,2,8,-1,-1,-1,9,3
20134100D0101,1,9,0,18,0,0,0,0,2,10,1,1,6,2,11,1396,1,19,6,1
20134100D0101,2,9,0,3,0,0,0,0,0,0,2,1,2,2,8,1242,1,2,10,1
20134100D0103,1,9,0,9,0,8,0,0,1,10,4,1,6,2,6,1984,1,6,9,1
20134100D0103,2,9,0,18,0,8,0,0,1,0,1,1,6,1,7,1781,1,10,10,3
20134100D0103,3,9,0,2,0,2,0,0,0,0,3,1,6,3,-1,-1,-1,-1,-1,-1
20134100D0103,4,9,0,2,0,2,0,0,0,0,3,1,6,3,-1,-1,-1,-1,-1,-1
20134100D0104,1,9,0,18,0,0,0,0,1,0,1,1,1,1,6,1582,2,1,5,1
20134100D0104,2,9,0,4,0,0,0,0,0,0,2,1,6,2,6,2499,2,10,10,3
20134100D0104,3,9,0,4,0,0,0,0,1,0,2,1,6,1,6,1364,2,2,4,1
20134100D0104,4,9,0,18,0,0,1,0,0,0,1,1,2,1,5,2492,1,14,3,1
20134100D0105,1,9,0,16,0,0,0,0,1,10,1,1,1,1,6,1598,1,7,7,1
20134100D0106,1,9,0,18,0,0,0,0,2,2,4,1,6,1,6,1199,2,2,6,1
20134100D0118,1,19,0,12,0,2,0,0,0,0,1,1,1,1,6,2402,2,4,7,1
20134100D0118,2,1,0,18,0,2,0,0,1,0,2,1,1,1,8,-1,-1,-1,6,1
20134100D0119,1,1,0,18,0,8,0,0,0,0,4,1,2,1,7,-1,-1,-1,6,1
20134100D0119,2,9,0,9,0,6,0,0,0,0,1,1,6,2,6,1598,1,11,-1,-1
20134100D0121,1,9,0,3,0,1,0,0,0,0,1,1,1,1,7,1995,2,1,10,1
20134100D0121,2,9,0,4,0,1,0,0,0,0,2,1,2,1,8,1497,1,11,7,1
20134100D0122,1,9,0,18,0,4,0,0,0,0,1,1,2,2,6,1197,1,1,10,1
20134100D0122,2,9,0,18,0,8,0,0,7,10,4,1,6,1,9,998,1,15,7,2
20134100D0122,3,9,0,3,0,1,0,0,0,0,3,1,2,1,7,1598,1,10,9,3
20134100D0124,1,9,0,4,0,1,0,0,0,0,1,1,6,1,5,2494,1,9,4,1
20134100D0124,2,9,0,4,0,1,0,0,0,0,2,1,6,1,10,1595,1,1,9,1
20134100D0127,1,9,0,18,0,0,1,0,0,0,1,1,6,1,6,1389,1,12,9,1
20134100D0127,2,9,0,18,0,0,0,0,0,0,1,1,1,1,7,1753,2,4,10,1
20134100D0129,1,9,0,6,8,0,0,0,7,2,1,1,6,2,9,1400,1,8,4,1
20134100D0129,2,9,0,18,0,0,0,0,0,0,4,1,6,2,11,1560,2,2,9,1