Accident_Index,Vehicle_Reference,Vehicle_Type,Towing_and_Articulation,Vehicle_Manoeuvre,Vehicle_Location-Restricted_Lane,Junction_Location,Skidding_and_Overturning,Hit_Object_in_Carriageway,Vehicle_Leaving_Carriageway,Hit_Object_off_Carriageway,1st_Point_of_Impact,Was_Vehicle_Left_Hand_Drive?,Journey_Purpose_of_Driver,Sex_of_Driver,Age_Band_of_Driver,Engine_Capacity_(CC),Propulsion_Code,Age_of_Vehicle,Driver_IMD_Decile,Driver_Home_Area_Type
20134100D0130,1,9,0,18,0,8,0,0,0,0,1,1,2,1,5,1596,1,12,5,1
20134100D0140,1,9,0,18,0,0,5,0,7,6,1,1,1,1,7,1968,2,1,7,1
20134100D0140,2,17,0,18,0,0,0,0,0,0,2,1,1,1,7,6788,2,1,8,3
20134100D0143,1,9,0,4,0,1,0,0,0,0,1,1,6,1,6,-1,-1,-1,7,2
20134100D0143,2,90,0,4,0,1,0,0,0,0,2,1,1,1,9,1497,8,4,4,1
20134100D0146,1,19,0,5,0,8,0,0,0,0,1,1,1,1,6,1998,2,10,8,1
20134100D0146,2,9,0,18,0,8,0,0,0,0,3,1,4,2,4,1248,1,2,10,1
20134100D0150,1,9,0,18,0,0,0,0,0,0,1,1,2,1,7,1997,2,15,3,1
20134100D0150,2,21,1,4,0,0,0,0,0,0,2,1,1,1,6,11705,2,14,2,1
20134100D0156,1,19,0,18,0,8,0,0,0,0,4,1,1,1,10,2953,2,7,6,1
20134100D0156,2,9,0,18,0,4,0,0,0,0,1,1,6,1,6,2198,1,10,-1,-1
20134100D0158,1,9,0,17,0,0,2,0,0,0,1,1,6,2,7,1242,1,7,8,1
20134100D0159,1,9,0,13,0,8,0,0,7,3,1,1,6,1,-1,4966,1,11,-1,-1
20134100D0159,2,9,0,9,0,5,0,0,7,0,3,1,6,1,11,2179,2,2,-1,-1
20134100D0159,3,9,0,18,0,1,0,0,0,0,0,1,1,1,7,2319,2,1,9,1
20134100D0162,1,19,0,12,0,0,0,0,0,0,3,1,1,1,5,2402,2,2,6,1
20134100D0162,2,5,0,13,0,0,0,0,4,6,4,1,2,1,9,647,1,10,10,1
20134100D0173,1,9,0,5,0,8,0,0,0,0,4,1,6,2,9,2972,1,12,10,1
20134100D0173,2,9,0,18,0,8,1,0,0,0,1,1,6,1,7,1991,2,5,6,1
20134100D0177,1,9,0,7,0,6,0,0,0,0,1,1,6,1,8,1388,1,6,10,1
20134100D0177,2,1,0,18,0,8,0,0,0,0,1,1,6,1,9,-1,-1,-1,-1,-1
20134100D0178,1,9,0,18,0,0,0,0,2,10,1,1,6,2,4,998,1,7,10,3
20134100D0179,1,3,0,18,0,8,0,0,0,0,1,1,6,1,4,-1,-1,-1,4,1
20134100D0179,2,9,0,9,0,5,0,0,0,0,4,1,6,1,5,1242,1,15,6,1
20134100D0181,1,9,0,9,0,8,0,0,0,0,4,1,6,1,4,1199,1,13,9,1
20134100D0181,2,9,0,18,0,1,0,0,0,0,3,1,6,2,5,1997,1,12,6,1
20134100D0185,1,9,0,18,0,0,0,0,0,0,3,1,6,1,8,-1,-1,-1,4,1
20134100D0186,1,9,0,18,0,8,0,0,0,0,2,1,6,3,-1,-1,-1,-1,-1,-1
20134100D0203,1,9,0,16,0,0,0,0,0,0,1,1,6,2,4,1086,1,9,7,1
20134100D0203,2,9,0,17,0,0,0,0,0,0,1,1,6,1,11,1991,2,4,5,1
20134100D0212,1,5,0,18,0,4,1,10,3,3,1,1,6,1,6,599,1,5,3,1
20134100D0212,2,9,0,18,0,1,0,0,0,0,0,1,6,1,5,1781,1,15,9,1
20134100D0214,1,9,0,18,0,0,0,0,0,0,2,1,1,1,7,1199,1,11,7,1
20134100D0214,2,5,0,13,0,0,0,0,4,6,1,1,6,1,8,1170,1,1,8,1
20134100D0217,1,9,0,18,0,0,1,0,0,0,1,1,6,2,6,1896,2,10,8,3
20134100D0217,2,9,0,18,0,0,1,0,0,0,1,1,6,1,6,1999,1,12,-1,-1
20134100D0218,1,9,0,13,0,0,0,0,0,0,1,1,2,1,7,1984,1,11,8,1
20134100D0218,2,1,0,18,0,0,0,0,1,0,2,1,2,1,8,-1,-1,-1,10,1
20134100D0221,1,9,0,18,0,1,1,0,0,0,1,1,2,1,8,1200,1,1,5,1
20134100D0223,1,5,0,7,0,2,1,0,0,0,0,1,1,1,6,645,1,-1,-1,-1
20134100D0226,1,9,0,3,0,8,0,0,0,0,2,1,2,2,7,1248,2,4,9,3
20134100D0226,2,9,0,9,0,6,0,0,0,0,1,1,2,2,6,1386,1,5,-1,-1
20134100D0229,1,1,0,18,0,0,0,0,0,0,3,1,6,1,9,-1,-1,-1,10,3
20134100D0229,2,9,0,13,0,0,0,0,0,0,4,1,6,1,4,1598,2,1,-1,-1
20134100D0233,1,9,0,4,0,0,0,0,0,0,1,1,6,2,7,1910,2,5,10,3
20134100D0233,2,9,0,4,0,0,0,0,0,0,2,1,6,1,8,1968,2,2,-1,-1
20134100D0240,1,9,0,16,0,1,0,0,0,0,1,1,6,2,4,-1,-1,-1,8,1
20134100D0240,2,9,0,10,0,1,0,0,0,0,2,1,6,2,6,1997,1,11,5,1
20134100D0242,1,9,0,9,0,8,0,0,0,0,1,1,6,1,9,1910,2,7,4,1
20134100D0242,2,4,0,18,0,1,0,0,1,0,1,1,6,1,5,599,1,9,7,1
20134100D0242,3,9,0,14,0,1,0,0,0,0,0,1,6,1,6,-1,-1,-1,-1,-1
20134100D0245,1,9,0,16,0,0,1,0,7,9,1,1,6,1,5,1149,1,8,10,2
20134100D0246,1,9,0,18,0,0,0,0,7,2,1,1,6,1,9,-1,-1,-1,9,1
20134100D0248,1,9,0,13,0,0,0,0,0,0,4,1,2,2,7,1591,1,1,7,1
20134100D0248,2,1,0,18,0,0,0,0,0,0,3,1,2,1,8,-1,-1,-1,10,1
20134100D0249,1,9,0,18,0,0,0,0,1,0,1,1,6,1,5,1600,1,14,5,1
20134100D0249,2,9,0,3,0,0,0,0,0,0,2,1,6,1,6,-1,-1,-1,10,1
20134100D0259,1,9,0,18,0,0,0,0,1,0,1,1,2,1,9,2987,2,5,9,1
20134100D0259,2,9,0,2,6,0,0,0,0,0,1,1,6,3,-1,1984,1,1,-1,-1
20134100D0259,3,9,0,2,6,0,0,0,0,0,1,1,6,3,-1,1560,2,-1,-1,-1
20134100D0259,4,9,0,2,6,0,0,0,0,0,1,1,6,3,-1,-1,-1,-1,-1,-1
20134100D0261,1,9,0,18,0,8,0,0,0,0,1,1,6,1,11,-1,-1,-1,-1,-1
20134100D0261,2,9,0,9,0,6,0,0,0,0,1,1,6,1,9,-1,-1,-1,8,3
20134100D0264,1,9,0,13,0,2,0,0,0,0,1,1,6,3,-1,-1,-1,-1,-1,-1
20134100D0264,2,1,0,18,0,2,0,0,0,0,2,1,6,1,3,-1,-1,-1,6,1
20134100D0267,1,9,0,9,0,6,0,0,0,0,1,1,6,2,7,-1,-1,-1,-1,-1
20134100D0267,2,9,0,18,0,1,0,0,0,0,1,1,6,2,7,1910,2,7,9,3
20134100D0268,1,9,0,4,0,0,0,0,0,0,1,1,6,2,10,1240,1,8,8,1
20134100D0271,1,17,5,18,0,0,0,0,0,0,3,1,6,1,5,-1,2,-1,9,3
20134100D0271,2,9,0,18,0,0,0,0,0,0,3,1,6,1,8,1951,2,8,9,3
20134100D0272,1,9,0,18,0,8,1,0,0,0,1,1,6,2,6,1198,1,9,4,1
20134100D0272,2,21,1,10,0,8,0,0,0,0,3,1,1,1,7,10837,2,1,-1,-1
20134100D0274,1,9,0,1,9,8,0,0,0,0,2,1,3,2,8,1896,2,6,6,1
20134100D0276,1,2,0,4,0,2,1,0,0,0,1,1,6,1,4,49,1,7,3,1
20134100D0276,2,2,0,4,0,2,0,0,0,0,2,1,6,1,4,49,1,6,4,1
20134100D0276,3,9,0,3,0,2,0,0,0,0,2,1,6,2,4,1199,1,13,6,2
20134100D0278,1,9,0,18,0,0,0,0,0,0,1,1,6,2,10,1248,1,3,10,1
20134100D0280,1,9,0,18,0,8,0,0,0,0,1,1,6,1,8,1329,1,4,9,1
20134100D0281,1,9,0,17,0,8,0,0,0,0,3,1,6,1,8,-1,-1,-1,6,1
20134100D0281,2,1,0,16,0,8,0,0,0,0,1,1,6,1,7,-1,-1,-1,9,1
20134100D0283,1,9,0,9,0,2,0,0,0,0,4,1,2,2,9,1364,1,4,5,1
20134100D0285,1,1,0,7,0,3,0,0,0,0,1,1,6,1,5,-1,-1,-1,-1,-1
20134100D0285,2,21,0,4,0,1,0,0,0,0,3,1,1,1,6,-1,-1,-1,7,3
20134100D0287,1,9,0,3,0,0,0,0,0,0,2,1,6,2,6,-1,-1,-1,7,1
20134100D0287,2,9,0,3,0,0,0,0,0,0,2,1,6,2,7,1984,1,16,9,1
20134100D0287,3,9,0,3,0,0,0,0,0,0,1,1,6,1,6,1998,1,16,6,1
20134100D0287,4,9,0,4,0,0,0,0,0,0,1,1,6,2,5,1995,2,12,-1,-1
20134100D0288,1,9,0,18,0,0,0,10,1,7,1,1,6,1,8,1995,2,4,3,1
20134100D0288,2,9,0,4,0,0,0,0,0,0,0,1,1,1,7,1248,2,1,8,1
20134100D0289,1,21,4,9,0,8,0,0,0,0,1,2,1,1,6,-1,-1,-1,-1,-1
20134100D0289,2,9,0,18,0,1,0,0,0,0,1,1,2,2,5,998,1,1,8,1
20134100D0292,1,9,0,4,0,0,0,0,0,0,1,1,3,1,6,2488,2,3,10,3
20134100D0292,2,9,0,3,0,0,0,0,1,0,2,1,6,2,5,1199,1,13,6,1
20134100D0292,3,9,0,3,0,0,0,0,0,0,2,1,2,1,11,-1,-1,-1,9,1
20134100D0293,1,9,0,5,0,0,0,0,0,0,2,1,6,2,4,1988,1,11,-1,-1
20134100D0293,2,9,0,18,0,0,0,0,0,0,1,1,3,1,6,999,1,12,-1,-1
20134100D0295,1,8,0,5,0,2,0,0,0,0,1,1,6,1,6,-1,-1,-1,-1,-1
20134100D0299,1,9,0,18,0,0,0,0,1,4,1,1,6,1,4,1199,1,11,8,1
20134100D0300,1,19,0,4,0,1,0,0,0,0,1,1,6,1,-1,6870,2,2,-1,-1
20134100D0300,2,9,0,4,0,1,0,0,0,0,2,1,6,2,4,1396,1,6,10,1
20134100D0312,1,9,0,5,0,0,0,0,0,0,1,1,6,1,6,1248,2,1,8,3
20134100D0312,2,1,0,4,0,0,0,0,0,0,2,1,6,2,7,-1,-1,-1,7,1
20134100D0312,3,1,0,4,0,0,0,0,0,0,1,1,6,1,7,-1,-1,-1,10,3
20134100D0316,1,9,0,9,0,1,0,0,0,0,0,1,6,3,-1,-1,-1,-1,-1,-1
20134100D0316,2,9,0,18,0,1,0,0,0,0,2,1,1,1,6,1896,2,12,6,1
20134100D0316,3,9,0,18,0,1,1,0,0,0,1,1,1,1,6,-1,-1,-1,10,1
20134100D0323,1,9,0,18,0,0,0,0,0,0,0,1,1,2,6,1248,2,2,5,1
20134100D0326,1,21,1,18,0,8,0,0,0,0,3,2,1,1,8,-1,-1,-1,6,2
20134100D0326,2,9,0,18,0,8,1,0,1,4,4,1,6,1,8,-1,-1,-1,-1,2
20134100D0330,1,9,0,18,0,0,0,0,0,0,1,1,6,1,4,1360,1,14,5,1
20134100D0332,1,4,0,13,0,1,0,0,7,1,4,1,1,1,6,-1,-1,-1,8,1
20134100D0332,2,9,0,9,0,1,0,0,0,0,3,1,1,2,6,1399,2,9,6,1
20134100D0339,1,19,0,18,0,1,1,0,0,0,4,1,2,1,8,-1,-1,-1,9,1
20134100D0341,1,19,0,18,0,1,0,0,0,0,1,1,6,1,5,1998,2,12,-1,-1
20134100D0341,2,9,0,10,0,1,0,0,0,0,2,1,6,2,7,-1,-1,-1,8,1
20134100D0345,1,9,0,5,0,1,0,0,0,0,1,1,1,1,8,1798,1,10,6,3
20134100D0348,1,2,0,18,0,1,1,0,0,0,0,1,2,1,4,49,1,5,6,1
20134100D0353,1,4,0,17,0,3,1,0,1,1,4,1,6,1,6,487,1,6,6,1
20134100D0354,1,9,0,18,0,2,0,0,0,0,1,1,6,1,8,-1,-1,-1,3,1
20134100D0354,2,9,0,18,0,2,0,0,0,0,2,1,6,2,8,1598,1,4,6,1
20134100D0357,1,9,0,16,0,0,5,0,1,9,3,1,6,2,5,1598,1,8,8,1
20134100D0358,1,9,0,18,0,2,0,0,1,7,1,1,6,1,6,1796,1,14,5,1
20134100D0360,1,9,0,13,0,0,0,0,0,0,4,1,6,3,-1,-1,-1,-1,-1,-1
20134100D0360,2,1,0,18,0,0,0,0,0,0,3,1,6,1,8,-1,-1,-1,10,1
20134100D0365,1,9,0,18,0,1,0,0,0,0,4,1,3,2,6,1896,2,5,3,1
20134100D0369,1,9,0,18,0,1,0,0,0,0,1,1,6,2,10,1298,1,3,5,1
20134100D0369,2,9,0,10,0,1,0,0,0,0,2,1,6,2,5,1399,1,7,3,1
20134100D0370,1,9,0,16,0,0,1,0,0,0,1,1,2,2,4,1119,1,18,10,3
20134100D0370,2,9,0,18,0,0,0,0,0,0,1,1,6,1,11,1275,1,15,10,1
20134100D0372,1,1,0,5,0,0,0,0,0,0,3,1,6,1,8,-1,-1,-1,10,1
20134100D0372,2,9,0,13,0,0,0,0,0,0,4,1,6,1,8,1896,2,13,-1,-1
20134100D0375,1,21,4,18,0,1,1,0,0,0,1,1,1,1,-1,-1,-1,-1,9,1
20134100D0375,2,9,0,10,0,1,0,0,0,0,2,1,3,2,7,2143,2,-1,7,3
20134100D0377,1,9,0,18,0,8,0,0,0,0,0,1,6,1,8,-1,-1,-1,-1,-1
20134100D0377,2,1,0,9,0,8,1,0,0,0,0,1,2,1,7,-1,-1,-1,9,1
20134100D0379,1,2,0,18,0,8,0,0,0,0,1,1,6,1,4,49,1,12,7,1
20134100D0379,2,9,0,9,0,6,0,0,0,0,4,1,6,1,6,2687,1,8,10,1
20134100D0382,1,9,0,18,0,0,1,4,7,2,1,1,6,1,8,2598,1,17,7,1
20134100D0382,2,9,0,2,0,0,0,0,0,0,1,1,6,3,-1,2967,2,4,-1,-1
20134100D0387,1,20,0,18,0,2,0,0,0,0,1,1,6,3,-1,-1,-1,-1,-1,-1
20134100D0389,1,9,0,18,0,8,0,0,0,0,1,1,6,3,-1,-1,-1,-1,-1,-1
20134100D0389,2,9,0,9,0,8,0,0,0,0,1,1,1,1,6,1896,2,10,4,1
20134100D0390,1,11,0,18,0,1,0,0,0,0,1,1,1,1,6,-1,2,13,10,3
20134100D0390,2,9,0,3,0,1,0,0,0,0,2,1,2,2,8,1598,1,12,7,1
20134100D0394,1,5,0,5,0,0,0,0,0,0,1,1,1,1,8,919,1,11,3,1
20134100D0396,1,9,0,9,0,1,0,0,0,0,2,1,6,2,4,1998,1,26,3,1
20134100D0396,2,9,0,18,0,6,0,0,0,0,1,1,2,1,8,2362,1,10,10,1
20134100D0404,1,9,0,18,0,0,1,12,0,0,3,1,6,1,6,1999,1,10,9,1
20134100D0404,2,9,0,18,0,0,1,12,0,0,1,1,6,1,8,-1,-1,-1,4,1
20134100D0406,1,9,0,7,0,3,0,0,0,0,1,1,6,2,10,1600,1,15,10,1
20134100D0411,1,9,0,17,0,0,0,0,0,0,1,1,6,1,10,1598,2,1,7,3
20134100D0411,2,9,0,16,0,0,0,0,0,0,1,1,6,2,7,-1,-1,-1,10,1
20134100D0413,1,9,0,3,0,1,0,0,0,0,4,1,1,1,9,1242,1,5,7,1
20134100D0413,2,9,0,9,0,6,0,0,0,0,1,1,6,1,5,1198,1,1,6,1
20134100D0418,1,9,0,9,0,6,0,0,0,0,1,1,6,1,7,1995,2,-1,4,1
20134100D0420,1,9,0,9,0,4,0,0,0,0,1,1,3,2,6,1998,2,5,-1,-1
20134100D0420,2,1,0,18,0,8,0,0,0,0,2,1,1,2,6,-1,-1,-1,3,1
20134100D0421,1,9,0,18,0,8,0,0,0,0,1,1,6,1,10,-1,-1,-1,10,1
20134100D0421,2,9,0,9,0,8,0,0,0,0,4,1,6,1,10,1586,1,8,9,2
20134100D0422,1,9,0,18,0,1,0,0,0,0,1,1,1,1,5,1685,2,2,8,3
20134100D0422,2,19,0,3,0,1,0,0,0,0,2,1,1,1,8,2198,2,1,10,1
20134100D0423,1,1,0,18,0,0,1,0,0,0,1,1,6,1,6,-1,-1,-1,9,3
20134100D0423,2,9,0,1,0,0,0,0,0,0,2,1,6,2,6,1242,1,7,6,1
20134100D0425,1,9,0,18,0,1,1,0,0,0,1,1,6,2,4,1598,1,10,6,1
20134100D0425,2,9,0,18,0,2,0,0,0,0,1,1,6,1,9,1796,1,13,4,1
20134100D0426,1,19,0,18,0,0,0,0,0,0,4,1,6,3,-1,-1,-1,-1,-1,-1
20134100D0427,1,9,0,18,0,2,0,0,0,0,1,1,6,2,8,1560,2,1,10,3
20134100D0442,1,19,0,4,0,1,0,0,0,0,2,1,1,1,6,2500,2,5,6,1
20134100D0442,2,9,0,18,0,1,0,0,0,0,1,1,6,1,10,1997,2,13,10,1
20134100D0444,1,9,0,18,0,2,0,0,0,0,1,1,2,1,5,1596,1,5,9,2
20134100D0444,2,9,0,4,0,2,0,0,0,0,2,1,2,1,8,-1,-1,-1,10,1
20134100D0450,1,9,0,9,0,6,0,0,0,0,1,1,6,1,-1,2902,2,12,4,1
20134100D0450,2,9,0,18,0,8,0,0,0,0,1,1,6,1,6,1753,2,16,4,1
20134100D0454,1,9,0,10,0,1,0,0,0,0,2,1,6,2,7,1199,2,1,6,1
20134100D0454,2,9,0,4,0,1,0,0,0,0,1,1,6,2,7,-1,-1,-1,8,2
20134100D0455,1,9,0,17,0,1,1,0,7,10,3,1,2,1,6,1798,1,13,9,1
20134100D0455,2,9,0,18,0,1,0,0,0,0,1,1,6,2,7,1560,2,2,10,1
20134100D0455,3,9,0,17,0,1,1,0,0,0,3,1,6,2,5,1198,1,10,7,1
20134100D0461,1,3,0,18,0,8,0,0,0,0,3,1,2,1,5,124,1,5,5,1
20134100D0461,2,21,0,4,0,1,0,0,0,0,3,1,1,3,-1,-1,-1,-1,-1,-1
20134100D0464,1,9,0,4,0,1,0,0,0,0,1,1,6,1,4,1390,1,11,8,2
20134100D0464,2,9,0,3,0,1,0,0,0,0,2,1,6,2,8,1388,1,10,8,2
20134100D0466,1,9,0,18,0,0,2,0,1,9,4,1,6,1,7,1895,1,14,9,2
20134100D0468,1,9,0,4,0,0,0,0,0,0,1,1,6,2,6,1198,1,10,5,1
20134100D0468,2,9,0,3,0,0,0,0,0,0,2,1,2,1,7,1242,1,14,9,1
20134100D0477,1,10,0,14,0,0,0,0,0,0,1,1,1,1,6,-1,-1,-1,-1,-1
20134100D0477,2,9,0,17,0,0,1,0,0,0,1,1,1,2,5,1596,1,16,3,1
20134100D0483,1,5,0,18,0,0,0,0,0,0,1,1,2,1,7,998,1,6,5,1
20134100D0483,2,19,0,18,0,0,0,0,0,0,1,1,1,1,7,2488,2,3,10,3
20134100D0484,1,9,0,9,0,6,0,0,0,0,1,1,6,2,9,999,1,-1,8,3
20134100D0484,2,9,0,18,0,1,0,0,0,0,3,1,6,2,8,-1,-1,-1,7,1
20134100D0486,1,9,0,4,0,1,0,0,0,0,1,1,1,2,9,-1,-1,-1,-1,-1
20134100D0486,2,9,0,3,0,1,0,0,0,0,2,1,6,2,9,1242,1,11,-1,-1
20134100D0487,1,9,0,18,0,0,0,0,0,0,1,1,6,2,7,1997,1,4,-1,-1
20134100D0487,2,9,0,3,0,0,0,0,0,0,1,1,6,2,6,1989,1,14,9,2
20134100D0488,1,9,0,9,0,1,0,0,0,0,3,1,6,2,7,-1,-1,-1,9,1
20134100D0488,2,9,0,18,0,1,0,0,0,0,4,1,1,1,8,2151,2,11,5,1
20134100D0493,1,9,0,9,0,6,0,0,0,0,3,1,6,2,6,1360,1,9,8,1
20134100D0493,2,9,0,18,0,1,0,0,0,0,1,1,6,2,7,1364,1,6,7,1
20134100D0500,1,9,0,4,0,1,0,0,0,0,1,1,6,1,11,1596,1,10,9,1
20134100D0500,2,9,0,4,0,1,0,0,0,0,2,1,6,2,6,1796,1,7,9,1
20134100D0501,1,9,0,18,0,0,0,0,0,0,4,1,6,2,6,1299,1,8,9,1
20134100D0502,1,9,0,9,0,6,0,0,0,0,3,1,6,1,4,1398,1,1,10,1
20134100D0502,2,9,0,18,0,1,0,0,0,0,1,1,6,2,8,1242,1,11,9,1
20134100D0504,1,9,0,18,0,0,0,0,1,4,1,1,6,1,6,1124,1,8,6,1
20134100D0504,2,9,0,18,0,0,0,0,0,0,0,1,6,3,-1,-1,-1,-1,-1,-1
20134100D0504,3,9,0,18,0,0,0,0,0,0,0,1,6,3,-1,-1,-1,-1,-1,-1
20134100D0506,1,9,0,9,0,8,0,0,0,0,1,1,6,2,4,1149,1,10,8,1
20134100D0506,2,9,0,18,0,8,0,0,0,0,1,1,6,1,6,1242,1,-1,6,1
20134100D0507,1,9,0,17,0,0,1,0,2,10,1,1,6,1,4,-1,-1,-1,10,1
20134100D0507,2,9,0,16,0,0,0,0,0,0,0,1,6,3,-1,-1,-1,-1,-1,-1
20134100D0509,1,9,0,17,0,0,2,0,1,9,4,1,2,2,7,1998,1,11,6,1
20134100D0512,1,9,0,9,0,6,0,0,0,0,1,1,6,1,4,1242,1,11,9,1
20134100D0512,2,9,0,18,0,1,0,0,0,0,3,1,6,2,11,847,1,13,9,2
20134100D0512,3,9,0,18,0,1,0,0,0,0,1,1,6,2,6,-1,-1,-1,-1,-1
20134100D0515,1,21,1,9,0,5,0,0,0,0,0,1,1,1,7,10837,2,1,-1,-1
20134100D0515,2,21,1,18,0,8,1,10,1,10,1,2,1,1,5,-1,-1,-1,-1,-1
20134100D0522,1,20,1,5,0,6,0,0,0,0,3,1,1,1,9,-1,-1,-1,3,1
20134100D0522,2,9,0,18,0,1,0,0,0,0,1,1,6,2,5,1198,1,8,7,1
20134100D0524,1,9,0,18,0,1,1,0,1,2,1,1,2,2,5,1242,1,-1,5,1
20134100D0526,1,9,0,17,0,0,1,0,1,9,4,1,2,2,5,1422,2,9,7,1
20134100D0530,1,9,0,1,0,1,0,0,0,0,2,1,2,1,7,-1,-1,-1,7,1
20134100D0532,1,9,0,18,0,1,0,0,0,0,1,1,2,1,5,2401,2,10,4,1
20134100D0532,2,9,0,3,0,1,0,0,0,0,2,1,2,2,6,1364,1,6,8,1
20134100D0532,3,9,0,3,0,1,0,0,0,0,2,1,2,1,8,4172,1,10,8,1
20134100D0533,1,9,0,9,0,8,0,0,0,0,1,1,1,1,6,1796,1,10,7,1
20134100D0533,2,2,0,18,0,8,0,0,0,0,1,1,6,1,11,124,1,6,10,1
20134100D0535,1,9,0,17,0,0,2,0,7,10,1,1,6,2,5,1299,1,11,9,1
20134100D0538,1,9,0,18,0,1,0,0,0,0,4,1,2,1,6,1997,2,3,10,1
20134100D0538,2,1,0,18,0,1,0,0,0,0,3,1,2,2,6,-1,-1,-1,8,1
20134100D0539,1,9,0,16,0,0,0,0,0,0,4,1,6,3,-1,-1,-1,-1,-1,-1
20134100D0540,1,9,0,18,0,4,1,0,1,0,1,1,2,1,6,-1,-1,-1,9,2
20134100D0540,2,9,0,18,0,4,1,0,1,0,1,1,2,2,7,1997,2,5,-1,-1
20134100D0540,3,9,0,18,0,4,0,0,0,0,1,1,6,1,10,1598,2,2,10,1
20134100D0542,1,9,0,9,0,1,0,0,0,0,3,1,2,1,6,1968,2,7,9,1
20134100D0542,2,9,0,18,0,6,0,0,0,0,1,1,2,1,7,1149,1,12,10,1
20134100D0543,1,9,0,16,0,0,1,0,0,0,1,1,6,1,5,2793,1,17,10,1
20134100D0543,2,9,0,17,0,0,0,0,0,0,1,1,6,2,7,1390,1,9,9,1
20134100D0543,3,9,0,18,0,0,0,0,0,0,2,1,6,1,8,1388,1,4,9,1
20134100D0543,4,9,0,18,0,0,0,0,0,0,1,1,6,1,6,-1,-1,-1,10,2
20134100D0545,1,9,0,3,0,1,0,0,0,0,2,1,6,1,4,1248,2,1,9,2
20134100D0545,2,9,0,18,0,1,0,0,0,0,1,1,6,1,6,1988,1,12,7,1
20134100D0548,1,11,0,5,8,0,0,0,0,0,0,1,1,1,10,2198,2,1,5,1
20134100D0548,2,9,4,18,0,0,4,0,1,9,3,1,2,1,7,2495,2,13,10,1
20134100D0548,3,9,0,18,0,0,0,0,0,0,4,1,2,1,8,1896,2,11,10,1
20134100D0562,1,20,0,18,0,0,0,0,0,0,1,1,1,1,7,-1,-1,-1,1,1
20134100D0562,2,9,0,11,0,0,0,0,0,0,2,1,1,1,7,1390,1,1,8,1
20134100D0562,3,9,0,18,0,0,0,0,0,0,2,1,1,1,7,1998,1,8,5,1
20134100D0563,1,9,0,9,0,8,0,0,0,0,3,1,6,1,7,1461,2,-1,2,1
20134100D0563,2,9,0,18,0,3,0,0,0,0,4,1,6,1,7,1398,2,11,4,1
20134100D0564,1,9,0,9,0,5,0,0,0,0,4,1,6,2,8,1299,1,11,9,1
20134100D0564,2,9,0,18,0,1,0,0,0,0,1,1,3,2,6,1343,1,8,6,1
20134100D0564,3,9,0,8,0,1,0,0,0,0,1,1,1,2,6,1493,1,18,6,1
20134100D0565,1,2,0,18,0,1,0,0,0,0,3,1,6,1,4,50,1,1,4,1
20134100D0565,2,9,0,13,0,1,0,0,0,0,4,1,6,2,-1,-1,-1,-1,-1,-1
20134100D0566,1,9,0,5,8,0,0,0,1,0,4,1,6,1,6,1360,1,14,7,3
20134100D0566,2,5,0,18,0,0,1,0,1,0,1,1,6,1,5,-1,-1,-1,-1,-1
20134100D0572,1,10,0,14,9,0,0,0,0,0,4,1,6,2,7,2198,2,5,3,1
20134100D0574,1,9,0,18,0,0,0,0,0,0,4,1,3,2,6,1149,1,12,6,1
20134100D0582,1,9,0,9,0,6,0,0,0,0,4,1,6,1,8,1997,2,11,7,1
20134100D0582,2,9,0,18,0,1,0,0,0,0,1,1,6,1,10,2199,2,1,10,1
20134100D0584,1,9,0,16,0,3,1,0,1,7,1,1,6,1,5,1390,1,12,6,1
20134100D0585,1,9,0,9,0,8,0,0,0,0,3,1,6,1,7,1461,2,9,6,1
20134100D0585,2,9,0,18,0,4,1,0,0,0,1,1,6,2,4,1390,1,14,5,1
20134100D0591,1,9,0,18,0,0,0,0,0,0,1,1,1,1,8,2438,1,21,4,1
20134100D0594,1,9,0,7,0,5,0,0,0,0,1,1,6,3,-1,-1,-1,-1,-1,-1
20134100D0594,2,1,0,18,0,8,0,0,0,0,1,1,6,2,2,-1,-1,-1,10,1
20134100D0595,1,9,0,17,0,0,0,0,2,4,3,1,6,1,11,1686,2,5,4,1
20134100D0595,2,9,0,16,0,0,0,0,0,0,3,1,6,2,8,1229,1,8,9,1
20134100D0596,1,9,0,18,0,1,1,0,0,0,1,1,6,1,4,1229,1,9,9,1
20134100D0596,2,9,0,18,0,2,0,0,0,0,1,1,6,2,5,1242,1,12,5,1
20134100D0597,1,9,0,9,0,4,0,0,0,0,1,1,6,1,8,1339,1,-1,5,1
20134100D0597,2,9,0,18,0,8,0,0,0,0,2,1,6,2,6,1587,1,10,-1,-1
20134100D0600,1,9,0,4,0,1,0,0,0,0,1,1,6,1,11,3471,1,6,10,1
20134100D0600,2,1,0,4,0,1,0,0,0,0,2,1,6,1,10,-1,-1,-1,7,3
20134100D0602,1,9,0,18,0,0,0,0,0,0,3,1,2,1,9,1328,1,9,10,3
20134100D0604,1,9,0,18,0,8,0,0,0,0,1,1,1,1,9,-1,-1,-1,6,1
20134100D0604,2,1,0,18,0,8,1,0,0,0,2,1,6,1,4,-1,-1,-1,6,1
20134100D0608,1,9,0,9,0,5,0,0,0,0,3,1,6,2,11,-1,-1,-1,10,1
20134100D0609,1,9,4,5,0,0,0,0,0,0,2,1,6,1,10,2179,2,10,6,2
20134100D0609,2,9,0,18,0,0,1,0,0,0,1,1,6,2,4,-1,-1,-1,5,1
20134100D0621,1,9,0,18,0,2,0,0,0,0,4,1,6,1,10,1999,1,6,8,1
20134100D0635,1,9,0,14,0,0,0,0,0,0,4,1,6,1,4,-1,-1,-1,-1,-1