Accident_Index,Vehicle_Reference,Vehicle_Type,Towing_and_Articulation,Vehicle_Manoeuvre,Vehicle_Location-Restricted_Lane,Junction_Location,Skidding_and_Overturning,Hit_Object_in_Carriageway,Vehicle_Leaving_Carriageway,Hit_Object_off_Carriageway,1st_Point_of_Impact,Was_Vehicle_Left_Hand_Drive?,Journey_Purpose_of_Driver,Sex_of_Driver,Age_Band_of_Driver,Engine_Capacity_(CC),Propulsion_Code,Age_of_Vehicle,Driver_IMD_Decile,Driver_Home_Area_Type
20134100F0467,2,1,0,18,0,1,0,0,0,0,0,1,6,1,3,-1,-1,-1,10,1
20134100F0468,1,9,0,18,0,1,2,0,5,6,1,1,6,1,4,-1,-1,-1,-1,-1
20134100F0470,1,21,1,12,0,0,0,0,0,0,0,2,1,1,6,-1,-1,-1,-1,-1
20134100F0470,2,5,0,13,0,0,1,0,0,0,0,1,6,1,8,-1,-1,-1,9,1
20134100F0473,1,9,0,1,0,0,0,0,0,0,2,1,6,1,5,1796,1,12,-1,-1
20134100F0473,2,9,0,2,0,0,0,0,0,0,2,1,6,3,-1,1679,1,12,-1,-1
20134100F0474,1,9,0,12,0,8,0,0,0,0,2,1,6,1,6,1868,2,12,3,1
20134100F0474,2,5,0,9,0,8,0,0,0,0,1,1,6,1,8,883,1,11,7,1
20134100F0475,1,19,0,16,0,0,0,0,0,0,4,1,6,3,-1,-1,-1,-1,-1,-1
20134100F0475,2,1,0,16,0,0,0,10,1,9,3,1,2,1,7,-1,-1,-1,8,3
20134100F0478,1,19,0,9,0,0,0,0,0,0,3,1,6,1,5,-1,-1,-1,6,3
20134100F0478,2,1,0,14,0,0,0,0,0,0,1,1,6,1,7,-1,-1,-1,4,1
20134100F0485,1,19,0,1,0,1,0,0,0,0,2,1,1,1,6,2143,2,1,3,1
20134100F0485,2,3,0,3,0,1,0,0,0,0,1,1,2,1,7,124,1,17,7,1
20134100F0496,1,9,0,7,0,1,0,0,0,0,4,1,6,3,-1,-1,-1,-1,-1,-1
20134100F0496,2,4,0,15,0,1,0,0,0,0,3,1,6,1,6,124,1,12,2,1
20134100F0501,1,9,0,18,0,2,0,0,0,0,4,1,6,1,6,1598,1,12,5,1
20134100F0501,2,1,0,18,0,1,0,0,0,0,1,1,6,1,5,-1,-1,-1,7,1
20134100F0505,1,9,0,18,0,0,1,0,4,6,1,1,6,1,8,1560,2,3,1,1
20134100F0506,1,9,0,4,0,1,0,0,0,0,2,1,6,2,8,1998,1,-1,8,1
20134100F0506,2,9,0,18,0,1,0,0,0,0,1,1,6,1,6,998,1,-1,6,1
20134100F0509,1,10,0,17,0,0,1,0,7,0,1,1,1,1,7,2402,2,12,9,1
20134100F0509,2,9,0,18,0,0,1,0,1,0,1,1,6,1,5,2926,2,11,8,1
20134100F0511,1,9,0,9,0,8,0,0,0,0,2,1,6,1,4,-1,-1,-1,10,1
20134100F0511,2,3,0,18,0,8,0,0,0,0,1,1,6,1,7,-1,-1,-1,7,1
20134100F0512,1,9,0,18,0,1,0,0,0,0,1,1,1,1,6,1595,1,14,10,1
20134100F0514,1,9,0,17,0,8,0,0,0,0,3,1,1,1,8,1598,1,2,3,1
20134100F0514,2,5,0,11,0,3,0,0,0,0,4,1,2,1,8,1198,1,2,5,1
20134100F0515,1,9,0,5,0,6,0,0,0,0,1,1,6,1,4,-1,-1,-1,7,1
20134100F0515,2,4,0,18,0,8,0,0,0,0,4,1,6,1,5,-1,-1,-1,4,1
20134100F0524,1,21,1,18,0,4,1,0,0,0,1,1,1,1,8,10518,2,4,3,1
20134100F0524,2,9,0,18,0,8,5,0,0,0,4,1,2,1,9,1364,1,5,7,1
20134100F0525,1,9,0,4,0,1,0,0,0,0,1,1,6,1,6,1598,1,8,10,1
20134100F0525,2,9,0,4,0,1,0,0,0,0,2,1,6,2,6,1199,1,11,3,1
20134100F0527,1,9,0,18,0,0,5,4,0,0,1,1,6,1,11,1968,2,1,10,3
20134100F0527,2,9,0,2,0,0,0,0,1,10,2,1,6,3,-1,-1,-1,-1,-1,-1
20134100F0529,1,9,0,17,0,1,1,0,1,4,3,1,2,1,4,1275,1,15,6,1
20134100F0534,1,9,0,5,0,6,0,0,0,0,1,1,6,2,5,1587,1,10,4,1
20134100F0534,2,9,0,18,0,1,0,0,0,0,1,1,6,2,8,1596,1,12,8,1
20134100F0535,1,9,0,9,0,8,0,0,8,0,4,1,6,1,4,1124,1,10,10,1
20134100F0535,2,9,0,18,0,1,0,0,1,0,1,1,6,1,6,1995,2,11,5,1
20134100F0539,1,9,0,5,0,1,0,0,0,0,1,1,6,1,6,1396,1,9,10,1
20134100F0539,2,1,0,4,0,1,0,0,0,0,2,1,6,2,10,-1,-1,-1,10,1
20134100F0551,1,3,0,17,0,0,1,10,1,1,1,1,6,1,5,124,1,2,4,1
20134100F0552,1,9,0,17,0,0,1,0,5,6,1,1,6,2,7,1360,1,8,8,1
20134100F0553,1,9,0,9,0,8,0,0,0,0,3,1,6,2,4,1124,1,13,5,2
20134100F0553,2,9,0,18,0,8,0,0,0,0,1,1,6,2,6,1686,2,1,4,1
20134100F0554,1,9,0,18,0,0,1,0,0,0,1,1,6,1,7,-1,-1,-1,10,2
20134100F0554,2,1,0,18,0,0,0,0,0,0,3,1,6,1,3,-1,-1,-1,8,1
20134100F0556,1,5,0,18,0,0,0,0,1,1,1,1,6,1,8,1078,1,2,3,1
20134100F0556,2,9,0,18,0,0,0,0,0,0,2,1,6,2,5,1390,1,-1,10,1
20134100F0560,1,19,0,9,0,6,0,0,0,0,3,1,1,1,5,2198,2,5,3,1
20134100F0560,2,5,0,18,0,8,0,0,1,0,1,1,6,1,8,1000,1,12,4,1
20134100F0565,1,9,0,5,0,1,0,0,0,0,1,1,6,2,6,1995,2,3,9,1
20134100F0565,2,4,0,4,0,1,0,0,0,0,2,1,6,1,9,400,1,6,8,1
20134100F0568,1,9,0,4,0,1,0,0,0,0,1,1,2,1,8,-1,-1,-1,6,2
20134100F0568,2,8,0,3,0,1,0,0,0,0,2,1,1,1,7,1598,1,4,3,1
20134100F0571,1,9,0,18,0,1,0,0,0,0,1,1,6,1,10,1598,1,7,7,1
20134100F0571,2,9,0,10,0,1,0,0,0,0,2,1,1,1,-1,1200,1,-1,-1,-1
20134100F0571,3,9,0,18,0,1,0,0,0,0,1,1,1,1,5,-1,-1,-1,9,1
20134100F0572,1,9,0,14,0,0,0,0,0,0,1,1,6,1,7,-1,-1,-1,3,1
20134100F0572,2,8,0,3,0,0,0,0,1,4,2,1,1,1,7,-1,-1,-1,7,2
20134100F0572,3,8,0,2,0,0,0,0,0,0,3,1,1,1,6,-1,-1,-1,3,1
20134100F0574,1,9,0,9,0,8,0,0,1,0,4,1,6,1,7,-1,-1,-1,-1,-1
20134100F0574,2,1,0,18,0,1,0,0,0,0,1,1,6,2,6,-1,-1,-1,10,1
20134100F0575,1,9,0,18,0,0,0,0,7,10,1,1,6,1,10,1796,1,12,10,1
20134100F0581,1,9,0,16,0,2,2,4,8,10,4,1,6,1,4,1199,1,12,8,1
20134100F0581,2,9,0,2,0,2,0,0,0,0,1,1,6,1,7,1968,2,5,9,1
20134100F0583,1,9,0,9,0,5,0,0,0,0,4,1,6,1,8,-1,-1,-1,10,1
20134100F0583,2,1,0,18,0,1,0,0,0,0,1,1,6,1,7,-1,-1,-1,10,1
20134100F0585,1,9,0,5,0,6,0,0,0,0,3,1,2,2,6,-1,-1,-1,9,1
20134100F0585,2,3,0,18,0,1,0,0,0,0,1,1,2,1,9,125,1,7,4,1
20134100F0586,1,9,0,18,0,4,0,0,0,0,3,1,3,2,7,1796,1,5,10,1
20134100F0586,2,1,0,18,0,8,0,0,0,0,1,1,6,2,6,-1,-1,-1,5,2
20134100F0588,1,9,0,18,0,8,0,0,0,0,1,1,6,2,8,1599,1,10,7,1
20134100F0590,1,9,0,9,0,6,0,0,0,0,1,1,2,2,4,998,1,1,6,1
20134100F0590,2,1,0,17,0,1,0,0,0,0,1,1,6,1,6,-1,-1,-1,10,1
20134100F0591,1,9,0,9,0,5,0,0,0,0,3,1,6,1,6,1199,1,11,9,1
20134100F0591,2,2,0,13,0,1,0,0,7,0,4,1,6,1,5,49,1,1,8,1
20134100F0592,1,9,0,18,0,1,1,0,0,0,1,1,6,1,4,-1,-1,-1,9,1
20134100F0592,2,9,0,9,0,6,1,0,0,0,3,1,6,1,5,1124,1,11,8,1
20134100F0596,1,9,0,18,0,1,0,0,0,0,1,1,6,2,9,1598,1,8,9,1
20134100F0596,2,9,0,3,0,1,0,0,0,0,2,1,6,1,10,1995,2,7,5,1
20134100F0598,1,9,0,3,0,1,0,0,0,0,2,1,6,1,5,1596,1,5,-1,-1
20134100F0598,2,9,0,4,0,1,0,0,0,0,1,1,1,1,6,1248,2,1,-1,-1
20134100F0598,3,9,0,3,0,1,0,0,0,0,1,1,6,2,6,1242,1,7,8,1
20134100F0598,4,9,0,2,0,1,0,0,0,0,2,2,6,1,-1,-1,-1,-1,-1,-1
20134100F0598,5,9,0,2,0,1,0,0,0,0,1,1,6,3,-1,2687,1,8,9,1
20134100F0598,6,9,0,4,0,1,0,0,0,0,0,1,1,1,7,1248,2,2,5,1
20134100F0598,7,9,0,4,0,1,0,0,0,0,0,1,1,1,7,1248,2,3,5,1
20134100F0608,1,9,0,13,0,0,1,0,7,0,1,1,6,1,8,1686,2,3,3,1
20134100F0608,2,9,0,18,0,0,1,0,0,0,1,1,6,2,8,1975,1,7,10,1
20134100F0608,3,11,0,18,0,0,0,0,0,0,0,1,1,3,-1,-1,-1,-1,-1,-1
20134100F0611,1,9,0,18,0,1,0,0,0,0,1,1,6,1,4,1124,1,3,10,1
20134100F0611,2,9,0,3,0,1,0,0,0,0,2,1,3,1,8,1560,2,7,9,1
20134100F0613,1,9,0,5,0,4,0,0,0,0,1,1,1,1,7,-1,-1,-1,5,1
20134100F0613,2,1,0,18,0,8,0,0,0,0,4,1,6,1,6,-1,-1,-1,3,1
20134100F0616,1,1,0,18,0,8,0,0,0,0,1,1,4,2,3,-1,-1,-1,7,1
20134100F0616,2,9,0,9,0,8,0,0,0,0,3,1,1,2,8,998,1,14,9,1
20134100F0623,1,9,0,18,0,0,0,0,0,0,1,1,6,1,5,1229,1,3,-1,-1
20134100F0623,2,9,0,4,0,0,0,0,0,0,2,1,6,2,5,1124,1,9,8,1
20134100F0626,1,9,0,2,0,2,0,0,0,0,2,1,6,1,8,2494,1,14,3,1
20134100F0626,2,9,0,18,0,2,1,0,0,0,1,1,6,2,8,-1,-1,-1,7,1
20134100F0627,1,9,0,18,0,0,0,0,0,0,4,1,6,1,8,-1,-1,-1,-1,-1
20134100F0632,1,9,0,1,0,8,0,0,0,0,2,1,6,1,10,1242,1,14,4,1
20134100F0638,1,9,0,18,0,1,0,4,0,0,1,1,6,1,6,1910,2,4,-1,-1
20134100F0638,2,9,0,2,0,1,0,0,0,0,2,1,6,2,6,1598,1,-1,9,1
20134100F0640,1,9,0,7,0,5,0,0,0,0,0,1,6,3,-1,-1,-1,-1,-1,-1
20134100F0640,2,5,0,4,0,1,0,0,0,0,2,1,2,1,9,-1,-1,-1,3,1
20134100F0640,3,9,0,4,0,1,0,0,0,0,1,1,2,1,6,1850,1,14,9,1
20134100F0641,1,9,0,18,0,0,0,0,0,0,1,1,6,1,5,-1,-1,-1,9,3
20134100F0641,2,9,0,3,0,0,0,0,0,0,2,1,6,2,5,1300,2,9,10,2
20134100F0643,1,9,0,17,0,0,0,0,0,0,1,1,6,2,6,1598,1,12,8,1
20134100F0646,1,8,0,9,0,6,0,0,0,0,4,1,1,1,6,2231,2,6,9,1
20134100F0646,2,9,0,18,0,1,1,0,0,0,1,1,2,1,7,-1,-1,-1,5,1
20134100F0647,1,11,0,4,7,0,0,0,0,0,1,1,1,1,-1,-1,-1,-1,4,1
20134100F0652,1,9,0,1,0,6,0,0,0,0,1,1,6,2,7,1598,1,8,8,2
20134100F0654,1,9,0,10,0,1,0,0,0,0,1,1,6,1,6,2143,2,4,-1,-1
20134100F0654,2,9,0,10,0,1,0,0,0,0,2,1,6,2,7,1596,1,2,-1,-1
20134100F0655,1,9,0,18,0,0,0,0,0,0,1,1,6,1,-1,-1,-1,-1,-1,-1
20134100F0655,2,1,0,18,0,0,0,0,0,0,2,1,6,1,-1,-1,-1,-1,10,1
20134100F0661,1,3,0,18,0,0,1,10,0,0,0,1,1,1,4,124,1,8,4,1
20134100F0662,1,9,0,18,0,0,0,0,1,3,1,1,2,2,4,1299,1,7,7,1
20134100F0664,1,9,0,7,0,6,0,0,0,0,3,1,6,2,11,1360,1,8,9,2
20134100F0664,2,9,0,16,0,2,0,0,0,0,1,1,6,2,5,-1,-1,-1,9,1
20134100F0674,1,9,0,18,0,1,5,10,3,2,1,1,6,1,10,2496,2,12,5,3
20134100F0677,1,9,0,9,0,5,0,0,0,0,1,1,3,1,10,1998,1,9,10,1
20134100F0677,2,1,0,3,0,1,0,0,0,0,1,1,6,2,8,-1,-1,-1,10,1
20134100F0681,1,9,0,18,0,0,0,0,0,0,1,1,6,2,8,1386,1,5,4,1
20134100F0681,2,9,0,18,0,0,0,0,1,0,1,1,6,1,9,2987,2,3,10,1
20134100F0691,1,9,0,5,0,4,0,0,0,0,1,1,6,1,10,1587,1,6,6,2
20134100F0691,2,3,0,9,0,8,0,0,0,0,1,1,6,1,5,-1,-1,-1,6,1
20134100F0696,1,3,0,4,0,8,0,0,0,0,0,1,6,2,6,-1,-1,-1,10,1
20134100F0697,1,9,0,5,0,6,0,0,0,0,1,1,6,2,-1,1390,1,11,5,1
20134100F0697,2,1,0,18,0,1,0,0,0,0,4,1,1,1,7,-1,-1,-1,7,1
20134100F0703,1,9,0,7,0,6,0,0,0,0,3,1,6,1,11,1997,2,8,9,1
20134100F0703,2,20,0,18,0,1,0,0,0,0,1,1,1,1,6,4249,2,5,-1,-1
20134100F0709,1,9,0,18,0,1,0,0,0,0,1,1,6,1,7,-1,-1,-1,-1,-1
20134100F0714,1,9,0,18,0,4,0,0,0,0,1,1,6,3,-1,-1,-1,-1,-1,-1
20134100F0714,2,1,0,18,0,8,0,0,0,0,4,1,1,2,8,-1,-1,-1,5,1
20134100F0715,1,9,0,9,0,8,0,0,0,0,3,1,6,2,8,1598,1,9,9,1
20134100F0715,2,9,0,18,0,8,0,0,0,0,1,1,2,1,5,2979,1,10,7,1
20134100F0721,1,9,0,18,0,0,0,0,0,0,1,1,6,1,10,2179,2,3,10,1
20134100F0721,2,19,0,2,0,0,0,0,0,0,0,1,6,3,-1,-1,-1,-1,-1,-1
20134100F0722,1,1,0,4,0,0,1,0,0,0,1,1,6,1,4,-1,-1,-1,-1,-1
20134100F0722,2,9,0,3,0,0,0,0,0,0,2,1,6,2,8,1461,2,3,9,1
20134100F0725,1,11,0,18,0,1,0,0,0,0,1,1,1,1,-1,-1,-1,-1,-1,-1
20134100F0725,2,8,0,4,0,1,0,0,0,0,2,1,6,2,4,-1,-1,-1,8,1
20134100F0727,1,3,0,9,0,2,1,0,0,0,3,1,2,1,4,124,1,1,6,2
20134100F0729,1,9,0,2,0,0,0,0,0,0,3,1,6,1,7,1896,2,4,9,1
20134100F0729,2,1,0,18,0,0,0,8,0,0,1,1,6,1,4,-1,-1,-1,9,1
20134100F0741,1,19,0,18,0,8,0,0,0,0,3,1,1,1,8,2299,2,1,4,1
20134100F0741,2,9,0,18,0,8,0,0,0,0,4,1,6,1,5,1364,1,8,4,1
20134100F0744,1,9,0,18,0,8,0,0,0,0,1,1,6,2,7,998,1,1,8,1
20134100F0746,1,9,0,5,0,2,0,0,0,0,4,1,2,2,9,1497,1,11,5,1
20134100F0747,1,9,0,9,0,8,0,0,0,0,1,1,6,2,7,1984,1,5,-1,-1
20134100F0747,2,9,0,18,0,1,0,0,0,0,1,1,6,1,6,1596,1,12,4,1
20134100F0754,1,9,0,17,0,0,0,10,7,3,4,1,6,1,4,1124,1,9,9,2
20134100F0754,2,9,0,18,0,0,0,0,0,0,4,1,6,2,7,-1,-1,-1,10,1
20134100F0758,1,9,0,9,0,8,0,0,0,0,1,1,6,1,6,998,1,14,3,1
20134100F0758,2,1,0,18,0,1,0,0,0,0,1,1,2,1,4,-1,-1,-1,4,1
20134100F0760,1,1,0,18,0,8,0,0,0,0,4,1,2,1,8,-1,-1,-1,7,1
20134100F0760,2,9,0,18,0,4,0,0,0,0,1,1,2,2,9,1587,1,6,7,1
20134100F0761,1,9,0,18,0,1,0,0,0,0,3,1,3,2,-1,3311,8,7,10,1
20134100F0767,1,1,0,18,0,2,0,0,0,0,1,1,6,1,4,-1,-1,-1,-1,-1
20134100F0767,2,9,0,3,0,2,0,0,0,0,2,1,2,2,6,-1,-1,-1,10,1
20134100F0768,1,9,0,5,0,0,0,0,0,0,1,1,6,1,10,-1,-1,-1,10,1
20134100F0769,1,9,0,5,0,4,0,0,0,0,3,1,6,1,8,-1,-1,-1,9,1
20134100F0769,2,3,0,18,0,8,0,0,0,0,1,1,6,1,6,124,1,7,9,1
20134100F0772,1,9,0,7,0,2,0,0,0,0,1,1,1,2,5,1390,1,9,9,2
20134100F0772,2,9,0,4,0,2,0,0,0,0,2,1,6,1,6,1591,1,-1,9,2
20134100F0773,1,9,0,18,0,3,0,0,2,10,1,1,6,2,7,1689,2,14,10,1
20134100F0775,1,9,0,9,0,5,0,0,0,0,1,1,2,1,8,2660,2,17,4,1
20134100F0775,2,9,0,18,0,1,0,0,0,0,1,1,2,1,5,1591,1,2,7,1
20134100F0778,1,9,0,9,0,8,0,0,0,0,3,1,6,1,9,1896,2,9,10,1
20134100F0778,2,1,0,18,0,8,0,0,0,0,1,1,6,1,7,-1,-1,-1,4,1
20134100F0779,1,9,0,18,0,0,1,0,0,0,4,1,6,1,8,1248,2,-1,7,1
20134100F0779,2,9,0,18,0,0,0,0,0,0,1,1,1,2,7,1749,1,12,5,1
20134100F0782,1,9,0,5,0,0,0,0,0,0,1,1,6,1,11,1850,1,14,10,1
20134100F0783,1,8,0,5,0,4,0,0,0,0,3,1,1,1,9,-1,-1,-1,8,1
20134100F0783,2,9,0,18,0,8,0,0,0,0,1,1,2,1,8,1781,1,12,3,1
20134100F0785,1,9,0,18,0,0,5,0,1,9,1,1,1,1,6,1998,1,6,9,1
20134100F0785,2,9,0,4,0,0,0,0,0,0,2,1,1,1,7,1956,2,1,5,1
20134100F0789,1,9,0,4,0,0,0,0,0,0,2,1,6,1,7,-1,-1,-1,5,1
20134100F0789,2,9,0,4,0,0,0,0,0,0,2,1,1,1,9,1870,2,10,8,1
20134100F0789,3,9,0,18,0,0,0,0,0,0,1,1,6,1,4,-1,-1,-1,9,3
20134100F0795,1,9,0,9,0,6,0,0,0,0,1,1,6,1,4,1590,1,10,6,2
20134100F0799,1,9,0,9,0,3,0,0,0,0,1,1,6,2,-1,-1,-1,-1,-1,-1
20134100F0799,2,1,0,18,0,4,0,0,0,0,4,1,6,2,6,-1,-1,-1,4,1
20134100F0800,1,3,0,18,0,0,1,7,0,0,1,1,2,1,5,124,1,1,10,1
20134100F0800,2,9,0,18,0,0,0,0,0,0,1,1,2,2,8,1242,1,4,7,1
20134100F0802,1,9,0,18,0,0,0,10,7,0,4,1,6,1,-1,-1,-1,-1,-1,-1
20134100F0804,1,9,0,9,0,8,0,0,0,0,3,1,2,2,9,1149,1,4,10,1
20134100F0804,2,1,0,18,0,1,0,0,0,0,1,1,2,1,8,-1,-1,-1,9,1
20134100F0806,1,9,0,5,0,4,0,0,0,0,3,1,2,2,6,1796,1,7,-1,-1
20134100F0806,2,1,0,18,0,8,1,0,0,0,1,1,2,1,9,-1,-1,-1,10,1
20134100F0808,1,9,0,18,0,0,2,0,7,0,4,1,6,2,5,1242,1,-1,8,1
20134100F0808,2,9,0,4,0,0,0,0,0,0,0,1,6,3,-1,-1,-1,-1,-1,-1
20134100F0809,1,9,0,9,0,8,0,0,0,0,1,1,6,2,5,1339,1,11,4,1
20134100F0810,1,9,0,9,0,8,0,0,0,0,4,1,6,1,9,2597,1,12,10,1
20134100F0810,2,9,0,18,0,1,0,0,0,0,1,1,2,1,7,2200,1,13,9,1
20134100F0810,3,9,0,8,0,1,0,0,0,0,3,1,6,1,8,-1,-1,-1,8,1
20134100F0812,1,1,0,18,0,0,0,0,1,0,1,1,6,1,7,-1,-1,-1,10,1
20134100F0812,2,9,0,18,0,0,0,0,0,0,1,1,6,1,7,1598,1,5,10,1
20134100F0813,1,9,0,4,0,0,0,0,0,0,1,1,1,1,6,-1,-1,-1,7,1
20134100F0813,2,9,0,4,0,0,0,0,0,0,2,1,1,1,8,1598,1,-1,-1,-1
20134100F0814,1,9,0,14,0,0,0,4,0,0,1,1,6,2,5,998,1,16,8,1
20134100F0814,2,8,0,2,0,0,0,0,0,0,2,1,1,1,10,1896,2,8,10,1
20134100F0816,1,9,0,18,0,1,0,0,0,0,1,1,6,1,11,1597,1,15,10,1
20134100F0816,2,19,0,3,0,2,0,0,0,0,2,1,1,1,8,2464,2,4,4,1
20134100F0823,1,5,0,17,0,0,1,0,0,0,3,1,6,1,9,1100,1,6,6,3
20134100F0823,2,9,0,18,0,0,0,0,0,0,0,1,6,3,-1,-1,-1,-1,-1,-1
20134100F0825,1,9,0,17,0,8,0,0,0,0,1,1,6,2,5,2149,2,6,10,1
20134100F0825,2,9,0,16,0,8,0,0,0,0,1,1,6,2,4,1229,1,3,9,1
20134100F0832,1,9,0,18,0,0,0,0,0,0,1,1,6,2,10,-1,-1,-1,-1,-1
20134100F0838,1,9,0,4,0,8,0,0,0,0,1,1,6,2,7,1598,1,7,7,1
20134100F0838,2,9,0,3,0,8,0,0,0,0,2,1,6,2,6,1596,1,2,5,2
20134100F0839,1,9,0,9,0,6,0,0,0,0,1,1,6,2,6,1390,1,6,10,1
20134100F0839,2,2,0,14,0,1,0,0,0,0,4,1,4,1,4,49,1,10,4,1
20134100F0841,1,9,0,18,0,0,2,0,6,0,1,1,6,2,4,-1,-1,-1,9,1
20134100F0841,2,9,0,18,0,0,0,0,0,0,1,1,2,1,6,1975,1,8,3,1
20134100F0844,1,19,0,4,0,1,0,0,0,0,1,1,6,1,7,2143,2,1,10,1
20134100F0844,2,9,0,3,0,1,0,0,0,0,2,1,6,2,6,-1,-1,-1,9,1
20134100F0845,1,9,0,18,0,1,0,0,0,0,1,1,6,2,4,1242,1,7,7,1
20134100F0845,2,9,0,9,0,6,0,0,0,0,3,1,6,1,6,1896,2,12,4,1
20134100F0848,1,9,0,18,0,1,0,0,0,0,1,1,6,1,11,-1,-1,-1,6,1
20134100F0848,2,9,0,4,0,1,0,0,0,0,2,1,6,1,7,-1,-1,-1,1,1
20134100F0850,1,9,0,18,0,4,0,0,0,0,1,1,1,1,6,-1,-1,-1,10,1
20134100F0850,2,1,0,18,0,8,0,0,0,0,4,1,6,1,9,-1,-1,-1,5,1
20134100F0852,1,9,0,18,0,0,0,0,0,0,1,1,3,1,6,1796,1,14,7,2
20134100F0856,1,9,0,18,0,0,0,0,0,0,1,1,2,1,5,1198,1,9,9,1
20134100F0856,2,1,0,18,0,0,0,0,1,10,2,1,2,1,7,-1,-1,-1,4,1
20134100F0861,1,9,0,17,0,0,1,0,1,10,3,1,1,1,8,1769,1,11,5,1
20134100F0863,1,5,0,4,0,1,1,0,0,0,1,1,2,1,8,1255,1,4,6,1
20134100F0863,2,9,0,4,0,1,0,0,0,0,2,1,6,2,8,1587,1,8,9,1
20134100F0865,1,20,0,9,0,5,0,0,0,0,1,1,1,1,8,-1,-1,-1,5,1
20134100F0866,1,9,0,18,0,8,0,0,0,0,4,1,6,1,8,1968,2,3,10,1
20134100F0866,2,9,0,18,0,6,0,0,0,0,1,1,6,3,-1,1398,1,13,-1,-1
20134100F0869,1,1,0,18,0,0,1,0,0,0,0,1,6,2,9,-1,-1,-1,10,1
20134100F0871,1,9,0,9,0,5,0,0,0,0,3,1,6,2,8,998,1,-1,10,1
20134100F0871,2,9,0,18,0,1,0,0,0,0,1,1,6,1,5,1124,1,10,10,2
20134100F0872,1,9,0,17,0,0,1,0,2,4,3,1,2,1,4,1388,1,7,9,1
20134100F0874,1,9,0,18,0,1,0,0,0,0,1,1,6,1,5,-1,-1,-1,-1,-1
20134100F0874,2,9,0,3,0,1,0,0,0,0,2,1,6,1,4,1242,1,13,5,3
20134100F0879,1,9,0,18,0,1,0,0,0,0,1,1,1,1,9,2143,2,1,10,3
20134100F0879,2,9,0,3,0,1,0,0,0,0,2,1,6,1,6,799,2,1,7,1
20134100G0007,1,9,0,7,0,8,0,0,0,0,3,1,1,1,9,2402,2,4,9,3
20134100G0007,2,1,0,18,0,8,0,0,0,0,1,1,6,1,10,-1,-1,-1,5,1
20134100G0012,1,9,0,18,0,4,0,0,0,0,1,1,6,2,8,1388,1,7,8,1
20134100G0012,2,19,0,18,0,8,0,0,0,0,4,1,2,1,6,1686,2,9,9,3
20134100G0014,1,9,0,7,0,0,1,0,0,0,4,1,2,1,9,1998,1,17,9,1
20134100G0014,2,9,0,18,0,0,0,0,0,0,1,1,2,2,7,1598,1,5,6,1
20134100G0016,1,3,0,18,0,0,1,0,1,2,1,1,6,1,5,124,1,13,5,1
20134100G0017,1,9,0,16,0,0,1,0,1,4,1,1,6,1,6,-1,-1,-1,8,1
20134100G0021,1,9,0,18,0,1,0,0,0,0,1,1,6,1,-1,3199,1,13,10,1
20134100G0021,2,9,0,3,0,1,0,0,0,0,2,1,2,1,6,1800,1,13,5,1
20134100G0022,1,9,0,18,0,5,0,0,0,0,1,1,6,2,9,1296,1,5,9,1
20134100G0022,2,17,4,18,0,6,0,0,0,0,1,1,1,1,9,-1,2,6,8,3
20134100G0023,1,1,0,18,0,8,0,0,0,0,2,1,2,2,7,-1,-1,-1,10,1
20134100G0023,2,9,0,7,0,1,0,0,0,0,1,1,1,1,10,1800,1,9,10,1
20134100G0024,1,9,0,18,0,0,0,0,0,0,1,1,6,2,9,1199,1,9,10,2
20134100G0037,1,9,0,16,0,0,1,0,0,0,1,1,2,2,6,1596,1,12,5,1
20134100G0037,2,9,0,4,0,0,1,4,0,0,1,1,6,2,7,3200,2,4,8,3
20134100G0037,3,9,0,4,0,0,1,0,0,0,3,1,3,2,6,1386,1,4,8,1
20134100G0037,4,1,0,2,0,0,0,0,0,0,3,1,2,1,7,-1,-1,-1,10,1
20134100G0039,1,9,0,4,0,0,0,0,0,0,1,1,6,1,6,-1,-1,-1,6,1
20134100G0039,2,19,0,4,0,0,1,0,0,0,1,1,6,1,6,2402,2,10,3,1
20134100G0041,1,9,0,9,0,8,0,0,0,0,1,1,1,1,6,-1,-1,-1,8,1
20134100G0041,2,9,0,18,0,8,0,0,0,0,3,1,6,1,6,2290,1,12,8,1
20134100G0044,1,1,0,18,0,1,0,0,0,0,3,1,1,1,6,-1,-1,-1,4,1
20134100G0044,2,9,0,9,0,8,0,0,0,0,1,1,6,3,-1,-1,-1,-1,-1,-1
20134100G0049,1,9,0,7,0,6,0,0,0,0,4,1,2,2,8,1390,1,8,10,1
20134100G0051,1,9,0,18,0,2,0,0,0,0,3,1,6,1,8,2982,2,5,10,2
20134100G0057,1,9,0,7,0,8,0,0,0,0,1,1,6,1,10,1390,1,7,8,1
20134100G0070,1,19,0,18,0,0,0,4,0,0,1,1,6,1,6,1686,2,11,5,1
20134100G0070,2,9,0,2,0,0,0,0,0,0,2,1,6,3,-1,996,1,1,-1,-1
20134100G0071,1,17,4,16,0,1,5,0,0,0,3,1,1,1,6,8419,2,2,8,3
20134100G0071,2,9,0,18,0,1,0,10,1,10,4,1,2,1,10,1796,1,8,10,2
20134100G0074,1,9,0,18,0,0,0,0,0,0,1,1,6,1,4,1598,1,11,10,1
20134100G0076,1,9,0,17,0,0,0,0,0,0,0,1,6,3,-1,-1,-1,-1,-1,-1
20134100G0076,2,9,0,16,0,0,0,0,1,4,1,1,2,1,7,1598,1,2,6,3
20134100G0077,1,9,0,18,0,4,0,0,0,0,1,1,6,1,8,1598,1,12,9,1
20134100G0077,2,1,0,18,0,8,0,0,0,0,4,1,6,1,6,-1,-1,-1,10,1
20134100G0079,1,9,0,18,0,0,1,10,1,10,1,1,6,1,5,1598,1,14,7,1