Accident_Index,Vehicle_Reference,Vehicle_Type,Towing_and_Articulation,Vehicle_Manoeuvre,Vehicle_Location-Restricted_Lane,Junction_Location,Skidding_and_Overturning,Hit_Object_in_Carriageway,Vehicle_Leaving_Carriageway,Hit_Object_off_Carriageway,1st_Point_of_Impact,Was_Vehicle_Left_Hand_Drive?,Journey_Purpose_of_Driver,Sex_of_Driver,Age_Band_of_Driver,Engine_Capacity_(CC),Propulsion_Code,Age_of_Vehicle,Driver_IMD_Decile,Driver_Home_Area_Type
20134100G0084,1,9,0,16,0,0,2,0,8,6,3,1,6,1,5,-1,-1,-1,3,1
20134100G0088,1,9,0,18,0,0,0,0,7,10,1,1,6,2,6,1242,1,12,6,3
20134100G0095,1,9,0,18,0,4,0,0,0,0,1,1,1,1,8,1332,1,14,9,2
20134100G0095,2,1,0,18,0,8,0,0,0,0,2,1,6,1,6,-1,-1,-1,10,1
20134100G0096,1,9,0,5,0,4,0,0,0,0,2,1,6,1,6,-1,-1,-1,2,1
20134100G0096,2,1,0,18,0,8,0,0,0,0,1,1,6,1,6,-1,-1,-1,5,1
20134100G0097,1,9,0,5,0,0,0,0,0,0,2,1,6,2,6,1390,1,12,2,1
20134100G0097,2,3,0,18,0,0,0,0,0,0,1,1,6,1,5,-1,-1,-1,2,1
20134100G0099,1,9,0,18,0,3,0,0,2,2,3,1,6,1,5,1796,1,11,7,1
20134100G0107,1,1,0,18,0,1,0,0,0,0,4,1,2,2,8,-1,-1,-1,6,1
20134100G0107,2,9,0,7,0,1,0,0,0,0,1,1,6,1,7,1364,1,7,5,2
20134100G0110,1,9,0,18,0,6,0,0,0,0,3,1,6,1,5,1999,1,8,7,1
20134100G0110,2,9,0,18,0,8,0,0,0,0,1,1,6,2,7,1995,2,11,-1,-1
20134100G0113,1,9,0,18,0,1,5,0,7,0,4,1,6,1,6,1596,1,1,5,1
20134100G0113,2,9,0,18,0,8,1,0,1,0,3,1,6,1,10,-1,-1,-1,9,1
20134100G0113,3,9,0,4,0,1,0,0,0,0,3,1,6,2,6,1199,1,12,3,1
20134100G0115,1,9,0,9,0,5,0,0,0,0,1,1,2,1,8,1587,1,11,3,1
20134100G0115,2,9,0,18,0,8,0,0,0,0,1,1,2,1,9,1229,1,1,8,1
20134100G0122,1,19,0,9,0,6,0,0,0,0,4,1,1,1,8,1968,2,1,2,1
20134100G0122,2,9,0,18,0,8,0,0,0,0,1,1,6,2,5,1596,1,12,5,1
20134100G0123,1,9,0,5,0,6,0,0,0,0,3,1,6,2,8,-1,-1,-1,7,3
20134100G0123,2,9,0,18,0,8,0,0,0,0,1,1,6,1,7,-1,-1,-1,6,1
20134100G0126,1,9,0,18,0,0,0,0,1,0,0,1,1,2,5,1364,1,9,9,3
20134100G0127,1,9,0,16,0,0,0,0,1,0,3,1,1,2,6,1360,1,6,10,1
20134100G0127,2,20,0,17,0,0,0,0,0,0,3,1,1,1,9,4250,2,2,-1,-1
20134100G0127,3,9,0,2,0,0,0,0,0,0,0,1,6,3,6,1390,1,8,10,3
20134100G0132,1,9,0,18,0,0,0,0,0,7,1,1,6,1,8,1596,1,10,8,1
20134100G0133,1,9,0,18,0,0,0,0,7,4,1,1,6,1,5,1896,1,15,4,1
20134100G0133,2,9,0,18,0,0,0,0,0,0,0,1,1,1,6,2400,2,2,2,1
20134100G0141,1,9,0,18,0,0,1,10,8,0,1,1,6,1,5,-1,-1,-1,-1,-1
20134100G0145,1,9,0,11,0,0,0,0,0,0,4,1,6,2,9,1497,1,17,10,1
20134100G0145,2,2,0,18,0,0,0,0,0,0,3,1,6,1,4,50,1,1,8,1
20134100G0146,1,9,0,16,0,0,1,0,0,0,1,1,1,2,4,1299,1,12,5,1
20134100G0146,2,19,0,17,0,0,0,0,0,0,1,1,1,1,9,2402,2,11,2,1
20134100G0151,1,9,0,4,0,0,0,0,0,0,1,1,6,2,6,1339,1,4,9,1
20134100G0157,1,9,0,16,0,0,1,0,1,10,3,1,6,2,5,1299,1,10,10,3
20134100G0157,2,11,0,17,0,0,0,0,0,0,3,1,1,1,6,9600,2,16,4,1
20134100G0158,1,1,0,18,0,2,0,0,0,0,4,1,4,1,3,-1,-1,-1,6,1
20134100G0158,2,9,0,18,0,2,0,0,0,0,1,1,2,2,4,-1,-1,-1,-1,-1
20134100G0160,1,9,0,18,0,0,0,0,0,0,1,1,2,2,6,1796,1,13,-1,-1
20134100G0167,1,9,0,18,0,8,5,10,3,1,1,1,6,1,6,2498,1,13,-1,-1
20134100G0169,1,9,0,18,0,0,5,0,1,4,1,1,6,1,6,1995,2,5,4,1
20134100G0170,1,19,0,18,0,0,2,0,1,10,1,1,1,1,9,2800,2,7,4,1
20134100G0171,1,9,0,18,0,1,0,0,7,0,1,1,2,1,6,-1,-1,-1,10,3
20134100G0171,2,9,0,9,0,8,0,0,0,0,3,1,2,1,9,-1,-1,-1,9,3
20134100G0173,1,2,0,18,0,0,0,0,0,0,3,1,6,1,4,49,1,2,6,1
20134100G0176,1,9,0,17,0,0,0,10,2,4,1,1,2,1,8,-1,-1,-1,10,1
20134100G0177,1,9,0,4,0,6,0,0,4,2,3,1,6,1,6,1988,1,12,8,1
20134100G0177,2,9,0,18,0,1,2,0,0,0,1,1,6,1,7,2150,1,17,7,1
20134100G0177,3,9,0,4,0,1,0,0,4,0,2,1,6,2,6,1364,1,4,10,1
20134100G0177,4,9,0,4,0,1,0,0,4,0,1,1,6,2,6,1560,2,1,6,1
20134100G0179,1,9,0,12,0,8,1,0,7,0,1,1,6,3,-1,-1,-1,-1,-1,-1
20134100G0179,2,9,0,18,0,8,0,0,1,0,1,1,6,1,9,1598,1,8,6,1
20134100G0180,1,5,0,18,0,8,1,10,2,1,3,1,6,1,4,-1,-1,-1,3,1
20134100G0180,2,17,4,9,0,5,0,0,0,0,0,1,1,1,8,-1,-1,-1,6,3
20134100G0192,1,9,0,1,9,6,0,0,0,0,2,1,4,2,7,1995,2,2,9,1
20134100G0193,1,4,0,18,0,1,1,0,0,0,4,1,6,1,10,781,1,15,3,1
20134100G0193,2,21,1,9,0,1,0,0,0,0,4,1,1,1,7,12900,2,5,-1,-1
20134100G0194,1,9,0,9,0,1,0,0,0,0,1,1,1,2,7,1242,1,7,10,1
20134100G0194,2,9,0,18,0,1,0,0,0,0,1,1,1,1,8,1242,1,9,2,1
20134100G0196,1,9,0,9,0,1,0,0,0,0,1,1,2,2,8,1364,1,4,8,1
20134100G0196,2,19,0,18,0,1,0,0,0,0,1,1,2,1,8,1560,2,4,8,1
20134100G0198,1,9,0,18,0,8,0,0,0,0,3,1,6,1,6,-1,-1,-1,8,1
20134100G0198,2,9,0,18,0,8,0,0,0,0,1,1,6,1,7,1598,1,2,9,1
20134100G0200,1,9,0,5,0,1,0,0,0,0,0,1,6,3,-1,-1,-1,-1,-1,-1
20134100G0201,1,9,0,5,0,4,0,0,0,0,4,1,6,1,7,1199,1,13,6,1
20134100G0201,2,19,0,5,0,4,0,0,0,0,1,1,6,1,7,1868,2,8,9,1
20134100G0202,1,9,0,16,0,0,2,10,0,0,4,1,6,1,4,-1,-1,-1,6,1
20134100G0203,1,9,0,18,0,1,0,0,0,0,1,1,6,1,10,1998,1,15,5,1
20134100G0203,2,9,0,10,0,1,0,0,0,0,2,1,1,2,6,1582,2,2,9,3
20134100G0210,1,90,0,9,0,2,0,0,0,0,1,1,6,1,11,-1,-1,-1,-1,-1
20134100G0210,2,9,0,18,0,1,0,0,0,0,3,1,6,1,10,1360,1,10,8,1
20134100G0210,3,9,0,18,0,2,0,0,0,0,0,1,6,1,9,2496,1,11,-1,-1
20134100G0212,1,9,0,7,0,2,0,0,0,0,1,1,6,2,7,1984,1,13,10,1
20134100G0212,2,9,0,7,0,2,0,0,0,0,2,1,6,1,7,1896,2,8,2,1
20134100G0213,1,9,0,3,0,2,0,0,0,0,1,1,6,1,5,1796,1,8,8,1
20134100G0213,2,9,0,1,0,2,0,0,0,0,2,1,6,1,8,2401,2,10,-1,-1
20134100G0216,1,9,0,7,0,6,0,0,1,0,1,1,6,2,6,1995,1,9,9,2
20134100G0216,2,19,0,18,0,1,0,0,0,0,4,1,1,1,8,1870,2,8,9,1
20134100G0217,1,9,0,7,0,6,0,0,0,0,3,1,6,2,6,2000,2,6,10,1
20134100G0217,2,9,0,18,0,8,1,0,1,0,1,1,6,1,5,1896,2,10,10,1
20134100G0219,1,9,0,18,0,0,0,0,0,0,1,1,1,1,8,1299,1,9,4,1
20134100G0219,2,9,0,18,0,0,0,0,0,0,1,1,6,2,5,1299,1,6,8,2
20134100G0227,1,3,0,16,0,0,1,0,0,0,1,1,6,1,9,-1,-1,-1,5,1
20134100G0227,2,9,0,17,0,0,0,0,0,0,1,1,6,1,10,1591,1,1,8,1
20134100G0228,1,9,0,14,0,8,0,0,1,1,1,1,6,2,9,-1,-1,-1,10,1
20134100G0228,2,19,0,9,8,6,0,0,0,0,2,1,1,1,5,1753,2,10,10,1
20134100G0231,1,9,0,18,0,2,0,0,0,0,1,1,3,2,8,1796,1,2,10,1
20134100G0236,1,9,0,17,0,1,1,0,0,0,1,1,6,1,5,1587,1,13,4,1
20134100G0236,2,9,0,3,0,1,0,0,0,0,2,1,6,2,9,2497,1,6,4,1
20134100G0238,1,9,0,18,0,8,0,0,0,0,1,1,6,1,9,1995,2,4,-1,-1
20134100G0238,2,9,0,3,0,8,0,0,0,0,2,1,6,2,7,1997,2,8,4,1
20134100G0242,1,8,0,7,0,5,0,0,0,0,4,1,6,1,7,1910,2,5,2,1
20134100G0245,1,9,0,16,0,0,2,0,2,10,1,1,2,1,5,1796,1,10,8,1
20134100G0247,1,9,0,18,0,0,0,0,0,0,3,1,1,1,6,1956,2,2,8,2
20134100G0247,2,1,0,18,0,0,0,0,0,0,3,1,6,1,4,-1,-1,-1,10,2
20134100G0253,1,9,0,5,9,8,0,0,0,0,3,1,6,1,5,2347,1,-1,-1,-1
20134100G0258,1,9,0,18,0,0,5,0,7,4,1,1,6,2,8,-1,-1,-1,8,1
20134100G0259,1,9,0,3,0,0,0,0,0,0,2,1,2,1,7,1796,1,13,4,1
20134100G0259,2,9,0,3,0,0,0,0,0,0,2,1,2,1,7,-1,-1,-1,6,1
20134100G0259,3,9,0,4,0,0,0,0,0,0,1,1,2,1,9,2496,2,10,10,1
20134100G0261,1,9,0,18,0,8,0,0,0,0,1,1,1,2,4,1229,1,6,7,3
20134100G0261,2,1,0,18,0,8,0,0,0,0,4,1,6,1,8,-1,-1,-1,2,1
20134100G0268,1,9,0,3,0,1,0,0,0,0,2,1,6,2,6,1590,1,12,8,3
20134100G0268,2,9,0,18,0,1,0,0,0,0,1,1,6,3,-1,-1,-1,-1,-1,-1
20134100G0271,1,9,0,15,0,0,0,4,0,0,1,1,6,1,4,-1,-1,-1,10,1
20134100G0271,2,9,0,3,0,0,0,0,0,0,1,1,6,1,9,1753,2,6,10,1
20134100G0271,3,9,0,3,0,0,0,0,0,0,3,1,6,2,5,1598,1,5,10,1
20134100G0271,4,9,0,2,0,0,0,0,0,0,1,1,6,2,5,1598,1,7,10,1
20134100G0272,1,5,0,18,0,0,1,0,1,0,1,1,6,1,5,1137,1,15,8,1
20134100G0272,2,9,0,18,0,0,0,0,1,0,3,1,6,2,5,1686,2,10,5,1
20134100G0272,3,9,0,2,0,0,0,0,0,0,0,1,6,2,8,2231,2,6,9,1
20134100G0275,1,2,0,17,0,0,1,0,1,0,1,1,1,1,5,-1,-1,-1,10,3
20134100G0276,1,9,0,18,0,1,0,0,0,0,1,1,6,1,4,998,1,10,-1,-1
20134100G0276,2,9,0,3,0,1,0,0,0,0,2,1,6,1,5,-1,-1,-1,10,2
20134100G0279,1,9,0,17,0,0,1,0,0,0,1,1,2,2,5,2295,1,12,10,1
20134100G0287,1,9,0,18,0,1,0,0,0,0,4,1,6,2,8,-1,-1,-1,6,1
20134100G0288,1,19,0,12,0,1,0,0,0,0,2,1,1,1,9,2148,2,6,5,1
20134100G0288,2,9,0,18,0,1,0,0,0,0,1,1,6,1,8,1560,2,1,4,1
20134100G0289,1,9,0,18,0,8,0,0,0,0,1,1,2,2,6,1497,8,6,10,1
20134100G0289,2,1,0,18,0,8,0,0,0,0,4,1,2,1,9,-1,-1,-1,10,1
20134100G0294,1,9,0,18,0,6,0,0,0,0,4,1,6,1,-1,1391,1,11,8,2
20134100G0294,2,9,0,17,0,8,0,0,0,0,3,1,6,2,10,1896,2,7,10,1
20134100G0298,1,9,0,16,0,2,1,0,0,4,1,1,6,2,8,2148,2,5,7,3
20134100G0298,2,9,0,17,0,1,0,0,0,0,1,1,6,1,9,-1,-1,-1,10,3
20134100G0298,3,9,0,17,0,1,0,0,0,0,1,1,6,2,5,998,1,3,8,1
20134100G0300,1,9,0,1,0,0,0,0,0,0,2,1,1,2,8,1560,2,4,-1,-1
20134100G0301,1,19,0,5,0,8,0,0,0,0,3,1,2,1,7,1995,2,5,-1,-1
20134100G0301,2,9,0,4,0,1,1,0,0,0,1,1,2,1,8,1997,2,13,4,1
20134100G0316,1,9,0,7,0,1,0,0,0,0,4,1,6,1,5,1781,1,11,8,1
20134100G0316,2,1,0,18,0,1,0,0,0,0,1,1,6,1,8,-1,-1,-1,10,1
20134100G0317,1,9,0,18,0,1,0,0,0,0,1,1,2,2,6,1198,1,2,10,1
20134100G0321,1,9,0,16,0,1,0,10,7,1,1,1,6,1,5,1198,1,9,6,1
20134100G0322,1,9,0,18,0,8,0,0,0,0,1,1,6,1,8,-1,-1,-1,6,1
20134100G0324,1,9,0,4,0,2,0,0,0,0,1,1,6,1,6,1984,1,6,2,1
20134100G0324,2,9,0,3,0,2,0,0,0,0,1,1,6,1,8,1598,2,2,10,1
20134100G0324,3,1,0,18,0,2,0,0,0,0,1,1,6,1,5,-1,-1,-1,10,1
20134100G0327,1,9,0,5,0,4,0,0,0,0,0,1,2,2,6,1299,1,11,4,1
20134100G0327,2,1,0,5,0,4,0,0,0,0,0,1,6,1,8,-1,-1,-1,8,1
20134100G0329,1,9,0,9,0,8,0,0,0,0,3,1,6,1,4,1199,1,11,9,2
20134100G0329,2,9,0,18,0,8,0,0,0,0,1,1,2,2,7,1896,2,9,10,1
20134100G0330,1,5,0,11,0,8,0,0,0,0,1,1,6,1,10,998,1,9,5,1
20134100G0330,2,9,0,18,0,8,0,0,0,0,3,1,2,1,7,2967,2,3,8,1
20134100G0331,1,9,0,16,0,0,1,0,4,6,1,1,6,2,5,-1,-1,-1,8,2
20134100G0341,1,9,0,18,0,0,0,0,0,0,1,1,6,1,8,998,1,11,5,1
20134100G0341,2,9,0,18,0,0,0,0,0,0,3,1,6,1,8,1296,2,9,6,1
20134100G0341,3,9,0,18,0,0,0,0,0,0,1,1,6,2,6,998,1,13,10,1
20134100G0347,1,9,0,1,0,1,0,0,0,0,2,1,6,1,9,1998,1,9,9,1
20134100G0348,1,9,0,6,0,0,0,0,0,0,3,1,6,1,4,1229,1,7,9,1
20134100G0348,2,3,0,18,0,0,1,0,0,0,1,1,6,1,6,124,1,9,5,1
20134100G0349,1,19,0,18,0,1,0,0,0,0,1,1,1,1,-1,2198,2,1,-1,-1
20134100G0349,2,9,0,3,0,1,0,0,0,0,2,1,2,1,7,1781,1,11,6,1
20134100G0355,1,19,0,18,0,0,0,0,0,0,1,1,1,1,6,2798,2,9,5,1
20134100G0355,2,9,0,18,0,0,0,0,7,0,1,1,6,1,4,1587,1,7,9,1
20134100G0361,1,9,0,2,0,0,0,0,0,0,3,1,6,2,7,1461,2,2,10,3
20134100G0361,2,1,0,18,0,0,0,0,0,0,3,1,6,1,6,-1,-1,-1,9,3
20134100G0368,1,9,0,18,0,1,0,0,0,0,1,1,6,2,7,1248,1,1,6,1
20134100G0368,2,9,0,4,0,1,0,0,0,0,2,1,6,1,7,1598,1,10,8,1
20134100G0374,1,9,0,18,0,0,0,0,0,0,4,1,1,1,6,-1,-1,-1,10,1
20134100G0375,1,9,0,16,0,0,0,0,0,0,4,1,6,3,-1,-1,-1,-1,-1,-1
20134100G0375,2,1,0,16,0,0,0,10,0,0,3,1,6,1,6,-1,-1,-1,5,1
20134100G0384,1,9,0,18,0,0,5,0,0,0,1,1,6,1,5,1781,1,10,7,2
20134100G0384,2,9,0,18,0,0,0,0,0,0,1,1,6,1,6,1995,2,8,8,1
20134100G0385,1,9,0,14,0,0,0,0,0,0,3,1,6,2,6,-1,-1,-1,10,2
20134100G0385,2,1,0,18,0,0,0,0,0,0,3,1,6,2,8,-1,-1,-1,10,2
20134100G0387,1,2,0,17,0,2,0,0,1,10,1,1,6,1,4,123,1,19,3,1
20134100G0388,1,9,0,5,0,0,0,0,0,0,2,1,6,1,11,1124,1,17,9,3
20134100G0388,2,11,0,18,0,0,1,0,0,0,1,1,1,1,9,-1,-1,-1,10,1
20134100G0389,1,9,0,14,0,1,0,4,0,0,1,1,6,1,11,1198,1,1,10,1
20134100G0389,2,9,0,2,0,1,0,0,0,0,2,1,6,2,6,1198,1,9,7,1
20134100G0391,1,9,0,5,0,0,0,0,0,0,3,1,6,1,8,1896,2,10,10,3
20134100G0391,2,1,0,16,0,0,0,0,1,4,3,1,6,1,8,-1,-1,-1,9,2
20134100G0395,1,9,0,17,0,0,0,0,0,0,3,1,2,2,6,1560,2,5,10,1
20134100G0395,2,3,0,16,0,0,0,0,0,0,1,1,2,1,5,-1,-1,-1,6,1
20134100G0396,1,19,0,4,0,8,0,0,0,0,3,1,2,1,7,1461,2,8,6,1
20134100G0396,2,1,0,18,0,8,0,0,0,0,1,1,6,1,2,-1,-1,-1,-1,-1
20134100G0397,1,9,0,18,0,1,0,0,0,0,4,1,6,1,8,1560,2,6,5,1
20134100G0401,1,9,0,18,0,8,0,0,0,0,3,1,2,2,5,1299,1,16,5,1
20134100G0401,2,9,0,18,0,1,0,0,4,6,1,1,2,1,6,2000,2,6,9,3
20134100G0404,1,9,0,9,0,2,0,0,7,3,1,1,6,2,9,998,1,2,-1,-1
20134100G0406,1,9,0,17,0,0,0,0,1,2,1,1,6,3,-1,2494,1,11,-1,-1
20134100G0408,1,9,0,18,0,0,0,0,0,0,3,1,6,1,7,1986,2,5,8,2
20134100G0408,2,1,0,18,0,0,0,0,1,0,0,1,6,1,-1,-1,-1,-1,-1,-1
20134100G0409,1,9,0,18,0,8,0,0,0,0,3,1,6,2,5,1299,1,14,-1,-1
20134100G0409,2,9,0,18,0,8,0,0,0,0,4,1,6,2,10,1560,2,3,-1,-1
20134100G0411,1,9,0,18,0,8,0,0,3,10,1,1,6,1,9,-1,-1,-1,9,3
20134100G0412,1,9,0,5,0,4,0,0,0,0,1,1,6,3,-1,1242,1,11,-1,-1
20134100G0412,2,9,0,3,0,4,0,0,0,0,2,1,6,2,7,1364,1,-1,9,1
20134100G0413,1,9,0,18,0,1,0,0,0,0,1,1,6,1,6,1598,1,4,9,3
20134100G0413,2,9,0,4,0,1,0,0,1,9,2,1,6,1,5,1951,2,12,10,1
20134100G0414,1,5,0,17,0,0,1,0,2,4,4,1,6,1,6,849,1,3,7,1
20134100G0419,1,9,0,18,0,1,0,0,0,0,0,1,6,1,8,-1,-1,-1,-1,-1
20134100G0419,2,16,0,18,0,1,0,0,0,0,0,1,6,2,7,-1,-1,-1,-1,-1
20134100G0421,1,9,0,18,0,8,0,0,0,0,3,1,1,2,5,1598,1,5,9,3
20134100G0421,2,9,0,5,0,8,0,0,0,0,1,1,1,2,6,998,1,4,7,3
20134100G0424,1,9,0,16,0,0,0,0,0,0,1,1,6,2,9,1329,1,4,9,3
20134100G0428,1,19,0,18,0,6,5,0,7,0,4,1,2,1,5,1248,2,5,8,1
20134100G0428,2,9,0,18,0,8,0,0,7,0,1,1,6,1,7,1896,2,11,7,1
20134100G0437,1,9,0,9,0,6,0,0,0,0,1,1,6,1,9,998,1,3,10,1
20134100G0437,2,1,0,18,0,1,0,0,0,0,4,1,6,1,8,-1,-1,-1,10,1
20134100G0439,1,9,0,7,0,4,0,0,0,0,4,1,2,1,7,-1,-1,-1,-1,-1
20134100G0439,2,1,0,18,0,8,0,0,0,0,3,1,2,2,6,-1,-1,-1,7,1
20134100G0440,1,9,0,18,0,0,0,0,1,10,1,1,6,1,5,1686,2,12,5,1
20134100G0449,1,9,0,16,0,0,0,0,0,0,1,1,6,1,-1,-1,-1,-1,-1,-1
20134100G0449,2,9,0,17,0,0,0,0,0,0,3,1,1,2,6,1598,1,12,-1,-1
20134100G0452,1,9,0,18,0,3,1,0,1,2,3,1,6,2,8,1598,1,11,7,1
20134100G0454,1,9,0,18,0,0,0,0,0,0,1,1,6,1,8,-1,-1,-1,4,1
20134100G0454,2,9,0,4,0,0,0,0,0,0,2,1,6,2,8,1349,1,12,8,1
20134100G0456,1,3,0,18,0,0,0,0,0,0,4,1,6,2,4,124,1,1,-1,-1
20134100G0457,1,9,0,18,0,0,2,0,0,0,1,1,6,2,5,1390,1,2,2,1
20134100G0459,1,1,0,17,0,0,0,0,0,0,0,1,6,1,6,-1,-1,-1,7,3
20134100G0459,2,9,0,16,0,0,0,0,0,0,0,1,6,3,-1,-1,-1,-1,-1,-1
20134100G0464,1,5,0,18,0,0,1,0,0,0,1,1,2,1,8,1050,1,-1,10,2
20134100G0464,2,9,0,18,0,0,0,11,0,0,2,1,2,2,8,1595,1,3,4,1
20134100G0466,1,9,0,18,9,8,0,0,0,0,1,1,6,2,7,-1,-1,-1,-1,-1
20134100G0466,2,1,0,18,9,8,0,0,0,0,3,1,6,1,4,-1,-1,-1,5,1
20134100G0469,1,9,0,17,0,3,1,0,1,2,1,1,6,1,4,-1,-1,-1,5,3
20134100G0470,1,9,0,18,0,8,0,0,0,0,1,1,6,1,-1,-1,-1,-1,-1,-1
20134100G0470,2,9,0,9,0,8,0,0,0,0,3,1,6,2,8,996,1,2,5,1
20134100G0476,1,9,0,5,0,4,0,0,0,0,1,1,6,2,6,1995,2,4,10,1
20134100G0476,2,9,0,18,0,8,0,0,0,0,4,1,6,2,7,1149,1,2,9,1
20134100G0482,1,90,0,18,9,8,0,0,0,0,2,1,6,1,-1,-1,-1,-1,-1,-1
20134100G0487,1,9,0,18,0,2,0,0,0,0,3,1,3,2,8,1598,1,7,10,1
20134100G0487,2,11,0,3,0,1,0,0,0,0,0,1,6,3,-1,-1,-1,-1,-1,-1
20134100G0488,1,9,0,9,0,8,0,0,0,0,1,1,6,1,5,1199,1,12,6,1
20134100G0488,2,9,0,18,0,1,0,0,0,0,1,1,6,1,7,998,1,1,-1,-1
20134100G0490,1,19,0,5,0,1,0,0,0,0,1,1,6,1,5,-1,-1,-1,5,1
20134100G0490,2,1,0,3,0,1,0,0,0,0,2,1,6,1,7,-1,-1,-1,10,3
20134100G0491,1,19,0,18,0,0,0,4,7,2,1,1,6,1,7,2198,2,5,10,3
20134100G0491,2,9,0,2,0,0,0,0,0,0,2,1,6,1,8,1329,1,3,7,1
20134100G0492,1,9,0,18,0,1,0,0,0,0,1,1,6,1,9,-1,-1,-1,-1,-1
20134100G0492,2,9,0,3,0,1,0,0,0,0,2,1,6,2,5,1598,1,7,9,2
20134100G0493,1,9,0,16,0,0,1,0,1,0,1,1,6,1,4,1149,1,10,8,1
20134100G0493,2,9,0,18,0,0,0,0,1,0,1,1,6,1,6,1598,1,5,6,1
20134100G0493,3,9,0,4,0,0,0,0,0,0,2,1,6,1,7,-1,-1,-1,4,1
20134100G0493,4,9,0,18,0,0,0,0,0,0,1,1,6,2,5,1388,1,16,5,1
20134100G0496,1,9,0,4,0,0,0,0,0,0,4,1,6,2,7,1599,1,7,5,1
20134100G0496,2,3,0,15,0,0,0,0,0,0,3,1,6,1,5,124,1,4,7,1
20134100G0497,1,9,0,18,0,0,0,0,0,0,1,1,6,2,8,1598,1,10,5,1
20134100G0498,1,2,0,4,0,1,1,0,0,0,4,1,6,1,8,49,1,1,5,1
20134100G0500,1,9,0,10,0,1,0,0,0,0,1,1,6,2,6,1596,1,-1,5,1
20134100G0500,2,9,0,18,0,2,0,0,0,0,3,1,6,2,7,1229,1,8,5,1
20134100G0502,1,9,0,7,0,5,0,0,0,0,4,1,6,1,7,1229,1,1,8,2
20134100G0507,1,9,0,9,0,2,0,0,0,0,1,1,6,2,11,1197,1,-1,-1,-1
20134100G0517,1,9,0,17,0,2,0,0,0,0,1,1,1,2,8,1999,1,4,10,2
20134100G0517,2,9,0,18,0,1,0,0,1,10,1,1,1,2,9,1229,1,2,8,1
20134100G0518,1,9,0,16,0,0,1,0,0,0,1,1,2,1,4,1124,1,12,8,3
20134100G0518,2,9,0,18,0,0,0,0,0,0,1,1,2,2,9,-1,-1,-1,9,3
20134100G0519,1,9,0,18,0,0,1,0,0,0,1,1,6,1,7,1598,1,6,10,1
20134100G0519,2,9,0,4,0,0,0,0,0,0,2,1,6,1,8,-1,-1,-1,9,1
20134100G0521,1,1,0,4,0,2,1,0,0,0,1,1,6,1,10,-1,-1,-1,6,1
20134100G0521,2,1,0,4,0,2,0,0,0,0,1,1,6,1,9,-1,-1,-1,10,1
20134100G0521,3,1,0,4,0,2,0,0,0,0,2,1,6,1,8,-1,-1,-1,10,1
20134100G0522,1,19,0,16,0,0,1,0,0,0,1,2,1,1,5,-1,-1,-1,3,1
20134100G0522,2,21,0,17,0,0,1,0,0,0,3,1,1,1,7,4899,2,5,10,3
20134100G0522,3,19,0,16,0,0,0,0,0,0,2,1,1,1,6,2143,2,3,10,1
20134100G0522,4,9,0,17,0,0,0,0,1,9,0,1,2,1,8,-1,-1,-1,9,3
20134100G0527,1,11,0,7,0,2,0,0,0,0,4,1,1,1,7,3900,2,7,1,1
20134100G0530,1,9,0,17,0,0,2,0,4,0,1,1,6,1,7,1796,1,7,7,1
20134100G0530,2,1,0,17,0,0,0,0,1,0,2,1,1,1,9,-1,-1,-1,10,2
20134100G0533,1,9,0,18,0,4,0,0,0,0,1,1,6,2,-1,-1,-1,-1,-1,-1
20134100G0533,2,9,0,18,0,8,0,0,0,0,4,1,6,1,8,1339,1,7,10,1
20134100G0534,1,9,0,18,0,0,1,0,1,2,3,1,2,1,5,1149,1,2,9,3
20134100G0538,1,9,0,18,0,0,0,0,1,0,1,1,2,1,10,1499,2,-1,9,3
20134100G0538,2,9,0,18,0,0,1,0,2,0,1,1,2,1,6,1596,1,9,7,1
20134100G0540,1,9,0,18,0,0,0,0,2,7,1,1,6,2,7,1388,1,13,8,1
20134100G0543,1,9,0,3,0,1,0,0,0,0,3,1,1,2,9,1199,1,10,4,1
20134100G0543,2,9,0,9,0,5,0,0,0,0,3,1,6,2,5,1599,1,8,7,1
20134100G0543,3,9,0,10,0,1,0,0,0,0,1,1,6,2,8,2902,2,6,10,1
20134100G0546,1,9,0,18,0,1,0,0,0,0,1,1,6,2,5,1199,1,14,9,3
20134100G0546,2,9,0,3,0,1,0,0,0,0,2,1,6,2,7,1560,2,1,9,3
20134100G0550,1,9,0,14,0,1,1,0,0,0,1,1,6,2,6,1388,1,11,7,1
20134100G0550,2,1,0,18,0,1,0,0,0,0,3,1,6,1,4,-1,-1,-1,8,1
20134100G0551,1,9,0,10,0,1,0,0,0,0,1,1,6,1,4,1198,1,8,7,1
20134100G0551,2,9,0,18,0,1,0,0,0,0,0,1,6,2,9,1988,2,6,4,1
20134100G0551,3,9,0,18,0,2,0,0,0,0,1,1,6,1,8,2982,2,4,10,1
20134100G0551,4,9,0,8,0,1,0,0,0,0,1,1,6,1,6,-1,-1,-1,2,1
20134100G0552,1,8,0,5,0,4,0,0,0,0,1,1,1,1,7,1997,2,4,-1,-1
20134100G0552,2,1,0,18,0,8,0,0,7,1,1,1,1,1,6,-1,-1,-1,7,1
20134100G0553,1,9,0,12,0,0,0,0,0,0,3,1,6,2,6,999,1,3,5,1
20134100G0553,2,1,0,18,0,0,0,0,0,0,4,1,6,1,7,-1,-1,-1,8,1
20134100G0557,1,9,0,9,0,6,0,0,0,0,1,1,2,2,8,998,1,2,10,1
20134100G0557,2,9,0,18,0,8,0,0,0,0,4,1,2,1,8,1242,1,11,-1,-1
20134100G0559,1,19,0,16,0,0,1,0,0,0,1,1,1,1,6,2143,2,2,9,1