Accident_Index,Vehicle_Reference,Vehicle_Type,Towing_and_Articulation,Vehicle_Manoeuvre,Vehicle_Location-Restricted_Lane,Junction_Location,Skidding_and_Overturning,Hit_Object_in_Carriageway,Vehicle_Leaving_Carriageway,Hit_Object_off_Carriageway,1st_Point_of_Impact,Was_Vehicle_Left_Hand_Drive?,Journey_Purpose_of_Driver,Sex_of_Driver,Age_Band_of_Driver,Engine_Capacity_(CC),Propulsion_Code,Age_of_Vehicle,Driver_IMD_Decile,Driver_Home_Area_Type
20134100G0559,2,9,0,17,0,0,1,0,0,0,1,1,6,1,9,1895,1,12,-1,-1
20134100G0563,1,9,0,1,0,2,0,0,0,0,2,1,6,1,4,-1,-1,-1,-1,-1
20134100G0563,2,1,0,18,0,1,0,0,0,0,4,1,6,2,3,-1,-1,-1,9,1
20134100G0567,1,9,0,7,0,3,0,0,0,0,3,1,6,3,-1,-1,-1,-1,-1,-1
20134100G0569,1,9,0,9,0,5,0,10,0,0,2,1,6,2,6,1390,1,6,-1,-1
20134100G0569,2,9,0,18,0,1,0,0,0,0,1,1,6,1,4,1229,1,7,9,3
20134100G0572,1,9,0,18,0,8,0,0,0,0,1,1,6,1,6,1560,2,7,5,1
20134100G0572,2,9,0,18,0,8,0,0,0,0,3,1,6,2,6,1461,2,1,9,2
20134100G0573,1,9,0,18,0,0,0,0,1,0,1,1,2,1,9,1587,1,19,7,1
20134100G0573,2,1,0,18,0,0,0,0,0,0,3,1,6,1,2,-1,-1,-1,4,1
20134100G0579,1,9,0,13,0,0,0,0,0,0,4,1,6,1,6,2979,1,-1,-1,-1
20134100G0579,2,1,0,18,0,0,0,0,0,0,3,1,6,2,6,-1,-1,-1,10,1
20134100G0580,1,9,0,5,0,4,0,0,0,0,2,1,1,2,7,1598,1,9,10,1
20134100G0580,2,9,0,5,0,4,0,0,0,0,1,1,6,1,-1,1956,2,1,5,1
20134100G0586,1,9,0,18,9,0,2,4,1,4,1,1,6,1,6,2231,2,7,-1,-1
20134100G0586,2,9,0,2,9,0,0,0,0,0,1,1,6,3,-1,1399,2,-1,9,3
20134100G0590,1,9,0,18,0,0,2,0,0,0,4,1,6,1,9,1598,1,11,9,2
20134100G0591,1,9,0,17,0,0,0,0,0,0,1,1,3,2,7,1560,2,6,10,1
20134100G0591,2,9,0,16,0,0,0,0,0,0,1,1,6,1,9,1686,2,1,6,1
20134100G0595,1,21,0,18,0,0,0,0,0,0,3,1,1,1,7,9200,2,2,-1,-1
20134100G0595,2,9,0,12,0,0,1,0,1,4,1,1,2,2,6,1598,1,9,10,1
20134100G0596,1,19,0,18,0,0,0,0,0,0,1,1,1,1,6,-1,-1,-1,8,1
20134100G0596,2,19,0,3,0,0,0,0,0,0,2,1,1,1,10,1996,2,2,7,1
20134100G0596,3,9,0,3,0,0,0,0,0,0,2,1,6,1,11,1360,1,10,7,2
20134100G0602,1,4,0,5,0,4,0,0,0,0,0,1,1,1,8,645,1,10,6,1
20134100G0603,1,9,0,16,0,0,0,0,1,10,1,1,1,1,6,1910,2,6,10,1
20134100G0604,1,9,0,16,0,0,0,0,0,0,3,1,6,2,9,-1,-1,-1,9,3
20134100G0604,2,9,0,17,0,0,0,0,0,0,3,1,6,2,8,1968,2,2,9,3
20134100G0606,1,9,0,9,0,5,0,0,0,0,1,1,6,1,-1,1086,1,7,8,1
20134100G0606,2,9,0,10,0,6,0,0,0,0,3,1,2,1,5,1390,1,-1,10,1
20134100G0607,1,9,0,18,0,0,0,0,0,0,4,1,6,2,9,1360,1,7,3,1
20134100G0617,1,9,0,9,0,1,0,0,0,0,0,1,6,2,10,2496,1,7,8,3
20134100G0617,2,19,0,18,0,1,0,0,0,0,0,1,1,1,6,-1,-1,-1,10,1
20134100G0617,3,5,0,18,0,1,1,0,0,0,0,1,6,1,8,645,1,-1,8,1
20134100G0618,1,9,0,5,0,1,0,0,0,0,1,1,2,2,8,1753,2,5,5,1
20134100G0618,2,8,0,3,0,1,0,0,0,0,2,1,2,1,6,1896,2,6,5,1
20134100G0624,1,9,0,7,0,4,0,0,0,0,0,1,1,1,4,1240,1,4,8,1
20134100G0624,2,2,0,18,0,4,1,0,0,0,0,1,6,1,4,49,1,10,10,1
20134100G0625,1,5,0,18,0,1,1,0,4,0,1,1,2,1,8,1170,1,8,6,1
20134100G0625,2,9,0,9,0,6,0,0,4,0,3,1,2,1,8,1390,1,14,-1,-1
20134100G0628,1,9,0,18,0,0,1,0,7,4,4,1,6,1,6,1995,2,7,9,2
20134100G0631,1,9,0,5,0,4,1,0,0,0,1,1,6,2,5,1242,1,2,-1,-1
20134100G0631,2,1,0,18,0,8,0,0,0,0,4,1,6,1,9,-1,-1,-1,6,1
20134100G0636,1,21,0,17,0,0,1,0,0,0,3,1,1,1,6,4461,2,1,2,1
20134100G0636,2,9,0,16,0,0,0,0,1,10,3,1,2,2,7,2179,2,-1,10,1
20134100G0647,1,2,0,18,0,2,0,0,0,0,1,1,6,1,4,49,1,2,8,3
20134100G0647,2,9,0,3,0,2,0,0,0,0,2,1,6,2,6,2922,1,9,8,3
20134100G0648,1,9,0,16,0,0,0,0,0,0,3,1,3,2,6,1124,1,12,-1,-1
20134100G0648,2,9,0,17,0,0,0,0,0,0,3,1,6,2,5,998,1,11,7,1
20134100G0650,1,9,0,9,0,6,0,0,1,0,1,1,6,1,5,1242,1,8,5,1
20134100G0650,2,9,0,13,0,1,0,0,4,0,1,1,6,2,8,2435,1,11,9,1
20134100G0651,1,9,0,5,0,4,0,0,0,0,1,1,2,2,8,-1,-1,-1,9,1
20134100G0651,2,1,0,18,0,8,0,0,0,0,4,1,6,2,8,-1,-1,-1,10,1
20134100G0652,1,9,0,1,0,1,0,0,0,0,2,1,6,1,9,1596,1,1,10,1
20134100G0652,2,1,0,5,0,1,0,0,0,0,1,1,6,2,8,-1,-1,-1,9,1
20134100G0653,1,9,0,18,0,0,1,0,5,9,0,1,1,2,6,1360,1,11,8,1
20134100G0653,2,9,0,18,0,0,0,0,0,0,0,1,6,3,-1,-1,-1,-1,-1,-1
20134100G0662,1,9,0,4,0,1,0,0,0,0,2,1,6,1,9,-1,-1,-1,10,1
20134100G0662,2,9,0,18,0,1,1,0,0,0,1,1,6,1,6,-1,-1,-1,9,3
20134100G0667,1,9,0,18,0,2,0,0,0,0,1,1,6,2,8,1598,1,13,6,1
20134100G0668,1,9,0,4,0,0,1,0,0,0,1,1,6,1,11,-1,-1,-1,5,1
20134100G0668,2,9,0,4,0,0,0,0,0,0,2,1,6,2,9,2400,2,1,10,3
20134100G0669,1,9,0,18,0,4,0,0,0,0,1,1,6,1,8,3724,1,9,9,3
20134100G0669,2,1,0,18,0,8,0,0,0,0,2,1,6,1,5,-1,-1,-1,5,1
20134100G0670,1,9,0,18,0,0,0,0,0,0,1,1,6,1,9,2979,1,10,7,3
20134100G0670,2,9,0,4,0,0,0,0,0,0,1,1,6,2,6,1364,1,8,9,3
20134100G0670,3,9,0,4,0,0,0,0,0,0,2,1,6,1,4,-1,-1,-1,8,1
20134100G0671,1,9,0,18,0,4,0,0,0,0,1,1,6,2,10,1360,1,12,5,2
20134100G0671,2,2,0,18,0,8,0,0,0,0,4,1,6,1,4,49,1,1,6,1
20134100G0675,1,9,0,18,0,0,0,0,0,0,1,1,1,2,7,-1,-1,-1,5,1
20134100G0675,2,9,0,18,0,0,0,0,0,0,1,1,1,1,7,1240,1,10,7,3
20134100G0676,1,5,0,18,0,0,0,0,0,0,1,1,6,1,10,680,1,4,2,1
20134100G0676,2,9,0,18,0,0,0,0,0,0,2,1,6,2,10,1582,2,-1,6,1
20134100G0677,1,9,0,18,0,0,0,0,0,0,3,1,2,1,4,1242,1,8,10,1
20134100G0680,1,9,0,18,0,8,0,0,1,0,3,1,6,2,5,1196,1,19,4,2
20134100G0680,2,9,0,13,0,8,1,0,4,6,1,1,6,1,8,-1,-1,-1,7,2
20134100G0680,3,19,0,7,0,1,0,0,0,0,0,1,6,1,7,-1,-1,-1,9,3
20134100G0682,1,9,0,16,0,0,0,0,2,4,1,1,6,1,8,-1,-1,-1,9,1
20134100G0682,2,9,0,17,0,0,0,0,1,4,1,1,6,2,10,1799,1,6,9,2
20134100G0685,1,9,0,17,0,0,2,0,1,2,4,1,1,1,6,-1,-1,-1,2,1
20134100J0002,1,9,0,18,0,0,0,0,0,0,4,1,1,1,7,-1,-1,-1,7,1
20134100J0006,1,9,0,9,0,6,0,0,0,0,4,1,2,1,6,1910,2,7,-1,-1
20134100J0006,2,1,0,18,0,1,0,0,0,0,1,1,2,1,8,-1,-1,-1,10,1
20134100J0008,1,9,0,1,0,0,0,0,0,0,2,1,6,2,-1,2143,2,1,-1,-1
20134100J0016,1,9,0,5,0,1,0,0,0,0,1,1,2,1,5,1598,1,8,8,1
20134100J0018,1,9,0,4,0,0,0,0,0,0,1,1,3,1,8,1794,1,10,8,1
20134100J0018,2,9,0,4,0,0,0,0,0,0,2,1,6,2,6,1968,2,5,3,1
20134100J0019,1,9,0,18,0,0,0,10,0,0,1,1,6,2,6,1598,1,4,4,1
20134100J0019,2,9,0,18,0,0,0,0,0,0,3,1,6,1,6,1598,1,13,5,1
20134100J0019,3,9,0,18,0,0,0,0,0,0,3,1,6,1,8,998,1,13,8,1
20134100J0021,1,19,0,3,0,0,0,0,0,0,1,1,1,1,8,2143,2,4,2,1
20134100J0021,2,9,0,3,0,0,0,0,0,0,2,1,2,1,8,1197,1,2,9,3
20134100J0021,3,9,0,3,0,0,0,0,0,0,2,1,6,2,7,1198,1,8,5,1
20134100J0021,4,19,0,3,0,0,0,0,0,0,2,1,6,1,8,-1,-1,-1,2,1
20134100J0029,1,9,0,18,0,0,1,4,0,0,1,1,6,1,8,-1,-1,-1,8,1
20134100J0029,2,9,0,2,0,0,0,0,0,0,2,1,6,1,7,1998,2,8,4,1
20134100J0032,1,9,0,17,0,0,0,0,0,0,1,1,6,2,-1,2776,2,6,10,2
20134100J0032,2,9,0,16,0,0,0,0,0,0,1,1,2,1,4,973,1,11,7,1
20134100J0034,1,9,0,18,0,8,0,0,0,0,1,1,6,1,7,-1,-1,-1,5,1
20134100J0034,2,9,0,18,0,8,0,0,0,0,2,1,6,1,10,1998,1,15,5,1
20134100J0035,1,9,0,18,0,8,0,0,0,0,1,1,6,2,6,1598,1,6,8,3
20134100J0035,2,9,0,18,0,8,0,0,0,0,2,1,6,2,6,1999,1,2,10,1
20134100J0038,1,9,0,9,0,3,0,0,0,0,1,1,2,1,7,1590,1,10,7,1
20134100J0046,1,9,0,1,0,0,0,0,0,0,2,1,6,1,7,1597,1,14,-1,-1
20134100J0048,1,9,0,4,0,0,0,0,0,0,1,1,2,2,8,1242,1,9,9,1
20134100J0048,2,9,0,4,0,0,1,0,0,0,1,2,2,1,6,-1,-1,-1,-1,-1
20134100J0048,3,9,0,4,0,0,0,0,0,0,2,1,2,1,7,1598,1,7,3,1
20134100J0048,4,9,0,4,0,0,0,0,0,0,2,1,2,1,6,1598,1,5,6,1
20134100J0049,1,9,0,9,0,1,0,0,0,0,2,1,6,3,-1,-1,-1,-1,-1,-1
20134100J0049,2,9,0,4,0,1,0,0,0,0,1,1,6,2,6,998,1,8,5,1
20134100J0049,3,9,0,4,0,1,0,0,0,0,1,1,6,2,5,998,1,5,3,1
20134100J0049,4,9,0,4,0,1,0,0,0,0,1,1,6,2,5,1149,1,12,5,1
20134100J0051,1,9,0,18,0,8,0,0,0,0,1,1,6,1,11,1900,2,9,6,1
20134100J0051,2,9,0,3,0,8,0,0,0,0,3,1,6,1,8,1968,2,4,-1,-1
20134100J0051,3,9,0,3,0,8,0,0,0,0,4,1,6,1,9,1968,2,6,8,1
20134100J0053,1,9,0,18,0,8,0,0,0,0,4,1,3,1,9,1397,1,14,5,1
20134100J0053,2,9,0,7,0,8,0,0,0,0,1,1,6,1,6,1753,2,6,10,1
20134100J0056,1,9,0,9,0,5,0,0,0,0,3,1,6,1,10,1242,1,5,3,1
20134100J0056,2,9,0,18,0,8,0,0,0,0,1,1,6,1,9,1560,2,4,5,1
20134100J0057,1,9,0,9,0,6,0,0,0,0,1,1,6,1,7,1242,1,1,10,1
20134100J0057,2,9,0,18,0,8,0,0,0,0,1,1,6,1,-1,-1,-1,-1,-1,-1
20134100J0060,1,9,0,18,0,2,0,0,0,0,1,1,6,3,-1,-1,-1,-1,-1,-1
20134100J0062,1,9,0,9,0,6,0,0,0,0,3,1,6,2,9,998,1,1,10,3
20134100J0062,2,9,0,18,0,8,0,0,0,0,1,1,6,2,10,-1,-1,-1,7,1
20134100J0064,1,19,0,18,0,1,0,0,0,0,4,1,2,1,9,2148,2,4,7,2
20134100J0070,1,9,0,16,0,0,5,0,0,0,1,1,6,1,-1,1560,2,1,8,1
20134100J0071,1,9,0,18,0,0,1,0,7,0,1,1,1,2,6,1229,1,2,9,1
20134100J0071,2,9,0,4,0,0,0,0,0,0,2,1,1,1,9,1149,1,6,10,1
20134100J0075,1,9,0,16,0,3,0,0,7,6,1,1,1,1,5,1598,1,14,1,1
20134100J0078,1,9,0,18,0,0,0,0,1,10,1,1,6,2,4,1149,1,2,8,3
20134100J0083,1,9,0,18,0,0,0,0,0,0,1,1,6,1,6,-1,-1,-1,8,1
20134100J0083,2,9,0,18,0,0,0,0,0,0,1,1,6,2,8,1596,1,12,7,3
20134100J0084,1,9,0,18,0,0,0,0,0,0,3,1,1,2,5,998,1,11,5,1
20134100J0084,2,8,0,18,0,0,0,0,7,0,2,1,1,1,7,1997,2,5,7,1
20134100J0084,3,9,0,18,0,0,0,0,0,0,1,1,1,2,6,1360,1,7,8,1
20134100J0085,1,9,0,9,0,8,0,0,0,0,1,1,6,2,9,1390,1,12,6,1
20134100J0085,2,5,0,18,0,8,0,0,0,0,1,1,2,1,7,600,1,9,10,1
20134100J0086,1,9,0,18,0,3,0,0,0,0,1,1,2,1,8,3498,1,1,8,1
20134100J0087,1,9,0,18,0,0,0,0,0,0,1,1,3,1,7,1769,1,9,5,1
20134100J0089,1,19,0,18,0,0,0,0,0,0,1,1,1,2,8,1995,2,3,-1,-1
20134100J0089,2,9,0,3,0,0,0,0,0,0,2,1,1,2,7,-1,-1,-1,10,2
20134100J0089,3,9,0,3,0,0,0,0,0,0,2,1,1,2,8,1386,1,5,9,1
20134100J0089,4,9,0,3,0,0,0,0,0,0,2,1,1,1,9,1598,1,8,6,1
20134100J0090,1,9,0,18,0,8,0,0,0,0,1,1,6,1,7,2967,2,6,5,3
20134100J0090,2,1,0,9,0,6,0,0,0,0,1,1,6,1,8,-1,-1,-1,10,1
20134100J0092,1,9,0,13,0,8,0,0,0,0,1,1,6,1,7,1391,1,20,3,1
20134100J0092,2,9,0,9,0,5,0,0,0,0,3,1,6,1,5,1149,1,10,5,2
20134100J0093,1,2,0,4,0,2,0,0,0,0,2,1,6,1,4,49,1,10,4,1
20134100J0093,2,9,0,4,0,2,0,0,0,0,1,1,6,1,11,1341,1,9,8,1
20134100J0097,1,9,0,18,0,0,2,10,0,0,1,1,6,1,7,-1,-1,-1,6,1
20134100J0100,1,9,0,9,0,5,0,0,0,0,1,1,6,2,11,1339,1,8,10,1
20134100J0100,2,9,0,18,0,8,5,0,0,0,1,1,2,1,10,1598,1,11,-1,-1
20134100J0107,1,9,0,9,0,6,0,0,0,0,3,1,6,2,-1,-1,-1,-1,-1,-1
20134100J0107,2,3,0,18,0,8,0,0,0,0,1,1,1,1,5,125,1,6,6,1
20134100J0108,1,9,0,18,0,2,0,0,0,0,1,1,6,1,6,1124,1,8,6,2
20134100J0108,2,9,0,18,0,1,0,0,0,0,1,1,6,2,8,-1,-1,-1,6,2
20134100J0112,1,9,0,4,0,1,0,9,3,1,1,1,6,1,6,-1,-1,-1,3,1
20134100J0113,1,19,0,12,0,0,0,0,0,0,3,1,6,2,7,2402,2,6,1,1
20134100J0113,2,19,0,18,0,0,0,0,0,0,4,1,1,1,7,3920,2,2,4,1
20134100J0121,1,9,0,11,0,8,0,0,0,0,1,1,6,3,-1,1198,1,4,-1,-1
20134100J0121,2,9,0,7,0,8,0,0,0,0,1,1,6,1,10,1339,1,5,5,1
20134100J0131,1,9,0,18,0,0,0,0,0,0,1,1,6,1,9,1396,1,15,-1,-1
20134100J0131,2,9,0,3,0,0,0,0,0,0,3,1,6,1,7,999,1,2,5,1
20134100J0136,1,9,0,4,0,1,1,0,0,0,1,1,1,2,6,1299,1,13,-1,-1
20134100J0136,2,9,0,3,0,1,0,0,0,0,2,1,6,2,5,1596,1,8,9,1
20134100J0139,1,11,0,9,0,8,0,0,0,0,1,1,1,1,9,7300,2,12,7,1
20134100J0139,2,3,0,18,0,8,0,0,0,0,1,1,2,1,7,124,1,2,8,1
20134100J0148,1,9,0,9,0,8,0,0,0,0,4,1,6,2,10,1598,1,10,8,1
20134100J0148,2,9,0,18,0,8,0,0,0,0,1,1,6,2,7,1905,2,14,10,1
20134100J0148,3,9,0,8,0,1,0,0,0,0,3,1,6,2,6,-1,-1,-1,9,1
20134100J0149,1,9,0,9,0,4,0,0,0,0,1,1,6,1,9,1498,1,4,5,2
20134100J0149,2,9,0,18,0,3,0,0,0,1,4,1,6,1,5,-1,-1,-1,4,1
20134100J0151,1,9,0,17,0,0,1,0,0,0,1,1,6,2,5,-1,-1,-1,9,3
20134100J0151,2,11,0,16,0,0,0,0,0,0,1,1,1,1,9,-1,-1,-1,5,1
20134100J0153,1,11,0,4,0,0,0,0,0,0,0,1,1,1,8,-1,-1,-1,4,1
20134100J0155,1,9,0,18,0,1,0,0,0,0,1,1,1,1,9,2494,2,6,8,1
20134100J0155,2,9,0,3,0,1,0,0,0,0,2,1,2,2,7,1390,1,5,8,1
20134100J0155,3,9,0,3,0,1,0,0,0,0,2,1,2,2,5,1390,1,6,3,1
20134100J0164,1,9,0,18,0,0,2,0,8,10,1,1,6,2,9,1397,1,2,7,1
20134100J0171,1,9,0,18,0,1,0,0,0,0,1,1,6,1,4,1242,1,5,8,1
20134100J0171,2,9,0,10,0,1,0,0,0,0,2,1,6,1,6,1364,1,6,4,1
20134100J0173,1,9,0,5,0,6,0,0,0,0,1,1,1,1,7,1242,1,7,5,3
20134100J0173,2,9,0,18,0,8,0,0,0,0,4,1,1,2,6,1461,2,3,4,1
20134100J0175,1,9,0,9,0,6,0,0,0,0,1,1,6,1,8,1598,1,2,3,1
20134100J0175,2,9,0,18,0,8,0,0,0,0,3,1,6,1,6,2685,2,10,5,1
20134100J0177,1,9,0,18,0,0,0,0,0,0,1,1,6,1,8,1229,1,1,-1,-1
20134100J0177,2,9,0,3,0,0,0,0,0,0,2,1,6,1,6,-1,-1,-1,8,1
20134100J0178,1,9,0,18,0,4,0,0,0,0,3,1,6,2,8,1796,1,12,7,1
20134100J0178,2,3,0,18,0,4,0,0,0,0,1,1,6,1,4,124,1,1,8,1
20134100J0179,1,9,0,18,0,0,0,0,0,0,1,1,6,1,5,1229,1,3,7,1
20134100J0179,2,9,0,4,0,0,0,0,0,0,2,1,6,2,9,1242,1,7,5,1
20134100J0183,1,9,0,18,0,4,0,0,0,0,1,1,6,1,7,2000,1,6,-1,-1
20134100J0183,2,9,0,18,0,8,0,0,0,0,1,1,6,2,6,-1,-1,-1,10,1
20134100J0187,1,9,0,3,0,1,0,0,0,0,2,1,6,2,5,1596,1,-1,7,1
20134100J0187,2,9,0,18,0,1,0,0,1,4,1,1,6,1,5,1896,2,11,-1,-1
20134100J0188,1,9,0,9,0,8,0,0,0,0,0,1,6,3,-1,-1,-1,-1,-1,-1
20134100J0188,2,9,0,18,0,1,0,0,0,0,1,1,6,2,7,1229,1,5,5,1
20134100J0188,3,9,0,18,0,1,0,0,0,0,2,1,6,1,-1,1895,1,13,3,1
20134100J0190,1,9,0,3,0,0,0,0,0,0,2,1,6,2,7,1396,1,11,10,1
20134100J0190,2,9,0,4,0,0,0,0,0,0,1,1,6,1,10,3239,1,16,10,1
20134100J0202,1,9,0,9,0,2,5,4,0,0,4,1,6,2,11,-1,-1,-1,10,2
20134100J0202,2,9,0,2,0,2,0,0,0,0,3,1,6,1,-1,1999,1,6,-1,-1
20134100J0202,3,9,0,2,0,1,0,0,0,0,3,1,6,1,-1,1598,1,10,-1,-1
20134100J0205,1,9,0,1,9,6,0,0,0,0,2,1,6,2,7,-1,-1,-1,3,1
20134100J0206,1,5,0,4,0,4,0,0,0,0,1,1,6,1,6,745,1,3,4,1
20134100J0206,2,5,0,4,0,4,0,0,0,0,2,1,6,1,7,1050,1,2,4,1
20134100J0207,1,9,0,18,0,1,0,0,0,0,1,1,2,1,8,1834,1,10,9,1
20134100J0208,1,9,0,18,0,8,0,0,0,0,4,1,3,2,7,2230,1,7,6,1
20134100J0208,2,9,0,9,0,6,0,0,0,0,1,1,6,3,-1,-1,-1,-1,-1,-1
20134100J0209,1,9,0,18,0,0,0,0,0,0,1,1,6,1,5,1998,1,16,2,1
20134100J0209,2,9,0,4,0,0,0,0,1,4,2,1,6,2,6,1461,2,4,9,1
20134100J0212,1,9,0,4,0,0,0,0,0,0,1,1,2,2,9,1968,2,4,5,1
20134100J0212,2,9,0,4,0,0,0,0,0,0,2,1,2,2,6,1360,1,7,3,1
20134100J0212,3,9,0,4,0,0,0,0,0,0,1,1,2,2,6,-1,-1,-1,3,1
20134100J0212,4,9,0,4,0,0,0,0,0,0,0,1,6,3,-1,-1,-1,-1,-1,-1
20134100J0219,1,9,0,18,0,6,0,0,0,0,3,1,6,1,10,1598,1,13,9,1
20134100J0219,2,19,0,18,0,1,0,0,0,0,1,1,6,1,9,1753,2,5,9,3
20134100J0224,1,9,0,18,0,0,1,7,0,0,1,1,6,1,-1,2902,2,7,-1,-1
20134100J0224,2,9,0,18,0,0,0,0,1,0,2,1,6,1,6,1998,2,9,2,1
20134100J0227,1,9,0,18,0,0,0,0,0,0,1,1,2,2,5,1598,2,2,10,1
20134100J0227,2,9,0,18,0,0,0,0,0,0,1,1,6,2,7,1598,1,4,6,2
20134100J0228,1,11,0,4,2,0,0,0,0,0,0,1,1,1,8,59,2,16,10,1
20134100J0233,1,9,0,16,0,0,1,0,7,10,1,1,2,1,9,1998,2,8,10,1
20134100J0233,2,9,0,17,0,0,0,0,0,0,1,1,2,2,8,1598,1,6,4,1
20134100J0233,3,9,0,17,0,0,0,0,0,0,1,1,2,1,6,1242,1,12,8,1
20134100J0234,1,9,0,9,0,8,0,0,0,0,1,1,6,1,4,-1,-1,-1,3,1
20134100J0234,2,9,0,18,0,4,0,0,0,0,2,1,6,2,6,1596,1,6,3,1
20134100J0235,1,9,0,18,0,0,0,0,0,0,1,1,6,1,11,1796,1,9,3,1
20134100J0235,2,9,0,18,0,0,5,0,0,0,1,1,6,1,9,1596,1,4,3,1
20134100J0238,1,4,0,9,0,1,0,0,0,0,1,1,1,1,5,125,1,3,6,1
20134100J0238,2,8,0,18,0,1,0,0,0,0,1,1,6,2,8,1199,1,12,4,1
20134100J0239,1,9,0,4,0,1,1,0,0,0,1,1,3,2,7,-1,-1,-1,-1,-1
20134100J0239,2,9,0,3,0,1,0,0,0,0,2,1,3,2,7,3456,8,2,10,2
20134100J0244,1,9,0,9,7,1,1,4,7,2,1,1,6,2,10,1598,1,13,10,3
20134100J0244,2,9,0,2,0,1,0,0,0,0,1,1,6,2,7,1598,1,12,10,1
20134100J0246,1,9,0,18,0,8,0,0,0,0,1,1,6,2,8,1596,1,7,6,2
20134100J0246,2,9,0,18,0,8,0,0,0,0,1,1,6,2,10,1360,1,12,9,1
20134100J0248,1,9,0,4,0,0,0,0,0,0,1,1,6,1,4,1124,1,11,8,1
20134100J0248,2,19,0,18,0,0,0,0,0,0,1,1,1,1,8,-1,-1,-1,5,1
20134100J0249,1,9,0,18,0,0,0,0,0,0,4,1,6,2,8,1388,1,6,6,1
20134100J0263,1,9,0,18,0,2,0,0,0,0,1,1,6,2,8,1796,1,9,-1,-1
20134100J0263,2,9,0,3,0,2,0,0,0,0,2,1,6,1,6,1493,1,14,4,1
20134100J0267,1,9,0,9,0,5,0,0,0,0,1,1,1,1,7,1149,1,11,5,3
20134100J0267,2,1,0,18,0,1,0,0,0,0,1,1,2,1,6,-1,-1,-1,3,1
20134100J0268,1,9,0,18,0,8,0,0,0,0,1,1,6,1,5,2148,2,8,-1,-1
20134100J0268,2,9,0,3,0,8,0,0,0,0,2,1,6,2,5,-1,-1,-1,4,1
20134100J0269,1,4,0,18,0,0,1,0,0,0,4,1,6,1,6,498,1,12,-1,-1
20134100J0269,2,9,0,18,0,0,0,0,0,0,0,1,6,1,6,1248,2,-1,10,1
20134100J0274,1,9,0,4,0,1,0,0,0,0,1,1,2,2,5,-1,-1,-1,7,1
20134100J0276,1,9,0,18,0,0,0,0,0,0,1,1,6,2,10,1242,1,9,-1,-1
20134100J0276,2,1,0,18,0,0,0,0,0,0,3,1,6,1,1,-1,-1,-1,6,1
20134100J0280,1,19,0,18,0,0,0,0,0,0,3,1,1,1,6,1896,2,6,5,1
20134100J0280,2,19,0,18,0,0,0,0,1,0,3,1,1,1,7,2198,2,1,8,3
20134100J0281,1,2,0,9,0,8,0,0,0,0,4,1,2,1,7,278,1,-1,3,1
20134100J0281,2,9,0,5,0,4,0,0,0,0,1,1,6,2,6,1198,1,5,6,1
20134100J0292,1,9,0,18,0,1,0,0,0,0,1,1,6,1,6,1461,2,7,-1,-1
20134100J0292,2,9,0,3,0,1,0,0,0,0,2,1,6,1,5,2993,2,-1,7,3
20134100J0296,1,9,0,4,0,1,0,0,0,0,4,1,2,1,6,1198,1,4,10,1
20134100J0296,2,9,0,7,0,5,1,0,0,0,1,1,6,1,8,1997,1,11,10,1
20134100J0297,1,9,0,7,0,1,0,0,0,0,4,1,2,2,5,-1,-1,-1,10,1
20134100J0301,1,9,0,9,0,8,0,0,0,0,3,1,6,1,9,1998,1,21,4,1
20134100J0301,2,9,0,17,0,1,0,0,0,0,1,1,6,2,10,1341,1,9,8,1
20134100J0303,1,9,0,18,0,0,0,10,7,2,1,1,6,1,8,-1,-1,-1,9,1
20134100J0304,1,5,0,17,0,0,0,10,0,0,3,1,2,1,5,625,1,7,10,1
20134100J0304,2,9,0,16,0,0,0,0,0,0,4,1,6,1,4,1197,1,1,9,1
20134100J0305,1,9,0,18,0,0,0,0,0,0,1,1,6,2,9,1242,1,5,8,3
20134100J0305,2,9,0,2,0,0,0,0,0,0,2,1,6,1,-1,1199,1,10,-1,-1
20134100J0306,1,1,0,18,0,0,0,0,1,0,3,1,6,1,10,-1,-1,-1,10,2
20134100J0306,2,11,0,13,0,0,0,0,0,0,4,1,1,3,-1,-1,-1,-1,-1,-1
20134100J0308,1,9,0,5,0,3,0,0,1,0,4,1,2,1,6,-1,-1,-1,9,1
20134100J0308,2,9,0,2,6,2,0,0,0,0,3,1,6,2,-1,-1,-1,-1,-1,-1
20134100J0312,1,9,0,18,0,0,0,0,0,0,1,1,6,3,-1,-1,-1,-1,-1,-1
20134100J0313,1,9,0,18,0,1,0,0,0,0,1,1,6,1,6,1339,1,9,-1,-1
20134100J0313,2,9,0,3,0,1,0,0,0,0,2,1,6,2,7,1240,1,7,6,1
20134100J0313,3,9,0,10,0,1,0,0,0,0,2,1,6,1,7,1998,1,9,7,1
20134100J0314,1,9,0,3,0,1,0,0,0,0,4,1,2,1,8,-1,-1,-1,9,1
20134100J0314,2,4,0,5,0,1,0,0,0,0,2,1,2,1,9,652,1,11,10,3
20134100J0328,1,9,0,5,0,0,0,0,0,0,3,1,6,1,10,1973,1,15,8,1
20134100J0328,2,1,0,18,0,0,0,0,0,0,1,1,6,1,8,-1,-1,-1,7,1
20134100J0331,1,9,0,5,0,0,0,0,0,0,0,1,6,1,7,-1,-1,-1,-1,-1
20134100J0331,2,9,0,18,0,0,0,0,0,0,2,1,6,2,7,1560,2,2,8,1
20134100J0331,3,9,0,18,0,0,0,0,0,0,1,1,6,1,4,1229,1,5,-1,-1
20134100J0334,1,9,0,18,0,0,2,0,7,4,1,1,1,1,5,-1,-1,-1,5,2
20134100J0335,1,9,0,18,0,1,0,0,0,0,1,1,6,1,9,1796,1,13,2,1