Accident_Index,Vehicle_Reference,Vehicle_Type,Towing_and_Articulation,Vehicle_Manoeuvre,Vehicle_Location-Restricted_Lane,Junction_Location,Skidding_and_Overturning,Hit_Object_in_Carriageway,Vehicle_Leaving_Carriageway,Hit_Object_off_Carriageway,1st_Point_of_Impact,Was_Vehicle_Left_Hand_Drive?,Journey_Purpose_of_Driver,Sex_of_Driver,Age_Band_of_Driver,Engine_Capacity_(CC),Propulsion_Code,Age_of_Vehicle,Driver_IMD_Decile,Driver_Home_Area_Type
20134100K0089,1,9,0,18,0,8,0,0,0,0,1,1,2,2,6,1242,1,3,10,1
20134100K0089,2,9,0,9,0,8,0,0,0,0,3,1,2,2,6,1389,1,12,6,1
20134100K0090,1,9,0,18,0,0,0,0,0,0,1,1,6,2,4,998,1,6,6,1
20134100K0090,2,9,0,7,0,0,1,0,0,0,1,1,6,3,4,-1,-1,-1,-1,-1
20134100K0092,1,3,0,18,0,0,1,0,0,0,3,1,6,1,8,124,1,-1,-1,-1
20134100K0093,1,9,0,10,0,8,0,0,0,0,1,1,6,1,6,1995,1,3,-1,-1
20134100K0093,2,9,0,18,0,8,0,0,0,0,1,1,6,1,8,-1,-1,-1,7,1
20134100K0094,1,9,0,4,0,1,0,0,0,0,1,1,6,1,8,1997,2,5,7,1
20134100K0094,2,9,0,3,0,1,0,0,0,0,2,1,6,2,7,1198,1,8,9,1
20134100K0096,1,9,0,18,0,1,0,0,0,0,1,1,6,2,5,1596,1,11,-1,-1
20134100K0096,2,9,0,7,0,6,0,0,0,0,3,1,6,2,8,1769,1,12,8,1
20134100K0104,1,9,0,18,0,8,0,0,0,0,2,1,6,1,-1,2188,2,13,1,1
20134100K0104,2,9,0,18,0,8,0,0,0,0,1,1,6,1,7,1461,2,10,5,1
20134100K0107,1,2,0,18,0,1,0,4,0,0,1,1,1,1,5,49,1,7,3,1
20134100K0107,2,9,0,2,0,1,0,0,0,0,2,1,6,1,7,-1,-1,-1,4,1
20134100K0108,1,9,0,18,0,0,0,0,0,0,1,1,1,2,9,1596,1,6,10,3
20134100K0108,2,9,0,6,0,0,0,0,0,0,4,1,3,2,6,1364,1,5,8,1
20134100K0110,1,9,0,18,0,4,0,0,0,0,3,1,6,2,5,1198,1,11,7,1
20134100K0110,2,1,0,18,0,8,0,0,0,0,1,1,2,1,6,-1,-1,-1,7,1
20134100K0113,1,9,0,14,0,0,5,10,7,9,3,1,6,1,5,1696,1,11,4,1
20134100K0118,1,9,0,18,0,0,0,7,1,4,1,1,6,1,6,1199,1,13,9,1
20134100K0120,1,9,0,18,0,0,0,0,0,0,2,1,6,1,8,-1,-1,-1,5,1
20134100K0120,2,1,0,18,0,0,0,0,0,0,1,1,6,1,5,-1,-1,-1,8,1
20134100K0121,1,20,0,12,0,1,0,0,0,0,0,1,6,3,-1,-1,-1,-1,-1,-1
20134100K0121,2,9,0,18,0,1,0,0,0,0,0,1,2,2,5,1197,1,1,9,1
20134100K0123,1,9,0,12,0,0,0,0,0,0,1,1,6,1,11,1388,1,2,10,2
20134100K0123,2,21,1,2,0,0,0,0,0,0,2,2,1,1,8,-1,-1,-1,-1,-1
20134100K0126,1,9,0,18,0,1,0,0,0,0,1,1,6,1,4,1149,1,11,7,1
20134100K0126,2,9,0,4,0,1,0,0,0,0,2,1,6,2,4,1299,1,14,10,1
20134100K0126,3,9,0,10,0,1,0,0,0,0,2,1,6,2,6,-1,-1,-1,8,1
20134100K0127,1,9,0,1,9,8,0,0,0,0,2,1,6,2,6,1339,1,2,-1,-1
20134100K0144,1,9,0,18,0,0,2,10,1,1,1,1,6,1,6,1995,1,17,1,1
20134100K0145,1,2,0,18,0,1,0,0,0,0,0,1,6,2,6,124,1,1,4,1
20134100K0145,2,9,0,7,0,6,0,0,0,0,0,1,6,3,-1,-1,-1,-1,-1,-1
20134100K0149,1,9,0,16,0,0,0,0,0,0,1,1,6,1,9,3311,8,7,9,2
20134100K0149,2,9,0,17,0,0,0,0,0,0,1,1,6,2,8,1896,2,13,4,1
20134100K0150,1,9,0,18,0,1,0,0,0,0,1,1,1,1,8,1997,2,11,4,1
20134100K0161,1,9,0,18,0,2,0,0,0,0,3,1,2,2,5,1200,1,11,5,1
20134100K0166,1,9,0,18,0,8,0,0,0,0,1,1,6,1,7,-1,-1,-1,10,1
20134100K0166,2,9,0,18,0,8,0,0,0,0,4,1,6,1,8,1598,1,11,7,1
20134100K0168,1,9,0,9,0,8,0,0,0,0,4,1,6,1,5,1896,2,11,4,1
20134100K0168,2,9,0,18,0,8,0,0,0,0,1,1,6,2,5,999,1,-1,4,3
20134100K0173,1,9,0,18,0,2,0,0,0,0,1,1,6,1,9,-1,-1,-1,-1,-1
20134100K0175,1,9,0,4,0,1,0,0,0,0,1,1,6,1,-1,-1,-1,-1,-1,-1
20134100K0175,2,9,0,3,0,1,0,0,0,0,2,1,1,1,8,1686,2,4,4,1
20134100K0176,1,5,0,9,0,8,0,0,0,7,1,1,6,1,7,659,1,3,2,1
20134100K0182,1,11,0,18,0,1,0,0,0,0,4,1,1,1,6,4500,2,5,7,3
20134100K0182,2,20,0,4,0,1,0,0,0,0,0,1,1,1,7,6692,2,5,5,1
20134100K0182,3,1,0,18,0,1,0,0,0,0,1,1,6,1,11,-1,-1,-1,-1,-1
20134100K0184,1,9,0,18,0,0,1,0,1,9,1,1,1,1,10,1598,1,11,6,1
20134100K0187,1,9,0,5,0,1,0,0,0,0,4,1,6,2,7,1599,1,9,1,1
20134100K0192,1,9,0,3,0,0,0,0,0,0,2,1,6,2,7,1397,1,10,4,1
20134100K0192,2,9,0,3,0,0,0,0,0,0,2,1,6,2,7,1679,1,12,5,1
20134100K0192,3,9,0,18,0,0,0,0,0,0,1,1,6,1,-1,-1,-1,-1,-1,-1
20134100K0193,1,19,0,4,0,0,0,0,0,0,1,1,6,1,8,2299,2,1,9,2
20134100K0193,2,9,0,3,0,0,0,0,0,0,2,1,6,1,6,-1,-1,-1,10,1
20134100K0193,3,9,0,3,0,0,0,0,0,0,2,1,6,1,10,1973,1,14,4,1
20134100K0193,4,9,0,3,0,0,0,0,0,0,2,1,6,1,8,1995,2,2,2,1
20134100K0194,1,9,0,16,0,0,0,0,0,0,1,1,6,1,7,2993,2,8,10,1
20134100K0194,2,9,0,9,8,0,0,0,0,0,3,1,6,1,8,-1,-1,-1,8,1
20134100K0195,1,9,0,18,0,8,5,0,0,0,3,1,6,1,5,1360,1,13,8,3
20134100K0195,2,9,0,18,0,1,0,0,0,0,1,1,6,1,8,1796,1,6,10,1
20134100K0195,3,9,0,9,0,6,0,0,0,0,4,1,6,1,7,998,1,1,8,3
20134100K0211,1,9,0,6,0,8,0,0,0,0,3,1,6,2,8,-1,-1,-1,7,1
20134100K0211,2,9,0,18,0,4,1,0,0,0,4,1,6,2,6,1368,1,3,10,1
20134100K0212,1,9,0,4,0,1,0,0,0,0,0,1,6,3,-1,-1,-1,-1,-1,-1
20134100K0212,2,1,0,18,0,1,1,0,0,0,0,1,2,1,5,-1,-1,-1,8,1
20134100K0212,3,90,0,2,0,1,0,0,0,0,0,1,1,3,-1,-1,-1,-1,-1,-1
20134100K0216,1,8,0,9,0,8,0,0,1,10,4,1,1,1,9,2902,2,7,7,1
20134100K0216,2,8,0,18,0,8,0,0,0,0,1,1,1,1,8,1896,2,6,7,1
20134100K0216,3,9,0,3,0,1,0,0,0,0,1,1,6,2,9,1995,2,8,10,1
20134100K0216,4,9,0,3,0,1,0,0,0,0,1,1,6,1,10,1248,1,1,8,1
20134100K0218,1,9,0,18,0,1,0,0,0,0,1,1,6,1,6,1493,2,2,-1,-1
20134100K0218,2,9,0,4,0,1,0,0,0,0,2,1,6,2,8,2143,2,2,10,1
20134100K0225,1,9,0,18,0,8,0,0,0,0,1,1,6,1,7,-1,-1,-1,-1,-1
20134100K0225,2,9,0,18,0,8,0,0,0,0,2,1,1,2,7,-1,-1,-1,4,1
20134100K0226,1,4,0,18,0,2,0,0,4,1,1,1,6,1,6,599,1,3,-1,-1
20134100K0228,1,9,0,9,0,6,0,0,0,0,1,1,2,2,6,1240,1,9,5,1
20134100K0228,2,9,0,18,0,1,0,0,0,0,1,1,3,2,7,1461,2,6,10,3
20134100K0229,1,9,0,2,0,0,0,0,0,0,3,1,6,2,-1,1390,1,10,3,1
20134100K0229,2,9,0,15,0,0,0,8,0,0,1,1,6,1,-1,1560,2,6,4,1
20134100K0235,1,9,0,9,0,8,0,0,0,0,1,1,2,1,6,-1,-1,-1,3,1
20134100K0235,2,1,0,18,0,8,0,0,0,0,1,1,2,1,5,-1,-1,-1,10,1
20134100K0236,1,9,0,9,0,8,0,0,0,1,4,1,2,1,6,1598,1,6,10,1
20134100K0236,2,9,0,18,0,8,0,0,0,0,1,1,6,2,7,1598,1,9,9,2
20134100K0241,1,9,0,18,0,3,0,0,0,0,4,1,2,2,9,1598,1,2,8,1
20134100K0242,1,9,0,5,0,8,0,0,0,0,4,1,2,1,8,1968,2,3,8,1
20134100K0242,2,1,0,5,0,8,0,0,0,0,1,1,6,2,10,-1,-1,-1,-1,-1
20134100K0256,1,9,0,3,0,1,0,0,0,0,2,1,6,2,9,1242,1,4,4,1
20134100K0256,2,9,0,18,0,1,0,0,0,0,1,1,6,1,5,-1,-1,-1,8,1
20134100K0269,1,9,0,4,0,0,1,0,0,0,2,1,2,1,5,1968,2,8,10,2
20134100K0269,2,19,0,4,0,0,1,0,0,0,1,1,1,1,8,2198,2,5,4,1
20134100K0269,3,9,0,4,0,0,1,0,0,0,1,1,2,2,7,1796,1,12,3,1
20134100K0269,4,9,0,4,0,0,1,0,0,0,1,1,1,1,7,2179,2,-1,4,1
20134100K0270,1,9,0,16,0,2,0,0,0,0,1,1,2,1,4,1149,1,10,-1,-1
20134100K0270,2,1,0,18,0,2,0,0,0,0,3,1,4,1,3,-1,-1,-1,9,1
20134100K0271,1,9,0,7,0,8,0,0,0,0,4,1,6,1,7,1596,1,-1,8,1
20134100K0271,2,1,0,18,0,8,0,0,0,0,1,1,6,1,2,-1,-1,-1,8,1
20134100K0276,1,9,0,18,0,0,0,0,0,0,1,1,6,1,7,1240,1,6,3,1
20134100K0276,2,19,0,4,0,0,0,0,0,0,2,1,6,1,7,2461,2,2,4,1
20134100K0283,1,9,0,10,0,1,0,0,0,0,2,1,6,2,4,1149,1,11,6,1
20134100K0283,2,19,0,18,0,1,1,0,0,0,1,1,2,1,4,2977,2,11,-1,-1
20134100K0285,1,11,0,4,0,0,0,0,0,0,1,1,1,1,8,5900,2,13,4,1
20134100K0287,1,3,0,17,0,1,1,7,7,10,1,1,6,1,9,124,1,4,3,1
20134100K0287,2,9,0,4,0,1,0,0,0,0,1,1,6,2,7,-1,-1,-1,4,1
20134100K0288,1,5,0,18,0,1,0,0,0,0,1,1,1,1,8,279,1,5,1,1
20134100K0288,2,19,0,9,0,8,0,0,0,0,3,1,1,1,7,1399,2,3,10,1
20134100K0292,1,9,0,4,0,3,0,0,0,0,1,1,6,2,6,1560,2,2,-1,-1
20134100K0292,2,9,0,3,0,3,0,0,0,0,2,1,6,2,9,1399,2,9,7,2
20134100K0292,3,9,0,3,0,3,0,0,0,0,0,1,6,2,7,-1,-1,-1,-1,-1
20134100K0293,1,9,0,3,0,1,0,0,0,0,2,1,6,1,7,1599,1,13,5,1
20134100K0293,2,9,0,18,0,1,0,0,0,0,1,1,6,2,7,1998,2,8,5,1
20134100K0300,1,19,0,18,0,1,0,0,0,0,1,1,1,1,4,1753,2,15,7,1
20134100K0300,2,9,0,9,0,8,1,0,0,0,1,1,3,2,8,-1,-1,-1,9,3
20134100K0314,1,9,0,18,0,2,5,4,0,0,1,1,6,2,5,1796,1,4,10,1
20134100K0314,2,9,0,2,0,1,0,4,0,0,1,1,6,3,9,1388,1,2,7,1
20134100K0314,3,9,0,2,0,1,0,4,0,0,2,1,6,3,6,1598,1,8,7,1
20134100K0314,4,9,0,2,0,1,0,0,0,0,3,1,6,3,8,1896,2,7,7,1
20134100K0315,1,2,0,18,0,8,0,0,0,0,1,1,6,2,5,49,1,8,2,1
20134100K0315,2,9,0,18,0,3,0,0,0,0,2,1,6,2,7,1998,2,9,8,1
20134100K0322,1,9,0,18,0,0,0,0,0,0,1,1,6,2,7,1997,2,1,10,1
20134100K0325,1,9,0,9,0,5,0,0,0,0,4,1,6,2,8,1248,2,6,-1,-1
20134100K0325,2,9,0,18,0,1,0,0,0,0,1,1,6,2,5,1242,1,2,4,1
20134100K0326,1,10,0,18,0,2,0,0,0,0,3,1,6,3,-1,-1,-1,-1,-1,-1
20134100K0326,2,9,0,3,0,1,0,0,0,0,3,1,6,2,10,1598,1,4,5,1
20134100K0329,1,9,0,16,0,0,0,0,0,0,1,1,2,1,6,1596,1,13,8,1
20134100K0329,2,21,0,17,0,0,0,0,0,0,1,1,1,1,9,-1,2,18,5,1
20134100K0330,1,9,0,18,0,0,0,0,0,0,1,1,1,2,5,-1,-1,-1,9,2
20134100K0330,2,9,0,18,0,0,0,0,0,0,2,1,6,2,8,1598,1,4,3,1
20134100K0330,3,9,0,18,0,0,0,0,0,0,1,1,6,1,8,2776,2,8,4,1
20134100K0331,1,9,0,4,0,1,0,0,0,0,3,1,6,2,4,1242,1,5,8,2
20134100K0331,2,9,0,4,0,1,0,0,0,0,4,1,6,2,6,2034,1,8,7,1
20134100K0332,1,20,0,18,0,0,0,0,0,0,1,1,1,1,7,-1,-1,-1,1,1
20134100K0332,2,9,0,3,0,0,0,0,0,0,2,1,6,1,5,-1,-1,-1,7,1
20134100K0332,3,9,0,3,0,0,0,0,0,0,2,1,6,2,6,1360,1,10,4,1
20134100K0332,4,9,0,3,0,0,0,0,0,0,2,1,6,1,8,1896,2,12,8,1
20134100K0335,1,19,0,5,0,4,0,0,0,0,1,1,6,1,8,-1,-1,-1,4,1
20134100K0335,2,9,0,9,0,3,0,0,0,0,4,1,6,2,8,2148,2,10,5,1
20134100K0338,1,5,0,13,0,8,0,0,7,10,1,1,6,1,6,1050,1,3,4,1
20134100K0338,2,19,0,9,0,5,0,0,0,0,3,1,1,1,6,2287,2,2,10,2
20134100K0339,1,9,0,18,0,0,0,0,0,0,1,1,6,2,5,999,1,-1,7,2
20134100K0339,2,9,0,18,0,0,0,0,0,0,2,1,6,1,4,1686,2,1,8,1
20134100K0340,1,3,0,18,0,0,1,0,5,6,3,1,6,1,6,125,1,2,-1,-1
20134100K0342,1,9,0,17,0,3,5,10,4,1,1,1,6,1,7,2521,1,5,6,1
20134100K0344,1,9,0,9,0,8,0,0,0,0,1,1,6,2,6,-1,-1,-1,5,1
20134100K0344,2,9,0,18,0,8,0,0,0,0,1,1,6,1,4,998,1,4,10,1
20134100K0345,1,1,0,18,0,0,0,0,0,0,1,1,6,1,7,-1,-1,-1,4,1
20134100K0350,1,9,0,9,0,5,0,0,0,0,1,1,6,1,7,2143,2,1,5,1
20134100K0350,2,9,0,18,0,8,0,0,0,0,1,1,6,2,6,1299,1,12,7,1
20134100K0357,1,19,0,18,0,1,0,0,0,0,1,1,6,1,6,-1,-1,-1,-1,-1
20134100K0357,2,9,0,3,0,1,0,0,0,0,2,1,6,2,4,999,1,4,4,1
20134100K0362,1,4,0,9,0,1,1,0,1,10,1,1,6,1,-1,599,1,9,-1,-1
20134100K0362,2,3,0,9,0,1,1,0,0,0,1,1,6,1,-1,-1,-1,-1,-1,-1
20134100K0362,3,9,0,9,0,1,1,0,0,0,3,1,6,1,6,2495,2,-1,4,1
20134100K0366,1,9,0,9,0,6,0,0,0,0,1,1,6,1,9,999,1,5,7,1
20134100K0366,2,1,0,18,0,1,0,0,0,0,4,1,6,1,8,-1,-1,-1,4,1
20134100K0367,1,9,0,18,0,0,0,0,0,0,1,1,2,1,7,1798,1,6,10,1
20134100K0367,2,9,0,4,0,0,0,0,0,0,2,1,2,1,7,1598,1,6,5,1
20134100K0376,1,9,0,17,0,0,0,0,7,1,1,1,6,2,4,-1,-1,-1,2,1
20134100K0377,1,9,0,18,0,1,0,0,0,0,1,1,6,2,4,1242,1,-1,10,1
20134100K0377,2,9,0,7,0,6,1,0,0,0,1,1,6,1,6,2198,1,7,-1,3
20134100K0379,1,2,0,16,0,0,0,0,0,0,1,1,4,1,4,49,1,1,4,1
20134100K0379,2,9,0,17,0,0,0,0,0,0,3,1,6,1,10,-1,-1,-1,7,1
20134100K0383,1,9,0,5,0,0,0,0,0,0,3,1,6,2,6,-1,-1,-1,-1,-1
20134100K0384,1,9,0,9,0,6,0,0,0,0,1,1,3,1,5,1598,1,12,3,1
20134100K0384,2,9,0,18,0,1,0,0,0,0,4,1,1,2,7,999,1,4,2,1
20134100K0385,1,9,0,9,0,5,0,0,0,0,4,1,6,1,6,-1,-1,-1,3,1
20134100K0385,2,9,0,18,0,8,0,0,0,0,1,1,6,2,7,1589,1,13,3,1
20134100K0386,1,3,0,14,0,2,0,0,0,0,4,1,1,1,4,-1,-1,-1,3,1
20134100K0386,2,19,0,5,0,2,0,0,0,0,3,1,1,1,6,1998,2,9,5,1
20134100K0388,1,11,0,18,0,1,0,0,0,0,0,1,6,1,8,5900,2,13,4,1
20134100K0388,2,2,0,9,0,6,0,0,0,0,0,1,6,3,-1,-1,-1,-1,-1,-1
20134100K0389,1,9,0,3,0,0,0,0,0,0,2,1,6,1,7,-1,-1,-1,7,1
20134100K0389,2,9,0,18,0,0,0,0,0,0,1,1,6,2,5,998,1,8,10,2
20134100K0399,1,3,0,18,0,1,0,0,0,0,2,1,2,2,7,50,1,12,10,1
20134100K0399,2,9,0,9,0,6,0,0,0,0,1,1,2,1,4,-1,-1,-1,7,1
20134100K0401,1,9,0,18,0,0,0,0,0,0,1,1,6,1,5,1242,1,2,7,1
20134100K0401,2,9,0,4,0,0,0,0,0,0,2,1,6,2,7,1388,1,11,8,1
20134100K0417,1,9,0,18,0,0,0,0,0,0,1,1,6,2,4,1242,1,4,-1,-1
20134100K0417,2,9,0,18,0,0,0,0,0,0,2,1,6,1,6,1995,1,8,4,1
20134100K0417,3,9,0,5,0,0,0,0,0,0,0,1,6,3,-1,-1,-1,-1,-1,-1
20134100K0418,1,9,0,17,0,0,1,0,1,4,1,1,6,2,5,1242,1,3,7,1
20134100K0419,1,9,0,8,9,6,0,0,0,0,1,1,6,1,10,-1,-1,-1,7,1
20134100K0420,1,9,0,5,0,0,0,0,0,0,1,1,6,2,8,2688,2,11,3,1
20134100K0420,2,2,0,18,0,0,0,0,0,0,1,1,4,2,4,-1,-1,-1,7,1
20134100K0420,3,9,0,18,0,0,0,0,0,0,1,1,6,1,6,-1,-1,-1,7,1
20134100K0428,1,9,0,18,0,0,0,0,1,10,1,1,6,2,10,1998,1,9,10,1
20134100K0429,1,9,0,13,0,0,0,0,0,0,4,1,6,1,10,1399,1,5,8,1
20134100K0429,2,1,0,18,0,0,0,0,0,0,1,1,6,1,6,-1,-1,-1,3,1
20134100K0430,1,9,0,18,0,0,0,0,0,0,1,1,6,1,5,1339,1,2,-1,-1
20134100K0430,2,9,0,3,0,0,0,0,0,0,2,1,1,2,7,998,1,7,4,1
20134100K0433,1,9,0,9,0,8,0,0,3,2,1,1,6,1,7,-1,-1,-1,1,1
20134100K0435,1,9,0,18,0,0,0,0,0,0,1,1,6,1,-1,1587,1,13,-1,-1
20134100K0435,2,9,0,4,0,0,0,0,0,0,2,1,6,2,6,-1,-1,-1,5,1
20134100K0438,1,9,0,4,0,1,0,0,0,0,1,1,6,1,5,998,1,10,5,1
20134100K0441,1,9,0,9,0,6,0,0,0,0,3,1,6,1,-1,-1,-1,-1,-1,-1
20134100K0441,2,1,0,18,0,1,0,0,0,0,1,1,6,1,8,-1,-1,-1,7,1
20134100K0447,1,3,0,16,0,0,0,0,0,0,1,1,6,1,5,124,1,3,7,1
20134100K0447,2,9,0,17,0,0,1,0,0,0,1,1,6,2,4,973,1,12,10,1
20134100K0450,1,9,0,18,0,0,0,0,0,0,1,1,6,1,5,1149,1,6,3,1
20134100K0453,1,9,0,18,0,8,0,0,0,0,3,1,6,1,6,-1,-1,-1,4,1
20134100K0453,2,9,0,11,0,8,0,0,0,0,4,1,6,1,8,2188,2,9,4,1
20134100K0455,1,9,0,18,0,0,0,4,7,0,1,1,1,1,8,-1,-1,-1,5,1
20134100K0455,2,9,0,2,9,0,0,0,0,0,2,1,6,3,-1,1229,1,6,-1,-1
20134100K0456,1,9,0,18,0,0,0,0,0,0,1,1,6,2,-1,-1,-1,-1,-1,-1
20134100K0456,2,19,0,3,0,0,0,0,0,0,2,1,1,1,7,2464,2,2,7,1
20134100K0462,1,9,0,11,0,0,0,0,0,0,1,1,6,1,-1,-1,-1,-1,-1,-1
20134100K0462,2,4,0,18,0,0,0,0,0,0,2,1,6,1,5,124,1,2,8,1
20134100K0465,1,9,0,18,0,0,0,0,0,0,1,1,6,1,6,-1,-1,-1,8,1
20134100K0465,2,11,0,18,0,0,0,0,0,0,1,1,1,1,7,5883,2,12,4,1
20134100K0467,1,9,0,18,0,3,1,10,1,2,1,1,6,1,11,1596,1,7,6,1
20134100K0469,1,9,0,18,0,3,0,0,0,0,4,1,6,3,-1,-1,-1,-1,-1,-1
20134100K0474,1,9,0,1,0,2,0,0,0,0,2,1,1,1,5,1390,1,1,5,1
20134100K0486,1,9,0,9,0,5,0,0,0,0,4,1,6,1,7,1598,1,13,4,1
20134100K0486,2,1,0,18,0,1,0,0,0,0,1,1,6,1,10,-1,-1,-1,8,1
20134100K0488,1,9,0,18,0,0,0,0,0,0,1,1,6,2,8,1242,1,3,10,1
20134100K0488,2,1,0,18,0,0,0,0,0,0,1,1,6,1,3,-1,-1,-1,4,1
20134100K0492,1,9,0,5,0,4,0,0,0,0,1,1,6,1,5,-1,-1,-1,9,3
20134100K0492,2,9,0,5,0,4,0,0,0,0,2,1,6,2,5,599,1,11,2,1
20134100K0497,1,9,0,12,0,0,0,0,0,0,0,1,6,3,-1,2995,1,4,-1,-1
20134100K0497,2,9,0,12,0,0,0,0,0,0,2,2,6,1,6,-1,-1,-1,-1,-1
20134100K0497,3,9,0,12,0,0,0,0,0,0,1,1,6,1,7,-1,-1,-1,8,3
20134100K0497,4,9,0,12,0,0,0,0,0,0,1,1,6,1,7,2987,2,4,-1,1
20134100K0500,1,9,0,9,0,8,0,0,0,0,1,1,2,1,7,2204,2,7,10,1
20134100K0500,2,1,0,5,0,4,0,0,0,0,3,1,6,1,6,-1,-1,-1,-1,-1
20134100K0501,1,9,0,18,0,2,0,0,0,0,1,1,6,2,8,998,1,10,7,1
20134100K0501,2,9,0,9,0,2,0,0,0,0,3,1,6,2,7,-1,-1,-1,7,1
20134100K0502,1,9,0,4,0,8,0,0,0,0,0,1,1,1,9,-1,-1,-1,7,1
20134100K0502,2,1,0,4,0,1,0,0,0,0,0,1,2,1,8,-1,-1,-1,7,1
20134100K0504,1,2,0,4,0,1,0,0,0,0,1,1,6,1,6,124,1,-1,-1,-1
20134100K0504,2,9,0,9,0,6,0,0,0,0,3,1,6,1,6,1999,1,8,-1,-1
20134100K0506,1,9,0,5,0,1,0,0,0,0,1,1,6,2,9,-1,-1,-1,3,1
20134100K0507,1,1,0,18,0,1,0,0,0,0,1,1,2,1,8,-1,-1,-1,10,1
20134100K0507,2,9,0,9,0,6,0,0,0,0,1,1,6,1,-1,1995,1,5,-1,-1
20134100K0509,1,9,0,5,0,1,0,0,0,0,1,1,6,1,6,1598,1,9,10,2
20134100K0509,2,3,0,3,0,1,0,0,0,0,2,1,1,1,8,124,1,12,7,1
20134100K0511,1,19,0,18,0,0,0,0,0,0,1,1,2,1,4,1753,2,8,-1,-1
20134100K0511,2,9,0,3,0,0,0,0,0,0,2,1,2,2,5,1299,1,7,4,1
20134100K0512,1,9,0,18,0,0,0,0,1,4,2,1,6,2,9,-1,-1,-1,4,1
20134100K0515,1,9,0,5,0,1,0,0,0,0,2,1,6,2,9,1389,1,15,1,1
20134100K0515,2,9,0,18,0,1,0,0,0,0,1,1,6,3,-1,-1,-1,-1,-1,-1
20134100K0517,1,9,0,2,0,0,0,0,0,0,3,1,6,1,7,1896,2,5,8,1
20134100K0517,2,9,0,18,0,0,0,8,0,0,1,1,6,2,6,1998,1,14,8,1
20134100K0518,1,1,0,18,4,8,0,0,0,0,1,1,6,1,8,-1,-1,-1,7,1
20134100K0518,2,9,0,9,0,8,0,0,0,0,4,1,6,2,7,1229,1,1,3,1
20134100K0520,1,9,0,18,0,6,0,0,0,0,1,1,6,1,6,1984,1,12,10,1
20134100K0520,2,1,0,18,0,6,0,0,0,0,2,1,6,1,9,-1,-1,-1,5,1
20134100K0521,1,9,0,5,0,1,0,0,0,0,1,1,1,2,6,998,1,-1,-1,-1
20134100K0529,1,9,0,4,0,0,0,0,0,0,2,1,6,1,8,1747,1,9,3,1
20134100K0529,2,19,0,18,0,0,0,0,0,0,1,1,2,1,6,2143,2,1,7,1
20134100K0531,1,9,0,18,0,0,0,0,0,0,1,1,6,2,5,1229,1,5,3,1
20134100K0536,1,9,0,5,0,6,0,0,0,0,1,1,6,1,11,1198,1,-1,5,1
20134100K0536,2,1,0,18,0,8,0,0,0,0,4,1,2,1,8,-1,-1,-1,5,1
20134100K0538,1,9,0,4,0,1,0,0,0,0,2,1,6,1,4,1199,1,12,7,1
20134100K0538,2,9,0,4,0,1,0,0,0,0,1,1,6,1,10,1991,2,3,9,1
20134100K0543,1,19,0,18,0,3,0,0,0,0,1,1,6,1,7,2402,2,8,-1,-1
20134100K0543,2,9,0,3,0,3,0,0,0,0,2,1,6,2,7,1399,2,3,3,1
20134100K0566,1,9,0,18,0,4,0,0,0,0,1,1,6,2,7,-1,-1,-1,10,1
20134100K0566,2,9,0,9,0,4,0,0,0,0,1,1,1,2,4,998,1,3,9,1
20134100K0574,1,9,0,18,0,0,0,0,0,0,4,1,6,1,9,-1,-1,-1,-1,-1
20134100K0578,1,9,0,18,0,0,5,0,0,0,1,1,6,2,8,1390,1,11,3,1
20134100K0578,2,9,0,2,0,0,0,0,0,0,2,1,6,3,-1,-1,-1,-1,8,1
20134100K0582,1,9,0,16,0,0,5,10,2,7,1,1,2,1,4,1198,1,2,10,1
20134100K0583,1,9,0,18,0,1,0,0,0,0,1,1,6,2,8,1598,1,5,10,1
20134100K0583,2,9,0,3,0,1,0,0,3,0,2,1,6,1,6,998,1,3,3,1
20134100K0587,1,9,0,17,0,1,2,10,2,2,4,1,6,2,4,1242,1,3,10,1
20134100K0594,1,9,0,18,0,0,1,0,0,0,1,1,6,1,6,1997,2,12,6,1
20134100K0597,1,19,0,9,0,1,0,0,0,0,1,1,6,1,9,3920,2,9,7,2
20134100K0597,2,9,0,16,0,1,0,0,0,0,1,1,1,1,8,2494,1,9,2,1
20134100K0598,1,9,0,18,0,0,5,0,7,4,1,1,6,1,6,-1,-1,-1,8,3
20134100K0605,1,9,0,9,0,6,0,0,0,0,1,1,6,2,-1,-1,-1,-1,-1,-1
20134100K0605,2,9,0,18,0,1,0,0,0,0,1,1,1,1,6,1199,1,12,5,1
20134100K0609,1,9,0,18,0,8,0,0,0,0,1,1,6,2,5,995,1,7,10,1
20134100K0609,2,19,0,9,0,6,0,0,0,0,1,1,6,1,7,-1,-1,-1,4,1
20134100K0611,1,9,0,18,0,1,0,0,0,0,1,1,6,1,6,1229,1,-1,-1,-1
20134100K0611,2,9,0,3,0,1,0,0,0,0,2,1,6,2,7,1368,1,5,5,1
20134100K0619,1,1,0,18,0,8,0,0,0,0,2,1,6,1,7,-1,-1,-1,-1,-1
20134100K0619,2,9,0,18,0,8,0,0,0,0,1,1,6,2,5,1242,1,1,5,1
20134100K0624,1,21,1,18,0,1,0,0,0,0,1,1,1,1,7,12777,2,4,9,1
20134100K0624,2,9,0,3,0,1,0,0,0,0,2,1,6,1,8,1598,1,1,4,1
20134100K0625,1,9,0,9,0,8,0,0,0,0,1,1,6,2,8,1422,2,9,10,1
20134100K0625,2,9,0,18,0,8,0,0,0,0,3,1,6,1,7,-1,-1,-1,10,2
20134100K0628,1,9,0,16,0,0,0,0,0,0,1,1,3,2,7,-1,-1,-1,3,1
20134100T1002,1,19,0,18,0,0,0,0,0,0,4,1,6,1,-1,-1,-1,-1,-1,-1
20134100T1002,2,21,0,2,6,0,0,0,0,0,0,1,1,1,6,5900,2,6,10,1