Accident_Index,Vehicle_Reference,Vehicle_Type,Towing_and_Articulation,Vehicle_Manoeuvre,Vehicle_Location-Restricted_Lane,Junction_Location,Skidding_and_Overturning,Hit_Object_in_Carriageway,Vehicle_Leaving_Carriageway,Hit_Object_off_Carriageway,1st_Point_of_Impact,Was_Vehicle_Left_Hand_Drive?,Journey_Purpose_of_Driver,Sex_of_Driver,Age_Band_of_Driver,Engine_Capacity_(CC),Propulsion_Code,Age_of_Vehicle,Driver_IMD_Decile,Driver_Home_Area_Type
20134100T1006,1,9,0,18,0,0,0,0,5,6,1,1,6,2,6,-1,-1,-1,2,1
20134100T1007,1,9,0,18,0,0,1,0,0,0,1,1,1,1,6,1753,2,7,1,1
20134100T1007,2,9,0,18,0,0,1,0,1,0,2,1,6,1,9,2401,2,11,3,1
20134100T1007,3,21,1,18,0,0,0,0,0,0,1,1,1,1,8,12419,2,1,-1,2
20134100T1009,1,9,0,18,0,0,2,0,4,6,3,1,6,2,7,1598,1,9,3,1
20134100T1009,2,9,0,18,0,0,1,0,0,0,1,1,6,2,7,-1,-1,-1,5,1
20134100T1017,1,9,0,18,0,0,1,0,5,6,1,1,6,2,8,1796,1,6,5,1
20134100T1018,1,9,0,18,0,7,0,0,0,0,1,1,6,1,6,2771,1,14,4,1
20134100T1018,2,9,0,18,0,5,0,0,0,0,1,1,6,1,8,1349,1,6,9,1
20134100T1026,1,9,0,18,0,0,0,0,2,7,4,1,6,1,9,1299,1,10,-1,-1
20134100T1027,1,9,0,18,0,0,1,0,1,10,3,1,6,1,6,1339,1,7,10,2
20134100T1028,1,8,0,11,0,0,1,0,8,6,1,1,1,1,8,1686,2,7,2,1
20134100T1029,1,9,0,18,0,0,0,0,0,0,2,1,6,1,9,1796,1,8,7,1
20134100T1029,2,9,0,18,0,0,0,0,0,0,1,1,6,3,-1,-1,-1,-1,-1,-1
20134100T1030,1,9,0,18,0,0,1,0,0,0,3,1,2,1,6,1998,1,8,9,1
20134100T1030,2,9,0,11,0,0,1,0,2,7,4,1,2,1,9,-1,-1,-1,8,1
20134100T1033,1,9,0,4,0,0,0,0,0,0,0,1,6,3,-1,-1,-1,-1,-1,-1
20134100T1033,2,9,0,4,0,0,1,0,0,0,2,1,6,1,-1,1998,1,13,4,1
20134100T1033,3,9,0,18,0,0,1,0,0,0,1,1,1,2,6,1299,1,11,5,1
20134100T1035,1,9,0,4,0,0,0,0,0,0,1,1,6,1,7,1388,1,11,-1,-1
20134100T1035,2,9,0,4,0,0,0,0,0,0,2,1,6,1,7,1598,1,9,4,1
20134100T1037,1,9,0,18,0,0,5,0,1,6,1,1,6,2,5,1149,1,13,7,2
20134100T1038,1,9,0,12,0,0,5,0,0,0,4,1,6,2,5,1149,1,6,5,1
20134100T1038,2,9,0,12,0,0,0,0,0,0,3,1,6,2,9,2967,2,6,-1,-1
20134100T1039,1,9,0,18,0,0,0,0,0,0,0,1,6,1,8,4394,1,7,5,1
20134100T1040,1,19,0,12,0,0,0,0,0,0,0,1,6,3,-1,-1,-1,-1,-1,-1
20134100T1040,2,9,0,18,0,0,2,0,1,7,1,1,6,1,5,1995,2,4,4,1
20134100T1042,1,9,0,18,0,0,0,0,1,7,1,1,6,1,10,2993,2,8,3,1
20134100T1042,2,9,0,18,0,0,1,0,4,6,2,1,6,1,8,1896,2,7,7,1
20134100T1043,1,9,0,12,0,0,0,0,0,0,1,1,6,1,6,-1,-1,-1,3,1
20134100T1043,2,5,0,13,0,0,0,0,0,0,4,1,6,1,7,1170,1,1,8,1
20134100T1044,1,9,0,12,0,0,1,0,5,7,1,1,6,1,8,1596,1,6,4,1
20134100T1044,2,21,5,18,0,0,0,0,0,0,2,1,1,1,8,7790,2,6,1,1
20134100T1047,1,8,0,18,0,0,1,0,0,0,4,1,6,1,7,1997,2,5,5,1
20134100T1047,2,9,0,18,0,0,0,0,0,0,1,1,2,1,8,-1,-1,-1,3,1
20134100T1047,3,21,2,18,0,0,0,0,0,0,3,1,1,1,8,9200,2,2,4,1
20134100T1048,1,9,0,11,0,8,0,0,1,0,4,1,2,1,8,1796,1,18,2,1
20134100T1048,2,9,0,18,0,8,0,0,1,0,1,1,2,1,6,1200,1,-1,5,1
20134100T1048,3,21,0,18,0,8,0,0,0,0,2,1,1,1,7,11946,2,4,9,3
20134100T1048,4,9,0,18,0,8,0,0,0,0,2,1,6,2,8,1753,2,10,9,3
20134100T1052,1,9,0,11,0,0,0,0,0,0,2,1,2,1,7,4394,1,7,8,1
20134100T1052,2,9,0,18,0,0,0,0,0,0,1,1,2,2,5,999,1,4,10,1
20134100T1056,1,9,0,18,0,0,0,0,0,0,0,1,6,3,-1,-1,-1,-1,-1,-1
20134100T1056,2,9,0,12,0,0,5,0,5,6,3,1,2,1,9,1364,1,4,10,1
20134100T1059,1,9,0,18,0,0,0,0,2,7,1,1,6,2,6,1590,1,13,1,1
20134100T1060,1,9,0,4,0,0,0,0,0,0,1,1,6,1,6,1991,1,12,6,2
20134100T1060,2,9,0,4,0,0,0,0,0,0,2,1,6,1,6,1560,2,7,8,1
20134100T1063,1,21,4,16,0,0,5,0,7,1,1,1,1,1,8,-1,-1,-1,8,3
20134100T1064,1,9,0,18,0,2,0,0,0,0,1,1,6,1,7,1896,2,7,8,3
20134100T1066,1,21,1,11,0,0,0,0,0,0,0,1,1,3,-1,-1,-1,-1,-1,-1
20134100T1066,2,19,0,18,0,0,0,0,0,0,3,1,6,2,8,2494,2,4,10,1
20134100T1066,3,9,0,18,0,0,0,0,7,6,4,1,6,2,4,1200,1,10,10,3
20134100T1066,4,9,0,18,0,0,0,0,7,6,2,1,6,1,5,998,1,3,4,1
20134100T1068,1,21,0,12,0,0,0,0,0,0,4,1,6,3,-1,-1,-1,-1,-1,-1
20134100T1068,2,9,0,18,0,0,2,0,0,0,3,1,6,1,9,-1,-1,-1,-1,-1
20134100T1070,1,21,1,18,0,0,0,0,0,0,1,2,1,1,9,-1,-1,-1,-1,-1
20134100T1070,2,21,1,4,0,0,0,0,0,0,2,1,1,1,7,11967,2,1,5,1
20134100T1070,3,9,0,4,0,0,0,0,0,0,2,1,6,1,7,1998,1,10,9,1
20134100T1071,1,9,0,4,0,0,0,0,0,0,1,1,6,2,10,1329,1,3,2,1
20134100T1071,2,9,0,4,0,0,0,0,0,0,2,1,6,2,10,1753,2,5,7,1
20134100T1072,1,9,0,4,0,0,0,0,0,0,1,1,6,1,7,1997,1,5,6,1
20134100T1072,2,9,0,4,0,0,0,0,0,0,2,1,6,2,5,-1,-1,-1,7,1
20134100T1072,3,9,0,4,0,0,0,0,1,0,2,1,6,1,7,1299,1,13,-1,-1
20134100T1072,4,9,0,4,0,0,0,0,0,0,1,1,6,2,7,-1,-1,-1,9,1
20134100T1073,1,9,3,13,0,0,3,0,0,0,1,1,6,1,10,2198,1,9,9,1
20134100T1073,2,9,0,18,0,0,0,0,0,0,1,1,6,2,6,-1,-1,-1,10,1
20134100T1074,1,9,0,11,0,0,1,0,1,0,3,1,1,1,8,1497,1,10,6,1
20134100T1074,2,9,0,18,0,0,1,0,1,0,4,1,1,2,5,1598,1,8,4,1
20134100T1076,1,9,0,18,0,0,0,0,2,7,1,1,6,2,10,2401,2,10,4,3
20134100T1076,2,9,0,18,0,0,0,0,2,7,2,1,6,1,6,998,1,11,1,1
20134100T1077,1,9,0,18,0,0,0,0,0,0,1,1,1,1,7,-1,-1,-1,1,1
20134100T1077,2,9,0,18,0,0,0,0,0,0,2,1,6,1,8,-1,-1,-1,10,1
20134100T1078,1,9,0,11,0,0,0,0,0,0,2,1,6,2,5,1149,1,6,1,1
20134100T1078,2,5,0,18,0,0,1,0,0,0,1,1,6,1,7,1084,1,15,7,1
20134100T1079,1,9,0,18,0,0,1,0,4,6,1,1,6,1,8,2997,1,13,6,1
20134100T1079,2,9,0,18,0,0,0,0,0,0,0,1,2,1,6,1798,1,1,10,1
20134100T1080,1,9,0,17,0,0,0,0,8,7,1,1,1,2,7,1596,1,11,6,1
20134100T1081,1,9,0,18,6,0,0,0,0,0,1,1,2,2,6,1497,8,5,5,1
20134100T1081,2,9,0,2,6,0,0,0,0,0,2,1,1,1,6,-1,-1,-1,2,1
20134100T1082,1,9,0,18,0,0,0,0,5,0,1,1,6,2,6,1388,1,11,2,1
20134100T1082,2,11,0,12,0,0,0,0,0,0,3,1,1,1,8,12000,2,4,4,3
20134100T1083,1,9,0,18,0,0,0,0,5,6,4,1,6,2,6,-1,-1,-1,2,1
20134100T1083,2,19,0,18,0,0,0,0,0,0,1,1,6,1,10,2143,2,1,2,1
20134100T1083,3,19,0,18,0,0,0,0,1,7,2,1,6,1,6,-1,-1,-1,5,1
20134100T1083,4,19,0,18,0,0,0,0,1,0,1,1,6,1,7,2198,2,3,4,1
20134100T1083,5,9,0,18,0,0,0,0,0,0,2,1,6,1,9,1229,1,8,3,1
20134100T1083,6,9,0,18,0,0,0,0,0,0,3,1,6,1,6,1951,2,9,3,1
20134100T1083,7,9,0,18,0,0,0,0,0,0,4,1,6,1,6,1999,1,2,6,1
20134100T1084,1,9,0,16,0,0,0,0,7,7,1,1,1,1,8,1995,2,2,9,1
20134100T1085,1,21,1,12,0,0,0,0,0,0,3,1,6,3,-1,-1,-1,-1,-1,-1
20134100T1085,2,9,0,18,0,0,0,0,7,6,4,2,1,2,8,1598,1,15,4,1
20134100T1089,1,21,1,12,0,0,0,0,0,0,3,2,6,1,-1,-1,-1,-1,-1,-1
20134100T1089,2,9,0,13,0,0,1,0,0,0,4,1,1,1,6,1968,2,3,5,1
20134100T1092,1,9,0,18,0,0,0,0,4,6,1,1,1,1,8,1794,1,10,4,1
20134100T1092,2,8,0,18,0,0,0,0,0,0,3,1,1,1,7,-1,-1,-1,9,3
20134100T1093,1,5,0,12,0,1,1,0,0,0,4,1,2,1,7,647,1,10,10,1
20134100T1094,1,9,0,18,0,0,0,0,1,7,1,1,6,1,7,1791,8,1,3,1
20134100T1094,2,9,0,18,0,0,0,0,0,0,2,1,6,1,5,1598,1,9,1,1
20134100T1097,1,9,0,18,0,1,0,0,0,0,1,1,6,1,9,-1,-1,-1,-1,-1
20134100T1097,2,9,0,8,0,1,0,0,0,0,2,1,6,2,8,1769,1,11,2,1
20134100T1098,1,9,0,11,0,5,0,0,0,0,1,1,2,1,6,2996,1,4,5,1
20134100T1098,2,9,0,11,0,5,0,0,0,0,2,1,6,1,6,1595,1,7,3,1
20134100T1098,3,9,0,11,0,5,0,0,0,0,0,1,6,3,-1,-1,-1,-1,-1,-1
20134100T1101,1,9,0,18,0,0,1,0,7,6,1,1,6,1,6,2993,2,2,9,1
20134100T1106,1,9,0,17,0,0,2,0,1,4,1,1,6,1,7,1794,1,10,2,1
20134100T1108,1,9,0,18,0,0,0,0,0,0,1,1,1,1,7,-1,-1,-1,4,1
20134100T1108,2,9,0,18,0,0,5,0,5,6,2,1,6,1,10,1998,1,14,9,1
20134100T1108,3,9,0,18,0,0,1,0,0,0,4,1,6,1,5,1997,1,1,7,1
20134100T1109,1,9,0,4,0,0,0,0,0,0,1,1,6,1,9,1796,1,17,7,1
20134100T1109,2,9,0,4,0,0,0,0,0,0,2,1,6,1,-1,-1,-1,-1,2,1
20134100T1109,3,9,0,4,0,0,0,0,0,0,0,1,6,3,-1,-1,-1,-1,-1,-1
20134100T1111,1,9,0,18,0,0,1,0,5,6,1,1,2,2,7,1796,1,4,3,1
20134100T1112,1,9,0,18,0,0,0,0,0,0,1,1,6,1,8,1149,1,12,3,1
20134100T1112,2,9,0,4,0,0,0,0,0,0,2,1,6,1,6,1968,2,8,2,1
20134100T1112,3,9,0,4,0,0,0,0,0,0,2,1,6,2,5,1149,1,11,5,1
20134100T1113,1,19,0,18,0,0,0,0,0,0,1,2,1,1,5,-1,-1,-1,-1,-1
20134100T1113,2,9,0,4,0,0,0,0,0,0,2,1,6,2,8,1560,2,4,9,1
20134100T1116,1,5,0,16,0,8,0,0,0,0,0,1,6,1,4,599,1,12,5,1
20134100T1118,1,9,0,18,0,0,0,0,0,0,1,1,1,1,7,1995,2,1,-1,-1
20134100T1118,2,9,0,4,0,0,0,0,0,0,2,1,1,1,6,1896,2,5,1,1
20134100T1118,3,9,0,4,0,0,0,0,0,0,2,1,1,1,6,1686,2,13,-1,-1
20134100T1118,4,9,0,4,0,0,0,0,0,0,2,1,1,2,6,1120,2,-1,7,1
20134100T1119,1,9,0,18,0,0,0,0,1,10,1,1,6,1,8,1560,2,7,6,1
20134100T1119,2,21,1,18,0,0,0,0,0,0,3,1,1,2,7,-1,-1,-1,3,1
20134100T1122,1,9,0,18,0,0,1,0,1,7,1,1,6,1,8,1686,2,9,5,2
20134100T1123,1,9,0,18,0,0,1,0,1,7,4,1,6,1,5,1229,1,9,2,1
20134100T1125,1,9,0,18,0,0,0,0,5,6,1,1,2,1,5,1998,1,10,4,1
20134100T1125,2,20,0,13,0,0,0,0,0,0,2,1,1,1,7,4250,2,2,1,1
20134100T1125,3,21,1,18,0,0,0,0,0,0,0,1,1,1,8,12777,2,3,4,1
20134100T1127,1,21,1,18,0,0,1,0,0,0,1,1,1,1,9,10518,2,5,1,1
20134100T1127,2,9,0,4,0,0,0,0,0,0,2,1,2,1,7,-1,-1,-1,10,2
20134100T1127,3,9,0,4,0,0,0,0,0,0,2,1,2,1,8,1998,1,4,10,1
20134100T1127,4,21,1,4,0,0,0,0,0,0,2,1,1,1,8,12740,2,-1,2,1
20134100T1128,1,9,0,18,0,0,0,0,1,7,1,1,6,1,9,1296,1,5,3,1
20134100T1128,2,9,0,18,0,0,1,0,5,6,2,1,6,1,6,1910,2,8,9,1
20134100T1128,3,9,0,18,0,0,0,0,1,0,3,1,6,1,6,1896,2,12,5,1
20134100T1131,1,21,1,12,0,0,0,0,0,0,4,2,1,1,8,-1,-1,-1,8,1
20134100T1131,2,9,0,13,0,0,1,0,1,7,3,1,1,1,7,1461,2,6,1,1
20134100T1133,1,9,0,18,0,0,0,0,0,0,1,1,2,1,6,1895,1,13,8,3
20134100T1133,2,9,0,4,0,0,0,0,0,0,2,1,2,1,4,-1,-1,-1,7,1
20134100T1133,3,9,0,4,0,0,0,0,0,0,2,1,2,2,7,-1,-1,-1,9,2
20134100T1137,1,9,0,18,0,0,0,0,0,0,1,1,6,2,4,2231,2,1,7,1
20134100T1137,2,9,0,4,0,0,0,0,0,0,2,1,6,2,7,1596,1,8,4,1
20134100T1137,3,9,0,4,0,0,0,0,0,0,2,1,6,1,7,1560,2,3,6,1
20134100T1139,1,9,0,18,0,0,0,0,0,0,1,1,6,1,9,1968,2,1,9,1
20134100T1139,2,9,0,3,0,0,0,0,0,0,2,1,6,2,9,1968,2,-1,10,2
20134100T1139,3,9,0,18,0,0,0,0,0,0,1,1,6,1,8,1299,1,12,10,1
20134100T1140,1,9,0,12,0,0,1,0,0,0,4,1,1,1,5,1390,1,15,5,1
20134100T1140,2,9,0,18,0,0,0,0,0,0,1,1,1,1,6,1783,1,10,3,1
20134100T1141,1,9,0,18,0,0,0,0,0,0,1,1,6,1,5,1390,1,17,5,1
20134100T1141,2,9,0,18,0,0,0,0,0,0,2,1,6,1,8,1968,2,6,9,1
20134100T1142,1,9,0,18,0,0,0,0,0,0,1,1,6,2,6,1995,2,7,9,1
20134100T1142,2,9,0,1,0,0,0,0,0,0,2,1,1,1,8,1855,1,13,8,1
20134100T1142,3,9,0,4,0,0,0,0,0,0,2,1,6,1,-1,2685,2,10,9,1
20134100T1143,1,9,0,18,0,1,1,0,0,0,1,1,6,1,8,1968,2,3,10,1
20134100T1143,2,9,0,18,0,2,1,0,0,0,1,1,6,1,6,1124,1,15,10,1
20134100T1147,1,9,0,17,0,1,1,0,7,0,2,1,6,2,4,1149,1,10,6,1
20134100T1147,2,19,0,16,0,2,0,0,0,0,1,1,2,1,5,2143,2,-1,4,1
20134100T1149,1,9,0,17,0,1,1,0,1,4,1,1,6,1,5,1490,1,5,5,1
20134100T1149,2,9,0,17,0,1,0,0,1,0,1,1,6,1,7,2497,2,9,9,1
20134100T1153,1,9,0,18,0,0,1,0,4,6,1,1,6,2,6,1997,2,3,7,1
20134100T1153,2,21,5,18,0,0,0,0,0,0,3,1,1,3,6,-1,-1,-1,-1,-1
20134100T1155,1,9,0,18,0,0,5,0,0,0,1,1,6,1,7,-1,-1,-1,5,1
20134100T1156,1,9,0,18,0,1,0,0,0,0,1,1,2,2,6,1560,2,-1,9,1
20134100T1156,2,9,0,4,0,1,0,0,0,0,2,1,2,1,7,-1,-1,-1,8,1
20134100T1160,1,21,1,12,0,0,0,0,0,0,3,2,1,1,8,-1,-1,-1,-1,-1
20134100T1160,2,9,0,18,0,0,0,0,0,0,4,1,1,1,5,1598,1,3,9,1
20134100T1160,3,10,0,18,0,0,0,0,0,0,0,1,1,1,7,-1,-1,-1,4,1
20134100T1161,1,21,1,18,0,0,0,0,0,0,1,2,1,1,7,-1,-1,-1,-1,-1
20134100T1161,2,9,0,11,0,0,0,0,0,0,2,1,2,1,4,1108,1,9,6,1
20134100T1164,1,9,0,11,0,0,0,0,0,0,1,1,1,1,7,-1,-1,-1,9,1
20134100T1164,2,20,1,18,0,0,0,0,1,0,2,1,1,1,8,-1,-1,-1,-1,-1
20134100T1165,1,9,0,18,0,0,0,0,0,0,1,1,6,1,4,-1,-1,-1,6,1
20134100T1165,2,9,0,4,0,0,0,0,0,0,2,1,6,1,8,2295,1,14,4,1
20134100T1166,1,9,0,18,0,2,1,0,5,6,3,1,2,1,7,998,1,7,-1,-1
20134100T1166,2,9,0,18,0,2,0,0,0,0,2,1,2,2,6,1596,1,3,7,3
20134100T1167,1,19,0,18,0,0,0,0,0,0,1,1,6,1,7,2198,2,3,9,2
20134100T1167,2,9,0,18,0,0,0,0,0,0,2,1,2,2,8,1299,1,9,7,3
20134100T1169,1,19,0,12,0,0,0,0,0,0,0,1,6,3,6,-1,-1,-1,-1,-1
20134100T1169,2,9,0,18,0,0,0,0,4,7,4,1,6,2,8,-1,-1,-1,2,1
20134100T1170,1,9,0,18,0,0,1,0,1,7,1,1,6,1,9,-1,-1,-1,6,3
20134100T1171,1,19,0,13,0,1,0,0,0,0,4,1,1,1,6,-1,-1,-1,4,1
20134100T1171,2,21,1,18,0,1,0,0,0,0,3,1,1,1,9,11705,2,6,4,1
20134100T1174,1,9,0,18,0,0,0,0,0,0,1,1,6,2,6,1870,2,9,-1,-1
20134100T1174,2,9,0,18,0,0,0,0,0,0,2,1,6,1,6,1997,2,-1,9,1
20134100T1175,1,9,0,4,0,0,0,0,0,0,1,1,6,1,5,1124,1,10,-1,-1
20134100T1175,2,9,0,4,0,0,0,0,0,0,2,1,1,2,6,1248,2,2,7,1
20134100T1177,1,9,0,18,0,0,1,0,0,6,3,1,6,1,5,-1,-1,-1,3,1
20134100T1180,1,9,0,11,0,5,0,0,8,7,2,1,2,2,5,-1,-1,-1,5,1
20134100T1182,1,9,0,11,0,0,1,0,5,6,1,1,6,1,7,1984,1,13,1,1
20134100T1183,1,9,0,18,0,0,1,0,0,0,1,1,1,1,7,1461,2,1,7,1
20134100T1183,2,9,0,4,0,0,0,0,0,0,2,1,6,1,6,1994,2,14,4,1
20134100T1183,3,9,0,18,0,0,1,0,0,0,1,1,6,1,6,1984,1,3,3,1
20134100T1183,4,9,0,18,0,0,1,0,0,0,1,1,6,1,6,1999,2,10,4,1
20134100T1185,1,9,0,18,0,0,1,0,5,6,1,1,6,1,6,3246,1,9,2,1
20134100T2001,1,9,0,18,0,0,5,0,1,4,1,1,6,2,11,1329,1,4,6,1
20134100T2001,2,9,0,18,0,0,0,0,0,0,2,1,1,1,9,1798,1,3,10,1
20134100T2002,1,9,0,18,0,0,0,12,4,10,1,1,6,1,7,1995,1,11,4,1
20134100T2005,1,9,0,4,0,0,0,0,0,0,1,1,2,2,6,1242,1,8,10,1
20134100T2005,2,9,0,4,0,0,0,0,0,0,2,1,1,1,7,1968,2,1,-1,-1
20134100T2006,1,9,0,12,0,0,0,0,0,0,1,1,2,1,7,1399,1,5,6,1
20134100T2006,2,9,0,18,0,0,0,0,0,0,2,1,6,1,5,1910,2,8,7,3
20134100T2009,1,9,0,18,0,0,1,0,1,4,1,1,2,1,8,1600,2,1,8,2
20134100T2010,1,19,0,18,0,0,0,0,0,0,1,1,1,1,5,2402,2,9,10,1
20134100T2010,2,9,0,18,0,0,0,0,5,6,2,1,6,1,6,-1,-1,-1,4,1
20134100T2012,1,9,0,4,0,0,0,0,0,0,1,1,2,1,9,2495,2,15,10,1
20134100T2012,2,9,0,4,0,0,0,0,0,0,2,1,2,1,8,2179,2,2,6,1
20134100T2012,3,9,0,3,0,0,0,0,0,0,2,1,2,1,7,1995,1,3,7,3
20134100T2012,4,9,0,3,0,0,0,0,0,0,2,1,2,2,5,1242,1,5,9,3
20134100T2013,1,9,0,4,0,0,0,0,5,6,1,1,6,1,7,1796,1,11,1,1
20134100T2013,2,9,0,4,0,0,0,0,0,0,1,1,6,1,5,1396,2,2,10,1
20134100T2013,3,9,0,4,0,0,0,0,0,0,2,1,6,1,7,2401,2,9,5,3
20134100T2013,4,9,0,4,0,0,0,0,0,0,2,1,6,1,8,1495,1,15,3,1
20134100T2014,1,19,0,4,0,8,0,0,1,0,1,1,6,1,8,2198,2,2,7,3
20134100T2014,2,19,0,4,0,8,0,0,0,0,1,1,6,1,6,1870,2,7,6,1
20134100T2014,3,19,0,4,0,8,0,0,0,0,2,1,6,1,6,1686,2,11,5,3
20134100T2014,4,9,0,4,0,8,0,0,0,0,2,1,6,1,7,1598,2,2,7,1
20134100T2014,5,9,0,4,0,8,0,0,0,0,2,1,6,1,8,-1,-1,-1,10,1
20134100T2015,1,9,0,12,0,0,2,0,2,10,1,1,6,2,6,1229,1,6,6,1
20134100T2015,2,5,0,18,0,0,2,0,1,0,2,1,6,1,4,636,1,8,8,1
20134100T2016,1,9,0,18,0,0,1,0,5,6,1,1,2,1,5,1900,2,14,8,1
20134100T2018,1,9,0,18,0,0,1,0,4,6,1,1,2,2,9,1248,1,1,5,1
20134100T2018,2,9,0,4,0,0,0,0,4,6,2,1,2,1,8,1598,1,6,6,1
20134100T2022,1,9,0,18,0,0,0,0,1,7,1,1,6,1,11,3947,1,18,8,1
20134100T2024,1,9,0,4,0,0,0,0,0,0,1,1,2,2,6,1390,1,11,9,2
20134100T2024,2,19,0,4,0,0,0,0,0,0,2,1,1,1,6,2198,2,2,-1,-1
20134100T2024,3,9,0,4,0,0,0,0,0,0,2,1,2,2,7,1590,1,10,4,1
20134100T2025,1,9,0,3,0,1,0,0,0,0,2,1,2,2,8,-1,-1,-1,8,1
20134100T2025,2,9,0,4,0,1,1,0,0,0,1,1,2,1,7,1679,1,16,2,1
20134100T2025,3,9,0,4,0,1,0,0,0,0,4,1,2,1,7,-1,-1,-1,8,1
20134100T2025,4,9,0,9,0,1,0,0,0,0,3,1,2,1,8,-1,-1,-1,4,1
20134100T2025,5,9,0,2,0,1,0,0,0,0,0,1,1,1,-1,2400,2,3,8,1
20134100T2030,1,9,0,18,0,0,2,0,0,0,4,1,6,2,4,1900,2,15,1,1
20134100T2030,2,19,0,18,0,0,0,0,0,0,3,1,1,1,6,2143,2,3,4,2
20134100T2033,1,9,0,18,0,0,1,0,5,6,1,1,6,1,6,1797,1,14,-1,-1
20134100T2035,1,9,0,1,0,1,0,0,0,0,1,1,6,1,6,-1,-1,-1,-1,-1
20134100T2036,1,9,0,18,0,1,0,0,2,7,1,1,6,1,5,1368,1,2,7,1
20134100T2037,1,9,0,18,0,8,0,0,4,6,3,1,1,1,5,-1,-1,-1,10,1
20134100T2038,1,9,0,12,0,0,0,0,0,0,0,1,6,3,-1,-1,-1,-1,-1,-1
20134100T2038,2,9,0,18,0,0,0,0,5,6,3,1,6,1,8,2149,2,6,4,3
20134100T2038,3,9,0,18,0,0,5,0,1,7,4,1,6,2,7,1296,1,7,9,1
20134100T2040,1,9,0,17,0,0,5,0,2,4,1,1,6,2,6,2993,2,9,9,2
20134100T2047,1,9,0,18,0,0,0,0,1,4,1,1,6,1,10,2143,2,3,9,3
20134100T2048,1,9,0,18,0,1,0,0,0,0,2,1,1,1,7,1896,2,8,5,1
20134100T2048,2,4,0,18,0,1,0,0,0,0,1,1,1,1,7,-1,-1,-1,10,1
20134100T2048,3,9,0,18,0,1,0,0,0,0,1,1,1,2,8,1796,1,15,7,1
20134100T2049,1,9,0,18,0,0,0,0,0,0,1,1,2,1,6,1229,1,9,8,2
20134100T2049,2,9,0,2,6,0,0,0,0,0,0,1,6,2,5,1796,1,10,-1,-1
20134100T2050,1,9,0,13,0,0,0,0,0,0,4,1,6,1,8,2143,2,3,9,3
20134100T2050,2,9,0,18,0,0,1,0,1,2,3,1,2,2,5,998,1,7,10,1
20134100T2051,1,9,0,18,0,0,0,0,4,6,1,1,1,2,9,1995,2,6,9,1
20134100T2052,1,9,0,18,0,0,2,0,1,4,1,1,6,1,6,1796,1,14,5,1
20134100T2053,1,9,0,16,0,0,1,0,2,7,1,1,1,2,5,1248,2,4,8,1
20134100T2053,2,9,0,16,0,0,0,0,0,0,0,1,2,1,6,999,1,3,2,1
20134100T2054,1,9,0,11,0,0,0,0,2,7,1,1,6,1,5,1840,1,14,4,1
20134100T2055,1,9,0,4,0,0,0,0,0,0,1,1,6,2,8,1997,1,3,10,1
20134100T2055,2,9,0,4,0,0,0,0,0,0,2,1,6,2,8,998,1,4,8,1
20134100T2056,1,21,0,18,0,0,0,0,1,7,1,1,1,1,8,4250,2,1,8,1
20134100T2057,1,9,0,18,0,0,0,0,5,6,3,1,6,2,5,1388,1,4,8,1
20134100T2058,1,9,0,18,0,0,0,0,0,0,1,1,6,2,8,1997,1,3,5,1
20134100T2058,2,9,0,18,0,0,0,0,0,0,2,1,6,2,8,1798,1,11,6,1
20134100T2061,1,9,0,18,0,0,2,0,1,10,1,1,6,2,8,1229,1,5,7,1
20134100T2066,1,9,0,3,0,1,0,0,0,0,1,1,6,2,7,1598,1,14,9,1
20134100T2066,2,9,0,3,0,1,0,0,0,0,2,1,6,2,7,1497,8,6,8,1
20134100T2069,1,9,0,18,0,0,1,0,2,7,1,1,1,1,6,-1,-1,-1,5,1
20134100T2070,1,9,0,11,0,0,0,0,0,0,3,1,6,2,8,-1,-1,-1,-1,-1
20134100T2070,2,5,0,18,0,0,1,0,0,0,4,1,2,1,6,599,1,4,6,1
20134100T2071,1,9,0,11,0,0,0,0,0,0,1,1,6,2,4,998,1,1,5,1
20134100T2072,1,9,0,11,0,0,0,0,0,0,1,1,1,1,9,1995,2,-1,10,1
20134100T2072,2,9,0,4,0,0,0,0,0,0,2,1,1,1,7,1995,2,7,1,1
20134100T2073,1,19,0,18,0,8,0,0,0,0,1,1,1,1,6,-1,-1,-1,-1,-1
20134100T2073,2,21,1,18,0,3,5,0,0,0,3,1,6,1,6,-1,-1,-1,5,1
20134100T2074,1,9,0,18,0,0,0,0,1,10,1,1,2,1,6,-1,-1,-1,10,1
20134100T2074,2,11,0,18,0,0,0,0,0,0,2,1,1,1,6,-1,2,47,7,1
20134100T2076,1,9,0,18,0,0,1,0,1,4,1,1,6,1,5,1149,1,11,7,1
20134100T2076,2,9,0,18,0,0,0,0,0,0,2,1,6,1,5,-1,-1,-1,9,1
20134100T2078,1,19,0,12,0,0,0,0,0,0,0,1,6,1,-1,1868,2,10,-1,-1
20134100T2078,2,9,0,18,0,0,1,0,5,6,3,1,6,2,8,1598,1,7,5,3
20134100T2079,1,19,0,11,0,0,1,0,1,10,1,1,1,1,6,1461,2,1,5,1
20134100T2080,1,9,0,18,0,0,0,0,0,0,1,1,6,2,5,1242,1,3,9,3
20134100T2082,1,19,0,18,0,1,0,0,0,0,1,1,1,2,8,1248,2,2,5,1
20134100T2082,2,9,0,3,0,1,0,0,0,0,2,1,6,1,5,1868,2,10,6,2
20134100T2084,1,9,0,18,0,0,1,10,1,9,1,1,6,2,6,-1,-1,-1,9,1