Accident_Index,Vehicle_Reference,Vehicle_Type,Towing_and_Articulation,Vehicle_Manoeuvre,Vehicle_Location-Restricted_Lane,Junction_Location,Skidding_and_Overturning,Hit_Object_in_Carriageway,Vehicle_Leaving_Carriageway,Hit_Object_off_Carriageway,1st_Point_of_Impact,Was_Vehicle_Left_Hand_Drive?,Journey_Purpose_of_Driver,Sex_of_Driver,Age_Band_of_Driver,Engine_Capacity_(CC),Propulsion_Code,Age_of_Vehicle,Driver_IMD_Decile,Driver_Home_Area_Type
20134100T2086,1,9,0,12,0,0,0,0,0,0,1,1,1,1,6,-1,-1,-1,-1,-1
20134100T2086,2,9,0,18,0,0,0,0,5,6,4,1,1,1,6,1999,1,5,7,1
20134100T2086,3,9,0,18,0,0,0,0,0,0,2,1,1,2,9,2198,1,12,4,1
20134100T2087,1,9,0,18,0,3,0,0,0,0,1,1,2,1,5,1995,2,11,9,1
20134100T2087,2,9,0,4,0,3,0,0,0,0,2,1,6,1,6,1994,2,10,5,1
20134100T2089,1,9,0,12,0,7,0,0,0,0,1,1,2,2,6,1229,1,9,3,1
20134100T2089,2,19,0,18,0,8,0,0,0,0,4,1,2,1,6,-1,-1,-1,6,1
20134100T2091,1,21,1,18,0,0,0,0,0,0,1,1,1,1,9,12777,2,6,4,1
20134100T2091,2,21,1,18,0,0,0,0,0,0,2,1,1,1,5,12580,2,7,5,1
20134100T2095,1,9,0,18,0,0,2,10,1,10,1,1,6,1,6,1398,1,-1,2,1
20134100T2095,2,9,0,12,0,0,0,0,0,0,0,1,6,3,9,-1,-1,-1,-1,-1
20134100T2096,1,9,0,18,0,1,0,0,0,0,1,1,6,3,-1,-1,-1,-1,-1,-1
20134100T2096,2,9,0,3,0,1,0,0,0,0,2,1,6,1,-1,1988,1,13,6,1
20134100T2097,1,19,0,18,0,0,1,0,0,0,1,1,2,1,8,2461,2,10,-1,-1
20134100T2097,2,9,0,18,0,0,1,0,1,4,2,1,2,1,9,1598,1,19,10,1
20134100T2102,1,9,0,4,0,7,0,0,0,0,2,1,6,2,10,1240,1,10,7,1
20134100T2102,2,9,0,18,0,7,0,0,0,0,1,1,6,1,6,1248,2,6,5,1
20134100T2102,3,19,0,18,0,7,0,0,0,0,1,1,1,1,6,4461,2,5,4,1
20134100T2103,1,19,0,11,0,0,1,0,0,0,1,1,1,1,8,2300,2,7,7,2
20134100T2103,2,9,0,3,0,0,0,0,0,0,2,1,6,1,7,2148,2,9,4,1
20134100T2103,3,9,0,3,0,0,0,0,0,0,2,1,6,1,5,998,1,-1,6,1
20134100T2103,4,9,0,3,0,0,0,0,0,0,2,1,6,2,7,1997,1,1,4,1
20134100T2103,5,9,0,3,0,0,0,0,0,0,2,1,6,1,6,2993,2,9,3,1
20134100T2103,6,9,0,18,0,0,0,0,0,0,1,1,6,1,8,1999,1,9,7,1
20134100T2103,7,9,0,18,0,0,0,0,1,0,1,1,3,2,6,1229,1,4,5,1
20134100T2105,1,9,0,18,0,8,0,0,0,0,4,1,6,2,6,1716,2,10,10,1
20134100T2105,2,11,0,18,0,8,0,0,0,0,3,1,6,1,9,-1,-1,-1,2,1
20134100T2106,1,19,0,12,0,0,0,0,0,0,0,1,6,3,-1,-1,-1,-1,-1,-1
20134100T2106,2,9,0,13,0,0,5,10,1,0,1,1,6,1,5,-1,-1,-1,7,1
20134100T2107,1,9,0,4,0,0,0,0,0,0,1,1,2,1,6,1984,1,17,8,1
20134100T2107,2,9,0,4,0,0,0,0,0,0,2,1,2,1,6,-1,-1,-1,10,1
20134100T2107,3,9,0,4,0,0,0,0,0,0,2,1,2,1,6,1198,1,5,9,1
20134100T2108,1,9,0,18,0,0,0,0,0,0,1,1,4,1,8,1995,2,4,10,1
20134100T2108,2,21,0,18,0,0,0,0,0,0,2,1,2,1,6,12900,2,4,-1,-1
20134100T2109,1,9,0,12,0,0,0,0,0,0,3,1,6,1,6,1998,1,10,-1,-1
20134100T2109,2,5,0,13,0,0,1,0,0,0,4,1,6,2,7,798,1,1,6,1
20134100T2110,1,9,0,18,0,8,0,0,0,0,1,1,6,3,-1,-1,-1,-1,-1,-1
20134100T2110,2,5,0,16,0,3,1,0,0,0,4,1,1,1,6,865,1,1,9,1
20134100T2113,1,19,0,5,0,0,0,0,0,0,1,1,1,1,7,2198,2,1,4,1
20134100T2113,2,9,0,5,0,0,0,0,0,0,2,1,1,1,7,1995,2,13,6,1
20134100T2114,1,19,0,4,0,1,0,0,0,0,1,1,1,1,6,2198,2,-1,6,1
20134100T2114,2,9,0,4,0,1,0,0,0,0,2,1,2,1,8,-1,-1,-1,5,1
20134100T2116,1,19,0,17,0,0,0,0,0,0,1,1,1,1,6,2148,2,6,3,1
20134100T2116,2,21,1,3,0,0,0,0,0,0,2,2,1,1,5,-1,-1,-1,-1,-1
20134100T2119,1,9,0,18,0,0,1,0,0,0,1,1,6,1,11,1398,1,15,7,1
20134100T2119,2,9,0,18,0,0,0,0,0,0,2,1,6,1,8,2720,2,7,8,3
20134100T2120,1,9,0,11,0,0,0,0,0,0,1,1,6,2,6,1997,2,3,7,1
20134100T2120,2,9,0,4,0,0,0,0,0,0,2,1,6,2,10,1998,1,7,10,3
20134100T2121,1,9,0,4,0,1,0,0,0,0,1,1,2,2,8,1242,1,6,9,1
20134100T2121,2,9,0,4,0,1,0,0,0,0,2,1,6,2,7,-1,-1,-1,8,1
20134100T2122,1,5,0,18,0,0,0,0,0,0,1,1,2,1,7,660,1,4,6,1
20134100T2122,2,9,0,11,0,0,0,0,0,0,2,1,2,1,8,-1,-1,-1,9,1
20134100T2122,3,9,0,18,0,0,0,0,0,0,1,1,2,1,8,-1,-1,-1,4,1
20134100T2123,1,9,0,18,0,0,0,0,5,6,3,1,1,1,9,2199,2,2,10,1
20134100T2123,2,9,0,18,0,0,0,0,0,0,4,1,1,1,6,-1,-1,-1,6,1
20134100T2124,1,19,0,4,0,0,0,0,0,0,1,1,2,1,5,2198,2,2,-1,-1
20134100T2124,2,19,0,4,0,0,0,0,0,0,2,1,2,1,6,1998,2,10,9,1
20134100T2124,3,19,0,4,0,0,0,0,0,0,2,1,2,1,9,2198,2,-1,5,3
20134100T2127,1,9,0,18,0,0,1,0,0,0,1,1,2,1,8,2204,2,7,5,1
20134100T2127,2,9,0,3,0,0,0,0,0,0,2,1,6,1,8,998,1,-1,7,1
20134100T2128,1,9,0,18,0,0,0,0,0,0,1,1,6,2,5,1240,1,8,-1,-1
20134100T2128,2,9,0,4,0,0,0,0,1,7,2,1,6,1,6,1910,2,9,9,2
20134100T2130,1,9,0,17,0,0,1,0,1,4,3,1,2,2,8,1997,2,9,5,1
20134100T2131,1,9,0,18,0,0,0,0,0,0,1,1,1,2,4,1360,1,8,8,1
20134100T2131,2,9,0,4,0,0,0,0,0,0,2,1,1,1,7,1587,1,12,6,1
20134100T2132,1,9,0,5,0,1,0,0,0,0,1,1,2,1,7,1596,1,11,9,1
20134100T2132,2,9,0,3,0,1,0,0,0,0,2,1,2,2,7,998,1,3,9,1
20134100T2135,1,9,0,18,0,0,1,0,2,0,1,1,6,2,11,1598,1,12,4,1
20134100T2136,1,21,0,18,0,0,1,0,0,0,1,1,1,1,7,3920,2,1,5,1
20134100T2136,2,21,1,4,0,0,0,0,0,0,2,1,1,1,7,12777,2,5,4,1
20134100T2137,1,9,0,18,0,0,0,0,0,0,1,1,2,2,5,1390,1,1,5,1
20134100T2137,2,9,0,4,0,0,0,0,0,0,2,1,2,1,7,2204,2,5,3,1
20134100T2140,1,21,0,11,0,0,0,0,0,0,0,1,6,3,-1,-1,-1,-1,-1,-1
20134100T2140,2,5,0,12,0,0,0,0,0,0,1,1,6,1,6,1700,1,2,8,3
20134100T2140,3,9,0,4,0,0,0,0,0,0,2,1,2,1,7,1686,2,1,8,2
20134100T2141,1,19,0,11,0,8,0,0,0,0,4,1,2,1,9,-1,-1,-1,6,1
20134100T2141,2,9,0,18,0,8,0,0,0,0,3,1,2,2,6,1598,1,5,9,2
20134100T2143,1,5,0,15,0,0,0,0,1,7,3,1,6,1,8,1170,1,7,4,1
20134100T2143,2,9,0,18,0,0,0,0,0,0,4,1,1,1,7,1560,2,6,5,2
20134100T2145,1,9,0,18,0,8,0,0,0,0,1,1,6,1,11,1399,1,3,10,3
20134100T2145,2,9,0,18,0,8,0,0,0,0,2,1,6,1,7,-1,-1,-1,8,1
20134100T2146,1,9,0,18,0,0,1,0,1,0,1,1,6,1,10,2497,1,10,9,2
20134100T2147,1,9,0,18,0,0,1,0,5,4,3,1,6,2,4,1198,1,9,10,3
20134100T2148,1,9,0,18,0,0,0,0,0,0,1,1,6,1,4,-1,-1,-1,10,1
20134100T2148,2,9,0,4,0,0,0,0,0,0,2,1,6,1,5,1896,2,11,10,3
20134100T2149,1,9,0,18,0,0,0,0,0,0,1,2,6,1,6,-1,-1,-1,6,1
20134100T2149,2,9,0,18,0,0,0,0,1,10,2,1,6,2,8,-1,-1,-1,2,1
20134100T2150,1,19,0,18,0,0,0,0,0,0,1,1,6,1,6,2151,2,10,2,1
20134100T2150,2,9,0,4,0,0,0,0,0,0,2,1,6,1,6,1796,1,13,8,1
20134100T2150,3,9,0,4,0,0,0,0,0,0,2,1,6,1,7,1800,1,15,6,1
20134100T2150,4,9,0,4,0,0,0,0,0,0,2,1,6,1,5,1997,2,12,-1,-1
20134100T3001,1,9,0,12,0,0,0,0,7,2,1,1,6,1,5,4999,1,8,5,1
20134100T3001,2,9,0,3,0,0,0,0,0,0,2,1,6,2,5,-1,-1,-1,6,3
20134100T3001,3,9,0,3,0,0,0,0,0,0,2,1,6,1,7,-1,-1,-1,8,1
20134100T3001,4,9,0,4,0,0,0,0,0,0,0,1,1,1,6,1998,1,2,-1,-1
20134100T3003,1,5,0,18,0,0,1,0,4,6,1,1,6,1,8,998,1,5,6,2
20134100T3003,2,9,0,18,0,0,0,0,0,0,2,1,6,3,-1,-1,-1,-1,-1,-1
20134100T3003,3,9,0,18,0,0,1,0,0,0,2,1,1,1,6,1956,2,2,4,1
20134100T3004,1,9,0,18,0,0,0,0,0,0,1,1,6,2,-1,1339,1,9,3,1
20134100T3004,2,9,0,3,0,0,0,0,0,0,2,1,6,1,6,2143,2,1,6,1
20134100T3005,1,9,0,17,0,0,0,0,0,6,1,1,6,1,9,1597,1,4,9,2
20134100T3007,1,9,0,18,0,0,0,0,0,0,1,1,1,2,6,-1,-1,-1,6,3
20134100T3007,2,9,0,4,0,0,0,0,0,0,2,1,1,2,6,-1,-1,-1,4,1
20134100T3009,1,21,1,12,0,0,0,0,0,0,3,2,1,1,6,-1,-1,-1,-1,-1
20134100T3009,2,9,0,18,0,0,0,0,8,0,4,1,6,1,8,1388,1,9,5,1
20134100T3009,3,9,0,18,0,0,0,0,0,0,1,1,6,1,6,-1,-1,-1,3,1
20134100T3013,1,9,0,18,0,0,0,0,0,6,1,1,6,1,8,1794,1,12,7,1
20134100T3020,1,21,0,4,0,8,1,0,0,0,1,1,1,1,6,-1,-1,-1,4,1
20134100T3020,2,19,0,4,0,8,0,0,0,0,2,1,1,1,6,1995,2,5,3,1
20134100T3020,3,8,0,4,0,8,0,0,0,0,1,1,1,1,9,1995,2,1,8,1
20134100T3021,1,9,0,18,0,0,0,0,0,0,1,1,2,2,5,1896,2,6,4,1
20134100T3021,2,9,0,18,0,0,0,0,0,0,2,1,2,1,6,1968,2,3,8,1
20134100T3026,1,19,0,18,0,0,0,0,0,0,1,1,1,1,8,1753,2,4,7,1
20134100T3026,2,19,0,3,0,0,0,0,0,0,2,1,1,1,5,1686,2,10,6,1
20134100T3028,1,5,0,18,0,0,1,0,0,0,3,1,2,1,6,1084,1,14,7,1
20134100T3029,1,9,0,11,0,0,0,0,0,0,4,1,1,1,7,-1,-1,-1,8,1
20134100T3029,2,21,1,17,0,0,0,0,0,0,1,1,1,1,10,12580,2,8,-1,-1
20134100T3030,1,9,0,18,0,0,0,0,0,0,1,1,6,1,-1,1796,1,7,2,1
20134100T3030,2,9,0,18,0,0,0,0,0,0,2,1,6,2,-1,1997,2,3,10,1
20134100T3033,1,9,0,18,0,0,0,0,0,0,1,1,6,1,6,1397,1,12,6,1
20134100T3033,2,9,0,4,0,0,0,0,0,0,2,1,6,2,7,1296,1,7,8,1
20134100T3033,3,9,0,4,0,0,0,0,0,0,2,1,6,1,7,1229,1,2,2,1
20134100T3034,1,21,1,12,0,0,0,0,0,0,3,2,1,1,8,-1,-1,-1,-1,-1
20134100T3034,2,9,0,11,0,0,1,0,4,0,4,1,6,1,9,1998,2,11,-1,3
20134100T3034,3,9,0,18,0,0,0,0,0,0,4,1,2,1,6,-1,-1,-1,10,3
20134100T3035,1,9,0,12,0,0,0,0,0,0,0,1,6,3,-1,-1,-1,-1,-1,-1
20134100T3035,2,9,0,18,0,0,0,0,0,0,3,1,6,1,9,1999,1,6,8,1
20134100T3035,3,9,0,18,0,0,0,0,0,0,4,1,6,1,9,-1,-1,-1,9,3
20134100T3041,1,9,0,11,0,0,0,0,0,0,2,1,6,2,5,-1,-1,-1,8,1
20134100T3041,2,21,1,18,0,0,0,0,0,0,1,1,1,1,9,12777,2,5,3,1
20134100T3041,3,9,0,18,0,0,0,0,0,0,2,1,1,1,6,-1,-1,-1,4,1
20134100T3042,1,21,1,16,0,0,5,0,0,7,3,1,1,1,9,-1,-1,-1,5,2
20134100T3043,1,9,0,5,0,0,0,0,0,0,1,1,6,1,9,1968,2,6,5,1
20134100T3043,2,9,0,3,0,0,0,0,0,0,2,1,6,2,6,1240,1,8,9,1
20134100T3044,1,9,0,4,0,0,0,0,0,0,1,1,6,1,5,1461,2,5,8,1
20134100T3044,2,9,0,3,0,0,0,0,0,0,2,1,6,2,6,1390,1,6,7,1
20134100T3044,3,9,0,3,0,0,0,0,0,0,2,1,6,2,7,1299,1,11,8,1
20134100T3044,4,9,0,3,0,0,0,0,0,0,2,1,6,1,-1,1995,2,1,-1,-1
20134100T3045,1,9,0,18,0,0,0,0,0,0,0,1,6,3,-1,-1,-1,-1,-1,-1
20134100T3045,2,9,0,18,0,0,0,0,0,0,1,1,6,2,5,1998,2,9,7,1
20134100T3045,3,9,0,18,0,0,0,0,0,0,1,1,6,2,6,1598,1,7,-1,-1
20134100T3045,4,9,0,18,0,0,0,0,0,0,2,1,6,1,6,1951,2,12,8,1
20134100T3047,1,21,1,11,0,0,0,0,0,0,3,1,1,1,6,11705,2,4,-1,-1
20134100T3047,2,9,0,18,0,0,0,0,0,7,4,1,2,1,8,-1,-1,-1,-1,-1
20134100T3053,1,9,0,12,0,7,0,0,0,0,3,1,6,2,4,1229,1,6,1,1
20134100T3053,2,21,1,18,0,1,0,0,0,0,3,1,1,1,9,10518,2,1,1,1
20134100T3054,1,9,0,12,0,1,0,0,0,0,0,2,6,3,-1,-1,-1,-1,-1,-1
20134100T3054,2,9,0,18,0,1,1,0,2,7,4,1,6,1,7,-1,-1,-1,6,2
20134100T3054,3,19,0,18,0,1,0,0,0,0,1,1,1,1,8,2287,2,2,9,1
20134100T3055,1,9,0,4,0,0,0,0,0,0,0,1,6,1,5,-1,-1,-1,3,1
20134100T3055,2,19,0,4,0,0,0,0,0,0,0,1,6,1,7,2198,2,-1,9,1
20134100T3055,3,19,0,4,0,0,0,0,0,0,2,1,6,1,5,1560,2,-1,9,1
20134100T3055,4,9,0,4,0,0,0,0,0,0,1,1,6,2,6,1598,1,11,8,1
20134100T3056,1,9,0,12,0,0,0,0,0,7,1,1,6,1,5,1796,1,11,10,1
20134100T3057,1,9,0,4,0,0,0,0,0,0,0,1,6,3,-1,-1,-1,-1,-1,-1
20134100T3057,2,9,0,4,0,0,0,0,0,0,1,1,1,2,7,1398,1,4,7,3
20134100T3057,3,19,0,4,0,0,0,0,0,0,2,1,1,1,6,1686,2,9,4,1
20134100T3060,1,21,1,12,0,0,0,0,0,0,3,2,1,1,7,-1,-1,-1,-1,-1
20134100T3060,2,9,0,13,0,0,0,0,0,0,4,1,6,2,7,1368,1,2,-1,-1
20134100T3061,1,9,0,18,0,0,1,10,1,0,3,1,2,1,6,-1,-1,-1,3,1
20134100T3062,1,9,0,18,0,0,0,0,2,7,1,1,6,1,5,1360,1,14,6,1
20134100T3062,2,9,0,18,0,0,0,0,0,0,4,1,6,2,6,1390,1,14,9,1
20134100T3062,3,9,0,18,0,0,0,0,0,0,4,1,6,1,9,1582,2,-1,2,1
20134100T3062,4,19,0,18,0,0,0,0,0,0,1,1,6,1,6,1995,2,5,4,1
20134100T3062,5,9,0,18,0,0,0,0,0,0,1,1,6,1,8,1870,2,2,8,3
20134100T3064,1,9,0,4,0,0,0,0,0,0,0,1,6,3,-1,-1,-1,-1,-1,-1
20134100T3064,2,9,0,4,0,0,0,0,0,0,0,1,6,3,-1,-1,-1,-1,-1,-1
20134100T3064,3,9,0,18,0,0,0,0,0,0,2,1,6,1,6,1390,1,8,-1,-1
20134100T3064,4,19,0,18,0,0,0,0,0,0,1,1,6,1,-1,2143,2,1,7,1
20134100T3064,5,9,0,18,0,0,0,0,0,0,1,1,6,3,-1,-1,-1,-1,-1,-1
20134100T3066,1,9,0,18,0,0,0,0,0,0,1,1,6,1,6,1686,2,11,-1,-1
20134100T3066,2,9,0,4,0,0,0,0,0,0,2,1,6,1,6,2179,2,2,10,3
20134100T3069,1,9,0,4,0,0,0,0,0,0,1,1,2,1,6,1783,1,12,7,1
20134100T3069,2,9,0,4,0,0,0,0,0,0,2,1,2,1,8,-1,-1,-1,3,1
20134100T3069,3,9,0,4,0,0,0,0,0,0,2,1,2,2,8,998,1,-1,-1,3
20134100T3069,4,9,0,4,0,0,0,0,0,0,2,1,2,1,6,1968,2,5,9,1
20134100T3071,1,9,0,12,0,0,0,0,0,0,3,1,6,1,11,1596,1,9,8,1
20134100T3071,2,9,0,18,0,0,0,0,0,7,4,1,6,2,6,1242,1,11,4,1
20134100T3074,1,9,0,4,0,1,0,0,0,0,1,1,6,1,9,1498,1,3,3,1
20134100T3074,2,9,0,3,0,1,0,0,0,0,2,1,6,1,7,1390,1,5,2,1
20134100T3075,1,9,0,12,0,0,0,0,0,7,2,1,2,2,8,1587,1,7,-1,-1
20134100T3077,1,21,1,17,0,7,2,0,0,7,4,1,1,1,7,-1,-1,-1,5,1
20134100T3079,1,19,0,18,0,0,5,0,1,7,3,1,2,1,8,2300,2,9,2,1
20134100T3080,1,19,0,11,0,0,0,0,1,7,1,1,1,1,6,2402,2,5,6,1
20134100T3080,2,9,0,4,0,0,0,0,1,7,2,1,6,1,8,1968,2,2,5,1
20134100T3080,3,9,0,4,0,0,0,0,0,0,4,1,6,2,7,1197,1,1,4,1
20134100T3081,1,9,0,18,0,0,1,0,5,6,1,1,6,1,8,1769,1,9,5,1
20134100T3085,1,9,0,18,0,0,0,0,0,0,1,1,6,2,7,1998,1,7,-1,-1
20134100T3085,2,9,0,4,0,0,0,0,0,0,2,1,6,2,9,-1,-1,-1,5,1
20134100T3085,3,9,0,4,0,0,0,0,0,0,2,1,6,1,6,1796,1,10,5,1
20134100T3086,1,21,1,11,0,0,0,0,0,0,4,1,1,1,8,12900,2,3,10,2
20134100T3086,2,9,0,18,0,0,2,0,5,6,3,1,6,2,10,1490,1,8,10,1
20134100T3088,1,9,0,18,0,0,0,0,2,7,4,1,6,1,10,1598,1,7,1,1
20134100T3091,1,9,0,11,0,0,0,0,0,0,1,1,6,2,5,1997,2,13,2,1
20134100T3091,2,9,0,4,0,0,0,0,0,0,2,1,2,2,5,1560,2,3,-1,-1
20134100T3092,1,9,0,4,0,0,0,0,0,0,0,1,6,3,-1,-1,-1,-1,-1,-1
20134100T3092,2,9,0,4,0,0,1,0,0,0,1,1,6,1,6,1596,1,12,-1,-1
20134100T3092,3,19,0,12,0,0,0,0,0,0,2,1,6,1,7,2463,2,8,-1,-1
20134100T3092,4,9,0,4,0,0,0,11,0,0,1,1,6,2,5,1360,1,6,9,1
20134100T3100,1,9,0,18,0,0,0,0,0,0,1,1,6,1,9,1797,8,2,5,1
20134100T3100,2,9,0,4,0,0,0,0,0,0,2,1,6,1,4,1598,2,-1,6,1
20134100T3100,3,9,0,4,0,0,0,0,0,0,2,1,6,1,6,-1,-1,-1,5,2
20134100T3102,1,9,0,18,0,0,0,0,0,0,1,1,6,1,7,-1,-1,-1,4,1
20134100T3102,2,9,0,4,0,0,0,0,0,0,2,1,1,1,6,-1,-1,-1,8,2
20134100T3103,1,9,0,11,0,5,1,0,2,7,4,1,2,1,9,1590,1,11,9,1
20134100T3103,2,21,1,18,0,8,3,0,0,0,1,2,1,1,6,-1,-1,-1,-1,-1
20134100T3103,3,21,1,18,0,8,1,0,0,0,1,1,1,1,9,12740,2,-1,8,2
20134100T3105,1,19,0,18,0,0,0,0,0,7,3,1,1,1,8,2143,2,1,3,1
20134100T3110,1,9,0,18,0,0,0,0,0,7,2,1,6,1,6,1988,1,10,3,1
20134100T3110,2,9,0,18,0,0,0,0,0,0,1,1,6,1,8,2972,1,8,8,3
20134100T3113,1,9,0,18,0,0,0,0,5,6,3,1,6,1,11,-1,-1,-1,10,1
20134100T3113,2,9,0,18,0,0,0,0,1,7,3,1,6,1,6,1248,2,-1,8,1
20134100T3118,1,9,0,18,0,0,1,0,1,0,4,1,1,1,6,1196,1,16,5,1
20134100T3118,2,9,0,18,0,0,0,0,1,0,3,1,1,1,8,1198,1,7,-1,-1
20134100T3122,1,9,0,18,0,0,1,0,0,6,1,1,1,1,6,1390,1,3,10,2
20134100T3122,2,21,1,18,0,0,0,0,0,0,3,1,1,1,-1,11705,2,6,3,1
20134100T3124,1,20,1,12,0,0,0,0,0,0,3,2,1,1,-1,-1,-1,-1,-1,-1
20134100T3124,2,9,0,18,0,0,0,0,0,0,4,1,6,2,5,1275,1,14,9,1
20134100T3132,1,19,0,18,0,8,0,0,0,0,4,1,6,1,7,2198,2,1,6,1
20134100T3132,2,9,0,12,0,8,0,0,0,0,3,1,6,2,4,-1,-1,-1,5,1
20134100T3133,1,9,0,7,0,0,2,0,8,0,3,1,6,1,6,1149,1,9,-1,-1
20134100T3136,1,21,0,16,0,3,2,0,7,7,1,1,1,1,8,12740,2,3,6,3
20134100T3140,1,9,0,18,0,0,0,0,0,0,1,1,6,1,9,1242,1,1,6,1
20134100T3140,2,9,0,18,0,0,0,0,0,0,2,1,6,1,6,1997,2,8,8,1
20134100T3140,3,9,0,4,0,0,0,0,0,0,0,1,6,3,-1,-1,-1,-1,-1,-1
20134100T3142,1,21,1,18,0,0,0,0,0,0,1,1,1,1,6,12900,2,1,1,1
20134100T3142,2,9,0,18,0,0,0,0,0,0,2,1,1,2,7,1560,2,-1,9,1
20134100T3149,1,9,0,16,0,0,1,0,5,6,2,1,6,1,6,2500,1,13,3,1
20134100T3154,1,21,1,12,0,0,0,0,0,0,3,2,1,1,8,-1,-1,-1,-1,-1
20134100T3154,2,9,0,13,0,0,1,0,1,7,1,1,6,1,8,1560,2,6,8,3
20134100T3158,1,21,1,18,0,1,0,0,0,0,1,1,1,1,4,11946,2,1,2,1
20134100T3158,2,9,0,18,0,1,0,0,0,0,2,1,2,2,8,2000,2,4,8,3
20134100T3159,1,9,0,17,0,8,1,0,0,0,1,1,6,1,7,1560,2,8,7,1
20134100T3159,2,9,0,16,0,8,0,0,0,0,1,1,6,1,8,2143,2,1,9,3
20134100T3164,1,21,0,12,0,1,0,0,0,0,3,1,6,3,-1,-1,-1,-1,-1,-1
20134100T3164,2,9,0,18,0,1,0,0,0,6,4,1,6,1,6,1598,1,7,5,1
20134100T3169,1,9,0,4,0,0,1,0,0,0,1,1,1,1,5,-1,-1,-1,6,1
20134100T3169,2,9,0,3,0,0,0,0,0,0,2,1,2,1,6,1560,2,8,10,1
20134100T3170,1,21,0,11,0,0,0,0,0,0,4,1,6,3,-1,-1,-1,-1,-1,-1
20134100T3170,2,19,0,18,0,0,0,0,0,7,3,2,1,1,4,-1,-1,-1,-1,-1
20134100T3173,1,21,1,12,0,0,0,0,0,0,3,2,1,1,7,-1,-1,-1,-1,-1
20134100T3173,2,9,0,18,0,0,0,0,0,0,4,1,6,1,7,1910,2,7,6,1
20134100T3173,3,9,0,18,0,0,0,0,2,7,1,1,6,1,9,1298,1,-1,8,1
20134100T3181,1,21,0,12,0,7,0,0,0,0,3,2,1,1,7,-1,-1,-1,-1,-1
20134100T3181,2,9,0,18,0,8,0,0,1,0,4,1,6,2,8,1199,2,-1,-1,-1
20134100T3183,1,19,0,18,0,0,0,0,0,0,1,1,1,1,4,-1,-1,-1,3,1
20134100T3183,2,21,1,5,0,0,0,0,0,0,2,1,1,1,8,11946,2,2,-1,-1
20134100T3184,1,9,0,18,0,1,0,0,0,0,1,1,6,1,-1,1956,2,-1,-1,-1
20134100T3184,2,9,0,3,0,1,0,0,0,0,2,1,6,2,5,1242,1,4,4,1
20134100T3185,1,21,1,18,0,0,0,0,0,0,1,1,1,1,6,-1,-1,-1,-1,-1
20134100T3185,2,9,0,4,0,0,0,0,0,0,2,1,2,1,7,-1,-1,-1,8,1
20134100T3185,3,9,0,3,0,0,0,0,0,0,2,1,1,1,7,1995,2,2,9,1
20134100T3186,1,5,0,17,0,8,1,0,0,0,0,1,1,1,6,1255,1,-1,10,1
20134100T3187,1,5,0,18,0,0,0,0,0,0,1,1,6,1,6,649,1,6,3,1
20134100T3189,1,21,1,11,0,0,0,0,0,0,4,1,1,1,8,12780,2,7,6,1
20134100T3189,2,8,0,18,0,0,0,0,2,0,3,1,1,1,8,1600,2,3,6,1
20134100T3189,3,19,0,18,0,0,1,0,0,0,1,1,1,1,6,2148,2,4,9,1
20134100T3196,1,9,0,18,0,0,0,0,5,6,4,1,6,1,10,1996,1,19,8,1
20134100T3196,2,9,0,18,0,0,0,0,0,0,3,1,6,3,-1,-1,-1,-1,-1,-1
20134100T3197,1,9,0,17,0,8,2,0,1,2,4,1,6,2,4,1596,1,5,9,1
20134100T3199,1,21,1,18,0,0,0,0,0,0,1,2,1,1,7,-1,-1,-1,-1,-1
20134100T3199,2,9,0,18,0,0,5,0,0,0,2,1,6,1,6,1596,1,11,4,1
20134100T3202,1,21,1,12,0,0,0,0,0,0,1,2,1,1,8,-1,-1,-1,-1,-1
20134100T3202,2,9,0,18,0,0,0,0,1,7,2,1,6,1,8,998,1,1,3,1
20134100T3207,1,9,0,17,0,1,1,0,1,0,2,1,6,1,6,1596,1,7,4,1
20134100T3209,1,21,1,11,0,0,0,0,0,0,1,1,1,1,8,10837,2,2,5,3
20134100T3209,2,9,0,18,0,0,1,0,0,0,3,1,6,1,6,1896,2,10,1,1
20134100T3212,1,9,0,18,0,0,1,0,0,0,1,1,6,1,6,1596,1,8,9,1
20134100T3212,2,9,0,4,0,0,0,0,0,0,2,1,6,1,9,1991,1,15,4,1
20134100T3212,3,9,0,4,0,0,0,0,0,0,2,1,6,1,5,1598,2,1,10,1
20134100T3215,1,5,0,18,0,8,1,0,2,7,4,1,6,1,9,1670,1,5,4,1
20134100T3219,1,9,0,12,0,0,0,0,0,0,0,1,6,3,7,-1,-1,-1,-1,-1
20134100T3219,2,9,0,18,0,0,0,0,0,0,1,1,6,1,4,-1,-1,-1,10,1
20134100T3219,3,9,0,5,0,0,0,0,0,0,2,1,2,1,6,1998,2,5,7,1
20134100T3232,1,9,0,18,0,0,0,0,0,0,1,1,6,1,6,2987,2,2,6,3
20134100T3232,2,9,0,18,0,0,0,0,0,0,2,1,1,1,7,2494,2,4,-1,1
20134100T3234,1,21,1,12,0,0,0,0,0,0,3,2,1,1,6,-1,-1,-1,-1,-1
20134100T3234,2,9,0,18,0,0,0,0,0,0,4,1,6,2,10,1975,1,11,9,1
20134100T3235,1,9,0,12,0,7,0,0,0,0,3,1,6,1,8,998,1,3,6,2
20134100T3235,2,9,0,18,0,8,0,0,0,0,4,1,6,1,7,1870,2,7,3,1
20134100T3244,1,9,0,18,0,0,1,0,2,7,4,1,6,2,8,1839,1,10,5,1
20134100T3244,2,9,0,18,0,0,1,0,5,6,3,1,6,1,7,1590,1,14,4,1
20134100T3246,1,21,0,18,0,0,1,0,0,0,1,1,1,1,10,4461,2,5,9,3