Accident_Index,Vehicle_Reference,Vehicle_Type,Towing_and_Articulation,Vehicle_Manoeuvre,Vehicle_Location-Restricted_Lane,Junction_Location,Skidding_and_Overturning,Hit_Object_in_Carriageway,Vehicle_Leaving_Carriageway,Hit_Object_off_Carriageway,1st_Point_of_Impact,Was_Vehicle_Left_Hand_Drive?,Journey_Purpose_of_Driver,Sex_of_Driver,Age_Band_of_Driver,Engine_Capacity_(CC),Propulsion_Code,Age_of_Vehicle,Driver_IMD_Decile,Driver_Home_Area_Type
201342I013501,5,21,0,18,0,0,0,0,0,0,0,1,6,1,6,8867,2,5,5,1
201342I013601,1,1,0,18,9,0,0,0,0,0,0,1,6,1,3,-1,-1,-1,4,1
201342I013701,1,9,0,18,0,0,1,0,0,0,1,1,6,1,4,-1,-1,-1,7,3
201342I013701,2,9,0,18,0,0,0,0,0,0,1,1,6,2,8,1997,2,11,8,1
201342I013901,1,9,0,12,0,0,0,0,0,0,0,1,6,1,-1,-1,-1,-1,-1,-1
201342I013901,2,9,0,18,0,0,1,0,1,7,1,1,6,1,8,1988,2,9,5,1
201342I014001,1,5,0,18,0,1,0,0,0,1,0,1,6,1,4,510,1,4,8,2
201342I014101,1,9,0,18,0,0,1,0,1,7,4,1,6,2,6,1587,1,8,5,1
201342I014201,1,9,0,18,0,0,1,0,7,0,1,1,6,2,6,1997,1,11,5,1
201342I014201,2,19,0,1,0,0,0,0,0,0,1,1,6,1,8,2148,2,6,-1,-1
201342I014301,1,9,0,4,0,0,1,0,0,0,1,1,6,2,6,1997,2,2,4,1
201342I014301,2,9,0,4,0,0,0,0,0,0,2,1,6,2,6,1598,1,6,4,1
201342I014301,3,9,0,4,0,0,0,0,0,0,2,1,6,1,8,1956,2,1,6,1
201342I014301,4,9,0,10,0,0,0,0,0,0,0,1,1,1,-1,2495,2,18,10,1
201342I014301,5,9,0,2,6,0,0,0,0,0,0,1,1,1,6,1753,2,5,5,1
201342I014401,1,20,0,4,0,0,1,0,0,0,1,1,1,1,6,-1,-1,-1,4,1
201342I014401,2,19,0,4,0,0,0,0,0,0,2,1,1,1,7,-1,-1,-1,6,1
201342I014501,1,9,0,18,0,2,1,0,1,1,1,1,6,1,8,2997,1,15,7,1
201342I014601,1,9,0,18,0,0,1,0,0,0,2,1,6,1,6,1798,1,8,6,1
201342I014601,2,9,0,18,0,0,0,0,0,0,1,1,6,1,6,1596,1,11,-1,-1
201342I014701,1,9,0,18,0,0,1,0,1,4,3,1,6,1,9,1988,1,13,10,1
201342I014801,1,9,0,18,0,1,0,0,0,0,1,1,6,1,5,1984,1,11,9,1
201342I014801,2,9,0,18,0,1,0,0,0,0,3,1,6,1,10,1997,2,4,10,1
201342I014901,1,9,0,1,0,0,0,0,0,0,2,1,1,1,-1,-1,-1,-1,-1,-1
201342I015001,1,9,0,18,0,0,0,0,0,0,1,1,6,2,4,1299,1,9,7,3
201342I015001,2,9,0,18,0,0,0,0,0,0,1,1,2,2,5,1388,1,6,8,1
201342I015101,1,9,0,5,0,4,0,0,0,0,1,1,6,1,10,1597,1,5,10,2
201342I015101,2,9,0,5,0,4,0,0,0,0,2,1,6,1,4,1242,1,3,5,3
201342I015201,1,9,0,18,0,1,0,0,0,0,1,1,6,1,-1,2688,2,12,-1,-1
201342I015301,1,9,0,9,0,2,0,0,0,0,1,1,6,2,5,1587,1,13,4,1
201342I015401,1,9,0,7,0,5,0,0,0,2,1,1,1,1,8,-1,-1,-1,-1,-1
201342I015401,2,9,0,2,0,1,0,0,0,0,2,1,6,1,-1,1299,1,12,-1,-1
201342I015401,3,9,0,2,0,1,0,0,0,0,1,1,6,1,-1,-1,-1,-1,-1,-1
201342I015501,1,9,0,16,0,0,0,0,0,0,1,1,6,2,7,1995,2,2,10,3
201342I015501,2,9,0,17,0,0,0,0,0,0,1,1,6,1,6,1598,1,10,10,1
201342I015701,1,9,0,18,0,6,0,0,0,0,1,1,6,1,-1,2306,1,15,-1,-1
201342I015901,1,9,0,5,0,8,0,0,0,0,4,1,6,3,7,-1,-1,-1,7,1
201342I015901,2,1,0,17,0,8,0,0,0,0,0,1,6,1,-1,-1,-1,-1,2,1
201342I016001,1,9,0,18,0,0,1,0,0,0,1,1,6,1,7,2993,2,4,5,1
201342I016001,2,9,0,18,0,0,0,0,0,0,1,1,1,1,8,-1,-1,-1,4,1
201342I016101,1,21,1,18,0,0,0,0,0,0,0,1,1,1,8,-1,-1,-1,2,1
201342I016101,2,9,0,18,0,0,0,0,0,0,1,1,6,2,9,1968,2,7,8,1
201342I016201,1,9,0,18,0,0,1,0,2,7,1,1,2,2,5,1390,1,2,-1,-1
201342I016301,1,9,0,2,0,0,0,0,0,0,1,1,1,3,-1,1598,1,10,-1,-1
201342I016301,2,9,0,18,0,0,1,0,0,0,3,1,6,2,4,1242,1,1,3,1
201342I016401,1,9,0,9,0,8,0,0,4,10,1,1,6,1,6,2544,1,13,2,1
201342I016401,2,9,0,18,0,8,0,0,1,1,1,1,6,2,10,1560,2,5,5,1
201342I016501,1,9,0,18,0,0,0,0,0,0,3,1,6,3,-1,-1,-1,-1,-1,-1
201342I016601,1,21,1,12,0,0,2,0,0,7,1,1,1,1,7,10837,2,2,2,1
201342I016601,2,9,0,2,0,0,0,0,1,0,2,1,2,1,5,1595,1,16,6,2
201342I016701,1,9,0,4,0,5,1,0,0,0,1,1,6,1,4,998,1,9,7,1
201342I016701,2,9,0,4,0,4,0,0,0,0,2,1,6,1,8,1086,1,4,3,1
201342I016801,1,9,0,7,8,1,0,0,0,0,1,1,6,1,-1,-1,-1,-1,-1,-1
201342I016901,1,9,0,5,0,0,0,0,0,0,4,1,6,2,4,1596,1,11,8,2
201342I016901,2,3,0,15,0,0,1,0,0,0,3,1,6,2,7,124,1,7,8,3
201342I017001,1,9,0,8,0,1,0,0,0,0,4,1,6,1,4,1461,2,3,3,1
201342I017001,2,4,0,18,0,8,1,0,0,0,1,1,6,1,4,124,1,12,3,1
201342I017101,1,9,0,18,0,0,0,0,0,0,1,1,6,2,4,1299,1,13,5,1
201342I017101,2,9,0,18,0,0,0,0,0,0,2,1,6,2,8,1388,1,2,6,1
201342I017201,1,9,0,4,0,0,0,0,0,0,0,1,6,3,-1,-1,-1,-1,-1,-1
201342I017201,2,90,0,4,0,0,0,0,0,0,2,1,1,1,7,-1,-1,-1,8,2
201342I017201,3,9,0,18,0,0,0,0,0,0,1,1,1,1,8,1998,2,10,-1,-1
201342I017301,1,19,0,18,0,0,0,0,0,0,1,1,6,1,8,-1,-1,-1,1,1
201342I017301,2,9,0,18,0,0,0,0,0,0,2,1,6,1,5,1596,1,13,9,1
201342I017301,3,9,0,18,0,0,0,0,0,0,2,1,6,1,6,1598,1,12,3,1
201342I017301,4,9,0,18,0,0,0,0,0,0,4,1,6,2,6,1389,1,17,10,2
201342I017301,5,19,0,18,0,0,0,0,0,0,0,1,6,1,7,2461,2,10,8,2
201342I017501,1,9,0,17,0,0,2,0,7,0,0,1,6,2,9,1240,1,5,4,1
201342I017601,1,9,0,17,0,0,0,0,1,4,1,1,6,2,11,996,1,3,5,1
201342I017701,1,9,0,3,0,4,0,0,0,0,0,1,6,2,-1,1587,1,6,7,2
201342I017701,2,1,0,5,0,4,0,0,0,0,0,1,6,1,6,-1,-1,-1,2,1
201342I017801,1,9,0,3,0,1,0,0,0,0,2,1,6,2,4,1868,2,13,1,1
201342I017801,2,9,0,4,0,1,0,0,0,0,1,1,6,2,7,1242,1,16,-1,-1
201342I017901,1,9,0,9,0,5,0,0,0,0,1,1,6,1,10,1590,1,11,-1,-1
201342I018001,1,19,0,1,0,0,0,0,0,0,2,1,1,1,7,1995,2,4,8,1
201342I018301,1,9,0,18,0,1,1,0,0,0,4,1,6,1,9,1364,1,5,6,2
201342I018401,1,9,0,3,0,1,0,0,0,0,2,1,3,2,6,1910,2,9,4,1
201342I018401,2,9,0,9,0,1,0,0,0,0,1,1,3,2,6,1769,1,10,2,1
201342I018501,1,9,0,18,0,0,0,0,4,6,1,1,6,2,6,1598,1,11,1,1
201342I018501,2,9,0,18,0,0,0,0,4,6,1,1,6,2,6,1587,1,10,8,1
201342I018601,1,9,0,18,0,1,0,0,0,0,1,1,6,1,6,1149,1,7,4,1
201342I018601,2,1,0,18,0,1,0,0,0,0,2,1,6,2,8,-1,-1,-1,9,1
201342I018701,1,2,0,18,0,4,0,0,0,0,3,1,1,2,4,-1,-1,-1,4,1
201342I018701,2,19,0,18,0,8,0,0,0,0,1,1,1,1,7,2187,2,11,2,1
201342I018801,1,9,0,3,0,1,0,0,0,0,1,1,6,1,8,1587,1,11,6,1
201342I018801,2,9,0,3,0,1,0,0,0,0,2,1,6,1,6,1242,1,4,7,3
201342I018901,1,9,0,18,0,0,0,0,0,0,0,1,6,3,-1,-1,-1,-1,-1,-1
201342I018901,2,9,0,18,0,0,1,0,1,0,1,1,6,1,8,1587,1,9,6,3
201342I018901,3,19,0,18,0,0,1,0,0,0,1,1,6,1,5,1995,2,6,1,1
201342I019001,1,9,0,7,0,1,0,0,0,2,1,1,1,1,10,2967,1,9,-1,-1
201342I019001,2,9,0,18,0,1,0,0,0,0,0,1,1,1,8,1998,2,5,7,3
201342I019101,1,20,4,3,0,0,0,0,0,0,1,1,1,1,9,6370,2,8,3,1
201342I019101,2,9,2,3,0,0,0,0,0,0,1,1,1,2,9,1297,1,14,5,1
201342I019201,1,9,0,4,0,0,1,0,0,0,1,1,6,1,7,1796,1,12,8,3
201342I019201,2,9,0,17,0,0,0,0,1,7,2,1,2,1,7,-1,-1,-1,8,3
201342I019401,1,9,0,16,0,1,0,0,0,6,1,1,6,2,6,1753,2,12,5,1
201342I019501,1,9,0,17,0,0,2,0,2,10,1,1,1,2,8,1388,1,10,8,2
201342I019601,1,90,0,5,0,4,0,0,0,0,3,1,2,1,10,-1,-1,-1,9,3
201342I019601,2,90,0,18,0,4,0,0,0,0,4,1,2,2,5,-1,-1,-1,7,2
201342I019701,1,9,0,9,0,1,0,0,0,0,1,1,6,2,8,1299,1,15,5,1
201342I019701,2,9,0,18,0,8,0,0,0,0,3,1,6,1,9,1124,1,8,7,3
201342I019801,1,9,0,18,0,0,1,0,0,6,3,1,1,2,5,1389,1,9,8,1
201342I019801,2,19,0,18,0,0,0,0,1,0,1,1,1,1,9,1870,2,7,6,1
201342I019801,3,9,0,18,0,0,0,0,0,0,1,1,1,1,9,1997,2,3,8,1
201342I019901,1,9,0,16,0,0,0,0,0,0,1,1,1,1,6,1390,1,12,4,1
201342I019901,2,9,0,1,0,0,0,0,1,10,1,1,1,1,6,1997,2,1,10,1
201342I019901,3,9,0,17,0,0,0,0,0,0,1,1,1,2,8,1461,2,3,7,1
201342I019901,4,9,0,17,0,0,0,0,0,0,1,1,1,1,7,1968,2,2,7,2
201342I020001,1,9,0,7,0,1,0,0,0,0,1,1,1,1,10,1493,1,15,7,1
201342I020101,1,9,0,18,0,1,1,0,0,0,1,1,1,1,5,-1,-1,-1,7,3
201342I020101,2,9,0,9,0,1,0,0,0,0,1,1,1,1,6,1299,1,10,8,2
201342I020201,1,21,0,11,0,2,0,0,0,0,1,1,1,1,8,10308,2,4,-1,1
201342I020201,2,9,0,18,0,2,1,0,4,6,2,1,6,1,9,1997,2,13,4,1
201342I020201,3,9,0,18,0,2,0,0,0,0,1,1,6,2,7,-1,-1,-1,8,1
201342I020401,1,9,0,18,0,1,0,0,0,0,1,1,6,1,9,2922,1,9,6,1
201342I020401,2,9,0,18,0,1,0,0,0,0,1,1,6,2,6,1149,1,7,6,3
201342I020401,3,9,0,18,0,1,0,0,0,0,2,1,6,2,8,1995,2,6,10,1
201342I020501,1,9,0,18,0,2,0,0,1,10,1,1,6,2,5,-1,-1,-1,1,1
201342I020501,2,90,0,2,0,2,0,0,0,0,2,1,6,3,-1,2498,2,22,-1,-1
201342I020501,3,9,0,2,0,2,0,0,0,0,2,1,6,3,-1,1896,2,12,-1,-1
201342I020601,1,9,0,18,0,0,0,0,0,0,3,1,1,1,6,-1,-1,-1,1,1
201342I020601,2,20,0,13,0,0,0,0,0,0,4,1,1,1,7,12740,2,2,3,1
201342I020701,1,9,0,11,0,7,1,0,0,0,1,1,1,1,6,1299,1,12,4,1
201342I020801,1,9,0,18,0,0,0,0,0,0,1,1,6,2,5,1984,1,12,10,1
201342I020801,2,9,0,18,0,0,0,0,0,0,2,1,6,2,5,998,1,1,10,1
201342I020901,1,9,0,18,0,1,0,0,0,0,1,1,6,1,8,2776,2,5,10,1
201342I021001,1,9,0,9,0,7,0,0,0,0,4,1,6,1,9,1798,1,12,8,1
201342I021001,2,9,0,18,0,1,0,0,0,0,3,1,6,1,7,1596,1,2,8,1
201342I021101,1,9,0,18,0,8,0,0,7,10,1,1,6,1,7,1988,1,10,6,2
201342I021101,2,9,0,18,0,8,0,0,1,10,1,1,6,1,5,1596,1,10,2,1
201342I021301,1,9,0,18,0,0,0,0,0,0,1,1,6,2,5,-1,-1,-1,4,1
201342I021301,2,9,0,2,0,0,0,0,0,0,2,1,6,3,5,1242,1,14,-1,-1
201342I021401,1,9,0,5,0,6,0,0,0,0,3,1,6,2,6,2967,1,9,6,1
201342I021401,2,19,0,18,0,8,0,0,0,0,1,1,1,2,8,1461,2,1,7,1
201342I021401,3,9,0,3,0,1,0,0,0,0,4,1,6,2,8,1198,1,1,8,1
201342I021501,1,9,0,18,0,0,0,0,0,0,1,1,6,1,10,2149,2,6,2,1
201342I021601,1,9,0,18,0,2,0,0,0,0,1,1,1,1,8,1997,2,5,4,1
201342I021701,1,9,0,3,0,0,0,0,0,0,0,1,1,3,-1,-1,-1,-1,-1,-1
201342I021701,2,9,0,3,0,0,0,0,0,0,1,1,1,2,8,1360,1,12,1,1
201342I021701,3,9,0,3,0,0,0,0,0,0,1,1,1,1,-1,1998,2,7,9,1
201342I021801,1,9,0,18,0,8,0,11,3,3,4,1,6,1,5,1686,2,9,4,1
201342I021801,2,9,0,18,0,1,0,11,1,3,1,1,1,2,4,998,1,17,6,2
201342I022001,1,9,0,4,0,1,0,0,1,0,1,1,6,1,8,-1,-1,-1,3,1
201342I022001,2,9,0,7,0,1,0,0,0,0,2,1,6,1,6,-1,-1,-1,2,1
201342I022101,1,5,0,18,0,0,0,0,0,0,0,1,1,1,5,650,1,16,9,1
201342I022401,1,9,0,16,0,0,0,0,0,0,3,1,6,2,8,2298,1,14,9,1
201342I022501,1,9,0,4,0,1,0,0,0,0,1,1,2,2,9,1296,1,6,9,1
201342I022501,2,9,0,3,0,1,0,0,0,0,2,1,2,1,8,2184,2,8,10,1
201342I022601,1,21,1,12,0,8,0,0,0,0,1,1,1,1,8,12777,2,6,4,1
201342I022601,2,9,0,4,0,8,0,0,0,0,2,1,2,1,7,1997,1,11,9,1
201342I022701,1,9,0,18,0,0,0,0,0,6,1,1,6,2,7,3179,1,8,9,1
201342I022801,1,9,0,18,0,8,0,0,0,0,1,1,6,1,-1,2494,1,14,7,1
201342I022801,2,9,0,4,0,8,0,0,0,0,2,1,6,2,5,1598,1,8,2,1
201342I022901,1,9,0,16,0,0,0,0,0,0,0,1,6,3,-1,-1,-1,-1,-1,-1
201342I022901,2,90,0,17,0,0,0,0,1,4,4,1,1,1,8,2998,2,1,5,1
201342I023001,1,9,0,4,0,0,1,0,0,0,1,1,3,1,-1,-1,-1,-1,-1,-1
201342I023001,2,9,0,2,0,0,0,0,0,0,1,1,3,1,6,1229,1,2,4,1
201342I023101,1,9,0,18,0,4,0,0,0,0,1,1,6,1,9,1242,1,4,5,1
201342I023101,2,1,0,18,0,8,0,0,0,0,2,1,1,1,8,-1,-1,-1,5,1
201342I023201,1,9,0,18,0,0,0,0,0,0,0,1,6,1,11,1242,1,2,4,1
201342I023301,1,9,0,16,0,0,1,0,1,4,3,1,2,2,5,-1,-1,-1,8,1
201342I023401,1,9,0,18,0,0,1,0,0,7,1,1,6,1,5,-1,-1,-1,3,1
201342I023501,1,9,0,18,0,1,0,0,0,0,1,1,6,1,5,1598,1,13,5,2
201342I023501,2,9,0,7,0,6,0,0,0,0,1,1,6,2,6,-1,-1,-1,5,1
201342I023801,1,9,0,3,0,1,0,0,0,0,1,1,1,1,7,-1,-1,-1,8,1
201342I023801,2,9,0,3,0,1,0,0,0,0,2,1,3,2,7,2199,2,1,9,3
201342I023901,1,9,0,18,0,0,0,0,0,0,0,1,1,1,6,-1,-1,-1,4,1
201342I024001,1,9,0,11,0,1,0,0,0,0,4,1,3,2,7,1997,2,1,9,3
201342I024001,2,9,0,18,0,2,1,0,0,0,1,1,4,1,4,1242,1,7,9,3
201342I024101,1,9,0,18,0,1,0,0,0,0,1,1,6,2,6,1600,1,13,-1,-1
201342I024101,2,1,0,18,0,1,0,0,0,0,2,1,6,1,7,-1,-1,-1,7,1
201342I024202,1,9,0,5,0,6,0,0,1,0,3,1,1,2,8,1596,1,3,10,2
201342I024202,2,9,0,18,0,1,0,0,0,0,1,1,2,1,6,-1,-1,-1,9,1
201342I024301,1,9,0,9,0,8,0,0,0,0,1,1,6,2,5,2000,2,9,10,1
201342I024301,2,9,0,18,0,8,5,0,2,1,1,1,2,1,10,1560,2,1,8,1
201342I024401,1,9,0,18,0,0,0,0,0,0,1,1,1,1,7,-1,-1,-1,9,1
201342I024502,1,9,0,4,0,1,0,0,0,0,0,1,6,2,5,1360,1,11,10,2
201342I024502,2,11,0,4,0,1,0,0,0,0,0,1,1,1,8,9000,2,7,5,1
201342I024601,1,9,0,9,0,8,0,0,0,0,1,1,1,2,6,1587,1,8,10,2
201342I024601,2,9,0,18,0,8,0,0,7,4,1,1,6,1,10,2401,2,6,9,1
201342I024601,3,9,0,8,0,8,0,0,0,0,1,1,1,1,8,-1,-1,-1,-1,-1
201342I024702,1,9,0,2,0,0,0,0,0,0,2,1,6,1,8,1799,1,15,-1,-1
201342I024702,2,9,0,16,0,0,0,0,1,0,1,1,6,2,5,1598,1,15,-1,-1
201342I024802,1,9,0,9,0,1,0,0,0,0,1,1,2,2,4,1242,1,1,5,1
201342I024802,2,9,0,18,0,1,0,0,0,0,3,1,1,1,7,1968,2,1,8,1
201342I024901,1,11,0,9,0,8,0,0,0,0,3,1,1,1,9,-1,-1,-1,3,1
201342I024901,2,1,0,18,0,1,0,0,0,0,1,1,6,1,9,-1,-1,-1,6,1
201342I025001,1,9,0,18,0,1,0,0,0,0,1,1,6,1,-1,-1,-1,-1,-1,-1
201342I025001,2,1,0,18,0,1,0,0,0,0,1,1,6,1,5,-1,-1,-1,9,1
201342I025101,1,9,0,5,0,6,0,0,0,0,3,1,6,1,8,1596,1,11,5,1
201342I025101,2,9,0,18,0,8,0,0,0,0,1,1,2,2,6,1124,1,14,5,1
201342I025202,1,9,0,9,0,8,0,0,0,0,1,1,6,1,10,2499,1,1,4,1
201342I025202,2,9,0,18,0,8,0,0,0,0,1,1,6,1,4,-1,-1,-1,9,1
201342I025302,1,1,0,18,5,0,0,0,0,0,1,1,1,1,5,-1,-1,-1,4,1
201342I025401,1,9,0,18,0,1,0,0,0,0,1,1,6,1,9,3960,1,16,5,1
201342I025401,2,9,0,18,0,4,0,0,0,0,2,1,3,2,6,1599,1,8,9,1
201342I025601,1,9,0,18,0,1,0,0,0,0,1,1,6,2,11,1596,1,10,9,2
201342I025601,2,9,0,9,0,1,0,0,0,0,3,1,6,2,5,1596,1,11,6,3
201342I025701,1,9,0,18,0,2,0,0,0,0,1,1,6,1,4,1598,1,10,-1,-1
201342I025701,2,9,0,4,0,2,0,0,0,0,2,1,6,1,7,-1,-1,-1,6,1
201342I025802,1,3,0,18,0,1,0,0,0,0,1,1,6,1,4,124,1,-1,7,1
201342I025902,1,9,0,18,0,0,0,0,1,0,3,1,1,2,7,1997,2,8,9,1
201342I025902,2,21,0,18,0,0,0,0,0,0,2,1,1,1,7,8970,2,6,10,3
201342I026002,1,9,0,18,0,0,0,0,0,0,1,1,6,3,-1,1299,1,12,-1,-1
201342I026102,1,9,0,18,0,0,0,0,0,0,0,1,3,2,6,1360,1,12,7,3
201342I026201,1,9,0,7,0,1,0,0,0,0,1,1,6,1,4,1998,1,15,7,1
201342I026201,2,8,0,10,0,1,0,0,0,0,3,1,1,1,8,1560,2,7,6,3
201342I026302,1,9,0,17,0,0,1,0,0,0,1,1,6,1,7,1749,1,12,2,1
201342I026302,2,19,0,16,0,0,0,0,1,0,1,1,6,2,6,1968,2,5,7,3
201342I026402,1,19,0,9,0,6,0,0,0,0,1,1,6,1,6,1996,2,2,4,1
201342I026402,2,4,0,18,0,1,1,0,1,0,1,1,6,1,6,249,1,9,-1,-1
201342I026502,1,1,0,18,0,0,0,0,0,0,1,1,6,1,6,-1,-1,-1,6,1
201342I026502,2,90,0,3,0,0,0,0,0,0,2,1,6,1,9,-1,-1,-1,2,1
201342I026602,1,9,0,17,0,0,1,0,7,4,1,1,1,2,6,-1,-1,-1,7,1
201342I026802,1,9,0,3,0,4,0,0,0,0,1,1,6,1,4,1248,2,9,6,2
201342I026802,2,9,0,3,0,4,0,0,0,0,2,1,6,2,4,1198,1,1,3,1
201342I026902,1,9,0,5,0,4,0,0,0,0,1,1,1,1,9,1753,2,4,3,1
201342I026902,2,1,0,17,0,8,0,0,0,0,4,1,6,1,9,-1,-1,-1,3,1
201342I027002,1,9,0,18,0,1,0,0,0,0,4,1,6,1,8,1995,2,9,7,1
201342I027102,1,9,0,17,0,0,1,0,7,0,1,1,1,1,8,1850,1,13,-1,-1
201342I027102,2,9,0,16,0,0,1,0,0,0,1,1,6,2,6,1896,2,9,6,3
201342I027202,1,9,0,18,0,0,0,0,0,0,0,1,6,1,11,1753,2,13,7,3
201342I027302,1,9,0,5,9,0,0,0,0,0,1,1,6,1,7,2401,2,10,9,1
201342I027302,2,90,0,18,9,0,0,0,0,0,4,1,6,1,11,-1,-1,-1,9,1
201342I027402,1,9,0,10,0,2,0,0,0,0,1,1,6,1,6,1364,1,4,-1,-1
201342I027402,2,2,0,18,0,8,0,0,0,0,1,1,6,1,4,-1,-1,-1,-1,-1
201342I027502,1,9,0,18,0,0,1,0,0,0,1,1,6,2,6,1299,1,8,10,1
201342I027502,2,9,0,18,0,0,0,0,0,0,2,1,6,1,7,2171,1,9,6,1
201342I027502,3,9,0,18,0,0,0,0,0,0,0,1,6,2,6,1242,1,7,3,1
201342I027602,1,9,0,18,0,0,0,0,0,0,4,1,6,1,6,-1,-1,-1,2,1
201342I027702,1,9,0,18,0,7,0,0,0,0,1,1,6,1,7,1796,1,2,2,1
201342I027702,2,9,0,3,0,7,0,0,0,0,2,1,1,1,5,1910,2,8,10,1
201342I027802,1,9,0,18,0,0,2,12,1,0,0,1,6,2,4,1149,1,14,7,1
201342I027902,1,9,0,9,0,5,0,0,0,0,1,1,6,2,10,-1,-1,-1,7,3
201342I027902,2,9,0,18,0,1,0,0,1,4,1,1,6,1,8,2982,2,6,9,3
201342I028001,1,9,0,12,0,5,1,0,5,6,2,1,6,1,7,1598,1,9,2,1
201342I028001,2,21,0,18,0,2,0,0,0,0,1,1,1,1,8,12777,2,2,5,1
201342I028101,1,9,0,7,0,6,0,0,0,0,4,1,1,1,7,1598,1,2,8,1
201342I028101,2,1,0,18,0,1,1,0,0,0,4,1,1,1,8,-1,-1,-1,5,1
201342I028202,1,9,0,18,0,0,0,0,0,0,1,1,6,2,6,1198,1,6,10,2
201342I028301,1,9,0,4,0,1,0,0,0,0,1,1,2,1,-1,-1,-1,-1,-1,-1
201342I028401,1,9,0,18,0,0,0,0,1,4,1,1,1,1,6,1560,2,2,2,1
201342I028401,2,9,0,18,0,0,0,0,0,0,0,1,6,3,-1,-1,-1,-1,-1,-1
201342I028502,1,9,0,18,0,1,0,0,0,0,1,1,6,1,8,-1,-1,-1,2,1
201342I028502,2,1,0,18,0,1,0,0,0,0,1,1,6,1,-1,-1,-1,-1,-1,-1
201342I028602,1,9,0,5,0,6,0,0,0,0,3,1,6,1,4,1199,1,10,6,3
201342I028602,2,9,0,18,0,1,0,0,0,0,1,1,2,1,9,1995,2,6,5,2
201342I028702,1,9,0,7,0,4,0,0,0,0,3,1,6,1,8,1968,2,3,6,1
201342I028702,2,9,0,18,0,8,0,0,0,0,4,1,6,2,6,1399,2,7,2,1
201342I028802,1,5,0,18,0,0,0,0,0,0,3,1,6,1,9,1130,1,11,6,1
201342I028902,1,9,0,18,0,1,0,0,0,0,2,1,6,2,7,1596,1,9,8,1
201342I028902,2,21,1,18,0,1,0,0,0,0,1,1,1,1,8,12900,2,6,3,1
201342I028902,3,21,1,12,0,7,0,0,0,0,0,1,6,3,-1,-1,-1,-1,-1,-1
201342I029002,1,9,0,9,0,1,1,0,0,0,1,1,6,1,5,-1,-1,-1,10,1
201342I029002,2,9,0,3,0,1,0,0,0,0,2,1,6,1,6,2290,1,16,6,2
201342I029102,1,9,0,13,0,0,0,0,0,0,1,1,6,1,4,1199,1,13,9,3
201342I029102,2,9,0,18,0,0,0,0,1,0,1,1,6,2,8,1395,1,-1,6,1
201342I029302,1,19,0,9,0,6,0,0,0,0,3,1,1,1,5,2287,2,2,2,1
201342I029302,2,1,0,18,0,1,0,0,0,0,1,1,2,1,8,-1,-1,-1,3,1
201342I029502,1,9,0,18,0,8,0,0,0,0,3,1,6,2,10,1388,1,3,7,1
201342I029502,2,9,0,18,0,8,0,0,0,0,3,1,6,1,8,1599,1,9,8,1
201342I029502,3,9,0,18,0,8,1,10,0,0,3,1,6,1,9,1296,1,6,10,1
201342I029602,1,9,0,18,0,0,1,0,1,3,1,1,1,1,8,-1,-1,-1,2,1
201342I029702,1,9,0,18,0,0,1,0,1,7,2,1,6,1,6,3246,1,6,10,1
201342I029802,1,9,0,18,0,4,0,0,3,3,1,1,6,2,11,1389,1,9,10,1
201342I030002,1,9,0,9,0,8,2,0,7,3,1,1,6,2,4,1390,1,11,8,1
201342I030202,1,90,0,18,0,0,0,0,7,0,1,1,6,1,-1,-1,-1,-1,1,1
201342I030202,2,9,0,18,0,0,0,0,7,0,1,1,6,1,-1,1896,2,11,8,1
201342I030302,1,1,0,18,0,0,0,0,0,0,0,1,6,1,5,-1,-1,-1,8,1
201342I030402,1,9,0,18,0,0,1,0,0,0,2,1,6,1,6,4163,1,5,2,1
201342I030402,2,9,0,18,0,0,0,0,0,0,1,1,6,1,7,1242,1,14,4,1
201342I030502,1,19,0,10,0,6,0,0,0,0,1,1,6,1,-1,2461,2,9,4,1
201342I030502,2,9,0,18,0,8,0,0,0,0,4,1,1,2,5,1360,1,11,4,1
201342I030602,1,10,0,18,0,0,0,0,0,0,4,1,1,3,-1,-1,-1,-1,-1,-1
201342I030702,1,9,0,1,0,8,0,0,1,10,2,1,6,2,9,1975,1,15,9,1
201342I030802,1,9,0,16,0,0,0,0,0,0,1,1,6,1,11,1988,1,14,6,1
201342I030802,2,19,0,2,0,0,0,0,0,0,1,1,6,3,-1,1968,2,5,-1,-1
201342I030902,1,9,0,18,0,1,0,0,0,0,1,1,2,1,4,1242,1,11,9,1
201342I030902,2,9,0,4,0,1,0,0,0,0,2,1,6,2,7,1390,1,2,4,3
201342I031002,1,11,0,4,0,2,0,0,0,0,0,1,1,2,7,-1,2,11,2,1
201342I031101,1,9,0,16,0,0,0,0,0,0,0,1,6,3,-1,-1,-1,-1,-1,-1
201342I031101,2,9,0,17,0,0,0,0,1,10,1,1,1,2,4,1299,1,13,5,2
201342I031202,1,9,0,18,0,2,0,0,0,0,3,1,1,2,9,-1,-1,-1,2,1
201342I031302,1,9,0,18,0,0,2,0,1,4,1,1,2,2,8,1598,1,12,9,2