Accident_Index,Vehicle_Reference,Vehicle_Type,Towing_and_Articulation,Vehicle_Manoeuvre,Vehicle_Location-Restricted_Lane,Junction_Location,Skidding_and_Overturning,Hit_Object_in_Carriageway,Vehicle_Leaving_Carriageway,Hit_Object_off_Carriageway,1st_Point_of_Impact,Was_Vehicle_Left_Hand_Drive?,Journey_Purpose_of_Driver,Sex_of_Driver,Age_Band_of_Driver,Engine_Capacity_(CC),Propulsion_Code,Age_of_Vehicle,Driver_IMD_Decile,Driver_Home_Area_Type
201342I031402,1,5,0,17,0,0,1,0,0,0,3,1,1,1,6,599,1,17,3,1
201342I031502,1,9,0,18,6,0,0,10,7,4,1,1,6,1,4,1124,1,11,10,1
201342I031602,1,9,0,17,0,0,1,0,1,4,4,1,6,2,4,1149,1,13,9,1
201342I031702,1,9,0,14,0,0,0,0,0,0,1,1,1,1,5,1896,2,5,7,2
201342I031702,2,9,0,2,0,0,0,0,0,0,0,1,6,1,5,1796,1,13,9,1
201342I031802,1,9,0,18,0,8,0,0,0,0,1,1,2,1,7,1956,2,2,4,1
201342I031802,2,19,0,3,0,1,0,0,0,0,2,1,2,1,8,1995,2,6,2,1
201342I031902,1,9,0,18,0,0,0,0,0,0,1,1,6,2,8,796,1,11,2,1
201342I031902,2,9,0,3,0,0,0,0,0,0,2,1,2,2,4,1299,1,13,5,1
201342I031902,3,9,0,3,0,0,0,0,0,0,2,1,2,1,5,1796,1,11,-1,-1
201342I032002,1,9,0,4,0,0,0,0,0,0,1,1,1,2,7,1596,1,2,7,1
201342I032002,2,9,0,5,0,0,0,0,0,0,2,1,1,2,6,1497,1,10,5,1
201342I032101,1,9,0,1,9,0,0,0,0,0,2,1,6,1,11,1242,1,16,6,1
201342I032202,1,90,0,13,0,0,0,0,0,0,0,1,6,1,-1,-1,-1,-1,-1,-1
201342I032202,2,9,0,18,0,0,0,0,0,0,1,1,6,1,6,1598,1,5,10,1
201342I032202,3,9,0,18,0,0,0,0,0,0,1,1,6,2,9,1997,2,6,4,1
201342I032302,1,9,0,9,0,4,0,0,0,0,0,1,3,1,7,1242,1,13,6,1
201342I032302,2,2,0,15,0,3,0,0,0,0,0,1,4,1,4,49,1,2,-1,-1
201342I032402,1,21,1,5,8,0,0,0,0,0,2,1,1,1,-1,-1,-1,-1,-1,-1
201342I032402,2,9,0,18,0,0,1,0,0,0,1,1,6,2,8,2179,2,8,7,3
201342I032402,3,9,0,18,0,0,1,0,0,0,1,1,6,1,9,1598,1,6,2,1
201342I032502,1,9,0,17,0,0,1,10,1,9,4,1,1,2,7,1299,1,12,3,1
201342I032602,1,9,0,17,0,0,0,0,1,10,1,1,6,1,8,1900,2,7,4,1
201342I032702,1,9,0,18,0,2,0,0,0,0,4,1,6,1,7,1086,1,7,7,1
201342I032702,2,1,0,18,0,1,0,0,0,0,4,1,6,1,4,-1,-1,-1,10,3
201342I032802,1,9,0,3,0,0,0,0,0,0,0,1,6,1,5,1596,1,12,6,3
201342I032802,2,9,0,3,0,0,0,0,0,0,4,1,6,2,7,1796,1,6,3,1
201342I032901,1,9,0,3,0,1,0,0,0,0,1,1,1,1,6,2324,1,12,5,1
201342I032901,2,9,0,3,0,1,0,0,0,0,1,1,1,1,9,1560,2,7,2,1
201342I033002,1,21,1,16,0,1,5,0,0,0,0,1,1,1,8,12740,2,3,3,1
201342I033102,1,9,0,18,0,0,2,0,2,10,2,1,6,2,6,1998,1,8,6,3
201342I033102,2,9,0,18,0,0,0,0,0,0,0,1,6,2,5,-1,-1,-1,9,1
201342I033202,1,9,0,7,0,8,0,0,0,0,1,1,1,1,8,-1,-1,-1,4,1
201342I033202,2,1,0,18,0,8,0,0,0,0,4,1,6,1,10,-1,-1,-1,10,1
201342I033301,1,9,0,14,0,0,1,0,0,0,4,1,6,1,11,1598,1,12,2,1
201342I033301,2,9,0,2,0,0,0,0,0,0,4,1,2,2,7,1796,1,14,4,3
201342I033402,1,9,0,18,0,0,0,0,0,0,1,1,6,1,4,1124,1,14,10,3
201342I033501,1,9,0,18,0,0,0,0,0,0,3,1,6,2,7,1749,1,12,8,3
201342I033501,2,1,0,18,0,0,0,0,0,0,1,1,6,1,3,-1,-1,-1,6,1
201342I033602,1,9,0,18,0,3,0,0,0,0,4,1,6,1,8,1968,2,1,2,1
201342I033702,1,9,0,4,0,0,0,0,0,0,1,1,6,1,5,1598,1,10,-1,-1
201342I033702,2,9,0,3,0,0,0,0,0,0,2,1,6,2,5,1995,2,13,7,3
201342I033702,3,9,0,3,0,0,0,0,0,0,2,1,6,1,6,2179,2,1,4,3
201342I033802,1,9,0,18,0,0,2,0,0,9,3,1,6,2,4,1299,1,12,10,1
201342I033902,1,9,0,18,0,0,0,0,0,0,4,1,6,1,5,-1,-1,-1,6,1
201342I033902,2,5,0,18,0,0,0,0,0,0,3,1,6,1,6,645,1,7,5,1
201342I034102,1,9,0,18,0,1,1,0,1,2,1,1,2,2,5,1399,2,7,6,3
201342I034202,1,9,0,18,0,0,2,0,1,7,2,1,1,1,8,-1,-1,-1,4,1
201342I034302,1,9,0,4,0,4,0,0,0,0,1,1,6,1,11,1339,1,11,10,3
201342I034302,2,9,0,3,0,4,0,0,0,0,2,1,2,1,7,2402,2,2,10,1
201342I034402,1,9,0,18,0,1,0,0,0,0,0,1,6,1,11,-1,-1,-1,4,1
201342I034402,2,9,0,18,0,1,0,0,0,0,0,1,6,1,11,1242,1,6,4,1
201342I034501,1,9,0,18,0,1,0,0,0,0,0,1,6,1,-1,-1,-1,-1,-1,-1
201342I034602,1,9,0,9,0,1,0,0,0,0,1,1,2,2,8,2198,1,9,4,1
201342I034702,1,9,0,18,0,4,0,0,0,0,3,1,6,2,-1,-1,-1,-1,-1,-1
201342I034702,2,1,0,9,0,4,0,0,0,0,4,1,2,1,7,-1,-1,-1,5,1
201342I034802,1,11,0,7,2,5,0,0,0,0,4,1,1,1,7,-1,2,12,5,1
201342I034902,1,90,0,18,9,1,0,0,0,0,1,1,6,2,9,-1,-1,-1,5,1
201342I035101,1,9,0,18,0,0,0,0,0,0,1,1,6,1,4,1598,1,10,8,2
201342I035301,1,9,0,18,0,0,0,2,0,0,4,1,6,1,8,1398,2,5,8,1
201342I035402,1,2,0,17,0,0,1,0,1,5,2,1,6,1,4,49,1,3,3,1
201342I035502,1,9,0,16,0,0,0,0,0,0,0,1,6,1,-1,1560,2,2,-1,-1
201342I035502,2,3,0,17,0,0,1,0,0,0,0,1,6,1,4,124,1,7,9,1
201342I035602,1,9,0,18,0,0,0,0,0,0,1,1,2,1,-1,1995,2,3,-1,-1
201342I035602,2,9,0,3,0,0,0,0,0,0,2,1,6,2,7,1968,2,3,10,1
201342I035602,3,9,0,3,0,0,0,0,0,0,2,1,6,2,6,1560,2,4,9,1
201342I035802,1,9,0,18,0,0,1,0,0,0,1,1,6,1,4,1389,1,10,8,1
201342I035802,2,9,0,4,0,0,0,0,0,0,2,1,6,2,8,1996,1,13,5,1
201342I035902,1,9,0,18,0,0,1,0,0,0,1,1,6,1,6,2993,2,6,7,1
201342I036002,1,9,0,18,0,1,0,0,0,0,1,1,6,2,-1,1360,1,13,-1,-1
201342I036002,2,9,0,3,0,1,0,0,0,0,2,1,6,2,8,1242,1,11,-1,-1
201342I036102,1,9,0,18,0,0,0,0,0,0,1,1,6,3,-1,-1,-1,-1,-1,-1
201342I036201,1,9,0,18,0,0,0,0,0,0,3,1,6,1,5,-1,-1,-1,-1,-1
201342I036201,2,9,0,2,0,0,0,0,0,0,3,1,6,1,5,1242,1,6,-1,-1
201342I036402,1,9,0,17,0,0,1,0,0,0,3,1,6,1,6,1596,1,11,1,1
201342I036402,2,9,0,17,0,0,0,0,0,0,1,1,6,2,6,1149,1,10,4,1
201342I036402,3,9,0,17,0,0,1,0,0,0,4,1,6,1,9,-1,-1,-1,4,1
201342I036402,4,9,0,2,0,0,0,0,0,0,3,1,1,1,8,2993,2,5,5,1
201342I036502,1,9,0,1,9,1,0,0,0,0,2,1,6,2,7,1796,1,8,10,1
201342I036602,1,9,0,9,0,8,0,0,1,7,3,1,2,1,9,1998,2,12,4,1
201342I036602,2,9,0,18,0,8,0,0,0,0,1,1,6,2,7,3200,2,9,7,3
201342I036702,1,9,0,18,0,1,1,0,1,4,1,1,3,2,7,1598,1,7,3,1
201342I036802,1,9,0,18,0,3,0,0,0,0,4,1,6,1,4,1149,1,10,4,1
201342I036802,2,20,0,18,0,3,0,0,0,0,3,1,6,1,8,-1,-1,-1,3,1
201342I036902,1,9,0,4,0,2,0,0,0,0,1,1,1,1,6,1248,2,10,3,1
201342I036902,2,9,0,4,0,2,0,0,0,0,2,1,6,1,5,1275,1,21,5,1
201342I037102,1,9,0,5,8,8,0,0,0,0,1,1,6,2,6,1598,1,8,-1,-1
201342I037102,2,19,0,18,0,1,0,0,0,0,3,1,1,1,8,2460,2,8,-1,-1
201342I037301,1,9,0,13,0,0,2,0,1,0,0,1,6,1,6,1275,1,26,4,2
201342I037401,1,9,0,18,0,4,0,0,0,0,2,1,6,2,8,1596,1,8,-1,-1
201342I037401,2,9,0,3,0,4,0,0,0,0,0,1,6,2,6,1598,1,8,8,1
201342I037502,1,9,0,17,0,0,2,0,1,4,3,1,2,2,4,1149,1,12,9,1
201342I037602,1,9,0,13,0,0,1,0,0,0,1,1,2,1,6,1242,1,17,8,2
201342I037602,2,9,4,18,0,0,0,0,0,0,3,1,6,2,6,2184,2,7,8,2
201342I037802,1,9,0,18,0,0,1,0,0,0,1,1,1,1,6,-1,-1,-1,5,1
201342I037802,2,9,0,4,0,0,0,0,0,0,2,1,1,2,-1,1242,1,6,5,1
201342I037902,1,9,0,18,0,0,0,0,0,0,1,1,6,1,7,1991,2,10,6,1
201342I037902,2,9,0,5,0,0,0,0,0,0,2,1,6,2,5,1149,1,11,9,1
201342I038102,1,5,0,18,0,1,1,0,7,10,1,1,6,1,7,1050,1,5,2,1
201342I038202,1,9,0,9,0,5,0,0,0,0,1,1,1,1,8,-1,-1,-1,-1,-1
201342I038302,1,9,0,18,0,8,0,0,0,0,0,1,6,1,10,1870,2,6,9,1
201342I038302,2,9,0,18,0,8,0,0,1,10,4,1,1,2,7,-1,-1,-1,5,1
201342I038302,3,9,0,2,0,1,0,0,0,0,0,1,6,3,-1,1896,2,14,-1,-1
201342I038302,4,9,0,2,0,1,0,0,0,0,0,1,6,3,-1,1597,1,5,-1,-1
201342I038402,1,1,0,18,5,1,0,0,0,10,1,1,2,1,7,-1,-1,-1,2,1
201342I038502,1,9,0,18,0,8,0,0,0,0,1,1,6,1,6,1679,1,12,-1,-1
201342I038502,2,9,0,9,0,8,0,0,0,0,1,1,6,2,4,-1,-1,-1,10,1
201342I038602,1,9,0,18,0,0,5,0,1,4,1,1,6,1,9,4973,1,16,-1,-1
201342I038702,1,9,0,5,0,4,0,0,0,0,0,1,1,1,8,1364,1,7,7,1
201342I038702,2,1,0,18,0,3,0,0,0,0,0,1,1,1,7,-1,-1,-1,8,1
201342I038802,1,9,0,17,0,0,0,0,0,0,1,1,6,1,5,1997,2,11,9,3
201342I038802,2,19,0,16,0,0,0,0,0,0,1,1,2,1,6,-1,-1,-1,9,3
201342I038902,1,9,0,18,0,1,0,0,0,0,4,1,6,2,7,1997,1,9,2,1
201342I039001,1,21,0,18,0,4,0,0,0,0,0,1,1,1,6,6370,2,10,5,1
201342I039001,2,9,0,18,0,1,0,0,0,0,0,1,6,1,7,1896,2,5,-1,-1
201342I039101,1,19,0,4,0,0,1,0,0,0,1,1,1,1,6,2198,2,2,1,1
201342I039101,2,19,0,4,0,0,0,0,0,0,2,1,1,1,9,1461,2,1,9,1
201342I039202,1,3,0,4,0,3,0,0,0,0,3,1,6,1,5,124,1,3,9,1
201342I039202,2,9,0,5,0,3,0,0,0,0,0,1,6,1,7,1998,1,10,4,1
201342I039302,1,9,0,18,0,6,5,0,0,0,4,1,6,1,4,1242,1,7,-1,-1
201342I039302,2,9,0,18,0,8,0,0,0,0,1,1,1,1,9,-1,-1,-1,2,1
201342I039302,3,9,0,2,0,1,0,4,0,0,2,1,6,3,-1,1242,1,12,9,1
201342I039402,1,9,0,13,0,0,0,0,0,0,1,1,6,1,5,1798,1,2,-1,-1
201342I039402,2,9,0,18,0,0,0,0,0,0,1,1,6,2,10,1242,1,11,3,1
201342I039402,3,9,0,18,0,0,0,0,0,0,1,1,6,1,7,1360,1,13,3,1
201342I039402,4,9,0,18,0,0,0,0,0,0,0,1,1,3,-1,2953,1,3,-1,-1
201342I039502,1,9,0,18,0,3,0,0,0,0,1,1,6,2,-1,998,1,2,9,2
201342I039502,2,1,0,18,0,3,0,0,0,0,2,1,6,1,10,-1,-1,-1,10,1
201342I039602,1,9,0,18,9,0,1,0,7,10,1,1,6,2,8,1560,2,3,4,1
201342I039702,1,9,0,9,0,2,0,0,0,0,3,1,1,2,5,998,1,6,4,1
201342I039702,2,9,0,18,0,1,0,0,0,0,1,1,1,1,8,4367,2,2,9,3
201342I039702,3,9,0,18,0,1,0,0,0,0,0,1,6,3,-1,-1,-1,-1,-1,-1
201342I039802,1,9,0,18,0,0,1,0,0,0,2,1,6,2,4,1242,1,5,9,3
201342I039802,2,9,0,18,0,0,0,0,0,0,3,1,6,2,5,1242,1,4,9,2
201342I039902,1,9,0,18,0,0,0,0,0,0,1,1,3,2,-1,1796,1,5,-1,-1
201342I039902,2,9,0,3,0,0,0,0,0,0,2,1,1,1,7,1910,2,5,5,1
201342I040002,1,9,0,18,0,0,0,0,0,0,1,1,1,1,8,-1,-1,-1,4,1
201342I040102,1,9,0,18,0,1,0,0,0,0,1,1,6,1,7,1360,1,8,6,1
201342I040202,1,9,0,9,0,1,0,0,0,0,1,1,1,1,6,1910,2,5,2,1
201342I040202,2,3,0,18,0,1,0,0,0,0,1,1,1,1,6,125,1,8,2,1
201342I040302,1,9,0,5,0,4,0,0,0,0,1,1,2,1,7,1991,2,6,6,2
201342I040302,2,9,0,3,0,4,0,0,0,0,2,1,6,1,9,1596,1,3,10,1
201342I040402,1,9,0,18,0,4,0,0,0,0,1,1,1,1,8,-1,-1,-1,5,1
201342I040402,2,9,0,18,0,2,0,0,0,0,2,1,6,1,8,1896,2,10,3,1
201342I040502,1,9,0,18,0,1,0,0,0,0,1,1,6,2,6,1560,2,1,10,1
201342I040502,2,9,0,3,0,2,0,0,0,0,2,1,6,2,6,998,1,14,10,1
201342I040602,1,9,0,16,0,0,2,0,7,9,2,1,1,1,5,1390,1,10,4,1
201342I040702,1,9,0,9,0,1,0,0,0,0,1,1,6,1,6,1997,1,13,9,1
201342I040702,2,9,0,10,0,1,0,0,0,0,1,1,6,1,9,1582,2,3,6,1
201342I040802,1,21,0,18,0,1,0,0,0,0,1,1,1,1,7,12419,2,1,8,3
201342I040802,2,9,0,4,0,1,0,0,0,0,2,1,2,2,8,1248,1,1,5,1
201342I040902,1,9,0,7,0,1,0,0,0,0,1,1,6,1,-1,1498,1,2,-1,-1
201342I040902,2,9,0,18,0,1,0,0,0,0,4,1,6,2,7,1242,1,7,4,1
201342I041002,1,9,0,18,0,0,0,0,0,0,1,1,6,3,-1,-1,-1,-1,-1,-1
201342I041102,1,9,0,18,0,2,0,0,0,0,4,1,3,2,9,-1,-1,-1,8,1
201342I041202,1,9,0,18,0,0,1,0,7,0,2,1,6,1,5,1998,1,9,7,3
201342I041202,2,8,0,18,0,0,0,0,0,0,1,1,1,1,10,1998,2,5,3,1
201342I041302,1,9,0,18,0,2,0,0,0,0,4,1,6,1,6,-1,-1,-1,8,1
201342I041302,2,1,0,18,0,2,0,0,1,0,2,1,6,1,6,-1,-1,-1,8,1
201342I041402,1,9,0,18,0,0,1,0,1,3,1,1,1,1,8,1796,1,10,7,3
201342I041502,1,9,0,16,0,7,0,0,4,6,1,1,6,2,4,1240,1,3,3,1
201342I041602,1,9,0,18,0,0,0,0,0,4,1,1,1,1,6,1582,2,2,2,1
201342I041702,1,9,0,18,0,8,0,0,0,0,1,1,2,1,7,-1,-1,-1,7,1
201342I041702,2,9,0,3,0,8,0,0,0,0,2,1,2,2,8,-1,-1,-1,4,1
201342I041702,3,9,0,3,0,8,0,0,0,0,0,1,2,1,7,2720,2,7,8,1
201342I041802,1,9,0,4,0,1,0,0,0,0,1,1,2,1,6,2720,2,7,-1,-1
201342I041802,2,9,0,4,0,1,0,0,0,0,2,1,2,2,9,1995,2,-1,8,2
201342I041802,3,19,0,5,0,1,0,0,0,0,0,1,6,3,-1,-1,-1,-1,-1,-1
201342I041902,1,2,0,18,0,1,1,0,0,0,1,1,2,1,6,124,1,4,2,1
201342I042002,1,3,0,4,0,0,1,0,0,0,0,1,6,1,6,-1,-1,-1,3,1
201342I042102,1,9,0,18,0,0,0,0,0,6,3,1,2,1,5,1596,1,13,9,1
201342I042202,1,4,0,18,0,0,0,0,0,0,0,1,6,1,10,499,1,8,6,2
201342I042302,1,9,0,18,0,0,0,0,0,0,1,1,6,1,8,1998,2,10,7,1
201342I042402,1,9,0,18,0,0,0,0,0,0,1,1,6,1,8,1997,2,8,4,1
201342I042502,1,9,0,12,0,1,1,0,1,7,2,1,6,1,9,998,1,-1,4,1
201342I042502,2,21,1,18,0,1,0,0,0,0,1,1,1,1,7,-1,-1,-1,-1,-1
201342I042602,1,9,0,5,0,6,0,0,0,0,1,1,6,1,6,1242,1,11,4,3
201342I042602,2,9,0,17,0,1,0,0,0,0,1,1,6,1,4,-1,-1,-1,4,1
201342I042702,1,9,0,18,0,4,0,0,0,0,1,1,6,2,9,1988,1,10,7,1
201342I042702,2,21,0,9,0,3,0,0,0,0,3,1,1,1,8,4764,2,2,3,1
201342I042802,1,9,0,18,0,0,0,0,0,0,0,1,6,3,-1,-1,-1,-1,-1,-1
201342I042802,2,9,0,18,0,0,0,0,0,0,4,1,2,2,6,1596,1,3,7,1
201342I042902,1,9,0,10,0,8,0,0,0,0,1,1,6,1,10,2199,2,1,10,1
201342I042902,2,5,0,18,0,8,0,0,0,0,4,1,6,1,6,-1,-1,-1,5,3
201342I043002,1,9,0,9,0,4,0,0,0,0,1,1,1,1,6,2497,2,9,4,1
201342I043002,2,9,0,18,0,4,0,0,0,0,1,1,1,2,4,998,1,11,6,1
201342I043102,1,9,0,18,0,1,0,0,0,0,4,1,2,1,6,1598,1,9,1,1
201342I043202,1,9,0,18,0,8,0,0,1,10,1,1,6,1,6,1124,1,11,3,1
201342I043302,1,9,0,18,0,0,1,0,1,10,1,1,1,2,5,1299,1,12,2,1
201342I043402,1,20,0,14,0,0,0,0,0,0,0,1,6,3,-1,-1,-1,-1,-1,-1
201342I043402,2,9,0,13,0,0,0,4,1,4,1,1,6,2,4,1149,1,10,10,1
201342I043402,3,90,0,2,0,0,0,0,0,0,3,1,1,1,8,-1,-1,-1,8,1
201342I043502,1,21,0,12,0,0,0,0,0,0,1,1,6,3,-1,-1,-1,-1,-1,-1
201342I043502,2,9,0,18,0,0,1,0,2,6,2,1,6,2,5,1560,2,6,8,3
201342I043602,1,21,1,18,0,0,0,0,2,7,4,1,1,1,7,-1,-1,-1,5,1
201342I043702,1,9,0,7,0,4,0,0,0,0,0,1,6,3,-1,-1,-1,-1,-1,-1
201342I043702,2,3,0,18,0,4,1,0,0,0,0,1,2,1,9,124,1,1,8,1
201342I043802,1,9,0,18,0,0,5,4,0,0,1,1,6,2,6,1149,1,7,9,2
201342I043802,2,9,0,2,0,0,0,0,0,0,2,1,6,2,7,1461,2,6,3,1
201342I043902,1,9,0,17,0,0,0,0,0,0,1,1,1,1,8,-1,-1,-1,10,1
201342I044002,1,9,0,18,0,8,0,0,0,0,1,1,6,2,6,1398,2,10,4,1
201342I044002,2,9,0,9,0,8,0,0,0,0,3,1,6,2,5,1299,1,12,6,1
201342I044102,1,20,0,18,0,0,0,0,0,0,4,1,6,1,-1,-1,-1,-1,-1,-1
201342I044102,2,9,0,4,0,0,1,0,0,0,3,1,6,1,9,1896,2,17,7,1
201342I044202,1,9,0,18,0,1,0,0,0,0,1,1,6,1,6,1390,1,12,5,1
201342I044202,2,9,0,7,0,1,0,0,0,0,1,1,6,1,4,1360,1,3,4,1
201342I044202,3,9,0,7,0,1,0,0,0,0,3,1,6,1,6,998,1,1,9,3
201342I044302,1,9,0,18,0,0,1,10,5,6,3,1,6,1,5,1388,1,4,5,1
201342I044402,1,9,0,18,0,1,0,0,1,10,1,1,6,2,8,-1,-1,-1,10,2
201342I044402,2,9,0,9,0,5,0,0,0,0,1,1,6,1,10,1587,1,6,5,1
201342I044502,1,9,0,18,0,1,0,0,0,0,4,1,6,2,7,-1,-1,-1,10,1
201342I044502,2,1,0,18,0,1,0,0,0,0,3,1,2,2,7,-1,-1,-1,10,1
201342I044702,1,9,0,18,0,0,0,0,0,0,1,1,6,3,-1,-1,-1,-1,-1,-1
201342I044702,2,1,0,1,0,0,0,0,1,0,2,1,6,1,5,-1,-1,-1,7,3
201342I044802,1,9,0,3,0,1,0,0,0,0,1,1,1,1,-1,-1,-1,-1,-1,-1
201342I044802,2,9,0,3,0,1,0,0,0,0,2,1,1,1,5,1968,2,6,6,1
201342I044902,1,9,0,18,0,0,5,0,1,0,1,1,6,1,6,1896,1,14,8,1
201342I045002,1,9,0,16,0,0,1,7,7,0,1,1,2,1,9,-1,-1,-1,6,1
201342I045002,2,9,0,16,0,0,1,0,0,0,1,1,2,1,9,1968,2,1,9,3
201342I045102,1,3,0,18,0,1,0,0,0,0,1,1,6,1,4,-1,-1,-1,2,1
201342I045102,2,9,0,9,0,6,0,0,0,0,3,1,6,1,11,1753,2,6,3,1
201342I045202,1,9,0,18,0,0,0,0,0,0,1,1,6,3,-1,1598,1,3,-1,-1
201342I045202,2,9,0,18,0,0,0,0,0,0,4,1,6,1,6,1995,2,1,9,1
201342I045302,1,9,0,17,0,0,1,0,1,0,1,1,6,3,-1,1598,1,6,-1,-1
201342I045402,1,9,0,9,0,4,0,0,0,0,3,1,1,2,8,2497,2,5,5,1
201342I045402,2,9,0,9,0,3,0,0,0,0,3,1,6,2,8,1198,1,4,7,1
201342I045502,1,9,0,18,0,1,0,0,0,0,1,1,6,1,-1,-1,-1,-1,-1,-1
201342I045502,2,9,0,10,0,1,0,0,0,0,2,1,6,1,6,1598,1,9,4,1
201342I045602,1,9,0,7,0,3,0,0,0,0,4,1,1,1,6,998,1,1,-1,-1
201342I045602,2,1,0,18,0,8,0,0,0,0,3,1,2,1,7,-1,-1,-1,10,1
201342I045702,1,4,0,18,0,0,0,0,1,0,3,1,6,1,7,636,1,10,2,1
201342I045802,1,9,0,10,0,1,0,0,0,0,1,1,6,2,5,1248,2,6,6,3
201342I045802,2,9,0,18,0,1,0,0,0,0,1,1,6,1,7,-1,-1,-1,-1,-1
201342I045902,1,19,0,18,0,0,0,0,0,0,2,1,1,1,8,1560,2,2,10,2
201342I045902,2,21,0,18,0,0,0,0,0,0,1,1,1,1,9,10837,2,3,4,1
201342I046002,1,9,0,17,0,0,1,0,7,0,1,1,1,1,7,-1,-1,-1,9,1
201342I046002,2,19,0,2,0,0,0,0,0,0,0,1,6,3,-1,1870,2,8,-1,-1
201342I046102,1,9,0,17,0,0,1,0,0,0,1,1,6,1,6,1910,2,5,2,1
201342I046102,2,9,0,17,0,0,0,0,0,0,3,1,6,1,9,1870,2,9,9,1
201342I046202,1,19,0,16,0,0,0,0,0,0,3,1,1,1,6,2402,2,12,10,3
201342I046202,2,19,0,17,0,0,0,0,0,0,3,1,1,1,-1,-1,-1,-1,9,1
201342I046302,1,9,0,18,0,1,0,0,0,0,1,1,6,1,-1,-1,-1,-1,-1,-1
201342I046302,2,9,0,8,0,1,0,0,0,0,2,1,6,2,6,1910,2,4,2,1
201342I046402,1,9,0,18,0,8,0,0,0,0,1,1,6,1,7,1997,1,9,3,1
201342I046402,2,1,0,3,9,8,0,0,0,0,4,1,6,1,-1,-1,-1,-1,-1,-1
201342I046502,1,9,0,18,0,0,0,0,0,0,0,1,6,1,-1,-1,-1,-1,-1,-1
201342I046502,2,1,0,18,0,0,0,0,0,0,0,1,6,1,8,-1,-1,-1,10,1
201342I046702,1,9,0,16,0,7,0,0,0,0,2,1,6,2,4,-1,-1,-1,9,3
201342I046702,2,9,0,4,0,7,0,0,0,0,1,1,6,2,-1,2496,2,12,-1,-1
201342I046802,1,9,0,18,0,0,1,0,7,1,4,1,2,2,5,1388,1,8,6,1
201342I046902,1,3,0,18,0,0,1,0,0,0,4,1,2,1,6,124,1,1,-1,-1
201342I047002,1,19,0,9,0,6,0,0,0,0,3,1,1,1,5,2402,2,5,7,3
201342I047002,2,9,0,18,0,1,0,0,0,0,1,1,6,1,7,1988,1,14,6,1
201342I047202,1,9,0,13,0,0,1,0,0,0,3,1,6,2,5,1598,1,4,7,1
201342I047202,2,9,0,18,0,0,0,0,0,0,3,1,6,1,8,1796,1,9,6,2
201342I047202,3,9,0,18,0,0,0,0,0,0,0,1,6,3,-1,-1,-1,-1,-1,-1
201342I047302,1,21,1,18,0,0,0,0,1,4,1,1,1,1,7,11021,2,13,8,3
201342I047302,2,11,0,18,0,0,0,0,0,0,2,1,1,1,6,5883,2,12,6,1
201342I047401,1,8,0,17,0,0,1,0,0,10,1,1,1,1,8,1686,2,10,4,1
201342I047502,1,9,0,7,0,6,0,0,0,0,1,1,6,3,-1,-1,-1,-1,-1,-1
201342I047602,1,19,0,12,0,1,0,0,0,0,0,1,6,3,-1,-1,-1,-1,-1,-1
201342I047602,2,9,0,4,0,1,0,0,0,0,1,1,2,1,6,1299,1,13,4,1
201342I047602,3,9,0,4,0,1,0,0,0,0,2,1,1,2,4,1299,1,12,5,1
201342I047702,1,9,0,4,0,1,0,0,0,0,1,1,6,1,7,1968,2,5,6,1
201342I047702,2,9,0,18,0,2,0,0,0,0,2,1,1,1,8,2993,2,7,2,1
201342I047802,1,9,0,18,0,1,0,0,0,0,1,1,6,3,-1,-1,-1,-1,-1,-1
201342I047802,2,1,0,18,0,1,0,0,0,0,2,1,2,1,7,-1,-1,-1,4,1
201342I047902,1,9,0,9,0,6,0,0,0,0,1,1,6,2,5,1149,1,15,4,1
201342I047902,2,5,0,18,0,1,0,0,0,0,1,1,6,1,4,599,1,17,2,1
201342I048002,1,9,0,18,0,1,0,0,0,0,1,1,6,1,6,1341,1,16,6,1
201342I048002,2,9,0,4,0,1,0,0,0,0,2,1,6,2,6,1399,2,10,2,1
201342I048102,1,2,0,18,0,0,0,0,0,0,0,1,6,1,4,49,1,2,7,1
201342I048202,1,9,0,17,0,0,0,0,0,0,3,1,6,1,-1,-1,-1,-1,-1,-1
201342I048302,1,9,0,18,0,0,0,10,2,6,0,1,1,1,5,2400,2,3,6,1
201342I048402,1,9,0,18,0,1,0,0,0,0,1,1,6,2,8,1796,1,4,10,2
201342I048602,1,9,0,18,0,0,2,10,1,2,1,1,6,2,4,1299,1,12,6,1
201342I048602,2,9,0,18,0,0,0,0,0,0,3,1,6,2,8,1796,1,10,9,2
201342I048702,1,9,0,7,0,1,0,0,8,1,1,1,6,1,10,2324,1,12,9,3
201342I048802,1,9,0,18,0,1,0,0,0,0,1,1,6,1,7,1968,2,1,8,1
201342I048802,2,9,0,18,0,1,0,0,0,0,2,1,6,1,7,1796,1,8,8,1
201342I048902,1,9,0,12,0,0,0,0,0,0,2,1,2,1,6,1868,2,14,4,1
201342I048902,2,5,0,13,0,0,0,0,0,0,1,1,2,1,6,998,1,10,3,1
201342I049002,1,21,1,18,0,0,0,0,0,0,1,1,1,1,8,11705,2,8,6,2