Accident_Index,Vehicle_Reference,Vehicle_Type,Towing_and_Articulation,Vehicle_Manoeuvre,Vehicle_Location-Restricted_Lane,Junction_Location,Skidding_and_Overturning,Hit_Object_in_Carriageway,Vehicle_Leaving_Carriageway,Hit_Object_off_Carriageway,1st_Point_of_Impact,Was_Vehicle_Left_Hand_Drive?,Journey_Purpose_of_Driver,Sex_of_Driver,Age_Band_of_Driver,Engine_Capacity_(CC),Propulsion_Code,Age_of_Vehicle,Driver_IMD_Decile,Driver_Home_Area_Type
201342I049002,2,9,0,18,0,0,0,0,0,0,2,1,2,1,11,-1,-1,-1,3,1
201342I049102,1,9,0,4,0,0,0,0,0,0,1,1,2,2,6,1896,2,7,10,1
201342I049102,2,9,0,4,0,0,0,0,0,0,2,1,6,1,-1,1598,1,6,-1,-1
201342I049202,1,9,0,4,0,1,0,0,0,0,1,1,6,2,8,1998,2,9,5,1
201342I049202,2,9,0,4,0,1,0,0,0,0,1,1,6,2,7,1598,1,5,5,1
201342I049202,3,9,0,4,0,1,0,0,0,0,0,1,6,2,7,1794,1,11,9,1
201342I049302,1,9,0,18,0,1,0,0,0,0,1,1,6,2,5,1596,1,3,7,3
201342I049302,2,9,0,18,0,1,0,0,0,0,2,1,2,1,7,1560,2,2,9,1
201342I049402,1,5,0,18,0,1,1,0,0,0,1,1,6,1,4,648,1,14,5,1
201342I049402,2,9,0,8,0,6,0,0,0,0,4,1,6,1,6,2460,2,9,4,1
201342I049602,1,9,0,12,0,1,0,0,0,0,0,1,6,2,11,1149,1,5,5,1
201342I049602,2,9,0,18,0,2,0,0,0,1,1,1,6,1,6,1998,2,10,7,2
201342I049702,1,9,0,17,0,0,1,0,2,4,1,1,2,2,5,1299,1,13,4,1
201342I049802,1,9,0,18,0,1,0,0,0,0,1,1,6,2,4,1242,1,4,10,1
201342I049802,2,9,0,18,0,1,0,0,0,0,1,1,6,1,8,1598,1,12,5,1
201342I049902,1,9,0,9,0,1,0,0,0,0,4,1,6,1,7,1796,1,20,7,2
201342I049902,2,2,0,18,0,1,1,0,0,0,1,1,6,1,4,49,1,9,10,2
201342I050002,1,9,0,18,0,1,0,0,0,0,1,1,6,1,-1,1997,2,12,-1,-1
201342I050002,2,9,0,10,0,1,0,0,0,0,2,1,6,2,6,2148,2,6,2,2
201342I050102,1,9,0,4,0,4,0,0,0,0,1,1,6,1,7,1597,1,4,10,2
201342I050102,2,9,0,4,0,4,0,0,0,0,2,1,6,1,4,1242,1,15,8,1
201342I050202,1,9,0,1,0,0,0,0,0,0,0,1,6,1,-1,2799,1,13,-1,-1
201342I050302,1,9,0,17,0,1,0,0,0,0,0,1,6,1,4,1389,1,9,6,1
201342I050302,2,9,0,17,0,1,1,10,0,0,1,1,6,1,4,1242,1,7,6,1
201342I050302,3,11,0,1,0,1,0,0,0,0,2,1,1,1,9,6871,2,7,4,1
201342I050402,1,9,0,9,0,8,0,0,0,0,1,1,6,1,7,1796,1,13,1,1
201342I050402,2,9,0,18,0,8,0,0,0,0,1,1,1,2,7,1995,2,10,7,1
201342I050502,1,9,0,18,0,0,1,0,7,9,0,1,6,1,8,1124,1,9,5,1
201342I050602,1,9,0,18,0,4,0,0,0,0,1,1,6,1,4,1229,1,1,10,1
201342I050602,2,5,0,18,0,8,0,0,0,0,4,1,6,1,9,650,1,31,4,1
201342I050702,1,9,0,18,0,4,0,0,0,0,2,1,6,2,6,2290,1,11,8,1
201342I050702,2,9,0,3,0,4,0,0,0,0,0,1,2,2,6,1796,1,13,8,1
201342I050802,1,19,0,18,0,1,0,0,0,0,2,1,1,1,7,2402,2,5,2,1
201342I050802,2,19,0,18,0,1,0,0,0,0,1,1,1,2,4,1995,2,3,5,1
201342I050902,1,9,0,9,0,6,0,0,0,0,1,1,2,2,6,1560,2,3,4,1
201342I050902,2,9,0,18,0,1,0,0,0,0,3,1,2,2,7,1796,1,2,2,1
201342I050902,3,9,0,18,0,1,0,0,1,0,1,1,1,1,7,1753,2,5,6,1
201342I051002,1,19,0,18,0,1,0,0,0,0,4,1,6,1,5,2283,2,17,8,2
201342I051002,2,9,0,9,0,1,0,0,0,0,3,1,6,1,9,998,1,2,7,3
201342I051102,1,1,0,18,0,8,0,0,0,0,1,1,6,1,-1,-1,-1,-1,-1,-1
201342I051102,2,9,0,9,0,8,0,0,0,0,3,1,6,1,7,1995,2,2,10,1
201342I051202,1,9,0,17,0,0,0,0,1,10,1,1,6,2,7,1870,2,11,5,1
201342I051302,1,8,0,9,0,8,1,0,0,0,4,1,1,1,-1,1997,2,12,-1,-1
201342I051302,2,8,0,18,0,4,1,0,0,0,1,1,1,1,-1,1896,2,12,-1,-1
201342I051402,1,9,0,18,0,0,1,0,0,0,1,1,6,1,6,1242,1,12,10,2
201342I051402,2,9,0,18,0,0,0,0,0,0,1,1,6,1,8,-1,-1,-1,9,3
201342I051502,1,9,0,18,0,0,1,0,4,6,2,1,6,1,6,2494,1,15,-1,-1
201342I051502,2,9,0,18,0,0,0,0,0,0,1,1,6,2,7,-1,-1,-1,-1,-1
201342I051602,1,19,0,18,0,1,0,0,0,0,1,1,1,1,5,-1,-1,-1,2,1
201342I051602,2,9,0,18,0,1,0,0,0,0,2,1,1,1,7,1896,2,8,6,2
201342I051602,3,9,0,3,0,1,0,0,0,0,2,1,1,1,9,1360,1,14,6,2
201342I051702,1,9,0,18,0,0,0,0,0,0,4,1,6,3,-1,-1,-1,-1,-1,-1
201342I051802,1,9,0,18,0,8,0,0,0,0,1,1,6,1,6,1998,2,9,6,1
201342I051802,2,9,0,9,0,8,0,0,0,0,0,1,2,1,6,998,1,17,4,1
201342I051902,1,9,0,18,0,0,0,0,1,0,1,1,1,1,6,-1,-1,-1,-1,-1
201342I051902,2,19,0,18,0,0,2,0,0,0,1,1,1,1,9,1998,2,7,8,2
201342I052002,1,9,0,1,0,1,0,0,0,0,2,1,6,1,11,1598,1,9,3,1
201342I052102,1,9,0,4,0,2,1,0,0,0,1,1,3,2,6,1997,2,-1,6,3
201342I052102,2,9,0,3,0,2,0,0,0,0,2,1,2,2,9,3199,1,7,9,3
201342I052202,1,9,0,18,0,0,0,0,0,0,0,1,6,3,-1,-1,-1,-1,-1,-1
201342I052202,2,9,0,18,0,0,0,0,0,0,1,1,6,1,6,-1,-1,-1,10,3
201342I052202,3,9,0,2,0,0,0,0,0,0,4,1,6,3,-1,1242,1,12,-1,-1
201342I052202,4,9,0,2,0,0,0,0,0,0,3,1,6,3,-1,1198,1,2,-1,-1
201342I052202,5,10,0,2,0,0,0,0,0,0,0,1,6,3,-1,1998,2,8,-1,-1
201342I052202,6,9,0,2,0,0,0,0,0,0,0,1,6,3,-1,-1,-1,-1,-1,-1
201342I052302,1,9,0,8,0,4,0,0,0,0,1,1,1,2,8,1997,2,11,10,1
201342I052302,2,9,0,8,0,4,0,0,0,0,2,1,1,1,5,1999,1,5,9,1
201342I052402,1,9,0,18,0,2,0,0,0,0,1,1,6,1,11,1560,2,8,8,1
201342I052402,2,9,0,3,0,2,0,0,0,0,2,1,6,2,9,1388,1,1,8,1
201342I052502,1,9,0,18,0,1,0,0,0,0,1,1,1,3,5,1332,1,4,10,1
201342I052602,1,9,0,18,0,0,0,0,0,0,3,1,6,1,11,998,1,2,8,1
201342I052701,1,9,0,16,0,3,1,0,1,2,1,1,6,2,4,1124,1,9,1,1
201342I052803,1,9,0,9,0,8,0,0,0,0,4,1,6,2,6,1389,1,15,6,3
201342I052803,2,9,0,18,0,8,1,0,0,0,1,1,6,1,9,1596,1,10,9,1
201342I052903,1,9,0,2,0,0,0,0,0,0,0,1,6,1,8,-1,-1,-1,6,3
201342I052903,2,9,0,1,0,0,0,0,0,0,1,1,6,1,4,1596,1,14,8,2
201342I053003,1,9,0,9,5,0,0,0,0,0,3,1,6,1,9,1896,2,3,8,1
201342I053003,2,1,0,18,5,0,0,0,0,0,1,1,6,2,4,-1,-1,-1,8,1
201342I053103,1,9,0,18,0,0,0,0,0,0,1,1,2,1,9,2494,1,10,1,1
201342I053103,2,9,0,18,0,0,0,0,0,0,1,1,6,2,8,1598,1,4,4,3
201342I053202,1,8,0,4,0,3,0,0,0,0,1,1,1,1,7,2401,2,9,6,1
201342I053202,2,9,0,3,0,3,0,0,0,0,2,1,2,2,7,-1,-1,-1,8,1
201342I053302,1,9,0,18,0,1,0,0,0,0,4,1,1,1,7,1984,1,9,3,1
201342I053403,1,9,0,10,0,2,0,0,0,0,1,1,6,1,8,-1,-1,-1,7,2
201342I053403,2,1,0,13,0,1,0,0,0,0,1,1,6,1,8,-1,-1,-1,9,1
201342I053503,1,9,0,1,0,0,0,0,0,0,2,1,6,1,6,1896,2,12,-1,-1
201342I053602,1,11,0,4,0,0,0,0,7,0,1,1,1,1,9,11970,2,20,4,1
201342I053602,2,9,0,3,0,0,0,0,0,0,2,1,6,1,7,1399,2,3,3,1
201342I053602,3,9,0,3,0,0,0,0,0,0,2,1,6,1,8,1798,1,9,10,1
201342I053702,1,9,0,18,0,4,0,0,0,0,1,1,6,1,6,1493,1,16,7,1
201342I053702,2,9,0,9,0,8,0,0,0,0,4,1,6,1,5,1289,1,13,9,1
201342I053702,3,9,0,18,0,1,0,0,0,0,2,1,6,1,8,2495,2,17,5,1
201342I053802,1,9,0,17,0,8,0,0,0,0,1,1,6,1,9,1242,1,3,4,3
201342I053802,2,9,0,17,0,8,0,0,0,0,2,1,6,2,5,1388,1,7,3,3
201342I053802,3,9,0,17,0,8,0,0,0,0,1,1,6,1,8,-1,-1,-1,1,1
201342I053902,1,9,0,18,0,5,0,0,0,0,1,1,6,2,8,1910,2,4,10,1
201342I054002,1,9,0,16,0,0,0,0,0,0,0,1,6,2,8,1399,2,4,5,3
201342I054102,1,9,0,18,0,1,0,0,0,0,1,1,6,2,4,-1,-1,-1,4,1
201342I054102,2,19,0,3,0,1,0,0,0,0,2,1,2,1,7,1686,2,9,3,1
201342I054202,1,9,0,9,0,2,0,0,0,0,1,1,6,2,5,1299,1,12,-1,-1
201342I054202,2,9,0,18,0,1,0,0,0,0,2,1,6,1,8,1686,2,19,-1,-1
201342I054301,1,9,0,7,0,1,0,0,0,0,1,1,6,1,6,-1,-1,-1,4,1
201342I054301,2,9,0,18,0,1,0,0,0,0,1,1,6,2,6,-1,-1,-1,-1,-1
201342I054401,1,9,0,18,0,0,0,0,0,0,1,1,2,1,5,1199,1,12,4,1
201342I054401,2,9,0,18,0,0,0,0,0,0,1,1,2,2,5,1796,1,12,6,1
201342I054503,1,9,0,18,0,0,0,0,0,0,1,1,1,1,8,2777,2,5,8,3
201342I054503,2,9,0,18,0,0,0,0,0,0,2,1,6,1,7,-1,-1,-1,7,1
201342I054603,1,9,0,9,0,4,0,0,0,0,3,1,6,2,7,1998,1,10,2,1
201342I054603,2,9,0,18,0,4,0,0,0,0,1,1,1,1,6,1360,1,8,2,1
201342I054702,1,9,0,17,0,0,1,0,0,9,1,1,6,2,8,1086,1,4,6,1
201342I054702,2,19,0,16,0,0,0,0,0,9,1,1,1,1,8,1248,2,7,3,1
201342I054802,1,21,0,9,0,8,0,0,0,0,1,1,1,1,7,-1,-1,-1,-1,-1
201342I054802,2,9,0,7,0,3,1,0,1,0,4,1,2,1,5,2324,1,11,9,1
201342I054903,1,9,0,17,0,0,1,0,7,4,1,1,6,1,6,1998,1,5,10,1
201342I055002,1,3,0,9,0,1,1,0,0,0,4,1,1,1,6,124,1,13,8,3
201342I055002,2,9,0,18,0,2,1,0,0,0,1,1,1,1,9,1968,2,1,8,3
201342I055102,1,9,0,4,0,0,0,0,0,0,1,1,6,1,9,2993,2,3,10,3
201342I055102,2,9,0,4,0,0,0,0,0,0,2,1,6,2,4,-1,-1,-1,7,3
201342I055102,3,9,0,4,0,0,0,0,0,0,2,1,6,2,5,1364,1,9,6,1
201342I055202,1,19,4,18,0,0,0,0,0,10,0,1,1,1,8,-1,-1,-1,5,1
201342I055202,2,9,0,18,0,0,0,0,0,0,1,1,6,2,8,1389,1,15,8,1
201342I055302,1,9,0,4,0,1,0,0,0,0,1,1,2,1,8,1796,1,11,2,1
201342I055402,1,9,0,18,0,0,0,0,0,0,1,1,2,1,7,1948,1,13,3,1
201342I055402,2,9,0,4,0,0,0,0,0,0,2,1,2,1,6,1896,2,10,-1,-1
201342I055503,1,9,0,17,0,0,2,0,0,0,0,1,6,1,5,1242,1,6,10,1
201342I055602,1,9,0,18,0,0,5,0,0,0,1,1,6,1,5,1998,2,9,5,1
201342I055602,2,9,0,2,9,0,0,0,0,0,1,1,6,3,-1,1364,1,4,3,1
201342I055702,1,9,0,1,0,1,0,0,0,0,0,1,6,1,-1,-1,-1,-1,-1,-1
201342I055802,1,9,0,18,0,0,0,0,1,0,1,1,6,1,10,1596,1,11,4,1
201342I055802,2,9,0,2,6,0,0,0,0,0,0,1,1,1,8,2993,2,4,6,1
201342I055902,1,9,0,9,0,8,0,0,0,0,1,1,6,1,7,1988,2,8,-1,-1
201342I055902,2,9,0,18,0,8,0,0,0,0,3,1,6,1,7,-1,-1,-1,7,1
201342I056001,1,9,0,4,0,1,0,0,0,0,1,1,6,2,7,1149,1,6,6,1
201342I056001,2,9,0,4,0,1,0,0,0,0,2,1,1,2,7,1390,1,7,8,2
201342I056001,3,9,0,3,0,1,0,0,0,0,2,1,1,1,7,2664,2,13,8,1
201342I056202,1,9,0,18,0,0,0,0,0,0,1,1,6,2,5,2148,2,6,9,1
201342I056202,2,9,0,18,0,0,0,0,0,0,2,1,6,2,6,1589,1,22,3,1
201342I056202,3,9,0,7,0,0,0,0,0,0,1,1,6,3,-1,-1,-1,-1,-1,-1
201342I056202,4,9,0,2,0,0,0,0,0,0,1,1,6,3,-1,-1,-1,-1,-1,-1
201342I056403,1,19,0,18,0,2,0,0,0,0,1,1,6,1,6,-1,-1,-1,-1,-1
201342I056502,1,9,0,13,0,0,0,0,0,0,3,1,6,1,-1,-1,-1,-1,-1,-1
201342I056502,2,9,0,18,0,0,0,0,0,0,4,1,6,1,6,1600,1,14,4,1
201342I056603,1,9,0,18,0,0,0,0,0,0,1,1,6,1,4,1896,2,13,4,1
201342I056702,1,9,0,18,0,1,1,0,0,0,3,1,6,1,4,1242,1,12,10,1
201342I056702,2,9,0,18,0,1,0,0,0,0,3,1,2,2,4,1399,2,4,5,3
201342I056803,1,9,0,1,9,0,0,0,0,0,2,1,6,1,10,1591,1,1,3,1
201342I056902,1,9,0,18,0,1,0,0,0,0,3,1,6,3,-1,-1,-1,-1,-1,-1
201342I056902,2,1,0,18,0,1,0,0,0,0,1,1,6,1,5,-1,-1,-1,-1,-1
201342I057003,1,9,0,9,0,1,0,0,0,0,4,1,6,2,8,1796,1,9,-1,-1
201342I057003,2,1,0,18,0,1,0,0,0,0,1,1,6,1,7,-1,-1,-1,4,1
201342I057102,1,9,0,18,0,0,0,0,0,0,4,1,6,3,-1,-1,-1,-1,-1,-1
201342I057303,1,5,0,18,0,0,0,10,0,2,3,1,6,1,8,1170,1,3,6,1
201342I057502,1,9,0,18,0,0,0,0,0,0,2,1,6,3,-1,-1,-1,-1,-1,-1
201342I057502,2,9,0,18,0,0,1,0,4,6,1,1,6,2,5,-1,-1,-1,4,1
201342I057502,3,9,0,18,0,0,1,0,0,0,1,1,6,1,6,2204,2,7,7,1
201342I057602,1,9,0,13,0,1,0,0,0,0,4,1,6,3,-1,-1,-1,-1,-1,-1
201342I057602,2,11,0,18,0,1,0,0,0,0,3,1,1,1,7,-1,2,14,4,1
201342I057903,1,9,0,4,0,0,1,0,0,0,1,1,6,1,4,1149,1,5,8,1
201342I057903,2,9,0,3,0,0,0,0,0,0,2,1,6,2,-1,1598,1,10,10,1
201342I058003,1,8,0,18,0,0,0,0,0,0,4,1,6,1,-1,2143,2,1,-1,-1
201342I058202,1,9,0,5,0,1,0,0,0,0,0,1,1,1,-1,-1,-1,-1,-1,-1
201342I058403,1,9,0,9,0,8,0,0,0,0,1,1,2,2,7,1584,1,9,10,1
201342I058403,2,9,0,18,0,1,0,0,0,0,3,1,2,1,6,2148,2,4,4,1
201342I058403,3,9,0,8,0,2,0,0,0,0,3,1,1,1,7,2982,2,2,4,1
201342I058502,1,9,0,9,0,3,0,0,0,0,3,1,6,2,5,1587,1,12,-1,-1
201342I058502,2,9,0,7,0,3,0,0,0,0,1,1,6,2,6,-1,-1,-1,10,1
201342I058603,1,9,0,9,0,8,1,0,8,10,1,1,6,1,5,1242,1,2,3,1
201342I058603,2,9,0,18,0,1,0,0,0,0,0,1,1,1,7,2953,1,4,6,1
201342I058703,1,9,0,17,0,8,0,0,1,2,1,1,6,1,6,1896,2,12,-1,-1
201342I058803,1,21,1,18,0,0,3,0,0,0,1,1,1,1,7,12900,2,6,1,1
201342I058803,2,21,0,18,0,0,1,0,0,0,2,1,1,1,6,6692,2,5,10,1
201342I058803,3,21,1,18,0,0,0,0,0,0,2,1,1,1,8,11705,2,2,10,1
201342I058903,1,9,0,17,0,0,0,0,0,0,0,1,6,3,-1,-1,-1,-1,-1,-1
201342I058903,2,5,0,16,0,0,0,0,7,9,0,1,6,1,6,599,1,6,2,1
201342I059002,1,9,0,9,0,6,0,0,0,0,4,1,6,1,6,2179,2,6,9,1
201342I059002,2,9,0,18,0,8,0,0,0,0,1,1,6,2,9,1242,1,15,2,1
201342I059103,1,9,0,18,0,1,0,0,0,0,1,1,6,1,7,1968,2,2,6,2
201342I059103,2,9,0,10,0,1,0,0,0,0,2,1,6,2,7,1596,1,10,7,1
201342I059103,3,9,0,18,0,1,0,0,0,0,1,1,6,1,9,1796,1,12,7,1
201342I059203,1,9,0,3,0,4,0,0,0,0,2,1,6,1,9,1199,2,1,9,1
201342I059203,2,9,0,3,0,4,0,0,0,0,1,1,6,1,7,1587,1,11,8,3
201342I059303,1,9,0,18,0,0,0,0,0,0,0,1,6,1,7,1398,2,6,4,1
201342I059303,2,9,0,4,0,0,0,0,0,0,0,1,6,1,8,1968,2,1,2,1
201342I059303,3,9,0,4,0,0,0,0,0,0,0,1,6,1,6,1686,2,8,10,1
201342I059303,4,9,0,4,0,0,0,0,0,0,0,1,6,1,10,1388,1,5,8,2
201342I059403,1,9,0,4,0,0,0,0,0,0,2,1,1,1,9,1997,2,9,8,2
201342I059403,2,19,0,4,0,0,0,0,0,0,2,1,1,1,6,1560,2,5,6,1
201342I059403,3,19,0,4,0,0,0,0,0,0,2,1,1,1,9,2148,2,4,8,3
201342I059403,4,20,0,18,0,0,0,0,0,0,1,1,6,2,7,10837,2,1,10,1
201342I059502,1,9,0,18,0,0,0,0,0,0,1,1,6,1,5,1242,1,2,7,2
201342I059502,2,9,0,3,0,0,0,0,0,0,2,1,2,1,8,-1,-1,-1,3,1
201342I059603,1,9,0,4,0,0,1,0,0,0,1,1,3,2,7,1995,2,-1,6,1
201342I059603,2,9,0,4,0,0,0,0,0,0,2,1,2,2,7,2179,2,1,9,1
201342I059703,1,9,0,16,0,0,0,0,7,10,1,1,1,1,10,1995,2,2,8,1
201342I059703,2,9,0,3,0,0,0,0,1,10,1,1,1,1,10,1596,1,5,9,2
201342I059703,3,19,0,3,0,0,0,0,0,0,4,1,6,1,7,1753,2,1,9,1
201342I059802,1,9,0,7,0,6,0,0,1,10,1,1,6,2,7,1896,2,7,7,1
201342I059903,1,9,0,18,0,1,0,0,1,9,1,1,2,2,8,2198,1,7,4,1
201342I060003,1,9,0,4,0,5,0,0,0,0,1,1,1,2,5,1686,2,2,10,2
201342I060103,1,9,0,18,0,0,0,0,0,0,1,1,2,2,6,1598,1,9,4,1
201342I060103,2,9,0,18,0,0,0,0,0,0,2,1,2,2,10,1796,1,13,6,1
201342I060203,1,9,0,9,0,1,0,0,0,0,1,1,3,2,8,2148,2,8,8,1
201342I060203,2,9,0,18,0,1,0,0,0,0,1,1,2,2,5,1598,1,9,1,1
201342I060303,1,19,0,5,0,6,0,0,0,0,1,1,1,1,6,1686,2,5,8,1
201342I060303,2,9,0,18,0,1,0,0,0,0,1,1,1,1,5,1998,1,12,8,2
201342I060303,3,19,0,3,0,6,0,0,0,0,3,1,1,1,8,1998,2,12,4,3
201342I060402,1,9,0,9,0,1,0,0,0,0,1,1,2,1,5,1798,1,4,7,3
201342I060402,2,9,0,3,0,1,0,0,0,0,1,1,2,1,8,-1,-1,-1,7,3
201342I060503,1,9,0,18,0,0,0,0,0,0,4,1,6,1,10,1783,1,11,8,1
201342I060603,1,9,0,18,0,0,0,0,1,4,1,1,1,1,4,1298,1,8,-1,-1
201342I060703,1,9,0,18,0,0,0,0,0,0,4,1,2,1,4,1149,1,6,9,1
201342I060703,2,3,0,18,0,0,0,0,0,0,3,1,2,2,5,125,1,2,6,1
201342I060703,3,21,1,18,0,0,0,0,0,0,3,1,1,1,8,11705,2,10,8,1
201342I060803,1,3,0,18,0,0,0,0,0,0,4,1,2,1,6,124,1,5,4,1
201342I060803,2,9,0,18,0,0,0,0,0,0,3,1,6,2,7,-1,-1,-1,4,1
201342I060903,1,9,0,11,0,0,0,0,0,0,4,1,2,2,5,1364,2,10,8,1
201342I060903,2,5,0,11,0,0,2,0,0,0,4,1,2,1,6,599,1,14,10,2
201342I061103,1,9,0,18,0,1,0,0,0,0,1,1,6,1,7,3799,1,3,10,1
201342I061103,2,9,0,10,0,1,0,0,1,1,4,1,6,2,4,1995,2,7,8,1
201342I061203,1,9,0,16,0,0,0,0,0,0,1,1,6,2,8,1560,2,5,8,3
201342I061203,2,9,0,17,0,0,0,0,1,0,1,1,6,1,8,2993,2,1,10,2
201342I061303,1,9,0,7,0,3,0,0,0,0,1,1,1,1,9,-1,-1,-1,8,2
201342I061303,2,9,0,7,0,3,0,0,0,0,2,1,1,2,8,1586,1,2,10,2
201342I061402,1,9,0,18,0,1,0,0,0,0,0,1,6,1,6,1598,1,12,3,3
201342I061402,2,10,0,18,0,1,0,0,0,0,0,1,6,1,7,-1,-1,-1,1,1
201342I061502,1,9,0,4,0,8,1,0,0,0,1,1,6,1,9,-1,-1,-1,8,1
201342I061502,2,9,0,7,0,1,0,0,0,0,1,1,6,2,8,1995,1,7,7,3
201342I061603,1,21,1,17,0,0,0,0,0,0,0,1,1,1,-1,-1,-1,-1,-1,-1
201342I061603,2,9,0,16,0,0,0,0,0,0,1,1,1,2,6,1796,1,12,7,1
201342I061603,3,9,0,16,0,0,0,0,0,0,2,1,1,2,7,-1,-1,-1,8,1
201342I061703,1,9,0,17,0,0,0,0,0,0,1,1,1,2,7,-1,-1,-1,7,1
201342I061803,1,9,0,16,0,0,1,0,0,0,3,1,6,2,5,1390,1,7,-1,-1
201342I061902,1,9,0,18,0,0,0,0,0,0,1,1,6,1,6,1995,2,6,6,1
201342I061902,2,21,0,18,0,0,0,0,0,0,1,1,6,3,-1,-1,-1,-1,-1,-1
201342I062002,1,9,0,18,0,0,0,0,0,0,1,1,6,2,5,1598,1,7,7,3
201342I062002,2,9,0,18,0,0,0,0,0,0,2,1,6,2,7,1598,1,8,5,2
201342I062103,1,9,0,12,0,7,0,0,0,0,1,1,6,2,6,4398,7,11,6,1
201342I062103,2,9,0,12,0,7,0,0,0,0,2,1,6,1,-1,-1,-1,-1,-1,-1
201342I062203,1,19,0,18,0,6,0,0,0,0,3,1,1,1,9,1995,2,2,9,1
201342I062203,2,9,0,18,0,1,0,0,0,0,1,1,6,1,-1,1398,2,10,-1,-1
201342I062303,1,11,0,5,0,0,0,0,0,0,1,1,6,3,-1,-1,-1,-1,-1,-1
201342I062403,1,9,0,18,0,0,0,0,0,0,1,1,6,1,7,2993,2,3,9,3
201342I062503,1,9,0,8,0,1,0,0,0,0,2,1,1,2,6,1999,1,12,9,1
201342I062503,2,9,0,18,0,1,0,0,0,0,1,1,6,2,7,-1,-1,-1,8,2
201342I062603,1,5,0,18,0,0,0,0,4,0,1,1,1,1,8,599,1,15,10,1
201342I062603,2,9,0,18,0,0,0,0,0,0,2,1,1,1,8,1560,2,4,9,3
201342I062703,1,9,0,18,0,2,0,0,1,0,1,1,6,1,11,1498,1,8,6,1
201342I062703,2,11,0,18,0,1,0,0,0,0,1,1,1,1,6,4500,2,6,1,1
201342I062802,1,9,0,17,0,0,2,0,1,9,3,1,2,1,9,1242,1,11,9,2
201342I062903,1,9,0,18,0,4,0,0,0,0,1,1,6,1,4,1299,1,10,7,2
201342I062903,2,9,0,18,0,4,0,0,0,0,2,1,6,1,5,1679,1,11,10,1
201342I063003,1,9,0,17,0,0,0,0,1,4,4,1,6,2,6,1242,1,7,10,1
201342I063103,1,9,0,5,0,1,0,0,0,0,3,1,6,2,4,1149,1,10,7,1
201342I063103,2,9,0,18,0,1,0,0,0,0,1,1,1,1,7,1997,2,5,2,1
201342I063203,1,8,0,17,0,8,0,0,0,0,4,1,1,1,10,1910,2,5,1,1
201342I063303,1,9,0,4,0,4,0,0,0,0,1,1,6,2,9,1796,1,4,10,1
201342I063303,2,19,0,5,0,4,0,0,0,0,2,1,1,1,6,2148,2,9,2,1
201342I063403,1,9,0,4,0,1,0,0,0,0,1,1,6,2,6,1975,1,4,2,1
201342I063403,2,9,0,3,0,1,0,0,0,0,2,1,6,1,9,1242,1,4,-1,-1
201342I063502,1,9,0,18,0,0,0,0,1,4,1,1,6,2,7,1242,1,2,8,1
201342I063502,2,9,0,18,0,0,0,0,0,0,1,1,6,2,7,1968,2,5,10,1
201342I063703,1,9,0,18,0,0,0,0,0,0,1,1,6,2,8,1299,1,13,3,1
201342I063703,2,9,0,4,0,0,0,0,0,0,2,1,6,2,5,1360,1,4,9,1
201342I063803,1,9,0,18,0,1,0,0,0,0,1,1,6,2,5,1390,1,12,9,1
201342I063803,2,1,0,18,0,8,0,0,0,0,3,1,6,2,8,-1,-1,-1,2,1
201342I063903,1,9,0,18,0,8,0,0,0,0,1,1,6,1,11,1587,1,12,7,2
201342I063903,2,1,0,18,0,8,0,0,0,0,3,1,6,1,4,-1,-1,-1,2,1
201342I064003,1,9,0,1,0,1,1,0,0,0,1,1,6,1,4,-1,-1,-1,10,1
201342I064003,2,9,0,17,0,1,0,0,0,0,1,1,2,1,4,-1,-1,-1,9,1
201342I064103,1,9,0,17,0,0,1,0,1,7,1,1,1,2,6,-1,-1,-1,1,1
201342I064203,1,9,0,18,0,0,1,0,5,6,3,1,6,1,5,1560,2,5,1,1
201342I064303,1,9,0,16,0,0,0,0,1,1,1,1,6,2,6,1895,1,14,7,1
201342I064303,2,9,0,2,5,0,0,0,0,0,3,1,6,3,-1,1956,2,4,5,1
201342I064402,1,9,0,4,0,0,1,0,0,0,1,1,6,1,6,1910,2,10,2,1
201342I064402,2,9,0,4,0,0,0,0,0,0,2,1,6,1,8,2967,1,13,2,1
201342I064402,3,9,0,4,0,0,0,0,0,0,2,1,6,2,7,1390,1,15,6,1
201342I064503,1,9,0,18,0,0,0,0,0,0,0,1,6,3,9,-1,-1,-1,-1,-1
201342I064603,1,9,0,18,0,8,0,0,0,0,3,1,1,1,10,1242,1,6,6,1
201342I064603,2,9,0,18,0,8,0,0,0,0,1,1,6,1,8,1560,2,5,5,1
201342I064703,1,9,0,18,0,0,0,0,0,0,1,1,6,1,6,1968,2,8,5,1
201342I064703,2,9,0,18,0,0,1,0,0,0,2,1,6,1,9,1348,1,13,5,1
201342I064903,1,9,0,5,0,2,0,0,0,0,0,1,6,1,-1,-1,-1,-1,-1,-1
201342I064903,2,9,0,2,0,2,0,0,0,0,0,1,6,2,10,1598,1,8,3,1
201342I065003,1,9,0,17,0,2,5,0,1,0,0,1,1,2,8,1390,1,6,7,1