Accident_Index,Vehicle_Reference,Vehicle_Type,Towing_and_Articulation,Vehicle_Manoeuvre,Vehicle_Location-Restricted_Lane,Junction_Location,Skidding_and_Overturning,Hit_Object_in_Carriageway,Vehicle_Leaving_Carriageway,Hit_Object_off_Carriageway,1st_Point_of_Impact,Was_Vehicle_Left_Hand_Drive?,Journey_Purpose_of_Driver,Sex_of_Driver,Age_Band_of_Driver,Engine_Capacity_(CC),Propulsion_Code,Age_of_Vehicle,Driver_IMD_Decile,Driver_Home_Area_Type
201342I065203,1,9,0,16,0,7,1,0,1,2,2,1,1,2,7,1149,1,10,5,1
201342I065302,1,9,0,18,0,1,0,0,0,0,1,1,6,1,-1,1229,1,7,4,1
201342I065302,2,9,0,3,0,2,0,0,0,0,2,1,6,2,6,1988,1,12,1,2
201342I065403,1,9,0,10,0,4,0,0,0,0,1,1,6,2,8,1598,2,1,10,1
201342I065403,2,9,0,10,0,3,0,0,0,0,2,1,6,2,5,1598,1,6,8,1
201342I065503,1,9,0,18,0,8,0,0,0,0,1,1,6,1,6,1242,1,5,10,1
201342I065503,2,9,0,18,0,8,0,0,0,0,2,1,2,2,6,1596,1,4,6,1
201342I065603,1,21,1,18,6,0,0,0,0,0,1,1,1,1,9,11946,2,3,5,1
201342I065603,2,21,1,2,6,0,0,0,0,0,2,1,1,1,8,12777,2,7,9,3
201342I065703,1,9,0,18,0,0,0,0,0,0,0,1,6,1,-1,1796,1,13,-1,-1
201342I065703,2,9,0,18,0,0,0,0,0,0,3,1,6,2,6,2521,1,6,1,2
201342I065803,1,9,0,18,0,0,0,0,0,0,1,1,6,2,-1,1299,1,10,6,1
201342I065803,2,9,0,3,0,0,0,0,0,0,2,1,6,2,6,1796,1,18,10,1
201342I065903,1,1,0,18,4,0,1,0,1,0,3,1,6,1,6,-1,-1,-1,5,1
201342I065903,2,9,0,15,0,0,0,0,0,0,4,1,6,3,-1,-1,-1,-1,-1,-1
201342I066003,1,21,0,15,0,8,0,0,0,0,0,1,1,3,-1,-1,-1,-1,-1,-1
201342I066003,2,9,0,15,0,8,1,0,0,0,4,1,6,2,9,1598,1,6,7,1
201342I066103,1,9,0,16,0,0,1,10,7,9,3,1,6,1,4,-1,-1,-1,9,1
201342I066203,1,21,1,11,0,0,0,0,0,0,4,1,1,1,8,11705,2,7,8,1
201342I066203,2,9,0,18,0,0,1,0,5,6,3,1,6,2,7,1390,1,4,3,1
201342I066303,1,1,0,18,9,6,1,0,7,10,1,1,6,1,8,-1,-1,-1,5,1
201342I066403,1,1,0,18,9,1,0,0,0,0,1,1,4,2,3,-1,-1,-1,-1,-1
201342I066403,2,9,0,10,0,6,0,0,0,0,4,1,6,2,9,1242,1,2,4,1
201342I066503,1,11,0,18,2,0,0,0,0,0,1,1,1,1,7,4250,2,2,2,1
201342I066503,2,90,0,18,2,0,0,0,0,0,0,1,6,2,6,-1,-1,-1,4,1
201342I066603,1,9,0,16,0,0,0,0,0,0,1,1,6,1,6,-1,-1,-1,9,2
201342I066603,2,9,0,17,0,0,0,0,0,0,1,1,6,1,8,1968,2,6,5,3
201342I066703,1,9,0,18,0,0,0,0,0,0,0,1,6,1,10,1598,1,1,10,2
201342I066803,1,9,0,3,0,4,0,0,0,0,1,1,6,1,11,1598,1,-1,2,1
201342I067003,1,9,0,18,0,1,5,0,0,0,4,1,6,1,7,1388,1,9,-1,-1
201342I067103,1,3,0,18,0,3,0,7,0,0,1,1,6,2,5,124,1,5,2,2
201342I067103,2,9,0,9,0,4,0,0,0,0,1,1,6,2,11,1199,1,12,3,2
201342I067103,3,21,0,10,0,1,0,0,0,0,3,1,1,1,9,9364,2,7,6,1
201342I067203,1,19,0,18,0,1,2,0,0,0,1,1,1,1,6,1870,2,10,10,2
201342I067203,2,9,0,18,0,1,0,0,0,0,4,1,6,1,10,1997,1,19,5,2
201342I067303,1,9,0,5,0,6,0,0,0,0,2,1,6,1,-1,-1,-1,-1,-1,-1
201342I067303,2,1,0,18,0,8,0,0,0,0,3,1,4,1,2,-1,-1,-1,9,2
201342I067402,1,9,0,18,0,1,1,0,0,0,1,1,6,1,5,1199,1,11,7,1
201342I067402,2,9,0,10,0,1,0,0,7,0,2,1,6,1,5,1124,1,15,5,1
201342I067503,1,9,0,4,0,1,0,0,0,0,1,1,6,2,6,1796,1,7,9,1
201342I067503,2,9,0,4,0,1,0,0,0,0,2,1,6,1,7,1998,1,11,9,1
201342I067603,1,9,0,16,0,7,1,0,1,4,1,1,6,1,7,2497,2,9,5,1
201342I067603,2,9,0,16,0,7,1,0,0,0,2,1,6,2,7,1598,1,11,2,1
201342I067703,1,9,0,18,0,4,0,0,0,0,3,1,6,1,4,1149,1,6,4,1
201342I067703,2,10,0,18,0,4,0,0,0,0,1,1,1,1,9,2874,2,15,5,1
201342I067803,1,9,0,4,0,6,0,0,0,0,1,1,6,1,5,1242,1,13,3,1
201342I067803,2,9,0,17,0,6,0,0,0,0,1,1,6,1,8,1796,1,11,5,1
201342I067903,1,19,0,18,0,0,0,0,0,0,1,1,2,1,7,1560,2,3,3,1
201342I068003,1,9,0,18,0,0,1,0,1,10,1,1,6,1,5,1598,2,3,6,1
201342I068003,2,9,0,18,0,0,0,0,0,0,2,1,6,2,6,1596,1,12,10,1
201342I068003,3,9,0,18,0,0,0,0,0,0,2,1,6,2,7,1596,1,4,9,1
201342I068103,1,9,0,16,0,0,1,0,7,3,1,1,6,2,4,1299,1,11,8,1
201342I068203,1,9,0,17,0,7,1,0,0,1,1,1,6,2,9,1596,1,15,-1,-1
201342I068403,1,9,0,18,0,1,0,0,0,0,1,1,6,2,-1,1399,2,8,-1,-1
201342I068403,2,9,0,18,0,1,0,0,0,0,2,1,6,2,6,2967,1,12,1,1
201342I068503,1,9,0,13,0,6,1,0,1,2,3,1,6,1,6,1998,1,14,6,1
201342I068703,1,1,0,15,0,0,0,0,1,0,3,1,6,1,6,-1,-1,-1,4,1
201342I068703,2,9,0,4,0,0,0,0,0,0,4,1,6,3,-1,-1,-1,-1,-1,-1
201342I068803,1,9,0,9,0,2,0,0,0,0,1,1,1,2,8,1560,2,1,6,2
201342I069003,1,9,0,18,0,1,0,0,0,0,2,1,6,1,6,-1,-1,-1,5,2
201342I069003,2,9,0,18,0,1,0,0,0,0,1,1,6,1,5,-1,-1,-1,-1,-1
201342I069103,1,9,0,18,8,0,0,11,0,0,4,1,6,3,-1,-1,-1,-1,-1,-1
201342I069103,2,90,0,2,6,0,0,0,0,0,0,1,6,3,-1,-1,-1,-1,-1,-1
201342I069103,3,9,0,18,0,0,0,11,0,0,1,1,6,1,10,3996,1,13,10,1
201342I069203,1,10,0,18,0,2,0,0,3,10,3,1,1,2,8,-1,-1,-1,5,1
201342I069203,2,9,0,18,0,1,0,0,3,0,1,1,6,1,7,3165,1,15,3,2
201342I069303,1,19,0,4,0,0,0,0,0,0,1,1,1,1,6,2148,2,5,7,1
201342I069303,2,19,0,4,0,0,0,0,0,0,2,1,1,1,8,1995,2,1,6,1
201342I069303,3,9,0,4,0,0,0,0,0,0,2,1,1,1,7,1560,2,2,6,1
201342I069403,1,9,0,18,0,0,1,0,1,0,1,1,6,2,7,1388,1,11,7,1
201342I069403,2,21,0,18,0,0,0,0,0,0,1,1,1,1,7,8970,2,7,4,1
201342I069403,3,9,0,18,0,0,0,0,0,0,1,1,1,1,5,1461,2,3,9,1
201342I069503,1,19,0,18,0,0,0,0,0,0,1,1,1,1,7,2287,2,6,6,1
201342I069503,2,9,0,18,0,0,0,0,0,0,2,1,6,1,7,1390,1,10,10,1
201342I069503,3,9,0,18,0,0,0,0,0,0,2,1,6,1,7,1388,1,11,8,1
201342I069603,1,9,0,18,0,7,1,0,0,0,1,1,6,1,7,1997,1,11,8,1
201342I069603,2,9,0,18,0,7,0,0,0,0,0,1,6,2,7,-1,-1,-1,8,1
201342I069703,1,9,0,18,0,1,0,0,0,0,1,1,2,2,8,1242,1,7,5,1
201342I069703,2,9,0,18,0,1,0,0,0,0,1,1,6,1,8,1997,2,11,4,1
201342I069803,1,9,0,16,0,1,1,10,0,0,1,1,6,2,4,1198,1,8,9,3
201342I069903,1,9,0,18,0,0,0,0,0,0,2,1,6,2,6,1299,1,14,5,2
201342I069903,2,9,0,18,0,0,0,0,0,0,1,1,6,1,9,1328,1,11,6,1
201342I070003,1,9,0,5,8,0,5,0,1,10,2,1,6,1,9,2495,2,16,5,1
201342I070003,2,9,0,18,0,0,0,0,0,0,1,1,6,1,9,2495,2,12,10,2
201342I070103,1,19,0,18,0,0,0,0,0,0,1,1,6,1,8,1870,2,12,4,1
201342I070103,2,9,0,2,0,0,0,0,0,0,2,1,6,3,-1,1399,2,7,-1,-1
201342I070203,1,9,0,18,0,0,0,0,0,0,2,1,6,3,-1,-1,-1,-1,-1,-1
201342I070203,2,9,0,18,0,0,0,0,0,0,1,1,6,2,8,-1,-1,-1,5,1
201342I070303,1,9,0,9,0,5,0,0,0,0,4,1,4,2,7,1968,2,8,9,1
201342I070303,2,9,0,18,0,1,1,0,0,0,1,1,4,1,4,1199,1,11,8,3
201342I070303,3,9,0,4,0,1,0,0,0,0,3,1,6,1,9,998,1,-1,10,3
201342I070403,1,9,0,18,0,0,0,0,7,0,0,1,6,1,4,1242,1,8,8,1
201342I070403,2,9,0,18,0,0,0,0,0,0,0,1,6,1,11,1686,2,7,10,3
201342I070703,1,9,0,18,0,0,1,0,0,6,1,1,6,1,8,-1,-1,-1,8,3
201342I070803,1,19,0,2,0,2,0,0,0,0,0,1,1,1,6,2461,2,5,8,1
201342I070803,2,9,0,18,0,6,0,0,0,0,1,1,6,2,7,1998,1,13,2,1
201342I070803,3,1,0,18,0,8,0,0,0,0,1,1,4,1,3,-1,-1,-1,4,1
201342I071003,1,9,0,18,0,3,0,0,0,0,1,1,6,1,5,1997,2,4,5,1
201342I071003,2,9,0,18,0,3,0,0,0,0,2,1,6,2,7,1389,1,17,-1,-1
201342I071203,1,9,0,4,0,0,0,0,0,0,1,1,6,2,8,2179,2,4,7,3
201342I071203,2,9,0,4,0,0,0,0,0,0,2,1,6,2,5,1796,1,12,8,1
201342I071303,1,9,0,11,0,0,2,0,0,0,1,1,2,1,5,1124,1,8,10,1
201342I071303,2,9,0,18,0,0,1,0,0,0,3,1,2,2,8,1910,2,6,9,3
201342I071403,1,9,0,18,0,1,0,0,0,0,1,1,6,3,-1,-1,-1,-1,-1,-1
201342I071503,1,9,0,9,0,3,0,0,0,0,1,1,2,1,6,1999,1,8,10,2
201342I071503,2,9,0,18,0,4,0,0,0,0,4,1,2,1,9,1598,1,13,7,1
201342I071603,1,9,0,17,0,0,0,0,0,3,1,1,6,2,6,-1,-1,-1,8,2
201342I071703,1,9,0,7,0,2,0,0,0,0,1,1,2,1,6,1984,1,6,10,1
201342I071803,1,9,0,17,0,0,2,0,0,0,1,1,6,1,5,1798,1,12,6,1
201342I071903,1,9,0,18,0,8,0,0,0,0,2,1,6,2,5,1997,2,5,4,1
201342I071903,2,9,0,18,0,8,0,0,0,0,2,1,6,2,7,1242,1,2,4,1
201342I072103,1,9,0,5,0,0,0,0,0,0,3,1,1,1,8,-1,-1,-1,5,1
201342I072103,2,3,0,18,0,0,0,0,0,0,4,1,6,1,5,100,1,13,2,1
201342I072303,1,9,0,18,0,0,1,0,0,0,1,1,6,2,8,1595,1,10,8,2
201342I072303,2,9,0,18,0,0,0,0,0,0,2,1,1,1,6,599,1,11,9,1
201342I072403,1,9,0,18,0,0,0,0,0,0,1,1,2,1,8,1896,2,4,6,1
201342I072403,2,9,0,18,0,0,0,0,0,0,1,1,2,2,8,1984,2,2,6,3
201342I072403,3,9,0,18,0,0,0,0,0,0,2,1,6,1,7,2493,1,15,4,1
201342I072503,1,9,4,18,0,0,0,0,0,0,0,1,6,1,-1,-1,-1,-1,-1,-1
201342I072603,1,9,0,17,0,0,1,0,1,4,1,1,6,2,5,998,1,7,5,1
201342I072703,1,9,0,18,0,1,1,0,1,4,1,1,1,1,6,1388,1,4,7,1
201342I072803,1,9,0,17,0,0,0,0,1,4,1,1,6,2,6,1328,1,2,10,1
201342I073003,1,21,1,18,0,8,1,0,0,0,1,1,1,1,6,11946,2,3,8,3
201342I073003,2,19,0,10,0,5,0,0,0,0,2,1,1,1,7,1248,2,4,8,2
201342I073103,1,9,0,9,0,1,0,0,0,0,1,1,1,1,8,1798,1,10,6,1
201342I073103,2,1,0,18,0,1,0,0,0,0,1,1,1,1,7,-1,-1,-1,3,1
201342I073202,1,2,0,9,0,1,0,0,0,0,0,1,6,1,5,125,1,6,1,1
201342I073303,1,9,0,18,0,8,0,0,0,0,1,1,6,1,8,1988,1,13,10,1
201342I073303,2,9,0,6,0,8,0,0,0,0,3,1,6,2,7,1598,1,5,10,1
201342I073403,1,9,0,18,0,8,0,0,0,0,1,1,6,1,6,-1,-1,-1,2,1
201342I073403,2,9,0,18,0,8,0,0,1,10,4,1,6,1,10,1598,1,13,3,1
201342I073503,1,9,0,5,0,6,0,0,0,0,3,1,2,2,6,1360,1,6,4,1
201342I073603,1,9,0,9,0,6,0,0,0,0,1,1,6,1,11,1596,1,8,10,1
201342I073702,1,9,0,18,0,8,0,0,0,0,1,1,2,2,6,-1,-1,-1,8,1
201342I073702,2,9,0,4,0,8,0,0,0,0,3,1,2,2,7,1229,1,8,7,1
201342I073803,1,9,0,18,0,1,0,0,0,0,4,1,6,1,7,1587,1,13,2,1
201342I073803,2,9,0,5,0,1,0,0,0,0,1,1,6,1,5,1560,2,3,6,1
201342I073903,1,9,0,11,6,1,0,0,0,0,1,1,2,2,6,1199,2,-1,3,1
201342I073903,2,9,0,18,6,1,0,0,1,0,1,1,1,1,6,2993,2,5,6,1
201342I074003,1,9,0,18,0,0,0,0,0,0,1,1,6,1,10,1998,1,3,9,2
201342I074003,2,21,0,18,0,0,0,0,0,0,1,1,1,1,7,11967,2,4,4,1
201342I074103,1,9,0,18,9,1,0,0,0,0,1,1,6,1,-1,-1,-1,-1,-1,-1
201342I074103,2,1,0,18,9,1,0,0,0,0,0,1,6,1,3,-1,-1,-1,4,1
201342I074203,1,9,0,13,0,0,0,0,0,0,1,1,6,1,5,-1,-1,-1,7,2
201342I074203,2,9,0,18,0,0,0,0,0,0,1,1,6,1,5,1995,2,9,5,1
201342I074303,1,9,0,18,0,0,2,0,1,9,4,1,6,1,4,-1,-1,-1,10,1
201342I074503,1,9,0,18,0,0,1,0,1,9,1,1,6,2,5,1591,1,5,8,1
201342I074603,1,9,0,18,0,0,0,0,0,0,1,1,6,2,6,1124,1,12,5,3
201342I074603,2,19,0,18,0,0,0,0,0,0,2,1,1,1,7,1968,2,2,7,3
201342I074703,1,21,0,18,0,0,0,0,0,0,1,1,1,1,4,-1,-1,-1,4,1
201342I074703,2,1,0,18,0,0,0,0,0,0,4,1,2,1,4,-1,-1,-1,4,1
201342I074803,1,9,0,16,0,0,0,0,1,9,0,1,2,2,6,1229,1,4,10,1
201342I074902,1,9,0,3,0,8,0,0,0,0,4,1,6,2,10,1339,1,6,9,1
201342I074902,2,9,0,18,0,8,0,0,0,0,1,1,6,1,9,1988,1,12,1,1
201342I075003,1,9,0,18,0,4,1,0,0,0,1,1,1,1,-1,1997,1,12,9,1
201342I075003,2,9,0,18,0,4,0,0,0,0,1,1,6,2,6,1388,1,3,2,1
201342I075103,1,9,0,5,0,1,0,0,0,0,4,1,6,1,-1,-1,-1,-1,-1,-1
201342I075103,2,9,0,16,0,1,0,0,0,0,0,1,6,2,8,1598,1,1,6,3
201342I075203,1,9,0,11,0,0,0,0,0,0,0,1,6,1,8,1686,2,2,-1,-1
201342I075203,2,9,0,18,0,0,0,0,0,0,1,1,6,2,5,1399,1,10,4,1
201342I075303,1,9,0,4,0,0,0,0,0,0,2,1,2,1,8,1769,1,11,-1,-1
201342I075303,2,5,0,4,0,0,0,0,0,0,1,1,2,1,8,1450,1,10,6,1
201342I075403,1,9,0,4,0,0,1,0,0,0,1,1,6,1,6,1956,2,2,6,1
201342I075403,2,9,0,4,0,0,0,0,0,0,2,1,6,2,7,2179,2,6,6,1
201342I075403,3,9,0,4,0,0,0,0,0,0,2,1,6,2,7,-1,-1,-1,-1,-1
201342I075503,1,9,0,18,0,1,0,0,0,0,1,1,6,2,9,-1,-1,-1,7,3
201342I075503,2,9,0,9,0,1,0,0,0,0,0,1,6,1,8,1598,1,3,8,1
201342I075603,1,2,0,18,0,0,1,0,0,0,0,1,6,1,4,49,1,12,5,1
201342I075703,1,9,0,18,0,0,0,0,0,0,0,1,6,3,-1,-1,-1,-1,-1,-1
201342I075703,2,9,0,12,0,0,0,0,0,0,3,1,6,1,5,1598,1,9,-1,-1
201342I075703,3,9,0,18,0,0,0,0,0,0,4,1,6,2,6,1598,1,10,9,1
201342I075703,4,9,0,18,0,0,0,0,0,0,4,1,6,1,9,1560,2,7,8,1
201342I075803,1,3,0,18,0,0,1,0,0,0,1,1,1,1,5,124,1,-1,10,1
201342I075803,2,9,0,18,0,0,0,0,1,0,1,1,1,1,6,-1,-1,-1,8,2
201342I076001,1,9,0,18,0,8,0,0,0,0,1,1,6,1,6,-1,-1,-1,4,1
201342I076103,1,9,0,18,0,8,0,0,1,10,3,1,6,1,5,1993,1,25,9,1
201342I076103,2,19,0,18,0,8,0,0,0,0,1,1,1,1,7,2402,2,8,3,1
201342I076203,1,9,0,18,0,0,2,0,1,0,0,1,6,1,9,1399,1,6,7,1
201342I076303,1,9,0,2,9,0,0,0,0,0,2,1,6,3,-1,1991,2,4,-1,-1
201342I076303,2,9,0,18,0,0,0,0,0,0,4,1,6,2,10,1206,1,2,9,1
201342I076403,1,19,0,4,0,0,0,0,0,0,4,1,6,1,10,2402,2,11,2,1
201342I076503,1,9,0,18,9,0,0,0,1,0,1,1,1,2,-1,-1,-1,-1,-1,-1
201342I076603,1,9,0,6,0,0,0,0,0,0,1,1,6,1,9,1343,1,9,9,1
201342I076603,2,3,0,18,0,0,0,0,7,10,1,1,1,1,5,125,1,5,5,2
201342I076703,1,3,0,17,0,0,1,0,1,10,3,1,6,1,5,125,1,3,8,3
201342I076903,1,9,0,18,6,0,0,0,1,4,1,1,6,1,11,1399,1,5,9,1
201342I076903,2,19,0,2,6,0,0,0,0,0,2,1,6,1,7,2402,2,8,-1,-1
201342I077003,1,9,0,18,0,0,1,0,0,0,3,1,2,2,5,1461,2,7,6,1
201342I077003,2,9,0,18,0,0,1,0,0,6,3,1,2,1,6,1686,2,8,4,1
201342I077103,1,9,0,18,0,0,2,0,1,4,1,1,6,2,7,1995,2,10,6,1
201342I077203,1,8,0,18,0,0,2,0,1,0,1,1,1,1,7,1968,2,4,9,1
201342I077302,1,9,0,18,0,8,0,0,0,0,1,1,6,1,9,-1,-1,-1,10,2
201342I077503,1,19,0,18,0,0,1,0,0,0,1,1,6,1,10,2494,2,4,10,1
201342I077503,2,9,0,3,0,0,0,0,0,0,2,1,2,1,8,-1,-1,-1,10,1
201342I077603,1,9,0,16,0,0,0,0,0,0,1,1,2,2,5,1598,1,12,-1,-1
201342I077603,2,9,0,17,0,0,0,0,1,0,1,1,6,2,7,1560,2,6,3,1
201342I077703,1,9,0,3,0,1,0,0,0,0,1,1,6,1,4,1596,1,7,10,1
201342I077703,2,9,0,5,0,1,0,0,0,0,2,1,6,2,9,998,1,11,3,3
201342I077803,1,9,0,7,0,5,0,0,0,0,1,1,6,1,7,-1,-1,-1,-1,-1
201342I077803,2,9,0,8,0,1,0,0,0,0,1,1,6,2,7,1997,2,-1,6,3
201342I077903,1,9,0,4,0,1,0,0,0,0,1,1,1,1,5,1199,1,9,9,2
201342I077903,2,9,0,4,0,1,0,0,0,0,2,1,1,2,6,1149,1,6,7,1
201342I078003,1,9,0,18,0,8,0,0,0,0,1,1,6,2,10,998,1,6,4,1
201342I078103,1,19,0,18,0,8,0,0,0,1,4,1,1,1,6,1968,2,2,3,1
201342I078103,2,9,0,18,0,8,0,0,0,0,1,1,6,2,7,-1,-1,-1,4,3
201342I078203,1,9,0,4,0,1,0,0,0,0,4,1,6,3,-1,-1,-1,-1,-1,-1
201342I078203,2,1,0,18,0,1,0,0,0,0,4,1,6,1,3,-1,-1,-1,5,1
201342I078303,1,9,0,18,0,1,1,0,0,0,1,1,6,1,-1,2319,1,18,-1,-1
201342I078303,2,9,0,18,0,1,0,0,0,0,2,1,6,1,6,1998,1,15,3,1
201342I078503,1,9,0,18,0,3,0,0,0,0,1,1,6,1,8,1560,2,2,7,3
201342I078503,2,9,0,5,0,4,0,0,0,0,3,1,6,2,4,1242,1,17,2,1
201342I078603,1,9,0,1,0,2,2,0,1,10,3,1,6,1,4,1396,1,13,5,2
201342I078603,2,8,0,4,0,1,0,0,0,0,3,1,1,1,6,2179,2,5,4,3
201342I078703,1,9,0,18,0,0,1,0,7,9,3,1,6,2,8,2967,1,13,4,1
201342I078703,2,9,0,18,0,0,1,0,0,0,3,1,6,2,8,1560,2,4,10,2
201342I078803,1,9,0,18,0,0,0,4,0,0,1,1,6,1,7,1598,1,1,10,1
201342I078803,2,9,0,2,0,0,0,4,1,0,1,1,6,3,-1,1149,1,9,10,2
201342I078803,3,9,0,2,0,0,0,0,1,0,0,1,6,3,-1,-1,-1,-1,8,2
201342I078903,1,9,0,18,0,0,0,0,0,0,0,1,6,3,-1,-1,-1,-1,-1,-1
201342I078903,2,9,0,2,0,0,0,0,0,0,0,1,6,2,5,1360,1,11,4,1
201342I079101,1,90,0,18,0,1,0,0,0,0,0,1,1,3,-1,-1,-1,-1,-1,-1
201342I079202,1,9,0,18,0,4,0,0,0,0,1,1,6,3,-1,1242,1,8,-1,-1
201342I079202,2,9,0,18,0,4,0,0,0,0,2,1,6,2,4,1149,1,6,2,1
201342I079302,1,8,0,4,0,1,0,0,0,0,2,1,6,1,6,1753,2,9,3,1
201342I079302,2,9,0,4,0,1,0,0,0,0,2,1,6,1,7,2967,1,5,9,1
201342I079302,3,9,0,4,0,1,0,0,0,0,0,1,6,2,8,1598,1,6,6,1
201342I079401,1,9,0,18,0,0,0,0,0,0,4,1,6,1,-1,1560,2,4,-1,-1
201342I079503,1,9,0,5,0,4,1,0,0,0,3,1,6,2,6,-1,-1,-1,4,1
201342I079503,2,9,0,9,0,4,1,0,0,0,1,1,6,1,8,-1,-1,-1,4,1
201342I079703,1,9,0,9,0,6,0,0,1,0,1,1,2,2,6,1299,1,5,2,1
201342I079703,2,9,0,18,0,8,0,0,0,0,1,1,2,1,9,-1,-1,-1,3,1
201342I079803,1,9,0,5,0,4,0,0,0,0,1,1,6,1,-1,1796,1,10,-1,-1
201342I079803,2,1,0,5,0,4,0,0,0,0,2,1,6,1,5,-1,-1,-1,10,1
201342I080003,1,9,0,15,0,0,0,0,0,0,4,1,6,2,8,1339,1,7,2,1
201342I080103,1,9,0,18,0,0,1,0,0,10,4,1,6,2,6,1229,1,7,8,3
201342I080203,1,9,0,3,0,1,0,0,0,0,1,1,3,3,-1,-1,-1,-1,-1,-1
201342I080203,2,9,0,3,0,1,0,0,0,0,2,1,3,2,6,1299,1,11,6,1
201342I080303,1,9,0,4,0,1,0,0,0,0,0,1,6,1,6,1596,1,10,-1,-1
201342I080303,2,9,0,4,0,1,0,0,0,0,0,1,6,1,6,1582,2,2,5,1
201342I080303,3,9,0,4,0,1,0,0,0,0,0,1,6,1,-1,3222,2,9,9,1
201342I080403,1,9,0,9,0,8,0,0,0,0,3,1,6,1,10,-1,-1,-1,-1,-1
201342I080403,2,1,0,18,0,8,0,0,0,0,1,1,2,1,6,-1,-1,-1,6,1
201342I080503,1,9,0,9,0,6,0,0,0,0,1,1,6,2,10,1995,2,9,3,1
201342I080603,1,3,0,18,0,4,1,7,0,0,1,1,6,1,5,124,1,2,6,1
201342I080703,1,9,0,18,0,0,2,0,7,0,4,1,6,1,4,1248,2,1,2,1
201342I080803,1,9,0,4,6,0,5,0,0,7,1,1,6,1,10,2435,1,13,2,1
201342I080903,1,9,0,18,0,2,0,0,7,1,1,1,6,1,10,1598,1,1,5,1
201342I081003,1,9,0,18,0,1,0,0,0,0,3,1,6,2,7,1998,1,10,4,1
201342I081103,1,9,0,18,0,4,0,0,0,0,1,1,6,1,9,1388,1,5,7,3
201342I081103,2,9,0,9,0,4,0,0,0,0,1,1,2,1,6,1989,1,13,3,1
201342I081203,1,9,0,12,0,0,0,0,0,0,2,1,6,1,-1,-1,-1,-1,-1,-1
201342I081203,2,9,0,11,0,0,0,0,0,0,0,1,1,1,7,-1,-1,-1,1,1
201342I081203,3,9,0,18,0,0,0,0,0,0,1,1,1,1,10,1598,1,4,-1,-1
201342I081203,4,9,0,18,0,0,0,0,0,0,2,1,1,2,8,1968,2,1,10,1
201342I081303,1,19,0,18,0,0,0,0,0,0,0,1,6,3,-1,-1,-1,-1,-1,-1
201342I081303,2,9,0,12,0,0,0,0,0,0,2,1,6,1,8,1998,1,9,9,1
201342I081303,3,21,1,18,0,0,0,0,0,0,1,1,1,1,8,12900,2,5,7,1
201342I081403,1,9,0,18,0,0,1,0,0,0,1,1,2,1,5,1796,1,9,4,1
201342I081403,2,9,0,18,0,0,0,0,1,9,1,1,2,2,9,1598,1,8,9,3
201342I081503,1,9,0,5,0,4,0,0,0,0,1,1,6,3,-1,-1,-1,-1,-1,-1
201342I081503,2,5,0,5,0,4,0,0,0,0,2,1,2,2,4,645,1,14,-1,-1
201342I081603,1,9,0,18,0,0,1,0,0,0,1,1,6,1,7,1896,2,10,10,1
201342I081803,1,9,0,18,0,1,0,0,0,0,1,1,6,1,-1,-1,-1,-1,-1,-1
201342I081903,1,9,0,7,0,1,0,0,0,0,1,1,6,1,4,1229,1,1,2,1
201342I081903,2,9,0,18,0,1,0,0,0,0,2,1,6,1,8,1783,1,10,2,1
201342I082003,1,9,0,4,0,0,0,0,0,0,1,1,6,1,9,3960,1,17,5,1
201342I082003,2,21,1,18,0,0,0,0,0,0,2,1,1,1,6,10837,2,1,3,1
201342I082103,1,90,0,9,0,1,0,0,0,0,1,1,6,1,8,-1,-1,-1,-1,-1
201342I082103,2,9,0,18,0,1,0,0,0,0,1,1,6,1,9,1396,1,13,8,2
201342I082203,1,19,0,9,0,1,0,0,0,0,3,1,1,1,8,2143,2,2,7,1
201342I082203,2,11,0,18,0,1,1,0,0,0,1,1,1,1,8,-1,2,13,7,1
201342I082303,1,9,0,18,0,0,0,0,0,0,2,1,6,1,-1,-1,-1,-1,-1,-1
201342I082303,2,9,0,18,0,0,0,0,0,0,2,1,6,1,5,1989,1,13,-1,-1
201342I082303,3,9,0,18,0,0,0,0,0,0,1,1,6,1,4,1199,1,10,9,1
201342I082403,1,9,0,18,0,1,0,0,1,10,1,1,6,2,7,2378,1,10,2,1
201342I082504,1,9,0,9,0,3,0,0,0,0,3,1,6,1,8,1753,2,9,-1,-1
201342I082504,2,9,0,7,0,3,1,0,7,1,4,1,6,1,8,1997,2,1,2,1
201342I082603,1,8,0,18,0,1,0,0,0,0,4,1,1,1,6,1997,2,6,7,1
201342I082603,2,9,0,18,0,1,0,0,7,10,3,1,1,2,8,1397,1,5,8,3
201342I082703,1,9,0,18,0,0,1,0,1,2,1,1,6,2,7,1948,1,15,5,2
201342I082803,1,9,0,18,0,7,1,0,1,0,1,1,6,2,8,1596,1,8,-1,-1
201342I082803,2,21,1,18,0,8,1,0,0,0,4,1,1,1,7,10837,2,6,-1,-1