Accident_Index,Vehicle_Reference,Vehicle_Type,Towing_and_Articulation,Vehicle_Manoeuvre,Vehicle_Location-Restricted_Lane,Junction_Location,Skidding_and_Overturning,Hit_Object_in_Carriageway,Vehicle_Leaving_Carriageway,Hit_Object_off_Carriageway,1st_Point_of_Impact,Was_Vehicle_Left_Hand_Drive?,Journey_Purpose_of_Driver,Sex_of_Driver,Age_Band_of_Driver,Engine_Capacity_(CC),Propulsion_Code,Age_of_Vehicle,Driver_IMD_Decile,Driver_Home_Area_Type
201342I082903,1,9,0,18,0,0,1,0,0,0,1,1,6,2,6,1390,1,2,10,1
201342I082903,2,9,0,18,0,0,5,0,0,0,2,1,6,1,9,1598,1,1,3,1
201342I083003,1,21,0,18,0,4,0,0,0,0,1,1,1,1,6,11021,2,11,-1,-1
201342I083003,2,90,0,18,0,4,0,0,0,0,2,1,1,1,6,-1,-1,-1,3,1
201342I083203,1,21,0,18,0,0,0,0,0,0,1,1,1,1,7,-1,-1,-1,4,1
201342I083203,2,9,0,18,0,0,0,0,0,0,2,1,1,1,9,1590,1,12,8,2
201342I083203,3,9,0,18,0,0,0,0,0,0,2,1,1,1,6,-1,-1,-1,7,1
201342I083303,1,9,0,18,0,4,0,0,0,0,3,1,6,1,5,3199,1,11,8,1
201342I083303,2,5,0,18,0,8,0,0,0,0,1,1,6,1,9,1300,1,8,5,1
201342I083403,1,9,0,17,0,0,5,0,2,4,1,1,6,2,7,1596,1,5,7,2
201342I083403,2,19,0,16,0,0,0,0,0,0,0,1,1,1,4,2143,2,1,9,3
201342I083503,1,9,0,3,0,4,0,0,0,0,1,1,6,1,7,-1,-1,-1,6,1
201342I083503,2,9,0,3,0,4,0,0,0,0,2,1,2,2,6,1600,1,14,6,2
201342I083503,3,9,0,3,0,4,0,0,0,0,2,1,6,2,-1,-1,-1,-1,-1,-1
201342I083603,1,5,0,18,0,0,0,0,0,0,4,1,6,1,4,656,1,5,3,1
201342I083603,2,3,0,18,0,0,0,0,0,0,0,1,6,1,4,124,1,10,10,1
201342I083703,1,19,0,18,0,1,0,0,0,0,1,1,1,1,5,2179,2,9,8,1
201342I083703,2,9,0,10,0,1,0,0,0,0,2,1,1,2,7,2993,2,4,10,2
201342I083803,1,9,0,18,0,1,1,0,0,0,3,1,2,1,6,998,1,3,2,1
201342I083904,1,9,3,15,0,0,0,0,0,0,4,1,6,1,10,-1,-1,-1,10,2
201342I083904,2,1,0,18,0,0,0,0,0,0,0,1,6,1,5,-1,-1,-1,4,1
201342I084003,1,9,0,9,0,8,0,0,0,0,1,1,6,1,4,1299,1,16,9,1
201342I084003,2,9,0,18,0,1,0,0,0,0,1,1,6,1,6,1781,1,12,7,1
201342I084103,1,9,0,4,0,8,0,0,0,0,1,1,1,1,8,2953,1,3,-1,-1
201342I084103,2,9,0,4,0,8,0,0,0,0,2,1,6,2,5,1388,1,2,8,3
201342I084103,3,9,0,3,0,8,0,0,0,0,2,1,6,1,7,1769,1,12,8,1
201342I084203,1,9,0,17,0,0,1,0,7,10,1,1,6,2,4,2179,2,1,5,3
201342I084203,2,9,0,17,0,0,2,0,0,0,1,1,6,1,4,1398,2,10,8,2
201342I084303,1,9,0,18,0,0,0,0,0,0,1,1,2,1,9,1582,2,1,3,1
201342I084303,2,9,0,3,0,0,0,0,0,0,2,1,2,2,5,-1,-1,-1,7,1
201342I084403,1,19,0,5,0,6,0,0,0,0,1,1,1,1,9,2402,2,7,8,2
201342I084403,2,1,0,18,0,2,0,0,0,0,3,1,2,1,7,-1,-1,-1,2,1
201342I084503,1,9,0,7,0,7,0,0,0,0,3,1,6,2,6,2597,1,12,3,1
201342I084503,2,9,0,16,0,2,0,0,0,0,1,1,6,2,7,1598,1,14,4,1
201342I084603,1,9,0,16,0,0,2,0,7,0,0,1,6,1,5,1389,1,9,5,1
201342I084703,1,9,0,5,0,6,0,0,0,0,1,1,1,2,6,1248,1,2,2,1
201342I084703,2,3,0,18,0,1,0,0,0,0,1,1,1,1,4,-1,-1,-1,8,1
201342I084803,1,9,0,18,0,6,0,0,0,0,1,1,6,2,5,1229,1,7,3,1
201342I084803,2,9,0,18,0,8,0,0,0,0,1,1,6,2,7,1968,2,5,8,2
201342I084903,1,11,0,18,0,0,0,0,0,0,1,1,1,1,7,-1,2,14,-1,-1
201342I084903,2,9,0,2,6,0,0,0,0,0,3,1,6,2,7,-1,-1,-1,7,1
201342I085004,1,9,0,9,0,6,0,0,0,0,1,1,6,1,7,1597,1,14,3,1
201342I085004,2,4,0,14,0,1,0,0,0,0,4,1,2,1,9,499,1,17,2,1
201342I085103,1,9,0,18,0,1,0,0,0,0,1,1,6,1,-1,-1,-1,-1,-1,-1
201342I085103,2,9,0,3,0,1,0,0,0,0,2,1,6,1,6,-1,-1,-1,8,1
201342I085203,1,9,0,6,0,0,0,0,0,0,0,1,6,2,-1,1248,1,1,-1,-1
201342I085203,2,1,0,18,0,0,0,0,0,0,1,1,6,1,8,-1,-1,-1,8,2
201342I085303,1,9,0,3,0,0,0,0,0,0,1,1,2,3,-1,1596,1,3,-1,-1
201342I085303,2,9,0,18,0,0,0,0,0,0,2,1,6,1,6,-1,-1,-1,5,1
201342I085403,1,9,0,4,0,4,0,0,0,0,1,1,6,1,-1,-1,-1,-1,-1,-1
201342I085403,2,9,0,4,0,4,0,0,0,0,2,1,2,2,4,1598,1,3,7,1
201342I085503,1,9,0,4,0,6,0,0,0,0,0,1,6,1,8,-1,-1,-1,10,1
201342I085503,2,9,0,3,0,6,0,0,0,0,2,1,6,1,5,2993,2,7,8,1
201342I085603,1,9,0,18,0,8,1,0,0,0,1,1,6,2,7,1596,1,13,2,1
201342I085603,2,9,0,2,0,8,0,0,0,0,2,1,6,1,11,1598,1,3,4,1
201342I085703,1,1,0,18,0,1,0,0,0,0,1,1,6,1,8,-1,-1,-1,5,1
201342I085703,2,9,0,5,0,6,0,0,0,0,1,1,6,1,7,1870,2,10,2,1
201342I085803,1,9,0,18,0,1,0,0,0,0,1,1,6,1,10,-1,-1,-1,8,2
201342I085803,2,9,0,18,0,1,0,0,0,0,2,1,6,1,7,973,1,13,3,1
201342I085803,3,9,0,18,0,1,0,0,0,0,1,1,6,2,4,1149,1,10,9,1
201342I085803,4,9,0,18,0,1,0,0,0,0,2,1,6,1,9,2200,2,20,4,2
201342I085903,1,9,0,18,0,0,0,0,0,0,1,1,6,2,5,1595,1,7,3,3
201342I085903,2,9,0,3,0,0,0,0,0,0,2,1,6,1,8,1896,2,3,4,1
201342I085903,3,9,0,3,0,0,0,0,0,0,2,1,6,1,5,1149,1,6,-1,-1
201342I086102,1,9,0,18,0,4,0,0,0,0,1,1,6,2,11,1796,1,7,4,1
201342I086102,2,5,0,3,0,4,0,0,0,0,2,1,2,1,7,-1,-1,-1,2,1
201342I086203,1,90,0,18,0,2,0,0,0,0,1,1,6,1,8,-1,-1,-1,2,1
201342I086304,1,9,0,5,0,8,0,0,0,0,2,1,6,1,10,1988,1,12,4,3
201342I086304,2,9,0,5,0,8,0,0,0,0,1,1,6,2,4,1149,1,10,6,1
201342I086304,3,9,0,5,0,8,0,0,0,0,1,1,2,1,6,-1,-1,-1,4,1
201342I086304,4,90,0,9,0,8,0,0,0,0,0,1,1,3,-1,-1,-1,-1,-1,-1
201342I086403,1,9,0,9,0,1,0,0,0,0,1,1,6,2,8,3199,1,14,7,1
201342I086403,2,5,0,18,0,1,0,0,1,4,1,1,6,1,8,998,1,5,6,3
201342I086503,1,9,0,17,0,0,0,0,0,0,4,1,6,1,10,1596,1,13,3,1
201342I086604,1,9,0,18,0,0,1,0,0,0,1,1,6,1,9,1596,1,12,10,1
201342I086604,2,9,0,18,0,0,0,0,0,0,1,1,6,1,9,1956,2,3,3,1
201342I086604,3,9,0,18,0,0,0,0,0,0,2,1,6,1,7,2494,1,11,3,1
201342I086703,1,9,0,18,0,0,0,0,0,0,1,1,6,1,7,1798,1,11,5,1
201342I086703,2,9,0,3,0,0,0,0,0,0,4,1,6,1,8,1560,2,1,8,1
201342I086703,3,9,0,3,0,0,0,0,0,0,3,1,6,1,5,-1,-1,-1,2,1
201342I086703,4,9,0,4,0,0,0,0,0,0,4,1,6,1,6,1461,2,1,8,1
201342I086703,5,9,0,4,0,0,0,0,0,0,0,1,6,1,8,2953,2,11,5,2
201342I086703,6,9,0,4,0,0,0,0,0,0,0,1,6,1,-1,1582,2,4,5,1
201342I086703,7,9,0,4,0,0,0,0,0,0,0,1,6,1,7,1896,2,6,5,3
201342I086803,1,9,0,9,0,1,0,0,0,0,1,1,6,1,6,1368,1,9,2,1
201342I086803,2,1,0,18,0,2,0,0,0,0,3,1,6,1,6,-1,-1,-1,2,1
201342I086903,1,5,0,13,0,8,0,0,0,0,4,1,6,1,5,645,1,1,-1,-1
201342I086903,2,9,0,9,0,5,0,0,0,0,3,1,6,1,7,3500,1,16,6,1
201342I087003,1,9,0,17,0,8,0,0,0,0,1,1,6,2,5,1248,2,2,10,1
201342I087003,2,9,0,18,0,8,1,7,7,10,3,1,6,1,5,1043,1,24,4,1
201342I087104,1,9,0,18,0,5,1,10,7,10,4,1,6,1,6,2521,1,7,7,1
201342I087104,2,9,0,18,0,7,0,0,1,0,1,1,6,2,8,1398,1,3,7,1
201342I087304,1,5,0,18,0,1,1,0,0,0,1,1,1,1,5,738,1,9,8,1
201342I087304,2,9,0,3,0,1,0,0,0,0,1,1,1,2,9,1149,1,5,10,1
201342I087403,1,8,0,18,0,2,0,0,0,0,1,1,1,1,8,-1,-1,-1,4,1
201342I087504,1,9,0,18,0,3,0,0,0,0,1,1,6,1,8,1598,1,14,6,2
201342I087504,2,1,0,18,0,3,0,0,0,0,1,1,6,1,6,-1,-1,-1,1,1
201342I087604,1,9,0,18,0,1,0,0,0,0,1,1,6,1,5,1998,1,1,2,1
201342I087604,2,9,0,5,0,6,0,0,0,0,1,1,6,1,9,1997,1,9,3,1
201342I087704,1,9,0,16,0,1,0,0,0,0,1,1,6,2,10,1388,1,2,7,2
201342I087704,2,9,0,8,0,1,0,0,0,0,2,1,6,1,9,2497,1,12,4,1
201342I087704,3,9,0,3,0,1,0,0,0,0,2,1,6,1,8,2979,1,12,3,1
201342I087901,1,9,0,18,0,0,1,0,0,0,1,1,6,2,6,1968,2,1,6,1
201342I087901,2,9,0,18,0,0,0,0,0,0,1,1,6,2,6,-1,-1,-1,6,1
201342I088004,1,5,0,17,0,0,0,0,0,2,4,1,6,1,5,599,1,5,1,1
201342I088104,1,9,0,18,0,4,0,0,0,0,3,1,6,1,9,-1,-1,-1,9,2
201342I088104,2,1,0,18,0,4,0,0,0,0,1,1,6,1,-1,-1,-1,-1,-1,-1
201342I088203,1,10,0,4,0,2,0,0,0,0,0,1,3,1,8,-1,-1,-1,4,1
201342I088403,1,9,0,18,0,1,0,0,0,0,1,1,6,1,8,1896,2,13,5,1
201342I088403,2,9,0,18,0,1,0,0,0,0,1,1,6,1,6,1753,2,12,-1,-1
201342I088504,1,9,0,18,0,0,0,10,0,0,1,1,2,1,6,1988,1,10,1,1
201342I088504,2,9,0,18,0,0,0,0,1,0,1,1,2,1,4,1124,1,14,5,3
201342I088604,1,9,0,7,0,0,1,0,1,10,1,1,6,1,4,1124,1,15,10,3
201342I088804,1,9,0,18,0,0,0,0,0,0,1,1,6,1,7,1587,1,10,4,1
201342I088804,2,9,0,18,0,0,0,0,0,0,1,1,6,1,8,1590,1,16,3,1
201342I088904,1,21,1,4,0,0,0,0,0,10,1,1,1,1,9,-1,-1,-1,-1,-1
201342I088904,2,9,0,3,0,0,0,0,0,0,2,1,6,2,8,1498,1,1,-1,-1
201342I088904,3,9,0,3,0,0,0,0,0,0,2,1,6,2,7,1995,2,3,-1,-1
201342I088904,4,21,1,3,0,0,0,0,0,0,2,1,1,1,9,12900,2,2,5,1
201342I088904,5,21,1,18,0,0,0,0,0,0,4,1,1,1,7,-1,-1,-1,-1,-1
201342I088904,6,9,0,3,0,0,0,0,0,10,3,1,6,1,11,1149,1,6,-1,-1
201342I088904,7,21,1,3,0,0,0,0,0,0,2,1,6,1,8,11946,2,2,-1,-1
201342I088904,8,9,0,3,0,0,0,0,0,0,2,1,6,2,4,1388,1,6,-1,-1
201342I088904,9,9,0,3,0,0,0,0,0,0,3,1,6,1,6,-1,-1,-1,10,1
201342I088904,10,9,0,3,0,0,0,0,0,0,0,1,6,2,8,1968,2,1,-1,-1
201342I089004,1,1,0,9,0,6,0,0,0,0,3,1,6,1,10,-1,-1,-1,7,1
201342I089004,2,9,0,18,0,7,1,0,0,0,1,1,6,1,8,1299,1,10,1,1
201342I089104,1,9,0,16,0,0,2,0,7,4,4,1,1,2,4,1341,1,10,10,2
201342I089204,1,9,0,1,0,1,0,0,0,0,2,1,6,1,-1,-1,-1,-1,-1,-1
201342I089204,2,90,0,18,0,1,0,0,0,0,0,1,6,2,10,-1,-1,-1,6,1
201342I089304,1,3,0,12,0,0,0,10,4,0,1,1,6,1,4,125,1,5,3,2
201342I089404,1,9,0,18,0,0,1,0,4,6,1,1,6,2,9,1364,1,5,7,1
201342I089404,2,19,0,18,0,0,1,0,2,7,2,1,6,1,7,1560,2,3,-1,-1
201342I089504,1,9,0,11,0,7,0,0,0,0,0,1,6,3,-1,-1,-1,-1,-1,-1
201342I089504,2,21,0,18,0,7,0,0,0,0,0,1,6,3,-1,-1,-1,-1,-1,-1
201342I089504,3,20,0,18,0,7,0,0,0,0,2,1,1,1,7,6692,2,2,4,1
201342I089504,4,19,0,18,0,7,0,0,0,0,1,1,1,1,6,2198,2,1,3,1
201342I089604,1,19,0,4,0,7,0,0,0,0,2,1,6,1,6,1995,2,4,4,1
201342I089604,2,9,0,4,0,7,0,0,0,0,2,1,6,1,6,1753,2,12,2,1
201342I089604,3,9,0,4,0,7,0,0,0,0,2,1,1,1,5,1242,1,13,9,1
201342I089604,4,9,0,4,0,7,0,0,0,0,1,1,2,2,7,1396,1,3,8,1
201342I089604,5,9,0,18,0,7,0,0,0,0,0,1,6,1,7,-1,-1,-1,3,1
201342I089704,1,9,0,4,0,1,0,0,0,0,1,1,6,1,-1,-1,-1,-1,1,1
201342I089704,2,9,0,4,0,1,0,0,0,0,2,1,6,1,7,1988,1,18,3,1
201342I089804,1,9,0,18,0,1,0,0,0,1,1,1,2,1,4,1198,1,10,7,1
201342I089804,2,9,0,18,0,2,0,0,0,0,1,1,6,1,10,998,1,1,4,1
201342I089904,1,9,0,18,0,8,0,0,0,0,1,1,6,2,4,1242,1,16,9,3
201342I089904,2,9,0,4,0,8,0,0,0,0,2,1,6,2,4,1242,1,5,6,1
201342I090004,1,9,0,9,0,2,0,0,0,0,4,1,6,2,9,-1,-1,-1,6,2
201342I090004,2,9,0,18,0,1,0,0,0,0,1,1,6,1,8,1242,1,9,6,1
201342I090104,1,9,0,18,0,0,0,0,0,0,0,1,6,1,6,1910,2,4,5,2
201342I090204,1,9,0,14,0,0,0,0,0,0,1,1,6,2,6,1948,6,14,2,3
201342I090204,2,9,0,2,0,0,0,0,0,0,2,1,6,3,-1,-1,-1,-1,-1,-1
201342I090304,1,3,0,18,0,1,1,0,0,11,1,1,6,2,9,100,1,6,4,1
201342I090404,1,9,0,16,0,1,0,4,7,0,1,1,6,2,11,1242,1,8,8,2
201342I090404,2,9,0,2,0,1,1,0,0,0,2,1,6,2,7,1596,1,12,9,2
201342I090504,1,9,0,18,0,0,0,0,7,0,3,1,6,1,10,1360,1,10,-1,-1
201342I090504,2,9,0,18,0,0,0,0,0,0,3,1,6,1,8,1767,1,12,10,1
201342I090604,1,9,0,2,0,0,0,0,0,0,2,1,6,2,10,1796,1,16,4,3
201342I090604,2,9,0,18,0,0,1,0,1,0,1,1,6,2,5,1596,1,1,3,3
201342I090704,1,19,0,18,0,0,0,0,1,0,1,1,1,1,4,2198,2,6,6,2
201342I090804,1,5,0,16,0,0,2,0,0,0,3,1,6,1,8,1050,1,2,8,3
201342I090804,2,9,0,18,0,0,0,0,0,0,1,1,6,2,9,1992,2,6,8,3
201342I090904,1,19,0,11,0,1,0,0,0,0,0,1,6,3,-1,-1,-1,-1,-1,-1
201342I090904,2,9,0,18,0,8,1,0,2,7,1,1,6,1,6,-1,-1,-1,7,1
201342I091004,1,9,0,18,0,0,1,0,7,9,4,1,6,1,-1,1761,1,13,-1,-1
201342I091004,2,9,0,18,0,0,0,0,0,0,1,1,6,2,4,1596,1,5,6,1
201342I091103,1,9,0,18,0,0,0,0,0,0,1,1,1,2,5,-1,-1,-1,4,1
201342I091103,2,9,0,18,0,0,0,0,0,0,1,1,1,1,7,-1,-1,-1,3,1
201342I091103,3,19,0,18,0,0,0,0,0,0,2,1,1,2,8,-1,-1,-1,-1,-1
201342I091103,4,21,0,18,0,0,0,0,0,0,2,1,1,2,8,-1,-1,-1,10,1
201342I091204,1,9,0,16,0,0,1,0,0,0,1,1,6,2,5,1299,1,11,9,2
201342I091204,2,9,0,17,0,0,0,0,1,9,1,1,6,2,5,1989,1,13,9,2
201342I091304,1,9,0,17,0,1,0,0,0,0,1,1,6,2,8,1124,1,7,8,1
201342I091404,1,9,0,18,0,8,0,0,0,0,1,1,6,2,11,1761,1,16,7,3
201342I091404,2,9,0,18,0,8,0,0,1,10,3,1,6,2,6,1968,2,3,7,2
201342I091504,1,19,0,18,0,1,0,0,0,0,1,1,1,2,8,1598,2,-1,2,1
201342I091504,2,90,0,10,0,1,0,0,0,0,2,1,6,2,9,-1,-1,-1,2,1
201342I091504,3,9,0,10,0,1,0,0,0,0,2,1,6,1,9,1753,2,4,1,1
201342I091604,1,9,0,18,0,2,0,0,0,0,1,1,6,2,6,1796,1,13,3,2
201342I091703,1,9,0,5,0,6,0,0,0,0,3,1,6,2,4,1984,1,13,5,1
201342I091703,2,9,0,18,0,1,1,0,4,0,1,1,6,1,5,1242,1,11,6,1
201342I091804,1,9,0,15,0,0,0,0,0,0,4,1,6,2,-1,-1,-1,-1,-1,-1
201342I091804,2,9,0,2,0,0,0,0,0,0,0,1,6,1,8,4235,1,31,4,1
201342I091804,3,20,0,18,0,0,1,0,1,0,3,1,6,1,6,2800,2,16,1,1
201342I091804,4,19,5,18,0,0,0,0,0,0,3,1,6,1,7,2496,2,14,1,1
201342I091804,5,9,0,18,0,0,0,0,0,0,0,1,6,1,7,2987,2,1,3,1
201342I091804,6,3,0,18,0,0,0,0,0,0,0,1,6,1,4,124,1,-1,2,1
201342I092004,1,9,0,9,0,1,0,0,0,0,0,1,6,2,6,1388,1,7,6,1
201342I092004,2,21,0,18,0,1,0,0,0,0,0,1,6,1,7,11946,2,5,6,1
201342I092004,3,9,0,18,0,1,0,0,0,0,1,1,6,2,7,1461,2,3,9,1
201342I092104,1,9,0,18,0,0,0,0,0,0,1,1,6,1,8,1598,1,12,2,1
201342I092204,1,9,0,12,0,3,0,0,0,0,3,1,6,2,5,1968,2,1,2,1
201342I092204,2,9,0,16,0,3,0,0,0,0,4,1,6,1,7,1598,1,10,5,1
201342I092304,1,9,0,17,0,4,0,0,0,0,1,1,6,1,5,1388,1,9,10,1
201342I092304,2,9,0,17,0,4,0,0,0,0,2,1,6,1,6,1398,1,7,-1,-1
201342I092403,1,9,0,18,0,0,0,0,0,0,1,1,6,2,8,1998,1,10,7,2
201342I092403,2,9,0,18,0,0,0,0,0,0,4,1,6,1,7,-1,-1,-1,8,1
201342I092504,1,9,0,18,0,0,0,0,0,0,1,1,1,1,5,1299,1,14,10,1
201342I092604,1,9,0,18,0,0,0,0,0,0,1,1,2,2,7,-1,-1,-1,6,2
201342I092604,2,19,0,18,0,0,0,0,1,1,1,1,2,1,6,1995,2,5,9,1
201342I092703,1,9,0,4,0,1,0,0,0,0,1,1,6,2,6,1598,1,5,-1,-1
201342I092703,2,9,0,2,0,1,0,0,0,0,2,1,6,1,8,1560,2,4,-1,-1
201342I092804,1,9,0,5,0,4,0,0,0,0,1,1,1,1,5,1596,1,12,5,1
201342I092804,2,9,0,18,0,8,5,0,0,0,4,1,6,1,5,1999,1,5,5,1
201342I092903,1,9,0,18,0,0,0,0,0,0,1,1,2,1,7,-1,-1,-1,3,1
201342I093003,1,9,0,9,0,1,0,0,0,0,3,1,6,2,-1,1388,1,8,6,2
201342I093003,2,1,0,10,0,1,0,0,0,0,3,1,4,2,3,-1,-1,-1,10,1
201342I093104,1,9,0,18,0,8,0,0,0,0,1,1,6,2,6,1398,2,10,9,1
201342I093104,2,9,0,18,0,1,0,0,0,0,3,1,6,1,7,1397,1,11,9,1
201342I093204,1,9,0,18,0,1,0,0,0,0,1,1,6,2,-1,1587,1,10,-1,-1
201342I093303,1,9,0,3,0,4,0,0,0,0,1,1,6,1,-1,1999,1,12,9,1
201342I093303,2,9,0,3,0,4,0,0,0,0,2,1,6,1,8,1997,2,14,4,3
201342I093403,1,9,0,18,0,0,0,0,0,0,1,1,1,1,6,1240,1,6,10,1
201342I093403,2,9,0,11,0,0,0,0,0,0,2,1,1,1,7,1970,1,12,9,3
201342I093403,3,9,0,18,0,0,0,0,0,0,3,1,1,1,10,1998,1,8,10,1
201342I093504,1,9,0,18,0,0,5,0,1,4,1,1,6,1,5,1968,2,5,-1,-1
201342I093604,1,9,0,9,0,8,0,0,0,0,1,1,6,2,10,1388,1,14,10,1
201342I093604,2,9,0,18,0,8,0,0,0,0,1,1,6,2,6,1598,1,4,3,1
201342I093703,1,9,0,4,0,1,0,0,0,0,1,1,6,2,8,1797,8,2,6,1
201342I093804,1,9,0,18,0,0,5,0,0,0,3,1,2,1,5,1199,1,13,9,2
201342I093804,2,9,0,18,0,0,0,0,1,0,3,1,1,1,9,1399,2,10,6,1
201342I094104,1,9,0,18,0,1,0,0,7,5,1,1,6,1,7,2497,2,15,10,3
201342I094104,2,9,0,18,0,1,0,0,0,0,0,1,6,1,9,1299,1,5,10,1
201342I094204,1,9,0,4,0,1,0,0,0,0,2,1,2,1,8,1598,1,6,10,1
201342I094204,2,9,0,18,0,1,0,0,0,0,1,1,2,1,6,-1,-1,-1,9,1
201342I094304,1,9,0,4,0,0,0,0,0,0,0,1,6,1,9,1870,2,8,5,2
201342I094304,2,9,0,18,0,0,0,0,0,0,0,1,6,2,4,1199,1,10,6,1
201342I094304,3,9,0,4,0,0,0,0,0,0,0,1,6,1,8,998,1,-1,4,1
201342I094304,4,9,0,4,0,0,0,0,0,0,0,1,6,1,5,1560,2,1,3,1
201342I094404,1,90,0,18,0,0,0,0,0,0,3,1,6,1,9,6500,2,15,6,2
201342I094404,2,9,0,18,0,0,0,0,0,0,3,1,6,2,7,1560,2,8,8,1
201342I094504,1,9,0,17,0,0,0,0,0,0,1,1,6,1,-1,-1,-1,-1,-1,-1
201342I094504,2,2,0,16,0,0,0,0,0,0,1,1,6,1,5,124,1,8,8,1
201342I094604,1,9,0,18,0,4,0,0,0,0,1,1,6,1,9,1991,1,10,8,1
201342I094604,2,9,0,3,0,3,0,0,0,0,4,1,6,2,8,1399,2,6,6,1
201342I094702,1,9,0,18,0,0,0,0,0,0,1,1,2,1,7,1951,2,11,4,1
201342I094702,2,9,0,2,0,0,0,0,0,0,2,1,2,2,7,1998,1,14,5,1
201342I094804,1,9,0,18,0,0,0,0,0,0,1,1,6,3,-1,-1,-1,-1,-1,-1
201342I094804,2,9,0,18,0,0,0,0,7,9,2,1,6,1,7,-1,-1,-1,5,1
201342I094904,1,9,0,7,0,6,0,0,0,0,1,1,6,2,6,-1,-1,-1,3,1
201342I094904,2,11,0,18,0,8,0,0,7,10,3,1,1,1,9,-1,2,15,9,1
201342I095003,1,9,0,5,0,2,0,0,0,0,1,1,6,2,7,3192,1,5,-1,-1
201342I095003,2,9,0,18,0,6,0,0,1,10,4,1,6,2,7,-1,-1,-1,8,1
201342I095104,1,9,0,4,0,1,0,0,0,0,2,1,6,2,4,1086,1,8,9,2
201342I095104,2,9,0,4,0,1,0,0,0,0,1,1,6,2,7,1392,1,14,4,1
201342I095204,1,9,0,18,0,0,1,0,7,10,1,1,6,1,5,1796,1,9,-1,-1
201342I095304,1,9,0,18,0,0,0,0,0,0,0,1,6,2,7,1598,1,4,-1,-1
201342I095404,1,9,0,9,0,5,0,0,0,0,1,1,6,2,-1,-1,-1,-1,-1,-1
201342I095504,1,19,0,18,0,0,1,0,0,0,1,1,6,1,6,1997,2,8,1,1
201342I095504,2,9,0,3,0,0,0,0,0,0,2,1,6,2,5,1596,1,8,2,1
201342I095504,3,9,0,3,0,0,0,0,0,0,2,1,6,1,9,1582,2,4,5,1
201342I095604,1,3,0,18,0,0,0,0,0,0,0,1,6,1,5,124,1,5,9,2
201342I095604,2,9,0,4,0,0,0,0,0,0,0,1,2,1,7,1149,1,15,-1,-1
201342I095703,1,1,0,18,9,1,0,0,0,0,0,1,6,1,4,-1,-1,-1,2,1
201342I095703,2,5,0,18,0,1,0,0,0,0,0,1,6,1,7,1084,1,14,5,1
201342I095804,1,19,0,18,0,8,0,0,0,0,1,1,6,1,-1,1560,2,2,-1,-1
201342I095804,2,9,0,18,0,8,0,0,0,0,3,1,6,1,4,1242,1,7,3,1
201342I095904,1,9,0,18,0,8,0,0,0,0,4,1,6,2,6,1248,2,4,8,1
201342I095904,2,9,0,9,0,8,0,0,0,0,3,1,6,2,8,1242,1,5,7,1
201342I096004,1,9,0,16,0,0,0,0,0,0,1,1,6,1,4,1390,1,16,8,2
201342I096004,2,9,0,17,0,0,0,0,1,0,1,1,6,1,10,1997,2,6,6,2
201342I096104,1,9,0,18,0,0,0,0,1,4,1,1,6,3,-1,1896,1,15,-1,-1
201342I096104,2,9,0,18,0,0,5,0,0,0,2,1,6,1,7,1598,1,16,1,1
201342I096204,1,9,0,5,0,1,0,0,0,0,2,1,6,1,4,1998,1,12,6,2
201342I096204,2,3,0,18,0,1,0,0,0,0,1,1,6,1,4,652,1,9,6,2
201342I096304,1,8,0,18,0,0,2,0,0,0,1,1,6,1,9,1997,2,2,6,1
201342I096304,2,8,0,2,6,0,0,0,0,0,4,1,6,2,8,1595,1,6,4,1
201342I096401,1,3,0,18,0,4,0,0,0,0,1,1,1,1,7,599,1,13,8,1
201342I096401,2,9,0,4,0,4,0,0,0,0,2,1,1,2,9,998,1,11,-1,-1
201342I096504,1,9,0,18,0,0,0,7,0,0,1,1,6,2,4,995,1,9,10,1
201342I096704,1,9,0,18,0,0,0,0,0,0,1,1,6,3,-1,-1,-1,-1,-1,-1
201342I096904,1,8,0,7,0,6,0,0,0,0,1,1,6,1,-1,-1,-1,-1,-1,-1
201342I097104,1,9,0,16,0,0,0,10,7,4,1,1,6,1,4,1299,1,18,-1,-1
201342I097104,2,19,0,4,0,0,0,0,0,0,1,1,1,1,7,2402,2,4,8,2
201342I097204,1,9,0,18,9,1,0,10,1,2,1,1,6,1,7,1998,1,15,10,1
201342I097304,1,9,0,4,0,4,1,10,7,10,3,1,6,1,9,1398,2,1,5,1
201342I097404,1,9,0,4,0,1,0,0,0,0,0,1,6,1,7,1461,2,2,-1,-1
201342I097404,2,1,0,4,0,1,1,0,0,0,0,1,6,1,4,-1,-1,-1,10,2
201342I097504,1,9,0,18,0,2,0,0,7,0,1,1,6,1,11,1389,1,15,5,1
201342I097604,1,1,0,16,0,1,1,0,0,0,2,1,6,1,8,-1,-1,-1,10,1
201342I097604,2,9,0,17,0,1,0,0,0,0,2,1,6,1,9,2494,2,3,5,1
201342I097704,1,9,0,18,0,0,5,0,0,0,0,1,6,2,5,1149,1,10,8,2
201342I097904,1,9,0,18,0,1,0,0,0,0,0,1,1,2,5,1388,1,9,5,1