Accident_Index,Vehicle_Reference,Vehicle_Type,Towing_and_Articulation,Vehicle_Manoeuvre,Vehicle_Location-Restricted_Lane,Junction_Location,Skidding_and_Overturning,Hit_Object_in_Carriageway,Vehicle_Leaving_Carriageway,Hit_Object_off_Carriageway,1st_Point_of_Impact,Was_Vehicle_Left_Hand_Drive?,Journey_Purpose_of_Driver,Sex_of_Driver,Age_Band_of_Driver,Engine_Capacity_(CC),Propulsion_Code,Age_of_Vehicle,Driver_IMD_Decile,Driver_Home_Area_Type
201342I130705,2,9,0,18,0,0,0,0,0,0,2,1,6,2,5,1400,1,8,10,1
201342I130705,3,9,0,18,0,0,0,0,0,0,2,1,6,2,6,1328,1,10,8,3
201342I130705,4,9,0,3,0,0,0,0,0,0,0,1,6,1,7,1999,1,7,10,1
201342I130805,1,9,0,18,0,2,0,0,0,0,0,1,6,3,-1,-1,-1,-1,-1,-1
201342I130805,2,9,0,18,0,2,1,0,7,10,0,1,2,2,4,1587,1,11,9,1
201342I130905,1,9,0,18,0,3,0,0,0,0,4,1,6,1,7,998,1,-1,4,1
201342I130905,2,1,0,18,0,3,0,0,0,0,0,1,6,1,2,-1,-1,-1,1,1
201342I131201,1,11,0,18,0,0,0,0,0,0,1,1,1,3,-1,-1,-1,-1,-1,-1
201342I131305,1,21,0,18,0,4,0,0,0,0,1,1,1,1,7,6370,2,2,-1,-1
201342I131305,2,9,0,18,0,8,0,0,0,0,4,1,2,2,9,1796,1,9,7,3
201342I131405,1,9,0,18,0,0,0,0,0,0,3,1,6,3,-1,-1,-1,-1,-1,-1
201342I131405,2,9,0,18,0,0,0,0,0,0,3,1,6,1,6,-1,-1,-1,9,3
201342I131505,1,9,0,18,0,0,0,0,0,0,0,1,6,3,-1,-1,-1,-1,-1,-1
201342I131505,2,11,0,15,0,0,0,0,0,0,0,1,1,1,8,9600,2,13,4,1
201342I131605,1,9,0,18,0,0,5,0,0,0,2,1,6,1,4,1149,1,1,6,1
201342I131605,2,9,0,18,0,0,5,0,1,0,1,1,1,1,7,1686,2,2,6,3
201342I131704,1,9,0,18,0,0,0,0,0,0,1,1,6,1,8,2987,2,8,6,2
201342I131704,2,9,0,18,0,0,0,0,0,0,1,1,6,1,9,1984,1,7,8,1
201342I131805,1,9,0,18,0,1,0,0,0,0,1,1,6,1,10,1171,1,14,7,3
201342I131805,2,9,0,18,0,1,0,0,0,0,2,1,6,1,10,998,1,2,6,1
201342I131905,1,9,0,18,0,6,1,7,0,1,1,1,6,3,-1,1998,1,14,-1,-1
201342I132005,1,5,0,13,0,0,1,0,0,0,1,1,6,2,7,599,1,4,2,1
201342I132005,2,9,0,17,0,0,0,0,0,0,2,1,6,1,7,-1,-1,-1,7,2
201342I132105,1,9,0,9,0,1,0,0,0,0,0,1,6,1,-1,-1,-1,-1,-1,-1
201342I132105,2,3,0,18,0,8,1,0,1,0,0,1,6,1,4,-1,-1,-1,9,2
201342I132205,1,9,0,18,0,0,1,0,1,7,1,1,1,2,5,998,1,7,2,1
201342I132305,1,10,0,18,0,4,0,0,0,0,1,1,6,1,7,-1,-1,-1,7,3
201342I132305,2,9,0,18,0,4,0,0,0,0,2,1,6,1,7,1798,1,7,8,2
201342I132305,3,9,0,18,0,4,0,0,0,0,0,1,6,2,7,1242,1,12,3,1
201342I132405,1,9,0,18,0,0,0,0,0,0,1,1,6,2,8,1360,1,10,9,1
201342I132505,1,9,0,18,0,1,0,0,0,0,1,1,6,1,11,1240,1,9,2,1
201342I132505,2,9,0,17,0,1,0,0,0,0,3,1,6,1,6,1956,2,2,3,1
201342I132505,3,9,0,3,0,1,0,0,0,0,3,1,6,1,9,-1,-1,-1,-1,-1
201342I132505,4,9,0,3,0,1,0,0,0,0,1,1,6,1,9,-1,-1,-1,3,1
201342I132605,1,9,0,15,0,0,0,0,0,0,3,1,6,1,8,2993,2,2,10,1
201342I132605,2,9,0,18,0,0,0,0,0,0,4,1,6,1,9,1388,1,9,9,1
201342I132605,3,9,0,18,0,0,0,0,1,0,1,1,6,1,7,1587,1,7,3,1
201342I132705,1,9,0,18,0,4,0,0,0,0,1,1,6,1,-1,-1,-1,-1,-1,-1
201342I132705,2,9,0,8,0,4,0,0,0,0,2,1,6,2,4,1242,1,3,9,1
201342I132805,1,9,0,9,0,2,0,0,7,10,3,1,6,2,8,1800,2,15,5,1
201342I132805,2,9,0,18,0,1,0,0,7,10,1,1,6,1,7,2544,1,16,4,1
201342I132905,1,1,0,18,0,1,0,0,0,0,0,1,6,1,2,-1,-1,-1,9,1
201342I132905,2,9,0,18,0,2,0,0,0,0,1,1,6,1,10,1686,2,10,4,1
201342I133005,1,9,0,9,0,5,0,0,0,0,2,1,1,1,7,1796,1,14,9,3
201342I133005,2,4,0,18,0,8,0,0,0,0,1,1,1,1,5,645,1,14,9,2
201342I133105,1,9,0,16,0,0,0,0,0,1,1,1,6,1,5,-1,-1,-1,1,1
201342I133205,1,9,0,18,0,0,0,0,0,0,1,1,6,2,4,1299,1,9,-1,-1
201342I133305,1,1,0,18,0,0,0,0,0,0,1,1,6,1,6,-1,-1,-1,4,1
201342I133305,2,9,0,2,0,0,0,0,0,0,2,1,6,1,9,-1,-1,-1,-1,-1
201342I133405,1,9,0,18,5,1,0,0,3,0,1,1,6,1,5,1798,1,12,4,1
201342I133405,2,9,0,18,0,1,0,0,1,0,4,1,6,2,4,1398,2,5,8,2
201342I133405,3,9,0,2,9,1,0,0,0,0,2,1,6,3,-1,1388,1,8,-1,-1
201342I133505,1,9,0,12,0,0,0,0,5,6,1,1,6,2,7,1598,1,15,6,1
201342I133605,1,9,0,9,0,5,0,0,0,0,3,1,2,1,8,1560,2,9,3,1
201342I133605,2,3,0,18,0,8,0,0,0,0,1,1,6,1,5,125,1,11,7,1
201342I133705,1,9,0,18,0,2,1,10,1,4,1,1,6,1,5,1984,1,6,4,1
201342I133705,2,21,0,18,0,2,0,0,0,0,0,1,1,1,8,6370,2,2,4,1
201342I133805,1,9,0,4,0,0,0,0,0,0,1,1,2,1,8,-1,-1,-1,6,1
201342I133805,2,9,0,3,0,0,0,0,0,0,2,1,2,1,6,-1,-1,-1,10,1
201342I133805,3,9,0,3,0,0,0,0,0,0,2,1,2,1,5,1598,1,5,7,1
201342I133905,1,9,0,9,0,6,0,0,0,0,1,1,3,2,7,1991,1,20,10,2
201342I133905,2,9,0,18,0,1,0,4,0,0,1,1,6,2,11,-1,-1,-1,7,3
201342I133905,3,9,0,2,0,1,0,0,0,0,2,1,3,3,-1,2401,2,9,-1,-1
201342I134005,1,9,0,13,0,0,5,0,7,4,1,1,6,2,6,1994,1,8,2,1
201342I134105,1,9,0,18,0,0,0,0,7,11,1,1,6,2,9,-1,-1,-1,7,3
201342I134205,1,9,0,5,0,4,0,0,0,0,1,1,1,1,8,1398,1,2,5,3
201342I134205,2,1,0,17,0,4,0,0,0,0,1,1,1,1,6,-1,-1,-1,9,1
201342I134305,1,9,0,4,0,1,0,0,0,0,0,1,6,2,10,2148,2,5,9,1
201342I134405,1,5,0,18,0,1,0,0,0,0,3,1,6,1,4,645,1,12,4,2
201342I134405,2,8,0,18,0,1,0,0,0,0,4,1,6,1,4,1396,1,13,7,3
201342I134505,1,9,0,18,0,0,0,0,0,0,1,1,2,2,-1,-1,-1,-1,-1,-1
201342I134505,2,1,0,18,9,0,0,0,0,0,4,1,2,1,7,-1,-1,-1,4,1
201342I134605,1,9,0,18,0,1,0,0,0,0,1,1,6,2,-1,-1,-1,-1,-1,-1
201342I134705,1,9,0,18,0,0,0,0,1,10,1,1,6,2,8,2494,1,10,5,1
201342I134705,2,9,0,18,0,0,1,0,0,0,3,1,6,1,7,1970,1,9,6,2
201342I134705,3,9,0,18,0,0,1,0,0,0,1,1,6,1,4,1149,1,11,4,1
201342I134804,1,3,0,18,0,1,1,0,1,0,3,1,6,1,5,124,1,2,4,1
201342I134804,2,19,0,3,0,1,0,0,0,0,1,1,6,1,10,2198,2,6,3,1
201342I134905,1,9,0,18,0,0,0,0,1,10,1,1,6,1,6,-1,-1,-1,7,1
201342I135005,1,9,0,18,0,1,0,0,1,11,4,1,6,2,7,1364,2,8,4,1
201342I135105,1,9,0,18,0,0,0,0,0,0,1,1,1,1,5,1299,1,8,10,1
201342I135204,1,9,0,18,0,0,0,0,0,0,3,1,1,1,6,1796,1,2,-1,-1
201342I135204,2,9,0,18,0,0,0,0,0,0,4,1,6,2,5,1995,1,12,7,3
201342I135405,1,9,0,4,0,0,1,0,0,0,1,1,2,1,7,2685,2,9,10,1
201342I135405,2,9,0,4,0,0,0,0,0,0,2,1,6,1,7,1995,2,8,6,2
201342I135505,1,9,0,18,0,0,0,0,0,0,1,1,6,2,10,-1,-1,-1,7,3
201342I135505,2,19,0,18,0,0,0,0,0,0,1,1,6,1,8,1870,2,7,3,1
201342I135605,1,5,0,18,0,0,1,0,0,0,1,1,6,1,4,600,1,19,10,1
201342I135605,2,9,0,18,0,0,0,0,0,0,4,1,6,1,9,-1,-1,-1,8,1
201342I135705,1,1,0,18,0,0,0,0,0,0,3,1,6,1,4,-1,-1,-1,4,1
201342I135705,2,8,0,18,0,0,0,0,0,0,4,1,6,1,8,1997,2,8,5,1
201342I135805,1,9,0,18,0,1,0,0,0,0,1,1,6,1,9,-1,-1,-1,6,1
201342I136005,1,9,0,4,0,4,0,0,0,0,1,1,6,1,5,-1,-1,-1,4,1
201342I136005,2,9,0,3,0,4,0,0,0,0,2,1,6,1,5,-1,-1,-1,7,1
201342I136105,1,8,0,18,0,1,0,0,0,0,1,1,1,2,-1,1753,2,4,4,1
201342I136105,2,9,0,11,0,1,0,0,0,0,4,1,3,2,8,1596,1,13,4,1
201342I136205,1,9,0,18,0,0,0,0,0,0,1,1,1,1,-1,1796,1,13,7,1
201342I136205,2,19,0,2,0,0,0,0,0,0,2,1,6,1,9,2148,2,3,8,2
201342I136305,1,5,0,16,0,0,1,0,7,4,1,1,1,1,5,649,1,7,10,1
201342I136405,1,9,0,9,0,8,0,0,0,0,4,1,2,2,7,1149,1,10,4,1
201342I136405,2,3,0,18,0,8,0,0,0,0,1,1,6,1,4,124,1,5,4,1
201342I136505,1,9,0,13,0,0,0,0,7,4,1,1,6,2,11,1590,1,11,9,1
201342I136505,2,9,0,9,0,0,0,0,0,0,1,1,6,2,8,1997,1,1,9,1
201342I136605,1,9,0,18,0,0,0,0,0,0,1,1,6,1,5,2495,2,18,-1,-1
201342I136705,1,9,0,7,0,6,0,0,0,0,1,1,6,2,11,999,1,14,9,1
201342I136705,2,9,0,18,0,1,0,0,0,0,1,1,6,1,6,2993,2,1,9,3
201342I136805,1,9,0,9,0,5,0,0,1,10,1,1,6,2,6,1596,1,2,3,1
201342I136905,1,9,0,18,0,8,0,0,0,0,1,1,6,1,11,1242,1,9,7,2
201342I137005,1,5,0,4,0,5,0,0,0,0,2,1,6,1,8,-1,-1,-1,-1,-1
201342I137005,2,5,0,4,0,5,0,0,0,0,1,1,6,1,8,-1,-1,-1,-1,-1
201342I137105,1,9,0,18,0,0,0,0,0,0,4,1,6,3,-1,-1,-1,-1,-1,-1
201342I137205,1,90,0,18,0,0,0,0,0,0,2,1,6,1,6,-1,-1,-1,7,1
201342I137205,2,9,0,18,0,0,0,0,0,0,1,1,6,2,6,1229,1,7,8,3
201342I137305,1,4,0,9,0,1,0,0,0,0,1,1,6,1,-1,-1,-1,-1,-1,-1
201342I137305,2,9,0,13,0,5,0,0,0,0,2,1,6,1,7,-1,-1,-1,2,1
201342I137405,1,9,0,18,0,1,1,0,0,0,1,1,6,2,8,1289,1,17,1,2
201342I137405,2,9,0,8,0,1,0,0,0,0,2,1,3,2,10,1991,2,3,8,2
201342I137505,1,9,0,18,0,6,0,0,0,0,1,1,6,2,8,1560,2,3,6,3
201342I137505,2,9,0,18,0,7,0,0,0,0,4,1,6,1,10,-1,-1,-1,4,1
201342I137605,1,20,0,9,0,1,0,0,0,0,0,1,1,1,-1,5880,2,2,-1,-1
201342I137605,2,9,0,18,0,1,1,0,0,0,0,1,1,2,9,1840,1,12,6,1
201342I137705,1,9,0,18,0,0,0,0,0,0,3,1,6,1,-1,-1,-1,-1,-1,-1
201342I137805,1,9,0,18,0,8,0,0,0,0,3,1,6,1,9,1398,1,2,3,1
201342I138005,1,9,0,4,0,1,0,0,0,0,0,1,6,1,-1,2324,1,14,-1,-1
201342I138005,2,9,0,3,0,1,0,0,0,0,0,1,6,1,7,1895,1,13,5,1
201342I138205,1,9,0,12,0,0,0,0,0,0,1,1,6,3,-1,1598,2,1,-1,-1
201342I138205,2,9,0,3,0,0,0,0,0,0,2,1,6,2,5,1149,1,10,6,1
201342I138205,3,9,0,3,0,0,0,0,0,0,0,1,6,1,8,2987,2,4,6,3
201342I138205,4,9,0,3,0,0,0,0,0,0,0,1,6,1,-1,1999,1,12,8,1
201342I138305,1,9,0,18,0,1,0,0,0,0,1,1,6,2,-1,1956,2,3,1,1
201342I138305,2,9,0,18,0,1,0,0,0,0,2,1,6,2,11,1796,1,5,1,1
201342I138605,1,9,0,18,0,1,0,0,0,0,1,1,6,1,8,1997,2,2,5,1
201342I138605,2,9,0,10,0,1,0,0,0,0,2,1,6,2,6,1796,1,13,4,1
201342I138705,1,9,0,9,0,8,0,0,0,0,1,1,6,2,9,1240,1,6,4,1
201342I138705,2,1,0,18,0,8,0,0,0,0,3,1,6,1,10,-1,-1,-1,4,1
201342I138905,1,9,0,13,0,3,0,0,0,0,0,1,6,3,-1,-1,-1,-1,-1,-1
201342I138905,2,9,0,13,0,3,0,0,0,0,1,1,6,1,6,799,2,3,6,1
201342I138905,3,9,0,3,0,3,0,0,0,0,2,1,6,2,7,1560,2,8,3,1
201342I139005,1,9,0,18,0,1,1,0,0,0,1,1,6,2,11,998,1,11,10,1
201342I139005,2,9,0,3,0,1,0,0,0,0,2,1,6,2,7,1973,1,15,10,1
201342I139005,3,9,0,3,0,5,0,0,0,0,2,1,6,2,7,1596,1,11,8,1
201342I139105,1,9,0,5,0,1,0,0,7,10,1,1,6,1,4,-1,-1,-1,10,3
201342I139105,2,21,0,2,0,1,0,0,0,0,0,1,1,1,6,-1,-1,-1,-1,-1
201342I139205,1,9,0,7,0,3,0,7,1,1,1,1,3,2,6,1597,1,14,3,1
201342I139205,2,9,0,18,0,8,0,0,0,0,0,1,6,2,6,1598,1,8,3,1
201342I139205,3,9,0,2,0,1,0,0,0,0,0,1,6,3,-1,1390,1,1,-1,-1
201342I139305,1,9,0,1,0,1,0,0,0,0,1,1,6,2,-1,996,1,4,7,1
201342I139305,2,9,0,3,0,4,0,0,0,0,2,1,6,2,4,1248,1,2,9,1
201342I139405,1,9,0,18,0,0,5,0,0,10,4,1,6,2,4,1242,1,9,8,1
201342I139505,1,9,0,17,0,2,0,0,1,4,3,1,2,2,10,1910,2,7,7,2
201342I139605,1,9,0,18,0,1,1,0,0,0,3,1,2,2,6,1997,2,11,4,1
201342I139605,2,9,0,18,0,1,0,0,0,0,3,1,2,2,8,1461,2,2,10,1
201342I139705,1,9,0,16,0,1,0,0,0,0,1,1,6,1,5,1596,1,12,9,1
201342I139705,2,9,0,4,0,1,0,0,0,0,3,1,6,1,7,1399,2,10,8,1
201342I139705,3,9,0,2,0,1,0,0,0,0,4,1,6,3,-1,1796,1,17,-1,-1
201342I139705,4,9,0,2,0,1,0,0,0,0,1,1,6,3,-1,1360,1,6,-1,-1
201342I139805,1,9,0,18,0,0,0,0,0,0,1,1,6,2,9,1229,1,8,9,1
201342I140005,1,9,0,9,0,6,0,0,0,0,4,1,6,1,10,1364,1,7,9,1
201342I140005,2,9,0,18,0,1,0,0,0,0,1,1,6,1,8,1398,2,4,10,3
201342I140105,1,5,0,18,0,0,1,10,0,0,0,1,6,1,5,598,1,15,7,1
201342I140205,1,9,0,13,0,0,0,0,0,0,1,1,6,2,6,1598,1,9,4,1
201342I140205,2,9,0,4,0,0,0,0,0,0,2,1,6,2,7,-1,-1,-1,4,1
201342I140305,1,9,0,4,0,1,0,0,0,0,2,1,6,2,6,1388,1,1,6,2
201342I140305,2,9,0,4,0,1,0,0,0,0,2,1,6,1,7,1242,1,16,5,3
201342I140305,3,9,0,9,0,1,0,0,0,0,0,1,6,2,6,4554,1,12,4,1
201342I140505,1,9,0,1,0,0,0,0,0,0,2,1,1,1,-1,875,1,2,8,1
201342I140505,2,9,0,18,0,0,0,0,0,0,1,1,1,1,7,1389,1,16,8,1
201342I140605,1,3,0,18,0,1,0,4,0,0,1,1,6,1,4,-1,-1,-1,3,1
201342I140605,2,3,0,18,0,1,0,4,0,0,2,1,6,1,4,49,1,5,4,1
201342I140605,3,8,0,2,0,1,0,0,0,0,0,1,6,2,6,1396,1,15,1,1
201342I140705,1,9,0,18,0,0,1,0,0,0,1,1,6,2,11,1596,1,13,5,1
201342I140705,2,19,0,3,0,0,0,0,0,0,2,1,6,2,10,-1,-1,-1,-1,-1
201342I140705,3,9,0,3,0,0,0,0,0,0,2,1,6,2,10,1598,1,5,8,1
201342I140805,1,9,0,16,0,0,1,0,1,10,1,1,6,1,8,1587,1,10,4,1
201342I140905,1,19,0,18,0,1,1,0,0,0,4,1,1,1,6,-1,-1,-1,7,2
201342I140905,2,1,0,18,0,1,1,0,0,0,1,1,6,1,4,-1,-1,-1,7,1
201342I141105,1,9,0,18,0,0,0,0,0,0,1,1,6,1,9,1753,2,6,3,1
201342I141105,2,9,0,18,0,0,0,0,0,0,3,1,6,2,7,1596,1,8,6,1
201342I141105,3,9,0,18,0,0,0,0,0,0,1,1,6,1,10,1998,1,8,4,1
201342I141205,1,9,0,18,0,0,1,0,0,0,1,1,6,1,4,-1,-1,-1,5,2
201342I141205,2,9,0,18,0,0,1,0,1,4,1,1,6,1,5,-1,-1,-1,9,2
201342I141305,1,9,0,18,0,8,0,7,0,1,1,1,6,1,5,1598,1,4,4,1
201342I141305,2,9,0,18,0,8,0,0,0,0,4,1,6,1,9,2967,2,1,8,1
201342I141405,1,21,1,11,0,0,0,0,0,0,1,1,1,1,5,11705,2,6,5,1
201342I141405,2,9,0,18,0,0,0,0,0,0,2,1,6,2,8,1589,1,17,2,1
201342I141405,3,9,0,18,0,0,0,0,4,6,4,1,6,2,7,1461,2,1,2,1
201342I141505,1,9,0,18,0,1,1,0,0,0,1,1,6,1,6,1956,2,2,4,1
201342I141505,2,9,0,3,0,2,0,0,0,0,2,1,6,1,6,1389,1,15,6,1
201342I141605,1,9,0,18,0,0,0,0,0,0,1,1,6,3,-1,-1,-1,-1,-1,-1
201342I141705,1,3,0,16,0,0,1,0,0,0,0,1,1,1,5,124,1,12,6,2
201342I141805,1,9,0,5,0,6,0,0,0,0,1,1,6,2,8,1599,1,9,6,1
201342I141805,2,9,0,18,0,8,0,0,0,0,4,1,6,1,5,1149,1,8,10,1
201342I141905,1,21,1,18,0,0,0,0,0,0,1,1,1,1,6,12900,2,6,3,1
201342I141905,2,9,0,18,0,0,0,0,0,0,2,1,1,1,8,-1,-1,-1,7,1
201342I142005,1,19,0,9,0,1,0,0,0,0,3,1,6,1,7,2143,2,3,8,2
201342I142005,2,1,0,18,0,1,0,0,0,0,1,1,6,1,4,-1,-1,-1,4,1
201342I142105,1,9,0,18,0,0,0,0,0,0,1,1,6,1,10,1341,1,11,5,3
201342I142205,1,5,0,18,0,4,0,0,0,0,1,1,6,1,4,599,1,11,2,1
201342I142205,2,9,0,18,0,4,0,0,0,0,0,1,6,3,-1,-1,-1,-1,-1,-1
201342I142305,1,19,0,9,0,8,0,0,0,0,1,1,6,1,5,1598,2,2,1,1
201342I142305,2,9,0,17,0,8,0,0,0,0,4,1,2,2,7,1242,1,16,5,1
201342I142305,3,9,0,2,6,2,0,0,0,0,1,1,6,3,-1,-1,-1,-1,-1,-1
201342I142405,1,9,0,6,0,0,0,0,0,0,3,1,6,1,11,1896,2,11,-1,-1
201342I142405,2,5,0,14,0,0,0,0,0,0,1,1,6,2,8,1200,1,6,10,1
201342I142505,1,2,0,18,0,2,1,0,0,0,0,1,6,1,6,-1,-1,-1,9,1
201342I142505,2,9,0,18,0,2,0,0,0,0,0,1,1,1,6,1997,2,2,6,1
201342I142605,1,4,0,18,0,1,0,0,0,0,1,1,6,1,4,498,1,13,7,1
201342I142605,2,9,0,8,0,1,0,0,0,0,4,1,6,1,6,2261,1,5,6,1
201342I142705,1,9,0,18,0,1,0,0,0,0,1,1,6,2,8,1598,1,8,10,1
201342I142705,2,9,0,3,0,1,0,0,0,0,2,1,6,2,8,1388,1,6,10,1
201342I142805,1,9,0,16,0,0,0,0,0,0,1,1,6,1,10,2198,2,7,5,1
201342I142805,2,9,0,18,0,0,0,0,0,0,1,1,6,2,9,1598,1,11,9,1
201342I142905,1,9,0,11,0,0,0,0,0,0,4,1,6,1,6,2720,2,7,-1,-1
201342I142905,2,9,0,18,0,0,0,0,0,0,3,1,6,2,5,1299,1,11,4,1
201342I143005,1,9,0,18,0,2,0,0,0,0,0,1,1,1,6,1598,2,3,2,1
201342I143005,2,9,0,18,0,1,0,0,0,0,0,1,1,1,8,-1,-1,-1,5,1
201342I143105,1,9,0,17,0,8,0,0,0,0,3,1,2,1,9,1248,1,-1,10,1
201342I143105,2,1,0,17,0,8,1,0,0,0,4,1,2,1,8,-1,-1,-1,8,1
201342I143205,1,9,0,18,0,0,0,0,0,0,1,1,6,2,6,1997,2,12,8,1
201342I143205,2,9,0,3,0,0,0,0,0,0,1,1,1,1,5,1149,1,10,2,1
201342I143305,1,19,0,3,0,7,0,0,0,0,0,1,6,3,-1,-1,-1,-1,-1,-1
201342I143305,2,4,0,4,0,7,0,0,7,0,0,1,1,1,6,498,1,16,-1,-1
201342I143405,1,9,0,18,0,6,0,0,0,0,0,1,6,1,-1,1799,1,8,-1,-1
201342I143405,2,9,0,17,0,1,0,0,0,0,0,1,6,2,7,1560,2,2,5,1
201342I143505,1,9,0,18,0,1,0,0,0,0,1,1,6,2,4,1299,1,6,9,1
201342I143505,2,9,0,18,0,1,0,0,0,0,2,1,6,2,7,1988,1,16,-1,-1
201342I143705,1,9,0,18,0,3,5,0,1,1,1,1,6,2,10,1622,1,-1,10,2
201342I143905,1,5,0,16,0,1,1,0,0,0,1,1,6,1,7,998,1,10,5,2
201342I143905,2,9,0,17,0,1,0,0,0,0,1,1,6,1,8,-1,-1,-1,9,3
201342I144005,1,9,0,9,0,8,0,0,0,0,1,1,6,1,-1,1995,1,3,-1,-1
201342I144005,2,9,0,18,0,8,0,0,0,0,4,1,6,1,7,1996,1,16,1,1
201342I144105,1,9,0,15,0,0,0,4,1,0,3,1,2,2,5,1600,1,2,10,1
201342I144105,2,19,0,8,0,0,0,0,0,0,4,1,2,2,6,1995,2,4,9,2
201342I144105,3,9,0,2,0,0,0,0,0,0,3,1,6,1,6,4197,1,8,9,2
201342I144202,1,9,0,18,0,2,0,11,0,0,1,1,6,1,7,1596,1,8,9,1
201342I144305,1,9,0,4,0,1,0,0,0,0,0,1,6,3,-1,-1,-1,-1,-1,-1
201342I144305,2,1,0,4,0,1,0,0,0,0,0,1,6,1,2,-1,-1,-1,5,1
201342I144505,1,9,0,18,0,0,0,0,0,0,1,1,1,1,8,1997,2,1,4,1
201342I144505,2,9,0,18,0,0,0,11,0,0,0,1,6,1,6,998,1,1,4,3
201342I144505,3,9,0,18,0,0,0,0,0,0,1,1,2,2,4,1595,1,10,6,1
201342I144605,1,9,0,5,0,8,0,0,0,0,0,1,6,1,11,1598,1,9,10,1
201342I144605,2,5,0,14,0,8,0,0,0,0,0,1,2,1,6,1255,1,6,6,1
201342I144605,3,11,0,3,0,1,0,0,0,0,0,1,1,1,-1,6700,2,-1,-1,-1
201342I144705,1,9,0,18,0,8,0,0,0,0,1,1,1,1,5,-1,-1,-1,3,1
201342I144705,2,9,0,18,0,8,0,0,0,0,1,1,1,1,7,1598,1,6,9,3
201342I144805,1,9,0,18,0,0,0,0,0,0,1,1,6,2,-1,1598,1,9,9,1
201342I144905,1,3,0,15,0,1,0,0,0,0,4,1,6,1,9,124,1,14,10,1
201342I145005,1,9,0,10,0,0,0,0,0,0,0,1,6,2,8,1390,1,8,7,3
201342I145005,2,9,0,4,0,0,0,0,0,0,2,1,6,1,6,1798,1,10,9,1
201342I145205,1,9,0,5,0,4,0,0,0,0,3,1,6,2,10,1388,1,2,3,1
201342I145205,2,19,0,9,0,8,0,0,0,0,4,1,6,1,6,2402,2,9,4,1
201342I145305,1,9,0,18,0,1,0,0,0,10,1,1,2,2,4,1299,1,11,9,2
201342I145405,1,9,0,18,0,1,0,0,0,0,1,1,6,2,8,1796,1,14,1,1
201342I145405,2,9,0,10,0,1,0,0,7,2,2,1,6,2,6,1598,1,4,1,1
201342I145506,1,9,0,18,0,2,0,0,0,0,3,1,6,2,7,1796,1,13,1,1
201342I145605,1,9,0,18,0,2,0,0,0,0,1,1,6,2,5,1388,1,4,10,1
201342I145605,2,9,0,4,0,2,0,0,0,0,2,1,6,1,5,1988,1,8,3,1
201342I145605,3,9,0,4,0,2,0,0,0,0,2,1,6,1,7,1799,1,7,2,1
201342I145705,1,9,0,18,0,1,1,0,0,0,1,1,2,2,4,1299,1,11,4,1
201342I145705,2,90,0,3,0,1,0,0,0,0,2,1,2,2,7,-1,-1,-1,10,1
201342I145805,1,8,0,5,0,8,0,0,0,0,1,1,1,1,5,2664,2,17,-1,-1
201342I145905,1,9,0,18,0,0,2,0,1,4,1,1,6,1,4,1149,1,10,7,1
201342I146006,1,5,0,4,0,0,1,0,1,4,4,1,6,1,6,599,1,10,4,1
201342I146006,2,5,0,4,0,0,0,0,0,0,0,1,6,1,8,599,1,5,2,1
201342I146105,1,3,0,7,0,8,1,0,0,0,0,1,6,1,6,125,1,4,2,1
201342I146205,1,9,0,18,0,0,0,0,0,0,1,1,2,2,6,-1,-1,-1,1,1
201342I146205,2,9,0,18,0,0,0,0,0,0,2,1,1,2,6,1560,2,5,1,1
201342I146405,1,5,0,15,0,0,0,0,0,0,1,1,2,1,7,599,1,24,4,1
201342I146405,2,90,0,9,0,0,0,0,0,0,3,1,2,1,8,-1,-1,-1,7,1
201342I146505,1,20,0,18,0,0,2,0,0,0,4,1,1,1,7,-1,-1,-1,6,1
201342I146505,2,97,0,18,0,0,0,0,0,0,0,1,6,3,-1,-1,-1,-1,-1,-1
201342I146605,1,3,0,18,0,1,0,0,0,0,1,1,6,2,5,124,1,-1,1,2
201342I146605,2,1,0,18,0,1,0,0,0,0,2,1,6,1,3,-1,-1,-1,5,1
201342I146705,1,9,0,18,0,8,0,0,1,11,4,1,1,2,8,2495,2,9,9,3
201342I146705,2,11,0,7,2,8,0,0,0,0,1,1,1,1,9,-1,-1,-1,7,1
201342I146906,1,4,0,18,0,0,1,0,0,0,0,1,6,3,-1,-1,-1,-1,-1,-1
201342I146906,2,4,0,18,0,0,1,0,0,0,0,1,6,1,5,124,1,17,4,1
201342I147106,1,3,0,18,0,0,0,0,0,0,4,1,6,2,5,124,1,5,5,1
201342I147205,1,9,4,4,0,0,1,0,0,0,1,1,6,1,7,1905,2,15,1,1
201342I147205,2,9,0,4,0,0,0,0,0,0,2,1,6,1,8,1598,1,11,3,1
201342I147205,3,9,0,4,0,0,1,0,0,0,2,1,6,1,8,1560,2,-1,7,1
201342I147306,1,9,0,18,9,0,0,0,0,11,0,1,6,3,-1,-1,-1,-1,-1,-1
201342I147406,1,8,0,9,0,0,0,0,0,0,4,1,1,1,7,1248,2,6,9,1
201342I147406,2,1,0,18,0,0,1,0,0,0,1,1,6,1,8,-1,-1,-1,10,1