Accident_Index,Vehicle_Reference,Vehicle_Type,Towing_and_Articulation,Vehicle_Manoeuvre,Vehicle_Location-Restricted_Lane,Junction_Location,Skidding_and_Overturning,Hit_Object_in_Carriageway,Vehicle_Leaving_Carriageway,Hit_Object_off_Carriageway,1st_Point_of_Impact,Was_Vehicle_Left_Hand_Drive?,Journey_Purpose_of_Driver,Sex_of_Driver,Age_Band_of_Driver,Engine_Capacity_(CC),Propulsion_Code,Age_of_Vehicle,Driver_IMD_Decile,Driver_Home_Area_Type
201342I147506,1,9,0,5,0,1,0,7,0,2,1,1,6,1,6,1360,1,11,4,1
201342I147605,1,9,0,18,0,0,1,0,0,0,1,1,6,1,5,1596,1,12,4,1
201342I147605,2,9,0,9,0,0,0,0,7,0,3,1,6,1,10,1991,2,6,7,1
201342I147706,1,9,0,1,0,0,0,0,0,0,2,1,6,1,10,1343,1,10,5,1
201342I147806,1,9,0,12,0,7,0,0,0,0,0,1,6,1,8,1762,1,14,3,1
201342I147806,2,9,0,12,0,1,5,0,0,0,3,1,6,1,7,1596,1,12,7,1
201342I147806,3,9,0,18,0,1,0,0,0,0,4,1,6,1,6,2494,1,10,7,1
201342I147906,1,9,0,18,0,1,0,0,0,0,1,1,6,1,5,1998,1,6,6,1
201342I147906,2,5,0,17,0,8,0,0,0,0,4,1,6,1,9,1200,1,3,8,1
201342I148006,1,9,0,18,0,0,5,0,1,7,1,1,6,2,8,1988,1,12,3,1
201342I148105,1,19,0,18,0,3,0,0,0,0,0,1,1,1,8,1870,2,8,9,3
201342I148105,2,5,0,3,0,3,0,0,0,0,0,1,6,1,7,660,1,3,9,3
201342I148105,3,9,0,3,0,3,0,0,0,0,0,1,1,1,8,1956,2,2,9,1
201342I148204,1,11,0,13,0,0,0,0,0,0,0,1,1,1,-1,-1,-1,-1,-1,-1
201342I148204,2,1,0,18,0,0,1,7,1,0,0,1,4,1,3,-1,-1,-1,4,3
201342I148306,1,5,0,18,0,0,1,0,0,0,0,1,6,1,6,1050,1,6,7,2
201342I148406,1,9,0,3,0,0,0,0,0,0,0,1,6,1,-1,-1,-1,-1,-1,-1
201342I148406,2,9,0,3,0,0,0,0,0,0,0,1,6,1,7,1248,1,1,-1,-1
201342I148505,1,1,0,18,9,1,0,0,0,0,0,1,6,3,4,-1,-1,-1,2,1
201342I148605,1,9,0,7,0,1,0,0,0,0,3,1,1,2,8,1796,1,7,10,2
201342I148706,1,19,0,18,0,8,1,0,0,0,1,1,6,1,4,2148,2,10,7,3
201342I148706,2,9,0,2,0,8,0,0,1,0,2,1,6,2,4,1299,1,13,2,1
201342I148906,1,9,0,1,0,0,0,0,0,0,2,1,6,2,4,1242,1,13,-1,-1
201342I148906,2,9,0,2,0,0,0,0,0,0,0,1,6,3,-1,2149,2,5,-1,-1
201342I149006,1,9,0,18,0,0,1,4,0,0,2,1,1,2,5,1299,1,13,6,1
201342I149006,2,9,0,18,0,0,0,0,0,0,0,1,1,1,5,1242,1,4,7,1
201342I149106,1,3,0,18,0,8,0,0,0,0,1,1,2,1,4,124,1,1,5,1
201342I149106,2,9,0,9,0,5,0,0,0,0,2,1,6,2,5,1598,1,9,-1,-1
201342I149205,1,9,0,18,0,4,0,0,0,0,1,1,6,3,-1,1798,1,10,-1,-1
201342I149205,2,9,0,18,0,4,0,0,0,0,2,1,6,2,4,1560,2,2,7,1
201342I149306,1,9,0,6,0,4,0,0,0,0,1,1,1,1,9,1968,2,6,10,1
201342I149306,2,1,0,17,0,4,0,0,0,0,4,1,6,1,6,-1,-1,-1,10,1
201342I149405,1,9,0,9,0,8,0,0,0,0,1,1,1,2,7,1242,1,15,4,1
201342I149405,2,9,0,18,0,1,0,0,0,0,1,1,2,1,-1,1896,2,8,-1,-1
201342I149505,1,9,0,18,0,8,0,0,0,0,1,1,6,1,10,1388,1,8,7,1
201342I149505,2,9,0,4,0,8,0,0,0,0,2,1,1,2,8,-1,-1,-1,5,1
201342I149605,1,9,0,18,0,0,1,0,1,9,4,1,6,1,8,-1,-1,-1,4,1
201342I149706,1,9,0,18,0,0,0,0,7,9,1,1,6,2,9,-1,-1,-1,2,1
201342I149706,2,9,0,18,0,0,0,0,0,0,1,1,1,1,6,1461,2,-1,2,1
201342I149806,1,9,0,4,0,1,0,0,1,0,1,1,6,2,5,1364,1,5,1,1
201342I149806,2,9,0,18,0,1,0,0,0,0,3,1,6,2,5,1299,1,10,3,1
201342I149906,1,1,0,16,0,1,0,0,0,0,1,1,6,1,8,-1,-1,-1,4,1
201342I149906,2,9,0,3,0,1,0,0,0,0,3,1,6,2,5,1360,1,10,10,1
201342I150105,1,9,0,12,0,4,0,0,0,0,0,1,1,1,6,-1,-1,-1,10,1
201342I150105,2,5,0,15,0,4,0,9,7,10,1,1,1,1,6,645,1,8,4,1
201342I150205,1,98,1,12,0,8,0,0,0,0,2,1,6,1,-1,-1,-1,-1,-1,-1
201342I150205,2,19,0,13,0,8,0,0,4,7,1,1,1,1,5,1399,2,2,2,1
201342I150304,1,9,0,18,0,0,0,0,0,0,0,1,1,2,-1,-1,-1,-1,-1,-1
201342I150304,2,9,0,18,0,0,0,0,0,0,2,1,6,2,5,2460,2,9,4,1
201342I150405,1,9,0,18,0,1,0,0,0,0,1,1,6,2,4,1600,1,9,8,1
201342I150405,2,9,0,8,0,1,0,0,0,0,3,1,6,2,6,1560,2,3,9,1
201342I150506,1,9,0,18,0,8,0,0,1,0,1,1,6,2,7,-1,-1,-1,7,3
201342I150506,2,9,0,18,0,8,0,0,0,0,1,1,6,2,5,1598,1,6,5,1
201342I150605,1,9,0,18,0,0,0,0,0,0,1,1,6,2,8,-1,-1,-1,10,1
201342I150605,2,9,0,3,0,0,0,7,1,10,3,1,6,2,9,1388,1,3,4,1
201342I150706,1,9,0,18,0,1,5,0,7,10,1,1,6,1,6,1597,1,13,9,2
201342I150706,2,9,0,18,0,1,0,0,0,0,0,1,1,2,7,2993,2,5,-1,-1
201342I150806,1,9,0,18,0,0,0,10,0,0,4,1,6,3,-1,-1,-1,-1,-1,-1
201342I150806,2,1,0,18,0,0,0,0,0,0,0,1,6,1,6,-1,-1,-1,9,1
201342I150906,1,5,0,18,0,8,0,0,0,0,3,1,6,1,8,1130,1,10,8,1
201342I150906,2,9,0,6,0,8,0,0,0,0,1,1,6,1,11,1329,1,4,9,1
201342I151005,1,9,0,18,0,0,0,0,0,0,1,1,6,2,6,1364,1,4,3,1
201342I151005,2,9,0,4,0,0,0,0,0,0,2,1,6,1,7,-1,-1,-1,5,1
201342I151005,3,9,0,4,0,0,0,0,0,0,2,1,6,1,8,2967,2,1,3,3
201342I151106,1,9,0,16,0,1,0,0,0,0,1,1,6,2,4,-1,-1,-1,9,1
201342I151106,2,9,0,17,0,1,0,0,0,0,1,1,1,1,8,-1,-1,-1,9,1
201342I151306,1,9,0,4,0,0,1,0,0,0,1,1,6,2,8,1598,1,10,8,1
201342I151306,2,9,0,4,0,0,0,0,0,0,2,1,6,1,9,4172,1,10,10,1
201342I151306,3,9,0,4,0,0,0,0,0,0,2,1,6,1,5,-1,-1,-1,8,1
201342I151406,1,9,0,18,0,1,0,0,0,0,1,1,6,1,7,1997,2,13,9,1
201342I151406,2,9,0,9,0,1,0,0,0,0,4,1,6,1,8,1596,1,12,5,1
201342I151406,3,9,0,10,0,1,0,0,0,0,3,1,6,1,5,1596,1,5,4,1
201342I151506,1,9,0,18,0,1,0,0,0,0,1,1,6,3,-1,-1,-1,-1,-1,-1
201342I151506,2,9,0,4,0,1,0,0,0,0,2,1,6,1,9,1951,2,9,2,1
201342I151606,1,9,0,18,0,0,0,0,0,0,1,1,6,2,9,2438,1,18,-1,-1
201342I151606,2,9,0,3,0,0,0,0,0,0,0,1,6,2,5,1388,1,15,9,1
201342I151902,1,9,0,18,0,0,0,0,0,0,1,1,6,1,6,1596,1,8,2,1
201342I151902,2,9,0,18,0,0,0,0,0,0,1,1,6,2,8,1596,1,11,-1,-1
201342I152005,1,19,0,4,0,0,0,0,0,0,0,1,6,3,-1,-1,-1,-1,-1,-1
201342I152005,2,9,0,4,0,0,0,0,0,0,1,1,6,1,6,1124,1,11,9,1
201342I152306,1,9,0,4,0,4,0,0,0,0,1,1,6,1,8,-1,-1,-1,5,1
201342I152306,2,9,0,3,0,4,0,0,0,0,2,1,6,2,6,1360,1,6,6,1
201342I152406,1,9,0,6,0,0,0,0,0,0,3,1,6,2,5,1299,1,12,6,1
201342I152406,2,3,0,18,0,0,0,0,0,0,1,1,6,1,7,125,1,5,5,1
201342I152506,1,9,0,9,0,4,0,0,0,0,3,1,6,1,5,1968,2,9,4,1
201342I152506,2,9,0,18,0,8,0,0,0,0,1,1,6,1,8,2902,2,8,4,1
201342I152606,1,9,0,12,0,0,0,0,0,0,3,1,6,3,-1,-1,-1,-1,-1,-1
201342I152606,2,5,0,18,0,0,1,0,5,6,4,1,2,1,8,1052,1,15,8,1
201342I152706,1,9,0,18,0,2,1,0,0,0,1,1,6,1,6,-1,-1,-1,2,1
201342I152706,2,1,0,18,0,6,0,0,0,0,0,1,6,1,3,-1,-1,-1,1,1
201342I152806,1,1,0,18,0,1,0,0,0,0,0,1,6,1,-1,-1,-1,-1,-1,-1
201342I152806,2,3,0,10,0,1,0,0,0,0,0,1,6,2,4,125,1,-1,4,1
201342I152906,1,9,0,13,0,8,0,0,0,0,4,1,6,2,9,1388,1,4,3,2
201342I152906,2,11,0,18,0,8,0,0,0,0,3,1,1,1,8,11000,2,16,1,2
201342I152906,3,8,0,18,0,8,0,0,0,0,1,1,6,1,7,-1,-1,-1,4,1
201342I153006,1,9,0,18,0,0,0,0,0,0,1,1,2,1,5,1968,2,3,4,1
201342I153006,2,9,0,18,0,0,0,0,0,0,2,1,6,2,7,2000,2,4,5,2
201342I153006,3,9,0,10,0,0,0,0,0,0,2,1,6,1,8,2435,1,13,4,1
201342I153106,1,9,0,9,0,1,0,0,0,0,1,1,2,1,5,1388,1,11,-1,-1
201342I153106,2,4,0,18,0,8,0,0,0,0,1,1,2,1,4,125,1,7,4,1
201342I153205,1,3,0,18,0,1,0,0,0,0,1,1,1,1,8,744,1,8,-1,-1
201342I153205,2,11,0,5,0,5,0,0,0,0,3,1,1,1,7,3900,2,9,2,1
201342I153306,1,9,0,18,0,0,0,0,0,0,3,1,6,1,10,1997,2,6,4,3
201342I153306,2,9,0,18,0,0,0,0,0,0,3,1,6,1,10,1997,1,15,8,2
201342I153306,3,9,3,18,0,0,0,0,0,0,1,1,6,1,10,1796,2,-1,8,1
201342I153405,1,5,0,9,0,1,0,0,0,0,0,1,6,1,9,1450,1,11,-1,-1
201342I153506,1,10,0,10,0,1,0,0,0,0,3,1,1,1,6,1870,2,7,3,1
201342I153506,2,9,0,18,0,8,5,0,0,0,1,1,1,2,7,1339,1,1,3,1
201342I153506,3,9,0,3,0,8,0,0,0,0,1,1,6,1,8,1794,1,9,6,3
201342I153506,4,8,0,3,0,8,0,0,0,0,1,1,1,1,9,1896,2,9,5,1
201342I153606,1,9,0,5,0,4,5,10,0,2,1,1,2,1,4,1124,1,13,7,1
201342I153706,1,9,0,9,0,6,0,0,0,0,1,1,6,2,9,1364,1,5,2,1
201342I153706,2,1,0,18,0,1,0,0,0,0,0,1,6,1,9,-1,-1,-1,8,1
201342I153806,1,9,0,18,0,4,0,0,0,0,3,1,6,1,-1,-1,-1,-1,10,2
201342I153806,2,1,0,18,0,3,0,0,0,0,1,1,2,1,7,-1,-1,-1,6,3
201342I153906,1,9,0,4,0,0,0,0,0,0,1,1,6,1,5,1398,2,4,9,2
201342I153906,2,9,0,4,0,0,0,0,0,0,2,1,6,1,6,1956,2,-1,7,1
201342I154005,1,2,0,18,0,0,1,0,0,0,0,1,6,1,4,85,1,25,1,1
201342I154106,1,9,0,4,0,0,0,0,0,0,1,1,6,2,4,1086,1,9,9,1
201342I154106,2,9,0,10,0,0,0,0,0,0,2,1,6,2,4,2488,1,9,9,1
201342I154206,1,9,0,5,9,6,0,0,0,0,1,1,2,1,9,1587,1,6,5,1
201342I154306,1,9,0,18,0,1,0,0,0,0,1,1,1,2,8,1596,1,2,8,1
201342I154306,2,19,0,18,0,1,0,0,0,0,1,1,1,1,6,1868,2,9,6,1
201342I154306,3,5,0,18,0,1,0,0,0,0,2,1,1,1,8,779,1,1,6,3
201342I154406,1,5,0,13,0,1,0,0,0,0,1,1,1,1,6,599,1,14,3,1
201342I154406,2,9,0,9,0,5,0,0,0,0,2,1,1,2,6,998,1,11,5,1
201342I154506,1,9,0,9,0,6,0,0,0,0,4,1,6,2,8,1598,1,2,-1,-1
201342I154506,2,9,0,10,0,5,0,0,0,0,3,1,6,1,6,1360,1,13,1,1
201342I154606,1,9,0,4,0,0,0,0,0,0,1,1,6,1,5,1596,1,12,9,1
201342I154606,2,9,0,4,0,0,0,0,0,0,2,1,6,1,7,3199,1,10,8,1
201342I154606,3,9,0,4,0,0,0,0,0,0,2,1,6,2,7,1390,1,12,6,1
201342I154706,1,9,0,5,9,0,0,0,0,0,1,1,6,1,6,1598,1,15,-1,-1
201342I154706,2,1,0,18,9,0,0,0,0,0,1,1,6,1,10,-1,-1,-1,9,1
201342I154806,1,9,0,7,0,6,0,0,0,0,1,1,6,1,9,1896,2,13,9,1
201342I154906,1,9,0,18,0,0,2,10,0,0,3,2,1,1,6,-1,-1,-1,2,1
201342I154906,2,19,0,2,0,0,0,1,0,0,3,1,1,1,7,2402,2,3,7,1
201342I155006,1,1,0,18,0,6,0,0,0,0,1,1,6,1,4,-1,-1,-1,8,2
201342I155006,2,9,0,18,0,1,0,0,0,0,4,1,6,2,-1,-1,-1,-1,-1,-1
201342I155106,1,2,0,14,0,1,0,0,0,0,1,1,6,1,4,50,1,3,3,1
201342I155106,2,9,0,10,0,6,0,0,0,0,3,1,6,1,6,1391,1,18,3,1
201342I155206,1,9,0,16,0,0,0,0,0,0,1,1,6,1,4,-1,-1,-1,10,1
201342I155206,2,9,0,17,0,0,0,0,0,0,1,1,2,1,4,1298,1,10,3,1
201342I155306,1,4,0,18,0,8,0,0,0,0,1,1,6,1,6,953,1,10,9,1
201342I155306,2,9,0,18,0,8,0,0,0,0,3,1,6,2,9,-1,-1,-1,5,2
201342I155506,1,90,0,18,0,0,0,0,0,0,1,1,6,1,7,350,1,7,5,1
201342I155506,2,9,0,2,0,0,0,0,0,0,2,1,6,1,6,1984,1,12,-1,-1
201342I155606,1,9,0,9,0,4,0,0,0,0,1,1,6,2,9,1799,1,6,8,1
201342I155606,2,2,0,18,0,8,1,0,0,0,4,1,6,2,8,124,1,15,4,1
201342I155706,1,9,0,5,0,0,0,0,0,0,1,1,6,1,5,1686,2,12,5,1
201342I155806,1,9,0,5,0,4,0,0,0,0,1,1,6,1,5,1229,1,7,10,2
201342I155806,2,9,0,3,0,1,0,0,0,0,2,1,6,2,8,1149,1,6,5,1
201342I155906,1,9,0,7,0,6,0,0,0,0,1,1,1,1,9,2198,1,6,3,1
201342I155906,2,9,0,10,0,2,0,0,0,0,2,1,6,1,9,1199,2,2,9,2
201342I156006,1,9,0,18,0,4,0,0,0,0,1,1,6,1,10,-1,-1,-1,7,1
201342I156006,2,9,0,18,0,8,0,0,0,0,3,1,6,2,4,1299,1,13,10,1
201342I156105,1,9,0,5,0,1,0,0,0,0,2,1,6,2,-1,-1,-1,-1,-1,-1
201342I156105,2,1,0,18,0,1,0,0,0,0,0,1,6,1,3,-1,-1,-1,6,2
201342I156205,1,9,0,17,0,1,1,0,1,10,1,1,6,1,6,1968,2,7,2,1
201342I156306,1,9,0,12,0,1,0,0,0,0,1,1,2,1,8,1997,2,6,2,1
201342I156306,2,9,0,4,0,1,0,0,0,0,2,1,2,1,7,1753,2,10,8,1
201342I156406,1,9,0,18,0,1,0,0,0,0,0,1,6,3,-1,-1,-1,-1,-1,-1
201342I156505,1,9,0,16,0,0,0,0,0,0,1,1,1,1,6,2400,2,1,10,1
201342I156505,2,21,0,17,0,0,0,0,0,0,1,1,1,1,7,12580,2,7,6,2
201342I156606,1,9,0,18,0,0,2,0,2,4,1,1,6,2,6,1997,2,3,5,3
201342I156705,1,9,0,18,0,0,0,0,0,0,1,1,6,1,6,1997,2,7,8,1
201342I156806,1,98,0,18,0,0,0,0,0,0,3,2,1,1,6,-1,-1,-1,3,1
201342I156806,2,9,0,18,0,0,0,0,0,0,4,1,2,1,6,1910,2,8,4,1
201342I156806,3,19,0,18,0,0,0,0,0,0,4,2,1,1,8,-1,-1,-1,-1,-1
201342I157006,1,17,4,15,0,0,0,0,0,0,4,1,6,1,-1,-1,-1,-1,-1,-1
201342I157006,2,20,0,18,0,0,0,0,0,0,0,1,1,3,7,-1,-1,-1,7,1
201342I157106,1,9,0,9,0,8,0,0,0,0,0,1,6,1,10,1596,1,8,8,1
201342I157106,2,5,0,18,0,8,0,0,0,0,0,1,6,1,9,1600,1,3,1,1
201342I157206,1,9,0,18,0,0,0,4,7,0,1,1,6,1,4,1560,2,8,6,1
201342I157206,2,19,0,2,0,0,0,0,0,0,1,1,6,3,-1,1867,2,8,-1,-1
201342I157406,1,9,0,18,0,1,0,0,0,0,0,1,6,2,-1,1995,1,3,-1,-1
201342I157406,2,1,0,18,0,1,0,0,0,0,0,1,6,1,3,-1,-1,-1,8,1
201342I157506,1,9,0,18,0,1,0,0,0,0,1,1,6,2,7,1248,2,5,3,1
201342I157506,2,9,0,18,0,1,0,0,0,0,3,1,6,1,6,2099,1,10,6,3
201342I157606,1,9,0,5,0,1,0,0,0,0,1,1,6,1,6,1598,1,10,4,1
201342I157606,2,9,0,9,0,1,0,0,0,0,1,1,6,1,6,1995,2,3,9,2
201342I157705,1,9,0,18,0,0,0,0,0,0,1,1,6,2,-1,-1,-1,-1,-1,-1
201342I157705,2,9,0,18,0,0,1,0,0,0,2,1,6,2,7,1461,2,4,7,3
201342I157806,1,9,0,9,0,2,0,0,0,0,1,1,6,2,5,1598,1,8,8,1
201342I157806,2,9,0,18,0,1,0,0,0,0,4,1,6,1,6,1995,2,7,3,1
201342I157906,1,9,0,4,0,2,0,0,0,0,1,1,2,1,8,1747,1,12,3,1
201342I157906,2,9,0,3,0,2,0,0,0,0,2,1,6,2,9,1560,2,2,3,1
201342I158006,1,9,0,5,0,6,0,0,0,0,1,1,6,1,5,-1,-1,-1,4,3
201342I158006,2,9,0,18,0,1,0,0,0,0,1,1,6,2,10,1388,1,5,5,1
201342I158206,1,9,0,18,0,0,0,0,1,11,1,1,6,1,9,1997,2,1,9,1
201342I158206,2,9,0,18,0,0,0,0,0,0,1,1,6,1,6,2967,2,1,10,1
201342I158206,3,9,0,1,9,0,0,0,0,0,0,1,6,1,10,1796,1,2,10,1
201342I158306,1,9,0,18,0,1,0,0,0,0,1,1,2,2,8,1560,2,5,4,1
201342I158306,2,9,0,9,0,1,0,0,0,0,1,1,3,2,8,1598,1,12,1,1
201342I158406,1,19,0,18,0,1,0,0,0,0,1,1,2,1,8,1461,2,2,6,2
201342I158406,2,9,0,10,0,1,0,0,0,0,2,1,2,2,9,1199,1,10,10,1
201342I158506,1,9,0,5,0,6,0,0,0,0,3,1,6,1,9,1360,1,7,9,2
201342I158506,2,9,0,18,0,8,0,0,0,0,3,1,6,1,7,2362,1,9,-1,-1
201342I158806,1,1,0,18,5,1,0,0,0,0,1,1,6,3,-1,-1,-1,-1,-1,-1
201342I158906,1,9,0,18,0,1,0,0,0,0,1,1,2,2,9,1991,2,4,9,1
201342I158906,2,9,0,2,0,1,0,0,1,0,2,1,6,3,-1,1679,1,12,-1,-1
201342I159006,1,9,0,14,0,0,1,0,7,10,3,1,1,1,4,1596,1,13,7,2
201342I159006,2,9,0,2,6,0,0,0,0,0,2,1,6,3,-1,1248,1,3,-1,-1
201342I159006,3,9,0,2,6,0,0,0,0,0,1,1,6,3,-1,1596,1,6,-1,-1
201342I159106,1,9,0,17,0,0,0,0,1,4,1,1,6,2,11,2663,2,19,10,3
201342I159206,1,9,0,4,0,0,0,0,0,0,0,1,6,1,5,1229,1,-1,6,1
201342I159306,1,9,0,5,0,0,0,0,0,0,1,1,1,2,7,1596,1,9,8,3
201342I159306,2,9,0,4,0,0,0,0,0,0,2,1,1,2,7,1598,1,8,5,1
201342I159406,1,9,0,18,0,2,0,0,0,0,1,1,2,1,5,2521,1,4,4,1
201342I159506,1,9,0,9,0,5,0,0,7,4,1,1,6,1,5,1968,2,2,9,1
201342I159506,2,9,0,18,0,8,1,0,2,4,1,1,6,1,5,1998,1,3,10,1
201342I159606,1,19,0,18,0,0,0,0,0,0,1,1,6,1,6,-1,-1,-1,-1,-1
201342I159606,2,19,0,18,0,0,0,0,0,0,0,1,6,1,9,-1,-1,-1,9,3
201342I159706,1,19,0,9,0,5,0,0,0,0,0,1,6,1,5,-1,-1,-1,-1,-1
201342I159706,2,3,0,18,0,1,1,0,0,0,0,1,6,2,4,124,1,4,6,1
201342I159806,1,9,0,18,0,0,0,0,0,0,3,1,2,1,7,1388,1,14,4,1
201342I159806,2,9,0,18,0,0,0,0,0,0,3,1,6,1,8,1399,2,1,6,3
201342I159906,1,8,0,18,0,0,0,0,0,0,1,1,3,3,-1,-1,-1,-1,-1,-1
201342I160006,1,19,0,18,0,0,0,0,0,0,0,1,6,3,-1,2402,2,8,-1,-1
201342I160006,2,9,0,18,0,0,0,0,0,0,0,1,6,2,4,1299,1,11,7,1
201342I160106,1,9,0,4,0,1,0,0,0,0,1,1,1,1,6,998,1,4,8,1
201342I160106,2,9,0,18,0,1,0,0,0,0,1,1,6,1,9,-1,-1,-1,3,1
201342I160206,1,9,0,4,0,1,0,0,0,0,1,1,6,2,9,1360,1,8,8,1
201342I160206,2,9,0,10,0,1,0,0,0,0,2,1,6,1,5,3246,1,8,4,1
201342I160306,1,9,0,5,0,6,0,0,0,0,1,1,6,1,11,848,1,37,3,1
201342I160306,2,9,0,18,0,8,0,0,0,0,4,1,6,2,6,1390,1,6,-1,-1
201342I160306,3,19,0,18,0,8,0,0,0,0,1,1,6,1,7,2402,2,6,-1,-1
201342I160406,1,9,0,2,0,0,0,0,0,0,4,1,6,1,-1,-1,-1,-1,-1,-1
201342I160406,2,9,0,18,0,0,1,0,0,0,1,1,6,1,7,1299,1,13,1,1
201342I160406,3,9,0,2,0,0,0,0,0,0,3,1,6,1,-1,1956,2,2,-1,-1
201342I160406,4,9,0,2,0,0,0,0,0,0,2,1,6,1,-1,1956,2,1,-1,-1
201342I160506,1,9,0,7,0,1,0,0,0,0,1,1,6,1,8,2996,1,5,7,1
201342I160506,2,9,0,18,0,1,0,0,0,0,1,1,6,2,10,1400,1,7,9,1
201342I160606,1,9,0,18,0,1,0,0,0,0,1,1,6,1,-1,2494,1,14,-1,-1
201342I160606,2,9,0,18,0,1,0,0,0,0,2,1,6,1,7,1199,1,13,-1,-1
201342I160706,1,9,0,16,0,0,0,0,7,9,1,1,6,2,7,1600,1,13,7,1
201342I160905,1,9,0,18,0,2,0,0,0,3,3,1,6,1,9,3199,1,12,8,2
201342I161006,1,9,0,18,0,7,1,0,0,0,1,1,6,1,6,1299,1,17,3,1
201342I161006,2,9,0,18,0,7,0,0,0,0,2,1,6,1,4,-1,-1,-1,-1,-1
201342I161006,3,9,0,18,0,7,0,0,0,0,2,1,6,1,8,-1,-1,-1,10,1
201342I161006,4,9,0,18,0,7,0,0,0,0,2,1,6,1,-1,2993,2,3,7,2
201342I161106,1,9,0,12,0,0,0,0,0,0,0,1,6,3,-1,-1,-1,-1,-1,-1
201342I161106,2,9,0,18,0,0,1,4,0,0,1,1,6,1,6,2172,2,10,-1,-1
201342I161106,3,9,0,2,0,0,0,0,0,0,2,1,6,2,5,1868,2,13,-1,-1
201342I161206,1,9,0,5,0,1,0,0,0,0,1,1,6,2,9,2700,1,9,10,1
201342I161206,2,9,0,3,0,1,0,0,0,0,1,1,1,1,7,2995,1,7,-1,-1
201342I161306,1,9,0,18,0,0,0,0,0,0,1,1,6,2,6,1388,1,8,4,1
201342I161306,2,19,0,18,0,0,0,0,0,0,3,1,1,1,8,2446,2,15,9,1
201342I161406,1,9,0,18,0,1,0,4,0,0,2,1,6,1,6,-1,-1,-1,6,1
201342I161406,2,9,0,2,0,1,0,0,0,0,0,1,6,1,9,1956,2,2,3,1
201342I161506,1,9,0,18,0,0,0,0,1,11,1,1,6,2,4,1242,1,1,5,1
201342I161506,2,19,0,18,0,0,0,0,0,0,0,1,6,3,-1,-1,-1,-1,-1,-1
201342I161606,1,21,0,18,0,0,1,0,0,0,1,1,1,1,8,-1,-1,-1,2,1
201342I161606,2,9,0,18,0,0,2,0,0,0,2,1,2,1,4,1149,1,8,-1,-1
201342I161706,1,9,0,5,0,0,0,0,0,0,1,1,6,1,6,1896,2,9,3,1
201342I161706,2,9,0,18,0,0,0,0,0,0,1,1,6,1,10,1998,2,6,6,1
201342I161806,1,9,0,18,0,6,0,0,0,0,1,1,6,1,5,1598,1,8,4,1
201342I161806,2,9,0,18,0,1,0,0,0,0,2,1,6,2,9,1329,1,-1,-1,-1
201342I161906,1,9,0,7,0,1,0,0,0,0,0,1,6,2,7,1461,2,1,4,1
201342I161906,2,9,0,18,0,1,0,0,0,0,3,1,6,2,7,1598,1,4,7,1
201342I161906,3,9,0,18,0,1,0,0,0,0,3,1,6,1,6,2792,1,18,7,1
201342I162006,1,19,0,18,0,1,0,0,0,0,1,1,1,1,6,2198,2,6,-1,-1
201342I162006,2,9,0,9,0,1,0,0,0,0,2,1,6,2,8,2099,1,11,6,3
201342I162106,1,19,0,18,0,1,0,0,0,0,1,1,2,1,9,2402,2,8,2,1
201342I162106,2,9,0,3,0,1,0,0,0,0,1,1,6,1,7,2902,2,11,6,3
201342I162106,3,19,0,3,0,1,0,0,0,0,1,1,2,1,5,1995,2,6,-1,-1
201342I162106,4,19,0,3,0,1,0,0,0,0,2,1,2,1,6,2402,2,4,5,1
201342I162306,1,9,0,18,0,0,0,4,0,0,1,1,3,2,7,-1,-1,-1,9,1
201342I162306,2,9,0,2,0,0,0,0,0,0,3,1,3,2,7,-1,-1,-1,5,1
201342I162406,1,19,0,18,0,1,0,0,0,0,1,1,1,1,7,1560,2,2,1,1
201342I162406,2,9,0,18,0,1,0,0,0,0,2,1,6,1,6,1587,1,6,5,1
201342I162506,1,9,0,18,0,8,0,0,0,0,0,1,1,2,-1,-1,-1,-1,-1,-1
201342I162606,1,9,0,18,0,0,1,0,5,6,1,1,6,1,6,1598,1,7,8,1
201342I162606,2,9,0,11,0,0,0,0,0,0,0,1,6,2,8,1995,1,12,9,1
201342I162706,1,9,0,18,0,2,1,0,1,11,1,1,6,1,6,998,1,10,1,1
201342I162806,1,9,0,13,0,1,0,0,0,0,2,1,6,1,4,1299,1,11,1,1
201342I162806,2,9,0,18,0,1,0,0,0,0,0,1,6,2,6,998,1,-1,5,1
201342I162806,3,9,0,18,0,1,0,0,0,0,0,1,6,2,6,1339,1,8,3,1
201342I162906,1,19,0,18,0,6,0,0,0,0,1,1,1,1,6,1461,2,1,6,2
201342I163006,1,9,0,5,0,6,0,0,0,0,3,1,6,2,11,-1,-1,-1,9,2
201342I163006,2,21,0,18,0,8,1,0,0,0,1,1,1,1,8,11021,2,12,5,1
201342I163106,1,9,0,18,0,1,0,0,3,10,1,1,6,2,6,1988,1,17,1,1
201342I163206,1,9,0,18,0,0,1,0,1,11,1,1,6,1,7,-1,-1,-1,-1,-1
201342I163206,2,98,0,18,0,0,1,0,0,0,2,2,1,1,6,-1,-1,-1,-1,-1