Accident_Index,Vehicle_Reference,Vehicle_Type,Towing_and_Articulation,Vehicle_Manoeuvre,Vehicle_Location-Restricted_Lane,Junction_Location,Skidding_and_Overturning,Hit_Object_in_Carriageway,Vehicle_Leaving_Carriageway,Hit_Object_off_Carriageway,1st_Point_of_Impact,Was_Vehicle_Left_Hand_Drive?,Journey_Purpose_of_Driver,Sex_of_Driver,Age_Band_of_Driver,Engine_Capacity_(CC),Propulsion_Code,Age_of_Vehicle,Driver_IMD_Decile,Driver_Home_Area_Type
201342I163206,3,9,0,18,0,0,0,0,0,0,0,1,6,1,8,-1,-1,-1,10,1
201342I163306,1,19,0,11,0,0,0,0,1,0,1,1,1,1,6,1248,2,5,5,1
201342I163306,2,9,0,18,0,0,1,0,0,0,4,1,1,2,8,-1,-1,-1,2,1
201342I163306,3,9,0,18,0,0,0,0,0,0,1,1,1,1,7,1995,2,-1,8,1
201342I163506,1,9,0,7,0,2,0,0,0,0,1,1,6,2,5,1388,1,11,4,1
201342I163606,1,9,0,13,0,0,0,0,0,0,1,1,6,1,6,-1,-1,-1,7,1
201342I163606,2,9,0,5,0,0,0,0,0,0,1,1,1,1,8,999,1,-1,2,1
201342I163606,3,9,0,18,0,0,0,0,0,0,3,1,2,1,8,-1,-1,-1,3,1
201342I163706,1,9,0,5,0,6,0,0,0,0,2,1,1,2,7,1242,1,4,10,1
201342I163706,2,5,0,16,0,1,1,10,1,4,4,1,2,1,5,675,1,5,7,3
201342I163806,1,9,0,18,0,1,1,0,8,4,1,1,2,1,6,1598,1,10,10,3
201342I163806,2,17,0,9,0,1,0,0,0,0,3,1,1,1,6,5675,2,-1,10,3
201342I164006,1,9,0,18,0,0,0,0,0,0,1,1,6,1,5,-1,-1,-1,-1,-1
201342I164006,2,9,0,18,0,0,0,0,0,0,2,1,6,1,8,1598,1,8,5,1
201342I164106,1,4,0,14,0,1,0,0,0,0,1,1,1,1,7,124,1,11,3,1
201342I164106,2,9,0,5,0,1,0,0,0,0,3,1,1,2,6,1598,1,7,7,1
201342I164206,1,8,0,4,0,1,0,0,0,0,1,1,1,1,7,1997,2,2,2,1
201342I164206,2,9,0,9,0,1,0,0,0,0,2,1,6,1,5,1598,1,8,8,1
201342I164306,1,8,0,5,0,1,0,0,0,0,1,1,1,1,8,1910,2,6,2,1
201342I164406,1,19,0,18,0,0,1,0,0,0,0,1,6,1,6,2500,2,11,8,1
201342I164506,1,9,0,16,0,0,0,0,7,9,3,1,6,1,6,2720,2,6,3,1
201342I164606,1,9,0,9,0,6,0,0,1,11,3,1,6,1,6,1493,1,16,8,1
201342I164606,2,9,0,18,0,8,1,0,7,9,1,1,6,1,6,1299,1,10,1,1
201342I164705,1,9,0,18,0,2,1,0,0,0,1,1,6,2,6,2438,1,16,4,1
201342I164705,2,9,0,4,0,1,0,0,0,0,2,1,1,2,9,1796,1,8,8,1
201342I164806,1,19,0,18,0,0,0,0,0,0,2,1,1,1,6,1560,2,1,-1,-1
201342I164806,2,9,0,18,0,0,0,0,0,0,0,1,2,2,6,1596,1,10,5,1
201342I164906,1,90,0,5,0,0,0,0,0,0,1,1,1,1,10,-1,-1,-1,10,1
201342I165006,1,9,0,14,0,1,5,0,0,0,1,1,1,1,5,-1,-1,-1,4,1
201342I165006,2,9,0,9,0,8,0,0,0,0,3,1,1,1,5,2143,2,-1,4,1
201342I165006,3,9,0,2,9,1,0,0,0,0,2,1,6,3,9,1985,1,15,8,1
201342I165006,4,9,0,2,9,1,0,0,0,0,2,1,6,3,9,1590,1,12,8,1
201342I165006,5,9,0,2,9,1,0,0,0,0,2,1,6,3,9,2149,2,6,8,1
201342I165106,1,1,0,14,0,1,0,0,0,0,4,1,6,2,6,-1,-1,-1,9,1
201342I165106,2,9,0,9,0,2,0,0,0,0,1,1,6,1,8,1598,1,8,4,1
201342I165206,1,9,0,17,0,0,0,0,0,0,0,1,6,3,-1,-1,-1,-1,-1,-1
201342I165206,2,19,0,16,0,0,1,0,7,4,1,1,2,1,6,1896,2,9,8,1
201342I165406,1,3,0,17,0,0,0,0,1,9,1,1,6,1,5,124,1,14,8,1
201342I165506,1,11,0,5,0,0,0,0,0,0,0,1,6,1,9,4250,2,6,3,1
201342I165606,1,1,0,18,0,0,0,0,0,0,2,1,6,1,8,-1,-1,-1,8,2
201342I165606,2,3,0,13,0,0,0,0,0,0,1,1,6,1,7,124,1,9,8,2
201342I165805,1,9,0,16,0,7,1,0,8,7,1,1,6,2,8,1598,1,6,4,1
201342I165906,1,3,0,18,0,0,1,0,1,11,1,1,6,1,-1,-1,-1,-1,4,3
201342I166006,1,9,0,18,0,0,0,0,0,0,0,1,6,3,-1,-1,-1,-1,-1,-1
201342I166006,2,9,0,18,0,0,0,0,1,3,1,1,6,1,11,1388,1,3,8,1
201342I166106,1,9,0,10,0,1,0,0,0,0,1,1,6,2,-1,998,1,-1,4,1
201342I166106,2,9,0,10,0,1,0,0,0,0,2,1,6,2,4,1493,2,6,4,1
201342I166206,1,9,0,9,0,4,0,0,0,0,1,1,6,1,10,1495,1,5,4,1
201342I166206,2,1,0,9,0,8,0,0,0,0,4,1,6,2,9,-1,-1,-1,4,1
201342I166306,1,19,0,4,0,8,0,0,0,0,1,1,2,1,9,1996,2,-1,8,1
201342I166306,2,9,0,14,0,8,1,0,0,0,2,1,3,2,7,2494,1,8,8,1
201342I166406,1,9,0,3,0,6,0,0,0,0,1,1,2,1,8,1905,2,16,4,1
201342I166406,2,4,0,18,0,1,0,0,0,0,4,1,6,1,8,125,1,2,3,1
201342I166506,1,5,0,17,0,0,0,0,1,4,1,1,6,1,7,749,1,17,4,1
201342I166606,1,9,0,9,0,6,0,0,0,0,3,1,6,1,4,1242,1,7,9,1
201342I166606,2,2,0,18,0,1,0,0,0,0,1,1,6,1,7,-1,-1,-1,6,1
201342I166706,1,9,0,9,0,8,0,0,0,0,1,1,6,2,8,1339,1,1,10,1
201342I166706,2,23,0,18,0,8,0,0,0,0,4,1,6,1,-1,-1,-1,-1,-1,-1
201342I166805,1,9,0,18,0,0,1,0,0,10,0,1,6,2,7,998,1,1,8,3
201342I166906,1,19,0,12,0,0,0,0,0,0,2,1,6,3,-1,-1,-1,-1,-1,-1
201342I166906,2,9,0,18,0,0,0,0,0,0,1,1,6,2,6,1390,1,12,5,1
201342I166906,3,9,0,18,0,0,0,0,0,0,1,1,6,1,6,2000,1,8,2,1
201342I167006,1,9,0,9,0,1,0,0,0,0,1,1,1,1,4,1124,1,16,-1,-1
201342I167006,2,9,0,18,0,1,0,0,0,0,1,1,1,2,6,1199,1,14,6,3
201342I167206,1,9,0,5,0,6,0,0,0,0,1,1,6,3,-1,1895,1,15,-1,-1
201342I167206,2,9,0,18,0,8,0,0,0,0,4,1,6,2,8,-1,-1,-1,2,1
201342I167306,1,5,0,17,0,0,0,0,0,0,1,1,6,1,5,599,1,1,8,1
201342I167306,2,9,0,18,0,0,0,0,0,0,1,1,6,1,7,2902,2,6,-1,-1
201342I167406,1,19,0,5,0,1,0,0,0,0,1,2,1,1,5,-1,-1,-1,-1,-1
201342I167406,2,9,0,18,0,1,0,0,0,0,4,1,2,2,6,-1,-1,-1,3,1
201342I167506,1,9,0,9,0,1,0,0,0,0,3,1,6,1,4,1149,1,15,10,2
201342I167506,2,9,0,17,0,1,0,0,0,0,1,1,6,1,5,-1,-1,-1,-1,-1
201342I167706,1,9,0,17,0,8,5,0,1,4,1,1,6,1,11,1587,1,11,9,1
201342I167806,1,9,0,4,0,1,0,0,0,0,1,1,6,2,7,1995,2,5,3,1
201342I167806,2,9,0,3,0,1,0,0,0,0,2,1,6,1,-1,-1,-1,-1,5,1
201342I167906,1,9,0,1,0,0,0,0,0,0,2,1,6,1,7,1769,1,11,4,1
201342I168006,1,9,0,9,0,5,0,0,0,0,4,1,6,1,7,1596,1,3,3,1
201342I168006,2,9,0,18,0,8,0,0,0,0,1,1,6,1,6,698,1,8,4,1
201342I168106,1,9,0,9,0,8,0,0,0,0,4,1,6,1,10,1599,1,12,8,2
201342I168106,2,9,0,18,0,1,0,0,0,0,1,1,6,1,10,1196,1,18,8,2
201342I168206,1,9,0,9,0,5,0,0,0,0,4,1,6,1,7,3301,1,14,2,1
201342I168206,2,5,0,18,0,8,0,0,0,0,1,1,6,1,6,647,1,12,7,2
201342I168306,1,9,0,18,0,1,0,0,0,0,1,1,2,2,7,1399,2,11,-1,-1
201342I168406,1,9,0,18,0,0,0,0,0,0,1,1,6,1,8,1598,1,9,1,1
201342I168406,2,1,0,18,0,0,0,0,0,0,1,1,6,1,4,-1,-1,-1,4,1
201342I168606,1,5,0,9,0,3,1,0,0,0,4,1,6,1,8,900,1,19,6,1
201342I168606,2,9,0,9,0,8,0,0,0,0,3,1,1,1,6,1997,2,1,10,2
201342I168806,1,9,0,18,0,8,0,0,1,7,4,1,6,1,7,1686,2,12,3,1
201342I168906,1,9,0,16,0,8,0,0,2,7,1,1,2,2,4,1995,2,3,9,1
201342I168906,2,19,0,18,0,7,0,0,0,0,4,1,2,1,7,1560,2,5,5,1
201342I169006,1,9,0,18,0,4,1,0,1,1,1,1,6,1,4,1389,1,13,4,1
201342I169106,1,19,0,4,0,8,0,0,0,0,1,1,2,1,6,2464,2,4,2,1
201342I169106,2,9,0,4,0,8,1,0,0,0,2,1,2,2,-1,1388,1,10,9,1
201342I169106,3,19,0,4,0,8,1,0,0,0,2,1,1,1,7,2464,2,6,4,1
201342I169206,1,3,0,13,0,1,0,0,0,0,0,1,6,1,4,100,1,8,-1,-1
201342I169306,1,9,0,4,0,8,1,0,0,0,1,1,2,2,7,1299,1,14,9,1
201342I169306,2,9,0,4,0,8,0,0,0,0,2,1,1,2,5,1598,2,1,10,1
201342I169306,3,9,0,4,0,8,0,0,0,0,2,1,2,2,8,1598,1,3,8,1
201342I169406,1,3,0,9,0,1,1,0,0,0,4,1,1,1,5,107,1,6,6,1
201342I169406,2,9,0,18,0,1,0,0,0,0,1,1,6,1,4,-1,-1,-1,6,1
201342I169505,1,9,0,16,0,0,0,0,0,0,3,1,6,2,4,1198,1,-1,6,1
201342I169505,2,9,0,17,0,0,0,0,0,0,4,1,6,2,6,1984,1,5,10,1
201342I169606,1,9,0,1,0,1,0,0,0,0,2,1,6,2,6,1997,2,13,5,1
201342I169606,2,9,0,1,0,1,0,0,0,0,4,1,6,1,11,-1,-1,-1,2,1
201342I169706,1,9,0,7,0,3,0,0,0,0,3,1,2,1,8,1796,1,9,6,1
201342I169706,2,1,0,18,0,3,1,0,0,0,1,1,2,1,6,-1,-1,-1,5,1
201342I169806,1,9,0,7,0,8,0,0,0,0,1,1,6,1,6,1397,1,13,9,1
201342I169906,1,1,0,18,0,0,0,0,0,0,0,1,6,1,10,-1,-1,-1,10,1
201342I170006,1,9,0,17,0,0,1,0,0,0,1,1,3,2,7,1086,1,9,7,3
201342I170006,2,9,0,16,0,0,0,0,0,0,1,1,6,1,7,2495,2,8,9,3
201342I170106,1,9,4,18,0,0,2,0,1,11,4,1,1,1,7,2402,2,5,6,1
201342I170206,1,9,0,18,0,0,1,0,7,9,4,1,2,2,6,1390,1,15,10,1
201342I170206,2,9,0,18,0,0,0,0,0,0,1,1,6,1,9,1229,1,7,10,1
201342I170306,1,9,0,5,0,2,0,0,0,0,0,1,2,1,-1,1991,1,14,-1,-1
201342I170306,2,1,0,18,0,1,0,0,0,0,0,1,2,1,7,-1,-1,-1,10,1
201342I170406,1,9,0,18,0,0,0,0,3,10,1,1,6,1,5,1242,1,14,5,1
201342I170406,2,9,0,18,0,0,0,0,3,0,1,1,6,1,6,2993,2,1,-1,-1
201342I170406,3,9,0,2,0,0,0,0,0,0,1,1,6,3,-1,1124,1,14,-1,-1
201342I170406,4,9,0,2,0,0,0,0,0,0,1,1,6,3,-1,1600,1,19,-1,-1
201342I170406,5,9,0,2,0,0,0,0,0,0,0,1,6,3,-1,1493,1,36,-1,-1
201342I170506,1,3,0,18,0,1,0,0,0,0,1,1,6,1,4,124,1,1,6,1
201342I170506,2,4,0,18,0,1,0,0,0,0,2,1,6,1,4,249,1,6,9,1
201342I170606,1,9,0,18,9,6,0,10,3,11,1,1,6,1,11,-1,-1,-1,9,1
201342I170706,1,9,0,18,0,0,0,0,0,0,1,1,6,2,4,1242,1,5,-1,-1
201342I170906,1,5,0,15,0,0,0,0,0,0,1,1,6,1,6,600,1,9,7,3
201342I170906,2,9,0,9,0,0,0,0,0,0,1,1,6,1,5,-1,-1,-1,10,1
201342I171106,1,9,0,5,0,8,0,0,0,0,1,1,6,1,10,1997,2,-1,10,1
201342I171106,2,1,0,18,0,8,0,0,0,0,4,1,6,1,10,-1,-1,-1,7,3
201342I171206,1,5,0,17,0,0,0,0,1,0,0,1,6,1,4,640,1,13,1,1
201342I171206,2,9,0,17,0,0,0,0,0,0,0,1,6,1,5,-1,-1,-1,-1,-1
201342I171306,1,9,0,18,0,4,0,0,0,0,3,1,2,1,8,1799,1,15,4,1
201342I171306,2,1,0,18,0,8,0,0,0,0,1,1,2,1,6,-1,-1,-1,8,1
201342I171406,1,11,0,18,0,0,0,0,1,0,1,1,1,1,6,-1,-1,-1,7,1
201342I171506,1,9,0,7,0,0,5,0,0,0,0,1,6,2,11,1388,1,11,4,1
201342I171606,1,21,1,18,0,0,4,0,1,7,4,1,1,1,8,11946,2,5,5,1
201342I171806,1,9,0,18,0,0,0,0,0,0,3,1,6,1,-1,-1,-1,-1,-1,-1
201342I171806,2,9,0,18,0,0,0,0,0,0,2,1,6,2,6,1587,1,11,7,2
201342I171806,3,9,0,18,0,0,0,0,0,0,4,1,6,3,-1,1984,1,7,-1,-1
201342I171906,1,4,0,16,0,2,1,0,7,9,1,1,6,1,4,675,1,6,4,1
201342I172006,1,9,0,18,0,1,0,0,0,0,0,1,6,1,-1,1898,2,15,8,1
201342I172006,2,9,0,5,0,1,0,0,0,0,0,1,6,2,4,1399,2,4,-1,-1
201342I172106,1,9,0,4,0,0,1,0,1,0,1,1,6,2,8,1988,1,10,6,2
201342I172106,2,9,0,4,0,0,0,0,0,0,2,1,6,2,8,995,1,1,5,2
201342I172106,3,9,0,4,0,0,0,0,0,0,0,1,6,1,6,1995,2,1,6,2
201342I172206,1,9,0,9,0,6,0,0,0,0,1,1,4,2,8,1242,1,3,8,1
201342I172206,2,9,0,18,0,1,0,0,0,0,1,1,2,2,8,1390,1,1,10,1
201342I172306,1,9,0,18,0,1,0,0,1,3,4,1,6,1,8,1997,1,4,-1,-1
201342I172306,2,11,0,18,0,1,0,0,1,3,0,1,1,1,7,-1,2,13,5,1
201342I172406,1,9,0,18,0,1,0,0,0,0,4,1,6,3,-1,-1,-1,-1,-1,-1
201342I172406,2,1,0,18,0,1,0,0,0,0,3,1,6,1,8,-1,-1,-1,1,1
201342I172506,1,9,0,9,0,0,0,0,0,0,2,1,2,2,9,999,1,8,1,1
201342I172506,2,1,0,18,9,0,0,0,0,0,2,1,2,2,6,-1,-1,-1,8,3
201342I172606,1,5,0,18,0,8,0,0,0,0,0,1,1,2,7,-1,-1,-1,8,1
201342I172606,2,9,0,9,0,4,0,0,0,0,0,1,1,2,7,1986,2,8,9,2
201342I172706,1,19,0,6,0,0,0,0,0,0,3,1,6,1,6,2198,2,1,2,1
201342I172706,2,9,0,18,0,0,0,0,0,0,1,1,6,1,10,1596,1,10,9,2
201342I172806,1,5,0,18,0,0,0,12,0,0,1,1,1,1,7,-1,-1,-1,6,1
201342I172906,1,9,0,18,0,0,1,0,0,0,1,1,1,1,4,1596,1,12,-1,-1
201342I172906,2,19,0,18,0,0,0,0,0,0,2,1,1,1,6,-1,-1,-1,5,2
201342I172906,3,19,0,18,0,0,0,0,0,0,2,1,1,1,6,2198,2,-1,7,3
201342I173006,1,9,0,1,0,1,0,0,0,0,0,1,6,2,-1,1997,2,10,-1,-1
201342I173006,2,1,0,3,0,1,0,0,0,0,0,1,6,1,8,-1,-1,-1,7,1
201342I173206,1,9,0,18,0,1,1,0,0,0,1,1,6,2,5,1686,2,12,2,1
201342I173206,2,9,0,10,0,1,0,0,0,0,2,1,6,1,6,1896,2,15,4,1
201342I173306,1,9,0,13,0,1,0,0,0,0,4,1,2,2,8,3199,1,15,10,2
201342I173306,2,2,0,9,0,1,1,0,0,0,3,1,1,1,9,124,1,5,8,2
201342I173406,1,9,0,18,0,1,0,0,1,2,4,1,6,2,7,1796,1,11,2,1
201342I173406,2,9,0,10,0,1,0,0,0,0,1,1,6,1,6,-1,-1,-1,3,1
201342I173506,1,9,0,18,0,4,0,0,0,0,1,1,1,1,7,-1,-1,-1,2,1
201342I173506,2,9,0,18,0,4,0,10,7,1,3,1,6,2,7,3199,1,9,9,1
201342I173606,1,9,0,9,0,1,0,0,0,0,1,1,6,1,7,1598,1,9,5,1
201342I173606,2,8,0,8,0,1,0,0,0,0,1,1,1,1,5,-1,-1,-1,5,1
201342I173706,1,9,0,16,0,0,0,0,0,0,1,1,6,1,7,2967,2,1,9,3
201342I173706,2,19,0,17,0,0,0,0,1,0,1,1,6,1,6,1896,2,4,8,3
201342I173806,1,9,0,18,0,0,0,0,1,0,1,1,6,1,5,1195,1,16,7,3
201342I173806,2,9,0,18,0,0,0,0,1,0,1,1,1,2,8,1870,2,7,6,1
201342I173906,1,9,0,1,0,0,0,0,0,0,2,1,6,1,6,2979,1,9,3,1
201342I174106,1,9,0,18,0,0,0,0,0,0,1,1,6,1,-1,1587,1,12,-1,-1
201342I174206,1,9,0,18,0,0,0,0,0,0,0,1,6,1,8,-1,-1,-1,10,1
201342I174206,2,3,0,18,0,0,1,0,0,0,0,1,6,2,5,124,1,3,6,1
201342I174306,1,9,0,18,0,0,2,0,7,9,1,1,1,2,4,998,1,7,5,1
201342I174406,1,21,1,18,0,8,0,0,0,0,0,1,6,1,-1,10518,2,6,-1,-1
201342I174406,2,9,0,12,0,8,0,0,0,0,0,1,6,1,8,1461,2,1,4,1
201342I174506,1,9,0,18,0,2,0,0,3,11,1,1,6,1,11,1343,1,10,6,1
201342I174606,1,21,0,18,0,0,0,0,0,0,1,1,1,1,7,11946,2,6,3,1
201342I174606,2,9,0,18,0,0,0,0,0,0,2,1,1,1,10,1968,2,-1,8,1
201342I174806,1,8,0,13,0,1,0,0,0,0,4,1,6,3,-1,2148,2,4,-1,-1
201342I174806,2,1,0,18,0,1,0,0,0,0,0,1,6,1,7,-1,-1,-1,9,2
201342I174906,1,9,0,17,0,0,2,0,2,10,4,1,2,1,5,1686,2,10,6,1
201342I175006,1,9,0,18,0,2,0,0,0,0,4,1,6,1,9,1796,1,10,6,1
201342I175106,1,9,0,18,0,4,0,0,0,0,1,1,6,1,10,1086,1,8,7,1
201342I175106,2,8,0,3,0,4,0,0,0,0,2,1,6,1,7,-1,-1,-1,1,1
201342I175206,1,9,0,17,0,0,5,0,2,4,3,1,6,1,6,1896,2,6,6,2
201342I175506,1,9,0,9,0,6,0,0,8,11,4,1,6,2,6,998,1,3,7,3
201342I175506,2,8,0,18,0,8,1,0,1,0,3,1,1,1,7,1998,2,9,2,1
201342I175606,1,21,1,18,0,0,0,0,0,0,0,1,1,1,9,12580,2,8,9,2
201342I175606,2,9,0,18,0,0,0,0,1,9,1,1,2,1,9,2993,2,-1,8,3
201342I175706,1,9,0,18,0,2,0,0,7,4,1,1,6,2,7,1598,1,11,5,1
201342I175706,2,9,0,2,0,2,0,0,0,0,1,1,6,3,-1,1242,1,11,2,1
201342I175706,3,9,0,2,0,2,0,0,0,0,2,1,6,3,-1,1896,2,15,5,1
201342I175806,1,9,0,18,0,4,0,0,0,0,3,1,6,2,5,1299,1,8,4,3
201342I175806,2,1,0,18,0,8,1,0,0,0,1,1,6,1,6,-1,-1,-1,8,1
201342I175906,1,9,0,7,0,6,0,0,0,0,1,1,6,2,6,1686,2,8,10,2
201342I175906,2,19,0,18,0,1,0,0,0,0,1,1,2,1,6,1753,2,15,5,3
201342I176006,1,21,1,12,0,8,0,0,0,0,1,2,1,1,6,-1,-1,-1,-1,-1
201342I176006,2,9,0,18,0,8,0,0,0,0,1,1,1,1,8,1242,1,14,5,1
201342I176006,3,21,1,12,0,6,0,0,0,0,2,2,1,1,7,-1,-1,-1,-1,-1
201342I176106,1,9,0,18,0,0,1,0,0,6,1,1,6,2,6,1686,2,5,5,1
201342I176106,2,9,0,18,0,0,0,0,0,0,4,1,6,2,7,1984,1,6,10,1
201342I176206,1,11,0,18,0,0,0,0,0,0,2,1,6,1,9,9600,2,18,5,1
201342I176206,2,1,0,18,0,0,0,0,0,0,1,1,6,1,9,-1,-1,-1,8,1
201342I176306,1,9,0,9,0,8,0,0,0,0,3,1,6,1,7,1910,2,7,8,1
201342I176306,2,5,0,13,0,8,1,0,0,0,4,1,6,1,7,1170,1,7,4,3
201342I176406,1,1,0,18,0,0,0,0,0,0,2,1,6,1,3,-1,-1,-1,6,1
201342I176406,2,9,0,18,0,0,0,10,0,0,1,1,2,1,7,1388,1,6,2,1
201342I176406,3,1,0,18,0,0,0,0,0,0,0,1,6,3,-1,-1,-1,-1,-1,-1
201342I176504,1,98,0,18,0,0,0,0,0,0,4,1,6,1,7,2402,2,4,-1,-1
201342I176606,1,9,0,11,0,0,1,0,0,6,1,1,6,2,7,1896,2,12,6,1
201342I176706,1,19,0,18,0,8,0,0,0,0,1,1,1,1,7,2148,2,6,2,1
201342I176706,2,9,0,18,0,8,0,0,0,0,4,1,1,1,7,2495,2,16,7,1
201342I176806,1,1,0,18,0,8,0,0,0,0,2,1,6,2,8,-1,-1,-1,4,1
201342I176806,2,9,0,18,0,8,0,0,0,0,1,1,6,2,5,1796,1,11,8,1
201342I176906,1,9,0,18,0,1,0,0,0,0,1,1,6,2,7,1997,2,3,10,3
201342I176906,2,9,0,18,0,1,0,0,0,0,2,1,1,1,8,1560,2,5,5,1
201342I176906,3,9,0,9,0,1,0,0,0,0,2,1,1,1,7,1968,2,1,10,1
201342I177006,1,9,0,17,0,8,0,0,0,0,1,1,6,1,4,1997,2,12,6,1
201342I177006,2,9,0,17,0,8,0,0,0,0,3,1,6,1,6,1896,2,4,4,3
201342I177106,1,19,0,15,0,0,0,0,0,0,4,1,6,3,-1,-1,-1,-1,-1,-1
201342I177106,2,1,0,18,9,0,0,0,0,0,2,1,1,1,6,-1,-1,-1,3,1
201342I177206,1,3,0,4,0,0,0,0,0,0,1,1,6,1,4,124,1,12,-1,-1
201342I177206,2,9,0,2,0,0,0,0,0,0,4,1,6,2,6,2544,1,13,3,1
201342I177306,1,3,0,18,0,2,0,0,7,0,1,1,6,1,6,124,1,4,4,2
201342I177406,1,9,0,7,0,1,0,0,0,0,4,1,6,3,-1,-1,-1,-1,-1,-1
201342I177406,2,1,0,18,0,1,0,0,0,0,3,1,6,2,7,-1,-1,-1,6,3
201342I177506,1,9,0,17,0,0,2,0,7,0,0,1,1,1,9,1598,1,2,10,3
201342I177606,1,9,0,18,0,0,0,0,0,0,4,1,6,3,-1,-1,-1,-1,-1,-1
201342I177606,2,1,0,18,0,0,0,0,0,0,0,1,1,1,7,-1,-1,-1,10,1
201342I177706,1,9,0,16,0,0,1,0,1,1,3,1,1,1,7,1149,1,11,1,1
201342I177806,1,19,0,17,0,0,2,0,7,10,0,1,6,1,6,2402,2,9,5,1
201342I177806,2,9,0,2,9,0,0,0,0,0,0,1,6,3,-1,-1,-1,-1,-1,-1
201342I177806,3,9,0,2,9,0,0,0,0,0,0,1,6,3,-1,-1,-1,-1,-1,-1
201342I177806,4,9,0,2,9,0,0,0,0,0,0,1,6,3,-1,-1,-1,-1,-1,-1
201342I177906,1,19,0,4,0,0,0,0,0,0,2,1,6,1,8,-1,-1,-1,-1,-1
201342I177906,2,9,0,4,0,0,0,0,0,0,1,1,1,2,8,1398,2,8,9,1
201342I177906,3,9,0,4,0,0,0,0,0,0,0,1,6,2,7,1388,1,6,5,1
201342I178006,1,9,0,18,0,0,5,10,1,1,1,1,6,1,4,-1,-1,-1,2,1
201342I178106,1,4,0,18,0,0,0,12,0,0,1,1,6,1,8,1000,1,8,8,1
201342I178106,2,9,0,18,0,0,0,12,0,0,1,1,6,2,4,998,1,6,10,1
201342I178206,1,9,0,18,0,8,0,0,0,0,2,1,6,1,8,1997,2,8,7,1
201342I178206,2,9,0,18,0,8,0,0,0,0,1,1,6,2,9,1199,1,9,8,1
201342I178306,1,9,0,18,0,0,0,0,0,0,1,1,6,1,5,1595,1,7,4,1
201342I178406,1,2,0,18,0,0,0,0,0,0,3,1,6,1,-1,-1,-1,-1,-1,-1
201342I178406,2,2,0,18,0,0,0,0,0,0,4,1,6,1,4,49,1,8,4,1
201342I178406,3,2,0,18,0,0,0,0,0,0,0,1,6,1,4,49,1,5,4,1
201342I178606,1,9,0,18,0,8,0,0,0,0,1,1,6,1,5,1497,1,11,5,2
201342I178606,2,9,0,18,0,8,0,0,7,11,4,1,6,1,5,1396,1,9,1,1
201342I178706,1,9,0,9,0,1,0,0,0,0,1,1,2,2,6,1493,2,4,3,1
201342I178706,2,9,0,18,0,1,0,0,0,0,1,1,3,2,8,3192,1,7,8,1
201342I178806,1,21,0,11,0,0,0,0,0,0,4,1,1,1,8,12777,2,3,1,1
201342I178806,2,9,0,18,0,0,1,7,0,0,3,1,1,1,8,-1,-1,-1,7,1
201342I178806,3,9,0,18,0,0,0,0,0,0,0,1,1,2,8,1686,2,2,2,1
201342I178906,1,9,0,11,0,1,0,0,0,0,4,1,6,1,9,-1,-1,-1,7,3
201342I178906,2,5,0,4,0,1,0,0,0,0,3,1,6,1,8,1250,1,10,6,1
201342I178906,3,9,0,4,0,1,0,0,0,0,0,1,6,2,6,1242,1,13,10,1
201342I179107,1,9,0,16,0,0,0,0,0,4,1,1,1,1,5,1390,1,12,8,1
201342I179207,1,9,0,17,0,0,0,0,0,0,1,1,6,1,9,3950,6,13,10,3
201342I179207,2,9,0,16,0,0,0,0,0,0,1,1,6,2,6,2766,2,8,8,1
201342I179306,1,9,0,18,0,0,1,0,4,0,4,1,1,1,9,1586,1,-1,9,1
201342I179306,2,21,0,18,0,0,0,0,0,0,3,1,1,1,9,6370,2,2,7,2
201342I179406,1,9,0,12,0,8,0,0,0,0,3,1,6,3,-1,1997,2,2,7,3
201342I179406,2,9,0,18,0,8,0,0,0,0,1,1,1,2,6,1995,2,1,10,1
201342I179506,1,9,0,18,0,1,0,0,0,0,1,1,6,2,8,1242,1,-1,7,1
201342I179506,2,9,0,3,0,1,0,0,0,0,2,1,6,2,8,1910,2,5,4,1
201342I179606,1,9,0,1,0,0,0,0,0,0,2,1,6,1,-1,1368,1,3,-1,-1
201342I179606,2,9,0,2,0,0,0,0,0,0,0,1,6,3,-1,-1,-1,-1,-1,-1
201342I179706,1,9,0,17,0,0,0,0,0,0,0,1,6,1,9,1998,2,4,9,3
201342I179706,2,16,0,18,0,0,0,0,0,0,0,1,6,2,-1,-1,-1,-1,9,2
201342I179806,1,9,0,18,0,1,0,0,0,0,1,1,6,1,4,2231,2,7,6,1
201342I179806,2,9,0,18,0,2,0,0,0,0,4,1,6,1,7,1796,1,10,2,1
201342I179907,1,19,0,9,0,1,0,0,0,0,1,1,1,1,7,1868,2,11,6,2
201342I179907,2,9,0,18,0,1,0,0,0,0,1,1,1,1,4,1598,1,10,8,1
201342I180007,1,9,0,9,0,1,0,0,0,0,0,1,6,2,8,1998,2,8,9,1
201342I180007,2,1,0,18,0,1,0,0,0,0,4,1,6,1,7,-1,-1,-1,4,1