Accident_Index,Vehicle_Reference,Vehicle_Type,Towing_and_Articulation,Vehicle_Manoeuvre,Vehicle_Location-Restricted_Lane,Junction_Location,Skidding_and_Overturning,Hit_Object_in_Carriageway,Vehicle_Leaving_Carriageway,Hit_Object_off_Carriageway,1st_Point_of_Impact,Was_Vehicle_Left_Hand_Drive?,Journey_Purpose_of_Driver,Sex_of_Driver,Age_Band_of_Driver,Engine_Capacity_(CC),Propulsion_Code,Age_of_Vehicle,Driver_IMD_Decile,Driver_Home_Area_Type
201342I180107,1,20,0,18,0,0,0,0,0,0,0,1,1,1,7,5880,2,13,10,1
201342I180107,2,9,0,2,0,0,0,0,0,0,0,1,6,3,-1,-1,-1,-1,-1,-1
201342I180206,1,9,0,7,0,4,0,0,0,0,0,1,6,1,4,1596,1,7,9,1
201342I180206,2,9,0,7,0,4,0,0,0,0,0,1,6,2,8,998,1,11,3,1
201342I180306,1,9,0,3,0,1,0,0,0,0,1,1,6,1,5,1461,2,1,5,1
201342I180306,2,9,0,3,0,1,0,0,0,0,2,1,6,1,6,1242,1,14,6,1
201342I180406,1,9,0,3,0,1,0,0,0,0,1,1,6,2,-1,-1,-1,-1,-1,-1
201342I180406,2,9,0,3,0,1,0,0,0,0,2,1,6,2,5,1390,1,9,4,1
201342I180506,1,20,0,5,0,4,0,0,0,0,4,1,6,1,-1,11705,2,5,-1,-1
201342I180506,2,9,0,3,0,1,0,0,0,0,3,1,6,2,9,1596,1,11,10,1
201342I180607,1,9,0,18,0,0,1,0,1,3,3,1,6,1,4,998,1,11,9,2
201342I180706,1,9,0,7,0,4,0,0,0,0,3,1,1,1,8,1397,1,4,-1,-1
201342I180706,2,1,0,18,0,3,0,0,0,0,4,1,2,1,6,-1,-1,-1,7,2
201342I180906,1,1,0,18,0,1,0,0,0,0,4,1,6,1,4,-1,-1,-1,9,3
201342I180906,2,9,0,18,0,1,0,0,0,0,3,1,6,3,7,1296,1,7,9,3
201342I181007,1,9,0,18,0,1,0,0,0,0,1,1,6,1,11,1997,1,13,7,3
201342I181007,2,11,0,10,0,1,0,0,0,0,2,1,6,1,8,7300,2,8,6,1
201342I181106,1,9,0,9,0,1,0,0,0,0,1,1,1,1,7,1686,2,3,2,1
201342I181106,2,9,0,18,0,1,0,0,0,0,4,1,6,2,8,1596,1,11,2,1
201342I181207,1,9,0,5,0,0,1,0,1,1,1,1,6,1,4,1596,1,11,10,1
201342I181307,1,9,0,7,0,2,0,0,0,0,1,1,6,2,4,1397,1,5,4,3
201342I181407,1,9,0,9,0,6,0,0,0,0,1,1,2,2,5,1995,2,-1,8,1
201342I181407,2,5,0,14,0,1,0,0,0,0,4,1,2,1,6,-1,-1,-1,4,1
201342I181506,1,9,0,18,0,1,0,0,0,0,1,1,6,2,5,1984,1,13,4,1
201342I181506,2,9,0,18,0,1,0,0,0,0,2,1,6,2,10,1299,1,8,5,1
201342I181506,3,9,0,10,0,1,0,0,0,0,2,1,6,1,5,1995,2,1,8,1
201342I181606,1,19,0,18,0,0,0,0,7,4,1,2,1,1,7,1299,1,10,-1,-1
201342I181706,1,9,0,18,0,0,0,0,0,0,1,1,6,3,4,1242,1,12,8,1
201342I181706,2,9,0,18,0,0,0,0,0,0,1,1,6,1,4,1589,1,13,8,1
201342I181807,1,9,0,18,0,0,1,0,0,0,1,1,1,1,6,-1,-1,-1,4,1
201342I181807,2,9,0,18,0,0,0,0,0,0,2,1,2,1,7,1584,1,6,8,1
201342I181907,1,9,0,17,0,0,5,0,2,4,1,1,2,2,5,1299,1,12,10,3
201342I182007,1,9,0,4,0,0,0,0,0,0,1,1,2,1,6,1781,1,11,4,1
201342I182007,2,9,0,4,0,0,0,0,0,0,1,1,2,2,10,1360,1,6,9,1
201342I182007,3,9,0,4,0,0,0,0,0,0,2,1,2,1,10,1997,2,11,8,1
201342I182107,1,9,0,18,0,0,1,0,0,4,1,1,3,1,7,1595,1,10,4,1
201342I182206,1,9,5,18,0,1,0,0,0,0,0,1,6,3,-1,-1,-1,-1,-1,-1
201342I182306,1,9,0,12,0,6,0,0,0,0,2,1,6,1,11,-1,-1,-1,8,1
201342I182306,2,5,0,18,0,1,0,0,0,0,1,1,6,1,5,-1,-1,-1,8,1
201342I182506,1,9,0,3,0,1,0,0,0,0,2,1,6,3,-1,-1,-1,-1,-1,-1
201342I182506,2,9,0,7,0,1,0,0,0,0,3,1,6,1,7,-1,-1,-1,-1,-1
201342I182607,1,3,0,18,0,1,0,0,0,0,0,1,6,1,5,124,1,-1,6,1
201342I182707,1,9,0,18,0,0,0,0,1,9,1,1,6,1,11,1596,1,9,6,1
201342I182707,2,9,0,18,0,0,0,0,0,0,1,1,6,1,7,1198,1,2,4,3
201342I182806,1,9,0,3,0,8,0,0,0,0,1,1,6,2,7,1596,1,11,4,1
201342I182806,2,8,0,10,0,5,0,0,0,0,2,1,1,1,9,2496,2,6,1,1
201342I182903,1,19,0,1,0,0,0,0,0,0,2,1,6,1,-1,2287,2,5,-1,-1
201342I182903,2,9,0,2,0,0,0,0,0,0,1,1,6,1,8,1598,1,7,8,1
201342I183007,1,9,0,9,0,1,0,0,0,0,1,1,2,2,6,2316,1,15,7,1
201342I183007,2,9,0,4,0,1,0,0,0,0,1,1,6,2,8,1600,1,14,10,3
201342I183007,3,9,0,10,0,2,0,0,0,0,3,1,6,2,5,-1,-1,-1,10,1
201342I183106,1,9,0,18,0,0,0,0,0,0,1,1,6,1,6,2143,2,-1,-1,-1
201342I183106,2,9,0,4,0,0,0,0,0,0,2,1,6,2,7,1598,1,2,2,1
201342I183207,1,9,0,18,0,1,0,0,0,0,1,1,6,2,-1,-1,-1,-1,-1,-1
201342I183307,1,9,0,18,0,1,0,0,0,0,1,1,6,1,5,998,1,-1,3,1
201342I183407,1,9,0,18,0,0,0,0,7,4,1,1,2,1,10,1299,1,15,6,1
201342I183506,1,9,0,16,0,1,0,0,0,0,1,1,6,1,6,1995,2,6,-1,-1
201342I183506,2,9,0,16,0,1,0,0,0,0,2,1,6,2,8,-1,-1,-1,6,2
201342I183703,1,9,0,17,0,0,1,0,2,4,1,1,6,1,5,1984,1,10,1,1
201342I183703,2,9,0,16,0,0,0,0,0,0,3,1,2,1,4,1995,2,5,-1,-1
201342I183807,1,19,0,18,0,2,0,0,0,0,4,1,1,1,7,2402,2,11,9,3
201342I183906,1,19,0,18,0,0,5,0,1,6,3,2,2,1,8,1753,2,10,3,1
201342I184007,1,9,0,18,0,3,0,0,7,11,1,1,6,1,5,1149,1,14,3,1
201342I184107,1,2,0,5,0,6,1,0,0,0,3,1,6,1,-1,-1,-1,-1,-1,-1
201342I184107,2,9,0,18,0,5,1,0,0,0,1,1,6,2,4,1242,1,-1,2,1
201342I184206,1,9,0,1,0,1,0,0,0,0,2,1,6,2,-1,-1,-1,-1,-1,-1
201342I184307,1,9,0,18,0,1,0,0,0,0,4,1,6,1,-1,1998,2,10,-1,-1
201342I184307,2,3,0,18,0,1,0,0,0,0,3,1,2,1,5,124,1,7,6,1
201342I184407,1,5,0,18,0,0,1,0,0,0,0,1,6,1,9,-1,-1,-1,6,2
201342I184502,1,2,0,18,0,0,0,0,0,0,1,1,6,1,4,49,1,8,5,1
201342I184502,2,9,0,14,0,0,0,0,0,0,2,1,6,2,-1,-1,-1,-1,-1,-1
201342I184607,1,9,0,18,0,0,0,0,0,0,1,1,6,1,-1,-1,-1,-1,-1,-1
201342I184607,2,9,0,3,0,0,0,0,0,0,0,1,6,2,5,698,1,9,4,1
201342I184707,1,9,0,3,9,0,0,0,0,0,1,1,6,1,10,-1,-1,-1,10,1
201342I184707,2,1,0,18,9,0,0,0,0,0,0,1,6,1,3,-1,-1,-1,-1,-1
201342I184807,1,9,0,16,0,0,0,0,0,0,0,1,6,3,-1,-1,-1,-1,-1,-1
201342I184807,2,9,0,17,0,0,2,0,8,4,1,1,6,1,-1,1781,1,12,-1,-1
201342I184906,1,9,0,9,0,1,0,0,0,0,0,1,6,1,4,-1,-1,-1,-1,-1
201342I184906,2,4,0,18,0,8,1,0,0,0,0,1,6,1,8,108,1,-1,8,1
201342I185007,1,9,0,9,0,1,0,0,0,0,1,1,6,1,10,1339,1,8,10,1
201342I185007,2,9,0,17,0,1,0,0,0,0,1,1,6,2,8,1560,2,3,9,3
201342I185007,3,4,0,8,0,1,0,0,0,0,4,1,6,1,6,883,1,1,9,3
201342I185107,1,9,0,4,0,5,0,0,0,0,2,1,6,2,-1,1390,1,1,6,1
201342I185107,2,5,0,18,0,1,0,0,0,0,1,1,6,1,10,296,1,-1,7,3
201342I185207,1,9,0,5,0,8,0,0,0,0,1,1,6,1,8,2457,1,9,9,1
201342I185207,2,3,0,18,0,8,0,0,0,0,1,1,6,1,5,-1,-1,-1,10,1
201342I185307,1,19,0,8,0,1,0,0,0,0,4,1,6,1,-1,1753,2,7,4,1
201342I185307,2,9,0,14,0,1,0,0,0,0,1,1,1,1,4,-1,-1,-1,2,1
201342I185407,1,9,0,17,0,2,0,0,0,0,1,1,1,1,5,-1,-1,-1,8,1
201342I185407,2,9,0,16,0,1,0,0,0,0,1,1,1,2,8,-1,-1,-1,-1,-1
201342I185507,1,9,0,7,0,8,0,0,3,11,1,1,2,2,5,1149,1,6,9,1
201342I185607,1,9,0,18,0,0,5,0,1,0,1,1,6,1,6,1596,1,8,6,1
201342I185707,1,1,0,18,0,1,0,0,0,0,1,1,1,1,8,-1,-1,-1,8,1
201342I185707,2,9,0,18,0,1,0,0,0,0,2,1,1,1,-1,1596,1,13,-1,-1
201342I185807,1,9,0,9,0,5,0,0,0,0,3,1,1,1,6,1598,2,1,7,1
201342I185807,2,21,1,18,0,8,0,0,0,0,1,1,1,1,9,12419,2,1,5,1
201342I185907,1,9,0,18,0,0,0,0,0,0,1,1,6,1,10,1560,2,9,3,1
201342I185907,2,9,0,18,0,0,0,0,0,0,1,1,6,2,10,1386,1,10,6,1
201342I186106,1,9,0,18,0,0,0,0,0,0,1,1,6,1,9,998,1,1,4,1
201342I186106,2,9,0,18,0,0,0,0,0,0,2,1,6,1,-1,998,1,10,2,1
201342I186207,1,9,0,17,0,0,0,0,0,0,1,1,2,1,6,1767,1,11,8,1
201342I186207,2,9,0,18,0,0,0,0,1,11,1,1,6,2,8,-1,-1,-1,9,1
201342I186306,1,9,0,7,9,2,0,0,1,0,4,1,6,1,-1,-1,-1,-1,-1,-1
201342I186407,1,9,0,18,0,1,0,0,0,0,1,1,6,1,-1,1896,2,12,-1,-1
201342I186407,2,9,0,18,0,1,0,0,0,0,4,1,6,2,6,3200,2,12,5,1
201342I186606,1,9,0,18,0,0,5,0,1,7,1,1,6,2,4,1299,1,11,7,1
201342I186707,1,19,0,18,0,0,1,0,0,0,1,1,6,3,-1,-1,-1,-1,-1,-1
201342I186707,2,9,0,18,0,0,0,0,0,0,1,1,3,2,7,1598,1,-1,4,1
201342I186807,1,9,0,7,0,6,0,0,0,0,1,1,1,1,7,1493,2,7,3,1
201342I186807,2,1,0,18,0,8,0,0,0,0,4,1,1,1,8,-1,-1,-1,6,1
201342I186907,1,1,0,14,0,6,0,0,0,0,1,1,2,1,6,-1,-1,-1,10,1
201342I186907,2,9,0,18,0,1,0,0,0,0,3,1,6,3,9,-1,-1,-1,10,1
201342I187007,1,9,0,3,0,1,0,0,0,0,2,1,6,1,6,2993,2,1,8,1
201342I187007,2,9,0,5,0,1,0,0,0,0,1,1,2,2,10,1598,1,1,4,1
201342I187107,1,9,0,18,0,0,0,0,4,6,1,1,1,2,4,1198,1,1,4,1
201342I187107,2,9,0,18,0,0,0,0,4,6,2,1,1,2,9,1598,2,-1,5,1
201342I187207,1,98,0,18,0,0,0,0,0,0,0,1,1,1,6,-1,-1,-1,9,1
201342I187207,2,1,0,18,9,0,0,0,0,0,0,1,6,1,6,-1,-1,-1,9,1
201342I187307,1,9,0,4,0,1,0,0,0,0,1,1,6,1,-1,-1,-1,-1,-1,-1
201342I187307,2,9,0,3,0,1,0,0,0,0,2,1,2,1,9,1199,2,2,9,1
201342I187406,1,9,0,18,0,0,0,0,0,0,1,1,6,2,5,1299,1,11,7,3
201342I187406,2,9,0,18,0,0,0,0,0,0,2,1,6,1,8,3387,1,6,-1,-1
201342I187506,1,9,0,3,0,1,0,0,0,0,2,1,2,1,9,-1,-1,-1,9,2
201342I187506,2,9,0,4,0,1,1,0,0,0,1,1,6,3,-1,-1,-1,-1,-1,-1
201342I187607,1,9,0,17,0,0,0,0,1,4,1,1,6,2,8,998,1,2,5,1
201342I187607,2,9,0,16,0,0,0,0,0,0,1,1,6,2,6,3800,1,3,9,3
201342I187707,1,9,0,18,0,0,0,0,0,0,1,1,6,1,-1,-1,-1,-1,-1,-1
201342I187707,2,1,0,18,0,0,0,0,0,0,3,1,6,1,9,-1,-1,-1,4,1
201342I187906,1,9,0,18,0,4,0,0,0,0,3,1,6,1,8,-1,-1,-1,4,1
201342I187906,2,9,0,18,0,4,0,0,0,0,0,1,6,1,6,2792,1,5,-1,-1
201342I187906,3,9,0,18,0,4,0,0,0,0,4,1,1,1,5,-1,-1,-1,5,1
201342I188007,1,9,0,18,0,1,0,0,0,0,1,1,6,1,7,1598,1,3,10,1
201342I188007,2,5,0,18,0,1,0,0,0,0,2,1,6,1,8,997,1,25,9,3
201342I188107,1,9,0,18,0,8,0,0,0,0,1,1,6,1,10,1596,1,2,1,2
201342I188207,1,5,0,9,0,4,0,0,0,11,1,1,6,1,7,599,1,5,7,3
201342I188307,1,9,0,1,0,0,0,0,0,0,0,1,6,3,-1,1248,1,2,6,1
201342I188406,1,9,0,17,0,0,2,0,7,3,1,1,6,1,6,1850,1,11,8,2
201342I188507,1,9,0,18,0,0,0,0,0,0,1,1,6,2,10,1896,2,4,9,1
201342I188507,2,9,0,18,0,0,0,0,0,0,1,1,6,1,6,-1,-1,-1,7,1
201342I188507,3,9,0,18,0,0,1,0,0,0,1,1,2,1,5,1242,1,-1,4,1
201342I188607,1,21,0,18,6,0,0,0,1,10,1,1,1,1,4,15607,2,-1,7,3
201342I188607,2,21,0,2,6,0,0,0,0,0,2,1,1,1,6,12777,2,2,-1,-1
201342I188707,1,11,0,17,0,2,0,0,0,0,1,1,6,1,7,-1,2,16,4,1
201342I188807,1,9,0,9,0,8,0,0,0,0,1,1,6,1,-1,1360,1,6,-1,-1
201342I188807,2,1,0,18,0,1,0,0,0,0,0,1,6,1,5,-1,-1,-1,2,1
201342I188907,1,9,0,18,0,3,0,0,0,0,2,1,6,1,-1,1995,2,7,-1,-1
201342I188907,2,9,0,18,0,3,0,0,0,0,1,1,6,1,7,2179,2,-1,2,1
201342I188907,3,9,0,18,0,3,0,0,0,0,2,1,6,1,-1,2179,2,-1,-1,-1
201342I189107,1,9,0,18,0,2,0,0,0,0,0,1,6,3,-1,1396,1,10,-1,-1
201342I189107,2,9,0,18,0,2,0,0,0,0,0,1,6,2,6,1598,1,2,10,1
201342I189107,3,9,0,2,0,2,0,0,0,0,0,1,6,3,-1,-1,-1,-1,-1,-1
201342I189207,1,9,0,7,0,4,0,0,0,0,3,1,6,1,10,1910,2,3,4,1
201342I189207,2,9,0,9,0,3,0,0,0,0,4,1,6,1,9,1364,1,6,2,1
201342I189307,1,9,0,9,0,1,0,0,0,0,3,1,6,1,11,2184,2,8,6,1
201342I189307,2,5,0,18,0,1,1,0,7,1,4,1,6,1,7,996,1,5,7,1
201342I189407,1,9,0,18,0,0,0,0,0,0,2,1,6,2,5,1390,1,11,8,1
201342I189407,2,9,0,4,0,0,0,0,0,0,1,1,6,1,4,1149,1,13,4,1
201342I189407,3,9,0,4,0,0,0,0,0,0,1,1,6,2,8,1796,1,8,4,1
201342I189407,4,9,0,4,0,0,0,0,0,0,1,1,6,1,6,1753,2,11,4,1
201342I189506,1,9,0,4,0,1,0,0,0,0,4,1,6,1,9,-1,-1,-1,-1,-1
201342I189607,1,5,0,17,0,4,1,0,0,0,3,1,6,1,10,999,1,2,10,1
201342I189607,2,9,0,4,0,8,0,0,0,0,2,1,6,1,7,1870,2,8,8,1
201342I189607,3,9,0,18,0,8,0,0,0,0,0,1,1,1,7,1997,2,5,10,1
201342I189707,1,9,0,18,0,4,2,0,1,1,1,1,6,1,4,1149,1,12,10,1
201342I189807,1,9,0,9,0,5,0,0,0,0,1,1,6,1,10,-1,-1,-1,4,1
201342I189807,2,1,0,18,0,8,0,0,1,0,1,1,6,1,6,-1,-1,-1,2,1
201342I189907,1,9,0,9,0,6,0,0,0,0,4,1,6,1,8,1200,1,9,2,1
201342I189907,2,1,0,18,0,8,0,0,0,0,3,1,6,1,7,-1,-1,-1,5,1
201342I190007,1,19,0,9,0,0,0,0,0,0,1,1,2,1,7,1968,2,-1,-1,-1
201342I190007,2,5,0,18,0,0,0,0,0,0,4,1,2,1,8,998,1,7,10,1
201342I190107,1,9,0,18,0,0,0,0,0,0,1,1,6,1,7,1598,1,5,9,1
201342I190107,2,9,0,18,0,0,0,0,0,0,2,1,2,2,6,1596,1,12,5,1
201342I190207,1,19,0,3,0,4,0,0,0,0,2,1,6,1,-1,1753,2,2,-1,-1
201342I190207,2,9,0,18,0,4,0,0,0,0,1,1,6,1,5,1896,2,12,10,1
201342I190307,1,9,0,18,0,0,0,0,0,0,0,1,6,3,-1,-1,-1,-1,-1,-1
201342I190307,2,9,0,18,0,0,0,0,0,0,1,1,6,1,11,1995,2,-1,9,1
201342I190307,3,9,0,18,0,0,0,0,0,0,2,1,6,2,8,1248,2,5,8,1
201342I190307,4,9,0,18,0,0,0,0,0,0,1,1,6,2,8,998,1,4,9,1
201342I190307,5,9,0,18,0,0,0,0,0,0,1,1,6,1,7,1995,2,6,8,1
201342I190307,6,19,0,18,0,0,0,0,0,0,1,1,6,1,6,1461,2,10,4,1
201342I190307,7,19,0,18,0,0,0,0,0,0,1,1,6,1,6,1995,2,1,3,1
201342I190307,8,19,0,18,0,0,0,0,0,0,1,1,6,1,5,1753,2,9,4,1
201342I190507,1,9,0,9,0,8,0,0,1,0,1,1,1,1,10,-1,-1,-1,5,2
201342I190507,2,9,0,18,0,8,0,0,0,4,1,1,3,2,6,-1,-1,-1,5,1
201342I190607,1,9,0,18,0,4,0,0,0,0,3,1,1,2,6,1596,1,12,7,1
201342I190607,2,1,0,18,0,8,0,0,0,0,1,1,6,1,7,-1,-1,-1,5,1
201342I190707,1,9,0,9,0,1,0,0,0,0,3,1,1,1,5,1149,1,14,3,1
201342I190707,2,5,0,18,0,1,1,0,0,0,1,1,6,1,9,659,1,-1,6,2
201342I190807,1,19,0,5,0,0,0,0,0,0,3,1,1,1,5,2143,2,2,8,2
201342I190807,2,1,0,14,0,0,0,0,8,4,4,1,6,1,7,-1,-1,-1,8,1
201342I190907,1,9,0,5,0,4,0,0,0,0,1,1,1,2,4,1796,1,11,7,1
201342I190907,2,9,0,2,0,4,0,0,0,0,2,1,1,1,7,2987,2,-1,2,1
201342I191007,1,5,0,16,0,0,0,0,0,0,4,1,6,1,8,649,1,7,6,3
201342I191307,1,9,0,18,0,0,0,0,0,0,1,1,1,1,6,1796,1,13,-1,-1
201342I191307,2,9,0,18,0,0,0,0,0,0,2,1,1,2,7,-1,-1,-1,1,1
201342I191407,1,9,0,18,0,0,2,0,1,0,0,1,6,1,4,1598,1,9,5,1
201342I191507,1,9,0,15,0,3,0,0,0,0,3,1,6,3,-1,-1,-1,-1,-1,-1
201342I191507,2,90,0,11,0,3,5,0,0,0,4,1,6,1,6,-1,-1,-1,3,1
201342I191607,1,9,0,18,0,1,0,0,0,0,1,1,6,2,6,1596,1,6,4,1
201342I191607,2,9,0,8,0,1,0,0,1,10,2,1,6,2,7,1397,1,4,6,1
201342I191707,1,9,0,18,6,0,0,0,0,0,1,1,6,1,8,1769,1,11,10,1
201342I191807,1,9,0,12,0,0,0,0,0,0,1,1,2,2,8,1997,1,9,4,1
201342I191807,2,11,0,18,0,0,0,0,0,0,2,1,1,1,10,8268,2,11,7,1
201342I191907,1,19,0,9,0,1,0,0,0,0,4,1,2,1,7,1968,2,5,8,1
201342I191907,2,21,0,18,0,1,0,0,0,0,0,1,6,1,8,12900,2,4,5,1
201342I192007,1,9,0,18,0,0,1,10,0,6,1,1,6,1,6,2295,1,13,1,1
201342I192107,1,9,0,5,0,6,0,0,1,0,1,1,6,2,10,-1,-1,-1,6,1
201342I192407,1,5,0,18,0,0,0,0,0,0,0,1,6,2,6,599,1,14,1,1
201342I192407,2,9,0,4,0,0,0,0,0,0,0,1,6,2,4,1149,1,13,10,1
201342I192507,1,19,0,5,0,1,0,0,0,0,1,1,1,1,6,1399,2,4,5,1
201342I192607,1,9,0,4,0,0,0,0,0,0,0,1,1,1,9,-1,-1,-1,2,1
201342I192707,1,9,0,17,0,0,1,0,2,11,1,1,6,1,4,1242,1,6,10,2
201342I192807,1,2,0,4,0,0,0,0,0,0,3,1,6,1,4,50,1,2,9,2
201342I192807,2,21,1,4,0,0,0,0,0,0,0,1,1,1,9,-1,-1,-1,9,3
201342I192907,1,9,0,16,0,0,0,0,0,0,1,1,2,1,6,-1,-1,-1,7,2
201342I192907,2,9,0,17,0,0,0,0,1,1,3,1,6,2,6,1198,1,5,10,2
201342I192907,3,19,0,17,0,0,0,0,0,0,1,1,2,1,10,1753,2,4,10,1
201342I193007,1,9,0,17,0,1,0,0,0,0,0,1,6,2,7,1686,2,8,3,1
201342I193007,2,9,0,4,0,2,0,0,0,0,0,1,6,2,7,2987,2,3,3,1
201342I193107,1,5,0,13,0,0,0,7,0,0,4,1,6,1,7,1100,1,22,10,3
201342I193207,1,9,0,18,0,0,0,0,0,0,0,1,6,1,4,1390,1,10,9,1
201342I193207,2,9,0,18,0,0,0,0,0,0,0,1,6,2,9,1399,2,5,3,1
201342I193207,3,9,0,18,0,0,0,0,0,0,0,1,6,1,10,-1,-1,-1,8,3
201342I193207,4,9,0,18,0,0,0,0,0,0,0,1,6,1,8,2993,2,6,8,1
201342I193307,1,9,0,9,0,6,0,0,1,0,1,1,2,1,7,1587,1,12,4,1
201342I193307,2,9,0,18,0,1,1,0,7,0,4,1,6,2,6,1598,2,1,3,1
201342I193307,3,9,0,18,0,1,1,0,7,0,1,1,6,1,5,1984,1,6,5,1
201342I193407,1,9,0,1,0,0,0,0,0,0,2,1,6,1,-1,2967,2,-1,-1,-1
201342I193607,1,21,0,12,0,0,0,0,0,0,1,2,1,1,9,-1,-1,-1,-1,-1
201342I193607,2,9,0,18,0,0,1,0,5,6,4,1,6,2,7,1796,1,14,2,1
201342I193607,3,11,0,18,0,0,0,0,0,0,1,1,1,1,7,5880,2,8,3,1
201342I193707,1,9,0,5,0,2,0,0,0,0,1,1,6,1,11,1995,2,12,8,1
201342I193707,2,9,0,18,0,1,0,0,0,0,1,1,6,2,6,1598,1,-1,8,1
201342I193806,1,9,0,18,0,0,0,0,0,0,1,1,6,1,-1,-1,-1,-1,-1,-1
201342I193806,2,9,0,18,0,0,0,0,0,0,1,1,6,1,-1,1461,2,3,-1,-1
201342I193907,1,5,4,18,0,0,1,0,0,0,1,1,6,1,9,1520,1,13,5,1
201342I193907,2,9,0,18,0,0,0,0,0,0,2,1,6,2,9,-1,-1,-1,6,1
201342I194007,1,9,0,1,0,0,0,0,0,0,1,1,6,1,9,1560,2,1,2,1
201342I194007,2,9,0,2,0,0,0,0,0,0,3,1,6,2,8,1997,1,12,1,1
201342I194107,1,9,0,17,0,0,5,0,7,0,1,1,6,2,8,1985,1,11,6,1
201342I194207,1,9,0,15,0,8,0,0,0,0,3,1,6,1,9,2231,2,-1,5,1
201342I194207,2,1,0,18,0,8,0,0,0,0,4,1,6,1,5,-1,-1,-1,4,1
201342I194307,1,9,0,4,0,0,0,0,0,0,0,1,6,2,8,2996,1,4,10,1
201342I194307,2,9,0,18,0,0,0,0,0,0,0,1,6,2,7,1598,1,10,9,2
201342I194307,3,9,0,18,0,0,0,0,0,0,0,1,2,1,8,-1,-1,-1,7,1
201342I194407,1,21,1,11,0,0,0,0,0,0,1,1,1,1,9,10837,2,1,2,1
201342I194407,2,9,0,18,0,0,0,0,0,0,3,1,2,2,9,1229,1,8,9,1
201342I194507,1,1,0,18,0,1,0,0,0,0,1,1,2,1,9,-1,-1,-1,8,1
201342I194507,2,9,0,18,0,2,0,0,0,0,1,1,2,1,7,-1,-1,-1,9,1
201342I194607,1,9,0,6,0,0,1,0,0,0,0,1,6,1,5,1242,1,3,10,1
201342I194607,2,9,0,18,0,0,0,0,0,0,1,1,6,1,9,1998,2,9,-1,-1
201342I194707,1,9,0,18,0,1,0,0,0,0,1,1,1,1,9,1598,1,10,-1,-1
201342I194707,2,8,0,18,0,1,0,0,0,0,1,1,1,1,7,-1,-1,-1,8,1
201342I194807,1,9,0,9,0,6,0,0,0,0,1,1,6,2,4,1242,1,2,7,1
201342I194807,2,3,0,18,0,1,0,0,0,0,1,1,6,1,5,125,1,1,6,1
201342I194907,1,9,0,5,0,6,0,0,0,0,1,1,6,2,6,2350,1,14,8,1
201342I194907,2,9,0,18,0,1,0,0,0,0,1,1,6,2,8,1596,1,9,8,1
201342I195007,1,9,0,12,0,0,0,0,0,0,3,1,6,2,7,1560,2,8,-1,3
201342I195007,2,5,0,12,0,0,1,0,0,0,1,1,1,1,6,900,1,15,5,1
201342I195107,1,9,0,18,0,0,0,0,1,9,3,1,1,1,6,1896,2,5,3,1
201342I195107,2,9,0,2,0,0,0,0,0,0,3,1,6,1,8,1968,2,2,6,1
201342I195207,1,5,0,18,0,0,1,0,0,0,0,1,6,1,8,899,1,12,5,1
201342I195306,1,5,0,9,9,0,0,0,0,0,4,1,2,1,8,499,1,16,5,1
201342I195306,2,1,0,18,9,0,0,0,0,0,1,1,6,1,3,-1,-1,-1,5,1
201342I195407,1,9,0,7,0,1,5,0,0,0,4,1,6,1,4,1149,1,12,3,1
201342I195407,2,9,0,2,0,1,0,0,0,0,0,1,6,1,-1,1995,2,2,-1,-1
201342I195507,1,9,0,11,0,0,0,0,0,0,4,1,6,1,10,1599,1,9,2,1
201342I195507,2,9,0,18,0,0,2,0,1,0,3,1,6,1,7,1796,1,7,2,1
201342I195607,1,9,0,9,0,4,0,0,0,0,3,2,6,3,9,-1,-1,-1,-1,-1
201342I195607,2,5,0,18,0,4,0,0,0,0,4,1,6,1,6,649,1,4,6,1
201342I195707,1,9,0,16,0,2,0,0,0,0,1,1,6,1,4,1390,1,3,8,1
201342I195707,2,9,0,17,0,1,0,0,0,0,3,1,6,1,10,2148,2,4,8,1
201342I195807,1,19,0,3,0,0,0,0,0,0,0,1,1,1,6,1968,2,1,8,1
201342I195807,2,5,0,18,0,0,0,0,0,0,3,1,6,1,-1,560,1,7,9,1
201342I195807,3,19,0,18,0,0,0,0,0,0,4,1,6,1,8,2143,2,-1,9,1
201342I195907,1,9,0,6,0,0,0,0,0,0,3,1,6,1,10,1796,2,1,8,1
201342I195907,2,1,0,18,0,0,0,0,0,0,4,1,6,1,6,-1,-1,-1,3,1
201342I196207,1,9,0,5,0,8,0,0,0,0,4,1,6,1,7,1598,1,5,3,1
201342I196207,2,9,0,18,0,1,0,0,0,0,1,1,6,2,6,1997,2,6,9,1
201342I196307,1,9,0,13,0,0,0,0,0,0,3,1,6,1,6,1995,1,10,10,1
201342I196307,2,1,0,18,0,0,0,0,0,0,1,1,2,1,5,-1,-1,-1,6,2
201342I196407,1,9,0,18,0,4,1,0,0,0,1,1,6,1,4,1339,1,9,3,1
201342I196407,2,9,0,4,0,4,0,0,0,0,1,1,6,1,4,1596,1,11,4,1