Accident_Index,Vehicle_Reference,Vehicle_Type,Towing_and_Articulation,Vehicle_Manoeuvre,Vehicle_Location-Restricted_Lane,Junction_Location,Skidding_and_Overturning,Hit_Object_in_Carriageway,Vehicle_Leaving_Carriageway,Hit_Object_off_Carriageway,1st_Point_of_Impact,Was_Vehicle_Left_Hand_Drive?,Journey_Purpose_of_Driver,Sex_of_Driver,Age_Band_of_Driver,Engine_Capacity_(CC),Propulsion_Code,Age_of_Vehicle,Driver_IMD_Decile,Driver_Home_Area_Type
201342I196407,3,9,0,4,0,4,0,0,0,0,2,1,6,2,6,1396,1,11,8,3
201342I196507,1,20,0,5,0,1,0,0,0,0,0,1,1,1,6,-1,2,11,-1,-1
201342I196607,1,11,0,18,2,8,0,0,0,0,1,1,1,1,8,-1,-1,-1,5,1
201342I196607,2,1,0,18,2,8,0,0,0,0,2,1,6,2,3,-1,-1,-1,7,1
201342I196707,1,9,0,17,0,0,1,0,0,0,1,1,6,1,4,-1,-1,-1,9,2
201342I196707,2,9,0,3,0,0,0,0,0,0,2,1,6,2,7,-1,-1,-1,2,1
201342I196707,3,9,0,2,0,0,0,0,0,0,1,1,6,3,-1,-1,-1,-1,-1,-1
201342I196807,1,3,0,18,0,0,0,0,0,0,4,1,6,1,9,-1,-1,-1,-1,-1
201342I196907,1,1,0,18,0,1,0,0,0,0,3,1,6,1,2,-1,-1,-1,1,1
201342I196907,2,9,0,4,0,1,0,0,0,0,1,1,6,2,5,1198,1,2,10,1
201342I197007,1,1,0,18,0,8,0,0,0,0,1,1,6,1,7,-1,-1,-1,9,1
201342I197007,2,9,0,2,0,1,0,0,0,0,0,1,6,3,-1,-1,-1,-1,-1,-1
201342I197107,1,9,0,2,0,0,0,0,0,0,0,1,6,3,-1,-1,-1,-1,-1,-1
201342I197107,2,21,1,12,0,0,0,0,0,0,3,1,1,1,9,11705,2,5,-1,1
201342I197107,3,9,0,13,0,0,0,0,0,0,4,1,6,1,6,2000,1,6,6,1
201342I197206,1,9,0,18,0,1,0,0,0,0,0,1,6,3,-1,-1,-1,-1,-1,-1
201342I197206,2,9,0,18,0,1,0,0,0,0,0,1,6,3,-1,-1,-1,-1,-1,-1
201342I197206,3,9,0,18,0,1,1,0,1,2,1,1,1,1,8,-1,-1,-1,8,2
201342I197307,1,9,0,18,0,7,1,0,1,7,4,1,6,1,6,1461,2,8,4,1
201342I197407,1,9,0,18,0,0,1,0,0,11,3,1,6,1,5,1198,1,10,7,1
201342I197407,2,9,0,18,0,0,0,0,0,0,3,1,6,1,5,1388,1,14,7,3
201342I197507,1,9,0,18,0,0,0,0,0,0,0,1,6,3,-1,-1,-1,-1,-1,-1
201342I197507,2,1,0,18,0,0,0,0,0,0,0,1,6,1,4,-1,-1,-1,-1,-1
201342I197606,1,9,0,18,0,1,0,0,0,0,0,1,6,2,9,1397,1,1,10,2
201342I197606,2,19,0,9,0,1,0,0,0,0,0,1,6,1,6,1686,2,11,5,1
201342I197707,1,9,0,5,0,2,0,0,0,0,1,1,6,1,-1,2488,1,10,9,1
201342I197707,2,9,0,5,0,1,0,0,3,0,1,1,6,2,-1,998,1,17,5,1
201342I197807,1,9,0,18,0,0,0,0,0,0,1,1,6,1,5,1995,2,3,2,1
201342I197807,2,9,0,4,0,0,0,0,0,0,2,1,6,1,4,-1,-1,-1,2,1
201342I197907,1,19,0,3,0,1,0,0,0,0,1,1,1,1,8,2402,2,6,2,1
201342I197907,2,19,0,3,0,1,0,0,0,0,2,1,1,1,6,1753,2,8,7,1
201342I197907,3,20,1,3,0,1,0,0,0,0,2,1,1,1,8,-1,-1,-1,3,1
201342I198007,1,9,0,18,0,0,0,0,0,0,1,1,6,1,8,1196,1,16,1,2
201342I198007,2,1,0,12,0,0,0,0,0,0,2,1,6,1,3,-1,-1,-1,-1,-1
201342I198107,1,9,0,18,0,8,0,0,0,0,1,1,1,2,7,1560,2,1,-1,-1
201342I198107,2,1,0,9,0,8,0,0,7,0,3,1,6,2,7,-1,-1,-1,9,1
201342I198207,1,9,0,17,0,0,0,0,1,3,3,1,6,2,7,1242,1,12,6,2
201342I198207,2,9,0,2,0,0,0,0,0,0,0,1,6,3,-1,-1,-1,-1,-1,-1
201342I198407,1,9,0,18,0,1,0,0,0,0,1,1,6,2,6,998,1,13,4,1
201342I198407,2,9,0,9,0,1,0,0,0,0,3,1,6,1,5,2494,1,14,6,1
201342I198507,1,4,0,18,0,0,1,0,0,0,1,1,6,1,4,-1,-1,-1,2,1
201342I198507,2,9,0,18,0,0,0,0,0,0,1,1,6,1,10,998,1,-1,8,1
201342I198607,1,19,0,4,0,1,0,0,0,0,1,1,6,1,-1,2798,2,7,3,1
201342I198607,2,9,0,4,0,1,0,0,0,0,2,1,6,1,7,1598,1,5,9,1
201342I198707,1,19,0,9,0,1,0,0,0,0,2,1,6,1,-1,-1,-1,-1,-1,-1
201342I198707,2,9,0,18,0,1,1,0,0,0,1,1,6,1,5,1388,1,6,3,1
201342I198707,3,9,0,18,0,1,0,0,0,0,0,1,6,1,-1,-1,-1,-1,-1,-1
201342I198807,1,1,0,18,0,1,0,0,0,0,1,1,6,1,4,-1,-1,-1,2,1
201342I198807,2,9,0,18,0,1,0,7,7,10,3,1,6,1,5,1398,1,-1,3,1
201342I198907,1,9,0,18,0,1,0,0,0,0,1,1,6,2,7,1390,1,12,-1,-1
201342I198907,2,9,0,10,0,1,0,0,0,0,2,1,6,2,6,1997,2,8,4,1
201342I199007,1,9,0,18,0,0,0,0,0,0,0,1,3,2,7,1124,1,14,5,2
201342I199107,1,9,0,18,0,8,0,0,7,4,4,1,6,1,11,998,1,11,8,1
201342I199107,2,9,0,18,0,8,0,0,1,4,1,1,6,2,10,-1,-1,-1,5,1
201342I199207,1,9,0,9,0,1,0,0,0,0,1,1,1,2,8,1997,2,5,9,1
201342I199207,2,3,0,18,0,1,0,0,0,0,1,1,1,1,4,124,1,6,2,1
201342I199307,1,9,0,5,0,4,0,0,0,0,1,1,6,1,7,1896,2,12,9,1
201342I199307,2,1,0,18,0,3,0,0,0,0,2,1,6,1,4,-1,-1,-1,10,1
201342I199407,1,19,0,18,0,0,0,0,0,0,4,1,6,3,-1,2295,7,10,-1,-1
201342I199507,1,1,0,18,0,0,0,0,0,0,1,1,6,1,4,-1,-1,-1,8,1
201342I199507,2,9,0,2,0,0,0,0,0,0,4,1,6,3,-1,1796,1,14,-1,-1
201342I199607,1,5,0,17,0,2,0,0,1,0,1,1,6,1,5,599,1,13,9,1
201342I199707,1,9,0,4,0,1,0,0,0,0,0,1,3,2,7,1390,1,3,4,1
201342I199707,2,9,0,4,0,1,0,0,0,0,1,1,1,2,7,1995,2,9,3,1
201342I199807,1,9,0,5,0,3,0,0,0,0,1,1,6,2,7,1896,2,11,4,1
201342I199807,2,1,0,9,0,3,0,0,0,0,2,1,6,2,9,-1,-1,-1,3,1
201342I199907,1,9,0,4,0,0,0,0,0,0,1,1,6,2,6,1299,1,16,5,1
201342I199907,2,9,0,4,0,0,0,0,0,0,2,1,6,1,9,1968,2,4,8,3
201342I200007,1,9,0,17,0,0,0,0,0,0,1,1,2,1,4,1229,1,2,8,3
201342I200007,2,9,0,17,0,0,0,0,0,0,2,1,2,1,4,998,1,13,8,3
201342I200007,3,9,0,17,0,0,0,0,1,10,2,1,1,1,6,1753,2,7,10,3
201342I200107,1,9,0,18,0,8,0,0,2,11,2,1,2,2,5,1598,1,11,2,1
201342I200107,2,9,0,18,0,8,1,0,0,0,1,1,6,2,4,1596,1,3,6,1
201342I200207,1,9,0,12,0,8,0,0,0,0,2,1,6,1,-1,-1,-1,-1,-1,-1
201342I200207,2,3,0,18,0,8,0,0,0,10,4,1,6,1,4,124,1,1,6,1
201342I200307,1,9,0,2,0,1,0,0,0,0,3,1,6,1,9,1781,1,11,5,1
201342I200307,2,9,0,18,0,1,0,0,1,0,1,1,6,2,6,3239,1,16,2,1
201342I200407,1,19,0,1,0,0,0,0,0,0,2,1,6,1,5,2402,2,5,-1,-1
201342I200407,2,9,0,18,0,0,0,0,0,0,1,1,1,1,6,2993,2,3,6,1
201342I200507,1,1,0,9,0,1,0,0,0,0,0,1,6,1,4,-1,-1,-1,-1,-1
201342I200507,2,9,0,9,0,1,0,0,0,0,0,1,6,2,5,1598,1,11,10,1
201342I200607,1,9,0,18,0,1,0,0,0,0,0,1,6,3,-1,-1,-1,-1,-1,-1
201342I200607,2,9,0,18,0,1,2,4,0,0,1,1,3,2,6,1299,1,5,8,1
201342I200607,3,9,0,2,0,1,0,0,0,0,1,1,6,1,10,1240,1,8,-1,-1
201342I200607,4,9,0,2,0,1,0,4,0,0,1,1,6,3,-1,1086,1,8,-1,-1
201342I200807,1,9,0,3,0,0,0,0,0,0,2,1,6,2,7,1896,2,4,1,1
201342I200807,2,9,0,3,0,0,0,0,0,0,1,1,6,2,6,1388,1,16,1,1
201342I200907,1,20,0,12,0,0,0,0,0,0,3,1,6,1,-1,-1,-1,-1,-1,-1
201342I200907,2,9,0,18,0,0,0,0,0,7,4,1,6,2,5,1149,1,10,8,1
201342I201007,1,9,0,5,0,0,0,0,0,0,1,1,6,1,11,1590,1,21,8,1
201342I201007,2,9,0,5,0,0,0,0,0,0,2,1,1,1,8,1753,2,10,4,1
201342I201107,1,9,0,18,0,4,0,0,0,0,3,1,1,1,7,1896,2,6,8,1
201342I201107,2,9,0,18,0,3,0,0,0,0,4,1,1,2,7,1968,2,4,8,2
201342I201207,1,9,0,18,0,0,0,0,0,0,1,1,6,1,-1,-1,-1,-1,-1,-1
201342I201207,2,1,0,18,0,0,0,0,0,0,0,1,6,2,4,-1,-1,-1,7,1
201342I201307,1,9,0,3,0,4,0,0,0,0,0,1,2,2,6,1984,1,7,8,2
201342I201307,2,9,0,3,0,4,0,0,0,0,2,1,6,2,8,1199,1,10,8,1
201342I201407,1,9,0,18,0,0,0,0,0,0,4,1,6,1,-1,1999,1,4,10,1
201342I201507,1,9,0,9,0,1,0,0,0,0,0,1,6,2,8,1596,1,8,2,1
201342I201507,2,1,0,18,0,1,0,0,0,0,0,1,6,1,7,-1,-1,-1,7,1
201342I201607,1,9,0,18,0,0,0,0,0,0,1,1,6,2,7,1339,1,-1,9,2
201342I201607,2,9,0,18,0,0,0,0,1,4,1,1,6,1,8,1997,2,5,8,3
201342I201607,3,9,0,18,0,0,0,0,1,0,3,1,6,1,9,1596,1,4,8,2
201342I201707,1,5,0,4,0,0,1,0,0,0,4,1,2,1,9,647,1,13,8,1
201342I201707,2,21,1,4,0,0,0,0,0,0,0,2,1,1,-1,-1,-1,-1,-1,-1
201342I201807,1,9,0,3,0,3,0,0,0,0,1,1,6,1,5,1598,1,11,9,1
201342I201807,2,9,0,3,0,3,0,0,0,0,2,1,1,1,-1,1753,2,3,6,1
201342I201907,1,9,0,18,9,6,0,0,0,0,1,1,6,1,7,2184,2,7,5,1
201342I201907,2,1,0,18,9,6,0,0,0,0,3,1,2,1,6,-1,-1,-1,5,1
201342I202007,1,9,0,18,0,0,0,0,0,0,3,1,6,2,4,1598,1,1,-1,-1
201342I202107,1,9,0,18,0,4,0,0,0,0,3,1,6,1,6,-1,-1,-1,3,1
201342I202107,2,9,0,18,0,4,0,0,0,0,1,1,6,2,5,1794,1,11,7,2
201342I202207,1,9,0,9,0,5,0,0,0,0,4,1,2,1,6,-1,-1,-1,3,1
201342I202207,2,5,0,18,0,8,0,0,0,0,1,1,6,1,8,-1,-1,-1,7,1
201342I202307,1,5,0,18,0,4,0,10,0,0,0,1,6,1,6,599,1,10,5,1
201342I202407,1,9,0,18,0,0,1,0,0,0,1,1,6,1,4,1242,1,7,10,2
201342I202407,2,20,1,18,0,0,0,0,0,0,2,1,6,1,8,-1,-1,-1,3,1
201342I202407,3,9,0,18,0,0,0,0,0,0,1,1,6,2,8,1968,2,-1,7,1
201342I202607,1,9,0,7,0,6,1,0,0,0,4,1,3,2,7,1560,2,5,9,2
201342I202607,2,9,0,18,0,1,0,0,1,0,1,1,2,2,6,1998,1,9,5,1
201342I202707,1,9,0,18,0,7,0,0,0,0,0,1,6,1,-1,-1,-1,-1,-1,-1
201342I202707,2,3,0,18,0,7,1,0,0,0,1,1,2,2,4,-1,-1,-1,4,1
201342I202707,3,9,0,18,0,8,0,0,0,0,1,1,6,1,8,2435,7,9,-1,-1
201342I202707,4,9,0,18,0,7,0,0,0,0,2,1,2,2,6,1796,1,6,-1,-1
201342I202707,5,11,0,18,0,8,0,0,0,0,1,1,1,1,9,-1,-1,-1,9,1
201342I202807,1,9,0,18,0,0,0,0,0,0,1,1,6,2,7,1242,1,-1,7,1
201342I202807,2,9,0,18,0,0,0,0,0,0,2,1,6,1,8,1560,2,2,-1,-1
201342I202807,3,9,0,18,0,0,0,0,0,0,2,1,6,1,-1,1968,2,1,7,3
201342I202907,1,9,0,10,0,1,0,0,0,0,1,1,2,2,9,1596,1,10,6,1
201342I202907,2,1,0,18,0,1,0,0,0,0,0,1,6,1,8,-1,-1,-1,6,1
201342I203007,1,1,0,18,0,0,0,0,0,0,4,1,6,1,4,-1,-1,-1,-1,-1
201342I203007,2,9,0,18,0,0,0,0,0,0,1,1,6,2,8,1596,1,10,7,1
201342I203104,1,9,0,10,0,1,0,0,0,0,1,1,6,1,8,-1,-1,-1,6,2
201342I203104,2,9,0,18,0,1,0,0,0,0,1,1,6,1,7,1747,1,10,4,1
201342I203207,1,9,0,5,0,4,0,0,0,0,3,1,6,2,9,1240,1,8,-1,-1
201342I203207,2,5,0,18,0,8,0,0,0,0,1,1,6,1,5,598,1,11,4,1
201342I203707,1,9,0,18,0,0,0,0,0,0,1,1,6,2,-1,1198,1,2,-1,-1
201342I203707,2,9,0,18,0,0,0,0,0,0,2,1,6,1,8,1997,2,-1,6,1
201342I203806,1,9,0,18,0,0,0,4,0,0,1,1,6,2,11,1598,1,10,8,1
201342I203806,2,9,0,2,0,0,0,0,0,0,0,1,6,3,-1,2982,2,2,-1,-1
201342I203907,1,1,0,18,0,1,0,0,0,0,0,1,6,1,-1,-1,-1,-1,6,1
201342I203907,2,9,0,18,0,1,0,0,0,0,3,1,1,1,6,-1,-1,-1,8,1
201342I204007,1,9,0,5,0,4,0,0,0,0,1,1,6,1,-1,1910,2,7,3,1
201342I204007,2,9,0,5,0,4,0,0,0,0,2,1,6,2,5,1108,1,12,8,1
201342I204107,1,9,0,18,0,1,0,0,0,0,1,1,6,2,5,1149,1,9,8,2
201342I204207,1,9,0,18,0,0,0,0,0,0,4,1,6,1,-1,-1,-1,-1,-1,-1
201342I204207,2,5,0,18,0,0,0,0,0,0,3,1,1,1,6,600,1,14,5,1
201342I204307,1,8,0,18,0,4,0,0,0,0,0,1,6,1,-1,-1,-1,-1,-1,-1
201342I204307,2,5,0,18,0,4,0,0,0,0,0,1,6,1,6,-1,-1,-1,3,1
201342I204407,1,9,0,18,0,1,0,0,0,0,1,1,6,3,-1,-1,-1,-1,-1,-1
201342I204407,2,9,0,18,0,1,0,0,0,0,2,1,6,2,5,1242,1,4,8,1
201342I204507,1,21,1,3,0,0,0,0,0,0,0,1,1,1,6,12777,2,3,-1,-1
201342I204507,2,5,0,18,0,0,1,0,0,0,3,1,2,1,9,1137,1,9,8,1
201342I204507,3,9,0,3,0,0,0,0,0,0,2,1,2,1,7,2179,2,2,9,1
201342I204607,1,9,0,17,0,0,2,0,1,1,4,1,6,1,6,1596,1,22,-1,-1
201342I204707,1,9,0,7,0,3,0,0,0,0,1,1,6,1,11,1560,2,1,3,1
201342I204707,2,1,0,17,0,8,0,0,0,0,3,1,6,1,8,-1,-1,-1,5,1
201342I204807,1,9,0,5,0,6,0,0,0,0,2,1,6,2,9,1796,1,10,5,1
201342I204807,2,9,0,18,0,8,1,0,0,0,4,1,6,1,6,1997,2,8,2,1
201342I204907,1,19,0,18,0,0,0,0,0,0,3,1,1,1,6,2287,2,4,8,2
201342I204907,2,21,1,18,0,0,0,0,0,0,3,1,1,1,8,10837,2,3,-1,-1
201342I205007,1,9,0,18,0,8,0,0,1,0,1,1,6,2,8,1596,1,-1,10,1
201342I205007,2,9,0,10,0,8,0,0,0,0,2,1,2,2,6,1386,1,4,10,1
201342I205107,1,9,0,18,0,0,0,0,0,0,3,1,6,1,7,2000,1,7,10,2
201342I205107,2,9,0,18,0,0,0,0,0,0,3,1,6,1,8,2987,2,2,9,1
201342I205207,1,2,0,18,0,0,0,0,0,0,1,1,6,1,4,49,1,6,5,1
201342I205307,1,1,0,7,0,8,0,0,0,0,1,1,6,1,2,-1,-1,-1,3,1
201342I205307,2,9,0,18,0,8,0,0,0,0,4,1,6,2,6,1398,1,2,-1,-1
201342I205407,1,9,0,9,0,1,0,0,0,0,1,1,6,2,10,1149,1,12,10,1
201342I205407,2,9,0,18,0,1,0,0,0,0,1,1,6,1,4,1149,1,11,4,1
201342I205507,1,9,0,18,0,1,0,0,0,0,3,1,6,1,4,1783,1,10,-1,-1
201342I205507,2,9,0,18,0,1,0,0,0,0,3,1,6,1,9,1796,1,9,4,1
201342I205607,1,9,0,5,0,6,0,0,0,0,1,1,6,1,6,1998,2,12,9,1
201342I205607,2,9,0,18,0,1,0,0,0,0,1,1,6,2,5,1149,1,5,10,1
201342I205607,3,9,0,18,0,1,0,0,0,0,1,1,6,2,8,1968,2,7,6,1
201342I205707,1,1,0,18,0,0,0,0,0,0,1,1,6,3,-1,-1,-1,-1,-1,-1
201342I205807,1,5,0,16,0,0,0,10,0,6,1,1,6,1,5,865,1,-1,8,1
201342I205907,1,1,0,7,0,0,0,0,0,0,3,1,1,1,3,-1,-1,-1,4,1
201342I205907,2,9,0,18,0,0,0,0,0,0,1,1,2,2,6,1968,2,6,6,3
201342I206007,1,9,0,9,0,8,0,0,0,0,1,1,6,1,11,1995,1,10,10,1
201342I206007,2,9,0,18,0,1,2,0,0,0,4,1,6,1,7,-1,-1,-1,9,3
201342I206107,1,3,0,16,0,0,0,0,0,0,0,1,6,1,4,124,1,1,6,3
201342I206207,1,9,0,9,0,1,0,0,0,0,3,1,6,1,10,1796,1,5,10,1
201342I206207,2,21,1,18,0,1,0,0,0,0,1,1,1,1,10,12580,2,8,6,2
201342I206307,2,9,0,18,0,3,1,0,3,10,4,1,6,3,-1,1796,1,12,-1,-1
201342I206307,3,9,0,2,9,2,0,0,0,0,3,1,6,3,-1,1242,1,12,-1,-1
201342I206307,4,9,0,2,9,2,0,0,0,0,4,1,6,3,-1,1686,2,10,-1,-1
201342I206407,1,2,0,4,0,1,1,0,0,0,1,1,6,1,4,49,1,4,2,1
201342I206407,2,9,0,3,0,1,0,0,0,0,2,1,6,1,7,2996,1,5,9,2
201342I206607,1,21,1,18,0,0,0,0,0,0,1,2,1,1,6,-1,-1,-1,-1,-1
201342I206607,2,9,0,18,0,0,0,0,0,0,2,1,6,2,5,1349,1,3,9,2
201342I206607,3,9,0,18,0,0,0,0,0,0,2,1,6,2,5,1328,1,7,7,1
201342I206607,4,9,0,18,0,0,0,0,0,0,2,1,6,1,9,-1,-1,-1,4,1
201342I206707,1,9,0,18,0,3,0,0,0,0,2,1,2,1,5,-1,-1,-1,2,1
201342I206707,2,5,0,18,0,3,0,0,0,0,1,1,2,1,7,850,1,16,4,1
201342I206807,1,9,0,16,0,0,0,0,1,0,3,1,6,1,10,1998,1,8,5,1
201342I206807,2,9,0,17,0,0,0,0,0,0,3,1,6,1,8,1582,2,2,-1,-1
201342I206807,3,9,0,17,0,0,0,0,1,0,3,1,6,2,8,1596,1,10,4,1
201342I206807,4,19,0,17,0,0,0,0,0,0,3,1,6,1,8,1461,2,2,9,1
201342I206907,1,4,0,17,0,0,0,0,0,0,0,1,6,1,7,-1,-1,-1,8,1
201342I206907,2,19,0,17,0,0,0,0,0,0,0,1,6,3,-1,-1,-1,-1,-1,-1
201342I207107,1,9,0,18,0,0,0,7,0,2,1,1,6,1,5,1360,1,13,3,1
201342I207207,1,9,0,17,0,0,0,0,0,0,3,1,6,1,10,1998,1,10,4,1
201342I207207,2,9,0,16,0,0,1,0,0,0,3,1,6,1,5,2438,1,21,10,1
201342I207307,1,19,0,9,0,1,0,0,0,0,4,1,1,1,7,-1,-1,-1,9,1
201342I207307,2,9,0,18,0,8,0,0,0,0,1,1,1,2,7,-1,-1,-1,9,1
201342I207407,1,9,0,16,0,0,0,0,7,0,1,1,2,1,5,-1,-1,-1,8,1
201342I207407,2,9,0,17,0,0,2,0,1,0,1,1,6,1,7,3960,1,16,7,3
201342I207507,1,9,0,11,0,0,0,0,0,0,1,1,1,1,5,1399,2,6,5,1
201342I207507,2,9,0,18,0,0,0,0,0,0,2,1,1,2,5,1242,1,2,10,1
201342I207507,3,9,0,18,0,0,0,0,0,0,2,1,1,1,8,1968,2,-1,8,1
201342I207607,1,90,0,11,0,0,0,0,0,0,1,1,6,1,6,-1,-1,-1,10,1
201342I207607,2,9,0,18,0,0,0,0,0,0,3,1,6,1,7,1598,1,5,9,1
201342I207707,1,9,0,4,0,1,0,0,0,0,2,1,3,2,6,1998,1,15,4,1
201342I207807,1,21,1,11,0,0,0,0,0,0,1,1,1,1,10,12740,2,1,5,1
201342I207807,2,5,0,18,0,0,0,0,0,0,3,1,6,1,9,-1,-1,-1,-1,-1
201342I207907,1,2,0,18,0,8,0,0,0,0,0,1,6,1,7,-1,-1,-1,8,1
201342I208007,1,5,0,18,0,1,0,0,7,11,4,1,6,1,4,645,1,7,5,1
201342I208007,2,9,0,9,0,8,0,0,0,0,3,1,6,2,6,1596,1,11,9,1
201342I208107,1,9,0,18,0,4,0,0,0,7,1,1,6,2,-1,1329,1,-1,9,3
201342I208107,2,9,0,18,0,8,0,0,0,0,1,1,6,2,-1,1995,1,9,2,1
201342I208207,1,9,0,17,0,1,0,0,0,0,1,1,6,1,4,1299,1,7,9,1
201342I208207,2,9,0,3,0,1,0,0,0,0,2,1,6,2,5,1997,1,12,3,1
201342I208307,1,9,0,18,0,1,1,0,0,10,1,1,6,2,6,998,1,11,1,1
201342I208407,1,9,0,16,0,1,0,0,0,0,1,1,6,1,5,1598,1,6,6,3
201342I208407,2,9,0,17,0,1,0,0,0,0,1,1,6,1,9,1968,2,6,5,2
201342I208507,1,9,0,3,0,1,0,0,0,0,0,1,6,3,-1,-1,-1,-1,-1,-1
201342I208507,2,9,0,3,0,1,0,0,0,0,2,1,6,1,9,1242,1,5,-1,-1
201342I208607,1,9,0,18,0,0,0,0,0,0,1,1,6,1,6,1686,2,11,9,3
201342I208607,2,9,0,18,0,0,0,0,0,0,1,1,6,2,7,1598,1,9,10,2
201342I208707,1,9,0,18,0,8,1,7,0,0,1,1,6,1,6,1796,1,8,10,1
201342I208807,1,9,0,18,0,0,0,0,0,0,0,1,6,3,-1,-1,-1,-1,-1,-1
201342I208807,2,20,0,2,0,0,0,0,0,0,0,1,6,1,8,4764,2,1,3,1
201342I208907,1,9,0,16,0,1,0,0,0,0,3,1,6,1,4,1242,1,10,9,3
201342I208907,2,9,0,17,0,1,0,0,0,0,3,1,6,2,7,1753,2,5,9,3
201342I209007,1,9,0,9,0,4,0,0,0,0,2,1,6,2,7,1598,1,-1,1,1
201342I209007,2,9,0,18,0,4,0,0,0,0,1,1,6,2,7,1731,1,17,2,1
201342I209007,3,9,0,18,0,4,0,0,0,0,0,1,6,1,-1,-1,-1,-1,-1,-1
201342I209107,1,9,0,18,0,8,0,0,0,0,0,1,6,3,-1,-1,-1,-1,-1,-1
201342I209107,2,9,0,18,0,3,0,10,7,1,3,1,1,1,6,1229,1,1,3,1
201342I209207,1,9,0,5,0,1,0,0,0,0,1,1,6,2,8,1598,1,12,-1,-1
201342I209207,2,9,0,1,0,2,0,0,0,0,2,1,6,1,9,1598,1,14,4,1
201342I209307,1,5,0,18,0,0,1,12,1,10,1,1,1,1,8,996,1,3,10,1
201342I209407,1,3,0,18,0,0,0,0,7,0,3,1,6,1,6,124,1,11,10,2
201342I209507,1,9,0,18,0,0,0,0,0,0,1,1,6,1,5,-1,-1,-1,7,3
201342I209507,2,9,0,18,0,0,0,0,0,0,2,1,6,2,9,-1,-1,-1,5,1
201342I209507,3,9,0,18,0,0,0,0,0,0,2,1,6,1,8,-1,-1,-1,8,1
201342I209607,1,9,0,18,0,4,0,0,0,0,1,1,6,2,-1,1598,1,7,6,1
201342I209607,2,9,0,9,0,3,0,0,0,0,4,1,6,2,-1,1600,1,15,4,1
201342I209807,1,1,0,18,0,0,0,0,0,0,1,1,6,1,-1,-1,-1,-1,10,1
201342I209807,2,9,0,2,0,0,0,0,0,0,0,1,6,1,7,-1,-1,-1,10,2
201342I209907,1,9,0,18,0,0,0,0,0,0,0,1,6,3,-1,-1,-1,-1,-1,-1
201342I209907,2,9,0,18,0,0,2,0,1,0,1,1,6,1,4,-1,-1,-1,9,3
201342I210007,1,9,0,4,9,0,0,0,1,0,1,1,6,1,5,1149,1,8,5,1
201342I210107,1,9,0,12,0,4,0,0,0,0,3,1,6,3,5,1984,1,2,-1,-1
201342I210107,2,3,0,18,0,4,0,0,0,0,4,1,6,1,4,125,1,11,7,1
201342I210207,1,9,0,16,0,0,0,0,0,0,1,1,6,1,8,1800,1,13,7,3
201342I210207,2,9,0,17,0,0,0,0,1,0,1,1,6,1,7,2494,1,14,8,3
201342I210307,1,9,0,1,0,0,0,0,0,0,2,1,6,3,-1,-1,-1,-1,-1,-1
201342I210407,1,9,0,18,9,1,0,0,0,0,3,1,6,1,-1,-1,-1,-1,-1,-1
201342I210407,2,1,0,4,9,1,1,0,0,0,3,1,6,1,6,-1,-1,-1,1,1
201342I210507,1,9,0,18,0,1,1,0,0,0,1,1,6,2,7,1560,2,2,9,1
201342I210507,2,9,0,3,0,1,0,0,0,0,2,1,2,1,10,-1,-1,-1,8,1
201342I210607,1,3,0,18,0,0,0,0,0,0,0,1,2,2,6,-1,-1,-1,3,1
201342I210707,1,9,0,18,0,0,0,0,0,0,0,1,6,3,-1,-1,-1,-1,-1,-1
201342I210707,2,19,0,18,0,0,0,0,1,1,1,1,2,1,6,1997,2,8,5,1
201342I210807,1,9,0,9,0,0,0,0,0,0,0,1,6,1,8,1997,2,5,5,1
201342I210807,2,9,0,18,0,0,0,0,0,0,0,1,6,2,9,1390,1,3,-1,-1
201342I210907,1,9,0,3,0,0,0,0,0,0,2,1,1,1,9,-1,-1,-1,2,1
201342I210907,2,9,0,3,0,0,0,0,0,0,1,1,1,1,6,1388,1,5,8,1
201342I210907,3,9,0,3,0,0,0,0,0,0,2,1,1,1,6,-1,-1,-1,2,1
201342I211007,1,2,0,18,0,1,0,0,0,0,1,1,6,1,4,50,1,7,7,3
201342I211007,2,9,0,18,0,1,0,0,0,0,4,1,6,1,4,1242,1,13,7,3
201342I211107,1,9,0,18,0,1,0,0,0,0,1,1,6,1,-1,-1,-1,-1,-1,-1
201342I211107,2,9,0,18,0,1,0,0,0,0,0,1,6,1,7,1587,1,25,10,1
201342I211207,1,9,0,18,0,0,0,0,0,0,1,1,6,1,9,3960,1,14,8,1
201342I211207,2,9,0,18,0,0,0,0,0,0,3,1,6,2,9,1984,2,-1,8,3
201342I211407,1,3,0,17,0,0,1,0,1,0,0,1,6,1,5,124,1,13,8,1
201342I211507,1,9,0,18,0,0,0,0,0,0,1,1,6,2,5,1796,1,10,4,1
201342I211507,2,5,0,3,0,0,0,0,0,0,2,1,6,1,7,600,1,1,7,1
201342I211607,1,9,0,18,0,3,1,0,0,0,1,1,6,1,5,1600,1,13,9,1
201342I211607,2,9,0,18,0,4,0,0,1,0,1,1,1,1,8,1997,2,-1,8,1
201342I211807,1,9,0,4,0,1,0,0,0,0,1,1,3,2,6,1799,1,6,6,1