Accident_Index,Vehicle_Reference,Vehicle_Type,Towing_and_Articulation,Vehicle_Manoeuvre,Vehicle_Location-Restricted_Lane,Junction_Location,Skidding_and_Overturning,Hit_Object_in_Carriageway,Vehicle_Leaving_Carriageway,Hit_Object_off_Carriageway,1st_Point_of_Impact,Was_Vehicle_Left_Hand_Drive?,Journey_Purpose_of_Driver,Sex_of_Driver,Age_Band_of_Driver,Engine_Capacity_(CC),Propulsion_Code,Age_of_Vehicle,Driver_IMD_Decile,Driver_Home_Area_Type
201342I259108,2,9,0,18,0,1,0,0,0,0,0,1,6,2,6,1796,1,3,5,1
201342I259209,1,5,0,9,0,2,0,0,0,0,3,1,6,1,9,748,1,21,6,3
201342I259209,2,9,0,18,0,1,0,0,0,0,3,1,6,1,7,1800,1,15,5,2
201342I259309,1,9,0,9,0,5,0,0,0,0,1,1,2,2,7,1360,1,17,9,3
201342I259309,2,1,0,18,0,8,0,0,0,0,3,1,6,1,8,-1,-1,-1,9,1
201342I259508,1,9,0,4,0,1,0,0,0,0,1,1,6,1,-1,1984,1,6,10,1
201342I259508,2,9,0,4,0,1,0,0,0,0,2,1,2,2,7,1598,2,1,8,1
201342I259508,3,8,0,4,0,1,0,0,0,0,1,1,2,1,7,-1,-1,-1,10,1
201342I259608,1,9,0,18,0,0,0,0,0,0,1,1,6,2,6,1299,1,13,1,1
201342I259708,1,9,0,9,0,3,0,0,0,0,0,1,6,1,11,1124,1,9,6,3
201342I259808,1,9,0,18,0,0,0,0,0,0,1,1,6,1,11,1896,2,14,8,1
201342I259808,2,9,0,18,0,0,0,0,0,0,4,1,6,2,10,1991,2,3,10,2
201342I259907,1,9,0,18,0,4,0,0,0,0,4,1,6,2,-1,-1,-1,-1,-1,-1
201342I259907,2,1,0,18,0,4,0,0,0,0,0,1,6,1,6,-1,-1,-1,4,1
201342I260008,1,9,0,3,0,1,0,0,0,0,2,1,6,1,4,1388,1,10,9,1
201342I260008,2,9,0,3,0,1,0,0,0,0,3,1,6,1,6,1595,1,7,9,1
201342I260108,1,1,0,3,9,1,0,0,0,0,2,1,6,1,5,-1,-1,-1,9,2
201342I260208,1,9,0,4,0,0,0,0,0,0,1,1,6,1,11,1388,1,9,2,1
201342I260208,2,9,0,4,0,0,0,0,0,0,2,1,6,2,5,1560,2,3,-1,-1
201342I260208,3,9,0,4,0,0,0,0,0,0,2,1,6,2,-1,1998,2,10,8,1
201342I260208,4,9,0,4,0,0,0,0,0,0,2,1,6,2,7,1587,1,11,8,1
201342I260208,5,9,0,4,0,0,0,0,0,0,2,1,6,1,9,-1,-1,-1,8,1
201342I260308,1,9,0,18,0,1,0,0,0,0,1,1,6,2,4,1229,1,9,9,1
201342I260308,2,9,0,10,0,1,0,0,0,0,2,1,6,1,8,1990,1,18,10,1
201342I260409,1,9,0,11,0,0,0,0,0,0,4,1,6,2,7,1390,1,13,2,1
201342I260409,2,4,0,18,0,0,0,0,1,0,3,1,2,1,9,198,1,-1,1,1
201342I260409,3,20,0,18,0,0,0,0,1,0,0,1,1,3,7,4580,2,3,7,1
201342I260509,1,1,0,9,0,0,0,0,0,0,4,1,6,1,3,-1,-1,-1,10,1
201342I260509,2,9,0,18,0,0,0,0,0,0,1,1,6,2,9,998,1,1,9,2
201342I260609,1,20,1,18,0,0,0,0,0,0,1,2,1,1,7,-1,-1,-1,-1,-1
201342I260609,2,4,0,18,0,0,0,0,0,0,2,1,6,1,8,675,1,4,-1,-1
201342I260709,1,9,0,18,0,4,0,0,0,0,1,1,6,1,9,1242,1,15,6,1
201342I260709,2,9,0,18,0,4,0,0,0,0,2,1,6,2,9,999,1,16,6,1
201342I260808,1,19,0,18,0,0,0,0,0,0,3,1,6,1,5,-1,-1,-1,4,1
201342I260808,2,9,0,18,0,0,0,0,0,0,3,1,6,1,4,1149,1,7,4,1
201342I261009,1,9,0,7,0,6,0,0,0,0,1,1,6,1,4,1199,1,14,9,1
201342I261009,2,9,0,18,0,8,0,0,0,0,4,1,6,2,8,1598,1,15,10,1
201342I261109,1,9,0,3,0,0,0,0,0,0,3,1,3,1,7,1997,2,5,7,3
201342I261109,2,5,0,14,0,0,0,0,0,0,4,1,1,1,7,999,1,6,8,1
201342I261209,1,9,0,2,0,0,0,0,0,0,3,1,6,1,6,1560,2,6,3,1
201342I261209,2,1,0,14,0,0,0,0,0,0,3,1,6,1,7,-1,-1,-1,7,1
201342I261308,1,9,0,7,0,6,0,0,0,0,3,1,6,1,7,1598,1,4,9,2
201342I261308,2,1,0,18,0,8,0,0,0,0,1,1,1,1,4,-1,-1,-1,5,1
201342I261409,1,19,0,18,0,0,1,0,0,0,1,1,2,1,7,1910,2,2,9,1
201342I261409,2,9,0,4,0,0,0,0,0,0,3,1,2,1,8,1386,1,2,7,1
201342I261409,3,19,0,4,0,0,0,7,0,0,2,1,2,1,7,1996,2,-1,8,3
201342I261508,1,9,0,18,0,0,0,0,0,0,1,1,6,1,5,1297,1,12,2,1
201342I261508,2,9,0,3,0,0,0,0,0,0,2,1,6,1,7,1299,1,11,7,1
201342I261609,1,9,0,5,0,8,0,0,7,10,1,1,6,1,10,1781,1,15,1,1
201342I261709,1,9,0,18,0,1,1,0,7,1,4,1,6,1,5,1596,1,12,2,1
201342I261808,1,1,0,18,0,0,0,0,0,0,1,1,6,1,5,-1,-1,-1,6,2
201342I261808,2,9,0,18,0,0,1,0,0,0,3,1,6,1,5,1995,1,6,3,1
201342I261909,1,3,0,13,0,1,0,0,0,0,4,1,6,1,5,124,1,13,4,1
201342I261909,2,9,0,9,0,1,0,0,0,0,1,1,6,1,9,1596,1,3,8,1
201342I262008,1,9,0,3,0,0,0,0,0,0,1,1,6,1,-1,-1,-1,-1,5,1
201342I262008,2,9,0,3,0,0,0,0,0,0,2,1,6,2,9,1560,2,3,10,1
201342I262008,3,9,0,3,0,0,0,0,0,0,2,1,6,1,-1,-1,-1,-1,-1,-1
201342I262109,1,21,0,10,0,1,0,0,0,0,0,1,1,1,6,7146,2,1,-1,-1
201342I262109,2,3,0,18,0,1,1,0,0,0,0,1,6,1,6,124,1,4,4,1
201342I262209,1,9,0,10,0,6,0,0,0,0,4,1,6,2,11,1242,1,15,8,1
201342I262209,2,2,0,10,0,1,0,0,0,0,1,1,6,1,7,50,1,5,3,1
201342I262308,1,9,0,18,0,1,0,0,0,6,1,1,1,1,8,2996,2,4,-1,-1
201342I262308,2,9,0,18,0,1,0,0,0,0,1,1,6,1,7,2996,1,4,2,1
201342I262308,3,9,0,18,0,1,0,0,1,9,0,1,6,2,10,1242,1,9,8,1
201342I262408,1,19,0,18,9,2,0,0,0,0,1,1,6,1,7,1598,2,6,10,1
201342I262509,1,3,0,4,0,0,1,0,1,9,3,1,2,1,9,124,1,1,9,3
201342I262607,1,9,0,3,0,0,0,0,0,0,1,1,6,1,-1,-1,-1,-1,-1,-1
201342I262607,2,1,0,18,0,0,0,0,0,0,1,1,6,2,6,-1,-1,-1,7,1
201342I262709,1,9,0,13,0,1,0,0,0,0,4,1,6,1,9,4196,1,7,5,1
201342I262709,2,1,0,18,0,1,0,0,0,0,3,1,6,1,8,-1,-1,-1,4,1
201342I262809,1,1,0,18,9,0,0,0,0,0,1,1,6,1,3,-1,-1,-1,9,2
201342I262809,2,9,0,18,0,0,0,0,0,0,4,1,6,2,8,-1,-1,-1,7,1
201342I262909,1,9,0,4,0,4,0,0,0,0,0,1,6,3,-1,-1,-1,-1,-1,-1
201342I262909,2,1,0,4,0,4,0,0,0,0,0,1,1,1,6,-1,-1,-1,5,1
201342I263009,1,9,0,18,0,4,0,0,0,0,1,1,6,1,-1,-1,-1,-1,-1,-1
201342I263009,2,9,0,18,0,3,0,0,0,0,2,1,1,2,5,1149,1,6,6,3
201342I263108,1,9,0,18,0,0,0,0,0,0,1,1,6,1,9,1995,2,5,6,1
201342I263108,2,9,0,4,0,0,0,0,0,0,2,1,6,2,6,1896,2,6,6,1
201342I263209,1,9,0,18,0,0,0,0,0,0,1,1,6,2,5,1368,1,-1,8,3
201342I263209,2,9,0,4,0,0,0,0,0,0,2,1,6,1,6,-1,-1,-1,8,2
201342I263209,3,9,0,4,0,0,0,0,0,0,2,1,6,1,7,1968,2,2,-1,-1
201342I263209,4,9,0,18,0,0,0,0,0,0,1,1,6,1,9,1596,1,10,6,1
201342I263309,1,97,0,18,0,0,0,0,0,0,0,1,6,3,-1,-1,-1,-1,-1,-1
201342I263309,2,1,0,18,0,0,0,0,1,0,3,1,1,1,6,-1,-1,-1,5,1
201342I263409,1,19,0,7,0,5,0,0,0,0,1,1,6,1,5,2299,2,18,4,1
201342I263409,2,5,0,4,0,6,0,0,0,0,1,1,1,1,9,-1,-1,-1,6,2
201342I263509,1,9,0,5,0,4,0,0,0,0,1,1,6,2,6,1896,2,7,2,1
201342I263509,2,1,0,7,0,3,0,0,0,0,2,1,2,1,9,-1,-1,-1,5,1
201342I263609,1,9,0,7,0,1,0,0,0,0,4,1,6,2,8,1248,1,2,6,1
201342I263609,2,1,0,18,0,1,0,0,0,0,0,1,6,2,7,-1,-1,-1,3,1
201342I263709,1,9,0,9,0,8,0,0,0,0,3,1,6,1,-1,1896,2,14,7,3
201342I263709,2,9,0,18,0,1,0,0,0,0,1,1,6,1,10,4461,2,2,4,1
201342I263806,1,9,0,18,0,0,0,0,0,0,1,1,6,2,7,1360,1,7,2,1
201342I263806,2,5,0,18,0,0,0,0,0,0,1,1,6,1,4,599,1,17,7,3
201342I263908,1,9,0,18,0,1,0,0,0,0,1,1,6,2,7,998,1,-1,4,1
201342I264009,1,1,0,18,0,1,0,0,0,0,1,1,6,1,8,-1,-1,-1,1,1
201342I264009,2,21,0,7,0,5,0,0,0,0,4,1,6,1,10,-1,-1,-1,4,1
201342I264108,1,9,0,16,0,2,1,0,2,2,4,1,1,1,5,1124,1,7,6,1
201342I264209,1,9,0,18,0,4,0,0,0,0,1,1,6,1,9,1995,2,1,8,1
201342I264209,2,1,0,18,0,4,0,0,0,0,4,1,6,1,7,-1,-1,-1,10,1
201342I264306,1,19,0,9,0,6,0,0,0,0,2,1,6,1,6,2198,2,7,2,1
201342I264306,2,4,0,18,0,2,0,0,0,0,1,1,6,1,5,599,1,5,10,1
201342I264409,1,9,0,11,0,8,1,10,7,4,1,1,6,2,5,1242,1,6,3,1
201342I264508,1,5,0,18,0,4,0,0,0,0,4,1,6,1,9,998,1,4,9,1
201342I264608,1,9,0,16,0,0,2,12,0,9,1,1,6,1,4,1198,1,5,8,3
201342I264709,1,9,0,18,0,8,0,0,1,9,1,1,6,2,5,1124,1,14,9,2
201342I264808,1,19,0,18,0,8,0,0,0,0,1,1,6,1,7,1995,2,3,7,2
201342I264808,2,1,0,18,0,8,0,0,0,0,3,1,6,1,4,-1,-1,-1,6,2
201342I264909,1,9,0,18,2,0,0,0,0,11,4,1,6,2,9,1794,1,8,8,2
201342I265008,1,19,0,5,9,6,0,0,0,0,1,1,1,1,-1,1248,2,8,-1,-1
201342I265008,2,1,0,18,0,1,0,0,1,0,3,1,6,2,6,-1,-1,-1,9,1
201342I265109,1,5,0,18,0,0,0,4,0,0,4,1,2,1,9,-1,-1,-1,2,1
201342I265109,2,20,0,2,0,0,0,0,0,0,3,1,6,1,9,5861,2,16,8,3
201342I265209,1,1,0,18,0,1,0,0,0,0,0,1,6,1,3,-1,-1,-1,5,1
201342I265209,2,9,0,7,0,1,0,0,0,0,0,1,6,2,7,3200,1,10,10,1
201342I265309,1,9,0,18,0,2,0,0,0,0,4,1,6,1,9,1995,1,7,-1,-1
201342I265309,2,1,0,18,0,2,0,0,0,0,3,1,6,1,6,-1,-1,-1,-1,-1
201342I265509,1,4,0,18,0,0,1,0,0,0,4,1,6,1,7,-1,-1,-1,5,1
201342I265609,1,1,0,4,5,1,0,0,0,0,1,1,1,1,4,-1,-1,-1,8,3
201342I265609,2,9,0,5,0,1,0,0,0,0,1,1,1,1,-1,-1,-1,-1,4,1
201342I265709,1,9,0,18,0,0,0,0,0,0,1,1,6,2,9,1388,1,2,2,1
201342I265709,2,90,0,18,0,0,0,0,0,0,4,1,4,1,3,-1,-1,-1,4,1
201342I265809,1,9,0,18,0,0,0,0,0,0,0,1,6,2,7,1124,1,12,5,1
201342I265909,1,9,0,4,0,1,0,0,7,0,1,1,2,1,4,999,1,5,7,3
201342I265909,2,9,0,18,0,1,0,0,1,0,1,1,6,1,9,1991,2,4,-1,-1
201342I266009,1,9,0,18,0,0,0,4,0,0,2,1,6,1,6,1984,1,8,6,1
201342I266009,2,9,0,2,0,0,0,4,0,0,2,1,6,3,-1,-1,-1,-1,-1,-1
201342I266009,3,9,0,2,0,0,0,0,0,0,0,1,6,3,8,1998,1,22,6,1
201342I266109,1,9,0,4,0,0,0,0,0,0,0,1,2,1,6,1598,2,2,9,1
201342I266109,2,4,0,18,0,0,0,0,0,0,1,1,6,1,4,124,1,12,8,1
201342I266209,1,9,0,1,9,1,0,0,0,0,0,1,6,2,10,1796,1,13,10,1
201342I266309,1,9,0,18,0,0,1,0,0,0,1,1,6,1,10,-1,-1,-1,5,1
201342I266309,2,9,0,4,0,0,0,0,0,0,2,1,6,2,7,1596,1,5,-1,-1
201342I266309,3,9,0,4,0,0,0,0,0,0,2,1,6,2,6,1997,1,9,3,1
201342I266409,1,9,0,5,0,1,0,0,0,0,1,1,6,3,-1,-1,-1,-1,-1,-1
201342I266409,2,1,0,18,0,1,0,0,0,0,0,1,6,1,8,-1,-1,-1,1,1
201342I266508,1,9,0,18,0,0,0,0,5,6,1,1,6,2,6,1596,1,11,-1,-1
201342I266609,1,9,0,18,0,0,1,0,0,0,1,1,6,1,-1,998,1,13,-1,-1
201342I266609,2,9,0,18,0,0,0,0,0,0,2,1,6,1,7,2184,2,8,5,1
201342I266709,1,9,0,4,0,0,0,0,0,0,1,1,6,2,8,1587,1,8,4,1
201342I266709,2,19,0,4,0,0,0,0,0,0,2,1,6,1,9,2198,2,5,7,1
201342I266809,1,9,0,18,0,8,5,9,7,9,3,1,6,1,5,1999,1,6,9,1
201342I266909,1,9,0,5,0,4,0,0,0,0,3,1,6,1,10,-1,-1,-1,9,1
201342I266909,2,1,0,18,0,4,0,0,0,0,4,1,6,1,8,-1,-1,-1,6,1
201342I267008,1,1,0,18,0,8,0,0,0,0,4,1,6,1,4,-1,-1,-1,6,2
201342I267008,2,5,0,18,0,8,0,0,0,0,1,1,6,1,7,1255,1,2,5,1
201342I267008,3,19,0,9,0,8,0,0,0,0,0,1,6,1,8,1461,2,2,5,3
201342I267109,1,9,0,4,0,4,0,0,0,0,1,1,6,2,8,1796,1,10,1,1
201342I267109,2,19,0,4,0,4,0,0,0,0,2,1,6,1,10,1868,2,8,4,1
201342I267209,1,9,0,9,0,8,0,0,0,0,1,1,2,1,9,1388,1,6,9,1
201342I267209,2,9,0,18,0,8,0,0,0,0,1,1,6,2,8,1299,1,5,8,1
201342I267309,1,19,0,7,0,8,0,0,0,0,1,1,1,1,7,2402,2,7,7,1
201342I267309,2,1,0,17,0,8,0,0,0,0,2,1,6,2,9,-1,-1,-1,-1,-1
201342I267409,1,9,0,9,0,1,0,0,0,0,0,1,6,2,7,1299,1,13,2,1
201342I267409,2,3,0,4,0,1,1,0,0,0,0,1,6,1,4,125,1,1,4,1
201342I267409,3,9,0,2,0,1,0,0,0,0,0,1,6,3,-1,-1,-1,-1,-1,-1
201342I267508,1,9,0,9,0,8,0,0,0,0,1,1,6,2,-1,1968,2,5,-1,-1
201342I267508,2,9,0,18,0,8,0,0,0,0,2,1,6,2,5,1242,1,12,-1,-1
201342I267608,1,9,0,16,0,0,1,0,0,0,3,1,6,3,-1,-1,-1,-1,-1,-1
201342I267608,2,9,0,18,0,0,1,0,0,0,3,1,6,1,9,1388,1,3,8,2
201342I267709,1,9,0,18,0,0,0,0,0,0,1,1,6,1,8,1461,2,6,7,2
201342I267709,2,9,0,18,0,0,0,0,0,0,2,1,6,2,6,1124,1,9,8,1
201342I267807,1,9,0,4,6,0,0,0,0,0,0,1,6,2,9,1388,1,3,9,2
201342I268009,1,9,0,9,0,6,0,0,0,0,1,1,6,1,4,1396,1,8,7,1
201342I268109,1,9,0,9,0,1,0,0,0,0,3,1,2,1,5,1242,1,5,9,1
201342I268109,2,9,0,18,0,1,0,0,0,0,1,1,6,2,8,1598,1,1,9,1
201342I268209,1,9,0,6,0,0,0,0,0,0,3,1,1,1,8,1998,2,5,5,1
201342I268209,2,3,0,18,0,0,0,0,0,0,1,1,6,1,6,782,1,6,1,1
201342I268309,1,9,0,18,0,8,0,0,0,0,4,1,6,2,6,1149,1,6,4,1
201342I268309,2,9,0,18,0,8,0,0,0,0,3,1,6,2,6,998,1,13,2,1
201342I268409,1,9,0,18,0,0,1,0,7,4,3,1,6,2,6,1299,1,5,10,1
201342I268409,2,19,0,18,0,0,2,0,1,9,3,1,6,1,9,1870,2,7,10,1
201342I268409,3,9,0,18,0,0,0,0,0,0,3,1,6,2,10,1796,1,10,6,1
201342I268409,4,9,0,18,0,0,0,0,0,0,1,1,6,1,9,-1,-1,-1,10,1
201342I268509,1,9,0,18,9,1,0,0,0,0,1,1,6,1,9,1995,1,10,10,1
201342I268609,1,9,0,17,0,8,1,0,1,4,3,1,6,1,4,-1,-1,-1,4,1
201342I268709,1,9,0,16,0,0,0,0,0,0,1,1,2,1,7,1998,1,9,2,1
201342I268709,2,9,0,17,0,0,1,0,0,0,1,1,2,2,5,-1,-1,-1,9,3
201342I268808,1,9,0,7,0,1,0,0,0,0,0,1,6,2,6,1997,2,5,6,1
201342I269009,1,9,0,11,0,0,0,0,0,0,0,1,6,1,4,1124,1,8,5,1
201342I269009,2,9,0,18,0,0,0,0,0,0,0,1,6,2,5,1388,1,11,3,1
201342I269109,1,9,0,10,0,1,0,0,0,0,0,1,6,2,-1,-1,-1,-1,-1,-1
201342I269109,2,5,0,3,0,1,0,0,0,0,0,1,6,1,6,-1,-1,-1,6,1
201342I269209,1,9,0,4,0,3,0,0,0,0,1,1,6,1,-1,-1,-1,-1,-1,-1
201342I269209,2,9,0,3,0,3,0,0,0,0,2,1,6,1,6,1753,2,15,8,3
201342I269509,1,3,0,14,0,1,0,0,0,0,4,1,6,1,7,124,1,1,8,1
201342I269509,2,9,0,10,0,1,0,0,0,0,4,1,6,1,4,1198,1,11,8,1
201342I269608,1,9,0,1,0,1,0,0,0,0,2,1,1,1,6,-1,-1,-1,4,1
201342I269709,1,9,0,11,0,1,0,0,0,0,4,1,6,1,4,1199,1,9,7,1
201342I269709,2,9,0,18,0,1,2,0,1,0,3,1,2,2,9,1124,1,10,4,1
201342I269809,1,9,0,4,0,0,0,0,0,0,1,1,6,1,6,1598,1,11,9,1
201342I269809,2,8,0,4,0,0,0,0,0,0,1,1,6,1,8,-1,-1,-1,9,1
201342I269809,3,9,0,4,0,0,0,0,0,0,1,1,6,1,7,1598,1,7,-1,-1
201342I269809,4,9,0,4,0,0,0,0,0,0,2,1,6,2,5,2204,2,5,4,1
201342I269909,1,1,0,5,0,8,0,0,0,0,1,1,6,1,6,-1,-1,-1,1,1
201342I269909,2,9,0,18,0,8,0,0,0,0,1,1,6,1,6,1997,2,13,7,2
201342I270009,1,9,0,18,0,0,5,0,1,10,1,1,2,2,7,1339,1,7,5,1
201342I270109,1,9,0,18,0,1,0,0,0,0,4,1,6,1,-1,1560,2,8,-1,-1
201342I270209,1,9,0,18,0,2,0,0,0,0,1,1,1,1,8,1596,1,7,8,3
201342I270209,2,9,0,2,0,2,0,0,0,0,1,1,6,3,-1,1968,2,4,-1,-1
201342I270309,1,9,0,9,0,5,0,0,0,0,1,1,1,1,7,-1,-1,-1,6,1
201342I270309,2,9,0,18,0,1,0,0,0,0,1,1,1,2,7,1968,2,5,7,3
201342I270409,1,9,0,17,0,0,5,0,7,9,3,1,6,2,5,1995,2,5,4,1
201342I270509,1,9,0,17,0,0,2,0,1,9,1,1,2,2,4,1124,1,17,2,1
201342I270509,2,9,0,13,0,0,0,0,0,0,1,1,6,1,9,1997,2,6,6,1
201342I270609,1,9,0,9,0,1,0,0,0,0,1,1,2,2,7,2179,2,6,8,3
201342I270609,2,19,0,18,0,1,1,10,1,0,3,1,1,1,7,2148,2,7,9,2
201342I270709,1,9,0,18,0,0,0,0,0,0,1,1,6,2,10,1461,2,10,4,1
201342I270709,2,9,0,18,0,0,0,0,0,0,4,1,1,1,8,1229,1,4,4,1
201342I270709,3,11,0,18,0,0,0,0,0,0,0,1,1,1,8,3900,2,9,4,3
201342I270909,1,9,0,18,0,2,1,7,3,1,1,1,6,1,6,998,1,13,-1,-1
201342I271009,1,19,0,18,0,4,0,0,0,0,0,1,1,1,7,1910,2,7,10,1
201342I271009,2,1,0,9,0,4,0,0,0,0,0,1,6,1,4,-1,-1,-1,8,1
201342I271109,1,3,0,7,0,8,0,0,0,0,3,1,6,1,4,125,1,1,8,1
201342I271209,1,9,0,5,0,6,0,0,0,0,1,1,6,2,11,1339,8,4,3,3
201342I271209,2,9,0,18,0,8,0,0,0,0,1,1,1,1,8,1560,2,-1,8,1
201342I271209,3,21,1,3,0,1,0,0,0,0,3,1,1,1,8,-1,-1,-1,3,1
201342I271309,1,9,0,18,0,2,0,0,0,2,1,1,1,1,-1,1422,2,11,-1,-1
201342I271409,1,2,0,18,0,0,1,0,0,0,3,1,1,2,5,487,1,11,4,1
201342I271509,1,9,0,16,0,0,0,0,0,0,1,1,6,2,-1,-1,-1,-1,-1,-1
201342I271509,2,9,0,17,0,0,0,0,0,0,1,1,2,2,8,1388,1,9,7,3
201342I271609,1,19,0,3,0,1,0,0,0,0,3,1,2,1,6,-1,-1,-1,2,1
201342I271609,2,5,0,18,0,1,1,0,4,10,1,1,2,1,7,1199,1,11,5,1
201342I271709,1,9,0,9,0,5,0,0,0,0,1,1,6,1,8,1498,1,2,6,1
201342I271709,2,1,0,18,0,1,0,0,0,0,3,1,6,1,-1,-1,-1,-1,5,1
201342I271809,1,9,0,18,0,4,0,0,0,0,1,1,6,2,6,1781,1,13,4,1
201342I271809,2,9,0,18,0,4,0,0,0,0,2,1,6,2,8,1587,1,11,8,1
201342I272009,1,5,0,7,0,8,0,0,0,0,0,1,6,1,6,748,1,6,3,1
201342I272109,1,9,0,9,0,6,0,0,0,0,1,1,2,2,7,1596,1,10,6,1
201342I272109,2,1,0,18,0,8,0,0,0,0,4,1,2,1,6,-1,-1,-1,10,1
201342I272209,1,9,0,18,0,0,0,0,0,0,1,1,6,1,7,1796,1,13,5,2
201342I272209,2,9,0,4,0,0,0,0,0,0,2,1,6,2,5,1968,2,2,10,1
201342I272209,3,9,0,4,0,0,0,0,0,0,2,1,6,1,7,1796,1,8,6,1
201342I272309,1,21,1,18,0,0,0,0,7,4,1,1,1,1,10,12900,2,6,8,3
201342I272409,1,1,0,18,0,0,0,0,0,0,3,1,2,1,5,-1,-1,-1,9,1
201342I272409,2,9,0,18,0,0,0,0,0,0,1,1,2,1,5,1242,1,2,8,1
201342I272506,1,9,0,5,0,6,0,0,0,0,1,1,6,1,8,2179,2,-1,5,1
201342I272506,2,4,0,18,0,8,0,0,0,0,1,1,6,1,4,125,1,2,5,1
201342I272606,1,9,0,7,0,3,0,0,0,0,1,1,6,1,7,1910,2,5,10,1
201342I272606,2,19,0,3,0,3,0,0,0,0,2,1,6,1,8,1461,2,4,5,1
201342I272709,1,9,0,18,0,0,0,0,0,0,1,1,1,1,7,1598,1,13,10,1
201342I272709,2,9,0,18,0,0,1,0,0,0,2,1,1,2,6,-1,-1,-1,6,1
201342I272809,1,9,0,18,0,3,0,0,0,0,1,1,1,1,7,-1,-1,-1,2,1
201342I272809,2,1,0,18,0,8,0,0,0,0,0,1,6,1,7,-1,-1,-1,5,1
201342I272909,1,9,0,9,0,8,0,0,0,0,1,1,6,1,4,1149,1,14,1,1
201342I272909,2,19,0,18,0,1,1,0,0,0,1,1,6,2,7,1995,2,6,-1,-1
201342I273009,1,9,0,9,0,6,0,0,0,0,0,1,6,2,6,1396,1,14,1,1
201342I273009,2,9,0,18,0,8,0,0,7,10,1,1,6,1,4,1390,1,8,5,1
201342I273109,1,4,0,4,0,0,1,0,0,0,0,1,6,1,11,499,1,8,8,3
201342I273109,2,9,0,4,0,0,0,0,0,0,0,1,6,1,9,1995,2,4,10,1
201342I273209,1,9,0,18,0,1,1,0,0,0,1,1,3,2,4,1299,1,9,9,1
201342I273209,2,9,0,18,0,1,0,0,0,0,2,1,3,1,6,1362,1,-1,1,1
201342I273309,1,9,0,17,0,0,5,0,1,0,0,1,6,1,5,1149,1,10,6,1
201342I273408,1,9,0,8,0,0,0,0,0,0,2,1,6,2,7,2967,2,6,6,2
201342I273408,2,19,0,3,0,0,0,0,0,0,2,1,6,1,6,2151,2,10,8,3
201342I273408,3,9,0,18,0,0,0,0,0,0,1,1,6,1,6,-1,-1,-1,3,1
201342I273509,1,9,0,18,0,0,0,0,0,0,1,1,2,1,8,1956,2,3,10,1
201342I273509,2,9,0,4,0,0,0,0,0,0,2,1,2,1,9,1968,2,4,7,1
201342I273509,3,9,0,4,0,0,0,0,0,0,2,1,2,1,7,1364,2,-1,6,2
201342I273509,4,19,0,4,0,0,0,0,0,0,2,1,2,1,8,1896,2,6,9,1
201342I273609,1,9,0,7,2,2,0,0,0,0,0,1,1,1,5,1753,2,3,-1,-1
201342I273708,1,8,0,3,0,1,0,0,0,0,0,1,6,1,-1,1870,2,7,3,1
201342I273708,2,2,0,3,0,1,0,0,0,0,3,1,6,1,4,49,1,6,4,1
201342I273708,3,2,0,3,0,1,0,0,0,0,3,1,6,1,4,49,1,10,4,1
201342I273708,4,2,0,3,0,1,0,0,0,0,3,1,6,1,4,-1,-1,-1,4,1
201342I273809,1,5,0,16,0,0,0,0,7,0,1,1,6,1,6,749,1,8,-1,-1
201342I273809,2,90,0,2,9,0,0,0,0,0,3,1,1,1,6,7142,2,6,4,1
201342I273909,1,9,0,3,0,8,0,0,0,0,1,1,6,3,11,1994,1,11,9,1
201342I273909,2,9,0,18,0,2,0,0,0,0,3,1,6,2,9,1598,1,9,9,3
201342I274009,1,9,0,13,0,3,0,0,0,0,4,1,6,1,6,1596,1,13,8,1
201342I274009,2,9,0,18,0,8,0,0,0,0,1,2,6,1,7,-1,-1,-1,3,1
201342I274109,1,9,0,18,0,1,0,0,0,0,1,1,6,1,-1,-1,-1,-1,-1,-1
201342I274109,2,1,0,18,0,1,0,0,0,0,2,1,6,1,8,-1,-1,-1,5,1
201342I274209,1,2,0,4,0,1,1,0,0,0,0,1,3,1,4,-1,-1,-1,7,1
201342I274309,1,8,0,4,0,0,0,0,0,0,3,1,1,1,8,1686,2,2,4,1
201342I274409,1,9,0,8,0,1,0,0,7,0,1,1,6,1,-1,-1,-1,-1,-1,-1
201342I274509,1,9,0,17,0,0,2,0,1,4,4,1,2,2,9,1397,1,4,8,2
201342I274609,1,21,1,12,0,0,0,0,0,0,3,2,1,1,8,-1,-1,-1,-1,-1
201342I274609,2,9,0,18,0,0,5,0,0,0,4,1,6,2,4,1242,1,5,8,2
201342I274709,1,9,0,18,0,4,0,0,0,0,2,1,6,1,8,1598,1,4,7,1
201342I274709,2,19,0,18,0,3,0,0,0,0,1,1,1,1,6,1896,2,5,5,1
201342I274809,1,19,0,18,0,1,1,0,0,0,1,1,6,1,6,2402,2,13,8,2
201342I274809,2,19,0,10,0,1,0,0,0,0,2,1,1,1,6,2461,2,4,6,2
201342I274909,1,9,0,9,0,1,0,0,0,0,1,1,6,2,7,1997,1,6,9,1