Accident_Index,Vehicle_Reference,Vehicle_Type,Towing_and_Articulation,Vehicle_Manoeuvre,Vehicle_Location-Restricted_Lane,Junction_Location,Skidding_and_Overturning,Hit_Object_in_Carriageway,Vehicle_Leaving_Carriageway,Hit_Object_off_Carriageway,1st_Point_of_Impact,Was_Vehicle_Left_Hand_Drive?,Journey_Purpose_of_Driver,Sex_of_Driver,Age_Band_of_Driver,Engine_Capacity_(CC),Propulsion_Code,Age_of_Vehicle,Driver_IMD_Decile,Driver_Home_Area_Type
201342I292109,2,9,0,8,0,1,0,0,0,0,2,1,2,2,9,1199,1,14,6,2
201342I292209,1,2,0,18,0,8,0,0,2,11,4,1,6,1,6,49,1,6,2,1
201342I292309,1,9,0,18,0,0,0,0,0,0,1,1,6,2,9,1587,1,8,9,1
201342I292409,1,9,0,5,0,0,0,0,0,0,1,1,6,2,-1,1199,1,11,-1,-1
201342I292409,2,9,0,5,0,0,0,0,0,0,2,1,6,1,4,1242,1,5,9,1
201342I292509,1,9,0,9,0,8,0,0,7,11,1,1,2,1,6,2494,1,14,4,1
201342I292509,2,8,0,18,0,8,0,0,7,11,1,1,1,1,7,1598,1,7,3,1
201342I292609,1,9,0,18,0,1,0,0,0,0,1,1,6,1,7,1598,1,14,6,1
201342I292609,2,22,0,18,0,1,5,0,0,0,1,1,6,1,10,-1,-1,-1,-1,-1
201342I292709,1,9,0,18,0,0,0,0,0,0,1,1,1,1,7,2953,1,4,-1,-1
201342I292709,2,9,0,12,0,0,0,0,0,0,2,1,6,2,7,1794,1,7,3,1
201342I292809,1,9,0,5,0,1,0,0,0,0,2,1,2,2,7,1598,1,5,8,2
201342I292809,2,9,0,8,0,1,0,0,0,0,0,1,4,2,4,1124,1,8,8,2
201342I292909,1,19,0,4,0,0,1,0,0,0,1,1,2,1,6,2977,2,3,6,1
201342I292909,2,9,0,4,0,0,0,0,0,0,2,1,2,1,7,3200,1,7,9,2
201342I292909,3,9,0,4,0,0,0,0,0,0,1,1,2,1,6,1248,2,2,8,3
201342I292909,4,9,0,4,0,0,0,0,0,0,2,1,2,2,8,1870,2,11,10,2
201342I293109,1,9,0,18,0,0,0,0,0,0,1,1,6,2,4,1242,1,17,10,1
201342I293109,2,1,0,18,0,0,0,0,0,0,1,1,6,1,7,-1,-1,-1,10,1
201342I293209,1,9,0,9,0,5,0,0,0,0,1,1,6,2,7,1360,1,6,4,1
201342I293209,2,1,0,18,0,8,0,0,0,0,1,1,2,2,8,-1,-1,-1,9,1
201342I293309,1,9,0,18,9,6,0,0,0,0,1,1,6,2,9,1995,2,1,5,1
201342I293309,2,1,0,18,9,8,0,0,0,0,1,1,6,1,6,-1,-1,-1,5,1
201342I293409,1,9,0,7,0,6,0,0,0,0,3,1,1,1,8,1242,1,3,9,1
201342I293409,2,1,0,18,0,1,0,0,0,0,0,1,4,1,3,-1,-1,-1,10,1
201342I293609,1,9,0,18,0,0,1,0,0,0,1,1,6,1,4,2495,2,9,8,3
201342I293609,2,9,0,18,0,0,0,0,0,0,2,1,6,1,9,1329,1,3,8,1
201342I293709,1,21,0,18,0,0,0,0,0,0,1,1,1,1,9,6870,2,1,9,1
201342I293709,2,21,0,3,0,0,0,0,0,0,2,1,1,1,8,5900,2,6,6,2
201342I293709,3,9,0,3,0,0,0,0,0,0,2,1,2,2,8,698,1,7,8,1
201342I293709,4,9,0,3,0,0,0,0,0,0,2,1,2,2,6,1364,1,8,5,1
201342I293809,1,9,0,18,0,1,0,0,1,0,1,1,1,1,5,1360,1,14,5,1
201342I293809,2,8,0,2,9,1,0,0,0,0,0,1,6,3,-1,-1,-1,-1,-1,-1
201342I293908,1,19,0,4,0,1,0,0,0,0,4,1,1,1,6,-1,-1,-1,8,1
201342I294009,1,19,0,17,0,0,0,0,7,4,2,1,6,1,5,1753,2,13,6,2
201342I294109,1,9,0,18,0,4,0,0,0,0,1,1,6,1,9,1686,2,-1,3,1
201342I294109,2,9,0,9,0,8,0,0,0,0,4,1,6,1,8,998,1,1,8,1
201342I294209,1,5,0,18,0,8,0,0,0,0,1,1,6,1,6,999,1,5,8,1
201342I294209,2,9,0,10,0,8,0,0,0,0,2,1,6,2,7,2497,1,7,8,1
201342I294409,1,11,0,18,0,0,0,0,0,0,0,1,6,1,-1,-1,2,13,-1,-1
201342I294509,1,9,0,18,0,0,0,0,0,0,1,1,3,2,7,1242,1,15,7,3
201342I294710,1,1,0,18,0,6,0,0,0,0,1,1,6,1,3,-1,-1,-1,-1,-1
201342I294710,2,9,0,18,0,2,0,0,0,0,3,1,2,2,7,1598,1,12,4,1
201342I294810,1,9,0,1,0,0,0,0,0,0,2,1,6,3,-1,-1,-1,-1,-1,-1
201342I294909,1,9,0,18,0,6,0,0,0,0,4,1,6,1,8,2497,2,11,1,1
201342I294909,2,9,0,18,0,1,0,0,7,1,1,1,6,2,9,1149,1,13,8,1
201342I295009,1,98,1,11,0,0,0,0,0,0,0,1,6,3,-1,-1,-1,-1,-1,-1
201342I295009,2,9,4,18,0,0,3,0,1,7,0,1,1,1,8,2497,2,15,6,1
201342I295109,1,9,0,18,0,1,0,0,1,3,3,1,6,1,10,1582,2,1,7,3
201342I295109,2,9,0,18,0,1,0,0,0,0,4,1,6,1,9,2967,2,3,6,1
201342I295210,1,9,0,18,0,0,1,0,0,6,1,1,6,1,5,-1,-1,-1,9,1
201342I295409,1,9,0,18,0,2,0,0,0,0,1,1,6,1,7,998,1,11,3,1
201342I295409,2,9,0,18,0,2,0,0,0,0,2,1,2,2,6,1086,1,3,3,1
201342I295508,1,9,0,18,0,8,0,0,0,0,4,1,6,2,10,1798,1,12,8,1
201342I295508,2,21,0,18,0,8,0,0,0,0,1,1,1,1,9,11021,2,9,5,1
201342I295609,1,8,0,1,9,1,0,0,0,0,2,1,6,1,-1,-1,-1,-1,-1,-1
201342I295809,1,9,0,18,0,0,0,0,0,0,1,1,2,2,6,1997,2,10,8,1
201342I295909,1,19,0,9,0,6,0,0,0,0,3,1,2,1,7,1998,1,17,3,1
201342I295909,2,9,0,18,0,1,0,0,0,0,1,1,2,1,8,4266,1,15,6,1
201342I295909,3,19,0,2,0,1,0,0,0,0,3,1,1,1,-1,-1,-1,-1,-1,-1
201342I295909,4,21,1,14,0,8,0,0,0,0,4,1,1,1,8,-1,-1,-1,-1,-1
201342I296009,1,19,0,18,0,3,0,0,0,0,4,1,6,1,6,-1,-1,-1,-1,-1
201342I296009,2,5,0,18,0,3,0,0,0,0,3,1,6,1,5,1000,1,14,4,1
201342I296109,1,9,0,18,0,0,1,0,0,0,1,1,1,2,4,1242,1,15,6,1
201342I296109,2,9,0,18,0,0,0,0,0,0,2,1,3,2,7,1984,1,9,8,1
201342I296209,1,9,0,18,0,1,0,0,0,0,4,1,6,3,-1,-1,-1,-1,-1,-1
201342I296209,2,20,0,2,0,1,0,0,0,0,0,1,1,1,7,4580,2,7,6,3
201342I296409,1,9,0,18,0,1,0,0,0,0,1,1,1,2,7,-1,-1,-1,10,1
201342I296409,2,9,0,8,0,1,0,0,0,0,2,1,6,2,10,1399,2,3,3,1
201342I296509,1,9,0,4,0,0,0,0,0,0,1,1,6,1,4,1388,1,7,3,1
201342I296509,2,3,0,18,0,0,0,0,0,0,1,1,6,1,4,124,1,6,6,1
201342I296610,1,19,0,1,9,3,0,4,0,0,2,1,1,1,6,2198,2,1,-1,-1
201342I296610,2,8,0,2,0,3,0,0,0,0,1,1,6,1,6,1997,2,2,3,1
201342I296710,1,9,0,1,9,1,0,0,1,10,2,1,6,2,11,999,1,-1,8,3
201342I296810,1,9,0,18,0,0,0,0,0,1,1,1,6,2,4,1596,1,11,4,1
201342I296910,1,2,0,9,0,4,0,0,0,0,0,1,2,1,5,125,1,5,3,1
201342I297010,1,9,0,6,0,4,0,0,0,0,1,1,6,1,5,1229,1,3,2,1
201342I297010,2,9,0,3,0,4,0,0,0,0,2,1,1,2,6,1399,2,3,2,1
201342I297209,1,9,0,3,0,1,0,0,0,0,1,1,6,1,-1,-1,-1,-1,-1,-1
201342I297209,2,9,0,3,0,1,0,0,0,0,2,1,6,2,6,-1,-1,-1,4,1
201342I297409,1,9,0,18,0,0,0,0,0,0,1,1,6,1,-1,1582,2,-1,-1,-1
201342I297409,2,9,0,18,0,0,0,0,0,0,1,1,6,2,10,1796,1,4,9,2
201342I297609,1,20,0,18,0,0,0,0,0,0,3,1,6,3,-1,-1,-1,-1,-1,-1
201342I297609,2,9,0,18,0,0,0,0,0,0,4,1,6,2,7,-1,-1,-1,7,3
201342I297709,1,9,0,5,0,4,0,0,0,0,1,1,6,1,9,-1,-1,-1,-1,-1
201342I297709,2,9,0,3,0,3,0,0,0,0,2,1,2,2,6,1242,1,6,8,1
201342I297810,1,9,0,4,0,4,1,0,0,0,1,1,6,1,6,2597,1,10,2,1
201342I297810,2,9,0,18,0,8,0,0,0,0,4,1,6,1,6,3442,1,-1,5,1
201342I297910,1,9,0,18,0,1,0,0,0,0,4,1,6,3,-1,-1,-1,-1,-1,-1
201342I297910,2,1,0,18,0,1,0,0,0,0,4,1,6,2,3,-1,-1,-1,-1,-1
201342I298010,1,9,0,18,0,8,0,0,0,0,1,1,6,1,-1,1796,1,14,-1,-1
201342I298010,2,9,0,3,0,8,0,0,0,0,2,1,6,1,5,1332,1,15,9,1
201342I298110,1,9,0,18,0,0,0,0,5,6,3,1,6,2,5,1199,1,10,5,3
201342I298210,1,9,0,5,0,1,0,0,7,4,1,1,6,1,11,1850,1,13,2,1
201342I298210,2,9,0,3,0,1,0,0,0,0,2,1,6,2,5,1798,1,1,2,1
201342I298310,1,9,0,18,0,0,0,0,0,0,1,1,6,2,7,-1,-1,-1,-1,-1
201342I298310,2,1,0,18,0,0,0,0,0,0,4,1,6,2,6,-1,-1,-1,5,1
201342I298410,1,9,0,17,0,1,1,0,0,0,1,1,6,1,8,-1,-1,-1,-1,-1
201342I298509,1,9,0,3,0,0,0,0,0,0,1,1,6,1,-1,1762,1,14,-1,-1
201342I298509,2,9,0,3,0,0,0,0,0,0,2,1,1,2,6,1242,1,16,10,1
201342I298605,1,9,0,4,0,0,0,0,0,0,1,1,6,2,4,1999,1,7,2,1
201342I298605,2,19,0,4,0,0,0,0,0,0,2,1,6,1,5,-1,-1,-1,3,1
201342I298709,1,9,0,16,0,0,2,0,2,1,4,1,6,1,4,1587,1,12,7,3
201342I298810,1,9,0,18,0,0,1,0,1,10,1,1,2,1,5,1781,1,12,5,1
201342I298910,1,9,0,18,0,1,0,0,0,0,1,1,6,1,6,1587,1,6,3,1
201342I298910,2,9,0,3,0,1,0,0,0,0,1,1,6,1,7,2143,2,1,7,3
201342I299010,1,5,0,18,0,0,0,0,1,0,0,1,6,1,9,1050,1,5,10,1
201342I299010,2,5,0,18,0,0,0,0,1,0,0,1,6,1,8,998,1,10,-1,-1
201342I299310,1,9,0,5,0,2,0,7,0,1,1,1,6,1,8,1598,1,7,-1,-1
201342I299410,1,1,0,18,0,1,0,0,0,0,0,1,6,1,-1,-1,-1,-1,-1,-1
201342I299410,2,9,0,18,0,1,0,0,0,0,4,1,1,1,5,1396,1,11,-1,-1
201342I299510,1,9,0,16,0,1,1,0,7,0,1,1,6,2,6,1461,2,1,6,3
201342I299510,2,8,0,17,0,1,0,0,0,0,1,1,1,1,7,1995,2,-1,3,1
201342I299609,1,9,0,16,0,0,2,0,1,11,1,1,6,1,4,1796,1,11,5,1
201342I299709,1,9,0,18,0,6,0,0,0,0,1,1,4,2,4,998,1,3,10,1
201342I299709,2,9,0,18,0,8,0,0,0,0,4,1,3,2,7,1598,1,-1,10,1
201342I299810,1,11,0,18,0,1,0,0,0,0,1,1,1,1,6,5883,2,12,5,1
201342I299810,2,9,0,10,0,1,0,0,0,0,3,1,6,1,7,1968,2,2,7,3
201342I299910,1,9,0,18,0,8,0,9,0,0,1,1,2,2,4,1124,1,10,6,1
201342I300010,1,9,0,18,0,0,0,0,0,0,3,1,6,1,-1,-1,-1,-1,-1,-1
201342I300207,1,9,0,9,0,1,0,0,0,0,4,1,6,1,8,1686,2,2,-1,-1
201342I300207,2,9,0,18,0,1,0,0,0,0,1,1,6,2,8,1991,2,1,9,2
201342I300207,3,9,0,18,0,1,0,0,0,0,0,1,6,1,9,1229,1,5,9,1
201342I300308,1,19,0,18,0,1,0,0,0,0,0,1,6,3,-1,-1,-1,-1,-1,-1
201342I300409,1,9,0,16,0,1,1,0,0,0,1,1,6,1,5,1299,1,16,3,1
201342I300409,2,9,0,17,0,1,0,0,0,0,1,1,2,1,8,1995,1,5,9,3
201342I300509,1,5,0,18,0,8,0,0,0,0,1,1,1,1,8,1170,1,5,9,3
201342I300509,2,5,0,3,0,8,0,0,0,0,2,1,6,1,8,599,1,6,8,2
201342I300609,1,9,0,4,0,4,0,0,0,0,1,1,6,1,6,1360,1,11,8,1
201342I300609,2,9,0,3,0,4,0,0,0,0,2,1,6,2,8,1997,2,10,4,1
201342I300709,1,3,0,18,0,1,0,7,0,0,1,1,6,1,4,124,1,8,4,1
201342I300709,2,9,0,18,0,1,0,0,0,0,0,1,6,3,-1,-1,-1,-1,-1,-1
201342I300810,1,9,0,5,0,0,0,0,0,0,3,1,1,2,8,-1,-1,-1,2,1
201342I300810,2,9,0,18,0,0,0,0,0,0,4,1,6,1,6,1598,1,8,6,2
201342I300909,1,9,0,18,0,8,0,0,0,0,2,1,6,1,10,2987,2,7,7,1
201342I300909,2,1,0,17,0,1,0,0,0,0,1,1,6,1,7,-1,-1,-1,4,1
201342I301010,1,9,0,18,0,4,0,0,0,0,1,1,6,2,8,1796,1,10,9,1
201342I301010,2,1,0,9,0,3,0,0,0,0,3,1,6,1,4,-1,-1,-1,4,1
201342I301110,1,9,0,18,0,0,1,0,0,0,1,1,2,1,4,1149,1,12,10,1
201342I301110,2,19,0,2,0,0,0,0,1,0,2,1,6,1,-1,2998,2,2,-1,-1
201342I301210,1,9,0,5,0,1,0,0,0,0,1,1,6,1,5,1870,2,10,7,1
201342I301210,2,9,0,18,0,1,0,0,0,0,4,1,2,2,5,-1,-1,-1,5,2
201342I301310,1,19,0,17,0,0,0,0,1,10,1,1,1,1,7,2198,2,2,8,3
201342I301310,2,9,0,16,0,0,0,0,0,0,1,1,3,2,6,1299,1,11,9,2
201342I301510,1,9,0,18,0,1,0,0,0,0,1,1,6,2,7,1984,1,12,9,1
201342I301510,2,9,0,18,0,1,0,0,0,0,2,1,6,1,6,-1,-1,-1,4,1
201342I301610,1,9,0,5,0,1,0,0,0,0,1,1,6,2,7,1461,2,3,8,3
201342I301710,1,9,0,17,0,0,5,0,7,0,0,1,1,1,5,1598,1,15,1,1
201342I301810,1,9,0,18,0,1,0,0,0,0,1,1,6,2,9,1598,1,8,9,1
201342I301810,2,9,0,3,0,1,0,0,0,0,2,1,6,2,7,1493,2,5,2,2
201342I301910,1,3,0,9,0,8,0,0,0,0,3,1,6,1,5,124,1,22,5,1
201342I301910,2,9,0,18,0,8,0,0,0,0,1,1,6,2,7,1997,2,7,7,1
201342I302010,1,9,0,1,0,0,0,0,0,0,2,1,6,2,8,2946,1,16,2,1
201342I302110,1,9,0,7,0,0,0,0,0,0,4,1,1,1,6,-1,-1,-1,4,1
201342I302110,2,1,0,18,0,0,0,0,0,0,1,1,1,1,4,-1,-1,-1,7,1
201342I302210,1,9,0,1,9,6,0,0,0,0,2,1,6,2,-1,-1,-1,-1,7,1
201342I302310,1,19,0,7,0,8,0,0,0,0,3,1,2,1,11,2198,2,6,2,1
201342I302310,2,1,0,18,0,8,0,0,0,0,1,1,6,1,-1,-1,-1,-1,-1,-1
201342I302409,1,9,0,5,0,1,0,0,0,0,1,1,1,2,7,1596,1,11,7,1
201342I302409,2,2,0,5,0,2,0,0,0,0,1,1,4,1,4,49,1,28,3,1
201342I302509,1,9,0,18,0,0,0,0,0,0,1,1,2,2,6,1199,1,12,3,1
201342I302509,2,9,0,3,0,0,0,0,0,0,2,1,2,2,4,1242,1,-1,8,3
201342I302509,3,9,0,3,0,0,0,0,0,0,2,1,2,2,7,1968,2,3,7,3
201342I302509,4,9,0,3,0,0,0,0,0,0,2,1,2,1,8,1587,1,6,8,1
201342I302610,1,9,0,18,0,0,0,0,0,0,3,1,1,2,8,-1,-1,-1,6,1
201342I302610,2,4,0,18,0,0,0,0,0,0,4,1,6,1,8,599,1,8,8,2
201342I302710,1,9,0,8,0,7,0,0,0,0,1,1,6,1,6,-1,-1,-1,3,1
201342I302710,2,9,0,8,0,7,0,0,0,0,2,1,6,1,8,1598,1,9,6,1
201342I302910,1,21,1,18,0,0,4,0,6,6,3,1,1,1,7,12580,2,7,-1,-1
201342I303010,1,9,0,18,0,8,0,0,0,0,1,1,6,2,7,1242,1,6,8,1
201342I303110,1,19,0,16,0,0,0,0,0,0,1,1,1,2,6,-1,-1,-1,8,3
201342I303110,2,9,0,3,0,0,0,0,0,0,2,1,6,2,8,-1,-1,-1,7,3
201342I303210,1,9,0,18,0,1,0,0,0,0,1,1,6,2,7,1598,1,5,8,1
201342I303309,1,9,0,5,0,4,0,0,0,0,1,1,6,2,6,1388,1,9,7,1
201342I303309,2,1,0,18,0,8,0,0,0,0,3,1,1,1,4,-1,-1,-1,-1,-1
201342I303410,1,9,0,18,0,0,2,0,7,4,1,1,2,1,4,1242,1,3,6,3
201342I303510,1,21,1,3,0,0,0,0,0,0,1,1,1,1,-1,-1,-1,-1,-1,-1
201342I303510,2,9,0,3,0,0,0,0,0,0,2,1,6,1,6,1753,2,7,-1,-1
201342I303610,1,9,0,7,0,3,0,0,0,0,1,1,1,1,6,-1,-1,-1,9,1
201342I303710,1,9,0,4,0,1,0,0,0,0,1,1,1,1,7,2148,2,10,3,1
201342I303710,2,9,0,10,0,1,0,0,0,0,2,1,3,2,7,1995,2,1,7,1
201342I303810,1,9,0,18,0,7,0,0,0,0,1,1,6,2,-1,-1,-1,-1,-1,-1
201342I303810,2,9,0,3,0,7,0,0,0,0,2,1,6,1,5,1560,2,9,7,1
201342I304010,1,9,0,9,0,5,0,0,0,0,1,1,6,1,6,1198,1,7,9,1
201342I304010,2,9,0,18,0,8,0,0,0,0,1,1,6,2,8,998,1,14,7,2
201342I304110,1,9,0,18,0,0,0,0,0,0,1,1,6,1,8,1796,1,10,3,1
201342I304210,1,9,0,18,0,0,1,0,0,0,1,1,6,1,4,1199,1,13,6,3
201342I304210,2,9,0,9,0,0,0,0,0,0,3,1,6,2,11,1598,1,3,6,3
201342I304310,1,2,0,18,0,0,0,0,0,0,4,1,6,1,4,49,1,-1,5,3
201342I304410,1,9,0,18,0,0,0,0,0,0,1,1,6,2,11,1299,1,11,9,1
201342I304410,2,19,0,3,0,0,0,0,0,0,2,1,1,1,7,2143,2,2,6,1
201342I304510,1,9,0,5,0,0,0,0,0,0,3,1,3,2,7,1796,1,4,10,1
201342I304610,1,9,0,17,0,0,0,0,7,9,1,1,6,1,4,1796,1,7,5,1
201342I304707,1,9,0,18,0,1,0,0,0,0,4,1,6,2,4,-1,-1,-1,4,1
201342I304707,2,1,0,18,0,1,0,0,0,0,3,1,1,1,8,-1,-1,-1,8,1
201342I304810,1,9,0,12,0,0,0,0,0,0,0,1,6,3,-1,-1,-1,-1,-1,-1
201342I304810,2,9,0,18,0,0,0,0,0,0,1,1,6,1,8,1560,2,7,9,1
201342I304810,3,9,0,18,0,0,0,0,0,0,2,1,6,2,5,1360,1,10,5,1
201342I304910,1,9,0,18,0,4,0,0,1,10,1,1,6,1,4,1596,1,12,9,1
201342I305010,1,5,0,13,0,0,0,0,0,0,1,1,6,1,6,651,1,21,10,2
201342I305010,2,9,0,12,0,0,0,0,0,0,1,1,6,2,6,1596,1,10,10,1
201342I305110,1,9,0,16,0,1,0,0,0,0,1,1,6,1,4,1560,2,7,8,2
201342I305110,2,9,0,17,0,1,0,0,0,0,1,1,6,2,7,1595,1,13,10,3
201342I305210,1,9,0,4,0,0,0,0,0,0,3,1,6,3,-1,1995,2,5,-1,-1
201342I305210,2,3,0,13,0,0,0,0,0,0,4,1,6,1,8,124,1,12,3,1
201342I305310,1,9,0,7,0,1,0,0,0,0,1,1,6,2,8,2401,2,6,8,2
201342I305310,2,9,0,18,0,1,0,0,0,0,1,1,6,1,6,2496,2,9,1,1
201342I305410,1,9,0,18,0,1,0,0,0,0,1,1,2,1,8,1598,1,4,7,1
201342I305510,1,11,0,18,0,0,0,0,0,0,3,1,6,3,7,-1,-1,-1,6,1
201342I305510,2,1,0,18,0,0,0,0,0,0,4,1,6,2,6,-1,-1,-1,3,1
201342I305610,1,90,0,14,0,1,0,4,0,0,3,1,1,3,8,-1,9,12,5,1
201342I305610,2,9,0,18,0,1,0,0,0,0,4,1,3,3,7,2204,2,5,-1,-1
201342I305610,3,21,0,2,0,1,0,0,0,0,2,1,1,3,8,-1,-1,-1,6,3
201342I305710,1,9,0,9,0,8,0,0,0,0,1,1,6,1,-1,-1,-1,-1,-1,-1
201342I305710,2,8,0,18,0,8,0,0,0,0,3,1,1,1,7,1461,2,5,3,1
201342I305810,1,9,0,1,0,0,0,0,0,0,2,1,3,2,8,1991,2,8,6,1
201342I305910,1,9,0,9,0,5,0,0,0,0,1,1,6,1,6,1994,2,16,2,1
201342I305910,2,1,0,18,0,1,0,0,0,0,0,1,6,1,7,-1,-1,-1,-1,-1
201342I306010,1,3,0,18,0,2,0,0,0,0,1,1,6,1,5,-1,-1,-1,1,1
201342I306010,2,9,0,5,0,2,0,0,0,0,2,1,6,1,6,-1,-1,-1,1,1
201342I306110,1,98,0,18,0,0,0,0,0,0,4,1,6,1,-1,-1,-1,-1,-1,-1
201342I306110,2,9,0,18,0,0,0,0,0,0,3,1,6,2,5,1968,2,2,9,1
201342I306209,1,21,1,16,0,0,0,0,0,0,1,2,1,3,-1,-1,-1,-1,-1,-1
201342I306310,1,9,0,5,8,8,0,0,0,0,0,1,6,1,-1,1591,1,-1,-1,-1
201342I306310,2,8,0,18,0,8,0,0,0,0,0,1,6,1,8,-1,-1,-1,4,1
201342I306410,1,9,0,1,0,1,0,0,0,0,2,1,6,2,-1,-1,-1,-1,-1,-1
201342I306510,1,9,0,7,9,1,0,0,0,0,0,1,6,2,-1,-1,-1,-1,-1,-1
201342I306610,1,9,0,18,0,1,0,0,0,0,0,1,6,2,-1,1796,1,12,5,1
201342I306610,2,1,0,18,0,1,0,0,0,0,0,1,6,1,7,-1,-1,-1,9,1
201342I306710,1,9,0,18,0,1,0,4,0,0,1,1,1,2,8,1332,1,14,5,1
201342I306710,2,9,0,2,0,1,0,0,0,0,1,1,6,1,7,1998,1,15,5,1
201342I306810,1,1,0,14,0,1,0,0,0,0,1,1,6,1,-1,-1,-1,-1,-1,-1
201342I306909,1,9,0,9,0,1,0,0,0,0,3,1,6,1,4,1560,2,-1,9,1
201342I306909,2,1,0,18,0,1,0,0,0,0,0,1,6,1,8,-1,-1,-1,-1,-1
201342I307110,1,9,0,18,0,0,0,0,0,0,1,1,6,1,8,-1,-1,-1,7,2
201342I307110,2,9,0,18,0,0,0,0,0,0,2,1,6,1,7,1896,2,11,4,1
201342I307210,1,9,0,18,0,8,0,0,0,0,4,1,6,2,7,1363,2,11,10,1
201342I307310,1,9,0,5,5,1,0,0,0,0,4,1,2,2,9,1360,1,7,2,1
201342I307310,2,1,0,18,5,1,0,0,0,0,0,1,6,1,4,-1,-1,-1,4,1
201342I307409,1,9,0,9,0,8,0,0,0,0,1,1,6,2,11,1390,1,16,4,1
201342I307409,2,9,0,18,0,8,0,0,1,0,3,1,6,1,8,1994,1,10,2,1
201342I307510,1,9,0,7,0,4,0,0,0,0,2,1,6,1,6,1124,1,8,7,1
201342I307510,2,1,0,18,0,4,0,0,0,0,4,1,6,2,9,-1,-1,-1,8,1
201342I307610,1,9,0,18,0,0,2,0,7,9,1,1,1,1,6,1598,1,14,7,1
201342I307710,1,9,0,18,0,1,0,0,0,0,1,1,6,2,-1,1399,2,-1,-1,-1
201342I307810,1,9,0,18,0,1,0,0,0,0,1,1,6,1,11,1997,2,12,-1,-1
201342I307810,2,9,0,10,0,1,0,0,0,0,2,1,1,1,8,1599,1,5,-1,-1
201342I307910,1,9,0,4,0,1,0,0,0,0,1,1,6,1,5,-1,-1,-1,2,1
201342I307910,2,9,0,3,0,1,0,0,0,0,2,1,6,1,8,1587,1,12,4,1
201342I308010,1,9,0,18,0,1,0,0,0,0,3,1,4,1,7,1398,1,-1,4,1
201342I308010,2,1,0,4,0,1,0,0,0,0,1,1,6,1,3,-1,-1,-1,4,1
201342I308110,1,9,0,9,0,1,0,0,8,1,1,1,6,1,10,796,1,13,6,1
201342I308210,1,9,0,18,0,1,0,0,0,0,1,1,6,1,6,1596,1,6,-1,-1
201342I308210,2,9,0,18,0,1,0,0,0,0,1,1,6,1,7,1797,8,2,3,1
201342I308310,1,9,0,17,0,7,1,0,1,2,4,1,6,2,5,-1,-1,-1,1,1
201342I308410,1,9,0,18,0,0,0,0,1,4,1,1,2,1,5,1368,1,4,7,1
201342I308410,2,9,0,18,0,0,0,0,1,0,1,1,2,2,5,1399,2,11,7,2
201342I308510,1,9,0,18,0,0,1,0,1,0,1,1,1,2,5,-1,-1,-1,3,1
201342I308610,1,9,0,16,0,0,0,0,0,0,3,1,6,2,6,1242,1,4,5,2
201342I308610,2,5,0,17,0,0,0,0,0,0,3,1,6,1,9,-1,-1,-1,7,3
201342I308710,1,9,0,4,0,3,0,0,0,0,1,1,6,1,-1,-1,-1,-1,-1,-1
201342I308710,2,9,0,4,0,3,0,0,0,0,2,1,6,2,4,1149,1,6,10,1
201342I308810,1,9,0,18,0,0,0,0,0,0,2,1,1,2,6,1399,1,2,3,1
201342I308810,2,9,0,5,0,0,0,0,0,0,1,1,1,2,10,1997,2,9,7,3
201342I308910,1,9,0,13,0,1,0,0,0,0,1,1,6,1,4,1299,1,15,8,2
201342I308910,2,2,0,9,0,1,0,0,0,0,2,1,6,1,4,124,1,5,8,2
201342I309010,1,9,0,13,0,0,1,0,5,6,3,1,6,1,7,1598,1,10,5,1
201342I309110,1,9,0,18,0,0,1,0,0,0,1,1,6,1,4,1796,1,12,10,1
201342I309110,2,9,0,4,0,0,0,0,0,0,2,1,6,2,8,1999,1,6,10,2
201342I309110,3,9,0,4,0,0,0,0,0,0,2,1,2,1,8,2993,2,-1,9,1
201342I309210,1,9,0,18,0,1,0,0,0,0,1,1,6,1,-1,1598,1,9,-1,-1
201342I309210,2,19,0,18,0,1,0,0,0,0,2,1,6,1,5,2287,2,5,2,1
201342I309309,1,9,0,9,0,8,0,0,0,0,0,1,6,1,-1,1997,2,10,5,1
201342I309309,2,9,0,18,0,8,1,0,0,0,3,1,2,1,6,2494,2,1,8,1
201342I309309,3,19,0,10,0,1,0,0,0,0,1,1,2,2,8,1870,2,11,6,1
201342I309410,1,9,0,18,0,1,0,0,0,0,1,1,2,1,5,-1,-1,-1,9,1
201342I309510,1,21,0,18,0,4,0,0,0,0,1,1,1,1,9,12900,2,5,5,1
201342I309510,2,9,0,18,0,4,0,0,0,0,2,1,6,1,11,1198,1,8,6,1
201342I309610,1,19,0,9,0,6,0,0,0,0,1,1,2,1,-1,2494,2,5,9,1
201342I309610,2,1,0,7,0,5,0,0,0,0,3,1,2,1,8,-1,-1,-1,4,1
201342I309810,1,9,0,5,0,2,0,0,0,0,1,1,6,1,6,1560,2,8,4,1
201342I309810,2,9,0,18,0,8,0,0,0,10,3,1,6,2,7,1339,1,5,5,1
201342I309910,1,3,0,18,0,0,0,0,0,0,1,1,6,1,5,-1,-1,-1,6,1