Accident_Index,Vehicle_Reference,Vehicle_Type,Towing_and_Articulation,Vehicle_Manoeuvre,Vehicle_Location-Restricted_Lane,Junction_Location,Skidding_and_Overturning,Hit_Object_in_Carriageway,Vehicle_Leaving_Carriageway,Hit_Object_off_Carriageway,1st_Point_of_Impact,Was_Vehicle_Left_Hand_Drive?,Journey_Purpose_of_Driver,Sex_of_Driver,Age_Band_of_Driver,Engine_Capacity_(CC),Propulsion_Code,Age_of_Vehicle,Driver_IMD_Decile,Driver_Home_Area_Type
201342I309910,2,9,0,3,0,0,0,0,0,0,2,1,6,2,7,-1,-1,-1,6,1
201342I310010,1,19,0,1,0,5,0,0,0,0,2,1,1,1,10,2402,2,2,-1,-1
201342I310110,1,9,0,9,0,6,0,0,0,0,1,1,2,1,8,1794,1,12,7,2
201342I310110,2,9,0,4,0,1,1,0,0,0,3,1,2,1,6,1997,2,9,6,1
201342I310210,1,9,0,18,0,1,0,0,0,0,1,1,2,1,6,1968,2,6,-1,-1
201342I310210,2,9,0,7,0,1,0,0,0,0,2,1,1,2,7,1968,2,6,4,1
201342I310410,1,9,0,18,0,8,0,0,0,0,2,1,2,1,8,1497,8,6,6,1
201342I310410,2,3,0,18,0,8,0,0,0,0,1,1,2,1,4,125,1,-1,5,1
201342I310510,1,9,0,1,0,1,0,0,0,0,0,1,6,3,-1,-1,-1,-1,-1,-1
201342I310510,2,3,0,18,0,1,0,0,0,0,0,1,6,1,4,-1,-1,-1,1,2
201342I310610,1,9,0,18,0,1,0,0,7,0,1,1,6,1,7,1598,1,7,4,1
201342I310610,2,9,0,9,0,8,0,0,0,0,1,1,6,1,-1,2967,1,10,3,1
201342I310710,1,9,0,10,0,1,0,0,0,0,1,1,6,1,9,1896,2,11,3,1
201342I310710,2,1,0,18,0,1,0,0,0,0,0,1,6,1,4,-1,-1,-1,-1,-1
201342I310810,1,1,0,18,0,0,0,0,0,0,1,1,2,1,7,-1,-1,-1,5,1
201342I310810,2,9,0,2,0,0,0,0,0,0,3,1,2,1,8,2995,1,10,3,1
201342I310910,1,19,0,18,0,0,0,0,0,0,1,1,1,1,5,2198,2,2,3,1
201342I310910,2,21,1,18,0,0,0,0,0,0,1,2,1,1,8,-1,-1,-1,-1,-1
201342I311009,1,9,0,3,0,1,0,0,0,0,1,1,6,1,8,1975,1,7,6,3
201342I311009,2,2,0,3,0,1,0,0,0,0,2,1,6,1,5,-1,-1,-1,7,3
201342I311009,3,9,0,3,0,1,0,0,0,0,2,1,1,1,5,1896,2,11,8,1
201342I311110,1,9,0,18,0,0,0,0,0,0,0,1,6,3,-1,-1,-1,-1,-1,-1
201342I311110,2,16,0,18,0,0,0,0,0,0,0,1,6,2,8,-1,-1,-1,10,1
201342I311110,3,16,0,18,0,0,0,0,0,0,0,1,6,2,7,-1,-1,-1,8,3
201342I311210,1,19,0,18,0,8,0,0,0,0,1,1,6,1,6,2464,2,5,4,1
201342I311310,1,21,1,18,0,0,0,0,1,9,1,1,1,1,7,12780,2,6,2,3
201342I311310,2,20,0,18,0,0,0,0,0,6,2,1,1,1,6,-1,-1,-1,6,1
201342I311410,1,9,0,18,0,1,0,0,0,0,1,1,1,1,8,1998,2,5,6,1
201342I311410,2,1,0,18,0,1,0,0,0,0,1,1,6,1,5,-1,-1,-1,-1,-1
201342I311510,1,9,0,18,0,4,0,0,3,1,0,1,6,1,5,1896,2,10,-1,3
201342I311710,1,9,0,18,0,0,0,0,0,0,1,1,2,2,5,1685,2,1,6,3
201342I311910,1,9,0,16,0,0,0,0,7,1,1,1,6,1,6,1388,1,5,8,1
201342I312010,1,9,0,17,0,1,1,0,7,11,1,1,6,2,7,1596,1,9,4,1
201342I312010,2,9,0,2,0,1,0,0,0,0,0,1,6,3,-1,1998,1,5,-1,-1
201342I312110,1,9,0,16,0,7,0,0,1,11,1,1,6,1,6,1242,1,8,4,1
201342I312210,1,9,0,18,0,1,0,0,0,0,4,1,2,2,6,1299,1,15,8,1
201342I312210,2,1,0,18,0,1,0,0,0,0,0,1,6,1,4,-1,-1,-1,8,1
201342I312310,1,9,0,18,0,3,0,0,0,0,2,1,6,2,7,1388,1,11,7,1
201342I312310,2,1,0,18,0,1,0,0,0,0,1,1,6,1,7,-1,-1,-1,9,1
201342I312410,1,9,0,5,0,8,0,0,0,0,1,1,6,1,-1,-1,-1,-1,-1,-1
201342I312510,1,9,0,16,0,1,1,0,0,0,1,1,6,2,-1,1998,1,9,-1,-1
201342I312510,2,21,0,18,0,1,0,0,0,0,4,1,6,1,8,11705,2,5,9,2
201342I312610,1,1,0,9,0,3,0,0,0,0,3,1,6,1,3,-1,-1,-1,-1,-1
201342I312610,2,11,0,18,0,3,0,0,0,0,1,1,1,1,9,9360,2,5,3,1
201342I312810,1,9,0,16,0,0,5,10,1,0,3,1,6,1,8,479,2,8,6,1
201342I312910,1,9,0,18,0,1,0,0,0,0,1,1,1,2,7,1796,1,9,2,1
201342I313010,1,9,0,18,0,4,0,0,0,0,1,1,6,2,9,2148,2,11,7,1
201342I313010,2,1,0,18,0,8,0,0,0,0,1,1,2,1,8,-1,-1,-1,6,1
201342I313109,1,19,0,5,0,0,0,0,0,0,4,1,1,1,9,2402,2,10,7,3
201342I313109,2,9,0,18,0,0,1,0,0,0,1,1,6,2,6,1598,1,10,3,1
201342I313210,1,9,0,18,0,1,0,0,0,0,2,1,6,2,5,1598,1,11,-1,-1
201342I313210,2,1,0,18,0,1,0,0,0,0,1,1,6,2,1,-1,-1,-1,10,1
201342I313310,1,5,0,18,0,1,0,0,0,0,1,1,6,1,6,599,1,15,10,2
201342I313310,2,19,0,18,0,1,0,0,0,0,4,1,6,1,6,1998,2,8,-1,-1
201342I313410,1,9,0,5,0,4,0,0,0,0,1,1,2,2,7,1598,2,1,10,1
201342I313410,2,4,0,5,0,4,0,0,0,0,3,1,3,1,7,197,1,6,4,1
201342I313510,1,9,0,18,0,0,0,0,1,4,1,1,6,2,7,1240,1,6,5,1
201342I313610,1,11,0,5,0,1,0,0,0,0,1,1,1,1,9,7300,2,8,9,1
201342I313610,2,9,0,9,0,1,0,0,0,0,2,1,6,2,7,1798,1,5,7,1
201342I313710,1,9,0,18,0,2,1,0,0,0,1,1,6,1,7,1386,1,9,-1,-1
201342I313710,2,9,0,2,0,2,0,0,0,0,3,1,6,3,-1,1798,1,7,-1,-1
201342I313710,3,9,0,2,0,2,0,0,0,0,2,1,6,3,-1,1587,1,11,-1,-1
201342I313810,1,9,0,18,0,0,1,0,0,0,1,1,6,1,4,1242,1,8,6,1
201342I313810,2,9,0,18,0,0,0,0,0,0,2,1,1,1,6,1560,2,4,-1,-1
201342I313910,1,9,0,18,0,8,0,0,0,1,4,1,6,1,8,2982,2,3,10,1
201342I313910,2,9,0,18,0,8,0,0,0,0,1,1,6,1,7,1396,1,12,7,1
201342I314010,1,20,0,18,0,8,0,0,0,0,1,1,1,1,7,4461,2,5,2,1
201342I314010,2,9,0,10,0,8,0,0,7,11,2,1,6,2,6,1229,1,7,3,1
201342I314110,1,9,0,18,0,0,0,0,0,0,1,1,6,1,5,1598,1,13,3,1
201342I314110,2,9,0,10,0,0,0,0,0,0,2,1,2,1,4,1199,1,11,8,3
201342I314210,1,9,0,7,0,6,0,0,0,0,4,1,6,1,8,1360,1,13,9,1
201342I314210,2,4,0,18,0,1,0,0,0,0,1,1,6,1,5,400,1,20,4,1
201342I314310,1,9,0,18,0,0,0,0,0,0,1,1,1,1,-1,1299,1,11,-1,-1
201342I314310,2,9,0,18,0,0,0,0,0,0,2,1,1,2,6,1242,1,2,8,1
201342I314410,1,9,0,3,0,8,0,0,0,0,1,1,6,1,-1,-1,-1,-1,-1,-1
201342I314410,2,9,0,3,0,8,0,0,0,0,2,1,6,1,6,1598,1,13,3,1
201342I314510,1,9,0,16,0,1,2,0,7,9,1,1,1,1,4,-1,-1,-1,6,1
201342I314810,1,19,0,18,0,1,0,0,0,0,1,1,6,1,6,-1,-1,-1,-1,-1
201342I314810,2,9,0,9,0,6,0,0,0,0,2,1,6,1,6,1998,1,7,9,1
201342I314910,1,9,0,18,0,0,0,4,0,0,1,1,6,1,6,1995,1,7,2,1
201342I314910,2,9,0,2,0,0,0,0,1,9,2,1,6,1,5,-1,-1,-1,-1,-1
201342I315010,1,9,0,18,0,1,0,0,0,0,1,1,6,1,6,1197,1,2,10,1
201342I315010,2,19,0,4,0,1,0,0,0,0,2,1,6,1,8,2198,2,6,3,1
201342I315010,3,19,0,4,0,1,0,0,0,0,2,1,6,1,7,1461,2,8,7,1
201342I315110,1,9,0,18,0,0,0,0,0,0,0,1,6,1,6,1796,2,-1,4,1
201342I315110,2,9,0,18,0,0,0,0,0,0,0,1,6,1,6,1679,1,13,4,1
201342I315210,1,9,0,18,0,0,0,0,1,1,1,1,1,1,5,1242,1,12,8,3
201342I315210,2,9,0,18,0,0,0,0,0,0,2,1,6,2,10,1994,2,10,8,3
201342I315310,1,9,0,9,0,6,0,0,0,0,4,1,2,1,5,1596,1,9,7,3
201342I315310,2,9,0,18,0,1,0,0,1,11,4,1,6,1,5,1349,1,4,5,3
201342I315409,1,9,0,18,0,1,1,0,0,0,1,1,6,1,4,1600,1,13,7,3
201342I315409,2,19,0,10,0,1,0,0,0,0,2,1,1,1,5,1560,2,1,8,1
201342I315510,1,9,0,9,0,1,0,0,0,0,1,1,1,2,7,1398,2,1,9,1
201342I315510,2,4,0,18,0,1,1,0,0,0,4,1,1,1,8,660,1,8,2,1
201342I315610,1,9,0,17,0,1,1,0,7,11,1,1,1,1,5,998,1,5,5,1
201342I315710,1,9,0,18,0,4,0,0,0,0,1,1,6,1,4,1910,2,8,5,1
201342I315710,2,9,0,18,0,4,0,0,0,0,1,1,2,2,6,1198,1,5,4,3
201342I315810,1,4,0,18,0,0,1,0,0,0,1,1,2,1,6,125,1,1,9,1
201342I315810,2,9,0,18,0,0,0,0,0,0,3,1,2,2,8,1596,1,10,8,1
201342I315910,1,9,0,14,0,1,0,0,0,0,1,1,2,2,6,996,1,-1,10,3
201342I315910,2,11,0,2,0,2,0,0,0,0,0,1,1,1,10,5883,2,11,10,2
201342I316010,1,9,0,16,0,4,0,0,0,0,1,1,6,2,7,2000,1,11,2,1
201342I316010,2,1,0,18,0,8,0,0,0,0,1,1,6,2,7,-1,-1,-1,5,1
201342I316110,1,9,0,10,0,1,0,0,0,0,1,1,6,2,6,1598,1,3,9,1
201342I316110,2,9,0,18,0,1,0,0,1,11,4,1,6,2,6,1242,1,14,9,1
201342I316210,1,9,0,9,0,8,0,0,0,0,3,1,6,2,10,1242,1,13,9,1
201342I316210,2,9,0,18,0,8,0,0,0,0,3,1,6,2,7,1587,1,14,6,2
201342I316310,1,9,0,18,0,1,0,0,0,0,1,1,6,1,-1,1997,2,12,-1,-1
201342I316310,2,9,0,3,0,1,0,0,0,0,0,1,6,2,5,1995,2,8,8,1
201342I316606,1,9,0,15,0,0,2,0,7,10,2,1,2,2,7,-1,-1,-1,2,1
201342I316606,2,9,0,18,0,0,0,0,0,0,4,1,6,1,4,1390,1,15,6,1
201342I316606,3,9,0,2,9,0,0,0,0,0,0,1,6,3,-1,1388,1,7,-1,-1
201342I316810,1,9,0,1,9,1,0,0,0,0,2,1,1,1,9,-1,-1,-1,10,1
201342I316810,2,1,0,18,9,1,0,0,0,0,3,1,1,2,-1,-1,-1,-1,6,1
201342I316910,1,9,0,18,0,1,1,0,0,0,1,1,6,2,8,-1,-1,-1,7,3
201342I316910,2,8,0,8,0,1,0,0,0,0,3,1,1,1,8,1999,1,8,7,3
201342I317010,1,9,0,18,0,0,2,0,1,1,1,1,2,2,8,1998,1,10,8,3
201342I317110,1,19,0,18,0,1,0,0,0,0,1,1,2,1,7,1461,2,8,10,2
201342I317209,1,9,0,9,0,6,0,0,0,0,1,1,6,1,7,-1,-1,-1,4,1
201342I317209,2,1,0,18,0,1,0,0,0,0,1,1,6,1,7,-1,-1,-1,4,1
201342I317504,1,19,0,5,0,0,0,0,0,0,3,1,1,1,5,1870,2,7,9,1
201342I317504,2,19,0,5,0,0,0,0,0,0,0,1,1,2,5,2143,2,1,4,1
201342I317610,1,9,0,5,0,0,0,0,0,0,1,1,6,2,8,-1,-1,-1,-1,-1
201342I317610,2,9,0,2,0,0,0,0,0,0,2,1,6,2,8,1590,1,12,6,3
201342I317710,1,9,0,18,0,0,0,0,0,0,4,1,6,1,9,1461,2,7,8,1
201342I317810,1,9,0,9,0,6,0,0,0,0,1,1,6,1,7,2494,1,12,1,1
201342I317810,2,9,0,18,0,1,0,0,4,0,1,1,6,2,9,1598,1,13,7,1
201342I317910,1,9,0,18,0,0,1,0,0,0,4,1,6,1,5,1984,1,17,-1,-1
201342I317910,2,19,0,18,0,0,0,0,0,0,3,1,6,1,9,1868,2,11,6,1
201342I317910,3,19,0,18,0,0,0,0,0,0,1,1,6,1,7,2148,2,9,4,1
201342I318010,1,3,0,18,0,0,1,0,0,0,1,1,2,1,6,124,1,11,-1,-1
201342I318110,1,9,0,18,0,0,0,0,0,0,1,1,6,2,4,1242,1,2,9,2
201342I318110,2,9,0,3,0,0,0,0,0,0,2,1,6,1,6,2771,1,13,7,1
201342I318210,1,17,0,18,0,0,0,0,0,0,0,1,6,3,-1,-1,-1,-1,-1,-1
201342I318210,2,9,0,18,0,0,1,0,1,0,1,1,6,1,7,-1,-1,-1,5,1
201342I318410,1,10,0,18,0,0,0,0,0,0,4,1,1,3,-1,-1,-1,-1,-1,-1
201342I318510,1,9,0,1,0,0,0,0,0,0,1,1,6,2,5,1596,1,2,3,1
201342I318610,1,9,0,9,0,4,0,0,0,0,3,1,6,1,9,1796,1,6,10,2
201342I318610,2,1,0,18,0,4,0,0,0,0,1,1,2,1,8,-1,-1,-1,8,3
201342I318710,1,9,0,9,0,5,0,0,0,0,1,1,6,3,-1,-1,-1,-1,-1,-1
201342I318710,2,9,0,18,0,6,0,0,0,0,3,1,1,1,7,2179,2,4,4,1
201342I318810,1,9,0,18,0,8,0,0,0,0,1,1,6,1,7,1968,2,1,4,1
201342I318810,2,9,0,5,0,6,0,0,0,0,1,1,6,2,5,1299,1,11,5,1
201342I318910,1,9,0,18,0,1,0,0,0,0,1,1,2,2,5,1390,1,8,4,1
201342I318910,2,1,0,18,0,1,0,0,0,0,2,1,2,1,8,-1,-1,-1,8,1
201342I319010,1,9,0,18,0,0,0,0,0,0,1,1,3,2,4,-1,-1,-1,2,1
201342I319010,2,9,0,4,0,0,0,0,0,0,2,1,6,2,6,1796,1,6,10,1
201342I319110,1,3,0,12,0,0,1,0,0,0,3,1,1,1,6,124,1,5,9,1
201342I319110,2,9,0,18,0,0,0,0,0,0,4,1,1,1,9,-1,-1,-1,3,1
201342I319210,1,9,0,18,0,8,1,0,0,0,1,1,1,1,6,1388,1,10,4,1
201342I319210,2,9,0,4,0,8,0,0,0,0,2,1,1,1,7,-1,-1,-1,10,1
201342I319210,3,19,0,18,0,8,1,0,0,0,1,1,1,1,6,2151,2,13,5,1
201342I319210,4,9,0,3,0,8,0,0,0,0,1,1,1,1,7,-1,-1,-1,4,1
201342I319210,5,9,0,13,0,1,0,0,0,0,0,1,1,1,7,2400,2,3,6,1
201342I319310,1,9,0,18,0,1,0,0,0,0,1,1,6,1,8,1994,2,15,6,3
201342I319310,2,1,0,18,0,1,0,0,0,0,3,1,6,1,3,-1,-1,-1,6,1
201342I319410,1,9,0,18,0,1,0,0,0,0,1,1,6,1,11,1299,1,11,8,3
201342I319410,2,9,0,2,9,1,0,0,0,0,2,1,6,3,-1,1595,1,-1,-1,-1
201342I319510,1,9,0,1,0,1,0,0,0,0,2,1,6,1,-1,-1,-1,-1,-1,-1
201342I319510,2,1,0,18,0,1,0,0,0,0,1,1,6,1,7,-1,-1,-1,6,1
201342I319610,1,19,0,7,0,6,0,0,0,0,4,1,1,1,6,2198,2,5,-1,-1
201342I319610,2,1,0,18,0,1,0,0,0,0,3,1,2,1,8,-1,-1,-1,4,1
201342I319710,1,9,0,16,0,0,1,0,0,0,1,1,2,2,5,1124,1,15,9,1
201342I319710,2,9,0,16,0,0,0,0,0,0,2,1,1,2,8,1560,2,3,6,1
201342I319710,3,21,0,2,0,0,0,0,0,0,0,1,1,1,8,-1,2,25,3,1
201342I319810,1,5,0,17,0,0,1,10,0,0,1,1,6,1,8,599,1,19,6,3
201342I319910,1,9,0,16,0,0,1,10,1,9,3,1,1,2,7,-1,-1,-1,10,2
201342I319910,2,20,0,17,0,0,0,0,0,0,1,1,1,1,8,-1,-1,-1,-1,-1
201342I320010,1,8,0,18,0,4,0,0,0,0,2,1,6,2,7,1999,1,2,9,1
201342I320010,2,9,0,18,0,4,0,0,0,0,1,1,6,2,5,1598,1,7,9,1
201342I320110,1,9,0,18,0,0,0,0,0,0,0,1,6,3,-1,-1,-1,-1,-1,-1
201342I320110,2,9,0,4,0,0,0,0,0,1,1,1,1,2,4,1299,1,12,5,1
201342I320210,1,9,0,18,0,0,0,0,0,0,3,1,6,3,-1,-1,-1,-1,-1,-1
201342I320210,2,9,0,18,0,0,0,0,0,0,3,1,6,2,5,-1,-1,-1,4,1
201342I320310,1,9,0,18,0,0,0,0,0,0,1,1,6,2,6,-1,-1,-1,2,1
201342I320410,1,9,0,18,0,1,0,0,0,0,1,1,1,1,6,999,1,3,5,1
201342I320510,1,9,0,10,0,1,0,0,0,0,1,1,2,1,6,1149,1,9,3,1
201342I320510,2,1,0,18,0,1,0,0,0,0,1,1,2,1,8,-1,-1,-1,-1,-1
201342I320610,1,9,0,18,0,1,0,0,0,0,1,1,6,1,4,1242,1,10,7,3
201342I320610,2,9,0,10,0,1,0,0,0,0,2,1,1,2,7,1988,1,13,8,1
201342I320707,1,19,0,9,0,2,0,0,0,0,3,1,1,1,8,2299,2,1,2,1
201342I320707,2,9,0,18,0,2,0,0,0,0,4,1,6,2,5,1000,1,13,6,1
201342I320910,1,9,0,1,0,0,0,0,0,10,2,1,6,2,10,2500,2,10,6,1
201342I321010,1,9,0,3,0,1,0,0,0,0,1,1,6,1,-1,-1,-1,-1,-1,-1
201342I321010,2,9,0,3,0,1,0,0,0,0,2,1,6,2,8,1796,1,1,3,1
201342I321110,1,9,0,17,0,0,1,0,1,4,2,1,6,1,6,1800,1,13,5,2
201342I321210,1,19,0,5,0,2,0,0,0,0,1,1,2,1,8,1686,2,11,8,1
201342I321210,2,9,0,18,0,1,0,0,0,0,1,1,2,1,5,1679,1,12,8,1
201342I321310,1,9,0,18,0,0,0,0,0,0,1,1,6,1,11,1329,1,1,6,1
201342I321310,2,9,0,18,0,0,0,0,0,0,1,1,6,2,6,1124,1,9,5,1
201342I321410,1,9,0,18,0,8,0,0,0,0,3,1,6,2,9,1781,1,10,6,1
201342I321410,2,9,0,18,0,1,0,0,0,0,4,1,1,2,8,1598,1,1,6,3
201342I321510,1,9,0,16,0,0,1,0,7,0,1,1,6,1,6,-1,-1,-1,5,3
201342I321510,2,9,0,17,0,0,0,0,1,0,1,1,6,2,7,1598,1,11,10,1
201342I321610,1,90,0,18,0,4,0,0,0,0,1,1,1,1,7,2987,2,4,2,1
201342I321610,2,19,0,3,0,4,0,0,0,0,2,1,1,1,8,-1,-1,-1,2,1
201342I321710,1,9,0,18,0,8,0,0,1,11,3,1,1,1,10,1796,1,9,6,1
201342I321710,2,19,0,18,0,8,0,0,0,0,1,1,1,1,6,-1,-1,-1,3,1
201342I322006,1,5,0,16,0,8,0,0,0,10,3,1,6,1,6,599,1,10,2,1
201342I322110,1,5,0,17,0,0,1,0,0,0,3,1,6,2,8,599,1,6,4,3
201342I322210,1,9,0,18,0,1,0,0,0,0,2,1,6,1,8,1595,1,8,5,2
201342I322210,2,9,0,8,0,1,0,0,0,0,1,1,6,2,6,1390,1,5,-1,-1
201342I322310,1,19,0,18,0,4,0,0,0,0,1,1,1,1,8,2494,2,10,3,1
201342I322310,2,9,0,18,0,4,0,0,0,0,2,1,1,1,8,1997,2,3,-1,-1
201342I322410,1,19,0,3,0,0,0,0,0,0,3,1,1,1,7,1753,2,10,8,3
201342I322410,2,1,0,18,0,0,0,0,0,0,0,1,6,1,6,-1,-1,-1,3,1
201342I322510,1,9,0,18,0,1,0,0,0,0,4,1,6,1,-1,1596,1,6,-1,-1
201342I322510,2,1,0,18,0,1,0,0,0,0,1,1,6,2,7,-1,-1,-1,9,1
201342I322609,1,9,0,5,0,0,0,0,0,0,3,1,6,1,-1,-1,-1,-1,-1,-1
201342I322609,2,9,0,18,0,0,0,0,0,0,4,1,6,1,8,-1,-1,-1,4,2
201342I322710,1,9,0,18,0,1,0,0,1,1,1,1,6,2,11,2171,1,12,8,2
201342I322809,1,9,0,5,0,0,0,0,0,0,1,1,6,2,8,1598,2,1,7,3
201342I322809,2,9,0,18,0,0,0,0,0,0,4,1,6,2,4,998,1,12,6,1
201342I322910,1,9,0,18,0,2,0,0,0,0,1,1,2,1,11,1995,1,7,4,1
201342I322910,2,9,0,18,0,1,0,0,0,0,0,1,2,1,9,1242,1,1,8,1
201342I323010,1,21,0,18,0,0,1,0,0,0,1,1,1,1,8,6871,2,14,7,1
201342I323110,1,9,0,18,0,0,0,0,0,0,0,1,1,1,8,1999,1,10,4,1
201342I323110,2,22,0,18,0,0,0,0,0,0,0,1,6,2,11,-1,-1,-1,4,1
201342I323210,1,9,0,18,0,1,0,0,0,0,1,1,6,1,10,1984,1,18,2,1
201342I323210,2,9,0,18,0,1,0,0,0,0,2,1,6,2,8,1242,1,7,-1,-1
201342I323310,1,9,0,18,0,0,0,0,0,0,4,1,6,1,11,1299,1,9,7,1
201342I323310,2,21,0,18,0,0,0,0,0,0,3,2,6,1,8,-1,-1,-1,-1,-1
201342I323410,1,9,0,18,0,8,0,0,0,0,1,1,3,2,6,1587,1,11,7,3
201342I323410,2,9,0,18,0,8,0,0,0,0,2,1,2,2,8,1242,1,12,3,1
201342I323510,1,9,0,18,0,0,0,0,0,0,1,1,6,1,6,1753,2,10,4,1
201342I323610,1,9,0,18,0,1,0,0,0,0,1,1,2,2,7,1390,1,7,3,1
201342I323610,2,1,0,18,0,1,0,0,0,0,1,1,6,1,4,-1,-1,-1,2,1
201342I323810,1,9,0,5,0,3,1,0,0,0,1,1,6,1,5,1995,1,11,4,1
201342I323810,2,9,0,18,0,1,0,0,0,0,1,1,6,1,7,1596,1,7,2,1
201342I324010,1,9,0,16,0,0,1,0,7,3,1,1,6,2,7,1242,1,9,6,3
201342I324110,1,9,0,7,0,1,0,0,0,0,1,1,2,2,6,1796,1,8,9,2
201342I324110,2,1,0,18,0,1,0,0,0,0,1,1,6,1,7,-1,-1,-1,8,3
201342I324110,3,1,0,18,0,1,0,0,0,0,1,1,6,1,3,-1,-1,-1,8,3
201342I324210,1,9,0,18,0,0,0,0,4,6,1,1,2,1,6,1999,1,11,10,1
201342I324310,1,9,0,16,0,0,1,0,0,0,2,1,1,1,5,1199,1,14,4,2
201342I324310,2,9,0,17,0,0,0,0,0,0,1,1,1,1,4,1199,1,10,5,1
201342I324410,1,9,0,18,9,1,0,0,0,0,1,1,6,3,-1,-1,-1,-1,-1,-1
201342I324510,1,5,0,16,0,3,1,0,0,0,0,1,6,1,5,748,1,10,3,1
201342I324610,1,9,0,5,0,8,0,0,0,0,3,1,6,2,8,998,1,10,7,1
201342I324610,2,3,0,13,0,8,0,0,0,0,1,1,6,1,-1,124,1,5,3,1
201342I324710,1,9,0,4,0,0,1,0,0,0,1,1,2,1,5,1399,2,11,2,1
201342I324710,2,9,0,3,0,0,0,0,0,0,2,1,2,2,9,1598,1,2,8,1
201342I324710,3,9,0,3,0,0,0,0,0,0,2,1,2,1,7,999,1,16,7,1
201342I324710,4,9,0,3,0,0,0,0,0,0,2,1,6,2,6,1388,1,10,5,1
201342I324810,1,9,0,5,0,1,0,0,0,0,1,1,6,1,8,973,1,13,-1,-1
201342I324810,2,1,0,18,0,1,0,0,0,0,0,1,6,1,-1,-1,-1,-1,2,1
201342I324910,1,9,0,5,0,1,0,0,0,0,0,1,6,1,5,-1,-1,-1,9,2
201342I324910,2,4,0,5,0,1,0,0,0,0,4,1,6,2,5,125,1,2,10,1
201342I325010,1,9,0,1,9,0,0,0,0,0,2,1,6,1,-1,-1,-1,-1,-1,-1
201342I325110,1,9,0,18,0,1,0,0,0,0,1,1,6,1,-1,-1,-1,-1,-1,-1
201342I325210,1,98,0,18,0,1,0,0,0,0,1,1,6,3,-1,-1,-1,-1,-1,-1
201342I325210,2,9,0,18,0,1,0,0,0,0,2,1,6,1,7,1199,1,10,10,2
201342I325310,1,9,0,18,0,8,0,0,0,0,1,1,1,1,7,1596,1,5,8,1
201342I325310,2,9,0,18,0,8,0,0,0,0,2,1,1,1,6,1461,2,1,3,2
201342I325410,1,9,0,9,0,8,0,0,0,0,3,1,6,2,7,1398,1,8,4,1
201342I325410,2,9,0,18,0,8,0,0,0,0,1,1,6,2,5,1796,1,11,5,1
201342I325510,1,9,0,18,0,1,0,0,0,0,1,1,2,1,7,1783,1,13,5,1
201342I325510,2,9,0,2,0,1,0,0,7,11,2,1,6,3,-1,1587,1,7,-1,-1
201342I325610,1,9,0,18,0,0,0,0,0,0,0,1,6,2,6,2993,2,8,5,1
201342I325710,1,19,0,4,0,1,0,0,0,0,1,1,6,1,-1,1248,2,5,-1,-1
201342I325710,2,9,0,3,0,1,0,0,0,0,2,1,6,2,5,1299,1,13,10,1
201342I325810,1,2,0,4,0,4,1,0,0,0,0,1,6,1,4,49,1,-1,5,1
201342I325910,1,9,0,18,0,8,0,0,0,0,0,1,6,2,-1,1999,1,2,-1,-1
201342I325910,2,1,0,18,0,8,0,0,0,0,0,1,6,1,8,-1,-1,-1,3,1
201342I326010,1,9,0,18,0,0,0,0,0,0,1,1,6,1,7,2969,1,24,1,2
201342I326110,1,9,0,1,9,1,0,0,0,0,2,1,6,3,8,2996,2,16,1,1
201342I326310,1,9,0,18,0,0,0,0,0,0,4,1,6,1,11,1988,1,9,5,2
201342I326410,1,9,0,18,0,0,5,0,0,0,4,1,6,1,6,1598,1,10,2,1
201342I326410,2,9,0,18,0,0,0,0,0,0,3,1,6,1,8,1968,1,8,2,1
201342I326510,1,9,0,18,0,1,0,0,0,0,1,1,6,1,7,2597,1,9,5,2
201342I326510,2,9,0,9,0,1,0,0,0,0,2,1,6,2,8,1296,1,6,7,1
201342I326510,3,9,0,9,0,8,0,0,0,0,1,1,6,2,10,1598,1,-1,8,1
201342I326610,1,9,0,18,0,0,0,0,0,0,1,1,6,1,10,2720,2,8,10,1
201342I326610,2,9,0,18,0,0,1,0,0,0,4,1,6,2,7,1596,1,11,4,1
201342I326610,3,9,0,18,0,0,0,0,0,0,4,1,6,2,5,1560,2,6,-1,-1
201342I326710,1,8,0,18,0,0,0,0,0,0,0,1,1,2,-1,-1,-1,-1,-1,-1
201342I326810,1,9,0,6,0,0,0,0,0,0,4,1,1,2,6,1299,1,13,8,1
201342I326810,2,5,0,14,0,0,0,0,0,0,1,1,1,1,7,885,1,14,8,1
201342I326910,1,9,0,9,0,6,0,0,0,0,1,1,6,2,7,2000,2,4,5,1
201342I326910,2,5,0,18,0,1,0,0,0,0,4,1,6,1,10,675,1,-1,5,1
201342I327010,1,9,0,18,0,0,1,0,4,6,3,1,6,1,7,-1,-1,-1,3,1
201342I327110,1,9,0,4,0,4,2,9,3,1,1,1,2,1,5,1800,1,14,7,1
201342I327210,1,9,0,4,0,2,0,0,0,0,1,1,2,1,6,1997,2,11,9,1