Accident_Index,Vehicle_Reference,Vehicle_Type,Towing_and_Articulation,Vehicle_Manoeuvre,Vehicle_Location-Restricted_Lane,Junction_Location,Skidding_and_Overturning,Hit_Object_in_Carriageway,Vehicle_Leaving_Carriageway,Hit_Object_off_Carriageway,1st_Point_of_Impact,Was_Vehicle_Left_Hand_Drive?,Journey_Purpose_of_Driver,Sex_of_Driver,Age_Band_of_Driver,Engine_Capacity_(CC),Propulsion_Code,Age_of_Vehicle,Driver_IMD_Decile,Driver_Home_Area_Type
201342I360311,1,9,0,9,0,1,0,0,0,0,1,1,1,1,11,2993,2,9,2,1
201342I360311,2,9,0,4,0,1,0,0,0,0,2,1,6,2,6,2967,2,1,10,1
201342I360411,1,9,0,18,0,0,0,0,0,0,1,1,6,1,8,1595,1,11,2,1
201342I360411,2,9,0,18,0,0,0,0,0,0,2,1,6,1,-1,1997,1,1,6,1
201342I360411,3,9,0,18,0,0,0,0,0,0,2,1,6,2,-1,1117,1,26,5,1
201342I360511,1,9,0,17,0,0,2,10,1,11,1,1,1,1,6,1999,1,6,9,2
201342I360611,1,11,0,2,3,1,0,0,0,0,0,1,1,1,9,-1,2,14,6,1
201342I360711,1,9,0,16,0,0,1,0,0,0,1,1,6,1,4,1124,1,10,8,2
201342I360711,2,9,0,18,0,0,0,0,0,0,1,1,6,2,7,1360,1,6,9,1
201342I360811,1,9,0,18,0,1,0,0,0,0,1,1,3,2,6,1329,1,3,-1,-1
201342I360811,2,9,0,18,0,1,0,0,0,0,1,1,6,2,9,1242,1,15,4,1
201342I360911,1,9,0,17,0,0,1,0,1,4,1,1,6,2,7,2188,2,7,8,1
201342I361011,1,9,0,5,0,6,0,0,7,0,3,1,6,1,9,1461,2,4,8,2
201342I361011,2,9,0,18,0,8,0,0,7,0,1,1,6,1,8,998,1,1,5,1
201342I361111,1,2,0,18,0,0,0,4,0,0,1,1,1,1,6,124,1,-1,1,1
201342I361111,2,9,0,3,0,0,0,0,0,0,2,1,1,1,5,-1,-1,-1,6,1
201342I361211,1,9,0,4,0,0,0,0,0,0,2,1,6,1,-1,-1,-1,-1,-1,-1
201342I361211,2,9,0,3,0,0,0,0,0,0,1,1,2,2,5,1242,1,9,6,1
201342I361211,3,9,0,3,0,0,0,0,0,0,2,1,6,3,-1,-1,-1,-1,-1,-1
201342I361311,1,8,0,9,0,8,0,0,0,0,1,1,1,1,9,1997,2,4,5,1
201342I361411,1,9,0,18,0,0,0,0,0,10,1,1,6,2,5,1360,1,8,8,2
201342I361511,1,19,0,18,0,1,0,0,0,0,1,1,1,1,9,1248,2,7,2,1
201342I361511,2,9,0,18,0,1,0,0,1,0,3,1,1,1,7,-1,-1,-1,7,1
201342I361611,1,9,0,3,0,0,0,0,0,0,1,1,6,2,4,1598,1,2,10,1
201342I361611,2,9,0,3,0,0,0,0,0,0,2,1,2,1,9,1596,1,5,9,1
201342I361711,1,9,0,18,0,0,1,0,0,0,1,1,6,1,4,1598,1,8,6,1
201342I361711,2,9,0,3,0,0,0,0,0,0,2,1,6,2,9,2401,2,10,5,1
201342I361711,3,9,0,3,0,0,0,0,0,0,2,1,6,1,7,-1,-1,-1,4,1
201342I361811,1,9,0,17,0,0,2,0,7,4,1,1,1,2,7,1753,2,10,5,2
201342I362010,1,9,0,9,0,8,0,0,0,0,1,1,6,1,4,1560,2,1,-1,-1
201342I362010,2,9,0,5,0,8,0,0,0,0,1,1,6,2,6,1896,2,6,9,3
201342I362111,1,9,0,9,0,1,0,0,0,0,4,1,6,2,11,1242,1,15,9,3
201342I362111,2,5,0,18,0,1,1,0,0,0,3,1,6,1,7,1157,1,14,3,1
201342I362211,1,19,0,18,0,0,0,0,1,9,1,1,1,1,6,2198,2,2,10,1
201342I362311,1,9,0,18,0,0,0,4,0,0,1,1,6,2,8,1360,1,9,8,1
201342I362311,2,19,0,2,0,0,0,0,0,0,2,1,1,3,-1,1753,2,7,-1,-1
201342I362411,1,9,0,15,0,1,1,0,0,0,1,1,1,1,7,1390,1,17,3,1
201342I362411,2,1,0,18,0,1,0,0,0,0,4,1,6,2,8,-1,-1,-1,5,1
201342I362511,1,9,0,9,0,4,0,0,0,0,3,1,6,1,4,1124,1,11,9,1
201342I362511,2,3,0,18,0,4,1,0,0,0,4,1,2,1,9,124,1,1,5,1
201342I362611,1,9,0,18,0,1,0,0,0,0,3,1,6,1,7,1997,2,-1,10,1
201342I362611,2,8,0,18,0,1,0,0,7,0,4,1,1,2,6,1598,2,1,6,1
201342I362711,1,9,0,9,0,8,0,0,0,0,3,1,1,1,7,-1,-1,-1,1,1
201342I362711,2,5,0,18,0,1,0,0,0,0,1,1,6,1,5,599,1,5,2,1
201342I362811,1,19,0,18,0,1,0,0,0,0,3,1,6,1,8,1995,2,5,3,1
201342I362811,2,9,0,18,0,1,0,0,0,0,3,1,6,2,8,1242,1,15,3,1
201342I362911,1,9,0,18,0,1,0,0,1,10,3,1,6,2,8,1248,1,1,10,1
201342I362911,2,9,0,18,0,1,0,0,0,0,0,1,6,1,4,1299,1,10,5,1
201342I363011,1,9,0,4,0,0,1,0,1,0,1,1,6,1,4,1299,1,12,4,1
201342I363011,2,9,0,4,0,0,0,0,0,0,4,1,6,1,-1,1796,1,3,9,3
201342I363011,3,9,0,4,0,0,0,0,0,0,2,1,6,2,7,2295,1,12,4,1
201342I363111,1,9,0,10,0,1,0,0,0,0,1,1,6,2,9,1388,1,1,-1,-1
201342I363111,2,9,0,18,0,1,0,0,0,0,1,1,2,2,7,1299,1,11,1,1
201342I363209,1,9,0,3,0,4,0,0,0,0,1,1,6,1,-1,3999,1,3,-1,-1
201342I363209,2,9,0,3,0,4,0,0,0,0,2,1,6,1,6,2494,2,7,6,1
201342I363311,1,21,1,3,0,0,0,0,0,0,1,1,1,1,9,11705,2,4,4,1
201342I363311,2,9,0,3,0,0,0,0,0,0,2,1,6,2,9,1461,2,2,4,1
201342I363411,1,9,0,9,0,6,0,0,0,0,1,1,6,1,-1,-1,-1,-1,-1,-1
201342I363411,2,2,0,3,0,8,0,0,0,0,2,1,6,1,4,125,1,-1,5,1
201342I363511,1,9,0,18,0,0,0,0,0,0,1,1,6,2,-1,-1,-1,-1,-1,-1
201342I363611,1,9,0,13,0,1,0,0,0,0,1,1,6,1,10,1388,1,1,8,1
201342I363611,2,9,0,9,0,6,0,0,0,0,3,1,2,2,5,1299,1,12,3,1
201342I363611,3,19,0,7,0,5,0,0,0,0,0,1,6,3,-1,-1,-1,-1,-1,-1
201342I363711,1,1,0,18,0,1,0,0,0,0,1,1,6,1,5,-1,-1,-1,9,2
201342I363711,2,9,0,18,0,1,0,0,0,0,1,1,6,2,7,2400,2,5,10,2
201342I363811,1,9,0,10,0,1,0,0,0,0,4,1,6,2,5,1753,2,4,9,3
201342I363811,2,9,0,5,0,1,1,0,1,0,3,1,6,2,4,847,1,15,-1,-1
201342I363911,1,9,0,4,0,0,0,0,0,0,1,1,6,2,8,2295,1,9,7,1
201342I363911,2,9,0,4,0,0,0,0,0,0,2,1,6,1,5,1389,1,18,7,1
201342I363911,3,9,0,4,0,0,0,0,0,0,2,1,6,1,4,998,1,4,7,1
201342I363911,4,9,0,4,0,0,0,0,0,0,0,1,6,3,-1,-1,-1,-1,-1,-1
201342I364011,1,9,0,17,0,0,2,0,7,9,1,1,6,2,5,1149,1,11,3,1
201342I364111,1,9,0,17,0,0,0,0,1,0,0,1,6,1,4,1149,1,12,3,1
201342I364211,1,9,0,18,0,0,1,4,0,0,1,1,6,1,6,-1,-1,-1,9,1
201342I364211,2,9,0,2,0,0,0,0,0,0,1,1,6,3,-1,1596,1,11,6,1
201342I364211,3,9,0,2,0,0,0,0,0,0,1,1,6,3,-1,1596,1,5,6,1
201342I364211,4,9,0,2,0,0,0,0,0,0,1,1,6,3,-1,1086,1,7,6,1
201342I364211,5,9,0,2,0,0,0,0,0,0,1,1,6,3,-1,1595,1,14,6,1
201342I364311,1,19,0,9,0,1,0,0,0,0,3,1,6,1,8,1753,2,7,7,2
201342I364311,2,1,0,18,0,1,0,0,0,0,1,1,6,1,7,-1,-1,-1,8,2
201342I364411,1,9,0,4,0,0,1,0,0,0,1,1,2,2,7,1391,1,13,9,2
201342I364411,2,9,0,4,0,0,0,0,0,0,2,1,2,2,7,2179,2,3,9,2
201342I364411,3,9,0,4,0,0,0,0,0,0,2,1,2,2,8,1998,1,7,9,2
201342I364511,1,9,0,3,0,4,0,0,0,0,1,1,6,2,-1,1598,1,11,7,1
201342I364511,2,9,0,3,0,4,0,0,0,0,2,1,6,2,-1,1598,1,6,5,1
201342I364611,1,9,0,4,0,0,1,0,0,0,1,1,1,1,5,1596,1,11,10,1
201342I364611,2,19,0,4,0,0,0,0,0,0,2,1,1,1,6,1753,2,7,5,1
201342I364611,3,9,0,4,0,0,0,0,0,0,2,1,1,1,7,-1,-1,-1,5,1
201342I364711,1,9,0,8,0,6,0,0,0,0,1,1,6,1,-1,-1,-1,-1,-1,-1
201342I364711,2,3,0,18,0,1,0,0,0,0,3,1,6,1,6,100,1,11,3,1
201342I364811,1,19,0,18,0,4,0,0,3,10,1,1,2,1,5,1598,2,5,-1,-1
201342I364811,2,9,0,18,0,4,0,0,3,0,4,1,2,2,6,1596,1,11,8,1
201342I364911,1,5,0,18,0,0,1,0,0,0,1,1,6,1,6,636,1,9,8,1
201342I364911,2,9,0,10,0,0,0,0,0,0,3,1,1,2,9,1998,1,16,9,2
201342I365011,1,9,0,18,0,0,0,0,0,0,1,1,6,2,-1,1968,2,6,8,1
201342I365011,2,9,0,18,0,0,0,0,0,0,2,1,6,2,7,1248,2,2,8,3
201342I365311,1,2,0,18,0,4,0,0,0,0,4,1,6,1,4,49,1,-1,7,2
201342I365411,1,11,0,18,0,0,0,0,0,0,1,1,1,1,6,5900,2,13,6,1
201342I365411,2,11,0,4,0,0,0,0,0,0,2,1,3,1,8,3900,2,9,5,1
201342I365611,1,9,0,18,0,7,0,0,0,0,1,1,6,2,6,1991,2,10,2,1
201342I365611,2,9,0,18,0,7,0,0,0,0,2,1,6,2,8,1900,2,14,6,3
201342I365611,3,9,0,18,0,7,0,0,0,0,2,1,6,1,7,1595,1,1,2,1
201342I365711,1,9,0,18,0,0,0,0,7,11,1,1,6,1,6,1598,1,-1,4,1
201342I365711,2,9,0,18,0,0,0,0,0,0,1,1,6,1,10,1998,1,11,8,3
201342I365811,1,9,0,16,0,0,0,0,0,0,1,1,6,1,11,1199,1,11,2,1
201342I365811,2,20,0,18,0,0,0,0,0,0,3,1,1,1,7,2488,2,-1,-1,-1
201342I365811,3,9,0,18,0,0,0,0,0,0,3,1,6,1,8,1796,1,12,9,1
201342I365911,1,9,0,18,0,0,0,0,2,11,3,1,2,2,4,1328,1,3,10,2
201342I366011,1,9,0,18,0,0,0,0,0,0,3,1,6,2,5,1242,1,12,4,1
201342I366011,2,9,0,18,0,0,0,0,0,0,1,1,1,1,6,-1,-1,-1,3,1
201342I366011,3,9,0,18,0,0,0,0,0,0,3,1,1,2,8,1595,1,10,3,1
201342I366111,1,17,5,7,0,0,0,0,0,0,3,1,1,1,8,-1,2,19,8,2
201342I366111,2,9,0,18,0,0,1,0,0,0,1,1,2,1,9,-1,-1,-1,8,1
201342I366211,1,9,0,5,0,0,0,0,0,0,1,1,2,1,8,1830,1,19,3,1
201342I366211,2,9,0,3,0,0,0,0,0,0,1,1,6,1,4,1995,2,12,3,1
201342I366311,1,9,0,9,0,8,0,0,0,0,1,1,6,1,11,1198,1,8,1,2
201342I366311,2,9,0,18,0,1,0,0,0,0,1,1,6,2,5,1992,2,8,1,1
201342I366411,1,9,0,5,0,6,0,0,0,0,1,1,6,2,7,1388,1,10,2,1
201342I366411,2,9,0,18,0,8,0,0,0,0,3,1,6,2,9,1781,1,16,2,1
201342I366511,1,9,0,18,0,1,0,0,0,0,4,1,6,1,7,-1,-1,-1,-1,-1
201342I366511,2,1,0,18,0,1,0,0,0,0,4,1,6,1,9,-1,-1,-1,5,1
201342I366611,1,3,0,18,0,1,0,0,0,0,2,1,1,1,6,124,1,5,5,1
201342I366611,2,9,0,4,0,1,0,0,0,0,0,1,6,2,7,-1,-1,-1,-1,-1
201342I366711,1,9,0,17,0,0,2,0,0,0,3,1,2,2,5,1242,1,4,6,1
201342I366711,2,9,0,18,0,0,0,0,0,0,1,1,6,2,9,1299,1,11,3,1
201342I366811,1,9,0,9,0,7,0,0,0,0,1,1,6,2,8,1149,1,9,2,3
201342I366811,2,9,0,18,0,8,0,0,0,0,1,1,6,2,10,1796,1,14,6,3
201342I366911,1,9,0,18,0,0,0,0,0,0,0,1,6,2,-1,-1,-1,-1,-1,-1
201342I366911,2,9,0,18,0,0,0,0,0,9,3,1,1,1,5,1596,1,11,-1,-1
201342I366911,3,9,0,18,0,0,0,0,0,0,3,1,6,1,8,1398,1,1,8,1
201342I366911,4,9,0,18,0,0,0,0,0,0,1,1,6,1,9,2993,2,9,7,2
201342I367011,1,9,0,3,0,2,0,0,0,0,1,1,6,1,5,1199,1,9,-1,-1
201342I367011,2,9,0,3,0,2,0,0,0,0,2,1,6,2,5,-1,-1,-1,4,1
201342I367111,1,19,0,9,0,3,0,0,0,0,1,1,1,1,6,1560,2,-1,8,3
201342I367111,2,9,0,5,0,4,0,0,0,0,3,1,6,2,9,1968,2,2,9,1
201342I367211,1,9,0,18,0,4,0,0,0,0,1,1,6,2,6,1984,1,11,1,1
201342I367211,2,4,0,9,0,8,0,0,0,0,2,1,2,1,8,124,1,9,5,1
201342I367310,1,19,0,18,0,0,0,0,0,0,1,1,1,1,8,2143,2,2,7,1
201342I367310,2,9,0,4,0,0,0,0,0,0,2,1,6,2,8,1388,1,9,3,1
201342I367310,3,9,0,4,0,0,0,0,0,0,2,1,6,1,10,2435,1,12,6,1
201342I367410,1,9,0,4,0,1,0,0,0,0,1,1,6,1,7,1242,1,4,10,1
201342I367410,2,9,0,3,0,1,0,0,0,0,2,1,6,2,9,998,1,5,10,1
201342I367410,3,9,0,3,0,1,0,0,0,0,2,1,6,1,7,1598,2,1,10,1
201342I367511,1,9,0,9,0,8,0,0,0,0,3,1,2,2,6,1598,1,-1,10,1
201342I367511,2,2,0,18,0,8,0,0,0,0,1,1,2,1,7,49,1,2,9,1
201342I367611,1,9,0,5,0,1,0,0,0,0,3,1,1,1,4,1560,2,4,7,2
201342I367611,2,5,0,18,0,1,0,0,0,0,1,1,1,1,6,600,1,9,8,1
201342I367711,1,9,0,18,0,0,0,0,0,0,1,1,6,1,11,998,1,14,-1,-1
201342I367811,1,9,0,18,0,0,1,0,1,0,1,1,6,1,6,1242,1,17,9,1
201342I367811,2,21,0,1,0,0,0,0,0,0,3,1,1,1,8,9200,2,6,7,2
201342I367911,1,9,0,1,0,1,0,0,0,0,0,1,6,2,-1,1242,1,1,-1,-1
201342I368011,1,9,0,18,0,0,1,0,1,0,0,1,6,2,6,1595,1,1,4,1
201342I368111,1,9,0,18,0,0,0,0,0,0,4,1,6,3,-1,-1,-1,-1,-1,-1
201342I368211,1,9,0,18,0,1,0,0,0,0,1,1,6,1,10,1988,1,13,-1,-1
201342I368211,2,9,0,10,0,1,0,0,0,0,2,1,6,1,10,998,1,1,7,3
201342I368311,1,19,0,4,0,0,0,0,0,0,1,1,6,1,6,2198,2,-1,8,1
201342I368311,2,9,0,4,0,0,0,0,0,0,2,1,2,1,6,1968,2,4,3,1
201342I368311,3,9,0,4,0,0,0,0,0,0,2,1,2,1,7,-1,-1,-1,9,2
201342I368511,1,9,0,18,0,0,1,0,0,0,1,1,6,2,8,998,1,12,9,3
201342I368511,2,8,0,18,0,0,0,0,0,0,1,1,1,1,8,-1,-1,-1,7,3
201342I368611,1,9,0,18,0,1,0,0,0,0,1,1,6,1,-1,1679,1,12,9,2
201342I368611,2,9,0,18,0,1,0,0,0,0,2,1,6,2,-1,-1,-1,-1,-1,-1
201342I368611,3,9,0,18,0,1,0,0,0,0,2,1,6,1,11,-1,-1,-1,1,1
201342I368711,1,9,0,18,0,1,0,0,0,0,1,1,6,1,5,1596,1,8,4,1
201342I368711,2,9,0,18,0,1,0,0,0,0,2,1,6,2,7,2171,1,10,9,3
201342I368811,1,1,0,18,0,0,0,0,0,0,4,1,1,3,-1,-1,-1,-1,-1,-1
201342I369011,1,9,0,18,0,1,0,0,0,0,1,1,6,2,6,1360,1,6,2,1
201342I369011,2,9,0,3,0,1,0,0,0,0,2,1,3,2,7,1796,1,11,4,1
201342I369111,1,9,0,18,0,0,1,0,5,6,4,1,1,1,6,1997,2,2,7,3
201342I369111,2,8,0,18,0,0,1,0,5,6,1,1,1,1,8,1598,1,6,1,1
201342I369211,1,19,0,5,0,0,0,0,0,0,0,1,1,1,8,-1,-1,-1,7,3
201342I369211,2,9,0,12,0,0,0,0,0,0,0,1,6,2,8,1598,1,6,9,3
201342I369211,3,19,0,18,0,0,5,0,1,7,1,1,2,1,7,1998,2,8,9,3
201342I369311,1,9,0,18,0,4,2,0,3,0,4,1,6,1,4,1998,1,11,8,1
201342I369411,1,9,0,18,0,8,0,0,0,0,1,1,6,2,8,-1,-1,-1,-1,-1
201342I369411,2,9,0,9,0,5,0,0,0,0,2,1,6,1,9,2993,2,4,9,3
201342I369511,1,9,0,4,0,0,1,4,0,0,1,1,2,1,5,1596,1,12,8,1
201342I369511,2,9,0,18,0,0,0,0,0,0,0,1,6,1,9,1398,2,10,2,1
201342I369511,3,9,0,2,0,0,0,0,0,0,0,1,6,3,-1,1795,1,15,-1,-1
201342I369511,4,9,0,2,0,0,0,0,0,0,0,1,6,3,-1,998,1,2,-1,-1
201342I369611,1,9,0,17,0,0,1,0,2,4,1,1,6,1,4,1368,1,6,9,2
201342I369711,1,19,0,18,0,1,0,0,0,0,2,1,1,1,9,2953,2,7,3,1
201342I369711,2,9,0,4,0,1,0,0,0,0,0,1,6,1,7,-1,-1,-1,4,1
201342I369811,1,1,0,9,0,1,0,0,0,0,0,1,6,1,-1,-1,-1,-1,-1,-1
201342I369811,2,1,0,4,0,1,0,0,0,0,0,1,6,2,4,-1,-1,-1,6,1
201342I369911,1,9,0,17,0,0,0,0,7,0,1,1,6,1,6,2993,2,3,6,1
201342I369911,2,9,0,16,0,0,0,0,1,0,1,1,6,2,9,1242,1,-1,8,2
201342I370011,1,9,0,5,0,1,0,0,0,0,3,1,6,2,4,1149,1,9,5,1
201342I370011,2,5,0,18,0,8,0,0,0,0,1,1,2,1,7,599,1,15,8,3
201342I370111,1,9,0,18,0,7,0,0,0,0,1,1,6,1,9,1598,2,2,9,1
201342I370111,2,9,0,3,0,7,0,0,0,0,2,1,6,2,9,995,1,4,10,1
201342I370208,1,9,0,5,0,0,0,0,0,0,0,1,6,2,8,1796,1,11,9,1
201342I370311,1,9,0,3,0,1,0,0,0,0,3,1,2,1,9,-1,-1,-1,9,2
201342I370311,2,1,0,14,0,1,0,0,0,0,4,1,6,2,6,-1,-1,-1,9,1
201342I370411,1,9,0,4,0,1,1,0,0,0,0,1,6,1,4,1199,1,10,6,2
201342I370411,2,9,0,18,0,1,0,0,0,0,2,1,6,1,6,1956,2,-1,10,1
201342I370511,1,9,0,18,0,1,0,0,0,0,1,1,6,1,-1,-1,-1,-1,-1,-1
201342I370511,2,1,0,18,0,1,0,0,0,0,1,1,6,2,8,-1,-1,-1,9,1
201342I370611,1,9,0,17,0,2,2,0,1,0,0,1,6,2,6,1299,1,10,4,1
201342I370711,1,9,0,16,0,0,1,0,7,3,1,1,1,1,6,-1,-1,-1,7,2
201342I370811,1,2,0,18,0,0,0,0,1,0,0,1,6,1,10,-1,-1,-1,7,2
201342I370911,1,9,0,4,0,3,0,0,0,0,2,1,6,1,8,1753,2,5,5,2
201342I370911,2,9,0,4,0,4,0,0,0,0,1,1,6,2,6,2996,1,5,-1,-1
201342I371011,1,9,0,18,0,0,1,0,1,4,3,1,6,1,8,1498,1,14,3,1
201342I371111,1,19,0,18,0,8,0,0,0,0,1,1,1,1,5,2143,2,-1,2,1
201342I371111,2,9,0,18,0,8,0,0,0,0,4,1,6,1,6,1390,1,8,6,1
201342I371211,1,9,0,17,0,0,2,0,1,3,1,1,2,1,4,1242,1,7,-1,-1
201342I371311,1,9,0,18,0,1,0,0,0,0,1,1,6,1,5,1598,1,8,3,1
201342I371311,2,1,0,5,0,1,0,0,0,0,3,1,2,1,4,-1,-1,-1,2,1
201342I371411,1,9,0,18,0,0,0,0,0,0,1,1,6,1,6,2996,2,2,-1,-1
201342I371411,2,9,0,3,0,0,0,0,0,0,2,1,2,2,6,1390,1,10,3,1
201342I371411,3,19,0,3,0,0,0,0,0,0,2,1,2,1,7,2198,2,6,8,1
201342I371611,1,1,0,18,4,0,0,0,0,0,0,1,6,2,7,-1,-1,-1,8,2
201342I371711,1,19,0,18,0,1,0,0,0,0,1,1,6,1,6,1998,2,12,4,1
201342I371711,2,9,0,18,0,1,0,0,0,0,2,1,6,1,10,-1,-1,-1,10,1
201342I371811,1,9,0,15,0,0,0,0,0,0,1,1,6,1,11,1240,1,4,4,1
201342I371811,2,9,0,18,0,0,0,0,0,0,1,1,6,2,8,1686,2,8,4,1
201342I371811,3,1,0,18,0,0,0,0,0,0,0,1,6,3,-1,-1,-1,-1,-1,-1
201342I371911,1,9,0,9,0,1,0,0,0,0,1,1,6,1,-1,1990,1,9,-1,-1
201342I371911,2,10,0,18,0,2,0,0,0,0,1,1,1,1,7,2198,2,4,2,1
201342I372011,1,9,0,10,0,1,0,0,0,0,2,1,6,2,8,2179,2,10,6,1
201342I372011,2,9,0,18,0,1,1,0,0,0,1,1,1,1,6,999,1,14,2,1
201342I372111,1,9,0,17,0,0,0,0,0,0,1,1,6,1,7,1587,1,14,7,2
201342I372111,2,9,0,4,0,0,0,0,0,0,1,1,6,1,10,1560,2,8,5,1
201342I372211,1,21,0,3,0,4,0,0,0,0,1,1,1,1,9,12777,2,2,4,1
201342I372211,2,9,0,3,0,4,0,0,0,0,2,1,1,2,6,1299,1,11,6,1
201342I372311,1,9,0,5,0,1,0,0,0,0,1,1,1,1,8,1998,1,18,-1,-1
201342I372311,2,9,0,18,0,1,0,0,0,0,2,1,1,1,9,1149,1,10,3,1
201342I372411,1,8,0,18,0,1,0,0,0,0,3,1,1,1,8,1560,2,-1,1,1
201342I372411,2,9,0,7,0,1,0,0,0,0,4,1,6,1,7,1998,1,11,4,1
201342I372511,1,9,0,18,0,0,0,0,0,0,1,1,6,1,9,-1,-1,-1,1,1
201342I372511,2,9,0,18,0,0,0,0,0,0,2,1,6,1,7,2926,2,10,5,1
201342I372611,1,9,0,18,0,1,2,0,7,9,4,1,6,1,4,1229,1,4,7,1
201342I372611,2,9,0,18,0,1,1,0,0,0,3,1,6,1,9,1988,1,10,7,3
201342I372711,1,11,0,9,3,0,0,0,0,0,1,1,1,1,6,6700,2,5,8,1
201342I372711,2,1,0,18,9,0,0,0,0,0,-1,1,6,1,-1,-1,-1,-1,-1,-1
201342I372811,1,9,0,1,0,1,0,0,0,0,0,1,6,1,8,1242,1,2,7,1
201342I372911,1,9,0,17,0,0,0,0,2,4,1,1,1,2,9,1199,1,9,4,1
201342I373011,1,9,0,18,0,7,0,0,0,0,1,1,3,1,4,-1,-1,-1,9,1
201342I373011,2,9,0,4,0,7,0,0,0,0,2,1,2,1,7,1896,2,15,5,1
201342I373111,1,21,1,7,0,6,0,0,0,0,3,2,1,1,8,-1,-1,-1,-1,-1
201342I373111,2,9,0,18,0,1,0,0,0,0,4,1,6,2,8,1560,2,8,6,3
201342I373211,1,19,0,18,0,1,0,0,0,0,0,1,6,1,8,2402,2,6,10,1
201342I373211,2,9,0,18,0,1,0,11,0,0,3,1,6,2,5,1299,1,13,3,1
201342I373411,1,9,0,18,0,3,1,0,7,11,3,1,6,1,5,1299,1,7,9,2
201342I373511,1,9,0,18,0,4,0,0,0,0,3,1,6,2,9,998,1,11,8,3
201342I373511,2,1,0,9,0,4,0,0,0,0,1,1,6,1,7,-1,-1,-1,9,1
201342I373611,1,9,0,18,0,0,0,0,7,0,1,1,6,2,7,1895,1,14,4,1
201342I373611,2,9,0,18,0,0,0,0,1,0,1,1,6,2,8,-1,-1,-1,2,1
201342I373711,1,9,0,4,0,1,0,0,0,0,3,1,6,2,5,1360,1,12,1,1
201342I373811,1,9,0,9,0,1,0,0,0,0,1,1,6,2,6,1998,1,8,8,1
201342I373811,2,9,0,18,0,1,0,0,0,0,3,1,6,2,9,1248,1,2,8,2
201342I373911,1,9,0,9,0,8,0,0,0,0,3,1,6,2,6,1997,2,6,3,1
201342I373911,2,5,0,18,0,8,1,0,0,0,1,1,2,1,6,645,1,8,6,1
201342I374011,1,9,0,18,0,8,0,0,1,0,1,1,6,2,6,-1,-1,-1,6,1
201342I374111,1,9,0,4,0,0,0,0,0,0,1,1,1,1,4,-1,-1,-1,10,2
201342I374111,2,9,0,4,0,0,0,0,0,0,2,1,6,2,7,1870,2,11,7,3
201342I374211,1,9,0,18,0,1,0,0,0,0,1,1,6,2,-1,1798,1,5,-1,-1
201342I374211,2,9,0,3,0,1,0,0,0,0,2,1,6,2,9,1679,1,13,8,1
201342I374311,1,19,0,18,0,0,0,0,0,0,1,1,6,1,-1,-1,-1,-1,9,1
201342I374311,2,9,0,18,0,0,0,0,0,0,2,1,6,1,6,2494,1,10,3,1
201342I374411,1,9,0,18,0,1,0,0,0,0,4,1,3,1,-1,-1,-1,-1,-1,-1
201342I374511,1,9,0,18,0,0,0,0,0,0,1,1,2,1,8,1587,1,7,4,3
201342I374511,2,9,0,18,0,0,0,0,0,0,2,1,2,2,8,1198,1,5,7,1
201342I374511,3,9,0,18,0,0,0,0,0,0,2,1,2,1,6,1798,1,6,7,1
201342I374611,1,90,0,5,0,0,0,0,0,0,0,1,6,1,10,1997,2,9,5,1
201342I374611,2,2,0,15,0,0,1,0,0,0,0,1,1,1,5,-1,-1,-1,2,1
201342I374711,1,9,0,5,0,0,0,0,0,0,1,1,2,1,7,1995,2,10,4,1
201342I374711,2,9,0,3,0,0,0,0,0,0,2,1,2,1,8,1796,1,13,6,2
201342I374711,3,9,0,3,0,0,0,0,0,0,2,1,2,1,8,1796,1,9,8,1
201342I374811,1,9,0,18,0,1,0,0,0,0,1,1,6,2,5,1242,1,2,9,1
201342I374811,2,9,0,18,0,1,0,0,0,0,2,1,6,2,6,1686,2,7,5,1
201342I374911,1,9,0,18,0,0,0,0,0,0,1,1,1,2,6,1598,1,3,3,1
201342I375111,1,9,0,16,0,2,1,0,0,0,1,1,6,2,7,-1,-1,-1,3,1
201342I375111,2,21,0,17,0,1,0,0,0,0,3,1,1,1,8,4461,2,2,4,1
201342I375311,1,9,0,9,0,2,0,0,0,0,1,1,2,2,8,998,1,3,8,2
201342I375311,2,9,0,18,0,2,0,0,0,0,3,1,6,2,6,1242,1,15,3,1
201342I375411,1,9,0,16,0,0,0,0,0,0,1,1,6,1,4,1339,1,1,5,1
201342I375511,1,9,0,18,0,8,0,0,0,0,1,1,6,1,5,1198,1,7,10,1
201342I375511,2,9,0,18,0,8,0,0,0,0,1,1,6,1,9,1388,1,10,6,1
201342I375711,1,9,0,18,0,1,0,0,0,0,3,1,1,1,5,1560,2,2,10,1
201342I375711,2,1,0,18,0,1,0,0,0,0,1,1,6,1,7,-1,-1,-1,10,1
201342I375811,1,9,0,17,0,1,1,0,1,11,1,1,2,2,6,1753,2,9,9,1
201342I375911,1,9,0,18,0,4,5,0,1,7,3,1,6,2,4,1242,1,10,5,1