Accident_Index,Vehicle_Reference,Vehicle_Type,Towing_and_Articulation,Vehicle_Manoeuvre,Vehicle_Location-Restricted_Lane,Junction_Location,Skidding_and_Overturning,Hit_Object_in_Carriageway,Vehicle_Leaving_Carriageway,Hit_Object_off_Carriageway,1st_Point_of_Impact,Was_Vehicle_Left_Hand_Drive?,Journey_Purpose_of_Driver,Sex_of_Driver,Age_Band_of_Driver,Engine_Capacity_(CC),Propulsion_Code,Age_of_Vehicle,Driver_IMD_Decile,Driver_Home_Area_Type
201342I375911,2,9,0,9,0,8,0,0,0,0,1,1,1,2,6,1399,2,6,4,1
201342I376011,1,9,0,3,0,0,0,0,0,0,1,1,2,1,4,1242,1,13,7,1
201342I376011,2,19,0,3,0,0,0,0,0,0,2,1,1,1,7,2198,2,-1,2,1
201342I376111,1,9,0,5,0,2,0,0,0,0,0,1,6,2,7,1598,1,11,1,1
201342I376311,1,9,0,16,0,0,5,10,1,4,1,1,6,2,6,1997,2,14,-1,-1
201342I376411,1,9,0,18,0,0,0,4,0,0,1,1,6,1,6,1396,1,22,-1,-1
201342I376411,2,9,0,2,0,0,0,0,0,0,2,1,6,3,-1,1896,2,13,-1,-1
201342I376511,1,19,0,17,0,0,0,0,1,10,1,1,1,1,5,1753,2,6,1,1
201342I376611,1,9,0,18,0,1,0,0,0,0,1,1,6,2,9,1149,1,5,10,1
201342I376611,2,9,0,18,0,1,0,0,0,0,2,1,6,2,9,1598,1,9,10,1
201342I376711,1,9,0,9,0,6,0,0,0,0,1,1,2,2,8,1360,1,9,4,1
201342I376711,2,1,0,18,0,8,0,0,0,0,4,1,2,1,6,-1,-1,-1,7,1
201342I376811,1,9,0,18,0,1,0,0,0,0,1,1,1,2,4,-1,-1,-1,9,2
201342I376811,2,9,0,18,0,1,0,0,0,0,2,1,1,1,8,-1,-1,-1,9,2
201342I376811,3,9,0,18,0,1,0,0,0,0,2,1,1,1,6,1968,2,-1,10,2
201342I376911,1,9,0,5,0,4,0,0,0,0,3,1,2,2,6,1598,1,11,4,1
201342I376911,2,1,0,18,0,3,0,0,0,0,2,1,6,1,9,-1,-1,-1,6,1
201342I377011,1,9,0,18,0,0,1,0,1,4,3,1,6,1,4,1389,1,12,6,3
201342I377111,1,9,0,18,0,0,0,0,0,0,1,1,1,1,7,1598,1,11,-1,-1
201342I377111,2,19,0,18,0,0,0,0,0,0,2,1,1,1,8,1896,2,12,6,3
201342I377111,3,9,0,18,0,0,0,0,0,0,2,1,1,1,9,-1,-1,-1,6,3
201342I377211,1,9,0,18,0,1,0,0,0,0,0,1,1,2,9,-1,-1,-1,3,1
201342I377311,1,9,0,10,0,1,0,0,0,0,2,1,6,1,8,1598,1,5,7,1
201342I377311,2,9,0,18,0,1,0,0,0,0,1,1,6,1,7,-1,-1,-1,5,1
201342I377411,1,9,0,12,0,7,0,0,0,0,3,1,2,1,5,2993,2,4,8,2
201342I377411,2,5,0,18,0,2,0,0,0,0,1,1,1,1,8,-1,-1,-1,-1,-1
201342I377511,1,9,0,18,0,0,0,0,0,0,1,1,6,2,6,1242,1,3,5,1
201342I377511,2,9,0,18,0,0,0,0,0,0,2,1,6,2,6,1198,1,2,4,1
201342I377611,1,9,0,7,0,1,0,0,0,4,1,1,6,2,8,1149,1,11,4,1
201342I377711,1,9,0,9,0,1,0,0,0,0,1,1,6,2,8,1388,1,4,8,3
201342I377711,2,9,0,17,0,1,0,0,0,0,1,1,6,2,10,1299,1,10,10,3
201342I377811,1,9,0,18,0,0,0,0,0,4,1,1,6,1,7,1497,1,11,7,1
201342I377911,1,9,0,16,0,0,1,0,0,0,4,1,6,1,5,1390,1,14,-1,-1
201342I377911,2,9,0,17,0,0,0,0,0,0,1,1,6,1,8,2793,1,15,-1,-1
201342I377911,3,9,0,16,0,0,0,0,0,0,0,1,6,1,5,1998,1,11,8,2
201342I378011,1,9,0,11,0,1,0,0,0,0,1,1,2,1,6,2967,2,1,10,1
201342I378011,2,9,0,18,0,1,0,0,0,0,1,1,6,1,11,1598,1,8,5,1
201342I378111,1,9,0,18,0,0,0,0,0,0,1,1,6,1,6,1968,2,2,8,2
201342I378111,2,9,0,18,0,0,0,0,0,0,2,1,6,2,5,-1,-1,-1,8,1
201342I378211,1,9,0,1,0,6,0,0,0,0,1,1,6,1,-1,-1,-1,-1,-1,-1
201342I378311,1,9,0,5,0,4,0,0,0,0,1,1,6,1,6,1988,1,10,9,1
201342I378311,2,9,0,5,0,4,0,0,0,0,2,1,6,2,5,1242,1,4,8,2
201342I378411,1,9,0,18,0,0,0,0,0,0,0,1,6,1,9,1997,2,4,-1,-1
201342I378511,1,9,0,10,0,6,0,0,0,0,1,1,6,2,9,1997,1,1,7,3
201342I378511,2,3,0,18,0,1,1,0,0,0,4,1,6,1,7,-1,-1,-1,5,2
201342I378611,1,11,0,4,0,1,0,0,0,0,4,1,6,1,-1,4250,2,2,-1,-1
201342I378711,1,9,0,18,0,0,0,0,0,0,1,1,6,2,-1,-1,-1,-1,-1,-1
201342I378711,2,1,0,18,0,0,0,0,0,0,0,1,6,1,7,-1,-1,-1,6,1
201342I378811,1,9,0,18,0,2,0,0,0,0,1,1,6,1,4,1388,1,1,4,1
201342I378811,2,19,0,18,0,2,0,0,0,0,2,1,6,1,8,1248,2,8,1,1
201342I379011,1,9,0,9,0,1,0,0,0,0,1,1,6,1,-1,1968,2,7,3,1
201342I379011,2,9,0,18,0,1,0,0,0,0,1,1,2,1,7,1199,1,12,2,1
201342I379112,1,9,0,18,0,3,0,0,0,0,1,1,6,1,6,-1,-1,-1,7,1
201342I379211,1,9,0,18,0,7,0,0,0,0,2,1,6,1,-1,1991,1,13,-1,-1
201342I379211,2,9,0,18,0,7,0,0,0,0,1,1,6,1,8,899,1,-1,6,1
201342I379211,3,9,0,18,0,7,0,0,0,0,1,1,6,2,8,1997,2,2,-1,-1
201342I379211,4,9,0,18,0,7,0,0,0,0,1,1,6,2,7,1598,1,-1,6,1
201342I379211,5,19,0,18,0,7,0,0,0,0,1,1,6,1,8,2143,2,2,5,1
201342I379211,6,19,0,18,0,7,0,0,0,0,1,1,6,3,-1,1753,2,7,-1,-1
201342I379211,7,9,0,18,0,7,0,0,0,0,0,1,6,3,-1,-1,-1,-1,-1,-1
201342I379312,1,9,0,17,0,0,0,0,1,4,1,1,1,2,8,1985,1,9,9,2
201342I379411,1,9,0,18,0,0,0,0,0,0,1,1,6,1,8,2830,2,19,7,1
201342I379411,2,9,0,18,0,0,0,0,0,0,2,1,6,1,7,-1,-1,-1,5,2
201342I379511,1,19,0,3,0,0,0,0,0,0,1,1,1,1,8,2300,2,7,4,1
201342I379511,2,9,0,3,0,0,0,0,0,0,2,1,1,1,6,1995,2,6,9,1
201342I379612,1,90,0,18,0,1,0,0,0,0,1,1,1,1,7,-1,-1,-1,5,1
201342I379711,1,9,0,18,0,0,0,0,0,0,1,1,6,1,8,-1,-1,-1,8,1
201342I379811,1,9,0,18,0,0,2,0,7,0,1,1,6,1,4,-1,-1,-1,1,1
201342I379811,2,9,0,18,0,0,0,0,0,0,2,1,6,1,4,1229,1,1,7,1
201342I379811,3,9,0,18,0,0,0,0,0,0,1,1,6,2,6,1199,1,10,8,2
201342I379811,4,9,0,18,0,0,0,0,0,0,0,1,6,1,4,998,1,5,4,3
201342I380011,1,9,0,16,0,0,1,0,7,0,1,1,6,2,4,1242,1,8,5,3
201342I380111,1,9,0,10,0,6,0,0,0,0,3,1,1,2,9,1997,2,6,3,1
201342I380211,1,9,0,18,0,1,0,0,0,0,0,1,6,1,-1,-1,-1,-1,-1,-1
201342I380211,2,9,0,18,0,1,0,0,0,0,0,1,6,1,4,698,1,9,-1,-1
201342I380311,1,9,0,18,0,1,0,0,0,0,1,1,6,1,6,1242,1,3,8,1
201342I380311,2,11,0,2,0,1,0,0,0,0,2,1,1,1,8,3900,2,10,6,2
201342I380412,1,9,0,18,0,3,0,0,0,0,3,1,6,3,-1,-1,-1,-1,-1,-1
201342I380412,2,1,0,18,0,3,0,0,0,0,2,1,6,1,-1,-1,-1,-1,-1,-1
201342I380512,1,9,0,13,0,0,0,0,0,0,1,1,6,1,4,1149,1,12,7,2
201342I380512,2,9,0,18,0,0,0,0,0,0,1,1,6,1,9,1799,1,2,10,1
201342I380611,1,9,0,9,0,1,0,0,0,0,1,1,6,1,-1,1560,2,1,8,1
201342I380611,2,9,0,18,0,1,0,0,0,0,4,1,6,1,7,1597,1,13,8,1
201342I380712,1,9,0,18,0,2,0,0,0,0,1,1,6,1,10,1360,1,6,7,1
201342I380811,1,5,0,18,0,0,1,0,0,0,1,1,6,1,8,1050,1,6,9,1
201342I380811,2,9,0,2,0,0,0,0,0,0,2,1,6,3,-1,2793,1,13,-1,-1
201342I380912,1,19,0,9,0,1,0,0,0,0,1,1,6,1,6,2400,2,10,8,2
201342I380912,2,19,0,18,0,1,0,0,0,0,1,1,1,1,6,-1,-1,-1,-1,-1
201342I380912,3,9,0,10,0,1,0,0,0,0,1,1,6,2,5,1242,1,8,8,1
201342I381111,1,9,0,18,0,4,0,0,0,0,1,1,6,1,8,1397,1,14,4,1
201342I381111,2,9,0,9,0,3,0,10,7,0,2,1,6,2,4,1242,1,7,5,1
201342I381212,1,9,0,1,0,0,0,4,0,0,2,1,6,2,10,1796,1,1,6,3
201342I381212,2,9,0,2,0,0,0,0,0,0,3,1,6,2,8,2000,1,10,5,3
201342I381311,1,9,0,18,0,0,5,0,7,11,1,1,6,2,4,1388,1,11,9,2
201342I381411,1,9,0,9,0,1,0,0,0,0,0,1,6,1,6,2204,2,7,6,3
201342I381411,2,3,0,18,0,1,0,0,0,0,0,1,6,1,4,49,1,12,5,3
201342I381511,1,9,0,18,0,0,2,0,1,1,3,1,6,1,4,1796,1,18,5,3
201342I381611,1,19,0,6,0,0,0,0,0,0,3,1,2,1,8,1998,2,9,4,1
201342I381611,2,4,0,14,0,0,0,0,0,0,1,1,2,1,5,125,1,5,4,1
201342I381712,1,9,0,9,0,2,0,0,0,0,1,1,6,1,-1,-1,-1,-1,-1,-1
201342I381712,2,3,0,18,0,2,1,0,0,0,2,1,1,1,5,107,1,3,2,1
201342I381712,3,9,0,3,0,2,0,0,0,0,2,1,6,2,6,999,1,5,5,1
201342I381812,1,9,0,9,0,6,0,0,0,0,3,1,2,1,8,-1,-1,-1,4,1
201342I381812,2,9,0,18,0,8,0,0,0,0,1,1,2,1,7,1896,2,11,1,1
201342I381812,3,9,0,3,0,1,0,0,0,0,1,1,2,2,6,1242,1,3,8,1
201342I381812,4,9,0,3,0,1,0,0,0,0,1,1,2,2,10,1560,2,3,5,1
201342I381912,1,19,0,18,0,0,1,0,0,0,1,1,1,1,6,2151,2,11,4,3
201342I381912,2,9,0,3,0,0,0,0,0,0,2,1,1,1,7,1781,1,7,4,3
201342I382112,1,9,0,16,0,0,0,0,0,0,3,1,1,1,5,-1,-1,-1,7,3
201342I382112,2,19,0,17,0,0,0,0,0,0,1,1,1,1,8,2143,2,-1,6,1
201342I382311,1,2,0,9,0,1,0,0,0,0,1,1,1,1,7,-1,-1,-1,4,1
201342I382311,2,9,0,18,0,1,0,0,0,0,1,1,1,1,7,-1,-1,-1,6,1
201342I382412,1,19,0,18,0,0,1,0,0,0,1,1,6,2,-1,1868,2,13,8,1
201342I382412,2,9,0,3,0,0,0,0,0,0,2,1,6,2,5,1796,1,10,8,3
201342I382512,1,21,1,17,0,0,0,0,0,0,1,1,1,1,8,12900,2,5,-1,1
201342I382512,2,20,0,16,0,0,0,0,2,10,2,1,1,1,8,4580,2,15,8,1
201342I382612,1,9,0,14,0,0,0,0,0,0,1,1,6,1,7,2261,1,6,6,2
201342I382612,2,9,0,2,0,0,0,0,7,11,2,1,6,3,-1,1390,1,3,-1,-1
201342I382712,1,9,0,16,0,1,1,0,7,9,1,1,6,2,7,1598,1,10,5,2
201342I382812,1,9,0,18,0,0,2,0,1,9,3,1,1,2,7,1997,2,12,8,2
201342I382812,2,19,0,18,0,0,0,0,0,0,3,1,1,1,7,2198,2,-1,2,1
201342I382912,1,3,0,18,0,0,1,0,0,0,4,1,6,1,4,124,1,4,3,1
201342I382912,2,9,0,18,0,0,0,0,0,0,2,1,2,2,7,-1,-1,-1,10,1
201342I383012,1,9,0,17,0,0,1,0,1,0,2,1,2,2,4,1149,1,12,10,1
201342I383012,2,9,0,18,0,0,0,0,0,0,1,1,6,2,7,1299,1,9,10,1
201342I383112,1,9,0,9,0,1,0,0,0,0,1,1,6,1,9,1596,1,10,10,1
201342I383112,2,9,0,18,0,5,0,0,0,0,1,1,6,2,9,1699,1,6,9,1
201342I383212,1,9,0,6,0,0,0,0,0,0,3,1,6,1,6,1598,2,-1,4,2
201342I383212,2,4,0,18,0,0,0,0,0,0,1,1,6,1,7,244,1,12,9,2
201342I383311,1,9,0,5,0,6,0,0,0,0,1,1,2,1,9,1396,1,10,8,1
201342I383311,2,1,0,18,0,1,0,0,0,0,4,1,6,1,8,-1,-1,-1,3,1
201342I383412,1,9,0,6,0,0,0,0,0,0,1,1,6,1,6,1149,1,7,3,1
201342I383412,2,9,0,18,0,0,0,0,0,0,1,1,6,1,4,1686,2,8,-1,-1
201342I383512,1,11,0,3,0,1,0,0,0,0,0,1,1,1,-1,-1,-1,-1,-1,-1
201342I383512,2,1,0,14,0,1,0,0,0,0,0,1,2,1,5,-1,-1,-1,7,1
201342I383612,1,1,0,18,9,0,0,0,0,0,1,1,6,1,-1,-1,-1,-1,-1,-1
201342I383712,1,9,0,18,0,1,0,0,1,10,1,1,1,1,6,-1,-1,-1,4,1
201342I383812,1,9,0,18,0,0,0,0,0,0,1,1,6,2,11,1248,1,-1,8,3
201342I383812,2,90,0,18,0,0,5,0,0,0,2,1,1,1,7,1505,2,4,6,1
201342I383911,1,9,0,17,0,0,0,0,3,11,1,1,6,3,-1,1598,1,11,-1,-1
201342I384012,1,9,0,16,0,0,2,0,7,9,1,1,1,2,8,1248,1,3,8,3
201342I384112,1,9,0,5,0,1,0,0,0,0,1,1,6,2,-1,1598,1,7,-1,-1
201342I384112,2,1,0,5,0,1,0,0,0,0,2,1,6,1,4,-1,-1,-1,-1,-1
201342I384212,1,21,1,5,8,0,0,0,0,0,3,2,1,1,8,-1,-1,-1,-1,-1
201342I384212,2,9,4,18,0,0,3,0,0,0,4,1,6,1,8,2765,2,13,8,3
201342I384212,3,21,1,2,6,0,0,0,0,0,3,1,1,1,-1,10837,2,-1,-1,-1
201342I384310,1,9,0,18,0,1,0,7,0,0,1,1,2,2,6,1299,1,11,8,1
201342I384412,1,9,0,17,0,1,0,0,1,2,3,1,1,2,5,1598,1,12,7,1
201342I384512,1,9,0,18,0,2,0,0,0,0,1,1,1,1,10,1995,2,7,-1,-1
201342I384512,2,9,0,2,6,2,0,0,0,0,1,1,6,3,-1,1995,1,7,-1,-1
201342I384612,1,9,0,18,0,0,0,0,0,0,4,1,6,1,8,1600,1,13,5,1
201342I384612,2,1,0,18,0,0,0,0,0,0,0,1,6,1,7,-1,-1,-1,4,1
201342I384711,1,9,0,11,0,0,0,0,0,0,3,1,6,1,-1,1388,1,2,9,1
201342I384711,2,3,0,18,0,0,0,0,0,0,4,1,1,1,5,125,1,1,8,1
201342I384811,1,9,0,3,0,8,0,0,0,0,1,1,6,2,-1,1198,1,2,-1,-1
201342I384811,2,9,0,3,0,8,0,0,0,0,2,1,6,2,4,1598,1,12,5,1
201342I385012,1,9,0,13,0,0,1,0,1,0,1,1,6,2,7,1910,2,6,9,2
201342I385012,2,9,0,18,0,0,1,0,1,0,1,1,6,1,9,1798,1,3,7,3
201342I385012,3,9,0,18,0,0,1,0,7,4,3,1,6,1,7,1686,2,-1,5,1
201342I385111,1,9,0,18,0,0,0,0,0,0,1,1,6,1,10,1988,1,17,5,2
201342I385111,2,9,0,18,0,0,0,0,0,0,2,1,6,1,5,1798,1,7,8,2
201342I385212,1,9,0,4,0,8,0,0,0,0,1,1,6,2,8,-1,-1,-1,8,1
201342I385212,2,3,0,17,0,8,0,0,0,0,1,1,6,1,4,125,1,8,6,2
201342I385212,3,9,0,2,6,2,0,0,0,0,0,1,6,2,11,1299,1,7,6,2
201342I385312,1,9,0,16,0,0,5,0,7,0,1,1,2,2,4,1299,1,10,-1,-1
201342I385412,1,19,0,18,0,1,0,0,1,0,1,1,1,1,7,2298,2,2,10,1
201342I385412,2,9,0,4,0,1,1,0,1,0,2,1,6,1,9,1242,1,11,7,2
201342I385511,1,9,0,15,0,8,0,0,0,0,1,1,6,2,-1,1587,1,18,-1,-1
201342I385511,2,9,0,18,0,8,0,0,0,0,0,1,6,1,-1,1685,2,-1,9,1
201342I385612,1,9,0,5,0,1,0,0,0,0,1,1,6,1,6,1998,1,6,-1,1
201342I385912,1,9,0,16,0,0,0,0,0,0,1,1,6,1,4,1390,1,17,8,1
201342I385912,2,9,0,17,0,0,0,0,0,0,1,1,6,1,7,1242,1,14,9,3
201342I386112,1,9,0,18,0,0,0,0,1,7,0,1,6,2,10,-1,-1,-1,6,3
201342I386212,1,9,0,7,0,7,0,0,0,0,1,1,6,1,10,1364,1,8,8,1
201342I386311,1,21,0,18,0,1,0,0,0,0,0,1,1,1,7,6370,2,10,3,1
201342I386311,2,9,0,10,0,1,0,0,0,0,0,1,6,2,9,2792,1,20,7,1
201342I386412,1,9,0,18,0,0,0,0,0,0,1,1,6,1,11,-1,-1,-1,7,3
201342I386511,1,9,0,16,0,0,2,0,0,0,1,1,6,1,8,-1,-1,-1,7,3
201342I386612,1,9,0,18,0,0,0,0,0,0,1,1,6,1,11,1388,1,7,8,3
201342I386612,2,9,0,2,0,0,0,0,0,0,2,1,6,2,8,2295,1,16,10,2
201342I386711,1,5,0,13,0,0,0,0,0,0,1,1,6,1,4,599,1,16,6,1
201342I386711,2,9,0,18,0,0,1,10,0,0,1,1,6,1,8,1560,2,1,5,1
201342I386812,1,9,0,17,0,0,0,0,2,3,1,1,3,2,8,1582,2,3,8,2
201342I386912,1,9,0,9,0,1,0,0,0,0,1,1,6,1,10,-1,-1,-1,4,1
201342I386912,2,5,0,18,0,1,0,0,0,0,1,1,6,1,4,680,1,4,4,1
201342I387012,1,9,0,5,0,0,0,0,3,8,1,1,6,1,10,3311,8,4,8,1
201342I387112,1,9,0,18,0,4,2,0,7,1,3,1,6,1,7,1896,2,10,7,2
201342I387212,1,9,0,4,0,0,0,0,0,0,1,1,2,2,5,1598,1,9,6,1
201342I387212,2,9,0,4,0,0,0,0,0,0,2,1,6,2,8,1199,1,14,10,1
201342I387212,3,9,0,4,0,0,0,0,0,0,2,1,6,2,8,1248,1,4,10,1
201342I387311,1,9,0,18,0,1,0,0,7,11,1,1,6,2,11,1275,1,19,9,3
201342I387412,1,9,0,18,0,0,1,0,1,4,1,1,2,2,4,1242,1,-1,7,3
201342I387511,1,9,0,16,0,0,1,0,1,3,3,1,6,1,4,-1,-1,-1,9,1
201342I387511,2,9,0,16,0,0,0,0,0,0,0,1,6,3,-1,-1,-1,-1,-1,-1
201342I387612,1,9,0,9,0,1,0,0,0,0,2,1,6,2,6,1596,1,7,5,1
201342I387612,2,9,0,9,0,1,0,0,0,0,1,1,6,1,6,1596,1,7,8,1
201342I387712,1,9,0,18,0,1,0,0,1,2,1,1,6,1,6,1149,1,13,-1,-1
201342I387812,1,9,0,9,0,6,0,0,0,0,3,1,6,2,11,1399,1,4,4,1
201342I387812,2,9,0,2,0,2,0,0,0,0,2,1,6,3,-1,3189,1,7,-1,-1
201342I387912,1,9,0,18,0,1,0,0,0,0,1,1,1,1,9,1596,1,12,5,1
201342I388012,1,9,0,9,0,8,0,0,1,0,3,1,6,1,5,1560,2,2,4,1
201342I388012,2,9,0,18,0,1,0,0,0,0,1,1,6,2,9,1388,1,3,4,3
201342I388112,1,9,0,9,0,8,0,0,0,0,0,1,6,1,11,1596,1,3,8,3
201342I388112,2,9,0,18,0,8,1,0,7,10,1,1,6,1,11,1397,1,-1,3,1
201342I388212,1,9,0,18,0,1,1,0,0,0,1,1,6,2,6,1242,1,7,9,1
201342I388212,2,19,0,3,0,1,0,0,0,0,2,1,6,2,6,1753,2,6,4,1
201342I388212,3,9,0,3,0,1,0,0,0,0,3,1,1,1,8,1560,2,1,5,1
201342I388311,1,3,0,9,0,1,0,0,0,0,0,1,6,2,5,124,1,2,8,3
201342I388311,2,9,0,7,0,1,0,0,0,0,0,1,6,2,-1,1396,1,3,-1,-1
201342I388412,1,9,0,12,0,0,0,0,0,0,3,1,6,1,4,1299,1,12,4,1
201342I388412,2,3,0,12,0,0,1,0,0,0,4,1,6,1,5,125,1,7,2,1
201342I388512,1,9,0,18,0,2,0,0,0,0,0,1,6,1,-1,1461,2,-1,-1,-1
201342I388612,1,9,0,16,0,0,0,0,0,0,3,1,6,1,8,1598,1,5,9,1
201342I388612,2,9,0,17,0,0,0,0,0,0,3,1,6,2,8,1248,2,5,2,1
201342I388712,1,9,0,18,0,0,0,0,0,0,1,1,6,1,9,1360,1,6,3,1
201342I388712,2,9,0,2,0,0,0,0,0,0,0,1,6,3,-1,1747,1,8,-1,-1
201342I388712,3,9,0,2,0,0,0,0,0,0,0,1,6,3,-1,2967,2,4,-1,-1
201342I388812,1,9,0,18,0,8,0,0,0,0,1,1,6,1,5,1796,1,9,7,1
201342I388812,2,9,0,18,0,8,0,0,0,0,3,1,6,1,6,1398,2,2,2,1
201342I388912,1,9,0,18,0,1,0,0,0,0,4,1,6,2,9,1388,1,8,7,1
201342I388912,2,9,0,8,0,1,0,0,0,0,1,1,6,1,5,1997,2,8,5,2
201342I389112,1,11,0,14,0,0,0,0,0,0,4,1,1,1,8,5900,2,15,3,1
201342I389112,2,1,0,14,0,0,0,0,0,0,3,1,6,1,9,-1,-1,-1,6,1
201342I389112,3,19,0,2,0,0,0,0,0,0,1,1,1,1,9,2198,2,-1,5,1
201342I389212,1,9,0,5,0,1,0,0,0,0,3,1,1,2,10,1796,1,13,6,1
201342I389212,2,2,0,3,0,1,0,0,0,0,1,1,1,1,5,599,1,14,7,1
201342I389312,1,9,0,17,0,3,0,0,0,0,4,1,6,3,-1,-1,-1,-1,-1,-1
201342I389312,2,5,0,18,0,8,0,0,0,0,3,1,6,1,7,996,1,7,5,1
201342I389412,1,9,0,5,0,6,0,0,0,0,4,1,6,1,9,1461,2,3,7,2
201342I389412,2,9,0,18,0,1,0,0,0,0,1,1,6,1,7,1598,1,11,5,3
201342I389512,1,9,0,5,0,1,0,0,1,1,1,1,6,2,5,1598,2,1,10,1
201342I389512,2,9,0,18,0,1,0,0,0,0,1,1,6,2,6,2967,2,3,3,1
201342I389611,1,9,0,16,0,1,0,0,0,0,1,1,6,1,5,1362,1,-1,10,2
201342I389611,2,9,0,3,0,1,0,0,0,0,2,1,6,1,4,1390,1,3,5,1
201342I389812,1,9,0,4,0,0,1,0,0,0,1,1,2,1,6,1589,1,16,4,1
201342I389812,2,9,0,3,0,0,0,0,0,0,0,1,6,1,7,1997,2,-1,9,1
201342I389911,1,9,0,18,0,1,0,0,0,0,1,1,6,1,4,995,1,1,10,1
201342I389911,2,9,0,3,0,1,0,0,0,0,2,1,6,1,7,1149,1,5,10,1
201342I389911,3,9,0,3,0,1,0,0,0,0,2,1,6,1,10,1998,1,-1,8,1
201342I390012,1,9,0,5,0,6,0,0,0,0,3,1,1,1,7,-1,-1,-1,7,1
201342I390012,2,1,0,18,0,1,0,0,0,0,0,1,6,1,7,-1,-1,-1,9,1
201342I390112,1,9,0,18,0,0,0,0,0,0,2,1,6,3,-1,1997,2,1,-1,-1
201342I390112,2,9,0,3,0,0,0,0,0,0,2,1,6,1,10,1560,2,2,10,3
201342I390212,1,9,0,18,0,0,0,0,0,0,1,1,6,1,-1,-1,-1,-1,-1,-1
201342I390312,1,9,0,18,0,4,0,0,0,0,1,1,6,2,7,1299,1,9,6,1
201342I390312,2,1,0,18,0,1,0,0,0,0,1,1,6,1,8,-1,-1,-1,-1,-1
201342I390412,1,9,0,1,0,1,0,0,0,0,3,1,1,1,6,-1,-1,-1,7,1
201342I390412,2,1,0,18,0,1,0,0,0,0,1,1,6,1,8,-1,-1,-1,5,1
201342I390512,1,9,0,17,0,0,2,0,1,4,1,1,6,1,-1,1149,1,8,10,2
201342I390812,1,9,0,18,0,0,2,0,4,0,4,1,6,2,6,-1,-1,-1,8,1
201342I391012,1,9,0,18,0,0,0,0,0,0,1,1,6,3,-1,-1,-1,-1,-1,-1
201342I391012,2,9,0,18,0,0,0,0,2,7,2,1,1,2,6,1388,1,2,10,1
201342I391112,1,3,0,17,0,0,0,0,0,0,1,1,6,1,5,124,1,4,9,1
201342I391212,1,9,0,3,0,1,0,0,4,0,4,1,2,1,8,2099,1,10,5,1
201342I391212,2,9,0,18,0,1,0,0,0,0,2,1,6,1,7,1598,1,-1,1,1
201342I391312,1,9,0,18,0,1,0,0,0,0,1,1,6,1,-1,-1,-1,-1,-1,-1
201342I391312,2,1,0,8,0,1,0,0,0,0,2,1,4,1,3,-1,-1,-1,10,1
201342I391412,1,1,0,18,0,8,0,0,0,0,0,1,6,1,-1,-1,-1,-1,-1,-1
201342I391512,1,9,0,5,0,8,0,0,0,0,1,1,1,2,9,1984,1,8,7,1
201342I391512,2,8,0,5,0,8,0,0,0,0,3,1,1,1,9,1685,2,-1,4,1
201342I391612,1,9,0,18,0,1,0,0,4,6,1,2,6,1,4,1587,1,10,3,1
201342I391712,1,21,1,18,0,1,0,0,0,0,1,2,1,1,6,-1,-1,-1,5,1
201342I391712,2,9,0,7,0,1,0,0,0,0,2,1,6,2,4,-1,-1,-1,4,1
201342I391812,1,9,0,18,0,0,0,0,1,0,3,1,1,2,8,1248,2,7,10,2
201342I391912,1,3,0,17,0,0,1,0,1,0,1,1,2,1,5,124,1,2,4,1
201342I391912,2,20,0,18,0,0,0,0,0,0,3,1,2,1,10,-1,-1,-1,7,1
201342I392012,1,5,0,17,0,0,1,0,1,9,1,1,6,1,7,649,1,12,7,2
201342I392112,1,9,0,1,0,0,0,0,0,0,2,1,6,2,6,1910,2,8,1,1
201342I392212,1,9,0,5,0,0,0,0,0,0,1,1,1,1,8,1229,1,8,5,1
201342I392312,1,9,0,18,0,4,0,0,0,0,1,1,6,1,11,1598,1,10,10,1
201342I392312,2,9,0,18,0,8,0,0,0,0,4,1,6,1,8,-1,-1,-1,9,1
201342I392412,1,9,0,18,0,4,0,0,0,0,3,1,2,2,6,2993,2,9,-1,-1
201342I392412,2,1,0,18,0,8,0,0,0,0,1,1,2,2,7,-1,-1,-1,-1,-1
201342I392512,1,9,0,9,0,8,0,0,0,0,3,1,6,1,-1,-1,-1,-1,-1,-1
201342I392712,1,9,0,18,0,0,0,0,0,0,1,1,2,2,5,1299,1,12,-1,-1
201342I392911,1,9,0,9,0,8,0,0,0,0,1,1,6,2,6,1242,1,-1,2,1
201342I393012,1,9,0,18,0,1,0,0,0,0,1,1,6,2,-1,1242,1,7,-1,-1
201342I393012,2,9,0,3,0,1,0,0,0,0,2,1,3,2,6,1596,1,7,5,1
201342I393112,1,9,0,18,0,1,0,0,0,0,4,1,6,1,-1,-1,-1,-1,-1,-1
201342I393212,1,9,0,1,0,1,0,0,0,0,0,1,6,3,-1,1600,1,13,-1,-1
201342I393312,1,9,0,3,0,0,0,0,0,0,1,1,6,1,-1,1793,1,10,-1,-1
201342I393312,2,9,0,4,0,0,0,0,0,0,2,1,3,2,6,1798,1,9,3,1
201342I393511,1,9,0,9,0,6,0,0,0,0,1,1,6,2,9,1390,1,11,8,1