Accident_Index,Vehicle_Reference,Vehicle_Type,Towing_and_Articulation,Vehicle_Manoeuvre,Vehicle_Location-Restricted_Lane,Junction_Location,Skidding_and_Overturning,Hit_Object_in_Carriageway,Vehicle_Leaving_Carriageway,Hit_Object_off_Carriageway,1st_Point_of_Impact,Was_Vehicle_Left_Hand_Drive?,Journey_Purpose_of_Driver,Sex_of_Driver,Age_Band_of_Driver,Engine_Capacity_(CC),Propulsion_Code,Age_of_Vehicle,Driver_IMD_Decile,Driver_Home_Area_Type
201342I411012,1,9,0,16,0,0,0,0,0,0,1,1,6,1,7,1396,1,13,8,1
201342I411012,2,9,0,17,0,0,0,0,0,0,1,1,6,1,4,-1,-1,-1,9,1
201342I411112,1,9,0,18,0,0,0,0,0,0,1,1,6,1,9,1560,2,2,8,1
201342I411112,2,9,0,2,0,0,0,0,0,0,2,1,6,2,9,1988,1,11,7,1
201342I411212,1,9,0,17,0,0,1,0,0,0,1,1,2,2,8,1364,2,9,-1,-1
201342I411312,1,9,0,18,0,2,0,0,0,0,1,1,6,1,8,1560,2,3,7,2
201342I411412,1,9,0,16,0,0,1,0,1,0,1,1,1,1,7,1598,1,7,6,3
201342I411412,2,9,0,17,0,0,0,7,7,10,1,1,6,1,9,-1,-1,-1,7,3
201342I411512,1,20,0,18,0,1,0,0,0,0,1,1,1,1,8,4461,2,2,7,1
201342I411612,1,19,0,18,0,0,0,0,0,1,0,1,6,3,-1,-1,-1,-1,-1,-1
201342I411612,2,19,0,18,0,0,1,10,7,0,4,1,1,2,8,1560,2,5,9,1
201342I411712,1,9,0,18,0,0,0,0,0,0,1,1,1,1,8,1998,1,14,2,1
201342I411812,1,9,0,18,0,0,5,0,7,4,3,1,6,1,5,1364,1,7,-1,-1
201342I411912,1,9,0,18,0,1,0,0,0,0,1,1,6,1,-1,1999,1,11,-1,-1
201342I411912,2,9,0,3,0,1,0,0,0,0,2,1,6,2,8,1299,1,6,9,1
201342I412012,1,9,0,16,0,0,1,0,7,11,4,1,6,1,7,2793,1,15,6,1
201342I412112,1,9,0,12,0,0,0,0,0,0,0,1,6,3,-1,-1,-1,-1,-1,-1
201342I412112,2,9,0,18,0,0,5,0,1,0,1,1,6,1,6,1997,2,7,8,1
201342I412112,3,21,0,2,0,0,0,0,0,0,0,1,1,1,8,6692,2,4,1,1
201342I412212,1,9,0,18,0,0,0,0,0,0,1,1,6,3,-1,-1,-1,-1,-1,-1
201342I412312,1,9,0,18,0,0,0,0,0,0,1,1,6,2,8,2993,2,3,6,3
201342I412312,2,9,0,18,0,0,0,0,0,0,1,1,6,2,9,1341,1,8,6,3
201342I412412,1,8,0,18,0,1,0,0,0,0,0,1,1,1,8,1997,2,5,6,2
201342I412612,1,9,0,18,0,0,0,0,0,0,4,1,6,1,8,1968,2,1,9,1
201342I412712,1,9,0,10,0,0,0,0,0,0,1,1,2,1,6,1995,2,8,6,3
201342I412712,2,5,0,18,0,0,0,0,0,0,3,1,2,1,6,124,1,-1,4,1
201342I412812,1,9,0,9,0,1,0,0,0,0,4,1,6,2,8,998,1,-1,10,1
201342I412812,2,3,0,18,0,2,0,0,0,0,1,1,6,1,4,124,1,12,-1,-1
201342I412912,1,9,0,18,0,0,0,0,0,0,1,1,6,2,10,1149,1,12,7,3
201342I412912,2,9,0,3,0,0,0,0,0,0,2,1,1,1,8,-1,-1,-1,10,1
201342I413112,1,2,0,18,0,2,1,0,0,0,1,1,1,1,5,107,1,-1,2,1
201342I413312,1,9,0,18,0,1,0,0,0,0,1,1,6,1,8,1199,1,10,9,1
201342I413412,1,9,0,18,0,4,0,0,0,0,4,1,6,1,10,1783,1,13,8,1
201342I413412,2,1,0,18,0,4,0,0,0,0,1,1,1,2,6,-1,-1,-1,10,2
201342I413512,1,9,0,18,0,3,0,0,0,0,1,1,6,2,-1,1388,1,10,-1,-1
201342I413712,1,9,0,18,0,0,0,0,0,0,1,1,6,2,5,1388,1,9,5,1
201342I413812,1,9,0,9,0,6,0,0,0,0,1,1,6,2,6,998,1,9,7,1
201342I413812,2,9,0,18,0,8,0,0,0,0,1,1,6,2,7,1968,2,8,3,1
201342I413912,1,9,0,18,0,0,0,0,0,0,1,1,6,1,5,2497,2,19,6,1
201342I413912,2,9,0,3,0,0,0,0,0,0,2,1,6,2,9,2982,2,3,9,2
201342I414012,1,9,0,18,0,0,0,0,0,0,1,1,6,2,9,-1,-1,-1,4,1
201342I414012,2,9,0,18,0,0,0,0,0,0,2,1,6,1,9,1997,2,10,4,3
201342I414112,1,9,0,13,0,1,0,0,7,0,4,1,6,2,7,1389,1,12,3,1
201342I414112,2,9,0,4,0,1,0,0,0,0,3,1,6,2,9,1587,1,10,7,2
201342I414212,1,9,0,4,0,1,0,0,0,0,1,1,6,1,7,1995,2,11,2,1
201342I414212,2,9,0,3,0,1,0,0,0,0,2,1,6,2,6,2000,1,13,4,1
201342I414312,1,19,0,18,0,1,0,0,0,0,1,1,6,1,-1,1560,2,-1,-1,-1
201342I414312,2,9,0,18,0,1,0,0,0,0,2,1,6,2,-1,1997,1,12,10,1
201342I414412,1,19,0,7,6,0,0,0,0,0,1,1,1,1,8,2198,2,-1,4,1
201342I414412,2,19,0,2,6,0,0,0,0,0,2,1,1,1,6,2148,2,8,2,1
201342I414412,3,21,0,2,6,0,0,0,0,0,3,1,1,1,8,12777,2,4,3,1
201342I414512,1,9,0,18,0,0,0,0,0,0,1,1,6,1,9,-1,-1,-1,-1,-1
201342I414512,2,8,0,2,0,0,0,0,0,0,1,1,6,1,-1,-1,-1,-1,-1,-1
201342I414612,1,9,0,7,0,4,0,0,0,0,4,1,6,2,5,1360,1,4,10,1
201342I414612,2,1,0,18,0,4,0,0,0,0,0,1,6,1,8,-1,-1,-1,8,1
201342I414712,1,9,0,18,0,0,0,0,0,0,2,1,6,2,-1,1360,1,11,10,2
201342I414712,2,9,0,18,0,0,0,0,0,0,1,1,6,2,8,1199,1,11,5,1
201342I414812,1,9,0,18,0,0,1,0,0,0,1,1,6,1,9,1991,2,8,9,2
201342I414812,2,3,0,3,0,0,0,0,0,0,2,1,2,1,4,124,1,3,3,1
201342I414912,1,9,0,18,0,0,0,0,0,0,1,1,6,1,6,-1,-1,-1,10,1
201342I414912,2,9,0,18,0,0,0,0,0,0,3,1,6,2,6,1289,1,18,9,1
201342I415012,1,98,0,5,0,8,0,0,0,0,0,2,1,1,7,-1,-1,-1,-1,-1
201342I415012,2,9,0,5,0,8,0,0,1,0,1,1,6,1,9,1995,2,8,3,1
201342I415112,1,9,0,7,0,1,0,0,0,0,1,1,2,1,6,998,1,1,8,1
201342I415112,2,9,0,18,0,1,0,0,1,3,1,1,6,2,7,1328,1,7,2,1
201342I415212,1,9,0,18,0,1,0,0,0,0,4,1,6,2,11,996,1,3,7,3
201342I415212,2,1,0,18,0,1,0,0,0,0,4,1,6,1,7,-1,-1,-1,10,1
201342I415312,1,9,0,18,0,2,0,0,0,0,4,1,6,2,7,1198,1,3,8,1
201342I415312,2,1,0,18,0,1,0,0,0,0,1,1,6,1,7,-1,-1,-1,8,1
201342I415412,1,9,0,18,0,5,0,0,0,0,1,1,6,2,7,1397,1,3,6,1
201342I415412,2,9,0,18,0,8,5,0,1,1,1,1,6,2,5,1399,2,1,7,3
201342I415512,1,9,0,9,0,1,0,0,0,0,3,1,2,2,9,2295,1,15,4,1
201342I415512,2,9,0,18,0,1,0,0,0,0,1,1,2,1,9,1398,1,16,1,1
201342I415612,1,9,0,18,0,1,1,0,1,7,1,1,6,1,5,1896,2,10,8,1
201342I415712,1,9,0,11,0,0,0,0,2,7,4,1,6,2,7,1910,2,6,1,1
201342I415712,2,9,0,18,0,0,0,0,0,0,1,1,6,2,11,1798,1,7,10,1
201342I415812,1,9,0,18,0,4,0,0,0,0,1,1,6,1,9,1598,1,13,5,3
201342I415812,2,1,0,18,0,3,0,0,0,0,2,1,6,1,10,-1,-1,-1,5,1
201342I415912,1,9,0,18,0,0,0,0,7,11,1,1,2,2,9,1910,2,5,8,3
201342I415912,2,9,0,18,0,0,0,0,0,0,3,1,6,2,6,-1,-1,-1,8,1
201342I416012,1,9,0,18,0,1,0,0,7,0,1,1,6,1,4,1242,1,5,5,1
201342I416012,2,9,0,2,0,1,0,0,0,0,1,1,6,1,5,-1,-1,-1,6,1
201342I416012,3,9,0,2,0,1,0,0,0,0,2,1,6,1,6,1910,2,8,4,1
201342I416112,1,9,0,18,0,0,1,0,0,0,1,1,6,1,6,1799,1,16,8,1
201342I416112,2,9,0,18,0,0,0,0,0,0,1,1,6,2,7,1968,2,1,6,1
201342I416212,1,9,0,2,0,0,0,0,0,0,4,1,6,1,8,1998,2,10,6,1
201342I416212,2,19,0,17,0,0,0,0,0,0,1,1,1,1,7,1870,2,10,4,1
201342I416312,1,9,0,18,0,0,0,0,0,7,1,1,6,2,4,1388,1,10,10,1
201342I416412,1,9,0,3,0,1,0,0,0,0,4,1,6,1,4,1397,1,4,4,1
201342I416412,2,3,0,5,0,1,0,0,0,0,1,1,6,1,7,599,1,18,2,1
201342I416512,1,9,0,16,0,0,5,0,3,5,1,1,6,1,9,1599,1,10,6,1
201342I416612,1,9,0,4,0,1,0,0,0,0,1,1,6,1,6,1999,1,7,3,1
201342I416612,2,9,0,3,0,1,0,0,0,0,2,1,6,1,5,1984,1,6,6,1
201342I416712,1,9,0,18,0,8,1,0,1,1,1,1,6,1,8,1999,1,4,9,1
201342I416812,1,9,0,12,0,4,0,0,0,0,2,1,6,1,-1,1149,1,8,-1,-1
201342I416812,2,1,0,10,0,4,0,0,0,0,1,1,1,1,7,-1,-1,-1,8,1
201342I417012,1,9,0,18,0,8,0,0,7,10,1,1,6,1,8,1989,1,14,3,1
201342I417012,2,9,0,18,0,1,0,0,0,0,1,1,6,1,8,1999,1,1,-1,-1
201342I417112,1,9,0,18,0,0,0,0,0,6,1,1,6,3,-1,1997,2,8,-1,-1
201342I417112,2,21,0,18,0,0,0,0,0,0,2,1,1,1,9,11705,2,5,3,1
201342I417212,1,19,0,18,0,0,5,0,1,1,4,1,1,1,7,2148,2,7,1,1
201342I417412,1,9,0,18,0,2,0,0,0,0,1,1,6,1,7,1242,1,-1,8,1
201342I417412,2,9,0,18,0,2,0,0,0,0,2,1,6,2,4,1199,1,9,1,1
201342I417512,1,4,0,18,0,1,0,10,0,0,1,1,6,1,11,499,1,10,10,1
201342I417612,1,9,0,18,0,1,0,0,0,0,1,1,6,1,10,1796,1,12,-1,-1
201342I417712,1,98,0,18,0,0,0,0,0,0,3,1,6,3,-1,-1,-1,-1,-1,-1
201342I417712,2,9,0,18,0,0,0,0,0,0,3,1,6,2,8,1595,1,6,10,3
201342I417812,1,9,0,18,0,1,0,0,0,0,1,1,6,2,10,1399,1,6,5,1
201342I417812,2,9,0,3,0,1,0,0,0,0,2,1,6,2,6,1598,1,3,6,1
201342I417812,3,9,0,3,0,1,0,0,0,0,2,1,6,2,6,-1,-1,-1,8,1
201342I417912,1,11,0,4,2,0,0,0,0,0,1,1,1,1,8,5883,2,12,-1,-1
201342I418012,1,2,0,13,0,0,0,0,0,0,1,1,6,1,4,49,1,11,1,1
201342I418012,2,9,0,13,0,0,0,0,0,0,3,1,6,1,5,1598,2,2,3,1
201342I418112,1,5,0,18,0,0,1,0,0,0,3,1,6,1,7,-1,-1,-1,4,1
201342I418212,1,9,0,18,0,0,0,0,0,0,1,1,6,1,9,1590,1,15,3,1
201342I418312,1,9,0,5,0,6,0,0,0,0,3,1,6,1,9,1997,2,11,10,1
201342I418312,2,4,0,18,0,1,1,0,0,0,1,1,2,1,5,249,1,2,6,1
201342I418411,1,9,0,18,0,0,0,0,0,0,1,1,6,1,7,-1,-1,-1,4,1
201342I418411,2,9,0,18,0,0,0,0,0,0,2,1,6,2,6,2179,2,2,6,1
201342I418411,3,9,0,18,0,0,0,0,0,0,2,1,6,1,6,1970,1,13,8,1
201342I418512,1,21,1,12,0,0,0,0,0,0,3,2,1,1,7,-1,-1,-1,-1,-1
201342I418512,2,9,0,18,0,0,1,0,0,0,4,1,6,1,7,998,1,3,3,1
201342I418812,1,9,0,18,0,0,0,4,0,0,1,1,6,1,7,3199,1,13,7,1
201342I418812,2,9,0,2,0,0,0,0,0,11,2,1,6,3,-1,1896,2,9,-1,-1
201342I418912,1,9,0,18,0,8,0,0,0,0,0,1,6,1,-1,1999,1,6,4,1
201342I418912,2,1,0,18,0,8,0,0,0,0,0,1,6,1,4,-1,-1,-1,2,1
201342I419012,1,19,0,18,0,1,0,0,0,0,3,1,6,3,-1,-1,-1,-1,-1,-1
201342I419012,2,9,0,18,0,2,1,0,1,4,3,1,2,1,7,-1,-1,-1,8,2
201342I419112,1,9,0,3,0,1,0,0,0,0,1,1,6,2,-1,-1,-1,-1,-1,-1
201342I419112,2,9,0,3,0,1,0,0,0,0,2,1,1,2,5,1598,1,6,6,3
201342I419310,1,9,0,18,0,1,0,0,0,0,1,1,6,2,10,1598,1,5,5,1
201342I419310,2,9,0,18,0,1,0,0,0,0,4,1,6,2,7,1560,2,-1,4,1
201342I419512,1,19,4,18,0,0,1,0,0,0,1,1,1,1,7,2402,2,11,5,1
201342I419512,2,21,0,18,0,0,0,0,0,0,1,1,1,1,8,8870,2,10,5,1
201342I419612,1,9,0,9,0,1,0,0,0,0,1,1,6,1,6,1598,1,7,7,3
201342I419612,2,1,0,9,0,1,0,0,0,0,1,1,6,1,9,-1,-1,-1,-1,-1
201342I419712,1,9,0,18,0,0,0,0,0,0,1,1,6,1,11,998,1,18,9,2
201342I419712,2,1,0,18,0,0,0,0,1,0,2,1,6,2,9,-1,-1,-1,5,1
201342I419812,1,9,0,13,0,0,0,0,0,0,0,1,6,3,-1,1242,1,-1,-1,-1
201342I419812,2,9,0,18,0,0,0,0,1,4,1,1,6,2,5,1598,1,8,2,1
201342I419912,1,9,0,7,0,1,0,0,0,0,3,1,1,1,6,1086,1,8,4,1
201342I419912,2,1,0,18,0,1,0,0,0,0,4,1,6,2,6,-1,-1,-1,6,1
201342I420012,1,21,0,2,0,0,0,0,0,0,0,1,1,1,-1,8970,2,7,-1,-1
201342I420112,1,9,0,16,0,0,1,0,0,0,1,1,6,1,5,2495,2,19,8,2
201342I420112,2,9,0,17,0,0,0,0,0,0,1,1,6,1,7,2996,2,5,8,2
201342I420312,1,9,0,18,0,1,0,0,0,0,1,1,6,1,6,1781,1,9,-1,-1
201342I420312,2,9,0,2,0,2,0,0,0,0,0,1,6,3,-1,1600,1,15,-1,-1
201342I420412,1,9,0,18,0,0,0,0,1,7,1,1,2,1,5,1968,2,3,-1,-1
201342I420512,1,8,0,3,0,1,0,0,0,0,1,1,1,1,8,1968,2,5,3,1
201342I420512,2,9,0,3,0,1,0,0,0,0,1,1,1,1,7,-1,-1,-1,3,1
201342I420512,3,9,0,3,0,1,0,0,0,0,1,1,1,1,11,2696,2,4,4,3
201342I420512,4,9,0,3,0,1,0,0,0,0,1,1,1,2,-1,-1,-1,-1,3,1
201342I420512,5,9,0,3,0,1,0,0,0,0,1,1,6,2,7,1596,1,1,3,1
201342I420612,1,9,0,18,0,1,0,0,0,0,3,1,6,2,6,1587,1,13,9,1
201342I420712,1,9,0,18,0,0,0,0,0,0,1,1,6,1,-1,-1,-1,-1,9,1
201342I420807,1,9,0,16,0,0,2,0,0,0,0,1,6,2,8,1794,1,11,10,1
201342I420912,1,9,0,6,0,0,0,0,0,0,3,1,6,1,4,-1,-1,-1,6,3
201342I420912,2,19,0,18,0,0,0,0,0,0,1,1,6,1,7,1998,2,10,7,3
201342I421012,1,9,0,4,0,1,0,0,0,0,1,1,6,1,-1,1753,2,9,3,1
201342I421012,2,9,0,4,0,1,0,0,0,0,2,1,6,2,4,1299,1,11,7,1
201342I421012,3,9,0,4,0,1,0,0,0,0,2,1,6,2,-1,1360,1,13,3,1
201342I421112,1,9,0,9,0,6,0,0,0,0,1,1,6,1,7,2494,1,10,6,2
201342I421212,1,9,0,5,0,1,0,0,0,0,1,1,1,1,7,1242,1,5,3,1
201342I421212,2,9,0,3,0,1,0,0,0,0,2,1,6,2,10,1229,1,4,8,3
201342I421312,1,9,0,18,0,4,0,0,0,0,1,1,1,1,7,1995,2,2,3,1
201342I421312,2,3,0,18,0,8,0,0,0,0,4,1,1,1,5,124,1,22,-1,-1
201342I421412,1,1,0,7,0,8,1,0,0,0,4,1,6,1,7,-1,-1,-1,8,1
201342I421712,1,9,0,3,0,1,0,0,0,0,1,1,1,1,8,-1,-1,-1,10,2
201342I421712,2,22,0,18,0,1,0,0,0,0,4,1,6,2,11,-1,-1,-1,-1,-1
201342I421812,1,9,0,18,0,0,2,0,1,0,4,1,6,1,4,-1,-1,-1,5,2
201342I421912,1,9,0,18,0,1,0,0,0,0,0,1,6,1,9,1794,1,10,9,3
201342I421912,2,9,0,18,0,1,0,0,0,0,0,1,6,1,9,2198,1,14,7,2
201342I422012,1,3,0,18,0,0,1,0,0,0,4,1,6,1,5,124,1,5,9,2
201342I422112,1,9,0,16,0,0,2,0,0,0,1,1,4,1,4,1299,1,10,7,3
201342I422112,2,9,0,17,0,0,0,0,7,9,1,1,6,1,11,1596,1,7,7,3
201342I422212,1,9,0,18,0,0,0,0,0,0,1,1,1,1,5,1598,2,3,4,1
201342I422212,2,9,0,3,0,0,0,0,0,0,2,1,1,2,9,1242,1,1,4,1
201342I422212,3,8,0,3,0,0,0,0,0,0,2,1,1,1,9,1896,2,7,4,1
201342I422611,1,9,0,9,0,4,0,0,0,0,1,1,6,1,7,1796,1,9,-1,-1
201342I422611,2,3,0,9,0,4,0,0,0,0,2,1,6,1,6,125,1,2,8,1
201342I422712,1,9,0,18,0,0,0,0,0,0,1,1,6,2,-1,-1,-1,-1,-1,-1
201342I422712,2,22,0,18,0,0,2,0,0,0,3,1,6,2,11,-1,-1,-1,7,1
201342I422811,1,9,0,18,0,0,0,0,7,4,1,1,2,2,5,2000,2,4,6,3
201342I422909,1,9,0,18,0,1,0,0,0,0,0,1,6,1,-1,-1,-1,-1,-1,-1
201342I422909,2,1,0,18,9,1,0,0,0,0,0,1,6,1,3,-1,-1,-1,8,2
201342I423012,1,9,0,18,0,0,0,0,0,0,1,1,6,2,4,-1,-1,-1,6,1
201342I423012,2,9,0,18,0,0,0,0,0,0,2,1,6,1,5,-1,-1,-1,5,1
201342I423012,3,9,0,18,0,0,0,0,0,0,2,1,6,1,9,-1,-1,-1,6,1
201342I423110,1,9,0,4,0,0,0,0,0,0,1,1,6,1,-1,1398,2,9,-1,-1
201342I423110,2,9,0,4,0,0,0,0,0,0,2,1,6,2,7,1598,1,11,-1,-1
201342I423210,1,9,0,18,0,0,0,0,0,0,1,1,6,2,5,1299,1,15,8,1
201342I423312,1,9,0,18,0,1,1,0,0,0,1,1,6,2,6,1998,2,10,10,1
201342I423312,2,19,0,18,0,8,1,0,0,0,2,1,6,1,6,1753,2,4,9,1
201342I423312,3,9,0,5,0,8,1,0,0,0,3,1,6,1,9,2457,1,3,9,2
201342I423608,1,9,0,18,0,0,0,0,0,0,1,1,6,2,4,1240,1,8,1,2
201342I423608,2,9,0,4,0,0,0,0,0,0,2,1,6,2,7,998,1,4,2,2
201342I423712,1,9,0,18,0,0,2,7,7,1,1,1,2,2,8,1388,1,4,9,1
201342I423812,1,9,0,18,0,0,0,0,0,0,1,1,6,2,8,1596,1,8,7,1
201342I423812,2,19,0,5,0,0,0,0,0,0,3,1,1,2,6,1248,2,-1,9,1
201342I423912,1,9,0,5,0,2,0,0,0,0,1,1,6,2,7,1399,2,1,-1,-1
201343N001023,1,19,0,4,0,0,0,0,0,0,1,1,3,1,11,-1,-1,-1,8,1
201343N001023,2,1,0,4,0,0,0,0,0,0,2,1,6,1,9,-1,-1,-1,10,1
201343N001043,1,19,0,7,0,8,0,0,0,0,3,1,6,1,9,2300,2,9,10,1
201343N001043,2,9,0,18,0,8,0,0,0,0,1,1,6,1,11,1124,1,12,7,2
201343N001053,1,5,0,16,0,1,1,0,0,0,1,1,6,1,6,-1,-1,-1,4,1
201343N001053,2,19,0,17,0,8,0,0,0,0,1,1,1,1,8,1399,2,3,6,1
201343N001073,1,9,0,13,0,1,0,0,0,0,4,1,6,1,6,1400,1,8,7,1
201343N001073,2,1,0,17,0,1,0,0,0,0,3,1,6,2,7,-1,-1,-1,8,1
201343N001083,1,19,0,7,0,6,0,0,0,0,1,1,1,1,7,2143,2,1,7,3
201343N001083,2,9,0,18,0,1,1,0,0,0,4,1,2,2,6,1598,1,13,10,1
201343N002013,1,9,0,14,0,1,0,0,0,0,1,1,2,2,6,1360,1,9,9,1
201343N002023,1,9,0,17,0,0,1,0,2,7,1,1,5,2,5,1199,1,9,8,1
201343N002033,1,20,0,18,0,0,0,0,0,0,1,1,6,3,-1,-1,-1,-1,-1,-1
201343N002033,2,9,0,18,0,0,2,0,0,0,2,1,6,2,5,-1,-1,-1,10,1
201343N002113,1,9,0,18,0,8,0,0,0,0,1,1,6,1,6,1998,1,9,9,1
201343N002123,1,8,0,18,0,0,0,0,5,6,3,1,6,1,7,1910,2,4,3,1
201343N003053,1,9,0,18,0,0,1,0,0,0,1,1,6,2,11,1600,1,15,8,1
201343N003053,2,9,0,4,0,0,0,0,0,0,2,1,3,1,7,1762,1,15,8,1
201343N003053,3,19,0,4,0,0,0,0,0,0,2,1,1,1,9,1248,2,1,-1,-1
201343N003093,1,9,0,9,0,8,0,0,0,0,1,1,6,1,10,998,1,15,8,2
201343N003093,2,9,0,5,0,8,0,0,0,0,1,1,6,2,7,2720,2,6,6,1
201343N003103,1,98,0,13,0,0,0,0,0,0,0,1,6,3,-1,-1,-1,-1,-1,-1
201343N003103,2,9,0,18,0,0,1,0,1,0,1,1,2,1,8,1679,1,14,-1,-1
201343N003103,3,19,0,18,0,0,1,0,3,0,3,1,1,1,6,-1,-1,-1,2,1
201343N003103,4,19,0,18,0,0,1,0,0,0,3,1,6,1,8,1995,2,5,7,1
201343N004043,1,9,0,18,0,4,0,0,3,2,1,1,6,2,10,1389,1,17,6,1
201343N004103,1,9,0,5,0,8,0,0,0,0,4,1,6,1,6,1389,1,8,7,1
201343N004103,2,3,0,5,0,8,0,0,0,0,1,1,6,1,7,125,1,3,7,1
201343N004113,1,9,0,18,0,0,0,0,0,0,0,1,6,1,5,2495,2,16,-1,-1
201343N004113,2,16,0,18,0,0,0,0,0,0,0,1,6,2,4,-1,-1,-1,2,1
201343N005023,1,9,0,18,0,0,0,0,0,0,4,1,5,1,7,2976,1,10,10,1
201343N005043,1,9,0,18,0,4,0,0,0,0,1,1,6,1,9,1896,2,6,10,1
201343N005043,2,2,0,18,0,4,0,0,0,0,2,1,6,1,5,49,1,11,-1,-1
201343N005053,1,9,0,5,0,1,0,0,0,0,1,1,6,2,8,2685,2,12,10,3
201343N005053,2,1,0,18,0,8,0,0,0,0,4,1,6,1,3,-1,-1,-1,3,1
201343N005053,3,11,0,10,0,1,0,0,0,0,0,1,6,3,-1,-1,-1,-1,-1,-1
201343N005083,1,19,0,18,0,8,1,0,0,0,1,1,1,1,8,1248,2,3,10,1
201343N005083,2,9,0,18,0,8,0,0,0,0,3,1,6,2,8,1582,2,4,8,1
201343N005083,3,9,0,18,0,8,0,0,1,0,3,1,1,2,8,1968,2,-1,6,2
201343N005113,1,9,0,9,0,6,0,0,0,0,1,1,6,2,5,1390,1,7,9,1
201343N005113,2,9,0,18,0,1,0,0,0,0,1,1,6,2,8,1598,1,9,8,1
201343N006013,1,9,0,18,0,0,0,0,0,0,0,1,5,2,11,1240,1,4,6,2
201343N006013,2,9,0,15,0,0,0,0,0,0,0,1,5,1,8,2993,2,-1,10,1
201343N006043,1,8,0,10,0,1,0,0,0,0,2,1,1,3,9,1796,1,8,10,1
201343N006043,2,19,0,18,0,1,0,0,0,0,2,1,1,1,-1,2298,2,2,-1,-1
201343N006043,3,9,0,18,0,1,1,0,0,0,1,1,2,1,6,1598,1,13,4,1
201343N006083,1,9,0,18,0,0,0,0,0,0,1,1,2,2,5,1390,1,1,8,1
201343N006083,2,9,0,4,0,0,0,0,5,6,2,1,6,2,4,1149,1,6,4,1
201343N007073,1,4,0,18,0,0,1,0,0,0,4,1,6,1,5,748,1,1,10,1
201343N007093,1,5,0,17,0,2,0,10,1,11,4,1,6,1,6,599,1,9,2,1
201343N007113,1,9,0,17,0,0,0,0,1,4,3,1,6,1,6,2496,2,12,8,3
201343N008013,1,9,0,17,0,0,5,0,1,9,1,1,5,1,11,-1,-1,-1,10,1
201343N008083,1,9,0,14,0,1,1,0,0,0,1,1,6,2,5,1796,1,8,10,2
201343N008083,2,9,0,18,0,1,0,10,1,0,3,1,6,1,8,-1,-1,-1,10,2
201343N008093,1,9,0,17,0,0,0,0,0,0,3,1,6,1,-1,-1,-1,-1,-1,-1
201343N008093,2,9,0,16,0,0,0,0,0,0,3,1,6,1,6,1998,1,11,8,3
201343N008113,1,9,0,18,0,1,0,0,0,0,1,1,6,2,7,1896,2,4,9,2
201343N008113,2,9,0,18,0,1,0,0,0,0,2,1,6,2,7,1560,2,-1,10,1
201343N008113,3,9,0,9,0,1,0,0,0,0,0,1,6,2,8,1753,2,7,4,1
201343N009013,1,5,0,17,0,2,0,10,1,0,1,1,5,1,8,749,1,6,8,2
201343N009063,1,9,0,3,0,0,0,0,0,0,1,1,6,1,8,998,1,1,3,1
201343N009063,2,9,0,3,0,0,0,0,0,0,2,1,6,1,4,1360,1,9,10,3
201343N009063,3,9,0,3,0,0,0,0,0,0,2,1,6,1,6,1396,1,13,3,1
201343N009083,1,9,0,17,0,0,0,0,0,0,1,1,6,1,8,-1,-1,-1,5,1
201343N009083,2,9,0,17,0,0,0,0,0,0,2,1,6,1,8,1997,1,16,6,3
201343N009113,1,9,0,1,0,0,0,0,0,0,3,1,6,1,7,1596,1,13,10,1
201343N009113,2,9,0,17,0,0,1,0,0,0,1,1,6,1,5,2393,1,9,-1,-1
201343N010043,1,5,0,18,0,1,1,0,1,7,1,1,6,1,4,599,1,4,6,1
201343N010073,1,9,0,9,0,8,1,0,7,0,1,1,6,2,6,1896,2,4,10,1
201343N010073,2,9,0,18,0,1,0,0,0,0,1,1,1,1,7,-1,-1,-1,8,3
201343N010083,1,9,0,18,0,2,0,0,0,0,0,1,6,3,-1,1242,1,13,-1,-1
201343N010093,1,9,0,4,0,1,0,0,7,0,1,1,1,2,6,1896,2,10,4,1
201343N010113,1,9,0,12,0,0,0,0,0,0,1,1,6,2,7,1900,2,8,9,1
201343N010113,2,9,0,14,0,0,0,0,0,0,4,1,6,1,6,2792,1,29,4,1
201343N010123,1,21,0,11,0,0,0,0,0,0,4,1,1,1,8,12900,2,1,5,3
201343N010123,2,9,0,18,0,0,1,0,0,0,3,1,2,2,7,1995,1,10,10,1
201343N010123,3,9,0,18,0,0,0,0,0,0,1,1,6,1,11,2497,1,7,-1,-1
201343N011013,1,9,0,7,0,8,0,0,0,0,1,1,5,1,6,3200,2,11,9,3
201343N011013,2,9,0,9,0,8,0,0,0,2,4,1,5,1,6,1390,1,4,3,1
201343N011033,1,9,0,3,0,0,0,0,0,0,2,1,6,2,6,1910,2,7,4,1
201343N011033,2,9,0,18,0,0,1,0,0,0,1,1,6,1,6,2993,2,5,9,1
201343N011093,1,5,0,18,0,1,1,0,7,0,0,1,6,1,11,1170,1,11,8,3
201343N011093,2,9,0,4,0,1,0,0,0,0,0,1,6,3,-1,-1,-1,-1,-1,-1