Accident_Index,Vehicle_Reference,Vehicle_Type,Towing_and_Articulation,Vehicle_Manoeuvre,Vehicle_Location-Restricted_Lane,Junction_Location,Skidding_and_Overturning,Hit_Object_in_Carriageway,Vehicle_Leaving_Carriageway,Hit_Object_off_Carriageway,1st_Point_of_Impact,Was_Vehicle_Left_Hand_Drive?,Journey_Purpose_of_Driver,Sex_of_Driver,Age_Band_of_Driver,Engine_Capacity_(CC),Propulsion_Code,Age_of_Vehicle,Driver_IMD_Decile,Driver_Home_Area_Type
201343N011103,1,19,0,16,0,0,0,0,0,0,4,1,6,3,-1,-1,-1,-1,-1,-1
201343N012043,1,9,0,3,0,0,0,0,0,0,4,1,6,1,9,4164,2,12,9,3
201343N012103,1,9,0,9,0,8,0,0,0,0,4,1,6,2,-1,-1,-1,-1,5,1
201343N012103,2,9,0,18,0,8,0,0,0,0,1,1,6,2,6,1995,2,3,9,3
201343N013013,1,9,0,4,0,1,0,0,0,0,1,1,1,1,7,1600,1,15,4,1
201343N013013,2,9,0,4,0,1,0,0,0,0,2,1,5,2,5,998,1,14,2,1
201343N013033,1,1,0,4,0,1,0,0,0,0,1,1,6,1,8,-1,-1,-1,2,1
201343N013033,2,9,0,4,0,1,0,0,0,0,2,1,6,2,7,1896,2,8,10,3
201343N013113,1,9,0,7,0,6,0,0,0,0,3,1,1,2,6,1389,1,16,9,1
201343N013113,2,9,0,18,0,8,0,0,0,0,1,1,1,1,8,-1,-1,-1,8,1
201343N014013,1,9,0,7,0,3,0,0,0,0,1,1,5,3,-1,-1,-1,-1,-1,-1
201343N014023,1,9,0,17,0,1,1,0,8,3,1,1,1,1,6,1686,2,7,6,1
201343N014073,1,9,0,4,0,1,0,0,0,0,1,1,6,2,7,1598,1,8,10,2
201343N014073,2,9,0,4,0,1,1,0,0,0,2,1,6,2,9,1461,2,3,8,3
201343N014073,3,9,0,4,0,1,0,0,0,0,2,1,6,1,9,2149,2,6,10,1
201343N014073,4,9,0,10,0,1,0,0,0,0,2,1,6,1,10,2401,2,7,7,3
201343N014083,1,5,0,18,0,0,1,0,1,7,4,1,6,1,8,1050,1,6,8,1
201343N015013,1,9,0,18,0,0,0,0,0,0,1,1,2,1,6,-1,-1,-1,4,1
201343N015013,2,9,0,18,0,0,0,0,0,0,1,1,2,1,7,1248,1,4,8,1
201343N015013,3,9,0,13,0,0,0,0,0,0,0,1,6,3,-1,-1,-1,-1,-1,-1
201343N015033,1,9,0,18,0,0,0,0,0,0,1,1,6,1,6,1242,1,16,8,1
201343N015033,2,9,0,3,0,0,0,0,0,0,2,1,6,2,9,1398,1,2,3,1
201343N015063,1,19,0,18,0,0,0,0,0,0,1,1,1,1,5,2143,2,-1,-1,2
201343N015063,2,21,1,3,0,0,0,0,0,0,2,1,1,1,8,11705,2,4,-1,-1
201343N015073,1,1,0,18,0,0,0,0,0,0,3,1,6,1,3,-1,-1,-1,6,1
201343N015073,2,9,0,5,0,0,0,0,0,0,1,1,6,1,8,998,1,3,5,1
201343N016013,1,9,0,18,0,0,0,0,0,0,3,1,5,2,6,2397,1,13,1,1
201343N016013,2,9,0,18,0,0,0,0,0,0,3,1,5,1,8,-1,-1,-1,10,3
201343N016013,3,9,0,18,0,0,0,0,0,0,3,1,5,2,7,1984,1,6,10,3
201343N016063,1,9,0,4,0,6,0,0,0,0,2,1,6,1,-1,1798,1,10,4,1
201343N016063,2,9,0,18,0,6,0,0,0,0,1,1,6,2,6,1560,2,-1,7,1
201343N016093,1,9,0,7,0,1,0,0,0,0,1,1,6,3,-1,-1,-1,-1,-1,-1
201343N016093,2,1,0,18,0,1,0,0,0,0,3,1,6,1,9,-1,-1,-1,3,1
201343N017053,1,9,0,9,0,6,0,0,0,0,1,1,6,2,4,1390,1,10,10,1
201343N017053,2,9,0,18,0,1,0,0,0,0,3,1,6,1,10,-1,-1,-1,6,3
201343N017053,3,9,0,10,0,2,0,0,0,0,1,1,6,1,9,3996,1,15,7,3
201343N017073,1,9,0,18,0,1,1,0,3,1,1,1,6,1,11,1968,2,2,9,1
201343N017083,1,9,0,7,0,3,0,0,0,0,0,1,6,2,10,1560,2,3,9,1
201343N017113,1,9,0,18,0,0,2,10,1,9,1,1,6,1,7,1199,2,2,10,1
201343N018053,1,9,0,18,0,0,0,0,0,0,0,1,6,2,5,-1,-1,-1,8,2
201343N018053,2,9,0,3,0,0,0,0,0,0,2,1,6,1,7,1975,1,8,10,1
201343N018053,3,9,0,3,0,0,0,0,0,0,2,1,6,2,7,1598,1,7,10,1
201343N018053,4,9,0,18,0,0,0,0,0,0,1,1,6,2,5,-1,-1,-1,-1,-1
201343N018073,1,9,0,14,0,1,0,0,0,0,1,1,1,1,7,1598,2,1,10,1
201343N018073,2,9,0,9,0,8,0,0,7,0,3,1,2,2,7,1598,2,1,5,1
201343N018083,1,9,0,9,0,8,1,0,1,9,1,1,6,2,4,1388,1,10,9,2
201343N018103,1,9,0,18,0,1,1,0,0,0,4,1,6,2,10,-1,-1,-1,9,1
201343N018123,1,9,0,18,0,0,0,0,0,0,4,1,6,3,-1,-1,-1,-1,-1,-1
201343N019023,1,9,0,18,0,0,0,0,0,0,1,1,5,2,11,1999,1,1,8,2
201343N019023,2,9,0,2,0,0,0,0,0,0,1,1,5,3,-1,1910,2,8,-1,-1
201343N019023,3,9,0,2,0,0,0,0,0,0,3,1,5,3,-1,1598,1,9,-1,-1
201343N019023,4,9,0,2,0,0,0,0,0,0,3,1,5,3,-1,1968,2,9,-1,-1
201343N019023,5,9,0,2,0,0,0,0,0,0,3,1,5,3,-1,1360,1,10,-1,-1
201343N019033,1,9,0,18,0,4,0,0,0,0,1,1,6,1,-1,1968,2,1,7,1
201343N019033,2,9,0,3,0,4,0,0,0,0,2,1,6,2,6,973,1,14,7,1
201343N019043,1,9,0,9,0,6,0,0,0,0,3,1,6,2,7,1995,2,1,10,1
201343N019043,2,9,0,18,0,1,0,0,0,0,4,1,6,2,4,998,1,2,10,1
201343N019093,1,19,0,18,0,1,0,0,0,0,1,1,6,1,8,1995,2,2,-1,-1
201343N019093,2,9,0,3,0,1,0,0,0,0,2,1,6,2,7,1396,1,10,9,2
201343N020043,1,11,0,18,0,0,0,0,0,0,4,1,1,3,-1,-1,-1,-1,-1,-1
201343N020093,1,9,0,9,0,6,0,0,0,0,2,1,6,1,4,-1,-1,-1,-1,-1
201343N020093,2,1,0,18,0,8,0,0,0,0,1,1,6,1,7,-1,-1,-1,9,1
201343N021013,1,9,0,17,0,0,0,0,1,1,1,1,5,1,10,1995,1,2,10,3
201343N021093,1,9,0,9,0,1,0,0,0,0,3,1,1,1,7,4999,1,-1,9,3
201343N021093,2,9,0,18,0,1,0,0,0,0,1,1,6,2,7,1997,2,5,7,1
201343N021103,1,9,0,5,0,1,0,0,0,0,4,1,6,1,8,-1,-1,-1,-1,-1
201343N021103,2,2,0,5,0,1,0,0,0,0,3,1,6,1,8,-1,-1,-1,6,1
201343N022023,1,9,0,1,0,4,0,0,0,0,2,1,5,2,6,1248,2,1,-1,-1
201343N022023,2,9,0,1,0,4,0,0,0,0,1,1,5,1,6,1998,2,11,7,1
201343N022033,1,9,0,16,0,1,0,0,0,0,1,1,6,1,5,1796,1,4,9,3
201343N022033,2,9,0,9,0,1,0,0,0,0,2,1,6,1,8,1596,1,5,9,3
201343N022053,1,5,0,13,0,1,0,0,0,0,1,1,6,1,9,-1,-1,-1,9,1
201343N022053,2,8,0,9,0,5,0,0,0,0,2,1,6,2,6,-1,-1,-1,10,3
201343N022063,1,9,0,5,0,0,0,0,0,0,1,1,6,2,9,1956,2,-1,6,1
201343N022083,1,9,0,18,0,0,0,0,0,0,1,1,6,1,8,1968,1,6,9,3
201343N022083,2,9,0,4,0,0,0,0,0,0,2,1,6,2,8,1956,2,4,7,3
201343N022123,1,19,0,5,0,8,0,0,0,0,3,1,1,1,5,2198,2,1,9,1
201343N023013,1,9,0,17,0,0,1,0,1,11,1,1,5,2,6,1396,1,10,9,2
201343N023053,1,9,0,18,0,2,0,0,0,0,1,1,6,3,-1,-1,-1,-1,-1,-1
201343N024023,1,9,0,18,0,0,0,0,1,4,1,1,2,2,5,998,1,15,8,3
201343N024033,1,9,0,1,8,0,0,0,0,0,2,1,6,2,7,1796,1,9,5,1
201343N024073,1,9,0,18,0,0,0,0,0,0,1,1,6,3,-1,1297,1,24,-1,-1
201343N024073,2,9,0,4,0,0,0,0,0,0,2,1,6,2,7,1198,1,-1,9,1
201343N024083,1,1,0,18,0,1,0,0,0,0,0,1,6,1,7,-1,-1,-1,4,1
201343N024083,2,9,0,18,0,1,0,0,0,0,0,1,6,2,-1,-1,-1,-1,-1,-1
201343N024103,1,9,0,18,0,0,0,10,1,9,1,1,6,1,5,1587,1,12,4,1
201343N024103,2,21,0,3,0,0,0,0,0,0,2,1,6,1,7,12740,2,2,4,1
201343N024103,3,21,1,18,0,0,0,0,0,0,0,1,6,3,-1,-1,-1,-1,-1,-1
201343N024123,1,9,0,18,0,0,0,0,7,11,1,1,6,2,11,1388,1,8,10,1
201343N024123,2,9,0,18,0,0,0,0,0,0,1,1,6,1,8,2184,2,2,10,1
201343N024123,3,9,0,18,0,0,0,0,0,0,1,1,6,1,8,1560,2,2,7,1
201343N025043,1,9,0,9,7,0,0,0,0,0,1,1,6,1,7,3189,1,6,10,2
201343N025043,2,9,0,17,0,0,0,0,0,0,4,1,6,2,6,3246,1,8,10,1
201343N025063,1,20,0,1,0,6,0,0,0,0,2,1,1,1,7,12130,2,9,8,1
201343N025063,2,9,0,18,0,1,0,0,0,0,4,1,2,2,7,1991,2,7,8,1
201343N025123,1,9,0,7,0,6,0,0,0,0,1,1,1,1,8,-1,-1,-1,-1,-1
201343N025123,2,1,0,18,0,8,0,0,0,0,4,1,1,2,8,-1,-1,-1,10,1
201343N026013,1,19,0,14,0,0,0,0,0,0,1,1,1,1,6,2402,2,10,5,1
201343N026013,2,3,0,18,0,0,0,0,0,0,1,1,5,2,4,-1,-1,-1,4,1
201343N026043,1,5,0,16,0,0,1,0,0,0,3,1,2,1,8,499,1,9,8,1
201343N026123,1,9,0,7,0,5,2,0,7,4,3,1,6,2,6,1149,1,2,9,1
201343N027013,1,9,0,18,0,0,0,0,0,0,1,1,5,2,5,1299,1,7,8,3
201343N027013,2,19,0,18,0,0,0,0,0,0,2,1,5,1,-1,-1,-1,-1,-1,-1
201343N027053,1,9,0,5,0,0,0,0,0,0,1,1,6,1,7,2496,1,7,8,1
201343N027053,2,9,0,3,0,0,0,0,0,0,2,1,6,2,6,1242,1,2,7,1
201343N027103,1,1,0,18,9,0,0,0,0,0,1,1,6,1,-1,-1,-1,-1,-1,-1
201343N028033,1,19,0,18,0,0,0,0,0,0,1,1,6,1,6,2143,2,3,3,1
201343N028033,2,21,1,2,0,0,0,0,0,0,2,1,6,1,8,10837,2,2,6,1
201343N028063,1,19,0,4,0,1,0,0,0,0,1,1,6,1,6,2402,2,6,-1,-1
201343N028063,2,9,0,3,0,1,0,0,0,0,2,1,6,2,5,1360,1,10,6,1
201343N028083,1,9,0,17,0,0,1,0,8,4,1,1,1,1,5,2996,2,14,9,1
201343N028123,1,9,0,9,0,5,0,0,0,0,4,1,2,2,7,1229,1,-1,9,2
201343N028123,2,1,0,18,0,1,0,0,0,0,1,1,2,1,7,-1,-1,-1,10,1
201343N028123,3,9,0,13,0,2,0,0,0,0,0,1,6,3,-1,-1,-1,-1,-1,-1
201343N029013,1,9,0,18,0,0,1,0,4,6,1,1,5,2,5,1388,1,4,3,1
201343N029103,1,5,0,16,0,0,1,0,0,0,4,1,6,1,6,1050,1,7,9,2
201343N030013,1,9,0,4,0,0,0,0,1,9,1,1,5,1,5,1895,1,12,6,1
201343N030013,2,9,0,4,0,0,0,0,0,0,3,1,5,1,7,1399,2,4,9,1
201343N030013,3,9,0,4,0,0,0,0,0,0,3,1,5,1,5,1596,1,8,5,1
201343N030013,4,9,0,4,0,0,0,0,0,0,3,1,5,1,6,1461,2,4,6,1
201343N030023,1,21,0,18,0,0,1,0,0,0,1,1,5,1,8,4580,2,9,5,1
201343N030023,2,9,0,4,0,0,0,0,0,0,2,1,5,2,6,1598,1,10,8,2
201343N030023,3,9,0,4,0,0,0,0,0,0,2,1,5,1,7,1998,1,11,9,1
201343N030063,1,9,0,18,0,0,0,0,0,0,1,1,6,1,7,1995,2,13,2,1
201343N030063,2,9,0,3,0,0,0,0,0,0,2,1,6,1,10,1997,2,5,4,3
201343N030093,1,9,0,17,0,1,0,0,0,0,1,1,6,1,-1,-1,-1,-1,-1,-1
201343N030093,2,1,0,18,0,1,0,0,0,0,1,1,6,2,9,-1,-1,-1,6,1
201343N030103,1,19,0,18,0,8,0,0,0,0,1,1,1,1,5,1968,2,1,4,1
201343N030103,2,9,0,8,0,8,0,0,0,0,2,1,6,2,8,1199,1,12,8,1
201343N030113,1,9,0,18,0,0,0,0,0,0,0,1,6,3,-1,-1,-1,-1,-1,-1
201343N030113,2,4,0,18,0,0,0,0,0,0,0,1,1,1,6,-1,-1,-1,-1,-1
201343N030123,1,9,0,18,0,0,0,0,0,0,1,1,6,2,10,-1,-1,-1,9,2
201343N030123,2,9,0,3,0,0,0,0,0,0,2,1,6,1,6,-1,-1,-1,9,1
201343N031083,1,5,0,13,0,0,1,0,7,9,3,1,6,2,7,1079,1,-1,9,1
201343N031083,2,9,0,17,0,0,0,0,0,0,3,1,6,1,8,1560,2,1,1,1
201343N031123,1,21,1,11,0,0,0,0,0,0,4,1,1,1,9,12900,2,5,1,1
201343N031123,2,9,0,18,0,0,1,0,4,0,3,1,6,1,8,1896,2,19,6,1
201343N031123,3,9,0,18,0,0,1,0,4,0,4,1,6,1,8,1798,1,9,3,1
201343N032023,1,9,0,18,0,0,0,0,0,0,1,1,1,1,7,2401,2,8,10,3
201343N032023,2,9,0,3,0,0,0,0,0,0,2,1,1,1,9,1560,2,3,10,1
201343N032023,3,9,0,3,0,0,0,0,0,0,2,1,1,1,8,-1,-1,-1,4,1
201343N032023,4,9,0,3,0,0,0,0,0,0,2,1,5,1,7,1896,2,7,10,2
201343N032043,1,19,0,18,0,0,0,2,0,0,1,1,1,3,-1,-1,-1,-1,-1,-1
201343N032063,1,9,0,9,0,6,0,0,0,0,1,1,6,1,10,973,1,10,10,3
201343N032123,1,21,0,18,0,8,0,0,0,0,4,1,1,1,7,4461,2,5,3,1
201343N032123,2,5,0,18,0,8,1,0,0,0,3,1,6,1,6,-1,-1,-1,8,1
201343N033013,1,21,1,18,0,0,0,0,0,0,0,1,1,1,6,4580,2,14,-1,-1
201343N033013,2,19,0,18,0,0,2,0,0,0,3,1,1,1,5,2151,2,10,4,1
201343N033033,1,9,0,2,6,0,0,0,0,0,0,1,6,2,7,1995,2,5,8,2
201343N033033,2,1,0,17,0,0,0,8,0,0,3,1,6,1,8,-1,-1,-1,8,1
201343N033053,1,9,0,13,0,0,0,0,0,0,1,1,6,3,-1,-1,-1,-1,-1,-1
201343N033053,2,3,0,4,7,0,0,0,0,0,2,1,6,1,4,-1,-1,-1,6,1
201343N033053,3,9,0,4,7,0,0,0,0,0,3,1,6,1,4,1242,1,5,10,1
201343N033123,1,9,0,1,9,8,0,0,0,0,3,1,6,2,7,-1,-1,-1,-1,-1
201343N034023,1,9,0,9,0,5,0,0,0,0,3,1,2,1,6,1560,2,8,7,1
201343N034023,2,2,0,4,0,1,0,0,0,0,1,1,1,1,5,49,1,2,7,1
201343N034063,1,9,0,9,0,5,0,0,0,0,1,1,6,1,9,1799,1,5,10,1
201343N034063,2,9,0,18,0,1,0,0,0,0,1,1,6,2,6,1124,1,13,9,1
201343N034083,1,19,0,7,0,4,0,9,3,1,1,1,1,1,6,2402,2,2,6,1
201343N034103,1,19,0,18,0,0,0,0,0,0,1,1,6,1,-1,1753,2,9,-1,-1
201343N034103,2,9,0,18,0,0,0,0,0,0,2,1,6,1,8,1360,1,12,3,1
201343N034113,1,19,0,9,0,1,0,0,0,0,4,1,6,1,7,1998,2,11,6,1
201343N034113,2,3,0,18,0,1,0,0,0,0,1,1,6,1,4,124,1,8,4,1
201343N035023,1,9,0,8,0,1,0,0,0,0,0,1,5,2,5,-1,-1,-1,8,1
201343N035023,2,9,0,8,0,1,0,0,0,0,0,1,5,1,6,1248,2,2,8,1
201343N035023,3,9,0,3,0,1,0,0,0,0,2,1,5,1,6,-1,-1,-1,2,1
201343N035023,4,9,0,4,0,1,0,0,0,0,1,1,5,2,6,1598,1,5,10,1
201343N035043,1,9,0,18,0,1,0,0,0,0,1,1,6,2,9,1968,2,3,8,3
201343N035043,2,9,0,3,0,1,0,0,0,0,2,1,6,1,6,2179,2,4,6,1
201343N035043,3,9,0,10,0,1,0,0,0,0,1,1,6,1,9,1968,2,1,-1,-1
201343N035053,1,19,0,18,0,4,0,0,0,0,3,1,6,1,8,2198,2,2,8,1
201343N035053,2,9,0,9,0,8,0,0,7,0,4,1,6,2,10,799,2,3,6,1
201343N035083,1,9,0,18,0,8,0,0,0,0,1,1,6,3,-1,-1,-1,-1,-1,-1
201343N035083,2,1,0,18,9,8,0,0,0,0,4,1,6,1,4,-1,-1,-1,7,2
201343N036013,1,9,0,3,0,1,0,0,0,0,1,1,5,2,9,1798,1,5,10,1
201343N036013,2,9,0,3,0,1,0,0,0,0,2,1,5,1,6,1910,2,3,2,1
201343N036023,1,19,0,18,0,0,0,0,0,0,4,1,1,1,7,2198,2,3,4,1
201343N036063,1,21,0,12,0,0,0,0,0,0,1,1,1,1,7,-1,-1,-1,-1,-1
201343N036063,2,9,0,13,0,0,0,0,1,7,4,1,6,1,8,1248,2,4,9,1
201343N036073,1,5,0,13,0,0,1,0,7,3,4,1,6,1,6,636,1,8,3,1
201343N036073,2,9,0,13,0,0,0,0,0,0,3,1,6,1,7,-1,-1,-1,7,1
201343N036073,3,90,0,18,0,0,0,0,0,0,0,1,6,3,-1,-1,-1,-1,-1,-1
201343N036083,1,9,0,16,0,0,1,0,1,4,1,1,2,2,6,1248,2,9,10,3
201343N036113,1,9,0,18,0,0,1,0,7,0,1,1,1,2,5,-1,-1,-1,8,2
201343N037043,1,9,0,18,0,0,1,0,5,6,1,1,6,1,5,1999,1,6,10,1
201343N037053,1,9,0,18,0,1,0,0,0,0,0,1,6,3,-1,-1,-1,-1,-1,-1
201343N037053,2,16,0,18,0,1,0,0,0,0,0,1,6,2,4,-1,-1,-1,7,1
201343N037063,1,9,0,18,0,8,0,0,0,0,1,1,6,2,6,1686,2,3,4,2
201343N037063,2,9,0,18,0,8,0,0,0,0,3,1,6,2,8,2993,2,2,8,1
201343N037083,1,5,0,18,0,0,1,0,1,11,1,1,6,1,6,-1,-1,-1,4,1
201343N037113,1,9,0,18,0,1,0,0,0,0,1,1,6,1,7,1796,1,13,5,1
201343N038013,1,9,0,3,0,2,0,0,0,0,1,1,5,1,7,1199,1,12,5,1
201343N038013,2,1,0,18,0,1,0,0,0,0,4,1,5,1,7,-1,-1,-1,9,3
201343N038023,1,9,0,9,0,6,1,0,0,0,3,1,5,3,-1,-1,-1,-1,-1,-1
201343N038023,2,9,0,18,0,1,0,0,0,0,1,1,5,1,8,-1,-1,-1,5,1
201343N038043,1,9,0,18,0,0,1,0,0,0,4,1,6,1,7,1892,2,15,8,1
201343N038043,2,9,0,18,0,0,1,0,0,0,3,1,6,1,5,1242,1,12,10,2
201343N038043,3,21,2,18,0,0,0,0,6,6,3,1,6,1,8,11705,2,6,1,1
201343N038073,1,9,0,18,0,4,0,0,1,0,1,1,6,2,5,1595,1,5,9,3
201343N038073,2,9,0,9,0,4,0,0,0,0,4,1,6,1,4,998,1,7,10,3
201343N038093,1,5,0,18,0,0,1,0,0,0,4,1,6,2,8,998,1,6,2,1
201343N038103,1,9,0,18,0,0,1,0,0,0,4,1,6,2,11,1797,8,1,9,1
201343N038113,1,9,0,4,0,0,0,0,0,0,1,1,6,2,7,-1,-1,-1,5,1
201343N038113,2,9,0,4,0,0,0,0,0,0,2,1,6,2,5,899,1,-1,7,1
201343N039033,1,21,0,18,0,1,0,0,0,0,1,1,6,1,7,-1,-1,-1,-1,-1
201343N039033,2,9,0,3,0,1,0,0,0,0,2,1,6,1,11,995,1,1,7,2
201343N040013,1,9,0,18,0,1,0,0,0,0,4,1,5,2,5,2000,1,7,-1,-1
201343N040013,2,9,0,18,0,1,0,0,0,0,3,1,5,1,6,998,1,23,5,1
201343N040053,1,9,0,13,0,1,0,0,0,0,1,1,6,1,-1,1994,1,14,-1,-1
201343N040053,2,9,0,9,7,1,0,0,0,0,1,1,6,1,6,1686,2,1,3,1
201343N040073,1,9,0,13,0,0,0,0,0,0,4,1,2,1,7,1968,2,7,5,1
201343N040073,2,9,0,18,0,0,0,0,0,0,3,1,2,1,8,2184,2,9,10,3
201343N040083,1,9,0,9,0,8,0,0,0,0,3,1,6,2,6,1968,2,4,9,1
201343N040083,2,9,0,18,0,8,0,0,0,0,1,1,6,1,4,1242,1,11,10,3
201343N040123,1,1,0,18,0,0,0,10,0,0,1,1,2,1,8,-1,-1,-1,8,2
201343N041053,1,9,0,18,0,1,0,0,0,0,1,1,6,3,-1,1595,1,4,-1,-1
201343N041053,2,9,0,3,0,1,0,0,0,0,2,1,6,1,6,1995,2,7,3,1
201343N041083,1,11,0,18,0,0,0,0,0,0,0,1,1,1,-1,-1,-1,-1,-1,-1
201343N041123,1,9,0,5,0,0,0,0,0,0,4,1,6,1,10,2993,2,9,9,2
201343N041123,2,9,0,18,0,0,0,0,0,0,1,1,6,2,8,-1,-1,-1,10,3
201343N042013,1,9,0,9,0,8,0,0,0,0,1,1,1,1,7,1396,1,3,5,2
201343N042013,2,9,0,18,0,1,0,0,0,0,1,1,1,1,7,1997,2,4,3,1
201343N042093,1,4,0,5,0,6,0,0,0,0,4,1,6,1,8,1200,1,22,9,2
201343N042093,2,3,0,18,0,1,0,0,0,0,1,1,6,1,7,49,1,2,3,1
201343N042113,1,3,0,18,0,0,0,0,0,0,1,1,6,1,4,-1,-1,-1,9,3
201343N042113,2,9,0,18,0,0,0,0,0,0,2,1,6,1,7,-1,-1,-1,9,1
201343N043113,1,9,0,9,0,5,0,0,0,0,4,1,6,1,6,-1,-1,-1,10,1
201343N043113,2,9,0,18,0,1,0,0,0,0,1,1,6,1,10,1956,2,1,10,2
201343N044093,1,9,0,18,0,0,5,0,7,4,0,1,6,1,8,1560,2,2,7,3
201343N044113,1,19,0,18,0,0,0,0,0,0,1,1,1,1,8,1560,2,1,10,1
201343N044113,2,9,0,4,0,0,0,0,0,0,2,1,6,1,8,1895,1,13,4,1
201343N045093,1,9,0,16,0,0,1,0,0,0,1,1,1,1,7,1598,1,5,10,1
201343N045093,2,9,0,17,0,0,0,0,0,0,1,1,1,1,6,1796,1,13,3,1
201343N045093,3,1,0,16,0,0,0,0,0,0,0,1,6,2,5,-1,-1,-1,10,1
201343N045113,1,9,0,18,0,0,1,0,7,10,1,1,6,1,7,1299,1,12,10,1
201343N046093,1,9,0,18,0,0,0,0,0,0,1,1,6,1,8,1997,2,6,10,1
201343N046093,2,21,0,18,0,0,0,0,0,0,2,1,6,1,8,-1,-1,-1,3,1
201343N048073,1,9,0,18,0,0,0,0,1,9,1,1,6,1,8,3600,1,23,7,3
201343N048123,1,9,0,18,0,0,1,0,2,7,1,1,6,1,5,2000,1,9,10,1
201343N048123,2,9,0,18,0,0,1,0,0,0,2,1,6,1,9,1598,1,10,10,1
201343N049063,1,9,0,9,0,8,0,0,0,0,3,1,6,2,7,2488,7,10,6,1
201343N049063,2,5,0,18,0,8,1,0,0,0,1,1,6,1,8,1157,1,17,2,1
201343N050023,1,9,0,9,0,6,0,0,0,0,1,1,5,1,10,-1,-1,-1,6,1
201343N050033,1,9,0,18,0,0,2,0,7,9,0,1,6,2,4,998,1,-1,10,2
201343N050123,1,9,0,9,0,6,0,0,0,0,2,1,6,2,4,1349,1,-1,7,3
201343N050123,2,9,0,18,0,1,1,0,0,0,1,1,6,1,8,-1,-1,-1,6,3
201343N051013,1,9,0,9,0,5,1,0,0,0,4,1,5,1,6,-1,-1,-1,5,1
201343N051013,2,8,0,18,0,2,1,0,0,0,1,1,5,1,6,1910,2,8,6,1
201343N051023,1,9,0,3,0,1,0,0,0,0,2,1,5,2,8,1396,1,12,-1,-1
201343N051023,2,9,0,4,0,1,1,0,1,1,1,1,5,1,5,1598,1,8,-1,-1
201343N051033,1,9,0,18,0,1,0,0,0,0,1,1,6,1,11,998,1,1,6,1
201343N051033,2,9,0,9,0,1,0,0,0,0,2,1,6,1,8,2143,2,1,8,3
201343N051053,1,9,0,18,0,0,0,0,0,0,4,1,1,1,8,-1,-1,-1,3,1
201343N051053,2,1,0,18,0,0,0,0,0,0,2,1,6,1,4,-1,-1,-1,6,1
201343N051073,1,9,0,18,0,0,0,0,0,0,1,1,6,2,5,1598,1,1,9,3
201343N051073,2,9,0,18,0,0,0,0,0,0,2,1,6,1,7,2148,2,4,10,1
201343N051073,3,9,0,18,0,0,0,0,0,0,2,1,6,2,5,1598,1,9,10,2
201343N051123,1,9,0,12,0,0,0,0,0,0,0,1,1,1,7,1998,1,9,8,1
201343N051123,2,9,0,12,0,0,1,0,6,3,2,1,6,1,7,1390,1,13,-1,-1
201343N052023,1,9,0,16,0,1,0,0,7,11,1,1,5,1,11,1560,2,8,7,1
201343N052033,1,9,0,7,0,6,0,0,0,0,1,1,1,2,7,1598,1,7,5,1
201343N052033,2,9,0,18,0,1,0,0,0,0,4,1,1,2,9,1461,2,8,7,1
201343N052053,1,9,0,6,0,8,0,0,0,0,2,1,6,1,6,2969,2,7,3,1
201343N052053,2,5,0,13,0,1,0,0,0,0,1,1,6,1,9,1062,1,19,7,2
201343N052063,1,2,0,9,0,6,0,0,0,0,1,1,6,2,7,49,1,6,7,1
201343N052063,2,9,0,18,0,8,0,0,0,0,3,1,6,1,6,1998,1,5,9,2
201343N052073,1,9,3,18,0,0,4,0,4,6,3,1,6,1,10,1896,2,7,2,1
201343N052073,2,98,0,18,0,0,0,0,0,0,0,1,6,3,-1,-1,-1,-1,-1,-1
201343N052103,1,9,0,18,0,0,0,0,0,0,4,1,6,2,-1,1596,1,5,-1,-1
201343N052123,1,21,0,18,0,8,0,0,0,0,1,1,6,2,8,6370,2,7,9,1
201343N052123,2,9,0,18,0,8,0,0,0,0,2,1,6,2,6,1120,2,-1,10,1
201343N053023,1,9,0,18,0,1,1,0,0,0,1,1,1,1,7,2720,2,9,3,1
201343N053023,2,9,0,10,0,1,0,0,0,0,2,1,5,2,7,1997,2,5,9,3
201343N053053,1,9,0,9,0,7,0,0,4,0,1,1,6,2,11,1598,2,2,9,3
201343N053053,2,9,0,18,0,1,0,0,1,0,2,1,6,1,7,-1,-1,-1,4,1
201343N053063,1,9,0,9,0,2,0,0,0,0,0,1,6,2,7,1794,1,9,4,1
201343N053063,2,1,0,9,0,5,0,0,0,0,0,1,6,1,-1,-1,-1,-1,5,1
201343N053073,1,9,0,7,0,4,0,0,0,0,0,1,6,1,11,1896,2,9,10,1
201343N053073,2,5,0,18,0,4,0,0,0,0,0,1,6,1,9,865,1,1,10,1
201343N053083,1,9,0,14,0,1,0,0,0,0,1,1,6,2,8,1396,1,11,9,1
201343N053083,2,9,0,7,0,5,0,0,0,0,3,1,6,1,5,2993,2,9,7,1
201343N053083,3,98,4,3,0,1,0,0,0,0,0,1,6,3,-1,-1,-1,-1,-1,-1
201343N053093,1,9,0,18,0,1,0,0,0,0,1,1,6,1,-1,-1,-1,-1,-1,-1