Accident_Index,Vehicle_Reference,Vehicle_Type,Towing_and_Articulation,Vehicle_Manoeuvre,Vehicle_Location-Restricted_Lane,Junction_Location,Skidding_and_Overturning,Hit_Object_in_Carriageway,Vehicle_Leaving_Carriageway,Hit_Object_off_Carriageway,1st_Point_of_Impact,Was_Vehicle_Left_Hand_Drive?,Journey_Purpose_of_Driver,Sex_of_Driver,Age_Band_of_Driver,Engine_Capacity_(CC),Propulsion_Code,Age_of_Vehicle,Driver_IMD_Decile,Driver_Home_Area_Type
201343N053093,2,9,0,3,0,1,0,0,0,0,2,1,6,1,8,-1,-1,-1,10,1
201343N053113,1,9,0,9,0,6,0,0,0,0,1,1,6,1,7,2993,2,2,9,1
201343N053113,2,5,0,18,0,1,0,0,0,0,1,1,6,1,8,-1,-1,-1,10,1
201343N054013,1,9,0,4,0,1,0,0,0,0,1,1,2,2,6,1498,1,4,9,1
201343N054013,2,9,0,3,0,1,0,0,0,0,2,1,2,1,7,1798,1,10,10,2
201343N054013,3,9,0,3,0,1,0,0,0,0,2,1,2,1,6,1199,1,11,5,1
201343N054013,4,9,0,3,0,1,0,0,0,0,2,1,2,1,6,1598,1,9,4,1
201343N054023,1,9,0,18,0,0,0,0,0,0,2,1,1,2,6,1242,1,12,2,1
201343N054023,2,9,0,4,0,0,0,0,0,0,1,1,1,1,8,1995,2,2,5,1
201343N054073,1,9,0,18,0,0,0,0,0,0,1,1,6,1,7,-1,-1,-1,8,3
201343N054073,2,9,0,18,0,0,0,0,0,0,1,1,6,2,4,1242,1,7,10,1
201343N055013,1,17,4,9,0,6,0,0,0,0,1,1,5,1,6,-1,2,13,10,3
201343N055013,2,9,0,18,0,8,0,0,0,0,4,1,5,1,7,-1,-1,-1,9,3
201343N055103,1,19,0,7,0,8,0,0,0,0,3,1,1,1,9,1399,2,4,7,3
201343N055103,2,21,0,4,0,1,0,0,0,0,3,1,1,1,9,4461,2,2,4,1
201343N055123,1,9,0,4,0,0,1,0,0,0,1,1,6,2,6,1396,1,13,-1,-1
201343N055123,2,9,0,3,0,0,0,0,0,0,2,1,6,1,9,1339,1,9,7,1
201343N056033,1,9,0,5,0,8,0,0,0,0,1,1,6,2,7,2993,2,5,10,1
201343N056033,2,1,0,18,0,8,0,0,0,0,1,1,6,1,6,-1,-1,-1,8,1
201343N056043,1,9,0,18,0,0,1,0,1,4,1,1,6,1,6,-1,-1,-1,4,1
201343N056053,1,9,0,16,0,0,2,0,7,2,1,1,6,1,4,1368,1,5,5,1
201343N056073,1,9,0,4,0,0,1,0,1,0,1,1,6,2,5,1248,1,4,4,1
201343N057053,1,9,0,18,0,0,0,0,0,0,1,1,6,3,-1,-1,-1,-1,-1,-1
201343N057053,2,1,0,18,0,0,0,0,0,0,2,1,6,1,7,-1,-1,-1,8,3
201343N057063,1,9,0,18,0,0,1,0,0,0,1,1,6,1,4,1242,1,15,10,2
201343N057063,2,9,0,18,0,0,0,0,1,0,1,1,6,2,8,1997,2,12,10,1
201343N057063,3,1,0,18,0,0,0,0,0,0,0,1,6,3,-1,-1,-1,-1,-1,-1
201343N057063,4,1,0,18,0,0,0,0,0,0,0,1,6,3,-1,-1,-1,-1,-1,-1
201343N057123,1,9,0,17,0,0,1,0,1,3,4,1,6,2,5,1275,1,14,9,1
201343N058073,1,21,1,12,0,0,0,0,0,0,3,1,6,1,6,-1,-1,-1,-1,-1
201343N058073,2,9,0,18,0,0,0,0,0,0,4,1,6,2,9,-1,-1,-1,5,1
201343N058083,1,9,0,4,0,0,0,0,0,0,1,1,6,1,9,-1,-1,-1,4,1
201343N058083,2,9,0,3,0,0,0,0,0,0,2,1,6,1,7,2967,2,6,7,1
201343N058103,1,9,0,9,0,6,0,0,0,0,1,1,6,1,6,1794,1,12,9,3
201343N058103,2,5,0,18,0,8,0,0,7,0,4,1,6,1,9,1151,1,6,6,1
201343N058123,1,9,0,6,0,8,1,0,0,0,1,1,6,2,7,1975,1,12,6,1
201343N058123,2,9,0,4,0,8,0,0,0,0,1,1,6,2,6,1910,2,6,6,1
201343N059013,1,9,0,7,0,8,0,0,0,0,1,1,4,1,4,1229,1,-1,10,1
201343N059013,2,9,0,10,0,1,0,0,0,0,1,1,1,1,8,-1,-1,-1,10,2
201343N059023,1,9,0,18,0,0,1,0,0,0,1,1,2,2,5,1124,1,9,9,3
201343N059023,2,11,0,3,0,0,0,0,0,0,1,1,1,2,8,-1,-1,-1,9,1
201343N059023,3,9,0,18,0,0,0,0,0,0,4,1,2,3,7,1490,1,8,8,3
201343N059073,1,9,0,9,0,8,0,0,0,0,1,1,6,1,7,2656,1,12,6,1
201343N059073,2,9,0,4,0,8,0,0,0,0,1,1,6,1,7,2777,2,5,7,1
201343N059113,1,9,0,9,0,8,0,0,0,0,1,1,2,1,8,-1,-1,-1,6,2
201343N059113,2,3,0,18,0,8,0,0,1,0,1,1,2,1,4,124,1,10,4,2
201343N060033,1,9,0,16,0,0,2,0,2,4,1,1,6,1,10,1360,1,9,9,3
201343N060063,1,9,0,9,0,6,0,0,0,0,1,1,2,1,6,1870,2,18,9,1
201343N060063,2,5,0,13,0,8,0,0,0,0,1,1,2,1,9,599,1,6,6,3
201343N060063,3,9,0,7,0,5,0,0,0,0,0,1,6,3,-1,-1,-1,-1,-1,-1
201343N061063,1,9,0,13,0,0,1,0,5,6,4,1,2,2,6,1242,1,7,2,1
201343N061063,2,21,1,18,0,0,0,0,0,0,3,1,1,1,9,-1,-1,-1,-1,-1
201343N061073,1,9,0,16,0,0,5,0,0,1,3,1,1,1,7,2000,1,13,10,1
201343N061093,1,19,0,17,0,0,2,0,2,7,4,1,6,2,7,-1,-1,-1,7,1
201343N061103,1,9,0,18,0,8,0,0,0,0,1,1,6,2,9,1587,1,15,10,1
201343N061103,2,5,0,18,0,8,0,0,0,0,1,1,6,1,6,-1,-1,-1,3,1
201343N061123,1,9,0,1,0,6,0,0,0,0,4,1,6,1,9,-1,-1,-1,9,3
201343N061123,2,9,0,18,0,8,0,0,0,0,1,1,6,2,10,1390,1,11,10,3
201343N062023,1,9,0,18,0,1,0,0,0,0,1,1,5,2,6,-1,-1,-1,-1,-1
201343N062023,2,9,0,3,0,1,0,0,0,0,2,1,5,1,5,1149,1,15,9,1
201343N062033,1,9,0,18,0,0,0,0,0,0,1,1,1,1,9,3179,1,7,10,1
201343N062033,2,9,0,4,0,0,0,0,1,0,2,1,1,1,7,2496,2,12,5,1
201343N062033,3,90,0,18,0,0,0,0,0,0,0,1,1,3,-1,-1,-1,-1,-1,-1
201343N063033,1,9,0,18,0,0,0,0,0,0,1,1,6,1,7,1997,2,5,10,3
201343N063053,1,9,0,5,0,1,0,0,0,0,1,1,6,2,6,1124,1,3,9,1
201343N063053,2,1,0,18,0,8,0,0,0,0,4,1,6,1,8,-1,-1,-1,-1,-1
201343N063073,1,3,0,5,0,8,0,0,0,0,1,1,6,1,5,-1,-1,-1,8,2
201343N063073,2,9,0,4,0,3,0,0,0,0,2,1,1,1,5,1796,1,10,4,1
201343N063083,1,9,0,9,0,8,0,0,0,0,1,1,6,1,-1,1798,1,4,-1,-1
201343N063083,2,1,0,9,0,8,0,0,0,0,3,1,6,1,6,-1,-1,-1,10,1
201343N064013,1,8,0,8,0,1,0,0,0,0,1,1,1,1,-1,1598,1,5,4,1
201343N064023,1,9,0,9,0,8,0,0,0,0,3,1,1,1,10,-1,-1,-1,8,2
201343N064023,2,9,0,13,0,8,0,0,7,4,4,1,1,1,6,1360,1,10,9,3
201343N064063,1,9,0,18,0,0,0,0,0,0,1,1,6,2,-1,1991,2,4,-1,-1
201343N064063,2,9,0,3,0,0,0,0,0,0,2,1,6,2,5,1968,2,5,9,1
201343N064073,1,9,0,18,0,0,0,0,0,0,1,1,6,1,7,-1,-1,-1,-1,-1
201343N064073,2,9,0,3,0,0,0,0,0,0,2,1,6,2,7,1242,1,12,8,2
201343N064073,3,9,0,3,0,0,0,0,0,0,2,1,6,2,5,-1,-1,-1,7,2
201343N064083,1,9,0,13,0,0,0,0,0,0,1,1,6,1,4,1199,1,11,-1,-1
201343N064083,2,9,0,18,0,0,0,0,0,0,0,1,6,2,-1,1199,2,2,-1,-1
201343N064093,1,9,0,9,0,6,0,0,0,0,4,1,1,1,7,2976,1,10,10,1
201343N064093,2,9,0,18,0,1,0,0,0,0,1,1,3,2,7,2231,2,6,9,3
201343N064113,1,9,0,18,0,0,0,0,0,0,1,1,6,1,6,-1,-1,-1,-1,-1
201343N065013,1,9,0,18,0,0,1,0,0,0,1,1,1,2,8,1199,1,10,9,3
201343N065013,2,9,0,3,0,0,0,0,0,0,2,1,5,2,10,1998,1,11,10,1
201343N065013,3,19,4,2,0,0,0,0,0,0,0,1,1,1,8,2953,2,7,6,1
201343N065023,1,9,0,18,0,0,0,0,0,0,4,1,5,3,-1,-1,-1,-1,-1,-1
201343N065033,1,9,0,18,0,0,0,0,0,0,0,1,2,1,9,1998,2,8,9,1
201343N065033,2,9,0,18,0,0,2,0,0,0,3,1,2,1,8,1199,1,10,-1,-1
201343N065063,1,9,0,18,0,0,0,0,0,0,4,1,2,1,6,-1,-1,-1,9,3
201343N065083,1,9,0,18,0,0,1,0,7,11,1,1,6,1,8,2494,1,15,6,1
201343N066023,1,9,0,18,0,8,0,0,0,0,3,1,5,1,-1,1896,2,8,4,1
201343N066023,2,9,0,9,0,8,0,9,0,0,4,1,5,2,6,1988,1,11,5,1
201343N066063,1,9,0,18,0,8,0,0,0,0,3,1,6,2,-1,1799,1,15,9,3
201343N066063,2,9,0,18,0,8,0,0,0,0,1,1,6,1,6,1598,1,4,4,1
201343N066073,1,9,0,18,0,0,0,0,0,0,3,1,2,1,7,1248,2,3,7,1
201343N066073,2,9,0,18,0,0,0,0,0,0,3,1,6,1,10,1796,1,8,5,1
201343N067023,1,9,0,9,0,5,0,0,0,0,1,1,2,1,7,1956,2,4,5,1
201343N067033,1,9,0,17,0,0,1,0,0,0,1,1,6,2,4,1388,1,10,6,1
201343N067083,1,9,0,18,0,0,1,0,0,0,1,1,1,1,4,1198,1,11,7,3
201343N067083,2,9,0,4,0,0,0,0,0,0,2,1,1,2,8,1149,1,13,3,1
201343N067093,1,9,0,4,0,0,0,0,0,0,1,1,6,2,8,2400,2,4,10,2
201343N067093,2,8,0,4,0,0,0,0,0,0,2,1,1,1,6,1988,2,7,6,1
201343N068023,1,9,0,18,0,0,1,0,0,0,4,1,5,1,6,1990,1,10,5,1
201343N068023,2,9,0,18,0,0,0,0,0,0,1,1,5,1,7,1686,2,10,-1,-1
201343N068073,1,3,0,13,5,8,1,0,0,0,1,1,6,1,4,-1,-1,-1,9,1
201343N068073,2,3,0,13,0,8,1,0,3,0,1,1,6,1,5,124,1,10,8,1
201343N068073,3,9,0,9,0,5,0,0,0,0,3,1,6,1,10,1388,1,10,3,1
201343N068093,1,9,0,4,0,0,1,0,0,0,1,1,6,1,7,-1,-1,-1,6,1
201343N068093,2,9,0,18,0,0,0,0,0,0,2,1,6,2,8,1995,1,3,8,3
201343N068103,1,19,0,18,0,0,0,0,0,0,1,1,6,1,8,1868,2,10,5,1
201343N068103,2,9,0,18,0,0,0,0,0,0,2,1,6,1,6,1395,1,-1,4,1
201343N068103,3,9,0,18,0,0,0,0,0,0,2,1,6,1,8,1796,1,7,4,1
201343N069033,1,9,0,18,0,0,1,0,0,0,1,1,6,2,5,2500,2,17,4,1
201343N069033,2,9,0,18,0,0,0,0,0,0,2,1,6,1,10,5461,1,6,10,1
201343N069053,1,9,0,9,0,6,0,0,0,0,1,1,6,1,7,1998,1,7,-1,-1
201343N069053,2,9,0,18,0,8,0,0,0,0,4,1,6,1,6,1995,2,6,-1,-1
201343N069063,1,9,0,18,0,0,0,0,1,7,1,1,6,2,5,1199,1,12,4,1
201343N069073,1,9,0,18,0,1,1,0,0,0,1,1,6,1,6,1199,1,12,8,1
201343N069073,2,9,0,4,0,1,0,0,0,0,2,1,6,1,5,2497,2,9,3,1
201343N069073,3,9,0,4,0,1,0,0,0,0,2,1,6,1,6,2204,2,7,6,1
201343N069083,1,9,0,18,0,0,1,0,0,0,1,1,6,1,6,1798,1,6,5,1
201343N069083,2,9,0,4,0,0,0,0,0,0,2,1,6,2,6,1390,1,4,7,1
201343N069083,3,9,0,4,0,0,0,0,0,0,2,1,6,1,5,1596,1,2,4,1
201343N069083,4,9,0,2,0,0,0,0,0,0,2,1,6,2,4,1598,1,8,3,1
201343N069093,1,3,0,15,0,1,1,0,0,0,3,1,2,1,5,124,1,3,5,1
201343N069093,2,8,0,7,0,1,0,0,0,0,4,1,1,1,7,2148,2,7,6,1
201343N070013,1,9,0,18,0,0,1,0,0,0,1,1,2,2,4,1390,1,10,10,2
201343N070013,2,9,0,18,0,0,0,0,1,10,1,1,2,2,5,1240,1,4,8,3
201343N070083,1,9,0,18,0,0,1,0,0,0,1,1,6,1,5,1796,1,10,3,1
201343N070093,1,5,0,18,0,1,1,0,0,0,1,1,6,1,9,998,1,11,6,1
201343N070093,2,9,0,3,0,1,0,0,0,0,3,1,6,1,8,1796,1,6,9,1
201343N070093,3,9,0,10,0,1,0,0,0,0,0,1,6,2,8,2996,2,3,10,3
201343N070123,1,9,0,18,0,0,0,0,0,0,1,1,6,1,7,-1,-1,-1,-1,-1
201343N071073,1,5,0,18,0,1,0,0,0,0,1,1,6,1,6,-1,-1,-1,4,2
201343N071073,2,9,0,9,0,6,0,0,0,0,2,1,6,2,5,1149,1,3,10,3
201343N071073,3,5,0,18,0,1,0,0,0,0,0,1,6,1,6,-1,-1,-1,1,1
201343N071093,1,21,0,18,0,0,1,0,0,0,1,1,1,1,6,4580,2,16,-1,-1
201343N071093,2,9,0,3,0,0,0,0,0,0,2,1,6,1,9,1339,8,3,7,1
201343N071093,3,9,0,3,0,0,0,0,0,0,2,1,6,1,6,1388,1,1,10,1
201343N071093,4,9,0,3,0,0,0,0,0,0,2,1,6,2,7,-1,-1,-1,10,2
201343N071093,5,9,0,18,0,0,0,0,0,0,0,1,6,2,7,-1,-1,-1,2,1
201343N071123,1,9,0,18,0,0,0,0,0,0,1,1,6,1,7,1910,2,6,8,3
201343N071123,2,9,0,4,0,0,0,0,0,0,2,1,6,1,9,1753,2,12,8,1
201343N073073,1,9,0,10,0,2,0,0,0,0,2,1,6,3,-1,-1,-1,-1,-1,-1
201343N073073,2,1,0,18,0,8,0,0,0,0,1,1,2,1,7,-1,-1,-1,3,1
201343N073123,1,9,0,18,0,1,0,7,0,0,1,1,6,1,6,2143,2,-1,9,1
201343N074033,1,9,0,18,0,8,0,0,0,0,1,1,6,2,6,1229,1,1,5,1
201343N074033,2,9,0,9,0,8,0,0,0,0,3,1,1,1,8,1248,2,5,6,1
201343N074043,1,9,0,18,0,0,0,0,0,0,1,1,6,2,4,1398,1,9,8,1
201343N074043,2,9,0,2,0,0,0,0,0,0,2,1,6,3,-1,1390,1,9,-1,-1
201343N074043,3,9,0,2,0,0,0,0,0,0,2,1,6,3,-1,1461,2,2,-1,-1
201343N074083,1,9,0,16,0,0,1,0,1,11,1,1,6,1,6,1242,1,12,2,1
201343N075073,1,5,0,17,0,0,0,0,1,0,1,1,6,1,5,598,1,16,7,3
201343N075083,1,9,0,4,0,1,0,0,0,0,1,1,1,1,6,-1,-1,-1,5,1
201343N075083,2,1,0,18,0,8,0,0,0,0,3,1,6,1,9,-1,-1,-1,3,1
201343N075113,1,9,0,16,0,1,1,0,1,7,1,1,6,1,8,4973,1,21,-1,-1
201343N075123,1,9,0,17,0,0,0,0,1,0,1,1,3,2,7,1998,1,9,4,1
201343N076013,1,9,0,9,0,1,0,0,0,0,1,1,5,1,8,-1,-1,-1,10,1
201343N076013,2,1,0,18,0,1,0,0,0,0,1,1,5,1,7,-1,-1,-1,10,1
201343N076023,1,9,0,18,0,1,0,0,0,0,4,1,5,2,11,1590,1,12,8,1
201343N076023,2,9,0,8,0,1,0,0,0,0,3,1,5,2,-1,1598,1,8,9,1
201343N076023,3,9,0,10,0,1,0,0,0,0,2,1,5,2,10,998,1,5,4,1
201343N076023,4,9,0,10,0,1,0,0,0,0,2,1,5,1,10,1796,1,8,9,1
201343N076023,5,9,0,10,0,1,0,0,0,0,2,1,5,1,8,1686,2,20,5,1
201343N076053,1,9,0,4,0,0,0,0,0,0,1,1,1,1,7,1984,1,1,10,1
201343N076053,2,9,0,4,0,0,0,0,0,0,2,1,1,1,7,-1,-1,-1,-1,-1
201343N076083,1,21,0,9,0,6,0,0,0,0,1,1,1,1,9,-1,-1,-1,4,2
201343N076083,2,9,0,18,0,8,0,0,0,0,3,1,6,2,5,1299,1,10,5,1
201343N076093,1,9,0,18,0,6,0,0,0,0,1,1,6,1,11,1998,1,12,10,1
201343N076093,2,9,0,18,0,8,0,0,0,0,2,1,1,1,8,1910,2,3,9,1
201343N076093,3,9,0,7,0,6,0,0,0,0,0,1,1,1,8,2499,2,8,10,1
201343N076113,1,21,0,9,0,6,0,0,0,0,1,1,6,1,9,12580,2,6,-1,-1
201343N076113,2,9,0,18,0,8,0,0,0,0,4,1,6,1,11,1589,1,14,7,3
201343N077013,1,9,0,17,0,0,5,0,0,0,4,1,2,2,5,1896,2,10,9,3
201343N077023,1,9,0,17,0,0,1,0,0,0,1,1,2,2,6,1242,1,11,10,1
201343N077053,1,9,0,18,0,2,0,0,0,0,1,1,1,1,8,-1,-1,-1,4,1
201343N077053,2,9,0,4,0,2,0,0,0,0,2,1,2,2,5,1598,1,7,8,3
201343N077063,1,9,0,16,0,8,0,0,0,0,3,1,6,1,5,1999,1,8,6,1
201343N077063,2,9,0,17,0,8,0,0,0,0,3,1,6,1,9,1560,2,6,4,1
201343N077083,1,9,0,18,0,0,0,0,1,2,4,1,6,1,7,1995,1,10,9,3
201343N077113,1,8,0,18,0,2,0,0,0,0,1,1,6,1,8,1896,2,8,3,1
201343N077123,1,9,0,18,0,0,0,0,0,0,1,1,1,1,4,1229,1,5,10,1
201343N077123,2,9,0,18,0,0,0,0,0,0,1,1,6,1,7,1995,2,9,6,1
201343N078023,1,9,0,13,0,0,1,0,0,0,4,1,1,1,8,1598,2,1,-1,-1
201343N078023,2,21,0,12,0,0,0,0,0,0,3,1,1,1,6,-1,-1,-1,-1,-1
201343N078043,1,9,0,18,0,0,0,0,0,0,3,1,6,1,10,833,1,-1,9,3
201343N078043,2,9,0,18,0,0,0,0,1,9,3,1,6,2,6,1390,1,12,9,1
201343N078073,1,9,0,18,0,8,0,0,0,0,1,1,6,2,9,1798,8,1,10,1
201343N078073,2,1,0,6,0,8,0,0,0,0,1,1,6,2,2,-1,-1,-1,10,3
201343N078083,1,9,0,17,0,0,0,0,0,0,3,1,6,1,11,1242,1,3,10,1
201343N078083,2,9,0,16,0,0,1,0,7,0,4,1,6,2,9,1396,1,9,10,3
201343N078083,3,9,0,16,0,0,0,0,0,0,1,1,6,2,8,1368,1,6,7,2
201343N079053,1,9,0,18,0,0,0,0,0,0,1,1,6,1,8,4966,1,14,4,1
201343N079053,2,9,0,3,0,0,0,0,0,0,2,1,6,2,5,1397,1,5,4,2
201343N079063,1,9,0,18,0,0,0,0,7,9,3,1,6,1,9,1597,1,16,8,1
201343N079083,1,98,0,5,0,8,0,0,0,0,1,1,6,3,-1,-1,-1,-1,-1,-1
201343N079083,2,1,0,18,0,8,0,0,0,0,3,1,1,2,6,-1,-1,-1,7,1
201343N079093,1,9,0,4,0,0,0,0,0,0,1,1,6,1,6,1995,1,6,5,1
201343N079093,2,9,0,4,0,0,0,0,0,0,2,1,6,2,8,1595,1,12,6,1
201343N079123,1,19,0,18,0,1,0,0,0,0,1,1,1,1,6,2198,2,-1,8,3
201343N079123,2,9,0,7,0,1,0,0,0,0,2,1,6,2,8,1598,1,3,-1,-1
201343N080083,1,9,0,18,0,8,0,0,0,0,1,1,6,1,-1,-1,-1,-1,-1,-1
201343N080083,2,1,0,18,0,8,0,0,0,0,1,1,6,1,4,-1,-1,-1,6,1
201343N080093,1,9,0,9,0,2,0,0,0,0,1,1,6,1,5,-1,-1,-1,8,1
201343N080103,1,9,0,18,0,0,0,0,0,0,1,1,6,1,6,999,1,5,10,2
201343N080103,2,9,0,2,0,0,0,0,0,0,1,1,6,3,-1,1199,1,10,-1,-1
201343N080113,1,9,0,17,0,0,1,0,7,9,1,1,2,2,4,1399,2,4,9,3
201343N081043,1,1,0,9,0,8,1,0,0,0,3,1,6,1,8,-1,-1,-1,9,1
201343N081043,2,9,0,18,0,8,0,0,0,0,4,1,6,1,11,2494,2,8,9,3
201343N081073,1,9,0,1,0,0,0,0,0,0,2,1,6,1,7,1360,1,6,-1,-1
201343N081073,2,1,0,4,0,0,0,0,0,0,1,1,4,1,3,-1,-1,-1,4,1
201343N081093,1,9,0,16,0,0,2,0,1,4,4,1,6,1,4,1596,1,12,10,2
201343N082043,1,9,0,9,0,8,0,0,0,0,4,1,6,1,11,1390,1,4,-1,-1
201343N082043,2,9,0,18,0,8,1,0,1,10,1,1,6,1,5,1990,1,18,-1,-1
201343N082083,1,9,0,18,0,1,0,0,0,0,1,1,6,1,6,1391,1,19,10,2
201343N082083,2,9,0,10,0,1,0,0,0,0,2,1,6,2,7,-1,-1,-1,8,3
201343N083043,1,9,0,5,0,6,0,0,0,0,1,1,6,1,-1,-1,-1,-1,4,2
201343N083043,2,1,0,18,0,1,1,0,0,0,1,1,6,1,7,-1,-1,-1,8,2
201343N083053,1,9,0,16,0,0,1,0,0,0,1,1,6,2,10,1798,1,2,8,3
201343N083053,2,9,0,16,0,0,0,0,0,0,2,1,6,2,7,1997,2,3,8,3
201343N083083,1,9,0,2,0,0,0,0,0,0,2,1,6,2,9,1339,1,7,5,1
201343N083083,2,8,0,18,0,0,0,0,0,0,1,1,1,1,7,1997,2,10,4,1
201343N083103,1,9,0,18,0,4,0,0,0,0,1,1,6,2,10,1598,1,-1,-1,-1
201343N083103,2,9,0,18,0,8,0,0,0,0,4,1,6,2,6,1242,1,12,9,1
201343N084033,1,8,0,4,0,0,0,0,0,0,1,1,1,1,7,1497,8,5,-1,-1
201343N084043,1,9,0,5,0,6,0,0,1,0,1,1,6,2,11,1796,1,8,7,1
201343N084043,2,9,0,3,0,5,0,0,0,0,1,1,6,2,8,1998,1,7,8,1
201343N084043,3,9,0,2,6,2,0,0,0,0,2,1,6,3,-1,2179,2,1,-1,-1
201343N084043,4,9,0,2,6,2,0,0,0,0,2,1,6,3,-1,1400,1,13,-1,-1
201343N084043,5,9,0,2,6,2,0,0,0,0,2,1,6,3,-1,-1,-1,-1,-1,-1
201343N084093,1,9,0,16,0,0,0,0,0,0,0,1,6,3,-1,-1,-1,-1,-1,-1
201343N084093,2,20,0,16,0,0,0,0,1,4,1,1,1,1,6,-1,-1,-1,3,1
201343N085013,1,19,0,6,0,0,0,0,0,0,1,1,1,1,8,2151,2,11,5,1
201343N085013,2,9,0,18,0,0,0,0,0,0,1,1,2,1,5,1299,1,17,8,1
201343N085053,1,9,0,18,0,0,0,0,0,0,1,1,2,1,7,1598,2,2,5,1
201343N085053,2,9,0,3,0,0,0,0,4,6,2,1,2,1,8,1968,2,2,10,1
201343N085053,3,9,0,3,0,0,0,0,0,0,2,1,2,2,9,2993,2,2,3,1
201343N085083,1,9,0,13,0,0,0,0,0,0,4,1,6,2,9,1998,1,8,10,1
201343N085083,2,1,0,18,0,0,0,0,0,0,3,1,6,1,8,-1,-1,-1,5,1
201343N085113,1,9,0,18,0,0,1,0,1,0,1,1,1,1,6,1332,1,15,5,1
201343N085113,2,1,0,18,9,0,0,0,0,0,4,1,6,1,4,-1,-1,-1,4,1
201343N085113,3,9,0,18,0,0,0,0,0,0,2,1,6,1,4,1198,1,1,10,2
201343N085123,1,8,0,9,0,5,0,0,0,0,1,1,1,1,6,1896,2,8,4,1
201343N085123,2,1,0,18,0,8,0,0,0,0,3,1,2,1,8,-1,-1,-1,10,1
201343N086013,1,9,0,18,0,0,0,0,0,0,1,1,1,1,8,-1,-1,-1,7,1
201343N086013,2,9,0,2,0,0,0,0,1,0,2,1,5,2,7,1796,1,7,10,3
201343N086053,1,9,0,9,0,6,0,0,0,0,1,1,6,2,7,-1,-1,-1,10,1
201343N086053,2,9,0,18,0,8,0,0,0,0,4,1,6,1,6,-1,-1,-1,8,3
201343N086093,1,9,0,9,0,5,0,0,0,0,4,1,1,1,7,2982,2,2,8,3
201343N086093,2,5,0,18,0,1,1,0,0,0,1,1,6,1,5,645,1,6,-1,3
201343N087053,1,9,0,18,0,0,0,0,1,6,1,1,6,1,6,1995,2,1,4,1
201343N087053,2,9,0,11,0,0,0,0,0,0,2,1,6,2,7,1200,1,-1,1,1
201343N087053,3,9,0,18,0,0,0,0,0,0,2,1,6,1,5,2148,2,7,2,1
201343N087073,1,5,0,16,0,0,0,0,1,4,1,1,2,1,7,670,1,1,5,1
201343N087073,2,98,0,17,0,0,0,0,0,0,0,1,6,3,-1,-1,-1,-1,-1,-1
201343N087093,1,9,0,17,0,0,1,0,7,7,1,1,6,1,5,1364,1,9,10,1
201343N088053,1,9,0,18,0,8,0,0,0,0,3,1,6,1,7,1598,1,-1,7,1
201343N088053,2,9,0,18,0,8,0,0,0,0,1,1,6,1,9,1896,2,10,6,1
201343N088103,1,2,0,18,0,1,1,0,0,0,1,1,6,1,4,49,1,4,4,1
201343N088123,1,19,0,4,0,0,0,0,0,0,4,1,6,1,6,2148,2,4,6,1
201343N089053,1,5,0,18,0,0,0,0,0,0,0,1,6,1,8,998,1,8,10,1
201343N089103,1,9,0,18,0,8,0,0,0,0,1,1,6,2,7,1242,1,-1,10,1
201343N089103,2,19,0,9,0,8,0,0,0,0,1,1,6,1,5,2402,2,2,4,2
201343N090013,1,9,0,18,0,0,0,0,0,0,1,1,5,1,11,1248,1,5,7,1
201343N090053,1,9,0,16,0,0,0,0,0,0,3,1,6,1,10,-1,-1,-1,8,1
201343N090053,2,9,0,17,0,0,0,0,0,0,3,1,6,2,11,1240,1,7,10,1
201343N090063,1,9,0,18,0,1,0,0,7,0,3,1,6,1,7,1596,1,9,10,2
201343N090063,2,21,0,1,0,1,0,0,0,0,3,1,6,1,6,12580,2,7,5,1
201343N090083,1,9,0,17,0,0,0,0,7,0,1,1,6,1,5,2494,1,13,-1,-1
201343N090093,1,9,0,4,0,1,0,0,0,0,1,1,1,2,4,1900,2,13,-1,-1
201343N090093,2,9,0,4,0,1,0,0,0,0,2,1,1,2,5,1388,1,11,7,2
201343N090093,3,9,0,8,0,6,0,0,0,0,2,1,6,2,7,-1,-1,-1,10,1
201343N090123,1,9,0,9,0,1,0,0,0,0,4,1,6,2,4,-1,-1,-1,9,2
201343N090123,2,8,0,4,0,1,0,0,0,0,1,1,6,1,9,-1,-1,-1,-1,-1
201343N091033,1,9,0,18,0,1,0,0,0,0,1,1,6,1,9,2376,1,18,10,1
201343N091033,2,1,0,18,0,8,0,0,0,0,4,1,6,1,9,-1,-1,-1,10,1
201343N091043,1,9,0,18,0,0,0,0,0,0,1,1,6,1,5,1396,1,13,4,1
201343N091053,1,8,0,18,0,8,1,0,0,0,1,1,6,1,6,1497,8,5,4,1
201343N091053,2,9,0,18,0,8,1,0,7,11,4,1,6,1,6,1598,1,7,6,1
201343N092013,1,9,0,18,0,0,1,0,0,0,1,1,5,1,8,-1,-1,-1,6,1
201343N092013,2,9,0,18,0,0,1,0,0,0,1,1,5,1,9,1598,1,10,10,1
201343N092013,3,90,0,18,0,0,0,0,0,0,2,1,1,1,7,-1,-1,-1,9,3
201343N092033,1,9,0,16,0,0,2,0,1,10,1,1,6,2,6,1986,2,5,3,1