Accident_Index,Vehicle_Reference,Vehicle_Type,Towing_and_Articulation,Vehicle_Manoeuvre,Vehicle_Location-Restricted_Lane,Junction_Location,Skidding_and_Overturning,Hit_Object_in_Carriageway,Vehicle_Leaving_Carriageway,Hit_Object_off_Carriageway,1st_Point_of_Impact,Was_Vehicle_Left_Hand_Drive?,Journey_Purpose_of_Driver,Sex_of_Driver,Age_Band_of_Driver,Engine_Capacity_(CC),Propulsion_Code,Age_of_Vehicle,Driver_IMD_Decile,Driver_Home_Area_Type
201343N092103,1,9,0,9,0,6,0,0,0,0,1,1,6,1,11,1388,1,4,7,1
201343N092103,2,9,0,18,0,8,0,0,0,0,1,1,6,1,11,1299,1,11,8,2
201343N092123,1,9,0,14,0,0,0,0,0,0,0,1,6,1,11,2996,1,3,10,1
201343N092123,2,9,0,2,0,0,0,0,0,0,0,1,6,3,-1,-1,-1,-1,-1,-1
201343N093033,1,9,0,3,0,7,0,0,0,0,2,1,2,2,8,1396,1,2,6,1
201343N093033,2,9,0,4,0,7,0,0,0,0,1,1,1,1,7,-1,-1,-1,8,2
201343N093033,3,9,0,3,0,7,0,0,0,0,2,1,6,1,5,1360,1,11,3,1
201343N093073,1,9,0,1,8,0,0,0,0,0,2,1,6,2,4,1390,1,5,5,1
201343N093073,2,9,0,18,0,0,1,0,0,0,3,1,6,2,7,1598,1,7,4,2
201343N093093,1,9,0,18,0,0,0,0,0,0,1,1,6,2,9,-1,-1,-1,10,1
201343N093093,2,9,0,18,0,0,0,0,0,0,1,1,6,1,9,1587,1,9,8,1
201343N093103,1,19,0,18,0,0,0,0,0,0,1,1,1,1,9,2496,2,15,4,1
201343N093123,1,9,0,18,0,0,0,0,1,4,1,1,6,1,5,1198,1,7,2,1
201343N094033,1,9,0,7,0,6,0,0,0,0,3,1,6,1,9,1596,1,16,3,1
201343N094033,2,9,0,18,0,1,0,0,0,0,4,1,6,2,4,1242,1,11,9,1
201343N094063,1,9,0,18,0,1,0,0,0,0,1,1,2,1,8,998,1,2,10,3
201343N094103,1,9,0,17,0,0,0,0,0,0,1,1,6,1,5,2987,2,2,3,1
201343N094103,2,9,0,17,0,0,0,0,0,0,3,1,6,1,7,1329,1,4,6,1
201343N095093,1,9,0,9,0,1,0,0,0,0,0,1,6,2,6,-1,-1,-1,3,1
201343N095093,2,11,0,16,0,1,0,0,0,0,0,1,1,1,7,-1,2,15,-1,-1
201343N095103,1,9,0,18,0,0,0,0,0,0,1,1,6,1,5,1360,1,14,-1,-1
201343N095103,2,9,0,18,0,0,0,0,0,0,2,1,6,2,8,2188,2,6,6,1
201343N095113,1,9,0,6,0,1,0,0,0,0,3,1,6,2,10,1339,1,3,9,1
201343N095113,2,9,0,18,0,1,0,0,0,0,1,1,2,1,6,1422,2,5,5,2
201343N095123,1,9,0,4,0,0,0,0,0,0,1,1,6,2,8,1396,1,2,10,1
201343N095123,2,9,0,3,0,0,0,0,0,0,2,1,6,2,8,1388,1,10,-1,-1
201343N095123,3,9,0,3,0,0,0,0,0,0,2,1,6,2,8,1598,1,12,7,1
201343N096013,1,9,0,7,0,6,0,0,0,0,4,1,2,1,5,1149,1,3,8,1
201343N096033,1,9,0,18,0,0,0,0,0,0,1,1,6,2,-1,1995,2,10,9,3
201343N096033,2,9,0,4,0,0,0,0,0,0,2,1,6,2,6,1796,1,8,9,3
201343N096033,3,10,0,18,0,0,0,0,0,0,0,1,6,3,-1,-1,-1,-1,-1,-1
201343N096103,1,5,0,13,0,0,0,0,7,0,1,1,6,1,6,1198,1,1,5,1
201343N096103,2,17,0,13,0,0,0,0,0,0,3,1,1,1,10,-1,2,2,10,1
201343N096123,1,9,0,18,0,1,0,0,0,0,1,1,6,1,5,-1,-1,-1,2,1
201343N096123,2,9,0,4,0,1,0,0,1,1,2,1,6,1,8,1296,1,6,10,1
201343N097083,1,9,0,7,0,1,0,0,0,0,1,1,6,3,-1,-1,-1,-1,-1,-1
201343N097083,2,9,0,9,0,2,0,0,0,0,2,1,6,2,4,1299,1,11,9,1
201343N097113,1,9,0,4,0,1,0,0,0,0,1,1,1,2,5,998,1,19,5,1
201343N097113,2,9,0,10,0,1,0,0,0,0,2,1,6,1,9,1995,2,3,9,3
201343N098013,1,9,0,18,0,0,1,4,0,0,3,1,5,2,5,-1,-1,-1,5,1
201343N098023,1,9,0,18,0,1,0,0,1,11,1,1,6,2,8,1149,1,9,6,1
201343N098053,1,8,0,18,0,4,0,10,0,0,4,1,6,1,-1,1968,2,6,-1,-1
201343N098103,1,21,1,12,0,0,0,0,0,0,3,1,6,1,7,-1,-1,-1,10,1
201343N098103,2,9,0,18,0,0,0,0,2,6,1,1,6,1,8,1299,1,13,4,1
201343N099013,1,9,0,18,0,4,0,0,0,0,1,1,5,2,8,1248,1,1,10,3
201343N099013,2,9,0,9,0,8,0,0,0,0,4,1,5,1,4,1149,1,10,9,1
201343N099023,1,9,0,5,0,0,0,0,0,0,3,1,5,1,7,1199,2,3,8,2
201343N099033,1,19,0,4,0,0,0,0,0,0,0,1,6,1,-1,2402,2,5,-1,-1
201343N099033,2,9,0,4,0,0,0,0,0,0,2,1,6,1,-1,-1,-1,-1,3,1
201343N099033,3,19,0,4,0,0,0,0,0,0,2,1,6,2,7,-1,-1,-1,8,1
201343N099033,4,9,0,4,0,0,0,0,0,0,1,1,6,1,7,1753,2,16,6,1
201343N099063,1,9,0,17,0,0,0,0,0,0,1,1,6,1,8,1149,1,13,9,1
201343N099063,2,3,0,16,0,0,0,0,0,0,1,1,6,1,4,124,1,6,9,3
201343N099063,3,9,0,2,0,0,0,0,0,0,0,1,6,3,-1,-1,-1,-1,-1,-1
201343N099103,1,9,0,18,0,7,0,0,0,0,1,1,6,2,4,1242,1,9,4,1
201343N099103,2,9,0,4,0,7,0,0,0,0,2,1,6,1,7,1498,1,4,6,2
201343N099123,1,9,0,18,0,0,0,0,0,0,1,1,6,2,8,1368,1,6,10,1
201343N099123,2,9,0,18,0,0,0,0,1,0,1,1,6,2,8,-1,-1,-1,9,3
201343N100013,1,9,0,9,0,6,0,0,0,0,3,1,2,2,4,1149,1,10,8,1
201343N100013,2,9,0,18,0,1,0,0,7,4,4,1,5,2,8,-1,-1,-1,9,3
201343N100033,1,21,1,12,0,0,4,0,2,7,3,1,1,1,6,-1,-1,-1,1,1
201343N100033,2,21,0,18,0,0,0,0,0,0,4,1,1,1,8,11705,2,10,2,1
201343N100063,1,4,0,18,0,8,0,0,0,0,4,1,1,1,4,124,1,-1,7,1
201343N100063,2,9,0,5,0,4,0,0,0,0,1,1,1,1,7,-1,-1,-1,3,1
201343N101013,1,9,0,18,0,0,1,0,1,11,0,1,5,1,7,-1,-1,-1,5,1
201343N101043,1,9,0,18,0,0,0,0,0,0,1,1,6,1,5,1998,1,16,8,2
201343N101043,2,9,0,18,0,0,0,0,0,0,1,1,1,1,5,-1,-1,-1,5,1
201343N101063,1,9,0,3,0,0,0,0,0,0,2,1,1,1,8,1248,2,4,10,1
201343N101063,2,9,0,4,0,0,0,0,0,0,1,1,2,1,6,2993,2,4,6,1
201343N101083,1,9,0,18,0,1,0,0,0,0,3,1,6,1,8,1560,2,-1,7,1
201343N101083,2,9,0,18,0,1,0,0,0,0,3,1,6,1,4,1124,1,10,8,3
201343N101093,1,9,0,9,0,4,0,0,0,0,3,1,6,2,9,1995,2,10,10,1
201343N101093,2,9,0,18,0,8,0,0,0,0,1,1,6,1,8,1229,1,1,5,1
201343N101103,1,9,0,13,0,8,1,0,1,4,4,1,6,1,10,1796,1,5,10,1
201343N101103,2,9,0,9,0,1,0,0,0,0,3,1,6,2,7,2987,2,1,10,1
201343N102033,1,2,0,18,0,0,1,0,0,0,3,1,2,1,7,49,1,11,10,2
201343N102103,1,9,0,18,0,0,0,0,0,0,1,1,6,1,8,1997,2,4,9,1
201343N102123,1,9,0,18,9,0,0,0,0,0,2,1,6,2,-1,-1,-1,-1,-1,-1
201343N103023,1,9,0,18,0,1,0,0,0,0,1,1,5,2,4,996,1,2,10,1
201343N103023,2,9,0,3,0,1,0,0,0,0,2,1,5,1,7,1299,1,10,10,1
201343N103023,3,9,0,10,0,1,0,0,0,0,2,1,5,1,7,-1,-1,-1,10,1
201343N103033,1,9,0,18,0,1,0,0,0,0,1,1,6,2,8,1400,1,6,4,1
201343N103033,2,9,0,18,0,1,0,0,0,0,1,1,6,2,9,1598,1,13,7,1
201343N103033,3,9,0,3,0,1,0,0,0,0,2,1,6,1,6,1240,1,9,7,1
201343N103033,4,21,0,1,0,8,0,0,0,0,0,1,6,1,9,12900,2,3,7,1
201343N103103,1,9,0,9,0,2,0,0,0,0,0,1,2,1,6,1390,1,17,3,1
201343N103103,2,5,0,18,0,8,0,0,0,0,0,1,6,1,7,779,1,-1,9,1
201343N103123,1,9,0,18,0,0,0,0,0,0,4,1,6,1,10,2987,2,2,-1,-1
201343N103123,2,9,0,2,0,0,0,0,0,0,0,1,6,1,7,-1,-1,-1,8,1
201343N104023,1,9,0,18,0,0,0,0,0,0,1,1,1,1,7,-1,-1,-1,5,1
201343N104033,1,20,1,18,0,1,0,0,0,0,3,1,6,3,-1,-1,-1,-1,-1,-1
201343N104033,2,9,0,18,0,1,0,0,0,0,4,1,6,2,6,1796,1,13,9,1
201343N104053,1,9,0,13,0,1,1,0,7,4,1,1,2,2,6,1461,2,5,7,1
201343N104053,2,9,0,9,0,8,0,0,1,0,3,1,2,1,9,1995,2,10,8,1
201343N104063,1,9,0,5,0,0,1,4,1,10,1,1,6,1,11,1589,1,15,5,1
201343N104063,2,9,0,2,0,0,0,0,0,0,2,1,6,1,10,1910,2,6,4,1
201343N104063,3,9,0,2,0,0,0,0,0,0,4,1,6,3,-1,1229,1,7,-1,-1
201343N104063,4,9,0,2,0,0,0,0,0,0,1,1,6,3,-1,1900,2,14,-1,-1
201343N104063,5,9,0,2,0,0,0,0,0,0,1,1,6,3,-1,1798,1,13,-1,-1
201343N104103,1,9,0,12,0,0,0,0,0,0,2,1,6,3,-1,-1,-1,-1,-1,-1
201343N104103,2,5,0,18,0,0,1,0,0,0,1,1,6,2,5,649,1,5,5,1
201343N104113,1,9,0,9,0,6,0,0,0,0,1,1,6,2,7,1498,1,4,9,3
201343N104113,2,19,0,18,0,8,0,0,0,0,4,1,6,1,8,4249,2,3,4,1
201343N105013,1,19,0,18,0,0,1,0,0,0,1,1,1,1,6,1686,2,11,-1,-1
201343N105013,2,9,0,4,0,0,0,0,0,0,2,1,5,2,6,2148,2,5,6,1
201343N105023,1,9,0,18,0,1,1,0,1,4,1,1,5,1,7,2499,2,10,8,2
201343N105103,1,9,0,13,0,0,0,0,0,0,0,1,6,3,-1,-1,-1,-1,-1,-1
201343N105103,2,5,0,16,0,0,1,0,0,0,0,1,6,1,8,1402,1,9,4,1
201343N106023,1,9,0,17,0,0,2,0,0,0,4,1,5,1,5,1199,1,10,6,1
201343N106033,1,9,0,18,0,7,0,0,0,0,1,1,6,1,9,1995,2,1,10,2
201343N106033,2,9,0,4,0,7,0,0,0,0,2,1,6,2,5,1595,1,4,6,1
201343N106033,3,9,0,18,0,7,0,0,0,0,1,1,6,1,9,2497,2,16,7,1
201343N106033,4,98,0,18,0,7,0,0,0,0,0,1,6,3,-1,-1,-1,-1,-1,-1
201343N106063,1,9,0,3,0,1,0,0,0,0,2,1,6,2,5,1896,2,7,8,3
201343N106063,2,9,0,18,0,1,0,0,0,0,1,1,1,1,8,998,1,5,-1,-1
201343N106093,1,9,0,16,0,1,5,0,7,4,3,1,3,2,6,1299,1,14,9,2
201343N106103,1,9,0,9,0,4,0,0,0,0,1,1,4,2,8,1995,2,8,3,1
201343N106103,2,9,0,9,0,8,0,0,0,0,4,1,2,2,5,2993,2,10,7,1
201343N106123,1,9,0,18,0,0,0,0,0,0,1,1,6,1,10,1119,1,17,9,1
201343N107063,1,21,5,12,0,0,0,0,0,0,1,1,1,3,-1,-1,-1,-1,-1,-1
201343N107063,2,9,0,18,0,0,0,0,0,0,2,1,6,2,9,1527,2,13,10,1
201343N107073,1,9,0,9,0,6,0,0,0,0,4,1,6,1,8,1248,1,2,6,2
201343N107083,1,9,0,18,0,0,0,0,7,11,2,1,6,1,9,1686,2,9,7,1
201343N107083,2,9,0,2,0,0,0,0,0,0,4,1,6,3,-1,1968,2,4,-1,-1
201343N108023,1,9,0,16,0,0,1,0,0,9,1,1,5,1,5,1242,1,16,-1,-1
201343N108033,1,5,0,16,0,0,1,0,0,0,1,1,6,1,7,749,1,8,4,1
201343N108033,2,9,0,17,0,0,0,0,0,0,3,1,6,1,10,1991,2,4,5,1
201343N108033,3,9,0,17,0,0,0,0,0,0,3,1,6,1,7,1595,1,17,10,1
201343N110033,1,9,0,18,0,0,0,0,0,0,1,1,6,2,7,1598,2,2,5,1
201343N110033,2,9,0,4,0,0,0,0,0,0,2,1,6,2,6,1198,1,8,3,1
201343N110083,1,9,0,18,0,0,0,0,0,0,1,1,6,1,8,1998,1,15,10,1
201343N110083,2,9,0,18,0,0,0,0,0,0,2,1,6,2,9,1198,1,-1,6,1
201343N110083,3,9,0,18,0,0,0,0,0,0,2,1,6,2,7,998,1,2,9,1
201343N111053,1,5,0,18,2,0,1,0,0,0,4,1,6,1,7,1200,1,12,10,3
201343N111073,1,9,0,16,0,0,0,0,0,0,0,1,6,3,-1,-1,-1,-1,-1,-1
201343N111073,2,3,0,17,0,0,0,0,1,9,1,1,6,1,4,125,1,-1,10,1
201343N111103,1,9,0,18,9,0,0,0,1,0,4,1,6,1,9,1799,1,13,-1,-1
201343N111103,2,9,0,18,0,0,0,0,0,0,0,1,6,3,-1,-1,-1,-1,-1,-1
201343N111113,1,9,0,5,0,3,0,0,0,0,1,1,6,2,6,-1,-1,-1,-1,-1
201343N111113,2,9,0,5,0,3,0,0,0,0,2,1,6,2,5,-1,-1,-1,5,1
201343N112063,1,9,0,18,0,0,0,0,0,0,1,1,6,1,6,1596,1,12,2,1
201343N112073,1,9,0,18,0,6,0,0,0,0,1,1,6,1,9,1388,1,10,10,1
201343N112073,2,9,0,18,0,8,0,0,0,0,3,1,6,2,6,1910,2,7,10,1
201343N112083,1,9,0,9,0,4,0,0,1,0,4,1,6,1,5,1360,1,12,5,1
201343N112093,1,9,0,9,0,8,0,0,0,0,1,1,2,2,8,1900,2,7,6,1
201343N112093,2,9,0,18,0,1,5,10,1,0,1,1,2,2,9,1397,1,2,9,1
201343N113043,1,9,0,6,0,0,0,0,0,0,3,1,6,2,5,998,1,12,3,1
201343N113043,2,5,0,18,0,0,0,0,0,0,1,1,6,1,7,675,1,1,4,1
201343N113053,1,9,0,18,0,1,0,0,0,0,3,1,6,1,-1,1599,1,9,-1,-1
201343N113053,2,9,0,9,0,2,0,0,0,0,4,1,2,2,6,-1,-1,-1,4,1
201343N113063,1,19,0,12,0,0,2,0,1,0,3,1,6,2,6,1461,2,11,7,2
201343N113063,2,9,0,18,0,0,0,0,0,0,3,1,6,1,10,-1,-1,-1,-1,-1
201343N113063,3,9,0,18,0,0,0,0,0,0,4,1,6,1,10,1798,1,9,2,1
201343N113073,1,9,0,5,0,0,0,0,0,0,3,1,6,1,6,-1,-1,-1,4,1
201343N114053,1,4,0,9,0,8,0,0,0,0,1,1,6,1,9,125,1,15,8,3
201343N114053,2,9,0,18,0,8,0,0,0,0,1,1,6,2,6,-1,-1,-1,10,1
201343N115013,1,9,0,16,0,0,1,0,0,0,1,1,5,1,4,1199,1,11,9,1
201343N115013,2,9,0,17,0,0,0,0,0,0,1,1,1,2,7,1598,1,7,10,2
201343N115033,1,19,0,18,6,0,0,0,0,0,1,1,1,1,7,1995,2,4,4,1
201343N115033,2,19,0,2,6,0,0,0,0,0,2,1,1,1,7,1248,2,5,4,1
201343N115073,1,9,0,16,0,0,0,0,0,0,0,1,6,3,-1,-1,-1,-1,-1,-1
201343N115073,2,5,0,17,0,0,1,0,0,0,4,1,6,1,7,599,1,6,3,1
201343N115083,1,1,0,12,2,0,0,0,0,0,1,1,6,2,7,-1,-1,-1,4,1
201343N115083,2,9,0,18,0,0,0,0,0,0,4,1,6,2,9,1595,1,21,9,1
201343N115103,1,9,0,9,0,3,0,0,0,0,1,1,3,2,6,-1,-1,-1,-1,-1
201343N115103,2,1,0,18,0,3,0,0,0,0,4,1,6,1,9,-1,-1,-1,10,3
201343N115123,1,2,0,18,0,0,0,0,0,0,1,1,6,1,4,49,1,16,10,3
201343N115123,2,9,0,3,0,0,0,0,0,0,2,1,6,2,8,1968,2,3,9,1
201343N116013,1,19,0,1,0,0,0,0,0,0,0,1,1,3,-1,-1,-1,-1,-1,-1
201343N116013,2,9,0,17,0,0,0,0,0,0,1,1,6,1,8,2198,1,12,4,1
201343N116013,3,9,0,17,0,0,0,0,0,0,2,1,6,2,8,1598,1,19,9,1
201343N116033,1,9,0,18,0,8,0,0,0,0,2,1,6,2,7,1598,1,2,-1,-1
201343N116033,2,9,0,6,0,8,0,0,0,0,1,1,6,1,5,2204,2,5,8,1
201343N116103,1,9,0,18,0,4,0,0,0,0,1,1,6,2,8,1388,1,17,10,1
201343N116103,2,9,0,9,0,8,0,0,0,0,4,1,1,1,9,1997,2,3,7,1
201343N117013,1,9,0,18,9,0,1,10,7,0,1,1,5,1,8,1896,2,5,6,1
201343N117023,1,9,0,12,0,0,0,0,0,0,3,1,5,2,5,1600,1,2,7,3
201343N117023,2,21,0,18,0,0,0,0,0,0,4,1,1,1,8,10518,2,1,-1,-1
201343N117043,1,9,0,11,0,0,0,0,0,0,4,1,6,1,7,2179,2,6,10,1
201343N117043,2,9,0,18,0,0,0,0,0,0,3,1,6,1,5,-1,-1,-1,3,1
201343N117093,1,9,0,18,0,1,0,0,0,0,1,1,1,2,6,1995,2,4,3,1
201343N117093,2,9,0,4,0,1,0,0,0,0,2,1,3,2,7,1596,1,7,9,1
201343N117093,3,9,0,9,0,6,0,0,0,0,0,1,6,3,-1,-1,-1,-1,-1,-1
201343N117123,1,9,0,17,0,0,0,0,7,0,3,1,6,1,5,1896,1,16,9,3
201343N118023,1,9,0,18,0,1,0,0,7,0,3,1,5,1,7,1598,1,49,9,1
201343N118023,2,9,0,18,0,8,0,0,0,0,3,1,1,1,6,-1,-1,-1,10,1
201343N118053,1,5,0,16,0,2,1,0,7,0,4,1,6,1,5,-1,-1,-1,8,1
201343N118083,1,9,0,15,0,0,0,0,0,0,3,1,6,3,-1,-1,-1,-1,-1,-1
201343N118083,2,9,0,18,0,0,0,0,0,0,4,1,6,1,8,1390,2,9,5,1
201343N118103,1,9,0,9,0,6,0,0,0,0,1,1,1,1,8,1968,2,3,7,1
201343N118103,2,9,0,18,0,8,1,0,1,0,4,1,6,2,7,1598,1,13,7,1
201343N119063,1,21,0,18,0,0,0,0,0,0,4,1,6,3,-1,-1,-1,-1,-1,-1
201343N119103,1,9,0,18,0,0,0,0,7,0,1,1,6,1,4,998,1,7,3,1
201343N119113,1,9,0,18,0,0,0,0,1,0,1,1,6,1,9,5439,1,9,-1,-1
201343N120123,1,9,0,18,0,0,2,0,4,6,1,1,6,1,6,-1,-1,-1,6,1
201343N120123,2,9,0,18,0,0,1,0,0,0,1,1,6,1,9,1124,1,14,4,1
201343N121023,1,9,0,17,0,0,0,4,0,0,1,1,5,1,10,1896,2,11,8,3
201343N121023,2,9,0,2,6,0,0,0,1,0,1,1,5,1,7,2967,2,4,7,3
201343N121043,1,9,0,16,0,0,0,0,7,4,1,1,6,1,6,-1,-1,-1,7,1
201343N121043,2,9,0,17,0,0,0,0,1,4,3,1,6,1,7,-1,-1,-1,2,1
201343N121063,1,9,0,18,0,0,0,0,1,7,1,1,6,2,6,2793,1,15,3,1
201343N121093,1,9,0,16,0,0,2,0,1,4,4,1,1,2,4,1248,2,9,10,2
201343N121103,1,10,0,9,0,1,0,0,0,0,4,1,1,1,-1,1995,2,3,-1,-1
201343N121103,2,1,0,18,0,1,0,0,0,0,1,1,6,1,7,-1,-1,-1,7,3
201343N121123,1,9,0,18,0,0,1,0,0,0,1,1,6,1,9,-1,-1,-1,4,1
201343N122033,1,19,0,18,0,0,1,0,0,0,1,1,1,1,7,2148,2,5,6,1
201343N122033,2,9,0,18,0,0,0,0,0,0,2,1,2,1,7,2993,2,4,10,1
201343N122043,1,9,0,9,0,6,0,0,0,0,1,1,6,2,8,989,1,14,7,1
201343N122043,2,9,0,18,0,1,0,0,0,0,4,1,6,2,7,1242,1,12,6,1
201343N122043,3,9,0,18,0,1,0,0,0,0,1,1,6,1,9,1995,2,2,10,1
201343N122063,1,11,0,18,0,8,1,0,0,0,1,1,1,1,8,3900,2,9,4,1
201343N122063,2,9,0,4,0,8,0,0,0,0,2,1,2,2,5,1600,1,2,10,1
201343N122073,1,9,0,5,9,0,0,0,0,0,0,1,6,3,-1,-1,-1,-1,-1,-1
201343N122093,1,9,0,18,0,0,0,0,0,0,1,1,6,1,6,1390,1,11,6,1
201343N122093,2,9,0,2,9,0,0,0,0,0,1,1,6,3,-1,2000,1,15,9,1
201343N122103,1,4,0,3,0,0,0,0,0,0,1,1,6,1,6,636,1,10,4,1
201343N122103,2,9,0,3,0,0,0,0,0,0,2,1,6,1,4,1994,2,10,6,1
201343N123043,1,9,0,18,0,3,0,0,0,0,1,1,6,1,6,1242,1,9,6,1
201343N123043,2,9,0,3,0,2,0,0,0,0,1,1,6,1,8,998,1,12,4,1
201343N123063,1,9,0,18,0,2,0,0,1,10,2,1,6,2,5,1587,1,10,10,2
201343N123083,1,1,0,18,0,0,0,0,0,0,1,1,6,1,6,-1,-1,-1,3,1
201343N123093,1,19,0,16,0,7,1,0,0,0,1,1,6,1,7,2402,2,12,5,1
201343N123093,2,21,0,17,0,7,1,0,7,7,1,1,6,1,6,4461,2,5,4,1
201343N123103,1,9,0,15,0,1,0,0,0,0,4,1,2,1,8,2401,2,6,10,1
201343N123103,2,9,0,9,0,1,0,0,0,0,3,1,2,2,7,1198,1,6,10,1
201343N124023,1,9,0,18,0,4,0,0,0,0,1,1,5,1,8,1968,2,8,6,2
201343N124023,2,9,0,3,0,4,0,0,0,0,2,1,5,2,6,1998,1,13,8,1
201343N124043,1,9,0,18,0,0,0,0,0,0,1,1,6,2,8,1199,1,10,6,1
201343N124063,1,9,0,7,0,5,0,0,0,0,0,1,6,1,10,-1,-1,-1,-1,-1
201343N124063,2,9,0,18,0,1,0,0,0,0,2,1,6,1,11,1769,1,8,9,2
201343N124063,3,9,0,18,0,1,0,0,0,0,1,1,6,2,9,2987,2,2,9,3
201343N124063,4,19,0,18,0,1,0,0,0,0,2,1,6,1,5,2198,2,2,9,1
201343N124063,5,9,0,18,0,1,0,0,0,0,1,1,6,1,6,1397,1,13,3,1
201343N124093,1,9,0,18,0,2,0,0,0,0,1,1,6,3,-1,-1,-1,-1,-1,-1
201343N125093,1,9,0,9,0,6,0,0,0,0,4,1,6,2,5,1984,1,3,5,1
201343N125093,2,9,0,18,0,1,0,0,0,0,1,1,6,1,5,1995,1,7,7,3
201343N125113,1,9,0,17,0,0,0,7,0,0,1,1,6,2,10,1753,2,10,9,1
201343N125123,1,9,0,18,0,1,0,0,1,4,1,1,6,1,7,-1,-1,-1,2,1
201343N126023,1,9,0,17,0,0,0,10,8,11,1,1,6,2,4,1199,1,10,9,3
201343N126033,1,21,0,11,0,0,0,0,0,0,4,1,6,1,8,11946,2,3,7,3
201343N126033,2,9,0,18,0,0,0,0,2,7,3,1,6,1,8,1994,2,10,6,1
201343N126043,1,9,0,4,0,0,0,0,0,0,1,1,6,2,8,796,1,13,6,1
201343N126043,2,8,0,4,0,0,0,0,0,0,1,1,6,1,9,1968,2,4,5,1
201343N126043,3,9,0,4,0,0,0,0,0,0,2,1,6,1,7,2499,2,10,10,1
201343N126043,4,9,0,4,0,0,0,0,0,0,2,1,6,2,9,1495,1,4,10,1
201343N126083,1,9,0,14,0,0,1,0,0,0,3,1,6,2,4,1242,1,10,6,1
201343N126083,2,9,0,18,0,0,0,0,1,9,1,1,2,1,10,1995,2,2,7,3
201343N126083,3,9,0,18,0,0,0,0,1,4,0,1,2,2,6,1398,1,3,5,1
201343N126083,4,9,0,2,0,0,0,0,0,0,0,1,2,2,7,1968,2,4,9,1
201343N126093,1,9,0,7,0,4,0,0,0,0,1,1,6,2,9,2400,2,3,-1,-1
201343N126093,2,9,0,7,0,4,0,0,0,0,2,1,6,1,5,1396,1,10,10,1
201343N127063,1,20,0,18,0,0,5,0,1,10,1,1,1,1,6,-1,-1,-1,9,3
201343N127073,1,1,0,13,0,1,0,0,0,0,2,1,6,1,8,-1,-1,-1,9,3
201343N127073,2,9,0,9,0,1,0,0,0,0,3,1,6,1,7,-1,-1,-1,9,3
201343N127103,1,21,0,9,0,6,0,0,0,0,1,1,1,1,9,12580,2,8,9,2
201343N127103,2,9,0,16,0,8,0,0,0,0,3,1,6,2,9,1968,2,2,9,2
201343N128013,1,9,0,17,0,0,1,0,1,0,2,1,1,1,7,1796,1,2,6,1
201343N128013,2,9,0,2,0,0,0,0,0,0,2,1,5,1,7,1595,1,14,6,1
201343N128023,1,5,0,18,0,8,1,0,0,0,3,1,5,1,7,599,1,13,8,3
201343N128043,1,9,0,18,0,0,0,0,0,0,1,1,6,1,4,1400,1,14,3,1
201343N128043,2,9,0,18,0,0,0,0,0,0,0,1,6,3,-1,-1,-1,-1,-1,-1
201343N128073,1,5,0,18,0,0,0,12,0,0,1,1,6,1,9,955,1,9,4,2
201343N129073,1,1,0,18,0,0,0,0,0,0,1,1,6,3,-1,-1,-1,-1,-1,-1
201343N130023,1,9,0,3,0,0,0,0,0,0,2,1,1,1,6,1686,2,8,-1,-1
201343N130023,2,9,0,18,0,0,0,0,0,0,1,1,1,2,7,1995,2,-1,6,1
201343N130023,3,9,0,18,0,0,0,0,0,0,3,1,1,1,7,2231,2,5,3,1
201343N130033,1,21,0,12,0,0,0,0,0,0,3,1,6,1,5,-1,-1,-1,-1,-1
201343N130033,2,9,0,18,0,0,1,0,2,7,4,1,6,2,7,1598,1,6,9,3
201343N130043,1,9,0,16,0,0,1,0,8,4,1,1,6,1,6,1840,1,15,-1,-1
201343N130083,1,5,0,18,0,0,0,0,0,0,2,1,6,1,4,-1,-1,-1,3,1
201343N130083,2,9,0,18,0,0,0,0,0,0,1,1,6,1,10,-1,-1,-1,6,1
201343N130093,1,9,0,4,0,0,0,0,0,0,1,1,2,1,6,1997,2,1,6,1
201343N130103,1,9,0,7,0,5,0,0,0,0,4,1,6,2,6,1390,1,10,3,1
201343N131033,1,9,0,16,0,0,1,10,8,4,1,1,2,1,7,1910,2,8,5,1
201343N131043,1,9,0,18,0,0,0,0,0,6,1,1,6,1,4,1124,1,12,8,2
201343N131053,1,9,0,18,0,8,0,0,0,0,1,1,6,2,9,1998,1,10,9,1
201343N131053,2,19,0,18,0,8,1,0,0,0,1,1,6,1,5,2198,2,2,10,1
201343N131083,1,9,0,18,0,0,0,0,0,0,1,1,6,1,-1,1995,2,7,-1,-1
201343N131083,2,9,0,18,0,0,0,0,0,0,2,1,6,1,9,2446,1,9,5,1
201343N131123,1,9,0,18,0,4,0,0,0,0,1,1,6,3,-1,-1,-1,-1,-1,-1
201343N131123,2,4,0,10,0,8,0,0,0,0,4,1,6,1,8,398,1,27,10,2
201343N132023,1,9,0,5,0,4,0,0,0,0,1,1,5,1,9,1598,1,6,2,1
201343N132023,2,1,0,18,0,8,0,0,0,0,4,1,5,2,8,-1,-1,-1,2,1