Accident_Index,Vehicle_Reference,Vehicle_Type,Towing_and_Articulation,Vehicle_Manoeuvre,Vehicle_Location-Restricted_Lane,Junction_Location,Skidding_and_Overturning,Hit_Object_in_Carriageway,Vehicle_Leaving_Carriageway,Hit_Object_off_Carriageway,1st_Point_of_Impact,Was_Vehicle_Left_Hand_Drive?,Journey_Purpose_of_Driver,Sex_of_Driver,Age_Band_of_Driver,Engine_Capacity_(CC),Propulsion_Code,Age_of_Vehicle,Driver_IMD_Decile,Driver_Home_Area_Type
201343N132033,1,19,0,18,0,1,0,0,0,0,1,1,6,1,8,1998,2,7,5,2
201343N132033,2,9,0,18,0,1,0,0,0,0,1,1,6,1,-1,1995,2,7,-1,-1
201343N132033,3,9,0,10,0,1,0,0,0,0,0,1,6,3,-1,-1,-1,-1,-1,-1
201343N132053,1,9,0,18,0,1,0,0,0,0,0,1,6,1,11,-1,-1,-1,8,1
201343N132053,2,11,0,9,0,1,0,0,0,0,0,1,6,1,8,11967,2,7,9,1
201343N132073,1,9,0,16,0,0,1,0,0,0,1,1,6,1,5,1968,2,-1,3,1
201343N132073,2,9,4,3,0,0,0,0,0,0,2,1,6,1,6,2993,2,1,10,1
201343N132073,3,9,0,18,0,0,0,0,0,0,3,1,6,2,6,1798,1,10,7,1
201343N132073,4,9,0,3,0,0,0,0,0,0,0,1,6,3,-1,-1,-1,-1,-1,-1
201343N132093,1,9,0,18,0,0,0,0,0,0,3,1,6,1,4,1390,1,6,10,1
201343N132093,2,9,0,18,0,0,0,0,0,0,3,1,6,2,7,1560,2,8,10,1
201343N132103,1,8,0,18,0,0,0,0,0,0,1,1,1,1,-1,-1,-1,-1,-1,-1
201343N132103,2,9,0,3,0,0,0,0,0,0,2,1,2,1,6,1968,2,3,9,1
201343N134043,1,9,0,18,0,8,0,0,0,0,3,1,6,2,11,1198,1,9,7,1
201343N134043,2,1,0,9,0,8,0,0,0,0,1,1,6,1,10,-1,-1,-1,8,1
201343N134063,1,19,0,17,0,0,1,0,8,3,1,1,1,1,6,2402,2,3,2,1
201343N134073,1,5,0,13,0,0,1,0,0,0,1,1,6,1,6,-1,-1,-1,10,2
201343N134073,2,9,0,4,0,0,0,0,0,0,2,1,6,2,8,1388,1,9,7,1
201343N134123,1,9,0,16,0,0,0,0,0,0,1,1,6,2,5,998,1,6,8,3
201343N134123,2,9,0,17,0,0,0,0,0,0,1,1,6,1,5,1390,1,16,8,3
201343N135023,1,9,0,18,0,3,0,0,0,0,1,1,5,2,4,1390,1,2,9,3
201343N135023,2,9,0,3,0,3,0,0,0,0,2,1,5,1,7,1796,1,10,9,2
201343N135023,3,9,0,3,0,3,0,0,0,0,2,1,5,1,9,1124,1,12,3,1
201343N135033,1,9,0,18,0,0,0,12,1,4,1,1,6,1,6,1299,1,11,8,2
201343N135063,1,5,0,18,0,0,0,0,0,0,1,1,6,1,8,675,1,3,10,1
201343N135103,1,9,0,18,0,0,0,0,7,11,1,1,6,2,5,1199,1,10,8,1
201343N136033,1,9,0,18,0,4,1,10,1,0,3,1,1,2,8,1248,2,5,6,1
201343N136033,2,9,0,9,0,4,0,9,0,0,4,1,2,2,6,999,1,2,10,3
201343N136033,3,9,0,10,0,8,0,0,0,0,0,1,6,2,7,1998,1,7,10,1
201343N136093,1,21,1,11,0,0,0,0,0,0,4,1,6,1,8,12900,2,5,10,1
201343N136093,2,9,0,18,0,0,1,0,0,0,3,1,6,2,9,1598,1,11,3,1
201343N136093,3,9,0,18,0,0,5,0,0,0,1,1,6,1,5,1364,1,6,9,1
201343N136113,1,9,0,1,0,0,0,0,0,0,2,1,6,1,8,1968,2,5,4,1
201343N136113,2,11,0,18,0,0,0,0,0,0,0,1,6,3,-1,-1,-1,-1,-1,-1
201343N137043,1,9,0,18,0,8,0,0,0,0,1,1,6,1,6,1968,2,2,10,1
201343N137043,2,1,0,18,0,8,0,0,0,0,4,1,6,1,8,-1,-1,-1,10,1
201343N137073,1,9,0,7,0,6,0,0,0,0,1,1,6,1,11,1988,1,15,7,3
201343N137073,2,19,0,18,0,1,2,0,0,0,1,1,1,1,5,1598,2,6,8,1
201343N137083,1,9,0,18,0,4,0,0,0,0,1,1,6,1,4,1995,2,9,10,1
201343N137083,2,9,0,4,0,4,0,0,0,0,2,1,6,1,6,1995,2,5,6,1
201343N137103,1,9,0,16,0,0,1,0,0,0,1,1,6,1,-1,1341,1,12,5,1
201343N137103,2,9,0,17,0,0,0,0,0,0,3,1,6,2,8,1299,1,5,10,1
201343N137123,1,9,0,9,0,4,0,0,0,0,1,1,6,1,8,1796,1,13,8,1
201343N137123,2,1,0,18,0,8,0,0,0,0,2,1,6,2,6,-1,-1,-1,-1,-1
201343N138063,1,2,0,18,0,0,1,11,0,0,1,1,1,1,4,49,1,1,10,1
201343N138093,1,9,0,9,0,6,0,0,0,0,1,1,1,2,7,-1,-1,-1,-1,-1
201343N138093,2,1,0,18,0,8,0,0,0,0,4,1,6,2,9,-1,-1,-1,5,1
201343N138103,1,9,0,18,0,1,0,0,0,0,2,1,6,1,6,1781,1,12,10,2
201343N138103,2,9,0,3,0,1,0,0,0,0,1,1,6,2,6,1598,1,1,6,1
201343N138113,1,9,0,9,0,5,0,0,0,0,3,1,6,2,11,1397,1,2,8,3
201343N138113,2,9,0,18,0,8,0,0,0,0,1,1,6,2,6,1242,1,4,9,1
201343N139013,1,9,0,18,0,0,1,0,0,0,1,1,2,1,8,2171,1,10,10,1
201343N139013,2,9,0,18,0,0,0,0,1,10,1,1,5,1,5,1397,1,11,9,3
201343N139013,3,9,0,18,0,0,0,0,0,0,4,1,5,1,8,-1,-1,-1,-1,-1
201343N139043,1,9,0,18,0,1,0,0,0,0,1,1,2,2,6,-1,-1,-1,10,1
201343N139043,2,21,0,3,0,1,0,0,0,0,2,1,6,1,6,12740,2,1,6,1
201343N139053,1,9,0,10,0,1,0,0,0,0,0,1,6,2,8,1598,1,13,3,1
201343N139053,2,9,0,18,0,1,1,0,0,0,1,1,6,2,7,1587,1,13,8,3
201343N139053,3,9,0,3,0,1,0,0,0,0,3,1,6,1,-1,1984,1,9,10,1
201343N139063,1,9,0,9,0,5,0,0,0,0,1,1,6,1,-1,1497,8,4,4,1
201343N139063,2,3,0,13,0,1,0,0,0,0,1,1,6,1,4,124,1,9,9,1
201343N139103,1,9,0,9,0,5,0,0,0,0,1,1,6,1,7,1560,2,7,4,1
201343N139103,2,9,0,18,0,8,0,0,0,0,3,1,6,2,5,1229,1,5,7,2
201343N139113,1,9,0,17,0,0,0,0,0,0,1,1,6,1,4,1781,1,12,4,1
201343N139113,2,19,0,16,0,0,0,10,1,0,1,1,2,1,6,1998,2,11,10,1
201343N140053,1,9,0,18,0,4,0,0,0,0,1,1,1,1,6,1995,1,5,5,1
201343N140053,2,9,0,4,0,4,0,0,0,0,2,1,1,2,7,1896,2,9,8,2
201343N140093,1,9,0,9,0,6,0,0,0,0,3,1,1,1,6,1910,2,7,4,1
201343N140093,2,1,0,18,0,8,0,0,0,0,1,1,6,1,7,-1,-1,-1,10,1
201343N140103,1,9,0,18,0,0,0,0,0,0,4,1,1,1,9,-1,-1,-1,9,3
201343N141023,1,9,0,18,0,2,0,0,0,0,1,1,2,2,6,1242,1,6,-1,-1
201343N141023,2,9,0,18,0,1,0,0,1,4,1,1,2,1,5,1149,1,2,-1,-1
201343N141053,1,9,0,13,0,0,0,0,0,0,4,1,1,1,9,1956,2,-1,8,2
201343N141053,2,1,0,18,0,0,0,0,0,0,3,1,6,1,6,-1,-1,-1,3,1
201343N141073,1,4,0,16,0,0,0,0,0,0,1,1,6,1,4,471,1,-1,6,1
201343N141073,2,19,0,17,0,0,0,0,1,11,1,1,1,1,6,1998,2,7,5,1
201343N141083,1,9,0,9,0,5,0,0,0,0,1,1,6,2,7,1598,1,6,6,1
201343N141083,2,9,0,18,0,2,0,0,0,0,2,1,6,1,9,1560,2,3,-1,-1
201343N141113,1,9,0,5,0,4,0,0,0,0,1,1,6,2,7,1951,2,11,10,1
201343N141113,2,9,0,9,0,8,0,0,0,0,4,1,6,2,4,1461,2,3,9,3
201343N141123,1,9,0,18,0,1,0,0,0,0,1,1,1,1,8,2993,2,4,-1,-1
201343N142053,1,5,0,13,0,1,1,0,0,0,4,1,1,1,6,1170,1,5,10,1
201343N142053,2,9,0,9,0,1,0,0,0,0,3,1,6,1,11,1905,2,17,8,3
201343N142093,1,8,0,5,0,4,0,0,0,0,1,1,1,1,7,1910,2,7,4,1
201343N142093,2,9,0,18,0,8,0,0,0,0,4,1,2,2,8,1242,1,11,4,1
201343N142103,1,9,0,18,0,4,0,0,0,0,1,1,6,2,9,1388,1,11,5,1
201343N143023,1,9,0,18,0,0,0,0,1,0,0,1,1,1,6,2143,2,1,4,1
201343N143023,2,98,0,18,0,0,0,0,0,0,0,1,5,3,-1,-1,-1,-1,-1,-1
201343N143053,1,9,0,18,0,1,0,0,0,0,1,1,6,1,5,1796,1,7,5,1
201343N143053,2,9,0,3,0,1,0,0,0,0,2,1,6,2,8,1388,1,3,10,2
201343N143073,1,9,0,18,0,4,0,0,0,0,1,1,6,2,6,1910,2,6,5,1
201343N143073,2,1,0,18,0,8,0,0,0,0,4,1,6,2,10,-1,-1,-1,8,1
201343N143083,1,21,0,18,0,0,1,0,0,0,1,1,1,1,7,-1,-1,-1,-1,-1
201343N143083,2,9,0,18,0,0,1,0,0,0,1,1,2,1,6,1595,1,10,3,1
201343N143123,1,9,0,9,0,8,0,0,0,0,4,1,2,1,6,1598,1,11,5,1
201343N143123,2,8,0,18,0,8,0,0,0,0,1,1,1,1,6,1497,8,5,6,1
201343N144053,1,9,0,18,0,0,0,0,0,0,1,1,6,2,10,1396,1,13,9,3
201343N144053,2,9,0,18,0,0,1,0,0,0,1,1,6,1,5,-1,-1,-1,10,1
201343N144063,1,1,0,18,0,0,0,0,0,0,4,1,6,1,7,-1,-1,-1,4,1
201343N144063,2,9,0,18,0,0,0,0,0,0,1,1,6,1,9,1560,2,1,4,1
201343N144073,1,9,0,5,8,0,0,0,0,0,1,1,6,2,6,1397,1,3,4,1
201343N144073,2,11,0,18,0,0,0,0,7,9,1,1,6,1,8,4500,2,4,4,1
201343N144073,3,9,0,2,6,0,0,0,0,0,3,1,6,1,6,-1,-1,-1,-1,-1
201343N144093,1,9,0,13,0,0,0,0,0,0,4,1,6,3,-1,-1,-1,-1,-1,-1
201343N144093,2,9,0,18,0,0,0,0,0,0,3,1,6,1,7,1910,2,8,5,1
201343N144093,3,9,0,18,0,0,0,0,0,0,0,1,6,3,-1,-1,-1,-1,-1,-1
201343N144123,1,9,0,5,9,0,0,0,0,0,1,1,6,1,6,3175,1,10,4,1
201343N145043,1,9,0,16,0,0,1,0,1,3,1,1,6,1,4,1391,1,14,9,1
201343N145053,1,9,0,9,0,6,0,0,0,0,1,1,6,1,7,1910,2,7,4,1
201343N145053,2,9,0,18,0,1,0,0,0,0,3,1,2,1,5,-1,-1,-1,7,1
201343N145063,1,1,0,17,0,0,0,0,0,0,1,1,2,2,7,-1,-1,-1,10,1
201343N146013,1,9,0,4,0,1,0,0,0,0,1,1,5,3,-1,-1,-1,-1,-1,-1
201343N146013,2,9,0,4,0,1,0,0,0,0,2,1,5,1,7,1968,2,1,10,1
201343N146023,1,9,0,4,0,0,0,0,0,0,2,1,5,1,11,1590,1,13,-1,-1
201343N146023,2,9,0,18,0,0,1,0,0,0,1,1,1,2,5,1596,1,11,4,1
201343N146043,1,9,0,18,0,8,0,0,0,0,1,1,6,3,7,1796,1,10,-1,-1
201343N146043,2,1,0,9,0,8,0,0,0,0,2,1,1,1,5,-1,-1,-1,6,1
201343N146053,1,9,0,18,0,1,1,0,0,0,1,1,6,1,4,1242,1,12,7,1
201343N146053,2,9,0,18,0,1,0,0,0,0,1,1,6,2,9,998,1,3,6,1
201343N146053,3,9,0,3,0,1,0,0,0,0,3,1,6,1,11,1388,1,10,-1,-1
201343N146053,4,9,0,10,0,1,0,0,0,0,0,1,6,3,-1,-1,-1,-1,-1,-1
201343N146063,1,9,0,4,0,0,0,0,0,0,1,1,6,1,5,1997,1,10,-1,-1
201343N146063,2,9,0,4,0,0,0,0,0,0,2,1,6,1,6,-1,-1,-1,9,1
201343N146063,3,9,0,4,0,0,0,0,0,0,2,1,6,2,5,1753,2,5,10,1
201343N146063,4,9,0,4,0,0,0,0,0,0,2,1,6,1,8,2497,2,8,10,1
201343N146123,1,21,1,18,0,1,0,0,1,11,1,1,1,1,9,12902,2,-1,6,3
201343N147043,1,9,0,18,0,0,1,0,5,6,3,1,6,2,9,1497,1,10,4,1
201343N147053,1,9,0,9,0,8,0,0,0,0,4,1,2,1,7,1560,2,8,8,3
201343N147053,2,1,0,18,0,4,0,0,0,0,1,1,6,1,4,-1,-1,-1,6,2
201343N147063,1,9,0,18,0,0,2,0,0,0,3,1,6,1,7,2497,2,11,3,1
201343N147063,2,9,0,18,0,0,0,0,0,0,3,1,6,1,8,-1,-1,-1,3,1
201343N148103,1,9,0,9,0,5,0,0,7,0,1,1,6,1,10,1598,2,-1,10,1
201343N148103,2,9,0,18,0,1,0,0,1,0,1,1,6,1,8,2488,1,10,10,1
201343N148123,1,9,0,18,0,1,0,0,0,0,1,1,6,3,-1,1229,1,7,-1,-1
201343N148123,2,9,0,3,0,1,0,0,0,0,2,1,6,2,10,1796,1,13,10,2
201343N149013,1,9,0,9,0,6,0,0,7,9,4,1,5,2,5,2495,2,8,9,3
201343N149013,2,20,5,18,0,8,0,0,0,0,1,1,5,1,9,3920,2,8,2,1
201343N149023,1,3,0,18,0,1,0,7,1,9,1,1,1,1,7,1052,1,13,10,1
201343N149043,1,9,0,18,0,1,0,0,0,0,3,1,6,2,10,1399,1,10,4,1
201343N149053,1,9,0,18,0,6,0,0,3,1,1,1,6,2,11,1360,1,9,6,1
201343N149053,2,9,0,18,0,8,0,0,1,0,3,1,6,1,8,1596,1,10,6,1
201343N149063,1,9,0,18,0,1,0,0,0,0,1,1,6,1,8,-1,-1,-1,5,1
201343N149063,2,9,0,17,0,1,0,0,0,0,2,1,6,2,6,1896,2,7,3,1
201343N149103,1,9,0,17,0,0,1,0,2,10,4,1,6,1,6,2993,2,8,5,1
201343N149123,1,9,0,17,0,0,1,0,7,9,1,1,6,2,8,-1,-1,-1,3,1
201343N150073,1,1,0,18,0,1,0,0,0,0,3,1,6,1,8,-1,-1,-1,3,1
201343N150073,2,9,0,18,0,1,0,0,0,0,4,1,6,1,7,1497,8,4,3,1
201343N151043,1,9,0,18,0,4,0,0,0,0,3,1,6,1,5,1388,1,15,9,1
201343N151043,2,9,0,9,0,8,0,0,0,0,4,1,6,2,5,1598,1,9,7,2
201343N151053,1,5,0,18,0,0,1,0,0,0,4,1,6,1,8,1200,1,7,10,1
201343N151083,1,19,0,18,0,8,0,0,0,0,3,1,6,1,-1,1753,2,9,-1,-1
201343N151083,2,9,0,18,0,8,0,0,0,0,4,1,6,1,9,-1,-1,-1,3,1
201343N152043,1,9,0,9,0,6,0,0,0,0,1,1,6,1,6,1289,1,15,7,3
201343N152043,2,9,0,18,0,8,0,0,0,0,1,1,6,1,9,-1,-1,-1,8,3
201343N152053,1,9,0,18,0,0,0,0,0,0,4,1,2,2,6,1796,1,9,10,1
201343N152063,1,9,0,18,0,0,0,0,0,0,2,1,6,1,5,1995,2,7,10,1
201343N152063,2,21,0,18,0,0,0,0,0,0,4,1,6,1,5,12900,2,6,4,3
201343N152063,3,9,0,18,0,0,0,0,0,0,4,1,6,2,9,1968,2,3,10,2
201343N153053,1,9,0,18,0,0,0,0,0,0,1,1,6,1,5,1781,1,12,4,1
201343N153123,1,90,0,17,0,0,0,0,1,1,4,1,1,1,8,-1,-1,-1,10,1
201343N154013,1,9,0,18,0,0,0,0,0,0,1,1,1,1,9,-1,-1,-1,4,1
201343N154043,1,9,0,4,0,1,0,0,0,0,1,1,6,2,7,-1,-1,-1,10,1
201343N154043,2,9,0,3,0,1,0,0,0,0,2,1,6,2,6,1968,2,4,5,1
201343N154043,3,9,0,9,0,5,0,0,0,0,0,1,6,3,-1,-1,-1,-1,-1,-1
201343N154063,1,9,0,17,0,0,2,0,0,10,3,1,6,1,4,1149,1,12,10,2
201343N154113,1,9,0,18,0,3,0,0,1,11,4,1,1,2,9,1364,2,4,10,1
201343N154113,2,9,0,18,0,4,0,0,0,0,3,1,1,1,6,2979,1,10,4,1
201343N154123,1,9,0,18,0,0,1,0,7,0,1,1,1,2,5,1398,2,3,10,1
201343N155013,1,9,0,4,0,0,0,0,0,0,2,1,2,1,4,1229,1,6,6,1
201343N155013,2,9,0,4,0,0,0,0,0,0,1,1,2,2,7,1388,1,10,9,3
201343N155033,1,9,0,9,0,8,0,0,0,0,1,1,6,1,5,1390,1,17,9,3
201343N155033,2,9,0,18,0,8,0,0,7,0,1,1,6,2,8,1596,1,8,9,3
201343N155063,1,19,0,18,0,1,0,0,0,0,1,1,6,1,7,2998,2,3,8,1
201343N155063,2,9,0,10,0,1,0,0,0,0,2,1,6,2,7,1598,1,11,7,1
201343N155103,1,9,0,17,0,0,0,0,1,11,4,1,6,1,4,1242,1,14,10,1
201343N155113,1,9,0,18,0,0,0,0,0,0,2,1,6,3,-1,1988,1,12,6,1
201343N155113,2,1,0,5,0,0,0,0,0,0,1,1,6,1,6,-1,-1,-1,6,1
201343N155123,1,2,0,16,0,1,0,0,0,0,3,1,6,2,4,49,1,3,10,1
201343N156023,1,9,0,16,0,0,1,0,7,11,1,1,5,2,4,1796,1,8,10,1
201343N156033,1,21,0,16,0,1,0,0,0,0,1,1,6,1,8,3920,2,7,-1,-1
201343N156033,2,9,0,10,0,1,0,0,0,0,4,1,6,1,6,1796,1,7,7,1
201343N156083,1,9,0,18,0,0,0,0,0,0,1,1,6,1,4,1198,1,8,10,2
201343N156083,2,9,0,18,0,0,0,0,1,0,1,1,6,1,11,1339,1,1,10,1
201343N156093,1,9,0,18,0,8,1,10,3,1,1,1,6,1,4,2000,1,13,2,1
201343N156093,2,9,0,18,0,8,0,0,0,0,3,1,6,1,6,1242,1,1,5,1
201343N156123,1,9,0,18,0,0,0,0,0,0,1,1,6,2,9,1199,1,12,10,1
201343N157023,1,9,0,18,0,0,0,0,0,0,4,1,5,2,9,998,1,2,9,3
201343N157033,1,9,0,4,0,0,0,0,0,0,1,1,6,2,-1,1598,1,7,10,1
201343N157033,2,9,0,3,0,0,0,0,0,0,2,1,6,1,7,-1,-1,-1,6,1
201343N157043,1,9,0,14,0,2,1,0,7,2,1,1,6,1,6,1360,1,19,-1,-1
201343N157043,2,9,0,10,0,2,0,0,0,0,3,1,6,2,9,1368,1,9,9,1
201343N157053,1,9,0,1,9,1,0,0,1,0,4,1,6,1,11,1339,1,10,8,1
201343N157063,1,9,0,16,0,0,0,0,7,4,1,1,6,2,9,1199,1,10,9,1
201343N157083,1,9,0,18,0,8,0,0,0,0,1,1,6,2,5,989,1,6,5,1
201343N157083,2,11,0,3,0,8,0,0,0,0,2,1,1,1,8,3900,2,8,-1,-1
201343N157093,1,5,0,7,0,5,0,0,0,0,1,1,6,1,5,599,1,9,4,1
201343N157093,2,19,0,2,0,1,0,0,0,0,2,1,6,1,7,2198,2,6,6,1
201343N158043,1,9,0,1,9,8,0,0,0,0,3,1,6,1,6,1086,1,3,-1,-1
201343N158053,1,9,0,18,0,2,0,0,1,1,1,1,6,1,6,-1,-1,-1,9,3
201343N158053,2,9,0,18,0,2,0,0,0,0,2,1,6,1,7,-1,-1,-1,10,1
201343N158083,1,9,0,16,0,0,5,7,1,2,1,1,6,1,5,1124,1,12,4,1
201343N158103,1,9,0,6,0,8,0,0,0,0,1,1,6,1,8,1598,1,7,9,3
201343N158103,2,9,0,18,0,1,1,0,1,4,1,1,6,1,7,1999,1,11,8,2
201343N159023,1,9,0,16,0,0,1,0,0,0,3,1,5,1,5,1248,2,6,10,1
201343N159023,2,9,0,2,6,0,0,0,7,0,4,1,5,2,-1,1299,1,12,-1,-1
201343N159033,1,21,1,18,0,4,2,9,1,0,0,1,1,1,7,12900,2,3,5,1
201343N159033,2,9,0,18,0,4,0,0,0,0,0,1,6,3,-1,-1,-1,-1,-1,-1
201343N159053,1,8,0,9,0,6,1,0,0,0,1,1,6,1,9,973,1,12,10,2
201343N159053,2,19,0,18,0,8,0,0,0,0,3,1,6,1,10,-1,-1,-1,7,3
201343N159083,1,11,0,18,2,0,0,0,0,0,1,1,6,2,7,6700,2,5,7,3
201343N159123,1,9,0,5,0,6,0,0,0,0,3,1,6,1,9,1299,1,8,10,2
201343N159123,2,1,0,18,0,1,0,0,0,0,2,1,6,1,7,-1,-1,-1,10,2
201343N160053,1,9,0,9,0,8,0,0,0,0,1,1,2,2,5,999,1,-1,7,3
201343N160053,2,8,0,18,0,1,0,0,0,0,1,1,1,1,9,1896,2,8,3,1
201343N160073,1,9,0,18,0,0,0,0,0,0,1,1,6,1,6,-1,-1,-1,4,1
201343N160083,1,3,0,17,0,0,0,0,0,0,1,1,6,1,4,125,1,8,7,1
201343N160083,2,19,0,17,0,0,0,0,0,0,2,1,1,1,6,2148,2,6,9,1
201343N161013,1,9,0,5,0,1,0,0,0,0,1,1,6,2,5,1598,1,2,9,1
201343N161013,2,9,0,5,0,1,0,0,0,0,2,1,1,2,8,1598,2,2,9,3
201343N161043,1,9,0,18,0,0,0,0,0,0,1,1,1,1,8,-1,-1,-1,1,1
201343N161043,2,9,0,18,0,0,1,0,0,0,1,1,1,1,7,-1,-1,-1,7,3
201343N161053,1,9,0,16,0,0,0,0,0,0,1,1,6,1,4,1124,1,11,8,3
201343N161053,2,9,0,17,0,0,0,0,0,0,1,1,6,1,8,1389,1,18,-1,-1
201343N161053,3,98,0,2,0,0,0,0,0,0,0,1,1,3,-1,-1,-1,-1,-1,-1
201343N161113,1,9,0,7,2,1,0,0,0,0,4,1,1,1,9,-1,-1,-1,9,1
201343N161113,2,5,0,18,2,1,0,0,0,0,3,1,6,1,8,798,1,1,7,3
201343N162013,1,9,0,18,0,1,0,0,0,0,1,1,5,1,7,1896,2,5,-1,-1
201343N162013,2,8,0,7,0,1,0,0,0,0,2,1,5,2,7,-1,-1,-1,-1,-1
201343N162033,1,9,0,18,0,8,0,0,0,0,1,1,6,2,9,1339,1,9,6,1
201343N162033,2,5,0,18,0,8,0,0,0,0,4,1,1,1,8,800,1,2,10,1
201343N162063,1,9,0,18,0,4,0,0,0,0,4,1,6,2,8,-1,-1,-1,-1,-1
201343N162063,2,1,0,18,0,4,0,0,0,0,3,1,2,1,7,-1,-1,-1,9,2
201343N162083,1,9,0,9,0,3,0,0,0,0,3,1,6,2,10,1686,2,6,8,1
201343N162083,2,5,0,9,0,3,0,0,0,0,4,1,6,1,10,-1,-1,-1,8,3
201343N162103,1,9,0,7,0,6,0,0,0,0,4,1,6,2,10,1598,1,9,8,2
201343N162103,2,1,0,7,0,6,0,0,0,0,3,1,6,1,6,-1,-1,-1,8,1
201343N163053,1,9,0,5,0,6,0,0,0,0,4,1,6,2,6,1870,2,8,9,3
201343N163053,2,1,0,18,0,1,0,0,0,0,1,1,6,1,6,-1,-1,-1,8,2
201343N163053,3,1,0,18,0,1,0,0,0,0,1,1,6,2,5,-1,-1,-1,8,2
201343N163073,1,1,0,18,0,0,1,0,0,0,0,1,6,1,11,-1,-1,-1,6,1
201343N163113,1,9,0,18,0,1,0,0,0,0,1,1,6,1,-1,-1,-1,-1,-1,-1
201343N163113,2,4,0,18,0,1,0,0,0,0,2,1,6,1,4,125,1,1,4,1
201343N164023,1,9,0,4,0,0,0,0,0,0,1,1,5,1,6,1598,1,2,4,1
201343N164113,1,9,0,18,0,2,0,0,0,0,1,1,1,2,6,1998,2,8,10,1
201343N164113,2,9,0,4,0,5,0,0,1,10,2,1,6,2,8,1974,2,13,-1,-1
201343N164113,3,9,0,3,0,1,0,0,0,0,1,1,6,2,6,2261,1,5,9,1
201343N165043,1,9,0,18,0,0,0,0,0,0,1,1,6,2,6,1910,2,5,4,1
201343N165043,2,9,0,5,0,0,0,0,0,7,2,1,6,1,8,-1,-1,-1,4,1
201343N165073,1,21,0,18,0,8,2,0,1,0,4,1,1,1,6,12900,2,6,3,1
201343N166053,1,9,0,15,0,0,0,0,0,0,3,1,6,1,6,1796,1,10,4,1
201343N166053,2,9,0,18,0,0,0,0,4,6,3,1,6,1,8,2179,2,1,9,3
201343N167023,1,9,0,18,0,0,0,0,0,0,1,1,5,1,6,1997,2,8,9,1
201343N168013,1,9,0,18,0,1,0,0,0,0,4,1,6,1,6,2401,2,11,7,1
201343N168013,2,9,0,18,0,1,0,0,1,0,1,1,2,1,6,1686,2,10,6,1
201343N168023,1,9,0,18,0,1,0,0,0,0,3,1,5,2,8,1299,1,12,9,3
201343N168023,2,1,0,18,0,1,0,0,0,0,1,1,5,1,4,-1,-1,-1,10,2
201343N168043,1,9,0,18,0,0,2,0,2,10,4,1,2,2,9,1598,1,16,7,2
201343N168083,1,9,0,18,0,0,0,0,0,0,1,1,6,1,6,-1,-1,-1,6,3
201343N168083,2,9,0,3,0,0,0,0,0,0,2,1,6,1,7,1968,2,-1,9,1
201343N168103,1,21,1,18,0,6,0,0,0,0,1,1,1,1,9,12777,2,2,1,2
201343N169023,1,9,0,18,0,1,0,0,0,0,1,1,2,1,7,1796,1,5,5,3
201343N169023,2,9,0,10,0,1,0,0,0,0,2,1,2,1,6,-1,-1,-1,4,1
201343N169043,1,9,0,7,0,5,0,0,0,0,4,1,6,1,-1,-1,-1,-1,-1,-1
201343N169043,2,1,0,18,4,8,0,0,0,0,1,1,6,1,6,-1,-1,-1,-1,-1
201343N169073,1,21,1,18,0,0,0,0,1,0,3,1,1,1,6,-1,-1,-1,-1,-1
201343N169073,2,9,0,18,0,0,0,0,1,0,2,1,6,1,4,1995,2,4,10,1
201343N169083,1,9,0,4,0,0,0,0,0,0,1,1,2,1,9,1242,1,4,7,1
201343N169083,2,9,0,3,0,0,0,0,0,0,2,1,1,1,5,1598,1,8,6,2
201343N170013,1,9,0,4,0,0,0,0,0,0,2,1,5,2,8,1753,2,11,5,1
201343N170023,1,9,0,18,0,0,0,0,0,0,4,1,5,2,6,1497,8,5,9,1
201343N170023,2,3,0,18,0,0,0,0,0,0,3,1,5,1,8,102,1,9,8,1
201343N170103,1,9,0,18,0,8,0,0,1,11,1,1,6,2,4,1198,1,1,5,1
201343N170103,2,9,0,18,0,8,0,0,0,0,1,1,6,2,6,1587,1,10,8,1
201343N170113,1,9,0,18,0,1,0,0,0,0,1,1,6,1,-1,-1,-1,-1,-1,-1
201343N170113,2,9,0,18,0,6,0,0,0,0,3,1,6,3,-1,2982,2,3,10,3
201343N170123,1,9,0,17,0,8,1,0,7,0,1,1,2,1,5,1364,1,6,9,1
201343N170123,2,9,0,16,0,8,0,0,1,0,1,1,2,2,8,1560,2,2,8,3
201343N171013,1,9,0,5,0,1,0,0,0,0,2,1,6,2,-1,-1,-1,-1,-1,-1
201343N171013,2,10,0,5,0,1,0,0,0,0,1,1,3,2,8,2500,2,13,9,1
201343N171023,1,9,0,9,0,3,1,7,0,0,1,1,5,1,5,1242,1,10,10,1
201343N171023,2,9,0,4,0,4,0,0,0,0,3,1,5,1,9,1995,2,2,9,1
201343N171123,1,9,0,18,0,0,2,0,0,0,1,1,6,1,10,1299,1,11,8,1
201343N171123,2,9,0,2,0,0,0,4,0,0,2,1,6,3,-1,-1,-1,-1,-1,-1