Accident_Index,Vehicle_Reference,Vehicle_Type,Towing_and_Articulation,Vehicle_Manoeuvre,Vehicle_Location-Restricted_Lane,Junction_Location,Skidding_and_Overturning,Hit_Object_in_Carriageway,Vehicle_Leaving_Carriageway,Hit_Object_off_Carriageway,1st_Point_of_Impact,Was_Vehicle_Left_Hand_Drive?,Journey_Purpose_of_Driver,Sex_of_Driver,Age_Band_of_Driver,Engine_Capacity_(CC),Propulsion_Code,Age_of_Vehicle,Driver_IMD_Decile,Driver_Home_Area_Type
201343N172023,1,9,0,7,0,6,0,0,0,0,3,1,5,2,7,1600,1,12,10,2
201343N172023,2,9,0,18,0,1,0,0,0,7,1,1,5,2,9,1598,1,4,8,3
201343N172053,1,9,0,9,0,1,0,0,0,0,3,1,1,1,7,1995,2,3,10,2
201343N172053,2,5,0,18,0,1,0,0,0,0,1,1,1,1,7,999,1,3,10,1
201343N172073,1,3,0,13,0,1,0,0,0,0,1,1,2,1,6,124,1,6,6,1
201343N172073,2,9,0,9,0,5,0,0,0,0,3,1,6,1,7,2685,2,9,7,1
201343N172103,1,9,0,18,0,0,0,4,1,0,1,1,6,1,5,1686,2,6,4,1
201343N172103,2,9,0,2,0,0,0,0,0,0,2,1,6,3,-1,1995,2,3,-1,-1
201343N172123,1,9,0,17,0,0,0,0,0,0,4,1,6,2,5,1299,1,16,9,3
201343N172123,2,19,0,16,0,0,0,0,0,0,4,1,6,1,7,2998,2,-1,3,1
201343N173023,1,9,0,1,9,1,0,0,0,0,2,1,5,1,5,1364,1,4,5,1
201343N173053,1,9,0,7,0,8,0,0,0,0,2,1,6,1,8,-1,-1,-1,7,1
201343N173053,2,9,0,4,0,8,0,0,0,0,1,1,6,2,5,1086,1,3,5,1
201343N173073,1,9,0,11,0,0,0,0,1,4,4,1,6,2,4,1248,2,6,7,1
201343N173073,2,21,1,18,0,0,0,0,0,0,0,1,6,1,9,12900,2,2,9,1
201343N173073,3,21,1,18,0,0,0,0,0,0,3,1,6,1,8,-1,-1,-1,-1,-1
201343N173083,1,9,0,18,0,8,1,0,1,4,1,1,6,1,11,1364,1,9,10,1
201343N173083,2,9,0,18,0,8,0,0,0,0,1,1,6,1,6,1388,1,3,-1,-1
201343N173083,3,9,0,18,0,8,0,0,0,0,1,1,6,2,11,1199,1,9,10,1
201343N173113,1,9,0,18,0,1,0,0,0,0,1,1,2,2,9,1360,1,11,7,3
201343N173113,2,9,0,18,0,1,0,0,0,0,2,1,6,2,7,2000,2,4,9,2
201343N174053,1,9,0,18,0,8,0,0,0,0,3,1,2,1,10,1598,1,6,9,2
201343N174053,2,9,0,18,0,8,1,0,0,0,1,1,6,2,8,1000,1,12,8,1
201343N174073,1,5,0,18,0,0,0,0,0,0,3,1,6,1,6,-1,-1,-1,4,1
201343N174103,1,2,0,7,0,1,0,0,0,0,2,1,6,1,5,125,1,10,7,1
201343N174103,2,19,0,18,0,1,0,0,0,0,1,1,6,1,8,2200,2,2,8,1
201343N174123,1,9,0,9,0,5,0,0,0,0,4,1,6,1,10,1461,2,3,3,1
201343N174123,2,3,0,18,0,8,0,0,0,0,1,1,6,1,5,124,1,1,5,1
201343N175033,1,8,0,5,0,8,0,0,0,0,1,1,1,1,6,2148,2,8,4,1
201343N175033,2,1,0,9,0,8,0,0,0,0,4,1,2,1,6,-1,-1,-1,10,1
201343N175053,1,9,0,18,0,2,0,0,0,0,1,1,6,1,8,1240,1,7,-1,-1
201343N175053,2,11,0,2,0,2,0,0,0,0,0,1,1,3,-1,-1,-1,-1,-1,-1
201343N176033,1,9,0,18,0,4,5,0,1,0,3,1,6,2,6,1296,1,5,9,1
201343N176033,2,9,0,9,0,4,0,0,0,0,4,1,6,1,7,2488,2,8,5,1
201343N176043,1,9,0,18,0,0,2,0,1,1,3,1,6,1,7,3696,1,3,10,1
201343N176053,1,9,0,7,0,6,0,0,6,0,2,1,6,1,11,1590,1,12,9,1
201343N176053,2,9,0,18,0,8,1,0,0,0,1,1,6,1,7,-1,-1,-1,8,1
201343N176053,3,9,0,18,0,8,0,0,0,0,1,1,6,2,6,1149,1,16,1,1
201343N176053,4,9,0,18,0,8,0,0,0,0,1,1,6,2,9,1973,1,16,5,1
201343N176073,1,4,0,13,0,1,0,0,0,0,1,1,6,1,6,-1,-1,-1,4,1
201343N176073,2,9,0,9,0,5,0,0,0,0,3,1,6,1,9,1999,1,8,8,1
201343N176113,1,9,0,16,0,0,5,0,7,9,3,1,6,2,4,1299,1,11,8,2
201343N176123,1,9,0,17,0,0,0,0,1,4,1,1,6,1,8,1560,2,-1,7,1
201343N177013,1,9,0,9,0,6,0,0,0,0,4,1,5,2,4,1339,1,11,8,1
201343N177013,2,9,0,18,0,1,0,0,0,0,1,1,5,1,8,1997,2,13,10,1
201343N177033,1,9,0,16,0,0,0,0,0,0,1,1,6,1,8,2488,1,8,8,2
201343N177033,2,9,0,17,0,0,0,0,0,0,1,1,6,2,8,1997,1,3,9,3
201343N177053,1,9,0,18,0,8,0,0,0,0,1,1,6,2,6,1598,1,11,3,1
201343N177053,2,9,0,9,0,8,0,0,0,0,4,1,6,1,5,1229,1,8,3,1
201343N177123,1,9,0,9,0,6,0,0,0,0,3,1,6,1,11,1794,1,10,8,2
201343N177123,2,19,0,18,0,8,0,0,0,0,1,1,6,1,6,2953,2,8,6,3
201343N178053,1,3,0,18,0,1,1,0,0,0,1,1,6,2,4,125,1,-1,7,1
201343N178053,2,9,0,9,0,5,0,0,0,0,2,1,6,1,5,-1,-1,-1,9,2
201343N178073,1,19,0,11,0,0,0,0,0,0,1,1,1,1,5,1598,2,-1,10,1
201343N178073,2,9,0,18,0,0,0,0,0,0,2,1,6,1,9,1995,2,2,5,1
201343N178123,1,9,0,9,0,6,0,0,0,0,4,1,2,1,8,1796,1,10,9,1
201343N178123,2,3,0,18,0,1,0,0,0,0,1,1,6,1,4,124,1,4,5,1
201343N178123,3,9,0,18,0,1,0,0,0,0,0,1,2,1,6,1364,1,9,8,3
201343N179013,1,9,0,17,0,0,0,0,0,0,3,1,2,2,5,1753,2,11,4,1
201343N179013,2,9,0,16,0,0,0,0,0,0,3,1,2,2,7,1968,2,2,5,1
201343N179023,1,9,0,7,9,6,0,0,0,0,1,1,6,1,-1,-1,-1,-1,-1,-1
201343N179053,1,11,0,18,0,0,1,0,0,0,1,1,6,1,9,12000,2,5,2,1
201343N179053,2,9,0,4,0,0,0,0,0,0,2,1,6,2,6,1998,2,6,5,1
201343N179073,1,9,0,9,0,5,0,0,0,0,1,1,6,1,9,1798,1,15,9,3
201343N179073,2,1,0,18,0,1,0,0,0,0,1,1,6,1,5,-1,-1,-1,5,1
201343N179083,1,9,0,18,0,0,0,0,2,7,4,1,6,2,5,1796,1,6,5,1
201343N180023,1,9,0,7,0,5,1,0,0,0,1,1,5,1,4,973,1,13,10,1
201343N180023,2,9,0,3,0,1,0,0,0,0,1,1,1,1,9,-1,-1,-1,-1,-1
201343N180033,1,9,0,9,0,8,0,0,0,0,1,1,2,1,7,-1,-1,-1,9,3
201343N180033,2,1,0,17,0,8,0,0,0,0,3,1,2,1,8,-1,-1,-1,9,2
201343N180043,1,9,0,7,2,5,0,0,0,0,4,1,1,2,5,1390,1,10,7,2
201343N180043,2,11,0,18,2,8,0,0,0,0,1,1,1,1,6,4250,2,7,3,1
201343N180063,1,9,0,18,0,2,0,7,0,0,1,1,6,1,8,1198,1,3,10,2
201343N180073,1,19,0,18,0,0,2,0,1,0,1,1,2,1,6,1896,2,5,10,1
201343N180093,1,9,0,18,0,1,0,0,0,0,1,1,2,2,7,999,1,14,10,1
201343N180093,2,9,0,3,0,1,0,0,0,0,2,1,6,1,6,1968,2,6,7,1
201343N180123,1,9,0,18,0,0,0,0,0,0,1,1,6,1,10,1796,1,2,-1,-1
201343N181033,1,9,0,9,0,8,0,0,0,0,4,1,6,2,10,1595,1,10,10,1
201343N181033,2,1,0,18,0,8,0,0,0,0,3,1,6,1,9,-1,-1,-1,9,1
201343N181053,1,9,0,18,0,8,0,0,2,1,1,1,6,1,4,1390,1,16,5,1
201343N181063,1,9,0,17,0,0,5,0,7,0,1,1,6,2,5,1360,1,9,4,1
201343N181073,1,9,0,16,0,0,2,0,1,4,1,1,6,1,6,1994,1,15,6,1
201343N181103,1,9,0,16,0,2,0,0,0,0,1,1,6,1,5,1895,1,12,4,1
201343N181103,2,9,0,16,0,2,0,0,0,0,2,1,6,1,7,1560,2,-1,6,1
201343N181103,3,9,0,16,0,2,0,0,0,0,2,1,6,1,6,1598,1,5,7,3
201343N181123,1,9,0,18,0,0,0,7,0,0,0,1,2,2,5,-1,-1,-1,3,1
201343N182023,1,9,0,18,0,3,0,0,0,0,0,1,2,2,7,1248,1,3,10,1
201343N182043,1,9,0,5,0,8,0,0,0,0,1,1,6,1,10,1769,1,10,10,3
201343N182043,2,9,0,18,0,8,0,0,0,0,4,1,6,2,6,1390,1,10,9,1
201343N182053,1,9,0,9,0,5,0,0,0,0,3,1,6,1,4,1198,1,-1,6,1
201343N182053,2,9,0,3,0,1,0,0,0,0,1,1,6,1,7,1598,2,-1,5,1
201343N182073,1,21,1,12,0,0,0,0,0,0,3,1,6,1,6,-1,-1,-1,-1,-1
201343N182073,2,9,0,18,0,0,0,0,0,0,4,1,6,1,8,1399,2,7,6,1
201343N182083,1,9,0,18,0,1,0,0,0,0,3,1,6,1,4,1360,1,5,10,1
201343N182093,1,9,0,18,0,6,1,0,0,0,1,1,6,1,7,1598,1,7,7,1
201343N182093,2,9,0,18,0,8,0,0,1,1,3,1,6,1,8,1796,1,13,7,2
201343N182113,1,9,0,18,0,8,0,0,0,0,4,1,1,1,5,1248,2,-1,4,1
201343N182113,2,9,0,9,0,8,0,0,0,0,1,1,6,1,9,1598,1,14,10,1
201343N183023,1,9,0,18,0,8,0,0,1,0,4,1,5,1,10,999,1,4,4,1
201343N183023,2,9,0,18,0,8,1,0,1,1,1,1,5,1,4,2495,2,17,9,3
201343N183033,1,9,0,12,0,0,1,0,0,0,3,1,6,2,10,1598,1,2,8,1
201343N183033,2,9,0,18,0,0,5,0,0,0,4,1,1,1,6,1968,2,5,2,1
201343N183043,1,9,0,18,0,0,0,0,0,0,1,1,6,2,6,2494,1,10,10,1
201343N183043,2,9,0,18,0,0,0,0,0,0,1,1,6,1,9,1299,1,17,6,1
201343N183043,3,9,0,2,0,0,0,0,0,0,0,1,6,3,-1,1781,1,22,-1,-1
201343N183043,4,9,0,2,0,0,0,0,0,0,0,1,6,1,-1,1248,2,5,-1,-1
201343N183053,1,97,0,13,0,0,0,0,0,0,0,1,6,3,-1,-1,-1,-1,-1,-1
201343N183053,2,5,0,16,0,0,1,0,0,0,1,1,6,1,5,918,1,15,10,2
201343N183053,3,9,0,17,0,0,0,0,0,0,1,1,6,1,8,1968,2,2,9,1
201343N183063,1,9,0,16,0,0,2,0,1,4,1,1,6,2,5,1364,2,7,4,1
201343N183083,1,9,0,16,0,0,2,0,7,9,1,1,1,2,7,1360,1,6,3,1
201343N183123,1,9,0,18,0,0,0,0,0,0,1,1,6,3,-1,-1,-1,-1,-1,-1
201343N183123,2,9,0,18,0,0,0,0,0,0,2,1,6,2,7,1368,1,-1,6,1
201343N184023,1,9,0,3,0,0,0,0,0,0,3,1,1,1,7,-1,-1,-1,-1,-1
201343N184023,2,9,0,18,0,0,1,0,0,0,1,1,6,2,10,1242,1,11,8,3
201343N184043,1,19,0,18,0,0,1,0,0,0,1,1,1,2,5,2198,2,3,9,1
201343N184043,2,9,0,18,0,0,0,0,0,0,2,1,6,1,9,-1,-1,-1,-1,-1
201343N184043,3,9,0,18,0,0,2,0,1,7,1,1,2,1,8,1598,1,-1,-1,-1
201343N184043,4,9,0,18,0,0,0,0,0,0,2,1,2,1,8,1198,1,9,10,1
201343N184123,1,9,0,18,0,0,0,0,0,0,1,1,6,2,7,1598,1,10,10,1
201343N185013,1,9,0,1,0,0,0,0,0,0,2,1,5,3,-1,-1,-1,-1,-1,-1
201343N185023,1,9,0,13,0,0,0,0,0,0,1,1,5,1,5,-1,-1,-1,-1,-1
201343N185023,2,9,0,3,0,0,0,0,0,0,2,1,2,1,9,2993,2,2,8,1
201343N185033,1,9,0,18,0,0,0,0,0,0,1,1,6,1,6,2979,1,12,3,1
201343N185033,2,9,0,3,0,0,0,0,0,0,2,1,6,1,6,1560,2,6,6,1
201343N185043,1,9,0,16,0,0,1,0,0,0,1,1,6,3,-1,1796,1,11,-1,-1
201343N185043,2,9,0,17,0,0,0,0,0,0,1,1,6,1,7,2231,2,5,10,1
201343N185063,1,5,0,13,0,1,0,0,7,0,1,1,6,1,6,599,1,12,10,1
201343N185063,2,9,0,9,0,5,0,0,0,0,4,1,6,1,4,1390,1,11,8,3
201343N185073,1,9,0,14,0,0,0,0,0,0,1,1,6,1,5,2926,2,12,9,1
201343N185073,2,9,0,2,0,0,0,0,0,0,0,1,3,2,7,2401,2,10,6,1
201343N185083,1,9,0,2,0,0,0,0,0,0,3,1,6,1,9,-1,-1,-1,8,3
201343N185083,2,1,0,14,0,0,0,0,0,0,1,1,6,1,6,-1,-1,-1,-1,-1
201343N185093,1,9,0,18,0,8,0,0,0,0,1,1,6,2,7,1997,1,7,9,3
201343N185093,2,9,0,18,0,8,0,0,1,0,3,1,6,2,7,1998,1,9,7,1
201343N186013,1,9,0,18,0,0,5,0,1,9,4,1,1,2,5,998,1,11,9,3
201343N186103,1,9,0,18,0,1,0,0,0,0,1,1,6,1,-1,-1,-1,-1,-1,-1
201343N186103,2,9,0,9,0,1,0,0,0,0,2,1,6,2,8,998,1,-1,10,1
201343N186123,1,9,0,18,0,0,0,0,0,0,3,1,6,2,4,1299,1,14,5,1
201343N186123,2,9,0,18,0,0,0,0,0,0,3,1,6,1,8,1598,2,2,10,1
201343N187063,1,9,0,18,0,0,1,0,5,6,1,1,6,2,4,1391,1,16,5,1
201343N187113,1,9,0,17,0,0,1,0,2,11,4,1,6,1,4,1229,1,-1,9,1
201343N187123,1,19,0,17,0,0,0,10,0,0,1,1,6,1,4,2198,2,2,9,3
201343N188023,1,9,0,9,0,5,0,0,0,0,1,1,2,2,6,1900,2,8,4,1
201343N188043,1,9,0,9,0,8,0,0,0,0,1,1,6,2,7,2495,2,9,3,1
201343N188043,2,2,0,18,0,8,0,0,0,0,1,1,1,1,6,49,1,2,7,1
201343N188053,1,9,0,18,0,1,0,0,0,0,1,1,6,1,-1,1896,2,17,4,1
201343N188053,2,9,0,3,0,1,0,0,0,0,2,1,6,2,8,1396,1,10,9,2
201343N188063,1,19,0,18,0,1,0,0,0,0,1,1,6,1,-1,-1,-1,-1,-1,-1
201343N188063,2,9,0,4,0,1,0,0,0,0,2,1,6,2,5,1598,1,8,7,1
201343N188103,1,9,0,7,0,6,0,0,0,0,1,1,1,2,6,1598,1,1,10,1
201343N188103,2,9,0,18,0,8,0,0,0,0,4,1,6,2,7,-1,-1,-1,-1,-1
201343N188123,1,3,0,16,0,0,1,0,0,0,0,1,6,2,5,-1,-1,-1,3,1
201343N189053,1,9,0,17,0,0,2,0,1,9,1,1,6,1,4,1149,1,12,7,2
201343N189063,1,9,0,7,0,8,0,0,0,0,1,1,6,2,7,1796,1,6,9,1
201343N189063,2,5,0,18,0,8,1,0,0,0,2,1,6,1,10,955,1,7,9,3
201343N189083,1,5,0,4,0,1,0,0,0,0,4,1,6,2,5,805,1,3,8,2
201343N190023,1,9,0,16,0,0,0,0,0,0,1,1,5,1,10,1998,1,15,9,1
201343N190023,2,8,0,17,0,0,0,0,0,0,1,1,1,1,7,1910,2,7,4,1
201343N190043,1,21,4,18,0,0,1,0,0,0,1,1,1,1,7,11705,2,5,1,1
201343N190043,2,9,0,4,0,0,0,0,0,0,2,1,6,1,7,2993,2,7,9,1
201343N190043,3,9,0,4,0,0,0,0,0,0,2,1,6,1,7,2435,1,12,10,1
201343N190043,4,9,0,4,0,0,0,0,0,0,2,1,6,1,7,-1,-1,-1,7,1
201343N190043,5,9,0,4,0,0,0,0,0,0,2,1,6,1,7,1248,2,3,8,3
201343N190043,6,9,0,4,0,0,0,0,0,0,2,1,6,2,6,1198,1,8,5,1
201343N190063,1,9,0,18,0,8,0,0,3,10,1,1,6,1,9,1870,2,12,10,1
201343N190073,1,9,0,18,0,0,1,0,4,0,1,1,6,2,8,2987,2,1,7,1
201343N190083,1,3,0,18,0,0,0,0,8,11,1,1,6,1,4,124,1,3,4,1
201343N190103,1,21,0,11,0,0,0,0,0,0,4,1,1,3,-1,-1,-1,-1,-1,-1
201343N190103,2,9,0,18,0,0,0,0,0,0,3,1,6,1,6,1364,1,5,6,1
201343N190113,1,9,0,18,0,4,0,0,0,0,3,1,6,2,7,1968,2,2,10,1
201343N190113,2,1,0,18,0,4,0,0,0,0,1,1,6,1,8,-1,-1,-1,10,1
201343N191023,1,9,0,18,0,0,1,0,1,0,0,1,5,1,6,1199,1,10,9,1
201343N191023,2,9,0,18,0,0,0,0,0,0,0,1,5,3,-1,-1,-1,-1,-1,-1
201343N191043,1,9,0,13,0,0,1,0,1,0,4,1,6,1,10,2496,1,7,9,1
201343N191043,2,9,0,18,0,0,0,0,2,7,3,1,6,2,9,1242,1,11,3,1
201343N191063,1,9,0,9,0,8,0,0,0,0,1,1,6,1,10,1497,8,5,10,1
201343N191063,2,9,0,18,0,8,0,0,0,0,1,1,6,1,6,2494,1,14,10,1
201343N191063,3,9,0,8,0,1,0,0,0,0,1,1,6,2,10,1595,1,12,10,1
201343N191073,1,19,0,11,0,7,0,0,0,0,0,1,6,1,7,2287,2,6,-1,-1
201343N191073,2,9,0,18,0,7,0,0,0,0,0,1,6,1,6,-1,-1,-1,4,1
201343N191093,1,5,0,4,0,0,0,0,0,0,1,1,1,1,9,1352,1,4,5,1
201343N191103,1,9,0,9,0,6,1,0,0,0,1,1,6,1,5,2000,1,9,7,1
201343N191103,2,9,0,18,0,1,1,0,0,0,1,1,6,1,4,1339,1,10,8,3
201343N192043,1,9,0,9,0,8,0,0,0,0,3,1,1,1,10,1769,1,11,10,1
201343N192043,2,9,0,18,0,1,1,0,0,0,1,1,1,1,6,1596,1,9,9,1
201343N192053,1,1,0,18,0,0,1,0,0,0,1,1,6,1,4,-1,-1,-1,6,2
201343N192073,1,9,0,2,0,0,0,0,0,0,2,1,6,2,11,2171,1,9,10,3
201343N192093,1,9,0,18,0,3,0,0,0,0,1,1,2,1,5,1796,1,10,10,3
201343N192093,2,9,0,18,0,1,0,0,0,0,1,1,2,2,4,1198,1,7,-1,-1
201343N192093,3,11,0,18,0,1,0,0,0,0,1,1,1,1,6,9600,2,19,4,1
201343N192113,1,9,0,7,0,1,0,0,0,0,1,1,6,2,6,1391,1,14,10,1
201343N192113,2,9,0,18,0,1,0,0,0,0,2,1,6,1,6,-1,-1,-1,-1,-1
201343N193063,1,9,0,18,0,0,0,0,0,0,1,1,6,1,4,1199,1,12,7,1
201343N193063,2,9,0,4,0,0,0,0,0,0,2,1,6,1,5,1598,1,8,3,1
201343N193063,3,9,0,13,0,0,0,0,0,0,0,1,6,3,-1,-1,-1,-1,-1,-1
201343N193083,1,9,0,7,0,8,0,0,0,0,1,1,6,2,-1,-1,-1,-1,-1,-1
201343N193083,2,1,0,18,0,8,0,0,0,0,3,1,2,1,8,-1,-1,-1,6,1
201343N194023,1,9,0,17,0,0,1,0,1,9,2,1,5,1,6,1968,2,10,7,1
201343N194033,1,9,0,4,0,0,1,0,0,0,2,1,6,2,6,1242,1,9,6,1
201343N194033,2,9,0,18,0,0,0,0,0,0,1,1,6,3,-1,-1,-1,-1,-1,-1
201343N194043,1,9,0,13,0,1,0,0,0,0,1,1,6,1,7,-1,-1,-1,5,1
201343N194043,2,9,0,9,0,5,0,0,0,0,3,1,6,1,6,2996,1,6,9,3
201343N194073,1,19,0,18,0,1,1,0,0,0,1,1,1,1,5,2402,2,11,3,1
201343N194073,2,9,0,3,0,1,0,0,0,0,2,1,2,2,6,1390,1,4,9,1
201343N194073,3,9,0,10,0,1,0,0,0,0,2,1,2,1,5,-1,-1,-1,6,2
201343N194093,1,9,0,18,0,0,0,0,0,0,1,1,6,1,8,989,1,13,-1,-1
201343N194093,2,9,0,18,0,0,0,0,0,0,2,1,6,1,-1,2720,2,6,-1,-1
201343N194103,1,9,0,18,0,3,0,0,0,0,3,1,6,1,6,1798,1,5,9,3
201343N195013,1,9,0,4,0,0,0,0,0,0,1,1,6,2,6,1422,2,12,2,1
201343N195013,2,9,0,4,0,0,0,0,0,0,2,1,6,1,6,1997,2,1,5,2
201343N195023,1,9,0,18,0,0,0,0,7,0,1,1,5,2,7,-1,-1,-1,4,1
201343N195023,2,9,0,18,0,0,0,0,0,0,1,1,5,1,10,1794,1,11,7,1
201343N195033,1,9,0,18,0,1,0,0,0,0,1,1,6,1,7,998,1,1,4,1
201343N195033,2,9,0,3,0,1,0,0,0,0,2,1,6,3,5,-1,-1,-1,-1,-1
201343N195033,3,9,0,3,0,1,0,0,0,0,2,1,6,1,6,1910,2,8,8,1
201343N195033,4,9,0,3,0,1,0,0,0,0,2,1,6,1,6,1600,1,11,5,1
201343N195043,1,9,0,18,0,0,0,0,0,0,3,1,1,2,-1,1896,2,11,9,3
201343N195043,2,9,0,18,0,0,0,0,0,0,3,1,6,2,6,1994,1,16,9,3
201343N195063,1,9,0,2,0,0,0,0,0,0,3,1,6,3,-1,-1,-1,-1,-1,-1
201343N195063,2,9,0,5,0,0,1,4,0,0,4,1,6,1,4,1896,2,15,3,1
201343N195073,1,9,0,12,0,0,0,0,0,0,0,1,6,2,-1,-1,-1,-1,-1,-1
201343N195073,2,9,0,18,0,0,2,0,4,6,3,1,6,2,6,1598,1,10,5,1
201343N195093,1,9,0,5,0,3,0,0,0,0,1,1,6,1,4,1390,1,13,4,1
201343N195093,2,9,0,5,0,3,0,0,0,0,2,1,6,2,5,1242,1,1,10,1
201343N195113,1,9,0,9,0,8,0,0,0,0,3,1,6,3,-1,-1,-1,-1,-1,-1
201343N195113,2,9,0,9,0,8,0,0,0,0,4,1,6,2,6,1242,1,7,9,1
201343N195123,1,9,0,17,8,2,0,0,0,0,3,1,6,1,11,2597,1,12,9,1
201343N196023,1,9,0,18,0,0,0,0,0,0,1,1,5,3,-1,-1,-1,-1,-1,-1
201343N196023,2,9,0,4,0,0,0,0,0,0,2,1,5,1,5,973,1,10,10,1
201343N196033,1,9,0,18,0,0,0,0,0,0,1,1,6,1,10,1975,1,7,9,2
201343N196033,2,9,0,18,0,0,0,0,0,0,1,1,6,1,7,1910,2,5,7,3
201343N196033,3,9,0,2,0,0,0,0,0,0,1,1,6,3,-1,2497,2,14,-1,-1
201343N196043,1,9,0,16,0,0,5,0,7,9,3,1,6,1,5,1596,1,14,4,1
201343N196073,1,1,0,16,0,0,0,4,7,0,2,1,6,1,8,-1,-1,-1,8,1
201343N196073,2,9,0,2,6,0,0,0,0,0,1,1,6,3,-1,2494,1,16,-1,-1
201343N196083,1,9,0,9,0,1,1,0,7,0,1,1,6,2,4,1598,1,3,10,3
201343N196083,2,21,1,2,6,2,0,0,0,0,4,1,6,1,6,12740,2,-1,2,1
201343N197033,1,9,0,18,0,0,1,12,7,9,1,1,2,2,5,1360,1,11,8,2
201343N197053,1,9,0,16,0,0,1,0,0,0,4,1,6,1,4,1598,1,12,3,1
201343N197053,2,9,0,17,0,0,0,0,0,0,1,1,6,2,6,998,1,11,4,1
201343N197083,1,9,0,18,0,0,0,0,0,0,1,1,6,2,7,1299,1,13,6,1
201343N197083,2,8,0,3,0,0,0,0,0,0,2,1,6,1,8,1997,2,5,7,1
201343N197093,1,9,0,4,0,8,0,0,0,0,3,1,6,1,5,1968,2,5,4,1
201343N197093,2,9,0,18,0,8,0,0,1,0,4,1,6,2,7,2993,2,-1,-1,-1
201343N197103,1,9,0,9,0,8,0,0,0,0,3,1,2,1,7,1968,2,2,9,1
201343N197103,2,1,0,18,0,8,0,0,0,0,1,1,2,1,7,-1,-1,-1,9,1
201343N198013,1,9,0,16,0,0,1,0,0,0,1,1,5,2,6,-1,-1,-1,5,1
201343N198013,2,9,0,17,0,0,0,0,0,0,1,1,5,1,5,2179,2,1,10,1
201343N198033,1,9,0,9,0,4,0,0,0,0,3,1,2,2,8,1390,1,1,10,1
201343N198033,2,9,0,18,0,8,0,0,0,0,1,1,6,1,6,1495,1,13,3,1
201343N198033,3,9,0,18,0,1,0,0,0,0,3,1,6,2,9,1118,1,24,-1,-1
201343N198043,1,1,0,18,0,0,0,0,0,0,2,1,6,1,9,-1,-1,-1,5,1
201343N198043,2,1,0,18,0,0,0,0,0,0,1,1,6,1,8,-1,-1,-1,7,3
201343N199053,1,21,1,11,0,0,0,0,0,0,4,1,1,1,7,-1,-1,-1,-1,-1
201343N199053,2,9,0,18,0,0,0,0,2,7,3,1,1,2,8,998,1,11,7,1
201343N199063,1,9,0,18,0,4,0,0,0,0,1,1,6,2,8,1360,1,5,-1,-1
201343N199063,2,1,0,9,0,4,0,0,0,0,4,1,6,1,7,-1,-1,-1,5,1
201343N199083,1,9,0,18,0,0,0,0,0,0,3,1,6,2,9,1799,1,7,9,1
201343N200023,1,9,0,18,0,1,0,6,1,0,1,1,6,1,11,1587,1,20,10,2
201343N200023,2,9,0,18,0,1,0,0,0,0,0,1,6,3,-1,-1,-1,-1,-1,-1
201343N200033,1,9,0,18,0,2,0,0,0,0,1,1,6,1,10,1781,1,15,9,3
201343N200043,1,9,0,17,0,0,0,0,0,0,1,1,6,2,4,1389,1,15,-1,-1
201343N200043,2,9,0,16,0,0,0,0,1,0,1,1,6,1,5,1400,1,14,-1,-1
201343N201033,1,19,0,9,0,5,0,0,0,0,4,1,6,1,9,2500,2,14,10,3
201343N201033,2,9,0,18,0,1,0,0,0,0,1,1,6,1,6,1389,1,15,4,1
201343N201093,1,5,0,16,0,1,1,10,7,1,1,1,6,1,6,-1,-1,-1,3,1
201343N201103,1,9,0,18,0,0,0,0,0,0,4,1,6,1,7,-1,-1,-1,-1,-1
201343N201113,1,9,0,16,0,0,1,0,1,4,1,1,1,2,6,1598,1,14,9,1
201343N201123,1,9,0,18,0,0,2,10,1,9,1,1,6,2,8,1598,1,6,10,1
201343N202013,1,9,0,18,0,0,1,0,0,0,1,1,2,1,8,2143,2,-1,6,2
201343N202013,2,9,0,4,0,0,0,0,0,0,2,1,5,2,8,1388,1,12,6,3
201343N202013,3,9,0,18,0,0,0,0,0,0,1,1,2,2,10,1796,1,10,5,1
201343N202043,1,9,0,18,0,0,0,0,0,0,1,1,6,3,6,1600,1,13,-1,-1
201343N202043,2,1,0,18,0,0,0,0,0,0,2,1,6,1,5,-1,-1,-1,8,2
201343N202053,1,9,0,18,0,1,1,0,0,0,0,1,6,2,6,1124,1,15,9,1
201343N202053,2,9,0,4,0,1,0,0,0,0,0,1,6,2,6,1360,1,11,3,1
201343N202063,1,9,0,18,0,8,0,0,0,0,1,1,6,1,6,1896,2,9,2,1
201343N202063,2,1,0,18,0,8,0,0,0,0,1,1,6,1,3,-1,-1,-1,4,1
201343N202083,1,9,0,18,0,8,0,0,0,0,1,1,6,2,4,1397,1,11,4,1
201343N202083,2,19,0,18,0,8,0,0,1,0,2,1,6,1,7,1998,2,7,4,1
201343N202093,1,19,0,18,0,0,1,0,0,0,1,1,6,1,7,1997,2,8,5,1
201343N202093,2,9,0,3,0,0,0,0,0,0,2,1,6,2,5,1461,2,8,7,1