Accident_Index,Vehicle_Reference,Vehicle_Type,Towing_and_Articulation,Vehicle_Manoeuvre,Vehicle_Location-Restricted_Lane,Junction_Location,Skidding_and_Overturning,Hit_Object_in_Carriageway,Vehicle_Leaving_Carriageway,Hit_Object_off_Carriageway,1st_Point_of_Impact,Was_Vehicle_Left_Hand_Drive?,Journey_Purpose_of_Driver,Sex_of_Driver,Age_Band_of_Driver,Engine_Capacity_(CC),Propulsion_Code,Age_of_Vehicle,Driver_IMD_Decile,Driver_Home_Area_Type
201343N202093,3,9,0,3,0,0,0,0,0,0,2,1,6,2,7,2987,2,7,3,1
201343N202123,1,9,0,18,0,0,0,0,0,0,1,1,2,2,4,1149,1,15,6,2
201343N202123,2,9,0,18,0,0,0,0,0,0,3,1,2,2,6,1984,1,10,8,1
201343N203033,1,9,0,18,0,0,1,10,1,3,1,1,6,2,4,1360,1,8,8,1
201343N203083,1,5,0,18,0,4,0,0,3,0,1,1,6,1,8,1050,1,8,8,3
201343N205053,1,5,0,18,0,4,1,10,0,0,4,1,6,1,8,1137,1,12,8,1
201343N205073,1,9,0,16,0,0,0,0,7,0,1,1,6,2,5,1149,1,6,9,3
201343N205073,2,9,0,17,0,0,1,0,0,0,1,1,6,1,9,1997,1,17,-1,-1
201343N205083,1,9,0,18,0,1,5,0,0,0,4,1,6,2,8,1598,1,4,9,3
201343N205083,2,9,0,5,0,1,0,0,0,0,1,1,6,2,7,1998,2,1,8,1
201343N206013,1,9,0,18,0,0,1,0,0,0,1,1,2,1,10,1998,1,9,10,2
201343N206013,2,9,0,3,0,0,0,0,0,0,2,1,2,2,8,1598,1,11,7,3
201343N206013,3,9,0,3,0,0,0,0,0,0,2,1,2,1,7,1910,2,8,5,1
201343N206073,1,9,0,18,0,0,0,8,0,0,1,1,6,2,5,1242,1,12,5,1
201343N206073,2,9,0,2,0,0,0,0,0,0,3,1,6,1,8,1598,1,4,-1,-1
201343N206083,1,9,0,18,0,1,0,0,1,0,1,1,6,2,7,1995,1,1,10,1
201343N206083,2,9,0,9,0,1,0,0,0,0,2,1,6,1,7,1999,1,6,8,1
201343N206103,1,98,0,18,0,0,0,0,0,0,0,1,6,3,-1,-1,-1,-1,-1,-1
201343N206103,2,9,0,18,0,0,1,10,1,3,2,1,6,1,5,1796,1,10,7,1
201343N207013,1,9,0,4,0,0,1,0,0,0,1,1,5,2,4,1242,1,2,10,1
201343N207013,2,9,0,4,0,0,0,0,0,0,2,1,5,1,6,1587,1,9,2,1
201343N207083,1,9,0,18,0,0,0,0,0,0,1,1,1,1,8,-1,-1,-1,7,2
201343N207083,2,21,0,4,0,0,0,0,0,0,2,1,1,1,6,7146,2,5,8,1
201343N207103,1,9,0,3,0,3,0,0,0,0,1,1,6,2,7,1995,2,9,-1,-1
201343N207103,2,9,0,3,0,3,0,0,0,0,2,1,6,2,7,1199,1,12,4,1
201343N207103,3,9,0,16,0,3,0,0,0,0,2,1,6,2,7,1595,1,14,10,3
201343N208033,1,9,0,16,0,0,1,0,4,0,1,1,6,2,6,1242,1,6,8,3
201343N209033,1,9,0,14,0,1,0,0,0,0,1,1,6,1,-1,-1,-1,-1,-1,-1
201343N209033,2,9,0,9,0,5,0,0,0,0,1,1,6,1,8,-1,-1,-1,9,3
201343N209053,1,19,0,6,0,8,0,0,0,0,1,1,1,1,9,1968,2,-1,2,1
201343N209053,2,19,0,18,0,8,0,0,0,0,3,1,1,1,5,1910,2,7,10,1
201343N209063,1,9,0,9,0,6,5,0,0,0,3,1,1,2,10,999,1,4,5,3
201343N209063,2,9,0,18,0,1,0,0,0,0,1,1,6,2,7,1796,1,11,3,1
201343N209083,1,9,0,18,0,1,0,0,0,0,1,1,6,1,7,1998,2,6,2,1
201343N209083,2,9,0,3,0,1,0,0,0,0,2,1,6,2,8,1997,2,10,7,1
201343N209093,1,9,0,18,0,1,0,0,0,0,1,1,6,2,6,599,1,11,7,3
201343N209093,2,1,0,9,0,8,0,0,0,0,1,1,6,1,6,-1,-1,-1,10,2
201343N209103,1,20,0,11,0,0,0,0,0,0,3,1,6,1,-1,2402,2,7,-1,-1
201343N209103,2,9,0,13,0,0,0,0,0,0,4,1,6,1,6,1986,2,5,6,1
201343N210053,1,9,0,9,0,5,0,0,0,0,4,1,6,1,10,1598,1,6,8,3
201343N210053,2,9,0,18,0,1,0,0,1,9,1,1,6,2,8,1840,1,11,10,1
201343N210093,1,9,0,4,0,1,0,0,0,0,1,1,6,1,4,973,1,13,5,1
201343N210093,2,9,0,7,0,5,0,0,0,0,1,1,6,1,8,1997,2,5,7,1
201343N210123,1,9,0,4,0,0,0,0,0,0,2,1,6,1,6,1896,2,11,2,1
201343N210123,2,9,0,5,0,0,0,0,0,0,1,1,6,1,6,1998,1,10,4,2
201343N210123,3,9,0,5,0,0,0,0,0,0,1,1,6,2,10,1998,1,8,5,1
201343N211063,1,9,0,17,0,0,1,0,7,4,4,1,6,1,9,1998,2,8,10,1
201343N211063,2,9,0,18,0,0,0,0,0,0,1,1,6,1,9,-1,-1,-1,10,3
201343N211063,3,9,0,18,0,0,0,0,0,0,0,1,6,3,-1,-1,-1,-1,-1,-1
201343N211113,1,9,0,4,0,0,0,0,0,0,1,1,6,1,-1,1389,1,14,3,1
201343N211113,2,9,0,3,0,0,0,0,0,0,2,1,6,1,6,1560,2,-1,6,1
201343N212013,1,9,0,18,0,0,0,0,0,0,1,1,1,2,8,1984,1,5,10,2
201343N212013,2,9,0,18,0,0,0,0,0,0,1,1,1,1,9,-1,-1,-1,3,1
201343N212013,3,9,0,18,0,0,0,0,1,0,1,1,1,1,8,2179,2,8,9,1
201343N212033,1,9,0,18,0,1,0,0,0,0,1,1,6,1,7,-1,-1,-1,5,1
201343N212033,2,3,0,4,0,1,0,0,0,0,2,1,6,1,7,124,1,2,5,1
201343N212053,1,9,0,18,0,8,0,0,0,0,3,1,6,1,-1,1248,2,9,-1,-1
201343N212053,2,9,0,18,0,8,0,0,0,0,1,1,6,2,9,1998,2,4,10,1
201343N212063,1,9,0,9,0,5,0,0,0,0,3,1,2,1,6,6208,1,-1,10,2
201343N212063,2,3,0,13,0,8,0,0,0,0,4,1,6,1,5,124,1,1,7,1
201343N212073,1,19,0,7,0,8,0,0,0,0,1,1,6,1,9,1896,2,10,9,3
201343N212073,2,9,0,9,0,8,0,0,0,0,1,1,6,3,-1,-1,-1,-1,-1,-1
201343N213053,1,21,0,18,0,0,1,0,0,0,1,1,6,1,6,7201,2,2,1,1
201343N213053,2,9,0,4,0,0,0,0,0,0,2,1,6,2,6,-1,-1,-1,10,1
201343N213053,3,9,0,4,0,0,0,0,0,0,2,1,6,1,6,1798,1,5,8,1
201343N213063,1,9,0,18,0,0,0,0,7,0,1,1,6,1,9,1368,1,1,2,1
201343N213063,2,9,0,18,0,0,0,0,0,0,1,1,6,2,6,2461,2,5,10,1
201343N213103,1,9,0,4,0,1,0,0,0,0,1,1,2,1,7,-1,-1,-1,5,1
201343N213103,2,9,0,3,0,1,0,0,0,0,2,1,2,2,5,998,1,11,9,1
201343N213103,3,20,0,10,0,1,0,0,0,0,2,1,6,2,5,-1,-1,-1,7,2
201343N213113,1,9,0,16,0,0,1,0,7,0,1,1,6,2,5,1598,1,6,-1,-1
201343N213123,1,9,0,15,0,0,0,0,0,0,4,1,1,1,7,1995,2,2,5,1
201343N213123,2,1,0,18,0,0,0,0,1,0,3,1,1,1,7,-1,-1,-1,8,3
201343N214063,1,9,0,9,0,5,0,0,0,0,4,1,6,2,5,1149,1,10,1,1
201343N214063,2,9,0,18,0,1,0,0,0,0,1,1,6,1,7,1497,8,5,9,1
201343N214123,1,9,0,9,0,1,0,0,0,0,1,1,2,1,8,-1,-1,-1,6,2
201343N215063,1,9,0,9,0,6,0,0,0,0,3,1,2,2,7,1391,1,17,7,1
201343N215063,2,1,0,18,0,1,0,0,0,0,1,1,2,2,7,-1,-1,-1,5,1
201343N215083,1,9,0,18,0,1,0,0,0,0,1,1,1,1,8,-1,-1,-1,10,1
201343N215083,2,9,0,3,0,1,0,0,0,0,0,1,1,2,6,-1,-1,-1,2,1
201343N215083,3,19,0,7,0,1,0,0,0,0,1,1,6,1,6,2800,2,10,4,1
201343N215093,1,9,0,18,0,0,0,8,0,0,4,1,6,2,9,1149,1,8,9,1
201343N215093,2,9,0,2,6,0,0,0,0,0,3,1,6,2,7,1598,1,11,10,2
201343N215113,1,9,0,16,0,0,1,0,1,10,2,1,6,2,5,1242,1,11,8,3
201343N216013,1,9,0,14,0,2,0,0,0,0,1,1,5,1,7,1587,1,11,6,1
201343N216013,2,11,0,2,0,2,0,0,0,0,0,1,1,3,-1,-1,-1,-1,-1,-1
201343N216123,1,9,0,17,0,0,1,0,2,7,1,1,6,1,6,1596,1,9,6,1
201343N217053,1,19,0,9,0,6,0,0,0,0,1,1,6,1,-1,-1,-1,-1,-1,-1
201343N217053,2,1,0,17,0,1,0,0,0,0,1,1,6,2,8,-1,-1,-1,7,3
201343N217073,1,9,0,16,0,0,1,0,0,0,3,1,2,1,4,-1,-1,-1,8,1
201343N217073,2,9,0,17,0,0,1,0,0,0,3,1,2,2,5,1598,1,10,9,3
201343N217083,1,9,0,16,0,0,2,0,0,10,3,1,1,1,5,1248,2,4,9,1
201343N217093,1,9,0,4,0,0,0,0,0,0,1,1,6,1,7,3387,1,7,6,1
201343N217093,2,9,0,3,0,0,0,0,0,0,2,1,6,1,10,1360,1,14,7,1
201343N217113,1,11,0,18,0,1,0,0,0,0,1,1,1,1,6,9600,2,18,4,1
201343N217113,2,90,0,10,0,1,0,0,0,0,2,1,1,1,7,7146,2,1,9,1
201343N218013,1,9,0,18,0,0,0,0,0,0,1,1,5,1,9,1896,2,6,10,1
201343N218013,2,9,0,18,0,0,0,0,1,0,1,1,5,2,9,-1,-1,-1,8,3
201343N218013,3,9,0,18,0,0,0,0,7,0,3,1,5,1,6,1396,1,1,9,1
201343N218053,1,8,0,18,0,0,0,0,0,0,0,1,1,1,7,1896,2,9,4,1
201343N218063,1,9,0,7,0,6,0,0,0,0,1,1,6,2,8,1896,2,12,-1,-1
201343N218063,2,9,0,5,0,1,0,0,0,0,2,1,6,1,6,998,1,15,3,1
201343N218073,1,9,0,9,0,6,0,0,0,0,1,1,6,1,4,1000,1,13,8,1
201343N218073,2,9,0,18,0,8,0,0,0,0,1,1,6,1,7,-1,-1,-1,5,1
201343N218083,1,9,0,18,0,2,0,0,0,0,1,1,6,1,6,1968,2,5,4,1
201343N218083,2,9,0,3,0,2,0,0,0,0,2,1,6,1,10,998,1,9,5,1
201343N218083,3,9,0,3,0,2,0,0,0,0,2,1,6,1,7,-1,-1,-1,9,1
201343N218093,1,9,0,18,0,0,0,0,0,0,1,1,6,3,-1,-1,-1,-1,-1,-1
201343N218093,2,1,0,18,0,0,0,0,0,0,2,1,6,1,9,-1,-1,-1,-1,-1
201343N219053,1,9,0,1,0,6,0,0,0,0,2,1,6,2,-1,-1,-1,-1,-1,-1
201343N219053,2,9,0,18,0,1,0,0,0,0,4,1,6,1,9,1900,2,15,3,1
201343N219073,1,9,0,18,0,1,0,0,0,0,1,1,6,1,7,1197,1,2,9,1
201343N219073,2,9,0,3,0,1,0,0,0,0,2,1,6,2,7,3222,2,10,9,2
201343N219083,1,9,0,18,0,0,0,0,0,0,1,1,6,2,6,2143,2,3,6,1
201343N219083,2,9,0,7,7,0,0,0,0,0,2,1,6,1,7,2198,1,9,-1,1
201343N219093,1,9,0,9,0,6,0,0,0,0,1,1,1,2,8,1598,1,17,10,2
201343N219093,2,9,0,18,0,1,0,0,1,9,3,1,6,2,10,1588,1,9,9,1
201343N220063,1,4,0,18,0,0,1,0,0,0,0,1,2,1,8,244,1,4,5,1
201343N220083,1,9,0,18,0,0,1,0,0,0,1,1,1,2,8,1199,1,10,5,1
201343N220083,2,9,0,18,0,0,1,0,0,0,2,1,1,2,9,1560,2,3,9,1
201343N220093,1,9,0,18,0,0,0,0,0,0,1,1,6,2,7,998,1,5,6,1
201343N220093,2,9,0,4,0,0,0,0,0,0,2,1,6,1,7,1910,2,5,10,2
201343N220093,3,9,0,4,0,0,0,0,0,0,2,1,6,1,9,-1,-1,-1,4,1
201343N221073,1,9,0,18,0,0,0,0,0,0,1,1,6,1,9,1995,2,1,9,3
201343N221083,1,9,0,18,0,1,0,0,0,0,1,1,6,1,-1,998,1,1,-1,-1
201343N221083,2,9,0,3,0,1,0,0,0,0,2,1,6,2,5,1124,1,11,8,1
201343N221093,1,9,0,16,0,1,0,0,0,0,1,1,6,2,8,1598,1,10,10,3
201343N221093,2,9,0,17,0,1,0,0,0,0,1,1,6,1,7,1896,2,6,6,1
201343N221103,1,9,0,16,0,0,0,0,1,0,1,1,6,1,6,1598,1,9,9,3
201343N221103,2,21,0,17,0,0,1,0,0,0,3,1,6,1,8,5900,2,11,7,1
201343N222053,1,21,1,9,0,6,0,0,0,0,3,1,1,1,7,11705,2,1,2,1
201343N222053,2,5,0,16,0,1,1,0,0,0,1,1,2,1,8,998,1,7,10,2
201343N222093,1,19,0,18,0,0,0,0,0,0,1,1,6,3,-1,-1,-1,-1,-1,-1
201343N222093,2,9,0,18,0,0,0,0,0,0,2,1,6,3,-1,1753,2,7,-1,-1
201343N223053,1,9,0,18,0,2,0,0,0,0,4,1,6,2,9,1590,1,10,-1,-1
201343N223063,1,9,0,13,0,0,0,0,0,0,1,1,6,1,-1,-1,-1,-1,-1,-1
201343N223063,2,1,0,18,0,0,0,0,0,0,2,1,6,1,9,-1,-1,-1,10,1
201343N223073,1,9,0,18,0,0,0,0,0,0,1,1,6,1,11,4196,1,7,10,1
201343N223073,2,9,0,4,0,0,0,0,4,0,2,1,6,1,7,1560,2,2,8,2
201343N223073,3,9,0,4,0,0,0,0,0,0,2,1,6,1,7,2993,2,3,6,1
201343N223093,1,5,0,18,0,1,0,0,0,0,1,1,6,1,6,-1,-1,-1,8,1
201343N223093,2,9,0,9,0,5,0,0,0,0,3,1,6,2,6,1896,2,9,7,1
201343N224013,1,19,0,1,9,7,0,0,0,0,2,1,1,1,7,2143,2,2,3,1
201343N224053,1,9,0,18,0,0,0,0,0,0,0,1,6,2,6,1360,1,9,5,1
201343N224053,2,9,0,18,0,0,0,0,0,0,0,1,1,1,9,4196,1,7,10,1
201343N224073,1,9,0,13,0,0,0,0,0,0,4,1,6,3,-1,-1,-1,-1,-1,-1
201343N224073,2,1,0,18,0,0,0,0,7,0,3,1,6,1,6,-1,-1,-1,9,1
201343N224113,1,9,0,18,0,0,0,0,0,0,0,1,6,3,-1,-1,-1,-1,-1,-1
201343N224113,2,21,0,2,0,0,0,0,0,0,0,1,1,1,8,-1,-1,-1,9,1
201343N225073,1,9,0,16,0,0,0,0,7,0,1,1,6,1,4,-1,-1,-1,8,3
201343N225073,2,9,0,17,0,0,0,0,0,0,1,1,6,2,8,1618,1,2,7,3
201343N225093,1,9,0,16,0,0,1,0,7,4,0,1,6,1,4,1388,1,5,8,1
201343N226013,1,9,0,18,0,8,0,0,0,0,4,1,5,1,10,1599,1,8,7,1
201343N226013,2,11,0,18,0,8,0,0,1,0,1,1,1,1,9,3900,2,8,8,1
201343N226063,1,98,0,18,0,0,0,0,0,0,1,1,6,1,5,2198,2,5,3,1
201343N226063,2,21,0,3,0,0,0,0,0,0,2,1,6,3,-1,12740,2,3,-1,-1
201343N226063,3,9,0,3,0,0,0,0,0,0,2,1,6,3,-1,2198,1,6,-1,-1
201343N226093,1,9,0,13,0,0,0,0,0,0,4,1,6,1,11,-1,-1,-1,6,2
201343N226093,2,1,0,18,0,0,0,0,0,0,3,1,6,1,7,-1,-1,-1,-1,-1
201343N226103,1,9,0,18,0,0,0,4,0,0,1,1,6,1,7,2143,2,4,9,1
201343N226103,2,20,0,2,0,0,0,0,0,0,3,1,6,3,-1,2800,2,10,8,1
201343N226123,1,9,0,18,0,1,0,0,0,0,0,1,1,2,6,1248,2,4,4,1
201343N226123,2,3,0,9,0,8,0,0,0,0,3,1,6,1,4,-1,-1,-1,5,1
201343N227013,1,9,0,18,0,0,0,0,0,0,1,1,5,1,7,1998,1,9,10,2
201343N227013,2,9,0,1,0,0,0,0,0,0,2,1,5,2,7,1998,1,8,9,3
201343N227073,1,19,0,17,0,0,0,0,2,7,1,1,1,1,9,2463,2,9,7,1
201343N228013,1,9,0,13,0,0,0,0,7,0,1,1,5,1,6,2198,1,11,8,2
201343N228013,2,9,0,18,0,0,0,0,1,10,2,1,5,2,6,1199,1,9,8,3
201343N228063,1,9,0,18,0,0,0,0,0,0,1,1,1,2,8,2996,1,6,3,1
201343N228063,2,9,0,3,0,0,0,0,0,0,2,1,1,2,8,-1,-1,-1,8,1
201343N228063,3,9,0,3,0,0,0,0,0,0,2,1,1,2,6,1968,2,3,2,1
201343N228063,4,9,0,3,0,0,0,0,0,0,2,1,1,1,7,1984,1,5,10,1
201343N228093,1,1,0,18,0,1,0,0,0,0,1,1,6,2,9,-1,-1,-1,9,1
201343N228093,2,9,0,9,0,8,0,0,0,0,4,1,6,1,8,1560,2,1,10,2
201343N229053,1,19,0,14,0,1,2,0,7,3,1,1,1,1,6,2496,2,14,3,1
201343N229053,2,9,0,9,0,5,0,0,0,0,3,1,6,2,6,1968,2,9,9,3
201343N229063,1,9,0,18,0,4,1,0,7,2,1,1,6,3,-1,1461,2,11,-1,-1
201343N229063,2,9,0,18,0,4,2,10,7,11,3,1,6,1,7,1389,1,19,5,1
201343N229093,1,9,0,9,0,6,1,0,0,0,3,1,6,2,5,1242,1,11,9,1
201343N229093,2,9,0,18,0,1,0,0,0,0,1,1,6,2,10,1968,2,5,-1,-1
201343N229103,1,9,0,18,0,4,0,0,0,0,1,1,6,1,11,-1,-1,-1,9,2
201343N229103,2,1,0,18,0,3,0,0,0,0,2,1,6,1,9,-1,-1,-1,-1,-1
201343N229113,1,9,0,13,0,0,0,0,7,10,2,1,1,1,7,1229,1,-1,4,1
201343N229113,2,20,0,18,0,0,0,0,0,0,1,1,1,1,7,-1,-1,-1,4,1
201343N229113,3,9,0,18,0,0,0,0,0,0,0,1,1,1,8,1598,1,5,8,2
201343N230013,1,9,0,14,0,0,0,0,0,0,1,1,2,1,7,-1,-1,-1,10,1
201343N230013,2,11,0,3,0,0,0,0,0,0,0,1,1,1,7,9100,2,3,5,1
201343N230103,1,9,0,18,0,1,0,0,0,0,1,1,6,2,-1,1596,1,1,10,1
201343N230103,2,9,0,3,0,1,0,0,0,0,2,1,6,2,4,996,1,2,9,1
201343N231053,1,9,0,9,0,5,0,0,0,0,1,1,2,2,8,1895,1,12,10,1
201343N231053,2,9,0,18,0,1,0,0,0,0,1,1,2,1,6,1998,1,7,10,1
201343N231053,3,9,0,3,0,2,0,0,0,0,1,1,1,1,9,-1,-1,-1,10,3
201343N231063,1,9,0,12,0,0,0,0,0,0,3,1,1,1,7,1390,1,11,5,1
201343N231063,2,5,0,18,0,0,1,0,0,0,4,1,1,1,8,955,1,11,10,3
201343N231123,1,9,0,16,0,0,1,0,0,0,1,1,6,1,9,1968,2,5,10,1
201343N231123,2,9,0,17,0,0,1,0,0,0,1,1,6,1,9,2987,2,6,6,1
201343N232063,1,5,0,6,0,0,0,0,0,0,0,1,6,1,8,885,1,20,9,1
201343N232093,1,9,0,16,0,0,1,0,7,4,1,1,2,2,8,1995,2,9,10,2
201343N232093,2,9,0,18,0,0,0,0,1,0,3,1,2,1,8,1968,2,6,9,1
201343N232113,1,9,0,9,0,3,0,0,0,0,1,1,1,1,9,599,1,11,10,1
201343N232113,2,19,0,18,0,4,0,0,0,0,3,1,1,1,9,2459,2,16,9,1
201343N233053,1,9,0,18,0,8,0,0,0,0,3,1,1,2,6,1124,1,6,4,1
201343N233053,2,4,0,13,0,8,1,0,7,0,4,1,1,1,6,599,1,15,3,1
201343N233063,1,19,4,13,0,1,0,0,0,0,4,1,6,1,-1,-1,-1,-1,-1,-1
201343N233063,2,1,0,18,0,1,0,0,0,0,3,1,6,1,7,-1,-1,-1,9,3
201343N233093,1,9,0,9,0,8,0,0,0,0,3,1,6,2,5,1396,1,4,5,1
201343N233093,2,3,0,18,0,1,0,0,0,0,1,1,6,1,4,124,1,-1,6,1
201343N233103,1,9,0,1,9,2,0,0,1,0,2,1,6,1,5,-1,-1,-1,4,1
201343N234013,1,9,0,16,0,0,0,0,0,0,1,1,2,2,6,1968,2,5,8,2
201343N234013,2,11,0,5,0,0,0,0,0,0,0,1,1,3,-1,-1,-1,-1,-1,-1
201343N234063,1,9,0,9,0,6,0,0,0,0,3,1,6,2,7,999,1,3,7,1
201343N234063,2,1,0,18,0,1,0,0,0,0,1,1,6,1,6,-1,-1,-1,8,1
201343N234103,1,9,0,18,0,0,0,0,1,4,1,1,6,1,6,1998,1,11,9,1
201343N235013,1,9,0,9,0,6,0,0,0,0,3,1,5,1,8,2987,2,5,3,1
201343N235013,2,9,0,18,0,1,0,0,0,0,1,1,5,1,6,1242,1,17,3,1
201343N235053,1,9,0,16,0,0,2,0,0,0,4,1,6,1,5,1229,1,5,3,1
201343N235053,2,9,0,16,0,0,0,0,0,0,3,1,6,1,9,1984,2,4,9,1
201343N235103,1,9,0,16,0,0,2,0,1,0,4,1,6,2,5,1124,1,16,4,1
201343N235123,1,9,0,18,0,1,1,0,0,0,1,1,6,2,8,1364,1,5,5,1
201343N235123,2,19,0,9,0,1,0,0,7,0,2,1,1,1,8,2143,2,-1,2,1
201343N236013,1,9,0,18,0,0,1,0,0,0,1,1,5,1,-1,1149,1,8,-1,-1
201343N236013,2,9,0,3,0,0,0,0,0,0,2,1,5,2,9,2179,2,3,9,3
201343N236053,1,9,0,18,0,0,0,0,0,0,1,1,6,2,4,1149,1,11,9,1
201343N236053,2,5,0,3,0,0,0,0,0,0,2,1,6,1,8,649,1,1,10,1
201343N236073,1,1,0,18,9,8,0,0,0,0,1,1,6,1,4,-1,-1,-1,-1,-1
201343N236073,2,9,0,1,9,8,0,0,0,0,2,1,6,1,7,2435,1,12,9,1
201343N236093,1,20,0,18,0,1,0,0,0,0,1,1,1,1,-1,-1,-1,-1,-1,-1
201343N236093,2,1,0,7,0,6,0,0,0,0,2,1,6,1,6,-1,-1,-1,9,3
201343N236103,1,9,0,12,0,0,0,0,0,0,3,1,6,1,10,1997,2,14,3,1
201343N236103,2,9,0,18,0,0,0,0,0,0,4,1,6,1,9,1896,2,5,8,1
201343N237013,1,9,0,16,0,0,1,0,0,0,1,1,2,2,8,1998,1,9,8,1
201343N237013,2,9,0,17,0,0,0,0,0,0,1,1,2,2,7,1595,1,5,10,3
201343N237053,1,90,0,18,0,1,0,0,0,0,1,1,6,1,3,-1,-1,-1,4,1
201343N237103,1,4,0,16,0,0,1,0,0,0,1,1,6,1,7,124,1,7,4,1
201343N237103,2,9,0,17,0,0,0,0,0,0,1,1,6,1,5,1229,1,8,3,1
201343N238013,1,9,0,13,0,1,0,0,0,0,1,1,5,1,4,1995,1,10,10,2
201343N238013,2,9,0,10,0,1,0,0,0,0,2,1,5,1,7,2720,2,6,9,3
201343N238103,1,9,0,9,0,6,0,0,0,0,3,1,6,1,9,2496,2,8,10,1
201343N238103,2,5,0,18,0,8,1,0,0,0,3,1,6,1,7,592,1,19,2,1
201343N239013,1,9,0,4,0,1,0,0,0,0,3,1,5,1,8,1397,1,10,4,1
201343N239063,1,9,0,18,0,0,1,0,0,7,4,1,1,1,8,1896,2,9,4,1
201343N239063,2,9,0,18,0,0,2,0,1,7,3,1,6,2,5,1149,1,12,8,1
201343N239073,1,3,0,18,0,0,1,0,7,0,0,1,6,1,4,124,1,7,8,2
201343N239093,1,21,0,14,0,0,0,0,0,0,1,1,6,1,6,5880,2,7,6,1
201343N239093,2,9,0,6,0,0,0,0,7,0,3,1,6,2,10,-1,-1,-1,10,1
201343N239103,1,9,0,9,0,6,0,0,0,0,1,1,6,2,8,1149,1,10,4,1
201343N239103,2,21,0,18,0,8,0,0,0,0,3,1,6,3,-1,-1,-1,-1,-1,-1
201343N239113,1,9,0,18,0,0,0,2,7,0,1,1,6,1,5,1395,1,-1,10,1
201343N239123,1,20,0,14,0,0,0,0,0,0,1,1,1,1,9,-1,-1,-1,3,1
201343N239123,2,19,0,2,0,0,0,0,0,0,2,1,1,1,8,2402,2,2,6,1
201343N239123,3,19,0,3,0,0,0,0,1,0,1,1,6,1,9,1753,2,10,10,1
201343N240013,1,9,0,9,0,4,0,0,0,0,1,1,5,1,5,1900,2,6,-1,-1
201343N240013,2,1,0,18,0,8,0,0,0,0,3,1,5,1,7,-1,-1,-1,4,1
201343N240053,1,9,0,18,0,0,0,0,0,0,4,1,6,1,6,1199,1,12,5,1
201343N240063,1,9,0,9,0,6,0,0,0,0,3,1,2,2,7,1399,2,9,3,1
201343N240063,2,9,0,18,0,1,1,0,1,0,1,1,2,1,6,1398,1,8,6,1
201343N240073,1,3,0,18,0,0,0,0,0,0,1,1,6,1,5,125,1,18,8,2
201343N240073,2,9,0,6,0,0,0,0,0,0,3,1,6,1,9,1796,1,8,7,3
201343N240093,1,9,0,1,0,0,0,0,0,0,2,1,6,1,5,2496,1,12,4,1
201343N240103,1,9,0,9,0,7,0,0,0,0,1,1,6,2,6,1198,1,10,-1,-1
201343N240103,2,9,0,18,0,8,0,0,0,0,4,1,6,1,6,4266,1,13,5,3
201343N240113,1,19,0,18,0,0,0,0,0,0,4,1,6,1,9,2402,2,9,10,2
201343N241053,1,9,0,18,0,0,5,0,7,4,4,1,6,2,7,1590,1,13,7,1
201343N241063,1,3,0,8,0,1,0,0,0,0,4,1,6,1,5,102,1,7,10,1
201343N241063,2,1,0,18,0,1,0,0,0,0,1,1,4,1,3,-1,-1,-1,7,1
201343N241093,1,9,0,18,0,0,1,0,4,6,1,1,6,2,7,1398,1,-1,5,1
201343N241093,2,21,1,18,0,0,0,0,0,0,2,1,6,1,8,-1,-1,-1,-1,-1
201343N241103,1,9,0,18,0,0,0,0,1,0,1,1,2,2,9,1598,1,8,10,2
201343N241103,2,21,0,18,0,0,0,0,0,0,2,1,1,1,6,-1,-1,-1,-1,-1
201343N242013,1,9,0,17,0,0,0,0,0,0,1,1,2,1,6,1360,1,9,6,1
201343N242013,2,9,0,16,0,0,0,0,0,0,1,1,5,1,9,-1,-1,-1,10,3
201343N242053,1,9,0,18,0,0,0,0,0,0,4,1,6,2,6,1587,1,6,-1,-1
201343N242053,2,1,0,18,0,0,0,0,0,0,2,1,6,1,7,-1,-1,-1,4,1
201343N242063,1,9,0,18,0,8,0,0,0,0,1,1,6,1,-1,2494,2,1,-1,-1
201343N242063,2,9,0,4,0,8,0,0,0,0,2,1,2,2,6,1242,1,12,7,2
201343N242093,1,9,0,16,0,1,1,0,7,4,1,1,6,1,5,2979,1,12,8,1
201343N242103,1,9,0,13,0,0,1,0,1,0,1,1,6,1,7,1997,2,10,5,1
201343N242103,2,1,0,18,0,0,0,0,0,0,2,1,6,2,8,-1,-1,-1,7,1
201343N242113,1,9,0,9,0,6,0,0,0,0,1,1,6,1,-1,2800,2,18,4,1
201343N242113,2,9,0,18,0,1,0,0,0,0,4,1,6,1,9,1242,1,6,5,1
201343N243013,1,9,0,18,0,1,0,0,0,0,3,1,5,2,4,1242,1,9,10,2
201343N243063,1,9,0,9,0,6,0,0,0,0,3,1,6,1,9,1797,8,4,8,3
201343N243063,2,1,0,17,0,1,0,0,0,0,1,1,6,1,7,-1,-1,-1,8,1
201343N243103,1,9,0,3,0,1,0,0,0,3,1,1,6,1,6,1598,1,11,7,1