Accident_Index,Vehicle_Reference,Vehicle_Type,Towing_and_Articulation,Vehicle_Manoeuvre,Vehicle_Location-Restricted_Lane,Junction_Location,Skidding_and_Overturning,Hit_Object_in_Carriageway,Vehicle_Leaving_Carriageway,Hit_Object_off_Carriageway,1st_Point_of_Impact,Was_Vehicle_Left_Hand_Drive?,Journey_Purpose_of_Driver,Sex_of_Driver,Age_Band_of_Driver,Engine_Capacity_(CC),Propulsion_Code,Age_of_Vehicle,Driver_IMD_Decile,Driver_Home_Area_Type
201343P008023,1,9,0,17,0,2,0,0,1,4,1,1,6,1,11,2982,2,15,7,3
201343P008043,1,9,0,18,0,0,0,0,0,0,1,1,6,1,4,1299,1,12,10,1
201343P008053,1,9,0,9,0,6,0,0,0,0,1,1,6,1,5,1598,1,3,8,3
201343P008053,2,9,0,18,0,8,0,0,0,0,1,1,6,1,11,1390,1,3,10,3
201343P008053,3,9,0,10,0,1,0,0,0,0,1,1,6,1,8,1781,1,8,7,3
201343P008073,1,9,0,9,0,6,0,0,0,0,1,1,2,2,6,1905,2,15,5,1
201343P008073,2,9,0,18,0,8,0,0,7,1,1,1,2,2,9,1388,1,3,9,1
201343P008083,1,21,0,18,0,0,0,4,0,0,1,1,1,1,7,10308,2,5,9,1
201343P008083,2,21,0,2,6,0,0,0,0,0,2,1,1,1,8,12419,2,5,6,2
201343P008093,1,9,0,9,0,3,0,0,0,0,0,1,6,3,6,-1,-1,-1,-1,-1
201343P008093,2,9,0,4,0,3,0,0,0,0,2,1,6,1,5,1769,1,14,-1,-1
201343P008093,3,9,0,4,0,3,0,0,0,0,1,1,6,1,6,1368,1,4,8,3
201343P008093,4,9,0,18,0,3,0,0,0,0,2,1,6,1,6,1998,1,6,10,2
201343P008103,1,21,0,17,0,0,5,0,7,0,1,1,1,1,7,5480,2,9,8,2
201343P009033,1,9,0,2,0,0,0,0,0,0,3,1,2,2,8,1896,2,10,10,1
201343P009033,2,1,0,18,0,0,0,8,0,0,1,1,2,1,8,-1,-1,-1,6,1
201343P009053,1,9,0,16,0,0,0,0,0,0,1,1,6,1,11,1598,1,4,10,3
201343P009053,2,9,0,17,0,0,0,0,1,0,1,1,6,1,11,-1,-1,-1,8,1
201343P009053,3,9,0,16,0,0,0,0,0,0,1,1,6,2,6,1997,2,2,7,1
201343P009083,1,1,0,14,0,8,0,0,0,0,1,1,6,1,6,-1,-1,-1,-1,-1
201343P009083,2,11,0,3,0,1,0,0,0,0,0,1,1,3,-1,-1,-1,-1,-1,-1
201343P009113,1,5,0,9,0,6,0,0,0,0,3,1,6,1,7,-1,-1,-1,6,3
201343P010013,1,9,0,18,0,4,0,0,0,0,3,1,6,2,8,1560,2,4,9,1
201343P010013,2,5,0,9,0,8,0,0,0,0,1,1,6,2,6,903,1,6,5,1
201343P011013,1,19,0,17,0,0,2,0,7,9,4,1,2,1,6,2402,2,5,6,1
201343P011083,1,4,0,7,0,6,0,0,0,0,4,1,6,1,5,124,1,2,6,1
201343P011083,2,8,0,18,0,8,0,0,0,0,1,1,6,1,7,2402,2,10,3,1
201343P011123,1,9,0,9,0,6,0,0,0,0,1,1,6,1,6,1968,2,3,9,3
201343P011123,2,1,0,18,0,8,0,0,0,0,3,1,6,2,5,-1,-1,-1,5,1
201343P012033,1,9,0,2,0,0,0,0,0,0,3,1,6,1,6,1998,1,6,2,1
201343P012033,2,1,0,14,0,0,0,8,0,0,4,1,6,1,5,-1,-1,-1,7,1
201343P012043,1,9,0,7,0,6,1,0,0,0,1,1,6,1,5,1596,1,12,10,3
201343P012043,2,9,0,9,0,5,0,0,0,0,3,1,6,2,6,2993,2,4,9,3
201343P012073,1,1,0,18,0,1,0,0,0,0,3,1,1,1,6,-1,-1,-1,3,1
201343P012073,2,9,0,7,0,5,0,0,0,0,1,1,6,2,6,2148,2,8,5,1
201343P013023,1,9,0,18,0,0,0,0,0,0,4,1,1,3,-1,-1,-1,-1,-1,-1
201343P013043,1,9,0,17,0,0,1,0,1,2,3,1,1,1,6,1560,2,7,6,1
201343P014023,1,9,0,18,0,1,0,0,0,0,1,1,6,1,5,1598,1,9,9,1
201343P014023,2,9,0,18,0,1,0,0,0,0,2,1,6,1,6,1360,1,9,6,3
201343P014023,3,1,0,18,0,1,0,0,0,0,0,1,6,3,-1,-1,-1,-1,-1,-1
201343P014053,1,9,0,9,0,5,0,0,0,0,4,1,6,2,5,1895,1,12,3,1
201343P014053,2,5,0,18,0,8,1,0,0,0,1,1,6,1,9,955,1,9,5,1
201343P014093,1,9,0,18,0,1,0,0,0,0,1,1,6,1,7,1796,1,8,4,2
201343P014103,1,9,0,6,0,6,0,0,0,0,1,1,3,1,7,2000,2,2,10,1
201343P014103,2,9,0,18,0,1,0,0,1,1,3,1,6,2,5,1799,1,5,10,3
201343P014123,1,9,0,18,0,0,0,0,0,0,1,1,6,1,6,2982,2,-1,-1,-1
201343P014123,2,9,0,18,0,0,0,0,0,0,1,1,6,2,6,1240,1,8,9,3
201343P015083,1,9,0,16,0,0,1,0,1,0,1,1,6,1,7,1299,1,9,4,1
201343P015083,2,17,4,17,0,0,1,0,0,0,1,1,1,1,8,-1,-1,-1,7,2
201343P015123,1,9,0,16,0,1,0,0,8,11,1,1,1,2,7,1360,1,14,10,3
201343P016013,1,9,0,18,0,2,0,0,0,0,1,1,6,1,8,1331,1,19,7,3
201343P016063,1,9,0,13,0,1,0,0,0,0,4,1,6,1,7,1240,1,8,-1,-1
201343P016063,2,1,0,18,0,1,0,0,0,0,3,1,6,1,5,-1,-1,-1,5,1
201343P016073,1,9,0,5,9,8,0,0,0,0,3,1,6,3,-1,1997,2,3,-1,-1
201343P016073,2,1,0,18,9,1,0,0,0,0,1,1,6,2,6,-1,-1,-1,5,1
201343P016123,1,9,0,18,0,0,0,8,0,0,4,1,6,1,11,2494,1,14,9,2
201343P016123,2,9,0,2,0,0,0,0,0,0,3,1,6,3,-1,-1,-1,-1,-1,-1
201343P017033,1,9,0,17,0,0,2,0,7,4,4,1,6,2,4,1398,2,9,9,3
201343P017083,1,21,0,17,0,8,5,0,0,0,4,1,1,1,8,10837,2,3,10,1
201343P017093,1,9,0,18,0,0,0,0,1,3,1,1,6,1,6,-1,-1,-1,7,1
201343P018053,1,9,0,16,0,0,2,0,1,0,1,1,6,1,4,1390,1,12,10,2
201343P019023,1,5,0,16,0,0,1,0,0,0,4,1,6,1,5,645,1,2,7,3
201343P019023,2,19,0,17,0,0,0,0,0,0,1,1,1,1,7,1996,2,2,10,1
201343P019033,1,9,0,18,0,0,0,0,0,0,1,1,2,1,8,1595,1,-1,10,3
201343P019033,2,9,0,4,0,0,0,0,0,0,2,1,2,1,5,-1,-1,-1,4,1
201343P019043,1,9,0,18,0,0,0,0,0,0,1,1,6,1,10,1997,2,5,5,3
201343P019043,2,9,0,3,0,0,0,0,0,0,2,1,6,1,6,1240,1,4,6,2
201343P019043,3,9,0,3,0,0,0,0,0,0,2,1,6,1,7,1598,1,4,5,1
201343P019043,4,9,0,3,0,0,0,0,0,0,2,1,6,1,7,-1,-1,-1,5,1
201343P019043,5,9,0,18,0,0,0,0,0,0,1,1,6,1,6,1124,1,13,9,1
201343P019043,6,9,0,18,0,0,0,0,0,0,1,1,6,1,7,1043,1,23,8,3
201343P019063,1,9,0,18,0,2,0,7,2,1,1,1,6,1,4,1596,1,16,5,1
201343P019063,2,9,0,18,0,1,0,0,0,0,1,1,6,1,11,998,1,16,9,1
201343P019073,1,9,0,7,0,6,0,0,0,0,3,1,2,1,5,1242,1,13,6,1
201343P019073,2,1,0,18,0,8,0,0,0,0,1,1,6,1,6,-1,-1,-1,6,1
201343P020063,1,9,0,7,0,6,0,0,0,0,3,1,6,2,8,-1,-1,-1,5,1
201343P020063,2,1,0,18,0,8,0,0,0,0,1,1,6,2,5,-1,-1,-1,3,1
201343P020113,1,9,0,18,0,1,0,0,0,0,1,1,6,2,6,1598,1,14,9,1
201343P021033,1,9,0,18,0,1,0,0,0,0,1,1,1,2,7,1796,1,13,10,2
201343P021033,2,9,0,3,0,1,0,0,0,0,2,1,1,1,10,1995,2,13,6,1
201343P021043,1,9,0,18,0,0,1,0,7,1,1,1,6,1,5,1956,2,1,9,2
201343P021073,1,9,0,9,0,6,0,0,0,0,1,1,6,1,5,1598,1,2,9,1
201343P021073,2,9,0,18,0,8,0,0,0,0,1,1,6,1,10,1388,1,4,8,2
201343P021093,1,19,0,7,0,3,0,0,0,0,4,1,6,1,-1,-1,-1,-1,-1,-1
201343P021093,2,1,0,18,0,8,0,0,0,0,1,1,6,2,6,-1,-1,-1,-1,-1
201343P021113,1,9,0,18,0,0,0,0,1,4,1,1,6,1,4,1769,1,8,9,1
201343P022033,1,9,0,7,0,2,0,4,0,0,1,1,6,3,-1,-1,-1,-1,-1,-1
201343P022033,2,9,0,2,0,1,0,0,0,0,1,1,1,1,5,1998,1,11,-1,-1
201343P022043,1,9,0,18,0,1,0,0,0,0,1,1,6,1,6,3000,2,21,10,3
201343P022063,1,9,0,18,0,1,0,0,0,0,4,1,6,1,8,-1,-1,-1,7,2
201343P022063,2,19,0,18,0,2,0,0,0,0,0,1,1,3,-1,-1,-1,-1,-1,-1
201343P022093,1,1,0,18,4,2,0,0,0,0,1,1,2,1,7,-1,-1,-1,2,1
201343P022093,2,9,0,18,0,2,0,0,0,0,4,1,2,2,7,1390,1,3,10,1
201343P022113,1,9,0,4,0,1,0,0,0,0,1,1,6,1,6,1598,1,-1,5,1
201343P022113,2,19,0,4,0,1,0,0,0,0,2,1,1,1,5,-1,-1,-1,5,1
201343P022113,3,9,0,4,0,1,0,0,0,0,2,1,6,2,7,1896,2,7,-1,-1
201343P023033,1,9,0,9,0,6,0,0,0,0,1,1,6,1,-1,1584,1,7,-1,-1
201343P023033,2,1,0,18,0,8,0,0,0,0,4,1,6,2,5,-1,-1,-1,5,1
201343P023113,1,9,0,18,0,0,0,0,0,0,3,1,6,2,11,1598,1,19,10,2
201343P024013,1,9,0,7,0,5,0,0,0,0,4,1,6,3,-1,-1,-1,-1,-1,-1
201343P024013,2,1,0,7,0,5,0,0,0,0,1,1,2,1,5,-1,-1,-1,9,1
201343P024043,1,9,0,18,0,0,0,0,0,0,1,1,6,1,7,-1,-1,-1,8,1
201343P024043,2,9,0,4,0,0,0,0,0,0,2,1,6,1,8,1598,2,1,5,3
201343P024043,3,9,0,3,0,0,0,0,0,0,2,1,6,1,6,1896,2,10,4,1
201343P024103,1,9,0,12,0,0,0,0,0,0,1,1,6,1,6,1388,1,9,-1,-1
201343P024103,2,9,0,3,0,0,0,0,0,0,2,1,6,2,6,998,1,1,8,3
201343P024103,3,9,0,3,0,0,0,0,0,0,2,1,6,2,7,1998,1,8,10,1
201343P024123,1,9,0,18,0,0,0,0,0,0,1,1,6,1,5,-1,-1,-1,-1,-1
201343P024123,2,11,0,3,0,0,0,0,0,0,0,1,1,3,-1,-1,-1,-1,-1,-1
201343P025053,1,9,0,18,0,5,0,0,0,0,4,1,6,1,7,-1,-1,-1,6,1
201343P025093,1,9,0,18,0,1,0,0,0,0,1,1,2,1,8,1596,1,-1,-1,-1
201343P025103,1,9,0,18,0,1,0,0,0,0,1,1,2,2,5,1229,1,7,6,2
201343P025103,2,9,0,4,0,1,0,0,0,0,2,1,2,1,5,1597,1,14,10,2
201343P026013,1,9,0,13,0,1,0,0,0,0,2,1,2,1,7,1809,1,21,5,1
201343P026013,2,9,0,18,0,1,0,0,1,0,1,1,2,1,6,-1,-1,-1,2,1
201343P026053,1,9,0,9,0,6,0,0,0,0,3,1,6,2,10,1598,1,2,8,3
201343P026053,2,9,0,18,0,8,0,0,0,0,1,1,6,1,6,2300,1,14,10,1
201343P026093,1,5,0,9,0,6,0,0,0,0,4,1,2,1,6,499,1,12,10,2
201343P026093,2,9,0,5,0,8,0,0,0,0,1,1,2,1,7,1595,1,-1,10,2
201343P026093,3,9,0,7,0,5,0,0,0,0,0,1,6,3,-1,-1,-1,-1,-1,-1
201343P026113,1,9,0,17,0,1,1,0,1,9,1,1,6,2,4,1229,1,-1,2,1
201343P027013,1,9,0,9,0,4,0,0,0,0,1,1,6,1,6,1895,1,13,10,2
201343P027013,2,5,0,18,0,8,0,0,0,0,4,1,6,1,6,749,1,9,10,2
201343P027033,1,8,0,1,0,5,0,0,0,0,2,1,1,1,6,-1,-1,-1,-1,-1
201343P027033,2,1,0,18,0,8,0,0,0,0,3,1,6,2,4,-1,-1,-1,6,1
201343P027053,1,9,0,9,0,6,0,0,0,0,1,1,2,1,4,1389,1,16,10,2
201343P027053,2,9,0,17,0,8,0,0,0,0,1,1,2,2,5,1598,2,2,10,1
201343P027063,1,9,0,4,0,1,0,0,0,0,2,1,6,1,4,1229,1,7,3,1
201343P027063,2,5,0,18,0,8,1,0,1,0,1,1,6,1,7,1731,1,3,8,1
201343P027083,1,9,0,9,0,5,0,0,0,0,4,1,6,1,10,1783,1,15,6,1
201343P027083,2,3,0,18,0,8,0,0,0,0,1,1,6,1,4,124,1,5,9,3
201343P027103,1,1,0,18,0,8,0,0,0,0,1,1,6,1,10,-1,-1,-1,9,2
201343P027103,2,9,0,5,0,8,0,0,0,0,4,1,6,1,10,1198,1,4,10,1
201343P027123,1,9,0,18,0,0,0,0,0,0,1,1,6,2,5,2597,1,11,4,1
201343P027123,2,9,0,3,0,0,0,0,0,0,2,1,6,1,8,1598,1,2,5,1
201343P028013,1,9,0,17,0,0,0,0,1,9,1,1,6,1,9,1905,2,16,3,1
201343P028043,1,8,0,18,0,4,0,0,0,0,1,1,1,1,8,1984,2,2,8,1
201343P028043,2,9,0,17,0,8,0,0,1,7,4,1,1,1,5,1590,1,10,5,1
201343P028073,1,21,0,11,0,0,0,0,0,0,4,1,1,1,-1,-1,-1,-1,-1,-1
201343P028073,2,9,0,18,0,0,0,0,4,0,3,1,1,2,6,-1,-1,-1,4,1
201343P028123,1,21,0,18,0,4,0,0,0,0,3,1,1,1,9,11705,2,6,8,3
201343P028123,2,1,0,9,0,8,1,0,0,0,1,1,2,1,6,-1,-1,-1,5,1
201343P029073,1,5,0,17,0,1,0,0,1,10,1,1,6,1,9,865,1,4,10,3
201343P029093,1,9,0,11,0,0,0,0,0,0,1,1,6,1,5,-1,-1,-1,1,1
201343P029093,2,9,0,4,0,0,0,0,1,0,2,1,6,2,7,1299,1,12,8,1
201343P029103,1,9,0,9,0,1,0,0,0,0,1,1,6,1,9,-1,-1,-1,5,1
201343P029103,2,3,0,18,0,1,1,0,0,0,3,1,6,1,7,125,1,3,3,1
201343P029123,1,9,0,9,0,6,0,0,1,0,3,1,3,2,11,1896,2,11,10,1
201343P029123,2,9,0,18,0,8,0,0,0,0,1,1,3,2,6,2720,2,6,10,2
201343P030033,1,9,0,9,0,6,0,0,0,0,3,1,2,2,7,1360,1,6,10,2
201343P030033,2,4,0,18,0,8,0,0,0,0,1,1,2,1,6,499,1,10,7,3
201343P030033,3,19,0,7,0,2,0,0,0,0,0,1,1,3,-1,-1,-1,-1,-1,-1
201343P030043,1,3,0,17,0,0,1,0,1,0,3,1,6,2,6,124,1,11,2,1
201343P030073,1,9,0,16,0,1,0,0,0,0,0,1,6,1,-1,2400,2,-1,-1,-1
201343P030073,2,9,0,16,0,1,0,0,0,0,0,1,6,2,5,3311,8,4,9,1
201343P030073,3,9,0,16,0,1,0,0,0,0,0,1,6,3,-1,-1,-1,-1,-1,-1
201343P030083,1,9,0,18,0,0,0,0,0,0,1,1,6,3,-1,-1,-1,-1,-1,-1
201343P030083,2,9,0,3,0,0,0,0,0,0,2,1,2,2,5,1598,1,12,6,1
201343P031033,1,19,0,18,0,0,2,0,1,4,1,1,6,1,7,1998,2,11,10,1
201343P031043,1,9,0,14,0,0,5,4,7,10,4,1,6,2,11,1796,1,8,8,3
201343P031043,2,9,0,2,0,0,0,0,0,0,4,1,6,1,7,1686,2,-1,-1,-1
201343P031043,3,9,0,2,0,0,0,0,0,0,1,1,6,1,7,2720,2,7,-1,-1
201343P031063,1,11,0,4,0,0,0,0,0,0,1,1,1,1,8,4760,2,1,9,1
201343P031073,1,9,0,18,0,1,0,0,0,0,1,1,6,1,11,1998,1,7,8,1
201343P031073,2,9,0,3,0,1,0,0,0,0,2,1,6,2,8,1896,2,5,6,3
201343P031073,3,9,0,3,0,1,0,0,0,0,2,1,6,2,10,1998,1,10,6,1
201343P031073,4,9,0,3,0,1,0,0,0,0,2,1,6,3,8,1968,2,4,-1,-1
201343P031093,1,1,0,18,4,4,0,0,0,0,2,1,3,2,7,-1,-1,-1,-1,-1
201343P031093,2,11,0,18,0,4,0,0,0,0,1,1,6,1,-1,-1,-1,-1,-1,-1
201343P031113,1,9,0,18,0,0,5,0,7,0,0,1,6,2,4,-1,-1,-1,10,3
201343P032053,1,9,0,7,0,6,0,0,0,0,1,1,3,2,-1,-1,-1,-1,-1,-1
201343P032053,2,1,0,18,0,8,0,0,0,0,1,1,1,2,6,-1,-1,-1,6,1
201343P032073,1,9,0,18,0,1,1,0,0,0,1,1,2,1,7,1390,1,6,5,1
201343P032073,2,9,0,3,0,1,0,0,0,0,2,1,6,1,-1,1896,2,6,4,1
201343P032083,1,9,0,13,0,0,0,0,0,0,0,1,6,1,-1,-1,-1,-1,-1,-1
201343P032083,2,3,0,18,0,0,0,0,0,0,3,1,6,1,5,-1,-1,-1,3,1
201343P032113,1,9,0,5,0,3,0,0,0,0,3,1,6,1,-1,1597,2,-1,10,1
201343P032113,2,3,0,5,0,3,1,0,0,0,4,1,6,1,8,999,1,3,6,1
201343P032123,1,9,0,7,0,6,0,0,0,0,3,1,6,2,7,1834,1,10,7,3
201343P032123,2,9,0,18,0,8,0,0,0,0,1,1,6,2,7,-1,-1,-1,8,3
201343P033053,1,9,0,18,0,0,0,0,0,0,0,1,1,1,7,2400,2,2,10,1
201343P033053,2,9,0,4,0,0,0,0,0,0,1,1,6,1,8,1242,1,1,10,1
201343P033053,3,9,0,3,0,0,0,0,0,0,2,1,6,2,7,1596,1,9,6,1
201343P033063,1,9,0,18,0,8,0,0,1,9,1,1,6,1,6,1560,2,1,9,3
201343P033063,2,9,0,10,0,5,0,0,0,0,2,1,6,1,6,1399,2,2,8,1
201343P033073,1,9,0,9,0,5,0,0,0,0,3,1,2,2,8,989,1,14,9,1
201343P033073,2,3,0,13,0,1,0,0,0,0,1,1,2,1,4,125,1,1,9,1
201343P033113,1,9,0,18,7,8,1,0,1,10,1,1,6,2,5,1124,1,9,7,1
201343P033123,1,9,0,17,0,0,0,0,7,9,3,1,6,2,10,1364,1,5,9,3
201343P033123,2,9,0,16,0,0,0,0,1,9,3,1,6,1,9,1339,8,2,8,1
201343P034043,1,5,0,7,0,5,0,10,3,0,1,1,6,1,7,904,1,7,-1,-1
201343P034063,1,9,0,4,0,4,0,0,0,0,1,1,6,1,-1,1753,2,5,9,2
201343P034063,2,9,0,3,0,4,0,0,0,0,2,1,6,1,5,-1,-1,-1,10,1
201343P034073,1,9,0,17,0,0,1,0,1,4,3,1,6,1,5,1119,1,12,10,2
201343P034083,1,9,0,4,0,0,0,0,0,0,1,1,6,1,11,1248,1,2,8,1
201343P034083,2,9,0,18,0,0,0,0,0,0,2,1,6,1,7,1461,2,1,10,2
201343P035063,1,9,0,11,0,2,0,0,0,0,0,1,6,1,-1,-1,-1,-1,-1,-1
201343P035063,2,9,0,18,0,2,0,0,0,0,1,1,6,2,6,-1,-1,-1,4,1
201343P035063,3,9,0,18,0,2,0,0,0,0,2,1,6,1,-1,-1,-1,-1,2,1
201343P035123,1,9,0,18,0,1,0,0,0,0,1,1,6,1,7,1995,2,1,9,1
201343P035123,2,9,0,3,0,1,0,0,0,0,2,1,2,1,9,-1,-1,-1,10,1
201343P035123,3,9,0,10,0,8,0,0,0,0,2,1,2,2,5,998,1,4,10,3
201343P036013,1,9,0,5,0,0,0,0,0,0,1,1,6,1,6,1905,2,15,7,3
201343P036013,2,4,0,18,0,0,0,0,0,0,1,1,6,1,6,599,1,14,3,1
201343P036023,1,9,0,17,0,2,1,0,7,11,1,1,1,1,8,1598,1,7,7,2
201343P036083,1,9,0,18,0,0,0,0,0,0,4,1,6,1,9,1198,1,4,9,2
201343P036083,2,1,0,18,0,0,0,0,1,0,3,1,6,1,7,-1,-1,-1,-1,-1
201343P036093,1,9,0,18,0,0,0,0,0,0,1,1,6,1,7,-1,-1,-1,10,3
201343P036093,2,9,0,3,0,0,0,0,0,0,2,1,6,1,8,1753,2,6,5,1
201343P036103,1,19,0,4,0,0,0,0,0,0,1,1,2,1,6,1997,2,8,6,1
201343P036103,2,9,0,3,0,0,0,0,0,0,2,1,2,1,4,1990,1,22,10,1
201343P036103,3,9,0,3,0,0,0,0,0,0,2,1,2,1,8,1596,1,9,6,1
201343P037033,1,9,0,18,0,0,0,0,0,0,1,1,6,2,-1,1998,1,16,9,1
201343P037033,2,9,0,3,0,0,0,0,0,0,2,1,6,2,9,1390,1,13,10,1
201343P037073,1,9,0,15,0,6,0,0,0,0,1,1,6,1,6,1368,1,3,3,1
201343P037073,2,9,0,18,0,8,0,0,7,10,1,1,6,2,5,-1,-1,-1,10,1
201343P037103,1,9,0,4,0,0,0,0,0,0,1,1,1,1,8,1995,2,3,10,1
201343P037103,2,9,0,4,0,0,0,0,0,0,2,1,1,2,8,1896,2,10,6,3
201343P037103,3,19,0,4,0,0,0,0,0,0,2,1,1,1,9,2287,2,1,5,1
201343P038013,1,9,0,4,0,1,0,0,0,0,1,1,6,3,-1,-1,-1,-1,-1,-1
201343P038013,2,9,0,4,0,1,0,0,0,0,2,1,6,1,5,1196,1,18,7,3
201343P038033,1,9,0,17,0,0,2,0,2,4,4,1,1,1,7,1246,1,7,9,1
201343P038083,1,9,0,4,0,0,0,0,0,0,1,1,1,1,8,1195,1,16,-1,-1
201343P038083,2,1,0,18,0,0,0,0,0,0,4,1,6,1,11,-1,-1,-1,8,1
201343P038123,1,9,0,18,0,0,2,0,1,9,3,1,6,2,5,1997,2,10,6,1
201343P039023,1,9,0,9,0,0,0,0,0,0,0,1,6,1,10,1386,1,9,9,2
201343P039023,2,2,0,13,0,0,1,0,0,0,4,1,6,2,4,49,1,5,9,2
201343P039063,1,9,0,18,0,0,0,0,0,0,1,1,6,1,6,1248,1,-1,1,1
201343P039063,2,9,0,18,0,0,0,0,0,0,2,1,6,1,9,-1,-1,-1,8,1
201343P039073,1,9,0,18,0,6,0,0,0,0,1,1,6,1,9,2179,2,3,7,3
201343P039073,2,9,0,18,0,8,0,0,0,0,3,1,6,1,7,-1,-1,-1,9,2
201343P039113,1,9,0,18,0,1,0,0,0,0,1,1,6,2,-1,1796,1,8,-1,-1
201343P039113,2,9,0,4,0,1,0,0,0,0,2,1,2,2,8,599,1,11,8,2
201343P040053,1,9,0,18,0,1,2,0,8,0,1,1,6,1,7,-1,-1,-1,9,3
201343P040053,2,9,0,18,0,1,0,0,0,0,0,1,6,3,-1,-1,-1,-1,-1,-1
201343P041013,1,9,0,9,0,6,0,0,0,0,3,1,6,1,7,-1,-1,-1,10,3
201343P041013,2,1,0,18,0,8,0,0,0,0,1,1,6,1,10,-1,-1,-1,8,3
201343P041033,1,19,0,14,0,8,0,0,0,0,4,1,6,3,-1,-1,-1,-1,-1,-1
201343P041033,2,9,0,7,0,6,0,0,0,0,3,1,6,1,6,1390,1,10,-1,-1
201343P041053,1,9,0,5,0,0,0,0,0,0,4,1,6,1,5,1798,1,6,-1,-1
201343P041063,1,19,0,18,0,0,0,0,0,0,0,1,6,3,-1,-1,-1,-1,-1,-1
201343P041063,2,9,0,18,0,0,0,0,0,0,1,1,1,1,6,2143,2,2,9,1
201343P041073,1,9,0,14,0,0,0,0,0,0,3,1,6,2,7,-1,-1,-1,-1,-1
201343P041073,2,2,0,17,0,0,0,0,0,0,3,1,6,1,4,49,1,9,9,1
201343P041113,1,9,0,2,0,0,0,0,0,0,3,1,6,1,-1,1461,2,3,-1,-1
201343P041113,2,1,0,14,0,0,0,8,0,0,1,1,2,2,6,-1,-1,-1,4,1
201343P042033,1,9,0,18,0,1,0,0,0,0,1,1,6,1,7,-1,-1,-1,-1,-1
201343P042033,2,9,0,4,0,1,0,0,0,0,2,1,2,2,6,1968,2,5,8,3
201343P042043,1,9,0,9,0,2,0,0,0,0,1,1,6,1,-1,1900,2,9,-1,-1
201343P042053,1,9,4,9,0,5,1,0,0,0,1,1,6,1,9,-1,-1,-1,7,1
201343P042053,2,9,0,17,0,1,0,0,0,0,3,1,6,2,10,1329,1,3,9,2
201343P042073,1,9,0,3,0,1,0,0,0,0,4,1,1,3,-1,-1,-1,-1,-1,-1
201343P042073,2,1,0,18,0,1,0,8,0,0,1,1,6,1,6,-1,-1,-1,3,1
201343P042083,1,5,0,18,0,4,1,9,3,1,1,1,6,1,5,645,1,12,9,3
201343P042093,1,9,0,7,0,5,0,0,0,0,4,1,6,2,6,-1,-1,-1,-1,-1
201343P042093,2,1,0,15,0,8,0,0,0,0,3,1,1,1,7,-1,-1,-1,5,1
201343P042103,1,11,0,18,0,0,1,0,0,0,3,1,1,1,7,4250,2,13,4,1
201343P042103,2,9,0,18,0,0,1,0,1,4,3,1,6,1,9,1997,2,3,10,1
201343P043063,1,9,0,18,0,0,0,0,0,0,2,1,6,1,8,2401,2,6,8,1
201343P043063,2,10,0,18,0,0,0,0,0,0,1,1,1,1,8,2402,2,12,10,2
201343P043063,3,9,0,18,0,0,0,0,0,0,1,1,1,1,6,-1,-1,-1,1,1
201343P043093,1,19,0,11,2,5,0,0,0,0,0,1,6,3,-1,-1,-1,-1,-1,-1
201343P043093,2,11,0,18,2,1,0,0,0,0,0,1,1,1,8,6370,2,10,9,1
201343P044043,1,9,0,6,0,0,0,0,0,0,3,1,6,1,10,1242,1,11,9,1
201343P044043,2,5,0,18,0,0,0,0,0,0,1,1,6,1,8,-1,-1,-1,2,1
201343P044073,1,19,0,18,0,0,0,0,0,0,1,1,6,3,-1,-1,-1,-1,-1,-1
201343P044073,2,1,0,18,0,0,0,0,0,0,1,1,6,1,7,-1,-1,-1,10,2
201343P045013,1,9,0,7,0,6,0,0,1,2,1,1,1,1,6,-1,-1,-1,2,1
201343P045013,2,9,0,18,0,8,0,0,0,0,4,1,6,1,8,1790,1,4,4,1
201343P045023,1,9,0,16,0,0,0,0,0,0,1,1,6,2,7,1598,1,9,9,2
201343P045023,2,9,0,17,0,0,0,0,0,0,1,1,6,2,6,1360,1,12,9,3
201343P045043,1,9,0,16,0,0,0,0,0,0,1,1,6,1,8,2495,2,20,9,2
201343P045043,2,9,0,17,0,0,0,10,1,0,1,1,6,1,8,1560,2,5,9,3
201343P045053,1,21,0,18,0,1,1,0,0,0,1,1,1,1,7,12130,2,8,9,1
201343P045053,2,9,0,3,0,1,0,0,0,0,2,1,1,2,6,1198,1,7,9,3
201343P046013,1,9,0,18,0,0,0,0,0,0,1,1,6,2,5,-1,-1,-1,6,3
201343P046013,2,9,0,3,0,0,0,0,0,0,2,1,6,2,6,1086,1,4,6,1
201343P046023,1,9,0,17,0,0,5,0,1,4,1,1,6,1,7,1598,1,9,10,3
201343P046073,1,9,0,13,0,1,0,0,0,0,4,1,6,1,-1,-1,-1,-1,-1,-1
201343P046073,2,1,0,18,0,1,0,0,0,0,3,1,1,1,8,-1,-1,-1,4,1
201343P046083,1,8,0,6,0,0,0,0,0,0,3,1,1,1,9,2499,2,3,4,1
201343P046083,2,4,0,18,0,0,0,0,0,0,1,1,6,1,4,249,1,2,7,1
201343P046093,1,9,0,17,0,8,1,0,1,2,1,1,6,1,5,1596,1,11,-1,1