Accident_Index,Vehicle_Reference,Vehicle_Type,Towing_and_Articulation,Vehicle_Manoeuvre,Vehicle_Location-Restricted_Lane,Junction_Location,Skidding_and_Overturning,Hit_Object_in_Carriageway,Vehicle_Leaving_Carriageway,Hit_Object_off_Carriageway,1st_Point_of_Impact,Was_Vehicle_Left_Hand_Drive?,Journey_Purpose_of_Driver,Sex_of_Driver,Age_Band_of_Driver,Engine_Capacity_(CC),Propulsion_Code,Age_of_Vehicle,Driver_IMD_Decile,Driver_Home_Area_Type
201343P083043,3,11,0,3,0,1,0,0,0,0,0,1,1,3,-1,-1,-1,-1,-1,-1
201343P083053,1,9,0,18,0,0,1,0,1,4,1,1,6,1,5,1398,1,9,8,3
201343P083083,1,9,0,9,0,6,0,0,0,0,1,1,6,1,-1,1598,1,2,9,3
201343P083083,2,2,0,14,0,8,0,0,0,0,4,1,6,2,4,49,1,10,10,3
201343P083093,1,1,0,18,0,6,0,0,0,0,1,1,6,1,3,-1,-1,-1,2,1
201343P083093,2,9,0,18,0,1,0,0,0,0,4,1,6,1,9,1360,1,11,5,1
201343P083103,1,9,0,2,0,0,0,0,0,0,3,1,6,1,6,2926,2,11,5,1
201343P083103,2,1,0,18,0,0,0,8,0,0,1,1,6,2,4,-1,-1,-1,5,1
201343P083113,1,9,0,5,0,1,0,0,0,0,1,1,6,2,8,2993,2,3,8,1
201343P084013,1,19,0,18,0,0,0,0,4,6,1,1,1,1,6,2151,2,11,5,1
201343P084013,2,9,0,18,0,0,0,0,5,6,4,1,1,1,8,1598,1,1,5,1
201343P084013,3,21,0,18,0,0,0,0,0,0,3,1,1,1,6,5480,2,18,9,1
201343P084023,1,9,0,18,0,1,0,0,0,0,1,1,2,1,8,1968,2,1,8,3
201343P084023,2,9,0,10,0,1,0,0,0,0,2,1,6,1,8,1199,1,14,8,1
201343P084043,1,9,0,18,0,4,0,0,0,0,1,1,6,2,8,1998,1,9,6,1
201343P084043,2,1,0,18,0,8,0,0,0,0,4,1,6,1,5,-1,-1,-1,-1,-1
201343P084073,1,9,0,9,0,4,0,0,0,0,1,1,6,2,8,1999,1,3,2,1
201343P084073,2,4,0,18,0,8,0,0,0,0,4,1,6,1,8,499,1,9,10,1
201343P084083,1,8,0,18,0,0,1,0,5,6,2,1,6,1,7,1997,2,8,1,1
201343P084083,2,9,0,18,0,0,0,0,0,0,1,1,1,1,9,-1,-1,-1,6,1
201343P084083,3,9,0,18,0,0,0,0,0,0,1,1,6,2,8,1910,2,6,8,2
201343P084103,1,9,0,18,0,0,1,0,1,7,1,1,2,1,4,1120,1,16,6,1
201343P084123,1,9,0,18,0,8,0,0,0,0,1,1,6,1,7,-1,-1,-1,10,2
201343P084123,2,9,0,9,0,8,0,0,0,0,3,1,6,1,5,1299,1,12,9,2
201343P085033,1,9,0,9,0,6,0,0,0,0,1,1,6,2,5,1896,2,7,10,1
201343P085033,2,5,0,18,0,1,0,0,0,0,4,1,6,2,6,649,1,-1,9,1
201343P085043,1,20,0,5,0,1,0,0,0,0,1,1,2,1,5,-1,-1,-1,2,1
201343P085043,2,9,0,5,0,1,0,0,0,0,2,1,2,2,7,1968,2,7,2,1
201343P085063,1,9,0,16,0,0,1,0,7,4,2,1,6,1,6,1596,1,10,5,1
201343P085083,1,9,0,18,0,8,0,0,0,0,1,1,6,2,6,1388,1,10,9,3
201343P085083,2,19,0,9,0,5,0,0,0,0,1,1,1,1,6,2198,2,-1,6,1
201343P085093,1,21,0,18,0,1,0,0,1,0,1,1,1,1,7,-1,-1,-1,4,1
201343P085093,2,9,0,10,0,1,0,0,0,0,2,1,1,1,10,-1,-1,-1,7,2
201343P085093,3,9,0,18,0,1,0,0,0,0,1,1,6,1,7,1753,2,7,8,1
201343P085103,1,3,0,17,0,8,1,0,1,1,1,1,2,2,5,124,1,7,10,1
201343P085113,1,9,0,9,0,6,0,0,0,0,3,1,6,1,8,-1,-1,-1,9,3
201343P085113,2,1,0,18,0,8,0,0,0,0,1,1,6,1,5,-1,-1,-1,-1,-1
201343P085123,1,9,0,18,0,1,0,0,0,0,1,1,6,2,6,1896,2,12,9,3
201343P086013,1,5,0,7,0,3,1,0,0,0,0,1,2,1,7,745,1,1,8,1
201343P086013,2,9,0,7,0,3,0,0,0,0,0,1,6,3,-1,-1,-1,-1,-1,-1
201343P086043,1,9,0,9,0,5,0,0,0,0,1,1,6,2,8,1461,2,3,10,3
201343P086043,2,9,0,18,0,8,0,0,0,0,1,1,6,2,9,1229,1,5,10,2
201343P086063,1,9,0,18,0,0,0,0,5,0,1,1,6,2,4,1299,1,6,10,1
201343P086083,1,9,0,11,0,0,1,0,0,0,4,1,6,1,9,1796,1,11,3,1
201343P086083,2,19,0,18,0,0,0,0,0,0,1,1,6,1,6,2402,2,9,8,1
201343P086083,3,21,2,18,0,0,0,0,0,0,3,1,1,1,6,12777,2,1,7,1
201343P086103,1,9,0,18,0,0,2,0,8,4,1,1,1,1,5,1800,1,14,7,3
201343P086113,1,9,0,18,0,1,0,0,0,0,1,1,6,1,6,1956,2,3,4,1
201343P086113,2,9,0,18,0,1,0,0,1,4,2,1,6,2,7,1598,1,11,4,1
201343P086123,1,9,0,18,0,1,0,0,0,0,1,1,2,2,6,998,1,14,5,1
201343P086123,2,9,0,3,0,1,0,0,0,0,2,1,2,2,7,1968,2,4,9,1
201343P087023,1,1,0,5,0,0,0,0,0,0,1,1,1,1,6,-1,-1,-1,4,1
201343P087023,2,9,0,14,0,0,0,0,0,0,4,1,6,2,9,1360,1,5,4,1
201343P087033,1,9,0,17,0,0,0,0,0,0,1,1,6,2,-1,1339,1,6,-1,-1
201343P087063,1,9,0,4,0,0,0,0,0,0,1,1,6,2,9,1390,1,6,10,1
201343P087063,2,9,0,3,0,0,0,0,0,0,2,1,6,1,9,2240,2,6,10,1
201343P087123,1,9,0,18,0,1,0,0,0,0,1,1,6,1,6,1396,1,15,6,1
201343P087123,2,9,0,3,0,1,0,0,0,0,2,1,6,2,5,1997,2,10,8,1
201343P088053,1,8,0,18,0,2,0,0,0,0,1,1,1,3,-1,-1,-1,-1,-1,-1
201343P088063,1,9,0,18,0,4,0,9,3,4,1,1,6,1,11,1589,1,13,2,1
201343P088093,1,9,0,18,0,1,1,0,7,4,1,1,6,2,11,1242,1,4,9,3
201343P088103,1,9,0,18,0,0,0,0,0,0,1,1,6,1,7,1390,1,9,6,1
201343P088103,2,9,0,4,0,0,0,0,0,0,2,1,6,1,8,1984,1,1,10,3
201343P088103,3,9,0,4,0,0,0,0,0,0,2,1,6,1,7,2378,1,9,3,1
201343P088113,1,9,0,9,0,5,0,0,0,0,3,1,6,1,-1,1910,2,8,-1,-1
201343P088113,2,1,0,8,0,1,0,0,0,0,1,1,6,2,8,-1,-1,-1,-1,-1
201343P089063,1,9,0,2,0,0,0,0,0,0,3,1,6,2,7,-1,-1,-1,4,1
201343P089063,2,1,0,18,0,0,0,0,0,0,4,1,6,2,7,-1,-1,-1,4,1
201343P089113,1,9,0,16,0,0,1,4,0,0,1,1,6,1,4,1360,1,12,10,1
201343P089113,2,9,0,3,0,0,0,0,0,0,2,1,6,1,10,1389,1,17,9,2
201343P090013,1,9,0,7,0,6,0,0,0,0,3,1,6,3,-1,-1,-1,-1,-1,-1
201343P090013,2,5,0,18,0,1,0,0,0,0,1,1,6,1,5,636,1,7,9,1
201343P090053,1,9,0,13,0,0,0,0,0,0,4,1,6,3,-1,-1,-1,-1,-1,-1
201343P090053,2,1,0,16,0,0,0,0,0,0,3,1,1,1,5,-1,-1,-1,9,3
201343P090083,1,9,0,4,0,0,0,0,0,0,3,1,6,2,7,1461,2,3,-1,-1
201343P090113,1,9,0,18,0,0,0,0,0,0,3,1,6,2,5,1388,1,8,10,1
201343P090113,2,19,0,2,0,0,0,0,0,0,2,1,6,3,-1,2143,2,2,10,1
201343P090123,1,9,0,18,0,0,0,0,4,4,1,1,1,1,6,1896,2,11,4,1
201343P091013,1,9,0,9,0,6,0,0,0,0,1,1,2,1,5,1242,1,14,-1,-1
201343P091013,2,2,0,18,0,8,0,0,0,0,1,1,2,1,4,125,1,7,8,1
201343P091023,1,9,0,4,0,0,1,0,0,0,1,1,1,1,9,1968,2,4,-1,-1
201343P091023,2,9,0,4,0,0,0,0,0,0,2,1,6,1,6,996,1,3,-1,-1
201343P091023,3,9,0,4,0,0,0,0,0,0,2,1,6,2,7,1390,1,16,-1,-1
201343P091023,4,9,0,4,0,0,0,0,0,0,2,1,6,1,9,1997,1,9,-1,-1
201343P091043,1,9,0,18,0,8,0,0,0,0,1,1,6,2,4,1398,2,10,5,1
201343P091043,2,9,0,3,0,8,0,0,0,0,2,1,6,1,7,1956,2,-1,10,1
201343P091053,1,9,0,9,0,5,0,0,0,0,1,1,6,2,6,1968,2,4,8,3
201343P091053,2,9,0,18,0,8,0,0,0,0,1,1,6,1,9,1299,1,8,-1,-1
201343P091063,1,5,0,17,0,0,1,0,1,0,4,1,6,1,8,599,1,5,7,1
201343P091123,1,9,0,7,0,5,0,0,0,0,3,1,6,1,-1,973,1,11,2,1
201343P091123,2,4,0,9,0,5,0,0,0,0,4,1,2,1,8,487,1,9,9,1
201343P092013,1,9,0,14,0,0,1,0,7,0,1,1,6,1,4,1391,1,17,8,2
201343P092013,2,9,0,17,0,0,0,0,0,0,1,1,6,2,8,1798,1,10,9,2
201343P092023,1,9,0,18,0,0,1,0,5,6,1,1,6,2,5,1364,1,7,4,1
201343P092033,1,9,0,18,0,8,1,0,0,0,1,1,1,1,8,1968,2,3,10,1
201343P092033,2,9,0,18,0,8,1,0,1,0,2,1,2,1,6,1910,2,5,9,2
201343P092083,1,9,0,18,0,0,0,0,0,0,1,1,6,1,-1,1896,2,6,7,1
201343P092083,2,9,0,18,0,0,0,0,0,0,2,1,6,1,10,1364,1,5,7,1
201343P092113,1,9,0,16,0,0,5,0,8,11,1,1,6,1,4,1400,1,13,9,2
201343P093063,1,9,0,9,0,5,0,0,0,0,1,1,2,1,6,5300,1,10,9,1
201343P093063,2,9,0,18,0,8,0,0,1,0,3,1,2,1,8,2494,1,16,6,3
201343P093083,1,9,0,4,0,1,0,0,0,0,3,1,6,2,10,1386,1,7,10,1
201343P093093,1,9,0,7,0,5,0,0,0,0,4,1,1,1,5,998,1,25,8,3
201343P093093,2,1,0,18,4,8,0,0,0,0,1,1,6,2,6,-1,-1,-1,5,1
201343P093113,1,16,0,5,0,8,2,0,0,0,1,1,6,2,4,-1,-1,-1,7,3
201343P093113,2,9,0,18,0,8,0,0,0,0,1,1,6,2,7,1995,1,6,-1,-1
201343P094043,1,9,0,18,0,6,0,0,7,1,4,1,6,2,5,1900,2,14,5,1
201343P094043,2,9,0,18,0,8,0,0,0,0,1,1,6,1,7,1800,1,14,5,1
201343P094083,1,9,0,18,0,3,2,10,8,0,1,1,6,1,5,1587,1,11,9,3
201343P094113,1,9,0,5,0,4,0,0,0,0,1,1,1,1,8,1598,1,3,4,1
201343P094113,2,1,0,18,0,8,0,0,0,0,4,1,2,1,7,-1,-1,-1,5,1
201343P094123,1,9,0,12,0,0,0,0,0,0,1,1,6,2,7,1598,1,10,2,1
201343P094123,2,9,0,3,0,0,0,0,0,0,2,1,2,1,8,2198,2,7,7,2
201343P094123,3,9,0,3,0,0,0,0,0,0,2,1,2,2,7,1796,1,3,7,2
201343P095023,1,9,0,17,0,0,1,0,8,4,1,1,6,2,10,1328,1,9,7,3
201343P095033,1,9,0,9,0,2,0,0,0,0,1,1,6,1,7,1968,2,2,5,1
201343P095083,1,9,0,17,0,0,2,0,1,9,1,1,6,2,6,1598,1,5,7,2
201343P095093,1,9,0,9,0,5,0,0,0,0,3,1,6,1,11,1199,1,9,2,1
201343P095093,2,1,0,13,0,8,0,0,0,0,4,1,6,1,8,-1,-1,-1,6,1
201343P095123,1,9,0,17,0,0,2,0,7,10,1,1,6,1,6,1242,1,13,10,1
201343P096013,1,9,0,18,0,0,0,0,1,7,4,1,6,1,6,1895,1,14,7,1
201343P096063,1,9,0,13,0,1,2,0,7,1,1,1,6,1,6,1998,2,6,4,1
201343P096063,2,9,0,9,0,1,0,0,0,0,0,1,6,3,-1,-1,-1,-1,-1,-1
201343P096083,1,9,0,12,0,2,0,0,4,6,1,1,6,1,5,1896,2,13,9,2
201343P096083,2,9,0,18,0,2,0,0,0,0,3,1,2,1,8,1910,2,6,10,1
201343P097013,1,9,0,18,0,2,0,0,1,0,3,1,1,1,8,1461,2,3,10,2
201343P097013,2,1,0,9,0,2,0,0,0,0,4,1,6,2,10,-1,-1,-1,10,2
201343P097033,1,9,0,9,0,6,0,0,0,0,0,1,6,1,6,1590,1,15,6,1
201343P097033,2,4,0,4,0,1,1,0,0,0,4,1,1,1,8,124,1,4,5,1
201343P097043,1,9,0,18,0,0,0,0,0,0,1,1,2,2,6,1299,1,8,9,2
201343P097043,2,11,0,3,0,0,0,0,0,0,0,1,1,3,-1,-1,-1,-1,-1,-1
201343P097063,1,9,0,9,0,4,0,0,0,0,3,1,6,2,4,1171,1,17,8,1
201343P097063,2,2,0,18,0,8,0,0,0,0,1,1,6,1,4,49,1,4,6,3
201343P097073,1,9,0,18,0,0,0,0,0,0,1,1,6,2,6,1587,1,6,9,1
201343P097073,2,9,0,4,0,0,0,0,0,0,2,1,6,1,11,1560,2,5,1,1
201343P097083,1,9,0,9,0,5,0,0,0,0,2,1,6,2,10,1840,1,17,9,1
201343P097083,2,1,0,15,0,8,0,0,0,0,1,1,6,1,7,-1,-1,-1,10,1
201343P097093,1,19,0,18,0,0,0,0,0,0,1,1,1,1,5,2299,2,-1,-1,-1
201343P097093,2,9,0,3,0,0,0,0,0,0,2,1,6,2,6,1896,2,13,6,2
201343P097123,1,9,0,7,0,6,0,0,0,0,1,1,6,2,6,-1,-1,-1,-1,-1
201343P097123,2,1,0,18,0,8,0,0,0,0,2,1,6,1,5,-1,-1,-1,6,3
201343P098023,1,9,0,13,0,1,0,0,0,0,1,1,6,1,7,1984,1,12,6,3
201343P098023,2,9,0,9,0,5,0,0,0,0,3,1,6,2,5,1951,2,7,10,2
201343P098063,1,9,0,6,0,0,0,0,0,0,2,1,6,2,6,1997,2,2,7,1
201343P098063,2,5,0,13,0,0,0,0,0,0,1,1,6,1,9,600,1,12,9,2
201343P099013,1,9,0,16,0,5,2,7,0,1,1,1,6,1,5,-1,-1,-1,10,2
201343P099023,1,9,0,18,0,0,1,0,0,0,4,1,6,1,4,1229,1,6,10,1
201343P099023,2,9,0,18,0,0,0,0,0,0,1,1,1,1,7,1956,2,1,10,2
201343P099023,3,19,0,18,0,0,0,0,0,0,3,1,1,1,7,2198,2,2,8,1
201343P099023,4,1,0,18,0,0,0,0,1,0,2,1,1,1,7,-1,-1,-1,8,1
201343P099053,1,9,0,18,0,0,1,10,2,4,1,1,6,1,7,1587,1,12,10,1
201343P099063,1,9,0,17,0,0,2,0,7,4,1,1,6,1,4,1149,1,11,8,3
201343P099063,2,19,0,16,0,0,0,0,0,0,0,1,6,3,-1,-1,-1,-1,-1,-1
201343P099083,1,1,0,18,0,0,0,0,0,0,1,1,6,1,8,-1,-1,-1,10,3
201343P099103,1,3,0,14,0,1,0,0,0,0,1,1,6,1,5,-1,-1,-1,5,1
201343P099103,2,9,0,9,0,5,0,0,0,0,3,1,6,2,10,2319,1,10,3,1
201343P099113,1,9,0,8,0,1,0,0,0,0,1,1,6,2,11,1400,1,8,10,3
201343P099113,2,9,0,18,0,1,0,0,0,0,2,1,6,2,-1,-1,-1,-1,-1,-1
201343P100033,1,11,0,18,0,8,0,0,0,0,1,1,1,1,9,9600,2,17,6,1
201343P100033,2,9,0,18,0,8,0,0,1,0,1,1,2,1,7,2993,2,1,7,3
201343P100043,1,9,0,18,0,1,0,0,0,0,1,1,6,2,-1,1599,1,9,7,3
201343P100043,2,9,0,4,0,4,0,0,0,0,2,1,6,1,10,-1,-1,-1,9,3
201343P100053,1,9,0,18,0,1,0,0,0,0,1,1,6,1,8,1796,1,17,8,1
201343P100053,2,9,0,2,0,1,0,0,0,0,0,1,6,1,6,1910,2,5,6,2
201343P100073,1,9,0,9,0,5,0,0,0,0,1,1,1,1,7,1998,2,5,5,1
201343P100073,2,1,0,18,0,8,0,0,0,0,1,1,2,1,6,-1,-1,-1,6,1
201343P100073,3,9,0,18,0,2,0,0,0,0,0,1,6,1,9,4196,1,5,7,1
201343P100093,1,9,0,17,0,0,0,0,2,4,1,1,6,2,11,1497,1,9,-1,-1
201343P100103,1,21,0,7,0,8,0,0,0,0,1,1,1,1,8,12777,2,7,2,1
201343P100103,2,21,1,18,0,8,0,0,0,0,2,1,1,1,6,6692,2,5,10,1
201343P100123,1,9,0,9,0,8,0,0,0,0,2,1,6,2,10,1896,2,12,9,3
201343P100123,2,9,0,18,0,1,0,0,0,0,1,1,6,1,5,1390,1,3,5,1
201343P100123,3,9,0,18,0,1,0,0,0,0,1,1,6,2,7,1299,1,5,6,3
201343P100123,4,9,0,3,0,1,0,0,0,0,1,1,6,2,9,1985,1,11,9,2
201343P101043,1,9,0,17,0,0,1,0,0,0,1,1,6,2,9,1870,2,10,8,1
201343P101043,2,9,0,16,0,0,1,0,0,0,1,1,6,1,8,1598,1,12,9,3
201343P101043,3,9,0,16,0,0,1,0,0,0,1,1,6,1,8,1998,1,12,9,3
201343P101043,4,1,0,17,0,0,0,0,0,0,0,1,6,3,-1,-1,-1,-1,-1,-1
201343P101053,1,9,0,18,0,1,0,0,0,0,1,1,6,3,-1,-1,-1,-1,-1,-1
201343P101053,2,1,0,18,0,1,0,0,0,0,2,1,2,1,6,-1,-1,-1,9,2
201343P101063,1,1,0,18,0,6,0,0,0,0,3,1,6,1,7,-1,-1,-1,9,3
201343P101063,2,9,0,18,0,1,0,0,0,0,1,1,2,2,6,1364,1,5,10,2
201343P101083,1,9,0,11,0,0,0,0,0,0,1,1,6,3,-1,-1,-1,-1,-1,-1
201343P101083,2,9,0,18,0,0,0,0,0,0,2,1,6,1,6,1968,2,7,4,1
201343P101083,3,9,0,3,0,0,0,0,0,0,0,1,6,3,-1,-1,-1,-1,-1,-1
201343P101093,1,4,0,9,0,6,1,0,0,0,3,1,2,2,7,244,1,7,7,2
201343P101123,1,9,0,16,0,0,5,10,1,0,1,1,1,2,5,2495,2,8,9,1
201343P102043,1,9,0,18,0,0,1,0,5,6,1,1,2,2,5,1360,1,12,7,1
201343P102093,1,9,0,17,0,0,1,0,0,0,2,1,6,2,6,1388,1,8,-1,-1
201343P102093,2,9,0,16,0,0,0,0,0,0,1,1,6,1,6,2616,1,5,8,1
201343P102103,1,9,0,18,0,0,0,0,0,0,1,1,2,1,7,1995,2,1,10,3
201343P102103,2,9,0,4,0,0,0,0,0,0,2,1,2,2,6,1870,2,7,6,1
201343P102113,1,9,0,18,0,0,0,0,0,0,1,1,6,1,6,1598,1,7,6,1
201343P102113,2,16,0,18,0,0,0,0,0,0,2,1,6,2,8,-1,-1,-1,10,2
201343P102123,1,9,0,9,0,6,0,0,0,0,1,1,2,2,8,1248,1,3,2,1
201343P102123,2,3,0,18,0,8,0,0,0,0,4,1,6,1,9,124,1,7,10,1
201343P103013,1,9,0,16,0,0,2,10,1,9,1,1,6,1,5,-1,-1,-1,8,2
201343P103023,1,9,0,16,0,1,0,0,0,0,1,1,6,2,7,2000,2,9,10,1
201343P103023,2,9,0,10,0,1,0,0,0,0,2,1,6,2,6,1248,2,4,7,1
201343P103053,1,9,0,16,0,0,2,0,0,0,3,1,6,1,5,973,1,13,10,1
201343P103073,1,9,0,7,0,4,0,0,0,0,2,1,6,2,-1,-1,-1,-1,-1,-1
201343P103073,2,9,0,3,0,4,0,0,0,0,1,1,6,2,9,1587,1,17,4,1
201343P103073,3,9,0,18,0,8,0,0,0,0,0,1,6,3,-1,-1,-1,-1,-1,-1
201343P103103,1,9,0,17,0,0,1,0,7,9,1,1,6,2,10,1199,1,13,7,3
201343P103103,2,20,0,16,0,0,0,0,0,0,4,1,1,1,7,5880,2,6,7,3
201343P103123,1,9,0,18,0,0,0,0,0,0,1,1,2,1,6,1598,2,-1,7,1
201343P103123,2,5,0,18,0,0,0,0,0,0,2,1,2,1,7,599,1,13,9,3
201343P104113,1,9,0,4,0,0,0,0,0,0,1,1,2,1,5,998,1,-1,3,1
201343P104113,2,9,0,4,0,0,0,0,0,0,2,1,6,1,6,1797,1,20,6,1
201343P104113,3,9,0,4,0,0,0,0,0,0,2,1,1,1,7,1242,1,10,4,1
201343P104123,1,1,0,18,5,8,0,0,0,0,1,1,2,2,5,-1,-1,-1,7,1
201343P104123,2,9,0,9,0,5,0,0,0,0,4,1,2,1,8,1997,2,7,8,3
201343P105013,1,9,0,18,0,8,0,10,0,0,3,1,1,1,8,2400,2,1,10,1
201343P105013,2,9,0,18,0,8,0,0,0,0,1,1,6,1,9,-1,-1,-1,9,2
201343P105023,1,9,0,18,0,0,1,0,1,11,1,1,1,1,8,1598,1,9,9,2
201343P105033,1,9,0,4,0,1,0,0,0,0,2,1,1,1,8,1685,2,1,9,1
201343P105033,2,19,0,18,0,1,0,0,0,0,1,1,1,1,7,2198,2,1,10,3
201343P105033,3,9,0,4,0,1,0,0,0,0,0,1,6,3,-1,-1,-1,-1,-1,-1
201343P105073,1,9,0,12,0,0,0,0,4,6,1,1,6,2,5,1360,1,6,9,3
201343P105073,2,9,0,18,0,0,0,0,0,0,1,1,1,2,9,1598,1,3,3,1
201343P105113,1,20,0,18,0,1,0,0,1,1,1,1,6,1,6,-1,-1,-1,7,3
201343P105113,2,9,0,18,0,1,0,0,0,0,2,1,6,2,7,1995,2,7,10,3
201343P105113,3,9,0,18,0,1,0,0,0,0,2,1,6,1,8,1995,2,12,10,1
201343P106043,1,5,0,18,0,0,0,0,0,0,1,1,6,1,4,599,1,11,10,2
201343P106043,2,9,0,2,0,0,0,0,0,0,1,1,6,3,-1,1988,1,10,8,3
201343P106073,1,9,0,13,0,0,0,0,0,0,4,1,6,1,-1,-1,-1,-1,-1,-1
201343P106073,2,1,0,18,4,0,0,0,0,0,3,1,6,1,6,-1,-1,-1,5,1
201343P106083,1,9,0,7,0,0,0,0,0,0,4,1,6,1,5,1596,1,2,9,1
201343P106083,2,1,0,15,0,0,0,0,0,0,1,1,1,2,4,-1,-1,-1,9,3
201343P106093,1,9,0,17,0,0,2,0,1,10,1,1,2,2,4,1149,1,6,10,2
201343P106113,1,9,0,3,0,0,0,0,0,0,4,1,6,1,7,-1,-1,-1,-1,-1
201343P106113,2,1,0,15,4,0,0,8,0,0,1,1,6,2,6,-1,-1,-1,7,1
201343P107013,1,9,0,18,0,3,0,0,0,0,1,1,6,1,-1,-1,-1,-1,-1,-1
201343P107043,1,20,0,18,0,1,0,0,0,0,1,1,1,1,7,11021,2,10,2,1
201343P107043,2,10,0,18,0,1,0,0,0,0,2,1,1,1,8,2143,2,2,7,3
201343P107043,3,20,0,3,0,1,0,0,0,0,2,1,1,1,9,-1,-1,-1,10,1
201343P107053,1,2,0,16,0,1,0,0,0,0,1,1,6,1,5,49,1,7,7,2
201343P107053,2,9,0,17,0,1,1,0,0,0,1,1,2,1,8,-1,-1,-1,8,3
201343P107073,1,19,0,9,0,4,0,0,0,0,3,1,6,1,6,1968,2,-1,4,1
201343P107073,2,9,0,18,0,8,0,0,0,0,1,1,6,1,5,1396,1,14,8,2
201343P107103,1,9,0,9,0,5,0,0,0,0,1,1,6,2,9,1995,2,3,10,1
201343P107103,2,1,0,15,0,8,0,0,0,0,3,1,6,1,6,-1,-1,-1,9,3
201343P108033,1,9,0,18,0,0,0,0,0,0,4,1,6,3,-1,-1,-1,-1,-1,-1
201343P108033,2,1,0,18,0,0,0,0,0,0,2,1,2,1,8,-1,-1,-1,8,3
201343P108043,1,9,0,18,0,0,1,0,2,4,3,1,6,2,6,1390,1,8,3,1
201343P108053,1,1,0,18,0,2,0,0,0,0,1,1,1,1,6,-1,-1,-1,5,1
201343P108053,2,9,0,3,0,2,0,0,0,0,2,1,1,1,-1,-1,-1,-1,-1,-1
201343P108073,1,9,0,18,0,0,0,0,0,0,1,1,1,1,6,-1,-1,-1,8,2
201343P108073,2,9,0,11,0,0,0,0,0,0,2,1,1,1,6,-1,-1,-1,-1,1
201343P108103,1,9,0,18,0,0,2,0,5,6,1,1,2,2,6,-1,-1,-1,1,1
201343P108103,2,9,0,18,0,0,0,0,0,0,2,1,6,1,10,1796,1,6,8,1
201343P108123,1,9,0,9,0,4,0,0,0,0,1,1,6,2,9,1386,1,7,9,2
201343P108123,2,9,0,9,0,8,0,0,0,0,4,1,6,1,8,1997,2,4,6,1
201343P109013,1,9,0,4,0,0,1,0,0,0,1,1,3,2,6,1242,1,7,3,1
201343P109023,1,9,0,4,0,1,0,0,0,0,1,1,6,1,6,973,1,14,10,2
201343P109023,2,9,0,3,0,1,0,0,0,0,2,1,6,1,8,1597,1,11,9,2
201343P109023,3,9,0,3,0,1,0,0,0,0,2,1,6,2,5,1461,2,1,8,3
201343P109053,1,21,1,18,0,0,1,0,0,0,1,1,1,1,7,-1,-1,-1,-1,-1
201343P109053,2,9,0,18,0,0,1,0,0,0,2,1,1,1,6,1896,2,7,3,1
201343P109053,3,21,1,18,0,0,0,0,0,0,2,1,1,1,7,12900,2,3,3,1
201343P109053,4,21,1,18,0,0,0,0,0,0,2,1,1,1,7,-1,-1,-1,-1,-1
201343P109063,1,5,0,18,0,0,1,0,0,0,3,1,6,1,4,649,1,1,10,1
201343P109073,1,1,0,18,0,8,0,0,0,0,1,1,6,1,7,-1,-1,-1,10,2
201343P109073,2,19,0,1,0,6,0,0,0,0,3,1,3,2,7,-1,-1,-1,8,3
201343P109093,1,9,0,4,0,0,0,0,0,0,1,1,6,1,4,1242,1,7,6,3
201343P109093,2,9,0,4,0,0,0,0,0,0,2,1,6,2,10,1399,2,10,10,3
201343P109123,1,9,0,9,0,6,0,0,0,0,3,1,6,2,6,1796,1,11,2,1
201343P109123,2,9,0,18,0,8,0,0,0,0,1,1,6,1,6,1229,1,7,9,2
201343P110023,1,11,0,5,0,0,0,0,0,0,1,1,1,1,7,4250,2,5,4,1
201343P110063,1,9,0,9,0,6,0,0,0,0,1,1,6,1,7,1600,1,7,4,1
201343P110063,2,9,0,18,0,8,0,0,0,0,1,1,6,2,6,1896,2,16,5,1
201343P110083,1,5,0,14,0,8,0,0,0,0,1,1,2,1,6,675,1,7,9,1
201343P110083,2,9,0,9,0,5,0,0,0,0,2,1,2,1,6,1999,2,10,4,1
201343P110103,1,9,0,9,0,6,0,0,0,0,3,1,1,1,8,2993,2,9,3,1
201343P110103,2,2,0,14,0,8,0,0,0,0,1,1,6,2,4,49,1,12,6,1
201343P110113,1,90,0,9,0,5,0,0,0,0,1,1,6,2,9,-1,-1,-1,10,2
201343P110113,2,3,0,18,0,8,0,0,0,0,1,1,6,2,6,124,1,5,8,3
201343P110123,1,9,0,16,0,0,1,0,7,9,1,1,2,1,7,1242,1,1,10,1
201343P111023,1,19,0,4,0,0,0,0,0,0,1,1,2,1,6,2461,2,11,8,2
201343P111023,2,9,0,4,0,0,0,0,0,0,2,1,2,2,4,1242,1,3,8,1
201343P111023,3,19,0,4,0,0,0,0,0,0,2,1,2,1,6,-1,-1,-1,7,1
201343P111033,1,19,0,9,0,5,0,0,0,0,4,1,1,1,7,1560,2,2,10,1
201343P111033,2,8,0,18,0,8,0,0,0,0,1,1,1,2,7,1388,1,4,9,1
201343P111063,1,9,0,18,0,8,0,0,0,0,4,1,6,1,10,1339,8,2,10,1