Accident_Index,Vehicle_Reference,Vehicle_Type,Towing_and_Articulation,Vehicle_Manoeuvre,Vehicle_Location-Restricted_Lane,Junction_Location,Skidding_and_Overturning,Hit_Object_in_Carriageway,Vehicle_Leaving_Carriageway,Hit_Object_off_Carriageway,1st_Point_of_Impact,Was_Vehicle_Left_Hand_Drive?,Journey_Purpose_of_Driver,Sex_of_Driver,Age_Band_of_Driver,Engine_Capacity_(CC),Propulsion_Code,Age_of_Vehicle,Driver_IMD_Decile,Driver_Home_Area_Type
201343P111063,2,9,0,9,0,8,0,0,0,0,1,1,6,2,8,1598,1,8,3,1
201343P111083,1,9,0,16,0,1,1,0,0,0,3,1,6,1,8,3164,1,29,9,3
201343P111083,2,21,0,17,0,2,0,0,0,0,3,1,1,1,7,-1,-1,-1,9,3
201343P111103,1,1,0,18,0,1,0,0,1,0,1,1,6,1,8,-1,-1,-1,8,3
201343P111103,2,90,0,3,0,1,0,0,0,0,2,1,6,1,10,2800,2,9,10,1
201343P111123,1,19,0,18,0,0,0,0,0,0,1,1,6,3,-1,-1,-1,-1,-1,-1
201343P111123,2,9,0,18,0,0,0,0,0,0,1,1,6,2,5,1595,1,6,9,3
201343P112033,1,19,0,18,0,0,1,0,0,0,1,1,1,1,7,2148,2,6,1,1
201343P112033,2,9,0,4,0,0,1,0,1,6,2,1,1,1,7,3824,1,8,3,1
201343P112053,1,9,0,18,0,3,0,0,0,0,3,1,6,1,7,2926,2,9,10,1
201343P112053,2,9,0,18,0,3,0,0,7,0,4,1,6,1,6,1598,2,1,4,2
201343P112103,1,9,0,9,0,6,0,0,0,0,3,1,1,2,6,1149,1,2,2,1
201343P112103,2,9,0,15,0,8,0,0,0,0,1,1,1,2,6,1364,1,8,5,1
201343P112113,1,9,0,7,0,6,0,0,0,0,3,1,2,1,10,2982,2,8,8,3
201343P112113,2,9,0,18,0,8,0,0,0,0,1,1,2,1,7,-1,-1,-1,9,1
201343P112123,1,9,0,16,0,1,1,0,7,10,4,1,6,1,6,1796,1,13,9,3
201343P113013,1,9,0,18,9,8,0,0,2,0,4,1,6,1,-1,-1,-1,-1,-1,-1
201343P113033,1,9,0,17,0,8,2,0,1,10,4,1,6,1,11,1399,2,8,10,1
201343P113043,1,9,0,7,0,6,0,0,0,0,1,1,6,1,7,1753,2,5,10,1
201343P113043,2,1,0,9,0,5,0,0,0,0,1,1,1,1,9,-1,-1,-1,6,1
201343P113053,1,9,0,9,0,6,0,0,0,0,1,1,6,2,6,1560,2,8,3,1
201343P113053,2,3,0,18,0,8,0,0,0,0,4,1,1,1,9,-1,-1,-1,7,1
201343P113063,1,9,0,18,0,0,0,0,0,0,1,1,6,2,8,1896,2,11,-1,-1
201343P113063,2,9,0,3,0,0,0,0,0,0,2,1,6,2,7,1998,1,8,9,2
201343P113093,1,9,0,7,0,5,0,0,0,0,4,1,6,1,-1,1598,1,26,-1,-1
201343P113093,2,1,0,18,0,8,0,0,0,0,1,1,6,2,6,-1,-1,-1,5,1
201343P113103,1,9,0,6,0,6,0,0,0,0,3,1,6,3,-1,-1,-1,-1,-1,-1
201343P113103,2,5,0,18,0,1,0,0,0,0,1,1,6,1,8,1165,1,10,3,1
201343P114033,1,9,0,4,0,1,0,0,0,0,4,1,6,1,-1,-1,-1,-1,-1,-1
201343P114043,1,9,0,18,0,0,1,0,0,0,1,1,6,2,5,1388,1,11,9,2
201343P114043,2,9,0,4,0,0,0,0,0,0,2,1,2,1,7,1910,2,5,6,1
201343P114053,1,9,0,9,0,5,0,0,0,0,3,1,6,2,8,1364,1,5,-1,-1
201343P114053,2,5,0,13,0,8,1,0,7,10,1,1,6,1,8,-1,-1,-1,9,1
201343P114103,1,9,0,18,0,0,0,0,0,0,4,1,6,2,10,2494,1,12,7,3
201343P114113,1,9,0,18,0,1,0,0,1,0,1,1,6,1,5,1984,1,5,6,1
201343P114113,2,19,0,2,0,2,0,0,0,0,2,1,6,1,-1,-1,-1,-1,6,1
201343P114113,3,9,0,2,0,2,0,0,0,0,2,1,6,2,-1,-1,-1,-1,6,1
201343P115023,1,2,0,9,0,6,0,0,0,0,3,1,6,1,4,49,1,2,9,2
201343P115023,2,9,0,18,0,8,0,0,0,0,1,1,6,1,4,-1,-1,-1,6,1
201343P115083,1,9,0,17,0,0,1,0,0,0,1,1,6,2,7,1598,1,9,8,1
201343P115083,2,19,0,16,0,0,0,0,1,0,1,1,1,1,7,-1,-1,-1,9,1
201343P115103,1,2,0,17,0,2,0,0,0,0,1,1,6,1,3,-1,-1,-1,8,2
201343P115103,2,9,0,2,0,2,0,0,0,0,2,1,6,3,-1,1686,2,9,-1,-1
201343P115123,1,9,0,18,0,0,0,0,0,0,1,1,6,1,8,1998,2,7,-1,2
201343P115123,2,9,0,3,0,0,0,0,0,0,2,1,6,2,6,1596,1,11,9,1
201343P116033,1,9,0,9,0,5,0,0,7,10,3,1,6,2,6,2497,2,8,10,1
201343P116033,2,90,0,14,0,1,0,0,7,10,1,1,1,1,7,-1,-1,-1,9,3
201343P116043,1,9,0,4,0,1,0,0,0,0,1,1,6,2,10,-1,-1,-1,-1,-1
201343P116043,2,9,0,3,0,1,0,0,0,0,2,1,6,2,6,1360,1,8,9,2
201343P116053,1,9,0,16,0,0,0,0,1,0,3,1,6,1,5,1242,1,11,2,1
201343P116053,2,9,0,17,0,0,0,0,0,0,1,1,6,2,8,1753,2,5,9,1
201343P116083,1,9,0,17,0,0,1,0,1,4,1,1,6,1,4,1119,1,18,10,3
201343P116093,1,20,0,13,0,0,0,0,1,11,1,1,1,1,6,2287,2,2,5,1
201343P116093,2,21,1,18,0,0,0,0,0,0,2,1,1,1,8,-1,-1,-1,-1,-1
201343P116103,1,1,0,18,4,4,0,0,0,0,0,1,6,1,5,-1,-1,-1,4,1
201343P116103,2,19,0,16,0,3,0,0,0,0,0,1,6,1,7,1968,2,-1,6,1
201343P116113,1,9,0,1,0,0,0,0,0,0,2,1,2,2,9,1896,2,11,6,1
201343P117013,1,9,0,17,0,0,1,0,2,4,1,1,6,2,4,-1,-1,-1,-1,-1
201343P117063,1,9,0,18,0,0,0,0,0,0,1,1,6,1,8,-1,-1,-1,-1,-1
201343P117063,2,9,0,3,0,0,0,0,0,0,2,1,2,1,5,-1,-1,-1,9,1
201343P117103,1,9,0,18,0,1,0,0,0,0,1,1,6,1,5,-1,-1,-1,-1,-1
201343P117103,2,8,0,9,0,5,0,0,0,0,2,1,1,2,5,1296,1,6,5,1
201343P117123,1,9,0,5,0,4,0,0,0,0,3,1,6,1,8,2967,2,-1,8,1
201343P117123,2,1,0,9,0,8,0,0,0,0,1,1,6,1,-1,-1,-1,-1,9,3
201343P118013,1,9,0,18,0,0,1,0,0,0,4,1,1,1,7,1422,2,5,9,2
201343P118013,2,9,0,18,0,0,0,0,0,0,3,1,1,2,6,1400,1,13,8,1
201343P118013,3,9,0,18,0,0,0,0,0,0,4,1,6,1,-1,1968,2,1,-1,-1
201343P118013,4,9,0,18,0,0,0,0,0,0,3,1,1,1,6,1497,1,10,10,1
201343P118023,1,9,0,16,0,0,1,0,1,4,1,1,1,1,4,1796,1,10,3,1
201343P118023,2,9,0,3,0,0,0,0,0,0,2,1,2,2,8,1997,2,4,10,2
201343P118033,1,9,0,9,0,6,0,0,0,0,1,1,6,2,9,1910,2,3,6,1
201343P118033,2,1,0,18,0,8,0,0,0,0,1,1,6,1,6,-1,-1,-1,6,1
201343P118043,1,19,0,18,0,0,5,0,0,0,4,1,1,1,9,-1,-1,-1,2,1
201343P118053,1,9,0,9,0,6,0,0,0,0,3,1,1,2,6,1600,1,15,5,1
201343P118053,2,1,0,18,0,8,0,0,0,0,1,1,1,2,6,-1,-1,-1,6,1
201343P118073,1,9,0,18,0,0,0,0,0,0,2,1,6,1,-1,1497,1,11,-1,-1
201343P118073,2,1,0,18,0,0,0,0,0,0,1,1,2,1,8,-1,-1,-1,1,1
201343P119013,1,9,0,17,0,0,1,0,1,0,1,1,6,2,6,998,1,15,9,1
201343P119033,1,9,0,18,0,0,0,0,0,0,1,1,6,2,6,2198,2,6,9,1
201343P119033,2,9,0,1,0,0,0,0,0,0,3,1,6,1,6,1600,1,23,4,1
201343P119033,3,9,0,2,0,0,0,0,0,0,0,1,6,1,6,1998,1,19,5,1
201343P119063,1,9,0,18,0,4,0,0,0,0,1,1,6,1,6,-1,-1,-1,10,1
201343P119063,2,9,0,9,0,8,0,0,0,0,1,1,6,1,5,1900,2,15,6,1
201343P119083,1,9,0,17,0,0,0,0,1,0,1,1,2,1,6,1984,1,5,3,1
201343P119113,1,9,0,4,0,0,0,0,0,0,1,1,6,1,7,-1,-1,-1,3,1
201343P119113,2,9,0,4,0,0,0,0,0,0,2,1,6,1,7,1986,2,6,5,1
201343P119123,1,8,0,18,0,0,1,0,0,0,1,1,1,1,8,1798,8,-1,3,1
201343P119123,2,9,0,10,0,0,0,0,0,0,2,1,6,1,6,1299,1,14,6,1
201343P120063,1,9,0,18,0,8,0,0,7,10,1,1,1,1,8,1461,2,-1,-1,-1
201343P120063,2,9,0,9,0,5,0,0,7,10,1,1,6,2,6,1400,2,7,9,1
201343P120073,1,9,0,11,0,0,0,0,1,6,4,1,6,1,11,1461,2,3,8,1
201343P120073,2,21,1,18,0,0,0,0,0,0,3,1,1,1,9,-1,-1,-1,2,1
201343P120103,1,9,0,18,0,1,0,0,0,0,1,1,6,2,7,1390,1,9,4,1
201343P120103,2,9,0,5,0,1,0,0,0,0,1,1,6,1,4,1390,1,10,9,1
201343P120113,1,9,0,9,0,6,0,0,0,0,1,1,6,1,7,1587,1,7,3,1
201343P120113,2,1,0,18,0,8,0,0,0,0,4,1,2,2,7,-1,-1,-1,7,1
201343P121013,1,9,0,17,0,0,5,0,1,9,1,1,6,1,6,1598,1,14,4,1
201343P121043,1,9,0,1,0,1,0,0,0,0,2,1,6,2,-1,-1,-1,-1,-1,-1
201343P121043,2,1,0,18,0,6,0,0,0,0,1,1,2,2,8,-1,-1,-1,8,3
201343P121063,1,9,0,18,0,2,0,0,0,0,4,1,6,1,7,-1,-1,-1,6,1
201343P121063,2,1,0,18,0,6,0,0,0,0,1,1,4,1,3,-1,-1,-1,7,1
201343P121103,1,9,0,3,0,4,0,0,0,0,2,1,1,1,6,1206,1,3,10,1
201343P121103,2,19,0,4,0,4,1,0,0,0,1,1,1,1,-1,-1,-1,-1,-1,-1
201343P122013,1,9,0,13,0,0,0,0,0,0,1,1,2,2,4,1360,1,11,8,3
201343P122013,2,9,0,18,0,0,0,0,1,0,1,1,2,1,8,1242,1,9,10,2
201343P122013,3,20,0,18,0,0,0,0,0,0,0,1,1,3,-1,-1,-1,-1,-1,-1
201343P122043,1,9,0,18,0,0,0,0,0,0,1,1,6,2,9,1598,1,-1,-1,-1
201343P122043,2,19,0,3,0,0,0,0,0,0,2,1,1,1,8,2198,2,6,6,1
201343P122063,1,3,0,18,0,1,0,0,0,0,1,1,6,1,6,-1,-1,-1,9,2
201343P122063,2,9,0,18,0,1,0,0,0,0,2,1,6,1,11,1598,1,14,5,1
201343P122083,1,9,0,4,0,1,1,0,0,0,1,1,6,1,7,-1,-1,-1,8,2
201343P122083,2,9,0,3,0,1,0,0,0,0,2,1,6,1,7,1896,2,8,6,1
201343P122083,3,9,0,3,0,1,0,0,0,0,2,1,6,2,9,1360,1,10,8,3
201343P122083,4,9,0,10,0,1,0,0,0,0,0,1,6,3,-1,-1,-1,-1,-1,-1
201343P122103,1,9,0,18,0,0,1,0,5,6,1,1,2,2,6,1124,1,9,7,1
201343P123013,1,9,0,18,0,0,0,0,0,0,1,1,6,1,11,1339,1,7,10,1
201343P123013,2,21,1,18,0,0,0,0,0,0,2,2,1,1,7,-1,-1,-1,-1,-1
201343P123023,1,9,0,18,0,0,0,0,0,0,4,1,6,3,-1,1364,1,5,-1,-1
201343P123023,2,1,0,18,0,0,0,0,0,0,3,1,6,1,6,-1,-1,-1,6,1
201343P123033,1,19,0,18,0,0,0,0,0,0,1,1,1,1,7,-1,-1,-1,-1,-1
201343P123033,2,9,0,4,0,0,0,0,0,0,2,1,6,1,7,1206,1,3,6,3
201343P123033,3,9,0,18,0,0,0,0,0,0,0,1,6,2,5,1242,1,13,5,1
201343P123053,1,9,0,7,0,6,0,0,0,0,1,1,1,1,7,2720,2,5,10,1
201343P123053,2,4,0,18,0,8,0,0,0,0,4,1,1,1,8,296,1,-1,9,1
201343P123063,1,1,0,18,0,0,0,0,0,0,1,1,6,2,7,-1,-1,-1,-1,-1
201343P123063,2,9,0,17,0,0,0,0,0,0,3,1,6,2,5,1124,1,9,9,1
201343P123073,1,9,0,18,0,1,0,0,0,0,1,1,6,1,11,875,1,-1,9,2
201343P123073,2,5,0,4,0,1,0,0,0,0,2,1,6,1,9,1098,1,6,8,3
201343P123093,1,9,0,18,0,0,0,0,0,0,1,1,6,1,-1,-1,-1,-1,-1,-1
201343P123103,1,21,0,9,0,6,0,0,0,0,3,1,1,1,6,-1,-1,-1,7,1
201343P123103,2,9,0,18,0,8,0,0,0,0,1,1,6,1,9,1560,2,2,8,2
201343P123123,1,9,0,18,0,6,0,0,3,0,3,1,6,1,11,-1,-1,-1,9,3
201343P123123,2,9,0,18,0,8,0,0,0,0,1,1,6,2,6,1995,2,-1,7,2
201343P124063,1,9,0,18,0,0,0,0,0,0,4,1,6,1,5,1590,1,11,5,1
201343P124063,2,1,0,18,0,0,0,0,1,0,3,1,1,1,5,-1,-1,-1,2,1
201343P124083,1,9,0,13,0,1,0,0,1,0,1,1,2,2,5,998,1,4,10,2
201343P124083,2,9,0,9,0,5,0,0,1,0,1,1,2,1,7,2993,2,2,9,1
201343P124103,1,9,0,18,0,0,1,0,2,6,1,1,6,2,6,-1,-1,-1,9,3
201343P125053,1,9,0,18,0,0,0,0,0,0,1,1,6,1,6,2993,2,1,2,1
201343P125063,1,9,0,18,0,1,0,0,0,0,1,1,6,1,-1,-1,-1,-1,-1,-1
201343P125063,2,1,0,18,0,1,0,0,0,0,1,1,1,2,5,-1,-1,-1,7,1
201343P125093,1,9,0,11,0,8,2,0,1,7,1,1,6,1,5,1998,1,16,1,1
201343P125103,1,9,0,18,0,4,0,9,3,1,1,1,6,2,8,1398,2,6,10,1
201343P126033,1,9,0,18,0,0,0,0,2,1,4,1,6,1,7,1560,2,1,-1,-1
201343P126033,2,9,0,2,9,0,0,0,0,0,3,1,6,3,-1,-1,-1,-1,-1,-1
201343P126033,3,9,0,2,9,0,0,0,0,0,3,1,6,3,-1,1870,2,9,-1,-1
201343P126033,4,9,0,2,9,0,0,0,0,0,3,1,6,3,-1,1598,1,7,-1,-1
201343P126053,1,9,0,9,0,5,0,0,0,0,1,1,1,1,6,-1,-1,-1,10,3
201343P126053,2,9,0,18,0,8,0,0,0,0,3,1,6,2,8,1994,2,12,10,3
201343P126083,1,9,0,17,0,0,1,0,0,0,4,1,6,1,7,1796,1,11,5,1
201343P126083,2,9,0,16,0,0,0,0,0,0,1,1,6,1,6,1781,1,11,10,1
201343P126093,1,9,0,18,0,0,0,0,0,0,1,1,6,1,8,1560,2,6,4,1
201343P126093,2,9,0,4,0,0,0,0,0,0,2,1,6,1,8,1968,2,-1,9,1
201343P126113,1,21,1,5,0,8,0,0,0,0,1,1,1,1,8,11967,2,2,6,1
201343P126113,2,9,0,3,0,8,0,0,0,0,2,1,6,1,7,2987,2,6,6,1
201343P126113,3,9,0,3,0,8,0,0,0,0,2,1,2,1,6,1956,2,-1,5,1
201343P127023,1,9,0,4,0,0,0,0,0,0,1,1,6,3,-1,-1,-1,-1,-1,-1
201343P127023,2,9,0,3,0,0,0,0,0,0,2,1,1,2,6,1242,1,9,2,1
201343P127023,3,8,0,2,0,0,0,0,0,0,2,1,6,1,8,-1,-1,-1,4,1
201343P127083,1,9,0,5,0,4,0,0,0,0,1,1,2,1,8,1997,2,11,9,1
201343P127083,2,1,0,18,0,8,0,0,0,0,4,1,2,1,8,-1,-1,-1,10,1
201343P127093,1,9,0,7,0,4,0,0,0,0,1,1,3,1,8,1560,2,5,5,1
201343P127093,2,1,0,18,0,8,0,0,0,0,4,1,2,1,5,-1,-1,-1,9,2
201343P127103,1,9,0,9,0,6,0,0,7,11,1,1,6,2,7,998,1,6,10,1
201343P127103,2,9,0,18,0,8,0,0,0,0,3,1,2,2,7,1796,1,5,10,1
201343P127113,1,9,0,18,0,0,0,0,0,0,1,1,6,1,-1,1753,2,5,10,1
201343P127113,2,9,0,3,0,0,0,0,0,0,2,1,6,2,-1,1796,1,6,8,2
201343P128013,1,9,0,7,0,6,0,0,0,0,1,1,6,2,6,1299,1,10,3,1
201343P128013,2,1,0,18,5,8,0,0,0,0,2,1,6,1,10,-1,-1,-1,6,1
201343P128033,1,9,0,2,0,0,0,0,0,0,3,1,6,1,5,1998,1,8,9,1
201343P128033,2,1,0,14,0,0,0,8,0,0,1,1,6,2,5,-1,-1,-1,4,1
201343P128053,1,19,0,18,0,1,0,0,0,0,1,1,1,1,5,-1,-1,-1,10,3
201343P128053,2,19,0,3,0,1,0,0,0,0,2,1,1,1,9,1868,2,10,10,1
201343P128053,3,9,0,3,0,1,0,0,0,0,2,1,6,2,9,2996,1,5,7,3
201343P128053,4,9,0,3,0,1,0,0,0,0,2,1,6,2,9,-1,-1,-1,9,3
201343P128063,1,9,0,16,0,0,2,0,0,0,4,1,2,2,4,999,1,16,9,1
201343P128083,1,9,0,18,0,8,0,0,3,11,1,1,6,2,4,1598,1,9,10,1
201343P128103,1,9,0,16,0,0,5,0,8,10,1,1,6,1,6,1527,2,17,8,2
201343P129033,1,9,0,4,0,1,0,0,0,0,1,1,2,2,6,1398,2,8,10,2
201343P129033,2,9,0,4,0,1,0,0,0,0,2,1,2,1,6,-1,-1,-1,2,1
201343P129033,3,9,0,10,0,1,0,0,0,0,2,1,2,2,7,1598,1,13,10,2
201343P129043,1,9,0,18,0,1,0,0,0,0,1,1,2,1,4,998,1,6,10,2
201343P129043,2,5,0,7,0,1,0,0,0,0,2,1,6,1,6,599,1,9,6,1
201343P129053,1,9,0,6,0,4,0,0,0,0,1,1,6,2,6,1796,1,10,3,1
201343P129053,2,9,0,9,0,4,0,0,0,0,2,1,6,1,11,1598,2,2,-1,-1
201343P130043,1,9,0,18,0,1,0,0,0,0,1,1,6,1,6,1900,2,14,6,1
201343P130043,2,9,0,3,0,1,0,0,0,0,2,1,1,1,6,1896,2,3,2,1
201343P130043,3,9,0,3,0,1,0,0,0,0,2,1,1,1,7,-1,-1,-1,9,3
201343P130073,1,9,0,18,0,8,0,0,0,0,1,1,6,3,-1,-1,-1,-1,6,1
201343P130073,2,1,0,18,0,8,0,0,0,0,1,1,6,1,-1,-1,-1,-1,2,1
201343P130093,1,9,0,9,0,5,0,0,0,0,1,1,6,2,9,1560,2,5,10,1
201343P130093,2,9,0,18,0,8,0,0,0,0,1,1,6,1,6,1796,1,17,7,3
201343P130093,3,19,0,8,0,1,0,0,0,0,3,1,2,1,8,2463,2,7,7,3
201343P130113,1,9,0,17,0,0,2,0,1,4,1,1,2,1,5,1124,1,14,5,1
201343P130123,1,9,0,18,0,4,0,0,0,0,3,1,6,2,7,2922,1,10,6,1
201343P130123,2,1,0,18,0,8,0,0,0,0,1,1,6,1,6,-1,-1,-1,3,1
201343P131013,1,9,0,4,0,1,0,0,0,0,1,1,6,2,10,1299,1,10,7,1
201343P131013,2,9,0,4,0,1,0,0,0,0,2,1,6,1,8,1796,1,12,9,2
201343P131013,3,9,0,4,0,1,0,0,0,0,2,1,6,1,6,1997,2,5,9,1
201343P131023,1,9,0,9,0,2,0,0,7,3,1,1,1,1,5,1997,2,1,-1,-1
201343P131063,1,9,0,7,5,5,0,0,0,0,4,1,6,1,7,2495,1,12,-1,-1
201343P131063,2,1,0,18,5,8,0,0,0,0,1,1,6,1,6,-1,-1,-1,8,1
201343P132013,1,21,1,18,0,0,0,0,0,0,1,2,1,1,8,-1,-1,-1,-1,-1
201343P132013,2,9,0,18,0,0,0,0,0,0,2,1,2,1,5,1598,1,8,8,2
201343P132013,3,19,0,18,0,0,0,0,0,0,2,1,1,1,7,1753,2,1,6,1
201343P132063,1,21,0,18,0,0,1,0,0,0,1,1,6,1,8,4250,2,8,9,3
201343P132073,1,9,0,16,0,2,0,0,0,0,1,1,6,1,9,1951,2,9,7,1
201343P132073,2,9,0,3,0,2,0,0,0,0,2,1,6,2,6,-1,-1,-1,7,1
201343P132073,3,9,0,3,0,2,0,0,0,0,2,1,6,1,8,1998,1,10,-1,-1
201343P132073,4,9,0,3,0,2,0,0,0,0,2,1,6,1,4,1124,1,13,-1,-1
201343P132093,1,8,0,17,0,0,2,0,1,10,1,1,1,1,7,1896,2,7,3,1
201343P132103,1,9,0,6,0,0,0,0,0,0,0,1,6,1,-1,-1,-1,-1,-1,-1
201343P132103,2,9,0,18,0,0,0,0,0,0,0,1,6,2,7,1985,1,15,-1,-1
201343P133063,1,9,0,7,0,6,0,0,7,1,3,1,6,2,11,1198,1,3,8,2
201343P133063,2,9,0,18,0,8,0,0,7,1,1,1,6,2,7,1870,2,9,6,3
201343P133093,1,9,0,17,0,2,0,0,0,0,1,1,6,1,9,2199,2,-1,-1,-1
201343P133093,2,9,0,16,0,1,0,0,0,0,1,1,6,1,8,2496,1,9,10,2
201343P133113,1,9,0,9,9,2,0,0,0,0,1,1,2,1,8,2495,2,7,9,2
201343P134013,1,9,0,18,0,0,2,0,1,9,1,1,6,1,5,1796,1,11,2,1
201343P134023,1,9,0,18,0,8,5,10,3,2,1,1,6,2,6,1595,1,10,3,1
201343P134043,1,9,0,4,0,1,0,0,0,0,1,1,6,1,11,3199,1,10,10,1
201343P135033,1,1,0,18,0,8,0,0,0,0,1,1,6,1,10,-1,-1,-1,9,2
201343P135083,1,9,0,18,0,4,0,0,0,0,0,1,6,1,-1,-1,-1,-1,-1,-1
201343P135083,2,1,0,18,0,8,0,0,0,0,0,1,6,1,5,-1,-1,-1,8,1
201343P135093,1,9,0,9,0,6,0,0,0,0,1,1,2,1,10,2993,2,4,-1,-1
201343P135093,2,9,0,18,0,8,0,0,0,0,1,1,6,2,8,1299,1,9,-1,-1
201343P136033,1,9,0,10,0,1,0,0,0,0,2,1,2,2,8,3800,1,3,7,3
201343P136033,2,9,0,18,0,1,1,0,0,0,1,1,2,1,5,999,1,14,7,3
201343P136043,1,1,0,18,0,0,0,0,0,0,1,1,6,1,7,-1,-1,-1,9,1
201343P136043,2,9,0,18,0,0,0,0,0,0,4,1,6,1,8,1796,1,9,5,1
201343P136053,1,1,0,18,0,8,0,0,0,0,4,1,6,2,6,-1,-1,-1,6,1
201343P136053,2,9,0,18,0,1,0,0,0,0,1,1,6,1,8,1598,1,8,1,1
201343P136083,1,1,0,15,0,0,0,0,0,0,1,1,6,1,7,-1,-1,-1,5,1
201343P136083,2,9,0,3,0,0,0,0,0,0,4,1,6,1,6,1339,1,7,2,1
201343P136103,1,9,0,18,0,0,1,0,0,0,1,1,1,2,9,2295,1,11,7,1
201343P136103,2,9,0,18,0,0,0,0,0,0,2,1,6,2,8,1497,1,12,9,1
201343P136103,3,9,0,18,0,0,0,0,0,0,2,1,6,1,7,1999,1,8,8,1
201343P136113,1,9,0,18,0,1,0,0,0,0,1,1,2,1,5,1896,2,12,9,2
201343P136113,2,2,0,4,0,1,0,0,0,0,2,1,6,2,6,49,1,3,9,2
201343P136113,3,9,0,8,0,1,0,0,0,0,2,1,2,2,6,1598,2,1,10,1
201343P137013,1,9,0,18,0,0,1,0,2,7,4,1,2,2,6,1998,1,10,5,1
201343P137033,1,9,0,18,0,0,1,0,0,0,1,1,1,1,6,1149,1,12,-1,-1
201343P137033,2,19,0,18,0,0,1,0,0,0,2,1,1,1,6,2151,2,10,9,3
201343P137033,3,19,0,18,0,0,1,0,0,0,4,1,1,1,7,-1,-1,-1,9,3
201343P137033,4,9,0,18,0,0,1,0,0,0,0,1,1,1,6,1061,1,9,8,2
201343P137033,5,9,0,18,0,0,0,0,0,0,1,1,2,1,6,1364,2,3,9,1
201343P137043,1,9,0,18,0,0,0,0,0,0,1,1,2,1,8,2198,2,8,9,1
201343P137043,2,9,0,3,0,0,0,0,0,0,2,1,6,1,8,1390,1,9,10,2
201343P137043,3,9,0,18,0,0,0,0,0,0,1,1,2,2,11,998,1,3,6,2
201343P137043,4,9,0,3,0,0,0,0,0,0,0,1,6,3,-1,-1,-1,-1,-1,-1
201343P137053,1,9,0,2,0,0,0,0,0,0,2,1,6,2,6,1896,2,10,4,1
201343P137053,2,9,0,18,0,0,0,8,0,0,1,1,6,1,-1,1753,2,15,-1,-1
201343P137063,1,9,0,5,0,2,0,0,0,0,1,1,6,1,5,-1,-1,-1,8,1
201343P137063,2,9,0,18,0,1,0,0,0,0,1,1,6,2,7,2461,2,15,9,3
201343P137073,1,9,0,7,0,6,0,0,0,0,1,1,6,2,-1,-1,-1,-1,-1,-1
201343P137073,2,1,0,18,5,8,0,0,0,0,1,1,1,1,6,-1,-1,-1,5,1
201343P137113,1,9,0,18,9,0,0,0,1,0,4,1,6,2,9,-1,-1,-1,-1,-1
201343P138013,1,9,0,17,0,0,0,0,0,0,1,1,6,3,-1,-1,-1,-1,-1,-1
201343P138023,1,9,0,1,0,0,0,0,0,0,3,1,1,1,6,1998,1,3,10,3
201343P138023,2,9,0,5,0,0,0,0,0,0,3,1,6,1,-1,-1,-1,-1,-1,-1
201343P138033,1,9,0,12,0,0,1,0,4,7,1,1,2,1,6,1493,1,19,3,1
201343P138103,1,5,0,13,0,0,0,0,1,0,3,1,6,1,6,649,1,22,4,1
201343P138113,1,9,0,18,0,0,0,0,1,9,1,1,2,2,7,998,1,8,10,1
201343P139013,1,9,0,13,0,0,5,0,1,4,1,1,6,2,6,1390,1,12,6,1
201343P139023,1,9,0,17,0,0,1,0,2,10,3,1,6,1,8,1896,2,10,6,3
201343P139023,2,9,0,16,0,0,1,0,0,0,3,1,6,1,9,2400,2,3,8,3
201343P139033,1,1,0,18,0,8,0,0,0,0,1,1,6,2,5,-1,-1,-1,-1,-1
201343P139033,2,9,0,9,0,6,0,0,0,0,3,1,6,2,8,-1,-1,-1,-1,-1
201343P139063,1,9,0,9,0,8,0,0,0,0,1,1,2,2,8,1597,1,15,6,3
201343P139063,2,9,0,18,0,8,1,0,1,4,4,1,6,1,4,1399,1,5,8,3
201343P139123,1,9,0,18,0,1,0,0,0,0,1,1,1,2,-1,2290,1,13,-1,-1
201343P139123,2,9,0,3,0,1,0,0,0,0,2,1,1,2,5,1198,1,-1,9,1
201343P140033,1,19,0,18,0,0,0,0,0,0,0,1,6,3,-1,-1,-1,-1,-1,-1
201343P140033,2,1,0,18,0,0,0,0,0,0,4,1,6,1,7,-1,-1,-1,-1,-1
201343P140103,1,9,0,16,0,0,1,0,0,0,1,1,6,1,7,2179,2,1,9,3
201343P140103,2,9,0,17,0,0,0,0,1,10,1,1,6,1,7,1461,2,4,9,2
201343P140123,1,9,0,15,0,0,0,0,0,0,0,1,6,3,-1,-1,-1,-1,-1,-1
201343P140123,2,9,0,18,0,0,1,0,4,6,1,1,6,1,8,1364,2,2,2,1
201343P141033,1,9,0,18,0,0,0,0,0,0,1,1,6,2,5,1796,1,8,-1,-1
201343P141053,1,9,0,9,0,5,0,0,0,0,1,1,6,2,10,2987,2,6,9,2
201343P141053,2,1,0,18,5,8,0,0,0,0,1,1,4,1,4,-1,-1,-1,10,1
201343P141073,1,9,0,17,0,0,0,0,0,0,1,1,1,2,8,1995,1,-1,9,3
201343P141073,2,5,0,16,0,0,1,0,0,0,1,1,6,1,7,998,1,4,10,2