Accident_Index,Vehicle_Reference,Vehicle_Type,Towing_and_Articulation,Vehicle_Manoeuvre,Vehicle_Location-Restricted_Lane,Junction_Location,Skidding_and_Overturning,Hit_Object_in_Carriageway,Vehicle_Leaving_Carriageway,Hit_Object_off_Carriageway,1st_Point_of_Impact,Was_Vehicle_Left_Hand_Drive?,Journey_Purpose_of_Driver,Sex_of_Driver,Age_Band_of_Driver,Engine_Capacity_(CC),Propulsion_Code,Age_of_Vehicle,Driver_IMD_Decile,Driver_Home_Area_Type
201343P141103,1,8,0,18,0,6,0,0,0,0,2,1,1,1,-1,1797,8,3,4,1
201343P141103,2,9,0,18,0,8,0,0,0,0,1,1,6,1,-1,-1,-1,-1,10,3
201343P141123,1,9,0,9,0,6,0,0,0,0,1,1,6,1,7,2400,2,1,7,3
201343P141123,2,9,0,18,0,8,0,0,0,0,3,1,6,1,7,1598,2,1,9,1
201343P141123,3,9,0,18,0,1,5,0,0,0,3,1,6,1,7,2720,2,8,5,3
201343P141123,4,9,0,10,0,8,0,0,0,0,0,1,6,2,5,1598,1,7,9,1
201343P142013,1,9,0,7,0,5,0,0,0,0,3,1,6,1,5,1242,1,1,6,1
201343P142013,2,9,0,18,0,1,0,0,0,0,4,1,6,2,6,1998,1,15,3,1
201343P142013,3,9,0,2,0,1,0,0,1,0,3,1,6,3,-1,1598,1,14,-1,-1
201343P142073,1,1,0,18,0,0,1,10,1,0,1,1,6,2,6,-1,-1,-1,9,1
201343P142083,1,9,0,18,0,1,0,0,0,0,1,1,6,1,5,1461,2,10,8,3
201343P142083,2,9,0,3,0,1,0,0,0,0,2,1,6,2,6,1398,2,10,9,1
201343P142083,3,9,0,3,0,1,0,0,0,0,2,1,6,2,7,1896,2,4,6,1
201343P142083,4,9,0,10,0,1,0,0,0,0,0,1,6,3,-1,-1,-1,-1,-1,-1
201343P142113,1,9,0,18,0,1,0,0,0,0,1,1,6,1,5,1149,1,4,8,3
201343P142113,2,9,0,3,0,1,0,0,0,0,2,1,2,2,8,1198,1,9,9,2
201343P142113,3,9,0,10,0,1,0,0,0,0,2,1,2,1,9,1910,2,6,7,3
201343P143013,1,9,0,9,0,5,0,0,0,0,1,1,2,2,5,1598,1,10,9,2
201343P143013,2,19,0,18,0,8,0,0,0,0,1,1,2,1,7,1995,2,6,8,3
201343P143023,1,9,0,18,9,0,0,0,0,0,4,1,6,1,8,-1,-1,-1,-1,-1
201343P143033,1,19,0,18,0,1,0,0,0,0,1,1,6,1,-1,-1,-1,-1,-1,-1
201343P143033,2,1,0,18,0,1,0,0,0,0,1,1,6,1,4,-1,-1,-1,7,1
201343P143043,1,21,0,9,0,5,0,0,0,0,4,1,1,1,8,7790,2,1,6,1
201343P143043,2,1,0,15,4,8,0,0,0,0,3,1,6,2,8,-1,-1,-1,9,1
201343P143073,1,11,0,5,0,0,0,0,0,0,0,1,1,1,9,-1,-1,-1,8,1
201343P143113,1,9,0,11,0,0,0,0,1,7,4,1,6,2,4,1598,1,4,9,1
201343P143123,1,1,0,10,0,0,0,0,0,0,1,1,6,1,7,-1,-1,-1,5,1
201343P143123,2,8,0,18,0,0,0,0,0,0,3,1,2,1,8,-1,-1,-1,3,1
201343P144013,1,9,0,18,0,0,1,0,2,10,1,1,6,1,5,1798,1,11,10,2
201343P144013,2,9,0,18,0,0,1,0,0,0,1,1,6,1,9,1686,2,9,4,3
201343P144043,1,9,0,18,0,3,2,0,2,7,4,1,6,1,7,-1,-1,-1,9,1
201343P144083,1,9,0,18,0,1,0,0,0,0,1,1,6,2,5,1149,1,5,5,1
201343P144083,2,9,0,10,0,1,0,0,0,0,2,1,6,1,6,-1,-1,-1,6,1
201343P144093,1,9,0,4,0,1,0,0,0,0,1,1,2,2,8,2204,2,6,7,3
201343P144093,2,1,0,18,0,1,0,0,0,0,4,1,4,1,3,-1,-1,-1,-1,-1
201343P144103,1,21,1,12,0,0,0,0,0,0,3,1,1,1,9,-1,-1,-1,8,1
201343P144103,2,9,0,18,0,0,0,0,0,0,4,1,6,2,6,1368,1,3,1,1
201343P144123,1,9,0,1,0,0,0,0,0,0,2,1,6,1,-1,1587,1,12,-1,-1
201343P144123,2,9,0,2,0,0,0,0,0,0,2,1,6,1,4,2987,2,6,6,1
201343P145013,1,9,0,17,0,0,2,10,0,0,1,1,6,2,8,998,1,7,9,3
201343P145023,1,19,0,4,0,1,1,0,0,0,1,1,1,1,10,-1,-1,-1,9,1
201343P145023,2,9,0,4,0,1,0,0,1,0,2,1,2,2,5,1368,1,3,4,1
201343P145023,3,9,0,10,0,1,0,0,0,0,2,1,2,1,5,2494,2,25,8,3
201343P145043,1,1,0,12,0,0,0,0,0,0,3,1,6,2,6,-1,-1,-1,4,1
201343P145043,2,9,0,13,0,0,0,0,0,0,4,1,6,2,7,2199,2,1,10,2
201343P145053,1,11,0,4,0,0,0,0,0,0,0,1,1,2,7,4760,2,-1,2,1
201343P146013,1,9,0,12,0,2,0,0,0,0,2,1,2,2,7,1796,1,7,9,1
201343P146013,2,4,0,13,0,2,0,0,0,0,1,1,2,1,6,244,1,6,5,1
201343P146053,1,9,0,6,0,8,0,0,0,0,3,1,1,1,7,1248,2,5,4,1
201343P146053,2,9,0,16,0,1,1,0,0,0,1,1,6,1,7,1489,1,15,3,1
201343P146073,1,9,0,4,0,5,0,0,0,0,4,1,1,2,5,1199,1,11,6,1
201343P146073,2,90,0,18,0,1,0,0,0,0,0,1,1,2,7,2987,2,3,10,3
201343P146073,3,1,0,18,0,1,0,0,0,0,3,1,1,1,6,-1,-1,-1,8,3
201343P146103,1,9,0,9,0,5,0,0,0,0,1,1,1,1,10,-1,-1,-1,5,1
201343P146103,2,1,0,18,0,8,0,0,0,0,1,1,6,1,9,-1,-1,-1,4,1
201343P146123,1,9,0,1,0,1,0,8,0,0,2,1,6,1,6,1800,1,14,6,1
201343P146123,2,9,0,2,0,2,0,0,0,0,3,1,6,1,7,1598,1,5,7,3
201343P147023,1,9,0,14,0,0,0,0,0,0,1,1,6,2,7,1242,1,11,6,1
201343P147043,1,9,0,18,0,1,0,0,0,0,1,1,6,1,-1,-1,-1,-1,-1,-1
201343P147043,2,9,0,8,0,1,0,0,0,0,2,1,6,2,6,1598,1,12,10,1
201343P147063,1,9,0,14,0,0,0,0,0,0,0,1,6,2,7,1753,2,12,9,3
201343P147063,2,90,0,2,0,0,0,0,0,0,0,1,1,3,-1,-1,-1,-1,-1,-1
201343P147083,1,2,0,4,0,4,1,0,0,0,3,1,2,1,4,50,1,2,9,1
201343P147103,1,9,0,15,0,0,0,0,0,0,3,1,6,3,-1,1910,2,7,-1,-1
201343P147103,2,9,0,18,0,0,0,10,4,2,4,1,6,1,8,-1,-1,-1,4,1
201343P148053,1,9,0,9,0,8,0,0,0,0,3,1,6,1,7,1796,1,4,-1,-1
201343P148053,2,9,0,18,0,1,0,0,0,0,1,1,6,2,6,1598,1,11,2,1
201343P148063,1,1,0,18,0,1,0,0,0,0,1,1,6,2,6,-1,-1,-1,-1,-1
201343P148063,2,9,0,7,0,6,0,0,0,0,4,1,2,1,5,1598,1,1,8,1
201343P148083,1,9,0,18,0,0,0,0,0,0,1,1,6,1,6,1968,2,4,6,1
201343P148083,2,21,0,18,0,0,0,0,7,10,1,1,1,1,6,3920,2,7,2,1
201343P148123,1,9,0,17,0,1,0,0,0,0,1,1,6,1,7,1984,2,-1,-1,-1
201343P148123,2,9,0,16,0,8,0,0,0,0,1,1,2,2,6,1560,2,3,6,1
201343P149013,1,9,0,18,0,0,5,0,2,10,3,1,6,2,9,2766,2,8,10,3
201343P149013,2,9,0,18,0,0,1,0,0,0,0,1,6,1,10,-1,-1,-1,10,2
201343P149013,3,9,0,18,9,0,1,0,1,10,1,1,6,2,7,2494,1,12,8,3
201343P149053,1,8,0,5,0,6,0,0,0,0,1,1,6,1,-1,1896,2,9,-1,-1
201343P149063,1,90,0,6,0,0,0,0,0,0,1,1,6,1,11,-1,-1,-1,8,3
201343P149063,2,1,0,18,0,0,0,0,0,0,1,1,6,2,6,-1,-1,-1,8,1
201343P149083,1,9,0,9,0,5,0,0,0,0,1,1,2,1,7,1598,1,12,-1,-1
201343P149083,2,9,0,18,0,8,0,0,0,0,1,1,6,2,4,1598,1,8,-1,-1
201343P149103,1,9,0,18,0,4,0,0,0,0,1,1,6,1,-1,-1,-1,-1,-1,-1
201343P149103,2,9,0,18,0,8,0,0,0,0,4,1,6,2,5,1796,1,4,8,1
201343P149113,1,9,0,16,0,0,1,10,0,0,3,1,6,1,4,1364,1,9,7,1
201343P149113,2,9,0,17,0,0,0,0,0,0,2,1,6,1,6,1896,2,4,7,3
201343P149123,1,2,0,7,0,5,1,0,0,0,4,1,6,1,4,124,1,-1,6,2
201343P150053,1,9,0,2,0,1,0,0,0,0,3,1,3,1,6,1590,1,9,7,1
201343P150053,2,1,0,18,0,1,0,8,0,0,1,1,2,2,6,-1,-1,-1,8,1
201343P150063,1,9,0,5,0,1,0,0,0,0,1,1,2,1,6,-1,-1,-1,-1,-1
201343P150063,2,1,0,9,0,1,0,0,0,0,1,1,6,1,3,-1,-1,-1,4,1
201343P150103,1,9,0,18,0,6,0,0,0,0,1,1,6,1,9,-1,-1,-1,8,1
201343P150103,2,9,0,18,0,8,0,0,0,0,4,1,6,1,6,1997,2,8,8,1
201343P151023,1,3,0,4,0,1,1,0,0,0,4,1,1,1,4,-1,-1,-1,8,1
201343P151033,1,9,0,1,9,6,0,0,0,0,2,1,1,1,7,-1,-1,-1,-1,-1
201343P151043,1,9,0,14,0,1,0,0,0,0,3,1,6,3,-1,-1,-1,-1,-1,-1
201343P151083,1,11,0,4,2,0,0,0,0,0,1,1,1,1,6,4500,2,3,8,1
201343P151093,1,9,0,16,0,1,0,0,8,11,1,1,6,2,6,1588,1,9,8,3
201343P151103,1,9,0,4,0,1,0,0,0,0,1,1,2,1,6,1968,2,8,4,1
201343P151103,2,9,0,4,0,1,0,0,0,0,2,1,2,1,9,1896,2,8,8,1
201343P151103,3,9,0,3,0,1,0,0,0,0,2,1,6,2,8,1396,1,9,1,1
201343P152033,1,9,0,16,0,0,2,0,1,9,4,1,6,2,4,1461,2,12,10,2
201343P152053,1,9,0,7,0,3,1,10,0,0,3,1,6,1,4,1124,1,8,9,1
201343P152053,2,9,0,3,0,1,0,0,0,0,3,1,6,2,6,1910,2,6,10,1
201343P152073,1,5,0,9,0,8,1,0,0,0,3,1,6,1,6,599,1,5,5,1
201343P152083,1,9,0,18,0,0,1,0,7,0,1,1,6,1,10,2000,2,2,9,3
201343P152083,2,9,0,18,0,0,0,0,1,0,1,1,6,1,6,4163,1,9,7,3
201343P152093,1,9,0,18,0,0,0,0,0,0,1,1,6,1,5,1590,1,18,-1,-1
201343P152093,2,9,0,3,0,0,0,0,0,0,2,1,3,2,8,1997,1,10,6,1
201343P153013,1,9,0,18,0,0,0,0,0,0,1,1,1,1,6,1388,1,7,6,1
201343P153013,2,19,0,18,0,0,0,0,0,0,2,1,1,2,8,2143,2,1,7,1
201343P153013,3,9,0,18,0,0,0,0,0,0,2,1,1,1,9,1396,1,10,10,1
201343P153013,4,9,0,18,0,0,0,0,0,0,2,1,1,2,5,1984,1,10,6,1
201343P153123,1,3,0,18,0,1,1,0,0,0,4,1,6,1,4,-1,-1,-1,6,1
201343P154013,1,9,0,16,0,8,1,9,3,1,1,1,6,2,4,-1,-1,-1,7,1
201343P154023,1,9,0,18,0,0,0,0,0,0,1,1,1,1,7,1968,2,6,7,1
201343P154023,2,9,0,18,0,0,0,0,0,0,2,1,2,2,9,2179,2,3,10,1
201343P154023,3,9,0,18,0,0,0,0,0,0,2,1,2,2,4,1360,1,6,-1,2
201343P154023,4,9,0,18,0,0,0,0,0,0,2,1,1,1,8,2401,2,8,8,3
201343P154043,1,9,0,7,0,1,0,0,0,0,4,1,6,1,11,1124,1,12,7,2
201343P154053,1,9,0,18,0,0,2,10,7,4,3,1,6,2,6,1242,1,5,10,1
201343P154063,1,21,0,18,0,1,1,0,0,0,1,1,1,1,9,-1,-1,-1,7,3
201343P154063,2,9,0,3,0,1,0,0,0,0,2,1,1,1,5,-1,-1,-1,9,2
201343P154063,3,9,0,10,0,5,0,0,0,0,2,1,6,2,7,1360,1,7,10,1
201343P154103,1,9,0,18,0,0,1,0,1,4,1,1,6,2,8,1396,1,13,6,1
201343P154113,1,9,0,18,0,6,0,0,0,0,3,1,6,1,7,3199,1,14,10,1
201343P154113,2,19,0,18,0,8,0,0,0,0,1,1,1,1,8,2148,2,3,4,1
201343P155023,1,9,0,4,0,6,1,0,0,0,1,1,2,1,5,-1,-1,-1,10,2
201343P155023,2,9,0,18,0,8,0,0,1,1,1,1,2,2,7,2000,2,4,-1,-1
201343P155043,1,9,0,9,0,6,0,0,0,0,1,1,6,2,8,1397,1,14,-1,-1
201343P155043,2,1,0,18,0,8,0,0,0,0,1,1,6,1,4,-1,-1,-1,9,2
201343P155093,1,9,0,5,0,6,0,0,0,0,3,1,6,1,6,1968,2,2,-1,-1
201343P155093,2,1,0,18,0,8,0,0,0,0,1,1,6,1,7,-1,-1,-1,6,1
201343P155103,1,9,0,9,0,5,0,0,0,0,1,1,6,1,6,1588,1,9,10,1
201343P156023,1,5,0,14,0,0,0,0,0,0,1,1,6,1,7,1084,1,13,9,1
201343P156033,1,19,0,14,0,0,0,0,0,0,4,1,6,3,-1,2198,2,2,-1,-1
201343P156033,2,1,0,14,0,0,0,0,0,0,3,1,2,2,6,-1,-1,-1,8,1
201343P156033,3,11,0,3,0,0,0,0,0,0,0,1,1,3,-1,-1,-1,-1,-1,-1
201343P156043,1,9,0,17,0,0,2,0,0,0,1,1,2,2,6,1198,1,5,9,3
201343P156083,1,1,0,5,0,4,0,0,0,0,1,1,6,1,5,-1,-1,-1,5,1
201343P156083,2,9,0,18,0,8,0,0,0,0,4,1,6,1,-1,-1,-1,-1,-1,-1
201343P156093,1,9,0,18,0,0,0,0,0,0,1,1,6,1,5,1388,1,10,7,1
201343P157023,1,11,0,18,0,0,0,0,0,0,1,1,1,1,9,9000,2,1,9,2
201343P157023,2,1,0,18,0,0,0,0,1,0,2,1,1,1,8,-1,-1,-1,7,3
201343P157043,1,9,0,5,0,6,0,0,0,0,3,1,6,1,9,-1,-1,-1,7,1
201343P157043,2,9,0,18,0,8,0,0,0,0,1,1,6,1,9,1896,2,10,8,1
201343P157053,1,9,0,18,0,1,0,0,0,0,1,1,6,1,6,-1,-1,-1,9,1
201343P157053,2,9,0,18,0,1,0,0,0,0,2,1,6,1,-1,1598,1,6,10,3
201343P157063,1,9,0,4,0,0,0,0,0,0,1,1,6,1,11,1390,1,13,7,3
201343P157063,2,9,0,4,0,0,0,0,0,0,2,1,6,1,6,1995,2,-1,9,1
201343P157073,1,1,0,18,0,1,0,0,0,0,1,1,2,2,6,-1,-1,-1,5,1
201343P157073,2,8,0,9,0,5,0,0,0,0,4,1,1,1,6,1896,2,7,3,1
201343P157103,1,9,0,9,0,6,0,0,0,0,1,1,6,1,8,1796,1,12,7,2
201343P157103,2,1,0,18,0,8,0,0,0,0,1,1,6,2,9,-1,-1,-1,9,3
201343P158023,1,9,0,9,0,6,0,0,0,0,3,1,2,1,8,1389,1,14,10,1
201343P158023,2,9,0,18,0,8,0,0,0,0,1,1,2,2,6,1240,1,6,8,3
201343P158033,1,9,0,9,0,6,0,0,0,0,1,1,6,1,7,-1,-1,-1,-1,-1
201343P158033,2,1,0,18,0,1,0,0,0,0,1,1,6,1,5,-1,-1,-1,10,1
201343P158073,1,1,0,18,5,8,0,0,0,0,3,1,2,2,6,-1,-1,-1,4,1
201343P158073,2,9,0,5,5,6,0,0,0,0,1,1,6,2,-1,-1,-1,-1,6,1
201343P158093,1,9,0,17,0,0,0,0,2,4,4,1,6,2,4,1299,1,15,10,2
201343P158103,1,21,1,12,0,0,0,0,0,0,3,1,1,1,8,-1,-1,-1,-1,-1
201343P158103,2,9,0,18,0,0,0,0,4,6,4,1,1,2,8,1398,1,1,6,1
201343P158113,1,9,0,13,0,0,0,0,0,0,4,1,6,3,-1,-1,-1,-1,-1,-1
201343P158113,2,1,0,18,0,0,0,0,0,0,3,1,2,1,6,-1,-1,-1,9,1
201343P159043,1,9,0,7,0,6,0,0,0,0,1,1,6,2,8,1242,1,5,10,1
201343P159043,2,1,0,18,5,1,0,0,0,0,1,1,6,2,8,-1,-1,-1,6,1
201343P159053,1,9,0,4,0,1,0,0,0,0,1,1,6,1,8,1761,1,17,8,1
201343P159053,2,8,0,3,0,1,0,0,0,0,2,1,1,1,8,2664,2,12,6,1
201343P159063,1,8,0,7,0,5,0,0,1,1,1,1,1,1,6,1796,7,5,3,1
201343P159083,1,9,0,5,0,6,0,0,0,0,4,1,6,1,6,1995,2,3,6,1
201343P159083,2,9,0,18,0,8,0,0,0,0,1,1,6,2,11,1388,1,10,10,1
201343P159083,3,19,0,10,0,1,0,0,0,0,3,1,1,1,4,2148,2,4,9,1
201343P159093,1,19,0,16,0,0,0,0,0,0,1,1,6,1,-1,-1,-1,-1,-1,-1
201343P159093,2,9,0,17,0,0,1,0,2,4,1,1,6,1,4,973,1,11,-1,-1
201343P160023,1,9,0,18,0,4,0,0,0,0,1,1,6,1,-1,1798,1,1,-1,-1
201343P160023,2,1,0,18,0,8,0,0,0,0,4,1,6,1,5,-1,-1,-1,8,1
201343P160033,1,9,0,18,0,8,0,0,0,0,4,1,6,2,7,1598,1,13,3,1
201343P160033,2,1,0,9,0,5,0,0,0,0,3,1,6,2,6,-1,-1,-1,5,1
201343P160043,1,2,0,18,0,1,0,0,0,0,1,1,6,1,6,49,1,8,7,1
201343P160043,2,9,0,10,0,1,0,0,0,0,2,1,6,1,6,2979,1,8,9,2
201343P160073,1,9,0,18,0,1,0,4,0,0,1,1,6,2,6,1796,1,12,5,1
201343P160073,2,9,0,2,0,2,0,0,0,0,1,1,6,3,-1,998,1,11,-1,-1
201343P160103,1,9,0,7,5,5,0,0,1,0,4,1,2,2,8,1753,2,6,9,3
201343P160103,2,1,0,18,5,8,0,0,0,0,1,1,2,1,8,-1,-1,-1,9,2
201343P160113,1,9,0,18,0,0,0,0,0,0,1,1,6,2,8,998,1,8,9,1
201343P160113,2,1,0,18,0,0,0,0,1,0,2,1,6,2,7,-1,-1,-1,8,1
201343P160123,1,9,0,18,0,1,0,0,0,0,1,1,6,1,-1,-1,-1,-1,-1,-1
201343P160123,2,9,0,18,0,4,0,0,0,0,2,1,6,2,4,1198,1,3,4,3
201343P161013,1,21,1,17,0,8,2,0,1,10,1,1,1,1,8,12780,2,5,6,3
201343P161033,1,9,0,18,0,0,1,0,1,4,1,1,3,1,7,2198,2,4,5,1
201343P161053,1,9,0,18,0,4,0,0,0,0,3,1,6,3,-1,-1,-1,-1,-1,-1
201343P161053,2,1,0,9,0,3,0,0,0,0,4,1,1,1,5,-1,-1,-1,8,1
201343P161073,1,19,0,18,0,4,0,0,0,0,1,1,1,1,7,1598,2,2,6,1
201343P161073,2,9,0,3,0,4,0,0,0,0,2,1,6,1,11,2179,2,3,8,3
201343P161093,1,4,0,17,0,0,1,0,1,0,3,1,2,1,5,125,1,2,10,1
201343P161103,1,9,0,17,0,1,5,0,7,1,1,1,2,2,5,1994,2,9,9,1
201343P162013,1,19,0,7,0,1,1,0,3,10,1,1,2,1,6,-1,-1,-1,3,1
201343P162033,1,98,0,18,0,8,0,0,0,0,1,1,1,3,-1,-1,-1,-1,-1,-1
201343P162033,2,1,0,18,0,8,0,0,0,0,0,1,1,1,5,-1,-1,-1,8,2
201343P162063,1,19,0,1,9,8,0,0,0,0,2,1,1,1,7,2461,2,8,6,1
201343P162103,1,9,0,17,0,0,2,0,7,1,1,1,6,1,6,1587,1,15,6,1
201343P162113,1,9,0,5,0,4,0,0,0,0,1,1,6,1,8,-1,-1,-1,-1,-1
201343P162113,2,1,0,18,0,8,0,0,0,0,4,1,6,1,5,-1,-1,-1,9,1
201343P162123,1,9,0,18,0,0,1,0,5,7,1,1,6,1,7,1299,1,14,5,1
201343P162123,2,9,0,18,0,0,2,0,1,4,2,1,6,1,10,1998,2,11,-1,-1
201343P163033,1,9,0,18,0,0,0,0,0,0,1,1,2,1,6,-1,-1,-1,4,1
201343P163033,2,21,0,18,0,0,0,0,0,0,1,1,1,1,6,12580,2,7,10,1
201343P163083,1,9,0,12,0,0,0,0,0,0,3,1,6,1,-1,1968,2,-1,-1,-1
201343P163083,2,5,0,18,0,0,0,0,0,0,4,1,6,1,9,1000,1,25,5,1
201343P163103,1,9,0,7,0,6,0,0,0,0,3,1,2,1,8,2179,2,1,9,2
201343P163103,2,1,0,18,0,8,0,0,0,0,1,1,6,1,5,-1,-1,-1,4,1
201343P163113,1,9,0,9,0,5,0,0,0,0,1,1,6,2,4,1240,1,10,10,1
201343P163113,2,9,0,18,0,8,0,0,0,0,1,1,6,1,4,1360,1,11,9,3
201343P164023,1,9,0,18,0,8,0,0,0,0,4,1,6,2,10,1388,1,5,10,1
201343P164023,2,19,0,18,0,4,0,0,0,0,1,1,6,1,-1,-1,-1,-1,4,2
201343P164033,1,19,0,12,0,0,0,0,0,0,1,1,1,1,6,-1,-1,-1,1,1
201343P164033,2,9,0,18,0,0,0,0,0,0,2,1,2,2,7,-1,-1,-1,9,3
201343P164113,1,9,0,16,0,0,0,0,0,0,1,1,6,2,7,1391,1,13,5,1
201343P164113,2,5,0,17,0,0,0,0,1,0,1,1,6,1,6,745,1,6,8,3
201343P164123,1,9,0,18,0,0,0,0,0,0,1,1,6,2,6,1910,2,8,9,2
201343P165023,1,9,0,18,0,4,0,9,1,1,1,1,6,1,10,-1,-1,-1,8,2
201343P165033,1,9,0,18,0,0,0,0,1,4,1,1,6,1,6,1896,2,7,5,1
201343P165063,1,9,0,9,0,6,0,0,0,0,2,1,2,1,6,1198,1,7,9,3
201343P165063,2,9,0,18,0,8,0,0,0,0,1,1,2,1,5,1397,1,3,9,1
201343P166103,1,9,0,7,0,6,0,0,0,0,1,1,6,2,10,1339,1,7,9,3
201343P166103,2,9,0,9,0,8,0,0,0,0,1,1,6,2,7,-1,-1,-1,9,3
201343P167013,1,9,0,18,0,1,0,0,0,0,2,1,6,3,-1,-1,-1,-1,-1,-1
201343P167013,2,9,0,4,0,1,0,0,0,0,1,1,6,1,6,1560,2,1,6,1
201343P167063,1,9,0,18,0,0,0,0,0,0,1,1,6,1,7,1390,1,7,2,1
201343P167063,2,21,3,18,0,0,0,0,0,0,2,1,1,1,6,-1,-1,-1,5,1
201343P167073,1,21,1,12,0,1,0,0,0,0,1,1,1,1,7,-1,-1,-1,-1,-1
201343P167073,2,9,0,13,0,1,1,0,5,6,4,1,6,2,8,1794,1,9,2,1
201343P167093,1,9,0,17,0,2,0,0,1,10,4,1,6,2,6,1870,2,7,6,1
201343P168023,1,9,0,18,0,0,2,0,1,11,1,1,2,1,5,1389,1,10,7,1
201343P168043,1,9,0,18,0,8,0,0,0,0,1,1,6,1,8,3936,2,9,7,1
201343P168043,2,9,0,10,0,8,0,0,0,0,2,1,6,1,9,1781,1,9,10,1
201343P168053,1,5,0,16,0,0,1,0,0,0,4,1,6,2,7,583,1,16,10,1
201343P168053,2,9,0,16,0,0,0,0,0,0,1,1,6,1,8,1242,1,1,7,3
201343P168083,1,9,0,6,0,0,0,0,0,0,3,1,6,2,10,1596,1,1,9,3
201343P168083,2,3,0,18,0,0,0,0,0,0,1,1,6,1,4,125,1,1,8,2
201343P168093,1,9,0,18,0,0,5,0,1,10,1,1,6,1,4,1242,1,3,8,3
201343P168093,2,9,0,18,0,0,0,0,0,0,3,1,6,2,9,1396,1,16,8,3
201343P168113,1,9,0,17,0,0,2,0,2,10,4,1,2,2,4,998,1,11,9,2
201343P169053,1,9,0,18,0,0,1,0,1,4,4,1,6,2,6,1596,1,10,6,1
201343P169073,1,9,0,7,0,5,0,0,0,0,4,1,6,1,7,-1,-1,-1,6,3
201343P169073,2,1,0,18,0,1,0,0,0,0,1,1,6,1,5,-1,-1,-1,3,1
201343P169083,1,1,0,18,0,1,0,0,0,0,1,1,6,1,5,-1,-1,-1,-1,-1
201343P169083,2,9,0,10,0,1,0,0,0,0,2,1,6,1,4,-1,-1,-1,8,1
201343P169103,1,19,0,4,0,0,1,0,0,0,1,1,1,1,7,1248,2,3,10,1
201343P169103,2,9,0,5,0,0,0,0,0,0,2,1,3,1,7,2993,2,3,10,1
201343P170033,1,9,0,18,0,4,0,0,0,0,1,1,6,2,10,1997,2,4,9,2
201343P170033,2,1,0,18,0,8,0,0,0,0,2,1,6,1,7,-1,-1,-1,10,1
201343P170033,3,11,0,18,0,2,0,0,0,0,0,1,1,3,-1,-1,-1,-1,-1,-1
201343P170043,1,9,0,9,0,4,0,0,0,0,1,1,6,1,11,1149,1,5,4,1
201343P170043,2,9,0,18,0,8,0,0,0,0,4,1,6,2,7,1390,1,17,8,1
201343P170113,1,9,0,18,0,1,1,0,0,0,1,1,6,2,5,1242,1,13,8,3
201343P170113,2,19,0,10,0,1,0,0,0,0,2,1,6,1,8,1968,2,3,7,3
201343P171023,1,9,0,9,0,2,0,0,0,0,1,1,6,2,10,1390,1,1,10,2
201343P171033,1,9,0,9,0,5,0,0,0,0,1,1,2,2,7,1995,2,9,9,3
201343P171033,2,9,0,18,0,8,1,0,0,0,1,1,2,1,8,1796,1,4,9,1
201343P171033,3,9,0,18,0,1,0,0,0,0,1,1,6,1,8,1968,2,6,9,2
201343P171043,1,9,0,9,0,5,0,0,0,0,1,1,1,1,9,1242,1,1,-1,-1
201343P171043,2,9,0,18,0,8,0,0,0,0,1,1,1,2,7,1596,1,10,4,1
201343P171073,1,9,0,18,0,3,0,0,0,0,3,1,6,1,7,1998,2,12,3,1
201343P171073,2,8,0,18,0,3,0,0,0,0,4,1,6,1,8,1997,2,8,8,1
201343P171073,3,21,0,18,0,3,0,0,0,0,0,1,1,3,-1,-1,-1,-1,-1,-1
201343P171093,1,9,0,9,0,4,0,0,0,0,1,1,6,2,5,1560,2,3,9,1
201343P171093,2,5,0,18,0,8,1,0,0,0,1,1,6,1,6,-1,-1,-1,9,1
201343P171103,1,1,0,15,0,8,0,0,0,0,1,1,6,1,6,-1,-1,-1,10,1
201343P171103,2,9,0,9,0,5,0,0,0,0,2,1,6,2,7,1396,1,13,3,1
201343P172013,1,9,0,18,0,1,0,0,0,0,1,1,6,1,8,1388,1,10,7,1
201343P172013,2,9,0,4,0,1,0,0,0,0,2,1,6,2,7,2401,2,8,10,3
201343P172023,1,9,0,18,0,0,0,0,0,0,4,1,6,3,-1,-1,-1,-1,-1,-1
201343P172023,2,1,0,12,0,0,0,0,0,0,3,1,6,1,5,-1,-1,-1,-1,-1
201343P172033,1,9,0,18,0,8,0,0,0,0,1,1,2,2,6,998,1,1,3,1
201343P172053,1,9,0,7,0,5,0,0,0,0,3,1,2,1,8,1390,1,12,4,1
201343P172053,2,3,0,10,0,1,0,0,0,0,3,1,6,1,4,125,1,2,6,1
201343P172083,1,90,0,13,0,0,0,0,0,0,0,1,1,3,-1,-1,-1,-1,-1,-1
201343P172083,2,11,0,11,0,0,0,0,0,0,4,1,1,1,8,-1,-1,-1,-1,-1
201343P172083,3,5,0,18,0,0,0,0,0,0,3,1,6,1,10,675,1,3,9,1
201343P173023,1,9,0,1,0,0,0,0,0,0,2,1,6,3,-1,1597,1,19,-1,-1
201343P173023,2,21,0,3,0,0,0,0,0,0,0,1,1,3,-1,-1,-1,-1,-1,-1
201343P173033,1,9,0,18,0,0,1,0,6,0,1,1,2,1,6,2378,1,6,3,1