Accident_Index,Vehicle_Reference,Vehicle_Type,Towing_and_Articulation,Vehicle_Manoeuvre,Vehicle_Location-Restricted_Lane,Junction_Location,Skidding_and_Overturning,Hit_Object_in_Carriageway,Vehicle_Leaving_Carriageway,Hit_Object_off_Carriageway,1st_Point_of_Impact,Was_Vehicle_Left_Hand_Drive?,Journey_Purpose_of_Driver,Sex_of_Driver,Age_Band_of_Driver,Engine_Capacity_(CC),Propulsion_Code,Age_of_Vehicle,Driver_IMD_Decile,Driver_Home_Area_Type
201343P205123,2,9,0,3,0,1,0,0,0,0,2,1,6,1,9,1956,2,-1,4,1
201343P206043,1,9,0,9,0,6,0,0,0,0,4,1,3,2,6,2231,2,-1,9,2
201343P206083,1,19,0,4,0,1,1,0,0,0,1,1,1,1,6,-1,-1,-1,3,1
201343P206083,2,9,0,3,0,1,0,0,0,0,2,1,6,2,7,1769,2,23,9,3
201343P206083,3,9,0,3,0,1,0,0,0,0,2,1,6,2,9,1596,1,8,10,2
201343P206083,4,21,0,2,0,1,0,0,0,0,0,1,1,3,-1,-1,-1,-1,-1,-1
201343P207123,1,9,0,18,0,1,0,0,0,0,1,1,6,2,-1,-1,-1,-1,-1,-1
201343P207123,2,9,0,3,0,1,0,0,0,0,2,1,6,1,7,1589,1,13,6,1
201343P208043,1,9,0,3,0,1,0,0,0,0,1,1,6,2,-1,1086,1,8,6,1
201343P208053,1,9,0,9,0,6,0,0,0,0,1,1,6,1,9,2495,2,11,9,2
201343P208053,2,2,0,18,0,8,0,0,0,0,1,1,2,1,4,49,1,13,9,2
201343P208063,1,9,0,7,0,6,0,0,0,0,1,1,6,3,-1,-1,-1,-1,-1,-1
201343P208063,2,5,0,18,0,8,0,0,0,0,3,1,2,1,6,599,1,3,5,1
201343P208083,1,1,0,18,9,6,0,0,0,0,1,1,6,1,3,-1,-1,-1,5,1
201343P208083,2,9,0,10,0,8,0,0,0,0,4,1,6,1,6,1598,1,12,5,1
201343P208113,1,11,0,18,0,0,0,0,0,0,1,1,1,1,6,9000,2,3,7,1
201343P209023,1,9,0,16,0,0,1,6,7,10,3,1,6,1,5,2000,1,14,10,1
201343P209053,1,9,0,17,0,0,0,0,0,0,1,1,2,1,6,1910,2,7,10,1
201343P209053,2,9,0,16,0,0,0,0,0,0,1,1,6,1,5,-1,-1,-1,4,1
201343P209103,1,9,0,18,0,1,0,0,0,0,1,1,6,2,6,1360,1,4,9,1
201343P209103,2,9,0,3,0,1,0,0,0,0,2,1,6,2,9,1968,2,5,7,3
201343P209103,3,9,0,10,0,1,0,0,0,0,2,1,6,2,6,1360,1,3,10,1
201343P210013,1,9,0,18,0,0,0,0,0,0,4,1,6,1,8,1598,1,4,10,1
201343P210023,1,9,0,1,9,0,0,0,0,0,2,1,6,1,-1,-1,-1,-1,-1,-1
201343P210043,1,9,0,18,0,0,0,0,0,0,1,1,6,1,5,2793,1,15,6,1
201343P210043,2,9,0,7,0,0,0,0,0,0,1,1,6,2,7,1198,1,11,7,1
201343P210043,3,90,0,2,0,0,0,0,0,0,2,1,6,1,8,-1,-1,-1,8,1
201343P210053,1,9,0,4,0,8,0,0,0,0,1,1,2,1,5,1796,1,11,8,1
201343P210053,2,9,0,3,0,8,0,0,0,0,2,1,2,2,5,1560,2,1,1,1
201343P210053,3,9,0,3,0,8,0,0,0,0,2,1,2,1,7,1968,2,-1,10,1
201343P210063,1,5,0,9,0,6,0,0,0,0,1,1,6,1,8,1352,1,4,-1,-1
201343P210063,2,5,0,9,0,6,0,0,0,0,2,1,6,1,9,1157,1,16,6,2
201343P210113,1,9,0,4,0,1,0,0,0,0,1,1,2,2,6,1198,1,2,10,1
201343P210113,2,9,0,3,0,1,0,0,0,0,2,1,2,2,6,1199,1,9,9,3
201343P210113,3,9,0,10,0,1,0,0,0,0,0,1,6,3,-1,-1,-1,-1,-1,-1
201343P210123,1,9,0,17,0,0,1,10,0,0,4,1,6,1,8,1598,2,4,6,3
201343P211013,1,9,0,11,0,0,0,0,0,0,4,1,6,2,8,1992,2,6,9,3
201343P211013,2,9,0,18,0,0,2,0,1,7,3,1,6,2,4,1389,1,15,2,1
201343P211043,1,9,0,12,0,0,2,0,1,11,4,1,6,1,7,1396,1,9,7,1
201343P211053,1,11,0,18,2,0,0,0,0,0,4,1,1,1,9,9360,2,5,9,1
201343P211053,2,1,0,18,4,0,0,0,0,0,3,1,1,2,5,-1,-1,-1,5,1
201343P211073,1,1,0,18,2,1,0,0,0,0,1,1,6,1,-1,-1,-1,-1,-1,-1
201343P211073,2,11,0,3,2,1,0,0,0,0,2,1,1,1,7,9000,2,3,4,1
201343P211073,3,9,0,5,0,6,0,0,0,0,0,1,6,3,-1,-1,-1,-1,-1,-1
201343P211093,1,9,0,5,0,2,0,4,3,10,1,1,6,2,11,1798,1,3,10,1
201343P211093,2,9,0,2,0,1,0,0,0,0,2,1,6,3,-1,2198,1,10,9,1
201343P211113,1,9,0,11,0,0,0,0,0,0,1,1,1,2,7,1493,1,18,9,3
201343P211113,2,9,0,18,0,0,0,0,0,0,2,1,1,1,6,-1,-1,-1,-1,-1
201343P212043,1,9,0,18,0,1,0,0,1,11,1,1,6,1,6,1988,2,9,8,1
201343P212093,1,9,0,17,0,1,0,0,1,9,1,1,6,1,6,1997,1,7,2,1
201343P212093,2,1,0,9,0,5,0,0,0,0,1,1,6,2,8,-1,-1,-1,7,1
201343P212103,1,9,0,18,0,1,0,0,0,0,1,1,6,2,-1,1995,2,10,-1,-1
201343P212103,2,9,0,3,0,1,0,0,0,0,2,1,6,1,-1,1870,2,9,2,1
201343P212103,3,9,0,3,0,1,0,0,0,0,2,1,6,1,10,1329,1,-1,-1,-1
201343P212123,1,19,0,18,0,0,0,0,0,0,2,1,1,1,6,2402,2,2,-1,-1
201343P212123,2,19,4,3,0,0,0,0,0,0,1,1,1,1,10,1868,2,7,9,2
201343P212123,3,90,0,18,0,0,0,0,0,0,0,1,1,3,-1,-1,-1,-1,-1,-1
201343P213033,1,9,0,18,0,4,0,0,0,0,1,1,1,1,8,1149,1,4,1,1
201343P213033,2,9,0,4,0,4,0,0,0,0,2,1,2,2,8,1396,1,12,7,1
201343P213043,1,5,0,16,0,0,0,0,7,9,3,1,1,1,7,1255,1,6,10,1
201343P213053,1,9,0,17,0,0,2,10,2,0,4,1,2,1,5,998,1,14,9,1
201343P213063,1,9,0,18,0,0,1,0,7,4,1,1,6,1,5,1390,1,11,10,1
201343P213063,2,9,0,2,0,0,0,0,0,0,1,1,6,1,-1,-1,-1,-1,9,1
201343P213093,1,1,0,18,0,2,0,0,0,0,1,1,6,1,5,-1,-1,-1,6,1
201343P213103,1,1,0,18,0,4,0,0,0,0,1,1,2,2,7,-1,-1,-1,5,1
201343P213103,2,9,0,9,0,3,0,0,0,0,4,1,6,2,7,1560,2,8,6,1
201343P213113,1,9,0,7,0,6,0,0,0,0,1,1,2,1,8,1598,1,13,2,1
201343P213113,2,9,0,18,0,8,0,0,4,4,4,1,2,1,7,1398,2,9,3,1
201343P214013,1,9,0,18,0,0,0,0,7,0,1,1,6,2,7,1900,2,8,9,3
201343P214013,2,9,0,18,0,0,0,0,0,0,1,1,1,1,6,1797,8,4,6,1
201343P214073,1,9,0,7,0,6,0,0,8,0,1,1,6,1,10,1587,1,5,6,1
201343P214073,2,9,0,18,0,1,0,0,0,0,1,1,6,2,8,1998,1,12,10,1
201343P214083,1,9,0,4,0,1,0,0,0,0,1,1,1,1,7,-1,-1,-1,-1,-1
201343P214083,2,9,0,3,0,1,0,0,0,0,2,1,1,1,6,1560,2,4,9,1
201343P214103,1,9,0,7,0,5,0,0,0,0,4,1,6,3,-1,-1,-1,-1,-1,-1
201343P214103,2,1,0,18,4,8,0,0,0,0,1,1,2,1,6,-1,-1,-1,9,1
201343P215033,1,9,0,16,0,0,1,0,0,0,1,1,2,1,8,-1,-1,-1,6,1
201343P215033,2,9,0,17,0,0,0,0,0,0,1,1,2,1,6,1598,1,5,7,3
201343P215043,1,9,0,16,0,2,1,0,7,1,1,1,6,1,7,1995,1,11,10,1
201343P215053,1,9,0,18,0,1,0,0,0,0,1,1,1,1,7,-1,-1,-1,7,3
201343P215053,2,9,0,10,0,1,0,0,0,0,2,1,2,2,6,1149,1,11,7,1
201343P215063,1,9,0,18,0,8,0,0,0,0,4,1,6,1,9,1390,1,8,-1,-1
201343P215073,1,9,0,18,0,2,0,0,0,0,1,1,6,1,8,-1,-1,-1,10,1
201343P215073,2,19,0,10,0,1,0,0,0,0,1,1,1,1,8,1995,2,6,-1,-1
201343P215083,1,9,0,9,0,6,0,0,0,0,3,1,1,1,4,1391,1,12,10,1
201343P215083,2,5,0,18,0,1,0,0,0,0,1,1,1,1,5,583,1,17,6,1
201343P215103,1,19,0,16,0,0,0,0,1,0,1,1,6,1,-1,1598,2,-1,-1,-1
201343P215103,2,19,0,17,0,0,0,0,0,0,1,1,6,1,8,1868,2,11,10,3
201343P215123,1,9,0,18,0,1,0,0,0,0,1,1,6,1,5,1124,1,7,-1,-1
201343P215123,2,9,0,3,0,1,0,0,0,0,2,1,6,2,5,1199,1,9,9,1
201343P215123,3,9,0,10,0,1,0,0,0,0,0,1,6,3,-1,-1,-1,-1,-1,-1
201343P216023,1,9,0,5,0,0,0,0,0,0,3,1,6,1,7,1896,1,17,9,1
201343P216023,2,1,0,18,0,0,0,0,0,0,1,1,1,1,5,-1,-1,-1,6,1
201343P216033,1,11,0,5,0,0,0,0,0,0,0,1,1,1,9,9000,2,3,2,1
201343P216043,1,21,1,9,0,8,0,0,0,0,1,1,1,1,8,-1,-1,-1,-1,-1
201343P216043,2,19,0,7,0,3,0,0,0,0,4,1,1,1,6,2198,2,1,2,1
201343P216063,1,19,0,9,0,6,0,0,0,0,1,1,1,1,6,2400,2,12,1,1
201343P216063,2,9,0,18,0,8,0,0,1,10,1,1,2,1,6,1587,1,10,4,1
201343P216073,1,9,0,7,0,8,0,0,0,0,4,1,6,1,-1,1595,1,8,-1,-1
201343P216073,2,1,0,18,4,1,0,0,0,0,1,1,6,2,7,-1,-1,-1,4,1
201343P216103,1,9,0,18,0,1,0,0,0,0,1,1,6,2,8,1386,1,6,-1,-1
201343P216103,2,9,0,8,0,1,0,0,0,0,2,1,6,2,8,996,1,1,3,1
201343P216123,1,9,0,12,0,8,0,0,0,0,3,1,6,1,6,1598,1,6,-1,-1
201343P216123,2,9,0,11,0,8,0,0,0,0,4,1,6,2,7,1198,1,8,3,1
201343P217053,1,9,0,9,0,6,0,0,0,0,4,1,6,2,5,1198,1,8,9,2
201343P217053,2,9,0,18,0,8,0,0,0,0,1,1,6,1,8,1995,2,-1,9,3
201343P217073,1,9,0,18,0,1,0,0,0,0,1,1,6,1,6,1560,2,5,-1,-1
201343P217073,2,9,0,8,0,1,0,0,0,0,2,1,6,1,8,2198,1,11,5,1
201343P217103,1,9,0,1,0,6,0,0,0,0,2,1,3,2,6,1820,2,8,9,1
201343P217103,2,9,0,17,0,8,0,0,0,0,1,1,3,2,6,1997,2,10,9,1
201343P217123,1,9,0,9,0,6,0,0,0,0,4,1,6,2,7,1497,8,5,-1,-1
201343P217123,2,1,0,18,0,8,0,0,0,0,1,1,6,1,8,-1,-1,-1,5,1
201343P218063,1,19,0,18,0,8,0,0,0,0,4,1,6,1,-1,-1,-1,-1,8,1
201343P218063,2,9,0,16,0,3,0,0,0,0,3,1,6,1,6,-1,-1,-1,9,3
201343P218073,1,9,0,7,0,6,0,0,0,0,3,1,6,1,6,1597,1,18,8,3
201343P218073,2,9,0,16,0,8,0,0,0,0,1,1,6,2,8,1341,1,9,10,2
201343P218123,1,9,0,7,0,3,0,0,0,0,1,1,6,1,-1,1596,1,4,-1,-1
201343P218123,2,1,0,18,0,3,0,0,0,0,2,1,6,2,6,-1,-1,-1,10,1
201343P219063,1,9,0,5,0,4,0,0,0,0,3,1,6,2,7,2616,1,9,8,1
201343P219063,2,1,0,18,0,8,0,0,0,0,1,1,2,1,6,-1,-1,-1,5,1
201343P219073,1,9,0,18,0,1,0,0,0,0,1,1,6,1,7,1896,2,8,2,1
201343P219073,2,9,0,3,0,1,0,0,0,0,2,1,6,1,8,1560,2,5,5,1
201343P219113,1,21,4,16,0,0,0,0,0,0,1,1,1,1,9,11967,2,1,3,1
201343P219113,2,9,0,17,0,0,0,0,1,0,1,1,2,1,8,3436,1,3,9,3
201343P219123,1,9,0,16,0,0,2,0,1,3,1,1,6,1,5,1596,1,12,9,1
201343P220043,1,9,0,18,0,0,0,0,0,0,4,1,6,2,11,1686,2,1,10,1
201343P220053,1,9,0,7,0,2,0,0,0,0,2,1,6,2,6,1699,1,5,-1,-1
201343P220053,2,1,0,18,0,2,0,0,0,0,1,1,6,1,3,-1,-1,-1,8,1
201343P220063,1,9,0,18,0,4,0,0,0,0,1,1,6,2,-1,1997,1,12,7,3
201343P220063,2,9,0,18,0,8,0,0,0,0,4,1,6,2,8,1299,1,7,10,2
201343P220073,1,8,0,18,0,1,1,0,0,0,1,1,1,1,6,1968,2,6,6,1
201343P220073,2,9,0,10,0,1,0,0,0,0,2,1,6,2,6,1360,1,11,2,1
201343P220103,1,9,0,18,0,0,2,0,0,0,4,1,6,1,-1,1910,2,6,-1,-1
201343P220123,1,20,0,18,0,7,0,0,0,0,1,1,1,1,8,-1,-1,-1,1,1
201343P220123,2,9,0,5,0,7,0,0,0,0,2,1,6,1,9,-1,-1,-1,-1,-1
201343P220123,3,9,0,5,0,7,0,0,0,0,2,1,6,2,-1,1995,2,4,10,1
201343P221023,1,9,0,13,0,0,2,0,1,4,1,1,6,1,6,1598,1,12,3,1
201343P221043,1,9,0,18,0,4,0,0,0,0,3,1,6,3,-1,1781,1,10,-1,-1
201343P221043,2,9,0,18,0,8,0,0,0,0,1,1,6,2,8,1248,1,2,-1,-1
201343P221063,1,9,0,17,0,0,1,0,0,0,2,1,6,1,6,1840,1,14,8,1
201343P221063,2,9,0,18,0,0,0,0,0,0,1,1,6,2,5,-1,-1,-1,9,2
201343P221113,1,9,0,18,0,0,0,0,0,0,1,1,6,1,7,-1,-1,-1,-1,-1
201343P221123,1,19,0,18,0,4,0,0,0,0,3,1,1,1,6,2298,2,2,-1,-1
201343P221123,2,2,0,9,0,8,0,0,0,0,1,1,6,1,4,49,1,5,9,3
201343P222043,1,9,0,7,0,5,0,0,0,0,1,1,1,2,7,1398,1,10,6,1
201343P222043,2,1,0,18,0,8,0,0,0,0,2,1,6,2,7,-1,-1,-1,6,1
201343P222053,1,19,0,18,0,4,0,9,3,1,1,1,6,1,10,1753,2,10,10,3
201343P222073,1,9,0,18,0,0,0,0,1,3,1,1,6,2,8,1595,2,3,7,3
201343P222083,1,19,0,18,0,0,0,0,0,0,1,1,1,1,8,-1,-1,-1,7,3
201343P222083,2,1,0,18,0,0,0,0,0,0,2,1,6,2,8,-1,-1,-1,3,1
201343P222103,1,8,0,7,0,6,0,0,0,0,3,1,1,1,7,-1,-1,-1,6,1
201343P222103,2,1,0,18,0,8,0,0,0,0,1,1,6,2,4,-1,-1,-1,9,1
201343P222123,1,9,0,18,0,2,0,0,0,0,1,1,6,1,10,2172,2,10,8,3
201343P223053,1,9,0,18,0,1,0,0,0,0,4,1,1,2,10,1799,1,2,7,2
201343P223053,2,1,0,12,0,8,0,0,0,0,2,1,1,1,4,-1,-1,-1,3,1
201343P223063,1,9,0,18,0,0,0,0,0,0,0,1,6,2,8,1799,1,16,6,1
201343P223063,2,11,0,18,0,0,0,0,0,0,0,1,1,2,7,9000,2,3,3,1
201343P223093,1,8,0,3,0,0,0,0,0,0,4,1,1,1,-1,-1,-1,-1,-1,-1
201343P223093,2,1,0,15,0,0,0,8,1,0,1,1,6,1,5,-1,-1,-1,6,1
201343P223103,1,9,0,18,0,0,0,0,7,0,1,1,6,2,5,1390,1,9,9,3
201343P223103,2,9,0,18,0,0,0,0,1,0,1,1,6,1,5,-1,-1,-1,10,1
201343P224023,1,9,0,18,0,0,1,0,0,0,1,1,6,1,5,1360,1,13,9,2
201343P224023,2,9,0,18,0,0,0,0,1,0,1,1,6,2,7,1560,2,7,7,3
201343P224063,1,9,0,18,0,0,1,0,7,9,1,1,6,1,7,3059,2,19,7,3
201343P224063,2,9,0,18,0,0,0,0,0,0,1,1,6,1,-1,2720,2,8,9,2
201343P224113,1,9,0,18,0,0,2,0,1,4,4,1,2,2,6,1398,2,4,6,1
201343P225013,1,9,0,7,0,8,1,0,3,4,1,1,6,2,6,1390,1,10,2,1
201343P225063,1,9,0,18,0,1,0,0,0,0,1,1,6,3,-1,-1,-1,-1,-1,-1
201343P225063,2,9,0,3,0,1,0,0,0,0,2,1,6,2,6,1995,1,5,9,1
201343P225103,1,9,0,9,0,3,0,0,0,0,4,1,6,1,6,1598,2,-1,9,1
201343P225103,2,1,0,18,0,4,0,0,0,0,1,1,6,2,5,-1,-1,-1,5,1
201343P226033,1,9,0,9,0,6,0,0,0,0,3,1,1,2,6,1596,1,11,8,1
201343P226033,2,19,0,17,0,8,1,0,7,4,4,1,1,1,6,1896,2,13,7,1
201343P226043,1,9,0,9,0,5,0,0,0,0,3,1,6,2,4,1242,1,11,-1,-1
201343P226043,2,1,0,15,2,8,0,0,0,0,1,1,1,2,7,-1,-1,-1,9,2
201343P226073,1,9,0,1,0,0,0,0,0,0,2,1,6,1,8,1997,2,11,6,1
201343P226073,2,9,0,3,0,0,0,0,0,0,1,1,6,1,6,2143,2,-1,3,1
201343P226083,1,9,0,18,0,2,0,0,0,0,1,1,6,1,-1,1948,1,13,-1,-1
201343P226083,2,9,0,3,0,2,0,0,0,0,2,1,6,2,7,1360,1,4,3,1
201343P226093,1,9,0,17,0,0,1,0,8,4,3,1,6,2,5,1124,1,15,2,1
201343P226103,1,9,0,18,0,0,0,0,0,0,1,1,6,1,-1,-1,-1,-1,-1,-1
201343P226103,2,1,0,18,0,0,0,0,0,0,2,1,2,1,4,-1,-1,-1,7,1
201343P226113,1,11,0,18,0,0,0,0,0,0,3,1,1,1,-1,-1,-1,-1,-1,-1
201343P227013,1,9,0,18,0,1,0,0,0,0,1,1,6,1,7,1796,1,11,10,1
201343P227013,2,9,0,8,0,1,0,0,0,0,2,1,6,2,6,1396,1,9,8,2
201343P227043,1,9,0,18,0,0,0,0,0,0,1,1,6,2,6,1390,1,13,6,1
201343P227063,1,9,0,18,0,8,0,0,0,0,1,1,6,3,-1,-1,-1,-1,-1,-1
201343P227063,2,9,0,18,0,8,0,0,0,0,3,1,3,2,6,1242,1,7,2,1
201343P227093,1,9,0,16,0,0,1,0,1,4,1,1,6,1,10,1587,1,12,6,3
201343P227093,2,9,0,18,0,0,0,0,0,0,0,1,6,1,-1,-1,-1,-1,-1,-1
201343P227103,1,9,0,17,0,0,2,0,1,9,4,1,6,1,7,-1,-1,-1,9,1
201343P227113,1,9,0,16,0,0,2,0,1,0,3,1,6,1,4,1198,1,9,7,3
201343P227123,1,9,0,18,0,0,1,0,4,0,0,1,1,1,9,2993,2,2,9,1
201343P228013,1,9,0,9,0,5,0,0,0,0,1,1,6,2,8,1390,1,11,10,1
201343P228013,2,9,0,18,0,1,0,0,1,10,1,1,6,1,4,1598,1,12,4,1
201343P228023,1,9,0,9,0,5,0,0,0,0,3,1,2,2,5,1753,2,10,3,1
201343P228023,2,3,0,9,0,5,0,0,0,0,4,1,2,1,4,124,1,5,6,1
201343P228033,1,19,0,18,0,1,0,0,0,0,1,1,1,1,7,2143,2,2,4,1
201343P228033,2,9,0,3,0,1,0,0,0,0,2,1,6,2,6,1560,2,4,7,2
201343P228073,1,9,0,18,0,1,0,0,0,0,1,1,6,1,6,-1,-1,-1,-1,-1
201343P228073,2,9,0,4,0,1,0,0,0,0,2,1,6,1,7,1598,1,13,10,1
201343P228093,1,9,0,9,0,6,0,0,0,0,1,1,1,1,7,1870,2,9,10,3
201343P228093,2,3,0,13,0,1,0,0,0,0,4,1,6,1,5,124,1,2,6,1
201343P228113,1,5,0,18,0,6,0,0,0,0,4,1,2,1,7,652,1,10,6,1
201343P228113,2,9,0,9,0,8,0,0,0,0,1,1,6,1,4,1199,1,10,6,3
201343P228123,1,9,0,16,0,0,0,0,7,0,1,1,2,2,8,1490,1,8,10,1
201343P229063,1,9,0,16,0,0,1,0,2,4,3,1,6,1,5,1999,1,7,4,2
201343P229073,1,20,0,18,0,0,0,0,0,0,1,1,1,1,8,4250,2,3,4,1
201343P229073,2,21,1,18,0,0,0,0,0,0,2,1,1,1,6,11946,2,6,1,1
201343P229083,1,9,0,12,0,2,0,0,0,0,0,1,1,1,6,-1,-1,-1,-1,-1
201343P229083,2,9,3,12,0,2,3,0,1,10,1,1,6,1,8,-1,-1,-1,-1,-1
201343P229093,1,3,0,13,0,1,0,0,0,0,1,1,6,2,6,124,1,8,9,1
201343P229093,2,21,0,9,0,6,0,0,0,0,2,1,1,1,8,12740,2,-1,-1,-1
201343P229103,1,9,0,4,0,0,2,0,1,7,1,1,6,1,5,1397,1,11,1,1
201343P229103,2,9,0,3,0,0,0,0,0,0,2,1,6,2,5,1598,1,5,10,1
201343P229123,1,9,0,2,6,0,0,0,0,0,3,1,2,1,6,1796,1,12,3,1
201343P229123,2,1,0,18,0,0,0,8,0,0,4,1,6,1,4,-1,-1,-1,3,1
201343P230023,1,9,0,18,0,0,5,0,1,4,1,1,2,1,6,1229,1,8,4,1
201343P230083,1,9,0,18,0,0,1,0,1,11,1,1,6,1,7,3498,1,8,1,1
201343P230123,1,9,0,18,0,0,1,0,0,0,1,1,6,1,9,-1,-1,-1,6,1
201343P231083,1,9,0,18,0,0,1,0,1,7,1,1,6,2,6,1590,1,9,9,3
201343P231123,1,9,0,17,0,0,0,0,0,0,3,1,6,2,6,-1,-1,-1,10,1
201343P231123,2,9,0,16,0,0,0,0,0,0,3,1,6,2,10,1388,1,9,9,3
201343P232023,1,98,0,18,0,0,0,0,0,0,0,1,1,3,-1,-1,-1,-1,-1,-1
201343P232023,2,9,0,18,0,0,0,11,0,0,1,1,6,2,5,1149,1,12,10,1
201343P232073,1,5,0,18,0,3,0,0,0,0,4,1,6,1,7,599,1,18,6,1
201343P232073,2,9,0,9,0,8,0,0,0,0,3,1,6,1,5,3300,1,13,9,1
201343P232123,1,5,0,12,0,0,1,0,0,0,2,1,2,1,6,847,1,-1,6,1
201343P232123,2,9,0,4,0,0,0,0,0,0,1,1,2,2,7,2664,2,16,8,3
201343P232123,3,9,0,4,0,0,0,0,0,0,0,1,2,1,7,1898,2,13,9,3
201343P233023,1,9,0,14,0,0,0,0,0,0,1,1,6,1,8,1242,1,14,2,1
201343P233023,2,19,0,2,0,0,0,0,0,0,2,1,6,3,-1,2461,2,13,-1,-1
201343P233083,1,9,0,18,0,0,0,0,0,0,1,1,6,1,10,1560,2,2,8,1
201343P233083,2,9,0,2,0,0,0,0,0,0,2,1,6,2,7,1390,1,9,5,1
201343P233083,3,19,0,2,0,0,0,0,0,0,1,1,6,1,7,1997,2,7,5,1
201343P233123,1,9,0,18,0,0,0,0,0,0,1,1,6,1,7,2495,2,18,6,1
201343P234023,1,19,0,11,0,0,0,0,0,0,1,1,1,1,6,1997,2,7,4,1
201343P234023,2,9,0,18,0,0,0,0,0,0,2,1,6,1,7,-1,-1,-1,7,3
201343P234043,1,8,0,18,0,0,0,0,0,0,1,1,1,1,-1,-1,-1,-1,-1,-1
201343P234043,2,1,0,5,0,0,0,0,0,0,3,1,2,2,5,-1,-1,-1,7,1
201343P234053,1,9,0,5,0,4,0,0,0,0,1,1,6,2,-1,-1,-1,-1,-1,-1
201343P234053,2,1,0,18,0,8,0,0,0,0,4,1,1,1,8,-1,-1,-1,9,1
201343P234063,1,10,0,9,0,5,0,0,0,0,4,1,1,2,7,5880,2,2,6,1
201343P234063,2,5,0,18,0,8,0,0,0,0,1,1,6,1,8,1261,1,9,7,2
201343P234073,1,9,0,18,0,8,0,0,0,0,1,1,6,1,8,1240,1,6,4,2
201343P234073,2,9,0,10,0,8,0,0,0,0,2,1,6,2,5,2435,1,16,9,2
201343P234083,1,9,0,7,0,4,0,0,0,0,1,1,6,1,-1,1388,1,10,-1,-1
201343P234083,2,9,0,9,0,3,0,0,0,0,1,1,6,1,7,1396,1,8,4,1
201343P234093,1,9,0,18,0,7,1,0,1,4,4,1,1,2,5,1796,1,13,9,1
201343P235043,1,8,0,17,0,0,1,0,7,0,1,1,1,1,6,2148,2,5,5,1
201343P235043,2,8,0,16,0,0,0,0,0,0,3,1,1,1,7,1896,2,9,7,1
201343P235053,1,9,0,16,0,0,0,0,0,0,0,1,6,3,-1,-1,-1,-1,-1,-1
201343P235053,2,3,0,17,0,0,1,0,2,0,1,1,6,1,5,124,1,-1,4,1
201343P235093,1,1,0,18,0,0,0,0,0,0,1,1,6,2,4,-1,-1,-1,4,1
201343P235093,2,9,0,4,0,0,0,0,0,0,2,1,6,1,4,1198,1,11,6,1
201343P235123,1,9,0,18,0,1,0,0,0,0,1,1,6,1,6,2477,2,7,9,2
201343P235123,2,4,0,3,0,4,0,0,0,0,2,1,6,1,7,125,1,6,9,3
201343P236013,1,9,0,7,0,6,0,0,0,0,1,1,6,2,11,1390,1,14,10,2
201343P236013,2,1,0,18,0,8,0,0,0,0,4,1,6,1,11,-1,-1,-1,-1,-1
201343P236043,1,9,0,9,0,5,0,0,0,0,1,1,6,1,8,4134,2,3,-1,1
201343P236043,2,9,0,18,0,8,0,0,0,0,1,1,6,1,7,1299,1,12,7,3
201343P236053,1,1,0,7,0,2,0,0,0,0,1,1,6,1,6,-1,-1,-1,6,1
201343P236053,2,19,0,18,0,1,1,0,0,0,2,1,1,1,8,1995,2,2,7,1
201343P236113,1,9,0,5,0,0,0,4,0,0,1,1,6,2,11,-1,-1,-1,10,1
201343P236113,2,9,0,2,0,0,0,0,0,0,2,1,6,3,-1,1362,1,-1,10,1
201343P236123,1,5,0,9,0,8,1,0,0,0,4,1,6,1,8,572,1,30,4,1
201343P237023,1,8,0,18,0,1,0,0,0,0,1,1,1,1,6,1796,1,7,3,1
201343P237053,1,9,0,4,0,1,0,0,0,0,1,1,6,1,6,3498,1,8,2,1
201343P237053,2,5,0,3,0,1,0,0,0,0,2,1,6,1,9,-1,-1,-1,6,1
201343P237073,1,9,0,17,0,0,0,0,0,0,1,1,2,1,6,2488,2,1,9,3
201343P237073,2,9,0,16,0,0,0,0,0,0,1,1,6,2,4,1124,1,9,9,3
201343P238033,1,9,0,16,0,0,2,0,0,0,3,1,1,1,6,998,1,10,6,1
201343P238063,1,9,0,16,0,0,0,0,0,0,3,1,6,3,-1,-1,-1,-1,-1,-1
201343P238063,2,9,0,17,0,0,0,0,0,0,3,1,6,2,9,-1,-1,-1,10,2
201343P238123,1,9,0,17,0,0,1,0,7,9,1,1,6,1,7,1988,1,9,9,1
201343P238123,2,9,0,16,0,0,0,0,0,0,1,1,6,1,9,1399,1,2,10,1
201343P239013,1,9,0,16,0,0,0,0,0,0,1,1,6,1,5,1360,1,12,6,1
201343P239013,2,9,0,18,0,0,0,0,1,0,1,1,6,1,10,1994,1,13,8,1
201343P239023,1,9,0,9,0,8,0,0,0,0,1,1,6,2,5,999,1,14,6,1
201343P239023,2,9,0,18,0,8,0,0,0,0,1,1,6,1,6,1997,2,5,9,1
201343P239043,1,9,0,9,0,1,0,0,0,0,1,1,6,2,6,998,1,8,6,1
201343P239063,1,9,0,7,0,5,0,0,0,0,4,1,1,2,8,1997,1,1,9,3
201343P239063,2,1,0,15,4,8,0,0,0,0,1,1,2,2,6,-1,-1,-1,10,1