Accident_Index,Vehicle_Reference,Vehicle_Type,Towing_and_Articulation,Vehicle_Manoeuvre,Vehicle_Location-Restricted_Lane,Junction_Location,Skidding_and_Overturning,Hit_Object_in_Carriageway,Vehicle_Leaving_Carriageway,Hit_Object_off_Carriageway,1st_Point_of_Impact,Was_Vehicle_Left_Hand_Drive?,Journey_Purpose_of_Driver,Sex_of_Driver,Age_Band_of_Driver,Engine_Capacity_(CC),Propulsion_Code,Age_of_Vehicle,Driver_IMD_Decile,Driver_Home_Area_Type
201343P239073,1,9,0,18,0,8,5,0,0,0,4,1,6,2,10,1598,1,14,9,2
201343P239073,2,9,0,9,0,6,0,0,0,0,1,1,6,1,11,1598,1,12,6,3
201343P239123,1,19,0,1,0,2,0,0,0,0,2,1,6,1,-1,-1,-1,-1,-1,-1
201343P240023,1,9,0,9,0,5,0,0,0,0,1,1,6,2,9,1905,2,14,8,3
201343P240023,2,5,0,18,0,1,0,0,0,0,3,1,6,1,5,599,1,13,-1,-1
201343P240063,1,9,0,18,0,1,0,0,0,0,1,1,6,2,7,1598,1,14,3,1
201343P240063,2,9,0,18,0,2,0,0,0,0,1,1,2,1,10,2435,1,10,2,1
201343P240073,1,9,0,18,0,1,0,0,0,0,1,1,1,2,6,1995,2,4,8,3
201343P240073,2,9,0,7,0,5,0,0,0,0,2,1,1,2,6,1390,1,9,4,1
201343P240123,1,9,0,16,0,2,0,0,0,0,1,1,6,1,5,1299,1,12,10,1
201343P240123,2,9,0,17,0,1,0,0,0,0,3,1,2,1,9,1598,1,10,9,1
201343P241033,1,9,0,18,0,0,0,0,0,0,1,1,6,1,5,1896,2,11,4,1
201343P241033,2,9,0,3,0,0,0,0,0,0,2,1,6,1,8,-1,-1,-1,1,1
201343P241043,1,2,0,17,0,8,1,0,2,0,1,1,6,1,4,-1,-1,-1,8,3
201343P241053,1,8,0,2,4,0,0,0,0,0,3,1,1,1,6,1497,8,6,4,1
201343P241053,2,1,0,14,0,0,0,8,0,0,1,1,6,2,4,-1,-1,-1,-1,-1
201343P241073,1,9,0,17,0,0,0,0,1,4,1,1,6,1,9,1587,1,9,9,1
201343P241103,1,9,0,12,0,0,0,0,0,0,3,1,6,1,-1,-1,-1,-1,-1,-1
201343P241103,2,3,0,15,0,0,0,0,0,0,1,1,6,1,4,124,1,1,7,3
201343P241123,1,9,0,5,0,4,0,0,0,0,1,1,6,1,7,1398,1,2,6,1
201343P241123,2,1,0,7,0,8,0,0,0,0,2,1,6,1,7,-1,-1,-1,10,2
201343P242033,1,9,0,13,0,1,0,0,0,0,4,1,2,1,7,1198,1,4,5,1
201343P242033,2,1,0,18,0,1,0,0,0,0,2,1,2,1,6,-1,-1,-1,8,1
201343P242043,1,19,0,18,0,1,0,0,0,0,1,1,1,1,7,2402,2,2,5,1
201343P242043,2,9,0,3,0,1,0,0,0,0,2,1,1,1,7,-1,-1,-1,6,1
201343P242043,3,9,0,3,0,1,0,0,0,0,2,1,6,1,9,1229,1,7,10,1
201343P242043,4,9,0,10,0,1,0,0,0,0,0,1,6,3,-1,-1,-1,-1,-1,-1
201343P242063,1,9,0,4,0,1,0,0,0,0,1,1,2,2,6,1596,1,7,8,1
201343P242063,2,9,0,4,0,1,0,0,0,0,2,1,2,2,7,1595,1,8,2,1
201343P242073,1,9,0,18,0,4,0,0,0,0,1,1,6,2,6,1896,2,9,9,3
201343P242073,2,9,0,18,0,4,0,0,0,0,2,1,6,2,5,1149,1,14,8,1
201343P242093,1,9,0,1,0,0,0,0,0,0,1,1,6,2,9,1597,1,9,7,3
201343P242093,2,9,0,2,0,0,0,0,0,0,1,1,6,3,-1,1422,2,6,10,2
201343P242103,1,9,0,18,0,0,0,10,2,11,1,1,6,2,11,1299,1,8,10,3
201343P242113,1,9,0,18,0,1,2,0,8,4,3,1,6,2,5,1388,1,9,9,1
201343P243023,1,9,0,16,0,0,1,0,1,9,1,1,4,2,4,1299,1,14,9,2
201343P243033,1,21,1,16,0,3,2,7,0,10,3,1,1,1,7,11946,2,5,1,1
201343P243063,1,9,0,9,0,5,0,0,0,0,0,1,1,1,-1,-1,-1,-1,-1,-1
201343P243063,2,9,0,9,0,5,0,0,1,10,4,1,6,1,5,1149,1,13,2,1
201343P243083,1,9,0,13,0,3,0,0,0,0,4,1,6,2,8,-1,-1,-1,-1,-1
201343P243083,2,1,0,18,0,3,0,0,0,0,3,1,2,2,6,-1,-1,-1,8,1
201343P243113,1,9,0,18,0,0,2,0,1,9,1,1,2,2,4,1360,1,11,9,1
201343P244013,1,9,0,18,0,0,0,0,0,0,1,1,2,2,8,1590,1,10,8,1
201343P244033,1,11,0,5,2,0,0,0,0,0,0,1,1,1,6,9000,2,3,-1,-1
201343P244053,1,9,0,9,0,8,0,0,0,0,3,1,1,1,-1,1398,1,10,-1,-1
201343P244053,2,5,0,18,0,8,0,0,0,0,1,1,1,1,6,124,1,3,8,1
201343P244063,1,9,0,9,0,6,0,0,0,0,3,2,6,1,10,-1,-1,-1,-1,-1
201343P244063,2,1,0,18,4,8,0,0,0,0,1,1,6,2,6,-1,-1,-1,9,1
201343P244073,1,9,0,7,0,6,0,0,0,0,1,1,2,2,9,1229,1,3,5,1
201343P244073,2,1,0,18,0,8,0,0,0,0,4,1,6,1,7,-1,-1,-1,6,1
201343P244103,1,9,0,10,0,1,0,0,0,0,2,1,1,2,8,1242,1,7,9,1
201343P244103,2,1,0,18,0,1,0,0,0,0,1,1,6,2,4,-1,-1,-1,-1,-1
201343P244123,1,9,0,18,0,0,5,0,2,11,1,1,6,2,11,1598,1,10,10,1
201343P245023,1,9,0,18,0,8,0,0,0,0,1,1,6,1,10,1390,1,7,9,3
201343P245033,1,9,0,18,0,2,0,0,0,0,4,1,6,3,-1,-1,-1,-1,-1,-1
201343P245043,1,9,0,6,0,0,0,0,0,0,3,1,6,1,8,1968,2,4,9,1
201343P245043,2,9,0,13,0,0,0,0,0,0,4,1,6,1,8,1195,1,15,9,3
201343P245063,1,9,0,13,0,0,0,0,0,0,1,1,6,1,9,-1,-1,-1,-1,-1
201343P245063,2,1,0,18,0,0,0,0,0,0,2,1,6,1,8,-1,-1,-1,5,1
201343P245073,1,19,0,18,0,4,0,0,0,0,1,1,6,3,-1,-1,-1,-1,-1,-1
201343P245073,2,1,0,18,0,4,0,0,0,0,2,1,6,1,6,-1,-1,-1,4,1
201343P245083,1,9,0,18,0,0,0,0,0,0,1,1,6,2,7,1968,2,8,6,1
201343P245083,2,9,0,18,0,0,0,0,0,0,1,1,1,1,6,-1,-1,-1,1,1
201343P245093,1,9,0,18,0,2,0,0,0,0,1,1,2,1,-1,-1,-1,-1,8,3
201343P245093,2,9,0,7,0,2,0,0,0,0,3,1,3,2,7,1339,1,1,10,1
201343P245103,1,9,0,17,0,0,0,0,1,0,1,1,6,1,4,1149,1,9,8,1
201343P245113,1,19,0,18,0,1,1,0,0,0,1,1,1,1,5,2198,2,5,9,3
201343P245113,2,9,0,18,0,1,0,0,0,0,2,1,6,1,6,-1,-1,-1,8,1
201343P245113,3,9,0,18,0,1,0,0,0,0,2,1,6,1,7,-1,-1,-1,7,3
201343P245113,4,9,0,10,0,1,0,0,0,0,2,1,6,2,7,1796,1,13,9,1
201343P246013,1,21,1,17,0,0,0,0,0,0,3,1,1,1,7,11021,2,14,10,1
201343P246013,2,11,0,16,0,0,0,0,0,0,4,1,1,1,7,3900,2,9,-1,-1
201343P246063,1,9,0,9,0,6,0,0,0,0,3,1,6,2,11,1086,1,9,7,3
201343P246063,2,5,0,16,0,8,0,0,0,0,1,1,6,1,8,1043,1,2,9,2
201343P246083,1,9,0,3,0,0,0,0,0,0,4,1,6,1,5,1598,1,13,4,1
201343P246083,2,1,0,15,4,0,0,8,0,0,1,1,6,1,7,-1,-1,-1,9,1
201343P246103,1,9,0,18,0,0,1,0,5,6,4,1,6,1,6,1796,1,9,10,2
201343P246103,2,9,0,18,0,0,0,0,0,0,1,1,6,2,8,1948,1,14,7,3
201343P246123,1,9,0,12,0,0,1,0,5,6,3,1,6,2,5,1596,1,9,9,2
201343P247053,1,9,0,7,0,1,0,0,0,0,0,1,1,1,8,1999,1,2,-1,-1
201343P247053,2,5,0,18,0,8,1,0,0,0,3,1,6,1,6,599,1,14,4,1
201343P247063,1,19,0,17,0,0,2,0,1,10,1,1,1,1,7,1598,2,6,6,3
201343P247073,1,9,0,9,0,8,0,0,7,0,4,1,6,2,9,1498,1,8,9,3
201343P247073,2,5,0,18,0,8,0,0,0,0,1,1,6,1,6,-1,-1,-1,2,1
201343P247073,3,19,0,10,0,1,0,0,0,0,0,1,6,3,-1,-1,-1,-1,-1,-1
201343P247103,1,9,0,7,0,6,0,0,0,0,3,1,1,1,7,2179,2,2,5,1
201343P247103,2,1,0,18,0,1,0,0,0,0,4,1,1,2,9,-1,-1,-1,10,3
201343P248013,1,9,0,9,0,4,0,0,0,0,1,1,6,1,11,2143,2,2,10,3
201343P248013,2,1,0,18,0,8,0,0,0,0,2,1,1,1,8,-1,-1,-1,10,1
201343P248033,1,9,0,18,0,0,0,0,0,0,1,1,6,1,-1,1988,1,15,6,1
201343P248033,2,9,0,3,0,0,0,0,0,0,2,1,6,2,7,1781,1,14,6,1
201343P248083,1,9,0,13,0,0,0,0,0,0,1,1,6,1,8,1998,1,5,9,2
201343P248083,2,9,0,18,0,0,0,0,0,0,1,1,6,2,9,1995,2,7,8,2
201343P248103,1,9,0,5,0,8,0,0,0,0,1,1,6,1,-1,-1,-1,-1,-1,-1
201343P248103,2,9,0,4,0,8,0,0,0,0,2,1,6,1,7,-1,-1,-1,6,1
201343P248103,3,90,0,18,0,8,0,0,0,0,0,1,1,3,-1,-1,-1,-1,-1,-1
201343P248123,1,9,0,14,0,0,0,4,0,0,1,1,6,1,6,1896,2,5,8,1
201343P248123,2,9,0,2,0,0,0,0,0,0,2,1,6,1,9,1461,2,6,9,1
201343P248123,3,19,0,18,0,0,0,0,0,0,3,1,1,1,9,2402,2,4,10,1
201343P248123,4,9,0,18,0,0,0,0,0,0,3,1,6,2,7,1997,1,11,8,2
201343P249033,1,9,0,1,0,6,0,0,0,0,2,1,6,2,5,1783,1,10,-1,-1
201343P249033,2,1,0,9,0,5,1,0,0,0,1,1,6,1,7,-1,-1,-1,7,1
201343P249063,1,9,0,7,0,6,1,0,0,0,2,1,2,1,6,1870,2,14,7,1
201343P249063,2,21,0,18,0,8,0,0,0,0,4,1,1,1,6,-1,-1,-1,6,2
201343P249073,1,9,0,16,0,0,0,0,1,4,4,1,1,1,8,1796,1,12,9,2
201343P249083,1,9,0,5,0,6,0,0,0,0,4,1,6,1,10,1995,2,5,10,3
201343P249083,2,9,0,18,0,8,0,0,0,0,1,1,6,1,8,1150,1,5,9,1
201343P249093,1,19,0,16,0,8,0,0,0,0,1,1,6,3,-1,-1,-1,-1,-1,-1
201343P249103,1,9,0,17,0,0,1,0,1,4,1,1,6,1,6,1997,2,11,5,1
201343P249113,1,9,0,5,0,2,0,0,0,0,1,1,6,2,6,-1,-1,-1,8,1
201343P249113,2,1,0,18,0,2,0,0,0,0,2,1,6,1,8,-1,-1,-1,10,1
201343P250063,1,9,0,7,0,6,0,0,0,0,1,1,1,2,6,1198,1,1,3,1
201343P250063,2,9,0,18,0,8,0,0,0,0,3,1,1,1,6,-1,-1,-1,5,1
201343P250093,1,9,0,17,0,8,0,0,0,0,3,1,6,3,-1,-1,-1,-1,-1,-1
201343P250093,2,9,0,16,0,8,0,0,0,0,3,1,2,1,6,2987,2,1,10,3
201343P250123,1,9,0,16,0,8,1,0,1,10,2,1,6,1,5,1998,2,6,5,1
201343P251033,1,8,0,9,0,6,0,0,0,0,3,1,1,1,6,1794,1,9,-1,-1
201343P251033,2,3,0,18,0,8,1,0,0,0,1,1,6,1,4,124,1,10,4,1
201343P251053,1,9,0,14,0,0,0,0,0,0,0,1,6,2,4,1998,1,7,10,3
201343P251053,2,1,0,18,0,0,0,0,0,0,1,1,6,1,6,-1,-1,-1,10,2
201343P251053,3,1,0,18,0,0,0,0,0,0,2,1,6,1,6,-1,-1,-1,10,2
201343P251103,1,9,0,16,0,0,5,10,1,7,1,1,6,2,4,1299,1,10,5,1
201343P252013,1,9,0,9,0,6,0,0,0,0,1,1,1,2,7,1995,2,8,-1,-1
201343P252013,2,1,0,18,4,8,0,0,0,0,1,1,1,1,5,-1,-1,-1,7,1
201343P252023,1,9,0,7,0,2,0,0,0,0,1,1,6,3,-1,-1,-1,-1,-1,-1
201343P252023,2,9,0,3,0,2,0,0,0,0,2,1,2,1,7,1242,1,2,7,1
201343P252043,1,19,0,4,0,1,0,0,0,0,4,1,1,1,-1,-1,-1,-1,-1,-1
201343P252063,1,9,0,18,0,0,0,0,0,0,1,1,6,2,8,3222,2,8,9,3
201343P252063,2,9,0,18,0,0,0,0,7,9,1,1,6,2,9,1397,1,2,8,3
201343P252073,1,9,0,18,0,0,1,0,1,7,1,1,6,2,5,1242,1,5,4,1
201343P252083,1,9,0,9,0,5,0,0,0,0,1,1,6,1,9,2967,1,3,6,1
201343P252083,2,4,0,18,0,8,0,0,0,0,1,1,6,1,8,1200,1,5,9,1
201343P252103,1,9,0,9,0,6,1,0,7,0,1,1,6,1,5,1994,1,9,7,3
201343P252103,2,9,0,18,0,8,0,0,1,0,1,1,6,1,6,1984,1,18,9,3
201343P252113,1,19,0,9,0,6,0,0,0,0,1,1,1,1,6,1968,2,1,1,1
201343P252123,1,9,0,12,0,0,0,0,0,0,1,1,6,2,6,1242,1,9,5,3
201343P252123,2,9,0,18,0,0,0,0,0,0,2,1,6,2,7,1896,2,10,3,1
201343P253033,1,5,0,18,0,0,1,0,0,0,3,1,6,1,8,781,1,15,2,1
201343P253033,2,9,0,18,0,0,0,0,0,0,0,1,6,3,-1,-1,-1,-1,-1,-1
201343P253043,1,9,0,18,0,1,2,0,1,9,1,1,6,1,6,1997,2,13,7,1
201343P253043,2,9,0,18,0,6,0,0,0,0,0,1,6,3,-1,-1,-1,-1,-1,-1
201343P253063,1,9,0,11,0,0,1,0,0,0,4,1,2,1,6,-1,-1,-1,10,2
201343P253063,2,21,1,18,0,0,4,0,6,6,3,1,1,1,7,-1,-1,-1,7,1
201343P253073,1,11,0,5,0,0,0,0,0,0,0,1,1,1,7,9000,2,2,-1,-1
201343P253073,2,1,0,18,0,0,0,0,0,0,0,1,6,1,6,-1,-1,-1,-1,-1
201343P253103,1,19,0,16,0,8,1,0,0,0,1,1,1,1,6,2148,2,8,5,1
201343P253103,2,9,0,18,0,8,0,0,0,0,1,1,2,1,5,1596,1,7,8,3
201343P253123,1,9,0,18,0,0,0,0,0,0,1,1,6,1,11,-1,-1,-1,9,3
201343P253123,2,9,0,3,0,0,0,0,0,0,2,1,6,2,6,1242,1,9,5,3
201343P254013,1,9,0,12,0,0,0,0,0,0,1,1,6,3,-1,-1,-1,-1,-1,-1
201343P254013,2,9,0,3,0,0,0,0,0,0,2,1,6,2,7,1994,1,16,9,1
201343P254013,3,19,0,3,0,0,0,0,0,0,2,1,6,1,-1,2198,2,1,9,3
201343P254043,1,20,0,18,0,4,1,9,1,5,1,1,1,1,8,2151,2,10,6,3
201343P254063,1,9,0,18,0,8,0,0,0,0,0,1,6,3,-1,-1,-1,-1,-1,-1
201343P254063,2,3,0,18,0,8,1,0,0,0,4,1,6,1,7,125,1,3,3,1
201343P254113,1,9,0,18,0,5,0,0,0,0,1,1,6,1,9,1998,2,9,10,1
201343P254113,2,9,0,18,0,5,0,0,0,0,2,1,6,2,8,2143,2,2,9,1
201343P254123,1,9,0,18,0,0,0,0,0,0,1,1,2,1,7,1800,1,13,10,1
201343P254123,2,9,0,18,0,0,0,0,0,0,1,1,2,1,7,1984,1,4,9,1
201343P255033,1,9,0,13,0,8,0,0,0,0,4,1,6,1,4,-1,-1,-1,8,3
201343P255033,2,9,0,9,0,5,0,0,7,10,3,1,6,1,4,1422,2,4,10,1
201343P255063,1,9,0,5,6,6,0,0,0,0,3,1,1,1,6,1399,2,3,-1,-1
201343P255063,2,1,0,18,0,1,0,0,0,0,1,1,6,1,8,-1,-1,-1,10,1
201343P255113,1,9,0,9,0,5,0,0,0,0,1,1,2,1,6,1598,1,2,5,1
201343P255113,2,1,0,15,0,8,1,0,0,0,1,1,2,1,7,-1,-1,-1,5,1
201343P255123,1,8,0,9,0,4,0,0,0,0,1,1,6,1,-1,1797,8,3,2,1
201343P255123,2,8,0,3,0,8,0,0,0,0,4,1,6,2,4,1242,1,6,1,1
201343P256013,1,3,0,4,0,1,0,0,0,0,1,1,6,1,4,-1,-1,-1,9,3
201343P256013,2,3,0,13,0,1,0,0,0,0,1,1,6,1,4,125,1,1,8,1
201343P256013,3,9,0,1,0,6,0,0,0,0,0,1,6,3,-1,-1,-1,-1,-1,-1
201343P256063,1,9,0,17,0,0,0,0,0,0,3,1,2,1,6,1870,2,11,5,1
201343P256063,2,9,0,18,0,0,5,0,7,0,3,1,6,1,7,2199,2,-1,10,1
201343P256123,1,9,0,18,0,0,1,0,0,0,1,1,6,1,7,1896,2,11,6,1
201343P256123,2,9,0,3,0,0,0,0,0,0,2,1,6,2,8,1497,8,7,6,1
201343P257023,1,9,0,18,0,0,0,0,2,0,1,1,6,2,9,2179,2,-1,10,1
201343P257023,2,9,0,2,6,0,0,0,0,0,2,1,2,2,8,1242,1,3,10,1
201343P257023,3,21,1,2,6,0,0,0,0,0,2,1,1,1,7,12740,2,2,8,1
201343P257063,1,1,0,18,0,8,0,10,0,0,3,1,6,1,8,-1,-1,-1,2,1
201343P257073,1,5,0,4,0,1,0,0,0,0,1,1,6,1,8,-1,-1,-1,5,1
201343P257073,2,9,0,4,0,1,0,0,0,0,2,1,6,1,9,1794,1,6,9,3
201343P258033,1,4,0,18,0,8,0,0,0,0,1,1,6,1,4,125,1,-1,-1,-1
201343P258033,2,8,0,9,0,8,0,0,0,0,1,1,6,2,7,1686,2,12,10,1
201343P258043,1,9,0,18,0,3,0,0,0,0,1,1,6,2,7,-1,-1,-1,10,1
201343P258043,2,9,0,18,0,8,0,0,0,0,1,1,1,1,7,1560,2,1,4,1
201343P258043,3,9,0,18,0,3,0,0,0,0,1,1,1,1,7,-1,-1,-1,7,3
201343P258083,1,19,0,18,0,1,0,0,0,0,4,1,6,3,-1,-1,-1,-1,-1,-1
201343P258123,1,16,0,18,0,1,0,0,0,0,1,1,6,2,3,-1,-1,-1,10,2
201343P258123,2,9,0,18,0,1,0,0,0,0,3,1,6,2,9,1396,1,16,2,1
201343P259023,1,19,0,18,0,0,5,0,1,0,1,1,1,1,4,2148,2,6,6,1
201343P259023,2,21,1,18,0,0,0,0,0,0,2,1,1,1,8,10837,2,2,9,2
201343P259063,1,9,0,5,0,4,0,0,0,0,1,1,6,1,5,-1,-1,-1,-1,-1
201343P259063,2,9,0,4,0,4,0,0,0,0,2,1,6,2,8,1086,1,7,7,2
201343P259113,1,9,0,18,0,0,1,4,0,0,1,1,2,2,7,1242,1,2,10,3
201343P259113,2,9,0,2,0,0,0,0,0,0,2,1,6,3,-1,998,1,14,-1,-1
201343P260013,1,3,0,18,0,0,0,0,0,0,1,1,6,1,4,124,1,-1,9,2
201343P260023,1,5,0,16,0,0,0,0,1,0,1,1,1,1,5,599,1,17,7,2
201343P260023,2,9,0,17,0,0,0,0,0,0,1,1,1,1,6,1595,1,16,4,1
201343P260043,1,1,0,18,4,8,0,0,0,0,1,1,2,1,6,-1,-1,-1,10,1
201343P260043,2,9,0,9,0,8,0,0,0,0,1,1,2,2,5,1198,1,4,6,1
201343P260063,1,9,0,11,0,1,0,0,0,0,4,1,6,2,8,2521,1,10,10,1
201343P260063,2,5,0,18,0,1,0,0,0,0,3,1,6,1,7,748,1,17,10,1
201343P260083,1,98,0,18,0,1,0,0,0,0,1,1,1,1,-1,-1,-1,-1,-1,-1
201343P260083,2,9,0,10,0,1,0,0,7,10,2,1,6,1,5,1149,1,13,8,3
201343P260123,1,9,0,7,9,6,0,0,0,0,1,1,6,1,8,1598,1,1,6,1
201343P261023,1,9,0,14,0,0,0,0,0,0,1,1,6,1,-1,2179,2,6,-1,-1
201343P261023,2,1,0,18,0,0,0,0,0,0,2,1,6,1,-1,-1,-1,-1,5,1
201343P261023,3,1,0,18,0,0,0,0,0,0,1,1,6,2,7,-1,-1,-1,5,1
201343P261033,1,21,1,18,0,0,0,4,0,0,1,1,1,1,8,10518,2,6,5,1
201343P261033,2,9,0,2,0,0,0,0,1,7,2,1,6,1,7,-1,-1,-1,9,2
201343P261043,1,9,0,6,0,6,0,0,0,0,1,1,1,1,10,-1,-1,-1,6,1
201343P261043,2,1,0,18,0,8,0,0,0,0,1,1,1,2,8,-1,-1,-1,7,3
201343P261123,1,9,0,18,0,0,0,0,0,0,3,1,6,3,-1,-1,-1,-1,-1,-1
201343P261123,2,9,0,18,0,0,0,0,0,0,3,1,6,1,4,1900,2,8,10,1
201343P262023,1,1,0,18,0,0,0,0,0,0,2,1,6,1,7,-1,-1,-1,3,1
201343P262023,2,9,0,13,0,0,0,0,0,0,1,1,6,3,-1,-1,-1,-1,-1,-1
201343P262043,1,1,0,18,0,1,0,0,0,0,1,1,6,1,-1,-1,-1,-1,6,1
201343P262043,2,1,0,18,0,1,0,0,0,0,4,1,6,1,5,-1,-1,-1,5,1
201343P262113,1,9,0,1,0,6,0,0,0,0,3,1,6,3,9,-1,-1,-1,9,2
201343P262113,2,1,0,18,0,1,1,0,0,0,1,1,6,1,6,-1,-1,-1,10,2
201343P263033,1,9,0,12,0,8,0,0,0,0,3,1,6,1,9,-1,-1,-1,7,3
201343P263033,2,5,0,11,0,3,0,0,0,0,4,1,6,1,8,1441,1,-1,10,2
201343P263043,1,9,0,4,0,1,0,0,0,0,1,1,1,1,6,2400,2,-1,-1,-1
201343P263043,2,9,0,4,0,1,0,0,0,0,2,1,6,1,7,-1,-1,-1,-1,-1
201343P263043,3,9,0,3,0,1,0,0,0,0,0,1,1,1,7,1390,1,9,-1,-1
201343P263053,1,9,0,17,0,0,1,0,7,9,1,1,6,1,4,1149,1,9,10,3
201343P263083,1,9,0,12,0,7,0,0,0,0,3,1,1,2,7,3189,1,9,9,1
201343P263083,2,5,0,18,0,1,0,0,0,0,4,1,1,1,7,998,1,5,3,1
201343P263093,1,9,0,9,0,5,0,0,0,0,1,1,6,1,6,1198,1,8,10,2
201343P263093,2,9,0,18,0,8,0,0,0,0,1,1,6,2,9,2143,2,1,9,2
201343P264033,1,1,0,16,0,8,0,10,1,0,4,1,6,1,5,-1,-1,-1,8,3
201343P264033,2,19,0,16,0,8,0,0,0,0,0,1,6,3,-1,-1,-1,-1,-1,-1
201343P264053,1,9,0,18,0,7,0,0,0,0,1,1,6,2,7,1796,1,4,7,1
201343P264053,2,9,0,18,0,7,0,0,0,0,2,1,6,2,6,998,1,-1,6,3
201343P264053,3,9,0,18,0,7,0,0,0,0,2,1,1,2,7,1686,2,10,5,1
201343P264053,4,9,0,18,0,7,0,0,0,0,2,1,6,2,6,1910,2,6,9,1
201343P264063,1,19,0,9,0,5,0,0,0,0,4,1,1,1,9,1968,2,3,8,3
201343P264063,2,4,0,18,0,8,1,0,0,0,4,1,1,1,-1,-1,-1,-1,9,1
201343P265023,1,11,0,18,0,8,0,0,0,0,1,1,1,1,6,4500,2,3,7,1
201343P265023,2,1,0,18,0,8,0,0,0,0,1,1,6,1,11,-1,-1,-1,6,1
201343P265033,1,9,0,18,0,8,0,0,0,0,4,1,6,1,9,1390,1,14,6,1
201343P265033,2,1,0,18,0,4,0,0,0,0,1,1,6,1,5,-1,-1,-1,-1,-1
201343P265043,1,9,0,7,9,5,0,0,0,0,4,1,2,2,9,1598,1,3,6,1
201343P265073,1,5,0,16,0,8,1,0,0,0,1,1,6,1,5,1052,1,20,8,1
201343P265073,2,8,0,9,0,6,0,0,0,0,3,1,6,2,6,2987,2,7,10,3
201343P265083,1,9,0,9,0,4,0,9,1,1,1,1,6,1,6,1086,1,8,7,1
201343P265113,1,9,0,9,0,6,0,0,3,0,3,1,6,1,4,1598,1,7,10,3
201343P265113,2,9,0,17,0,8,0,0,0,0,1,1,6,2,6,1796,1,11,10,1
201343P266023,1,9,0,18,0,0,0,0,0,0,1,1,6,1,11,1339,1,6,10,2
201343P266043,1,9,0,13,0,0,2,0,7,9,1,1,6,2,7,1686,2,5,-1,-1
201343P266043,2,9,0,18,0,0,0,0,0,0,0,1,6,2,7,-1,-1,-1,7,3
201343P266113,1,9,0,18,0,0,0,0,1,0,1,1,6,1,6,-1,-1,-1,-1,-1
201343P266113,2,9,0,18,0,0,0,0,1,0,1,1,2,1,7,1991,2,5,7,1
201343P266123,1,9,0,18,0,0,2,0,1,9,4,1,6,2,4,998,1,7,8,3
201343P267013,1,9,0,7,0,6,0,0,0,0,1,1,2,2,7,2295,1,12,8,3
201343P267013,2,1,0,18,0,8,0,0,0,0,4,1,2,1,9,-1,-1,-1,10,1
201343P267033,1,9,0,2,0,0,0,0,0,0,3,1,6,1,9,998,1,14,5,1
201343P267033,2,1,0,18,0,0,0,8,0,0,1,1,2,1,6,-1,-1,-1,3,1
201343P267043,1,5,0,18,0,4,0,0,0,0,1,1,1,1,8,-1,-1,-1,2,1
201343P267043,2,5,0,8,0,4,0,0,0,0,2,1,1,1,8,1170,1,5,2,1
201343P267053,1,8,0,9,0,6,0,0,0,0,1,1,1,1,8,2685,2,9,10,1
201343P267053,2,4,0,9,0,5,0,0,0,0,1,1,6,1,10,350,1,-1,9,2
201343P267063,1,9,0,18,0,4,0,0,1,4,1,1,2,2,7,1149,1,7,9,1
201343P267073,1,9,0,18,0,0,1,0,1,1,2,1,6,1,5,1596,1,14,8,1
201343P267083,1,9,0,4,0,2,1,0,0,0,1,1,6,1,9,2143,2,2,9,3
201343P267083,2,9,0,3,0,2,0,0,0,0,2,1,6,2,5,1598,1,8,8,3
201343P267083,3,9,0,3,0,2,0,0,0,0,2,1,6,2,7,1997,2,4,9,3
201343P267093,1,9,0,2,0,0,0,0,0,0,3,1,6,1,7,2987,2,6,7,3
201343P267093,2,1,0,18,0,0,0,8,0,0,4,1,6,2,5,-1,-1,-1,-1,-1
201343P268013,1,9,0,9,0,6,0,0,0,0,0,1,6,3,-1,-1,-1,-1,-1,-1
201343P268013,2,9,0,18,0,8,2,0,1,10,3,1,6,2,7,-1,-1,-1,10,3
201343P268043,1,9,0,18,0,0,0,0,0,0,1,1,1,1,5,-1,-1,-1,6,1
201343P268043,2,9,0,4,0,0,0,0,0,0,2,1,2,1,8,1998,1,10,9,1
201343P269023,1,3,0,14,0,1,0,0,1,10,4,1,2,1,4,125,1,1,6,1
201343P269023,2,9,0,9,0,6,0,0,0,0,1,1,2,1,6,1598,1,7,3,1
201343P269043,1,9,0,18,0,0,0,4,0,0,1,1,6,1,5,-1,-1,-1,8,2
201343P269043,2,9,0,2,0,0,0,0,0,0,2,1,6,1,6,-1,-1,-1,10,1
201343P269043,3,9,0,2,0,0,0,0,0,0,2,1,6,1,6,-1,-1,-1,9,2
201343P269053,1,9,0,9,0,5,0,0,7,9,1,1,6,1,11,1598,1,1,-1,-1
201343P269053,2,9,0,18,0,8,0,0,0,0,1,1,1,1,7,2720,2,8,6,1
201343P269073,1,9,0,9,0,6,0,0,0,0,1,1,6,2,6,1398,1,1,9,2
201343P269073,2,9,0,17,0,8,0,0,0,0,4,1,6,2,9,1329,1,2,5,1
201343P269083,1,9,0,18,0,4,0,0,0,0,1,1,6,2,8,1339,1,6,10,2
201343P269083,2,9,0,9,0,8,0,0,0,0,4,1,6,1,7,2494,1,14,4,1