Accident_Index,Vehicle_Reference,Vehicle_Type,Towing_and_Articulation,Vehicle_Manoeuvre,Vehicle_Location-Restricted_Lane,Junction_Location,Skidding_and_Overturning,Hit_Object_in_Carriageway,Vehicle_Leaving_Carriageway,Hit_Object_off_Carriageway,1st_Point_of_Impact,Was_Vehicle_Left_Hand_Drive?,Journey_Purpose_of_Driver,Sex_of_Driver,Age_Band_of_Driver,Engine_Capacity_(CC),Propulsion_Code,Age_of_Vehicle,Driver_IMD_Decile,Driver_Home_Area_Type
201343P306103,1,9,0,18,0,2,0,0,0,0,1,1,6,2,8,1400,1,7,8,1
201343P306123,1,9,0,18,0,1,0,0,0,0,1,1,6,2,11,2793,1,18,10,3
201343P307013,1,9,0,17,0,0,1,0,1,9,4,1,4,2,4,1124,1,14,10,3
201343P307063,1,9,0,18,0,0,0,0,0,0,1,1,6,1,6,-1,-1,-1,5,1
201343P307103,1,9,0,18,0,0,0,0,0,0,1,1,6,1,4,1910,2,6,3,1
201343P307103,2,9,0,2,0,0,0,0,0,0,2,1,6,2,7,-1,-1,-1,7,1
201343P307103,3,9,0,2,0,0,0,0,0,0,2,1,6,3,-1,1596,1,9,-1,-1
201343P307113,1,9,0,17,0,0,2,0,1,9,4,1,3,2,6,1149,1,12,9,2
201343P308053,1,9,0,18,0,2,0,0,0,0,3,1,6,1,-1,-1,-1,-1,-1,-1
201343P308093,1,9,0,16,0,0,5,0,7,0,4,1,6,1,5,1598,1,14,-1,-1
201343P308113,1,9,0,18,0,0,0,0,0,0,1,1,2,1,8,-1,-1,-1,4,1
201343P308113,2,98,0,18,0,0,0,0,0,0,2,1,1,1,7,-1,-1,-1,-1,-1
201343P308123,1,8,0,5,0,0,0,0,0,0,0,1,1,1,-1,-1,-1,-1,-1,-1
201343P309053,1,9,0,17,0,0,2,0,1,0,4,1,2,2,6,1299,1,12,10,3
201343P309063,1,9,0,18,0,0,0,0,0,0,0,1,1,1,8,-1,-1,-1,-1,-1
201343P309063,2,9,0,17,0,0,1,0,0,0,3,1,6,1,6,1396,1,19,5,1
201343P309083,1,9,0,7,0,6,0,0,0,0,1,1,6,1,10,1119,1,19,-1,-1
201343P309083,2,9,0,18,0,8,0,0,0,0,4,1,6,2,9,1951,2,12,10,2
201343P309093,1,8,0,7,0,6,0,0,0,0,1,1,1,1,7,-1,-1,-1,6,1
201343P309093,2,9,0,18,0,8,0,0,0,0,4,1,6,1,8,1461,2,4,9,2
201343P309103,1,9,0,9,0,6,0,0,0,0,1,1,2,2,7,1991,2,1,10,2
201343P309103,2,5,0,18,0,8,0,0,0,0,1,1,2,1,5,1000,1,9,-1,-1
201343P309113,1,9,0,18,0,4,0,0,0,0,1,1,6,2,10,1339,1,8,9,3
201343P309113,2,1,0,5,0,3,0,0,0,0,4,1,6,1,7,-1,-1,-1,9,3
201343P310063,1,9,0,18,0,0,2,0,0,0,3,1,6,3,-1,1596,1,11,-1,-1
201343P310083,1,9,0,18,0,0,0,0,0,0,1,1,6,2,-1,1975,1,10,6,3
201343P310083,2,9,0,16,0,0,0,0,0,0,1,1,6,3,5,1390,1,3,6,1
201343P310113,1,5,0,14,0,2,1,0,0,0,4,1,6,1,6,598,1,13,10,3
201343P310113,2,20,0,14,0,2,0,0,0,0,0,1,1,3,-1,-1,-1,-1,-1,-1
201343P310113,3,11,0,3,0,2,0,0,0,0,0,1,1,3,-1,-1,-1,-1,-1,-1
201343P311063,1,9,0,4,9,0,0,0,0,0,3,1,6,1,-1,1956,2,1,-1,-1
201343P311093,1,9,0,13,0,8,0,0,0,0,1,1,6,2,7,1242,1,10,7,3
201343P311093,2,9,0,18,0,8,0,0,0,0,1,1,6,2,4,1390,1,14,5,1
201343P311093,3,9,0,10,0,8,0,0,0,0,1,1,6,1,5,-1,-1,-1,10,2
201343P312063,1,9,0,9,0,6,0,0,0,0,1,1,6,1,9,1999,1,5,10,1
201343P312063,2,2,0,14,0,1,1,0,0,0,1,1,2,2,5,49,1,6,9,1
201343P312093,1,9,0,18,0,1,1,0,0,0,1,1,1,1,8,1560,2,1,-1,1
201343P312093,2,9,0,4,0,1,0,0,0,0,2,1,1,1,6,1560,2,1,4,1
201343P313093,1,4,0,13,0,1,0,0,7,0,4,1,2,1,6,-1,-1,-1,9,3
201343P313093,2,9,0,9,0,5,0,0,0,0,3,1,2,2,6,-1,-1,-1,9,1
201343P313113,1,1,0,15,0,0,0,0,0,0,0,1,6,2,4,-1,-1,-1,-1,-1
201343P313113,2,11,0,18,0,0,0,0,0,0,0,1,1,1,8,9000,2,3,1,1
201343P313113,3,9,0,2,0,0,0,0,0,0,0,1,6,3,-1,-1,-1,-1,-1,-1
201343P314113,1,9,0,17,0,0,0,0,1,9,4,1,6,1,10,1242,1,14,8,2
201343P315073,1,9,0,5,0,2,0,0,0,0,1,1,6,1,6,1998,1,15,9,3
201343P315073,2,9,0,3,0,2,0,0,0,0,2,1,6,1,8,1781,1,12,7,1
201343P315073,3,9,0,7,0,2,0,0,0,0,0,1,6,3,-1,-1,-1,-1,-1,-1
201343P315093,1,9,0,9,0,5,0,0,0,0,4,1,6,1,6,1796,1,6,2,1
201343P315093,2,3,0,18,0,8,0,0,0,0,1,1,6,1,6,124,1,-1,5,1
201343P316093,1,9,0,18,0,0,0,0,0,0,0,1,1,1,5,1248,2,1,8,1
201343P316093,2,8,0,4,0,0,1,0,0,0,1,1,1,1,8,-1,-1,-1,8,1
201343P316093,3,19,0,3,0,0,0,0,0,0,2,1,1,1,8,2461,2,2,3,1
201343P316123,1,9,0,18,0,0,0,0,0,0,1,1,6,1,5,1560,2,-1,7,3
201343P316123,2,9,0,3,0,0,0,0,0,0,2,1,6,1,10,1461,2,-1,2,1
201343P316123,3,9,0,3,0,0,0,0,0,0,2,1,6,1,9,2499,2,10,4,1
201343P317033,1,5,0,13,0,1,0,0,0,0,1,1,2,1,7,636,1,11,2,1
201343P317033,2,19,0,5,0,6,0,0,0,0,3,1,1,1,9,-1,-1,-1,-1,-1
201343P317033,3,8,0,2,0,2,0,0,0,0,2,1,6,3,-1,1896,2,15,-1,-1
201343P317103,1,19,0,5,0,4,0,0,0,0,1,1,6,1,7,-1,-1,-1,-1,-1
201343P317103,2,1,0,9,0,8,0,0,0,0,3,1,4,2,4,-1,-1,-1,5,1
201343P317113,1,9,0,9,0,6,0,0,0,0,1,1,6,1,11,989,1,7,10,3
201343P317113,2,9,0,18,0,8,0,0,0,0,4,1,6,2,8,1951,2,10,4,1
201343P317123,1,9,0,18,0,0,0,0,0,0,1,1,2,1,7,1796,1,8,4,1
201343P317123,2,9,0,18,0,0,0,0,0,0,3,1,6,2,7,1997,2,3,9,2
201343P318113,1,9,0,9,0,5,0,0,0,0,1,1,2,1,10,2184,2,9,6,3
201343P318113,2,9,0,18,0,8,0,0,0,0,1,1,2,2,8,1598,2,1,10,1
201343P319073,1,5,0,4,0,1,1,0,0,0,0,1,6,2,8,883,1,3,5,1
201343P319073,2,5,0,4,0,1,0,0,0,0,0,1,6,1,8,-1,-1,-1,5,1
201343P319073,3,9,0,9,0,1,0,0,0,0,0,1,6,3,-1,-1,-1,-1,-1,-1
201343P319103,1,9,0,4,0,0,0,0,0,0,2,1,6,2,5,1968,2,-1,7,1
201343P319103,2,4,0,4,0,0,1,0,0,0,1,1,6,1,6,124,1,2,5,1
201343P319123,1,9,0,9,0,6,0,0,0,0,1,1,6,2,8,2143,2,1,-1,-1
201343P320103,1,9,0,17,0,0,0,0,0,0,1,1,1,1,8,1997,2,6,10,1
201343P320103,2,9,0,16,0,0,0,0,0,0,1,1,1,1,8,1984,1,-1,6,2
201343P321073,1,9,0,18,0,0,0,0,4,6,1,1,6,1,6,-1,-1,-1,4,1
201343P321103,1,9,0,5,0,4,0,0,0,0,2,1,6,2,8,-1,-1,-1,8,3
201343P321103,2,9,0,5,0,4,0,0,0,0,1,1,6,2,7,-1,-1,-1,10,1
201343P321113,1,9,0,9,0,4,0,0,0,0,0,1,6,3,-1,-1,-1,-1,-1,-1
201343P321113,2,4,0,18,0,8,0,0,2,10,1,1,6,1,4,125,1,-1,7,1
201343P321123,1,9,0,16,0,0,2,0,1,1,1,1,6,1,5,1149,1,4,8,1
201343P322103,1,5,0,16,0,0,1,0,1,9,3,1,6,1,7,-1,-1,-1,5,1
201343P322103,2,9,0,17,0,0,2,0,0,0,1,1,6,2,5,-1,-1,-1,10,3
201343P322123,1,8,0,5,8,0,0,0,0,0,3,1,1,1,9,1797,8,3,3,1
201343P323073,1,9,0,18,0,4,0,0,0,0,3,1,6,1,7,-1,-1,-1,-1,-1
201343P323073,2,1,0,18,0,8,0,0,0,0,1,1,6,2,6,-1,-1,-1,9,1
201343P323103,1,9,0,17,0,0,1,0,1,9,1,1,2,1,6,1199,1,9,10,1
201343P324073,1,9,0,13,0,0,0,0,0,0,0,1,6,2,-1,-1,-1,-1,-1,-1
201343P324073,2,1,0,13,0,0,0,0,0,0,0,1,6,1,9,-1,-1,-1,8,3
201343P324073,3,16,0,18,0,0,0,0,0,0,0,1,6,3,-1,-1,-1,-1,-1,-1
201343P324113,1,9,0,18,0,0,5,0,1,4,3,1,1,2,4,-1,-1,-1,9,1
201343P325113,1,21,1,18,0,1,1,0,0,0,1,1,1,1,8,11967,2,5,9,3
201343P325113,2,21,1,4,0,1,0,0,0,0,2,1,1,1,8,10837,2,2,2,1
201343P325113,3,19,0,4,0,1,0,0,0,0,0,1,1,1,8,2148,2,9,10,1
201343P326103,1,9,0,18,0,1,1,0,0,0,1,1,6,2,4,1587,2,17,5,2
201343P326103,2,9,0,3,0,1,0,0,0,0,2,1,2,1,7,1798,1,3,9,1
201343P327113,1,9,0,18,0,0,1,6,7,9,4,1,6,1,7,1596,1,11,7,3
201343P328113,1,3,0,4,0,0,1,0,0,0,4,1,2,1,4,124,1,1,8,3
201343P328113,2,90,0,18,0,0,0,0,0,0,0,1,1,3,-1,-1,-1,-1,-1,-1
201343P329103,1,19,0,18,0,6,0,0,0,0,2,1,1,1,6,2402,2,3,4,1
201343P329103,2,9,0,18,0,8,0,0,0,0,1,1,2,1,5,998,1,-1,8,3
201343P329113,1,9,0,9,0,5,0,0,0,0,1,1,2,1,9,1984,1,12,10,2
201343P329113,2,9,0,18,0,8,0,0,0,0,1,1,1,2,6,1248,2,1,10,1
201343P330113,1,9,0,9,0,5,0,0,0,0,4,1,6,1,6,1988,1,9,7,3
201343P331113,1,9,0,16,0,0,2,0,2,10,4,1,2,1,9,1590,1,12,-1,-1
201343P332073,1,8,0,5,0,8,0,0,0,0,4,1,1,1,8,1997,2,4,3,1
201343P332073,2,1,0,5,0,8,0,0,0,0,2,1,6,1,9,-1,-1,-1,7,3
201343P333113,1,1,0,18,0,8,0,0,0,0,4,1,6,1,6,-1,-1,-1,-1,-1
201343P333113,2,9,0,18,0,8,0,0,0,0,1,1,6,1,11,1199,1,9,4,1
201343P338073,1,9,0,18,0,0,0,0,0,0,1,1,6,1,7,973,1,11,10,1
201343P338113,1,9,0,18,0,0,1,0,7,9,1,1,6,1,5,1124,1,6,8,3
201343P339073,1,9,0,4,0,0,0,0,0,0,1,1,2,2,6,1390,1,12,10,1
201343P339073,2,9,0,4,0,0,0,0,0,0,2,1,6,2,10,2457,1,3,9,2
201343P339073,3,5,0,3,0,0,0,0,0,0,2,1,1,1,8,647,1,7,6,2
201343P339073,4,9,0,3,0,0,0,0,0,0,2,1,1,1,8,5204,1,6,8,3
201343P341073,1,19,0,9,0,2,0,0,0,0,1,1,1,1,8,-1,-1,-1,9,1
201343P341113,1,9,0,4,0,0,0,0,0,0,1,1,6,1,6,1910,2,7,-1,-1
201343P341113,2,21,0,3,0,0,0,0,0,0,2,1,1,3,-1,10837,2,1,-1,-1
201343P342073,1,9,0,17,0,0,0,0,0,0,1,1,6,1,5,1124,1,13,7,3
201343P342073,2,9,0,16,0,0,0,0,0,0,1,1,6,1,8,2179,2,1,10,1
201343P343113,1,9,0,18,0,0,0,0,0,0,1,1,6,1,5,1896,2,12,2,1
201343P343113,2,9,0,2,0,0,0,0,0,0,2,1,6,3,-1,1590,1,11,6,1
201343P343113,3,9,0,2,0,0,0,0,0,0,1,1,6,3,-1,973,1,14,6,1
201343P343113,4,9,0,2,0,0,0,0,0,0,1,1,6,3,-1,2401,2,7,6,1
201343P344073,1,8,0,7,0,5,0,0,0,0,4,1,1,1,8,1995,2,8,6,1
201343P344073,2,1,0,18,0,8,0,0,0,0,1,1,2,1,8,-1,-1,-1,2,1
201343P345073,1,9,0,9,0,6,0,0,0,0,3,1,6,1,8,1747,1,13,7,1
201343P345073,2,9,0,18,0,8,0,0,0,0,1,1,6,2,4,-1,-1,-1,7,1
201343P345113,1,9,0,18,0,1,0,0,7,11,1,1,2,2,6,1587,1,8,7,3
201343P346113,1,9,0,16,0,0,1,0,7,4,1,1,2,2,4,1598,1,11,6,2
201343P347103,1,9,0,18,0,8,1,0,1,1,3,1,1,1,5,1560,2,-1,-1,-1
201343P347103,2,9,0,18,0,6,0,0,0,0,1,1,6,2,11,1461,2,8,7,1
201343P351103,1,9,0,18,0,0,0,0,0,0,1,1,2,1,5,1598,1,6,7,1
201343P351103,2,9,0,18,0,0,0,0,0,0,2,1,2,1,6,1560,2,5,10,2
201343P351103,3,9,0,18,0,0,0,0,0,0,1,1,6,1,5,1149,1,12,6,1
201343P353103,1,9,0,9,0,5,0,0,0,0,1,1,6,1,8,3496,1,16,6,1
201343P353103,2,3,0,18,0,8,0,0,1,0,3,1,6,1,4,125,1,4,6,2
201343P354103,1,11,0,5,0,0,0,0,0,0,1,1,1,1,6,4760,2,1,3,1
201343P356103,1,9,0,9,0,5,0,0,0,0,3,1,1,1,7,1995,2,7,-1,-1
201343P356103,2,1,0,18,0,1,0,0,0,0,1,1,6,1,-1,-1,-1,-1,5,1
201343P360103,1,9,0,18,0,0,0,0,0,0,1,1,6,2,8,1991,2,3,9,1
201343P361103,1,9,0,7,0,6,0,0,0,0,1,1,6,1,9,1999,1,12,-1,-1
201343P361103,2,1,0,18,4,8,0,0,0,0,4,1,6,2,6,-1,-1,-1,6,1
201343P364103,1,9,0,2,2,0,0,0,0,0,2,1,6,1,-1,-1,-1,-1,-1,-1
201343P364103,2,1,0,18,2,0,0,0,0,0,1,1,6,1,-1,-1,-1,-1,-1,-1
201343P364103,3,11,0,18,3,0,0,0,0,0,0,1,1,3,-1,-1,-1,-1,-1,-1
201343P366103,1,9,0,7,0,5,0,0,0,0,4,1,6,1,10,4973,1,23,8,3
201343P366103,2,11,0,18,0,8,0,0,0,0,1,1,1,1,8,6370,2,5,2,1
201343P367103,1,9,0,17,0,2,1,0,7,10,2,1,2,1,4,1149,1,10,4,1
201343P367103,2,9,0,18,0,1,0,0,1,0,1,1,2,1,8,1598,2,-1,10,1
201343P369103,1,9,0,18,0,0,1,0,1,0,1,1,6,1,5,2967,1,3,-1,2
201343P369103,2,9,0,18,0,0,1,0,1,0,2,1,6,2,7,1973,1,12,6,3
201343P370103,1,9,0,9,0,5,0,0,0,0,1,1,6,2,8,1995,2,9,7,3
201343P370103,2,1,0,18,0,8,0,0,0,0,1,1,6,1,8,-1,-1,-1,6,1
201343P371103,1,9,0,18,0,0,2,0,5,6,1,1,6,1,6,-1,-1,-1,6,1
201343P372103,1,19,0,7,0,1,0,0,0,0,4,1,6,3,-1,-1,-1,-1,-1,-1
201343P373103,1,9,0,17,0,0,0,0,7,9,1,1,1,1,5,1360,1,9,8,3
201343P374103,1,9,0,18,0,1,0,0,0,0,1,1,6,3,-1,-1,-1,-1,-1,-1
201343P374103,2,9,0,3,0,1,0,0,0,0,2,1,6,2,7,-1,-1,-1,5,1
201343P375103,1,9,0,16,0,0,0,0,7,4,1,1,6,1,6,1397,1,11,4,1
201343P376103,1,11,0,18,0,2,0,0,0,0,4,1,1,1,6,-1,-1,-1,6,1
201343P376103,2,1,0,12,0,2,0,0,0,0,3,1,6,2,5,-1,-1,-1,5,1
201343P377103,1,9,0,12,0,7,0,0,0,0,1,1,6,1,9,2993,2,6,9,2
201343P377103,2,19,0,3,0,2,0,0,0,0,2,1,6,1,8,1995,2,1,3,1
201343P379103,1,9,0,17,0,2,2,0,1,11,1,1,6,2,10,1796,1,7,8,3
201343P380103,1,21,1,9,0,5,0,0,0,0,4,1,1,1,8,-1,-1,-1,9,1
201343P380103,2,9,0,18,0,8,1,0,0,0,1,1,1,1,5,1896,2,11,4,1
201343P382103,1,9,0,17,0,0,0,0,0,0,0,1,6,3,-1,-1,-1,-1,-1,-1
201343P382103,2,9,0,16,0,0,0,0,0,0,1,1,6,1,6,1998,1,12,-1,-1
201343P382103,3,9,0,16,0,0,0,0,0,0,2,1,6,1,8,1968,2,1,-1,-1
201343P383103,1,9,0,17,0,0,1,0,7,4,4,1,6,1,6,1870,2,12,2,1
201343P385103,1,9,0,18,0,0,0,0,0,0,1,1,1,1,7,2000,2,9,9,3
201343P387103,1,9,0,16,0,0,0,0,1,4,1,1,2,2,4,1200,1,9,9,2
201343P389103,1,9,0,18,0,1,1,0,0,0,1,1,6,2,9,2720,2,5,7,3
201343P389103,2,9,0,18,0,1,0,0,0,0,2,1,6,2,7,1600,1,12,9,3
201343P389103,3,9,0,9,0,1,0,0,0,0,2,1,6,1,11,-1,-1,-1,9,3
201343P392103,1,9,0,18,0,2,0,0,0,0,1,1,2,1,8,1389,1,13,9,1
201343P393103,1,8,0,18,0,0,0,0,0,0,0,1,1,1,5,2446,2,13,8,1
201343P398103,1,9,0,18,0,0,0,0,0,0,1,1,6,1,7,2902,2,7,5,3
201343P398103,2,9,0,3,0,0,0,0,0,0,2,1,6,1,9,2993,2,3,7,1
201343P398103,3,19,0,3,0,0,0,0,0,0,2,1,1,1,7,1598,2,1,10,1
201343P399103,1,1,0,7,0,4,1,0,0,0,0,1,6,1,5,-1,-1,-1,5,1
201343P400103,1,9,0,6,0,0,0,0,0,0,3,1,6,2,6,1796,1,1,8,1
201343P400103,2,1,0,14,0,0,0,0,0,0,4,1,2,2,5,-1,-1,-1,4,1
201343P401103,1,9,0,9,0,5,0,0,0,0,1,1,6,1,7,-1,-1,-1,-1,-1
201343P401103,2,1,0,15,4,8,0,0,0,0,3,1,6,1,5,-1,-1,-1,10,1
201343P402103,1,8,0,18,0,4,0,0,0,0,1,1,1,1,6,2499,2,2,5,1
201343P402103,2,1,0,18,0,8,0,0,0,0,4,1,6,1,5,-1,-1,-1,2,1
201343P406103,1,9,0,17,0,0,1,0,1,4,1,1,6,2,5,998,1,9,8,1
201343P407103,1,1,0,9,0,3,0,0,0,0,1,1,6,1,4,-1,-1,-1,6,1
201343P407103,2,9,0,18,0,2,0,0,0,0,1,1,6,2,5,1229,1,4,9,1
201343P408103,1,9,0,7,0,6,0,0,1,0,1,1,3,2,7,1896,2,11,9,1
201343P408103,2,1,0,15,0,8,0,0,0,0,2,1,2,2,8,-1,-1,-1,4,1
201343R001033,1,4,0,4,0,1,1,0,0,0,1,1,2,1,6,385,1,11,5,1
201343R001053,1,8,0,18,0,0,0,0,0,0,1,1,1,1,-1,1995,2,9,-1,-1
201343R001053,2,9,0,18,0,0,0,0,0,0,2,1,6,2,-1,-1,-1,-1,-1,-1
201343R001073,1,9,0,18,0,0,0,0,0,0,3,1,6,1,7,1968,2,4,3,1
201343R001073,2,21,1,18,0,0,0,0,0,0,4,1,1,1,7,12900,2,3,2,1
201343R002033,1,9,0,18,0,8,0,0,0,0,1,1,6,2,-1,-1,-1,-1,-1,-1
201343R002033,2,9,0,3,0,8,0,0,0,0,2,1,3,2,6,1332,1,15,2,1
201343R003123,1,9,0,18,0,0,0,0,0,0,1,1,6,1,7,1968,2,7,5,1
201343R004043,1,9,0,18,0,0,0,0,0,0,1,1,6,1,10,1796,1,2,10,1
201343R004053,1,9,0,11,0,1,0,0,0,0,0,1,6,1,-1,1968,2,1,-1,-1
201343R004053,2,11,0,5,0,1,0,0,0,0,0,1,1,1,5,6370,2,5,5,1
201343R005013,1,9,0,18,0,0,1,0,0,0,4,1,2,2,7,2993,2,5,6,1
201343R005013,2,9,0,18,0,0,0,0,5,6,1,1,2,2,5,-1,-1,-1,5,1
201343R005023,1,19,0,18,0,3,0,0,0,0,1,1,1,1,9,1753,2,12,-1,-1
201343R005023,2,9,0,4,0,3,0,0,0,0,2,1,6,1,6,1895,1,13,6,1
201343R005063,1,9,0,9,0,8,0,0,0,0,0,1,6,3,-1,-1,-1,-1,-1,-1
201343R005063,2,1,0,18,0,8,0,0,0,0,0,1,6,1,3,-1,-1,-1,7,1
201343R005073,1,9,0,5,0,1,0,0,0,0,4,1,6,3,-1,-1,-1,-1,-1,-1
201343R005083,1,9,0,9,0,8,0,0,0,0,1,1,1,2,5,-1,-1,-1,9,3
201343R005083,2,1,0,18,0,8,0,0,0,0,1,1,1,2,8,-1,-1,-1,6,1
201343R005103,1,9,0,18,0,0,0,0,0,0,1,1,6,2,4,1397,1,6,10,1
201343R005103,2,9,0,3,0,0,0,0,0,0,2,1,6,1,8,1753,2,12,9,1
201343R006043,1,9,0,9,0,6,0,0,0,0,1,1,6,2,8,3226,2,13,3,1
201343R006043,2,9,0,18,0,1,0,0,0,0,1,1,6,2,5,1198,1,10,5,1
201343R006063,1,9,0,18,0,0,0,0,0,0,1,1,6,1,-1,1400,1,7,9,3
201343R006063,2,9,0,3,0,0,0,0,0,0,2,1,6,1,5,1796,1,6,6,1
201343R006103,1,21,1,12,0,0,0,0,0,0,3,2,1,1,7,-1,-1,-1,-1,-1
201343R006103,2,9,0,18,0,0,0,0,0,0,4,1,6,1,8,1798,1,6,8,1
201343R007093,1,3,0,18,0,8,0,0,0,0,1,1,2,1,4,125,1,1,9,1
201343R007093,2,9,0,10,0,8,0,0,0,0,2,1,6,1,9,1584,1,8,10,1
201343R007113,1,9,0,18,0,8,0,0,0,0,4,1,6,3,-1,-1,-1,-1,-1,-1
201343R007113,2,9,0,18,0,8,0,0,0,0,3,1,2,1,7,-1,-1,-1,7,1
201343R007123,1,3,0,9,0,6,0,0,0,0,1,1,6,2,4,124,1,-1,10,1
201343R007123,2,9,0,17,0,8,0,0,0,0,4,1,6,2,5,1299,1,9,-1,-1
201343R008033,1,9,0,4,0,1,0,0,0,0,1,1,6,2,5,1242,1,1,10,1
201343R008033,2,9,0,4,0,1,0,0,0,0,2,1,6,1,8,1229,1,3,-1,-1
201343R008043,1,9,0,18,0,0,0,0,0,0,1,1,6,1,-1,1242,1,12,-1,-1
201343R008043,2,9,0,4,0,0,0,0,0,0,2,1,6,1,7,1900,2,13,6,2
201343R008073,1,9,0,2,0,2,0,0,0,0,3,1,6,2,8,1968,2,5,-1,-1
201343R008073,2,5,0,18,0,1,1,4,0,0,1,1,1,1,5,599,1,12,5,1
201343R008073,3,9,0,2,0,2,0,0,0,0,3,1,6,3,5,1299,1,17,-1,-1
201343R008093,1,9,0,18,0,8,0,0,0,0,1,1,6,2,8,1596,1,12,4,1
201343R008093,2,9,0,18,0,8,0,0,0,0,2,1,1,1,7,2993,2,-1,5,1
201343R009073,1,9,0,18,0,0,1,0,0,0,1,1,6,2,7,1598,1,11,4,1
201343R009073,2,19,0,3,0,0,0,0,0,0,2,1,1,1,8,2143,2,3,9,3
201343R010013,1,9,0,18,0,7,0,0,0,0,1,1,6,1,10,1587,1,10,10,1
201343R010013,2,9,0,18,0,7,0,0,0,0,1,1,6,1,4,1198,1,11,10,1
201343R010013,3,9,0,18,0,7,0,0,0,0,2,1,6,1,6,2685,2,9,8,1
201343R010073,1,5,0,18,0,0,1,0,0,0,4,1,6,1,6,649,1,-1,5,1
201343R010073,2,9,0,3,0,0,0,0,0,0,2,1,6,1,6,2231,2,7,6,1
201343R010083,1,9,0,18,0,4,0,0,0,0,1,1,2,2,7,1598,1,2,10,1
201343R010083,2,1,0,18,0,8,0,0,0,0,4,1,6,1,4,-1,-1,-1,9,1
201343R010123,1,3,0,18,0,2,0,0,0,0,1,1,6,1,4,599,1,3,10,1
201343R010123,2,9,0,4,0,2,0,0,0,0,2,1,6,1,5,2987,2,4,10,1
201343R011043,1,9,0,18,0,0,1,0,5,6,2,1,6,1,6,1497,1,9,6,3
201343R011043,2,9,0,4,0,0,0,0,0,0,0,1,6,3,-1,-1,-1,-1,-1,-1
201343R011073,1,9,0,9,0,6,0,0,0,0,1,1,6,3,5,-1,-1,-1,-1,-1
201343R011073,2,1,0,18,0,8,0,0,0,0,4,1,1,1,4,-1,-1,-1,2,1
201343R012053,1,9,0,18,0,1,0,0,0,0,1,1,1,1,8,3628,2,4,9,1
201343R012053,2,9,0,3,0,1,0,0,0,0,2,1,1,1,8,1461,2,2,10,1
201343R012053,3,9,0,18,0,1,1,0,0,0,3,1,1,1,8,1988,2,8,4,1
201343R012053,4,9,0,4,0,1,0,0,0,0,3,1,1,2,6,1598,2,1,4,1
201343R012073,1,20,0,18,0,4,0,0,0,0,3,1,1,1,7,-1,-1,-1,4,1
201343R012073,2,9,0,18,0,8,0,0,0,0,4,1,6,2,8,1598,1,3,3,1
201343R013093,1,9,0,12,0,0,0,0,0,0,3,1,6,1,4,1198,1,8,9,2
201343R013093,2,9,0,18,0,0,1,0,1,7,1,1,6,2,7,1598,1,9,-1,-1
201343R013093,3,9,0,18,0,0,0,0,0,0,4,1,1,1,5,-1,-1,-1,7,1
201343R013103,1,9,0,2,0,0,0,0,0,0,3,1,3,2,6,1598,1,10,5,1
201343R013103,2,1,0,18,0,0,0,0,0,0,1,1,6,2,7,-1,-1,-1,4,1
201343R013123,1,9,0,9,0,8,0,0,7,0,1,1,6,1,7,1397,1,11,4,1
201343R013123,2,9,0,18,0,8,0,0,1,10,1,1,6,2,6,-1,-1,-1,5,1
201343R014013,1,9,0,18,0,0,0,0,0,0,1,1,2,1,9,-1,-1,-1,10,1
201343R014013,2,9,0,18,0,0,0,0,0,0,2,1,2,1,7,1461,2,4,3,1
201343R014023,1,9,0,9,0,8,0,0,0,0,1,1,6,1,11,1596,1,10,10,1
201343R014023,2,1,0,18,0,8,0,0,0,0,3,1,6,1,8,-1,-1,-1,10,1
201343R014033,1,9,0,9,0,6,0,0,0,0,3,1,6,2,8,1598,1,8,9,1
201343R014033,2,4,0,18,0,1,0,0,0,0,1,1,2,1,4,125,1,1,10,1
201343R014043,1,19,0,18,0,0,0,0,0,0,1,1,6,1,-1,2402,2,12,-1,-1
201343R014043,2,8,0,18,0,0,0,0,0,0,2,1,1,1,8,2149,2,6,10,1
201343R014063,1,9,0,18,0,0,0,0,0,0,1,1,6,1,6,1997,2,10,7,1
201343R014063,2,9,0,4,0,0,0,0,0,0,1,1,6,2,6,1800,1,18,10,1
201343R014073,1,9,0,4,0,1,0,0,0,0,1,1,3,2,7,1341,1,8,7,1
201343R014073,2,9,0,3,0,1,0,0,0,0,2,1,2,1,6,1390,1,4,8,1
201343R014073,3,9,0,3,0,1,0,0,0,0,2,1,3,1,8,-1,-1,-1,10,1
201343R015013,1,9,0,18,0,1,0,0,0,0,2,1,5,2,9,2656,1,7,7,1
201343R015013,2,9,0,18,0,1,0,0,0,0,1,1,5,2,8,1498,1,1,10,1
201343R015013,3,9,0,18,0,1,0,0,0,0,1,1,5,1,10,-1,-1,-1,6,1
201343R015053,1,19,0,9,0,6,0,0,0,0,3,1,1,1,6,2198,2,2,2,1
201343R015053,2,3,0,18,0,8,0,0,0,0,1,1,6,1,5,123,1,25,9,3
201343R015063,1,9,0,9,0,8,0,0,0,0,3,1,6,1,9,1390,1,8,2,1
201343R015063,2,9,0,18,0,8,0,0,0,0,1,1,6,1,6,1999,1,8,4,1