Accident_Index,Vehicle_Reference,Vehicle_Type,Towing_and_Articulation,Vehicle_Manoeuvre,Vehicle_Location-Restricted_Lane,Junction_Location,Skidding_and_Overturning,Hit_Object_in_Carriageway,Vehicle_Leaving_Carriageway,Hit_Object_off_Carriageway,1st_Point_of_Impact,Was_Vehicle_Left_Hand_Drive?,Journey_Purpose_of_Driver,Sex_of_Driver,Age_Band_of_Driver,Engine_Capacity_(CC),Propulsion_Code,Age_of_Vehicle,Driver_IMD_Decile,Driver_Home_Area_Type
201343R015103,1,9,0,18,0,1,0,0,0,0,1,1,6,1,6,1999,1,11,8,1
201343R015103,2,9,0,18,0,1,0,0,0,0,2,1,6,1,6,1339,8,5,4,1
201343R015103,3,9,0,9,0,5,0,0,0,0,0,1,6,3,-1,-1,-1,-1,-1,-1
201343R016033,1,9,0,9,0,8,0,0,0,0,1,1,6,2,5,1598,1,7,4,1
201343R016033,2,9,0,18,0,8,0,0,0,0,1,1,6,2,9,3199,1,16,4,1
201343R016073,1,9,0,18,0,8,0,0,0,0,1,1,2,2,7,2231,2,5,10,1
201343R016073,2,9,0,18,0,8,0,0,0,0,4,1,6,2,7,1800,1,14,4,1
201343R016123,1,19,0,18,0,1,0,0,0,0,1,1,1,1,5,1560,2,3,6,1
201343R016123,2,19,0,10,0,1,0,0,0,0,2,1,1,2,8,1248,2,5,7,1
201343R017013,1,9,0,18,0,0,0,0,0,0,1,1,5,1,5,1870,2,8,10,1
201343R017013,2,1,0,18,0,0,0,0,0,0,3,1,4,1,4,-1,-1,-1,10,1
201343R017083,1,9,0,5,9,6,0,0,0,0,4,1,6,1,6,1600,2,1,-1,-1
201343R017083,2,1,0,18,9,1,0,0,0,0,1,1,6,2,7,-1,-1,-1,4,1
201343R017103,1,20,4,4,0,8,1,9,3,1,1,1,1,1,8,4461,2,4,3,1
201343R018063,1,9,0,18,0,0,0,0,0,0,0,1,6,1,9,1796,1,13,5,1
201343R018103,1,1,0,18,0,0,0,0,0,0,1,1,6,1,6,-1,-1,-1,8,1
201343R018103,2,9,0,2,0,0,0,0,0,0,2,1,6,1,8,1896,2,9,4,1
201343R019063,1,9,0,9,0,6,0,0,0,0,1,1,2,1,5,1598,1,15,8,1
201343R019063,2,9,0,18,0,1,0,0,7,0,1,1,2,2,9,1984,2,-1,10,1
201343R019103,1,9,0,9,0,8,0,0,0,0,1,1,6,1,5,1248,2,7,6,1
201343R019103,2,9,0,18,0,8,0,0,0,0,2,1,6,2,7,1995,2,2,10,1
201343R019113,1,9,0,4,0,1,0,0,0,0,1,1,6,2,6,1984,1,6,4,1
201343R019113,2,9,0,3,0,1,0,0,0,0,2,1,6,2,8,1598,1,12,6,1
201343R020093,1,9,0,13,0,0,0,0,0,0,4,1,6,1,9,1686,2,3,7,3
201343R020093,2,9,0,18,0,0,0,0,1,3,3,1,6,1,7,2179,2,4,10,2
201343R020103,1,9,0,18,0,1,0,0,0,0,4,1,6,1,-1,-1,-1,-1,-1,-1
201343R020103,2,9,0,12,0,1,0,0,0,0,3,1,6,1,11,1598,1,1,3,1
201343R021033,1,9,0,7,0,1,0,0,0,0,3,1,6,2,-1,1689,2,13,10,1
201343R021033,2,4,0,18,0,1,1,0,0,0,1,1,2,1,5,249,1,4,5,1
201343R021043,1,9,0,4,0,0,0,0,0,0,4,1,2,1,9,-1,-1,-1,2,1
201343R021063,1,9,0,11,0,3,0,0,0,1,4,1,6,1,11,-1,-1,-1,4,1
201343R021063,2,9,0,18,0,8,0,0,0,0,3,1,6,2,7,1560,2,3,8,1
201343R021083,1,5,0,4,0,5,1,0,0,0,4,1,6,1,6,998,1,7,2,1
201343R021103,1,9,0,18,0,2,0,0,0,0,1,1,6,2,6,1596,1,9,10,1
201343R021103,2,9,0,4,0,2,0,0,0,0,2,1,1,1,7,1968,2,1,10,3
201343R021103,3,9,0,3,0,2,0,0,0,0,2,1,1,1,9,5462,1,4,10,1
201343R021103,4,9,0,3,0,2,0,0,0,0,2,1,1,1,8,4398,1,14,2,1
201343R022013,1,9,0,14,0,0,0,0,0,0,1,1,6,2,9,2926,2,10,-1,-1
201343R022013,2,9,0,2,0,0,0,0,0,0,4,1,5,1,5,1870,2,10,5,1
201343R022093,1,9,0,18,0,0,0,0,0,0,1,1,6,1,10,2435,1,14,10,1
201343R022093,2,9,0,4,0,0,0,0,0,0,2,1,6,2,7,2496,2,8,-1,-1
201343R022093,3,9,0,4,0,0,0,0,0,0,2,1,6,1,9,1997,2,3,-1,-1
201343R022093,4,9,0,4,0,0,0,0,0,0,2,1,6,1,6,2993,2,3,4,1
201343R022103,1,9,0,7,0,4,0,0,0,0,4,1,6,2,8,995,1,8,6,1
201343R022103,2,1,0,7,0,4,0,0,0,0,3,1,1,1,7,-1,-1,-1,7,2
201343R023013,1,9,0,6,0,0,0,0,0,0,1,1,1,1,8,1995,2,6,9,1
201343R023013,2,5,0,14,0,0,0,0,0,0,4,1,1,1,6,839,1,3,4,1
201343R023023,1,9,0,18,0,8,0,0,0,0,1,1,6,1,11,1998,1,13,-1,-1
201343R023023,2,9,0,18,0,8,0,0,0,0,4,1,6,1,6,2179,2,5,9,1
201343R023033,1,9,0,4,0,0,0,0,0,0,2,1,6,1,9,1668,1,12,3,1
201343R023033,2,9,0,4,0,0,0,0,0,0,1,1,6,1,6,1596,1,13,5,1
201343R023053,1,9,0,18,0,1,0,0,0,0,4,1,3,1,7,1973,1,12,3,1
201343R023093,1,9,0,18,0,0,0,0,4,2,1,1,6,2,6,1198,1,7,10,1
201343R023103,1,9,0,18,0,2,0,0,0,0,1,1,6,1,7,1999,2,6,3,1
201343R023103,2,9,0,18,0,2,0,0,0,0,2,1,6,1,5,1248,2,9,6,1
201343R023113,1,19,0,18,0,8,5,0,0,0,4,1,1,1,6,2404,2,12,4,1
201343R023113,2,9,0,18,0,8,0,0,0,0,1,1,6,1,8,1998,2,7,10,1
201343R023113,3,19,0,4,0,1,0,0,0,0,1,1,1,1,9,2198,2,3,6,1
201343R024013,1,9,0,18,0,0,1,0,5,6,1,1,5,1,4,-1,-1,-1,8,1
201343R024053,1,19,0,4,0,0,0,0,0,0,1,1,1,1,6,2402,2,2,7,1
201343R024053,2,9,0,4,0,0,0,0,0,0,2,1,6,2,6,1390,1,6,10,1
201343R024083,1,9,0,18,0,4,0,0,0,0,1,1,1,1,8,1968,2,1,10,2
201343R024083,2,9,0,18,0,8,0,0,0,0,4,1,6,1,9,1242,1,11,7,1
201343R024093,1,5,0,18,0,0,1,0,0,0,1,1,6,1,5,1100,1,15,6,2
201343R024093,2,9,0,4,0,0,0,0,0,0,2,1,6,1,8,1968,2,5,9,1
201343R024113,1,9,0,4,0,1,0,0,0,0,1,1,6,2,7,1984,1,6,3,1
201343R024113,2,9,0,3,0,1,0,0,0,0,2,1,6,1,10,1242,1,4,8,1
201343R025063,1,9,0,9,0,6,0,0,0,0,3,1,1,1,8,2400,2,6,6,3
201343R025063,2,9,0,18,0,8,0,0,0,0,1,1,6,2,4,1360,1,11,6,2
201343R025073,1,9,0,9,0,1,0,0,0,0,3,1,2,2,8,1124,1,12,6,2
201343R025073,2,9,0,18,0,1,0,0,0,0,1,1,2,1,6,1686,2,-1,6,1
201343R026023,1,9,0,18,0,1,0,0,0,0,1,1,6,1,6,1398,1,1,5,1
201343R026023,2,9,0,3,0,1,0,0,0,0,2,1,6,2,5,1242,1,12,3,1
201343R026083,1,9,0,13,0,0,0,0,0,0,4,1,2,1,7,1796,1,8,6,1
201343R026083,2,5,0,15,0,0,1,0,0,0,3,1,2,1,9,1150,1,12,10,1
201343R026083,3,9,0,18,0,0,0,0,0,0,4,1,6,1,6,1248,2,5,4,1
201343R026123,1,9,0,18,0,2,0,0,0,0,1,1,3,2,6,1998,1,14,6,1
201343R027023,1,9,0,5,0,1,0,0,0,0,3,1,5,1,10,1597,1,15,5,1
201343R027023,2,5,0,18,0,1,0,0,0,0,4,1,2,1,7,499,1,17,5,1
201343R027063,1,9,0,9,0,1,1,0,0,0,3,1,6,1,8,1422,2,11,7,1
201343R027063,2,9,0,18,0,1,1,0,0,0,3,1,6,1,6,1665,2,16,3,1
201343R027083,1,9,0,18,0,0,0,0,0,0,4,2,6,1,5,-1,-1,-1,7,2
201343R027083,2,1,0,18,0,0,0,0,0,0,3,1,6,1,5,-1,-1,-1,6,1
201343R028013,1,9,0,18,0,0,0,0,0,0,4,1,5,3,-1,-1,-1,-1,-1,-1
201343R028013,2,1,0,18,0,0,1,0,0,0,2,1,5,1,7,-1,-1,-1,6,1
201343R028063,1,9,0,7,0,3,0,0,0,0,1,1,6,2,5,1596,1,6,-1,-1
201343R028063,2,9,0,7,0,3,0,0,0,0,2,1,2,2,5,1598,1,11,6,1
201343R028093,1,9,0,4,0,1,0,0,0,0,1,1,6,2,9,2231,2,2,8,1
201343R028093,2,9,0,4,0,1,0,0,0,0,2,1,6,1,6,1396,1,12,4,1
201343R028103,1,9,0,4,0,0,0,0,0,0,1,1,6,2,6,2204,2,8,6,1
201343R028103,2,9,0,4,0,0,0,0,0,0,1,1,6,2,7,1598,1,11,4,1
201343R028103,3,9,0,4,0,0,0,0,0,0,2,1,6,2,9,4554,1,17,4,1
201343R029013,1,9,0,18,0,0,0,0,0,0,1,1,1,1,6,1598,2,1,6,1
201343R029013,2,9,0,3,0,0,0,0,0,0,2,1,1,1,6,-1,-1,-1,3,1
201343R029013,3,9,0,3,0,0,0,0,0,0,2,1,1,2,8,1248,2,2,10,1
201343R029053,1,9,0,18,0,0,1,10,1,1,3,1,6,1,5,1796,1,14,7,1
201343R029053,2,9,0,18,0,0,1,0,0,0,1,1,6,1,10,1587,1,7,9,3
201343R029063,1,19,0,12,0,0,0,0,0,0,0,1,6,3,-1,-1,-1,-1,-1,-1
201343R029063,2,9,0,18,0,0,1,0,1,9,1,1,6,2,6,1339,1,9,7,1
201343R029103,1,3,0,18,0,0,0,12,0,0,1,1,6,1,4,125,1,-1,6,1
201343R030083,1,9,0,18,0,4,0,0,0,0,1,1,1,1,7,2148,2,7,2,1
201343R030083,2,9,0,3,0,4,0,0,0,0,2,1,6,2,5,1461,2,9,6,1
201343R030093,1,9,0,18,0,0,0,0,0,0,3,1,6,1,9,1794,1,11,6,1
201343R030113,1,9,0,18,0,0,0,0,0,0,1,1,6,1,-1,1242,1,14,-1,-1
201343R030113,2,19,0,18,0,0,0,0,0,0,2,1,3,3,9,2402,2,10,-1,-1
201343R032013,1,21,0,7,0,8,0,0,0,0,4,1,1,1,7,12900,2,3,3,1
201343R032013,2,1,0,18,0,8,0,0,0,0,1,1,5,1,6,-1,-1,-1,4,1
201343R032043,1,1,0,18,0,8,0,0,0,0,4,1,6,1,5,-1,-1,-1,8,1
201343R032043,2,9,0,18,0,8,0,0,0,0,1,1,6,1,7,1289,1,14,6,1
201343R032053,1,9,0,18,0,0,0,0,0,0,1,1,6,1,5,-1,-1,-1,5,1
201343R032053,2,9,0,18,0,0,0,0,0,0,2,1,6,1,9,1910,2,6,9,1
201343R032083,1,2,0,18,0,0,1,0,0,0,1,1,6,1,-1,-1,-1,-1,-1,-1
201343R032093,1,9,0,6,0,0,0,0,0,0,3,1,6,1,6,1796,1,6,1,1
201343R032093,2,9,0,18,0,0,0,0,0,0,1,1,6,1,6,4163,1,1,10,1
201343R032103,1,9,0,1,0,0,0,0,0,0,2,1,6,2,11,1598,1,7,3,1
201343R033013,1,3,0,18,0,8,0,0,0,0,1,1,6,1,4,124,1,1,2,1
201343R033013,2,9,0,9,0,8,0,0,0,0,1,1,6,2,10,1198,1,5,10,2
201343R033043,1,9,0,9,0,5,0,0,0,0,3,1,6,1,4,1400,1,8,10,1
201343R033043,2,9,0,18,0,1,0,0,0,0,1,1,2,2,8,1598,1,8,10,1
201343R033073,1,5,0,5,0,2,0,0,5,10,1,1,2,1,7,599,1,5,5,1
201343R033093,1,5,0,13,0,1,0,0,0,0,1,1,2,1,7,798,1,4,9,3
201343R033093,2,9,0,6,0,1,0,0,0,0,3,1,2,1,8,1956,2,-1,5,1
201343R033103,1,9,0,5,0,0,0,0,7,10,1,1,6,2,6,1598,1,9,10,1
201343R034043,1,9,0,6,0,8,0,0,0,0,3,1,2,1,8,1896,2,18,10,2
201343R034043,2,1,0,13,0,8,0,0,0,0,1,1,2,1,6,-1,-1,-1,10,1
201343R034053,1,9,0,5,0,6,0,0,0,0,1,1,6,2,9,1587,1,4,5,1
201343R034053,2,9,0,5,0,6,0,0,0,0,2,1,6,2,4,1242,1,12,6,1
201343R034073,1,9,0,5,0,4,0,0,0,0,1,1,3,2,9,1364,1,4,4,1
201343R034073,2,1,0,18,0,8,0,0,0,0,4,1,6,2,8,-1,-1,-1,6,1
201343R034093,1,9,0,18,0,1,0,0,0,0,4,1,6,1,6,1968,2,3,4,1
201343R034093,2,9,0,3,0,1,0,0,0,0,1,1,2,2,7,2967,2,2,8,1
201343R035073,1,9,0,5,0,6,0,0,0,0,1,1,6,2,4,973,1,12,9,1
201343R035073,2,9,0,18,0,1,0,0,1,0,4,1,6,1,5,-1,-1,-1,-1,-1
201343R036013,1,9,0,13,0,0,0,0,0,0,4,1,6,3,-1,-1,-1,-1,-1,-1
201343R036013,2,9,0,18,0,0,0,0,0,0,3,1,1,1,8,1968,2,2,8,1
201343R036093,1,19,0,14,0,0,1,0,7,9,4,1,1,1,7,2402,2,10,8,3
201343R036093,2,9,0,18,0,0,0,0,0,0,1,1,2,2,8,-1,-1,-1,10,1
201343R037023,1,8,0,18,0,4,0,10,1,0,1,1,1,1,6,-1,-1,-1,5,1
201343R037053,1,9,0,18,9,0,1,10,7,4,1,1,6,1,7,1390,1,17,3,1
201343R037083,1,9,0,7,0,7,0,0,0,0,1,1,6,1,6,1368,1,6,10,1
201343R037083,2,9,0,7,0,7,0,0,0,0,2,2,6,1,6,-1,-1,-1,3,1
201343R037093,1,9,0,5,0,4,0,0,1,0,3,1,6,1,6,1598,1,9,2,1
201343R037093,2,19,0,18,0,8,0,0,0,0,1,1,1,1,5,2148,2,8,4,1
201343R037113,1,3,0,13,0,8,0,0,0,0,4,1,6,1,5,124,1,-1,4,1
201343R037113,2,9,0,9,0,5,0,0,0,0,3,1,6,1,8,1242,1,13,3,1
201343R038013,1,9,0,6,0,0,0,0,0,0,3,1,1,2,7,3200,1,7,10,1
201343R038013,2,5,0,18,0,0,1,0,0,0,4,1,1,1,8,-1,-1,-1,8,1
201343R038023,1,19,0,7,0,6,0,0,0,0,1,1,5,1,6,2402,2,3,5,1
201343R038023,2,9,0,18,0,8,0,0,0,0,1,1,5,1,6,1246,1,5,-1,-1
201343R038033,1,21,0,9,0,1,0,0,0,0,4,1,1,3,-1,12900,2,3,-1,-1
201343R038033,2,9,0,8,0,1,0,0,0,0,3,1,1,1,6,-1,-1,-1,6,1
201343R038073,1,9,0,9,0,6,0,0,0,0,1,1,6,2,-1,-1,-1,-1,-1,-1
201343R038073,2,9,0,3,0,1,0,0,0,0,2,1,1,2,6,1248,2,4,5,1
201343R038103,1,9,0,7,0,6,0,0,0,0,3,1,6,1,7,1999,1,10,5,1
201343R038103,2,9,0,18,0,1,0,0,0,0,1,1,2,1,6,1242,1,15,5,1
201343R039043,1,9,0,7,0,8,0,0,0,0,4,1,2,2,9,1299,1,6,10,1
201343R039083,1,1,0,18,0,6,0,0,0,0,1,1,6,1,8,-1,-1,-1,4,1
201343R039083,2,9,0,9,0,2,0,0,0,0,3,1,6,1,4,-1,-1,-1,-1,-1
201343R039103,1,9,0,5,0,8,0,0,7,0,4,1,6,1,5,1686,2,10,6,1
201343R039103,2,9,0,18,0,8,0,0,0,0,1,1,6,2,6,1199,1,14,10,3
201343R040013,1,21,1,18,0,0,0,0,0,0,1,1,1,1,9,12740,2,3,3,1
201343R040013,2,9,0,4,0,0,0,0,0,0,2,1,2,2,7,1598,1,4,9,1
201343R040013,3,21,0,4,0,0,0,0,0,0,2,1,1,1,6,4580,2,1,3,1
201343R040043,1,9,0,9,0,8,0,0,0,0,1,1,6,1,6,1196,1,19,5,1
201343R040043,2,9,0,18,0,8,0,0,0,0,3,1,6,1,6,1896,2,12,5,1
201343R040113,1,9,0,18,0,2,0,0,0,0,1,1,2,2,5,1390,1,8,7,1
201343R040123,1,9,0,16,0,0,0,0,7,0,1,1,6,1,5,1900,2,7,10,3
201343R040123,2,17,4,17,0,0,0,0,0,0,1,1,1,1,7,-1,-1,-1,7,3
201343R040123,3,9,0,17,0,0,0,0,0,0,3,1,6,1,9,3628,2,4,9,3
201343R041123,1,9,0,9,0,8,0,0,0,0,1,1,6,1,5,1299,1,12,6,1
201343R041123,2,9,0,18,0,8,0,0,0,0,1,1,6,1,6,1910,2,6,8,1
201343R042033,1,9,4,18,0,0,0,0,0,0,3,1,6,2,7,2148,2,8,7,3
201343R042033,2,9,0,18,0,0,2,0,1,9,3,1,6,2,7,1995,2,5,10,1
201343R042033,3,9,0,18,0,0,0,0,1,9,1,1,6,2,6,1968,2,2,9,1
201343R042043,1,9,0,18,0,0,0,0,0,0,2,1,6,2,7,2598,1,16,10,1
201343R042043,2,9,0,18,0,0,0,0,0,0,1,1,6,2,6,1124,1,10,9,2
201343R042113,1,9,0,9,0,1,0,0,0,0,3,1,6,2,6,1598,1,8,6,1
201343R042113,2,9,0,18,0,8,0,0,0,0,1,1,6,2,4,1229,1,8,8,1
201343R042123,1,19,0,6,0,0,0,0,0,0,3,1,1,1,10,2488,2,5,7,3
201343R042123,2,5,0,14,0,0,0,0,0,0,4,1,1,1,7,600,1,11,9,1
201343R043013,1,9,0,18,0,0,0,0,7,2,1,1,3,2,7,2777,2,5,10,1
201343R043023,1,9,0,3,0,0,0,0,0,0,2,1,6,2,8,2148,2,4,9,3
201343R043023,2,9,0,4,0,0,0,0,0,0,2,1,6,1,6,1796,1,11,2,1
201343R043023,3,9,0,4,0,0,0,0,0,0,1,1,6,2,7,1329,1,1,2,1
201343R043033,1,9,0,9,0,8,0,0,0,0,1,1,6,2,8,1596,1,4,2,1
201343R043033,2,9,0,18,0,8,0,0,2,1,4,1,6,1,7,1749,1,11,4,1
201343R043043,1,9,0,18,0,4,1,9,3,4,1,1,6,1,6,1242,1,5,10,1
201343R043083,1,8,0,18,0,4,0,0,0,0,1,1,1,1,8,1997,2,3,1,1
201343R043083,2,9,0,18,0,8,2,0,0,0,4,1,6,1,8,1560,2,2,6,2
201343R043113,1,9,0,12,0,0,0,0,5,6,1,1,6,2,5,998,1,23,2,1
201343R043123,1,9,0,11,0,0,2,0,1,9,3,1,6,2,8,1589,1,15,-1,1
201343R044013,1,9,0,18,0,1,1,4,1,10,4,1,5,1,7,3799,1,2,7,1
201343R044013,2,9,0,2,0,1,0,0,0,0,3,1,6,1,9,1598,1,11,6,1
201343R044063,1,9,0,7,0,6,0,0,0,0,1,1,6,1,-1,1596,1,9,4,1
201343R044063,2,9,0,18,0,8,0,0,0,0,4,1,6,1,6,1896,2,10,5,1
201343R044113,1,9,0,18,0,0,1,0,1,7,1,1,6,1,7,1995,2,1,-1,3
201343R044113,2,9,0,18,0,0,0,0,4,6,2,1,6,1,6,1364,1,6,3,1
201343R045103,1,9,0,18,0,0,0,0,0,0,1,1,6,2,6,1587,1,7,9,1
201343R045103,2,9,0,3,0,0,0,0,0,0,2,1,6,2,5,1198,1,6,10,2
201343R046113,1,9,0,18,0,0,0,0,0,0,1,1,6,1,6,1951,2,7,9,1
201343R046123,1,9,0,18,0,1,1,0,0,0,1,1,1,2,4,1299,1,12,10,1
201343R046123,2,9,0,3,0,1,0,0,0,0,2,1,1,1,7,1796,1,11,9,1
201343R047023,1,9,0,18,0,8,0,0,0,0,1,1,5,1,4,1596,1,9,10,2
201343R047023,2,9,0,4,0,8,0,0,0,0,2,1,5,2,7,1994,2,5,7,1
201343R047033,1,9,0,18,0,0,1,0,0,0,1,1,1,2,8,1798,1,12,4,1
201343R047033,2,9,0,18,0,0,0,0,0,0,2,1,1,2,5,1124,1,10,5,1
201343R047033,3,9,0,4,0,0,0,0,0,0,0,1,1,1,9,1399,2,10,10,1
201343R047053,1,9,0,17,9,0,0,10,1,0,4,1,1,2,7,1794,1,12,4,1
201343R047073,1,9,0,5,0,1,0,0,0,0,1,1,1,2,6,1149,1,10,10,1
201343R047073,2,9,0,18,0,1,0,0,0,0,1,1,1,1,5,1951,2,10,2,1
201343R047083,1,9,0,18,0,0,0,0,0,0,1,1,6,3,-1,-1,-1,-1,-1,-1
201343R047083,2,1,0,18,0,0,0,0,0,0,2,1,6,1,4,-1,-1,-1,3,1
201343R047093,1,9,0,1,0,0,0,0,0,0,2,1,6,1,-1,-1,-1,-1,-1,-1
201343R047103,1,9,0,18,0,0,0,0,0,0,4,1,6,2,6,-1,-1,-1,10,2
201343R047113,1,9,0,18,0,8,0,0,0,0,1,1,6,2,6,1998,1,6,6,1
201343R047113,2,9,0,9,0,8,0,0,0,0,4,1,6,2,6,1587,1,8,4,1
201343R048013,1,9,0,6,0,0,0,0,7,0,1,1,2,1,7,1587,1,12,2,1
201343R048013,2,9,0,18,0,0,0,0,0,0,1,1,5,2,8,3200,1,14,4,1
201343R048023,1,9,0,18,0,0,0,10,1,2,1,1,6,1,7,2204,2,4,3,1
201343R048023,2,9,0,11,0,0,0,0,0,0,4,1,2,1,5,796,1,11,3,1
201343R048063,1,9,0,5,0,8,0,0,0,0,1,1,6,2,6,1997,1,8,9,1
201343R048063,2,9,0,18,0,8,0,0,0,0,4,1,6,2,9,1997,1,4,10,1
201343R048073,1,9,0,4,0,0,0,0,0,0,1,1,6,1,8,1598,1,11,2,1
201343R048073,2,9,0,4,0,0,0,0,0,0,2,1,6,2,4,998,1,8,2,1
201343R048073,3,9,0,4,0,0,0,0,0,0,2,1,6,2,-1,1598,2,1,-1,-1
201343R048083,1,21,1,18,0,0,1,0,1,7,4,1,1,1,8,12419,2,1,5,1
201343R048123,1,9,0,9,0,8,0,0,0,0,4,1,1,2,6,-1,-1,-1,4,1
201343R048123,2,3,0,18,0,8,0,0,0,0,1,1,1,1,5,125,1,-1,3,1
201343R048123,3,9,0,3,0,1,0,0,0,0,3,1,1,1,9,-1,-1,-1,4,1
201343R049063,1,9,0,5,0,6,0,0,0,0,1,1,6,1,7,1794,1,10,4,1
201343R049063,2,9,0,18,0,8,0,0,0,0,3,1,3,2,6,1998,2,17,2,1
201343R049073,1,4,0,18,0,0,1,0,0,0,3,1,2,1,8,498,1,11,7,1
201343R049083,1,9,0,18,0,8,0,0,0,0,1,1,6,3,-1,-1,-1,-1,-1,-1
201343R049083,2,1,0,18,0,8,0,0,0,0,2,1,2,1,4,-1,-1,-1,3,1
201343R049123,1,9,0,18,0,3,0,0,0,0,1,1,2,1,6,998,1,-1,6,1
201343R050053,1,9,0,18,0,0,0,0,0,0,0,1,6,3,-1,-1,-1,-1,-1,-1
201343R050053,2,3,0,18,0,0,1,10,1,0,1,1,1,1,4,100,1,12,5,1
201343R050063,1,5,0,13,0,8,0,0,0,0,4,1,6,1,7,599,1,13,4,1
201343R050063,2,9,0,9,0,8,0,0,0,0,3,1,6,1,8,1769,1,8,8,1
201343R050083,1,8,0,1,8,0,0,0,0,0,2,1,6,1,-1,1560,2,1,-1,-1
201343R050083,2,1,0,18,9,0,0,0,0,0,1,1,6,1,4,-1,-1,-1,10,1
201343R051073,1,9,0,11,0,0,0,0,0,0,2,1,1,1,10,1598,2,-1,10,1
201343R051073,2,5,0,18,0,0,0,0,0,0,1,1,2,1,9,350,1,17,9,3
201343R051083,1,9,0,9,0,8,0,0,0,0,4,1,2,1,6,1242,1,16,5,1
201343R051083,2,9,0,18,0,1,0,0,0,0,1,1,2,1,9,1598,1,7,5,1
201343R052033,1,9,0,9,0,1,0,0,7,0,4,1,6,1,11,1364,1,4,5,1
201343R052033,2,9,0,18,0,5,1,0,0,0,1,1,6,2,4,1242,1,15,10,1
201343R052083,1,9,0,18,0,0,0,0,0,0,1,1,2,1,6,1896,2,11,3,1
201343R052083,2,9,0,4,0,0,0,0,0,0,2,1,6,1,7,2231,2,7,5,1
201343R052083,3,9,0,4,0,0,0,0,0,0,2,1,6,1,6,-1,-1,-1,7,1
201343R052093,1,9,0,10,0,1,0,0,0,0,1,1,2,2,6,3498,1,7,6,1
201343R052093,2,3,0,3,0,1,0,0,0,0,2,1,6,1,6,124,1,-1,-1,-1
201343R052093,3,9,0,3,0,1,0,0,0,0,2,1,6,2,7,-1,-1,-1,5,1
201343R052103,1,9,0,4,0,1,0,0,0,0,1,1,6,1,-1,1598,1,9,5,1
201343R052103,2,9,0,3,0,1,0,0,0,0,2,1,6,2,7,1896,2,9,2,1
201343R052113,1,9,0,18,0,0,0,0,0,0,1,1,6,1,5,1299,1,12,10,1
201343R052113,2,9,0,2,0,0,0,0,0,0,3,1,6,3,-1,1794,1,12,-1,-1
201343R052123,1,9,0,4,0,0,0,0,0,0,4,1,6,1,11,1597,1,17,3,1
201343R053013,1,9,0,5,0,4,0,0,0,0,1,1,5,2,5,1598,1,10,3,1
201343R053013,2,9,0,5,0,8,0,0,0,0,2,1,5,2,6,1781,1,9,7,1
201343R053023,1,9,0,17,0,0,1,0,8,10,1,1,1,2,7,1200,1,10,10,1
201343R053033,1,9,0,18,0,0,2,0,1,11,1,1,6,1,4,1119,1,20,5,2
201343R053033,2,19,0,18,0,0,0,0,0,0,3,1,6,1,8,1868,2,8,5,1
201343R053073,1,9,0,9,0,6,0,0,0,0,1,1,6,1,7,2198,1,11,9,3
201343R053073,2,9,0,18,0,1,0,0,7,11,1,1,6,1,8,-1,-1,-1,7,3
201343R053123,1,9,0,18,0,6,0,0,0,0,1,1,6,1,-1,2384,1,-1,4,1
201343R053123,2,1,0,18,4,8,0,0,0,0,4,1,6,2,6,-1,-1,-1,4,1
201343R054023,1,9,0,4,0,0,0,0,0,0,4,1,2,2,8,1389,1,10,8,1
201343R054043,1,4,0,18,0,8,0,0,0,0,1,1,6,1,6,499,1,6,3,1
201343R054043,2,9,0,18,0,8,0,0,0,0,2,1,6,1,6,1598,1,11,3,1
201343R054093,1,9,0,4,0,1,0,0,0,0,1,1,2,1,6,-1,-1,-1,4,1
201343R054093,2,9,0,18,0,1,0,0,0,0,2,1,6,1,5,1390,1,7,4,1
201343R054103,1,9,0,9,0,5,0,0,0,0,1,1,6,2,7,1796,1,7,5,1
201343R054123,1,9,0,18,0,4,0,0,1,0,1,1,6,1,6,1124,1,16,3,1
201343R054123,2,9,0,18,0,4,0,0,7,0,1,1,6,2,6,1582,2,1,-1,-1
201343R054123,3,8,0,18,0,1,0,0,0,0,1,1,6,1,8,1896,2,8,3,1
201343R055013,1,9,0,18,0,4,0,0,0,0,1,1,3,2,9,3301,1,16,3,1
201343R055013,2,9,0,18,0,4,0,0,0,0,2,1,1,2,6,1905,2,18,4,1
201343R055053,1,9,0,18,0,0,0,0,0,0,1,1,6,2,7,-1,-1,-1,-1,-1
201343R055073,1,9,0,9,0,5,0,0,0,0,1,1,6,1,6,1389,1,9,3,1
201343R055073,2,1,0,18,0,8,0,0,0,0,1,1,6,1,5,-1,-1,-1,-1,-1
201343R055113,1,19,0,18,0,1,1,0,0,0,1,1,1,1,5,2198,2,5,4,1
201343R055113,2,9,0,3,0,1,0,0,0,0,2,1,1,1,8,2199,2,1,10,1
201343R056053,1,9,0,18,0,1,0,0,0,0,1,1,6,1,-1,-1,-1,-1,-1,-1