Accident_Index,Vehicle_Reference,Vehicle_Type,Towing_and_Articulation,Vehicle_Manoeuvre,Vehicle_Location-Restricted_Lane,Junction_Location,Skidding_and_Overturning,Hit_Object_in_Carriageway,Vehicle_Leaving_Carriageway,Hit_Object_off_Carriageway,1st_Point_of_Impact,Was_Vehicle_Left_Hand_Drive?,Journey_Purpose_of_Driver,Sex_of_Driver,Age_Band_of_Driver,Engine_Capacity_(CC),Propulsion_Code,Age_of_Vehicle,Driver_IMD_Decile,Driver_Home_Area_Type
201343R056053,2,9,0,3,0,1,0,0,0,0,2,1,6,2,7,1799,1,5,10,1
201343R056073,1,9,0,5,0,4,0,0,0,0,3,1,6,2,6,1149,1,14,6,1
201343R056073,2,9,0,18,0,8,0,0,1,1,1,1,6,1,4,1149,1,7,7,1
201343R056123,1,9,0,18,0,0,0,0,1,9,1,1,6,1,11,1598,1,11,8,1
201343R057023,1,9,0,18,0,1,0,0,0,0,1,1,5,2,11,999,1,12,10,1
201343R057023,2,9,0,3,0,1,0,0,0,0,2,1,2,2,4,1397,1,4,8,1
201343R057023,3,9,0,10,0,1,0,0,0,0,2,1,5,2,6,1999,1,10,10,1
201343R057033,1,9,0,18,0,1,0,0,0,0,1,1,6,1,-1,2148,2,5,-1,-1
201343R057033,2,9,0,3,0,1,0,0,0,0,2,1,2,2,5,1796,1,11,9,3
201343R057053,1,1,0,18,0,6,0,0,0,0,1,1,6,2,3,-1,-1,-1,3,1
201343R057053,2,9,0,18,0,1,0,0,0,0,4,1,6,1,5,1896,1,17,4,1
201343R057083,1,9,0,18,0,0,0,0,0,0,1,1,2,1,6,1598,1,14,5,1
201343R057093,1,9,0,18,0,0,0,0,0,0,1,1,6,3,-1,-1,-1,-1,-1,-1
201343R057093,2,9,0,18,0,0,0,0,0,0,1,1,6,2,7,1120,2,1,5,1
201343R058083,1,9,0,4,0,8,0,0,0,0,1,1,6,2,6,1956,2,2,10,1
201343R058083,2,9,0,4,0,8,0,0,0,0,2,1,6,1,8,1339,1,10,9,1
201343R058123,1,9,0,17,0,0,1,0,0,0,1,1,6,1,5,1598,1,7,10,1
201343R058123,2,9,0,16,0,0,0,0,0,0,1,1,6,1,8,2720,2,6,10,1
201343R059033,1,9,0,18,0,1,0,0,0,0,1,1,6,3,-1,-1,-1,-1,-1,-1
201343R059033,2,19,0,8,0,1,0,0,0,0,2,1,1,1,4,1753,2,2,3,1
201343R059043,1,9,0,12,0,0,0,0,0,0,1,1,6,1,7,1686,2,1,8,3
201343R059043,2,9,0,13,0,0,0,0,0,0,4,1,6,1,8,2967,2,2,10,1
201343R059053,1,9,0,9,0,6,0,0,0,0,1,1,6,2,-1,1769,1,9,-1,-1
201343R059053,2,1,0,18,0,8,0,0,0,0,1,1,6,1,8,-1,-1,-1,9,3
201343R059083,1,9,0,4,0,1,0,0,0,0,4,1,6,2,9,1998,1,14,6,1
201343R059083,2,1,0,4,0,1,0,0,0,0,3,1,6,1,8,-1,-1,-1,10,1
201343R059103,1,1,0,9,0,8,0,0,0,0,4,1,6,1,9,-1,-1,-1,3,1
201343R059103,2,9,0,18,0,8,0,0,0,0,1,1,6,2,7,1390,1,9,6,1
201343R060063,1,5,0,18,0,0,0,0,4,0,1,1,6,1,6,645,1,3,10,1
201343R060083,1,8,0,13,0,1,1,0,1,10,3,1,6,1,6,1896,2,9,3,1
201343R060083,2,19,0,18,0,1,0,0,0,0,0,1,2,1,7,1753,2,9,7,3
201343R060083,3,19,0,18,0,1,0,0,0,0,0,1,6,1,6,2148,2,8,10,1
201343R060103,1,9,0,9,0,8,0,0,0,0,1,1,6,1,7,2198,1,11,7,1
201343R060103,2,9,0,18,0,8,0,0,0,0,1,1,6,2,7,1390,1,10,3,1
201343R061053,1,9,0,18,0,0,2,0,1,9,1,1,1,1,7,1398,1,2,-1,-1
201343R061053,2,9,0,18,0,0,0,0,0,0,3,1,1,1,7,1997,1,7,-1,-1
201343R061063,1,9,0,18,0,0,0,0,0,0,1,1,6,1,10,2874,2,15,5,1
201343R061063,2,9,0,18,0,0,0,0,0,0,2,1,6,2,5,1390,1,16,4,1
201343R061063,3,9,0,4,0,0,0,0,0,0,2,1,2,1,7,1596,1,7,-1,-1
201343R061063,4,9,0,18,0,0,0,0,0,0,2,1,2,2,5,1360,1,11,5,1
201343R061083,1,9,0,18,0,0,0,0,0,0,1,1,6,1,8,1391,1,16,4,1
201343R061083,2,9,0,3,0,0,0,0,0,0,2,1,6,1,8,1781,1,16,-1,-1
201343R061103,1,9,0,14,0,0,0,0,0,0,1,1,3,2,7,1598,1,14,7,2
201343R061103,2,20,0,2,0,0,0,0,0,0,2,1,1,1,6,2999,2,5,9,1
201343R061113,1,9,0,18,0,8,1,0,0,0,1,1,6,1,4,1991,2,8,-1,-1
201343R061113,2,9,0,9,0,8,0,0,0,0,1,1,2,2,6,1986,2,8,3,1
201343R062033,1,9,0,16,0,0,1,10,7,9,3,1,6,1,4,1229,1,2,7,1
201343R062063,1,5,0,18,0,0,1,0,0,0,0,1,1,1,7,670,1,1,6,1
201343R062123,1,9,0,17,0,0,1,0,1,4,1,1,6,2,5,998,1,3,10,2
201343R063013,1,9,0,9,0,5,0,0,0,0,1,1,2,1,9,1997,2,11,7,3
201343R063013,2,3,0,18,0,1,0,0,0,0,1,1,2,1,6,125,1,3,8,1
201343R063063,1,9,0,18,0,0,0,0,0,0,1,1,6,3,-1,1149,1,14,3,1
201343R063063,2,9,0,3,0,0,0,0,0,0,2,1,6,2,8,998,1,1,6,3
201343R063083,1,9,0,18,0,0,1,0,4,6,3,1,6,1,5,1794,1,12,5,1
201343R063083,2,9,0,18,0,0,0,0,0,0,1,1,6,1,7,1796,1,-1,2,1
201343R063103,1,9,0,18,0,1,0,0,0,0,1,1,6,1,-1,2401,2,7,3,1
201343R063103,2,1,0,18,0,1,0,0,0,0,4,1,4,1,3,-1,-1,-1,6,1
201343R064073,1,9,0,18,0,0,0,0,0,0,1,1,6,1,5,1341,1,13,2,1
201343R064073,2,9,0,18,0,0,0,0,0,0,2,1,6,1,9,1598,2,1,1,1
201343R064083,1,9,0,4,0,0,0,0,0,0,4,1,6,2,9,1299,1,10,8,1
201343R065053,1,1,0,14,0,0,0,8,0,0,4,1,1,1,7,-1,-1,-1,10,1
201343R065053,2,9,0,2,0,0,0,0,0,0,3,1,3,2,-1,1600,1,14,-1,-1
201343R065103,1,19,0,18,0,0,0,0,7,4,1,1,1,1,9,2300,2,9,9,1
201343R066083,1,9,0,18,0,0,0,0,0,0,1,1,6,3,-1,3179,1,8,-1,-1
201343R066083,2,9,0,3,0,0,0,0,0,0,2,1,6,1,8,1998,1,14,4,1
201343R066083,3,9,0,3,0,0,0,0,0,0,2,1,6,1,7,-1,-1,-1,2,1
201343R066103,1,9,0,18,0,0,0,0,0,0,1,1,6,2,5,1995,2,6,8,3
201343R066103,2,9,0,4,0,0,0,0,5,6,2,1,6,1,10,1796,1,10,10,1
201343R066113,1,3,0,18,0,1,1,7,0,0,1,1,6,1,4,124,1,2,10,1
201343R066123,1,9,0,18,0,0,2,0,6,2,4,1,6,1,6,1998,1,6,7,1
201343R066123,2,9,0,18,0,0,0,0,0,0,1,1,6,2,7,3197,1,2,10,1
201343R067023,1,9,0,18,0,0,1,0,7,10,1,1,5,1,6,1998,1,19,7,1
201343R067043,1,9,0,18,0,0,0,0,0,0,1,1,6,1,4,1388,1,10,7,1
201343R067043,2,9,0,1,0,0,0,0,0,0,4,1,6,2,7,1198,1,8,9,3
201343R067063,1,2,0,18,0,3,0,0,0,0,0,1,2,1,4,50,1,6,7,1
201343R067113,1,19,0,5,0,4,0,0,0,0,4,1,6,1,8,-1,-1,-1,-1,-1
201343R067113,2,1,0,18,0,8,0,0,0,0,3,1,1,1,4,-1,-1,-1,8,1
201343R067123,1,9,0,18,0,1,0,0,0,0,1,1,6,2,8,2148,2,8,5,1
201343R067123,2,9,0,7,0,6,0,0,0,0,3,1,6,1,11,1124,1,17,3,1
201343R068033,1,9,0,9,0,6,0,0,0,0,1,1,6,1,8,1995,2,2,2,1
201343R068063,1,1,0,18,0,0,0,0,0,0,3,1,6,2,6,-1,-1,-1,2,1
201343R068063,2,9,0,16,0,0,0,0,0,0,1,1,6,2,6,1997,2,3,2,1
201343R068073,1,9,0,4,0,0,0,0,0,0,1,1,6,2,5,1390,1,3,2,1
201343R068073,2,19,0,4,0,0,0,0,0,0,2,1,6,1,8,-1,-1,-1,3,1
201343R069013,1,9,0,9,0,8,0,0,0,0,1,1,6,2,5,1598,1,5,3,1
201343R069013,2,3,0,18,0,8,0,0,1,0,4,1,1,1,4,124,1,5,9,1
201343R069063,1,9,0,4,0,0,0,0,0,0,1,1,2,1,6,1995,2,9,2,1
201343R069063,2,9,0,4,0,0,0,0,0,0,2,1,2,1,7,1686,2,9,7,1
201343R069083,1,9,0,18,0,1,0,0,0,0,2,1,6,2,8,1400,1,7,10,1
201343R069083,2,9,0,18,0,1,0,0,0,0,1,1,6,1,4,1149,1,10,10,1
201343R069093,1,9,0,3,0,0,0,0,0,0,2,1,2,2,4,1124,1,13,10,1
201343R069093,2,9,0,18,0,0,0,0,0,0,1,1,3,2,7,1896,2,12,10,3
201343R069093,3,9,0,3,0,0,0,0,0,0,2,1,6,2,-1,1364,2,9,8,1
201343R069113,1,9,0,18,0,6,0,0,0,0,1,1,2,1,9,1598,1,15,10,1
201343R069113,2,9,0,18,0,8,0,0,0,0,4,1,2,1,8,1242,1,1,9,1
201343R070063,1,9,0,18,0,0,0,0,0,0,1,1,6,1,6,1242,1,15,5,1
201343R070063,2,9,0,4,0,0,0,0,0,0,2,1,6,1,8,1896,2,6,9,1
201343R070063,3,9,0,4,0,0,0,0,0,0,2,1,6,1,6,1242,1,11,10,1
201343R070063,4,9,0,4,0,0,0,0,0,0,2,1,6,1,10,1968,2,2,8,2
201343R070063,5,9,0,4,0,0,0,0,0,0,2,1,6,2,7,1360,1,10,6,1
201343R070103,1,9,0,9,0,5,0,0,0,0,4,1,6,1,5,1598,1,6,6,1
201343R070103,2,9,0,18,0,8,0,0,0,0,1,1,6,2,8,1999,1,8,10,1
201343R071043,1,9,0,18,0,0,0,0,0,0,4,1,6,2,5,1598,2,1,3,1
201343R071043,2,1,0,18,0,0,0,0,0,0,1,1,6,1,2,-1,-1,-1,3,1
201343R071063,1,9,0,9,0,8,0,0,0,0,3,1,6,2,4,1596,1,2,10,1
201343R071063,2,5,0,18,0,8,0,0,0,0,1,1,6,1,4,599,1,12,10,2
201343R071083,1,9,0,18,0,5,0,0,0,0,4,1,6,2,9,1598,1,14,6,1
201343R071083,2,19,0,17,0,8,0,0,0,0,3,1,1,1,5,2143,2,4,9,1
201343R071083,3,4,0,18,0,1,0,0,0,0,1,1,6,1,10,250,1,13,10,1
201343R071093,1,9,0,9,0,1,0,0,0,0,4,1,6,1,-1,-1,-1,-1,-1,-1
201343R071093,2,3,0,10,0,1,0,0,0,0,3,1,2,1,8,-1,-1,-1,3,1
201343R071103,1,9,0,18,0,0,1,0,0,0,1,1,6,2,9,2148,2,5,6,1
201343R071103,2,9,0,3,0,0,0,0,0,0,2,1,2,1,7,1968,2,-1,4,1
201343R071103,3,9,0,3,0,0,0,0,0,0,2,1,2,1,6,1596,1,10,6,1
201343R071103,4,9,0,3,0,0,0,0,0,0,2,1,2,1,9,1968,2,1,10,1
201343R072013,1,9,0,18,0,1,0,0,0,0,1,1,2,2,5,999,1,9,10,1
201343R072033,1,9,0,16,0,0,2,0,1,11,1,1,6,2,4,1328,1,11,10,3
201343R072083,1,9,0,18,0,0,1,10,7,4,4,1,6,1,4,1587,1,14,10,1
201343R072103,1,9,0,18,0,1,0,0,0,0,1,1,1,2,5,1596,1,13,4,1
201343R072103,2,1,0,18,0,6,0,0,0,0,1,1,6,1,6,-1,-1,-1,6,1
201343R072113,1,9,0,18,0,8,0,0,0,0,1,1,1,1,4,1998,1,13,-1,-1
201343R072113,2,9,0,18,0,8,0,0,0,0,3,1,1,2,8,1998,1,9,4,1
201343R073063,1,9,0,4,0,0,0,0,0,0,1,1,1,2,7,1995,2,3,7,2
201343R073063,2,9,0,4,0,0,0,0,0,0,2,1,1,2,6,1968,2,4,-1,-1
201343R073063,3,9,0,4,0,0,0,0,0,0,2,1,1,1,7,1995,2,2,9,1
201343R073083,1,9,0,12,0,0,1,0,0,0,3,1,6,2,7,1598,1,8,10,1
201343R073083,2,9,0,18,0,0,2,0,0,0,4,1,6,1,8,1360,1,7,4,1
201343R073083,3,9,0,18,0,0,0,0,5,6,1,1,6,1,5,1600,2,3,7,1
201343R073083,4,9,0,18,0,0,0,0,0,0,1,1,6,3,-1,-1,-1,-1,-1,-1
201343R073093,1,9,0,18,0,0,1,0,2,4,4,1,6,1,4,1198,1,10,10,1
201343R074073,1,9,0,18,0,8,0,0,0,0,3,1,6,1,11,1386,1,3,7,1
201343R074073,2,5,0,9,0,8,0,10,0,2,1,1,1,2,7,680,1,5,9,1
201343R074093,1,5,0,13,0,8,0,0,0,0,1,1,6,1,5,1000,1,4,5,1
201343R074093,2,9,0,9,0,5,0,0,0,0,3,1,2,2,8,1598,2,3,10,1
201343R075023,1,9,0,12,0,0,0,0,0,0,2,1,6,2,10,1497,8,7,4,1
201343R075023,2,9,0,18,0,0,1,10,6,0,1,1,2,2,5,1360,1,12,5,1
201343R075023,3,9,0,4,0,0,0,0,0,0,2,1,3,2,7,1796,1,17,7,1
201343R075023,4,9,0,18,0,0,0,0,0,0,1,1,6,2,7,1242,1,16,9,1
201343R075033,1,9,0,18,0,1,0,0,0,0,1,1,6,1,7,-1,-1,-1,3,1
201343R075033,2,9,0,9,0,1,0,0,0,0,2,1,6,2,5,1896,2,11,7,1
201343R075053,1,9,0,18,0,8,0,0,0,0,4,1,6,1,8,1689,2,9,4,1
201343R075053,2,9,0,9,0,5,0,0,0,0,4,1,6,1,5,1242,1,1,6,1
201343R075063,1,9,0,18,0,0,0,0,0,0,1,1,2,2,6,1598,1,1,1,1
201343R075063,2,9,0,3,0,0,0,0,0,0,2,1,2,1,5,1598,1,10,6,1
201343R075063,3,9,0,3,0,0,0,0,0,0,2,1,2,1,5,1582,2,-1,10,1
201343R075063,4,9,0,3,0,0,0,0,0,0,2,1,2,1,7,1796,1,6,-1,-1
201343R075063,5,9,0,3,0,0,0,0,0,0,2,1,6,1,8,1799,1,18,1,1
201343R075063,6,9,0,3,0,0,0,0,0,0,2,1,6,2,6,1968,2,4,5,3
201343R075073,1,9,0,5,0,8,0,0,0,0,1,1,6,1,9,2179,2,3,7,3
201343R075073,2,9,0,3,0,1,0,0,0,0,1,1,6,1,10,2172,2,10,9,3
201343R075073,3,9,0,18,0,8,0,0,0,0,3,1,6,2,6,2435,1,14,10,1
201343R075093,1,9,0,18,0,0,2,10,8,4,1,1,6,1,6,1988,1,10,9,1
201343R076023,1,9,0,12,0,1,0,0,0,0,1,1,2,1,8,1910,2,5,6,1
201343R076023,2,9,0,5,0,1,0,0,0,0,3,1,5,1,10,1242,1,3,9,3
201343R076043,1,9,0,17,0,0,0,10,0,0,1,1,6,1,6,4163,1,5,10,2
201343R076043,2,9,0,2,0,0,0,0,0,0,1,1,6,3,-1,1968,2,2,-1,-1
201343R076043,3,9,0,2,0,0,0,0,0,0,1,1,6,3,-1,954,1,21,-1,-1
201343R076053,1,8,0,5,0,4,0,0,0,0,1,1,1,1,8,1997,2,3,6,1
201343R076053,2,1,0,11,0,8,0,0,0,0,1,1,6,1,6,-1,-1,-1,6,1
201343R076063,1,9,0,7,0,1,0,0,0,0,4,1,6,1,-1,-1,-1,-1,-1,-1
201343R076063,2,1,0,3,0,1,0,0,0,0,1,1,2,1,8,-1,-1,-1,5,1
201343R076073,1,9,0,4,0,0,5,0,1,9,1,1,6,1,4,1598,1,10,10,1
201343R076073,2,9,0,4,0,0,0,0,0,0,2,1,6,1,4,1388,1,11,9,3
201343R076093,1,9,0,3,0,0,0,0,0,0,1,1,6,1,-1,1968,2,8,-1,-1
201343R076093,2,9,0,4,0,0,0,0,0,0,3,1,1,1,8,1998,1,17,9,1
201343R076113,1,9,0,17,0,0,1,0,1,9,2,1,6,1,4,999,1,12,4,1
201343R077063,1,9,0,18,0,0,0,0,0,0,1,1,6,1,5,1368,1,3,9,1
201343R077063,2,9,0,4,0,0,0,0,0,0,2,1,6,1,6,1968,2,3,9,2
201343R077093,1,5,0,12,0,0,1,0,0,0,1,1,2,1,7,1170,1,5,4,1
201343R077093,2,9,0,18,0,0,0,0,0,0,1,1,1,2,7,1968,2,2,10,2
201343R077093,3,9,0,10,0,0,0,0,0,0,0,1,6,2,6,1229,1,5,3,1
201343R077113,1,9,0,4,0,8,0,0,0,0,1,1,6,1,4,1343,1,19,9,1
201343R077113,2,9,0,9,0,6,0,0,0,0,3,1,6,2,7,2204,2,5,9,1
201343R078013,1,1,0,18,9,1,0,0,0,0,1,1,5,1,8,-1,-1,-1,3,1
201343R078013,2,9,0,4,0,1,0,0,0,0,3,1,5,1,5,1995,2,7,3,1
201343R078033,1,9,0,18,0,4,0,0,0,0,1,1,6,3,-1,1598,1,14,-1,-1
201343R078033,2,9,0,3,0,4,0,0,0,0,2,1,6,2,10,-1,-1,-1,9,3
201343R078053,1,1,0,18,0,1,0,0,0,0,3,1,6,1,7,-1,-1,-1,5,1
201343R078053,2,9,0,7,0,1,0,0,0,0,1,1,6,1,9,998,1,1,10,1
201343R078113,1,5,0,18,0,0,1,0,0,0,3,1,1,1,8,647,1,12,10,1
201343R078113,2,9,0,11,0,0,0,0,0,0,0,1,6,2,8,1797,8,4,1,1
201343R079093,1,10,0,18,0,0,0,0,0,0,4,1,6,1,7,-1,-1,-1,-1,-1
201343R080013,1,19,0,18,0,1,0,0,0,0,1,1,6,1,8,1997,2,7,-1,-1
201343R080013,2,9,0,10,0,5,0,0,0,0,2,1,2,1,5,973,1,11,10,1
201343R080013,3,9,0,18,0,1,0,0,0,0,1,1,6,1,6,1391,1,17,8,1
201343R080063,1,9,0,5,0,1,0,0,0,0,1,1,6,2,6,2987,2,5,5,1
201343R080073,1,9,0,18,0,0,1,7,5,6,1,1,6,2,6,-1,-1,-1,3,1
201343R080103,1,21,1,18,0,0,0,0,0,0,1,1,1,1,8,-1,-1,-1,9,1
201343R080103,2,9,0,3,0,0,0,0,0,0,2,1,1,2,10,1910,2,8,-1,-1
201343R080123,1,9,0,4,0,3,0,0,0,0,1,1,6,1,7,1587,1,9,10,1
201343R081023,1,9,0,18,0,0,2,0,7,9,1,1,2,1,5,1390,1,9,8,1
201343R081033,1,9,0,18,0,0,2,12,7,10,4,1,2,2,8,1398,2,10,6,1
201343R081063,1,9,0,9,0,5,0,0,0,0,1,1,6,2,7,-1,-1,-1,-1,-1
201343R081073,1,9,0,18,0,8,0,0,0,0,1,1,6,1,6,1988,2,8,3,1
201343R081073,2,1,0,18,0,8,0,0,0,0,4,1,6,1,4,-1,-1,-1,3,1
201343R081103,1,9,0,1,9,2,0,0,0,0,2,1,6,2,-1,-1,-1,-1,-1,-1
201343R082013,1,9,0,9,0,8,0,0,1,0,1,1,5,1,5,1998,1,10,5,1
201343R082013,2,9,0,18,0,1,0,0,1,0,1,1,5,1,7,1598,1,2,8,1
201343R082033,1,2,0,5,0,2,1,0,0,0,0,1,6,1,10,49,1,10,6,1
201343R082063,1,9,0,18,0,8,0,0,1,0,1,1,2,2,6,1198,1,2,7,1
201343R082063,2,9,0,18,0,8,0,0,0,7,3,1,2,2,5,973,1,13,5,1
201343R082123,1,9,0,16,0,0,1,0,7,4,1,1,6,2,5,1229,1,5,10,1
201343R083023,1,9,0,18,0,4,0,0,0,0,1,1,5,2,7,-1,-1,-1,5,1
201343R083023,2,5,0,18,0,8,0,0,0,0,4,1,5,1,6,680,1,3,9,1
201343R083043,1,9,0,5,0,1,0,0,0,0,3,1,6,1,6,1686,2,12,2,1
201343R083043,2,21,1,18,0,2,0,0,0,0,4,1,1,1,7,12777,2,-1,2,1
201343R083083,1,9,0,18,0,4,0,0,0,0,1,1,2,1,8,1994,1,1,9,3
201343R083083,2,1,0,18,0,3,0,0,0,0,2,1,2,1,6,-1,-1,-1,10,1
201343R084013,1,9,0,18,0,0,2,0,1,10,1,1,6,1,7,1997,2,1,9,2
201343R084013,2,9,0,18,0,0,1,0,5,6,2,1,2,2,7,1686,2,9,9,1
201343R084033,1,9,0,18,0,0,1,0,0,0,1,1,6,3,-1,-1,-1,-1,-1,-1
201343R084033,2,1,0,18,0,0,0,0,0,0,1,1,6,1,5,-1,-1,-1,4,1
201343R084043,1,9,0,9,0,6,0,0,0,0,3,1,2,2,7,1596,1,11,10,1
201343R084043,2,9,0,18,0,1,0,0,0,0,1,1,6,2,6,1895,1,14,9,1
201343R084053,1,9,0,12,0,0,0,0,5,6,3,1,6,1,7,1396,1,12,-1,-1
201343R084053,2,21,1,18,0,0,1,0,0,0,4,1,1,1,8,11946,2,1,-1,1
201343R084053,3,9,0,18,0,0,0,0,0,0,1,1,2,1,8,1910,2,5,8,1
201343R084063,1,9,0,4,0,0,0,0,0,0,1,1,6,1,8,-1,-1,-1,5,1
201343R084063,2,9,0,4,0,0,0,0,0,0,2,1,6,1,11,1721,1,21,6,1
201343R084083,1,9,0,18,0,8,0,0,0,0,1,1,6,1,11,1799,1,17,9,1
201343R084083,2,5,0,18,0,8,0,0,0,0,4,1,6,1,6,750,1,4,10,1
201343R084083,3,9,0,18,0,8,0,0,0,0,1,1,6,1,8,1994,2,16,8,3
201343R084093,1,9,0,9,0,6,0,0,0,0,3,1,6,1,8,1296,1,6,7,1
201343R084093,2,9,0,14,0,8,0,0,0,0,1,1,6,2,4,1360,1,6,10,1
201343R085023,1,9,0,4,0,8,1,0,0,0,1,1,5,1,6,1398,1,1,9,1
201343R085023,2,21,0,3,0,8,0,0,0,0,2,1,1,1,8,-1,-1,-1,9,1
201343R085043,1,8,0,11,0,0,1,0,0,0,4,1,1,1,9,1995,2,5,6,1
201343R085043,2,9,0,18,0,0,1,0,2,7,3,1,6,2,9,1240,1,10,7,3
201343R085063,1,1,0,18,0,8,0,0,0,0,1,1,4,1,3,-1,-1,-1,3,1
201343R085063,2,21,0,18,0,8,1,0,0,0,3,1,1,1,8,-1,-1,-1,9,2
201343R085073,1,9,0,14,0,0,0,0,0,0,1,1,6,1,6,1910,2,3,-1,-1
201343R085073,2,9,0,3,0,0,0,0,0,0,0,1,6,1,6,2435,1,13,5,1
201343R085113,1,5,0,18,0,0,1,0,0,0,1,1,6,1,6,999,1,7,2,1
201343R085113,2,9,0,3,0,0,0,0,0,0,2,1,6,2,5,1422,2,13,10,1
201343R086023,1,9,0,18,0,1,0,0,0,0,1,1,5,1,10,1242,1,9,5,1
201343R086023,2,9,0,10,0,1,0,0,0,0,2,1,5,1,8,1598,1,4,9,1
201343R086033,1,9,0,9,0,8,0,7,0,0,4,1,6,2,7,998,1,6,7,1
201343R086033,2,8,0,18,0,1,1,0,0,0,1,1,1,1,6,1997,2,2,7,1
201343R086043,1,9,0,18,0,8,0,0,0,0,1,1,6,2,4,-1,-1,-1,3,1
201343R086043,2,9,0,2,0,8,0,0,0,0,3,1,6,1,9,1998,1,8,5,1
201343R086043,3,9,0,2,0,8,0,0,0,0,3,1,6,3,-1,1995,2,9,-1,-1
201343R086043,4,9,0,2,0,8,0,0,0,0,3,1,6,3,-1,1248,2,9,-1,-1
201343R086113,1,1,0,9,0,6,0,0,0,0,3,1,2,1,4,-1,-1,-1,9,3
201343R086113,2,9,0,18,0,1,0,0,0,0,1,1,2,1,6,2204,2,5,2,1
201343R087013,1,9,0,18,0,0,0,0,0,0,1,1,6,2,5,1198,1,11,10,1
201343R087023,1,9,0,18,0,8,0,0,0,0,1,1,6,1,6,1598,1,3,-1,1
201343R087033,1,9,0,18,0,2,0,0,0,0,4,1,6,1,8,1998,1,9,3,1
201343R087033,2,9,0,1,0,1,0,0,0,0,0,1,6,1,10,1498,1,6,8,1
201343R087063,1,9,0,6,0,1,0,0,0,0,2,1,6,3,-1,-1,-1,-1,-1,-1
201343R087063,2,9,0,18,0,1,0,0,0,0,1,1,6,3,-1,-1,-1,-1,-1,-1
201343R087063,3,9,0,18,0,1,1,0,0,0,2,1,1,2,6,1598,1,9,10,1
201343R087063,4,19,0,18,0,1,0,0,0,0,1,1,6,3,-1,-1,-1,-1,-1,-1
201343R087103,1,9,0,7,0,8,0,0,0,0,2,1,6,1,-1,-1,-1,-1,-1,-1
201343R087103,2,3,0,18,0,8,0,0,0,0,1,1,6,1,4,124,1,13,8,1
201343R088013,1,9,0,4,0,8,1,0,0,0,1,1,6,1,5,1896,2,9,2,1
201343R088013,2,9,0,4,0,8,0,0,0,0,2,1,2,1,9,1388,1,2,5,1
201343R088033,1,9,0,18,0,0,0,0,0,0,1,1,2,1,6,1360,1,5,5,1
201343R088033,2,9,0,18,0,0,0,0,0,0,2,1,2,1,4,1198,1,8,1,1
201343R088113,1,19,0,18,0,1,0,0,0,0,1,1,6,1,-1,-1,-1,-1,-1,-1
201343R088113,2,9,0,7,0,5,0,0,0,0,2,1,6,2,6,-1,-1,-1,5,1
201343R088123,1,9,0,12,0,8,0,0,0,0,4,1,6,2,-1,1598,1,7,3,1
201343R088123,2,9,0,18,0,8,0,0,0,0,1,1,6,1,5,1896,2,8,5,1
201343R089023,1,11,0,18,0,0,0,0,0,0,4,1,1,1,6,12000,2,6,2,1
201343R089043,1,9,0,18,0,0,0,0,0,0,1,1,6,1,7,2362,1,10,1,1
201343R089043,2,9,0,18,0,0,0,0,0,0,2,1,6,1,9,1560,2,3,4,1
201343R089053,1,9,0,18,0,1,0,0,0,0,1,1,6,2,5,1598,1,6,9,3
201343R089053,2,9,0,18,0,2,0,0,0,0,3,1,6,2,5,1598,1,-1,5,1
201343R089053,3,9,0,18,0,2,0,0,0,0,3,1,6,1,-1,1598,1,8,-1,-1
201343R089063,1,9,0,4,0,0,1,0,0,0,1,1,6,2,8,2499,2,10,4,1
201343R089063,2,9,0,4,0,0,0,0,0,0,2,1,6,2,6,1600,1,15,-1,-1
201343R089063,3,9,0,4,0,0,0,0,0,0,2,1,6,1,8,1997,2,3,-1,-1
201343R089063,4,9,0,4,0,0,0,0,0,0,2,1,6,1,6,1968,2,2,-1,-1
201343R089063,5,9,0,4,0,0,0,0,0,0,2,1,6,2,4,1598,1,10,10,2
201343R089113,1,9,0,18,0,0,0,0,0,0,1,1,2,2,6,1990,1,8,6,1
201343R090033,1,9,0,13,0,0,0,0,0,0,4,1,6,1,-1,-1,-1,-1,-1,-1
201343R090033,2,1,0,18,0,0,0,7,1,0,3,1,6,1,7,-1,-1,-1,3,1
201343R090053,1,9,0,9,0,8,0,0,0,0,1,1,6,1,11,1968,2,6,4,1
201343R090063,1,9,0,3,0,1,0,0,0,0,4,1,6,2,7,-1,-1,-1,-1,-1
201343R090063,2,1,0,3,0,1,0,0,0,0,1,1,1,1,6,-1,-1,-1,-1,-1
201343R090073,1,9,0,18,0,4,0,0,0,0,1,1,6,2,7,1796,1,5,-1,-1
201343R090073,2,9,0,9,0,8,0,0,0,0,1,1,6,1,7,-1,-1,-1,4,1
201343R090113,1,9,0,18,0,0,0,0,0,0,0,1,6,2,5,1596,1,11,4,1
201343R090113,2,21,0,18,0,0,0,0,0,0,0,1,6,1,6,-1,-1,-1,7,3
201343R090113,3,9,0,18,0,0,0,0,0,0,0,1,6,1,7,1242,1,4,9,2