Accident_Index,Vehicle_Reference,Vehicle_Type,Towing_and_Articulation,Vehicle_Manoeuvre,Vehicle_Location-Restricted_Lane,Junction_Location,Skidding_and_Overturning,Hit_Object_in_Carriageway,Vehicle_Leaving_Carriageway,Hit_Object_off_Carriageway,1st_Point_of_Impact,Was_Vehicle_Left_Hand_Drive?,Journey_Purpose_of_Driver,Sex_of_Driver,Age_Band_of_Driver,Engine_Capacity_(CC),Propulsion_Code,Age_of_Vehicle,Driver_IMD_Decile,Driver_Home_Area_Type
201343R121103,2,9,0,18,0,8,0,0,0,0,1,1,2,2,9,1998,1,8,10,1
201343R121113,1,9,0,7,0,8,0,0,1,0,1,1,1,2,4,1248,2,5,4,1
201343R121113,2,1,0,18,0,8,0,0,1,0,4,1,1,2,7,-1,-1,-1,5,1
201343R121123,1,9,0,4,0,4,0,0,0,0,2,1,6,2,6,4398,1,11,-1,-1
201343R121123,2,9,0,3,0,4,0,0,0,0,2,1,6,2,5,998,1,-1,3,1
201343R121123,3,9,0,4,0,4,0,0,0,0,1,1,6,3,-1,-1,-1,-1,-1,-1
201343R122013,1,9,0,16,0,0,1,0,0,0,1,1,2,1,5,998,1,5,10,1
201343R122013,2,9,0,16,0,0,0,0,0,0,2,1,2,2,7,1994,2,9,6,1
201343R122033,1,21,1,18,0,8,0,0,0,0,1,1,1,1,7,12000,2,10,10,1
201343R122033,2,9,0,5,0,8,0,0,0,0,2,1,6,1,6,3189,1,7,6,1
201343R122083,1,9,0,5,0,1,1,0,0,0,3,1,6,1,4,1390,1,8,10,1
201343R122083,2,9,0,18,0,1,1,0,1,11,1,1,6,2,4,998,1,6,9,1
201343R122093,1,9,0,17,0,0,1,0,1,11,1,1,6,2,6,1149,1,5,10,1
201343R123013,1,9,0,18,0,0,0,0,0,0,1,1,2,1,7,1997,2,14,3,1
201343R123013,2,9,0,18,0,0,0,0,0,0,1,1,2,1,7,1390,1,12,9,1
201343R123033,1,9,0,9,0,8,0,0,0,0,4,1,2,1,8,1896,2,11,10,1
201343R123033,2,2,0,7,0,8,0,0,0,0,2,1,1,1,5,49,1,1,3,1
201343R123083,1,1,0,12,0,0,0,0,0,0,3,1,6,2,5,-1,-1,-1,5,1
201343R123083,2,19,0,18,0,0,0,0,0,0,1,1,6,1,-1,-1,-1,-1,-1,-1
201343R123123,1,9,0,18,0,0,0,0,1,7,1,1,1,1,6,1997,2,7,10,2
201343R123123,2,19,0,18,0,0,0,0,0,0,1,1,1,1,6,2402,2,8,1,1
201343R124043,1,3,0,18,0,0,0,0,0,0,1,1,2,2,8,125,1,2,7,1
201343R124063,1,9,0,5,0,1,0,0,0,0,1,1,6,1,9,2497,1,17,4,1
201343R124063,2,9,0,3,0,1,0,0,0,0,2,1,2,1,5,998,1,14,2,1
201343R125043,1,9,0,18,0,0,0,0,4,6,1,1,1,2,5,1149,1,9,9,1
201343R125063,1,5,0,16,0,0,1,0,0,0,1,1,6,1,6,499,1,6,6,1
201343R125063,2,9,0,17,0,0,0,0,0,0,2,1,6,2,8,2351,1,10,9,1
201343R126023,1,9,0,18,0,0,0,0,0,0,1,1,2,1,9,1386,1,4,4,1
201343R126023,2,9,0,4,0,0,0,0,0,0,2,1,5,1,8,1995,2,2,10,1
201343R126023,3,9,0,4,0,0,0,0,0,0,2,1,5,2,8,1596,1,4,5,1
201343R126063,1,9,0,12,0,0,0,0,0,0,1,1,6,1,8,1995,2,6,9,1
201343R126063,2,9,0,11,0,0,0,0,0,0,2,1,6,2,9,1587,1,8,10,1
201343R126063,3,9,0,18,0,0,2,0,4,0,2,1,6,2,8,999,1,5,7,1
201343R126073,1,9,0,9,0,6,0,0,7,0,1,1,2,2,6,1597,1,13,10,1
201343R126073,2,9,0,18,0,1,0,0,7,0,1,1,2,2,4,1229,1,3,-1,-1
201343R126083,1,9,0,2,0,0,0,0,0,0,3,1,6,3,-1,-1,-1,-1,-1,-1
201343R126083,2,1,0,14,0,0,0,0,0,0,1,1,6,1,6,-1,-1,-1,9,2
201343R126093,1,9,0,18,0,6,0,0,3,0,1,1,6,1,5,1587,1,13,9,3
201343R126093,2,9,0,2,9,2,0,0,0,11,4,1,6,1,11,1596,1,11,-1,-1
201343R126113,1,19,0,9,0,8,0,0,0,0,3,1,1,1,8,2402,2,12,4,1
201343R126113,2,1,0,18,0,8,0,0,0,0,1,1,4,1,3,-1,-1,-1,9,1
201343R127023,1,9,0,18,0,6,0,0,0,0,1,1,5,3,-1,1995,1,11,-1,-1
201343R127023,2,9,0,18,0,8,0,0,0,0,4,1,5,2,7,1910,2,5,4,1
201343R127063,1,9,0,7,0,1,0,0,0,0,1,1,6,2,5,1587,1,12,4,1
201343R127063,2,1,0,18,0,1,0,0,0,0,1,1,6,1,3,-1,-1,-1,5,1
201343R127073,1,9,0,18,0,0,0,0,0,0,1,1,6,1,-1,-1,-1,-1,-1,-1
201343R127103,1,9,0,12,0,2,1,9,4,6,1,1,6,1,5,1798,1,5,-1,-1
201343R128023,1,9,0,18,0,8,0,9,3,1,1,1,5,1,6,1998,1,11,3,1
201343R128043,1,3,0,18,0,2,0,0,0,0,1,1,6,1,5,649,1,1,8,1
201343R128043,2,1,0,18,0,6,0,0,0,0,4,1,4,1,3,-1,-1,-1,10,1
201343R128053,1,9,0,18,0,1,0,0,0,0,1,1,6,1,4,1560,2,1,-1,-1
201343R128053,2,9,0,8,0,1,0,0,0,0,4,1,2,2,7,1910,2,7,-1,-1
201343R128073,1,9,0,18,0,0,0,0,0,0,1,1,6,2,7,1364,1,5,8,2
201343R128093,1,9,0,18,0,0,0,0,0,0,1,1,6,1,-1,-1,-1,-1,-1,-1
201343R128103,1,9,0,4,0,0,0,0,0,0,1,1,2,1,9,-1,-1,-1,8,2
201343R128103,2,9,0,4,0,0,0,0,0,0,2,1,6,2,6,1229,1,-1,2,1
201343R128103,3,9,0,4,0,0,0,0,0,0,1,1,2,1,6,2494,1,11,4,1
201343R128103,4,9,0,4,0,0,0,0,0,0,2,1,2,1,7,1968,2,4,3,1
201343R128103,5,9,0,4,0,0,0,0,0,0,2,1,2,1,7,1461,2,1,6,1
201343R128103,6,9,0,4,0,0,0,0,0,0,2,1,2,1,6,1598,2,1,7,1
201343R129043,1,9,0,18,0,0,1,0,0,0,1,1,2,1,7,1490,1,6,3,1
201343R129053,1,9,0,5,0,8,0,0,0,0,1,1,6,1,4,1242,1,12,8,1
201343R129053,2,1,0,18,0,8,0,0,0,0,3,1,6,2,7,-1,-1,-1,9,3
201343R129073,1,9,0,18,0,8,0,0,0,0,1,1,1,1,6,1968,2,-1,7,1
201343R129073,2,9,0,3,0,8,0,0,0,0,2,1,1,1,7,1995,1,6,9,1
201343R129093,1,9,0,1,0,1,0,0,0,0,2,1,6,2,-1,1796,2,-1,10,1
201343R129103,1,9,0,7,0,5,0,0,0,0,1,1,6,2,10,-1,-1,-1,-1,-1
201343R130043,1,9,0,18,0,8,0,0,0,0,1,1,6,1,10,1968,2,1,8,2
201343R130043,2,1,0,18,0,8,1,0,0,0,2,1,6,2,7,-1,-1,-1,9,1
201343R130103,1,9,0,18,0,1,0,0,0,0,1,1,6,2,7,3200,2,5,9,3
201343R130103,2,9,0,3,0,5,0,7,0,10,2,1,6,1,8,1968,2,6,9,3
201343R130103,3,9,0,3,0,5,0,0,0,0,2,1,6,2,5,1587,1,12,8,1
201343R131083,1,9,0,9,0,8,0,0,0,0,1,1,2,2,6,1560,2,5,9,1
201343R131083,2,9,0,18,0,8,0,0,1,9,3,1,6,2,8,1390,1,10,4,1
201343R131093,1,9,0,18,0,0,0,0,0,0,1,1,6,2,9,1998,1,14,4,1
201343R131093,2,9,0,3,0,0,0,0,0,0,2,1,6,1,7,1984,1,7,4,1
201343R131103,1,9,0,4,0,0,0,0,0,0,1,1,6,1,6,1796,1,-1,-1,-1
201343R131113,1,9,0,4,0,0,0,0,0,0,1,1,6,3,-1,1868,2,13,-1,-1
201343R131113,2,9,0,4,0,0,0,0,0,0,2,1,6,1,10,1896,2,8,10,2
201343R131113,3,9,0,4,0,0,0,0,0,0,2,1,6,2,5,1124,1,9,3,1
201343R131113,4,9,0,4,0,0,0,0,0,0,2,1,6,3,-1,1595,1,8,-1,-1
201343R132063,1,9,0,9,0,6,0,0,0,0,4,1,6,1,-1,-1,-1,-1,-1,-1
201343R132063,2,9,0,9,0,6,0,0,0,0,2,1,6,1,7,1968,2,3,-1,-1
201343R132063,3,9,0,9,0,6,0,0,0,0,1,1,2,1,6,1995,2,11,8,1
201343R132083,1,9,0,7,0,6,0,0,0,0,1,2,1,2,7,-1,-1,-1,-1,-1
201343R132083,2,1,0,18,0,8,0,0,0,0,4,1,1,1,6,-1,-1,-1,3,1
201343R132093,1,9,0,7,0,6,0,0,1,0,3,1,6,1,4,998,1,9,5,1
201343R132093,2,9,0,18,0,1,0,0,0,0,1,1,6,2,9,1242,1,1,10,1
201343R132123,1,9,0,18,0,8,1,0,0,0,3,1,6,2,6,1596,1,8,7,3
201343R132123,2,9,0,9,0,8,0,0,0,0,1,1,1,1,5,1598,2,1,3,1
201343R133033,1,9,0,18,0,1,0,0,0,0,1,1,6,1,8,1398,1,2,8,1
201343R133033,2,9,0,18,0,1,0,0,0,0,2,1,6,1,6,1896,1,12,4,1
201343R133033,3,9,0,12,0,1,0,0,0,0,0,1,6,3,-1,-1,-1,-1,-1,-1
201343R133043,1,9,0,4,0,0,0,0,0,0,1,1,1,2,5,1229,1,8,3,1
201343R133043,2,9,0,4,0,0,0,0,0,0,2,1,1,2,6,1397,1,11,9,1
201343R133043,3,9,0,4,0,0,0,0,0,0,2,1,1,2,5,1870,2,9,7,1
201343R133053,1,9,0,17,0,0,2,10,0,0,3,1,2,1,6,1753,2,14,6,1
201343R133083,1,9,0,9,0,5,0,0,0,0,4,1,6,1,11,1348,1,11,8,1
201343R133083,2,9,0,18,0,1,0,0,0,0,1,1,6,2,6,1598,1,6,8,1
201343R133083,3,9,0,18,0,1,0,0,1,0,3,1,3,2,8,1595,1,1,8,1
201343R133083,4,9,0,18,0,1,0,0,1,0,3,1,2,1,8,1328,1,10,2,1
201343R133093,1,9,0,18,0,0,1,0,4,6,3,1,6,1,7,1596,1,7,1,1
201343R133093,2,21,1,11,0,0,0,0,0,0,4,1,1,1,6,-1,-1,-1,10,2
201343R133093,3,9,0,18,0,0,0,0,0,0,4,1,6,1,8,-1,-1,-1,4,1
201343R134043,1,9,0,18,0,0,1,0,0,0,1,1,2,1,6,1896,2,10,6,1
201343R134043,2,9,0,4,0,0,0,0,0,0,2,1,2,2,6,1242,1,7,2,1
201343R134093,1,9,0,18,0,8,0,0,3,1,4,1,1,1,6,1248,2,1,3,1
201343R134093,2,9,0,18,0,8,0,0,0,0,1,1,6,2,8,1686,2,2,8,1
201343R134103,1,8,0,18,0,1,0,0,0,0,1,1,1,1,-1,-1,-1,-1,-1,-1
201343R134103,2,9,0,18,0,1,0,0,0,0,2,1,6,1,5,1296,1,7,6,1
201343R135033,1,9,0,9,0,8,0,0,0,0,4,1,6,1,7,-1,-1,-1,4,1
201343R135033,2,9,0,18,0,1,0,0,0,0,1,1,6,1,8,1497,1,8,10,1
201343R135103,1,19,0,18,0,0,0,0,0,0,1,1,1,1,6,1399,2,4,10,1
201343R135103,2,9,0,18,0,0,0,0,0,0,2,1,6,1,6,1400,1,7,6,1
201343R135123,1,8,0,7,0,1,0,0,0,0,1,1,6,1,5,1999,1,7,4,1
201343R135123,2,9,0,18,0,1,0,0,0,0,1,1,6,1,5,2671,1,12,9,1
201343R136023,1,9,0,13,0,0,0,0,0,0,1,1,2,1,6,-1,-1,-1,5,2
201343R136023,2,9,0,18,0,0,0,0,0,0,2,1,6,1,8,1299,1,14,4,2
201343R136043,1,10,0,18,9,0,0,0,1,0,4,1,6,2,-1,-1,-1,-1,-1,-1
201343R136083,1,9,0,18,0,0,0,0,0,0,1,1,6,2,8,1997,2,3,9,1
201343R136083,2,9,0,4,0,0,0,0,0,0,2,1,6,2,6,2792,1,10,8,1
201343R136113,1,9,0,9,0,8,0,0,0,0,1,1,6,2,5,1299,1,10,8,1
201343R136113,2,9,0,18,0,8,0,0,0,0,3,1,6,2,7,1951,2,10,4,1
201343R137063,1,9,0,5,0,8,0,0,0,0,1,1,1,1,4,-1,-1,-1,-1,-1
201343R137063,2,1,0,5,0,8,0,0,0,0,2,1,1,1,5,-1,-1,-1,5,1
201343R137083,1,9,0,18,0,0,0,0,0,0,1,1,6,1,7,2688,2,8,3,1
201343R137083,2,9,0,3,0,0,0,0,0,0,2,1,6,2,5,1388,1,8,4,1
201343R137083,3,9,0,3,0,0,0,0,0,0,2,1,6,2,7,1242,1,3,8,1
201343R137083,4,9,0,3,0,0,0,0,0,0,2,1,6,2,4,1242,1,3,5,1
201343R137113,1,19,0,18,0,8,0,0,0,0,0,1,6,1,7,1560,2,5,-1,-1
201343R137113,2,9,0,7,0,8,0,10,0,0,4,1,6,1,10,1560,2,-1,7,1
201343R138013,1,9,0,18,0,0,1,0,0,0,3,1,5,3,-1,-1,-1,-1,-1,-1
201343R138013,2,9,0,18,0,0,0,0,0,0,3,1,5,2,8,-1,-1,-1,5,1
201343R138033,1,9,0,18,0,1,1,0,0,0,1,1,1,1,5,-1,-1,-1,10,1
201343R138033,2,9,0,18,0,1,1,0,1,1,2,1,1,1,8,998,1,17,3,1
201343R138063,1,9,0,18,0,4,0,0,1,2,1,1,1,2,6,1396,1,11,4,1
201343R138103,1,9,0,4,0,0,0,0,0,0,1,1,6,2,6,-1,-1,-1,4,1
201343R138103,2,9,0,3,0,0,0,0,0,0,2,1,6,3,-1,-1,-1,-1,-1,-1
201343R138113,1,9,0,18,0,1,0,0,0,0,1,1,6,2,10,1388,1,10,9,2
201343R138113,2,9,0,10,0,1,0,0,0,0,2,1,6,2,7,1995,2,5,-1,-1
201343R139023,1,9,0,18,0,0,0,0,1,11,4,1,5,2,5,1360,1,14,10,1
201343R139053,1,9,0,16,0,0,0,0,7,10,3,1,6,1,7,1560,2,1,5,1
201343R139053,2,1,0,16,9,0,0,0,0,0,2,1,6,1,4,-1,-1,-1,3,1
201343R139093,1,9,0,17,0,0,0,0,0,0,1,1,6,2,7,1905,2,15,9,2
201343R139093,2,9,0,16,0,0,0,0,0,0,1,1,6,1,8,-1,-1,-1,6,1
201343R140053,1,9,0,18,0,0,0,0,0,0,1,1,6,3,-1,-1,-1,-1,-1,-1
201343R140093,1,9,0,5,0,1,0,0,0,0,2,1,2,1,5,1598,1,6,4,1
201343R140093,2,9,0,3,0,1,0,0,0,0,1,1,6,2,7,1598,1,11,4,1
201343R140123,1,9,0,18,0,0,2,0,0,0,1,1,6,1,4,2792,1,17,2,1
201343R140123,2,19,0,18,0,0,0,0,1,0,1,1,1,1,6,1753,2,7,3,1
201343R141033,1,9,0,18,0,0,0,0,0,0,4,1,6,3,-1,-1,-1,-1,-1,-1
201343R141043,1,9,0,4,0,1,0,0,0,0,1,1,6,2,8,1840,1,14,10,1
201343R141043,2,9,0,5,0,6,0,0,3,10,1,1,6,1,11,-1,-1,-1,10,1
201343R141043,3,9,0,2,5,2,0,0,0,0,1,1,6,1,8,2993,2,5,10,1
201343R141053,1,9,0,3,0,0,0,0,0,0,2,1,2,2,6,1390,1,6,10,1
201343R141053,2,9,0,4,0,0,0,0,0,0,1,1,6,1,7,2179,2,4,7,1
201343R141063,1,9,0,18,0,8,0,0,0,0,3,1,6,2,8,1796,1,13,2,1
201343R141063,2,1,0,18,0,8,0,0,0,0,1,1,6,1,2,-1,-1,-1,2,1
201343R141123,1,9,0,18,0,4,0,0,0,0,1,1,2,2,8,-1,-1,-1,6,1
201343R141123,2,1,0,18,0,8,0,0,0,0,1,1,2,1,8,-1,-1,-1,6,1
201343R142033,1,9,0,9,0,6,0,0,0,0,1,1,2,1,5,1199,1,14,7,1
201343R142033,2,9,0,18,0,1,0,0,0,0,4,1,6,2,9,2148,2,7,7,1
201343R142083,1,9,0,18,0,8,0,0,0,0,3,1,6,2,5,-1,-1,-1,7,1
201343R142083,2,9,0,18,0,8,0,0,0,0,1,1,6,1,5,1910,2,5,3,1
201343R142083,3,9,0,18,0,8,0,0,0,0,1,1,6,1,6,1997,2,10,4,1
201343R142123,1,9,0,9,0,6,0,0,0,0,3,1,6,1,9,1951,2,11,4,1
201343R142123,2,9,0,18,0,1,0,0,0,0,1,1,6,1,7,1124,1,10,7,1
201343R143033,1,9,0,4,0,0,0,0,0,0,1,1,6,2,4,1896,2,9,8,1
201343R143033,2,9,0,3,0,0,0,0,0,0,2,1,6,2,6,1368,1,5,8,1
201343R143043,1,19,0,7,0,5,0,0,0,0,1,1,6,1,-1,2402,2,10,7,1
201343R143043,2,1,0,18,0,1,0,0,0,0,4,1,6,1,4,-1,-1,-1,9,1
201343R143063,1,9,0,6,0,1,0,0,0,0,0,1,6,1,8,2993,2,2,10,1
201343R143083,1,9,0,18,0,1,1,0,0,0,1,1,6,1,7,1598,1,-1,-1,-1
201343R143083,2,9,0,18,0,1,0,0,0,0,2,1,6,2,5,1275,1,19,3,1
201343R143093,1,1,0,18,0,0,0,0,0,0,1,1,6,1,7,-1,-1,-1,7,1
201343R143093,2,20,0,2,0,0,0,0,0,0,1,1,6,3,-1,-1,-1,-1,4,1
201343R144033,1,9,0,9,0,3,0,0,0,0,4,1,2,1,5,1149,1,17,9,3
201343R144083,1,9,0,18,0,2,0,0,0,0,1,1,6,2,7,1339,1,8,4,1
201343R144083,2,8,0,18,0,2,0,0,0,0,2,1,1,1,7,1968,2,5,4,1
201343R144123,1,9,0,17,0,8,0,10,0,0,1,1,6,1,6,1124,1,11,9,1
201343R144123,2,9,0,16,0,8,0,0,0,0,1,1,6,1,9,1999,1,4,10,1
201343R145023,1,9,0,14,0,0,0,4,0,0,4,1,6,1,11,1997,2,3,10,1
201343R145023,2,9,0,2,0,0,0,0,0,0,3,1,5,3,-1,1588,1,10,-1,-1
201343R145023,3,9,0,2,0,0,0,0,0,0,3,1,5,3,-1,1992,2,6,-1,-1
201343R145023,4,9,0,2,0,0,0,0,0,0,4,1,5,3,-1,1905,2,18,-1,-1
201343R145023,5,9,0,2,0,0,0,0,0,0,4,1,5,3,-1,2438,7,14,-1,-1
201343R145033,1,9,0,7,0,1,0,0,0,0,1,1,1,1,6,998,1,-1,4,1
201343R145033,2,9,0,7,0,2,0,0,0,0,2,1,6,2,6,1968,2,3,5,1
201343R145073,1,9,0,9,0,8,0,0,0,0,1,1,6,1,6,1598,1,5,5,1
201343R145073,2,1,0,18,0,8,0,0,0,0,1,1,6,1,9,-1,-1,-1,8,2
201343R145083,1,9,0,9,0,6,0,0,0,0,3,1,6,1,7,1896,2,7,3,1
201343R145083,2,9,0,18,0,1,0,0,0,0,1,1,6,2,6,1598,1,14,7,2
201343R145123,1,9,0,4,0,1,0,0,0,0,1,2,2,1,6,-1,-1,-1,6,1
201343R145123,2,9,0,18,0,1,0,0,0,0,2,1,2,1,6,1994,1,8,8,1
201343R146043,1,21,0,4,0,0,0,0,0,0,1,1,1,1,6,11021,2,9,4,1
201343R146043,2,9,0,4,0,0,0,0,0,0,2,1,6,1,7,1997,2,8,9,2
201343R146043,3,9,0,4,0,0,0,0,0,0,2,1,2,1,6,2199,2,4,6,1
201343R146043,4,9,0,4,0,0,0,0,2,7,2,1,2,1,9,1598,2,2,7,1
201343R146053,1,9,0,18,0,8,0,0,0,0,1,1,6,1,7,2792,1,2,5,1
201343R146053,2,9,0,5,0,8,0,0,3,10,1,1,6,1,10,1998,1,8,5,1
201343R146073,1,9,0,18,0,0,0,0,0,0,1,1,1,2,7,2198,2,4,10,1
201343R146073,2,3,0,18,0,0,0,0,0,0,2,1,1,1,5,124,1,3,3,1
201343R146073,3,9,0,18,0,0,0,0,0,0,2,1,1,1,6,1956,2,-1,10,1
201343R146103,1,9,0,16,0,2,0,0,0,0,4,1,6,2,8,1598,1,4,9,1
201343R147023,1,9,0,5,0,1,0,0,0,0,4,1,2,1,8,1086,1,10,-1,-1
201343R147023,2,1,0,18,0,1,0,0,0,0,3,1,2,1,6,-1,-1,-1,3,1
201343R147123,1,9,0,18,0,0,1,0,7,4,4,1,6,1,4,1598,1,10,9,1
201343R148033,1,9,0,12,0,0,1,0,1,9,4,1,6,1,5,1975,1,7,5,1
201343R148073,1,9,0,18,0,4,0,0,0,0,1,1,6,2,-1,-1,-1,-1,-1,-1
201343R148073,2,1,0,9,0,8,0,0,0,0,4,1,6,1,5,-1,-1,-1,-1,-1
201343R148083,1,9,0,18,0,4,0,0,0,0,0,1,6,3,-1,-1,-1,-1,-1,-1
201343R148083,2,9,0,18,0,3,1,0,0,0,2,1,6,1,5,998,1,5,-1,1
201343R148083,3,9,0,18,0,3,1,0,0,0,1,1,6,1,6,1242,1,9,4,1
201343R149073,1,9,0,9,0,8,0,0,1,7,1,1,6,2,7,1199,1,11,6,1
201343R149113,1,9,0,5,0,2,0,0,0,0,1,1,1,1,7,-1,-1,-1,-1,-1
201343R149123,1,9,0,18,0,0,0,0,0,0,1,1,2,1,5,1124,1,15,5,1
201343R149123,2,9,0,18,0,0,0,0,0,0,2,1,2,1,4,1388,1,7,10,1
201343R150023,1,9,0,11,0,0,1,0,2,7,2,1,6,2,8,1399,1,9,2,1
201343R150023,2,21,1,18,0,0,0,0,0,0,1,1,1,1,6,9200,2,1,4,1
201343R150023,3,21,1,18,0,0,0,0,0,0,1,2,1,1,10,-1,-1,-1,-1,-1
201343R150033,1,9,0,18,0,1,0,0,0,0,1,1,1,1,8,1998,1,10,8,3
201343R150033,2,19,0,3,0,1,0,0,0,0,2,1,1,1,6,1968,2,3,7,1
201343R150033,3,9,0,3,0,1,0,0,0,0,2,1,1,2,6,1956,2,1,9,1
201343R150043,1,9,0,18,0,0,0,0,0,0,1,1,6,1,4,1299,1,9,10,2
201343R150043,2,9,0,18,0,0,0,0,0,0,2,1,6,2,8,1198,1,7,2,1
201343R150043,3,9,0,18,0,0,0,0,0,0,2,1,6,2,7,1560,2,6,3,1
201343R150043,4,9,0,18,0,0,0,0,0,0,2,1,6,1,7,5998,1,5,10,1
201343R150073,1,9,0,18,0,0,0,0,0,0,1,1,6,1,6,1896,2,6,3,1
201343R151013,1,9,0,17,0,0,5,0,1,7,1,1,5,1,5,1149,1,9,7,1
201343R151073,1,9,0,18,0,0,0,0,1,4,4,1,6,2,5,1493,1,17,3,1
201343R152023,1,1,0,18,0,6,0,0,0,0,3,1,2,1,4,-1,-1,-1,8,1
201343R152023,2,9,0,7,0,8,0,0,0,0,4,1,5,2,8,999,1,9,-1,-1
201343R152043,1,9,0,18,0,0,0,0,0,0,1,1,6,2,7,1870,2,8,9,3
201343R152043,2,19,0,3,0,0,0,0,0,0,2,1,1,1,7,2461,2,3,8,1
201343R152053,1,9,0,7,0,6,0,0,0,0,1,1,2,2,6,1794,1,11,10,1
201343R152053,2,1,0,18,0,1,0,0,0,0,1,1,2,1,8,-1,-1,-1,3,1
201343R152063,1,9,0,9,0,8,0,0,0,0,0,1,6,1,5,1595,1,15,9,1
201343R152063,2,9,0,18,0,8,0,10,0,0,4,1,6,1,4,1149,1,9,10,3
201343R152073,1,9,0,18,0,8,0,0,0,0,0,1,6,1,7,1968,2,3,1,1
201343R152073,2,8,0,18,0,8,0,0,0,0,2,1,1,1,7,1997,2,4,2,1
201343R152073,3,9,0,18,0,8,0,0,0,0,1,1,6,1,7,3226,2,13,8,1
201343R152083,1,9,0,18,0,0,0,0,0,0,1,1,6,2,8,1781,1,7,3,1
201343R152083,2,9,0,4,0,0,0,0,0,0,2,1,6,1,6,1598,2,-1,-1,-1
201343R152083,3,9,0,4,0,0,0,0,0,0,2,1,6,1,6,1988,1,13,3,1
201343R152083,4,9,0,4,0,0,0,0,0,0,2,1,6,1,6,1997,2,5,7,1
201343R153023,1,1,0,18,0,1,0,0,0,0,1,1,5,1,4,-1,-1,-1,3,1
201343R153023,2,9,0,18,0,1,0,0,0,0,2,1,5,2,6,1590,1,8,4,1
201343R153033,1,9,0,9,0,8,0,0,0,0,1,1,1,2,8,1870,2,11,5,1
201343R153033,2,8,0,18,0,8,0,0,0,0,1,1,1,1,6,2204,2,8,7,1
201343R153043,1,1,0,18,0,0,0,0,0,0,1,1,4,1,4,-1,-1,-1,10,1
201343R153043,2,9,0,18,0,0,0,0,0,0,2,1,6,2,-1,-1,-1,-1,-1,-1
201343R153053,1,9,0,18,0,1,0,0,0,0,1,1,1,1,6,-1,-1,-1,-1,-1
201343R153053,2,9,0,3,0,1,0,0,0,0,2,1,1,2,5,1200,1,11,-1,-1
201343R153053,3,9,0,10,0,1,0,0,0,0,2,1,1,1,8,1299,1,11,10,2
201343R153073,1,9,0,9,0,8,1,10,1,2,4,1,6,1,4,1149,1,10,6,1
201343R153083,1,9,0,5,0,0,0,0,0,0,4,1,6,1,5,-1,-1,-1,-1,-1
201343R153113,1,9,0,18,0,8,0,10,0,0,1,1,2,1,5,1595,1,4,8,1
201343R153113,2,9,0,18,0,8,0,0,0,0,4,1,3,2,7,1560,2,-1,5,1
201343R154033,1,9,0,18,0,0,1,0,1,7,1,1,6,1,7,1490,1,5,6,1
201343R154043,1,9,0,9,0,2,0,0,0,0,1,1,6,3,-1,-1,-1,-1,-1,-1
201343R154043,2,1,0,18,0,2,0,0,0,0,1,1,6,2,7,-1,-1,-1,6,1
201343R154063,1,9,0,18,0,8,0,0,0,0,4,1,6,1,6,1598,1,8,2,1
201343R154063,2,9,0,18,0,8,0,0,0,0,1,1,6,1,6,1392,1,18,4,1
201343R154113,1,2,0,18,0,1,1,0,0,0,0,1,6,1,8,85,1,24,9,1
201343R155013,1,9,0,18,0,2,1,0,1,10,4,1,5,2,4,1242,1,7,8,3
201343R155023,1,19,0,18,0,0,0,0,0,0,1,1,1,1,5,1461,2,1,8,1
201343R155023,2,9,0,18,0,0,0,0,0,0,2,1,1,1,9,1686,2,12,3,1
201343R155053,1,9,0,18,0,0,0,0,0,0,3,1,6,1,6,-1,-1,-1,-1,-1
201343R155053,2,9,0,18,0,0,0,0,0,0,3,1,2,2,4,1390,1,13,7,2
201343R155063,1,9,0,18,0,0,0,0,0,0,1,1,6,1,6,1895,1,12,5,1
201343R155093,1,9,0,11,0,0,0,0,0,0,4,1,6,1,8,-1,-1,-1,-1,-1
201343R155093,2,9,0,18,0,0,0,0,0,0,3,1,6,2,10,1781,1,20,10,1
201343R155123,1,9,0,9,0,8,0,0,0,0,1,1,2,2,6,1490,1,4,10,1
201343R155123,2,5,0,17,0,8,0,0,0,0,1,1,2,1,7,1170,1,7,5,1
201343R156023,1,9,0,18,0,0,0,0,0,0,4,1,6,2,6,1781,1,14,-1,-1
201343R156023,2,1,0,18,4,0,0,0,0,0,2,1,6,2,8,-1,-1,-1,10,1
201343R156063,1,9,0,18,0,2,0,0,0,0,1,1,6,2,7,1242,1,9,10,1
201343R156063,2,1,0,18,0,2,0,0,1,9,2,1,6,1,8,-1,-1,-1,10,1
201343R156113,1,2,0,4,0,1,1,0,0,0,4,1,6,2,6,124,1,25,10,1
201343R156123,1,9,0,18,0,4,0,0,0,0,1,1,6,2,6,1149,1,15,5,1
201343R156123,2,9,0,6,0,8,0,0,0,0,1,1,6,1,6,1997,2,7,3,1
201343R157053,1,9,0,18,0,0,0,0,0,0,1,1,6,1,7,1390,1,12,3,1
201343R157053,2,9,0,3,0,0,0,0,0,0,2,1,1,2,6,1686,2,6,2,1
201343R157073,1,9,0,18,0,0,1,0,0,0,1,1,6,1,7,1596,1,9,1,1