Accident_Index,Vehicle_Reference,Vehicle_Type,Towing_and_Articulation,Vehicle_Manoeuvre,Vehicle_Location-Restricted_Lane,Junction_Location,Skidding_and_Overturning,Hit_Object_in_Carriageway,Vehicle_Leaving_Carriageway,Hit_Object_off_Carriageway,1st_Point_of_Impact,Was_Vehicle_Left_Hand_Drive?,Journey_Purpose_of_Driver,Sex_of_Driver,Age_Band_of_Driver,Engine_Capacity_(CC),Propulsion_Code,Age_of_Vehicle,Driver_IMD_Decile,Driver_Home_Area_Type
201343R196103,1,9,0,18,0,8,1,0,0,0,1,1,2,1,8,1597,1,13,5,1
201343R197043,1,9,0,12,0,0,0,0,0,0,0,1,6,3,-1,-1,-1,-1,-1,-1
201343R197043,2,9,0,18,0,0,0,0,0,0,1,1,6,2,6,1299,1,9,4,1
201343R197043,3,9,0,18,0,0,0,0,0,0,2,1,6,1,5,1390,1,12,3,1
201343R197093,1,9,0,5,0,1,0,0,0,0,1,1,6,1,8,1596,1,8,6,1
201343R197093,2,9,0,3,0,1,0,0,0,0,2,1,6,1,9,1560,2,5,7,1
201343R198033,1,9,0,18,0,4,0,0,0,0,1,1,2,1,10,1398,1,2,8,1
201343R198033,2,3,0,18,0,8,0,0,0,0,4,1,6,1,4,125,1,1,10,1
201343R198043,1,9,0,5,0,6,0,0,0,0,1,1,6,2,4,1199,1,12,5,1
201343R198043,2,9,0,5,0,6,0,0,0,0,2,1,6,1,9,1398,1,9,4,1
201343R198053,1,9,0,7,0,6,0,0,0,0,1,1,6,2,7,1998,1,8,10,1
201343R198053,2,9,0,18,0,1,0,0,0,0,4,1,6,1,4,1149,1,13,6,1
201343R198073,1,19,0,4,0,0,0,0,0,0,1,1,1,1,6,2198,2,1,-1,-1
201343R198073,2,9,0,4,0,0,0,0,0,0,1,1,2,1,10,-1,-1,-1,9,1
201343R198073,3,9,0,3,0,0,0,0,0,0,2,1,2,2,8,1498,1,4,-1,-1
201343R198083,1,8,0,5,0,4,0,0,0,0,1,1,1,1,8,1896,2,4,6,1
201343R198083,2,4,0,9,0,3,0,0,0,0,4,1,6,1,5,487,1,14,7,1
201343R199043,1,9,0,12,0,3,0,0,0,0,0,1,6,3,-1,-1,-1,-1,-1,-1
201343R199043,2,9,0,18,0,3,0,0,0,0,2,1,6,1,8,1242,1,6,-1,-1
201343R199043,3,9,0,18,0,3,0,0,1,0,1,1,6,2,5,1149,1,3,10,1
201343R199103,1,9,0,18,0,0,0,0,1,9,1,1,6,2,9,1794,1,5,10,2
201343R199103,2,9,0,18,0,0,0,0,4,0,2,1,2,1,6,1998,2,6,7,1
201343R200043,1,9,0,9,0,8,0,0,0,0,4,1,6,1,11,1390,1,4,2,1
201343R200043,2,9,0,18,0,8,0,0,0,0,1,1,6,1,5,1149,1,10,4,1
201343R200123,1,9,0,18,0,1,0,0,0,0,1,1,6,2,-1,1390,1,7,-1,1
201343R200123,2,3,0,3,0,1,0,0,0,0,2,1,6,2,5,695,1,6,9,1
201343R201013,1,19,0,18,0,3,0,10,1,0,1,1,1,1,7,2143,2,2,7,1
201343R201063,1,10,0,4,0,0,0,0,0,0,1,1,3,3,-1,-1,-1,-1,-1,-1
201343R201063,2,9,0,4,0,0,0,0,0,0,2,1,6,3,-1,-1,-1,-1,-1,-1
201343R201063,3,9,0,18,0,0,0,0,0,0,2,1,6,3,-1,-1,-1,-1,-1,-1
201343R201063,4,9,0,18,0,0,0,0,0,0,2,1,6,3,-1,-1,-1,-1,-1,-1
201343R201073,1,9,0,18,0,3,0,0,0,0,1,1,2,2,6,1798,1,5,8,3
201343R201073,2,9,0,18,0,4,1,0,0,0,1,1,2,1,8,-1,-1,-1,7,1
201343R201093,1,8,0,12,0,3,0,0,0,0,3,1,1,1,8,1598,1,9,3,1
201343R201093,2,9,0,18,0,3,1,0,7,1,4,1,6,1,8,1968,2,5,8,3
201343R202043,1,9,0,4,0,0,0,0,0,0,1,1,6,2,6,1587,1,7,9,2
201343R202043,2,5,0,4,0,0,0,0,0,0,2,1,2,1,8,599,1,2,5,1
201343R202043,3,8,0,4,0,0,0,0,0,0,2,1,2,1,6,2149,2,6,6,1
201343R203033,1,9,0,18,0,0,0,0,0,0,1,1,6,3,-1,-1,-1,-1,-1,-1
201343R203103,1,9,0,5,0,1,0,0,0,0,1,1,6,1,8,1398,1,1,2,1
201343R203103,2,9,0,4,0,1,0,0,0,0,2,1,6,2,8,1796,1,13,5,1
201343R203123,1,9,0,4,0,0,0,0,0,0,1,1,6,2,8,1242,1,9,7,1
201343R203123,2,9,0,3,0,0,0,0,0,0,2,1,6,2,6,1753,2,13,6,1
201343R204043,1,9,0,1,0,4,0,0,0,0,2,1,6,1,9,1850,1,13,2,1
201343R204043,2,9,0,3,0,4,0,0,0,0,1,1,6,1,6,1798,1,12,3,1
201343R204123,1,3,0,18,0,0,0,0,0,0,1,1,6,1,4,645,1,8,10,1
201343R205013,1,9,0,7,0,1,0,0,1,0,3,1,5,2,4,1396,1,15,8,2
201343R205013,2,9,0,18,0,1,0,0,4,6,4,1,5,1,6,1984,1,1,9,1
201343R205033,1,9,0,9,0,8,0,0,0,0,4,1,3,2,6,1364,1,9,8,1
201343R205033,2,1,0,18,4,8,0,0,0,0,1,1,1,1,7,-1,-1,-1,4,1
201343R205043,1,5,0,13,0,0,1,10,7,2,1,1,6,1,7,-1,-1,-1,4,1
201343R205043,2,1,0,18,5,0,0,0,0,0,0,1,6,2,8,-1,-1,-1,-1,-1
201343R205103,1,9,0,18,0,0,1,0,1,4,1,1,2,2,5,1242,1,3,9,1
201343R206063,1,8,0,4,0,0,0,0,0,0,1,1,1,1,6,1560,2,5,5,1
201343R206063,2,9,0,3,0,0,0,0,0,0,2,1,3,2,7,998,1,7,-1,-1
201343R206063,3,9,0,3,0,0,0,0,0,0,2,1,3,2,6,1360,1,6,-1,-1
201343R206083,1,9,0,9,0,6,0,0,0,0,1,1,6,1,6,1956,2,4,4,1
201343R206083,2,5,0,18,0,8,0,0,0,0,3,1,6,1,8,1450,1,10,-1,-1
201343R206093,1,9,0,3,0,4,0,0,0,0,1,1,6,1,9,1968,2,6,10,1
201343R206093,2,9,0,3,0,4,0,0,0,0,2,1,6,1,5,1248,2,-1,4,1
201343R206103,1,9,0,16,0,3,0,0,1,4,3,1,6,2,10,1229,1,6,10,1
201343R206103,2,9,0,16,0,3,0,0,0,0,4,1,6,2,7,-1,-1,-1,7,1
201343R206113,1,9,0,7,0,8,0,0,0,0,1,1,6,1,6,-1,-1,-1,3,1
201343R206113,2,1,0,18,0,8,0,0,0,0,4,1,1,1,8,-1,-1,-1,3,1
201343R207043,1,9,0,5,0,4,0,0,0,0,1,1,1,1,7,1998,2,8,-1,-1
201343R207043,2,1,0,18,0,8,0,0,0,0,1,1,2,1,4,-1,-1,-1,-1,-1
201343R207063,1,9,0,9,0,8,0,0,0,10,1,1,6,2,5,1360,1,11,4,1
201343R207063,2,9,0,18,0,8,0,0,0,0,4,1,1,1,7,2148,2,5,4,1
201343R207103,1,9,0,7,0,6,0,0,0,0,1,1,6,3,-1,-1,-1,-1,-1,-1
201343R208043,1,5,0,16,0,0,0,0,7,9,1,1,2,1,5,-1,-1,-1,10,1
201343R209013,1,9,0,18,0,0,0,0,0,0,1,1,6,1,-1,-1,-1,-1,-1,-1
201343R209053,1,9,0,16,0,0,0,0,0,0,1,1,6,2,6,998,1,-1,10,1
201343R209073,1,1,0,18,0,0,0,0,0,0,2,1,2,1,6,-1,-1,-1,5,1
201343R209073,2,9,0,18,0,0,0,0,0,0,1,1,6,1,7,1596,1,12,5,1
201343R210013,1,9,0,5,0,0,1,0,0,0,1,1,1,1,6,2946,1,15,2,1
201343R210013,2,9,0,2,0,0,0,0,0,0,1,1,6,3,-1,1248,2,7,-1,-1
201343R210013,3,9,0,2,0,0,0,0,0,0,4,1,6,3,-1,1493,1,19,-1,-1
201343R210013,4,9,0,2,0,0,0,0,0,0,4,1,6,3,-1,1339,1,11,-1,-1
201343R210053,1,9,0,18,0,4,1,10,1,2,4,1,6,1,4,-1,-1,-1,6,1
201343R210123,1,9,0,7,0,6,0,0,0,0,3,1,2,2,4,1598,1,10,9,2
201343R210123,2,9,0,17,0,1,0,0,0,0,1,1,2,2,5,1242,1,1,5,1
201343R211063,1,9,0,4,0,0,0,0,0,0,1,1,6,1,8,1199,1,9,8,1
201343R211063,2,9,0,4,0,0,0,0,0,0,2,1,6,1,7,2979,1,2,5,1
201343R211063,3,9,0,4,0,0,0,0,0,0,2,1,6,2,8,1598,1,2,4,1
201343R211073,1,9,0,18,0,0,0,0,2,7,4,1,6,1,8,1596,1,10,8,1
201343R211083,1,9,0,4,0,0,0,0,0,0,1,1,1,1,7,1995,2,2,4,1
201343R211083,2,9,0,4,0,0,0,0,0,0,2,1,6,2,10,1149,1,11,10,1
201343R211083,3,9,0,18,0,0,0,0,0,0,3,1,6,1,6,1242,1,8,4,1
201343R211093,1,9,0,1,0,1,0,0,0,0,0,1,6,1,9,-1,-1,-1,-1,-1
201343R211093,2,1,0,18,0,1,0,0,0,0,0,1,6,1,8,-1,-1,-1,10,1
201343R211113,1,9,0,18,0,1,0,0,0,0,3,1,6,2,7,1998,1,11,9,2
201343R211113,2,9,0,9,0,1,0,0,0,0,4,1,1,1,8,1753,2,9,5,1
201343R212043,1,9,0,17,0,0,5,0,1,4,1,1,6,2,9,1997,2,10,10,1
201343R212053,1,9,0,18,0,0,0,0,0,0,1,1,6,1,8,2401,2,6,6,1
201343R212053,2,9,0,4,0,0,0,0,0,0,2,1,6,1,8,1870,2,6,-1,3
201343R212073,1,9,0,4,0,0,0,0,0,0,1,1,6,1,5,1798,1,5,-1,-1
201343R212073,2,9,0,3,0,0,0,0,0,0,2,1,6,1,8,1995,2,9,4,1
201343R212073,3,9,0,3,0,0,0,0,0,0,2,1,6,1,7,3000,2,3,9,3
201343R212073,4,9,0,3,0,0,0,0,0,0,2,1,6,1,6,1995,1,4,10,1
201343R212083,1,9,0,18,0,0,1,0,5,6,1,1,6,1,7,1896,2,5,4,1
201343R212083,2,9,0,18,0,0,0,0,0,0,1,1,6,1,7,2198,1,6,10,1
201343R212103,1,9,0,4,0,0,0,0,0,0,1,1,6,2,9,1242,1,1,10,1
201343R212103,2,9,0,4,0,0,0,0,0,0,2,1,2,1,8,3956,1,9,4,1
201343R212103,3,9,0,4,0,0,0,0,0,0,2,1,2,1,5,1124,1,16,6,1
201343R213013,1,9,0,18,0,4,0,0,0,0,1,1,6,1,4,1390,1,12,9,1
201343R213013,2,1,0,18,0,8,0,0,0,0,2,1,6,1,8,-1,-1,-1,10,1
201343R213033,1,9,0,16,0,1,0,0,0,0,4,1,6,1,6,1596,1,7,10,1
201343R213043,1,9,0,4,0,0,0,0,0,0,1,1,2,2,6,1560,2,2,10,1
201343R213043,2,9,0,4,0,0,0,0,0,0,2,1,6,1,7,1799,1,5,6,1
201343R213043,3,9,0,4,0,0,0,0,0,0,2,1,2,1,8,1910,2,5,2,1
201343R213053,1,9,0,13,0,0,0,0,0,0,1,1,2,2,5,1149,1,14,10,1
201343R213053,2,9,0,18,0,0,0,0,1,0,3,1,6,2,6,1689,2,10,6,1
201343R213053,3,9,0,18,0,0,0,0,0,0,3,1,6,3,-1,-1,-1,-1,-1,-1
201343R213073,1,9,0,5,0,1,0,0,0,0,1,1,6,3,-1,-1,-1,-1,-1,-1
201343R213073,2,1,0,18,0,6,0,0,0,0,4,1,4,1,3,-1,-1,-1,2,1
201343R213093,1,9,0,18,0,4,0,0,0,0,1,1,6,2,8,1124,1,4,7,2
201343R213093,2,9,0,6,0,8,0,0,0,0,1,1,6,1,5,2204,2,6,5,1
201343R214043,1,20,4,5,0,8,0,0,0,0,1,1,1,1,8,12580,2,9,5,1
201343R214073,1,9,0,18,0,6,0,0,0,0,1,1,6,1,6,-1,-1,-1,10,1
201343R214073,2,9,0,18,0,1,5,10,0,0,3,1,6,2,8,1596,1,9,5,1
201343R214103,1,9,0,13,0,0,0,0,0,0,1,1,6,1,7,1995,2,-1,4,1
201343R214103,2,9,0,18,0,0,0,0,0,0,1,1,6,1,6,1968,2,10,7,1
201343R214103,3,9,0,18,0,0,0,0,0,0,3,1,6,1,6,1229,1,8,2,1
201343R214113,1,9,0,18,0,1,0,0,3,2,3,1,6,1,8,2926,2,10,9,1
201343R214113,2,9,0,18,0,1,0,0,0,0,3,1,6,2,5,1390,1,2,7,1
201343R215053,1,9,0,11,0,8,0,0,0,0,1,1,1,2,7,1895,1,13,3,1
201343R215053,2,9,0,18,0,8,0,0,0,0,2,1,6,2,7,1199,1,13,4,1
201343R215063,1,3,0,18,0,0,0,0,0,0,1,1,6,1,4,-1,-1,-1,10,1
201343R215063,2,9,0,18,0,0,0,0,0,0,2,1,6,1,7,1598,2,-1,10,1
201343R215073,1,19,0,1,0,0,0,0,0,0,2,1,1,1,9,-1,-1,-1,-1,-1
201343R215083,1,9,0,9,0,8,0,0,0,0,0,1,6,2,10,1999,1,6,6,2
201343R215083,2,1,0,18,0,8,0,0,0,0,0,1,6,1,8,-1,-1,-1,10,3
201343R215103,1,9,0,18,0,0,0,4,1,11,1,1,6,1,5,1596,1,22,8,1
201343R215103,2,9,0,2,0,0,0,0,0,0,3,1,6,3,-1,999,1,14,-1,-1
201343R215113,1,9,0,3,0,0,0,0,0,0,4,1,3,2,6,1461,2,4,8,1
201343R215113,2,1,0,18,0,0,0,0,0,0,3,1,1,2,8,-1,-1,-1,8,1
201343R215123,1,9,0,9,0,8,0,0,0,0,4,1,6,2,4,1796,1,3,10,1
201343R215123,2,9,0,18,0,8,0,0,0,0,1,1,2,1,7,1200,1,10,5,1
201343R216013,1,11,0,18,0,0,0,10,7,4,1,1,1,1,8,6370,2,10,4,1
201343R216013,2,9,0,2,9,0,0,0,0,0,3,1,5,3,-1,1422,2,8,-1,-1
201343R216033,1,9,0,18,0,1,0,10,0,0,1,1,6,2,7,1910,2,5,3,1
201343R216053,1,9,0,1,0,0,0,10,1,11,2,1,6,2,6,1360,1,10,6,1
201343R216063,1,9,0,5,0,6,0,0,0,0,1,1,2,1,6,2987,2,2,9,1
201343R216063,2,1,0,3,5,8,0,0,0,0,3,1,6,1,7,-1,-1,-1,8,1
201343R216093,1,9,0,18,0,0,0,0,0,0,4,1,6,2,9,1199,1,11,9,1
201343R216093,2,1,0,15,0,0,0,0,0,0,3,1,2,2,7,-1,-1,-1,6,1
201343R216123,1,9,0,18,0,0,0,4,0,0,1,1,2,1,6,1968,2,8,3,1
201343R216123,2,9,0,2,0,0,0,0,0,0,4,1,6,2,6,998,1,5,5,1
201343R217013,1,10,0,18,0,0,0,0,0,0,0,1,1,1,8,-1,-1,-1,5,1
201343R217033,1,9,0,18,0,1,0,0,0,0,1,1,6,1,5,1388,1,11,9,3
201343R217033,2,9,0,18,0,1,0,0,0,0,1,1,6,1,6,1390,1,3,8,1
201343R217053,1,9,0,17,0,0,1,0,7,4,4,1,6,1,6,1997,2,10,4,1
201343R218073,1,9,0,9,0,8,0,0,0,0,1,1,6,2,5,-1,-1,-1,4,1
201343R218073,2,9,0,18,0,1,0,0,0,0,1,1,6,1,5,1596,1,10,4,1
201343R218083,1,9,0,9,0,8,0,0,0,0,4,1,1,2,6,1248,2,1,3,1
201343R218083,2,9,0,18,0,8,0,0,0,0,1,1,1,1,7,1994,1,15,3,1
201343R218103,1,9,0,5,0,4,0,0,0,0,1,1,6,1,7,1389,1,10,5,1
201343R218103,2,9,0,3,0,4,0,0,0,0,2,1,6,1,6,998,1,13,2,1
201343R218113,1,9,0,18,0,0,0,0,0,0,2,1,2,2,5,1242,1,6,6,1
201343R218113,2,19,0,18,0,0,0,0,0,0,1,1,6,3,-1,-1,-1,-1,-1,-1
201343R219053,1,9,0,5,0,6,0,0,0,0,1,1,6,1,8,1596,1,7,6,1
201343R219053,2,9,0,18,0,1,0,0,0,0,4,1,6,1,7,1598,2,-1,6,1
201343R219063,1,9,0,9,0,6,0,0,0,0,4,1,6,2,7,1149,1,13,8,1
201343R219063,2,9,0,18,0,8,0,0,0,0,1,1,6,1,7,1242,1,6,8,1
201343R219073,1,11,0,7,0,6,0,0,0,0,1,1,1,1,7,-1,2,12,4,1
201343R219073,2,9,0,18,0,1,0,0,0,0,2,1,6,1,6,1400,1,13,4,1
201343R219073,3,9,0,18,0,1,0,0,0,0,2,1,6,1,-1,-1,-1,-1,-1,-1
201343R219093,1,9,0,13,0,1,0,0,0,0,4,1,6,3,-1,-1,-1,-1,-1,-1
201343R219093,2,1,0,18,0,1,0,0,0,0,3,1,6,1,9,-1,-1,-1,7,1
201343R219113,1,9,0,5,0,8,0,0,1,1,4,1,6,2,8,1598,1,7,-1,-1
201343R219113,2,9,0,5,0,8,0,0,0,0,1,1,2,1,6,-1,-1,-1,-1,-1
201343R220053,1,9,0,9,0,6,0,0,0,0,1,1,6,1,8,2800,1,15,2,1
201343R220053,2,9,0,18,0,1,1,0,0,0,3,1,6,1,6,-1,-1,-1,3,1
201343R220063,1,9,0,5,0,1,0,0,0,0,1,1,6,1,-1,-1,-1,-1,-1,-1
201343R220063,2,9,0,14,0,2,0,0,0,0,1,1,6,1,7,1390,1,18,7,1
201343R220123,1,9,0,18,0,1,0,0,0,0,1,1,1,1,5,1398,1,2,5,1
201343R220123,2,1,0,18,0,1,0,0,0,0,4,1,6,2,8,-1,-1,-1,4,1
201343R221053,1,9,0,18,0,0,1,0,1,4,1,1,6,1,5,-1,-1,-1,5,1
201343R221053,2,9,0,18,0,0,0,0,0,0,3,1,6,2,4,1242,1,12,4,1
201343R221063,1,9,0,7,0,4,0,2,0,0,4,1,6,1,6,1598,1,6,5,1
201343R221063,2,8,0,9,0,3,0,2,0,0,1,1,1,1,7,1984,2,4,5,1
201343R222093,1,9,0,18,0,0,0,0,0,0,1,1,6,1,-1,1995,2,10,10,1
201343R222093,2,19,0,4,0,0,0,0,0,0,2,1,1,1,5,1560,2,4,7,1
201343R222103,1,9,0,18,0,1,0,0,1,1,1,1,6,1,7,2997,1,12,2,1
201343R222103,2,9,0,11,0,1,0,0,0,0,0,1,6,3,-1,-1,-1,-1,-1,-1
201343R222123,1,9,0,18,0,8,0,0,0,0,1,1,6,2,8,1339,8,4,2,1
201343R222123,2,9,0,5,0,6,0,0,0,0,1,1,6,1,8,1598,1,15,3,1
201343R223013,1,9,0,9,0,1,0,0,0,0,1,1,5,1,9,1951,2,12,5,1
201343R223013,2,9,0,18,0,1,0,0,0,0,1,1,2,1,7,1242,1,13,5,1
201343R223053,1,9,0,17,0,0,5,10,2,10,3,1,6,1,4,1596,1,7,-1,-1
201343R223073,1,9,0,13,0,0,0,0,0,0,1,1,6,1,6,3199,1,8,10,1
201343R223073,2,9,0,18,0,0,0,0,0,0,1,1,6,1,10,2494,1,15,9,1
201343R223093,1,2,0,18,0,1,0,0,0,0,1,1,6,1,4,100,1,12,9,1
201343R223093,2,9,0,9,0,8,0,0,0,0,4,1,3,2,6,1796,1,6,5,1
201343R223113,1,8,0,9,0,6,0,0,0,0,3,1,1,1,10,-1,-1,-1,5,1
201343R223113,2,9,0,18,0,8,0,0,0,0,1,1,2,2,8,1198,1,2,8,1
201343R224013,1,9,0,18,0,1,0,0,0,0,2,1,5,1,6,1896,2,10,5,1
201343R224053,1,9,0,18,0,8,0,0,0,0,1,1,2,1,4,1796,1,7,4,1
201343R224053,2,9,0,9,0,8,0,0,0,0,4,1,2,2,6,2993,2,7,8,1
201343R224063,1,9,0,4,0,0,0,0,0,0,1,1,6,1,7,1985,1,11,7,3
201343R224063,2,9,0,4,0,0,0,0,0,0,2,1,6,1,8,1396,1,2,5,1
201343R224063,3,9,0,4,0,0,0,0,0,0,2,1,6,2,5,1299,1,7,10,1
201343R224073,1,9,0,18,0,0,0,0,0,0,3,1,6,1,6,-1,-1,-1,8,1
201343R224073,2,9,0,18,0,0,0,0,0,6,4,1,6,2,8,-1,-1,-1,4,1
201343R224093,1,9,0,4,0,1,0,0,0,0,1,1,6,1,4,1229,1,1,6,1
201343R224093,2,8,0,7,0,1,0,0,0,0,2,1,1,1,8,2231,2,7,2,1
201343R224103,1,9,0,16,0,0,1,0,7,9,3,1,6,1,7,3200,1,12,10,1
201343R224103,2,9,0,18,0,0,0,0,1,9,3,1,6,2,8,1390,1,9,7,3
201343R225033,1,19,0,18,0,0,1,0,0,0,1,1,1,1,7,2198,2,3,-1,-1
201343R225033,2,21,0,18,0,0,0,0,0,0,1,1,1,1,7,6370,2,6,6,2
201343R225033,3,19,0,18,0,0,0,0,0,0,1,1,1,1,9,1896,2,3,-1,-1
201343R225033,4,8,0,18,0,0,0,0,0,0,2,1,1,1,7,2148,2,5,3,1
201343R225033,5,19,0,4,0,0,0,0,0,0,1,1,1,1,8,1560,2,1,10,1
201343R225033,6,19,0,4,0,0,0,0,0,0,2,1,1,1,-1,1461,2,3,-1,-1
201343R225073,1,21,1,18,0,0,1,0,0,0,1,1,1,1,9,-1,-1,-1,-1,-1
201343R225073,2,9,0,18,0,0,0,0,0,0,2,1,2,1,10,1999,1,6,4,1
201343R225073,3,9,0,18,0,0,5,0,1,0,3,1,2,2,8,1229,1,7,-1,-1
201343R225073,4,9,0,18,0,0,0,0,0,0,4,1,2,1,6,1998,2,12,9,3
201343R225073,5,9,0,18,0,0,1,0,0,0,2,1,2,1,6,1997,2,1,-1,-1
201343R225083,1,9,0,7,0,6,0,0,0,0,3,1,6,1,8,2793,1,13,6,1
201343R225083,2,22,0,18,0,1,0,0,0,0,1,1,6,1,11,-1,-1,-1,7,1
201343R225113,1,9,0,18,0,4,0,0,0,0,1,1,2,1,7,1390,1,5,8,3
201343R225113,2,9,0,7,0,1,0,0,0,0,2,1,6,2,7,-1,-1,-1,10,1
201343R226013,1,9,0,9,0,1,0,0,1,1,1,1,5,1,10,1587,1,9,9,1
201343R226013,2,9,0,18,0,1,0,0,0,0,3,1,5,2,5,1560,2,-1,4,1
201343R226033,1,9,0,18,0,0,0,0,0,0,1,1,6,1,6,-1,-1,-1,1,1
201343R226033,2,9,0,2,0,0,0,0,0,0,3,1,6,3,-1,-1,-1,-1,-1,-1
201343R226033,3,9,0,2,0,0,0,0,0,0,3,1,6,3,-1,-1,-1,-1,-1,-1
201343R226053,1,9,0,4,0,0,0,0,0,0,1,1,6,2,7,1149,1,10,8,1
201343R226053,2,9,0,4,0,0,0,0,0,0,1,1,6,2,7,1968,2,6,5,1
201343R226053,3,9,0,4,0,0,0,0,0,0,2,1,6,1,4,1198,1,4,3,1
201343R226053,4,9,0,4,0,0,0,0,0,0,2,1,6,2,6,1598,1,4,10,1
201343R226063,1,9,0,9,0,6,0,0,0,0,3,1,6,2,5,1242,1,2,5,1
201343R226063,2,9,0,18,0,8,0,0,0,0,1,1,6,2,4,1124,1,11,10,1
201343R226073,1,9,0,16,0,1,0,0,7,11,1,1,6,1,5,1968,2,9,3,1
201343R226103,1,19,0,18,0,0,0,0,0,0,1,1,1,1,8,2143,2,3,7,3
201343R226103,2,9,0,18,0,0,0,0,0,0,2,1,2,2,7,1968,2,8,3,1
201343R226113,1,9,0,18,0,4,0,0,0,0,3,1,2,1,7,1895,1,12,3,1
201343R226113,2,1,0,18,0,8,0,0,0,0,4,1,2,1,8,-1,-1,-1,3,1
201343R226123,1,9,0,18,0,0,0,11,1,0,1,1,1,2,10,1984,1,13,10,1
201343R227063,1,4,0,16,0,1,0,0,0,0,1,1,6,1,6,124,1,6,9,3
201343R227063,2,9,0,17,0,2,0,0,0,0,3,1,6,2,10,999,1,5,9,1
201343R227093,1,9,0,18,0,0,1,0,7,2,3,1,6,1,4,1998,1,8,10,1
201343R227113,1,9,0,9,0,6,0,0,0,0,3,1,2,1,8,1560,2,2,-1,-1
201343R227113,2,9,0,18,0,8,0,0,0,0,1,1,6,1,6,1596,1,22,5,1
201343R228033,1,9,0,18,0,0,0,0,0,0,2,1,2,1,7,1997,1,23,3,1
201343R228033,2,9,0,13,0,0,0,0,4,0,1,1,6,1,4,1199,1,11,7,1
201343R228053,1,9,0,9,0,1,0,0,0,0,1,1,2,2,5,1600,1,2,1,1
201343R228053,2,9,0,8,0,1,0,0,0,0,1,1,1,1,5,1493,1,17,4,1
201343R228053,3,1,0,18,0,1,0,0,0,0,3,1,2,1,6,-1,-1,-1,-1,-1
201343R228063,1,9,0,7,0,8,0,0,0,0,1,1,1,1,7,5998,1,5,10,1
201343R228063,2,1,0,18,5,8,0,0,0,0,3,1,2,2,6,-1,-1,-1,3,1
201343R228123,1,9,0,18,0,2,0,0,0,0,1,1,6,3,8,-1,-1,-1,-1,-1
201343R228123,2,22,0,18,0,2,0,0,0,0,4,1,6,1,9,-1,-1,-1,4,1
201343R229013,1,9,0,11,0,0,0,0,0,0,1,1,6,2,5,1149,1,11,-1,1
201343R229013,2,9,0,4,0,0,0,0,0,0,2,1,6,2,7,1299,1,13,10,1
201343R229013,3,9,0,4,0,0,0,0,0,0,2,1,6,2,9,973,1,13,2,1
201343R229013,4,9,0,4,0,0,0,0,0,0,1,1,2,1,8,2000,2,2,7,3
201343R229033,1,9,0,3,0,2,0,0,0,0,2,1,1,1,6,998,1,-1,-1,-1
201343R229033,2,8,0,18,0,2,1,0,0,0,1,1,2,1,7,1998,2,1,4,1
201343R229073,1,9,0,9,0,6,0,0,0,0,1,1,6,2,9,1498,1,8,6,1
201343R229073,2,1,0,18,0,1,0,0,0,0,1,1,6,1,5,-1,-1,-1,7,1
201343R229083,1,9,0,18,0,0,0,0,0,0,1,2,6,1,10,-1,-1,-1,-1,-1
201343R229083,2,9,0,18,0,0,0,0,0,0,2,1,6,2,8,2967,2,7,10,1
201343R229093,1,9,0,12,0,0,0,0,0,0,3,1,6,1,8,-1,-1,-1,7,1
201343R229093,2,9,0,18,0,0,0,0,0,0,4,1,6,2,4,1390,1,11,7,1
201343R229113,1,17,0,7,0,8,0,0,0,0,4,1,1,1,7,4400,2,4,8,3
201343R229123,1,9,0,18,0,0,2,0,2,7,4,1,6,1,6,1150,1,6,8,1
201343R230083,1,9,0,18,0,3,0,7,4,2,1,1,6,2,9,1896,2,13,3,1
201343R230093,1,9,0,18,0,1,0,0,0,0,1,1,6,2,-1,-1,-1,-1,-1,-1
201343R230093,2,9,0,10,0,1,0,0,0,0,2,1,6,2,6,2000,1,13,10,1
201343R230113,1,9,0,9,0,6,0,0,0,0,3,1,6,1,11,2435,1,16,9,3
201343R230113,2,9,0,17,0,8,0,0,0,0,1,1,6,1,11,1588,1,10,9,1
201343R231033,1,9,0,18,0,2,1,0,0,0,1,1,1,1,6,1242,1,3,10,1
201343R231033,2,9,0,18,0,2,0,0,0,0,2,1,6,2,5,1360,1,10,10,1
201343R231033,3,9,0,18,0,2,0,0,0,0,2,1,6,1,7,2793,1,14,-1,-1
201343R231033,4,19,0,18,0,1,0,0,0,0,4,1,6,1,7,1968,2,1,6,1
201343R231053,1,9,0,18,0,8,0,0,0,0,1,1,2,2,6,1797,8,3,8,1
201343R231053,2,1,0,18,0,8,0,0,0,0,3,1,6,2,6,-1,-1,-1,-1,-1
201343R231103,1,9,0,17,0,0,1,0,7,3,4,1,1,1,7,1995,2,12,10,1
201343R232053,1,19,0,18,0,4,0,0,0,0,1,1,1,1,5,2402,2,9,10,1
201343R232053,2,9,0,3,0,4,0,0,0,0,2,1,6,1,7,2268,2,-1,7,1
201343R232063,1,9,0,11,0,8,0,0,0,0,4,1,1,1,6,1390,1,-1,6,1
201343R232063,2,3,0,18,0,8,0,0,0,0,1,1,6,2,7,-1,-1,-1,8,1