Accident_Index,Vehicle_Reference,Vehicle_Type,Towing_and_Articulation,Vehicle_Manoeuvre,Vehicle_Location-Restricted_Lane,Junction_Location,Skidding_and_Overturning,Hit_Object_in_Carriageway,Vehicle_Leaving_Carriageway,Hit_Object_off_Carriageway,1st_Point_of_Impact,Was_Vehicle_Left_Hand_Drive?,Journey_Purpose_of_Driver,Sex_of_Driver,Age_Band_of_Driver,Engine_Capacity_(CC),Propulsion_Code,Age_of_Vehicle,Driver_IMD_Decile,Driver_Home_Area_Type
201343R232113,1,9,0,9,0,4,0,0,0,0,3,1,6,1,8,1560,2,8,5,1
201343R232113,2,1,0,9,0,8,0,0,0,0,1,1,6,2,6,-1,-1,-1,5,1
201343R232123,1,9,0,18,0,1,0,0,0,0,1,1,6,1,7,1248,2,7,6,1
201343R232123,2,9,0,3,0,1,0,0,0,0,2,1,6,1,8,2199,2,2,4,1
201343R233113,1,9,0,18,0,0,0,0,1,7,1,1,2,2,7,1582,2,-1,5,1
201343R233113,2,9,0,18,0,0,0,0,0,0,1,1,2,1,7,2967,2,5,9,1
201343R233123,1,9,0,18,0,0,0,0,0,0,1,1,6,1,10,1997,1,1,10,1
201343R235103,1,9,0,18,0,3,0,0,0,0,1,1,6,2,7,1896,2,6,9,3
201343R235103,2,9,0,5,0,4,0,0,0,0,3,1,6,1,6,-1,-1,-1,6,1
201343R236053,1,9,0,18,0,1,0,7,0,0,1,1,6,1,11,1422,2,4,10,1
201343R236063,1,9,0,7,0,1,0,0,0,0,1,1,6,2,7,1896,2,4,10,3
201343R236063,2,1,0,18,0,1,0,7,1,1,3,1,6,1,8,-1,-1,-1,10,1
201343R236093,1,9,0,18,0,8,0,0,0,0,4,1,6,2,7,2398,1,13,7,1
201343R236093,2,9,0,9,0,8,0,0,0,0,3,1,6,2,5,1984,1,13,6,1
201343R237093,1,21,1,4,0,0,0,0,0,0,1,1,1,1,7,-1,-1,-1,4,1
201343R237093,2,21,1,3,0,0,0,0,0,0,2,2,1,1,7,-1,-1,-1,-1,-1
201343R237093,3,9,0,3,0,0,0,0,0,0,2,1,2,1,7,1896,2,10,5,1
201343R237093,4,19,0,3,0,0,0,0,0,0,2,1,6,1,7,2402,2,6,1,1
201343R238053,1,9,0,18,0,8,0,0,0,0,1,1,6,2,4,1999,1,10,6,2
201343R238053,2,9,0,18,0,8,0,0,0,0,2,1,6,1,6,2996,1,5,4,1
201343R238073,1,5,0,18,0,0,1,10,0,0,4,1,6,1,5,599,1,14,2,1
201343R238093,1,8,0,6,0,0,0,0,0,0,3,1,1,1,9,2664,2,15,5,1
201343R238093,2,1,0,18,0,0,0,0,0,0,1,1,6,1,8,-1,-1,-1,-1,1
201343R238113,1,9,0,18,0,0,0,0,0,0,1,1,6,3,-1,-1,-1,-1,-1,-1
201343R238113,2,1,0,9,0,0,0,0,0,0,2,1,1,2,8,-1,-1,-1,10,1
201343R239053,1,9,0,17,0,4,0,0,0,0,1,1,6,1,5,-1,-1,-1,3,1
201343R239053,2,9,0,16,0,3,0,0,0,0,1,1,6,1,7,1998,2,4,4,1
201343R239123,1,9,0,4,0,0,0,0,0,0,1,1,2,1,8,1248,2,8,10,1
201343R239123,2,9,0,4,0,0,0,0,0,0,2,1,1,2,7,1598,2,3,9,1
201343R240053,1,9,0,18,0,2,0,7,0,0,1,1,6,1,10,1582,2,-1,-1,-1
201343R240093,1,9,0,18,0,0,0,0,0,0,1,1,6,2,6,1968,2,6,3,1
201343R240093,2,9,0,4,0,0,0,0,0,0,2,1,6,1,4,1956,2,1,9,1
201343R240093,3,9,0,4,0,0,0,0,0,0,2,1,6,2,9,1986,2,7,6,3
201343R240123,1,9,0,18,0,3,0,0,0,0,4,1,2,1,9,998,1,13,9,1
201343R240123,2,1,0,18,0,8,0,0,0,0,1,1,6,2,7,-1,-1,-1,8,1
201343R241063,1,9,0,7,0,4,0,0,0,0,1,1,1,1,7,1910,2,5,3,1
201343R241063,2,1,0,9,0,3,0,0,0,0,4,1,2,2,6,-1,-1,-1,7,1
201343R242103,1,19,0,18,0,4,0,0,0,0,1,1,1,1,4,-1,-1,-1,-1,-1
201343R242103,2,1,0,18,0,3,0,0,0,0,2,1,1,1,7,-1,-1,-1,6,1
201343R243073,1,9,0,18,0,1,0,0,0,0,1,1,1,1,7,1794,1,9,3,1
201343R243073,2,9,0,18,0,8,0,0,0,0,4,1,1,2,6,1797,8,3,5,1
201343R243123,1,9,0,18,0,0,0,0,0,0,1,1,6,2,8,1598,2,1,4,1
201343R243123,2,9,0,18,0,0,0,0,0,0,2,1,6,1,7,1997,2,4,7,1
201343R244073,1,9,0,7,0,4,0,0,0,0,1,1,6,2,8,1329,1,3,9,1
201343R244073,2,9,0,9,0,8,0,0,0,0,4,1,6,2,7,1390,1,11,3,1
201343R244123,1,9,0,18,0,0,0,0,0,0,1,1,6,1,8,1598,2,1,7,1
201343R244123,2,9,0,2,0,0,0,0,0,0,2,1,6,1,5,-1,-1,-1,5,1
201343R246103,1,5,0,13,0,0,0,0,0,0,1,1,2,1,4,600,1,12,10,1
201343R246103,2,9,0,18,0,0,0,0,0,0,1,1,1,1,9,-1,-1,-1,6,1
201343R246103,3,9,0,18,0,0,0,0,0,0,2,1,6,1,10,1299,1,13,9,1
201343R246113,1,19,0,18,0,0,0,0,0,0,0,1,1,1,7,2151,2,12,-1,-1
201343R246113,2,9,0,2,0,0,0,0,0,0,0,1,6,2,7,1870,2,9,5,1
201343R246123,1,19,0,9,0,5,0,0,0,0,1,1,6,1,8,1560,2,4,7,1
201343R247073,1,19,0,18,0,1,0,0,0,0,1,1,6,1,-1,1598,2,1,-1,-1
201343R247093,1,9,0,18,0,0,0,0,4,0,1,1,6,1,9,1388,1,6,10,1
201343R247093,2,9,0,18,0,0,0,0,0,0,3,1,6,2,7,1984,1,6,8,1
201343R247103,1,9,0,4,0,8,0,0,0,0,1,1,1,1,8,1986,2,7,3,1
201343R247103,2,1,0,18,9,8,0,0,0,0,4,1,6,1,2,-1,-1,-1,8,1
201343R247113,1,9,0,5,0,8,0,0,0,0,1,1,6,2,-1,-1,-1,-1,-1,-1
201343R247113,2,1,0,18,0,8,0,0,0,0,4,1,6,1,7,-1,-1,-1,4,1
201343R248103,1,9,0,18,0,8,0,0,0,0,3,1,2,1,6,2976,1,10,10,1
201343R248103,2,4,0,18,0,8,0,0,0,0,1,1,2,1,7,330,1,1,9,3
201343R248113,1,9,0,7,0,1,0,0,0,0,4,1,2,3,7,2499,1,4,10,1
201343R249103,1,9,0,18,0,0,0,0,0,0,1,1,6,1,4,1339,1,9,-1,-1
201343R249103,2,9,0,3,0,0,0,0,0,0,2,1,6,2,8,1905,2,15,8,1
201343R249103,3,9,0,3,0,0,0,0,0,0,2,1,6,2,10,1339,1,6,10,2
201343R249123,1,9,0,18,0,8,0,0,0,0,1,1,2,1,8,1794,1,12,-1,1
201343R249123,2,9,0,9,0,8,0,0,0,0,1,1,2,1,7,1587,1,9,4,1
201343R250103,1,9,0,18,0,0,1,0,0,0,1,1,2,1,9,-1,-1,-1,5,2
201343R250103,2,9,0,4,0,0,0,0,0,0,2,1,6,1,5,1896,2,11,10,1
201343R250103,3,9,0,18,0,0,0,0,0,0,2,1,2,2,8,1796,2,-1,10,1
201343R250123,1,3,0,13,0,8,0,0,0,0,4,1,6,1,7,124,1,4,8,1
201343R250123,2,9,0,9,0,8,0,0,0,0,3,1,6,1,9,1339,1,3,5,1
201343R251073,1,5,0,18,0,0,0,0,0,0,1,1,6,1,10,649,1,-1,6,1
201343R251073,2,9,0,6,0,0,0,0,0,0,2,1,1,2,7,1997,2,2,6,1
201343R252093,1,8,0,9,0,1,0,0,0,0,1,1,1,1,8,1997,2,3,6,1
201343R252093,2,3,0,18,0,1,0,0,0,0,1,1,6,1,4,124,1,12,6,1
201343R252113,1,9,0,9,0,8,0,0,0,0,3,1,6,1,7,2987,2,5,9,1
201343R252113,2,3,0,18,0,8,0,0,0,0,1,1,6,1,5,124,1,30,9,1
201343R253073,1,19,0,18,0,6,0,0,0,0,1,1,1,2,7,-1,-1,-1,-1,-1
201343R253073,2,1,0,17,0,1,0,0,0,0,4,1,2,1,6,-1,-1,-1,2,1
201343R253093,1,9,0,17,0,0,0,0,0,0,3,1,3,1,8,1753,2,6,10,1
201343R253093,2,1,0,16,0,0,1,0,0,0,1,1,6,1,4,-1,-1,-1,9,1
201343R253103,1,9,0,7,0,6,0,0,0,0,3,1,6,3,-1,-1,-1,-1,-1,-1
201343R253103,2,5,0,18,0,8,1,0,7,0,4,1,2,2,8,645,1,12,5,1
201343R254123,1,9,0,17,0,0,1,10,1,2,3,1,1,2,8,1598,1,10,6,1
201343R255073,1,9,0,18,0,0,0,0,0,0,1,1,6,1,9,1997,2,-1,7,3
201343R255073,2,9,0,3,0,0,0,0,0,0,2,1,6,1,7,1198,1,1,4,1
201343R255073,3,9,0,3,0,0,0,0,0,0,2,1,6,1,7,2685,2,10,4,1
201343R255073,4,9,0,3,0,0,0,0,0,0,2,1,6,1,8,1527,2,12,-1,-1
201343R257073,1,9,0,18,0,0,0,0,0,0,1,1,6,1,4,1391,1,12,7,2
201343R257073,2,9,0,18,0,0,0,0,0,0,2,1,6,1,11,1796,1,6,9,1
201343R257073,3,9,0,18,0,0,0,0,0,0,2,1,6,2,7,2199,2,2,7,3
201343R257103,1,8,0,18,0,0,0,0,1,10,3,1,1,1,6,2987,2,6,4,1
201343R257103,2,9,0,4,0,0,0,0,0,0,3,1,1,2,7,2204,2,4,9,3
201343R257123,1,19,0,18,0,0,1,0,7,11,1,1,1,1,5,2402,2,11,3,1
201343R257123,2,19,0,2,9,0,0,0,0,0,3,1,6,3,7,2151,2,8,3,1
201343R257123,3,9,0,2,9,0,0,0,0,0,2,1,6,3,7,2143,2,2,3,1
201343R257123,4,9,0,2,9,0,0,0,0,0,2,1,6,3,10,1360,1,14,3,1
201343R257123,5,9,0,2,9,0,0,0,0,0,1,1,6,3,6,2685,2,8,3,1
201343R257123,6,9,0,2,9,0,0,0,0,0,2,1,6,3,6,1198,1,10,3,1
201343R259123,1,9,0,13,0,0,1,0,0,0,4,1,2,1,7,1896,2,8,3,1
201343R259123,2,1,0,18,0,0,0,0,1,0,3,1,2,1,9,-1,-1,-1,10,1
201343R260103,1,19,0,18,0,0,0,0,0,0,1,1,1,1,9,2143,2,2,9,1
201343R260103,2,19,0,18,0,0,0,0,0,0,2,1,1,1,7,2461,2,8,3,1
201343R261073,1,21,0,18,0,0,0,0,0,0,4,1,1,1,8,12600,2,11,-1,-1
201343R261073,2,9,0,18,0,0,0,0,0,0,3,1,2,2,5,1119,1,18,5,1
201343R261113,1,9,0,4,0,4,0,0,0,0,1,1,6,1,9,2099,1,10,5,1
201343R261113,2,2,0,18,0,4,0,0,0,0,2,1,1,1,4,49,1,9,10,1
201343R262073,1,9,0,5,0,0,0,0,0,0,4,1,6,1,8,6592,1,1,10,1
201343R262073,2,9,0,18,0,0,0,0,0,0,1,1,6,2,4,998,1,2,10,1
201343R262113,1,9,0,9,0,5,0,0,0,0,1,1,6,1,9,2993,2,3,8,1
201343R262113,2,9,0,18,0,8,0,0,0,0,1,1,6,2,8,1781,1,9,8,1
201343R262113,3,9,0,10,0,1,0,0,0,0,1,1,6,1,7,1984,1,6,8,1
201343R263073,1,11,0,11,0,0,1,0,0,0,1,1,1,1,10,119,2,13,10,3
201343R263073,2,21,1,18,0,0,0,0,0,0,1,1,1,1,5,-1,-1,-1,5,3
201343R263073,3,21,1,18,0,0,0,0,0,0,2,1,1,1,5,12900,2,1,-1,1
201343R263103,1,10,0,18,0,0,0,10,1,1,1,1,6,1,8,2402,2,2,7,3
201343R263103,2,20,0,18,0,0,0,0,0,0,2,1,1,1,8,7790,2,5,3,1
201343R263103,3,9,0,18,0,0,0,0,0,0,2,1,2,2,9,1360,1,7,10,1
201343R263113,1,9,0,9,0,8,0,0,0,0,4,1,6,2,5,1240,1,8,-1,-1
201343R263113,2,9,0,18,0,8,0,0,0,0,1,1,6,1,7,1686,2,11,3,1
201343R263123,1,9,0,18,0,1,0,0,0,0,1,1,6,1,-1,1229,1,9,-1,-1
201343R263123,2,9,0,18,0,1,0,0,0,0,2,1,6,1,6,1560,2,7,6,1
201343R263123,3,9,0,18,0,1,0,0,0,0,4,1,6,2,4,1596,1,2,8,1
201343R264103,1,9,0,4,0,2,0,0,0,0,1,1,6,1,6,1400,1,7,10,1
201343R264103,2,9,0,2,0,2,0,0,0,0,1,1,6,2,8,1587,1,6,5,1
201343R264113,1,9,0,18,0,0,1,0,1,9,1,1,6,1,7,2143,2,-1,9,1
201343R264113,2,8,0,18,0,0,1,0,1,1,2,1,1,1,8,2402,2,9,5,1
201343R264123,1,9,0,9,0,4,0,0,0,0,1,1,6,1,-1,-1,-1,-1,-1,-1
201343R264123,2,1,0,18,0,8,0,0,0,0,4,1,2,2,6,-1,-1,-1,9,1
201343R265113,1,9,0,9,0,8,1,0,0,0,1,1,6,1,5,-1,-1,-1,3,1
201343R265113,2,3,0,13,0,1,0,0,0,0,1,1,6,1,7,124,1,6,2,1
201343R265123,1,9,0,18,0,1,0,0,0,0,1,1,2,1,8,1769,1,13,5,1
201343R265123,2,9,0,3,0,1,0,0,0,0,2,1,2,1,8,1397,1,13,5,1
201343R266103,1,9,0,18,0,0,0,0,0,0,1,1,6,3,-1,-1,-1,-1,-1,-1
201343R266113,1,19,0,18,0,0,0,0,0,0,0,1,6,3,-1,-1,-1,-1,-1,-1
201343R266113,2,9,0,18,0,0,1,0,1,4,1,1,6,2,4,1296,1,5,7,1
201343R267103,1,9,0,9,0,5,0,0,0,0,1,1,1,1,6,1248,2,1,-1,-1
201343R267103,2,9,0,1,0,5,0,0,0,0,2,1,6,1,-1,-1,-1,-1,-1,-1
201343R268103,1,9,0,18,0,0,5,0,7,11,1,1,6,1,6,1560,2,2,6,1
201343R268103,2,19,0,2,0,0,0,0,0,0,1,1,6,3,-1,2464,2,6,-1,-1
201343R268103,3,9,0,2,0,0,0,0,0,0,2,1,6,3,-1,1998,1,8,-1,-1
201343R269103,1,9,0,9,0,6,0,0,0,0,3,1,6,2,11,1796,1,10,-1,-1
201343R269103,2,3,0,18,0,8,0,0,0,0,1,1,2,1,4,-1,-1,-1,10,1
201343R269123,1,19,0,18,0,0,1,0,0,0,4,1,6,1,7,1995,2,5,6,1
201343R269123,2,21,1,18,0,0,0,0,0,0,3,1,1,1,9,10518,2,1,9,1
201343R270103,1,9,0,5,0,4,0,0,0,0,1,1,2,2,9,2401,2,11,10,1
201343R270103,2,1,0,18,0,8,0,0,0,0,4,1,2,1,7,-1,-1,-1,7,1
201343R270113,1,9,0,9,0,8,0,0,1,11,1,1,6,2,8,998,1,-1,10,1
201343R274103,1,9,0,9,0,8,0,0,0,0,1,1,6,1,7,1397,1,4,2,1
201343R274103,2,9,0,9,0,8,0,0,0,0,4,1,6,2,6,1781,1,11,2,1
201343R274123,1,9,0,18,0,3,0,0,0,0,4,1,1,2,6,1984,1,7,9,1
201343R274123,2,21,1,18,0,3,0,0,0,0,3,1,1,1,6,-1,-1,-1,-1,-1
201343R275103,1,9,0,18,0,1,0,0,0,0,4,1,6,1,8,1248,1,3,-1,-1
201343R275113,1,3,0,18,0,0,0,10,1,2,1,1,2,1,4,124,1,-1,10,1
201343R275123,1,9,0,4,0,0,0,0,0,0,1,1,1,1,7,5461,1,1,10,2
201343R276103,1,9,0,16,0,0,5,0,8,10,1,1,6,1,7,-1,-1,-1,5,1
201343R276103,2,9,0,17,0,0,0,0,0,0,1,1,6,2,8,-1,-1,-1,-1,-1
201343R277103,1,9,0,18,0,1,0,0,0,0,1,1,6,1,9,1364,1,8,8,1
201343R277123,1,19,0,1,0,0,0,0,0,0,2,1,6,1,8,1298,1,9,2,1
201343R278113,1,9,0,18,0,0,0,0,0,0,4,1,6,2,6,1242,1,5,5,1
201343R282103,1,5,0,18,0,8,0,0,0,0,1,1,6,1,8,919,1,7,6,1
201343R282103,2,9,0,9,0,8,0,0,0,0,4,1,6,2,10,999,1,-1,6,1
201343R284123,1,9,0,3,0,8,0,0,0,0,0,1,1,1,6,1248,2,-1,3,1
201343R284123,2,9,0,9,0,8,0,0,0,0,2,1,6,1,6,1596,1,11,2,1
201343R284123,3,9,0,9,0,8,0,0,0,0,1,1,6,2,7,1984,1,13,-1,-1
201343R288123,1,11,0,18,0,1,0,0,0,0,1,1,6,1,8,4461,2,-1,2,1
201343R288123,2,1,0,18,0,8,0,0,0,0,4,1,6,1,6,-1,-1,-1,6,2
201343R289123,1,9,0,5,0,4,0,0,0,0,1,1,1,1,9,2143,2,1,4,1
201343R289123,2,9,0,5,0,4,0,0,0,0,2,1,6,2,6,1398,2,-1,5,1
201343R290123,1,9,0,4,0,0,0,7,0,0,1,1,6,2,11,1240,1,7,9,3
201343S001013,1,9,0,18,0,1,0,0,0,0,3,1,2,2,8,-1,-1,-1,6,1
201343S001013,2,9,0,11,0,1,0,0,0,0,4,1,2,1,7,1781,1,16,1,1
201343S001073,1,9,0,18,0,1,0,0,0,0,1,1,2,1,6,998,1,4,8,1
201343S001073,2,9,0,7,0,6,0,0,0,0,1,1,2,1,5,1868,2,14,9,1
201343S001083,1,21,1,18,0,0,4,0,5,6,3,1,1,1,8,11946,2,7,1,1
201343S001083,2,9,0,18,0,0,0,0,0,0,4,1,2,1,7,1753,2,10,7,1
201343S001083,3,9,0,2,0,0,0,0,0,0,0,1,6,1,8,1968,2,6,4,1
201343S001093,1,9,0,9,0,6,0,0,0,0,1,1,6,2,10,-1,-1,-1,-1,2
201343S001093,2,9,0,18,0,1,0,0,0,0,4,1,2,2,6,1328,1,6,9,1
201343S001113,1,9,0,7,0,8,0,0,0,0,2,1,6,1,11,1388,1,7,9,1
201343S001113,2,9,0,18,0,8,1,0,0,0,1,1,6,1,9,1124,1,13,9,3
201343S002013,1,9,0,18,0,1,0,0,0,0,1,1,6,2,4,998,1,11,8,1
201343S002013,2,9,0,7,0,1,0,0,0,0,2,1,6,1,5,2000,2,9,4,1
201343S002023,1,19,0,18,0,0,0,0,0,0,1,1,1,1,7,2198,2,1,1,1
201343S002023,2,9,0,18,0,0,0,0,0,0,2,1,1,1,6,2143,2,-1,4,1
201343S002023,3,9,0,18,0,0,0,0,0,0,3,1,1,1,6,1997,2,8,8,1
201343S002063,1,9,0,5,0,1,0,0,0,0,4,1,1,1,6,1497,8,5,2,1
201343S002073,1,9,0,9,0,6,0,0,0,0,3,1,6,2,8,1296,1,7,8,1
201343S002073,2,5,0,18,0,1,0,0,0,0,1,1,6,1,6,996,1,10,3,1
201343S002093,1,9,0,13,0,0,0,0,0,0,4,1,6,1,9,1388,1,2,3,1
201343S002093,2,9,0,5,0,0,0,0,0,0,3,1,6,2,7,1388,1,10,4,1
201343S002103,1,3,0,18,0,4,0,0,0,0,1,1,2,1,4,125,1,1,-1,-1
201343S002103,2,9,0,18,0,4,0,0,0,0,2,1,3,2,8,1799,1,5,8,3
201343S002113,1,3,0,18,0,3,0,10,4,0,0,1,2,1,4,124,1,-1,9,1
201343S002113,2,21,1,18,0,3,0,0,0,0,0,1,1,1,-1,9200,2,2,2,1
201343S003023,1,9,0,18,0,0,0,0,0,0,1,1,3,2,7,1896,2,13,2,1
201343S003083,1,20,0,18,0,1,0,7,0,0,1,1,6,1,6,-1,-1,-1,8,1
201343S003083,2,9,0,18,0,1,0,0,0,0,3,1,6,2,6,1598,1,10,7,1
201343S003093,1,21,1,12,0,0,0,0,0,0,3,2,1,1,8,-1,-1,-1,-1,-1
201343S003093,2,9,0,18,0,0,0,0,0,7,4,1,1,2,7,1995,2,3,1,1
201343S003103,1,9,0,3,0,1,0,0,0,0,1,1,3,2,9,1586,1,10,3,1
201343S003103,2,8,0,18,0,1,0,0,0,0,2,1,1,1,6,1896,2,5,8,1
201343S003113,1,9,0,18,0,0,1,0,2,7,4,1,6,1,5,1596,1,14,2,1
201343S004073,1,9,0,6,0,0,0,0,0,0,3,1,6,1,4,-1,-1,-1,7,1
201343S004073,2,9,0,18,0,0,0,0,0,0,1,1,6,2,10,1596,1,7,-1,-1
201343S004093,1,2,0,9,0,6,0,0,0,0,1,1,2,2,4,124,1,12,2,1
201343S004093,2,9,0,18,0,8,0,0,0,0,3,1,6,1,6,1598,2,-1,8,1
201343S004113,1,9,0,7,0,5,0,0,1,1,1,1,2,2,8,1868,2,12,5,1
201343S004123,1,9,0,18,0,0,0,0,0,0,1,1,6,1,-1,1598,1,5,-1,-1
201343S005013,1,8,0,18,0,2,0,0,0,0,1,1,6,3,-1,-1,-1,-1,-1,-1
201343S005013,2,9,0,2,0,2,0,0,0,0,2,1,6,3,-1,-1,-1,-1,-1,-1
201343S005013,3,9,0,2,0,2,0,0,0,0,2,1,6,3,-1,1396,1,12,-1,-1
201343S005053,1,9,0,18,0,4,0,0,0,0,1,1,1,2,6,1956,2,2,9,3
201343S005053,2,5,0,9,0,8,0,0,0,0,4,1,6,1,6,599,1,6,4,1
201343S005083,1,9,0,2,0,0,0,0,0,0,1,1,6,1,5,1461,2,9,5,1
201343S005093,1,9,0,7,0,4,1,0,0,0,2,1,6,1,11,1086,1,5,9,1
201343S005093,2,9,0,18,0,8,1,0,0,0,1,1,6,1,6,2000,1,7,9,1
201343S005123,1,9,0,5,0,0,0,0,0,0,4,1,6,2,6,1086,1,9,8,1
201343S005123,2,9,0,18,0,0,0,0,0,0,1,1,6,1,6,973,1,11,1,1
201343S006033,1,9,0,4,0,0,0,0,0,0,2,1,6,2,5,1242,1,14,1,1
201343S006033,2,9,0,18,0,0,0,0,0,0,1,1,6,2,6,1598,1,9,9,1
201343S006033,3,9,0,18,0,0,0,0,0,0,1,1,6,2,7,1086,1,9,4,1
201343S006063,1,9,0,18,0,0,0,0,1,4,1,1,6,1,7,1560,2,2,5,2
201343S006093,1,9,0,18,0,0,0,0,0,0,1,1,6,2,9,1398,1,1,9,3
201343S006093,2,9,0,4,0,0,0,0,0,0,1,1,2,1,6,1988,1,10,10,1
201343S006103,1,9,0,9,0,6,0,0,0,0,1,1,6,2,7,1198,1,7,9,1
201343S006103,2,9,0,18,0,1,1,0,0,0,4,1,6,1,9,1796,1,10,7,1
201343S007013,1,9,0,3,0,1,0,0,0,0,1,1,6,2,7,1995,2,8,8,2
201343S007013,2,9,0,3,0,1,0,0,0,0,2,1,6,2,10,1595,1,5,9,3
201343S007043,1,9,0,18,0,0,0,0,1,0,1,1,6,1,8,1061,1,9,-1,-1
201343S007043,2,9,0,18,0,0,0,0,7,0,3,1,6,1,7,1398,1,13,3,1
201343S007053,1,9,0,18,0,1,0,0,0,0,1,1,6,2,5,1599,1,12,2,1
201343S007053,2,19,0,18,0,1,0,0,0,0,2,1,6,1,7,2148,2,6,7,1
201343S007073,1,1,0,18,0,1,0,0,0,0,1,1,6,1,4,-1,-1,-1,4,1
201343S007073,2,9,0,18,0,1,0,0,0,0,3,1,6,2,8,1998,1,11,2,1
201343S007083,1,19,0,5,0,4,0,0,0,0,1,1,2,1,8,2494,2,6,7,1
201343S007083,2,9,0,9,0,8,0,0,0,0,4,1,6,1,11,1399,1,6,5,1
201343S007103,1,21,1,18,0,0,0,0,0,0,1,1,1,1,7,-1,-1,-1,5,1
201343S007103,2,9,0,3,0,0,0,0,0,0,2,1,1,2,7,1560,2,5,6,2
201343S007103,3,9,0,3,0,0,0,0,0,0,2,1,1,2,7,1461,2,4,8,2
201343S007103,4,9,0,3,0,0,0,0,0,0,2,1,1,1,5,1198,1,2,10,1
201343S007103,5,21,1,3,0,0,0,0,0,0,2,1,1,1,7,9200,2,7,-1,-1
201343S007123,1,9,0,9,0,8,0,0,4,7,4,1,6,2,7,1590,1,15,9,1
201343S007123,2,9,0,18,0,1,0,0,0,0,1,1,6,1,5,-1,-1,-1,9,1
201343S008023,1,9,0,18,0,1,0,0,0,0,1,1,6,1,6,1598,1,11,-1,-1
201343S008023,2,9,0,3,0,1,0,0,0,0,2,1,6,2,7,995,1,8,5,1
201343S008073,1,5,0,13,0,0,0,0,0,0,4,1,6,1,6,600,1,13,10,2
201343S008073,2,9,0,13,0,0,0,0,0,0,3,1,6,2,6,1598,2,-1,7,1
201343S008093,1,21,0,3,0,1,0,0,0,0,0,1,6,3,-1,-1,-1,-1,-1,-1
201343S008093,2,9,0,18,0,1,1,7,0,0,1,1,2,1,4,-1,-1,-1,8,3
201343S008093,3,19,0,3,0,1,0,0,0,0,3,1,2,1,6,2198,2,4,6,1
201343S008093,4,9,0,3,0,1,0,0,0,0,3,1,6,2,11,1598,1,9,6,3
201343S008123,1,9,0,18,0,1,0,0,0,0,1,1,6,1,5,1997,1,8,4,1
201343S008123,2,9,0,18,0,1,0,0,0,0,2,1,6,1,7,1598,1,3,3,1
201343S009023,1,5,0,13,0,0,1,0,0,0,0,1,6,1,4,599,1,14,1,1
201343S009073,1,9,0,1,0,0,0,4,1,4,2,1,6,1,5,1998,1,14,2,1
201343S009073,2,9,0,4,0,0,0,0,0,0,0,1,6,1,-1,1598,2,2,2,1
201343S009073,3,9,0,2,0,0,0,0,0,0,2,1,6,1,-1,1995,2,2,10,1
201343S009083,1,19,0,9,0,8,0,0,0,0,3,1,6,1,7,-1,-1,-1,-1,-1
201343S009083,2,9,0,10,0,1,0,0,0,0,3,1,6,2,4,1399,2,6,9,3
201343S009103,1,9,0,9,0,6,0,0,1,0,3,1,6,1,6,1398,1,3,9,1
201343S009103,2,9,0,18,0,1,0,0,0,0,1,1,6,2,5,1299,1,14,9,1
201343S009113,1,9,0,7,0,6,0,0,0,0,3,1,6,2,5,1240,1,8,9,3
201343S009113,2,9,0,18,0,8,0,0,4,4,1,1,6,2,7,1360,1,3,4,1
201343S009123,1,5,0,18,0,8,0,0,0,0,0,1,1,1,8,487,1,15,-1,-1
201343S009123,2,9,0,18,0,8,0,0,0,0,0,1,3,2,7,1685,2,-1,7,1
201343S010033,1,21,1,18,0,8,0,0,0,0,3,2,1,1,7,-1,-1,-1,-1,-1
201343S010033,2,9,0,11,0,3,1,0,0,0,4,1,2,2,6,1149,1,7,8,1
201343S010103,1,9,0,4,0,1,1,0,0,0,1,1,2,2,6,1968,2,2,4,1
201343S010103,2,8,0,4,0,1,0,0,0,0,2,1,1,1,7,1896,2,7,8,1
201343S010103,3,9,0,12,0,1,0,0,0,0,0,1,6,3,-1,-1,-1,-1,-1,-1
201343S010113,1,9,0,18,0,1,0,0,1,4,1,1,6,2,4,1149,1,11,7,2
201343S010123,1,9,0,16,0,0,0,0,0,0,1,1,6,1,11,973,1,10,9,3
201343S010123,2,9,0,10,0,0,0,0,0,0,2,1,6,2,11,1339,1,2,6,2
201343S011033,1,9,0,18,0,0,0,0,0,0,1,1,6,1,-1,1753,2,5,-1,-1
201343S011033,2,9,0,3,0,0,0,0,0,0,2,1,6,1,7,2143,2,4,9,1
201343S011043,1,9,0,18,0,4,0,0,0,0,3,1,1,1,9,1896,2,7,5,1
201343S011043,2,9,0,9,0,8,0,0,0,0,1,1,1,1,7,1598,1,11,1,1
201343S011083,1,9,0,9,0,5,0,0,0,0,1,1,2,1,5,1229,1,1,8,1
201343S011083,2,9,0,18,0,1,0,0,0,0,1,1,6,2,8,1199,1,13,2,1
201343S011093,1,9,0,17,0,0,5,0,1,2,1,1,6,1,7,1363,2,10,10,1
201343S011123,1,9,0,9,0,6,0,0,0,0,3,1,6,1,7,1896,2,11,4,1