Accident_Index,Vehicle_Reference,Vehicle_Type,Towing_and_Articulation,Vehicle_Manoeuvre,Vehicle_Location-Restricted_Lane,Junction_Location,Skidding_and_Overturning,Hit_Object_in_Carriageway,Vehicle_Leaving_Carriageway,Hit_Object_off_Carriageway,1st_Point_of_Impact,Was_Vehicle_Left_Hand_Drive?,Journey_Purpose_of_Driver,Sex_of_Driver,Age_Band_of_Driver,Engine_Capacity_(CC),Propulsion_Code,Age_of_Vehicle,Driver_IMD_Decile,Driver_Home_Area_Type
201343S041123,2,9,0,4,0,0,0,0,4,6,1,1,6,2,7,1596,1,9,10,3
201343S041123,3,19,0,18,0,0,0,0,0,0,1,1,6,1,7,2402,2,6,7,1
201343S041123,4,9,0,4,0,0,0,0,0,0,2,1,6,1,7,1794,1,7,5,1
201343S042013,1,9,0,18,0,1,0,0,0,0,1,1,6,1,7,-1,-1,-1,1,1
201343S042013,2,9,0,18,0,1,0,0,0,0,1,1,6,1,8,-1,-1,-1,9,1
201343S042023,1,9,0,18,0,0,1,10,7,0,4,1,2,2,7,1796,1,12,10,2
201343S042023,2,9,0,18,0,0,2,0,0,0,1,1,6,2,7,1490,1,6,7,3
201343S042033,1,8,0,14,0,0,0,0,0,0,1,1,6,1,-1,-1,-1,-1,-1,-1
201343S042053,1,9,0,9,0,6,0,0,0,0,3,1,1,2,6,1248,2,1,7,1
201343S042053,2,5,0,18,0,1,0,0,0,0,1,1,1,1,6,599,1,22,5,1
201343S042063,1,9,0,17,0,0,1,0,7,3,4,1,1,1,7,1596,1,9,2,1
201343S042083,1,9,0,9,0,8,0,0,1,4,3,1,6,2,6,1229,1,3,9,3
201343S042083,2,9,0,18,0,1,0,0,0,0,1,1,6,2,6,999,1,-1,10,1
201343S042083,3,9,0,10,0,1,0,0,0,0,1,1,6,1,6,1762,1,13,2,1
201343S042103,1,9,0,18,0,8,0,0,0,0,1,1,3,1,6,1896,2,6,3,1
201343S042103,2,9,0,18,0,4,0,0,7,10,3,1,3,2,6,1086,1,5,2,1
201343S043053,1,9,0,1,0,0,0,0,0,0,4,1,6,1,6,1995,2,8,10,1
201343S043073,1,9,0,18,0,0,0,0,0,0,1,1,6,2,-1,-1,-1,-1,-1,-1
201343S043073,2,9,0,18,0,0,0,0,0,0,1,1,1,1,6,2231,2,6,4,1
201343S043103,1,9,0,18,0,0,1,0,0,0,1,1,6,2,5,1895,1,13,3,1
201343S043103,2,9,0,3,0,0,0,0,0,0,2,1,6,1,5,1242,1,6,10,1
201343S043103,3,9,0,3,0,0,0,0,0,0,2,1,6,1,5,1389,1,17,8,1
201343S043103,4,9,0,3,0,0,0,0,0,0,2,1,6,1,6,1995,2,3,10,1
201343S043123,1,9,0,18,0,1,0,0,0,0,1,1,2,2,7,1968,2,1,8,1
201343S043123,2,9,0,18,0,1,0,0,0,0,2,1,2,2,8,1968,2,-1,-1,-1
201343S043123,3,11,0,9,0,8,0,0,0,0,0,1,1,3,8,8268,2,11,5,1
201343S044063,1,9,0,18,0,4,0,9,3,10,1,1,6,1,7,2488,2,1,9,3
201343S044103,1,19,0,14,0,0,0,0,0,0,1,1,1,1,5,2198,2,5,-1,-1
201343S044103,2,21,1,2,0,0,0,0,0,0,2,1,1,1,8,11929,2,8,-1,-1
201343S044123,1,9,0,18,0,4,0,0,0,0,1,1,6,1,8,1596,1,7,2,1
201343S044123,2,1,0,18,0,8,0,0,0,0,4,1,2,1,9,-1,-1,-1,9,1
201343S045053,1,9,0,9,0,8,0,0,0,0,4,1,6,2,4,1390,1,14,2,1
201343S045053,2,9,0,18,0,1,0,0,0,0,1,1,6,2,6,1598,1,14,2,1
201343S045053,3,9,0,10,0,1,0,0,0,0,1,1,6,1,9,2793,1,13,2,1
201343S045093,1,9,0,9,0,8,0,0,0,0,1,1,6,1,6,2148,2,7,3,1
201343S045093,2,9,0,18,0,1,0,0,1,0,1,1,6,1,6,1951,2,8,5,1
201343S046043,1,9,0,9,0,8,0,0,0,0,1,1,6,1,4,1360,1,10,5,1
201343S046043,2,1,0,18,0,1,0,0,0,0,1,1,6,1,7,-1,-1,-1,8,3
201343S046053,1,9,0,18,0,0,0,0,0,0,1,1,6,2,-1,1598,1,3,1,1
201343S046053,2,9,0,18,0,0,0,0,0,0,2,1,1,1,6,1598,2,2,4,1
201343S046083,1,9,0,12,0,0,0,0,0,0,0,1,6,3,-1,1242,1,-1,-1,-1
201343S046083,2,9,0,18,0,0,0,0,0,0,1,1,6,1,6,1999,1,8,7,1
201343S046083,3,21,1,18,0,0,0,0,0,0,2,1,1,1,6,12777,2,6,10,1
201343S046093,1,9,0,9,0,8,0,0,0,0,4,1,6,2,6,1339,1,2,9,1
201343S046093,2,21,0,18,0,1,0,0,0,0,1,1,1,1,6,4764,2,4,9,1
201343S046123,1,9,0,18,0,0,1,0,0,0,1,1,6,1,6,1998,1,4,10,1
201343S046123,2,9,0,18,0,0,1,0,1,7,1,1,6,1,10,1596,1,5,3,1
201343S046123,3,9,0,4,0,0,1,0,4,6,2,1,6,2,10,1493,2,7,6,1
201343S047033,1,19,0,18,0,8,0,0,0,0,4,1,1,2,6,2148,2,7,8,1
201343S047033,2,9,0,18,0,1,0,0,0,0,1,1,6,1,9,1339,1,2,9,3
201343S047063,1,9,0,7,0,4,0,0,0,0,1,1,6,2,7,1910,2,3,9,1
201343S047063,2,9,0,18,0,4,0,10,1,1,3,1,2,2,8,1598,1,3,10,1
201343S047083,1,4,0,5,0,0,0,0,7,10,1,1,6,1,5,498,1,19,1,1
201343S047093,1,3,0,7,0,5,0,10,0,0,1,1,6,1,4,124,1,-1,6,1
201343S047123,1,9,0,18,0,0,0,0,0,0,1,1,6,1,6,1598,1,6,8,2
201343S048013,1,9,0,4,0,0,0,0,0,0,1,1,1,2,8,1599,1,10,3,1
201343S048013,2,9,0,4,0,0,0,0,0,0,2,1,1,2,6,-1,-1,-1,3,1
201343S048023,1,9,0,18,0,1,0,0,0,0,1,1,1,2,6,-1,-1,-1,9,1
201343S048033,1,9,0,18,0,0,0,0,0,0,4,1,6,2,6,1796,1,12,9,1
201343S048083,1,2,0,18,4,0,0,0,0,0,1,1,6,3,-1,-1,-1,-1,-1,-1
201343S048083,2,22,0,18,4,0,0,0,0,0,4,1,6,1,10,-1,3,1,2,1
201343S048093,1,3,0,18,0,1,1,0,0,0,0,1,6,1,4,124,1,1,1,1
201343S049033,1,9,0,4,0,0,0,0,0,0,2,1,6,1,5,995,1,4,1,1
201343S049033,2,9,0,18,0,0,0,0,0,0,1,1,6,2,4,-1,-1,-1,8,1
201343S049033,3,9,0,18,0,0,0,0,0,0,1,1,6,1,8,995,1,5,5,1
201343S049083,1,21,1,7,0,5,0,0,0,0,1,1,1,1,8,12900,2,5,-1,-1
201343S049083,2,9,0,3,0,5,0,0,0,0,2,1,2,1,8,1360,1,4,10,3
201343S049083,3,9,0,3,0,5,0,0,0,0,2,1,2,1,6,-1,-1,-1,8,1
201343S049093,1,9,0,18,0,4,0,0,0,0,1,1,6,2,-1,-1,-1,-1,-1,-1
201343S049093,2,1,0,18,0,8,0,0,0,0,4,1,6,1,6,-1,-1,-1,8,3
201343S049123,1,3,0,9,0,1,1,0,0,0,0,1,6,2,8,123,1,1,10,1
201343S050033,1,9,0,18,0,0,0,0,0,0,1,1,6,1,9,1796,1,6,7,1
201343S050033,2,9,0,11,0,0,0,0,0,0,2,1,6,1,8,2457,1,14,10,1
201343S050063,1,9,0,18,0,0,0,0,0,0,4,1,6,1,10,1796,2,1,5,1
201343S050073,1,5,0,17,0,0,1,10,0,0,3,1,2,1,7,600,1,16,5,1
201343S050093,1,9,0,18,0,0,0,0,0,0,1,1,6,1,8,2179,2,1,9,1
201343S050123,1,21,1,4,0,0,1,0,0,0,1,1,1,1,8,12600,2,9,2,1
201343S050123,2,21,1,4,0,0,0,0,0,0,2,2,1,1,7,-1,-1,-1,-1,-1
201343S051023,1,9,0,18,0,0,0,0,0,0,3,1,6,1,-1,1950,2,13,-1,-1
201343S051023,2,9,0,18,0,0,0,0,0,0,4,1,6,1,5,-1,-1,-1,6,3
201343S051043,1,9,0,18,0,1,0,0,3,10,1,1,6,2,8,2149,2,6,9,1
201343S051043,2,9,0,2,6,1,0,0,0,0,2,1,6,3,-1,1598,1,1,-1,-1
201343S051063,1,9,0,18,0,0,0,0,0,0,1,1,6,1,9,1995,2,7,9,1
201343S051063,2,9,0,18,0,0,0,0,0,0,2,1,6,2,10,2987,2,1,-1,-1
201343S051063,3,9,0,18,0,0,0,0,0,0,2,1,6,1,8,1689,2,11,5,1
201343S051063,4,9,0,18,0,0,0,0,0,0,2,1,6,1,8,1598,1,1,3,1
201343S051063,5,9,0,4,0,0,0,0,0,0,2,1,6,2,10,1242,1,1,6,1
201343S051073,1,9,0,18,0,1,0,0,0,0,1,1,6,2,8,1850,1,16,9,1
201343S051073,2,9,0,18,0,1,0,0,0,0,2,1,6,2,6,1248,1,3,-1,-1
201343S051103,1,9,0,18,0,1,1,10,3,4,1,1,6,1,5,2993,2,9,3,1
201343S051113,1,21,1,18,0,0,0,0,0,0,1,2,1,1,6,-1,-1,-1,-1,-1
201343S051113,2,9,0,4,0,0,0,0,0,0,2,1,1,1,8,-1,-1,-1,1,1
201343S051113,3,9,0,3,0,0,0,0,0,0,2,1,1,1,6,2183,2,2,9,1
201343S051113,4,9,0,3,0,0,0,0,0,0,4,1,1,2,8,1997,2,-1,8,2
201343S051123,1,9,0,18,0,0,0,0,0,0,1,1,6,1,11,1364,1,9,8,2
201343S051123,2,19,0,2,6,0,0,0,0,0,2,1,1,1,9,2402,2,4,9,1
201343S052013,1,9,0,18,0,4,0,0,0,0,3,1,6,2,5,1398,1,1,10,3
201343S052013,2,9,0,18,0,8,0,0,0,0,4,1,1,1,6,2967,2,6,3,1
201343S052043,1,19,0,9,0,6,0,0,0,0,3,1,1,1,-1,2402,2,7,9,1
201343S052043,2,9,0,18,0,1,0,0,0,0,1,1,6,1,-1,1796,1,10,1,1
201343S052043,3,9,0,18,0,8,0,0,0,0,2,1,2,1,6,1392,1,16,9,1
201343S052063,1,97,0,18,0,0,0,0,0,0,1,1,6,1,4,-1,-1,-1,5,1
201343S052063,2,9,0,18,0,0,0,0,0,0,3,1,6,2,9,1242,1,2,9,1
201343S052093,1,4,0,13,0,0,1,0,7,0,1,1,6,1,4,-1,-1,-1,10,1
201343S052093,2,9,0,18,0,0,0,0,0,0,0,1,6,2,7,1596,1,1,2,1
201343S052103,1,9,0,4,0,0,1,0,0,0,1,1,6,1,10,1396,1,14,6,1
201343S052103,2,9,0,3,0,0,0,0,0,0,2,1,1,1,8,1968,2,-1,2,1
201343S052113,1,5,0,18,0,0,1,0,0,0,3,1,6,1,6,749,1,4,9,1
201343S052123,1,3,0,18,0,0,1,0,0,0,3,1,6,1,5,125,1,7,-1,-1
201343S053013,1,9,0,7,0,6,0,0,0,0,2,1,6,3,-1,-1,-1,-1,-1,-1
201343S053013,2,3,0,18,0,1,0,0,0,0,1,1,6,1,5,599,1,4,8,1
201343S053033,1,9,0,5,0,1,0,0,0,0,1,1,1,1,-1,1124,1,13,9,1
201343S053033,2,9,0,4,0,1,0,0,0,0,2,1,1,2,6,2979,1,10,5,1
201343S053063,1,9,0,9,0,8,0,0,0,0,4,1,6,2,8,1329,1,-1,8,1
201343S053063,2,9,0,18,0,1,0,0,0,0,1,1,6,1,11,1998,1,16,4,1
201343S053073,1,9,0,9,0,8,0,0,0,0,4,1,6,1,7,1988,1,12,3,1
201343S053073,2,1,0,7,0,8,0,0,0,0,1,1,6,1,6,-1,-1,-1,9,1
201343S053093,1,19,0,18,0,0,0,4,0,0,1,1,1,1,9,1461,2,2,10,1
201343S053093,2,9,0,2,0,0,0,0,0,0,2,1,6,1,10,1386,1,1,9,1
201343S053103,1,9,0,18,0,0,1,0,0,0,1,1,6,1,7,1299,1,13,9,1
201343S053103,2,9,0,4,0,0,0,0,0,0,2,1,6,1,10,1997,2,4,9,3
201343S053103,3,9,0,4,0,0,0,0,0,0,2,1,6,1,6,1968,2,4,9,1
201343S053103,4,9,0,13,0,0,0,0,0,0,0,1,1,1,8,2204,2,4,-1,-1
201343S053123,1,9,0,18,0,0,0,0,1,4,4,1,6,1,4,1468,1,22,9,2
201343S053123,2,9,0,18,0,0,0,0,0,0,1,1,6,1,5,1396,1,8,6,1
201343S054043,1,9,0,18,0,0,0,0,0,0,1,1,1,1,6,1248,2,2,2,1
201343S054043,2,9,4,18,0,0,0,0,1,7,2,1,1,1,7,-1,-1,-1,9,1
201343S054053,1,9,0,9,0,8,0,0,0,0,3,1,6,2,7,4398,1,9,3,1
201343S054053,2,5,0,14,0,8,0,0,0,0,1,1,6,1,8,742,1,14,9,1
201343S054053,3,5,0,14,0,1,0,0,0,0,1,1,6,1,8,1450,1,13,9,3
201343S054063,1,9,0,18,0,1,0,0,0,0,1,1,6,1,10,1596,1,11,-1,-1
201343S054063,2,9,0,3,0,1,0,0,0,0,2,1,6,1,8,1794,1,9,-1,-1
201343S054073,1,9,0,9,0,8,0,0,7,10,1,1,2,2,9,1061,1,9,6,2
201343S054073,2,9,0,18,0,1,0,0,0,0,1,1,6,1,5,-1,-1,-1,8,3
201343S054113,1,9,0,1,0,0,0,0,0,0,2,1,6,1,-1,-1,-1,-1,-1,-1
201343S054113,2,1,0,18,0,0,0,0,0,0,4,1,6,1,3,-1,-1,-1,9,1
201343S055013,1,9,0,16,0,0,0,0,0,0,4,1,3,1,10,1998,1,20,6,1
201343S055063,1,9,0,18,0,0,0,0,0,0,1,1,6,2,10,1242,1,16,6,1
201343S055073,1,19,0,18,0,8,0,0,0,0,3,1,1,1,8,1598,2,2,10,1
201343S055073,2,9,0,7,0,8,1,0,1,1,4,1,1,1,7,1995,2,2,9,1
201343S055103,1,9,0,9,0,4,0,0,0,0,1,1,6,1,4,1753,2,6,9,1
201343S055103,2,11,0,6,0,8,0,0,0,0,1,1,1,1,7,-1,2,14,5,1
201343S055113,1,9,0,18,0,3,1,10,2,7,1,1,1,2,5,1229,1,7,-1,-1
201343S056063,1,9,0,18,0,0,0,0,1,11,1,1,6,2,6,1900,2,7,10,1
201343S056113,1,19,0,18,0,0,0,0,0,0,1,1,1,1,7,2143,2,1,7,1
201343S056113,2,9,0,18,0,0,0,0,0,0,2,1,1,1,7,2400,2,4,-1,-1
201343S056123,1,8,0,2,0,0,0,0,0,0,0,1,1,1,-1,1896,2,5,-1,-1
201343S057033,1,9,0,9,0,5,0,0,0,0,1,1,6,1,7,1753,2,5,5,1
201343S057033,2,9,0,18,0,8,0,0,0,0,1,1,6,2,8,998,1,-1,9,1
201343S057053,1,9,0,18,0,1,0,0,0,0,1,1,6,1,-1,1988,1,16,9,1
201343S057053,2,9,0,3,0,1,0,0,0,0,2,1,6,2,6,1598,1,12,8,1
201343S057063,1,9,0,4,0,0,0,0,0,0,2,1,2,1,6,1598,1,11,2,1
201343S057063,2,8,0,18,0,0,0,0,0,0,1,1,1,1,6,1896,2,6,4,1
201343S057113,1,9,0,9,0,6,0,0,0,0,1,1,3,1,9,1229,1,4,5,1
201343S057113,2,9,0,18,0,1,0,0,0,0,4,1,6,2,5,1242,1,8,4,1
201343S058013,1,9,0,18,0,1,0,0,0,0,1,1,2,1,7,1399,2,3,8,2
201343S058013,2,9,0,18,0,1,0,0,0,0,2,1,2,1,9,2494,2,7,9,1
201343S058033,1,9,0,17,0,0,1,0,1,2,3,1,2,2,7,1596,1,8,8,2
201343S058063,1,9,0,4,0,1,0,0,0,0,1,1,6,2,9,1984,1,3,7,1
201343S058063,2,19,0,3,0,1,0,0,0,0,2,1,1,1,7,2500,2,6,-1,-1
201343S058083,1,9,0,9,0,6,0,0,0,0,3,1,6,1,5,1196,1,18,1,1
201343S058083,2,5,0,18,0,1,0,0,0,0,1,1,6,1,5,-1,-1,-1,-1,-1
201343S058093,1,9,0,9,0,6,0,0,0,0,1,1,6,3,-1,-1,-1,-1,-1,-1
201343S058093,2,1,0,18,0,8,0,0,0,0,2,1,2,1,6,-1,-1,-1,6,1
201343S058123,1,19,0,18,0,0,0,0,0,0,1,1,1,1,6,1995,2,1,10,3
201343S058123,2,19,0,2,0,0,0,0,0,0,2,1,1,1,7,2402,2,8,7,3
201343S059013,1,9,0,18,0,1,0,0,0,0,1,1,6,1,-1,3248,1,14,8,1
201343S059013,2,9,0,3,0,1,0,0,0,0,2,1,6,2,8,1497,1,12,8,1
201343S059093,1,9,0,9,0,6,0,0,0,0,1,1,6,2,5,1229,1,2,8,1
201343S059093,2,8,0,18,0,8,0,0,0,0,4,1,1,1,8,1995,2,6,8,1
201343S059103,1,9,0,18,0,0,1,0,5,6,3,1,6,1,6,1599,1,9,4,1
201343S059103,2,9,0,18,0,0,0,0,0,0,4,1,2,1,8,1910,2,8,1,1
201343S059113,1,9,0,18,0,4,0,0,0,0,3,1,6,2,10,1242,1,3,8,1
201343S059113,2,1,0,18,0,8,0,0,0,0,1,1,6,1,8,-1,-1,-1,10,1
201343S060013,1,9,0,4,0,1,1,0,0,0,3,1,6,1,5,-1,-1,-1,8,1
201343S060013,2,9,0,18,0,1,0,0,7,0,1,1,6,1,7,1598,1,6,8,1
201343S060033,1,9,0,18,0,0,0,0,4,0,1,1,1,1,6,-1,-1,-1,7,1
201343S060033,2,9,0,18,0,0,0,0,0,0,1,1,1,1,6,1988,7,12,9,1
201343S060093,1,9,0,9,0,6,0,0,1,0,3,1,2,1,6,1984,1,13,-1,-1
201343S060093,2,19,0,18,0,8,0,0,0,0,1,1,1,1,6,1598,2,7,6,2
201343S061033,1,9,0,1,0,2,0,0,0,0,2,1,6,1,-1,1242,1,9,9,3
201343S061033,2,9,0,2,0,2,0,0,0,0,1,1,6,2,6,1390,1,4,7,1
201343S061053,1,9,0,1,0,0,0,0,0,0,2,1,6,2,5,1596,1,9,3,2
201343S061093,1,9,0,18,0,8,0,0,0,0,4,1,6,1,-1,1388,1,14,-1,-1
201343S061093,2,8,0,18,0,8,0,0,0,0,1,1,1,1,6,1997,2,8,-1,-1
201343S061113,1,20,1,12,0,0,0,0,0,0,1,2,1,1,10,-1,-1,-1,-1,-1
201343S061113,2,9,0,18,0,0,0,4,0,0,4,1,6,2,6,-1,-1,-1,7,1
201343S061113,3,20,1,2,0,0,0,0,0,0,3,1,1,1,6,-1,-1,-1,-1,-1
201343S062023,1,9,0,18,0,0,0,0,0,0,1,1,6,1,8,796,1,13,4,1
201343S062023,2,21,1,2,0,0,0,0,0,0,2,1,6,1,7,12777,2,2,-1,2
201343S062043,1,9,0,9,0,8,0,0,0,0,1,1,1,1,9,1997,1,1,6,1
201343S062043,2,19,0,18,0,8,0,0,0,0,1,1,1,1,8,2198,2,1,10,3
201343S062063,1,9,0,18,0,1,0,0,0,0,1,1,6,1,6,1390,1,10,6,1
201343S062063,2,9,0,3,0,1,0,0,0,0,2,1,6,2,7,1587,1,9,5,1
201343S062083,1,9,0,12,0,3,0,0,0,0,3,1,6,2,7,995,1,-1,7,2
201343S062083,2,5,0,18,0,3,0,0,4,0,4,1,6,1,6,645,1,11,2,1
201343S062103,1,9,0,11,0,0,0,0,0,0,0,1,6,3,-1,-1,-1,-1,-1,-1
201343S062103,2,9,0,18,0,0,0,0,1,10,1,1,6,2,10,1600,1,15,6,1
201343S063033,1,5,0,18,0,0,1,0,0,0,3,1,6,1,5,649,1,1,-1,-1
201343S063053,1,21,1,18,0,0,0,0,0,0,1,1,1,1,8,12419,2,2,-1,-1
201343S063053,2,9,0,18,0,0,0,0,1,0,2,1,1,2,7,1390,1,11,9,1
201343S063063,1,19,0,18,0,4,0,0,0,0,1,1,6,1,4,1248,2,8,7,2
201343S063063,2,8,0,18,0,8,0,0,0,0,4,1,1,1,6,1794,1,7,4,1
201343S063073,1,9,0,7,0,6,0,0,0,0,1,1,6,2,6,998,1,4,8,1
201343S063073,2,9,0,18,0,1,0,0,0,0,4,1,6,2,4,1298,1,13,9,1
201343S063113,1,9,0,4,0,1,1,0,0,0,1,1,6,1,7,-1,-1,-1,6,1
201343S063113,2,9,0,8,0,1,0,0,0,0,2,1,3,2,7,1360,1,7,5,1
201343S064033,1,9,0,18,0,1,0,0,0,0,1,1,6,2,7,1360,1,4,8,2
201343S064053,1,9,0,7,0,6,0,0,0,0,3,1,6,1,10,1598,1,-1,-1,-1
201343S064053,2,9,0,18,0,1,0,0,0,0,4,1,6,2,7,1390,1,16,4,1
201343S064063,1,19,0,9,0,8,0,0,0,0,4,1,1,1,5,1968,2,-1,10,1
201343S064063,2,9,0,18,0,1,0,0,0,0,1,1,6,2,7,1328,1,8,2,1
201343S064113,1,9,0,9,0,6,0,0,0,0,3,1,3,1,7,1794,1,9,2,1
201343S064113,2,19,0,18,0,1,1,0,0,0,1,1,1,1,9,1896,2,6,-1,-1
201343S065033,1,9,0,18,0,1,0,0,0,0,1,1,6,2,6,1896,2,10,9,1
201343S065033,2,9,0,18,0,1,0,0,0,0,2,1,6,1,10,1198,1,1,6,1
201343S065033,3,9,0,18,0,1,0,0,0,0,2,1,6,2,5,1796,1,9,10,1
201343S065043,1,9,0,9,0,8,0,0,0,0,1,1,6,1,6,2967,2,-1,9,1
201343S065043,2,9,0,18,0,8,0,0,0,0,3,1,6,2,7,1388,1,10,10,3
201343S065063,1,9,0,4,0,0,1,0,0,0,1,1,2,1,8,1242,1,16,9,3
201343S065063,2,9,0,4,0,0,0,0,0,0,2,1,2,2,5,3246,1,11,4,1
201343S065083,1,2,0,18,0,8,1,0,0,0,0,1,6,2,5,49,1,-1,4,1
201343S066043,1,3,0,18,0,4,0,0,0,0,1,1,2,1,6,125,1,2,9,1
201343S066043,2,9,0,18,0,8,0,0,0,0,4,1,2,1,9,2143,2,1,9,1
201343S066053,1,3,0,7,0,8,1,0,0,0,4,1,2,1,8,125,1,1,-1,-1
201343S066063,1,5,0,18,0,1,1,0,0,0,0,1,1,1,5,953,1,7,1,1
201343S066083,1,9,0,18,0,0,1,0,5,6,1,1,6,1,6,1389,1,10,3,1
201343S066083,2,9,0,18,0,0,2,0,0,0,2,1,6,2,7,1248,1,-1,7,1
201343S066093,1,8,0,18,0,8,0,0,0,0,0,1,1,1,7,1910,2,8,-1,-1
201343S066123,1,9,0,5,9,6,0,0,0,0,4,1,6,1,9,1796,1,12,-1,-1
201343S066123,2,1,0,18,9,1,0,0,0,0,1,1,6,1,9,-1,-1,-1,4,1
201343S067023,1,9,0,7,0,4,0,0,0,0,1,1,2,1,7,1560,2,2,4,1
201343S067023,2,9,0,9,0,8,0,0,0,0,1,1,6,2,4,1229,1,8,9,1
201343S067033,1,9,0,17,0,0,5,0,1,10,1,2,6,1,6,1242,1,14,1,1
201343S067053,1,9,0,9,0,8,0,0,0,0,3,1,6,1,8,2143,2,3,7,1
201343S067053,2,9,0,18,0,1,0,0,4,0,1,1,6,1,6,2494,1,11,-1,-1
201343S067063,1,9,0,9,0,8,0,0,0,0,1,1,6,2,8,1598,1,6,9,2
201343S067063,2,9,0,18,0,8,0,0,0,0,3,1,6,1,9,2793,1,14,9,2
201343S068023,1,9,0,9,0,6,0,0,0,0,3,1,3,2,7,1598,1,7,-1,-1
201343S068023,2,9,0,18,0,8,0,0,0,0,1,1,3,2,7,1598,1,12,9,2
201343S068063,1,9,0,4,0,1,0,0,0,0,1,1,6,2,6,1598,1,1,7,1
201343S068063,2,9,0,4,0,1,0,0,0,0,2,1,6,2,7,998,1,12,3,1
201343S068073,1,9,0,9,0,8,0,0,0,0,0,1,6,2,10,1299,1,13,9,1
201343S068073,2,3,0,18,0,1,1,0,0,0,0,1,6,1,6,124,1,1,6,1
201343S068113,1,9,0,9,0,8,0,0,0,0,4,1,6,1,8,1798,1,2,10,1
201343S068113,2,9,0,18,0,1,0,0,0,0,1,1,6,2,7,1560,2,1,9,1
201343S069023,1,20,0,17,0,0,2,0,1,9,1,1,1,1,7,-1,-1,-1,7,1
201343S069063,1,9,0,18,0,4,0,0,0,0,3,1,6,1,7,1596,1,11,9,1
201343S069063,2,5,0,18,0,8,0,0,1,1,1,1,6,1,7,998,1,9,10,1
201343S069083,1,9,0,6,0,8,0,0,1,0,4,1,6,2,6,1398,2,1,10,1
201343S069083,2,9,0,18,0,8,0,0,0,0,1,1,6,1,4,1364,1,6,9,1
201343S069123,1,11,0,18,0,4,1,9,0,0,1,1,1,1,5,-1,-1,-1,3,1
201343S070013,1,9,0,1,0,0,0,0,0,0,2,1,3,2,7,2231,2,6,8,1
201343S070063,1,9,0,9,0,8,0,0,1,0,1,1,1,1,5,1360,1,10,9,1
201343S070063,2,9,0,18,0,8,0,0,0,0,1,1,1,2,6,1368,1,9,2,1
201343S070083,1,21,0,5,0,1,0,0,0,0,1,1,6,1,7,5480,2,11,-1,-1
201343S070083,2,9,0,3,0,1,0,0,0,0,2,1,6,1,5,1364,1,9,3,1
201343S070123,1,9,0,9,0,8,0,0,0,0,4,1,6,1,8,-1,-1,-1,8,1
201343S070123,2,9,0,18,0,1,0,0,0,0,1,1,6,1,8,1242,1,11,2,1
201343S071073,1,3,0,18,0,8,0,0,1,0,0,1,6,1,5,-1,-1,-1,8,3
201343S071073,2,19,0,18,0,8,0,0,0,0,0,1,6,3,-1,-1,-1,-1,-1,-1
201343S071083,1,9,0,18,0,8,0,0,0,0,1,1,2,2,-1,-1,-1,-1,10,1
201343S071083,2,9,0,18,0,8,0,0,0,0,1,1,6,2,8,-1,-1,-1,9,1
201343S071093,1,9,0,5,0,1,0,0,0,0,1,1,6,2,5,1149,1,10,9,1
201343S071093,2,9,0,5,0,1,0,0,0,0,2,1,6,1,6,998,1,2,8,1
201343S071123,1,9,0,9,0,5,0,0,0,0,1,1,6,2,6,1798,1,7,1,1
201343S072033,1,9,0,9,0,6,0,0,1,7,3,1,1,1,9,2143,2,2,10,1
201343S072033,2,9,0,18,0,8,0,0,4,6,4,1,6,2,6,-1,-1,-1,1,1
201343S072053,1,1,0,18,0,0,0,0,0,0,1,1,6,1,7,-1,-1,-1,9,1
201343S072053,2,9,0,18,0,0,0,0,0,0,3,1,6,1,9,1598,1,9,9,1
201343S072073,1,1,0,18,0,4,0,0,0,0,3,1,6,2,4,-1,-1,-1,7,1
201343S072073,2,9,0,9,0,4,0,0,0,0,1,1,6,2,-1,1598,2,-1,9,1
201343S072093,1,9,0,18,0,0,0,0,0,0,0,1,6,2,5,-1,-1,-1,2,1
201343S072103,1,9,0,5,0,1,0,0,0,0,1,1,2,1,8,2979,1,6,9,1
201343S072103,2,9,0,3,0,1,0,0,0,0,2,1,6,2,6,1397,1,3,9,3
201343S072113,1,9,0,9,0,6,0,0,0,0,3,1,1,2,7,1390,1,9,9,1
201343S072113,2,9,0,18,0,1,0,0,0,0,1,1,1,1,10,1560,2,9,9,1
201343S072123,1,9,0,18,0,8,5,9,1,2,1,1,6,1,7,1956,2,1,10,2
201343S073033,1,19,0,6,8,6,0,0,0,0,1,1,1,1,7,2143,2,1,2,1
201343S073033,2,9,0,3,0,1,0,0,0,0,4,1,2,2,7,875,1,-1,7,1
201343S073083,1,9,0,18,0,1,1,10,6,0,1,1,2,1,5,1596,1,11,8,1
201343S073083,2,9,0,18,0,1,0,0,0,0,3,1,6,2,5,1998,2,8,3,1
201343S073103,1,9,0,9,0,8,0,0,0,0,4,1,6,2,9,1995,2,5,7,1
201343S073103,2,9,0,18,0,1,0,0,0,0,1,1,6,2,6,1997,2,8,9,1