Accident_Index,Vehicle_Reference,Vehicle_Type,Towing_and_Articulation,Vehicle_Manoeuvre,Vehicle_Location-Restricted_Lane,Junction_Location,Skidding_and_Overturning,Hit_Object_in_Carriageway,Vehicle_Leaving_Carriageway,Hit_Object_off_Carriageway,1st_Point_of_Impact,Was_Vehicle_Left_Hand_Drive?,Journey_Purpose_of_Driver,Sex_of_Driver,Age_Band_of_Driver,Engine_Capacity_(CC),Propulsion_Code,Age_of_Vehicle,Driver_IMD_Decile,Driver_Home_Area_Type
201343S104073,3,9,0,4,0,8,0,0,0,0,1,1,6,2,6,1396,1,23,-1,-1
201343S104083,1,9,0,4,0,1,0,0,0,0,1,1,6,2,6,1598,2,3,10,3
201343S104083,2,9,0,18,0,1,0,0,0,0,2,1,6,1,7,1598,1,6,5,1
201343S104083,3,9,0,9,0,8,0,0,0,0,0,1,1,1,7,1994,1,9,-1,-1
201343S104113,1,9,0,18,0,8,0,0,0,0,1,1,6,1,7,1796,1,17,2,1
201343S104113,2,9,0,9,0,8,0,0,0,0,4,1,6,2,7,1989,1,11,9,1
201343S104123,1,9,0,18,0,4,0,0,0,0,3,1,6,1,11,2198,1,11,9,1
201343S104123,2,1,0,18,0,8,0,0,0,0,1,1,6,1,5,-1,-1,-1,-1,-1
201343S105043,1,9,0,18,0,8,0,0,0,0,1,1,6,3,-1,-1,-1,-1,-1,-1
201343S105053,1,9,0,9,0,8,0,0,0,0,1,1,6,1,11,1329,1,-1,8,2
201343S105053,2,9,0,18,0,8,0,0,0,0,1,1,6,2,6,1598,1,12,5,1
201343S105123,1,21,4,5,0,1,0,0,0,0,1,2,1,1,8,-1,-1,-1,-1,-1
201343S105123,2,1,0,3,0,1,0,0,0,0,2,1,6,2,9,-1,-1,-1,10,1
201343S106033,1,9,0,18,0,0,0,7,2,7,1,1,6,1,6,1242,1,7,10,2
201343S106033,2,9,0,18,0,0,0,0,4,6,2,1,6,2,9,1598,1,3,10,1
201343S106043,1,9,0,9,0,8,0,0,0,0,1,1,6,1,5,2461,2,14,7,1
201343S106043,2,9,0,18,0,1,0,0,0,0,1,1,6,2,8,1994,2,6,6,3
201343S106073,1,9,0,16,0,0,0,0,7,9,1,1,6,1,5,1999,1,12,9,3
201343S106093,1,9,0,6,0,0,0,0,0,0,3,1,6,1,7,1598,2,2,1,1
201343S106093,2,9,0,14,0,0,1,0,0,0,4,1,6,1,8,1360,1,14,3,1
201343S106113,1,9,0,18,0,4,0,0,1,10,3,1,6,2,7,1587,1,8,7,1
201343S106113,2,9,0,9,0,4,5,0,0,0,4,1,6,1,7,1560,2,3,9,1
201343S106123,1,9,0,18,0,0,0,0,0,0,1,1,2,1,5,1242,1,1,7,2
201343S106123,2,1,0,18,0,0,0,0,0,0,3,1,2,1,5,-1,-1,-1,2,1
201343S107013,1,9,0,9,0,5,0,0,0,0,4,1,6,1,5,1339,1,1,5,1
201343S107033,1,19,0,18,0,1,0,0,0,0,1,1,1,1,7,2402,2,8,9,1
201343S107033,2,9,0,10,0,5,0,0,0,0,2,1,6,1,9,1598,2,3,9,3
201343S108033,1,11,0,18,0,0,0,0,0,0,1,1,1,2,8,3900,2,6,3,1
201343S108033,2,9,0,18,0,0,0,0,0,0,1,1,6,1,6,2198,1,11,1,1
201343S108043,1,9,0,18,0,0,0,0,0,0,3,1,6,2,7,999,1,-1,9,2
201343S108063,1,19,0,4,0,2,0,0,1,0,1,1,1,1,6,2148,2,4,9,1
201343S108063,2,19,0,4,0,2,0,0,0,0,2,1,1,1,6,2143,2,2,5,1
201343S108103,1,9,0,18,0,0,0,0,0,0,1,1,6,1,4,-1,-1,-1,-1,-1
201343S109033,1,9,0,9,0,5,0,0,0,0,1,1,6,2,4,999,1,8,10,1
201343S109033,2,9,0,18,0,8,0,0,1,0,3,1,6,2,8,1968,2,3,9,1
201343S109063,1,9,0,5,0,4,0,0,0,0,1,1,6,1,8,-1,-1,-1,10,2
201343S109063,2,9,0,5,0,4,0,0,0,0,2,1,6,2,10,698,1,10,8,3
201343S109073,1,8,0,5,0,1,0,0,0,0,1,1,1,1,6,-1,-1,-1,4,1
201343S109073,2,9,0,8,0,1,0,0,0,0,2,1,2,1,6,1794,1,11,3,1
201343S109123,1,21,1,18,0,0,3,0,1,9,1,1,1,1,9,12580,2,7,5,1
201343S109123,2,19,0,18,0,0,5,0,1,9,2,1,6,1,6,1753,2,5,8,1
201343S110033,1,9,0,18,0,2,0,0,0,0,1,1,6,3,-1,1991,1,13,-1,-1
201343S110073,1,9,0,5,0,1,0,0,0,0,1,1,6,1,7,1798,1,6,4,1
201343S110073,2,9,0,3,0,1,0,0,0,0,2,1,6,2,7,1339,1,10,10,1
201343S110083,1,9,0,5,0,1,0,0,0,0,1,1,6,2,8,1598,1,9,2,1
201343S110083,2,5,0,3,0,1,0,0,0,0,2,1,6,1,9,647,1,13,2,1
201343S110113,1,21,1,11,0,1,0,0,0,0,1,1,1,1,8,12419,2,2,5,1
201343S110113,2,9,0,18,0,1,0,0,0,0,3,1,2,2,5,998,1,1,9,3
201343S111013,1,9,0,9,0,8,0,0,0,0,1,1,6,3,-1,2720,2,6,8,1
201343S111013,2,9,0,18,0,8,0,0,0,0,2,1,6,2,6,1235,1,24,8,1
201343S111023,1,9,0,9,0,6,0,0,0,0,1,1,6,1,7,1984,1,5,9,1
201343S111023,2,9,0,18,0,8,1,0,0,0,1,1,6,2,6,998,1,12,6,1
201343S111063,1,9,0,18,0,1,0,0,0,0,1,1,6,2,7,-1,-1,-1,-1,-1
201343S111073,1,9,0,9,0,8,0,0,0,0,1,1,6,2,10,1796,1,5,10,2
201343S111073,2,9,0,18,0,8,0,0,0,0,3,1,1,2,5,1587,1,13,5,1
201343S111083,1,9,0,18,0,1,1,0,1,7,1,1,6,2,5,1390,1,4,9,3
201343S111083,2,9,0,18,0,1,1,0,0,0,2,1,6,1,6,1598,1,14,1,1
201343S111093,1,9,0,4,0,1,0,0,0,0,1,1,6,2,8,1598,1,10,9,1
201343S111093,2,9,0,4,0,8,0,0,0,0,2,1,6,2,7,-1,-1,-1,9,3
201343S111103,1,9,0,18,0,0,5,0,1,7,4,1,6,1,5,1364,1,6,9,1
201343S112033,1,8,0,9,0,8,0,0,0,0,1,1,1,1,7,1560,2,7,4,1
201343S112033,2,9,0,18,0,1,0,0,1,0,1,1,6,1,8,2149,2,5,7,2
201343S112113,1,9,0,18,0,4,0,0,0,0,3,1,6,2,9,1086,1,2,9,3
201343S112113,2,1,0,18,0,8,0,0,0,0,1,1,6,1,7,-1,-1,-1,2,1
201343S113013,1,9,0,18,0,0,0,0,0,0,1,1,2,1,9,3222,2,10,9,3
201343S113013,2,9,0,4,0,0,0,0,0,0,2,1,1,2,6,-1,-1,-1,9,1
201343S113033,1,9,0,4,0,0,0,0,0,0,2,1,6,1,5,1360,1,15,3,1
201343S113033,2,9,0,4,0,0,0,0,0,0,0,1,6,1,5,1999,1,5,4,1
201343S113033,3,9,0,18,0,0,0,0,0,0,1,1,6,2,6,1124,1,16,8,1
201343S113063,1,9,0,7,0,6,0,0,0,0,1,1,6,1,7,1761,1,14,1,1
201343S113063,2,9,0,18,0,8,0,0,0,0,4,1,6,1,6,1998,1,7,8,1
201343S113073,1,19,0,9,0,6,0,0,0,0,1,1,1,2,8,1753,2,4,6,1
201343S113073,2,3,0,18,0,8,0,0,0,0,4,1,6,1,5,125,1,2,4,1
201343S113083,1,4,0,18,0,0,0,0,0,0,2,1,1,1,7,124,1,2,1,1
201343S113083,2,9,0,4,0,0,0,0,0,0,1,1,6,1,6,1229,1,8,3,1
201343S113093,1,9,0,16,0,2,0,0,8,11,1,1,6,2,7,1997,2,2,3,1
201343S113113,1,9,0,9,0,8,0,0,0,0,4,1,6,2,4,1242,1,9,4,1
201343S113113,2,9,0,18,0,8,0,0,0,0,1,1,6,2,7,1753,2,6,9,1
201343S113123,1,9,0,9,0,8,0,0,0,0,4,1,6,1,7,1910,2,8,7,1
201343S113123,2,9,0,18,0,1,0,0,0,0,1,1,6,1,9,1896,2,6,8,1
201343S114023,1,9,0,18,0,4,0,0,1,4,1,1,6,1,7,1769,1,11,4,1
201343S114023,2,19,0,18,0,8,0,0,0,0,4,1,1,1,8,2400,2,11,10,1
201343S114043,1,9,0,18,0,0,2,0,1,4,1,1,1,1,6,1989,1,14,4,1
201343S114053,1,9,0,18,0,0,0,0,0,0,1,1,1,1,7,2967,2,-1,9,2
201343S114053,2,19,0,18,0,0,0,0,0,0,1,1,1,1,5,1996,2,2,8,2
201343S114053,3,9,0,18,0,0,0,0,0,0,1,1,1,1,7,1560,2,-1,4,1
201343S114053,4,9,0,4,0,0,0,0,0,0,2,1,1,1,8,1497,1,10,8,1
201343S114063,1,9,0,9,0,8,0,0,0,0,1,1,3,2,6,1796,1,12,2,1
201343S114063,2,5,0,18,0,1,1,0,0,0,1,1,2,1,6,398,1,14,10,1
201343S114123,1,9,0,18,0,1,0,0,0,0,3,1,1,1,6,1910,2,8,6,1
201343S114123,2,9,0,7,0,1,0,0,0,0,4,1,6,1,5,1781,1,13,10,1
201343S115013,1,9,0,9,0,6,0,0,0,0,3,1,6,1,9,1998,1,9,9,1
201343S115013,2,9,0,18,0,8,0,0,0,0,1,1,6,1,10,2499,1,7,9,3
201343S115023,1,9,0,18,0,0,0,0,0,0,1,1,6,2,-1,2184,2,10,-1,-1
201343S115053,1,9,0,9,0,8,0,0,0,0,1,1,6,2,6,1339,1,7,-1,-1
201343S115053,2,9,0,18,0,1,0,0,0,0,1,1,1,2,9,1248,2,7,6,1
201343S115083,1,3,0,18,0,8,1,0,1,0,0,1,6,2,4,125,1,2,1,1
201343S115103,1,9,0,15,0,0,0,0,0,0,1,1,1,1,6,1968,2,1,8,3
201343S115103,2,9,0,11,0,0,2,0,1,1,2,1,6,1,6,1598,2,2,9,1
201343S115113,1,9,0,18,0,1,1,0,0,0,1,1,6,2,7,1328,1,10,2,1
201343S115113,2,9,0,3,0,1,0,0,0,0,2,1,6,2,5,1493,2,7,9,1
201343S115113,3,9,0,10,0,8,0,0,0,0,2,1,6,2,6,2521,1,2,-1,-1
201343S116013,1,8,0,1,0,0,0,0,0,0,2,1,1,1,6,1560,2,6,2,1
201343S116053,1,9,0,9,0,6,0,0,0,0,2,1,6,1,9,1783,1,12,10,1
201343S116053,2,3,0,18,0,1,1,0,0,0,1,1,6,1,7,125,1,1,-1,-1
201343S116073,1,21,1,12,0,0,0,0,0,0,3,2,1,1,7,-1,-1,-1,-1,-1
201343S116073,2,9,0,18,0,0,2,0,1,0,4,1,6,2,7,1598,1,2,6,1
201343S116093,1,9,0,5,0,6,0,0,0,0,1,1,6,2,9,1388,1,6,4,1
201343S116093,2,9,0,18,0,8,0,0,0,0,3,1,6,2,9,998,1,3,4,1
201343S116103,1,9,0,9,0,6,0,0,0,0,1,1,2,2,6,1999,1,12,8,2
201343S116103,2,9,0,18,0,1,0,0,0,0,4,1,2,1,7,1390,1,10,10,3
201343S116113,1,9,0,18,0,0,0,0,0,0,1,1,6,1,5,1596,1,8,4,1
201343S116113,2,9,0,4,0,0,0,0,0,0,2,1,6,1,8,2184,2,9,5,1
201343S117043,1,9,0,17,0,0,1,0,1,10,3,1,6,1,5,1389,1,17,9,3
201343S117053,1,9,0,9,0,8,0,0,0,0,4,1,6,1,6,1598,1,4,9,1
201343S117053,2,9,0,18,0,1,1,0,1,0,1,1,6,1,6,1598,1,13,9,2
201343S117073,1,9,0,9,0,6,0,0,0,0,1,1,6,1,9,1395,1,-1,9,3
201343S117073,2,19,0,18,0,1,0,0,0,0,1,1,1,1,6,1248,2,7,-1,-1
201343S117093,1,9,0,18,0,0,0,0,0,0,0,1,6,1,7,1994,1,13,9,1
201343S117093,2,9,0,18,0,0,1,0,6,11,1,1,6,1,7,1598,1,8,2,1
201343S117093,3,8,0,18,0,0,0,0,0,0,2,1,1,1,7,1910,2,4,3,1
201343S117093,4,9,0,18,0,0,0,0,0,0,3,1,6,1,9,2926,2,10,4,1
201343S117103,1,19,0,18,0,1,0,0,0,0,1,1,6,1,9,1870,2,9,4,1
201343S117103,2,8,0,4,0,1,0,0,0,0,2,1,6,1,6,1896,2,6,6,1
201343S118013,1,9,0,9,0,8,0,0,0,0,1,1,6,2,6,1900,2,14,8,3
201343S118013,2,9,0,18,0,8,0,0,0,0,3,1,6,2,6,1590,1,11,7,1
201343S118023,1,9,0,9,0,5,0,0,0,0,4,1,6,2,6,1560,2,1,5,1
201343S118023,2,9,0,18,0,8,0,0,0,0,1,1,2,1,6,996,1,4,7,1
201343S118043,1,9,0,9,0,5,0,0,0,0,1,1,6,1,10,1272,1,22,5,1
201343S118043,2,9,0,18,0,8,1,0,0,0,1,1,6,1,7,2495,2,18,3,1
201343S118063,1,9,0,9,0,8,0,0,1,0,4,1,6,2,5,998,1,3,8,1
201343S118063,2,9,0,18,0,1,0,0,1,0,1,1,1,2,6,2521,1,5,10,1
201343S118083,1,9,0,12,0,6,0,0,0,0,3,1,1,1,6,1560,2,8,5,1
201343S118083,2,9,0,18,0,8,1,0,5,6,4,1,1,2,5,1400,1,14,10,1
201343S118103,1,9,0,9,0,8,0,0,0,0,1,1,2,2,7,1598,1,13,3,1
201343S118103,2,9,0,18,0,8,0,0,0,0,1,1,6,2,5,998,1,9,2,1
201343S118113,1,9,0,18,0,0,0,0,0,0,1,1,6,1,5,1242,1,12,10,3
201343S118113,2,9,0,4,0,0,0,0,0,0,2,2,6,2,5,1198,1,1,-1,-1
201343S119013,1,9,0,9,0,6,0,0,0,0,3,1,6,1,8,1598,1,8,4,1
201343S119013,2,9,0,18,0,8,0,0,0,0,1,1,2,1,6,1796,1,8,1,1
201343S119023,1,9,0,18,0,0,0,0,7,9,1,1,6,1,7,1968,2,1,-1,-1
201343S119023,2,9,0,18,0,0,0,0,1,9,1,1,2,1,7,-1,-1,-1,8,3
201343S119053,1,9,0,18,0,0,0,0,0,0,1,1,6,2,4,1596,1,10,10,1
201343S119053,2,9,0,3,0,0,0,0,0,0,2,1,6,2,8,1389,1,11,5,1
201343S119053,3,9,0,3,0,0,0,0,0,0,2,1,6,1,11,1998,1,16,9,1
201343S119063,1,2,0,18,0,4,0,9,3,1,1,1,6,2,4,49,1,1,10,1
201343S119073,1,9,0,9,0,8,0,0,0,0,1,1,6,2,8,2231,2,-1,5,1
201343S119073,2,9,0,18,0,1,0,0,0,0,1,1,6,1,5,2143,2,-1,-1,-1
201343S119093,1,9,0,18,0,0,0,7,1,10,1,1,6,1,4,1995,1,8,5,1
201343S119103,1,9,0,9,0,6,0,0,0,0,3,1,6,1,6,998,1,-1,8,1
201343S119103,2,9,0,18,0,1,0,0,1,0,1,1,6,1,7,1590,1,10,10,3
201343S119113,1,8,0,4,0,0,0,0,0,0,0,1,1,1,6,1997,2,5,2,1
201343S120013,1,9,0,18,0,1,0,0,0,0,1,1,6,1,5,2967,2,7,9,3
201343S120013,2,9,0,3,0,1,0,0,0,0,2,1,6,2,6,1956,2,4,4,1
201343S120043,1,9,0,5,0,1,0,0,0,0,1,1,2,2,5,1398,2,4,8,1
201343S120043,2,9,0,4,0,1,0,0,0,0,2,1,2,2,5,1368,1,6,7,1
201343S120053,1,9,0,18,0,1,0,0,0,0,1,1,6,1,-1,1390,1,11,9,1
201343S120053,2,9,0,8,0,1,0,0,0,0,2,1,1,2,5,1299,1,10,9,2
201343S120063,1,9,0,18,0,8,0,0,0,0,1,1,6,1,5,2143,2,1,1,1
201343S120063,2,9,0,18,0,8,5,0,0,0,4,1,6,1,6,1199,1,10,10,1
201343S120073,1,9,0,18,0,0,0,4,0,0,1,1,6,1,4,1195,1,16,3,1
201343S120073,2,19,0,2,0,0,0,0,0,0,1,1,6,1,10,-1,-1,-1,3,1
201343S120083,1,9,0,18,0,1,0,7,0,0,1,1,2,2,7,1360,1,10,7,1
201343S120103,1,9,0,18,0,0,1,0,0,0,1,1,6,1,4,1229,1,7,7,2
201343S120103,2,9,0,4,0,0,0,0,0,0,2,1,6,1,6,1686,2,2,9,2
201343S121023,1,8,0,18,0,0,0,0,0,0,1,1,6,1,-1,1997,2,8,-1,-1
201343S121023,2,-1,-1,4,0,0,0,0,0,0,2,1,6,3,-1,-1,-1,-1,-1,-1
201343S121073,1,9,0,18,0,0,0,0,1,10,1,1,6,1,8,1984,1,-1,10,3
201343S121093,1,9,0,9,0,8,0,0,0,0,0,1,6,3,-1,-1,-1,-1,-1,-1
201343S121093,2,1,0,18,0,1,0,0,0,0,0,1,1,1,6,-1,-1,-1,9,1
201343S121103,1,9,0,18,0,8,5,10,0,0,1,1,6,1,4,1149,1,9,4,1
201343S121103,2,9,0,18,0,8,0,0,0,0,1,1,6,2,7,2987,2,8,7,1
201343S121123,1,9,0,9,0,8,0,0,0,0,1,1,6,1,7,1968,2,5,9,3
201343S121123,2,9,0,18,0,1,0,0,0,0,1,1,6,1,8,1343,1,8,5,1
201343S122043,1,9,0,9,0,8,0,0,0,0,4,1,6,1,6,1796,1,4,9,1
201343S122043,2,9,0,18,0,1,0,0,0,0,1,1,6,1,7,1242,1,9,10,1
201343S122103,1,9,0,5,0,1,0,0,0,0,1,1,6,2,4,1242,1,2,10,3
201343S122103,2,9,0,3,0,1,0,0,0,0,2,1,6,1,6,1599,1,13,2,1
201343S122113,1,9,0,16,0,0,1,0,7,5,4,1,6,1,5,2494,1,13,1,1
201343S123013,1,9,0,9,0,6,0,0,0,0,1,1,1,1,5,-1,-1,-1,7,1
201343S123013,2,9,0,18,0,8,0,0,0,0,3,1,1,1,7,1896,2,12,5,1
201343S123023,1,9,0,5,0,4,0,0,0,0,1,1,6,1,-1,-1,-1,-1,-1,-1
201343S123023,2,1,0,18,0,8,0,0,0,0,4,1,6,2,10,-1,-1,-1,9,1
201343S123063,1,9,0,18,0,1,0,0,0,0,0,1,1,1,6,2319,2,1,2,1
201343S123063,2,9,0,7,0,1,0,0,1,2,4,1,6,1,7,1248,2,5,2,1
201343S123093,1,19,0,4,0,1,0,0,0,0,1,1,6,1,8,1997,2,13,-1,-1
201343S123093,2,9,0,3,0,1,0,0,0,0,2,1,6,2,4,1328,1,5,-1,-1
201343S123103,1,9,0,17,0,0,1,0,0,0,1,1,6,2,7,1598,1,8,1,1
201343S123103,2,9,0,16,0,0,0,0,0,0,1,1,6,2,7,1240,1,9,1,1
201343S124013,1,9,0,5,0,6,0,0,0,0,1,1,6,2,-1,1364,2,2,-1,-1
201343S124093,1,19,0,14,0,8,1,0,0,0,1,1,6,1,4,2488,2,3,9,1
201343S124093,2,9,0,18,0,8,0,0,0,0,1,1,6,2,5,1388,1,9,8,1
201343S125043,1,9,0,14,0,0,0,0,0,0,1,1,6,1,7,-1,-1,-1,-1,-1
201343S125053,1,9,0,18,0,0,0,0,2,10,1,1,6,2,5,1497,1,10,5,1
201343S125063,1,9,0,18,0,1,0,0,0,0,4,1,6,1,6,1149,1,9,5,2
201343S125063,2,1,0,18,9,1,0,0,0,0,1,1,6,1,6,-1,-1,-1,9,1
201343S125073,1,21,4,12,0,0,0,0,0,0,3,2,1,1,8,-1,-1,-1,-1,-1
201343S125073,2,9,0,18,0,0,1,0,0,0,4,1,6,2,8,1796,1,10,4,1
201343S125083,1,4,0,13,0,8,0,0,7,9,1,1,2,1,7,781,1,15,-1,-1
201343S125083,2,17,4,9,0,8,0,0,0,0,3,1,1,1,7,6788,2,3,8,3
201343S125093,1,1,0,18,0,0,0,0,0,0,1,1,6,2,6,-1,-1,-1,10,1
201343S125093,2,9,0,18,0,0,0,0,0,0,1,1,2,2,8,1596,1,5,7,1
201343S125123,1,9,0,1,9,6,0,0,0,0,2,1,6,2,9,1560,2,3,4,1
201343S126013,1,9,0,16,0,0,0,1,0,0,1,1,6,1,7,1968,2,-1,10,1
201343S126013,2,9,0,2,0,0,0,0,1,10,2,1,6,2,8,-1,-1,-1,4,1
201343S126043,1,9,0,18,0,0,1,0,0,0,1,1,6,2,8,1998,1,15,4,1
201343S126043,2,9,0,4,0,0,0,0,0,0,2,1,6,2,7,-1,-1,-1,9,1
201343S126103,1,9,0,4,0,0,1,0,0,0,1,1,6,1,4,1998,1,-1,10,2
201343S126103,2,9,0,4,0,0,0,0,0,0,2,1,6,1,6,1998,1,11,8,1
201343S127053,1,9,0,1,0,0,0,0,0,0,2,1,6,2,-1,2360,2,11,-1,-1
201343S127083,1,9,0,18,0,0,0,0,0,0,1,1,6,2,7,1596,1,3,10,2
201343S127083,2,9,0,4,0,0,0,0,0,0,2,1,6,1,6,-1,-1,-1,9,1
201343S127083,3,9,0,4,0,0,0,0,0,0,2,1,6,1,6,2993,2,-1,7,1
201343S127083,4,9,0,4,0,0,0,0,0,0,2,1,6,2,6,1984,1,3,8,1
201343S127093,1,9,0,9,0,1,1,0,0,0,3,1,6,2,8,1498,1,8,9,1
201343S127093,2,9,0,18,0,1,1,0,0,0,4,1,6,1,6,1396,1,13,2,1
201343S128043,1,9,0,18,0,0,0,0,0,0,1,1,6,2,10,1198,1,1,4,1
201343S128093,1,5,0,4,0,1,1,0,0,0,0,1,6,1,7,1731,1,2,9,1
201343S129063,1,3,0,18,0,8,0,10,0,0,1,1,2,2,5,124,1,11,2,1
201343S129073,1,9,0,18,0,0,1,0,0,0,1,1,6,1,5,1984,1,17,10,3
201343S129073,2,9,0,18,0,0,0,0,0,0,1,1,6,2,7,999,1,3,8,1
201343S129083,1,9,0,17,0,0,2,10,7,4,1,1,6,1,6,1364,1,6,10,1
201343S129093,1,9,0,-1,0,8,-1,0,0,0,1,1,2,2,7,1951,2,8,9,3
201343S129093,2,9,0,-1,0,8,-1,0,0,0,2,1,6,2,5,1229,1,5,6,1
201343S130013,1,9,0,18,0,0,0,0,7,10,1,1,6,1,7,1895,1,13,9,1
201343S130013,2,9,0,2,0,0,0,0,0,0,2,1,6,1,6,2171,1,10,10,1
201343S130013,3,9,0,2,0,0,0,0,0,0,2,1,6,2,10,2000,2,13,-1,-1
201343S130093,1,5,0,18,0,8,1,0,0,0,1,1,6,1,8,1250,1,12,2,1
201343S130093,2,9,0,6,0,8,0,0,0,0,2,1,6,1,6,1598,1,6,5,1
201343S130123,1,9,0,9,0,8,0,0,0,0,4,1,6,2,8,1360,1,7,8,1
201343S130123,2,9,0,18,0,8,0,0,0,0,1,1,6,2,7,1798,1,1,5,1
201343S131053,1,19,0,6,0,8,0,0,0,0,0,1,6,1,10,2148,2,6,9,1
201343S131103,1,9,0,9,0,8,0,0,0,0,3,1,6,2,6,998,1,12,-1,-1
201343S131103,2,9,0,18,0,8,0,0,0,0,1,1,1,2,6,1242,1,7,3,1
201343S132013,1,9,0,4,0,1,0,0,0,0,1,2,2,1,6,-1,-1,-1,-1,-1
201343S132013,2,9,0,4,0,1,0,0,0,0,2,1,2,2,6,1360,1,7,9,1
201343S132093,1,4,0,13,0,8,0,0,7,11,4,1,2,1,6,599,1,12,10,2
201343S132093,2,9,0,9,0,8,0,0,0,0,3,1,6,1,5,1796,1,12,7,1
201343S132103,1,19,0,18,0,4,0,0,0,0,3,1,1,1,5,2402,2,9,9,2
201343S132103,2,9,0,9,0,8,0,0,0,0,1,1,6,2,7,1997,2,4,7,1
201343S132113,1,9,0,9,0,8,0,0,0,0,4,1,2,2,7,1598,1,10,2,1
201343S132113,2,9,0,18,0,1,0,0,1,0,1,1,2,2,9,1839,1,10,7,1
201343S133013,1,9,0,9,0,5,0,0,0,0,4,1,6,1,10,1560,2,4,9,1
201343S133013,2,9,0,18,0,8,0,0,0,0,1,1,6,2,7,-1,-1,-1,10,1
201343S133093,1,9,0,9,0,6,0,0,0,0,1,1,6,2,6,1596,1,3,9,1
201343S133093,2,9,0,18,0,8,0,0,0,0,1,1,6,2,8,995,1,6,10,1
201343S133113,1,5,0,4,0,1,0,0,0,0,4,1,2,2,7,748,1,16,-1,-1
201343S133113,2,9,0,12,0,1,0,0,0,0,3,1,6,3,-1,-1,-1,-1,-1,-1
201343S133123,1,19,0,9,0,8,0,0,0,0,1,1,1,1,6,2198,2,6,7,2
201343S133123,2,9,0,18,0,1,0,0,0,0,1,1,6,1,7,1396,1,13,2,1
201343S134063,1,9,0,4,0,1,0,0,0,0,1,1,6,1,8,2494,1,14,10,2
201343S134063,2,9,0,3,0,1,0,0,0,0,2,1,6,1,7,1968,2,3,1,1
201343S134073,1,9,0,7,0,3,0,0,0,0,1,1,6,2,5,1598,1,1,9,1
201343S134073,2,9,0,7,0,3,0,0,0,0,2,1,6,2,-1,1968,2,4,-1,-1
201343S134113,1,9,0,12,0,8,0,0,0,0,2,1,6,3,-1,-1,-1,-1,-1,-1
201343S134113,2,9,0,18,0,8,1,0,0,0,1,1,6,1,6,1461,2,10,4,1
201343S134113,3,9,0,18,0,8,1,0,0,0,1,1,2,2,8,1596,1,13,8,2
201343S134113,4,9,0,18,0,8,1,0,0,0,1,1,2,1,8,2401,2,9,10,3
201343S135103,1,8,0,18,0,1,0,10,3,0,0,1,1,1,5,1896,2,6,-1,-1
201343S135113,1,21,1,9,0,8,0,0,0,0,4,2,1,1,6,-1,-1,-1,-1,-1
201343S135113,2,9,0,18,0,1,1,0,0,0,1,1,1,2,6,1341,1,12,1,1
201343S136013,1,9,0,18,0,0,0,4,0,0,1,1,2,2,8,1242,1,2,8,1
201343S136013,2,19,0,2,0,0,0,0,0,0,2,1,2,1,6,2298,2,1,3,1
201343S136103,1,19,0,9,0,6,0,0,0,0,1,1,1,1,8,1995,2,5,8,1
201343S136103,2,9,0,18,0,8,1,0,1,9,4,1,6,1,9,1596,1,11,8,3
201343S136113,1,9,0,18,0,1,0,0,0,0,1,1,6,1,5,2979,1,12,10,2
201343S136113,2,9,0,3,0,1,0,0,0,0,2,1,6,2,6,1596,1,5,7,1
201343S136123,1,9,0,18,0,0,1,0,2,7,1,1,6,2,6,1896,2,6,1,1
201343S137073,1,9,0,5,0,4,0,0,0,0,1,1,6,1,9,1396,2,1,4,1
201343S137073,2,1,0,18,0,8,0,0,0,0,4,1,6,1,7,-1,-1,-1,9,3
201343S137123,1,9,0,18,0,4,2,9,3,1,1,1,6,1,6,1968,2,3,7,1
201343S138013,1,9,0,4,0,0,1,0,1,0,1,1,6,1,5,1998,1,10,10,1
201343S138013,2,9,0,18,0,0,0,0,7,0,1,1,3,2,7,1498,1,2,10,3
201343S138073,1,9,0,18,0,0,0,0,0,0,4,1,6,2,10,1298,1,13,9,1
201343S139013,1,9,0,18,0,4,0,0,0,0,3,1,2,1,9,1398,2,3,-1,-1
201343S139013,2,1,0,18,0,8,0,0,0,0,1,1,2,1,7,-1,-1,-1,10,2
201343S139103,1,19,0,9,0,6,0,0,0,0,3,1,6,1,6,2402,2,4,-1,-1
201343S139103,2,3,0,18,0,1,0,0,0,0,1,1,2,1,5,125,1,7,9,1
201343S139113,1,4,0,18,0,4,0,0,0,0,1,1,6,1,5,124,1,19,2,1
201343S139113,2,9,0,18,0,8,0,0,0,0,3,1,6,2,9,-1,-1,-1,7,3
201343S140063,1,11,0,7,2,5,0,11,0,0,-1,1,1,1,7,3900,2,6,2,1
201343S140103,1,9,0,9,0,8,0,0,0,0,1,1,6,2,10,1461,2,10,9,1
201343S140103,2,9,0,18,0,1,1,0,0,0,1,1,6,1,7,1396,1,17,8,1
201343S140113,1,9,0,9,0,8,0,0,0,0,1,1,3,1,7,1600,1,13,3,1