Accident_Index,Vehicle_Reference,Vehicle_Type,Towing_and_Articulation,Vehicle_Manoeuvre,Vehicle_Location-Restricted_Lane,Junction_Location,Skidding_and_Overturning,Hit_Object_in_Carriageway,Vehicle_Leaving_Carriageway,Hit_Object_off_Carriageway,1st_Point_of_Impact,Was_Vehicle_Left_Hand_Drive?,Journey_Purpose_of_Driver,Sex_of_Driver,Age_Band_of_Driver,Engine_Capacity_(CC),Propulsion_Code,Age_of_Vehicle,Driver_IMD_Decile,Driver_Home_Area_Type
201343S140113,2,9,0,18,0,1,0,0,0,0,1,1,3,2,8,2148,2,7,9,1
201343S140113,3,9,0,8,0,1,0,0,0,0,3,1,6,2,7,-1,-1,-1,5,1
201343S140123,1,9,0,18,0,0,1,0,0,0,1,1,6,1,7,1988,1,10,7,1
201343S140123,2,9,0,18,0,0,2,0,1,0,1,1,6,1,5,1598,1,14,8,2
201343S141063,1,9,0,1,0,0,0,0,0,0,4,1,6,1,6,1796,1,6,9,1
201343S141073,1,19,0,18,0,0,0,0,0,0,1,1,1,1,6,-1,-1,-1,8,1
201343S141073,2,9,0,18,0,0,0,0,7,0,1,1,1,2,8,1390,1,3,7,1
201343S141073,3,19,0,2,0,0,0,0,0,0,4,1,1,1,8,1399,2,3,8,1
201343S141103,1,9,0,7,0,6,0,0,0,0,1,1,1,2,8,1997,2,5,9,1
201343S141103,2,9,0,18,0,1,0,0,0,0,1,1,6,2,7,1229,1,4,8,1
201343S141123,1,11,0,14,0,0,0,0,0,0,1,1,1,1,9,-1,2,13,1,1
201343S142053,1,9,0,18,0,4,0,0,0,0,1,1,6,2,6,1086,1,8,9,3
201343S142053,2,1,0,18,0,8,0,0,0,0,4,1,1,1,5,-1,-1,-1,9,2
201343S142073,1,21,1,9,0,8,0,0,0,0,1,2,1,1,7,-1,-1,-1,-1,-1
201343S142073,2,5,0,18,0,1,0,0,0,0,1,1,2,1,8,645,1,3,9,1
201343S143053,1,9,0,14,0,8,0,0,0,0,1,1,1,1,6,1968,2,7,2,1
201343S143053,2,9,0,18,0,8,0,0,0,0,1,1,2,2,6,1390,1,12,7,1
201343S143073,1,21,0,18,0,1,0,0,0,0,1,1,1,1,7,12580,2,7,6,3
201343S143073,2,9,0,4,0,1,0,0,0,0,2,1,6,2,6,1998,1,6,6,1
201343S143113,1,9,0,18,0,0,1,0,0,0,1,1,6,2,4,1390,1,1,10,1
201343S143113,2,9,0,3,0,0,0,0,0,0,2,1,6,3,-1,-1,-1,-1,-1,-1
201343S144103,1,11,0,18,0,0,0,0,0,0,1,1,6,1,-1,-1,-1,-1,-1,-1
201343S144113,1,9,0,18,0,0,0,0,0,0,1,1,6,1,8,2184,2,10,5,1
201343S144113,2,9,0,3,0,0,0,0,0,0,1,1,6,1,5,1598,1,10,7,2
201343S144113,3,19,0,18,0,0,0,0,0,0,1,1,1,1,9,2464,2,5,-1,-1
201343S145063,1,9,0,9,0,8,0,0,0,0,3,1,6,1,7,1590,1,10,-1,-1
201343S145063,2,9,0,18,0,8,0,0,4,1,4,1,6,1,6,1399,1,3,2,1
201343S146063,1,9,0,18,0,0,0,0,0,0,-1,1,6,1,-1,-1,-1,-1,-1,-1
201343S146063,2,1,0,18,0,0,0,0,0,0,-1,1,6,1,4,-1,-1,-1,-1,-1
201343S146113,1,9,0,18,0,0,0,0,0,0,3,1,6,1,6,1598,1,13,2,1
201343S146113,2,9,0,18,0,0,0,0,0,0,1,1,6,1,9,1199,1,10,5,1
201343S146113,3,9,0,18,0,0,0,0,0,0,1,1,6,2,6,1242,1,12,2,1
201343S147053,1,9,0,9,0,8,0,0,0,0,3,1,6,1,8,1598,1,3,8,1
201343S147053,2,9,0,9,0,8,0,0,0,0,4,1,6,1,7,1910,2,5,4,1
201343S147103,1,21,1,12,0,0,0,0,0,0,3,2,1,1,9,-1,-1,-1,-1,-1
201343S147103,2,9,0,18,0,0,0,0,1,9,4,1,6,1,9,1596,1,11,8,1
201343S148063,1,9,0,18,0,0,0,0,0,0,1,1,6,1,10,-1,-1,-1,5,1
201343S149063,1,5,0,13,0,0,0,0,0,0,1,1,6,1,6,599,1,15,5,1
201343S149063,2,19,0,18,0,0,0,0,0,0,2,1,1,1,8,2664,2,12,9,1
201343S150053,1,19,0,4,0,1,0,0,0,0,1,1,6,1,7,2198,2,1,-1,-1
201343S150053,2,9,0,4,0,1,0,0,0,0,2,1,6,1,4,1360,1,11,-1,-1
201343S150053,3,9,0,4,0,1,0,0,0,0,2,1,6,1,6,1596,1,7,-1,-1
201343S150113,1,9,0,14,0,0,0,4,0,0,1,1,6,2,10,1598,1,10,4,1
201343S150113,2,9,0,2,0,0,0,0,0,0,2,1,6,2,7,1396,1,1,9,2
201343S150113,3,9,0,2,0,0,0,0,0,0,3,1,6,1,6,1596,1,4,9,3
201343S150113,4,9,0,2,0,0,0,0,0,0,3,1,6,2,8,1896,2,7,7,1
201343S151053,1,9,0,18,0,8,0,0,0,0,4,1,6,2,7,1998,1,10,9,1
201343S151053,2,9,0,18,0,8,0,0,0,0,3,1,6,1,7,2143,2,3,10,1
201343S151103,1,19,0,18,0,3,0,0,0,0,3,1,6,1,8,2464,2,5,-1,-1
201343S151103,2,9,0,18,0,3,0,0,0,0,4,1,6,1,6,1995,1,2,2,2
201343S152113,1,9,0,18,0,4,2,0,3,4,1,1,6,1,7,1956,2,-1,2,1
201343S153103,1,9,0,13,0,0,0,0,0,0,1,1,6,1,6,1600,1,14,10,3
201343S153103,2,21,1,17,0,0,0,0,0,0,1,1,1,1,7,12780,2,7,8,2
201343S153103,3,21,1,16,0,0,0,0,0,0,3,1,1,1,8,12900,2,5,9,3
201343S153113,1,9,0,18,0,0,0,0,0,0,1,1,6,1,9,1396,2,2,10,2
201343S153113,2,9,0,3,0,0,0,0,0,0,2,1,6,2,6,1399,1,7,9,2
201343S153113,3,8,0,3,0,0,0,0,0,0,2,1,2,1,7,1995,2,6,2,1
201343S153113,4,9,0,3,0,0,0,0,0,0,2,1,6,1,11,1600,1,8,9,3
201343S153123,1,9,0,17,0,0,1,0,8,4,4,1,6,1,6,1388,1,4,4,1
201343S154053,1,9,0,18,0,0,1,0,5,6,1,1,6,1,4,1198,1,4,5,3
201343S154053,2,9,0,12,0,0,0,0,0,0,0,1,6,3,-1,-1,-1,-1,-1,-1
201343S155053,1,9,0,18,0,0,1,0,1,7,1,1,6,1,6,1595,1,13,2,1
201343S155103,1,9,0,9,0,8,0,0,0,0,3,1,1,2,7,1598,2,2,8,1
201343S155103,2,3,0,18,0,8,0,0,0,0,1,1,1,1,7,125,1,-1,7,1
201343S155123,1,9,0,18,0,0,1,0,0,0,1,1,6,1,8,1596,1,8,9,1
201343S155123,2,19,0,4,0,0,0,0,1,0,2,1,6,1,6,2500,2,20,10,2
201343S156103,1,9,0,18,0,1,0,0,0,0,1,1,6,2,-1,1229,1,-1,4,1
201343S156103,2,9,0,3,0,1,0,0,0,0,2,1,6,1,-1,1329,1,3,8,1
201343S156123,1,9,0,12,0,0,1,0,6,0,3,1,6,2,7,1598,1,14,2,1
201343S156123,2,9,0,13,0,0,0,0,0,0,4,1,1,1,7,2777,2,6,9,1
201343S156123,3,9,0,18,0,0,0,0,0,0,1,1,1,1,6,1797,8,4,1,1
201343S157053,1,9,0,3,0,1,0,0,0,0,2,1,6,2,7,1362,1,1,9,1
201343S157053,2,9,0,4,0,1,0,0,0,0,1,1,6,1,6,1991,2,9,9,1
201343S157103,1,8,0,1,0,0,0,0,0,0,2,1,6,1,6,1968,2,5,4,1
201343S157103,2,9,0,2,0,0,0,0,0,0,4,1,6,2,6,1360,1,11,9,1
201343S157113,1,9,0,18,0,0,0,0,0,0,1,1,1,1,7,1986,2,6,6,1
201343S157113,2,9,0,4,0,0,0,0,0,0,2,1,1,1,8,-1,-1,-1,7,2
201343S157113,3,9,0,4,0,0,0,0,0,0,2,1,1,1,7,-1,-1,-1,6,1
201343S157113,4,9,0,4,0,0,0,0,0,0,2,1,1,1,5,2171,1,9,-1,-1
201343S157113,5,9,0,4,0,0,0,0,0,0,2,1,6,1,6,1968,2,-1,9,2
201343S158103,1,9,0,7,0,6,0,0,0,0,3,1,2,2,7,1390,1,11,4,1
201343S158103,2,8,0,18,0,8,0,0,0,0,4,1,1,1,6,2204,2,5,2,1
201343S158123,1,9,0,6,0,0,0,0,0,0,0,1,6,1,9,2993,2,6,5,1
201343S158123,2,5,0,18,0,0,1,0,1,0,0,1,6,1,8,998,1,6,5,1
201343S159113,1,9,0,5,0,1,0,0,0,0,1,1,6,2,7,1968,2,9,8,1
201343S159123,1,9,0,18,0,0,0,0,0,0,1,1,2,2,7,1598,1,7,10,1
201343S159123,2,9,0,18,0,0,0,0,0,0,1,1,2,2,5,1968,2,5,5,1
201343S161053,1,9,0,18,0,0,0,0,0,0,0,1,1,1,8,2400,2,2,2,1
201343S161053,2,3,0,18,0,0,1,0,7,0,3,1,6,1,5,124,1,5,2,1
201343S161123,1,9,0,1,0,2,0,0,0,0,2,1,6,1,8,998,1,3,3,1
201343S161123,2,9,0,7,0,6,0,0,0,0,1,1,6,2,7,1242,1,2,8,1
201343S163103,1,9,0,18,0,1,0,0,0,0,1,1,6,1,-1,1968,2,-1,-1,-1
201343S163103,2,9,0,7,0,6,0,0,0,0,1,1,1,1,6,1339,8,3,4,1
201343S163123,1,9,0,9,0,6,0,0,0,0,1,1,6,2,8,1199,1,15,4,1
201343S163123,2,3,0,18,0,1,0,0,0,0,4,1,6,1,5,124,1,12,2,1
201343S164123,1,9,0,9,0,8,0,0,0,0,1,1,6,1,6,1590,1,9,1,1
201343S164123,2,9,0,18,0,1,1,0,1,0,1,1,6,2,5,1598,1,2,3,1
201343S165123,1,9,0,18,0,1,1,0,0,0,1,1,6,1,6,1896,2,12,9,1
201343S165123,2,1,0,9,5,6,0,0,7,0,2,1,6,1,3,-1,-1,-1,9,1
201343S167113,1,9,0,18,0,1,0,0,0,0,1,1,6,1,5,1390,1,11,10,1
201343S167113,2,9,0,18,0,8,0,7,4,1,4,1,6,2,4,1896,2,4,10,3
201343S168113,1,9,0,18,0,0,1,10,4,2,3,2,2,1,7,-1,-1,-1,9,1
201343S170123,1,9,0,5,0,1,0,0,0,0,1,1,6,1,4,1598,2,3,7,1
201343S170123,2,9,0,8,0,1,0,0,0,0,2,1,6,1,7,1598,1,6,9,1
201343S172123,1,9,0,18,0,4,1,0,0,0,1,1,1,1,6,1248,2,1,9,2
201343S172123,2,9,0,18,0,8,1,0,0,0,2,1,1,1,7,998,1,8,8,1
201343S174123,1,9,0,9,0,8,0,0,0,0,4,1,1,1,5,1896,2,7,5,1
201343S174123,2,9,0,18,0,1,0,0,0,0,1,1,3,2,6,1968,2,1,7,1
201343S175123,1,9,0,18,0,0,0,0,0,0,-1,1,1,1,7,1598,2,2,-1,-1
201343W001023,1,9,0,18,0,4,0,0,0,0,1,1,6,2,7,-1,-1,-1,-1,-1
201343W001023,2,9,0,18,0,4,0,0,0,0,2,1,6,2,7,1299,1,14,10,1
201343W001053,1,9,0,18,0,0,0,0,0,0,4,1,6,3,-1,-1,-1,-1,-1,-1
201343W001053,2,1,0,18,0,0,0,0,0,0,3,1,2,1,5,-1,-1,-1,10,1
201343W001083,1,9,0,7,0,8,0,0,0,0,4,1,6,3,-1,-1,-1,-1,-1,-1
201343W001083,2,1,0,18,0,8,0,0,0,0,1,1,6,1,8,-1,-1,-1,10,1
201343W001093,1,9,0,18,0,0,1,0,7,4,1,1,6,2,5,1598,1,12,7,3
201343W001103,1,9,0,7,0,6,0,0,0,0,1,1,6,2,-1,1598,1,6,2,1
201343W001103,2,1,0,18,0,8,0,0,0,0,2,1,6,1,7,-1,-1,-1,5,1
201343W002063,1,8,0,9,0,5,0,0,0,0,4,1,1,1,5,1910,2,6,3,1
201343W002063,2,2,0,18,0,1,0,0,0,0,1,1,6,1,4,49,1,12,8,1
201343W003023,1,9,0,9,0,8,0,0,0,0,0,1,6,1,7,1796,1,7,3,1
201343W003063,1,9,0,11,0,0,0,0,0,0,2,1,6,1,-1,2148,2,5,-1,-1
201343W003063,2,9,0,18,0,0,0,0,0,0,1,1,6,1,6,1390,1,12,4,1
201343W003093,1,4,0,9,0,1,1,0,0,0,3,1,6,1,5,125,1,9,3,1
201343W003103,1,9,0,18,0,2,0,0,1,3,1,1,6,2,6,1984,1,6,10,1
201343W003123,1,1,0,18,0,8,0,0,0,0,1,1,6,1,6,-1,-1,-1,4,1
201343W004123,1,8,0,18,0,8,0,0,0,0,1,1,6,1,7,1968,2,7,4,1
201343W004123,2,9,0,7,0,3,0,0,0,0,3,1,6,2,6,1229,1,2,7,1
201343W005033,1,9,0,1,9,0,0,0,0,0,2,1,6,1,8,-1,-1,-1,-1,-1
201343W005043,1,9,0,18,0,0,1,0,4,6,4,1,6,1,7,1124,1,13,3,1
201343W005043,2,21,1,18,0,0,0,0,0,0,3,1,1,1,7,10837,2,2,-1,-1
201343W005063,1,9,0,18,0,0,0,0,4,0,1,1,6,1,5,1796,1,9,8,1
201343W005063,2,21,0,18,0,0,0,0,0,0,2,1,1,1,8,6692,2,2,-1,1
201343W005103,1,9,0,9,0,8,1,0,0,0,1,1,6,1,4,1598,1,12,5,1
201343W005103,2,9,0,18,0,8,0,0,0,0,1,1,6,2,7,1560,2,5,9,1
201343W006053,1,9,0,9,0,6,0,0,0,0,1,1,6,2,5,1596,1,13,9,2
201343W006053,2,9,0,18,0,1,0,0,0,0,1,1,6,2,10,1997,2,11,9,2
201343W007033,1,21,0,18,0,3,0,0,0,0,1,1,1,1,9,12777,2,2,8,1
201343W007033,2,9,0,18,0,3,0,0,0,0,2,1,2,2,8,1229,1,2,9,2
201343W007093,1,9,0,18,0,0,1,0,5,6,1,1,6,2,5,998,1,7,9,1
201343W007103,1,9,0,18,0,4,0,0,0,0,1,1,1,1,6,998,1,1,9,1
201343W007103,2,9,0,18,0,3,0,0,0,0,4,1,1,1,9,1996,1,17,-1,-1
201343W007123,1,9,0,18,0,0,5,0,0,0,1,1,6,1,10,1248,1,-1,2,1
201343W007123,2,9,0,18,0,0,0,0,0,0,1,1,6,1,5,1999,1,5,8,3
201343W008043,1,9,0,9,0,5,0,0,7,0,3,1,6,1,7,1206,1,2,8,2
201343W008043,2,4,0,13,0,1,0,0,7,0,1,1,6,1,5,124,1,-1,3,1
201343W008053,1,9,0,18,0,0,0,0,0,0,1,1,1,2,6,1086,1,7,3,1
201343W008053,2,9,0,2,0,0,0,0,0,0,2,1,2,1,8,1796,1,13,6,1
201343W008093,1,90,0,16,0,8,0,0,7,11,1,1,6,1,6,633,1,1,7,3
201343W008103,1,2,0,18,0,8,0,0,0,0,1,1,6,1,6,49,1,1,4,1
201343W008103,2,9,0,9,0,8,0,0,0,0,3,1,6,2,8,1198,1,9,10,1
201343W009043,1,19,0,9,0,6,0,0,0,0,1,1,2,1,6,1753,2,8,5,1
201343W009043,2,9,0,14,0,1,0,0,0,0,4,1,6,1,11,1598,1,10,5,1
201343W009073,1,9,0,6,0,1,0,0,0,0,0,1,6,1,5,1400,1,14,5,1
201343W009073,2,1,0,18,0,2,0,0,0,0,0,1,6,2,8,-1,-1,-1,4,1
201343W009103,1,9,0,18,0,0,2,0,1,0,4,1,6,1,5,1796,1,10,2,1
201343W009113,1,9,0,5,0,0,0,0,0,0,3,1,1,1,7,-1,-1,-1,4,1
201343W009113,2,1,0,18,0,0,0,0,0,0,1,1,6,1,6,-1,-1,-1,4,1
201343W010103,1,9,0,18,0,0,0,0,0,0,0,1,6,2,8,2494,1,19,6,1
201343W010103,2,5,0,18,0,0,1,0,0,0,4,1,6,1,7,649,1,16,3,1
201343W010113,1,9,0,18,0,4,0,0,0,0,1,1,6,1,4,-1,-1,-1,6,1
201343W010113,2,3,0,9,0,8,0,0,0,0,4,1,6,1,5,125,1,9,6,1
201343W011053,1,9,0,5,0,4,0,0,0,0,1,1,6,2,-1,-1,-1,-1,-1,-1
201343W011053,2,1,0,18,0,8,0,0,0,0,3,1,6,1,7,-1,-1,-1,9,1
201343W012013,1,9,0,7,0,6,0,0,0,0,1,1,5,1,10,1796,1,14,5,1
201343W012013,2,1,0,9,0,6,0,0,0,0,4,1,5,1,6,-1,-1,-1,4,1
201343W012033,1,9,0,18,0,1,0,0,0,0,1,1,6,1,5,-1,-1,-1,8,3
201343W012033,2,9,0,10,0,1,0,0,0,0,2,1,6,1,4,1587,1,7,10,2
201343W012073,1,9,0,18,0,0,0,0,0,0,1,1,2,2,4,1229,1,2,7,2
201343W012073,2,9,0,3,0,0,0,0,0,0,2,1,2,1,6,1896,2,9,7,3
201343W012083,1,9,0,18,0,0,0,0,0,0,1,1,6,3,-1,1596,1,3,-1,-1
201343W012083,2,9,0,3,0,0,0,0,0,0,2,1,6,2,6,1753,2,12,4,1
201343W012083,3,9,0,3,0,0,0,0,0,0,2,1,6,3,-1,1248,2,3,-1,-1
201343W012093,1,9,0,18,0,0,0,0,0,0,1,1,6,1,7,-1,-1,-1,10,2
201343W012093,2,9,0,18,0,0,0,0,0,0,2,1,6,1,6,1461,2,2,9,1
201343W012093,3,9,0,18,0,0,0,0,0,0,2,1,6,1,11,1198,1,3,9,1
201343W012103,1,9,0,18,0,0,0,0,0,0,4,1,6,3,-1,-1,-1,-1,-1,-1
201343W012103,2,1,0,18,0,0,0,0,0,0,3,1,4,1,3,-1,-1,-1,10,1
201343W012113,1,9,0,18,0,1,0,0,0,0,1,1,6,1,4,-1,-1,-1,2,1
201343W012113,2,9,0,9,0,5,0,0,0,0,2,1,6,1,8,1968,2,4,6,1
201343W013013,1,9,0,9,0,8,0,0,0,0,1,1,6,1,4,999,1,14,3,1
201343W013013,2,3,0,18,0,8,0,0,0,0,1,1,6,1,5,-1,-1,-1,4,1
201343W013023,1,9,0,17,0,0,2,0,7,0,3,1,2,1,7,1896,2,9,3,1
201343W013073,1,9,0,18,0,0,0,0,0,0,4,1,6,1,-1,-1,-1,-1,-1,-1
201343W014023,1,9,0,16,0,0,1,0,7,10,3,1,6,1,4,-1,-1,-1,6,1
201343W014073,1,9,0,18,0,0,1,0,1,7,1,1,6,2,7,-1,-1,-1,7,1
201343W014103,1,9,0,16,0,0,1,0,0,0,3,1,6,1,7,1598,1,16,10,1
201343W014103,2,20,0,17,0,0,0,0,0,0,3,1,1,1,6,4461,2,2,1,1
201343W014113,1,9,0,16,0,0,0,0,0,0,1,1,6,3,-1,-1,-1,-1,-1,-1
201343W014113,2,9,0,16,0,0,0,0,0,0,2,1,6,1,5,1195,1,17,7,1
201343W015013,1,9,0,18,0,0,0,0,0,0,1,1,6,1,5,-1,-1,-1,3,1
201343W015013,2,9,0,2,9,0,0,0,0,0,1,1,6,3,-1,1998,1,15,-1,-1
201343W015033,1,9,0,18,0,1,1,0,0,0,1,1,6,1,7,1900,2,13,3,1
201343W015063,1,3,0,18,0,8,1,0,0,0,1,1,6,1,4,124,1,13,7,3
201343W015063,2,9,0,18,0,8,0,0,0,0,3,1,6,1,8,1118,1,21,8,3
201343W016043,1,1,0,18,0,8,0,0,0,0,4,1,6,1,7,-1,-1,-1,-1,-1
201343W016043,2,9,0,9,0,6,0,0,0,0,1,1,6,1,7,-1,-1,-1,5,1
201343W017023,1,9,0,18,0,0,0,0,0,0,1,1,6,1,7,1998,2,11,8,1
201343W017023,2,9,0,18,0,0,0,0,0,0,1,1,6,2,7,2179,2,6,9,3
201343W017073,1,9,0,9,0,6,0,0,0,0,1,1,6,2,7,-1,-1,-1,-1,-1
201343W017073,2,1,0,18,0,8,0,0,0,0,4,1,2,1,6,-1,-1,-1,10,1
201343W017093,1,9,0,18,0,0,1,0,1,7,1,1,6,1,6,1794,1,12,-1,1
201343W017093,2,8,0,18,0,0,1,0,1,7,3,1,1,1,8,2143,2,-1,10,1
201343W017093,3,9,0,18,0,0,2,0,1,7,3,1,6,1,6,1968,2,4,2,1
201343W018043,1,19,0,4,0,0,1,0,0,0,1,1,1,1,7,2300,2,7,8,1
201343W018043,2,9,0,4,0,0,0,0,0,0,2,1,1,1,7,-1,-1,-1,4,1
201343W018043,3,9,0,4,0,0,0,0,0,0,2,1,1,1,4,-1,-1,-1,8,1
201343W018063,1,19,0,18,0,0,0,0,0,0,1,1,1,1,7,2143,2,1,1,1
201343W018063,2,9,0,18,0,0,0,0,0,0,2,1,6,2,6,1796,1,5,7,3
201343W018073,1,9,0,9,0,8,0,0,0,0,1,1,6,1,8,1395,1,-1,-1,-1
201343W018073,2,8,0,18,0,8,0,0,0,0,1,1,1,1,10,1991,2,7,10,1
201343W018093,1,9,0,9,0,3,0,0,0,0,1,1,6,2,7,2362,1,11,10,1
201343W018093,2,1,0,7,0,3,0,0,0,0,3,1,6,1,9,-1,-1,-1,3,1
201343W018103,1,9,0,18,0,8,0,0,0,0,1,1,6,3,-1,-1,-1,-1,-1,-1
201343W018103,2,1,0,18,0,8,0,0,0,0,4,1,2,1,8,-1,-1,-1,2,1
201343W019013,1,9,0,18,0,0,0,0,0,0,1,1,3,2,6,1995,1,4,2,1
201343W019023,1,9,0,7,0,8,0,0,0,0,4,1,1,1,6,1686,2,1,-1,1
201343W019023,2,3,0,18,2,1,0,0,0,0,3,1,6,1,5,124,1,18,7,2
201343W019053,1,9,0,18,0,0,0,0,0,0,1,1,6,1,9,1796,1,14,8,1
201343W019073,1,9,0,18,0,0,0,0,0,0,1,1,6,1,4,-1,-1,-1,-1,-1
201343W019073,2,9,0,3,0,0,0,0,0,0,2,1,6,2,7,1229,1,1,2,1
201343W019103,1,9,0,18,0,0,0,0,0,0,1,1,6,1,-1,1968,2,5,-1,-1
201343W019103,2,1,0,18,0,0,0,0,0,0,3,1,1,1,8,-1,-1,-1,6,1
201343W020033,1,8,0,18,0,8,0,0,0,0,1,1,6,1,-1,-1,-1,-1,-1,-1
201343W020033,2,9,0,18,0,8,0,0,0,0,2,1,1,1,7,1753,2,6,4,1
201343W020043,1,9,0,18,0,3,0,0,0,0,4,1,6,2,-1,-1,-1,-1,-1,-1
201343W020043,2,9,0,7,0,3,0,0,0,0,3,1,6,1,6,1461,2,2,7,1
201343W020043,3,9,0,7,0,3,0,0,0,0,2,1,6,1,-1,1598,1,10,10,1
201343W020103,1,9,0,17,0,0,2,0,1,10,1,1,6,2,4,1598,1,16,10,1
201343W021023,1,9,0,18,0,0,1,0,0,7,1,1,6,1,7,-1,-1,-1,-1,-1
201343W021023,2,9,0,18,0,0,1,0,0,0,1,1,6,1,8,2993,2,5,7,1
201343W021023,3,9,0,18,0,0,1,0,1,0,2,1,6,1,6,1341,1,14,-1,1
201343W021023,4,9,0,18,0,0,1,0,0,0,2,1,6,1,7,1390,1,7,-1,-1
201343W021023,5,9,0,18,0,0,1,0,0,0,1,1,6,1,8,-1,-1,-1,9,1
201343W021023,6,9,0,18,0,0,1,0,0,0,1,1,6,1,8,2993,2,1,9,1
201343W021043,1,9,0,18,0,1,0,0,0,0,1,1,2,2,9,1240,1,3,4,1
201343W021113,1,9,0,18,0,0,0,0,0,0,1,1,6,3,-1,-1,-1,-1,-1,-1
201343W021113,2,1,0,18,0,0,0,0,0,0,3,1,6,1,4,-1,-1,-1,2,1
201343W023033,1,9,0,18,0,0,0,0,0,0,1,1,1,1,5,1242,1,10,7,1
201343W023073,1,9,0,9,0,6,0,0,0,0,3,1,2,2,6,1598,1,5,10,1
201343W023073,2,9,0,18,0,1,0,0,0,0,1,1,2,1,4,1124,1,12,4,1
201343W023123,1,9,0,2,0,0,0,0,0,0,3,1,6,1,6,2184,2,10,4,1
201343W023123,2,1,0,18,0,0,0,0,0,0,1,1,6,2,6,-1,-1,-1,4,1
201343W024053,1,9,0,18,0,0,0,0,0,0,1,1,1,1,8,1598,1,4,9,2
201343W024053,2,9,0,4,0,0,0,0,0,0,2,1,2,1,8,2171,1,12,2,1
201343W024063,1,9,0,14,0,0,0,0,0,0,1,1,2,1,7,1597,1,15,3,1
201343W024083,1,9,0,5,0,8,0,0,0,0,1,1,6,1,5,2143,2,-1,-1,-1
201343W024093,1,9,0,3,0,2,0,0,0,0,3,1,1,1,9,-1,-1,-1,10,1
201343W024093,2,1,0,7,0,1,0,0,0,0,1,1,6,2,3,-1,-1,-1,10,1
201343W025023,1,9,0,7,0,8,0,0,0,0,3,1,6,1,7,1968,2,3,8,3
201343W025023,2,9,0,9,0,8,0,0,0,0,4,1,4,2,4,1242,1,6,8,3
201343W025023,3,8,0,3,0,8,0,0,0,0,3,1,1,1,6,2499,2,6,6,1
201343W025063,1,19,0,9,0,1,0,0,0,0,1,1,1,1,9,1399,2,2,10,1
201343W025063,2,9,0,16,0,1,0,0,0,0,1,1,2,1,5,1995,1,3,3,1
201343W025093,1,1,0,17,0,0,0,0,0,0,1,1,6,2,6,-1,-1,-1,6,1
201343W025093,2,9,0,16,0,0,0,0,0,0,1,1,6,1,8,-1,-1,-1,9,1
201343W025113,1,9,0,7,0,5,5,7,0,0,3,1,1,2,4,998,1,1,4,1
201343W026033,1,19,0,18,0,1,0,0,0,0,1,1,1,1,8,2402,2,6,4,1
201343W026033,2,9,0,3,0,1,0,0,0,0,2,1,2,1,8,2204,2,8,5,1
201343W026033,3,9,0,3,0,1,0,0,0,0,2,1,2,1,8,2969,2,5,10,1
201343W026033,4,9,0,3,0,1,0,0,0,0,0,1,2,2,6,1360,1,8,7,1
201343W026083,1,9,0,3,0,0,0,0,0,0,4,1,6,2,4,1199,1,11,4,1
201343W026083,2,1,0,4,0,0,0,0,0,0,1,1,2,1,7,-1,-1,-1,8,1
201343W026103,1,1,0,18,4,0,0,0,0,0,4,1,6,2,7,-1,-1,-1,9,2
201343W026103,2,9,0,9,4,0,0,0,0,0,0,1,6,1,7,2793,1,14,-1,-1
201343W027013,1,9,0,18,0,1,0,0,1,9,1,1,1,1,6,1896,2,11,4,1
201343W027033,1,1,0,18,0,1,0,0,0,0,1,1,6,2,4,-1,-1,-1,2,1
201343W027033,2,9,0,18,0,1,0,0,0,0,1,1,6,2,7,1796,1,11,2,1
201343W027063,1,20,0,18,0,0,0,0,0,0,0,1,1,1,8,3900,2,9,-1,-1
201343W027063,2,9,0,3,0,0,0,0,0,0,0,1,6,2,8,1995,2,9,-1,-1
201343W027093,1,9,0,7,2,8,1,0,0,0,4,1,6,2,5,1390,1,12,8,3
201343W027093,2,11,0,18,2,8,1,0,0,0,1,1,1,1,9,9000,2,8,7,3
201343W028013,1,9,0,5,0,1,0,0,0,0,0,1,6,1,-1,-1,-1,-1,-1,-1
201343W028013,2,1,0,5,0,1,0,0,1,0,0,1,5,2,6,-1,-1,-1,3,1
201343W028063,1,9,0,3,0,6,0,0,0,0,1,1,6,2,10,998,1,3,9,3
201343W028063,2,1,0,18,0,8,0,0,0,0,3,1,6,1,9,-1,-1,-1,4,1
201343W028073,1,9,0,18,0,0,5,0,1,1,1,1,6,1,11,1794,1,11,7,3
201343W029043,1,9,0,4,0,0,0,0,0,0,1,1,6,1,5,1299,1,13,9,2
201343W029043,2,9,0,4,0,0,0,0,0,0,2,1,6,2,5,1598,1,5,9,3
201343W029093,1,9,0,11,0,8,0,0,7,10,4,1,6,2,11,1242,1,3,10,1
201343W029093,2,9,0,5,0,8,0,0,0,0,3,1,6,2,7,1798,1,4,10,1
201343W030013,1,9,0,17,0,0,2,0,0,0,1,1,5,1,5,1598,1,12,7,3
201343W030033,1,9,0,9,0,6,0,0,0,0,1,1,6,1,9,-1,-1,-1,8,3
201343W030043,1,9,0,18,0,1,0,0,0,0,1,1,6,1,6,1686,2,10,3,1