Accident_Index,Vehicle_Reference,Vehicle_Type,Towing_and_Articulation,Vehicle_Manoeuvre,Vehicle_Location-Restricted_Lane,Junction_Location,Skidding_and_Overturning,Hit_Object_in_Carriageway,Vehicle_Leaving_Carriageway,Hit_Object_off_Carriageway,1st_Point_of_Impact,Was_Vehicle_Left_Hand_Drive?,Journey_Purpose_of_Driver,Sex_of_Driver,Age_Band_of_Driver,Engine_Capacity_(CC),Propulsion_Code,Age_of_Vehicle,Driver_IMD_Decile,Driver_Home_Area_Type
201343W071093,2,9,0,18,0,8,0,0,0,0,4,1,6,2,9,1390,1,-1,10,1
201343W071103,1,5,0,13,0,1,1,0,1,0,1,1,2,1,7,998,1,3,7,1
201343W071103,2,9,0,10,0,8,0,0,0,0,4,1,2,2,5,1596,1,8,10,1
201343W071103,3,21,0,18,0,1,0,0,0,0,0,1,6,3,-1,-1,-1,-1,-1,-1
201343W072033,1,8,0,4,0,0,0,0,0,0,0,1,1,1,-1,-1,-1,-1,-1,-1
201343W072073,1,9,0,18,0,0,0,0,0,0,1,1,6,1,10,1199,1,10,10,1
201343W072073,2,1,0,18,0,0,0,0,0,0,1,1,4,1,3,-1,-1,-1,10,1
201343W072073,3,8,0,2,0,0,0,0,0,0,0,1,6,1,-1,-1,-1,-1,-1,-1
201343W072073,4,1,0,18,0,0,0,0,0,0,1,1,4,1,3,-1,-1,-1,8,1
201343W072083,1,19,0,18,0,0,0,0,0,0,1,1,1,1,6,2143,2,2,10,3
201343W072083,2,19,0,18,0,0,5,0,0,0,2,1,1,1,10,1997,2,10,-1,1
201343W072083,3,21,1,18,0,0,0,0,0,0,3,1,1,1,9,9200,2,3,-1,-1
201343W073033,1,5,0,18,0,0,0,12,0,0,1,1,2,1,9,999,1,1,4,1
201343W073043,1,9,0,1,6,0,0,0,0,0,2,1,6,2,-1,1951,2,8,8,3
201343W073043,2,9,0,2,6,0,0,0,0,0,1,1,6,2,6,1339,1,4,10,3
201343W073073,1,9,0,9,0,8,0,0,0,0,0,1,6,1,-1,-1,-1,-1,-1,-1
201343W073073,2,1,0,18,0,1,0,0,0,0,0,1,6,1,7,-1,-1,-1,10,1
201343W073083,1,9,0,18,0,1,0,0,0,0,1,1,1,1,7,-1,-1,-1,3,1
201343W073083,2,9,0,10,0,1,0,0,7,1,2,1,6,1,10,1599,1,8,9,2
201343W073093,1,9,0,18,0,0,1,0,2,7,1,1,6,1,4,1229,1,8,4,1
201343W073113,1,9,0,18,0,8,0,0,0,0,3,1,6,2,-1,3200,1,10,-1,-1
201343W073113,2,5,0,18,0,8,1,0,0,0,1,1,6,1,8,1200,1,2,7,1
201343W074093,1,9,0,2,0,1,0,0,0,0,0,1,1,1,7,-1,-1,-1,-1,-1
201343W074093,2,9,0,13,0,1,0,0,7,5,1,1,6,1,6,1994,1,15,8,1
201343W074093,3,9,0,9,0,1,0,0,7,0,3,1,2,1,8,1199,1,12,7,3
201343W074103,1,9,0,18,0,0,0,0,0,0,1,1,3,2,7,1584,1,6,3,1
201343W075053,1,9,0,9,0,1,0,0,7,0,4,1,6,1,6,2143,2,-1,-1,-1
201343W075053,2,9,0,18,0,1,0,0,7,1,3,1,6,1,7,1242,1,7,6,1
201343W075063,1,1,0,15,0,1,0,0,0,0,4,1,4,1,3,-1,-1,-1,4,1
201343W075063,2,19,0,3,0,1,0,0,0,0,2,1,1,1,8,2402,2,6,9,1
201343W075083,1,9,0,9,0,2,0,0,0,0,0,1,6,1,9,-1,-1,-1,9,3
201343W075083,2,1,0,17,0,1,0,0,0,0,4,1,1,1,9,-1,-1,-1,10,1
201343W075103,1,9,0,18,0,0,0,0,0,0,1,1,1,2,8,1598,1,4,10,1
201343W076093,1,9,0,7,0,5,0,0,0,0,4,1,6,2,8,1995,1,10,10,1
201343W076093,2,1,0,18,0,8,0,0,0,0,3,1,2,1,8,-1,-1,-1,10,1
201343W076103,1,9,0,18,0,0,1,0,0,0,1,1,6,1,8,2295,1,13,10,1
201343W076103,2,9,0,4,0,0,0,0,1,5,1,1,6,2,7,1598,1,7,10,3
201343W076113,1,9,0,9,0,4,0,0,0,0,3,1,6,1,9,1798,1,1,10,1
201343W076113,2,9,0,18,0,8,0,0,0,0,4,1,6,2,8,1598,1,5,9,1
201343W077033,1,9,0,9,0,8,0,0,0,0,3,1,6,2,6,2497,2,8,6,1
201343W077033,2,1,0,18,4,1,0,0,0,0,1,1,2,1,7,-1,-1,-1,10,1
201343W077043,1,8,0,9,0,8,0,0,1,0,3,1,1,1,8,2664,2,12,3,1
201343W077043,2,20,0,18,0,8,0,0,0,0,4,1,1,1,8,9200,2,8,10,1
201343W077073,1,9,0,4,0,0,0,0,0,0,1,1,1,1,8,2993,2,6,6,1
201343W077073,2,1,0,18,0,0,0,0,0,0,2,1,6,2,6,-1,-1,-1,5,1
201343W077103,1,9,0,5,0,0,0,0,0,0,1,1,2,3,-1,1968,2,2,-1,-1
201343W077103,2,9,0,5,0,0,0,0,0,0,2,1,1,1,7,1781,1,21,4,1
201343W077123,1,9,0,18,0,8,0,0,0,0,1,1,1,1,6,1242,1,5,10,1
201343W077123,2,9,0,18,0,8,0,0,0,0,2,1,3,1,9,-1,-1,-1,10,1
201343W078033,1,21,1,18,0,0,0,0,1,4,1,1,1,1,9,10308,2,8,1,1
201343W078043,1,5,0,18,0,0,1,0,0,0,1,1,6,1,5,1000,1,7,5,1
201343W078073,1,5,0,13,0,1,1,0,0,0,1,1,6,1,7,-1,-1,-1,6,1
201343W078073,2,11,0,9,0,5,0,0,0,0,3,1,1,1,6,-1,2,21,8,3
201343W079043,1,19,4,18,0,0,0,0,0,0,4,1,6,3,-1,1248,2,2,-1,-1
201343W079053,1,9,0,3,0,8,0,0,0,0,2,1,6,1,6,1896,2,5,10,2
201343W079053,2,9,0,18,0,8,0,0,0,0,1,1,6,3,-1,-1,-1,-1,-1,-1
201343W079063,1,9,0,18,0,3,0,0,0,0,4,1,6,1,9,2401,2,9,9,1
201343W079063,2,1,0,18,0,4,0,0,0,0,1,1,6,1,4,-1,-1,-1,10,1
201343W079073,1,9,0,18,4,0,0,0,0,0,0,1,6,3,-1,-1,-1,-1,-1,-1
201343W079073,2,1,0,18,4,0,1,0,1,0,4,1,4,1,3,-1,-1,-1,2,1
201343W079113,1,8,0,5,0,1,0,0,0,0,3,1,1,1,-1,-1,-1,-1,-1,-1
201343W079113,2,1,0,18,0,1,0,0,0,0,1,1,2,2,7,-1,-1,-1,3,1
201343W080043,1,8,0,9,0,6,0,0,0,0,1,1,6,1,7,2231,2,8,4,1
201343W080043,2,3,0,18,0,8,0,0,0,0,4,1,6,1,5,124,1,1,8,1
201343W080063,1,9,0,9,0,5,0,0,0,0,4,1,6,1,6,1999,1,8,9,1
201343W080063,2,1,0,18,0,8,0,0,0,0,1,1,6,1,7,-1,-1,-1,7,1
201343W080103,1,9,0,12,0,0,0,0,0,0,0,1,6,3,-1,-1,-1,-1,-1,-1
201343W080103,2,9,0,18,0,0,1,0,1,7,4,1,6,1,5,998,1,8,6,1
201343W081043,1,9,0,18,0,0,2,7,0,2,2,1,6,1,5,1587,1,7,4,1
201343W081093,1,9,0,9,0,8,0,0,0,0,1,1,6,2,8,1124,1,15,9,3
201343W081093,2,10,0,18,0,8,0,0,0,0,4,1,1,1,10,2464,2,6,8,1
201343W081103,1,4,0,18,0,2,1,0,0,0,1,1,6,1,5,599,1,6,10,1
201343W081103,2,4,0,11,0,2,0,0,0,0,0,1,6,1,6,599,1,11,10,1
201343W082033,1,9,0,18,0,2,0,0,0,0,1,1,1,1,7,1968,2,2,6,1
201343W082033,2,9,0,18,0,1,0,0,1,4,3,1,1,1,9,1968,2,1,8,3
201343W082043,1,9,0,4,0,8,2,0,0,0,1,1,2,1,4,-1,-1,-1,6,1
201343W082043,2,9,0,4,0,8,0,0,0,0,2,2,6,2,9,-1,-1,-1,9,2
201343W082053,1,9,0,18,0,0,0,0,2,7,1,1,6,2,4,998,1,1,10,1
201343W082063,1,9,0,2,6,0,0,0,0,0,3,1,6,2,8,1248,1,-1,8,2
201343W082063,2,1,0,18,0,0,0,0,0,0,1,1,2,1,6,-1,-1,-1,5,1
201343W082073,1,9,0,7,0,3,0,0,0,0,1,1,2,1,8,1560,2,5,5,1
201343W082073,2,9,0,3,0,3,0,0,0,0,2,1,2,2,6,1840,1,11,4,1
201343W082093,1,5,0,18,0,0,0,10,1,0,1,1,6,1,8,599,1,14,7,1
201343W082103,1,9,0,18,0,1,1,0,1,11,1,1,2,1,5,1984,1,9,9,3
201343W082103,2,9,0,7,0,5,0,0,0,0,0,1,1,1,8,-1,-1,-1,9,1
201343W082123,1,9,0,4,0,0,1,0,0,0,1,1,2,1,5,1997,2,11,10,1
201343W082123,2,19,0,4,0,0,1,0,4,7,2,1,1,1,7,2198,2,4,4,1
201343W082123,3,9,0,4,0,0,0,0,0,0,2,1,2,2,6,998,1,8,5,1
201343W083013,1,9,0,9,0,1,0,0,0,0,1,1,5,2,6,1388,1,3,8,1
201343W083033,1,9,0,4,0,8,0,0,0,0,1,1,2,2,5,1235,1,20,9,1
201343W083033,2,9,0,4,0,8,0,0,0,0,2,1,2,1,6,1796,1,7,6,1
201343W083043,1,9,0,11,0,8,0,0,0,0,4,1,6,1,-1,-1,-1,-1,-1,-1
201343W083043,2,9,0,18,0,8,0,0,8,1,3,1,6,2,5,1360,1,12,6,1
201343W083063,1,9,0,9,0,8,0,0,0,0,3,1,1,2,6,1242,1,3,10,1
201343W083063,2,9,0,18,0,8,0,0,0,0,1,1,6,1,4,1199,1,12,2,1
201343W083103,1,21,1,18,0,0,0,0,0,0,1,1,1,1,9,12902,2,-1,10,1
201343W083103,2,19,0,11,0,0,0,0,1,7,2,1,1,1,7,2198,2,6,5,3
201343W083103,3,9,0,18,0,0,0,0,0,0,4,1,6,1,7,2324,1,11,7,1
201343W083113,1,9,0,18,0,0,0,0,0,0,0,1,1,1,7,1998,1,3,4,1
201343W083113,2,4,0,18,0,0,0,0,0,0,1,1,6,1,4,599,1,14,8,1
201343W083113,3,9,0,18,0,0,0,0,0,0,2,1,6,1,4,1198,1,1,3,1
201343W083113,4,19,0,18,0,0,0,0,0,0,3,1,1,1,6,2496,2,15,2,2
201343W084043,1,9,0,7,0,8,0,0,0,0,3,1,6,1,8,2792,1,16,8,1
201343W084043,2,2,0,18,0,8,0,0,0,0,1,1,6,1,4,49,1,5,2,1
201343W084043,3,9,0,18,0,1,0,0,0,0,1,1,6,1,8,1997,2,1,4,1
201343W084063,1,9,0,1,0,0,0,0,0,0,2,1,6,1,11,1389,1,15,9,1
201343W084063,2,9,0,2,0,0,0,0,0,0,1,1,6,1,9,1560,2,2,-1,-1
201343W084073,1,9,0,5,0,4,0,0,0,0,1,1,6,1,5,1995,2,2,7,1
201343W084073,2,9,0,5,0,4,0,0,0,0,2,1,6,1,7,1998,2,1,4,2
201343W084083,1,9,0,18,0,8,0,0,0,0,4,1,1,1,6,-1,-1,-1,10,1
201343W084083,2,9,0,9,0,8,0,0,0,0,3,1,6,1,-1,3000,2,15,-1,-1
201343W084113,1,19,0,18,0,0,0,0,0,0,1,1,1,1,5,1686,2,13,8,1
201343W084113,2,9,0,4,0,0,0,0,0,0,2,1,1,2,6,1199,1,15,10,1
201343W084113,3,9,0,4,0,0,0,0,0,0,2,1,1,2,6,1461,2,1,9,3
201343W084123,1,9,0,4,0,8,0,0,0,0,1,1,2,2,-1,-1,-1,-1,9,3
201343W084123,2,9,0,3,0,8,0,0,0,0,2,1,2,2,6,1590,1,16,9,3
201343W085033,1,9,0,18,0,4,0,0,0,0,1,1,6,2,10,1389,1,12,4,1
201343W085033,2,9,0,9,0,8,0,0,0,0,4,1,6,1,10,1598,1,14,9,1
201343W085043,1,9,0,4,0,1,0,0,0,0,1,1,6,1,7,2204,2,9,10,3
201343W085043,2,9,0,3,0,1,0,0,0,0,2,1,6,2,9,1229,1,4,10,3
201343W085043,3,9,0,1,0,1,0,0,0,0,0,1,6,2,-1,1596,1,4,6,1
201343W085053,1,9,0,18,0,0,0,0,0,0,4,1,6,3,-1,-1,-1,-1,-1,-1
201343W085053,2,9,0,18,0,0,0,0,0,0,3,1,6,2,9,1363,2,9,-1,-1
201343W085063,1,9,0,9,0,8,0,0,0,0,1,1,6,2,6,1995,1,11,9,1
201343W085063,2,11,0,18,0,8,0,0,0,0,1,1,1,1,8,4500,2,2,5,1
201343W085083,1,9,0,17,0,2,1,0,0,0,1,1,6,1,6,1994,2,16,7,1
201343W085083,2,9,0,16,0,1,0,0,0,0,1,1,6,2,9,1796,1,1,7,3
201343W085093,1,4,0,18,0,0,0,0,0,0,1,1,6,1,8,1137,1,16,7,1
201343W085093,2,9,0,4,0,0,0,0,0,0,2,1,6,2,6,1364,1,2,9,2
201343W085103,1,9,0,6,0,0,0,0,4,0,2,1,6,1,7,2180,2,21,10,1
201343W085103,2,9,0,18,0,0,0,0,4,0,1,1,6,1,6,1995,2,6,4,1
201343W086013,1,9,0,4,0,1,0,0,0,0,1,1,6,1,-1,1910,2,7,2,1
201343W086013,2,9,0,3,0,1,0,0,0,0,2,1,5,1,7,1360,1,12,7,2
201343W086013,3,9,0,3,0,1,0,0,0,0,2,1,6,2,-1,1248,2,2,-1,-1
201343W086033,1,9,0,18,0,8,0,0,0,0,1,1,6,1,8,2792,1,12,10,1
201343W086043,1,1,0,18,0,0,0,0,0,0,1,1,2,1,6,-1,-1,-1,8,1
201343W086053,1,9,0,18,0,2,0,0,0,0,1,1,6,1,-1,-1,-1,-1,-1,-1
201343W086073,1,1,0,18,9,1,0,0,0,0,1,1,6,1,4,-1,-1,-1,-1,-1
201343W086073,2,9,0,18,0,1,0,0,0,0,4,1,6,1,9,1910,2,5,10,3
201343W086083,1,9,0,9,0,2,0,0,0,0,3,1,6,1,11,1994,1,16,10,1
201343W086083,2,3,0,18,0,1,0,0,0,0,1,1,6,1,5,-1,-1,-1,4,1
201343W086093,1,21,1,18,0,2,0,0,0,0,1,1,1,1,9,11967,2,3,8,1
201343W086093,2,22,0,18,0,2,0,0,0,0,3,1,6,2,10,-1,-1,-1,-1,-1
201343W086103,1,9,0,6,0,1,0,0,0,0,0,1,2,2,7,1968,2,4,-1,-1
201343W086103,2,1,0,7,0,2,1,10,0,0,1,1,2,1,6,-1,-1,-1,5,1
201343W086123,1,9,0,18,0,0,0,0,0,0,1,1,6,2,8,2000,2,6,7,3
201343W087033,1,9,0,18,0,1,0,0,0,0,0,1,6,1,-1,1339,8,4,-1,-1
201343W087033,2,20,0,18,0,1,0,0,0,0,1,1,1,1,7,3920,2,5,9,1
201343W087033,3,9,0,18,0,1,0,0,0,0,2,1,6,2,8,1560,2,2,10,3
201343W087043,1,9,0,18,0,0,1,0,7,4,2,1,6,2,5,1587,1,8,10,1
201343W087083,1,9,0,4,0,1,0,0,0,0,1,1,6,1,5,1242,1,16,6,1
201343W087083,2,21,1,4,0,1,0,0,0,0,2,1,1,1,9,10518,2,1,10,1
201343W087103,1,9,0,18,0,4,0,0,0,0,1,1,6,1,-1,-1,-1,-1,8,1
201343W087103,2,1,0,18,0,8,0,0,0,0,4,1,2,1,7,-1,-1,-1,10,1
201343W088023,1,9,0,9,0,5,0,0,0,0,4,1,5,2,7,1999,1,5,6,1
201343W088023,2,9,0,18,0,1,0,0,0,0,1,1,5,1,6,1796,1,6,10,1
201343W088023,3,9,0,8,0,1,0,0,0,0,1,1,5,1,6,1299,1,11,10,1
201343W088033,1,9,0,16,0,0,1,0,0,0,1,1,6,1,6,1985,1,12,10,3
201343W088033,2,9,0,17,0,0,0,0,1,0,1,1,6,2,6,1598,1,12,8,1
201343W088063,1,9,0,18,0,4,0,0,0,0,1,1,6,1,11,1086,1,6,9,1
201343W088063,2,1,0,9,0,8,0,0,0,0,1,1,6,1,5,-1,-1,-1,9,1
201343W088083,1,9,0,18,0,0,2,0,5,6,1,1,6,1,4,1149,1,11,10,1
201343W089013,1,9,0,18,0,0,1,0,0,0,1,1,1,1,6,1781,1,10,10,1
201343W089013,2,9,0,18,0,0,1,0,0,0,2,1,1,1,8,1598,2,2,10,1
201343W089013,3,9,0,18,0,0,1,0,0,0,2,1,1,1,6,1461,2,5,8,1
201343W089013,4,9,0,18,0,0,1,0,0,0,2,1,1,2,6,1595,1,10,9,1
201343W089013,5,9,0,18,0,0,1,0,0,0,2,1,1,1,6,-1,-1,-1,-1,1
201343W089013,6,9,0,18,0,0,1,0,0,0,2,1,1,1,7,1598,1,14,4,1
201343W089013,7,9,0,18,0,0,1,0,0,0,1,1,1,1,6,1596,1,4,5,1
201343W089063,1,9,0,7,0,5,0,0,0,0,4,1,6,1,6,1149,1,10,-1,-1
201343W089063,2,1,0,15,4,8,0,0,0,0,1,1,2,1,6,-1,-1,-1,-1,-1
201343W089073,1,9,0,18,0,0,0,0,0,0,0,1,1,1,6,1396,1,13,2,1
201343W089073,2,9,0,4,0,0,0,0,5,6,1,1,1,2,5,1339,1,11,10,1
201343W089073,3,9,0,18,0,0,0,0,0,0,2,1,1,1,9,1984,2,2,10,1
201343W089093,1,9,0,18,0,8,0,0,0,0,1,1,6,1,7,1796,1,13,-1,-1
201343W089093,2,1,0,10,0,8,0,0,0,0,2,1,2,1,7,-1,-1,-1,10,2
201343W089103,1,9,0,18,0,8,0,0,0,0,1,1,6,2,-1,1799,1,6,-1,-1
201343W089103,2,9,0,18,0,8,0,0,0,0,2,1,3,2,7,-1,-1,-1,4,1
201343W089113,1,19,0,18,0,0,1,0,0,0,1,1,1,1,6,2198,2,5,10,1
201343W089113,2,9,0,18,0,0,0,0,0,0,2,1,6,1,7,2946,1,11,9,1
201343W089113,3,9,0,18,0,0,0,0,0,0,2,1,6,2,6,1997,2,-1,10,1
201343W089113,4,9,0,18,0,0,0,0,0,0,1,1,6,1,5,-1,-1,-1,9,1
201343W090023,1,9,0,18,0,0,0,0,0,0,0,1,1,1,8,1248,2,6,-1,-1
201343W090023,2,9,0,18,0,0,1,0,7,11,1,1,5,1,5,1968,2,4,8,1
201343W090063,1,5,0,17,0,0,0,0,1,0,3,1,6,1,9,-1,-1,-1,8,2
201343W090063,2,5,0,16,0,0,1,0,0,0,3,1,6,1,8,998,1,15,4,1
201343W090123,1,8,0,18,2,0,0,0,0,0,1,1,1,1,6,1910,2,7,9,1
201343W091053,1,19,0,9,0,8,0,0,0,0,3,1,1,1,5,1248,2,5,10,1
201343W091053,2,5,0,18,0,1,0,0,1,10,1,1,6,1,7,-1,-1,-1,8,3
201343W091063,1,9,0,18,0,0,0,0,0,0,4,1,6,1,6,1242,1,12,5,1
201343W091063,2,5,0,18,0,0,0,0,0,0,3,1,6,1,8,1050,1,3,9,1
201343W091073,1,9,0,5,5,6,0,0,0,0,1,1,6,1,-1,3947,1,13,-1,-1
201343W091073,2,1,0,18,5,8,0,0,0,0,3,1,2,1,5,-1,-1,-1,9,1
201343W091103,1,9,0,18,0,1,1,10,0,0,1,1,2,1,6,1597,1,14,8,1
201343W091103,2,9,0,4,0,1,0,0,0,0,2,1,2,1,6,-1,-1,-1,5,1
201343W091113,1,9,0,6,0,1,0,0,0,0,1,1,6,1,6,1600,1,14,3,1
201343W092013,1,9,0,9,0,0,0,0,0,0,0,1,6,3,-1,-1,-1,-1,-1,-1
201343W092023,1,9,0,11,0,5,2,0,1,2,1,1,5,1,5,1781,1,23,9,2
201343W092043,1,9,0,18,0,0,0,0,0,0,1,1,6,1,4,1364,1,8,8,3
201343W092043,2,9,0,2,0,0,0,0,0,0,2,1,6,2,6,1910,2,7,9,3
201343W092073,1,9,0,18,0,0,0,0,0,0,3,2,6,1,9,-1,-1,-1,8,3
201343W092073,2,9,0,18,0,0,0,0,7,4,3,1,6,1,8,1997,2,7,8,1
201343W092093,1,19,0,16,0,0,0,0,0,0,0,1,6,3,-1,-1,-1,-1,-1,-1
201343W092093,2,9,0,17,0,0,1,0,0,0,0,1,6,1,7,1796,1,-1,9,2
201343W092103,1,9,0,9,0,1,0,0,0,0,3,1,2,1,6,1390,1,12,5,1
201343W092103,2,1,0,18,0,8,0,0,0,0,1,1,6,1,8,-1,-1,-1,8,1
201343W093073,1,9,0,18,0,0,1,0,2,4,1,1,6,1,6,998,1,13,9,1
201343W093103,1,9,0,17,0,0,1,0,1,4,1,1,6,1,5,1396,1,15,8,2
201343W093123,1,9,0,9,0,4,0,0,0,0,3,1,2,1,9,1598,1,1,3,1
201343W093123,2,1,0,18,0,8,0,0,0,0,1,1,2,1,5,-1,-1,-1,5,1
201343W094043,1,9,0,18,0,1,0,0,0,0,1,1,6,1,9,2996,2,18,10,2
201343W094043,2,9,0,10,0,1,0,0,0,0,2,1,6,1,7,2179,2,5,10,2
201343W094113,1,9,0,18,0,0,0,0,0,0,1,1,6,1,6,1598,1,15,4,1
201343W094113,2,9,0,18,0,0,0,0,0,0,2,1,6,2,8,1398,1,2,5,1
201343W095053,1,9,0,18,0,1,0,0,0,0,1,1,6,2,5,1587,1,16,4,1
201343W095053,2,9,0,10,0,1,0,0,0,0,2,1,6,1,8,1896,2,9,3,1
201343W095083,1,9,0,18,0,1,0,0,0,0,1,1,6,2,9,1242,1,1,10,1
201343W095083,2,9,0,10,0,1,0,0,0,0,2,1,6,1,8,2143,2,2,10,1
201343W096043,1,9,0,18,0,4,0,0,0,0,1,1,6,2,4,1242,1,15,5,1
201343W096043,2,9,0,9,0,8,0,0,0,0,4,1,6,2,6,1997,2,10,10,1
201343W096063,1,9,0,17,0,0,0,0,1,1,1,1,2,1,6,1497,1,12,4,1
201343W097013,1,9,0,1,9,1,0,0,0,0,2,1,5,2,9,1560,2,6,8,1
201343W097023,1,19,0,18,0,0,0,0,0,0,1,1,6,1,-1,1560,2,5,-1,-1
201343W097073,1,19,0,18,0,0,0,0,0,0,4,1,6,3,-1,-1,-1,-1,-1,-1
201343W097113,1,9,0,7,0,1,0,0,0,0,4,1,6,2,8,-1,-1,-1,7,1
201343W098013,1,3,0,18,0,1,0,0,0,0,1,1,5,1,6,-1,-1,-1,5,1
201343W098013,2,9,0,18,0,1,0,0,0,0,2,1,5,2,7,-1,-1,-1,10,2
201343W098023,1,9,0,18,0,0,0,0,1,7,1,1,2,1,10,4293,1,12,4,3
201343W098023,2,9,0,18,0,0,0,0,1,7,2,1,5,1,7,1242,1,10,10,1
201343W098053,1,9,0,18,0,3,1,0,1,1,1,1,6,1,7,1598,1,14,3,1
201343W098083,1,9,0,17,0,0,2,0,8,10,1,1,1,1,6,1598,1,9,4,1
201343W099043,1,9,0,18,0,4,0,0,0,0,1,1,6,2,-1,-1,-1,-1,-1,-1
201343W099043,2,1,0,9,0,3,0,0,0,0,1,1,3,1,4,-1,-1,-1,9,1
201343W099053,1,9,0,1,0,0,0,0,0,0,2,1,6,1,11,998,1,7,2,1
201343W099073,1,9,0,9,0,6,0,0,0,0,3,1,6,1,8,2993,2,6,7,3
201343W099073,2,9,0,18,0,1,0,0,0,0,1,1,6,2,6,1796,1,12,6,1
201343W099113,1,9,0,4,0,0,0,0,0,0,1,1,6,2,7,2993,2,2,10,3
201343W099113,2,9,0,3,0,0,0,0,0,0,2,1,6,2,7,1794,1,12,7,1
201343W099113,3,9,0,3,0,0,0,0,0,0,2,1,6,1,10,1796,1,10,10,3
201343W100013,1,9,0,4,0,0,2,0,1,9,4,1,1,2,7,1149,1,10,7,1
201343W100033,1,19,0,18,0,0,0,0,0,0,1,1,6,1,8,2198,2,3,7,3
201343W100033,2,9,0,18,0,0,0,0,0,0,1,1,3,1,8,2967,2,4,7,3
201343W100043,1,9,0,9,0,5,0,0,7,11,3,1,6,2,5,1360,1,14,4,1
201343W100043,2,19,0,18,0,1,0,0,7,10,1,1,1,1,8,2188,2,11,-1,-1
201343W100073,1,9,0,17,0,1,0,0,0,0,1,1,6,2,4,1598,1,8,5,1
201343W100073,2,9,0,4,0,1,0,0,0,0,3,1,6,1,7,2720,2,8,7,3
201343W100093,1,9,0,2,0,0,0,0,0,0,2,1,6,3,-1,1896,2,12,-1,-1
201343W100093,2,1,0,18,0,0,0,0,0,0,1,1,2,1,6,-1,-1,-1,-1,-1
201343W100113,1,19,0,9,0,3,0,0,0,0,4,1,1,2,8,1995,2,1,-1,-1
201343W100113,2,9,0,18,0,4,0,0,0,0,1,1,6,1,8,1329,1,3,10,1
201343W101033,1,9,0,1,0,1,0,0,0,0,2,1,6,1,7,1896,2,13,3,1
201343W101083,1,9,0,18,0,0,0,0,0,0,1,1,6,1,6,1994,1,13,10,1
201343W101083,2,9,0,3,0,0,0,0,0,0,2,1,6,2,7,1968,2,5,9,3
201343W101093,1,9,0,1,0,6,0,4,0,0,2,1,6,2,6,1248,2,1,6,1
201343W101093,2,9,0,2,0,2,0,0,0,0,2,1,6,3,-1,1332,1,8,-1,-1
201343W101113,1,9,0,7,0,6,0,0,0,0,1,1,6,2,6,1796,1,5,3,1
201343W102023,1,9,0,18,0,0,0,0,0,0,1,1,5,1,7,-1,-1,-1,3,1
201343W102063,1,9,0,1,0,6,0,0,0,0,2,1,1,2,-1,1995,2,5,8,1
201343W102073,1,19,0,5,0,4,0,0,0,0,1,1,6,1,-1,4250,2,10,-1,-1
201343W102073,2,1,0,18,0,8,0,0,0,0,4,1,1,1,7,-1,-1,-1,8,1
201343W102113,1,9,0,16,0,0,1,0,0,0,1,1,6,2,7,1796,1,10,7,3
201343W102113,2,19,0,17,0,0,0,0,0,0,1,1,6,1,6,1870,2,8,6,1
201343W103083,1,9,0,3,0,1,0,0,0,0,2,1,6,2,6,1398,1,14,5,1
201343W103083,2,1,0,18,0,1,0,0,0,0,1,1,6,1,4,-1,-1,-1,9,1
201343W103103,1,9,0,18,0,2,1,0,1,11,1,1,6,1,5,1796,1,23,9,1
201343W103103,2,21,1,18,0,1,0,0,0,0,3,1,1,1,8,10518,2,6,6,3
201343W103113,1,9,0,18,0,0,2,0,1,4,1,1,6,1,4,1598,1,8,3,1
201343W104033,1,4,0,18,0,0,0,0,0,0,1,1,6,1,5,124,1,1,3,1
201343W104083,1,9,0,18,0,8,0,0,0,0,1,1,4,1,4,1331,1,19,9,2
201343W104083,2,11,0,18,0,8,0,0,0,0,3,1,1,1,6,4461,2,1,3,1
201343W104083,3,11,0,18,0,1,0,0,0,0,0,1,1,1,7,9000,5,-1,8,1
201343W105053,1,1,0,18,0,6,0,0,0,0,4,1,6,1,2,-1,-1,-1,5,1
201343W105053,2,9,0,18,0,1,0,0,0,0,1,1,6,1,6,1242,1,13,3,1
201343W106053,1,19,0,17,0,0,0,0,1,4,1,1,6,1,7,1598,1,16,10,3
201343W106093,1,9,0,5,8,0,0,0,0,0,1,1,6,2,4,1461,2,7,-1,-1
201343W106093,2,19,0,18,0,0,0,0,0,0,1,1,2,1,7,2143,2,1,4,1
201343W107043,1,9,0,9,0,5,0,0,7,0,3,1,6,1,5,1998,1,4,10,2
201343W107043,2,9,0,13,0,8,0,0,0,0,1,1,6,1,8,1461,2,4,1,1
201343W107083,1,9,0,17,0,0,0,4,0,0,1,1,6,1,7,1339,8,6,2,1
201343W107083,2,9,0,2,0,0,0,4,0,0,2,1,6,3,-1,1388,1,15,-1,-1
201343W107083,3,20,0,2,0,0,0,0,0,0,3,1,6,3,-1,3920,2,6,-1,-1
201343W107093,1,9,0,18,0,0,1,0,0,0,1,1,6,1,6,1998,2,11,4,1
201343W107093,2,9,0,3,0,0,0,0,0,0,2,1,6,2,6,1397,1,5,2,1