Accident_Index,Vehicle_Reference,Vehicle_Type,Towing_and_Articulation,Vehicle_Manoeuvre,Vehicle_Location-Restricted_Lane,Junction_Location,Skidding_and_Overturning,Hit_Object_in_Carriageway,Vehicle_Leaving_Carriageway,Hit_Object_off_Carriageway,1st_Point_of_Impact,Was_Vehicle_Left_Hand_Drive?,Journey_Purpose_of_Driver,Sex_of_Driver,Age_Band_of_Driver,Engine_Capacity_(CC),Propulsion_Code,Age_of_Vehicle,Driver_IMD_Decile,Driver_Home_Area_Type
201343W107093,3,9,0,3,0,0,0,0,0,0,3,1,6,2,9,1995,2,12,-1,-1
201343W107113,1,9,0,18,0,0,0,0,0,0,2,1,6,3,-1,1587,1,6,-1,-1
201343W107113,2,9,0,2,0,0,0,0,0,0,3,1,6,3,-1,1242,1,8,-1,-1
201343W107113,3,9,0,2,0,0,0,0,0,0,4,1,6,3,-1,1396,1,12,-1,-1
201343W107113,4,9,0,2,0,0,0,0,0,0,4,1,6,3,-1,1390,1,9,-1,-1
201343W107113,5,9,0,2,0,0,0,0,0,0,3,1,6,3,-1,1341,1,8,-1,-1
201343W107113,6,9,0,2,0,0,0,0,0,0,3,1,6,3,-1,1896,2,7,-1,-1
201343W107113,7,9,0,2,0,0,0,0,0,0,4,1,6,3,-1,1598,1,12,-1,-1
201343W107113,8,19,0,3,0,0,0,0,0,0,1,1,6,1,6,2500,2,6,5,1
201343W108053,1,9,0,18,0,8,0,0,0,0,1,1,6,1,7,1298,1,8,4,1
201343W108053,2,9,0,9,0,8,0,0,0,0,4,1,6,1,6,1796,1,9,6,1
201343W109013,1,9,0,9,0,1,0,0,0,0,1,1,2,2,4,1242,1,2,7,1
201343W109013,2,9,0,18,0,1,0,0,0,0,1,1,2,1,9,2494,1,16,7,1
201343W109053,1,9,0,9,0,8,0,0,0,0,4,1,6,3,-1,-1,-1,-1,-1,-1
201343W109053,2,1,0,18,0,8,0,0,1,0,3,1,1,1,4,-1,-1,-1,7,2
201343W109063,1,19,0,18,0,0,2,0,0,0,4,1,6,1,6,1360,1,2,4,1
201343W109063,2,9,0,2,0,0,0,0,0,0,3,1,6,3,-1,1390,1,8,-1,-1
201343W109073,1,9,0,1,6,0,0,0,0,0,2,1,6,1,8,2435,1,9,10,3
201343W109093,1,90,0,14,0,2,0,0,7,4,1,1,1,1,6,6370,2,9,5,2
201343W109093,2,9,0,9,0,2,0,0,0,0,3,1,2,1,6,1360,1,11,7,2
201343W109123,1,9,0,18,0,0,0,0,0,0,1,2,6,1,-1,-1,-1,-1,-1,-1
201343W109123,2,9,0,18,0,0,0,0,0,0,2,2,6,1,6,1994,2,11,5,1
201343W110013,1,19,0,18,0,0,0,0,0,0,1,1,1,1,5,2402,2,3,-1,1
201343W110013,2,19,0,18,0,0,0,0,0,0,1,1,1,1,9,2464,2,5,-1,3
201343W110013,3,9,0,3,0,0,0,0,0,0,2,1,5,1,7,2993,2,4,4,1
201343W110023,1,19,0,6,0,0,0,0,0,0,1,1,1,1,5,1753,2,7,5,3
201343W110023,2,5,0,18,0,0,0,0,0,0,3,1,2,1,9,805,1,4,7,1
201343W110043,1,19,0,18,0,0,0,0,0,0,1,1,6,3,-1,-1,-1,-1,-1,-1
201343W110043,2,9,0,18,0,0,0,0,0,0,3,1,6,1,8,1596,1,7,10,1
201343W110053,1,9,0,18,0,0,0,7,0,0,4,1,6,2,8,1124,1,9,8,1
201343W110063,1,9,0,18,0,1,0,0,0,0,1,1,6,1,6,1596,1,6,5,1
201343W110063,2,9,0,3,0,1,0,0,0,0,2,1,6,2,7,1398,2,8,-1,2
201343W110073,1,1,0,9,0,8,0,0,7,0,1,1,6,1,3,-1,-1,-1,9,1
201343W110073,2,9,0,18,0,8,0,0,0,0,1,1,6,2,7,1870,2,10,10,1
201343W110083,1,9,0,18,0,1,0,0,7,0,1,1,1,2,10,-1,-1,-1,-1,-1
201343W110083,2,9,0,10,0,5,0,0,0,0,2,1,6,2,9,998,1,5,9,1
201343W110093,1,9,0,4,0,0,0,0,0,0,1,1,6,2,4,1399,2,2,10,1
201343W110093,2,9,0,4,0,0,0,0,0,0,1,1,2,2,8,1242,1,6,10,1
201343W110093,3,9,0,3,0,0,0,0,0,0,2,1,6,1,5,1242,1,4,10,1
201343W110113,1,9,0,4,0,4,0,0,0,0,1,1,6,1,-1,1560,2,-1,-1,-1
201343W110113,2,9,0,3,0,4,0,0,0,0,2,1,2,2,6,1149,1,6,8,1
201343W111123,1,9,0,4,0,8,0,0,0,0,1,1,1,1,-1,998,1,6,4,1
201343W111123,2,9,0,4,0,8,0,0,0,0,2,1,1,2,7,1360,1,14,4,1
201343W111123,3,9,0,5,0,8,0,0,0,0,2,1,1,3,-1,-1,-1,-1,-1,-1
201343W112043,1,9,0,18,0,4,0,0,0,0,1,1,6,1,4,-1,-1,-1,-1,-1
201343W112043,2,9,0,3,0,4,0,0,0,0,2,1,6,1,8,-1,-1,-1,10,3
201343W112073,1,9,0,18,0,1,0,0,0,0,1,1,2,2,4,1242,1,7,8,1
201343W112093,1,9,0,18,0,0,0,0,0,0,4,1,6,2,8,1388,1,10,2,1
201343W112113,1,9,0,18,0,0,0,0,0,0,0,1,1,1,-1,2993,2,4,6,1
201343W112113,2,9,0,18,0,0,0,0,0,0,0,1,1,1,7,2400,2,-1,6,1
201343W112113,3,9,0,18,0,0,0,0,0,0,0,1,1,1,7,2993,2,2,6,1
201343W112113,4,9,0,18,0,0,0,0,0,0,0,1,1,1,7,2993,2,-1,6,1
201343W112113,5,9,0,13,0,0,2,0,1,0,4,1,6,1,7,2498,1,19,10,1
201343W112113,6,9,0,18,0,0,0,0,0,0,3,1,6,2,8,1796,1,6,9,1
201343W112113,7,21,1,18,0,0,0,0,0,0,2,1,1,1,6,-1,-1,-1,-1,-1
201343W112113,8,9,0,18,0,0,0,0,0,0,1,1,6,1,7,1596,1,9,9,1
201343W113023,1,9,0,9,0,5,0,0,0,0,1,1,1,2,6,998,1,1,10,1
201343W113023,2,9,0,18,0,1,1,0,0,0,1,1,2,2,9,1360,1,13,2,1
201343W113033,1,9,0,7,0,8,0,0,1,10,1,1,6,2,7,998,1,8,3,1
201343W113073,1,1,0,9,0,2,0,0,0,0,4,1,1,2,6,-1,-1,-1,5,1
201343W113073,2,9,0,18,0,2,0,0,0,0,1,1,6,1,8,1598,1,10,3,1
201343W113113,1,9,0,9,0,8,0,0,0,0,1,1,2,1,8,1998,2,6,2,1
201343W113113,2,1,0,18,0,8,0,0,0,0,1,1,6,1,6,-1,-1,-1,4,1
201343W114043,1,5,0,18,0,0,1,0,0,0,4,1,6,1,6,599,1,9,8,3
201343W114063,1,9,0,18,0,0,0,0,0,0,3,1,6,1,9,1598,1,6,4,1
201343W114073,1,19,0,18,0,1,1,0,0,0,1,1,1,1,7,2148,2,3,10,2
201343W114073,2,9,0,18,0,1,1,0,0,0,2,2,1,1,8,-1,-1,-1,4,1
201343W114073,3,9,0,7,0,8,0,0,0,0,0,1,6,3,-1,-1,-1,-1,-1,-1
201343W114083,1,90,0,18,0,0,0,0,7,4,1,1,6,1,6,439,1,8,8,1
201343W115023,1,9,0,18,0,0,1,0,0,0,1,1,6,2,4,1598,1,9,9,1
201343W115023,2,3,0,4,0,0,0,0,0,0,2,1,1,1,6,125,1,3,4,1
201343W115023,3,9,0,4,0,0,0,0,0,0,2,1,2,2,8,1339,1,6,-1,-1
201343W115043,1,9,0,4,0,0,0,0,0,0,1,1,1,2,8,1598,1,6,6,1
201343W115043,2,9,0,3,0,0,0,0,0,0,2,1,6,2,9,2179,2,5,9,2
201343W115063,1,9,0,9,0,4,5,0,6,6,3,1,1,1,6,1968,2,4,8,2
201343W115063,2,9,0,18,0,8,0,0,0,0,1,1,6,1,4,1229,1,3,10,1
201343W115073,1,9,0,18,0,8,0,0,0,0,1,1,6,2,8,2143,2,1,10,1
201343W115093,1,9,0,18,0,0,0,0,0,0,1,1,6,1,-1,1299,1,8,-1,-1
201343W115093,2,9,0,3,0,0,0,0,0,0,2,1,6,2,7,1397,1,3,10,1
201343W116013,1,9,0,4,0,0,0,0,0,0,1,1,6,2,4,1598,1,11,-1,-1
201343W116013,2,9,0,3,0,0,0,0,0,0,2,1,6,2,6,-1,-1,-1,6,1
201343W116063,1,9,0,18,0,1,0,0,0,0,1,1,6,2,8,1598,1,13,4,1
201343W116063,2,9,0,3,0,1,0,0,0,0,2,1,6,1,11,1995,2,9,10,1
201343W116083,1,5,0,11,0,0,0,0,1,0,3,1,6,1,6,998,1,1,-1,-1
201343W116083,2,9,0,11,0,0,0,0,0,0,4,1,6,2,6,1598,1,7,4,1
201343W116103,1,21,1,16,0,0,3,0,6,6,1,1,1,1,9,11705,2,7,-1,-1
201343W116103,2,21,1,16,0,0,0,0,0,0,2,1,1,1,8,10837,2,3,9,1
201343W116113,1,19,0,18,0,1,0,0,0,0,1,1,6,1,7,-1,-1,-1,-1,-1
201343W116113,2,9,0,8,0,1,0,0,0,0,2,1,6,2,7,-1,-1,-1,4,1
201343W117033,1,9,0,16,0,0,0,10,0,0,1,1,1,1,6,1248,2,1,2,1
201343W117033,2,19,0,2,6,0,0,0,0,0,2,1,6,3,-1,1910,2,9,-1,-1
201343W117053,1,4,0,17,0,0,1,4,0,0,3,1,6,1,8,595,1,24,5,1
201343W117053,2,9,0,16,0,0,0,0,0,0,3,1,6,2,8,1596,1,3,4,1
201343W117053,3,9,0,2,0,0,0,0,0,0,2,1,6,3,-1,1598,1,5,2,1
201343W117073,1,9,0,18,0,8,0,0,0,0,1,1,1,1,10,-1,-1,-1,9,1
201343W117073,2,9,0,9,0,8,0,0,0,0,3,1,6,2,11,1242,1,6,7,1
201343W118023,1,11,0,3,0,0,0,0,0,0,2,1,1,1,8,6370,2,1,3,1
201343W118023,2,1,0,18,0,0,0,0,0,0,1,1,2,1,8,-1,-1,-1,10,1
201343W118073,1,3,0,18,0,8,0,0,0,0,0,1,6,1,6,-1,-1,-1,4,1
201343W118073,2,9,0,17,0,8,0,0,0,0,0,1,6,1,9,1998,1,17,8,2
201343W119093,1,9,0,16,0,1,1,0,0,0,1,1,6,1,5,2495,2,19,7,3
201343W119093,2,9,0,10,0,1,0,0,0,0,2,1,6,1,8,1242,1,10,10,2
201343W119103,1,9,0,9,0,6,0,0,0,0,1,1,6,2,6,1461,2,4,9,2
201343W119103,2,9,0,18,0,1,0,0,0,0,3,1,6,2,8,-1,-1,-1,9,1
201343W120023,1,9,0,18,0,0,0,0,0,0,4,1,6,2,11,1124,1,21,5,1
201343W120033,1,9,0,18,0,8,0,0,0,0,1,1,2,1,7,1796,1,7,3,1
201343W120033,2,1,0,9,0,5,0,0,0,0,1,1,2,1,6,-1,-1,-1,4,1
201343W120043,1,9,0,18,0,0,0,0,1,7,4,1,6,1,6,1679,1,14,4,1
201343W120043,2,5,0,18,0,0,0,0,5,7,1,1,6,1,5,849,1,-1,10,2
201343W120053,1,9,0,18,0,0,1,7,5,6,1,1,6,2,4,1149,1,6,8,1
201343W120093,1,9,0,2,6,0,0,0,0,0,3,1,6,3,9,1390,1,2,3,1
201343W120093,2,1,0,18,0,0,0,0,0,0,1,1,6,1,7,-1,-1,-1,3,1
201343W120103,1,9,0,18,0,0,1,0,0,0,1,1,1,2,6,1242,1,12,9,1
201343W120103,2,19,0,18,0,0,0,0,0,0,1,1,1,1,8,2287,2,3,7,1
201343W121043,1,9,0,18,0,0,0,0,1,7,1,1,6,2,7,1598,1,9,9,1
201343W121053,1,9,0,7,0,6,0,0,0,0,0,1,6,3,-1,-1,-1,-1,-1,-1
201343W121053,2,5,0,18,0,1,1,0,0,0,0,1,6,1,6,599,1,5,4,1
201343W121063,1,9,0,17,0,1,1,0,1,11,3,1,6,1,5,1461,2,7,7,1
201343W121063,2,19,0,16,0,1,0,0,1,11,3,1,6,1,6,2198,2,5,9,3
201343W121093,1,9,0,18,0,0,0,0,0,0,1,1,6,1,6,2498,1,14,6,1
201343W121093,2,9,0,18,0,0,0,0,0,0,2,1,6,1,8,2499,2,9,7,1
201343W121093,3,9,0,18,0,0,0,0,0,0,3,1,6,1,9,1399,2,4,9,2
201343W122093,1,9,0,5,0,8,0,0,0,0,1,1,6,1,-1,1299,1,11,-1,-1
201343W122093,2,9,0,18,0,8,0,0,0,0,3,1,6,2,8,1589,1,14,10,1
201343W122123,1,1,0,18,9,1,0,0,0,0,1,1,6,2,6,-1,-1,-1,-1,-1
201343W122123,2,9,0,5,9,6,0,0,0,0,1,1,6,1,8,1597,1,9,9,2
201343W123033,1,9,0,9,0,8,0,0,0,0,3,1,6,1,4,1242,1,13,-1,-1
201343W123033,2,3,0,18,0,8,0,0,0,0,1,1,6,1,5,124,1,11,4,1
201343W124033,1,9,0,4,0,0,0,0,0,0,2,1,6,1,4,1299,1,13,3,1
201343W124033,2,9,0,4,0,0,1,0,0,0,1,1,1,1,7,1332,1,16,-1,-1
201343W124053,1,9,0,17,0,1,0,4,0,0,1,1,3,2,8,1796,1,13,2,1
201343W124053,2,9,0,2,0,1,0,0,0,0,4,1,6,1,6,2231,2,6,2,1
201343W124063,1,3,0,18,0,0,0,0,0,0,1,1,6,2,4,-1,-1,-1,-1,-1
201343W124063,2,9,0,4,0,0,0,0,0,0,2,1,6,1,8,2698,2,3,10,3
201343W125013,1,9,0,5,0,4,0,0,0,0,1,1,2,2,6,1299,1,5,10,1
201343W125013,2,19,0,18,0,8,0,0,0,0,1,1,1,1,7,1995,2,5,2,1
201343W125023,1,9,0,9,0,0,0,0,0,0,1,1,5,3,-1,1956,2,3,-1,-1
201343W125063,1,9,0,18,0,2,1,0,1,7,1,1,1,2,5,1598,1,9,8,1
201343W125063,2,9,0,18,0,7,0,0,0,0,0,1,6,3,-1,-1,-1,-1,-1,-1
201343W125073,1,1,0,18,0,0,0,0,0,0,1,1,2,1,4,-1,-1,-1,10,1
201343W125073,2,9,0,18,0,0,0,0,0,0,1,1,2,1,7,1995,2,2,10,1
201343W125093,1,9,0,18,0,0,0,0,0,0,1,1,6,1,4,1043,1,22,4,1
201343W125093,2,1,0,18,0,0,0,0,0,0,2,1,6,1,4,-1,-1,-1,9,2
201343W125093,3,1,0,18,0,0,0,0,0,0,2,1,6,1,4,-1,-1,-1,2,1
201343W125113,1,9,0,18,0,0,0,0,0,0,3,1,6,1,6,2959,2,8,10,1
201343W125113,2,9,0,18,0,0,0,0,0,0,3,1,6,1,-1,-1,-1,-1,-1,-1
201343W126073,1,21,0,18,0,1,0,0,0,0,1,1,1,1,8,5880,2,7,10,1
201343W126073,2,9,0,10,0,1,0,0,0,0,2,1,6,2,5,1364,1,6,9,1
201343W126093,1,9,0,18,0,8,0,0,0,0,4,1,3,2,7,1796,1,5,7,1
201343W126113,1,9,0,9,0,3,0,0,0,0,4,1,2,1,5,1995,2,2,7,2
201343W126113,2,1,0,18,0,4,0,0,0,0,1,1,6,2,4,-1,-1,-1,5,1
201343W127013,1,9,0,4,0,0,0,0,0,0,1,1,6,1,7,1798,1,7,-1,-1
201343W127013,2,9,0,3,0,0,0,0,0,0,2,1,6,1,6,1781,1,12,2,1
201343W127023,1,9,0,18,0,2,0,0,3,1,1,1,6,1,11,1995,2,5,10,1
201343W127073,1,9,0,9,0,8,0,0,0,0,1,1,6,2,7,1598,1,3,8,1
201343W127073,2,19,0,18,0,8,0,0,0,0,1,1,1,1,7,2287,2,3,7,1
201343W127113,1,9,0,18,0,0,5,0,1,0,1,1,2,1,6,1061,1,9,6,1
201343W127123,1,9,0,18,0,0,0,0,0,0,1,1,6,1,7,-1,-1,-1,-1,-1
201343W127123,2,9,0,3,0,0,0,0,0,0,2,1,6,2,4,1986,2,6,10,1
201343W128073,1,9,0,7,0,8,1,10,7,3,1,1,6,1,4,1368,1,4,7,2
201343W128093,1,9,0,18,0,0,0,0,2,7,1,1,2,1,9,3996,1,7,7,3
201343W128113,1,21,1,18,0,0,3,0,0,0,1,1,1,1,8,12902,2,-1,7,1
201343W128113,2,17,4,2,0,0,0,0,0,0,2,1,6,1,8,-1,-1,-1,5,2
201343W128113,3,9,0,18,0,0,0,0,4,0,4,1,6,1,8,1995,2,1,4,2
201343W128113,4,8,0,18,0,0,0,7,4,0,1,1,2,1,7,-1,-1,-1,9,1
201343W129023,1,8,0,17,0,0,0,0,1,4,1,1,2,1,7,-1,-1,-1,5,1
201343W129033,1,9,0,17,0,2,0,0,0,0,1,1,6,1,8,2199,2,11,10,1
201343W129063,1,9,0,4,0,0,0,0,0,0,1,1,6,1,6,1796,1,12,4,1
201343W129063,2,1,0,18,0,0,0,0,0,0,0,1,6,1,4,-1,-1,-1,9,1
201343W129073,1,9,0,11,0,8,0,0,1,4,1,1,6,1,8,1598,1,4,10,1
201343W129093,1,9,0,18,0,0,0,0,0,0,1,1,1,1,7,2993,2,8,9,1
201343W129123,1,9,0,18,0,0,0,0,0,0,3,1,6,2,6,1349,1,-1,9,1
201343W129123,2,9,0,18,0,0,0,0,0,0,3,1,6,3,-1,-1,-1,-1,-1,-1
201343W130013,1,19,0,18,0,1,0,0,0,0,4,1,1,1,6,2143,2,3,5,1
201343W130013,2,9,0,12,0,7,0,7,0,6,3,1,6,1,10,1397,1,12,8,1
201343W130043,1,9,0,9,0,5,1,0,0,0,4,1,6,2,7,1341,1,9,9,1
201343W130043,2,9,0,18,0,8,1,0,0,0,3,1,1,2,8,1386,1,10,5,1
201343W130053,1,9,0,18,0,0,0,0,0,0,1,1,6,2,6,1299,1,13,-1,-1
201343W130053,2,1,0,18,0,0,1,0,0,0,3,1,6,2,6,-1,-1,-1,3,1
201343W130063,1,9,0,17,0,0,2,10,0,0,1,1,6,1,5,1997,1,13,6,3
201343W130073,1,9,0,16,0,0,0,0,1,7,1,1,6,2,4,1339,1,10,10,1
201343W130093,1,9,0,18,0,0,0,0,0,0,2,1,1,1,6,-1,-1,-1,8,1
201343W130093,2,9,0,18,0,0,0,0,0,0,1,1,6,3,-1,1998,1,6,-1,-1
201343W130103,1,9,0,6,0,6,1,0,0,0,1,1,6,1,6,1998,1,8,-1,3
201343W130103,2,19,0,18,0,1,1,0,0,0,1,1,2,1,7,1998,2,2,10,2
201343W130113,1,9,0,8,0,1,0,0,0,0,3,1,6,2,7,1596,1,11,10,1
201343W130113,2,3,0,18,0,8,0,0,0,0,1,1,6,1,4,-1,-1,-1,8,1
201343W130123,1,9,0,18,0,0,0,0,0,0,1,1,6,2,8,-1,-1,-1,-1,-1
201343W131033,1,19,0,4,0,2,0,0,0,0,2,1,1,1,8,1996,2,2,7,3
201343W131033,2,20,0,4,0,2,0,0,0,0,1,1,1,1,9,4580,2,3,9,2
201343W131063,1,9,0,9,0,5,0,0,0,0,1,1,6,1,8,1598,1,3,8,1
201343W131063,2,5,0,18,0,1,1,0,1,11,1,1,6,1,6,599,1,14,10,1
201343W131093,1,5,0,11,0,3,0,0,0,0,4,1,2,1,7,748,1,19,9,1
201343W131093,2,9,0,18,0,8,0,0,0,0,3,1,6,1,7,1781,1,13,6,1
201343W132013,1,9,0,9,0,8,0,0,0,0,1,1,5,1,9,1796,1,3,6,1
201343W132013,2,3,0,18,0,8,1,0,0,0,1,1,5,1,4,125,1,11,5,2
201343W132053,1,9,0,7,0,6,0,0,0,0,1,1,6,3,-1,1781,1,13,-1,-1
201343W132053,2,1,0,18,9,6,1,0,0,0,2,1,2,1,6,-1,-1,-1,4,1
201343W132063,1,9,0,7,0,2,0,0,0,0,1,1,6,1,10,1560,2,-1,6,1
201343W132073,1,5,0,16,0,8,0,0,0,0,3,1,6,1,7,1247,1,-1,9,1
201343W132073,2,9,0,17,0,8,0,0,1,0,3,1,6,1,7,-1,-1,-1,2,1
201343W133053,1,9,0,7,0,3,5,7,0,0,1,1,6,2,4,998,1,7,2,1
201343W133073,1,9,0,12,0,0,5,0,0,0,4,1,6,2,6,1339,1,10,10,1
201343W134043,1,9,0,7,4,5,0,0,0,0,3,1,6,1,-1,1956,2,3,10,1
201343W134043,2,1,0,18,4,1,0,0,0,0,1,1,1,2,5,-1,-1,-1,5,1
201343W135033,1,9,0,4,0,0,0,0,0,0,1,1,6,2,4,1799,1,6,6,1
201343W135033,2,3,0,3,0,0,0,0,0,0,2,1,1,1,6,125,1,8,4,1
201343W136013,1,9,0,18,0,0,0,0,0,0,1,1,1,1,7,2319,2,1,4,1
201343W136013,2,9,0,18,0,0,1,0,0,0,1,1,5,1,4,1796,1,12,3,1
201343W136043,1,10,0,18,0,0,2,0,2,7,1,1,6,1,8,2800,2,10,8,1
201343W136073,1,11,0,4,0,0,0,0,0,0,4,1,1,2,7,9000,2,9,5,1
201343W136083,1,19,0,4,0,0,0,0,0,0,1,1,6,1,6,-1,-1,-1,6,1
201343W136083,2,9,0,3,0,0,0,0,0,0,2,1,6,1,8,1560,2,1,6,1
201343W137033,1,9,0,18,0,1,0,7,0,1,1,1,2,1,6,1587,1,11,8,1
201343W137033,2,9,0,11,0,1,0,0,0,0,0,1,2,2,-1,998,1,6,-1,-1
201343W137033,3,9,0,12,0,1,0,0,0,0,0,1,6,3,-1,-1,-1,-1,-1,-1
201343W137043,1,9,0,5,0,6,0,0,0,0,2,1,6,2,-1,1997,2,13,-1,-1
201343W137043,2,1,0,18,0,1,0,0,0,0,1,1,6,1,7,-1,-1,-1,10,1
201343W137063,1,9,0,18,0,1,0,0,0,0,3,1,1,1,7,-1,-1,-1,8,1
201343W137063,2,1,0,18,0,1,0,0,0,0,1,1,6,1,3,-1,-1,-1,8,1
201343W137113,1,90,0,17,0,8,0,0,0,0,0,1,1,2,5,2987,2,3,9,1
201343W137113,2,9,0,5,0,4,0,0,0,0,2,1,6,1,7,1560,2,3,5,1
201343W137113,3,21,1,5,0,4,0,0,0,0,1,1,1,1,8,12900,2,2,7,1
201343W138033,1,8,0,18,0,1,0,7,3,10,0,1,1,1,9,2401,2,8,8,3
201343W138083,1,9,0,17,0,0,0,0,1,11,1,1,6,2,10,1956,2,2,7,3
201343W138103,1,1,0,18,9,1,0,0,0,0,1,1,6,2,-1,-1,-1,-1,-1,-1
201343W138113,1,9,0,18,0,4,0,0,0,0,1,1,6,2,4,1199,1,11,2,1
201343W138113,2,9,0,9,0,8,0,0,0,0,4,1,6,2,6,1796,1,10,8,3
201343W139023,1,9,0,18,0,8,0,0,0,0,1,1,1,2,8,1598,1,15,-1,-1
201343W139023,2,1,0,9,0,8,0,0,0,0,2,1,1,1,6,-1,-1,-1,10,1
201343W139043,1,9,0,18,0,0,1,0,0,0,1,1,6,2,7,1998,1,11,4,1
201343W139043,2,20,0,18,0,0,2,0,5,6,3,1,1,1,7,3920,2,8,5,1
201343W139073,1,1,0,4,0,1,0,0,0,0,1,1,1,1,6,-1,-1,-1,6,2
201343W139073,2,9,0,3,0,1,0,0,0,0,2,1,1,1,6,1598,2,3,6,1
201343W140023,1,9,0,5,0,6,0,0,0,0,4,1,1,2,6,1595,1,7,5,1
201343W140023,2,1,0,18,0,1,0,0,0,0,1,1,1,1,7,-1,-1,-1,8,1
201343W140043,1,19,0,1,0,0,0,0,0,0,2,1,6,1,-1,4580,2,2,9,1
201343W140043,2,9,0,3,0,0,0,0,0,0,1,1,6,2,6,1242,1,12,8,1
201343W140083,1,8,0,5,0,0,1,11,0,0,3,1,1,1,-1,-1,-1,-1,-1,-1
201343W141013,1,21,0,18,0,0,0,0,0,0,1,1,1,1,6,4461,2,3,9,1
201343W141013,2,19,0,18,0,0,0,0,1,4,2,1,1,1,10,1399,2,4,6,1
201343W141023,1,9,0,18,0,2,0,0,0,0,3,1,1,1,8,1910,2,3,6,1
201343W141023,2,3,0,13,0,2,0,0,0,0,1,1,2,1,7,124,1,7,5,1
201343W141043,1,9,0,17,0,0,1,0,1,7,1,1,6,1,4,1991,1,16,5,1
201343W142013,1,9,0,3,0,0,0,0,0,0,2,1,5,1,6,1598,1,10,3,1
201343W142013,2,9,0,18,0,0,0,0,0,0,1,1,5,1,-1,-1,-1,-1,-1,-1
201343W142023,1,9,0,18,0,3,0,0,0,0,1,1,5,1,6,1968,2,3,9,1
201343W142023,2,9,0,18,0,3,0,0,0,0,2,1,5,1,6,1995,2,10,2,1
201343W142023,3,9,0,3,0,3,0,0,0,0,3,1,5,1,11,1598,1,13,8,1
201343W142053,1,9,0,18,0,0,1,0,0,0,0,1,6,3,-1,-1,-1,-1,-1,-1
201343W142053,2,9,0,18,0,0,0,0,0,0,2,1,6,1,6,1910,2,7,6,1
201343W142053,3,9,0,18,0,0,0,0,0,0,1,1,6,2,6,1998,2,3,9,1
201343W142053,4,9,0,18,0,0,0,0,0,0,1,1,6,2,5,1360,1,2,5,1
201343W142073,1,9,0,16,0,0,0,0,0,0,1,1,2,1,4,1360,1,14,6,3
201343W142073,2,19,0,17,0,0,1,0,0,0,1,1,1,1,8,2287,2,2,9,2
201343W142073,3,9,0,17,0,0,0,0,7,0,4,1,6,1,7,1997,2,8,9,2
201343W143013,1,9,0,18,0,4,0,0,0,0,1,1,1,2,4,1388,1,15,6,1
201343W143013,2,1,0,9,0,8,0,0,0,0,1,1,2,1,5,-1,-1,-1,10,1
201343W143033,1,19,0,4,0,1,1,0,0,0,1,1,6,1,7,1995,2,5,10,1
201343W143033,2,9,0,4,0,1,0,0,0,0,2,1,6,2,7,1560,2,5,6,1
201343W143083,1,9,0,17,0,0,5,0,0,6,3,1,6,2,5,-1,-1,-1,7,1
201343W143093,1,9,0,18,0,0,0,0,0,0,3,1,6,3,-1,-1,-1,-1,-1,-1
201343W143093,2,9,0,18,0,0,0,0,0,0,3,1,6,1,7,1984,1,8,9,1
201343W143123,1,9,0,9,0,5,0,0,0,0,4,1,1,1,9,1560,2,4,10,1
201343W143123,2,2,0,18,0,1,0,0,0,0,1,1,1,1,7,49,1,12,10,2
201343W144043,1,9,0,7,0,3,0,0,0,0,1,1,6,1,11,1560,2,7,6,1
201343W144043,2,1,0,18,0,8,0,0,0,0,1,1,2,1,7,-1,-1,-1,3,1
201343W144083,1,9,0,18,0,0,0,0,1,2,1,1,6,1,7,3179,1,8,8,1
201343W144093,1,9,0,18,0,0,1,0,5,6,3,1,6,1,5,1360,1,13,-1,1
201343W145023,1,9,0,6,0,6,0,0,0,0,3,1,5,1,6,2990,1,18,5,1
201343W145023,2,9,0,18,0,8,0,0,0,0,1,1,5,1,6,1968,2,7,9,3
201343W145033,1,9,0,18,0,0,0,0,0,0,1,1,6,2,5,-1,-1,-1,8,3
201343W145043,1,9,0,18,0,0,0,0,1,7,4,1,6,1,11,-1,-1,-1,6,1
201343W145043,2,9,0,18,0,0,0,0,0,0,3,1,6,2,8,2698,2,7,10,1
201343W145073,1,9,0,18,0,2,0,0,0,0,4,1,6,2,7,1596,1,9,4,1
201343W145073,2,9,0,8,0,2,0,0,0,0,3,1,1,1,6,1149,1,11,5,1
201343W145083,1,9,0,18,0,0,0,0,0,0,3,1,6,1,6,998,1,14,5,2
201343W145083,2,9,0,18,0,0,1,0,0,0,1,1,6,1,9,2993,2,-1,-1,-1
201343W145123,1,9,0,18,0,0,0,0,0,0,1,1,6,1,8,1783,1,17,9,3
201343W145123,2,9,0,3,0,0,0,0,0,0,2,1,6,1,5,2393,1,8,4,1
201343W146013,1,1,0,18,0,0,0,0,0,0,3,1,6,1,4,-1,-1,-1,-1,-1
201343W146013,2,19,0,13,0,0,0,0,0,0,4,1,2,1,6,2402,2,10,3,1
201343W146043,1,9,0,9,0,4,0,0,0,0,1,1,1,2,7,1595,1,5,10,1
201343W146043,2,1,0,18,0,8,0,0,0,0,4,1,6,1,10,-1,-1,-1,9,1