Accident_Index,Vehicle_Reference,Vehicle_Type,Towing_and_Articulation,Vehicle_Manoeuvre,Vehicle_Location-Restricted_Lane,Junction_Location,Skidding_and_Overturning,Hit_Object_in_Carriageway,Vehicle_Leaving_Carriageway,Hit_Object_off_Carriageway,1st_Point_of_Impact,Was_Vehicle_Left_Hand_Drive?,Journey_Purpose_of_Driver,Sex_of_Driver,Age_Band_of_Driver,Engine_Capacity_(CC),Propulsion_Code,Age_of_Vehicle,Driver_IMD_Decile,Driver_Home_Area_Type
201343W146073,1,5,0,18,0,1,0,0,1,11,1,1,6,1,9,599,1,5,-1,-1
201343W146103,1,9,0,10,0,2,0,0,0,0,1,1,6,2,9,1905,2,18,9,3
201343W146103,2,9,0,10,0,1,0,0,0,0,4,1,6,2,6,1968,2,4,10,1
201343W146113,1,8,0,18,0,0,0,0,0,0,1,1,1,1,8,1794,1,9,9,1
201343W148033,1,9,0,18,0,1,0,0,0,0,1,1,6,2,4,1299,1,10,7,2
201343W148123,1,9,0,18,0,0,0,0,0,0,1,1,6,2,5,1199,1,9,7,1
201343W148123,2,9,0,5,0,0,0,0,0,0,2,1,6,1,8,-1,-1,-1,5,1
201343W149023,1,9,0,9,0,8,0,0,0,0,1,1,6,1,9,1596,1,3,10,2
201343W149023,2,1,0,18,0,8,0,0,0,0,4,1,6,1,8,-1,-1,-1,10,1
201343W149083,1,9,0,4,0,1,0,0,0,0,1,1,6,2,6,1388,1,11,-1,-1
201343W149083,2,9,0,4,0,1,0,0,0,0,2,1,6,2,8,1587,1,21,5,1
201343W149123,1,9,0,17,0,0,1,0,7,4,1,1,6,1,4,1149,1,10,8,1
201343W150023,1,9,0,18,0,0,0,0,0,0,4,1,5,2,8,1360,1,11,9,1
201343W150063,1,9,0,18,0,0,0,0,0,0,1,1,1,1,8,1968,2,1,8,1
201343W150063,2,21,0,18,0,0,0,0,0,0,2,1,1,1,7,4580,2,5,1,1
201343W150083,1,9,0,18,0,0,0,0,0,0,1,1,6,2,6,1997,2,6,6,1
201343W150083,2,9,0,18,0,0,0,0,1,0,1,1,6,2,6,1390,1,11,-1,-1
201343W150093,1,9,0,18,0,0,0,0,0,0,1,1,2,1,5,1998,2,8,5,1
201343W150093,2,21,1,18,0,0,0,0,0,0,2,1,1,1,7,12740,2,1,5,1
201343W150123,1,19,0,18,0,8,0,0,0,0,4,1,1,1,6,1686,2,6,9,3
201343W150123,2,3,0,18,0,8,1,0,0,0,1,1,2,1,5,124,1,1,7,2
201343W151013,1,9,0,18,0,1,1,7,7,0,1,1,1,1,6,1248,2,3,-1,-1
201343W151023,1,9,0,18,0,8,5,10,0,1,3,1,6,1,10,1527,2,14,10,3
201343W151023,2,9,0,18,0,8,0,0,0,0,1,1,6,1,6,-1,-1,-1,2,1
201343W151033,1,9,0,18,0,8,1,0,0,1,1,1,2,2,4,1400,1,13,10,1
201343W151033,2,9,0,18,0,8,0,0,0,0,3,1,6,1,8,1242,1,8,10,1
201343W151063,1,90,0,18,9,0,0,0,0,0,1,1,6,1,11,-1,-1,-1,6,1
201343W151073,1,9,0,17,0,0,1,0,1,4,4,1,6,1,6,1149,1,9,10,1
201343W151093,1,9,0,12,0,0,0,0,0,0,1,1,6,1,11,1388,1,10,10,1
201343W151093,2,9,0,3,0,0,0,0,0,0,2,1,6,1,10,1956,2,2,9,1
201343W152023,1,9,0,17,0,0,5,0,0,10,1,1,5,2,7,-1,-1,-1,8,1
201343W152023,2,9,0,18,0,0,0,0,0,0,1,1,5,1,7,2400,2,5,8,2
201343W152033,1,9,0,11,0,4,0,0,0,0,3,1,2,2,5,1124,1,15,10,1
201343W152033,2,9,0,12,0,4,0,0,0,0,4,1,2,1,7,-1,-1,-1,2,1
201343W152043,1,19,0,18,0,2,0,0,0,0,0,1,1,1,6,2143,2,2,-1,-1
201343W152043,2,20,0,18,0,1,0,0,0,0,1,1,1,1,8,5880,2,7,6,1
201343W152043,3,3,0,18,0,1,1,0,0,0,1,1,2,1,5,124,1,-1,3,1
201343W152083,1,9,0,9,0,1,0,0,0,0,1,1,6,1,4,1229,1,5,10,1
201343W152083,2,1,0,18,0,1,0,0,0,0,1,1,6,1,7,-1,-1,-1,9,1
201343W152093,1,9,0,18,0,0,0,0,0,0,1,1,6,2,6,1596,1,11,5,1
201343W152093,2,8,0,4,0,0,0,0,0,0,2,1,1,1,10,2149,2,6,9,1
201343W153083,1,1,0,18,0,1,1,0,0,0,4,1,1,1,7,-1,-1,-1,10,1
201343W153083,2,9,0,18,0,1,0,0,0,0,1,1,1,1,9,-1,-1,-1,10,3
201343W153103,1,5,0,18,0,4,0,0,0,0,0,1,2,1,7,650,1,16,8,1
201343W153103,2,9,0,18,0,4,0,0,0,0,0,1,6,3,-1,-1,-1,-1,-1,-1
201343W153103,3,9,0,18,0,4,0,0,0,0,0,1,6,3,-1,-1,-1,-1,-1,-1
201343W154013,1,9,0,9,0,6,0,0,0,0,1,1,2,2,4,1242,1,15,9,1
201343W154013,2,2,0,18,0,1,0,0,0,0,1,1,2,2,4,49,1,4,9,3
201343W154033,1,9,0,7,0,2,0,0,0,0,1,1,6,2,7,1360,1,11,4,1
201343W154033,2,9,0,7,0,2,0,0,0,0,2,1,6,1,9,1968,2,2,9,1
201343W154063,1,9,0,17,0,0,2,0,1,4,4,1,6,2,4,1149,1,11,9,2
201343W154083,1,9,0,18,0,0,0,0,0,0,1,1,6,1,7,1598,2,-1,5,1
201343W154083,2,9,0,3,0,0,0,0,0,0,2,1,6,1,6,1400,1,13,3,1
201343W154123,1,19,0,17,0,0,0,0,0,0,4,1,1,1,7,2198,2,1,7,2
201343W155013,1,9,0,18,0,4,0,0,0,0,1,1,2,1,8,1560,2,4,5,1
201343W155013,2,1,0,18,0,8,0,0,0,0,4,1,2,2,7,-1,-1,-1,10,1
201343W155033,1,9,0,18,0,0,0,0,0,0,1,1,2,2,8,2199,2,1,5,1
201343W155033,2,9,0,18,0,0,0,0,0,0,2,1,2,2,5,-1,-1,-1,9,1
201343W155033,3,9,0,18,0,0,0,0,0,0,2,1,2,1,9,1598,2,2,9,3
201343W155053,1,9,0,4,0,0,0,0,0,0,4,1,6,2,-1,1587,1,6,9,3
201343W155053,2,1,0,18,0,0,0,0,1,1,3,1,2,1,7,-1,-1,-1,4,1
201343W155083,1,19,0,18,0,0,0,10,7,4,1,1,2,1,6,1995,2,-1,8,1
201343W155103,1,9,0,4,0,2,0,0,0,0,1,1,6,2,8,1560,2,9,2,1
201343W155103,2,9,0,3,0,2,0,0,0,0,2,1,6,2,7,1910,2,6,2,1
201343W155123,1,9,0,18,0,4,0,0,0,0,3,1,6,2,4,1124,1,11,3,1
201343W155123,2,9,0,18,0,8,0,0,0,0,1,1,6,2,5,1299,1,5,-1,-1
201343W156023,1,9,0,18,0,0,1,0,0,0,1,1,5,1,10,1590,1,13,2,1
201343W156023,2,9,0,18,0,0,1,0,0,0,1,1,5,2,6,998,1,15,9,3
201343W156023,3,9,0,18,0,0,1,0,1,11,1,1,5,1,8,1796,1,5,10,3
201343W156073,1,9,0,5,0,6,0,0,0,0,3,1,2,1,9,1995,2,10,3,1
201343W156073,2,3,0,18,0,1,0,0,0,0,1,1,2,2,4,-1,-1,-1,3,1
201343W156093,1,9,0,7,0,8,0,0,0,0,3,1,6,3,-1,1364,1,4,-1,-1
201343W156093,2,1,0,18,0,8,0,0,0,0,4,1,6,1,6,-1,-1,-1,10,1
201343W156123,1,9,0,18,0,1,0,0,0,0,1,1,6,1,8,1995,2,10,7,3
201343W156123,2,9,0,3,0,1,0,0,0,0,2,1,6,1,9,1994,1,14,7,3
201343W157043,1,21,0,18,0,1,1,0,1,0,1,1,1,1,7,6370,2,5,8,3
201343W157043,2,9,0,10,0,1,0,0,1,1,3,1,6,2,5,1240,1,9,7,2
201343W157053,1,1,0,18,0,0,0,0,0,0,0,1,6,2,10,-1,-1,-1,6,3
201343W157113,1,9,0,4,0,1,0,0,0,0,1,1,6,1,6,1796,1,10,3,1
201343W157113,2,9,0,8,0,1,0,0,0,0,2,1,6,1,6,1896,2,6,6,1
201343W157123,1,11,0,17,0,0,0,0,0,0,1,1,1,1,10,9000,2,8,10,1
201343W158033,1,9,0,13,0,1,0,0,0,0,1,1,6,2,-1,1587,1,9,-1,-1
201343W158033,2,9,0,9,0,8,1,0,0,0,4,1,6,2,6,1149,1,6,8,1
201343W158083,1,9,0,9,0,1,0,0,0,0,1,1,2,1,10,1948,1,12,10,1
201343W158083,2,9,0,18,0,1,0,0,0,0,3,1,6,2,7,1560,2,2,4,1
201343W158113,1,9,0,18,0,0,0,0,1,0,3,1,6,1,9,2685,2,11,10,1
201343W158113,2,9,0,18,0,0,0,0,1,0,3,1,6,2,7,1910,2,7,5,1
201343W159043,1,10,0,18,0,3,0,0,0,0,0,1,6,1,6,-1,-1,-1,10,1
201343W159053,1,9,0,9,0,6,0,0,0,0,1,1,2,1,6,1242,1,13,5,1
201343W159053,2,9,0,18,0,1,0,0,0,0,4,1,6,2,6,998,1,12,8,1
201343W159073,1,9,0,18,0,0,0,0,0,0,1,1,6,1,-1,2720,2,8,7,3
201343W159073,2,9,0,4,0,0,0,0,0,0,2,1,6,2,-1,1991,2,5,10,3
201343W159073,3,9,0,3,0,0,0,0,0,0,2,1,6,1,-1,1796,1,12,-1,-1
201343W159083,1,2,0,16,0,1,0,0,0,0,3,1,6,1,8,50,1,7,5,2
201343W159083,2,19,0,8,0,1,0,0,0,0,3,1,1,1,6,2402,2,6,8,2
201343W160033,1,9,0,18,0,0,5,0,0,0,1,1,6,2,5,1595,1,5,10,1
201343W160033,2,9,0,2,0,0,0,0,0,0,3,1,6,3,-1,1799,1,5,-1,-1
201343W160033,3,9,0,2,0,0,0,0,0,0,2,1,6,3,-1,1984,1,5,-1,-1
201343W160043,1,9,0,18,0,0,0,0,0,0,1,1,6,1,6,-1,-1,-1,-1,-1
201343W160043,2,9,0,3,0,0,0,0,0,0,2,1,6,1,11,998,1,12,9,3
201343W160043,3,9,0,3,0,0,0,0,0,0,2,1,6,1,8,-1,-1,-1,-1,-1
201343W160053,1,9,0,1,0,0,0,0,0,0,1,1,6,3,-1,-1,-1,-1,-1,-1
201343W160063,1,11,0,9,0,6,0,0,0,0,4,1,1,1,5,4249,2,6,7,2
201343W160063,2,9,0,18,0,1,0,0,0,0,3,1,6,2,5,1240,1,6,10,2
201343W160073,1,9,0,18,0,0,0,0,0,0,3,1,2,1,6,1896,2,10,4,1
201343W160083,1,9,0,18,0,4,2,0,7,11,1,1,6,2,10,1197,1,3,10,1
201343W160113,1,9,0,18,0,1,0,0,0,0,1,1,6,2,4,-1,-1,-1,-1,-1
201343W160113,2,9,0,8,0,1,0,0,0,0,2,1,6,1,8,-1,-1,-1,5,1
201343W161033,1,11,0,18,9,0,0,0,0,0,4,1,6,3,-1,-1,-1,-1,-1,-1
201343W161053,1,9,0,9,0,8,0,7,0,1,4,1,6,1,4,1596,1,3,8,1
201343W161053,2,9,0,18,0,8,0,0,0,0,1,1,6,2,9,1149,1,10,10,1
201343W161063,1,9,0,12,0,0,1,0,1,4,1,1,6,1,5,1796,1,9,3,1
201343W161063,2,9,0,18,0,0,1,0,0,0,2,1,6,1,9,1796,1,14,6,1
201343W161073,1,9,0,18,0,0,5,10,0,0,1,1,6,1,5,2494,1,21,10,1
201343W161083,1,9,0,4,0,0,0,0,0,0,1,1,1,1,8,-1,-1,-1,3,2
201343W161083,2,9,0,4,0,0,0,0,0,0,2,1,6,1,7,1598,1,13,10,1
201343W161083,3,9,0,4,0,0,0,0,0,0,2,1,6,1,8,1497,1,13,7,1
201343W162063,1,9,0,18,0,2,0,0,0,0,1,1,6,3,-1,-1,-1,-1,-1,-1
201343W162123,1,9,0,18,0,3,1,0,0,0,1,1,6,2,4,1597,1,15,10,1
201343W162123,2,9,0,4,0,4,0,0,0,0,1,1,2,2,10,-1,-1,-1,10,1
201343W163073,1,9,0,10,0,1,0,0,0,0,4,1,6,2,6,1900,2,7,7,2
201343W163073,2,20,0,18,0,1,0,0,0,0,1,1,6,3,-1,-1,-1,-1,-1,-1
201343W163113,1,9,0,9,0,8,0,0,0,0,4,1,2,1,7,-1,-1,-1,-1,-1
201343W163113,2,1,0,18,0,1,0,0,0,0,1,1,2,1,7,-1,-1,-1,4,1
201343W163123,1,90,0,18,0,8,0,0,0,0,0,1,1,3,7,-1,-1,-1,-1,-1
201343W163123,2,9,0,18,0,8,0,0,0,0,2,1,6,1,11,-1,-1,-1,3,1
201343W163123,3,9,0,18,0,8,0,0,0,0,1,1,6,2,7,-1,-1,-1,10,1
201343W164043,1,9,0,18,0,8,0,0,0,0,1,1,6,1,-1,-1,-1,-1,-1,-1
201343W164043,2,9,0,18,0,3,0,0,0,0,3,1,1,1,8,1686,2,2,5,1
201343W164083,1,9,0,18,0,0,0,0,0,0,1,1,6,1,7,-1,-1,-1,8,2
201343W164083,2,9,4,3,0,0,0,0,0,0,1,1,6,1,5,2495,2,18,7,3
201343W164113,1,9,0,18,0,4,0,0,0,0,1,1,6,2,-1,973,1,12,-1,-1
201343W164113,2,1,0,18,0,8,1,0,0,0,3,1,2,1,5,-1,-1,-1,8,3
201343W165023,1,9,0,6,0,0,0,0,0,0,3,1,6,1,7,1582,2,1,2,1
201343W165023,2,1,0,18,0,0,0,0,0,0,4,1,1,1,6,-1,-1,-1,4,1
201343W165033,1,1,0,9,0,1,0,0,0,0,3,1,6,2,5,-1,-1,-1,10,1
201343W165033,2,9,0,13,0,1,0,0,0,0,1,1,6,1,11,1999,1,7,9,1
201343W165053,1,9,0,18,0,8,0,0,0,0,1,1,6,1,-1,1796,1,18,5,1
201343W165053,2,1,0,18,0,8,0,0,0,0,1,1,6,1,2,-1,-1,-1,4,1
201343W166023,1,19,0,14,0,0,0,0,0,0,4,1,6,3,-1,-1,-1,-1,-1,-1
201343W166023,2,9,0,2,0,0,0,0,0,0,0,1,1,1,5,2171,2,9,4,1
201343W166083,1,9,0,9,0,4,0,0,0,0,3,1,6,2,6,1896,2,6,10,1
201343W166083,2,1,0,18,0,8,0,0,0,0,1,1,6,1,6,-1,-1,-1,9,1
201343W167023,1,9,0,18,0,4,0,0,0,0,1,1,2,1,7,2401,2,11,7,1
201343W167023,2,9,0,9,0,8,0,0,0,0,2,1,2,2,6,1299,1,8,7,1
201343W167083,1,9,0,18,0,8,0,0,0,0,1,1,6,2,7,1596,1,12,6,1
201343W167083,2,9,0,18,0,4,0,0,0,0,3,1,6,1,6,2979,1,12,10,1
201343W167093,1,3,0,4,0,1,1,0,0,0,0,1,2,2,4,124,1,6,4,1
201343W167113,1,9,0,18,0,0,0,0,1,0,1,1,6,2,7,1364,2,8,6,1
201343W167113,2,9,0,2,9,0,0,0,0,4,3,1,6,1,5,1598,1,6,10,1
201343W168043,1,9,0,15,0,0,0,0,0,0,2,1,2,1,8,1910,2,5,-1,1
201343W168043,2,9,0,18,0,0,1,0,0,0,1,1,6,1,-1,2688,2,13,7,1
201343W168043,3,9,0,18,0,0,1,0,0,0,1,1,2,1,-1,3800,1,5,10,3
201343W168043,4,9,0,18,0,0,1,0,1,0,2,1,2,1,-1,1896,2,9,-1,1
201343W168043,5,9,0,18,0,0,1,0,1,0,1,1,6,1,6,2000,2,6,-1,-1
201343W168053,1,9,0,18,0,0,0,0,1,4,1,1,6,1,8,1956,2,2,2,1
201343W168073,1,9,0,18,0,4,0,0,3,0,1,1,6,2,7,1995,2,2,8,1
201343W168073,2,9,0,3,0,4,0,0,0,0,3,1,6,1,10,2143,2,3,10,1
201343W168073,3,9,0,3,0,4,0,0,0,0,4,1,6,1,7,1590,1,11,6,1
201343W169013,1,9,0,9,0,4,0,0,0,0,3,1,1,1,7,1997,1,9,9,1
201343W169013,2,1,0,18,0,8,1,0,0,0,1,1,1,1,8,-1,-1,-1,9,1
201343W169043,1,3,0,14,0,1,0,0,0,0,1,1,6,1,4,124,1,-1,2,1
201343W169043,2,9,0,9,0,6,0,0,0,0,4,1,6,1,6,1686,2,19,9,1
201343W169073,1,9,0,5,0,8,0,0,0,0,1,1,6,1,8,-1,-1,-1,-1,-1
201343W169073,2,1,0,5,0,8,0,0,0,0,3,1,6,1,6,-1,-1,-1,5,1
201343W169113,1,9,0,18,0,0,0,0,0,0,1,1,6,2,6,1368,1,5,8,1
201343W169113,2,9,0,4,0,0,0,0,0,0,2,1,6,1,5,1596,1,10,5,1
201343W169113,3,9,0,1,0,0,0,0,0,0,0,1,6,1,10,1395,1,-1,4,1
201343W170013,1,9,0,9,0,8,0,0,0,0,1,1,6,1,4,-1,-1,-1,-1,-1
201343W170013,2,1,0,18,0,8,0,0,0,0,1,1,6,1,7,-1,-1,-1,5,1
201343W170063,1,9,0,18,0,0,0,0,0,0,1,1,3,2,6,1896,2,12,3,1
201343W170073,1,9,0,18,0,0,0,0,0,0,4,1,6,2,7,1339,1,4,4,1
201343W170083,1,9,0,17,0,1,0,0,0,0,3,1,6,1,-1,-1,-1,-1,-1,-1
201343W170093,1,9,0,18,0,0,0,0,7,4,2,1,6,2,4,998,1,6,10,1
201343W171073,1,9,0,18,0,0,0,0,1,6,1,1,6,2,6,1598,1,3,9,1
201343W171113,1,9,0,11,0,5,2,0,2,10,1,1,6,1,10,3000,1,21,10,3
201343W171123,1,9,0,18,0,0,1,0,0,0,1,1,6,2,-1,1587,1,6,7,1
201343W171123,2,9,0,18,0,0,0,0,0,0,2,1,6,1,11,-1,-1,-1,2,1
201343W172023,1,9,0,18,0,0,0,0,0,0,1,1,6,2,6,1388,1,3,3,1
201343W172023,2,1,0,18,0,0,0,0,0,0,2,1,6,1,3,-1,-1,-1,3,1
201343W172033,1,9,0,7,0,4,0,0,0,0,4,1,6,2,10,1388,1,9,6,1
201343W172033,2,1,0,9,0,4,0,0,0,0,3,1,2,1,8,-1,-1,-1,6,1
201343W172053,1,9,0,5,0,0,0,0,0,0,3,1,1,1,9,998,1,2,8,3
201343W172053,2,5,0,18,0,0,0,0,0,0,1,1,1,1,8,1000,1,-1,7,2
201343W172083,1,19,0,5,0,3,0,0,0,0,1,1,6,1,5,2402,2,4,-1,-1
201343W172083,2,9,0,5,0,3,0,0,0,0,4,1,6,2,7,1149,1,8,8,1
201343W172093,1,9,0,9,0,8,0,0,0,0,3,1,6,2,5,1124,1,14,-1,-1
201343W172093,2,3,0,18,0,8,0,0,0,0,1,1,6,1,7,-1,-1,-1,10,1
201343W172113,1,19,0,18,0,0,2,0,0,0,1,1,6,1,7,1868,2,11,4,1
201343W173033,1,9,0,18,0,0,0,0,0,0,1,1,6,1,6,1753,2,6,2,1
201343W173033,2,19,0,18,0,0,0,0,0,0,3,1,6,1,9,1997,2,8,7,2
201343W173033,3,9,0,18,0,0,0,0,0,0,1,1,6,2,7,1995,2,1,8,3
201343W173043,1,9,0,18,0,8,0,0,0,0,1,1,6,2,6,1396,1,16,5,1
201343W173043,2,9,0,3,0,8,0,0,0,0,2,1,6,1,8,2184,2,4,6,1
201343W173043,3,9,0,3,0,8,0,0,0,0,2,1,6,1,6,-1,-1,-1,3,1
201343W173043,4,9,0,3,0,8,0,0,0,0,2,1,6,1,7,1995,2,7,10,1
201343W173093,1,9,0,17,0,0,2,0,1,1,1,1,6,1,4,1988,1,8,10,1
201343W173103,1,9,0,18,0,0,0,0,0,0,3,1,6,1,8,1598,1,12,3,1
201343W173103,2,9,0,18,0,0,0,0,0,0,3,1,6,2,6,1900,2,6,3,1
201343W173103,3,8,0,2,0,0,0,0,0,0,3,1,6,1,7,1910,2,6,10,1
201343W174043,1,11,0,18,0,1,0,0,0,0,4,1,1,1,9,6700,2,2,7,3
201343W174083,1,9,0,5,0,2,0,0,0,0,0,1,3,2,7,1995,2,5,4,1
201343W174093,1,9,0,17,0,0,5,0,1,10,1,1,6,1,4,1299,1,13,4,1
201343W174103,1,9,0,18,0,4,0,0,0,0,1,1,6,1,6,1598,1,13,3,1
201343W174103,2,9,0,9,0,8,0,0,0,0,4,1,6,1,8,1598,2,1,3,1
201343W175023,1,9,0,18,0,1,0,0,0,0,1,1,6,2,-1,1997,2,-1,-1,-1
201343W175023,2,9,0,3,0,1,0,0,0,0,2,1,5,2,9,998,1,4,9,1
201343W175063,1,9,0,18,0,0,0,0,0,0,1,1,6,1,-1,1242,1,7,10,2
201343W175063,2,1,0,17,0,0,0,0,0,0,3,1,6,1,6,-1,-1,-1,10,1
201343W175083,1,9,0,11,0,1,0,0,0,0,1,1,6,2,6,1995,2,9,10,1
201343W175083,2,9,0,4,0,1,0,0,0,0,2,1,6,2,7,1242,1,3,10,3
201343W175093,1,9,0,18,0,0,1,0,1,9,4,1,6,1,4,-1,-1,-1,7,3
201343W175103,1,9,0,18,0,0,0,0,0,0,1,1,6,1,6,1299,1,12,10,1
201343W175103,2,9,0,18,0,0,0,0,0,0,2,1,6,1,8,2495,2,9,8,2
201343W175113,1,1,0,9,5,8,0,0,0,0,1,1,3,1,3,-1,-1,-1,10,1
201343W175113,2,9,0,18,5,1,0,0,0,0,3,1,4,2,6,1796,1,12,10,1
201343W175123,1,9,0,18,0,6,0,0,0,0,4,1,6,1,9,1560,2,1,9,3
201343W175123,2,9,0,10,0,8,0,0,0,0,1,1,6,2,9,1598,2,2,10,2
201343W175123,3,9,0,18,0,1,0,0,0,0,1,1,6,2,6,1900,2,15,10,2
201343W175123,4,9,0,10,0,1,0,0,0,0,1,1,6,2,7,-1,-1,-1,9,3
201343W176023,1,8,0,18,0,4,0,0,0,0,1,1,1,1,7,1997,2,6,6,1
201343W176063,1,9,0,18,0,1,1,0,0,0,1,1,2,1,7,1995,2,9,8,1
201343W176063,2,8,0,3,0,1,0,0,0,0,2,1,1,1,6,1997,2,3,6,1
201343W176083,1,9,0,1,0,6,0,0,0,0,0,1,6,3,-1,1199,1,12,-1,-1
201343W176083,2,9,0,18,0,1,0,4,0,0,4,1,6,2,9,998,1,19,4,1
201343W176083,3,9,0,2,0,1,0,0,0,0,3,1,6,3,-1,-1,-1,-1,-1,-1
201343W176103,1,9,0,18,0,1,0,0,0,0,1,1,6,1,-1,-1,-1,-1,-1,-1
201343W176103,2,9,0,4,0,1,0,0,0,0,2,1,2,1,7,1598,1,11,4,1
201343W177023,1,9,0,18,0,0,5,0,0,0,1,1,6,1,10,1598,1,8,10,1
201343W177023,2,9,0,2,0,0,0,0,0,0,2,1,5,3,-1,2149,2,6,9,1
201343W177033,1,9,0,4,0,1,0,0,0,0,0,1,1,1,7,1582,2,-1,-1,-1
201343W177033,2,9,0,5,0,7,0,0,0,0,1,1,6,1,6,1388,1,10,4,1
201343W177033,3,9,0,3,0,7,0,0,0,0,2,1,6,1,6,1061,1,8,10,1
201343W177033,4,9,0,3,0,7,0,0,0,0,2,1,6,2,7,1596,1,7,10,2
201343W177033,5,9,0,3,0,6,0,0,0,0,2,1,6,2,7,2967,2,-1,10,2
201343W177033,6,9,0,3,0,6,0,0,0,0,2,1,6,1,7,1798,1,1,10,2
201343W177063,1,9,0,9,0,8,0,0,0,0,1,1,6,1,5,1781,1,9,-1,-1
201343W177063,2,1,0,14,0,8,0,0,0,0,1,1,6,1,3,-1,-1,-1,-1,-1
201343W178033,1,9,0,9,0,8,0,0,0,1,1,1,6,1,6,1388,1,5,6,1
201343W178033,2,9,0,18,0,8,0,0,0,0,1,1,6,2,8,2495,2,14,6,1
201343W178103,1,9,0,6,0,8,0,0,0,0,4,1,6,1,9,1229,1,8,2,1
201343W178103,2,1,0,18,0,8,0,0,0,0,1,1,6,1,5,-1,-1,-1,7,1
201343W179023,1,9,0,4,0,1,1,0,0,0,1,1,5,1,5,1597,1,8,10,1
201343W179023,2,9,0,3,0,1,0,0,0,0,2,1,5,2,8,1598,1,3,8,3
201343W179023,3,9,0,10,0,1,0,0,0,0,2,1,5,2,8,1968,2,3,10,1
201343W179063,1,9,0,17,0,0,1,0,1,1,1,1,6,1,4,1198,1,7,7,3
201343W179103,1,9,0,7,0,8,0,0,0,0,3,1,6,3,-1,-1,-1,-1,-1,-1
201343W179113,1,9,0,9,0,3,0,0,0,0,1,1,6,2,8,1199,1,9,2,1
201343W180033,1,9,0,13,0,0,0,0,7,0,3,1,1,1,7,1248,2,1,4,1
201343W180033,2,9,0,9,0,0,0,0,1,0,0,1,6,2,6,1390,1,11,8,1
201343W180053,1,10,0,18,0,0,0,0,1,10,1,1,1,1,5,-1,-1,-1,-1,1
201343W180123,1,9,0,18,0,1,1,0,0,0,1,1,1,2,5,1388,1,10,5,1
201343W180123,2,9,0,3,0,2,0,0,0,0,2,1,6,1,8,1399,2,7,-1,-1
201343W181033,1,9,0,18,0,4,0,0,0,0,1,1,6,1,-1,-1,-1,-1,-1,-1
201343W181033,2,1,0,7,0,8,0,0,0,0,4,1,2,1,6,-1,-1,-1,5,1
201343W181043,1,19,0,18,0,0,0,0,0,0,1,1,1,1,7,1997,2,5,10,1
201343W181043,2,9,0,18,0,0,0,0,0,0,1,1,1,1,7,1598,1,14,9,1
201343W181043,3,9,0,18,0,0,0,0,0,0,1,1,1,1,7,1798,1,7,8,1
201343W181093,1,9,0,18,0,8,0,0,0,0,1,1,6,2,5,973,1,13,5,1
201343W181123,1,9,0,4,0,4,1,0,0,0,1,1,2,2,8,1396,1,4,8,1
201343W181123,2,1,0,9,0,3,0,0,0,0,2,1,2,1,7,-1,-1,-1,7,1
201343W182063,1,1,0,18,0,1,0,11,0,0,1,1,6,2,9,-1,-1,-1,10,3
201343W182083,1,9,0,16,0,2,1,0,0,0,1,1,2,1,6,-1,-1,-1,7,2
201343W182093,1,9,0,18,0,0,0,0,0,0,1,1,6,2,11,1242,1,9,-1,-1
201343W182093,2,9,0,4,0,0,0,0,0,0,2,1,6,1,8,1995,2,8,5,1
201343W182113,1,5,0,5,0,0,1,0,0,0,3,1,6,1,6,599,1,5,3,1
201343W182123,1,9,0,14,0,0,0,0,0,0,1,1,6,1,6,-1,-1,-1,8,1
201343W182123,2,11,0,2,0,0,0,0,0,0,2,1,1,1,7,9000,2,5,4,1
201343W183013,1,9,0,18,0,0,0,0,0,0,4,1,6,1,6,2351,1,11,9,3
201343W183013,2,1,0,18,0,0,1,0,0,0,3,1,6,1,6,-1,-1,-1,10,1
201343W183053,1,9,0,18,0,0,0,0,1,0,1,1,6,1,7,1968,2,-1,1,1
201343W183053,2,9,0,18,0,0,0,0,0,0,2,1,6,2,7,1199,1,12,-1,-1
201343W183083,1,9,0,9,0,8,0,0,0,0,1,1,6,2,9,1997,1,9,10,1
201343W183083,2,5,0,18,0,8,0,0,0,0,1,1,6,1,9,892,1,10,5,1
201343W183113,1,9,0,5,0,0,0,0,0,0,1,1,6,1,11,2498,1,14,9,1
201343W183113,2,9,0,5,0,0,0,0,0,0,2,1,6,2,6,1796,1,7,9,1
201343W183113,3,9,0,5,0,0,0,0,0,0,2,1,6,1,6,1390,1,11,5,1
201343W184043,1,19,0,1,0,8,0,0,0,0,3,1,1,1,6,1997,2,8,9,3
201343W184043,2,1,0,18,0,1,0,0,0,0,1,1,1,1,9,-1,-1,-1,10,1
201343W184103,1,9,0,9,0,8,0,0,0,0,3,1,1,1,9,1598,1,2,10,1
201343W184103,2,3,0,18,0,8,0,0,0,0,1,1,1,1,4,-1,-1,-1,10,1
201343W185103,1,9,0,9,0,1,1,0,0,0,1,1,1,2,7,1589,1,13,4,1
201343W185103,2,5,0,9,0,1,1,0,0,0,1,1,1,1,6,891,1,23,7,2