Accident_Index,Vehicle_Reference,Vehicle_Type,Towing_and_Articulation,Vehicle_Manoeuvre,Vehicle_Location-Restricted_Lane,Junction_Location,Skidding_and_Overturning,Hit_Object_in_Carriageway,Vehicle_Leaving_Carriageway,Hit_Object_off_Carriageway,1st_Point_of_Impact,Was_Vehicle_Left_Hand_Drive?,Journey_Purpose_of_Driver,Sex_of_Driver,Age_Band_of_Driver,Engine_Capacity_(CC),Propulsion_Code,Age_of_Vehicle,Driver_IMD_Decile,Driver_Home_Area_Type
2013440083857,2,19,0,4,0,1,0,0,0,0,2,1,1,1,7,-1,-1,-1,4,1
2013440083857,3,9,0,18,0,1,0,0,0,0,1,1,6,3,-1,-1,-1,-1,-1,-1
2013440083903,1,9,0,18,0,0,0,0,0,0,2,1,1,2,7,1753,2,12,10,3
2013440083903,2,9,0,18,0,0,0,0,0,0,1,1,1,2,6,1349,1,4,4,1
2013440083903,3,9,0,18,0,0,0,0,0,0,1,1,1,1,-1,1794,1,8,5,1
2013440083903,4,9,0,18,0,0,0,0,0,0,1,1,1,2,6,1995,2,2,9,1
2013440083917,1,9,0,9,0,8,0,0,0,0,1,1,3,2,6,1998,1,7,10,1
2013440083917,2,1,0,9,0,8,0,0,0,0,2,1,6,1,8,-1,-1,-1,10,1
2013440084595,1,9,0,18,0,0,0,0,0,0,3,1,2,1,8,1796,1,11,7,1
2013440084641,1,1,0,16,0,8,0,0,0,0,3,1,6,1,4,-1,-1,-1,7,2
2013440084641,2,19,0,18,0,8,0,0,0,0,4,1,1,1,8,2198,2,2,6,1
2013440084668,1,9,0,5,0,8,0,0,0,0,3,1,6,2,6,1850,1,13,5,1
2013440084668,2,9,0,18,0,8,0,0,0,0,1,1,6,1,8,2544,1,13,9,1
2013440084731,1,9,0,18,0,8,0,0,0,0,2,1,1,2,8,1124,1,9,9,1
2013440084731,2,9,0,18,0,8,0,0,0,0,1,1,1,1,6,1968,2,5,7,1
2013440084914,1,9,0,9,0,8,0,0,0,0,1,1,6,2,4,1149,1,10,5,1
2013440084914,2,9,0,18,0,8,0,0,0,0,1,1,6,1,6,1199,1,13,6,1
2013440085104,1,1,0,18,0,0,0,0,0,0,2,1,6,1,5,-1,-1,-1,10,1
2013440085104,2,9,0,18,0,0,0,0,0,0,1,1,6,3,-1,-1,-1,-1,-1,-1
2013440085311,1,1,0,3,0,1,0,0,0,0,3,1,6,1,6,-1,-1,-1,5,1
2013440085311,2,9,0,7,0,8,0,0,0,0,4,1,6,3,-1,-1,-1,-1,-1,-1
2013440085444,1,9,0,16,0,8,5,0,0,4,1,1,6,2,6,1248,1,3,10,1
2013440085444,2,9,0,17,0,8,0,0,0,0,1,1,6,2,10,2231,2,7,9,3
2013440085462,1,9,0,18,0,8,0,0,0,0,4,1,6,1,8,1598,1,13,10,1
2013440085462,2,9,0,18,0,8,0,0,0,0,1,1,6,2,4,1299,1,5,3,1
2013440085495,1,9,0,17,0,8,0,0,0,0,0,1,6,2,7,1560,2,-1,5,1
2013440085495,2,9,0,11,0,8,0,0,0,0,0,1,6,1,4,1296,1,18,5,3
2013440085506,1,9,0,18,0,8,0,0,0,0,1,1,1,2,7,-1,-1,-1,10,1
2013440085506,2,19,0,9,0,8,0,0,0,0,4,1,1,1,8,1753,2,1,10,1
2013440085691,1,9,0,18,0,8,1,0,0,0,3,1,6,1,4,1124,1,9,2,1
2013440085691,2,9,0,18,0,8,0,0,0,0,1,1,6,1,6,1400,1,15,5,1
2013440085874,1,9,0,9,0,2,0,0,0,0,1,1,6,2,7,1390,1,1,9,1
2013440085936,1,9,0,9,0,8,0,0,0,0,1,1,6,1,10,1341,1,14,4,1
2013440085936,2,9,0,18,0,8,0,0,0,0,1,1,6,1,-1,1598,2,3,-1,-1
2013440085939,1,9,0,9,0,8,0,0,0,0,1,1,6,2,5,1390,1,16,5,1
2013440085939,2,9,0,5,0,8,0,0,0,0,0,1,6,2,7,998,1,10,4,1
2013440085939,3,9,0,18,0,8,0,0,0,0,1,1,6,2,8,1597,1,18,8,1
2013440086016,1,9,0,18,0,0,0,0,0,0,0,1,6,3,-1,-1,-1,-1,-1,-1
2013440086016,2,8,0,2,0,0,0,0,0,0,0,1,1,1,7,2987,2,1,8,1
2013440086221,1,22,0,1,9,8,0,0,0,0,4,1,6,2,-1,-1,-1,-1,-1,-1
2013440086242,1,9,0,18,0,0,0,0,0,0,1,1,6,1,8,1590,1,16,7,2
2013440086281,1,9,0,4,0,8,0,0,0,0,1,1,6,1,5,698,1,10,2,1
2013440086334,1,1,0,18,0,8,0,0,0,0,3,1,6,1,6,-1,-1,-1,4,1
2013440086334,2,9,0,18,0,8,0,0,0,0,4,1,6,1,4,1124,1,12,-1,-1
2013440086418,1,2,0,18,0,8,0,0,0,0,0,1,1,1,7,-1,-1,-1,2,1
2013440086418,2,9,0,10,0,8,0,0,0,0,0,1,6,1,5,1997,2,12,2,1
2013440086584,1,9,0,18,0,0,1,0,5,6,3,1,6,1,5,1390,1,1,8,1
2013440086735,1,9,0,3,0,1,0,0,0,0,2,1,2,1,6,2204,2,6,6,1
2013440086735,2,9,0,18,0,1,0,0,0,0,1,1,2,2,4,1124,1,10,10,1
2013440086817,1,5,0,13,0,1,0,0,0,0,1,1,6,1,7,798,1,-1,10,3
2013440086817,2,9,0,9,0,8,0,0,0,0,1,1,6,2,7,2470,2,19,8,3
2013440086867,1,9,0,7,0,8,0,0,0,0,4,1,6,1,6,1910,2,5,5,1
2013440086867,2,9,0,18,0,1,0,0,0,0,1,1,6,2,-1,1396,1,12,-1,-1
2013440086918,1,9,0,18,0,1,0,0,0,0,4,1,6,2,5,1995,1,3,6,1
2013440086918,2,9,0,5,0,1,0,0,0,0,3,1,6,2,5,1360,1,11,6,1
2013440087156,1,9,0,18,0,0,0,0,7,4,1,1,6,2,11,1388,1,10,10,2
2013440087448,1,9,0,16,0,0,0,0,0,0,1,1,1,2,6,1599,1,9,7,1
2013440087448,2,9,0,13,0,0,0,0,0,0,4,1,6,1,-1,-1,-1,-1,-1,-1
2013440087452,1,9,0,16,0,0,0,0,0,0,1,1,6,2,6,1995,2,2,10,3
2013440087452,2,9,0,17,0,0,0,0,0,0,1,1,6,1,-1,1389,1,17,9,3
2013440087545,1,9,0,9,0,8,0,0,0,0,4,1,6,3,-1,998,1,12,-1,-1
2013440087545,2,5,0,5,0,8,0,0,0,0,1,1,2,1,9,897,1,6,6,1
2013440087703,1,9,0,9,0,8,0,0,0,0,1,1,6,2,5,1598,1,6,4,1
2013440087703,2,9,0,18,0,8,0,0,0,0,4,1,6,1,10,1956,2,4,4,1
2013440088036,1,9,0,18,0,1,0,10,3,4,0,1,6,2,5,1598,2,2,5,1
2013440088179,1,9,0,4,0,8,1,9,0,0,1,1,2,1,5,-1,-1,-1,7,1
2013440088305,1,9,0,17,0,0,0,0,1,4,4,1,2,1,4,1598,1,3,8,1
2013440088305,2,5,0,4,0,0,1,0,0,0,0,1,2,1,7,600,1,10,10,1
2013440088418,1,9,0,17,0,0,0,0,1,5,4,1,2,2,4,1984,1,13,7,1
2013440088423,1,9,0,9,0,8,0,0,0,0,0,1,6,2,6,1896,2,11,10,3
2013440088423,2,3,0,18,0,8,1,0,0,0,0,1,6,1,8,123,1,5,10,1
2013440088463,1,9,0,4,0,0,0,0,0,0,2,1,6,1,5,1796,1,11,7,1
2013440088463,2,9,0,18,0,0,0,0,0,0,1,1,6,1,-1,2435,1,14,10,1
2013440088605,1,19,0,9,0,8,0,0,0,0,1,1,1,1,5,2198,2,3,3,1
2013440088605,2,1,0,18,0,8,0,0,0,0,4,1,1,1,4,-1,-1,-1,4,1
2013440088611,1,9,0,3,0,8,0,0,0,0,2,1,6,1,9,1989,1,14,5,1
2013440088611,2,9,0,4,0,8,0,0,0,0,1,1,6,1,6,2290,1,10,9,1
2013440088652,1,9,0,7,0,8,0,0,0,0,4,1,6,1,7,2488,1,7,9,3
2013440088654,1,11,0,18,0,0,0,0,7,11,1,1,1,1,8,-1,-1,-1,7,1
2013440088654,2,9,0,18,0,0,0,0,0,0,1,1,6,1,8,2179,2,6,10,1
2013440088697,1,9,0,17,0,0,0,0,2,1,1,1,6,1,5,-1,-1,-1,9,1
2013440088697,2,19,0,18,0,0,0,0,0,0,1,1,1,1,9,4250,2,8,4,1
2013440088737,1,9,0,18,0,0,0,0,0,0,2,1,6,1,7,-1,-1,-1,9,1
2013440088737,2,9,0,18,0,0,0,0,0,0,1,1,6,3,-1,1596,1,12,-1,-1
2013440088963,1,9,0,9,0,5,0,0,0,0,4,1,6,1,-1,1998,1,14,10,1
2013440088963,2,5,0,18,0,1,0,0,0,0,1,1,2,1,7,124,1,-1,10,1
2013440089041,1,9,0,4,0,1,0,0,0,0,1,1,1,2,7,2521,1,9,9,1
2013440089041,2,9,0,3,0,1,0,0,0,0,2,1,6,2,8,1246,1,5,5,1
2013440089041,3,9,0,3,0,1,0,0,0,0,2,1,6,1,7,1686,2,5,7,1
2013440089305,1,9,0,17,0,0,1,10,1,11,1,1,6,2,5,1388,1,11,5,1
2013440089411,1,9,0,18,0,0,0,12,1,9,1,1,6,1,6,-1,-1,-1,10,1
2013440089460,1,9,0,17,0,1,0,0,0,0,1,1,6,3,-1,-1,-1,-1,-1,-1
2013440089977,1,3,0,18,0,0,1,0,0,0,0,1,2,1,9,124,1,5,3,1
2013440089980,1,1,0,18,0,1,0,0,0,0,1,1,6,1,5,-1,-1,-1,7,1
2013440089980,2,9,0,9,0,6,0,0,0,0,3,1,6,1,8,1868,2,9,7,1
2013440089999,1,9,0,5,0,1,0,0,0,0,1,1,6,1,8,1995,2,11,5,1
2013440089999,2,9,0,4,0,1,0,0,0,0,2,1,6,1,8,1998,1,6,5,1
2013440090160,1,9,0,18,0,8,0,9,0,0,1,1,6,1,7,2979,1,12,6,1
2013440090229,1,9,0,18,0,0,0,0,0,0,4,1,6,1,7,1896,2,11,1,1
2013440090385,1,9,0,17,0,0,0,0,0,0,3,1,6,1,8,2495,2,28,7,1
2013440090385,2,9,0,16,0,0,0,0,0,0,3,1,6,1,8,2720,2,4,10,1
2013440090385,3,9,0,16,0,0,0,0,0,0,1,1,6,2,6,2000,1,8,8,1
2013440090649,1,9,0,4,0,8,1,0,1,2,4,1,1,1,7,1968,2,4,10,1
2013440090649,2,20,0,18,0,8,0,0,0,0,1,1,6,1,7,-1,-1,-1,8,2
2013440090657,1,9,0,7,0,8,1,0,0,0,1,1,6,2,5,1598,1,18,4,1
2013440090657,2,19,0,4,0,8,0,0,0,0,3,1,6,1,-1,-1,-1,-1,-1,-1
2013440090702,1,9,0,4,0,1,0,0,0,0,1,1,1,3,-1,1796,1,15,-1,-1
2013440090702,2,9,0,3,0,1,0,0,0,0,2,1,1,1,7,1796,1,9,2,1
2013440090720,1,9,0,4,0,0,1,0,1,2,1,1,6,1,9,-1,-1,-1,7,1
2013440090887,1,9,0,3,0,0,0,0,0,0,2,1,6,2,5,1299,1,13,10,1
2013440090887,2,9,0,4,0,0,0,0,0,0,1,1,6,3,-1,-1,-1,-1,-1,-1
2013440090896,1,97,0,18,0,0,0,0,0,0,1,1,6,3,-1,-1,-1,-1,-1,-1
2013440090896,2,1,0,18,0,0,0,0,0,0,1,1,1,1,5,-1,-1,-1,5,1
2013440091021,1,3,0,4,0,0,0,0,0,0,0,1,6,2,5,124,1,1,3,1
2013440091034,1,9,0,18,0,8,1,11,0,0,1,1,6,2,8,999,1,1,6,1
2013440091063,1,9,0,18,0,8,0,0,0,0,1,1,6,1,8,998,1,8,5,1
2013440091159,1,2,0,3,0,8,0,0,0,0,2,1,6,1,4,49,1,13,1,1
2013440091159,2,9,0,5,0,8,0,0,0,0,1,1,6,1,10,1898,2,15,-1,-1
2013440091308,1,9,0,18,0,0,0,0,1,4,1,1,6,2,7,-1,-1,-1,9,3
2013440091517,1,9,0,17,0,0,2,0,0,10,1,1,6,1,7,998,1,2,2,2
2013440091541,1,9,0,18,0,0,0,0,2,7,1,1,6,1,4,1242,1,12,8,3
2013440091799,1,9,0,18,0,8,0,0,0,0,3,1,6,1,7,1242,1,13,1,1
2013440092349,1,9,0,18,0,1,0,0,0,0,1,1,6,2,8,998,1,19,8,1
2013440092349,2,19,0,9,0,5,0,0,0,0,1,1,6,1,-1,1968,2,1,7,1
2013440092447,1,9,0,18,0,0,0,0,0,0,3,1,6,3,-1,-1,-1,-1,-1,-1
2013440092509,1,9,0,18,0,0,0,0,1,4,1,1,5,1,7,1796,1,10,4,1
2013440092545,1,9,0,3,0,0,0,0,0,0,2,1,6,2,6,1796,1,13,7,1
2013440092545,2,9,0,4,0,0,0,0,0,0,1,1,6,3,-1,-1,-1,-1,-1,-1
2013440092619,1,9,0,5,0,8,0,0,0,0,3,1,6,1,4,1124,1,10,4,1
2013440092619,2,1,0,18,0,8,0,0,0,0,1,1,6,1,7,-1,-1,-1,4,1
2013440092785,1,9,0,7,0,6,0,0,0,0,3,1,6,3,-1,-1,-1,-1,-1,-1
2013440092785,2,1,0,18,0,1,0,0,0,0,1,1,6,1,4,-1,-1,-1,6,1
2013440093196,1,19,0,9,0,8,0,7,0,0,1,1,1,1,6,1998,2,9,7,1
2013440093196,2,21,0,3,0,1,0,0,0,0,1,1,1,1,8,9290,2,1,9,3
2013440093199,1,3,0,18,0,8,0,0,0,0,1,1,6,1,4,124,1,2,9,1
2013440093199,2,21,0,11,0,8,0,0,0,0,4,1,1,1,7,11946,2,1,6,1
2013440093245,1,9,0,18,0,0,0,0,7,1,1,1,2,1,8,1910,2,8,4,1
2013440093289,1,9,0,7,0,1,0,0,1,4,1,1,6,2,9,1598,1,1,7,2
2013440093466,1,9,0,4,0,1,0,0,0,0,1,1,2,2,-1,1560,2,4,8,1
2013440093466,2,9,0,3,0,1,0,0,0,0,2,1,2,1,5,1400,2,13,7,1
2013440093525,1,9,0,4,0,0,1,0,0,0,2,1,6,2,6,1360,1,2,8,3
2013440093525,2,9,0,4,0,0,1,0,0,0,1,1,6,3,-1,-1,-1,-1,-1,-1
2013440093525,3,9,0,4,0,0,1,0,0,0,1,1,6,3,-1,-1,-1,-1,-1,-1
2013440093546,1,9,0,18,0,0,0,0,0,0,3,1,2,2,11,998,1,6,10,1
2013440093546,2,9,0,18,0,0,0,0,0,0,3,1,6,3,-1,-1,-1,-1,-1,-1
2013440093550,1,9,0,9,0,1,0,0,0,0,4,1,6,1,11,1598,1,-1,1,1
2013440093550,2,9,0,18,0,1,0,0,0,0,1,1,6,2,7,1968,2,3,3,1
2013440093572,1,1,0,18,0,0,0,0,0,0,0,1,6,1,6,-1,-1,-1,10,1
2013440093572,2,9,0,12,0,0,0,0,0,0,0,1,6,1,-1,1798,1,-1,9,1
2013440093729,1,9,0,16,0,0,1,0,0,0,1,1,6,1,6,1988,1,13,9,1
2013440093729,2,9,0,18,0,0,0,0,0,0,1,1,6,2,9,1762,1,15,4,1
2013440093913,1,9,0,3,0,0,0,0,0,0,2,1,6,2,8,1596,1,7,5,1
2013440093913,2,9,0,18,0,0,0,0,0,0,1,1,6,1,11,1229,1,4,8,1
2013440094162,1,9,0,4,0,7,0,0,0,0,2,1,2,1,8,3628,2,4,9,3
2013440094162,2,9,0,4,0,7,0,0,0,0,1,1,2,2,4,1149,1,3,9,3
2013440094294,1,5,0,18,0,0,0,0,0,0,0,1,2,1,5,-1,-1,-1,5,2
2013440094589,1,9,0,18,0,8,0,0,0,0,1,1,2,1,7,1388,1,14,8,1
2013440094589,2,9,0,4,0,8,0,0,0,0,2,1,2,1,5,1686,2,3,9,1
2013440094681,1,9,0,17,0,8,1,0,7,0,1,1,3,2,7,1590,1,21,1,1
2013440094681,2,9,0,9,0,8,0,0,0,0,2,1,2,2,7,1598,1,12,4,1
2013440094681,3,9,0,16,0,8,0,0,0,0,1,1,3,2,7,1995,2,12,7,1
2013440094731,1,2,0,18,0,8,0,0,0,0,1,1,4,1,4,49,1,5,4,1
2013440094731,2,9,0,9,0,8,0,0,0,0,1,1,1,2,6,1242,1,13,6,2
2013440094735,1,9,0,2,0,0,0,0,0,0,3,1,6,2,8,1991,1,18,2,1
2013440094735,2,1,0,18,0,0,0,0,0,0,1,1,6,1,4,-1,-1,-1,7,1
2013440094737,1,9,0,2,0,2,0,0,1,11,1,1,6,2,7,1598,1,7,7,1
2013440094879,1,9,0,18,0,0,0,0,0,0,3,1,5,1,7,1598,1,12,4,1
2013440094879,2,9,0,5,0,0,0,0,0,0,4,1,6,1,7,1999,1,6,5,1
2013440095075,1,21,0,17,0,1,0,0,0,0,0,1,1,1,6,5880,2,4,3,1
2013440095075,2,16,0,16,0,2,0,0,0,0,0,1,6,2,9,-1,-1,-1,5,3
2013440095182,1,9,0,7,0,8,0,0,0,0,4,1,1,1,8,1339,1,11,5,1
2013440095182,2,1,0,18,0,8,0,0,0,0,1,1,6,1,9,-1,-1,-1,10,1
2013440095244,1,19,0,17,0,0,0,0,0,0,3,1,1,1,6,2402,2,5,10,2
2013440095244,2,19,0,16,0,0,0,0,0,0,3,1,6,3,-1,-1,-1,-1,-1,-1
2013440095539,1,9,0,18,0,0,0,0,0,0,1,1,6,2,5,1598,1,3,8,1
2013440095539,2,9,0,4,0,0,0,0,0,0,2,1,6,2,8,1590,1,16,10,1
2013440095855,1,9,0,18,0,8,0,0,0,0,3,1,6,2,6,1124,1,12,9,1
2013440095855,2,9,0,9,0,8,0,0,0,0,1,1,6,2,4,998,1,5,9,1
2013440095919,1,9,0,18,0,0,1,0,7,10,1,1,2,2,6,1364,1,6,10,3
2013440096040,1,9,0,9,0,8,0,0,0,0,1,1,1,1,6,1398,2,6,7,1
2013440096040,2,1,0,18,0,1,0,0,0,0,1,1,6,1,9,-1,-1,-1,10,1
2013440096153,1,9,0,1,0,8,0,0,0,0,2,1,3,1,7,1988,1,11,7,1
2013440096215,1,11,0,7,0,8,0,0,0,0,4,1,1,1,8,12000,2,11,3,1
2013440096250,1,8,0,9,0,8,0,0,0,0,3,1,1,3,-1,-1,-1,-1,-1,-1
2013440096364,1,3,0,18,0,8,0,0,0,0,1,1,6,1,5,124,1,10,10,1
2013440096364,2,9,0,9,0,8,0,0,0,0,4,1,6,1,10,2198,1,11,10,1
2013440096451,1,11,0,9,0,8,0,0,0,0,0,1,6,3,-1,-1,-1,-1,-1,-1
2013440096487,1,5,0,18,0,8,0,0,0,0,4,1,6,1,8,599,1,8,4,1
2013440096487,2,9,0,9,0,8,0,0,0,0,1,1,6,1,9,1997,2,3,8,1
2013440096565,1,2,0,18,0,8,1,0,0,0,0,1,6,1,4,125,1,4,4,1
2013440096565,2,19,0,7,0,8,0,0,0,0,0,1,6,3,-1,-1,-1,-1,-1,-1
2013440096690,1,9,0,18,0,0,0,0,0,0,4,1,6,3,-1,-1,-1,-1,-1,-1
2013440096893,1,9,0,1,0,6,0,0,0,0,2,1,6,1,7,1998,1,9,10,1
2013440096893,2,1,0,18,0,1,0,0,0,0,3,1,6,1,6,-1,-1,-1,10,1
2013440096974,1,9,0,18,0,0,2,0,0,0,1,1,6,1,6,2171,1,12,10,1
2013440096993,1,9,0,18,0,0,0,0,0,0,3,1,6,2,9,3456,8,2,5,1
2013440096993,2,9,0,13,0,0,1,0,4,6,4,1,6,1,10,1968,2,4,9,1
2013440097109,1,1,0,18,0,8,0,0,0,0,1,1,6,1,5,-1,-1,-1,4,1
2013440097109,2,9,0,9,0,8,0,0,0,0,3,1,6,2,7,1242,1,5,3,1
2013440097822,1,9,0,8,0,1,0,0,0,0,2,1,6,1,9,1364,1,5,2,1
2013440097822,2,9,0,5,0,1,0,0,0,0,1,1,6,3,-1,-1,-1,-1,-1,-1
2013440097838,1,9,0,18,0,0,1,0,0,0,1,1,6,2,5,1597,1,16,5,1
2013440097838,2,9,0,4,0,0,0,0,0,0,2,1,6,2,6,1896,2,6,6,1
2013440097971,1,9,0,18,0,0,5,4,0,0,1,1,6,1,6,998,1,14,3,1
2013440097971,2,9,0,2,0,0,0,0,0,0,2,1,6,3,-1,1399,2,3,-1,-1
2013440097971,3,9,0,2,0,0,0,0,0,0,1,1,6,3,-1,1086,1,7,-1,-1
2013440097979,1,9,0,18,0,1,1,0,0,0,1,1,1,2,9,1596,1,10,4,1
2013440097979,2,9,0,3,0,1,0,0,0,0,2,1,6,2,9,1999,1,3,10,1
2013440098081,1,9,0,5,0,0,0,0,0,0,3,1,6,1,8,1686,2,3,9,1
2013440098081,2,9,0,16,0,0,0,0,0,0,3,1,6,1,6,1598,1,7,2,1
2013440098121,1,9,0,1,0,1,0,0,0,0,2,1,6,1,9,1461,2,7,7,1
2013440098184,1,9,0,18,0,0,0,0,1,1,1,1,6,1,7,1951,2,9,9,2
2013440098193,1,9,0,18,0,8,0,0,0,0,1,1,6,1,6,998,1,13,2,1
2013440098193,2,9,0,9,0,8,0,0,0,0,4,1,6,2,5,1248,2,2,-1,-1
2013440098206,1,9,0,18,0,0,2,0,0,0,1,1,6,1,8,3200,1,12,-1,-1
2013440098212,1,9,0,4,0,0,1,0,4,6,1,1,6,1,5,1598,2,1,4,1
2013440098212,2,9,0,4,0,0,1,0,0,0,1,1,6,1,9,1560,2,2,6,1
2013440098212,3,9,0,18,0,0,1,0,0,0,1,1,6,2,6,2171,2,10,6,1
2013440098212,4,9,0,4,0,0,1,0,1,7,1,1,6,2,7,1108,1,5,9,2
2013440098221,1,9,0,18,0,0,2,0,1,4,1,1,2,1,8,1598,1,2,9,3
2013440098268,1,9,0,16,0,0,1,0,0,0,1,1,6,1,5,1248,2,3,9,1
2013440098268,2,19,0,16,0,0,1,0,0,0,1,1,6,1,7,2148,2,5,8,1
2013440098268,3,9,0,16,0,0,1,0,0,0,1,1,6,1,5,1299,1,13,4,1
2013440098268,4,9,0,2,0,0,0,0,0,0,2,1,6,2,4,1388,1,9,9,3
2013440098268,5,9,0,16,0,0,1,0,1,0,1,1,6,2,5,1149,1,9,4,1
2013440098341,1,9,0,5,0,0,0,0,0,0,3,1,6,2,4,1149,1,15,5,1
2013440098341,2,2,0,18,0,0,0,0,0,0,1,1,6,1,4,49,1,6,10,1
2013440098377,1,9,0,4,0,1,0,0,0,0,2,1,6,2,8,1998,2,8,3,1
2013440098377,2,9,0,4,0,1,0,0,0,0,1,1,6,3,-1,-1,-1,-1,-1,-1
2013440098704,1,19,0,18,0,0,0,0,7,4,1,1,6,1,4,2151,2,8,3,1
2013440098737,1,9,0,17,0,1,1,0,0,0,1,1,6,1,6,1995,2,9,3,1
2013440098737,2,9,0,16,0,1,0,0,0,0,1,1,6,2,8,1998,2,7,8,2
2013440098771,1,9,0,10,0,1,0,0,0,0,2,1,6,1,7,1796,1,9,9,3
2013440098771,2,9,0,18,0,1,1,0,0,0,1,1,6,1,6,1686,2,6,6,1
2013440098875,1,9,0,5,0,0,0,0,0,0,1,1,6,1,6,1198,1,10,6,1
2013440098875,2,5,0,3,0,0,0,0,0,0,2,1,6,1,7,599,1,8,9,1
2013440098933,1,9,0,9,0,6,0,0,0,0,3,1,6,2,8,1798,1,10,10,1
2013440098933,2,1,0,18,0,1,0,0,0,0,1,1,6,1,5,-1,-1,-1,10,1
2013440098982,1,9,0,7,0,5,0,0,0,0,4,1,6,1,6,1598,1,11,2,1
2013440098982,2,1,0,18,0,1,0,0,0,0,3,1,6,1,7,-1,-1,-1,9,1
2013440099574,1,9,0,18,0,1,1,0,1,2,1,1,6,1,5,2979,1,6,7,1
2013440099617,1,19,0,12,0,1,0,0,0,0,3,1,1,1,6,2287,2,4,5,1
2013440099617,2,9,0,18,0,1,1,0,0,0,4,1,2,1,7,1781,1,11,8,1
2013440099671,1,20,0,18,0,0,0,0,0,0,0,1,1,1,6,5193,2,8,5,1
2013440099671,2,9,0,18,0,0,1,0,1,11,1,1,3,2,7,1798,1,10,8,3
2013440099865,1,11,0,9,0,5,0,0,0,0,1,1,1,1,9,4461,2,-1,2,1
2013440099865,2,9,0,18,0,1,0,0,0,0,3,1,6,1,10,1998,1,15,7,1
2013440099875,1,3,0,17,0,8,1,0,0,0,3,1,6,1,6,-1,-1,-1,2,1
2013440099875,2,11,0,5,0,8,0,0,0,0,0,1,1,3,-1,-1,-1,-1,-1,-1
2013440099904,1,9,0,2,0,0,0,0,0,0,2,1,3,1,7,1998,2,12,2,1
2013440099904,2,21,0,16,0,0,0,0,0,0,1,1,1,1,7,2148,2,5,5,2
2013440099932,1,9,0,4,0,8,0,0,0,0,2,1,1,2,8,1598,1,6,7,1
2013440099932,2,9,0,4,0,8,0,0,0,0,1,1,6,1,-1,-1,-1,-1,-1,-1
2013440100229,1,11,0,4,0,1,0,0,0,0,0,1,1,1,8,7300,2,6,7,1
2013440100345,1,11,0,18,0,8,0,0,0,0,0,1,1,1,8,7300,2,1,8,1
2013440100345,2,8,0,9,0,8,0,0,0,0,0,1,1,1,9,1998,2,7,8,1
2013440100448,1,3,0,13,0,8,1,0,0,0,1,1,2,1,5,124,1,12,3,1
2013440100448,2,19,0,7,0,8,0,0,0,0,3,1,2,3,-1,1399,2,3,-1,-1
2013440100896,1,1,0,18,0,8,0,0,0,0,0,1,6,1,8,-1,-1,-1,10,1
2013440100896,2,9,0,18,0,8,0,0,0,0,0,1,6,3,-1,-1,-1,-1,-1,-1
2013440100917,1,9,0,6,0,7,0,0,0,0,2,1,6,1,11,1598,1,6,9,1
2013440100917,2,10,0,18,0,7,0,0,0,0,1,1,1,1,9,-1,-1,-1,9,1
2013440101067,1,1,0,18,0,8,0,0,0,0,1,1,6,1,7,-1,-1,-1,9,2
2013440101067,2,9,0,18,0,8,0,0,0,0,1,1,2,1,8,1796,1,4,8,1
2013440101256,1,1,0,18,0,2,0,0,7,11,1,1,6,2,7,-1,-1,-1,2,1
2013440101437,1,9,0,5,0,0,0,0,0,0,1,1,6,1,11,1769,1,12,8,1
2013440101778,1,9,0,5,0,0,0,0,0,0,3,1,1,1,-1,1560,2,3,7,1
2013440101778,2,1,0,18,0,0,0,0,0,0,1,1,6,1,7,-1,-1,-1,-1,-1
2013440102025,1,9,0,16,0,0,5,0,0,0,1,1,6,1,7,1339,1,9,3,1
2013440102145,1,9,0,18,0,0,1,0,0,0,1,1,2,1,7,1997,2,9,8,2
2013440102145,2,19,4,18,0,0,4,0,1,1,2,1,1,1,8,2402,2,11,5,1
2013440102145,3,9,0,18,0,0,0,0,1,1,2,1,6,3,-1,2490,2,17,-1,-1
2013440102215,1,9,0,18,0,0,0,10,7,4,1,1,6,1,5,1360,1,13,4,1
2013440102514,1,1,0,18,0,0,0,0,0,0,1,1,6,3,-1,-1,-1,-1,-1,-1
2013440102755,1,1,0,18,0,2,0,0,0,0,1,1,2,1,8,-1,-1,-1,3,1
2013440102786,1,9,0,4,0,2,0,0,0,0,0,1,6,1,10,1951,2,8,4,1
2013440102786,2,11,0,4,0,2,0,0,0,0,0,1,1,1,7,7300,2,12,4,1
2013440103241,1,2,0,18,0,2,1,0,0,0,1,1,6,1,6,49,1,13,-1,-1
2013440103306,1,9,0,4,0,1,0,0,0,0,4,1,6,2,6,1598,1,9,6,1
2013440103320,1,9,0,3,0,0,0,0,0,0,2,1,6,2,6,1997,2,8,10,1
2013440103320,2,19,0,18,0,0,0,0,0,0,1,1,1,1,8,1248,2,3,4,1
2013440103394,1,1,0,17,0,1,0,0,0,0,0,1,6,1,8,-1,-1,-1,10,3
2013440103718,1,9,0,9,0,1,0,0,0,0,1,1,6,2,6,2521,1,5,10,1