Accident_Index,Vehicle_Reference,Vehicle_Type,Towing_and_Articulation,Vehicle_Manoeuvre,Vehicle_Location-Restricted_Lane,Junction_Location,Skidding_and_Overturning,Hit_Object_in_Carriageway,Vehicle_Leaving_Carriageway,Hit_Object_off_Carriageway,1st_Point_of_Impact,Was_Vehicle_Left_Hand_Drive?,Journey_Purpose_of_Driver,Sex_of_Driver,Age_Band_of_Driver,Engine_Capacity_(CC),Propulsion_Code,Age_of_Vehicle,Driver_IMD_Decile,Driver_Home_Area_Type
2013440146009,1,9,0,18,0,1,0,0,0,0,1,1,6,1,5,-1,-1,-1,4,1
2013440146009,2,2,0,9,0,5,0,0,0,0,4,1,6,1,4,-1,-1,-1,2,1
2013440146041,1,19,0,18,0,0,0,0,0,0,1,1,6,1,8,2461,2,10,2,1
2013440146053,1,9,0,18,0,8,0,0,0,0,1,1,2,1,8,1956,2,2,5,1
2013440146053,2,9,0,18,0,8,0,0,0,0,3,1,2,2,8,1199,1,9,4,1
2013440146076,1,9,0,9,0,5,0,0,0,0,4,1,6,2,10,1490,1,5,10,1
2013440146076,2,1,0,18,0,1,0,0,0,0,1,1,6,2,6,-1,-1,-1,10,1
2013440146329,1,9,0,18,0,0,0,12,0,0,1,1,6,1,8,2148,2,5,9,3
2013440146573,1,9,0,5,0,4,0,0,0,0,1,1,2,2,5,1229,1,5,10,1
2013440146573,2,2,0,18,0,8,0,0,0,0,4,1,2,1,4,101,1,16,4,1
2013440146598,1,9,0,18,0,8,1,0,4,6,1,1,6,1,4,998,1,4,10,2
2013440146598,2,9,0,13,0,8,0,0,0,0,0,1,6,1,8,1968,2,1,8,2
2013440146607,1,9,0,18,0,8,0,0,0,0,1,1,6,2,-1,-1,-1,-1,-1,-1
2013440146607,2,1,0,18,0,8,0,0,0,0,4,1,4,1,3,-1,-1,-1,10,1
2013440146954,1,22,0,7,0,8,5,10,0,0,4,1,6,1,11,-1,-1,-1,10,1
2013440146967,1,9,0,4,0,0,0,0,0,0,2,1,6,1,5,1242,1,5,7,1
2013440146967,2,9,0,4,0,0,0,0,0,0,1,1,6,1,7,1796,1,10,6,1
2013440147012,1,5,0,13,0,8,0,0,0,0,4,1,6,1,6,7817,1,11,7,2
2013440147012,2,9,0,9,0,8,0,0,0,0,1,1,6,3,-1,1527,2,17,-1,-1
2013440147028,1,5,0,18,0,0,0,0,0,0,3,1,6,1,9,1584,1,5,8,1
2013440147028,2,5,0,18,0,0,0,0,0,0,4,1,6,1,8,650,1,-1,5,1
2013440147043,1,9,0,18,0,0,0,0,0,0,1,1,6,1,9,1998,1,16,8,1
2013440147324,1,9,0,3,0,0,0,0,0,0,2,1,3,1,7,1896,2,11,7,1
2013440147324,2,9,0,4,0,0,1,0,0,0,2,1,6,2,-1,1360,1,6,4,1
2013440147324,3,19,0,4,0,0,1,0,0,0,1,1,6,1,-1,1753,2,8,-1,-1
2013440147386,1,9,0,3,0,0,0,0,0,0,0,1,6,2,6,2171,1,9,5,1
2013440147386,2,9,0,3,0,0,0,0,0,0,1,1,6,1,-1,1796,1,9,-1,-1
2013440147391,1,19,0,18,0,8,0,10,0,0,3,1,1,1,8,2402,2,8,10,3
2013440147436,1,9,0,4,0,8,0,0,0,0,2,1,6,1,8,2400,2,3,10,2
2013440147436,2,9,0,18,0,8,0,0,0,0,2,1,6,1,11,-1,-1,-1,7,1
2013440147456,1,11,0,5,0,8,0,0,0,0,1,1,1,1,8,4580,2,5,-1,-1
2013440147505,1,9,0,18,0,8,0,0,0,0,1,1,6,2,5,1139,1,25,4,1
2013440147505,2,9,0,7,0,8,0,0,0,0,1,1,6,1,9,2204,2,8,5,1
2013440147554,1,9,0,13,0,0,0,0,0,0,4,1,2,1,7,1997,2,10,9,1
2013440147554,2,21,0,12,0,0,0,0,0,0,1,2,1,1,8,-1,-1,-1,-1,-1
2013440147593,1,9,0,18,0,2,0,0,0,0,1,1,6,1,-1,-1,-1,-1,-1,-1
2013440147618,1,9,0,9,0,8,0,0,0,0,3,1,6,2,6,1796,1,11,3,1
2013440147618,2,5,0,13,0,8,0,0,0,0,1,1,6,1,7,1340,1,-1,6,1
2013440147684,1,9,0,18,0,8,0,0,0,0,1,1,6,1,4,2498,2,15,3,1
2013440147684,2,1,0,18,0,8,0,0,0,0,3,1,6,1,3,-1,-1,-1,7,2
2013440148039,1,9,0,18,0,0,1,0,0,0,1,1,2,2,7,1995,2,9,8,1
2013440148039,2,9,0,4,0,0,0,0,4,6,2,1,2,1,7,1968,2,2,5,1
2013440148190,1,9,0,18,0,1,0,0,0,0,1,1,2,2,4,1299,1,9,7,1
2013440148190,2,1,0,9,0,8,0,0,0,0,2,1,2,1,8,-1,-1,-1,10,1
2013440148389,1,1,0,18,0,8,0,0,0,0,4,1,2,1,5,-1,-1,-1,4,1
2013440148389,2,9,0,18,0,8,0,0,0,0,1,1,6,3,-1,-1,-1,-1,-1,-1
2013440148558,1,9,0,18,0,0,0,0,0,0,1,1,6,2,6,1598,1,7,9,1
2013440148575,1,9,0,5,0,8,0,0,0,0,1,1,6,1,11,1397,1,6,9,1
2013440148575,2,4,0,17,0,8,0,0,0,0,4,1,6,1,8,-1,-1,-1,2,1
2013440148679,1,9,0,18,0,8,0,0,0,0,1,1,6,1,11,1598,1,11,9,1
2013440148679,2,8,0,9,0,8,0,0,0,0,3,1,1,1,6,1598,2,2,5,1
2013440148865,1,8,0,7,0,8,0,0,0,0,4,1,1,3,-1,-1,-1,-1,-1,-1
2013440148865,2,1,0,18,0,8,0,0,0,0,3,1,6,1,6,-1,-1,-1,4,1
2013440148875,1,9,0,18,0,1,0,0,7,10,3,1,6,1,11,1796,1,5,-1,-1
2013440148875,2,8,0,18,0,2,0,0,1,2,3,1,1,1,7,1997,2,7,5,1
2013440148913,1,9,0,18,0,8,0,0,1,0,4,1,6,1,6,998,1,7,7,1
2013440148913,2,9,0,3,0,8,0,0,1,0,3,1,6,2,8,1339,1,8,10,2
2013440148930,1,9,0,18,0,8,0,0,0,0,1,1,6,2,8,1497,1,8,2,1
2013440149003,1,8,0,7,0,8,0,0,0,0,3,1,1,1,-1,-1,-1,-1,-1,-1
2013440149003,2,1,0,18,0,8,0,0,0,0,1,1,6,1,5,-1,-1,-1,9,1
2013440149022,1,5,0,9,0,6,1,0,0,0,4,1,6,1,7,999,1,2,10,1
2013440149034,1,9,0,18,0,0,2,0,5,7,1,1,6,2,7,1587,1,12,4,1
2013440149511,1,9,0,1,0,0,0,0,0,0,2,1,6,1,8,1598,1,7,4,1
2013440149535,1,9,0,9,0,8,0,0,0,0,4,1,1,2,5,1597,1,13,3,1
2013440149535,2,1,0,18,0,8,0,0,0,0,1,1,6,1,7,-1,-1,-1,8,1
2013440149728,1,9,0,4,0,0,0,0,0,0,0,1,6,1,-1,1560,2,3,3,1
2013440149795,1,9,0,18,0,1,1,0,0,0,1,1,6,2,7,1998,2,7,3,1
2013440149795,2,22,0,18,0,2,0,0,0,0,3,1,6,1,11,-1,-1,-1,3,1
2013440149831,1,9,0,18,0,0,0,0,0,0,3,1,1,1,5,1984,2,4,10,3
2013440149831,2,90,0,13,0,0,0,0,7,4,4,1,1,2,7,2686,2,8,7,1
2013440150135,1,2,0,18,0,0,0,0,0,0,1,1,4,1,4,50,1,9,9,3
2013440150136,1,9,0,18,0,8,1,0,0,0,1,1,6,2,6,1560,2,5,3,1
2013440150136,2,5,0,3,0,8,0,0,0,0,2,1,6,1,4,1050,1,6,6,1
2013440150155,1,9,0,18,0,0,5,4,0,0,1,1,2,2,5,1388,1,14,6,1
2013440150155,2,9,0,2,0,0,0,0,0,0,2,1,6,3,-1,1149,1,7,-1,-1
2013440150155,3,9,0,2,0,0,0,0,0,0,1,1,6,3,-1,999,1,13,-1,-1
2013440150185,1,22,0,9,0,8,0,0,0,0,4,1,6,1,10,-1,-1,-1,9,1
2013440150185,2,9,0,18,0,8,0,0,0,0,1,1,6,1,8,1968,2,1,5,1
2013440150308,1,9,0,9,0,5,0,0,0,0,4,1,6,2,5,2498,1,14,5,3
2013440150308,2,1,0,18,0,1,0,0,0,0,1,1,6,1,5,-1,-1,-1,7,3
2013440150318,1,9,0,9,0,5,0,0,0,0,4,1,6,1,9,1797,1,13,-1,-1
2013440150318,2,9,0,18,0,1,0,0,0,0,1,1,6,2,6,1598,1,5,4,1
2013440150345,1,9,0,1,0,0,0,0,0,0,2,1,6,2,-1,-1,-1,-1,-1,-1
2013440150424,1,5,0,16,0,0,0,0,7,7,1,1,6,1,9,-1,-1,-1,10,1
2013440150428,1,9,0,5,0,8,0,0,0,0,1,1,6,3,-1,1596,1,9,-1,-1
2013440150428,2,9,0,18,0,8,0,0,0,0,4,1,6,2,8,1299,1,9,2,1
2013440150570,1,9,0,14,0,0,1,0,0,0,1,1,6,1,5,1984,1,16,3,1
2013440150570,2,9,0,18,0,0,0,0,0,0,1,1,6,2,6,1332,1,15,2,1
2013440150600,1,9,0,18,0,0,0,12,0,0,1,1,6,2,8,1796,1,15,10,1
2013440150733,1,9,0,18,0,0,5,0,7,4,1,1,6,1,5,2000,2,9,9,1
2013440150803,1,9,0,18,0,8,0,0,0,0,3,1,6,2,7,1896,2,9,4,1
2013440150803,2,9,0,18,0,8,0,0,0,0,1,1,2,2,6,1390,1,12,-1,-1
2013440150899,1,2,0,18,0,8,0,0,0,0,4,1,6,1,6,748,1,13,10,3
2013440151122,1,9,0,18,0,0,2,0,0,0,4,1,6,2,8,1493,2,6,7,1
2013440151128,1,9,0,14,0,0,0,0,0,0,3,1,6,1,5,1242,1,15,6,1
2013440151128,2,9,0,15,0,0,0,0,0,0,4,1,6,3,-1,-1,-1,-1,-1,-1
2013440151365,1,9,0,9,0,8,0,0,0,0,1,1,6,1,4,1391,1,11,9,2
2013440151365,2,1,0,18,0,8,0,0,0,0,1,1,6,1,8,-1,-1,-1,9,2
2013440151458,1,9,0,18,0,0,0,0,0,0,3,1,6,2,8,1598,1,10,4,1
2013440151458,2,1,0,18,0,0,0,0,0,0,1,1,6,1,11,-1,-1,-1,1,1
2013440151620,1,1,0,18,0,8,0,0,0,0,1,1,6,1,6,-1,-1,-1,4,1
2013440151620,2,9,0,9,0,8,0,0,0,0,1,1,6,1,8,796,1,11,5,1
2013440151797,1,9,0,18,0,8,0,0,0,0,4,1,6,2,7,1988,1,12,3,1
2013440151869,1,9,0,17,0,0,0,0,0,0,1,1,6,1,6,796,1,13,6,1
2013440151869,2,9,0,2,0,0,0,0,0,0,2,1,6,3,-1,1598,2,2,-1,-1
2013440152373,1,9,0,2,0,0,0,0,0,0,3,1,6,1,-1,-1,-1,-1,-1,-1
2013440152373,2,9,0,14,0,0,0,0,0,0,3,1,6,1,-1,-1,-1,-1,-1,-1
2013440152413,1,22,0,18,0,8,0,0,0,0,0,1,6,1,11,-1,-1,-1,7,1
2013440152522,1,9,0,18,0,8,0,0,0,0,1,1,6,2,5,1242,1,16,2,1
2013440152522,2,9,0,9,0,8,0,0,0,0,2,1,6,2,-1,1398,1,2,2,1
2013440152851,1,9,0,4,0,0,0,0,0,0,1,1,6,2,4,-1,-1,-1,3,1
2013440152884,1,9,0,17,0,0,0,0,0,0,4,1,6,3,-1,-1,-1,-1,-1,-1
2013440152884,2,1,0,2,0,0,0,0,0,0,3,1,6,1,2,-1,-1,-1,8,3
2013440152949,1,5,0,18,0,0,1,12,7,0,0,1,6,1,5,-1,-1,-1,6,1
2013440153165,1,9,0,18,0,0,2,0,1,11,2,1,6,1,5,1229,1,6,1,1
2013440153207,1,9,0,18,0,0,5,0,7,4,1,1,6,1,5,1390,1,11,7,1
2013440153431,1,1,0,18,0,8,0,0,0,0,1,1,1,1,8,-1,-1,-1,9,1
2013440153431,2,9,0,18,0,8,0,0,0,0,4,1,1,1,-1,1598,1,15,4,1
2013440153555,1,9,0,9,0,8,0,7,0,11,1,1,6,2,11,-1,-1,-1,10,1
2013440153555,2,9,0,7,0,8,0,0,0,0,0,1,6,1,-1,1596,1,11,-1,-1
2013440153899,1,9,0,3,0,8,0,0,0,0,2,1,6,1,7,1896,2,10,9,1
2013440153899,2,9,0,3,0,8,0,0,0,0,1,1,6,1,7,1956,2,2,8,1
2013440154014,1,9,0,18,0,8,0,0,0,0,1,1,6,1,11,-1,-1,-1,5,1
2013440154057,1,11,0,2,0,0,0,0,0,0,0,1,1,1,7,3900,2,8,8,1
2013440154169,1,9,0,7,0,8,0,0,0,0,1,1,6,1,4,1124,1,12,-1,-1
2013440154169,2,1,0,7,0,8,0,0,0,0,2,1,2,1,7,-1,-1,-1,-1,-1
2013440154203,1,2,0,17,0,0,0,0,0,0,0,1,2,2,4,49,1,13,5,3
2013440154264,1,9,0,16,0,0,5,0,1,10,4,1,2,1,8,1397,1,6,10,2
2013440154362,1,8,0,9,0,8,0,0,0,0,3,1,1,1,6,1997,2,5,1,1
2013440154362,2,9,0,18,0,8,0,0,0,0,1,1,6,3,-1,1796,1,13,-1,-1
2013440154372,1,5,0,18,0,0,0,0,0,0,1,1,6,1,6,955,1,12,8,1
2013440154372,2,9,0,18,0,0,0,0,0,0,1,1,6,1,4,2765,2,20,6,1
2013440154705,1,9,0,3,0,1,0,0,0,0,2,1,6,2,4,1198,1,10,6,3
2013440154705,2,9,0,4,0,1,0,0,0,0,1,1,6,1,7,1995,2,3,7,1
2013440154739,1,9,0,18,0,0,0,0,0,0,1,1,2,2,5,1242,1,9,4,1
2013440154739,2,9,0,4,0,0,0,0,0,0,2,1,2,1,7,1956,2,2,8,1
2013440154780,1,5,0,13,0,1,1,0,0,0,1,1,6,1,6,998,1,7,10,1
2013440154780,2,20,0,18,0,3,0,0,0,0,1,1,1,1,7,2460,2,6,7,1
2013440154800,1,8,0,5,0,0,0,0,0,0,1,1,1,1,6,1896,2,3,3,1
2013440154827,1,3,0,17,0,0,0,0,0,0,1,1,6,1,4,124,1,5,4,1
2013440154827,2,9,0,16,0,0,0,0,0,0,1,1,6,2,4,1043,1,17,8,3
2013440154877,1,9,0,17,0,8,0,0,0,0,1,1,6,2,5,1386,1,7,3,1
2013440155302,1,5,0,18,0,1,0,0,0,0,1,1,2,1,4,599,1,9,10,1
2013440155302,2,9,0,10,0,1,0,0,0,0,2,1,1,1,6,1598,1,15,7,1
2013440155312,1,9,0,10,0,8,0,0,0,0,2,1,6,1,9,1896,2,8,4,1
2013440155312,2,9,0,7,0,8,0,0,0,0,3,1,1,1,8,1796,1,16,6,1
2013440155312,3,21,0,18,0,1,0,0,0,0,1,1,1,1,7,12130,2,9,7,1
2013440155368,1,9,0,18,0,8,0,0,0,0,2,1,6,1,5,1360,1,4,10,1
2013440155368,2,9,0,18,0,8,0,0,0,0,1,1,1,1,8,-1,-1,-1,9,1
2013440155368,3,9,0,18,0,8,0,0,0,0,1,1,6,2,8,1124,1,6,9,1
2013440155368,4,9,0,18,0,8,0,0,0,0,1,1,6,1,5,1364,1,7,5,1
2013440155429,1,9,0,5,0,0,0,0,0,0,1,1,1,1,8,2000,2,8,-1,-1
2013440155475,1,9,0,3,0,1,0,0,0,0,2,1,2,2,8,1299,1,18,3,1
2013440155475,2,9,0,5,0,1,0,0,0,0,1,1,6,1,-1,1968,2,2,-1,-1
2013440155578,1,9,0,9,2,8,0,0,0,0,4,1,6,1,10,2099,1,11,4,1
2013440155578,2,9,0,7,2,8,0,0,0,0,1,1,3,1,4,1584,1,11,1,1
2013440155683,1,5,0,9,0,8,0,0,0,0,2,1,6,1,6,599,1,16,9,1
2013440155683,2,9,0,18,0,8,0,0,0,0,1,1,6,1,6,2500,1,13,2,1
2013440155741,1,5,0,16,0,1,1,0,4,6,2,1,6,1,7,999,1,1,9,1
2013440155742,1,1,0,18,9,0,0,0,0,0,4,1,6,1,2,-1,-1,-1,8,1
2013440155783,1,9,0,17,0,0,0,0,1,10,1,1,6,1,7,6192,1,7,7,1
2013440156250,1,9,0,4,0,0,0,0,0,0,2,1,6,1,8,998,1,6,8,1
2013440156250,2,9,0,18,0,0,0,0,0,0,1,1,6,2,8,1796,1,11,10,2
2013440156274,1,9,0,14,0,1,0,0,0,0,3,1,6,2,7,1248,2,7,7,1
2013440156274,2,9,0,13,0,1,0,0,0,0,1,1,6,3,-1,1896,2,6,-1,-1
2013440156311,1,9,0,3,0,1,0,0,0,0,2,1,3,2,9,1870,2,8,9,2
2013440156311,2,9,0,18,0,1,0,0,0,0,1,1,6,1,-1,2179,2,8,9,2
2013440156319,1,9,0,18,0,8,0,0,0,0,1,1,6,2,10,1329,1,3,10,1
2013440156319,2,9,0,7,0,8,0,0,0,0,3,1,6,2,6,1997,2,3,5,1
2013440156629,1,9,0,18,0,0,0,0,0,0,1,1,6,3,-1,-1,-1,-1,-1,-1
2013440156652,1,9,0,18,0,0,0,0,0,0,3,1,6,2,8,1242,1,3,5,1
2013440156652,2,9,0,13,0,0,0,0,0,0,4,1,6,1,8,-1,-1,-1,9,1
2013440156959,1,9,0,18,0,0,0,0,7,4,1,1,6,1,5,1242,1,16,10,1
2013440157065,1,9,0,5,0,6,0,0,0,0,1,1,6,1,6,1870,2,10,3,1
2013440157065,2,9,0,18,0,1,0,0,0,0,4,1,6,1,6,1753,2,5,6,1
2013440157129,1,9,0,9,0,6,0,0,0,0,3,1,6,2,7,1798,1,3,9,3
2013440157129,2,9,0,18,0,1,0,0,0,0,1,1,2,1,5,1598,1,14,6,2
2013440157559,1,9,0,18,0,2,0,6,0,0,1,1,2,1,5,1242,1,7,9,1
2013440157595,1,9,0,9,0,8,0,0,0,0,4,1,1,1,8,1997,2,5,10,1
2013440157595,2,1,0,18,0,1,0,0,0,0,1,1,6,1,7,-1,-1,-1,8,3
2013440157649,1,9,0,9,0,8,0,0,0,0,1,1,2,1,5,1596,1,11,10,3
2013440157649,2,9,0,18,0,8,0,0,0,0,3,1,6,1,7,1368,1,6,5,1
2013440157668,1,3,0,13,0,8,0,0,0,0,4,1,4,1,4,124,1,1,8,3
2013440157668,2,9,0,9,0,8,0,0,0,0,3,1,6,3,-1,-1,-1,-1,-1,-1
2013440157699,1,9,0,4,0,1,0,0,0,0,2,1,6,2,5,998,1,8,7,1
2013440157699,2,9,0,4,0,1,0,0,0,0,1,1,6,1,-1,1896,2,5,-1,-1
2013440157716,1,9,0,3,0,0,0,0,0,0,2,1,1,1,6,1299,1,13,5,1
2013440157716,2,9,0,18,0,0,0,0,0,0,1,1,1,1,6,1596,1,9,9,3
2013440158158,1,9,0,4,0,0,0,0,0,0,2,1,6,1,6,1753,2,6,6,2
2013440158158,2,9,0,18,0,0,1,0,0,0,1,1,6,2,4,999,1,14,9,3
2013440158245,1,9,0,3,0,0,0,0,0,0,2,1,6,1,6,1998,2,11,5,1
2013440158245,2,9,0,4,0,0,0,0,0,0,1,1,6,2,4,1390,1,11,8,1
2013440158383,1,9,0,4,0,8,0,0,0,0,1,1,6,2,6,1998,1,7,10,3
2013440158383,2,9,0,10,0,8,0,0,0,0,2,1,6,1,8,1997,1,14,-1,-1
2013440158388,1,9,0,5,0,1,1,0,0,0,2,1,1,1,6,1596,1,10,4,1
2013440158388,2,5,0,4,0,1,1,0,0,0,3,1,1,1,9,499,1,16,10,1
2013440158539,1,9,0,18,0,0,0,0,0,0,1,1,6,2,11,1390,1,16,9,1
2013440158539,2,9,0,4,0,0,0,0,0,0,2,1,6,2,4,1998,2,7,8,3
2013440158539,3,9,0,4,0,0,0,0,0,0,2,1,2,1,8,1598,1,1,10,1
2013440158539,4,9,0,4,0,0,0,0,0,0,2,1,6,1,10,1796,1,11,5,1
2013440158539,5,9,0,4,0,0,0,0,0,0,2,1,1,2,6,1399,2,2,5,1
2013440158680,1,9,0,1,9,8,0,0,0,0,2,1,6,3,-1,-1,-1,-1,-1,-1
2013440158683,1,3,0,14,0,8,0,0,0,0,1,1,6,1,4,125,1,5,5,1
2013440158683,2,9,0,10,0,8,0,0,0,0,3,1,6,1,5,1895,1,12,4,1
2013440158683,3,9,0,18,0,8,0,0,0,0,1,1,6,1,6,-1,-1,-1,9,1
2013440158779,1,9,0,9,0,0,0,0,0,0,1,1,6,2,5,1199,1,14,2,1
2013440158779,2,9,0,18,0,0,0,0,0,0,1,1,6,2,4,1198,1,8,-1,-1
2013440158779,3,9,0,2,0,0,0,0,0,0,2,1,6,1,9,998,1,18,9,2
2013440158897,1,1,0,18,0,0,0,0,0,0,0,1,6,1,9,-1,-1,-1,10,1
2013440158935,1,9,0,18,0,0,0,0,4,6,1,1,6,1,7,1398,1,1,-1,1
2013440159298,1,21,0,13,0,1,0,0,0,0,1,1,1,1,9,-1,2,7,5,1
2013440159298,2,1,0,18,0,1,0,0,1,0,2,1,6,1,7,-1,-1,-1,7,1
2013440159412,1,9,0,18,0,0,0,0,0,0,2,1,6,2,10,1086,1,3,5,3
2013440159508,1,11,0,4,0,0,0,0,0,0,1,1,1,1,9,9600,2,17,7,1
2013440159508,2,9,0,3,0,0,0,0,0,0,2,1,6,2,4,1149,1,10,6,1
2013440159508,3,21,0,4,0,0,0,0,0,0,1,1,1,1,6,10518,2,4,3,1
2013440159574,1,9,0,4,0,0,0,0,0,0,2,1,6,1,6,1598,1,9,9,1
2013440159574,2,9,0,18,0,0,0,0,0,0,1,1,2,1,5,-1,-1,-1,3,1
2013440159662,1,9,0,4,0,0,0,0,0,0,2,1,6,1,6,2435,1,8,7,1
2013440159662,2,9,0,4,0,0,0,0,0,0,1,1,6,2,-1,1870,2,10,5,1
2013440159718,1,19,0,5,0,8,0,0,0,0,1,1,6,1,8,1598,2,-1,9,1
2013440159718,2,1,0,18,0,8,0,0,0,0,4,1,2,1,7,-1,-1,-1,9,2
2013440159826,1,9,0,4,0,1,0,0,0,0,2,1,6,1,6,2959,2,8,8,3
2013440159826,2,9,0,18,0,1,0,0,0,0,1,1,6,2,7,1598,1,15,1,1
2013440159877,1,9,0,18,0,8,0,0,0,0,4,1,6,1,4,-1,-1,-1,7,1
2013440159877,2,9,0,9,0,8,0,0,0,0,1,1,6,1,4,2495,2,18,9,3
2013440159903,1,1,0,18,0,0,0,0,0,0,3,1,6,1,4,-1,-1,-1,3,1
2013440159903,2,9,0,13,0,0,0,0,0,0,4,1,6,3,-1,-1,-1,-1,-1,-1
2013440160023,1,11,0,4,0,8,0,0,0,0,1,1,1,1,9,9000,2,9,7,1
2013440160024,1,9,0,4,0,0,0,0,0,0,0,1,6,1,8,2143,2,2,7,2
2013440160024,2,9,0,4,0,0,0,0,0,0,2,1,6,1,9,1149,1,6,10,1
2013440160024,3,9,0,18,0,0,0,0,0,0,2,1,6,2,6,1598,1,1,10,1
2013440160047,1,9,0,7,0,5,0,0,0,0,4,1,6,1,5,1997,1,12,5,1
2013440160047,2,1,0,18,0,8,0,0,0,0,3,1,2,1,8,-1,-1,-1,10,2
2013440160050,1,9,0,18,0,8,0,0,0,0,1,1,1,2,5,1248,1,2,7,1
2013440160050,2,9,0,9,0,8,0,0,0,0,4,1,6,2,4,1229,1,6,9,1
2013440160313,1,9,0,9,0,8,0,0,0,0,1,1,6,1,10,1398,1,9,8,1
2013440160313,2,1,0,18,0,8,0,0,0,0,1,1,1,1,6,-1,-1,-1,5,1
2013440160322,1,1,0,18,0,8,0,0,0,0,1,1,2,1,7,-1,-1,-1,4,1
2013440160322,2,9,0,7,0,8,0,0,0,0,4,1,2,1,9,-1,-1,-1,5,1
2013440160357,1,3,0,17,0,0,0,0,0,0,4,1,6,1,6,124,1,13,4,1
2013440160357,2,9,0,2,0,0,0,0,0,0,4,1,6,3,-1,1997,1,3,-1,-1
2013440160357,3,9,0,2,0,0,0,0,0,0,4,1,6,3,-1,1360,1,6,-1,-1
2013440160395,1,5,0,18,0,8,0,0,0,0,1,1,6,1,4,124,1,-1,8,1
2013440160395,2,9,0,18,0,8,0,0,0,0,3,1,6,1,7,2231,2,2,10,1
2013440160484,1,1,0,18,0,0,0,0,0,0,0,1,6,1,4,-1,-1,-1,6,1
2013440160484,2,9,0,18,0,0,0,0,0,0,0,1,6,3,-1,-1,-1,-1,-1,-1
2013440160642,1,9,0,7,0,8,0,0,0,0,1,1,1,1,7,1598,2,3,4,1
2013440160642,2,1,0,18,0,8,0,0,0,0,2,1,6,1,8,-1,-1,-1,3,1
2013440160670,1,9,0,16,0,0,1,0,7,4,0,1,2,1,5,998,1,9,8,3
2013440160752,1,9,0,18,0,0,0,0,0,0,1,1,6,1,4,1149,1,11,8,3
2013440160752,2,9,0,2,0,0,0,0,0,0,1,1,6,3,-1,1984,1,4,-1,-1
2013440160993,1,9,0,18,0,8,0,0,0,0,3,1,6,1,7,1781,1,9,9,1
2013440160993,2,9,0,9,0,8,0,0,0,0,4,1,6,2,8,1995,2,9,10,1
2013440161010,1,9,0,18,0,8,0,0,0,0,2,1,6,1,7,1796,1,14,4,1
2013440161010,2,3,0,18,0,8,1,0,0,0,1,1,6,1,4,124,1,2,4,1
2013440161030,1,9,0,18,0,1,0,0,0,0,1,1,6,1,8,1497,8,7,9,1
2013440161030,2,9,0,3,0,1,0,0,0,0,2,1,6,2,7,1991,2,2,8,1
2013440161364,1,9,0,4,0,0,0,0,0,0,2,1,6,1,6,1588,1,14,5,2
2013440161364,2,9,0,18,0,0,0,0,0,0,1,1,6,1,-1,1995,2,9,5,3
2013440161560,1,9,0,18,0,8,0,0,0,0,1,1,6,1,7,1796,1,9,5,1
2013440161560,2,9,0,9,0,8,0,0,0,0,4,1,6,2,4,1124,1,13,7,1
2013440161605,1,9,0,3,0,8,0,0,0,0,2,1,6,1,7,1986,2,8,10,1
2013440161605,2,9,0,4,0,8,0,0,0,0,1,1,6,2,5,1396,1,11,7,1
2013440161694,1,1,0,13,0,0,0,0,0,0,1,1,6,1,4,-1,-1,-1,2,1
2013440161694,2,9,0,12,0,0,0,0,0,0,3,1,1,3,-1,1997,2,1,-1,-1
2013440161852,1,9,0,17,0,0,5,0,0,0,1,1,6,2,6,1242,1,8,9,1
2013440161852,2,19,0,2,0,0,0,0,0,0,2,1,6,1,-1,1248,2,3,-1,-1
2013440162235,1,3,0,17,0,0,1,0,1,0,0,1,6,1,8,125,1,9,5,1
2013440162249,1,1,0,17,0,2,0,0,0,0,1,1,6,2,6,-1,-1,-1,-1,1
2013440162249,2,19,0,2,0,2,0,0,0,0,2,1,6,3,-1,2500,2,6,-1,-1
2013440162254,1,9,0,3,0,0,0,0,0,0,2,1,6,2,7,1995,2,1,8,3
2013440162254,2,9,0,3,0,0,0,0,0,0,2,1,6,2,8,1998,2,8,4,1
2013440162254,3,9,0,3,0,0,0,0,0,0,2,1,6,1,11,1596,1,7,10,1
2013440162254,4,9,0,4,0,0,0,0,0,0,1,1,6,1,7,1968,2,9,10,2
2013440162344,1,4,0,16,0,0,1,0,0,0,1,1,6,1,10,249,1,6,9,3
2013440162369,1,1,0,17,0,0,0,0,1,4,1,1,6,1,10,-1,-1,-1,10,2
2013440162378,1,1,0,18,0,1,1,0,0,0,1,1,6,1,8,-1,-1,-1,7,1
2013440162378,2,9,0,18,0,3,0,0,0,0,2,1,6,1,10,1910,2,7,6,3
2013440162394,1,9,0,7,0,8,0,0,0,0,0,1,6,3,-1,-1,-1,-1,-1,-1
2013440162394,2,11,0,18,0,8,0,0,0,0,0,1,1,3,-1,-1,-1,-1,-1,-1
2013440162419,1,9,0,18,0,8,0,0,0,0,1,1,6,2,5,1794,1,10,9,2
2013440162419,2,9,0,1,0,8,0,0,0,0,4,1,6,1,11,2997,1,17,8,1
2013440162482,1,4,0,16,0,0,0,0,0,0,1,1,6,1,7,675,1,1,5,1