Accident_Index,Vehicle_Reference,Vehicle_Type,Towing_and_Articulation,Vehicle_Manoeuvre,Vehicle_Location-Restricted_Lane,Junction_Location,Skidding_and_Overturning,Hit_Object_in_Carriageway,Vehicle_Leaving_Carriageway,Hit_Object_off_Carriageway,1st_Point_of_Impact,Was_Vehicle_Left_Hand_Drive?,Journey_Purpose_of_Driver,Sex_of_Driver,Age_Band_of_Driver,Engine_Capacity_(CC),Propulsion_Code,Age_of_Vehicle,Driver_IMD_Decile,Driver_Home_Area_Type
2013440162535,1,9,0,9,0,8,0,0,0,0,1,1,6,2,11,1596,1,11,7,1
2013440162535,2,3,0,18,0,8,0,0,0,0,4,1,6,1,5,124,1,5,3,1
2013440162600,1,9,0,18,0,0,5,0,1,9,4,1,6,1,5,1248,2,10,9,1
2013440162607,1,90,0,18,0,8,2,0,3,11,1,1,6,2,6,280,1,5,1,1
2013440162732,1,11,0,18,0,0,0,0,0,0,1,1,1,1,6,12419,2,1,6,1
2013440162732,2,9,0,4,0,0,0,0,0,0,2,1,6,2,5,1364,1,8,4,1
2013440162763,1,5,0,17,0,0,1,0,2,11,1,1,6,1,7,1137,1,13,9,3
2013440162894,1,9,0,18,0,1,0,0,0,0,1,1,6,1,7,1896,2,12,2,1
2013440162894,2,1,0,18,0,1,0,0,0,0,3,1,6,1,6,-1,-1,-1,4,1
2013440163324,1,9,0,18,0,0,0,0,1,7,1,1,6,2,4,1149,1,14,8,3
2013440163396,1,9,0,17,0,0,0,0,0,0,2,1,6,2,6,-1,-1,-1,9,1
2013440163396,2,1,0,16,0,0,0,0,0,0,0,1,1,1,7,-1,-1,-1,9,3
2013440163442,1,9,0,3,0,0,0,0,0,0,2,1,6,1,9,1461,2,5,5,1
2013440163442,2,9,0,3,0,0,0,0,0,0,2,1,6,1,6,1598,1,3,5,1
2013440163442,3,9,0,3,0,0,0,0,0,0,2,1,6,1,6,1998,1,11,4,1
2013440163442,4,9,0,4,0,0,1,0,0,0,1,1,6,1,6,1597,1,15,4,1
2013440163479,1,9,0,18,0,0,0,0,0,0,1,1,6,1,7,1596,1,10,10,1
2013440163479,2,9,0,4,0,0,0,0,0,0,2,1,6,1,10,1275,1,13,9,3
2013440163479,3,9,0,4,0,0,0,0,0,0,2,1,6,1,5,4164,2,9,7,1
2013440163479,4,9,0,4,0,0,0,0,0,0,2,1,6,3,-1,-1,-1,-1,-1,-1
2013440163483,1,9,0,9,0,6,0,0,0,0,1,1,6,1,7,1968,2,4,5,1
2013440163483,2,9,0,18,0,1,0,0,0,0,3,1,6,2,7,1299,1,12,7,1
2013440163518,1,9,0,18,0,0,0,0,7,10,3,1,6,1,4,2198,1,10,3,1
2013440163585,1,9,0,5,0,0,0,0,0,0,2,1,6,1,10,1598,2,1,10,1
2013440163585,2,9,0,5,0,0,0,0,0,0,2,1,6,2,8,1461,2,-1,9,1
2013440163585,3,9,0,5,0,0,0,0,0,0,2,1,6,1,5,1870,2,8,2,1
2013440163585,4,9,0,5,0,0,0,0,0,0,1,1,6,2,7,1397,1,3,10,1
2013440163808,1,2,0,9,0,8,1,0,0,0,3,1,6,1,4,49,1,12,10,1
2013440163808,2,9,0,9,0,8,0,0,0,0,1,1,6,1,10,1598,1,7,10,1
2013440163892,1,9,0,10,0,8,0,0,0,0,3,1,6,1,6,1598,1,1,7,1
2013440163892,2,9,0,9,0,8,1,0,0,0,1,1,6,1,6,1198,1,-1,2,1
2013440164276,1,9,0,18,0,0,0,0,7,4,1,1,6,1,5,1999,7,12,5,3
2013440164418,1,9,0,4,0,1,0,0,0,0,2,1,6,1,7,2993,2,3,6,2
2013440164418,2,3,0,18,0,1,0,0,0,0,1,1,2,1,5,124,1,2,6,3
2013440164418,3,9,0,18,0,1,0,0,0,0,1,1,6,1,9,2995,1,12,10,1
2013440164471,1,9,0,18,0,1,0,0,0,0,1,1,2,2,4,1108,1,16,9,1
2013440164471,2,9,0,9,0,5,0,0,0,0,3,1,6,1,5,1997,2,4,9,1
2013440164607,1,9,0,18,0,8,0,0,0,0,4,1,2,1,5,1896,2,5,10,1
2013440164607,2,9,0,5,0,8,0,0,0,0,1,1,6,2,11,1490,1,6,9,3
2013440164625,1,9,0,4,0,0,0,0,0,0,1,1,6,1,11,1388,1,11,5,1
2013440164625,2,19,0,2,0,0,0,0,0,0,2,1,6,1,5,1995,2,4,5,1
2013440164692,1,9,0,18,0,0,0,0,0,0,1,1,6,1,4,1242,1,8,7,1
2013440164692,2,9,0,4,0,0,0,0,0,0,2,1,6,2,6,1910,2,5,5,1
2013440164993,1,9,0,18,0,0,0,0,0,0,1,1,1,2,-1,1598,1,6,7,1
2013440165139,1,9,0,7,0,8,0,0,0,0,2,1,2,2,8,1997,1,12,5,1
2013440165139,2,1,0,18,0,8,0,0,0,0,1,1,6,2,4,-1,-1,-1,4,1
2013440165232,1,9,0,18,0,1,0,0,0,0,3,1,6,1,10,1108,1,10,-1,-1
2013440165247,1,9,0,18,0,0,0,0,0,0,1,1,6,1,9,2993,2,2,8,3
2013440165281,1,9,0,18,0,1,1,0,1,10,4,1,6,2,7,1998,1,7,10,3
2013440165281,2,9,0,5,0,6,0,0,0,0,1,1,6,2,10,1995,2,7,8,3
2013440165347,1,5,0,18,0,8,0,0,0,0,4,1,6,1,6,1137,1,16,5,1
2013440165347,2,9,0,18,0,8,0,0,0,0,1,1,6,2,11,1240,1,5,5,1
2013440165681,1,9,0,18,0,0,1,0,2,2,1,1,6,2,4,1396,1,16,2,1
2013440165776,1,5,0,16,0,1,0,0,7,10,1,1,1,1,8,1170,1,6,9,3
2013440165776,2,9,0,7,0,8,0,0,0,0,0,1,6,2,7,1995,1,9,9,3
2013440165792,1,3,0,7,0,8,0,0,0,0,0,1,2,1,4,125,1,2,5,1
2013440165823,1,1,0,18,0,1,0,0,0,0,1,1,6,1,7,-1,-1,-1,9,2
2013440165823,2,19,0,1,0,8,0,0,0,0,3,1,6,2,8,1598,2,-1,5,1
2013440165882,1,9,0,10,0,1,0,0,0,0,0,1,6,2,8,1799,1,5,7,1
2013440165882,2,9,0,18,0,1,1,0,0,0,2,1,2,2,5,1999,1,6,10,1
2013440165882,3,9,0,18,0,1,1,0,0,0,1,1,2,2,4,1248,2,5,6,1
2013440165892,1,9,0,4,0,0,0,0,0,0,1,1,2,2,6,1984,1,14,7,1
2013440165892,2,9,0,4,0,0,0,0,0,0,2,1,2,2,6,1998,1,11,-1,-1
2013440165892,3,9,0,4,0,0,0,0,0,0,0,1,2,1,5,1598,1,3,7,1
2013440165963,1,9,0,16,0,8,0,0,0,0,1,1,6,1,4,1360,1,13,9,2
2013440166258,1,9,0,7,0,8,0,0,1,2,1,1,6,1,11,1598,1,7,5,1
2013440166258,2,9,0,9,0,8,0,0,0,0,1,1,6,1,10,1968,2,1,7,1
2013440166627,1,20,0,2,0,1,0,0,1,10,2,1,2,1,5,-1,-1,-1,2,1
2013440166630,1,9,0,9,0,8,0,0,0,0,1,1,2,2,7,1587,1,6,2,1
2013440166630,2,4,0,13,0,8,0,0,0,0,4,1,2,1,7,-1,-1,-1,10,1
2013440166764,1,9,0,7,0,2,0,0,7,4,0,1,6,2,7,1796,1,10,7,1
2013440166819,1,11,0,18,0,0,0,0,0,0,0,1,1,1,6,9000,2,5,3,1
2013440166951,1,9,0,18,0,0,0,0,0,0,4,1,6,2,6,1896,2,5,10,1
2013440167094,1,21,0,18,0,0,0,0,0,0,1,1,1,1,6,3908,2,11,10,1
2013440167094,2,19,0,18,0,0,0,0,0,0,2,1,1,1,7,6370,2,4,5,1
2013440167190,1,9,0,3,0,0,0,0,0,0,2,1,1,2,8,1598,1,5,10,1
2013440167190,2,5,0,14,0,0,0,0,0,0,1,1,1,1,6,599,1,4,8,1
2013440167191,1,9,0,9,0,8,0,0,0,0,3,1,6,1,6,1493,2,7,6,1
2013440167191,2,20,0,18,0,8,0,0,0,0,1,1,1,1,-1,6370,2,11,10,2
2013440167383,1,1,0,18,0,0,0,0,0,0,1,1,6,1,8,-1,-1,-1,5,3
2013440167383,2,9,0,15,0,0,0,0,0,0,3,1,2,1,5,1248,2,3,5,1
2013440167435,1,11,0,18,0,8,0,0,0,0,1,1,1,1,6,10000,2,20,8,1
2013440167837,1,9,0,5,9,8,0,0,0,0,0,1,6,2,-1,1598,1,2,7,1
2013440167837,2,1,0,18,9,8,0,0,0,0,0,1,6,1,7,-1,-1,-1,5,1
2013440167946,1,9,0,18,0,0,0,0,0,0,1,1,6,1,5,1596,1,9,6,1
2013440167995,1,9,0,18,0,8,0,0,0,0,1,1,6,1,7,1389,1,20,7,1
2013440167995,2,9,0,18,0,8,0,0,0,0,1,1,6,1,8,2496,2,12,8,3
2013440168554,1,9,0,3,0,0,0,0,0,0,2,1,2,2,8,1753,2,6,8,2
2013440168554,2,9,0,5,0,0,0,0,0,0,1,1,2,2,6,1753,2,6,4,1
2013440168706,1,16,0,3,0,0,0,0,0,0,3,1,6,2,7,-1,-1,-1,4,3
2013440168706,2,17,0,14,0,0,0,0,0,0,4,1,1,1,-1,-1,-1,-1,7,3
2013440168787,1,19,0,18,0,1,0,0,0,0,1,1,1,1,7,2400,2,11,10,1
2013440168787,2,9,0,3,0,1,0,0,0,0,2,1,6,2,7,1599,1,7,10,3
2013440168804,1,19,0,1,0,2,0,0,0,0,2,1,1,1,8,4250,2,9,6,3
2013440168873,1,9,0,4,0,8,0,0,0,0,3,1,6,2,6,1197,1,1,10,1
2013440168873,2,9,0,9,0,8,0,0,0,0,1,1,6,1,10,1968,2,9,10,1
2013440168873,3,9,0,9,0,8,0,0,0,0,0,1,6,3,-1,-1,-1,-1,-1,-1
2013440169052,1,2,0,18,0,0,0,0,1,11,1,1,6,2,7,49,1,7,-1,-1
2013440169200,1,9,0,18,0,0,0,4,0,0,1,1,6,2,9,1398,2,10,8,1
2013440169200,2,9,0,2,0,0,0,0,0,0,2,1,6,1,8,-1,-1,-1,5,1
2013440169281,1,5,0,18,0,0,0,0,0,0,1,1,2,1,7,599,1,5,8,1
2013440169281,2,9,0,4,0,0,0,0,0,0,2,1,2,2,4,1598,1,11,5,3
2013440169702,1,9,0,9,0,8,0,0,0,0,4,1,6,2,5,1390,1,12,4,1
2013440169702,2,3,0,18,0,8,0,0,0,0,1,1,2,1,5,124,1,2,4,1
2013440169785,1,9,0,18,0,8,0,0,0,0,1,1,6,2,4,1124,1,10,6,3
2013440169785,2,9,0,18,0,8,0,0,0,0,3,1,6,2,9,1390,1,11,5,3
2013440169842,1,9,0,17,0,0,0,0,1,9,4,1,6,1,4,1598,1,12,5,1
2013440169843,1,9,0,18,0,8,0,0,0,0,4,1,1,2,6,1984,1,12,7,1
2013440169843,2,3,0,18,0,8,0,0,0,0,1,1,6,1,5,125,1,9,5,1
2013440169984,1,1,0,18,0,0,0,0,0,0,0,1,2,1,6,-1,-1,-1,4,1
2013440170012,1,9,0,18,0,0,1,0,7,10,1,1,6,1,6,1396,1,11,3,1
2013440170235,1,9,0,18,0,0,0,12,1,9,4,1,6,2,5,1686,2,4,-1,-1
2013440170269,1,9,0,4,0,1,0,0,0,0,4,1,6,1,10,1968,2,6,7,1
2013440170269,2,1,0,18,0,1,0,0,0,0,1,1,6,1,3,-1,-1,-1,10,1
2013440170291,1,9,0,1,0,0,0,0,0,0,2,1,6,3,-1,1086,1,6,-1,-1
2013440170485,1,9,0,18,0,0,0,0,1,4,1,1,6,1,9,1997,1,13,10,1
2013440170498,1,9,0,16,0,0,0,0,0,0,1,1,6,1,4,1388,1,10,9,2
2013440170498,2,9,0,17,0,0,0,0,0,0,1,1,6,2,9,998,1,5,4,1
2013440170537,1,9,0,18,0,1,0,0,0,0,1,1,1,1,8,5425,1,58,8,1
2013440170684,1,19,0,7,0,6,0,0,0,0,0,1,6,1,7,-1,-1,-1,1,1
2013440170684,2,9,0,18,0,1,1,0,2,4,1,1,6,1,5,1124,1,10,1,1
2013440171080,1,9,0,17,0,0,0,0,0,0,1,1,6,1,6,973,1,10,2,1
2013440171603,1,1,0,9,0,8,0,0,0,0,3,1,6,2,5,-1,-1,-1,4,1
2013440171603,2,9,0,18,0,8,0,0,0,0,1,1,6,1,5,1388,1,11,4,1
2013440171700,1,9,0,4,0,0,0,0,0,0,2,1,6,2,7,1753,2,5,7,2
2013440171700,2,9,0,18,0,0,0,0,0,0,1,1,6,2,4,1124,1,13,6,1
2013440171733,1,9,0,11,0,8,0,0,0,0,4,1,6,2,8,1596,1,11,8,1
2013440171733,2,9,0,12,0,8,0,0,0,0,3,1,6,2,6,2143,2,2,10,3
2013440171836,1,9,0,18,0,2,1,0,1,9,1,1,2,2,5,1796,1,11,4,1
2013440171907,1,1,0,14,0,0,0,0,0,0,1,1,6,1,5,-1,-1,-1,4,1
2013440171907,2,9,0,2,0,0,0,0,0,0,3,1,1,3,-1,-1,-1,-1,-1,-1
2013440172151,1,9,0,7,0,8,0,0,0,0,4,1,1,1,5,-1,-1,-1,5,1
2013440172151,2,1,0,18,0,8,0,0,0,0,4,1,1,1,4,-1,-1,-1,10,1
2013440172237,1,9,0,18,0,0,0,0,0,0,2,1,2,2,8,1998,1,8,10,1
2013440172237,2,9,0,18,0,0,0,0,0,0,1,1,6,2,6,1396,1,10,8,1
2013440172362,1,5,0,17,0,0,1,0,1,0,0,1,2,1,8,942,1,5,8,3
2013440172481,1,9,0,4,0,1,0,0,0,0,2,1,6,2,7,1398,1,6,7,1
2013440172481,2,9,0,4,0,1,1,0,0,0,1,1,6,3,-1,1596,1,8,5,1
2013440172792,1,9,0,18,0,8,0,0,0,0,1,1,6,1,11,3248,1,14,10,1
2013440172792,2,9,0,9,0,8,0,0,0,0,3,1,6,2,11,1299,1,10,10,2
2013440172879,1,9,0,10,0,8,0,0,0,0,2,1,3,2,7,-1,-1,-1,4,1
2013440172879,2,1,0,18,0,1,0,0,1,0,1,1,4,1,3,-1,-1,-1,10,1
2013440172980,1,9,0,18,0,0,0,0,0,0,3,1,6,2,6,599,1,11,7,1
2013440172980,2,1,0,18,0,0,0,0,0,0,1,1,6,1,4,-1,-1,-1,10,3
2013440173196,1,5,0,13,0,0,0,0,1,0,1,1,6,1,5,849,1,17,5,2
2013440173196,2,9,0,18,0,0,0,0,0,0,0,1,6,2,8,1834,1,12,6,2
2013440173196,3,9,0,18,0,0,0,0,0,0,1,1,6,1,8,1985,1,16,3,1
2013440173482,1,9,0,18,0,0,0,0,1,4,1,1,6,2,5,1598,1,11,4,2
2013440173647,1,9,0,18,0,1,0,0,0,0,2,1,6,2,7,1560,2,6,10,1
2013440173647,2,20,0,18,0,1,0,0,0,0,1,1,1,1,6,12900,2,4,10,1
2013440173716,1,9,0,18,0,1,0,0,0,0,3,1,6,1,9,1587,1,10,2,1
2013440173716,2,9,0,11,0,1,0,0,0,0,4,1,6,1,8,1794,1,9,9,2
2013440173738,1,9,0,18,0,8,1,0,1,11,1,1,2,2,6,1598,1,7,4,1
2013440173830,1,9,0,18,0,8,0,0,0,0,1,1,6,1,6,1242,1,17,4,1
2013440173830,2,9,0,9,0,8,0,0,0,0,3,1,6,2,9,1360,1,6,9,1
2013440173918,1,9,0,18,0,8,0,0,0,0,1,1,6,1,10,1948,1,13,10,1
2013440173918,2,9,0,9,0,8,0,0,0,0,3,1,1,1,10,-1,-1,-1,10,3
2013440173926,1,9,0,9,0,8,0,0,0,0,3,1,6,1,11,2088,2,17,8,1
2013440173926,2,3,0,18,0,8,0,0,0,0,1,1,6,1,4,125,1,6,10,1
2013440173941,1,1,0,18,0,0,0,0,0,0,3,1,6,1,5,-1,-1,-1,2,1
2013440173941,2,9,0,18,0,0,0,0,0,0,1,1,6,2,5,1360,1,12,6,1
2013440174309,1,9,0,7,0,8,0,0,0,0,2,1,6,1,9,1390,1,1,8,1
2013440174309,2,9,0,18,0,8,0,0,0,0,1,1,6,1,-1,-1,-1,-1,2,1
2013440174309,3,9,0,18,0,8,0,0,0,0,2,1,6,1,11,1332,1,20,6,2
2013440174325,1,90,0,7,0,8,0,0,0,0,0,1,1,2,6,2998,2,5,5,1
2013440174325,2,9,0,18,0,1,0,0,0,0,2,1,6,1,6,1686,2,5,-1,-1
2013440174325,3,19,0,18,0,1,0,0,0,0,1,1,1,1,9,1248,2,7,7,1
2013440174330,1,9,0,18,0,8,0,0,0,0,4,1,6,2,7,1998,1,2,8,1
2013440174330,2,9,0,18,0,8,0,0,0,0,1,1,6,2,6,1600,1,15,4,1
2013440174384,1,9,0,2,0,0,0,0,0,0,4,1,1,1,9,1198,1,4,7,1
2013440174384,2,9,0,18,0,0,0,0,0,0,4,1,6,3,-1,-1,-1,-1,-1,-1
2013440174450,1,9,0,16,0,0,2,0,7,0,1,1,6,2,4,1896,2,15,9,3
2013440174546,1,9,0,18,0,0,0,0,0,0,1,1,2,1,7,1598,1,14,4,1
2013440174546,2,1,0,18,0,0,0,0,0,0,3,1,6,2,3,-1,-1,-1,1,1
2013440174627,1,9,0,18,0,1,0,0,0,0,1,1,6,3,-1,-1,-1,-1,-1,-1
2013440174634,1,9,0,18,0,0,1,0,1,11,1,1,6,1,4,1598,1,9,9,1
2013440174865,1,9,0,18,0,2,0,0,0,0,4,1,2,2,10,1339,1,7,2,1
2013440174865,2,1,0,12,0,2,0,0,0,0,3,1,1,2,3,-1,-1,-1,1,1
2013440174886,1,9,0,9,0,8,0,0,0,0,1,1,1,2,9,2204,2,5,10,2
2013440174886,2,1,0,9,0,8,0,0,0,0,1,1,1,2,9,-1,-1,-1,5,1
2013440174898,1,21,0,18,0,2,0,0,0,0,1,1,1,1,7,-1,-1,-1,7,1
2013440174903,1,9,0,18,0,8,0,0,0,0,1,1,3,2,6,999,1,-1,7,2
2013440174903,2,1,0,18,0,8,0,0,0,0,4,1,6,1,6,-1,-1,-1,5,1
2013440174992,1,9,0,18,0,8,0,0,0,0,1,1,2,1,9,1595,1,-1,9,1
2013440174992,2,9,0,18,0,8,0,0,0,0,4,1,6,2,7,2401,2,5,5,3
2013440175016,1,9,0,18,9,0,0,0,0,0,0,1,6,3,-1,-1,-1,-1,-1,-1
2013440175016,2,1,0,18,9,0,0,0,0,0,4,1,4,1,3,-1,-1,-1,3,1
2013440175124,1,9,0,7,0,8,0,0,0,0,3,1,2,2,7,1598,2,3,5,1
2013440175124,2,1,0,18,0,8,0,0,0,0,1,1,6,2,7,-1,-1,-1,2,1
2013440175167,1,9,0,18,0,0,1,0,0,0,1,1,1,1,4,-1,-1,-1,2,1
2013440175167,2,9,0,3,0,0,0,0,0,0,2,1,6,2,5,1870,2,6,10,1
2013440175167,3,9,0,3,0,0,0,0,0,0,2,1,4,1,-1,1598,1,12,-1,-1
2013440175467,1,9,0,9,0,8,0,0,0,0,3,1,6,2,7,1995,2,4,9,1
2013440175467,2,2,0,18,0,1,0,0,0,0,1,1,6,1,4,-1,-1,-1,4,1
2013440175495,1,9,0,16,0,0,0,12,0,0,1,1,6,2,4,973,1,15,10,2
2013440175662,1,9,0,18,0,4,0,0,0,0,3,1,6,2,8,1461,2,6,8,1
2013440175662,2,1,0,18,0,8,0,0,0,0,1,1,6,1,7,-1,-1,-1,-1,-1
2013440175689,1,1,0,18,0,2,0,0,0,0,3,1,6,1,4,-1,-1,-1,4,1
2013440175689,2,9,0,18,0,2,0,0,0,0,4,1,6,1,7,-1,-1,-1,2,1
2013440175709,1,9,0,18,0,0,0,0,0,0,1,1,6,1,9,2993,2,1,3,1
2013440175709,2,9,0,3,0,0,0,0,0,0,2,1,6,1,9,2493,1,12,8,1
2013440176029,1,9,0,2,0,0,0,0,0,0,3,1,6,1,4,1242,1,7,9,1
2013440176029,2,9,0,14,0,0,0,0,0,0,4,1,6,1,4,998,1,13,1,1
2013440176140,1,9,0,18,0,0,1,0,1,4,1,1,6,1,7,1596,1,16,5,1
2013440176153,1,9,0,1,0,8,0,0,7,2,4,1,6,2,7,1389,1,20,5,1
2013440176153,2,3,0,18,0,1,0,0,0,0,1,1,6,1,7,124,1,9,3,3
2013440176196,1,3,0,18,0,0,0,0,0,0,4,1,2,2,6,-1,-1,-1,3,1
2013440176239,1,9,0,10,0,8,0,0,0,0,2,1,6,1,5,1995,2,10,9,1
2013440176239,2,9,0,3,0,8,0,0,0,0,2,1,6,1,7,1968,2,-1,9,2
2013440176239,3,9,0,3,0,8,0,0,0,0,2,1,6,1,9,1870,2,8,6,3
2013440176239,4,20,0,18,0,8,0,0,0,0,1,1,6,1,9,-1,-1,-1,2,1
2013440176354,1,9,0,18,0,0,0,0,0,0,1,1,6,2,9,1248,1,-1,-1,-1
2013440176416,1,19,0,9,0,8,0,0,0,0,1,1,1,1,9,2198,2,3,5,1
2013440176416,2,9,0,18,0,8,0,0,0,0,1,1,2,1,8,1349,1,12,4,1
2013440176433,1,9,0,5,0,8,0,0,0,0,3,1,6,2,7,1598,1,5,7,1
2013440176433,2,1,0,18,0,8,0,0,0,0,1,1,6,2,8,-1,-1,-1,4,1
2013440176674,1,9,0,18,0,0,0,0,0,0,1,1,6,1,10,1120,1,16,5,1
2013440176788,1,21,0,2,0,0,0,0,0,0,3,1,1,1,-1,12740,2,2,-1,-1
2013440176788,2,1,0,14,0,0,0,0,0,0,1,1,1,1,6,-1,-1,-1,9,1
2013440176810,1,9,0,7,0,8,0,0,0,0,1,1,6,1,11,1598,1,11,9,3
2013440176875,1,1,0,18,0,8,0,0,0,0,1,1,2,1,6,-1,-1,-1,6,1
2013440176875,2,9,0,5,0,8,0,0,0,0,4,1,6,3,-1,-1,-1,-1,-1,-1
2013440177167,1,4,0,18,0,8,1,0,0,0,1,1,6,1,7,487,1,12,10,1
2013440177167,2,9,0,5,0,8,0,0,0,0,3,1,6,2,6,1149,1,12,9,3
2013440177228,1,9,0,4,0,0,0,0,0,0,2,1,6,2,4,-1,-1,-1,10,1
2013440177228,2,9,0,18,0,0,0,0,0,0,1,1,6,1,-1,-1,-1,-1,-1,-1
2013440177265,1,9,0,16,0,0,5,0,7,10,4,1,6,1,4,1298,1,15,6,1
2013440177289,1,9,0,18,0,8,0,0,0,0,4,1,6,1,5,1896,2,5,-1,-1
2013440177289,2,1,0,18,0,8,0,0,0,0,1,1,6,1,7,-1,-1,-1,3,1
2013440177547,1,9,0,18,0,8,1,0,3,4,1,1,6,1,6,2494,1,13,2,1
2013440177576,1,19,0,18,0,2,1,0,7,3,1,1,6,1,5,1896,2,10,5,1
2013440177615,1,9,0,9,0,8,0,0,0,0,3,1,2,2,-1,1596,1,2,-1,-1
2013440177615,2,1,0,9,0,8,0,0,0,0,1,1,6,2,9,-1,-1,-1,10,2
2013440177675,1,19,0,7,0,8,0,0,0,0,1,1,1,1,8,2198,2,1,7,1
2013440177675,2,19,0,7,0,8,0,0,0,0,2,1,1,1,9,1560,2,2,9,1
2013440177675,3,19,0,7,0,8,0,0,0,0,2,1,6,1,10,1870,2,12,9,3
2013440177722,1,9,0,8,0,1,0,0,0,0,2,1,6,2,8,998,1,13,8,1
2013440177722,2,9,0,5,0,1,0,0,0,0,1,1,2,1,6,1599,1,11,8,1
2013440178182,1,9,0,18,0,0,0,0,0,0,4,1,6,1,6,1968,2,8,9,2
2013440178182,2,9,0,18,0,0,1,0,1,0,3,1,6,1,11,-1,-1,-1,9,3
2013440178253,1,9,0,18,0,8,0,0,0,0,3,1,6,2,5,1368,1,7,2,1
2013440178253,2,9,0,5,0,8,0,0,0,0,1,1,6,2,-1,1796,1,8,-1,-1
2013440178287,1,9,0,16,0,1,0,0,0,0,1,1,6,2,6,1360,1,9,6,1
2013440178287,2,9,0,5,0,2,0,0,0,0,3,1,6,1,8,2946,1,13,2,1
2013440178335,1,9,0,9,0,8,0,0,0,0,4,1,6,2,7,1360,1,18,4,1
2013440178335,2,1,0,18,0,8,0,0,0,0,1,1,6,1,8,-1,-1,-1,2,1
2013440178336,1,9,0,5,0,0,0,0,0,0,1,1,6,2,7,1999,1,10,10,1
2013440178336,2,9,0,3,0,0,0,0,0,0,2,1,6,1,8,1896,1,16,4,1
2013440178343,1,9,0,14,0,0,0,4,0,0,4,1,6,2,10,1339,1,3,9,1
2013440178343,2,9,0,2,0,0,0,0,0,0,4,1,6,2,7,1968,2,5,9,3
2013440178671,1,9,0,18,0,0,0,0,0,0,1,1,6,2,10,998,1,15,5,1
2013440178857,1,9,0,18,0,0,0,12,0,0,1,1,6,1,4,1596,1,14,-1,-1
2013440178879,1,1,0,9,0,8,0,0,0,0,1,1,6,1,5,-1,-1,-1,7,2
2013440178879,2,9,0,18,0,8,0,0,0,0,3,1,6,1,9,2999,2,15,7,3
2013440179147,1,9,0,18,0,1,0,0,0,0,1,1,6,1,6,1970,1,11,1,1
2013440179496,1,11,0,4,0,8,0,0,0,0,1,1,1,1,10,-1,-1,-1,8,1
2013440179496,2,9,0,3,0,8,0,0,0,0,2,1,6,1,6,1800,1,13,2,1
2013440179526,1,4,0,18,0,0,0,11,0,10,4,1,6,2,7,150,1,-1,5,2
2013440179532,1,9,0,4,0,0,0,0,0,0,3,1,6,2,8,1296,1,5,10,1
2013440179532,2,9,0,4,0,0,0,0,0,0,4,1,6,1,6,1598,2,1,2,1
2013440179532,3,9,0,4,0,0,0,0,0,0,1,1,6,1,7,1995,2,6,8,2
2013440179627,1,9,0,9,0,8,0,0,0,0,4,1,1,3,-1,1582,2,4,-1,-1
2013440179627,2,2,0,18,0,8,0,0,0,0,1,1,2,1,7,124,1,3,3,1
2013440179650,1,9,0,18,0,0,0,0,0,0,2,1,6,2,6,1598,1,5,9,3
2013440179650,2,9,0,18,0,0,0,0,0,0,1,1,6,2,11,998,1,11,8,3
2013440179652,1,5,0,3,0,8,0,0,0,0,0,1,6,1,4,-1,-1,-1,5,1
2013440179652,2,9,0,3,0,8,0,0,0,0,0,1,6,3,-1,-1,-1,-1,-1,-1
2013440179794,1,4,0,10,0,8,0,0,0,0,2,1,6,1,4,510,1,4,9,1
2013440179794,2,4,0,18,0,8,1,0,0,0,1,1,6,1,9,998,1,4,-1,-1
2013440179861,1,9,0,15,0,0,1,0,5,7,1,1,6,1,5,3000,1,23,4,1
2013440179861,2,9,0,18,0,0,0,0,0,0,0,1,6,1,5,3498,1,8,4,1
2013440179861,3,9,0,18,0,0,0,0,1,7,4,1,6,2,7,1598,1,10,8,1
2013440179895,1,2,0,17,0,8,1,0,0,0,1,1,6,1,3,-1,-1,-1,4,1
2013440179895,2,9,0,2,0,2,0,0,0,0,3,1,6,2,6,1560,2,6,3,1
2013440179895,3,9,0,2,0,2,0,0,0,0,3,1,6,3,-1,1796,1,5,-1,-1
2013440180598,1,9,0,18,0,8,0,0,0,0,1,1,6,2,6,1299,1,12,9,1
2013440180598,2,9,0,18,0,8,0,0,0,0,1,1,2,1,9,1399,2,5,3,1
2013440180859,1,9,0,18,0,2,1,0,0,0,1,1,6,1,5,1796,1,16,5,1
2013440180996,1,9,0,9,0,8,0,0,0,0,4,1,6,2,11,1598,1,16,10,1
2013440180996,2,1,0,18,0,8,0,0,0,0,1,1,6,1,6,-1,-1,-1,8,1
2013440181393,1,1,0,9,0,2,1,0,0,0,1,1,6,2,4,-1,-1,-1,7,1
2013440181393,2,8,0,13,0,2,0,0,0,0,4,1,1,1,7,1598,2,2,5,1
2013440181493,1,9,0,18,0,3,2,10,1,0,3,1,2,1,4,1149,1,8,9,1
2013440181578,1,9,0,18,0,0,1,0,2,4,1,1,1,1,5,1299,1,9,10,3