Accident_Index,Vehicle_Reference,Vehicle_Type,Towing_and_Articulation,Vehicle_Manoeuvre,Vehicle_Location-Restricted_Lane,Junction_Location,Skidding_and_Overturning,Hit_Object_in_Carriageway,Vehicle_Leaving_Carriageway,Hit_Object_off_Carriageway,1st_Point_of_Impact,Was_Vehicle_Left_Hand_Drive?,Journey_Purpose_of_Driver,Sex_of_Driver,Age_Band_of_Driver,Engine_Capacity_(CC),Propulsion_Code,Age_of_Vehicle,Driver_IMD_Decile,Driver_Home_Area_Type
2013440216779,1,9,0,18,0,0,0,0,0,0,1,1,6,2,6,1598,1,9,8,2
2013440216779,2,9,0,3,0,0,0,0,0,0,2,1,2,2,4,1199,1,11,4,1
2013440216779,3,9,0,3,0,0,0,0,0,0,2,1,6,2,7,1753,2,6,8,2
2013440216810,1,19,0,18,0,1,0,0,0,0,1,1,6,1,-1,1868,2,12,10,1
2013440216810,2,1,0,18,0,1,0,0,0,0,2,1,6,1,7,-1,-1,-1,8,1
2013440216848,1,9,0,10,0,1,0,0,0,0,2,1,6,1,6,-1,-1,-1,6,2
2013440216848,2,9,0,18,0,1,0,0,0,0,1,1,6,1,6,1598,1,11,7,1
2013440216849,1,9,0,9,0,8,0,0,0,0,4,1,2,2,6,1796,1,11,10,1
2013440216849,2,9,0,17,0,8,0,0,0,0,1,1,6,2,10,1339,1,2,10,1
2013440216850,1,8,0,18,0,0,0,0,0,0,4,1,1,1,9,1686,2,7,4,1
2013440216931,1,9,0,5,0,8,0,0,0,0,1,1,3,2,7,1596,1,-1,3,1
2013440216931,2,1,0,18,0,8,0,0,0,0,1,1,6,1,3,-1,-1,-1,8,1
2013440217001,1,5,0,4,0,0,0,0,0,0,1,1,6,1,8,645,1,2,9,2
2013440217028,1,9,0,2,0,0,0,0,0,0,3,1,6,1,7,3301,7,8,6,1
2013440217028,2,9,0,5,0,0,0,0,0,0,1,1,6,2,5,1248,2,5,5,1
2013440217295,1,5,0,7,0,8,0,0,0,0,3,1,2,1,5,599,1,15,2,1
2013440217295,2,9,0,11,0,8,0,0,0,0,4,1,6,3,-1,-1,-1,-1,-1,-1
2013440217336,1,9,0,4,0,8,0,0,0,0,1,1,6,1,9,1796,1,10,7,1
2013440217519,1,9,0,18,0,8,0,0,0,0,1,1,6,3,-1,-1,-1,-1,-1,-1
2013440217651,1,2,0,18,0,1,0,0,0,0,1,1,2,1,6,49,1,4,5,1
2013440217651,2,9,0,9,0,8,0,0,0,0,3,1,2,1,9,1596,1,10,1,1
2013440217887,1,9,0,10,0,8,0,0,0,0,3,1,6,2,7,2179,2,1,7,2
2013440217887,2,9,0,7,0,8,0,0,0,0,4,1,6,1,7,1968,2,2,10,2
2013440217940,1,9,0,13,0,0,0,0,0,0,4,1,6,1,-1,-1,-1,-1,-1,-1
2013440217940,2,1,0,18,0,0,0,0,0,0,3,1,6,1,3,-1,-1,-1,2,1
2013440218132,1,9,0,4,0,1,0,0,0,0,1,1,6,2,9,1595,1,13,10,1
2013440218132,2,9,0,3,0,1,0,0,0,0,2,1,6,2,8,1242,1,4,10,1
2013440218211,1,9,0,18,0,1,0,0,0,0,0,1,6,1,4,1124,1,12,6,1
2013440218211,2,9,0,9,0,8,2,0,0,0,3,1,6,1,10,3456,8,4,9,1
2013440218218,1,9,0,9,0,8,0,0,0,0,3,1,6,1,4,1124,1,24,10,1
2013440218218,2,9,0,18,0,8,0,0,0,0,1,1,6,1,11,1596,1,6,7,1
2013440218244,1,9,0,7,0,8,0,0,0,0,1,1,6,1,7,1600,1,15,7,2
2013440218244,2,9,0,3,0,8,0,0,0,0,3,1,6,1,7,1998,1,13,2,1
2013440218244,3,19,0,2,0,2,0,0,0,0,2,1,6,3,-1,-1,-1,-1,-1,-1
2013440218352,1,9,0,18,0,0,0,0,0,0,1,1,6,2,9,1397,1,5,9,3
2013440218352,2,1,0,18,0,0,0,0,0,0,2,1,6,2,7,-1,-1,-1,10,3
2013440218715,1,3,0,3,0,1,0,0,0,0,2,1,6,1,4,100,1,11,4,1
2013440218715,2,9,0,18,0,1,0,0,0,0,1,1,6,2,5,1299,1,8,10,2
2013440219380,1,9,0,18,0,8,0,0,0,0,4,1,6,2,8,1999,1,7,10,3
2013440219380,2,9,0,18,0,8,0,0,0,0,1,1,6,1,6,1598,1,12,2,1
2013440219462,1,9,0,18,0,8,0,0,0,0,4,1,6,2,11,1997,1,5,7,1
2013440219462,2,9,0,18,0,8,0,0,0,0,1,1,6,1,7,-1,-1,-1,6,1
2013440219519,1,9,0,18,0,0,0,0,0,6,3,1,6,1,8,1995,2,5,5,1
2013440219523,1,9,0,18,0,0,0,0,1,0,1,1,6,2,9,2902,2,8,8,1
2013440219795,1,9,0,5,0,8,0,0,0,0,1,1,6,1,9,1998,2,15,9,1
2013440219795,2,1,0,18,0,8,0,0,0,0,1,1,6,2,6,-1,-1,-1,10,1
2013440219860,1,3,0,9,0,8,0,0,0,0,1,1,6,1,6,124,1,-1,7,1
2013440220185,1,9,0,18,0,0,1,0,1,2,1,1,6,1,8,1991,1,19,4,1
2013440220507,1,5,0,18,0,8,1,0,0,0,1,1,6,1,10,748,1,12,5,1
2013440220507,2,9,0,9,0,8,0,0,0,0,2,1,6,2,9,1586,1,1,6,1
2013440220629,1,9,0,18,0,0,0,0,8,4,1,1,6,2,11,1398,1,3,10,1
2013440220832,1,9,0,5,0,8,0,0,0,0,3,1,6,2,7,1997,2,10,7,3
2013440220832,2,5,0,18,0,8,0,0,0,0,1,1,2,1,6,599,1,11,8,1
2013440220885,1,21,1,18,0,0,1,0,1,7,1,1,1,1,9,12900,2,1,2,1
2013440220885,2,20,0,2,0,0,0,0,1,7,2,1,1,1,7,5880,2,3,5,1
2013440220885,3,19,0,2,0,0,0,0,1,7,2,1,1,3,-1,1461,2,-1,-1,-1
2013440220885,4,19,0,2,0,0,0,0,0,0,2,1,1,3,-1,1461,2,1,-1,-1
2013440220968,1,1,0,18,0,8,0,0,0,0,4,1,6,1,7,-1,-1,-1,8,1
2013440220968,2,8,0,18,0,8,0,0,0,0,1,1,6,3,-1,-1,-1,-1,-1,-1
2013440220971,1,9,0,3,0,1,0,0,0,0,2,1,6,1,8,1587,1,13,9,3
2013440220971,2,9,0,3,0,1,0,0,0,0,2,1,2,2,6,1896,2,11,5,1
2013440220971,3,9,0,4,0,1,0,0,0,0,1,1,6,1,8,1360,1,9,9,1
2013440221028,1,9,0,8,0,8,0,0,0,0,1,1,2,1,9,1968,2,6,2,1
2013440221028,2,1,0,18,4,8,0,0,0,0,1,1,6,1,7,-1,-1,-1,5,1
2013440221296,1,9,0,18,0,0,0,0,0,0,4,1,2,2,7,1229,1,8,4,1
2013440221572,1,9,0,18,0,2,0,0,0,0,1,1,3,2,5,1349,1,4,7,1
2013440221572,2,1,0,18,0,8,0,0,0,0,2,1,6,1,7,-1,-1,-1,6,1
2013440221720,1,9,0,18,0,0,0,0,0,0,1,1,6,3,-1,-1,-1,-1,-1,-1
2013440222060,1,9,0,16,0,2,0,0,0,0,1,1,3,2,7,659,1,5,5,2
2013440222060,2,1,0,17,0,1,1,0,7,4,1,1,6,1,3,-1,-1,-1,-1,-1
2013440222292,1,9,0,18,0,1,0,0,0,0,2,1,6,1,11,1905,2,15,8,3
2013440222292,2,9,0,18,0,1,0,0,0,0,1,1,6,1,6,1598,1,14,3,1
2013440222432,1,9,0,4,0,1,0,0,0,0,2,1,1,2,8,1124,1,9,5,1
2013440222432,2,9,0,18,0,1,0,0,0,0,2,1,1,2,8,1498,1,13,4,1
2013440222432,3,9,0,18,0,1,0,0,0,0,1,1,1,2,7,1597,1,15,8,3
2013440222713,1,1,0,7,0,8,0,0,0,0,0,1,6,1,7,-1,-1,-1,9,1
2013440222725,1,5,0,4,0,8,0,0,0,0,4,1,6,1,9,1050,1,6,7,1
2013440222725,2,9,0,9,0,8,0,0,0,0,1,1,6,1,11,-1,-1,-1,9,3
2013440222776,1,5,0,17,0,8,0,0,0,0,0,1,6,1,4,600,1,15,8,1
2013440222820,1,9,0,18,0,8,0,0,0,0,1,1,6,1,5,1390,1,13,7,1
2013440222887,1,20,0,2,0,0,0,0,0,0,3,1,1,1,6,2402,2,8,10,3
2013440222887,2,19,0,15,0,0,0,4,0,0,4,1,1,1,-1,2198,2,2,4,1
2013440223092,1,9,0,18,0,0,2,0,5,6,4,1,6,2,7,1400,1,8,10,1
2013440223092,2,9,0,12,0,0,0,0,0,0,3,1,6,3,-1,-1,-1,-1,-1,-1
2013440223598,1,19,0,18,0,8,0,0,0,0,4,1,6,1,8,1560,2,5,8,1
2013440223663,1,19,0,9,0,8,0,0,0,0,1,1,2,1,7,1998,2,8,9,1
2013440223663,2,9,0,18,0,8,0,0,0,0,4,1,6,1,6,-1,-1,-1,10,2
2013440223687,1,5,0,13,0,0,0,0,0,0,1,1,6,1,9,1116,1,34,9,3
2013440223687,2,9,0,4,0,0,0,0,0,0,2,1,6,1,5,998,1,3,5,1
2013440223739,1,9,0,18,0,0,0,0,0,0,3,1,2,2,7,1995,2,1,10,1
2013440223739,2,21,0,11,0,0,0,0,0,0,4,1,1,1,7,12902,2,-1,2,1
2013440223795,1,9,0,9,0,8,0,0,0,0,4,1,6,2,6,1595,1,5,3,1
2013440223795,2,1,0,18,0,8,0,0,0,0,3,1,6,1,10,-1,-1,-1,9,1
2013440223821,1,2,0,18,0,0,1,0,0,0,0,1,6,2,4,49,1,3,10,3
2013440223889,1,9,0,15,0,8,0,0,0,0,2,1,6,1,8,2295,1,16,7,3
2013440223889,2,9,0,9,0,8,0,0,0,0,1,1,6,1,5,1388,1,13,9,3
2013440223895,1,9,0,5,0,0,0,0,0,0,4,1,6,2,10,1242,1,3,9,1
2013440223994,1,9,0,9,0,8,0,0,0,0,3,1,6,2,8,1896,2,6,10,2
2013440223994,2,9,0,16,0,8,0,0,0,0,1,1,6,1,7,1984,1,15,10,2
2013440224116,1,9,0,18,0,0,5,12,1,0,0,1,6,2,4,1587,1,11,9,3
2013440224383,1,9,0,4,0,8,0,0,3,8,1,1,6,1,4,1600,1,13,3,1
2013440224383,2,9,0,18,0,8,0,0,0,0,4,1,6,2,8,1398,1,13,9,2
2013440224562,1,9,0,2,0,8,0,0,0,0,3,1,6,1,6,1910,2,8,-1,-1
2013440224562,2,9,0,14,0,8,0,0,0,0,1,1,6,2,10,1242,1,7,3,1
2013440224987,1,9,0,18,0,0,2,0,1,0,4,1,6,2,6,1995,2,7,5,1
2013440225235,1,19,0,7,0,8,0,0,0,0,2,1,6,1,8,2198,2,5,5,3
2013440225235,2,9,0,18,0,8,0,0,0,0,1,1,6,2,7,1596,1,11,7,1
2013440225439,1,9,0,4,0,1,0,0,0,0,2,1,1,1,6,1896,2,6,3,1
2013440225439,2,1,0,18,0,1,1,0,0,0,1,1,6,1,8,-1,-1,-1,-1,-1
2013440225448,1,5,0,18,0,1,0,0,0,0,1,1,6,2,8,1200,1,4,9,3
2013440225448,2,5,0,4,0,1,0,0,0,0,2,1,6,1,8,1584,1,5,9,3
2013440225551,1,9,0,6,0,8,0,0,0,0,3,1,6,2,4,1299,1,14,5,1
2013440225551,2,9,0,14,0,8,0,0,0,0,1,1,6,2,6,-1,-1,-1,9,1
2013440225578,1,19,0,9,0,8,0,0,0,0,1,1,1,1,7,2198,2,1,3,1
2013440225578,2,2,0,9,0,8,0,0,0,0,2,1,6,1,4,102,1,10,6,2
2013440226188,1,9,0,17,0,0,5,7,0,0,1,1,6,1,8,1242,1,13,2,1
2013440226211,1,9,0,5,0,8,0,0,0,0,3,1,2,1,8,1998,1,9,10,1
2013440226211,2,9,0,18,0,8,0,0,0,0,1,1,2,1,10,1199,1,10,8,1
2013440226321,1,9,0,18,0,0,1,0,4,6,3,1,6,2,6,1596,1,6,4,1
2013440226321,2,9,0,18,0,0,0,0,0,0,0,1,6,3,-1,-1,-1,-1,-1,-1
2013440226734,1,9,0,17,0,2,0,0,0,0,1,1,6,1,9,1796,1,4,4,1
2013440226734,2,9,0,16,0,1,0,0,0,0,1,1,6,3,-1,-1,-1,-1,-1,-1
2013440226786,1,9,0,18,0,0,0,0,0,0,1,1,2,1,9,2295,1,14,6,3
2013440226786,2,20,0,18,0,0,0,0,0,0,1,1,2,1,8,2494,2,7,8,2
2013440226909,1,3,0,15,0,8,0,0,1,0,3,1,1,1,5,124,1,1,10,1
2013440226909,2,9,0,7,0,8,0,0,0,0,2,1,6,1,8,1968,2,4,9,1
2013440226909,3,9,0,2,0,2,0,0,0,0,4,1,6,1,9,1840,1,12,10,2
2013440226909,4,9,0,2,0,2,0,0,0,0,3,1,6,2,7,1997,2,1,10,1
2013440226957,1,19,0,9,0,8,0,0,0,0,3,1,6,2,7,-1,-1,-1,2,1
2013440226957,2,4,0,18,0,8,0,0,0,0,1,1,6,2,5,398,1,25,2,1
2013440226993,1,19,0,18,0,8,0,0,0,0,1,1,6,1,9,2500,2,13,9,1
2013440226993,2,9,0,18,0,8,0,0,0,0,1,1,2,2,8,1998,1,10,9,1
2013440226993,3,9,0,3,0,1,0,0,0,0,3,1,6,1,6,1753,2,11,9,1
2013440227359,1,9,0,4,0,0,0,0,0,0,2,1,2,1,7,1995,2,8,5,1
2013440227359,2,9,0,18,0,0,0,0,0,0,1,1,6,3,-1,1587,1,7,-1,-1
2013440227536,1,1,0,18,0,0,0,0,0,0,4,1,6,1,6,-1,-1,-1,4,1
2013440227536,2,9,0,18,0,0,0,0,0,0,1,1,2,2,6,1598,2,1,7,1
2013440227693,1,9,0,7,0,8,0,0,0,0,1,1,6,2,7,1242,1,7,10,1
2013440227693,2,19,0,2,0,2,0,0,0,0,2,1,6,3,-1,2402,2,3,-1,-1
2013440227812,1,9,0,3,0,1,0,0,0,0,2,1,6,1,6,1896,2,10,5,1
2013440227812,2,9,0,18,0,1,0,0,0,0,1,1,6,1,-1,1968,2,6,5,1
2013440227891,1,9,0,18,0,0,0,0,5,6,1,1,6,1,7,1596,1,3,6,1
2013440227893,1,9,0,18,0,0,0,0,0,0,1,1,6,1,10,1968,2,1,9,1
2013440227893,2,9,0,3,0,0,0,0,0,0,2,1,6,1,9,1399,2,11,-1,-1
2013440227893,3,9,0,3,0,0,0,0,0,0,2,1,6,1,8,1242,1,4,8,3
2013440227893,4,9,0,3,0,0,0,0,0,0,2,1,6,3,-1,2487,2,14,-1,-1
2013440227907,1,9,0,14,0,1,0,0,0,0,1,1,6,2,5,1364,1,8,6,3
2013440227907,2,9,0,3,0,1,0,0,0,0,1,1,6,1,10,1997,1,8,10,1
2013440227982,1,9,0,18,0,1,0,0,0,0,4,1,6,2,7,1198,1,8,3,1
2013440227982,2,1,0,18,0,1,0,0,0,0,1,1,6,1,5,-1,-1,-1,2,1
2013440228107,1,9,0,18,0,0,0,0,0,0,4,1,6,2,5,1242,1,15,-1,-1
2013440228194,1,2,0,18,0,0,1,0,0,0,1,1,6,1,4,124,1,5,3,1
2013440228194,2,9,0,3,0,0,0,0,0,0,2,1,6,2,8,1984,1,12,10,1
2013440228786,1,9,0,16,0,0,2,0,7,4,1,1,6,1,6,1396,1,10,9,1
2013440228890,1,9,0,5,0,4,0,0,0,0,1,1,1,1,8,1896,2,4,2,1
2013440228890,2,1,0,18,0,8,0,0,0,0,4,1,2,2,4,-1,-1,-1,6,1
2013440229270,1,9,0,18,0,8,0,0,1,1,3,1,6,1,11,2496,1,11,9,3
2013440229270,2,5,0,18,0,8,0,0,0,0,1,1,6,1,8,904,1,16,8,3
2013440229415,1,3,0,16,0,0,0,6,0,0,1,1,6,1,5,125,1,-1,-1,-1
2013440229629,1,9,0,18,0,0,0,0,0,0,0,1,6,2,5,1149,1,6,8,2
2013440229629,2,9,0,12,0,0,0,0,0,0,0,1,6,3,-1,1598,1,6,-1,-1
2013440229976,1,1,0,9,0,8,0,0,0,0,1,1,2,1,9,-1,-1,-1,6,1
2013440229976,2,9,0,5,0,8,0,0,0,0,3,1,2,1,6,1753,2,11,4,1
2013440230018,1,9,0,18,0,0,0,0,0,0,1,1,1,1,8,1910,2,9,4,1
2013440230018,2,9,0,4,0,0,0,0,0,0,2,1,6,1,9,1596,1,7,4,1
2013440230249,1,9,0,18,0,0,0,0,0,0,3,1,6,1,10,2982,2,6,-1,3
2013440230249,2,3,0,18,0,0,1,0,1,11,1,1,6,1,4,124,1,-1,5,2
2013440230299,1,22,0,18,0,0,0,0,0,0,1,1,6,2,-1,-1,-1,-1,-1,-1
2013440230513,1,9,0,9,0,8,0,0,0,0,2,1,6,1,6,1598,1,9,8,1
2013440230513,2,9,0,18,0,8,0,0,0,0,1,1,6,1,4,1242,1,15,9,3
2013440230980,1,9,0,13,0,8,1,0,0,0,1,1,6,1,6,1796,1,13,1,1
2013440230980,2,9,0,6,0,8,0,0,0,0,3,1,6,1,8,1598,1,11,7,1
2013440231149,1,9,0,18,0,1,1,0,7,9,1,1,6,2,5,1242,1,2,4,1
2013440231185,1,9,0,4,0,1,0,0,0,0,2,1,6,2,5,1360,1,12,5,1
2013440231185,2,9,0,4,0,1,0,0,0,0,2,1,6,2,8,1598,1,12,4,1
2013440231185,3,9,0,18,0,1,0,0,0,0,1,1,6,2,9,1397,1,4,8,1
2013440231338,1,5,0,16,0,0,0,0,0,0,1,1,2,1,8,1250,1,14,6,3
2013440231338,2,9,0,17,0,0,0,0,0,0,1,1,2,1,10,1951,2,11,6,3
2013440231601,1,9,0,18,0,0,0,12,0,0,1,1,1,1,4,1685,2,1,6,1
2013440231896,1,9,0,18,0,1,0,0,0,0,1,1,6,3,-1,1896,2,10,-1,-1
2013440231896,2,9,0,10,0,1,0,0,0,0,2,1,3,2,6,1749,1,12,7,1
2013440231907,1,9,0,18,0,1,0,0,0,0,1,1,6,1,9,2771,1,16,9,1
2013440231907,2,9,0,3,0,1,0,0,0,0,2,1,6,1,9,1599,1,5,8,1
2013440231950,1,19,0,18,0,8,0,0,0,0,1,1,1,1,7,2198,2,6,10,1
2013440231950,2,9,0,4,0,8,0,0,0,0,2,1,6,2,6,1995,2,6,4,1
2013440232202,1,9,0,18,0,0,0,0,0,0,0,1,3,2,5,3950,1,9,4,1
2013440232202,2,3,0,13,0,0,0,10,7,10,1,1,6,1,7,124,1,5,-1,-1
2013440232207,1,9,0,18,0,1,0,0,0,0,3,1,6,2,6,999,1,13,8,1
2013440232207,2,1,0,18,0,8,1,0,0,0,1,1,6,1,3,-1,-1,-1,1,1
2013440232236,1,1,0,18,0,0,0,0,0,0,4,1,6,1,8,-1,-1,-1,3,1
2013440232236,2,9,0,13,0,0,0,0,0,0,4,1,6,3,-1,-1,-1,-1,-1,-1
2013440232290,1,9,0,18,0,1,0,0,0,0,1,1,6,2,8,1595,1,12,8,1
2013440232290,2,1,0,18,0,1,0,0,0,0,4,1,6,2,2,-1,-1,-1,6,1
2013440232318,1,2,0,18,0,1,0,0,0,0,4,1,2,1,7,49,1,12,5,1
2013440232318,2,9,0,4,0,1,0,0,0,0,3,1,6,1,6,1998,1,11,5,1
2013440232358,1,9,0,9,0,5,0,0,0,0,1,1,6,2,6,1124,1,10,5,1
2013440232358,2,1,0,18,0,1,0,0,0,0,1,1,6,2,6,-1,-1,-1,9,1
2013440232391,1,9,0,18,0,0,0,0,0,0,2,1,1,1,8,2597,1,11,9,3
2013440232391,2,9,0,18,0,0,0,0,7,2,1,1,1,1,6,1968,2,-1,9,1
2013440232391,3,9,0,18,0,0,0,0,0,0,1,1,6,1,8,1598,1,7,8,1
2013440232396,1,9,0,3,0,1,0,0,0,0,2,1,6,2,6,1242,1,9,7,1
2013440232396,2,9,0,18,0,1,0,0,0,0,1,1,6,2,7,1995,2,3,6,1
2013440232405,1,5,0,16,0,0,0,0,7,10,3,1,6,1,7,955,1,16,3,1
2013440232409,1,9,0,9,0,8,0,0,0,0,4,1,6,2,6,1149,1,11,4,1
2013440232409,2,1,0,18,0,8,0,0,0,0,1,1,6,1,3,-1,-1,-1,8,1
2013440232437,1,9,0,7,0,8,0,0,0,0,1,1,6,1,11,1998,2,8,5,1
2013440232437,2,1,0,17,0,8,0,0,0,0,1,1,6,1,7,-1,-1,-1,5,1
2013440232482,1,9,0,16,0,0,2,0,5,6,1,1,6,1,6,2457,1,7,5,1
2013440232587,1,2,0,17,0,0,0,0,1,0,1,1,1,2,4,124,1,-1,10,1
2013440232786,1,1,0,18,0,8,0,0,0,0,4,1,6,1,7,-1,-1,-1,5,1
2013440232786,2,9,0,18,0,4,0,0,0,0,3,1,6,3,-1,1390,1,6,-1,-1
2013440233008,1,9,0,18,0,0,0,0,0,0,1,1,2,2,5,1124,1,11,4,1
2013440233066,1,1,0,18,0,0,0,0,0,0,4,1,4,2,4,-1,-1,-1,4,1
2013440233066,2,9,0,18,0,0,0,0,0,0,1,1,6,2,7,2148,2,9,1,1
2013440233159,1,9,0,9,0,5,0,0,0,0,4,1,6,2,7,-1,-1,-1,10,1
2013440233159,2,11,0,18,0,1,0,0,0,0,1,1,1,2,7,-1,-1,-1,10,1
2013440233198,1,1,0,18,4,0,0,0,0,0,1,1,1,1,7,-1,-1,-1,2,1
2013440233198,2,19,0,18,4,0,0,0,0,0,4,1,6,1,-1,-1,-1,-1,-1,-1
2013440233781,1,11,0,18,0,0,0,0,0,0,4,1,1,2,7,-1,-1,-1,4,1
2013440233859,1,9,0,4,0,0,0,0,0,0,3,1,6,1,10,3498,1,8,8,3
2013440233876,1,9,0,16,0,0,0,0,7,0,3,1,6,2,6,1796,1,8,9,2
2013440233876,2,9,0,17,0,0,0,0,0,0,3,1,2,1,6,1796,1,8,10,2
2013440234296,1,9,0,17,0,0,0,0,1,4,3,1,6,2,5,1360,1,7,9,1
2013440234489,1,9,0,18,0,1,0,0,0,0,1,1,2,1,8,1984,1,11,4,1
2013440234489,2,1,0,18,0,8,0,0,0,0,1,1,2,2,6,-1,-1,-1,10,2
2013440234537,1,9,0,18,0,0,0,0,0,0,3,1,6,2,11,1043,1,18,9,3
2013440234537,2,9,0,18,0,0,0,0,1,11,3,1,2,1,6,1998,1,14,9,1
2013440234582,1,9,0,17,0,0,0,0,0,0,1,1,1,1,7,-1,-1,-1,7,1
2013440234755,1,19,0,13,0,2,0,0,0,0,4,1,1,1,-1,2198,2,5,2,1
2013440234755,2,1,0,17,0,2,0,0,0,0,1,1,6,1,7,-1,-1,-1,3,1
2013440234822,1,9,0,14,0,0,5,0,0,0,1,1,6,1,11,1389,1,19,7,1
2013440234822,2,9,0,2,0,0,0,0,0,0,2,1,6,2,9,1242,1,3,9,1
2013440234822,3,9,0,2,0,0,0,0,0,0,2,1,6,3,-1,998,1,1,-1,-1
2013440234833,1,9,0,5,0,0,0,0,0,0,2,1,6,1,11,999,1,14,6,1
2013440234833,2,9,0,18,0,0,0,0,0,0,1,1,6,1,11,1388,1,8,10,1
2013440234884,1,20,0,5,0,0,0,0,0,0,3,1,1,1,7,4461,2,1,8,1
2013440234884,2,9,0,14,0,0,0,0,0,0,4,1,1,1,8,-1,-1,-1,4,1
2013440234930,1,5,0,18,0,0,0,0,0,0,4,1,6,1,8,781,1,11,9,1
2013440234930,2,9,0,12,0,0,0,0,0,0,3,1,6,2,6,1560,2,2,8,3
2013440234950,1,9,0,5,0,8,0,0,0,0,1,1,6,1,5,1399,2,9,9,1
2013440234950,2,1,0,18,4,8,0,0,0,0,3,1,6,1,4,-1,-1,-1,4,1
2013440234970,1,19,0,18,0,0,2,0,1,11,1,1,2,1,6,1998,2,8,7,1
2013440235254,1,9,0,7,0,8,0,0,0,0,1,1,6,1,4,1299,1,14,4,1
2013440235254,2,1,0,18,0,8,0,0,0,0,1,1,6,1,9,-1,-1,-1,-1,-1
2013440235372,1,9,0,18,0,0,0,0,0,0,4,1,3,2,7,998,1,9,10,1
2013440235400,1,9,0,14,0,0,0,0,0,0,1,1,6,2,8,2148,2,8,9,2
2013440235400,2,1,0,18,0,0,0,0,0,0,4,1,6,1,3,-1,-1,-1,5,2
2013440235404,1,3,0,18,0,8,0,0,0,0,0,1,6,1,7,125,1,6,5,1
2013440235404,2,9,0,9,0,8,0,0,0,0,0,1,6,3,-1,1769,2,18,-1,-1
2013440235464,1,9,0,13,0,8,0,0,0,0,1,1,6,1,6,1229,1,7,3,1
2013440235464,2,9,0,18,0,8,0,0,0,0,1,1,6,2,5,1149,1,10,7,1
2013440235497,1,9,0,17,0,1,0,0,1,0,3,1,6,1,9,-1,-1,-1,10,2
2013440235497,2,19,0,16,0,2,0,0,0,0,3,1,1,1,8,1461,2,5,10,1
2013440235518,1,9,0,17,0,1,0,0,1,11,1,1,6,2,4,973,1,14,3,2
2013440235600,1,1,0,18,0,8,0,0,0,0,3,1,6,1,6,-1,-1,-1,5,1
2013440235600,2,9,0,18,0,8,0,0,0,0,4,1,6,3,-1,-1,-1,-1,-1,-1
2013440235872,1,19,0,4,0,8,0,0,0,0,1,1,1,1,6,1896,2,4,10,1
2013440235872,2,9,0,4,0,8,0,0,0,0,2,1,6,2,7,1910,2,9,5,1
2013440236160,1,19,0,4,0,8,0,0,0,0,2,1,1,1,5,1461,2,3,8,1
2013440236160,2,19,0,18,0,8,0,0,0,0,1,1,1,2,7,1560,2,2,9,1
2013440236188,1,9,0,4,0,0,0,0,0,0,2,1,6,1,8,1997,2,4,9,1
2013440236188,2,8,0,9,0,0,0,0,0,0,0,1,6,1,9,1998,2,7,8,1
2013440236188,3,9,0,18,0,0,0,0,0,0,1,1,6,1,7,2204,2,7,4,1
2013440236585,1,9,0,16,0,0,0,0,0,0,1,1,6,2,11,1242,1,13,9,1
2013440236585,2,19,0,17,0,0,0,0,1,0,1,1,1,1,6,2198,2,2,8,1
2013440236595,1,9,0,18,0,0,0,0,0,0,4,1,2,2,6,1124,1,9,6,1
2013440236622,1,9,0,3,0,8,0,0,0,0,2,1,6,1,6,1149,1,9,5,1
2013440236622,2,19,0,4,0,8,0,0,0,0,1,1,6,1,5,1995,2,6,-1,-1
2013440236655,1,9,0,3,0,8,0,0,0,0,2,1,6,1,6,1781,1,14,3,1
2013440236655,2,9,0,3,0,8,0,0,0,0,2,1,6,1,5,1798,1,12,3,1
2013440236731,1,9,0,16,0,0,0,0,0,0,1,1,6,1,4,1124,1,13,7,1
2013440236731,2,9,0,2,0,0,0,0,0,0,1,1,6,1,-1,1997,2,13,5,1
2013440236774,1,9,0,4,0,0,0,0,0,0,2,1,6,1,8,-1,-1,-1,6,1
2013440236774,2,9,0,4,0,0,0,0,0,0,2,1,2,2,6,-1,-1,-1,10,1
2013440236774,3,9,0,4,0,0,0,0,0,0,1,1,6,2,7,1868,2,9,8,3
2013440237370,1,9,0,17,0,0,0,0,8,10,1,1,6,2,7,1086,1,5,3,1
2013440237551,1,9,0,18,0,8,1,0,0,0,1,1,1,2,9,-1,-1,-1,6,3
2013440237551,2,9,0,9,0,8,0,0,0,0,3,1,6,1,11,1363,2,8,6,1
2013440237580,1,9,0,13,0,8,0,0,0,0,0,1,6,3,-1,-1,-1,-1,-1,-1
2013440237580,2,1,0,18,0,8,0,0,0,0,0,1,1,1,5,-1,-1,-1,8,1
2013440237742,1,9,0,9,0,8,0,0,0,0,1,1,6,1,7,1896,2,9,9,2
2013440237763,1,9,0,18,0,1,0,0,0,0,4,1,2,2,7,1596,1,8,8,1
2013440237763,2,1,0,18,0,2,0,0,0,0,1,1,6,1,4,-1,-1,-1,3,1
2013440237773,1,9,0,4,0,8,0,0,1,0,3,1,6,2,6,1794,1,13,4,1