Accident_Index,Vehicle_Reference,Vehicle_Type,Towing_and_Articulation,Vehicle_Manoeuvre,Vehicle_Location-Restricted_Lane,Junction_Location,Skidding_and_Overturning,Hit_Object_in_Carriageway,Vehicle_Leaving_Carriageway,Hit_Object_off_Carriageway,1st_Point_of_Impact,Was_Vehicle_Left_Hand_Drive?,Journey_Purpose_of_Driver,Sex_of_Driver,Age_Band_of_Driver,Engine_Capacity_(CC),Propulsion_Code,Age_of_Vehicle,Driver_IMD_Decile,Driver_Home_Area_Type
2013440267528,2,1,0,7,0,8,0,0,0,0,2,1,6,1,2,-1,-1,-1,6,1
2013440267573,1,9,0,3,0,0,0,0,0,0,2,1,2,1,8,1397,1,13,3,1
2013440267573,2,19,0,3,0,0,0,0,0,0,2,1,2,1,6,1868,2,13,1,1
2013440267573,3,9,0,18,0,0,0,0,0,0,1,1,2,2,5,1995,2,10,10,1
2013440267612,1,1,0,18,0,8,0,0,0,0,1,1,6,1,3,-1,-1,-1,2,1
2013440267612,2,9,0,9,0,5,0,0,0,0,3,1,6,3,-1,-1,-1,-1,-1,-1
2013440267633,1,8,0,7,0,8,0,0,0,0,3,1,1,1,6,1685,2,-1,2,1
2013440267633,2,1,0,18,0,1,0,0,0,0,1,1,6,1,10,-1,-1,-1,1,1
2013440267672,1,9,0,18,0,0,1,0,0,0,4,1,6,2,6,1796,1,11,10,1
2013440267721,1,5,0,18,0,1,1,0,0,0,0,1,6,1,8,535,1,16,10,1
2013440267740,1,9,0,13,0,8,0,0,7,0,1,1,6,1,6,-1,-1,-1,9,1
2013440267740,2,9,0,9,0,8,0,0,7,0,3,1,6,2,9,1587,1,9,9,3
2013440267755,1,9,0,3,0,8,0,0,0,0,2,1,6,2,5,1364,1,6,10,1
2013440267755,2,9,0,4,0,8,0,0,0,0,1,1,6,3,-1,2987,2,-1,-1,-1
2013440267964,1,9,0,18,0,0,0,0,0,0,1,1,6,2,8,1360,1,5,4,1
2013440267964,2,9,0,4,0,0,0,0,0,0,2,1,6,1,9,2979,1,12,9,1
2013440267964,3,19,0,4,0,0,0,0,0,0,2,1,6,1,7,2148,2,6,5,1
2013440268491,1,9,0,18,0,0,0,0,0,0,4,1,6,2,9,2777,2,2,8,1
2013440268528,1,9,0,4,0,0,0,0,0,0,1,1,6,1,5,1686,2,9,10,1
2013440268528,2,9,0,4,0,0,0,0,0,0,2,1,6,1,8,1686,2,1,-1,1
2013440268534,1,9,0,18,0,0,0,0,0,0,1,1,6,1,7,2793,7,13,5,1
2013440268534,2,9,0,4,0,0,0,0,0,0,2,1,6,1,8,1598,1,8,2,1
2013440268534,3,9,0,4,0,0,0,0,0,0,2,1,6,2,8,1386,1,4,4,1
2013440268563,1,9,0,18,0,1,0,0,0,0,4,1,6,2,7,1995,1,5,5,1
2013440268563,2,9,0,18,0,8,0,0,0,0,1,1,6,1,6,1560,2,-1,9,1
2013440268578,1,9,0,4,0,8,0,0,0,0,2,1,6,1,7,1910,2,6,5,1
2013440268578,2,9,0,18,0,8,0,0,0,0,1,1,6,2,9,1329,1,1,10,1
2013440268614,1,9,0,9,0,8,0,0,0,0,3,1,6,2,9,1598,1,-1,10,1
2013440268614,2,5,0,18,0,8,0,0,0,0,1,1,6,1,9,1690,1,3,10,1
2013440268755,1,9,0,5,0,8,0,0,0,0,1,1,6,1,7,1997,1,3,8,1
2013440268755,2,9,0,18,0,8,0,0,0,0,3,1,6,2,7,1999,1,7,10,2
2013440268978,1,9,0,9,0,8,0,0,0,0,2,1,6,1,10,998,1,13,2,1
2013440268978,2,2,0,18,0,1,0,0,0,0,1,1,6,1,4,49,1,11,2,1
2013440269064,1,9,0,13,0,8,0,0,0,0,4,1,6,1,6,998,1,1,1,1
2013440269064,2,1,0,18,0,8,0,0,0,0,3,1,6,2,6,-1,-1,-1,1,1
2013440269153,1,9,0,3,0,1,0,0,0,0,2,1,6,2,7,1364,2,7,4,1
2013440269153,2,9,0,5,0,1,0,0,0,0,1,1,6,1,6,1968,2,8,2,1
2013440269168,1,9,0,18,0,8,1,0,0,0,1,1,1,1,8,1341,1,8,5,1
2013440269168,2,9,0,18,0,8,0,0,0,0,2,1,6,1,6,-1,-1,-1,2,2
2013440269229,1,9,0,6,0,0,0,0,0,0,4,1,6,2,8,1598,1,3,5,1
2013440269229,2,3,0,18,0,0,0,0,1,0,1,1,2,1,4,124,1,17,4,1
2013440269374,1,2,0,7,0,2,1,0,0,0,1,1,6,2,4,96,1,6,2,1
2013440269712,1,9,0,17,0,8,0,0,7,2,1,1,6,1,6,2401,2,10,5,1
2013440269815,1,9,0,18,0,8,0,0,0,0,4,1,6,2,6,1988,1,10,4,1
2013440269815,2,9,0,18,0,8,0,0,0,0,1,1,6,2,8,1587,1,9,9,1
2013440269820,1,5,0,17,0,8,0,0,0,0,4,1,6,1,10,1500,1,21,5,1
2013440269841,1,9,0,7,0,8,0,0,0,0,2,1,6,1,6,-1,-1,-1,5,1
2013440269841,2,1,0,18,0,8,0,0,0,0,1,1,6,1,7,-1,-1,-1,9,1
2013440269861,1,9,0,18,0,8,0,0,0,0,2,1,1,2,5,-1,-1,-1,2,1
2013440269861,2,9,0,18,0,8,0,0,0,0,1,1,6,2,4,1124,1,10,6,3
2013440269945,1,9,0,3,0,8,0,0,0,0,2,1,6,1,9,1753,2,6,10,1
2013440269945,2,9,0,3,0,8,0,0,0,0,2,1,6,2,7,1997,2,13,5,1
2013440269945,3,9,0,18,0,8,0,0,0,0,1,1,6,2,8,1587,1,12,9,1
2013440269955,1,1,0,18,0,0,0,0,0,0,0,1,6,1,7,-1,-1,-1,7,1
2013440269973,1,9,0,7,0,8,0,0,0,0,3,1,6,2,7,1242,1,7,7,1
2013440269973,2,1,0,18,0,8,0,0,0,0,1,1,6,1,8,-1,-1,-1,-1,-1
2013440269983,1,19,0,9,0,8,0,0,0,0,1,1,6,1,7,1248,2,9,6,1
2013440269983,2,1,0,18,0,8,0,0,0,0,4,1,6,1,7,-1,-1,-1,5,2
2013440270116,1,9,0,6,0,8,0,0,0,0,0,1,6,3,-1,-1,-1,-1,-1,-1
2013440270116,2,9,0,16,0,8,0,0,0,0,2,1,6,1,8,2199,2,-1,8,1
2013440270116,3,9,0,16,0,8,0,0,0,0,2,1,6,1,4,2967,2,6,8,1
2013440270116,4,19,0,16,0,8,0,0,0,0,1,1,1,1,9,1870,2,10,9,2
2013440270134,1,9,0,17,0,8,0,0,7,2,1,1,2,1,7,1388,1,17,10,1
2013440270163,1,5,0,17,0,8,0,0,1,4,1,1,6,1,10,-1,-1,-1,3,1
2013440270269,1,9,0,2,0,0,0,0,0,0,3,1,6,1,8,1199,7,9,9,1
2013440270269,2,1,0,18,0,0,0,0,0,0,4,1,6,2,8,-1,-1,-1,6,1
2013440270343,1,9,0,18,0,8,0,0,0,0,3,1,6,2,7,1242,1,7,5,1
2013440270507,1,9,0,13,0,0,0,0,0,0,4,1,6,3,-1,-1,-1,-1,-1,-1
2013440270507,2,1,0,18,0,0,0,0,0,0,3,1,6,1,7,-1,-1,-1,4,1
2013440271133,1,9,0,18,0,2,0,0,0,0,1,1,2,1,8,1422,2,5,10,1
2013440271133,2,20,0,4,0,1,0,0,0,0,1,1,1,1,8,9200,2,6,9,1
2013440271351,1,9,0,18,0,0,0,0,0,0,2,1,6,2,6,2198,2,7,4,1
2013440271351,2,9,0,18,0,0,0,0,0,0,1,1,6,2,8,1400,2,8,6,3
2013440271362,1,9,0,18,0,0,0,0,0,0,4,1,6,1,10,1798,1,1,2,1
2013440271380,1,9,0,18,0,0,1,0,0,0,1,1,1,1,8,1461,2,2,3,1
2013440271454,1,9,0,9,0,8,0,0,0,0,1,1,6,1,5,1242,1,14,-1,-1
2013440271454,2,9,0,4,0,8,0,0,0,0,2,1,2,2,6,2616,1,9,2,1
2013440271773,1,9,0,18,0,8,0,0,0,0,1,1,6,2,4,1124,1,14,6,2
2013440271773,2,3,0,17,0,8,0,0,0,0,1,1,6,1,5,-1,-1,-1,4,1
2013440271932,1,9,0,9,0,8,0,0,0,0,1,1,6,2,11,1390,1,9,9,3
2013440271932,2,9,0,18,0,8,0,0,0,0,1,1,6,2,7,2151,2,15,5,1
2013440271952,1,9,0,18,0,0,0,0,0,0,4,1,1,1,6,1598,2,1,3,1
2013440272233,1,1,0,18,0,2,0,0,0,0,4,1,6,1,8,-1,-1,-1,4,1
2013440272233,2,9,0,13,0,2,0,0,0,0,0,1,6,3,-1,-1,-1,-1,-1,-1
2013440272317,1,2,0,18,0,2,0,2,0,0,1,1,6,2,5,125,1,-1,7,1
2013440272399,1,9,0,18,0,0,0,0,0,0,1,1,1,1,4,1582,2,2,10,1
2013440272399,2,9,0,18,0,0,0,0,0,0,2,1,1,1,9,1598,1,12,7,1
2013440272628,1,2,0,18,0,0,0,0,0,0,3,1,6,1,6,124,1,17,2,1
2013440272628,2,9,0,13,0,0,0,0,0,0,4,1,6,3,-1,-1,-1,-1,-1,-1
2013440272676,1,9,0,18,0,0,0,0,0,0,1,1,6,1,7,1299,1,6,9,1
2013440272676,2,9,0,4,0,0,0,0,0,0,2,1,1,2,7,1560,2,-1,4,1
2013440272864,1,5,0,3,0,1,0,0,0,0,2,1,6,1,8,1137,1,14,1,1
2013440272864,2,9,0,5,0,1,0,0,0,0,1,1,6,1,11,1956,2,2,9,1
2013440273137,1,5,0,13,0,2,0,0,0,0,3,1,6,1,6,998,1,9,10,1
2013440273137,2,9,0,18,0,2,0,0,0,0,4,1,6,3,-1,-1,-1,-1,-1,-1
2013440273277,1,9,0,18,0,0,0,0,0,0,1,1,6,2,9,2902,2,11,2,1
2013440273327,1,9,0,18,0,1,0,0,0,0,3,1,6,2,-1,2204,2,5,3,1
2013440273327,2,1,0,18,0,6,0,0,0,0,1,1,6,1,4,-1,-1,-1,10,2
2013440273410,1,9,0,9,0,8,0,0,0,0,4,1,6,1,7,1598,1,10,5,1
2013440273410,2,19,0,18,0,8,0,0,0,0,1,1,6,3,-1,2402,2,12,-1,-1
2013440273430,1,9,0,9,0,8,0,0,0,0,1,1,6,2,11,1086,1,8,5,1
2013440273430,2,1,0,18,0,8,0,0,0,0,3,1,1,1,9,-1,-1,-1,10,1
2013440273491,1,1,0,9,0,8,0,0,0,0,2,1,6,2,4,-1,-1,-1,5,1
2013440273491,2,2,0,13,0,8,0,0,0,0,1,1,6,1,4,49,1,1,7,1
2013440273542,1,19,0,13,0,0,0,0,0,0,1,1,1,1,6,2148,2,7,6,1
2013440273542,2,2,0,18,0,0,0,0,1,0,2,1,6,1,5,49,1,12,4,1
2013440273738,1,21,0,18,0,0,0,0,1,7,1,1,1,1,9,11946,2,2,5,1
2013440273738,2,90,0,18,0,0,5,6,1,7,2,1,1,1,9,-1,-1,-1,8,3
2013440274388,1,9,0,9,0,8,0,0,0,0,3,1,6,1,8,1580,1,17,2,1
2013440274388,2,9,0,17,0,8,0,0,0,0,1,1,1,1,11,1997,2,10,2,1
2013440274397,1,5,0,4,0,0,0,0,0,0,1,1,6,1,7,988,1,8,-1,1
2013440274397,2,9,0,4,0,0,0,0,0,0,2,1,6,2,7,1968,2,7,9,3
2013440274432,1,9,0,18,0,1,0,0,0,0,1,1,6,3,-1,-1,-1,-1,-1,-1
2013440274432,2,1,0,18,0,1,0,0,0,0,1,1,2,1,4,-1,-1,-1,4,1
2013440274505,1,9,0,15,0,0,0,0,0,0,4,1,6,1,10,1598,2,2,10,1
2013440274505,2,9,0,2,0,0,0,0,0,0,3,1,6,1,6,1686,2,8,6,1
2013440274600,1,3,0,16,0,8,0,0,0,0,3,1,6,1,5,125,1,7,3,1
2013440274600,2,19,0,16,0,8,0,0,0,0,4,1,1,1,6,2198,2,1,9,1
2013440274676,1,9,0,18,0,0,0,0,0,0,1,1,6,3,-1,-1,-1,-1,-1,-1
2013440274676,2,22,0,18,0,0,0,0,0,0,3,1,6,2,9,-1,-1,-1,10,1
2013440274698,1,10,0,18,0,0,1,0,1,4,1,1,6,1,7,2198,2,4,6,1
2013440274823,1,3,0,18,0,8,0,0,0,0,4,1,1,1,4,125,1,6,4,1
2013440274823,2,9,0,5,0,8,0,0,0,0,1,1,6,1,7,-1,-1,-1,9,1
2013440274935,1,19,0,7,0,8,0,0,0,0,4,1,1,1,8,1686,2,11,2,1
2013440274935,2,1,0,18,0,8,0,0,0,0,3,1,6,1,9,-1,-1,-1,9,1
2013440275005,1,19,0,18,0,8,0,0,0,0,1,1,6,1,-1,1560,2,1,-1,-1
2013440275005,2,1,0,18,0,8,0,0,0,0,4,1,6,1,8,-1,-1,-1,10,1
2013440275102,1,9,0,9,0,8,0,0,0,0,2,1,6,2,10,1398,2,1,10,1
2013440275102,2,9,0,18,0,8,0,0,0,0,1,1,6,1,6,1339,1,9,4,1
2013440275180,1,9,0,18,0,0,0,0,7,11,3,1,6,2,9,1275,1,14,10,2
2013440275192,1,1,0,9,0,8,0,0,0,0,3,1,6,2,6,-1,-1,-1,7,1
2013440275192,2,9,0,18,0,8,0,0,0,0,1,1,6,2,-1,1998,1,7,4,1
2013440275214,1,1,0,16,0,0,0,11,0,0,0,1,6,1,8,-1,-1,-1,4,2
2013440275461,1,2,0,18,0,0,0,12,0,0,1,1,6,1,4,49,1,14,2,1
2013440275482,1,9,0,16,0,8,0,0,0,0,1,1,6,1,6,1390,1,13,3,1
2013440275482,2,9,0,10,0,8,0,0,0,0,2,1,6,1,6,1587,1,10,5,2
2013440275655,1,9,0,18,0,0,0,0,4,6,1,1,2,1,7,1686,2,3,-1,-1
2013440275655,2,19,0,18,0,0,0,0,4,6,1,1,2,1,6,2463,2,9,2,1
2013440275680,1,19,0,18,0,8,0,0,0,0,3,1,1,1,9,-1,-1,-1,8,1
2013440275680,2,1,0,18,0,8,0,0,0,0,1,1,1,1,7,-1,-1,-1,7,1
2013440275681,1,3,0,18,0,0,1,11,0,0,1,1,2,2,6,599,1,13,6,3
2013440275749,1,19,0,18,0,8,0,0,0,0,1,1,1,1,6,2464,2,6,10,1
2013440275749,2,9,0,18,0,8,0,0,0,0,2,1,1,1,7,1560,2,4,10,1
2013440276291,1,9,0,18,0,8,0,0,0,0,1,1,6,3,-1,-1,-1,-1,-1,-1
2013440276291,2,9,0,18,0,8,0,0,7,2,4,1,6,1,5,2497,1,9,2,1
2013440276371,1,3,0,15,0,0,0,0,0,0,0,1,2,1,8,150,1,-1,6,1
2013440276516,1,9,0,9,0,5,0,0,0,0,1,1,2,1,10,-1,-1,-1,4,1
2013440276516,2,9,0,18,0,1,0,0,0,0,3,1,2,1,6,-1,-1,-1,1,1
2013440276532,1,9,0,9,0,6,0,0,0,0,3,1,6,3,-1,-1,-1,-1,-1,-1
2013440276532,2,9,0,18,0,1,0,0,0,0,1,1,6,1,11,2685,2,9,9,3
2013440276588,1,9,0,9,0,6,0,0,0,0,3,1,6,2,-1,1149,1,11,10,1
2013440276588,2,1,0,18,0,1,0,0,0,0,1,1,2,1,8,-1,-1,-1,9,3
2013440276656,1,9,0,16,0,0,2,0,7,4,1,1,2,2,7,1587,1,7,2,1
2013440276657,1,9,0,7,0,5,0,0,0,0,1,1,6,2,7,1598,1,11,5,1
2013440276691,1,9,0,4,0,8,0,0,0,0,2,1,6,2,7,1796,1,5,10,1
2013440276691,2,9,0,18,0,8,0,0,0,0,1,1,6,3,-1,1598,1,9,-1,-1
2013440276692,1,9,0,9,0,8,0,0,0,0,4,1,2,1,6,1596,1,11,-1,-1
2013440276692,2,9,0,18,0,8,0,0,0,0,1,1,2,2,7,1349,1,8,5,1
2013440276768,1,1,0,18,0,1,0,0,0,0,1,1,2,1,6,-1,-1,-1,5,1
2013440276768,2,9,0,5,0,8,0,0,0,0,1,1,6,2,8,-1,-1,-1,10,2
2013440276775,1,9,0,1,0,6,0,0,0,0,2,1,6,3,-1,-1,-1,-1,-1,-1
2013440276819,1,5,0,16,0,0,0,0,0,0,1,1,6,1,8,1157,1,13,7,3
2013440276819,2,9,0,17,0,0,0,0,0,0,1,1,6,2,7,1951,2,9,5,1
2013440277242,1,9,0,9,0,6,0,0,0,0,0,1,6,3,-1,1198,1,4,-1,-1
2013440277242,2,1,0,18,0,1,0,0,0,0,0,1,6,1,8,-1,-1,-1,10,1
2013440277487,1,1,0,18,0,0,0,0,0,0,4,1,6,1,8,-1,-1,-1,5,1
2013440277487,2,9,0,13,0,0,0,0,0,0,0,1,6,2,6,1360,1,12,6,1
2013440277710,1,9,0,18,0,0,0,0,1,7,1,1,6,1,11,1389,1,16,5,1
2013440277758,1,9,0,18,0,0,0,0,0,0,4,1,6,1,9,1396,1,8,3,1
2013440277868,1,9,0,2,0,0,0,0,0,0,3,1,6,1,10,1198,1,10,10,3
2013440277868,2,1,0,14,0,0,0,0,0,0,1,1,6,1,4,-1,-1,-1,5,1
2013440277888,1,9,0,4,0,0,0,0,0,0,2,1,6,1,7,1968,2,4,8,3
2013440277888,2,9,0,18,0,0,0,0,0,0,1,1,6,2,4,1299,1,14,5,1
2013440277962,1,9,0,18,0,1,1,0,0,0,1,1,6,1,8,2497,1,6,9,1
2013440277962,2,19,0,4,0,1,0,0,0,0,2,1,6,1,8,2299,2,3,7,1
2013440277962,3,9,0,4,0,1,0,0,0,0,2,1,6,1,8,1988,1,13,10,1
2013440277962,4,9,0,4,0,1,0,0,0,0,2,1,6,1,6,1560,2,1,4,1
2013440277967,1,9,0,18,0,8,0,0,0,0,2,1,6,2,7,1968,2,6,10,3
2013440277967,2,9,0,18,0,8,0,0,0,0,1,1,6,3,-1,-1,-1,-1,-1,-1
2013440277974,1,9,0,17,0,8,0,0,0,0,1,1,6,2,8,-1,-1,-1,8,3
2013440277974,2,1,0,18,0,8,0,0,0,0,1,1,6,1,8,-1,-1,-1,10,3
2013440278029,1,9,0,3,0,1,0,0,0,0,2,1,6,2,8,1896,2,7,8,1
2013440278029,2,9,0,4,0,8,0,0,0,0,4,1,6,2,8,1988,1,8,6,1
2013440278029,3,9,0,18,0,1,0,0,0,0,1,1,6,2,11,3300,1,11,7,1
2013440278056,1,9,0,9,0,8,0,0,0,0,1,1,6,1,6,1796,1,15,3,1
2013440278056,2,5,0,18,0,8,1,0,1,10,1,1,6,1,5,899,1,15,7,2
2013440278065,1,9,0,18,0,0,0,0,0,0,1,1,2,1,7,1995,2,13,4,1
2013440278065,2,19,0,18,0,0,0,0,0,0,1,1,6,1,10,-1,-1,-1,7,1
2013440278107,1,1,0,7,0,8,0,0,0,0,1,1,6,2,2,-1,-1,-1,5,1
2013440278107,2,9,0,18,0,8,0,0,0,0,3,1,2,2,8,1997,2,6,9,3
2013440278156,1,9,0,9,0,8,0,0,0,0,1,1,2,1,8,2487,2,13,7,2
2013440278156,2,5,0,14,0,8,0,0,0,0,1,1,2,1,4,675,1,3,6,1
2013440278271,1,9,0,9,0,8,0,0,0,0,4,1,6,1,6,1299,1,13,6,1
2013440278271,2,9,0,18,0,8,0,0,0,0,1,1,6,1,6,2000,2,8,9,1
2013440278321,1,3,0,18,0,0,0,0,1,9,1,1,6,1,4,124,1,18,8,1
2013440278422,1,9,0,18,0,0,0,0,1,3,1,1,6,1,8,2446,2,13,7,3
2013440278445,1,9,0,4,0,0,0,0,0,0,2,1,6,3,-1,-1,-1,-1,-1,-1
2013440278445,2,1,0,18,0,0,0,0,0,0,1,1,6,2,6,-1,-1,-1,7,1
2013440278529,1,9,0,1,0,8,0,0,0,0,2,1,6,1,8,1796,1,9,6,1
2013440278569,1,9,0,18,0,1,0,0,0,0,3,1,6,1,10,1598,1,9,7,1
2013440278569,2,1,0,7,0,8,0,0,0,0,1,1,6,1,2,-1,-1,-1,6,3
2013440278952,1,9,0,18,0,8,0,9,3,10,1,1,6,1,6,1998,1,13,7,1
2013440279192,1,9,0,16,0,0,0,0,0,0,2,1,6,2,-1,998,1,13,6,1
2013440279192,2,9,0,16,0,0,0,0,0,0,1,1,6,1,7,1364,1,8,5,1
2013440279352,1,9,0,13,0,0,0,0,0,0,4,1,6,3,-1,1560,2,3,-1,-1
2013440279352,2,1,0,18,0,0,0,0,0,0,3,1,6,1,9,-1,-1,-1,9,1
2013440279445,1,3,0,9,0,8,1,0,0,0,0,1,6,1,5,124,1,10,4,1
2013440279515,1,9,0,9,0,8,0,0,0,0,4,1,6,1,5,1242,1,7,5,1
2013440279515,2,5,0,18,0,8,1,0,0,0,1,1,6,1,6,124,1,-1,4,1
2013440279525,1,9,0,9,0,8,0,0,0,0,2,1,1,1,5,-1,-1,-1,8,1
2013440279525,2,5,0,13,0,8,0,0,7,4,1,1,1,1,7,1170,1,4,4,1
2013440279552,1,19,0,18,0,0,0,0,0,0,4,1,6,1,-1,-1,-1,-1,-1,-1
2013440279553,1,9,0,16,0,0,1,0,1,0,1,1,6,1,5,1990,1,18,8,3
2013440279553,2,9,0,18,0,0,0,0,0,0,1,1,6,2,10,2500,2,13,9,3
2013440279595,1,3,0,13,0,1,0,0,0,0,1,1,2,1,6,125,1,3,2,1
2013440279595,2,9,0,9,0,6,0,0,0,0,3,1,6,2,6,1360,1,13,5,1
2013440279595,3,9,0,2,0,1,0,0,0,0,3,1,6,1,8,1989,1,13,-1,-1
2013440279698,1,9,0,18,0,0,0,7,0,0,4,1,6,1,11,1997,2,10,7,1
2013440279699,1,9,0,17,0,0,2,0,7,4,1,1,6,2,4,954,1,18,6,3
2013440279743,1,9,0,17,0,0,2,0,1,4,1,1,6,2,4,1596,1,7,8,2
2013440279778,1,5,0,7,0,8,1,0,1,0,4,1,6,1,4,599,1,1,6,1
2013440279893,1,9,0,18,0,8,0,0,0,0,1,1,6,1,4,1242,1,12,8,1
2013440280699,1,9,0,5,0,8,0,0,0,0,1,1,6,2,7,973,1,11,5,1
2013440280699,2,1,0,9,0,8,0,0,0,0,1,1,6,1,6,-1,-1,-1,10,1
2013440280889,1,9,0,17,0,0,0,0,0,0,1,1,6,2,-1,1364,1,3,4,1
2013440280889,2,9,0,17,0,0,0,0,0,0,2,1,6,1,7,2987,2,3,10,1
2013440281053,1,9,0,4,0,0,0,0,0,0,0,1,6,3,-1,2290,1,16,-1,-1
2013440281053,2,9,0,14,0,0,0,0,0,0,4,1,6,1,5,1598,1,8,5,1
2013440281053,3,5,0,18,0,0,0,0,4,6,3,1,6,1,8,955,1,12,7,1
2013440281115,1,9,0,18,0,0,0,0,0,0,4,1,6,2,10,-1,-1,-1,6,1
2013440281328,1,9,0,13,0,0,0,0,0,0,1,1,2,1,5,1199,1,9,2,1
2013440281328,2,21,0,18,0,0,1,0,0,0,1,1,6,1,9,11946,2,6,5,1
2013440281328,3,9,0,18,0,0,2,0,0,0,1,1,2,1,7,1686,2,9,10,2
2013440281412,1,19,0,3,0,8,0,0,0,0,1,1,1,1,6,1753,2,9,8,3
2013440281412,2,9,0,8,0,8,0,0,0,0,2,1,6,2,5,1595,1,12,8,1
2013440281768,1,9,0,18,0,0,0,0,0,0,1,1,6,2,7,1951,2,9,1,1
2013440281768,2,1,0,18,0,0,0,0,0,0,1,1,6,1,2,-1,-1,-1,2,1
2013440281955,1,9,0,18,0,8,0,0,0,0,1,1,6,1,9,2993,2,1,8,3
2013440281955,2,9,0,18,0,8,0,0,7,4,4,1,6,1,11,1998,1,11,10,3
2013440282008,1,9,0,18,0,8,0,0,0,0,1,1,6,1,8,1242,1,7,4,1
2013440282008,2,9,0,9,0,8,0,0,0,0,3,1,6,1,-1,2401,2,4,-1,-1
2013440282151,1,9,0,5,0,0,0,0,0,0,1,1,6,1,9,2148,2,9,2,1
2013440282151,2,9,0,18,0,0,0,0,0,0,4,1,6,1,7,1587,1,8,1,1
2013440282206,1,9,0,9,0,8,0,0,0,0,1,1,6,2,8,1596,1,10,10,1
2013440282206,2,1,0,18,0,8,0,0,0,0,2,1,6,1,4,-1,-1,-1,10,2
2013440282226,1,9,0,4,0,0,0,0,0,0,1,1,2,2,5,1389,1,11,1,1
2013440282226,2,9,0,4,0,0,0,0,0,0,2,1,2,2,7,1199,1,11,7,1
2013440282251,1,9,0,18,0,8,0,0,0,0,1,1,2,2,7,2088,2,15,10,1
2013440282251,2,9,0,18,0,8,0,0,0,0,1,1,6,1,8,-1,-1,-1,-1,-1
2013440282276,1,9,0,3,0,8,0,0,0,0,2,1,2,3,-1,1198,1,3,-1,-1
2013440282276,2,11,0,18,0,8,0,0,0,0,1,1,1,3,-1,4500,2,6,-1,-1
2013440282509,1,2,0,4,0,8,0,10,0,0,1,1,6,3,-1,-1,-1,-1,-1,-1
2013440282509,2,2,0,18,0,8,0,0,0,11,1,1,6,1,4,49,1,3,7,1
2013440282851,1,9,0,5,0,8,0,0,0,0,1,1,6,1,8,1248,2,1,3,1
2013440282851,2,9,0,18,0,8,0,0,0,0,4,1,6,2,7,1998,1,22,7,1
2013440283031,1,3,0,18,0,8,1,0,0,0,3,1,2,1,9,124,1,10,1,1
2013440283052,1,9,0,9,0,8,0,0,0,0,1,1,6,1,11,1956,2,4,-1,-1
2013440283052,2,1,0,18,0,8,0,0,0,0,4,1,6,2,9,-1,-1,-1,5,1
2013440283149,1,9,0,18,0,8,0,0,0,0,4,1,6,2,11,1299,1,13,4,1
2013440283149,2,9,0,9,0,8,0,0,0,0,1,1,6,2,11,996,1,3,9,1
2013440283189,1,9,0,18,0,0,0,0,0,0,3,1,6,1,-1,1398,1,11,6,1
2013440283189,2,9,0,18,0,0,0,0,0,0,1,1,6,2,4,973,1,13,8,2
2013440283257,1,9,0,7,0,8,0,0,0,0,4,1,1,1,6,-1,-1,-1,6,1
2013440283257,2,1,0,17,0,8,1,0,0,0,3,1,2,1,7,-1,-1,-1,9,1
2013440283273,1,9,0,9,0,8,0,0,0,0,1,1,1,1,6,-1,-1,-1,4,1
2013440283273,2,5,0,18,0,8,1,0,0,0,2,1,6,1,6,599,1,12,1,1
2013440283543,1,9,0,1,0,8,0,0,0,0,2,1,6,1,11,1360,1,9,10,1
2013440283543,2,1,0,18,0,8,0,0,0,0,4,1,6,1,6,-1,-1,-1,2,1
2013440283582,1,9,0,18,0,0,0,0,0,0,1,1,6,2,6,1795,1,13,1,1
2013440284372,1,19,0,2,0,8,0,0,0,0,2,1,1,1,7,-1,-1,-1,7,1
2013440284372,2,9,0,17,0,8,0,0,0,0,1,2,6,1,5,-1,-1,-1,-1,-1
2013440284411,1,5,0,18,0,8,1,0,0,0,3,1,1,1,6,599,1,7,8,1
2013440284411,2,9,0,9,0,8,0,0,0,0,1,1,6,1,-1,2497,1,7,2,1
2013440284506,1,9,0,17,0,0,1,0,7,0,3,1,2,1,5,1360,1,11,5,1
2013440284506,2,9,0,16,0,0,0,0,0,0,1,1,6,1,8,1896,2,9,8,3
2013440284771,1,9,0,18,0,8,0,0,0,0,4,1,6,2,8,1597,1,13,5,1
2013440284779,1,9,0,4,0,0,0,0,0,0,2,1,6,2,9,998,1,6,6,3
2013440284779,2,9,0,18,0,0,0,0,0,0,1,1,6,1,10,1398,2,9,6,1
2013440284858,1,9,0,18,0,8,0,0,0,0,4,1,6,2,4,1149,1,17,5,1
2013440284858,2,1,0,18,0,8,0,0,0,0,1,1,6,1,3,-1,-1,-1,4,1
2013440284883,1,9,0,16,0,0,2,0,1,0,4,1,6,1,7,1390,1,8,6,1
2013440284924,1,9,0,4,0,1,0,0,0,0,1,1,6,2,5,1598,1,10,9,1
2013440284924,2,1,0,18,0,1,0,0,0,0,2,1,6,1,7,-1,-1,-1,9,1
2013440284981,1,9,0,18,0,8,0,0,0,0,4,1,6,1,4,-1,-1,-1,9,1