Accident_Index,Vehicle_Reference,Vehicle_Type,Towing_and_Articulation,Vehicle_Manoeuvre,Vehicle_Location-Restricted_Lane,Junction_Location,Skidding_and_Overturning,Hit_Object_in_Carriageway,Vehicle_Leaving_Carriageway,Hit_Object_off_Carriageway,1st_Point_of_Impact,Was_Vehicle_Left_Hand_Drive?,Journey_Purpose_of_Driver,Sex_of_Driver,Age_Band_of_Driver,Engine_Capacity_(CC),Propulsion_Code,Age_of_Vehicle,Driver_IMD_Decile,Driver_Home_Area_Type
2013440284981,2,9,0,9,0,8,0,0,0,0,1,1,6,1,8,1598,1,4,9,3
2013440284981,3,9,0,18,0,8,0,0,0,0,1,1,6,2,4,1248,2,1,-1,-1
2013440284988,1,2,0,9,0,8,0,0,0,0,1,1,6,1,4,49,1,5,2,1
2013440284988,2,9,0,6,0,8,0,0,0,0,3,1,6,2,-1,1598,1,9,-1,-1
2013440285038,1,9,0,3,0,0,0,0,0,0,2,1,2,1,7,3800,1,1,7,1
2013440285038,2,9,0,16,0,0,0,0,0,0,1,1,2,1,6,1998,1,7,3,1
2013440285216,1,19,0,18,0,0,0,0,0,0,3,1,6,3,-1,-1,-1,-1,-1,-1
2013440285216,2,9,0,18,0,0,0,0,0,0,3,1,6,2,6,2184,2,12,6,3
2013440285344,1,9,0,9,0,8,0,0,0,0,4,1,1,1,-1,1968,2,3,7,1
2013440285415,1,3,0,18,0,0,1,11,1,2,1,1,6,1,4,125,1,4,5,1
2013440285626,1,1,0,9,0,8,1,0,0,0,3,1,2,1,7,-1,-1,-1,6,1
2013440285626,2,9,0,5,0,8,0,0,0,0,1,1,2,2,-1,1299,1,11,7,1
2013440285724,1,9,0,18,0,1,0,0,0,0,1,1,1,1,4,1596,1,5,10,1
2013440285724,2,9,0,10,0,8,0,0,0,0,2,1,1,1,6,1587,1,11,10,1
2013440285724,3,9,0,10,0,8,0,0,0,0,2,1,6,2,7,1997,1,6,10,1
2013440285851,1,11,0,14,0,0,0,0,0,0,4,1,1,1,8,6370,2,7,7,1
2013440285851,2,19,0,2,9,0,0,0,0,0,2,1,6,1,8,2299,2,-1,-1,-1
2013440285904,1,9,0,1,0,0,0,0,0,0,2,1,6,1,11,1461,2,4,3,1
2013440285911,1,9,0,1,0,0,0,0,0,0,2,1,6,1,8,1197,1,1,10,1
2013440286456,1,11,0,18,0,2,0,0,0,0,1,1,1,2,7,9000,2,5,9,1
2013440286481,1,9,0,4,0,0,1,0,0,0,1,1,6,1,8,1598,1,15,4,1
2013440286481,2,9,0,4,0,0,0,0,0,0,2,1,6,2,6,1149,1,5,2,1
2013440286481,3,9,0,4,0,0,0,0,0,0,2,1,6,1,7,1995,2,-1,6,1
2013440286486,1,9,0,1,0,8,0,0,0,0,2,1,6,2,11,2319,1,14,7,2
2013440286497,1,9,0,18,0,1,0,0,0,0,1,1,6,1,5,1199,1,12,2,1
2013440286497,2,5,0,3,0,1,0,0,0,0,2,1,6,1,6,748,1,9,1,1
2013440286509,1,9,0,3,0,8,0,0,0,0,1,1,2,2,7,1299,1,10,8,3
2013440286509,2,9,0,5,0,8,0,0,0,0,2,1,2,2,8,1242,1,-1,8,3
2013440286534,1,9,0,9,0,8,0,0,0,0,4,1,6,2,6,-1,-1,-1,4,1
2013440286534,2,9,0,18,0,8,0,0,0,0,1,1,6,1,9,1686,2,13,3,1
2013440286547,1,22,0,18,0,8,0,0,1,0,0,1,6,2,9,-1,-1,-1,3,1
2013440287167,1,9,0,9,0,8,0,0,0,0,4,1,6,1,5,2996,1,6,7,1
2013440287167,2,1,0,18,0,8,0,0,0,0,1,1,6,1,7,-1,-1,-1,4,1
2013440287298,1,9,0,17,0,8,1,0,0,0,3,1,1,1,7,1796,1,16,10,1
2013440287298,2,9,0,17,0,8,0,0,0,0,1,1,1,1,6,-1,-1,-1,6,2
2013440287328,1,2,0,15,4,8,1,0,0,0,3,1,1,2,7,49,1,11,6,1
2013440287328,2,20,0,7,0,8,0,0,0,0,4,1,1,1,7,2402,2,12,5,1
2013440287334,1,4,0,14,0,1,1,0,0,0,0,1,6,1,4,498,1,14,6,2
2013440287600,1,19,0,16,0,8,0,0,0,0,1,1,1,1,7,2464,2,3,6,1
2013440287600,2,19,0,17,0,8,0,0,0,0,1,1,1,1,10,1997,2,7,9,3
2013440287625,1,9,0,18,0,8,0,0,0,0,2,1,6,1,4,1149,1,13,10,2
2013440287625,2,19,0,18,0,8,0,0,0,0,1,1,6,1,6,-1,-1,-1,5,1
2013440287665,1,1,0,14,0,0,0,0,0,0,1,1,6,1,8,-1,-1,-1,3,1
2013440287665,2,19,0,2,0,0,0,0,0,0,3,1,6,1,9,1248,2,1,10,1
2013440287689,1,9,0,18,0,8,0,0,1,4,1,1,6,2,10,1386,1,7,4,1
2013440287689,2,9,0,2,0,2,0,0,0,0,2,1,6,1,-1,1796,1,12,4,1
2013440287696,1,19,0,18,0,0,0,0,0,0,1,1,6,2,9,2461,2,10,5,1
2013440287868,1,8,0,4,0,8,0,0,0,0,4,1,1,2,7,1896,2,6,7,1
2013440287868,2,9,0,18,0,8,0,0,0,0,1,1,6,1,-1,1388,1,5,-1,-1
2013440287884,1,9,0,16,0,0,0,0,7,11,1,1,2,1,5,-1,-1,-1,-1,-1
2013440287907,1,9,0,9,0,8,0,0,0,0,4,1,6,1,11,1595,1,14,9,1
2013440287907,2,1,0,18,0,8,1,0,0,0,2,1,1,1,8,-1,-1,-1,7,1
2013440287913,1,9,0,7,0,8,0,0,0,0,1,1,6,1,9,1229,1,5,3,1
2013440287929,1,1,0,17,0,8,0,0,0,0,4,1,6,2,6,-1,-1,-1,5,1
2013440287929,2,9,0,5,0,8,0,0,0,0,1,1,6,3,-1,-1,-1,-1,-1,-1
2013440287971,1,9,0,3,0,0,0,0,0,0,1,1,6,1,7,1968,2,6,9,1
2013440287971,2,9,0,18,0,0,0,7,0,0,1,1,6,1,11,1595,1,7,-1,-1
2013440288034,1,2,0,9,0,8,1,0,0,0,4,1,1,1,7,49,1,2,2,1
2013440288221,1,9,0,18,0,0,2,12,1,7,4,1,6,1,7,-1,-1,-1,4,2
2013440288444,1,9,0,6,0,8,0,0,0,0,1,1,2,1,6,1998,2,10,4,1
2013440288444,2,1,0,18,0,8,0,0,0,0,1,1,6,1,8,-1,-1,-1,5,1
2013440288645,1,9,0,18,0,8,2,0,7,0,0,1,6,1,4,1149,1,17,2,1
2013440288997,1,9,0,18,0,0,1,0,7,0,3,1,6,1,6,1587,1,11,4,1
2013440288998,1,9,0,18,0,8,0,0,0,0,4,1,6,3,-1,2387,2,13,-1,-1
2013440288998,2,1,0,18,0,8,0,0,0,0,3,1,6,1,7,-1,-1,-1,8,1
2013440289074,1,9,0,18,0,0,0,0,0,0,1,1,6,1,8,1991,2,9,10,1
2013440289074,2,9,0,3,0,0,0,0,0,0,2,1,6,2,4,998,1,13,10,1
2013440289106,1,9,0,18,0,8,0,0,0,0,1,1,6,2,7,1587,1,12,6,1
2013440289106,2,9,0,9,0,8,0,0,0,0,1,1,6,1,7,1900,2,15,6,1
2013440289347,1,9,0,5,0,8,0,0,0,0,1,1,6,1,8,1997,2,8,10,1
2013440289347,2,3,0,18,0,8,1,0,8,10,4,1,6,1,10,125,1,2,6,1
2013440289402,1,9,0,18,0,8,5,0,0,1,1,1,6,1,5,1364,1,3,9,1
2013440289537,1,9,0,18,0,8,0,0,0,0,1,1,6,1,6,1988,1,10,6,1
2013440289822,1,9,0,18,0,8,0,0,0,0,3,1,6,1,5,1798,1,12,6,1
2013440289822,2,1,0,18,0,8,0,0,0,0,1,1,6,1,4,-1,-1,-1,10,1
2013440289885,1,3,0,18,0,0,0,0,0,0,1,1,6,1,5,124,1,12,9,2
2013440290323,1,5,0,18,0,0,0,0,5,6,1,1,6,1,6,749,1,8,5,1
2013440290468,1,5,0,16,0,0,0,0,0,0,1,1,6,1,9,999,1,2,7,1
2013440290468,2,9,0,17,0,0,0,0,0,0,1,1,6,1,6,1796,1,13,7,3
2013440290691,1,9,0,18,0,0,5,0,1,2,1,1,6,2,9,2204,2,7,8,1
2013440290732,1,9,0,18,0,8,0,0,0,0,4,1,6,1,-1,-1,-1,-1,10,1
2013440290732,2,1,0,18,0,8,0,0,0,0,1,1,6,1,2,-1,-1,-1,5,1
2013440290817,1,5,0,18,0,8,1,10,0,0,4,1,6,1,8,998,1,2,7,1
2013440290968,1,1,0,18,0,0,0,0,1,0,4,1,6,1,8,-1,-1,-1,4,1
2013440291047,1,9,0,17,0,0,1,0,7,4,3,1,6,1,4,1199,1,10,10,1
2013440291264,1,1,0,18,0,2,0,0,0,0,1,1,6,1,7,-1,-1,-1,9,1
2013440291264,2,9,0,2,0,2,0,0,0,0,3,1,6,3,-1,1896,2,8,-1,-1
2013440291454,1,9,0,6,0,8,0,0,7,0,3,1,2,1,6,1124,1,11,5,1
2013440291454,2,5,0,13,0,8,0,0,7,0,1,1,2,1,8,2294,1,1,5,1
2013440291542,1,19,0,1,0,0,0,0,0,0,2,1,1,1,6,2198,2,1,1,1
2013440291682,1,9,0,9,0,8,0,0,0,0,0,1,6,3,-1,-1,-1,-1,-1,-1
2013440291682,2,1,0,18,0,8,0,0,0,0,0,1,6,1,4,-1,-1,-1,7,2
2013440291760,1,9,0,16,0,0,0,0,0,0,1,1,6,2,6,1896,2,6,10,2
2013440291760,2,21,0,17,0,0,1,0,0,0,1,1,1,1,9,12580,2,9,10,1
2013440291779,1,9,0,9,0,8,0,0,0,0,2,1,6,1,5,2198,1,8,2,1
2013440291779,2,3,0,13,0,8,0,0,0,0,4,1,6,1,5,124,1,3,8,1
2013440292153,1,9,0,4,0,8,0,0,0,0,2,1,6,2,8,1598,1,9,10,1
2013440292153,2,9,0,4,0,8,0,0,0,0,1,1,6,2,11,1587,1,10,10,1
2013440292163,1,3,0,18,0,1,1,0,0,0,1,1,6,1,7,124,1,10,4,1
2013440292163,2,9,0,9,0,6,0,0,0,0,3,1,6,2,6,3199,1,7,4,1
2013440292172,1,19,0,18,0,8,0,0,0,0,1,1,1,1,9,-1,2,10,10,1
2013440292172,2,9,0,5,0,8,0,0,0,0,3,1,6,1,7,2401,2,7,7,1
2013440292266,1,3,0,18,0,1,1,0,0,0,4,1,6,1,4,125,1,5,2,1
2013440292266,2,9,0,18,0,2,0,0,0,0,2,1,2,2,6,1997,2,5,9,1
2013440292363,1,9,0,3,0,0,0,0,0,0,2,1,6,2,5,1997,2,8,3,1
2013440292363,2,9,0,18,0,0,0,0,0,0,1,1,6,1,-1,-1,-1,-1,4,1
2013440292363,3,9,0,3,0,0,0,0,0,0,2,1,6,1,7,1275,1,14,7,2
2013440292364,1,2,0,4,0,1,1,0,0,0,0,1,6,1,4,49,1,2,10,1
2013440292393,1,9,0,17,0,0,2,0,1,11,1,1,6,2,4,1388,1,15,7,3
2013440292393,2,9,0,2,0,0,0,0,0,0,1,1,6,2,9,1596,1,1,-1,-1
2013440292469,1,9,0,18,0,1,0,0,0,0,1,1,6,2,6,1796,1,13,2,1
2013440292469,2,9,0,9,0,1,0,0,0,0,2,1,6,1,7,1560,2,7,2,1
2013440292641,1,9,0,18,0,0,0,0,0,0,1,1,6,1,8,1748,1,19,5,1
2013440292641,2,21,0,18,0,0,0,0,0,0,2,1,6,3,-1,-1,-1,-1,-1,-1
2013440293073,1,9,0,10,0,1,0,0,0,0,2,1,6,2,6,1242,1,11,10,1
2013440293073,2,9,0,18,0,1,0,0,0,0,1,1,6,3,-1,1796,1,10,-1,-1
2013440293106,1,9,0,18,0,0,0,0,0,0,1,1,1,1,8,1956,2,3,4,2
2013440293106,2,1,0,18,0,0,0,0,0,0,1,1,6,1,4,-1,-1,-1,1,1
2013440293204,1,10,0,4,0,1,0,0,0,0,2,1,1,1,8,-1,-1,-1,2,1
2013440293204,2,9,0,18,0,1,0,0,0,0,1,1,6,2,10,1398,1,2,9,1
2013440293411,1,1,0,18,0,0,0,0,0,0,1,1,6,1,2,-1,-1,-1,5,1
2013440293411,2,9,0,3,0,0,0,0,0,0,2,1,6,2,10,1598,1,3,10,1
2013440293523,1,1,0,9,0,1,0,0,0,0,3,1,6,1,4,-1,-1,-1,2,1
2013440293523,2,3,0,18,0,1,0,0,0,0,1,1,6,1,6,102,1,10,4,1
2013440293696,1,1,0,18,0,8,0,0,0,0,4,1,6,2,3,-1,-1,-1,8,1
2013440293696,2,9,0,18,0,4,0,0,0,0,1,1,6,3,-1,-1,-1,-1,-1,-1
2013440294012,1,3,0,18,0,8,0,0,1,10,1,1,2,1,6,124,1,2,2,1
2013440294601,1,9,0,4,0,8,0,0,0,0,2,1,6,2,6,1198,1,2,10,3
2013440294601,2,9,0,18,0,8,0,0,0,0,1,1,6,3,-1,1560,2,1,-1,-1
2013440294644,1,9,0,8,0,8,0,0,0,0,2,1,6,2,8,1242,1,1,2,1
2013440294644,2,9,0,18,0,8,0,0,0,0,1,1,6,1,6,-1,-1,-1,6,3
2013440294779,1,9,0,18,0,8,0,0,0,0,1,1,6,1,6,1796,1,13,9,1
2013440294779,2,9,0,3,0,8,0,0,0,0,2,1,6,2,4,1299,1,7,10,1
2013440294867,1,9,0,18,0,8,0,0,0,0,2,1,6,2,7,1598,1,1,4,1
2013440294867,2,9,0,18,0,8,0,0,0,0,1,1,6,1,4,-1,-1,-1,4,1
2013440294995,1,9,0,9,0,8,0,0,0,0,1,1,6,1,5,1796,1,9,4,1
2013440294995,2,1,0,18,0,8,0,0,0,0,3,1,6,1,6,-1,-1,-1,4,1
2013440295222,1,5,0,18,0,8,0,0,0,0,2,1,6,1,8,-1,-1,-1,1,1
2013440295222,2,8,0,18,0,8,0,0,0,0,2,1,1,1,9,1896,2,6,1,1
2013440295328,1,9,0,18,0,1,0,0,0,0,4,1,6,3,-1,-1,-1,-1,-1,-1
2013440295470,1,9,0,18,0,0,0,0,0,0,1,1,6,1,4,1598,1,12,8,1
2013440295470,2,9,0,18,0,0,0,0,0,0,2,1,6,1,5,993,1,26,6,1
2013440295687,1,3,0,15,0,8,0,0,0,0,0,1,2,1,7,124,1,4,-1,-1
2013440295687,2,9,0,18,0,8,0,0,0,0,0,1,2,1,7,1989,1,14,-1,-1
2013440295768,1,5,0,3,0,1,0,0,0,0,2,1,2,1,6,599,1,6,-1,-1
2013440295768,2,9,0,5,0,1,0,0,0,0,1,1,2,1,6,2300,1,14,3,1
2013440295788,1,9,0,9,0,8,0,0,0,0,1,1,1,2,9,1199,1,13,10,3
2013440295788,2,9,0,9,0,8,0,0,0,0,3,1,1,2,5,998,1,5,10,1
2013440296074,1,9,0,3,0,8,0,0,0,0,2,1,6,2,-1,1984,2,3,10,1
2013440296074,2,9,0,3,0,8,0,0,0,0,2,1,6,2,5,1998,1,10,7,1
2013440296074,3,9,0,3,0,8,0,0,0,0,1,1,6,1,6,1997,1,11,8,3
2013440296074,4,9,0,9,0,8,0,0,0,0,0,1,6,1,-1,-1,-1,-1,-1,-1
2013440296096,1,9,0,18,0,8,0,0,1,10,3,1,1,1,6,-1,-1,-1,1,1
2013440296096,2,19,0,9,0,8,0,0,0,0,4,1,1,1,7,2494,2,6,7,1
2013440296438,1,9,0,18,0,0,0,0,0,9,2,1,6,2,4,1124,1,9,9,3
2013440296438,2,9,0,18,0,0,0,0,0,0,1,1,6,2,8,1086,1,9,8,1
2013440296735,1,2,0,18,0,8,0,0,0,0,1,1,6,1,4,49,1,4,4,1
2013440296735,2,9,0,4,0,8,0,0,0,0,2,1,6,2,5,1798,1,7,4,1
2013440297149,1,9,0,18,0,0,0,0,1,4,1,1,2,2,4,1120,1,19,9,3
2013440297640,1,3,0,5,0,1,0,0,0,0,2,1,1,2,5,124,1,-1,8,1
2013440297640,2,9,0,5,0,1,0,0,0,0,1,1,1,2,5,1248,2,6,4,1
2013440297656,1,19,0,9,0,8,0,0,0,0,1,1,1,1,5,2143,2,1,7,1
2013440297656,2,9,0,18,0,8,0,0,0,0,1,1,6,2,8,1242,1,4,10,2
2013440297730,1,19,0,16,0,0,0,0,0,0,4,1,1,1,7,2198,2,-1,4,1
2013440298137,1,9,0,3,0,0,0,0,0,0,2,1,6,2,7,1796,1,10,6,1
2013440298137,2,9,0,4,0,0,0,0,0,0,2,1,1,1,6,1108,1,7,10,1
2013440298137,3,9,0,4,0,0,1,0,0,0,1,1,6,1,6,1910,2,5,1,1
2013440298178,1,11,0,18,0,0,0,0,0,0,4,1,1,1,-1,-1,-1,-1,-1,-1
2013440298287,1,9,0,18,0,8,0,0,0,0,4,1,6,2,9,1461,2,3,6,1
2013440298287,2,19,0,18,0,8,0,0,0,0,1,1,6,1,-1,1753,2,10,6,1
2013440298581,1,9,0,18,0,0,0,0,0,0,3,1,6,1,4,1999,1,10,7,3
2013440298587,1,9,0,18,0,0,0,0,0,0,1,1,6,2,5,1968,2,3,3,1
2013440298682,1,9,0,18,0,0,0,0,0,0,4,1,6,1,11,1298,1,10,10,1
2013440298682,2,1,0,18,0,0,0,0,0,0,3,1,6,1,6,-1,-1,-1,10,1
2013440298812,1,9,0,5,0,0,0,0,7,4,1,1,6,1,6,1242,1,11,6,3
2013440298845,1,19,0,18,0,0,0,0,0,0,1,1,2,1,7,2198,2,6,8,3
2013440298845,2,1,0,18,0,0,0,0,0,0,4,1,6,2,4,-1,-1,-1,8,1
2013440298940,1,9,0,2,0,2,0,0,0,0,3,1,6,1,-1,1199,1,14,5,1
2013440298940,2,1,0,18,0,8,0,0,0,0,1,1,6,1,7,-1,-1,-1,4,1
2013440299059,1,1,0,18,0,8,0,0,0,0,2,1,6,1,4,-1,-1,-1,5,1
2013440299059,2,9,0,9,0,8,0,0,0,0,1,1,6,1,7,1461,2,10,5,1
2013440299079,1,9,0,9,0,8,0,0,0,0,3,1,6,1,4,1991,1,15,7,1
2013440299079,2,3,0,13,0,8,0,0,7,0,4,1,2,1,6,125,1,7,3,1
2013440299724,1,9,0,16,0,0,0,0,0,0,1,1,2,1,8,-1,-1,-1,10,2
2013440299815,1,9,0,18,0,0,0,0,0,0,1,1,6,2,9,2996,1,5,9,1
2013440299815,2,1,0,5,0,0,0,0,0,0,3,1,6,1,5,-1,-1,-1,9,1
2013440299941,1,4,0,18,0,8,0,0,0,0,1,1,6,1,10,398,1,21,9,1
2013440299941,2,9,0,9,0,8,0,0,0,0,4,1,6,1,-1,1388,1,15,-1,-1
2013440300084,1,9,0,4,0,0,0,0,0,0,2,1,6,1,8,1199,2,-1,7,1
2013440300084,2,9,0,4,0,0,0,0,0,0,2,1,6,2,5,1229,1,5,2,1
2013440300084,3,9,0,18,0,0,1,0,0,0,1,1,6,1,6,1390,1,12,5,1
2013440300236,1,9,0,18,0,0,1,0,4,0,3,1,6,2,7,1588,1,12,4,1
2013440300236,2,9,0,12,0,0,0,0,0,0,0,1,6,3,-1,-1,-1,-1,-1,-1
2013440300310,1,9,0,4,0,0,0,0,0,0,2,1,6,2,9,1968,2,8,5,1
2013440300310,2,9,0,18,0,0,0,0,0,0,1,1,6,1,-1,1590,1,15,-1,-1
2013440300779,1,8,0,9,0,8,0,0,0,0,1,1,1,1,7,1997,2,2,3,1
2013440301115,1,9,0,16,0,0,0,0,1,4,1,1,6,1,5,1124,1,16,4,2
2013440301248,1,9,0,7,0,6,0,0,0,0,1,1,2,1,8,-1,-1,-1,4,1
2013440301248,2,1,0,18,0,1,0,0,0,0,4,1,6,2,7,-1,-1,-1,6,1
2013440301475,1,9,0,18,0,0,1,0,1,9,3,1,6,2,9,1396,1,9,8,1
2013440301553,1,9,0,4,0,0,0,0,0,0,1,1,6,1,4,1124,1,12,10,2
2013440301553,2,9,0,16,0,0,1,0,0,0,1,1,6,3,9,1360,1,12,5,1
2013440301556,1,9,0,18,0,1,0,0,0,0,3,1,6,2,9,1798,1,10,1,1
2013440301556,2,9,0,18,0,2,0,0,0,0,3,1,6,1,6,1910,2,8,4,1
2013440301752,1,9,0,18,0,0,0,10,0,0,4,1,6,1,9,1895,1,13,6,1
2013440301838,1,9,0,5,0,8,0,0,0,0,3,1,6,1,5,1198,1,10,-1,-1
2013440301838,2,1,0,5,0,8,0,0,0,0,1,1,6,1,7,-1,-1,-1,2,1
2013440301933,1,3,0,4,0,0,1,0,0,0,0,1,6,1,4,125,1,19,10,2
2013440301974,1,9,0,4,0,8,0,0,0,0,2,1,6,1,7,1400,2,7,10,1
2013440301974,2,9,0,18,0,8,0,0,0,0,1,1,6,1,6,1984,1,12,4,1
2013440301974,3,9,0,18,0,8,0,0,0,0,3,1,6,2,6,1796,1,12,10,3
2013440301987,1,9,0,5,0,0,0,0,0,0,1,1,6,1,6,-1,-1,-1,9,1
2013440301987,2,9,0,6,0,0,0,4,0,0,3,1,6,2,7,1560,2,-1,4,1
2013440301987,3,9,0,2,0,0,0,0,0,0,3,1,6,1,6,1997,2,10,1,1
2013440302080,1,9,0,18,0,0,0,0,1,0,4,1,6,1,8,1686,2,9,4,1
2013440302080,2,9,0,18,0,0,0,0,0,0,3,1,6,1,9,1870,2,7,-1,-1
2013440302080,3,9,0,2,0,0,0,0,0,0,3,1,6,2,6,1996,1,12,5,1
2013440302194,1,3,0,13,0,8,1,0,1,0,1,1,2,1,6,125,1,2,2,1
2013440302194,2,9,0,9,0,8,0,0,0,0,0,1,6,3,-1,-1,-1,-1,-1,-1
2013440302357,1,9,0,18,0,0,0,0,0,0,4,1,6,1,-1,1995,1,9,-1,-1
2013440302764,1,9,0,18,0,0,1,0,0,6,3,1,6,2,6,1360,1,10,6,1
2013440302764,2,21,0,12,0,0,0,0,0,0,0,1,1,1,-1,-1,-1,-1,-1,-1
2013440303347,1,9,0,18,0,0,0,0,0,0,1,1,2,2,6,1900,2,6,7,3
2013440303376,1,1,0,18,0,1,0,0,0,0,4,1,6,1,8,-1,-1,-1,4,1
2013440303387,1,9,0,9,0,6,0,0,0,0,3,1,6,1,6,1686,2,5,2,1
2013440303387,2,9,0,18,0,1,0,0,0,0,1,1,6,3,-1,-1,-1,-1,-1,-1
2013440303452,1,9,0,18,0,0,0,0,0,0,4,1,6,1,7,2495,2,11,-1,-1
2013440303795,1,1,0,18,0,8,0,0,0,0,1,1,1,1,6,-1,-1,-1,4,1
2013440303795,2,9,0,7,0,8,0,0,0,0,4,1,6,2,7,-1,-1,-1,4,1
2013440303900,1,9,0,4,0,0,0,0,0,0,2,1,1,1,8,3993,1,-1,10,3
2013440303900,2,9,0,4,0,0,0,0,0,0,1,1,1,1,7,1229,1,1,5,1
2013440303900,3,9,0,4,0,0,0,0,0,0,1,1,4,1,6,1461,2,4,5,1
2013440304063,1,9,0,18,0,0,0,0,0,0,1,1,6,1,10,2494,1,16,2,1
2013440304292,1,9,0,18,0,0,0,0,0,0,4,1,6,1,4,1229,1,1,8,3
2013440304292,2,9,0,12,0,0,0,0,0,0,3,1,6,1,9,1968,2,2,7,3
2013440304450,1,21,0,18,0,0,0,0,0,0,4,1,1,1,10,7201,2,7,6,2
2013440304450,2,1,0,11,0,0,0,0,0,0,1,1,6,2,9,-1,-1,-1,4,1
2013440304589,1,9,0,18,0,0,0,0,0,0,1,1,6,1,6,1242,1,1,5,1
2013440304609,1,9,0,12,0,0,0,0,5,6,3,1,2,1,8,973,1,12,5,1
2013440304609,2,9,0,18,0,0,0,0,0,0,4,1,1,1,8,1968,2,1,9,1
2013440304869,1,5,0,4,0,0,0,0,4,0,0,1,6,1,8,1050,1,3,4,2
2013440304869,2,9,0,4,0,0,0,0,0,0,0,1,6,1,-1,-1,-1,-1,-1,-1
2013440305222,1,9,4,7,0,6,5,0,1,0,3,1,6,1,10,3059,2,17,8,1
2013440305222,2,9,0,18,0,1,0,0,0,0,1,1,6,1,6,1995,2,4,8,2
2013440305222,3,21,0,18,0,1,0,0,0,0,1,1,1,1,8,12580,2,8,5,1
2013440305446,1,9,0,6,0,0,0,0,0,0,2,1,6,1,10,1796,1,4,9,1
2013440305446,2,5,0,13,0,0,1,0,0,0,1,1,6,1,7,599,1,13,10,1
2013440305721,1,21,0,12,0,8,0,0,0,0,3,1,1,1,8,11946,2,-1,9,1
2013440305721,2,5,0,18,0,8,0,0,5,6,1,1,2,1,8,1157,1,6,1,1
2013440305758,1,9,0,5,0,8,0,0,0,0,4,1,6,1,10,1560,2,1,9,1
2013440305758,2,1,0,18,0,1,0,0,0,0,1,1,6,1,11,-1,-1,-1,6,2
2013440305878,1,9,0,17,0,0,1,0,1,4,1,1,6,1,6,1998,1,17,10,2
2013440305921,1,9,0,5,0,8,0,0,0,0,2,1,6,1,8,998,1,7,9,1
2013440305921,2,9,0,5,0,8,0,0,0,0,1,1,6,1,7,998,1,7,1,1
2013440306049,1,9,0,18,0,0,0,0,1,4,1,1,6,1,9,1997,2,12,7,3
2013440306110,1,9,0,11,0,0,0,0,1,7,4,1,1,1,9,2993,2,2,8,1
2013440306110,2,9,0,18,0,0,0,0,1,7,4,1,1,1,8,1560,2,7,4,2
2013440306452,1,9,0,18,0,8,0,0,0,0,2,1,6,1,6,-1,-1,-1,9,1
2013440306452,2,9,0,18,0,8,0,0,0,0,1,1,6,1,8,1870,2,11,4,1
2013440306611,1,9,0,18,0,0,1,0,0,0,1,1,6,1,4,1124,1,11,10,1
2013440306611,2,9,0,18,0,0,0,0,0,0,1,1,6,2,7,1998,1,9,10,1
2013440306871,1,9,0,18,0,0,0,0,1,3,1,1,6,1,4,1796,1,13,6,1
2013440306989,1,1,0,14,0,0,0,0,0,0,1,1,2,2,7,-1,-1,-1,6,1
2013440306989,2,20,0,2,0,0,0,0,0,0,4,1,1,1,-1,-1,2,4,-1,-1
2013440307018,1,9,0,4,0,1,0,0,0,0,2,1,6,2,10,1598,1,9,3,1
2013440307018,2,9,0,18,0,1,0,0,0,0,1,1,1,1,-1,-1,-1,-1,-1,-1
2013440307408,1,9,0,12,0,0,0,0,0,0,3,1,2,1,6,1598,1,9,8,1
2013440307408,2,9,0,18,0,0,0,0,0,0,4,1,6,1,6,1596,1,2,10,1
2013440307408,3,9,0,18,0,0,0,0,0,0,2,1,6,2,8,1360,1,8,5,1
2013440307564,1,9,0,18,0,8,0,0,0,0,0,1,1,3,-1,1397,1,6,-1,-1
2013440307637,1,9,0,18,0,1,0,0,0,0,3,1,6,1,9,1973,1,11,9,2
2013440307637,2,9,0,9,0,6,0,0,0,0,1,1,6,3,-1,1242,1,10,-1,-1
2013440307782,1,9,0,18,0,8,0,0,0,0,1,1,2,2,8,1560,2,8,10,2
2013440307782,2,9,0,18,0,8,0,0,0,0,1,1,6,2,5,1598,1,13,8,3
2013440307833,1,9,0,9,0,8,0,0,0,0,1,1,6,1,9,1299,1,12,9,1
2013440307833,2,1,0,9,0,8,0,0,0,0,4,1,6,1,3,-1,-1,-1,7,1
2013440307838,1,9,0,18,0,0,1,0,0,0,1,1,2,1,-1,1108,1,10,-1,-1
2013440308004,1,9,0,18,0,1,0,0,0,0,1,1,6,3,-1,-1,-1,-1,-1,-1
2013440308011,1,9,0,18,0,2,0,0,0,0,1,1,6,1,-1,1149,1,11,-1,-1
2013440308011,2,9,0,18,0,2,0,0,0,0,2,1,6,2,-1,1229,1,8,-1,-1
2013440308011,3,9,0,18,0,2,0,0,0,0,2,1,6,2,7,1461,2,2,6,1
2013440308194,1,9,0,18,0,2,0,0,0,0,1,1,2,1,5,1198,1,6,2,1
2013440308353,1,9,0,18,0,1,0,0,1,10,1,1,1,1,6,1242,1,13,5,1
2013440308383,1,9,0,18,0,8,1,0,1,7,1,1,1,2,7,1275,1,13,7,1