Accident_Index,Vehicle_Reference,Vehicle_Type,Towing_and_Articulation,Vehicle_Manoeuvre,Vehicle_Location-Restricted_Lane,Junction_Location,Skidding_and_Overturning,Hit_Object_in_Carriageway,Vehicle_Leaving_Carriageway,Hit_Object_off_Carriageway,1st_Point_of_Impact,Was_Vehicle_Left_Hand_Drive?,Journey_Purpose_of_Driver,Sex_of_Driver,Age_Band_of_Driver,Engine_Capacity_(CC),Propulsion_Code,Age_of_Vehicle,Driver_IMD_Decile,Driver_Home_Area_Type
2013440308402,1,9,0,5,0,4,0,0,0,0,1,1,1,1,6,2521,1,10,9,3
2013440308402,2,1,0,18,0,8,0,0,0,0,4,1,6,1,7,-1,-1,-1,9,1
2013440308572,1,9,0,6,0,0,0,0,0,0,1,1,6,1,6,1242,1,4,5,1
2013440308572,2,5,0,18,0,0,0,0,0,0,3,1,6,1,9,-1,-1,-1,4,1
2013440308727,1,9,0,1,0,8,0,0,0,0,2,1,1,1,-1,1998,1,19,-1,-1
2013440309050,1,9,0,18,0,0,0,0,0,0,1,1,2,3,-1,1389,1,15,-1,-1
2013440309155,1,9,0,9,0,1,0,0,3,0,4,1,2,1,5,1149,1,11,10,3
2013440309155,2,9,0,18,0,1,0,0,3,0,1,1,6,1,7,2401,2,7,9,3
2013440309181,1,9,0,12,0,0,0,0,0,0,3,1,6,2,8,1986,2,8,9,1
2013440309181,2,9,0,18,0,0,0,0,0,0,4,1,6,2,7,1868,2,13,9,1
2013440309182,1,3,0,18,0,8,1,11,1,0,1,1,6,1,4,124,1,3,9,3
2013440309335,1,9,0,9,0,8,0,0,0,0,3,1,6,2,6,1761,1,12,4,1
2013440309335,2,9,0,18,0,1,0,0,0,0,1,1,6,1,4,998,1,17,7,1
2013440309367,1,9,0,8,0,1,0,0,0,0,2,1,6,2,7,1868,2,12,10,1
2013440309367,2,9,0,18,0,1,0,0,0,0,1,1,6,3,-1,1587,1,16,-1,-1
2013440309498,1,9,0,18,0,0,0,0,0,0,0,1,6,1,6,998,1,10,3,1
2013440309498,2,9,0,18,0,0,0,0,0,0,1,1,6,1,6,698,1,7,9,1
2013440309809,1,1,0,18,0,8,0,0,0,0,4,1,2,1,9,-1,-1,-1,7,1
2013440309809,2,1,0,18,0,8,0,0,0,0,3,1,6,3,-1,-1,-1,-1,-1,-1
2013440310006,1,9,0,9,0,8,0,0,0,0,1,1,6,1,8,1798,1,5,9,1
2013440310006,2,1,0,18,0,8,0,0,0,0,4,1,6,1,8,-1,-1,-1,10,3
2013440310147,1,19,0,18,0,3,0,0,0,0,2,1,1,1,8,2800,2,12,10,1
2013440310147,2,9,0,18,0,3,0,0,0,0,1,1,6,3,-1,1360,1,10,-1,-1
2013440310328,1,9,0,18,0,8,0,0,0,0,4,1,6,1,6,998,1,-1,-1,-1
2013440310328,2,9,0,18,0,8,0,0,0,0,1,1,6,1,6,1598,1,1,10,1
2013440310378,1,9,0,4,0,8,0,0,0,0,1,1,6,2,6,1390,1,11,2,1
2013440310378,2,9,0,4,0,8,0,0,0,0,2,1,6,1,9,-1,-1,-1,5,1
2013440310378,3,9,0,4,0,8,0,0,0,0,2,1,6,2,8,998,1,19,10,1
2013440310407,1,3,0,18,0,8,0,0,0,0,0,1,6,2,8,124,1,10,4,1
2013440310467,1,9,0,18,0,0,1,0,0,0,3,1,6,2,6,2298,1,16,7,1
2013440310467,2,9,0,18,0,0,0,0,4,10,4,1,6,1,6,1560,2,1,10,1
2013440310484,1,9,0,18,0,8,0,0,0,0,0,1,6,3,-1,-1,-1,-1,-1,-1
2013440310731,1,2,0,18,0,8,0,4,0,0,1,1,1,1,4,-1,-1,-1,-1,-1
2013440310731,2,9,0,2,0,8,0,0,0,0,3,1,6,2,-1,1390,1,12,-1,-1
2013440310783,1,9,0,18,0,8,0,0,0,0,4,1,6,3,-1,-1,-1,-1,-1,-1
2013440310783,2,1,0,18,0,8,0,0,0,0,1,1,6,1,3,-1,-1,-1,10,1
2013440311217,1,9,0,17,0,0,1,0,0,0,3,1,1,2,8,1997,1,13,3,1
2013440311217,2,9,0,16,0,0,0,0,0,0,1,1,6,1,10,1598,1,9,2,1
2013440311217,3,9,0,16,0,0,0,0,0,0,1,1,6,2,9,2499,2,9,2,1
2013440311222,1,9,0,17,0,0,1,0,8,4,1,1,1,2,4,1248,2,3,9,1
2013440311222,2,9,0,17,0,0,1,0,8,4,4,1,1,1,6,1396,1,13,7,1
2013440311271,1,9,0,18,0,0,0,0,0,0,4,1,6,1,8,1995,2,5,9,1
2013440311271,2,9,0,5,0,0,0,0,0,0,1,1,6,1,10,1910,2,6,6,1
2013440311376,1,9,0,16,0,1,0,0,0,0,1,1,6,1,10,1329,1,4,5,1
2013440311376,2,9,0,3,0,1,0,0,0,0,2,1,6,1,8,1796,1,3,3,1
2013440311376,3,9,0,3,0,1,0,0,0,0,2,1,6,1,11,1584,1,8,10,1
2013440311510,1,1,0,14,0,0,0,0,0,0,1,1,6,2,8,-1,-1,-1,4,1
2013440311510,2,9,0,2,0,0,0,0,0,0,4,1,6,1,9,1794,1,8,4,1
2013440311665,1,3,0,17,0,8,1,0,0,0,0,1,6,1,7,125,1,1,7,1
2013440311866,1,1,0,18,0,8,0,0,0,0,4,1,6,1,4,-1,-1,-1,4,1
2013440311866,2,9,0,1,0,8,0,0,0,0,2,1,6,3,-1,-1,-1,-1,-1,-1
2013440312184,1,9,0,9,0,8,1,0,0,0,3,1,6,1,8,1761,1,15,2,1
2013440312184,2,9,0,18,0,8,0,0,0,0,4,1,1,2,7,1686,2,2,3,1
2013440312198,1,9,0,3,0,1,0,0,0,0,2,1,6,1,8,-1,-1,-1,8,1
2013440312198,2,20,0,4,0,1,0,0,0,0,1,1,1,3,-1,-1,-1,-1,-1,-1
2013440312442,1,9,0,18,0,8,0,0,0,0,1,1,6,2,11,1587,1,20,4,1
2013440312442,2,19,0,9,0,8,0,0,0,0,2,1,6,1,7,2477,2,7,10,1
2013440312666,1,9,0,11,0,0,1,0,4,6,1,1,6,2,5,1598,1,11,10,1
2013440312669,1,9,0,7,0,0,0,0,0,0,4,1,6,2,6,1596,1,5,3,3
2013440312669,2,2,0,15,0,0,0,0,0,0,1,1,6,1,5,124,1,-1,3,1
2013440312807,1,9,0,10,0,8,0,0,0,0,2,1,6,2,10,1497,1,8,10,1
2013440312807,2,9,0,18,0,8,0,0,0,0,1,1,6,3,-1,-1,-1,-1,-1,-1
2013440312819,1,9,0,9,0,1,0,0,0,0,1,1,6,2,10,1229,1,2,10,2
2013440312819,2,9,0,18,0,1,0,0,0,0,1,1,6,1,5,1781,1,21,8,1
2013440312819,3,9,0,10,0,1,0,0,0,0,3,1,6,1,10,-1,-1,-1,10,2
2013440313032,1,21,0,18,0,0,0,0,0,0,4,1,1,1,-1,-1,-1,-1,-1,-1
2013440313104,1,9,0,1,0,0,0,0,0,0,2,1,1,1,5,1360,1,14,10,1
2013440313104,2,1,0,18,0,0,0,0,0,0,4,1,6,1,2,-1,-1,-1,6,3
2013440313162,1,9,0,18,0,0,0,0,0,0,2,1,1,1,5,1086,1,9,3,1
2013440313162,2,9,0,18,0,0,1,0,0,0,1,1,6,1,9,1596,1,20,-1,-1
2013440313214,1,20,0,1,0,0,0,0,0,0,2,1,1,1,-1,2402,2,7,-1,-1
2013440313214,2,9,0,5,0,0,0,0,0,0,1,1,6,2,9,1124,1,11,8,1
2013440313222,1,9,0,5,0,1,0,0,0,0,1,1,6,1,11,1398,2,8,1,1
2013440313222,2,9,0,3,0,1,0,0,0,0,2,1,1,1,6,1399,2,1,6,1
2013440313229,1,9,0,18,0,8,0,0,0,0,2,1,6,1,10,1229,1,6,9,3
2013440313229,2,11,0,18,0,8,0,0,0,0,1,1,1,1,6,1997,2,11,6,1
2013440313606,1,9,0,18,0,8,0,0,0,0,1,1,1,2,6,1560,2,-1,2,1
2013440313606,2,9,0,18,0,8,0,0,0,0,3,1,6,1,7,-1,-1,-1,5,1
2013440313842,1,9,0,2,0,0,0,0,0,0,2,1,6,2,7,1598,1,14,10,3
2013440313842,2,9,0,2,0,0,0,0,0,0,2,1,1,1,-1,1753,2,4,8,3
2013440313842,3,9,0,18,0,0,1,0,0,0,1,1,6,2,5,1896,2,11,9,1
2013440313911,1,9,0,3,0,2,0,0,0,0,2,1,6,1,11,1992,2,6,5,1
2013440313911,2,9,0,3,0,2,0,0,0,0,2,1,6,1,11,1396,1,1,10,1
2013440313911,3,9,0,5,0,3,0,0,0,0,1,1,6,1,8,1840,1,12,5,1
2013440314040,1,9,0,18,0,0,0,0,0,0,1,1,6,1,7,1124,1,13,7,1
2013440314040,2,9,0,18,0,0,0,0,0,0,2,1,6,1,6,1598,1,5,5,1
2013440314040,3,9,0,18,0,0,0,0,0,0,2,1,6,1,7,1975,1,3,10,1
2013440314040,4,9,0,18,0,0,0,0,0,0,2,1,1,1,9,1242,1,4,10,1
2013440314245,1,9,0,18,0,1,0,0,0,0,1,1,6,1,11,1341,1,16,1,1
2013440314245,2,1,0,18,0,2,0,0,0,0,3,1,6,1,6,-1,-1,-1,1,1
2013440314542,1,1,0,9,0,1,0,0,0,0,1,1,2,1,6,-1,-1,-1,2,1
2013440314542,2,9,0,9,0,6,0,0,0,0,3,1,6,1,7,2521,1,4,4,1
2013440314619,1,9,0,9,0,6,0,0,0,0,4,1,6,1,7,1761,1,12,6,1
2013440314619,2,2,0,14,0,1,1,0,0,0,1,1,6,1,6,125,1,-1,5,1
2013440314632,1,9,0,18,0,0,5,0,1,0,1,1,6,1,4,1800,1,13,3,1
2013440314637,1,9,0,18,0,1,0,0,0,0,1,1,6,3,-1,-1,-1,-1,-1,-1
2013440314845,1,9,0,18,0,0,0,0,0,0,4,1,6,1,6,-1,-1,-1,7,1
2013440315308,1,9,0,18,0,8,0,0,0,0,3,1,6,2,6,1598,1,10,2,1
2013440315343,1,9,0,18,0,0,0,0,0,0,1,1,2,1,8,1986,2,6,8,1
2013440315343,2,20,0,18,0,0,0,0,0,0,0,1,1,3,-1,-1,-1,-1,-1,-1
2013440315369,1,5,0,18,0,8,1,0,0,0,3,1,6,1,9,1450,1,12,7,1
2013440315369,2,9,0,4,0,8,0,0,0,0,4,1,6,2,5,1391,1,11,9,1
2013440315468,1,9,0,18,0,0,0,0,0,0,1,1,6,1,11,998,1,2,8,1
2013440315468,2,9,0,4,0,0,0,0,0,0,1,1,6,2,6,1910,2,8,-1,-1
2013440315468,3,9,0,18,0,0,0,0,0,0,1,1,6,2,7,1390,1,12,9,1
2013440315468,4,9,0,2,0,0,0,0,0,0,3,1,6,3,-1,1794,1,12,-1,-1
2013440315468,5,9,0,2,0,0,0,0,0,0,4,1,6,3,-1,1796,1,5,-1,-1
2013440315477,1,9,0,18,0,8,0,0,0,0,1,1,6,1,11,2401,2,9,6,1
2013440315477,2,1,0,9,0,8,0,0,0,0,4,1,6,1,7,-1,-1,-1,6,1
2013440315481,1,9,0,15,0,0,0,0,0,0,2,1,6,2,8,1994,2,10,9,2
2013440315481,2,9,0,16,0,0,1,0,0,0,1,1,1,2,7,-1,-1,-1,2,1
2013440315624,1,9,0,9,0,8,0,0,0,0,2,1,6,2,10,1124,1,8,6,1
2013440315624,2,9,0,18,0,8,0,0,0,0,1,1,6,2,9,1398,2,8,10,1
2013440315757,1,9,0,9,0,8,0,0,0,0,3,1,6,2,9,1390,1,12,8,1
2013440315757,2,1,0,13,0,8,1,10,0,0,1,1,6,1,4,-1,-1,-1,4,2
2013440315992,1,9,0,18,0,8,0,0,0,0,1,1,6,1,7,2000,2,8,4,1
2013440315992,2,9,0,4,0,8,0,0,0,0,2,1,6,2,7,1397,1,4,1,1
2013440315992,3,9,0,4,0,8,0,0,0,0,2,1,6,1,5,2494,1,10,1,1
2013440315992,4,9,0,4,0,8,0,0,0,0,2,1,4,2,6,998,1,1,4,1
2013440316041,1,5,0,3,0,1,0,0,0,0,2,1,6,1,9,-1,-1,-1,6,1
2013440316041,2,9,0,5,0,1,0,0,0,0,1,1,6,1,9,1199,1,11,6,1
2013440316050,1,3,0,18,0,8,0,0,0,0,1,1,6,1,5,123,1,6,2,1
2013440316050,2,1,0,18,0,8,0,0,0,0,1,1,6,1,7,-1,-1,-1,1,1
2013440316055,1,21,0,18,0,0,0,0,0,0,0,1,1,1,6,9200,2,9,5,1
2013440316055,2,9,0,18,0,0,0,0,0,0,3,1,2,1,6,2231,2,7,1,1
2013440316074,1,4,0,9,0,8,0,0,0,0,1,1,6,1,6,348,1,16,4,1
2013440316074,2,9,0,9,0,8,0,0,0,0,1,1,6,2,5,999,1,4,5,1
2013440316116,1,11,0,5,0,8,0,0,0,0,3,1,1,1,8,5900,2,15,1,1
2013440316116,2,5,0,5,0,8,1,10,7,10,1,1,1,1,8,1137,1,13,8,1
2013440316896,1,9,0,6,0,8,0,0,0,0,4,1,6,1,7,1896,2,11,5,1
2013440316896,2,1,0,18,0,8,1,0,1,0,1,1,6,1,6,-1,-1,-1,1,1
2013440317020,1,9,0,18,0,0,2,0,6,6,1,1,2,2,5,-1,-1,-1,2,1
2013440317073,1,9,0,4,0,0,0,0,4,6,2,1,1,1,8,1956,2,-1,6,1
2013440317073,2,9,0,4,0,0,1,0,4,6,1,1,1,1,4,1242,1,1,-1,-1
2013440317092,1,9,0,7,0,8,0,0,0,0,4,1,6,2,9,1248,1,4,5,1
2013440317092,2,1,0,7,0,8,0,0,0,0,3,1,6,2,9,-1,-1,-1,5,1
2013440317525,1,5,0,3,0,0,0,0,0,0,2,1,6,1,8,955,1,8,3,1
2013440317525,2,19,0,18,0,0,0,0,0,0,1,1,6,1,9,1868,2,12,2,1
2013440317701,1,9,0,18,0,0,0,0,0,0,1,1,1,2,5,999,1,16,4,1
2013440317701,2,9,0,18,0,0,0,0,0,0,2,1,6,2,6,998,1,2,4,1
2013440317768,1,9,0,18,0,0,0,0,0,0,4,1,6,1,5,1988,1,9,6,1
2013440317768,2,1,0,18,0,0,0,0,0,0,1,1,6,1,10,-1,-1,-1,6,1
2013440317791,1,9,0,18,0,0,0,0,0,0,1,1,6,1,5,1197,1,3,4,1
2013440317791,2,1,0,18,0,0,0,0,0,0,4,1,6,1,6,-1,-1,-1,4,1
2013440317841,1,8,0,18,0,1,0,0,0,0,0,1,1,1,7,1753,2,6,2,1
2013440318224,1,9,0,18,0,8,0,0,0,0,1,1,6,2,8,1364,1,5,4,1
2013440318224,2,1,0,18,0,8,0,0,0,0,1,1,6,1,8,-1,-1,-1,10,1
2013440318232,1,1,0,15,4,1,0,0,0,0,1,1,6,2,5,-1,-1,-1,3,1
2013440318232,2,9,0,3,0,1,0,0,0,0,4,1,6,3,-1,1984,1,8,-1,-1
2013440318298,1,4,0,18,0,0,1,0,0,0,2,1,6,1,7,145,1,47,10,1
2013440318298,2,9,0,18,0,0,1,0,0,0,1,1,6,1,7,-1,-1,-1,4,1
2013440318365,1,9,0,7,0,8,0,0,0,0,1,1,6,2,6,1910,2,3,8,1
2013440318424,1,5,0,3,0,1,0,0,0,0,2,1,1,1,8,740,1,18,4,1
2013440318424,2,9,0,5,0,1,0,0,0,0,1,1,1,2,5,1339,1,5,10,1
2013440318590,1,3,0,4,0,0,1,0,0,0,3,1,6,1,6,124,1,8,2,1
2013440318590,2,9,0,18,0,0,1,0,0,0,4,1,6,1,4,1199,1,11,10,1
2013440318602,1,9,0,9,0,3,0,0,1,2,1,1,1,2,6,-1,-1,-1,10,1
2013440318707,1,5,0,18,0,0,1,0,2,7,1,1,6,1,9,883,1,13,5,1
2013440318719,1,3,0,9,0,8,1,0,0,0,1,1,2,1,7,124,1,5,10,1
2013440318833,1,5,0,18,0,8,1,10,1,2,1,1,6,1,9,1198,1,2,8,3
2013440318908,1,9,0,4,0,0,0,0,0,0,1,1,6,1,5,2664,2,16,9,2
2013440318908,2,9,0,4,0,0,0,0,0,0,2,1,6,2,9,1299,1,9,9,3
2013440318928,1,9,0,18,0,2,0,0,0,0,1,1,6,1,8,1796,1,10,5,1
2013440319023,1,1,0,18,0,8,0,0,0,0,4,1,2,2,5,-1,-1,-1,4,1
2013440319023,2,19,0,2,0,8,0,0,0,0,2,1,6,3,-1,-1,-1,-1,-1,-1
2013440319039,1,9,0,15,0,0,0,0,0,0,2,1,2,2,6,1995,1,8,8,3
2013440319039,2,9,0,15,0,0,0,0,0,0,1,1,2,1,6,2401,2,10,-1,-1
2013440319141,1,3,0,18,0,8,0,0,0,0,3,1,2,1,4,124,1,8,9,1
2013440319141,2,9,0,11,0,8,0,0,0,0,1,1,6,3,-1,-1,-1,-1,-1,-1
2013440319568,1,9,0,18,0,0,0,0,7,4,4,1,6,1,5,1590,1,22,8,2
2013440319625,1,9,0,9,0,8,0,0,0,0,4,1,6,2,5,1299,1,10,8,1
2013440319625,2,9,0,7,0,8,0,0,0,0,1,1,6,1,7,1685,2,-1,4,1
2013440319684,1,3,0,18,0,0,0,12,0,0,1,1,6,2,5,124,1,7,9,3
2013440319724,1,9,0,18,0,0,2,0,7,0,1,1,1,1,4,1391,1,11,5,2
2013440319927,1,5,0,3,0,1,0,0,0,0,2,1,6,1,8,650,1,18,8,1
2013440319927,2,9,0,4,0,1,0,0,0,0,1,1,6,3,-1,1332,1,17,-1,-1
2013440319930,1,9,0,7,0,8,0,0,0,0,3,1,6,1,7,1560,2,3,4,1
2013440319930,2,5,0,13,0,8,0,0,0,0,1,1,6,1,9,782,1,5,6,1
2013440319935,1,19,0,4,0,0,1,0,0,0,1,1,1,1,6,1686,2,9,8,2
2013440319935,2,9,0,18,0,0,0,0,0,0,1,1,1,1,6,-1,-1,-1,9,3
2013440319985,1,9,0,18,0,8,0,0,0,0,1,1,6,2,11,1398,2,1,9,3
2013440319985,2,9,0,5,0,8,0,0,0,0,1,1,6,2,-1,1598,1,6,10,2
2013440320075,1,4,0,17,0,2,0,6,1,10,1,1,6,1,8,198,1,11,5,1
2013440320142,1,2,0,18,0,0,0,0,0,0,1,1,6,1,9,200,1,49,7,1
2013440320142,2,8,0,2,0,0,0,0,0,0,3,1,1,1,8,1910,2,6,-1,-1
2013440320353,1,9,0,9,0,8,0,0,0,0,3,1,1,1,8,-1,-1,-1,6,1
2013440320353,2,22,0,18,0,8,0,0,0,0,1,1,6,1,10,-1,-1,-1,2,1
2013440320354,1,11,0,18,0,2,0,0,0,0,4,1,1,1,6,9000,2,5,3,1
2013440320429,1,9,0,9,0,5,0,0,0,0,1,1,6,1,-1,-1,-1,-1,6,1
2013440320800,1,9,0,18,0,0,0,0,0,0,1,1,1,2,5,1360,1,6,4,3
2013440320800,2,9,0,4,0,0,0,0,0,0,2,1,6,2,6,1753,2,11,9,1
2013440321135,1,9,0,17,0,0,0,0,0,0,3,1,6,2,6,1242,1,8,10,1
2013440321135,2,21,1,16,0,0,2,0,7,9,3,1,1,1,9,12740,2,1,10,1
2013440321305,1,9,0,9,0,8,0,0,0,0,3,1,6,2,5,1796,2,-1,1,1
2013440321305,2,9,0,18,0,1,0,0,0,0,1,1,6,1,8,-1,-1,-1,10,3
2013440321318,1,9,0,7,0,5,0,0,0,0,1,1,2,1,4,1900,2,15,5,1
2013440321318,2,9,0,8,0,1,0,0,0,0,3,1,6,2,5,1386,1,7,9,2
2013440321410,1,9,0,7,0,1,0,0,0,0,4,1,6,2,8,1242,1,10,10,1
2013440321410,2,9,0,18,0,1,0,0,1,10,1,1,6,2,8,999,1,1,5,1
2013440321462,1,9,0,18,0,0,1,0,2,1,1,1,6,1,5,1229,1,6,10,1
2013440321462,2,9,0,18,0,0,0,0,0,0,2,1,6,1,9,-1,-1,-1,-1,-1
2013440321671,1,9,0,18,0,0,1,0,5,6,1,1,6,2,8,-1,-1,-1,10,1
2013440322052,1,9,0,17,0,0,0,0,7,11,1,1,6,2,7,1388,1,4,4,3
2013440322441,1,9,0,18,0,0,1,0,0,0,0,1,6,1,11,-1,-1,-1,5,1
2013440322719,1,9,0,14,0,1,0,0,0,0,2,1,6,3,-1,1840,1,12,-1,-1
2013440322719,2,1,0,18,0,1,0,0,0,0,1,1,6,1,7,-1,-1,-1,5,1
2013440322755,1,9,0,18,0,8,0,0,0,0,3,1,6,1,11,1598,2,1,10,1
2013440322755,2,1,0,18,0,8,0,0,0,0,1,1,6,1,5,-1,-1,-1,9,3
2013440322800,1,9,0,18,0,0,2,0,1,0,4,1,6,2,7,-1,-1,-1,10,1
2013440322802,1,1,0,18,0,8,0,0,0,0,1,1,6,1,4,-1,-1,-1,2,1
2013440322802,2,9,0,18,0,8,0,0,0,0,3,1,6,3,-1,-1,-1,-1,-1,-1
2013440323174,1,9,0,18,0,1,0,0,0,0,1,1,6,2,10,1086,1,5,10,1
2013440323174,2,1,0,9,0,6,0,0,0,0,3,1,6,2,5,-1,-1,-1,9,1
2013440323204,1,9,0,9,0,8,0,0,0,0,3,1,6,2,8,1560,2,4,9,3
2013440323204,2,9,0,18,0,8,0,0,0,0,1,1,6,2,7,1339,1,9,6,1
2013440323403,1,1,0,17,0,8,0,0,0,0,4,1,1,1,9,-1,-1,-1,10,2
2013440323403,2,9,0,5,0,4,0,0,0,0,1,1,1,1,9,1248,1,2,3,1
2013440323676,1,9,0,2,0,0,0,0,0,0,1,1,6,2,7,1910,2,8,-1,-1
2013440323676,2,9,0,2,0,0,0,0,0,0,0,1,6,2,7,2962,1,14,-1,-1
2013440323712,1,9,0,13,0,0,0,0,0,0,4,1,6,1,11,1339,1,1,10,1
2013440323712,2,1,0,18,0,0,0,0,0,0,3,1,6,2,11,-1,-1,-1,9,3
2013440323758,1,19,0,9,0,8,0,0,0,0,1,1,1,1,8,2143,2,-1,-1,-1
2013440323758,2,9,0,18,0,8,0,0,0,0,1,1,6,1,8,2500,2,13,10,1
2013440324004,1,9,0,9,0,6,0,0,0,0,3,1,6,1,6,1968,2,8,2,1
2013440324004,2,9,0,18,0,1,0,0,0,0,1,1,6,1,8,1998,1,16,2,1
2013440324129,1,11,0,18,0,0,0,0,0,0,0,1,1,1,8,9000,2,5,5,3
2013440324219,1,9,0,5,0,1,0,0,0,0,1,1,2,1,4,1799,1,5,5,1
2013440324219,2,9,0,9,0,1,0,0,0,0,2,1,2,1,6,1497,1,13,10,1
2013440324282,1,9,0,2,0,1,0,0,0,0,3,1,6,1,8,1989,1,13,-1,-1
2013440324282,2,1,0,9,0,1,1,0,0,0,1,1,6,1,5,-1,-1,-1,4,1
2013440324391,1,2,0,18,0,0,0,0,0,0,0,1,6,1,4,49,1,-1,9,1
2013440324411,1,9,0,4,0,1,0,0,0,0,4,1,6,3,-1,2497,2,9,-1,-1
2013440324411,2,9,0,3,0,1,0,0,0,0,3,1,2,2,4,1984,1,6,5,1
2013440324475,1,9,0,3,0,0,0,0,0,0,2,1,6,1,4,1242,1,13,10,1
2013440324475,2,9,0,18,0,0,1,0,0,0,1,1,6,1,4,1124,1,8,10,1
2013440324511,1,9,0,9,0,8,0,0,0,0,3,1,6,2,5,1794,1,13,5,3
2013440324511,2,5,0,18,0,8,0,0,0,0,1,1,6,1,6,998,1,11,3,1
2013440324864,1,9,0,9,0,8,0,0,0,0,1,1,2,2,5,1560,2,7,5,1
2013440324864,2,1,0,18,0,8,0,0,0,0,1,1,6,1,5,-1,-1,-1,10,1
2013440324996,1,9,0,9,0,8,0,0,0,0,1,1,2,1,6,1968,2,7,-1,-1
2013440324996,2,1,0,9,0,8,0,0,0,0,1,1,6,1,8,-1,-1,-1,-1,-1
2013440325014,1,9,0,16,0,0,0,0,0,0,1,1,6,2,7,1560,2,4,3,1
2013440325204,1,19,0,1,0,0,0,2,0,0,3,1,6,1,-1,2198,2,-1,-1,-1
2013440325249,1,9,0,7,0,8,1,0,0,0,1,1,6,1,4,1796,1,13,7,1
2013440325249,2,9,0,18,0,1,0,0,1,11,1,1,6,2,7,1995,2,7,7,1
2013440325258,1,19,0,2,0,0,0,0,0,0,0,1,6,1,8,2198,2,4,4,1
2013440325258,2,9,0,18,0,0,0,0,0,0,2,1,6,2,6,1587,1,14,5,1
2013440325258,3,9,0,18,0,0,0,0,0,0,1,1,6,1,8,2148,2,5,10,1
2013440325352,1,9,0,18,0,0,0,0,0,0,1,1,6,1,-1,-1,-1,-1,-1,-1
2013440325352,2,1,0,18,0,0,0,0,0,0,2,1,6,1,4,-1,-1,-1,6,1
2013440325513,1,9,0,9,0,8,0,0,0,0,2,1,2,2,8,1242,1,6,10,2
2013440325513,2,9,0,18,0,8,0,0,0,0,1,1,6,2,11,998,1,4,3,1
2013440325917,1,9,0,9,0,8,0,0,0,0,3,1,3,2,11,998,1,12,3,1
2013440325917,2,5,0,18,0,8,0,0,0,0,1,1,2,1,9,647,1,14,3,1
2013440326150,1,9,0,18,0,0,0,0,0,0,4,1,6,1,5,2521,1,4,9,1
2013440326150,2,1,0,9,0,0,0,0,0,0,1,1,6,1,4,-1,-1,-1,5,1
2013440326595,1,9,0,5,0,4,0,0,0,0,1,1,6,1,9,-1,-1,-1,7,1
2013440326595,2,1,0,18,0,8,0,0,0,0,4,1,6,1,7,-1,-1,-1,10,3
2013440326721,1,9,0,9,0,6,0,0,0,0,1,1,6,1,7,2148,2,10,7,3
2013440326721,2,5,0,18,0,1,0,0,0,0,1,1,6,1,5,749,1,4,6,1
2013440326827,1,3,0,18,0,0,0,0,0,0,1,1,6,1,4,124,1,12,5,3
2013440326827,2,19,0,2,0,0,0,0,0,0,2,1,1,1,8,1248,2,6,6,1
2013440327002,1,9,0,9,0,5,0,0,7,1,1,1,6,1,11,1598,1,1,9,1
2013440327002,2,9,0,4,0,1,0,0,0,0,1,1,6,2,7,4398,1,13,9,1
2013440327010,1,9,0,1,0,0,0,0,0,0,2,1,6,2,6,1896,2,4,10,3
2013440327023,1,5,0,18,0,1,0,0,1,9,4,1,6,2,7,-1,-1,-1,9,3
2013440327099,1,9,0,18,0,0,0,0,4,6,3,1,2,2,6,1598,1,11,8,1
2013440327148,1,22,0,18,0,2,0,0,0,0,1,1,6,3,-1,-1,-1,-1,-1,-1
2013440327163,1,3,0,17,0,8,0,0,0,0,4,1,6,1,5,124,1,9,1,1
2013440327163,2,9,0,12,0,8,0,0,0,0,3,1,6,2,-1,1389,1,12,2,1
2013440327165,1,9,0,4,0,1,0,0,0,0,2,1,2,2,8,1398,1,15,10,1
2013440327165,2,9,0,5,0,1,0,0,0,0,1,1,2,1,7,1997,2,9,8,1
2013440327168,1,9,0,13,0,1,0,0,0,0,4,1,6,1,-1,1910,2,7,-1,-1
2013440327168,2,1,0,18,0,1,0,0,0,0,3,1,6,1,7,-1,-1,-1,8,2
2013440327225,1,1,0,17,0,1,0,0,0,0,4,1,1,2,9,-1,-1,-1,7,1
2013440327225,2,9,0,9,0,6,0,0,0,0,1,1,6,2,7,1598,1,7,10,1
2013440327252,1,20,0,9,0,8,0,0,0,0,4,1,1,1,9,5880,2,7,4,1
2013440327252,2,9,0,18,0,1,0,0,0,0,1,1,6,2,8,1598,1,9,10,1
2013440327280,1,16,0,18,0,1,0,0,0,0,3,1,6,2,8,-1,-1,-1,6,3
2013440327280,2,9,0,13,0,1,0,0,0,0,4,1,6,3,-1,998,1,2,-1,-1
2013440327321,1,9,0,2,0,2,0,0,0,0,3,1,2,2,8,1998,1,13,2,1
2013440327321,2,9,0,16,0,2,0,0,0,0,4,1,6,1,6,2987,2,8,4,1
2013440327353,1,9,0,18,0,8,0,0,0,0,4,1,6,1,8,1560,2,-1,2,1
2013440327353,2,1,0,7,0,8,0,0,0,0,1,1,6,1,4,-1,-1,-1,2,1