Accident_Index,Vehicle_Reference,Vehicle_Type,Towing_and_Articulation,Vehicle_Manoeuvre,Vehicle_Location-Restricted_Lane,Junction_Location,Skidding_and_Overturning,Hit_Object_in_Carriageway,Vehicle_Leaving_Carriageway,Hit_Object_off_Carriageway,1st_Point_of_Impact,Was_Vehicle_Left_Hand_Drive?,Journey_Purpose_of_Driver,Sex_of_Driver,Age_Band_of_Driver,Engine_Capacity_(CC),Propulsion_Code,Age_of_Vehicle,Driver_IMD_Decile,Driver_Home_Area_Type
2013440327385,1,9,0,3,0,2,0,0,0,0,2,1,6,2,5,998,1,13,4,1
2013440327385,2,2,0,18,0,2,0,0,0,0,1,1,6,2,4,49,1,1,5,1
2013440327395,1,9,0,7,0,5,0,0,0,0,4,1,6,1,7,1798,1,9,7,1
2013440327395,2,9,0,2,0,1,0,0,0,0,3,1,6,1,5,1362,1,-1,4,1
2013440327395,3,1,0,15,0,1,0,4,0,0,1,1,2,1,6,-1,-1,-1,4,1
2013440327672,1,2,0,18,0,0,0,0,0,0,1,1,6,1,4,49,1,5,2,1
2013440328050,1,3,0,18,0,0,1,10,0,0,1,1,6,1,8,124,1,6,3,1
2013440328074,1,5,0,13,0,8,0,0,1,11,1,1,6,1,4,748,1,6,3,1
2013440328074,2,9,0,9,0,8,0,0,0,0,3,1,6,2,9,1560,2,2,7,1
2013440328197,1,9,0,5,0,1,0,0,0,0,2,1,6,2,6,1390,1,2,9,1
2013440328197,2,9,0,5,0,1,0,0,0,0,1,1,6,1,4,1596,1,8,9,1
2013440328223,1,20,0,1,0,2,0,0,0,0,0,1,1,1,8,-1,-1,-1,4,1
2013440328234,1,9,0,18,0,0,0,0,0,0,0,1,6,1,7,2926,2,8,5,3
2013440328255,1,8,0,5,0,8,0,0,0,0,1,1,1,1,10,1997,2,8,10,2
2013440328255,2,1,0,18,0,8,0,0,0,0,1,1,6,2,4,-1,-1,-1,8,1
2013440328321,1,19,0,18,0,8,0,0,0,0,1,1,1,2,9,-1,-1,-1,2,1
2013440328321,2,9,0,9,0,8,0,0,0,0,4,1,6,2,4,1896,2,13,5,1
2013440328561,1,9,0,3,0,0,0,0,0,0,2,1,6,2,6,1798,1,7,5,1
2013440328561,2,9,0,18,0,0,0,0,0,0,1,1,6,1,6,1197,1,2,6,1
2013440328633,1,9,0,18,0,1,0,0,0,0,3,1,6,2,9,1900,2,8,10,1
2013440328633,2,9,0,9,0,6,0,0,0,0,1,1,6,2,7,2198,1,7,2,1
2013440328688,1,9,0,3,0,1,0,0,0,0,4,1,6,2,6,1149,1,11,4,1
2013440328688,2,1,0,18,0,1,0,0,0,0,1,1,6,1,7,-1,-1,-1,4,1
2013440328719,1,2,0,3,0,1,0,0,0,0,2,1,1,1,8,124,1,1,7,1
2013440328719,2,9,0,16,0,1,0,0,0,0,1,1,6,3,-1,-1,-1,-1,-1,-1
2013440328901,1,9,0,18,0,0,0,0,0,0,3,1,6,1,10,1591,1,4,8,1
2013440328901,2,9,0,13,0,0,0,0,0,0,4,1,6,2,7,1997,2,8,6,1
2013440329018,1,3,0,9,0,8,0,0,0,0,4,1,2,1,5,124,1,5,2,1
2013440329018,2,9,0,18,0,8,0,0,0,0,1,1,2,2,7,1796,1,11,2,1
2013440329295,1,19,0,18,0,0,0,0,2,4,1,1,6,1,6,1868,2,14,9,2
2013440329399,1,19,0,2,0,2,0,0,0,0,4,1,6,3,-1,-1,-1,-1,-1,-1
2013440329399,2,1,0,18,0,2,0,0,0,0,3,1,6,1,7,-1,-1,-1,5,1
2013440329513,1,9,0,2,0,0,0,0,0,0,2,1,6,2,4,1199,1,10,4,1
2013440329513,2,9,0,18,0,0,0,0,0,0,1,1,6,1,5,1598,1,18,6,1
2013440329545,1,1,0,18,0,8,0,0,0,0,2,1,2,1,8,-1,-1,-1,3,1
2013440329545,2,19,0,18,0,8,0,0,0,0,1,1,6,3,-1,-1,-1,-1,-1,-1
2013440329803,1,9,0,18,0,0,0,0,0,0,1,1,6,2,9,996,1,3,9,1
2013440329803,2,1,0,18,0,0,0,0,0,0,1,1,6,2,3,-1,-1,-1,9,1
2013440329838,1,9,0,18,0,0,0,0,0,0,1,1,6,1,7,1997,2,11,10,3
2013440329838,2,9,0,4,0,0,0,0,0,0,2,1,6,1,10,1461,2,4,6,1
2013440329867,1,9,0,18,0,0,0,0,0,0,1,1,6,1,5,-1,-1,-1,1,1
2013440329867,2,9,0,4,0,0,0,0,0,0,2,1,6,2,8,1299,1,11,3,1
2013440329991,1,9,0,9,0,8,0,0,0,0,3,1,6,1,6,1896,2,9,2,1
2013440329991,2,1,0,18,0,8,0,0,0,0,1,1,6,1,6,-1,-1,-1,-1,-1
2013440330054,1,9,0,18,0,8,0,0,0,0,0,1,6,3,-1,-1,-1,-1,-1,-1
2013440330054,2,9,0,4,0,8,0,0,0,0,2,1,6,1,7,1986,2,7,4,1
2013440330054,3,9,0,4,0,8,0,0,0,0,1,1,6,2,8,-1,-1,-1,10,2
2013440330170,1,11,0,18,0,0,0,0,0,0,0,1,1,3,-1,-1,-1,-1,-1,-1
2013440330212,1,5,0,17,0,0,1,0,0,0,3,1,6,1,8,883,1,24,8,2
2013440330212,2,90,0,18,0,0,0,0,0,0,3,1,6,2,8,-1,-1,-1,9,3
2013440330218,1,9,0,5,0,8,1,0,0,0,1,1,6,1,4,1598,1,7,10,3
2013440330218,2,9,0,18,0,8,1,0,0,0,4,1,6,1,6,1527,2,15,5,1
2013440330218,3,9,0,18,0,8,0,0,0,0,1,1,6,1,6,1390,1,8,4,1
2013440330276,1,19,0,18,0,8,0,0,3,0,3,1,1,1,5,2148,2,4,5,1
2013440330276,2,9,0,18,0,8,0,0,0,0,1,1,6,2,7,2143,2,-1,7,3
2013440330310,1,9,0,18,0,8,0,0,0,0,1,1,6,1,7,1497,1,8,-1,-1
2013440330369,1,9,0,18,0,8,0,0,0,0,1,1,6,1,11,796,1,13,5,1
2013440330404,1,9,0,10,0,1,0,0,0,0,2,1,6,1,7,2000,1,8,2,1
2013440330404,2,9,0,5,0,1,0,0,0,0,1,1,6,2,8,2438,1,17,8,1
2013440330434,1,9,0,18,0,0,0,0,0,0,1,1,6,1,5,1124,1,12,7,1
2013440330434,2,9,0,4,0,0,0,0,0,0,2,1,6,3,-1,1798,1,7,-1,-1
2013440330551,1,9,0,16,0,0,0,0,0,0,1,1,6,2,8,1991,1,21,4,1
2013440330551,2,9,0,17,0,0,0,0,1,0,1,1,6,1,10,1597,1,6,5,1
2013440330829,1,9,0,18,0,8,5,9,3,4,1,1,6,1,5,1587,1,5,7,1
2013440330940,1,9,0,18,0,0,1,0,5,6,1,1,1,1,8,1598,2,3,6,1
2013440330950,1,9,0,18,0,8,1,4,7,10,1,1,6,1,6,1988,1,9,5,2
2013440330950,2,9,0,2,0,8,0,0,0,0,1,1,6,2,7,1596,1,10,-1,-1
2013440331038,1,9,0,13,0,0,0,0,0,0,4,1,6,1,8,1242,1,14,2,1
2013440331038,2,1,0,16,0,0,0,0,0,0,3,1,6,1,8,-1,-1,-1,4,1
2013440331055,1,9,0,13,0,1,0,0,0,0,4,1,6,2,6,1587,1,13,4,1
2013440331055,2,1,0,12,0,1,0,0,0,0,3,1,6,1,10,-1,-1,-1,4,1
2013440331177,1,9,0,18,0,0,0,0,0,0,1,1,6,2,7,1242,1,-1,-1,-1
2013440331177,2,9,0,4,0,0,0,0,0,0,2,1,6,1,7,2496,2,12,5,1
2013440331276,1,9,0,4,0,0,0,0,0,0,2,1,6,2,6,1998,2,11,6,1
2013440331276,2,9,0,4,0,0,0,0,0,0,1,1,6,3,-1,3628,2,3,-1,-1
2013440331290,1,9,0,9,0,8,0,0,0,0,3,1,6,1,4,1229,1,8,6,1
2013440331290,2,5,0,18,0,8,0,0,7,0,1,1,6,1,7,749,1,18,8,3
2013440331298,1,9,0,18,0,8,0,0,0,0,1,1,1,2,4,1149,1,12,7,1
2013440331298,2,9,0,4,0,8,0,0,0,0,2,1,1,2,4,1242,1,-1,8,1
2013440331314,1,5,0,17,0,2,0,0,1,4,1,1,6,2,8,592,1,19,8,1
2013440331437,1,9,0,18,0,0,0,0,1,4,1,1,6,1,7,1582,2,-1,2,1
2013440331454,1,9,0,4,0,0,0,0,0,0,2,1,6,1,8,2000,2,9,8,1
2013440331454,2,9,0,4,0,0,0,0,0,0,1,1,6,1,5,1149,1,2,10,1
2013440331770,1,2,0,18,0,8,0,10,0,0,1,1,6,1,7,49,1,8,5,1
2013440331787,1,9,0,9,0,0,0,0,0,0,3,1,6,1,7,1560,2,9,5,1
2013440331787,2,3,0,13,0,0,0,0,0,0,1,1,6,1,4,124,1,-1,5,1
2013440331827,1,9,3,18,0,0,1,0,0,0,3,1,6,1,10,2199,2,3,8,1
2013440331827,2,9,0,18,0,0,1,0,0,0,1,1,6,1,4,1595,1,10,9,1
2013440332027,1,9,0,7,0,8,0,0,0,0,1,1,1,2,5,1461,2,-1,9,1
2013440332027,2,1,0,17,0,8,0,0,0,0,4,1,1,1,6,-1,-1,-1,1,1
2013440332200,1,9,0,18,0,0,0,0,0,0,1,1,6,2,11,1896,2,11,2,1
2013440332445,1,9,0,18,0,8,0,0,3,11,1,1,6,1,9,1495,1,12,6,1
2013440332641,1,19,0,17,0,8,0,0,0,0,1,1,6,3,-1,-1,-1,-1,-1,-1
2013440332641,2,9,0,4,0,8,0,0,0,0,2,1,6,2,6,1299,1,9,10,1
2013440332832,1,9,0,18,0,0,0,0,1,0,3,1,6,1,11,-1,-1,-1,9,1
2013440332832,2,9,0,13,0,0,0,0,0,0,4,1,6,2,4,-1,-1,-1,9,1
2013440332912,1,9,0,9,0,1,0,0,0,0,1,1,6,3,-1,-1,-1,-1,-1,-1
2013440332912,2,1,0,9,0,1,0,0,0,0,2,1,6,1,3,-1,-1,-1,2,1
2013440332940,1,9,0,3,0,0,0,0,0,0,2,1,2,1,6,1796,1,11,10,2
2013440332940,2,9,0,3,0,0,0,0,0,0,2,1,2,1,5,1390,1,9,9,3
2013440332940,3,9,0,3,0,0,0,0,0,0,2,1,2,1,6,1390,2,9,9,2
2013440332940,4,9,0,18,0,0,1,0,0,0,1,1,2,2,7,1781,1,8,9,2
2013440332961,1,3,0,18,0,1,1,0,0,0,0,1,6,1,6,124,1,27,7,1
2013440332961,2,9,0,7,0,6,0,0,0,0,0,1,6,2,7,-1,-1,-1,7,1
2013440332974,1,9,0,18,0,0,0,0,1,3,1,1,2,1,8,-1,-1,-1,7,1
2013440332983,1,9,0,3,0,0,0,0,0,0,2,1,6,2,5,1390,1,2,3,1
2013440332983,2,9,0,4,0,0,1,0,0,0,1,1,6,2,7,1984,1,6,5,1
2013440332993,1,9,0,9,0,5,0,0,0,0,4,1,6,1,6,1968,2,8,2,1
2013440332993,2,9,0,18,0,1,0,0,0,0,1,1,6,1,4,-1,-1,-1,5,1
2013440333068,1,9,0,16,0,3,0,0,0,0,1,1,6,1,-1,-1,-1,-1,-1,-1
2013440333068,2,1,0,18,0,8,0,0,0,0,3,1,6,1,4,-1,-1,-1,1,1
2013440333237,1,9,0,9,0,8,0,0,0,0,4,1,6,2,7,2521,1,6,-1,-1
2013440333237,2,9,0,18,0,1,0,0,1,0,1,1,6,1,5,1796,1,13,9,3
2013440333299,1,9,0,18,0,1,0,0,0,0,1,1,6,1,5,1590,1,15,5,3
2013440333299,2,9,0,4,0,1,0,0,1,0,2,1,6,2,8,1149,1,10,10,3
2013440333372,1,9,0,18,0,8,5,0,2,7,1,1,6,2,4,1299,1,15,1,1
2013440333377,1,9,0,14,0,0,0,4,0,0,1,1,6,2,4,1124,1,12,2,1
2013440333377,2,9,0,2,0,0,0,0,0,0,2,1,6,3,-1,1397,1,4,-1,-1
2013440333481,1,9,0,17,0,0,0,0,0,0,1,1,1,1,8,2393,1,13,9,2
2013440333481,2,9,0,16,0,0,0,0,0,0,1,1,1,1,5,1598,1,8,7,2
2013440333496,1,9,0,17,0,0,2,0,1,0,3,1,6,2,4,1390,1,9,6,1
2013440333628,1,5,0,4,0,0,1,0,0,0,4,1,6,1,5,600,1,13,6,1
2013440333873,1,9,0,4,0,1,0,0,0,0,2,1,6,2,7,1598,1,7,10,1
2013440333873,2,9,0,16,0,1,0,0,0,0,1,1,6,3,-1,1560,2,-1,-1,-1
2013440334125,1,5,0,18,0,0,1,0,0,0,1,1,6,1,4,649,1,-1,4,1
2013440334125,2,19,0,2,0,0,0,0,0,0,3,1,1,1,10,-1,-1,-1,2,1
2013440334128,1,9,0,18,0,0,0,0,0,0,1,1,6,1,11,1348,1,12,10,1
2013440334128,2,9,0,10,0,0,0,0,0,0,3,1,6,1,10,1968,2,2,9,3
2013440334329,1,9,0,10,0,8,0,0,0,0,3,1,6,1,7,2179,2,1,9,1
2013440334329,2,3,0,13,0,8,0,0,0,0,1,1,6,1,7,124,1,-1,8,1
2013440334350,1,9,0,18,0,8,5,0,0,0,4,1,6,2,6,1560,2,2,10,1
2013440334350,2,9,0,18,0,1,0,0,0,0,1,1,6,1,10,2148,2,9,4,1
2013440334368,1,2,0,4,0,0,1,0,1,0,2,1,2,2,7,50,1,6,5,3
2013440334368,2,9,0,13,0,0,0,0,0,0,1,1,6,3,-1,-1,-1,-1,-1,-1
2013440334421,1,9,0,18,0,0,0,0,0,0,4,1,6,1,9,-1,-1,-1,4,1
2013440334421,2,1,0,18,0,0,0,0,0,0,1,1,6,1,4,-1,-1,-1,10,1
2013440334425,1,9,0,6,0,0,0,0,0,0,3,1,6,1,5,1587,1,8,3,1
2013440334425,2,9,0,13,0,0,0,0,0,0,1,1,6,1,7,-1,-1,-1,8,1
2013440334467,1,3,0,18,0,0,0,0,1,0,0,1,6,2,6,149,1,21,9,3
2013440334467,2,9,0,18,0,0,0,0,0,0,0,1,6,3,-1,-1,-1,-1,-1,-1
2013440334514,1,9,0,18,0,1,0,0,0,0,1,1,6,2,9,1796,1,8,10,1
2013440334514,2,9,0,9,0,5,0,0,0,0,4,1,6,2,4,1598,1,11,10,1
2013440334826,1,9,0,18,0,0,0,0,0,0,1,1,6,3,-1,1895,1,14,-1,-1
2013440334872,1,9,0,9,0,8,0,0,0,0,2,1,6,1,9,1796,1,10,7,1
2013440334872,2,20,0,13,0,8,0,0,0,0,1,1,1,1,7,4461,2,3,1,1
2013440334933,1,1,0,17,0,8,0,0,0,0,4,1,2,1,8,-1,-1,-1,7,1
2013440334933,2,5,0,18,0,8,1,0,0,0,1,1,2,1,7,1050,1,1,9,1
2013440335230,1,9,0,18,0,0,0,0,0,0,1,1,6,1,11,1596,1,9,3,2
2013440335230,2,1,0,18,0,0,0,0,0,0,2,1,6,2,6,-1,-1,-1,6,1
2013440335264,1,9,0,18,0,0,0,0,0,0,4,1,6,3,-1,-1,-1,-1,-1,-1
2013440335606,1,9,0,5,0,8,0,0,0,0,4,1,6,2,9,1991,2,8,3,1
2013440335728,1,9,0,8,0,1,0,0,0,0,4,1,3,2,7,1997,2,1,9,3
2013440335728,2,1,0,18,0,1,0,0,0,0,1,1,1,1,6,-1,-1,-1,-1,-1
2013440335765,1,9,0,7,0,5,0,0,0,0,4,1,6,2,8,1388,1,7,5,1
2013440335765,2,1,0,18,0,1,0,0,0,0,1,1,6,2,3,-1,-1,-1,5,1
2013440335785,1,9,0,18,0,8,0,0,0,0,1,1,2,2,8,-1,-1,-1,10,1
2013440335785,2,1,0,18,0,8,0,0,0,0,4,1,6,1,3,-1,-1,-1,9,1
2013440335800,1,9,0,7,0,6,0,0,0,0,3,1,6,2,8,1998,1,15,3,1
2013440335800,2,1,0,18,0,1,0,0,0,0,1,1,2,1,6,-1,-1,-1,3,1
2013440335875,1,9,0,4,0,1,0,0,0,0,2,1,6,1,5,2792,1,17,9,3
2013440335875,2,9,0,18,0,1,0,0,0,0,1,1,6,2,6,1390,1,5,8,1
2013440335978,1,9,0,18,0,0,0,0,0,0,1,1,6,3,-1,-1,-1,-1,-1,-1
2013440335993,1,9,0,9,0,6,0,0,0,0,3,1,6,2,6,1598,1,8,10,1
2013440335993,2,5,0,18,0,1,0,0,0,0,1,1,6,1,7,675,1,2,8,1
2013440335996,1,9,0,9,0,8,0,0,0,0,1,1,6,1,10,1968,2,8,10,2
2013440335996,2,9,0,18,0,8,0,0,0,0,1,1,6,2,5,1364,1,6,10,2
2013440336103,1,9,0,18,0,2,0,0,0,0,1,1,6,1,6,1988,1,9,3,1
2013440336103,2,1,0,18,0,2,0,0,0,0,2,1,6,1,11,-1,-1,-1,7,1
2013440336330,1,2,0,18,0,1,0,0,0,0,1,1,6,1,4,49,1,1,3,1
2013440336330,2,9,0,9,0,6,0,0,0,0,3,1,6,3,-1,-1,-1,-1,-1,-1
2013440336339,1,19,0,12,0,8,0,0,0,0,0,1,6,3,-1,-1,-1,-1,-1,-1
2013440336339,2,9,0,12,0,8,0,0,0,0,2,1,1,3,-1,1560,2,8,-1,-1
2013440336339,3,9,0,12,0,8,0,0,0,0,0,1,1,3,-1,998,1,4,-1,-1
2013440336339,4,9,0,12,0,8,0,0,0,0,1,1,1,2,6,1490,1,6,10,1
2013440336530,1,9,0,18,0,0,0,0,0,0,4,1,6,2,9,1783,1,14,5,1
2013440336530,2,9,0,2,0,0,0,0,0,0,3,1,6,3,-1,2494,1,14,-1,-1
2013440336530,3,9,0,2,0,0,0,0,0,0,3,1,6,3,-1,1686,2,2,-1,-1
2013440336594,1,9,0,18,0,0,0,0,0,0,1,1,6,1,10,1598,7,6,5,2
2013440336624,1,9,0,9,0,8,0,0,0,0,3,1,1,1,7,2777,2,5,-1,-1
2013440336624,2,21,1,18,0,8,1,0,0,0,1,1,1,1,7,12900,2,1,3,1
2013440336649,1,9,0,5,0,8,0,0,0,0,2,1,6,2,9,1198,1,10,3,1
2013440336649,2,9,0,18,0,8,0,0,0,0,1,1,6,1,6,2148,2,3,4,1
2013440336760,1,9,0,7,0,8,0,0,0,0,4,1,1,2,6,1390,1,4,7,1
2013440336807,1,19,0,18,0,0,0,0,0,3,1,1,1,1,6,2151,2,9,3,1
2013440336828,1,19,0,18,0,0,0,0,0,0,1,1,1,1,7,1995,2,1,2,1
2013440336831,1,9,0,7,0,8,0,0,0,0,3,1,6,1,9,2000,2,4,7,1
2013440336831,2,5,0,18,0,8,0,0,0,0,1,1,2,1,8,885,1,16,9,1
2013440337000,1,9,0,18,0,0,0,0,0,0,1,1,2,1,7,1497,1,10,10,1
2013440337000,2,9,0,3,0,0,0,0,0,0,2,1,3,2,8,1461,2,5,10,1
2013440337000,3,9,0,3,0,0,0,0,0,0,2,1,6,1,10,2792,1,17,5,1
2013440337012,1,9,0,1,0,0,0,0,0,0,2,1,6,2,6,-1,-1,-1,4,1
2013440337012,2,9,0,2,0,0,0,0,0,0,1,1,6,3,-1,2967,1,10,-1,-1
2013440337012,3,9,0,2,0,0,0,0,0,0,1,1,6,3,-1,1242,1,4,-1,-1
2013440337084,1,3,0,18,0,8,0,0,0,0,3,1,6,1,5,124,1,4,6,1
2013440337084,2,9,0,3,0,8,0,0,0,0,3,1,6,2,9,1299,1,9,9,1
2013440337267,1,9,0,18,0,8,0,0,0,0,3,1,6,2,6,1997,1,11,5,1
2013440337288,1,9,0,18,0,8,0,0,0,0,4,1,6,1,9,1598,1,12,8,3
2013440337288,2,19,0,7,0,8,0,0,0,0,1,1,1,1,9,1560,2,3,10,2
2013440337305,1,9,0,9,0,8,0,0,0,0,4,1,6,2,9,1796,1,11,2,1
2013440337345,1,9,0,4,0,8,0,0,0,0,2,1,6,2,7,1910,2,5,4,1
2013440337345,2,9,0,18,0,8,0,0,0,0,1,1,6,1,7,1242,1,13,7,1
2013440337378,1,9,0,3,0,0,0,0,0,0,2,1,6,1,6,1240,1,8,10,1
2013440337378,2,9,0,3,0,0,0,0,0,0,2,1,2,1,10,1870,2,14,4,1
2013440337378,3,9,0,4,0,0,0,0,0,0,1,1,6,1,8,1390,1,17,5,1
2013440337379,1,9,0,4,0,0,0,0,0,0,1,1,2,1,8,2000,2,8,1,1
2013440337379,2,5,0,4,0,0,0,0,0,0,2,1,6,1,8,1670,1,10,4,1
2013440337547,1,19,0,13,0,8,0,0,0,0,1,1,1,1,8,2143,2,2,9,1
2013440337547,2,1,0,9,0,8,0,0,0,0,2,1,6,1,10,-1,-1,-1,10,2
2013440337821,1,9,0,9,0,8,0,0,0,0,0,1,6,3,-1,-1,-1,-1,-1,-1
2013440337821,2,2,0,18,0,8,0,0,0,0,4,1,6,1,4,49,1,9,7,1
2013440337851,1,19,0,18,0,0,0,0,0,0,2,1,1,1,8,2287,2,2,2,1
2013440337851,2,9,0,18,0,0,0,0,0,0,1,1,1,1,5,-1,-1,-1,3,1
2013440337945,1,19,0,18,0,8,0,0,0,0,4,1,2,1,6,1896,2,6,10,2
2013440337945,2,17,0,7,0,8,0,0,0,0,1,1,1,3,-1,4156,2,5,-1,-1
2013440337993,1,9,0,5,0,8,0,0,0,0,0,1,2,2,9,1896,2,5,10,1
2013440337993,2,9,0,18,0,8,0,0,7,1,1,1,2,2,6,1493,2,8,9,1
2013440338138,1,9,0,18,0,8,0,0,0,0,1,1,6,1,-1,1598,1,7,10,1
2013440338138,2,1,0,18,0,8,0,0,0,0,1,1,1,1,5,-1,-1,-1,9,1
2013440338385,1,9,0,9,0,8,0,0,0,0,4,1,6,1,8,-1,-1,-1,7,1
2013440338385,2,1,0,18,0,8,0,0,0,0,1,1,6,1,6,-1,-1,-1,7,1
2013440338520,1,9,0,4,0,8,0,0,0,0,2,1,6,2,7,1242,1,16,2,1
2013440338520,2,9,0,18,0,8,0,0,0,0,1,1,1,1,6,1598,2,1,2,1
2013440338947,1,9,0,18,0,0,0,0,0,0,4,1,6,2,-1,1596,1,6,5,3
2013440338947,2,1,0,18,0,0,0,0,0,0,3,1,6,1,8,-1,-1,-1,2,1
2013440338989,1,1,0,18,0,8,0,0,7,0,3,1,6,2,8,-1,-1,-1,5,1
2013440338989,2,9,0,9,0,8,0,0,0,0,1,1,6,1,7,1596,1,11,4,1
2013440339089,1,5,0,18,0,0,1,0,7,11,1,1,2,1,7,599,1,4,4,1
2013440339119,1,9,0,5,0,8,0,0,0,0,1,1,6,1,5,-1,-1,-1,3,1
2013440339119,2,1,0,18,0,8,0,0,0,0,4,1,6,1,6,-1,-1,-1,4,1
2013440339429,1,9,0,18,0,0,0,0,8,1,3,1,2,2,4,1124,1,13,7,3
2013440339642,1,9,0,18,0,0,0,0,0,0,0,1,6,1,6,1149,1,10,6,1
2013440339770,1,8,0,18,0,0,1,0,0,0,1,1,1,1,7,2402,2,10,-1,-1
2013440339770,2,9,0,18,0,0,1,0,1,0,1,1,6,2,5,1360,1,5,10,1
2013440339781,1,19,0,17,0,0,0,0,0,0,1,1,6,1,9,2461,2,2,10,1
2013440339781,2,9,0,17,0,0,1,0,0,0,1,1,6,1,4,1339,1,7,7,1
2013440339812,1,9,0,16,0,0,2,0,0,0,1,1,1,2,7,-1,-1,-1,2,1
2013440339846,1,9,0,18,0,0,0,0,0,0,1,1,6,1,9,1527,2,18,6,1
2013440339846,2,11,0,2,0,0,0,0,0,0,2,1,1,1,10,7300,2,13,6,3
2013440340103,1,9,0,17,0,0,5,0,1,9,1,1,6,1,11,1560,2,1,8,1
2013440340115,1,9,0,18,0,8,1,0,0,0,1,1,6,2,10,1951,2,11,9,3
2013440340115,2,9,0,4,0,8,0,0,0,0,2,1,6,1,9,1086,1,9,7,1
2013440340115,3,9,0,4,0,8,0,0,0,0,2,1,6,1,7,1560,2,1,8,3
2013440340115,4,9,0,4,0,8,0,0,0,0,2,1,6,1,6,1242,1,8,4,2
2013440340115,5,9,0,4,0,8,0,0,0,0,2,1,6,1,7,2993,2,4,-1,-1
2013440340250,1,9,0,18,0,0,0,0,0,0,1,1,6,2,6,1360,1,12,2,1
2013440340386,1,9,0,9,0,8,0,0,0,0,4,1,6,1,9,1956,2,1,-1,-1
2013440340386,2,1,0,18,0,8,0,0,0,0,3,1,6,1,6,-1,-1,-1,5,1
2013440340695,1,9,0,18,0,8,0,0,0,0,1,1,6,1,6,2996,1,3,8,1
2013440341043,1,9,0,18,0,0,5,0,1,0,4,1,6,1,6,1397,1,23,9,1
2013440341125,1,9,0,9,0,8,0,0,0,0,4,1,6,1,4,998,1,7,8,1
2013440341125,2,1,0,18,0,8,0,0,0,0,1,1,6,1,6,-1,-1,-1,4,1
2013440341278,1,9,0,18,0,0,0,10,1,2,1,1,6,2,7,-1,-1,-1,4,1
2013440341380,1,9,0,18,0,8,1,0,7,10,1,1,2,2,8,1598,1,11,2,1
2013440341380,2,9,0,9,0,8,0,0,0,0,1,1,6,2,10,1364,1,4,10,1
2013440341581,1,9,0,4,0,0,0,4,0,0,2,1,6,2,4,998,1,8,-1,-1
2013440341581,2,19,0,4,0,0,0,0,0,0,1,1,2,1,6,2463,2,8,4,1
2013440341581,3,9,0,2,0,0,0,0,0,0,2,1,6,1,-1,1896,2,10,-1,-1
2013440341601,1,9,0,18,0,8,0,0,5,6,3,1,6,1,7,1685,2,-1,1,1
2013440341622,1,9,0,18,0,4,1,9,3,0,1,1,6,1,8,1981,1,24,2,1
2013440341664,1,9,0,7,0,6,0,0,0,0,3,1,6,2,9,2993,2,1,-1,-1
2013440341664,2,2,0,18,0,1,0,0,0,0,1,1,6,2,4,49,1,10,4,1
2013440341737,1,9,0,9,0,8,0,0,0,0,3,1,6,1,-1,-1,-1,-1,-1,-1
2013440341737,2,2,0,18,0,8,0,0,0,0,1,1,6,1,4,-1,-1,-1,5,1
2013440341849,1,9,0,16,0,0,0,0,0,0,3,1,6,1,6,2495,2,18,9,3
2013440341849,2,9,0,17,0,0,0,0,0,0,3,1,6,1,7,1984,1,12,10,1
2013440341859,1,9,0,16,0,0,0,0,0,0,1,1,6,2,5,1390,1,2,2,1
2013440341859,2,9,0,17,0,0,0,0,0,0,1,1,6,1,9,1753,2,10,9,3
2013440341918,1,9,0,4,0,0,0,0,0,0,1,1,6,1,10,1598,1,10,10,1
2013440341918,2,9,0,4,0,0,0,0,0,0,2,1,6,1,-1,1896,2,9,10,1
2013440341918,3,19,0,4,0,0,0,0,0,0,2,1,6,2,-1,-1,-1,-1,6,1
2013440341984,1,9,0,18,0,0,0,0,0,0,1,1,6,1,7,1386,1,6,10,1
2013440341984,2,19,0,18,0,0,0,0,0,0,2,2,6,1,8,-1,-1,-1,-1,-1
2013440342085,1,1,0,18,0,0,1,0,0,0,1,1,6,1,7,-1,-1,-1,9,3
2013440342132,1,5,0,18,0,0,0,12,0,0,1,1,6,1,8,1250,1,2,10,1
2013440342221,1,9,0,6,0,0,0,0,0,0,3,1,2,2,6,1997,2,7,-1,-1
2013440342221,2,2,0,18,0,0,0,0,0,0,1,1,6,1,4,49,1,4,7,1
2013440342419,1,8,0,18,0,0,2,0,0,0,1,1,1,1,9,2402,2,7,10,1
2013440342419,2,9,0,5,0,0,0,0,1,11,0,1,2,2,5,1995,2,6,10,1
2013440342429,1,9,0,7,0,1,0,0,0,0,4,1,1,1,7,973,1,12,6,1
2013440342429,2,11,0,18,0,1,0,0,0,0,3,1,1,1,8,5900,2,15,8,1
2013440342477,1,9,0,17,0,0,0,0,0,0,0,1,2,2,6,1299,1,8,-1,-1
2013440342477,2,5,0,16,0,0,0,0,0,0,1,1,2,1,8,1284,1,8,4,1
2013440342499,1,9,0,18,0,6,0,0,0,0,1,1,6,1,10,1390,1,12,2,1
2013440342586,1,20,0,11,0,0,0,0,0,0,4,1,6,1,8,12777,2,-1,10,1