Accident_Index,Vehicle_Reference,Vehicle_Type,Towing_and_Articulation,Vehicle_Manoeuvre,Vehicle_Location-Restricted_Lane,Junction_Location,Skidding_and_Overturning,Hit_Object_in_Carriageway,Vehicle_Leaving_Carriageway,Hit_Object_off_Carriageway,1st_Point_of_Impact,Was_Vehicle_Left_Hand_Drive?,Journey_Purpose_of_Driver,Sex_of_Driver,Age_Band_of_Driver,Engine_Capacity_(CC),Propulsion_Code,Age_of_Vehicle,Driver_IMD_Decile,Driver_Home_Area_Type
2013440357821,1,9,0,9,0,8,5,0,7,0,4,1,6,1,11,1086,1,5,7,1
2013440357821,2,9,0,18,0,8,0,0,0,0,1,1,6,1,7,1560,2,6,6,1
2013440357873,1,2,0,3,0,1,0,0,0,0,2,1,6,1,4,49,1,-1,4,1
2013440357873,2,9,0,18,0,1,0,0,0,0,1,1,6,1,7,1390,1,15,3,1
2013440358074,1,9,0,18,0,1,1,10,3,9,1,1,6,2,5,1198,1,10,10,1
2013440358074,2,9,0,4,0,1,1,0,0,0,2,1,6,1,5,1598,1,-1,6,1
2013440358085,1,9,0,5,0,4,0,0,0,0,3,1,6,2,5,1124,1,9,4,1
2013440358085,2,9,0,18,0,8,1,0,0,0,1,1,6,1,4,1124,1,13,7,1
2013440358560,1,9,0,9,0,8,0,0,0,0,3,1,6,2,11,1596,1,13,10,1
2013440358560,2,5,0,18,0,8,0,0,0,0,1,1,2,1,7,748,1,16,8,1
2013440358586,1,5,0,13,0,0,0,0,0,0,4,1,6,1,8,996,1,15,2,1
2013440358586,2,9,0,13,0,0,0,0,0,0,3,1,6,2,6,2179,2,-1,9,2
2013440358670,1,9,0,18,0,0,0,0,0,0,1,1,6,1,11,1598,2,1,4,1
2013440358670,2,9,0,4,0,0,0,0,1,7,2,1,6,1,6,2987,2,4,10,2
2013440358670,3,9,0,4,0,0,0,0,0,0,2,1,6,2,8,1197,1,2,6,1
2013440358712,1,9,0,3,0,1,0,0,0,0,2,1,6,1,8,1397,1,12,7,1
2013440358712,2,9,0,18,0,1,0,0,0,0,1,1,6,3,-1,-1,-1,-1,-1,-1
2013440358744,1,9,0,5,0,8,0,0,7,0,3,1,6,2,5,999,1,3,9,3
2013440358744,2,5,0,16,0,8,0,0,7,0,1,1,6,1,8,1215,1,1,9,1
2013440358752,1,9,0,4,0,0,0,0,0,0,1,1,1,1,6,1997,2,10,5,1
2013440358752,2,9,0,4,0,0,0,0,0,0,2,1,2,1,10,4266,1,12,10,1
2013440358752,3,9,0,4,0,0,0,0,0,0,2,1,1,1,10,1968,2,6,-1,-1
2013440359060,1,9,0,18,0,0,0,0,0,0,1,1,6,1,10,1298,1,6,7,1
2013440359060,2,9,0,2,0,0,0,0,0,0,2,1,6,3,-1,2995,7,9,-1,-1
2013440359101,1,9,0,4,0,0,0,0,0,0,2,1,6,1,8,1560,2,-1,4,1
2013440359101,2,9,0,4,0,0,0,0,0,0,1,1,6,1,-1,1595,1,16,4,1
2013440359245,1,9,0,18,0,0,0,0,0,0,3,1,6,3,-1,-1,-1,-1,-1,-1
2013440359245,2,1,0,18,0,0,0,0,0,0,3,1,6,2,5,-1,-1,-1,8,3
2013440359321,1,9,0,13,0,0,0,0,0,0,4,1,6,1,-1,1686,2,9,6,1
2013440359321,2,1,0,18,0,0,0,0,0,0,3,1,6,1,4,-1,-1,-1,6,1
2013440359565,1,9,0,18,0,8,0,0,0,0,1,1,6,1,4,1199,1,10,7,1
2013440359565,2,9,0,18,0,8,0,0,0,0,3,1,6,1,8,1997,2,13,5,1
2013440359617,1,9,0,18,0,2,0,0,0,0,1,1,1,1,-1,1997,2,1,3,1
2013440359617,2,1,0,18,0,2,0,0,0,0,1,1,6,1,4,-1,-1,-1,9,1
2013440359789,1,1,0,18,0,0,0,0,0,0,2,1,6,1,4,-1,-1,-1,9,2
2013440359789,2,9,0,18,0,0,0,0,0,0,1,1,6,2,6,1998,2,9,6,3
2013440360029,1,9,0,18,0,8,0,0,0,0,1,1,6,2,6,1397,1,1,10,1
2013440360029,2,1,0,18,0,8,0,0,0,0,4,1,6,1,8,-1,-1,-1,10,1
2013440360129,1,1,0,18,0,0,0,0,0,0,1,1,6,1,7,-1,-1,-1,10,1
2013440360129,2,1,0,18,0,0,0,0,0,0,1,1,6,1,8,-1,-1,-1,9,1
2013440360131,1,9,0,18,0,0,0,0,1,4,1,1,6,1,6,1598,1,9,5,3
2013440360221,1,9,0,18,0,0,1,0,0,0,1,1,6,1,10,1598,1,13,6,3
2013440360221,2,9,0,18,0,0,0,0,1,1,1,1,6,2,6,1124,1,10,4,1
2013440360312,1,9,0,18,0,0,0,0,1,7,1,1,6,2,8,1388,1,8,7,1
2013440360396,1,5,0,7,0,8,0,0,7,0,4,1,6,1,10,599,1,9,6,1
2013440360888,1,9,0,17,0,0,1,0,1,4,4,1,6,1,4,1242,1,8,7,1
2013440360981,1,9,0,18,0,0,0,0,4,6,1,1,1,2,6,1968,2,-1,3,1
2013440361039,1,3,0,7,0,8,1,0,0,0,3,1,6,1,4,124,1,4,9,1
2013440361577,1,9,0,18,0,0,5,0,7,2,1,1,6,2,4,1299,1,9,10,1
2013440361685,1,11,0,18,0,2,0,0,0,0,1,1,1,1,9,6370,2,7,2,1
2013440361720,1,9,0,11,0,2,0,0,0,0,4,1,6,2,4,1229,1,7,3,1
2013440361720,2,9,0,12,0,2,0,0,0,0,3,1,1,1,8,-1,-1,-1,4,1
2013440361736,1,9,0,9,0,8,0,0,0,0,4,1,1,1,8,-1,-1,-1,5,1
2013440361736,2,1,0,18,9,8,0,0,0,0,1,1,6,2,7,-1,-1,-1,6,1
2013440361757,1,9,0,4,0,8,0,0,0,0,1,1,2,1,6,1248,2,3,8,1
2013440361757,2,9,0,4,0,8,0,0,0,0,1,1,6,1,11,-1,-1,-1,10,1
2013440361758,1,19,0,4,0,0,0,0,0,0,3,1,2,1,8,1870,2,8,7,1
2013440361758,2,1,0,13,0,0,0,0,0,0,1,1,6,1,4,-1,-1,-1,5,1
2013440361764,1,1,0,18,0,0,0,0,1,11,3,1,2,1,5,-1,-1,-1,4,1
2013440361764,2,9,0,15,0,0,0,0,0,0,4,1,6,3,-1,-1,-1,-1,-1,-1
2013440361772,1,1,0,18,0,1,0,0,0,0,1,1,6,1,4,-1,-1,-1,6,1
2013440361772,2,19,0,7,0,5,0,0,0,0,4,1,6,3,-1,-1,-1,-1,-1,-1
2013440361827,1,9,0,4,0,0,0,0,0,0,4,1,3,1,4,1596,1,8,3,1
2013440361827,2,1,0,15,0,0,0,0,0,0,3,1,4,2,2,-1,-1,-1,2,1
2013440361844,1,5,0,15,0,8,0,0,0,0,1,1,6,1,6,599,1,10,2,1
2013440361844,2,9,0,7,0,8,0,0,0,0,3,1,6,2,10,1229,1,6,8,3
2013440361987,1,9,0,18,0,8,0,0,0,0,4,1,6,2,5,1995,2,5,9,1
2013440362138,1,1,0,5,0,1,0,0,0,0,3,1,1,1,7,-1,-1,-1,5,1
2013440362138,2,9,0,5,0,1,0,0,0,0,4,1,6,1,-1,-1,-1,-1,7,1
2013440362226,1,9,0,9,0,8,0,0,0,0,1,1,6,1,4,1368,1,6,9,1
2013440362226,2,9,0,18,0,8,0,0,0,0,3,1,6,1,5,1497,1,13,10,2
2013440362447,1,9,0,18,0,0,0,0,0,0,1,1,2,1,7,1896,2,10,8,1
2013440362654,1,9,0,18,0,0,0,0,1,4,1,1,6,1,5,1598,1,9,2,1
2013440362674,1,3,0,18,0,8,0,0,0,0,1,1,2,1,4,124,1,2,2,1
2013440362704,1,9,0,9,0,1,0,0,0,0,3,1,6,2,7,1997,2,11,7,1
2013440362704,2,9,0,18,0,1,0,0,0,0,1,1,6,1,6,1990,1,19,7,1
2013440362792,1,5,0,18,0,8,1,0,0,0,0,1,6,1,10,790,1,9,3,1
2013440362792,2,9,0,9,0,8,0,0,0,0,0,1,6,1,5,1997,1,11,5,1
2013440362815,1,9,0,7,0,6,0,0,0,0,1,1,6,2,9,973,1,13,9,3
2013440362815,2,1,0,18,0,1,0,0,0,0,4,1,6,1,8,-1,-1,-1,1,1
2013440362822,1,5,0,13,0,0,1,0,0,0,4,1,6,1,9,1450,1,9,5,1
2013440362895,1,9,0,3,0,8,0,0,0,0,2,1,3,1,6,1990,1,15,7,1
2013440362895,2,9,0,4,0,8,0,0,0,0,1,1,2,3,-1,1296,1,18,-1,-1
2013440362910,1,3,0,16,0,8,1,0,0,0,0,1,2,1,6,-1,-1,-1,5,1
2013440362987,1,9,0,4,0,0,0,0,0,0,2,1,2,1,8,1910,2,9,4,1
2013440362987,2,1,0,18,0,0,0,0,0,0,1,1,6,1,5,-1,-1,-1,-1,-1
2013440363025,1,19,0,1,0,8,0,0,0,0,2,1,1,1,8,1461,2,4,8,3
2013440363025,2,1,0,3,0,8,0,10,0,0,1,1,2,1,6,-1,-1,-1,3,2
2013440363029,1,9,0,3,0,0,0,0,0,0,2,1,2,1,8,1600,2,2,-1,-1
2013440363029,2,19,0,3,0,0,0,0,0,0,2,1,2,1,9,1248,2,6,-1,-1
2013440363029,3,9,0,4,0,0,0,0,0,0,1,1,2,1,8,1995,2,3,10,1
2013440363029,4,9,0,4,0,0,0,0,0,0,4,1,2,2,8,1984,1,6,-1,-1
2013440363029,5,9,0,4,0,0,0,0,0,0,1,1,6,2,8,1360,1,7,10,1
2013440363042,1,1,0,18,0,8,0,0,0,0,1,1,4,1,2,-1,-1,-1,10,1
2013440363042,2,9,0,5,0,8,0,0,0,0,4,1,6,3,-1,1388,1,10,-1,-1
2013440363122,1,2,0,7,0,8,1,0,0,0,0,1,6,1,4,49,1,8,5,1
2013440363133,1,1,0,18,0,0,0,0,0,0,3,1,6,1,4,-1,-1,-1,7,1
2013440363133,2,3,0,18,0,0,0,0,0,0,4,1,2,1,6,124,1,-1,6,1
2013440363227,1,9,0,9,0,8,0,0,0,0,1,1,1,1,8,1598,2,1,4,1
2013440363249,1,9,0,3,0,8,0,0,0,0,2,1,6,2,7,1388,1,5,5,1
2013440363249,2,9,0,4,0,8,0,0,0,0,1,1,6,1,-1,1560,2,7,10,1
2013440363314,1,19,0,18,0,8,0,0,0,0,4,1,6,3,-1,-1,-1,-1,-1,-1
2013440363324,1,9,0,7,0,8,0,0,0,0,1,1,1,1,8,-1,-1,-1,6,1
2013440363324,2,1,0,18,0,8,0,0,0,0,4,1,1,1,6,-1,-1,-1,8,1
2013440363349,1,9,0,18,0,0,0,0,0,0,1,1,1,2,9,1398,2,8,6,1
2013440363349,2,9,0,18,0,0,0,0,0,0,1,1,6,2,9,998,1,5,3,1
2013440363406,1,9,0,18,0,8,1,4,0,0,3,1,6,2,4,1124,1,13,5,1
2013440363406,2,9,0,2,0,8,0,0,0,0,4,1,6,1,5,1400,1,13,5,1
2013440363486,1,19,0,18,0,0,0,0,0,0,3,1,1,1,6,1686,2,9,7,1
2013440363486,2,9,5,18,0,0,0,0,0,0,3,1,1,3,-1,3628,2,3,-1,-1
2013440363510,1,9,0,18,0,0,0,0,0,0,1,1,6,1,6,1598,1,6,8,1
2013440363510,2,1,0,18,0,0,0,0,0,0,1,1,6,2,5,-1,-1,-1,8,1
2013440363521,1,9,0,7,0,8,0,0,3,10,1,1,6,1,11,2685,2,10,-1,1
2013440363930,1,9,0,18,0,0,0,0,0,0,1,1,2,1,8,1388,1,16,1,1
2013440363949,1,9,0,17,0,0,5,0,1,0,3,1,2,1,9,1870,2,11,8,1
2013440364065,1,9,0,3,0,1,0,0,0,0,2,1,6,2,9,998,1,2,3,1
2013440364065,2,9,0,5,0,1,0,0,0,0,1,1,6,1,5,1360,1,7,-1,-1
2013440364092,1,9,0,18,0,0,0,0,0,0,3,1,6,2,8,1798,2,3,4,1
2013440364194,1,9,0,16,0,0,1,0,7,1,1,1,6,1,6,1598,1,1,10,2
2013440364376,1,9,0,2,0,0,0,0,0,0,3,1,6,1,6,-1,-1,-1,2,1
2013440364376,2,9,0,15,0,0,0,0,0,0,3,1,6,3,-1,-1,-1,-1,-1,-1
2013440364427,1,1,0,18,0,8,0,0,0,0,1,1,1,1,6,-1,-1,-1,10,1
2013440364427,2,19,0,9,0,8,0,0,0,0,1,1,6,1,-1,-1,-1,-1,-1,-1
2013440364811,1,9,0,18,0,4,0,0,0,0,1,1,6,1,10,1086,1,4,6,1
2013440364811,2,2,0,9,0,8,0,0,0,0,4,1,2,1,6,85,1,6,5,1
2013440364816,1,9,0,5,0,4,0,0,0,0,1,1,3,2,7,2488,2,7,2,1
2013440364816,2,1,0,18,0,8,0,0,0,0,4,1,6,1,5,-1,-1,-1,1,1
2013440364840,1,9,0,9,0,6,0,0,0,0,0,1,2,1,7,-1,-1,-1,10,1
2013440364840,2,3,0,18,0,1,1,0,0,0,0,1,2,1,8,124,1,4,6,1
2013440364856,1,9,0,16,0,0,0,0,0,0,0,1,2,1,7,1299,1,10,6,2
2013440364856,2,1,0,17,0,0,0,0,0,0,0,1,4,1,4,-1,-1,-1,10,2
2013440364866,1,9,0,18,0,1,0,0,0,0,1,1,6,2,7,1364,1,3,5,1
2013440364950,1,9,0,18,0,0,0,0,0,0,1,1,6,3,-1,-1,-1,-1,-1,-1
2013440364963,1,9,0,18,0,1,0,0,0,0,4,1,6,2,5,1198,1,8,3,1
2013440364963,2,9,0,5,0,1,0,0,0,0,3,1,6,3,-1,1360,1,8,-1,-1
2013440365109,1,9,0,4,0,1,0,0,0,0,2,1,1,1,7,1995,2,4,3,1
2013440365109,2,9,0,18,0,1,0,0,0,0,2,1,6,1,6,-1,-1,-1,10,1
2013440365109,3,9,0,18,0,1,0,0,0,0,1,1,1,2,6,2494,1,10,6,1
2013440365152,1,9,0,18,0,0,0,0,0,0,1,1,6,1,8,1360,1,10,4,1
2013440365152,2,9,0,13,0,0,0,0,0,0,4,1,6,3,-1,-1,-1,-1,-1,-1
2013440365152,3,1,0,18,0,0,0,0,0,0,3,1,6,1,11,-1,-1,-1,7,1
2013440365179,1,9,0,18,0,1,0,0,0,0,1,1,6,3,-1,-1,-1,-1,-1,-1
2013440365179,2,1,0,9,0,1,0,0,0,0,3,1,6,1,3,-1,-1,-1,10,1
2013440365269,1,9,0,17,0,0,1,0,7,4,1,1,6,1,6,1390,1,17,3,1
2013440365437,1,9,0,18,0,8,0,0,0,0,0,1,6,3,-1,-1,-1,-1,-1,-1
2013440365437,2,11,0,4,0,1,0,0,0,0,0,1,6,1,9,7300,2,8,10,1
2013440365589,1,9,0,9,0,6,0,0,0,0,3,1,6,2,11,1061,1,10,10,1
2013440365589,2,1,0,18,0,1,0,0,0,0,1,1,6,2,6,-1,-1,-1,9,1
2013440365601,1,9,0,18,0,8,0,0,0,0,4,1,6,1,5,1124,1,12,5,1
2013440365601,2,9,0,9,0,4,0,0,0,0,1,1,6,2,4,1242,1,-1,2,1
2013440365601,3,5,0,18,0,8,0,0,0,0,1,1,6,1,5,781,1,15,2,1
2013440365626,1,19,0,10,0,1,0,0,0,0,2,1,1,2,9,2198,2,4,10,1
2013440365626,2,9,0,18,0,1,0,0,0,0,1,1,6,2,9,1242,1,1,10,1
2013440365849,1,9,0,6,0,0,0,0,0,0,4,1,2,2,7,998,1,13,6,1
2013440365849,2,9,0,18,0,0,1,0,0,0,1,1,2,1,8,1598,1,12,10,1
2013440365894,1,9,0,7,0,8,0,0,0,0,4,1,6,2,7,973,1,14,-1,-1
2013440365894,2,1,0,18,0,8,1,0,0,0,3,1,2,1,9,-1,-1,-1,4,1
2013440366030,1,9,0,18,0,0,0,0,0,0,1,1,6,2,6,1242,1,10,2,1
2013440366030,2,1,0,5,0,0,0,0,0,0,3,1,6,2,3,-1,-1,-1,6,1
2013440366339,1,9,0,9,0,5,0,0,0,0,4,1,1,2,5,1242,1,9,10,1
2013440366339,2,1,0,15,0,1,0,0,0,0,1,1,6,1,7,-1,-1,-1,10,1
2013440366419,1,9,0,18,0,1,1,0,0,0,1,1,3,2,7,1598,1,13,2,1
2013440366419,2,9,0,4,0,1,0,0,0,0,2,1,3,1,7,1988,1,13,1,1
2013440366606,1,11,0,4,0,0,0,0,0,0,4,1,1,3,-1,-1,-1,-1,-1,-1
2013440366735,1,5,0,4,0,1,1,0,0,0,4,1,6,1,7,1085,1,20,6,1
2013440366908,1,9,0,3,0,1,0,0,0,0,2,1,1,2,7,1995,1,5,8,3
2013440366908,2,9,0,4,0,1,0,0,0,0,1,1,6,1,7,1794,1,7,7,1
2013440366948,1,9,0,18,0,2,0,0,0,0,4,1,6,1,5,1398,1,10,5,1
2013440366948,2,9,0,18,0,1,0,0,0,0,1,1,6,1,6,1997,2,5,3,1
2013440367082,1,1,0,9,0,2,0,0,1,0,2,1,6,1,8,-1,-1,-1,10,1
2013440367082,2,9,0,7,0,3,0,0,0,0,1,1,6,2,9,1590,1,11,10,1
2013440367087,1,9,0,18,0,0,0,0,0,0,1,1,1,1,5,1753,2,11,5,1
2013440367093,1,9,0,18,0,0,0,0,0,0,4,1,2,2,8,1896,2,10,8,1
2013440367131,1,9,0,4,0,0,0,0,0,0,2,1,2,2,6,2492,1,12,4,1
2013440367131,2,9,0,18,0,0,0,0,0,0,1,1,6,3,-1,-1,-1,-1,-1,-1
2013440367162,1,1,0,18,0,0,0,0,0,0,1,1,6,1,3,-1,-1,-1,2,1
2013440367162,2,9,0,18,0,0,0,0,0,0,4,1,6,1,4,1149,1,11,1,1
2013440367434,1,9,0,18,0,0,1,0,1,0,0,1,6,1,7,1910,2,9,4,1
2013440367434,2,9,0,18,0,0,1,0,1,0,3,1,6,1,5,1600,1,14,3,1
2013440367438,1,9,0,9,0,6,0,0,0,0,1,1,6,1,7,1998,1,10,4,1
2013440367438,2,1,0,18,0,1,0,0,0,0,4,1,6,1,4,-1,-1,-1,3,1
2013440367503,1,2,0,18,0,0,0,0,0,0,4,1,6,3,-1,125,1,6,-1,-1
2013440367974,1,9,0,10,0,1,0,0,0,0,2,1,6,2,9,2000,1,13,10,1
2013440367974,2,9,0,3,0,1,0,0,0,0,2,1,6,3,-1,1988,1,10,-1,-1
2013440367974,3,9,0,4,0,1,0,0,0,0,1,1,6,3,-1,1560,2,6,-1,-1
2013440368070,1,9,0,5,0,0,0,0,0,0,4,1,1,1,8,1399,2,10,1,1
2013440368091,1,3,0,17,0,1,1,0,0,0,3,1,6,1,5,124,1,13,3,1
2013440368091,2,19,0,2,0,1,0,0,0,0,3,1,6,1,7,1896,2,7,3,1
2013440368114,1,9,0,9,0,8,0,0,0,0,3,1,6,1,-1,-1,-1,-1,-1,-1
2013440368114,2,1,0,18,0,8,0,0,0,0,3,1,6,1,9,-1,-1,-1,9,1
2013440368166,1,9,0,3,0,1,0,0,0,0,2,1,6,2,10,-1,-1,-1,8,1
2013440368166,2,9,0,18,0,1,0,0,0,0,1,1,6,2,8,2597,1,10,8,1
2013440368316,1,9,0,18,0,1,0,0,0,0,3,1,6,2,9,1998,1,11,-1,-1
2013440368316,2,9,0,9,0,6,0,0,0,0,1,1,6,2,10,2544,1,18,-1,-1
2013440368556,1,9,0,18,0,1,0,0,0,0,1,1,6,1,10,1242,1,7,6,1
2013440368556,2,9,0,10,0,6,0,0,0,0,3,1,6,2,7,1390,1,3,10,1
2013440368572,1,9,0,4,0,1,0,0,0,0,2,1,6,1,6,1995,2,9,2,1
2013440368572,2,9,0,18,0,1,0,0,0,0,1,1,6,1,4,973,1,13,10,2
2013440368616,1,9,0,4,0,2,0,0,0,0,2,1,6,2,8,1199,1,13,8,1
2013440368616,2,9,0,18,0,2,0,0,0,0,1,1,6,3,-1,998,1,12,-1,-1
2013440368642,1,9,0,18,0,1,0,0,0,0,1,1,6,1,8,1984,1,1,2,1
2013440368642,2,9,0,4,0,1,0,0,0,0,2,1,6,2,8,1388,1,10,2,1
2013440369118,1,9,0,18,0,0,2,0,5,6,1,1,6,2,4,1461,2,10,8,1
2013440369312,1,9,0,18,0,0,1,0,0,0,1,1,6,1,8,1598,1,13,4,1
2013440369337,1,9,0,18,0,1,1,0,0,0,3,1,6,1,4,-1,-1,-1,-1,-1
2013440369484,1,9,0,18,0,0,0,0,0,0,1,1,6,1,7,-1,-1,-1,7,3
2013440369654,1,9,3,13,0,0,2,0,0,0,3,1,6,1,11,1794,1,12,9,1
2013440369742,1,9,0,1,0,5,0,0,0,0,2,1,6,1,9,1997,2,12,6,1
2013440369856,1,9,0,4,0,1,0,0,0,0,2,1,6,1,10,-1,-1,-1,9,1
2013440369856,2,9,0,4,0,1,0,0,0,0,1,1,6,3,-1,1397,1,4,-1,-1
2013440370144,1,5,0,4,0,1,0,0,0,0,2,1,2,1,5,-1,-1,-1,10,1
2013440370144,2,9,0,18,0,1,0,0,0,0,1,1,6,1,6,1995,2,7,9,1
2013440370287,1,9,0,18,0,0,1,0,0,0,1,1,1,2,6,2198,1,10,5,1
2013440370426,1,9,0,17,0,0,0,0,0,0,3,1,6,1,7,1991,2,10,4,3
2013440370426,2,3,0,16,0,0,0,0,0,0,1,1,2,1,4,125,1,4,5,2
2013440370494,1,9,0,9,0,8,0,0,0,0,3,1,6,1,11,1596,1,13,5,1
2013440370494,2,9,0,18,0,8,0,0,0,0,1,1,3,2,4,1299,1,10,7,1
2013440370951,1,5,0,4,0,1,1,0,0,0,1,1,6,1,5,649,1,6,9,1
2013440370951,2,9,0,3,0,1,0,0,0,0,2,1,6,3,-1,-1,-1,-1,-1,-1
2013440370975,1,9,0,4,0,1,0,0,0,0,2,1,6,1,5,1242,1,16,2,1
2013440370975,2,9,0,4,0,1,0,0,0,0,1,1,1,3,-1,1896,2,6,-1,-1
2013440371057,1,19,0,5,0,8,0,0,0,0,1,1,2,1,6,-1,-1,-1,-1,-1
2013440371057,2,9,0,8,0,8,0,0,0,0,2,1,2,1,9,1998,1,6,10,1
2013440371057,3,19,0,7,0,8,0,0,0,0,2,1,1,1,6,2953,2,8,10,1
2013440371093,1,9,0,9,0,8,0,0,0,0,4,1,6,2,9,1390,1,8,8,1
2013440371093,2,5,0,18,0,8,0,0,1,11,1,1,2,1,5,599,1,13,3,1
2013440371153,1,9,0,18,0,2,0,0,0,0,4,1,6,3,-1,1248,2,-1,-1,-1
2013440371208,1,9,4,4,0,0,0,0,0,0,0,1,1,1,-1,2999,2,12,-1,-1
2013440371224,1,3,0,16,0,8,1,0,0,0,1,1,2,1,4,124,1,7,4,1
2013440371224,2,9,0,9,0,8,0,0,0,0,4,1,6,2,7,1364,1,-1,-1,-1
2013440371651,1,9,0,15,0,0,0,0,0,0,3,1,6,1,10,1242,1,15,8,1
2013440371651,2,5,0,18,0,0,0,0,0,0,3,1,2,1,8,-1,-1,-1,10,1
2013440371698,1,9,0,5,0,4,0,0,0,0,1,1,2,1,11,1248,2,8,10,1
2013440371698,2,1,0,18,0,8,0,0,0,0,4,1,2,1,6,-1,-1,-1,7,1
2013440371863,1,9,0,9,0,8,5,0,0,0,4,1,6,1,11,1398,2,7,10,2
2013440371863,2,9,0,18,0,1,0,0,0,0,1,1,6,1,9,-1,-1,-1,9,1
2013440371942,1,9,0,18,0,1,0,0,0,0,1,1,6,1,6,1587,1,12,4,1
2013440371942,2,19,0,9,0,6,0,0,0,0,3,1,1,1,6,2198,2,2,7,1
2013440372056,1,9,0,18,0,0,0,0,7,4,1,1,6,1,9,1870,2,11,-1,-1
2013440372279,1,21,0,9,0,8,2,0,1,7,1,1,1,1,6,-1,-1,-1,7,1
2013440372419,1,3,0,18,0,0,0,0,0,0,1,1,6,1,4,-1,-1,-1,8,3
2013440372419,2,9,0,4,0,0,0,0,0,0,2,1,6,1,7,1968,2,-1,8,3
2013440372473,1,9,0,5,0,4,0,0,0,0,3,1,6,1,11,1399,1,3,9,1
2013440372473,2,9,0,18,0,8,0,0,0,0,1,1,6,2,10,1242,1,5,8,1
2013440372623,1,9,0,9,0,8,0,0,0,0,3,1,2,2,7,1998,1,12,7,1
2013440372623,2,3,0,14,0,8,0,0,0,0,1,1,6,1,7,124,1,9,5,1
2013440372692,1,9,0,4,0,0,0,0,0,0,2,1,6,2,9,1086,1,7,1,1
2013440372692,2,9,0,18,0,0,1,0,0,0,1,1,6,1,4,1149,1,14,7,1
2013440372725,1,9,0,18,0,0,0,0,0,0,1,1,6,1,10,2962,1,14,3,1
2013440372740,1,8,0,1,0,8,0,0,0,0,2,1,1,1,-1,1910,2,6,1,1
2013440372770,1,9,0,18,0,0,0,4,0,0,1,1,6,1,9,2967,1,11,2,2
2013440372770,2,9,0,2,0,0,0,0,0,0,2,1,6,2,8,1951,2,9,5,3
2013440372770,3,5,0,2,0,0,0,0,0,0,2,1,6,1,8,1250,1,11,5,3
2013440372908,1,9,0,1,0,0,0,0,0,0,2,1,6,1,-1,-1,-1,-1,-1,-1
2013440372924,1,9,0,18,0,8,0,0,0,0,4,1,6,1,5,1984,1,7,-1,-1
2013440372924,2,9,0,18,0,8,0,0,0,0,1,1,6,1,6,1461,2,9,10,1
2013440372981,1,5,0,17,0,0,1,0,1,10,4,1,6,1,4,645,1,13,3,1
2013440372981,2,9,0,17,0,0,0,0,0,0,1,1,6,1,4,1360,1,9,8,1
2013440373050,1,9,0,5,0,8,0,0,0,0,0,1,1,2,9,1910,2,6,5,1
2013440373050,2,1,0,17,0,8,0,0,0,0,0,1,6,1,6,-1,-1,-1,8,1
2013440373141,1,9,0,18,0,8,0,0,0,0,3,1,3,2,6,3179,1,10,6,1
2013440373141,2,9,0,9,0,8,0,0,0,0,1,1,2,2,6,1598,1,12,-1,-1
2013440373179,1,4,0,18,0,0,1,11,0,0,4,1,2,1,7,459,1,6,4,1
2013440373182,1,9,0,18,0,8,0,0,0,0,1,1,2,2,5,1598,1,2,2,1
2013440373182,2,9,0,18,0,8,0,0,0,0,2,1,2,2,5,1198,1,5,2,1
2013440373477,1,9,0,5,0,8,0,0,0,0,1,1,1,2,6,1598,2,1,1,1
2013440373477,2,9,0,18,0,8,0,0,0,0,4,1,6,1,-1,1995,1,10,-1,-1
2013440373497,1,9,0,17,0,0,1,0,1,4,1,1,1,1,4,1199,1,-1,8,1
2013440373567,1,9,0,4,0,0,0,0,0,0,2,1,6,3,-1,-1,-1,-1,-1,-1
2013440373567,2,1,0,18,0,0,0,0,0,0,1,1,6,1,6,-1,-1,-1,10,1
2013440373576,1,9,0,10,0,0,0,0,0,0,2,1,6,2,7,998,1,11,10,1
2013440373576,2,2,0,18,0,0,0,0,0,0,1,1,6,2,4,49,1,3,-1,-1
2013440373649,1,9,0,18,0,8,0,0,0,0,4,1,6,1,5,1597,1,21,9,2
2013440373884,1,19,0,18,0,8,0,0,0,0,3,1,6,1,9,1896,2,16,5,3
2013440373936,1,9,0,18,0,4,0,0,0,0,1,1,2,1,6,1364,1,7,6,1
2013440373936,2,1,0,18,0,8,0,0,0,0,4,1,2,1,7,-1,-1,-1,8,1
2013440373952,1,9,0,4,0,4,0,0,0,0,2,1,6,1,10,1587,1,7,6,1
2013440373952,2,19,0,5,0,1,0,0,0,0,1,1,6,1,6,-1,-1,-1,10,1
2013440374115,1,9,0,4,0,0,0,0,0,0,2,1,6,2,5,1396,1,11,2,1
2013440374115,2,9,0,18,0,0,0,0,0,0,1,1,6,3,-1,998,1,9,-1,-1
2013440374131,1,9,0,18,0,0,1,10,0,0,0,1,2,1,4,1242,1,14,4,1
2013440374131,2,1,0,18,0,0,1,7,1,0,1,1,2,1,7,-1,-1,-1,10,3
2013440374211,1,9,0,10,0,8,0,0,0,0,2,1,6,2,4,1388,1,9,8,1
2013440374211,2,19,0,9,0,8,0,0,0,0,3,1,6,1,-1,2143,2,4,-1,-1