Accident_Index,Vehicle_Reference,Vehicle_Type,Towing_and_Articulation,Vehicle_Manoeuvre,Vehicle_Location-Restricted_Lane,Junction_Location,Skidding_and_Overturning,Hit_Object_in_Carriageway,Vehicle_Leaving_Carriageway,Hit_Object_off_Carriageway,1st_Point_of_Impact,Was_Vehicle_Left_Hand_Drive?,Journey_Purpose_of_Driver,Sex_of_Driver,Age_Band_of_Driver,Engine_Capacity_(CC),Propulsion_Code,Age_of_Vehicle,Driver_IMD_Decile,Driver_Home_Area_Type
2013440389910,2,9,0,18,0,8,0,0,1,0,3,1,6,1,10,1598,2,-1,7,1
2013440389923,1,9,0,18,0,0,0,0,0,0,1,1,6,2,6,1560,2,-1,5,1
2013440389952,1,9,0,18,0,8,0,0,0,0,1,1,6,2,7,1560,2,4,5,1
2013440389952,2,9,0,9,0,8,0,0,0,0,3,1,6,2,8,1995,2,1,8,3
2013440389955,1,9,0,18,0,8,0,0,0,0,1,1,6,1,-1,1896,2,14,-1,-1
2013440389963,1,9,0,18,0,8,0,0,0,0,1,1,6,1,6,1560,2,9,10,1
2013440389963,2,9,0,18,0,8,0,0,0,0,1,1,6,2,8,1598,1,12,9,3
2013440390073,1,2,0,4,0,8,1,0,0,0,1,1,6,1,4,50,1,2,1,1
2013440390177,1,11,0,18,0,0,0,0,0,0,2,1,1,1,8,-1,2,15,8,1
2013440390177,2,9,0,18,0,0,0,0,0,0,1,1,6,3,-1,1400,1,13,-1,-1
2013440390316,1,9,0,18,0,8,0,0,0,0,1,1,2,2,8,1360,1,10,10,1
2013440390349,1,9,0,18,0,0,0,0,0,0,1,1,3,2,6,1397,1,5,9,1
2013440390356,1,9,0,16,0,8,0,0,7,4,1,1,2,2,7,1124,1,13,8,3
2013440390356,2,9,0,5,0,8,0,0,0,0,1,1,6,3,-1,-1,-1,-1,-1,-1
2013440390417,1,9,0,5,0,8,0,0,0,0,2,1,3,2,7,1149,1,3,8,1
2013440390417,2,9,0,18,0,8,0,0,0,0,1,1,6,1,5,1360,1,11,7,3
2013440390601,1,9,0,9,0,8,0,0,0,0,3,1,2,2,10,1149,1,12,8,1
2013440390601,2,9,0,18,0,8,0,0,0,0,1,1,6,2,6,1124,1,14,4,1
2013440390616,1,9,0,4,0,8,0,0,0,0,2,1,6,2,6,1149,1,12,1,1
2013440390616,2,9,0,4,0,8,0,0,0,0,2,1,6,2,6,1598,1,8,5,1
2013440390616,3,9,0,4,0,8,0,0,0,0,1,1,6,1,8,1400,2,6,10,1
2013440390706,1,9,0,18,0,0,0,0,0,0,1,1,6,1,11,1332,1,6,9,1
2013440390706,2,9,0,2,0,0,0,0,0,0,2,1,6,1,9,1560,2,4,-1,-1
2013440390997,1,9,0,18,0,0,0,0,0,0,1,1,6,1,8,1995,2,4,7,1
2013440391010,1,9,0,7,0,8,0,0,0,0,3,1,6,3,-1,-1,-1,-1,8,1
2013440391010,2,9,0,18,0,1,0,0,0,0,1,1,1,2,8,1596,1,2,10,2
2013440391135,1,9,0,9,0,8,0,0,0,0,4,1,6,1,10,2204,2,6,7,3
2013440391135,2,3,0,18,0,8,0,0,0,0,1,1,6,1,8,124,1,3,4,1
2013440391170,1,9,0,7,0,4,0,0,0,0,3,1,3,2,6,998,1,9,10,1
2013440391170,2,9,0,18,0,8,0,0,0,0,3,1,6,2,4,1396,1,13,6,1
2013440391176,1,9,0,9,0,5,0,0,0,0,3,1,6,1,4,1390,1,14,5,1
2013440391176,2,9,0,18,0,1,0,0,0,0,1,1,6,2,6,1248,2,5,5,2
2013440391256,1,3,0,9,0,8,1,0,0,0,4,1,6,2,5,125,1,9,5,1
2013440391256,2,9,0,18,0,8,0,0,0,0,1,1,6,1,6,1896,2,10,5,1
2013440391380,1,9,0,18,0,1,0,0,0,0,1,1,3,2,7,1686,2,-1,2,1
2013440391380,2,9,0,9,0,2,0,0,0,0,1,1,6,2,5,-1,-1,-1,4,1
2013440391805,1,9,0,9,0,8,0,0,0,0,1,1,2,2,5,998,1,11,-1,-1
2013440391805,2,9,0,18,0,1,0,0,0,0,1,1,3,2,7,1686,2,15,2,1
2013440391893,1,9,0,5,0,8,0,0,0,0,3,1,3,1,7,-1,-1,-1,9,1
2013440391893,2,9,0,18,0,8,0,0,0,0,1,1,3,2,6,2656,1,7,10,1
2013440391916,1,9,0,16,0,0,0,0,0,0,1,1,1,1,6,1388,1,11,4,1
2013440391916,2,9,0,17,0,0,0,0,0,0,1,1,1,1,8,1560,2,2,10,1
2013440391946,1,9,0,18,0,1,0,0,0,0,4,1,6,1,6,1242,1,9,9,1
2013440391952,1,19,0,9,0,8,0,0,0,0,3,1,6,1,4,1461,2,10,7,1
2013440391952,2,9,0,18,0,8,0,0,0,0,1,1,6,1,6,1560,2,5,5,1
2013440392020,1,19,0,5,0,0,0,0,0,0,1,1,1,1,10,1868,2,11,6,3
2013440392020,2,9,0,18,0,0,0,0,0,0,1,1,1,1,8,-1,-1,-1,5,3
2013440392205,1,8,0,18,0,8,0,0,0,0,1,1,6,1,9,1598,2,2,6,1
2013440392205,2,1,0,18,0,8,0,0,0,0,1,1,6,1,4,-1,-1,-1,4,1
2013440392216,1,9,0,14,0,0,0,0,0,0,1,1,6,2,9,1598,1,5,8,1
2013440392216,2,9,0,18,0,0,1,0,1,0,1,1,6,1,5,1149,1,12,8,1
2013440392217,1,1,0,18,0,8,0,0,0,0,0,1,6,2,10,-1,-1,-1,5,1
2013440392217,2,9,0,7,0,4,0,0,0,0,0,1,6,1,10,1560,2,-1,10,1
2013440392344,1,9,0,3,0,0,0,0,0,0,2,1,6,2,9,1198,1,-1,10,1
2013440392344,2,9,0,18,0,0,0,0,0,0,1,1,6,2,10,1997,1,19,10,1
2013440392406,1,9,0,17,0,0,1,0,1,0,4,1,1,1,4,998,1,4,9,3
2013440392409,1,11,0,4,0,8,0,0,0,0,2,1,1,2,10,3900,2,10,5,1
2013440392409,2,9,0,4,0,8,0,0,0,0,1,1,6,3,-1,1968,1,7,-1,-1
2013440392423,1,9,0,4,0,1,0,0,0,0,0,1,6,1,5,1998,1,8,1,1
2013440392423,2,9,0,4,0,1,0,0,0,0,1,1,6,2,8,1896,1,15,5,1
2013440392446,1,1,0,9,0,8,0,0,0,0,3,1,2,2,7,-1,-1,-1,4,1
2013440392446,2,9,0,9,0,8,0,0,0,0,1,1,6,1,-1,2401,2,7,-1,-1
2013440392477,1,90,0,1,0,0,0,0,0,0,2,1,1,1,6,7146,2,4,7,1
2013440392477,2,9,0,3,0,0,0,0,0,0,1,1,6,1,9,1995,2,11,1,1
2013440392494,1,9,0,17,0,0,1,0,1,9,1,1,6,2,5,1299,1,10,9,1
2013440392563,1,9,0,18,0,0,0,0,0,0,1,1,3,2,7,1388,1,5,8,1
2013440392563,2,1,0,18,0,0,0,0,0,0,1,1,6,1,3,-1,-1,-1,4,1
2013440392600,1,9,0,18,0,0,0,0,0,0,1,1,6,1,11,2953,2,9,8,3
2013440392600,2,16,0,18,0,0,0,0,0,0,2,1,6,2,8,-1,-1,-1,9,2
2013440392655,1,9,0,4,0,8,0,0,0,0,2,1,2,2,5,1242,1,-1,7,1
2013440392655,2,9,0,18,0,1,0,0,0,0,1,1,2,1,10,1870,2,11,7,3
2013440392736,1,9,0,1,0,0,0,0,0,0,2,1,6,1,8,1229,1,7,10,3
2013440392943,1,9,0,5,0,4,0,0,0,0,1,1,6,2,4,998,1,6,7,1
2013440392943,2,1,0,9,0,8,0,0,0,0,4,1,6,2,6,-1,-1,-1,7,1
2013440392961,1,9,0,11,0,1,2,0,0,0,1,1,1,1,6,1368,1,-1,6,1
2013440392979,1,9,0,17,0,1,0,0,1,4,1,1,6,1,4,1390,1,14,9,1
2013440393137,1,9,0,18,0,0,0,0,0,0,1,1,1,2,6,1296,1,5,1,1
2013440393137,2,9,0,4,0,0,0,0,0,0,2,1,1,1,7,2143,2,1,8,3
2013440393240,1,19,0,18,0,0,0,0,0,0,1,1,1,1,6,2143,2,3,-1,-1
2013440393240,2,1,0,18,0,0,0,0,0,0,2,1,6,1,7,-1,-1,-1,5,1
2013440393241,1,2,0,18,0,8,1,0,0,0,1,1,6,1,7,49,1,12,6,1
2013440393241,2,9,0,5,0,8,0,0,0,0,3,1,6,1,7,1595,1,6,6,1
2013440393363,1,9,0,18,0,0,1,0,0,0,1,1,2,1,8,1997,2,11,9,1
2013440393363,2,9,0,4,0,0,0,0,0,0,1,1,1,1,7,-1,-1,-1,8,1
2013440393459,1,9,0,16,0,0,1,0,0,0,2,1,3,1,6,1796,1,12,1,1
2013440393459,2,9,0,16,0,0,1,0,0,0,1,1,2,2,5,1560,2,3,1,1
2013440393903,1,9,0,4,0,1,0,0,0,0,2,1,6,2,7,1796,1,5,3,1
2013440393903,2,9,0,5,0,1,0,0,0,0,1,1,6,1,6,1994,2,11,6,1
2013440393905,1,9,0,18,0,0,0,0,0,0,1,1,6,1,10,1390,1,6,5,1
2013440393905,2,1,0,18,0,0,0,0,0,0,1,1,6,2,2,-1,-1,-1,3,1
2013440393984,1,9,0,18,0,0,0,0,0,0,1,1,6,2,6,1149,1,9,7,1
2013440393984,2,9,0,18,0,0,0,0,0,0,1,1,6,2,6,1242,1,6,7,1
2013440394156,1,9,0,9,0,8,0,0,0,0,1,1,2,2,10,1388,1,4,9,1
2013440394156,2,1,0,17,0,8,0,0,0,0,2,1,2,1,9,-1,-1,-1,6,1
2013440394334,1,9,0,4,0,1,1,0,0,0,1,1,6,1,6,1242,1,14,3,1
2013440394334,2,9,0,4,0,1,0,0,0,0,2,1,6,1,5,1229,1,-1,2,1
2013440394334,3,9,0,18,0,8,0,0,0,0,4,1,6,1,11,1398,1,2,7,1
2013440394455,1,9,0,17,0,0,5,0,8,10,1,1,6,1,4,1124,1,13,6,1
2013440394604,1,9,0,4,0,8,0,0,0,0,1,1,6,3,-1,1397,1,5,-1,-1
2013440394604,2,1,0,18,0,8,0,0,0,0,2,1,1,1,3,-1,-1,-1,6,1
2013440394783,1,9,0,5,0,8,0,0,0,0,1,1,2,2,8,1587,1,11,8,1
2013440394783,2,1,0,5,0,8,0,0,0,0,2,1,6,1,3,-1,-1,-1,8,1
2013440394823,1,9,0,18,0,0,0,0,0,0,1,1,6,3,-1,-1,-1,-1,-1,-1
2013440394831,1,9,0,5,0,1,1,0,0,0,1,1,3,2,6,1596,1,9,6,3
2013440394831,2,9,0,4,0,1,0,0,0,0,2,1,1,2,6,1198,1,2,10,1
2013440394831,3,9,0,4,0,1,0,0,0,0,2,1,1,1,7,1560,2,-1,10,1
2013440394835,1,9,0,17,0,0,0,0,0,0,3,1,6,1,7,2495,2,7,9,3
2013440394835,2,9,0,16,0,0,0,0,0,0,1,1,6,1,9,4244,1,8,4,1
2013440395009,1,19,0,10,0,8,0,0,0,0,2,1,6,1,6,1867,2,12,5,1
2013440395009,2,9,0,18,0,8,0,0,0,0,1,1,6,3,-1,1995,2,1,-1,-1
2013440395062,1,90,0,13,0,8,0,0,0,0,1,1,1,1,6,2987,2,-1,3,1
2013440395062,2,20,0,9,0,8,0,0,0,0,2,1,1,1,9,3920,2,9,7,1
2013440395064,1,1,0,18,0,1,0,0,0,0,1,1,6,1,3,-1,-1,-1,3,1
2013440395064,2,19,0,5,0,1,0,0,0,0,4,1,1,1,8,2198,2,1,2,1
2013440395187,1,9,0,9,0,8,0,0,0,0,1,1,6,1,8,-1,-1,-1,4,1
2013440395187,2,9,0,18,0,8,0,0,0,0,1,1,6,1,6,1796,1,9,4,1
2013440395241,1,9,0,11,0,0,0,0,0,0,1,1,1,1,6,1956,2,4,4,1
2013440395241,2,3,0,13,0,0,0,0,0,0,3,1,2,1,7,125,1,1,7,1
2013440395499,1,5,0,13,0,0,0,0,0,0,1,1,6,1,7,892,1,17,3,1
2013440395499,2,9,0,12,0,0,0,0,0,0,3,1,6,1,8,1997,2,4,8,3
2013440395499,3,19,0,18,0,0,0,0,0,0,3,1,6,1,6,1995,2,1,5,1
2013440395499,4,9,0,18,0,0,0,0,0,0,4,1,6,1,9,-1,-1,-1,10,1
2013440395527,1,9,0,11,0,0,0,0,0,0,4,1,6,1,6,1769,1,11,9,3
2013440395527,2,9,0,18,0,0,0,0,0,0,3,1,6,2,4,1390,1,3,8,3
2013440395527,3,9,0,18,0,0,0,0,0,0,3,1,6,1,5,1686,2,6,4,1
2013440395594,1,1,0,18,0,8,0,0,0,0,1,1,2,1,6,-1,-1,-1,2,1
2013440395594,2,9,0,7,0,8,0,0,0,0,4,1,2,1,9,998,1,24,6,1
2013440395681,1,9,0,3,0,1,0,0,0,0,2,1,6,1,8,1598,1,14,4,1
2013440395681,2,19,0,4,0,1,0,0,0,0,1,1,6,3,-1,1995,2,2,-1,-1
2013440395724,1,9,0,4,0,0,0,0,0,0,2,1,6,2,8,4293,1,12,10,1
2013440395724,2,9,0,18,0,0,0,0,0,0,1,1,6,2,5,-1,-1,-1,3,1
2013440395836,1,9,0,18,0,1,0,0,0,0,1,1,6,1,9,2494,1,14,5,2
2013440395836,2,1,0,18,0,2,0,0,0,0,4,1,6,1,4,-1,-1,-1,2,1
2013440395860,1,5,0,18,0,1,1,0,0,0,4,1,6,1,6,636,1,9,3,1
2013440396523,1,9,0,1,0,6,0,0,0,0,2,1,1,2,5,698,1,7,5,1
2013440396523,2,20,0,18,0,1,0,0,0,0,4,1,2,1,8,6871,2,-1,9,1
2013440396599,1,9,0,18,0,1,0,0,0,0,3,1,6,1,7,1599,1,8,6,1
2013440396599,2,9,0,18,0,1,0,0,0,0,4,1,6,1,6,1968,2,6,7,1
2013440396599,3,9,0,5,0,6,0,0,0,0,1,1,6,1,11,1995,1,3,6,1
2013440396674,1,9,0,18,0,0,1,0,0,0,1,1,6,1,8,998,1,15,5,1
2013440396674,2,9,0,4,0,0,0,0,0,0,2,1,6,1,6,1598,1,6,5,1
2013440396675,1,1,0,18,0,0,0,0,0,0,3,1,6,2,6,-1,-1,-1,2,1
2013440396675,2,9,0,13,0,0,0,0,0,0,4,1,6,3,-1,-1,-1,-1,-1,-1
2013440396729,1,9,0,18,0,7,0,0,0,0,1,1,2,1,11,1389,1,18,4,1
2013440396729,2,9,0,3,0,7,0,0,0,0,2,1,6,1,9,1796,1,12,7,1
2013440396897,1,9,0,18,0,0,0,0,0,0,1,1,6,3,-1,-1,-1,-1,-1,-1
2013440396902,1,9,0,5,0,4,0,0,0,0,1,1,6,2,9,1995,2,2,10,1
2013440396902,2,5,0,17,0,8,0,0,0,0,4,1,6,1,5,600,1,-1,10,1
2013440396945,1,9,0,7,0,4,0,0,0,0,1,1,6,2,9,1598,1,10,7,1
2013440396945,2,1,0,18,0,8,0,0,0,0,4,1,6,1,6,-1,-1,-1,3,1
2013440396977,1,9,0,9,0,5,0,0,0,0,1,1,6,1,5,1399,1,5,7,2
2013440396977,2,9,0,18,0,1,0,0,0,0,1,1,6,2,5,1299,1,12,7,1
2013440396977,3,9,0,2,0,1,0,0,0,0,4,1,6,1,7,1390,1,9,7,1
2013440397072,1,9,0,18,0,4,0,0,0,0,1,1,6,2,4,1229,1,1,9,1
2013440397072,2,9,0,9,0,8,0,0,0,0,4,1,6,2,4,1242,1,9,10,1
2013440397285,1,8,0,5,0,0,0,0,0,0,4,1,6,1,10,-1,-1,-1,8,1
2013440397628,1,9,0,16,0,0,1,0,5,6,1,1,6,2,5,1396,1,9,6,1
2013440397810,1,9,0,3,0,0,0,0,0,0,2,1,6,1,9,1910,2,5,5,1
2013440397810,2,9,0,3,0,0,0,0,0,0,2,1,6,2,7,1998,2,-1,10,2
2013440397810,3,9,0,18,0,0,0,0,0,0,1,1,6,1,8,1596,1,9,10,1
2013440397973,1,9,0,18,0,0,5,0,2,4,4,1,6,1,6,1392,1,15,3,1
2013440398041,1,9,0,16,0,0,5,0,7,4,4,1,6,1,5,1598,1,7,2,1
2013440398070,1,9,0,18,0,1,0,0,0,0,1,1,6,1,9,1598,1,2,10,1
2013440398070,2,9,0,7,0,6,0,0,0,0,3,1,6,2,4,1600,1,9,8,1
2013440398073,1,9,0,9,0,1,0,0,0,0,2,1,6,2,9,1248,1,4,3,1
2013440398073,2,3,0,18,0,1,0,0,0,0,1,1,6,1,8,-1,-1,-1,2,1
2013440398131,1,9,0,18,0,8,0,0,0,0,3,1,6,1,7,1598,1,15,3,1
2013440398131,2,9,0,9,0,8,0,0,0,0,1,1,6,2,6,1997,2,10,9,3
2013440398183,1,9,0,5,0,8,0,0,0,0,1,1,1,2,5,1587,1,10,3,1
2013440398183,2,1,0,18,0,8,0,0,0,0,4,1,6,1,5,-1,-1,-1,1,1
2013440398379,1,9,0,17,0,0,2,0,2,7,4,1,6,2,4,1598,1,12,5,1
2013440398523,1,9,0,5,0,4,0,0,0,0,3,1,1,2,7,1995,2,-1,10,1
2013440398523,2,1,0,18,0,8,0,0,0,0,1,1,1,1,6,-1,-1,-1,10,1
2013440398527,1,9,0,4,0,0,0,0,0,0,2,1,2,1,8,1968,2,1,9,1
2013440398527,2,9,0,4,0,0,0,0,0,0,1,1,2,1,9,1560,2,2,4,1
2013440398527,3,19,0,4,0,0,0,0,0,0,1,1,2,1,8,2198,2,1,4,1
2013440398527,4,9,0,4,0,0,0,0,0,0,1,1,6,1,5,1299,1,12,-1,-1
2013440398656,1,9,0,7,0,5,0,0,0,0,1,1,2,2,7,1910,2,7,-1,-1
2013440398656,2,1,0,18,0,1,0,0,0,0,4,1,2,1,8,-1,-1,-1,5,1
2013440398823,1,9,0,4,0,1,0,0,0,0,2,1,2,2,6,1896,2,10,4,1
2013440398823,2,9,0,4,0,1,0,0,0,0,2,1,2,1,8,1598,2,1,6,1
2013440398823,3,9,0,4,0,1,0,0,0,0,1,1,2,2,4,1299,1,11,9,1
2013440398823,4,9,0,4,0,1,0,0,0,0,1,1,2,2,6,1598,2,1,6,1
2013440398859,1,9,0,16,0,0,0,0,0,0,1,1,2,2,6,1587,1,13,10,2
2013440398859,2,9,0,17,0,0,0,0,0,0,1,1,2,2,5,1389,1,13,9,1
2013440399039,1,9,0,9,0,8,0,0,0,0,4,1,6,1,11,1796,1,6,8,1
2013440399039,2,5,0,18,0,8,0,0,0,0,3,1,6,1,8,1188,1,21,6,1
2013440399157,1,9,0,9,0,8,0,0,0,0,4,1,6,3,-1,-1,-1,-1,-1,-1
2013440399157,2,3,0,9,0,8,0,0,0,0,3,1,6,1,4,124,1,3,7,1
2013440399243,1,9,0,18,0,0,0,0,0,0,2,1,6,1,8,2179,2,11,5,1
2013440399243,2,20,0,18,0,0,0,0,0,0,1,1,1,1,8,4461,2,5,8,1
2013440399319,1,9,0,18,0,8,0,0,0,0,4,1,6,1,8,1591,1,1,3,1
2013440399319,2,9,0,5,0,8,0,0,0,0,1,1,2,2,8,1242,1,1,9,2
2013440399331,1,9,0,9,0,8,0,0,0,0,4,1,6,2,8,1124,1,8,-1,-1
2013440399331,2,1,0,18,4,8,0,0,0,0,1,1,6,1,5,-1,-1,-1,8,1
2013440399362,1,9,0,18,0,1,0,0,0,0,1,1,6,2,5,1596,1,1,8,3
2013440399362,2,9,0,3,0,1,0,0,0,0,2,1,6,2,10,1998,1,11,2,1
2013440399380,1,9,0,5,0,1,0,0,0,0,2,1,1,1,-1,1560,2,-1,3,1
2013440399380,2,9,0,18,0,1,0,0,0,0,1,1,6,2,7,1248,1,1,7,1
2013440399414,1,9,0,16,0,8,0,0,0,0,1,1,6,1,-1,1397,1,13,-1,-1
2013440399414,2,9,0,16,0,8,0,0,0,0,2,1,6,2,7,4999,1,2,9,1
2013440399439,1,9,0,17,0,1,0,0,0,0,1,1,2,2,5,1061,1,9,5,1
2013440399439,2,9,0,9,0,8,0,0,0,0,3,1,3,2,7,1896,2,11,9,1
2013440399480,1,9,0,18,0,2,0,0,0,0,4,1,6,1,11,1951,2,7,8,1
2013440399569,1,1,0,18,0,8,0,0,0,0,4,1,6,1,7,-1,-1,-1,9,1
2013440399569,2,9,0,7,0,8,0,0,0,0,1,1,6,3,-1,1598,1,11,-1,-1
2013440399605,1,9,0,12,0,8,0,0,1,7,3,1,6,3,-1,-1,-1,-1,-1,-1
2013440399605,2,9,0,17,0,8,1,0,0,0,4,1,6,2,4,1299,1,11,9,1
2013440399694,1,9,0,18,0,0,2,0,1,4,1,1,6,1,5,1596,1,8,6,1
2013440399763,1,9,0,9,0,8,0,0,0,0,4,1,6,1,11,1999,1,6,9,1
2013440399763,2,2,0,18,0,8,0,0,0,0,1,1,6,1,4,124,1,1,-1,-1
2013440400227,1,9,0,5,0,4,0,0,0,0,0,1,2,1,6,-1,-1,-1,9,1
2013440400227,2,1,0,18,0,8,0,0,0,0,0,1,2,1,7,-1,-1,-1,4,1
2013440400409,1,9,0,8,0,1,0,0,0,0,2,1,6,2,5,1299,1,13,6,1
2013440400409,2,9,0,4,0,1,0,0,0,0,1,1,6,1,-1,-1,-1,-1,-1,-1
2013440400461,1,9,0,3,0,1,0,0,0,0,2,1,6,2,9,998,1,14,2,1
2013440400461,2,9,0,18,0,1,0,0,0,0,1,1,6,3,-1,2438,1,16,-1,-1
2013440400525,1,11,0,4,0,0,0,0,0,0,3,1,1,1,9,9600,2,12,9,1
2013440400525,2,9,0,13,0,0,0,0,0,0,1,1,6,1,11,1242,1,3,3,2
2013440400525,3,9,0,18,0,0,0,0,0,0,1,1,6,2,8,1198,1,6,5,3
2013440400773,1,11,0,18,0,8,0,0,0,0,0,1,1,3,-1,-1,-1,-1,-1,-1
2013440400773,2,1,0,15,0,8,0,0,0,0,1,1,6,1,7,-1,-1,-1,10,2
2013440400773,3,9,0,9,0,8,0,0,0,0,1,1,6,1,-1,-1,-1,-1,-1,-1
2013440400797,1,9,0,4,0,0,0,0,0,0,2,1,6,2,4,1995,2,-1,9,3
2013440400797,2,9,0,18,0,0,0,0,0,0,1,1,6,3,-1,1973,1,16,-1,-1
2013440400864,1,9,0,12,0,8,0,0,0,0,3,1,1,3,-1,2179,2,7,-1,-1
2013440400864,2,9,0,18,0,8,0,0,0,0,4,1,1,1,6,1995,2,7,5,1
2013440400993,1,9,0,18,0,8,0,0,0,0,4,1,6,1,8,-1,-1,-1,6,1
2013440400993,2,9,0,18,0,8,0,0,0,0,1,1,6,1,6,1896,2,6,3,1
2013440400993,3,19,0,18,0,1,1,0,0,0,1,1,6,1,5,2402,2,10,6,1
2013440401193,1,8,0,4,0,0,0,0,0,0,2,1,1,1,9,1997,2,2,8,1
2013440401193,2,8,0,18,0,0,0,0,0,0,1,1,1,1,7,1997,2,2,10,1
2013440401226,1,9,0,12,0,0,0,0,0,0,1,1,6,1,6,-1,-1,-1,2,1
2013440401226,2,9,0,18,0,0,0,0,0,0,2,1,6,2,10,1388,1,3,2,1
2013440401302,1,3,0,18,0,8,1,0,0,0,1,1,2,1,4,125,1,5,-1,-1
2013440401302,2,9,0,10,0,8,0,0,0,0,1,1,2,2,8,1598,1,10,8,1
2013440401336,1,9,0,4,0,0,0,0,0,0,3,1,6,3,-1,-1,-1,-1,-1,-1
2013440401444,1,9,0,10,0,8,0,0,0,0,2,1,6,2,8,1896,2,11,8,1
2013440401444,2,9,0,3,0,8,0,0,0,0,2,1,6,2,7,1560,2,7,8,1
2013440401444,3,9,0,3,0,8,0,0,0,0,1,1,6,1,11,1598,1,11,5,1
2013440401633,1,9,0,16,0,0,5,0,1,10,4,1,6,1,4,998,1,13,5,2
2013440401642,1,9,0,7,0,6,0,0,0,0,3,1,6,1,7,-1,-1,-1,8,3
2013440401642,2,19,0,18,0,1,0,0,0,0,1,1,1,1,7,2148,2,5,-1,-1
2013440401851,1,9,0,9,0,5,0,0,0,0,3,1,6,1,11,1896,2,6,10,3
2013440401851,2,9,0,18,0,1,0,0,0,0,1,1,6,2,5,1299,1,5,8,3
2013440402072,1,1,0,18,0,8,0,0,0,0,4,1,2,1,5,-1,-1,-1,6,1
2013440402072,2,9,0,5,0,4,0,0,0,0,1,1,6,1,9,1834,1,13,1,1
2013440402100,1,9,0,4,0,0,0,0,1,11,2,1,6,2,7,1984,1,12,10,1
2013440402100,2,9,0,18,0,0,0,0,0,0,1,1,6,2,11,999,1,26,6,1
2013440402100,3,9,0,18,0,0,0,0,0,0,2,1,6,1,-1,1590,1,12,-1,-1
2013440402106,1,2,0,18,0,8,0,0,0,0,1,1,6,1,4,49,1,10,6,3
2013440402106,2,9,0,9,0,8,0,0,0,0,4,1,3,2,7,1390,1,11,10,1
2013440402207,1,10,0,17,0,0,0,0,0,0,3,1,1,1,8,2402,2,3,8,1
2013440402207,2,9,0,16,0,0,0,0,7,0,1,1,6,2,10,1399,2,11,5,3
2013440402217,1,9,0,18,0,1,0,0,0,0,4,1,6,2,10,998,1,-1,4,1
2013440402232,1,9,0,18,0,0,0,0,0,0,1,1,6,1,11,1339,1,4,10,1
2013440402232,2,3,0,4,0,0,0,0,0,0,2,1,6,1,5,124,1,2,10,2
2013440402232,3,19,0,3,0,0,0,0,0,0,2,1,6,1,6,2198,2,-1,4,1
2013440402232,4,9,0,3,0,0,0,0,0,0,2,1,6,1,9,1798,1,11,10,1
2013440402232,5,9,0,3,0,0,0,0,0,0,2,1,6,2,8,998,1,6,10,3
2013440402276,1,9,0,10,0,8,0,0,0,0,2,1,6,1,9,2494,1,14,8,1
2013440402276,2,9,0,18,0,8,0,0,0,0,1,1,6,1,8,1995,1,2,7,3
2013440402276,3,9,0,18,0,8,0,0,0,0,1,1,6,1,11,1896,2,9,9,3
2013440402300,1,9,0,18,0,8,0,0,0,0,4,1,6,3,-1,-1,-1,-1,-1,-1
2013440402317,1,9,0,2,0,0,0,0,0,0,2,1,2,2,6,2688,2,11,7,1
2013440402317,2,19,0,2,0,0,0,0,0,0,2,1,6,1,6,2460,2,5,7,1
2013440402317,3,9,0,16,0,0,0,4,0,0,1,1,2,1,8,2671,1,12,10,1
2013440402409,1,9,0,18,0,0,0,0,0,0,3,1,1,1,5,1299,1,8,6,1
2013440402409,2,3,0,11,0,0,0,0,0,0,1,1,6,1,4,123,1,30,2,1
2013440402653,1,9,0,9,0,8,0,0,0,0,1,1,2,1,7,1590,1,12,4,1
2013440402653,2,1,0,18,0,8,0,0,0,0,4,1,2,1,8,-1,-1,-1,7,1
2013440402659,1,1,0,18,0,0,0,0,0,0,0,1,2,1,7,-1,-1,-1,5,1
2013440402703,1,9,0,18,0,8,0,0,0,0,1,1,6,2,7,1598,1,6,5,1
2013440402703,2,9,0,18,0,8,0,0,0,0,3,1,6,3,-1,2401,2,9,-1,-1
2013440402794,1,9,0,7,0,8,0,0,0,0,3,1,3,2,7,1999,1,6,3,1
2013440402794,2,3,0,18,0,8,0,0,0,0,1,1,6,1,4,124,1,-1,5,1
2013440402815,1,9,0,18,0,8,0,0,0,0,4,1,2,2,5,998,1,16,6,1
2013440402815,2,9,0,9,0,8,0,0,0,0,3,1,6,1,-1,-1,-1,-1,3,1
2013440403118,1,9,0,18,0,8,0,0,0,0,4,1,6,1,4,1388,1,9,8,1
2013440403118,2,9,0,2,0,8,0,0,0,0,2,1,6,3,-1,1968,2,6,-1,-1
2013440403118,3,9,0,2,0,8,0,0,0,0,2,1,6,1,6,1997,1,13,8,1
2013440403165,1,9,0,4,0,8,0,0,0,0,2,1,6,2,7,1896,2,5,5,1
2013440403165,2,9,0,4,0,8,0,0,0,0,1,1,6,3,-1,1388,1,7,-1,-1
2013440403340,1,5,0,12,0,8,0,0,0,0,1,1,6,1,10,996,1,15,7,1