Accident_Index,Vehicle_Reference,Vehicle_Type,Towing_and_Articulation,Vehicle_Manoeuvre,Vehicle_Location-Restricted_Lane,Junction_Location,Skidding_and_Overturning,Hit_Object_in_Carriageway,Vehicle_Leaving_Carriageway,Hit_Object_off_Carriageway,1st_Point_of_Impact,Was_Vehicle_Left_Hand_Drive?,Journey_Purpose_of_Driver,Sex_of_Driver,Age_Band_of_Driver,Engine_Capacity_(CC),Propulsion_Code,Age_of_Vehicle,Driver_IMD_Decile,Driver_Home_Area_Type
2013440418388,2,3,0,18,0,8,0,0,0,0,0,1,6,1,5,124,1,8,8,1
2013440418491,1,2,0,18,0,0,0,0,0,0,0,1,6,1,4,49,1,4,9,3
2013440418491,2,21,0,13,0,0,0,0,0,0,0,1,1,3,-1,-1,-1,-1,-1,-1
2013440418898,1,9,0,9,0,8,0,0,0,0,1,1,2,1,5,1597,1,19,3,1
2013440418898,2,3,0,18,0,8,0,0,0,0,3,1,2,1,5,125,1,5,6,1
2013440418984,1,9,0,9,0,8,0,0,0,0,3,1,1,1,9,1994,2,13,4,1
2013440418984,2,1,0,17,0,8,0,0,0,0,1,1,6,1,5,-1,-1,-1,10,1
2013440419029,1,9,0,18,0,1,0,0,0,0,4,1,6,2,7,1997,1,7,5,1
2013440419029,2,9,0,5,0,1,0,0,0,0,4,1,6,1,8,1598,1,5,1,1
2013440419140,1,9,0,10,0,8,0,0,0,0,2,1,6,1,4,1124,1,21,10,1
2013440419140,2,9,0,18,0,8,0,0,0,0,1,1,6,1,6,1970,1,9,10,1
2013440419153,1,9,0,17,0,0,0,0,1,9,1,1,6,2,5,1360,1,8,6,3
2013440419166,1,9,0,18,0,0,0,0,0,0,3,1,6,2,7,2597,1,10,9,3
2013440419166,2,19,0,18,0,0,0,0,0,0,3,1,6,1,7,2460,2,5,9,1
2013440419172,1,9,0,9,0,8,0,0,0,0,1,1,6,3,-1,-1,-1,-1,-1,-1
2013440419219,1,9,0,9,0,8,0,0,0,0,3,1,6,1,10,2497,2,16,8,3
2013440419219,2,9,0,18,0,8,0,0,0,0,1,1,6,1,6,1896,2,15,8,3
2013440419219,3,9,0,18,0,8,0,0,0,0,1,1,2,1,8,1896,2,11,10,2
2013440419270,1,9,0,5,0,8,0,0,0,0,1,1,6,3,-1,-1,-1,-1,-1,-1
2013440419270,2,1,0,17,0,8,0,0,0,0,4,1,2,1,8,-1,-1,-1,10,1
2013440419298,1,9,0,9,0,8,0,0,0,0,3,1,6,2,4,796,1,13,7,1
2013440419298,2,9,0,18,0,8,0,0,0,0,1,1,6,2,7,1349,1,3,10,2
2013440419450,1,3,0,17,0,0,1,0,0,0,3,1,6,1,5,124,1,11,10,3
2013440419551,1,9,0,18,0,0,0,0,0,0,1,1,2,1,7,1390,2,9,9,1
2013440419551,2,9,0,4,0,0,0,0,0,0,2,1,2,2,7,2400,2,3,8,1
2013440419592,1,9,0,9,0,8,0,0,0,0,3,1,6,1,-1,999,1,5,-1,-1
2013440419592,2,1,0,18,0,8,0,0,0,0,1,1,1,1,6,-1,-1,-1,3,1
2013440419604,1,9,0,18,0,8,0,0,0,0,1,1,6,1,9,1753,2,12,6,2
2013440419820,1,9,0,17,0,8,0,0,0,0,1,1,1,1,-1,2993,2,2,8,3
2013440419903,1,9,0,18,0,8,1,0,0,0,1,1,6,1,11,2179,2,6,8,3
2013440419903,2,9,0,9,0,8,0,0,0,0,4,1,6,2,7,1995,2,11,2,1
2013440419928,1,9,0,18,0,0,0,0,0,0,4,1,6,1,9,1596,1,2,7,1
2013440419967,1,9,0,18,0,8,0,0,0,0,1,1,6,2,-1,1397,1,5,-1,-1
2013440419967,2,9,0,3,0,8,0,0,0,0,2,1,6,2,7,1587,1,10,10,1
2013440419971,1,9,0,10,0,8,0,0,0,0,0,1,6,1,6,2967,2,6,4,1
2013440419971,2,9,0,10,0,8,0,0,0,0,2,1,6,1,10,1896,2,8,6,3
2013440419980,1,3,0,18,0,8,0,0,1,0,3,1,6,1,5,-1,-1,-1,2,1
2013440419980,2,9,0,18,0,8,0,0,0,0,1,1,6,2,11,3301,1,16,7,1
2013440420100,1,9,0,5,0,8,0,0,0,0,1,1,2,1,8,-1,-1,-1,5,1
2013440420100,2,19,0,5,0,8,0,0,0,0,2,1,2,1,6,1870,2,7,8,1
2013440420297,1,9,0,18,0,0,0,0,0,0,3,1,6,2,6,1896,2,9,1,1
2013440420347,1,9,0,4,0,1,0,0,0,0,3,1,3,2,6,3311,8,6,10,1
2013440420381,1,9,0,18,0,0,0,0,0,0,1,1,6,1,11,1938,1,10,4,1
2013440420462,1,9,0,7,0,6,0,0,0,0,3,1,2,1,8,1995,2,2,7,2
2013440420462,2,1,0,18,0,1,0,0,0,0,4,1,2,1,6,-1,-1,-1,9,1
2013440420515,1,3,0,18,0,8,0,0,0,0,4,1,2,1,5,124,1,-1,10,1
2013440420515,2,9,0,9,0,8,0,0,0,0,1,1,2,2,5,1397,1,4,10,1
2013440420541,1,9,0,18,0,8,0,0,0,0,4,1,1,1,7,-1,-1,-1,8,1
2013440420541,2,9,0,18,0,8,0,0,0,0,1,1,6,2,7,1598,1,9,9,1
2013440420544,1,9,0,4,0,8,0,0,0,0,2,1,2,2,8,2143,2,2,10,1
2013440420544,2,9,0,4,0,8,0,0,0,0,1,1,2,1,4,1299,1,13,7,1
2013440420544,3,9,0,4,0,8,0,0,0,0,1,1,2,1,7,1199,1,10,8,1
2013440420590,1,9,0,18,0,0,0,0,0,0,2,1,6,2,6,1896,2,10,5,1
2013440420590,2,9,0,18,0,0,0,0,0,0,1,1,6,1,-1,-1,-1,-1,-1,-1
2013440420730,1,9,0,9,0,8,0,0,0,0,1,1,6,1,-1,1364,1,4,10,1
2013440420878,1,3,0,4,0,8,1,0,0,0,0,1,1,1,5,109,1,5,6,1
2013440420878,2,9,0,2,0,8,0,0,0,0,0,1,1,1,7,1685,2,-1,4,1
2013440421030,1,2,0,18,0,2,1,0,0,0,3,1,2,1,4,49,1,1,10,1
2013440421030,2,9,0,5,0,2,0,0,0,0,4,1,2,1,7,1998,2,9,4,1
2013440421082,1,9,0,18,0,1,0,0,0,0,1,1,6,1,6,1988,1,10,3,1
2013440421082,2,9,0,3,0,1,0,0,0,0,3,1,6,1,8,1995,2,2,10,1
2013440421082,3,9,0,3,0,1,0,0,0,0,2,1,6,1,-1,1364,1,7,-1,-1
2013440421092,1,9,0,7,0,4,0,0,0,0,1,1,6,3,-1,-1,-1,-1,-1,-1
2013440421092,2,1,0,18,0,8,0,0,0,0,4,1,6,2,6,-1,-1,-1,8,1
2013440421114,1,9,0,9,0,8,0,0,0,0,1,1,2,2,8,998,1,12,2,1
2013440421114,2,5,0,18,0,8,0,0,0,0,1,1,6,1,6,599,1,15,2,1
2013440421145,1,9,0,5,0,8,0,0,0,0,3,1,2,2,5,1296,1,6,9,3
2013440421145,2,9,0,18,0,8,0,0,4,0,1,1,2,2,7,1299,1,9,8,2
2013440421158,1,1,0,18,0,8,0,0,0,0,0,1,6,2,7,-1,-1,-1,8,1
2013440421158,2,9,0,18,0,8,0,0,0,0,0,1,6,1,-1,-1,-1,-1,8,1
2013440421222,1,9,0,9,0,8,0,0,0,0,3,1,6,2,6,1798,1,2,2,1
2013440421222,2,2,0,13,0,8,0,0,0,0,1,1,6,1,4,49,1,-1,5,1
2013440421232,1,9,0,18,0,0,0,0,1,4,1,1,6,2,7,1747,1,12,7,1
2013440421369,1,9,0,18,0,8,0,0,0,0,3,1,2,2,7,1398,2,4,9,1
2013440421369,2,9,0,9,0,8,0,0,0,0,4,1,6,2,11,998,1,3,7,3
2013440421545,1,5,0,11,0,0,0,0,1,1,1,1,6,1,9,-1,-1,-1,4,1
2013440421691,1,9,0,7,0,8,0,0,0,0,4,1,6,1,-1,996,1,-1,-1,-1
2013440421691,2,1,0,18,0,8,0,0,0,0,1,1,6,1,9,-1,-1,-1,-1,-1
2013440421709,1,9,0,18,0,0,0,0,0,0,4,1,2,1,8,1587,1,14,3,1
2013440421709,2,1,0,12,0,0,0,0,1,0,1,1,6,1,7,-1,-1,-1,3,1
2013440421783,1,5,0,18,0,8,1,0,0,0,1,1,6,1,-1,599,1,24,2,1
2013440421783,2,1,0,9,0,8,0,0,0,0,2,1,6,1,6,-1,-1,-1,9,1
2013440421801,1,9,0,3,0,1,0,0,0,0,2,1,6,1,9,1997,1,4,7,1
2013440421801,2,9,0,4,0,1,0,0,0,0,1,1,6,2,8,1985,1,14,6,3
2013440421899,1,9,0,18,0,2,0,0,0,0,0,1,1,1,8,2993,2,2,7,3
2013440421899,2,9,0,18,0,2,0,0,0,0,0,1,1,1,7,2993,2,2,7,3
2013440421899,3,9,0,18,0,2,0,0,0,0,2,1,2,1,8,1598,1,1,8,2
2013440421899,4,9,0,18,0,2,0,0,0,0,1,1,2,1,4,1390,1,11,9,1
2013440421931,1,3,0,13,0,0,0,0,0,0,0,1,2,1,7,125,1,4,2,1
2013440421950,1,3,0,11,0,0,0,0,0,0,1,1,2,1,5,124,1,1,4,1
2013440421950,2,9,0,4,0,0,0,0,0,0,2,1,6,2,8,1598,1,10,9,1
2013440421967,1,9,0,18,0,0,0,0,0,0,1,1,6,1,5,1560,2,4,2,1
2013440421967,2,9,0,2,0,0,0,0,0,0,4,1,6,3,-1,1731,1,16,-1,-1
2013440421967,3,9,0,2,0,0,0,0,0,0,1,1,6,3,-1,1124,1,11,-1,-1
2013440422027,1,5,0,18,0,0,1,0,0,0,1,1,6,1,7,865,1,-1,6,1
2013440422027,2,9,0,2,0,0,0,0,0,0,2,1,6,3,-1,1150,1,9,-1,-1
2013440422195,1,1,0,18,0,2,0,0,0,0,4,1,6,2,6,-1,-1,-1,2,1
2013440422195,2,9,0,2,0,2,0,0,0,0,4,1,6,3,-1,1595,1,5,-1,-1
2013440422266,1,2,0,18,0,8,0,0,0,0,1,1,2,1,4,49,1,1,10,1
2013440422266,2,8,0,18,0,8,0,0,0,0,1,1,1,1,6,1997,2,4,10,1
2013440422394,1,9,0,18,0,8,0,0,3,10,1,1,6,1,5,1900,2,6,9,2
2013440422455,1,2,0,18,0,8,0,0,0,0,1,1,4,1,4,49,1,-1,7,2
2013440422455,2,19,0,9,0,8,0,0,0,0,3,1,2,1,9,2874,2,13,8,2
2013440422461,1,1,0,18,0,0,0,0,1,10,1,1,4,1,3,-1,-1,-1,3,1
2013440422461,2,9,0,16,0,0,0,0,0,0,0,1,6,3,-1,-1,-1,-1,-1,-1
2013440422502,1,9,0,10,0,8,0,0,0,0,2,1,2,2,4,1598,1,10,4,1
2013440422502,2,9,0,18,0,8,0,0,0,0,1,1,2,2,4,998,1,4,10,1
2013440422835,1,9,0,9,0,8,0,0,0,0,3,1,1,1,9,1242,1,1,5,1
2013440422835,2,9,0,18,0,8,0,0,0,0,4,1,6,1,5,1360,1,12,8,3
2013440422920,1,9,0,12,0,8,0,0,0,0,2,1,6,2,6,1242,1,16,3,1
2013440422920,2,9,0,18,0,8,0,0,0,0,1,1,2,2,7,1896,2,9,10,1
2013440422937,1,9,0,4,0,0,0,0,0,0,2,1,6,1,-1,1870,2,9,-1,-1
2013440422937,2,9,0,4,0,0,0,0,0,0,1,1,6,1,6,1968,2,1,9,1
2013440422937,3,9,0,4,0,0,0,0,0,0,1,1,6,1,6,1995,2,1,10,1
2013440422937,4,19,0,4,0,0,0,0,0,0,1,1,1,1,9,-1,-1,-1,9,3
2013440423047,1,9,0,4,0,0,0,0,0,0,3,1,6,1,11,1242,1,5,2,1
2013440423047,2,9,0,4,0,0,0,0,0,0,4,1,6,3,-1,-1,-1,-1,-1,-1
2013440423047,3,9,0,4,0,0,0,0,0,0,2,1,6,2,6,1600,2,4,6,1
2013440423047,4,9,0,4,0,0,0,0,0,0,2,1,6,3,-1,-1,-1,-1,-1,-1
2013440423121,1,9,0,18,0,8,0,0,0,0,1,1,6,1,9,1998,2,8,4,1
2013440423121,2,9,0,9,0,8,0,0,0,0,3,1,3,2,8,1685,2,-1,9,1
2013440423171,1,9,0,4,0,1,0,0,0,0,1,1,2,2,6,1800,1,13,7,1
2013440423182,1,9,0,3,0,0,0,0,0,0,2,1,6,1,-1,-1,-1,-1,3,1
2013440423182,2,9,0,3,0,0,0,0,0,0,2,1,1,1,10,1999,1,3,5,3
2013440423182,3,9,0,3,0,0,0,0,0,0,2,1,6,2,5,1298,1,12,2,1
2013440423182,4,9,0,18,0,0,1,0,0,0,1,1,6,2,10,1390,1,8,4,1
2013440423287,1,9,0,7,0,6,0,0,0,0,1,1,6,1,6,-1,-1,-1,4,1
2013440423287,2,1,0,18,0,1,0,0,0,0,4,1,6,1,6,-1,-1,-1,2,1
2013440423310,1,9,0,4,0,0,0,0,0,0,2,1,6,2,5,1242,1,15,2,1
2013440423310,2,9,0,18,0,0,1,0,0,0,1,1,6,1,8,-1,-1,-1,6,2
2013440423467,1,9,0,7,0,8,0,0,0,0,1,1,6,3,-1,1461,2,-1,-1,-1
2013440423467,2,5,0,18,0,8,0,0,0,0,1,1,6,1,6,599,1,9,6,1
2013440423507,1,9,0,18,0,1,0,0,0,0,1,1,6,1,7,1995,2,7,7,1
2013440423507,2,19,0,4,0,1,0,0,0,0,2,1,6,3,-1,2198,2,5,-1,-1
2013440423527,1,9,0,18,0,0,0,0,0,0,1,1,6,1,7,1248,1,-1,7,1
2013440423724,1,9,0,4,0,4,0,0,0,0,2,1,6,3,-1,-1,-1,-1,-1,-1
2013440423724,2,9,0,18,0,1,0,0,0,0,1,1,6,2,4,1598,1,10,5,1
2013440423942,1,9,0,18,0,0,0,0,2,7,3,1,6,2,7,2148,2,7,7,1
2013440423942,2,9,0,18,0,0,0,0,0,0,4,1,6,1,7,2148,2,7,2,1
2013440424127,1,9,0,18,0,0,0,0,0,0,1,1,6,2,6,1299,1,15,4,1
2013440424127,2,9,0,3,0,0,0,0,0,0,2,1,6,2,8,1242,1,12,3,1
2013440424127,3,9,0,3,0,0,0,0,0,0,2,1,6,1,6,1998,1,7,9,1
2013440424299,1,9,0,18,0,8,0,0,0,0,3,1,6,1,5,-1,-1,-1,3,1
2013440424299,2,9,0,18,0,1,0,0,0,0,1,1,1,2,7,-1,-1,-1,3,1
2013440424365,1,9,0,3,0,1,0,0,0,0,2,1,6,1,6,1896,2,5,5,1
2013440424365,2,9,0,4,0,1,1,0,0,0,1,1,2,1,8,1200,1,-1,1,1
2013440424389,1,9,0,18,0,8,0,0,0,0,3,1,2,1,6,1975,1,5,9,1
2013440424389,2,9,0,9,0,8,0,0,0,0,1,1,6,1,10,1998,2,12,1,1
2013440424415,1,3,0,17,0,8,1,0,0,0,0,1,2,2,4,124,1,1,9,1
2013440424415,2,9,0,4,0,1,0,0,0,0,0,1,2,1,10,2000,2,4,10,1
2013440424507,1,9,0,18,0,0,0,0,0,0,1,1,1,1,9,1910,2,5,2,1
2013440424507,2,9,0,18,0,0,0,0,0,0,1,1,6,1,7,1956,2,1,5,1
2013440424588,1,9,0,7,0,5,0,0,0,0,4,1,6,1,8,-1,-1,-1,9,1
2013440424896,1,9,0,18,0,0,1,0,1,9,1,1,1,1,6,1390,1,13,10,2
2013440424896,2,9,0,18,0,0,0,0,0,0,3,1,1,1,9,1840,1,12,1,1
2013440424896,3,9,0,3,0,0,0,0,0,0,1,1,1,2,8,1587,1,8,9,2
2013440425059,1,9,0,18,0,0,0,0,0,0,3,1,6,2,6,1242,1,7,8,1
2013440425059,2,1,0,18,0,0,0,0,0,0,3,1,6,1,11,-1,-1,-1,8,1
2013440425104,1,9,0,18,0,8,0,0,0,0,1,1,6,2,8,1998,2,2,10,2
2013440425104,2,9,0,5,0,8,0,0,1,0,3,1,2,1,8,2996,1,7,9,3
2013440425205,1,9,0,17,0,1,2,0,1,0,1,1,6,1,4,1199,1,13,9,2
2013440425243,1,9,0,18,0,0,0,0,0,0,1,1,6,1,8,2500,1,14,-1,-1
2013440425243,2,1,0,13,0,0,0,0,0,0,1,1,6,1,8,-1,-1,-1,9,3
2013440425245,1,9,0,18,0,8,0,0,0,0,4,1,6,1,7,1199,1,10,10,1
2013440425245,2,19,0,5,0,4,0,0,0,0,1,1,6,1,7,2148,2,5,10,1
2013440425262,1,19,0,18,0,8,0,0,0,0,1,1,6,1,8,2151,2,13,3,1
2013440425271,1,9,0,9,0,8,0,0,0,0,4,1,6,2,11,1339,1,8,10,1
2013440425271,2,9,0,18,0,8,0,0,0,0,1,1,6,2,8,1299,1,11,9,1
2013440425330,1,5,0,16,0,0,0,0,0,0,3,1,6,1,8,750,1,83,7,1
2013440425330,2,19,0,17,0,0,0,0,0,0,3,1,6,3,-1,-1,-1,-1,-1,-1
2013440425359,1,9,0,9,0,8,0,0,0,0,1,1,6,2,7,1598,1,5,3,1
2013440425359,2,1,0,18,0,8,0,0,0,0,1,1,6,1,3,-1,-1,-1,7,1
2013440425378,1,9,0,10,0,1,0,0,0,0,2,1,6,2,5,1360,1,8,10,1
2013440425378,2,9,0,3,0,1,0,0,0,0,2,1,6,1,8,1910,2,9,9,1
2013440425378,3,9,0,4,0,1,0,0,0,0,1,1,6,1,6,1997,2,-1,6,1
2013440425389,1,2,0,18,0,8,0,0,0,0,1,1,6,1,4,49,1,4,7,1
2013440425389,2,19,0,7,0,8,0,0,0,0,3,1,6,1,4,1461,2,10,1,1
2013440425391,1,9,0,17,0,0,5,0,2,4,1,1,6,1,8,698,1,10,6,1
2013440425490,1,5,0,18,0,2,1,0,0,0,1,1,6,1,4,645,1,4,1,1
2013440425490,2,9,0,18,0,2,1,0,7,4,2,1,6,1,6,1596,1,9,7,1
2013440425549,1,9,0,17,0,0,1,10,7,3,2,1,6,1,4,973,1,12,9,1
2013440425819,1,9,0,18,0,0,5,0,2,10,1,1,6,1,6,1124,1,11,10,1
2013440425872,1,9,0,4,0,0,0,0,0,0,2,1,6,2,4,1560,2,5,-1,-1
2013440425872,2,9,0,4,0,0,0,0,0,0,2,1,6,1,8,1896,2,8,8,1
2013440425872,3,9,0,18,0,0,1,0,0,0,1,1,6,2,6,1995,2,15,3,1
2013440425902,1,9,0,18,0,0,0,0,0,0,2,1,1,1,8,1582,2,-1,8,1
2013440425902,2,19,0,18,0,0,0,0,0,0,1,1,1,1,6,1995,2,6,1,1
2013440425902,3,9,0,18,0,0,0,0,0,0,2,1,1,1,5,1199,1,12,2,1
2013440425902,4,9,0,18,0,0,0,0,0,0,1,1,1,1,7,1995,2,1,8,1
2013440425902,5,9,0,18,0,0,0,0,0,0,1,1,1,1,8,2967,2,6,9,1
2013440425994,1,9,0,12,0,8,0,0,0,0,2,1,6,2,9,1198,1,4,6,1
2013440425994,2,9,0,13,0,8,0,0,0,0,1,1,6,1,5,1596,1,3,6,1
2013440426094,1,9,0,9,0,8,0,0,0,0,1,1,6,2,9,1390,1,4,-1,-1
2013440426094,2,5,0,17,0,8,0,0,0,0,1,1,1,1,7,499,1,14,7,1
2013440426235,1,9,0,4,0,1,0,0,0,0,2,1,6,3,-1,2993,2,8,-1,-1
2013440426235,2,9,0,18,0,1,0,0,0,0,1,1,6,3,-1,1197,1,-1,-1,-1
2013440426386,1,9,0,4,0,0,0,0,0,0,1,1,6,2,4,1242,1,2,9,2
2013440426386,2,19,0,4,0,0,0,0,0,0,2,1,1,1,10,2287,2,5,9,3
2013440426448,1,9,0,9,0,8,0,0,0,0,1,1,2,2,8,2720,2,5,10,3
2013440426448,2,9,0,18,0,8,0,0,0,0,1,1,2,1,7,2000,2,6,4,1
2013440426562,1,9,0,4,0,8,0,0,0,0,1,1,6,2,5,998,1,11,1,1
2013440426562,2,9,0,4,0,8,0,0,0,0,2,1,1,2,6,1598,2,-1,8,1
2013440426637,1,9,0,18,0,0,0,0,2,7,1,1,6,1,6,1587,1,12,5,1
2013440426637,2,9,0,18,0,0,0,0,0,0,1,1,6,2,10,2967,2,6,10,1
2013440426765,1,9,0,18,0,8,0,0,1,4,1,1,2,1,5,1390,1,12,6,3
2013440426783,1,9,0,18,0,8,0,0,0,0,1,1,1,2,6,1390,1,11,6,1
2013440426783,2,9,0,9,0,8,1,0,0,0,3,1,6,2,7,-1,-1,-1,7,1
2013440426857,1,9,0,7,0,8,0,0,0,0,1,1,6,1,-1,1796,1,12,8,1
2013440426922,1,9,0,3,0,1,0,0,0,0,2,1,2,1,-1,2199,2,2,10,1
2013440426922,2,9,0,18,0,1,1,0,0,0,1,1,2,2,7,1299,1,16,3,1
2013440426933,1,1,0,18,0,1,0,0,0,0,0,1,6,1,7,-1,-1,-1,4,1
2013440426933,2,9,0,9,0,8,0,0,0,0,0,1,6,3,-1,-1,-1,-1,-1,-1
2013440427123,1,9,0,18,0,0,2,12,6,9,1,1,6,1,4,1600,1,13,-1,-1
2013440427203,1,9,0,18,0,8,0,0,1,1,1,1,6,1,8,1598,1,15,5,2
2013440427220,1,9,0,17,0,0,2,0,0,0,4,1,2,1,6,1781,1,13,4,1
2013440427279,1,9,0,18,0,8,0,0,0,0,1,1,6,2,6,-1,-1,-1,3,1
2013440427279,2,1,0,18,0,8,0,0,0,0,4,1,6,1,7,-1,-1,-1,5,1
2013440427313,1,9,0,4,0,0,0,0,0,0,2,1,6,2,5,1968,2,6,5,2
2013440427313,2,9,0,18,0,0,0,0,0,0,1,1,2,1,6,1796,1,14,4,1
2013440427317,1,9,0,5,0,8,0,0,0,0,1,1,6,1,-1,-1,-1,-1,-1,-1
2013440427317,2,1,0,18,0,8,0,0,0,0,4,1,6,2,8,-1,-1,-1,3,1
2013440427445,1,9,0,18,0,8,0,0,0,0,1,1,1,1,7,1461,2,2,10,2
2013440427445,2,9,0,18,0,8,0,0,0,0,1,1,6,1,-1,1397,1,13,-1,-1
2013440427459,1,9,0,17,0,0,0,0,0,0,1,1,1,1,6,1399,2,8,7,2
2013440427503,1,9,0,3,0,8,0,0,0,0,2,1,6,1,9,1598,1,14,6,1
2013440427503,2,9,0,18,0,8,0,0,0,0,1,1,6,1,10,1388,1,10,10,2
2013440427873,1,9,0,17,0,0,2,0,1,2,1,1,6,1,5,1196,1,16,4,1
2013440428004,1,9,0,18,0,0,1,0,1,0,1,1,6,2,9,1596,1,11,10,3
2013440428028,1,9,0,3,0,8,0,0,0,0,2,1,1,3,-1,1399,2,2,-1,-1
2013440428028,2,9,0,18,0,8,0,0,0,0,1,1,6,3,-1,1560,2,1,-1,-1
2013440428043,1,1,0,18,0,8,0,0,0,0,4,1,4,2,3,-1,-1,-1,1,1
2013440428043,2,9,0,18,0,8,0,0,0,0,1,1,6,1,7,2496,1,12,2,1
2013440428104,1,1,0,5,0,8,0,0,0,0,3,1,1,1,8,-1,-1,-1,10,3
2013440428104,2,9,0,5,0,8,0,0,0,0,4,1,6,3,-1,1896,2,7,-1,-1
2013440428145,1,2,0,18,0,0,0,0,0,0,1,1,6,1,4,124,1,10,2,1
2013440428145,2,5,0,18,0,0,0,0,0,0,1,1,6,1,5,599,1,17,1,1
2013440428167,1,9,0,3,0,8,0,0,0,0,2,1,6,2,6,1299,1,10,10,1
2013440428167,2,9,0,5,0,8,0,0,0,0,1,1,6,3,-1,-1,-1,-1,-1,-1
2013440428177,1,5,0,3,0,1,0,0,0,0,2,1,2,1,7,680,1,1,5,1
2013440428177,2,9,0,4,0,1,0,0,0,0,1,1,2,1,9,1997,2,8,4,1
2013440428183,1,19,0,18,0,8,0,0,0,0,4,1,1,1,8,1560,2,5,4,1
2013440428183,2,19,0,18,0,8,0,0,0,0,1,1,1,1,7,1753,2,3,10,2
2013440428278,1,20,0,9,0,8,0,0,0,0,1,1,1,1,8,4580,2,4,5,1
2013440428278,2,19,0,18,0,8,0,0,7,11,1,1,1,1,6,2198,2,3,9,2
2013440428399,1,1,0,18,0,8,0,0,0,0,3,1,2,1,5,-1,-1,-1,10,1
2013440428399,2,9,0,9,0,8,0,0,0,0,1,1,6,3,-1,-1,-1,-1,-1,-1
2013440428521,1,9,0,18,0,0,0,0,0,0,1,1,6,1,5,1998,1,11,9,1
2013440428521,2,9,0,4,0,0,0,0,0,0,2,1,2,1,7,1390,1,17,4,1
2013440428644,1,20,0,1,0,1,0,0,0,0,2,1,1,3,-1,-1,-1,-1,-1,-1
2013440428644,2,9,0,18,0,1,0,0,0,0,3,1,2,1,7,-1,-1,-1,1,1
2013440428673,1,5,0,9,0,2,1,0,0,0,3,1,2,1,9,998,1,6,10,1
2013440428712,1,9,0,18,0,1,0,0,0,0,4,1,2,2,6,1587,1,7,7,1
2013440428712,2,9,0,9,0,6,0,0,0,0,1,1,2,1,5,1341,1,11,7,1
2013440428714,1,9,0,18,0,8,0,0,0,0,1,1,2,1,6,1598,1,1,10,1
2013440428714,2,9,0,9,0,8,0,0,0,0,3,1,2,2,7,1390,1,12,7,1
2013440428727,1,9,0,7,0,8,0,0,0,0,3,1,2,2,7,1390,1,4,5,1
2013440428727,2,3,0,18,0,8,0,0,0,0,1,1,2,1,4,125,1,2,7,1
2013440428732,1,9,0,3,0,0,0,0,0,0,2,1,2,2,7,1364,1,3,10,1
2013440428732,2,19,0,4,0,0,0,0,0,0,1,1,2,1,6,1870,2,7,6,1
2013440428753,1,9,0,18,0,0,0,0,0,0,2,1,2,2,9,1390,1,3,7,1
2013440428753,2,9,0,18,0,0,0,0,0,0,1,1,2,2,7,1998,1,9,10,2
2013440428753,3,9,0,18,0,0,0,0,0,0,2,1,2,1,5,1598,2,-1,10,1
2013440428753,4,9,0,18,0,0,0,0,0,0,2,1,2,2,7,-1,-1,-1,7,1
2013440428753,5,21,0,18,0,0,0,0,0,0,1,1,2,1,7,-1,-1,-1,7,2
2013440428791,1,9,0,9,0,8,0,0,0,0,3,1,6,2,-1,-1,-1,-1,-1,-1
2013440428798,1,19,0,5,0,4,0,0,0,0,1,1,2,1,5,1753,2,10,10,1
2013440428798,2,9,0,18,0,8,0,0,0,0,4,1,2,2,7,1242,1,6,7,1
2013440428806,1,1,0,18,0,8,0,0,0,0,1,1,4,1,3,-1,-1,-1,4,1
2013440428806,2,9,0,9,0,8,0,0,0,0,4,1,6,1,8,1360,1,7,6,1
2013440428810,1,9,0,18,0,0,0,0,0,0,1,1,2,2,5,-1,-1,-1,6,3
2013440428810,2,9,0,2,0,0,0,0,0,0,2,1,3,2,7,1560,2,1,6,3
2013440429037,1,19,0,5,0,0,0,0,0,0,4,1,1,1,9,-1,-1,-1,8,1
2013440429115,1,9,0,9,0,8,0,0,0,0,1,1,2,1,4,1124,1,10,10,3
2013440429115,2,1,0,18,0,8,0,0,0,0,1,1,2,1,6,-1,-1,-1,10,2
2013440429180,1,19,4,18,0,0,2,0,4,10,4,1,1,1,6,-1,-1,-1,10,3
2013440429297,1,5,0,18,0,0,0,0,0,0,1,1,6,2,8,649,1,12,4,1
2013440429297,2,19,0,18,0,0,0,0,0,0,2,1,6,1,6,1996,2,1,6,1
2013440429308,1,20,0,2,0,1,0,0,0,0,2,1,1,1,7,-1,-1,-1,5,1
2013440429308,2,9,0,14,0,1,0,0,0,0,1,1,6,2,9,1332,1,16,10,1
2013440429321,1,9,0,9,0,8,0,0,7,0,3,1,6,2,4,998,1,14,9,1
2013440429321,2,9,0,18,0,8,0,0,0,0,4,1,6,1,7,1796,1,10,9,1
2013440429353,1,9,0,14,0,8,0,0,0,0,1,1,6,1,11,1686,2,14,9,3
2013440429353,2,19,4,2,0,8,0,0,0,0,2,1,2,1,-1,2402,2,5,-1,-1
2013440429449,1,9,0,18,0,0,0,0,0,0,1,1,6,3,-1,-1,-1,-1,-1,-1