Accident_Index,Vehicle_Reference,Vehicle_Type,Towing_and_Articulation,Vehicle_Manoeuvre,Vehicle_Location-Restricted_Lane,Junction_Location,Skidding_and_Overturning,Hit_Object_in_Carriageway,Vehicle_Leaving_Carriageway,Hit_Object_off_Carriageway,1st_Point_of_Impact,Was_Vehicle_Left_Hand_Drive?,Journey_Purpose_of_Driver,Sex_of_Driver,Age_Band_of_Driver,Engine_Capacity_(CC),Propulsion_Code,Age_of_Vehicle,Driver_IMD_Decile,Driver_Home_Area_Type
2013440460200,2,9,0,18,0,4,0,0,0,0,1,1,6,1,8,1390,1,5,9,1
2013440460223,1,9,0,17,0,0,0,0,0,0,3,1,6,1,7,2982,2,6,6,3
2013440460223,2,9,0,17,0,0,0,0,0,0,4,1,6,3,-1,2494,1,11,-1,-1
2013440460239,1,9,0,18,0,0,0,0,0,0,1,1,6,1,7,1749,1,10,2,1
2013440460239,2,9,0,18,0,0,0,0,0,0,1,1,6,1,8,2000,1,8,9,1
2013440460261,1,3,0,18,0,8,0,0,0,0,1,1,2,1,6,124,1,8,5,1
2013440460261,2,19,0,9,0,8,0,0,0,0,3,1,6,1,8,1896,2,13,-1,-1
2013440460300,1,9,0,18,0,8,0,0,0,0,1,1,6,2,5,1391,1,14,5,1
2013440460300,2,9,0,7,0,8,0,0,0,0,1,1,6,1,-1,1997,1,6,6,1
2013440460374,1,9,0,18,0,8,0,0,0,0,1,1,6,2,5,1390,1,12,9,3
2013440460405,1,11,0,5,0,0,0,0,0,0,1,1,1,1,-1,4500,2,2,-1,-1
2013440460429,1,5,0,5,0,8,1,0,0,0,0,1,6,1,7,999,1,8,10,1
2013440460508,1,9,0,16,0,0,0,0,1,0,1,1,6,1,5,1596,1,19,9,1
2013440460508,2,9,0,2,0,0,0,0,0,0,2,1,6,1,9,2088,2,15,8,1
2013440460594,1,9,0,17,0,0,0,0,1,4,1,1,6,1,10,1686,2,1,5,1
2013440460659,1,9,0,18,0,1,0,0,1,11,1,1,6,1,5,1596,1,13,10,1
2013440460659,2,9,0,2,0,2,0,0,0,0,4,1,6,3,-1,3200,2,11,-1,-1
2013440460659,3,9,0,2,0,2,0,0,0,0,3,1,6,3,-1,2184,2,10,-1,-1
2013440460663,1,9,0,18,0,8,0,0,0,0,1,1,6,2,5,1242,1,9,5,1
2013440460663,2,9,0,17,0,8,0,0,0,0,1,1,6,1,6,1368,1,4,10,1
2013440461053,1,8,0,17,0,1,0,0,1,10,1,1,6,1,9,1870,2,8,3,1
2013440461090,1,9,0,18,0,0,0,0,1,2,1,1,6,1,5,1364,1,4,5,1
2013440461197,1,9,0,18,0,0,5,0,4,0,0,1,2,2,6,1390,1,21,5,1
2013440461197,2,17,0,18,0,0,0,0,0,0,0,1,1,1,7,-1,2,6,8,3
2013440461347,1,9,0,5,0,8,0,0,0,0,0,1,6,3,-1,-1,-1,-1,-1,-1
2013440461347,2,9,0,18,0,8,0,0,0,0,2,1,6,1,6,1761,1,13,2,1
2013440461347,3,3,0,18,0,8,0,0,0,0,1,1,6,2,4,-1,-1,-1,2,1
2013440461413,1,9,0,9,0,8,0,0,0,0,1,1,6,1,11,1242,1,8,4,1
2013440461413,2,9,0,18,0,8,0,0,0,0,1,1,6,1,8,1299,1,9,7,1
2013440461482,1,9,0,18,0,2,0,0,0,0,1,1,6,1,5,1598,1,7,5,1
2013440461568,1,9,0,18,0,0,5,0,1,9,1,1,6,1,5,-1,-1,-1,3,1
2013440461615,1,9,0,9,0,8,0,0,0,0,1,1,6,1,8,1364,1,3,10,1
2013440461615,2,9,0,9,0,8,0,0,0,0,3,1,6,2,7,1124,1,5,8,1
2013440462032,1,1,0,17,0,8,0,0,0,0,0,1,6,1,6,-1,-1,-1,5,1
2013440462032,2,9,0,18,0,8,0,0,0,0,1,1,6,3,-1,-1,-1,-1,-1,-1
2013440462041,1,9,0,9,0,8,0,0,0,0,3,1,2,1,5,1389,1,16,1,1
2013440462041,2,1,0,18,0,8,0,0,0,0,1,1,6,1,5,-1,-1,-1,5,1
2013440462061,1,9,0,18,0,8,0,0,0,0,4,1,6,3,-1,-1,-1,-1,-1,-1
2013440462107,1,9,0,5,0,8,0,0,0,0,3,1,6,1,6,1299,1,10,2,1
2013440462107,2,1,0,5,0,8,0,0,0,0,1,1,4,2,3,-1,-1,-1,7,1
2013440462131,1,9,0,12,0,0,0,0,0,0,3,1,1,2,8,1995,2,8,9,1
2013440462131,2,5,0,18,0,0,0,0,4,6,3,1,1,1,4,645,1,7,7,1
2013440462270,1,9,0,18,0,8,0,0,0,0,2,1,6,2,9,1998,2,11,6,1
2013440462270,2,9,0,18,0,8,0,0,0,0,1,1,6,2,7,1364,1,3,2,1
2013440462327,1,9,0,17,0,8,0,0,0,0,1,1,6,1,11,-1,-1,-1,8,1
2013440462343,1,9,0,1,0,0,0,0,0,0,2,1,6,2,-1,1968,2,5,5,1
2013440462383,1,9,0,18,0,8,0,0,0,0,3,1,2,1,9,1998,2,9,2,1
2013440462383,2,19,0,17,0,8,0,0,0,0,4,1,1,2,8,1399,2,4,6,1
2013440462389,1,9,0,17,0,0,0,0,0,0,3,1,6,1,9,2179,2,1,10,3
2013440462389,2,1,0,16,0,0,0,0,0,0,4,1,6,1,5,-1,-1,-1,10,1
2013440462406,1,9,0,13,0,0,0,0,0,0,3,1,6,1,9,5000,1,3,7,3
2013440462406,2,20,0,18,0,0,5,0,1,3,3,1,1,1,6,-1,-1,-1,8,3
2013440462406,3,9,0,18,0,0,0,0,0,0,2,1,6,2,8,2290,1,6,8,3
2013440462406,4,9,0,18,0,0,0,0,0,0,1,1,6,1,8,3222,2,11,6,3
2013440462406,5,9,0,18,0,0,0,0,0,0,1,1,6,1,8,3226,2,12,7,1
2013440462406,6,9,0,18,0,0,0,0,0,0,1,1,6,1,9,1581,1,14,9,1
2013440462482,1,9,0,18,0,8,0,0,0,0,4,1,6,1,4,1248,2,7,1,1
2013440462482,2,9,0,7,0,6,0,0,0,0,1,1,6,3,-1,998,1,7,-1,-1
2013440462658,1,9,0,3,0,1,0,0,0,0,2,1,6,3,-1,-1,-1,-1,-1,-1
2013440462658,2,90,0,5,0,1,0,0,0,0,1,1,1,1,6,2686,2,8,3,1
2013440462837,1,2,0,14,0,1,0,0,0,0,1,1,6,1,4,-1,-1,-1,2,1
2013440462837,2,9,0,9,0,6,0,0,0,0,3,1,2,2,7,1596,1,9,4,2
2013440462840,1,9,0,18,0,0,1,0,1,9,4,1,2,1,6,1400,1,14,4,1
2013440462847,1,9,0,18,0,3,0,0,0,0,4,1,1,1,8,2999,2,11,7,1
2013440462847,2,2,0,12,0,3,0,0,0,0,1,1,6,1,4,50,1,2,10,1
2013440462906,1,9,0,2,0,2,0,0,0,0,2,1,2,1,8,1986,2,6,9,1
2013440462906,2,9,0,7,0,6,0,0,0,0,1,1,2,1,8,1948,1,16,4,1
2013440463016,1,9,0,7,0,7,0,0,0,0,2,1,2,1,8,1598,2,2,5,1
2013440463016,2,19,0,18,0,1,0,0,4,0,1,1,2,1,8,-1,-1,-1,5,1
2013440463032,1,9,0,9,0,8,0,0,0,0,3,1,6,2,7,1896,2,10,10,2
2013440463032,2,3,0,14,0,8,0,0,0,0,4,1,6,1,4,-1,-1,-1,7,1
2013440463037,1,1,0,9,0,8,0,0,0,0,0,1,6,1,8,-1,-1,-1,-1,-1
2013440463037,2,9,0,7,0,8,0,0,0,0,0,1,6,3,-1,-1,-1,-1,-1,-1
2013440463324,1,9,0,1,0,8,0,0,0,0,2,1,1,1,5,1998,1,21,3,1
2013440463324,2,1,0,18,0,8,0,0,0,0,4,1,6,2,8,-1,-1,-1,10,1
2013440463342,1,9,0,17,0,0,2,0,0,0,1,1,1,2,4,1390,1,14,8,3
2013440463420,1,21,0,4,0,0,1,0,0,0,1,1,1,1,9,12777,2,-1,5,1
2013440463420,2,9,0,4,0,0,0,0,0,0,2,1,2,1,8,2179,2,1,10,1
2013440463420,3,9,0,4,0,0,0,0,0,0,2,1,2,1,7,1598,1,-1,9,1
2013440463439,1,9,0,16,0,0,0,0,0,0,3,1,1,2,4,1229,1,7,7,1
2013440463439,2,9,0,17,0,0,0,0,0,0,3,1,1,1,8,1686,2,-1,7,1
2013440463443,1,2,0,17,0,8,0,0,0,0,4,1,6,1,4,50,1,-1,10,1
2013440463443,2,9,0,9,0,8,0,0,0,0,1,1,6,1,7,-1,-1,-1,9,1
2013440463549,1,9,0,18,0,0,0,0,0,0,4,1,6,2,4,998,1,9,10,2
2013440463702,1,5,0,18,0,0,0,0,7,11,3,1,6,1,7,1137,1,17,10,1
2013440463809,1,9,0,18,0,0,0,0,0,0,2,1,6,2,7,1587,1,12,4,1
2013440463809,2,9,0,18,0,0,0,0,0,0,1,1,6,3,-1,-1,-1,-1,-1,-1
2013440463989,1,9,0,18,0,0,0,0,0,0,2,1,6,1,7,1995,1,11,3,1
2013440463989,2,9,0,18,0,0,0,0,0,0,1,1,6,1,5,1248,2,-1,7,1
2013440463989,3,9,0,18,0,0,0,0,0,0,1,1,6,1,8,1248,2,7,10,1
2013440464112,1,1,0,9,0,8,0,0,0,0,4,1,6,1,6,-1,-1,-1,4,1
2013440464112,2,9,0,18,0,4,0,0,0,0,1,1,6,3,-1,-1,-1,-1,-1,-1
2013440464214,1,9,0,18,0,0,0,0,0,0,1,1,6,2,5,2720,2,6,1,1
2013440464214,2,9,0,4,0,0,0,0,0,0,2,1,6,2,7,1598,2,-1,5,1
2013440464223,1,9,0,12,0,8,0,0,0,0,3,1,6,2,9,1399,2,4,10,1
2013440464223,2,21,0,16,0,8,0,0,0,0,4,1,1,1,6,11021,2,12,6,1
2013440464231,1,9,0,18,0,8,0,0,0,0,1,1,1,1,9,-1,-1,-1,7,1
2013440464231,2,1,0,18,0,8,0,0,0,0,4,1,6,2,4,-1,-1,-1,3,1
2013440464244,1,9,0,17,0,0,2,0,0,0,4,1,1,2,5,1124,1,13,9,1
2013440464250,1,9,0,18,0,0,0,0,0,0,3,1,6,2,4,1149,1,9,6,1
2013440464250,2,5,0,13,0,0,0,0,0,0,4,1,6,1,5,-1,-1,-1,7,1
2013440464306,1,9,0,18,0,1,0,0,0,0,1,1,6,1,5,1364,1,3,-1,-1
2013440464306,2,9,0,3,0,1,0,0,0,0,2,1,6,2,6,1364,1,8,-1,-1
2013440464306,3,9,0,10,0,1,0,0,0,0,2,1,6,1,7,1124,1,10,10,1
2013440464673,1,19,0,12,0,0,0,0,0,0,2,1,1,1,8,1995,2,-1,5,1
2013440464673,2,5,0,18,0,0,1,0,0,0,1,1,1,1,8,1130,1,9,4,1
2013440464755,1,5,0,4,0,0,1,0,0,0,0,1,2,1,6,649,1,5,5,1
2013440464759,1,9,0,9,0,8,0,0,0,0,1,1,2,2,5,1229,1,7,7,1
2013440464759,2,1,0,18,0,8,0,0,0,0,2,1,2,1,6,-1,-1,-1,8,1
2013440464774,1,9,0,18,0,0,0,0,0,0,0,1,1,2,-1,1997,2,-1,5,1
2013440464774,2,9,0,4,0,0,0,0,0,0,2,1,6,2,7,1598,1,1,10,1
2013440464774,3,9,0,18,0,0,1,0,0,0,1,1,6,1,8,1796,1,13,4,1
2013440464787,1,9,0,18,0,8,0,0,0,0,1,1,6,2,8,1560,2,5,9,1
2013440464787,2,1,0,18,0,8,0,0,0,0,2,1,6,1,7,-1,-1,-1,3,1
2013440464848,1,9,0,18,0,0,0,0,0,0,1,1,6,2,5,1968,2,3,8,2
2013440464848,2,9,0,4,0,0,0,0,0,0,2,1,6,1,8,1781,1,10,6,1
2013440464848,3,9,0,4,0,0,0,0,0,0,2,1,6,1,7,1390,1,7,5,1
2013440465022,1,11,0,14,0,0,0,0,0,0,4,1,1,1,8,7300,2,-1,10,1
2013440465022,2,19,0,2,0,0,0,0,0,0,3,1,1,1,-1,2402,2,4,-1,-1
2013440465042,1,9,0,18,0,8,0,0,0,0,4,1,6,2,11,1299,1,20,10,1
2013440465042,2,22,0,18,0,8,0,0,0,0,3,1,6,1,11,-1,-1,-1,10,1
2013440465209,1,9,0,18,0,8,0,0,0,0,1,1,6,1,8,1997,2,10,10,1
2013440465209,2,9,0,5,0,8,0,0,0,0,1,1,6,2,9,2765,2,20,6,3
2013440465237,1,9,0,18,0,0,0,0,1,9,1,1,1,1,5,-1,-1,-1,7,1
2013440465358,1,9,0,18,0,0,0,0,0,0,2,1,6,1,5,1753,2,10,10,1
2013440465358,2,9,0,18,0,0,0,0,0,0,2,1,6,1,8,1984,1,13,8,1
2013440465358,3,9,0,18,0,0,0,0,0,0,1,1,6,1,4,1360,1,16,9,1
2013440465358,4,9,0,18,0,0,0,0,0,0,1,1,6,2,5,1997,2,14,4,1
2013440465480,1,5,0,4,0,1,0,0,0,0,2,1,2,1,8,499,1,9,7,1
2013440465480,2,9,0,5,0,1,0,0,0,0,1,1,6,1,5,1199,1,11,9,1
2013440465521,1,9,0,5,0,8,0,0,0,0,1,1,6,1,11,1396,1,10,9,1
2013440465545,1,9,0,13,0,8,0,0,0,0,1,1,2,1,9,1797,8,-1,9,1
2013440465545,2,9,0,9,0,8,0,0,0,0,0,1,2,2,8,998,1,-1,7,2
2013440465545,3,9,0,18,0,8,0,0,0,0,1,1,6,1,11,1595,1,18,7,1
2013440465556,1,8,0,5,0,8,0,0,0,0,1,1,1,1,6,1598,2,2,3,1
2013440465556,2,1,0,18,0,8,0,0,0,0,1,1,2,1,4,-1,-1,-1,5,1
2013440465587,1,3,0,13,0,1,1,0,0,0,1,1,6,1,4,125,1,1,1,1
2013440465587,2,9,0,3,0,1,0,0,0,0,2,1,2,1,6,1560,2,6,1,1
2013440465958,1,9,0,16,0,8,0,0,0,0,3,1,1,2,6,1896,2,10,-1,-1
2013440466175,1,9,0,18,0,0,0,0,1,4,1,1,2,2,6,1910,2,8,-1,-1
2013440466191,1,9,0,18,0,8,0,0,1,0,1,1,6,2,8,1364,1,6,7,1
2013440466506,1,9,0,7,0,8,0,0,0,0,3,1,6,3,-1,-1,-1,-1,-1,-1
2013440466506,2,1,0,18,0,8,0,0,0,0,1,1,6,1,6,-1,-1,-1,5,1
2013440466641,1,9,0,18,0,1,0,0,0,0,0,1,6,2,10,1248,1,1,7,1
2013440466673,1,9,0,4,0,0,1,0,0,0,1,1,6,1,7,1997,2,12,2,1
2013440466673,2,20,0,4,0,0,0,0,0,0,2,1,2,1,7,2198,2,-1,5,1
2013440466750,1,9,0,18,0,0,1,0,7,1,2,1,6,1,4,1998,1,17,1,1
2013440466785,1,9,0,17,0,0,5,0,1,10,0,1,2,2,4,1360,1,9,8,2
2013440466798,1,9,0,16,0,1,0,0,0,0,4,1,3,1,9,2488,1,5,10,1
2013440466842,1,9,0,5,0,8,0,0,0,0,4,1,6,1,11,1587,1,8,6,1
2013440466852,1,9,0,5,0,8,0,0,0,0,1,1,2,2,10,1781,1,12,4,1
2013440466852,2,9,0,18,0,8,0,0,0,0,1,1,6,2,8,1198,1,1,9,1
2013440466856,1,9,0,18,0,0,0,0,0,0,3,1,6,2,8,1360,1,6,3,1
2013440466960,1,9,0,18,0,8,0,0,0,0,3,1,6,2,7,1598,1,6,8,1
2013440466960,2,1,0,9,0,8,0,0,0,0,1,1,6,2,5,-1,-1,-1,9,1
2013440466965,1,9,0,1,0,2,0,0,0,0,2,1,6,3,-1,-1,-1,-1,-1,-1
2013440466965,2,5,0,18,0,1,0,0,0,0,3,1,6,1,8,980,1,35,8,3
2013440467007,1,20,0,3,0,0,0,0,0,0,2,1,1,1,9,4249,2,-1,8,1
2013440467007,2,9,0,18,0,0,0,0,0,0,1,1,6,1,5,2495,2,16,10,1
2013440467009,1,9,0,4,0,8,0,0,0,0,2,1,6,1,10,2179,2,6,10,1
2013440467009,2,9,0,18,0,8,0,0,0,0,1,1,6,1,8,2400,2,4,7,1
2013440467100,1,9,0,4,0,8,0,0,0,0,1,1,6,1,10,-1,-1,-1,10,1
2013440467127,1,9,0,9,0,8,0,0,0,0,4,1,2,2,7,1796,1,8,3,1
2013440467127,2,1,0,18,0,8,0,0,0,0,1,1,6,1,6,-1,-1,-1,3,1
2013440467416,1,9,0,12,0,0,0,0,0,0,0,1,6,3,-1,-1,-1,-1,-1,-1
2013440467416,2,9,0,18,0,0,0,0,5,6,1,1,6,1,7,-1,-1,-1,3,1
2013440467453,1,9,0,16,0,0,0,0,0,0,3,1,1,1,8,2967,2,2,9,3
2013440467453,2,9,0,17,0,0,0,0,0,0,3,1,1,1,4,1124,1,10,9,1
2013440467460,1,9,0,3,0,8,0,0,0,0,2,1,6,1,5,998,1,10,2,1
2013440467460,2,4,0,15,0,8,0,0,0,0,1,1,1,1,6,124,1,-1,5,1
2013440467733,1,9,0,5,0,8,0,0,0,0,4,1,6,2,7,1397,1,11,5,2
2013440467783,1,9,0,1,0,8,0,0,0,0,2,1,6,3,-1,-1,-1,-1,-1,-1
2013440467911,1,9,0,9,0,8,0,0,0,0,4,1,6,1,6,1984,1,5,7,1
2013440467911,2,9,0,18,0,8,0,0,0,0,1,1,6,1,10,1598,1,6,10,1
2013440467951,1,20,0,5,0,4,0,0,0,0,1,1,1,1,7,10518,2,3,6,1
2013440467951,2,9,0,17,0,8,0,0,0,0,4,1,6,1,5,1598,1,7,10,1
2013440468141,1,9,0,18,0,0,0,0,0,0,4,1,6,2,6,1968,2,5,10,2
2013440468141,2,9,0,18,0,0,0,0,0,0,1,1,6,2,4,1368,1,2,-1,-1
2013440468141,3,9,0,18,0,0,0,0,0,0,3,1,6,1,4,1198,1,8,9,3
2013440468141,4,9,0,12,0,0,0,0,0,0,0,1,6,3,-1,-1,-1,-1,-1,-1
2013440468219,1,1,0,10,0,8,0,0,0,0,2,1,6,1,7,-1,-1,-1,5,1
2013440468219,2,9,0,10,0,8,0,0,0,0,1,1,6,1,5,1242,1,7,10,1
2013440468232,1,9,0,18,0,0,0,0,0,0,1,1,6,3,-1,-1,-1,-1,-1,-1
2013440468262,1,9,0,4,0,1,0,0,0,0,2,1,6,1,8,1461,2,1,5,3
2013440468262,2,9,0,18,0,1,1,0,0,0,1,1,6,3,-1,998,1,14,-1,-1
2013440468285,1,9,0,18,0,1,0,0,0,0,1,1,6,1,8,2491,2,18,8,1
2013440468287,1,9,0,4,0,1,0,0,0,0,2,1,6,2,8,1598,1,-1,9,1
2013440468287,2,9,0,18,0,1,1,0,0,0,1,1,6,1,5,1598,1,13,9,1
2013440468310,1,8,0,7,0,2,0,0,0,0,1,1,6,3,-1,-1,-1,-1,-1,-1
2013440468345,1,9,0,18,0,0,2,12,1,0,1,1,6,2,5,998,1,12,9,1
2013440468400,1,9,0,18,0,8,0,0,0,0,1,1,6,1,5,1905,2,15,5,1
2013440468507,1,9,0,9,0,8,0,0,0,0,1,1,6,3,-1,-1,-1,-1,-1,-1
2013440468551,1,9,0,18,0,0,2,0,1,0,1,1,6,1,8,3947,1,14,7,3
2013440468587,1,9,0,2,0,0,0,0,0,0,1,1,6,3,-1,1598,1,10,-1,-1
2013440468587,2,19,0,18,0,0,0,0,0,0,1,1,6,1,6,1248,2,8,7,1
2013440468944,1,9,0,18,0,0,0,4,0,0,1,1,2,2,5,1341,1,11,6,1
2013440468944,2,9,0,2,0,0,0,0,0,0,2,1,6,1,-1,1598,1,-1,-1,-1
2013440468950,1,9,0,18,0,0,1,0,1,4,3,1,6,1,4,1242,1,13,8,1
2013440469094,1,9,0,1,0,8,0,0,1,4,2,1,6,2,11,1199,1,12,7,3
2013440469239,1,9,0,9,0,8,0,0,0,0,3,1,6,2,10,2393,1,3,10,1
2013440469239,2,2,0,18,0,8,0,0,0,0,1,1,6,1,4,49,1,-1,10,2
2013440469366,1,9,0,18,0,8,0,0,0,0,1,1,6,1,8,1598,1,10,5,1
2013440469366,2,9,0,9,0,8,0,0,0,0,3,1,6,2,4,2997,1,15,9,3
2013440469427,1,9,0,17,0,0,0,0,0,0,1,1,2,1,6,1796,1,11,8,1
2013440469427,2,9,0,16,0,0,0,0,0,0,1,1,2,1,6,998,1,17,8,1
2013440469453,1,8,0,7,0,8,0,0,0,0,1,1,2,1,9,1339,1,1,8,1
2013440469453,2,1,0,18,0,8,0,0,0,0,2,1,2,1,6,-1,-1,-1,3,1
2013440469479,1,2,0,13,0,8,0,0,0,0,4,1,6,1,4,49,1,9,4,1
2013440469479,2,9,0,5,0,8,0,0,0,0,3,1,6,2,5,2979,1,11,2,1
2013440469578,1,9,0,18,0,4,0,0,0,0,1,1,6,2,5,1598,1,8,6,1
2013440469578,2,1,0,18,0,8,0,0,0,0,4,1,6,1,6,-1,-1,-1,3,1
2013440469591,1,9,0,18,0,0,0,0,1,9,4,1,6,2,-1,1598,1,17,9,3
2013440469845,1,9,0,18,0,0,1,0,1,10,2,1,6,1,7,2494,1,13,10,2
2013440469845,2,9,0,13,0,0,2,0,0,0,1,1,6,2,7,1956,2,1,8,1
2013440469868,1,9,0,18,0,8,5,0,0,0,3,1,6,1,8,1560,2,2,7,3
2013440469868,2,9,0,3,0,8,0,0,0,0,4,1,6,2,8,1560,2,1,5,1
2013440469932,1,3,0,18,0,8,0,0,3,0,0,1,6,1,3,124,1,11,7,1
2013440469991,1,9,0,18,0,0,0,0,1,0,1,1,6,1,9,-1,-1,-1,5,1
2013440469991,2,9,0,18,0,0,0,0,0,0,2,1,2,2,6,1598,1,15,7,1
2013440470059,1,9,0,18,0,0,0,4,0,0,1,1,6,2,5,998,1,5,8,1
2013440470059,2,9,0,2,0,0,0,0,0,0,2,1,6,3,-1,1582,2,6,-1,-1
2013440470076,1,9,0,9,0,4,0,0,0,0,1,1,6,3,-1,1598,2,1,-1,-1
2013440470076,2,1,0,18,0,8,0,0,0,0,4,1,6,2,5,-1,-1,-1,5,1
2013440470131,1,9,0,18,0,0,0,0,0,0,1,1,6,1,11,1896,2,9,7,3
2013440470160,1,9,0,18,0,0,1,6,0,0,1,1,6,1,4,999,1,12,5,1
2013440470453,1,9,0,9,0,5,0,0,0,0,1,1,6,2,7,1598,1,13,7,1
2013440470487,1,9,0,18,0,8,0,0,0,0,4,1,2,2,5,1997,1,11,9,2
2013440470487,2,9,0,18,0,8,0,0,0,0,1,1,6,1,9,-1,-1,-1,4,1
2013440470489,1,9,0,9,0,5,0,0,0,0,4,1,6,1,7,1798,1,11,5,1
2013440470489,2,1,0,18,0,1,0,0,0,0,1,1,2,1,7,-1,-1,-1,4,1
2013440470532,1,9,0,18,0,0,1,0,1,7,1,1,6,2,5,1149,1,11,10,1
2013440470655,1,9,0,18,0,2,1,0,1,0,4,1,6,2,5,1360,1,14,2,1
2013440470661,1,9,0,18,0,0,1,0,2,7,1,1,6,1,6,-1,-1,-1,5,1
2013440470661,2,9,0,18,0,0,0,0,0,0,2,1,6,1,9,1799,1,3,10,1
2013440470661,3,9,0,18,0,0,0,0,0,0,1,1,6,1,7,1598,2,2,6,1
2013440470887,1,9,0,9,0,8,0,0,0,0,3,1,6,1,6,2499,1,7,6,1
2013440470887,2,1,0,7,0,8,0,0,0,0,1,1,6,2,7,-1,-1,-1,3,1
2013440470919,1,9,0,3,0,1,0,0,0,0,3,1,6,1,8,1461,2,-1,-1,-1
2013440470919,2,9,0,3,0,1,0,0,0,0,2,1,6,1,5,1124,1,12,5,2
2013440470919,3,9,0,3,0,1,0,0,0,0,2,1,6,2,7,1200,1,-1,7,1
2013440470919,4,9,0,18,0,1,0,0,0,0,1,1,6,1,9,1796,1,12,10,2
2013440470937,1,9,0,9,0,5,0,0,0,0,4,1,6,1,8,1598,1,8,10,1
2013440470937,2,2,0,18,0,1,0,0,0,0,1,1,6,1,4,125,1,2,7,1
2013440470992,1,3,0,5,0,8,1,0,0,0,4,1,2,1,4,124,1,7,8,3
2013440470994,1,19,0,17,0,0,0,11,1,4,1,1,2,1,10,2461,2,4,6,1
2013440471151,1,9,0,9,0,8,0,0,0,0,3,1,6,1,9,1388,1,1,8,1
2013440471151,2,9,0,18,0,1,0,0,0,0,1,1,6,2,10,1108,1,8,5,1
2013440471242,1,9,0,9,0,6,0,0,0,0,1,1,2,1,6,-1,-1,-1,9,1
2013440471242,2,9,0,18,0,1,0,0,0,0,4,1,6,1,9,2495,2,16,9,3
2013440471440,1,9,0,18,0,0,0,0,1,0,3,1,6,1,11,1388,1,9,10,1
2013440471440,2,9,0,13,0,0,0,0,0,0,3,1,6,2,5,1360,1,9,3,1
2013440471592,1,9,0,18,0,0,1,0,0,0,1,1,1,2,5,1396,1,16,2,1
2013440471656,1,9,0,18,0,0,0,0,0,0,1,1,6,1,10,1388,1,11,4,1
2013440471688,1,1,0,18,9,0,0,0,0,0,1,1,6,1,-1,-1,-1,-1,-1,-1
2013440471731,1,9,0,18,0,0,0,0,0,0,1,1,6,1,6,1796,1,12,5,1
2013440471731,2,9,0,3,0,0,0,0,0,0,2,1,6,2,6,1973,1,16,5,1
2013440471738,1,9,0,18,0,4,0,0,0,0,1,1,6,1,9,1248,1,-1,3,1
2013440471738,2,9,0,18,0,8,0,0,0,0,4,1,6,1,7,1598,2,2,8,1
2013440471742,1,9,0,18,0,0,0,0,0,0,3,1,6,2,11,1392,1,14,9,1
2013440471742,2,19,0,18,0,0,0,0,0,0,3,1,2,1,7,1753,2,11,2,1
2013440471783,1,9,0,18,0,8,0,0,0,0,4,1,6,2,9,1998,1,12,10,1
2013440471783,2,9,0,7,0,8,0,0,0,0,1,1,6,3,-1,-1,-1,-1,-1,-1
2013440471827,1,9,0,18,0,0,0,4,0,0,1,1,6,2,11,1598,1,12,6,1
2013440471827,2,9,0,2,0,0,0,0,0,0,2,1,6,2,5,998,1,10,2,1
2013440471846,1,9,0,9,0,8,0,0,0,0,4,1,6,1,9,1388,1,3,3,1
2013440471846,2,1,0,18,0,8,0,0,0,0,1,1,6,1,4,-1,-1,-1,3,1
2013440471867,1,9,0,3,0,0,0,0,0,0,2,1,6,1,9,973,1,13,10,1
2013440471867,2,2,0,3,0,0,0,0,0,0,2,1,6,2,4,49,1,1,9,1
2013440471867,3,9,0,18,0,0,1,0,0,0,1,1,6,1,7,1061,1,9,9,1
2013440471913,1,8,0,17,0,0,0,0,0,0,1,1,1,1,6,1685,2,-1,3,1
2013440472107,1,9,0,18,0,0,5,0,1,0,4,1,6,2,4,1299,1,11,10,1
2013440472220,1,9,0,18,0,8,1,0,7,7,3,1,2,1,7,1560,2,6,3,1
2013440472239,1,5,0,18,0,0,0,0,0,0,1,1,1,1,8,600,1,14,2,1
2013440472239,2,1,0,18,0,0,0,0,0,0,4,1,4,2,3,-1,-1,-1,5,1
2013440472273,1,5,0,18,0,0,0,12,0,0,1,1,2,1,9,749,1,13,4,1
2013440472411,1,9,0,18,0,2,0,0,0,0,1,1,2,3,-1,998,1,1,-1,-1
2013440472867,1,9,0,3,0,1,0,0,0,0,2,1,6,2,8,1598,1,5,2,1
2013440472867,2,9,0,18,0,1,0,0,0,0,1,1,6,1,-1,-1,-1,-1,-1,-1
2013440472871,1,9,0,18,0,1,0,0,0,0,3,1,6,1,6,1598,2,1,4,1
2013440472871,2,20,0,3,0,1,0,0,0,0,2,1,1,1,10,2198,2,-1,6,2
2013440473035,1,20,0,5,0,0,0,0,0,0,0,1,6,3,-1,-1,-1,-1,-1,-1
2013440473133,1,9,0,18,0,1,0,0,0,0,1,1,6,1,6,1984,1,15,-1,-1
2013440473133,2,9,0,18,0,1,0,0,0,0,2,1,6,2,9,-1,-1,-1,10,1