Accident_Index,Vehicle_Reference,Vehicle_Type,Towing_and_Articulation,Vehicle_Manoeuvre,Vehicle_Location-Restricted_Lane,Junction_Location,Skidding_and_Overturning,Hit_Object_in_Carriageway,Vehicle_Leaving_Carriageway,Hit_Object_off_Carriageway,1st_Point_of_Impact,Was_Vehicle_Left_Hand_Drive?,Journey_Purpose_of_Driver,Sex_of_Driver,Age_Band_of_Driver,Engine_Capacity_(CC),Propulsion_Code,Age_of_Vehicle,Driver_IMD_Decile,Driver_Home_Area_Type
2013440485220,2,9,0,3,0,0,0,0,0,0,2,1,6,1,6,1597,1,6,9,2
2013440485220,3,9,0,3,0,0,0,0,0,0,2,1,6,1,7,1796,1,13,8,2
2013440485220,4,9,0,11,0,0,0,0,0,0,1,1,6,1,6,1560,2,6,5,2
2013440485220,5,9,0,18,0,0,1,0,0,0,1,1,6,1,5,1560,2,-1,5,2
2013440485220,6,9,0,18,0,0,1,0,0,0,1,1,6,1,5,1560,1,1,8,3
2013440485290,1,9,0,9,0,5,0,0,0,0,4,1,6,1,7,1686,2,-1,9,1
2013440485290,2,5,0,18,0,1,0,0,0,0,1,1,6,1,10,883,1,8,7,1
2013440485344,1,9,0,18,0,0,0,0,0,0,1,1,6,2,4,1149,1,11,4,1
2013440485544,1,9,0,18,0,8,0,0,0,0,3,1,6,2,8,1753,2,13,4,1
2013440485544,2,9,0,13,0,8,0,0,0,0,4,1,6,1,6,1229,1,2,2,1
2013440485585,1,9,0,18,0,8,0,0,0,0,1,1,6,2,7,1199,1,8,-1,-1
2013440485585,2,9,0,18,0,8,0,0,0,0,4,1,6,1,7,1299,1,12,9,1
2013440485661,1,9,0,16,0,0,5,0,5,6,3,1,6,1,6,1560,2,6,10,1
2013440485759,1,9,0,18,0,1,1,0,1,2,3,1,6,2,6,1997,2,14,4,1
2013440486117,1,9,0,18,0,0,2,0,1,0,3,1,6,1,7,1988,1,12,5,1
2013440486242,1,11,0,18,0,1,0,0,0,0,1,1,1,3,-1,9600,2,18,-1,-1
2013440486242,2,9,0,9,0,8,0,0,0,0,4,1,6,1,-1,1596,1,12,9,1
2013440486292,1,9,0,18,0,0,0,0,0,0,1,1,6,1,11,1299,1,13,2,1
2013440486292,2,9,0,4,0,0,0,0,0,0,2,1,6,1,7,1560,2,3,9,1
2013440486472,1,9,0,13,0,1,0,0,0,0,4,1,6,3,-1,-1,-1,-1,-1,-1
2013440486472,2,1,0,18,0,1,0,0,0,0,3,1,6,1,8,-1,-1,-1,-1,-1
2013440486527,1,9,0,18,0,4,0,0,3,1,1,1,6,1,6,-1,-1,-1,6,1
2013440486580,1,9,0,18,0,0,1,0,1,3,1,1,6,1,6,1596,1,12,2,1
2013440486774,1,9,0,18,0,1,1,0,0,0,1,1,6,1,5,-1,-1,-1,4,1
2013440486774,2,9,0,4,0,1,0,0,0,0,2,1,6,1,7,1896,2,10,7,1
2013440487236,1,5,0,18,0,8,0,0,0,0,4,1,2,1,6,1043,1,3,4,1
2013440487236,2,9,0,5,0,8,0,0,0,0,3,1,6,2,8,1896,2,6,10,2
2013440487308,1,9,0,18,0,8,0,0,0,0,4,1,6,1,8,1398,1,-1,6,1
2013440487308,2,9,0,18,0,8,0,0,0,0,1,1,6,1,7,1796,1,8,10,1
2013440487373,1,9,0,18,0,1,0,0,0,0,1,1,6,2,9,1985,1,12,10,1
2013440487373,2,9,0,3,0,1,0,0,0,0,2,1,6,1,4,1149,1,11,9,2
2013440487373,3,9,0,3,0,1,0,0,0,0,2,1,6,2,7,1598,1,11,4,1
2013440487598,1,9,0,18,0,8,0,0,0,0,4,1,6,2,9,1598,1,8,9,1
2013440487598,2,1,0,18,0,8,0,0,0,0,1,1,6,1,3,-1,-1,-1,2,1
2013440487657,1,9,0,4,0,8,0,0,0,0,2,1,6,1,10,3239,1,17,9,1
2013440487657,2,9,0,4,0,8,0,0,0,0,1,1,6,2,5,998,1,5,2,1
2013440487712,1,9,0,11,7,0,0,10,1,0,3,1,6,2,4,1397,1,11,6,1
2013440487712,2,19,0,2,6,0,0,0,0,0,2,1,6,1,8,1896,2,11,4,1
2013450001456,1,9,0,16,0,0,0,0,6,2,1,1,6,1,6,1997,1,13,10,1
2013450001518,1,9,0,18,0,0,1,0,8,0,3,1,6,1,4,1596,1,4,8,1
2013450001526,1,19,0,18,0,1,1,0,0,0,1,1,6,1,7,2198,2,5,-1,-1
2013450001526,2,9,0,9,0,1,0,0,0,0,1,1,6,1,10,1598,1,12,7,1
2013450001533,1,9,0,9,0,6,0,0,0,0,3,1,6,1,6,2793,1,15,8,1
2013450001533,2,9,0,18,0,1,0,0,0,0,1,1,2,2,5,1149,1,16,7,1
2013450001536,1,9,0,2,0,0,0,0,0,0,2,1,6,2,7,1598,1,13,7,1
2013450001536,2,9,0,18,0,0,0,4,0,0,1,1,6,2,7,-1,-1,-1,8,1
2013450001538,1,9,0,18,0,0,0,0,0,0,2,1,6,1,8,-1,-1,-1,3,1
2013450001538,2,9,0,18,0,0,0,0,0,0,1,1,6,1,6,-1,-1,-1,8,1
2013450001545,1,9,0,18,6,0,0,0,0,0,3,1,6,2,9,998,1,7,6,1
2013450001545,2,9,0,18,0,0,0,0,0,0,2,1,6,2,7,-1,-1,-1,10,1
2013450001545,3,9,0,18,0,0,0,0,0,0,1,1,6,2,9,1341,1,9,10,1
2013450001552,1,9,0,5,0,1,0,0,0,0,1,1,6,1,4,1596,1,1,9,1
2013450001552,2,1,0,18,0,1,0,0,0,0,1,1,2,1,8,-1,-1,-1,7,1
2013450001582,1,19,0,18,0,1,0,0,0,0,1,1,6,3,-1,2500,2,7,-1,-1
2013450001582,2,9,0,4,0,1,0,0,0,0,2,1,6,1,8,599,1,12,9,3
2013450001585,1,9,0,18,0,0,1,0,6,0,1,1,2,1,7,1781,1,19,4,1
2013450001585,2,9,0,18,0,0,0,0,0,0,3,1,2,2,7,1149,1,5,9,1
2013450001585,3,9,0,18,0,0,0,0,0,0,1,1,2,1,8,2993,2,2,9,1
2013450001585,4,9,0,18,0,0,0,0,0,0,0,1,6,3,-1,1598,1,5,-1,-1
2013450001593,1,9,0,1,0,1,0,10,1,0,4,1,6,1,-1,2198,1,8,-1,-1
2013450001593,2,9,0,3,9,1,0,0,0,0,0,1,1,1,6,2993,2,4,-1,-1
2013450001599,1,9,0,18,0,0,0,0,0,0,1,1,6,2,11,1391,1,17,10,1
2013450001599,2,21,1,18,0,0,0,0,0,0,2,1,1,1,8,12419,2,2,-1,3
2013450001609,1,9,0,18,0,0,0,0,2,0,1,1,6,1,9,1999,1,11,2,1
2013450001609,2,9,0,18,0,0,0,4,5,0,1,1,6,1,8,2000,1,9,10,1
2013450001609,3,9,0,2,6,0,0,0,0,0,3,1,6,2,9,1796,1,12,8,3
2013450001614,1,9,0,18,0,4,0,0,0,0,1,1,1,1,9,-1,-1,-1,9,3
2013450001614,2,9,0,18,0,8,1,0,7,0,4,1,1,1,9,1998,1,8,10,1
2013450001633,1,1,0,18,0,0,0,4,0,0,2,1,6,1,10,-1,-1,-1,10,1
2013450001633,2,9,0,2,0,0,0,0,0,0,0,1,6,1,-1,1896,2,16,6,1
2013450001649,1,9,0,18,0,0,0,0,0,0,1,1,6,1,6,1560,2,2,10,1
2013450001650,1,9,0,18,0,0,0,8,0,0,3,1,1,1,6,1299,1,16,7,1
2013450001651,1,9,0,18,0,0,0,0,0,0,1,1,1,1,8,3824,1,8,10,1
2013450001651,2,17,0,18,0,0,0,0,0,0,1,1,1,1,-1,-1,2,24,6,3
2013450001657,1,9,0,3,0,1,0,0,0,0,0,1,1,1,6,2953,1,2,10,1
2013450001657,2,9,0,7,0,8,0,0,0,0,2,1,6,2,8,2720,2,8,10,1
2013450001657,3,9,0,7,0,8,0,0,0,0,1,1,6,2,10,1560,2,-1,10,1
2013450001659,1,1,0,18,0,8,5,0,7,0,4,1,1,1,8,-1,-1,-1,10,1
2013450001659,2,9,0,5,0,2,0,0,0,0,1,1,6,1,5,-1,-1,-1,10,1
2013450001661,1,9,0,18,0,0,0,0,8,0,1,1,6,1,6,1341,1,10,4,1
2013450001772,1,1,0,9,0,6,0,0,0,0,1,1,6,2,9,-1,-1,-1,9,1
2013450001772,2,9,0,18,0,1,0,0,0,0,1,1,6,1,11,1598,1,17,9,1
2013450001780,1,1,0,18,9,0,0,11,0,0,1,1,6,1,8,-1,-1,-1,9,1
2013450001781,1,9,0,9,0,1,0,0,0,0,1,1,2,1,7,1389,1,14,7,1
2013450001781,2,5,0,13,0,1,0,0,0,0,4,1,2,1,6,599,1,14,10,1
2013450001785,1,9,0,2,0,0,0,0,0,0,3,1,6,2,6,-1,-1,-1,7,1
2013450001785,2,9,0,14,0,0,0,0,0,0,4,1,1,1,6,2993,2,6,8,3
2013450001785,3,9,0,2,0,0,0,0,0,0,0,1,6,1,6,1596,1,7,6,1
2013450001786,1,9,0,18,0,0,1,4,1,0,1,1,6,1,5,1855,1,13,5,1
2013450001786,2,9,0,2,0,0,0,0,0,0,1,1,1,1,6,-1,-1,-1,6,1
2013450001787,1,9,0,4,0,1,0,0,0,0,1,1,2,2,6,1199,1,10,10,1
2013450001787,2,19,0,10,0,1,0,0,0,0,2,1,1,1,9,1998,2,8,10,1
2013450001790,1,9,0,9,0,5,0,0,0,0,4,1,6,1,8,1560,2,3,2,1
2013450001790,2,9,0,17,0,1,1,0,0,0,1,1,6,2,4,1124,1,17,8,1
2013450001792,1,9,0,18,0,8,0,0,0,0,1,1,6,2,11,998,1,14,7,1
2013450001792,2,9,0,18,0,8,0,0,0,0,2,1,6,2,4,1332,1,4,8,3
2013450001793,1,1,0,7,0,3,0,0,0,0,3,1,2,2,6,-1,-1,-1,3,1
2013450001793,2,9,0,18,0,8,0,0,0,0,3,1,2,2,8,1590,1,8,10,1
2013450001795,1,9,0,5,0,1,0,0,0,0,4,1,6,1,8,4266,1,13,6,1
2013450001795,2,5,0,18,0,1,0,0,0,0,1,1,6,1,8,918,1,14,7,1
2013450001802,1,9,0,18,0,0,0,0,0,0,1,1,6,1,8,6208,1,7,6,1
2013450001802,2,9,0,4,0,0,0,0,0,0,2,1,6,1,9,1984,1,6,-1,1
2013450001802,3,9,0,4,0,0,0,0,0,0,2,1,6,1,8,1560,2,1,5,3
2013450001803,1,9,0,18,0,4,0,0,0,0,1,1,2,1,8,1560,2,7,10,1
2013450001803,2,1,0,18,0,8,0,0,0,0,4,1,2,1,5,-1,-1,-1,4,1
2013450001807,1,9,0,18,0,8,0,0,0,0,1,1,6,1,6,-1,-1,-1,10,1
2013450001807,2,9,0,4,0,4,0,0,0,0,3,1,6,2,7,1497,1,13,9,1
2013450001810,1,9,0,11,0,8,0,0,0,0,4,1,3,2,11,2231,2,4,9,1
2013450001810,2,1,0,18,0,8,0,0,0,0,3,1,2,1,8,-1,-1,-1,10,1
2013450001811,1,9,0,18,0,1,0,0,0,0,1,1,6,1,5,-1,-1,-1,10,1
2013450001811,2,9,0,6,0,6,0,0,0,0,3,1,6,1,8,-1,-1,-1,5,1
2013450001814,1,9,0,1,0,0,0,0,0,0,2,1,1,1,6,2231,2,7,4,1
2013450001816,1,5,0,14,0,0,0,0,7,0,1,1,6,1,8,996,1,14,6,1
2013450001816,2,9,0,9,0,0,0,0,0,0,3,1,6,2,5,1397,1,1,6,1
2013450001816,3,9,0,2,0,0,0,0,0,0,1,1,6,3,-1,1339,1,1,6,1
2013450001821,1,9,0,4,0,0,0,0,0,0,2,1,6,1,8,1590,1,8,10,1
2013450001821,2,9,0,18,0,0,1,0,0,0,1,1,6,1,11,2499,1,8,9,1
2013450001823,1,9,0,18,0,0,0,4,0,0,1,1,2,1,7,1397,1,1,10,1
2013450001823,2,9,0,2,0,0,0,4,0,0,3,1,6,2,-1,2979,1,10,8,3
2013450001823,3,9,0,2,0,0,0,0,0,0,2,1,6,2,-1,1248,1,1,9,1
2013450001884,1,2,0,18,0,1,0,0,0,0,1,1,6,1,4,50,1,1,5,1
2013450001884,2,19,0,9,0,2,0,0,0,0,3,1,6,1,5,-1,-1,-1,10,1
2013450001889,1,9,0,18,0,0,0,0,0,0,3,1,6,1,7,1794,1,7,4,1
2013450001889,2,5,0,18,0,0,0,0,0,0,4,1,1,1,6,600,1,2,9,1
2013450001892,1,9,0,13,0,0,0,0,0,0,1,1,6,3,-1,-1,-1,-1,-1,-1
2013450001892,2,4,0,18,0,0,0,0,0,0,1,1,6,1,9,400,1,2,7,2
2013450001892,3,9,0,18,0,0,0,0,0,0,0,1,6,2,5,1596,1,6,9,1
2013450001904,1,9,0,12,0,4,0,0,0,0,1,1,1,1,10,2720,2,8,4,1
2013450001904,2,9,0,8,0,4,0,0,0,0,2,1,6,1,7,1995,2,8,10,1
2013450001904,3,9,0,7,0,7,0,0,0,0,2,1,2,1,8,1995,2,2,4,1
2013450001905,1,1,0,16,0,0,0,10,1,0,3,1,6,2,6,-1,-1,-1,10,1
2013450001905,2,9,0,16,0,0,0,0,0,0,3,1,6,1,-1,-1,-1,-1,-1,-1
2013450001905,3,9,0,17,0,0,0,0,0,0,3,1,6,1,-1,-1,-1,-1,-1,-1
2013450001906,1,9,0,9,0,1,0,0,0,0,1,1,6,3,-1,-1,-1,-1,-1,-1
2013450001906,2,1,0,18,0,8,5,0,0,0,3,1,6,1,6,-1,-1,-1,10,1
2013450001923,1,1,0,18,0,0,0,0,0,0,1,1,6,1,5,-1,-1,-1,7,1
2013450001924,1,19,0,18,0,1,1,0,0,0,1,1,2,1,7,2198,2,5,8,2
2013450001924,2,9,0,10,0,1,0,0,0,0,2,1,3,1,9,1798,1,6,9,1
2013450001930,1,9,0,13,0,0,0,0,0,0,1,1,6,1,6,1391,1,13,7,1
2013450001930,2,9,0,18,0,0,0,0,0,0,1,1,6,1,8,1968,2,7,8,3
2013450001936,1,9,0,9,0,5,0,0,0,0,4,1,6,2,11,1598,1,3,8,1
2013450001936,2,1,0,18,0,1,0,0,0,0,1,1,2,1,7,-1,-1,-1,9,1
2013450001957,1,9,0,15,0,1,5,0,0,0,3,1,6,2,7,-1,-1,-1,10,1
2013450001957,2,9,0,11,0,1,0,0,0,0,4,1,6,2,8,1998,1,9,8,3
2013450001959,1,9,0,18,0,0,1,0,0,0,2,1,1,1,4,-1,-1,-1,7,1
2013450001959,2,9,0,18,0,0,0,0,0,0,1,1,1,2,9,-1,-1,-1,6,1
2013450001960,1,9,0,18,6,3,0,0,0,0,4,1,6,2,9,998,1,12,10,1
2013450001960,2,9,0,18,6,3,0,0,0,0,3,1,6,2,8,1597,1,17,9,1
2013450001973,1,1,0,18,0,8,0,0,0,0,1,1,6,2,4,-1,-1,-1,8,1
2013450001973,2,9,0,18,0,8,0,0,0,0,1,1,6,3,-1,-1,-1,-1,-1,-1
2013450002117,1,9,0,18,0,8,0,0,0,0,1,1,6,2,8,1360,1,14,10,1
2013450002117,2,9,0,9,0,7,0,0,0,0,1,1,6,2,7,-1,-1,-1,10,1
2013450002121,1,9,0,18,0,1,0,0,0,0,1,1,6,1,11,1242,1,9,6,1
2013450002121,2,9,0,10,0,1,0,0,0,0,2,1,6,2,6,998,1,1,6,1
2013450002121,3,9,0,10,0,1,0,0,0,0,2,1,6,2,7,1999,1,6,8,1
2013450002125,1,9,0,9,0,5,0,0,0,0,1,1,2,1,7,2000,1,14,8,1
2013450002125,2,1,0,17,0,8,0,0,0,0,1,1,2,1,8,-1,-1,-1,7,1
2013450002135,1,9,0,16,0,8,0,0,0,0,1,1,6,1,9,1598,1,8,5,1
2013450002135,2,9,0,17,0,1,0,0,0,0,1,1,6,2,7,1560,2,8,5,1
2013450002137,1,9,0,18,0,1,0,0,7,0,4,1,6,2,5,1124,1,12,10,1
2013450002137,2,9,0,9,0,1,0,0,0,0,1,1,6,1,6,2494,1,11,10,1
2013450002139,1,9,0,18,0,4,0,0,0,0,1,1,6,1,6,1896,2,12,8,1
2013450002139,2,9,0,18,0,8,0,0,7,9,4,1,6,2,7,1086,1,8,4,1
2013450002140,1,9,0,9,0,2,0,0,0,0,4,1,6,2,11,1229,1,2,8,3
2013450002140,2,9,0,18,0,1,0,0,0,0,1,1,6,1,8,1997,2,5,8,1
2013450002150,1,9,0,18,0,1,0,0,0,0,1,1,6,1,8,1199,1,11,9,1
2013450002150,2,9,0,10,0,1,0,0,0,0,2,1,6,1,7,1968,2,4,5,1
2013450002152,1,9,0,15,0,0,0,0,1,0,4,1,2,1,7,973,1,15,10,1
2013450002152,2,9,0,18,0,0,0,0,0,0,0,1,6,1,6,1798,1,5,10,1
2013450002154,1,9,0,10,0,0,0,0,0,0,2,1,6,1,4,1171,1,17,6,1
2013450002154,2,9,0,18,0,0,0,0,0,0,2,1,6,1,8,-1,-1,-1,5,1
2013450002155,1,9,0,5,0,8,0,0,0,0,3,1,6,2,10,-1,-1,-1,-1,-1
2013450002155,2,9,0,9,0,8,0,0,0,0,1,1,1,1,9,-1,-1,-1,6,1
2013450002156,1,11,0,18,2,0,0,0,0,0,0,1,6,1,9,6370,2,13,8,1
2013450002156,2,9,0,18,0,0,0,0,0,0,0,1,6,3,-1,-1,-1,-1,-1,-1
2013450002156,3,8,0,18,0,0,0,0,0,0,0,1,6,3,-1,1910,2,5,-1,-1
2013450002158,1,9,0,9,0,4,0,0,0,0,3,1,2,1,5,2000,1,20,4,1
2013450002158,2,1,0,18,0,3,0,0,0,0,1,1,2,2,7,-1,-1,-1,9,1
2013450002162,1,9,0,18,0,1,1,0,0,0,1,1,2,1,4,1149,1,6,10,1
2013450002162,2,9,0,18,0,1,0,0,0,0,2,1,2,1,6,999,1,11,3,1
2013450002162,3,9,0,3,0,1,0,0,0,0,2,1,2,1,8,998,1,13,9,1
2013450002162,4,9,0,3,0,1,0,0,0,0,2,1,2,1,6,1753,2,10,6,1
2013450002162,5,9,0,3,0,1,0,0,0,0,2,1,1,2,7,1560,2,1,9,1
2013450002163,1,9,0,5,0,0,5,10,0,0,2,1,6,1,7,-1,-1,-1,7,1
2013450002163,2,9,0,18,0,0,0,0,0,0,1,1,6,1,6,1988,1,12,10,1
2013450002164,1,9,0,18,0,0,1,0,0,0,1,1,1,1,6,1686,2,16,9,3
2013450002164,2,1,0,18,0,0,0,0,0,0,2,1,6,1,9,-1,-1,-1,10,2
2013450002170,1,9,0,9,0,0,0,0,0,0,1,1,6,2,9,1299,1,13,9,1
2013450002170,2,5,0,18,0,0,0,0,0,0,1,1,1,1,7,781,1,15,10,1
2013450002176,1,9,0,4,0,0,0,0,0,0,2,1,6,2,6,2499,1,6,10,1
2013450002176,2,9,0,4,0,0,0,0,0,0,1,1,6,2,5,1364,1,8,5,1
2013450002176,3,9,0,4,0,0,0,0,0,0,1,1,6,2,-1,-1,-1,-1,5,1
2013450002182,1,9,0,9,0,8,0,0,0,0,1,1,6,1,8,1956,2,4,5,1
2013450002185,1,9,0,18,0,8,0,0,0,0,1,1,6,3,-1,-1,-1,-1,-1,-1
2013450002185,2,3,0,11,0,8,1,0,0,0,4,1,1,1,5,125,1,4,6,1
2013450002190,1,9,0,18,0,5,0,0,0,0,1,1,6,1,4,1198,1,9,6,1
2013450002190,2,1,0,18,0,8,0,0,0,0,3,1,6,1,4,-1,-1,-1,9,1
2013450002193,1,9,0,18,0,0,0,0,0,0,2,1,6,2,6,2496,2,11,10,1
2013450002193,2,9,0,18,0,0,0,0,0,0,2,1,6,2,8,1598,1,1,10,1
2013450002193,3,9,0,18,0,0,0,0,0,0,1,1,6,2,7,1598,2,1,8,1
2013450002200,1,9,0,17,0,0,2,0,2,0,4,1,6,2,4,1461,2,3,9,2
2013450002202,1,9,0,18,0,4,0,0,0,0,1,1,6,1,7,-1,-1,-1,8,1
2013450002202,2,9,0,18,0,8,0,0,0,0,4,1,6,2,10,-1,-1,-1,8,3
2013450002214,1,1,0,18,9,0,0,0,0,0,0,1,6,2,5,-1,-1,-1,7,1
2013450002231,1,9,0,18,0,8,0,0,0,0,4,1,6,2,11,1364,1,4,10,1
2013450002231,2,9,0,18,0,8,0,0,0,0,1,1,6,1,4,1360,1,13,6,1
2013450002248,1,9,0,18,0,0,0,0,0,0,2,1,6,1,4,1598,1,7,9,1
2013450002248,2,9,0,18,0,0,0,0,0,0,1,1,6,2,4,1299,1,11,4,1
2013450002255,1,9,0,16,0,0,0,0,0,0,0,1,6,1,6,1781,1,12,7,1
2013450002255,2,9,0,14,0,0,2,0,1,0,0,1,6,1,5,1595,1,11,9,1
2013450002262,1,21,1,18,0,1,0,0,0,0,0,1,1,1,8,6692,2,2,8,3
2013450002265,1,9,0,18,0,0,0,0,0,0,1,1,6,2,5,998,1,2,9,1
2013450002265,2,9,0,9,0,0,0,0,0,0,3,1,1,1,6,1560,2,5,4,1
2013450002266,1,9,0,18,0,8,0,0,0,0,1,1,6,1,10,1796,1,8,4,1
2013450002266,2,9,0,3,0,8,0,0,0,0,2,1,6,2,6,1995,2,3,1,1
2013450002274,1,9,0,9,0,0,0,0,0,0,1,1,6,1,6,1896,2,14,10,2
2013450002274,2,9,0,18,0,0,0,0,0,0,1,1,6,2,9,1299,1,12,10,1
2013450002275,1,9,0,4,0,0,0,0,0,0,2,1,6,2,5,1598,1,11,8,1
2013450002275,2,9,0,5,0,0,1,0,0,0,1,1,6,1,7,1968,2,1,8,1
2013450002276,1,9,0,16,0,4,2,0,3,1,1,1,6,2,7,1560,2,1,6,1
2013450002281,1,9,0,17,0,0,1,0,0,0,1,1,2,2,8,1599,1,9,8,1
2013450002281,2,9,0,18,0,0,1,0,0,0,1,1,2,2,7,1995,1,10,10,1
2013450002288,1,9,0,18,0,0,0,0,0,0,4,1,6,1,-1,1596,1,10,8,1
2013450002291,1,1,0,9,0,8,0,0,0,0,3,1,1,1,5,-1,-1,-1,9,1
2013450002291,2,9,0,18,0,8,0,0,0,0,1,1,6,1,-1,2494,1,12,8,1
2013450002293,1,9,0,18,0,0,1,0,0,0,3,1,6,2,4,1299,1,11,4,1
2013450002296,1,9,0,18,0,0,0,0,0,0,1,1,6,1,-1,-1,-1,-1,-1,-1
2013450002297,1,9,0,4,0,1,0,0,0,0,2,1,6,1,5,1998,1,11,8,3
2013450002297,2,9,0,4,0,1,0,0,0,0,2,1,6,1,-1,1582,2,2,-1,-1
2013450002297,3,9,0,4,0,1,1,0,0,0,1,1,6,1,6,1598,1,1,3,1
2013450002360,1,9,0,16,0,0,5,0,7,0,3,1,6,2,7,1341,1,10,8,1
2013450002367,1,9,0,9,0,6,0,0,0,0,4,1,3,1,6,1796,1,10,8,3
2013450002367,2,9,0,14,0,1,0,0,0,0,3,1,6,3,-1,-1,-1,-1,-1,-1
2013450002373,1,9,0,1,0,1,0,0,0,0,2,1,6,1,7,-1,-1,-1,-1,-1
2013450002375,1,9,0,18,0,0,0,11,1,0,4,1,6,1,11,1199,1,9,10,2
2013450002376,1,9,0,10,0,2,0,0,0,0,1,1,6,1,6,1896,2,5,4,1
2013450002376,2,9,0,18,0,1,0,0,0,0,2,1,6,1,5,-1,-1,-1,2,1
2013450002378,1,9,0,18,0,0,0,0,0,0,1,1,6,2,8,2435,1,8,10,1
2013450002378,2,9,0,18,0,0,0,0,0,0,1,1,6,2,6,1390,1,10,3,1
2013450002378,3,9,0,18,0,0,0,0,0,0,2,1,6,1,-1,1398,1,13,8,3
2013450002378,4,9,0,18,0,0,0,0,0,0,0,1,6,1,-1,-1,-1,-1,-1,-1
2013450002384,1,9,0,17,0,0,0,0,0,0,1,1,6,2,6,999,1,1,7,1
2013450002384,2,9,0,4,0,0,0,0,0,0,2,1,1,3,-1,-1,-1,-1,-1,-1
2013450002385,1,9,0,18,0,2,0,0,0,0,1,1,6,1,5,1390,1,13,4,1
2013450002385,2,9,0,4,0,2,0,0,0,0,2,1,6,1,6,1794,1,9,4,1
2013450002386,1,9,0,17,0,6,1,0,7,0,0,1,6,1,4,1229,1,3,6,1
2013450002388,1,5,0,14,0,0,0,0,0,0,1,1,2,1,8,1050,1,4,8,3
2013450002388,2,1,0,5,0,0,0,0,0,0,1,1,6,2,4,-1,-1,-1,4,1
2013450002390,1,19,0,18,0,0,1,0,1,0,1,1,1,1,6,2953,2,8,3,1
2013450002391,1,9,0,18,0,1,0,0,0,0,1,1,6,1,5,-1,-1,-1,8,1
2013450002392,1,9,0,18,0,0,0,0,0,0,4,1,6,1,5,1560,2,8,5,1
2013450002392,2,1,0,18,0,0,0,0,0,0,3,1,6,2,4,-1,-1,-1,10,1
2013450002393,1,9,0,9,0,0,0,0,0,0,1,1,6,1,6,1984,1,2,9,1
2013450002393,2,1,0,4,0,0,5,0,0,0,1,1,1,1,6,-1,-1,-1,6,1
2013450002394,1,9,0,9,0,8,0,0,0,0,4,1,2,1,8,1997,2,5,9,1
2013450002394,2,9,0,9,0,8,0,0,0,0,3,1,1,1,6,-1,-1,-1,3,1
2013450002394,3,21,1,9,0,8,0,0,0,0,0,1,1,3,-1,-1,-1,-1,-1,-1
2013450002395,1,1,0,18,0,0,2,0,0,0,4,1,6,1,9,-1,-1,-1,8,1
2013450002396,1,9,0,18,0,1,0,0,0,0,4,1,6,1,9,1598,1,7,7,1
2013450002399,1,5,0,13,0,8,5,0,0,0,4,1,2,1,5,599,1,9,4,1
2013450002403,1,9,0,16,0,0,1,0,7,3,4,1,6,1,4,-1,-1,-1,9,1
2013450002404,1,1,0,18,0,0,1,12,0,0,1,1,6,1,7,-1,-1,-1,10,1
2013450002407,1,1,0,18,0,8,0,0,0,0,2,1,6,1,4,-1,-1,-1,10,1
2013450002407,2,9,0,18,0,4,0,0,0,0,1,1,6,1,10,2987,2,4,10,1
2013450002409,1,9,0,4,0,0,0,0,0,0,1,1,1,2,8,1598,1,13,7,2
2013450002410,1,9,0,17,0,2,1,0,0,0,1,1,6,1,8,1798,1,9,4,1
2013450002414,1,9,0,18,0,1,0,0,0,0,3,1,6,1,8,1753,2,10,9,1
2013450002416,1,9,0,18,0,3,0,0,0,0,1,1,6,1,7,-1,-1,-1,10,1
2013450002416,2,9,0,18,0,3,0,0,0,0,2,1,6,1,4,1149,1,15,3,1
2013450002429,1,9,0,7,9,0,0,0,0,0,4,1,6,1,8,1686,2,2,8,1
2013450002429,2,1,0,18,9,0,0,0,0,0,1,1,6,1,6,-1,-1,-1,8,1
2013450002433,1,4,0,18,0,0,2,0,0,0,0,1,6,1,9,123,1,5,8,1
2013450002435,1,1,0,9,0,8,0,0,0,0,0,1,6,1,5,-1,-1,-1,10,1
2013450002443,1,9,0,9,0,4,0,0,0,0,0,1,6,1,-1,-1,-1,-1,-1,-1
2013450002443,2,9,0,18,0,4,0,0,0,0,2,1,6,1,6,2993,2,8,5,1
2013450002443,3,9,0,18,0,4,0,0,0,0,2,1,6,1,8,1685,2,1,7,1
2013450002443,4,9,0,18,0,4,0,0,0,0,1,1,6,2,5,1398,1,10,8,1
2013450002447,1,9,0,18,0,0,2,0,1,0,1,1,6,1,7,1398,1,1,2,1
2013450002449,1,9,0,18,0,0,1,0,2,0,2,1,6,1,8,1198,1,3,-1,-1
2013450002449,2,9,0,12,0,0,0,0,0,0,1,1,1,1,7,-1,-1,-1,-1,-1
2013450002450,1,21,1,18,0,0,0,0,0,0,1,1,1,1,6,15607,2,2,10,1
2013450002450,2,9,0,18,0,0,0,0,0,0,2,1,1,1,6,998,1,2,8,1
2013450002451,1,9,0,17,0,0,0,0,0,0,3,1,1,1,8,-1,-1,-1,7,1
2013450002451,2,9,0,16,0,0,0,0,0,0,3,1,1,1,7,998,1,10,7,1