Accident_Index,Vehicle_Reference,Vehicle_Type,Towing_and_Articulation,Vehicle_Manoeuvre,Vehicle_Location-Restricted_Lane,Junction_Location,Skidding_and_Overturning,Hit_Object_in_Carriageway,Vehicle_Leaving_Carriageway,Hit_Object_off_Carriageway,1st_Point_of_Impact,Was_Vehicle_Left_Hand_Drive?,Journey_Purpose_of_Driver,Sex_of_Driver,Age_Band_of_Driver,Engine_Capacity_(CC),Propulsion_Code,Age_of_Vehicle,Driver_IMD_Decile,Driver_Home_Area_Type
2013450004919,1,9,0,16,0,0,1,0,1,0,1,1,1,1,6,-1,-1,-1,5,1
2013450004923,1,5,0,4,0,8,2,0,0,0,1,1,6,1,7,700,1,26,10,1
2013450004924,1,9,0,18,0,1,0,4,0,0,1,1,6,1,5,1149,1,11,10,1
2013450004924,2,9,0,3,0,1,0,0,1,0,2,1,6,1,6,1489,1,15,10,1
2013450004928,1,19,4,9,0,1,0,0,0,0,1,1,1,1,6,-1,-1,-1,-1,-1
2013450004928,2,9,0,18,0,1,1,0,0,0,1,1,2,1,4,1398,2,10,9,3
2013450004928,3,9,0,8,0,1,0,0,0,0,3,1,2,1,9,1199,2,1,10,1
2013450004931,1,9,0,4,0,1,0,0,0,0,1,1,6,1,7,1910,2,8,9,3
2013450004931,2,9,0,3,0,1,0,0,0,0,2,1,6,1,6,-1,-1,-1,9,1
2013450004931,3,9,0,3,0,1,0,0,0,0,2,1,6,2,6,998,1,14,7,3
2013450004932,1,9,0,5,0,1,0,0,0,0,3,1,6,2,5,1596,1,4,7,1
2013450004932,2,9,0,18,0,1,0,0,0,0,1,1,6,1,4,1242,1,16,8,1
2013450004934,1,5,0,17,0,0,1,10,1,0,1,1,6,1,6,600,1,13,5,1
2013450004936,1,9,0,5,0,3,0,0,0,0,4,1,6,2,7,1747,1,12,10,1
2013450004938,1,9,0,18,0,0,0,0,0,0,4,1,6,1,-1,-1,-1,-1,-1,-1
2013450004939,1,9,0,5,0,4,0,0,0,0,1,1,6,1,-1,1798,8,1,3,1
2013450004939,2,1,0,7,0,3,0,0,0,0,4,1,6,1,7,-1,-1,-1,8,1
2013450004941,1,9,0,7,0,8,0,0,0,0,1,1,6,1,9,1299,1,19,10,1
2013450004942,1,9,0,4,0,0,0,0,0,0,1,1,6,1,7,2179,2,2,9,1
2013450004942,2,9,0,3,0,0,0,0,0,0,2,1,6,2,7,1596,1,7,10,1
2013450004947,1,21,1,12,0,0,0,0,0,0,3,2,1,1,7,-1,-1,-1,-1,-1
2013450004947,2,9,0,18,0,0,0,0,0,0,4,1,6,2,8,998,1,2,7,1
2013450004948,1,9,0,18,0,0,0,0,0,0,2,1,6,2,6,1598,1,12,4,1
2013450004948,2,21,0,12,0,0,0,0,0,0,1,2,1,1,7,-1,-1,-1,-1,-1
2013450004951,1,21,1,12,0,0,0,0,0,0,3,2,1,1,7,-1,-1,-1,-1,-1
2013450004951,2,9,0,18,0,0,0,0,0,0,4,1,6,1,5,1796,1,9,2,1
2013450004953,1,19,0,18,0,0,0,0,0,0,3,1,6,3,-1,-1,-1,-1,-1,-1
2013450004958,1,9,0,16,0,0,0,11,1,4,1,1,6,1,9,5000,1,4,8,1
2013450004960,1,9,0,18,0,1,1,0,0,0,1,1,2,1,7,2184,2,11,7,1
2013450004960,2,19,0,10,0,1,0,0,0,0,2,1,1,1,6,1995,2,3,7,3
2013450004961,1,9,0,18,0,1,0,0,0,0,1,1,6,1,5,899,1,13,3,1
2013450004961,2,9,0,9,0,1,0,0,0,0,4,1,6,2,5,1388,1,4,10,1
2013450004962,1,9,0,5,0,6,0,0,0,0,1,1,6,1,11,1560,2,8,6,1
2013450004962,2,9,0,18,0,1,0,0,0,0,3,1,6,2,7,1598,1,5,6,1
2013450004964,1,9,0,16,0,1,2,10,4,0,4,1,6,1,7,1995,2,10,4,1
2013450004968,1,9,0,3,0,4,0,0,0,0,2,1,6,2,6,1149,1,10,10,1
2013450004968,2,9,0,3,0,4,1,0,0,0,1,1,6,1,7,1598,1,10,8,1
2013450004970,1,5,0,18,0,8,5,0,0,0,1,1,1,1,7,918,1,14,9,1
2013450004970,2,9,0,9,0,6,0,0,0,0,1,1,1,1,7,1390,1,11,7,1
2013450004971,1,1,0,9,0,4,5,0,0,0,1,1,6,1,8,-1,-1,-1,4,1
2013450004971,2,9,0,18,0,4,0,0,0,0,3,1,6,2,10,1399,1,5,10,1
2013450004972,1,19,0,2,6,0,0,0,0,0,3,1,1,1,6,2148,2,5,4,1
2013450004972,2,11,0,18,0,0,0,0,0,0,4,1,1,1,8,12000,2,4,9,1
2013450004974,1,9,0,16,0,0,1,0,1,10,1,1,6,2,9,1598,1,3,6,1
2013450004977,1,9,0,18,0,0,0,0,0,0,1,1,6,1,6,1560,2,2,7,1
2013450004977,2,9,0,18,0,0,0,0,0,0,2,1,6,1,4,1598,1,7,6,1
2013450004978,1,9,0,17,0,0,1,0,8,0,3,1,2,1,4,1497,1,7,10,1
2013450004981,1,9,0,7,0,0,0,0,0,0,4,1,6,1,8,-1,-1,-1,7,1
2013450004987,1,9,0,18,0,0,0,0,0,0,3,1,6,2,7,1396,1,8,3,1
2013450004987,2,9,0,18,0,0,0,0,0,0,4,1,6,2,7,2967,2,1,10,2
2013450004987,3,9,0,18,0,0,0,0,0,0,2,1,6,1,5,1390,1,12,5,1
2013450004987,4,9,0,18,0,0,0,0,0,0,1,1,6,1,6,1242,1,12,7,1
2013450004991,1,9,0,18,0,4,1,9,7,0,2,1,6,1,5,4999,1,7,8,1
2013450004991,2,9,0,18,0,4,1,9,7,0,1,1,6,1,4,1995,1,11,10,1
2013450004992,1,5,0,13,0,1,2,0,0,0,3,1,6,1,6,599,1,13,10,1
2013450004992,2,9,0,9,0,6,0,0,0,0,3,1,6,2,7,1598,1,13,9,1
2013450004992,3,19,0,18,0,1,0,0,0,0,0,1,1,1,10,1997,2,1,9,1
2013450004995,1,1,0,18,0,0,0,0,0,0,1,1,6,1,6,-1,-1,-1,4,1
2013450004995,2,9,0,9,0,0,0,0,0,0,3,1,2,1,7,1086,1,7,9,1
2013450004997,1,9,0,17,0,0,1,0,1,0,1,1,6,2,5,1229,1,7,4,1
2013450004999,1,9,0,18,0,0,0,0,0,0,3,1,6,1,7,1390,1,15,5,1
2013450004999,2,9,0,18,0,0,0,0,4,0,4,1,6,2,-1,1242,1,11,4,1
2013450005003,1,9,0,10,0,1,0,0,0,0,4,1,2,2,5,1242,1,11,10,3
2013450005004,1,9,0,18,0,4,0,0,0,0,1,1,6,1,9,2397,1,14,10,3
2013450005004,2,1,0,18,0,8,0,0,0,0,2,1,6,1,7,-1,-1,-1,10,1
2013450005012,1,5,0,16,0,3,1,0,6,0,4,1,2,1,8,1130,1,10,9,3
2013450005018,1,21,1,18,0,0,0,0,0,0,1,1,1,1,9,-1,-1,-1,-1,-1
2013450005018,2,9,0,18,0,0,0,0,0,0,2,1,1,2,7,1595,1,2,4,1
2013450005018,3,21,1,18,0,0,1,0,0,0,1,1,1,1,8,6692,2,2,10,1
2013450005019,1,9,0,18,0,0,1,12,1,4,1,1,2,2,4,1124,1,10,9,1
2013450005023,1,9,0,9,0,5,0,0,7,0,1,1,1,1,6,1997,2,12,10,1
2013450005023,2,1,0,18,0,1,0,0,0,0,1,1,6,2,7,-1,-1,-1,7,1
2013450005024,1,9,0,17,0,0,1,0,7,0,1,1,6,1,8,-1,-1,-1,5,1
2013450005025,1,1,0,18,5,0,0,0,0,0,0,1,6,1,6,-1,-1,-1,6,1
2013450005026,1,21,1,12,0,0,0,0,0,0,3,1,1,1,6,-1,-1,-1,-1,-1
2013450005026,2,9,0,18,0,0,1,0,0,0,4,1,6,1,6,1896,2,15,2,1
2013450005026,3,9,0,18,0,0,0,0,0,0,4,1,2,1,7,-1,-1,-1,10,1
2013450005027,1,5,0,18,0,8,1,0,0,0,3,1,1,1,9,582,1,6,8,1
2013450005028,1,9,0,17,0,0,2,10,0,0,1,1,6,1,5,1199,1,11,9,1
2013450005030,1,9,0,18,0,8,0,0,0,0,1,1,6,1,7,-1,-1,-1,10,1
2013450005030,2,9,0,17,0,8,0,0,0,0,3,1,6,2,5,1248,2,6,4,1
2013450005031,1,9,0,4,0,0,0,0,0,0,2,1,6,2,8,1598,1,4,8,1
2013450005031,2,9,0,18,0,0,0,0,0,0,1,1,6,2,5,1108,1,14,9,1
2013450005032,1,9,0,18,0,0,0,0,1,10,1,1,6,1,8,2179,2,11,7,1
2013450005032,2,9,0,5,8,0,0,0,0,0,0,1,6,3,-1,-1,-1,-1,-1,-1
2013450005033,1,9,0,10,0,6,0,0,0,0,3,1,1,1,6,1591,1,1,9,1
2013450005033,2,9,0,18,0,8,0,0,0,0,4,1,6,2,10,1596,1,4,4,1
2013450005035,1,19,0,18,0,0,1,0,7,0,1,1,1,1,8,2496,2,18,8,2
2013450005041,1,9,0,4,0,3,0,0,0,0,2,1,6,1,6,-1,-1,-1,4,1
2013450005041,2,9,0,3,0,3,0,0,0,0,1,1,2,1,7,1398,2,10,10,3
2013450005041,3,9,0,4,0,4,0,0,0,0,0,1,1,1,6,1560,2,1,-1,-1
2013450005042,1,8,0,18,0,1,0,0,0,0,4,1,1,1,6,1598,2,1,5,1
2013450005042,2,9,0,9,0,5,0,0,0,0,4,1,6,1,7,998,1,11,7,1
2013450005044,1,9,0,10,0,0,0,0,0,0,2,1,1,2,4,1242,1,16,9,2
2013450005044,2,9,0,18,0,0,1,0,0,0,1,1,2,1,5,1598,1,14,5,1
2013450005049,1,9,0,18,0,0,0,0,0,0,4,1,6,2,7,1988,1,15,4,1
2013450005049,2,9,0,5,0,0,0,0,0,0,1,1,6,1,7,1910,2,9,4,1
2013450005049,3,9,0,2,0,0,0,0,0,0,4,1,6,1,7,1794,1,9,10,1
2013450005050,1,9,0,4,0,0,0,0,0,0,2,1,6,1,5,1596,1,7,9,1
2013450005050,2,9,0,18,0,0,0,0,0,0,1,1,6,3,6,1598,1,7,7,1
2013450005053,1,9,0,18,0,0,0,10,7,0,1,1,6,2,7,1997,1,5,7,1
2013450005055,1,9,0,18,9,2,5,10,1,0,1,1,6,1,11,1598,1,5,9,1
2013450005056,1,9,0,7,0,5,0,0,0,0,4,1,6,1,8,2967,2,6,10,1
2013450005059,1,9,0,18,0,0,1,0,5,0,1,1,2,1,5,1242,1,4,3,1
2013450005059,2,9,0,18,0,0,1,1,2,0,4,1,2,1,7,2148,2,5,3,1
2013450005060,1,9,0,18,0,0,1,0,5,0,1,1,1,1,7,1910,2,6,9,1
2013450005062,1,9,0,16,0,0,2,10,4,0,3,1,2,1,7,1299,1,11,10,1
2013450005064,1,9,0,16,0,0,2,0,0,0,1,1,2,1,5,1587,1,10,7,3
2013450005068,1,9,0,5,0,6,0,0,0,0,1,1,6,1,8,1997,2,13,5,1
2013450005068,2,9,0,16,0,1,0,0,0,0,1,1,6,1,9,1360,1,8,8,3
2013450005069,1,3,0,13,0,0,0,0,0,0,1,1,1,1,6,125,1,6,8,1
2013450005069,2,9,0,9,0,0,0,0,0,0,3,1,6,1,6,1397,1,12,6,1
2013450005071,1,9,0,17,0,0,0,0,1,0,1,1,2,2,8,996,1,2,3,1
2013450005071,2,9,0,16,0,0,1,0,0,0,1,1,2,1,4,1396,1,10,8,2
2013450005073,1,9,0,17,0,0,0,0,1,0,1,1,6,1,4,998,1,2,10,3
2013450005075,1,9,0,18,0,0,0,0,0,0,4,1,4,3,-1,-1,-1,-1,-1,-1
2013450005077,1,3,0,18,0,0,0,0,0,0,1,1,6,1,4,125,1,15,5,1
2013450005077,2,1,0,18,0,0,0,0,0,0,1,1,4,1,3,-1,-1,-1,6,1
2013450005082,1,21,1,18,0,0,0,0,0,0,4,1,6,3,-1,-1,-1,-1,-1,-1
2013450005082,2,9,0,18,0,0,5,7,2,0,3,1,1,1,6,1910,2,4,4,1
2013450005085,1,9,0,18,0,0,2,0,1,9,4,1,2,1,5,1598,1,6,6,1
2013450005086,1,9,0,9,0,1,0,4,7,0,4,1,1,1,8,-1,-1,-1,10,1
2013450005086,2,9,0,2,0,1,0,0,0,0,4,1,6,1,-1,1796,1,9,10,1
2013450005087,1,9,0,3,0,1,0,0,0,0,2,1,6,1,9,1968,2,5,9,1
2013450005087,2,9,0,4,0,1,0,0,0,0,1,1,6,1,4,1368,1,4,10,1
2013450005091,1,19,0,18,0,0,0,0,0,0,1,1,1,1,5,1753,2,8,2,1
2013450005091,2,9,0,11,0,0,0,0,0,0,2,1,6,2,9,1461,2,2,9,3
2013450005091,3,9,0,12,0,0,0,0,0,0,0,1,6,3,-1,-1,-1,-1,-1,-1
2013450005093,1,19,0,18,0,0,0,4,0,0,1,1,6,1,7,1686,2,6,10,1
2013450005093,2,9,0,2,0,0,0,0,0,0,1,1,6,1,11,1998,1,17,6,1
2013450005097,1,5,0,17,0,8,5,0,0,0,0,1,6,1,5,599,1,13,2,1
2013450005098,1,9,0,17,0,0,1,0,1,0,3,1,1,1,7,1199,1,12,5,1
2013450005100,1,9,0,18,0,0,1,0,0,0,1,1,1,1,6,1769,1,12,9,1
2013450005103,1,9,0,17,0,0,2,0,1,0,1,1,2,2,4,1360,1,2,9,3
2013450005104,1,5,0,7,0,8,2,0,0,0,1,1,6,1,4,599,1,6,9,1
2013450005108,1,1,0,14,0,1,0,0,0,0,4,1,6,2,10,-1,-1,-1,6,1
2013450005108,2,9,0,2,0,1,0,0,0,0,3,1,6,2,8,1598,1,3,10,1
2013450005111,1,9,0,4,0,8,0,0,0,0,2,1,6,2,9,1339,1,1,5,2
2013450005111,2,9,0,4,0,8,0,0,0,0,1,1,6,1,8,-1,-1,-1,7,1
2013450005116,1,9,0,1,0,1,0,0,0,0,4,1,1,1,6,1360,1,12,7,1
2013450005118,1,9,0,18,0,1,0,0,1,0,1,1,2,2,5,1598,2,-1,10,1
2013450005118,2,9,0,18,0,6,0,0,0,0,1,1,6,2,6,1598,1,12,6,1
2013450005123,1,9,0,3,0,0,0,0,0,0,1,1,6,1,6,1598,1,11,9,1
2013450005123,2,9,0,4,0,0,0,0,0,0,2,1,6,1,7,1398,1,-1,9,2
2013450005123,3,9,0,4,0,0,0,0,0,0,2,1,6,2,5,1598,1,14,9,1
2013450005125,1,9,0,3,0,0,0,0,0,0,2,1,6,2,6,1596,1,-1,6,1
2013450005125,2,9,0,18,0,0,0,0,0,0,1,1,6,2,5,1596,1,14,6,1
2013450005129,1,9,0,18,0,0,0,0,0,0,1,1,6,2,5,999,1,14,8,1
2013450005132,1,5,0,18,0,8,5,9,0,0,3,1,6,1,9,851,1,24,9,3
2013450005134,1,21,0,18,0,0,0,0,0,0,4,1,1,1,7,10518,2,4,3,1
2013450005134,2,9,0,12,0,0,0,0,0,0,3,1,6,2,5,1299,1,20,8,1
2013450005135,1,9,0,18,0,0,0,0,1,3,1,1,6,1,5,1995,1,10,4,1
2013450005137,1,21,1,18,0,0,0,0,0,0,3,2,1,1,9,-1,-1,-1,-1,-1
2013450005137,2,9,0,18,0,0,1,0,0,0,4,1,6,1,10,1598,2,3,5,1
2013450005137,3,9,0,18,0,0,0,0,0,0,1,1,6,2,7,1995,2,1,6,3
2013450005137,4,9,0,18,0,0,0,0,0,0,0,1,6,1,5,1587,1,15,5,1
2013450005143,1,5,0,18,0,8,0,0,0,0,3,1,6,1,8,1157,1,17,10,1
2013450005145,1,9,0,9,0,6,0,0,0,0,2,1,6,1,7,2997,1,11,10,1
2013450005145,2,9,0,18,0,1,0,0,0,0,1,1,6,1,11,1299,1,11,5,1
2013450005148,1,9,0,5,0,8,0,0,0,0,3,1,6,1,10,1198,1,2,8,1
2013450005148,2,9,0,17,0,8,0,0,0,0,1,1,6,1,5,1299,1,5,10,1
2013450005148,3,9,0,4,0,8,0,0,0,0,3,1,6,1,7,1596,1,7,9,1
2013450005149,1,9,0,18,0,8,0,0,4,6,1,1,6,2,9,1198,1,8,10,1
2013450005149,2,9,0,18,0,1,0,0,0,0,1,1,6,1,-1,-1,-1,-1,-1,-1
2013450005154,1,9,0,9,0,8,0,0,0,0,1,1,6,2,5,973,1,13,9,1
2013450005154,2,5,0,18,0,8,5,0,0,0,1,1,6,1,5,645,1,3,4,1
2013450005157,1,9,0,10,0,1,0,0,0,0,2,1,6,2,8,1686,2,8,9,2
2013450005157,2,9,0,18,0,1,0,0,0,0,1,1,1,1,7,-1,-1,-1,8,1
2013450005158,1,9,0,18,0,0,0,0,0,0,2,1,6,1,6,1390,1,1,6,1
2013450005158,2,9,0,18,0,0,0,0,0,0,1,1,6,1,6,1242,1,1,10,1
2013450005159,1,9,0,9,0,0,0,0,0,0,1,1,6,1,5,1560,2,-1,10,1
2013450005159,2,9,0,18,0,0,0,0,0,0,1,1,6,1,7,1985,1,14,10,1
2013450005160,1,9,0,9,0,0,0,0,0,0,1,1,1,2,6,1598,2,2,9,1
2013450005160,2,9,0,9,0,0,0,0,0,0,1,1,6,1,10,1790,1,3,8,1
2013450005162,1,21,0,3,0,4,0,0,0,0,1,1,1,1,6,12777,2,2,7,1
2013450005162,2,9,0,3,0,4,0,0,0,0,2,1,1,1,6,1390,1,8,3,1
2013450005163,1,19,0,5,0,4,0,0,0,0,1,1,6,1,7,-1,-1,-1,7,1
2013450005163,2,9,0,5,0,4,0,0,0,0,3,1,6,2,10,1493,1,19,10,2
2013450005164,1,21,1,18,0,0,0,0,0,0,1,2,1,1,8,-1,-1,-1,-1,-1
2013450005164,2,9,0,14,0,0,1,0,1,0,1,1,6,2,7,1998,1,8,8,1
2013450005165,1,9,0,18,0,1,0,0,0,0,4,1,2,1,8,1248,1,2,5,1
2013450005165,2,19,0,10,0,1,0,0,0,0,1,1,6,3,-1,2400,2,10,-1,-1
2013450005166,1,9,0,18,0,0,1,0,7,4,1,1,6,2,4,1390,1,4,9,3
2013450005169,1,9,0,17,0,0,0,0,1,0,3,1,6,2,9,1582,2,1,10,1
2013450005169,2,9,0,2,0,0,0,0,0,0,0,1,6,1,6,2993,2,10,8,1
2013450005170,1,9,0,16,0,0,5,10,0,0,0,1,2,2,4,1299,1,11,9,1
2013450005171,1,9,0,18,0,0,0,0,7,0,1,1,2,2,9,1600,1,15,9,1
2013450005173,1,10,0,18,0,0,0,0,0,0,0,1,1,1,8,-1,-1,-1,9,2
2013450005174,1,9,0,17,0,4,0,0,0,0,1,1,2,1,7,1968,2,2,10,3
2013450005174,2,5,0,5,0,8,2,0,0,0,4,1,2,1,7,599,1,-1,8,1
2013450005177,1,9,0,4,0,0,0,0,0,0,0,1,6,3,-1,-1,-1,-1,-1,-1
2013450005177,2,9,0,18,0,0,1,0,7,6,1,1,6,2,4,1242,1,2,8,1
2013450005178,1,9,0,5,0,0,0,0,0,0,1,1,6,1,9,5993,1,17,10,1
2013450005178,2,1,0,18,0,0,0,0,0,0,1,1,6,1,6,-1,-1,-1,8,1
2013450005181,1,9,0,2,0,0,0,0,0,0,0,1,6,2,7,2499,2,9,5,1
2013450005181,2,9,0,3,0,0,0,0,0,0,2,1,6,2,9,2149,2,5,10,1
2013450005181,3,11,0,18,0,0,0,0,0,0,1,1,1,1,6,4500,2,5,9,1
2013450005182,1,9,0,18,0,1,1,0,7,0,4,1,6,1,7,1753,2,13,9,1
2013450005184,1,9,0,11,0,0,2,0,1,0,4,1,6,2,11,1339,1,6,9,1
2013450005184,2,21,1,18,0,0,0,0,0,0,1,2,1,1,7,-1,-1,-1,-1,-1
2013450005188,1,9,0,9,0,3,0,0,0,0,4,1,6,1,5,1149,1,5,9,1
2013450005188,2,5,0,18,0,8,0,0,0,0,1,1,6,1,7,781,1,10,3,1
2013450005189,1,5,0,18,0,0,0,0,0,0,1,1,6,1,7,600,1,10,9,1
2013450005189,2,9,0,9,0,0,0,0,0,0,3,1,6,2,8,1560,2,3,-1,3
2013450005189,3,9,0,2,0,0,0,0,0,0,0,1,6,1,11,2685,2,10,10,1
2013450005197,1,9,0,3,0,0,0,0,0,0,2,1,2,1,6,1598,1,4,10,3
2013450005197,2,9,0,18,0,0,0,0,1,0,1,1,2,2,6,1598,1,1,6,1
2013450005198,1,9,0,7,0,6,0,0,0,0,1,1,6,2,4,1198,1,10,7,3
2013450005198,2,9,0,18,0,8,0,0,1,0,4,1,6,2,10,1595,1,12,10,1
2013450005199,1,9,0,5,0,1,0,0,0,0,1,1,1,1,6,1896,2,4,5,1
2013450005199,2,9,0,5,0,1,0,0,0,0,2,1,6,3,-1,-1,-1,-1,-1,-1
2013450005203,1,9,0,17,0,0,1,0,8,0,1,1,2,2,8,1994,1,12,8,1
2013450005208,1,9,0,18,0,8,0,0,0,0,1,1,6,3,-1,-1,-1,-1,-1,-1
2013450005210,1,9,0,18,9,0,0,0,0,0,1,1,6,1,10,1895,1,13,9,1
2013450005211,1,9,0,17,0,0,2,0,1,0,1,1,6,1,6,2157,1,15,5,1
2013450005217,1,90,0,18,0,0,0,0,0,0,0,1,6,3,-1,-1,-1,-1,-1,-1
2013450005217,2,9,0,18,0,0,1,0,0,0,3,1,6,2,10,1905,2,18,6,1
2013450005217,3,9,0,18,0,0,0,0,0,0,1,1,6,1,9,1595,1,13,8,1
2013450005217,4,9,0,18,0,0,0,0,0,0,1,1,6,2,7,1560,2,6,7,3
2013450005217,5,9,0,18,0,0,0,0,0,0,1,1,6,2,6,1598,1,11,5,1
2013450005217,6,9,0,18,0,0,0,0,0,0,2,1,6,2,7,-1,-1,-1,10,1
2013450005217,7,9,0,18,0,0,0,0,0,0,1,1,6,1,5,1560,2,6,3,1
2013450005217,8,9,0,18,0,0,0,0,0,0,1,1,1,1,7,1753,2,6,3,1
2013450005217,9,19,0,18,0,0,0,0,0,0,1,1,6,1,6,1870,2,9,4,1
2013450005217,10,9,0,18,0,0,0,0,0,0,1,1,6,2,5,1390,1,17,5,1
2013450005221,1,9,0,1,9,0,0,0,0,0,2,1,6,2,-1,1598,1,11,10,1
2013450005235,1,9,0,18,0,0,0,0,0,0,1,1,6,1,10,2435,1,10,9,3
2013450005238,1,21,1,18,0,1,0,0,0,0,1,1,1,2,6,5880,2,8,9,1
2013450005238,2,9,0,10,0,1,0,0,0,0,2,1,6,2,9,2993,2,2,7,3
2013450005239,1,9,0,16,0,0,2,0,7,0,4,1,1,1,5,1461,2,5,9,1
2013450005242,1,8,0,5,0,1,0,0,0,0,3,1,1,1,-1,998,1,4,-1,-1
2013450005245,1,21,0,2,7,0,0,0,0,0,0,1,1,1,6,12600,2,6,10,1
2013450005245,2,9,0,14,0,0,0,0,0,0,2,1,1,1,8,2996,2,4,8,1
2013450005245,3,9,0,18,0,0,0,0,0,0,1,1,1,1,10,-1,-1,-1,6,3
2013450005246,1,9,0,18,0,0,0,0,0,0,1,1,6,2,4,1299,1,7,9,1
2013450005246,2,9,0,18,0,0,0,0,0,0,2,1,6,1,8,1896,2,5,10,1
2013450005250,1,1,0,18,0,0,0,0,1,10,0,1,6,2,7,-1,-1,-1,8,1
2013450005250,2,90,0,13,0,0,0,0,0,0,0,1,6,1,7,6370,2,1,6,1
2013450005251,1,9,0,18,0,0,0,0,0,0,4,1,6,2,7,1242,1,4,8,2
2013450005251,2,19,0,18,0,0,0,0,0,0,3,2,6,3,-1,-1,-1,-1,-1,-1
2013450005259,1,9,0,18,0,0,0,0,0,0,3,1,1,2,4,1124,1,14,8,1
2013450005259,2,9,0,18,0,0,0,4,0,0,4,1,1,1,7,1995,2,7,9,1
2013450005259,3,9,0,2,0,0,0,0,0,0,3,1,6,2,4,1598,1,9,7,1
2013450005260,1,9,0,18,0,0,1,0,0,0,3,1,6,2,6,-1,-1,-1,9,1
2013450005260,2,19,0,18,0,0,0,0,0,0,3,1,6,1,-1,2402,2,7,6,3
2013450005261,1,9,0,17,0,0,1,0,5,0,1,1,6,1,5,1242,1,5,10,1
2013450005269,1,19,0,18,0,8,0,0,0,0,1,1,1,1,7,1753,2,7,6,1
2013450005269,2,9,0,9,0,8,0,0,0,0,1,1,6,1,6,1995,2,7,6,1
2013450005273,1,9,0,4,0,0,0,0,0,0,2,1,2,1,8,1968,2,3,3,1
2013450005273,2,9,0,18,0,0,0,0,4,6,1,1,6,1,5,1299,1,12,10,1
2013450005274,1,9,0,18,0,0,0,10,7,0,1,1,6,1,9,1985,1,11,8,1
2013450005275,1,9,0,18,0,1,0,0,0,0,1,1,6,1,-1,1998,1,14,-1,-1
2013450005275,2,9,0,18,0,1,0,0,0,0,4,1,6,2,9,1968,2,-1,10,1
2013450005276,1,9,0,18,0,0,0,4,0,0,1,1,6,2,9,1997,1,2,10,1
2013450005276,2,9,0,2,0,0,0,0,0,0,2,1,6,1,6,1984,1,7,2,1
2013450005279,1,9,0,16,0,1,5,10,1,0,0,1,6,2,11,1390,1,18,6,2
2013450005280,1,9,0,4,0,0,0,0,0,0,2,1,1,1,8,2143,2,4,6,1
2013450005280,2,9,0,4,0,0,0,0,0,0,1,1,6,2,4,1124,1,12,9,1
2013450005281,1,20,0,18,0,0,0,0,0,0,1,1,1,1,5,4580,2,12,9,3
2013450005285,1,19,0,5,0,0,0,0,0,0,2,1,1,1,6,2198,2,2,5,1
2013450005285,2,9,0,12,0,0,0,0,0,0,2,1,2,2,6,1275,1,14,7,1
2013450005285,3,9,0,18,0,0,0,0,0,0,1,1,2,2,5,998,1,11,10,1
2013450005286,1,9,0,18,0,0,0,0,0,0,1,1,6,2,6,1598,1,6,8,1
2013450005286,2,9,0,4,0,0,0,0,0,0,2,1,6,1,8,1997,2,3,10,1
2013450005287,1,9,0,18,0,0,5,10,1,9,1,1,6,1,8,998,1,11,10,1
2013450005289,1,9,0,18,0,0,1,10,0,0,1,1,6,2,5,1360,1,12,9,1
2013450005290,1,9,0,6,0,0,0,0,0,0,3,1,6,1,6,1242,1,15,8,1
2013450005290,2,5,0,13,0,0,0,0,0,0,4,1,6,1,8,647,1,13,7,1
2013450005291,1,9,0,18,0,0,2,0,1,0,4,1,6,2,8,1995,2,9,5,2
2013450005292,1,9,0,1,0,0,0,0,0,0,2,1,6,2,9,998,1,13,4,1
2013450005296,1,9,0,9,0,2,0,0,1,11,1,1,6,2,11,1599,1,10,9,1
2013450005297,1,5,0,18,0,1,1,0,0,0,4,1,2,1,9,781,1,13,8,1
2013450005297,2,9,0,9,0,6,0,0,0,0,3,1,6,1,7,1796,1,6,4,1
2013450005300,1,9,0,2,0,0,0,0,0,0,2,1,6,2,8,1596,1,3,3,1
2013450005300,2,19,0,18,0,0,0,0,0,0,4,1,1,1,8,5900,2,10,9,1
2013450005302,1,9,0,18,0,0,0,0,0,0,4,1,6,1,-1,1794,1,9,7,1
2013450005302,2,90,1,12,0,0,0,0,0,0,3,1,6,3,-1,-1,-1,-1,-1,-1
2013450005303,1,9,0,18,0,1,0,0,0,0,1,1,6,2,7,2967,2,4,10,1
2013450005303,2,1,0,3,0,6,0,0,0,0,2,1,6,2,9,-1,-1,-1,10,1
2013450005305,1,9,0,18,0,0,0,0,0,0,1,1,6,1,5,1600,1,2,10,1
2013450005305,2,9,0,18,0,0,0,0,0,0,2,1,6,1,6,1998,2,7,4,1
2013450005306,1,1,0,18,0,0,0,0,0,0,2,1,6,1,8,-1,-1,-1,9,1
2013450005306,2,9,0,18,0,0,0,0,0,0,1,1,6,3,-1,-1,-1,-1,-1,-1