Accident_Index,Vehicle_Reference,Vehicle_Type,Towing_and_Articulation,Vehicle_Manoeuvre,Vehicle_Location-Restricted_Lane,Junction_Location,Skidding_and_Overturning,Hit_Object_in_Carriageway,Vehicle_Leaving_Carriageway,Hit_Object_off_Carriageway,1st_Point_of_Impact,Was_Vehicle_Left_Hand_Drive?,Journey_Purpose_of_Driver,Sex_of_Driver,Age_Band_of_Driver,Engine_Capacity_(CC),Propulsion_Code,Age_of_Vehicle,Driver_IMD_Decile,Driver_Home_Area_Type
2013450005632,1,1,0,18,0,0,0,10,1,0,0,1,4,1,3,-1,-1,-1,10,1
2013450005633,1,9,0,17,0,0,5,0,1,0,1,1,6,1,4,973,1,15,10,1
2013450005635,1,9,0,18,0,1,0,0,0,0,1,1,6,1,5,1598,1,15,10,1
2013450005635,2,9,0,18,0,2,0,0,0,0,1,1,6,1,7,-1,-1,-1,6,3
2013450005636,1,9,4,18,0,1,0,0,0,0,1,1,1,1,6,-1,-1,-1,4,1
2013450005636,2,9,0,7,0,5,0,0,1,0,2,1,1,1,6,-1,-1,-1,9,1
2013450005639,1,9,0,5,0,0,0,0,0,0,4,1,3,2,7,1798,1,5,5,3
2013450005641,1,9,0,16,0,0,1,0,8,0,2,1,6,2,5,1388,1,8,10,1
2013450005642,1,9,0,18,0,1,0,0,0,0,1,1,6,1,6,1242,1,13,10,1
2013450005642,2,9,0,9,0,6,0,0,0,0,3,1,6,1,11,2698,2,4,10,1
2013450005644,1,19,0,11,0,0,0,0,0,0,4,1,6,3,-1,-1,-1,-1,-1,-1
2013450005644,2,9,0,18,0,0,1,0,5,0,3,1,6,2,4,1229,1,1,7,1
2013450005644,3,21,1,18,0,0,0,0,0,0,1,1,1,1,7,11021,2,9,6,1
2013450005644,4,19,0,18,0,0,0,0,0,0,3,1,6,1,10,-1,-1,-1,8,3
2013450005644,5,21,1,18,0,0,0,0,0,0,3,2,1,2,7,-1,-1,-1,-1,-1
2013450005645,1,9,0,18,0,1,0,0,0,0,1,1,6,2,10,1997,2,10,8,2
2013450005645,2,9,0,18,0,1,0,0,0,0,2,1,6,1,7,2143,2,2,9,2
2013450005646,1,9,0,7,0,4,0,0,0,0,2,1,2,2,6,1998,1,8,7,1
2013450005646,2,9,0,7,0,4,0,0,0,0,1,1,2,2,5,1229,1,7,6,1
2013450005647,1,9,0,17,0,0,5,10,1,0,1,1,6,1,4,1198,1,6,9,1
2013450005649,1,21,0,18,0,0,0,0,0,0,3,1,1,1,8,4500,2,6,8,2
2013450005649,2,19,0,18,0,0,1,0,4,0,4,1,2,1,7,1968,2,3,2,1
2013450005650,1,9,0,18,0,0,0,0,0,0,2,1,6,2,7,1348,1,6,9,3
2013450005650,2,9,0,18,0,0,0,0,0,0,2,1,6,2,9,1598,1,7,9,1
2013450005650,3,9,0,18,0,0,0,0,0,0,1,1,6,1,10,2496,1,11,10,1
2013450005653,1,9,0,5,0,4,0,0,0,0,2,1,2,1,7,1596,1,10,10,1
2013450005653,2,9,0,5,0,4,0,0,0,0,1,1,2,1,5,1995,2,9,6,1
2013450005654,1,9,0,5,0,8,0,0,0,0,1,1,6,2,9,1390,2,12,10,1
2013450005654,2,1,0,18,0,1,0,0,0,0,1,1,6,1,6,-1,-1,-1,6,1
2013450005655,1,9,0,9,0,8,0,0,0,0,3,1,6,2,10,1995,2,1,10,1
2013450005655,2,9,0,18,0,8,0,0,7,0,4,1,6,1,9,-1,-1,-1,9,1
2013450005656,1,9,0,18,0,0,1,0,4,0,3,1,6,2,5,1389,1,11,6,1
2013450005656,2,21,1,11,0,0,0,0,0,0,4,1,1,1,7,-1,2,10,-1,-1
2013450005657,1,9,0,17,0,1,0,0,0,0,1,1,6,3,-1,-1,-1,-1,-1,-1
2013450005657,2,1,0,5,0,1,0,0,0,0,1,1,6,2,4,-1,-1,-1,10,1
2013450005659,1,9,0,18,0,2,0,0,0,0,1,1,6,1,11,-1,-1,-1,8,1
2013450005659,2,9,0,5,0,2,0,0,0,0,4,1,1,1,7,2993,2,8,10,1
2013450005661,1,9,0,18,0,0,5,0,1,0,2,1,6,2,4,998,1,11,8,1
2013450005661,2,9,0,18,0,0,0,0,0,0,1,1,6,2,5,1124,1,11,10,1
2013450005662,1,9,0,18,0,1,0,0,0,0,1,1,6,1,7,1984,1,12,6,1
2013450005662,2,9,0,9,0,6,0,0,0,0,3,1,6,1,5,1388,1,15,5,1
2013450005663,1,9,0,9,0,1,0,0,0,0,4,1,1,2,7,973,1,10,8,1
2013450005663,2,9,0,18,0,1,0,0,0,0,1,1,1,2,4,1108,1,17,10,1
2013450005665,1,21,1,12,0,0,0,0,0,0,1,2,1,1,7,-1,-1,-1,-1,-1
2013450005665,2,9,0,18,0,0,1,0,0,0,2,1,6,1,6,1242,1,8,4,1
2013450005666,1,9,0,5,0,0,0,0,0,0,1,1,1,1,6,1560,2,4,5,1
2013450005666,2,19,0,3,0,0,0,0,0,0,2,1,2,1,6,1995,2,5,9,1
2013450005667,1,9,0,7,0,1,0,0,0,0,1,1,6,1,9,2000,1,7,10,3
2013450005667,2,1,0,18,0,8,0,0,0,0,1,1,6,1,7,-1,-1,-1,10,3
2013450005671,1,21,0,18,0,0,0,0,0,0,1,1,1,1,-1,10518,2,5,-1,-1
2013450005671,2,21,0,4,0,0,0,0,0,0,2,1,1,1,7,-1,-1,-1,7,1
2013450005673,1,1,0,18,0,2,0,0,0,0,3,1,6,1,8,-1,-1,-1,4,1
2013450005673,2,9,0,15,0,2,0,0,0,0,4,1,6,3,-1,-1,-1,-1,-1,-1
2013450005674,1,9,0,7,0,8,0,0,1,0,3,1,3,2,8,1332,1,15,9,1
2013450005674,2,9,0,18,0,8,1,0,0,0,1,1,6,2,7,1587,1,11,8,1
2013450005677,1,9,0,18,0,8,0,0,0,0,4,1,6,1,4,1198,1,7,9,1
2013450005677,2,9,0,18,0,8,0,0,0,0,1,1,6,1,7,1799,1,15,10,1
2013450005678,1,3,0,18,0,8,0,0,0,0,1,1,2,1,5,125,1,2,4,1
2013450005678,2,9,0,6,0,8,0,0,0,0,4,1,6,1,6,1199,1,12,3,1
2013450005679,1,9,0,18,0,0,0,4,0,0,4,1,6,1,11,1360,1,11,9,1
2013450005679,2,9,0,2,0,0,0,0,0,0,2,1,6,1,-1,-1,-1,-1,-1,-1
2013450005682,1,8,0,11,0,0,0,0,0,0,1,1,6,1,9,1896,2,7,4,1
2013450005682,2,9,0,3,0,0,0,0,0,0,2,1,1,2,6,2993,2,2,-1,3
2013450005683,1,9,0,16,0,0,0,0,2,7,1,1,1,2,8,1229,1,9,4,1
2013450005684,1,9,0,17,0,0,1,0,1,3,1,1,1,1,5,1794,1,12,3,1
2013450005687,1,1,0,4,0,0,5,0,0,0,0,1,6,1,7,-1,-1,-1,10,1
2013450005688,1,19,0,18,0,0,0,0,0,0,4,1,6,3,-1,-1,-1,-1,-1,-1
2013450005688,2,9,0,18,0,0,0,0,0,0,4,1,6,2,9,1796,1,2,8,1
2013450005690,1,9,0,18,0,0,0,0,0,0,1,1,6,2,9,1796,1,8,6,1
2013450005690,2,9,0,3,0,0,0,0,0,0,2,1,6,2,6,1753,2,12,9,1
2013450005691,1,9,0,18,0,1,0,0,0,0,2,1,6,2,9,1598,1,6,3,1
2013450005691,2,9,0,18,0,1,0,0,0,0,1,1,6,2,6,1598,2,3,5,1
2013450005692,1,9,0,13,0,0,0,0,0,0,0,1,1,1,6,2521,1,4,10,1
2013450005692,2,9,0,18,0,0,0,0,0,0,0,1,6,3,-1,-1,-1,-1,-1,-1
2013450005692,3,2,0,18,0,0,1,0,0,0,0,1,6,2,4,49,1,7,10,2
2013450005694,1,4,0,7,0,2,5,0,0,0,4,1,6,1,10,1200,1,5,7,1
2013450005696,1,9,0,2,0,0,0,0,0,0,1,1,6,1,8,1599,1,11,7,1
2013450005696,2,9,0,14,0,0,5,0,0,0,1,1,6,1,8,1796,1,9,2,1
2013450005698,1,1,0,18,0,3,0,0,0,0,2,1,6,1,11,-1,-1,-1,5,1
2013450005698,2,1,0,13,0,3,0,0,0,0,1,1,6,1,6,-1,-1,-1,8,1
2013450005699,1,9,0,18,0,0,0,0,0,0,1,1,6,1,5,1390,1,3,6,1
2013450005711,1,9,0,9,0,6,0,0,0,0,3,1,6,2,7,1582,2,6,4,1
2013450005711,2,2,0,18,0,1,1,0,0,0,1,1,6,1,5,124,1,6,10,1
2013450005712,1,9,0,9,0,3,1,0,0,10,1,1,6,1,4,1995,2,5,2,1
2013450005713,1,9,0,9,0,6,0,0,0,0,3,1,2,1,7,-1,-1,-1,9,1
2013450005713,2,9,0,18,0,8,1,0,0,0,1,1,6,2,6,1389,1,15,10,2
2013450005714,1,9,0,5,0,1,0,0,0,0,4,1,6,2,10,1991,2,2,8,1
2013450005714,2,9,0,7,0,1,0,0,0,0,1,1,6,1,9,1061,1,9,8,1
2013450005717,1,19,0,9,0,6,0,0,0,0,1,1,1,1,5,2402,2,11,6,1
2013450005717,2,5,0,3,0,2,0,0,0,0,3,1,2,1,7,1188,1,14,8,2
2013450005718,1,21,1,12,0,0,0,0,0,0,3,2,1,1,-1,-1,-1,-1,-1,-1
2013450005718,2,9,0,18,0,0,0,0,0,0,4,1,6,1,8,1339,8,6,6,1
2013450005721,1,9,0,9,0,0,0,0,0,0,0,1,6,2,9,2656,1,9,10,1
2013450005721,2,9,0,4,0,0,0,0,0,0,2,1,6,2,8,1796,1,12,10,3
2013450005721,3,9,0,4,0,0,0,0,0,0,1,1,6,2,9,1598,1,2,10,1
2013450005722,1,9,0,16,0,0,0,0,0,0,3,1,6,2,10,1197,1,3,7,3
2013450005722,2,9,0,17,0,0,0,0,0,0,3,1,6,1,5,1390,1,12,10,1
2013450005724,1,20,0,1,0,0,0,0,0,0,2,1,1,1,9,-1,-1,-1,5,1
2013450005724,2,3,0,4,0,0,0,0,0,0,1,1,2,1,9,1000,1,34,10,1
2013450005725,1,9,0,3,0,0,0,0,0,0,2,1,6,1,8,1206,1,2,8,1
2013450005725,2,9,0,4,0,0,0,0,0,0,2,1,6,1,5,1796,1,15,8,1
2013450005725,3,9,0,18,0,0,0,0,0,0,1,1,6,1,7,1995,2,2,10,3
2013450005726,1,1,0,18,0,3,0,0,0,0,1,1,6,1,4,-1,-1,-1,10,3
2013450005726,2,9,0,18,0,4,0,0,0,0,1,1,6,2,10,1598,1,7,4,1
2013450005727,1,1,0,16,0,0,2,0,0,0,4,1,6,1,7,-1,-1,-1,9,1
2013450005729,1,9,0,18,0,0,0,0,0,0,1,1,6,1,8,1870,2,2,5,1
2013450005729,2,9,0,4,0,0,0,0,0,0,2,1,6,1,4,-1,-1,-1,5,1
2013450005729,3,9,0,4,0,0,0,0,0,0,2,1,6,1,7,2199,2,3,8,2
2013450005729,4,9,0,4,0,0,0,0,0,0,2,1,6,1,8,-1,-1,-1,10,1
2013450005730,1,9,0,4,0,0,0,0,0,0,1,1,1,1,5,1360,1,13,5,1
2013450005730,2,9,0,4,0,0,0,0,0,0,1,1,3,2,7,1997,2,2,6,1
2013450005730,3,9,0,3,0,0,0,0,0,0,2,1,1,2,6,996,1,3,6,1
2013450005731,1,9,0,18,0,0,2,0,0,0,1,1,6,1,5,1299,1,11,9,1
2013450005731,2,9,0,18,0,0,0,0,0,0,2,1,1,1,9,1984,2,1,10,1
2013450005733,1,9,0,4,0,0,0,0,0,0,2,1,2,2,6,1968,2,1,10,1
2013450005733,2,19,0,4,0,0,0,0,0,0,1,1,1,1,8,2402,2,10,10,1
2013450005733,3,9,0,4,0,0,1,0,0,0,1,1,2,2,5,1796,1,13,6,1
2013450005734,1,9,0,10,0,1,0,0,0,0,2,1,6,1,6,1199,1,15,7,1
2013450005734,2,2,0,18,0,1,0,0,0,0,1,1,6,1,11,124,1,4,3,1
2013450005735,1,9,0,16,0,3,0,0,0,0,1,1,6,1,5,1598,1,7,9,1
2013450005735,2,9,0,16,0,3,0,0,0,0,2,1,6,1,7,1870,2,14,3,1
2013450005735,3,9,0,18,0,3,0,0,0,0,0,1,6,3,-1,-1,-1,-1,-1,-1
2013450005740,1,9,0,4,0,0,0,0,0,0,1,1,6,1,7,1968,2,-1,10,1
2013450005740,2,9,0,18,0,0,1,0,0,0,1,1,6,1,5,1242,1,11,6,1
2013450005741,1,21,1,18,0,0,1,0,0,0,1,1,1,1,8,12900,2,5,1,1
2013450005741,2,19,0,2,0,0,5,4,0,0,2,1,1,1,8,2402,2,3,10,1
2013450005742,1,9,0,4,0,0,0,0,0,0,2,1,6,2,6,1596,1,2,10,3
2013450005742,2,9,0,18,0,0,1,0,0,0,1,1,6,1,8,1753,2,12,10,1
2013450005745,1,9,0,17,0,3,5,10,0,0,1,1,6,1,5,1461,2,11,7,1
2013450005747,1,9,0,4,9,0,0,0,0,0,4,1,1,1,10,1997,2,6,2,1
2013450005748,1,9,0,18,0,0,1,0,0,0,1,1,2,1,6,2143,2,1,9,1
2013450005748,2,9,0,4,0,0,0,0,0,0,2,1,6,1,8,1388,1,4,5,1
2013450005750,1,9,0,11,0,0,0,0,0,0,4,1,6,2,8,2997,1,6,10,1
2013450005750,2,9,0,18,0,0,1,0,2,0,3,1,6,2,7,1299,1,11,5,1
2013450005751,1,9,0,9,0,6,0,0,0,0,1,1,2,1,5,1198,1,7,9,1
2013450005751,2,5,0,18,0,8,2,0,0,0,1,1,2,1,8,1000,1,12,10,1
2013450005754,1,20,0,17,0,0,0,0,0,0,3,1,1,1,6,4461,2,5,6,1
2013450005754,2,9,0,16,0,0,0,0,0,0,3,1,1,1,8,-1,-1,-1,10,1
2013450005756,1,9,0,4,0,0,0,0,0,0,1,1,6,1,5,1596,1,2,9,1
2013450005756,2,9,0,3,0,0,0,0,0,0,2,1,6,1,8,1598,1,10,8,1
2013450005757,1,9,0,18,0,0,0,0,0,0,4,1,6,3,-1,-1,-1,-1,-1,-1
2013450005758,1,9,0,18,0,0,0,0,1,0,1,1,6,2,7,1997,1,15,3,1
2013450005760,1,1,0,18,0,8,0,0,0,0,0,1,6,1,6,-1,-1,-1,4,1
2013450005762,1,9,0,10,0,1,0,0,0,0,2,1,6,2,7,1598,1,8,8,3
2013450005762,2,9,0,3,0,1,0,0,0,0,2,1,6,2,-1,1198,1,6,10,1
2013450005762,3,9,0,3,0,1,0,0,0,0,2,1,6,2,10,1199,1,13,10,2
2013450005762,4,9,0,4,0,1,0,0,0,0,2,1,6,1,8,1998,1,12,10,3
2013450005762,5,9,0,18,0,1,0,0,0,0,1,1,6,3,-1,-1,-1,-1,-1,-1
2013450005763,1,19,0,2,0,1,0,0,0,0,3,1,2,1,8,2402,2,11,7,3
2013450005763,2,1,0,18,0,1,0,0,0,0,4,1,2,1,9,-1,-1,-1,6,1
2013450005764,1,9,0,1,0,0,0,0,0,0,2,1,6,1,-1,-1,-1,-1,-1,-1
2013450005769,1,9,0,18,0,1,0,0,0,0,1,1,1,1,8,1896,2,18,8,2
2013450005769,2,9,0,18,0,1,0,0,0,0,1,1,1,2,6,1598,1,11,7,3
2013450005772,1,9,0,18,0,1,0,0,1,0,1,1,6,1,11,1984,1,9,7,3
2013450005774,1,9,0,18,0,0,0,0,1,0,1,1,2,1,8,-1,-1,-1,2,1
2013450005781,1,9,0,11,0,0,0,0,1,0,1,1,6,2,10,1461,2,-1,9,3
2013450005787,1,9,0,9,0,6,0,0,0,0,3,1,6,2,9,1597,1,22,10,3
2013450005787,2,9,0,18,0,8,0,0,0,0,1,1,6,1,6,2967,2,4,9,1
2013450005790,1,9,0,18,0,0,0,0,1,4,1,1,6,1,9,1995,2,7,10,1
2013450005791,1,9,0,18,0,1,0,0,0,0,2,1,6,2,8,1397,1,11,9,1
2013450005791,2,9,0,18,0,1,0,0,0,0,1,1,6,2,7,1900,2,14,9,1
2013450005791,3,9,0,18,0,1,0,0,0,0,1,1,6,2,8,1497,1,10,10,1
2013450005798,1,9,0,18,0,1,0,0,0,0,4,1,6,1,9,2401,2,6,9,1
2013450005799,1,5,0,11,0,0,0,0,0,0,1,1,6,1,6,918,1,16,7,1
2013450005799,2,9,0,18,0,0,0,0,0,0,2,1,6,1,9,2500,6,15,7,3
2013450005802,1,9,0,18,0,0,0,0,0,0,1,1,6,2,4,1390,1,19,5,1
2013450005806,1,9,0,18,0,0,0,0,0,0,0,1,6,2,8,-1,-1,-1,10,1
2013450005807,1,9,0,18,0,0,0,0,0,0,1,1,1,1,8,1900,2,15,6,1
2013450005809,1,5,0,18,0,0,2,0,0,0,1,1,6,1,6,996,1,9,10,2
2013450005809,2,9,0,18,0,0,0,0,0,0,1,1,6,1,7,1995,2,8,9,1
2013450005809,3,9,0,18,0,0,0,0,0,0,3,1,6,1,-1,-1,-1,-1,7,1
2013450005814,1,9,0,15,0,0,0,0,0,0,1,1,6,2,6,-1,-1,-1,10,3
2013450005814,2,9,0,10,0,0,0,0,0,0,3,1,6,2,7,1598,1,8,8,3
2013450005818,1,9,0,7,0,5,0,0,0,0,1,1,6,3,-1,2494,1,18,-1,-1
2013450005820,1,9,0,18,0,8,0,0,0,0,1,1,6,2,11,2179,2,1,7,3
2013450005820,2,9,0,18,0,1,0,0,2,0,3,1,6,1,7,1598,1,9,9,1
2013450005827,1,9,0,16,0,0,0,0,0,0,3,1,6,1,8,1769,2,23,9,1
2013450005827,2,9,0,17,0,0,1,10,1,10,3,1,6,1,7,3498,1,7,7,1
2013450005828,1,9,0,18,0,8,1,0,0,0,1,1,6,2,6,1968,2,8,6,1
2013450005828,2,9,0,3,0,8,0,0,0,0,2,1,6,1,8,1461,2,6,10,1
2013450005828,3,9,0,3,0,8,0,0,0,0,2,1,6,1,7,1984,2,2,10,1
2013450005829,1,9,0,18,0,0,0,0,0,0,4,1,6,1,10,1332,1,21,2,1
2013450005830,1,9,0,9,0,5,0,0,0,0,3,1,1,1,6,1895,1,12,2,1
2013450005830,2,9,0,18,0,8,0,0,0,0,3,1,6,1,6,1598,2,-1,10,1
2013450005831,1,9,0,4,0,1,0,0,0,0,2,1,1,2,6,796,1,11,2,1
2013450005831,2,19,0,18,0,1,0,0,0,0,1,1,1,1,8,2402,2,5,3,1
2013450005832,1,9,0,17,0,0,1,6,2,0,1,1,1,1,6,998,1,1,6,1
2013450005833,1,9,0,16,0,0,5,0,1,0,1,1,6,1,5,1998,1,16,7,1
2013450005834,1,9,0,7,0,8,0,0,0,0,4,1,6,2,9,1998,1,11,8,1
2013450005834,2,1,0,18,0,8,5,0,0,0,3,1,6,2,6,-1,-1,-1,5,1
2013450005836,1,9,0,8,0,0,0,0,0,0,1,1,6,1,6,1124,1,8,9,1
2013450005836,2,9,0,8,0,0,0,0,0,0,2,1,3,1,6,2499,1,5,9,1
2013450005837,1,9,0,5,0,0,0,0,0,0,1,1,6,1,11,1968,2,4,10,1
2013450005837,2,1,0,18,9,0,1,0,0,0,1,1,6,1,5,-1,-1,-1,9,1
2013450005838,1,1,0,18,0,0,0,0,0,0,0,1,6,2,7,-1,-1,-1,9,1
2013450005838,2,9,0,13,0,0,0,0,0,0,0,1,6,3,-1,-1,-1,-1,-1,-1
2013450005839,1,9,0,4,0,0,0,0,0,0,1,1,6,1,6,1242,1,2,2,1
2013450005839,2,9,0,4,0,0,0,0,0,0,2,1,6,1,9,1896,2,11,8,1
2013450005843,1,9,0,9,0,6,0,0,0,0,1,1,6,2,7,1590,1,11,7,1
2013450005843,2,1,0,18,0,1,0,0,0,0,1,1,6,1,8,-1,-1,-1,7,1
2013450005846,1,9,0,12,0,0,0,0,0,0,4,2,6,1,7,1198,1,9,5,1
2013450005846,2,3,0,11,0,0,0,0,0,0,4,1,1,1,6,124,1,1,10,1
2013450005848,1,9,0,18,0,0,0,0,0,0,4,1,6,1,5,1229,1,2,9,1
2013450005848,2,1,0,18,0,0,0,0,0,0,1,1,6,1,6,-1,-1,-1,5,1
2013450005849,1,9,0,16,0,8,0,0,0,0,1,1,6,1,7,1364,1,4,10,1
2013450005849,2,9,0,17,0,1,0,0,0,0,3,1,1,1,4,1399,2,9,7,1
2013450005850,1,9,0,8,0,0,0,0,0,0,2,1,6,1,8,1796,1,6,10,1
2013450005850,2,19,0,18,0,0,0,0,0,0,1,1,2,1,8,2148,2,8,9,1
2013450005850,3,1,0,18,0,0,0,0,0,0,1,1,6,1,8,-1,-1,-1,5,1
2013450005851,1,9,0,18,0,0,0,0,0,0,1,1,6,3,-1,2438,1,15,-1,-1
2013450005851,2,9,0,18,0,0,0,0,0,0,2,1,6,2,7,1598,1,5,10,1
2013450005853,1,9,0,14,0,0,0,0,0,0,4,1,6,3,-1,-1,-1,-1,-1,-1
2013450005853,2,9,0,3,0,0,0,0,0,0,3,1,6,2,9,1497,8,5,10,2
2013450005854,1,1,0,18,9,0,0,0,0,0,1,1,6,1,5,-1,-1,-1,10,1
2013450005854,2,90,0,9,0,0,0,0,0,0,3,1,1,1,6,8970,2,7,9,1
2013450005855,1,1,0,18,0,1,0,0,0,0,1,1,6,1,8,-1,-1,-1,10,1
2013450005855,2,9,0,7,0,5,0,0,0,0,4,1,6,1,-1,-1,-1,-1,-1,-1
2013450005860,1,19,0,9,0,6,0,0,0,0,1,1,1,1,10,1686,2,6,8,2
2013450005860,2,2,0,16,0,2,0,0,1,0,3,1,1,1,7,49,1,3,2,1
2013450005861,1,9,0,4,0,2,0,0,0,0,2,1,6,1,9,1997,1,6,9,2
2013450005861,2,9,0,4,0,2,0,0,0,0,2,1,6,2,5,1199,1,12,2,1
2013450005861,3,9,0,18,0,2,0,0,0,0,1,1,6,1,7,-1,-1,-1,8,1
2013450005865,1,9,0,9,0,8,0,0,0,0,1,1,2,1,7,2179,2,-1,8,1
2013450005865,2,1,0,18,0,1,0,0,0,0,4,1,6,1,6,-1,-1,-1,6,1
2013450005866,1,9,0,3,0,1,0,0,0,0,1,1,6,1,6,1997,1,8,6,1
2013450005866,2,9,0,18,0,1,0,0,0,0,1,1,2,1,11,1896,2,5,10,1
2013450005867,1,9,0,9,0,8,0,0,0,0,3,1,6,2,10,1242,1,17,10,1
2013450005867,2,1,0,17,0,1,0,0,0,0,1,1,2,1,4,-1,-1,-1,9,1
2013450005868,1,9,0,18,0,1,0,0,0,0,3,1,6,2,7,1497,8,5,6,1
2013450005868,2,9,0,5,0,1,0,0,0,0,1,1,6,2,8,1198,1,2,8,1
2013450005872,1,9,0,4,0,1,0,0,0,0,4,1,6,2,8,1753,2,4,10,1
2013450005872,2,1,0,7,0,1,0,0,0,0,1,1,6,1,8,-1,-1,-1,10,1
2013450005874,1,9,5,18,0,0,0,0,0,0,1,1,1,1,-1,-1,-1,-1,8,1
2013450005874,2,19,0,18,0,0,0,0,0,0,2,1,1,1,5,1998,2,10,2,1
2013450005874,3,19,0,18,0,0,0,0,0,0,2,1,1,1,-1,-1,-1,-1,10,2
2013450005875,1,3,0,5,0,0,1,0,0,0,4,1,6,2,6,125,1,2,9,1
2013450005876,1,9,0,5,0,8,1,0,0,0,4,1,1,1,6,2099,1,11,3,1
2013450005876,2,19,0,15,0,8,0,0,0,0,3,1,1,3,-1,2461,2,9,9,1
2013450005877,1,9,0,14,0,0,0,0,0,0,1,1,1,1,4,1229,1,8,9,1
2013450005877,2,21,1,2,0,0,0,0,0,0,3,1,6,1,8,15607,2,-1,1,1
2013450005879,1,9,0,4,0,1,0,0,0,0,1,1,6,2,8,1389,1,17,7,3
2013450005879,2,9,0,4,0,1,0,0,0,0,2,1,6,2,6,2148,2,9,4,1
2013450005880,1,9,0,18,0,0,0,0,0,0,1,1,6,1,4,1364,1,4,6,1
2013450005880,2,9,0,4,0,0,0,0,0,0,2,1,6,1,4,1388,1,10,5,1
2013450005881,1,9,0,3,0,0,0,0,0,0,2,1,6,2,9,-1,-1,-1,7,1
2013450005881,2,3,0,4,0,0,0,0,0,0,1,1,6,1,5,125,1,1,10,1
2013450005882,1,9,0,18,0,0,0,0,0,0,1,1,6,2,-1,-1,-1,-1,-1,-1
2013450005883,1,9,0,18,0,8,2,0,5,0,3,1,1,1,8,1242,1,1,9,1
2013450005883,2,9,0,12,0,8,0,0,0,0,0,1,6,3,-1,-1,-1,-1,-1,-1
2013450005884,1,3,0,17,0,0,1,0,1,0,1,1,6,2,5,124,1,8,4,1
2013450005885,1,9,0,18,0,0,0,0,0,0,1,1,6,1,11,3311,8,6,8,1
2013450005888,1,9,0,6,0,8,0,0,0,0,3,1,2,1,7,998,1,-1,9,3
2013450005888,2,5,0,13,0,8,1,0,0,0,1,1,2,1,7,998,1,10,3,1
2013450005891,1,9,0,18,0,0,0,0,1,7,1,1,6,1,5,-1,-1,-1,9,2
2013450005893,1,21,1,18,0,0,0,0,0,0,1,1,1,1,6,-1,-1,-1,-1,-1
2013450005893,2,9,0,18,0,0,1,0,0,0,2,1,6,1,6,1349,1,-1,8,1
2013450005895,1,5,0,17,0,2,0,0,1,4,1,1,6,1,7,599,1,13,10,1
2013450005899,1,9,0,18,0,8,0,0,0,0,3,1,2,2,10,998,1,7,9,1
2013450005903,1,9,0,18,0,0,1,0,0,0,3,1,1,1,7,1560,2,-1,9,1
2013450005903,2,9,0,18,0,0,0,0,0,0,3,1,1,1,8,-1,-1,-1,6,3
2013450005903,3,21,1,18,0,0,0,0,0,0,3,1,1,1,9,-1,2,9,7,1
2013450005904,1,9,0,6,0,1,0,0,0,0,2,1,1,1,6,1560,2,2,-1,-1
2013450005904,2,9,0,18,0,1,0,0,0,0,3,1,2,1,5,1596,1,6,10,1
2013450005905,1,4,0,18,0,8,0,0,0,0,1,1,2,2,7,249,1,5,7,1
2013450005905,2,9,0,9,0,1,0,0,0,0,1,1,6,1,-1,2495,2,16,9,1
2013450005906,1,9,0,9,0,6,0,0,0,0,1,1,6,2,6,1699,1,6,6,1
2013450005906,2,9,0,9,0,5,0,0,0,0,3,1,3,1,9,1895,1,14,6,1
2013450005907,1,9,0,7,0,5,0,0,0,0,0,1,6,1,7,2494,2,7,9,1
2013450005907,2,1,0,18,0,1,0,0,0,0,1,1,6,1,5,-1,-1,-1,4,1
2013450005918,1,9,0,4,0,3,0,0,0,0,3,1,6,2,-1,-1,-1,-1,-1,-1
2013450005919,1,9,0,16,0,1,0,0,0,0,4,1,6,1,5,1596,1,2,9,1
2013450005920,1,9,0,18,0,0,0,0,0,0,1,1,1,1,5,-1,-1,-1,10,1
2013450005920,2,1,0,18,0,0,0,0,0,0,3,1,1,1,9,-1,-1,-1,9,1
2013450005924,1,9,0,18,0,2,0,0,0,0,1,1,6,3,-1,-1,-1,-1,-1,-1
2013450005929,1,9,0,16,0,3,0,0,3,0,1,1,6,2,6,1896,2,11,4,1
2013450005929,2,9,0,18,0,1,0,10,0,0,1,1,6,2,10,1390,1,4,9,3
2013450005931,1,9,0,18,0,0,1,0,0,0,3,1,6,1,9,1896,2,15,10,1
2013450005931,2,9,0,18,0,0,0,0,1,0,3,1,6,1,7,1461,2,6,8,1
2013450005935,1,9,0,18,0,0,0,0,0,0,4,1,2,1,8,1598,1,5,10,2
2013450005935,2,21,1,15,0,0,0,0,0,0,3,1,1,1,6,12882,2,1,8,1
2013450005939,1,4,0,13,0,0,1,7,7,0,1,1,6,2,8,553,1,12,2,1
2013450005939,2,20,0,18,0,0,0,0,0,0,0,1,6,1,8,-1,-1,-1,9,1
2013450005940,1,5,0,18,0,0,0,12,7,4,1,1,6,1,8,1050,1,7,10,2