Accident_Index,Vehicle_Reference,Vehicle_Type,Towing_and_Articulation,Vehicle_Manoeuvre,Vehicle_Location-Restricted_Lane,Junction_Location,Skidding_and_Overturning,Hit_Object_in_Carriageway,Vehicle_Leaving_Carriageway,Hit_Object_off_Carriageway,1st_Point_of_Impact,Was_Vehicle_Left_Hand_Drive?,Journey_Purpose_of_Driver,Sex_of_Driver,Age_Band_of_Driver,Engine_Capacity_(CC),Propulsion_Code,Age_of_Vehicle,Driver_IMD_Decile,Driver_Home_Area_Type
2013450005941,1,9,0,13,0,0,5,0,7,9,3,1,6,1,7,1598,1,10,10,1
2013450005942,1,3,0,18,0,0,5,0,0,0,4,1,2,1,6,124,1,3,9,1
2013450005943,1,8,0,9,0,6,0,0,0,0,3,1,6,1,7,1686,2,4,9,1
2013450005943,2,5,0,18,0,8,1,0,0,0,1,1,6,1,8,996,1,12,3,3
2013450005945,1,21,1,12,0,0,0,0,0,0,3,2,6,1,9,-1,-1,-1,-1,-1
2013450005945,2,9,0,18,0,0,0,0,1,7,4,1,6,2,8,1910,2,6,4,1
2013450005946,1,9,0,18,0,1,0,0,0,0,1,1,1,1,6,1598,2,1,3,1
2013450005946,2,1,0,18,0,8,0,0,0,0,3,1,6,2,7,-1,-1,-1,6,1
2013450005948,1,9,0,18,0,1,0,0,0,0,1,1,6,2,7,1900,2,7,9,1
2013450005948,2,9,0,3,0,1,0,0,0,0,2,1,6,1,5,1796,1,11,7,1
2013450005950,1,9,0,18,0,0,1,0,4,6,1,1,6,2,6,1598,1,5,8,1
2013450005951,1,9,0,16,0,0,5,0,2,0,4,1,2,1,4,1149,1,11,10,2
2013450005951,2,9,0,17,0,0,0,0,0,0,0,1,6,3,-1,-1,-1,-1,-1,-1
2013450005953,1,9,0,18,0,0,0,4,0,0,1,1,6,2,5,1397,1,6,7,1
2013450005953,2,9,0,18,0,0,0,0,0,0,2,1,6,1,5,3628,2,3,7,1
2013450005953,3,9,0,18,0,0,0,0,0,0,0,1,6,1,10,1995,2,1,8,3
2013450005955,1,3,0,13,0,1,0,0,0,0,4,1,6,1,5,124,1,12,6,1
2013450005955,2,9,0,9,0,5,0,0,0,0,3,1,6,1,4,1598,2,1,9,1
2013450005956,1,1,0,18,0,0,0,0,1,0,3,1,6,2,6,-1,-1,-1,10,1
2013450005958,1,17,4,17,0,0,0,0,0,0,1,1,1,1,6,6800,2,2,10,3
2013450005958,2,9,0,16,0,0,0,0,0,0,3,1,6,1,8,2996,1,7,7,3
2013450005960,1,2,0,18,0,0,1,0,1,0,3,1,6,1,4,49,1,8,9,1
2013450005962,1,1,0,18,0,0,0,4,0,0,1,1,2,1,7,-1,-1,-1,10,1
2013450005962,2,9,0,2,0,0,0,0,0,0,2,1,6,2,7,-1,-1,-1,10,2
2013450005963,1,9,0,18,0,1,0,0,0,0,4,1,6,1,6,2494,1,18,10,1
2013450005963,2,9,0,9,0,6,0,0,0,0,3,1,6,1,4,1242,1,5,9,1
2013450005963,3,9,0,4,0,1,0,0,0,0,0,1,6,3,-1,-1,-1,-1,-1,-1
2013450005966,1,21,0,18,0,0,0,0,0,0,0,1,1,3,-1,-1,-1,-1,-1,-1
2013450005966,2,9,0,18,0,0,0,0,1,0,4,1,6,1,10,2401,2,8,9,1
2013450005966,3,21,1,18,0,0,0,0,0,0,3,1,6,1,8,-1,-1,-1,-1,-1
2013450005968,1,19,0,18,0,0,0,0,0,0,3,1,6,1,7,2198,2,3,6,1
2013450005968,2,1,0,18,0,0,0,0,0,0,3,1,6,1,8,-1,-1,-1,10,1
2013450005972,1,9,0,18,0,8,0,0,0,0,1,1,6,1,11,1968,2,5,8,1
2013450005972,2,9,0,9,0,8,0,0,0,0,1,1,6,2,7,1498,1,6,10,3
2013450005975,1,1,0,18,0,1,0,0,0,0,1,1,1,2,9,-1,-1,-1,7,1
2013450005978,1,5,0,16,0,0,2,0,7,0,1,1,6,1,4,583,1,12,8,1
2013450005979,1,9,0,18,0,0,0,0,0,0,1,1,6,1,4,1388,1,10,8,1
2013450005979,2,9,0,18,0,0,0,0,0,0,2,1,6,2,8,1587,1,8,8,1
2013450005980,1,19,0,3,0,1,0,0,0,0,4,1,6,1,7,2198,2,6,9,1
2013450005980,2,1,0,3,0,1,0,0,0,0,3,1,1,1,7,-1,-1,-1,8,1
2013450005985,1,9,0,18,0,0,0,0,0,0,0,1,6,1,-1,-1,-1,-1,-1,-1
2013450005986,1,9,0,18,0,4,1,0,8,2,1,1,2,1,7,1360,1,13,4,1
2013450005988,1,9,0,18,0,1,0,0,0,0,1,1,2,1,6,1997,2,13,4,1
2013450005988,2,9,0,10,0,6,0,0,0,0,1,1,6,2,5,1360,1,2,9,1
2013450005990,1,9,0,18,0,0,1,7,1,4,1,1,6,1,5,1753,2,11,10,1
2013450005991,1,9,0,18,0,8,0,0,0,0,1,1,6,1,5,-1,-1,-1,4,1
2013450005991,2,9,0,9,0,5,0,0,0,0,1,1,6,2,5,1368,1,3,10,1
2013450005993,1,1,0,4,0,1,5,0,0,0,0,1,6,2,6,-1,-1,-1,3,1
2013450005995,1,9,0,16,0,0,0,0,7,10,3,1,2,2,6,1997,2,2,2,1
2013450005995,2,19,0,17,0,0,0,0,1,10,3,1,2,1,6,1968,2,3,8,1
2013450005998,1,9,0,18,0,0,1,0,1,4,1,1,2,1,6,1995,2,8,4,1
2013450006001,1,9,0,18,0,0,1,0,5,0,1,1,6,1,5,2354,1,10,1,1
2013450006001,2,9,0,18,0,0,0,0,0,0,1,1,6,1,10,1783,1,9,8,1
2013450006002,1,4,0,16,0,0,2,10,0,0,4,1,6,2,6,399,1,27,8,1
2013450006003,1,1,0,18,0,0,0,0,0,0,2,1,6,2,4,-1,-1,-1,8,1
2013450006003,2,5,0,18,0,0,0,0,0,0,1,1,6,3,-1,-1,-1,-1,-1,-1
2013450006005,1,9,0,18,0,0,2,0,8,0,3,1,2,1,6,796,1,12,7,1
2013450006006,1,9,0,18,0,0,0,0,0,0,4,1,6,3,-1,-1,-1,-1,-1,-1
2013450006009,1,9,0,2,6,0,0,0,1,11,2,1,6,1,11,1591,1,3,10,1
2013450006009,2,9,0,18,0,0,0,0,0,0,1,1,6,1,11,1299,1,5,5,1
2013450006010,1,19,0,18,0,0,0,0,0,0,3,1,6,1,7,1399,2,3,9,1
2013450006010,2,9,0,18,0,0,0,0,0,0,4,1,6,1,4,998,1,14,7,1
2013450006017,1,9,0,18,0,0,0,0,0,0,1,1,6,1,10,1997,2,13,8,1
2013450006017,2,9,0,5,0,0,0,0,0,0,1,1,6,1,9,1588,1,52,10,1
2013450006019,1,19,0,5,0,1,0,0,0,0,1,1,1,1,9,2148,2,3,8,1
2013450006019,2,9,0,5,0,1,0,0,0,0,2,1,6,2,8,1598,2,2,10,1
2013450006022,1,9,0,4,0,0,0,0,0,0,1,1,6,2,4,1124,1,12,6,1
2013450006022,2,9,0,3,0,0,0,0,0,0,2,1,6,2,6,1796,1,13,10,1
2013450006022,3,9,0,3,0,0,0,0,0,0,2,1,6,1,10,1598,1,3,9,1
2013450006024,1,9,0,14,0,0,0,0,0,0,4,1,6,3,-1,1975,1,12,-1,-1
2013450006025,1,9,0,18,0,4,0,0,0,0,3,1,6,1,10,1598,1,3,8,1
2013450006025,2,1,0,7,0,4,0,0,0,0,4,1,2,1,7,-1,-1,-1,6,1
2013450006026,1,9,0,18,0,8,0,0,0,0,0,1,6,1,7,1968,2,5,7,3
2013450006026,2,1,0,18,0,8,1,0,0,0,0,1,6,1,8,-1,-1,-1,10,1
2013450006027,1,9,0,5,0,0,0,0,0,0,2,1,2,1,6,1149,1,11,10,1
2013450006027,2,9,0,18,0,0,0,0,0,0,1,1,2,2,7,1360,1,13,10,1
2013450006028,1,9,0,5,0,5,0,0,0,0,4,1,6,1,5,-1,-1,-1,9,1
2013450006032,1,9,0,9,0,2,0,0,0,0,3,1,6,2,8,1596,1,4,9,1
2013450006032,2,9,0,18,0,1,0,0,0,0,1,1,6,2,11,1240,1,6,9,1
2013450006033,1,9,0,9,0,8,1,0,0,0,1,1,6,2,6,998,1,1,10,1
2013450006033,2,9,0,18,0,8,1,0,0,0,1,1,6,2,5,1598,1,11,10,1
2013450006034,1,3,0,4,0,0,5,0,0,0,4,1,1,1,6,124,1,3,10,1
2013450006036,1,19,0,16,0,1,0,0,0,0,1,1,1,1,9,2143,2,3,6,1
2013450006041,1,3,0,4,0,0,0,0,0,0,1,1,6,1,4,124,1,4,8,1
2013450006041,2,9,0,6,0,0,0,0,0,0,4,1,6,1,7,1124,1,11,7,1
2013450006043,1,21,1,12,0,0,1,0,0,0,3,1,1,1,8,-1,-1,-1,-1,-1
2013450006043,2,9,0,18,0,0,1,0,1,0,4,1,2,1,9,1600,1,14,8,1
2013450006044,1,9,0,18,0,0,0,0,0,0,1,1,6,2,7,2993,2,2,10,1
2013450006044,2,9,0,2,0,0,1,0,2,0,2,1,6,2,8,1796,1,17,10,1
2013450006052,1,9,0,18,0,1,0,0,0,0,1,1,6,1,9,1798,1,4,6,3
2013450006052,2,9,0,10,0,1,0,0,0,0,2,1,6,2,4,1388,1,11,10,2
2013450006053,1,9,0,3,0,4,0,0,1,0,2,1,6,2,9,1298,1,10,9,3
2013450006053,2,9,0,4,0,4,0,0,0,0,1,1,6,3,-1,2387,2,5,-1,-1
2013450006061,1,9,0,18,0,0,0,0,0,0,0,1,1,1,5,1368,1,3,7,1
2013450006061,2,9,0,18,0,0,0,0,0,0,2,1,1,2,7,2199,2,1,5,1
2013450006061,3,9,0,18,0,0,0,0,0,0,1,1,1,1,6,-1,-1,-1,-1,-1
2013450006061,4,21,1,18,0,0,0,0,0,0,1,2,1,1,5,-1,-1,-1,-1,-1
2013450006061,5,21,1,18,0,0,0,0,0,0,1,2,1,1,5,-1,-1,-1,-1,-1
2013450006061,6,21,1,18,0,0,0,0,0,0,1,2,1,1,5,-1,-1,-1,-1,-1
2013450006071,1,5,0,15,0,0,1,0,1,0,4,1,6,1,8,668,1,16,10,1
2013450006072,1,20,0,10,0,1,0,0,0,0,1,1,1,1,7,5480,2,17,3,1
2013450006072,2,19,0,10,0,1,0,0,0,0,2,1,1,1,6,2198,2,4,-1,1
2013450006072,3,9,0,10,0,1,0,0,0,0,2,1,2,2,6,1242,1,6,9,1
2013450006072,4,9,0,4,0,1,0,0,0,0,2,1,1,1,6,-1,-1,-1,3,1
2013450006075,1,9,0,18,0,1,0,0,2,0,1,1,6,1,10,1560,2,2,8,1
2013450006076,1,9,0,18,0,1,0,0,0,0,3,1,6,2,-1,1596,1,8,7,1
2013450006076,2,1,0,7,0,5,0,0,0,0,1,1,1,2,8,-1,-1,-1,9,1
2013450006080,1,9,0,4,0,0,0,0,0,0,2,1,1,1,7,1896,2,8,8,1
2013450006080,2,9,0,18,0,0,0,0,0,0,1,1,6,1,5,1124,1,10,8,3
2013450006086,1,9,0,6,0,0,0,0,0,0,3,1,6,1,8,-1,-1,-1,6,1
2013450006086,2,9,0,18,0,0,0,0,0,0,1,1,6,1,8,1796,1,8,6,1
2013450006088,1,1,0,18,0,3,0,0,0,0,0,1,6,2,7,-1,-1,-1,6,1
2013450006088,2,9,0,18,0,4,0,0,0,0,0,1,6,2,5,1368,1,7,9,1
2013450006093,1,1,0,18,0,0,0,0,0,0,3,1,2,2,6,-1,-1,-1,10,1
2013450006093,2,9,0,18,0,0,0,0,0,0,4,1,6,3,-1,-1,-1,-1,-1,-1
2013450006097,1,9,0,18,0,1,0,0,0,0,2,1,6,1,7,-1,-1,-1,6,1
2013450006097,2,9,0,18,0,1,0,0,0,0,1,1,6,1,-1,-1,-1,-1,10,1
2013450006101,1,1,0,18,0,8,0,0,0,0,4,1,6,1,6,-1,-1,-1,7,1
2013450006101,3,19,0,9,0,8,0,0,0,0,1,1,5,1,8,1753,2,9,4,1
2013450006103,1,9,0,17,0,0,1,10,7,0,1,1,6,1,4,1124,1,12,7,3
2013450006105,1,1,0,18,0,1,0,0,0,0,1,1,6,1,6,-1,-1,-1,5,1
2013450006105,2,9,0,9,0,6,0,0,0,0,1,1,6,1,8,1830,1,17,8,1
2013450006109,1,9,0,7,0,8,0,0,0,0,4,1,3,2,4,998,1,24,7,1
2013450006109,2,1,0,18,0,8,0,0,0,0,3,1,6,1,8,-1,-1,-1,9,3
2013450006118,1,9,0,18,0,8,0,0,0,0,1,1,6,1,9,1596,1,11,7,2
2013450006118,2,9,0,9,0,5,0,0,0,0,1,1,3,2,6,1490,1,6,6,1
2013450006122,1,9,0,18,0,0,0,0,0,0,1,1,6,2,6,1360,1,14,7,3
2013450006122,2,9,0,4,0,0,0,0,0,0,2,1,6,1,-1,3199,1,14,10,1
2013450006122,3,9,0,4,0,0,0,0,0,0,2,1,2,2,5,1398,1,1,8,1
2013450006125,1,9,0,3,0,1,0,0,0,0,2,1,6,2,7,2295,1,14,10,1
2013450006125,2,21,0,18,0,1,0,0,0,0,1,1,6,1,7,-1,-1,-1,8,3
2013450006128,1,9,0,18,0,0,0,0,1,0,2,1,6,3,-1,4197,1,4,-1,-1
2013450006128,2,1,0,18,0,0,0,0,0,0,1,1,6,1,7,-1,-1,-1,10,1
2013450006135,1,11,0,9,0,1,0,0,0,0,3,1,1,1,7,-1,2,15,8,1
2013450006135,2,3,0,18,0,1,0,0,0,0,4,1,1,1,8,124,1,1,5,1
2013450006137,1,9,0,9,0,4,0,0,0,0,1,1,6,3,-1,-1,-1,-1,-1,-1
2013450006137,2,9,0,7,0,8,0,0,0,0,4,1,6,2,6,-1,-1,-1,9,1
2013450006138,1,9,0,17,0,0,1,0,1,0,1,1,2,2,4,1349,1,-1,10,1
2013450006139,1,9,0,18,0,0,0,0,0,0,2,1,2,2,-1,2000,2,8,10,1
2013450006139,2,9,0,18,0,0,0,0,0,0,1,1,6,1,6,1995,1,4,5,1
2013450006142,1,9,0,17,0,0,1,0,1,10,4,1,2,2,4,1299,1,9,7,3
2013450006143,1,9,0,18,0,0,0,0,1,4,1,1,1,2,6,1598,1,7,10,3
2013450006146,1,9,0,18,0,0,0,0,0,0,1,1,1,1,5,1896,2,5,10,1
2013450006146,2,9,0,3,0,0,0,0,0,0,2,1,1,2,8,-1,-1,-1,9,1
2013450006146,3,9,0,3,0,0,0,0,0,0,2,1,1,1,6,1598,1,12,6,1
2013450006148,1,9,0,8,0,1,0,0,0,0,1,1,6,2,7,2231,2,4,10,1
2013450006148,2,1,0,18,0,1,0,0,0,0,1,1,3,1,-1,-1,-1,-1,-1,-1
2013450006150,1,11,0,13,0,0,0,0,0,0,4,1,6,1,8,2100,1,23,6,1
2013450006150,2,1,0,18,0,0,0,10,0,0,1,1,6,1,8,-1,-1,-1,7,1
2013450006157,1,3,0,18,0,0,1,0,0,0,3,1,6,1,4,125,1,-1,6,1
2013450006157,2,9,0,1,0,0,0,0,0,0,0,1,6,2,6,1896,2,10,3,1
2013450006160,1,9,0,18,0,8,0,0,0,0,1,1,1,1,6,1560,2,-1,8,1
2013450006160,2,9,0,18,0,8,0,0,0,0,2,1,6,1,5,998,1,14,7,1
2013450006160,3,9,0,18,0,4,0,0,0,0,4,1,6,3,-1,-1,-1,-1,-1,-1
2013450006161,1,9,0,9,0,8,0,0,0,0,1,1,2,2,9,1149,1,12,10,1
2013450006161,2,9,0,18,0,1,0,0,0,0,1,1,2,1,8,1997,2,11,6,1
2013450006163,1,9,0,18,0,0,0,0,0,0,4,1,6,3,-1,-1,-1,-1,-1,-1
2013450006163,2,1,0,18,0,0,0,0,0,0,1,1,6,1,7,-1,-1,-1,9,1
2013450006164,1,1,0,18,0,0,0,10,0,0,0,1,6,1,4,-1,-1,-1,9,1
2013450006165,1,9,0,9,0,5,0,0,0,0,1,1,1,2,6,1796,1,9,10,1
2013450006165,2,1,0,18,0,1,0,0,0,0,4,1,1,2,8,-1,-1,-1,6,1
2013450006166,1,9,0,18,0,1,0,0,0,0,1,1,6,2,6,1598,1,9,5,1
2013450006166,2,5,0,18,0,8,0,0,0,0,3,1,6,1,8,1200,1,11,3,1
2013450006168,1,1,0,18,0,8,0,0,0,0,1,1,6,1,8,-1,-1,-1,10,1
2013450006168,2,9,0,9,0,8,0,0,0,0,1,1,6,1,8,1389,1,17,10,1
2013450006170,1,9,0,9,0,8,0,0,0,0,1,1,6,1,5,1242,1,14,8,1
2013450006170,2,9,0,18,0,8,0,0,0,0,3,1,6,2,9,1998,1,9,9,1
2013450006171,1,9,0,18,0,1,0,0,0,0,3,1,2,2,7,973,1,10,7,2
2013450006171,2,21,2,18,0,2,0,0,0,0,3,1,1,1,9,-1,-1,-1,6,1
2013450006173,1,9,0,18,0,3,0,0,0,0,4,1,6,2,6,1596,1,9,10,1
2013450006173,2,19,0,18,0,4,0,0,0,0,3,1,6,1,6,2402,2,10,10,1
2013450006176,1,5,0,18,0,1,0,0,0,0,1,1,6,1,5,599,1,17,9,1
2013450006176,2,9,0,9,0,6,0,0,0,0,3,1,6,2,7,2000,2,8,10,1
2013450006177,1,9,0,18,0,1,0,0,0,0,2,1,2,1,7,3378,1,16,9,1
2013450006177,2,9,0,18,0,1,0,0,0,0,1,1,2,2,7,1968,2,2,10,1
2013450006185,1,1,0,18,9,0,0,0,0,0,1,1,1,2,6,-1,-1,-1,8,1
2013450006189,1,9,0,4,0,0,0,0,0,0,2,1,6,2,9,1976,1,3,10,1
2013450006189,2,9,0,18,0,0,0,0,0,0,1,1,6,1,5,1198,1,4,8,1
2013450006190,1,1,0,14,0,1,0,0,0,0,1,1,1,2,8,-1,-1,-1,9,1
2013450006190,2,9,0,9,0,1,0,0,0,0,1,1,6,2,-1,-1,-1,-1,-1,-1
2013450006196,1,9,0,9,0,5,0,0,0,0,3,1,6,1,8,1398,1,1,6,1
2013450006196,2,9,0,18,0,1,0,4,0,0,3,1,6,2,7,2922,1,9,9,1
2013450006196,3,9,0,2,0,1,0,0,0,0,2,1,6,2,-1,1199,1,13,6,1
2013450006197,1,9,0,18,0,0,0,0,0,0,1,1,6,1,9,1388,1,3,10,1
2013450006197,2,9,0,2,6,0,0,0,0,0,2,1,6,1,8,2993,2,7,5,1
2013450006198,1,9,0,18,0,1,0,0,0,0,1,1,6,1,8,1275,1,19,10,1
2013450006201,1,9,0,18,0,0,0,0,0,0,1,1,6,1,10,1598,2,3,10,1
2013450006202,1,1,0,18,0,1,0,0,0,0,1,1,6,1,7,-1,-1,-1,6,1
2013450006202,2,9,0,9,0,1,0,0,0,0,4,1,6,2,-1,1998,1,16,-1,-1
2013450006203,1,9,0,4,0,0,0,0,0,0,2,1,6,2,7,2400,2,1,10,1
2013450006203,2,90,0,4,0,0,0,0,0,0,1,1,6,1,6,-1,-1,-1,8,1
2013450006204,1,1,0,18,0,2,0,0,1,0,1,1,6,1,10,-1,-1,-1,10,1
2013450006207,1,9,0,18,0,1,0,0,0,0,4,1,6,1,6,1199,1,11,5,1
2013450006207,2,9,0,9,0,6,0,0,3,0,1,1,6,2,5,1299,1,11,7,1
2013450006208,1,1,0,18,0,0,0,0,0,0,0,1,6,1,4,-1,-1,-1,9,3
2013450006214,1,9,0,18,0,0,1,10,7,0,1,1,6,1,4,2494,1,14,5,1
2013450006217,1,9,0,18,0,8,1,0,0,0,4,1,6,1,9,1598,1,20,10,1
2013450006217,2,9,0,9,0,8,0,0,0,0,4,1,6,2,8,1796,1,5,8,1
2013450006218,1,9,0,18,0,1,1,0,0,0,1,1,1,2,7,2993,2,1,-1,-1
2013450006218,2,9,0,9,0,1,0,0,0,0,2,1,1,1,7,2198,1,9,8,1
2013450006219,1,1,0,18,0,8,0,0,0,0,1,1,6,2,9,-1,-1,-1,10,1
2013450006219,2,9,0,18,0,8,0,0,0,0,3,1,6,2,6,-1,-1,-1,9,1
2013450006224,1,9,0,18,0,2,0,0,0,0,1,1,6,1,8,1339,1,9,6,1
2013450006224,2,9,0,18,0,1,0,0,0,0,3,1,6,2,6,2494,1,12,6,1
2013450006224,3,9,0,18,0,1,0,0,0,0,1,1,6,1,7,1762,1,17,8,1
2013450006225,1,9,0,12,0,0,0,0,0,0,3,1,6,2,7,999,1,11,10,1
2013450006225,2,9,0,12,0,0,0,0,0,0,3,1,6,1,9,1389,1,15,5,1
2013450006225,3,21,0,3,0,0,0,0,0,0,2,1,1,1,9,8867,2,5,2,1
2013450006226,1,9,0,9,0,6,0,0,0,0,1,1,6,2,9,1968,2,-1,10,3
2013450006226,2,9,0,18,0,8,0,0,0,0,4,1,6,1,10,1997,2,2,10,1
2013450006226,3,9,0,8,0,1,0,0,0,0,1,1,6,2,10,1598,1,8,5,1
2013450006230,1,3,0,16,0,0,2,0,0,0,3,1,6,1,6,125,1,12,8,3
2013450006230,2,9,0,17,0,0,0,0,0,0,3,1,6,1,8,1560,2,5,8,1
2013450006234,1,9,0,7,0,8,0,0,0,0,1,1,6,1,7,1968,2,1,9,1
2013450006234,2,1,0,18,0,8,0,0,0,0,1,1,2,1,8,-1,-1,-1,9,1
2013450006235,1,19,0,4,0,0,0,0,0,0,1,1,1,1,7,2300,2,8,6,1
2013450006235,2,9,0,4,0,0,0,0,0,0,2,1,6,2,8,1998,1,12,3,1
2013450006235,3,19,0,4,0,0,0,0,0,0,2,1,1,1,6,2198,2,2,3,1
2013450006235,4,9,0,4,0,0,0,0,0,0,2,1,6,2,8,1997,2,10,5,1
2013450006238,1,9,0,9,0,5,0,0,0,0,1,1,6,2,10,999,1,5,10,3
2013450006238,2,9,0,18,0,8,0,0,0,0,4,1,6,2,8,1149,1,9,10,1
2013450006240,1,9,0,12,0,0,0,0,0,0,3,1,2,1,6,1781,1,11,8,1
2013450006240,2,3,0,13,0,0,5,0,0,0,1,1,2,1,6,125,1,14,9,1
2013450006243,1,9,0,18,0,1,0,0,0,0,1,1,6,2,8,2499,1,3,10,1
2013450006243,2,9,0,4,0,1,0,0,0,0,2,1,6,1,8,1584,1,10,2,1
2013450006244,1,9,0,10,0,1,0,0,1,9,2,1,6,1,5,1995,2,5,9,1
2013450006244,2,9,0,18,0,1,0,0,0,0,1,1,6,2,8,-1,-1,-1,5,3
2013450006245,1,9,0,18,0,0,0,0,0,0,1,1,6,2,9,-1,-1,-1,7,3
2013450006245,2,9,0,18,0,0,0,0,1,0,1,1,6,2,7,1992,2,5,5,2
2013450006245,3,9,0,2,9,0,0,0,0,0,1,1,6,1,9,2188,2,8,10,3
2013450006246,1,9,0,18,0,1,0,7,0,0,1,1,6,1,11,1390,1,5,10,3
2013450006246,2,19,0,2,0,2,0,0,0,0,3,1,6,1,8,4461,2,3,7,2
2013450006247,1,9,0,18,0,0,1,0,1,0,1,1,6,1,5,1998,1,1,7,1
2013450006247,2,9,0,18,0,0,0,0,0,0,2,1,6,1,7,1560,2,1,4,1
2013450006249,1,9,0,18,0,0,1,0,0,0,3,1,6,1,4,1391,1,12,10,1
2013450006249,2,21,1,18,0,0,0,0,0,0,4,1,1,3,-1,-1,-1,-1,-1,-1
2013450006250,1,9,0,3,0,4,0,0,0,0,2,1,6,2,-1,1598,2,1,9,1
2013450006250,2,9,0,4,0,4,0,0,0,0,1,1,6,3,-1,2987,2,5,6,1
2013450006255,1,9,0,18,0,0,1,0,5,6,1,1,6,2,8,2495,2,12,10,2
2013450006255,2,9,0,12,0,0,0,0,0,0,0,1,6,2,6,1198,1,2,8,1
2013450006261,1,9,0,18,0,4,0,0,0,0,1,1,6,1,7,1587,1,10,4,1
2013450006261,2,1,0,9,0,8,0,0,0,0,4,1,2,1,7,-1,-1,-1,5,1
2013450006262,1,9,0,9,0,6,0,0,0,0,3,1,6,2,11,1061,1,8,10,1
2013450006262,2,9,0,18,0,1,0,0,0,0,3,1,6,1,10,1586,1,10,2,1
2013450006267,1,9,0,2,0,0,0,0,1,0,2,1,6,1,8,2495,2,12,10,1
2013450006267,2,9,0,2,0,0,0,0,0,0,2,1,6,2,7,995,1,9,10,1
2013450006267,3,9,0,18,0,0,0,4,0,0,1,1,6,1,7,2993,2,9,10,1
2013450006270,1,9,0,17,0,0,0,6,0,0,3,1,6,2,5,1598,1,10,6,3
2013450006272,1,9,0,17,0,0,1,0,0,0,1,1,2,2,7,1596,1,12,6,1
2013450006274,1,5,0,18,0,0,2,12,6,9,1,1,1,1,7,1170,1,8,6,1
2013450006281,1,19,0,4,0,8,0,0,0,0,2,1,1,1,6,2400,2,9,9,3
2013450006281,2,9,0,4,0,8,0,0,0,0,1,1,6,2,8,998,1,5,10,1
2013450006281,3,20,0,3,0,8,0,0,0,0,1,1,1,1,8,4580,2,7,3,1
2013450006283,1,9,0,12,0,0,0,0,0,0,1,1,6,2,6,1229,1,1,4,1
2013450006283,2,19,0,18,0,0,0,0,0,0,2,1,6,1,5,1560,2,-1,9,1
2013450006284,1,9,0,18,0,0,2,0,1,11,1,1,6,1,6,1199,1,11,5,1
2013450006286,1,9,0,18,0,0,0,0,0,0,2,1,6,2,7,1242,1,12,7,1
2013450006286,2,9,0,18,0,0,0,0,0,0,2,1,6,2,-1,1527,2,12,9,1
2013450006286,3,9,0,18,0,0,0,0,0,0,1,1,6,1,7,1587,1,14,9,1
2013450006286,4,9,0,18,0,0,0,0,0,0,1,1,6,3,-1,-1,-1,-1,-1,-1
2013450006290,1,9,0,18,0,0,0,0,0,0,4,1,6,2,9,1199,1,14,9,1
2013450006294,1,9,0,18,0,4,0,0,0,0,3,1,6,2,10,995,1,8,4,1
2013450006294,2,1,0,18,0,4,0,0,0,0,1,1,6,1,6,-1,-1,-1,3,1
2013450006296,1,9,0,18,0,0,0,0,0,0,1,1,6,1,6,2148,2,10,6,1
2013450006297,1,1,0,18,9,0,5,0,0,0,1,1,6,1,11,-1,-1,-1,7,1
2013450006297,2,1,0,18,9,0,0,0,0,0,1,1,6,1,-1,-1,-1,-1,-1,-1
2013450006300,1,20,1,11,0,0,0,0,0,0,4,1,1,1,7,5880,2,7,6,1
2013450006300,2,9,0,18,0,0,1,0,0,0,3,1,6,1,5,1686,2,11,4,1
2013450006300,3,9,0,18,0,0,1,0,0,0,1,1,6,1,5,1598,2,2,5,1
2013450006302,1,9,0,18,0,1,0,0,0,0,3,1,6,2,6,2967,2,-1,10,1
2013450006302,2,9,0,18,0,2,0,0,0,0,3,1,6,1,9,1587,1,8,10,1
2013450006305,1,9,0,5,0,8,0,0,0,0,2,1,6,2,6,1560,2,3,9,1
2013450006305,2,9,0,18,0,8,0,0,0,0,1,1,6,2,6,1598,1,17,9,1
2013450006306,1,9,0,18,0,0,0,0,2,7,4,1,2,1,9,1598,1,8,8,1
2013450006307,1,1,0,18,0,2,5,4,0,0,1,1,6,1,5,-1,-1,-1,10,1
2013450006307,2,9,0,2,0,2,0,0,0,0,2,1,6,1,10,1783,1,13,9,1
2013450006309,1,9,0,16,0,0,1,0,2,0,4,1,1,2,6,1587,1,12,3,1
2013450006310,1,9,0,18,0,0,0,0,0,0,1,1,6,1,10,2962,1,14,10,1
2013450006310,2,9,0,18,0,0,0,0,0,0,2,1,6,1,6,2143,2,3,9,1
2013450006310,3,9,0,18,0,0,0,0,0,0,2,1,6,3,-1,-1,-1,-1,-1,-1
2013450006311,1,9,0,4,0,0,0,0,0,0,2,1,6,2,5,1598,2,1,7,3
2013450006311,2,9,0,4,0,0,0,0,0,0,1,1,1,2,6,1248,1,2,8,1
2013450006312,1,9,0,14,0,0,0,10,0,0,1,1,6,2,9,1591,1,-1,10,1
2013450006312,2,11,0,2,0,0,0,0,0,0,0,1,1,1,8,9000,2,4,9,1