Accident_Index,Vehicle_Reference,Vehicle_Type,Towing_and_Articulation,Vehicle_Manoeuvre,Vehicle_Location-Restricted_Lane,Junction_Location,Skidding_and_Overturning,Hit_Object_in_Carriageway,Vehicle_Leaving_Carriageway,Hit_Object_off_Carriageway,1st_Point_of_Impact,Was_Vehicle_Left_Hand_Drive?,Journey_Purpose_of_Driver,Sex_of_Driver,Age_Band_of_Driver,Engine_Capacity_(CC),Propulsion_Code,Age_of_Vehicle,Driver_IMD_Decile,Driver_Home_Area_Type
2013450006625,1,9,0,9,0,8,0,0,0,0,1,1,6,2,6,1598,1,13,4,2
2013450006625,2,9,0,18,0,2,0,0,0,0,1,1,6,2,7,1598,1,8,4,1
2013450006629,1,1,0,18,0,0,0,10,0,0,1,1,6,1,5,-1,-1,-1,-1,-1
2013450006633,1,1,0,18,0,1,0,0,0,0,0,1,6,1,9,-1,-1,-1,7,1
2013450006635,1,21,1,5,8,0,0,0,0,0,3,1,1,1,7,-1,-1,-1,-1,-1
2013450006635,2,9,0,18,0,0,0,0,0,0,4,1,1,1,8,1794,1,7,6,1
2013450006636,1,1,0,18,0,2,0,0,0,0,0,1,6,2,9,-1,-1,-1,10,1
2013450006638,1,9,0,18,0,0,0,0,0,0,1,1,6,1,4,1299,1,15,4,1
2013450006638,2,9,0,18,0,0,0,0,0,0,2,1,6,1,4,1360,1,2,9,1
2013450006638,3,9,0,18,0,0,0,0,0,0,0,1,1,1,6,-1,-1,-1,3,1
2013450006641,1,17,0,18,0,0,1,0,0,0,1,1,1,1,8,-1,2,27,6,3
2013450006641,2,21,4,18,0,0,4,0,0,0,2,1,1,1,7,6871,2,1,6,1
2013450006643,1,5,0,18,0,1,0,0,0,0,0,1,1,1,7,996,1,7,9,3
2013450006643,2,9,0,10,0,1,2,0,0,0,0,1,2,1,7,1998,1,-1,9,1
2013450006648,1,3,0,18,0,0,0,0,0,0,1,1,2,1,6,125,1,-1,6,1
2013450006648,2,9,0,3,0,0,0,0,0,0,2,1,6,2,7,1242,1,8,6,1
2013450006650,1,9,0,18,0,0,0,0,1,0,1,1,6,1,5,796,1,10,10,3
2013450006654,1,9,0,18,0,1,0,0,0,0,3,1,6,1,11,1124,1,6,10,1
2013450006654,2,9,0,18,0,1,0,0,0,0,3,1,1,1,7,1242,1,14,6,1
2013450006663,1,9,0,17,0,0,0,0,0,0,1,1,1,2,7,1364,1,5,4,1
2013450006663,2,9,0,16,0,0,0,0,0,0,1,1,6,2,7,1598,1,1,10,1
2013450006667,1,1,0,18,0,0,0,0,0,0,0,1,6,1,10,-1,-1,-1,7,3
2013450006669,1,19,0,1,0,1,0,0,0,0,2,1,2,1,-1,2477,2,11,10,1
2013450006669,2,9,0,3,0,1,0,0,0,0,1,1,2,1,9,2000,1,8,10,1
2013450006669,3,9,0,18,0,1,0,0,0,0,0,1,2,1,6,1560,2,-1,10,1
2013450006670,1,9,0,17,0,2,0,0,0,0,1,1,2,1,9,2996,2,15,9,1
2013450006670,2,1,0,10,0,2,0,0,1,0,3,1,6,1,1,-1,-1,-1,10,3
2013450006671,1,9,0,18,0,1,0,0,0,0,0,1,6,3,-1,-1,-1,-1,-1,-1
2013450006671,2,9,0,18,0,1,0,0,0,0,2,1,6,2,6,1587,1,11,8,3
2013450006671,3,9,0,18,0,1,0,0,0,0,1,1,6,2,4,1299,1,8,10,1
2013450006671,4,19,0,7,0,6,0,0,0,0,0,1,6,3,-1,-1,-1,-1,-1,-1
2013450006674,1,1,0,18,0,1,0,11,0,0,1,1,6,1,7,-1,-1,-1,8,1
2013450006675,1,9,0,4,0,2,0,0,0,0,1,1,6,1,6,1390,1,2,6,1
2013450006675,2,9,0,4,0,2,0,0,0,0,2,1,6,1,5,1388,1,4,10,1
2013450006675,3,9,0,4,0,2,0,0,0,0,2,1,1,2,7,1390,1,6,10,1
2013450006676,1,3,0,18,0,2,1,0,1,0,3,1,6,1,5,124,1,1,7,1
2013450006676,2,19,0,14,0,2,0,0,0,0,3,1,6,1,6,-1,-1,-1,10,1
2013450006682,1,9,0,18,0,0,0,0,8,0,1,1,6,2,4,1364,2,7,10,1
2013450006683,1,9,0,9,0,5,0,0,1,0,3,1,1,1,8,-1,-1,-1,5,1
2013450006683,2,9,0,18,0,8,1,0,0,0,1,1,6,1,11,2290,1,5,9,3
2013450006685,1,9,0,18,0,0,0,0,0,0,2,1,6,1,7,1800,2,13,8,1
2013450006685,2,9,0,18,0,0,0,0,0,0,1,1,6,3,-1,1343,1,10,6,1
2013450006687,1,1,0,18,0,4,0,0,0,0,1,1,6,1,6,-1,-1,-1,9,1
2013450006688,1,9,0,4,0,0,0,0,0,0,2,1,6,1,6,1995,2,7,10,1
2013450006688,2,9,0,4,0,0,0,0,0,0,1,1,6,2,-1,1988,1,12,7,1
2013450006690,1,9,0,18,0,1,0,4,0,0,1,1,6,1,8,1598,1,10,2,1
2013450006690,2,19,0,4,0,1,0,4,0,0,2,1,6,1,6,2402,2,5,-1,-1
2013450006690,3,9,0,4,0,1,0,0,0,0,2,1,6,1,5,1272,1,21,10,3
2013450006696,1,1,0,18,0,1,0,0,0,0,1,1,2,1,7,-1,-1,-1,8,1
2013450006696,2,8,0,7,0,5,0,0,0,0,2,1,6,1,7,1596,1,2,4,1
2013450006698,1,9,0,18,0,1,0,0,0,0,3,1,3,2,5,1997,2,4,10,1
2013450006698,2,9,0,10,0,1,0,0,0,0,3,1,3,2,10,1598,1,4,8,3
2013450006699,1,9,0,18,0,0,0,0,0,0,1,1,6,1,10,3950,1,10,9,3
2013450006699,2,9,0,3,0,0,0,0,0,0,2,1,6,1,7,1299,1,11,9,1
2013450006699,3,9,0,3,0,0,0,0,0,0,2,1,6,2,6,1599,1,10,10,1
2013450006699,4,9,0,3,0,0,0,0,0,0,2,1,6,1,10,-1,-1,-1,5,1
2013450006700,1,9,0,15,0,0,0,0,0,0,1,1,1,1,4,1242,1,4,10,1
2013450006700,2,1,0,18,0,0,0,0,0,0,3,1,6,1,7,-1,-1,-1,7,1
2013450006701,1,9,0,3,0,0,0,0,0,0,0,1,6,1,4,1587,1,11,10,2
2013450006701,2,9,0,18,0,0,1,0,0,0,1,1,6,1,5,1396,1,15,2,1
2013450006701,3,9,0,18,0,0,0,0,0,0,2,1,6,2,8,1598,1,7,3,1
2013450006702,1,2,0,18,0,0,0,0,0,0,1,1,6,1,4,49,1,9,3,1
2013450006702,2,9,0,4,0,0,0,0,0,0,2,1,2,2,8,1598,1,11,10,1
2013450006702,3,11,0,4,0,0,0,0,0,0,0,1,1,1,8,-1,2,13,10,2
2013450006703,1,9,0,1,9,1,0,0,0,0,2,1,2,2,7,1975,1,8,6,1
2013450006703,2,1,0,18,9,1,1,0,0,0,3,1,6,1,-1,-1,-1,-1,5,1
2013450006704,1,9,0,5,0,6,0,0,0,0,4,1,6,2,6,1896,2,4,6,1
2013450006704,2,9,0,18,0,1,0,0,0,0,1,1,2,2,8,1598,1,6,9,2
2013450006711,1,9,0,13,0,0,0,0,0,0,0,1,6,1,7,3600,1,9,10,1
2013450006711,2,5,0,18,0,0,1,0,0,0,0,1,6,1,6,988,1,10,7,1
2013450006714,1,9,0,9,0,8,0,0,0,0,1,1,6,1,9,5998,1,4,8,3
2013450006714,2,1,0,18,5,8,0,0,0,0,3,1,6,2,6,-1,-1,-1,8,1
2013450006716,1,9,0,17,0,2,0,0,0,0,1,1,2,2,8,1248,1,4,9,1
2013450006716,2,9,0,16,0,1,0,0,0,0,1,1,6,1,5,1199,1,14,10,1
2013450006719,1,9,0,18,0,0,0,0,0,0,1,1,6,1,6,1998,2,9,8,1
2013450006719,2,21,1,18,0,0,0,0,0,0,2,2,1,1,7,-1,-1,-1,-1,-1
2013450006720,1,9,0,2,0,1,0,0,0,0,3,1,6,1,6,2143,2,-1,10,2
2013450006720,2,9,0,18,0,1,0,0,0,0,4,1,6,1,-1,1997,1,3,10,1
2013450006722,1,5,0,14,0,1,0,0,0,0,3,1,1,1,8,1099,1,19,10,1
2013450006722,2,9,0,16,0,2,0,0,0,0,4,1,2,1,8,1798,8,1,10,1
2013450006724,1,9,0,12,0,8,0,7,7,10,3,1,6,1,6,1598,1,13,7,1
2013450006724,2,9,0,18,0,8,0,0,0,0,4,1,6,2,10,2149,2,6,9,1
2013450006728,1,9,0,18,0,1,0,0,0,0,1,1,6,2,7,1998,1,11,8,1
2013450006728,2,9,0,9,0,5,0,0,0,0,3,1,6,2,9,998,1,5,8,3
2013450006731,1,1,0,18,0,1,0,0,0,0,1,1,6,1,2,-1,-1,-1,4,1
2013450006731,2,9,0,18,0,1,0,0,0,0,4,1,6,1,9,1598,1,7,9,1
2013450006732,1,9,0,5,0,6,0,0,7,0,1,1,6,1,8,2993,2,5,10,1
2013450006732,2,1,0,14,0,8,0,0,0,0,1,1,2,1,5,-1,-1,-1,4,1
2013450006736,1,9,0,1,0,1,0,0,0,0,2,1,6,1,6,1798,1,12,4,1
2013450006736,2,9,0,2,0,1,0,0,0,0,3,1,6,2,5,1149,1,11,10,1
2013450006737,1,9,0,16,0,0,1,0,2,0,1,1,1,2,5,1364,1,6,8,1
2013450006737,2,9,0,16,0,0,1,0,0,0,1,1,1,1,6,-1,-1,-1,4,1
2013450006741,1,9,0,18,0,0,0,4,0,0,1,1,3,2,7,1560,2,6,6,1
2013450006741,2,9,0,2,9,0,0,4,0,0,1,1,6,2,6,1360,1,6,5,3
2013450006741,3,9,0,2,9,0,0,4,0,0,1,1,6,1,5,1242,1,18,5,1
2013450006741,4,9,0,2,9,0,0,4,0,0,2,1,6,1,6,1598,1,8,7,1
2013450006744,1,9,0,16,0,0,0,0,0,0,3,1,1,1,5,-1,-1,-1,8,2
2013450006744,2,9,0,16,0,0,0,0,0,0,3,1,6,2,7,1598,1,-1,9,1
2013450006745,1,9,0,4,0,0,0,0,0,0,1,1,6,2,5,1248,2,2,1,1
2013450006745,2,9,0,18,0,0,0,0,0,0,2,1,1,1,-1,1997,2,9,7,1
2013450006745,3,9,0,3,0,0,0,0,0,0,2,1,6,1,8,1248,2,2,9,1
2013450006746,1,1,0,18,0,0,0,0,0,0,1,1,1,2,9,-1,-1,-1,10,2
2013450006748,1,9,0,18,0,0,1,0,5,0,2,1,6,1,5,1360,1,10,10,1
2013450006748,2,9,0,18,0,0,0,0,0,0,1,1,6,1,7,1560,2,7,9,1
2013450006749,1,9,0,16,0,0,1,0,1,0,3,1,6,1,4,1195,1,16,7,2
2013450006749,2,9,0,17,0,0,0,0,0,0,1,1,6,1,8,2148,2,10,10,2
2013450006750,1,9,0,18,0,4,0,0,0,0,1,1,1,2,8,1747,1,12,9,1
2013450006750,2,1,0,18,0,3,0,0,0,0,2,1,1,1,6,-1,-1,-1,9,1
2013450006753,1,1,0,18,0,1,0,0,0,0,1,1,1,1,8,-1,-1,-1,9,1
2013450006753,2,19,0,9,0,5,0,0,0,0,1,1,6,1,10,-1,-1,-1,9,1
2013450006754,1,21,4,18,0,0,5,5,0,0,1,1,1,1,9,7146,2,2,1,1
2013450006754,2,9,0,3,0,0,0,0,0,0,3,1,6,1,9,2393,1,7,9,1
2013450006754,3,9,0,18,0,0,0,0,0,0,2,1,6,1,6,-1,-1,-1,9,1
2013450006755,1,9,0,9,0,6,0,0,0,0,4,1,6,1,9,1896,2,8,9,1
2013450006755,2,9,0,18,0,1,0,0,0,0,1,1,6,2,8,1994,2,11,7,3
2013450006756,1,9,0,18,0,8,0,0,0,0,1,1,6,1,6,1560,2,9,6,1
2013450006756,2,9,0,9,0,8,0,0,7,0,3,1,6,1,10,1995,2,1,8,3
2013450006764,1,9,0,9,0,5,0,0,0,0,3,1,2,1,6,2179,2,-1,10,1
2013450006764,2,5,0,18,0,8,0,0,0,0,1,1,2,1,7,1157,1,6,9,1
2013450006765,1,9,0,15,0,0,0,0,0,0,2,1,6,1,7,-1,-1,-1,9,1
2013450006765,2,1,0,18,0,0,2,0,1,0,1,1,6,1,-1,-1,-1,-1,8,1
2013450006767,1,9,0,18,0,0,0,0,0,0,1,1,6,1,9,2400,2,4,-1,3
2013450006767,2,9,0,18,0,0,0,0,0,0,3,1,6,1,5,1598,1,9,10,1
2013450006767,3,11,0,2,0,0,0,0,0,0,3,1,6,1,8,3900,2,7,9,1
2013450006767,4,9,0,18,0,0,0,0,0,0,1,1,6,1,4,1391,1,17,10,1
2013450006770,1,1,0,13,0,0,0,0,0,0,0,1,1,2,7,-1,-1,-1,10,3
2013450006770,2,9,0,18,0,0,0,0,0,0,1,1,6,1,7,1997,2,6,10,2
2013450006780,1,9,0,16,0,0,0,0,0,0,1,1,2,2,5,1390,1,6,6,1
2013450006780,2,9,0,17,0,0,0,0,0,0,1,1,3,1,7,-1,-1,-1,5,1
2013450006781,1,9,0,16,0,0,0,0,1,0,1,1,6,1,4,1800,1,13,6,3
2013450006782,1,9,0,18,0,0,0,0,0,0,1,1,1,1,6,1956,2,4,9,1
2013450006783,1,1,0,18,0,0,0,0,0,0,1,1,6,1,7,-1,-1,-1,10,1
2013450006783,2,9,0,4,0,0,0,0,0,0,2,1,6,1,-1,1753,2,14,10,2
2013450006784,1,9,0,18,0,4,0,0,0,0,1,1,1,2,6,1995,2,-1,3,1
2013450006784,2,1,0,18,0,3,5,0,0,0,4,1,6,1,8,-1,-1,-1,6,1
2013450006785,1,11,0,18,0,8,0,0,0,0,4,1,1,1,7,4500,2,2,10,1
2013450006785,2,9,0,9,0,8,0,0,0,0,4,1,6,1,-1,1497,8,4,9,1
2013450006786,1,9,0,4,0,0,0,0,0,0,2,1,6,1,7,1560,2,-1,5,1
2013450006786,2,9,0,4,0,0,0,0,0,0,2,1,6,2,6,1560,2,4,6,1
2013450006786,3,9,0,18,0,0,1,0,0,0,1,1,6,1,5,-1,-1,-1,-1,1
2013450006788,1,9,0,7,0,0,0,0,0,0,1,1,6,3,-1,-1,-1,-1,-1,-1
2013450006792,1,9,0,7,0,1,0,0,0,0,4,1,2,2,9,1995,1,7,10,1
2013450006792,2,1,0,18,0,1,0,0,0,0,1,1,6,1,4,-1,-1,-1,10,1
2013450006793,1,9,0,18,0,1,0,0,0,0,1,1,2,2,5,1242,1,2,6,1
2013450006793,2,9,0,18,0,1,0,0,0,0,4,1,6,2,6,1596,1,13,10,1
2013450006795,1,9,0,18,0,0,0,0,0,0,1,1,1,2,4,1242,1,11,9,1
2013450006795,2,21,0,18,0,0,0,0,1,0,2,1,6,1,8,12902,2,-1,-1,-1
2013450006795,3,9,0,18,0,0,0,1,1,7,1,1,6,1,6,-1,-1,-1,2,1
2013450006798,1,9,0,18,9,0,0,0,7,0,1,1,6,1,7,1794,1,13,2,1
2013450006798,2,9,0,18,0,0,0,0,2,0,1,1,1,1,7,2953,1,4,5,2
2013450006801,1,9,0,18,0,0,0,0,0,0,1,1,6,2,6,1364,1,4,10,1
2013450006802,1,11,0,18,0,0,0,0,0,0,1,1,1,1,7,12000,2,11,2,1
2013450006802,2,9,0,3,0,0,0,0,0,0,2,1,6,1,7,998,1,-1,5,1
2013450006802,3,9,0,3,0,0,0,0,0,0,2,1,6,1,6,1910,2,6,7,1
2013450006803,1,8,0,3,0,0,0,0,0,0,0,1,1,1,6,2402,2,7,7,1
2013450006806,1,9,0,14,0,1,0,0,0,0,4,1,1,2,4,998,1,17,5,1
2013450006806,2,9,0,9,0,5,0,0,0,0,3,1,6,1,8,2959,2,9,10,1
2013450006807,1,20,1,18,0,8,0,0,0,0,1,1,1,1,8,4461,2,4,6,1
2013450006807,2,19,0,4,0,8,0,0,0,0,2,1,1,1,7,2143,2,1,9,1
2013450006807,3,9,0,3,0,8,0,0,0,0,2,1,6,2,11,1339,1,8,9,1
2013450006807,4,19,4,3,0,8,0,0,0,0,2,1,1,1,8,2298,2,-1,9,1
2013450006808,1,9,0,9,0,5,0,0,0,0,2,1,6,2,8,1999,1,7,7,3
2013450006808,2,9,0,3,0,1,0,0,0,0,1,1,6,2,10,1339,1,4,7,3
2013450006808,3,9,0,3,0,1,0,0,0,0,1,1,6,2,6,1796,1,6,5,2
2013450006808,4,9,0,3,0,1,0,0,0,0,1,1,6,1,6,998,1,2,10,1
2013450006814,1,9,0,6,0,0,0,0,0,0,3,1,2,1,6,2179,2,-1,10,1
2013450006814,2,5,0,18,0,0,0,0,0,0,1,1,6,1,6,599,1,5,10,1
2013450006815,1,9,0,3,0,1,0,0,0,0,2,1,2,1,9,3199,1,15,5,1
2013450006815,2,9,0,3,0,1,0,0,0,0,2,1,6,2,10,1299,1,7,9,3
2013450006815,3,19,0,18,0,1,0,0,0,0,1,1,1,1,6,2402,2,11,10,1
2013450006817,1,1,0,18,0,0,0,0,0,0,3,1,6,1,7,-1,-1,-1,5,1
2013450006817,2,19,0,13,0,0,0,0,0,0,4,1,6,1,-1,2402,2,5,4,1
2013450006831,1,9,0,18,0,8,1,0,7,0,3,1,6,1,5,1240,1,10,10,1
2013450006831,2,9,0,5,0,6,0,0,0,0,4,1,6,2,8,1248,2,8,9,3
2013450006837,1,19,0,1,0,0,0,0,0,0,2,1,1,1,7,2198,2,3,-1,-1
2013450006837,2,5,0,3,0,0,0,0,0,0,1,1,2,1,8,599,1,2,10,3
2013450006837,3,19,0,18,0,0,0,0,0,0,0,1,6,1,5,2148,2,8,2,1
2013450006844,1,2,0,18,0,1,1,0,0,0,4,1,6,1,4,49,1,2,9,2
2013450006845,1,9,0,8,0,6,0,0,0,0,4,1,1,1,8,2987,2,7,4,1
2013450006845,2,1,0,18,5,8,0,0,0,0,1,1,6,1,7,-1,-1,-1,9,1
2013450006846,1,1,0,18,0,0,0,0,0,0,0,1,6,2,7,-1,-1,-1,5,1
2013450006855,1,9,0,18,0,0,0,0,0,0,4,1,6,1,7,1686,2,1,7,1
2013450006855,2,9,0,12,0,0,0,0,0,0,3,1,6,1,9,1598,1,7,2,1
2013450006856,1,9,0,3,0,2,0,0,0,0,3,1,6,2,6,1124,1,9,9,1
2013450006856,2,9,0,3,0,2,0,0,0,0,2,1,6,3,-1,998,1,14,-1,-1
2013450006857,1,9,0,18,0,8,0,0,0,0,3,1,6,2,6,1587,1,5,9,1
2013450006857,2,19,0,11,0,8,0,0,0,0,4,1,6,1,-1,2446,2,17,9,2
2013450006861,1,9,0,18,0,0,5,4,0,0,3,1,6,1,6,996,1,1,10,1
2013450006861,2,9,0,2,0,0,0,0,0,0,3,1,6,1,6,1997,2,12,6,1
2013450006862,1,9,0,18,0,0,1,0,4,0,2,1,6,1,10,2148,2,4,6,1
2013450006862,2,9,0,18,0,0,0,0,0,0,2,1,6,1,10,1598,2,1,5,1
2013450006862,3,9,0,18,0,0,0,0,0,0,1,1,6,1,8,2993,2,2,10,1
2013450006863,1,9,0,9,0,6,0,0,0,0,1,1,6,2,5,1834,1,16,10,1
2013450006863,2,9,0,14,0,1,0,0,0,0,1,1,1,1,7,1753,2,3,7,1
2013450006868,1,9,0,18,0,1,1,6,1,10,4,1,6,1,6,1995,2,1,10,1
2013450006869,1,9,0,9,0,8,0,0,0,0,1,1,6,1,5,1198,1,4,9,3
2013450006869,2,9,0,18,0,8,0,0,0,0,1,1,6,2,10,-1,-1,-1,6,3
2013450006874,1,1,0,18,0,8,2,0,0,0,4,1,2,2,6,-1,-1,-1,5,1
2013450006874,2,9,0,9,0,6,0,0,0,0,1,1,6,1,10,1086,1,5,10,1
2013450006878,1,9,0,9,0,1,0,0,0,0,3,1,6,2,7,1242,1,10,6,1
2013450006878,2,9,0,14,0,1,0,0,0,0,4,1,6,1,7,1560,2,6,5,1
2013450006880,1,9,0,18,0,1,1,0,0,0,4,1,6,1,5,1199,1,12,6,1
2013450006880,2,9,0,18,0,1,0,0,0,0,3,1,6,2,11,1339,1,6,10,1
2013450006881,1,9,0,18,0,0,0,0,7,0,1,1,6,1,11,1086,1,10,9,1
2013450006883,1,9,0,5,0,1,0,0,0,0,3,1,6,2,8,1991,2,6,10,1
2013450006885,1,9,0,9,0,5,0,0,0,0,1,1,6,2,8,1598,1,12,10,1
2013450006885,2,9,0,18,0,1,0,0,0,0,4,1,6,2,4,1124,1,11,4,1
2013450006886,1,9,0,17,0,0,0,0,0,0,2,1,6,1,6,1995,2,11,2,1
2013450006886,2,9,0,17,0,0,0,0,0,0,1,1,1,1,6,-1,-1,-1,9,1
2013450006888,1,1,0,5,0,1,0,0,0,0,1,1,1,2,6,-1,-1,-1,9,1
2013450006888,2,9,0,5,0,1,0,0,0,0,4,1,6,1,7,1246,1,9,9,1
2013450006892,1,9,0,18,0,0,5,0,0,0,1,1,6,1,5,1598,1,6,7,1
2013450006892,2,20,0,18,0,0,0,0,0,0,3,1,1,1,9,-1,-1,-1,3,1
2013450006893,1,21,1,18,0,2,0,0,0,0,1,1,6,1,9,12419,2,2,9,1
2013450006896,1,9,0,18,0,8,0,0,0,0,4,1,6,1,5,1390,1,6,9,1
2013450006896,2,9,0,9,0,1,0,0,0,0,1,1,6,1,7,1149,1,16,10,1
2013450006905,1,9,0,9,0,1,0,0,0,0,1,1,6,2,10,1149,1,10,9,1
2013450006905,2,9,0,8,0,1,0,0,0,0,1,1,2,2,7,1595,1,13,3,1
2013450006911,1,1,0,18,0,8,0,0,0,0,3,1,6,1,3,-1,-1,-1,3,1
2013450006911,2,9,0,7,0,3,0,0,0,0,4,1,6,3,-1,-1,-1,-1,-1,-1
2013450006913,1,19,0,3,0,1,0,0,0,0,4,1,6,1,6,3920,2,7,3,1
2013450006913,2,1,0,3,0,1,0,0,0,0,4,1,6,1,6,-1,-1,-1,10,1
2013450006920,1,9,0,4,0,0,0,0,0,0,1,1,6,2,6,1596,1,11,6,1
2013450006920,2,9,0,4,0,0,0,0,0,0,2,1,6,1,7,1796,1,6,3,1
2013450006921,1,9,0,4,0,0,0,0,0,0,1,1,6,1,7,3980,1,19,9,1
2013450006923,1,9,0,3,0,0,0,0,0,0,2,1,6,1,7,3246,1,11,9,1
2013450006923,2,9,0,3,0,0,0,0,0,0,2,1,6,2,6,1995,1,13,10,3
2013450006923,3,9,0,4,0,0,0,0,0,0,2,1,6,1,6,1870,2,8,9,1
2013450006923,4,9,0,4,0,0,1,0,0,0,1,1,6,2,8,1598,1,12,7,1
2013450006924,1,5,0,17,0,1,0,0,0,0,3,1,1,1,6,893,1,18,5,1
2013450006925,1,9,0,18,0,0,0,0,0,0,2,1,2,2,9,1360,1,10,8,1
2013450006925,2,5,0,18,0,0,1,0,1,0,1,1,2,1,5,600,1,13,9,1
2013450006927,1,9,0,9,0,0,0,0,0,0,1,1,2,2,8,1699,1,7,9,1
2013450006927,2,1,0,15,0,0,0,0,0,0,3,1,6,1,-1,-1,-1,-1,-1,-1
2013450006928,1,9,0,16,0,0,2,0,0,0,3,1,2,1,5,1984,1,11,9,3
2013450006929,1,9,0,16,0,0,2,0,1,0,1,1,2,1,5,1388,1,8,10,2
2013450006933,1,11,0,15,0,0,0,0,0,0,0,1,1,1,6,4500,2,5,6,2
2013450006933,2,9,0,7,0,0,0,0,0,0,0,1,6,1,7,2180,2,18,8,1
2013450006935,1,9,0,9,0,6,0,0,0,0,1,1,3,2,9,2967,1,8,10,1
2013450006935,2,9,0,18,0,1,0,0,0,0,1,1,6,1,5,1796,1,7,7,3
2013450006940,1,9,0,1,0,0,0,0,1,0,2,1,6,1,10,1390,1,12,7,1
2013450006940,2,9,0,2,0,0,0,0,0,0,1,1,6,1,10,1600,1,2,7,1
2013450006942,1,9,0,9,0,1,0,0,0,0,4,1,6,2,7,1388,1,7,7,1
2013450006942,2,9,0,18,0,1,0,0,0,0,1,1,6,1,7,1497,8,8,9,1
2013450006943,1,9,0,3,0,1,0,0,0,0,2,1,2,1,6,2290,1,7,9,1
2013450006943,2,9,0,18,0,1,0,0,0,0,1,1,6,1,6,1560,2,7,2,1
2013450006946,1,9,0,18,0,1,0,0,0,0,2,1,6,1,6,1560,2,1,8,1
2013450006946,2,9,0,18,0,1,0,0,0,0,2,1,6,1,7,998,1,-1,3,1
2013450006946,3,9,0,18,0,1,1,0,0,0,1,1,6,1,7,1796,1,2,6,1
2013450006947,1,9,0,9,0,6,0,0,0,0,1,1,6,2,7,1339,1,1,9,1
2013450006947,2,9,0,18,0,1,0,0,0,0,1,1,6,2,6,-1,-1,-1,9,3
2013450006949,1,9,0,18,0,0,1,0,1,6,3,1,1,1,7,1796,1,6,3,1
2013450006951,1,9,0,9,0,6,0,0,0,0,3,1,2,1,5,1597,1,16,7,1
2013450006951,2,9,0,18,0,1,0,0,0,0,1,1,2,1,8,2231,2,5,8,3
2013450006953,1,9,0,3,0,1,0,0,0,0,2,1,6,1,8,1679,1,11,7,1
2013450006953,2,9,0,3,0,1,0,0,0,0,2,1,6,1,7,1798,1,8,9,1
2013450006953,3,9,0,4,0,1,0,0,0,0,1,1,6,1,10,-1,-1,-1,10,1
2013450006954,1,9,0,18,0,1,0,0,0,0,1,1,6,1,-1,-1,-1,-1,-1,-1
2013450006955,1,9,0,18,0,0,0,0,0,0,4,1,6,1,8,1995,2,5,10,1
2013450006962,1,9,0,17,0,0,2,0,7,0,1,1,6,1,5,1149,1,9,7,3
2013450006974,1,9,0,18,0,0,1,0,0,0,1,1,6,2,5,-1,-1,-1,8,1
2013450006974,2,9,0,18,0,0,0,0,0,0,0,1,6,3,-1,-1,-1,-1,-1,-1
2013450006976,1,9,0,11,0,0,0,0,0,0,0,1,6,3,-1,-1,-1,-1,-1,-1
2013450006976,2,9,0,18,0,0,1,0,0,0,2,1,6,1,9,-1,-1,-1,4,1
2013450006976,3,9,0,18,0,0,1,0,0,0,1,1,6,2,6,2993,2,2,2,1
2013450006976,4,9,0,18,0,0,1,0,0,0,1,1,6,1,7,1968,2,-1,10,1
2013450006979,1,9,0,9,0,8,0,0,0,0,3,1,2,2,5,1596,1,4,6,1
2013450006979,2,9,0,18,0,1,0,0,0,0,1,1,2,2,6,1984,1,4,5,1
2013450006980,1,9,0,5,0,4,0,0,0,0,1,1,6,1,9,1368,1,4,10,1
2013450006980,2,1,0,18,0,8,0,0,0,0,2,1,6,1,8,-1,-1,-1,10,1
2013450006986,1,9,0,5,0,1,0,0,0,0,1,1,6,1,6,3199,1,13,10,1
2013450006986,2,3,0,6,0,1,0,0,0,0,2,1,6,1,4,125,1,6,6,1
2013450006989,1,1,0,18,0,0,0,0,0,0,0,1,6,1,8,-1,-1,-1,8,3
2013450006990,1,9,0,4,0,0,0,0,0,0,1,1,6,1,5,1242,1,2,6,1
2013450006990,2,9,0,4,0,0,0,0,0,0,2,1,6,1,5,1422,2,5,2,1
2013450006991,1,9,0,18,0,8,0,0,0,0,3,1,6,2,10,2148,2,11,10,1
2013450006992,1,1,0,9,0,6,0,0,0,0,3,1,6,1,4,-1,-1,-1,10,2
2013450006992,2,9,0,18,0,2,0,0,0,0,1,1,6,2,8,3311,8,8,8,2
2013450006996,1,9,0,3,0,0,0,0,0,0,2,1,6,2,5,1596,1,12,7,1
2013450006996,2,9,0,18,0,0,0,0,0,0,1,1,6,1,5,-1,-1,-1,10,1
2013450007000,1,9,0,15,0,0,1,0,0,0,4,1,6,1,5,1332,1,18,8,2
2013450007000,2,9,0,18,0,0,0,0,0,0,2,1,6,1,10,998,1,1,4,1
2013450007003,1,9,0,4,0,0,0,0,0,0,2,1,6,1,5,1896,2,10,7,3
2013450007003,2,1,0,18,0,0,1,0,0,0,1,1,6,2,8,-1,-1,-1,6,1