Accident_Index,Vehicle_Reference,Vehicle_Type,Towing_and_Articulation,Vehicle_Manoeuvre,Vehicle_Location-Restricted_Lane,Junction_Location,Skidding_and_Overturning,Hit_Object_in_Carriageway,Vehicle_Leaving_Carriageway,Hit_Object_off_Carriageway,1st_Point_of_Impact,Was_Vehicle_Left_Hand_Drive?,Journey_Purpose_of_Driver,Sex_of_Driver,Age_Band_of_Driver,Engine_Capacity_(CC),Propulsion_Code,Age_of_Vehicle,Driver_IMD_Decile,Driver_Home_Area_Type
2013450007343,1,9,0,18,0,1,0,0,0,0,4,1,6,2,6,1600,2,4,6,1
2013450007343,2,21,1,9,0,8,0,0,0,0,1,1,1,1,7,-1,-1,-1,-1,-1
2013450007345,1,9,0,4,0,0,0,0,0,0,3,1,1,1,7,-1,-1,-1,7,1
2013450007345,2,5,0,18,0,0,5,0,0,0,1,1,6,1,8,1352,1,7,9,1
2013450007345,3,9,0,4,0,0,0,0,0,0,4,1,6,1,6,-1,-1,-1,6,3
2013450007346,1,9,0,13,0,0,0,0,0,0,1,1,6,1,9,1796,1,10,9,1
2013450007346,2,9,0,18,0,0,0,0,0,0,3,1,6,1,11,1339,1,2,10,2
2013450007346,3,9,0,18,0,0,0,0,0,0,1,1,6,1,6,1397,1,3,8,1
2013450007349,1,9,0,18,0,0,5,4,0,0,1,1,6,1,7,1840,1,16,8,2
2013450007349,2,9,0,2,0,0,0,0,0,0,2,1,6,1,7,1997,2,6,10,2
2013450007350,1,9,0,18,0,8,0,0,0,0,4,1,6,1,5,1995,2,3,10,1
2013450007350,2,9,0,18,0,8,0,0,0,0,1,1,6,2,10,1398,1,2,3,1
2013450007351,1,9,0,7,0,8,0,7,0,0,1,1,6,2,4,998,1,9,10,1
2013450007353,1,19,0,18,0,0,0,0,0,0,1,1,6,1,6,2402,2,2,3,1
2013450007353,2,9,0,18,0,0,0,0,0,0,1,1,6,1,8,1560,2,5,10,1
2013450007356,1,9,0,3,0,1,0,0,0,0,2,1,6,2,6,1796,1,3,4,1
2013450007356,2,9,0,3,0,1,0,0,0,0,2,1,6,1,5,1149,1,4,10,1
2013450007356,3,9,0,18,0,1,0,0,0,0,1,1,1,1,10,-1,-1,-1,4,1
2013450007357,1,9,0,18,0,1,0,0,0,0,1,1,6,1,8,1998,2,11,6,1
2013450007357,2,9,0,10,0,1,0,0,0,0,2,1,6,1,6,1968,2,7,6,1
2013450007359,1,21,1,18,0,0,0,0,0,0,3,1,1,1,6,12777,2,5,3,1
2013450007359,2,9,0,18,0,0,0,0,0,0,4,1,6,2,8,1968,2,-1,6,1
2013450007359,3,9,0,18,0,0,0,0,0,0,1,1,1,1,7,2987,2,-1,7,1
2013450007359,4,9,0,18,0,0,0,0,0,0,1,1,6,2,10,1595,1,16,4,1
2013450007362,1,9,0,17,0,1,0,0,0,0,4,1,1,1,5,1998,2,8,10,1
2013450007362,2,9,0,17,0,1,0,0,0,0,3,1,6,2,6,1598,1,9,5,1
2013450007363,1,5,0,1,0,1,2,0,0,0,1,1,2,1,6,1100,1,16,6,1
2013450007363,2,9,0,9,0,6,0,0,0,0,3,1,6,2,8,2987,2,7,10,1
2013450007364,1,9,0,9,0,1,0,0,0,0,1,1,6,1,6,1598,1,5,10,1
2013450007364,2,9,0,17,0,8,1,0,1,0,2,1,6,1,11,1584,1,6,10,1
2013450007367,1,9,0,18,0,1,0,0,0,0,4,1,2,1,4,1250,1,15,4,1
2013450007367,2,9,0,9,0,5,0,0,0,0,3,1,2,1,9,1461,2,3,10,1
2013450007368,1,9,0,18,0,1,0,0,0,0,1,1,6,1,7,1598,1,9,10,1
2013450007372,1,9,0,5,0,6,0,0,0,0,1,1,1,2,5,1956,2,2,10,1
2013450007372,2,5,0,18,0,1,5,0,0,0,1,1,6,1,7,599,1,13,8,3
2013450007374,1,1,0,18,0,0,5,0,0,0,1,1,6,1,9,-1,-1,-1,7,1
2013450007377,1,9,0,17,0,0,2,0,1,0,2,1,6,1,5,-1,-1,-1,8,3
2013450007379,1,9,0,17,0,0,2,0,2,0,1,1,6,2,4,1229,1,5,10,1
2013450007381,1,9,0,16,0,0,1,0,1,0,4,1,6,1,7,1995,2,11,5,1
2013450007385,1,1,0,18,0,0,0,0,0,0,0,1,6,1,10,-1,-1,-1,6,1
2013450007388,1,9,0,8,0,1,0,0,0,0,1,1,6,1,10,1386,1,4,10,1
2013450007390,1,9,0,18,0,0,0,0,0,0,4,1,6,1,8,1798,8,-1,10,1
2013450007398,1,9,0,3,0,4,0,0,0,0,4,1,6,2,7,2149,2,6,6,1
2013450007398,2,1,0,18,0,4,0,0,0,0,1,1,6,1,-1,-1,-1,-1,8,1
2013450007399,1,2,0,18,0,1,2,0,0,0,1,1,2,1,4,49,1,2,4,1
2013450007399,2,9,0,5,0,1,0,0,0,0,1,1,6,1,5,1388,1,14,7,1
2013450007404,1,21,1,12,0,0,0,0,0,0,3,1,6,3,-1,-1,-1,-1,-1,-1
2013450007404,2,9,0,18,0,0,1,0,1,0,4,1,6,2,8,1364,1,6,3,1
2013450007408,1,5,0,18,0,1,1,0,0,0,3,1,6,1,7,998,1,13,1,1
2013450007409,1,1,0,18,0,1,1,0,0,0,1,1,6,2,8,-1,-1,-1,4,1
2013450007410,1,9,0,16,0,1,0,0,0,0,1,1,6,2,9,1596,1,13,8,1
2013450007415,1,9,0,17,0,0,0,0,0,0,1,1,6,3,-1,-1,-1,-1,-1,-1
2013450007415,2,9,0,16,0,0,2,0,1,0,1,1,6,1,4,1199,1,11,6,1
2013450007417,1,1,0,18,0,4,0,0,0,0,0,1,6,1,6,-1,-1,-1,9,1
2013450007417,2,9,0,9,0,3,0,0,0,0,0,1,6,2,9,1997,1,-1,10,1
2013450007418,1,9,0,18,0,0,0,0,0,0,1,1,6,1,5,1396,1,9,2,1
2013450007418,2,9,0,18,0,0,0,0,0,0,2,1,6,2,7,1598,1,13,5,1
2013450007418,3,9,0,18,0,0,0,0,0,0,2,1,1,2,6,1299,1,12,5,1
2013450007421,1,9,0,10,0,1,0,0,0,0,2,1,1,1,9,-1,-1,-1,8,1
2013450007421,2,9,0,10,0,1,0,0,0,0,2,1,6,2,7,1598,1,4,7,3
2013450007421,3,9,0,18,0,1,1,0,0,0,1,1,1,1,9,-1,-1,-1,9,3
2013450007422,1,5,0,3,0,2,2,0,1,0,1,1,6,1,9,750,1,49,10,1
2013450007422,2,9,0,11,0,7,0,0,0,0,4,1,6,1,10,1799,1,3,10,1
2013450007423,1,9,0,17,0,0,1,0,0,0,1,1,6,1,11,1997,1,11,2,1
2013450007424,1,9,0,18,0,0,0,0,0,0,1,1,6,1,4,973,1,11,6,1
2013450007424,2,9,0,3,0,0,0,0,0,0,2,1,6,1,8,1997,2,6,9,1
2013450007425,1,9,0,18,0,0,0,0,0,0,0,1,6,3,-1,-1,-1,-1,-1,-1
2013450007425,2,9,0,18,0,0,0,0,0,0,1,1,6,2,8,1390,1,10,6,1
2013450007427,1,9,0,13,0,1,0,0,0,0,4,1,1,1,6,1560,2,1,-1,-1
2013450007427,2,9,0,9,0,5,0,0,0,0,3,1,6,2,5,1388,1,11,7,1
2013450007428,1,9,0,5,0,6,0,0,0,0,1,1,6,2,8,1598,1,6,4,1
2013450007428,2,1,0,18,9,1,0,0,0,0,3,1,6,2,9,-1,-1,-1,4,1
2013450007430,1,9,0,18,0,0,0,0,0,0,1,1,6,2,8,1388,1,3,10,1
2013450007430,2,1,0,11,0,0,0,0,0,0,1,1,6,2,2,-1,-1,-1,6,1
2013450007433,1,9,0,18,0,0,0,0,0,0,0,1,6,2,10,1360,1,15,7,3
2013450007435,1,9,0,3,0,1,0,0,0,0,3,1,2,1,7,1997,2,10,5,1
2013450007435,2,19,0,18,0,1,0,0,0,0,1,1,1,1,-1,2198,2,1,-1,-1
2013450007436,1,9,0,8,0,1,0,0,0,0,3,1,6,1,5,1781,1,14,10,1
2013450007436,2,9,0,7,0,1,0,0,0,0,1,1,6,3,-1,-1,-1,-1,-1,-1
2013450007437,1,5,0,18,0,0,1,0,0,0,1,1,6,1,8,499,1,19,-1,-1
2013450007438,1,9,0,4,0,1,0,0,0,0,1,1,6,2,6,-1,-1,-1,6,1
2013450007442,1,9,0,18,0,0,0,0,0,0,1,1,6,2,7,1598,1,13,7,1
2013450007444,1,9,0,12,0,0,0,0,5,0,1,1,6,2,4,1124,1,10,4,1
2013450007445,1,9,0,3,0,4,0,0,0,0,1,1,6,2,8,1598,1,11,5,1
2013450007445,2,9,0,3,0,3,0,0,0,0,2,1,6,1,6,2231,2,7,6,1
2013450007446,1,9,0,18,0,7,0,0,0,0,0,1,6,1,7,1598,2,2,5,1
2013450007446,2,9,0,18,0,7,0,0,0,0,2,1,6,1,7,1997,2,-1,9,1
2013450007446,3,9,0,18,0,7,0,0,0,0,1,1,6,2,6,1997,1,10,10,1
2013450007447,1,9,0,9,0,0,0,0,0,0,1,1,1,1,9,1896,2,5,9,3
2013450007447,2,3,0,18,4,0,5,0,0,0,1,1,2,1,5,124,1,-1,8,1
2013450007449,1,9,0,18,0,8,0,0,0,0,4,1,6,2,7,1299,1,9,8,1
2013450007450,1,1,0,18,0,0,5,0,0,0,1,1,6,2,8,-1,-1,-1,9,1
2013450007451,1,9,0,18,0,0,0,0,0,0,4,1,6,1,-1,-1,-1,-1,-1,-1
2013450007453,1,90,0,2,0,1,0,0,0,0,0,1,1,1,7,6370,2,2,6,1
2013450007453,2,5,0,7,0,2,0,0,0,0,3,1,1,1,6,675,1,2,10,1
2013450007454,1,3,0,15,0,0,2,10,1,10,4,1,2,1,4,124,1,4,10,2
2013450007454,2,9,0,10,0,0,0,0,0,0,0,1,6,1,-1,-1,-1,-1,-1,-1
2013450007455,1,9,0,18,0,1,1,0,0,0,1,1,6,1,7,2488,7,10,9,1
2013450007455,2,9,0,9,0,2,0,0,0,0,1,1,6,1,8,1998,2,11,10,2
2013450007457,1,9,0,4,0,1,0,0,0,0,1,1,2,1,6,1298,1,14,6,1
2013450007457,2,9,0,9,0,5,0,0,0,0,3,1,2,1,8,1396,1,11,3,1
2013450007458,1,19,0,9,0,0,0,0,0,0,1,1,1,1,6,1896,2,5,7,1
2013450007458,2,3,0,16,0,0,0,0,0,0,4,1,6,1,10,-1,-1,-1,6,1
2013450007459,1,9,0,9,0,5,0,0,0,0,1,1,1,1,8,-1,-1,-1,6,3
2013450007460,1,3,0,4,0,1,5,0,0,0,1,1,6,1,4,125,1,8,7,1
2013450007460,2,9,0,10,0,5,0,0,0,0,2,1,6,2,6,1587,1,9,6,1
2013450007462,1,9,0,5,0,8,0,0,0,0,1,1,1,1,8,-1,-1,-1,9,1
2013450007462,2,9,0,4,0,8,0,0,0,0,2,1,1,2,6,1560,2,1,3,1
2013450007463,1,9,0,9,0,1,0,0,0,0,1,1,6,2,6,1198,1,2,5,1
2013450007464,1,9,0,9,0,1,0,0,0,0,3,1,6,2,5,1968,2,-1,10,1
2013450007464,2,9,0,18,0,1,0,0,0,0,1,1,6,2,7,1560,2,8,8,1
2013450007465,1,9,0,18,0,0,0,11,0,0,2,1,6,2,4,1598,1,9,9,3
2013450007465,2,19,0,18,0,0,0,0,0,0,1,1,6,1,6,2188,2,12,4,1
2013450007466,1,9,0,18,0,0,5,4,0,0,1,1,1,2,4,1299,1,12,10,1
2013450007466,2,9,0,2,0,0,0,0,0,0,2,1,6,2,9,1598,1,4,6,1
2013450007467,1,9,0,5,0,1,0,0,0,0,2,1,1,1,6,998,1,1,6,1
2013450007467,2,9,0,5,0,1,0,0,0,0,1,1,2,1,7,2720,2,7,9,1
2013450007468,1,9,0,18,0,1,0,0,0,0,2,1,1,1,6,1598,1,3,4,1
2013450007468,2,9,0,10,0,5,0,0,0,0,1,1,6,1,7,1584,1,12,9,1
2013450007469,1,9,0,7,0,0,0,0,0,0,3,1,2,1,6,1596,1,5,9,1
2013450007469,2,1,0,18,0,0,0,0,0,0,1,1,6,1,7,-1,-1,-1,-1,-1
2013450007470,1,9,0,16,0,3,0,0,0,0,4,1,2,2,6,1968,2,1,10,1
2013450007470,2,5,0,17,0,8,2,0,0,0,3,1,6,1,9,1199,1,3,5,1
2013450007471,1,9,0,12,0,0,0,0,0,0,0,1,6,1,-1,-1,-1,-1,-1,-1
2013450007471,2,9,0,18,0,0,1,10,1,0,2,1,2,2,6,1386,1,4,9,1
2013450007471,3,21,1,18,0,0,0,0,0,0,0,1,6,1,-1,-1,-1,-1,-1,-1
2013450007473,1,9,0,18,0,1,0,0,0,0,4,1,2,1,6,-1,-1,-1,8,1
2013450007473,2,1,0,18,0,1,5,0,0,0,1,1,4,1,3,-1,-1,-1,10,1
2013450007474,1,5,0,5,0,0,0,0,0,0,3,1,6,1,5,124,1,11,4,1
2013450007474,2,9,0,18,0,0,0,0,0,0,1,1,6,1,11,-1,-1,-1,9,1
2013450007477,1,9,0,18,0,0,0,0,0,0,4,1,6,2,9,1598,1,3,10,1
2013450007483,1,9,0,18,0,0,5,0,7,0,1,1,6,1,6,1390,1,18,4,1
2013450007483,2,9,0,2,0,0,0,0,0,0,2,1,6,1,4,1390,1,9,10,3
2013450007484,1,9,0,18,0,0,0,0,2,7,4,1,6,2,5,1390,1,6,8,1
2013450007487,1,9,0,13,0,0,0,0,0,0,3,1,6,1,7,1995,2,8,10,2
2013450007487,2,20,0,16,0,0,0,0,0,0,3,1,2,1,5,4116,2,7,7,1
2013450007490,1,9,0,18,0,1,0,0,1,0,2,1,1,2,6,2521,1,6,10,1
2013450007491,1,1,0,18,0,8,0,0,0,0,3,1,6,1,7,-1,-1,-1,10,1
2013450007491,2,9,0,7,0,8,0,0,0,0,4,1,6,2,7,1198,1,-1,8,1
2013450007492,1,9,0,18,0,8,0,6,8,0,1,1,6,2,6,1590,1,11,4,1
2013450007493,1,9,0,4,0,1,0,0,0,0,1,1,6,1,-1,1968,2,3,6,1
2013450007493,2,1,0,10,0,5,0,0,0,0,2,1,2,1,6,-1,-1,-1,9,1
2013450007494,1,21,4,18,0,0,0,0,0,0,1,1,1,1,9,-1,-1,-1,-1,-1
2013450007494,2,9,0,18,0,0,0,0,0,0,2,1,6,2,9,1995,2,2,7,3
2013450007496,1,90,0,18,0,8,0,0,0,0,0,1,1,3,-1,-1,-1,-1,-1,-1
2013450007496,2,9,0,5,0,7,0,0,0,0,2,1,6,1,6,2995,1,11,3,1
2013450007496,3,9,0,5,0,7,0,0,0,0,1,1,6,1,7,-1,-1,-1,5,1
2013450007499,1,1,0,18,0,8,0,0,0,0,4,1,6,1,5,-1,-1,-1,6,1
2013450007499,2,19,0,5,0,4,0,0,0,0,1,1,1,1,9,2460,2,6,10,1
2013450007500,1,9,0,16,0,2,0,0,0,0,1,1,6,2,11,998,1,4,10,1
2013450007502,1,1,0,18,0,1,0,0,0,0,1,1,6,1,4,-1,-1,-1,9,2
2013450007502,2,9,0,9,0,6,0,0,0,0,3,1,6,3,-1,-1,-1,-1,-1,-1
2013450007505,1,1,0,18,0,1,0,0,0,0,1,1,6,1,3,-1,-1,-1,9,1
2013450007505,2,9,0,9,0,1,0,0,0,0,1,1,6,2,7,1968,2,2,7,1
2013450007507,1,9,0,11,0,0,5,0,1,0,3,1,6,2,9,1248,1,3,10,1
2013450007508,1,1,0,7,0,5,0,0,0,0,3,1,6,1,5,-1,-1,-1,7,1
2013450007508,2,9,0,18,0,1,0,0,0,0,4,1,6,3,-1,-1,-1,-1,-1,-1
2013450007509,1,9,0,4,0,0,0,0,0,0,2,1,2,1,7,1948,1,12,5,1
2013450007509,2,9,0,4,0,0,0,0,0,0,1,1,6,1,9,1390,1,10,9,1
2013450007509,3,9,0,11,0,0,0,0,0,0,0,1,6,1,-1,-1,-1,-1,-1,-1
2013450007512,1,9,0,9,0,5,0,0,0,0,1,1,2,2,6,1248,1,1,9,2
2013450007512,2,9,0,7,0,5,0,0,0,0,3,1,2,1,8,2435,1,17,9,1
2013450007516,1,1,0,4,0,3,0,0,0,0,2,1,6,1,6,-1,-1,-1,-1,-1
2013450007516,2,9,0,18,0,8,0,0,0,0,1,1,6,3,-1,-1,-1,-1,-1,-1
2013450007517,1,9,0,9,0,4,0,0,0,0,1,1,6,2,6,1997,2,4,6,1
2013450007517,2,1,0,9,0,4,0,0,0,0,1,1,6,1,3,-1,-1,-1,9,1
2013450007519,1,9,0,3,0,0,0,0,0,0,1,1,1,1,6,-1,-1,-1,2,1
2013450007519,2,9,0,18,0,0,0,0,0,0,2,1,6,1,8,1796,1,-1,5,1
2013450007521,1,9,0,9,0,5,0,0,0,0,1,1,3,2,8,1896,2,9,3,1
2013450007521,2,1,0,18,0,8,0,0,0,0,1,1,6,1,7,-1,-1,-1,10,1
2013450007528,1,9,0,16,0,2,0,0,7,0,3,2,6,1,4,-1,-1,-1,6,1
2013450007528,2,9,0,17,0,1,0,0,1,0,3,1,6,2,8,1598,2,1,10,1
2013450007530,1,5,0,18,0,1,1,0,0,0,3,1,6,1,5,599,1,14,6,1
2013450007530,2,9,0,18,0,1,0,0,0,0,4,1,6,3,-1,-1,-1,-1,-1,-1
2013450007532,1,9,0,18,0,0,0,0,0,0,1,1,6,2,7,2401,2,10,6,1
2013450007532,2,9,0,2,0,0,0,0,0,0,3,1,6,2,7,2184,2,10,6,1
2013450007532,3,9,0,2,0,0,0,0,0,0,3,1,6,1,8,1598,1,-1,5,1
2013450007532,4,9,0,2,0,0,0,0,0,0,2,1,6,1,11,2959,1,24,6,1
2013450007532,5,19,0,2,0,0,0,0,0,0,2,1,6,1,11,-1,-1,-1,6,1
2013450007534,1,9,0,3,0,0,0,0,0,0,1,1,6,2,6,1796,1,3,7,1
2013450007534,2,9,0,3,0,0,0,0,0,0,2,1,6,2,6,1598,2,-1,4,1
2013450007534,3,9,0,3,0,0,0,0,0,0,2,1,6,2,8,1598,1,4,8,1
2013450007536,1,1,0,16,0,0,0,0,0,0,1,1,6,2,9,-1,-1,-1,10,2
2013450007536,2,9,0,17,0,0,0,0,0,0,3,1,6,1,8,1998,1,10,10,1
2013450007537,1,5,0,18,0,0,1,0,0,0,1,1,6,1,5,749,1,9,10,1
2013450007538,1,9,0,3,0,1,0,0,0,0,2,1,6,1,8,5998,1,6,10,1
2013450007538,2,9,0,3,0,1,0,0,0,0,1,1,6,1,8,1597,1,14,3,1
2013450007538,3,9,0,18,0,2,0,0,0,0,0,1,1,1,8,1753,2,3,-1,-1
2013450007539,1,1,0,18,0,0,0,0,0,0,1,1,6,1,3,-1,-1,-1,-1,-1
2013450007544,1,9,0,9,0,8,0,0,0,0,1,1,6,1,-1,-1,-1,-1,-1,-1
2013450007553,1,9,0,18,0,0,0,0,0,0,1,1,2,1,6,1781,1,10,10,1
2013450007554,1,1,0,18,0,2,0,0,0,0,2,1,6,2,7,-1,-1,-1,9,1
2013450007554,2,9,0,18,0,2,0,0,0,0,1,1,6,3,-1,-1,-1,-1,-1,-1
2013450007559,1,1,0,18,0,0,0,0,1,10,1,1,6,1,6,-1,-1,-1,4,1
2013450007562,1,11,0,5,0,1,0,0,0,0,0,1,1,1,8,4500,2,5,7,2
2013450007566,1,1,0,18,0,0,0,0,0,0,1,1,6,1,8,-1,-1,-1,7,1
2013450007567,1,9,0,18,0,1,0,0,0,0,1,1,6,2,6,1900,2,14,10,1
2013450007567,2,9,0,3,0,2,0,0,0,0,2,1,6,2,8,1339,1,1,10,1
2013450007573,1,9,0,16,0,0,5,0,5,0,3,1,6,1,10,1968,2,-1,10,1
2013450007579,1,9,0,4,0,0,0,0,0,0,2,1,6,1,7,2198,2,6,10,2
2013450007579,2,9,0,4,0,0,0,0,0,0,2,1,6,2,7,1124,1,9,5,1
2013450007579,3,9,0,18,0,0,0,0,0,0,1,1,6,1,10,2521,2,4,9,3
2013450007581,1,9,0,18,0,1,0,0,7,0,1,1,2,1,9,2993,2,4,8,3
2013450007581,2,9,0,9,0,1,0,0,1,0,3,1,6,2,10,1461,2,3,9,3
2013450007582,1,1,0,18,0,0,0,0,7,0,1,1,1,1,7,-1,-1,-1,9,1
2013450007582,2,19,0,6,0,0,0,0,0,0,3,1,1,2,-1,2148,2,5,9,3
2013450007583,1,9,0,18,0,0,0,0,0,0,3,1,6,1,8,4398,1,6,10,3
2013450007583,2,20,0,18,0,0,0,0,0,0,1,1,6,1,8,6374,2,-1,2,1
2013450007584,1,9,0,18,0,0,0,0,0,0,1,1,6,1,6,1781,1,11,7,2
2013450007584,2,9,0,3,0,0,0,0,0,0,2,1,6,1,9,1598,1,11,10,1
2013450007584,3,9,0,3,0,0,0,0,0,0,2,1,6,1,8,998,1,4,10,1
2013450007586,1,9,0,18,0,0,0,4,0,0,4,1,6,1,11,2435,1,8,10,3
2013450007586,2,9,0,2,0,0,0,0,1,4,3,1,1,1,6,-1,-1,-1,10,1
2013450007587,1,9,0,9,0,8,0,0,0,0,4,1,6,1,4,1229,1,3,9,1
2013450007587,2,9,0,18,0,8,0,0,0,0,1,1,6,1,8,2488,2,6,10,1
2013450007588,1,9,0,18,0,0,1,0,2,0,4,1,6,2,7,2902,2,6,10,1
2013450007590,1,9,0,9,0,8,0,0,0,0,1,1,6,2,5,1984,1,12,7,1
2013450007590,2,9,0,18,0,1,0,0,0,0,1,1,3,2,6,-1,-1,-1,8,3
2013450007591,1,9,0,18,0,4,5,0,0,0,1,1,6,1,4,1229,1,-1,10,1
2013450007591,2,9,0,18,0,4,0,0,0,0,1,1,6,1,6,1896,2,10,6,1
2013450007592,1,19,0,18,0,0,0,0,0,0,2,1,1,1,7,1753,2,1,8,3
2013450007592,2,9,0,18,0,0,0,0,0,0,2,1,6,2,9,1968,2,4,9,3
2013450007592,3,9,0,18,0,0,0,0,0,0,1,1,6,2,6,1968,2,4,7,3
2013450007594,1,9,0,4,0,0,0,0,0,0,2,1,6,2,9,1587,1,10,10,1
2013450007594,2,9,0,18,0,0,0,0,0,0,1,1,6,2,6,1781,1,9,7,1
2013450007595,1,9,0,18,0,1,0,0,0,0,4,1,6,2,4,1753,2,13,9,1
2013450007595,2,9,0,7,0,2,0,0,0,0,1,1,6,2,7,1598,1,8,10,1
2013450007597,1,9,0,7,0,5,2,0,2,0,1,1,1,1,4,2793,1,13,10,1
2013450007598,1,9,0,7,0,8,0,0,0,0,1,1,6,2,7,1968,2,4,8,1
2013450007598,2,9,0,18,0,8,0,0,0,0,4,1,6,2,-1,1995,2,5,3,1
2013450007599,1,3,0,7,0,4,0,0,0,0,3,1,6,1,7,124,1,2,6,1
2013450007599,2,9,0,7,0,3,0,0,0,0,4,1,6,1,10,1242,1,2,9,1
2013450007601,1,9,0,9,0,0,0,0,0,0,1,1,1,1,9,2720,2,7,10,1
2013450007601,2,5,0,18,0,0,2,0,7,0,4,1,6,1,10,750,1,-1,8,1
2013450007603,1,21,0,18,0,0,5,0,0,0,4,1,6,1,7,11021,2,9,7,3
2013450007603,2,5,0,18,0,0,0,0,0,0,3,1,1,1,7,1300,1,14,6,1
2013450007612,1,9,0,18,0,5,0,0,0,0,3,1,6,2,6,1149,1,8,9,1
2013450007612,2,9,0,18,0,5,0,0,0,0,4,1,6,3,7,1968,2,8,8,1
2013450007616,1,9,0,4,0,1,2,0,0,0,3,1,6,1,6,-1,-1,-1,9,1
2013450007621,1,9,0,7,0,1,0,0,0,0,0,1,6,2,7,1229,1,5,9,1
2013450007621,2,1,0,7,0,1,0,0,0,0,0,1,6,1,8,-1,-1,-1,9,1
2013450007623,1,9,0,18,0,0,1,0,0,0,1,1,6,2,8,1390,1,13,4,1
2013450007623,2,9,0,18,0,0,0,0,0,0,2,1,6,1,9,1998,1,9,9,1
2013450007624,1,9,0,4,0,4,0,0,0,0,1,1,6,2,11,1400,2,7,10,1
2013450007624,2,9,0,18,0,8,0,0,1,0,4,1,6,1,7,1998,1,13,10,1
2013450007628,1,9,0,9,0,4,0,0,0,0,1,1,6,1,9,-1,-1,-1,10,1
2013450007628,2,5,0,9,0,8,0,0,0,0,4,1,6,1,5,1050,1,8,7,1
2013450007633,1,9,0,18,0,8,0,0,0,0,1,1,2,1,8,1686,2,2,7,1
2013450007633,2,9,0,9,0,8,0,0,0,0,2,1,2,2,6,1598,2,2,5,3
2013450007636,1,9,0,18,0,1,0,0,1,11,1,1,6,2,10,1493,1,21,9,1
2013450007639,1,9,0,18,0,0,0,0,0,0,1,1,6,1,6,1600,1,9,4,1
2013450007639,2,9,0,18,0,0,0,0,0,0,1,1,6,1,6,1598,1,10,9,1
2013450007639,3,9,0,18,0,0,0,0,0,0,2,1,6,1,6,1870,2,12,9,1
2013450007644,1,9,0,18,0,0,0,0,0,0,4,1,6,2,11,-1,-1,-1,8,1
2013450007648,1,9,0,18,0,8,0,0,1,0,3,1,6,1,7,1339,1,2,7,3
2013450007648,2,9,0,18,0,8,0,0,0,0,3,1,6,1,-1,-1,-1,-1,-1,-1
2013450007654,1,9,0,17,0,0,2,7,0,0,1,1,2,1,5,2521,1,7,9,1
2013450007657,1,5,0,18,0,0,0,0,7,9,1,1,6,1,6,600,1,-1,5,1
2013450007658,1,9,0,18,0,0,0,11,0,0,1,1,6,1,5,-1,-1,-1,6,3
2013450007660,1,3,0,2,0,1,0,0,0,0,0,1,6,1,4,108,1,3,4,1
2013450007662,1,9,0,9,0,6,0,0,0,0,1,1,6,2,9,1686,2,2,7,2
2013450007672,1,9,0,3,0,4,0,0,0,0,2,1,6,2,5,1124,1,8,8,1
2013450007672,2,9,0,5,0,4,0,0,0,0,1,1,6,2,11,1339,1,2,9,1
2013450007673,1,9,0,9,0,8,0,0,0,0,1,1,2,2,5,973,1,12,10,1
2013450007673,2,1,0,18,0,8,5,0,0,0,3,1,6,1,6,-1,-1,-1,10,1
2013450007678,1,9,0,18,0,0,0,0,0,0,1,1,6,2,5,1061,1,10,9,2
2013450007678,2,9,0,18,0,0,0,0,0,0,1,1,6,1,-1,1997,2,9,8,1
2013450007678,3,9,0,18,0,0,0,0,0,0,1,1,6,1,-1,1248,2,2,10,1
2013450007678,4,9,0,18,0,0,0,0,0,0,1,1,6,1,-1,1686,2,-1,-1,-1
2013450007679,1,1,0,18,0,8,0,0,0,0,1,1,6,1,7,-1,-1,-1,10,1
2013450007679,2,9,0,5,0,4,0,0,0,0,3,1,6,1,7,1997,2,6,7,1
2013450007680,1,19,0,18,0,0,0,0,0,0,1,1,6,1,7,2198,2,-1,10,1
2013450007688,1,4,0,7,0,1,2,0,0,0,3,1,6,1,7,200,1,34,8,1
2013450007691,1,9,0,18,0,0,2,0,1,0,3,1,6,2,6,1988,1,11,6,1
2013450007693,1,9,0,4,0,0,0,0,0,0,2,1,2,2,5,1296,1,6,4,1
2013450007693,2,9,0,4,0,0,0,0,0,0,1,1,2,2,5,1587,1,8,9,1
2013450007695,1,9,0,9,0,8,0,0,0,0,1,1,6,1,5,1896,2,4,2,1
2013450007695,2,9,0,8,0,8,0,0,0,0,1,1,6,1,8,3600,1,10,9,1
2013450007696,1,9,0,3,0,1,0,0,0,0,3,1,6,1,7,3222,2,9,6,1
2013450007696,2,9,0,10,0,1,0,0,0,0,1,1,6,1,4,1390,1,12,10,1
2013450007696,3,9,0,18,0,1,0,0,0,0,0,1,6,1,5,999,1,15,4,1
2013450007697,1,9,0,18,0,0,2,0,0,0,4,1,1,1,8,1998,1,10,7,1
2013450007697,2,9,0,18,0,0,0,0,0,0,1,1,1,1,9,1998,1,14,10,1
2013450007699,1,9,0,1,0,2,0,0,0,0,2,1,1,1,7,-1,-1,-1,-1,-1