Accident_Index,Vehicle_Reference,Vehicle_Type,Towing_and_Articulation,Vehicle_Manoeuvre,Vehicle_Location-Restricted_Lane,Junction_Location,Skidding_and_Overturning,Hit_Object_in_Carriageway,Vehicle_Leaving_Carriageway,Hit_Object_off_Carriageway,1st_Point_of_Impact,Was_Vehicle_Left_Hand_Drive?,Journey_Purpose_of_Driver,Sex_of_Driver,Age_Band_of_Driver,Engine_Capacity_(CC),Propulsion_Code,Age_of_Vehicle,Driver_IMD_Decile,Driver_Home_Area_Type
2013450007986,1,5,0,16,0,3,2,0,0,0,3,1,6,1,6,599,1,10,9,1
2013450007989,1,20,0,18,0,0,0,0,0,0,0,1,6,3,-1,-1,-1,-1,-1,-1
2013450007991,1,9,0,18,0,0,0,0,0,0,1,1,1,1,6,1796,1,4,7,2
2013450007992,1,9,0,18,0,1,0,0,0,0,1,1,1,1,7,1597,2,-1,7,1
2013450007992,2,9,0,18,0,1,0,0,0,0,3,1,6,2,7,3199,1,11,10,1
2013450007995,1,9,0,17,0,0,2,0,7,9,1,1,2,1,4,1360,1,12,10,1
2013450007997,1,9,0,18,0,1,0,0,0,0,1,1,6,2,5,1360,1,18,8,1
2013450007997,2,9,0,8,0,1,0,0,1,0,3,1,6,1,10,2495,2,12,9,3
2013450007998,1,19,0,18,0,0,0,7,0,0,4,1,2,1,6,2198,2,-1,3,1
2013450008002,1,9,0,18,0,8,0,0,0,0,3,1,6,1,9,1242,1,5,9,1
2013450008002,2,3,0,11,0,8,0,0,0,0,4,1,6,1,7,125,1,34,9,2
2013450008003,1,9,0,18,0,0,5,0,0,0,1,1,6,2,5,999,1,-1,9,1
2013450008003,2,9,0,18,0,0,0,0,0,0,2,1,6,1,7,1996,1,11,3,1
2013450008006,1,5,0,18,0,4,0,0,0,0,0,1,6,1,8,-1,-1,-1,-1,-1
2013450008008,1,9,0,9,0,6,0,0,0,0,1,1,6,2,9,1999,1,5,8,1
2013450008008,2,9,0,18,0,1,0,0,0,0,1,1,2,1,7,1242,1,15,8,2
2013450008012,1,9,0,2,0,0,0,0,0,0,3,1,1,1,6,1997,2,5,6,1
2013450008012,2,1,0,18,0,0,0,0,0,0,1,1,6,1,7,-1,-1,-1,9,1
2013450008014,1,3,0,18,0,8,0,0,0,0,1,1,6,1,5,125,1,11,5,1
2013450008014,2,9,0,9,0,6,0,0,0,0,4,1,6,1,9,1339,1,10,10,1
2013450008015,1,11,1,18,0,1,0,0,0,0,0,1,1,1,-1,6700,2,5,10,1
2013450008015,2,9,0,9,0,5,0,0,0,0,0,1,6,1,-1,1242,1,-1,4,1
2013450008016,1,1,0,18,9,0,0,0,0,0,4,1,6,1,11,-1,-1,-1,9,1
2013450008020,1,9,0,18,0,1,0,0,0,0,2,1,6,1,-1,1198,1,-1,-1,-1
2013450008020,2,9,0,18,0,1,0,0,0,0,1,1,6,1,9,1794,1,12,9,1
2013450008024,1,1,0,18,0,1,0,0,0,0,1,1,6,3,-1,-1,-1,-1,-1,-1
2013450008024,2,1,0,18,0,1,0,0,0,0,3,1,1,2,5,-1,-1,-1,10,1
2013450008030,1,9,0,16,0,0,2,0,1,9,0,1,2,2,4,-1,-1,-1,7,2
2013450008031,1,9,0,9,0,1,0,0,0,0,3,1,6,1,-1,-1,-1,-1,7,2
2013450008031,2,1,0,9,0,1,0,0,0,0,4,1,6,2,7,-1,-1,-1,9,3
2013450008035,1,9,0,9,0,6,0,0,0,0,1,1,6,2,9,1998,1,16,10,1
2013450008035,2,5,0,18,0,8,0,0,0,0,4,1,1,1,8,-1,-1,-1,7,1
2013450008036,1,9,0,9,0,8,0,0,0,0,3,1,6,1,11,2496,1,10,10,1
2013450008036,2,1,0,18,0,1,0,0,0,0,1,1,2,1,7,-1,-1,-1,6,2
2013450008039,1,19,0,2,0,0,0,0,0,0,3,1,6,1,-1,-1,-1,-1,-1,-1
2013450008039,2,5,0,14,0,0,0,0,0,0,4,1,6,1,8,988,1,9,3,1
2013450008040,1,9,0,6,0,0,0,0,0,0,2,1,6,2,6,2143,2,1,9,1
2013450008040,2,5,0,16,0,0,0,0,0,0,1,1,6,2,8,883,1,-1,10,1
2013450008041,1,9,0,18,0,4,0,0,0,0,4,1,6,1,8,1998,1,11,6,1
2013450008041,2,1,0,18,0,4,0,10,0,0,3,1,6,1,7,-1,-1,-1,7,1
2013450008044,1,9,0,17,0,0,0,0,1,0,1,1,6,2,9,1968,2,-1,9,1
2013450008056,1,9,0,4,0,1,0,0,0,0,1,1,6,1,4,1598,1,8,10,1
2013450008056,2,9,0,4,0,1,0,0,0,0,2,1,6,2,7,1598,1,17,4,1
2013450008058,1,9,0,17,0,0,0,0,0,0,3,1,6,2,9,796,1,10,2,2
2013450008058,2,19,0,16,0,0,0,0,0,0,3,1,6,3,-1,-1,-1,-1,-1,-1
2013450008061,1,21,1,18,0,0,1,0,0,0,4,1,1,1,9,12740,2,3,2,1
2013450008061,2,9,0,2,6,0,0,0,0,0,0,1,6,1,6,-1,-1,-1,2,1
2013450008066,1,9,0,18,0,4,0,0,0,0,1,1,6,2,6,1995,2,-1,9,1
2013450008066,2,9,0,8,0,3,0,0,0,0,2,1,6,1,8,-1,-1,-1,7,1
2013450008066,3,9,0,8,0,3,0,0,0,0,2,1,6,3,-1,-1,-1,-1,-1,-1
2013450008066,4,9,0,8,0,3,0,0,0,0,2,1,6,3,-1,-1,-1,-1,-1,-1
2013450008068,1,9,0,9,0,5,0,0,0,0,1,1,2,2,6,1598,2,1,5,1
2013450008068,2,9,0,18,0,1,0,0,0,0,3,1,2,1,6,1198,1,9,10,1
2013450008070,1,9,0,5,0,6,0,0,0,0,1,1,6,1,10,-1,-1,-1,7,1
2013450008070,2,9,0,4,0,1,0,0,0,0,1,1,2,1,8,1390,1,18,8,1
2013450008070,3,9,0,4,0,1,0,0,0,0,1,1,6,2,6,1198,1,7,10,1
2013450008071,1,9,0,18,0,0,0,0,0,0,1,1,6,1,-1,-1,-1,-1,-1,-1
2013450008071,2,1,0,4,0,0,0,0,0,0,2,1,6,1,4,-1,-1,-1,5,1
2013450008072,1,9,0,9,0,5,0,0,7,0,3,1,6,1,6,1598,1,10,9,1
2013450008072,2,9,0,13,0,8,0,0,7,0,1,1,1,1,6,2148,2,9,8,1
2013450008073,1,2,0,18,0,1,1,0,0,0,1,1,6,2,4,49,1,13,6,1
2013450008073,2,3,0,18,0,1,1,0,0,0,1,1,6,2,4,98,1,28,6,1
2013450008075,1,9,0,18,0,1,1,0,0,0,1,1,6,1,9,998,1,8,10,1
2013450008075,2,9,0,5,0,1,0,0,0,0,4,1,6,2,7,1598,1,1,8,1
2013450008079,1,9,0,16,0,8,2,0,8,10,1,1,6,1,6,1390,1,13,10,1
2013450008079,2,9,0,17,0,8,0,0,7,0,3,1,6,1,8,1794,1,10,10,1
2013450008080,1,9,0,3,0,0,0,0,0,0,2,1,6,2,6,1360,1,9,6,1
2013450008080,2,9,0,3,0,0,0,0,0,0,2,1,6,3,-1,-1,-1,-1,-1,-1
2013450008080,3,9,0,4,0,0,0,0,0,0,1,1,6,1,-1,1390,1,5,2,1
2013450008081,1,9,0,17,0,0,2,0,7,10,2,1,6,1,6,1390,1,10,7,2
2013450008082,1,1,0,18,0,0,5,10,1,0,4,1,6,1,6,-1,-1,-1,8,1
2013450008083,1,1,0,18,9,1,0,0,0,0,3,1,6,1,4,-1,-1,-1,4,1
2013450008083,2,9,0,10,0,6,0,0,0,0,1,1,6,1,6,2597,1,12,6,1
2013450008085,1,1,0,5,0,4,0,0,0,0,2,1,6,1,5,-1,-1,-1,6,1
2013450008085,2,9,0,5,0,4,0,0,0,0,1,1,6,2,4,1299,1,12,9,1
2013450008087,1,1,0,18,0,1,0,0,0,0,0,1,2,2,7,-1,-1,-1,10,1
2013450008089,1,9,0,4,0,0,0,0,1,0,2,1,6,2,7,2401,2,9,8,1
2013450008089,2,9,0,18,0,0,0,0,0,0,1,1,6,2,9,1797,8,4,6,1
2013450008091,1,9,0,18,0,0,0,0,0,0,1,1,6,1,11,1598,1,13,9,1
2013450008092,1,4,0,5,0,4,0,0,0,0,2,1,2,2,5,498,1,17,9,1
2013450008092,2,9,0,5,0,4,0,0,0,0,1,1,2,2,4,1400,1,13,9,1
2013450008095,1,9,0,4,0,0,0,0,0,0,2,1,1,1,6,1560,2,3,-1,-1
2013450008095,2,9,0,4,0,0,0,0,0,0,2,1,6,1,7,1596,1,9,10,1
2013450008095,3,9,0,18,0,0,0,0,0,0,1,1,6,1,9,1998,1,15,9,1
2013450008096,1,9,0,4,0,0,0,4,0,0,1,1,6,2,11,1598,1,13,6,1
2013450008096,2,9,0,2,6,0,0,0,0,0,1,1,6,1,6,2179,2,-1,6,1
2013450008097,1,9,0,18,0,0,0,4,0,0,1,1,2,1,7,1956,2,2,9,1
2013450008097,2,9,0,2,0,0,0,0,0,0,1,1,6,2,8,1149,1,2,10,1
2013450008098,1,9,0,8,0,1,0,0,0,0,1,1,6,2,5,1398,1,3,7,1
2013450008098,2,9,0,8,0,1,0,0,0,0,2,1,6,2,6,1242,1,16,2,1
2013450008099,1,3,0,18,0,1,1,0,0,0,1,1,2,1,4,125,1,6,9,1
2013450008099,2,9,0,10,0,1,0,0,0,0,2,1,6,2,7,1560,2,5,10,1
2013450008100,1,9,0,18,0,8,0,0,0,0,1,1,6,1,4,1956,2,2,10,1
2013450008100,2,9,0,18,0,8,0,0,0,0,3,1,1,1,6,1995,2,9,4,1
2013450008101,1,9,0,17,0,1,1,11,1,0,1,1,6,1,5,1229,1,2,6,1
2013450008102,1,1,0,18,0,1,0,0,0,0,0,1,6,1,6,-1,-1,-1,9,1
2013450008103,1,2,0,18,0,1,2,0,0,0,3,1,6,1,4,50,1,-1,10,1
2013450008104,1,9,0,17,0,0,2,0,2,0,2,1,2,2,6,1390,1,10,8,2
2013450008107,1,9,0,13,0,0,0,0,0,0,0,1,6,1,6,1796,1,12,6,1
2013450008107,2,1,0,16,0,0,0,0,0,0,0,1,6,1,3,-1,-1,-1,9,1
2013450008109,1,5,0,17,0,0,0,10,0,0,4,1,6,1,4,-1,-1,-1,6,1
2013450008110,1,9,0,18,0,1,0,0,0,0,1,1,2,2,7,1086,1,8,6,3
2013450008110,2,9,0,9,0,6,0,0,0,0,3,1,2,2,7,1598,1,4,8,1
2013450008112,1,9,0,6,0,0,0,0,0,0,1,1,6,1,7,1686,2,12,1,1
2013450008112,2,3,0,18,0,0,5,0,0,0,4,1,6,1,4,125,1,2,9,1
2013450008114,1,9,0,9,8,7,0,0,0,0,3,1,6,1,10,1527,2,13,5,1
2013450008114,2,9,0,18,0,8,0,0,0,0,1,1,6,1,7,1587,1,21,10,1
2013450008119,1,9,0,16,0,0,2,0,7,0,1,1,6,1,5,1587,1,12,9,3
2013450008121,1,9,0,17,0,0,1,0,1,3,1,1,6,1,5,1598,1,4,10,1
2013450008122,1,9,4,18,0,4,0,0,0,0,3,1,1,1,6,-1,-1,-1,10,1
2013450008122,2,1,0,18,0,8,0,0,0,0,4,1,6,1,5,-1,-1,-1,10,1
2013450008124,1,9,0,9,0,5,0,0,0,0,4,1,6,1,11,2496,1,10,9,1
2013450008124,2,1,0,18,0,8,0,0,0,0,1,1,6,1,6,-1,-1,-1,10,1
2013450008125,1,9,0,18,0,0,0,0,1,0,1,1,6,1,5,1124,1,15,10,1
2013450008126,1,19,0,7,0,6,0,0,0,0,3,1,1,1,6,2402,2,3,5,1
2013450008126,2,1,0,18,0,1,0,0,0,0,2,1,2,1,7,-1,-1,-1,8,1
2013450008131,1,9,0,10,0,1,0,0,0,0,2,1,6,2,7,1781,1,15,10,1
2013450008131,2,9,0,18,0,1,0,0,0,0,2,1,6,1,8,1299,1,9,5,1
2013450008131,3,21,0,18,0,1,0,0,0,0,1,1,1,1,8,12900,2,1,6,2
2013450008132,1,9,0,16,0,0,1,0,0,0,1,1,6,1,5,1587,1,10,10,1
2013450008132,2,9,0,2,0,0,0,0,0,0,2,1,6,1,8,-1,-1,-1,9,1
2013450008135,1,9,0,17,0,8,0,0,0,0,4,1,6,2,4,998,1,9,9,3
2013450008135,2,9,0,18,0,8,0,0,0,0,1,1,6,1,7,-1,-1,-1,10,1
2013450008135,3,9,0,10,0,1,0,0,0,0,3,1,6,1,9,2995,1,4,9,3
2013450008138,1,9,0,17,0,0,0,0,0,0,0,1,6,1,-1,-1,-1,-1,-1,-1
2013450008139,1,9,0,3,0,0,0,0,0,0,2,1,6,1,6,1999,2,7,7,1
2013450008139,2,9,0,4,0,0,0,0,0,0,1,1,6,1,-1,1998,1,10,7,1
2013450008139,3,9,0,3,0,0,0,0,0,0,2,1,6,1,9,-1,-1,-1,9,2
2013450008140,1,20,0,18,0,0,0,0,0,0,3,1,6,3,-1,-1,-1,-1,-1,-1
2013450008140,2,9,0,18,0,0,1,0,0,0,4,1,6,2,6,1242,1,10,6,1
2013450008140,3,21,0,18,0,0,0,0,0,0,3,1,1,1,7,-1,-1,-1,-1,-1
2013450008141,1,9,0,18,0,0,0,0,0,0,1,1,6,2,-1,1596,1,-1,-1,-1
2013450008141,2,9,0,4,0,0,0,0,0,0,2,1,6,2,7,1596,1,1,1,1
2013450008143,1,9,0,18,0,0,0,0,0,0,4,1,6,1,5,1362,1,1,8,2
2013450008143,2,9,0,1,9,0,0,0,0,0,2,1,6,1,7,-1,-1,-1,10,1
2013450008145,1,1,0,18,0,6,0,0,0,0,0,1,6,1,8,-1,-1,-1,9,1
2013450008145,2,9,0,18,0,1,0,0,0,0,3,1,6,1,7,2987,2,7,9,1
2013450008149,1,4,0,18,0,2,0,0,0,0,1,1,6,1,9,346,1,5,6,1
2013450008150,1,9,0,7,0,6,0,0,0,0,1,1,6,2,5,1595,1,13,10,1
2013450008150,2,9,0,18,0,8,0,0,0,0,1,1,6,1,9,2099,1,10,9,3
2013450008153,1,9,0,18,0,4,0,4,7,2,1,1,6,2,6,1587,1,11,6,1
2013450008153,2,9,0,2,0,1,0,0,8,1,2,1,6,1,5,1598,1,8,6,1
2013450008155,1,9,0,7,0,6,0,0,0,0,1,1,6,2,11,1199,1,11,10,1
2013450008155,2,9,0,18,0,8,1,0,0,0,1,1,1,1,7,-1,-1,-1,4,1
2013450008156,1,9,0,4,0,0,1,0,0,0,1,1,6,1,5,1587,1,11,9,1
2013450008156,2,9,0,3,0,0,0,0,0,0,2,1,6,1,9,1598,2,2,6,2
2013450008158,1,9,0,18,0,0,1,4,0,0,1,1,1,1,5,1968,2,3,10,1
2013450008158,2,9,0,4,0,0,0,0,0,0,2,1,1,1,6,1753,2,2,4,1
2013450008160,1,9,0,16,0,0,1,0,0,0,1,1,2,2,5,1299,1,13,9,3
2013450008160,2,21,1,17,0,0,0,0,0,0,3,1,1,1,6,9200,2,7,6,1
2013450008161,1,19,0,4,0,0,0,0,0,0,2,1,1,1,7,2198,2,1,2,1
2013450008161,2,9,0,18,0,0,0,0,0,0,1,1,6,2,6,1997,1,5,-1,-1
2013450008162,1,9,0,9,0,5,0,0,0,0,1,1,1,1,9,1968,2,3,7,1
2013450008162,2,5,0,16,0,2,0,0,0,0,1,1,6,1,8,865,1,1,10,1
2013450008165,1,9,0,7,0,1,0,0,0,0,4,1,6,1,8,-1,-1,-1,3,1
2013450008165,2,1,0,18,0,1,0,0,0,0,1,1,6,1,3,-1,-1,-1,10,1
2013450008167,1,9,0,18,0,0,0,0,0,0,1,1,6,2,4,1299,1,12,8,1
2013450008167,2,9,0,4,0,0,0,0,0,0,3,1,6,1,7,1995,2,10,9,1
2013450008172,1,9,0,3,0,8,0,0,0,0,3,1,6,2,4,1248,2,7,7,1
2013450008172,2,9,0,5,0,8,0,0,0,0,4,1,6,2,7,5998,1,4,8,3
2013450008184,1,9,0,8,0,0,0,0,0,0,2,1,6,2,11,1587,1,13,10,1
2013450008184,2,9,0,18,0,0,0,0,0,0,2,1,6,2,8,1199,1,11,10,1
2013450008184,3,9,0,18,0,0,0,0,0,0,2,1,6,2,8,1895,1,16,9,1
2013450008184,4,9,0,18,0,0,0,0,0,0,1,1,6,1,7,1598,1,-1,10,1
2013450008188,1,9,0,18,0,1,1,0,0,0,1,1,6,1,4,973,1,12,9,1
2013450008188,2,9,0,9,0,5,0,0,0,0,4,1,6,1,5,1124,1,16,5,1
2013450008189,1,9,0,11,0,0,0,0,0,0,4,1,2,1,6,2295,1,12,3,1
2013450008189,2,5,0,15,0,0,2,0,0,0,3,1,2,1,5,-1,-1,-1,5,1
2013450008191,1,2,0,18,0,0,0,0,0,0,3,1,2,1,4,49,1,1,8,2
2013450008191,2,9,0,3,0,0,0,0,0,0,4,1,2,1,8,2000,1,5,8,3
2013450008193,1,5,0,9,0,1,0,0,0,0,2,1,6,2,6,599,1,6,8,1
2013450008193,2,5,0,18,0,1,0,0,0,0,1,1,6,1,6,645,1,4,10,1
2013450008195,1,9,0,6,0,0,0,0,0,0,3,1,6,2,6,1595,1,6,3,1
2013450008195,2,9,0,18,0,0,0,0,0,0,1,1,6,1,10,2198,1,13,8,1
2013450008198,1,9,0,18,0,0,0,0,0,0,1,1,6,1,8,1598,1,12,5,1
2013450008198,2,9,0,18,0,0,0,0,0,0,2,1,6,1,6,1582,2,3,6,1
2013450008199,1,9,0,9,0,5,0,0,0,0,2,1,1,2,-1,1242,1,12,10,1
2013450008199,2,9,0,9,0,6,0,0,0,0,1,1,2,1,6,1999,1,7,5,1
2013450008200,1,9,0,18,0,0,0,0,0,0,2,1,6,2,7,2401,2,6,10,1
2013450008200,2,9,0,18,0,0,0,0,0,0,2,1,2,1,8,1988,1,14,7,3
2013450008200,3,9,0,18,0,0,0,0,0,0,1,1,6,2,7,2720,2,6,-1,-1
2013450008207,1,10,0,2,0,0,0,0,0,0,3,1,1,2,5,2198,2,5,9,1
2013450008207,2,9,0,14,0,0,0,0,0,0,1,1,6,1,8,1995,2,1,6,2
2013450008210,1,21,0,18,0,0,0,0,0,0,1,1,1,1,8,-1,-1,-1,8,1
2013450008212,1,3,0,18,0,0,0,0,0,0,1,1,6,1,4,125,1,-1,4,1
2013450008212,2,1,0,18,0,0,0,0,0,0,1,1,6,1,4,-1,-1,-1,5,1
2013450008217,1,9,0,3,0,1,0,0,0,0,2,1,6,2,7,1242,1,16,9,1
2013450008217,2,9,0,3,0,1,0,0,0,0,1,1,6,1,-1,-1,-1,-1,6,1
2013450008218,1,9,0,18,0,1,0,0,0,0,4,1,6,1,-1,1968,2,2,6,3
2013450008218,2,1,0,7,0,6,0,0,0,0,4,1,6,1,6,-1,-1,-1,7,1
2013450008220,1,20,0,18,0,7,0,0,0,0,1,1,1,1,6,3920,2,10,4,1
2013450008220,2,10,0,18,0,7,0,0,0,0,2,1,6,1,5,2402,2,7,3,1
2013450008225,1,9,0,17,0,0,0,0,1,11,1,1,6,1,9,1396,1,16,5,1
2013450008226,1,9,0,18,0,1,0,0,0,0,1,1,6,2,6,1596,1,12,5,3
2013450008226,2,9,0,3,0,1,0,0,0,0,2,1,6,1,8,1590,1,18,10,1
2013450008228,1,21,0,5,0,0,0,0,0,0,1,1,6,1,6,12777,2,5,5,1
2013450008228,2,9,0,5,0,0,0,0,0,0,2,1,6,2,8,1598,1,2,10,1
2013450008230,1,9,0,12,0,0,2,10,1,0,1,1,6,2,5,1149,1,9,5,1
2013450008232,1,10,0,18,0,2,0,0,0,0,1,1,1,1,5,2298,2,1,4,1
2013450008232,2,9,0,18,0,2,0,0,0,0,2,1,1,1,9,2148,2,4,10,1
2013450008235,1,1,0,18,9,8,5,0,0,10,1,1,6,1,3,-1,-1,-1,10,1
2013450008236,1,21,0,12,0,0,0,0,0,0,3,1,1,1,9,-1,-1,-1,-1,-1
2013450008236,2,9,0,18,0,0,0,0,0,0,4,1,6,2,4,1598,1,5,7,1
2013450008237,1,9,0,18,0,0,1,0,1,11,4,1,6,2,6,1598,1,8,7,1
2013450008245,1,9,0,4,0,8,0,0,0,0,2,1,6,1,7,1998,1,10,5,1
2013450008245,2,9,0,4,0,8,0,0,0,0,1,1,6,1,7,1905,2,15,2,1
2013450008248,1,9,0,3,0,1,0,0,0,0,3,1,6,2,8,1560,2,2,9,1
2013450008248,2,19,0,18,0,1,0,0,0,0,4,1,6,1,-1,2402,2,6,-1,-1
2013450008249,1,1,0,18,0,2,0,0,0,0,0,1,6,1,4,-1,-1,-1,9,1
2013450008251,1,9,0,15,0,0,0,0,0,0,0,1,6,1,-1,-1,-1,-1,-1,-1
2013450008251,2,9,0,11,0,0,0,0,1,4,3,1,1,2,7,1587,1,12,7,1
2013450008255,1,9,0,8,0,6,0,0,0,0,1,1,6,1,4,1242,1,10,10,1
2013450008257,1,9,0,18,0,0,0,0,1,4,1,1,6,1,7,1587,1,5,8,2
2013450008261,1,9,0,18,0,1,0,0,0,0,1,1,1,2,6,1396,1,10,4,1
2013450008261,2,3,0,18,0,1,0,0,0,0,4,1,1,2,4,124,1,13,10,1
2013450008265,1,9,0,7,0,4,0,0,0,0,1,1,2,2,8,1296,1,6,10,1
2013450008265,2,1,0,18,0,4,5,0,0,0,2,1,2,1,6,-1,-1,-1,10,1
2013450008266,1,9,0,3,0,0,0,0,0,0,2,1,2,1,7,1984,1,4,9,1
2013450008266,2,9,0,18,0,0,0,0,0,0,1,1,6,1,-1,1229,1,6,9,1
2013450008273,1,5,0,18,0,0,0,0,0,0,2,1,2,1,9,599,1,3,8,3
2013450008273,2,19,0,18,0,0,0,0,0,0,3,1,6,1,5,1560,2,2,6,1
2013450008274,1,9,0,18,0,0,5,0,7,0,4,1,2,2,7,998,1,6,9,1
2013450008277,1,9,0,9,0,6,0,0,0,0,0,1,6,1,4,1149,1,8,8,1
2013450008278,1,9,0,13,0,1,1,10,7,0,4,1,6,1,9,1396,1,9,8,1
2013450008282,1,9,0,5,0,2,0,0,0,0,4,1,6,1,9,2987,2,5,6,1
2013450008282,2,1,0,16,0,1,0,0,0,0,1,1,6,2,6,-1,-1,-1,10,1
2013450008285,1,9,0,18,0,0,0,0,0,0,1,1,2,2,5,1598,2,2,10,2
2013450008286,1,9,0,17,0,0,1,0,0,0,3,1,6,2,6,2000,1,13,6,1
2013450008286,2,9,0,16,0,0,0,0,0,0,1,1,6,2,7,1990,1,19,5,2
2013450008287,1,9,0,3,0,0,0,0,0,0,2,1,1,1,7,3199,1,14,8,1
2013450008287,2,19,0,18,0,0,0,0,0,0,1,1,1,1,5,2148,2,5,4,1
2013450008291,1,9,0,9,0,6,5,0,1,4,3,1,1,1,7,1497,8,4,3,1
2013450008291,2,21,0,17,0,1,0,0,0,0,4,1,1,1,8,9200,2,5,10,1
2013450008293,1,9,0,16,0,0,1,0,0,0,1,1,6,1,5,1995,2,6,10,1
2013450008293,2,9,0,17,0,0,0,0,0,0,1,2,6,1,11,-1,-1,-1,9,1
2013450008294,1,9,0,18,0,8,0,0,0,0,1,1,6,1,5,1396,1,10,9,3
2013450008294,2,9,0,9,0,8,0,0,0,0,4,1,6,2,10,1389,1,8,10,1
2013450008295,1,9,0,18,0,1,0,0,0,0,1,1,6,2,8,998,1,10,7,1
2013450008295,2,9,0,9,0,1,0,0,0,0,3,1,6,2,5,1242,1,9,3,1
2013450008295,3,9,0,18,0,2,0,0,0,0,0,1,6,1,5,2171,1,9,8,1
2013450008297,1,9,0,11,0,0,0,0,0,0,0,1,6,1,-1,-1,-1,-1,-1,-1
2013450008297,2,9,0,18,0,0,0,0,0,0,2,1,6,2,8,1998,1,12,10,3
2013450008297,3,9,0,18,0,0,0,0,0,0,2,1,6,1,7,1995,1,13,8,3
2013450008297,4,9,0,11,0,0,0,0,0,0,1,1,6,1,11,1991,1,14,5,1
2013450008298,1,9,0,4,0,0,0,0,0,0,1,1,6,2,8,2401,2,10,8,3
2013450008298,2,9,0,4,0,0,0,0,0,0,2,1,6,1,5,996,1,4,8,1
2013450008298,3,9,0,4,0,0,0,0,0,0,2,1,6,2,4,1240,1,9,9,1
2013450008300,1,19,0,3,0,8,1,0,0,0,1,1,2,1,6,1870,2,9,9,1
2013450008300,2,9,0,3,0,8,0,0,0,0,2,1,6,1,6,1871,2,10,10,1
2013450008300,3,9,0,3,0,8,0,0,0,0,2,1,6,1,9,3189,1,7,8,3
2013450008300,4,9,0,10,0,1,0,0,0,0,2,1,6,1,7,1995,2,3,10,1
2013450008303,1,9,0,18,0,0,5,7,0,0,1,1,6,1,6,1998,1,1,7,1
2013450008305,1,9,0,3,0,8,0,0,0,0,1,1,1,1,8,1200,1,-1,7,1
2013450008305,2,9,0,3,0,8,0,0,0,0,2,1,1,1,5,1229,1,7,6,1
2013450008305,3,9,0,3,0,8,0,0,0,0,2,1,1,2,8,2148,2,7,10,1
2013450008306,1,9,0,5,0,0,0,0,0,0,3,1,6,2,8,1598,1,11,3,1
2013450008306,2,9,0,14,0,0,0,0,0,0,3,1,6,1,7,1948,1,11,6,1
2013450008306,3,19,0,2,0,0,0,0,0,0,3,1,6,1,7,2148,2,9,9,1
2013450008307,1,21,1,18,0,0,0,0,0,0,1,1,6,1,8,10518,2,5,3,1
2013450008307,2,9,0,18,0,0,0,0,0,0,2,1,6,1,10,-1,-1,-1,4,1
2013450008307,3,19,0,18,0,0,0,0,0,0,2,1,6,1,6,2198,2,2,4,1
2013450008307,4,9,0,18,0,0,0,0,0,0,2,1,6,1,9,2498,1,13,2,1
2013450008307,5,9,0,4,0,0,0,0,0,0,2,1,6,1,5,1910,2,4,2,1
2013450008307,6,9,0,4,0,0,0,0,0,0,2,1,6,1,8,-1,-1,-1,5,3
2013450008308,1,9,0,18,0,0,0,0,0,0,0,1,6,1,5,1229,1,1,7,1
2013450008308,2,9,0,18,0,0,0,0,0,0,0,1,6,1,8,1242,1,11,8,1
2013450008308,3,9,0,18,0,0,0,0,0,0,0,1,6,1,7,1968,2,6,8,3
2013450008309,1,9,0,18,0,1,0,0,0,0,1,1,6,2,5,2494,2,2,10,1
2013450008309,2,9,0,10,0,6,0,0,0,0,3,1,6,1,9,2143,2,1,10,1
2013450008309,3,9,0,4,0,1,0,0,0,0,2,1,6,2,9,1596,1,15,10,1
2013450008310,1,9,0,3,0,1,0,0,0,0,2,1,2,2,5,1242,1,4,9,1
2013450008310,2,9,0,4,0,1,0,0,0,0,1,1,2,1,7,1896,2,12,8,1
2013450008316,1,9,0,9,0,0,0,0,0,0,3,1,2,1,9,2993,2,3,10,1
2013450008316,2,5,0,13,0,0,0,0,7,0,4,1,2,1,6,805,1,16,8,1
2013450008318,1,8,0,13,0,1,0,0,0,0,1,1,1,1,6,2499,2,6,9,1
2013450008318,2,1,0,18,0,2,0,0,0,0,1,1,6,1,9,-1,-1,-1,10,1
2013450008320,1,9,0,16,0,0,0,0,0,0,2,1,1,1,8,1390,1,7,8,1
2013450008320,2,3,0,16,0,0,0,0,0,0,1,1,1,1,6,124,1,4,10,1
2013450008322,1,19,0,18,0,0,5,0,0,0,3,1,6,1,7,1868,2,9,7,1
2013450008322,2,9,0,2,0,0,0,0,0,0,3,1,6,1,6,1997,2,5,9,1
2013450008322,3,9,0,2,0,0,0,0,0,0,2,1,6,2,6,1598,1,8,4,2
2013450008324,1,9,0,5,9,6,0,0,0,0,1,1,1,2,7,1598,2,-1,10,1
2013450008324,2,1,0,18,9,1,1,0,0,0,1,1,3,1,7,-1,-1,-1,7,1
2013450008327,1,9,0,9,0,2,0,0,0,0,2,1,6,1,6,1968,2,7,10,1
2013450008327,2,5,0,18,0,2,2,0,0,0,1,1,6,1,7,1000,1,5,9,1