Accident_Index,Vehicle_Reference,Vehicle_Type,Towing_and_Articulation,Vehicle_Manoeuvre,Vehicle_Location-Restricted_Lane,Junction_Location,Skidding_and_Overturning,Hit_Object_in_Carriageway,Vehicle_Leaving_Carriageway,Hit_Object_off_Carriageway,1st_Point_of_Impact,Was_Vehicle_Left_Hand_Drive?,Journey_Purpose_of_Driver,Sex_of_Driver,Age_Band_of_Driver,Engine_Capacity_(CC),Propulsion_Code,Age_of_Vehicle,Driver_IMD_Decile,Driver_Home_Area_Type
2013450008328,1,9,0,12,0,0,0,0,0,0,3,1,6,1,11,1598,1,2,6,2
2013450008328,2,21,1,4,0,0,0,0,0,0,4,1,1,1,9,-1,-1,-1,3,1
2013450008329,1,1,0,18,0,0,0,0,0,0,1,1,1,1,6,-1,-1,-1,4,1
2013450008329,2,19,0,1,0,0,0,0,0,0,4,1,6,1,8,2402,2,7,5,2
2013450008331,1,1,0,18,0,0,0,0,0,0,0,1,6,1,5,-1,-1,-1,7,1
2013450008332,1,1,0,18,0,0,0,0,0,0,0,1,6,1,7,-1,-1,-1,6,1
2013450008334,1,9,0,1,0,0,0,0,0,0,2,1,1,1,8,1560,2,4,-1,-1
2013450008337,1,9,0,18,0,0,0,0,0,0,4,1,2,2,6,1600,1,8,9,1
2013450008338,1,9,0,17,0,0,0,0,0,0,4,1,6,2,7,1498,1,8,6,1
2013450008338,2,9,0,16,0,0,0,0,0,0,3,1,6,2,6,1598,1,9,6,1
2013450008339,1,9,0,18,0,8,0,0,0,0,1,1,6,2,6,1493,2,2,8,1
2013450008339,2,9,0,18,0,8,0,0,0,0,1,1,6,2,8,1685,2,1,10,1
2013450008342,1,9,0,4,0,0,0,0,0,0,2,1,1,1,7,1560,2,2,9,1
2013450008342,2,9,0,4,0,0,0,0,0,0,1,1,1,2,5,-1,-1,-1,8,1
2013450008342,3,9,0,4,0,0,0,0,0,0,1,1,1,2,5,1124,1,17,5,1
2013450008343,1,9,0,18,0,1,0,0,0,0,1,1,6,2,9,1275,1,16,10,3
2013450008343,2,9,0,10,0,5,0,0,0,0,2,1,6,2,6,1796,1,6,8,1
2013450008344,1,21,1,12,0,0,0,0,0,0,3,1,1,1,8,-1,-1,-1,-1,-1
2013450008344,2,9,0,18,0,0,1,0,0,0,4,1,6,2,7,-1,-1,-1,9,1
2013450008348,1,2,0,4,0,1,0,0,0,0,1,1,6,1,4,49,1,13,8,3
2013450008348,2,9,0,4,0,1,0,0,0,0,2,1,6,1,7,1598,1,13,4,1
2013450008349,1,9,0,9,0,8,0,0,0,0,1,1,2,2,9,-1,-1,-1,10,1
2013450008349,2,1,0,9,0,8,0,0,0,0,4,1,2,1,6,-1,-1,-1,4,1
2013450008355,1,9,0,11,0,0,0,0,0,0,0,1,6,1,6,2460,2,7,10,1
2013450008355,2,9,0,18,0,0,0,0,0,0,4,1,1,1,7,1998,2,1,4,1
2013450008355,3,19,0,18,0,0,0,0,0,0,3,1,1,1,7,-1,-1,-1,9,1
2013450008356,1,9,0,18,0,1,0,0,0,0,1,1,1,2,7,1248,2,2,7,1
2013450008357,1,9,0,10,0,1,0,0,0,0,2,1,1,2,8,1794,1,10,9,1
2013450008357,2,9,0,4,0,1,0,0,0,0,1,1,6,2,4,1242,1,10,7,3
2013450008361,1,9,0,18,0,0,1,0,0,0,2,1,1,2,6,1275,1,17,7,1
2013450008361,2,9,0,18,0,0,0,0,0,0,3,1,6,1,-1,1390,1,6,9,1
2013450008361,3,9,0,18,0,0,0,0,0,0,1,1,6,3,-1,-1,-1,-1,-1,-1
2013450008363,1,9,0,18,0,0,2,0,1,0,4,1,6,2,8,1590,1,18,8,1
2013450008364,1,5,0,18,0,3,0,0,0,0,4,1,6,1,8,645,1,2,10,1
2013450008367,1,9,0,18,0,0,0,0,0,0,2,1,2,2,7,1598,1,3,6,1
2013450008367,2,9,0,18,0,0,0,0,0,0,1,1,6,1,6,3600,1,11,6,3
2013450008367,3,9,0,18,0,0,0,0,0,0,2,1,6,2,-1,1360,1,9,5,1
2013450008368,1,4,0,18,0,0,5,0,0,0,2,1,2,1,7,800,1,16,4,1
2013450008368,2,9,0,18,0,0,0,0,0,0,1,1,6,1,10,1499,1,7,7,1
2013450008371,1,9,0,9,0,1,0,0,0,0,1,1,2,2,9,1229,1,6,8,1
2013450008371,2,1,0,18,0,1,0,0,0,0,3,1,2,1,-1,-1,-1,-1,7,1
2013450008372,1,9,0,17,0,0,1,0,1,0,1,1,6,2,5,1299,1,12,9,1
2013450008372,2,9,0,18,0,0,0,0,0,0,1,1,6,2,5,-1,-1,-1,-1,1
2013450008373,1,1,0,18,0,8,0,0,0,0,4,1,6,1,4,-1,-1,-1,7,2
2013450008373,2,9,0,7,0,1,0,0,0,0,1,1,6,3,-1,-1,-1,-1,-1,-1
2013450008374,1,3,0,9,0,1,0,0,0,0,3,1,6,1,4,124,1,-1,8,1
2013450008374,2,2,0,18,0,1,0,0,0,0,1,1,6,1,4,49,1,5,10,1
2013450008375,1,9,0,18,0,0,2,0,6,0,1,1,6,2,4,1598,1,10,9,1
2013450008379,1,9,0,18,0,0,0,0,0,0,1,1,6,1,7,2685,2,11,9,3
2013450008379,2,9,0,12,0,0,0,0,0,0,2,1,6,1,10,2720,2,9,9,1
2013450008383,1,9,0,4,0,0,0,0,0,0,1,1,6,1,6,1240,1,9,9,1
2013450008383,2,9,0,3,0,0,0,0,0,0,2,1,6,1,6,2204,2,4,10,2
2013450008383,3,9,0,3,0,0,0,0,0,0,2,1,6,1,9,2993,2,1,7,3
2013450008384,1,1,0,18,0,0,0,0,0,0,4,1,4,1,4,-1,-1,-1,9,1
2013450008384,2,9,0,2,0,0,0,0,0,0,3,1,6,1,5,1124,1,11,7,1
2013450008390,1,9,0,9,0,6,0,0,0,0,3,1,6,2,9,2143,2,1,6,3
2013450008390,2,1,0,18,0,1,0,0,0,0,1,1,6,1,4,-1,-1,-1,5,3
2013450008392,1,9,0,17,0,0,0,0,0,0,1,1,6,1,8,1781,1,14,10,1
2013450008392,2,9,0,16,0,0,0,0,1,0,3,1,1,1,9,-1,-1,-1,10,1
2013450008392,3,9,0,16,0,0,0,0,1,0,3,1,6,1,4,973,1,11,8,3
2013450008394,1,9,0,17,0,0,1,0,1,4,1,1,2,1,5,1242,1,6,6,1
2013450008397,1,9,0,4,0,0,0,0,0,0,1,1,2,1,5,998,1,9,10,1
2013450008397,2,9,0,17,0,0,0,0,1,0,4,1,6,2,7,1998,1,11,9,3
2013450008400,1,9,0,5,0,0,0,0,0,0,2,1,6,2,5,1360,1,9,4,1
2013450008400,2,9,0,5,0,0,0,0,0,0,1,1,6,1,6,1600,1,14,7,1
2013450008401,1,9,0,17,0,0,5,0,1,0,1,1,6,1,5,1242,1,14,6,1
2013450008403,1,5,0,17,0,0,2,0,2,0,1,1,6,1,6,599,1,13,10,1
2013450008404,1,9,0,18,0,1,0,0,8,0,1,1,6,2,9,1598,1,2,6,1
2013450008405,1,1,0,18,0,0,0,0,0,0,2,1,6,1,8,-1,-1,-1,6,1
2013450008405,2,1,0,18,0,0,0,0,0,0,1,1,6,1,9,-1,-1,-1,8,1
2013450008406,1,1,0,18,0,1,0,10,0,0,1,1,6,2,9,-1,-1,-1,4,1
2013450008407,1,1,0,18,0,0,0,0,0,0,1,1,6,1,4,-1,-1,-1,9,1
2013450008408,1,11,0,18,0,3,0,0,0,0,0,1,1,1,-1,-1,-1,-1,-1,-1
2013450008411,1,9,0,8,0,6,0,0,0,0,0,1,6,1,6,1596,1,8,9,1
2013450008411,2,1,0,18,0,1,5,10,7,9,1,1,6,1,6,-1,-1,-1,5,1
2013450008412,1,9,0,9,0,5,0,0,0,0,1,1,6,1,6,1910,2,6,9,1
2013450008412,2,9,0,18,0,1,0,0,0,0,1,1,6,1,7,1398,2,7,4,1
2013450008414,1,19,0,12,0,0,0,0,0,0,2,1,1,1,10,1868,2,7,4,1
2013450008414,2,5,0,15,0,0,1,0,4,0,1,1,6,1,8,954,1,11,10,1
2013450008414,3,9,0,18,0,0,0,0,0,0,4,1,1,1,6,1956,2,-1,7,1
2013450008414,4,9,0,2,0,0,0,0,0,0,0,1,6,3,-1,-1,-1,-1,-1,-1
2013450008419,1,9,0,4,0,0,0,0,0,0,2,1,6,2,6,1598,2,1,10,1
2013450008419,2,9,0,4,0,0,0,0,0,0,2,1,6,1,6,4266,1,14,1,1
2013450008419,3,9,0,4,0,0,0,0,0,0,1,1,6,1,8,1560,2,8,5,3
2013450008422,1,9,0,18,0,0,2,0,0,0,3,1,6,2,5,1149,1,11,7,1
2013450008423,1,9,0,18,0,0,0,0,0,0,1,1,6,2,10,1997,2,-1,6,1
2013450008423,2,9,0,18,0,0,0,10,1,0,1,1,6,1,5,-1,-1,-1,8,3
2013450008425,1,9,0,9,0,3,0,0,0,0,3,1,6,1,6,1796,1,7,5,1
2013450008425,2,9,0,18,0,4,0,0,0,0,1,1,1,1,7,-1,-1,-1,6,1
2013450008428,1,9,0,6,0,8,0,0,0,0,0,1,1,1,7,2698,2,8,8,1
2013450008428,2,5,0,14,0,8,2,0,0,0,4,1,2,1,5,599,1,14,10,1
2013450008429,1,1,0,5,0,1,0,0,0,0,3,1,1,1,6,-1,-1,-1,9,1
2013450008429,2,9,0,7,0,1,0,0,0,0,4,1,6,1,8,1124,1,14,10,1
2013450008431,1,9,0,9,0,5,0,0,0,0,1,1,6,1,11,998,1,14,8,1
2013450008431,2,5,0,18,0,1,0,0,0,0,4,1,6,1,8,1600,1,3,10,1
2013450008432,1,9,0,6,0,0,0,0,0,0,3,1,6,1,5,2995,1,11,3,1
2013450008432,2,5,0,18,0,0,5,0,0,0,1,1,6,1,6,918,1,14,7,1
2013450008437,1,1,0,18,0,0,5,0,1,0,4,1,1,1,7,-1,-1,-1,8,2
2013450008437,2,9,0,13,0,0,0,0,0,0,0,1,6,1,9,1390,1,1,8,1
2013450008437,3,17,0,18,0,0,0,0,0,0,0,1,6,1,-1,-1,-1,-1,-1,-1
2013450008439,1,9,0,10,0,1,0,0,0,0,3,1,6,2,9,1840,1,14,5,2
2013450008439,2,9,0,18,0,1,0,0,0,0,1,1,6,2,11,1390,1,1,6,1
2013450008446,1,9,0,7,0,6,0,0,1,0,3,1,6,2,6,1248,1,2,7,1
2013450008446,2,19,0,18,0,1,0,0,0,0,4,1,1,1,5,-1,-1,-1,6,1
2013450008448,1,20,0,18,0,0,0,0,0,0,4,1,6,1,9,9200,2,4,3,1
2013450008448,2,9,0,18,0,0,0,0,0,0,3,1,6,2,6,2184,2,9,7,1
2013450008448,3,9,0,2,0,0,0,0,0,0,4,1,6,3,-1,1299,1,11,-1,-1
2013450008450,1,9,0,9,0,8,0,0,0,0,1,1,6,1,10,1895,1,12,10,1
2013450008450,2,5,0,18,0,8,2,0,0,0,1,1,6,1,6,599,1,-1,10,1
2013450008451,1,9,0,16,0,0,2,0,2,2,1,1,6,2,8,2204,2,7,9,1
2013450008452,1,9,0,3,0,0,0,4,0,0,1,1,6,1,11,1834,1,12,10,1
2013450008452,2,9,0,18,0,0,0,0,1,0,1,1,6,1,7,2000,2,9,10,1
2013450008452,3,19,0,2,0,0,0,0,0,0,3,1,6,1,-1,1753,2,7,6,1
2013450008453,1,9,0,9,0,1,0,0,0,0,1,1,6,1,7,1248,2,2,8,1
2013450008453,2,9,0,18,0,2,0,0,0,0,4,1,6,1,5,1124,1,14,8,1
2013450008461,1,9,0,1,0,0,0,0,0,0,0,1,6,2,5,1242,1,7,10,1
2013450008461,2,1,0,18,0,0,0,0,0,0,0,1,6,2,9,-1,-1,-1,6,1
2013450008479,1,9,0,5,0,0,0,0,1,0,1,1,6,2,7,1242,1,9,10,1
2013450008480,1,19,0,18,0,1,0,0,0,0,1,1,1,1,8,1560,2,1,3,1
2013450008481,1,9,0,18,0,8,0,10,0,0,4,1,6,2,7,1596,1,10,8,1
2013450008481,2,9,0,18,0,8,0,0,0,0,1,1,1,2,6,1798,1,4,9,1
2013450008481,3,9,0,18,0,8,0,0,0,0,1,1,6,1,9,2143,2,-1,10,1
2013450008481,4,9,0,18,0,8,0,0,0,0,1,1,6,1,6,1390,1,16,10,1
2013450008483,1,9,0,9,0,7,0,0,0,0,4,1,6,2,5,998,1,13,5,1
2013450008483,2,9,0,18,0,8,0,0,0,0,3,1,6,2,-1,3199,1,9,10,1
2013450008486,1,9,0,18,0,0,0,0,0,0,4,1,6,2,8,2497,1,7,9,3
2013450008486,2,21,1,12,0,0,0,0,0,0,3,1,6,1,6,-1,-1,-1,-1,-1
2013450008490,1,1,0,9,0,3,0,0,0,0,1,1,6,1,8,-1,-1,-1,10,1
2013450008493,1,19,0,1,0,1,0,0,0,0,0,1,1,1,5,2198,2,3,8,2
2013450008494,1,9,0,18,0,6,0,0,0,0,1,1,6,1,9,1584,1,5,6,1
2013450008494,2,3,0,18,0,1,0,0,0,0,1,1,6,1,-1,-1,-1,-1,-1,-1
2013450008495,1,5,0,16,0,0,1,0,0,0,4,1,6,1,7,599,1,2,4,1
2013450008506,1,9,0,16,0,0,0,0,0,0,2,1,1,1,8,2987,2,1,2,1
2013450008506,2,9,0,16,0,0,0,0,0,0,1,1,6,1,5,1984,1,9,9,1
2013450008506,3,9,0,13,0,0,0,0,0,0,0,1,6,3,-1,-1,-1,-1,-1,-1
2013450008509,1,9,0,18,0,1,0,0,0,0,1,1,6,2,8,1896,2,7,10,1
2013450008509,2,9,0,9,0,6,0,0,0,0,3,1,6,1,7,1598,1,7,10,1
2013450008510,1,9,0,9,0,2,5,10,2,0,1,1,6,2,4,1149,1,10,10,1
2013450008513,1,1,0,18,0,8,0,0,0,0,3,1,6,1,5,-1,-1,-1,-1,-1
2013450008513,2,9,0,9,0,5,0,0,0,0,4,1,6,1,-1,2967,1,10,9,1
2013450008515,1,9,0,18,0,0,0,0,0,0,1,1,6,1,6,-1,-1,-1,5,1
2013450008515,2,9,0,18,0,0,0,0,0,0,2,1,6,2,4,1199,2,1,8,1
2013450008519,1,9,0,18,0,2,0,0,0,0,1,1,2,2,6,1461,2,3,8,1
2013450008519,2,9,0,18,0,2,0,0,0,0,2,1,6,2,6,1995,1,7,10,1
2013450008520,1,9,0,7,0,3,0,7,0,0,1,1,6,1,10,1199,1,13,9,1
2013450008522,1,5,0,16,0,1,0,10,1,0,4,1,6,1,6,400,1,21,7,3
2013450008524,1,9,0,16,0,1,1,0,7,0,4,1,1,1,6,1360,1,8,5,1
2013450008528,1,5,0,4,0,0,1,0,0,0,3,1,2,1,8,660,1,3,9,1
2013450008535,1,9,0,9,0,2,0,0,0,0,1,1,6,1,11,1339,1,2,10,2
2013450008536,1,9,0,18,0,0,0,0,0,0,3,1,6,2,6,1299,1,20,9,1
2013450008536,2,1,0,5,0,0,0,0,0,0,1,1,6,1,3,-1,-1,-1,10,1
2013450008537,1,5,0,18,0,3,0,0,0,0,3,1,6,1,8,849,1,14,6,3
2013450008537,2,9,0,18,0,3,0,0,0,0,4,1,6,3,-1,-1,-1,-1,-1,-1
2013450008538,1,9,0,18,0,8,0,0,0,11,4,1,6,2,4,1390,1,13,5,1
2013450008538,2,9,0,18,0,8,0,0,0,0,1,1,6,1,6,2993,2,6,-1,1
2013450008540,1,9,0,18,0,0,0,0,0,0,2,1,6,1,9,1686,2,2,7,1
2013450008540,2,21,1,18,0,0,0,0,0,0,1,2,1,1,7,-1,-1,-1,-1,-1
2013450008542,1,9,0,7,0,3,0,0,0,0,4,1,6,1,7,1461,2,3,-1,-1
2013450008542,2,1,0,18,0,3,2,0,0,0,3,1,6,2,8,-1,-1,-1,6,1
2013450008543,1,9,0,4,0,0,0,0,0,0,1,1,2,1,8,1896,2,5,9,1
2013450008543,2,9,0,3,0,0,0,0,0,0,2,1,6,1,9,1997,2,3,10,1
2013450008543,3,9,0,3,0,0,0,0,0,0,2,1,6,1,6,1998,2,5,5,1
2013450008543,4,9,0,3,0,0,0,0,0,0,2,1,2,1,7,1999,1,9,8,3
2013450008544,1,1,0,18,9,1,0,0,0,0,1,1,6,1,3,-1,-1,-1,10,1
2013450008544,2,9,0,5,9,6,0,0,0,0,3,1,6,2,8,1796,1,7,10,1
2013450008546,1,19,0,18,0,0,0,0,0,0,1,1,1,1,8,-1,-1,-1,1,1
2013450008546,2,9,0,10,0,0,0,0,0,0,1,1,6,2,6,1242,1,16,8,1
2013450008548,1,9,0,5,0,1,0,0,1,0,1,1,6,2,10,1596,1,11,9,1
2013450008549,1,9,0,18,0,0,0,0,0,0,1,1,6,2,10,1388,1,7,2,1
2013450008550,1,9,0,9,0,1,0,0,0,0,3,1,1,1,5,1388,1,8,9,1
2013450008550,2,9,0,18,0,8,0,0,0,0,4,1,6,2,9,1995,1,10,8,1
2013450008552,1,1,0,16,0,0,0,0,7,0,3,1,6,1,6,-1,-1,-1,9,1
2013450008553,1,9,0,9,0,6,0,0,0,0,3,1,6,2,6,1360,1,12,4,1
2013450008553,2,5,0,18,0,1,0,0,0,0,1,1,6,1,5,599,1,10,10,1
2013450008556,1,9,0,5,9,6,0,0,0,0,3,1,6,1,8,1998,1,15,4,1
2013450008556,2,1,0,18,9,1,0,0,0,0,1,1,6,2,4,-1,-1,-1,4,1
2013450008558,1,9,0,16,0,0,1,0,0,0,1,1,6,2,6,1349,1,14,10,1
2013450008558,2,19,0,17,0,0,0,0,0,0,1,1,6,1,10,2198,2,3,10,1
2013450008559,1,9,0,18,0,0,0,0,0,0,1,1,6,3,-1,-1,-1,-1,-1,-1
2013450008559,2,1,0,18,0,0,1,0,0,0,4,1,6,1,3,-1,-1,-1,4,1
2013450008560,1,9,0,10,0,6,0,0,0,0,1,1,6,2,9,1796,1,6,10,1
2013450008560,2,9,0,18,0,8,1,0,7,0,3,1,6,2,8,1910,2,6,8,1
2013450008564,1,9,0,4,0,7,0,0,0,0,1,1,6,1,11,1968,2,-1,10,1
2013450008564,2,9,0,4,0,7,0,0,0,0,2,1,6,1,6,1968,2,6,5,3
2013450008564,3,9,0,4,0,7,0,0,0,0,2,1,6,1,7,1986,1,3,8,1
2013450008565,1,3,0,16,0,3,1,0,0,0,3,1,6,2,4,125,1,-1,9,2
2013450008567,1,1,0,18,0,4,0,0,0,0,1,1,6,1,-1,-1,-1,-1,10,1
2013450008568,1,1,0,18,0,0,1,0,0,0,0,1,6,2,7,-1,-1,-1,4,1
2013450008572,1,9,0,18,0,0,0,0,5,6,3,1,6,1,10,-1,-1,-1,10,1
2013450008572,2,11,4,18,0,0,0,0,0,0,3,1,6,1,9,2148,2,4,5,1
2013450008572,3,9,0,18,0,0,0,0,8,0,2,1,6,1,9,2148,2,3,10,1
2013450008573,1,9,0,18,0,0,0,0,0,0,0,1,6,2,7,1390,1,5,8,1
2013450008573,2,9,0,12,0,0,0,0,0,0,0,1,6,2,8,2000,2,9,7,3
2013450008574,1,9,0,3,0,1,0,0,0,0,2,1,6,2,-1,2967,2,2,-1,-1
2013450008574,2,9,0,18,0,1,0,0,0,0,1,1,6,2,6,1896,2,9,10,1
2013450008576,1,9,0,3,0,1,0,0,0,0,1,1,6,1,4,1364,1,9,10,1
2013450008576,2,9,0,3,0,1,0,0,0,0,2,1,6,2,5,1598,1,9,9,1
2013450008577,1,9,0,9,0,8,0,0,0,0,1,1,6,1,11,1998,1,15,10,1
2013450008577,2,1,0,18,0,1,0,0,0,0,1,1,6,2,8,-1,-1,-1,3,1
2013450008578,1,19,0,16,0,0,0,0,0,0,1,1,1,2,9,1796,7,6,6,3
2013450008578,2,1,0,17,0,0,0,0,0,0,1,1,6,1,3,-1,-1,-1,9,1
2013450008580,1,9,0,18,0,0,1,0,0,0,3,1,6,1,10,-1,-1,-1,6,3
2013450008580,2,9,0,18,0,0,0,0,0,0,1,1,6,2,4,1598,1,10,9,3
2013450008583,1,9,0,18,0,0,0,0,0,0,0,1,1,1,8,1560,2,2,8,3
2013450008583,2,9,0,18,0,0,0,0,0,0,1,1,1,1,5,1598,2,1,6,3
2013450008584,1,20,0,12,0,0,0,0,0,0,1,1,1,1,7,4116,2,7,3,1
2013450008584,3,9,0,18,0,0,0,0,0,0,4,1,6,1,4,-1,-1,-1,4,1
2013450008584,4,9,0,18,0,0,0,0,0,0,4,1,5,2,10,1198,1,3,10,1
2013450008585,1,5,0,3,0,1,2,0,0,0,1,1,6,1,7,1200,1,6,10,1
2013450008585,2,9,0,9,0,8,0,0,0,0,3,1,6,1,9,2688,2,8,8,3
2013450008587,1,1,0,18,0,0,0,4,0,0,1,1,6,1,4,-1,-1,-1,10,3
2013450008587,2,9,0,2,0,0,0,0,0,0,1,1,6,1,-1,1995,2,1,9,1
2013450008588,1,9,0,18,0,5,1,0,0,0,0,1,6,1,10,1995,2,8,10,1
2013450008588,2,9,0,17,0,8,0,0,0,0,1,1,6,1,7,1242,1,10,10,1
2013450008590,1,9,0,9,0,8,0,0,0,0,3,1,2,2,6,1598,1,4,10,1
2013450008590,2,9,0,18,0,1,0,0,0,0,1,1,6,2,5,1753,2,12,7,1
2013450008591,1,9,0,9,0,5,0,0,1,0,1,1,6,2,11,1299,1,9,9,1
2013450008593,1,9,0,9,0,5,0,0,0,0,4,1,6,1,9,1242,1,8,8,1
2013450008593,2,1,0,10,0,1,0,0,0,0,1,1,6,1,5,-1,-1,-1,10,1
2013450008599,1,9,0,4,0,1,0,0,0,0,1,1,6,1,6,2967,2,7,6,1
2013450008599,2,1,0,18,9,1,0,0,0,0,1,1,6,1,4,-1,-1,-1,6,1
2013450008600,1,3,0,4,0,1,1,0,0,0,1,1,2,1,9,885,1,19,3,1
2013450008600,2,9,0,4,0,1,0,0,0,0,2,1,6,2,8,2198,1,5,2,1
2013450008601,1,1,0,17,0,0,1,0,0,0,0,1,6,1,7,-1,-1,-1,5,1
2013450008602,1,1,0,18,0,0,1,0,0,0,0,1,6,2,6,-1,-1,-1,10,1
2013450008602,2,9,0,18,0,0,0,0,0,0,0,1,6,2,9,1490,1,7,7,3
2013450008605,1,9,0,18,0,1,1,0,1,9,1,1,6,1,4,1390,1,6,9,3
2013450008606,1,9,0,18,0,8,1,0,1,0,1,1,1,1,6,1595,1,12,3,1
2013450008606,2,19,0,12,0,8,0,0,0,0,0,1,6,3,-1,-1,-1,-1,-1,-1
2013450008608,1,9,0,18,0,1,0,0,0,0,4,1,6,2,6,1396,1,14,9,1
2013450008608,2,1,0,18,0,8,0,0,0,0,1,1,6,2,2,-1,-1,-1,5,1
2013450008613,1,9,0,9,0,1,0,0,0,0,1,1,6,1,7,3824,1,6,5,1
2013450008613,2,9,0,9,0,1,0,0,0,0,2,1,2,1,8,1686,2,7,10,1
2013450008616,1,3,0,7,0,0,2,0,7,0,4,1,6,1,5,398,1,22,6,1
2013450008619,1,90,0,18,0,0,0,0,0,0,2,1,1,1,6,-1,-1,-1,4,1
2013450008619,2,9,0,15,0,0,0,0,0,0,3,1,6,1,10,1995,2,7,10,1
2013450008619,3,9,0,18,0,0,0,0,0,0,4,1,1,1,7,1896,2,6,4,1
2013450008620,1,5,0,3,0,0,0,0,0,0,0,1,6,1,8,-1,-1,-1,10,1
2013450008620,2,9,0,5,0,0,0,0,0,0,0,1,6,2,8,1685,2,1,10,1
2013450008629,1,9,0,18,0,0,0,0,0,0,2,1,1,3,-1,-1,-1,-1,-1,-1
2013450008629,2,9,0,18,0,0,0,0,0,0,0,1,1,1,7,-1,-1,-1,8,1
2013450008630,1,9,0,9,0,1,0,0,0,0,1,1,6,1,11,1587,1,7,10,1
2013450008630,2,9,0,18,0,1,0,0,0,0,1,1,6,1,10,1968,2,4,9,3
2013450008632,1,5,0,18,0,0,0,0,0,0,3,1,6,1,7,782,1,6,9,1
2013450008632,2,9,0,11,0,0,0,0,0,0,4,1,6,1,11,1686,2,1,4,1
2013450008633,1,9,0,3,0,1,0,0,0,0,4,1,1,1,10,-1,-1,-1,9,1
2013450008635,1,5,0,18,0,1,0,0,0,0,1,1,6,2,7,800,1,1,4,1
2013450008635,2,9,0,9,0,5,0,0,0,0,1,1,6,2,8,998,1,3,10,1
2013450008638,1,9,0,6,0,0,0,0,0,0,4,1,6,2,6,1600,1,9,3,1
2013450008638,2,5,0,18,0,0,0,0,0,0,3,1,1,1,5,744,1,3,10,3
2013450008640,1,21,1,12,0,0,0,0,0,0,3,1,1,1,8,-1,-1,-1,-1,-1
2013450008640,2,9,0,13,0,0,1,7,0,0,4,1,2,2,4,1299,1,11,7,1
2013450008642,1,9,0,18,0,0,0,0,0,0,1,1,6,1,7,4497,1,2,9,3
2013450008642,2,9,0,18,0,0,0,0,0,0,2,1,6,2,7,1596,1,4,2,1
2013450008642,3,9,0,18,0,0,0,0,0,0,2,1,6,1,7,1997,2,5,9,1
2013450008644,1,9,0,18,0,1,0,0,0,0,0,1,6,3,-1,-1,-1,-1,-1,-1
2013450008644,2,5,0,18,0,1,0,0,0,0,0,1,1,1,8,499,1,19,6,1
2013450008646,1,1,0,18,5,0,0,7,0,0,1,1,6,1,6,-1,-1,-1,5,1
2013450008647,1,9,0,18,0,0,0,0,1,10,1,1,6,2,10,2290,1,16,5,1
2013450008649,1,9,0,18,0,2,0,0,0,0,1,1,6,2,7,1834,1,10,7,1
2013450008649,2,9,0,7,0,2,0,0,0,0,1,1,6,1,5,1390,1,14,10,1
2013450008660,1,9,0,18,0,4,0,0,0,0,1,1,6,2,7,1598,1,5,7,1
2013450008660,2,1,0,18,0,8,0,0,0,0,2,1,1,1,7,-1,-1,-1,9,1
2013450008661,1,9,0,18,0,1,0,0,0,0,1,1,6,1,-1,1360,1,10,-1,-1
2013450008661,2,9,0,9,0,1,0,0,0,0,3,1,6,1,5,1242,1,1,4,1
2013450008664,1,9,0,18,0,0,1,0,0,0,1,1,2,1,5,1240,1,9,9,1
2013450008664,2,9,0,18,0,0,1,0,0,0,1,1,2,1,7,2261,1,7,3,1
2013450008664,3,5,0,18,0,0,0,0,0,0,1,1,2,1,9,645,1,3,10,1
2013450008666,1,19,0,18,0,0,0,0,0,0,1,1,6,1,4,1560,2,-1,7,1
2013450008666,2,9,0,18,0,0,0,0,0,0,2,1,6,1,8,1896,2,12,4,1
2013450008672,1,9,0,3,0,0,0,0,0,0,1,1,6,1,6,-1,-1,-1,7,1
2013450008672,2,9,0,3,0,0,0,0,0,0,2,1,6,1,8,1598,2,2,-1,1
2013450008673,1,9,0,18,0,0,0,0,0,0,1,1,6,2,5,1388,1,1,4,1
2013450008673,2,1,0,18,0,0,0,0,0,0,1,1,6,1,5,-1,-1,-1,4,1
2013450008675,1,9,0,3,0,4,0,0,0,0,1,1,6,2,7,1995,1,3,10,1
2013450008675,2,9,0,3,0,4,0,0,0,0,2,1,6,2,9,1796,1,15,10,1
2013450008677,1,9,0,17,0,0,0,0,7,0,1,1,2,2,4,1360,1,9,7,1
2013450008678,1,1,0,18,0,1,5,0,0,0,0,1,6,1,7,-1,-1,-1,9,1
2013450008678,2,9,0,18,0,4,0,0,0,0,0,1,6,3,-1,-1,-1,-1,-1,-1
2013450008679,1,9,0,11,0,1,1,0,1,0,1,1,6,2,6,1800,1,19,8,2
2013450008680,1,9,0,16,0,0,1,0,1,4,1,1,6,1,5,1229,1,4,10,1
2013450008685,1,9,0,18,0,1,0,0,0,0,4,1,6,1,7,1988,1,14,4,1
2013450008685,2,9,0,5,0,6,0,0,0,0,1,1,1,2,5,1600,1,43,7,1
2013450008687,1,9,0,18,0,1,0,0,1,0,1,1,6,1,-1,1988,1,13,10,1