Accident_Index,Vehicle_Reference,Vehicle_Type,Towing_and_Articulation,Vehicle_Manoeuvre,Vehicle_Location-Restricted_Lane,Junction_Location,Skidding_and_Overturning,Hit_Object_in_Carriageway,Vehicle_Leaving_Carriageway,Hit_Object_off_Carriageway,1st_Point_of_Impact,Was_Vehicle_Left_Hand_Drive?,Journey_Purpose_of_Driver,Sex_of_Driver,Age_Band_of_Driver,Engine_Capacity_(CC),Propulsion_Code,Age_of_Vehicle,Driver_IMD_Decile,Driver_Home_Area_Type
2013450008689,1,3,0,18,0,0,0,0,0,0,0,1,6,2,5,125,1,1,10,1
2013450008689,2,9,0,18,0,0,0,0,0,0,0,1,6,1,6,1798,1,1,10,1
2013450008690,1,21,1,18,0,0,0,0,0,0,4,1,1,1,8,12777,2,1,6,2
2013450008690,2,9,0,18,0,0,1,0,5,0,3,1,6,1,11,1596,1,3,10,1
2013450008690,3,9,0,18,0,0,0,0,0,0,1,1,6,1,8,1896,2,8,8,3
2013450008691,1,21,0,18,0,0,0,0,0,0,0,1,6,2,-1,-1,-1,-1,-1,-1
2013450008691,2,9,0,18,0,0,0,0,0,0,0,1,6,2,10,1560,2,4,10,3
2013450008692,1,1,0,18,9,0,0,0,0,0,1,1,6,1,11,-1,-1,-1,8,1
2013450008694,1,1,0,9,0,8,5,0,0,0,4,1,1,1,7,-1,-1,-1,9,1
2013450008694,2,9,0,7,0,4,0,0,0,0,1,1,6,2,8,1598,1,9,8,1
2013450008702,1,9,0,4,0,0,0,0,0,0,2,1,2,2,9,1598,1,10,10,1
2013450008702,2,3,0,4,0,0,0,0,0,0,1,1,2,1,5,124,1,-1,6,1
2013450008705,1,9,0,6,0,0,0,0,0,0,3,1,2,1,5,954,1,15,4,1
2013450008705,2,8,0,13,0,0,0,0,0,0,1,1,1,1,9,2499,2,2,10,1
2013450008706,1,9,0,4,0,0,0,0,0,0,2,1,1,2,4,973,1,10,9,1
2013450008706,2,19,0,18,0,0,0,0,0,0,1,1,1,1,9,1968,2,-1,9,1
2013450008707,1,3,0,4,0,0,2,0,0,0,4,1,6,1,4,125,1,9,8,1
2013450008708,1,4,0,18,0,0,5,0,1,0,4,1,6,1,7,125,1,11,9,1
2013450008710,1,21,2,18,0,0,0,0,0,0,0,2,1,3,-1,-1,-1,-1,-1,-1
2013450008710,2,5,0,18,0,0,1,11,0,0,3,1,6,1,10,1202,1,2,4,1
2013450008711,1,9,0,16,0,8,1,0,0,0,1,1,6,2,4,1299,1,13,7,1
2013450008711,2,9,0,17,0,8,0,0,0,0,1,1,6,1,8,2398,1,15,9,1
2013450008713,1,9,0,17,0,0,1,0,7,4,1,1,6,1,4,1997,2,13,2,1
2013450008715,1,9,0,18,0,6,1,0,0,0,4,1,6,1,6,2295,1,15,10,1
2013450008717,1,9,0,18,0,1,1,0,0,0,1,1,6,2,4,1597,1,12,10,1
2013450008719,1,9,0,18,0,1,1,0,3,0,1,1,6,1,5,1587,1,12,-1,-1
2013450008722,1,1,0,9,0,5,2,0,0,0,0,1,6,1,8,-1,-1,-1,7,3
2013450008724,1,9,0,4,0,1,0,0,0,0,1,1,6,2,6,796,1,12,9,1
2013450008724,2,9,0,4,0,1,0,0,0,0,2,1,6,2,10,998,1,1,10,1
2013450008728,1,9,0,16,0,0,2,0,1,0,4,1,4,1,4,1600,1,14,10,1
2013450008733,1,9,0,17,0,0,1,0,1,0,1,1,6,2,6,1360,1,5,10,1
2013450008740,1,3,0,7,0,5,0,0,0,0,2,1,6,1,8,125,1,53,10,1
2013450008740,2,4,0,7,0,5,2,0,0,0,1,1,6,1,8,200,1,50,3,1
2013450008741,1,9,0,18,0,0,0,0,2,0,4,1,6,1,9,1498,1,3,9,1
2013450008746,1,9,0,18,0,0,0,0,0,0,1,1,2,1,8,-1,-1,-1,10,1
2013450008746,2,9,0,4,0,0,0,0,0,0,2,1,2,2,6,1242,1,2,3,1
2013450008750,1,9,0,18,0,0,0,0,0,0,1,1,6,1,9,1600,1,14,6,1
2013450008753,1,9,0,3,0,0,0,0,0,0,2,1,6,2,6,1598,1,9,3,1
2013450008753,2,9,0,18,0,0,0,0,0,0,1,1,6,2,-1,1124,1,8,7,1
2013450008756,1,9,0,3,0,8,1,0,0,0,1,1,6,2,10,1598,1,14,7,1
2013450008756,2,19,0,3,0,8,0,0,0,0,2,1,1,1,9,2463,2,7,7,1
2013450008757,1,9,0,7,0,1,0,0,0,0,4,1,1,2,6,1390,1,7,5,1
2013450008757,2,9,0,18,0,1,0,0,0,0,1,1,6,1,4,2982,2,-1,4,2
2013450008759,1,9,0,18,0,1,5,0,0,0,1,1,6,1,6,1910,2,3,7,1
2013450008761,1,9,0,16,0,0,1,0,1,3,3,1,1,2,7,1199,1,10,5,1
2013450008762,1,21,1,18,0,0,0,0,0,0,3,1,1,1,10,-1,-1,-1,-1,-1
2013450008762,2,19,0,18,0,0,0,0,0,0,4,1,1,1,7,1753,2,7,8,2
2013450008763,1,9,0,18,0,0,1,0,0,0,2,1,6,2,6,1390,1,12,8,1
2013450008763,2,9,0,18,0,0,2,0,0,0,1,1,6,2,8,1368,1,-1,8,3
2013450008764,1,11,0,18,0,0,0,0,0,0,0,1,6,1,10,9200,2,9,6,1
2013450008765,1,9,0,18,0,0,0,0,0,0,0,1,6,2,8,2987,2,5,9,1
2013450008770,1,19,0,18,0,0,0,0,2,0,4,1,2,1,8,1998,2,8,5,1
2013450008770,2,9,0,18,0,0,0,0,0,0,0,1,6,1,-1,-1,-1,-1,-1,-1
2013450008772,1,9,0,7,0,2,0,4,0,0,1,1,6,1,7,1769,1,9,5,1
2013450008772,2,21,1,2,0,1,0,4,0,0,2,1,6,1,6,10518,2,3,3,1
2013450008775,1,9,0,16,0,0,0,0,0,0,3,1,6,1,6,2967,2,6,5,1
2013450008775,2,19,0,16,0,0,0,0,0,0,1,1,1,1,8,2148,2,6,6,1
2013450008775,3,9,0,16,0,0,0,0,0,0,1,1,2,1,7,1242,1,2,10,1
2013450008776,1,1,0,18,0,0,0,0,0,0,0,1,2,1,7,-1,-1,-1,8,1
2013450008776,2,9,0,18,0,0,0,0,0,0,0,1,6,1,-1,-1,-1,-1,-1,-1
2013450008779,1,9,0,5,0,4,0,0,0,0,2,1,6,2,7,1242,1,2,7,2
2013450008779,2,9,0,5,0,4,0,0,0,0,1,1,6,3,-1,-1,-1,-1,-1,-1
2013450008781,1,1,0,18,0,0,0,0,0,0,0,1,2,2,6,-1,-1,-1,8,2
2013450008786,1,1,0,18,0,0,0,0,0,0,1,1,2,2,8,-1,-1,-1,10,1
2013450008789,1,1,0,9,0,2,1,11,0,0,4,1,6,1,-1,-1,-1,-1,7,3
2013450008791,1,9,0,18,0,1,0,0,0,0,0,1,6,1,7,1798,1,8,8,1
2013450008791,2,19,0,18,0,8,0,0,0,0,0,1,1,3,-1,-1,-1,-1,-1,-1
2013450008792,1,9,0,17,0,0,1,0,0,0,1,1,6,1,4,1997,2,9,8,3
2013450008795,1,9,0,1,0,0,0,0,0,0,2,1,1,1,5,1995,2,9,9,1
2013450008798,1,9,0,9,0,1,0,0,0,0,1,1,1,1,8,2148,2,6,10,1
2013450008798,2,9,0,18,0,1,0,0,0,0,1,1,2,1,7,-1,-1,-1,8,1
2013450008799,1,21,1,12,0,0,0,0,0,0,3,1,1,1,7,-1,-1,-1,-1,-1
2013450008799,2,9,0,18,0,0,1,0,4,6,4,1,1,2,9,1248,2,5,4,1
2013450008800,1,1,0,18,0,1,0,10,0,0,1,1,6,1,7,-1,-1,-1,10,1
2013450008802,1,9,0,4,0,1,0,0,0,0,1,1,6,2,7,2765,2,21,6,1
2013450008802,2,9,0,10,0,1,0,0,0,0,2,1,6,2,7,1598,2,1,8,1
2013450008803,1,9,0,18,0,0,2,0,1,0,1,1,6,1,5,1597,1,14,2,1
2013450008807,1,9,0,18,0,1,0,0,0,0,1,1,6,2,9,2979,1,11,10,1
2013450008807,2,9,0,9,0,1,0,0,0,0,2,1,6,2,11,1597,1,17,10,1
2013450008809,1,3,0,18,0,0,0,0,0,0,1,1,1,1,5,125,1,9,8,1
2013450008809,2,9,0,18,0,0,0,0,0,0,4,1,6,1,9,1332,1,8,4,1
2013450008811,1,9,0,6,0,0,0,0,0,0,3,1,6,1,10,2996,2,15,9,1
2013450008811,2,5,0,14,0,0,5,0,0,0,1,1,1,1,5,696,1,5,10,1
2013450008812,1,9,0,18,0,8,0,0,0,0,1,1,6,1,8,1796,1,7,4,1
2013450008812,2,9,0,18,0,8,0,0,0,0,3,1,6,1,6,1598,2,-1,10,2
2013450008812,3,9,0,9,0,2,0,0,0,0,0,1,6,3,-1,-1,-1,-1,-1,-1
2013450008814,1,9,0,10,0,0,0,0,0,0,2,1,3,2,6,1598,1,9,10,1
2013450008814,2,3,0,18,0,0,1,0,0,0,1,1,6,1,5,124,1,-1,8,1
2013450008815,1,9,0,18,0,0,0,0,0,0,1,1,6,1,7,1198,1,5,8,1
2013450008817,1,9,0,18,0,0,0,0,0,0,1,1,6,1,6,1390,1,13,9,1
2013450008817,2,9,0,2,0,0,0,0,0,0,2,1,6,1,10,1951,2,13,10,1
2013450008818,1,9,0,1,0,0,0,0,0,0,0,1,6,1,11,1299,1,11,9,1
2013450008819,1,3,0,4,0,1,5,0,0,0,1,1,6,1,5,125,1,1,5,1
2013450008819,2,9,0,3,0,1,0,0,0,0,2,1,6,2,8,1896,2,9,8,1
2013450008820,1,9,0,9,0,8,0,0,0,0,1,1,6,1,11,1199,1,11,10,1
2013450008820,2,1,0,10,0,1,0,0,0,0,3,1,6,1,8,-1,-1,-1,8,3
2013450008823,1,9,0,4,0,0,0,0,0,0,1,1,6,2,8,1398,1,7,3,1
2013450008823,2,9,0,4,0,0,0,0,0,0,2,1,6,1,7,1995,2,9,4,1
2013450008823,3,9,0,4,0,0,0,0,0,0,2,1,6,1,6,2793,1,15,5,1
2013450008823,4,9,0,4,0,0,0,0,0,0,2,1,6,1,8,-1,-1,-1,10,1
2013450008825,1,9,0,3,0,0,0,0,0,0,4,1,6,2,8,1796,1,10,3,1
2013450008825,2,9,0,4,0,0,0,0,0,0,1,1,6,2,6,1781,1,12,9,1
2013450008826,1,9,0,18,0,0,0,0,0,0,1,1,6,2,9,2000,1,6,10,3
2013450008826,2,9,0,18,0,0,0,0,1,10,1,1,6,1,8,-1,-1,-1,10,3
2013450008827,1,9,0,4,0,1,0,0,0,0,4,1,2,1,6,1596,1,1,9,1
2013450008827,2,1,0,18,0,8,0,0,0,0,1,1,6,1,4,-1,-1,-1,7,1
2013450008829,1,9,0,17,0,0,5,0,1,0,1,1,6,2,8,1339,1,8,10,1
2013450008831,1,21,1,12,0,0,0,0,0,0,3,1,1,1,8,-1,-1,-1,-1,-1
2013450008831,2,9,0,18,0,0,0,0,0,0,4,1,6,2,9,2996,1,8,6,3
2013450008831,3,9,0,18,0,0,0,0,0,0,4,1,6,1,8,2143,2,2,10,1
2013450008832,1,19,0,6,0,6,0,0,0,0,3,1,2,1,6,2151,2,11,5,1
2013450008832,2,9,0,18,0,1,0,0,0,0,1,1,2,1,4,1560,2,7,5,1
2013450008833,1,9,0,11,0,0,1,0,2,0,1,1,6,1,5,1796,1,6,1,1
2013450008834,1,9,0,7,0,3,0,0,0,0,2,1,6,1,10,1598,1,1,10,3
2013450008834,2,1,0,7,0,5,0,0,0,0,0,1,6,1,3,-1,-1,-1,10,2
2013450008835,1,9,0,3,0,1,0,0,0,0,2,1,6,2,7,-1,-1,-1,8,1
2013450008835,2,19,0,3,0,1,0,0,0,0,1,1,6,1,6,2198,2,4,8,1
2013450008835,3,9,0,9,0,6,0,0,0,0,0,1,6,1,-1,-1,-1,-1,-1,-1
2013450008836,1,9,0,18,0,0,2,0,1,0,1,1,6,1,8,3199,1,13,-1,-1
2013450008838,1,9,0,12,0,0,0,0,0,0,4,1,6,2,4,998,1,9,10,1
2013450008838,2,5,0,15,0,0,1,0,0,0,3,1,2,1,7,636,1,11,9,3
2013450008839,1,9,0,9,0,8,0,0,0,0,1,1,6,1,7,1900,2,13,7,1
2013450008839,2,9,0,18,0,1,0,0,0,0,1,1,6,1,7,1998,2,11,6,1
2013450008841,1,19,0,18,0,0,0,0,7,0,1,1,2,2,5,1560,2,2,10,1
2013450008843,1,9,0,9,0,8,0,0,0,0,3,1,6,1,11,1197,1,2,9,3
2013450008843,2,5,0,14,0,8,2,0,0,0,1,1,6,1,9,650,1,47,10,1
2013450008845,1,9,0,18,0,0,0,0,0,0,0,1,6,2,6,1598,1,3,7,2
2013450008845,2,1,0,18,0,0,0,0,0,0,3,1,6,1,3,-1,-1,-1,7,2
2013450008848,1,5,0,16,0,0,5,0,0,0,1,1,6,1,7,849,1,-1,8,1
2013450008848,2,9,0,17,0,0,0,0,0,0,3,1,6,1,10,1796,1,12,10,1
2013450008849,1,9,0,18,0,2,0,0,0,0,2,1,6,1,-1,-1,-1,-1,-1,-1
2013450008849,2,1,0,18,0,2,0,0,0,0,1,1,6,2,5,-1,-1,-1,10,1
2013450008854,1,9,0,15,0,0,1,0,1,0,3,1,6,1,6,1796,1,9,8,1
2013450008854,2,21,1,12,0,0,0,0,0,0,0,1,1,3,-1,-1,-1,-1,-1,-1
2013450008856,1,9,0,18,0,0,0,0,0,0,1,1,1,1,7,1124,1,16,5,1
2013450008858,1,1,0,9,0,1,0,0,0,0,3,1,6,1,7,-1,-1,-1,5,1
2013450008858,2,1,0,18,0,1,0,0,0,0,1,1,6,1,-1,-1,-1,-1,-1,-1
2013450008859,1,1,0,5,0,1,0,0,0,0,3,1,6,1,6,-1,-1,-1,10,1
2013450008859,2,9,0,18,0,1,0,0,0,0,4,1,6,3,-1,1390,1,9,-1,-1
2013450008864,1,9,0,9,0,8,0,0,0,0,4,1,6,1,8,1968,2,6,10,1
2013450008864,2,1,0,9,0,8,0,0,0,0,4,1,6,1,7,-1,-1,-1,7,1
2013450008869,1,9,0,1,9,0,0,0,0,0,2,1,6,2,7,1598,1,12,9,1
2013450008869,2,1,0,18,9,0,0,0,0,0,4,1,4,1,1,-1,-1,-1,9,1
2013450008870,1,3,0,18,0,1,0,0,4,0,1,1,6,1,6,124,1,3,8,1
2013450008871,1,9,0,13,0,0,0,0,0,0,3,1,6,1,7,-1,-1,-1,9,2
2013450008871,2,21,1,18,0,0,0,0,0,0,4,1,1,1,7,-1,-1,-1,-1,-1
2013450008873,1,1,0,18,9,0,0,0,0,0,1,1,2,1,8,-1,-1,-1,9,2
2013450008874,1,1,0,18,0,0,0,0,0,0,1,1,6,1,3,-1,-1,-1,10,2
2013450008874,2,9,0,2,0,0,0,0,0,0,2,1,6,3,-1,-1,-1,-1,-1,-1
2013450008874,3,9,0,13,0,0,0,0,0,0,2,1,6,3,-1,-1,-1,-1,-1,-1
2013450008875,1,9,0,5,0,0,0,0,0,0,1,1,4,2,10,-1,-1,-1,8,3
2013450008876,1,9,0,18,0,0,0,0,0,0,1,1,6,1,9,1242,1,9,10,1
2013450008876,2,9,0,18,0,0,0,0,0,0,2,1,6,2,6,-1,-1,-1,10,1
2013450008880,1,9,0,18,0,0,0,0,0,0,1,1,1,1,6,1598,1,6,10,1
2013450008880,2,9,0,18,0,0,0,0,0,0,2,1,1,1,6,-1,-1,-1,3,1
2013450008880,3,9,0,18,0,0,0,0,0,0,2,1,1,2,6,1390,1,2,7,3
2013450008880,4,9,0,18,0,0,0,0,0,0,2,1,1,1,7,1968,2,-1,8,1
2013450008882,1,9,0,18,0,0,0,0,0,0,2,1,6,1,7,1997,2,-1,8,1
2013450008882,2,9,0,18,0,0,0,0,0,0,2,1,6,2,7,1997,2,1,9,1
2013450008882,3,9,0,18,0,0,0,0,0,0,1,1,6,1,7,1386,1,1,5,1
2013450008883,1,9,0,7,0,4,0,0,0,0,1,1,6,2,9,1798,1,8,8,1
2013450008883,2,1,0,18,0,8,0,0,0,0,3,1,6,1,4,-1,-1,-1,10,1
2013450008885,1,9,0,12,0,0,0,0,0,0,1,1,6,1,6,1587,1,17,-1,-1
2013450008885,2,9,0,3,0,0,0,0,0,0,2,1,6,1,8,2987,2,4,10,1
2013450008887,1,9,0,2,0,0,0,0,0,0,0,1,1,1,7,2993,2,-1,-1,-1
2013450008887,2,3,0,18,0,0,0,0,0,0,1,1,6,1,5,124,1,-1,6,1
2013450008887,3,9,0,4,0,0,0,0,0,0,0,1,6,2,8,2495,2,22,4,1
2013450008888,1,9,0,15,0,0,0,0,0,0,4,1,6,1,7,1896,2,5,3,1
2013450008888,2,21,1,18,0,0,0,0,0,0,3,1,1,1,8,-1,-1,-1,-1,-1
2013450008889,1,9,0,18,0,0,1,7,5,0,1,1,6,1,8,1339,1,11,5,1
2013450008890,1,9,0,18,0,1,0,0,0,0,1,1,6,2,5,1390,1,6,9,3
2013450008890,2,9,0,18,0,1,0,0,0,0,1,1,6,1,8,2405,1,5,10,2
2013450008892,1,9,0,9,0,1,0,0,0,0,2,1,6,1,10,1124,1,14,10,1
2013450008892,2,3,0,18,0,1,0,0,0,0,1,1,6,1,4,124,1,-1,4,1
2013450008893,1,9,0,18,0,0,0,0,0,0,3,1,3,2,6,1390,1,4,10,1
2013450008895,1,9,0,5,0,1,0,0,0,0,1,1,2,2,5,1587,1,13,8,1
2013450008895,2,11,0,3,0,1,0,0,0,0,2,1,1,1,6,3900,2,9,6,1
2013450008897,1,9,0,17,0,0,0,0,0,0,4,1,1,2,8,1998,2,12,8,1
2013450008897,2,9,0,16,0,0,0,0,0,0,1,1,1,2,9,1242,1,16,7,1
2013450008898,1,9,0,18,0,0,0,0,0,0,1,1,1,1,7,2143,2,2,10,1
2013450008898,2,9,0,18,0,0,0,0,4,0,1,1,2,1,9,1986,2,8,6,1
2013450008898,3,9,0,18,0,0,0,0,0,0,3,1,2,1,6,1388,1,3,10,1
2013450008900,1,1,0,7,0,1,1,0,0,0,1,1,6,2,7,-1,-1,-1,10,1
2013450008900,2,9,0,8,0,1,0,0,0,0,3,1,6,1,9,1388,1,9,6,2
2013450008901,1,9,0,18,0,8,0,0,0,0,4,1,6,2,10,1339,1,4,10,1
2013450008901,2,1,0,9,4,8,0,0,0,0,3,1,4,1,3,-1,-1,-1,10,1
2013450008902,1,9,0,14,0,4,0,0,0,0,2,1,6,1,6,1781,1,10,9,1
2013450008902,2,9,0,7,0,6,0,0,0,0,1,1,6,2,4,1299,1,10,6,1
2013450008903,1,9,0,18,0,7,1,7,7,11,1,1,6,1,5,1968,2,6,-1,-1
2013450008903,2,9,0,18,0,7,0,0,0,0,0,1,1,1,6,2993,2,1,-1,-1
2013450008904,1,9,0,18,0,0,1,0,0,0,1,1,6,1,7,1360,1,3,10,1
2013450008904,2,9,0,18,0,0,1,0,0,0,1,1,2,1,9,-1,-1,-1,8,2
2013450008904,3,9,0,18,0,0,0,0,0,0,0,1,6,1,-1,-1,-1,-1,-1,-1
2013450008905,1,3,0,18,0,4,0,0,0,0,1,1,6,1,10,124,1,28,8,1
2013450008905,2,9,0,9,0,4,0,0,0,0,4,1,6,1,4,1360,1,7,9,1
2013450008906,1,9,0,18,0,0,0,0,0,0,1,1,2,2,6,1895,1,13,5,1
2013450008906,2,9,0,18,0,0,0,0,0,0,2,1,2,2,6,1598,2,1,6,1
2013450008906,3,9,0,18,0,0,0,0,0,0,2,1,6,1,-1,-1,-1,-1,-1,-1
2013450008906,4,9,0,18,0,0,0,0,0,0,2,1,6,1,-1,-1,-1,-1,-1,-1
2013450008909,1,9,0,17,0,0,1,0,0,0,1,1,6,1,8,2495,2,24,7,3
2013450008909,2,9,0,16,0,0,0,0,0,0,1,1,6,2,4,998,1,11,10,1
2013450008910,1,4,0,16,0,0,5,12,0,0,1,1,6,1,6,599,1,11,10,1
2013450008911,1,9,0,18,0,1,0,0,0,10,3,1,6,1,4,1149,1,10,7,3
2013450008911,2,9,0,7,0,1,0,0,0,0,4,1,6,2,6,998,1,4,10,1
2013450008913,1,3,0,7,0,7,1,0,0,0,4,1,2,1,4,-1,-1,-1,-1,-1
2013450008922,1,9,0,3,0,1,0,0,0,0,2,1,6,2,8,1299,1,14,8,2
2013450008922,2,9,0,3,0,1,0,0,0,0,1,1,6,1,10,1248,1,1,4,1
2013450008922,3,9,0,3,0,1,0,0,0,0,0,1,6,1,-1,-1,-1,-1,-1,-1
2013450008923,1,9,0,18,0,0,0,6,0,0,4,1,1,1,8,-1,-1,-1,3,1
2013450008926,1,21,1,12,0,0,0,0,0,0,3,2,1,1,7,-1,-1,-1,-1,-1
2013450008926,2,9,0,18,0,0,0,0,0,0,4,1,6,1,8,1389,1,10,2,1
2013450008929,1,9,0,9,0,8,0,0,0,0,4,1,6,1,6,1896,2,14,10,1
2013450008929,2,9,0,18,0,1,0,0,0,0,1,1,6,1,7,1968,2,9,10,1
2013450008932,1,9,0,18,0,0,1,0,0,0,1,1,6,3,-1,2200,2,21,-1,-1
2013450008939,1,17,0,18,0,0,0,0,0,0,3,1,1,1,9,4525,2,1,8,3
2013450008939,2,5,0,16,0,0,0,0,1,11,4,1,6,1,7,-1,-1,-1,9,1
2013450008941,1,9,0,9,0,1,0,0,0,0,3,1,6,1,10,1798,1,1,9,1
2013450008941,2,9,0,18,0,1,0,0,0,0,1,1,6,1,6,1390,1,-1,4,1
2013450008943,1,9,0,16,0,0,5,0,0,0,1,1,6,1,8,1968,2,1,10,1
2013450008945,1,9,0,18,0,0,1,0,1,9,1,1,2,1,5,1118,1,21,5,1
2013450008945,2,21,1,18,0,0,0,0,0,0,3,1,1,1,8,12777,2,1,2,1
2013450008946,1,19,0,18,0,0,1,0,0,0,1,1,6,1,5,1968,2,1,2,1
2013450008946,2,9,0,4,0,0,0,0,0,0,2,1,6,2,6,1995,2,4,6,1
2013450008946,3,9,0,4,0,0,0,0,0,0,2,1,6,1,8,1896,2,4,9,1
2013450008950,1,9,0,5,8,0,0,0,0,0,3,1,6,1,10,1968,2,5,9,1
2013450008950,2,9,0,18,0,0,0,0,0,0,1,1,6,1,5,998,1,14,8,1
2013450008955,1,9,0,9,0,8,0,0,0,0,4,1,6,2,6,1399,1,2,10,3
2013450008955,2,9,0,18,0,1,0,0,0,0,1,1,6,1,11,1400,2,7,10,1
2013450008956,1,9,0,4,0,1,0,0,0,0,2,1,6,2,5,1242,1,2,10,1
2013450008956,2,9,0,5,0,1,0,0,0,0,1,1,6,2,6,1796,1,9,10,1
2013450008957,1,9,0,18,0,0,1,0,1,0,1,1,6,1,6,1895,1,13,7,1
2013450008958,1,9,0,18,0,0,1,0,1,6,1,1,6,2,5,1388,1,7,10,1
2013450008959,1,9,0,5,0,6,0,0,0,0,3,1,6,1,10,1997,2,12,-1,1
2013450008959,2,1,0,17,0,1,0,0,0,0,1,1,6,1,7,-1,-1,-1,10,1
2013450008960,1,9,0,16,0,3,1,0,1,9,1,1,3,2,8,1596,1,16,8,1
2013450008963,1,9,0,18,0,8,0,0,7,2,1,1,6,2,6,1988,1,10,10,1
2013450008966,1,9,0,16,0,0,0,0,0,0,1,1,6,1,10,1391,1,14,8,1
2013450008966,2,9,0,17,0,0,0,0,0,0,1,1,6,1,11,1997,1,9,8,1
2013450008968,1,9,0,17,0,0,1,0,2,0,3,1,6,1,4,1910,2,8,2,1
2013450008975,1,9,0,1,0,0,0,0,0,0,4,1,1,3,-1,1896,2,5,-1,-1
2013450008976,1,9,0,3,0,0,0,0,0,0,2,1,6,1,6,1984,1,6,4,1
2013450008976,2,9,0,1,0,0,0,0,0,0,1,1,6,1,-1,1783,1,12,6,2
2013450008976,3,1,0,3,0,0,0,0,0,0,1,1,6,3,-1,-1,-1,-1,-1,-1
2013450008978,1,9,0,17,0,0,0,0,0,0,1,1,6,3,-1,-1,-1,-1,-1,-1
2013450008979,1,9,0,18,0,7,0,0,0,0,2,1,6,1,7,1896,2,9,8,1
2013450008979,2,19,0,18,0,7,0,0,0,0,1,1,1,1,-1,2402,2,11,-1,-1
2013450008980,1,9,0,9,0,6,0,0,0,0,3,1,1,2,5,1299,1,7,10,1
2013450008980,2,9,0,18,0,1,0,0,0,0,1,1,1,2,7,1596,1,8,4,1
2013450008981,1,5,0,13,0,1,1,0,0,0,0,1,6,1,8,645,1,14,8,1
2013450008981,2,9,0,10,0,1,0,0,0,0,2,1,6,2,6,1390,1,14,6,3
2013450008983,1,9,0,5,0,0,0,0,0,0,1,1,6,2,11,1598,1,8,9,1
2013450008984,1,9,4,13,0,0,0,0,0,0,4,1,6,1,7,2495,2,11,10,3
2013450008984,2,9,0,18,0,0,0,0,0,0,3,1,6,2,5,1399,2,1,10,1
2013450008985,1,5,0,18,0,0,1,0,1,0,4,1,6,1,6,599,1,14,6,1
2013450008986,1,9,0,9,0,5,0,0,0,0,1,1,6,1,8,1781,1,14,10,3
2013450008986,2,9,0,18,0,8,0,0,0,0,1,1,6,2,6,1798,1,9,9,3
2013450008987,1,9,0,16,0,0,0,0,0,0,1,1,6,1,10,1781,1,14,8,1
2013450008987,2,9,0,17,0,0,0,0,0,0,3,1,6,2,9,1781,1,13,4,3
2013450008988,1,9,0,4,0,1,0,0,0,0,1,1,6,2,11,1997,1,15,10,1
2013450008988,2,9,0,3,0,1,0,0,0,0,2,1,6,2,8,1587,1,14,6,1
2013450008989,1,9,0,9,0,5,0,0,0,0,1,1,6,1,5,1590,1,11,8,1
2013450008989,2,9,0,18,0,1,0,0,0,0,1,1,6,1,9,1461,2,2,10,1
2013450008996,1,19,0,9,0,6,0,0,0,0,1,1,6,1,4,2402,2,7,4,1
2013450008996,2,9,0,18,0,1,0,0,0,0,1,1,6,1,9,1388,1,6,7,1
2013450008998,1,21,0,18,0,0,0,0,0,0,4,1,1,1,9,12900,2,2,5,1
2013450008998,2,9,0,18,0,0,0,0,0,0,3,1,6,2,6,1598,1,1,10,1
2013450008998,3,9,0,18,0,0,0,0,0,0,1,1,6,2,8,2204,2,6,10,1
2013450009001,1,9,0,4,0,1,0,0,0,0,4,1,6,1,8,1910,2,6,10,1
2013450009008,1,9,0,18,0,8,0,0,0,0,4,1,2,2,7,1905,2,15,7,1
2013450009008,2,19,0,7,0,8,0,0,0,0,3,1,6,2,7,1753,2,10,9,1
2013450009009,1,9,0,3,0,0,1,0,0,0,1,1,3,2,4,1397,1,4,9,1
2013450009009,2,9,0,3,0,0,0,0,0,0,2,1,2,2,6,1368,1,4,7,1
2013450009011,1,9,0,16,0,0,1,0,0,0,4,1,6,1,5,1388,1,2,5,1
2013450009011,2,9,0,16,0,0,0,0,0,0,3,1,6,1,8,1149,1,3,7,1
2013450009012,1,9,0,18,0,1,0,0,0,0,1,1,1,1,7,-1,-1,-1,10,3
2013450009012,2,9,0,9,0,5,0,0,0,0,2,1,1,2,4,1149,1,11,10,2
2013450009016,1,9,0,10,0,1,0,0,0,0,4,1,6,2,6,998,1,13,5,1
2013450009016,2,9,0,18,0,1,0,0,0,0,3,1,6,2,8,1997,2,7,9,1
2013450009017,1,9,0,3,0,1,0,0,0,0,1,1,2,1,6,1800,2,11,-1,-1
2013450009017,2,5,0,3,0,1,0,0,0,0,2,1,2,1,8,750,1,15,4,1
2013450009018,1,9,0,18,0,0,0,0,0,0,4,1,1,1,6,1956,2,2,7,3
2013450009019,1,9,0,17,0,1,1,0,0,0,3,1,6,1,6,1390,1,16,7,1
2013450009019,2,9,0,18,9,1,0,0,7,0,1,1,6,1,6,1596,1,17,3,1