Accident_Index,Vehicle_Reference,Vehicle_Type,Towing_and_Articulation,Vehicle_Manoeuvre,Vehicle_Location-Restricted_Lane,Junction_Location,Skidding_and_Overturning,Hit_Object_in_Carriageway,Vehicle_Leaving_Carriageway,Hit_Object_off_Carriageway,1st_Point_of_Impact,Was_Vehicle_Left_Hand_Drive?,Journey_Purpose_of_Driver,Sex_of_Driver,Age_Band_of_Driver,Engine_Capacity_(CC),Propulsion_Code,Age_of_Vehicle,Driver_IMD_Decile,Driver_Home_Area_Type
2013450009019,3,9,0,2,9,1,0,0,0,0,1,1,6,1,-1,1598,1,5,9,1
2013450009020,1,9,0,18,0,0,0,0,0,0,3,1,6,1,5,1560,2,5,9,1
2013450009021,1,9,0,9,0,5,0,0,0,0,3,1,6,1,11,1199,1,10,9,1
2013450009022,1,9,0,18,0,0,2,0,0,0,3,1,6,1,8,1896,2,10,10,1
2013450009023,1,1,0,17,0,0,5,0,1,0,1,1,6,1,4,-1,-1,-1,9,1
2013450009023,2,1,0,17,0,0,5,0,1,0,1,1,6,1,6,-1,-1,-1,10,1
2013450009023,3,1,0,17,0,0,5,0,1,0,1,1,6,2,8,-1,-1,-1,10,1
2013450009024,1,9,0,2,0,0,0,0,1,0,2,1,6,2,8,1240,1,3,9,1
2013450009024,2,21,1,18,0,0,3,0,1,0,1,1,6,1,7,-1,-1,-1,3,1
2013450009024,3,9,0,18,0,0,2,0,0,0,1,1,6,1,5,1598,1,9,9,1
2013450009024,4,9,0,18,0,0,1,0,1,0,1,1,6,1,5,-1,-1,-1,5,1
2013450009024,5,9,0,18,0,0,0,0,1,0,1,1,6,1,9,2316,1,23,10,1
2013450009024,6,19,0,2,0,0,0,0,0,0,2,1,6,1,6,-1,-1,-1,6,1
2013450009024,7,9,0,18,0,0,0,0,0,0,1,1,6,1,5,1796,1,11,6,1
2013450009025,1,9,0,18,0,0,1,0,1,0,1,1,6,1,6,1598,1,13,10,1
2013450009025,2,9,0,18,0,0,0,0,0,0,0,1,6,3,-1,-1,-1,-1,-1,-1
2013450009028,1,5,0,16,0,0,1,10,0,0,1,1,6,1,7,998,1,6,7,1
2013450009029,1,9,0,15,0,0,0,0,2,0,4,1,6,1,-1,1364,1,4,-1,-1
2013450009029,2,9,0,18,0,0,0,0,0,0,3,1,6,1,6,1686,2,7,9,1
2013450009029,3,9,0,18,0,0,0,0,0,0,1,1,1,1,-1,2993,2,1,-1,-1
2013450009032,1,1,0,18,0,0,0,0,0,0,1,1,1,1,7,-1,-1,-1,10,2
2013450009034,1,9,0,12,0,0,0,0,4,6,3,1,6,1,7,-1,-1,-1,1,1
2013450009034,2,9,0,18,0,0,0,0,4,6,4,1,6,1,6,-1,-1,-1,8,1
2013450009039,1,9,0,18,0,3,0,0,0,0,1,1,2,2,6,1910,2,7,9,3
2013450009039,2,9,0,18,0,3,0,0,0,0,2,1,1,1,7,1896,2,11,3,1
2013450009043,1,9,0,18,0,1,5,0,1,0,4,1,6,1,5,1149,1,9,10,1
2013450009043,2,9,0,18,0,1,0,0,1,0,0,1,6,1,-1,-1,-1,-1,-1,-1
2013450009044,1,1,0,18,0,1,1,0,0,0,1,1,6,1,8,-1,-1,-1,10,1
2013450009044,2,9,0,7,0,6,0,0,0,0,2,1,6,2,5,1242,1,6,10,1
2013450009046,1,21,0,2,0,0,0,0,0,0,2,1,1,1,10,12900,2,5,7,1
2013450009046,2,19,0,18,0,0,0,0,0,0,1,1,1,1,8,2287,2,1,3,1
2013450009048,1,19,0,15,0,0,1,0,4,0,1,1,1,1,9,1686,2,8,7,1
2013450009048,2,21,0,18,0,0,0,0,0,0,2,1,1,1,8,7790,2,4,4,1
2013450009051,1,9,0,3,0,1,0,0,0,0,1,1,2,1,7,6208,1,5,10,1
2013450009051,2,5,0,3,0,1,0,0,0,0,2,1,2,1,5,1170,1,-1,10,2
2013450009051,3,9,0,3,0,1,0,0,0,0,2,1,6,1,4,1995,1,10,6,1
2013450009056,1,9,0,17,0,0,1,0,0,0,1,1,2,1,7,1299,1,13,4,1
2013450009056,2,9,0,16,0,0,0,0,0,0,1,1,6,1,5,1968,2,1,3,1
2013450009057,1,3,0,14,0,0,0,0,0,0,1,1,6,2,6,124,1,-1,10,1
2013450009057,2,9,0,3,0,0,0,0,0,0,2,1,6,2,8,1591,1,1,8,1
2013450009061,1,9,0,16,0,0,1,0,0,0,1,1,1,1,5,1360,1,13,5,1
2013450009061,2,19,0,4,0,0,0,0,0,0,2,1,2,1,9,1461,2,1,10,1
2013450009061,3,9,0,4,0,0,0,0,0,0,2,1,6,2,7,1968,2,5,6,1
2013450009062,1,2,0,14,0,1,1,0,0,0,3,1,3,1,4,49,1,15,9,1
2013450009062,2,9,0,9,0,6,0,0,0,0,1,1,6,2,6,1398,1,2,10,1
2013450009064,1,9,0,18,0,0,0,0,0,0,1,1,6,1,4,1198,1,8,10,1
2013450009064,2,9,0,3,0,0,0,0,0,0,2,1,6,2,7,1598,1,6,10,1
2013450009065,1,9,0,5,0,4,0,0,0,0,1,1,6,1,10,1560,2,1,10,1
2013450009065,2,1,0,18,0,8,0,0,0,0,2,1,6,1,7,-1,-1,-1,10,1
2013450009066,1,9,0,18,0,0,0,0,7,0,1,1,2,1,9,2987,2,2,9,1
2013450009067,1,9,0,6,0,8,0,0,0,0,0,1,1,1,8,1398,1,-1,-1,-1
2013450009067,2,3,0,18,0,8,0,0,0,0,4,1,6,1,5,124,1,-1,8,1
2013450009071,1,9,0,11,0,0,0,0,0,0,0,1,6,3,-1,-1,-1,-1,-1,-1
2013450009071,2,9,0,11,0,0,1,0,5,0,3,1,6,1,6,1596,1,11,6,1
2013450009072,1,9,0,2,0,0,0,0,0,0,0,1,6,1,9,-1,-1,-1,7,1
2013450009072,2,9,0,18,0,0,0,0,0,0,3,1,6,1,-1,-1,-1,-1,-1,-1
2013450009075,1,9,0,12,0,0,0,0,1,0,3,1,6,1,6,2172,2,9,10,1
2013450009075,2,11,0,18,0,0,0,0,0,0,4,1,1,2,8,11967,2,6,-1,1
2013450009079,1,1,0,18,0,0,1,0,1,0,1,1,6,1,8,-1,-1,-1,10,1
2013450009080,1,1,0,16,0,0,1,0,0,0,1,1,6,1,4,-1,-1,-1,9,1
2013450009081,1,9,0,18,0,1,0,0,0,0,1,1,6,1,6,1461,2,10,3,1
2013450009081,2,9,0,9,0,1,1,0,0,0,3,1,6,2,9,1390,1,4,10,1
2013450009082,1,9,0,3,0,1,0,0,0,0,2,1,3,2,7,2198,1,7,10,1
2013450009082,2,9,0,4,0,1,0,0,0,0,1,1,6,3,-1,-1,-1,-1,-1,-1
2013450009083,1,9,0,4,0,0,0,0,0,0,2,1,1,1,10,1242,1,-1,9,1
2013450009083,2,9,0,4,0,0,0,0,0,0,1,1,6,1,7,1896,2,16,5,1
2013450009084,1,9,0,14,9,1,0,0,0,0,0,1,6,3,5,1796,1,11,10,1
2013450009088,1,9,0,17,0,0,1,0,8,4,1,1,2,2,6,1364,1,6,7,1
2013450009089,1,9,0,13,0,0,2,4,8,0,3,1,6,1,5,1493,1,19,10,1
2013450009089,2,9,0,2,6,0,0,0,0,0,3,1,6,2,7,2171,2,11,10,1
2013450009089,3,9,0,4,9,0,0,0,0,0,0,1,6,2,7,1900,2,8,9,1
2013450009089,4,9,0,18,0,0,0,0,0,0,0,1,6,2,7,1389,1,14,9,1
2013450009091,1,9,0,5,0,0,0,0,3,11,1,1,6,2,11,1360,1,5,10,1
2013450009093,1,9,0,13,0,0,0,0,0,0,4,1,6,1,7,2720,2,6,10,1
2013450009093,2,1,0,18,0,0,0,0,0,0,2,1,6,1,6,-1,-1,-1,9,1
2013450009094,1,9,0,18,0,8,0,0,0,0,4,1,6,1,7,2993,2,3,10,1
2013450009094,2,9,0,2,0,8,0,0,0,0,3,1,6,1,6,1998,2,7,7,1
2013450009095,1,9,0,18,0,1,0,0,0,0,1,1,6,1,6,-1,-1,-1,4,1
2013450009095,2,1,0,18,0,1,0,0,0,0,2,1,6,1,8,-1,-1,-1,4,1
2013450009097,1,22,0,18,0,0,5,0,1,0,1,1,6,2,10,-1,-1,-1,7,1
2013450009097,2,9,0,18,0,0,0,0,0,0,1,1,6,2,6,1598,1,14,6,1
2013450009099,1,5,0,18,0,1,0,0,0,0,1,1,2,1,5,600,1,7,4,1
2013450009099,2,9,0,8,0,2,0,0,0,0,2,1,2,1,7,1994,1,5,9,1
2013450009103,1,9,0,18,0,0,0,0,1,0,1,1,6,1,9,1997,2,9,7,3
2013450009104,1,9,0,16,0,5,1,0,1,2,2,1,1,1,7,1769,1,9,5,1
2013450009106,1,1,0,18,0,1,0,0,0,0,0,1,6,2,3,-1,-1,-1,9,1
2013450009108,1,9,0,18,0,0,1,0,1,2,1,1,6,2,9,1390,1,6,10,1
2013450009113,1,9,0,18,0,0,1,11,1,11,1,1,6,2,10,1796,1,12,2,1
2013450009114,1,9,0,11,0,0,1,0,1,0,1,1,6,2,7,1896,2,6,10,1
2013450009114,2,9,0,11,0,0,0,0,0,0,0,1,6,3,-1,-1,-1,-1,-1,-1
2013450009115,1,9,0,5,0,8,0,0,0,0,2,1,6,2,8,1598,1,11,8,1
2013450009115,2,9,0,5,0,8,0,0,0,0,1,1,6,1,6,1560,2,1,9,1
2013450009115,3,9,0,4,0,8,0,0,0,0,0,1,6,3,-1,-1,-1,-1,-1,-1
2013450009116,1,9,0,9,0,6,0,0,0,0,3,1,6,2,11,998,1,11,9,1
2013450009116,2,9,0,18,0,1,0,0,0,0,1,1,6,1,7,1896,2,9,9,1
2013450009121,1,9,0,18,0,4,1,0,0,0,1,1,6,1,7,1997,2,9,4,2
2013450009121,2,9,0,7,0,4,1,0,0,0,2,1,6,2,6,1596,1,7,3,1
2013450009124,1,11,0,18,0,0,0,0,0,0,1,1,1,1,-1,-1,-1,-1,-1,-1
2013450009127,1,9,0,9,0,8,0,0,0,0,1,1,6,1,8,2148,2,12,3,1
2013450009131,1,1,0,10,0,1,0,0,0,0,1,1,2,1,9,-1,-1,-1,6,1
2013450009131,2,19,0,17,0,8,0,0,0,0,1,1,6,1,7,2143,2,2,9,1
2013450009141,1,9,0,18,0,0,1,0,4,0,1,1,6,1,6,3960,1,18,7,1
2013450009141,2,19,0,12,0,0,0,0,0,0,3,1,2,1,9,2460,2,5,9,1
2013450009142,1,3,0,4,0,0,5,0,0,0,3,1,6,1,6,124,1,6,7,1
2013450009145,1,9,0,11,0,1,0,0,0,0,4,1,6,2,10,1590,1,11,10,1
2013450009145,2,9,0,18,0,1,0,0,0,0,4,1,6,2,11,1596,1,4,6,1
2013450009147,1,9,0,9,0,8,0,0,0,0,1,1,6,2,10,1399,2,10,3,1
2013450009147,2,9,0,18,0,8,0,0,0,0,1,1,6,2,6,796,1,13,9,2
2013450009150,1,9,0,18,0,0,0,0,0,0,1,1,6,1,11,2995,1,16,10,1
2013450009150,2,11,0,3,0,0,0,0,0,0,2,1,1,1,8,7140,2,3,10,3
2013450009151,1,9,0,18,0,1,0,0,0,0,1,1,6,2,5,1198,1,-1,10,1
2013450009151,2,9,0,18,0,2,0,0,1,0,1,1,6,1,9,1248,1,4,5,1
2013450009159,1,9,0,18,0,0,1,0,0,0,1,1,1,1,5,1248,2,2,7,1
2013450009159,2,9,0,4,0,0,0,0,0,0,2,1,1,1,8,2926,2,11,10,1
2013450009159,3,9,0,4,0,0,0,0,0,0,2,1,1,1,6,2204,2,6,4,1
2013450009160,1,9,0,18,0,0,1,0,0,0,1,1,6,2,5,998,1,1,4,1
2013450009160,2,9,0,18,0,0,0,0,0,0,3,1,6,2,7,1388,1,9,6,1
2013450009164,1,9,0,18,0,0,0,0,0,0,2,1,2,2,8,1598,2,-1,10,1
2013450009164,2,5,0,18,0,0,2,0,0,0,1,1,2,1,8,998,1,14,9,1
2013450009165,1,9,0,18,0,0,0,0,0,0,3,1,6,2,7,1398,1,2,10,2
2013450009168,1,9,0,18,0,8,0,0,0,0,1,1,1,2,7,999,1,-1,9,1
2013450009168,2,9,0,9,0,8,0,0,0,0,4,1,6,1,6,1360,1,12,8,1
2013450009169,1,19,0,9,0,3,0,0,0,0,3,1,1,1,9,2148,2,5,9,1
2013450009169,2,1,0,17,0,4,0,0,0,0,4,1,6,1,6,-1,-1,-1,2,1
2013450009174,1,1,0,16,0,0,5,10,0,0,4,1,6,1,6,-1,-1,-1,10,1
2013450009175,1,9,0,18,0,2,0,0,0,0,4,1,6,2,8,-1,-1,-1,5,3
2013450009176,1,9,0,18,0,0,0,0,0,0,1,1,6,2,6,1390,1,1,9,1
2013450009176,2,9,0,18,0,0,0,0,0,0,2,1,6,3,10,1596,1,10,7,1
2013450009176,3,9,0,13,0,0,0,0,0,0,0,1,6,3,-1,-1,-1,-1,-1,-1
2013450009178,1,9,0,18,0,0,0,0,0,0,1,1,6,2,6,1753,2,7,6,1
2013450009178,2,9,0,18,0,0,0,0,0,0,1,1,6,2,11,1499,1,6,6,1
2013450009178,3,9,0,2,9,0,0,0,0,0,2,1,6,1,8,1398,2,6,6,1
2013450009178,4,9,0,2,9,0,0,0,0,0,2,1,6,2,8,1598,1,7,6,1
2013450009178,5,2,0,2,0,0,0,0,0,0,4,1,6,1,4,49,1,15,8,1
2013450009179,1,9,0,18,0,1,0,0,0,0,3,1,6,3,-1,-1,-1,-1,-1,-1
2013450009180,1,9,0,18,0,0,0,0,1,0,1,1,6,2,4,1360,1,9,9,1
2013450009181,1,9,0,18,0,0,0,0,7,0,1,1,1,1,6,1124,1,10,7,3
2013450009181,2,21,1,18,0,0,0,0,0,0,0,1,1,3,-1,-1,-1,-1,-1,-1
2013450009184,1,9,0,14,0,0,0,0,0,0,0,1,6,1,-1,-1,-1,-1,-1,-1
2013450009184,2,9,0,18,0,0,0,0,1,4,1,1,1,1,5,-1,-1,-1,3,2
2013450009185,1,9,0,2,4,0,0,0,0,0,2,1,6,1,10,3222,2,10,6,1
2013450009185,2,1,0,15,4,0,0,0,0,0,1,1,6,1,7,-1,-1,-1,10,1
2013450009186,1,4,0,4,0,4,1,0,0,0,0,1,6,1,4,498,1,13,9,1
2013450009192,1,9,0,2,0,0,0,0,0,0,1,1,1,1,7,1951,2,9,10,3
2013450009192,2,9,0,1,0,0,0,0,0,0,2,1,6,2,11,1339,1,5,10,1
2013450009193,1,9,0,9,0,5,0,0,0,0,4,1,6,1,11,3969,1,19,8,3
2013450009193,2,9,0,18,0,1,0,0,0,0,1,1,6,1,5,-1,-1,-1,7,2
2013450009194,1,9,0,1,0,0,0,0,0,0,1,1,6,1,11,1998,1,11,9,3
2013450009194,2,9,0,4,0,0,0,0,0,0,1,1,6,2,8,1388,1,6,9,1
2013450009197,1,9,0,18,0,0,0,4,1,0,1,1,1,1,7,1598,1,7,3,1
2013450009197,2,9,0,2,6,0,0,0,0,0,3,1,6,1,7,2204,2,4,7,3
2013450009197,3,9,0,2,6,0,0,0,0,0,2,1,6,3,-1,2497,1,11,7,2
2013450009197,4,9,0,2,6,0,0,0,0,0,1,1,6,1,7,1896,2,3,6,1
2013450009199,1,9,0,5,0,1,0,0,0,0,2,1,1,2,7,1995,2,1,10,1
2013450009199,2,9,0,5,0,1,0,0,0,0,1,1,6,1,-1,-1,-1,-1,-1,-1
2013450009201,1,9,0,9,0,6,0,0,0,0,3,1,2,2,4,1124,1,13,10,2
2013450009201,2,5,0,14,0,1,0,0,0,0,1,1,2,1,6,656,1,4,10,1
2013450009202,1,9,0,18,0,0,0,0,0,0,1,1,6,1,8,1560,2,-1,9,1
2013450009202,2,9,0,18,0,0,1,0,1,0,2,1,6,2,10,1199,1,9,8,1
2013450009202,3,11,0,18,0,0,0,0,0,0,3,1,3,1,8,6370,2,9,3,1
2013450009203,1,3,0,18,0,8,0,0,0,0,1,1,6,1,4,124,1,1,9,3
2013450009203,2,9,0,18,0,4,0,0,0,0,3,1,6,2,7,1596,1,7,9,2
2013450009205,1,1,0,18,0,0,2,0,0,0,1,1,6,1,7,-1,-1,-1,6,1
2013450009206,1,9,0,4,0,1,0,0,0,0,1,1,2,1,6,1398,2,10,10,1
2013450009206,2,9,0,3,0,1,0,0,0,0,2,1,2,1,9,1598,2,-1,10,3
2013450009207,1,9,0,9,0,5,0,0,0,0,1,1,6,2,5,1229,1,2,9,1
2013450009207,2,9,0,18,0,1,0,0,0,0,1,1,6,2,10,998,1,11,5,3
2013450009209,1,9,0,18,0,1,0,0,0,0,1,1,2,2,9,1797,8,-1,10,1
2013450009209,2,1,0,9,0,8,0,0,0,0,2,1,2,1,5,-1,-1,-1,10,1
2013450009211,1,9,0,18,0,0,0,7,0,0,1,1,1,1,6,-1,-1,-1,8,1
2013450009212,1,9,0,17,0,0,0,0,2,0,1,1,6,1,10,-1,-1,-1,6,3
2013450009213,1,1,0,18,9,0,0,10,0,0,1,1,3,1,3,-1,-1,-1,9,1
2013450009214,1,3,0,18,0,1,2,0,0,0,3,1,6,1,7,125,1,4,6,3
2013450009215,1,9,0,16,0,0,5,0,0,0,1,1,6,2,4,1199,1,11,8,3
2013450009216,1,2,0,4,0,1,1,0,0,0,3,1,6,2,4,49,1,1,5,1
2013450009222,1,9,0,18,0,1,0,0,0,0,1,1,6,1,11,998,1,3,7,3
2013450009222,2,9,0,18,0,2,0,0,2,0,1,1,6,2,8,1390,1,11,10,2
2013450009229,1,9,0,5,0,8,0,0,0,0,3,1,6,2,7,1598,1,9,9,1
2013450009229,2,1,0,18,0,8,0,0,0,0,1,1,6,1,4,-1,-1,-1,8,1
2013450009231,1,9,0,6,0,0,0,0,0,0,1,1,6,1,4,1995,1,10,6,1
2013450009231,2,3,0,18,0,0,0,0,0,0,1,1,6,1,7,124,1,6,4,1
2013450009233,1,9,0,18,0,0,1,0,0,0,1,1,6,1,7,1990,1,18,5,1
2013450009233,2,9,0,1,0,0,0,0,0,0,2,1,6,2,7,998,1,15,9,1
2013450009234,1,9,0,4,0,0,0,0,0,0,2,1,6,2,5,1242,1,2,3,1
2013450009234,2,9,0,18,0,0,0,0,0,0,1,1,6,1,4,998,1,-1,10,1
2013450009236,1,1,0,5,9,1,0,0,0,0,4,1,4,1,3,-1,-1,-1,5,1
2013450009236,2,9,0,5,9,6,0,0,0,0,1,1,6,1,-1,-1,-1,-1,-1,-1
2013450009237,1,9,0,14,0,1,0,0,0,0,1,1,6,1,4,1199,1,14,10,1
2013450009237,2,1,0,18,0,1,0,0,0,0,2,1,2,1,7,-1,-1,-1,9,1
2013450009238,1,9,0,9,0,8,0,0,0,0,3,1,6,2,7,1973,1,14,10,1
2013450009238,2,2,0,18,0,8,1,0,0,0,1,1,6,1,7,49,1,3,2,1
2013450009241,1,9,0,4,0,0,0,0,1,0,1,1,6,2,7,1242,1,13,7,1
2013450009241,2,19,0,4,0,0,0,0,0,0,2,1,6,1,6,1896,2,15,9,1
2013450009242,1,1,0,18,0,0,0,0,0,0,1,1,6,2,8,-1,-1,-1,10,1
2013450009242,2,9,0,2,0,0,0,0,0,0,2,1,6,2,7,1968,2,7,4,1
2013450009243,1,9,0,18,0,4,0,7,0,0,1,1,6,1,8,2496,2,8,8,1
2013450009244,1,9,0,4,0,0,0,0,0,0,1,1,6,2,9,1753,2,11,10,1
2013450009244,2,9,0,4,0,0,0,0,0,0,2,1,6,1,9,1560,2,3,10,3
2013450009245,1,9,0,9,0,6,0,0,0,0,4,1,6,1,7,1596,1,2,6,1
2013450009245,2,2,0,18,0,8,5,0,0,0,1,1,2,2,6,49,1,7,9,1
2013450009246,1,9,0,18,0,4,0,0,0,0,2,1,6,1,8,1762,1,16,7,1
2013450009246,2,19,0,18,0,4,0,0,0,0,1,1,6,2,10,2148,2,7,7,1
2013450009247,1,3,0,3,0,1,2,0,0,0,1,1,6,1,6,124,1,2,9,1
2013450009247,2,19,0,1,0,1,0,0,0,0,2,1,6,1,-1,2299,2,-1,-1,-1
2013450009252,1,9,0,18,0,1,0,0,0,0,3,1,6,1,10,2993,2,3,7,3
2013450009252,2,9,0,10,0,8,0,0,0,0,2,1,6,1,6,169,1,9,8,1
2013450009252,3,9,0,3,0,1,0,0,0,0,2,1,6,2,8,2993,2,4,5,1
2013450009252,4,9,0,18,0,1,0,0,0,0,1,1,6,1,8,-1,-1,-1,6,3
2013450009253,1,9,0,3,0,0,0,0,0,0,2,1,6,1,7,1598,1,11,5,1
2013450009253,2,9,0,4,0,0,5,0,0,0,2,1,6,1,7,998,1,1,7,1
2013450009253,3,9,0,4,0,0,1,0,0,0,1,1,6,1,6,1686,2,7,2,1
2013450009254,1,3,0,16,0,2,0,0,7,11,1,1,6,1,5,125,1,6,8,1
2013450009257,1,9,0,18,0,0,0,0,0,0,1,1,6,1,9,2743,6,18,10,2
2013450009257,2,90,4,18,0,0,0,0,0,0,2,1,6,2,7,-1,-1,-1,9,1
2013450009259,1,9,0,2,0,0,0,0,0,0,4,1,6,2,6,2393,1,7,10,1
2013450009259,2,9,0,18,0,0,0,4,0,0,3,1,6,1,11,1596,1,5,7,1
2013450009259,3,9,0,2,0,0,0,0,0,0,3,1,6,1,9,2179,2,-1,10,1
2013450009260,1,9,0,4,0,0,2,0,0,0,1,1,2,2,6,1396,1,17,2,1
2013450009260,2,21,0,4,0,0,0,0,0,0,2,1,1,2,8,2287,2,1,4,1
2013450009260,3,9,0,18,0,0,0,0,0,0,2,1,6,2,6,1198,1,7,7,1
2013450009262,1,9,0,18,0,1,0,0,0,0,1,1,6,1,8,1794,1,9,7,1
2013450009262,2,9,0,18,0,1,0,0,0,0,2,1,6,2,6,1997,2,7,10,1
2013450009268,1,9,0,18,0,0,1,10,2,0,1,1,6,1,5,1364,1,6,7,1
2013450009278,1,9,0,5,0,1,0,0,0,0,1,1,6,1,10,3456,8,2,10,1
2013450009278,2,1,0,18,0,1,5,0,0,0,2,1,6,1,8,-1,-1,-1,5,1
2013450009284,1,9,0,9,0,3,0,0,0,0,1,1,2,1,6,1596,1,12,10,1
2013450009284,2,1,0,13,0,3,0,0,0,0,3,1,2,1,9,-1,-1,-1,10,1
2013450009290,1,9,0,3,0,2,0,0,0,0,2,1,6,2,7,996,1,-1,10,1
2013450009290,2,9,0,4,0,2,0,0,0,0,1,1,6,1,7,2967,2,-1,9,1
2013450009292,1,9,0,18,0,1,0,0,0,0,1,1,6,2,6,1229,1,8,6,1
2013450009292,2,9,0,9,0,6,0,0,0,0,3,1,6,1,11,1587,1,6,6,2
2013450009293,1,9,0,18,0,6,0,0,0,0,4,1,6,2,6,1596,1,12,10,2
2013450009295,1,9,0,9,0,6,0,0,0,0,4,1,6,1,9,2393,7,6,10,3
2013450009295,2,9,0,18,0,1,5,0,0,0,1,1,6,2,4,998,1,10,4,1
2013450009295,3,9,0,3,0,1,0,0,0,0,3,1,6,2,7,2967,2,3,10,3
2013450009296,1,9,0,3,0,0,0,0,0,0,2,1,2,1,6,998,1,6,10,1
2013450009296,2,9,0,4,0,0,0,0,0,0,1,1,6,1,11,3311,8,5,10,1
2013450009298,1,9,0,17,0,0,1,0,7,0,4,1,6,1,4,1398,1,12,8,1
2013450009298,2,9,0,2,0,0,0,0,0,0,2,1,6,1,8,-1,-1,-1,4,2
2013450009298,3,9,0,2,0,0,0,0,0,0,3,1,6,1,8,-1,-1,-1,4,2
2013450009300,1,9,0,18,0,1,0,0,0,0,1,1,6,2,4,1198,1,3,8,1
2013450009300,2,19,0,9,0,6,0,0,0,0,2,1,1,1,6,1968,2,4,8,1
2013450009302,1,9,0,18,0,1,0,0,0,0,4,1,2,1,11,2993,2,1,9,1
2013450009304,1,9,0,9,0,5,0,0,0,0,2,1,6,2,9,2993,2,3,9,1
2013450009304,2,9,0,18,0,1,0,0,0,0,1,1,6,1,11,1896,2,8,5,3
2013450009306,1,9,0,9,0,1,0,0,1,0,1,1,2,2,5,1796,1,7,10,1
2013450009306,2,9,0,18,0,1,0,0,0,0,1,1,2,2,5,1242,1,3,7,1
2013450009309,1,9,0,18,0,1,0,0,1,0,1,1,6,1,10,1124,1,8,10,1
2013450009309,2,9,0,9,0,1,0,0,0,0,1,1,6,2,7,998,1,1,10,1
2013450009312,1,9,0,18,0,1,0,0,1,4,1,1,6,1,7,1905,2,17,10,1
2013450009312,2,9,0,18,0,1,0,0,0,0,0,1,6,1,-1,-1,-1,-1,-1,-1
2013450009313,1,9,0,7,0,1,0,0,0,0,1,1,6,2,7,1390,1,12,9,1
2013450009313,2,2,0,18,0,1,0,0,0,0,4,1,6,2,9,49,1,12,10,1
2013450009314,1,9,0,17,0,0,1,0,7,0,1,1,2,2,7,1598,1,12,9,1
2013450009314,2,9,0,17,0,0,1,0,1,0,3,1,2,2,10,1499,2,-1,10,1
2013450009315,1,1,0,18,0,1,0,0,0,0,1,1,2,1,6,-1,-1,-1,9,1
2013450009315,2,9,0,9,0,8,0,0,0,0,1,1,2,2,8,1390,1,12,8,1
2013450009316,1,9,0,18,0,0,2,0,6,6,1,1,6,1,8,2429,1,9,10,2
2013450009316,2,9,0,18,0,0,0,0,0,0,1,1,6,1,6,1995,2,3,1,1
2013450009316,3,9,0,18,0,0,0,0,0,0,1,1,6,1,6,2969,2,8,10,1
2013450009316,4,9,0,18,0,0,0,0,0,0,1,1,6,1,7,1995,2,3,10,1
2013450009316,5,9,0,18,0,0,0,0,0,0,0,1,6,1,-1,-1,-1,-1,-1,-1
2013450009319,1,9,0,9,0,4,0,0,0,0,1,1,6,2,8,1248,2,3,8,3
2013450009319,2,3,0,18,0,4,0,0,0,0,3,1,6,2,4,124,1,5,8,3
2013450009320,1,5,0,18,0,0,2,0,0,0,0,1,6,1,5,599,1,22,9,1
2013450009320,2,21,1,12,0,0,0,0,0,0,0,1,6,3,-1,-1,-1,-1,-1,-1
2013450009324,1,9,0,9,0,1,0,0,0,0,3,1,6,1,11,1598,1,3,4,1
2013450009324,2,9,0,18,0,1,0,0,0,0,1,1,6,2,10,1242,1,12,2,1
2013450009325,1,21,1,18,0,0,0,0,0,0,2,1,1,1,6,8970,2,11,6,1
2013450009325,2,9,0,18,0,0,1,0,0,0,1,1,6,1,7,1968,2,10,10,1
2013450009326,1,9,0,15,0,0,0,0,0,0,4,1,6,2,5,1600,1,9,9,1
2013450009330,1,5,0,4,0,0,2,0,0,0,3,1,6,1,6,1052,1,18,4,1
2013450009331,1,1,0,18,0,0,5,0,0,0,3,1,6,1,9,-1,-1,-1,10,1
2013450009331,2,9,0,13,0,0,0,0,0,0,4,1,6,2,11,1590,1,9,10,1
2013450009332,1,9,0,18,0,0,0,0,0,0,1,1,2,1,5,1396,1,11,5,1
2013450009332,2,9,0,4,0,0,0,0,0,0,2,1,2,1,8,1685,2,1,9,1
2013450009333,1,3,0,17,0,0,0,0,0,0,0,1,6,1,4,124,1,6,10,2
2013450009334,1,9,0,13,0,0,0,0,0,0,4,1,6,3,-1,-1,-1,-1,-1,-1
2013450009334,2,1,0,18,0,0,0,0,0,0,3,1,6,2,3,-1,-1,-1,7,3
2013450009335,1,9,0,17,0,0,0,0,0,0,2,1,6,2,7,1124,1,11,4,1
2013450009335,2,9,0,17,0,0,0,0,0,0,1,1,6,1,6,1598,1,14,10,1
2013450009337,1,9,0,9,0,6,0,0,0,0,4,1,6,1,6,1995,2,5,3,1
2013450009337,2,3,0,18,0,1,0,0,0,0,1,1,6,1,5,85,1,21,9,1
2013450009338,1,9,0,9,0,1,0,0,0,0,4,1,6,1,11,-1,-1,-1,10,2