Accident_Index,Vehicle_Reference,Vehicle_Type,Towing_and_Articulation,Vehicle_Manoeuvre,Vehicle_Location-Restricted_Lane,Junction_Location,Skidding_and_Overturning,Hit_Object_in_Carriageway,Vehicle_Leaving_Carriageway,Hit_Object_off_Carriageway,1st_Point_of_Impact,Was_Vehicle_Left_Hand_Drive?,Journey_Purpose_of_Driver,Sex_of_Driver,Age_Band_of_Driver,Engine_Capacity_(CC),Propulsion_Code,Age_of_Vehicle,Driver_IMD_Decile,Driver_Home_Area_Type
2013450010017,1,9,0,18,0,0,1,0,2,0,1,1,6,2,5,1360,1,8,5,1
2013450010020,1,9,0,3,0,0,0,0,0,0,2,1,6,1,8,1598,1,-1,8,1
2013450010020,2,9,0,16,0,0,0,0,0,0,1,1,6,1,9,1951,2,8,5,3
2013450010025,1,20,0,18,0,1,0,0,0,0,3,1,1,1,6,-1,-1,-1,6,1
2013450010025,2,9,0,5,0,1,0,0,0,0,1,1,3,2,9,1796,1,16,8,3
2013450010030,1,9,0,18,0,1,0,0,0,0,1,1,6,2,10,1781,1,11,4,1
2013450010030,2,9,0,3,0,1,0,0,0,0,2,1,6,1,9,1560,2,-1,6,1
2013450010034,1,9,0,18,0,1,0,0,0,0,2,1,2,2,6,1242,1,12,3,1
2013450010034,2,9,0,9,0,6,0,0,0,0,2,1,2,2,8,1998,1,9,10,1
2013450010035,1,9,0,18,0,0,0,10,7,0,0,1,6,1,5,1591,1,2,2,1
2013450010036,1,9,0,18,0,4,0,0,0,0,1,1,6,1,11,1229,1,2,10,1
2013450010036,2,1,0,9,0,8,5,0,0,0,4,1,6,1,9,-1,-1,-1,10,1
2013450010037,1,9,0,9,0,6,0,0,0,0,3,1,6,1,8,2497,2,8,7,1
2013450010037,2,1,0,18,0,8,0,0,0,0,1,1,6,1,5,-1,-1,-1,4,1
2013450010041,1,9,0,18,0,8,0,0,0,0,1,1,6,1,8,1598,1,2,7,1
2013450010041,2,9,0,9,0,8,0,0,0,0,1,1,6,2,4,1124,1,13,6,1
2013450010046,1,9,0,5,0,0,0,0,0,0,1,1,6,2,6,-1,-1,-1,10,1
2013450010046,2,11,0,14,0,0,0,0,0,0,3,1,6,1,9,4500,2,5,8,1
2013450010049,1,9,0,13,0,0,0,0,0,0,3,1,6,2,11,1339,1,-1,10,1
2013450010049,2,9,0,18,0,0,0,0,0,0,4,1,6,2,8,1242,1,2,4,3
2013450010052,1,9,0,9,0,2,0,0,0,0,1,1,6,1,5,1596,1,4,10,3
2013450010053,1,9,0,5,0,1,0,0,0,0,1,1,2,2,8,2143,2,3,6,1
2013450010053,2,1,0,5,0,1,0,0,0,0,2,1,2,1,5,-1,-1,-1,4,1
2013450010055,1,19,0,5,0,1,0,0,0,0,1,1,6,1,11,1753,2,12,9,1
2013450010058,1,9,0,17,0,2,0,0,0,0,1,1,6,1,6,998,1,11,4,1
2013450010060,1,9,0,18,0,1,0,0,0,0,1,1,6,1,6,1749,1,10,10,1
2013450010061,1,9,0,9,0,8,0,0,0,0,1,1,6,2,6,2496,1,7,10,1
2013450010061,2,1,0,18,0,8,0,0,0,0,2,1,6,2,8,-1,-1,-1,10,1
2013450010063,1,9,0,18,0,4,0,7,0,0,3,1,6,1,11,1397,1,11,8,1
2013450010063,2,9,0,18,0,4,0,0,0,0,3,1,6,2,4,1248,1,4,6,1
2013450010063,3,9,0,18,0,3,0,0,0,0,4,1,6,2,6,2926,2,10,6,1
2013450010064,1,19,0,16,0,0,1,0,0,0,1,1,6,1,-1,2464,2,5,-1,-1
2013450010064,2,9,0,17,0,0,0,0,0,0,1,1,6,1,-1,-1,-1,-1,6,1
2013450010065,1,21,1,12,0,0,0,0,0,0,1,2,1,1,5,-1,-1,-1,-1,-1
2013450010065,2,9,0,13,0,0,1,0,0,0,1,1,1,2,8,1686,2,8,6,3
2013450010065,3,5,0,18,0,0,5,0,0,0,1,1,1,1,8,1298,1,1,8,1
2013450010072,1,9,0,10,0,1,0,0,0,0,2,1,6,1,7,1587,1,14,10,1
2013450010072,2,9,0,4,0,1,0,0,0,0,1,1,6,3,-1,1398,1,2,7,3
2013450010073,1,1,0,18,0,8,5,0,0,0,3,1,4,1,3,-1,-1,-1,8,1
2013450010073,2,9,0,18,0,8,0,0,0,0,1,1,6,2,-1,-1,-1,-1,-1,-1
2013450010083,1,9,0,10,0,8,0,0,0,0,1,1,6,1,10,2987,2,3,7,1
2013450010083,2,3,0,18,0,1,2,0,0,0,1,1,6,1,4,124,1,6,9,1
2013450010086,1,9,0,9,0,8,0,0,0,0,1,1,6,2,5,1896,2,5,8,1
2013450010086,2,9,0,4,0,1,0,0,0,0,1,1,6,2,8,1799,1,5,8,1
2013450010091,1,9,0,16,0,0,1,0,1,0,1,1,6,2,4,99,1,9,10,2
2013450010093,1,9,0,5,0,4,0,0,0,0,3,1,6,2,5,998,1,10,10,1
2013450010093,2,3,0,18,0,4,0,0,0,0,1,1,6,1,4,124,1,-1,10,1
2013450010094,1,21,1,12,0,1,0,0,0,0,3,2,1,1,6,-1,-1,-1,-1,-1
2013450010094,2,9,0,18,0,1,0,0,0,0,1,1,6,2,5,1400,1,15,5,1
2013450010096,1,22,0,5,0,1,5,10,0,0,1,1,6,1,11,-1,-1,-1,7,2
2013450010097,1,9,0,18,0,0,0,0,7,4,1,1,6,2,4,1388,1,13,8,3
2013450010101,1,9,0,9,0,5,0,0,0,0,1,1,6,1,8,2993,2,1,10,1
2013450010101,2,9,0,18,0,1,0,0,1,4,1,1,6,1,9,2290,1,9,10,1
2013450010103,1,5,0,18,0,0,2,0,0,0,1,1,6,1,8,1284,1,9,4,1
2013450010103,2,17,4,18,0,0,0,0,0,0,4,1,1,1,5,6728,2,1,8,3
2013450010103,3,9,0,18,0,0,0,0,0,0,0,1,6,1,9,1242,1,5,10,1
2013450010104,1,9,0,1,0,2,0,0,0,0,2,1,6,3,-1,2148,2,8,6,1
2013450010105,1,9,0,12,0,0,0,0,0,0,0,1,6,1,-1,-1,-1,-1,-1,-1
2013450010105,2,9,0,18,0,0,0,0,0,0,1,1,6,1,10,1398,1,10,9,1
2013450010105,3,21,0,18,0,0,0,0,0,0,3,1,1,1,8,12419,2,2,-1,1
2013450010106,1,21,1,12,0,0,0,0,0,0,1,1,6,1,6,-1,-1,-1,-1,-1
2013450010106,2,9,0,18,0,0,1,0,0,0,4,1,1,2,6,2000,1,13,3,1
2013450010110,1,19,0,18,0,1,0,0,0,0,1,1,6,1,6,1997,2,8,5,1
2013450010110,2,9,0,18,0,1,0,0,0,0,2,1,6,1,7,1997,1,12,9,1
2013450010111,1,11,0,5,0,8,0,0,0,0,0,1,1,2,8,3900,2,10,3,1
2013450010113,1,9,0,18,0,0,0,0,7,4,1,1,6,1,6,-1,-1,-1,5,1
2013450010114,1,3,0,13,0,2,0,0,0,0,1,1,1,1,6,124,1,11,4,1
2013450010114,2,9,0,4,0,2,0,0,0,0,1,1,4,1,4,1598,1,12,10,1
2013450010114,3,9,0,4,0,2,0,0,0,0,3,1,1,2,5,1299,1,8,8,1
2013450010117,1,9,0,8,0,1,0,0,1,0,1,1,1,2,9,1995,1,3,7,3
2013450010117,2,9,0,18,0,1,0,0,7,0,2,1,1,1,7,1968,2,-1,9,3
2013450010117,3,9,0,9,0,1,1,0,0,0,1,1,1,1,8,-1,-1,-1,10,3
2013450010118,1,9,0,18,0,0,0,0,0,0,2,1,6,2,8,1560,2,4,9,1
2013450010118,2,9,0,18,0,0,0,0,0,0,2,1,6,2,4,1242,1,4,7,1
2013450010118,3,19,0,18,0,0,0,0,0,0,1,1,6,1,7,-1,-1,-1,8,3
2013450010121,1,5,0,13,0,1,5,0,7,0,4,1,6,1,4,645,1,14,5,1
2013450010121,2,9,0,9,0,5,0,0,0,0,1,1,6,1,5,1686,2,-1,5,1
2013450010122,1,1,0,18,0,8,0,0,0,0,2,1,1,1,8,-1,-1,-1,10,1
2013450010122,2,9,0,18,0,1,0,0,0,0,1,1,6,3,-1,-1,-1,-1,-1,-1
2013450010125,1,9,0,18,0,0,0,0,0,0,3,1,6,1,11,1998,1,9,9,1
2013450010126,1,2,0,18,0,0,1,0,0,0,0,1,2,1,7,49,1,2,5,1
2013450010127,1,1,0,18,0,1,0,0,0,0,1,1,2,1,9,-1,-1,-1,9,1
2013450010128,1,9,0,16,0,0,0,0,0,0,1,1,2,2,8,2179,2,-1,7,3
2013450010128,2,9,0,17,0,0,0,0,0,0,1,1,2,1,4,1242,1,12,10,1
2013450010140,1,9,0,3,0,0,0,0,0,0,2,1,6,2,5,1995,1,2,10,1
2013450010140,2,9,0,4,0,0,0,0,0,0,1,1,6,1,4,-1,-1,-1,10,1
2013450010142,1,9,0,18,0,0,0,0,4,0,1,1,2,1,6,2143,2,2,8,1
2013450010146,1,9,0,9,0,5,0,0,7,0,4,1,6,1,11,2599,1,22,9,1
2013450010146,2,8,0,9,0,1,0,0,1,0,1,1,1,1,9,-1,-1,-1,8,3
2013450010148,1,9,0,6,0,7,0,0,0,0,4,1,1,1,7,1560,2,-1,7,1
2013450010148,2,9,0,18,0,1,0,0,0,0,1,1,6,2,6,1769,1,12,6,1
2013450010150,1,1,0,18,0,1,0,0,0,0,2,1,6,1,6,-1,-1,-1,5,1
2013450010150,2,1,0,18,0,1,2,0,0,0,1,1,6,1,8,-1,-1,-1,9,1
2013450010150,3,1,0,18,0,1,2,0,0,0,1,1,6,1,6,-1,-1,-1,4,1
2013450010150,4,19,0,4,0,1,0,0,0,0,3,1,1,1,8,-1,-1,-1,10,1
2013450010153,1,9,0,18,0,0,0,0,0,0,4,1,6,2,6,1598,1,8,4,1
2013450010153,2,20,0,18,0,0,0,0,0,0,4,1,1,1,6,-1,-1,-1,4,1
2013450010155,1,9,0,10,0,1,0,0,0,0,4,1,6,1,7,1896,2,7,10,1
2013450010155,2,19,0,18,0,1,0,0,0,0,4,1,2,1,7,2402,2,6,3,1
2013450010157,1,3,0,18,0,1,0,0,0,0,1,1,6,1,6,124,1,5,3,1
2013450010157,2,9,0,9,0,6,0,0,0,0,3,1,6,1,6,1896,2,10,10,1
2013450010163,1,9,0,10,0,0,0,0,0,0,4,1,2,2,6,1390,1,12,8,1
2013450010163,2,9,0,17,0,0,2,0,1,0,3,1,2,1,7,2495,2,7,10,3
2013450010166,1,9,0,18,0,0,0,0,2,4,1,1,6,2,8,1595,1,-1,10,1
2013450010167,1,9,0,5,0,8,0,0,0,0,0,1,6,2,8,1598,1,9,9,1
2013450010169,1,1,0,9,0,1,0,0,0,0,2,1,6,1,3,-1,-1,-1,9,1
2013450010169,2,9,0,15,0,1,0,0,0,0,1,1,6,2,7,1910,2,5,4,1
2013450010171,1,9,0,7,0,1,0,0,0,0,1,1,6,3,-1,-1,-1,-1,-1,-1
2013450010172,1,9,0,9,0,1,0,0,0,0,3,1,6,2,6,1995,2,-1,2,1
2013450010172,2,11,0,18,0,8,0,0,0,0,4,1,1,1,7,6871,2,5,4,1
2013450010173,1,9,0,18,0,0,0,0,0,0,2,1,2,1,5,-1,-1,-1,4,1
2013450010173,2,9,0,18,0,0,0,0,0,0,1,1,6,1,7,2982,2,7,10,1
2013450010175,1,19,0,17,0,0,1,0,1,0,1,1,2,1,7,1995,2,5,7,1
2013450010175,2,9,0,16,0,0,0,0,0,0,0,1,6,3,-1,-1,-1,-1,-1,-1
2013450010175,3,9,0,16,0,0,0,0,0,0,0,1,6,3,-1,-1,-1,-1,-1,-1
2013450010176,1,9,0,15,0,8,0,0,0,0,4,1,6,3,-1,1386,1,3,-1,-1
2013450010176,2,1,0,18,0,8,0,0,0,0,3,1,6,1,8,-1,-1,-1,10,1
2013450010177,1,9,0,18,0,8,0,0,0,0,1,1,2,1,7,1968,2,8,10,1
2013450010177,2,9,0,5,0,6,0,0,0,0,1,1,3,2,7,1995,1,9,10,1
2013450010178,1,9,0,5,0,0,0,0,0,0,3,1,2,2,6,1397,1,5,7,1
2013450010179,1,9,0,18,0,0,0,0,0,0,1,1,6,1,8,1598,1,12,4,1
2013450010179,2,9,0,18,0,0,0,0,0,0,2,1,6,1,11,1598,1,8,9,3
2013450010180,1,9,0,5,0,6,0,0,0,0,2,1,6,2,11,1840,1,14,10,3
2013450010180,2,9,0,18,0,1,0,0,0,0,1,1,6,2,6,1896,2,17,8,1
2013450010187,1,9,0,1,0,0,0,0,0,0,2,1,6,1,-1,-1,-1,-1,-1,-1
2013450010191,1,9,0,18,0,4,0,0,0,0,0,1,6,3,-1,-1,-1,-1,-1,-1
2013450010191,2,20,0,18,0,4,0,0,0,0,2,1,6,1,-1,-1,-1,-1,-1,-1
2013450010191,3,19,0,18,0,4,0,0,0,0,1,1,1,1,6,1995,2,5,8,1
2013450010193,1,9,0,18,0,1,0,0,0,0,1,1,6,2,6,1599,1,6,10,1
2013450010193,2,9,0,18,0,1,0,0,0,0,2,1,6,2,10,1587,1,10,8,1
2013450010196,1,9,0,18,0,0,0,0,0,0,0,1,2,1,5,1124,1,13,8,1
2013450010196,2,9,0,18,0,0,1,4,0,0,2,1,2,1,8,1686,2,10,4,1
2013450010196,3,9,0,18,0,0,1,4,0,0,2,1,2,1,10,-1,-1,-1,4,1
2013450010196,4,9,0,18,0,0,2,4,0,0,1,1,1,1,8,-1,-1,-1,6,1
2013450010199,1,9,0,18,0,1,0,0,0,0,1,1,6,1,6,1896,2,7,4,1
2013450010199,2,9,0,18,0,1,0,0,0,0,2,1,6,1,8,2000,2,2,9,1
2013450010200,1,1,0,18,0,1,0,0,0,0,0,1,6,1,6,-1,-1,-1,8,1
2013450010200,2,19,0,1,0,6,0,0,0,0,0,1,6,3,7,1997,2,8,6,1
2013450010202,1,9,0,18,0,0,0,0,1,7,1,1,6,2,9,1850,1,13,4,1
2013450010202,2,9,0,18,0,0,0,0,0,0,0,1,6,1,8,1390,1,6,6,1
2013450010203,1,9,0,4,0,0,1,0,0,0,1,1,1,1,6,-1,-1,-1,10,1
2013450010203,2,19,0,4,0,0,1,11,0,0,2,1,1,1,5,1399,2,3,4,1
2013450010204,1,9,0,4,0,1,0,0,0,0,1,1,6,2,5,1390,1,12,5,3
2013450010204,2,9,0,4,0,1,0,0,0,0,2,1,6,1,7,2922,1,8,8,1
2013450010206,1,1,0,18,9,1,0,0,1,0,4,1,6,1,8,-1,-1,-1,8,1
2013450010208,1,9,0,17,0,0,0,0,8,0,4,1,6,1,4,-1,-1,-1,10,2
2013450010209,1,9,0,13,0,0,1,11,0,0,1,1,6,1,6,1968,2,2,3,1
2013450010209,2,19,0,18,0,0,0,11,0,0,1,1,6,1,8,-1,-1,-1,10,1
2013450010211,1,9,0,18,0,0,0,0,0,0,2,1,6,2,7,1360,1,1,9,1
2013450010211,2,9,0,18,0,0,0,0,0,0,1,1,6,1,4,1796,1,7,5,1
2013450010211,3,9,0,18,0,0,0,0,0,0,1,1,6,1,7,875,1,1,10,1
2013450010213,1,9,0,4,0,0,0,0,0,0,1,1,6,1,6,-1,-1,-1,10,1
2013450010213,2,9,0,3,0,0,0,0,0,0,2,1,6,1,4,2143,2,-1,10,1
2013450010215,1,9,0,16,0,0,1,0,7,0,2,1,2,1,4,2495,2,16,9,1
2013450010216,1,9,0,18,0,5,0,0,0,0,1,1,6,2,5,1229,1,-1,-1,1
2013450010216,2,9,0,18,0,1,0,0,0,0,3,1,1,1,8,1896,2,6,5,1
2013450010218,1,9,0,4,0,0,0,0,0,0,2,1,6,2,7,2143,2,-1,7,3
2013450010218,2,9,0,18,0,0,0,0,0,0,1,1,6,3,-1,1984,1,3,-1,-1
2013450010218,3,9,0,18,0,0,0,0,0,0,1,1,6,3,-1,1999,1,-1,-1,-1
2013450010219,1,9,0,18,0,0,0,0,0,0,1,1,6,1,7,-1,-1,-1,10,3
2013450010219,2,9,0,4,0,0,0,0,0,0,2,1,6,1,6,1896,2,12,4,1
2013450010219,3,9,0,4,0,0,0,0,0,0,2,1,6,1,8,1995,1,8,9,1
2013450010220,1,5,0,18,0,0,5,0,0,0,1,1,2,1,7,998,1,9,10,1
2013450010220,2,9,0,9,0,0,0,0,1,0,1,1,2,1,8,1910,2,6,6,1
2013450010221,1,9,0,18,0,3,0,0,8,0,4,1,6,2,8,-1,-1,-1,8,1
2013450010221,2,9,0,18,0,8,0,0,0,0,3,1,6,1,8,2198,1,14,10,1
2013450010222,1,9,0,16,0,1,1,0,7,0,3,1,6,1,5,1968,2,-1,10,1
2013450010227,1,9,0,3,0,1,0,0,0,0,2,1,6,1,7,2993,2,1,6,1
2013450010227,2,9,0,3,0,1,0,0,0,0,2,1,6,1,7,1994,1,15,6,3
2013450010227,3,9,0,18,0,1,0,0,0,0,1,1,6,2,9,1360,1,9,9,1
2013450010237,1,9,0,18,0,0,1,0,0,0,1,1,6,2,4,1599,1,10,8,1
2013450010238,1,9,0,18,0,0,0,0,0,0,1,1,6,1,11,1598,1,6,8,1
2013450010245,1,21,1,12,0,0,0,0,0,0,3,1,1,1,9,2143,2,-1,9,3
2013450010245,2,9,0,18,0,0,0,0,0,0,4,1,6,1,6,1794,1,10,1,1
2013450010248,1,9,0,18,0,1,0,0,0,0,4,1,1,1,8,-1,-1,-1,10,1
2013450010249,1,9,0,4,0,0,0,0,0,0,2,1,6,1,9,1595,1,6,9,1
2013450010249,2,9,0,18,0,0,0,0,0,0,1,1,6,1,8,1598,1,11,5,1
2013450010250,1,1,0,18,0,1,0,0,0,0,1,1,1,2,7,-1,-1,-1,7,1
2013450010250,2,9,0,9,0,1,0,0,0,0,1,1,6,1,6,1197,1,-1,10,1
2013450010251,1,9,0,18,0,0,1,0,0,0,1,1,1,1,6,-1,-1,-1,2,1
2013450010251,2,9,0,4,0,0,0,0,0,0,2,1,6,1,7,1560,2,7,6,1
2013450010251,3,9,0,4,0,0,0,0,0,0,2,1,6,2,9,1896,2,10,9,1
2013450010253,1,9,0,5,0,2,0,0,0,0,1,1,6,2,11,1988,1,14,7,3
2013450010253,2,9,0,18,0,1,0,0,0,0,4,1,2,2,5,1360,1,9,10,1
2013450010254,1,9,0,18,0,0,1,0,0,0,1,1,6,2,8,1124,1,13,8,1
2013450010254,2,9,0,18,0,0,0,0,0,0,2,1,6,1,7,1968,1,7,9,1
2013450010255,1,9,0,18,0,0,2,7,1,2,1,1,6,1,9,1796,1,12,6,1
2013450010257,1,9,0,18,0,1,1,0,0,0,1,1,1,1,8,3996,1,12,9,3
2013450010257,2,9,0,18,0,1,0,0,0,0,1,1,1,2,6,999,1,4,9,1
2013450010258,1,9,0,17,0,0,0,0,0,0,1,1,6,1,6,1598,2,2,10,3
2013450010258,2,9,0,16,0,0,0,10,0,0,1,1,6,2,7,1560,2,2,8,1
2013450010263,1,9,0,13,0,0,0,0,0,0,1,1,1,1,5,1998,2,9,10,1
2013450010263,2,9,0,18,0,0,0,0,0,0,1,1,1,1,5,1975,1,7,10,1
2013450010269,1,9,0,17,0,0,0,0,7,0,3,1,2,2,5,1388,1,3,4,1
2013450010269,2,9,0,16,0,0,0,0,0,0,3,1,6,1,5,1995,2,9,3,1
2013450010273,1,9,0,11,0,0,0,0,0,0,4,1,6,1,6,1587,1,15,10,1
2013450010273,2,5,0,18,0,0,1,0,0,0,3,1,6,1,8,-1,-1,-1,10,1
2013450010273,3,9,0,18,0,0,0,0,0,0,3,1,6,1,5,995,1,1,-1,-1
2013450010279,1,9,0,18,0,0,1,0,5,0,1,1,2,1,8,2198,2,7,7,1
2013450010280,1,9,0,18,0,1,0,0,0,0,1,1,2,1,7,1986,2,5,10,1
2013450010280,2,9,0,18,0,1,0,0,0,0,1,1,2,1,4,1124,1,13,10,1
2013450010281,1,9,0,18,0,0,0,0,0,0,1,1,2,2,6,1242,1,13,9,1
2013450010281,2,1,0,9,0,0,0,0,0,0,2,1,6,1,7,-1,-1,-1,5,1
2013450010289,1,9,0,9,0,1,0,0,0,0,1,1,2,1,7,1995,1,9,10,1
2013450010289,2,5,0,13,0,1,0,0,0,0,1,1,6,1,9,645,1,2,9,1
2013450010292,1,9,0,18,0,0,2,0,1,2,2,1,6,1,8,4727,1,48,4,1
2013450010292,2,9,0,18,0,0,1,0,0,0,1,1,6,1,7,1596,1,11,7,1
2013450010293,1,3,0,18,0,1,1,0,0,0,1,1,6,1,4,124,1,8,7,1
2013450010294,1,3,0,18,0,1,0,0,0,0,1,1,6,1,5,124,1,1,9,1
2013450010294,2,9,0,9,0,6,0,0,0,0,3,1,6,1,6,1794,1,7,8,1
2013450010295,1,9,0,18,0,0,0,0,0,0,1,1,6,2,9,2967,1,14,4,1
2013450010295,2,9,0,18,0,0,0,0,0,0,2,1,1,1,6,1560,2,-1,6,1
2013450010296,1,9,0,9,0,5,0,0,0,0,1,1,2,1,5,1242,1,7,10,1
2013450010296,2,1,0,18,0,8,0,0,0,0,1,1,6,1,4,-1,-1,-1,6,1
2013450010298,1,9,0,10,0,0,0,0,0,0,1,1,1,2,5,1242,1,4,7,1
2013450010298,2,9,0,18,0,0,0,0,0,0,2,1,6,2,6,1590,1,21,5,1
2013450010299,1,9,0,9,0,8,0,0,0,0,1,1,6,2,8,1598,1,-1,9,1
2013450010299,2,5,0,18,0,1,5,0,0,0,1,1,6,1,6,599,1,6,9,1
2013450010300,1,9,0,18,0,1,0,0,0,0,4,1,6,1,4,1596,1,9,6,1
2013450010300,2,9,0,9,0,5,0,0,0,0,1,1,6,1,8,2996,1,6,10,1
2013450010302,1,9,0,17,0,2,0,0,0,0,1,1,4,2,7,1149,1,7,10,2
2013450010302,2,9,0,16,0,1,0,0,0,0,1,1,6,1,7,-1,-1,-1,9,1
2013450010303,1,9,0,18,0,6,0,0,0,0,1,1,6,2,9,1699,1,2,10,1
2013450010303,2,1,0,18,0,1,5,0,0,0,4,1,6,1,10,-1,-1,-1,3,1
2013450010308,1,9,0,18,0,0,1,0,0,0,1,1,6,1,5,1124,1,12,4,1
2013450010309,1,9,0,3,0,0,0,0,0,0,1,1,1,1,8,1896,2,11,6,1
2013450010309,2,9,0,3,0,0,0,0,0,0,2,1,1,1,7,1997,2,-1,10,1
2013450010309,3,9,0,18,0,0,0,0,0,0,2,1,1,1,5,1595,1,12,5,1
2013450010310,1,21,4,18,0,0,0,0,0,0,1,1,1,1,8,-1,-1,-1,-1,-1
2013450010310,2,9,0,18,0,0,1,0,1,0,2,1,6,2,8,1360,1,1,6,1
2013450010311,1,3,0,18,0,1,1,0,0,0,3,1,2,2,4,125,1,3,7,3
2013450010311,2,9,0,5,0,6,0,0,0,0,1,1,6,3,-1,-1,-1,-1,-1,-1
2013450010312,1,9,0,3,0,1,0,0,0,0,2,1,1,1,9,2198,1,8,8,1
2013450010312,2,9,0,18,0,1,0,0,0,0,1,1,6,2,10,1390,1,3,10,3
2013450010316,1,9,0,17,0,0,5,0,0,0,4,1,6,2,4,1200,1,11,6,3
2013450010320,1,9,0,3,0,0,0,0,0,0,1,1,6,2,9,1242,1,3,9,1
2013450010320,2,9,0,3,0,0,0,0,0,0,2,1,6,2,6,1968,2,4,10,1
2013450010320,3,9,0,3,0,0,0,0,0,0,2,1,6,3,-1,-1,-1,-1,-1,-1
2013450010321,1,9,0,18,0,1,0,0,0,0,1,1,6,1,6,1598,1,11,3,1
2013450010321,2,9,0,7,0,1,0,0,0,0,2,1,6,1,7,1995,2,5,9,1
2013450010327,1,20,0,11,0,0,0,0,0,0,2,1,6,3,-1,-1,-1,-1,-1,-1
2013450010327,2,9,0,18,0,0,0,0,0,0,1,1,6,2,7,1598,2,3,7,1
2013450010328,1,9,0,18,0,1,0,0,0,0,1,1,6,1,10,2495,2,11,6,2
2013450010328,2,9,0,1,0,5,0,0,1,0,3,1,6,2,6,1995,2,7,7,3
2013450010331,1,9,0,18,0,0,0,4,0,0,4,1,1,1,9,1598,1,12,6,1
2013450010331,2,9,0,2,0,0,0,0,0,0,2,1,6,2,7,1900,2,7,8,1
2013450010333,1,9,0,18,0,0,0,0,0,0,2,1,6,2,6,1248,2,8,7,1
2013450010333,2,9,0,18,0,0,0,0,0,0,1,1,6,2,-1,998,1,4,10,1
2013450010334,1,9,0,7,0,6,0,0,0,0,1,1,6,1,8,1329,1,2,8,1
2013450010334,2,1,0,18,0,8,5,0,0,0,2,1,6,1,8,-1,-1,-1,9,1
2013450010335,1,9,0,4,0,0,0,0,0,0,2,1,2,1,7,1968,2,1,3,1
2013450010335,2,9,0,4,0,0,0,0,0,0,1,1,2,1,6,1994,1,9,5,1
2013450010337,1,9,0,9,0,1,0,0,0,0,1,1,6,1,7,1598,1,12,10,1
2013450010337,2,1,0,18,0,1,0,0,0,0,4,1,6,2,7,-1,-1,-1,9,1
2013450010338,1,9,0,16,0,4,0,0,0,0,1,1,6,1,10,1590,1,11,8,1
2013450010338,2,1,0,16,0,8,0,0,0,0,2,1,6,1,4,-1,-1,-1,7,1
2013450010340,1,9,0,18,0,1,0,0,0,0,4,1,6,1,9,1248,1,-1,9,1
2013450010340,2,9,0,5,0,6,0,0,0,0,1,1,6,1,7,1799,1,6,6,1
2013450010340,3,9,0,2,0,1,0,0,0,0,0,1,6,3,-1,-1,-1,-1,-1,-1
2013450010341,1,20,0,2,0,0,0,0,0,0,2,1,1,1,6,9365,2,6,7,3
2013450010341,2,9,0,14,0,0,0,4,0,0,1,1,6,2,11,1598,1,3,10,2
2013450010342,1,9,0,4,0,4,1,0,0,0,1,1,6,2,7,1390,1,13,4,1
2013450010342,2,9,0,4,0,4,0,0,0,0,2,1,6,1,9,1796,1,8,10,1
2013450010342,3,9,0,3,0,4,0,0,0,0,2,1,6,1,11,1999,1,7,6,1
2013450010342,4,9,0,3,0,4,0,0,0,0,2,1,6,2,6,1248,1,5,10,1
2013450010344,1,9,0,18,0,1,1,0,0,0,4,1,6,1,8,1973,1,15,9,1
2013450010349,1,9,0,3,0,0,0,0,0,0,1,1,6,1,7,2993,2,1,10,1
2013450010350,1,9,0,16,0,0,1,0,0,0,1,1,6,2,7,1984,1,12,9,1
2013450010358,1,9,0,4,0,1,1,0,0,0,1,1,6,1,9,1598,1,2,10,1
2013450010358,2,3,0,3,0,1,0,0,0,0,2,1,6,2,7,125,1,2,4,1
2013450010360,1,9,0,16,0,1,1,0,0,0,1,1,6,2,5,1242,1,5,4,1
2013450010360,2,9,0,7,0,1,0,0,0,0,1,1,6,2,9,1796,1,6,7,2
2013450010363,1,9,0,18,0,8,0,0,7,0,4,1,6,2,10,1598,1,8,9,1
2013450010363,2,9,0,18,0,8,0,0,0,0,1,1,6,2,7,1368,1,10,7,1
2013450010364,1,5,0,18,0,0,2,0,0,0,3,1,6,1,7,999,1,7,7,2
2013450010365,1,9,0,17,0,0,0,0,0,0,4,1,6,1,10,2720,2,4,10,1
2013450010367,1,9,0,5,0,6,0,0,0,0,1,1,6,1,8,1391,1,16,4,1
2013450010367,2,9,0,16,0,1,0,0,0,0,3,1,6,2,9,1598,1,10,6,1
2013450010368,1,9,0,3,0,0,0,0,0,0,2,1,1,1,7,-1,-1,-1,9,3
2013450010368,2,19,0,18,0,0,0,0,0,0,3,1,2,1,6,1753,2,5,4,2
2013450010370,1,9,0,16,0,0,0,0,0,0,1,1,1,1,5,1997,2,4,8,2
2013450010370,2,9,0,17,0,0,0,0,0,0,1,1,6,2,8,1390,1,10,7,1
2013450010373,1,9,0,12,0,0,0,0,0,0,1,1,6,2,6,-1,-1,-1,10,3
2013450010373,2,9,0,4,0,0,0,0,0,0,2,1,6,1,6,1984,1,6,5,1