Accident_Index,Vehicle_Reference,Vehicle_Type,Towing_and_Articulation,Vehicle_Manoeuvre,Vehicle_Location-Restricted_Lane,Junction_Location,Skidding_and_Overturning,Hit_Object_in_Carriageway,Vehicle_Leaving_Carriageway,Hit_Object_off_Carriageway,1st_Point_of_Impact,Was_Vehicle_Left_Hand_Drive?,Journey_Purpose_of_Driver,Sex_of_Driver,Age_Band_of_Driver,Engine_Capacity_(CC),Propulsion_Code,Age_of_Vehicle,Driver_IMD_Decile,Driver_Home_Area_Type
2013450010375,1,9,0,16,0,1,0,0,0,0,1,1,6,3,-1,-1,-1,-1,-1,-1
2013450010377,1,9,0,18,0,0,0,0,4,0,1,1,6,1,5,1149,1,10,10,1
2013450010383,1,9,0,4,0,0,0,0,0,0,1,1,1,1,6,-1,-1,-1,5,1
2013450010383,2,9,0,4,0,0,0,0,0,0,2,1,6,1,7,1150,1,6,5,1
2013450010383,3,9,0,3,0,0,0,0,0,0,2,1,2,1,7,1956,2,-1,9,1
2013450010383,4,9,0,3,0,0,0,0,0,0,2,1,6,1,8,1716,2,13,1,1
2013450010384,1,1,0,18,0,2,1,0,0,0,3,1,6,1,8,-1,-1,-1,6,1
2013450010387,1,9,0,4,0,0,0,0,0,0,1,1,6,1,5,1596,1,13,8,3
2013450010387,2,9,0,3,0,0,0,0,1,0,2,1,6,2,4,1388,1,6,7,3
2013450010388,1,9,0,18,0,0,0,0,0,0,1,1,6,1,6,1968,2,6,9,1
2013450010388,2,9,0,4,0,0,0,0,0,0,2,1,6,1,6,1596,1,8,4,1
2013450010392,1,9,0,18,0,1,0,0,0,0,1,1,6,1,9,1199,1,14,9,1
2013450010392,2,9,0,9,0,1,0,0,0,0,1,1,6,1,11,1360,1,11,4,1
2013450010393,1,9,0,9,0,1,0,0,0,0,3,1,6,1,7,2179,2,1,8,3
2013450010393,2,9,0,18,0,1,0,0,0,0,4,1,6,1,7,1497,8,5,8,3
2013450010393,3,9,0,10,0,5,0,0,0,0,1,1,6,1,8,1968,2,2,8,1
2013450010398,1,19,0,9,0,8,0,0,0,0,3,1,2,1,8,2689,2,12,8,1
2013450010398,2,9,0,7,0,8,0,0,0,0,3,1,6,1,-1,1896,2,10,-1,-1
2013450010401,1,19,0,18,0,1,0,0,0,0,1,1,6,1,-1,1870,2,8,1,1
2013450010401,2,9,0,5,0,1,0,0,0,0,2,1,6,2,7,1998,1,5,10,1
2013450010405,1,20,0,18,0,0,0,0,0,4,2,1,1,1,-1,-1,-1,-1,-1,-1
2013450010405,2,1,0,3,0,0,0,0,0,0,1,1,6,1,7,-1,-1,-1,9,2
2013450010407,1,3,0,18,0,8,5,0,0,0,4,1,6,1,4,124,1,-1,10,1
2013450010407,2,9,0,18,0,4,0,0,0,0,1,1,6,1,6,1796,1,8,10,1
2013450010410,1,9,0,18,0,0,0,0,2,0,1,1,2,2,6,1796,1,8,10,1
2013450010410,2,9,0,17,0,0,0,0,0,0,1,1,1,1,8,1598,1,6,6,1
2013450010412,1,9,0,18,0,8,0,0,7,11,1,1,6,1,10,1998,1,17,10,1
2013450010412,2,9,0,9,0,6,0,0,0,0,1,1,6,1,7,1197,1,3,10,1
2013450010417,1,1,0,9,0,8,1,0,0,0,0,1,6,1,7,-1,-1,-1,9,1
2013450010420,1,9,0,13,0,0,2,0,2,10,1,1,6,1,8,-1,-1,-1,10,1
2013450010421,1,9,0,3,0,1,0,0,0,0,2,1,6,2,7,1229,1,1,6,1
2013450010421,2,9,0,18,0,1,0,0,0,0,1,1,6,1,-1,2495,2,20,-1,-1
2013450010430,1,9,0,4,0,0,0,0,0,0,2,1,2,1,6,1582,2,2,8,1
2013450010430,2,19,0,4,0,0,0,0,0,0,2,1,1,1,5,-1,-1,-1,-1,-1
2013450010430,3,21,1,4,0,0,0,0,0,0,2,1,1,1,7,-1,2,11,2,1
2013450010430,4,21,1,4,0,0,0,0,0,0,1,1,1,1,7,12900,2,1,2,2
2013450010431,1,9,0,4,0,0,0,0,0,0,2,1,6,2,9,1598,1,9,9,3
2013450010431,2,20,0,18,0,0,0,0,0,0,1,1,6,3,-1,-1,-1,-1,-1,-1
2013450010432,1,9,0,5,0,4,0,0,0,0,1,1,6,1,11,2967,1,13,10,1
2013450010434,1,9,0,13,0,1,0,0,0,0,3,1,6,1,-1,-1,-1,-1,-1,-1
2013450010434,2,3,0,18,0,1,5,0,0,0,1,1,1,1,7,125,1,-1,4,2
2013450010437,1,9,0,4,0,0,0,0,0,0,2,1,2,2,6,2204,2,6,4,3
2013450010437,2,9,0,18,0,0,1,0,1,0,1,1,1,1,6,1796,1,1,6,1
2013450010439,1,9,0,4,0,8,0,0,0,0,1,1,1,1,9,-1,-1,-1,5,3
2013450010439,2,9,0,4,0,8,0,0,0,0,2,1,1,1,8,-1,-1,-1,10,1
2013450010439,3,9,0,4,0,8,0,0,0,0,2,1,1,1,4,-1,-1,-1,4,1
2013450010441,1,9,0,4,0,4,0,0,0,0,2,1,1,1,9,-1,-1,-1,8,1
2013450010441,2,9,0,3,0,4,0,0,0,0,1,1,2,1,6,599,1,12,9,1
2013450010442,1,9,0,13,0,0,0,0,0,0,1,1,6,1,8,1968,2,1,10,1
2013450010442,2,9,0,18,0,0,0,0,0,0,1,1,6,1,8,1360,1,12,8,1
2013450010442,3,9,0,2,0,0,0,0,0,0,4,1,6,1,8,2362,1,13,10,1
2013450010443,1,9,0,18,0,0,2,0,0,0,2,1,6,2,7,1796,1,13,9,1
2013450010443,2,21,1,4,0,0,0,0,0,0,1,1,1,1,6,-1,-1,-1,-1,-1
2013450010447,1,9,0,9,0,3,1,9,1,3,1,1,6,1,6,1598,1,16,8,3
2013450010448,1,9,0,18,0,1,1,7,4,1,1,1,6,1,7,1360,1,14,8,1
2013450010449,1,9,0,2,0,0,0,0,0,0,3,1,6,1,8,796,1,6,7,1
2013450010449,2,1,0,14,0,0,0,0,0,0,1,1,1,1,5,-1,-1,-1,7,1
2013450010453,1,1,0,18,0,0,0,0,0,0,3,1,6,1,7,-1,-1,-1,9,1
2013450010453,2,9,0,18,0,0,0,0,0,0,1,1,6,3,-1,-1,-1,-1,-1,-1
2013450010455,1,9,0,18,0,1,0,0,1,11,1,1,6,2,9,1997,2,8,8,3
2013450010455,2,9,0,18,0,1,0,0,0,0,2,1,6,1,7,1968,2,5,7,1
2013450010456,1,9,0,18,0,2,0,0,0,0,0,1,6,3,-1,-1,-1,-1,-1,-1
2013450010456,2,9,0,16,0,1,1,0,1,0,1,1,6,1,4,1240,1,3,10,1
2013450010460,1,9,0,18,0,0,0,0,0,0,0,1,6,1,7,-1,-1,-1,9,3
2013450010460,2,1,0,18,0,0,0,0,0,0,0,1,6,1,6,-1,-1,-1,10,1
2013450010463,1,20,0,18,0,0,0,0,0,0,1,1,1,1,7,-1,-1,-1,-1,-1
2013450010463,2,9,0,18,0,0,0,0,0,0,2,1,6,2,5,1242,1,4,10,1
2013450010464,1,9,0,9,0,1,0,0,0,0,4,1,6,2,6,1598,1,-1,10,1
2013450010464,2,9,0,18,0,8,0,0,0,0,4,1,6,2,7,1896,2,11,9,1
2013450010465,1,9,0,2,0,0,0,0,0,0,2,1,1,2,4,999,1,-1,5,1
2013450010465,2,1,0,18,0,0,0,0,0,0,1,1,1,1,7,-1,-1,-1,10,1
2013450010467,1,1,0,18,0,3,0,0,0,0,1,1,6,1,6,-1,-1,-1,10,1
2013450010467,2,9,0,18,0,4,0,0,0,0,1,1,6,1,6,-1,-1,-1,-1,-1
2013450010468,1,9,0,18,0,0,0,0,1,0,3,1,6,1,10,1799,1,4,10,1
2013450010468,2,9,0,18,0,0,0,0,0,0,3,1,2,2,5,1339,1,5,10,1
2013450010469,1,9,0,4,0,8,0,0,0,0,2,1,6,1,8,1198,1,10,8,1
2013450010469,2,9,0,18,0,8,0,0,0,0,1,1,6,1,10,1998,1,13,10,1
2013450010470,1,1,0,18,0,0,5,0,0,0,0,1,6,1,8,-1,-1,-1,10,1
2013450010472,1,9,0,18,0,0,0,0,0,0,1,1,6,1,5,1598,1,11,9,1
2013450010472,2,9,0,4,0,0,0,0,0,0,2,1,2,1,7,1388,1,9,5,1
2013450010472,3,9,0,4,0,0,0,0,0,0,2,1,6,2,8,999,1,5,10,1
2013450010473,1,5,0,17,0,0,5,0,0,0,3,1,6,1,5,649,1,5,5,1
2013450010474,1,9,0,18,0,0,0,0,0,0,1,1,6,1,7,1998,1,16,5,2
2013450010474,2,9,0,18,0,0,0,0,1,0,1,1,6,1,9,1997,1,5,10,1
2013450010475,1,9,0,18,0,0,0,0,0,0,1,1,6,2,8,1299,1,5,9,1
2013450010475,2,9,0,3,0,0,0,0,0,0,2,1,6,1,8,1995,2,1,10,3
2013450010478,1,9,0,18,0,0,0,0,0,0,1,1,6,1,7,-1,-1,-1,7,1
2013450010478,2,9,0,18,0,0,0,0,0,0,2,1,6,2,8,1998,1,15,10,1
2013450010479,1,9,0,17,0,0,0,0,0,0,1,1,6,2,4,1397,1,6,10,1
2013450010479,2,9,0,16,0,0,0,0,0,0,1,1,6,1,9,1388,1,4,9,3
2013450010482,1,5,0,18,0,0,2,0,0,0,1,1,6,1,5,645,1,6,4,1
2013450010482,2,9,0,18,0,0,0,0,0,0,2,1,1,1,7,1598,2,2,7,1
2013450010483,1,21,4,12,0,0,0,0,0,0,1,1,1,1,8,-1,-1,-1,-1,-1
2013450010483,2,9,0,18,0,0,0,0,0,0,4,1,6,2,7,1242,1,1,6,1
2013450010485,1,20,0,17,0,0,0,0,0,0,3,1,1,1,7,6692,2,5,4,1
2013450010485,2,9,0,16,0,0,0,0,0,0,3,1,2,1,4,1299,1,15,7,3
2013450010489,1,9,0,12,0,4,0,0,0,0,3,1,6,2,7,1240,1,10,10,1
2013450010489,2,21,1,18,0,4,0,0,0,0,1,1,1,1,6,12900,2,4,3,1
2013450010491,1,9,0,17,0,0,1,0,8,11,1,1,6,1,6,1598,1,12,10,1
2013450010494,1,9,0,18,0,0,1,0,1,0,4,1,6,1,6,1988,1,9,10,1
2013450010497,1,9,0,16,0,0,1,0,0,0,1,1,2,2,6,1598,1,14,9,2
2013450010497,2,20,0,17,0,0,0,0,0,0,1,1,1,1,7,9200,2,1,8,1
2013450010501,1,9,0,9,0,8,0,0,0,0,1,1,6,1,7,1769,1,14,8,1
2013450010501,2,9,0,18,0,8,0,4,0,0,1,1,6,2,4,1397,1,6,9,1
2013450010501,3,9,0,2,0,2,0,0,0,0,2,1,6,2,7,998,1,19,8,1
2013450010503,1,9,0,17,0,0,5,0,0,0,1,1,1,1,6,1390,2,11,10,2
2013450010504,1,1,0,18,0,8,5,0,0,0,4,1,6,1,4,-1,-1,-1,4,1
2013450010504,2,9,0,5,0,1,0,0,0,0,1,1,6,1,10,1984,1,4,10,1
2013450010506,1,9,0,18,0,0,0,0,0,0,4,1,6,2,-1,1390,1,-1,5,1
2013450010506,2,9,0,15,0,0,0,0,0,0,1,1,1,1,5,1753,2,4,10,1
2013450010507,1,19,0,18,0,0,0,0,0,0,1,1,2,1,9,1995,2,5,4,1
2013450010507,2,9,0,4,0,0,0,0,0,0,2,1,2,1,7,2198,2,8,8,1
2013450010507,3,9,0,4,0,0,0,0,0,0,3,1,2,1,9,4163,1,9,7,1
2013450010508,1,9,0,18,0,1,0,0,0,0,1,1,6,2,7,3498,1,8,10,1
2013450010508,2,9,0,10,0,5,0,0,0,0,2,1,6,1,7,1995,1,11,10,1
2013450010513,1,21,1,12,0,0,0,0,0,0,3,1,1,1,8,-1,-1,-1,-1,-1
2013450010513,2,9,0,13,0,0,0,0,0,0,4,1,2,2,6,1388,1,7,8,1
2013450010513,3,9,0,18,0,0,0,0,0,0,2,1,2,2,9,1198,1,7,10,2
2013450010513,4,9,0,18,0,0,0,0,0,0,1,1,2,1,6,-1,-1,-1,3,1
2013450010516,1,1,0,18,0,8,0,0,0,0,1,1,6,2,9,-1,-1,-1,8,1
2013450010516,2,9,0,9,0,8,0,0,0,0,0,1,6,2,-1,-1,-1,-1,-1,-1
2013450010516,3,1,0,18,0,8,0,0,0,0,2,1,6,1,6,-1,-1,-1,8,1
2013450010517,1,3,0,18,0,0,2,0,0,0,0,1,6,1,7,125,1,4,10,2
2013450010517,2,9,0,8,0,0,0,0,0,0,0,1,1,1,5,1600,1,13,9,1
2013450010518,1,9,0,5,0,4,0,0,0,0,1,1,6,2,7,1587,7,8,10,1
2013450010518,2,2,0,18,0,8,0,0,0,0,4,1,6,2,4,49,1,-1,10,1
2013450010524,1,19,0,18,0,0,1,0,0,0,1,1,1,1,5,2198,2,1,8,1
2013450010524,2,9,0,4,0,0,0,0,0,0,2,1,6,2,8,2351,1,9,8,1
2013450010526,1,9,0,9,0,6,0,0,0,0,3,1,6,2,4,998,1,-1,10,1
2013450010526,2,9,0,18,0,8,0,0,0,0,1,1,6,1,8,1870,2,11,9,2
2013450010529,1,9,0,18,0,1,0,0,0,0,4,1,2,2,7,1998,1,8,10,1
2013450010529,2,9,0,9,0,6,0,0,0,0,4,1,6,1,5,1398,1,3,10,1
2013450010530,1,9,0,18,0,1,2,0,7,10,1,1,6,1,6,1998,1,8,4,1
2013450010532,1,9,0,18,0,8,1,0,1,4,1,1,2,2,6,1390,1,8,4,1
2013450010532,2,9,0,16,0,8,0,0,0,0,1,1,2,2,6,1596,1,8,5,1
2013450010534,1,9,0,7,0,5,0,0,0,0,4,1,6,2,7,1995,2,9,10,1
2013450010534,2,1,0,18,0,8,0,0,0,0,3,1,6,1,-1,-1,-1,-1,8,1
2013450010536,1,9,0,18,0,0,0,0,0,0,4,1,6,2,9,995,1,8,7,2
2013450010537,1,1,0,18,9,1,0,0,0,0,1,1,1,2,7,-1,-1,-1,6,1
2013450010537,2,9,0,8,0,1,0,0,0,0,4,1,6,1,-1,-1,-1,-1,8,1
2013450010546,1,9,0,9,0,6,0,0,0,0,1,1,6,2,5,2400,2,1,10,1
2013450010546,2,9,0,18,0,1,0,0,0,0,1,1,1,2,6,1598,1,4,6,1
2013450010546,3,9,0,10,0,2,0,0,0,0,0,1,6,3,-1,-1,-1,-1,-1,-1
2013450010548,1,9,0,7,0,6,0,0,0,0,1,1,6,2,6,998,1,9,6,1
2013450010551,1,1,0,18,0,0,0,0,0,0,0,1,6,1,9,-1,-1,-1,7,1
2013450010556,1,9,0,18,0,2,0,0,0,0,1,1,1,1,8,1896,2,3,2,1
2013450010558,1,9,0,18,0,1,0,0,0,0,3,1,6,1,6,1995,1,7,-1,-1
2013450010559,1,9,0,18,0,0,1,0,5,6,1,1,2,2,6,1124,1,11,6,2
2013450010562,1,19,0,3,0,0,0,0,0,0,2,1,1,1,7,2198,2,7,7,1
2013450010562,2,9,0,18,0,0,0,0,0,0,1,1,2,1,4,1242,1,12,10,1
2013450010565,1,9,0,5,0,0,0,0,0,0,1,1,6,2,4,1198,1,2,6,1
2013450010566,1,5,0,16,0,4,1,0,0,0,4,1,6,1,5,125,1,-1,6,1
2013450010568,1,9,0,5,0,4,0,0,0,0,2,1,6,2,9,998,1,-1,8,1
2013450010568,2,19,0,4,0,4,1,0,0,0,1,1,6,3,-1,-1,-1,-1,-1,-1
2013450010570,1,9,0,16,0,0,1,0,8,0,1,1,6,2,6,998,1,13,10,2
2013450010572,1,9,0,16,0,1,1,0,1,11,3,1,6,1,5,1998,1,11,4,1
2013450010574,1,9,0,9,0,6,0,0,0,0,3,1,2,1,7,1299,1,14,4,1
2013450010574,2,9,0,18,0,8,0,0,0,0,1,1,3,1,9,2698,2,7,10,1
2013450010580,1,1,0,18,9,0,0,0,0,0,0,1,6,1,7,-1,-1,-1,9,1
2013450010582,1,9,0,4,0,0,0,0,0,0,1,1,6,1,-1,3200,1,7,8,1
2013450010582,2,9,0,3,0,0,0,0,0,0,2,1,6,3,-1,-1,-1,-1,-1,-1
2013450010582,3,9,0,3,0,0,0,0,0,0,2,1,1,1,7,1560,2,7,3,1
2013450010584,1,19,0,2,0,0,0,0,0,0,0,1,6,3,-1,-1,-1,-1,-1,-1
2013450010584,2,9,0,4,0,0,0,0,0,0,2,1,1,2,6,1587,1,13,3,1
2013450010584,3,9,0,18,0,0,0,0,0,0,1,1,1,1,8,1984,1,9,3,1
2013450010584,4,9,0,18,0,0,0,0,0,0,1,1,2,2,6,1390,1,8,4,1
2013450010589,1,9,0,4,0,0,0,0,0,0,1,1,6,1,6,1124,1,8,10,3
2013450010589,2,9,0,3,0,0,0,0,0,0,2,1,6,1,6,1968,2,2,6,2
2013450010589,3,9,0,3,0,0,0,0,0,0,2,1,6,1,6,1390,1,2,8,1
2013450010589,4,9,0,3,0,0,0,0,0,0,2,1,6,1,9,1996,1,18,9,1
2013450010593,1,9,0,5,0,8,0,0,0,0,4,1,6,2,6,1968,2,2,10,1
2013450010594,1,9,0,9,0,0,0,0,0,0,2,1,6,1,11,1796,1,13,10,1
2013450010594,2,19,0,18,0,0,1,0,0,0,1,1,1,1,5,2148,2,8,6,3
2013450010594,3,19,0,18,0,0,1,0,0,0,1,1,1,1,6,2198,2,-1,8,1
2013450010594,4,9,0,18,0,0,1,0,0,0,1,1,2,1,8,1995,2,6,10,1
2013450010596,1,5,0,18,0,2,0,0,0,0,1,1,2,1,7,600,1,13,10,1
2013450010596,2,9,0,9,0,1,0,0,0,0,4,1,2,2,8,1600,1,13,10,1
2013450010597,1,9,0,9,0,3,0,0,0,0,4,1,6,1,11,1390,1,5,8,1
2013450010598,1,9,0,18,0,0,0,0,0,0,0,1,1,1,6,1995,2,-1,9,1
2013450010598,2,9,0,18,0,0,0,0,0,0,4,1,6,1,6,1753,2,5,4,2
2013450010602,1,9,0,18,0,0,0,0,0,0,4,1,6,1,7,1685,2,-1,9,1
2013450010602,2,1,0,18,4,0,0,0,0,0,1,1,6,2,6,-1,-1,-1,5,1
2013450010604,1,9,0,4,0,0,0,0,0,0,1,1,6,1,7,1495,1,13,2,1
2013450010604,2,9,0,4,0,0,0,0,0,0,2,1,6,2,8,2967,2,6,10,1
2013450010604,3,9,0,4,0,0,0,0,0,0,2,1,6,2,6,1299,1,5,8,1
2013450010604,4,9,0,4,0,0,0,0,0,0,2,1,6,1,6,1686,2,6,6,1
2013450010608,1,9,0,16,0,0,1,0,0,0,1,1,6,1,10,998,1,10,3,1
2013450010608,2,9,0,17,0,0,0,0,0,0,1,1,6,1,10,1951,2,7,10,2
2013450010610,1,9,0,7,0,0,0,0,0,0,1,1,3,2,6,1796,1,7,9,1
2013450010610,2,1,0,18,0,0,0,0,0,0,3,1,6,2,7,-1,-1,-1,8,1
2013450010611,1,9,0,1,0,0,0,0,0,0,0,1,6,1,7,2148,2,8,2,1
2013450010612,1,9,0,12,0,0,0,0,0,0,0,1,6,3,-1,-1,-1,-1,-1,-1
2013450010612,2,9,0,18,0,0,1,0,0,0,1,1,6,2,5,1299,1,10,5,1
2013450010612,3,9,0,18,0,0,0,0,0,0,1,1,6,2,8,1560,2,5,5,1
2013450010616,1,5,0,9,0,8,2,0,0,0,4,1,2,1,6,1299,1,9,4,1
2013450010619,1,11,0,18,0,0,0,0,0,0,4,1,1,1,9,3900,2,10,6,1
2013450010621,1,9,3,18,0,0,0,0,0,0,3,1,6,1,9,1998,1,13,6,1
2013450010621,2,9,0,18,0,0,0,0,0,0,1,1,6,1,7,-1,-1,-1,9,1
2013450010623,1,9,0,9,0,0,0,0,0,0,3,1,6,2,6,1896,2,11,8,1
2013450010623,2,2,0,14,0,0,0,0,0,0,1,1,6,1,4,49,1,6,1,1
2013450010626,1,3,0,18,0,1,0,0,0,0,1,1,6,1,5,125,1,15,4,1
2013450010626,2,9,0,9,0,8,0,0,0,0,3,1,6,2,7,1598,1,2,10,1
2013450010628,1,9,0,18,0,0,0,0,0,0,4,1,6,3,-1,-1,-1,-1,-1,-1
2013450010633,1,9,0,18,0,8,1,0,0,0,1,1,6,2,9,4196,1,10,4,1
2013450010633,2,9,0,9,0,8,0,0,0,0,3,1,6,2,5,1390,1,11,4,1
2013450010635,1,1,0,3,0,1,0,0,0,0,1,1,6,1,4,-1,-1,-1,10,1
2013450010635,2,9,0,14,0,1,0,0,0,0,4,1,6,3,-1,-1,-1,-1,-1,-1
2013450010636,1,9,0,18,0,0,0,0,0,0,1,1,6,2,10,1400,2,6,10,3
2013450010636,2,9,0,16,0,0,0,0,0,0,2,1,6,2,8,998,1,5,10,1
2013450010645,1,1,0,18,0,8,0,0,0,0,2,1,1,1,6,-1,-1,-1,10,1
2013450010645,2,9,0,7,0,6,0,0,0,0,1,1,6,2,8,1599,1,8,10,1
2013450010647,1,9,0,17,0,2,0,0,1,0,1,1,6,1,5,2979,1,11,9,3
2013450010648,1,1,0,18,0,8,0,0,0,0,1,1,6,1,6,-1,-1,-1,-1,-1
2013450010648,2,9,0,8,0,8,0,0,0,0,2,1,6,2,9,1870,2,7,8,3
2013450010649,1,19,0,18,0,0,0,0,0,0,1,1,6,1,8,-1,-1,-1,4,1
2013450010649,2,9,0,5,0,0,0,0,0,0,3,1,6,2,7,2393,1,10,5,1
2013450010650,1,9,0,11,0,8,0,0,0,0,1,1,6,1,11,1598,1,11,10,1
2013450010650,2,19,0,18,0,8,0,0,0,0,2,1,6,1,6,2143,2,3,6,1
2013450010650,3,19,0,18,0,8,0,0,0,0,3,1,6,1,6,1968,2,3,5,1
2013450010652,1,9,0,18,0,0,0,0,0,0,1,1,6,1,8,1299,1,15,6,3
2013450010654,1,20,0,13,0,0,0,0,0,0,4,1,1,1,7,-1,-1,-1,7,1
2013450010654,2,9,0,18,0,0,0,0,0,0,3,1,6,3,-1,-1,-1,-1,-1,-1
2013450010655,1,9,0,3,0,8,0,0,0,0,1,1,6,1,9,1998,2,4,5,1
2013450010655,2,9,0,18,0,8,0,0,0,0,2,1,6,2,7,1597,1,14,9,1
2013450010656,1,9,0,17,0,0,2,0,1,0,1,1,6,1,5,1995,2,1,10,1
2013450010658,1,20,0,12,0,0,0,0,0,0,3,1,6,1,-1,-1,-1,-1,-1,-1
2013450010658,2,9,0,12,0,0,0,0,0,0,1,1,6,1,6,1332,1,4,8,1
2013450010659,1,9,0,2,0,0,0,0,0,0,2,1,6,2,7,-1,-1,-1,10,1
2013450010659,2,9,0,18,0,0,0,4,1,0,1,1,2,1,7,1242,1,11,10,1
2013450010660,1,9,0,18,0,8,0,0,0,0,1,1,2,1,7,1968,2,6,5,1
2013450010660,2,9,0,9,0,6,0,0,0,0,3,1,2,2,7,1399,1,4,7,1
2013450010667,1,9,0,9,0,1,0,0,0,0,1,1,6,1,-1,-1,-1,-1,-1,-1
2013450010667,2,9,0,4,0,1,0,0,0,0,1,1,6,1,6,1596,1,6,10,1
2013450010667,3,9,0,18,0,1,0,0,0,0,1,1,6,2,7,-1,-1,-1,4,1
2013450010670,1,9,0,4,0,0,0,0,0,0,2,1,6,1,9,1968,2,7,7,1
2013450010670,2,9,0,4,0,0,0,0,0,0,1,1,1,2,4,1248,1,4,7,3
2013450010673,1,9,0,18,0,8,0,0,0,0,1,1,6,1,8,1596,1,15,6,1
2013450010673,2,9,0,18,0,8,0,0,0,0,4,1,6,1,6,1968,2,2,4,1
2013450010675,1,9,0,18,0,0,1,0,1,11,4,1,6,1,5,1997,1,7,7,1
2013450010677,1,9,0,4,0,6,0,0,0,0,2,1,2,1,6,1995,2,10,10,1
2013450010677,2,9,0,4,0,1,1,0,0,0,1,1,2,1,4,1391,1,11,10,1
2013450010679,1,19,0,4,0,0,0,0,0,0,0,1,1,2,6,2198,2,7,9,1
2013450010682,1,9,0,18,0,0,0,0,8,6,3,1,6,2,5,1796,1,7,6,1
2013450010684,1,19,0,4,0,0,0,0,0,0,1,1,6,1,-1,1560,2,3,6,3
2013450010684,2,9,0,18,0,0,0,0,0,0,2,1,6,2,-1,1229,1,4,7,2
2013450010685,1,9,0,18,0,2,0,0,0,0,1,1,6,1,4,1587,1,11,9,1
2013450010685,2,9,0,18,0,2,0,0,0,0,2,1,6,1,6,1999,1,7,8,1
2013450010688,1,9,0,5,0,6,0,0,0,0,1,1,6,1,10,1997,1,11,9,1
2013450010688,2,9,0,5,0,1,0,0,0,0,1,1,6,2,6,2688,2,11,10,1
2013450010690,1,9,0,18,0,0,5,0,5,7,1,1,6,1,5,1124,1,10,10,1
2013450010690,2,9,0,12,0,0,0,0,0,0,0,1,6,3,-1,-1,-1,-1,-1,-1
2013450010695,1,5,0,4,0,3,0,0,0,0,1,1,6,1,6,600,1,9,2,1
2013450010695,2,9,0,3,0,3,0,0,0,0,2,1,6,1,6,1995,2,7,9,1
2013450010700,1,9,0,18,0,0,0,0,0,0,1,1,1,2,10,1560,2,5,9,2
2013450010700,2,9,0,18,0,0,0,0,0,0,2,1,1,2,9,1596,1,-1,1,1
2013450010701,1,9,0,18,0,0,0,0,4,6,3,1,6,1,5,1198,1,2,10,1
2013450010703,1,9,0,18,0,1,0,0,0,0,1,1,6,2,11,1798,1,4,7,3
2013450010703,2,9,0,9,0,2,0,0,0,0,3,1,2,1,8,-1,-1,-1,9,1
2013450010706,1,1,0,18,0,1,0,0,0,0,1,1,6,1,3,-1,-1,-1,9,1
2013450010706,2,9,0,9,0,6,0,0,0,0,3,1,6,3,-1,-1,-1,-1,-1,-1
2013450010708,1,9,0,18,0,1,0,0,0,0,0,1,6,2,9,1995,2,3,8,3
2013450010708,2,9,0,18,0,1,0,0,0,0,2,1,1,2,6,1197,1,-1,7,2
2013450010708,3,9,0,18,0,1,0,0,0,0,2,1,1,1,9,1997,2,5,10,2
2013450010708,4,19,0,18,0,1,5,0,0,0,1,1,1,1,6,1998,2,9,8,1
2013450010711,1,9,0,8,0,1,0,0,0,0,2,1,6,2,6,1390,1,5,9,1
2013450010711,2,9,0,4,0,1,0,0,0,0,1,1,6,3,-1,3969,1,18,-1,-1
2013450010713,1,9,0,18,0,1,0,0,0,0,4,1,6,3,-1,-1,-1,-1,-1,-1
2013450010714,1,9,0,16,0,0,0,0,0,0,1,1,6,1,11,-1,-1,-1,10,1
2013450010714,2,9,0,17,0,0,1,0,0,0,1,1,6,1,10,2179,2,6,-1,-1
2013450010718,1,9,0,1,0,0,0,0,1,0,2,1,6,3,-1,-1,-1,-1,-1,-1
2013450010721,1,9,0,17,0,0,1,0,1,0,3,1,6,1,6,-1,-1,-1,2,1
2013450010722,1,19,0,18,0,0,0,0,0,0,1,1,1,1,5,2198,2,5,9,2
2013450010722,2,9,0,18,0,0,0,0,0,0,2,1,1,1,8,2000,2,2,10,1
2013450010727,1,9,0,16,0,8,0,0,0,0,1,1,6,1,10,1596,1,2,4,1
2013450010728,1,1,0,18,0,1,0,0,0,0,0,1,6,1,3,-1,-1,-1,8,1
2013450010728,2,9,0,9,0,5,0,0,0,0,1,1,6,1,11,1339,1,4,10,1
2013450010734,1,9,0,18,0,1,0,0,1,0,4,1,6,1,10,999,1,-1,10,1
2013450010734,2,1,0,18,0,1,0,0,1,0,2,1,6,1,7,-1,-1,-1,8,1
2013450010739,1,9,0,18,0,0,0,0,0,0,1,1,2,1,5,-1,-1,-1,10,1
2013450010739,2,9,0,3,0,0,0,0,0,0,2,1,2,2,5,1596,1,12,5,1
2013450010739,3,9,0,4,0,0,0,0,0,0,2,1,2,1,7,998,1,1,7,2
2013450010739,4,9,0,4,0,0,0,0,0,0,2,1,2,1,5,1388,1,2,8,1
2013450010741,1,9,0,18,0,1,0,0,0,0,1,1,3,1,6,1499,2,-1,6,1
2013450010741,2,9,0,18,0,1,0,0,0,0,1,1,3,1,7,1973,1,13,6,1