Accident_Index,Vehicle_Reference,Vehicle_Type,Towing_and_Articulation,Vehicle_Manoeuvre,Vehicle_Location-Restricted_Lane,Junction_Location,Skidding_and_Overturning,Hit_Object_in_Carriageway,Vehicle_Leaving_Carriageway,Hit_Object_off_Carriageway,1st_Point_of_Impact,Was_Vehicle_Left_Hand_Drive?,Journey_Purpose_of_Driver,Sex_of_Driver,Age_Band_of_Driver,Engine_Capacity_(CC),Propulsion_Code,Age_of_Vehicle,Driver_IMD_Decile,Driver_Home_Area_Type
2013450010741,3,9,0,3,0,1,0,0,0,0,2,1,1,1,9,-1,-1,-1,6,1
2013450010743,1,1,0,18,9,0,0,0,0,0,0,1,6,2,8,-1,-1,-1,7,2
2013450010744,1,9,0,18,9,1,0,7,7,0,1,1,6,1,5,1368,1,2,5,1
2013450010744,2,9,0,1,0,1,0,0,0,0,0,1,1,1,6,1560,2,1,7,1
2013450010744,3,9,0,18,9,2,1,0,1,0,1,1,1,1,6,1560,2,-1,7,1
2013450010744,4,9,0,2,0,1,0,0,0,0,0,1,1,1,6,-1,-1,-1,6,1
2013450010745,1,3,0,18,0,1,2,0,0,0,1,1,6,1,6,124,1,12,9,3
2013450010745,2,9,0,9,0,6,0,0,0,0,0,1,6,1,9,2401,2,11,5,1
2013450010746,1,9,0,9,0,2,0,0,0,0,1,1,6,2,7,1560,2,3,6,1
2013450010746,2,9,0,18,0,1,0,0,0,0,4,1,6,1,8,1796,1,12,4,1
2013450010749,1,9,0,3,0,8,0,0,0,0,1,1,2,1,6,-1,-1,-1,6,3
2013450010749,2,9,0,4,0,8,0,0,0,0,2,1,6,2,4,1686,2,-1,8,1
2013450010750,1,9,0,18,0,0,1,0,0,0,1,1,6,1,6,-1,-1,-1,7,1
2013450010750,2,9,0,18,0,0,0,0,0,0,2,1,6,2,5,1796,1,4,9,3
2013450010754,1,9,0,9,0,6,0,0,0,0,1,1,6,2,7,2993,2,3,6,3
2013450010754,2,1,0,10,0,8,0,0,0,0,2,1,6,2,8,-1,-1,-1,6,1
2013450010761,1,9,0,18,0,0,5,7,0,0,1,1,6,1,11,1597,1,16,9,1
2013450010764,1,9,0,16,0,0,0,0,0,0,1,1,6,2,8,2204,2,4,10,3
2013450010764,2,1,0,16,0,0,0,0,0,0,1,1,6,1,3,-1,-1,-1,10,2
2013450010765,1,9,0,8,0,1,0,0,0,0,1,1,6,1,8,-1,-1,-1,10,1
2013450010765,2,9,0,8,0,1,0,0,0,0,2,1,6,2,6,1199,1,11,4,1
2013450010766,1,11,0,4,0,0,0,0,0,0,0,1,1,1,5,6700,2,6,3,1
2013450010768,1,9,0,5,0,0,0,0,0,0,1,1,6,2,6,1998,1,10,10,1
2013450010768,2,9,0,10,0,0,0,0,0,0,1,1,6,1,8,998,1,3,10,1
2013450010769,1,9,0,5,0,4,0,0,0,0,2,1,1,2,8,1896,2,5,4,1
2013450010769,2,9,0,5,0,4,0,0,0,0,1,1,1,2,9,1679,1,13,10,2
2013450010777,1,9,0,18,0,1,0,0,0,0,1,1,6,1,10,-1,-1,-1,4,1
2013450010777,2,9,0,10,0,1,0,0,0,0,2,1,6,2,7,2179,2,9,-1,3
2013450010781,1,9,0,9,0,1,0,0,0,0,1,1,6,1,5,796,1,11,2,1
2013450010781,2,9,0,18,0,1,0,0,0,0,1,1,6,1,8,1910,2,4,10,1
2013450010785,1,9,0,18,0,1,0,0,0,0,3,1,6,2,5,1242,1,5,6,1
2013450010785,2,9,0,7,0,1,0,0,0,0,1,1,6,1,5,-1,-1,-1,2,1
2013450010788,1,9,0,5,0,2,0,0,0,0,1,1,6,1,9,1390,1,2,8,1
2013450010788,2,1,0,18,0,2,0,0,0,0,1,1,6,1,8,-1,-1,-1,6,1
2013450010791,1,9,0,4,0,0,0,0,0,0,1,1,6,2,6,1198,1,6,4,1
2013450010791,2,9,0,4,0,0,0,0,0,0,2,1,6,2,6,2926,2,13,7,1
2013450010792,1,9,0,3,0,1,0,0,0,0,2,1,6,1,8,1998,1,8,9,1
2013450010792,2,9,0,18,0,1,0,0,0,0,1,1,6,1,6,1796,1,9,9,1
2013450010793,1,9,0,5,0,4,0,0,0,0,1,1,2,2,7,1910,2,5,2,1
2013450010793,2,1,0,18,0,3,0,0,0,0,4,1,4,1,4,-1,-1,-1,9,1
2013450010794,1,9,0,18,0,1,0,0,0,0,0,1,6,2,8,1587,1,7,9,3
2013450010797,1,9,0,18,0,1,0,0,0,0,1,1,6,1,4,1994,1,13,5,1
2013450010797,2,9,0,18,0,1,0,4,1,0,1,1,6,1,5,2979,1,5,10,1
2013450010797,3,9,0,2,0,1,0,0,0,0,4,1,6,1,6,-1,-1,-1,8,1
2013450010797,4,9,0,18,0,1,0,0,0,0,1,1,1,1,6,-1,-1,-1,-1,-1
2013450010797,5,9,0,18,0,1,0,0,0,0,0,1,1,1,6,2179,2,1,-1,-1
2013450010797,6,9,0,18,0,1,0,0,0,0,2,1,1,1,7,2967,2,7,-1,-1
2013450010797,7,9,0,18,0,1,0,0,0,0,0,1,1,1,7,2179,2,6,-1,-1
2013450010797,8,9,0,2,0,1,0,0,0,0,2,1,6,2,8,1398,2,4,10,1
2013450010798,1,9,0,18,0,0,0,7,7,0,1,1,6,1,10,1398,1,3,10,1
2013450010799,1,9,0,4,0,1,0,0,0,0,2,1,6,1,7,2982,2,2,7,3
2013450010799,2,9,0,4,0,1,1,0,0,0,1,1,6,2,7,1598,1,6,10,2
2013450010802,1,9,0,8,0,1,0,0,0,0,2,1,2,2,6,1968,2,6,10,3
2013450010802,2,9,0,18,0,1,0,0,0,0,1,1,2,2,7,1910,2,5,8,1
2013450010803,1,9,0,18,0,4,0,0,0,0,1,1,1,2,8,1229,1,4,8,1
2013450010803,2,1,0,18,0,8,0,0,0,0,4,1,6,1,4,-1,-1,-1,7,1
2013450010804,1,9,0,18,0,4,0,0,0,0,1,1,6,2,8,2179,2,7,10,1
2013450010804,2,9,0,18,0,8,0,0,0,0,1,1,6,2,5,1299,1,11,10,1
2013450010805,1,1,0,14,0,0,0,0,0,0,1,1,4,1,4,-1,-1,-1,6,1
2013450010805,2,1,0,14,0,0,0,0,0,0,2,1,4,1,4,-1,-1,-1,5,1
2013450010805,3,9,0,2,0,0,0,0,0,0,0,1,6,1,-1,1596,1,2,-1,-1
2013450010807,1,9,0,4,0,0,0,0,0,0,1,1,1,1,5,-1,-1,-1,2,1
2013450010807,2,9,0,4,0,0,0,0,0,0,2,1,1,1,7,2148,2,6,1,1
2013450010807,3,9,0,4,0,0,0,0,0,0,2,1,1,1,7,-1,-1,-1,6,1
2013450010813,1,9,0,18,9,6,0,0,0,0,3,1,6,2,8,1560,2,4,10,1
2013450010815,1,11,0,5,0,0,0,0,0,0,1,1,1,1,8,4500,2,4,10,3
2013450010816,1,9,0,9,0,1,0,0,0,0,1,1,6,1,8,2993,2,9,7,3
2013450010816,2,1,0,18,0,1,0,0,0,0,1,1,2,1,6,-1,-1,-1,3,1
2013450010817,1,1,0,18,4,0,1,0,0,0,0,1,2,1,7,-1,-1,-1,4,1
2013450010820,1,9,0,4,0,1,0,0,0,0,2,1,2,2,6,1766,1,29,6,1
2013450010820,2,21,0,3,0,1,0,0,0,0,1,1,1,1,8,4461,2,1,4,1
2013450010821,1,9,0,18,0,0,0,0,4,6,4,1,2,1,5,1396,1,11,10,1
2013450010823,1,5,0,16,0,2,2,0,0,0,4,1,2,1,5,599,1,4,10,1
2013450010828,1,5,0,18,0,8,0,0,0,0,1,1,1,1,8,998,1,2,10,1
2013450010829,1,9,0,4,0,0,0,0,0,0,2,1,6,1,8,1968,2,3,6,1
2013450010829,2,9,0,4,0,0,0,0,0,0,1,1,6,2,5,1360,1,11,9,1
2013450010830,1,9,0,18,0,3,0,0,0,0,4,1,6,1,6,2996,1,8,9,1
2013450010830,2,1,0,18,0,3,0,0,0,0,3,1,1,2,7,-1,-1,-1,5,1
2013450010835,1,9,0,3,0,4,0,0,0,0,2,1,6,1,5,1390,1,15,9,3
2013450010835,2,9,0,4,0,4,0,0,0,0,1,1,6,3,11,1997,2,11,7,1
2013450010838,1,9,0,18,0,0,0,0,0,0,0,1,1,3,-1,-1,-1,-1,-1,-1
2013450010838,2,9,0,18,0,0,0,4,0,0,1,1,6,2,5,1299,1,9,8,1
2013450010838,3,9,0,18,0,0,0,0,0,0,2,1,6,1,9,1299,1,11,6,1
2013450010841,1,9,0,9,0,8,0,0,0,0,3,1,1,1,5,-1,-1,-1,7,1
2013450010841,2,3,0,18,0,8,0,0,0,0,1,1,1,1,6,124,1,1,9,1
2013450010842,1,9,0,18,0,8,0,0,0,0,2,1,6,1,10,1997,1,3,9,1
2013450010842,2,9,0,18,0,8,0,0,0,0,1,1,6,1,6,3200,2,9,9,3
2013450010843,1,9,0,4,0,0,0,0,0,0,2,1,6,2,8,1598,1,1,9,3
2013450010843,2,9,0,18,0,0,0,0,0,0,1,1,6,1,5,1299,1,7,5,1
2013450010845,1,1,0,18,0,1,0,0,0,0,1,1,6,1,7,-1,-1,-1,3,1
2013450010845,2,9,0,7,0,5,0,0,0,0,4,1,6,2,9,1461,2,-1,10,1
2013450010847,1,9,0,3,0,0,1,0,0,0,1,1,6,2,7,2494,1,19,8,2
2013450010847,2,9,0,3,0,0,1,0,0,0,2,1,6,1,6,1149,1,-1,3,1
2013450010847,3,21,1,4,0,0,0,0,0,0,2,1,1,1,9,12580,2,9,6,2
2013450010851,1,9,0,3,0,2,0,0,0,0,2,1,3,2,8,1995,2,-1,9,3
2013450010851,2,9,0,4,0,2,1,0,0,0,1,1,2,2,5,998,1,11,8,3
2013450010852,1,1,0,18,5,0,0,0,0,2,1,1,2,1,6,-1,-1,-1,7,1
2013450010853,1,9,0,18,0,0,0,0,0,0,2,1,2,2,6,1997,1,9,1,1
2013450010853,2,9,0,18,0,0,0,0,0,0,1,1,2,1,6,1398,2,-1,3,1
2013450010856,1,19,0,3,0,0,0,0,0,0,2,1,1,1,6,1996,2,-1,9,1
2013450010856,2,3,0,18,8,0,5,10,0,0,1,1,6,2,7,124,1,7,9,1
2013450010861,1,9,0,18,0,3,1,0,1,0,3,1,6,1,6,3996,1,15,5,1
2013450010862,1,9,0,18,0,1,0,0,0,0,1,1,6,2,-1,1390,1,16,6,1
2013450010862,2,9,0,18,0,1,0,0,0,0,4,1,6,1,10,1591,1,-1,6,1
2013450010862,3,9,0,2,0,1,0,0,0,0,2,1,6,1,10,1149,1,1,6,1
2013450010862,4,9,0,18,0,1,0,0,0,0,3,1,6,2,9,1699,1,4,10,1
2013450010862,5,9,0,18,0,1,0,0,0,0,3,1,6,1,-1,2435,1,13,6,1
2013450010862,6,9,0,18,0,1,0,0,0,0,3,1,6,2,4,1124,1,15,6,1
2013450010866,1,9,0,16,0,1,0,0,0,0,1,1,1,1,8,1794,1,8,6,1
2013450010866,2,9,0,16,0,1,0,0,0,0,2,1,2,1,9,1968,2,2,10,1
2013450010866,3,9,0,16,0,1,0,0,0,0,0,1,6,3,-1,-1,-1,-1,-1,-1
2013450010870,1,1,0,18,0,2,0,0,0,0,1,1,6,3,-1,-1,-1,-1,-1,-1
2013450010873,1,9,0,18,0,1,0,0,0,0,1,1,6,1,7,1896,2,5,5,1
2013450010873,2,9,0,10,0,1,0,0,0,0,2,1,6,1,5,1995,1,3,10,1
2013450010873,3,9,0,18,0,1,0,0,0,0,1,1,6,1,10,1596,1,9,10,1
2013450010873,4,9,0,10,0,1,0,0,0,0,3,1,6,1,7,1968,2,3,10,1
2013450010874,1,19,0,18,0,1,0,0,0,0,1,1,2,1,7,2477,2,8,5,3
2013450010874,2,19,0,10,0,1,0,0,0,0,2,1,2,1,7,1896,2,15,9,1
2013450010876,1,9,0,10,0,6,0,0,0,0,3,1,6,2,7,2184,2,4,10,1
2013450010877,1,5,0,7,0,4,2,0,0,0,0,1,6,1,7,649,1,1,9,1
2013450010878,1,9,0,11,0,1,0,0,0,0,4,1,6,1,4,1390,1,12,10,1
2013450010878,2,9,0,18,0,1,0,0,0,0,3,1,6,1,6,1997,2,6,3,1
2013450010881,1,9,0,8,0,1,0,0,0,0,1,1,3,2,8,1596,1,9,9,1
2013450010882,1,9,0,5,0,6,0,0,0,0,4,1,6,2,7,1797,8,3,10,1
2013450010882,2,2,0,18,0,1,2,0,0,0,1,1,1,1,6,50,1,1,10,1
2013450010883,1,9,0,16,0,0,5,0,1,4,1,1,6,1,6,1598,1,11,10,3
2013450010884,1,9,0,18,0,1,0,0,0,0,1,1,6,2,7,1560,2,8,6,1
2013450010884,2,9,0,4,0,1,0,0,0,0,2,1,2,1,8,1582,2,-1,10,1
2013450010886,1,9,0,3,0,1,0,0,0,0,2,1,6,2,7,1248,1,1,5,1
2013450010886,2,9,0,18,0,1,0,0,0,0,1,1,6,2,6,1598,1,3,8,3
2013450010888,1,9,0,18,0,6,0,0,3,0,3,1,2,2,8,1368,1,5,10,1
2013450010888,2,9,0,18,0,1,0,0,0,0,1,1,2,2,9,1399,1,3,8,2
2013450010889,1,9,0,18,0,0,0,0,0,0,0,1,6,2,9,1598,2,3,8,3
2013450010889,2,2,0,18,0,0,0,0,0,0,1,1,2,1,-1,124,1,6,-1,-1
2013450010891,1,9,0,17,0,0,1,0,7,0,3,1,6,2,8,-1,-1,-1,6,3
2013450010891,2,9,0,17,0,0,1,0,7,0,1,1,6,2,6,1840,1,12,5,1
2013450010891,3,21,1,18,0,0,0,0,0,0,1,1,1,1,7,15607,2,1,8,1
2013450010893,1,9,0,18,0,0,0,0,0,0,1,1,6,1,8,1896,2,5,7,1
2013450010893,2,9,0,18,0,0,0,0,0,0,1,1,6,1,6,1390,1,13,5,1
2013450010894,1,9,0,9,0,6,0,0,0,0,1,1,1,1,8,3311,8,6,10,1
2013450010894,2,9,0,18,0,8,1,0,7,10,4,1,6,1,4,1587,1,10,6,1
2013450010900,1,9,0,16,0,0,1,0,1,0,1,1,6,1,4,1229,1,8,10,1
2013450010902,1,9,0,4,0,1,0,0,1,0,2,1,2,2,6,1560,2,5,8,3
2013450010902,2,19,0,18,0,1,0,0,0,0,1,1,6,1,9,2477,2,1,9,3
2013450010907,1,9,0,18,0,2,0,0,0,0,1,1,6,1,5,1560,2,7,7,1
2013450010907,2,9,0,18,0,2,1,0,0,0,2,1,2,1,8,1596,1,7,6,1
2013450010908,1,9,0,18,0,4,0,0,0,0,1,1,6,2,11,1197,1,-1,9,3
2013450010908,2,9,0,9,0,8,0,0,7,1,4,1,6,1,6,1391,1,12,7,2
2013450010910,1,9,0,18,0,0,1,0,5,6,1,1,6,2,4,1360,1,14,10,1
2013450010913,1,9,0,5,0,6,0,0,0,0,1,1,6,2,5,1988,1,9,9,1
2013450010913,2,5,0,18,0,8,5,0,0,0,1,1,6,1,4,599,1,14,10,3
2013450010913,3,9,0,3,0,1,0,0,0,0,1,1,2,1,8,1198,1,10,10,1
2013450010916,1,9,0,18,0,1,1,0,8,0,1,1,6,1,5,1995,2,10,8,1
2013450010917,1,9,0,7,0,1,0,0,0,0,3,1,6,1,7,-1,-1,-1,10,1
2013450010917,2,9,0,12,0,1,0,0,0,0,4,1,6,1,-1,998,1,13,10,1
2013450010919,1,19,0,11,0,8,0,0,0,0,1,1,1,1,8,2143,2,2,7,1
2013450010919,2,9,0,18,0,8,0,0,0,0,3,1,1,2,7,1560,2,5,9,1
2013450010925,1,20,0,18,0,1,0,0,0,0,1,1,6,3,-1,-1,-1,-1,-1,-1
2013450010926,1,9,0,18,0,0,0,0,0,0,2,1,6,1,10,1985,1,13,6,1
2013450010926,2,9,0,18,0,0,1,0,0,0,1,1,6,2,8,-1,-1,-1,10,1
2013450010932,1,9,0,18,0,0,0,0,0,0,1,1,6,2,7,2188,2,10,4,2
2013450010932,2,9,0,2,0,0,0,0,1,0,2,1,6,1,5,1229,1,7,6,1
2013450010932,3,9,0,2,0,0,0,0,0,0,2,1,6,2,6,1360,1,3,6,1
2013450010934,1,9,0,17,0,0,0,0,1,4,1,1,6,1,7,1391,1,18,10,1
2013450010935,1,9,0,9,0,8,0,0,0,0,1,1,6,1,5,-1,-1,-1,10,3
2013450010940,1,9,0,7,0,4,0,0,0,0,3,1,1,1,11,1769,1,8,10,3
2013450010940,2,1,0,18,0,3,0,0,0,0,4,1,1,1,5,-1,-1,-1,5,1
2013450010941,1,9,0,9,0,0,0,0,0,0,0,1,6,2,9,1388,1,9,5,1
2013450010942,1,9,0,18,0,0,0,0,0,0,1,1,6,1,5,-1,-1,-1,9,1
2013450010942,2,9,0,18,0,0,0,0,1,0,2,1,6,1,5,2497,1,11,9,1
2013450010948,1,19,0,18,0,0,0,0,0,0,1,1,6,1,-1,2499,2,10,7,3
2013450010950,1,9,0,18,0,4,0,0,0,0,1,1,6,1,6,1598,1,8,5,1
2013450010950,2,9,0,18,0,4,0,0,0,0,3,1,6,2,8,1390,1,12,2,1
2013450010953,1,9,0,18,0,0,0,0,0,0,1,1,6,3,-1,-1,-1,-1,-1,-1
2013450010953,2,9,0,18,0,0,1,0,2,7,2,1,6,1,7,-1,-1,-1,3,1
2013450010956,1,9,0,13,0,0,0,0,0,0,4,1,6,1,8,1995,2,-1,6,1
2013450010956,2,1,0,18,0,0,5,0,1,0,3,1,6,2,8,-1,-1,-1,6,1
2013450010961,1,9,0,5,0,8,0,0,0,0,1,1,6,1,4,1199,1,9,2,1
2013450010961,2,1,0,18,0,1,5,0,0,0,0,1,6,2,6,-1,-1,-1,8,1
2013450010962,1,3,0,9,0,3,0,0,0,0,3,1,2,2,4,125,1,3,7,3
2013450010963,1,9,0,7,0,5,0,0,0,0,4,1,6,1,9,2799,1,12,8,2
2013450010964,1,9,0,18,0,0,0,0,7,9,1,1,6,2,11,1396,1,4,10,1
2013450010964,2,9,0,3,0,0,0,0,0,0,2,1,6,1,9,1910,2,13,10,2
2013450010964,3,9,0,3,0,0,0,0,0,0,2,1,6,2,8,4367,2,-1,7,3
2013450010966,1,9,0,9,0,8,0,0,0,0,1,1,6,1,4,1299,1,12,5,1
2013450010966,2,9,0,18,0,8,0,0,0,0,3,1,6,1,5,1328,1,2,10,1
2013450010968,1,9,0,4,0,0,0,0,0,0,1,1,1,1,7,2771,1,12,5,1
2013450010968,2,9,0,4,0,0,0,0,0,0,2,1,1,2,9,1598,1,11,10,1
2013450010968,3,9,0,4,0,0,0,0,0,0,2,1,1,2,6,1242,1,4,7,1
2013450010970,1,9,0,18,0,0,0,0,0,0,2,1,6,2,6,1388,1,3,10,1
2013450010970,2,9,0,18,0,0,0,0,0,0,1,1,6,1,8,1968,2,4,5,1
2013450010972,1,9,0,9,0,1,0,0,0,0,3,1,6,3,-1,-1,-1,-1,-1,-1
2013450010972,2,9,0,9,0,1,0,0,0,0,4,1,6,2,5,1598,2,3,6,1
2013450010973,1,9,0,18,0,0,0,0,0,0,1,1,3,1,7,1968,2,5,9,1
2013450010996,1,9,0,4,0,0,0,0,0,0,2,1,2,1,7,1896,2,9,10,1
2013450010996,2,9,0,4,0,0,0,0,0,0,2,1,2,1,8,1995,2,1,10,1
2013450010996,3,9,0,18,0,0,0,0,0,0,1,1,6,1,4,1364,1,4,10,1
2013450011001,1,9,0,18,0,1,0,0,0,0,0,1,6,1,9,1998,1,5,9,1
2013450011003,1,9,0,18,0,0,0,0,0,0,1,1,1,1,6,1997,2,2,3,1
2013450011003,2,9,0,3,0,0,0,0,0,0,2,1,6,2,5,998,1,1,10,1
2013450011003,3,9,0,3,0,0,0,0,0,0,2,1,2,1,8,1968,2,2,10,3
2013450011003,4,9,0,3,0,0,0,0,0,0,0,1,6,3,-1,-1,-1,-1,-1,-1
2013450011004,1,9,0,16,0,0,0,0,7,0,2,1,2,1,4,1753,2,7,8,2
2013450011004,2,9,0,16,0,0,0,0,0,0,1,1,6,1,-1,-1,-1,-1,-1,-1
2013450011005,1,5,0,13,0,1,1,0,0,0,4,1,1,1,5,599,1,14,8,1
2013450011005,2,9,0,10,0,5,0,0,0,0,3,1,6,2,6,1299,1,6,10,2
2013450011008,1,9,0,18,0,0,0,0,0,0,1,1,6,1,11,1995,2,2,4,1
2013450011009,1,2,0,18,0,0,0,0,0,0,1,1,6,1,4,49,1,2,10,3
2013450011012,1,9,0,3,0,0,0,0,0,0,1,1,6,1,5,-1,-1,-1,4,1
2013450011012,2,9,0,3,0,0,0,0,0,0,2,1,6,1,8,1997,2,10,6,1
2013450011013,1,9,0,18,0,0,0,0,4,0,3,1,6,2,6,1388,1,5,4,1
2013450011013,2,9,0,18,0,0,0,0,0,0,0,1,6,3,-1,-1,-1,-1,-1,-1
2013450011014,1,9,0,18,0,0,0,0,0,0,1,1,6,1,8,1968,2,1,-1,-1
2013450011014,2,9,0,18,0,0,0,0,0,0,1,1,6,1,9,5000,1,2,10,2
2013450011015,1,9,0,18,0,0,5,0,0,0,1,1,6,2,7,999,1,1,8,1
2013450011019,1,20,0,18,0,0,0,0,0,0,4,1,1,1,-1,2402,2,5,5,1
2013450011023,1,9,0,3,0,1,0,0,0,0,1,1,6,1,7,2295,1,13,7,2
2013450011023,2,9,0,4,0,1,0,0,0,0,1,1,1,1,7,1197,1,-1,7,1
2013450011023,3,9,0,4,0,1,0,0,0,0,1,1,1,1,6,2698,2,6,7,1
2013450011025,1,9,0,18,0,4,0,0,0,0,1,1,6,1,10,1248,1,4,9,1
2013450011025,2,5,0,6,0,3,0,0,0,0,2,1,6,1,5,599,1,6,7,1
2013450011026,1,19,0,4,0,0,0,0,0,0,2,1,6,1,7,2198,2,5,10,1
2013450011026,2,9,0,4,0,0,0,0,0,0,2,1,6,1,7,1997,1,10,10,2
2013450011026,3,9,0,4,0,0,1,0,0,0,1,1,6,1,8,4197,1,4,9,1
2013450011027,1,9,0,9,0,6,0,0,0,0,1,1,2,1,7,1995,2,-1,4,1
2013450011027,2,9,0,18,0,1,0,0,1,0,4,1,1,2,7,1600,2,2,9,1
2013450011030,1,9,0,18,0,2,0,0,0,0,1,1,6,1,8,1587,1,7,10,1
2013450011030,2,9,0,1,0,5,0,0,0,0,2,1,6,1,7,1896,2,12,9,1
2013450011032,1,9,0,18,0,0,0,0,0,0,3,1,6,1,8,998,1,19,4,1
2013450011034,1,9,0,17,0,0,0,0,2,0,1,1,6,1,7,1900,2,13,5,1
2013450011035,1,11,0,18,0,1,0,0,0,0,1,1,1,1,6,4500,2,5,9,1
2013450011036,1,9,0,3,0,1,0,0,0,0,1,1,6,2,7,1997,2,5,10,1
2013450011036,2,1,0,3,0,1,0,0,0,0,1,1,6,1,4,-1,-1,-1,9,1
2013450011038,1,9,0,17,0,0,1,0,1,10,4,1,2,2,6,1360,1,10,5,1
2013450011039,1,3,0,7,0,1,1,0,0,0,1,1,4,1,4,750,1,3,10,1
2013450011040,1,9,0,16,0,0,1,0,4,6,1,1,6,2,9,1796,1,5,9,1
2013450011044,1,9,0,9,0,2,0,0,0,0,1,1,6,2,11,-1,-1,-1,10,1
2013450011044,2,9,0,18,0,2,0,0,0,0,3,1,6,2,8,2792,1,12,8,1
2013450011045,1,3,0,18,0,0,2,10,8,0,3,1,6,1,4,124,1,-1,4,1
2013450011045,2,9,0,18,0,0,0,0,0,0,2,1,6,1,7,1497,1,11,7,1
2013450011046,1,9,0,4,0,0,1,0,0,0,1,1,2,2,7,1397,1,4,7,1
2013450011046,2,9,0,4,0,0,0,0,0,0,2,1,2,2,8,2226,1,25,10,3
2013450011069,1,9,0,3,0,1,0,0,0,0,2,1,6,1,8,3400,6,14,8,1
2013450011069,2,9,0,18,0,1,0,0,0,0,1,1,1,1,6,-1,-1,-1,9,1
2013450011071,1,9,0,18,0,0,0,0,0,0,1,1,6,1,-1,-1,-1,-1,3,1
2013450011072,1,9,0,2,0,0,0,0,0,0,2,1,6,1,5,1124,1,11,4,1
2013450011072,2,9,0,18,0,0,0,0,0,0,1,1,6,1,9,1368,1,2,10,1
2013450011072,3,9,0,18,0,0,0,0,0,0,1,1,6,1,7,1794,1,9,10,1
2013450011074,1,9,0,16,0,1,0,0,0,0,1,1,6,1,4,2495,2,28,9,2
2013450011074,2,21,0,17,0,1,0,0,0,0,1,1,1,1,8,9200,2,5,5,1
2013450011075,1,9,0,17,0,0,0,0,0,0,1,1,6,2,10,1368,1,4,8,1
2013450011075,2,9,0,16,0,0,0,0,0,0,1,1,6,1,7,2231,2,6,10,2
2013450011076,1,21,1,16,0,0,0,0,0,0,1,1,1,1,8,12777,2,2,3,1
2013450011076,2,9,0,4,0,0,0,0,0,0,2,1,1,1,7,1560,2,9,10,2
2013450011076,3,9,0,16,0,0,0,0,0,0,1,1,6,1,6,-1,-1,-1,6,1
2013450011079,1,9,0,18,0,0,1,0,7,0,1,1,6,1,6,1598,1,8,10,2
2013450011082,1,1,0,18,0,0,0,10,1,0,0,1,6,1,-1,-1,-1,-1,9,1
2013450011082,2,11,0,13,0,0,0,0,0,0,0,1,1,1,5,6871,2,5,4,1
2013450011086,1,9,0,12,0,0,0,0,0,0,3,1,6,1,7,1968,2,6,9,1
2013450011086,2,5,0,18,0,0,1,0,0,0,1,1,6,1,5,599,1,11,10,1
2013450011093,1,9,0,18,0,0,5,0,1,0,1,1,6,1,11,1968,2,3,8,1
2013450011094,1,9,0,9,0,1,0,0,0,0,1,1,6,2,6,-1,-1,-1,10,2
2013450011094,2,1,0,18,0,8,0,0,0,0,3,1,2,2,7,-1,-1,-1,5,1
2013450011096,1,9,0,9,0,2,0,0,0,0,1,1,2,1,6,2231,2,1,9,2
2013450011096,2,9,0,18,0,1,0,0,0,0,1,1,2,2,6,-1,-1,-1,4,1
2013450011097,1,9,0,18,0,4,0,0,0,0,1,1,6,2,-1,-1,-1,-1,-1,-1
2013450011097,2,9,0,4,0,4,0,0,0,0,2,1,2,1,6,1595,1,11,10,1
2013450011099,1,9,0,18,0,1,0,0,0,0,2,1,6,2,6,1124,1,10,8,1
2013450011099,2,9,0,18,0,1,0,0,0,0,1,1,6,2,5,1299,1,9,5,1
2013450011100,1,9,0,18,0,2,0,0,0,0,4,1,6,2,6,1686,2,-1,5,1
2013450011100,2,1,0,12,0,6,0,0,0,0,1,1,6,1,4,-1,-1,-1,-1,-1
2013450011101,1,9,0,12,0,8,0,0,0,0,1,1,6,1,10,2987,2,3,9,3
2013450011101,2,5,0,18,0,8,0,0,0,0,2,1,6,1,8,599,1,3,5,1
2013450011104,1,9,0,18,0,0,0,0,0,0,1,1,1,1,6,-1,-1,-1,6,1
2013450011104,2,9,0,4,0,0,0,0,0,0,2,1,2,1,7,1560,2,6,10,2
2013450011105,1,19,0,18,0,1,0,0,0,0,1,1,6,1,6,1753,2,4,4,1
2013450011105,2,9,0,14,0,1,0,0,0,0,4,1,6,2,7,2198,1,10,4,1
2013450011105,3,9,0,18,0,1,0,0,0,0,1,1,6,2,8,1997,2,13,4,1
2013450011106,1,9,0,18,0,1,1,0,7,0,1,1,6,1,4,1124,1,16,9,1
2013450011107,1,9,0,18,0,2,0,0,0,0,1,1,1,2,8,-1,-1,-1,8,3
2013450011108,1,9,0,18,0,1,0,0,0,0,1,1,6,1,8,1995,2,-1,10,3
2013450011109,1,9,0,7,0,0,0,0,2,0,1,1,6,2,6,1598,1,5,10,1
2013450011115,1,19,0,1,9,0,0,0,0,0,2,1,1,1,6,1998,2,9,5,3
2013450011117,1,9,0,17,0,0,0,0,0,0,1,1,6,1,8,1997,2,13,3,3
2013450011117,2,1,0,9,0,0,0,0,0,0,4,1,2,1,8,-1,-1,-1,10,1