Accident_Index,Vehicle_Reference,Vehicle_Type,Towing_and_Articulation,Vehicle_Manoeuvre,Vehicle_Location-Restricted_Lane,Junction_Location,Skidding_and_Overturning,Hit_Object_in_Carriageway,Vehicle_Leaving_Carriageway,Hit_Object_off_Carriageway,1st_Point_of_Impact,Was_Vehicle_Left_Hand_Drive?,Journey_Purpose_of_Driver,Sex_of_Driver,Age_Band_of_Driver,Engine_Capacity_(CC),Propulsion_Code,Age_of_Vehicle,Driver_IMD_Decile,Driver_Home_Area_Type
2013450011118,1,9,0,13,0,1,0,0,0,0,4,1,6,2,10,1390,1,2,9,3
2013450011118,2,1,0,18,0,1,0,0,0,0,3,1,6,1,8,-1,-1,-1,9,3
2013450011119,1,9,0,18,0,1,0,0,0,0,1,1,2,1,6,1595,2,4,10,1
2013450011120,1,9,0,9,0,8,0,0,0,0,1,1,6,2,10,1400,1,13,8,3
2013450011120,2,9,0,18,0,8,0,0,0,0,1,1,6,2,6,1798,1,7,-1,-1
2013450011122,1,9,0,18,0,1,5,0,7,0,1,1,6,1,9,3200,2,9,4,1
2013450011122,2,9,0,18,0,2,0,0,0,0,3,1,6,1,11,998,1,4,10,1
2013450011122,3,9,0,2,0,2,0,0,0,0,2,1,6,1,-1,1598,1,8,-1,-1
2013450011123,1,9,0,18,0,0,0,0,0,0,0,1,1,1,8,2148,2,4,2,1
2013450011125,1,3,0,18,0,0,2,0,0,0,0,1,1,1,4,124,1,-1,8,1
2013450011125,2,9,0,5,0,0,0,0,0,0,0,1,6,2,-1,1242,1,8,10,1
2013450011126,1,9,0,7,0,1,0,0,0,0,2,1,1,1,7,3246,1,8,9,1
2013450011126,2,9,0,18,0,1,0,0,0,0,1,1,6,2,7,3311,8,6,9,1
2013450011128,1,9,0,9,0,0,0,0,0,0,4,1,6,1,9,1229,1,-1,-1,-1
2013450011128,2,4,0,18,0,0,5,0,0,0,1,1,2,1,5,234,1,7,10,1
2013450011128,3,9,0,18,0,0,0,0,0,0,0,1,6,1,6,2200,1,12,4,1
2013450011130,1,9,0,16,0,0,0,0,0,0,1,1,6,2,10,2295,1,12,8,1
2013450011130,2,9,0,17,0,0,0,0,0,0,1,1,2,2,7,2688,2,12,10,1
2013450011133,1,9,0,18,0,0,0,0,0,0,1,1,6,2,5,1968,2,7,10,1
2013450011133,2,9,0,18,0,0,0,0,0,0,2,2,1,1,7,-1,-1,-1,-1,-1
2013450011133,3,9,0,18,0,0,0,0,0,0,2,1,2,1,7,-1,-1,-1,7,1
2013450011134,1,9,0,13,0,0,0,0,0,0,0,1,6,2,10,1339,1,-1,7,2
2013450011134,2,9,0,10,0,0,0,0,0,0,0,1,3,2,-1,2993,2,4,10,1
2013450011136,1,9,0,18,0,0,1,0,0,0,1,1,6,2,4,1299,1,11,10,3
2013450011136,2,11,0,18,0,0,0,0,0,0,1,1,1,1,8,3900,2,10,9,1
2013450011137,1,9,0,3,0,1,0,0,0,0,2,1,1,2,9,1339,1,7,6,1
2013450011137,2,9,0,3,0,1,0,0,0,0,2,1,6,1,6,1796,1,14,6,1
2013450011137,3,9,0,18,0,1,0,0,0,0,1,1,1,1,6,2479,1,28,10,1
2013450011139,1,1,0,18,4,0,2,0,0,0,1,1,2,1,6,-1,-1,-1,9,1
2013450011139,2,9,0,9,0,0,0,0,0,0,4,1,6,2,4,1388,1,9,10,1
2013450011141,1,9,0,18,0,1,0,0,0,0,1,1,1,2,8,1699,1,7,10,1
2013450011146,1,5,0,18,0,0,0,0,0,0,3,1,6,1,8,1340,1,5,9,3
2013450011147,1,21,0,18,0,1,0,0,0,0,2,1,6,1,8,12913,2,5,9,1
2013450011147,2,1,0,9,0,1,0,0,0,0,2,1,6,1,5,-1,-1,-1,10,1
2013450011148,1,19,0,12,0,0,0,0,0,0,3,1,6,3,-1,-1,-1,-1,-1,-1
2013450011148,2,9,0,12,0,0,0,0,0,0,4,1,2,2,5,1397,1,6,10,3
2013450011148,3,9,0,18,0,0,0,0,0,0,4,1,2,2,9,1149,1,3,10,1
2013450011156,1,9,0,1,0,1,0,0,0,0,2,1,6,2,9,1364,2,7,10,1
2013450011156,2,1,0,18,0,8,0,0,0,0,1,1,6,1,10,-1,-1,-1,9,1
2013450011157,1,19,0,18,0,8,0,0,3,11,1,1,1,1,-1,2402,2,3,5,1
2013450011158,1,9,0,18,0,0,0,0,0,0,1,1,6,3,-1,-1,-1,-1,-1,-1
2013450011161,1,19,0,18,0,0,0,0,1,4,4,1,1,1,5,2298,2,2,9,3
2013450011163,1,9,0,9,0,8,0,0,0,0,1,1,6,2,11,998,1,12,8,1
2013450011163,2,9,0,17,0,1,0,0,0,0,3,1,1,1,9,1086,1,7,6,2
2013450011164,1,9,0,18,0,0,0,0,0,0,0,1,6,1,8,1999,1,11,5,1
2013450011166,1,9,0,18,0,0,1,0,1,7,1,1,6,2,11,2000,1,15,10,1
2013450011168,1,9,0,17,0,0,0,0,0,0,1,1,6,2,7,1796,1,6,9,1
2013450011168,2,19,0,18,0,0,0,0,0,0,1,1,6,1,6,2402,2,4,7,1
2013450011169,1,3,0,9,0,8,2,0,0,0,3,1,6,1,9,125,1,5,4,1
2013450011170,1,9,0,2,0,0,0,0,0,0,2,1,1,1,7,-1,-1,-1,2,1
2013450011170,2,9,0,14,0,0,0,0,0,0,4,1,6,2,10,1900,2,6,3,1
2013450011171,1,9,0,16,0,0,2,0,1,0,0,1,1,1,7,1796,1,10,4,1
2013450011172,1,9,0,18,0,0,2,0,7,0,1,1,1,1,5,1242,1,-1,8,3
2013450011173,1,21,1,12,0,0,0,0,1,0,1,1,1,1,8,-1,-1,-1,-1,-1
2013450011173,2,9,0,18,0,0,1,0,1,0,4,1,6,1,10,1560,2,-1,5,3
2013450011178,1,21,1,6,0,0,0,0,0,0,4,1,1,1,5,10518,2,6,8,3
2013450011178,2,9,0,18,0,0,1,0,0,0,1,1,2,1,6,-1,-1,-1,8,1
2013450011181,1,9,0,16,0,0,2,0,7,0,1,1,6,2,7,1587,1,13,8,1
2013450011181,2,9,0,16,0,0,0,0,0,0,2,1,6,2,8,998,1,5,2,2
2013450011183,1,9,0,9,0,8,0,0,0,0,4,1,6,1,6,1242,1,10,6,1
2013450011183,2,9,0,18,0,8,0,0,0,0,1,1,6,1,10,1558,1,-1,10,1
2013450011186,1,1,0,17,0,4,5,0,0,0,0,1,6,1,8,-1,-1,-1,8,1
2013450011190,1,9,0,18,0,0,0,0,0,0,3,1,6,1,6,-1,-1,-1,-1,-1
2013450011190,2,11,0,18,0,0,0,0,0,0,3,1,6,1,10,4250,2,8,8,1
2013450011190,3,9,0,18,0,0,0,0,0,0,1,1,6,2,5,1984,1,3,10,1
2013450011190,4,9,0,18,0,0,0,0,0,0,1,1,6,1,9,1598,1,11,9,1
2013450011190,5,9,0,18,0,0,0,0,0,0,1,1,6,1,9,2143,2,4,8,1
2013450011191,1,9,0,9,0,8,0,0,0,0,1,1,6,1,5,1149,1,11,8,1
2013450011191,2,5,0,18,0,8,0,0,0,0,1,1,6,1,5,748,1,20,9,1
2013450011193,1,9,0,16,0,1,1,0,7,0,3,1,6,1,6,1598,1,5,7,1
2013450011193,2,9,0,16,0,1,0,0,0,0,3,1,6,2,8,1197,1,1,7,3
2013450011195,1,9,0,9,0,6,0,0,0,0,2,1,3,2,7,1798,1,9,7,2
2013450011195,2,20,0,18,0,8,0,0,0,0,1,1,1,1,7,6692,2,1,10,1
2013450011196,1,9,0,4,0,0,0,0,0,0,1,1,6,2,5,1124,1,13,9,3
2013450011196,2,19,0,3,0,0,1,0,0,0,2,1,1,1,7,2198,2,5,7,1
2013450011197,1,9,0,17,0,0,1,0,8,4,4,1,6,1,4,1229,1,7,7,1
2013450011199,1,1,0,18,0,8,0,0,0,0,3,1,6,1,7,-1,-1,-1,10,1
2013450011199,2,9,0,18,0,4,0,0,0,0,1,1,6,1,11,1798,2,2,10,1
2013450011200,1,3,0,18,0,0,0,0,0,0,1,1,1,1,4,107,1,-1,10,1
2013450011200,2,9,0,5,8,0,0,0,0,0,3,1,2,2,6,1390,1,15,7,1
2013450011204,1,19,0,17,0,0,2,0,7,0,0,1,6,3,-1,1753,2,9,-1,-1
2013450011204,2,9,0,17,0,0,0,0,0,0,2,1,6,1,4,1364,1,3,5,1
2013450011204,3,9,0,17,0,0,0,0,0,0,1,1,6,1,4,1198,1,3,6,3
2013450011205,1,1,0,18,0,3,0,0,0,0,4,1,6,2,6,-1,-1,-1,6,1
2013450011205,2,9,0,18,0,4,0,0,0,0,4,1,6,2,5,1596,1,5,5,1
2013450011206,1,1,0,17,0,0,1,0,0,0,1,1,6,1,8,-1,-1,-1,6,1
2013450011208,1,9,0,3,0,0,0,0,0,0,2,1,3,2,5,1299,1,11,7,2
2013450011208,2,20,0,18,0,0,0,0,0,0,1,1,6,1,5,-1,-1,-1,10,1
2013450011209,1,9,0,8,0,1,0,0,0,0,2,1,1,2,8,1839,1,9,8,1
2013450011209,2,9,0,18,0,1,0,0,0,0,1,1,6,1,8,-1,-1,-1,6,1
2013450011211,1,9,0,18,0,1,0,0,0,0,3,1,6,3,-1,1242,1,7,-1,-1
2013450011211,2,3,0,18,0,1,2,0,0,0,4,1,6,1,7,124,1,12,7,1
2013450011211,3,9,0,18,0,1,0,0,0,0,0,1,1,1,7,1582,2,-1,6,1
2013450011214,1,9,0,18,0,4,0,0,0,0,3,1,6,1,6,1988,1,11,10,1
2013450011214,2,3,0,18,0,8,2,0,0,0,4,1,6,1,6,125,1,-1,8,1
2013450011219,1,9,0,18,0,2,0,0,0,0,4,1,1,1,5,998,1,4,5,1
2013450011222,1,9,0,7,0,1,0,0,0,0,2,1,2,1,6,1598,1,5,8,1
2013450011222,2,19,0,7,0,1,0,0,0,0,1,1,6,3,-1,2402,2,10,-1,-1
2013450011224,1,9,0,18,0,0,0,0,0,0,4,1,6,2,8,2199,2,-1,6,2
2013450011224,2,9,0,15,0,0,0,0,0,0,3,1,6,1,9,1596,1,12,6,1
2013450011227,1,9,0,9,0,5,0,0,0,0,4,1,6,2,4,1199,1,9,10,1
2013450011227,2,9,0,4,0,2,0,0,0,0,1,1,6,2,8,1498,1,6,10,1
2013450011228,1,19,0,18,0,1,1,0,0,0,1,1,2,1,6,2300,2,8,7,1
2013450011228,2,9,0,9,0,5,0,0,0,0,2,1,2,2,7,2993,2,2,9,3
2013450011229,1,3,0,16,0,1,2,10,7,0,1,1,6,1,8,124,1,1,8,1
2013450011232,1,9,0,9,0,1,0,0,0,0,1,1,6,2,7,1598,1,14,9,1
2013450011232,2,9,0,17,0,1,0,0,0,0,1,1,6,2,4,1390,1,16,6,1
2013450011236,1,9,0,16,0,0,1,0,8,6,2,1,6,1,8,-1,-1,-1,6,1
2013450011236,2,9,0,16,0,0,0,0,0,0,1,1,6,1,6,1600,1,14,3,1
2013450011239,1,1,0,9,0,3,0,0,0,0,3,1,1,1,9,-1,-1,-1,10,1
2013450011240,1,4,0,16,0,0,5,0,0,0,4,1,6,1,8,305,1,19,4,1
2013450011241,1,9,0,4,0,1,0,0,0,0,1,1,6,1,7,1753,2,12,6,1
2013450011241,2,9,0,3,0,1,0,0,0,0,2,1,6,2,7,1242,1,-1,10,1
2013450011243,1,1,0,18,0,8,0,0,0,0,3,1,2,1,5,-1,-1,-1,6,1
2013450011243,2,9,0,14,0,8,0,0,0,0,4,1,6,1,-1,-1,-1,-1,-1,-1
2013450011244,1,11,0,18,0,0,1,6,2,0,4,1,3,1,7,5900,2,14,8,1
2013450011244,2,9,0,18,0,0,0,0,1,0,1,1,2,1,8,1896,2,5,10,1
2013450011244,3,9,0,18,0,0,0,0,0,0,0,1,6,3,-1,-1,-1,-1,-1,-1
2013450011245,1,9,0,17,0,0,1,0,2,0,1,1,2,1,7,1896,2,9,8,3
2013450011247,1,9,0,16,0,0,0,0,0,0,1,1,6,2,11,2972,1,10,6,3
2013450011247,2,9,0,16,0,0,0,0,7,0,1,1,6,2,4,1242,1,7,9,1
2013450011248,1,1,0,18,0,0,0,0,0,0,0,1,6,1,3,-1,-1,-1,10,1
2013450011258,1,9,0,9,0,8,0,0,0,0,3,2,6,1,6,-1,-1,-1,9,1
2013450011258,2,9,0,18,0,4,0,0,0,0,1,1,6,1,9,2993,2,3,7,1
2013450011260,1,9,0,1,0,0,0,0,0,0,2,1,6,1,9,1598,1,15,7,1
2013450011260,2,9,0,2,0,0,0,0,0,0,1,1,1,1,7,2993,2,-1,7,1
2013450011262,1,19,0,12,0,0,0,0,0,0,3,1,1,1,6,-1,-1,-1,-1,-1
2013450011262,2,9,0,18,0,0,0,0,0,0,4,1,6,1,7,-1,-1,-1,8,1
2013450011267,1,9,0,18,0,3,0,0,0,0,1,1,1,1,6,1968,2,4,7,1
2013450011267,2,9,0,4,0,3,0,0,0,0,2,1,6,2,7,1388,1,9,7,3
2013450011268,1,9,0,17,0,8,0,0,0,0,1,1,2,1,6,1242,1,16,9,1
2013450011268,2,5,0,18,0,8,0,0,0,0,1,1,2,1,7,782,1,1,9,1
2013450011269,1,9,0,18,0,1,0,0,0,0,1,1,6,2,11,1339,1,8,9,1
2013450011269,2,9,0,18,0,1,0,0,0,0,1,1,6,1,9,1560,2,1,9,1
2013450011270,1,5,0,4,0,1,1,0,0,0,3,1,2,1,9,745,1,4,8,1
2013450011273,1,9,0,5,0,6,0,0,0,0,1,1,6,2,7,1198,1,10,9,1
2013450011273,2,1,0,17,0,8,0,0,0,0,1,1,6,1,6,-1,-1,-1,4,1
2013450011274,1,9,0,3,0,8,0,0,0,0,2,1,6,2,8,2198,1,12,10,3
2013450011274,2,3,0,16,0,8,2,0,0,0,1,1,6,1,7,124,1,7,7,1
2013450011274,3,9,0,3,0,8,0,0,0,0,1,1,6,1,10,1984,2,1,9,1
2013450011274,4,21,0,2,0,2,0,0,0,0,0,1,6,1,-1,-1,-1,-1,-1,-1
2013450011276,1,9,0,16,0,0,0,0,7,0,1,1,6,1,4,1242,1,4,7,1
2013450011278,1,9,0,9,0,5,0,0,0,0,3,1,6,2,5,899,1,14,4,1
2013450011278,2,9,0,18,0,1,0,0,0,0,3,1,6,1,5,998,1,17,9,1
2013450011280,1,9,0,3,0,1,0,0,0,0,2,1,6,2,8,1781,1,14,10,1
2013450011280,2,1,0,18,0,1,0,0,0,0,1,1,6,1,6,-1,-1,-1,9,1
2013450011282,1,9,0,18,0,4,0,0,0,0,0,1,6,3,-1,-1,-1,-1,-1,-1
2013450011282,2,9,0,18,0,8,0,0,0,0,2,1,6,1,5,1396,1,13,3,1
2013450011282,3,9,0,18,0,8,0,0,0,0,2,1,2,1,6,-1,-1,-1,6,1
2013450011282,4,9,0,18,0,8,0,0,0,0,1,1,6,2,6,1397,1,3,6,1
2013450011283,1,9,0,18,0,1,0,0,0,0,1,1,6,1,5,-1,-1,-1,8,1
2013450011283,2,9,0,8,0,5,0,0,1,0,1,1,6,2,10,998,1,15,10,3
2013450011284,1,9,0,3,0,0,0,0,0,0,1,1,6,1,11,1498,1,3,10,1
2013450011286,1,9,0,8,0,1,0,0,0,0,2,1,1,1,7,-1,-1,-1,9,1
2013450011286,2,9,0,18,0,1,0,0,0,0,1,1,1,2,8,2204,2,7,8,1
2013450011289,1,5,0,17,0,0,0,0,1,0,1,1,6,1,6,-1,-1,-1,10,1
2013450011290,1,9,0,18,0,0,0,0,0,0,1,1,6,1,6,1598,1,12,2,1
2013450011290,2,1,0,18,9,0,0,0,0,0,3,1,6,1,-1,-1,-1,-1,10,1
2013450011295,1,9,0,1,7,0,0,0,0,0,2,1,6,2,6,1796,1,8,9,1
2013450011297,1,9,0,18,0,4,1,9,3,0,1,1,2,1,8,1596,1,1,4,1
2013450011300,1,9,0,3,0,0,0,0,0,0,2,1,6,1,5,1193,1,-1,9,1
2013450011300,2,9,0,3,0,0,0,0,0,0,1,1,6,2,7,1896,2,5,10,1
2013450011303,1,9,0,3,0,8,0,0,0,0,1,1,1,1,8,1956,2,-1,6,1
2013450011319,1,9,0,3,0,0,0,0,0,0,1,1,1,2,6,1910,2,4,2,1
2013450011319,2,9,0,1,0,0,0,0,0,0,2,1,6,3,-1,-1,-1,-1,-1,-1
2013450011322,1,9,0,18,0,0,0,0,1,0,1,1,6,1,-1,1986,2,7,-1,-1
2013450011322,2,9,0,18,0,0,0,0,0,0,1,1,6,1,7,1598,1,13,4,1
2013450011322,3,9,0,18,0,0,0,0,0,0,1,1,6,1,8,-1,-1,-1,8,1
2013450011322,4,9,0,18,0,0,0,0,0,0,1,1,6,2,6,1598,1,12,3,1
2013450011322,5,9,0,18,0,0,0,0,0,0,2,1,6,1,10,1339,1,9,10,1
2013450011322,6,9,0,18,0,0,0,0,0,0,1,1,6,2,8,2204,2,6,9,1
2013450011322,7,9,0,18,0,0,0,0,0,0,0,1,1,1,5,1560,2,1,-1,-1
2013450011322,8,9,0,18,0,0,0,0,0,0,2,1,6,1,6,1968,2,5,1,1
2013450011322,9,21,0,18,0,0,0,0,0,0,2,1,6,1,7,11705,2,4,6,1
2013450011323,1,9,0,9,0,6,0,0,0,0,3,1,6,2,6,1794,1,11,7,1
2013450011323,2,9,0,18,0,1,0,0,0,0,1,1,6,2,6,1590,1,12,8,1
2013450011327,1,9,0,7,0,0,0,0,0,0,0,1,1,2,9,1596,1,3,9,1
2013450011327,2,5,0,3,0,0,0,0,7,0,3,1,1,1,6,599,1,9,5,1
2013450011330,1,9,0,18,0,0,1,0,0,0,1,1,1,1,4,1493,1,16,5,1
2013450011330,2,9,0,3,0,0,0,0,0,0,2,1,6,1,7,1086,1,9,8,1
2013450011333,1,9,0,9,0,6,0,0,0,0,4,1,2,2,6,2494,1,10,10,1
2013450011333,2,3,0,18,0,1,0,0,0,0,3,1,6,1,8,124,1,12,8,1
2013450011336,1,9,0,18,0,1,2,0,0,0,2,1,6,1,8,698,1,6,10,1
2013450011336,2,9,0,18,0,6,0,0,0,0,3,1,6,2,5,1229,1,7,10,1
2013450011337,1,21,1,18,0,0,0,0,0,0,4,1,1,1,8,12780,2,7,8,1
2013450011337,2,1,0,18,0,0,0,0,1,0,2,1,2,1,4,-1,-1,-1,8,1
2013450011338,1,9,0,18,0,8,0,0,0,0,1,1,6,1,8,1762,1,14,2,1
2013450011338,2,9,0,4,0,8,0,0,0,0,2,1,6,2,7,1896,2,5,9,1
2013450011339,1,9,0,17,0,0,2,0,0,0,1,1,6,2,4,1149,1,9,8,3
2013450011341,1,19,0,18,0,0,0,0,0,0,1,1,1,1,6,1968,2,8,10,1
2013450011341,2,9,0,2,0,0,0,0,0,0,2,1,6,1,7,2400,2,4,10,3
2013450011342,1,9,0,18,0,0,0,0,0,0,1,1,6,2,9,1999,1,7,10,2
2013450011343,1,9,0,12,0,0,0,0,0,0,3,1,6,1,6,1896,2,7,2,1
2013450011343,2,9,0,18,0,0,0,0,5,6,1,1,6,1,10,3628,2,6,9,3
2013450011344,1,3,0,10,0,2,0,0,0,0,2,1,4,1,4,125,1,8,8,1
2013450011344,2,9,0,9,0,2,0,0,0,0,1,1,2,2,8,1398,1,2,9,3
2013450011345,1,3,0,3,0,0,1,0,0,0,3,1,6,1,7,-1,-1,-1,10,3
2013450011345,2,9,0,18,0,0,0,0,0,0,0,1,6,1,9,2993,2,2,7,3
2013450011347,1,3,0,7,0,4,0,0,0,0,4,1,1,1,7,124,1,-1,7,1
2013450011347,2,9,0,18,0,4,0,0,0,0,0,1,6,1,9,2204,2,3,6,1
2013450011348,1,9,0,14,0,1,0,0,0,0,1,1,6,2,11,998,1,8,9,1
2013450011348,2,9,0,2,0,1,0,4,0,0,2,1,6,2,4,1229,1,6,10,1
2013450011351,1,9,0,9,0,5,0,0,0,0,3,1,5,1,6,1910,2,5,5,1
2013450011351,2,3,0,13,0,1,0,0,0,0,1,1,6,1,4,124,1,5,6,1
2013450011353,1,9,0,9,0,8,0,0,0,0,1,1,2,2,6,2184,2,11,2,1
2013450011354,1,9,0,7,0,0,1,0,1,0,4,1,1,1,7,1686,2,4,5,1
2013450011354,2,9,0,18,0,0,0,0,0,0,1,1,6,1,9,1896,2,6,8,1
2013450011356,1,9,0,18,0,1,0,0,0,0,2,1,1,1,8,-1,-1,-1,8,1
2013450011356,2,9,0,18,0,1,0,0,0,0,1,1,1,2,6,1997,2,10,10,1
2013450011357,1,9,0,9,0,1,0,0,0,0,1,1,6,1,10,2401,2,7,10,1
2013450011357,2,5,0,9,0,1,0,0,0,0,3,1,6,1,7,1050,1,4,10,1
2013450011360,1,9,0,16,0,0,0,0,0,0,1,1,6,1,9,1781,1,8,10,1
2013450011360,2,9,0,17,0,0,1,0,0,0,1,1,2,2,5,1598,1,5,10,1
2013450011364,1,9,0,18,0,1,0,0,0,0,4,1,6,1,5,998,1,16,9,3
2013450011364,2,9,0,7,0,1,0,0,0,0,1,1,6,2,9,1242,1,5,7,1
2013450011365,1,9,0,18,0,1,0,0,0,0,1,1,6,2,10,1086,1,4,9,1
2013450011366,1,11,0,18,0,1,0,0,0,0,1,1,1,1,6,6700,2,6,10,1
2013450011367,1,9,0,9,0,5,0,0,0,0,3,1,1,1,6,-1,-1,-1,4,1
2013450011367,2,9,0,18,0,1,0,0,0,0,1,1,2,2,6,2457,1,1,7,1
2013450011369,1,9,0,9,0,1,0,0,0,0,1,1,6,1,7,1796,1,2,5,1
2013450011369,2,3,0,14,0,1,0,0,0,0,1,1,6,1,5,125,1,2,9,1
2013450011370,1,9,0,16,0,0,2,0,8,0,1,1,6,1,4,1199,1,13,9,3
2013450011372,1,9,0,9,0,1,0,0,0,0,3,1,6,1,7,1998,2,9,4,1
2013450011372,2,3,0,13,0,1,5,0,0,0,1,1,6,1,9,125,1,8,10,1
2013450011372,3,9,0,3,0,1,0,0,0,0,0,1,6,1,7,1596,1,5,4,1
2013450011373,1,9,0,18,0,0,0,0,1,5,1,1,1,1,7,-1,-1,-1,6,1
2013450011375,1,9,0,17,0,1,0,0,0,0,1,1,6,1,6,3200,1,7,10,1
2013450011375,2,9,0,3,0,6,0,0,0,0,1,1,6,1,5,1360,1,16,8,1
2013450011382,1,9,0,18,0,0,0,7,4,0,1,1,6,1,9,-1,-1,-1,9,1
2013450011383,1,9,0,4,0,8,0,0,0,0,2,1,1,1,8,2184,2,8,9,1
2013450011383,2,3,0,18,0,8,0,0,0,0,1,1,2,1,4,50,1,-1,8,1
2013450011385,1,9,0,17,0,0,2,0,7,0,1,1,1,2,5,1149,1,8,2,1
2013450011385,2,19,0,16,0,0,0,0,0,0,4,1,1,1,6,2143,2,1,6,1
2013450011398,1,9,0,18,0,1,0,0,0,0,1,1,6,1,7,1598,2,2,10,1
2013450011398,2,9,0,18,0,1,0,0,0,0,2,1,6,1,7,2499,1,6,4,1
2013450011398,3,9,0,18,0,1,0,0,0,0,4,1,6,1,8,1781,1,8,10,1
2013450011398,4,9,0,18,0,1,0,0,0,0,2,1,6,1,9,1796,1,10,6,3
2013450011398,6,9,0,18,0,1,0,0,0,0,2,1,6,2,9,1598,1,4,7,1
2013450011399,1,9,0,17,0,1,0,0,0,0,1,1,6,1,9,1896,2,6,8,1
2013450011400,1,9,0,18,0,0,0,0,0,0,0,1,6,2,8,875,1,-1,10,1
2013450011400,2,19,0,13,0,0,0,0,0,0,0,1,6,3,-1,1995,2,6,-1,-1
2013450011401,1,9,0,9,0,8,0,0,0,0,4,1,6,2,11,1240,1,7,6,1
2013450011401,2,4,0,18,0,8,2,0,0,0,1,1,6,1,6,249,1,5,6,1
2013450011406,1,5,0,16,0,2,2,0,0,0,2,1,6,1,7,900,1,20,10,2
2013450011406,2,9,0,17,0,2,0,0,0,0,1,1,6,1,9,1598,1,14,5,1
2013450011407,1,9,0,12,0,0,0,0,0,0,2,1,6,2,8,1968,2,6,8,3
2013450011407,2,9,0,13,0,0,0,0,0,0,1,1,6,1,7,2000,1,16,2,1
2013450011408,1,9,0,4,0,0,1,0,1,0,1,1,1,1,5,-1,-1,-1,5,1
2013450011408,2,9,0,4,0,0,0,0,0,0,2,1,1,1,8,-1,-1,-1,9,1
2013450011413,1,9,0,7,0,0,0,4,3,0,1,1,6,2,11,1598,1,4,9,1
2013450011413,2,9,0,18,0,0,0,0,0,0,1,1,2,1,6,1299,1,17,5,1
2013450011413,3,9,0,2,0,0,0,0,0,0,0,1,6,1,10,1596,1,13,9,1
2013450011414,1,9,0,18,0,1,0,0,0,0,1,1,6,1,-1,1997,1,4,7,1
2013450011414,2,9,0,3,0,1,0,0,0,0,2,1,6,2,9,1242,1,2,8,1
2013450011414,3,9,0,3,0,1,0,0,0,0,2,1,6,2,8,1242,1,8,10,2
2013450011415,1,9,0,18,0,0,1,0,2,0,1,1,1,1,6,1299,1,12,8,1
2013450011416,1,9,0,18,0,1,0,0,0,0,1,1,1,1,8,2000,2,9,7,1
2013450011416,2,9,0,4,0,1,0,0,0,0,2,1,1,1,6,1753,2,2,-1,-1
2013450011420,1,9,0,18,0,0,1,0,1,7,2,1,6,1,6,1461,2,9,9,1
2013450011421,1,1,0,18,0,8,0,0,0,0,1,1,4,1,3,-1,-1,-1,10,1
2013450011421,2,9,0,18,0,8,0,0,0,0,3,1,6,3,-1,-1,-1,-1,-1,-1
2013450011423,1,9,0,3,0,0,0,0,0,0,2,1,2,1,7,1796,1,9,8,1
2013450011423,2,9,0,18,0,0,0,0,0,0,1,1,6,2,4,995,1,4,10,1
2013450011427,1,21,1,18,0,0,0,0,0,0,4,1,1,1,5,-1,-1,-1,-1,-1
2013450011430,1,5,0,18,0,0,1,12,0,0,4,1,2,1,5,599,1,3,7,3
2013450011432,1,9,0,18,0,0,1,12,0,0,1,1,2,1,7,-1,-1,-1,10,3
2013450011435,1,9,0,18,0,0,0,0,0,0,0,1,6,3,-1,-1,-1,-1,-1,-1
2013450011435,2,1,0,18,0,0,1,0,0,0,0,1,6,1,-1,-1,-1,-1,2,1
2013450011435,3,1,0,18,0,0,1,0,0,0,0,1,6,2,-1,-1,-1,-1,2,1
2013450011438,1,9,0,18,0,0,0,0,1,4,1,1,6,1,5,-1,-1,-1,10,3
2013450011442,1,19,0,3,0,1,0,0,0,0,2,1,6,1,7,-1,-1,-1,8,3
2013450011442,2,1,0,18,0,1,0,0,0,0,2,1,6,1,-1,-1,-1,-1,10,3
2013450011444,1,9,0,18,0,6,0,0,0,0,1,1,6,3,-1,-1,-1,-1,-1,-1
2013450011446,1,3,0,4,0,1,2,0,0,0,4,1,6,1,8,124,1,6,6,2
2013450011450,1,9,0,18,0,1,0,0,0,0,4,1,6,1,7,1397,1,11,7,1
2013450011450,2,9,0,9,0,6,0,0,0,0,1,1,6,2,-1,-1,-1,-1,-1,-1
2013450011452,1,9,0,17,0,2,2,0,1,0,1,1,2,1,8,2402,2,6,8,1
2013450011453,1,9,0,17,0,0,0,0,1,9,1,1,2,1,8,-1,-1,-1,8,2
2013450011454,1,1,0,16,0,1,1,0,0,0,4,1,6,2,8,-1,-1,-1,10,1
2013450011460,1,1,0,18,0,8,2,0,0,0,3,1,4,1,-1,-1,-1,-1,10,1
2013450011460,2,9,0,18,0,1,0,0,0,0,1,1,6,3,-1,-1,-1,-1,-1,-1
2013450011461,1,9,0,16,0,0,2,0,1,1,1,1,6,2,5,1599,1,8,5,1
2013450011462,1,9,0,16,0,0,1,0,1,3,1,1,6,2,7,2398,1,15,8,3
2013450011466,1,9,0,17,0,0,1,0,1,0,1,1,6,1,5,1600,1,14,5,3