Accident_Index,Vehicle_Reference,Vehicle_Type,Towing_and_Articulation,Vehicle_Manoeuvre,Vehicle_Location-Restricted_Lane,Junction_Location,Skidding_and_Overturning,Hit_Object_in_Carriageway,Vehicle_Leaving_Carriageway,Hit_Object_off_Carriageway,1st_Point_of_Impact,Was_Vehicle_Left_Hand_Drive?,Journey_Purpose_of_Driver,Sex_of_Driver,Age_Band_of_Driver,Engine_Capacity_(CC),Propulsion_Code,Age_of_Vehicle,Driver_IMD_Decile,Driver_Home_Area_Type
2013450011467,1,9,0,18,0,0,1,0,1,4,4,1,6,2,4,1397,1,5,9,1
2013450011471,1,1,0,18,0,0,5,0,0,0,1,1,6,1,4,-1,-1,-1,8,1
2013450011471,2,1,0,18,0,0,0,0,0,0,2,1,6,1,-1,-1,-1,-1,-1,-1
2013450011473,1,9,0,18,0,0,1,0,1,4,1,1,6,1,6,1391,1,13,7,2
2013450011478,1,1,0,5,0,8,0,0,0,0,4,1,3,1,7,-1,-1,-1,10,1
2013450011478,2,9,0,3,0,4,0,0,0,0,1,1,6,3,-1,-1,-1,-1,-1,-1
2013450011485,1,19,0,17,0,0,2,0,1,0,4,1,1,1,-1,1968,2,-1,10,1
2013450011489,1,9,0,17,0,0,1,0,1,0,1,1,2,2,7,1388,1,10,4,1
2013450011491,1,9,0,18,0,0,0,0,1,0,0,1,6,2,6,1275,1,20,4,1
2013450011491,2,9,0,14,0,0,0,0,0,0,0,1,6,3,-1,-1,-1,-1,-1,-1
2013450011496,1,9,0,17,0,0,1,0,7,9,1,1,1,2,5,1149,1,10,9,2
2013450011497,1,9,0,5,0,0,0,0,0,0,1,1,2,2,4,998,1,3,9,1
2013450011501,1,9,0,5,0,4,0,0,0,0,1,1,6,1,10,1997,2,9,10,1
2013450011501,2,1,0,18,0,3,0,0,0,0,4,1,1,1,10,-1,-1,-1,9,1
2013450011502,1,9,0,5,0,6,0,0,0,0,3,1,6,2,9,1587,1,10,6,1
2013450011502,2,3,0,18,0,1,0,0,0,0,1,1,6,1,4,124,1,-1,10,1
2013450011504,1,9,0,3,0,8,0,0,0,0,2,1,6,2,4,1299,1,9,9,1
2013450011504,2,9,0,18,0,4,0,0,0,0,1,1,6,2,5,1242,1,10,6,1
2013450011507,1,9,0,18,0,0,2,0,4,0,1,1,6,2,8,3956,1,12,4,1
2013450011507,2,9,0,12,0,0,0,0,0,0,0,1,6,1,6,1149,1,6,2,1
2013450011508,1,9,0,18,0,0,0,0,0,0,1,1,6,2,4,1248,1,3,10,2
2013450011508,2,9,0,18,0,0,0,0,0,0,2,1,6,1,8,2987,2,2,9,3
2013450011510,1,9,0,18,0,1,0,0,0,0,3,1,6,2,8,1796,1,10,7,2
2013450011510,2,9,0,9,0,6,0,0,0,0,1,1,6,1,4,1388,1,7,10,1
2013450011511,1,9,0,4,0,1,0,0,0,0,1,1,6,2,5,1596,1,11,10,1
2013450011511,2,9,0,9,0,6,0,0,0,0,3,1,2,1,8,1596,1,2,6,1
2013450011512,1,21,1,9,0,4,0,0,0,0,3,2,1,1,8,-1,-1,-1,-1,-1
2013450011512,2,9,0,7,0,4,5,0,0,0,4,1,6,1,10,1328,1,8,8,1
2013450011513,1,19,0,18,0,8,0,0,0,0,3,1,1,1,9,2402,2,3,7,1
2013450011513,2,9,0,18,0,8,0,0,0,0,1,1,6,1,7,1595,1,9,9,1
2013450011515,1,3,0,18,0,1,0,0,0,0,4,1,2,1,4,125,1,2,4,1
2013450011515,2,9,0,9,0,6,0,0,0,0,3,1,6,1,-1,-1,-1,-1,8,1
2013450011519,1,9,0,18,0,0,1,0,0,0,3,1,6,1,8,1794,1,10,8,1
2013450011519,2,19,0,18,0,0,0,0,0,0,2,1,6,1,9,2151,2,11,4,1
2013450011520,1,1,0,18,0,4,0,0,0,0,3,1,6,1,7,-1,-1,-1,9,1
2013450011520,2,1,0,18,0,4,0,0,0,0,3,1,6,1,5,-1,-1,-1,7,1
2013450011524,1,9,0,18,0,0,0,0,0,0,3,1,6,1,5,1149,1,7,5,3
2013450011524,2,9,0,18,0,0,0,0,0,0,4,1,6,2,6,-1,-1,-1,2,1
2013450011525,1,9,0,4,0,0,0,0,0,0,2,1,6,2,7,1362,1,-1,10,1
2013450011525,2,9,0,18,0,0,1,0,0,0,1,1,6,1,10,2995,1,8,9,1
2013450011526,1,9,0,9,0,5,0,0,0,0,1,1,6,2,11,1390,1,-1,10,1
2013450011526,2,9,0,16,0,1,0,0,0,0,0,1,6,3,-1,-1,-1,-1,-1,-1
2013450011527,1,1,0,9,0,4,5,0,0,0,3,1,6,1,-1,-1,-1,-1,8,1
2013450011529,1,9,0,18,0,0,0,0,0,0,1,1,6,2,11,1896,2,15,8,1
2013450011529,2,9,0,4,0,0,0,0,0,0,2,1,6,1,10,1984,1,4,10,3
2013450011530,1,9,0,9,0,4,0,0,0,0,0,1,6,1,8,1997,2,13,5,1
2013450011533,1,9,0,17,0,0,0,0,0,0,3,1,6,2,10,2698,2,3,10,1
2013450011533,2,9,0,17,0,0,0,4,0,0,3,1,6,2,9,1598,1,8,7,1
2013450011533,3,9,0,17,0,0,0,0,0,0,3,1,6,2,8,1597,1,11,6,1
2013450011541,1,9,0,18,0,0,0,0,1,0,1,1,6,2,8,1590,1,9,6,1
2013450011544,1,9,0,4,0,3,0,0,0,0,2,1,6,1,4,1149,1,10,7,1
2013450011544,2,9,0,7,0,3,0,0,0,0,1,1,6,2,6,2959,2,5,10,1
2013450011546,1,9,0,9,0,6,0,0,0,0,1,1,6,1,8,-1,-1,-1,10,1
2013450011546,2,9,0,18,0,1,0,0,7,0,3,1,6,2,8,954,1,18,5,1
2013450011546,3,9,0,18,0,1,0,0,0,0,3,1,6,2,10,1299,1,5,10,1
2013450011547,1,9,0,9,0,4,1,0,0,0,1,1,3,2,7,3996,1,14,3,1
2013450011547,2,9,0,18,0,1,0,0,0,0,4,1,1,2,6,1968,2,9,10,1
2013450011550,1,19,0,18,0,0,0,0,0,0,1,1,6,1,5,-1,-1,-1,-1,-1
2013450011550,2,21,1,4,0,0,0,0,0,0,2,1,1,1,9,2287,2,2,7,1
2013450011552,1,1,0,18,0,0,0,0,0,0,3,1,6,1,10,-1,-1,-1,10,1
2013450011552,2,9,0,18,0,0,1,0,0,0,1,1,1,1,6,1598,1,14,7,1
2013450011552,3,4,0,18,0,0,0,0,0,0,0,1,1,1,8,-1,-1,-1,7,1
2013450011553,1,5,0,12,0,0,2,0,0,0,3,1,6,1,5,636,1,8,4,1
2013450011553,2,9,0,12,0,0,0,0,0,0,0,1,6,1,7,1995,2,2,9,1
2013450011555,1,9,0,17,0,0,0,0,0,0,1,1,1,1,5,-1,-1,-1,8,1
2013450011555,2,9,0,16,0,0,0,0,0,0,1,1,1,1,-1,-1,-1,-1,3,3
2013450011557,1,9,0,18,0,1,0,0,0,0,4,1,6,1,10,1798,1,-1,10,1
2013450011557,2,9,0,7,0,1,0,0,0,0,3,1,6,2,7,1242,1,1,6,1
2013450011558,1,9,0,7,0,1,0,0,0,0,1,1,6,2,11,2656,1,9,8,1
2013450011558,2,9,0,18,0,1,0,0,0,0,1,1,6,1,10,2720,2,6,8,2
2013450011559,1,1,0,18,0,1,0,0,0,0,2,1,6,1,8,-1,-1,-1,10,1
2013450011559,2,9,0,7,0,6,0,0,0,0,1,1,6,3,-1,1560,2,-1,-1,-1
2013450011560,1,19,0,9,0,1,0,0,0,0,1,1,1,1,6,2143,2,2,4,1
2013450011562,1,4,0,18,0,1,1,0,0,0,0,1,6,2,7,320,1,1,9,3
2013450011562,2,9,0,7,0,6,0,0,0,0,0,1,6,1,10,1598,2,2,8,1
2013450011563,1,2,0,18,0,1,1,0,0,0,1,1,6,1,4,49,1,3,9,1
2013450011563,2,11,0,18,0,2,0,0,0,0,1,1,1,1,7,6700,2,2,8,1
2013450011563,3,9,0,18,0,2,0,0,0,0,2,1,1,2,6,1968,2,5,7,1
2013450011564,1,8,0,3,0,0,0,0,0,0,1,1,1,1,9,1896,2,6,8,1
2013450011564,2,19,0,3,0,0,0,0,0,0,2,1,1,1,9,1998,2,12,-1,-1
2013450011565,1,2,0,18,0,8,0,0,0,0,1,1,4,1,4,49,1,2,10,1
2013450011565,2,9,0,9,0,8,0,0,0,0,3,1,6,1,9,1998,2,7,10,1
2013450011566,1,9,0,18,0,0,1,0,2,0,4,1,6,2,6,3200,6,13,10,2
2013450011566,2,9,0,18,0,0,0,0,1,0,0,1,6,1,7,1896,2,7,9,3
2013450011566,3,9,0,18,0,0,0,0,0,0,2,1,6,2,8,1686,2,3,10,2
2013450011566,4,9,0,18,0,0,0,0,0,0,1,1,6,1,9,998,1,8,10,3
2013450011568,1,1,0,9,0,5,0,0,0,0,1,1,6,1,6,-1,-1,-1,10,1
2013450011568,2,9,0,9,0,1,0,0,0,0,1,1,6,2,9,1798,1,4,9,1
2013450011573,1,9,0,2,0,0,0,0,0,0,3,1,6,1,10,1968,2,4,10,1
2013450011573,2,1,0,18,0,0,0,8,0,0,4,1,6,1,6,-1,-1,-1,2,1
2013450011580,1,8,0,18,0,0,0,4,0,0,1,1,1,1,7,1896,2,10,6,1
2013450011580,2,9,0,2,0,0,0,0,0,0,1,1,6,3,-1,1242,1,17,-1,-1
2013450011587,1,9,0,18,0,8,1,0,0,0,1,1,1,1,7,1390,1,-1,8,1
2013450011587,2,9,0,9,0,8,0,0,0,0,1,1,6,2,8,1985,1,13,10,1
2013450011589,1,9,0,11,0,0,1,0,2,7,1,1,6,2,4,1242,1,7,9,1
2013450011590,1,9,0,9,0,8,0,0,0,0,3,1,6,1,7,1999,1,6,9,1
2013450011590,2,1,0,18,0,8,0,0,0,0,1,1,6,1,-1,-1,-1,-1,10,1
2013450011595,1,9,0,6,0,0,0,0,0,0,3,1,6,1,7,2967,2,-1,6,1
2013450011595,2,9,0,18,0,0,0,0,0,0,4,1,6,2,4,1118,1,21,10,1
2013450011596,1,9,0,18,0,0,0,0,0,0,1,1,6,2,10,1299,1,12,9,1
2013450011596,2,9,0,2,6,0,0,0,0,0,3,1,1,2,8,1598,1,14,5,1
2013450011599,1,9,0,17,0,0,1,10,1,0,4,1,6,1,4,1396,1,15,2,1
2013450011603,1,9,0,9,0,2,0,0,0,0,1,1,6,2,7,1390,1,12,6,1
2013450011604,1,19,0,18,0,0,1,0,0,0,1,1,1,1,5,2198,2,1,5,1
2013450011604,2,9,0,4,0,0,0,0,0,0,2,1,6,1,7,1988,1,8,9,1
2013450011604,3,9,0,4,0,0,0,0,0,0,2,1,1,1,6,-1,-1,-1,9,2
2013450011604,4,9,0,4,0,0,0,0,0,0,2,1,1,1,8,-1,-1,-1,9,1
2013450011606,1,9,0,9,0,6,0,0,0,0,3,1,1,1,9,1598,1,1,10,1
2013450011606,2,9,0,18,0,1,1,0,0,0,1,1,6,2,10,998,1,8,10,1
2013450011608,1,9,0,12,0,0,0,0,0,0,3,1,6,1,8,998,1,1,10,3
2013450011608,2,3,0,18,0,0,2,0,0,0,1,1,2,1,6,124,1,3,9,1
2013450011608,3,9,0,18,0,0,0,0,0,0,4,1,6,1,7,3301,1,11,6,1
2013450011610,1,9,0,9,0,8,0,0,0,0,4,1,6,2,11,1597,1,19,9,1
2013450011610,2,1,0,18,0,1,0,0,0,0,1,1,6,1,8,-1,-1,-1,10,1
2013450011611,1,9,0,18,0,0,0,0,0,0,1,1,1,1,6,-1,-1,-1,4,1
2013450011611,2,9,0,4,0,0,0,0,0,0,2,1,1,1,7,1956,2,-1,9,1
2013450011612,1,9,0,7,0,8,0,0,0,0,1,1,6,1,-1,-1,-1,-1,-1,-1
2013450011614,1,90,0,13,0,0,0,0,0,0,4,1,1,1,6,2143,2,-1,4,1
2013450011614,2,1,0,18,0,0,0,0,0,0,3,1,6,1,9,-1,-1,-1,4,1
2013450011615,1,9,0,18,0,0,1,0,1,7,2,1,2,1,6,1781,1,11,6,1
2013450011617,1,9,0,18,0,8,0,0,0,0,1,1,6,1,4,1242,1,11,9,1
2013450011617,2,9,0,9,0,8,0,0,0,0,3,1,3,2,7,1360,1,5,3,1
2013450011618,1,9,0,7,0,6,0,0,0,0,1,1,6,2,10,1299,1,8,8,1
2013450011618,2,9,0,18,0,8,0,0,0,0,4,1,6,2,8,1910,2,3,8,1
2013450011624,1,9,0,17,0,0,1,0,1,0,1,1,6,2,8,1299,1,11,9,1
2013450011625,1,9,0,3,0,0,0,0,0,0,2,1,6,2,6,1997,1,7,9,1
2013450011625,2,9,0,18,0,0,0,0,0,0,1,1,6,3,-1,-1,-1,-1,-1,-1
2013450011627,1,9,0,9,0,5,0,0,0,0,4,1,6,1,6,1598,1,14,4,1
2013450011627,2,1,0,18,0,1,5,0,1,0,1,1,2,1,6,-1,-1,-1,7,1
2013450011631,1,9,0,18,0,0,5,0,0,0,1,1,6,2,8,1329,1,-1,5,1
2013450011631,2,9,0,2,0,0,0,0,0,0,0,1,6,2,7,-1,-1,-1,8,1
2013450011632,1,9,0,17,0,0,1,0,7,0,1,1,6,1,5,1598,1,4,10,1
2013450011637,1,9,0,18,0,0,1,0,7,11,1,1,1,2,4,1242,1,2,10,2
2013450011638,1,9,0,17,0,0,0,0,0,0,1,1,2,1,6,1299,1,12,9,1
2013450011638,2,9,0,2,0,0,0,0,7,0,2,1,6,1,7,2497,2,8,9,1
2013450011639,1,9,0,17,0,0,1,10,1,11,1,1,2,1,6,1124,1,10,9,1
2013450011642,1,9,0,11,0,1,0,0,0,0,4,1,6,2,4,1149,1,12,10,1
2013450011642,2,3,0,15,0,1,0,0,0,0,1,1,6,1,4,125,1,4,6,1
2013450011644,1,9,0,17,0,0,2,0,1,4,1,1,6,1,6,1242,1,16,10,1
2013450011645,1,9,0,18,0,0,1,0,0,0,1,1,6,1,6,4966,1,8,2,1
2013450011645,2,9,0,18,0,0,0,0,0,0,2,1,1,1,8,-1,-1,-1,9,1
2013450011646,1,9,0,9,0,1,1,10,1,0,4,1,1,2,9,1299,1,10,9,1
2013450011646,2,9,0,9,0,1,1,0,0,0,3,1,6,2,8,2401,2,9,10,1
2013450011646,3,9,0,9,0,1,1,0,0,0,3,1,6,1,6,1596,1,8,6,1
2013450011647,1,9,0,3,0,0,0,0,0,0,1,1,6,1,7,1242,1,16,6,1
2013450011647,2,9,0,3,0,0,0,0,0,0,2,1,6,1,6,1998,2,8,6,1
2013450011647,3,19,0,18,0,0,0,0,0,0,0,1,6,3,-1,-1,-1,-1,-1,-1
2013450011648,1,9,0,18,0,0,0,0,0,0,1,1,6,2,11,998,1,12,10,2
2013450011648,2,9,0,2,0,0,0,0,0,0,1,1,6,1,-1,1951,2,9,-1,-1
2013450011649,1,9,0,17,0,0,2,0,0,0,1,1,6,1,8,1598,1,9,9,3
2013450011650,1,9,0,12,0,0,1,0,0,0,1,1,6,2,5,1598,1,7,1,1
2013450011654,1,9,0,2,0,0,0,0,0,0,4,1,3,2,7,-1,-1,-1,9,2
2013450011655,1,9,0,5,0,6,0,0,0,0,4,1,6,1,10,1591,1,1,10,1
2013450011655,2,19,0,18,0,1,0,0,0,0,1,1,2,1,7,2464,2,6,5,1
2013450011657,1,2,0,18,0,4,1,0,0,0,1,1,2,1,5,125,1,8,3,1
2013450011657,2,9,0,9,0,4,0,0,0,0,3,1,2,2,6,2996,1,7,10,1
2013450011661,1,9,0,18,0,1,0,0,0,0,1,1,2,2,8,1360,1,10,9,1
2013450011661,2,9,0,8,0,5,0,0,0,0,2,1,4,2,6,1868,2,14,10,1
2013450011664,1,9,0,18,0,0,1,0,0,0,1,1,6,2,5,1242,1,12,8,1
2013450011664,2,9,0,3,0,0,0,0,0,0,2,1,6,2,5,1242,1,14,10,1
2013450011668,1,9,0,18,0,4,0,0,0,0,3,1,6,1,8,2995,1,10,10,1
2013450011668,2,1,0,18,0,8,0,0,0,0,1,1,6,1,7,-1,-1,-1,10,2
2013450011670,1,9,0,18,0,8,1,0,8,2,1,1,1,1,7,1995,2,9,9,1
2013450011670,2,9,0,4,0,8,0,0,0,0,1,1,1,2,8,1598,2,2,6,1
2013450011674,1,9,0,9,0,6,0,0,3,0,1,1,6,2,6,1240,1,10,9,3
2013450011675,1,9,0,16,0,0,1,0,7,4,1,1,6,2,4,1398,1,2,5,1
2013450011676,1,9,0,18,0,4,0,9,3,0,1,1,6,1,11,1796,1,5,10,1
2013450011677,1,9,0,18,0,0,1,0,0,0,1,1,6,1,11,1796,1,5,10,1
2013450011677,2,5,0,18,0,0,0,0,0,0,2,1,2,1,4,-1,-1,-1,4,1
2013450011677,3,9,0,18,0,0,0,0,0,0,2,1,2,2,6,1598,1,1,8,1
2013450011679,1,9,0,16,0,4,2,0,0,0,1,1,6,1,4,1124,1,13,10,1
2013450011680,1,8,0,12,0,4,0,0,0,0,0,1,6,1,7,2402,2,8,6,1
2013450011680,2,5,0,9,0,4,2,0,0,0,1,1,6,1,7,656,1,7,9,1
2013450011681,1,9,0,18,0,1,0,0,0,0,1,1,1,2,9,1242,1,3,10,1
2013450011681,2,9,0,5,0,1,0,0,0,0,3,1,6,2,11,1199,1,12,10,1
2013450011685,1,9,0,9,0,5,0,0,0,0,1,1,6,1,7,1242,1,7,9,1
2013450011685,2,9,0,18,0,8,0,0,0,0,1,1,6,1,7,1995,2,10,6,1
2013450011694,1,9,0,9,0,6,0,0,0,0,3,1,6,1,8,1997,2,1,10,1
2013450011694,2,3,0,18,0,8,5,0,0,0,1,1,6,1,4,124,1,2,10,1
2013450011697,1,9,0,18,0,1,0,0,1,0,1,1,6,2,8,1341,1,9,10,2
2013450011697,2,9,0,18,0,2,0,0,1,0,4,1,6,2,6,-1,-1,-1,10,1
2013450011697,3,9,0,18,0,2,0,0,0,0,4,1,6,1,7,1984,1,7,9,1
2013450011701,1,9,0,18,0,0,0,0,0,0,2,1,6,2,9,998,1,7,9,1
2013450011701,2,9,0,18,0,0,0,0,0,0,1,1,1,2,5,998,1,3,10,1
2013450011702,1,9,0,9,0,5,0,0,0,0,1,1,6,2,6,1390,1,1,5,1
2013450011705,1,9,0,9,0,8,0,0,0,0,4,1,6,1,7,1995,2,-1,10,1
2013450011705,2,4,0,18,0,8,5,0,0,0,4,1,6,1,4,124,1,11,10,1
2013450011709,1,2,0,9,0,4,0,0,0,0,3,1,6,1,4,49,1,2,6,1
2013450011709,2,9,0,18,0,8,0,0,0,0,1,1,6,2,10,1769,1,10,5,1
2013450011711,1,9,0,18,0,8,0,0,1,4,1,1,6,1,11,1985,1,12,10,1
2013450011711,2,9,0,18,0,8,0,0,1,4,1,1,6,1,8,1956,2,2,7,1
2013450011723,1,9,0,16,0,1,1,0,0,0,1,1,6,1,8,1596,1,12,4,1
2013450011723,2,9,0,3,0,1,0,0,0,0,2,1,6,1,7,1598,1,5,4,1
2013450011727,1,9,0,18,0,0,0,4,0,0,1,1,3,1,8,1390,1,9,2,1
2013450011727,2,9,0,2,0,0,0,0,0,0,2,1,6,1,-1,1590,1,8,-1,-1
2013450011727,3,9,0,2,0,0,0,0,0,0,2,1,6,1,6,-1,-1,-1,5,1
2013450011728,1,9,0,4,0,0,0,0,0,0,2,1,6,2,6,1596,1,8,4,1
2013450011728,2,9,0,4,0,0,0,0,0,0,1,1,6,2,-1,2497,2,6,8,1
2013450011730,1,9,0,7,0,6,0,0,0,0,3,1,6,2,10,2688,2,8,10,1
2013450011730,2,9,0,18,0,1,0,0,0,0,1,1,6,2,-1,1896,2,7,5,1
2013450011730,3,9,0,10,0,5,0,0,0,0,0,1,6,1,9,-1,-1,-1,10,3
2013450011731,1,9,0,18,0,0,0,0,0,0,1,1,6,1,5,1389,1,8,8,1
2013450011733,1,9,0,5,0,8,1,0,0,0,3,1,2,2,5,2148,2,4,3,1
2013450011733,2,9,0,18,0,8,0,0,0,0,1,1,2,1,6,999,1,13,9,1
2013450011735,1,9,0,17,0,0,1,0,1,0,1,1,1,1,8,1995,2,-1,7,3
2013450011735,2,90,0,16,0,0,0,0,0,0,1,1,1,1,9,2987,2,-1,9,1
2013450011738,1,9,0,13,0,0,0,0,2,0,1,1,6,1,6,1968,2,3,2,1
2013450011738,2,9,0,18,0,0,0,0,0,0,3,1,6,1,5,1896,2,6,8,1
2013450011738,3,9,0,18,0,0,0,0,0,0,4,1,6,2,-1,1598,1,11,6,1
2013450011739,1,9,0,17,0,0,0,0,1,0,1,1,6,2,11,1339,1,5,6,3
2013450011740,1,9,0,18,0,0,0,0,0,0,2,1,6,2,7,1390,1,7,10,1
2013450011740,2,9,0,18,0,0,0,0,0,0,1,1,6,2,8,2400,2,4,8,1
2013450011740,4,9,0,18,0,0,0,0,0,0,1,1,6,1,5,998,1,6,7,1
2013450011740,5,9,0,18,0,0,0,0,0,0,1,1,6,1,10,3628,2,5,6,3
2013450011740,6,9,0,4,0,0,0,0,0,0,2,1,6,1,-1,-1,-1,-1,-1,-1
2013450011741,1,9,0,17,0,4,0,0,0,0,3,1,6,1,8,2495,2,15,6,1
2013450011741,2,20,0,17,0,4,0,0,7,0,4,1,1,1,9,-1,-1,-1,4,1
2013450011742,1,9,0,4,0,0,0,0,0,0,0,1,6,1,10,-1,-1,-1,10,1
2013450011743,1,9,0,17,0,0,5,0,2,0,1,1,6,1,6,1390,1,5,10,3
2013450011744,1,1,0,18,9,0,0,0,0,0,3,1,4,1,3,-1,-1,-1,10,1
2013450011744,2,9,0,18,0,0,0,0,0,0,1,1,6,2,7,1984,1,4,10,1
2013450011746,1,9,0,6,0,0,0,0,0,0,3,1,1,1,5,1968,2,1,4,1
2013450011746,2,5,0,18,0,0,0,0,0,0,1,1,1,1,7,-1,-1,-1,10,1
2013450011747,1,3,0,16,0,3,0,0,0,0,3,1,6,2,5,108,1,3,7,1
2013450011747,2,9,0,16,0,3,0,0,0,0,4,1,6,2,10,1339,1,7,9,3
2013450011750,1,9,0,14,0,1,0,0,0,0,4,1,6,2,8,1242,1,4,10,1
2013450011750,2,9,0,2,0,1,0,0,0,0,0,1,6,2,7,2902,2,8,10,1
2013450011752,1,9,0,17,0,0,0,0,0,0,1,1,1,1,6,1598,1,17,-1,-1
2013450011752,2,9,0,16,0,0,1,0,0,0,1,1,1,1,6,-1,-1,-1,-1,-1
2013450011752,3,9,0,16,0,0,1,0,7,0,0,1,1,1,7,2188,2,10,9,1
2013450011753,1,9,0,4,0,0,1,0,0,0,1,1,2,2,7,1242,1,4,10,2
2013450011753,2,9,0,17,0,0,0,0,1,0,1,1,2,1,7,-1,-1,-1,8,1
2013450011753,3,9,0,4,0,0,1,0,0,0,1,1,2,1,4,1390,1,11,9,1
2013450011754,1,9,0,9,0,1,0,0,0,0,1,1,6,2,4,999,1,13,6,1
2013450011754,2,9,0,7,0,1,0,0,0,0,1,1,6,2,8,2400,2,-1,10,1
2013450011755,1,9,0,18,0,8,0,0,0,0,4,1,6,1,6,2494,1,12,7,1
2013450011755,2,9,0,18,0,8,0,0,0,0,1,1,1,1,7,2148,2,6,9,1
2013450011756,1,9,0,9,0,5,0,0,7,0,2,1,6,1,8,1086,1,8,9,1
2013450011756,2,9,0,18,0,8,0,0,0,0,1,1,6,1,4,998,1,10,9,1
2013450011757,1,9,0,18,0,0,0,0,0,0,1,1,2,2,5,1198,1,3,10,1
2013450011759,1,9,0,18,0,8,0,0,0,0,1,1,6,1,8,1769,1,8,9,1
2013450011759,2,9,0,9,0,8,0,0,0,0,1,1,6,2,6,1329,1,-1,5,1
2013450011761,1,3,0,18,0,0,2,0,0,0,4,1,6,1,5,125,1,1,4,1
2013450011761,2,3,0,18,0,0,0,0,0,0,0,1,6,1,4,125,1,-1,4,1
2013450011762,1,9,0,5,0,4,0,0,0,0,3,1,6,1,9,3996,1,14,9,3
2013450011762,2,1,0,9,0,8,0,0,0,0,4,1,6,1,7,-1,-1,-1,-1,-1
2013450011763,1,9,0,9,0,6,0,0,0,0,3,1,6,1,7,1360,1,12,8,1
2013450011763,2,90,0,13,0,1,0,0,0,0,1,1,1,2,7,-1,-1,-1,8,1
2013450011765,1,9,0,18,0,0,0,0,0,0,2,1,6,2,6,999,1,-1,8,1
2013450011765,2,9,0,18,0,0,1,0,0,0,2,1,6,1,-1,-1,-1,-1,6,1
2013450011766,1,9,0,18,0,0,0,0,7,9,1,1,6,1,7,2685,2,11,9,2
2013450011766,2,9,0,4,0,0,0,0,0,0,2,1,6,1,11,1999,1,8,7,3
2013450011766,3,9,0,4,0,0,0,0,0,0,2,1,6,1,11,1968,2,-1,5,2
2013450011767,1,9,0,13,0,0,0,0,5,0,2,1,2,1,7,1896,2,9,8,1
2013450011767,2,19,0,18,0,0,2,0,2,0,1,1,6,1,8,2998,2,5,2,1
2013450011769,1,9,0,18,0,6,0,0,0,0,1,1,6,1,11,1560,2,3,9,1
2013450011769,2,9,0,18,0,1,0,0,0,0,1,1,6,1,6,1896,2,11,6,1
2013450011769,3,9,0,18,0,1,0,0,0,0,1,1,1,1,7,5461,1,5,9,1
2013450011770,1,9,0,17,0,0,1,0,1,9,1,1,6,1,-1,2389,1,17,-1,-1
2013450011772,1,9,0,3,0,4,0,0,0,0,1,1,6,1,4,1198,1,7,9,1
2013450011772,2,9,0,3,0,4,0,0,0,0,2,1,6,2,8,1896,2,9,8,1
2013450011774,1,9,0,18,0,0,0,0,1,2,4,1,6,1,7,1896,2,10,5,1
2013450011776,1,9,0,4,0,0,0,0,0,0,1,1,6,2,5,1388,1,15,-1,3
2013450011776,2,9,0,4,0,0,0,0,0,0,1,1,6,2,7,2400,2,4,5,3
2013450011776,3,9,0,3,0,0,0,0,0,0,2,1,6,1,6,-1,-1,-1,5,1
2013450011776,4,9,0,3,0,0,0,0,0,0,2,1,6,1,8,2995,1,-1,7,1
2013450011780,1,9,0,18,0,0,0,4,0,0,1,1,6,2,8,1389,1,20,9,1
2013450011780,2,9,0,2,6,0,0,0,0,0,3,1,1,1,10,-1,-1,-1,9,1
2013450011780,3,9,0,2,6,0,0,0,0,0,2,1,1,1,7,-1,-1,-1,10,1
2013450011780,4,9,0,2,6,0,0,0,0,0,3,1,1,1,7,-1,-1,-1,9,1
2013450011783,1,9,0,4,0,0,0,0,0,0,2,1,1,1,6,2993,2,4,7,1
2013450011783,2,9,0,18,0,0,0,0,0,0,1,1,6,1,6,2495,2,19,10,1
2013450011784,1,9,0,18,0,0,0,0,0,0,3,1,1,1,7,1910,2,5,5,1
2013450011784,2,9,0,18,0,0,0,0,0,0,3,1,6,2,10,1399,2,6,2,1
2013450011787,1,9,0,10,0,1,0,0,0,0,2,1,6,2,10,1339,1,10,10,1
2013450011787,2,9,0,3,0,1,0,0,0,0,1,1,6,2,-1,1360,1,9,8,1
2013450011787,3,9,0,18,0,1,0,0,0,0,1,1,6,2,-1,1689,2,12,6,1
2013450011788,1,9,0,18,0,0,0,0,0,0,1,1,2,1,9,-1,-1,-1,8,1
2013450011788,2,9,0,18,0,0,0,0,0,0,1,1,2,2,8,998,1,11,9,1
2013450011788,3,9,0,18,0,0,0,0,0,0,1,1,1,2,6,-1,-1,-1,9,1
2013450011788,4,9,0,18,0,0,0,0,0,0,4,1,2,1,7,1997,2,4,6,1
2013450011788,5,9,0,18,0,0,0,0,0,0,4,1,2,2,5,2000,2,8,9,1
2013450011795,1,9,0,18,0,0,1,0,0,0,1,1,6,1,8,2171,2,10,6,1
2013450011795,2,9,0,18,0,0,0,0,0,0,2,1,1,1,7,1995,2,8,2,1