Accident_Index,Vehicle_Reference,Vehicle_Type,Towing_and_Articulation,Vehicle_Manoeuvre,Vehicle_Location-Restricted_Lane,Junction_Location,Skidding_and_Overturning,Hit_Object_in_Carriageway,Vehicle_Leaving_Carriageway,Hit_Object_off_Carriageway,1st_Point_of_Impact,Was_Vehicle_Left_Hand_Drive?,Journey_Purpose_of_Driver,Sex_of_Driver,Age_Band_of_Driver,Engine_Capacity_(CC),Propulsion_Code,Age_of_Vehicle,Driver_IMD_Decile,Driver_Home_Area_Type
2013450011797,1,9,0,11,0,1,0,0,0,0,4,1,6,1,6,1198,1,4,4,1
2013450011797,2,9,0,18,0,1,0,0,0,0,3,1,6,1,7,4619,1,11,9,3
2013450011812,1,21,0,12,0,0,0,0,0,0,4,1,1,1,8,5880,2,7,-1,-1
2013450011812,2,9,0,11,0,0,0,0,0,0,3,1,6,2,8,999,1,1,4,1
2013450011812,3,9,0,3,0,0,0,0,0,0,2,1,6,1,8,2987,2,7,6,1
2013450011818,1,9,0,9,0,6,0,0,0,0,1,1,2,2,7,1598,1,1,10,2
2013450011818,2,1,0,18,0,1,0,0,0,0,1,1,2,2,7,-1,-1,-1,10,3
2013450011829,1,9,0,18,0,0,0,11,0,0,1,1,6,1,6,1400,1,13,5,1
2013450011831,1,9,0,18,0,0,1,0,4,0,1,1,6,1,5,1229,1,1,4,1
2013450011837,1,9,0,4,0,1,0,0,0,0,1,1,6,1,4,1275,1,20,9,2
2013450011837,2,8,0,3,0,1,0,0,0,0,2,1,1,1,6,2685,2,8,4,1
2013450011839,1,9,0,9,0,8,0,0,0,0,1,1,6,1,-1,-1,-1,-1,-1,-1
2013450011842,1,9,0,18,0,0,1,7,1,0,3,1,6,2,9,998,1,11,6,1
2013450011842,2,21,1,18,0,0,0,0,0,0,1,1,6,3,-1,-1,-1,-1,-1,-1
2013450011847,1,9,0,9,0,6,0,0,0,0,3,1,6,1,10,1988,2,9,2,1
2013450011847,2,3,0,18,0,8,5,0,0,0,1,1,6,1,6,124,1,2,3,1
2013450011849,1,9,0,18,0,8,0,0,0,0,1,1,6,2,9,2995,1,9,9,3
2013450011849,2,9,0,18,0,8,0,0,7,1,4,1,6,1,6,1360,1,7,10,1
2013450011851,1,9,0,18,0,1,0,0,0,0,3,1,6,2,9,1086,1,10,9,1
2013450011851,2,1,0,9,0,1,0,0,0,0,2,1,6,1,6,-1,-1,-1,6,1
2013450011853,1,9,0,18,0,1,0,0,0,0,1,1,6,2,4,1388,1,4,9,1
2013450011853,2,9,0,18,0,1,0,0,0,0,2,1,6,2,9,1796,1,15,10,1
2013450011857,1,9,0,18,0,0,1,0,1,7,1,1,6,1,7,1997,1,10,-1,3
2013450011857,2,9,0,18,0,0,0,0,0,0,0,1,6,1,-1,-1,-1,-1,-1,-1
2013450011866,1,9,0,16,0,0,0,0,0,0,1,1,6,2,10,3222,2,8,10,3
2013450011885,1,9,0,16,0,0,1,0,7,0,1,1,2,1,6,2000,1,15,10,1
2013450011885,2,9,0,17,0,0,0,0,0,0,1,1,2,2,8,1998,1,11,6,3
2013450011888,1,9,0,9,0,8,0,0,0,0,1,1,6,1,6,1895,1,15,10,1
2013450011890,1,9,0,7,0,6,0,0,0,0,1,1,6,1,10,1339,1,4,9,1
2013450011892,1,11,0,16,0,1,0,0,0,0,4,1,1,1,9,6700,2,5,9,1
2013450011892,2,9,0,2,0,1,0,0,0,0,4,1,6,1,7,1390,1,14,5,1
2013450011895,1,9,0,17,0,0,0,0,1,4,1,1,6,2,7,1149,1,10,5,1
2013450011898,1,9,0,18,0,0,0,0,0,0,3,1,3,2,7,1149,1,12,8,1
2013450011899,1,9,0,18,0,3,1,0,1,2,3,1,6,1,5,1997,1,11,7,3
2013450011900,1,9,0,16,0,0,0,0,0,0,1,1,6,1,6,1399,2,7,1,1
2013450011905,1,9,0,18,0,0,0,0,0,0,2,1,6,1,7,1997,2,2,10,1
2013450011905,2,9,0,18,0,0,0,0,0,0,1,1,6,1,10,1998,1,9,9,1
2013450011905,3,9,0,18,0,0,0,0,0,0,1,1,6,1,7,1587,1,8,6,1
2013450011905,4,9,0,18,0,0,0,0,1,0,1,1,6,1,6,1997,2,15,10,1
2013450011905,5,21,0,18,0,0,0,0,0,0,1,1,1,1,6,4500,2,6,6,1
2013450011906,1,9,0,9,0,6,0,0,0,0,3,1,6,1,11,3497,1,12,7,3
2013450011906,2,9,0,18,0,1,0,0,0,0,1,1,6,2,11,1975,1,9,6,1
2013450011912,1,9,0,9,0,5,0,0,0,0,1,1,6,2,8,2487,2,13,5,1
2013450011912,2,1,0,18,0,1,2,0,0,0,1,1,6,1,7,-1,-1,-1,10,1
2013450011914,1,9,0,18,0,0,0,0,0,0,4,1,6,2,6,1596,1,8,6,1
2013450011917,1,9,0,17,0,1,0,0,0,0,1,1,1,1,8,-1,-1,-1,4,1
2013450011922,1,9,0,18,0,0,1,0,1,0,1,1,6,1,9,3996,1,11,10,3
2013450011922,2,9,0,18,0,0,0,0,0,0,1,1,6,1,-1,-1,-1,-1,-1,-1
2013450011924,1,9,0,7,0,6,0,7,0,0,1,1,6,2,11,1198,1,6,10,1
2013450011925,1,9,0,5,0,1,0,0,0,0,1,1,6,1,11,1598,1,-1,8,1
2013450011925,2,1,0,2,0,1,0,0,0,0,3,1,6,1,5,-1,-1,-1,10,1
2013450011929,1,9,0,18,0,0,5,0,2,0,4,1,6,1,10,1275,1,13,7,3
2013450011931,1,9,0,9,0,6,0,0,0,0,4,1,1,1,8,2979,1,10,5,3
2013450011931,2,9,0,18,0,8,5,0,0,0,1,1,1,1,7,-1,-1,-1,9,1
2013450011933,1,9,0,18,0,0,1,0,0,0,1,1,6,2,8,4164,2,13,8,3
2013450011934,1,3,0,16,0,0,1,0,0,0,3,1,1,1,6,124,1,2,9,1
2013450011937,1,9,0,17,0,0,1,0,0,0,1,1,6,1,8,4806,1,5,8,3
2013450011937,2,9,0,16,0,0,0,0,0,0,1,1,6,1,8,1390,1,2,8,1
2013450011938,1,3,0,17,0,0,1,0,0,0,3,1,6,1,5,124,1,5,5,1
2013450011939,1,9,0,18,0,1,0,0,0,0,3,1,6,2,11,1339,1,6,7,3
2013450011939,2,9,0,18,0,1,0,0,0,0,3,1,6,2,5,1900,2,15,7,3
2013450011957,1,9,0,5,0,0,0,0,0,0,1,1,1,1,8,1686,2,1,8,1
2013450011965,1,9,0,9,0,6,0,0,0,0,1,1,1,1,7,-1,-1,-1,1,1
2013450011965,2,9,0,18,0,1,0,0,0,0,1,1,2,2,5,1595,2,3,4,1
2013450011969,1,9,0,16,0,0,0,0,7,4,3,1,1,2,6,1198,1,9,4,1
2013450011970,1,9,0,17,0,0,0,0,1,0,4,1,6,1,7,1997,1,11,8,1
2013450011971,1,9,0,16,0,0,1,0,7,3,1,1,1,2,6,1299,1,12,8,1
2013450011973,1,1,0,18,0,0,5,0,0,0,2,1,2,1,8,-1,-1,-1,10,1
2013450011973,2,9,0,18,0,0,0,0,0,0,1,1,6,3,-1,-1,-1,-1,-1,-1
2013450011974,1,9,0,17,0,2,1,11,0,0,1,1,6,1,11,1590,1,12,10,2
2013450011974,2,9,0,16,0,2,1,11,0,0,1,1,6,2,4,1242,1,2,10,2
2013450011975,1,9,0,16,0,0,1,0,7,10,1,1,1,2,6,1150,1,6,8,1
2013450011976,1,9,0,16,0,0,1,0,1,0,1,1,2,2,6,1796,1,12,7,1
2013450011979,1,19,0,17,0,1,1,0,0,0,1,1,1,1,6,2143,2,1,8,1
2013450011979,2,9,0,10,0,1,0,0,0,0,1,1,1,2,6,1461,2,3,9,1
2013450011981,1,9,0,16,0,0,1,0,1,0,1,1,2,1,4,-1,-1,-1,7,1
2013450011982,1,9,0,18,0,0,0,0,0,0,2,1,6,1,10,1595,1,9,10,1
2013450011982,2,9,0,12,0,0,0,0,0,0,1,1,6,2,8,1998,1,9,8,1
2013450011984,1,9,0,16,0,0,1,0,0,0,1,1,6,2,9,1299,1,14,8,1
2013450011984,2,9,0,17,6,0,0,0,0,0,1,1,6,2,8,-1,3,1,10,1
2013450011988,1,1,0,16,0,0,0,0,0,0,1,1,6,1,7,-1,-1,-1,3,1
2013450011990,1,9,0,18,0,0,0,11,0,0,1,1,2,1,6,1753,2,11,6,1
2013450011992,1,5,0,16,0,8,2,11,0,0,1,1,2,1,5,649,1,-1,3,1
2013450011993,1,9,0,16,0,0,0,0,8,7,1,1,6,2,7,973,1,11,10,1
2013450011994,1,9,0,18,0,0,0,0,0,0,1,1,6,1,7,2967,2,5,9,1
2013450011994,2,9,0,18,0,0,1,0,0,0,0,1,6,1,5,1997,1,24,10,1
2013450011994,3,9,0,18,0,0,0,0,0,0,1,1,6,2,6,1198,1,5,8,1
2013450011994,4,9,0,18,0,0,1,0,0,0,0,1,6,1,7,1781,1,18,4,1
2013450011994,5,9,0,18,0,0,0,0,0,0,2,1,6,1,6,1398,1,3,7,1
2013450011994,6,9,0,18,0,0,0,0,0,0,2,1,6,2,7,1998,1,10,7,3
2013450011994,7,9,0,18,0,0,0,0,0,0,1,1,6,1,6,1560,2,8,2,1
2013450011995,1,9,0,12,0,0,1,0,1,0,1,1,6,2,5,1124,1,11,8,1
2013450011995,2,19,0,17,0,0,0,0,4,0,2,1,1,1,8,2402,2,9,9,1
2013450011999,1,9,0,18,0,0,0,0,5,0,1,1,6,2,7,1839,1,-1,10,1
2013450012003,1,9,0,18,0,0,0,0,0,0,1,1,6,2,4,1598,1,9,6,1
2013450012006,1,9,0,16,0,1,0,0,0,0,3,1,6,1,9,1951,2,9,10,1
2013450012006,2,9,0,17,0,1,0,0,0,0,3,1,6,3,-1,-1,-1,-1,-1,-1
2013450012026,1,9,0,18,0,8,0,0,0,0,1,1,6,1,8,-1,-1,-1,6,1
2013450012026,2,9,0,18,0,8,0,0,0,0,1,1,6,2,6,1299,1,11,10,1
2013450012027,1,9,0,9,0,2,0,0,0,0,2,1,2,1,7,1995,1,11,3,1
2013450012027,2,3,0,9,0,2,0,0,0,0,1,1,1,1,8,125,1,8,6,1
2013450012028,1,9,0,11,0,0,0,0,0,0,1,1,6,2,8,1596,1,10,6,1
2013450012028,2,9,0,11,0,0,0,0,0,0,0,1,6,2,4,1595,1,11,8,3
2013450012029,1,19,0,5,9,0,0,0,0,0,4,1,6,1,9,1997,2,11,10,1
2013450012033,1,9,0,18,0,0,0,0,0,0,1,1,6,1,7,2997,1,10,9,1
2013450012033,2,19,0,2,0,0,0,0,0,0,2,1,6,1,6,2402,2,4,-1,-1
2013450012033,3,9,0,2,0,0,0,0,0,0,2,1,6,1,6,1850,1,14,7,1
2013450012033,4,9,0,2,0,0,0,0,0,0,2,1,6,1,6,999,1,4,7,1
2013450012035,1,1,0,18,9,0,2,0,0,0,0,1,6,1,11,-1,-1,-1,7,1
2013450012038,1,9,0,18,0,0,1,0,0,0,4,1,6,1,5,1124,1,12,-1,-1
2013450012039,1,9,0,5,0,2,0,0,0,0,4,1,6,1,9,2793,1,12,6,3
2013450012039,2,9,0,18,0,8,0,0,0,0,1,1,6,1,5,1198,1,1,9,1
2013450012041,1,9,0,3,0,1,0,0,0,0,2,1,6,2,6,1995,2,4,9,1
2013450012041,2,9,0,18,0,1,0,0,0,0,2,1,6,1,-1,1596,1,8,5,1
2013450012044,1,9,0,18,0,0,0,0,4,0,2,1,6,2,4,1149,1,9,-1,-1
2013450012045,1,9,0,7,0,5,0,0,7,0,1,1,6,1,6,1360,1,11,5,1
2013450012046,1,9,0,18,0,0,1,0,1,0,2,1,6,1,6,1399,2,6,3,1
2013450012046,2,9,0,18,0,0,0,0,0,0,1,1,6,3,-1,-1,-1,-1,-1,-1
2013450012048,1,9,0,18,0,0,1,0,1,0,1,1,6,1,8,1997,2,-1,5,1
2013450012050,1,9,0,18,0,0,0,11,0,0,1,1,6,1,6,-1,-1,-1,7,3
2013450012053,1,21,1,18,0,0,0,0,0,0,1,1,1,3,-1,-1,-1,-1,-1,-1
2013450012053,2,9,0,18,0,0,0,0,0,0,2,1,6,2,8,1968,2,3,6,3
2013450012056,1,1,0,18,0,0,0,0,0,0,1,1,6,1,6,-1,-1,-1,9,1
2013450012059,1,9,0,18,0,0,2,7,4,4,1,1,6,1,6,2700,1,11,9,1
2013450012062,1,9,0,17,0,8,2,10,1,0,1,1,6,2,6,1998,1,12,6,1
2013450012065,1,9,0,18,0,0,2,0,0,0,1,1,6,2,5,1397,1,6,10,1
2013450012072,1,9,0,18,0,5,0,0,0,0,1,1,6,2,5,1242,1,12,10,1
2013450012072,2,20,0,16,0,1,1,10,7,0,1,1,6,1,7,-1,-1,-1,2,1
2013450012073,1,9,0,5,0,4,0,0,0,0,3,1,6,2,8,1995,1,2,10,1
2013450012073,2,1,0,18,0,4,0,0,0,0,1,1,6,1,6,-1,-1,-1,4,1
2013450012079,1,9,0,18,0,0,1,0,7,0,3,1,6,1,6,2143,2,-1,3,1
2013450012084,1,1,0,18,0,0,0,0,0,0,4,1,6,1,-1,-1,-1,-1,4,1
2013450012089,1,9,0,18,0,1,0,0,1,0,1,1,6,2,8,1839,1,13,6,1
2013450012089,2,9,0,18,0,1,0,0,0,0,2,1,6,1,8,1995,2,1,10,1
2013450012090,1,9,0,18,0,0,0,0,0,0,1,1,2,1,9,1845,1,15,8,1
2013450012090,2,9,0,18,0,0,0,0,0,0,1,1,2,1,8,-1,-1,-1,8,1
2013450012090,3,20,0,18,0,0,0,0,0,0,2,1,1,1,8,5880,2,6,6,1
2013450012099,1,9,0,18,0,0,0,0,0,0,2,1,6,1,6,-1,-1,-1,3,1
2013450012099,2,20,0,14,0,0,0,4,0,0,1,1,6,1,6,12913,2,6,4,1
2013450012099,3,19,0,14,0,0,0,4,0,0,1,1,6,1,5,1998,2,11,9,1
2013450012102,1,9,0,18,0,0,0,0,0,0,1,1,1,2,7,1560,2,3,5,1
2013450012102,2,9,0,18,0,0,0,0,0,0,2,1,1,1,7,1910,2,5,1,1
2013450012105,1,9,0,4,0,0,0,0,0,0,2,1,6,1,5,2685,2,11,6,1
2013450012105,2,9,0,4,0,0,0,0,0,0,1,1,6,2,7,2179,2,-1,9,3
2013450012108,1,9,0,18,0,0,2,0,1,0,2,1,2,1,5,1124,1,11,9,1
2013450012109,1,1,0,17,0,8,0,0,0,0,1,1,6,1,5,-1,-1,-1,7,1
2013450012109,2,9,0,18,0,4,0,0,0,0,1,1,6,1,-1,-1,-1,-1,-1,-1
2013450012151,1,9,0,4,0,0,0,0,0,0,2,1,6,1,10,1998,1,6,10,1
2013450012151,2,9,0,4,0,0,0,0,0,0,2,1,6,2,8,1997,2,5,10,1
2013450012151,3,9,0,18,0,0,1,0,0,0,1,1,6,1,5,-1,-1,-1,8,1
2013450012156,1,9,0,18,0,0,0,0,0,0,1,1,6,1,8,1560,2,5,7,1
2013450012156,2,9,0,2,0,0,0,0,0,0,2,1,6,1,8,1679,1,14,6,2
2013450012156,3,9,0,2,0,0,0,0,0,0,2,1,6,2,10,1988,2,10,10,1
2013450012189,1,9,0,18,0,0,0,0,0,0,1,1,6,1,8,-1,-1,-1,-1,-1
2013450012195,1,3,0,18,0,1,2,0,0,0,1,1,1,1,6,124,1,2,6,1
2013450012195,2,9,0,2,0,1,0,0,0,0,1,1,6,3,-1,1998,1,10,-1,-1
2013450012195,3,9,0,2,0,1,0,0,0,0,2,1,6,3,-1,998,1,16,-1,-1
2013450012233,1,9,0,3,0,1,0,0,0,0,2,1,2,1,-1,-1,-1,-1,-1,-1
2013450012233,2,9,0,4,0,1,0,0,0,0,1,1,6,2,6,1598,1,6,5,1
2013450012255,1,19,0,4,0,0,0,0,0,0,1,1,1,1,-1,1560,2,2,4,1
2013450012255,2,9,0,3,0,0,0,0,0,0,2,1,2,1,9,1422,2,4,6,1
2013450012258,1,9,0,17,0,0,1,0,1,11,1,1,6,1,-1,1910,2,9,6,1
2013450012294,1,9,0,18,0,0,1,0,0,0,1,1,6,1,8,1398,1,-1,9,1
2013450012312,1,9,0,1,0,0,0,4,0,0,2,1,6,3,-1,2967,2,6,-1,-1
2013450012312,2,9,0,2,0,0,0,0,0,0,1,1,1,2,6,1753,2,4,-1,-1
2013450012376,1,9,0,18,0,4,0,0,0,0,0,1,6,1,7,-1,-1,-1,10,2
2013450012376,2,3,0,18,0,8,1,0,0,0,0,1,6,2,5,125,1,7,10,1
2013450012510,1,22,0,2,6,0,0,0,0,0,3,1,6,1,7,-1,-1,-1,10,1
2013450012510,2,9,0,1,8,0,0,0,0,0,2,1,6,3,-1,-1,-1,-1,-1,-1
2013450012901,1,9,0,18,0,1,0,0,0,0,4,1,6,1,8,-1,-1,-1,5,1
2013450012901,2,1,0,18,0,1,0,0,0,0,3,1,6,1,7,-1,-1,-1,7,1
2013460023960,1,9,0,18,0,1,0,0,0,0,1,1,6,2,8,1796,1,16,4,1
2013460024536,1,9,0,9,0,8,0,0,0,0,1,1,6,1,9,1299,1,11,3,1
2013460024536,2,1,0,18,0,1,0,0,0,0,3,1,6,1,4,-1,-1,-1,4,1
2013460024823,1,19,0,18,0,8,0,0,0,0,1,1,6,1,6,2148,2,4,2,1
2013460024823,2,9,0,9,0,8,0,0,0,0,1,1,6,2,7,1560,2,6,9,1
2013460024928,1,9,0,18,0,0,0,0,0,0,1,1,6,2,-1,1753,2,11,4,1
2013460024928,2,90,0,3,0,0,0,0,0,0,2,1,1,2,7,2499,2,13,6,2
2013460025023,1,9,0,18,0,0,0,0,0,0,4,1,6,3,-1,-1,-1,-1,-1,-1
2013460025106,1,10,0,11,0,0,0,0,0,0,1,1,1,1,9,-1,-1,-1,2,1
2013460025106,2,21,0,18,0,0,0,0,0,0,2,1,1,1,8,12777,2,6,10,1
2013460025286,1,11,0,5,0,0,0,0,0,0,0,1,1,2,8,7300,2,9,2,1
2013460025966,1,9,0,18,0,0,1,0,1,7,4,1,6,1,6,1360,1,6,3,1
2013460026414,1,9,0,9,0,8,0,0,0,0,4,1,6,1,6,1998,1,13,3,1
2013460026414,2,9,0,18,0,1,0,0,0,0,1,1,6,1,6,1598,1,10,6,1
2013460222391,1,9,0,17,9,1,0,10,1,10,1,1,6,1,5,1991,1,18,4,1
2013460222391,2,9,0,2,0,2,0,0,0,10,2,1,6,1,-1,1896,2,11,4,1
2013460222391,3,9,0,2,0,2,0,0,0,0,2,1,6,2,7,1240,1,9,4,1
2013460222391,4,9,0,2,0,2,0,0,0,0,2,1,6,1,-1,1998,1,11,4,1
2013460222533,1,9,0,18,0,1,0,0,7,6,1,1,6,1,6,-1,-1,-1,-1,-1
2013460222533,2,9,0,18,0,1,0,0,1,1,2,1,6,2,9,980,1,22,2,1
2013460222591,1,9,0,18,0,0,0,0,0,0,1,1,6,1,11,1596,1,11,2,1
2013460222591,2,9,0,2,0,0,0,0,0,0,2,1,6,1,10,1299,1,9,5,1
2013460222636,1,9,0,4,0,1,0,0,0,0,1,1,6,2,8,1998,1,12,1,1
2013460222636,2,9,0,3,0,1,0,0,0,0,2,1,6,1,8,1995,2,1,10,1
2013460222637,1,9,0,18,0,1,0,0,0,0,3,1,6,3,-1,-1,-1,-1,-1,-1
2013460222637,2,1,0,18,0,1,0,0,0,0,3,1,6,1,5,-1,-1,-1,1,1
2013460222647,1,4,0,18,0,0,1,0,0,0,0,1,6,1,4,123,1,5,4,1
2013460222663,1,9,0,6,0,7,0,0,0,0,1,1,6,2,8,1985,1,11,9,1
2013460222663,2,9,0,18,0,3,0,0,0,0,1,1,6,2,5,998,1,5,9,1
2013460222668,1,90,0,18,0,0,1,0,7,10,1,1,2,1,8,280,1,2,8,3
2013460222681,1,9,0,9,0,8,0,0,0,0,3,2,6,1,7,-1,-1,-1,-1,-1
2013460222681,2,2,0,18,0,8,0,0,0,0,4,1,6,1,7,-1,-1,-1,5,3
2013460222688,1,19,0,18,0,0,0,0,1,4,1,1,6,1,8,2198,2,3,4,3
2013460222689,1,21,1,18,0,0,0,0,0,0,0,1,1,3,-1,-1,-1,-1,-1,-1
2013460222689,2,9,0,18,0,0,0,0,7,2,3,1,1,1,7,1124,1,11,7,2
2013460222691,1,9,0,18,0,1,0,0,0,0,2,1,6,2,10,1388,1,5,7,3
2013460222691,2,9,0,10,0,5,0,0,0,0,1,1,1,1,9,1242,1,1,4,3
2013460222694,1,9,0,14,0,0,0,0,0,0,1,1,6,1,4,1242,1,5,5,1
2013460222694,2,9,0,18,0,0,0,0,0,0,1,1,6,2,9,1870,2,8,7,3
2013460222706,1,9,0,18,0,0,0,0,0,0,1,1,6,1,10,-1,-1,-1,8,2
2013460222706,2,9,0,3,0,0,0,0,0,0,2,1,2,1,8,1753,2,11,9,2
2013460222706,3,9,0,3,0,0,0,0,0,0,2,1,2,1,8,1248,2,1,9,1
2013460222707,1,2,0,18,0,0,0,0,0,0,4,1,6,1,4,49,1,13,2,1
2013460222709,1,9,0,18,0,1,0,0,0,0,1,1,6,3,-1,-1,-1,-1,-1,-1
2013460222709,2,9,0,6,0,8,0,0,0,0,3,1,6,2,5,1242,1,3,-1,-1
2013460222720,1,9,0,18,0,0,0,0,0,0,1,1,6,2,8,1769,2,19,-1,-1
2013460222720,2,9,0,18,0,0,0,0,0,0,1,1,6,2,9,1997,1,14,4,3
2013460222721,1,9,0,18,0,0,0,0,0,0,1,1,2,2,6,1388,1,7,5,1
2013460222726,1,9,0,9,0,6,0,0,0,0,1,1,6,2,10,1968,2,6,7,3
2013460222726,2,9,0,14,0,1,1,0,0,0,3,1,1,2,6,1198,1,6,6,3
2013460222728,1,5,0,13,0,1,0,0,0,0,4,1,6,1,5,929,1,13,7,1
2013460222728,2,9,0,9,0,5,0,0,0,0,3,1,6,2,6,1527,2,15,4,1
2013460222728,3,9,0,10,0,1,0,0,0,0,3,1,6,2,7,1149,1,10,4,1
2013460222731,1,9,0,1,0,0,0,0,0,0,0,1,6,1,10,1399,1,6,-1,-1
2013460222741,1,9,0,18,0,0,5,4,7,0,4,1,6,1,4,1242,1,7,8,1
2013460222741,2,19,0,2,0,0,0,0,0,0,4,1,6,1,7,-1,-1,-1,8,1
2013460222743,1,9,0,18,0,0,1,0,1,10,4,1,6,2,5,1997,1,10,5,1
2013460222749,1,1,0,18,0,0,0,0,0,0,1,1,6,1,6,-1,-1,-1,1,1
2013460222765,1,9,0,18,0,2,0,0,0,0,1,1,6,3,-1,-1,-1,-1,-1,-1
2013460222765,2,9,0,4,0,2,0,0,0,0,2,1,2,2,5,1896,2,9,2,1
2013460222766,1,9,0,18,0,0,0,0,0,0,4,1,6,2,8,2987,2,8,6,1
2013460222767,1,9,0,18,0,0,5,4,0,0,1,1,6,2,6,1242,1,9,4,3
2013460222767,2,9,0,18,0,0,0,0,0,0,0,1,6,1,9,1332,1,15,6,2
2013460222767,3,9,0,2,0,0,0,0,0,0,3,1,6,1,-1,1753,2,11,4,3
2013460222768,1,9,0,13,0,8,0,0,0,0,1,1,6,1,4,1390,1,14,2,1
2013460222768,2,9,0,9,6,8,0,0,0,0,3,1,1,2,5,1398,2,1,4,1
2013460222773,1,9,0,4,6,1,0,7,1,1,1,1,6,2,11,1391,1,17,5,3
2013460222773,2,9,0,2,6,8,0,0,0,0,0,1,6,3,-1,-1,-1,-1,-1,-1
2013460222779,1,9,0,9,0,8,0,0,0,0,1,1,6,2,6,2184,2,17,9,1
2013460222779,2,9,0,18,0,8,0,0,0,0,1,1,6,2,7,1598,1,3,6,1
2013460222781,1,9,0,5,0,0,0,0,0,0,1,1,6,3,-1,-1,-1,-1,-1,-1
2013460222782,1,9,0,18,0,8,0,0,0,0,2,1,6,2,11,1299,1,11,3,1
2013460222782,2,9,0,17,0,8,0,0,0,0,1,1,6,1,8,1329,1,3,2,1
2013460222783,1,9,0,3,0,0,0,0,0,0,2,1,6,1,5,1910,2,5,4,1
2013460222783,2,9,0,3,0,0,0,0,0,0,1,1,6,1,8,1199,1,10,6,1
2013460222783,3,9,0,3,0,0,0,0,0,0,1,1,6,2,8,1390,1,8,8,1
2013460222783,4,9,0,18,0,0,0,0,0,0,1,1,6,2,6,1956,2,4,4,1
2013460222793,1,9,0,9,0,1,0,0,0,0,1,1,6,2,4,796,1,12,3,1
2013460222793,2,9,0,18,0,1,0,0,0,0,1,1,6,1,5,1242,1,9,5,1
2013460222797,1,9,0,4,0,1,1,0,0,0,1,1,6,1,6,-1,-1,-1,-1,-1
2013460222797,2,9,0,4,0,1,0,0,0,0,2,1,6,1,4,1242,1,7,-1,-1
2013460222797,3,9,0,4,0,1,1,0,0,0,2,1,6,1,5,1360,1,16,4,3
2013460222797,4,9,0,4,0,1,0,0,0,0,2,1,6,1,7,-1,-1,-1,-1,-1
2013460222811,1,21,0,18,0,0,0,0,0,0,1,1,1,1,7,4461,2,4,5,1
2013460222811,2,9,0,18,0,0,0,0,0,0,2,1,6,1,10,1339,1,10,9,1
2013460222811,3,9,0,18,0,0,0,0,0,0,1,1,6,1,9,1560,2,4,6,1
2013460222816,1,9,0,18,0,1,0,0,0,0,4,1,1,2,6,1422,2,5,2,1
2013460222816,2,9,0,5,0,8,0,0,0,0,3,1,6,2,7,-1,-1,-1,6,1
2013460222819,1,9,0,18,0,0,0,0,0,0,1,1,6,3,-1,-1,-1,-1,-1,-1
2013460222828,1,9,0,10,0,1,0,0,0,0,3,1,2,1,8,1968,2,4,9,1
2013460222828,2,4,0,18,0,1,0,0,0,0,1,1,6,1,7,125,1,3,10,1
2013460222830,1,9,0,18,0,6,0,0,0,0,3,1,6,1,6,1896,2,10,2,1
2013460222839,1,9,0,9,0,8,0,0,0,0,1,1,6,3,-1,-1,-1,-1,-1,-1
2013460222845,1,9,0,18,0,0,0,0,0,0,3,1,6,1,6,1242,1,5,1,1
2013460222845,2,9,0,18,0,0,0,0,0,0,1,1,6,1,8,1796,1,7,1,1
2013460222848,1,1,0,18,9,0,0,0,0,0,1,1,6,1,3,-1,-1,-1,8,1
2013460222858,1,21,4,12,8,6,0,0,0,0,3,2,1,1,8,-1,-1,-1,-1,-1
2013460222858,2,9,0,18,0,1,0,0,0,0,1,2,6,1,10,-1,-1,-1,-1,-1
2013460222873,1,9,0,4,0,4,0,0,0,0,1,1,6,1,7,1896,2,11,-1,-1
2013460222873,2,9,0,4,0,1,0,0,0,0,2,1,6,2,8,1229,1,3,-1,-1
2013460222876,1,9,0,4,0,0,0,0,0,0,2,1,6,1,7,3125,2,12,-1,-1
2013460222876,2,19,0,18,0,0,0,0,0,0,1,1,2,1,8,2148,2,6,9,2
2013460222887,1,9,0,9,0,8,0,0,0,0,1,1,6,2,5,-1,-1,-1,10,1
2013460222887,2,9,0,18,0,8,0,0,0,0,1,1,6,2,4,1198,1,8,9,2
2013460222888,1,20,1,18,0,0,0,0,0,0,3,1,6,3,-1,-1,-1,-1,-1,-1
2013460222888,2,9,0,18,0,0,0,0,0,0,3,1,2,1,4,1242,1,6,-1,-1
2013460222894,1,3,0,18,0,1,1,0,0,0,1,1,1,1,8,-1,-1,-1,9,1
2013460222894,2,9,0,18,0,1,0,0,0,0,2,1,1,1,6,-1,-1,-1,9,2
2013460222895,1,9,0,4,0,4,5,0,3,10,1,1,6,1,10,-1,-1,-1,6,3
2013460222904,1,9,0,9,0,1,0,0,0,0,1,1,2,1,6,-1,-1,-1,7,3
2013460222904,2,1,0,7,0,6,0,0,0,0,1,1,2,1,6,-1,-1,-1,7,3
2013460222908,1,19,0,16,0,0,0,4,0,0,1,1,1,1,5,2148,2,6,5,1