Accident_Index,Vehicle_Reference,Vehicle_Type,Towing_and_Articulation,Vehicle_Manoeuvre,Vehicle_Location-Restricted_Lane,Junction_Location,Skidding_and_Overturning,Hit_Object_in_Carriageway,Vehicle_Leaving_Carriageway,Hit_Object_off_Carriageway,1st_Point_of_Impact,Was_Vehicle_Left_Hand_Drive?,Journey_Purpose_of_Driver,Sex_of_Driver,Age_Band_of_Driver,Engine_Capacity_(CC),Propulsion_Code,Age_of_Vehicle,Driver_IMD_Decile,Driver_Home_Area_Type
2013460222908,2,9,0,4,0,0,0,0,0,0,1,1,2,1,5,-1,-1,-1,8,2
2013460222908,3,9,0,1,0,0,0,0,0,0,0,1,1,1,7,1398,1,10,6,1
2013460222911,1,19,0,16,0,0,1,0,0,0,1,1,1,1,8,2148,2,6,6,1
2013460222911,2,9,0,17,0,0,0,0,0,0,4,1,2,1,8,-1,-1,-1,3,1
2013460222913,1,9,0,18,0,8,0,0,0,0,1,1,6,2,4,1242,1,13,9,1
2013460222916,1,9,0,18,0,1,0,0,0,0,1,1,6,1,8,1896,2,5,1,1
2013460222916,2,9,0,18,0,1,0,0,0,0,2,1,6,2,8,1229,1,2,6,1
2013460222929,1,90,0,1,0,0,0,0,0,0,2,1,1,1,7,2987,2,3,6,1
2013460222929,2,1,0,4,0,0,0,0,0,0,1,1,6,1,7,-1,-1,-1,5,1
2013460222938,1,9,0,8,0,1,0,0,0,0,1,1,6,2,7,1399,1,4,8,1
2013460222938,2,9,0,8,0,1,0,0,0,0,2,1,6,2,8,1598,1,3,9,1
2013460222944,1,9,0,16,0,0,0,0,1,2,1,1,6,2,7,1796,1,13,2,1
2013460222946,1,9,0,18,0,1,5,0,7,10,1,1,6,2,6,-1,-1,-1,3,1
2013460222948,1,9,0,9,0,8,0,0,0,0,1,1,6,1,10,1199,1,13,3,1
2013460222948,2,1,0,18,0,8,0,0,0,0,3,1,6,2,11,-1,-1,-1,3,1
2013460222952,1,9,0,18,0,0,0,0,0,0,4,1,6,1,6,2979,1,11,6,1
2013460222953,1,9,0,18,0,0,1,0,1,4,1,1,6,2,7,4398,1,11,10,1
2013460222956,1,9,0,18,0,0,0,0,0,0,2,1,6,2,7,1796,1,8,3,1
2013460222956,2,21,1,18,0,0,0,0,0,0,1,1,1,1,7,-1,-1,-1,-1,-1
2013460222959,1,9,0,18,0,1,0,0,7,10,1,1,6,1,4,1242,1,8,7,3
2013460222959,2,9,0,9,0,5,0,0,0,0,3,1,1,2,6,1998,2,8,-1,-1
2013460222965,1,9,0,4,0,0,0,0,0,0,0,1,6,3,-1,-1,-1,-1,-1,-1
2013460222965,2,9,0,4,0,0,0,0,0,0,1,1,6,1,6,1968,2,1,-1,-1
2013460222965,3,9,0,4,0,0,0,0,0,0,1,1,6,2,10,1198,1,6,-1,-1
2013460222965,4,9,0,4,0,0,0,0,0,0,1,1,6,2,8,1300,1,16,-1,-1
2013460222965,5,9,0,4,0,0,0,0,0,0,0,1,6,1,6,1397,1,13,4,1
2013460222967,1,9,0,16,0,4,0,0,0,0,1,1,6,1,6,1797,1,15,5,1
2013460222967,2,9,0,17,0,3,0,0,0,0,1,1,6,2,5,-1,-1,-1,9,1
2013460222973,1,9,0,9,0,8,0,0,0,0,3,1,1,2,7,1242,1,12,6,2
2013460222973,2,9,0,18,0,1,0,0,0,0,1,1,1,1,8,1905,2,17,8,3
2013460222976,1,9,0,18,0,0,0,0,0,0,3,1,6,3,-1,1948,1,17,-1,-1
2013460222976,2,9,0,14,0,0,0,0,0,0,3,1,6,1,6,-1,-1,-1,3,1
2013460222977,1,9,0,18,0,3,1,10,0,0,3,1,6,1,4,-1,-1,-1,9,1
2013460222979,1,1,0,17,0,0,1,0,1,7,4,1,6,1,9,-1,-1,-1,3,1
2013460222984,1,9,0,1,0,0,0,0,0,0,2,1,2,2,7,1989,1,10,9,2
2013460222995,1,9,0,18,0,2,0,0,0,0,4,1,1,1,9,1598,2,1,10,1
2013460223000,1,9,0,9,0,1,0,0,1,0,3,1,2,2,7,-1,-1,-1,3,1
2013460223000,2,9,0,18,0,1,0,0,7,0,1,1,3,1,6,1796,1,6,2,1
2013460223003,1,9,0,7,0,6,0,0,0,0,1,1,6,2,9,1339,1,11,6,2
2013460223006,1,9,0,18,0,4,0,0,0,0,1,1,6,1,11,1997,2,13,8,1
2013460223006,2,9,0,9,0,8,0,0,0,0,4,1,6,1,4,-1,-1,-1,8,1
2013460223007,1,19,0,5,0,4,0,0,0,0,1,1,6,2,8,2198,2,3,1,1
2013460223007,2,9,0,5,0,4,0,0,0,0,2,1,6,2,8,1240,1,3,3,1
2013460223008,1,20,4,12,0,0,1,0,0,0,3,1,6,1,8,-1,-1,-1,4,3
2013460223008,2,5,0,18,0,0,0,0,0,0,4,1,6,1,4,600,1,13,6,1
2013460223010,1,9,0,18,0,8,0,0,0,0,3,1,6,1,6,1910,2,6,1,1
2013460223010,2,9,0,18,0,1,0,0,0,0,1,1,6,2,8,1998,1,13,3,1
2013460223014,1,9,0,18,0,1,5,0,1,4,1,1,6,1,9,1600,2,4,8,1
2013460223017,1,9,0,8,0,6,0,0,0,0,1,1,6,2,10,1298,1,14,5,2
2013460223017,2,1,0,18,0,1,0,0,0,0,2,1,2,1,6,-1,-1,-1,8,1
2013460223018,1,11,0,3,0,0,0,0,0,0,0,1,6,1,8,4500,2,4,7,1
2013460223023,1,9,0,4,0,1,1,10,7,1,3,1,6,2,4,1124,1,21,2,1
2013460223025,1,9,0,4,0,1,0,0,0,0,1,1,6,2,6,1248,2,5,2,1
2013460223025,2,9,0,3,0,1,0,0,0,0,2,1,6,2,8,1951,2,11,8,1
2013460223025,3,9,0,3,0,1,0,0,0,0,2,1,6,1,6,1242,1,1,9,1
2013460223034,1,2,0,18,0,3,0,0,0,0,1,1,6,1,-1,-1,-1,-1,-1,-1
2013460223036,1,9,0,12,0,8,0,0,0,0,0,1,6,3,-1,-1,-1,-1,-1,-1
2013460223036,2,9,0,18,0,8,0,9,3,1,1,1,6,1,5,1895,1,13,3,1
2013460223039,1,9,0,9,9,6,0,0,1,10,1,1,2,2,7,1560,2,6,8,1
2013460223043,1,9,0,16,0,0,0,0,0,0,1,1,6,1,7,1753,2,11,10,1
2013460223043,2,9,0,17,0,0,0,0,0,0,1,1,6,1,7,1991,2,4,5,2
2013460223044,1,9,0,4,0,0,5,10,0,0,1,1,1,2,5,1360,1,18,4,1
2013460223048,1,9,0,5,0,4,0,0,0,0,1,1,6,2,7,1398,1,1,7,3
2013460223048,2,1,0,9,0,3,0,0,0,0,2,1,6,1,8,-1,-1,-1,-1,-1
2013460223049,1,9,0,18,0,0,0,0,4,6,1,1,6,2,7,1388,1,9,3,1
2013460223049,2,9,0,15,0,0,0,0,0,0,0,1,6,3,-1,-1,-1,-1,-1,-1
2013460223051,1,8,0,18,0,1,0,0,0,0,1,1,1,1,6,1910,2,6,3,1
2013460223051,2,9,0,2,0,1,0,0,1,0,2,1,1,1,6,1360,1,13,7,3
2013460223054,1,21,1,13,0,0,0,0,0,0,0,1,6,3,-1,-1,-1,-1,-1,-1
2013460223054,2,9,0,13,0,0,1,0,2,7,1,1,2,1,7,1124,1,9,6,3
2013460223063,1,21,1,1,0,0,0,0,0,0,2,1,6,1,5,5861,2,19,8,3
2013460223063,2,9,0,3,0,0,0,0,0,0,1,1,1,2,7,1296,1,13,5,1
2013460223072,1,9,0,7,0,6,0,0,0,0,2,1,6,1,-1,-1,-1,-1,-1,-1
2013460223072,2,2,0,18,0,1,2,0,0,0,4,1,6,1,4,49,1,11,6,1
2013460223073,1,9,0,18,0,0,1,0,7,10,1,1,6,1,4,1149,1,9,8,2
2013460223075,1,9,0,18,0,0,0,0,0,0,1,1,6,1,10,-1,-1,-1,7,2
2013460223075,2,11,0,18,0,0,0,0,0,0,1,1,1,1,8,-1,2,15,5,2
2013460223077,1,9,0,9,0,8,0,0,0,0,3,1,6,2,6,-1,-1,-1,2,1
2013460223096,1,9,0,18,0,8,1,10,1,10,1,1,6,1,6,1998,1,12,6,2
2013460223105,1,9,0,17,0,0,1,0,1,10,4,1,6,1,6,1896,2,8,8,1
2013460223105,2,9,0,18,0,0,0,0,0,0,1,1,6,1,9,1753,2,6,2,1
2013460223107,1,21,1,6,0,8,0,0,0,0,4,1,1,1,8,11705,2,8,3,1
2013460223107,2,9,0,18,0,8,1,0,0,0,1,1,1,1,9,-1,-1,-1,4,1
2013460223108,1,9,0,13,0,1,0,0,0,0,1,1,6,2,9,1400,1,7,8,3
2013460223108,2,9,0,7,0,2,0,0,0,0,1,1,1,1,7,1797,8,3,3,3
2013460223109,1,20,0,15,0,0,1,0,0,0,1,1,6,1,6,-1,-1,-1,5,1
2013460223109,2,9,0,4,0,0,0,0,0,0,2,1,6,1,6,2993,2,9,5,1
2013460223109,3,9,0,4,0,0,0,0,0,0,2,1,6,1,9,1968,2,2,10,1
2013460223114,1,9,0,12,0,3,0,0,0,0,3,1,6,2,9,1598,1,1,4,1
2013460223114,2,9,0,18,0,3,0,0,0,0,4,1,6,2,6,-1,-1,-1,-1,-1
2013460223115,1,2,0,4,0,1,0,0,0,0,1,1,6,1,4,-1,-1,-1,8,1
2013460223115,2,9,0,9,0,1,0,0,0,0,4,1,6,2,10,1349,1,3,9,2
2013460223116,1,9,0,6,0,0,0,0,0,0,4,1,6,2,9,1598,1,4,5,1
2013460223116,2,9,0,18,0,0,0,0,0,0,1,1,6,2,9,1796,1,3,-1,-1
2013460223119,1,19,0,4,0,1,0,0,0,0,1,1,1,1,9,2148,2,6,6,2
2013460223119,2,9,0,4,0,1,0,0,0,0,3,1,1,1,8,1198,1,1,2,1
2013460223126,1,9,0,18,0,0,0,0,0,0,1,1,6,1,-1,-1,-1,-1,-1,-1
2013460223126,2,9,0,3,0,0,0,0,0,0,2,1,6,1,6,1794,1,11,4,1
2013460223126,3,9,0,3,0,0,0,0,0,0,2,1,6,1,6,998,1,1,5,1
2013460223126,4,9,0,3,0,0,0,0,0,0,2,1,6,2,6,1389,1,9,5,1
2013460223129,1,9,0,9,0,6,0,0,0,0,4,1,6,2,8,1360,1,8,1,1
2013460223129,2,9,0,18,0,6,0,0,0,0,4,1,6,1,7,2544,1,14,2,1
2013460223132,1,11,0,18,0,0,0,0,0,0,1,1,1,1,7,6700,2,5,3,1
2013460223132,2,9,0,4,0,0,0,0,0,0,0,1,6,1,8,998,1,4,1,1
2013460223133,1,9,0,4,0,1,1,0,0,0,1,1,3,2,6,1796,1,9,5,3
2013460223133,2,9,0,18,0,1,0,0,0,0,1,1,6,1,7,1997,2,4,-1,-1
2013460223134,1,9,0,18,0,0,0,0,0,0,-1,1,6,2,9,1240,1,3,5,1
2013460223135,1,9,0,18,0,0,5,10,7,9,1,1,6,2,5,1389,1,19,-1,-1
2013460223137,1,9,0,18,0,0,0,0,0,0,1,1,6,1,7,2351,1,10,5,1
2013460223138,1,9,0,16,0,0,2,0,7,10,1,1,6,1,4,1199,1,9,5,1
2013460223142,1,9,0,18,0,6,0,0,0,0,1,1,6,1,8,1896,2,12,1,1
2013460223142,2,9,0,18,0,8,0,0,0,0,3,1,2,2,9,1242,1,15,5,1
2013460223144,1,9,0,18,0,0,1,0,0,0,1,1,6,1,6,1988,1,9,4,1
2013460223146,1,9,0,18,0,0,0,0,0,0,1,1,6,1,7,2198,2,6,3,3
2013460223146,2,9,0,4,0,0,0,0,0,0,2,1,6,1,-1,-1,-1,-1,-1,-1
2013460223147,1,9,0,1,0,1,0,0,0,0,2,1,2,1,7,1968,2,7,7,3
2013460223147,2,4,0,3,0,1,0,0,0,0,1,1,2,1,7,599,1,13,4,1
2013460223150,1,3,0,18,0,8,0,0,0,0,1,1,1,1,4,124,1,1,9,1
2013460223150,2,9,0,18,0,6,1,0,0,0,2,1,1,2,6,1298,1,10,8,1
2013460223151,1,3,0,4,0,0,0,0,0,0,4,1,6,1,4,125,1,2,3,1
2013460223157,1,9,0,11,0,0,0,0,0,0,1,1,6,2,7,998,1,5,6,1
2013460223157,2,9,0,4,0,0,0,0,0,0,2,1,6,2,6,2993,2,1,10,3
2013460223159,1,9,0,9,0,6,0,0,1,0,4,1,6,2,4,1461,2,11,4,1
2013460223159,2,9,0,18,0,1,0,0,1,0,1,1,6,1,5,-1,-1,-1,4,1
2013460223161,1,9,0,9,0,6,0,0,0,0,3,1,6,1,5,1242,1,12,10,1
2013460223161,2,9,0,18,0,1,0,0,0,0,1,1,6,2,7,1108,1,7,10,1
2013460223164,1,9,0,18,0,0,0,0,1,7,1,1,6,1,4,1242,1,4,8,1
2013460223170,1,9,0,18,0,0,0,4,0,0,4,1,6,1,11,2231,2,4,10,1
2013460223170,2,9,0,2,0,0,0,0,0,0,3,1,6,2,9,1360,1,8,3,1
2013460223176,1,9,0,18,0,0,0,0,0,0,4,1,6,1,10,-1,-1,-1,7,1
2013460223179,1,9,0,16,0,0,1,0,1,3,3,1,6,1,10,1339,1,10,5,2
2013460223181,1,9,0,17,0,0,0,0,1,10,1,1,6,2,4,-1,-1,-1,3,1
2013460223181,2,9,0,16,0,0,0,0,0,0,0,1,6,3,-1,-1,-1,-1,-1,-1
2013460223183,1,9,0,9,0,5,0,0,0,0,1,1,6,1,-1,-1,-1,-1,-1,-1
2013460223188,1,9,0,18,0,3,2,9,2,7,1,1,6,1,5,1598,1,4,-1,-1
2013460223191,1,9,0,18,0,8,0,0,0,0,1,1,6,1,7,1560,2,1,2,1
2013460223191,2,1,0,18,0,8,0,0,0,0,1,1,1,1,7,-1,-1,-1,1,1
2013460223196,1,9,0,18,0,1,0,0,0,0,1,1,6,2,-1,1390,1,8,4,1
2013460223196,2,1,0,18,0,1,0,0,0,0,2,1,2,1,8,-1,-1,-1,3,1
2013460223198,1,21,1,18,0,1,0,0,0,0,1,1,1,1,-1,9200,2,7,9,1
2013460223198,2,9,0,18,0,2,0,0,0,0,1,1,6,2,7,1588,1,9,2,1
2013460223200,1,9,0,9,0,1,0,0,0,0,3,1,6,1,11,1798,1,1,8,1
2013460223200,2,9,0,18,0,1,0,0,0,0,1,1,1,2,8,1598,1,2,9,1
2013460223202,1,9,0,18,0,1,0,0,0,0,1,1,6,2,8,1390,1,7,10,1
2013460223202,2,9,0,3,0,1,0,0,0,0,2,1,6,1,6,1997,2,5,9,1
2013460223202,3,9,0,9,0,5,0,0,0,0,0,1,6,3,-1,-1,-1,-1,-1,-1
2013460223203,1,11,0,16,0,0,1,0,0,0,1,1,1,2,8,5900,2,19,2,1
2013460223203,2,21,0,17,0,0,0,0,0,0,3,1,1,1,6,3920,2,5,8,1
2013460223204,1,9,0,17,0,8,0,0,0,0,1,1,6,2,9,1596,1,1,6,1
2013460223204,2,1,0,17,0,8,0,0,0,0,4,1,2,1,7,-1,-1,-1,7,1
2013460223206,1,17,0,12,0,0,0,0,0,0,0,1,6,1,5,-1,-1,-1,-1,-1
2013460223206,2,9,0,18,0,0,0,0,0,0,1,1,6,2,6,-1,-1,-1,7,1
2013460223206,3,9,0,4,0,0,0,0,0,0,2,1,6,1,9,2254,1,15,9,1
2013460223207,1,9,0,4,0,1,1,0,0,0,1,1,3,1,6,1598,1,8,3,1
2013460223207,2,9,0,3,0,1,0,0,0,0,2,1,6,2,7,1598,1,4,3,1
2013460223207,3,1,0,18,0,8,0,0,0,0,4,1,6,1,9,-1,-1,-1,5,1
2013460223208,1,9,0,18,0,8,0,0,0,0,1,1,6,1,5,2996,1,7,4,1
2013460223208,2,9,0,18,0,8,0,0,0,0,1,1,6,2,8,1753,2,12,9,1
2013460223212,1,9,0,12,0,6,0,0,0,0,0,1,6,2,-1,-1,-1,-1,-1,-1
2013460223212,2,21,1,18,0,1,2,0,5,6,3,1,1,1,6,12130,2,9,1,1
2013460223212,3,9,0,18,0,8,0,11,0,0,3,1,6,2,6,2995,1,7,4,1
2013460223213,1,9,0,9,0,6,0,0,0,0,3,1,1,1,6,-1,-1,-1,4,1
2013460223213,2,9,0,18,0,1,0,0,0,0,1,1,6,1,6,1527,2,16,9,1
2013460223214,1,9,0,9,0,1,0,0,0,0,1,1,1,2,7,1398,1,9,7,1
2013460223214,2,1,0,18,0,8,0,0,0,0,3,1,6,1,5,-1,-1,-1,8,1
2013460223216,1,9,0,9,0,8,0,0,0,0,1,1,2,2,6,1198,1,1,10,3
2013460223216,2,9,0,18,0,8,0,0,0,0,1,1,2,1,9,2204,2,6,7,3
2013460223217,1,9,0,17,0,3,1,9,0,7,1,1,1,2,9,1242,1,4,5,3
2013460223219,1,9,0,18,0,2,0,0,1,9,1,1,6,1,9,1332,1,16,10,2
2013460223224,1,9,0,18,0,0,0,0,8,10,1,1,6,1,6,1950,2,13,2,1
2013460223224,2,9,0,2,9,0,0,0,0,0,2,1,6,2,9,1997,2,4,10,1
2013460223227,1,9,0,18,0,0,0,0,0,0,1,1,6,2,6,1753,2,4,5,2
2013460223227,2,9,0,4,0,0,0,0,0,0,2,1,6,1,7,1560,2,2,3,1
2013460223227,3,9,0,3,0,0,0,0,0,0,2,1,6,2,10,1329,1,1,10,1
2013460223228,1,9,0,17,0,0,0,0,0,0,1,1,2,1,6,1596,1,13,1,1
2013460223228,2,9,0,2,0,0,0,0,0,0,2,1,6,3,-1,1997,1,9,-1,-1
2013460223228,3,9,0,2,0,0,0,0,0,0,2,1,6,3,-1,-1,-1,-1,-1,-1
2013460223232,1,9,0,18,0,0,1,0,1,7,4,1,6,2,5,1461,2,10,8,1
2013460223235,1,9,0,5,0,6,0,0,0,0,0,1,6,3,-1,-1,-1,-1,-1,-1
2013460223235,2,3,0,18,0,1,0,0,0,0,0,1,6,1,8,125,1,10,4,1
2013460223236,1,9,0,18,0,1,0,0,0,0,1,1,6,2,5,1199,1,10,7,1
2013460223236,2,9,0,18,0,1,0,0,0,0,1,1,6,2,9,1086,1,7,6,1
2013460223239,1,9,0,18,0,0,0,0,0,0,4,1,6,2,4,998,1,8,8,3
2013460223243,1,9,0,4,0,4,1,0,1,2,4,1,6,1,5,1598,1,10,9,1
2013460223252,1,9,0,17,0,0,1,0,1,3,4,1,6,1,11,1099,1,16,9,2
2013460223255,1,9,0,5,0,8,0,0,0,0,1,1,6,2,11,1198,1,1,8,2
2013460223255,2,9,0,9,0,6,0,0,0,0,3,1,6,2,9,1498,1,5,8,2
2013460223256,1,9,0,18,0,4,0,0,0,0,1,1,6,2,8,1368,1,2,10,3
2013460223256,2,9,0,18,0,8,0,0,0,0,1,1,6,1,11,1994,2,9,9,1
2013460223258,1,9,0,5,0,1,0,0,0,0,1,1,6,2,5,-1,-1,-1,7,1
2013460223258,2,19,0,4,0,4,0,0,0,0,2,1,6,1,6,1998,2,11,3,1
2013460223262,1,9,0,18,0,0,0,0,1,7,1,1,2,2,4,1108,1,10,2,1
2013460223264,1,9,0,18,0,1,1,0,0,0,1,1,6,2,4,1388,1,7,4,1
2013460223264,2,9,0,4,0,1,0,0,0,0,2,1,6,2,5,1242,1,2,4,1
2013460223264,3,9,0,4,0,1,0,0,0,0,2,1,6,1,7,1598,1,8,9,1
2013460223266,1,9,0,9,0,5,0,0,0,0,1,1,6,1,10,1598,1,2,6,3
2013460223266,2,9,0,4,0,1,0,0,0,0,3,1,6,1,6,1560,2,1,9,1
2013460223266,3,1,0,18,0,1,0,0,0,0,1,1,6,1,9,-1,-1,-1,9,2
2013460223270,1,9,0,9,0,8,0,0,0,0,1,1,6,2,6,1596,1,10,4,1
2013460223270,2,4,0,18,0,1,0,7,1,10,3,1,6,1,6,124,1,2,8,1
2013460223271,1,9,0,4,0,0,1,8,0,0,1,1,2,1,6,1753,2,9,8,2
2013460223271,2,9,0,2,0,0,0,0,0,0,3,1,6,1,7,-1,-1,-1,10,2
2013460223271,3,9,0,2,0,0,0,0,0,0,4,1,6,2,10,1296,1,6,10,2
2013460223271,4,9,0,4,0,0,1,0,0,0,1,1,2,2,7,998,1,4,8,1
2013460223271,5,9,0,2,0,0,0,0,0,0,3,1,6,1,8,1396,1,10,10,2
2013460223280,1,9,0,9,0,8,0,0,0,0,3,1,6,1,9,1299,1,8,9,1
2013460223280,2,5,0,18,0,8,0,0,0,0,1,1,2,2,7,599,1,16,4,1
2013460223291,1,1,0,18,0,0,0,4,0,0,1,1,6,1,3,-1,-1,-1,3,2
2013460223291,2,9,0,2,0,0,0,0,0,0,1,1,6,3,-1,999,1,1,4,2
2013460223293,1,9,0,18,0,2,0,0,0,0,3,1,6,3,-1,-1,-1,-1,-1,-1
2013460223295,1,9,0,5,0,6,0,0,0,0,1,1,6,1,4,973,1,10,7,1
2013460223295,2,9,0,17,0,1,1,0,1,1,4,1,2,1,9,1199,1,11,7,1
2013460223296,1,9,0,16,0,0,2,0,1,0,1,1,6,1,6,1984,1,12,7,3
2013460223297,1,9,0,18,0,0,0,0,0,0,1,1,6,1,10,1686,2,16,-1,-1
2013460223297,2,9,0,4,0,0,0,0,0,0,2,1,1,1,6,2967,2,1,4,1
2013460223306,1,9,0,5,0,2,1,0,0,0,1,1,6,1,6,-1,-1,-1,7,1
2013460223310,1,9,0,18,0,0,1,0,1,7,1,1,6,1,6,1598,1,7,2,1
2013460223313,1,19,0,4,0,1,0,0,0,0,1,1,6,1,5,1868,2,7,7,1
2013460223313,2,9,0,8,0,1,0,0,0,0,2,1,6,2,4,1299,1,10,9,1
2013460223318,1,9,0,4,0,1,1,0,0,0,1,1,2,1,6,998,1,11,2,1
2013460223318,2,9,0,4,0,1,0,0,0,0,2,1,2,2,7,1596,1,7,2,1
2013460223319,1,21,0,18,0,4,0,0,0,0,3,2,1,1,8,-1,-1,-1,-1,-1
2013460223319,2,9,0,18,0,4,0,0,0,0,4,1,6,1,9,1360,1,9,8,1
2013460223325,1,20,0,18,0,1,1,0,0,0,1,1,1,1,7,2198,2,1,4,1
2013460223333,1,9,0,13,0,0,1,0,1,10,4,1,6,2,6,1398,1,1,5,1
2013460223333,2,9,0,18,0,0,1,0,1,10,1,1,6,1,5,1388,1,9,5,1
2013460223333,3,9,0,18,0,0,0,0,0,0,3,1,6,2,9,998,1,19,2,1
2013460223334,1,9,0,17,0,2,1,0,1,10,1,1,2,1,9,1587,1,10,6,1
2013460223334,2,9,0,2,0,2,0,0,0,0,2,1,6,2,9,1781,1,13,-1,-1
2013460223337,1,9,0,18,0,0,0,0,0,0,4,1,1,2,6,1149,1,9,-1,-1
2013460223338,1,20,0,7,0,8,0,0,0,0,1,1,6,1,6,-1,-1,-1,3,1
2013460223338,2,9,0,4,0,8,0,0,0,0,2,1,6,1,6,2499,2,17,4,1
2013460223339,1,9,0,9,0,8,0,0,0,0,4,1,6,2,10,1248,1,4,6,2
2013460223339,2,9,0,18,0,8,0,0,0,0,4,1,2,1,7,1999,1,7,8,2
2013460223344,1,9,0,18,0,2,0,0,0,0,1,1,6,2,4,1360,1,7,-1,-1
2013460223354,1,9,0,9,0,1,0,0,0,0,3,1,1,1,8,-1,-1,-1,-1,-1
2013460223354,2,9,0,18,0,1,0,0,0,0,1,1,1,2,8,1951,2,10,9,1
2013460223354,3,19,0,8,0,1,0,0,0,0,3,1,1,1,7,2198,2,1,8,1
2013460223355,1,21,0,18,0,0,0,0,0,0,1,1,1,1,8,7146,2,1,2,1
2013460223355,2,9,0,4,0,0,0,0,0,0,2,1,6,1,6,1299,1,13,3,1
2013460223355,3,11,0,4,0,0,0,0,0,0,2,1,1,1,8,-1,2,15,5,1
2013460223357,1,9,0,18,0,8,0,0,0,0,1,1,6,3,-1,-1,-1,-1,-1,-1
2013460223357,2,9,0,18,0,8,0,0,0,0,4,1,6,1,9,1896,2,9,2,1
2013460223370,1,9,0,7,9,1,0,0,0,0,3,1,6,3,-1,-1,-1,-1,-1,-1
2013460223371,1,9,0,14,0,0,0,0,0,0,1,1,6,2,10,998,1,9,9,1
2013460223371,2,9,0,2,0,0,0,0,0,0,2,1,6,3,-1,1997,1,1,-1,-1
2013460223376,1,9,0,9,0,8,0,0,0,0,1,1,2,1,4,1596,1,12,5,1
2013460223376,2,9,0,18,0,1,0,0,0,0,1,1,2,2,6,1598,1,4,6,1
2013460223380,1,9,0,17,0,0,2,0,0,0,3,1,2,1,6,1598,1,14,3,3
2013460223380,2,9,0,16,0,0,0,0,1,10,3,1,3,1,4,1388,1,11,10,2
2013460223381,1,9,0,17,0,0,1,0,1,4,4,1,6,3,-1,3960,1,16,-1,-1
2013460223381,2,9,0,17,0,0,0,0,0,0,4,1,6,1,9,2184,2,8,6,3
2013460223388,1,19,0,1,0,1,0,0,0,0,0,1,6,1,6,1868,2,9,2,1
2013460223394,1,9,0,18,0,0,0,0,0,0,4,1,6,2,-1,1796,1,2,5,1
2013460223395,1,9,0,14,0,0,0,0,0,0,0,1,6,3,-1,-1,-1,-1,-1,-1
2013460223403,1,9,0,8,0,1,0,0,0,0,4,1,6,2,5,1390,1,9,10,1
2013460223405,1,9,0,9,0,4,0,0,0,0,1,1,6,2,7,-1,-1,-1,2,1
2013460223405,2,9,0,18,0,3,0,0,0,0,4,1,6,2,7,1598,1,9,4,1
2013460223406,1,9,0,18,0,0,0,0,4,6,1,1,6,2,9,1855,1,13,7,1
2013460223406,2,9,0,18,0,0,0,0,0,0,0,1,6,2,6,1242,1,5,4,1
2013460223418,1,5,0,18,0,0,0,0,1,0,0,1,1,1,4,675,1,1,2,1
2013460223420,1,9,0,16,0,8,1,0,3,10,1,1,6,1,5,1199,1,10,10,1
2013460223426,1,8,0,18,0,8,0,0,0,0,1,1,1,1,8,1995,2,1,-1,-1
2013460223426,2,5,0,18,0,8,0,0,2,10,3,1,6,1,7,680,1,3,10,1
2013460223427,1,9,0,18,0,0,0,0,0,0,4,1,6,1,9,1984,2,-1,7,3
2013460223430,1,9,0,9,0,6,0,0,0,0,3,1,6,1,9,1870,2,3,-1,-1
2013460223430,2,9,0,17,0,1,0,0,0,0,1,1,6,2,5,1910,2,5,-1,-1
2013460223432,1,9,0,5,0,2,0,0,0,0,3,1,6,1,6,4921,2,7,4,1
2013460223436,1,9,0,9,0,6,0,0,0,0,1,1,6,1,5,1998,1,8,3,1
2013460223436,2,3,0,18,0,1,0,0,0,0,1,1,6,1,7,125,1,2,5,1
2013460223437,1,9,0,16,0,0,1,0,0,0,3,1,6,1,6,1796,1,11,5,3
2013460223437,2,9,0,17,0,0,0,0,0,0,3,1,6,1,10,2435,1,13,5,3
2013460223442,1,9,0,3,0,0,0,0,0,0,1,1,6,2,6,1997,2,9,8,2
2013460223442,2,9,0,3,0,0,0,0,0,0,2,1,2,1,7,-1,-1,-1,10,2
2013460223452,1,11,0,8,0,2,0,0,0,0,0,1,1,1,6,8268,2,9,2,1
2013460223455,1,9,0,16,0,0,1,0,0,0,0,1,6,1,7,1598,1,4,5,1
2013460223457,1,9,0,18,0,1,0,0,0,0,1,1,6,2,6,-1,-1,-1,-1,-1
2013460223457,2,9,0,9,0,6,0,0,0,0,3,1,6,2,5,998,1,1,9,1
2013460223458,1,9,0,5,0,1,0,0,0,0,4,1,2,2,6,1398,1,10,5,1
2013460223459,1,9,0,9,0,8,0,0,0,0,4,1,6,1,9,-1,-1,-1,9,1
2013460223459,2,9,0,18,0,1,0,0,0,0,1,1,6,2,5,1299,1,14,9,1
2013460223460,1,9,0,18,0,0,1,0,1,10,1,1,6,1,4,1910,2,6,10,2
2013460223462,1,90,0,18,0,0,0,0,0,0,1,1,6,1,9,2178,2,10,10,2
2013460223463,1,9,0,18,0,4,0,0,0,0,3,1,2,1,6,2616,1,4,3,1