Accident_Index,Vehicle_Reference,Vehicle_Type,Towing_and_Articulation,Vehicle_Manoeuvre,Vehicle_Location-Restricted_Lane,Junction_Location,Skidding_and_Overturning,Hit_Object_in_Carriageway,Vehicle_Leaving_Carriageway,Hit_Object_off_Carriageway,1st_Point_of_Impact,Was_Vehicle_Left_Hand_Drive?,Journey_Purpose_of_Driver,Sex_of_Driver,Age_Band_of_Driver,Engine_Capacity_(CC),Propulsion_Code,Age_of_Vehicle,Driver_IMD_Decile,Driver_Home_Area_Type
2013460224343,4,9,0,18,0,0,0,0,0,0,0,1,6,3,-1,-1,-1,-1,-1,-1
2013460224346,1,2,0,18,0,0,0,10,0,0,0,1,6,1,7,50,1,-1,6,1
2013460224355,1,20,0,13,0,0,0,0,0,0,0,1,6,3,-1,-1,-1,-1,-1,-1
2013460224355,2,1,0,18,0,0,0,0,0,0,0,1,6,1,4,-1,-1,-1,10,1
2013460224356,1,9,0,16,0,0,0,0,2,2,3,1,6,1,8,1598,1,13,6,2
2013460224359,1,9,0,4,0,3,0,0,0,0,1,1,6,1,10,1968,2,3,6,1
2013460224359,2,9,0,4,0,3,0,0,0,0,2,1,2,2,9,1997,2,8,8,1
2013460224363,1,9,0,7,0,2,0,0,0,0,4,1,6,2,6,1560,2,7,10,1
2013460224363,2,9,0,2,0,2,0,0,0,0,2,1,6,2,6,1242,1,8,-1,-1
2013460224363,3,9,0,2,0,2,0,0,0,0,1,1,6,1,6,2494,1,13,-1,-1
2013460224364,1,21,1,11,0,0,0,0,0,0,1,2,1,1,7,-1,-1,-1,-1,-1
2013460224364,2,9,0,18,0,0,1,0,7,7,2,1,2,2,5,1149,1,6,10,1
2013460224367,1,9,0,16,0,0,1,0,1,4,1,1,6,1,4,1596,1,6,7,1
2013460224368,1,9,0,10,0,1,0,0,7,0,1,1,6,1,10,3059,2,21,2,1
2013460224368,2,9,0,18,0,1,0,0,1,0,3,1,6,1,8,1761,1,14,-1,-1
2013460224370,1,4,0,17,0,0,0,0,0,0,0,1,6,1,4,124,1,13,2,1
2013460224385,1,9,0,9,0,8,0,0,0,0,4,1,6,1,10,1796,1,20,2,1
2013460224385,2,1,0,18,0,1,0,0,0,0,1,1,6,1,6,-1,-1,-1,2,1
2013460224390,1,19,0,4,0,8,0,0,0,0,1,1,6,1,7,2402,2,9,-1,-1
2013460224390,2,9,0,4,0,8,0,0,0,0,2,1,6,1,6,-1,-1,-1,7,1
2013460224391,1,9,0,3,0,1,0,0,0,0,1,1,6,1,7,1598,1,2,9,1
2013460224391,2,9,0,3,0,1,0,0,0,0,2,1,6,2,5,1388,1,7,7,1
2013460224391,3,9,0,3,0,1,0,0,0,0,3,1,6,1,6,1998,2,9,1,1
2013460224393,1,9,0,18,0,0,0,0,0,0,1,1,6,2,8,1896,2,9,4,1
2013460224393,2,20,0,18,0,0,0,0,0,0,2,1,6,1,8,-1,-1,-1,1,1
2013460224399,1,20,0,17,0,0,2,0,0,0,1,1,1,1,6,-1,-1,-1,-1,-1
2013460224399,2,11,0,16,0,0,0,0,0,0,0,1,1,1,7,4500,2,4,7,1
2013460224400,1,9,0,11,0,5,0,0,0,0,0,1,6,3,-1,-1,-1,-1,-1,-1
2013460224400,2,9,0,18,0,6,2,0,0,0,0,1,6,1,9,1998,2,6,8,3
2013460224401,1,9,0,12,0,0,0,0,0,0,0,1,6,3,-1,-1,-1,-1,-1,-1
2013460224401,2,9,0,18,0,0,0,0,1,7,1,1,6,2,4,1149,1,13,8,3
2013460224404,1,9,0,6,0,8,0,0,0,0,2,1,6,1,8,2295,1,15,6,1
2013460224404,2,9,0,18,0,1,1,0,0,0,1,1,6,1,4,973,1,12,8,1
2013460224410,1,9,0,16,0,0,5,0,8,0,1,1,2,2,4,1149,1,8,5,1
2013460224416,1,9,0,9,0,8,0,0,0,0,4,1,2,1,6,-1,-1,-1,5,1
2013460224416,2,9,0,18,0,1,0,0,1,0,1,1,2,1,6,1896,2,10,4,3
2013460224429,1,9,0,18,0,1,1,0,0,0,1,1,2,1,5,1396,1,17,9,2
2013460224429,2,20,0,9,0,6,0,0,0,0,1,1,1,1,6,-1,-1,-1,7,1
2013460224432,1,9,0,18,0,1,0,0,0,0,1,1,6,3,-1,-1,-1,-1,-1,-1
2013460224432,2,9,0,3,0,1,0,0,0,0,2,1,6,2,5,1198,1,6,4,2
2013460224435,1,9,0,12,0,2,0,0,0,0,0,1,1,3,-1,-1,-1,-1,-1,-1
2013460224435,2,11,0,18,0,2,0,0,0,0,0,1,1,2,8,-1,2,15,3,1
2013460224446,1,9,0,18,0,0,1,0,1,4,1,1,1,1,5,-1,-1,-1,1,1
2013460224448,1,9,0,5,0,6,0,0,0,0,1,1,1,2,8,2198,1,7,6,3
2013460224448,2,9,0,16,0,1,0,0,0,0,4,1,6,2,7,-1,-1,-1,7,1
2013460224452,1,9,0,17,0,0,0,0,7,2,1,1,1,2,5,1398,2,4,2,1
2013460224453,1,9,0,18,0,2,1,0,0,0,1,1,6,1,7,2497,2,8,8,3
2013460224453,2,9,0,18,0,1,0,0,0,0,3,1,2,1,7,1896,2,7,6,3
2013460224465,1,9,0,18,0,1,0,0,0,0,1,1,6,3,-1,1796,1,12,-1,-1
2013460224465,2,9,0,3,0,1,0,0,0,0,2,1,6,1,6,1248,1,4,-1,-1
2013460224465,3,9,0,3,0,1,0,0,0,0,2,1,6,1,8,1948,1,14,-1,-1
2013460224474,1,9,0,18,0,0,0,0,0,0,1,1,6,1,7,1998,2,12,2,2
2013460224474,2,9,0,18,0,0,0,0,0,0,2,1,6,1,6,-1,-1,-1,8,3
2013460224474,3,9,0,18,0,0,0,0,0,0,0,1,6,3,-1,-1,-1,-1,-1,-1
2013460224479,1,9,0,18,0,0,0,0,0,0,1,1,1,2,5,1242,1,4,-1,-1
2013460224479,2,9,0,18,0,0,0,0,1,0,1,1,2,2,6,-1,-1,-1,8,1
2013460224479,3,9,0,18,0,0,0,0,0,0,2,1,2,2,6,1299,1,14,4,1
2013460224487,1,9,0,18,0,0,1,0,1,4,1,1,6,1,4,2544,1,13,5,1
2013460224488,1,20,0,18,0,0,0,11,0,0,0,1,1,3,-1,-1,-1,-1,-1,-1
2013460224488,2,9,0,18,0,0,0,11,0,0,1,1,2,1,6,-1,-1,-1,8,1
2013460224488,3,9,0,18,0,0,0,11,0,0,1,1,2,1,9,3800,1,1,2,1
2013460224489,1,9,0,18,0,0,2,0,2,10,4,1,1,1,5,1242,1,5,5,1
2013460224496,1,9,0,18,0,0,0,0,0,0,1,1,6,2,7,1984,1,12,4,1
2013460224496,2,9,0,2,0,0,0,0,0,0,2,1,6,2,5,1124,1,11,3,1
2013460224496,3,9,0,2,0,0,0,0,0,0,3,1,6,3,-1,998,1,15,3,1
2013460224496,4,9,0,2,0,0,0,0,0,0,2,1,6,1,-1,1998,1,8,3,1
2013460224498,1,9,0,14,0,8,0,0,0,0,4,1,1,1,4,-1,-1,-1,9,2
2013460224498,2,9,0,18,0,8,0,0,2,7,3,1,1,1,5,-1,-1,-1,6,1
2013460224498,3,20,0,18,0,5,0,11,7,7,1,1,1,1,6,3199,2,2,5,1
2013460224500,1,9,0,18,0,0,1,0,0,0,1,1,6,2,5,1984,1,10,2,1
2013460224500,2,9,0,4,0,0,0,0,0,0,2,1,6,2,8,1794,1,6,4,1
2013460224501,1,9,0,16,0,0,0,0,0,0,1,1,6,1,-1,-1,-1,-1,-1,-1
2013460224501,2,9,0,17,0,0,0,0,0,0,1,1,6,2,7,1896,2,7,5,1
2013460224506,1,9,0,18,0,4,0,0,3,0,1,1,6,1,6,1149,1,11,5,3
2013460224506,2,9,0,18,0,3,0,0,0,0,1,1,6,2,7,-1,-1,-1,4,2
2013460224508,1,9,0,18,0,0,0,0,0,0,1,1,6,1,6,-1,-1,-1,4,1
2013460224508,2,9,0,3,0,0,0,0,0,0,2,1,6,2,7,1997,2,11,7,1
2013460224514,1,9,0,9,0,8,0,0,0,0,3,1,6,1,7,1596,1,8,1,1
2013460224514,2,9,0,18,0,8,0,0,0,0,1,1,6,1,4,1390,1,14,4,1
2013460224518,1,9,0,18,0,6,0,0,0,0,3,1,6,3,-1,-1,-1,-1,-1,-1
2013460224520,1,9,0,18,0,0,0,0,0,0,1,1,6,2,7,-1,-1,-1,2,1
2013460224522,1,9,0,5,0,8,0,0,0,0,1,1,6,2,7,1399,2,1,9,1
2013460224522,2,11,0,18,0,1,0,0,0,0,1,1,6,1,7,4250,2,9,2,1
2013460224524,1,9,0,16,0,0,1,7,1,10,1,1,1,1,7,1994,2,10,9,2
2013460224524,2,9,0,4,0,0,0,0,0,0,2,1,1,1,7,1997,2,7,1,1
2013460224530,1,9,0,18,0,6,0,0,0,0,4,1,1,3,-1,-1,-1,-1,-1,-1
2013460224537,1,9,0,4,0,1,0,0,0,0,1,1,6,1,6,1968,2,8,2,1
2013460224537,2,9,0,3,0,1,0,0,0,0,2,1,6,2,5,1196,1,17,6,1
2013460224541,1,9,0,4,0,0,1,0,4,6,3,1,6,2,8,1389,1,15,9,1
2013460224542,1,9,0,17,0,0,0,0,0,0,1,1,6,2,-1,-1,-1,-1,-1,-1
2013460224542,2,1,0,16,0,0,0,0,0,0,1,1,6,1,8,-1,-1,-1,3,1
2013460224551,1,9,0,18,0,0,1,0,1,10,1,1,6,1,6,1242,1,13,3,1
2013460224551,2,9,0,15,0,0,0,0,0,0,1,1,6,1,10,1598,1,13,1,1
2013460224556,1,9,0,18,0,0,0,0,0,0,3,1,6,1,8,1997,2,12,8,2
2013460224557,1,9,0,18,0,0,1,0,5,6,3,1,6,1,8,1590,1,15,1,1
2013460224558,1,9,0,4,0,0,0,0,0,0,1,1,6,1,10,-1,-1,-1,4,1
2013460224558,2,9,0,4,0,0,0,0,0,0,2,1,6,2,7,1600,1,13,3,1
2013460224563,1,9,0,18,0,0,0,0,0,0,1,1,6,1,8,1997,2,7,4,1
2013460224565,1,1,0,18,9,0,1,0,1,10,3,1,6,1,-1,-1,-1,-1,-1,-1
2013460224565,2,9,0,1,0,0,0,0,0,0,2,1,6,2,6,1598,1,3,5,1
2013460224566,1,9,0,5,0,1,0,0,0,0,1,1,6,2,7,2987,2,4,1,1
2013460224566,2,9,0,18,0,8,0,0,0,0,3,1,6,1,7,1998,1,14,6,1
2013460224568,1,9,0,18,0,6,5,0,0,0,1,1,6,2,3,1400,1,13,10,1
2013460224568,2,9,0,2,0,2,0,0,0,0,2,1,6,2,9,1390,1,3,9,2
2013460224568,3,9,0,2,0,2,0,0,0,0,2,1,6,2,7,2495,1,10,7,1
2013460224569,1,9,0,18,0,0,0,0,0,0,1,1,6,3,-1,-1,-1,-1,-1,-1
2013460224574,1,9,0,6,0,8,0,0,0,0,2,1,6,1,11,1582,2,1,10,3
2013460224574,2,9,0,18,0,8,0,0,0,0,1,1,6,1,10,1598,1,2,6,1
2013460224577,1,9,0,16,0,0,1,10,2,4,3,1,6,2,4,1397,1,6,8,1
2013460224578,1,9,0,18,0,0,0,7,0,0,1,1,6,1,4,1360,1,12,5,1
2013460224581,1,9,0,17,0,0,1,0,1,4,2,1,6,2,6,1198,1,6,8,1
2013460224584,1,9,0,18,0,1,0,0,1,0,1,1,6,1,8,1360,1,11,5,1
2013460224584,2,9,0,2,9,1,0,0,0,0,2,1,6,2,7,1299,1,9,10,1
2013460224589,1,9,0,18,0,0,0,0,0,0,1,1,6,2,-1,1299,1,12,-1,-1
2013460224600,1,9,0,5,0,1,0,0,0,0,1,1,6,1,7,1997,2,11,1,1
2013460224600,2,1,0,5,0,1,0,0,0,0,1,1,1,2,4,-1,-1,-1,1,1
2013460224608,1,19,0,18,0,1,0,0,0,0,1,1,1,1,6,1598,2,2,10,1
2013460224608,2,9,0,18,0,1,0,0,0,0,2,1,6,2,9,1598,1,10,10,1
2013460224613,1,9,0,9,0,1,0,0,0,0,1,1,6,3,-1,-1,-1,-1,-1,-1
2013460224613,2,3,0,18,0,1,0,0,0,0,2,1,6,1,7,124,1,1,6,1
2013460224615,1,9,0,9,0,8,0,0,0,0,1,1,4,1,4,973,1,13,6,3
2013460224615,2,9,0,18,0,1,0,0,0,0,1,1,6,2,10,989,1,4,7,3
2013460224616,1,19,0,18,0,2,5,0,1,4,1,1,1,1,6,2198,2,1,-1,-1
2013460224616,2,9,0,18,0,1,0,0,0,0,0,1,6,3,-1,-1,-1,-1,-1,-1
2013460224620,1,9,0,16,0,0,5,0,7,4,1,1,2,2,5,1598,1,7,8,2
2013460224622,1,9,0,17,0,8,0,0,0,0,1,1,6,2,10,1783,1,10,6,1
2013460224622,2,9,0,4,0,8,0,0,0,0,3,1,6,1,7,1986,1,21,4,1
2013460224631,1,9,0,18,0,1,0,0,0,0,1,1,1,1,8,1984,1,12,-1,-1
2013460224631,2,9,0,9,0,1,0,0,0,0,2,1,1,1,8,-1,-1,-1,10,1
2013460224634,1,9,0,18,0,0,0,0,0,0,1,1,6,1,11,2231,2,7,-1,-1
2013460224634,2,9,0,4,0,0,0,0,0,0,2,1,6,2,9,1999,1,9,8,2
2013460224635,1,9,0,18,0,0,0,12,1,0,1,1,6,1,10,1998,2,5,10,1
2013460224635,2,9,0,18,0,0,0,12,0,0,1,1,6,1,6,1968,2,1,9,1
2013460224639,1,9,0,18,0,1,0,0,0,0,1,1,6,1,9,1994,2,9,5,1
2013460224639,2,9,0,3,0,1,0,0,0,0,2,1,6,1,8,1896,2,13,2,1
2013460224640,1,9,0,7,0,1,0,0,0,0,1,1,6,2,4,1149,1,8,-1,-1
2013460224640,2,9,0,8,0,1,0,0,0,0,1,1,6,1,9,1595,1,12,-1,-1
2013460224643,1,4,0,18,0,0,0,0,0,0,3,1,6,1,8,1199,1,12,8,3
2013460224643,2,9,0,18,0,0,2,0,0,0,2,1,1,1,8,1398,1,2,7,1
2013460224646,1,9,0,10,0,1,0,0,0,0,2,1,2,2,7,1388,1,10,10,1
2013460224646,2,20,0,3,0,1,0,0,0,0,2,1,1,1,7,-1,-1,-1,9,1
2013460224646,3,9,0,3,0,1,1,0,0,0,1,1,2,1,8,1598,1,9,8,1
2013460224647,1,9,0,9,0,5,0,0,0,0,4,1,6,2,4,1397,1,14,9,3
2013460224647,2,1,0,18,0,1,0,0,0,0,1,1,6,1,8,-1,-1,-1,7,1
2013460224655,1,21,1,12,0,0,3,0,1,6,3,2,1,1,7,-1,-1,-1,-1,-1
2013460224655,2,9,0,18,0,0,0,0,2,6,4,1,6,1,9,1598,1,10,8,2
2013460224656,1,9,0,18,0,0,0,0,0,0,1,1,6,2,7,1560,2,6,5,2
2013460224656,2,9,0,18,0,0,0,0,0,0,2,1,6,1,6,1396,1,14,7,3
2013460224657,1,9,0,17,0,3,0,10,0,0,4,1,6,1,8,1975,1,11,-1,-1
2013460224659,1,21,1,12,0,0,0,0,0,0,3,2,1,1,7,-1,-1,-1,-1,-1
2013460224659,2,9,0,18,0,0,5,0,0,0,4,1,2,2,8,1587,1,12,7,1
2013460224662,1,11,0,18,0,0,0,0,0,0,0,1,6,2,9,9000,2,3,7,2
2013460224663,1,9,0,9,0,8,0,0,0,0,4,1,1,2,7,1997,2,5,4,1
2013460224663,2,9,0,18,0,8,1,0,0,0,1,1,2,2,8,1598,1,13,2,1
2013460224668,1,3,0,4,0,0,1,0,0,0,3,1,2,2,7,125,1,2,5,1
2013460224672,1,9,0,18,0,0,0,0,0,0,1,1,6,2,5,1299,1,6,4,1
2013460224672,2,21,0,18,0,0,0,0,0,0,3,1,6,1,9,12419,2,3,2,1
2013460224673,1,9,0,18,0,0,0,0,0,0,1,1,6,2,6,-1,-1,-1,9,1
2013460224673,2,9,0,18,0,0,0,0,0,0,2,1,3,1,6,2199,2,-1,7,1
2013460224673,3,9,0,18,0,0,0,0,0,0,2,1,6,2,6,-1,-1,-1,8,3
2013460224676,1,9,0,9,0,1,0,0,0,0,2,1,1,1,5,-1,-1,-1,6,1
2013460224676,2,9,0,18,0,1,0,0,0,0,1,1,6,1,10,1998,1,10,8,3
2013460224679,1,9,0,7,0,6,0,0,0,0,1,1,6,2,7,2776,2,6,1,3
2013460224679,2,9,0,18,0,8,0,4,0,0,3,1,1,2,5,-1,-1,-1,2,3
2013460224679,3,19,0,2,0,2,0,0,0,0,4,1,6,1,7,-1,-1,-1,2,1
2013460224681,1,1,0,18,0,0,0,0,0,0,4,1,6,1,4,-1,-1,-1,1,1
2013460224681,2,19,0,18,0,0,1,0,0,0,1,1,1,1,8,-1,-1,-1,5,1
2013460224684,1,9,0,11,0,0,1,0,1,0,2,1,6,2,9,1399,2,8,9,1
2013460224684,2,21,0,18,0,0,0,0,0,0,3,1,1,1,7,4461,2,2,2,1
2013460224689,1,9,0,18,0,0,5,0,0,0,1,1,6,1,7,1956,2,1,9,1
2013460224690,1,9,0,18,0,2,0,0,0,0,1,1,6,2,6,2199,2,1,6,2
2013460224690,2,9,0,18,0,8,0,0,0,0,4,1,6,2,7,1598,1,9,10,2
2013460224694,1,9,0,9,0,8,0,0,0,0,1,1,6,2,5,1299,1,11,4,1
2013460224694,2,9,0,18,0,1,0,0,0,0,1,1,6,2,4,1796,1,13,1,1
2013460224694,3,9,0,10,0,1,0,0,0,0,1,1,6,2,6,1796,1,7,5,1
2013460224695,1,9,0,9,0,8,0,0,0,0,3,1,6,2,5,1299,1,11,5,1
2013460224695,2,9,0,18,0,8,0,0,0,0,1,1,6,1,7,-1,-1,-1,10,1
2013460224697,1,9,0,5,0,4,0,0,0,0,1,1,6,1,5,2500,2,22,4,3
2013460224697,2,9,0,9,0,3,0,0,0,0,2,1,6,1,8,1995,2,4,5,1
2013460224699,1,9,0,18,0,0,0,0,0,0,0,1,6,3,-1,-1,-1,-1,-1,-1
2013460224699,2,2,0,18,0,0,0,0,0,0,1,1,6,1,4,49,1,6,5,1
2013460224699,3,9,0,2,0,0,0,0,0,0,2,1,6,1,9,-1,-1,-1,1,1
2013460224705,1,9,0,6,0,1,0,0,0,0,3,1,6,1,10,1598,1,6,8,1
2013460224705,2,2,0,13,0,1,0,0,0,0,1,1,6,1,4,49,1,1,1,1
2013460224709,1,19,0,18,0,1,0,0,0,0,1,1,6,1,6,2198,2,2,8,2
2013460224709,2,9,0,18,0,1,0,0,0,0,1,1,6,1,8,1870,2,9,1,3
2013460224712,1,9,0,7,0,8,0,0,0,0,2,1,6,1,6,1896,2,12,10,1
2013460224712,2,9,0,18,0,1,0,0,0,0,1,1,6,1,5,1968,2,1,10,1
2013460224715,1,9,0,9,0,6,0,0,0,0,1,1,6,2,11,1086,1,6,7,3
2013460224715,2,9,0,18,0,8,0,0,0,0,4,1,6,2,8,2776,2,7,7,3
2013460224719,1,9,0,18,0,4,0,0,0,0,1,1,6,2,7,1598,1,12,4,3
2013460224719,2,9,0,18,0,8,0,0,0,0,4,1,6,1,5,1398,1,3,7,1
2013460224720,1,9,0,1,0,0,0,0,0,0,2,1,6,2,10,1396,1,10,2,1
2013460224723,1,9,0,18,0,0,0,0,0,0,1,1,6,1,5,1994,1,15,8,1
2013460224723,2,9,0,18,0,0,0,0,0,0,1,1,1,2,6,1796,1,7,8,1
2013460224726,1,1,0,18,0,0,0,0,0,0,0,1,6,1,5,-1,-1,-1,-1,-1
2013460224726,2,9,0,2,0,0,0,0,0,0,3,1,6,1,7,1988,1,11,4,1
2013460224727,1,9,0,18,0,0,0,0,0,0,1,1,6,1,5,1587,1,6,2,1
2013460224727,2,9,0,4,0,0,0,0,0,0,2,1,6,2,8,1149,1,9,3,1
2013460224729,1,9,0,1,0,1,0,0,0,0,2,1,6,2,6,1299,1,5,9,2
2013460224729,2,9,0,3,0,1,0,0,0,0,1,1,6,1,6,1364,1,7,1,1
2013460224731,1,8,0,18,0,3,0,0,0,0,4,1,1,1,8,2148,2,4,5,1
2013460224731,2,9,4,18,0,3,0,0,0,0,3,1,6,1,7,1461,2,3,-1,-1
2013460224734,1,21,0,11,0,8,0,0,0,0,3,1,1,1,9,11946,2,1,10,2
2013460224734,2,9,0,18,0,8,0,0,0,0,2,1,6,2,8,1769,1,13,2,1
2013460224736,1,9,0,16,0,0,0,0,0,0,0,1,6,1,7,1798,1,5,6,1
2013460224738,1,9,0,12,0,8,0,0,0,0,3,1,6,3,-1,-1,-1,-1,-1,-1
2013460224738,2,9,0,3,0,8,0,0,0,0,4,1,6,1,4,1396,1,15,4,1
2013460224740,1,9,0,5,0,6,0,0,0,0,1,1,6,1,6,1560,2,-1,8,2
2013460224740,2,9,0,18,0,1,0,0,0,0,4,1,6,2,6,1124,1,6,-1,-1
2013460224745,1,9,0,18,0,6,0,0,0,0,1,1,6,1,11,1797,8,1,7,1
2013460224745,2,9,0,18,0,8,0,0,0,0,4,1,6,2,4,1790,1,16,6,1
2013460224752,1,10,0,18,0,2,0,0,0,0,4,1,6,1,7,-1,-1,-1,10,3
2013460224759,1,9,0,9,0,1,0,0,0,0,1,1,6,1,7,1461,2,9,10,3
2013460224759,2,1,0,18,0,1,0,0,0,0,4,1,6,1,8,-1,-1,-1,6,1
2013460224762,1,20,0,18,0,0,0,0,0,0,1,1,6,2,-1,-1,-1,-1,2,1
2013460224762,2,9,0,18,0,0,0,0,0,0,2,1,1,2,7,1390,1,8,4,1
2013460224763,1,9,0,9,0,8,0,0,0,0,0,1,6,3,-1,-1,-1,-1,-1,-1
2013460224763,2,11,0,5,0,1,1,0,0,0,0,1,1,1,8,5900,2,13,2,1
2013460224765,1,9,0,18,0,8,0,0,0,0,4,1,6,3,-1,1388,1,3,-1,-1
2013460224765,2,9,0,18,0,8,0,0,0,0,3,1,2,2,5,973,1,13,10,1
2013460224767,1,9,0,18,0,0,0,0,0,0,1,1,6,2,8,1997,2,7,10,2
2013460224767,2,9,0,18,0,0,0,0,0,0,2,1,6,2,7,1368,1,6,8,3
2013460224772,1,19,0,14,0,0,0,0,0,0,1,1,1,1,7,1870,2,9,8,2
2013460224772,2,9,0,18,0,0,1,0,0,0,1,1,6,2,4,1360,1,12,9,3
2013460224772,3,9,0,2,0,0,0,0,0,0,0,1,6,3,-1,-1,-1,-1,-1,-1
2013460224774,1,9,0,18,0,1,1,10,2,4,3,1,2,1,5,1229,1,7,7,2
2013460224777,1,9,0,11,0,5,1,0,0,0,1,1,6,1,7,1390,1,7,9,1
2013460224777,2,9,0,16,0,5,0,0,2,6,2,1,1,1,8,1995,2,5,3,1
2013460224781,1,9,0,18,0,1,0,0,0,0,4,1,6,3,-1,-1,-1,-1,-1,-1
2013460224786,1,9,0,9,0,1,0,0,0,0,1,1,6,3,-1,-1,-1,-1,-1,-1
2013460224786,2,3,0,18,0,1,0,0,0,0,1,1,1,1,6,125,1,2,1,1
2013460224787,1,9,0,18,0,1,1,0,0,0,1,1,2,1,5,1587,1,17,-1,-1
2013460224787,2,9,0,7,0,7,0,0,0,0,2,1,2,1,7,-1,-1,-1,-1,-1
2013460224788,1,9,0,7,0,5,1,0,1,4,1,1,1,2,5,1229,1,8,2,1
2013460224796,1,9,0,18,0,0,1,0,0,0,1,1,6,2,6,1994,2,10,7,1
2013460224796,2,9,0,4,0,0,0,0,0,0,2,1,6,2,8,1834,1,13,3,1
2013460224799,1,9,0,18,0,0,0,0,0,0,1,1,6,1,11,1986,1,21,6,1
2013460224799,2,9,0,18,0,0,0,0,0,0,2,1,1,1,9,1968,2,1,10,2
2013460224800,1,9,0,3,0,1,0,0,0,0,1,1,6,2,8,1598,1,4,4,3
2013460224800,2,9,0,18,0,8,0,0,0,0,4,1,6,1,7,2495,2,24,4,2
2013460224804,1,5,0,16,0,1,0,0,7,9,1,1,6,1,8,1050,1,-1,6,3
2013460224807,1,19,0,18,0,0,1,0,1,7,4,1,1,1,5,2299,2,3,6,2
2013460224809,1,21,0,12,0,1,0,0,0,0,3,2,1,1,7,-1,-1,-1,-1,-1
2013460224809,2,9,0,18,0,1,0,0,0,0,4,1,6,1,7,1762,1,14,10,1
2013460224809,3,4,0,18,0,1,0,0,0,0,3,1,2,1,9,124,1,1,3,1
2013460224812,1,9,0,18,0,0,0,0,0,0,0,1,6,3,-1,-1,-1,-1,-1,-1
2013460224812,2,9,0,18,0,0,1,0,1,3,1,1,6,2,5,1195,1,16,6,3
2013460224813,1,9,0,18,6,0,1,0,1,7,1,1,1,2,6,1242,1,13,5,1
2013460224814,1,9,0,18,0,1,1,0,0,0,1,1,6,1,5,1781,1,13,10,3
2013460224814,2,9,0,9,0,5,0,0,0,0,4,1,6,2,5,1596,1,5,8,1
2013460224814,3,9,0,3,0,1,0,0,0,0,3,1,6,2,5,1328,1,4,8,1
2013460224816,1,9,0,11,0,8,0,0,0,0,1,1,6,3,-1,-1,-1,-1,-1,-1
2013460224816,2,9,0,9,0,8,0,0,0,0,2,1,6,2,6,1149,1,14,3,1
2013460224818,1,9,0,4,0,0,0,0,0,0,1,1,2,1,7,1299,1,14,6,1
2013460224818,2,9,0,4,0,0,0,0,0,0,2,1,2,2,8,1988,1,10,9,1
2013460224818,3,19,0,4,0,0,0,0,0,0,2,1,1,1,9,1598,1,5,-1,-1
2013460224818,4,9,0,4,0,0,0,0,7,4,1,1,2,1,6,2922,1,16,2,1
2013460224819,1,5,0,18,0,1,0,0,0,0,3,1,6,1,6,599,1,13,2,1
2013460224822,1,9,0,18,0,1,1,10,0,0,4,1,2,1,4,-1,-1,-1,10,1
2013460224822,2,9,0,18,0,2,0,0,0,0,1,1,6,2,6,1870,2,11,2,1
2013460224825,1,9,0,18,9,1,5,10,1,10,3,1,6,1,5,1587,1,13,2,1
2013460224826,1,5,0,16,0,7,1,0,4,6,1,1,1,1,6,1052,1,23,6,1
2013460224827,1,9,0,7,0,8,0,0,0,0,2,1,3,2,7,1598,1,9,3,1
2013460224827,2,1,0,18,0,2,0,0,0,0,1,1,6,1,7,-1,-1,-1,1,1
2013460224828,1,9,0,13,0,0,1,0,0,0,4,1,6,1,4,1589,2,22,1,1
2013460224828,2,11,0,18,0,0,0,0,0,0,3,1,1,1,8,11967,2,4,2,1
2013460224828,3,9,0,18,0,0,0,0,0,0,3,1,6,2,7,1390,1,8,2,2
2013460224830,1,3,0,4,0,0,1,0,0,0,4,1,6,1,4,125,1,2,5,1
2013460224830,2,9,0,18,0,0,0,0,0,0,0,1,1,1,7,1968,2,2,9,1
2013460224832,1,9,0,18,0,0,0,0,0,0,1,1,6,3,-1,-1,-1,-1,-1,-1
2013460224832,2,9,0,18,0,0,0,0,0,0,2,1,6,1,6,799,2,3,8,1
2013460224833,1,21,0,12,0,8,0,0,0,0,3,1,1,1,10,11967,2,5,8,1
2013460224833,2,9,0,18,0,8,1,0,0,0,4,1,6,1,10,1598,1,16,9,1
2013460224835,1,-1,0,1,9,0,0,0,0,0,2,1,6,3,-1,-1,-1,-1,-1,-1
2013460224838,1,9,0,18,0,0,1,0,1,4,1,1,6,1,5,1910,2,3,7,3
2013460224840,1,9,0,9,0,6,0,0,0,0,1,1,6,3,-1,1200,1,11,-1,-1
2013460224840,2,9,0,10,0,1,0,0,7,0,2,1,6,2,5,1598,1,8,8,1
2013460224847,1,9,0,4,0,1,0,0,0,0,1,1,6,1,5,1149,1,13,6,3
2013460224847,2,9,0,3,0,1,0,0,0,0,2,1,6,1,7,1598,1,8,-1,-1
2013460224849,1,9,0,17,0,4,5,10,7,2,3,1,6,3,-1,-1,-1,-1,-1,-1
2013460224851,1,9,0,18,0,2,0,0,0,0,1,1,2,1,6,2435,1,12,8,1
2013460224853,1,3,0,4,0,1,1,0,0,0,1,1,2,1,5,125,1,1,2,1