Accident_Index,Vehicle_Reference,Vehicle_Type,Towing_and_Articulation,Vehicle_Manoeuvre,Vehicle_Location-Restricted_Lane,Junction_Location,Skidding_and_Overturning,Hit_Object_in_Carriageway,Vehicle_Leaving_Carriageway,Hit_Object_off_Carriageway,1st_Point_of_Impact,Was_Vehicle_Left_Hand_Drive?,Journey_Purpose_of_Driver,Sex_of_Driver,Age_Band_of_Driver,Engine_Capacity_(CC),Propulsion_Code,Age_of_Vehicle,Driver_IMD_Decile,Driver_Home_Area_Type
2013460225328,2,9,0,9,0,8,0,0,0,0,3,1,2,1,7,1229,1,1,9,1
2013460225329,1,21,1,18,0,0,3,11,1,7,0,1,1,1,7,-1,-1,-1,-1,-1
2013460225331,1,9,0,11,0,0,0,0,7,6,4,1,1,2,8,1995,2,1,10,1
2013460225331,2,9,0,18,0,0,0,0,7,7,3,1,1,1,6,1868,2,11,5,1
2013460225334,1,4,0,18,0,1,1,0,0,0,3,1,6,1,4,645,1,4,4,1
2013460225334,2,9,0,18,0,1,1,0,7,10,2,1,2,1,9,2295,1,12,5,1
2013460225336,1,4,0,18,0,0,0,0,0,0,4,1,6,1,8,198,1,11,-1,-1
2013460225337,1,9,0,17,0,0,0,0,0,0,1,1,6,1,5,1149,1,13,10,1
2013460225337,2,8,0,16,0,0,0,0,0,0,1,1,1,1,9,1896,2,6,3,1
2013460225343,1,9,0,11,0,0,0,0,0,0,4,1,6,2,8,1796,1,12,6,1
2013460225343,2,9,0,18,0,0,0,0,0,0,3,1,6,1,7,1248,1,1,7,2
2013460225345,1,9,0,9,0,8,0,0,0,0,1,1,6,1,10,1598,1,14,2,1
2013460225345,2,1,0,18,0,8,0,0,0,0,3,1,6,1,5,-1,-1,-1,2,1
2013460225346,1,9,0,4,0,0,0,0,0,0,1,1,6,1,6,-1,-1,-1,5,2
2013460225346,2,9,0,3,0,0,1,0,0,0,2,1,6,2,5,1988,1,12,10,1
2013460225347,1,9,0,9,0,0,0,0,0,0,1,1,2,2,8,1299,1,7,-1,-1
2013460225347,2,3,0,15,0,0,0,0,0,0,3,1,6,1,6,124,1,11,-1,-1
2013460225353,1,3,0,18,0,0,0,0,0,0,1,1,6,3,-1,-1,-1,-1,-1,-1
2013460225353,2,9,0,4,0,0,0,0,0,0,2,1,6,1,7,1796,1,7,5,1
2013460225358,1,9,0,3,0,1,0,0,0,0,1,1,6,1,10,-1,-1,-1,8,1
2013460225358,2,9,0,3,0,1,0,0,0,0,2,1,6,2,7,1998,1,9,9,2
2013460225360,1,21,0,4,0,6,0,0,0,0,2,2,6,1,6,-1,-1,-1,-1,-1
2013460225360,2,5,0,18,0,6,0,0,0,0,1,1,6,1,6,645,1,7,1,1
2013460225361,1,3,0,9,0,8,1,0,0,0,4,1,6,1,5,125,1,13,9,1
2013460225363,1,9,0,18,0,3,1,0,2,7,1,1,6,2,5,1598,1,9,9,1
2013460225367,1,9,0,18,0,1,2,0,7,10,3,1,1,2,7,996,1,1,5,3
2013460225369,1,9,0,5,0,4,0,0,0,0,1,1,6,2,11,1968,2,2,9,1
2013460225369,2,5,0,18,0,8,0,0,0,0,4,1,6,1,9,595,1,6,5,1
2013460225370,1,9,0,18,0,1,1,7,7,1,1,1,1,1,9,3996,1,14,8,1
2013460225375,1,1,0,18,0,1,0,0,0,0,3,1,4,1,2,-1,-1,-1,5,1
2013460225375,2,9,0,18,0,1,0,0,0,0,1,1,6,2,6,1399,2,3,4,1
2013460225376,1,11,0,4,0,2,0,0,0,0,0,1,1,1,8,9600,2,16,4,1
2013460225376,2,9,0,4,0,2,0,0,0,0,0,1,6,3,-1,-1,-1,-1,-1,-1
2013460225377,1,9,0,18,0,0,1,0,0,0,1,1,6,1,5,1796,1,10,5,3
2013460225377,2,9,0,3,0,0,0,0,0,0,2,1,6,1,6,1596,1,10,1,1
2013460225378,1,9,0,17,0,0,1,0,7,4,4,1,1,1,8,2198,1,12,10,2
2013460225381,1,1,0,18,0,0,0,0,0,0,1,1,6,1,6,-1,-1,-1,-1,-1
2013460225381,2,9,0,18,0,0,0,0,0,0,4,1,6,2,7,1560,2,1,4,1
2013460225382,1,9,0,11,0,8,0,0,0,0,1,1,6,1,4,1199,1,11,8,1
2013460225382,2,9,0,18,0,1,0,0,8,6,4,1,6,2,6,1992,2,5,6,1
2013460225382,3,9,0,18,0,1,0,0,0,0,1,1,6,2,4,998,1,15,4,1
2013460225387,1,9,0,18,0,0,0,0,0,0,1,1,6,1,7,1781,1,10,6,3
2013460225388,1,21,0,12,0,0,0,0,0,0,3,1,1,1,9,-1,-1,-1,-1,-1
2013460225388,2,9,0,18,0,0,2,0,1,0,4,1,6,1,8,1968,2,7,5,3
2013460225390,1,9,0,18,0,0,1,0,1,6,1,1,6,2,5,4008,1,16,7,1
2013460225391,1,9,0,18,6,0,2,0,1,1,1,1,6,2,5,1598,1,10,5,1
2013460225392,1,9,0,18,0,8,1,0,3,10,1,1,6,1,11,1997,1,12,7,1
2013460225393,1,9,0,4,0,1,0,0,0,0,1,1,6,2,8,2254,1,13,7,3
2013460225393,2,9,0,4,0,1,0,0,0,0,2,1,6,1,9,1598,1,2,8,1
2013460225395,1,9,0,18,0,0,1,4,0,0,1,1,6,2,9,1840,1,11,4,3
2013460225395,2,9,0,2,0,0,0,0,0,0,1,1,6,1,9,1781,1,13,4,2
2013460225400,1,9,0,18,0,0,1,0,7,0,3,1,6,1,4,1242,1,8,10,2
2013460225400,2,9,0,18,0,0,0,0,0,0,3,1,6,1,7,2295,1,13,8,2
2013460225401,1,9,0,9,0,4,0,0,0,0,1,1,1,1,5,-1,-1,-1,8,2
2013460225401,2,9,0,18,0,3,0,0,0,0,4,1,1,2,9,1598,1,10,2,1
2013460225409,1,19,0,18,0,0,0,0,0,0,4,1,6,1,6,1998,2,12,5,1
2013460225409,2,1,0,18,0,0,0,0,0,0,3,1,6,2,6,-1,-1,-1,4,1
2013460225412,1,9,0,18,0,0,0,0,0,0,1,1,6,2,8,1997,2,6,4,1
2013460225413,1,9,0,6,0,0,0,0,0,0,3,1,2,1,5,1995,1,5,-1,-1
2013460225413,2,3,0,14,0,0,0,0,0,0,1,1,2,1,5,125,1,1,2,1
2013460225414,1,9,0,18,0,3,0,0,0,0,4,1,6,2,7,1275,1,16,5,1
2013460225414,2,2,0,9,0,8,0,0,0,0,3,1,2,2,8,49,1,4,8,1
2013460225416,1,9,0,9,0,8,0,0,0,0,1,1,6,1,11,1598,1,7,5,3
2013460225416,2,9,0,18,0,1,0,0,0,0,1,1,6,1,8,1399,2,2,2,1
2013460225418,1,9,0,18,0,1,0,0,0,0,1,1,6,1,5,1596,1,8,6,1
2013460225418,2,9,0,4,0,1,0,0,0,0,2,1,6,1,7,1398,2,10,2,1
2013460225419,1,9,0,18,0,0,0,0,0,0,1,1,6,2,6,1796,1,10,4,1
2013460225421,1,9,0,18,0,5,1,0,2,7,3,1,2,1,8,1299,1,5,6,1
2013460225421,2,9,0,18,0,5,0,0,0,0,4,1,2,1,7,2143,2,2,8,1
2013460225421,3,9,0,18,0,5,0,1,0,0,1,1,2,2,5,1598,1,4,9,1
2013460225422,1,9,0,17,0,0,0,0,0,0,1,1,6,1,5,-1,-1,-1,-1,-1
2013460225426,1,21,0,18,6,0,0,4,0,0,1,2,1,1,7,-1,-1,-1,-1,-1
2013460225426,2,21,0,2,6,0,0,0,0,0,2,1,1,1,7,-1,-1,-1,-1,-1
2013460225426,3,21,0,2,6,0,0,0,0,0,4,1,1,1,10,-1,-1,-1,-1,-1
2013460225426,4,21,0,2,6,0,0,0,0,0,4,1,1,1,9,-1,-1,-1,-1,-1
2013460225427,1,9,0,7,0,8,0,0,0,0,3,1,6,2,6,1242,1,1,2,1
2013460225427,2,9,0,18,0,8,0,0,0,0,1,1,2,2,8,1689,2,11,7,3
2013460225435,1,9,0,12,0,8,0,0,0,0,3,1,6,2,8,2295,1,12,8,2
2013460225435,2,9,0,11,0,8,0,0,0,0,1,1,6,1,6,3239,1,17,7,1
2013460225439,1,9,0,9,0,6,0,0,0,0,0,1,6,1,9,1086,1,4,6,3
2013460225439,2,9,0,18,0,1,0,0,0,0,2,1,6,1,5,1999,1,8,6,1
2013460225439,3,9,0,3,0,1,0,0,0,0,2,1,6,1,5,1796,1,6,6,2
2013460225445,1,4,0,18,0,0,0,0,0,0,0,1,6,1,6,599,1,1,3,1
2013460225452,1,9,0,18,0,0,1,0,0,0,1,1,6,2,4,796,1,13,2,1
2013460225452,2,20,0,18,0,0,1,0,1,0,3,1,1,1,8,4580,2,4,4,1
2013460225453,1,9,0,7,0,4,5,7,3,10,2,1,6,1,11,1590,1,9,9,2
2013460225458,1,9,0,5,0,0,0,0,0,0,4,1,6,2,6,1399,2,9,5,1
2013460225458,2,9,0,18,0,0,0,0,0,0,3,1,2,1,8,1997,2,1,4,1
2013460225458,3,9,0,2,0,0,0,0,0,0,2,1,6,1,8,998,1,5,4,1
2013460225459,1,9,0,18,0,0,0,0,0,0,1,1,1,2,4,1299,1,9,5,1
2013460225463,1,1,0,18,0,0,0,0,0,0,1,1,6,1,6,-1,-1,-1,-1,-1
2013460225464,1,5,0,18,0,2,0,0,0,0,0,1,2,1,8,645,1,6,7,2
2013460225467,1,20,0,18,0,1,0,0,0,0,1,1,6,1,7,-1,-1,-1,5,2
2013460225467,2,9,0,9,0,1,0,0,0,0,3,1,6,1,11,1796,1,6,10,3
2013460225474,1,9,0,18,0,1,0,0,0,0,1,1,6,1,7,1198,1,5,3,1
2013460225475,1,11,0,18,0,0,0,0,0,0,3,1,1,1,8,3900,2,10,2,1
2013460225475,2,9,0,18,0,0,0,0,1,9,3,1,2,1,7,2143,2,3,10,1
2013460225477,1,9,0,18,0,1,0,0,7,2,1,1,6,1,11,1390,1,3,10,1
2013460225479,1,19,0,4,0,0,0,0,0,0,1,1,6,1,5,3920,2,5,10,1
2013460225479,2,9,0,4,0,0,0,0,0,0,2,1,6,2,8,1968,2,3,8,3
2013460225479,3,9,0,4,0,0,0,0,0,0,2,1,6,2,8,1596,1,6,8,1
2013460225479,4,9,0,4,0,0,0,0,0,0,2,1,6,1,9,1598,2,2,8,1
2013460225483,1,9,0,7,0,6,0,0,1,0,3,1,6,1,11,1587,1,7,7,2
2013460225483,2,9,0,18,0,8,0,0,3,0,1,1,6,1,8,1975,1,12,5,2
2013460225486,1,9,0,4,0,0,1,0,1,0,3,1,1,1,7,1596,1,2,7,1
2013460225486,2,9,0,4,0,0,1,0,0,0,3,1,1,1,8,2720,2,8,4,1
2013460225487,1,9,0,18,0,1,0,0,0,0,1,2,6,2,6,-1,-1,-1,2,1
2013460225487,2,9,0,18,0,2,0,0,0,0,1,1,1,2,9,1294,1,22,6,3
2013460225488,1,9,0,18,0,4,0,0,0,0,1,1,6,2,5,1995,2,14,8,1
2013460225488,2,9,0,9,0,8,0,0,0,0,4,1,6,2,7,1587,1,6,-1,-1
2013460225488,3,9,0,3,0,1,0,0,0,0,3,1,6,1,8,1560,2,2,9,1
2013460225489,1,8,0,18,0,0,1,0,0,0,1,1,1,1,8,1896,2,4,8,1
2013460225489,2,17,0,18,0,0,0,0,0,0,2,1,1,1,6,-1,2,7,5,1
2013460225491,1,21,0,12,0,0,0,0,0,0,3,1,1,1,9,-1,-1,-1,-1,-1
2013460225491,2,9,0,13,0,0,0,0,2,7,4,1,1,1,5,1398,1,1,9,2
2013460225492,1,19,0,1,0,0,0,0,0,0,1,1,6,1,6,1560,2,2,-1,-1
2013460225492,2,2,0,3,0,0,0,0,0,0,2,1,6,2,4,-1,-1,-1,8,1
2013460225495,1,9,0,18,0,0,1,0,7,10,1,1,6,1,6,2494,1,15,7,2
2013460225500,1,11,0,5,0,0,0,0,0,0,4,1,1,1,8,3900,2,9,-1,-1
2013460225503,1,9,0,18,0,0,0,0,0,0,2,1,6,2,-1,-1,-1,-1,-1,-1
2013460225503,2,2,0,18,0,0,0,0,0,0,1,1,1,1,4,49,1,8,8,1
2013460225506,1,9,0,18,0,8,0,0,0,0,1,1,6,1,8,-1,-1,-1,7,1
2013460225506,2,5,0,4,0,8,0,0,0,0,2,1,6,1,8,599,1,8,8,1
2013460225508,1,9,0,18,0,8,0,0,0,0,1,1,6,1,6,1595,1,6,2,1
2013460225508,2,9,0,18,0,8,0,0,0,0,2,1,6,2,4,1124,1,11,9,1
2013460225511,1,9,0,18,0,8,0,0,0,0,1,1,6,1,6,1896,2,11,6,1
2013460225511,2,10,0,2,0,8,0,0,1,0,2,1,6,3,-1,-1,-1,-1,7,1
2013460225511,3,9,0,2,0,8,0,0,0,0,1,1,6,1,-1,1299,1,9,3,1
2013460225512,1,9,0,18,0,0,0,0,0,0,1,1,2,1,4,973,1,10,8,1
2013460225512,2,9,0,3,0,0,0,0,0,0,2,1,6,2,4,1149,1,9,8,3
2013460225513,1,9,0,18,0,0,1,0,0,0,1,1,1,1,7,1598,2,1,8,3
2013460225513,2,9,0,18,0,0,0,0,0,0,2,1,1,1,6,-1,-1,-1,1,1
2013460225513,3,9,0,18,0,0,0,0,0,0,2,1,1,2,8,1910,2,4,5,2
2013460225516,1,11,0,9,0,5,0,0,0,0,0,1,1,1,8,-1,-1,-1,4,1
2013460225518,1,3,0,18,0,8,1,0,0,0,0,1,6,1,9,102,1,8,7,3
2013460225520,1,9,0,16,0,0,2,10,1,0,4,1,6,1,4,1199,1,10,-1,-1
2013460225525,1,19,0,18,0,8,0,0,0,0,0,1,6,3,-1,-1,-1,-1,-1,-1
2013460225525,2,9,0,18,0,8,2,0,7,10,4,1,1,1,4,-1,-1,-1,7,2
2013460225528,1,9,0,18,0,1,0,0,0,0,1,1,6,3,-1,1781,1,12,-1,-1
2013460225528,2,19,0,3,0,1,0,0,0,0,2,1,2,1,4,1995,2,5,7,2
2013460225529,1,5,0,9,0,8,1,0,0,0,1,1,6,1,6,-1,-1,-1,9,1
2013460225529,2,9,0,3,0,1,0,0,0,0,1,1,2,2,8,998,1,2,2,1
2013460225533,1,9,0,18,0,0,0,0,0,0,1,1,6,2,7,1360,1,6,6,1
2013460225535,1,9,0,17,0,0,0,0,1,10,3,1,6,1,6,1896,2,13,9,3
2013460225535,2,9,0,17,0,0,0,0,0,0,0,1,1,1,7,1968,2,3,-1,-1
2013460225536,1,3,0,16,0,0,1,10,7,10,1,1,6,1,5,124,1,1,9,1
2013460225541,1,9,0,13,0,0,0,0,0,0,3,1,1,1,5,2993,2,1,6,1
2013460225541,2,9,0,13,0,0,0,0,7,3,1,1,2,1,7,4172,1,9,5,1
2013460225543,1,9,0,18,0,0,0,0,0,0,2,1,6,3,-1,-1,-1,-1,-1,-1
2013460225543,2,9,0,18,0,0,1,0,0,0,1,1,6,2,6,1753,2,10,7,3
2013460225545,1,9,0,4,0,0,1,0,0,0,1,1,1,1,6,1124,1,11,3,1
2013460225545,2,5,0,4,0,0,0,2,1,7,4,1,1,2,7,781,1,11,3,1
2013460225548,1,5,0,4,0,5,0,0,1,7,3,1,6,1,7,656,1,3,6,1
2013460225551,1,1,0,18,0,1,1,0,0,0,1,1,6,1,6,-1,-1,-1,3,1
2013460225551,2,9,0,18,0,8,0,0,0,0,4,1,6,2,7,1598,1,1,3,1
2013460225556,1,9,0,18,0,0,1,10,0,0,4,1,1,2,8,2148,2,7,5,1
2013460225558,1,9,0,18,0,4,0,0,0,0,1,1,2,2,8,1910,2,5,10,1
2013460225558,2,9,0,18,0,4,0,0,0,0,2,1,6,1,8,1398,1,1,5,1
2013460225559,1,9,0,18,0,3,0,0,0,0,1,1,6,2,-1,-1,-1,-1,-1,-1
2013460225559,2,1,0,9,0,3,0,0,0,0,2,1,1,1,4,-1,-1,-1,3,1
2013460225560,1,9,0,18,0,0,0,0,0,0,4,1,6,2,9,1896,2,11,7,3
2013460225565,1,9,0,9,0,6,0,0,0,0,1,1,6,1,7,2171,1,13,-1,-1
2013460225565,2,5,0,18,0,8,0,0,0,0,4,1,6,1,8,1731,1,2,-1,-1
2013460225569,1,9,0,2,0,0,0,0,0,0,4,1,6,1,5,973,1,12,-1,-1
2013460225569,2,9,0,18,0,0,0,0,0,0,4,1,6,2,8,1240,1,5,-1,-1
2013460225571,1,11,0,5,0,0,0,0,0,0,0,1,1,1,8,-1,2,16,5,1
2013460225573,1,9,0,18,0,0,0,0,0,0,4,1,6,3,-1,-1,-1,-1,-1,-1
2013460225573,2,9,0,2,0,0,0,0,0,0,0,1,6,2,8,1984,1,11,4,1
2013460225575,1,9,0,1,0,0,0,4,0,0,2,1,6,2,8,1995,1,9,4,1
2013460225575,2,9,0,2,0,0,0,4,0,0,2,1,6,1,-1,1598,1,7,4,1
2013460225575,3,9,0,2,0,0,0,4,0,0,2,1,6,2,-1,1461,2,8,4,1
2013460225581,1,19,0,18,0,8,0,0,0,0,1,1,1,1,4,2287,2,-1,9,1
2013460225581,2,9,0,18,0,8,0,0,0,0,1,1,6,1,5,1598,1,2,7,3
2013460225587,1,9,0,9,0,6,0,0,0,0,4,1,6,2,4,1360,1,13,2,1
2013460225587,2,1,0,18,0,1,0,0,0,0,1,1,6,1,7,-1,-1,-1,-1,-1
2013460225589,1,9,0,13,0,1,0,0,0,0,1,1,1,1,7,-1,-1,-1,10,2
2013460225589,2,9,0,9,0,1,0,0,0,0,2,1,2,1,6,-1,-1,-1,7,1
2013460225589,3,9,0,18,0,1,1,0,0,0,1,1,2,1,8,1896,2,10,3,1
2013460225591,1,9,0,2,0,1,0,0,0,0,3,1,6,2,8,1598,1,11,4,1
2013460225591,2,1,0,18,9,2,0,0,0,0,3,1,6,1,5,-1,-1,-1,3,1
2013460225594,1,11,0,4,0,8,0,0,0,0,1,1,1,1,9,7300,2,7,3,1
2013460225594,2,9,0,18,0,8,0,0,0,0,2,1,6,2,7,1086,1,9,3,1
2013460225594,3,9,0,4,0,8,0,0,0,0,2,1,6,2,10,1896,2,4,9,1
2013460225599,1,9,0,5,0,0,0,8,0,0,3,1,6,1,8,4164,2,19,6,3
2013460225599,2,9,0,3,0,0,0,0,0,0,3,1,2,1,9,1988,1,12,7,1
2013460225600,1,9,0,18,0,1,0,0,1,4,4,1,6,2,5,1731,1,15,-1,-1
2013460225602,1,9,0,5,0,4,0,0,0,0,1,1,1,1,9,1994,2,10,-1,-1
2013460225602,2,9,0,18,0,8,0,0,0,0,2,1,1,1,6,1995,1,7,-1,-1
2013460225603,1,9,0,9,0,6,1,10,0,0,3,1,6,1,6,1968,2,4,4,1
2013460225603,2,9,0,18,0,5,0,0,0,0,2,1,1,2,5,1988,1,12,6,2
2013460225605,1,1,0,18,9,1,0,0,0,0,1,1,6,1,4,-1,-1,-1,-1,-1
2013460225605,2,9,0,9,9,1,0,0,0,0,3,1,1,1,6,-1,-1,-1,-1,-1
2013460225610,1,10,0,17,0,1,0,0,0,0,3,1,3,1,9,2402,2,4,4,1
2013460225610,2,9,0,16,0,1,0,0,0,0,3,1,3,1,4,1242,1,13,9,1
2013460225614,1,11,0,7,0,5,0,0,0,0,3,1,1,3,-1,-1,-1,-1,-1,-1
2013460225614,2,9,0,18,0,6,0,0,0,0,3,1,6,2,6,996,1,3,7,1
2013460225623,1,9,0,7,9,0,0,0,0,0,4,1,6,3,-1,-1,-1,-1,-1,-1
2013460225625,1,19,0,12,8,0,0,0,0,0,3,1,6,1,7,-1,-1,-1,2,1
2013460225625,2,3,0,14,0,0,1,10,1,0,4,1,2,1,4,-1,-1,-1,2,1
2013460225628,1,9,0,18,0,0,1,0,0,0,1,1,6,2,7,1999,1,11,-1,-1
2013460225628,2,19,0,4,0,0,0,0,0,0,2,1,1,1,8,1399,2,3,-1,-1
2013460225634,1,21,0,18,0,0,0,0,0,0,3,2,6,3,-1,-1,-1,-1,-1,-1
2013460225634,2,9,0,18,0,0,0,0,0,0,4,1,6,2,8,1968,2,5,8,2
2013460225637,1,9,0,11,0,0,2,0,2,10,1,1,6,2,6,973,1,13,2,1
2013460225639,1,9,0,5,0,1,0,0,0,0,3,1,6,3,-1,-1,-1,-1,-1,-1
2013460225639,2,3,0,18,0,1,0,0,0,0,3,1,2,1,6,102,1,7,9,1
2013460225640,1,9,0,18,0,6,0,0,0,0,4,1,6,2,5,1560,2,6,5,1
2013460225640,2,1,0,18,0,6,0,0,0,0,4,1,2,1,7,-1,-1,-1,6,1
2013460225646,1,9,0,18,0,4,0,7,0,0,1,1,6,1,8,1895,1,12,6,3
2013460225652,1,9,0,3,0,0,0,0,0,0,3,1,6,1,10,1392,1,15,1,1
2013460225658,1,1,0,18,0,1,0,0,0,0,1,1,6,2,10,-1,-1,-1,1,1
2013460225658,2,9,0,18,0,6,0,0,0,0,1,1,6,2,10,1199,1,12,3,1
2013460225661,1,9,0,9,0,8,0,0,0,0,1,1,6,3,-1,-1,-1,-1,-1,-1
2013460225661,2,9,0,18,0,8,1,0,0,0,1,1,6,1,5,1299,1,14,2,1
2013460225666,1,9,0,9,0,5,0,0,0,0,4,1,6,2,7,1299,1,11,9,1
2013460225666,2,1,0,18,0,1,0,0,0,0,1,1,6,1,5,-1,-1,-1,6,2
2013460225668,1,9,0,17,0,0,1,0,2,10,1,1,6,1,5,1895,1,12,8,3
2013460225670,1,21,0,12,0,0,0,0,0,0,3,2,1,1,8,-1,-1,-1,-1,-1
2013460225670,2,9,0,18,0,0,1,0,1,7,4,1,1,1,8,1397,1,-1,5,1
2013460225672,1,9,0,18,0,8,0,0,0,0,4,1,6,3,-1,-1,-1,-1,-1,-1
2013460225674,1,21,1,18,0,1,0,0,0,0,3,1,6,1,8,-1,-1,-1,-1,-1
2013460225674,2,9,0,18,0,1,0,0,0,0,4,1,6,1,9,1240,1,8,5,1
2013460225675,1,9,0,18,0,1,0,0,0,0,2,1,6,1,4,1124,1,11,1,1
2013460225675,2,9,0,10,0,8,0,0,0,0,2,1,6,1,6,-1,-1,-1,1,1
2013460225678,1,9,0,18,0,1,0,0,0,0,1,1,6,1,6,-1,-1,-1,5,1
2013460225678,2,9,0,3,0,1,0,0,0,0,2,1,1,1,7,1124,1,8,4,2
2013460225683,1,9,0,18,0,1,0,0,0,0,1,1,6,1,7,2435,1,8,-1,-1
2013460225683,2,9,0,4,0,1,0,0,0,0,2,1,6,2,9,1997,1,3,8,3
2013460225687,1,1,0,18,0,0,1,0,0,0,0,1,4,1,3,-1,-1,-1,-1,-1
2013460225689,1,9,0,18,0,2,0,0,0,0,1,1,2,2,9,-1,-1,-1,2,1
2013460225700,1,9,0,18,0,7,0,0,0,0,3,1,6,2,7,-1,-1,-1,3,2
2013460225700,2,21,0,18,0,1,0,0,0,0,1,1,1,1,9,12816,2,9,2,1
2013460225702,1,9,0,18,0,0,0,0,0,0,1,1,6,1,4,1149,1,8,5,1
2013460225702,2,9,0,4,0,0,1,0,0,0,2,1,6,1,5,2496,1,10,8,1
2013460225707,1,9,0,4,0,4,0,0,0,0,1,1,6,1,7,1198,1,1,3,1
2013460225707,2,9,0,4,0,4,0,0,0,0,2,1,6,1,5,2987,2,6,2,1
2013460225711,1,9,0,18,0,7,0,0,0,0,3,1,1,1,7,-1,-1,-1,-1,-1
2013460225711,2,9,0,18,0,1,0,0,0,0,4,1,2,2,7,-1,-1,-1,9,2
2013460225712,1,9,0,18,0,0,0,0,0,0,1,1,6,1,7,1796,1,5,6,2
2013460225712,2,1,0,18,0,0,0,0,0,0,2,1,6,1,7,-1,-1,-1,10,1
2013460225713,1,9,0,18,0,0,0,0,0,0,1,1,6,1,4,1360,1,14,7,1
2013460225713,2,9,0,4,0,0,0,0,0,0,2,1,1,1,7,1997,1,9,7,1
2013460225714,1,9,0,18,0,0,1,0,7,10,3,1,1,2,7,1598,1,6,5,2
2013460225715,1,9,0,16,0,0,0,4,0,0,1,1,6,1,4,1390,1,14,5,1
2013460225715,2,9,0,2,0,0,0,0,0,0,2,1,6,1,8,-1,-1,-1,10,1
2013460225715,3,9,0,18,0,0,0,0,0,0,0,1,6,3,-1,-1,-1,-1,-1,-1
2013460225719,1,9,0,16,0,0,1,10,1,9,4,1,2,2,4,1299,1,12,-1,-1
2013460225721,1,9,0,18,0,0,1,0,1,6,1,1,6,1,5,1341,1,16,7,1
2013460225731,1,9,0,18,0,1,0,0,0,0,1,1,6,2,6,1490,1,7,10,1
2013460225735,1,9,0,18,0,2,0,0,0,0,1,1,6,1,5,1984,1,12,3,1
2013460225735,2,9,0,2,0,2,0,0,0,0,4,1,6,2,4,2184,2,8,3,1
2013460225735,3,9,0,2,0,2,0,0,0,0,2,1,6,1,7,1997,2,13,3,1
2013460225736,1,19,0,18,0,0,0,0,0,0,1,1,6,1,5,2402,2,12,6,2
2013460225736,2,9,0,2,0,0,0,0,0,0,3,1,6,1,6,3956,1,11,4,1
2013460225738,1,9,0,18,0,8,0,0,0,0,1,1,6,3,-1,-1,-1,-1,-1,-1
2013460225738,2,9,0,7,0,6,0,0,0,0,2,1,6,1,7,1390,1,11,1,1
2013460225745,1,9,0,9,0,1,0,0,0,0,1,1,6,2,6,1399,2,3,8,3
2013460225745,2,9,0,18,0,1,1,0,0,0,1,1,6,1,5,1360,1,10,2,1
2013460225746,1,9,0,18,0,8,0,0,0,0,3,1,6,3,-1,-1,-1,-1,-1,-1
2013460225749,1,9,0,9,0,1,0,0,0,0,4,1,2,1,8,2435,1,15,7,2
2013460225749,2,9,0,18,0,1,2,10,7,9,3,1,2,2,7,1299,1,13,7,3
2013460225750,1,9,0,9,0,8,0,0,0,0,3,1,6,2,-1,1242,1,12,8,1
2013460225750,2,2,0,18,0,1,0,0,0,0,1,1,2,1,4,124,1,6,9,1
2013460225751,1,19,0,3,0,0,0,0,0,0,1,1,6,3,-1,-1,-1,-1,-1,-1
2013460225751,2,9,0,3,0,0,0,0,0,0,2,1,6,2,10,998,1,-1,9,3
2013460225756,1,9,0,18,0,0,0,0,0,0,1,1,6,2,5,1299,1,15,3,1
2013460225756,2,19,0,18,0,0,0,0,0,0,2,1,1,1,7,1753,2,8,5,1
2013460225756,3,19,0,18,0,0,0,0,0,0,2,1,1,1,5,1870,2,10,7,1
2013460225757,1,8,0,1,0,0,0,0,0,0,2,1,6,3,-1,-1,-1,-1,-1,-1
2013460225759,1,9,0,6,0,0,0,0,0,0,3,1,6,2,5,3200,2,12,7,1
2013460225759,2,9,0,18,0,0,0,0,0,0,4,1,6,2,5,998,1,2,6,3
2013460225761,1,2,0,5,0,0,1,0,1,2,1,1,6,2,3,49,1,6,3,1
2013460225766,1,9,0,18,0,1,0,0,0,0,2,1,6,2,7,1299,1,7,-1,-1
2013460225766,2,9,0,18,0,1,0,0,0,0,1,1,1,1,8,1870,2,10,5,3
2013460225770,1,9,0,18,0,4,0,0,0,0,0,1,2,2,6,1868,2,14,2,1
2013460225770,2,4,0,9,0,8,0,0,0,0,0,1,2,1,7,599,1,10,2,1
2013460225772,1,9,0,5,0,1,0,0,0,0,1,1,6,2,6,1598,1,12,1,1
2013460225772,2,9,0,5,0,1,0,0,0,0,2,1,6,2,6,1598,1,12,7,1
2013460225772,3,9,0,5,0,1,0,0,0,0,2,1,6,1,7,1497,8,5,7,1
2013460225773,1,2,0,9,0,8,0,0,0,0,4,1,6,1,4,50,1,3,1,1
2013460225773,2,9,0,18,0,8,0,0,0,0,1,1,6,2,6,1587,1,8,4,1
2013460225777,1,9,0,12,0,0,1,0,0,0,0,1,6,3,-1,-1,-1,-1,-1,-1
2013460225777,2,9,0,18,0,0,1,0,0,0,2,1,6,1,6,1396,1,9,9,1