Accident_Index,Vehicle_Reference,Vehicle_Type,Towing_and_Articulation,Vehicle_Manoeuvre,Vehicle_Location-Restricted_Lane,Junction_Location,Skidding_and_Overturning,Hit_Object_in_Carriageway,Vehicle_Leaving_Carriageway,Hit_Object_off_Carriageway,1st_Point_of_Impact,Was_Vehicle_Left_Hand_Drive?,Journey_Purpose_of_Driver,Sex_of_Driver,Age_Band_of_Driver,Engine_Capacity_(CC),Propulsion_Code,Age_of_Vehicle,Driver_IMD_Decile,Driver_Home_Area_Type
2013460226277,1,9,0,4,0,0,1,0,0,0,2,1,6,1,8,1296,1,5,3,1
2013460226277,2,9,0,18,0,0,1,0,0,0,1,1,6,1,7,1988,2,8,-1,-1
2013460226277,3,9,0,18,0,0,1,0,0,0,1,1,6,2,5,1242,1,1,9,3
2013460226282,1,3,0,7,0,1,1,0,0,0,0,1,6,2,4,49,1,6,-1,-1
2013460226283,1,21,0,12,0,0,1,0,0,0,4,1,1,1,7,6692,2,2,3,1
2013460226283,2,9,0,3,0,0,0,0,2,7,3,1,2,1,7,1598,1,8,10,1
2013460226283,3,9,0,3,0,0,0,0,0,0,2,1,2,2,7,1968,2,1,10,1
2013460226284,1,9,0,9,0,6,0,0,0,0,1,1,6,2,7,2000,2,9,10,2
2013460226284,2,3,0,18,0,8,1,0,0,0,1,1,2,1,5,125,1,2,9,1
2013460226285,1,9,0,18,0,0,0,4,0,0,1,1,6,1,8,1587,1,17,-1,-1
2013460226285,2,20,0,2,0,0,0,0,0,0,3,1,6,3,-1,-1,-1,-1,-1,-1
2013460226285,3,9,0,2,0,0,0,0,1,3,2,1,6,3,-1,1197,1,2,-1,-1
2013460226286,1,9,0,18,0,7,0,0,0,0,1,1,6,1,6,1598,2,2,4,3
2013460226286,2,9,0,3,0,7,0,0,0,0,2,1,6,2,5,1364,1,4,7,1
2013460226286,3,9,0,3,0,7,0,0,0,0,2,1,6,2,6,1840,1,14,8,2
2013460226287,1,9,0,5,0,4,0,0,0,0,1,1,6,1,9,1796,1,4,10,1
2013460226287,2,5,0,18,0,3,0,0,0,0,4,1,6,1,5,-1,-1,-1,8,1
2013460226291,1,9,0,15,0,3,0,0,0,0,3,1,6,1,10,1388,1,6,2,1
2013460226291,2,1,0,9,0,3,0,0,0,0,2,1,1,1,7,-1,-1,-1,10,1
2013460226292,1,9,0,18,0,0,0,0,0,0,1,1,6,2,6,999,1,15,9,1
2013460226294,1,1,0,17,0,8,0,0,0,0,3,1,6,1,9,-1,-1,-1,6,1
2013460226294,2,1,0,17,0,8,0,0,0,0,4,1,6,1,7,-1,-1,-1,7,2
2013460226296,1,9,0,18,0,0,1,0,1,10,1,1,6,1,7,-1,-1,-1,4,3
2013460226300,1,9,0,18,0,0,0,0,0,0,3,1,6,1,5,1600,1,6,1,1
2013460226300,2,9,0,3,0,0,0,0,0,0,4,1,6,2,7,1591,1,1,5,1
2013460226306,1,9,0,18,0,0,5,0,2,4,4,1,6,1,6,1360,1,10,8,2
2013460226314,1,9,0,5,0,0,0,0,0,0,4,1,6,2,10,1598,2,2,-1,-1
2013460226315,1,1,0,18,9,0,0,0,0,0,1,1,6,1,10,-1,-1,-1,10,1
2013460226317,1,9,0,4,0,5,0,0,0,0,1,1,6,1,7,2993,2,2,8,1
2013460226317,2,9,0,4,0,1,0,0,0,0,1,1,6,2,5,1124,1,10,7,1
2013460226317,3,9,0,2,0,1,0,0,0,0,3,1,6,2,9,1386,1,5,9,1
2013460226320,1,9,0,18,0,0,2,7,7,10,3,1,6,1,6,-1,-1,-1,9,3
2013460226323,1,9,0,18,0,2,0,0,3,10,4,1,6,2,11,1086,1,7,10,2
2013460226326,1,9,0,6,0,0,0,0,0,0,3,1,6,2,11,1398,1,12,5,1
2013460226326,2,1,0,18,0,0,0,0,0,0,1,1,6,1,9,-1,-1,-1,4,1
2013460226333,1,9,0,11,0,0,0,0,0,0,4,1,6,1,8,1731,1,-1,3,1
2013460226333,2,9,0,18,0,0,0,0,0,0,3,1,6,2,8,-1,-1,-1,7,1
2013460226345,1,9,0,11,0,0,0,0,0,0,1,1,6,1,11,1398,1,2,9,1
2013460226345,2,9,0,18,0,0,0,0,0,0,4,1,6,2,9,1198,1,4,9,2
2013460226345,3,21,0,18,0,0,0,0,0,0,1,1,1,1,7,12900,2,2,1,1
2013460226359,1,9,0,18,0,4,0,0,0,0,4,1,1,1,6,-1,-1,-1,4,1
2013460226359,2,9,0,18,0,8,0,0,0,0,2,1,6,1,8,1560,2,3,-1,1
2013460226361,1,9,0,18,0,8,0,0,0,0,4,1,1,2,7,1389,1,15,-1,-1
2013460226361,2,5,0,9,0,6,0,0,0,0,1,1,1,1,8,645,1,1,10,1
2013460226363,1,9,0,18,0,1,0,0,0,0,1,1,3,2,4,1598,1,7,2,1
2013460226364,1,9,0,18,0,0,0,0,0,0,1,1,6,2,5,1598,1,8,7,1
2013460226365,1,9,0,11,0,5,2,0,0,0,2,1,1,2,5,1242,1,2,7,1
2013460226365,2,9,0,18,0,5,0,0,0,0,2,1,1,2,7,1560,2,1,6,1
2013460226367,1,9,0,12,0,8,0,0,0,0,0,1,6,1,-1,-1,-1,-1,-1,-1
2013460226367,2,11,0,5,0,8,0,0,0,0,0,1,1,1,5,8270,2,13,4,1
2013460226368,1,9,0,17,0,0,0,0,0,0,4,1,6,1,8,1598,1,6,-1,-1
2013460226369,1,9,0,18,0,0,1,0,0,0,0,1,6,1,8,1781,1,11,6,2
2013460226375,1,2,0,18,0,0,0,0,0,0,1,1,4,2,4,49,1,11,9,1
2013460226384,1,9,0,18,0,0,0,0,2,7,0,1,6,2,5,1242,1,6,4,2
2013460226384,2,9,0,18,0,0,0,0,0,0,0,1,6,2,5,1242,1,11,5,3
2013460226387,1,9,0,9,0,6,0,0,7,0,1,1,6,2,7,1896,2,10,1,1
2013460226387,2,9,0,18,0,8,0,0,7,0,1,1,6,1,4,1997,2,15,1,1
2013460226389,1,9,0,9,0,8,0,0,0,0,1,1,6,1,8,1242,1,1,3,1
2013460226389,2,9,0,18,0,1,0,0,1,0,3,1,6,1,7,1951,2,11,2,1
2013460226390,1,9,0,18,0,0,0,0,0,0,1,1,6,1,5,1896,2,12,9,1
2013460226390,2,9,0,3,0,0,0,0,0,0,2,1,6,1,6,-1,-1,-1,2,1
2013460226390,3,9,0,3,0,0,0,0,0,0,2,1,6,2,5,1461,2,5,4,3
2013460226390,4,9,0,2,0,0,0,0,0,0,0,1,6,2,7,1368,1,3,8,1
2013460226392,1,5,0,18,0,0,1,0,1,0,1,1,6,1,10,790,1,9,8,1
2013460226394,1,21,0,12,0,0,0,0,0,0,3,2,1,1,7,-1,-1,-1,-1,-1
2013460226394,2,9,0,18,0,0,1,0,0,0,4,1,2,1,8,1332,1,15,1,1
2013460226395,1,9,0,18,0,0,0,0,0,0,1,1,6,2,4,1124,1,19,1,1
2013460226395,2,9,0,18,0,0,0,0,0,0,1,1,6,1,9,1968,2,1,6,1
2013460226395,3,9,0,2,0,0,0,0,0,0,4,1,6,1,7,1598,1,7,6,1
2013460226399,1,21,0,18,0,0,0,0,0,0,1,1,1,1,7,11705,2,4,6,2
2013460226399,2,9,0,2,0,0,0,0,1,0,2,1,6,1,7,-1,-1,-1,8,1
2013460226401,1,9,0,18,0,1,0,0,0,0,1,1,6,3,-1,1753,2,12,-1,-1
2013460226401,2,9,0,3,0,1,0,0,0,0,2,1,2,2,4,1242,1,8,9,1
2013460226403,1,1,0,18,0,0,0,10,1,0,1,1,2,1,9,-1,-1,-1,9,2
2013460226406,1,9,0,17,0,1,0,0,1,10,1,1,6,1,8,1595,1,6,8,3
2013460226410,1,9,0,18,0,0,0,0,0,0,1,1,6,1,7,1995,2,12,3,1
2013460226410,2,9,0,3,0,0,0,0,0,0,2,1,2,1,8,-1,-1,-1,3,1
2013460226411,1,21,4,16,0,3,0,0,0,0,3,2,2,1,-1,-1,-1,-1,-1,-1
2013460226411,2,9,0,17,0,3,0,0,0,0,4,1,2,2,6,1896,2,10,3,1
2013460226413,1,9,0,18,0,0,2,10,7,10,1,1,6,2,6,1598,1,11,-1,-1
2013460226417,1,9,0,5,0,1,0,0,0,0,1,1,6,1,6,-1,-1,-1,4,1
2013460226417,2,9,0,3,0,6,0,0,0,0,0,1,6,3,-1,-1,-1,-1,-1,-1
2013460226418,1,3,0,16,0,0,0,0,0,0,1,1,6,1,5,125,1,6,6,1
2013460226418,2,9,0,17,0,0,0,0,0,0,1,1,6,1,9,1595,2,3,5,1
2013460226420,1,9,0,18,0,0,0,0,0,0,1,1,6,2,5,1242,1,3,5,1
2013460226420,2,9,0,10,0,0,0,0,0,0,2,1,6,2,6,1796,1,9,6,1
2013460226420,3,9,0,10,0,0,0,0,0,0,2,1,6,1,6,2400,2,3,3,1
2013460226438,1,9,0,18,0,0,0,7,1,2,1,1,6,1,4,1388,1,8,4,1
2013460226439,1,9,0,18,0,3,0,0,0,0,1,1,6,1,5,1598,1,14,3,1
2013460226439,2,9,0,4,0,3,0,0,0,0,2,1,6,1,6,1299,1,17,2,1
2013460226444,1,9,0,9,0,8,0,0,0,0,4,1,6,1,4,1299,1,12,6,3
2013460226444,2,1,0,18,0,1,1,0,0,0,1,1,6,1,9,-1,-1,-1,7,1
2013460226447,1,9,0,11,0,0,0,0,0,0,4,1,6,3,-1,-1,-1,-1,-1,-1
2013460226447,2,9,0,18,0,0,0,0,0,0,3,1,2,2,9,1997,1,19,9,2
2013460226452,1,9,0,18,0,0,0,4,1,0,1,1,6,2,6,1896,2,17,6,2
2013460226452,2,9,0,2,0,0,0,0,1,0,2,1,6,1,6,2685,2,10,9,1
2013460226452,3,9,0,18,0,0,0,0,0,0,2,1,6,1,6,1896,2,12,1,1
2013460226453,1,9,0,4,0,1,0,0,0,0,1,1,6,3,-1,-1,-1,-1,-1,-1
2013460226453,2,9,0,3,0,1,0,0,0,0,2,1,6,2,7,1461,2,7,8,2
2013460226456,1,9,0,5,0,4,0,0,0,0,3,1,6,1,10,1598,2,1,7,1
2013460226456,2,1,0,9,0,3,0,0,0,0,1,1,1,1,6,-1,-1,-1,4,2
2013460226457,1,9,0,18,0,6,0,0,0,0,3,1,1,2,-1,1910,2,9,5,3
2013460226457,2,19,0,18,0,1,0,0,0,0,3,1,1,1,6,2402,2,2,3,1
2013460226458,1,9,0,12,0,0,0,0,0,0,1,1,1,1,7,-1,-1,-1,8,3
2013460226458,2,21,0,18,0,0,0,0,0,0,2,1,1,1,7,10518,2,2,8,2
2013460226459,1,9,0,18,0,3,0,0,1,7,1,1,6,1,11,1341,1,9,4,1
2013460226459,2,9,0,18,0,4,0,0,0,0,4,1,6,2,8,2597,1,9,3,1
2013460226461,1,21,1,4,0,1,0,0,0,0,1,1,1,1,9,-1,-1,-1,-1,-1
2013460226461,2,19,0,4,0,1,0,0,0,0,2,1,1,1,7,2198,2,6,9,1
2013460226461,3,19,0,4,0,1,0,0,0,0,2,1,1,1,7,-1,-1,-1,-1,-1
2013460226462,1,9,0,18,0,0,0,0,0,0,3,1,6,2,8,998,1,9,7,3
2013460226464,1,9,0,6,0,8,0,0,0,0,1,1,3,1,8,1895,1,14,3,1
2013460226464,2,5,0,18,0,8,0,0,0,0,3,1,2,1,8,125,1,10,10,1
2013460226466,1,4,0,13,0,0,0,12,0,0,1,1,6,1,4,399,1,24,7,1
2013460226470,1,9,0,9,0,6,0,0,0,0,3,1,6,1,7,1910,2,4,7,2
2013460226470,2,9,0,18,0,1,0,0,0,0,1,1,2,1,4,-1,-1,-1,6,3
2013460226472,1,9,0,18,0,0,0,0,0,0,0,1,6,3,-1,-1,-1,-1,-1,-1
2013460226472,2,1,0,18,0,0,0,10,1,10,4,1,6,1,4,-1,-1,-1,4,1
2013460226474,1,2,0,16,0,0,1,0,7,4,1,1,6,1,7,998,1,13,2,1
2013460226476,1,9,0,9,0,6,0,0,0,0,4,1,1,2,6,1124,1,8,8,1
2013460226476,2,9,0,18,0,1,0,0,0,0,3,1,6,1,7,2616,1,8,4,1
2013460226477,1,9,0,5,0,6,0,0,0,0,3,1,6,2,4,1199,1,12,6,2
2013460226477,2,9,0,18,0,1,0,0,0,0,1,1,1,2,4,1149,1,10,6,3
2013460226478,1,3,0,18,0,1,0,0,0,0,1,1,2,1,5,125,1,6,2,2
2013460226478,2,19,0,10,0,1,0,0,0,0,4,1,6,1,8,-1,-1,-1,1,3
2013460226480,1,9,0,18,0,0,0,0,1,4,3,1,6,2,6,1124,1,9,5,2
2013460226483,1,9,0,18,0,2,0,0,0,0,3,1,6,1,9,1289,1,18,1,1
2013460226490,1,9,0,18,0,3,0,0,0,0,1,1,6,2,4,1299,1,14,5,1
2013460226490,2,9,0,10,0,1,0,0,0,0,2,1,6,2,5,-1,-1,-1,7,3
2013460226493,1,9,0,18,0,8,0,0,0,0,1,1,6,2,6,1299,1,10,7,1
2013460226493,2,9,0,18,0,1,5,0,0,0,1,1,6,1,6,1995,1,9,10,1
2013460226494,1,19,0,18,0,0,0,5,0,0,1,1,1,1,7,2143,2,2,2,1
2013460226496,1,9,0,16,0,0,2,0,8,7,1,1,6,1,4,-1,-1,-1,6,1
2013460226498,1,2,0,18,0,1,0,0,0,0,1,1,6,1,3,-1,-1,-1,3,1
2013460226498,2,3,0,18,0,1,0,0,0,0,1,1,6,1,11,650,1,54,7,1
2013460226501,1,9,0,18,0,8,0,0,3,7,1,1,6,1,6,1086,1,3,-1,-1
2013460226502,1,17,0,5,0,4,0,0,0,0,3,1,1,1,7,-1,-1,-1,-1,-1
2013460226502,2,9,0,18,0,3,5,0,0,0,4,1,6,2,8,1590,1,15,1,1
2013460226509,1,9,0,18,0,8,0,0,0,0,1,1,6,1,6,1108,1,12,8,1
2013460226509,2,9,0,18,0,8,0,0,0,0,3,1,6,2,6,1796,1,10,4,1
2013460226511,1,9,0,16,0,4,0,0,7,6,1,1,6,1,4,1686,2,7,10,1
2013460226512,1,21,0,11,0,0,0,0,0,0,1,2,1,1,8,-1,-1,-1,-1,-1
2013460226512,2,9,0,18,0,0,0,0,1,0,2,1,1,2,5,1195,1,15,-1,-1
2013460226516,1,9,0,14,0,0,0,0,0,0,1,1,6,2,4,1149,1,13,7,2
2013460226519,1,9,0,18,0,0,0,0,2,4,1,1,6,1,4,1388,1,9,5,1
2013460226520,1,9,0,16,0,1,0,0,0,0,4,1,6,1,9,2231,2,1,4,1
2013460226526,1,9,0,6,0,0,0,0,0,0,4,1,2,3,-1,1086,1,5,-1,-1
2013460226526,2,1,0,18,0,0,0,0,1,0,3,1,2,2,7,-1,-1,-1,5,1
2013460226527,1,9,0,9,0,0,0,0,0,0,3,1,6,1,7,1896,2,3,9,3
2013460226527,2,5,0,18,0,0,0,0,0,0,1,1,6,1,4,659,1,6,2,1
2013460226535,1,9,0,18,0,1,0,0,0,0,0,1,6,3,-1,-1,-1,-1,-1,-1
2013460226535,2,9,0,18,0,1,1,0,2,7,1,1,6,1,7,1598,1,6,4,1
2013460226537,1,9,0,18,0,0,0,0,0,0,1,1,6,3,-1,1587,1,7,-1,-1
2013460226537,2,9,0,18,0,0,0,0,0,0,2,1,6,1,5,1587,1,8,2,1
2013460226540,1,1,0,18,0,0,0,0,1,0,4,1,6,1,4,-1,-1,-1,5,1
2013460226543,1,11,0,18,2,7,0,0,0,0,1,1,1,1,8,-1,2,15,9,1
2013460226548,1,9,0,4,0,4,0,0,0,0,1,1,2,2,9,1242,1,9,5,1
2013460226548,2,1,0,7,0,3,0,0,0,0,2,1,2,1,8,-1,-1,-1,8,1
2013460226550,1,9,0,18,0,2,0,0,0,0,1,1,6,1,5,1360,1,11,4,1
2013460226550,2,19,0,2,0,2,0,0,0,0,2,1,6,3,-1,2400,2,12,-1,-1
2013460226560,1,9,0,9,0,1,0,0,0,0,1,1,6,2,5,1299,1,5,7,1
2013460226560,2,11,0,18,0,8,0,0,0,0,4,1,6,1,7,-1,-1,-1,9,1
2013460226565,1,9,0,18,0,0,0,0,0,0,1,1,6,1,11,1196,1,32,2,1
2013460226565,2,9,0,18,0,0,0,0,0,0,2,1,6,2,8,1984,1,11,8,1
2013460226570,1,9,0,4,0,0,1,0,0,0,1,1,6,1,6,-1,-1,-1,3,1
2013460226570,2,9,0,4,0,0,0,0,0,0,2,1,6,2,7,1968,2,2,6,1
2013460226570,3,9,0,18,0,0,0,0,0,0,1,1,6,2,5,1229,1,1,9,1
2013460226578,1,9,0,4,0,0,0,0,0,0,3,1,6,1,7,-1,-1,-1,-1,-1
2013460226578,2,9,0,13,0,0,0,0,0,0,4,1,6,1,8,1968,2,2,4,1
2013460226581,1,9,0,18,0,1,0,0,0,0,1,1,2,1,8,-1,-1,-1,6,2
2013460226581,2,9,0,4,0,1,0,0,0,0,2,1,2,1,4,1390,1,11,4,1
2013460226582,1,9,0,18,0,4,0,0,0,0,1,1,6,3,-1,1870,2,8,-1,-1
2013460226582,2,1,0,18,0,4,0,0,0,0,1,1,6,1,6,-1,-1,-1,8,3
2013460226590,1,9,0,18,0,7,0,0,0,0,1,1,6,1,9,1997,2,6,3,1
2013460226590,2,21,0,4,0,2,0,0,0,0,2,1,1,1,8,-1,-1,-1,-1,-1
2013460226592,1,9,0,9,0,6,0,0,1,0,3,1,6,1,9,1968,2,2,7,3
2013460226592,2,9,0,18,0,8,0,0,0,0,4,1,6,2,8,1598,2,1,8,2
2013460226593,1,9,0,18,0,1,0,4,0,0,1,1,1,1,6,1984,1,14,1,1
2013460226593,2,9,0,9,0,1,0,4,0,0,1,1,1,1,6,998,1,7,1,1
2013460226593,3,9,0,2,0,1,0,0,0,0,4,1,6,1,-1,2435,1,13,1,1
2013460226593,4,9,0,2,0,1,0,0,0,0,3,1,6,2,-1,1679,1,13,1,1
2013460226593,5,9,0,2,0,1,0,0,0,0,3,1,6,1,-1,-1,-1,-1,1,1
2013460226594,1,9,0,9,0,8,0,0,0,0,4,1,6,1,7,1905,2,18,3,1
2013460226596,1,20,0,18,0,0,0,0,0,0,1,1,1,1,9,-1,-1,-1,8,1
2013460226596,2,9,0,4,0,0,0,0,0,0,2,1,6,1,10,1398,1,3,3,1
2013460226597,1,9,0,17,0,0,0,0,1,4,1,1,6,1,11,1332,1,17,6,3
2013460226598,1,9,0,18,0,0,0,0,0,0,1,1,6,2,10,998,1,6,7,1
2013460226598,2,9,0,2,0,0,0,0,0,0,2,1,6,2,-1,1498,1,5,5,1
2013460226603,1,4,0,18,0,1,0,0,0,0,1,1,6,1,6,125,1,7,-1,-1
2013460226603,2,9,0,4,0,1,0,0,0,0,2,1,1,1,5,-1,-1,-1,1,1
2013460226604,1,9,0,18,0,1,0,0,0,0,1,1,6,1,7,1988,1,9,4,1
2013460226604,2,9,0,3,0,1,0,0,0,0,2,1,6,2,6,1242,1,6,6,2
2013460226605,1,9,0,18,0,7,0,0,0,0,1,1,6,2,5,1242,1,5,7,1
2013460226605,2,9,0,4,0,7,0,0,0,0,2,1,6,1,9,-1,-1,-1,7,1
2013460226611,1,3,0,17,0,0,1,0,0,0,3,1,1,1,5,124,1,3,3,2
2013460226612,1,3,0,13,0,0,0,0,1,1,3,1,1,1,7,124,1,-1,2,1
2013460226613,1,9,0,3,0,0,0,0,0,0,1,1,6,3,-1,1995,2,2,-1,-1
2013460226613,2,9,0,3,0,0,0,0,0,0,2,1,6,1,5,1560,2,9,9,1
2013460226615,1,9,0,18,0,4,0,0,0,0,0,1,2,1,7,1386,1,3,8,1
2013460226615,2,3,0,18,0,4,0,0,0,0,0,1,6,1,4,124,1,1,9,1
2013460226616,1,19,0,18,0,1,0,0,0,0,1,1,1,2,4,1248,2,3,9,1
2013460226616,2,20,0,3,0,1,0,0,0,0,2,1,1,1,5,-1,-1,-1,7,1
2013460226616,3,9,0,10,0,1,0,0,0,0,2,1,1,2,10,1998,1,8,9,2
2013460226617,1,4,0,18,0,2,1,0,0,0,3,1,6,1,7,249,1,3,2,1
2013460226619,1,9,0,17,0,0,0,0,0,0,1,1,6,3,-1,-1,-1,-1,-1,-1
2013460226619,2,5,0,16,0,0,0,0,1,0,3,1,6,1,6,599,1,5,4,3
2013460226621,1,4,0,11,0,0,0,0,0,0,4,1,2,1,7,1137,1,15,3,1
2013460226621,2,9,0,11,0,0,0,0,0,0,3,1,6,1,8,2688,2,9,5,1
2013460226621,3,9,0,4,0,0,0,0,0,0,0,1,6,3,-1,-1,-1,-1,-1,-1
2013460226622,1,9,0,7,0,1,0,0,0,0,4,1,6,3,-1,-1,-1,-1,-1,-1
2013460226622,2,9,0,9,0,1,0,0,0,0,3,1,6,2,7,1242,1,1,2,1
2013460226623,1,9,0,18,0,0,1,0,0,0,1,1,6,1,10,1240,1,4,9,3
2013460226623,2,9,0,4,0,0,0,0,0,0,2,1,6,2,4,1598,1,3,2,1
2013460226631,1,9,0,18,0,0,0,0,1,0,4,1,6,1,5,1984,1,7,2,1
2013460226631,2,9,0,18,0,0,0,0,1,0,3,1,6,1,9,2967,1,14,6,1
2013460226640,1,21,1,12,0,0,0,0,0,0,1,2,1,1,7,-1,-1,-1,-1,-1
2013460226640,2,9,0,11,0,0,0,0,0,0,4,1,1,1,8,2143,2,2,5,1
2013460226643,1,9,0,13,0,0,0,10,1,10,0,1,2,1,5,973,1,14,10,1
2013460226644,1,19,0,18,0,0,0,0,0,0,2,1,6,3,-1,-1,-1,-1,-1,-1
2013460226645,1,4,0,16,0,1,1,0,7,0,3,1,6,1,5,599,1,9,9,1
2013460226647,1,9,0,13,0,0,1,0,0,0,0,1,6,1,10,1242,1,2,4,1
2013460226651,1,1,0,12,0,1,0,0,0,0,3,1,6,1,5,-1,-1,-1,4,1
2013460226651,2,9,0,4,0,1,0,0,0,0,4,1,6,1,9,1560,2,3,1,1
2013460226652,1,21,0,12,0,0,0,0,0,0,3,1,1,3,-1,-1,-1,-1,-1,-1
2013460226652,2,9,0,18,0,0,0,0,1,0,4,1,6,1,10,1997,1,11,4,1
2013460226658,1,9,0,7,0,6,0,0,0,0,2,1,1,1,5,1997,2,10,1,1
2013460226658,2,9,0,18,0,1,0,0,0,0,1,1,2,2,5,1461,2,1,3,1
2013460226661,1,9,0,12,0,0,0,0,0,0,0,1,6,3,-1,1984,1,6,-1,-1
2013460226661,2,9,0,11,0,0,0,7,1,6,1,1,6,1,8,1388,1,10,5,1
2013460226661,3,9,0,18,0,0,0,0,0,0,1,1,6,1,6,1596,1,7,3,1
2013460226663,1,9,0,18,0,1,0,0,0,0,0,1,1,1,5,-1,-1,-1,-1,-1
2013460226670,1,9,0,7,0,3,0,0,0,0,3,2,6,1,6,-1,-1,-1,-1,-1
2013460226670,2,9,0,11,0,3,0,0,0,0,4,1,6,1,6,1997,2,9,-1,-1
2013460226671,1,9,0,17,0,0,0,0,0,0,1,1,1,1,7,-1,-1,-1,2,1
2013460226674,1,9,0,5,0,1,0,0,0,0,1,1,6,1,7,1598,1,9,7,1
2013460226674,2,1,0,18,9,1,0,0,0,0,4,1,6,1,4,-1,-1,-1,1,1
2013460226675,1,8,0,18,0,1,0,0,0,0,1,1,6,3,-1,-1,-1,-1,-1,-1
2013460226675,2,9,0,18,0,1,0,0,0,0,2,1,6,2,7,1398,2,7,3,1
2013460226676,1,9,0,7,0,6,0,0,0,0,2,1,4,1,4,998,1,1,5,1
2013460226676,2,1,0,18,0,1,0,0,0,0,1,1,6,2,4,-1,-1,-1,6,1
2013460226683,1,11,0,8,0,4,0,0,0,0,0,1,1,1,9,-1,-1,-1,4,1
2013460226683,2,3,0,9,0,3,1,0,0,0,0,1,2,1,8,125,1,6,5,1
2013460226684,1,9,0,18,0,0,0,0,0,0,0,1,6,3,-1,-1,-1,-1,-1,-1
2013460226684,2,19,0,18,0,0,0,0,1,4,1,1,6,1,8,-1,-1,-1,6,2
2013460226688,1,9,0,9,0,1,0,0,0,0,4,1,6,2,10,1597,1,15,10,2
2013460226688,2,9,0,18,0,1,1,0,0,0,1,1,6,1,7,1781,1,19,3,1
2013460226689,1,9,0,18,0,0,0,10,1,2,1,1,2,2,5,1242,1,9,5,1
2013460226690,1,9,0,18,0,1,0,0,0,0,3,1,6,1,8,2155,2,18,2,1
2013460226690,2,9,0,18,0,8,0,0,0,0,4,1,6,2,5,-1,-1,-1,4,1
2013460226693,1,2,0,13,0,1,0,0,0,0,1,1,6,1,4,49,1,4,10,2
2013460226693,2,9,0,9,0,1,0,0,0,0,3,1,6,1,8,-1,-1,-1,8,2
2013460226695,1,9,0,12,0,8,0,0,0,0,1,2,6,1,9,-1,-1,-1,-1,-1
2013460226695,2,9,0,18,0,8,0,0,0,0,2,1,6,1,8,1598,1,6,7,1
2013460226695,3,9,0,13,0,8,0,0,0,0,2,1,6,1,8,1598,1,13,8,2
2013460226697,1,3,0,13,0,1,0,0,0,0,1,1,6,1,4,-1,-1,-1,-1,-1
2013460226697,2,9,0,10,0,5,0,0,0,0,2,1,6,2,6,-1,-1,-1,10,1
2013460226700,1,9,0,18,0,3,0,0,0,0,1,1,6,2,8,-1,-1,-1,-1,-1
2013460226700,2,9,0,18,0,8,0,0,0,0,3,1,6,2,6,1198,1,3,9,1
2013460226702,1,11,0,4,0,0,0,0,0,0,1,1,1,2,7,5900,2,5,2,1
2013460226702,2,9,0,4,0,0,0,0,0,0,2,1,6,2,6,1461,2,5,8,1
2013460226704,1,9,0,18,0,1,0,0,0,0,4,1,6,1,9,1396,1,16,5,1
2013460226705,1,9,0,18,0,0,0,4,1,10,1,1,6,1,4,1796,1,13,4,1
2013460226705,2,9,0,2,0,0,0,0,0,0,2,1,6,3,-1,-1,-1,-1,-1,-1
2013460226706,1,5,0,9,0,8,1,0,0,0,0,1,2,1,5,599,1,4,10,1
2013460226707,1,1,0,16,0,0,0,0,0,0,1,1,6,1,9,-1,-1,-1,6,1
2013460226708,1,9,0,4,0,1,0,0,0,0,1,1,1,1,6,-1,-1,-1,4,1
2013460226708,2,9,0,4,0,1,0,0,0,0,2,1,6,1,7,999,1,11,4,1
2013460226712,1,9,0,9,0,6,0,4,0,0,1,1,6,1,6,1997,2,2,5,1
2013460226712,2,9,0,9,0,1,1,0,0,0,3,1,6,2,8,599,1,10,10,1
2013460226712,3,9,0,18,0,1,1,0,0,0,1,1,6,2,9,1596,1,9,2,1
2013460226713,1,9,0,2,0,2,0,0,0,0,3,1,6,1,5,1149,1,11,8,1
2013460226713,2,1,0,18,0,1,0,0,0,0,1,1,6,1,6,-1,-1,-1,4,1
2013460226715,1,9,0,14,0,0,0,0,0,0,1,1,6,2,5,1299,1,9,5,2
2013460226715,2,9,0,3,0,0,0,0,0,0,1,1,6,2,8,1368,1,5,6,1
2013460226715,3,9,0,4,0,0,0,0,0,0,2,1,6,1,6,1598,1,7,4,2
2013460226717,1,9,0,18,0,2,0,0,0,0,1,1,6,2,7,2720,2,5,7,2
2013460226717,2,9,0,3,0,2,0,0,0,0,2,1,6,1,9,998,1,3,7,3
2013460226717,3,9,0,3,0,2,0,0,0,0,2,1,6,2,6,-1,-1,-1,8,1
2013460226718,1,9,0,5,0,1,5,0,0,0,1,1,6,2,8,1397,1,10,5,1
2013460226720,1,19,0,18,0,0,0,0,0,0,1,1,6,1,-1,2198,2,5,8,2
2013460226720,2,19,0,3,0,0,0,0,0,0,2,1,1,1,8,1997,2,4,6,1
2013460226721,1,9,0,16,0,0,1,0,0,0,2,1,6,2,7,1360,1,18,5,1
2013460226721,2,9,0,18,0,0,0,0,0,0,2,1,6,2,4,1242,1,12,9,1
2013460226721,3,9,0,18,0,0,0,0,0,0,1,1,6,2,7,1388,1,5,8,1