Accident_Index,Vehicle_Reference,Vehicle_Type,Towing_and_Articulation,Vehicle_Manoeuvre,Vehicle_Location-Restricted_Lane,Junction_Location,Skidding_and_Overturning,Hit_Object_in_Carriageway,Vehicle_Leaving_Carriageway,Hit_Object_off_Carriageway,1st_Point_of_Impact,Was_Vehicle_Left_Hand_Drive?,Journey_Purpose_of_Driver,Sex_of_Driver,Age_Band_of_Driver,Engine_Capacity_(CC),Propulsion_Code,Age_of_Vehicle,Driver_IMD_Decile,Driver_Home_Area_Type
2013460227118,2,9,0,2,0,0,0,0,0,0,2,1,6,3,-1,1870,2,10,-1,-1
2013460227124,1,9,0,18,0,0,0,0,0,0,1,1,1,1,9,1120,1,16,5,1
2013460227124,2,9,0,3,0,0,0,0,0,0,2,1,1,2,7,1679,1,11,4,1
2013460227124,3,9,0,3,0,0,0,0,0,0,2,1,1,2,8,1799,1,5,7,2
2013460227125,1,3,0,18,0,0,1,0,0,0,0,1,6,1,5,124,1,3,5,1
2013460227125,2,9,0,9,0,0,0,0,0,0,0,1,6,1,10,1598,1,11,7,1
2013460227126,1,19,0,16,0,8,0,0,0,0,1,1,6,1,7,1248,2,-1,4,1
2013460227126,2,1,0,17,0,8,0,0,0,0,1,1,6,1,4,-1,-1,-1,3,1
2013460227128,1,9,0,18,0,0,0,0,0,0,1,1,6,1,6,1910,2,3,4,1
2013460227128,2,9,0,18,0,0,0,0,2,7,2,1,6,1,6,1199,1,9,10,1
2013460227132,1,90,0,18,9,1,1,0,1,2,3,1,1,1,7,7820,2,8,3,2
2013460227132,2,9,0,18,0,4,0,0,0,0,4,1,6,2,5,1388,1,7,8,3
2013460227136,1,9,0,4,0,0,1,0,0,0,1,1,6,1,4,1390,1,12,9,3
2013460227136,2,9,0,4,0,0,1,0,0,0,1,1,6,1,4,1360,1,13,9,3
2013460227136,3,9,0,3,0,0,0,0,0,0,2,1,6,1,6,1598,1,14,2,1
2013460227136,4,9,0,3,0,0,0,0,0,0,2,1,6,1,5,1598,1,11,3,3
2013460227137,1,9,0,18,0,2,0,0,0,0,1,1,2,2,7,1398,1,6,8,3
2013460227140,1,9,0,1,0,0,0,0,0,0,1,1,6,3,-1,-1,-1,-1,-1,-1
2013460227142,1,19,0,4,0,6,1,0,0,0,1,1,1,1,10,2151,2,10,10,3
2013460227142,2,90,0,4,0,6,1,0,0,0,2,1,6,1,11,2300,2,8,8,1
2013460227142,3,9,0,9,0,6,0,0,0,0,2,1,6,2,6,1910,2,5,7,3
2013460227146,1,9,0,15,0,0,5,0,0,0,2,1,6,1,11,1596,1,9,-1,-1
2013460227146,2,9,0,2,0,0,0,0,0,0,2,1,6,2,8,1043,1,17,10,2
2013460227146,3,9,0,18,0,0,0,0,0,0,1,1,6,1,9,1994,1,10,5,2
2013460227148,1,2,0,5,9,8,0,0,0,0,0,1,6,1,-1,49,1,7,-1,-1
2013460227148,2,1,0,2,9,8,0,0,0,0,1,1,6,1,2,-1,-1,-1,5,2
2013460227150,1,9,0,18,0,1,1,0,8,1,1,1,6,1,5,1995,1,11,4,1
2013460227150,2,9,0,18,0,2,1,0,7,0,1,1,2,1,7,3456,1,6,7,1
2013460227157,1,9,0,9,0,6,0,0,0,0,4,1,6,1,4,998,1,14,8,3
2013460227157,2,9,0,18,0,8,0,0,0,0,1,1,6,1,9,1368,1,2,8,3
2013460227160,1,5,0,18,0,0,0,0,0,0,0,1,2,1,7,600,1,9,9,1
2013460227161,1,5,0,9,0,1,0,0,0,0,1,1,6,1,8,885,1,19,3,1
2013460227163,1,9,0,4,0,4,0,0,0,0,4,1,6,2,7,1390,1,4,5,1
2013460227163,2,2,0,4,0,4,0,0,0,0,3,1,6,1,4,49,1,9,4,1
2013460227164,1,21,1,18,0,0,0,0,0,0,1,2,1,1,7,-1,-1,-1,-1,-1
2013460227164,2,9,0,18,0,0,0,0,1,7,4,1,2,1,7,1896,2,7,3,1
2013460227167,1,21,0,12,0,0,0,0,0,0,1,1,1,1,6,-1,-1,-1,-1,-1
2013460227167,2,9,0,18,0,0,1,0,2,7,2,1,6,1,6,1984,1,13,-1,-1
2013460227171,1,9,0,18,0,1,0,0,0,0,1,1,2,1,8,-1,-1,-1,3,1
2013460227175,1,90,0,17,0,0,1,0,0,0,1,1,1,1,9,7146,2,-1,5,3
2013460227175,2,9,0,16,0,0,0,0,1,10,1,1,6,2,9,1498,1,2,6,1
2013460227181,1,3,0,18,0,0,1,0,0,0,4,1,6,2,5,125,1,-1,3,1
2013460227182,1,9,0,10,0,4,0,0,0,0,4,1,6,2,10,1400,2,8,10,3
2013460227182,2,1,0,18,0,4,0,0,0,0,1,1,6,1,7,-1,-1,-1,6,1
2013460227184,1,9,0,18,0,0,0,0,1,3,1,1,6,1,10,1198,1,5,8,1
2013460227189,1,9,0,4,0,1,0,0,0,0,1,1,3,2,7,1998,2,6,9,1
2013460227189,2,9,0,10,0,1,0,0,0,0,2,1,6,1,8,1994,1,16,4,1
2013460227190,1,9,0,7,0,3,0,0,1,10,1,1,1,1,7,1598,1,2,-1,-1
2013460227195,1,9,0,11,0,0,0,0,0,0,0,1,6,3,-1,-1,-1,-1,-1,-1
2013460227195,2,9,0,18,0,0,1,0,1,7,2,1,6,2,6,1597,1,22,3,1
2013460227212,1,9,0,18,0,0,0,0,0,0,1,1,6,3,-1,-1,-1,-1,-1,-1
2013460227212,2,1,0,18,0,0,0,0,0,0,2,1,6,1,4,-1,-1,-1,5,2
2013460227220,1,4,0,13,0,1,0,0,0,0,1,1,6,2,7,320,1,1,7,1
2013460227220,2,9,0,9,0,5,0,0,0,0,3,1,6,1,7,2435,1,12,6,3
2013460227223,1,1,0,18,0,0,0,10,1,0,3,1,6,1,4,-1,-1,-1,4,1
2013460227223,2,9,0,18,0,0,0,0,0,0,4,1,6,3,-1,-1,-1,-1,-1,-1
2013460227225,1,9,0,18,0,0,0,12,0,0,1,1,6,2,8,1399,2,6,7,1
2013460227228,1,9,0,7,0,4,0,0,0,0,0,1,6,1,7,2354,1,9,2,1
2013460227228,2,3,0,18,0,8,0,0,0,0,0,1,2,1,8,124,1,2,5,1
2013460227230,1,9,0,4,0,0,0,0,0,0,1,1,6,2,5,2099,1,10,3,1
2013460227230,2,9,0,3,0,0,0,0,0,0,2,1,6,1,7,1998,2,1,5,1
2013460227230,3,9,0,3,0,0,0,0,0,0,1,1,6,1,9,1600,2,4,8,1
2013460227231,1,1,0,18,0,0,1,0,0,0,1,1,6,2,7,-1,-1,-1,-1,-1
2013460227235,1,9,0,18,0,0,0,0,0,0,1,1,6,1,10,998,1,-1,6,3
2013460227235,2,9,0,18,0,0,0,0,0,0,1,1,6,1,5,1397,1,13,8,3
2013460227239,1,20,0,13,0,0,0,0,0,0,4,1,6,1,-1,12900,2,5,-1,-1
2013460227239,2,17,0,18,0,0,0,0,0,0,3,1,1,1,6,-1,2,21,7,3
2013460227241,1,11,0,18,0,8,0,0,0,0,4,1,1,1,8,3900,2,7,2,1
2013460227242,1,9,0,18,0,0,1,0,0,0,1,1,6,1,9,-1,-1,-1,5,1
2013460227242,2,9,0,3,0,0,0,0,0,0,2,1,2,2,8,1360,1,2,7,1
2013460227243,1,9,0,5,9,0,0,0,0,0,1,1,6,1,11,998,1,12,7,3
2013460227243,2,9,0,2,0,0,0,0,0,0,2,1,6,1,5,-1,-1,-1,-1,-1
2013460227244,1,9,0,18,0,1,0,0,0,0,1,1,6,2,6,1198,1,-1,3,1
2013460227244,2,9,0,4,0,1,0,0,0,0,2,1,6,1,6,2987,2,6,4,1
2013460227247,1,9,0,17,0,0,0,0,0,0,1,1,6,1,-1,-1,-1,-1,-1,-1
2013460227247,2,9,0,17,0,0,0,0,0,0,1,1,6,1,9,1896,2,6,7,1
2013460227248,1,9,0,18,0,1,0,0,0,0,0,1,6,3,-1,-1,-1,-1,-1,-1
2013460227248,2,21,1,18,0,1,1,0,0,0,1,1,6,1,6,-1,-1,-1,-1,-1
2013460227248,3,9,0,18,0,1,1,0,1,9,2,1,6,1,7,2687,1,5,7,3
2013460227251,1,2,0,18,0,1,0,0,0,0,1,1,6,1,4,49,1,2,7,2
2013460227251,2,9,0,18,0,2,0,0,0,0,1,1,6,1,5,1390,1,9,5,3
2013460227256,1,9,0,18,0,0,0,0,0,0,1,1,1,1,-1,-1,-1,-1,-1,-1
2013460227256,2,9,0,3,0,0,0,0,0,0,2,1,1,1,-1,-1,-1,-1,-1,-1
2013460227258,1,5,0,18,0,1,0,0,0,0,1,1,1,1,8,647,1,15,4,3
2013460227258,2,9,0,3,0,1,0,0,0,0,2,1,6,1,6,1896,2,8,7,1
2013460227261,1,9,0,18,0,1,0,4,0,0,1,1,1,2,7,1597,1,17,4,1
2013460227261,2,9,0,4,0,1,0,0,0,0,2,1,1,2,7,2688,2,12,4,1
2013460227262,1,9,0,18,0,0,0,0,0,0,1,1,6,2,10,1598,1,9,9,1
2013460227262,2,9,0,3,0,0,0,0,0,0,2,1,1,1,9,1896,2,8,8,1
2013460227262,3,9,0,3,0,0,0,0,0,0,2,1,6,1,8,2495,2,13,5,1
2013460227267,1,9,0,18,0,0,0,0,0,0,1,1,6,1,6,1783,1,16,4,1
2013460227267,2,19,0,18,0,0,0,0,0,0,1,1,6,1,8,1996,2,2,8,2
2013460227267,3,9,0,18,0,0,0,0,1,9,3,1,6,1,8,1598,2,2,9,1
2013460227268,1,19,0,16,0,8,0,0,0,0,1,1,2,1,7,1998,2,12,8,3
2013460227268,2,11,0,17,0,1,0,0,0,0,1,1,3,2,8,-1,2,17,8,2
2013460227272,1,9,0,9,0,8,0,0,0,0,4,1,2,2,6,1390,1,3,3,1
2013460227272,2,3,0,18,0,1,0,0,0,0,1,1,2,1,6,124,1,2,3,1
2013460227273,1,9,0,18,0,0,0,0,0,0,1,1,6,2,9,1198,1,6,5,1
2013460227273,2,9,0,2,0,0,0,0,0,0,1,1,6,1,9,1995,2,2,2,1
2013460227276,1,9,0,18,0,0,0,0,7,7,1,1,2,2,7,1242,1,3,5,1
2013460227277,1,11,0,5,0,0,0,0,0,0,0,1,1,1,8,4250,2,5,3,1
2013460227283,1,2,0,4,0,1,1,0,0,0,4,1,4,1,4,49,1,8,-1,-1
2013460227287,1,9,0,18,0,1,0,0,0,0,1,1,6,1,7,698,1,10,7,1
2013460227287,2,1,0,18,0,6,0,0,0,0,1,1,6,1,3,-1,-1,-1,1,1
2013460227290,1,9,0,18,0,0,0,0,0,0,1,1,6,1,8,1242,1,10,6,1
2013460227290,2,9,0,3,0,0,0,0,0,0,2,1,6,1,7,1994,1,10,4,2
2013460227290,3,9,0,3,0,0,0,0,0,0,2,1,6,2,7,1598,1,9,-1,-1
2013460227292,1,9,0,9,0,8,1,0,1,0,1,1,6,1,5,-1,-1,-1,9,2
2013460227293,1,9,0,18,0,0,0,10,0,0,1,1,1,1,7,1997,2,9,6,1
2013460227293,2,9,5,18,0,0,0,0,1,10,3,1,1,1,11,2402,2,5,7,3
2013460227293,3,9,0,2,9,0,0,0,0,0,3,1,6,3,-1,1598,1,1,-1,-1
2013460227293,4,9,0,18,0,0,0,0,0,0,3,1,1,1,9,1995,1,7,7,3
2013460227294,1,21,1,18,0,0,0,0,1,7,1,1,1,1,9,-1,-1,-1,-1,-1
2013460227295,1,9,0,5,0,1,0,0,0,0,4,1,6,1,11,2171,2,13,4,1
2013460227295,2,3,0,18,0,1,0,0,0,0,3,1,6,1,6,85,1,22,1,1
2013460227296,1,21,1,9,0,5,0,0,0,0,2,1,6,1,8,-1,-1,-1,9,1
2013460227296,2,9,0,18,0,1,0,0,0,0,1,1,1,2,4,1229,1,6,1,1
2013460227298,1,9,0,18,0,1,0,0,0,0,1,1,1,1,6,-1,-1,-1,5,1
2013460227298,2,9,0,3,0,1,0,0,0,0,2,1,6,1,9,1461,2,6,2,1
2013460227301,1,21,1,12,0,8,0,0,0,0,3,2,1,1,8,-1,-1,-1,-1,-1
2013460227301,2,9,0,4,0,8,0,0,0,0,4,1,6,2,7,1497,1,12,7,1
2013460227303,1,9,0,7,0,1,0,0,0,0,4,1,6,1,6,1587,1,9,7,1
2013460227303,2,1,0,5,0,1,0,0,0,0,1,1,6,1,7,-1,-1,-1,9,1
2013460227304,1,9,0,9,0,6,0,0,0,0,3,1,6,1,4,1124,1,12,7,2
2013460227304,2,9,0,17,0,8,0,0,0,0,1,1,2,2,8,1590,1,14,6,1
2013460227308,1,9,0,18,0,1,1,0,1,0,1,1,6,3,-1,1951,2,12,-1,-1
2013460227308,2,9,0,8,0,1,1,0,1,0,1,1,6,2,8,1364,1,6,6,3
2013460227309,1,9,0,18,0,0,0,4,0,0,1,1,6,2,6,1360,1,9,9,1
2013460227309,2,9,0,2,9,0,0,0,0,0,2,1,6,2,5,1596,1,8,9,1
2013460227309,3,9,0,2,9,0,0,0,0,0,1,1,6,1,10,2231,2,8,9,1
2013460227317,1,9,0,9,0,5,0,0,0,0,1,1,6,2,8,1397,1,5,7,1
2013460227317,2,1,0,18,0,8,0,0,0,0,1,1,6,1,6,-1,-1,-1,7,1
2013460227318,1,9,0,18,0,0,5,4,0,0,1,1,6,2,4,1199,1,11,4,2
2013460227318,2,9,0,2,0,0,0,0,0,0,2,1,6,3,-1,1124,1,10,-1,-1
2013460227318,3,9,0,2,0,0,0,0,0,0,2,1,6,3,-1,2497,1,7,-1,-1
2013460227320,1,9,0,18,0,1,0,10,6,1,1,1,6,1,9,1997,2,10,8,1
2013460227321,1,19,0,4,0,8,1,0,0,0,1,1,1,1,6,1870,2,7,4,1
2013460227321,2,9,0,4,0,8,0,0,0,0,2,1,6,1,9,1956,2,2,7,1
2013460227324,1,9,0,5,0,4,1,0,0,0,3,1,6,1,9,3600,1,10,-1,3
2013460227324,2,9,0,18,0,4,1,0,0,0,1,1,6,2,7,2496,1,7,9,1
2013460227324,3,9,0,3,0,1,0,0,0,0,3,1,6,1,8,2401,2,9,6,3
2013460227328,1,9,0,18,0,0,0,0,0,0,1,1,6,1,10,1596,1,1,-1,-1
2013460227328,2,9,0,18,0,0,0,0,0,0,2,1,6,1,6,1590,1,9,5,1
2013460227331,1,19,0,1,0,0,0,0,0,0,2,1,6,3,-1,-1,-1,-1,-1,-1
2013460227331,2,9,0,3,0,0,0,0,0,0,1,1,6,2,7,1242,1,4,2,1
2013460227333,1,9,0,18,0,1,0,0,0,0,1,1,6,2,7,1796,1,13,7,1
2013460227333,2,9,0,9,0,1,0,0,0,0,2,1,1,1,8,1968,2,-1,7,1
2013460227335,1,19,0,7,0,8,0,0,0,0,0,1,6,3,-1,2402,2,13,-1,-1
2013460227335,2,1,0,18,0,1,0,0,0,0,1,1,6,2,6,-1,-1,-1,9,1
2013460227336,1,9,0,4,0,1,1,0,0,0,1,1,6,2,6,1679,1,15,3,1
2013460227336,2,9,0,3,0,1,0,0,0,0,2,1,6,1,7,-1,-1,-1,4,3
2013460227338,1,9,0,18,9,5,0,0,1,2,1,1,6,1,7,2180,2,17,8,3
2013460227345,1,20,0,18,0,8,0,0,0,0,1,1,1,1,6,-1,-1,-1,2,1
2013460227345,2,9,0,10,0,1,0,0,0,0,2,1,1,1,9,1896,2,3,2,1
2013460227345,3,9,0,18,0,1,0,0,1,10,1,1,6,1,7,3311,8,5,7,1
2013460227351,1,9,0,5,0,0,0,0,0,0,3,1,1,2,5,1299,1,6,7,1
2013460227352,1,9,0,18,0,8,0,0,0,0,-1,1,6,1,8,1560,2,1,7,2
2013460227353,1,9,0,18,0,1,0,0,0,0,1,1,6,2,9,1598,1,13,4,1
2013460227353,2,9,0,4,0,1,0,0,0,0,2,1,6,2,11,1240,1,9,4,1
2013460227354,1,9,0,18,0,1,1,0,0,0,1,1,2,1,5,1598,1,14,6,2
2013460227357,1,9,0,4,0,1,0,0,1,10,1,1,6,1,6,1796,1,12,6,1
2013460227357,2,9,0,10,0,1,0,0,0,0,2,1,6,2,6,-1,-1,-1,6,1
2013460227362,1,9,0,18,0,4,0,0,0,0,0,1,6,3,-1,-1,-1,-1,-1,-1
2013460227362,2,5,0,9,0,4,0,0,0,0,0,1,1,1,5,-1,-1,-1,7,1
2013460227366,1,9,0,18,0,0,0,0,0,0,1,1,6,1,6,1910,2,5,4,3
2013460227366,2,9,0,4,0,0,0,0,0,0,2,1,6,2,6,1299,1,12,4,2
2013460227366,3,9,0,4,0,0,0,0,0,0,2,1,6,2,6,1910,2,5,8,1
2013460227366,4,9,0,4,0,0,0,0,0,0,2,1,6,2,7,1597,1,14,4,1
2013460227372,1,9,0,18,0,1,0,0,0,0,1,1,6,2,6,1360,1,10,3,1
2013460227372,2,9,0,3,0,1,0,0,0,0,2,1,6,2,7,1991,2,4,8,3
2013460227374,1,9,0,5,0,0,0,0,1,10,1,1,6,1,11,1364,1,5,-1,-1
2013460227376,1,5,0,7,0,1,0,0,0,0,1,1,6,1,8,1200,1,4,6,1
2013460227376,2,9,0,7,0,1,0,0,0,0,2,1,1,2,5,1560,2,3,8,1
2013460227377,1,9,0,5,0,2,0,0,0,0,1,1,6,3,-1,-1,-1,-1,-1,-1
2013460227378,1,9,0,18,0,0,1,0,0,0,1,1,6,3,-1,-1,-1,-1,-1,-1
2013460227380,1,2,0,16,0,0,1,0,1,0,3,1,6,1,4,49,1,1,4,2
2013460227387,1,4,0,18,0,0,1,0,0,0,2,1,6,1,4,426,1,12,5,1
2013460227392,1,9,0,9,0,6,0,0,0,0,3,1,6,1,9,1997,1,1,6,1
2013460227392,2,5,0,18,0,1,1,0,0,0,1,1,6,1,7,998,1,7,9,1
2013460227395,1,9,0,18,0,4,0,0,0,0,1,1,6,1,6,1242,1,7,5,1
2013460227395,2,9,0,18,0,8,0,0,0,0,3,1,1,1,5,1149,1,11,7,1
2013460227405,1,9,0,5,0,1,0,0,0,0,2,1,6,2,7,1870,2,9,-1,1
2013460227405,2,9,0,5,0,1,0,0,0,0,1,1,6,2,6,1390,1,11,6,2
2013460227406,1,9,0,18,0,0,0,0,0,0,1,1,6,3,-1,1796,1,15,-1,-1
2013460227406,2,9,0,18,0,0,0,0,0,0,2,1,6,2,8,1791,8,1,9,3
2013460227407,1,9,0,9,0,5,0,0,0,0,4,1,6,1,10,-1,-1,-1,-1,-1
2013460227407,2,9,0,18,0,8,0,0,0,0,4,1,6,2,5,1870,2,9,6,1
2013460227408,1,9,0,9,0,2,0,0,0,0,4,1,6,2,5,1200,1,-1,-1,-1
2013460227408,2,1,0,17,0,1,0,0,0,0,1,1,6,1,9,-1,-1,-1,-1,-1
2013460227417,1,9,0,9,0,5,0,0,0,0,3,1,6,1,4,1388,1,9,4,1
2013460227422,1,9,0,18,0,1,0,0,0,0,4,1,6,2,6,1587,1,12,4,1
2013460227423,1,9,0,13,2,1,0,0,0,0,0,1,6,3,-1,-1,-1,-1,-1,-1
2013460227423,2,11,0,18,2,1,0,0,0,0,0,1,1,2,7,7300,2,6,3,1
2013460227426,1,90,0,9,0,8,0,0,0,0,1,1,1,2,5,2987,2,3,10,2
2013460227426,2,9,0,18,0,8,0,0,0,0,3,1,6,1,10,1299,1,8,5,1
2013460227427,1,9,0,18,0,1,0,0,0,0,2,1,6,1,6,2000,1,9,-1,-1
2013460227427,2,9,0,18,0,1,0,0,0,0,1,1,1,1,7,1968,2,4,1,1
2013460227428,1,90,0,18,0,0,5,0,0,0,0,1,6,1,8,800,1,-1,7,1
2013460227428,2,9,0,18,0,0,0,0,0,0,0,1,6,1,8,1997,2,3,5,3
2013460227440,1,9,0,12,0,0,0,0,0,0,1,1,6,1,9,1396,1,-1,-1,-1
2013460227440,2,9,0,18,0,0,0,0,7,0,2,1,6,2,6,1240,1,8,4,1
2013460227440,3,9,0,2,0,0,0,0,0,0,4,1,6,1,6,1796,1,14,10,3
2013460227443,1,9,0,5,0,3,0,0,0,0,0,1,6,1,7,1598,1,9,2,1
2013460227445,1,1,0,13,0,1,0,0,0,0,4,1,6,1,5,-1,-1,-1,2,1
2013460227445,2,9,0,18,0,1,0,0,0,0,3,1,6,2,9,1597,1,6,6,1
2013460227448,1,11,0,18,0,1,0,0,0,0,1,1,1,1,7,7300,2,10,8,3
2013460227448,2,9,0,18,0,1,0,0,0,0,1,1,6,2,4,1341,1,10,-1,-1
2013460227452,1,9,0,18,0,0,0,0,0,0,1,1,6,1,6,1796,1,9,7,1
2013460227454,1,3,0,16,0,0,0,0,0,0,1,1,6,3,-1,-1,-1,-1,-1,-1
2013460227454,2,1,0,16,0,0,0,0,0,0,2,1,6,2,2,-1,-1,-1,4,2
2013460227455,1,9,0,7,0,5,0,7,0,0,1,1,6,1,7,1299,1,13,-1,-1
2013460227455,2,9,0,18,0,1,0,0,0,0,0,1,6,3,-1,-1,-1,-1,-1,-1
2013460227457,1,9,0,18,0,0,0,0,0,0,3,1,6,1,8,1796,1,12,2,1
2013460227457,2,9,0,18,0,0,0,0,0,0,4,1,6,3,-1,-1,-1,-1,-1,-1
2013460227458,1,9,0,18,0,8,0,0,7,10,1,1,6,2,9,1598,1,7,6,3
2013460227458,2,9,0,18,0,8,0,0,7,10,1,1,6,2,7,1398,2,3,7,1
2013460227459,1,9,0,3,0,0,0,0,0,0,3,1,6,2,10,1896,2,5,7,3
2013460227459,2,1,0,18,0,0,0,0,7,10,4,1,6,1,6,-1,-1,-1,7,3
2013460227461,1,11,0,9,0,6,0,0,0,0,0,1,6,1,-1,-1,-1,-1,-1,-1
2013460227461,2,9,0,18,0,1,1,0,1,10,4,1,6,2,9,1242,1,3,7,1
2013460227463,1,1,0,18,0,1,0,0,0,0,3,1,1,1,4,-1,-1,-1,-1,-1
2013460227463,2,19,0,18,0,1,0,0,0,0,3,1,2,1,6,1870,2,7,3,1
2013460227464,1,9,0,4,0,1,0,0,0,0,1,1,6,1,6,1685,2,-1,3,1
2013460227464,2,9,0,4,0,1,0,0,0,0,2,1,6,2,5,1390,1,1,3,1
2013460227464,3,9,0,9,0,5,0,0,0,0,0,1,6,3,-1,-1,-1,-1,-1,-1
2013460227471,1,9,0,2,0,0,0,0,0,0,3,1,3,2,8,1896,2,8,7,3
2013460227471,2,9,0,18,0,0,0,0,0,0,1,1,2,2,-1,-1,-1,-1,-1,-1
2013460227478,1,9,0,12,0,0,0,0,0,0,1,1,3,2,6,1400,1,8,7,1
2013460227483,1,2,0,18,0,1,0,0,0,0,4,1,6,1,4,49,1,9,4,1
2013460227486,1,3,0,16,0,1,0,0,0,0,1,1,6,1,4,-1,-1,-1,2,1
2013460227487,1,9,0,18,0,1,0,0,0,0,4,1,6,2,6,1753,2,8,9,3
2013460227488,1,9,0,9,0,6,0,0,0,0,4,1,6,1,10,1399,1,7,8,1
2013460227488,2,9,0,18,0,1,0,0,1,0,1,1,6,2,6,998,1,2,9,1
2013460227490,1,21,0,11,0,8,2,10,1,0,4,1,1,1,8,11705,2,5,3,1
2013460227492,1,11,0,18,0,1,0,0,0,0,1,1,1,2,9,-1,-1,-1,3,1
2013460227492,2,9,0,3,0,1,0,0,0,0,2,1,3,1,6,1598,1,11,1,1
2013460227492,3,9,0,3,0,1,0,0,0,0,2,1,3,2,8,1396,1,14,3,1
2013460227494,1,9,0,16,0,0,1,0,0,0,1,1,2,1,6,1896,2,18,8,2
2013460227494,2,9,0,17,0,0,1,0,0,0,1,1,2,2,9,1598,1,3,6,1
2013460227502,1,9,0,18,0,0,0,0,0,0,0,1,6,2,6,1598,1,9,5,1
2013460227502,2,9,0,18,0,0,0,0,7,7,1,1,1,1,6,1242,1,7,9,1
2013460227503,1,9,0,16,0,1,0,0,0,0,1,1,2,1,8,1995,2,9,3,1
2013460227503,2,9,0,9,0,8,0,0,0,0,3,1,2,2,5,1299,1,15,9,1
2013460227514,1,9,0,8,0,6,0,0,0,0,1,1,2,1,6,1206,1,3,1,1
2013460227514,2,9,0,8,0,6,0,0,0,0,2,1,2,1,7,1397,1,6,3,1
2013460227517,1,9,0,9,0,2,0,0,0,0,4,1,1,1,8,1497,8,5,2,1
2013460227520,1,9,0,18,0,4,0,0,0,0,1,1,6,1,6,1896,2,8,4,1
2013460227520,2,9,0,9,0,8,0,0,0,0,4,1,6,1,5,1461,2,11,-1,-1
2013460227524,1,9,0,18,0,0,0,0,0,0,2,1,2,2,8,1598,1,7,6,1
2013460227525,1,9,0,18,0,0,0,0,0,0,1,1,6,2,4,1229,1,5,4,1
2013460227527,1,9,0,17,0,0,1,0,7,4,2,1,6,1,6,1398,2,3,8,1
2013460227532,1,9,0,16,0,4,0,0,0,0,1,1,1,1,7,1794,1,11,1,1
2013460227532,2,19,0,18,0,8,5,0,0,0,4,1,1,1,8,2496,2,17,2,1
2013460227533,1,4,0,18,0,0,1,0,0,0,1,1,6,1,8,955,1,16,6,1
2013460227533,2,4,0,9,0,0,0,0,0,0,2,1,6,1,6,125,1,-1,10,1
2013460227534,1,3,0,13,0,0,0,0,0,0,4,1,6,1,4,124,1,30,4,1
2013460227534,2,4,0,18,0,0,0,0,0,0,3,1,6,1,7,450,1,12,5,1
2013460227535,1,9,0,16,0,0,0,0,7,10,1,1,6,2,6,1995,2,8,10,1
2013460227536,1,9,0,18,0,0,0,0,0,0,0,1,6,3,-1,-1,-1,-1,-1,-1
2013460227536,2,9,0,18,0,0,1,0,4,6,1,1,2,2,5,1364,1,6,9,1
2013460227537,1,9,0,18,0,0,0,0,0,0,2,1,6,2,7,1995,2,1,9,1
2013460227537,2,9,0,18,0,0,0,0,0,0,1,1,6,2,4,1149,1,13,4,1
2013460227537,3,9,0,18,0,0,0,0,0,0,1,1,6,1,10,1360,1,9,6,1
2013460227539,1,5,0,18,0,0,1,0,1,10,1,1,6,1,6,-1,-1,-1,7,1
2013460227540,1,9,0,18,0,0,0,0,0,0,4,1,6,2,9,998,1,3,10,2
2013460227541,1,21,0,12,0,0,0,0,0,0,1,1,1,1,9,-1,-1,-1,-1,-1
2013460227541,2,9,0,18,0,0,0,0,1,0,4,1,2,2,8,1587,1,6,2,1
2013460227542,1,9,0,18,7,0,0,0,0,0,2,1,1,1,6,1896,2,5,5,1
2013460227542,2,9,0,2,6,0,0,0,0,0,2,1,1,1,7,1753,2,5,9,1
2013460227542,3,9,0,2,6,0,0,0,0,0,0,1,1,1,7,1686,2,7,3,1
2013460227545,1,9,0,18,0,0,0,0,0,0,1,1,6,2,6,1587,1,10,8,2
2013460227545,2,9,0,4,0,0,0,0,0,0,2,1,6,2,8,1388,1,1,5,1
2013460227546,1,9,0,18,0,0,0,0,0,0,4,1,6,3,-1,-1,-1,-1,-1,-1
2013460227548,1,9,0,18,9,2,0,0,0,0,4,1,1,2,6,1598,1,10,-1,-1
2013460227548,2,9,0,7,0,6,1,0,0,0,1,1,2,2,9,989,1,10,-1,-1
2013460227552,1,9,0,12,0,6,1,0,5,6,3,1,6,1,5,2000,1,15,-1,-1
2013460227552,2,21,1,18,0,1,0,0,0,0,4,1,1,1,6,-1,-1,-1,-1,-1
2013460227553,1,9,0,11,0,8,0,0,0,0,3,1,6,1,7,1896,2,10,7,1
2013460227553,2,9,0,11,0,8,0,0,8,7,1,1,2,2,6,1997,2,2,8,1
2013460227554,1,1,0,18,0,0,0,0,0,0,1,1,6,3,-1,-1,-1,-1,-1,-1
2013460227558,1,9,0,18,0,0,0,0,0,0,4,1,6,3,-1,1299,1,13,9,3
2013460227561,1,9,0,18,0,1,0,0,0,0,1,1,6,1,8,2499,2,11,6,2
2013460227561,2,9,0,9,0,1,0,0,0,0,1,1,6,2,7,1598,1,9,4,1
2013460227564,1,9,0,18,0,0,2,0,7,10,0,1,6,2,4,1199,1,12,-1,-1