Accident_Index,Vehicle_Reference,Vehicle_Type,Towing_and_Articulation,Vehicle_Manoeuvre,Vehicle_Location-Restricted_Lane,Junction_Location,Skidding_and_Overturning,Hit_Object_in_Carriageway,Vehicle_Leaving_Carriageway,Hit_Object_off_Carriageway,1st_Point_of_Impact,Was_Vehicle_Left_Hand_Drive?,Journey_Purpose_of_Driver,Sex_of_Driver,Age_Band_of_Driver,Engine_Capacity_(CC),Propulsion_Code,Age_of_Vehicle,Driver_IMD_Decile,Driver_Home_Area_Type
2013460227570,1,9,0,18,0,0,0,0,0,0,1,1,2,2,5,1242,1,10,4,1
2013460227570,2,9,0,3,0,0,0,0,0,0,2,1,6,2,8,1397,1,13,9,1
2013460227571,1,9,0,17,0,0,5,0,7,10,1,1,6,2,4,1149,1,11,8,3
2013460227576,1,9,0,5,0,4,0,0,0,0,3,1,6,2,8,-1,-1,-1,8,3
2013460227576,2,5,0,18,0,8,0,0,0,0,4,1,6,1,4,-1,-1,-1,5,1
2013460227577,1,10,0,18,0,0,0,0,0,0,4,1,6,3,-1,-1,-1,-1,-1,-1
2013460227579,1,11,0,5,0,0,0,0,0,0,0,1,1,1,9,4250,2,-1,2,1
2013460227582,1,9,0,18,0,6,0,0,0,0,1,1,6,1,9,1796,1,12,4,1
2013460227582,2,9,0,4,0,6,0,0,0,0,2,1,6,1,5,1398,2,5,1,1
2013460227584,1,9,0,16,9,0,1,0,1,3,3,1,6,1,5,1149,1,11,9,1
2013460227584,2,9,0,2,9,0,0,0,0,0,3,1,6,3,-1,1997,2,9,7,3
2013460227585,1,9,0,18,0,0,0,0,7,0,1,1,6,1,9,4196,1,8,9,1
2013460227585,2,19,0,18,0,0,5,0,0,0,2,1,6,1,6,1598,2,1,8,1
2013460227585,3,9,0,18,0,0,0,0,1,0,1,1,6,1,8,1796,1,8,9,1
2013460227588,1,9,0,18,0,0,0,0,0,0,1,1,6,1,11,1395,1,-1,-1,-1
2013460227589,1,9,0,18,0,0,0,0,1,4,1,1,6,2,6,1598,1,11,5,1
2013460227591,1,9,0,18,0,6,0,0,0,0,1,1,6,1,10,1364,1,8,4,1
2013460227591,2,9,0,18,0,2,0,0,0,0,4,1,2,1,6,-1,-1,-1,7,1
2013460227593,1,19,0,18,0,0,0,0,0,0,1,1,1,1,7,2143,2,1,6,2
2013460227593,2,9,0,18,0,0,0,0,0,0,2,1,6,1,6,2967,2,5,-1,-1
2013460227594,1,9,0,18,0,0,1,12,4,6,1,1,6,2,4,-1,-1,-1,8,3
2013460227597,1,2,0,13,0,8,0,0,0,0,4,1,6,1,3,49,1,8,4,3
2013460227597,2,9,0,9,0,8,0,0,0,0,3,1,6,1,4,1390,1,9,9,1
2013460227598,1,9,4,18,0,0,0,0,2,7,4,1,6,1,9,2495,2,10,-1,-1
2013460227600,1,5,0,13,0,3,0,0,0,0,1,1,6,1,8,-1,-1,-1,8,2
2013460227600,2,9,0,12,0,3,0,0,0,0,3,1,6,1,7,-1,-1,-1,8,2
2013460227603,1,9,0,18,0,8,0,0,0,0,4,1,6,2,6,1598,1,12,4,2
2013460227603,2,21,0,18,0,8,0,0,0,0,3,2,1,3,-1,-1,-1,-1,-1,-1
2013460227604,1,19,0,1,0,8,0,0,0,0,2,1,6,1,-1,2198,2,2,-1,-1
2013460227604,2,9,0,18,0,8,0,0,0,0,1,1,6,1,6,1560,2,-1,3,1
2013460227606,1,4,0,16,0,0,1,0,0,0,1,1,2,1,8,198,1,12,4,1
2013460227606,2,19,0,17,0,0,0,0,0,0,1,1,2,1,6,2198,2,3,7,1
2013460227612,1,3,0,18,0,1,0,0,0,0,4,1,2,1,5,124,1,4,2,1
2013460227612,2,9,0,18,0,1,0,0,0,0,3,1,2,1,6,1995,2,9,4,1
2013460227616,1,9,0,5,0,0,0,0,0,0,1,1,1,2,7,1598,2,-1,7,1
2013460227618,1,19,0,9,0,8,0,0,0,0,0,1,6,3,-1,1399,2,3,-1,-1
2013460227618,2,9,0,10,0,1,0,0,0,0,1,1,6,1,6,1299,1,8,5,1
2013460227618,3,9,0,18,0,8,0,0,0,0,4,1,6,1,6,1997,2,12,2,1
2013460227641,1,9,0,18,0,2,0,0,1,2,1,1,6,2,9,1388,1,2,7,1
2013460227642,1,9,0,18,0,1,0,0,0,0,1,1,6,1,4,1388,1,12,7,1
2013460227642,2,9,0,10,0,1,0,0,0,0,2,1,6,2,6,1753,2,9,9,1
2013460227646,1,19,0,11,0,1,0,0,0,0,4,1,1,1,9,-1,-1,-1,9,1
2013460227646,2,9,0,18,0,1,0,0,5,0,3,1,2,2,7,1896,2,10,6,2
2013460227647,1,9,0,4,0,0,0,0,0,0,0,1,6,3,-1,-1,-1,-1,-1,-1
2013460227647,2,1,0,18,0,0,1,0,0,0,1,1,6,1,6,-1,-1,-1,7,3
2013460227647,3,1,0,18,0,0,1,0,1,10,1,1,6,1,6,-1,-1,-1,8,3
2013460227650,1,9,0,18,0,8,0,10,4,1,1,1,6,1,6,1998,1,10,5,3
2013460227654,1,9,0,18,0,1,0,0,0,0,0,1,6,3,-1,-1,-1,-1,-1,-1
2013460227654,2,2,0,18,0,1,0,0,0,0,0,1,6,1,8,49,1,-1,2,1
2013460227655,1,9,0,9,0,5,0,0,0,0,4,1,6,2,4,1275,1,15,6,3
2013460227655,2,9,0,17,0,1,0,0,0,0,1,1,6,1,4,2495,2,17,3,1
2013460227657,1,9,0,3,0,0,0,0,0,0,1,1,6,2,8,1390,1,12,9,1
2013460227657,2,9,0,3,0,0,1,0,0,0,2,1,6,2,11,1997,2,3,8,1
2013460227658,1,-1,0,18,0,0,0,0,0,0,3,1,6,3,-1,-1,-1,-1,-1,-1
2013460227658,2,9,0,18,0,0,0,0,1,10,3,1,3,2,6,1796,1,6,10,1
2013460227659,1,9,0,18,0,1,0,0,7,10,3,1,1,1,-1,-1,-1,-1,-1,-1
2013460227659,2,9,0,18,0,1,0,0,0,0,3,1,6,2,7,1968,2,4,-1,-1
2013460227659,3,9,0,18,0,1,0,0,0,0,1,1,6,2,8,1870,2,11,-1,-1
2013460227662,1,19,0,18,0,0,0,0,0,0,1,1,6,1,4,2449,2,16,5,3
2013460227662,2,9,0,18,0,0,0,0,0,0,1,1,6,2,10,1896,2,6,8,2
2013460227664,1,9,0,1,0,2,0,0,0,0,2,1,6,3,-1,-1,-1,-1,-1,-1
2013460227667,1,9,0,9,0,1,0,0,0,0,1,1,6,1,8,1596,1,11,1,1
2013460227670,1,21,0,11,0,0,0,0,0,0,4,1,1,1,6,12777,2,6,4,1
2013460227670,2,9,0,18,0,0,1,0,0,0,3,1,6,1,8,1910,2,6,8,1
2013460227672,1,9,0,5,0,8,0,0,0,0,0,1,3,3,-1,-1,-1,-1,-1,-1
2013460227672,2,3,0,16,0,8,0,0,0,0,0,1,6,1,4,124,1,7,1,1
2013460227675,1,9,0,9,6,0,0,0,0,0,4,1,2,2,8,-1,-1,-1,6,3
2013460227675,2,3,0,18,0,0,0,0,1,0,1,1,2,1,4,124,1,3,6,1
2013460227679,1,9,0,13,0,1,0,0,7,4,1,1,6,1,6,1896,2,7,5,1
2013460227679,2,9,0,9,0,8,0,0,0,0,0,1,6,1,5,1990,1,14,3,1
2013460227680,1,9,0,17,0,6,0,0,0,0,3,1,6,2,9,1149,1,11,7,1
2013460227680,2,11,0,18,0,1,0,0,0,0,3,1,6,1,7,4461,2,-1,2,1
2013460227681,1,9,0,7,0,1,0,0,0,0,3,1,6,2,4,998,1,4,-1,-1
2013460227681,2,9,0,18,0,1,0,0,7,0,1,1,1,1,6,-1,-1,-1,9,1
2013460227683,1,-1,0,18,0,0,0,0,0,0,0,1,6,3,-1,-1,-1,-1,-1,-1
2013460227685,1,21,0,18,0,1,0,0,0,0,0,1,1,1,9,3920,2,3,7,3
2013460227685,2,10,0,18,0,1,0,0,0,0,0,1,3,1,7,-1,-1,-1,2,1
2013460227687,1,19,0,9,0,1,0,0,0,0,3,1,1,1,6,2198,2,2,9,1
2013460227687,2,9,0,18,0,1,0,0,0,0,1,1,6,2,6,1896,2,11,7,2
2013460227688,1,9,0,9,0,6,0,0,0,0,3,1,6,1,6,2260,1,11,3,1
2013460227688,2,9,0,17,0,8,0,0,0,0,1,1,6,1,10,2231,2,3,6,3
2013460227690,1,9,0,14,0,1,1,0,0,0,1,1,6,2,7,-1,-1,-1,8,2
2013460227690,2,9,0,18,0,2,0,0,7,4,2,1,2,1,7,1461,2,11,5,1
2013460227691,1,9,0,1,0,0,0,0,0,0,0,1,6,1,7,-1,-1,-1,-1,-1
2013460227693,1,9,0,18,0,0,0,0,0,0,1,1,6,3,-1,-1,-1,-1,-1,-1
2013460227693,2,9,0,18,0,0,0,0,0,0,2,1,6,2,11,998,1,6,5,1
2013460227695,1,9,0,7,0,1,0,0,0,0,3,1,1,1,6,1149,1,14,4,1
2013460227695,2,9,0,9,0,8,0,0,0,0,1,1,1,2,7,1299,1,12,1,1
2013460227698,1,9,0,18,0,1,0,0,0,0,1,1,6,1,5,1798,1,13,3,1
2013460227698,2,9,0,3,0,1,0,0,0,0,2,1,6,2,6,-1,-1,-1,8,3
2013460227701,1,9,0,9,0,8,0,0,0,0,1,1,6,2,5,1149,1,11,10,2
2013460227701,2,9,0,18,0,8,0,0,0,0,2,1,1,1,6,1997,2,5,7,1
2013460227706,1,9,0,12,0,8,0,0,0,0,0,1,6,2,5,-1,-1,-1,-1,-1
2013460227706,2,9,0,18,0,8,1,6,8,10,3,1,2,1,6,1587,1,13,4,1
2013460227713,1,9,0,18,0,1,0,0,0,0,1,1,6,3,-1,-1,-1,-1,-1,-1
2013460227714,1,9,0,8,0,1,0,0,0,0,1,1,2,2,9,3199,1,9,9,3
2013460227714,2,3,0,8,0,1,0,0,0,0,2,1,6,1,4,124,1,7,5,1
2013460227720,1,9,0,9,0,6,0,0,0,0,3,1,1,1,7,1589,1,14,-1,-1
2013460227720,2,9,0,17,0,8,0,0,0,0,1,1,1,2,5,-1,-1,-1,8,1
2013460227721,1,9,0,4,0,1,0,0,0,0,1,1,1,1,5,1560,2,4,7,3
2013460227721,2,9,0,3,0,1,0,0,0,0,3,1,3,2,5,2497,2,7,4,1
2013460227721,3,9,0,10,0,1,0,0,0,0,3,1,1,2,5,1995,2,2,6,3
2013460227723,1,9,0,18,0,1,0,0,0,0,2,1,6,2,8,4008,1,16,3,1
2013460227723,2,9,0,18,0,7,0,0,0,0,2,1,6,2,10,1896,2,16,4,2
2013460227725,1,9,0,9,0,1,0,0,0,0,1,1,1,1,8,1968,2,3,2,1
2013460227725,2,1,0,18,0,1,0,0,0,0,4,1,2,1,6,-1,-1,-1,1,1
2013460227727,1,9,0,16,0,3,5,0,4,6,3,1,1,1,5,2198,2,1,7,1
2013460227731,1,9,0,4,0,2,0,0,0,0,2,1,6,2,6,1240,1,9,-1,-1
2013460227731,2,9,0,18,0,2,0,0,0,0,1,1,6,2,4,999,1,-1,9,1
2013460227731,3,9,0,18,0,2,0,0,0,0,1,1,1,1,4,-1,-1,-1,8,1
2013460227733,1,9,0,14,0,0,0,0,0,0,1,1,6,1,9,2495,2,12,8,2
2013460227733,2,9,0,18,0,0,0,0,7,0,1,1,6,2,8,1560,2,4,6,3
2013460227733,3,21,0,2,0,0,0,0,0,0,0,1,1,1,6,5880,2,4,9,2
2013460227733,4,21,0,2,0,0,0,0,0,0,0,1,1,1,9,6692,2,1,1,1
2013460227737,1,9,0,18,0,0,5,7,2,10,1,1,6,1,9,-1,-1,-1,2,1
2013460227744,1,9,0,9,0,8,0,0,0,0,3,1,6,1,9,1598,1,1,-1,-1
2013460227744,2,9,0,18,0,1,0,0,0,0,1,1,6,1,6,1749,1,12,5,1
2013460227747,1,9,0,18,0,0,0,0,0,0,1,1,6,3,-1,-1,-1,-1,-1,-1
2013460227747,2,9,0,4,0,0,0,0,0,0,1,1,6,1,9,1493,2,2,6,1
2013460227749,1,9,0,18,0,0,0,0,7,10,1,1,6,1,10,1360,1,7,8,1
2013460227752,1,9,0,18,0,2,0,7,0,0,1,1,6,1,10,1339,1,3,-1,-1
2013460227756,1,9,0,18,0,4,0,0,0,0,1,1,6,2,11,1061,1,9,4,2
2013460227756,2,1,0,9,0,4,0,0,0,0,4,1,4,1,4,-1,-1,-1,9,2
2013460227758,1,9,0,18,0,0,1,0,1,0,1,1,6,1,5,1390,1,11,10,1
2013460227758,2,9,0,18,0,0,0,0,0,0,1,1,6,2,6,1298,1,11,2,1
2013460227760,1,9,0,17,0,0,0,0,0,0,1,1,6,3,-1,1587,1,11,-1,-1
2013460227760,2,9,0,2,0,0,0,0,0,0,2,1,6,2,5,-1,-1,-1,4,1
2013460227764,1,9,0,6,0,8,0,0,0,0,1,1,6,1,4,1229,1,8,8,1
2013460227764,2,9,0,18,0,8,0,0,0,0,4,1,6,2,4,698,1,10,4,1
2013460227768,1,1,0,18,0,6,0,0,0,0,3,1,6,1,2,-1,-1,-1,2,1
2013460227768,2,9,0,18,0,1,0,0,0,0,1,1,2,1,9,1910,2,5,-1,-1
2013460227771,1,9,0,18,0,0,0,7,0,0,1,1,6,2,6,1596,1,8,2,1
2013460227774,1,9,0,18,0,0,0,0,0,0,4,1,6,1,7,998,1,12,4,1
2013460227776,1,9,0,5,0,8,0,0,0,0,3,1,6,1,10,-1,-1,-1,-1,-1
2013460227776,2,9,0,18,0,8,0,0,0,0,4,1,6,1,5,1896,2,8,-1,-1
2013460227783,1,-1,0,3,0,1,0,0,0,0,1,1,6,3,-1,-1,-1,-1,-1,-1
2013460227783,2,19,0,3,0,1,0,0,0,0,2,1,2,1,9,-1,-1,-1,8,1
2013460227789,1,19,0,18,0,0,2,0,1,0,4,1,1,1,8,1560,2,4,5,3
2013460227792,1,9,0,16,0,0,1,0,0,0,1,1,1,1,4,1590,1,21,9,1
2013460227792,2,9,0,15,0,0,0,0,0,0,1,1,1,1,7,1582,2,5,6,1
2013460227795,1,9,0,18,0,0,0,0,0,0,1,1,6,1,4,1299,1,8,9,1
2013460227795,2,19,0,18,0,0,0,0,7,10,1,1,2,1,11,-1,-1,-1,6,3
2013460227796,1,9,0,18,0,0,0,0,0,0,1,1,6,1,6,-1,-1,-1,3,1
2013460227796,2,9,0,4,0,0,0,0,0,0,2,1,6,2,8,-1,-1,-1,8,1
2013460227796,3,9,0,18,0,0,0,0,0,0,2,1,6,1,8,-1,-1,-1,3,1
2013460227797,1,9,0,18,0,0,0,0,7,1,1,1,6,1,5,1994,1,12,3,1
2013460227804,1,9,0,10,0,1,0,0,0,0,3,1,6,1,11,3222,2,10,8,1
2013460227804,2,9,0,18,0,8,0,10,0,0,4,1,6,2,8,1198,1,9,4,1
2013460227807,1,9,0,18,0,1,0,0,0,0,1,1,6,2,7,1596,1,11,4,1
2013460227807,2,9,0,8,0,1,0,0,0,0,2,1,6,2,4,1242,1,12,9,1
2013460227808,1,9,0,18,0,0,5,0,0,0,1,1,6,2,5,998,1,8,4,1
2013460227808,2,9,0,2,0,0,0,0,0,0,2,1,6,2,5,1199,1,12,8,1
2013460227808,3,9,0,2,0,0,0,0,0,0,2,1,6,2,8,1997,2,5,8,1
2013460227809,1,9,0,18,0,1,0,0,1,10,3,1,6,2,7,1242,1,1,8,1
2013460227811,1,9,0,9,0,8,0,0,0,0,1,1,6,1,10,2143,2,4,6,2
2013460227811,2,9,0,18,0,1,0,0,1,10,1,1,6,1,6,1968,2,8,2,1
2013460227811,3,19,0,2,0,2,0,0,0,0,2,1,6,1,10,2402,2,7,5,3
2013460227811,4,9,0,2,0,2,0,0,0,0,2,1,6,1,10,2990,1,19,5,3
2013460227811,5,9,0,2,0,2,0,0,0,0,4,1,6,2,9,1999,1,6,5,3
2013460227812,1,9,0,1,0,2,0,0,0,0,2,1,6,3,-1,-1,-1,-1,-1,-1
2013460227818,1,9,0,18,0,0,0,0,0,0,1,1,6,1,4,1124,1,12,4,1
2013460227818,2,9,0,4,0,0,0,0,0,0,2,1,6,1,5,998,1,11,8,3
2013460227821,1,9,0,5,0,6,0,0,0,0,3,1,2,1,5,1895,1,13,6,3
2013460227821,2,9,0,18,0,1,0,0,0,0,1,1,6,1,6,1598,1,15,7,1
2013460227828,1,3,0,16,0,1,0,0,7,10,3,1,6,1,6,125,1,2,3,1
2013460227830,1,9,0,4,0,0,0,0,0,0,1,1,6,2,4,1242,1,15,-1,-1
2013460227830,2,9,0,4,0,0,0,0,0,0,2,1,6,1,6,-1,-1,-1,-1,-1
2013460227835,1,9,0,18,0,0,5,0,1,4,1,1,6,1,5,2500,2,18,6,2
2013460227836,1,9,0,13,0,1,0,0,0,0,0,1,6,1,4,-1,-1,-1,-1,-1
2013460227836,2,9,0,18,0,1,0,0,0,0,0,1,6,2,7,-1,-1,-1,1,1
2013460227837,1,9,0,7,0,6,0,0,0,0,1,1,6,2,5,1242,1,9,2,1
2013460227837,2,9,0,3,0,2,0,0,0,0,2,1,6,1,7,2959,2,6,9,1
2013460227839,1,21,1,12,0,0,0,0,0,0,2,2,1,1,6,-1,-1,-1,-1,-1
2013460227839,2,9,0,13,0,0,1,0,1,4,1,1,2,1,5,1242,1,8,4,1
2013460227840,1,1,0,18,0,0,0,0,0,0,1,1,6,1,6,-1,-1,-1,-1,-1
2013460227841,1,9,0,18,0,0,0,0,0,0,1,1,6,1,11,1498,1,3,10,1
2013460227841,2,9,0,2,0,0,0,0,0,0,2,1,6,1,10,1845,1,17,9,1
2013460227841,3,9,0,2,0,0,0,0,0,0,2,1,6,1,8,2148,2,6,8,2
2013460227844,1,5,0,13,0,0,1,0,0,0,1,1,6,1,8,892,1,11,-1,-1
2013460227844,2,9,0,16,0,0,0,0,0,0,1,1,6,2,6,1198,1,2,8,3
2013460227844,3,1,0,18,0,0,0,0,0,0,3,1,6,1,7,-1,-1,-1,8,3
2013460227844,4,1,0,18,0,0,0,0,0,0,3,1,6,1,4,-1,-1,-1,10,1
2013460227847,1,9,0,16,0,0,0,0,0,0,1,1,6,1,5,1388,1,12,5,1
2013460227847,2,19,0,17,0,0,0,0,0,0,1,1,6,2,6,1868,2,11,9,2
2013460227848,1,9,0,13,0,0,2,0,0,0,1,1,6,1,7,1149,1,10,2,1
2013460227848,2,9,0,18,0,0,0,0,4,6,3,1,6,1,7,2204,2,7,2,1
2013460227849,1,9,0,18,0,0,0,0,0,0,1,1,2,1,7,1461,2,-1,2,1
2013460227849,2,9,0,4,0,0,0,0,0,0,2,1,6,1,11,1360,1,12,8,1
2013460227851,1,9,0,16,0,0,0,0,0,0,4,1,6,1,8,-1,-1,-1,6,1
2013460227852,1,9,0,16,0,8,0,0,0,0,3,1,6,1,5,1364,1,5,5,1
2013460227852,2,9,0,17,0,8,0,0,0,0,3,1,6,2,5,1242,1,1,6,1
2013460227853,1,9,0,18,0,3,0,0,0,0,1,1,6,1,7,1995,2,-1,8,1
2013460227853,2,9,0,7,0,6,0,0,0,0,3,1,6,2,6,1398,1,1,7,3
2013460227861,1,9,0,9,0,5,0,0,0,0,4,1,6,2,7,1896,2,10,10,3
2013460227861,2,1,0,18,0,8,0,0,0,0,1,1,6,1,7,-1,-1,-1,5,1
2013460227865,1,9,0,17,0,0,1,0,2,10,4,1,2,2,6,1596,1,9,4,1
2013460227865,2,9,0,18,0,0,0,0,0,0,1,1,6,1,8,1991,2,5,2,1
2013460227869,1,9,0,18,0,0,0,0,0,0,4,1,6,2,10,1242,1,2,7,1
2013460227869,2,1,0,18,0,0,0,0,0,0,3,1,6,1,6,-1,-1,-1,2,1
2013460227869,3,1,0,18,0,0,0,0,0,0,1,1,6,1,8,-1,-1,-1,9,1
2013460227870,1,9,0,18,0,0,5,0,1,0,4,1,3,1,4,1149,1,11,10,1
2013460227870,2,9,0,18,0,0,0,0,0,0,0,1,6,1,6,1984,2,1,5,3
2013460227878,1,9,0,18,0,4,0,0,0,0,4,1,6,2,7,1461,2,10,3,1
2013460227878,2,1,0,18,0,4,0,0,0,0,3,1,6,1,6,-1,-1,-1,8,1
2013460227879,1,9,0,9,0,6,0,0,0,0,3,1,6,2,7,1242,1,4,4,1
2013460227879,2,19,0,18,0,1,1,0,0,0,1,1,1,1,8,2198,2,1,4,1
2013460227891,1,9,0,16,0,1,0,0,0,0,1,1,6,2,7,1360,1,11,7,1
2013460227894,1,9,0,16,0,1,0,0,7,3,4,1,2,1,6,1998,1,13,8,3
2013460227894,2,9,0,17,0,1,0,0,0,0,1,1,6,1,8,1896,2,4,4,3
2013460227899,1,9,0,1,0,0,0,0,0,0,2,1,3,3,-1,-1,-1,-1,-1,-1
2013460227903,1,9,0,18,0,0,0,0,1,0,3,1,1,2,6,999,1,6,10,1
2013460227903,2,9,0,18,0,0,0,0,1,0,3,1,1,2,7,1753,2,7,8,2
2013460227905,1,9,0,18,0,1,0,0,0,0,1,1,6,1,6,1796,1,8,4,1
2013460227905,2,9,0,4,0,1,0,0,0,0,2,1,6,1,6,1598,1,11,5,1
2013460227906,1,19,0,5,0,0,0,0,0,0,0,1,1,1,10,1560,2,5,8,1
2013460227906,2,9,0,18,0,0,5,0,0,0,1,1,2,1,6,1196,1,23,2,1
2013460227906,3,9,0,2,0,0,0,0,0,0,1,1,6,2,7,1596,1,8,4,1
2013460227906,4,9,0,2,0,0,0,0,0,0,2,1,6,1,8,1796,1,14,4,1
2013460227908,1,9,0,18,0,0,2,0,0,0,4,1,6,2,6,2967,1,13,4,1
2013460227908,2,9,0,18,0,0,0,0,1,1,1,1,6,2,5,1997,2,4,1,1
2013460227909,1,9,0,18,0,0,0,0,0,0,2,1,6,3,-1,-1,-1,-1,-1,-1
2013460227909,2,9,0,18,0,0,0,0,0,0,1,1,6,1,5,1229,1,1,3,1
2013460227911,1,9,0,18,0,0,0,0,0,0,1,1,6,2,7,1796,1,7,9,1
2013460227916,1,9,0,18,0,1,0,0,0,0,3,1,6,1,-1,-1,-1,-1,-1,-1
2013460227916,2,9,0,18,0,2,0,0,0,0,3,1,6,1,8,1597,1,16,2,1
2013460227918,1,1,0,18,0,1,0,0,0,0,1,1,6,2,7,-1,-1,-1,4,1
2013460227920,1,19,0,1,0,8,0,0,0,0,2,1,1,1,7,-1,-1,-1,5,2
2013460227920,2,9,0,3,0,1,0,0,0,0,1,1,6,2,5,1396,1,12,3,1
2013460227921,1,9,0,9,0,0,0,0,0,0,1,1,1,1,6,1910,2,8,4,1
2013460227921,2,1,0,18,0,0,0,0,0,0,1,1,6,1,7,-1,-1,-1,2,1
2013460227923,1,9,0,18,0,0,1,0,8,6,3,1,6,1,6,1990,1,18,9,1
2013460227924,1,9,0,16,0,0,1,0,0,0,1,1,6,1,9,1289,1,16,3,1
2013460227924,2,19,0,17,0,0,0,0,0,0,1,1,1,1,6,2143,2,1,5,1
2013460227925,1,9,0,18,0,4,0,0,0,0,3,1,6,1,5,1360,1,3,9,1
2013460227925,2,3,0,9,0,8,0,0,0,0,1,1,6,1,5,125,1,4,1,1
2013460227927,1,1,0,14,0,0,0,4,0,0,4,1,6,1,8,-1,-1,-1,5,1
2013460227927,2,9,0,2,0,0,0,0,0,0,3,1,6,1,7,1998,1,9,5,1
2013460227928,1,20,0,11,0,2,0,0,0,0,4,1,6,1,8,5861,2,19,6,3
2013460227928,2,9,0,18,0,6,0,0,0,0,3,1,6,2,6,1461,2,3,6,1
2013460227930,1,9,0,17,0,8,1,0,1,10,3,1,2,2,6,1149,1,11,-1,-1
2013460227930,2,9,0,2,0,2,0,0,0,0,3,1,6,1,-1,2970,1,17,-1,-1
2013460227931,1,21,1,8,0,1,3,0,0,0,2,1,1,1,8,12777,2,5,1,1
2013460227931,2,9,0,18,0,3,0,0,0,0,3,1,1,1,6,1999,1,7,8,3
2013460227938,1,19,0,18,0,1,0,0,0,0,0,1,6,3,-1,-1,-1,-1,-1,-1
2013460227938,2,3,0,18,0,1,0,0,0,0,0,1,2,1,5,-1,-1,-1,4,1
2013460227943,1,9,0,18,0,1,1,0,0,0,1,1,6,2,5,1396,1,5,6,1
2013460227943,2,9,0,3,0,1,0,0,0,0,2,1,1,1,8,2460,2,9,6,1
2013460227946,1,9,0,18,0,4,0,0,0,0,1,1,6,1,8,1796,1,4,-1,-1
2013460227946,2,1,0,18,0,8,0,0,0,0,4,1,6,1,7,-1,-1,-1,-1,-1
2013460227947,1,11,0,18,0,1,0,0,0,0,4,1,1,1,6,9600,2,18,1,1
2013460227948,1,9,0,16,0,0,1,0,0,0,1,1,6,1,8,2402,2,2,5,3
2013460227948,2,9,0,17,0,0,0,0,0,0,1,1,6,2,6,1988,1,10,4,3
2013460227952,1,9,0,4,0,1,0,0,0,0,1,1,6,2,8,1242,1,2,5,1
2013460227952,2,9,0,4,0,1,0,0,0,0,2,1,6,2,5,1149,1,8,7,1
2013460227956,1,9,0,12,0,0,0,0,0,0,0,1,6,3,-1,-1,-1,-1,-1,-1
2013460227956,2,9,0,18,0,0,0,0,5,6,3,1,6,2,8,1796,1,7,2,1
2013460227959,1,9,0,18,0,1,0,0,0,0,1,1,6,2,6,1796,1,3,3,1
2013460227959,2,20,0,3,0,1,0,0,0,0,2,1,1,1,6,2496,2,14,4,1
2013460227959,3,9,0,3,0,1,0,0,0,0,2,1,6,1,8,-1,-1,-1,10,1
2013460227960,1,9,0,9,0,8,0,0,0,0,0,1,6,3,-1,1242,1,8,-1,-1
2013460227960,2,9,0,18,0,1,0,0,0,0,1,1,6,2,4,1299,1,12,8,2
2013460227960,3,9,0,4,0,1,0,0,0,0,2,1,6,1,4,1242,1,15,9,2
2013460227961,1,19,0,18,0,8,0,0,0,0,1,1,1,1,6,2402,2,7,5,1
2013460227961,2,9,0,17,0,8,0,0,0,0,3,1,6,1,11,1396,1,10,2,1
2013460227962,1,1,0,18,0,8,0,0,1,0,4,1,6,1,6,-1,-1,-1,6,1
2013460227966,1,1,0,9,0,0,0,0,0,0,4,1,6,1,7,-1,-1,-1,9,1
2013460227966,2,5,0,18,0,0,0,0,0,0,1,1,6,1,8,865,1,5,7,1
2013460227967,1,9,0,10,0,1,0,0,0,0,1,1,6,1,8,-1,-1,-1,9,1
2013460227967,2,9,0,18,0,1,0,0,0,0,1,1,6,2,4,2143,2,-1,6,1
2013460227970,1,9,0,14,0,0,0,4,0,0,1,1,6,2,5,1598,1,11,4,3
2013460227970,2,9,0,2,0,0,0,0,0,0,2,1,6,1,9,998,1,1,3,1
2013460227970,3,9,0,2,0,0,0,0,0,0,2,1,6,1,11,1120,1,16,7,3
2013460227970,4,9,0,2,0,0,0,0,0,0,2,1,6,2,9,1598,1,9,5,2
2013460227970,5,9,0,18,0,0,0,0,0,0,0,1,6,3,-1,-1,-1,-1,-1,-1
2013460227980,1,9,0,18,0,0,0,0,0,0,4,1,6,2,10,1299,1,8,10,2
2013460227982,1,9,0,9,0,6,0,0,0,0,1,1,6,1,10,1896,2,3,4,3
2013460227982,2,9,0,17,0,1,0,0,0,0,1,1,6,2,7,2720,2,5,6,3
2013460227984,1,9,0,5,0,1,0,0,0,0,1,1,6,2,5,1390,1,10,4,1
2013460227985,1,9,0,18,0,0,0,0,0,0,4,1,6,3,-1,-1,-1,-1,-1,-1
2013460227985,2,1,0,18,0,0,0,0,0,0,3,1,6,1,7,-1,-1,-1,2,1
2013460227991,1,9,0,18,0,0,0,7,0,0,1,1,6,2,7,1997,2,11,6,1
2013460227994,1,9,0,1,0,0,0,0,0,0,2,1,6,1,9,1587,1,6,5,3
2013460227994,2,1,0,3,0,0,0,0,0,0,1,1,6,2,3,-1,-1,-1,5,3