Accident_Index,Vehicle_Reference,Vehicle_Type,Towing_and_Articulation,Vehicle_Manoeuvre,Vehicle_Location-Restricted_Lane,Junction_Location,Skidding_and_Overturning,Hit_Object_in_Carriageway,Vehicle_Leaving_Carriageway,Hit_Object_off_Carriageway,1st_Point_of_Impact,Was_Vehicle_Left_Hand_Drive?,Journey_Purpose_of_Driver,Sex_of_Driver,Age_Band_of_Driver,Engine_Capacity_(CC),Propulsion_Code,Age_of_Vehicle,Driver_IMD_Decile,Driver_Home_Area_Type
2013460227995,1,9,0,11,0,1,1,0,1,0,1,1,6,1,6,1229,1,6,-1,-1
2013460227995,2,9,0,16,0,1,0,0,0,0,1,1,6,2,8,1339,1,1,10,1
2013460227998,1,9,0,3,0,1,0,0,0,0,1,1,6,3,-1,-1,-1,-1,-1,-1
2013460227998,2,9,0,3,0,1,0,0,0,0,2,1,2,2,7,1896,2,10,7,1
2013460227999,1,9,0,18,0,2,0,0,0,0,1,1,6,1,9,1388,1,13,5,1
2013460227999,2,1,0,18,0,2,0,0,0,0,1,1,6,1,2,-1,-1,-1,5,1
2013460228005,1,9,0,18,0,8,0,0,0,0,1,1,6,3,-1,-1,-1,-1,-1,-1
2013460228005,2,9,0,18,0,8,1,0,2,7,2,1,6,1,9,-1,-1,-1,5,1
2013460228005,3,21,1,18,0,8,0,0,0,0,4,1,6,3,-1,-1,-1,-1,-1,-1
2013460228008,1,9,0,9,0,8,0,0,0,0,3,1,6,2,9,1896,2,7,5,1
2013460228008,2,9,0,9,0,8,0,0,0,0,4,1,6,1,11,1390,1,2,10,1
2013460228011,1,11,0,18,0,1,0,0,0,0,1,1,1,1,9,7300,2,5,8,1
2013460228015,1,9,0,18,0,1,0,0,0,0,1,2,6,1,6,-1,-1,-1,7,3
2013460228015,2,9,0,4,0,1,0,0,0,0,2,1,6,2,8,1229,1,3,9,2
2013460228015,3,9,0,4,0,1,0,0,0,0,2,1,6,1,-1,-1,-1,-1,6,2
2013460228018,1,1,0,18,0,1,1,0,0,0,1,1,2,1,5,-1,-1,-1,7,1
2013460228019,1,9,0,13,0,0,0,0,0,0,0,1,6,3,-1,-1,-1,-1,-1,-1
2013460228019,2,9,0,12,0,0,1,0,1,4,3,1,1,2,8,1390,1,7,8,1
2013460228022,1,21,1,12,0,0,1,0,0,0,1,2,1,1,-1,-1,-1,-1,-1,-1
2013460228022,2,9,0,18,0,0,1,0,1,0,4,1,6,1,9,1598,1,7,7,3
2013460228031,1,9,0,14,0,0,0,0,0,0,4,1,6,2,5,1043,1,19,2,1
2013460228031,2,9,0,18,0,0,0,0,0,0,3,1,6,1,9,1248,2,5,4,2
2013460228032,1,9,0,4,0,0,1,0,0,0,1,1,6,1,7,973,1,10,5,1
2013460228032,2,9,0,4,0,0,0,0,0,0,1,1,6,1,8,1242,1,2,5,3
2013460228032,3,9,0,4,0,0,0,0,0,0,2,1,6,2,5,-1,-1,-1,5,2
2013460228033,1,9,0,18,0,0,0,0,0,0,3,1,6,3,-1,2500,2,10,-1,-1
2013460228037,1,19,0,18,0,0,0,0,0,0,1,1,1,1,9,1995,2,3,9,1
2013460228037,2,9,0,3,0,0,0,0,0,0,2,1,6,1,8,-1,-1,-1,1,1
2013460228038,1,5,0,18,0,0,1,0,0,0,1,1,6,1,8,1250,1,11,3,1
2013460228038,2,9,0,18,0,0,0,0,0,0,1,1,2,1,8,1598,1,6,-1,-1
2013460228044,1,9,0,18,0,0,0,0,1,9,1,1,1,1,7,2495,2,12,8,1
2013460228050,1,5,0,18,0,0,0,0,0,0,0,1,6,1,4,599,1,10,5,3
2013460228056,1,9,0,18,0,0,0,4,0,0,4,1,6,2,8,1769,1,10,10,1
2013460228056,2,19,0,2,0,0,0,0,0,0,3,1,6,1,7,2461,2,5,10,1
2013460228058,1,3,0,18,0,8,0,0,1,0,3,1,1,2,4,124,1,-1,3,1
2013460228059,1,9,0,4,0,0,1,4,0,0,1,1,6,1,10,1796,1,12,10,1
2013460228059,2,9,0,4,0,0,0,0,0,0,2,1,6,1,11,1598,1,3,10,1
2013460228059,3,9,0,4,0,0,0,0,1,9,3,1,6,2,7,1598,1,5,8,2
2013460228061,1,21,0,18,0,0,0,0,0,0,1,1,1,1,10,12580,2,8,7,3
2013460228065,1,21,0,18,0,0,0,0,0,0,3,1,2,1,9,11705,2,1,-1,-1
2013460228065,2,9,0,11,0,0,0,0,0,0,4,1,2,2,6,1587,1,11,10,1
2013460228069,1,9,0,18,0,1,1,0,0,0,1,1,2,1,4,1390,1,6,-1,-1
2013460228069,2,9,0,3,0,1,0,0,0,0,2,1,2,1,7,1999,1,2,10,1
2013460228069,3,9,0,18,0,6,0,0,0,0,0,1,2,1,6,4196,1,7,6,3
2013460228070,1,5,0,18,0,0,0,0,0,0,3,1,6,2,7,1170,1,4,5,1
2013460228072,1,9,0,13,0,1,0,10,7,0,1,1,1,1,8,1997,2,3,8,1
2013460228072,2,9,0,9,0,5,0,0,0,0,3,1,6,1,8,2000,2,9,4,1
2013460228072,3,9,0,18,0,1,0,0,0,0,3,1,6,2,7,1598,1,1,5,2
2013460228073,1,9,0,13,0,0,1,0,0,0,1,1,6,1,6,1988,1,12,1,1
2013460228073,2,9,0,18,0,0,0,10,1,0,2,1,6,1,6,1896,2,11,2,1
2013460228078,1,9,0,7,0,2,0,0,1,2,1,1,6,1,6,2494,2,2,6,1
2013460228079,1,9,0,18,9,2,0,0,1,10,1,1,6,2,6,2477,2,7,-1,-1
2013460228086,1,9,0,5,0,8,0,0,0,0,3,1,6,1,10,1968,2,-1,8,1
2013460228086,2,3,0,18,0,1,0,0,0,0,1,1,6,1,4,-1,-1,-1,2,1
2013460228093,1,9,0,4,0,0,1,0,0,0,1,1,6,1,8,1198,1,1,4,3
2013460228093,2,9,0,3,0,0,1,0,0,0,2,1,6,1,8,1335,1,30,4,1
2013460228094,1,9,0,18,0,0,1,0,0,0,1,1,6,2,6,1229,1,4,5,1
2013460228094,2,9,0,18,0,0,0,0,0,0,2,1,6,1,9,1796,7,2,8,3
2013460228094,3,21,0,18,0,0,0,0,0,0,2,2,6,1,8,-1,-1,-1,-1,-1
2013460228095,1,21,0,12,0,0,0,0,0,0,3,1,1,1,7,-1,-1,-1,-1,-1
2013460228095,2,9,0,13,0,0,0,0,4,6,4,1,6,2,7,3200,1,12,3,1
2013460228095,3,9,0,18,0,0,0,0,0,0,0,1,6,2,6,1364,1,5,4,1
2013460228097,1,9,0,8,0,1,0,0,0,0,1,1,6,1,9,1360,1,15,8,1
2013460228097,2,9,0,18,0,1,0,0,0,0,4,1,6,1,6,1598,1,6,2,1
2013460228097,3,9,0,18,0,1,0,0,0,0,2,1,6,1,8,-1,-1,-1,-1,-1
2013460228097,4,9,0,18,0,1,0,0,0,0,1,1,6,1,6,2143,2,-1,10,2
2013460228097,5,9,0,18,0,1,0,0,0,0,2,1,6,1,9,1587,1,10,9,1
2013460228098,1,9,0,7,0,3,0,4,0,0,1,1,6,1,5,1598,1,13,2,1
2013460228098,2,9,0,2,0,2,0,4,0,0,1,1,6,1,7,3528,1,42,9,1
2013460228098,3,9,0,2,0,2,0,0,0,0,0,1,6,1,5,5000,1,44,6,1
2013460228098,4,9,0,2,0,2,0,0,0,0,0,1,1,1,7,1968,2,-1,4,1
2013460228108,1,9,0,9,0,1,0,0,0,0,4,1,6,2,6,796,1,13,3,1
2013460228108,2,9,0,18,0,1,0,0,0,0,1,1,2,1,6,-1,-1,-1,7,1
2013460228109,1,3,0,18,0,0,0,12,0,0,1,1,6,1,5,124,1,7,2,1
2013460228114,1,9,0,5,8,0,0,0,0,0,4,1,6,1,7,993,1,11,2,1
2013460228114,2,5,0,18,0,0,0,0,0,0,1,1,6,1,8,675,1,1,9,1
2013460228117,1,9,0,9,0,2,0,0,0,0,3,1,2,1,4,1124,1,13,9,2
2013460228117,2,21,0,18,0,1,1,0,0,0,1,1,1,1,8,11967,2,5,9,1
2013460228121,1,9,0,5,0,1,0,0,3,4,1,1,6,2,5,1396,1,9,8,2
2013460228121,2,9,0,18,0,1,1,0,0,0,4,1,1,1,8,1390,1,12,7,1
2013460228124,1,1,0,18,0,2,0,0,0,0,0,1,6,2,8,-1,-1,-1,5,1
2013460228126,1,9,0,18,0,0,1,0,5,6,1,1,6,2,4,1995,2,4,9,1
2013460228126,2,9,0,18,0,0,1,0,0,0,1,1,6,1,5,1587,1,9,5,2
2013460228126,3,9,0,18,0,0,1,0,0,0,1,1,6,1,7,2979,1,10,8,1
2013460228129,1,9,0,9,0,0,0,0,0,0,0,1,6,2,9,1968,2,4,-1,-1
2013460228129,2,5,0,18,0,0,1,0,0,0,0,1,6,1,8,-1,-1,-1,9,3
2013460228131,1,1,0,17,0,0,0,0,0,0,1,1,6,1,6,-1,-1,-1,7,1
2013460228132,1,11,0,5,8,0,1,0,0,0,3,1,1,1,9,5900,2,13,9,1
2013460228132,2,9,0,14,0,0,0,0,0,0,4,1,6,1,8,3222,2,11,10,1
2013460228133,1,9,0,18,0,0,0,0,0,0,4,1,6,3,-1,-1,-1,-1,-1,-1
2013460228134,1,9,0,9,8,6,0,0,1,0,3,1,2,1,6,1390,1,10,8,2
2013460228134,2,9,0,18,0,1,0,0,1,0,1,1,2,1,6,-1,-1,-1,5,3
2013460228134,3,9,0,2,6,1,0,0,0,0,1,1,6,1,8,1399,2,6,9,1
2013460228135,1,9,0,17,0,1,1,0,2,4,2,1,6,1,9,1994,1,14,5,3
2013460228136,1,90,0,18,9,0,5,0,0,0,4,1,6,1,-1,-1,-1,-1,-1,-1
2013460228136,2,9,0,18,0,0,0,0,0,0,3,1,6,2,10,1560,2,-1,5,1
2013460228139,1,9,0,18,0,0,0,0,0,0,1,1,6,2,7,1997,2,9,3,1
2013460228146,1,5,0,17,0,0,1,0,0,0,3,1,6,1,10,790,1,9,7,3
2013460228149,1,9,0,18,0,1,0,0,0,0,1,1,1,2,5,1299,1,11,8,3
2013460228149,2,19,0,18,0,1,0,0,0,0,2,1,1,1,-1,-1,-1,-1,-1,-1
2013460228153,1,1,0,7,0,5,0,0,7,9,1,1,6,1,7,-1,-1,-1,8,2
2013460228154,1,17,0,18,0,1,0,0,0,0,4,1,1,1,6,-1,2,1,9,3
2013460228154,2,3,0,7,0,2,1,0,0,0,3,1,6,1,4,124,1,16,6,3
2013460228155,1,21,1,7,0,1,0,0,0,0,1,1,1,1,7,12900,2,1,10,1
2013460228161,1,9,0,7,0,6,0,0,0,0,1,1,6,2,9,1599,1,10,6,1
2013460228161,2,1,0,18,0,8,0,0,0,0,1,1,6,1,7,-1,-1,-1,-1,-1
2013460228164,1,9,0,7,9,5,0,0,1,0,4,1,6,3,-1,-1,-1,-1,-1,-1
2013460228166,1,9,0,14,0,1,0,0,0,0,1,1,6,1,7,1198,1,2,7,3
2013460228166,2,9,0,14,0,1,0,0,0,0,0,1,6,1,5,1197,1,2,6,1
2013460228166,3,9,0,9,0,8,0,0,0,0,3,1,6,2,8,1753,2,3,7,3
2013460228168,1,19,0,2,0,2,0,4,0,0,2,1,6,1,6,1753,2,9,5,1
2013460228168,2,9,0,2,0,2,0,0,0,0,4,1,6,1,8,1364,1,6,8,1
2013460228175,1,9,0,3,0,1,0,0,0,0,4,1,1,3,-1,-1,-1,-1,-1,-1
2013460228175,2,1,0,18,0,1,0,0,0,0,1,1,1,1,7,-1,-1,-1,7,1
2013460228176,1,1,0,18,0,1,0,0,0,0,1,1,6,1,-1,-1,-1,-1,-1,-1
2013460228176,2,19,0,11,0,1,0,0,0,0,2,1,6,2,8,1896,2,5,8,1
2013460228182,1,9,0,9,0,1,0,0,0,0,1,1,6,2,10,1968,2,4,8,1
2013460228182,2,1,0,18,0,8,0,0,0,0,1,1,2,1,7,-1,-1,-1,7,2
2013460228185,1,9,0,1,9,1,0,0,0,0,2,1,3,2,8,1997,2,2,9,1
2013460228191,1,9,0,18,0,0,0,0,0,0,1,1,6,3,-1,-1,-1,-1,-1,-1
2013460228196,1,9,0,18,0,0,1,0,0,0,1,1,2,1,7,1796,1,11,4,1
2013460228196,2,9,0,2,0,0,0,0,0,0,2,1,6,1,6,1997,2,11,5,1
2013460228196,3,9,0,2,0,0,0,0,0,0,2,1,6,1,10,1598,1,9,5,1
2013460228198,1,9,0,1,0,0,0,0,0,0,2,1,6,1,10,2933,1,23,6,1
2013460228198,2,9,0,2,0,0,0,0,0,0,1,1,6,1,7,1998,2,10,5,1
2013460228198,3,9,0,2,0,0,0,0,0,0,1,1,6,2,-1,1598,1,5,5,1
2013460228198,4,9,0,2,0,0,0,0,0,0,1,1,6,2,-1,1995,2,9,5,1
2013460228200,1,9,0,18,0,1,0,0,0,0,1,1,6,1,8,1242,1,11,6,1
2013460228200,2,9,0,10,0,1,0,0,0,0,2,1,6,1,8,1598,1,12,4,1
2013460228203,1,11,0,4,0,1,0,0,0,0,0,1,1,1,6,4250,2,4,4,1
2013460228205,1,9,0,4,0,0,0,0,0,0,1,1,2,1,7,1598,1,2,3,1
2013460228205,2,9,0,3,0,0,0,0,0,0,2,1,2,2,8,1598,2,2,10,1
2013460228209,1,9,0,18,0,0,0,0,0,0,1,1,2,2,9,1595,1,-1,-1,-1
2013460228209,2,9,0,4,0,0,0,0,0,0,2,1,2,1,8,1995,2,6,4,2
2013460228209,3,19,0,4,0,0,0,0,0,0,2,1,2,1,9,1753,2,8,4,1
2013460228209,4,9,0,18,0,0,0,0,0,0,2,1,2,2,6,1998,1,2,8,1
2013460228212,1,5,0,16,0,7,1,10,7,1,3,1,6,1,6,749,1,15,-1,-1
2013460228217,1,9,0,4,0,0,1,0,0,0,1,1,6,2,7,1599,1,9,6,2
2013460228217,2,9,0,4,0,0,1,0,0,0,2,1,6,2,6,1229,1,7,3,1
2013460228219,1,9,0,11,0,0,0,0,0,0,4,1,6,1,6,1995,2,10,2,1
2013460228219,2,9,0,4,0,0,0,0,0,0,3,1,6,2,7,1595,1,1,9,1
2013460228220,1,9,0,18,0,6,0,0,0,0,1,1,6,1,6,3456,8,1,10,1
2013460228220,2,19,0,18,0,8,0,0,0,0,4,1,6,1,7,1870,2,7,6,2
2013460228224,1,9,0,18,0,8,0,0,0,0,1,1,1,1,4,1199,1,10,4,1
2013460228224,2,10,0,18,0,3,0,0,0,0,3,1,1,1,6,1998,2,12,3,1
2013460228225,1,9,0,18,0,0,0,0,0,0,1,1,6,2,6,1984,1,3,7,1
2013460228225,2,9,0,18,0,0,0,0,0,0,2,1,6,2,7,1587,1,18,5,2
2013460228225,3,9,0,18,0,0,0,0,0,0,2,1,6,1,11,1399,1,7,-1,-1
2013460228226,1,9,0,18,0,0,0,0,0,0,3,1,1,1,7,-1,-1,-1,-1,-1
2013460228229,1,5,0,4,0,0,1,0,0,0,1,1,2,1,9,498,1,15,-1,-1
2013460228229,2,9,0,4,0,0,0,0,0,0,2,1,2,2,5,998,1,6,-1,-1
2013460228230,1,9,0,18,0,1,0,10,0,0,1,1,6,1,5,1108,1,12,7,1
2013460228235,1,9,0,5,0,8,1,0,0,0,1,1,6,3,-1,-1,-1,-1,-1,-1
2013460228235,2,5,0,5,0,8,1,0,0,0,2,1,6,1,6,599,1,13,4,1
2013460228236,1,2,0,18,0,1,0,0,0,0,1,1,6,1,10,49,1,10,6,2
2013460228236,2,9,0,9,0,8,0,0,0,0,3,1,6,1,5,-1,-1,-1,10,1
2013460228237,1,9,0,18,0,0,0,0,0,0,0,1,6,3,-1,-1,-1,-1,-1,-1
2013460228237,2,9,0,18,0,0,0,0,1,3,1,1,6,2,6,-1,-1,-1,6,2
2013460228238,1,9,0,18,0,0,0,0,0,0,1,1,6,3,-1,1397,1,13,6,1
2013460228238,2,9,0,5,0,0,0,0,0,0,3,1,2,1,4,1242,1,3,8,1
2013460228240,1,9,0,18,0,1,0,0,0,0,1,1,6,2,7,1598,1,14,2,2
2013460228240,2,9,0,3,0,1,0,0,0,0,2,1,6,2,7,1596,1,9,6,1
2013460228241,1,9,0,13,0,0,0,0,0,0,1,1,6,1,8,1389,1,16,3,1
2013460228241,2,5,0,18,0,0,0,0,0,0,1,1,6,1,8,553,1,22,7,1
2013460228244,1,9,0,18,0,1,0,0,0,0,1,1,6,2,5,1796,1,11,7,1
2013460228244,2,9,0,18,0,1,0,0,0,0,3,1,6,2,6,1598,1,8,7,3
2013460228244,3,9,0,18,0,1,0,0,0,0,1,1,2,1,5,-1,-1,-1,4,1
2013460228245,1,3,0,16,0,0,0,0,0,0,1,1,6,1,6,79,1,21,1,1
2013460228245,2,9,0,4,0,0,0,0,0,0,3,1,2,1,6,1229,1,-1,6,1
2013460228246,1,9,0,4,0,0,0,0,0,0,1,1,6,2,5,1229,1,7,3,1
2013460228246,2,21,1,4,0,0,1,0,0,0,2,1,6,1,8,12777,2,2,5,1
2013460228247,1,9,0,18,0,1,0,0,0,0,3,1,6,2,-1,-1,-1,-1,-1,-1
2013460228247,2,1,0,18,0,1,0,0,0,0,4,1,6,1,7,-1,-1,-1,-1,-1
2013460228248,1,9,0,18,0,8,0,0,0,0,1,1,6,2,7,-1,-1,-1,7,2
2013460228248,2,9,0,4,0,8,0,0,0,0,2,1,6,2,8,1390,1,6,4,3
2013460228248,3,9,0,4,0,8,0,0,0,0,2,1,6,1,7,1997,2,-1,-1,-1
2013460228249,1,19,0,9,0,5,0,0,0,0,4,1,6,3,-1,-1,-1,-1,-1,-1
2013460228249,2,1,0,18,0,1,0,0,0,0,4,1,6,1,6,-1,-1,-1,6,1
2013460228253,1,9,0,18,0,1,0,0,0,0,1,1,6,1,4,1199,1,10,4,3
2013460228253,2,9,0,9,0,6,0,0,0,0,2,1,1,1,8,-1,-1,-1,9,1
2013460228254,1,9,0,5,0,6,0,0,0,0,3,1,6,2,7,2477,2,20,7,3
2013460228254,2,9,0,18,0,1,0,0,0,0,1,1,6,1,11,1399,1,4,10,1
2013460228255,1,9,0,18,0,1,0,0,0,0,3,1,6,3,-1,1995,2,9,-1,-1
2013460228256,1,9,0,18,0,1,0,0,0,0,4,1,6,1,8,1587,1,12,3,1
2013460228256,2,1,0,18,0,1,0,0,0,0,1,1,6,1,8,-1,-1,-1,5,1
2013460228257,1,9,0,11,0,2,5,0,6,7,4,1,1,1,7,1598,2,1,7,3
2013460228257,2,9,0,18,0,2,5,0,2,7,3,1,1,1,7,4999,1,2,7,3
2013460228257,3,21,0,18,0,2,0,0,0,0,4,1,1,1,8,11946,2,1,9,1
2013460228260,1,9,0,18,0,0,0,0,0,0,1,1,6,1,-1,1242,1,11,-1,-1
2013460228260,2,9,0,3,0,0,0,0,0,0,1,1,6,1,9,1242,1,5,3,1
2013460228261,1,9,0,18,0,0,0,0,0,0,3,1,6,1,6,1242,1,11,3,1
2013460228261,2,9,0,18,0,0,0,4,0,0,3,1,6,1,9,1596,1,12,3,1
2013460228261,3,9,0,2,0,0,0,0,0,0,3,1,6,3,-1,1796,1,6,3,1
2013460228264,1,9,0,18,0,8,0,0,0,0,1,1,6,1,6,1397,6,13,3,1
2013460228264,2,9,0,18,0,8,0,0,7,0,4,1,6,2,9,1197,1,2,6,1
2013460228271,1,9,0,18,0,4,0,0,0,0,1,1,6,1,8,1968,2,4,7,2
2013460228271,2,1,0,18,0,3,0,0,0,0,1,1,6,2,7,-1,-1,-1,8,3
2013460228274,1,19,0,18,0,0,0,0,0,0,1,1,1,1,5,2143,2,2,4,1
2013460228274,2,9,0,3,0,0,0,0,0,0,2,1,6,2,7,2393,1,10,3,1
2013460228277,1,9,0,18,0,6,0,0,0,0,3,1,6,1,5,2926,2,11,4,2
2013460228277,2,9,0,18,0,1,0,0,0,0,2,1,6,2,7,1360,1,1,3,3
2013460228282,1,9,0,4,0,7,0,0,0,0,3,1,6,1,10,4293,1,11,9,2
2013460228282,2,5,0,18,0,3,0,0,0,0,1,1,6,1,8,1050,1,2,6,3
2013460228284,1,9,0,18,0,0,0,0,0,0,1,1,6,2,5,1595,1,13,10,1
2013460228284,2,21,1,18,0,0,0,0,0,0,2,1,1,1,7,12902,2,-1,6,1
2013460228285,1,9,0,18,0,0,0,0,1,0,1,1,6,1,8,2720,2,7,8,3
2013460228285,2,9,0,18,0,0,0,0,0,0,2,1,6,1,9,1998,1,7,10,2
2013460228287,1,9,0,9,0,8,0,0,0,0,1,1,6,1,5,998,1,27,6,1
2013460228287,2,9,0,18,0,8,0,0,0,0,3,1,2,1,4,-1,-1,-1,3,1
2013460228288,1,9,0,18,0,2,0,0,1,2,4,1,6,1,6,1587,1,12,2,1
2013460228289,1,9,0,18,0,0,0,0,0,0,1,1,6,1,-1,1988,1,9,1,1
2013460228289,2,9,0,3,0,0,0,0,0,0,2,1,6,2,8,1149,1,8,1,1
2013460228289,3,9,0,18,0,0,0,0,0,0,2,1,6,2,-1,1598,1,6,5,2
2013460228291,1,9,0,16,0,3,0,0,0,0,1,1,6,2,7,1560,2,6,4,1
2013460228294,1,2,0,18,0,1,0,0,0,0,4,1,6,3,-1,-1,-1,-1,-1,-1
2013460228294,2,9,0,18,0,8,0,0,0,0,4,1,6,1,10,1329,1,2,3,1
2013460228299,1,9,0,7,0,0,0,0,0,0,1,1,6,1,8,-1,-1,-1,9,1
2013460228299,2,9,0,2,0,0,0,0,0,0,1,1,6,1,7,2835,2,16,-1,-1
2013460228299,3,9,0,2,0,0,0,0,0,0,1,1,6,2,5,1248,2,4,-1,-1
2013460228304,1,19,0,18,0,1,0,0,0,0,2,1,1,1,8,2496,2,14,7,1
2013460228304,2,19,0,2,0,1,0,0,0,0,4,1,1,1,7,2496,2,16,1,1
2013460228317,1,9,0,6,8,0,0,0,0,0,3,1,6,1,9,1598,1,7,4,1
2013460228317,2,4,0,18,0,0,0,0,0,0,1,1,6,1,9,883,1,3,5,2
2013460228319,1,9,0,18,0,0,0,0,0,0,1,1,6,1,6,2143,2,1,7,2
2013460228319,2,9,0,3,0,0,0,0,0,0,2,1,2,2,5,1240,1,10,3,1
2013460228322,1,9,0,16,0,0,0,0,0,0,1,1,6,1,7,-1,-1,-1,6,3
2013460228322,2,9,0,17,0,0,0,0,0,0,3,1,6,2,7,1339,1,2,8,2
2013460228326,1,9,0,11,0,0,0,0,0,0,1,1,6,1,6,2926,2,13,6,2
2013460228326,2,9,0,18,0,0,0,0,2,4,2,1,6,1,10,1298,1,14,6,2
2013460228327,1,9,0,4,0,1,0,0,0,0,3,1,2,1,7,998,1,1,7,1
2013460228329,1,9,0,18,0,0,1,0,0,0,1,1,6,1,4,973,1,11,3,1
2013460228329,2,21,0,18,0,0,0,0,0,0,1,1,1,1,5,11000,2,7,8,3
2013460228331,1,9,0,7,0,6,0,0,0,0,2,1,3,2,8,1995,1,2,7,1
2013460228331,2,9,0,7,0,6,0,0,0,0,1,1,2,1,7,1275,1,17,4,1
2013460228335,1,9,0,9,0,1,0,0,0,0,2,1,6,1,9,1985,1,7,8,3
2013460228335,2,5,0,18,0,1,0,0,0,0,1,1,6,1,8,500,1,40,8,2
2013460228336,1,9,0,4,0,5,1,0,0,0,1,1,2,2,5,1390,1,17,-1,-1
2013460228336,2,9,0,4,0,5,0,0,0,0,2,1,2,1,8,1968,2,7,-1,-1
2013460228340,1,9,0,18,0,0,0,0,0,0,1,1,6,3,-1,-1,-1,-1,-1,-1
2013460228341,1,9,0,18,0,4,0,0,7,10,1,1,6,2,10,1240,1,3,5,3
2013460228344,1,2,0,18,0,1,1,0,0,0,0,1,6,1,4,124,1,9,8,1
2013460228348,1,9,0,4,0,0,0,0,0,0,1,1,1,2,4,1198,1,8,5,1
2013460228348,2,9,0,3,0,0,0,0,0,0,2,1,6,2,6,1798,1,4,6,3
2013460228356,1,9,0,18,0,1,0,0,0,0,0,1,6,2,7,1973,1,13,2,1
2013460228358,1,9,0,18,0,2,0,0,0,0,4,1,6,1,9,1199,1,10,8,3
2013460228359,1,9,0,1,9,0,0,0,0,0,2,1,1,1,8,-1,-1,-1,7,1
2013460228361,1,9,0,16,0,0,0,0,0,0,3,1,1,1,8,-1,-1,-1,8,1
2013460228361,2,9,0,17,0,0,0,0,0,0,3,1,6,1,8,-1,-1,-1,10,2
2013460228363,1,9,0,17,0,0,0,0,2,4,1,1,6,1,5,1198,1,9,9,1
2013460228370,1,9,0,3,0,1,0,0,0,0,1,1,6,1,9,-1,-1,-1,6,3
2013460228370,2,9,0,3,0,1,0,0,0,0,2,1,1,2,7,998,1,6,8,1
2013460228371,1,9,0,13,0,0,0,0,0,0,0,1,6,3,-1,1598,1,5,-1,-1
2013460228371,2,4,0,18,0,0,0,0,0,0,0,1,6,1,8,899,1,12,6,1
2013460228376,1,3,0,18,0,0,1,0,0,0,1,1,2,1,6,124,1,2,3,1
2013460228376,2,9,0,18,0,0,0,0,0,0,2,1,2,2,7,1329,1,2,9,2
2013460228377,1,9,0,18,0,1,1,0,0,0,1,1,6,1,7,1998,2,10,5,2
2013460228377,2,9,0,3,0,1,0,0,0,0,2,1,6,2,7,1199,1,10,5,1
2013460228378,1,9,0,4,0,8,1,0,3,1,1,1,6,1,4,1124,1,12,5,1
2013460228379,1,9,0,4,0,0,0,0,0,0,0,1,6,3,-1,-1,-1,-1,-1,-1
2013460228379,2,9,0,18,0,0,0,0,0,0,0,1,6,3,-1,-1,-1,-1,-1,-1
2013460228379,3,9,0,18,0,0,0,0,1,10,1,1,6,1,7,1781,1,11,4,1
2013460228383,1,5,0,9,0,5,0,0,0,0,1,1,6,1,8,-1,-1,-1,2,1
2013460228384,1,9,0,9,0,6,0,0,0,0,3,1,6,2,6,1973,1,12,-1,-1
2013460228384,2,9,0,18,0,1,0,0,0,0,1,1,1,1,7,-1,-1,-1,-1,-1
2013460228391,1,9,0,9,0,5,0,0,0,0,4,1,6,2,8,1400,1,13,2,1
2013460228391,2,9,0,15,0,1,0,0,0,0,3,1,6,1,11,999,1,1,8,2
2013460228395,1,9,0,16,0,0,5,10,7,9,3,1,6,2,6,1360,1,12,1,1
2013460228396,1,9,0,16,0,1,0,0,0,0,1,1,6,2,6,1968,2,2,8,1
2013460228401,1,9,0,18,0,1,0,0,0,0,1,1,6,1,7,2143,2,2,9,1
2013460228401,2,9,0,10,0,1,0,0,0,0,2,1,6,1,4,1398,2,10,4,1
2013460228403,1,9,0,17,0,0,0,0,7,10,1,1,6,1,4,1199,1,10,-1,-1
2013460228404,1,9,0,12,0,0,0,0,0,0,3,1,6,1,11,2993,2,4,6,3
2013460228404,2,5,0,18,0,0,0,0,0,0,4,1,2,1,8,670,1,-1,2,1
2013460228406,1,9,0,9,0,5,0,0,0,0,1,1,1,1,7,-1,-1,-1,1,1
2013460228406,2,19,0,18,0,1,0,0,1,0,3,1,1,1,7,2402,2,9,10,1
2013460228407,1,9,0,9,0,6,0,0,0,0,1,1,6,1,9,-1,-1,-1,8,1
2013460228407,2,1,0,18,0,8,0,0,0,0,4,1,6,1,8,-1,-1,-1,7,3
2013460228408,1,9,0,18,0,0,0,0,1,9,1,1,6,1,7,1796,1,10,5,3
2013460228410,1,9,0,18,0,8,0,0,0,0,4,1,6,2,5,1598,1,-1,6,1
2013460228412,1,1,0,18,0,0,0,0,0,0,0,1,6,1,3,-1,-1,-1,1,1
2013460228414,1,9,0,7,0,0,0,0,0,0,3,1,6,1,6,1794,1,11,2,1
2013460228414,2,1,0,18,0,0,0,0,0,0,3,1,6,1,6,-1,-1,-1,2,1
2013460228415,1,9,0,4,0,0,0,0,0,0,1,1,6,2,9,1124,1,13,-1,-1
2013460228416,1,1,0,18,0,0,0,0,1,0,1,1,2,1,6,-1,-1,-1,-1,-1