Accident_Index,Vehicle_Reference,Vehicle_Type,Towing_and_Articulation,Vehicle_Manoeuvre,Vehicle_Location-Restricted_Lane,Junction_Location,Skidding_and_Overturning,Hit_Object_in_Carriageway,Vehicle_Leaving_Carriageway,Hit_Object_off_Carriageway,1st_Point_of_Impact,Was_Vehicle_Left_Hand_Drive?,Journey_Purpose_of_Driver,Sex_of_Driver,Age_Band_of_Driver,Engine_Capacity_(CC),Propulsion_Code,Age_of_Vehicle,Driver_IMD_Decile,Driver_Home_Area_Type
2013460228419,1,9,0,7,0,6,0,0,0,0,3,1,3,2,5,998,1,1,8,1
2013460228419,2,9,0,18,0,1,0,0,0,0,1,1,1,1,5,1796,1,11,5,1
2013460228425,1,9,0,9,0,8,0,0,0,0,4,1,6,2,5,1299,1,17,7,1
2013460228425,2,5,0,18,0,8,0,0,0,0,1,1,6,1,7,893,1,15,6,1
2013460228427,1,9,0,9,0,6,0,0,0,0,3,1,6,2,8,1598,1,2,9,3
2013460228427,2,1,0,18,0,1,0,0,0,0,1,1,6,2,8,-1,-1,-1,8,3
2013460228432,1,9,0,17,0,0,0,0,0,0,1,1,6,2,8,1364,1,9,4,1
2013460228432,2,20,0,16,0,0,0,0,0,0,4,1,6,1,8,-1,-1,-1,6,3
2013460228434,1,5,0,9,0,3,1,0,0,0,4,1,6,1,5,599,1,1,6,3
2013460228436,1,9,0,18,0,1,0,0,0,0,0,1,6,1,-1,2494,1,10,-1,-1
2013460228436,2,2,0,18,0,1,0,0,0,0,0,1,6,1,4,49,1,12,2,1
2013460228441,1,9,0,18,0,0,5,0,4,6,4,1,6,1,10,1896,2,7,9,1
2013460228442,1,9,0,3,0,1,0,0,0,0,1,1,6,1,8,1968,2,3,8,3
2013460228442,2,9,0,9,0,5,0,0,0,0,1,1,6,1,5,1596,1,2,10,1
2013460228454,1,1,0,18,0,2,0,0,0,0,1,1,4,1,3,-1,-1,-1,-1,-1
2013460228454,2,9,0,18,0,1,0,0,0,0,3,1,6,2,7,1598,1,7,-1,-1
2013460228456,1,1,0,18,8,2,0,0,0,0,1,1,6,1,3,-1,-1,-1,1,1
2013460228456,2,9,0,18,0,1,0,0,0,0,3,1,6,1,6,1995,2,7,6,3
2013460228457,1,9,0,18,0,1,0,0,0,0,1,1,6,2,6,1968,2,3,6,1
2013460228459,1,2,0,18,0,1,0,4,0,0,1,1,6,1,4,124,1,1,3,1
2013460228459,2,9,0,2,0,1,0,0,0,0,1,1,6,1,-1,1242,1,8,8,1
2013460228464,1,9,0,18,0,0,0,0,1,10,1,1,1,2,5,1339,8,1,5,1
2013460228466,1,9,0,18,0,0,0,0,0,0,4,1,6,3,-1,-1,-1,-1,-1,-1
2013460228469,1,1,0,18,0,0,0,0,0,0,2,1,6,1,8,-1,-1,-1,4,1
2013460228469,2,19,0,18,0,0,0,0,0,0,1,1,6,1,6,2148,2,9,4,1
2013460228470,1,11,0,4,0,1,0,0,0,0,0,1,1,1,6,8270,2,13,4,1
2013460228472,1,9,0,18,0,0,1,0,7,4,1,1,6,1,8,3839,1,29,5,3
2013460228472,2,9,0,18,0,0,0,0,0,0,1,1,6,1,11,1497,8,8,8,3
2013460228476,1,1,0,18,0,8,0,0,0,0,4,1,6,1,5,-1,-1,-1,6,1
2013460228476,2,11,0,4,0,1,0,0,0,0,0,1,1,1,9,4461,2,1,5,1
2013460228479,1,9,0,18,0,0,0,0,7,4,3,1,2,2,8,1343,1,12,6,3
2013460228480,1,1,0,4,0,1,0,0,0,0,1,1,6,1,9,-1,-1,-1,10,1
2013460228482,1,9,0,18,0,8,1,0,0,0,1,1,2,1,6,1242,1,17,2,1
2013460228482,2,9,0,4,0,8,0,0,0,0,2,1,6,2,6,1999,1,11,2,1
2013460228484,1,9,0,18,0,1,0,0,0,0,4,1,2,1,6,-1,-1,-1,10,1
2013460228485,1,9,0,17,0,8,0,0,0,0,4,1,6,1,5,1461,2,9,3,1
2013460228486,1,9,0,5,0,0,0,0,0,0,4,1,6,1,-1,-1,-1,-1,8,1
2013460228486,2,1,0,18,0,0,0,0,0,0,1,1,2,1,5,-1,-1,-1,3,1
2013460228487,1,9,0,18,0,0,0,0,0,0,1,1,6,1,8,1396,1,10,4,1
2013460228489,1,9,0,9,0,8,0,0,0,0,4,1,6,1,-1,-1,-1,-1,4,1
2013460228489,2,9,0,18,0,8,0,0,0,0,1,1,6,2,-1,1086,1,9,1,1
2013460228491,1,9,0,18,0,1,0,0,0,0,1,1,1,2,4,1242,1,3,7,3
2013460228491,2,9,0,9,0,5,0,0,0,0,2,1,1,2,6,1560,2,1,9,1
2013460228493,1,9,0,4,0,0,0,0,0,0,2,1,6,2,8,1598,1,3,7,1
2013460228493,2,9,0,4,0,0,0,0,0,0,2,1,6,1,5,2521,1,7,4,2
2013460228493,3,19,0,4,0,0,0,0,0,0,2,1,6,1,9,2499,2,13,3,1
2013460228493,4,9,0,4,0,0,0,0,0,0,1,1,6,1,8,1149,1,11,9,1
2013460228493,5,9,0,4,0,0,0,0,0,0,1,1,6,2,7,1299,1,12,4,1
2013460228493,6,9,0,4,0,0,0,0,0,0,1,1,6,3,-1,-1,-1,-1,-1,-1
2013460228496,1,9,0,16,0,2,0,0,0,0,4,1,6,2,4,1242,1,2,8,1
2013460228498,1,9,0,7,0,8,0,0,0,0,3,1,6,1,10,1598,1,13,9,2
2013460228498,2,9,0,18,0,1,0,0,0,0,1,1,6,1,7,1968,2,2,8,3
2013460228501,1,9,0,10,0,1,0,0,0,0,3,1,6,2,4,1124,1,12,5,1
2013460228501,2,1,0,18,0,1,0,0,0,0,4,1,6,2,8,-1,-1,-1,7,1
2013460228504,1,9,0,5,0,1,0,0,0,0,4,1,6,2,7,2000,2,6,4,1
2013460228504,2,5,0,5,0,1,0,0,0,0,3,1,6,1,5,599,1,17,9,1
2013460228513,1,9,0,18,0,0,1,10,1,0,1,1,6,2,5,1360,1,13,6,2
2013460228513,2,21,0,18,0,0,0,0,0,0,1,1,1,1,8,-1,-1,-1,8,1
2013460228513,3,1,0,18,0,0,0,0,0,0,0,1,6,1,-1,-1,-1,-1,9,3
2013460228518,1,9,0,9,0,1,0,0,0,0,4,1,6,2,6,1995,2,13,8,1
2013460228518,2,1,0,18,3,1,0,0,0,0,1,1,6,1,5,-1,-1,-1,8,1
2013460228533,1,21,1,18,0,0,1,4,0,0,1,1,1,1,7,11946,2,9,3,1
2013460228533,2,9,0,2,0,0,0,0,0,0,2,1,1,1,7,1968,2,4,-1,-1
2013460228533,3,9,0,2,0,0,0,0,0,0,2,1,6,1,5,2435,1,13,-1,-1
2013460228533,4,21,0,2,0,0,0,0,0,0,2,1,1,1,7,5900,2,6,7,1
2013460228537,1,9,0,18,0,0,0,0,0,0,3,1,6,3,-1,-1,-1,-1,-1,-1
2013460228537,2,19,0,13,0,0,0,0,0,0,3,1,6,1,8,2198,2,2,7,3
2013460228537,3,1,0,18,0,0,1,0,1,0,3,1,6,1,10,-1,-1,-1,5,1
2013460228545,1,9,0,18,0,6,0,0,0,0,3,1,6,2,10,1598,1,9,7,3
2013460228545,2,9,0,9,0,1,0,0,0,0,1,1,6,2,9,1995,2,3,6,2
2013460228546,1,9,0,4,0,1,0,0,0,0,1,1,6,1,9,-1,-1,-1,6,1
2013460228547,1,9,0,18,0,0,0,0,0,0,0,1,6,1,5,1360,1,13,7,1
2013460228557,1,9,0,6,0,1,0,0,0,0,1,1,6,1,5,2149,2,6,7,1
2013460228562,1,9,0,18,0,0,0,0,0,0,1,1,6,3,-1,-1,-1,-1,-1,-1
2013460228562,2,1,0,18,0,0,0,0,0,0,2,1,1,2,5,-1,-1,-1,1,1
2013460228563,1,9,0,9,0,6,0,0,0,0,3,1,6,2,6,1398,2,10,10,1
2013460228563,2,9,0,18,0,1,0,0,0,0,1,1,1,1,7,1686,2,2,4,1
2013460228564,1,9,0,9,0,8,0,0,0,0,1,1,6,1,5,1560,2,1,-1,-1
2013460228564,2,9,0,9,0,8,0,0,0,0,3,1,3,2,6,1870,2,13,4,1
2013460228565,1,20,0,9,0,1,0,0,0,0,1,1,6,3,-1,2198,2,-1,-1,-1
2013460228565,2,9,0,9,0,1,1,0,0,0,1,1,6,1,7,2401,2,8,2,1
2013460228570,1,9,0,9,0,1,0,0,0,0,1,1,6,2,11,796,1,11,7,1
2013460228570,2,2,0,18,0,1,1,0,0,0,4,1,1,2,4,49,1,2,-1,-1
2013460228573,1,9,0,18,0,0,0,0,0,0,1,1,6,2,8,1248,2,2,6,1
2013460228573,2,9,0,18,0,0,0,0,0,0,2,1,6,2,6,1599,1,9,5,1
2013460228576,1,19,0,4,0,0,0,0,0,0,1,1,6,1,6,1995,2,6,4,1
2013460228576,2,9,0,4,0,0,0,0,0,0,2,1,6,2,5,1598,1,6,5,1
2013460228576,3,9,0,3,0,0,0,0,0,0,2,1,6,2,9,1461,2,1,5,1
2013460228578,1,5,0,18,0,1,0,0,7,10,0,1,6,1,6,645,1,8,6,1
2013460228581,1,9,0,4,0,0,0,0,0,0,1,1,1,1,7,1968,2,3,-1,-1
2013460228581,2,9,0,4,0,0,0,0,0,0,2,1,6,1,10,1598,1,1,-1,-1
2013460228583,1,9,0,9,0,6,0,0,0,0,3,1,1,2,7,1248,2,4,-1,-1
2013460228583,2,2,0,18,0,1,1,0,0,0,1,1,1,1,4,50,1,4,1,1
2013460228587,1,9,0,18,0,0,0,0,0,0,1,1,6,1,4,1124,1,12,10,1
2013460228587,2,9,0,18,0,0,0,0,0,0,2,1,3,1,7,1596,1,11,4,1
2013460228587,3,9,0,18,0,0,0,0,0,0,2,1,2,2,6,1124,1,8,10,1
2013460228590,1,1,0,18,0,0,0,0,0,0,1,1,6,1,2,-1,-1,-1,3,1
2013460228590,2,9,0,18,0,0,0,0,0,0,4,1,6,1,11,1598,1,11,3,1
2013460228592,1,9,0,18,0,4,0,0,0,0,1,1,6,2,9,-1,-1,-1,10,2
2013460228592,2,4,0,18,0,4,0,0,0,0,4,1,6,1,5,125,1,1,2,1
2013460228593,1,1,0,18,0,1,0,0,0,0,0,1,6,2,7,-1,-1,-1,1,1
2013460228594,1,3,0,17,0,2,0,0,0,0,0,1,1,1,4,125,1,1,9,3
2013460228601,1,9,0,9,0,6,0,0,0,0,1,1,6,2,5,-1,-1,-1,2,1
2013460228606,1,9,0,18,0,1,0,0,0,0,1,1,6,1,6,1598,1,10,7,1
2013460228606,2,9,0,9,0,1,0,0,0,0,2,1,6,1,9,1995,2,9,8,1
2013460228606,3,9,0,18,0,2,0,0,0,0,1,1,6,2,8,1329,1,3,5,3
2013460228607,1,9,0,18,0,1,0,0,0,0,1,1,6,1,5,1598,1,12,5,1
2013460228607,2,3,0,9,0,6,0,0,0,0,1,1,6,1,4,97,1,27,6,3
2013460228608,1,9,0,18,0,0,2,10,1,10,1,1,6,2,8,1242,1,6,3,1
2013460228611,1,9,0,18,0,1,1,0,0,0,1,1,6,1,5,-1,-1,-1,-1,-1
2013460228611,2,9,0,10,0,1,0,0,0,0,2,1,6,2,7,1329,1,2,-1,-1
2013460228612,1,11,0,7,0,6,0,0,0,0,1,1,1,1,7,-1,-1,-1,2,1
2013460228615,1,9,0,9,0,1,0,0,0,0,1,1,6,1,5,1598,1,8,5,1
2013460228615,2,1,0,18,0,1,1,0,0,0,1,1,2,1,6,-1,-1,-1,-1,-1
2013460228618,1,9,0,18,0,3,0,0,0,0,0,1,6,3,-1,-1,-1,-1,-1,-1
2013460228619,1,9,0,18,0,8,0,0,0,0,2,1,6,2,-1,-1,-1,-1,-1,-1
2013460228619,2,19,0,18,0,8,0,0,0,0,1,1,6,1,9,2461,2,13,7,1
2013460228621,1,5,0,12,0,1,1,0,0,0,3,1,6,1,8,1801,1,3,10,3
2013460228621,2,9,0,18,0,1,0,0,0,0,4,1,6,2,4,1242,1,-1,6,3
2013460228622,1,9,0,18,0,0,0,0,0,0,1,1,2,1,8,1895,1,16,2,1
2013460228622,2,9,0,18,0,0,0,0,0,0,1,1,1,1,8,1896,2,6,9,1
2013460228631,1,21,0,18,0,1,0,0,0,0,1,1,6,1,8,-1,-1,-1,10,2
2013460228631,2,9,0,7,0,5,0,0,0,0,1,1,6,2,4,998,1,5,6,3
2013460228635,1,19,0,18,0,0,0,0,0,0,4,1,6,3,-1,2402,2,3,-1,-1
2013460228636,1,9,0,3,0,1,0,0,0,0,4,1,2,1,6,1984,1,12,2,1
2013460228636,2,9,0,18,0,1,0,0,0,0,1,1,2,1,6,1796,1,13,7,1
2013460228638,1,9,0,7,0,5,0,0,7,1,1,1,6,2,11,1339,1,9,6,1
2013460228639,1,9,0,3,0,0,0,0,0,0,1,1,6,1,6,2204,2,8,4,1
2013460228639,2,5,0,3,0,0,0,0,0,0,1,1,6,1,5,998,1,12,2,1
2013460228641,1,9,0,4,0,0,0,0,0,0,4,1,6,1,9,1299,1,12,3,1
2013460228643,1,9,0,17,0,0,0,0,0,0,4,2,6,1,6,-1,-1,-1,-1,-1
2013460228643,2,9,0,16,0,0,0,0,0,0,4,1,1,1,8,1968,2,5,4,1
2013460228646,1,5,0,18,0,0,1,0,0,0,1,1,6,1,6,599,1,8,7,3
2013460228649,1,9,0,5,0,1,0,0,0,0,3,1,6,1,5,1560,2,2,6,1
2013460228649,2,5,0,18,0,1,1,0,0,0,1,1,1,1,6,955,1,14,5,1
2013460228650,1,9,0,4,0,0,0,0,0,0,1,1,2,1,7,2199,2,1,3,1
2013460228650,2,9,0,3,0,0,0,0,0,0,2,1,6,1,6,1997,2,7,6,3
2013460228652,1,21,1,18,0,0,0,0,0,0,4,2,1,1,-1,-1,-1,-1,-1,-1
2013460228652,2,9,0,18,0,0,2,0,1,10,2,1,6,2,4,998,1,-1,5,1
2013460228653,1,9,0,4,0,1,0,0,0,0,1,1,6,2,9,1997,1,7,8,3
2013460228653,2,9,0,4,0,1,0,0,0,0,2,1,6,1,6,2143,2,2,9,1
2013460228661,1,1,0,18,0,1,0,0,0,0,1,1,4,1,3,-1,-1,-1,7,3
2013460228661,2,9,0,10,0,1,0,0,0,0,2,1,2,2,6,1299,1,11,4,1
2013460228663,1,9,0,16,0,0,1,0,1,1,2,1,6,1,5,2000,1,14,8,3
2013460228665,1,9,0,18,0,2,0,0,0,0,3,1,6,2,6,1796,1,11,2,1
2013460228665,2,1,0,9,0,1,1,0,0,0,1,1,6,1,4,-1,-1,-1,5,1
2013460228666,1,9,0,8,0,1,0,0,0,0,1,1,2,1,5,1299,1,10,6,1
2013460228667,1,9,0,18,0,8,0,0,0,0,1,1,6,2,7,2231,2,1,6,1
2013460228668,1,9,0,9,0,6,1,0,1,10,1,1,6,1,6,1796,1,9,3,1
2013460228670,1,11,0,12,0,4,0,0,0,0,3,1,6,1,5,-1,-1,-1,-1,-1
2013460228670,2,9,0,18,0,4,0,0,0,0,4,1,2,2,8,1398,2,2,8,1
2013460228671,1,9,0,16,0,8,0,0,0,0,0,1,6,3,-1,-1,-1,-1,-1,-1
2013460228673,1,9,0,18,0,0,0,0,0,0,1,1,6,3,-1,-1,-1,-1,-1,-1
2013460228674,1,9,0,18,0,0,0,12,0,0,1,1,1,2,4,1149,1,3,9,1
2013460228681,1,9,0,18,0,0,1,0,0,0,1,1,1,1,4,1391,1,20,9,3
2013460228681,2,19,0,4,0,0,0,0,1,0,1,1,1,1,6,-1,-1,-1,6,3
2013460228683,1,9,0,18,0,0,0,0,0,0,1,1,6,2,9,1388,1,7,8,1
2013460228685,1,19,0,18,0,0,0,0,0,0,3,1,6,3,-1,-1,-1,-1,-1,-1
2013460228685,2,9,0,18,0,0,0,0,0,0,3,1,6,1,6,998,1,11,7,1
2013460228687,1,9,0,18,0,1,0,0,0,0,1,1,6,1,6,1988,1,9,4,1
2013460228687,2,9,0,4,0,1,0,0,0,0,2,1,6,2,4,1242,1,12,3,1
2013460228688,1,20,0,18,0,0,0,0,0,0,0,1,6,3,-1,-1,-1,-1,-1,-1
2013460228688,2,9,0,18,0,0,0,11,0,0,1,1,6,2,10,1997,2,3,5,1
2013460228688,3,5,0,18,0,0,0,11,0,0,1,1,6,1,7,1050,1,3,6,2
2013460228688,4,9,0,18,0,0,0,11,0,0,1,1,2,2,6,-1,-1,-1,6,1
2013460228688,5,9,0,18,0,0,0,11,0,0,1,1,6,1,7,1968,2,8,2,1
2013460228700,1,19,0,4,0,1,0,0,0,0,1,1,1,1,5,2143,2,1,4,1
2013460228700,2,9,0,4,0,1,0,0,0,0,2,1,3,2,7,1086,1,2,9,1
2013460228706,1,9,0,18,7,1,0,0,1,7,1,1,6,2,8,1995,2,3,9,2
2013460228707,1,9,0,18,0,3,0,0,0,0,4,1,6,2,9,1240,1,10,5,1
2013460228707,2,1,0,9,0,8,0,0,0,0,3,1,6,1,4,-1,-1,-1,8,1
2013460228708,1,9,4,18,0,1,3,0,0,0,2,1,6,1,8,1589,1,16,8,1
2013460228708,2,9,0,18,0,1,0,0,1,0,1,1,6,1,7,1596,1,9,8,2
2013460228709,1,9,0,15,0,0,1,0,1,0,3,1,6,1,7,3605,1,10,8,3
2013460228709,2,9,0,18,0,0,1,0,1,0,4,1,6,2,9,1956,2,3,3,2
2013460228710,1,4,0,18,0,0,0,4,0,0,1,1,6,3,-1,-1,-1,-1,-1,-1
2013460228710,2,9,0,2,0,0,0,0,0,0,1,1,6,1,8,1956,2,1,10,1
2013460228712,1,9,0,5,0,1,0,0,0,0,3,1,6,3,-1,-1,-1,-1,-1,-1
2013460228712,2,2,0,5,0,1,0,9,0,0,4,1,6,1,4,125,1,2,8,1
2013460228715,1,1,0,18,5,0,0,0,0,2,1,1,6,1,5,-1,-1,-1,3,1
2013460228716,1,9,0,5,0,2,0,0,0,0,1,1,6,1,5,1686,2,6,4,1
2013460228716,2,1,0,18,0,2,0,0,0,0,4,1,2,1,6,-1,-1,-1,6,1
2013460228717,1,9,0,17,0,0,0,0,1,4,1,1,6,1,7,1598,1,17,6,1
2013460228719,1,9,0,18,0,1,0,0,0,0,1,1,6,1,4,1199,1,13,-1,-1
2013460228728,1,9,0,9,0,6,0,0,0,0,3,1,6,2,9,1679,1,12,8,1
2013460228728,2,9,0,16,0,1,0,0,0,0,1,1,6,1,11,1769,1,8,8,2
2013460228733,1,9,0,18,0,0,1,4,1,0,4,1,6,1,4,1997,1,14,6,1
2013460228733,2,19,0,2,0,0,0,0,0,0,3,1,6,1,7,1753,2,1,-1,-1
2013460228733,3,9,0,2,0,0,0,0,0,0,3,1,6,3,-1,-1,-1,-1,-1,-1
2013460228734,1,-1,0,17,0,0,0,0,0,0,0,1,1,3,-1,-1,-1,-1,-1,-1
2013460228734,2,9,0,16,0,0,0,10,1,10,1,1,6,1,10,-1,-1,-1,6,1
2013460228735,1,9,0,17,0,0,0,0,1,10,1,1,6,2,7,-1,-1,-1,8,1
2013460228737,1,9,0,18,0,0,0,0,0,0,3,1,6,2,8,1799,1,4,-1,-1
2013460228739,1,9,0,9,0,4,0,0,0,0,0,1,6,2,9,1560,2,1,-1,-1
2013460228739,2,5,0,18,0,8,1,0,0,0,0,1,6,1,5,916,1,18,5,1
2013460228740,1,9,0,18,0,2,0,0,0,0,1,1,6,2,7,1364,2,5,9,1
2013460228742,1,20,1,18,0,0,0,0,0,0,2,1,1,1,6,5193,2,2,8,1
2013460228742,2,9,0,18,0,0,0,0,0,0,3,1,6,1,8,2926,2,10,6,1
2013460228745,1,9,0,18,0,4,0,0,0,0,1,1,6,1,9,2995,1,38,4,1
2013460228745,2,1,0,18,0,4,0,0,0,0,4,1,6,1,9,-1,-1,-1,8,1
2013460228748,1,19,0,1,0,2,0,0,0,0,2,1,6,1,7,2496,2,14,4,1
2013460228748,2,9,0,10,0,1,0,0,0,0,1,1,6,2,7,2324,1,10,3,1
2013460228749,1,9,0,17,0,1,0,0,0,0,1,1,6,2,7,1598,1,4,2,1
2013460228749,2,1,0,18,0,1,0,0,0,0,4,1,6,2,8,-1,-1,-1,2,1
2013460228750,1,9,0,18,0,1,0,0,0,0,1,1,6,1,8,1590,1,8,-1,-1
2013460228750,2,9,0,9,0,5,1,0,0,0,2,1,6,2,6,1242,1,1,7,3
2013460228751,1,3,0,18,0,3,1,0,0,0,3,1,2,1,4,125,1,7,8,1
2013460228754,1,1,5,18,9,1,0,0,0,0,1,1,6,1,-1,-1,-1,-1,-1,-1
2013460228754,2,9,0,7,0,2,0,0,0,0,4,1,6,1,9,1997,2,10,9,1
2013460228755,1,9,0,2,6,2,0,0,0,0,3,1,6,1,5,1596,1,6,10,1
2013460228755,2,9,0,18,0,2,0,8,0,0,1,1,6,2,6,1199,2,1,4,1
2013460228757,1,9,0,18,0,1,0,0,0,0,1,1,2,1,6,1596,1,16,2,1
2013460228757,2,9,0,4,0,6,0,0,0,0,2,1,2,2,8,1598,1,7,2,1
2013460228758,1,4,0,18,0,8,0,0,0,0,3,1,6,1,5,102,1,9,3,1
2013460228758,2,9,0,18,0,8,0,0,0,0,1,1,6,1,9,1794,1,11,5,1
2013460228759,1,9,0,18,0,0,0,0,0,0,3,1,6,1,9,1995,2,10,4,1
2013460228766,1,9,0,18,0,2,0,0,0,0,1,1,6,1,11,1296,1,5,9,1
2013460228766,2,9,0,3,0,2,0,0,0,0,2,1,6,1,8,1896,2,7,3,1
2013460228766,3,9,0,3,0,2,0,0,0,0,2,1,6,1,8,-1,-1,-1,9,1
2013460228767,1,9,0,9,0,5,1,0,0,0,1,1,6,1,4,1242,1,13,5,1
2013460228767,2,9,0,18,0,8,1,0,0,0,3,1,6,2,6,1242,1,13,4,1
2013460228768,1,3,0,4,0,4,1,0,0,0,4,1,6,1,5,124,1,1,8,3
2013460228773,1,9,0,18,0,0,0,0,0,0,4,1,6,1,10,2996,1,3,10,3
2013460228783,1,9,0,5,0,4,0,0,0,0,1,1,6,1,5,1124,1,12,5,1
2013460228783,2,9,0,3,0,1,0,0,0,0,2,1,6,2,9,1299,1,9,10,1
2013460228784,1,9,0,16,0,8,0,0,0,0,1,1,6,1,8,1796,1,9,10,1
2013460228784,2,9,0,17,0,8,0,0,0,0,1,1,6,2,4,998,1,9,3,1
2013460228787,1,9,0,18,0,8,0,7,1,0,1,1,6,2,4,1299,1,12,3,1
2013460228820,1,9,0,1,0,2,0,0,0,0,2,1,2,1,7,1998,2,10,2,1
2013460228824,1,9,0,18,0,0,0,0,0,0,2,1,6,1,-1,1998,1,9,-1,-1
2013460228824,2,9,0,18,0,0,0,0,0,0,1,1,6,1,4,1570,1,23,8,1
2013460228825,1,9,0,18,0,0,0,0,0,0,2,1,6,3,-1,-1,-1,-1,-1,-1
2013460228825,2,1,0,18,0,0,0,0,0,0,1,1,6,1,3,-1,-1,-1,1,1
2013460228826,1,9,0,17,0,0,2,0,1,0,1,1,6,2,7,1794,1,8,9,1
2013460228829,1,9,0,18,0,0,0,0,0,0,2,1,6,2,6,-1,-1,-1,8,2
2013460228829,2,9,0,18,0,0,0,0,0,0,1,1,6,1,6,1895,1,12,1,1
2013460228830,1,9,0,12,0,0,0,0,0,0,1,1,1,1,7,-1,-1,-1,-1,-1
2013460228830,2,9,0,18,0,0,0,0,0,0,4,1,6,2,9,1560,2,2,6,1
2013460228831,1,9,0,7,0,1,0,0,0,0,4,1,6,1,10,1598,1,1,-1,-1
2013460228832,1,9,0,18,0,0,0,0,0,0,1,1,6,1,8,1399,2,10,2,1
2013460228834,1,9,0,16,0,0,0,0,7,4,1,1,6,1,5,1396,1,11,8,3
2013460228835,1,9,0,18,0,1,1,0,0,0,1,1,6,1,9,2685,2,9,1,1
2013460228835,2,9,0,3,0,1,0,0,0,0,2,1,6,2,5,1598,2,-1,2,1
2013460228837,1,19,0,18,0,0,0,0,0,0,3,1,6,3,-1,-1,-1,-1,-1,-1
2013460228839,1,9,0,17,0,0,0,0,0,0,3,1,6,1,6,-1,-1,-1,5,1
2013460228839,2,9,0,16,0,0,0,0,0,0,3,1,6,1,6,1995,2,6,8,2
2013460228840,1,21,0,12,0,8,0,0,0,0,3,2,1,1,7,-1,-1,-1,-1,-1
2013460228840,2,9,0,18,0,8,1,0,2,7,4,1,6,2,8,1388,1,3,4,1
2013460228841,1,9,0,18,0,0,0,0,0,0,1,1,6,1,4,-1,-1,-1,-1,-1
2013460228842,1,9,0,18,0,0,1,0,0,0,1,1,6,1,5,998,1,14,7,3
2013460228842,2,9,0,18,0,0,0,0,0,0,2,1,6,2,6,998,1,2,-1,-1
2013460228842,3,9,0,10,0,0,0,0,0,0,2,1,6,1,5,1796,1,16,6,3
2013460228847,1,9,0,18,0,0,0,0,0,0,1,1,6,1,8,1956,2,2,4,1
2013460228847,2,9,0,18,0,0,0,0,0,0,2,1,6,1,6,2143,2,2,5,1
2013460228849,1,1,0,12,0,1,0,0,0,0,3,1,6,1,11,-1,-1,-1,-1,-1
2013460228849,2,9,0,13,0,1,1,0,0,0,4,1,6,1,8,1799,1,5,8,3
2013460228850,1,9,0,10,0,1,0,0,0,0,1,1,6,2,7,1299,1,9,5,2
2013460228850,2,9,0,4,0,1,0,0,0,0,2,1,1,1,9,-1,-1,-1,6,1
2013460228852,1,9,0,9,0,0,0,0,0,0,3,1,1,1,7,1587,1,9,2,1
2013460228852,2,4,0,4,0,0,0,0,0,0,4,1,2,1,8,243,1,34,-1,-1
2013460228854,1,9,0,17,0,1,1,0,1,10,1,1,6,1,4,1124,1,12,2,1
2013460228860,1,9,0,9,0,1,0,0,0,0,2,1,6,3,-1,-1,-1,-1,-1,-1
2013460228860,2,1,0,18,0,1,0,0,0,0,1,1,6,1,8,-1,-1,-1,6,1
2013460228867,1,9,0,18,0,0,0,0,0,0,1,1,6,1,4,1364,1,3,6,1
2013460228867,2,9,0,18,0,0,0,0,0,0,3,1,1,1,5,-1,-1,-1,9,2
2013460228869,1,9,0,18,9,1,0,0,1,0,1,1,6,3,-1,-1,-1,-1,-1,-1
2013460228870,1,1,0,18,0,0,0,0,0,0,3,1,6,2,7,-1,-1,-1,2,1
2013460228870,2,19,0,18,0,0,0,0,0,0,4,1,1,1,8,2143,2,2,3,1
2013460228874,1,5,0,14,0,0,0,0,0,0,1,1,6,1,6,600,1,15,6,1
2013460228874,2,9,0,18,0,0,0,0,0,0,1,1,6,2,10,1769,1,7,10,1
2013460228876,1,9,0,4,0,0,0,0,0,0,1,1,6,1,7,1910,2,6,8,2
2013460228876,2,2,0,4,0,0,0,0,0,0,2,1,6,1,7,1198,1,1,8,1
2013460228878,1,9,0,1,8,6,0,0,0,0,2,1,6,2,7,2400,2,4,9,1
2013460228879,1,9,0,18,0,0,1,0,2,10,1,1,2,2,4,1349,1,-1,4,1
2013460228882,1,21,1,11,0,0,0,0,0,0,4,2,1,1,7,-1,-1,-1,-1,-1
2013460228882,2,9,0,18,0,0,2,0,1,1,3,1,6,1,9,1360,1,9,10,1
2013460228891,1,21,0,1,7,5,0,0,0,0,1,2,1,1,6,-1,-1,-1,-1,-1
2013460228891,2,21,0,18,0,1,1,0,0,0,4,1,1,1,6,-1,-1,-1,-1,-1
2013460228892,1,20,0,18,0,0,0,0,0,0,1,1,6,1,7,-1,-1,-1,8,1
2013460228892,2,9,0,3,0,0,0,0,0,0,2,1,6,2,6,1997,2,8,8,1
2013460228892,3,9,0,3,0,0,0,0,0,0,2,1,6,1,7,1560,2,2,3,1
2013460228895,1,9,0,18,0,0,0,0,4,6,1,1,6,2,6,1399,2,1,2,1
2013460228896,1,1,0,18,9,1,0,10,0,0,0,1,6,2,3,-1,-1,-1,6,1
2013460228903,1,1,0,18,0,2,1,0,0,0,1,1,2,1,8,-1,-1,-1,5,1