Accident_Index,Vehicle_Reference,Vehicle_Type,Towing_and_Articulation,Vehicle_Manoeuvre,Vehicle_Location-Restricted_Lane,Junction_Location,Skidding_and_Overturning,Hit_Object_in_Carriageway,Vehicle_Leaving_Carriageway,Hit_Object_off_Carriageway,1st_Point_of_Impact,Was_Vehicle_Left_Hand_Drive?,Journey_Purpose_of_Driver,Sex_of_Driver,Age_Band_of_Driver,Engine_Capacity_(CC),Propulsion_Code,Age_of_Vehicle,Driver_IMD_Decile,Driver_Home_Area_Type
2013460228908,1,9,0,17,0,1,1,0,0,0,1,1,6,1,7,1360,1,10,-1,-1
2013460228908,2,9,0,16,0,1,0,0,0,0,1,1,6,1,5,1587,1,12,-1,-1
2013460228908,3,1,0,16,0,1,0,0,0,0,1,1,6,1,6,-1,-1,-1,-1,-1
2013460228909,1,9,0,5,0,4,0,0,0,0,1,1,6,2,4,1229,1,1,8,2
2013460228909,2,5,0,18,0,8,0,0,0,0,2,1,6,1,7,600,1,-1,4,1
2013460228911,1,9,0,18,0,1,5,7,1,10,4,1,6,1,10,2184,2,8,9,1
2013460228912,1,21,0,16,0,0,2,0,0,0,4,1,1,1,8,12130,2,9,1,1
2013460228918,1,9,0,18,0,0,0,0,0,0,1,1,2,1,5,1398,2,6,10,1
2013460228922,1,19,0,11,0,0,0,0,0,0,0,1,1,3,-1,2198,2,2,-1,-1
2013460228922,2,9,0,4,0,0,0,0,0,0,3,1,6,1,6,1796,1,6,10,1
2013460228922,3,5,0,4,0,0,0,0,0,0,1,1,6,1,6,599,1,4,3,1
2013460228924,1,1,0,18,0,0,0,0,0,0,0,1,6,1,6,-1,-1,-1,-1,-1
2013460228926,1,9,0,9,0,1,0,0,0,0,3,1,1,2,7,1896,2,4,5,1
2013460228926,2,9,0,18,0,1,0,0,0,0,1,1,6,1,11,1248,1,-1,3,1
2013460228928,1,90,0,18,0,8,1,0,0,0,1,1,1,2,7,2987,2,4,-1,-1
2013460228928,2,9,0,18,0,8,0,0,0,0,4,1,2,1,7,1242,1,13,1,1
2013460228929,1,9,0,18,0,0,0,4,1,4,4,1,6,2,6,-1,-1,-1,4,1
2013460228929,2,9,0,2,0,0,0,0,0,0,3,1,6,1,7,-1,-1,-1,5,1
2013460228929,3,9,0,2,0,0,0,0,0,0,3,1,6,2,6,1596,1,5,5,1
2013460228929,4,9,0,2,0,0,0,0,0,0,3,1,6,2,7,1240,1,10,4,1
2013460228930,1,1,0,5,0,6,0,0,0,0,1,1,6,1,4,-1,-1,-1,2,1
2013460228930,2,9,0,8,0,2,0,0,0,0,3,1,6,1,8,2830,2,18,3,1
2013460228931,1,9,0,18,0,8,0,0,0,0,4,1,2,2,6,-1,-1,-1,4,1
2013460228931,2,9,0,7,0,8,0,0,0,0,1,1,6,2,8,1596,1,12,9,1
2013460228935,1,9,0,18,0,0,0,0,0,0,1,1,6,3,-1,-1,-1,-1,-1,-1
2013460228935,2,9,0,18,0,0,2,0,0,0,2,1,6,1,9,-1,-1,-1,7,1
2013460228935,3,9,0,18,0,0,0,0,0,0,1,1,6,1,7,1796,1,1,3,1
2013460228940,1,9,0,5,0,1,0,0,0,0,1,1,2,1,6,1970,1,8,1,1
2013460228940,2,9,0,5,0,1,0,0,0,0,0,1,6,2,6,1796,1,12,5,1
2013460228942,1,9,0,18,0,8,5,0,0,0,3,1,6,2,4,995,1,7,6,1
2013460228942,2,9,0,18,0,1,0,0,0,0,1,1,6,2,6,998,1,-1,2,1
2013460228943,1,9,0,18,0,0,0,0,0,0,1,1,6,2,7,1587,1,8,-1,-1
2013460228943,2,9,0,3,0,0,0,0,0,0,2,1,6,1,4,973,1,12,-1,-1
2013460228943,3,9,0,3,0,0,0,0,0,0,2,1,6,1,10,1999,1,9,-1,-1
2013460228946,1,9,0,18,0,0,0,0,0,0,4,1,6,3,-1,1896,2,7,-1,-1
2013460228946,2,9,0,18,0,0,0,10,0,0,3,1,6,1,5,1364,1,8,2,1
2013460228947,1,9,0,16,0,0,2,0,1,10,1,1,6,2,5,1392,1,25,7,3
2013460228950,1,9,0,17,0,1,0,0,0,0,1,1,6,2,7,1149,1,2,1,1
2013460228952,1,-1,0,1,0,6,0,0,0,0,2,1,6,3,-1,-1,-1,-1,-1,-1
2013460228954,1,9,0,9,0,5,0,0,0,0,4,1,6,1,7,2720,2,6,9,1
2013460228954,2,9,0,18,0,1,0,0,0,0,1,1,2,2,5,1997,2,14,2,1
2013460228957,1,9,0,3,0,1,0,0,0,0,1,1,2,1,7,1560,2,4,7,1
2013460228957,2,9,0,10,0,1,0,0,0,0,2,1,6,2,5,2171,1,10,5,1
2013460228961,1,9,0,18,0,0,0,0,0,0,1,1,6,2,9,1984,1,4,9,1
2013460228962,1,1,0,18,0,0,0,0,0,0,0,1,6,1,8,-1,-1,-1,-1,-1
2013460228966,1,9,0,4,0,1,0,0,0,0,1,1,6,2,5,1560,2,4,9,1
2013460228966,2,9,0,4,0,1,0,0,0,0,2,1,6,2,4,1587,1,9,2,1
2013460228966,3,9,0,4,0,1,0,0,0,0,2,1,6,2,9,1995,1,6,6,1
2013460228966,4,9,0,4,0,1,0,0,0,0,2,1,6,1,7,1461,2,1,8,2
2013460228968,1,9,0,13,0,1,0,0,1,0,1,1,6,1,5,-1,-1,-1,-1,-1
2013460228968,2,9,0,10,0,1,0,0,0,0,3,1,6,1,7,1997,2,4,-1,-1
2013460228968,3,9,0,4,0,1,0,0,0,0,0,1,6,1,6,1242,1,11,5,1
2013460228970,1,9,0,18,0,2,0,0,0,0,1,1,6,1,9,1299,1,14,-1,-1
2013460228970,2,9,0,9,0,2,0,0,0,0,2,1,6,1,7,1560,2,4,-1,-1
2013460228973,1,9,0,18,0,0,1,0,0,0,1,1,6,1,4,3498,1,9,-1,-1
2013460228973,2,9,0,10,0,0,1,0,0,0,1,1,6,1,8,1596,1,5,9,1
2013460228974,1,9,0,3,0,0,0,0,0,0,1,1,6,1,8,2172,2,13,6,3
2013460228974,2,9,0,18,0,0,0,0,0,0,2,1,6,2,5,1389,1,16,5,1
2013460228976,1,19,0,18,0,0,0,0,0,0,4,1,6,3,-1,2188,2,12,-1,-1
2013460228983,1,9,0,10,0,8,0,0,0,0,4,1,6,2,9,998,1,-1,5,3
2013460228984,1,21,0,4,0,0,1,0,0,0,1,1,6,1,7,-1,-1,-1,5,1
2013460228984,2,21,1,4,0,0,0,0,0,0,2,1,6,1,6,12900,2,2,7,1
2013460228988,1,9,0,4,0,0,0,0,0,0,1,1,2,1,6,-1,-1,-1,-1,-1
2013460228988,2,9,0,4,0,0,0,0,0,0,2,1,2,2,7,1796,1,15,-1,-1
2013460228988,3,9,0,4,0,0,0,0,0,0,2,1,2,1,8,2521,1,6,-1,-1
2013460228992,1,9,0,17,0,0,1,0,7,10,1,1,6,2,9,2495,2,14,5,2
2013460228994,1,9,0,18,0,0,0,0,0,0,1,1,6,3,-1,-1,-1,-1,-1,-1
2013460228996,1,-1,0,18,0,0,0,0,0,0,0,1,6,3,-1,-1,-1,-1,-1,-1
2013460228996,2,9,0,18,0,0,0,0,0,0,2,1,6,1,6,2231,2,6,2,1
2013460228996,3,9,0,18,0,0,0,0,0,0,1,1,6,1,7,1461,2,1,7,3
2013460228996,4,9,0,18,0,0,0,0,0,0,1,1,6,1,5,2958,2,7,4,1
2013460228997,1,1,0,9,0,1,0,0,0,0,1,1,2,1,7,-1,-1,-1,-1,-1
2013460228997,2,9,0,9,0,5,0,0,0,0,2,1,6,3,-1,-1,-1,-1,-1,-1
2013460229000,1,9,0,18,0,0,0,0,0,0,1,1,6,2,11,998,1,2,-1,-1
2013460229000,2,9,0,4,0,0,0,0,0,0,2,1,1,1,8,-1,-1,-1,2,1
2013460229006,1,9,0,18,0,0,1,0,1,4,1,1,1,1,4,1124,1,12,1,1
2013460229006,2,19,0,18,0,0,0,0,0,0,2,1,1,1,7,-1,-1,-1,2,1
2013460229007,1,9,0,18,0,0,0,0,0,0,3,1,6,2,5,1199,1,14,2,1
2013460229009,1,9,0,16,0,8,1,0,0,0,1,1,6,2,6,1242,1,14,6,1
2013460229009,2,9,0,17,0,8,0,0,0,0,1,1,6,2,7,-1,-1,-1,3,1
2013460229011,1,9,0,4,9,1,0,0,0,0,1,1,6,1,6,1975,1,6,7,1
2013460229011,2,9,0,18,0,1,0,0,0,0,3,1,6,1,11,1364,1,5,5,1
2013460229015,1,9,0,9,0,5,0,0,0,0,1,1,6,2,7,1390,1,13,2,1
2013460229015,2,9,0,18,0,1,0,0,0,0,1,1,2,1,6,1896,2,10,9,1
2013460229017,1,4,0,18,0,0,0,0,0,0,1,1,6,1,4,651,1,24,2,1
2013460229018,1,9,0,9,0,2,0,0,0,0,3,1,3,1,6,1149,1,14,4,1
2013460229018,2,9,0,9,0,2,0,0,0,0,1,1,2,2,7,1596,1,6,4,1
2013460229021,1,98,0,12,0,0,0,0,0,0,3,2,6,3,-1,-1,-1,-1,-1,-1
2013460229021,2,9,0,18,0,0,0,0,0,0,4,1,2,2,6,1388,1,5,4,1
2013460229023,1,9,0,18,0,0,1,0,0,0,1,1,6,1,8,2402,2,5,7,3
2013460229023,2,9,0,4,0,0,0,0,0,0,2,1,6,1,7,1753,2,7,8,1
2013460229023,3,9,0,4,0,0,0,0,0,0,2,1,6,1,8,1560,2,4,7,1
2013460229026,1,9,0,18,0,4,0,0,0,0,1,1,6,1,9,1997,2,10,10,1
2013460229026,2,1,0,18,0,8,0,0,0,0,4,1,6,1,6,-1,-1,-1,3,1
2013460229042,1,9,0,17,0,8,1,0,1,10,1,1,6,2,5,-1,-1,-1,10,1
2013460229048,1,9,0,10,0,1,0,0,0,0,2,1,1,1,7,-1,-1,-1,1,1
2013460229048,2,9,0,3,0,1,0,0,0,0,1,1,1,1,7,1997,2,-1,6,3
2013460229051,1,11,0,12,0,0,0,0,0,0,0,1,6,3,-1,-1,-1,-1,-1,-1
2013460229051,2,19,0,18,0,0,5,0,1,4,4,1,1,1,6,2151,2,10,6,1
2013460229052,1,9,0,18,0,8,0,0,0,0,1,1,6,1,9,2793,1,13,8,1
2013460229052,2,9,0,4,0,8,0,0,0,0,2,1,6,2,6,1587,1,9,7,1
2013460229054,1,9,0,18,0,0,0,0,0,0,1,1,6,2,6,1598,1,11,9,1
2013460229054,2,9,0,18,0,0,0,0,0,0,1,1,6,1,11,1598,1,3,-1,-1
2013460229055,1,9,0,9,0,2,0,0,0,0,1,1,6,1,4,1242,1,8,5,3
2013460229055,2,9,0,18,0,2,0,0,0,0,1,1,6,1,10,1798,1,48,8,2
2013460229056,1,9,0,9,0,6,0,0,0,0,1,1,6,1,6,1596,1,9,2,1
2013460229056,2,1,0,14,0,8,0,0,0,0,4,1,6,1,9,-1,-1,-1,7,3
2013460229063,1,9,0,18,0,1,0,0,0,0,1,1,6,2,7,1896,2,10,4,1
2013460229063,2,9,0,10,0,1,0,0,0,0,2,1,6,2,6,1598,1,2,9,1
2013460229065,1,9,0,18,0,8,0,0,0,0,1,1,6,2,11,1240,1,4,6,3
2013460229065,2,9,0,4,0,8,0,0,0,0,2,1,2,2,6,1796,1,2,3,1
2013460229065,3,9,0,4,0,8,0,0,0,0,2,1,6,1,11,1242,1,4,5,1
2013460229067,1,21,0,12,0,0,0,0,0,0,3,2,1,1,6,-1,-1,-1,-1,-1
2013460229067,2,9,0,18,0,0,0,0,0,0,3,1,6,2,6,996,1,4,7,1
2013460229068,1,5,0,4,0,0,1,0,0,0,1,1,6,1,5,-1,-1,-1,4,3
2013460229068,2,9,0,4,0,0,0,0,0,0,2,1,6,2,6,1299,1,8,-1,-1
2013460229074,1,9,0,18,0,0,0,11,0,0,0,1,6,3,-1,-1,-1,-1,-1,-1
2013460229074,2,9,0,4,0,0,0,0,0,0,2,1,1,1,5,1598,1,3,5,2
2013460229074,3,9,0,18,0,0,0,0,0,0,1,1,6,2,6,1896,2,8,5,2
2013460229076,1,9,0,13,0,0,0,0,1,7,2,1,6,1,6,1990,1,24,7,1
2013460229076,2,21,1,18,0,0,0,0,0,0,3,1,1,1,7,12900,2,6,10,1
2013460229078,1,9,0,18,0,4,0,0,7,2,1,1,1,1,6,2993,2,8,10,1
2013460229078,2,9,0,9,0,3,0,0,0,0,4,1,1,2,7,1248,2,5,-1,-1
2013460229082,1,9,0,13,0,0,1,0,1,0,4,1,6,1,8,1994,1,9,3,1
2013460229082,2,9,0,2,0,0,1,0,0,0,3,1,6,1,6,-1,-1,-1,4,2
2013460229085,1,9,0,12,0,1,0,0,0,0,3,1,6,1,6,1299,1,18,4,1
2013460229085,2,9,0,18,0,1,0,0,0,0,4,1,6,1,6,1339,1,10,3,1
2013460229086,1,5,0,18,0,0,0,0,5,6,3,1,6,1,7,599,1,3,10,1
2013460229087,1,3,0,18,0,0,1,0,0,0,4,1,6,1,4,124,1,5,3,1
2013460229088,1,9,0,7,0,6,0,0,0,0,1,1,6,1,5,-1,-1,-1,6,3
2013460229088,2,9,0,18,0,1,0,0,0,0,4,1,6,2,5,1896,2,11,8,1
2013460229089,1,20,0,9,0,6,0,0,0,0,4,1,6,1,-1,4580,2,9,-1,-1
2013460229089,2,9,0,9,0,6,0,0,0,0,3,1,6,2,6,1995,2,1,8,1
2013460229092,1,8,0,18,0,2,0,0,0,0,1,1,1,1,8,-1,-1,-1,8,1
2013460229092,2,9,0,18,0,2,0,0,0,0,2,1,6,1,9,1242,1,2,10,1
2013460229095,1,9,0,5,0,4,0,0,0,0,4,1,6,2,7,1998,1,8,8,1
2013460229095,2,1,0,5,0,4,0,0,0,0,3,1,6,1,7,-1,-1,-1,3,1
2013460229098,1,5,0,13,0,1,1,0,7,0,1,1,6,1,8,998,1,10,4,2
2013460229098,2,9,0,9,0,1,0,0,0,0,2,1,6,1,11,998,1,28,6,3
2013460229100,1,9,0,9,0,5,0,0,0,0,0,1,6,3,-1,-1,-1,-1,-1,-1
2013460229100,2,9,0,18,0,1,1,10,1,0,4,1,1,1,6,1461,2,8,8,2
2013460229101,1,9,0,18,0,0,2,4,7,2,1,1,6,1,6,1558,1,11,-1,-1
2013460229101,2,9,0,2,0,0,0,0,0,0,3,1,6,1,-1,1598,1,6,8,1
2013460229102,1,9,0,18,0,0,0,10,1,0,1,1,6,3,-1,2830,2,19,-1,-1
2013460229103,1,9,0,16,0,1,0,10,0,0,4,1,6,3,-1,-1,-1,-1,-1,-1
2013460229103,2,9,0,17,0,2,0,10,0,0,4,1,6,1,7,2170,2,9,7,1
2013460229104,1,4,0,18,9,0,0,0,0,0,3,1,2,1,6,125,1,-1,8,1
2013460229104,2,9,0,1,0,0,0,0,0,0,2,1,6,2,8,3498,1,4,10,3
2013460229105,1,9,0,16,0,0,1,0,1,10,1,1,2,1,5,1000,1,13,-1,-1
2013460229108,1,9,0,5,6,6,0,0,0,0,1,1,1,1,6,1896,2,10,9,3
2013460229108,2,9,0,18,0,1,5,10,0,0,2,1,6,2,5,1491,1,34,7,3
2013460229110,1,9,0,18,0,0,0,0,0,0,1,1,6,1,6,1951,2,11,7,1
2013460229110,2,1,0,18,0,0,0,0,0,0,1,1,6,1,3,-1,-1,-1,7,1
2013460229111,1,9,0,5,0,6,0,0,7,0,4,1,6,1,11,989,1,8,9,3
2013460229111,2,9,0,18,0,8,0,0,0,0,1,1,6,2,11,1229,1,3,-1,-1
2013460229112,1,9,0,18,0,1,0,0,0,0,1,1,6,1,6,1870,2,9,4,1
2013460229112,2,9,0,4,0,1,0,0,0,0,2,1,6,2,8,-1,-1,-1,4,1
2013460229114,1,21,1,4,0,0,1,0,0,0,1,1,1,1,7,12777,2,3,-1,-1
2013460229114,2,21,1,4,0,0,0,0,0,0,2,1,1,1,9,12777,2,6,8,2
2013460229116,1,9,0,3,0,1,0,0,0,0,1,1,6,1,7,1198,1,7,7,1
2013460229116,2,21,0,4,0,1,0,0,0,0,2,2,1,1,8,-1,-1,-1,-1,-1
2013460229117,1,9,0,9,0,2,0,0,0,0,4,1,6,1,7,1149,1,15,4,2
2013460229117,2,1,0,9,0,2,0,0,0,0,1,1,6,1,10,-1,-1,-1,7,2
2013460229118,1,5,0,13,0,8,1,0,0,0,1,1,6,1,8,599,1,9,6,1
2013460229118,2,8,0,9,0,5,0,0,0,0,3,1,1,1,10,1997,2,11,7,1
2013460229119,1,9,0,9,0,3,0,0,0,0,1,1,6,1,4,1199,1,10,7,1
2013460229119,2,9,0,7,0,4,0,0,0,0,3,1,6,2,10,1587,1,15,3,1
2013460229124,1,5,0,18,0,0,0,0,0,0,4,1,6,1,5,599,1,9,6,1
2013460229125,1,21,0,18,0,0,0,0,7,4,3,1,6,2,7,12900,2,1,2,1
2013460229127,1,9,0,9,0,8,0,0,0,0,4,1,6,2,6,1988,1,12,3,1
2013460229127,2,2,0,18,0,8,0,0,0,0,1,1,6,1,4,49,1,3,6,1
2013460229135,1,9,0,9,0,6,1,0,0,0,1,1,6,1,11,1495,1,5,4,1
2013460229135,2,9,0,17,0,1,0,0,0,0,4,1,6,2,6,1598,1,15,5,1
2013460229137,1,9,0,18,0,1,0,0,0,0,1,1,6,1,4,998,1,7,6,1
2013460229137,2,9,0,10,0,1,0,0,0,0,2,1,6,2,6,1396,1,11,3,1
2013460229138,1,9,0,9,0,2,0,0,0,0,1,1,6,2,9,1998,2,11,4,1
2013460229138,2,9,0,18,0,8,0,0,0,0,4,1,6,2,7,1598,1,1,1,1
2013460229142,1,9,0,4,0,0,5,0,1,10,4,1,2,2,5,1360,1,14,-1,-1
2013460229144,1,9,0,9,0,1,0,0,0,0,1,1,6,2,9,1398,1,13,4,1
2013460229144,2,1,0,18,0,8,0,0,0,0,3,1,6,1,6,-1,-1,-1,-1,-1
2013460229146,1,9,0,9,0,8,0,0,0,0,1,1,6,1,10,1399,1,7,7,1
2013460229146,2,9,0,18,0,8,0,0,0,0,3,1,6,1,9,1598,1,13,9,1
2013460229149,1,9,0,9,9,6,0,0,0,0,1,1,6,2,7,1997,2,9,7,2
2013460229149,2,9,0,18,9,8,0,0,7,2,3,1,2,1,5,1197,1,1,7,2
2013460229150,1,4,0,18,0,1,0,0,0,0,1,1,1,1,6,1202,1,1,4,1
2013460229150,2,9,0,10,0,1,0,0,0,0,1,1,3,2,6,1986,2,7,3,1
2013460229152,1,9,4,1,0,0,0,0,0,0,2,1,1,2,7,1997,2,3,-1,-1
2013460229158,1,9,0,18,0,0,0,0,5,6,3,1,6,2,6,2495,2,18,6,1
2013460229162,1,9,0,18,0,0,1,0,8,6,1,1,6,2,6,1988,1,11,8,1
2013460229162,2,10,0,18,0,0,5,0,1,0,2,1,6,3,8,-1,-1,-1,-1,-1
2013460229162,3,21,1,18,0,0,1,0,1,0,3,1,6,1,8,-1,-1,-1,-1,-1
2013460229163,1,21,0,18,0,0,1,0,0,0,1,1,1,1,8,12882,2,2,4,1
2013460229163,2,9,0,18,0,0,0,0,0,0,1,1,6,2,10,1198,1,4,7,3
2013460229164,1,9,0,18,0,1,0,0,0,0,1,1,6,1,-1,1991,2,12,-1,-1
2013460229164,2,9,0,3,0,1,0,0,0,0,2,1,6,1,6,1995,2,8,5,1
2013460229169,1,9,0,18,0,1,0,0,0,0,1,1,6,3,-1,-1,-1,-1,-1,-1
2013460229170,1,5,0,13,0,1,0,0,0,0,1,1,6,1,5,598,1,15,8,3
2013460229170,2,9,0,9,0,8,0,0,0,0,2,1,6,1,5,-1,-1,-1,7,3
2013460229174,1,4,0,18,0,0,0,4,0,0,1,1,6,1,-1,-1,-1,-1,-1,-1
2013460229174,2,9,0,2,0,0,0,0,0,0,1,1,6,1,8,1388,1,7,10,1
2013460229182,1,9,0,18,0,0,0,0,0,0,1,1,6,2,4,1198,1,1,3,1
2013460229182,2,9,0,18,0,0,0,0,0,0,2,1,6,2,10,999,1,2,5,1
2013460229184,1,9,0,18,0,2,0,4,1,0,1,1,6,1,9,1794,1,9,10,1
2013460229184,2,9,0,2,9,2,0,0,0,0,2,1,6,2,8,1598,1,10,2,1
2013460229185,1,19,0,18,0,1,0,0,0,0,1,1,6,3,-1,2198,2,-1,-1,-1
2013460229185,2,9,0,3,0,1,0,0,0,0,2,1,6,2,5,1796,1,11,-1,-1
2013460229186,1,19,0,17,0,0,2,0,1,9,4,1,6,1,6,1968,2,3,7,1
2013460229187,1,19,0,18,0,0,0,0,7,0,1,1,1,1,5,2402,2,8,8,1
2013460229187,2,21,1,18,0,0,1,0,0,0,1,1,1,1,8,4250,2,5,4,3
2013460229188,1,1,0,18,0,0,0,0,0,0,0,1,4,1,3,-1,-1,-1,-1,-1
2013460229189,1,8,0,18,0,0,0,0,0,0,1,1,6,2,6,1595,2,4,-1,-1
2013460229189,2,9,0,18,0,0,0,0,0,0,1,1,6,2,10,1896,2,17,-1,-1
2013460229189,3,9,0,18,0,0,0,0,0,0,1,1,6,1,8,1998,1,5,-1,-1
2013460229189,4,9,0,18,0,0,0,0,0,0,2,1,6,2,5,1999,1,8,-1,-1
2013460229190,1,9,0,1,0,8,0,0,0,0,2,1,6,3,-1,-1,-1,-1,-1,-1
2013460229191,1,9,0,9,0,6,0,0,0,0,4,1,6,1,7,1999,1,6,-1,-1
2013460229191,2,9,0,18,0,1,0,0,0,0,1,1,2,2,5,1248,2,9,3,1
2013460229195,1,3,0,7,0,3,0,0,0,0,3,1,6,1,7,124,1,4,3,1
2013460229196,1,19,0,9,0,6,0,0,0,0,1,1,1,1,9,1968,2,3,3,1
2013460229196,2,9,0,9,0,5,0,0,0,0,3,1,6,1,7,2494,1,11,8,1
2013460229203,1,9,0,18,0,0,0,0,0,0,1,1,2,2,7,1242,1,5,6,1
2013460229204,1,9,0,9,0,8,0,0,0,0,1,1,6,1,9,-1,-1,-1,7,3
2013460229204,2,9,0,18,0,1,0,0,0,0,1,1,6,1,4,1560,2,9,4,1
2013460229206,1,9,0,7,0,4,0,0,0,0,1,1,6,1,7,1997,2,11,-1,-1
2013460229206,2,9,0,18,0,3,0,0,0,0,4,1,6,1,6,1896,2,11,-1,-1
2013460229207,1,9,0,18,0,0,1,0,0,0,1,1,6,1,6,1396,1,12,-1,-1
2013460229207,2,9,0,18,0,0,1,0,0,0,1,1,6,2,7,1242,1,1,7,2
2013460229213,1,9,0,4,0,0,0,0,0,0,1,1,6,2,6,1229,1,5,8,1
2013460229213,2,9,0,3,0,0,0,0,0,0,2,1,6,1,7,998,1,10,4,1
2013460229213,3,9,0,3,0,0,0,0,0,0,2,1,1,1,8,1968,2,3,2,1
2013460229214,1,9,0,5,0,6,0,0,1,0,4,1,6,1,10,1999,1,10,7,1
2013460229214,2,9,0,18,0,8,0,0,1,0,1,1,6,2,4,1362,1,1,6,2
2013460229215,1,9,0,5,0,1,0,0,0,0,1,1,1,2,9,2393,1,2,7,3
2013460229215,2,9,0,4,0,1,0,0,0,0,2,1,1,2,8,-1,-1,-1,7,3
2013460229217,1,9,0,7,0,6,0,0,0,0,1,1,6,3,-1,1229,1,5,-1,-1
2013460229217,2,9,0,8,0,1,0,0,0,0,2,1,2,1,8,1560,2,6,6,3
2013460229219,1,9,0,17,0,0,0,10,7,1,3,1,6,1,10,2184,2,9,5,1
2013460229219,2,9,0,16,0,0,0,10,0,0,3,1,6,2,10,1197,1,2,-1,-1
2013460229219,3,9,0,17,0,0,0,10,0,0,3,1,6,2,7,1299,1,14,10,2
2013460229221,1,9,0,18,0,0,0,0,0,0,3,1,6,2,8,1794,1,9,8,1
2013460229221,2,9,0,18,0,0,0,0,0,0,3,1,6,2,6,1388,1,16,4,1
2013460229223,1,9,0,9,0,5,0,0,0,0,4,2,6,1,8,-1,-1,-1,-1,-1
2013460229223,2,9,0,18,0,8,1,0,0,0,1,1,2,1,5,1796,1,17,6,3
2013460229225,1,9,0,18,0,1,0,0,0,0,4,1,6,3,-1,-1,-1,-1,-1,-1
2013460229231,1,9,0,18,0,3,0,0,3,10,1,1,6,2,4,-1,-1,-1,9,1
2013460229232,1,19,0,18,0,0,0,0,0,0,3,1,2,1,9,1248,2,6,5,3
2013460229232,2,9,0,18,0,0,0,0,0,0,3,1,6,1,9,1339,8,7,7,3
2013460229233,1,9,0,18,0,0,0,0,7,6,3,1,6,2,9,1560,2,2,5,1
2013460229236,1,5,0,18,0,6,1,0,2,10,0,1,6,1,6,750,1,2,5,1
2013460229237,1,9,0,18,0,0,5,0,0,0,1,1,6,2,9,1324,1,20,2,1
2013460229237,2,9,0,18,0,0,0,0,0,0,2,1,6,2,6,1596,1,6,4,1
2013460229237,3,9,0,3,0,0,0,0,0,0,2,1,6,2,8,1242,1,5,5,2
2013460229239,1,1,0,16,0,0,1,0,0,0,1,1,6,1,7,-1,-1,-1,7,1
2013460229239,2,9,0,17,0,0,0,0,0,0,3,1,6,2,7,1679,1,15,4,3
2013460229243,1,9,0,13,0,1,0,0,0,0,3,1,6,3,-1,-1,-1,-1,-1,-1
2013460229243,2,9,0,18,0,2,0,0,0,0,3,1,6,1,5,998,1,14,8,1
2013460229245,1,9,0,18,0,0,0,0,7,10,2,1,6,1,9,1598,1,7,9,2
2013460229245,2,9,0,18,0,0,0,0,7,10,3,1,6,1,7,1968,2,-1,5,2
2013460229245,3,9,0,18,0,0,0,0,0,0,4,1,6,2,10,1149,1,11,-1,-1
2013460229246,1,9,0,18,0,0,5,0,1,0,1,1,6,2,5,1299,1,11,6,3
2013460229246,2,9,0,12,0,0,0,0,0,0,0,1,6,3,-1,-1,-1,-1,-1,-1
2013460229250,1,3,0,4,0,1,1,0,0,0,1,1,6,1,4,124,1,8,8,1
2013460229250,2,9,0,8,0,1,0,0,0,0,3,1,3,1,6,1896,2,11,-1,-1
2013460229256,1,9,0,18,0,0,0,0,0,0,4,1,6,3,-1,1329,1,1,-1,-1
2013460229259,1,9,0,18,0,0,0,0,0,0,1,1,6,1,6,1299,1,16,2,1
2013460229259,2,1,0,18,0,0,0,0,0,0,1,1,4,1,3,-1,-1,-1,4,1
2013460229260,1,9,0,18,0,1,0,0,0,0,1,1,6,1,8,-1,-1,-1,10,2
2013460229260,2,9,0,3,0,1,0,0,0,0,2,1,6,1,8,1686,2,2,5,2
2013460229266,1,19,0,10,0,1,0,0,0,0,0,1,6,1,8,1896,2,8,10,2
2013460229266,2,1,0,18,0,1,0,0,0,0,0,1,6,1,8,-1,-1,-1,10,2
2013460229268,1,9,0,5,0,1,0,0,0,0,3,1,6,3,-1,-1,-1,-1,-1,-1
2013460229268,2,1,0,18,0,1,0,0,0,0,4,1,6,1,5,-1,-1,-1,-1,-1
2013460229270,1,9,0,17,0,0,0,0,0,0,4,1,6,1,9,1390,1,8,-1,-1
2013460229273,1,9,0,7,0,8,0,0,1,10,1,1,1,2,9,1997,1,3,3,1
2013460229274,1,9,0,9,0,8,0,0,0,0,1,1,6,2,9,1149,1,6,6,3
2013460229274,2,1,0,18,0,8,0,0,0,0,1,1,6,1,5,-1,-1,-1,8,3
2013460229276,1,9,2,18,0,3,0,0,0,0,4,1,6,1,7,-1,-1,-1,6,3
2013460229276,2,9,0,9,0,3,0,0,0,0,3,1,6,1,9,-1,-1,-1,-1,-1
2013460229277,1,9,0,9,9,8,0,0,0,0,4,1,6,1,8,2987,2,3,8,1
2013460229277,2,3,0,18,0,1,0,0,0,0,1,1,2,1,7,49,1,8,2,1
2013460229280,1,9,0,18,0,0,0,10,1,0,1,1,6,1,7,1596,1,12,5,1
2013460229282,1,9,0,18,0,1,0,0,0,0,1,1,6,1,5,1896,2,9,10,1
2013460229282,2,9,0,10,0,1,0,0,0,0,2,1,6,1,7,1598,2,2,5,1