Accident_Index,Vehicle_Reference,Vehicle_Type,Towing_and_Articulation,Vehicle_Manoeuvre,Vehicle_Location-Restricted_Lane,Junction_Location,Skidding_and_Overturning,Hit_Object_in_Carriageway,Vehicle_Leaving_Carriageway,Hit_Object_off_Carriageway,1st_Point_of_Impact,Was_Vehicle_Left_Hand_Drive?,Journey_Purpose_of_Driver,Sex_of_Driver,Age_Band_of_Driver,Engine_Capacity_(CC),Propulsion_Code,Age_of_Vehicle,Driver_IMD_Decile,Driver_Home_Area_Type
2013460229283,1,9,0,9,0,8,0,0,0,0,0,1,6,1,6,-1,-1,-1,1,1
2013460229283,2,5,0,18,0,8,1,0,0,0,0,1,6,1,8,1340,1,17,3,1
2013460229286,1,9,0,11,0,2,2,0,0,0,4,1,1,1,7,-1,-1,-1,8,1
2013460229286,2,9,0,18,0,2,0,0,0,0,3,1,6,2,7,1339,1,7,8,1
2013460229287,1,5,0,18,0,4,0,10,0,0,1,1,6,1,8,599,1,15,7,1
2013460229287,2,-1,0,18,0,8,0,0,0,0,0,1,6,3,-1,-1,-1,-1,-1,-1
2013460229289,1,9,0,18,0,0,0,0,0,0,1,1,6,1,5,1461,2,11,-1,-1
2013460229289,2,1,0,14,0,0,0,0,0,0,2,1,6,1,2,-1,-1,-1,-1,-1
2013460229291,1,9,0,18,0,1,0,0,0,0,1,1,6,1,9,1968,2,4,7,3
2013460229291,2,9,0,9,0,5,0,0,0,0,2,1,6,2,6,1364,1,7,7,1
2013460229298,1,9,0,9,0,6,0,0,0,0,4,1,6,1,10,1598,1,10,4,1
2013460229298,2,5,0,18,0,1,1,0,0,0,1,1,6,1,7,999,1,2,9,1
2013460229303,1,9,0,1,0,0,0,0,0,0,2,1,6,3,-1,1299,1,11,-1,-1
2013460229303,2,9,0,2,0,0,0,0,0,0,1,1,6,2,6,1206,1,3,3,1
2013460229304,1,9,0,5,0,4,0,0,0,0,1,1,6,1,6,2993,2,9,6,2
2013460229304,2,5,0,3,0,1,0,0,0,0,2,1,1,1,8,498,1,12,4,1
2013460229305,1,9,0,18,0,1,0,0,0,0,1,1,6,1,5,1997,2,11,6,3
2013460229305,2,9,0,3,0,1,0,0,0,0,2,1,6,1,4,1108,1,10,6,2
2013460229305,3,9,0,18,0,2,0,0,0,0,1,2,6,2,8,-1,-1,-1,-1,-1
2013460229305,4,9,0,10,0,1,0,0,0,0,0,1,6,2,10,1248,1,4,6,3
2013460229306,1,3,0,17,0,0,0,7,1,0,4,1,2,1,6,124,1,1,6,2
2013460229309,1,2,0,9,0,6,0,0,0,0,1,1,6,1,-1,124,1,10,4,1
2013460229309,2,9,0,18,0,8,0,0,0,0,4,1,6,1,5,1968,2,-1,7,1
2013460229310,1,9,0,18,0,1,1,0,0,0,3,1,6,1,4,-1,-1,-1,9,1
2013460229310,2,9,0,18,0,1,0,0,0,0,3,1,6,1,6,1149,1,14,6,1
2013460229310,3,9,0,18,0,1,0,0,7,10,2,1,6,1,8,1796,1,8,9,1
2013460229310,4,9,0,18,0,1,0,0,0,0,1,1,1,1,6,1968,2,-1,7,1
2013460229312,1,9,0,18,0,0,0,0,0,0,1,1,3,2,8,1598,1,2,9,3
2013460229312,2,9,0,2,0,0,0,0,0,0,4,1,3,2,7,1753,2,10,10,1
2013460229314,1,9,0,3,0,1,0,0,0,0,1,1,6,1,4,998,1,14,8,3
2013460229314,2,9,0,3,0,1,0,0,0,0,2,1,6,2,4,1299,1,13,4,2
2013460229315,1,9,0,18,0,0,0,0,0,0,1,1,6,1,5,1197,1,1,6,1
2013460229315,2,9,0,18,0,0,0,0,0,0,2,1,6,2,7,1199,1,12,4,1
2013460229315,3,9,0,18,0,0,0,0,0,0,1,1,6,1,7,1560,2,2,8,1
2013460229319,1,9,0,18,0,0,0,4,0,0,1,1,6,2,5,999,1,15,3,1
2013460229319,2,9,0,2,0,0,0,7,1,0,2,1,6,3,-1,2099,2,8,-1,-1
2013460229323,1,9,0,9,0,6,0,0,0,0,1,1,2,1,4,998,1,1,6,3
2013460229323,2,1,0,18,0,1,0,0,0,0,1,1,6,2,6,-1,-1,-1,8,1
2013460229327,1,21,1,16,0,3,0,0,0,0,1,1,1,1,8,11705,2,5,7,3
2013460229327,2,1,0,16,0,3,0,0,0,0,3,1,6,1,6,-1,-1,-1,9,1
2013460229331,1,9,0,9,0,1,0,0,0,0,1,1,6,1,9,1587,1,10,6,1
2013460229331,2,3,0,18,0,1,0,0,0,0,1,1,1,1,4,-1,-1,-1,5,1
2013460229333,1,9,0,9,0,8,0,0,0,0,2,1,1,2,6,1598,1,10,4,1
2013460229333,2,3,0,18,0,8,0,0,0,0,1,1,1,1,6,125,1,8,9,2
2013460229339,1,9,0,1,0,0,0,0,0,0,2,1,6,1,7,1910,2,6,1,1
2013460229339,2,1,0,10,0,0,0,0,0,0,4,1,6,1,6,-1,-1,-1,8,2
2013460229344,1,2,0,18,0,6,1,0,0,0,1,1,6,1,4,-1,-1,-1,4,1
2013460229344,2,9,0,18,0,8,0,0,0,0,4,1,1,1,8,1997,2,4,9,1
2013460229351,1,9,0,18,0,0,2,0,7,4,1,1,6,1,4,1360,1,11,5,1
2013460229359,1,9,0,13,0,0,0,0,0,0,0,1,6,1,5,1997,2,9,10,1
2013460229359,2,19,0,18,0,0,0,0,1,0,0,1,6,1,6,2500,2,-1,6,1
2013460229370,1,9,0,18,0,1,0,0,1,7,1,1,6,1,7,1363,2,9,6,1
2013460229372,1,9,0,18,0,0,0,0,0,0,1,1,6,2,7,1599,1,5,2,1
2013460229372,2,9,0,11,0,0,0,0,0,0,0,1,1,1,7,1997,2,5,6,1
2013460229372,3,9,0,18,0,0,0,0,0,0,2,1,6,1,10,1794,1,12,9,1
2013460229375,1,9,0,12,0,0,0,0,0,0,3,1,6,3,-1,-1,-1,-1,-1,-1
2013460229375,2,9,0,18,0,0,0,0,4,6,4,1,6,2,8,1997,2,10,1,1
2013460229376,1,9,0,12,0,0,0,11,0,6,3,1,6,2,7,-1,-1,-1,2,1
2013460229376,2,9,0,18,0,0,0,0,0,0,0,1,6,2,-1,1560,2,1,9,2
2013460229382,1,9,0,18,0,1,2,0,1,2,1,1,6,1,4,1149,1,11,-1,-1
2013460229384,1,9,0,18,0,0,0,0,0,0,1,1,6,3,-1,-1,-1,-1,-1,-1
2013460229384,2,1,0,18,0,0,0,0,0,0,3,1,6,2,7,-1,-1,-1,7,1
2013460229386,1,9,0,9,0,8,0,0,0,0,1,1,6,1,6,1998,1,8,-1,-1
2013460229386,2,9,0,18,0,8,0,0,0,0,4,1,6,2,6,1061,1,9,2,1
2013460229387,1,9,0,7,0,5,0,0,0,0,4,1,6,2,10,998,1,3,7,3
2013460229387,2,9,0,18,0,1,0,0,0,0,1,1,6,2,4,998,1,9,7,2
2013460229388,1,9,0,18,0,0,0,0,0,0,1,1,6,1,6,1596,1,14,1,1
2013460229388,2,19,0,18,0,0,0,0,0,0,2,1,1,1,8,1248,2,5,4,1
2013460229390,1,9,0,9,0,8,0,0,0,0,1,1,6,1,4,1800,2,-1,5,1
2013460229390,2,1,0,18,0,8,0,0,0,0,2,1,6,1,7,-1,-1,-1,7,1
2013460229393,1,9,0,18,0,0,0,0,0,0,1,1,6,3,-1,-1,-1,-1,-1,-1
2013460229401,1,9,0,5,0,0,0,0,0,0,1,1,6,2,4,-1,-1,-1,6,1
2013460229401,2,9,0,4,0,0,0,0,0,0,2,1,6,1,9,1582,2,1,6,1
2013460229404,1,9,0,7,0,5,0,0,0,0,1,1,6,2,6,1599,1,9,2,1
2013460229404,2,1,0,18,0,8,0,0,0,0,1,1,6,1,4,-1,-1,-1,5,3
2013460229406,1,19,0,18,0,1,0,0,0,0,1,1,1,1,5,2287,2,1,6,1
2013460229406,2,19,0,3,0,1,0,0,0,0,2,1,1,1,6,2198,2,2,3,1
2013460229406,3,19,0,10,0,1,0,0,0,0,2,1,1,1,10,2143,2,1,9,3
2013460229411,1,9,0,1,0,0,0,0,0,0,2,1,6,3,-1,-1,-1,-1,-1,-1
2013460229411,2,9,0,2,0,0,0,4,0,0,1,1,6,1,6,1896,2,10,7,1
2013460229413,1,9,0,5,0,0,0,0,0,0,3,1,1,1,11,1999,1,11,10,1
2013460229413,2,9,0,18,0,0,0,0,0,0,4,1,6,2,7,-1,-1,-1,1,1
2013460229416,1,9,2,18,0,0,0,0,0,0,0,1,1,1,7,-1,-1,-1,4,1
2013460229416,2,1,0,18,0,0,0,0,0,0,0,1,6,1,7,-1,-1,-1,9,2
2013460229417,1,9,0,18,0,0,1,0,1,4,4,1,6,1,5,1242,1,6,2,1
2013460229417,2,9,0,18,0,0,1,0,0,0,3,1,1,1,6,1968,2,3,-1,-1
2013460229420,1,9,0,16,0,0,1,0,0,0,1,1,1,1,7,-1,-1,-1,-1,-1
2013460229420,2,9,0,17,0,0,1,0,0,0,1,1,6,2,6,1299,1,11,8,3
2013460229421,1,9,0,18,0,0,0,0,7,4,3,1,6,1,8,1910,2,13,-1,-1
2013460229422,1,9,0,18,0,0,0,0,1,10,1,1,6,1,5,1997,2,11,-1,-1
2013460229422,2,9,0,3,0,0,0,0,0,0,2,1,6,1,6,1998,1,9,-1,-1
2013460229423,1,9,0,17,0,0,2,0,7,0,4,1,6,2,4,1400,1,13,7,3
2013460229425,1,9,0,18,0,1,0,0,0,0,1,1,6,2,9,2199,2,1,2,1
2013460229426,1,9,0,5,0,1,0,0,0,0,1,1,6,1,4,1368,1,3,8,1
2013460229426,2,5,0,18,0,1,0,0,0,0,1,1,6,1,4,599,1,7,6,3
2013460229428,1,1,0,15,0,0,0,0,0,0,1,1,6,1,6,-1,-1,-1,6,1
2013460229428,2,9,0,18,0,0,0,0,0,0,4,1,6,1,7,1984,1,9,-1,-1
2013460229430,1,9,0,18,0,1,0,0,0,0,1,1,6,1,-1,-1,-1,-1,-1,-1
2013460229430,2,9,0,3,0,1,0,0,0,0,2,1,1,2,6,1560,2,1,-1,-1
2013460229431,1,9,0,13,0,0,0,0,0,0,1,1,6,2,4,1299,1,12,2,1
2013460229431,2,9,0,18,0,0,0,0,0,0,1,1,6,1,6,-1,-1,-1,9,2
2013460229432,1,9,0,9,0,6,0,0,0,0,3,1,6,2,11,1905,2,15,6,2
2013460229432,2,5,0,18,0,1,0,0,0,0,1,1,6,1,6,998,1,7,6,3
2013460229437,1,9,0,18,0,1,0,0,0,0,3,1,2,2,5,1598,1,11,6,2
2013460229437,2,20,0,18,0,1,0,0,0,0,1,1,2,1,6,6370,2,6,-1,-1
2013460229442,1,19,0,16,0,1,0,0,0,0,1,1,1,1,9,2402,2,7,8,1
2013460229442,2,9,0,3,0,1,5,0,0,0,1,1,2,1,7,1910,2,6,5,3
2013460229442,3,9,0,10,0,1,0,0,0,0,2,1,1,1,6,1968,2,1,10,1
2013460229445,1,9,0,5,0,0,0,0,0,0,1,1,6,1,6,1360,1,7,9,2
2013460229449,1,9,0,13,0,0,0,0,0,0,1,1,6,1,9,2179,2,2,6,3
2013460229449,2,9,0,7,0,0,1,0,0,0,1,1,6,2,5,1229,1,1,7,1
2013460229449,3,9,0,18,0,0,0,0,0,0,0,1,6,3,-1,-1,-1,-1,-1,-1
2013460229456,1,9,0,13,0,1,0,0,0,0,1,1,6,2,8,1364,1,4,1,1
2013460229456,2,9,0,9,0,8,0,0,0,0,3,1,6,2,6,973,1,13,3,1
2013460229461,1,9,0,18,0,1,0,0,0,0,1,1,6,1,6,-1,-1,-1,7,3
2013460229461,2,9,0,18,0,1,0,0,0,0,2,1,6,1,5,1985,1,10,2,1
2013460229461,3,9,0,18,0,1,0,0,0,0,2,1,6,1,5,1364,1,9,3,1
2013460229463,1,9,0,9,0,1,0,0,0,0,1,1,6,1,6,1388,1,10,7,3
2013460229463,2,9,0,18,0,1,0,0,0,0,1,1,6,1,6,1397,1,11,10,1
2013460229463,3,9,0,10,0,1,0,0,0,0,1,1,6,1,6,1560,2,1,8,1
2013460229467,1,9,0,18,0,0,0,0,0,0,1,1,6,2,4,1242,1,4,10,1
2013460229467,2,9,0,18,0,0,0,0,0,0,2,1,6,1,8,-1,-1,-1,9,1
2013460229468,1,9,0,9,0,6,0,0,0,0,4,1,6,2,9,1360,1,7,10,2
2013460229468,2,5,0,18,0,1,1,10,1,0,1,1,2,1,7,-1,-1,-1,7,1
2013460229469,1,9,0,7,0,2,0,0,0,0,4,1,6,1,9,2401,2,9,6,3
2013460229471,1,9,0,9,0,6,0,0,0,0,3,1,3,2,7,1242,1,2,8,1
2013460229471,2,9,0,18,0,8,0,0,0,0,1,1,2,1,8,1679,1,12,10,1
2013460229474,1,9,0,16,0,8,5,10,7,2,3,1,6,1,6,1396,1,8,-1,-1
2013460229477,1,9,0,18,0,0,0,0,0,0,3,1,6,1,11,1298,1,10,6,1
2013460229477,2,4,0,18,0,0,0,0,0,0,1,1,6,1,8,999,1,1,6,3
2013460229478,1,9,0,18,0,1,0,0,0,0,1,1,1,1,6,1798,1,9,7,1
2013460229478,2,9,0,18,0,1,0,0,0,0,2,1,6,1,7,1896,2,9,3,1
2013460229479,1,9,0,9,0,8,0,0,3,10,3,1,6,2,5,1199,1,12,5,1
2013460229479,2,4,0,18,0,1,0,0,0,0,1,1,6,1,5,96,1,5,8,3
2013460229490,1,1,0,18,0,2,0,0,0,0,3,1,6,1,3,-1,-1,-1,5,3
2013460229490,2,9,0,18,0,1,0,0,0,0,1,1,2,2,9,1299,1,7,5,2
2013460229491,1,9,0,18,0,1,0,0,0,0,1,1,6,1,7,1794,1,9,-1,-1
2013460229491,2,9,0,10,0,1,0,0,0,0,2,1,2,1,6,1998,1,8,-1,-1
2013460229496,1,9,0,18,0,1,0,0,0,0,4,1,6,1,4,1149,1,9,6,3
2013460229496,2,9,0,18,0,1,0,0,0,0,1,1,6,1,10,1896,2,9,9,1
2013460229499,1,9,0,18,0,0,0,0,0,0,3,1,6,1,5,1753,2,10,7,1
2013460229503,1,9,0,18,0,0,0,0,7,10,1,1,6,1,8,1998,2,14,6,1
2013460229505,1,9,0,18,0,0,0,0,0,0,4,1,6,2,-1,-1,-1,-1,-1,-1
2013460229508,1,9,0,1,0,0,0,0,0,0,2,1,6,1,7,1997,2,-1,7,1
2013460229510,1,9,0,18,0,6,0,0,0,0,1,1,6,1,10,-1,-1,-1,7,3
2013460229510,2,9,0,8,0,1,0,0,0,0,4,1,6,1,8,1360,1,7,9,2
2013460229511,1,9,0,7,0,0,0,0,0,0,3,1,6,2,5,-1,-1,-1,4,1
2013460229511,2,9,0,18,0,0,0,0,0,0,1,1,6,2,5,1242,1,6,7,1
2013460229512,1,9,0,17,0,6,0,0,0,0,1,1,6,1,9,-1,-1,-1,-1,-1
2013460229512,2,9,5,16,0,6,0,0,0,0,1,1,6,1,8,1796,1,3,5,1
2013460229513,1,9,0,7,0,6,0,0,0,0,3,1,6,1,11,1461,2,9,-1,-1
2013460229513,2,9,0,18,0,1,0,0,0,0,4,1,6,1,11,1198,1,1,-1,-1
2013460229514,1,19,0,9,0,8,0,0,0,0,3,1,6,1,-1,2148,2,8,-1,-1
2013460229516,1,9,0,18,0,0,0,0,0,0,1,1,6,1,10,1596,1,5,10,2
2013460229517,1,9,0,18,0,2,0,0,1,3,1,1,6,2,4,1108,1,10,8,3
2013460229519,1,9,0,5,0,0,0,0,0,0,2,1,6,2,4,1242,1,2,7,3
2013460229519,2,9,0,18,0,0,0,0,0,0,1,1,6,3,-1,-1,-1,-1,-1,-1
2013460229520,1,17,0,18,0,0,0,0,0,0,3,1,6,3,-1,-1,-1,-1,-1,-1
2013460229520,2,9,0,4,0,0,0,0,0,0,3,1,2,2,7,1796,1,10,1,1
2013460229520,3,9,0,18,0,0,1,0,0,0,1,1,2,1,7,1598,1,11,1,1
2013460229522,1,9,0,7,0,1,0,0,0,0,1,1,6,1,10,1598,1,14,7,2
2013460229522,2,9,0,18,0,1,0,0,0,0,1,1,6,1,10,2495,2,18,3,1
2013460229523,1,1,0,18,0,1,0,0,0,0,0,1,6,1,9,-1,-1,-1,9,1
2013460229524,1,3,0,4,0,2,1,0,0,0,0,1,6,1,6,124,1,10,7,3
2013460229529,1,9,0,5,0,4,0,0,0,0,1,1,6,2,6,2460,2,5,9,1
2013460229529,2,9,0,7,0,3,0,0,0,0,4,1,6,1,10,2180,2,20,5,1
2013460229531,1,5,0,7,0,4,0,0,0,0,1,1,2,1,8,1312,1,9,4,2
2013460229531,2,9,0,18,0,4,0,0,0,0,2,1,2,1,8,1975,1,15,8,2
2013460229532,1,9,0,4,0,4,0,0,0,0,3,1,6,2,5,1149,1,15,2,1
2013460229532,2,9,0,4,0,4,0,0,0,0,1,1,6,1,6,1753,2,12,1,1
2013460229535,1,9,0,18,0,0,0,0,0,0,3,1,6,1,7,1895,1,11,10,1
2013460229535,2,5,0,13,0,0,0,0,0,0,4,1,6,1,6,1000,1,1,8,3
2013460229537,1,9,0,12,0,0,0,0,0,0,3,1,6,3,-1,-1,-1,-1,-1,-1
2013460229537,2,5,0,18,0,0,0,0,0,0,3,1,6,1,8,1198,1,-1,-1,2
2013460229539,1,9,0,18,0,1,0,0,0,0,1,1,2,2,6,1298,1,11,4,1
2013460229539,2,9,0,9,0,1,0,0,0,0,2,1,6,1,4,2993,2,3,9,3
2013460229542,1,9,0,5,0,1,0,0,0,0,1,1,6,2,8,2987,2,3,10,3
2013460229542,2,9,0,18,6,1,0,0,0,0,1,1,6,2,6,1560,2,2,9,1
2013460229545,1,5,0,18,0,0,1,0,7,0,0,1,6,1,7,1002,1,17,5,1
2013460229547,1,9,0,18,0,1,0,0,0,0,1,1,6,1,9,2148,2,9,6,1
2013460229547,2,9,0,7,0,8,0,0,0,0,2,1,6,1,7,1598,1,4,7,1
2013460229548,1,1,0,7,0,5,0,0,0,0,1,1,2,1,6,-1,-1,-1,-1,-1
2013460229548,2,9,0,3,0,2,0,0,0,0,2,1,1,1,9,-1,-1,-1,-1,-1
2013460229549,1,9,0,15,0,0,0,0,0,0,4,1,1,2,11,1397,1,11,7,3
2013460229549,2,1,0,18,0,0,0,0,0,0,3,1,1,2,6,-1,-1,-1,5,1
2013460229552,1,9,0,18,0,2,0,0,0,0,1,1,6,1,8,998,1,5,-1,-1
2013460229553,1,9,0,18,0,0,0,0,0,0,1,1,6,1,4,1124,1,12,9,2
2013460229553,2,9,0,18,0,0,0,0,0,0,2,1,6,1,9,1997,2,2,5,2
2013460229554,1,9,0,11,0,0,0,0,0,0,0,1,6,3,-1,-1,-1,-1,-1,-1
2013460229554,2,9,0,18,0,0,0,0,0,0,2,1,6,1,7,1956,2,3,1,1
2013460229554,3,19,0,18,0,0,1,0,1,4,1,1,6,1,5,1968,2,2,7,1
2013460229555,1,9,0,18,0,1,0,0,0,0,1,1,6,1,4,999,1,16,7,1
2013460229555,2,9,0,4,0,1,0,0,0,0,2,1,6,2,6,1686,2,-1,7,1
2013460229556,1,9,0,18,0,0,1,0,2,6,1,1,2,1,6,1124,1,12,8,1
2013460229559,1,21,0,12,0,0,0,0,0,0,1,1,1,1,7,-1,-1,-1,-1,-1
2013460229559,2,9,0,18,0,0,1,0,1,7,2,2,6,1,9,-1,-1,-1,-1,-1
2013460229561,1,5,0,16,0,1,0,0,0,0,1,1,6,1,5,675,1,2,7,1
2013460229561,2,5,0,16,0,1,0,0,1,0,1,1,6,1,6,-1,-1,-1,8,1
2013460229561,3,9,0,9,0,6,0,0,0,0,3,1,6,1,9,-1,-1,-1,7,3
2013460229562,1,9,0,9,0,6,0,0,0,0,3,1,2,1,5,1997,2,11,5,1
2013460229562,2,4,0,18,0,1,0,0,0,0,1,1,2,1,9,278,1,3,6,2
2013460229570,1,1,0,18,0,0,0,0,0,0,1,1,6,1,7,-1,-1,-1,9,1
2013460229574,1,9,0,18,0,0,0,0,0,0,1,1,6,1,6,1799,1,7,9,1
2013460229574,2,9,0,18,0,0,0,0,0,0,2,1,6,1,8,1998,1,11,2,1
2013460229575,1,9,0,18,0,0,2,0,0,0,1,1,1,1,4,1124,1,12,7,3
2013460229575,2,9,0,4,0,0,0,0,0,0,2,1,6,1,11,1299,1,10,7,3
2013460229577,1,9,0,16,0,0,0,0,0,0,4,1,6,1,4,1560,2,1,4,1
2013460229579,1,1,0,18,9,0,0,0,0,0,1,1,6,1,6,-1,-1,-1,3,1
2013460229579,2,9,0,5,0,0,0,0,0,0,4,1,6,3,-1,-1,-1,-1,-1,-1
2013460229582,1,21,1,12,0,0,0,0,0,0,1,1,1,1,8,-1,-1,-1,-1,-1
2013460229582,2,9,0,18,0,0,1,0,1,7,4,1,6,1,7,1598,1,10,3,1
2013460229584,1,21,1,12,0,2,0,0,0,0,3,2,1,1,7,-1,-1,-1,-1,-1
2013460229584,2,9,0,18,0,2,0,0,4,6,4,1,6,2,6,1998,2,11,-1,-1
2013460229585,1,9,0,9,0,6,0,0,0,0,1,1,2,2,9,1246,1,7,5,3
2013460229585,2,9,0,18,0,1,0,0,0,0,1,1,2,2,6,1587,1,12,-1,-1
2013460229587,1,21,0,18,0,0,0,0,0,0,3,1,1,1,-1,-1,-1,-1,-1,-1
2013460229587,2,9,0,18,0,0,0,0,0,0,3,1,1,1,8,-1,-1,-1,6,1
2013460229589,1,5,0,18,0,1,1,9,7,1,4,1,6,1,5,645,1,9,4,1
2013460229592,1,5,0,18,0,0,1,0,7,10,4,1,6,1,6,599,1,10,4,1
2013460229594,1,3,0,18,0,6,0,0,0,0,1,1,6,1,4,124,1,2,7,3
2013460229597,1,9,0,18,0,2,0,0,0,0,3,1,2,2,4,1796,1,11,6,1
2013460229599,1,9,0,15,0,8,0,0,0,0,4,1,6,1,8,1995,2,1,2,1
2013460229599,2,1,0,18,6,6,0,0,1,0,3,1,6,1,10,-1,-1,-1,10,1
2013460229600,1,9,0,15,0,0,5,0,1,4,4,1,2,1,5,973,1,11,3,1
2013460229600,2,9,0,18,0,0,0,0,0,0,2,1,6,1,6,1968,2,4,5,1
2013460229602,1,5,0,13,0,0,0,0,7,9,4,1,6,1,9,675,1,-1,-1,-1
2013460229602,2,9,0,9,0,0,0,0,0,0,3,1,6,1,9,2494,1,14,5,1
2013460229607,1,9,0,7,0,0,0,0,0,0,1,1,6,2,8,2171,2,14,8,1
2013460229607,2,9,0,3,0,0,0,0,0,0,2,1,6,1,5,1198,1,-1,7,3
2013460229612,1,5,0,12,0,0,1,0,0,0,3,1,6,1,9,744,1,-1,8,1
2013460229616,1,9,0,18,9,3,1,10,3,9,1,1,6,1,11,1242,1,5,2,1
2013460229617,1,9,0,5,0,7,0,0,0,0,1,1,6,1,8,1229,1,3,5,1
2013460229617,2,9,0,5,0,7,0,0,0,0,2,1,6,2,7,1995,2,1,5,1
2013460229618,1,9,0,5,9,6,0,0,0,0,3,1,1,2,7,1999,1,7,4,1
2013460229619,1,5,0,15,0,1,0,0,0,0,1,1,6,1,8,599,1,15,7,1
2013460229619,2,9,0,9,0,1,0,0,0,0,4,1,6,1,8,-1,-1,-1,3,1
2013460229620,1,9,0,18,0,2,0,0,0,0,1,1,6,1,6,1796,1,10,3,1
2013460229620,2,9,0,18,0,2,0,0,0,0,2,1,6,1,7,1896,2,9,3,1
2013460229620,3,9,0,12,0,2,0,0,4,0,4,1,6,1,7,-1,-1,-1,2,1
2013460229622,1,9,0,18,0,1,1,0,0,0,1,1,6,1,5,1242,1,14,4,1
2013460229622,2,9,0,18,0,1,0,0,7,0,2,1,6,1,10,1242,1,8,8,2
2013460229622,3,9,0,9,0,5,0,0,0,0,0,1,6,3,-1,-1,-1,-1,-1,-1
2013460229623,1,9,0,4,0,0,0,0,0,0,2,1,6,2,8,1399,1,3,2,1
2013460229623,2,9,0,18,0,0,0,0,0,0,1,1,6,1,6,1995,2,7,7,1
2013460229623,3,9,0,18,0,0,0,0,0,0,1,1,6,1,6,2231,2,6,4,1
2013460229623,4,9,0,18,0,0,0,0,0,0,1,1,6,1,7,1896,2,13,2,1
2013460229625,1,9,0,11,0,1,0,0,0,0,1,1,6,2,6,1360,1,11,5,1
2013460229625,2,9,0,4,0,1,0,0,0,0,2,1,6,1,6,1968,2,2,2,1
2013460229625,3,9,0,4,0,1,0,0,0,0,2,1,6,2,8,1781,1,10,5,1
2013460229625,4,9,0,4,0,1,0,0,0,0,2,1,6,3,-1,-1,-1,-1,-1,-1
2013460229626,1,9,0,17,0,0,2,0,2,10,1,1,6,1,9,1839,1,8,7,3
2013460229627,1,21,0,11,0,2,0,0,0,0,1,1,1,1,9,11946,2,10,4,1
2013460229627,2,9,0,12,0,2,0,0,0,0,3,1,2,2,9,1796,1,6,4,1
2013460229629,1,9,0,2,0,1,0,0,0,0,3,1,3,2,6,1997,1,10,-1,-1
2013460229629,2,9,0,18,0,1,0,8,0,0,1,1,6,2,8,1329,1,-1,5,1
2013460229633,1,9,0,18,0,0,0,0,0,0,4,1,6,3,-1,1242,1,4,-1,-1
2013460229635,1,9,0,12,0,0,0,0,5,6,3,1,6,1,9,1994,2,13,2,1
2013460229636,1,8,0,17,0,1,0,0,0,0,1,1,6,3,-1,-1,-1,-1,-1,-1
2013460229637,1,8,0,12,0,0,0,0,0,0,1,1,4,1,7,1560,2,4,8,1
2013460229637,2,20,0,18,0,0,0,0,0,0,2,1,1,1,6,-1,-1,-1,-1,-1
2013460229639,1,9,0,16,0,1,0,0,0,0,1,1,6,2,8,1461,2,2,3,3
2013460229639,2,9,0,7,0,1,0,0,0,0,3,1,6,2,8,1560,2,1,9,1
2013460229643,1,9,0,18,0,3,5,10,1,10,4,1,2,1,8,1560,2,3,8,2
2013460229644,1,9,0,4,0,0,0,0,0,0,1,1,6,1,9,-1,-1,-1,-1,-1
2013460229644,2,9,0,4,0,0,0,0,0,0,2,1,6,2,7,1689,2,9,10,3
2013460229648,1,9,0,18,0,0,0,0,0,0,3,1,6,3,-1,-1,-1,-1,-1,-1
2013460229648,2,9,0,18,0,0,0,0,5,6,4,1,6,1,7,1999,1,11,2,1
2013460229651,1,9,0,18,0,2,0,0,0,0,1,1,6,2,6,1600,2,4,5,1
2013460229653,1,9,0,9,0,1,0,0,0,0,3,1,6,1,11,1896,2,10,7,3
2013460229653,2,5,0,18,0,1,1,0,0,0,1,1,6,1,7,1157,1,9,-1,-1
2013460229656,1,9,0,1,0,2,0,0,0,0,2,1,6,2,9,1388,1,8,6,2
2013460229656,2,9,0,18,0,1,1,0,0,0,1,1,6,1,6,3222,2,12,3,1
2013460229656,3,9,0,18,0,1,1,0,0,0,1,1,6,1,5,1956,2,2,10,1
2013460229656,4,9,0,18,0,2,0,0,0,0,1,1,6,2,6,1199,1,11,2,1
2013460229660,1,9,0,9,0,6,0,0,0,0,3,1,6,1,10,2776,2,8,8,2
2013460229660,2,10,0,18,0,8,1,0,0,0,3,1,1,1,9,-1,-1,-1,7,2
2013460229661,1,9,0,18,0,0,0,8,0,0,4,1,6,3,-1,1896,1,15,-1,-1
2013460229661,2,8,0,2,0,0,0,0,0,0,3,1,1,1,5,1997,2,4,10,1
2013460229662,1,9,0,18,0,0,0,0,0,0,1,1,6,3,-1,1995,1,18,-1,-1
2013460229667,1,9,0,18,0,8,0,0,0,0,1,1,6,2,7,1596,1,11,7,1
2013460229667,2,9,0,9,0,8,0,0,0,0,3,1,6,1,7,1995,2,13,4,1
2013460229671,1,9,0,9,0,8,0,0,0,0,4,1,6,1,5,1390,1,9,3,1
2013460229671,2,9,0,18,0,8,0,0,0,0,1,1,6,1,6,-1,-1,-1,6,1