Accident_Index,Vehicle_Reference,Vehicle_Type,Towing_and_Articulation,Vehicle_Manoeuvre,Vehicle_Location-Restricted_Lane,Junction_Location,Skidding_and_Overturning,Hit_Object_in_Carriageway,Vehicle_Leaving_Carriageway,Hit_Object_off_Carriageway,1st_Point_of_Impact,Was_Vehicle_Left_Hand_Drive?,Journey_Purpose_of_Driver,Sex_of_Driver,Age_Band_of_Driver,Engine_Capacity_(CC),Propulsion_Code,Age_of_Vehicle,Driver_IMD_Decile,Driver_Home_Area_Type
2013460230482,2,21,1,18,0,0,0,0,0,0,2,1,1,1,9,12130,2,11,5,1
2013460230484,1,1,0,4,0,0,0,0,0,0,0,1,6,1,6,-1,-1,-1,-1,-1
2013460230489,1,9,4,13,0,0,0,0,0,0,4,1,6,3,-1,-1,-1,-1,-1,-1
2013460230489,2,1,0,18,0,0,0,0,0,0,3,1,6,1,8,-1,-1,-1,5,1
2013460230491,1,1,0,18,0,8,0,0,0,0,1,1,6,1,8,-1,-1,-1,7,1
2013460230491,2,8,0,9,0,8,0,0,0,0,2,1,6,1,11,2664,2,15,6,2
2013460230492,1,9,0,10,0,1,0,0,0,0,3,1,6,1,7,1991,2,6,-1,-1
2013460230492,2,3,0,18,0,1,0,0,0,0,1,1,6,1,5,-1,-1,-1,-1,-1
2013460230493,1,9,0,18,0,1,0,0,0,0,4,1,6,1,5,-1,-1,-1,-1,-1
2013460230493,2,1,0,18,0,1,0,0,0,0,3,1,6,1,6,-1,-1,-1,7,1
2013460230497,1,9,0,18,0,0,0,0,7,4,1,1,6,1,5,-1,-1,-1,3,1
2013460230499,1,1,0,9,0,0,0,0,0,0,3,1,6,2,3,-1,-1,-1,5,1
2013460230499,2,9,0,18,0,0,0,0,0,0,1,1,1,1,9,1598,1,1,9,1
2013460230508,1,9,0,18,0,1,0,0,0,0,1,1,2,2,7,1398,2,9,3,1
2013460230509,1,9,0,18,0,0,0,0,0,0,1,1,6,1,4,1360,1,13,-1,-1
2013460230509,2,9,0,18,0,0,0,0,0,0,2,1,6,2,6,1560,2,1,8,1
2013460230512,1,21,1,18,0,0,0,0,0,0,3,2,1,1,6,-1,-1,-1,-1,-1
2013460230512,2,9,0,13,0,0,0,0,0,0,4,1,2,2,5,1493,2,6,8,1
2013460230516,1,9,0,4,0,4,1,0,0,0,1,1,6,1,5,1560,2,4,9,1
2013460230516,2,9,0,18,0,4,0,0,0,0,2,1,6,1,6,1598,1,11,9,1
2013460230519,1,9,0,18,0,2,0,0,0,0,1,1,6,3,-1,-1,-1,-1,-1,-1
2013460230519,2,9,0,3,0,2,0,0,0,0,2,1,6,1,7,1299,1,12,2,1
2013460230520,1,5,0,18,0,0,1,0,0,0,0,1,6,1,8,647,1,10,2,1
2013460230522,1,9,0,18,0,1,0,0,0,0,4,1,6,1,7,2000,1,7,7,1
2013460230523,1,9,0,1,0,1,0,0,0,0,2,1,6,2,8,2148,2,4,2,1
2013460230523,2,9,0,8,0,1,0,0,0,0,1,1,6,2,5,1398,2,8,5,1
2013460230527,1,9,0,18,0,0,1,0,1,1,4,1,6,2,6,1997,2,13,5,1
2013460230537,1,4,0,18,0,2,1,0,0,0,1,1,2,1,4,249,1,4,9,1
2013460230537,2,9,0,7,0,8,0,0,0,0,2,1,6,3,-1,-1,-1,-1,-1,-1
2013460230541,1,9,0,9,0,2,0,0,0,0,3,1,6,1,4,1299,1,12,8,1
2013460230541,2,5,0,18,0,1,0,0,0,0,1,1,6,1,9,498,1,14,2,1
2013460230543,1,9,0,9,0,6,0,0,0,0,1,1,6,1,10,1364,1,4,-1,-1
2013460230543,2,1,0,18,0,1,0,0,0,0,1,1,1,1,4,-1,-1,-1,8,1
2013460230551,1,9,0,16,0,0,1,0,0,0,1,1,1,1,7,-1,-1,-1,-1,-1
2013460230551,2,9,0,17,0,0,1,0,0,0,1,1,6,2,6,1388,1,8,-1,-1
2013460230552,1,9,0,18,0,0,0,0,0,0,1,1,6,1,6,1242,1,8,7,1
2013460230552,2,9,0,18,0,0,0,0,0,0,2,1,6,2,7,1198,1,1,10,1
2013460230557,1,1,0,5,0,4,0,0,0,0,1,1,6,1,5,-1,-1,-1,2,1
2013460230557,2,9,0,5,0,4,0,0,0,0,2,1,6,2,6,2979,1,10,6,1
2013460230558,1,9,0,5,0,8,0,0,0,0,1,1,6,1,11,1149,1,13,6,1
2013460230558,2,9,0,5,0,8,0,0,0,0,2,1,6,2,6,1229,1,1,7,1
2013460230558,3,9,0,5,0,8,0,0,0,0,0,1,1,3,-1,-1,-1,-1,-1,-1
2013460230560,1,9,0,9,0,1,0,0,0,0,3,1,6,1,8,1332,1,15,4,1
2013460230560,2,9,0,18,0,2,0,0,0,0,3,1,6,1,6,1390,1,15,1,1
2013460230562,1,9,0,18,0,0,0,0,7,3,1,1,6,1,4,1560,2,1,4,1
2013460230566,1,9,0,7,0,8,0,0,0,0,2,1,6,3,-1,-1,-1,-1,-1,-1
2013460230566,2,1,0,18,0,1,0,0,0,0,1,1,6,1,6,-1,-1,-1,4,2
2013460230567,1,9,0,18,0,1,0,4,4,6,1,1,6,1,10,1240,1,4,10,1
2013460230567,2,9,0,2,0,1,0,0,0,0,2,1,6,1,10,1598,1,9,10,1
2013460230584,1,9,0,18,0,1,0,0,0,0,1,1,6,2,11,1398,2,7,8,1
2013460230584,2,9,0,3,0,1,0,0,0,0,2,1,6,1,7,1396,1,12,8,1
2013460230584,3,9,0,10,0,2,0,0,0,0,2,1,6,2,7,1388,1,8,9,1
2013460230588,1,9,0,18,0,0,0,0,0,0,4,1,6,2,5,1598,1,9,3,1
2013460230591,1,9,0,18,0,0,0,0,0,0,1,1,6,1,8,3175,1,10,4,1
2013460230594,1,11,0,4,0,0,0,0,0,0,4,1,6,2,8,5900,2,15,2,1
2013460230603,1,9,0,18,0,0,0,0,0,0,0,1,6,3,-1,-1,-1,-1,-1,-1
2013460230603,2,9,0,18,0,0,0,7,0,0,1,1,2,1,9,2148,2,9,6,1
2013460230604,1,5,0,13,0,8,0,0,0,0,1,1,6,1,8,1200,1,18,3,2
2013460230604,2,9,0,9,0,5,0,0,0,0,3,1,6,1,7,1386,1,3,2,1
2013460230606,1,9,0,4,0,0,0,0,0,0,1,1,1,1,8,1995,2,2,4,1
2013460230606,2,9,0,4,0,0,0,0,0,0,2,1,1,2,4,1198,1,3,4,1
2013460230608,1,9,0,18,0,0,5,0,1,10,1,1,6,1,9,1596,1,1,9,1
2013460230611,1,1,0,14,0,1,0,0,0,0,3,1,6,1,11,-1,-1,-1,5,1
2013460230611,2,9,0,2,0,1,0,0,0,0,3,1,6,2,5,2198,1,12,5,1
2013460230612,1,21,0,9,0,8,0,0,0,0,1,2,1,1,7,-1,-1,-1,-1,-1
2013460230612,2,9,0,18,0,8,0,0,0,0,4,1,6,1,11,1598,1,10,4,1
2013460230615,1,9,0,18,0,0,1,0,0,0,1,1,2,1,6,2000,2,2,8,3
2013460230615,2,19,0,18,0,0,0,0,0,0,2,1,2,1,8,1995,2,2,4,1
2013460230615,3,9,0,18,0,0,0,0,0,0,2,1,6,1,8,1598,2,1,6,1
2013460230615,4,90,0,18,0,0,0,0,0,0,2,1,6,1,10,1896,2,4,-1,-1
2013460230616,1,9,0,9,0,8,0,0,0,0,1,1,6,1,6,1598,1,14,-1,-1
2013460230616,2,9,0,7,0,8,0,0,0,0,1,1,6,1,7,2967,1,12,2,1
2013460230617,1,9,0,18,0,0,0,4,0,0,4,1,6,2,7,1679,1,14,3,1
2013460230617,2,9,0,2,0,0,0,4,0,0,4,1,6,2,6,1984,1,15,5,2
2013460230617,3,9,0,2,0,0,0,4,0,0,3,1,6,2,9,1997,2,10,-1,-1
2013460230617,4,9,0,2,0,0,0,4,0,0,3,1,6,2,7,973,1,10,-1,-1
2013460230617,5,19,0,2,0,0,0,4,0,0,3,1,6,1,6,1998,2,11,5,2
2013460230621,1,9,0,18,0,1,0,0,0,0,1,1,6,2,6,1299,1,12,3,1
2013460230621,2,9,0,2,0,1,0,0,0,0,2,1,6,1,-1,1910,2,5,4,1
2013460230621,3,9,0,2,0,1,0,0,0,0,2,1,6,3,-1,1686,2,1,4,1
2013460230621,4,9,0,2,0,1,0,0,0,0,3,1,6,3,-1,1240,1,5,4,1
2013460230626,1,1,0,18,0,0,0,0,0,0,1,1,6,3,-1,-1,-1,-1,-1,-1
2013460230630,1,9,0,5,0,2,0,0,0,0,1,1,2,2,5,1242,1,1,-1,-1
2013460230630,2,9,0,5,0,2,0,0,0,0,1,1,6,2,7,1689,2,14,1,1
2013460230630,3,9,0,5,0,2,0,0,0,0,2,1,6,1,6,1998,1,8,-1,-1
2013460230631,1,9,0,9,0,1,0,0,0,0,3,1,6,2,6,1896,2,6,7,1
2013460230631,2,3,0,14,0,1,0,0,0,0,1,1,6,1,4,101,1,4,-1,-1
2013460230635,1,9,0,3,0,0,0,0,0,0,1,1,6,1,4,1199,1,12,9,2
2013460230635,2,9,0,5,0,0,0,0,1,10,2,1,6,2,7,1582,2,-1,7,1
2013460230636,1,9,0,18,0,1,0,0,0,0,1,1,6,2,6,1198,1,3,8,2
2013460230636,2,8,0,3,0,1,0,0,0,0,2,1,1,1,9,1995,2,2,3,1
2013460230638,1,9,0,9,0,2,0,0,0,0,1,1,6,2,7,1364,1,6,7,1
2013460230638,2,9,0,18,0,8,0,0,0,0,3,1,6,1,7,-1,-1,-1,10,1
2013460230641,1,21,0,18,0,3,0,0,0,0,3,1,1,1,7,-1,-1,-1,7,1
2013460230641,2,9,0,18,0,3,0,0,7,10,4,1,6,1,4,1951,2,12,3,1
2013460230647,1,19,0,18,0,0,0,0,0,0,1,2,6,1,7,-1,-1,-1,-1,-1
2013460230647,2,9,0,18,0,0,0,0,5,6,2,1,1,1,9,1360,1,10,3,2
2013460230656,1,9,0,18,0,8,0,0,0,0,1,1,6,3,-1,-1,-1,-1,-1,-1
2013460230656,2,1,0,18,0,5,0,0,0,0,2,1,6,1,6,-1,-1,-1,3,1
2013460230659,1,9,0,7,0,5,0,0,0,0,1,1,6,3,-1,-1,-1,-1,-1,-1
2013460230659,2,1,0,18,4,1,0,0,0,0,1,1,6,1,2,-1,-1,-1,9,1
2013460230662,1,9,0,4,0,4,0,0,0,0,1,1,6,1,7,1999,1,11,5,3
2013460230662,2,9,0,18,0,4,0,0,0,0,2,1,6,1,7,1108,1,7,-1,-1
2013460230663,1,9,0,4,0,1,1,0,0,0,1,1,6,1,5,1596,1,18,3,1
2013460230663,2,9,0,10,0,1,0,0,0,0,2,1,6,1,6,2958,2,9,2,1
2013460230664,1,9,0,18,0,1,0,0,0,0,1,1,1,1,10,-1,-1,-1,4,1
2013460230664,2,9,0,7,0,5,0,0,0,0,2,1,1,1,5,2410,2,21,4,1
2013460230665,1,8,0,18,0,0,1,0,0,0,1,1,1,1,8,1596,1,7,6,1
2013460230666,1,9,0,6,0,0,0,0,0,0,4,2,6,1,10,-1,-1,-1,-1,-1
2013460230666,2,9,0,18,0,0,0,0,0,0,1,1,6,1,9,1197,1,-1,-1,-1
2013460230668,1,1,0,18,0,6,0,0,0,0,4,1,6,1,4,-1,-1,-1,10,1
2013460230668,2,9,0,18,0,1,0,0,0,0,1,1,1,2,6,1422,2,6,4,1
2013460230672,1,9,0,5,0,1,0,0,0,0,1,2,6,1,8,-1,-1,-1,-1,-1
2013460230672,2,9,0,18,0,1,0,0,0,0,1,1,6,2,9,-1,-1,-1,3,1
2013460230673,1,9,0,4,0,1,0,0,0,0,3,1,6,1,10,1870,2,12,4,1
2013460230673,2,9,0,18,0,8,0,0,0,0,4,1,6,2,7,2982,2,2,2,1
2013460230676,1,9,0,7,0,8,0,0,0,0,3,1,2,1,5,-1,-1,-1,8,1
2013460230676,2,1,0,11,0,8,0,0,0,0,1,1,2,1,7,-1,-1,-1,6,1
2013460230679,1,9,0,18,0,0,1,0,7,2,3,1,6,2,4,998,1,8,3,1
2013460230680,1,9,0,18,0,0,0,4,0,0,1,1,6,1,8,1560,2,-1,-1,-1
2013460230680,2,19,0,2,0,0,0,4,0,0,2,1,6,1,8,-1,-1,-1,5,1
2013460230681,1,9,0,18,0,3,0,0,0,0,1,1,6,3,-1,-1,-1,-1,-1,-1
2013460230684,1,3,0,18,0,0,0,0,1,9,1,1,6,1,8,124,1,3,5,3
2013460230687,1,9,0,18,0,1,0,0,0,0,1,1,6,2,5,-1,-1,-1,-1,-1
2013460230687,2,2,0,18,0,1,0,0,0,0,1,1,6,1,4,49,1,3,6,1
2013460230688,1,5,0,18,0,0,1,0,0,0,3,1,6,1,8,1202,1,3,7,3
2013460230689,1,1,0,15,0,0,0,4,0,0,1,1,6,1,4,-1,-1,-1,8,1
2013460230689,2,9,0,2,0,0,0,0,0,0,2,1,6,1,7,3175,1,9,8,1
2013460230690,1,9,0,18,0,1,0,0,0,0,1,1,6,1,7,1783,1,11,6,3
2013460230690,2,9,0,4,0,1,0,0,0,0,2,1,6,2,7,1796,1,9,3,1
2013460230691,1,9,0,9,0,8,0,0,0,0,1,1,6,1,7,1868,2,12,4,3
2013460230691,2,9,0,18,0,5,0,0,0,0,1,1,6,1,6,1364,1,6,4,1
2013460230695,1,9,0,18,0,0,0,0,1,0,3,1,6,2,9,1587,1,9,7,2
2013460230695,2,9,0,18,0,0,0,0,1,0,3,1,6,2,6,1896,2,10,4,1
2013460230698,1,9,0,17,0,0,2,0,0,0,1,1,6,1,-1,1968,2,7,-1,-1
2013460230698,2,9,0,17,0,0,0,0,0,0,2,1,6,1,4,1364,1,5,6,1
2013460230701,1,9,0,18,0,1,0,0,0,0,1,1,6,1,9,998,1,11,2,1
2013460230706,1,9,0,9,0,1,0,0,1,10,1,1,6,2,4,1388,1,4,6,1
2013460230708,1,1,0,18,0,8,0,0,0,0,1,1,6,1,4,-1,-1,-1,-1,-1
2013460230708,2,9,0,17,0,2,0,0,0,0,1,1,6,1,6,2771,1,14,6,1
2013460230714,1,9,0,14,0,0,0,0,0,0,1,1,1,1,6,-1,-1,-1,9,2
2013460230714,2,19,0,4,0,0,0,0,0,0,2,1,6,1,8,1753,2,6,7,3
2013460230714,3,9,0,18,0,0,0,0,0,0,0,1,6,3,-1,-1,-1,-1,-1,-1
2013460230716,1,9,0,18,0,0,0,0,0,0,1,1,1,1,4,-1,-1,-1,4,3
2013460230716,2,9,0,4,0,0,0,0,0,0,2,1,1,1,6,-1,-1,-1,2,1
2013460230716,3,9,0,4,0,0,0,0,0,0,2,1,6,2,7,1997,2,11,4,2
2013460230717,1,4,0,16,0,0,0,0,0,0,0,1,6,3,-1,-1,-1,-1,-1,-1
2013460230717,2,9,0,16,0,0,5,0,1,0,3,1,6,2,6,1988,1,14,10,1
2013460230720,1,21,1,12,0,0,0,0,0,0,1,2,6,1,8,-1,-1,-1,-1,-1
2013460230720,2,9,0,18,0,0,0,0,5,6,2,1,6,2,4,998,1,9,-1,-1
2013460230721,1,9,0,13,0,0,1,0,4,6,4,1,6,2,8,875,1,2,5,1
2013460230721,2,11,0,18,0,0,0,0,0,0,3,1,1,1,8,-1,-1,-1,7,3
2013460230727,1,9,0,18,0,0,0,0,0,0,3,1,6,1,8,2198,1,13,-1,-1
2013460230727,2,5,0,18,0,0,0,0,0,0,1,1,6,1,8,599,1,-1,4,1
2013460230731,1,3,0,18,0,1,0,0,0,0,1,1,6,3,-1,125,1,2,-1,-1
2013460230732,1,9,0,18,0,1,0,0,0,0,1,1,6,1,6,1998,2,11,1,1
2013460230732,2,9,0,10,0,1,0,0,0,0,2,1,6,2,7,1598,1,9,3,1
2013460230737,1,9,0,18,0,0,0,0,0,0,1,1,6,2,6,1600,2,2,7,3
2013460230737,2,9,0,4,0,0,0,0,0,0,2,1,1,1,9,1968,2,-1,10,3
2013460230737,3,9,0,4,0,0,0,0,0,0,2,1,6,1,8,1905,2,21,5,1
2013460230740,1,9,0,18,0,1,0,0,0,0,3,1,6,1,7,1870,2,11,4,1
2013460230740,2,9,0,18,0,1,0,0,0,0,1,1,1,1,7,1968,2,-1,-1,-1
2013460230744,1,9,0,18,0,0,0,0,4,6,1,1,6,2,6,1596,1,8,7,1
2013460230746,1,9,0,18,0,0,0,0,0,0,3,1,6,1,8,1598,1,14,4,1
2013460230747,1,5,0,17,0,1,1,0,1,10,1,1,6,1,10,1157,1,15,7,1
2013460230755,1,9,0,18,0,0,0,12,0,0,1,1,1,2,4,1149,1,9,9,1
2013460230757,1,9,0,7,0,5,0,0,0,0,4,1,6,2,10,-1,-1,-1,-1,-1
2013460230757,2,1,0,17,0,8,0,0,0,0,3,1,6,2,6,-1,-1,-1,2,1
2013460230758,1,9,0,16,0,8,0,0,3,10,1,1,6,1,8,1598,1,19,2,1
2013460230765,1,9,0,9,0,1,0,0,0,0,1,1,6,3,-1,1998,1,9,-1,-1
2013460230765,2,9,0,18,0,8,1,0,7,0,4,1,6,1,4,1199,1,12,5,1
2013460230771,1,9,0,18,0,0,0,0,1,10,4,1,6,2,9,1800,1,13,5,1
2013460230771,2,20,0,18,0,0,0,0,0,0,3,1,1,1,8,-1,-1,-1,6,1
2013460230771,3,9,0,2,6,0,0,4,0,0,1,1,1,1,5,-1,-1,-1,6,1
2013460230772,1,9,0,18,0,2,0,0,0,0,4,1,2,2,9,1999,1,8,3,1
2013460230775,1,9,0,13,0,0,5,0,0,0,2,1,6,1,4,-1,-1,-1,7,2
2013460230775,2,9,0,18,0,0,1,0,1,0,1,1,6,2,8,2319,1,11,-1,-1
2013460230780,1,90,0,18,0,0,0,0,0,0,1,1,6,1,4,-1,-1,-1,-1,-1
2013460230780,2,9,0,18,0,0,0,0,0,0,2,1,6,1,6,2996,1,6,4,1
2013460230781,1,11,0,3,0,0,0,0,0,0,0,1,6,1,5,4461,2,-1,3,1
2013460230783,1,8,0,6,0,1,0,0,0,0,1,1,1,1,6,1999,1,4,4,1
2013460230784,1,9,0,18,0,8,0,0,0,0,1,1,6,1,5,998,1,4,9,1
2013460230784,2,9,0,18,0,8,0,0,0,0,2,1,6,2,8,1198,1,-1,1,1
2013460230788,1,9,0,9,0,5,0,0,0,0,1,1,6,1,9,1896,2,7,-1,-1
2013460230788,2,9,0,18,0,1,0,0,1,1,1,1,6,1,9,1461,2,1,-1,-1
2013460230790,1,9,0,13,0,0,0,0,0,0,1,1,6,3,-1,-1,-1,-1,-1,-1
2013460230790,2,1,0,18,0,0,0,0,0,0,1,1,6,1,6,-1,-1,-1,2,1
2013460230794,1,9,0,18,0,0,0,0,1,4,1,1,1,1,5,1396,1,10,2,1
2013460230798,1,9,0,9,0,8,0,0,0,0,1,1,1,1,7,-1,-1,-1,3,1
2013460230798,2,5,0,18,0,8,1,0,0,0,1,1,6,1,4,599,1,15,5,1
2013460230803,1,9,0,18,0,0,0,0,1,9,1,1,6,1,6,1781,1,15,-1,-1
2013460230804,1,9,0,9,0,8,0,0,0,0,3,1,6,1,11,1796,1,9,5,1
2013460230804,2,3,0,18,0,1,0,0,0,0,1,1,6,1,4,125,1,4,8,1
2013460230805,1,11,0,18,0,3,0,0,0,0,1,1,1,2,8,3900,2,9,4,1
2013460230807,1,9,0,18,0,0,0,0,0,0,1,1,6,2,6,1422,2,5,1,1
2013460230807,2,9,0,4,0,0,0,0,0,0,2,1,6,1,7,1910,2,6,3,1
2013460230808,1,9,0,18,0,1,0,0,0,0,1,1,6,1,5,1199,1,13,3,1
2013460230808,2,9,0,18,0,2,0,0,0,0,1,1,6,2,7,1995,2,5,3,2
2013460230809,1,9,0,18,0,1,1,0,7,0,1,1,6,1,5,2496,2,9,7,1
2013460230809,2,9,0,9,0,6,0,0,1,0,3,1,6,2,9,-1,-1,-1,9,1
2013460230813,1,9,0,9,0,1,0,0,0,0,1,1,2,1,6,2993,2,6,4,1
2013460230813,2,9,0,18,0,1,0,0,0,0,4,1,2,2,5,1299,1,13,2,1
2013460230813,3,9,0,2,0,2,0,0,0,0,3,1,6,1,7,2497,2,11,2,1
2013460230817,1,5,0,16,0,0,0,0,7,7,3,1,6,1,8,599,1,4,9,1
2013460230818,1,9,0,9,0,2,0,0,0,0,4,1,6,1,6,1396,1,12,5,1
2013460230818,2,2,0,5,0,2,0,0,0,0,1,1,2,1,8,108,1,-1,5,1
2013460230822,1,9,0,18,0,1,0,0,0,0,1,1,6,2,6,1229,1,6,-1,-1
2013460230822,2,3,0,8,0,1,0,0,0,0,3,1,1,1,9,125,1,-1,8,1
2013460230823,1,9,0,18,0,0,0,4,1,0,1,1,6,1,10,1242,1,9,8,1
2013460230823,2,9,0,2,0,0,0,0,0,0,3,1,6,1,-1,1242,1,2,8,1
2013460230823,3,9,0,2,0,0,0,0,0,0,2,1,6,3,-1,1498,1,8,8,1
2013460230825,1,9,0,18,0,0,1,0,7,9,1,1,6,1,7,1896,2,11,6,3
2013460230826,1,9,0,18,0,4,0,0,0,0,3,1,6,3,-1,-1,-1,-1,-1,-1
2013460230826,2,4,0,18,0,4,1,0,0,0,2,1,6,1,5,398,1,23,9,1
2013460230828,1,9,0,18,0,1,0,0,0,0,1,1,6,2,6,1598,2,1,4,3
2013460230828,2,9,0,4,0,1,0,0,0,0,2,1,6,1,6,1390,1,11,4,3
2013460230831,1,19,0,18,0,0,2,0,1,3,1,1,6,1,4,1560,2,4,1,1
2013460230832,1,9,0,18,0,1,0,0,0,0,1,1,6,1,9,-1,-1,-1,3,1
2013460230832,2,9,0,10,0,1,0,0,0,0,2,1,6,2,7,1998,2,11,3,1
2013460230836,1,9,0,5,0,3,0,0,0,0,1,1,6,2,5,1299,1,5,10,1
2013460230836,2,9,0,4,0,3,0,0,0,0,2,1,6,1,8,1798,1,2,7,1
2013460230838,1,9,0,18,0,0,1,0,1,4,2,1,6,2,5,-1,-1,-1,3,1
2013460230840,1,9,0,9,0,6,0,0,0,0,1,1,6,1,8,1870,2,16,5,1
2013460230840,2,1,0,18,0,1,0,0,0,0,4,1,6,1,4,-1,-1,-1,-1,-1
2013460230841,1,4,0,18,0,0,0,0,0,0,1,1,6,1,5,899,1,14,2,1
2013460230841,2,9,0,4,0,0,0,0,0,0,2,1,6,2,6,1991,2,9,-1,-1
2013460230842,1,19,0,1,0,1,0,0,0,0,2,1,6,1,-1,1996,2,2,4,1
2013460230842,2,5,0,18,0,2,0,0,0,0,1,1,6,1,7,647,1,13,4,1
2013460230843,1,9,0,17,0,1,0,0,0,0,4,1,6,1,9,1998,2,5,-1,-1
2013460230843,2,1,0,7,0,6,0,0,1,0,4,1,6,2,4,-1,-1,-1,7,1
2013460230846,1,9,0,9,0,6,0,0,0,0,3,1,6,2,11,1490,1,5,-1,-1
2013460230846,2,9,0,18,0,6,0,0,0,0,1,1,6,1,6,1896,2,9,-1,-1
2013460230858,1,5,0,16,0,2,1,0,0,0,4,1,6,1,8,999,1,7,4,1
2013460230859,1,9,0,18,0,0,0,0,1,0,1,1,6,1,10,-1,-1,-1,-1,-1
2013460230859,2,9,0,18,0,0,0,0,5,6,2,1,6,1,6,-1,-1,-1,8,3
2013460230868,1,9,0,4,0,0,1,0,1,3,1,1,6,2,8,1995,2,7,7,1
2013460230872,1,9,0,9,0,1,5,10,0,0,4,1,6,1,5,1388,1,7,3,1
2013460230874,1,9,0,18,0,0,0,0,0,0,3,1,6,2,10,999,1,12,6,1
2013460230877,1,19,0,18,0,1,0,0,0,0,1,1,6,1,6,2198,2,4,1,1
2013460230877,2,9,0,18,0,1,0,0,0,0,2,1,6,1,6,1796,1,4,8,1
2013460230878,1,9,0,1,0,6,0,0,0,0,0,1,6,1,8,2199,2,3,3,1
2013460230878,2,5,0,18,0,8,0,0,0,0,0,1,6,1,5,645,1,12,3,1
2013460230879,1,1,0,18,0,0,1,0,0,0,0,1,6,2,7,-1,-1,-1,7,3
2013460230884,1,9,0,16,0,0,0,0,0,0,4,1,6,3,-1,1560,2,-1,-1,-1
2013460230884,2,1,0,16,0,0,0,0,0,0,3,1,6,2,2,-1,-1,-1,2,1
2013460230893,1,19,0,4,0,6,0,0,0,0,0,1,1,1,8,2402,2,8,6,1
2013460230895,1,1,0,18,0,0,0,10,1,0,0,1,6,2,8,-1,-1,-1,10,1
2013460230900,1,9,0,12,0,0,0,0,0,0,3,1,6,1,6,-1,-1,-1,9,1
2013460230900,2,9,0,18,0,0,0,0,0,0,4,1,6,1,8,4686,7,11,2,1
2013460230901,1,9,0,17,0,0,2,0,7,4,1,1,6,1,5,1199,1,11,4,1
2013460230903,1,9,0,18,0,0,1,0,0,0,2,1,6,1,5,1984,1,12,6,3
2013460230903,2,9,0,18,0,0,0,0,2,10,1,1,6,1,9,2184,2,10,8,2
2013460230904,1,1,0,17,0,0,0,4,0,0,1,1,6,1,5,-1,-1,-1,10,1
2013460230904,2,9,0,2,0,0,0,4,0,0,2,1,6,1,8,2000,1,13,7,3
2013460230905,1,9,0,17,0,0,0,0,1,4,1,1,6,1,8,1686,2,9,10,1
2013460230906,1,9,0,5,0,0,0,0,0,0,1,1,6,1,9,-1,-1,-1,4,1
2013460230906,2,9,0,18,0,0,0,0,0,0,4,1,2,2,8,1149,1,5,3,1
2013460230907,1,9,0,9,0,8,0,0,0,0,3,1,6,1,4,1560,2,1,9,1
2013460230907,2,5,0,18,0,1,0,0,0,0,1,1,6,1,8,499,1,17,5,1
2013460230915,1,9,0,9,0,2,0,0,0,0,4,1,6,2,5,1364,1,5,8,1
2013460230915,2,9,0,18,0,2,1,0,0,0,4,1,6,1,5,1600,1,21,1,1
2013460230916,1,9,0,18,0,0,0,0,0,0,1,1,6,2,7,-1,-1,-1,5,1
2013460230923,1,5,0,17,0,0,0,0,1,7,0,1,6,1,6,599,1,13,3,1
2013460230924,1,9,0,16,0,0,1,0,1,0,1,1,6,2,6,1248,1,-1,7,2
2013460230924,2,9,0,17,0,0,0,0,0,0,3,1,6,1,8,2143,2,-1,7,3
2013460230926,1,1,0,17,0,0,1,12,0,0,1,1,6,1,10,-1,-1,-1,10,1
2013460230928,1,9,0,18,0,0,0,0,0,0,1,1,6,1,8,2993,2,9,4,1
2013460230929,1,3,0,18,0,0,0,0,0,0,1,1,6,1,4,124,1,2,5,1
2013460230929,2,9,0,4,0,0,0,0,0,0,2,1,6,1,8,1149,1,-1,5,1
2013460230931,1,21,1,18,0,0,5,4,1,0,1,1,1,1,6,16000,2,7,-1,2
2013460230931,2,9,0,18,0,0,0,0,4,6,3,1,6,1,8,-1,-1,-1,10,1
2013460230931,3,9,0,2,7,0,0,0,0,0,2,1,6,1,8,998,1,7,4,1
2013460230932,1,9,0,18,0,1,0,0,0,0,1,1,6,1,6,2926,2,12,-1,-1
2013460230932,2,9,0,3,0,1,0,0,0,0,2,1,6,1,7,1339,1,2,6,1
2013460230932,3,9,0,3,0,1,0,0,0,0,2,1,6,1,7,1686,2,1,4,1
2013460230937,1,9,0,2,0,0,0,0,0,0,2,1,6,1,7,-1,-1,-1,4,1
2013460230937,2,20,0,2,0,0,0,0,0,0,2,1,6,1,6,4461,2,3,5,1
2013460230940,1,9,0,13,0,1,0,0,0,0,1,1,2,1,5,1910,2,6,10,1
2013460230940,2,9,0,18,0,2,0,0,0,0,1,1,6,2,8,1898,1,11,5,1
2013460230941,1,9,0,18,0,0,0,0,0,0,4,1,6,1,10,1560,2,4,5,3
2013460230941,2,1,0,18,0,0,0,0,1,0,3,1,1,1,7,-1,-1,-1,9,1
2013460230950,1,9,0,18,0,0,0,0,0,0,4,1,6,1,6,2143,2,4,3,1
2013460230951,1,5,0,4,0,0,1,10,8,10,4,1,6,1,4,656,1,8,7,3