Accident_Index,Vehicle_Reference,Vehicle_Type,Towing_and_Articulation,Vehicle_Manoeuvre,Vehicle_Location-Restricted_Lane,Junction_Location,Skidding_and_Overturning,Hit_Object_in_Carriageway,Vehicle_Leaving_Carriageway,Hit_Object_off_Carriageway,1st_Point_of_Impact,Was_Vehicle_Left_Hand_Drive?,Journey_Purpose_of_Driver,Sex_of_Driver,Age_Band_of_Driver,Engine_Capacity_(CC),Propulsion_Code,Age_of_Vehicle,Driver_IMD_Decile,Driver_Home_Area_Type
2013460231416,2,9,0,18,0,0,0,0,0,0,2,1,6,2,7,1800,1,9,1,1
2013460231420,1,5,0,17,0,0,0,4,1,0,4,1,6,1,8,9976,1,9,4,1
2013460231420,2,9,0,2,0,0,0,0,0,0,3,1,6,2,-1,1206,1,3,4,1
2013460231421,1,9,0,18,0,1,0,0,0,0,1,1,1,1,8,2979,1,7,4,1
2013460231422,1,9,0,18,0,1,0,0,0,0,3,1,6,1,6,2261,1,6,5,2
2013460231422,2,1,0,18,9,8,0,0,0,0,1,1,6,1,3,-1,-1,-1,1,1
2013460231431,1,9,0,9,0,1,0,0,0,0,4,1,1,1,7,1360,1,14,2,1
2013460231431,2,1,0,18,0,1,0,0,0,0,1,1,1,1,5,-1,-1,-1,7,3
2013460231433,1,9,0,7,0,1,0,0,1,0,1,1,6,1,10,2148,2,5,7,3
2013460231433,2,9,0,18,0,1,0,0,0,0,1,1,6,2,9,1390,1,5,8,2
2013460231438,1,9,0,18,0,0,0,0,1,1,1,1,2,1,6,1368,1,4,8,1
2013460231441,1,3,0,13,0,0,0,0,0,0,1,1,6,1,4,-1,-1,-1,7,1
2013460231441,2,9,0,14,0,0,0,0,0,0,1,1,6,2,10,1596,1,2,5,1
2013460231445,1,9,0,13,0,0,0,0,0,0,1,1,1,1,5,1896,2,10,9,1
2013460231445,2,21,1,12,0,0,0,0,0,0,2,1,2,1,9,12130,2,13,-1,2
2013460231449,1,5,0,18,0,0,0,0,0,0,0,1,6,1,5,1800,1,7,6,3
2013460231449,2,9,0,18,0,0,0,0,0,0,0,1,6,2,4,1995,2,10,7,1
2013460231449,3,9,0,10,0,0,0,0,0,0,0,1,6,1,5,-1,-1,-1,-1,-1
2013460231454,1,1,0,18,0,1,0,0,0,0,1,1,6,1,6,-1,-1,-1,8,1
2013460231454,2,9,0,10,0,1,0,0,0,0,4,1,1,2,4,1598,1,3,9,1
2013460231459,1,4,0,18,0,8,1,0,0,0,3,1,6,1,6,1000,1,12,10,1
2013460231460,1,1,0,16,0,0,0,0,0,0,1,1,6,1,7,-1,-1,-1,-1,-1
2013460231465,1,9,0,17,0,0,2,0,0,0,3,1,6,2,4,999,1,15,7,1
2013460231467,1,1,0,16,0,0,0,0,0,0,1,1,6,1,7,-1,-1,-1,6,3
2013460231467,2,9,0,17,0,0,0,0,0,0,1,1,6,2,8,1598,1,2,6,3
2013460231468,1,19,0,2,0,0,0,0,0,0,3,1,6,3,-1,2151,2,12,-1,-1
2013460231468,2,1,0,18,0,0,0,0,0,0,4,1,1,1,8,-1,-1,-1,4,1
2013460231470,1,9,0,18,0,4,0,0,0,0,1,1,6,1,11,1753,2,11,4,1
2013460231470,2,5,0,9,0,8,0,0,0,0,4,1,6,1,8,599,1,11,5,1
2013460231473,1,5,0,9,0,8,1,0,0,0,0,1,2,1,8,800,1,2,5,1
2013460231478,1,1,0,18,0,0,1,0,0,0,4,1,6,1,-1,-1,-1,-1,-1,-1
2013460231478,2,9,0,18,0,0,0,0,0,0,4,1,6,2,9,1587,1,6,8,1
2013460231479,1,9,0,18,0,1,0,7,1,0,1,1,2,1,8,-1,-1,-1,2,1
2013460231480,1,21,0,12,0,0,0,0,0,0,1,2,1,1,8,-1,-1,-1,-1,-1
2013460231480,2,9,0,18,0,0,0,0,5,6,2,1,6,2,6,998,1,7,2,1
2013460231480,3,9,0,18,0,0,0,0,0,0,3,1,6,2,8,1242,1,9,3,1
2013460231484,1,9,0,18,0,0,5,4,1,0,1,1,6,2,4,1360,1,14,6,1
2013460231484,2,9,0,2,0,0,5,0,0,0,1,1,6,3,-1,1299,1,10,-1,-1
2013460231484,3,9,0,2,0,0,0,0,0,0,1,1,6,3,-1,1296,1,5,-1,-1
2013460231484,4,9,0,2,0,0,0,0,0,0,1,1,6,3,-1,1332,1,8,-1,-1
2013460231484,5,9,0,2,0,0,0,0,0,0,1,1,6,3,-1,1995,2,6,-1,-1
2013460231484,6,9,0,2,0,0,0,0,0,0,1,1,6,3,-1,1753,2,13,-1,-1
2013460231484,7,9,0,2,0,0,0,0,0,0,1,1,6,3,-1,1975,1,7,-1,-1
2013460231484,8,9,0,2,0,0,0,0,0,0,1,1,6,3,-1,1998,1,11,-1,-1
2013460231485,1,9,0,6,0,3,0,0,0,0,3,1,6,1,7,1968,2,2,10,1
2013460231485,2,5,0,13,0,3,0,0,0,0,4,1,6,1,7,998,1,8,2,1
2013460231486,1,9,0,18,0,8,0,0,0,0,4,1,6,1,4,1598,2,2,2,1
2013460231486,2,9,0,18,0,1,0,0,0,0,1,1,6,1,6,2494,1,17,6,1
2013460231486,3,19,0,18,0,8,0,0,0,0,0,1,6,3,-1,-1,-1,-1,-1,-1
2013460231487,1,21,0,18,0,0,0,0,0,0,1,1,1,1,7,-1,-1,-1,-1,-1
2013460231487,2,9,0,4,0,0,0,0,0,0,2,1,1,1,8,2967,2,4,10,1
2013460231487,3,9,0,3,0,0,0,0,0,0,2,1,1,1,7,2995,1,2,10,1
2013460231487,4,9,0,3,0,0,0,0,0,0,2,1,1,1,7,1896,2,7,7,3
2013460231487,5,9,0,3,0,0,0,0,0,0,2,1,6,1,8,1289,1,14,5,1
2013460231489,1,19,0,17,0,1,0,0,0,0,1,1,6,1,8,2143,2,2,8,2
2013460231489,2,5,0,18,0,8,1,0,0,0,1,1,6,1,7,599,1,21,6,1
2013460231489,3,5,0,18,0,8,0,0,0,0,1,1,6,1,4,498,1,13,5,1
2013460231491,1,9,0,4,0,0,0,0,0,0,2,1,6,1,9,700,1,-1,3,1
2013460231491,2,9,0,18,0,0,1,0,0,0,1,1,6,2,8,-1,-1,-1,3,1
2013460231491,3,9,0,18,0,0,1,0,0,0,1,1,6,1,4,1297,1,26,5,2
2013460231495,1,9,0,4,0,1,0,0,0,0,1,1,6,2,4,995,1,9,3,1
2013460231495,2,9,0,4,0,1,0,0,0,0,2,1,6,2,4,1360,1,12,2,1
2013460231495,3,9,0,4,0,1,0,0,0,0,2,1,6,1,4,1299,1,6,4,1
2013460231498,1,11,0,12,0,3,0,0,0,0,1,1,1,1,8,-1,-1,-1,-1,-1
2013460231498,2,9,0,18,0,3,1,0,0,0,4,1,1,2,8,1299,1,13,3,1
2013460231498,3,11,0,18,0,6,0,0,0,0,2,1,1,1,6,-1,-1,-1,-1,-1
2013460231502,1,9,0,5,0,0,0,0,0,0,0,1,6,1,6,1396,1,8,5,1
2013460231503,1,9,0,18,0,0,0,0,0,0,1,1,6,2,8,1108,1,4,8,1
2013460231503,2,3,0,4,0,0,0,0,0,0,2,1,1,1,6,244,1,5,3,1
2013460231504,1,9,0,18,0,2,1,0,0,0,1,1,6,1,7,1968,2,1,9,1
2013460231504,2,9,0,18,0,5,0,0,0,0,4,1,6,2,-1,1868,2,12,-1,-1
2013460231505,1,9,0,5,0,6,0,0,0,0,1,1,6,1,5,1242,1,12,3,2
2013460231505,2,9,0,18,0,1,0,0,1,0,1,1,6,2,4,1248,2,8,4,3
2013460231505,3,9,0,2,0,2,0,0,0,0,4,1,6,2,-1,1388,1,7,3,2
2013460231505,4,9,0,2,6,2,0,0,0,0,3,1,6,2,-1,1390,1,1,3,2
2013460231509,1,2,0,4,9,0,0,0,0,0,4,1,1,1,5,100,1,8,3,1
2013460231510,1,9,0,9,0,5,0,0,0,0,4,1,6,1,4,1229,1,-1,8,1
2013460231510,2,2,0,18,0,1,0,0,0,0,1,1,6,1,4,-1,-1,-1,6,1
2013460231515,1,9,0,13,0,0,1,0,5,6,4,1,6,2,6,875,1,1,10,1
2013460231515,2,9,0,18,0,0,0,0,0,0,3,1,6,1,5,998,1,12,5,1
2013460231518,1,9,0,10,0,1,0,0,0,0,4,1,6,1,6,-1,-1,-1,-1,-1
2013460231518,2,9,0,15,0,1,0,0,0,0,1,1,6,1,8,1595,1,13,4,1
2013460231520,1,9,0,18,0,0,0,0,0,0,4,1,6,1,7,998,1,14,2,1
2013460231520,2,9,0,2,0,0,0,0,0,0,3,1,6,1,-1,1461,2,9,8,1
2013460231526,1,9,0,18,0,0,0,0,0,0,4,1,6,1,6,1396,1,12,2,1
2013460231527,1,9,0,13,0,1,0,0,7,1,1,1,6,1,5,2495,2,18,7,3
2013460231527,2,9,0,4,0,1,0,0,0,0,3,1,2,1,8,-1,-1,-1,2,1
2013460231529,1,5,0,18,0,0,0,0,0,0,1,1,6,1,6,988,1,9,5,1
2013460231529,2,9,0,18,0,0,0,0,0,0,2,1,6,1,9,1988,1,12,5,1
2013460231530,1,9,0,18,0,2,5,4,0,0,1,1,6,2,5,1242,1,-1,9,3
2013460231530,2,9,0,2,0,1,0,0,1,1,2,1,6,2,6,1149,1,9,-1,-1
2013460231530,3,9,0,3,0,1,0,0,0,0,2,1,6,2,-1,1587,1,7,-1,-1
2013460231531,1,9,0,9,0,6,0,0,0,0,3,1,6,1,5,1984,1,1,-1,-1
2013460231531,2,9,0,18,0,1,1,0,0,0,1,1,6,1,7,2295,1,12,4,3
2013460231535,1,1,0,18,5,0,0,0,0,0,0,1,6,1,8,-1,-1,-1,3,1
2013460231541,1,9,0,5,0,6,0,0,0,0,1,1,6,1,11,1299,1,11,3,1
2013460231541,2,1,0,18,0,8,0,0,0,0,1,1,6,1,5,-1,-1,-1,3,1
2013460231543,1,9,0,18,0,0,0,0,0,0,3,1,6,1,10,1956,2,2,4,1
2013460231544,1,19,0,18,0,0,0,0,0,0,1,1,6,3,-1,-1,-1,-1,-1,-1
2013460231544,2,1,0,18,0,0,0,0,0,0,4,1,2,1,7,-1,-1,-1,6,3
2013460231547,1,9,0,1,0,0,0,0,1,10,2,1,6,2,11,1339,1,8,8,1
2013460231547,2,9,0,2,0,0,0,0,0,0,1,1,6,1,9,1498,1,2,10,1
2013460231548,1,9,0,12,0,0,0,0,0,0,0,1,6,1,-1,-1,-1,-1,-1,-1
2013460231548,2,9,0,11,0,0,0,0,0,0,3,1,6,1,8,1951,2,9,-1,-1
2013460231548,3,9,0,18,0,0,0,0,5,6,4,1,6,2,6,1388,1,7,-1,-1
2013460231549,1,11,0,18,0,1,0,0,0,0,1,1,1,2,9,-1,2,16,5,1
2013460231549,2,9,0,4,0,1,0,0,0,0,2,1,6,2,-1,-1,-1,-1,-1,-1
2013460231550,1,9,0,18,0,1,0,0,0,0,1,1,6,1,10,1595,1,16,-1,-1
2013460231550,2,9,0,4,0,1,0,0,0,0,2,1,6,2,6,-1,-1,-1,5,1
2013460231550,3,9,0,3,0,1,0,0,0,0,2,1,6,2,8,999,1,-1,5,1
2013460231551,1,9,0,18,0,0,1,0,5,6,3,1,6,1,6,1995,2,3,5,1
2013460231553,1,9,0,18,0,1,0,0,0,0,4,1,6,1,6,-1,-1,-1,5,1
2013460231553,2,3,0,18,0,1,0,0,0,0,1,1,6,1,4,-1,-1,-1,5,1
2013460231558,1,90,0,18,0,0,0,0,0,0,1,1,6,3,-1,-1,-1,-1,-1,-1
2013460231562,1,21,0,3,0,1,0,0,0,0,1,1,2,1,9,-1,-1,-1,2,1
2013460231562,2,9,0,3,0,1,0,0,0,0,2,1,2,1,8,1968,2,2,5,1
2013460231562,3,9,0,3,0,1,0,0,0,0,2,1,2,1,8,-1,-1,-1,1,1
2013460231562,4,9,0,3,0,1,0,0,0,0,2,1,2,1,7,1870,2,9,4,1
2013460231563,1,2,0,13,0,8,0,0,0,0,4,1,6,1,6,125,1,1,8,1
2013460231563,2,9,0,9,0,1,0,0,0,0,3,1,6,1,8,1781,1,9,7,2
2013460231569,1,1,0,12,0,1,0,0,0,0,2,1,6,1,6,-1,-1,-1,5,1
2013460231569,2,9,0,18,0,1,0,0,0,0,1,1,6,2,9,1998,2,6,1,1
2013460231570,1,-1,0,16,0,0,0,0,0,0,0,1,6,3,-1,-1,-1,-1,-1,-1
2013460231570,2,9,0,17,0,0,2,0,7,10,3,1,6,1,5,1124,1,8,7,1
2013460231571,1,9,0,11,0,8,0,0,0,0,4,1,6,2,9,1995,2,12,10,3
2013460231571,2,21,0,18,0,8,0,0,0,0,3,1,1,1,8,-1,-1,-1,-1,-1
2013460231572,1,9,0,18,0,0,0,0,0,0,1,1,1,2,8,1997,2,7,4,1
2013460231572,2,9,0,18,0,0,0,0,0,0,2,1,6,1,6,1995,2,1,5,1
2013460231575,1,9,0,18,0,0,0,11,4,6,3,1,6,2,8,1275,1,13,6,3
2013460231576,1,9,0,18,0,0,0,0,0,0,4,1,6,3,-1,-1,-1,-1,-1,-1
2013460231576,2,1,0,18,0,0,0,0,0,0,3,1,6,1,8,-1,-1,-1,1,1
2013460231577,1,9,0,9,0,6,0,0,0,0,3,1,6,2,10,1396,1,4,5,1
2013460231577,2,9,0,18,0,1,1,0,0,0,1,1,6,1,8,1995,1,10,8,1
2013460231578,1,9,0,1,0,0,0,0,0,0,3,2,6,1,-1,-1,-1,-1,-1,-1
2013460231578,2,2,0,18,0,0,1,0,0,0,3,1,1,1,6,125,1,6,5,1
2013460231579,1,9,0,13,0,2,2,0,4,6,3,1,6,1,4,1299,1,10,7,1
2013460231582,1,9,0,18,0,0,0,0,0,0,3,1,6,3,-1,-1,-1,-1,-1,-1
2013460231582,2,19,0,2,0,0,0,0,0,0,0,1,6,1,7,5880,2,7,1,1
2013460231583,1,9,0,16,0,0,2,0,1,10,3,1,6,1,5,1242,1,14,1,1
2013460231584,1,1,0,18,0,0,0,0,0,0,4,1,6,1,-1,-1,-1,-1,-1,-1
2013460231585,1,1,0,18,0,8,0,0,0,0,1,1,6,1,3,-1,-1,-1,3,1
2013460231585,2,9,0,18,0,8,0,0,0,0,4,1,6,2,8,1998,1,21,4,1
2013460231586,1,1,0,18,9,0,0,0,0,2,1,1,6,1,3,-1,-1,-1,7,1
2013460231588,1,2,0,13,0,1,0,0,0,0,1,1,2,1,5,125,1,4,6,3
2013460231588,2,9,0,9,0,8,0,0,0,0,3,1,2,1,10,1390,1,10,3,1
2013460231589,1,9,0,18,0,0,2,0,1,2,3,1,6,2,5,1242,1,3,10,1
2013460231590,1,9,0,18,0,1,0,0,0,0,0,1,6,3,-1,1796,1,13,-1,-1
2013460231590,2,11,0,18,0,1,0,0,0,0,0,1,6,1,7,-1,-1,-1,6,1
2013460231592,1,1,0,18,0,8,0,0,0,0,4,1,6,1,9,-1,-1,-1,1,1
2013460231592,2,21,0,9,0,8,0,0,0,0,1,1,1,1,8,-1,2,11,5,1
2013460231598,1,5,0,18,0,0,1,0,0,0,1,1,6,1,5,599,1,18,7,3
2013460231598,2,9,0,3,0,0,0,0,0,0,2,1,2,2,5,1599,1,10,7,3
2013460231620,1,9,0,18,0,2,0,0,0,0,1,1,6,1,6,999,1,13,10,1
2013460231620,2,9,0,18,0,2,0,0,0,0,2,1,6,1,4,1242,1,5,3,1
2013460231627,1,9,0,3,0,1,0,0,0,0,1,1,6,1,5,1910,2,6,-1,-1
2013460231627,2,9,0,9,0,6,0,0,0,0,1,1,6,2,10,1998,1,8,7,3
2013460231628,1,9,0,18,0,1,0,0,0,0,1,1,6,2,10,1348,1,12,3,1
2013460231628,2,9,0,3,0,1,0,0,0,0,2,1,2,2,8,1598,1,8,9,2
2013460231629,1,9,0,9,0,5,0,7,0,0,4,1,6,2,7,1769,1,12,9,1
2013460231629,2,9,0,18,0,8,0,0,0,0,3,1,6,2,9,1596,1,6,6,1
2013460231630,1,4,0,18,0,0,0,2,0,0,1,1,6,1,7,954,1,11,4,1
2013460231631,1,9,0,13,0,8,0,0,0,0,4,1,6,3,-1,1399,1,7,-1,-1
2013460231631,2,9,0,9,0,5,0,0,0,0,3,1,2,2,6,1390,1,16,5,2
2013460231632,1,5,0,4,0,1,1,0,0,0,4,1,6,1,7,1137,1,14,8,2
2013460231632,2,19,0,10,0,6,0,0,0,0,3,1,6,1,5,2499,2,13,6,3
2013460231633,1,9,0,18,0,1,0,0,1,0,1,1,1,1,10,-1,-1,-1,3,3
2013460231633,2,9,0,18,0,1,0,0,0,0,1,1,2,1,10,2204,2,8,6,3
2013460231633,3,9,0,9,0,5,0,0,0,0,2,1,6,2,7,1968,2,3,8,2
2013460231636,1,9,0,9,0,1,0,0,0,0,2,2,6,1,7,-1,-1,-1,-1,-1
2013460231636,2,9,0,6,0,8,0,0,0,0,4,1,6,1,7,1596,1,14,8,2
2013460231637,1,9,0,18,0,0,0,4,0,0,1,1,6,1,8,1997,1,5,6,1
2013460231637,2,9,0,2,0,0,0,0,0,0,2,1,6,2,8,998,1,11,3,1
2013460231638,1,5,0,12,0,0,1,0,0,0,1,1,2,1,7,599,1,11,9,1
2013460231638,2,9,0,18,0,0,0,0,0,0,2,1,6,1,6,1995,2,2,4,1
2013460231640,1,1,0,18,5,1,0,0,0,0,1,1,6,3,-1,-1,-1,-1,-1,-1
2013460231641,1,9,0,7,0,6,0,0,1,2,3,1,6,2,10,1560,2,4,9,1
2013460231641,2,9,0,18,0,1,0,0,0,0,4,1,6,2,9,1598,1,3,-1,-1
2013460231642,1,2,0,4,0,0,0,0,0,0,1,1,2,1,4,49,1,-1,7,3
2013460231642,2,9,0,4,0,0,0,0,0,0,2,1,1,1,9,-1,-1,-1,8,3
2013460231644,1,9,0,18,0,0,0,0,0,0,1,1,6,2,7,1598,1,13,3,1
2013460231644,2,9,0,18,0,0,0,0,0,0,2,1,6,2,8,1999,1,9,1,1
2013460231646,1,9,0,18,0,0,0,0,0,0,1,1,2,2,6,1596,1,9,1,1
2013460231646,2,9,0,4,0,0,0,0,0,0,2,1,6,1,6,1560,2,4,5,1
2013460231650,1,9,0,1,0,0,0,0,0,0,2,1,6,2,7,2496,1,11,8,1
2013460231652,1,5,0,13,0,0,0,0,8,6,1,1,6,2,8,1000,1,8,5,1
2013460231659,1,9,0,9,0,6,0,0,0,0,3,1,2,2,8,1339,8,3,7,1
2013460231659,2,3,0,17,0,8,0,0,0,0,1,1,2,1,5,100,1,14,6,1
2013460231660,1,11,0,7,0,8,0,0,0,0,4,1,1,1,7,-1,2,17,6,1
2013460231661,1,9,0,13,0,0,0,0,0,0,0,1,6,3,-1,-1,-1,-1,-1,-1
2013460231661,2,5,0,18,0,0,0,0,0,0,0,1,6,1,5,885,1,13,10,2
2013460231666,1,9,0,18,0,1,0,4,0,0,1,1,6,2,6,1998,1,10,3,1
2013460231666,2,9,0,2,0,2,0,0,0,0,4,1,6,2,10,1332,1,15,7,1
2013460231668,1,5,0,13,0,0,0,0,0,0,1,1,6,1,5,398,1,8,5,1
2013460231668,2,17,5,18,0,0,0,0,0,0,2,1,1,1,6,6728,2,3,7,3
2013460231668,3,21,1,18,0,0,0,0,0,0,1,1,1,1,6,11705,2,4,2,1
2013460231668,4,19,0,18,0,0,0,0,0,0,4,1,6,2,8,2143,2,3,10,1
2013460231668,5,9,0,18,0,0,0,0,0,0,1,1,6,1,9,1998,2,12,7,1
2013460231669,1,9,0,4,0,1,0,0,0,0,1,1,1,2,6,1598,1,9,4,1
2013460231669,2,9,0,4,0,1,0,0,0,0,2,1,6,2,8,1596,1,1,-1,-1
2013460231674,1,9,0,9,0,5,0,0,0,0,4,1,1,2,6,1461,2,-1,-1,-1
2013460231674,2,9,0,18,0,1,0,0,0,0,1,1,1,2,5,998,1,14,10,1
2013460231674,3,9,0,2,0,2,0,0,0,0,0,1,6,3,-1,-1,-1,-1,-1,-1
2013460231677,1,9,0,4,0,0,0,0,0,0,2,1,6,1,10,2490,2,18,8,1
2013460231677,2,1,0,18,0,0,0,0,0,0,1,1,6,1,9,-1,-1,-1,8,1
2013460231678,1,21,1,9,0,5,0,0,0,0,4,1,6,1,10,12740,2,-1,2,1
2013460231678,2,5,0,18,0,1,0,0,0,0,1,1,6,1,7,-1,-1,-1,4,2
2013460231680,1,9,0,18,0,0,1,0,1,4,1,1,2,1,6,3600,1,6,9,1
2013460231681,1,9,0,18,0,1,0,0,0,0,1,1,6,1,-1,-1,-1,-1,-1,-1
2013460231681,2,9,0,7,0,1,0,0,0,0,2,1,6,2,8,1596,1,2,6,3
2013460231683,1,9,0,16,0,0,0,0,1,0,1,1,2,1,6,1360,1,4,4,1
2013460231683,2,9,0,16,0,0,0,0,0,0,2,1,6,2,7,1968,2,6,10,1
2013460231689,1,5,0,14,0,1,0,0,0,0,2,1,6,1,6,1101,1,32,1,1
2013460231689,2,9,0,4,0,1,0,0,0,0,1,1,6,2,8,1598,1,11,3,1
2013460231694,1,9,0,1,0,0,0,0,0,0,2,1,6,1,6,-1,-1,-1,5,2
2013460231696,1,9,0,18,0,5,0,10,8,6,3,1,6,1,6,1781,1,11,7,1
2013460231698,1,21,0,18,0,1,0,0,0,0,1,1,1,1,6,11021,2,12,5,1
2013460231698,2,9,0,18,0,1,0,0,0,0,2,1,3,2,6,1798,1,7,4,1
2013460231699,1,9,0,18,0,0,0,0,0,0,1,1,6,1,6,-1,-1,-1,6,1
2013460231699,2,1,0,18,0,0,0,0,1,0,2,1,6,1,4,-1,-1,-1,5,2
2013460231701,1,9,0,7,0,8,0,0,0,0,1,1,6,2,8,1349,1,14,8,1
2013460231701,2,9,0,18,0,8,0,0,0,0,4,1,6,1,5,1396,1,11,4,1
2013460231702,1,9,0,18,0,0,0,0,0,0,1,1,6,2,4,1422,2,9,9,1
2013460231702,2,9,0,18,0,0,0,0,0,0,2,1,6,1,8,1686,2,4,9,1
2013460231706,1,9,0,9,0,5,0,0,0,0,1,1,2,2,7,1798,1,1,10,1
2013460231706,2,1,0,18,0,1,0,0,0,0,1,1,6,2,4,-1,-1,-1,10,1
2013460231708,1,9,0,18,0,2,0,0,4,0,3,1,6,2,5,1124,1,11,2,1
2013460231708,2,9,0,18,0,2,0,0,4,1,4,1,6,1,7,1597,1,3,4,1
2013460231709,1,9,0,4,0,0,0,0,0,0,1,1,6,1,6,-1,-1,-1,2,1
2013460231709,2,9,0,3,0,0,0,0,0,0,2,1,6,1,5,1896,2,6,3,1
2013460231710,1,9,0,7,0,5,1,0,1,10,4,1,2,2,4,1388,1,10,6,3
2013460231713,1,9,0,17,0,0,0,0,0,0,3,1,6,2,8,1796,1,1,4,1
2013460231713,2,9,0,16,0,0,0,0,0,0,3,1,6,1,11,1994,2,9,6,1
2013460231714,1,9,0,18,0,0,0,0,0,0,1,1,6,2,6,1689,2,12,2,1
2013460231716,1,9,0,18,0,0,5,0,1,10,1,1,6,1,5,1124,1,11,9,3
2013460231718,1,9,0,2,0,1,0,0,0,0,3,1,6,2,8,2987,2,3,10,3
2013460231718,2,9,0,5,0,4,0,8,0,0,4,1,6,1,7,1598,1,-1,10,2
2013460231719,1,9,0,4,0,0,1,0,0,0,1,1,6,1,5,1124,1,15,7,3
2013460231719,2,9,0,4,0,0,0,0,0,0,2,1,6,1,7,1598,1,10,6,3
2013460231720,1,5,0,18,9,1,1,0,1,0,4,1,2,1,8,1170,1,5,6,1
2013460231720,2,9,0,7,9,5,0,0,1,0,2,1,2,1,6,1968,2,3,4,1
2013460231721,1,9,0,12,0,0,0,0,0,0,3,1,1,1,7,-1,-1,-1,-1,-1
2013460231721,2,9,0,18,0,0,0,0,4,6,4,1,2,2,7,1242,1,13,4,1
2013460231723,1,9,0,3,0,1,0,0,0,0,1,1,2,1,7,-1,-1,-1,4,1
2013460231723,2,4,0,3,0,1,0,0,0,0,2,1,2,1,9,124,1,12,4,2
2013460231729,1,21,0,2,0,0,0,0,0,0,0,1,1,1,5,-1,-1,-1,-1,-1
2013460231729,2,9,0,1,0,0,0,0,0,0,2,1,6,1,6,973,1,13,5,1
2013460231729,3,9,0,18,0,0,0,0,0,0,1,1,6,2,11,954,1,17,3,1
2013460231729,4,9,0,2,0,0,0,0,0,0,3,1,6,2,5,2429,1,7,-1,-1
2013460231730,1,9,0,18,0,0,0,0,0,0,1,1,6,1,11,1598,1,16,8,1
2013460231731,1,9,0,9,0,1,0,0,0,0,4,1,6,1,4,1299,1,9,10,2
2013460231731,2,9,0,18,0,1,0,0,0,0,1,1,1,1,6,1995,2,5,5,1
2013460231732,1,1,0,18,0,1,0,10,0,0,1,1,6,1,8,-1,-1,-1,10,1
2013460231735,1,9,0,18,0,0,0,0,0,0,4,1,6,1,8,1994,1,9,9,1
2013460231736,1,9,0,18,0,0,5,0,7,9,1,1,6,1,6,2982,2,1,6,3
2013460231736,2,17,0,18,0,0,0,0,0,0,1,1,1,1,9,-1,-1,-1,6,2
2013460231736,3,9,0,18,0,0,5,0,1,4,4,1,1,2,7,-1,-1,-1,4,2
2013460231739,1,11,0,18,0,0,0,0,0,0,0,1,1,1,7,3900,2,8,2,1
2013460231744,1,9,0,18,0,4,0,0,0,0,1,1,6,1,5,2231,2,4,2,1
2013460231744,2,1,0,18,0,8,0,0,0,0,4,1,6,1,6,-1,-1,-1,4,1
2013460231745,1,9,0,18,0,0,0,4,0,0,1,1,6,1,6,-1,-1,-1,3,2
2013460231745,2,9,0,2,0,0,0,0,0,0,2,1,6,3,-1,1796,7,10,8,3
2013460231745,3,9,0,2,0,0,2,0,1,3,2,1,6,2,6,1598,1,9,8,3
2013460231751,1,9,0,18,0,0,1,0,1,4,1,1,6,1,6,1587,1,10,3,1
2013460231751,2,9,0,18,0,0,0,0,0,0,3,1,6,2,8,2777,2,2,9,1
2013460231752,1,20,0,1,0,0,0,0,0,0,2,1,6,1,-1,-1,-1,-1,8,3
2013460231752,2,9,0,1,0,0,0,0,0,0,1,1,6,1,7,1896,2,15,10,3
2013460231756,1,9,0,18,0,0,0,0,0,0,1,1,6,2,5,1896,2,11,4,2
2013460231756,2,9,0,2,0,0,0,0,0,0,3,1,6,3,-1,1396,1,9,4,3
2013460231756,3,9,0,2,0,0,0,0,0,0,3,1,6,3,-1,1596,1,8,4,2
2013460231756,4,9,0,2,0,0,0,0,0,0,1,1,6,1,9,-1,-1,-1,4,2
2013460231757,1,9,0,2,0,0,0,0,0,0,3,1,6,1,6,1781,1,12,2,1
2013460231757,2,1,0,14,0,0,0,4,0,0,4,1,6,1,8,-1,-1,-1,5,1
2013460231758,1,9,0,18,0,0,0,0,0,0,4,1,6,2,9,1388,1,4,6,3
2013460231758,2,21,1,18,0,0,0,0,0,0,3,1,1,1,9,-1,-1,-1,-1,-1
2013460231762,1,9,0,9,0,1,0,0,0,0,3,1,6,2,11,1388,1,10,6,1
2013460231763,1,9,0,4,0,0,0,0,0,0,1,1,6,2,7,1588,1,12,8,1
2013460231763,2,9,0,4,0,0,0,0,0,0,2,1,6,1,7,4163,1,7,6,2
2013460231764,1,9,0,18,0,4,0,0,0,0,1,1,6,1,8,698,1,9,5,1
2013460231764,2,9,0,18,0,3,0,0,0,0,2,1,6,1,6,1998,1,11,-1,-1
2013460231765,1,9,0,14,0,8,0,0,7,4,3,1,6,2,6,1769,1,12,4,1
2013460231765,2,9,0,10,0,1,1,0,0,0,1,1,1,1,6,-1,-1,-1,7,3
2013460231767,1,9,0,9,0,1,0,0,0,0,3,1,6,1,6,1598,1,6,5,3
2013460231767,2,4,0,18,0,1,1,0,0,0,1,1,1,1,4,125,1,-1,7,2
2013460231771,1,11,0,18,0,0,0,0,0,0,1,1,1,1,8,-1,2,12,9,1