Accident_Index,Vehicle_Reference,Vehicle_Type,Towing_and_Articulation,Vehicle_Manoeuvre,Vehicle_Location-Restricted_Lane,Junction_Location,Skidding_and_Overturning,Hit_Object_in_Carriageway,Vehicle_Leaving_Carriageway,Hit_Object_off_Carriageway,1st_Point_of_Impact,Was_Vehicle_Left_Hand_Drive?,Journey_Purpose_of_Driver,Sex_of_Driver,Age_Band_of_Driver,Engine_Capacity_(CC),Propulsion_Code,Age_of_Vehicle,Driver_IMD_Decile,Driver_Home_Area_Type
2013460231777,1,19,0,18,0,0,0,0,0,0,1,1,6,1,6,1968,2,-1,3,1
2013460231777,2,9,0,4,0,0,0,0,0,0,2,1,6,1,7,1839,1,16,8,3
2013460231780,1,9,0,18,0,0,0,4,0,0,4,1,6,1,11,1390,1,14,7,1
2013460231780,2,19,0,2,0,0,0,0,0,0,2,1,6,1,9,2198,2,-1,2,1
2013460231781,1,20,0,18,0,0,1,0,0,0,1,1,1,1,7,6871,2,9,8,1
2013460231782,1,9,0,9,0,8,0,0,0,0,1,1,6,3,-1,-1,-1,-1,-1,-1
2013460231782,2,9,0,18,0,2,0,0,0,0,2,1,6,2,7,1598,1,14,2,1
2013460231783,1,9,0,4,0,0,0,0,0,0,1,1,6,1,6,1332,1,5,-1,-1
2013460231783,2,9,0,4,0,0,0,0,0,0,2,1,6,2,6,1598,1,10,3,1
2013460231787,1,9,0,4,0,1,0,0,0,0,4,1,6,1,7,1497,1,10,2,1
2013460231788,1,21,0,12,0,0,0,0,0,0,3,2,6,3,-1,-1,-1,-1,-1,-1
2013460231788,2,9,0,18,0,0,0,0,0,0,4,1,6,2,5,1242,1,1,1,1
2013460231793,1,9,0,18,0,0,0,0,0,0,3,1,6,2,8,1242,1,4,9,3
2013460231793,2,19,0,18,0,0,1,0,0,0,3,1,2,1,7,1400,1,13,5,2
2013460231794,1,-1,0,18,0,0,0,0,0,0,1,1,6,3,-1,-1,-1,-1,-1,-1
2013460231796,1,9,0,9,0,8,0,0,0,0,1,1,6,2,7,3199,1,14,2,1
2013460231796,2,9,0,18,0,1,0,0,0,0,1,1,6,1,7,1900,2,8,10,2
2013460231799,1,9,0,11,0,8,0,0,0,0,2,1,6,1,9,1598,1,6,-1,-1
2013460231799,2,5,0,13,0,8,1,0,0,0,1,1,2,1,8,649,1,6,5,1
2013460231800,1,21,5,18,0,1,0,0,0,0,4,1,1,1,7,3920,2,2,2,1
2013460231800,2,9,0,18,0,1,0,0,0,0,1,1,6,2,9,1560,2,6,3,1
2013460231800,3,9,0,18,0,1,0,0,0,0,2,1,6,1,7,1994,2,15,9,1
2013460231800,4,9,0,10,0,1,0,0,0,0,2,1,6,2,9,3497,1,13,9,3
2013460231801,1,9,0,18,0,0,0,0,0,0,1,1,6,1,6,1798,1,12,1,1
2013460231801,2,21,0,3,0,0,0,0,0,0,2,1,1,1,8,-1,-1,-1,-1,-1
2013460231802,1,9,0,13,0,0,0,0,0,0,1,1,6,3,-1,2987,2,7,-1,-1
2013460231802,2,1,0,18,0,0,0,0,0,0,2,1,6,1,6,-1,-1,-1,10,1
2013460231805,1,9,0,5,0,1,0,0,0,0,3,1,2,1,7,2967,2,1,7,3
2013460231806,1,9,0,9,0,8,0,0,0,0,3,1,2,1,9,1997,1,16,6,3
2013460231806,2,5,0,18,0,1,0,0,0,0,1,1,2,1,9,599,1,16,-1,3
2013460231809,1,9,0,15,0,2,1,4,0,0,1,1,1,1,5,1560,2,3,2,1
2013460231809,2,9,0,2,0,2,0,0,1,0,3,2,6,1,-1,-1,-1,-1,-1,-1
2013460231811,1,9,4,18,0,0,0,0,0,0,2,1,6,3,-1,-1,-1,-1,-1,-1
2013460231811,2,1,0,18,0,0,0,0,0,0,1,1,6,1,8,-1,-1,-1,9,3
2013460231815,1,9,0,18,0,4,0,0,0,0,2,1,6,2,8,1399,2,3,3,1
2013460231815,2,9,0,6,0,8,0,0,0,0,1,1,6,1,6,2979,1,11,3,1
2013460231816,1,9,0,18,0,1,0,0,0,0,1,1,6,3,-1,-1,-1,-1,-1,-1
2013460231819,1,9,0,18,0,0,0,0,0,0,1,1,6,1,7,1389,1,17,2,1
2013460231819,2,9,0,18,0,0,0,0,0,0,2,1,6,1,8,1997,2,5,2,1
2013460231820,1,9,0,7,0,1,0,0,0,0,3,1,6,2,7,-1,-1,-1,8,3
2013460231820,2,9,0,18,0,1,0,0,0,0,3,1,6,2,7,1896,2,8,8,1
2013460231826,1,3,0,4,0,8,1,0,0,0,2,1,6,1,5,125,1,9,10,1
2013460231827,1,9,0,17,0,0,2,0,1,10,3,1,3,2,7,1997,2,9,8,3
2013460231829,1,1,0,18,9,0,0,0,0,0,1,1,6,1,-1,-1,-1,-1,-1,-1
2013460231831,1,21,0,9,0,5,0,0,0,0,2,1,1,3,-1,-1,-1,-1,-1,-1
2013460231831,2,9,0,18,0,8,0,0,0,0,3,1,6,2,6,1995,2,11,8,2
2013460231832,1,9,0,18,0,6,0,0,3,10,1,1,6,2,7,1796,1,14,6,3
2013460231833,1,9,0,9,0,8,0,0,0,0,0,1,6,1,10,2179,2,6,6,2
2013460231833,2,9,0,18,0,1,2,10,1,0,4,1,6,1,9,1997,2,11,8,2
2013460231834,1,9,0,17,0,0,1,0,0,0,1,1,6,2,6,1796,1,11,8,1
2013460231834,2,19,0,16,0,0,1,0,0,0,1,1,6,1,7,2800,2,13,5,2
2013460231836,1,9,0,18,0,0,0,4,0,0,1,1,6,2,4,1399,2,7,5,1
2013460231836,2,9,0,2,0,0,0,0,0,0,2,1,6,2,9,1560,2,3,3,1
2013460231839,1,9,0,7,0,1,0,0,0,0,1,1,6,1,10,1399,1,6,9,1
2013460231839,2,4,0,3,0,1,0,0,0,0,2,1,2,1,8,447,1,22,-1,-1
2013460231848,1,9,0,18,0,0,0,0,0,0,1,1,2,1,6,1598,1,12,2,1
2013460231849,1,9,0,18,0,0,0,0,0,0,1,1,6,2,5,1796,1,7,7,3
2013460231849,2,9,0,18,0,0,0,0,0,0,2,1,6,1,7,1560,2,2,9,1
2013460231849,3,9,0,18,0,0,1,0,0,0,2,1,6,1,5,1731,1,14,2,1
2013460231849,4,9,0,18,0,0,0,0,0,0,2,1,6,1,7,998,1,6,4,1
2013460231851,1,9,0,16,0,0,0,0,1,4,1,1,1,1,7,998,1,15,4,2
2013460231851,2,20,0,17,0,0,1,0,0,0,1,1,1,1,7,-1,-1,-1,7,1
2013460231854,1,9,0,9,0,5,0,0,0,0,4,1,6,3,-1,-1,-1,-1,-1,-1
2013460231863,1,9,0,18,0,0,0,0,0,0,4,1,6,1,7,-1,-1,-1,2,1
2013460231864,1,9,0,4,0,1,0,0,0,0,1,1,6,1,9,1598,1,9,8,1
2013460231864,2,9,0,3,0,1,0,0,0,0,2,1,6,1,5,1997,2,13,4,1
2013460231865,1,21,0,18,0,0,0,0,0,0,1,1,1,1,7,10518,2,2,4,3
2013460231865,2,19,0,18,0,0,0,0,0,0,2,1,1,1,5,2143,2,2,7,1
2013460231865,3,90,0,18,0,0,0,0,1,0,2,2,6,1,8,-1,-1,-1,-1,-1
2013460231865,4,9,0,18,0,0,0,0,0,0,2,1,6,1,6,2776,2,7,3,1
2013460231865,5,21,0,18,0,0,0,0,0,0,2,2,6,1,7,-1,-1,-1,-1,-1
2013460231868,1,19,0,1,0,0,0,0,0,0,2,1,1,1,7,2402,2,9,2,1
2013460231870,1,9,0,4,0,0,0,0,0,0,1,1,1,1,7,-1,-1,-1,7,1
2013460231870,2,9,0,3,0,0,0,0,0,0,2,1,1,1,7,-1,-1,-1,7,2
2013460231870,3,9,0,3,0,0,0,0,0,0,2,1,1,2,7,1997,2,2,6,2
2013460231870,4,9,0,3,0,0,0,0,0,0,2,1,1,1,7,-1,-1,-1,8,1
2013460231871,1,9,0,7,0,1,0,0,0,0,3,1,6,1,7,1988,1,12,5,3
2013460231871,2,9,0,18,0,1,0,0,0,0,1,1,6,1,7,2776,2,7,6,1
2013460231872,1,9,0,9,0,8,0,0,0,0,4,1,6,2,5,1242,1,4,-1,-1
2013460231872,2,2,0,18,0,8,0,0,0,0,1,1,6,1,6,125,1,1,2,1
2013460231874,1,9,0,17,0,8,0,0,0,0,1,1,6,3,-1,-1,-1,-1,-1,-1
2013460231874,2,9,0,3,0,1,0,0,0,0,2,1,6,2,5,1124,1,15,2,1
2013460231875,1,9,0,9,0,8,0,0,0,0,1,1,6,1,6,1248,2,9,8,1
2013460231875,2,9,0,18,0,1,0,0,0,0,3,1,1,1,9,2398,1,14,6,1
2013460231877,1,9,0,18,0,0,0,0,0,0,1,1,6,2,8,998,1,3,7,1
2013460231877,2,9,0,7,0,0,0,0,0,0,4,1,6,1,5,1360,1,10,3,1
2013460231879,1,5,0,18,0,4,0,0,0,0,0,1,6,2,7,-1,-1,-1,-1,-1
2013460231881,1,9,0,18,0,0,0,0,0,0,3,1,6,1,6,1796,1,8,5,1
2013460231883,1,9,0,18,0,0,0,0,0,0,1,1,6,1,7,2499,2,17,5,1
2013460231883,2,9,0,4,0,0,0,0,0,0,2,1,6,2,6,1850,1,11,6,1
2013460231884,1,9,0,12,0,7,0,0,0,0,3,1,6,2,5,1229,1,-1,3,3
2013460231884,2,9,0,18,0,8,0,0,0,0,4,1,6,2,9,998,1,4,9,1
2013460231885,1,9,0,18,0,8,0,9,3,10,1,1,2,2,9,1598,1,9,4,3
2013460231886,1,9,0,17,0,1,0,0,0,0,1,1,6,1,6,1896,2,12,9,1
2013460231886,2,9,0,16,0,1,0,0,0,0,1,1,2,2,8,1796,1,12,6,1
2013460231888,1,9,0,18,0,8,0,0,0,0,3,1,6,3,-1,-1,-1,-1,-1,-1
2013460231893,1,9,0,18,0,2,0,0,0,0,1,1,6,2,6,1396,1,10,2,1
2013460231894,1,8,0,17,0,0,0,0,1,10,1,1,1,1,8,1997,2,3,4,1
2013460231897,1,9,0,18,0,0,1,0,7,10,1,1,6,1,4,1242,1,15,6,3
2013460231898,1,9,0,18,0,8,0,0,0,0,3,1,6,1,11,1796,1,11,5,1
2013460231898,2,9,0,18,0,8,0,0,0,0,1,1,6,1,8,1896,2,8,7,1
2013460231905,1,19,0,1,0,0,0,0,0,0,1,1,6,1,8,2148,2,4,6,2
2013460231915,1,9,0,18,0,0,0,0,0,0,1,1,6,2,7,1199,1,9,3,1
2013460231915,2,9,0,2,0,0,0,0,0,0,2,1,6,2,4,1149,1,11,6,2
2013460231917,1,8,0,18,0,0,0,0,0,0,4,1,6,3,-1,-1,-1,-1,-1,-1
2013460231919,1,9,0,18,0,0,0,0,1,1,1,1,6,1,7,2179,2,-1,9,1
2013460231923,1,9,0,9,0,8,0,0,0,0,3,1,6,2,9,1242,1,1,3,1
2013460231923,2,9,0,18,0,8,0,0,0,0,4,1,6,1,6,-1,-1,-1,3,1
2013460231926,1,11,0,18,0,0,0,0,0,0,0,1,6,1,8,6700,2,3,2,1
2013460231927,1,9,0,4,0,0,0,0,0,0,1,1,6,1,7,1229,1,4,6,2
2013460231927,2,9,0,4,0,0,0,0,0,0,2,1,2,2,6,1397,1,6,9,2
2013460231927,3,9,0,4,0,0,0,0,0,0,2,1,6,1,9,2401,2,4,7,1
2013460231929,1,9,0,7,0,6,0,0,0,0,3,1,6,2,7,998,1,2,8,1
2013460231929,2,2,0,18,0,1,0,0,0,0,1,1,6,1,4,125,1,2,7,1
2013460231931,1,5,0,11,0,1,0,0,0,0,1,1,6,1,6,899,1,19,5,2
2013460231931,2,9,0,18,0,1,0,0,0,0,2,1,6,2,7,1339,1,1,9,1
2013460231932,1,9,0,18,0,0,1,11,5,6,1,1,2,2,7,1199,1,11,8,1
2013460231933,1,9,0,18,0,0,0,0,0,0,1,1,1,2,9,2902,2,9,10,1
2013460231933,2,9,0,18,0,0,0,0,0,0,1,1,1,1,8,-1,-1,-1,9,2
2013460231933,3,9,0,2,0,0,0,0,0,0,4,1,6,1,8,1461,2,4,1,1
2013460231933,4,9,0,2,0,0,0,0,0,0,3,1,6,1,7,1395,1,-1,2,1
2013460231935,1,5,0,18,0,0,0,0,0,0,1,1,2,1,6,645,1,7,4,1
2013460231935,2,9,0,11,0,0,0,0,0,0,2,1,1,1,5,-1,-1,-1,8,1
2013460231936,1,9,0,18,0,0,0,0,1,0,1,1,1,1,10,-1,-1,-1,-1,-1
2013460231937,1,9,0,4,0,8,0,0,0,0,2,1,2,1,7,1968,2,-1,5,1
2013460231937,2,9,0,4,0,8,1,0,0,0,1,1,6,1,7,1389,1,13,8,3
2013460231937,3,9,0,4,0,8,1,0,0,0,1,1,2,1,6,1968,2,1,1,1
2013460231937,4,9,0,4,0,8,1,0,0,0,1,1,2,1,7,1582,2,1,5,1
2013460231939,1,9,0,11,0,0,0,0,0,0,1,1,1,1,8,-1,-1,-1,1,1
2013460231939,2,9,0,18,0,0,0,0,0,0,2,1,6,1,9,1968,2,2,10,1
2013460231940,1,9,0,18,0,2,1,0,0,0,1,1,6,2,7,1590,1,14,5,1
2013460231941,1,9,0,17,0,0,0,0,0,0,1,1,6,1,5,1390,1,-1,1,1
2013460231942,1,1,0,18,0,6,0,0,0,0,4,1,6,1,2,-1,-1,-1,-1,-1
2013460231942,2,9,0,18,0,2,0,0,0,0,4,1,6,1,10,1299,1,10,-1,-1
2013460231943,1,9,0,18,0,0,0,0,0,0,1,1,6,1,8,1997,2,11,3,1
2013460231946,1,9,0,9,0,6,0,0,0,0,1,1,6,3,-1,-1,-1,-1,-1,-1
2013460231946,2,9,0,18,0,8,0,0,0,0,1,1,6,1,6,1998,1,16,5,1
2013460231947,1,9,0,7,0,0,0,0,1,0,1,1,6,2,5,2204,2,7,8,1
2013460231947,2,9,0,18,0,0,0,0,0,0,4,1,6,2,6,973,1,10,9,2
2013460231951,1,19,0,2,0,0,0,0,0,0,2,1,1,3,-1,1753,2,2,5,1
2013460231951,2,9,0,2,0,0,0,0,0,0,3,1,6,1,-1,1248,2,1,9,1
2013460231951,3,9,0,2,0,0,0,0,0,0,3,1,6,1,10,1870,2,9,9,1
2013460231952,1,9,0,9,0,5,0,0,0,0,1,1,6,2,7,1588,1,12,2,1
2013460231952,2,9,0,8,0,1,0,0,0,0,1,1,6,2,8,1360,1,7,10,1
2013460231953,1,1,0,18,0,0,0,0,1,10,1,1,6,2,7,-1,-1,-1,1,1
2013460231954,1,9,0,18,0,0,0,0,0,0,3,1,6,3,-1,-1,-1,-1,-1,-1
2013460231954,2,1,0,18,0,0,0,0,0,0,3,1,6,1,3,-1,-1,-1,5,1
2013460231956,1,9,0,11,0,1,0,0,0,0,1,1,6,2,4,1124,1,13,7,3
2013460231956,2,9,0,18,0,1,0,0,0,0,2,1,6,1,8,1984,2,4,6,1
2013460231957,1,9,0,9,0,2,0,0,0,0,1,1,6,1,5,1598,1,11,8,1
2013460231959,1,9,0,9,0,1,0,0,0,0,1,1,6,2,6,1560,2,1,1,1
2013460231959,2,5,0,14,0,1,1,0,0,0,3,1,6,1,8,-1,-1,-1,2,1
2013460231962,1,9,0,9,0,5,0,0,0,0,4,1,6,1,4,1390,1,13,4,1
2013460231962,2,9,0,18,0,8,0,0,0,0,1,1,6,1,6,1598,1,15,6,1
2013460231964,1,9,0,9,0,2,0,0,0,0,1,1,1,1,9,-1,-1,-1,7,1
2013460231964,2,1,0,18,0,1,0,0,0,0,1,1,1,1,7,-1,-1,-1,2,1
2013460231966,1,9,0,9,0,6,0,0,0,0,0,1,6,2,6,1834,1,12,5,1
2013460231967,1,9,0,18,0,6,0,0,0,0,1,1,6,1,8,1199,1,13,5,1
2013460231967,2,5,0,14,0,1,0,0,0,0,4,1,6,1,8,865,1,6,5,3
2013460231967,3,9,0,3,0,1,0,0,0,0,0,1,6,1,6,1598,1,8,2,1
2013460231968,1,9,0,2,0,0,0,0,0,0,3,1,6,1,9,998,1,2,10,1
2013460231968,2,1,0,14,0,0,0,8,0,0,1,1,6,1,11,-1,-1,-1,4,1
2013460231969,1,9,0,4,0,1,0,0,0,0,1,1,6,1,5,1596,1,22,5,1
2013460231969,2,9,0,4,0,1,0,0,0,0,2,1,6,1,8,1339,1,2,4,1
2013460231969,3,9,0,4,0,1,0,0,0,0,2,1,6,2,6,1242,1,2,7,1
2013460231971,1,9,0,18,0,1,5,0,2,2,4,1,6,1,6,1598,1,12,7,1
2013460231975,1,9,0,7,0,6,0,0,0,0,1,1,6,1,10,1248,1,1,1,1
2013460231975,2,9,0,18,0,8,0,0,0,0,4,1,6,2,6,1598,1,7,7,1
2013460231976,1,1,0,14,0,1,0,0,0,0,1,1,2,1,8,-1,-1,-1,1,1
2013460231976,2,9,0,9,0,8,0,0,0,0,3,1,6,2,7,1360,1,10,1,1
2013460231977,1,9,0,12,0,0,0,0,0,0,3,1,6,2,6,1242,1,9,4,1
2013460231977,2,9,0,18,0,0,0,0,0,0,4,1,6,2,9,1339,1,2,8,3
2013460231988,1,9,0,9,0,6,0,0,0,0,1,1,2,1,5,1331,1,19,1,1
2013460231988,2,5,0,16,0,8,0,0,0,0,1,1,2,1,9,499,1,18,7,2
2013460231989,1,9,0,18,0,0,0,0,0,0,1,1,3,2,4,796,1,11,8,1
2013460231989,2,9,0,2,0,0,0,0,0,0,2,1,3,2,7,2987,2,4,7,3
2013460231989,3,9,0,18,0,0,0,0,0,0,1,1,6,2,7,1242,1,-1,-1,-1
2013460231992,1,9,0,17,0,0,0,0,0,0,1,1,6,2,6,2143,2,-1,9,1
2013460231992,2,9,0,16,0,0,1,0,0,0,2,1,2,1,6,-1,-1,-1,10,1
2013460231993,1,9,0,4,0,1,0,0,0,0,2,1,6,2,6,1560,2,2,2,1
2013460231993,2,9,0,4,0,1,0,0,0,0,2,1,6,1,9,1242,1,2,5,1
2013460231995,1,9,0,18,0,4,0,0,0,0,3,1,6,1,7,-1,-1,-1,-1,-1
2013460231995,2,9,0,18,0,3,0,0,0,0,4,1,6,2,6,1997,2,2,5,1
2013460231997,1,9,0,11,0,1,0,0,0,0,4,1,2,1,5,1119,1,18,8,1
2013460232000,1,1,0,18,0,1,0,0,0,0,3,1,6,1,4,-1,-1,-1,10,1
2013460232000,2,9,0,8,0,1,0,0,0,0,1,1,6,1,5,1998,2,10,4,1
2013460232003,1,9,0,11,0,0,0,0,0,0,4,1,2,1,4,1598,1,10,10,2
2013460232003,2,9,0,15,0,0,0,0,0,0,3,1,2,1,5,-1,-1,-1,3,1
2013460232004,1,9,0,18,0,0,0,0,0,0,1,1,2,2,5,998,1,7,6,1
2013460232009,1,9,0,18,0,0,0,4,0,0,1,1,6,2,9,1461,2,9,5,2
2013460232009,2,9,0,2,0,0,0,4,0,0,1,1,1,1,6,2204,2,7,7,1
2013460232010,1,9,0,4,0,0,1,0,0,0,1,1,6,1,4,1397,1,11,3,1
2013460232010,2,9,0,4,0,0,0,0,0,0,1,1,6,1,5,1560,2,6,9,1
2013460232010,3,9,0,4,0,0,0,0,0,0,2,1,6,2,7,1242,1,2,4,3
2013460232010,4,9,0,4,0,0,0,0,0,0,2,1,6,1,7,1798,1,9,4,2
2013460232014,1,9,0,4,0,0,0,0,0,0,1,1,6,1,5,-1,-1,-1,2,1
2013460232014,2,9,0,4,0,0,0,0,0,0,2,1,6,1,8,-1,-1,-1,2,1
2013460232016,1,9,0,18,0,8,0,0,0,0,3,1,6,2,9,1397,1,3,7,1
2013460232016,2,9,0,9,0,8,0,0,1,10,4,1,6,2,6,1360,1,11,2,1
2013460232017,1,9,0,9,0,7,0,0,0,0,3,1,6,2,11,1596,1,14,6,3
2013460232017,2,9,0,17,0,1,0,0,0,0,1,1,6,1,6,1124,1,10,6,1
2013460232020,1,19,0,7,0,5,0,0,0,0,1,1,6,1,8,2402,2,11,6,1
2013460232020,2,1,0,18,0,1,0,0,0,0,2,1,6,1,8,-1,-1,-1,5,3
2013460232021,1,9,0,13,0,0,0,0,0,0,3,1,6,1,9,1991,1,14,3,2
2013460232021,2,9,0,18,0,0,0,0,0,0,3,1,6,1,8,1896,2,9,5,2
2013460232022,1,-1,0,18,0,1,0,0,0,0,4,1,6,3,-1,-1,-1,-1,-1,-1
2013460232022,2,2,0,5,8,6,0,0,0,0,3,1,6,1,4,49,1,10,5,3
2013460232023,1,9,0,12,0,0,0,0,0,0,3,1,6,1,9,2171,2,10,7,2
2013460232023,2,9,0,13,0,0,1,0,1,7,4,1,6,1,4,1149,1,12,5,1
2013460232029,1,3,0,7,0,5,0,0,0,0,1,1,6,1,4,-1,-1,-1,1,1
2013460232029,2,9,0,7,0,6,0,0,0,0,3,1,1,1,7,999,1,2,-1,-1
2013460232030,1,1,0,18,0,8,1,0,0,0,1,1,6,1,6,-1,-1,-1,-1,-1
2013460232030,2,9,0,10,0,1,0,0,0,0,2,1,6,1,6,1598,1,5,-1,-1
2013460232031,1,19,0,17,0,0,0,0,0,0,3,1,1,1,6,4764,2,4,4,1
2013460232031,2,5,0,16,0,0,0,0,0,0,3,1,6,1,9,1170,1,1,2,1
2013460232035,1,9,0,18,0,0,0,0,0,0,1,1,6,1,7,-1,-1,-1,8,1
2013460232035,2,9,0,3,0,0,0,0,0,0,2,1,2,2,5,-1,-1,-1,7,3
2013460232041,1,9,0,18,0,0,0,0,0,0,0,1,6,3,-1,1769,1,11,-1,-1
2013460232043,1,21,4,3,0,0,0,0,0,0,2,2,6,1,8,-1,-1,-1,-1,-1
2013460232043,2,19,0,18,0,0,0,0,0,0,1,1,6,1,6,1995,2,1,8,1
2013460232044,1,19,0,18,0,4,0,0,0,0,1,1,6,1,5,-1,-1,-1,-1,-1
2013460232044,2,9,0,18,0,4,0,0,0,0,2,1,6,2,8,1461,2,7,-1,-1
2013460232047,1,5,0,18,0,0,1,0,0,0,4,1,2,1,8,1199,1,8,7,1
2013460232050,1,9,0,7,0,1,0,0,0,0,1,1,6,1,-1,998,1,14,-1,-1
2013460232050,2,9,0,8,0,1,0,0,0,0,2,1,6,1,8,1686,2,8,6,3
2013460232052,1,9,0,18,0,0,0,0,0,0,1,2,6,2,10,-1,-1,-1,-1,-1
2013460232052,2,9,0,18,0,0,1,0,0,0,1,1,6,2,5,1596,1,12,3,1
2013460232056,1,9,0,18,0,0,1,0,7,4,1,1,6,1,9,1997,2,3,10,2
2013460232061,1,5,0,18,0,3,1,0,0,0,4,1,6,1,4,600,1,-1,4,1
2013460232065,1,19,0,18,0,8,0,0,0,0,1,1,6,3,-1,4461,2,2,2,1
2013460232065,2,9,0,7,0,8,0,0,0,0,3,1,6,1,5,998,1,3,10,1
2013460232066,1,9,0,18,0,0,0,0,0,0,1,1,6,3,-1,-1,-1,-1,-1,-1
2013460232066,2,9,0,18,0,0,0,0,0,0,2,1,6,1,5,1560,2,-1,1,1
2013460232070,1,21,0,18,0,4,0,0,0,0,1,1,1,1,6,-1,-1,-1,8,3
2013460232070,2,9,0,9,0,3,0,0,0,0,1,1,6,1,11,-1,-1,-1,8,1
2013460232071,1,9,0,4,0,1,0,0,0,0,1,1,6,2,8,1896,2,11,9,1
2013460232071,2,9,0,4,0,1,0,0,0,0,2,1,6,1,6,1299,1,9,7,1
2013460232072,1,9,0,16,0,0,0,0,0,0,0,1,6,2,8,1299,1,12,6,3
2013460232076,1,1,0,9,0,1,0,0,0,0,1,1,6,1,6,-1,-1,-1,10,1
2013460232076,2,9,0,4,0,1,0,0,0,0,0,1,6,2,8,-1,-1,-1,9,3
2013460232078,1,3,0,17,0,0,1,0,1,0,0,1,6,1,4,124,1,5,4,3
2013460232080,1,9,0,9,0,6,0,0,0,0,1,1,2,2,6,1229,1,2,6,1
2013460232080,2,9,0,18,0,1,0,0,0,0,3,1,1,1,6,1968,2,2,6,1
2013460232088,1,9,0,9,0,1,0,0,0,0,1,1,6,2,9,1339,1,8,9,2
2013460232088,2,9,0,18,0,2,0,0,0,0,1,1,3,1,7,2295,7,12,1,1
2013460232089,1,3,0,14,0,0,0,0,0,0,1,1,6,1,6,124,1,17,9,1
2013460232090,1,9,0,11,0,1,0,0,0,0,4,1,6,1,10,1968,2,4,6,3
2013460232090,2,9,0,18,0,1,0,7,0,0,3,1,2,1,5,1199,1,11,6,1
2013460232091,1,9,0,18,0,1,1,0,0,0,2,1,6,2,6,1598,2,2,9,1
2013460232091,2,9,0,18,0,1,1,0,0,0,1,1,6,1,8,2720,2,5,7,1
2013460232092,1,9,0,18,0,1,0,0,0,0,1,1,6,1,4,1590,1,10,6,1
2013460232092,2,9,0,10,0,1,0,0,0,0,2,1,6,2,5,1199,1,14,5,1
2013460232094,1,9,0,18,0,0,0,0,0,0,3,1,6,3,-1,-1,-1,-1,-1,-1
2013460232095,1,20,1,18,0,1,0,0,0,0,1,1,6,1,7,-1,-1,-1,9,3
2013460232095,2,9,0,18,0,1,0,0,0,0,2,1,6,1,8,998,1,1,10,3
2013460232095,3,9,0,18,0,1,0,0,0,0,2,1,6,1,8,-1,-1,-1,-1,-1
2013460232096,1,9,0,7,0,5,0,0,0,0,1,1,6,2,7,1587,1,16,4,1
2013460232102,1,9,0,18,0,0,0,0,0,0,0,1,6,2,9,1298,1,11,3,1
2013460232104,1,20,4,9,0,3,0,0,0,0,4,1,1,1,5,-1,-1,-1,5,1
2013460232106,1,9,0,9,0,6,0,0,0,0,1,1,6,3,-1,-1,-1,-1,-1,-1
2013460232106,2,9,0,18,0,1,0,0,1,0,4,1,6,1,4,1199,1,12,-1,-1
2013460232106,3,21,0,2,0,8,0,0,0,0,2,1,1,1,7,6992,2,2,7,1
2013460232119,1,9,0,4,0,1,0,0,0,0,1,1,6,2,6,2460,2,9,8,1
2013460232119,2,9,0,4,0,1,0,0,0,0,2,1,6,1,6,1968,2,5,8,1
2013460232122,1,9,0,18,0,8,0,0,0,0,1,1,6,3,-1,1124,1,21,-1,-1
2013460232122,2,9,0,18,0,8,0,0,0,0,3,1,1,1,9,1896,2,4,6,1
2013460232123,1,3,0,18,9,1,0,0,0,0,1,1,6,1,5,124,1,16,-1,-1
2013460232123,2,9,0,9,0,1,0,0,0,0,4,1,6,1,5,1988,1,14,9,1
2013460232125,1,9,0,11,0,0,1,0,2,7,1,1,6,2,6,1360,1,12,3,1
2013460232125,2,9,0,18,0,0,0,0,0,0,3,1,6,1,5,1498,1,1,9,1
2013460232131,1,9,0,18,0,0,1,0,1,10,3,1,6,2,6,1242,1,12,2,1
2013460232133,1,9,0,2,0,0,0,0,0,0,0,1,6,3,-1,-1,-1,-1,-1,-1
2013460232133,2,9,0,18,0,0,1,0,5,6,1,1,6,1,8,6208,1,1,5,1
2013460232133,3,9,0,18,0,0,1,0,5,6,2,1,6,1,7,1998,1,5,8,1
2013460232133,4,9,0,18,0,0,0,0,5,6,1,1,6,1,8,1998,1,5,9,1
2013460232133,5,9,0,18,0,0,0,0,0,0,2,1,6,1,7,1910,2,10,-1,1
2013460232138,1,9,0,5,0,0,0,0,0,0,1,1,6,1,5,1296,1,25,2,1
2013460232144,1,9,0,17,0,0,1,0,1,4,4,1,6,1,4,1299,1,12,8,2
2013460232146,1,9,0,18,0,8,0,0,0,0,1,1,6,1,5,2720,2,6,8,1
2013460232146,2,9,0,18,0,8,0,0,0,0,2,1,6,1,6,1596,1,2,2,1
2013460232146,3,9,0,10,0,8,0,0,0,0,2,1,6,1,8,-1,-1,-1,8,1
2013460232149,1,9,0,18,0,0,0,0,0,0,1,1,3,2,6,1360,1,10,-1,-1
2013460232149,2,9,0,4,0,0,0,0,0,0,2,1,3,2,7,1461,2,2,-1,-1
2013460232150,1,9,0,18,0,1,0,0,0,0,1,1,1,1,7,1598,1,6,7,1