Accident_Index,Vehicle_Reference,Vehicle_Type,Towing_and_Articulation,Vehicle_Manoeuvre,Vehicle_Location-Restricted_Lane,Junction_Location,Skidding_and_Overturning,Hit_Object_in_Carriageway,Vehicle_Leaving_Carriageway,Hit_Object_off_Carriageway,1st_Point_of_Impact,Was_Vehicle_Left_Hand_Drive?,Journey_Purpose_of_Driver,Sex_of_Driver,Age_Band_of_Driver,Engine_Capacity_(CC),Propulsion_Code,Age_of_Vehicle,Driver_IMD_Decile,Driver_Home_Area_Type
2013460233093,1,9,0,18,0,0,1,0,0,0,1,1,6,1,4,973,1,12,7,3
2013460233093,2,9,0,2,0,0,0,0,0,0,1,1,6,1,-1,2993,2,6,7,3
2013460233094,1,9,0,5,0,6,0,0,0,0,3,1,2,1,9,-1,-1,-1,6,1
2013460233094,2,9,0,18,0,1,0,0,0,0,1,1,6,2,6,1360,1,10,3,1
2013460233096,1,20,0,17,0,8,0,0,0,0,4,1,6,3,-1,4250,2,4,-1,-1
2013460233099,1,9,0,2,0,0,0,0,0,0,3,1,6,3,-1,1399,1,6,-1,-1
2013460233099,2,1,0,18,9,0,0,0,0,0,1,1,6,1,6,-1,-1,-1,3,1
2013460233100,1,9,0,7,0,8,0,0,0,0,4,1,6,1,6,1388,1,6,5,2
2013460233105,1,9,0,18,0,1,0,0,0,0,1,1,2,1,9,-1,-1,-1,3,1
2013460233105,2,9,0,3,0,1,0,0,0,0,3,1,6,2,10,1598,1,8,7,3
2013460233105,3,9,0,3,0,1,0,0,0,0,4,1,6,2,4,1242,1,5,8,1
2013460233106,1,9,0,12,0,1,0,0,0,0,3,1,1,1,6,-1,-1,-1,8,3
2013460233106,2,9,0,12,0,1,0,0,5,6,1,1,6,1,9,2184,2,7,2,1
2013460233109,1,9,0,4,0,2,0,0,0,0,1,1,1,1,6,-1,-1,-1,8,1
2013460233109,2,10,0,4,0,2,0,0,0,0,2,1,1,1,10,2464,2,3,5,1
2013460233109,3,9,0,4,0,2,0,0,0,0,2,1,6,1,11,1560,2,3,8,3
2013460233109,4,9,0,4,0,2,0,0,0,0,2,1,6,1,8,1422,2,4,5,3
2013460233110,1,4,0,13,0,1,0,0,0,0,1,1,2,1,6,124,1,2,3,1
2013460233110,2,9,0,9,0,8,0,0,0,0,3,1,6,2,5,1299,1,8,6,1
2013460233112,1,5,0,16,0,0,1,0,0,0,4,1,6,1,6,599,1,3,7,3
2013460233113,1,9,0,17,0,0,0,0,1,0,1,1,6,2,9,1997,1,1,5,3
2013460233113,2,9,0,16,0,0,0,0,2,10,1,1,6,2,7,1242,1,13,5,2
2013460233114,1,9,0,18,0,0,1,0,4,6,2,1,1,1,10,1229,1,5,2,1
2013460233116,1,9,0,18,0,1,0,0,0,0,1,1,6,1,8,1798,1,12,2,3
2013460233116,2,9,0,4,0,1,0,0,0,0,2,1,6,1,8,1388,1,2,2,1
2013460233116,3,9,0,3,0,1,0,0,0,0,2,1,6,1,9,1399,2,9,6,1
2013460233117,1,9,0,15,7,0,0,4,1,7,1,1,6,1,4,1596,1,13,6,2
2013460233117,2,21,0,18,0,0,0,0,0,0,0,1,6,3,-1,-1,-1,-1,-1,-1
2013460233117,3,21,1,2,6,0,0,0,0,0,2,1,6,1,8,15607,2,6,4,1
2013460233118,1,9,0,9,0,6,0,0,0,0,2,1,6,2,9,1596,1,-1,9,2
2013460233118,2,9,0,18,0,1,0,0,0,0,1,1,6,1,5,1595,1,14,3,1
2013460233119,1,9,0,4,0,1,0,0,0,0,1,1,6,1,6,-1,-1,-1,-1,-1
2013460233119,2,9,0,4,0,1,0,0,0,0,2,1,6,1,5,1388,1,8,10,1
2013460233122,1,9,0,18,0,0,0,0,0,0,1,1,6,3,-1,-1,-1,-1,-1,-1
2013460233124,1,-1,0,18,0,0,0,0,0,0,4,1,6,3,-1,-1,-1,-1,-1,-1
2013460233126,1,1,0,18,0,0,0,0,0,0,0,1,6,1,7,-1,-1,-1,8,1
2013460233127,1,9,0,9,0,0,0,0,7,10,1,1,6,1,10,1598,1,-1,5,1
2013460233130,1,19,0,4,0,1,0,0,0,0,1,1,1,1,8,3920,2,6,7,3
2013460233130,2,9,0,10,0,1,0,0,0,0,2,1,6,2,8,1248,2,3,-1,-1
2013460233133,1,9,0,17,0,0,2,0,1,9,2,1,6,1,4,899,1,13,8,1
2013460233134,1,9,0,8,0,1,0,0,0,0,2,1,6,2,5,1299,1,8,3,1
2013460233134,2,9,0,8,0,1,0,0,0,0,1,1,6,2,9,-1,-1,-1,2,1
2013460233136,1,9,0,18,0,0,0,0,1,2,1,1,6,2,4,1149,1,13,8,1
2013460233137,1,9,0,18,0,1,0,0,0,0,4,1,6,1,6,-1,-1,-1,1,1
2013460233138,1,9,0,18,0,8,0,0,0,0,3,1,6,3,-1,1596,1,15,-1,-1
2013460233138,2,9,0,18,0,8,0,0,0,0,1,1,1,1,8,1968,2,3,4,1
2013460233141,1,9,0,18,0,0,0,0,0,0,1,1,6,1,5,1149,1,9,9,2
2013460233141,2,9,0,18,0,0,0,0,0,0,1,1,6,2,7,1108,1,3,10,2
2013460233142,1,11,0,18,0,0,0,0,0,0,4,1,1,3,-1,-1,-1,-1,-1,-1
2013460233144,1,9,0,5,0,8,0,0,1,10,4,1,6,1,10,1598,1,6,3,1
2013460233144,2,9,0,18,0,8,0,0,0,0,1,1,6,2,5,1388,1,15,3,1
2013460233145,1,9,0,18,0,1,0,0,0,0,1,1,2,1,6,-1,-1,-1,10,2
2013460233145,2,9,0,4,0,1,0,0,0,0,2,1,3,1,7,1998,1,8,7,3
2013460233145,3,9,0,18,0,1,0,0,0,0,1,1,6,2,8,1242,1,12,3,1
2013460233150,1,9,0,9,0,0,0,0,0,0,4,1,6,2,11,1328,1,9,-1,-1
2013460233150,2,9,0,18,0,0,0,0,0,0,1,1,6,2,6,1198,1,9,1,1
2013460233151,1,21,1,12,0,0,0,0,0,0,3,2,1,1,7,-1,-1,-1,-1,-1
2013460233151,2,9,0,18,0,0,0,0,5,6,4,1,2,1,9,2171,1,11,7,1
2013460233152,1,9,0,18,0,0,0,0,4,6,2,1,6,3,-1,1796,1,6,-1,-1
2013460233152,2,9,0,18,0,0,1,0,4,6,2,1,6,2,8,1461,2,7,8,2
2013460233152,3,20,0,18,0,0,0,0,0,0,1,1,6,1,9,-1,-1,-1,9,2
2013460233153,1,9,0,18,0,1,0,0,0,0,1,1,6,1,8,2499,2,14,8,3
2013460233153,2,9,0,3,0,1,0,0,0,0,2,1,6,1,9,1598,1,9,10,2
2013460233153,3,9,0,10,0,1,0,0,0,0,3,1,6,1,10,1998,1,7,5,2
2013460233155,1,9,0,18,0,0,0,0,5,6,1,1,6,1,6,2987,2,4,10,1
2013460233158,1,9,0,18,0,5,0,0,0,0,0,1,6,2,7,1989,1,13,5,1
2013460233158,2,9,0,1,0,1,0,0,0,0,2,1,6,2,6,1589,1,14,2,1
2013460233158,3,9,0,2,0,2,0,0,0,0,3,1,6,3,-1,-1,-1,-1,-1,-1
2013460233165,1,9,0,18,0,8,0,0,0,0,1,1,6,2,7,1999,1,7,9,1
2013460233165,2,9,0,18,0,8,0,0,0,0,2,1,6,2,7,1796,1,5,6,1
2013460233167,1,9,0,18,0,1,0,0,0,0,1,1,2,1,5,1998,2,9,4,1
2013460233167,2,9,0,10,0,1,0,0,0,0,2,1,2,1,7,1598,1,4,9,1
2013460233169,1,9,0,4,0,1,0,0,0,0,1,1,6,1,5,1973,1,12,4,1
2013460233169,2,19,0,4,0,1,0,0,0,0,2,1,1,1,6,1753,2,2,6,1
2013460233171,1,9,0,4,0,0,0,0,0,0,1,1,2,1,5,1390,1,13,4,3
2013460233171,2,19,0,4,0,0,0,0,0,0,2,1,1,1,7,1870,2,7,8,1
2013460233176,1,9,0,12,0,0,0,0,4,6,3,1,6,1,10,1229,1,1,10,1
2013460233176,2,9,0,18,0,0,0,0,0,0,4,1,6,2,7,1900,2,15,7,1
2013460233177,1,9,0,5,0,6,0,0,0,0,0,1,6,1,6,1596,1,11,-1,-1
2013460233178,1,9,0,4,0,0,0,0,0,0,1,1,6,1,5,1686,2,-1,2,1
2013460233178,2,9,0,4,0,0,0,0,0,0,2,1,6,1,7,1591,1,-1,9,1
2013460233178,3,9,0,4,0,0,0,0,0,0,2,1,6,2,7,1390,1,4,5,1
2013460233179,1,9,0,1,0,0,0,0,0,0,2,1,6,3,-1,998,1,12,2,1
2013460233180,1,5,0,12,0,8,1,0,5,6,1,1,2,1,8,1165,1,10,2,1
2013460233184,1,9,0,14,0,0,1,4,0,0,1,1,3,2,6,1598,1,11,6,1
2013460233184,2,9,0,2,0,0,0,0,0,0,2,1,6,2,6,1329,1,-1,4,1
2013460233184,3,9,0,18,0,0,0,0,7,0,1,1,1,2,6,1339,1,5,5,1
2013460233185,1,9,0,4,0,4,0,0,0,0,1,1,6,2,10,1587,1,6,6,1
2013460233185,2,1,0,17,0,8,0,0,0,0,1,1,6,1,7,-1,-1,-1,8,1
2013460233186,1,9,0,16,0,0,0,0,7,9,1,1,6,1,10,1998,1,11,4,1
2013460233187,1,1,0,9,0,1,0,0,0,0,1,1,6,2,11,-1,-1,-1,-1,-1
2013460233187,2,9,0,4,0,8,0,0,0,0,1,1,6,2,7,1796,1,9,10,1
2013460233192,1,9,0,18,0,0,1,0,7,6,2,1,6,2,4,1360,1,12,6,1
2013460233192,2,9,0,4,0,0,0,0,0,0,2,1,2,1,8,1986,2,8,6,1
2013460233192,3,9,0,4,0,0,0,4,0,0,1,1,6,2,4,1199,1,12,6,2
2013460233193,1,19,0,9,0,6,0,0,0,0,3,1,1,2,8,1753,2,5,8,3
2013460233193,2,9,0,18,0,1,1,0,7,0,4,1,2,2,8,1587,1,10,8,3
2013460233194,1,9,0,18,0,1,1,0,0,0,1,1,2,1,10,2231,2,7,6,1
2013460233194,2,9,0,18,0,1,0,0,0,0,2,1,1,1,7,-1,-1,-1,5,1
2013460233202,1,9,0,9,0,4,0,0,0,0,3,1,2,1,8,-1,-1,-1,8,2
2013460233202,2,1,0,18,0,8,0,0,0,0,1,1,2,1,8,-1,-1,-1,-1,-1
2013460233207,1,4,0,18,0,0,1,0,0,0,4,1,6,1,-1,-1,-1,-1,-1,-1
2013460233207,2,20,0,5,0,0,0,0,0,0,0,1,1,1,8,6692,2,2,8,1
2013460233208,1,9,0,17,0,0,1,10,7,4,4,1,6,1,4,1598,1,5,-1,-1
2013460233209,1,9,0,9,0,6,0,0,0,0,3,1,6,2,11,1240,1,4,6,1
2013460233209,2,9,0,18,0,1,0,0,0,0,1,1,1,1,7,2993,2,4,8,1
2013460233209,3,9,0,2,9,2,0,0,0,0,3,1,6,1,6,-1,-1,-1,10,1
2013460233210,1,9,0,18,0,0,0,0,0,0,1,1,6,1,6,1598,1,11,-1,-1
2013460233210,2,9,0,18,0,0,0,0,0,0,2,1,6,1,9,1392,1,15,-1,-1
2013460233211,1,9,0,9,0,1,0,0,0,0,1,1,6,1,6,1390,1,13,4,1
2013460233211,2,9,0,18,0,1,0,0,1,10,3,1,6,1,7,1994,2,11,6,1
2013460233213,1,9,0,5,0,2,0,0,0,0,3,1,2,2,5,1242,1,4,-1,-1
2013460233213,2,9,0,18,0,1,0,0,0,0,1,1,6,2,6,1242,1,3,-1,-1
2013460233218,1,9,0,5,0,4,0,0,0,0,1,1,6,1,7,1560,2,7,-1,-1
2013460233218,2,1,0,18,0,8,0,0,0,0,4,1,6,1,8,-1,-1,-1,-1,-1
2013460233222,1,9,0,12,0,2,1,0,7,0,2,1,6,2,7,1135,1,9,5,1
2013460233222,2,9,0,5,0,2,0,0,0,0,1,1,6,2,9,1086,1,8,7,1
2013460233223,1,4,0,13,0,1,1,0,0,0,1,1,6,1,4,499,1,17,4,2
2013460233223,2,9,0,10,0,8,0,0,0,0,3,1,6,1,7,1988,1,11,6,3
2013460233229,1,9,0,18,0,0,0,0,0,0,1,1,6,1,7,-1,-1,-1,-1,-1
2013460233229,2,9,0,3,0,0,0,0,0,0,2,1,6,1,7,-1,-1,-1,-1,-1
2013460233230,1,9,0,7,0,6,0,0,0,0,3,1,6,2,9,1328,1,12,5,1
2013460233230,2,5,0,18,0,1,1,0,1,0,1,1,1,1,8,1261,1,11,6,2
2013460233230,3,9,0,18,0,1,0,0,0,0,1,1,6,2,10,1398,1,10,8,1
2013460233232,1,9,0,17,0,0,1,0,8,4,3,1,6,2,9,1999,1,7,7,3
2013460233233,1,9,0,16,0,8,1,0,1,10,3,1,2,2,6,1997,1,14,6,1
2013460233235,1,9,0,17,0,0,0,0,0,0,1,1,2,1,8,1299,1,7,8,3
2013460233235,2,9,0,16,0,0,0,0,0,0,1,1,1,1,6,-1,-1,-1,4,1
2013460233237,1,9,0,18,0,0,1,0,0,0,3,1,1,1,6,-1,-1,-1,-1,-1
2013460233237,2,21,0,3,0,0,0,0,0,0,1,1,1,1,5,7790,2,6,7,3
2013460233240,1,9,0,12,0,1,0,0,6,6,1,1,2,2,5,1398,1,1,5,3
2013460233240,2,9,0,18,0,1,0,0,6,6,4,1,2,1,6,1997,2,9,5,1
2013460233247,1,9,0,18,0,0,0,0,0,0,4,1,1,2,9,1300,1,14,7,3
2013460233255,1,9,0,18,0,0,0,0,0,0,1,1,6,3,-1,1595,1,16,-1,-1
2013460233255,2,1,0,18,0,0,0,0,0,0,1,1,6,1,2,-1,-1,-1,10,1
2013460233256,1,9,0,9,0,8,0,0,0,0,1,1,2,1,8,-1,-1,-1,10,1
2013460233256,2,1,0,18,0,1,0,0,0,0,1,1,6,1,6,-1,-1,-1,9,1
2013460233257,1,9,0,18,0,2,0,0,0,0,1,1,3,2,7,1998,2,8,8,1
2013460233259,1,9,0,9,0,6,0,0,0,0,1,1,3,2,10,1389,1,9,2,1
2013460233261,1,9,0,18,0,2,0,0,0,0,1,1,1,1,8,998,1,1,6,1
2013460233261,2,9,0,18,0,2,0,0,1,0,3,1,1,1,8,-1,-1,-1,6,3
2013460233262,1,9,0,9,0,1,0,0,0,0,4,1,6,1,6,1984,1,7,5,3
2013460233262,2,9,0,18,0,8,0,0,0,0,3,1,6,2,5,1360,1,7,8,1
2013460233265,1,9,0,9,0,8,0,0,0,0,3,1,1,1,7,-1,-1,-1,-1,-1
2013460233266,1,9,0,14,0,1,0,0,0,0,1,1,6,1,-1,2435,1,7,4,1
2013460233266,2,9,0,9,0,5,0,0,0,0,3,1,6,2,7,1589,1,14,5,1
2013460233269,1,5,0,13,0,0,1,0,1,0,0,1,2,2,6,599,1,8,9,1
2013460233270,1,9,0,17,0,1,0,0,0,0,3,1,6,1,8,1498,1,7,-1,-1
2013460233271,1,9,0,18,0,0,0,0,0,0,4,1,6,1,9,1753,2,10,4,1
2013460233271,2,1,0,14,0,0,0,0,0,0,3,1,4,1,4,-1,-1,-1,5,1
2013460233280,1,9,0,18,0,1,0,0,0,0,4,1,6,3,-1,1595,1,3,-1,-1
2013460233281,1,9,0,5,0,7,0,0,0,0,1,1,1,2,6,1149,1,3,1,1
2013460233281,2,19,0,18,0,8,1,0,1,9,3,1,1,1,6,1461,2,1,8,1
2013460233284,1,1,0,18,0,0,0,0,0,0,1,1,6,1,4,-1,-1,-1,9,3
2013460233284,2,9,0,18,0,0,0,0,0,0,3,1,6,1,7,1598,1,4,8,1
2013460233288,1,9,0,18,0,0,0,0,0,0,0,1,1,1,7,-1,-1,-1,-1,-1
2013460233292,1,9,0,18,0,1,0,0,0,0,1,1,6,3,-1,-1,-1,-1,-1,-1
2013460233292,2,9,0,10,0,1,0,0,0,0,2,1,6,2,8,1596,1,12,6,1
2013460233297,1,9,0,18,0,0,0,0,0,0,1,1,6,3,-1,-1,-1,-1,-1,-1
2013460233297,2,9,0,4,0,0,0,0,0,0,2,1,6,1,8,1149,1,1,10,1
2013460233297,3,9,0,10,0,0,0,0,0,0,2,1,6,1,7,-1,-1,-1,-1,-1
2013460233300,1,11,0,18,0,0,0,4,0,0,1,1,1,1,7,9000,2,10,8,2
2013460233300,2,19,0,2,0,0,0,0,0,0,3,1,1,3,-1,2402,2,9,-1,-1
2013460233302,1,11,0,14,0,0,0,0,0,0,0,1,6,1,-1,5900,2,7,-1,-1
2013460233302,2,2,0,16,0,0,1,0,2,7,1,1,6,1,4,50,1,7,-1,-1
2013460233304,1,20,0,18,0,0,1,0,0,0,1,1,1,1,6,-1,-1,-1,9,1
2013460233304,2,9,0,18,0,0,0,0,0,0,1,1,6,1,6,1397,1,9,-1,-1
2013460233305,1,9,0,4,0,0,5,7,1,7,4,1,2,1,7,1364,1,6,9,1
2013460233306,1,9,0,18,0,1,2,7,7,10,1,1,6,1,5,1149,1,11,3,1
2013460233306,2,9,0,2,0,2,0,0,0,0,2,1,6,1,9,1997,1,17,4,1
2013460233306,3,9,0,2,0,2,0,0,0,0,2,1,6,2,6,1199,1,12,4,1
2013460233306,4,9,0,2,0,1,0,0,0,0,4,1,6,2,6,-1,-1,-1,5,1
2013460233307,1,9,0,18,0,0,0,0,1,3,3,1,1,2,4,1299,1,9,4,1
2013460233307,2,9,0,18,0,0,0,0,0,0,0,1,6,3,-1,-1,-1,-1,-1,-1
2013460233308,1,9,0,18,0,0,1,0,1,5,4,1,6,1,4,3199,1,14,1,1
2013460233308,2,9,0,18,0,0,0,0,0,0,1,1,1,1,7,1968,2,2,9,1
2013460233309,1,9,0,18,0,6,0,0,3,2,1,1,6,1,4,1597,1,4,6,1
2013460233310,1,9,0,18,0,0,2,10,2,2,1,1,6,1,5,1242,1,15,9,1
2013460233312,1,21,0,5,0,1,0,0,0,0,1,1,1,1,7,10518,2,6,9,1
2013460233319,1,9,0,18,0,0,0,0,0,0,1,1,6,2,5,1984,1,10,1,1
2013460233319,2,9,0,4,0,0,0,0,0,0,2,1,2,2,5,-1,-1,-1,3,1
2013460233321,1,9,0,18,0,0,0,0,0,0,3,1,6,1,7,1599,1,14,6,1
2013460233321,2,9,0,18,0,0,0,0,0,0,3,1,6,2,6,1998,1,14,2,1
2013460233322,1,9,0,9,0,0,0,0,0,0,1,1,1,2,8,1997,2,3,4,1
2013460233322,2,9,0,4,0,0,0,0,0,0,2,1,6,1,4,-1,-1,-1,7,1
2013460233323,1,19,0,18,0,8,0,0,0,0,1,1,6,1,6,2402,2,6,4,1
2013460233323,2,9,0,18,0,8,0,0,0,0,4,1,6,1,11,1995,2,9,5,3
2013460233324,1,9,0,17,0,0,1,0,0,0,1,1,6,1,5,1995,1,3,9,2
2013460233324,2,9,0,16,0,0,0,0,0,0,3,1,6,1,10,-1,-1,-1,4,3
2013460233325,1,5,0,18,0,1,1,0,0,0,1,1,6,1,-1,-1,-1,-1,-1,-1
2013460233325,2,9,0,9,0,2,0,0,0,0,3,1,6,1,6,1995,2,8,8,1
2013460233326,1,9,0,9,0,6,0,0,0,0,3,1,2,1,10,1753,2,9,6,3
2013460233326,2,9,0,16,0,8,1,0,0,0,1,1,2,1,7,1896,2,19,6,1
2013460233331,1,9,0,18,0,0,0,0,1,1,1,1,6,1,5,1390,1,7,10,1
2013460233331,2,9,0,18,0,0,0,0,0,0,2,1,6,1,8,1598,2,-1,10,2
2013460233340,1,9,0,9,0,8,0,0,3,0,4,1,6,1,11,1124,1,11,9,2
2013460233340,2,9,0,18,0,1,0,0,1,0,1,1,6,1,7,1995,2,1,8,2
2013460233344,1,9,0,18,0,1,0,0,0,0,1,1,1,2,9,1598,1,2,5,1
2013460233344,2,5,0,18,0,1,0,0,0,0,1,1,1,1,-1,1199,1,2,8,1
2013460233345,1,9,0,5,0,6,0,0,1,2,2,1,2,2,7,1124,1,8,7,2
2013460233345,2,9,0,18,0,6,0,0,6,0,1,1,2,1,5,1242,1,5,10,2
2013460233348,1,9,0,18,0,1,0,4,7,10,1,1,1,1,8,1998,1,17,4,1
2013460233348,2,9,0,9,0,8,0,0,0,0,3,1,6,1,4,1398,2,1,9,1
2013460233348,3,9,0,2,0,2,0,0,0,0,2,1,6,2,-1,1388,1,9,5,1
2013460233348,4,9,0,2,0,1,0,0,0,0,1,1,6,1,-1,996,1,4,5,1
2013460233349,1,3,0,13,0,1,0,0,1,10,4,1,2,1,9,937,1,16,8,2
2013460233349,2,8,0,9,0,5,0,0,0,0,3,1,1,1,8,1896,2,11,8,2
2013460233350,1,4,0,4,0,0,1,0,0,0,1,1,2,1,6,124,1,1,3,1
2013460233350,2,9,0,4,0,0,0,0,0,0,2,1,6,2,8,1798,1,8,7,3
2013460233351,1,9,0,18,0,3,5,10,0,0,1,1,6,1,8,1598,1,10,9,1
2013460233354,1,19,0,13,0,0,0,0,0,0,4,1,6,3,-1,-1,-1,-1,-1,-1
2013460233354,2,3,0,18,0,0,1,0,0,0,3,1,2,2,6,-1,-1,-1,7,3
2013460233355,1,9,0,17,0,0,2,0,8,4,3,1,6,2,6,1360,1,9,2,3
2013460233356,1,9,0,18,0,0,1,0,4,0,1,1,6,1,5,2967,1,12,5,3
2013460233356,2,21,0,12,0,0,0,0,0,0,2,1,1,1,8,11967,2,4,7,1
2013460233362,1,9,0,18,0,0,0,0,2,4,1,1,6,2,4,1360,1,8,10,1
2013460233365,1,9,0,18,0,6,0,0,1,0,4,1,6,1,7,1910,2,2,6,3
2013460233365,2,9,0,18,0,1,0,0,0,0,1,1,6,1,4,998,1,15,2,1
2013460233369,1,9,0,18,0,1,0,4,7,10,4,1,6,2,11,1390,1,12,9,1
2013460233369,2,9,0,2,6,1,0,0,0,0,3,1,6,1,8,-1,-1,-1,8,3
2013460233370,1,9,0,18,0,1,0,0,0,0,1,1,6,2,7,1360,1,5,8,1
2013460233370,2,9,0,3,0,1,0,0,0,0,2,1,6,1,5,2488,2,6,3,1
2013460233375,1,9,0,18,0,0,0,0,0,0,1,1,6,2,8,995,1,10,4,1
2013460233375,2,9,0,18,0,0,0,0,0,0,1,1,6,1,6,1998,1,13,-1,-1
2013460233377,1,9,0,18,0,1,0,0,0,0,1,1,6,1,11,1598,1,8,8,1
2013460233377,2,9,0,18,0,1,0,0,0,0,2,1,6,2,7,1398,1,2,8,2
2013460233377,3,9,0,18,0,1,0,0,0,0,2,1,6,2,7,1995,1,-1,8,2
2013460233380,1,9,0,18,0,0,0,0,0,0,1,1,6,2,4,1598,2,1,8,3
2013460233381,1,9,0,18,0,8,0,0,0,0,1,1,6,3,-1,-1,-1,-1,-1,-1
2013460233381,2,3,0,18,0,8,0,0,0,0,2,1,6,1,9,125,1,4,6,1
2013460233384,1,19,0,17,0,0,0,6,7,0,1,1,6,1,8,2402,2,7,7,3
2013460233386,1,1,0,18,0,0,0,0,0,0,4,1,6,1,6,-1,-1,-1,8,1
2013460233387,1,1,0,18,0,4,1,0,0,0,1,1,6,1,7,-1,-1,-1,5,1
2013460233387,2,19,0,9,0,4,1,0,0,0,1,1,1,1,7,1998,2,9,9,1
2013460233397,1,90,0,18,0,8,5,0,0,0,3,1,6,1,9,-1,-1,-1,2,1
2013460233398,1,3,0,18,0,1,1,0,0,0,3,1,6,1,5,124,1,-1,8,1
2013460233403,1,9,0,18,0,1,0,0,0,0,3,1,6,1,-1,-1,-1,-1,-1,-1
2013460233405,1,9,0,15,0,0,5,4,0,0,4,1,2,2,8,1399,1,9,8,1
2013460233405,2,9,0,2,0,0,0,4,0,0,3,1,6,2,5,1397,1,5,10,1
2013460233405,3,9,0,2,0,0,0,0,0,0,2,1,6,1,5,1339,1,10,7,3
2013460233405,4,19,0,2,0,0,0,0,0,0,2,1,6,1,5,1995,2,6,9,1
2013460233409,1,8,0,18,0,0,0,0,0,0,1,1,6,1,7,1997,2,13,1,1
2013460233410,1,9,0,18,0,0,0,0,0,0,1,1,6,1,5,1596,1,12,3,1
2013460233410,2,9,0,18,0,0,0,0,0,0,1,1,6,1,6,-1,-1,-1,10,1
2013460233412,1,9,0,18,0,4,1,0,1,9,4,1,6,1,4,1461,2,11,2,3
2013460233417,1,9,0,18,0,0,0,0,0,0,3,1,6,1,-1,1389,1,17,3,1
2013460233420,1,9,0,18,0,0,0,10,0,0,3,1,6,1,8,2893,1,4,-1,-1
2013460233420,2,9,0,18,0,0,0,10,1,4,3,1,6,1,6,1586,1,3,3,1
2013460233421,1,9,0,9,0,5,0,4,0,0,1,1,6,1,11,2383,2,-1,2,1
2013460233421,2,9,0,18,0,8,0,0,0,0,1,1,6,2,8,1299,1,9,10,2
2013460233421,3,9,0,2,0,1,0,0,0,0,2,1,6,2,6,1968,2,9,9,2
2013460233422,1,9,0,9,0,0,5,0,0,0,4,1,1,1,9,1390,1,14,8,3
2013460233422,2,9,0,18,0,0,0,0,0,0,1,1,1,2,8,1984,1,1,8,3
2013460233423,1,9,0,9,0,1,0,0,0,0,4,1,6,1,8,1973,1,12,8,1
2013460233423,2,9,0,18,0,8,0,0,0,0,1,1,6,1,6,1242,1,9,6,1
2013460233430,1,9,0,18,0,8,0,0,0,0,1,1,6,1,5,1970,1,16,3,1
2013460233433,1,9,0,18,0,0,0,0,4,6,4,1,6,2,7,2996,1,7,-1,-1
2013460233434,1,9,0,4,0,0,0,0,0,0,1,1,6,2,10,2171,7,11,6,3
2013460233434,2,9,0,4,0,0,0,0,0,0,2,1,6,1,8,2402,2,6,9,1
2013460233436,1,21,0,12,0,0,0,0,0,0,3,2,1,1,8,-1,-1,-1,-1,-1
2013460233436,2,9,0,18,0,0,1,0,4,6,4,1,6,2,6,2495,2,10,10,2
2013460233440,1,9,0,18,0,8,0,7,0,0,1,1,6,1,-1,-1,-1,-1,-1,-1
2013460233440,2,2,0,18,0,8,1,0,0,0,1,1,6,1,4,49,1,2,3,1
2013460233441,1,9,0,16,0,0,1,0,1,10,1,1,6,2,4,998,1,5,7,2
2013460233441,2,9,0,17,0,0,0,0,0,0,1,1,6,2,9,2171,1,12,7,3
2013460233442,1,2,0,18,0,0,1,0,0,0,0,1,6,2,4,-1,-1,-1,-1,-1
2013460233442,2,9,0,4,0,0,0,0,0,0,0,1,6,3,-1,-1,-1,-1,-1,-1
2013460233443,1,20,1,18,0,0,1,0,0,0,1,1,1,1,8,-1,-1,-1,-1,-1
2013460233443,2,9,0,18,0,0,0,0,1,9,1,1,6,2,6,1368,1,3,-1,-1
2013460233446,1,1,0,18,0,0,0,4,0,0,1,1,6,1,6,-1,-1,-1,1,1
2013460233446,2,9,0,2,0,0,0,0,0,0,2,1,6,1,-1,2521,1,6,2,1
2013460233447,1,9,0,9,0,6,0,0,0,0,3,1,6,1,7,2171,1,11,5,1
2013460233447,2,9,0,18,0,1,0,0,0,0,1,1,6,1,6,-1,-1,-1,4,1
2013460233447,3,9,0,2,0,1,0,0,0,0,3,1,6,3,-1,1997,1,18,-1,-1
2013460233452,1,9,0,5,0,4,0,0,0,0,3,1,6,1,9,-1,-1,-1,7,1
2013460233452,2,1,0,18,0,8,0,0,0,0,4,1,6,1,8,-1,-1,-1,4,1
2013460233461,1,11,0,18,0,5,1,0,0,0,1,1,1,1,6,12000,2,8,7,1
2013460233461,2,9,0,18,0,5,0,0,0,0,1,1,6,3,-1,-1,-1,-1,-1,-1
2013460233465,1,9,0,18,0,0,0,0,0,0,1,1,6,2,6,1461,2,1,8,1
2013460233465,2,19,0,4,0,0,0,0,0,0,2,1,6,1,7,-1,-1,-1,8,1
2013460233465,3,9,0,4,0,0,0,0,0,0,2,1,6,1,8,1398,2,4,7,1
2013460233465,4,9,0,4,0,0,0,0,0,0,2,1,6,1,6,1984,1,6,5,3
2013460233467,1,9,0,18,0,0,0,0,0,0,4,1,6,1,11,1229,1,3,7,3