Accident_Index,Vehicle_Reference,Vehicle_Type,Towing_and_Articulation,Vehicle_Manoeuvre,Vehicle_Location-Restricted_Lane,Junction_Location,Skidding_and_Overturning,Hit_Object_in_Carriageway,Vehicle_Leaving_Carriageway,Hit_Object_off_Carriageway,1st_Point_of_Impact,Was_Vehicle_Left_Hand_Drive?,Journey_Purpose_of_Driver,Sex_of_Driver,Age_Band_of_Driver,Engine_Capacity_(CC),Propulsion_Code,Age_of_Vehicle,Driver_IMD_Decile,Driver_Home_Area_Type
2013460233931,2,1,0,17,0,0,1,0,0,0,0,1,6,1,6,-1,-1,-1,2,1
2013460233931,3,1,0,17,0,0,1,0,0,0,0,1,6,1,6,-1,-1,-1,3,1
2013460233931,4,1,0,17,0,0,1,0,0,0,0,1,6,1,7,-1,-1,-1,3,1
2013460233934,1,9,0,17,0,1,1,0,1,5,1,1,6,1,4,998,1,12,8,1
2013460233942,1,9,0,18,0,0,0,0,0,0,1,1,6,2,10,1497,8,12,4,1
2013460233942,2,9,0,18,0,0,0,0,0,0,2,1,6,1,9,-1,-1,-1,10,1
2013460233947,1,9,0,16,0,0,0,0,1,10,1,1,6,2,11,998,1,8,4,2
2013460233952,1,19,0,9,0,8,0,0,0,0,4,1,1,1,7,2402,2,13,3,1
2013460233952,2,5,0,18,0,1,1,0,0,0,1,1,2,1,7,600,1,15,6,1
2013460233958,1,9,0,18,0,8,0,0,0,0,1,1,2,2,5,1299,1,15,-1,-1
2013460233958,2,9,0,4,0,8,0,0,0,0,2,1,6,2,10,998,1,7,3,1
2013460233959,1,9,0,18,0,4,0,0,0,0,1,1,6,1,10,796,1,14,6,1
2013460233959,2,9,0,7,0,3,0,0,0,0,4,1,1,2,4,995,1,5,4,1
2013460233961,1,9,0,3,0,0,0,0,0,0,1,1,6,1,5,2495,2,15,9,3
2013460233961,2,9,0,18,0,0,0,0,0,0,2,1,6,1,5,2993,2,1,6,1
2013460233963,1,9,0,18,0,0,0,0,0,0,3,1,6,2,4,-1,-1,-1,-1,-1
2013460233964,1,9,0,18,0,0,0,4,0,0,1,1,6,1,5,1598,2,2,4,1
2013460233964,2,9,0,2,0,0,0,0,0,0,4,1,6,2,-1,1984,1,6,4,1
2013460233964,3,9,0,2,0,0,0,0,0,0,4,1,6,3,-1,1956,2,3,9,3
2013460233964,4,9,0,2,0,0,0,0,0,0,1,1,6,3,-1,1995,2,9,3,1
2013460233965,1,9,0,4,0,8,1,0,0,0,1,1,1,2,7,1360,1,10,3,1
2013460233965,2,9,0,4,0,8,0,0,0,0,2,1,1,1,7,2401,2,8,3,1
2013460233966,1,9,0,18,0,8,0,0,0,0,3,1,6,2,6,1299,1,11,3,1
2013460233966,2,9,0,18,0,8,0,0,0,0,3,1,6,1,11,2400,2,4,9,3
2013460233969,1,9,0,18,0,0,5,0,8,0,1,1,6,1,6,1998,1,6,6,3
2013460233970,1,9,0,18,0,0,1,0,4,0,3,1,2,2,7,1388,1,3,6,3
2013460233970,2,9,0,18,7,0,1,10,1,0,4,1,2,1,7,1999,1,6,4,1
2013460233970,3,9,0,18,0,0,0,0,0,0,3,1,6,1,9,-1,-1,-1,3,1
2013460233971,1,9,0,5,0,0,0,0,0,0,4,1,6,2,6,1596,1,11,-1,-1
2013460233971,2,3,0,18,0,0,0,0,0,0,1,1,6,1,4,124,1,12,1,1
2013460233972,1,9,0,18,0,0,0,0,0,0,1,1,6,2,10,1991,2,5,10,1
2013460233972,2,9,0,18,0,0,0,0,0,0,2,1,6,1,10,1796,1,12,3,1
2013460233972,3,19,0,18,0,0,0,0,0,0,2,1,6,1,7,2500,2,3,6,3
2013460233974,1,9,0,9,0,8,0,0,0,0,4,1,6,1,5,1997,2,2,-1,-1
2013460233974,2,1,0,18,0,1,0,0,0,0,1,1,6,2,9,-1,-1,-1,9,1
2013460233975,1,9,0,8,0,1,0,0,0,0,1,1,6,1,5,1497,8,5,5,1
2013460233975,2,9,0,8,0,1,0,0,0,0,2,1,6,2,6,1399,2,4,4,1
2013460233977,1,9,0,9,0,8,0,0,0,0,1,1,6,2,6,1956,2,2,10,1
2013460233977,2,9,0,18,0,8,0,0,0,0,3,1,6,1,8,995,1,3,2,1
2013460233980,1,9,0,18,0,0,1,0,1,0,4,1,1,1,7,-1,-1,-1,9,1
2013460233981,1,9,0,18,0,1,0,0,7,7,3,1,6,2,8,1598,1,8,9,1
2013460233984,1,4,0,18,0,1,2,0,0,0,0,1,6,1,9,400,1,3,1,1
2013460233984,2,9,0,7,0,6,2,0,0,0,0,1,6,3,-1,-1,-1,-1,-1,-1
2013460233985,1,9,0,5,0,0,0,0,0,0,3,1,6,2,7,-1,-1,-1,8,1
2013460233985,2,9,0,18,0,0,0,0,0,0,1,1,6,1,8,1769,1,9,4,1
2013460233985,3,9,0,2,0,0,0,0,0,0,3,1,6,1,8,1997,2,9,3,1
2013460233986,1,9,0,18,0,2,1,0,0,0,1,1,6,2,5,1242,1,14,3,1
2013460233986,2,19,0,18,0,1,0,0,0,0,1,1,6,1,6,2400,2,11,4,3
2013460233988,1,9,0,9,0,1,0,0,0,0,3,1,1,2,4,1242,1,11,3,2
2013460233988,2,9,0,18,0,1,0,0,0,0,1,1,1,1,4,1299,1,10,9,1
2013460233989,1,9,0,18,0,0,0,0,0,0,4,1,3,2,6,1910,2,13,6,3
2013460233990,1,9,0,18,0,8,0,0,0,0,3,1,6,2,4,1896,2,7,8,3
2013460233990,2,9,0,17,0,1,0,0,0,0,1,1,6,2,5,1896,2,8,3,1
2013460233991,1,9,0,5,0,1,0,0,0,0,1,1,6,2,8,1975,1,11,4,1
2013460233992,1,9,0,18,0,8,0,0,0,0,1,1,6,1,-1,-1,-1,-1,-1,-1
2013460233992,2,9,0,18,0,8,0,0,0,0,3,1,6,1,-1,999,1,13,8,3
2013460233994,1,9,0,11,0,7,0,7,1,2,1,1,6,1,7,1798,1,8,4,1
2013460233996,1,2,0,7,0,8,1,0,0,0,0,1,6,1,6,-1,-1,-1,3,1
2013460233999,1,9,0,18,0,0,0,0,0,0,1,1,2,1,8,1390,1,10,10,1
2013460234000,1,2,0,18,0,0,1,0,0,0,0,1,2,1,4,49,1,6,7,1
2013460234004,1,9,0,18,0,1,0,0,0,0,1,1,6,1,10,2993,2,2,5,1
2013460234004,2,11,0,9,0,6,0,0,0,0,3,1,1,1,8,4461,2,-1,5,1
2013460234007,1,9,0,18,0,0,0,0,0,0,1,1,6,1,6,1299,1,12,7,1
2013460234007,2,9,0,3,0,0,0,0,0,0,2,1,6,1,7,1461,2,2,4,1
2013460234009,1,9,0,11,0,1,1,0,0,0,1,1,6,1,5,1299,1,13,3,1
2013460234009,2,9,0,4,0,1,0,0,0,0,2,1,6,2,5,1229,1,6,7,1
2013460234009,3,9,0,4,0,1,0,0,0,0,4,1,6,2,6,1339,8,3,8,1
2013460234011,1,9,0,18,0,0,0,0,0,0,0,1,1,3,-1,-1,-1,-1,-1,-1
2013460234011,2,9,0,18,0,0,1,0,0,0,2,1,6,2,7,1587,1,14,7,1
2013460234011,3,9,0,18,0,0,1,0,0,0,1,1,6,2,6,1499,2,-1,8,2
2013460234014,1,9,0,11,0,0,0,0,0,0,1,1,6,3,-1,-1,-1,-1,-1,-1
2013460234014,2,11,0,18,0,0,0,0,0,0,2,1,6,1,9,4250,2,2,-1,-1
2013460234015,1,9,0,9,0,8,0,0,0,0,4,1,6,1,5,998,1,-1,8,3
2013460234015,2,1,0,18,0,1,0,0,0,0,1,1,6,1,8,-1,-1,-1,-1,-1
2013460234016,1,21,1,5,0,1,0,0,0,0,1,1,1,1,7,-1,-1,-1,-1,-1
2013460234016,2,9,0,3,0,1,0,0,0,0,2,1,2,1,6,1124,1,11,3,1
2013460234021,1,9,0,18,0,4,0,0,0,0,1,1,6,2,6,1560,2,5,7,1
2013460234022,1,9,0,17,0,0,0,0,1,10,1,1,6,1,6,1800,1,14,5,1
2013460234023,1,9,0,18,0,1,0,0,0,0,1,1,6,2,7,1388,1,7,4,1
2013460234023,2,9,0,3,0,1,0,0,0,0,2,1,6,1,7,1995,2,9,10,1
2013460234024,1,9,0,9,0,8,0,0,0,0,3,1,6,3,-1,-1,-1,-1,-1,-1
2013460234025,1,9,0,15,0,0,2,0,8,6,3,1,6,2,6,1999,1,12,10,1
2013460234027,1,9,0,18,0,1,0,10,1,7,4,1,2,1,8,-1,-1,-1,3,1
2013460234028,1,9,0,18,0,1,0,0,0,0,1,1,6,2,11,796,1,10,9,1
2013460234028,2,9,0,10,0,2,0,0,0,0,2,1,6,2,8,1586,1,4,8,1
2013460234033,1,10,0,18,0,0,1,0,7,0,1,1,1,1,8,-1,-1,-1,3,1
2013460234033,2,9,0,18,0,0,0,0,1,0,1,1,6,1,9,1149,1,1,7,3
2013460234039,1,20,0,18,0,0,1,0,0,0,1,1,1,1,6,-1,-1,-1,3,1
2013460234039,2,9,0,4,0,0,0,0,0,0,2,1,6,2,5,1229,1,8,9,1
2013460234039,3,21,0,4,0,0,0,0,0,0,2,1,1,1,7,-1,-1,-1,10,1
2013460234039,4,20,0,4,0,0,0,0,0,0,2,1,1,1,7,-1,-1,-1,1,1
2013460234039,5,21,0,18,0,0,0,0,0,0,1,1,1,1,9,-1,-1,-1,1,1
2013460234040,1,9,0,18,0,1,5,10,1,1,4,1,6,2,5,1124,1,12,6,3
2013460234043,1,21,0,18,0,1,0,0,0,0,1,1,1,1,9,3920,2,7,4,1
2013460234043,2,19,0,18,0,1,1,0,0,0,1,1,1,1,6,1753,2,5,8,1
2013460234043,3,9,0,4,0,1,0,0,0,0,2,1,6,2,7,1527,2,15,4,1
2013460234046,1,9,0,18,0,2,5,11,0,0,1,1,6,1,6,1598,1,15,8,1
2013460234049,1,9,0,18,0,1,0,0,0,0,1,1,6,2,8,1461,2,-1,8,1
2013460234049,2,9,0,3,0,1,0,0,0,0,2,1,6,1,10,1794,1,10,2,2
2013460234051,1,9,0,17,0,0,0,0,1,4,1,1,6,2,6,1389,1,16,6,1
2013460234052,1,11,0,18,0,3,0,0,0,0,4,1,1,2,8,-1,2,16,2,1
2013460234054,1,3,0,18,0,1,0,0,0,0,3,1,6,1,4,125,1,-1,8,1
2013460234054,2,9,0,10,0,1,0,0,0,0,2,1,6,1,7,-1,-1,-1,8,1
2013460234055,1,9,0,18,0,1,0,0,0,0,1,1,6,1,9,1896,2,11,5,1
2013460234055,2,9,0,18,0,1,0,0,0,0,2,1,6,1,10,-1,-1,-1,8,1
2013460234057,1,9,0,9,0,6,0,0,0,0,0,1,6,2,7,1596,1,5,7,1
2013460234057,2,1,0,18,0,1,1,0,0,0,0,1,6,1,6,-1,-1,-1,6,1
2013460234058,1,11,0,1,0,8,0,0,0,0,2,1,1,1,9,7300,2,11,3,1
2013460234058,2,3,0,3,0,1,0,0,0,0,1,1,2,1,5,124,1,6,6,1
2013460234061,1,16,0,18,0,0,0,0,0,0,2,1,6,2,-1,-1,-1,-1,7,2
2013460234061,2,1,0,18,0,0,0,0,0,0,3,1,6,1,7,-1,-1,-1,6,1
2013460234062,1,9,0,18,0,1,1,0,0,0,1,1,6,3,-1,1970,1,14,-1,-1
2013460234062,2,9,0,3,0,1,0,0,0,0,2,1,6,1,9,2319,1,10,3,1
2013460234062,3,9,0,10,0,1,0,0,0,0,2,1,2,1,10,1796,1,12,8,1
2013460234065,1,9,0,18,0,0,0,0,0,0,1,1,6,1,4,-1,-1,-1,7,2
2013460234065,2,9,0,4,0,0,0,0,0,0,2,1,6,1,9,1968,2,1,10,1
2013460234065,3,9,0,18,0,0,0,0,0,0,4,1,2,1,7,1968,2,2,7,1
2013460234069,1,9,0,9,0,6,0,0,0,0,2,1,6,1,6,1598,1,12,2,1
2013460234069,2,9,0,18,0,5,0,0,3,0,1,1,3,3,-1,1988,1,11,-1,-1
2013460234080,1,3,0,5,0,3,0,0,0,0,4,1,1,1,6,749,1,9,4,1
2013460234080,2,9,0,5,0,8,0,0,0,0,3,1,1,1,6,1995,2,7,10,1
2013460234081,1,21,1,18,0,0,0,0,0,0,1,1,6,1,9,10837,2,1,-1,-1
2013460234081,2,1,0,18,0,0,0,0,0,0,2,1,6,1,4,-1,-1,-1,7,1
2013460234085,1,9,0,18,0,4,0,0,0,0,4,1,6,1,10,1686,2,10,9,1
2013460234085,2,1,0,18,0,4,0,0,0,0,1,1,6,2,9,-1,-1,-1,9,1
2013460234090,1,9,0,18,0,0,5,0,1,10,4,1,6,1,9,1686,2,8,7,3
2013460234092,1,3,0,18,0,0,0,0,0,0,1,1,6,1,-1,-1,-1,-1,-1,-1
2013460234092,2,9,0,18,0,0,0,0,0,0,2,1,6,2,6,1956,2,3,2,1
2013460234096,1,11,0,5,0,1,0,0,0,0,1,1,1,1,8,8268,2,12,3,1
2013460234101,1,9,0,17,0,2,0,0,0,0,3,1,6,1,9,-1,-1,-1,10,1
2013460234101,2,9,0,16,0,1,0,0,1,0,3,1,6,1,7,2495,2,12,4,1
2013460234102,1,9,0,17,0,0,1,0,5,7,1,1,2,2,8,1596,1,8,9,2
2013460234103,1,9,0,18,0,0,0,0,1,1,1,1,6,1,6,1596,1,7,9,1
2013460234104,1,9,0,13,0,0,0,0,4,6,4,1,6,1,7,1956,2,3,2,1
2013460234104,2,21,1,18,0,0,0,0,0,0,3,1,1,1,8,12900,2,6,5,3
2013460234105,1,9,0,9,0,6,0,0,0,0,2,1,6,2,11,1328,1,9,8,1
2013460234105,2,9,0,16,0,1,0,0,1,9,1,1,6,1,8,2401,2,8,9,3
2013460234107,1,9,0,9,0,8,1,10,0,0,3,1,6,1,4,1198,1,11,8,1
2013460234108,1,9,0,18,0,1,0,0,0,0,1,1,1,1,5,1560,2,8,-1,1
2013460234108,2,9,0,3,0,1,0,0,0,0,2,1,6,1,9,1389,1,12,8,1
2013460234108,3,19,0,3,0,1,0,0,0,0,2,1,1,1,9,1461,2,-1,8,1
2013460234109,1,9,0,18,0,0,1,0,0,0,4,1,6,1,8,1996,2,16,5,1
2013460234111,1,9,0,17,0,6,1,0,3,4,1,1,1,1,6,1968,2,4,-1,-1
2013460234112,1,9,0,17,0,0,0,0,0,0,3,1,6,1,8,1781,1,11,-1,-1
2013460234112,2,9,0,16,0,0,0,0,0,0,3,1,6,2,8,1598,1,9,4,3
2013460234113,1,3,0,18,0,2,1,0,0,0,1,1,6,1,4,49,1,4,2,1
2013460234113,2,1,0,18,0,8,0,0,0,0,1,1,6,1,6,-1,-1,-1,-1,-1
2013460234115,1,9,0,7,0,5,0,0,2,10,1,1,1,2,4,1149,1,11,4,1
2013460234121,1,4,0,18,0,0,0,0,0,0,1,1,6,1,5,1002,1,11,7,1
2013460234123,1,9,0,18,0,0,1,0,0,0,1,1,6,1,11,998,1,6,9,1
2013460234123,2,9,0,18,0,0,0,0,0,0,2,1,6,1,5,1086,1,4,8,1
2013460234123,3,9,0,18,0,0,0,0,0,0,2,1,6,2,9,1461,2,3,7,3
2013460234123,4,9,0,18,0,0,0,0,1,4,3,1,6,2,9,1240,1,10,5,1
2013460234128,1,9,0,18,0,8,0,0,0,0,1,1,6,1,10,1968,2,4,8,2
2013460234128,2,9,0,9,0,6,0,0,0,0,4,1,6,2,8,1796,1,13,2,1
2013460234128,3,9,0,18,0,2,0,0,0,0,1,1,6,1,7,899,1,14,6,1
2013460234129,1,9,0,18,0,0,2,7,0,0,1,1,6,2,4,973,1,12,5,1
2013460234133,1,20,0,18,0,1,1,0,0,0,3,1,1,1,6,-1,-1,-1,2,1
2013460234133,2,9,0,18,0,1,0,0,1,10,3,1,6,1,8,1685,2,-1,-1,-1
2013460234138,1,9,0,18,0,0,0,0,1,3,1,1,3,2,6,1796,1,5,7,3
2013460234141,1,9,0,18,0,0,1,0,1,1,1,1,6,1,10,4266,1,13,9,3
2013460234142,1,9,0,18,0,0,2,0,1,3,0,1,6,1,4,1199,1,13,4,1
2013460234146,1,9,0,5,0,0,0,0,0,0,1,1,6,2,6,1781,1,12,3,1
2013460234146,2,9,0,5,0,0,0,0,0,0,2,1,3,2,7,1360,1,6,4,2
2013460234148,1,1,0,18,5,1,0,0,0,0,1,1,6,1,8,-1,-1,-1,-1,-1
2013460234149,1,19,0,18,0,8,0,0,0,0,1,1,1,1,9,-1,-1,-1,1,1
2013460234152,1,9,0,18,0,0,0,0,0,0,1,1,6,2,6,998,1,-1,5,2
2013460234152,2,9,0,4,0,0,1,0,0,0,2,1,6,1,7,1769,1,9,2,1
2013460234153,1,9,0,12,0,0,0,0,0,0,1,1,6,1,8,1896,2,9,8,3
2013460234153,2,9,0,18,0,0,0,0,0,0,1,1,6,1,11,-1,-1,-1,7,3
2013460234154,1,9,0,17,0,0,1,0,1,10,1,1,6,2,4,1360,1,11,7,1
2013460234155,1,9,0,7,9,0,0,0,0,0,3,1,6,1,10,1598,1,5,8,1
2013460234155,2,5,0,18,0,0,0,0,0,0,1,1,6,1,8,1690,1,-1,9,3
2013460234158,1,9,0,18,0,0,0,0,0,0,0,1,6,3,-1,-1,-1,-1,-1,-1
2013460234158,2,2,0,18,0,0,1,0,0,0,4,1,6,1,4,49,1,8,5,1
2013460234173,1,9,0,18,0,8,0,0,0,0,1,1,6,1,11,1360,1,11,2,1
2013460234173,2,9,0,4,0,8,0,0,0,0,2,1,6,2,9,2290,1,11,6,1
2013460234173,3,9,0,4,0,8,0,0,0,0,2,1,6,1,8,1999,1,5,8,3
2013460234175,1,9,0,18,0,1,0,0,0,0,1,1,6,2,6,1796,1,9,5,1
2013460234175,2,19,0,18,0,4,0,0,0,0,2,1,6,1,6,1870,2,9,4,1
2013460234177,1,9,0,18,0,0,0,0,0,0,1,1,6,1,5,1975,1,15,6,1
2013460234177,2,9,0,3,0,0,0,0,0,0,2,1,6,1,6,1461,2,-1,4,1
2013460234181,1,9,0,9,0,6,0,0,0,0,1,1,6,1,9,3498,1,5,10,1
2013460234186,1,1,0,18,0,6,0,0,0,0,1,1,6,1,7,-1,-1,-1,5,1
2013460234186,2,9,0,18,0,1,0,0,0,0,3,1,6,2,6,1591,1,5,8,2
2013460234187,1,9,0,9,0,8,0,0,7,7,4,1,1,1,6,1598,1,10,2,1
2013460234187,2,9,0,18,0,1,0,0,0,0,1,1,6,2,6,1598,2,3,8,1
2013460234188,1,9,0,5,0,4,0,0,0,0,2,1,6,2,5,-1,-1,-1,8,2
2013460234188,2,9,0,5,0,4,0,0,0,0,2,1,6,3,-1,1197,1,-1,10,1
2013460234190,1,9,0,13,0,0,0,0,0,0,4,1,6,3,-1,1796,1,11,-1,-1
2013460234190,2,1,0,18,0,0,0,0,0,0,3,1,2,1,8,-1,-1,-1,7,3
2013460234194,1,9,0,7,0,1,0,0,0,0,4,1,6,3,-1,1598,1,8,-1,-1
2013460234194,2,9,0,18,0,8,0,0,0,0,0,1,6,2,7,1493,1,11,8,1
2013460234196,1,9,0,4,0,1,0,0,0,0,1,1,6,1,5,-1,-1,-1,1,1
2013460234196,2,9,0,18,0,1,0,0,1,10,1,1,6,1,6,1900,2,14,3,1
2013460234196,3,9,0,9,0,8,0,0,0,0,2,1,6,2,8,-1,-1,-1,3,1
2013460234199,1,9,0,18,0,8,0,0,0,0,1,1,6,1,5,-1,-1,-1,-1,-1
2013460234199,2,9,0,18,0,8,0,0,7,10,2,1,6,1,6,998,1,1,-1,-1
2013460234201,1,9,0,10,0,0,0,0,0,0,3,1,6,3,-1,998,1,13,2,1
2013460234201,2,2,0,18,0,0,1,0,0,0,1,1,1,1,5,49,1,3,6,1
2013460234212,1,9,0,18,0,0,2,0,0,0,1,1,6,1,6,1149,1,5,4,1
2013460234217,1,9,0,18,0,0,1,7,7,2,1,1,1,2,9,1199,2,2,8,3
2013460234217,2,9,0,18,0,0,0,0,0,0,3,1,6,1,11,1796,1,10,1,1
2013460234218,1,9,0,18,0,1,0,0,0,0,1,1,6,1,-1,-1,-1,-1,-1,-1
2013460234218,2,9,0,3,0,1,0,0,0,0,2,1,6,1,5,1753,2,4,7,2
2013460234218,3,9,0,3,0,1,0,0,0,0,2,1,6,1,5,1390,1,4,8,1
2013460234218,4,9,0,3,0,1,0,0,0,0,2,1,6,1,-1,-1,-1,-1,-1,-1
2013460234219,1,9,0,18,0,0,0,0,0,0,1,1,6,1,8,1910,2,10,7,2
2013460234219,2,9,0,3,0,0,0,0,0,0,2,1,6,1,6,1598,2,-1,4,1
2013460234219,3,9,0,3,0,0,0,0,0,0,2,1,6,1,10,1299,1,10,10,1
2013460234220,1,9,0,9,0,5,0,0,0,0,4,1,6,1,9,1390,1,15,10,1
2013460234220,2,4,0,18,0,1,0,0,0,0,1,1,2,1,5,599,1,6,5,2
2013460234221,1,9,0,9,0,1,0,0,0,0,1,1,6,1,7,1399,1,3,-1,-1
2013460234221,2,9,0,18,0,1,0,0,0,0,1,1,6,2,8,1560,2,7,4,1
2013460234226,1,9,0,18,0,8,0,0,0,0,2,1,6,3,-1,-1,-1,-1,-1,-1
2013460234226,2,9,0,18,0,8,0,0,0,0,1,1,6,1,9,2480,1,1,9,3
2013460234229,1,9,0,9,0,5,0,0,0,0,1,1,6,1,7,998,1,12,9,3
2013460234232,1,9,0,9,0,2,0,0,0,0,1,1,1,2,9,1598,2,2,8,1
2013460234233,1,9,0,18,0,8,0,0,0,0,1,1,6,1,5,1229,1,-1,1,1
2013460234233,2,9,0,18,0,8,0,0,0,0,1,1,6,1,5,1242,1,1,3,1
2013460234236,1,11,0,5,0,0,0,0,0,0,0,1,1,1,8,4250,2,-1,2,1
2013460234237,1,9,0,18,0,0,0,0,0,0,1,1,6,1,-1,-1,-1,-1,-1,-1
2013460234237,2,9,0,18,0,0,5,0,1,0,2,1,6,1,7,-1,-1,-1,-1,-1
2013460234238,1,9,0,9,0,8,0,0,0,0,1,1,6,2,7,995,1,2,2,1
2013460234238,2,9,0,18,0,1,0,0,0,0,1,1,6,1,9,1997,1,-1,4,1
2013460234238,3,9,0,10,0,1,0,0,0,0,1,1,6,1,8,2198,1,12,4,1
2013460234241,1,9,0,11,0,5,0,0,0,1,1,1,6,2,10,1296,1,7,5,2
2013460234241,2,9,0,7,0,2,0,0,0,0,4,1,6,3,-1,-1,-1,-1,-1,-1
2013460234241,3,9,0,18,0,2,0,0,0,0,4,1,6,3,-1,-1,-1,-1,-1,-1
2013460234248,1,9,0,4,0,0,0,0,0,0,0,1,6,2,-1,-1,-1,-1,-1,-1
2013460234248,2,3,0,18,0,0,1,0,0,0,0,1,1,1,4,125,1,3,7,1
2013460234250,1,9,0,18,0,0,0,0,0,0,3,1,6,1,5,-1,-1,-1,-1,-1
2013460234250,2,9,0,18,0,0,0,0,0,0,3,1,6,1,11,1896,2,10,7,3
2013460234253,1,9,0,16,0,8,0,0,0,0,0,1,6,3,-1,-1,-1,-1,-1,-1
2013460234253,2,9,0,16,0,8,0,0,0,0,2,1,6,1,7,1995,2,-1,6,1
2013460234253,3,9,0,16,0,8,0,0,0,0,1,1,6,1,4,1596,1,12,5,1
2013460234258,1,9,0,5,0,0,0,0,0,0,1,1,6,1,4,1596,1,13,3,1
2013460234258,2,5,0,18,0,0,1,0,0,0,1,1,6,1,6,645,1,11,3,1
2013460234263,1,9,0,12,0,0,0,0,0,0,1,1,6,1,6,1796,1,2,6,1
2013460234263,2,9,0,3,0,0,0,0,0,0,2,1,6,2,8,1598,1,14,1,1
2013460234263,3,9,0,3,0,0,0,0,0,0,2,1,6,1,10,1595,1,8,7,1
2013460234271,1,9,0,7,0,3,0,0,0,0,0,1,6,1,5,-1,-1,-1,-1,-1
2013460234271,2,4,0,18,0,3,0,0,0,0,0,1,6,1,4,498,1,13,3,1
2013460234272,1,11,0,18,0,1,0,0,0,0,0,1,1,3,-1,-1,-1,-1,-1,-1
2013460234272,2,1,0,3,0,1,0,0,0,0,0,1,6,2,10,-1,-1,-1,4,2
2013460234278,1,19,0,18,0,3,0,0,0,0,0,1,6,3,-1,-1,-1,-1,-1,-1
2013460234278,2,9,0,18,0,8,0,0,3,1,1,1,1,2,4,998,1,4,5,1
2013460234281,1,9,0,12,0,0,0,0,0,0,1,1,2,1,6,1997,2,12,4,1
2013460234281,2,9,0,4,0,0,0,0,0,0,2,1,2,1,7,1560,2,1,-1,-1
2013460234283,1,9,0,9,0,8,0,0,0,0,1,1,2,1,5,1596,1,6,6,1
2013460234285,1,9,0,18,0,1,0,0,0,0,1,1,6,3,-1,-1,-1,-1,-1,-1
2013460234286,1,9,0,7,0,8,0,0,0,0,1,1,6,1,8,1582,2,1,7,3
2013460234286,2,1,0,18,0,8,0,0,0,0,4,1,6,1,7,-1,-1,-1,5,1
2013460234289,1,9,0,18,0,0,0,0,0,0,1,1,6,1,5,1390,1,11,3,1
2013460234289,2,21,0,18,0,0,0,0,0,0,2,1,1,1,7,-1,-1,-1,-1,-1
2013460234290,1,19,0,18,0,1,0,0,0,0,1,1,6,3,-1,-1,-1,-1,-1,-1
2013460234290,2,9,0,18,0,1,0,0,0,0,3,1,6,2,6,1600,1,14,6,2
2013460234292,1,9,0,9,0,6,0,0,0,0,1,1,1,2,5,-1,-1,-1,-1,-1
2013460234292,2,5,0,14,0,1,0,0,0,0,1,1,6,1,6,647,1,16,6,1
2013460234294,1,20,0,11,0,1,0,0,0,0,0,1,6,3,-1,-1,-1,-1,-1,-1
2013460234294,2,1,0,18,0,1,0,0,0,0,0,1,2,1,7,-1,-1,-1,10,1
2013460234297,1,9,0,5,0,1,0,0,0,0,4,1,6,1,5,-1,-1,-1,-1,-1
2013460234297,2,9,0,5,0,1,0,0,0,0,3,1,2,2,5,1242,1,9,7,1
2013460234303,1,9,0,18,0,1,0,0,0,0,1,1,6,3,-1,1595,1,12,-1,-1
2013460234303,2,9,0,3,0,1,0,0,0,0,2,1,6,1,5,1598,1,12,-1,-1
2013460234309,1,9,0,9,0,8,0,0,0,0,1,1,6,2,4,1242,1,-1,7,3
2013460234309,2,9,0,4,0,1,0,0,0,0,1,1,6,2,7,1328,1,7,6,1
2013460234310,1,9,0,18,0,0,0,0,0,0,1,1,6,1,6,1397,1,-1,3,1
2013460234310,2,9,0,2,0,0,0,0,0,0,2,1,6,2,7,1998,2,3,5,1
2013460234311,1,9,0,9,0,5,0,0,0,0,1,1,2,2,6,1988,1,10,7,1
2013460234311,2,9,0,18,0,1,0,0,0,0,1,1,6,1,7,1998,1,12,-1,-1
2013460234315,1,9,0,5,0,6,0,0,0,0,3,1,1,1,7,1997,1,1,-1,-1
2013460234315,2,9,0,18,0,8,0,0,0,0,1,1,6,1,6,1360,1,8,3,1
2013460234318,1,9,0,1,0,8,0,0,0,0,3,1,6,1,-1,-1,-1,-1,7,1
2013460234318,2,4,0,18,0,3,0,0,0,0,1,1,6,2,7,125,1,1,3,1
2013460234320,1,5,0,18,0,0,0,12,0,0,3,1,1,1,7,885,1,17,10,1
2013460234322,1,9,0,9,0,5,0,0,0,0,1,1,6,1,4,-1,-1,-1,-1,-1
2013460234325,1,11,0,2,0,0,0,0,0,0,0,1,1,1,10,9360,2,3,7,1
2013460234329,1,9,0,18,0,6,0,0,0,0,0,1,6,2,7,-1,-1,-1,8,3
2013460234329,2,1,0,18,0,8,0,0,0,0,0,1,6,1,-1,-1,-1,-1,-1,-1
2013460234330,1,9,0,18,0,0,0,0,0,0,4,1,6,2,9,1149,1,12,9,3
2013460234332,1,9,0,8,0,1,0,0,0,0,2,1,6,2,8,1995,2,1,9,3
2013460234332,2,9,0,8,0,1,0,0,0,0,1,1,6,1,10,1834,1,12,7,2