Accident_Index,Vehicle_Reference,Vehicle_Type,Towing_and_Articulation,Vehicle_Manoeuvre,Vehicle_Location-Restricted_Lane,Junction_Location,Skidding_and_Overturning,Hit_Object_in_Carriageway,Vehicle_Leaving_Carriageway,Hit_Object_off_Carriageway,1st_Point_of_Impact,Was_Vehicle_Left_Hand_Drive?,Journey_Purpose_of_Driver,Sex_of_Driver,Age_Band_of_Driver,Engine_Capacity_(CC),Propulsion_Code,Age_of_Vehicle,Driver_IMD_Decile,Driver_Home_Area_Type
2013460234336,1,5,0,4,0,8,1,0,0,0,1,1,2,2,5,599,1,14,3,1
2013460234337,1,9,0,18,0,2,1,0,0,0,1,1,6,2,4,1299,1,14,-1,-1
2013460234339,1,9,0,13,0,1,0,0,0,0,1,1,6,1,-1,-1,-1,-1,-1,-1
2013460234339,2,9,0,18,0,5,0,0,0,0,2,1,6,2,4,1299,1,8,2,1
2013460234342,1,9,0,16,0,1,0,0,3,4,1,1,6,2,6,1598,1,12,3,3
2013460234344,1,9,0,18,0,1,0,0,0,0,0,1,6,2,11,1348,1,11,5,1
2013460234345,1,19,0,18,0,8,0,0,0,0,3,1,6,1,8,2148,2,5,7,1
2013460234345,2,1,0,9,0,8,0,0,0,0,1,1,6,1,6,-1,-1,-1,2,1
2013460234346,1,9,0,9,0,6,0,0,0,0,3,1,6,1,8,-1,-1,-1,4,1
2013460234346,2,9,0,18,0,1,1,0,0,0,1,1,6,1,7,2993,2,2,1,1
2013460234347,1,9,0,12,0,6,0,0,0,0,3,1,6,3,-1,-1,-1,-1,-1,-1
2013460234347,2,21,0,12,0,8,0,0,0,0,4,1,1,1,6,-1,-1,-1,-1,-1
2013460234347,3,9,0,18,0,8,0,0,0,0,4,1,2,1,7,2993,2,10,9,1
2013460234348,1,9,0,18,0,1,0,0,0,0,1,1,6,1,7,1598,1,10,7,1
2013460234348,2,9,0,8,0,1,0,0,0,0,2,1,6,2,8,1461,2,4,3,1
2013460234349,1,9,0,5,9,0,1,0,0,0,1,1,6,2,10,1390,1,1,3,1
2013460234350,1,9,0,17,0,4,0,0,0,0,3,1,6,1,6,1229,1,8,7,1
2013460234350,2,1,0,18,0,4,0,0,0,0,1,1,6,1,7,-1,-1,-1,8,1
2013460234351,1,9,0,5,0,6,0,0,0,0,1,1,6,2,11,1242,1,5,9,2
2013460234351,2,9,0,18,0,2,0,0,7,0,3,1,6,1,9,1598,1,5,10,1
2013460234352,1,9,0,4,0,0,0,0,0,0,1,1,2,2,4,1242,1,12,3,1
2013460234352,2,9,0,2,6,0,0,0,0,0,1,1,6,2,11,1198,1,9,7,1
2013460234353,1,9,0,12,0,0,0,0,4,6,1,1,6,2,4,1299,1,10,9,2
2013460234353,2,9,0,18,0,0,0,0,0,0,2,1,6,1,8,1560,2,-1,5,1
2013460234353,3,9,0,18,0,0,0,0,4,6,1,1,6,1,5,1596,1,13,5,2
2013460234354,1,9,0,18,0,0,2,0,1,10,4,1,6,2,5,1229,1,5,-1,-1
2013460234355,1,9,0,18,0,8,1,0,0,0,1,1,6,2,4,1598,1,11,5,1
2013460234355,2,9,0,10,0,1,0,0,0,0,2,1,3,1,7,1396,2,-1,2,1
2013460234356,1,9,0,18,0,0,0,0,0,0,4,1,6,3,-1,-1,-1,-1,-1,-1
2013460234360,1,21,0,12,0,0,0,0,0,0,3,1,1,1,8,-1,-1,-1,-1,-1
2013460234360,2,9,0,18,0,0,1,0,1,0,4,1,1,1,9,1999,1,5,8,1
2013460234361,1,9,0,9,0,1,0,0,0,0,1,1,6,1,9,1582,2,-1,-1,-1
2013460234361,2,9,0,18,0,1,0,0,1,10,3,1,6,1,9,1598,1,14,10,1
2013460234362,1,9,0,18,0,3,0,0,0,0,1,1,6,2,6,1794,1,7,9,1
2013460234362,2,19,0,4,0,2,0,0,0,0,2,1,6,1,7,2148,2,6,5,1
2013460234363,1,5,0,17,0,1,1,0,1,9,3,1,6,1,7,749,1,13,8,3
2013460234365,1,9,0,13,0,0,1,0,1,10,4,1,6,1,6,1997,2,14,6,3
2013460234365,2,21,1,18,0,0,0,0,0,0,1,1,1,1,8,9200,2,6,7,1
2013460234366,1,9,0,18,0,0,0,0,2,4,1,1,6,1,9,1995,2,13,-1,-1
2013460234367,1,90,0,9,0,8,0,0,0,0,3,1,6,2,11,-1,-1,-1,6,2
2013460234367,2,9,0,7,0,6,0,0,0,0,1,1,6,1,9,1328,1,7,9,1
2013460234368,1,9,0,18,0,0,0,0,1,7,1,1,6,1,5,1598,1,5,-1,-1
2013460234371,1,9,0,7,0,4,0,0,0,0,1,1,6,1,6,2987,2,2,9,1
2013460234371,2,1,0,18,0,3,0,0,0,0,4,1,6,1,7,-1,-1,-1,7,1
2013460234372,1,1,0,18,0,1,0,0,0,0,0,1,2,1,7,-1,-1,-1,2,1
2013460234374,1,9,0,9,0,5,0,0,0,0,4,1,2,2,6,973,1,10,5,1
2013460234374,2,1,0,18,0,1,0,0,0,0,1,1,4,1,4,-1,-1,-1,4,1
2013460234376,1,9,0,4,0,1,0,0,0,0,1,1,6,1,8,1086,1,5,8,1
2013460234376,2,19,0,4,0,1,0,0,0,0,2,1,2,1,5,2198,2,4,4,1
2013460234377,1,9,0,13,0,2,0,0,0,0,0,1,6,3,-1,-1,-1,-1,-1,-1
2013460234377,2,9,0,18,0,2,0,0,0,0,1,1,6,1,7,1798,1,13,6,2
2013460234377,3,9,0,18,0,2,0,0,0,0,2,1,6,1,8,1796,1,8,9,1
2013460234378,1,10,0,18,0,0,0,0,0,0,1,2,6,1,7,-1,-1,-1,-1,-1
2013460234378,2,9,0,18,0,0,0,0,0,0,3,1,6,2,6,1497,8,9,6,1
2013460234381,1,9,0,18,0,4,1,0,1,7,1,1,6,2,6,1998,1,11,-1,-1
2013460234383,1,19,0,18,0,0,0,0,0,0,4,1,6,3,-1,-1,-1,-1,-1,-1
2013460234384,1,3,0,17,0,0,1,0,0,0,3,1,6,1,5,125,1,2,4,1
2013460234384,2,9,0,16,0,0,0,0,0,0,1,1,1,1,8,-1,-1,-1,1,1
2013460234386,1,9,0,9,0,4,0,0,0,0,3,1,1,1,9,1997,2,1,7,1
2013460234386,2,20,0,18,0,3,0,0,0,0,3,1,1,1,10,3920,2,2,4,1
2013460234388,1,11,0,5,0,2,0,0,0,0,0,1,1,1,6,6700,2,3,8,1
2013460234391,1,9,0,17,0,8,0,0,0,0,1,1,6,3,-1,-1,-1,-1,-1,-1
2013460234391,2,1,0,7,0,8,0,0,0,0,1,1,6,1,9,-1,-1,-1,9,1
2013460234399,1,21,1,13,0,2,0,0,0,0,3,2,1,1,7,-1,-1,-1,-1,-1
2013460234399,2,9,0,18,0,2,0,0,0,0,4,1,6,1,9,2993,2,5,9,1
2013460234402,1,9,0,9,0,5,0,0,0,0,1,1,6,1,4,1968,2,2,6,1
2013460234402,2,4,0,18,0,1,1,0,0,0,3,1,6,1,8,487,1,8,1,1
2013460234405,1,9,0,3,0,0,0,0,0,0,1,1,6,2,-1,1995,2,1,-1,-1
2013460234405,2,9,0,3,0,0,0,0,0,0,2,1,1,1,6,-1,-1,-1,2,1
2013460234407,1,9,0,18,0,8,0,0,0,0,1,1,6,1,6,1796,1,3,9,3
2013460234407,2,9,0,4,0,8,0,0,0,0,2,1,6,1,6,1686,2,8,4,1
2013460234407,3,9,0,4,0,8,0,0,0,0,2,1,6,1,6,1598,1,9,8,1
2013460234407,4,9,0,4,0,8,0,0,0,0,2,1,6,2,5,998,1,5,1,1
2013460234407,5,9,0,4,0,8,0,0,0,0,2,1,6,1,8,1995,2,1,9,1
2013460234408,1,9,0,11,0,0,0,0,0,0,4,1,6,3,-1,-1,-1,-1,-1,-1
2013460234408,2,9,0,11,0,0,0,0,0,0,4,1,6,1,5,1391,1,14,1,1
2013460234408,3,9,0,18,0,0,0,0,0,0,3,1,6,2,8,-1,-1,-1,-1,-1
2013460234412,1,21,1,18,0,0,0,0,0,0,1,1,1,1,9,12900,2,6,3,1
2013460234412,2,9,0,18,0,0,0,0,1,1,2,1,1,1,8,1598,1,12,6,1
2013460234414,1,9,0,1,0,0,0,0,0,0,2,1,1,1,-1,-1,-1,-1,-1,-1
2013460234416,1,9,0,18,0,0,0,0,0,0,3,1,6,2,9,-1,-1,-1,7,1
2013460234419,1,9,0,15,0,4,0,0,0,0,3,1,6,1,-1,1389,1,20,-1,-1
2013460234419,2,9,0,17,0,4,0,0,0,0,4,1,2,2,9,1997,2,12,4,1
2013460234420,1,9,0,18,0,0,0,0,0,0,4,1,6,3,-1,-1,-1,-1,-1,-1
2013460234424,1,1,0,9,0,1,1,0,0,0,0,1,6,1,8,-1,-1,-1,-1,-1
2013460234428,1,9,0,16,0,0,1,11,1,9,1,1,2,1,5,1199,1,10,2,1
2013460234434,1,9,0,18,0,0,0,7,1,2,1,1,6,1,6,1124,1,13,8,1
2013460234435,1,9,0,4,0,1,0,0,0,0,1,1,1,1,7,1461,2,1,8,3
2013460234439,1,9,0,18,0,0,1,0,5,6,1,1,6,1,4,1598,1,9,8,3
2013460234439,2,19,0,12,0,0,0,0,0,0,0,1,6,1,7,2198,2,2,3,1
2013460234439,3,21,0,12,0,0,5,0,1,7,1,1,1,1,8,12130,2,8,5,3
2013460234440,1,9,0,4,0,0,0,0,0,0,1,1,6,2,5,1229,1,3,3,1
2013460234440,2,9,0,4,0,0,0,0,0,0,2,1,6,2,4,1596,1,-1,7,1
2013460234440,3,9,0,3,0,0,0,0,0,0,2,1,6,1,10,1995,2,-1,9,1
2013460234441,1,9,0,4,0,0,1,0,1,4,1,1,2,1,5,2496,2,8,8,1
2013460234442,1,9,0,13,0,0,0,0,0,0,4,1,6,1,10,1248,2,2,5,3
2013460234442,2,9,0,16,0,0,0,0,0,0,3,1,6,1,8,998,1,9,8,2
2013460234442,3,9,0,17,0,0,0,0,0,0,3,1,6,1,7,-1,-1,-1,3,1
2013460234442,4,9,0,17,0,0,0,0,0,0,3,1,1,1,10,1998,1,7,-1,-1
2013460234442,5,9,0,18,0,0,0,0,0,0,3,1,6,1,7,-1,-1,-1,2,1
2013460234442,6,9,0,18,0,0,0,0,0,0,1,1,6,1,7,1595,1,9,2,1
2013460234443,1,9,0,15,0,5,0,0,0,0,1,1,6,3,-1,-1,-1,-1,-1,-1
2013460234443,2,21,1,18,0,5,0,0,0,0,2,1,1,1,9,12900,2,6,-1,-1
2013460234448,1,9,0,18,0,0,0,0,0,0,1,1,6,1,10,1493,1,10,7,3
2013460234448,2,9,0,3,0,0,0,0,0,0,2,1,1,1,7,2993,2,5,6,3
2013460234448,3,9,0,3,0,0,0,0,0,0,2,1,6,1,11,1399,1,10,2,1
2013460234449,1,9,0,9,0,6,0,0,0,0,3,1,6,1,6,2500,1,12,7,3
2013460234449,2,4,0,18,0,1,0,0,0,0,3,1,6,1,4,599,1,5,8,1
2013460234450,1,9,0,4,0,0,1,0,0,0,1,1,1,1,9,1796,1,7,8,1
2013460234450,2,9,0,4,0,0,1,0,0,0,1,1,1,1,7,1796,1,12,5,2
2013460234450,3,9,0,3,0,0,0,0,0,0,2,1,1,1,7,1596,1,5,9,2
2013460234453,1,9,0,18,0,0,0,0,0,0,1,1,6,1,8,2435,1,11,5,3
2013460234453,2,9,0,4,0,0,0,0,0,0,2,1,6,1,7,1798,1,9,8,1
2013460234454,1,9,0,18,0,2,0,0,0,0,1,1,6,1,6,2148,2,5,-1,-1
2013460234454,2,9,0,2,0,2,0,0,0,0,1,1,6,2,9,-1,-1,-1,3,3
2013460234455,1,9,0,18,0,0,1,0,0,10,1,1,6,2,4,1229,1,1,-1,-1
2013460234457,1,9,0,17,0,1,0,10,3,4,1,1,6,1,6,1560,2,-1,-1,-1
2013460234460,1,9,0,18,0,0,0,0,0,0,1,1,6,3,-1,-1,-1,-1,-1,-1
2013460234460,2,9,0,18,0,0,0,0,0,0,2,1,6,2,5,1242,1,12,-1,-1
2013460234465,1,8,0,3,0,0,0,0,0,0,1,1,1,1,7,1896,2,10,5,1
2013460234473,1,9,0,18,0,0,2,0,1,4,1,1,6,1,8,2982,2,4,5,3
2013460234474,1,9,0,9,0,6,0,0,0,0,3,1,2,2,5,2191,2,-1,2,1
2013460234474,2,9,0,18,0,1,0,0,0,0,1,1,1,1,7,2993,2,1,7,2
2013460234483,1,9,0,4,0,8,0,0,0,0,3,1,2,1,7,1998,1,12,2,1
2013460234483,2,9,0,18,0,8,5,0,0,0,1,1,6,1,6,1796,1,11,7,3
2013460234487,1,9,5,9,0,2,0,0,0,0,0,1,6,3,-1,-1,-1,-1,-1,-1
2013460234487,2,9,5,9,0,6,0,0,0,0,3,1,6,3,-1,2500,2,24,-1,-1
2013460234487,3,9,0,18,0,8,0,0,0,0,1,1,6,1,10,1596,1,11,6,3
2013460234489,1,9,0,18,0,0,0,0,0,0,1,1,6,1,9,1397,1,1,10,2
2013460234489,2,9,0,4,0,0,0,0,0,0,2,1,6,1,8,-1,-1,-1,7,1
2013460234489,3,9,0,4,0,0,0,0,0,0,2,1,6,1,7,2179,2,3,10,2
2013460234491,1,9,0,7,0,2,0,10,1,0,1,1,6,2,6,1200,1,-1,5,1
2013460234491,2,9,0,4,0,2,0,0,0,0,2,1,6,2,5,-1,-1,-1,4,1
2013460234493,1,9,0,1,0,2,0,0,0,0,2,1,6,1,7,1598,2,1,1,1
2013460234494,1,9,0,18,0,0,0,4,0,0,1,1,6,3,-1,-1,-1,-1,-1,-1
2013460234494,2,9,0,2,0,0,0,0,0,0,1,1,6,2,9,1299,1,10,4,1
2013460234497,1,5,0,16,0,0,0,0,1,2,1,1,6,1,6,929,1,12,4,1
2013460234502,1,9,0,18,0,1,0,0,1,4,1,1,6,2,7,1341,1,10,8,1
2013460234503,1,9,0,18,0,0,1,0,0,0,1,1,6,1,6,1124,1,13,4,1
2013460234503,2,17,4,3,0,0,0,0,0,0,1,1,6,1,7,-1,2,3,7,3
2013460234506,1,9,0,9,0,1,0,0,0,0,1,1,6,2,11,1339,1,11,8,1
2013460234506,2,9,0,18,0,1,0,0,0,0,4,1,6,2,6,1968,2,1,8,1
2013460234513,1,9,0,13,0,0,0,0,0,0,4,1,6,1,10,1968,2,1,5,1
2013460234513,2,1,0,18,0,0,0,0,0,0,1,1,1,1,6,-1,-1,-1,6,1
2013460234515,1,9,0,18,6,2,1,0,0,0,1,1,6,2,6,2143,2,1,9,1
2013460234515,2,9,0,2,6,2,5,0,1,0,2,1,6,2,7,1910,2,6,10,1
2013460234516,1,9,0,3,0,0,0,0,0,0,1,1,6,1,8,2261,1,5,8,1
2013460234517,1,9,0,18,0,0,0,0,0,0,2,1,6,2,6,1587,1,10,7,1
2013460234517,2,9,0,18,0,0,1,0,0,0,1,1,6,2,6,1796,1,12,5,1
2013460234517,3,9,0,18,0,0,0,0,0,0,2,1,6,1,5,1299,1,6,6,1
2013460234517,4,9,0,18,0,0,1,0,0,0,1,1,6,2,6,-1,-1,-1,-1,-1
2013460234519,1,9,0,18,0,3,0,0,0,0,1,1,6,1,7,1998,2,9,4,1
2013460234519,2,9,0,4,0,3,0,0,0,0,2,1,6,1,5,1299,1,14,6,1
2013460234520,1,9,0,18,9,0,0,0,1,0,3,1,6,3,-1,-1,-1,-1,-1,-1
2013460234520,2,90,0,4,0,0,0,0,0,0,0,1,1,1,8,7201,2,-1,2,1
2013460234523,1,9,0,18,0,1,0,0,0,0,1,1,6,2,7,1598,1,5,2,1
2013460234523,2,9,0,6,0,8,0,0,0,0,2,1,6,2,6,2231,2,-1,10,1
2013460234524,1,9,0,9,0,6,0,0,0,0,3,1,6,2,6,1108,1,7,-1,-1
2013460234524,2,9,0,18,0,1,0,0,0,0,1,1,6,2,5,1124,1,10,-1,-1
2013460234526,1,9,0,4,9,0,0,0,1,0,4,1,6,2,6,-1,-1,-1,-1,-1
2013460234529,1,9,0,9,0,8,0,0,0,0,1,1,6,1,7,1461,2,-1,3,1
2013460234535,1,9,0,18,0,8,0,0,0,0,3,1,6,1,9,1840,1,10,8,1
2013460234537,1,19,0,18,0,6,0,0,0,0,4,1,1,1,8,-1,-1,-1,-1,-1
2013460234537,2,9,0,18,0,6,0,0,0,0,3,1,2,1,8,1995,2,6,2,1
2013460234540,1,9,0,18,0,1,2,4,0,0,1,1,6,2,5,1360,1,6,5,1
2013460234540,2,9,0,2,0,2,0,0,0,0,3,1,6,1,7,1998,1,15,-1,-1
2013460234540,3,9,0,2,0,2,0,0,0,0,4,1,6,2,6,1242,1,1,-1,-1
2013460234543,1,9,0,5,0,0,0,0,0,0,4,1,6,1,6,-1,-1,-1,3,1
2013460234547,1,9,0,18,0,8,0,0,0,0,2,1,6,2,-1,1781,1,13,1,1
2013460234547,2,9,0,3,0,8,0,0,0,0,1,1,6,1,8,1996,1,13,1,1
2013460234549,1,9,0,18,0,0,1,0,2,10,1,1,2,1,5,1124,1,9,7,1
2013460234555,1,9,0,18,0,0,0,0,0,0,3,1,6,2,8,1199,1,13,9,1
2013460234556,1,9,0,16,0,0,1,0,7,10,1,1,1,1,6,1461,2,9,6,1
2013460234557,1,9,0,18,0,0,0,0,0,0,1,1,2,1,5,1995,1,6,8,1
2013460234557,2,9,0,3,0,0,0,0,0,0,2,1,2,1,4,1896,2,10,3,1
2013460234562,1,9,0,5,0,0,0,0,0,0,1,1,3,2,7,1398,1,-1,6,1
2013460234562,2,3,0,18,0,0,0,0,7,0,1,1,2,1,4,125,1,2,8,1
2013460234563,1,9,0,18,0,0,0,10,1,0,1,1,6,2,10,998,1,2,5,2
2013460234565,1,3,0,18,0,0,0,0,5,6,3,1,6,2,8,124,1,13,6,1
2013460234566,1,2,0,14,0,1,1,0,0,0,1,1,6,1,3,50,1,7,-1,-1
2013460234566,2,19,0,9,0,1,1,0,0,0,2,1,1,1,8,2488,2,7,-1,-1
2013460234572,1,9,0,7,0,6,0,0,0,0,3,1,6,1,8,2771,1,21,8,1
2013460234572,2,3,0,9,0,2,0,0,0,0,1,1,6,1,7,125,1,-1,9,1
2013460234576,1,9,0,18,0,0,0,0,0,0,1,1,3,2,8,1461,2,7,9,3
2013460234577,1,9,0,9,0,0,0,0,0,0,4,1,6,2,5,1598,1,11,3,1
2013460234577,2,5,0,18,0,0,0,0,0,0,1,1,6,1,6,1200,1,19,3,1
2013460234580,1,9,0,18,0,0,1,0,7,4,1,1,6,1,7,1389,1,17,6,3
2013460234587,1,9,0,18,0,6,0,0,0,0,4,1,6,1,4,1199,1,11,7,1
2013460234587,2,9,0,18,0,8,0,0,0,0,1,1,6,1,7,998,1,15,10,1
2013460234588,1,9,0,18,0,0,0,0,0,0,1,1,6,2,11,2720,2,6,8,3
2013460234588,2,9,0,13,0,0,0,0,0,0,2,1,6,2,8,1598,1,8,8,3
2013460234589,1,9,0,18,0,0,0,0,0,0,4,1,6,2,11,1339,1,6,6,2
2013460234592,1,9,0,18,0,0,0,0,0,0,1,1,6,1,11,1389,1,14,3,1
2013460234592,2,9,0,18,0,0,0,0,0,0,2,1,6,1,7,998,1,2,10,3
2013460234592,3,20,0,18,0,0,0,0,0,0,0,1,6,1,6,4580,2,5,10,1
2013460234597,1,9,0,5,0,1,0,0,0,0,1,1,6,1,-1,1124,1,12,-1,-1
2013460234597,2,1,0,18,0,1,0,0,0,0,3,1,4,1,3,-1,-1,-1,-1,-1
2013460234599,1,9,0,9,0,5,0,0,0,0,1,1,1,1,8,1796,1,9,8,1
2013460234599,2,9,0,18,0,1,0,0,0,0,1,1,1,1,5,1360,1,10,6,1
2013460234599,3,9,0,3,0,1,0,0,0,0,1,1,6,1,5,1396,1,11,9,3
2013460234601,1,9,0,18,0,0,5,0,2,10,4,1,2,1,6,3600,1,12,7,1
2013460234610,1,9,0,18,0,0,2,0,0,0,1,1,6,2,6,1560,2,6,3,1
2013460234612,1,9,0,13,0,1,0,0,0,0,4,1,2,2,8,1685,2,1,3,1
2013460234612,2,1,0,9,0,8,0,0,0,0,3,1,6,1,4,-1,-1,-1,3,1
2013460234614,1,9,0,18,0,3,0,0,0,0,1,1,2,2,8,1796,1,10,5,1
2013460234616,1,5,0,17,0,0,0,0,0,0,0,1,6,1,8,-1,-1,-1,7,3
2013460234620,1,9,0,18,0,1,0,0,0,0,1,1,2,1,9,1896,2,17,6,1
2013460234626,1,9,0,18,0,1,0,0,0,0,1,1,6,1,11,1560,2,3,10,2
2013460234627,1,9,0,4,0,1,0,0,0,0,1,1,6,1,10,4196,1,5,5,1
2013460234627,2,9,0,3,0,1,0,0,0,0,2,1,6,2,8,1598,1,-1,9,1
2013460234628,1,9,0,18,0,2,0,0,0,0,1,1,6,1,10,1900,2,13,-1,-1
2013460234628,2,9,0,2,0,1,0,0,0,0,2,1,6,2,8,2967,2,4,-1,-1
2013460234628,3,9,0,2,0,1,0,0,0,0,1,1,6,2,6,1198,1,10,-1,-1
2013460234629,1,9,0,3,0,0,0,0,0,0,1,1,6,2,6,1598,1,10,6,1
2013460234629,2,9,0,3,0,0,0,0,0,0,2,1,3,2,5,2521,1,6,5,1
2013460234630,1,9,0,1,0,0,0,0,0,0,2,1,6,1,-1,1598,1,7,-1,-1
2013460234631,1,9,0,5,0,0,0,0,0,0,1,1,3,2,8,1390,1,2,6,1
2013460234640,1,9,0,18,0,1,0,0,0,0,1,1,6,1,7,-1,-1,-1,6,1
2013460234640,2,9,0,18,0,1,0,0,0,0,2,1,1,2,8,1984,1,10,-1,-1
2013460234642,1,9,0,9,0,6,0,0,0,0,2,1,6,1,6,1749,1,10,3,1
2013460234642,2,9,0,18,0,1,0,0,0,0,1,1,6,2,6,1896,2,12,1,1
2013460234644,1,21,0,7,0,8,0,0,0,0,4,1,1,1,8,4500,2,6,3,1
2013460234645,1,9,0,5,0,2,0,0,0,0,2,1,6,2,6,1781,1,13,8,2
2013460234645,2,9,0,2,0,2,0,0,0,0,4,1,6,1,6,1598,1,10,9,1
2013460234645,3,9,0,4,0,2,0,0,0,0,3,1,1,1,5,1598,2,-1,9,1
2013460234646,1,9,0,18,0,0,0,0,0,0,1,1,6,1,6,3498,1,9,3,1
2013460234646,2,9,0,18,0,0,0,0,2,7,2,1,1,1,9,2231,2,2,5,1
2013460234646,3,9,0,18,0,0,2,0,5,6,1,1,1,1,8,-1,-1,-1,2,1
2013460234647,1,9,0,4,0,1,0,0,0,0,1,1,6,2,4,1360,1,9,-1,-1
2013460234647,2,9,0,9,0,5,0,0,0,0,2,1,6,1,7,1798,1,11,3,1
2013460234648,1,9,0,18,0,4,1,0,0,0,3,1,6,2,8,1242,1,15,3,1
2013460234648,2,9,0,18,0,8,0,0,0,0,1,1,2,1,6,998,1,1,4,1
2013460234651,1,9,0,1,8,0,0,0,0,0,2,1,6,2,8,1988,1,8,9,1
2013460234652,1,5,0,18,0,0,1,10,1,0,3,1,1,1,7,1255,1,4,7,1
2013460234656,1,9,0,5,0,6,0,0,0,0,1,1,2,1,8,2495,1,10,10,3
2013460234656,2,9,0,5,0,6,0,0,0,0,1,1,2,2,8,1995,2,9,10,3
2013460234661,1,1,0,18,0,1,1,0,7,0,1,1,6,1,8,-1,-1,-1,-1,-1
2013460234662,1,9,0,18,0,1,0,0,0,0,1,1,6,1,9,1560,2,2,8,3
2013460234662,2,9,0,10,0,1,0,0,0,0,2,1,6,1,5,2198,2,1,-1,-1
2013460234663,1,9,0,16,0,0,2,0,7,4,3,1,1,1,5,1199,1,10,9,2
2013460234664,1,4,0,3,0,0,1,0,1,0,0,1,1,1,6,125,1,9,4,1
2013460234665,1,9,0,5,0,1,0,0,0,0,1,1,6,2,8,1390,1,10,7,1
2013460234665,2,9,0,7,0,5,0,0,0,0,1,1,6,1,9,1199,1,12,6,1
2013460234666,1,9,0,18,0,0,0,0,0,0,1,1,6,1,5,1289,1,17,7,3
2013460234666,2,9,0,4,0,0,0,0,0,0,2,1,1,1,8,1398,2,-1,3,1
2013460234671,1,9,0,9,9,5,0,0,0,0,3,1,3,2,7,1796,1,4,1,1
2013460234671,2,90,0,18,0,1,0,0,0,0,1,1,6,2,11,-1,-1,-1,7,1
2013460234672,1,9,0,9,0,6,0,0,0,0,0,1,6,3,-1,-1,-1,-1,-1,-1
2013460234672,2,3,0,18,0,1,1,0,0,0,0,1,6,1,4,-1,-1,-1,7,1
2013460234675,1,9,0,18,0,0,0,0,0,0,1,1,6,2,7,1598,1,12,10,1
2013460234676,1,20,0,18,0,0,0,0,0,0,0,1,6,3,-1,-1,-1,-1,-1,-1
2013460234676,2,9,0,18,0,0,2,11,2,7,4,1,6,1,5,1390,1,13,4,1
2013460234677,1,9,0,17,9,0,0,0,1,10,1,1,6,1,6,1242,1,14,7,1
2013460234679,1,9,0,18,0,1,0,0,0,0,1,1,3,1,8,1598,1,-1,6,3
2013460234680,1,9,0,1,0,0,0,0,0,0,3,1,6,1,6,1399,2,7,3,1
2013460234681,1,9,0,18,0,8,0,0,0,0,1,1,6,1,4,1686,2,15,7,1
2013460234681,2,9,0,3,0,2,0,0,0,0,2,1,6,2,8,2435,1,9,8,1
2013460234683,1,3,0,18,0,1,1,0,0,0,1,1,6,1,6,125,1,7,2,1
2013460234683,2,9,0,18,0,1,0,0,0,0,1,1,6,1,7,1124,1,12,4,1
2013460234684,1,2,0,7,0,5,0,0,0,0,1,1,6,1,4,49,1,7,5,1
2013460234684,2,9,0,10,0,1,0,0,0,0,3,1,1,1,8,1149,1,5,4,1
2013460234685,1,9,0,18,0,1,0,0,0,0,4,1,6,3,-1,-1,-1,-1,-1,-1
2013460234686,1,9,0,9,0,8,0,0,0,0,1,1,6,1,7,1968,2,1,2,1
2013460234686,2,1,0,18,0,1,0,0,0,0,1,1,6,1,6,-1,-1,-1,4,1
2013460234688,1,9,0,18,0,0,0,0,0,0,4,1,6,1,-1,-1,-1,-1,-1,-1
2013460234689,1,9,0,18,0,0,2,0,1,4,1,1,6,1,6,1896,2,10,6,3
2013460234692,1,9,0,18,0,0,2,0,2,10,1,1,6,1,5,1796,1,9,5,1
2013460234693,1,9,0,9,0,8,0,0,0,0,4,1,6,1,7,2354,1,10,3,1
2013460234693,2,4,0,18,0,8,0,0,0,0,1,1,6,1,6,124,1,8,3,1
2013460234694,1,9,0,18,0,4,0,0,0,0,1,1,1,1,9,1984,1,13,-1,-1
2013460234694,2,1,0,9,0,3,0,0,0,0,4,1,6,1,7,-1,-1,-1,-1,-1
2013460234696,1,19,0,18,0,4,0,0,0,0,4,1,1,1,6,-1,-1,-1,-1,-1
2013460234696,2,2,0,7,0,8,0,0,0,0,2,1,1,1,4,49,1,2,8,1
2013460234697,1,19,4,9,0,6,0,0,0,0,2,1,6,3,-1,-1,-1,-1,-1,-1
2013460234697,2,2,0,18,0,2,0,0,0,0,1,1,6,1,9,955,1,9,9,1
2013460234703,1,9,0,18,0,2,0,0,0,0,1,1,2,1,7,1968,2,1,5,2
2013460234703,2,9,0,3,0,2,0,0,0,0,2,1,2,1,8,1781,1,11,8,2
2013460234703,3,9,0,3,0,2,0,0,0,0,2,1,2,1,7,1999,1,11,3,2
2013460234703,4,5,0,18,0,2,0,0,0,0,1,1,2,1,6,1050,1,7,5,1
2013460234703,5,19,0,18,0,1,0,0,0,0,1,1,1,1,6,2402,2,4,7,1
2013460234710,1,9,0,18,0,1,1,10,7,4,4,1,6,1,4,-1,-1,-1,5,2
2013460234713,1,9,0,3,0,1,0,0,0,0,1,1,6,1,-1,1896,2,10,-1,-1
2013460234713,2,9,0,18,0,1,0,0,0,0,2,1,6,1,6,1461,2,6,2,1