Accident_Index,Vehicle_Reference,Vehicle_Type,Towing_and_Articulation,Vehicle_Manoeuvre,Vehicle_Location-Restricted_Lane,Junction_Location,Skidding_and_Overturning,Hit_Object_in_Carriageway,Vehicle_Leaving_Carriageway,Hit_Object_off_Carriageway,1st_Point_of_Impact,Was_Vehicle_Left_Hand_Drive?,Journey_Purpose_of_Driver,Sex_of_Driver,Age_Band_of_Driver,Engine_Capacity_(CC),Propulsion_Code,Age_of_Vehicle,Driver_IMD_Decile,Driver_Home_Area_Type
2013460235058,2,9,0,18,0,3,0,0,0,0,2,1,6,1,5,1598,1,9,6,1
2013460235059,1,1,0,18,0,0,0,4,0,0,1,1,1,1,4,-1,-1,-1,3,3
2013460235059,2,9,0,2,0,0,0,0,0,0,2,1,6,2,-1,1997,2,6,7,3
2013460235060,1,9,0,1,0,0,0,0,0,0,2,1,6,2,-1,-1,-1,-1,4,1
2013460235060,2,9,0,3,0,0,0,0,0,0,1,1,6,1,8,1998,1,12,3,1
2013460235061,1,9,0,18,0,0,0,0,0,0,1,1,6,3,-1,-1,-1,-1,-1,-1
2013460235061,2,9,0,18,0,0,0,0,0,0,2,1,1,1,9,-1,-1,-1,7,1
2013460235061,3,9,0,18,0,0,0,0,0,0,2,1,6,2,8,1242,1,1,3,1
2013460235063,1,19,4,18,0,0,1,0,0,0,1,1,2,1,7,3920,2,3,1,1
2013460235065,1,9,0,18,0,4,0,0,0,0,1,1,6,3,-1,-1,-1,-1,-1,-1
2013460235065,2,9,0,18,0,3,0,0,0,0,2,1,6,2,5,1242,1,3,5,1
2013460235069,1,19,0,18,0,0,1,0,0,0,1,1,1,1,6,2496,2,15,6,2
2013460235069,2,9,0,18,0,0,0,0,0,0,4,1,1,2,5,1598,1,3,2,1
2013460235069,3,21,0,18,0,0,0,0,0,0,2,1,1,1,8,-1,-1,-1,-1,-1
2013460235070,1,20,0,18,0,0,0,0,0,0,4,1,6,1,-1,5880,2,8,2,1
2013460235072,1,9,0,4,0,0,0,0,0,0,2,1,6,1,8,1596,1,8,8,1
2013460235072,2,9,0,18,0,0,0,0,0,0,1,1,6,1,8,2199,2,2,8,3
2013460235073,1,9,0,18,0,8,0,0,0,0,3,1,6,3,-1,-1,-1,-1,-1,-1
2013460235073,2,3,0,18,0,8,0,0,0,0,3,1,6,1,4,-1,-1,-1,5,1
2013460235074,1,9,0,18,0,0,0,0,0,0,3,1,6,1,10,1199,1,12,7,1
2013460235075,1,9,0,18,0,0,0,0,4,6,3,1,1,2,6,1198,1,5,-1,-1
2013460235076,1,21,1,12,0,0,0,0,0,0,1,2,6,3,-1,-1,-1,-1,-1,-1
2013460235076,2,9,0,13,0,0,0,0,0,0,4,1,2,2,6,1560,2,3,7,1
2013460235078,1,9,0,4,0,0,0,0,0,0,1,1,1,1,6,-1,-1,-1,-1,-1
2013460235078,2,9,0,4,0,0,0,0,0,0,2,1,6,1,6,1984,1,3,5,1
2013460235081,1,9,0,18,0,0,0,0,0,0,1,1,6,1,7,1896,2,16,2,1
2013460235081,2,9,0,3,0,0,0,0,0,0,2,1,6,1,5,1997,2,4,9,1
2013460235090,1,9,0,18,0,0,0,0,7,9,1,1,6,1,10,1360,1,6,5,1
2013460235093,1,4,0,18,0,1,1,0,0,0,3,1,6,3,-1,-1,-1,-1,-1,-1
2013460235093,2,9,0,11,0,1,1,0,1,0,4,1,6,2,7,999,1,5,5,2
2013460235094,1,3,0,7,0,5,1,0,1,2,0,1,1,1,5,-1,-1,-1,3,1
2013460235096,1,9,0,5,0,0,0,0,0,0,1,1,3,2,6,1997,2,6,5,1
2013460235096,2,9,0,5,0,0,0,0,0,0,2,1,6,1,9,1598,1,7,5,1
2013460235097,1,9,0,18,0,0,0,0,0,0,2,1,6,2,7,1461,2,10,-1,-1
2013460235097,2,9,0,5,0,0,0,0,0,0,2,1,6,1,6,1422,2,3,-1,-1
2013460235101,1,9,0,17,0,3,0,10,1,4,3,1,6,2,7,1896,2,11,3,1
2013460235102,1,20,0,9,0,1,0,0,0,0,1,1,1,1,7,2148,2,5,10,1
2013460235102,2,2,0,18,0,1,1,0,0,0,3,1,6,1,4,49,1,4,2,1
2013460235104,1,9,0,18,0,8,0,0,0,0,1,1,6,1,4,1995,1,10,7,1
2013460235104,2,9,0,7,0,6,0,0,0,0,3,1,6,1,6,1900,1,-1,2,1
2013460235105,1,9,0,17,0,0,5,0,0,0,3,1,3,1,7,1124,1,7,-1,-1
2013460235105,2,9,0,16,0,0,0,0,0,0,3,1,6,3,-1,-1,-1,-1,-1,-1
2013460235106,1,9,0,15,0,0,2,0,7,10,1,1,6,1,6,1781,1,12,9,2
2013460235106,2,9,0,18,0,0,0,0,0,0,0,1,6,3,-1,-1,-1,-1,-1,-1
2013460235107,1,9,0,18,0,0,1,0,0,0,1,1,6,2,7,1997,2,12,2,1
2013460235107,2,9,0,18,0,0,0,0,0,0,1,1,6,2,7,1590,1,11,7,3
2013460235111,1,1,0,7,0,5,1,0,0,0,0,1,6,1,10,-1,-1,-1,7,3
2013460235124,1,9,0,7,0,8,0,0,0,0,0,1,6,2,9,1242,1,7,10,1
2013460235124,2,5,0,18,0,1,1,0,0,0,3,1,2,1,6,656,1,6,7,1
2013460235126,1,9,0,18,0,1,0,0,0,0,4,1,2,1,8,-1,-1,-1,8,1
2013460235128,1,9,0,18,0,0,0,0,0,0,1,1,6,1,6,-1,-1,-1,5,1
2013460235128,2,9,0,3,0,0,0,0,0,0,2,1,6,2,6,1598,1,11,5,2
2013460235138,1,19,0,18,0,1,0,0,0,0,1,1,1,1,4,2198,2,5,9,1
2013460235138,2,19,0,18,0,1,0,0,0,0,2,1,1,1,6,1248,2,1,4,2
2013460235138,3,9,0,18,0,1,0,0,0,0,2,1,1,1,9,1997,2,-1,6,1
2013460235138,4,19,0,18,0,1,0,0,0,0,1,1,1,1,5,-1,-1,-1,3,1
2013460235139,1,9,0,18,0,0,0,0,1,0,1,1,6,1,10,1991,2,10,8,3
2013460235140,1,9,0,9,0,1,0,0,0,0,0,1,6,1,4,1242,1,1,2,1
2013460235140,2,1,0,18,0,1,1,0,0,0,0,1,6,1,6,-1,-1,-1,8,1
2013460235146,1,9,0,18,0,0,0,0,0,0,1,1,6,2,9,1896,2,9,8,3
2013460235146,2,9,0,3,0,0,0,0,0,0,2,1,6,1,7,-1,-1,-1,2,3
2013460235146,3,1,0,18,0,0,0,0,0,0,4,1,6,1,7,-1,-1,-1,8,3
2013460235150,1,9,0,17,0,0,5,0,7,10,1,1,6,1,6,1598,1,7,7,1
2013460235152,1,9,0,10,0,1,0,0,0,0,1,1,6,2,7,3200,2,6,6,3
2013460235152,2,9,0,18,0,1,0,0,0,0,1,1,2,1,8,-1,-1,-1,4,1
2013460235156,1,9,0,10,0,1,0,10,0,0,1,1,2,1,8,1997,2,9,4,3
2013460235156,2,2,0,18,0,1,0,4,0,0,1,1,1,1,6,108,1,3,1,1
2013460235159,1,9,0,18,9,1,0,0,1,1,1,1,6,1,5,1229,1,5,8,1
2013460235162,1,9,0,18,0,8,1,0,5,6,2,1,6,2,6,1405,1,10,1,1
2013460235162,2,9,0,18,0,8,1,0,0,0,3,1,6,2,6,1796,1,4,6,1
2013460235163,1,9,0,18,0,0,0,0,0,0,1,1,6,3,-1,-1,-1,-1,-1,-1
2013460235163,2,9,0,3,0,0,0,0,0,0,2,1,6,1,8,1388,1,9,10,1
2013460235163,3,9,0,18,0,0,0,0,0,0,2,1,6,1,-1,-1,-1,-1,-1,-1
2013460235166,1,3,0,18,0,0,1,0,0,0,4,1,6,1,4,125,1,-1,7,1
2013460235166,2,9,0,9,0,0,0,0,0,0,3,1,6,2,8,1896,2,10,8,1
2013460235167,1,9,0,4,0,0,0,0,0,0,1,1,2,1,7,-1,-1,-1,10,1
2013460235167,2,9,0,3,0,0,0,0,0,0,2,1,2,2,6,1360,1,8,6,3
2013460235167,3,9,0,3,0,0,0,0,0,0,2,1,2,1,8,1968,2,1,9,1
2013460235167,4,9,0,3,0,0,0,0,0,0,2,1,2,1,9,1596,1,4,10,1
2013460235173,1,9,0,17,0,1,1,0,1,10,1,1,6,1,4,1229,1,-1,5,1
2013460235176,1,9,0,18,0,8,1,0,4,6,3,1,6,2,5,-1,-1,-1,2,1
2013460235176,2,9,0,18,0,5,1,0,0,0,1,1,2,2,7,998,1,9,3,1
2013460235181,1,9,0,7,0,5,0,0,0,0,4,1,6,3,10,1396,1,-1,5,1
2013460235183,1,9,0,18,0,0,0,0,0,0,1,1,6,1,8,1360,1,9,10,2
2013460235185,1,9,0,4,0,5,0,0,0,0,2,1,6,1,8,-1,-1,-1,9,2
2013460235185,2,9,0,4,0,5,0,0,0,0,1,1,6,2,8,1596,1,10,-1,-1
2013460235187,1,1,0,18,0,0,0,0,0,0,3,1,6,1,10,-1,-1,-1,5,3
2013460235189,1,9,0,18,0,0,0,0,1,0,1,1,6,1,6,2143,2,4,9,1
2013460235189,2,21,1,2,6,0,0,0,0,0,2,1,1,1,9,12740,2,1,3,1
2013460235192,1,9,0,4,0,0,0,0,0,0,1,1,6,2,8,1364,1,2,10,3
2013460235192,2,9,0,4,0,0,0,0,0,0,2,1,6,2,7,1796,1,12,8,1
2013460235193,1,9,0,5,0,8,0,0,0,0,4,1,1,1,9,1596,1,3,-1,-1
2013460235193,2,9,0,4,0,1,0,0,0,0,1,1,6,1,6,2000,1,4,-1,-1
2013460235194,1,9,0,18,0,1,0,7,7,2,3,1,6,2,11,1769,1,8,8,3
2013460235198,1,9,0,17,0,0,1,0,7,9,2,1,6,1,8,2000,1,16,6,3
2013460235198,2,9,0,18,0,0,0,0,0,0,4,1,6,1,8,2500,2,24,7,3
2013460235199,1,9,0,5,0,4,0,0,0,0,1,1,2,1,5,1595,1,1,7,3
2013460235199,2,9,0,3,0,1,0,0,0,0,2,1,6,1,8,1589,1,15,-1,-1
2013460235200,1,21,1,12,0,1,0,0,0,0,1,1,1,2,6,12882,2,1,10,1
2013460235200,2,9,0,18,0,1,5,0,0,0,4,1,1,1,7,1997,1,14,9,1
2013460235204,1,21,0,11,0,8,0,0,0,0,4,1,6,3,-1,5880,2,11,-1,-1
2013460235204,2,9,0,18,0,8,1,0,8,10,3,1,6,2,8,1975,1,7,3,1
2013460235205,1,19,0,18,0,0,0,0,0,0,1,1,2,1,6,2402,2,7,2,1
2013460235205,2,19,0,4,0,0,0,0,0,0,2,1,2,1,6,2998,2,1,4,1
2013460235205,3,9,0,4,0,0,0,0,0,0,2,1,2,2,7,1596,1,9,9,2
2013460235206,1,9,0,18,0,8,0,0,0,0,1,1,6,3,-1,-1,-1,-1,-1,-1
2013460235206,2,9,0,2,0,8,0,0,0,0,4,1,6,1,8,1364,1,4,5,1
2013460235215,1,9,0,9,0,5,0,0,0,0,1,1,2,2,5,1388,1,7,6,1
2013460235220,1,9,0,15,0,0,0,0,0,0,1,1,6,2,10,1398,2,-1,3,2
2013460235222,1,21,0,12,0,1,0,0,0,0,3,1,1,1,9,12900,2,4,4,1
2013460235222,2,9,0,18,0,1,0,0,0,0,4,1,6,2,6,1390,1,11,6,1
2013460235226,1,9,0,18,0,0,0,4,0,0,1,1,6,1,9,1796,1,3,8,2
2013460235226,2,9,0,2,0,0,0,0,0,0,2,1,6,2,7,2993,2,3,6,1
2013460235227,1,1,0,16,0,0,0,0,0,0,1,1,6,2,7,-1,-1,-1,3,1
2013460235236,1,9,0,14,0,1,0,0,7,4,1,1,2,1,8,-1,-1,-1,10,1
2013460235238,1,9,0,18,0,1,1,0,0,0,1,1,6,1,-1,1997,2,11,-1,-1
2013460235238,2,9,0,4,0,1,0,0,0,0,2,1,6,1,8,-1,-1,-1,-1,-1
2013460235238,3,9,0,3,0,1,0,0,0,0,2,1,6,1,7,1598,1,13,10,1
2013460235238,4,9,0,10,0,1,0,0,0,0,0,1,6,2,8,1229,1,-1,4,1
2013460235241,1,9,0,18,0,4,0,0,3,7,1,1,6,1,7,1598,1,14,3,1
2013460235241,2,9,0,3,0,1,0,0,7,7,2,1,6,2,9,1386,1,10,10,1
2013460235241,3,9,0,3,0,1,0,0,3,7,2,1,6,1,10,1461,2,6,10,3
2013460235241,4,19,0,3,0,1,0,0,0,0,2,1,6,1,8,2151,2,9,6,1
2013460235245,1,21,0,4,0,8,0,0,0,0,1,1,1,1,6,-1,-1,-1,-1,-1
2013460235245,2,9,0,4,0,8,0,0,0,0,2,1,6,2,5,1598,1,9,1,1
2013460235246,1,3,0,9,0,8,0,0,0,0,4,1,6,1,4,124,1,29,7,2
2013460235246,2,9,0,18,0,6,0,0,0,0,1,1,6,2,8,3199,7,10,-1,-1
2013460235250,1,9,0,9,0,6,0,0,0,0,0,1,2,1,7,1896,2,10,5,3
2013460235250,2,9,0,18,0,1,0,0,1,1,1,1,2,1,7,1796,1,10,-1,-1
2013460235251,1,21,0,18,0,0,0,0,0,0,0,1,6,3,-1,-1,-1,-1,-1,-1
2013460235251,2,9,0,18,0,0,1,0,0,0,1,1,6,2,6,1248,1,1,10,1
2013460235251,3,9,0,18,0,0,1,0,0,0,1,1,6,1,6,2967,2,4,4,1
2013460235252,1,9,0,10,0,1,0,0,0,0,1,1,2,1,5,1796,1,5,5,1
2013460235252,2,9,0,18,0,1,1,0,0,0,1,1,6,1,6,-1,-1,-1,9,2
2013460235253,1,19,0,18,0,0,0,0,0,0,1,1,6,1,8,2143,2,1,3,1
2013460235254,1,9,0,12,0,7,5,0,0,0,1,1,1,1,5,1388,1,15,7,2
2013460235254,2,21,0,11,0,7,0,0,0,0,2,1,6,1,8,-1,-1,-1,-1,-1
2013460235254,3,9,0,18,0,1,0,0,0,0,1,1,6,2,5,1299,1,8,5,2
2013460235254,4,9,0,18,0,1,0,0,0,0,2,1,6,1,8,998,1,2,7,3
2013460235255,1,9,0,18,0,0,0,0,1,4,1,1,2,1,9,-1,-1,-1,3,1
2013460235262,1,21,1,12,0,0,0,0,0,0,3,1,1,1,6,-1,-1,-1,-1,-1
2013460235262,2,9,0,18,0,0,1,0,2,7,4,1,6,1,7,1798,1,13,-1,-1
2013460235266,1,9,0,18,0,0,0,0,5,0,1,1,6,2,5,1598,1,10,9,3
2013460235267,1,9,0,4,0,0,0,0,0,0,2,1,6,1,6,-1,-1,-1,5,3
2013460235267,2,9,0,18,0,0,0,4,0,0,1,1,1,2,8,1396,1,11,7,1
2013460235278,1,9,0,18,0,0,0,0,0,0,1,1,1,2,5,1198,1,-1,6,3
2013460235282,1,9,0,5,0,2,0,0,0,0,1,1,6,2,9,2685,2,8,2,1
2013460235287,1,3,0,18,0,4,0,0,0,0,0,1,6,1,7,125,1,1,8,1
2013460235290,1,9,0,9,0,3,0,0,0,0,1,1,6,1,8,2946,1,11,1,1
2013460235290,2,9,0,18,0,4,0,0,0,0,1,1,6,2,7,-1,-1,-1,5,1
2013460235292,1,20,0,12,0,0,0,0,0,0,1,1,6,1,-1,2148,2,6,7,1
2013460235292,2,9,0,15,0,0,0,0,4,6,0,1,1,2,4,1299,1,12,8,1
2013460235295,1,8,0,18,0,1,0,0,0,0,1,1,1,1,9,1598,2,1,-1,-1
2013460235298,1,9,0,18,0,0,1,0,1,10,1,1,2,1,6,1390,1,18,10,1
2013460235298,2,9,0,18,0,0,1,0,0,0,2,1,2,1,6,1995,2,1,6,1
2013460235298,3,9,0,18,0,0,0,0,0,0,2,1,2,1,8,2179,2,1,5,1
2013460235299,1,9,0,11,0,0,0,0,0,0,4,1,6,3,-1,-1,-1,-1,-1,-1
2013460235299,2,4,0,18,0,0,0,0,1,0,3,1,6,1,4,125,1,-1,-1,-1
2013460235303,1,21,0,12,0,0,0,0,0,0,3,1,1,1,7,-1,-1,-1,-1,-1
2013460235303,2,9,0,18,0,0,0,0,0,0,4,1,6,2,5,1360,1,9,2,1
2013460235304,1,21,0,12,0,0,0,0,0,0,1,1,1,1,7,-1,-1,-1,-1,-1
2013460235304,2,9,0,13,0,0,1,0,1,10,4,1,6,1,7,1999,1,5,3,1
2013460235307,1,9,0,4,0,0,0,0,0,0,1,1,6,1,8,1968,2,5,10,1
2013460235307,2,90,0,4,0,0,0,0,0,0,2,1,6,1,10,2000,2,10,-1,-1
2013460235307,3,9,0,4,0,0,0,0,0,0,2,1,1,1,5,-1,-1,-1,3,1
2013460235307,4,9,0,4,0,0,0,0,0,0,2,1,1,2,7,1398,1,-1,8,1
2013460235308,1,9,0,18,0,1,0,0,0,0,1,1,1,2,5,1995,2,2,4,1
2013460235308,2,9,0,3,0,1,0,0,0,0,2,1,6,2,8,1998,1,1,10,1
2013460235309,1,9,0,1,0,0,0,0,0,0,2,1,6,3,-1,-1,-1,-1,-1,-1
2013460235315,1,9,0,9,0,0,0,0,0,0,1,1,6,1,7,1995,2,4,10,1
2013460235315,2,2,0,18,0,0,0,0,0,0,1,1,6,2,4,49,1,1,6,1
2013460235330,1,11,0,18,0,1,0,0,0,0,0,1,1,1,9,9603,2,15,8,1
2013460235334,1,9,0,18,0,0,0,0,0,0,1,1,3,2,7,1560,2,5,10,1
2013460235336,1,9,0,9,0,1,0,0,0,0,4,1,6,2,7,1995,2,7,10,1
2013460235336,2,9,0,18,0,1,0,0,0,0,1,1,6,1,7,1124,1,6,9,3
2013460235338,1,19,0,18,0,0,1,0,0,0,1,1,6,1,6,2198,2,3,5,1
2013460235338,2,9,0,18,0,0,0,0,0,0,2,1,6,1,8,-1,-1,-1,9,1
2013460235341,1,9,0,9,0,8,0,0,0,0,3,1,6,1,5,-1,-1,-1,4,3
2013460235341,2,9,0,14,0,8,0,0,0,0,4,1,6,1,5,1997,2,4,10,1
2013460235343,1,9,0,9,0,6,0,0,0,0,3,1,6,1,4,1086,1,9,5,1
2013460235343,2,9,0,16,0,8,1,0,0,0,1,1,6,1,5,-1,-1,-1,8,1
2013460235350,1,19,0,3,0,1,0,0,0,0,4,1,1,1,5,2287,2,-1,5,1
2013460235352,1,9,0,18,0,0,0,0,0,0,1,1,6,1,10,-1,-1,-1,6,1
2013460235352,2,9,0,18,0,0,0,4,0,0,1,1,6,1,9,1796,1,10,8,2
2013460235352,3,9,0,2,0,0,0,0,0,0,2,1,6,1,-1,1796,1,10,5,1
2013460235353,1,9,0,18,0,1,0,0,0,0,2,1,6,3,-1,1905,2,16,-1,-1
2013460235353,2,9,0,18,0,1,0,0,0,0,1,1,6,1,4,1595,1,15,3,1
2013460235356,1,-1,0,15,0,0,0,0,0,0,4,1,6,3,-1,-1,-1,-1,-1,-1
2013460235356,2,2,0,17,0,0,0,0,1,0,3,1,2,1,4,-1,-1,-1,6,3
2013460235358,1,9,0,18,0,6,0,0,0,0,3,1,6,2,7,1598,1,-1,10,1
2013460235358,2,9,0,18,0,8,0,0,0,0,1,1,6,1,6,1951,2,8,7,3
2013460235360,1,21,0,11,0,0,0,0,0,0,0,1,6,3,-1,-1,-1,-1,-1,-1
2013460235360,2,9,0,18,0,0,0,0,1,7,4,1,2,1,6,1761,1,11,2,1
2013460235362,1,9,0,7,0,6,0,0,0,0,1,1,6,2,7,1360,1,12,6,2
2013460235362,2,5,0,18,0,1,0,0,0,0,1,1,6,1,8,998,1,15,9,1
2013460235363,1,9,0,4,0,1,0,0,0,0,1,1,6,2,10,1598,1,10,4,1
2013460235363,2,1,0,4,0,1,0,0,0,0,1,1,6,1,2,-1,-1,-1,3,1
2013460235364,1,9,0,4,0,1,0,0,0,0,1,1,6,2,10,1560,2,3,10,2
2013460235364,2,5,0,3,0,1,0,0,0,0,2,1,2,1,8,1470,1,18,9,1
2013460235365,1,9,0,5,0,2,0,0,0,0,4,1,6,1,8,-1,-1,-1,7,1
2013460235368,1,2,0,18,0,1,2,0,0,0,0,1,2,1,-1,198,1,11,3,1
2013460235368,2,9,0,9,0,6,0,0,0,0,0,1,6,1,7,1275,1,19,6,3
2013460235375,1,9,0,4,0,0,1,0,0,0,1,1,2,2,9,1795,1,15,6,1
2013460235375,2,9,0,4,0,0,0,0,0,0,2,1,1,1,7,1399,2,2,2,1
2013460235378,1,9,0,4,0,1,0,0,0,0,1,1,6,1,6,1229,1,8,6,2
2013460235378,2,9,0,4,0,1,0,0,0,0,2,1,2,2,6,1598,1,8,7,3
2013460235379,1,9,0,17,0,0,2,0,0,0,4,1,6,2,10,1299,1,7,10,2
2013460235384,1,9,0,7,0,6,0,0,0,0,1,1,6,2,7,2199,2,2,5,3
2013460235384,2,1,0,18,0,8,0,0,0,0,2,1,1,1,6,-1,-1,-1,2,1
2013460235385,1,9,0,9,0,1,0,0,0,0,1,1,6,3,-1,-1,-1,-1,-1,-1
2013460235385,2,4,0,18,0,1,0,0,0,0,1,1,6,1,7,124,1,1,3,1
2013460235395,1,9,0,3,0,1,0,0,0,0,1,1,6,1,-1,2993,2,-1,8,3
2013460235395,2,9,0,6,0,1,0,0,0,0,1,1,6,1,6,1598,1,-1,5,3
2013460235397,1,3,0,13,0,1,0,0,0,0,3,1,6,1,5,125,1,5,5,1
2013460235397,2,9,0,9,0,8,0,0,0,0,4,1,6,1,11,2183,2,2,-1,3
2013460235400,1,9,0,9,0,8,5,0,7,0,1,1,2,1,7,1461,2,-1,4,1
2013460235400,2,9,0,10,0,1,0,0,0,0,3,1,2,1,9,-1,-1,-1,2,1
2013460235400,3,9,0,18,0,1,0,0,0,0,2,1,2,1,8,1560,2,7,7,1
2013460235400,4,9,0,18,0,1,0,0,0,0,1,1,2,1,5,4367,2,3,6,2
2013460235401,1,9,0,17,0,0,0,0,0,10,3,1,6,1,6,1997,1,14,-1,-1
2013460235409,1,9,0,16,0,0,2,0,1,2,1,1,6,1,4,998,1,14,6,1
2013460235409,2,9,0,16,0,0,0,0,0,0,1,1,6,1,4,1149,1,8,6,1
2013460235410,1,9,0,16,0,5,0,0,3,1,1,1,6,1,7,1753,2,7,9,1
2013460235413,1,9,0,9,9,5,0,0,0,0,3,1,6,1,7,-1,-1,-1,4,2
2013460235417,1,9,0,18,0,0,0,0,0,0,4,1,6,1,9,1800,1,10,2,1
2013460235418,1,9,0,14,0,1,0,0,0,0,1,1,6,1,7,1332,1,16,3,1
2013460235418,2,1,0,10,0,1,0,0,0,0,3,1,6,2,6,-1,-1,-1,8,1
2013460235419,1,9,0,4,0,7,0,0,0,0,1,1,6,1,9,2488,1,7,8,3
2013460235419,2,9,0,4,0,7,0,0,0,0,2,1,6,1,9,1560,2,3,5,1
2013460235420,1,9,0,18,0,3,0,0,0,0,1,1,6,1,9,505,1,6,7,1
2013460235423,1,21,0,12,0,3,0,0,0,0,3,1,1,1,10,7146,2,6,6,1
2013460235423,2,9,0,18,0,3,0,0,0,0,4,1,6,1,8,1242,1,12,2,1
2013460235426,1,2,0,3,0,0,0,0,0,0,1,1,6,1,4,124,1,-1,8,3
2013460235426,2,9,0,3,0,0,0,0,0,0,2,1,6,1,5,1794,1,9,4,1
2013460235428,1,11,0,4,2,0,0,0,0,0,4,1,1,1,8,5883,2,11,5,1
2013460235429,1,9,0,4,0,0,0,0,0,0,1,1,6,1,6,1995,2,4,2,1
2013460235429,2,9,0,4,0,0,0,0,0,0,2,1,6,1,-1,1598,1,1,1,1
2013460235429,3,9,0,3,0,0,0,0,0,0,2,1,6,1,-1,-1,-1,-1,9,1
2013460235431,1,1,0,7,0,1,0,0,0,0,0,1,6,1,8,-1,-1,-1,-1,-1
2013460235433,1,9,0,18,0,8,0,0,3,10,1,1,6,1,4,1798,1,10,5,2
2013460235434,1,9,0,9,0,8,0,0,7,0,1,1,6,1,10,2143,2,2,3,1
2013460235434,2,9,0,18,0,1,0,0,0,0,1,1,6,2,8,1598,2,-1,5,2
2013460235437,1,1,0,7,5,5,0,2,1,0,0,1,6,1,10,-1,-1,-1,4,1
2013460235438,1,9,0,16,0,0,2,0,0,0,1,1,2,1,7,1796,1,6,9,3
2013460235442,1,9,0,15,0,3,0,0,0,0,4,1,1,1,10,1586,1,-1,9,1
2013460235442,2,3,0,18,0,3,0,0,0,0,3,1,6,1,11,125,1,2,4,1
2013460235443,1,9,0,10,0,6,0,0,0,0,1,1,6,2,8,1299,1,14,5,1
2013460235443,2,9,0,10,0,5,0,0,0,0,2,1,6,1,10,1998,1,23,-1,-1
2013460235447,1,9,0,13,0,0,0,0,0,0,4,1,6,1,11,1590,1,11,5,1
2013460235447,2,11,0,18,0,0,0,0,0,0,3,1,1,1,8,9000,2,4,6,1
2013460235447,3,9,0,18,0,0,0,0,0,0,3,1,2,1,7,1242,1,17,-1,-1
2013460235448,1,19,0,4,0,8,0,0,0,0,1,1,2,1,8,1248,2,6,9,1
2013460235448,2,9,0,3,0,8,0,0,0,0,2,1,2,2,8,1895,1,14,5,1
2013460235449,1,1,0,5,0,0,1,0,0,0,0,1,6,1,9,-1,-1,-1,9,1
2013460235450,1,20,0,9,0,8,0,0,0,0,3,1,6,1,8,-1,-1,-1,-1,-1
2013460235450,2,9,0,7,0,8,0,0,0,0,3,1,2,1,8,1596,1,5,9,1
2013460235450,3,9,0,5,0,8,0,0,0,0,4,1,2,2,6,3201,1,17,9,1
2013460235451,1,9,0,4,0,0,0,4,0,0,1,1,6,2,10,1086,1,8,8,1
2013460235451,2,9,0,2,0,0,0,4,0,0,2,1,6,1,9,1956,2,2,8,1
2013460235452,1,9,0,18,0,0,0,0,0,0,3,1,6,2,11,1390,1,10,6,3
2013460235452,2,1,0,17,0,0,0,0,1,0,4,1,6,1,5,-1,-1,-1,-1,-1
2013460235453,1,9,0,9,0,5,0,0,0,0,1,1,2,2,6,1986,2,6,8,1
2013460235453,2,9,0,17,0,1,0,0,0,0,1,1,2,2,4,1242,1,10,10,2
2013460235454,1,9,0,4,0,0,0,0,0,0,1,1,6,1,5,1968,2,2,1,1
2013460235454,2,9,0,4,0,0,0,0,0,0,2,1,6,1,5,2143,2,-1,6,3
2013460235454,3,9,0,4,0,0,0,0,0,0,2,1,6,1,6,1975,1,8,5,1
2013460235454,4,9,0,4,0,0,0,0,0,0,2,1,6,3,-1,-1,-1,-1,-1,-1
2013460235454,5,9,0,4,0,0,0,0,0,0,2,1,6,3,-1,-1,-1,-1,-1,-1
2013460235454,6,21,1,2,0,0,0,0,0,0,0,1,6,3,-1,-1,-1,-1,-1,-1
2013460235457,1,9,0,7,0,1,0,0,0,0,1,1,2,1,9,1870,2,10,1,1
2013460235458,1,1,0,18,0,0,0,0,0,0,1,1,6,1,10,-1,-1,-1,-1,-1
2013460235460,1,9,0,18,0,0,0,0,0,0,1,1,6,1,6,1781,1,15,5,1
2013460235465,1,9,0,16,0,0,5,0,7,9,3,1,6,1,4,1149,1,6,4,3
2013460235467,1,9,0,9,0,0,0,0,0,0,3,1,6,1,8,-1,-1,-1,2,1
2013460235467,2,9,0,17,0,0,0,0,0,0,1,1,6,1,5,-1,-1,-1,3,1
2013460235473,1,11,0,18,0,0,0,0,0,0,0,1,3,1,10,10000,2,19,7,2
2013460235474,1,9,0,1,0,0,0,0,0,0,2,1,6,2,5,1299,1,14,7,1
2013460235474,2,9,0,2,0,0,0,0,0,0,3,1,6,1,4,1598,1,3,2,1
2013460235475,1,9,0,16,0,0,0,0,0,0,1,1,6,1,5,998,1,2,-1,-1
2013460235475,2,9,0,17,0,0,0,0,0,0,3,1,6,2,7,1242,1,-1,-1,-1
2013460235476,1,9,0,7,0,6,1,0,0,0,1,1,6,2,5,1598,1,4,10,1
2013460235476,2,9,0,18,0,1,0,0,1,4,4,1,6,1,9,1242,1,4,10,1
2013460235477,1,9,0,18,0,0,0,0,2,4,1,1,6,1,5,1348,1,11,7,3
2013460235480,1,9,0,17,0,1,0,0,1,10,1,1,6,1,7,1124,1,10,7,1