Accident_Index,Vehicle_Reference,Vehicle_Type,Towing_and_Articulation,Vehicle_Manoeuvre,Vehicle_Location-Restricted_Lane,Junction_Location,Skidding_and_Overturning,Hit_Object_in_Carriageway,Vehicle_Leaving_Carriageway,Hit_Object_off_Carriageway,1st_Point_of_Impact,Was_Vehicle_Left_Hand_Drive?,Journey_Purpose_of_Driver,Sex_of_Driver,Age_Band_of_Driver,Engine_Capacity_(CC),Propulsion_Code,Age_of_Vehicle,Driver_IMD_Decile,Driver_Home_Area_Type
2013460236478,1,9,0,18,0,1,0,0,0,10,1,1,6,1,10,1199,1,11,5,3
2013460236480,1,21,0,18,0,0,5,0,1,0,4,2,1,1,8,-1,-1,-1,-1,-1
2013460236487,1,9,0,18,0,0,0,0,0,0,1,1,6,3,-1,-1,-1,-1,-1,-1
2013460236487,2,90,0,18,0,0,0,10,1,10,3,1,6,1,11,-1,-1,-1,4,1
2013460236488,1,9,0,7,0,8,0,0,0,0,3,1,6,1,9,1299,1,9,1,1
2013460236488,2,9,0,9,0,8,0,0,0,0,3,1,6,2,9,1598,1,8,4,1
2013460236489,1,9,0,9,0,4,0,0,0,0,1,1,6,1,8,1242,1,6,-1,-1
2013460236489,2,2,0,18,0,8,0,0,0,0,4,1,6,1,4,-1,-1,-1,-1,-1
2013460236491,1,3,0,13,0,1,0,0,0,0,1,1,6,1,3,-1,-1,-1,4,2
2013460236491,2,9,0,9,0,5,0,0,0,0,3,1,6,1,7,1499,2,-1,2,2
2013460236501,1,9,0,18,0,0,1,0,0,0,1,1,6,1,6,1396,1,11,7,1
2013460236501,2,19,0,2,0,0,0,0,0,0,2,1,6,3,-1,2402,2,4,5,1
2013460236506,1,9,0,5,0,4,0,0,0,0,1,1,6,2,8,1360,1,14,7,3
2013460236506,2,9,0,18,0,3,0,0,1,7,4,1,6,2,6,1598,1,6,3,1
2013460236512,1,9,0,9,0,5,0,0,0,0,1,1,6,1,8,2499,2,14,3,2
2013460236512,2,2,0,18,0,8,0,0,0,0,1,1,6,1,4,49,1,5,6,3
2013460236518,1,9,0,9,0,8,0,0,0,0,3,1,6,1,5,1598,2,1,3,1
2013460236518,2,9,0,18,0,1,0,0,0,0,4,1,6,1,9,1389,1,18,6,3
2013460236524,1,9,0,18,0,0,1,0,0,0,1,1,6,2,6,1364,1,3,8,3
2013460236524,2,9,0,18,0,0,0,0,1,0,3,1,6,1,7,-1,-1,-1,-1,-1
2013460236526,1,1,0,18,0,8,0,0,0,0,3,1,2,2,5,-1,-1,-1,5,1
2013460236526,2,9,0,18,0,8,0,0,0,0,4,1,2,2,7,1198,1,4,7,1
2013460236528,1,9,0,18,0,0,0,11,0,0,1,1,6,3,-1,-1,-1,-1,-1,-1
2013460236530,1,9,0,18,0,8,0,11,0,0,1,1,6,2,9,999,1,11,6,3
2013460236530,2,9,0,18,0,8,0,0,0,0,1,1,6,1,8,1896,2,8,6,2
2013460236531,1,9,0,17,0,8,1,0,0,0,1,1,6,1,5,1199,1,10,6,1
2013460236531,2,9,0,16,0,8,0,0,0,0,1,1,6,2,6,1596,1,6,4,1
2013460236531,3,9,0,16,0,8,0,0,0,0,1,1,6,1,5,998,1,-1,10,1
2013460236535,1,9,0,18,0,1,1,0,0,0,1,1,6,2,9,1598,1,7,6,3
2013460236535,2,9,0,10,0,1,0,0,0,0,2,1,6,1,6,2497,1,12,-1,-1
2013460236537,1,9,0,18,0,0,0,11,0,0,1,1,2,1,6,1753,2,7,5,2
2013460236538,1,8,0,18,0,0,0,0,0,0,1,1,1,1,-1,-1,-1,-1,-1,-1
2013460236552,1,9,0,18,0,0,2,0,1,0,4,1,6,1,5,1598,1,3,5,3
2013460236557,1,9,0,16,0,8,1,0,0,0,3,1,6,2,9,1948,1,13,6,1
2013460236557,2,9,0,17,0,8,2,0,1,0,3,1,1,1,9,698,1,7,7,1
2013460236564,1,5,0,18,0,3,1,0,0,0,0,1,6,1,6,675,1,-1,10,1
2013460236568,1,9,0,18,0,0,2,0,1,0,4,1,2,1,7,1997,2,15,4,1
2013460236571,1,90,0,18,0,0,0,0,0,0,2,1,1,1,7,3920,2,2,1,1
2013460236579,1,9,0,18,0,4,0,0,0,0,3,1,6,2,-1,973,1,12,3,1
2013460236579,2,9,0,18,0,3,0,0,0,0,4,1,6,1,5,1598,1,5,3,1
2013460236583,1,9,0,9,0,6,0,0,0,0,3,1,6,1,6,1910,2,7,8,1
2013460236583,2,9,0,18,0,1,0,0,0,0,1,1,6,2,6,998,1,1,9,3
2013460236614,1,9,0,16,0,0,5,0,7,3,1,1,6,1,4,1796,1,12,1,1
2013460236619,1,9,0,18,0,1,0,0,0,0,4,1,6,3,-1,2435,1,13,-1,-1
2013460236619,2,1,0,18,0,1,0,0,0,0,3,1,6,1,6,-1,-1,-1,6,1
2013460236620,1,3,0,4,0,0,1,4,0,0,1,1,6,1,4,49,1,12,2,1
2013460236620,2,9,0,2,9,0,0,0,0,0,2,1,6,1,8,1686,2,-1,2,1
2013460236623,1,9,0,18,0,0,1,0,7,4,1,1,2,2,6,1389,1,16,7,2
2013460236628,1,9,0,18,0,0,0,0,0,0,1,1,6,2,6,1298,1,10,1,1
2013460236628,2,20,0,10,0,0,0,0,0,0,2,1,1,1,7,-1,-1,-1,10,1
2013460236630,1,9,0,18,0,1,0,7,0,0,1,1,6,2,11,1596,1,4,2,1
2013460236631,1,1,0,18,0,1,0,0,0,0,1,1,6,1,7,-1,-1,-1,-1,-1
2013460236638,1,9,0,18,0,0,0,0,0,0,1,1,6,2,8,2148,2,10,7,2
2013460236638,2,9,0,2,0,0,0,0,0,0,1,1,6,1,5,1951,2,9,8,3
2013460236644,1,8,0,18,0,0,0,0,0,0,1,1,1,1,8,2664,2,12,4,1
2013460236644,2,9,0,18,0,0,0,0,0,0,4,1,1,1,10,2143,2,3,1,1
2013460236645,1,2,0,18,0,1,1,0,0,0,0,1,1,1,5,-1,-1,-1,-1,-1
2013460236648,1,9,0,9,0,8,0,0,0,0,3,1,6,2,6,1796,1,15,3,1
2013460236648,2,9,0,18,0,1,1,0,0,0,1,1,6,1,6,1199,1,13,1,1
2013460236651,1,9,0,5,0,0,0,0,7,0,3,1,6,2,10,1686,2,9,5,1
2013460236651,2,9,0,2,9,0,0,0,0,0,1,1,6,1,-1,2972,1,14,6,1
2013460236657,1,1,0,7,0,5,0,0,0,0,0,1,6,2,10,-1,-1,-1,10,3
2013460236658,1,9,0,17,0,0,1,4,0,0,3,1,1,1,8,1968,2,4,7,1
2013460236658,2,9,0,17,0,0,0,0,0,0,4,1,2,1,7,1956,2,-1,5,3
2013460236658,3,9,0,2,0,0,0,0,0,0,3,1,6,1,-1,1997,2,12,6,3
2013460236665,1,9,0,18,0,0,1,10,1,10,1,1,2,1,7,1124,1,13,8,1
2013460236672,1,9,0,16,0,0,0,0,0,0,1,1,6,2,6,2493,1,9,8,3
2013460236672,2,9,0,17,0,0,0,0,1,4,1,1,6,1,7,1299,1,6,8,1
2013460236677,1,9,0,9,0,6,0,0,0,0,1,1,1,2,5,1242,1,4,7,1
2013460236677,2,4,0,18,0,1,0,7,0,0,1,1,1,1,5,-1,-1,-1,9,1
2013460236684,1,9,0,9,0,6,0,0,0,0,3,1,6,2,6,1598,1,6,5,1
2013460236684,2,5,0,18,0,1,0,0,0,0,1,1,6,1,6,599,1,24,6,2
2013460236685,1,9,0,18,0,0,0,0,0,0,1,1,2,1,8,1560,2,2,7,1
2013460236685,2,9,0,4,0,0,0,0,0,0,2,1,2,1,8,-1,-1,-1,8,1
2013460236700,1,9,0,18,0,0,0,0,0,0,4,1,2,2,6,1596,1,8,8,1
2013460236730,1,9,0,18,0,6,0,0,0,0,0,1,1,1,6,1968,2,4,-1,-1
2013460236730,2,9,0,9,0,6,0,0,0,0,3,1,6,1,9,1397,1,10,7,1
2013460236730,3,9,0,4,0,5,0,0,0,0,4,1,6,2,4,1242,1,12,3,1
2013460236786,1,9,0,18,0,4,0,0,0,0,3,1,6,1,6,-1,-1,-1,6,1
2013460236786,2,1,0,18,0,4,0,0,0,0,4,1,6,1,3,-1,-1,-1,5,3
2013460236788,1,11,0,4,0,0,0,0,0,0,0,1,1,1,8,-1,-1,-1,9,1
2013460236845,1,9,0,18,0,8,0,0,0,0,1,1,6,2,-1,1560,2,8,6,1
2013460236845,2,9,0,18,0,8,0,0,0,0,2,1,1,2,9,1600,1,2,10,3
2013460236868,1,9,0,18,0,6,0,0,0,0,1,1,6,3,-1,1783,1,11,-1,-1
2013460236868,2,9,0,18,0,8,0,0,0,0,4,1,6,2,8,1396,1,-1,9,1
2013460236881,1,9,0,18,0,0,2,0,0,0,2,1,1,1,6,1398,2,10,6,3
2013460236881,2,9,0,18,0,0,0,0,0,0,2,1,1,2,7,2143,2,1,-1,-1
2013460236891,1,9,0,18,0,0,0,0,0,0,1,1,6,2,9,1422,2,10,8,1
2013460236951,1,9,0,18,0,0,1,11,1,9,1,1,6,2,7,2401,2,6,7,3
2013460236951,2,9,0,18,0,0,5,0,1,9,3,1,6,1,8,-1,-1,-1,7,2
2013460236971,1,9,0,18,0,1,1,0,0,0,1,1,6,2,4,847,1,15,4,1
2013460236971,2,9,0,4,0,1,0,0,0,0,2,1,6,1,7,-1,-1,-1,4,1
2013460236978,1,9,0,18,0,4,0,0,1,10,1,1,6,1,5,1360,1,11,4,2
2013460236978,2,9,0,4,0,8,0,0,0,0,1,1,6,2,10,1497,1,8,6,2
2013460237017,1,19,0,17,8,1,0,0,0,0,4,1,6,2,7,2143,2,4,8,1
2013460237027,1,9,0,18,0,0,0,0,0,0,1,1,6,2,10,1242,1,4,9,1
2013460237289,1,9,0,5,0,6,0,0,0,0,3,1,6,2,7,1242,1,5,-1,-1
2013460237289,2,9,0,18,0,1,0,0,1,10,1,1,6,1,5,2792,1,12,-1,-1
2013460237496,1,1,0,18,0,2,0,0,0,0,1,1,6,1,7,-1,-1,-1,3,1
2013460237496,2,9,0,18,0,1,0,0,0,0,3,1,2,1,7,1560,2,5,9,2
2013460237721,1,19,0,18,0,0,0,0,0,0,1,1,6,1,5,2198,2,5,8,3
2013460237721,2,9,0,18,0,0,0,0,0,0,3,1,6,1,9,1461,2,-1,10,1
2013460237822,1,9,0,5,0,6,0,0,0,0,1,1,6,2,7,1988,1,8,1,1
2013460237822,2,9,0,18,0,7,0,0,0,0,2,1,6,1,4,973,1,11,-1,-1
2013460237891,1,-1,0,18,0,1,0,0,0,0,3,1,6,3,-1,-1,-1,-1,-1,-1
2013460238316,1,9,0,5,0,4,0,0,0,0,1,1,6,2,8,998,1,13,8,1
2013460238316,2,9,0,18,0,3,0,0,0,0,1,1,2,1,6,1989,1,13,4,1
2013460238458,1,9,0,18,0,2,0,0,0,0,4,1,6,2,6,1595,1,6,10,3
2013460238523,1,9,0,9,0,6,0,0,0,0,1,1,1,1,7,1896,2,7,3,1
2013460238523,2,9,0,18,0,1,0,0,0,0,4,1,1,1,6,1968,2,6,9,1
2013471300004,1,9,0,18,0,0,0,0,0,0,3,1,6,2,4,1299,1,16,10,1
2013471300004,2,9,0,9,0,0,0,0,0,0,3,1,6,2,5,1951,2,11,8,1
2013471300006,1,9,0,18,0,1,0,0,0,0,1,1,6,1,5,1995,1,9,8,1
2013471300006,2,5,0,5,0,1,0,0,0,0,1,1,1,1,7,600,1,8,1,1
2013471300012,1,9,0,18,0,1,0,0,7,5,4,1,6,1,6,1398,1,3,7,1
2013471300012,2,9,0,4,0,1,0,0,0,0,3,1,6,2,7,1587,1,9,5,1
2013471300013,1,9,0,18,0,8,0,0,0,0,1,1,6,1,8,999,1,11,10,1
2013471300014,1,9,0,18,0,0,0,0,0,0,4,1,6,1,9,1598,1,9,10,3
2013471300018,1,9,0,7,0,8,0,0,0,0,1,1,6,2,7,1989,1,13,4,1
2013471300018,2,1,0,18,0,2,0,0,0,0,2,1,6,1,7,-1,-1,-1,9,1
2013471300023,1,9,0,18,0,0,0,0,1,10,1,1,6,1,5,1600,1,13,7,3
2013471300023,2,9,0,2,9,0,0,0,0,0,0,1,6,3,-1,1796,1,6,-1,-1
2013471300029,1,9,0,18,0,0,0,0,0,0,1,1,6,1,7,2987,2,5,1,1
2013471300029,2,9,0,4,0,0,0,0,0,0,2,1,6,1,10,1596,1,5,6,1
2013471300032,1,9,0,5,0,6,0,0,0,0,3,1,6,1,9,1896,2,6,2,1
2013471300033,1,9,0,5,8,0,0,0,0,0,0,1,6,1,5,1845,1,20,7,3
2013471300033,2,9,0,18,0,0,1,0,7,4,1,1,6,2,4,-1,-1,-1,8,3
2013471300035,1,9,0,18,0,0,0,0,0,0,3,1,6,1,10,1086,1,5,4,1
2013471300035,2,9,0,18,0,0,0,0,0,0,3,1,2,1,7,1461,2,5,-1,-1
2013471300036,1,9,0,5,0,1,0,0,0,0,1,1,6,2,7,1560,2,1,7,1
2013471300037,1,9,0,7,0,6,0,0,0,0,3,1,6,1,8,1229,1,8,6,1
2013471300037,2,1,5,18,0,1,0,0,0,0,1,1,6,1,7,-1,-1,-1,7,1
2013471300038,1,9,0,5,0,7,0,0,0,0,0,1,6,3,7,-1,-1,-1,-1,-1
2013471300038,2,9,0,18,0,1,1,0,0,0,4,1,6,2,10,1686,2,15,3,1
2013471300038,3,19,0,18,0,1,1,0,4,6,1,1,1,1,6,1968,2,6,8,3
2013471300038,4,9,0,18,0,1,1,0,0,0,1,1,6,2,8,-1,-1,-1,10,1
2013471300039,1,9,0,18,0,6,0,0,0,0,1,1,6,2,8,1497,1,12,7,1
2013471300039,2,1,0,18,0,8,0,0,0,0,1,1,6,1,8,-1,-1,-1,3,1
2013471300041,1,9,0,4,0,1,0,0,0,0,1,1,2,2,4,1598,2,2,8,3
2013471300041,2,9,0,4,0,1,0,0,0,0,2,1,6,1,8,-1,-1,-1,8,2
2013471300043,1,19,0,9,0,6,0,0,0,0,0,1,1,2,7,-1,-1,-1,9,1
2013471300043,2,1,0,18,0,1,0,0,1,0,0,1,6,2,9,-1,-1,-1,5,1
2013471300044,1,9,0,17,0,0,2,10,1,10,1,1,2,1,4,-1,-1,-1,9,3
2013471300046,1,9,0,18,0,6,0,0,0,0,1,1,6,1,11,1968,2,4,9,1
2013471300046,2,9,0,17,0,8,0,0,0,0,1,1,6,1,5,1896,2,10,1,1
2013471300049,1,9,0,18,0,2,1,4,0,0,1,1,6,2,8,-1,-1,-1,1,1
2013471300049,2,9,0,9,0,6,0,0,0,0,3,1,6,2,6,1299,1,5,3,1
2013471300049,3,9,0,2,0,2,0,0,0,0,2,1,6,2,7,3199,1,16,1,1
2013471300056,1,9,0,18,0,8,0,0,0,0,1,1,6,1,5,1386,1,4,2,1
2013471300059,1,10,0,9,0,6,0,0,0,0,1,1,1,1,8,2198,2,3,4,1
2013471300059,2,9,0,18,0,1,2,0,0,0,4,1,6,1,7,-1,-1,-1,6,3
2013471300059,3,9,0,18,0,1,0,0,0,0,3,1,6,1,5,-1,-1,-1,4,1
2013471300060,1,9,0,18,0,1,0,0,0,0,0,1,2,2,6,998,1,17,3,1
2013471300061,1,9,0,17,0,0,1,0,1,3,1,1,6,1,6,1598,1,8,9,1
2013471300065,1,9,0,18,0,0,0,0,0,0,1,1,6,2,7,1598,1,16,1,1
2013471300065,2,9,0,4,0,0,0,0,0,0,2,1,6,2,6,1598,1,7,-1,-1
2013471300066,1,21,0,16,0,0,5,0,0,0,1,1,1,1,8,12777,2,4,9,1
2013471300066,2,9,0,18,0,0,0,0,0,0,1,1,6,1,10,1905,2,18,2,1
2013471300066,3,9,0,18,0,0,0,0,0,0,1,1,6,1,8,1998,1,10,6,1
2013471300067,1,9,0,17,0,0,0,10,1,10,4,1,6,1,5,1800,1,14,7,1
2013471300068,1,9,0,7,0,6,0,0,0,0,1,1,6,1,-1,-1,-1,-1,9,1
2013471300070,1,2,0,4,0,1,1,0,1,9,1,1,6,1,4,49,1,10,2,1
2013471300070,2,2,0,4,0,1,0,0,0,0,0,1,6,1,4,49,1,11,4,1
2013471300070,3,9,0,4,0,2,0,0,0,0,0,1,6,3,-1,-1,-1,-1,-1,-1
2013471300071,1,9,0,17,0,0,1,0,1,0,1,1,6,1,6,1781,1,23,6,3
2013471300071,2,9,0,16,0,0,5,0,1,9,1,1,6,1,7,999,1,6,10,1
2013471300071,3,9,0,16,0,0,0,0,0,0,1,1,6,2,8,1364,1,5,8,3
2013471300081,1,9,0,18,0,4,0,0,0,0,1,1,6,1,7,1461,2,6,8,1
2013471300081,2,1,0,18,0,3,0,0,0,0,1,1,6,1,6,-1,-1,-1,6,1
2013471300082,1,5,0,13,0,0,0,0,1,0,1,1,6,2,8,645,1,4,1,1
2013471300082,2,9,0,18,0,0,0,0,0,0,0,1,6,3,6,-1,-1,-1,-1,-1
2013471300085,1,9,0,4,0,0,0,0,0,0,1,1,6,1,9,1598,1,5,10,1
2013471300086,1,8,0,9,0,2,0,0,0,0,4,1,6,1,8,1984,2,1,7,1
2013471300086,2,9,0,18,0,1,0,0,0,0,3,1,6,2,8,1997,1,6,4,1
2013471300088,1,11,0,18,0,1,0,0,0,0,0,1,1,1,7,9000,2,4,4,1
2013471300088,2,19,0,18,0,1,0,0,0,0,0,1,6,3,7,-1,-1,-1,-1,-1
2013471300092,1,9,0,18,0,0,0,0,2,4,1,1,6,1,6,1984,1,3,9,3
2013471300094,1,9,0,16,0,0,0,0,1,4,3,1,6,1,6,1798,1,16,10,1
2013471300096,1,9,0,16,0,0,2,0,7,9,1,1,6,1,7,1124,1,12,3,1
2013471300100,1,1,0,18,0,0,0,0,0,0,0,1,6,1,9,-1,-1,-1,10,1
2013471300101,1,9,0,4,0,4,0,0,0,0,1,1,1,1,8,1587,1,6,5,1
2013471300101,2,1,0,3,0,4,0,0,0,0,2,1,2,1,9,-1,-1,-1,6,1
2013471300103,1,9,0,4,0,1,0,0,0,0,1,1,2,2,4,1598,1,8,9,3
2013471300103,2,9,0,4,0,1,0,0,0,0,2,1,2,2,7,1493,2,3,8,1
2013471300105,1,9,0,17,0,0,5,0,1,0,4,1,6,1,4,998,1,14,6,3
2013471300106,1,21,0,7,0,8,0,0,0,0,4,1,1,1,8,6370,2,2,3,3
2013471300108,1,9,0,7,0,8,0,0,0,0,1,1,6,2,6,-1,-1,-1,-1,-1
2013471300108,2,9,0,7,0,8,0,0,0,0,3,1,2,1,5,1242,1,9,9,3
2013471300109,1,5,0,7,0,5,0,0,7,10,1,1,6,1,5,645,1,11,4,1
2013471300110,1,1,0,18,2,8,0,0,0,0,4,1,6,1,7,-1,-1,-1,3,1
2013471300112,1,9,0,17,0,0,0,0,1,4,1,1,6,2,8,1598,1,15,7,3
2013471300113,1,21,0,1,0,8,0,0,0,0,2,1,1,1,8,4250,2,11,6,1
2013471300113,2,9,0,18,0,8,0,0,1,4,3,1,6,1,8,1796,1,4,9,1
2013471300114,1,9,0,16,0,0,2,0,2,4,1,1,6,1,7,1896,2,6,10,1
2013471300115,1,9,0,5,0,2,0,0,0,0,3,1,6,1,9,1598,1,10,6,1
2013471300117,1,9,0,5,0,2,0,0,0,0,1,1,6,2,6,2099,1,11,4,1
2013471300124,1,9,0,16,0,0,0,0,1,4,4,1,2,1,5,-1,-1,-1,5,1
2013471300125,1,9,0,18,0,0,0,0,1,3,1,1,6,1,11,1598,1,5,7,3
2013471300127,1,9,0,5,0,6,0,0,0,0,3,1,6,2,9,-1,-1,-1,7,1
2013471300127,2,4,0,18,0,1,0,0,0,0,1,1,2,1,6,198,1,10,10,1
2013471300128,1,9,0,18,0,1,0,0,0,0,4,1,6,1,8,1242,1,2,10,2
2013471300129,1,9,0,7,0,6,0,0,0,0,0,1,6,3,-1,-1,-1,-1,-1,-1
2013471300129,2,1,0,18,0,8,0,0,0,0,3,1,1,1,7,-1,-1,-1,3,1
2013471300131,1,9,0,7,0,8,0,0,0,0,3,1,6,2,4,1299,1,11,6,1
2013471300131,2,1,0,18,0,1,0,0,0,0,1,1,2,1,7,-1,-1,-1,6,3
2013471300132,1,9,5,18,0,0,0,0,0,0,4,1,6,3,-1,-1,-1,-1,-1,-1
2013471300134,1,19,0,13,0,4,0,0,0,0,4,1,6,3,-1,2148,2,5,-1,-1
2013471300134,2,9,0,7,0,4,0,0,0,0,3,1,6,1,9,1596,1,2,3,1
2013471300135,1,9,0,16,0,0,2,0,7,0,0,1,6,1,7,4163,1,6,8,1
2013471300136,1,1,0,18,2,2,0,0,0,0,1,1,6,1,6,-1,-1,-1,3,1
2013471300137,1,20,0,18,0,1,0,0,0,0,1,1,1,1,7,5193,2,4,7,1
2013471300137,2,9,0,4,0,1,0,0,0,0,2,1,6,2,7,1560,2,3,9,1
2013471300137,3,9,0,10,0,2,0,0,0,0,0,1,6,2,7,1800,1,13,4,1
2013471300140,1,9,0,18,0,0,0,0,0,0,1,1,6,1,8,1800,1,13,10,1
2013471300142,1,9,0,4,0,0,0,0,0,0,1,1,2,2,4,1199,1,12,2,1
2013471300142,2,9,0,4,0,0,0,0,0,0,2,1,2,1,7,1870,2,9,3,1
2013471300142,3,9,0,4,0,0,0,0,0,0,2,1,2,1,6,1995,2,9,3,1
2013471300142,4,9,0,4,0,0,0,0,0,0,1,1,1,1,9,1598,2,3,5,1
2013471300142,5,9,0,18,0,0,0,0,0,0,0,1,6,2,6,1968,2,6,4,1
2013471300147,1,9,0,7,0,3,1,0,0,0,1,1,6,1,8,1296,1,18,5,1
2013471300148,1,9,0,9,0,0,0,0,0,0,3,1,2,1,9,2435,1,12,8,3
2013471300148,2,9,0,18,0,0,0,0,7,5,1,1,2,1,9,1242,1,4,8,2
2013471300154,1,9,0,16,0,0,1,4,0,0,1,1,6,1,6,1796,1,14,4,1
2013471300154,2,9,0,2,0,0,0,4,0,0,2,1,6,3,-1,2401,2,9,-1,-1
2013471300154,3,9,0,2,0,0,0,4,0,0,2,1,6,3,-1,1598,1,13,-1,-1
2013471300154,4,9,0,2,0,0,0,0,0,0,1,1,6,3,-1,1598,1,14,-1,-1
2013471300155,1,9,0,18,0,0,0,0,0,0,1,1,6,1,10,1560,2,2,-1,-1
2013471300155,2,9,0,18,0,0,0,0,0,0,1,1,6,1,4,1896,2,11,2,1
2013471300156,1,9,0,18,0,0,0,0,0,0,3,1,6,1,11,1398,1,1,7,1
2013471300156,2,9,0,18,0,0,0,0,0,0,3,1,6,1,9,1896,2,10,3,1
2013471300156,3,9,0,18,0,0,0,0,0,0,0,1,6,1,9,1796,1,6,6,1
2013471300156,4,9,0,18,0,0,0,0,0,0,1,1,6,2,8,1589,1,18,4,1
2013471300157,1,9,0,9,0,8,0,0,0,0,4,1,6,1,8,1560,2,1,3,1
2013471300157,2,9,0,18,0,8,0,0,0,0,1,1,6,2,10,1108,1,12,6,2
2013471300158,1,9,0,7,0,1,0,0,0,0,1,1,2,2,8,2179,2,4,10,3
2013471300158,2,4,0,4,0,1,1,0,0,0,4,1,1,1,5,744,1,3,10,3
2013471300159,1,9,0,9,0,6,0,0,0,0,4,1,6,1,6,-1,-1,-1,-1,-1
2013471300159,2,9,0,18,0,2,0,0,0,0,3,1,6,2,8,1198,1,6,8,1
2013471300161,1,9,0,4,0,1,1,0,0,0,1,1,3,2,7,1388,1,10,5,2
2013471300161,2,9,0,4,0,1,0,0,0,0,2,1,1,2,7,1360,1,13,5,2
2013471300161,3,9,0,10,0,1,0,0,0,0,2,1,1,1,8,-1,-1,-1,7,2
2013471300163,1,9,0,17,0,0,1,0,7,10,1,1,6,1,11,1598,1,5,5,2
2013471300163,2,20,0,18,0,0,0,0,0,0,4,1,1,1,8,2463,2,8,5,2
2013471300164,1,9,0,18,0,1,0,0,0,0,2,1,6,1,8,-1,-1,-1,6,3
2013471300164,2,9,0,18,0,1,0,0,0,0,0,1,6,1,7,1399,2,8,6,1
2013471300165,1,90,0,7,9,5,0,0,0,0,1,1,6,2,7,1600,2,27,5,1
2013471300166,1,9,0,3,0,6,0,0,0,0,1,1,6,2,7,1910,2,6,9,1
2013471300166,2,9,0,3,0,6,0,0,0,0,2,1,6,1,7,1997,2,10,9,1
2013471300167,1,9,0,9,0,6,0,0,0,0,0,1,6,2,4,998,1,1,7,1
2013471300167,2,11,0,18,0,1,0,0,0,0,0,1,1,1,8,8970,2,10,2,1
2013471300167,3,9,0,18,0,1,0,0,7,0,1,1,6,1,6,1328,1,11,3,1
2013471300167,4,21,0,18,0,1,0,0,0,0,1,1,1,1,8,10308,2,3,5,1
2013471300168,1,19,0,18,0,2,1,0,0,0,1,1,1,1,8,2402,2,6,1,1
2013471300168,2,9,0,4,0,2,0,0,0,0,2,1,6,1,6,1275,1,20,6,1
2013471300169,1,9,0,7,0,4,0,0,0,0,4,1,2,1,6,1390,1,3,8,1
2013471300169,2,1,0,9,0,4,0,0,0,0,4,1,2,1,5,-1,-1,-1,6,1
2013471300170,1,9,0,18,0,1,0,0,0,0,4,1,6,1,6,1596,1,11,1,1
2013471300170,2,9,0,9,0,5,0,0,0,0,3,1,6,2,7,1997,1,7,1,1
2013471300174,1,9,0,18,0,8,0,0,0,0,1,1,6,3,-1,-1,-1,-1,-1,-1
2013471300175,1,1,0,18,0,0,0,0,0,0,0,1,2,1,8,-1,-1,-1,5,1
2013471300176,1,9,4,18,0,8,3,0,5,6,3,1,6,1,7,-1,-1,-1,5,2
2013471300176,2,9,0,18,0,8,0,0,0,0,1,1,6,2,8,1149,1,2,8,1
2013471300177,1,19,0,18,0,2,0,0,0,0,1,1,1,1,7,-1,-1,-1,7,2
2013471300178,1,9,0,9,0,6,0,0,0,0,4,1,6,1,8,2401,2,10,8,1
2013471300178,2,9,0,18,0,1,0,0,0,0,3,1,6,2,4,1242,1,7,8,3
2013471300179,1,3,0,13,0,0,0,0,0,0,1,1,6,1,4,125,1,4,6,1
2013471300179,2,9,0,18,0,0,0,0,0,0,1,1,6,2,8,1598,1,3,10,1
2013471300180,1,19,0,18,0,0,0,0,1,9,1,1,1,1,9,2299,2,2,8,1
2013471300180,2,9,0,3,0,0,0,0,0,0,2,1,6,1,6,1388,1,3,6,1
2013471300180,3,19,0,3,0,0,0,0,0,0,2,1,1,1,8,2198,2,1,9,1
2013471300180,4,21,1,18,0,0,0,0,0,0,3,1,1,1,7,12900,2,5,5,1
2013471300181,1,9,0,18,0,0,0,0,0,0,3,1,6,2,6,1560,2,1,6,1
2013471300181,2,19,0,3,0,0,0,0,0,0,0,1,1,1,7,-1,-1,-1,3,1
2013471300182,1,9,0,16,0,0,0,0,1,0,1,1,6,2,6,1339,1,10,8,1
2013471300184,1,9,0,16,0,0,1,0,7,10,1,1,6,1,4,-1,-1,-1,5,1
2013471300185,1,9,0,18,0,0,0,0,0,0,1,1,6,2,9,1596,1,8,9,3
2013471300187,1,9,0,1,0,0,0,0,0,0,2,1,6,1,7,1242,1,11,2,1
2013471300187,2,9,0,2,0,0,0,0,0,0,2,1,6,1,9,2151,2,13,10,2
2013471300188,1,9,0,5,0,4,0,0,0,0,1,1,6,2,6,1560,2,9,5,1
2013471300188,2,1,0,18,0,4,0,0,0,0,4,1,6,1,5,-1,-1,-1,5,2
2013471300191,1,9,0,17,0,0,1,0,0,10,1,1,6,1,4,1149,1,5,9,3
2013471300192,1,1,0,18,0,1,1,0,0,0,1,1,6,1,5,-1,-1,-1,3,1
2013471300192,2,9,0,3,0,1,0,0,0,0,2,1,6,1,7,-1,-1,-1,-1,-1
2013471300192,3,9,0,18,0,1,0,0,0,0,0,1,6,3,6,-1,-1,-1,-1,-1