Accident_Index,Vehicle_Reference,Vehicle_Type,Towing_and_Articulation,Vehicle_Manoeuvre,Vehicle_Location-Restricted_Lane,Junction_Location,Skidding_and_Overturning,Hit_Object_in_Carriageway,Vehicle_Leaving_Carriageway,Hit_Object_off_Carriageway,1st_Point_of_Impact,Was_Vehicle_Left_Hand_Drive?,Journey_Purpose_of_Driver,Sex_of_Driver,Age_Band_of_Driver,Engine_Capacity_(CC),Propulsion_Code,Age_of_Vehicle,Driver_IMD_Decile,Driver_Home_Area_Type
2013471301422,1,9,0,18,0,0,2,0,1,10,3,1,6,1,10,1299,1,12,10,2
2013471301423,1,19,0,18,0,1,0,0,0,0,1,1,2,1,7,1870,2,8,5,1
2013471301423,2,9,0,8,0,1,0,0,0,0,2,1,6,2,6,-1,-1,-1,9,1
2013471301426,1,1,0,18,0,1,0,0,0,0,1,1,6,1,5,-1,-1,-1,1,1
2013471301429,1,9,0,18,0,4,1,0,0,0,1,1,6,1,6,-1,-1,-1,4,1
2013471301429,2,9,0,4,0,4,0,0,0,0,2,1,6,2,6,1389,1,11,3,1
2013471301432,1,9,0,12,0,3,0,0,0,0,1,1,1,2,7,1796,1,13,7,1
2013471301432,2,2,0,18,0,3,0,0,0,0,3,1,6,2,8,49,1,3,3,1
2013471301435,1,9,0,18,0,1,0,0,0,0,1,1,6,1,6,1587,1,14,9,1
2013471301435,2,9,0,18,0,2,0,0,0,0,1,1,6,1,7,1242,1,11,-1,-1
2013471301438,1,9,0,18,0,8,0,0,0,0,4,1,1,2,8,1997,2,1,1,1
2013471301438,2,19,0,18,0,8,0,0,0,0,1,1,1,1,9,2402,2,10,7,1
2013471301439,1,8,0,9,0,2,0,0,0,0,3,1,1,1,7,1997,2,2,7,1
2013471301440,1,9,0,18,0,0,1,0,5,6,1,1,2,1,7,1798,1,3,9,2
2013471301447,1,9,0,18,0,0,1,0,1,7,1,1,2,2,8,1598,1,14,4,1
2013471301451,1,9,0,5,0,2,0,0,0,0,1,1,6,3,7,1360,1,5,-1,-1
2013471301452,1,9,0,18,0,0,1,0,7,10,1,1,6,2,6,1240,1,9,6,1
2013471301457,1,9,0,13,0,0,0,0,7,10,1,1,1,1,7,1796,1,9,1,1
2013471301457,2,9,0,16,0,0,0,0,0,0,2,1,6,2,9,1598,1,5,6,3
2013471301457,3,9,0,17,0,0,0,0,0,0,1,1,6,2,7,1896,2,13,7,3
2013471301459,1,9,0,7,0,5,0,0,0,0,4,1,6,2,10,1781,1,12,8,1
2013471301459,2,1,0,18,0,2,0,0,0,0,1,1,6,1,7,-1,-1,-1,9,1
2013471301460,1,9,0,9,0,1,0,0,0,0,3,1,6,2,8,1997,1,6,10,1
2013471301460,2,9,0,18,0,1,0,0,0,0,3,1,6,2,5,1108,1,10,8,3
2013471301465,1,9,0,18,0,8,1,0,1,3,1,1,6,2,4,1149,1,10,7,1
2013471301467,1,9,0,16,0,0,1,0,0,0,1,1,6,2,6,1596,1,11,3,1
2013471301467,2,9,0,17,0,0,0,0,0,0,1,1,2,1,8,1968,2,5,8,1
2013471301470,1,9,0,18,0,0,1,0,0,0,1,1,6,1,9,980,1,22,1,1
2013471301473,1,9,0,18,0,2,0,0,0,0,1,1,3,1,10,1596,1,11,6,2
2013471301473,2,9,0,2,0,1,0,0,0,0,2,1,3,2,6,1398,1,15,6,1
2013471301474,1,21,0,18,0,0,0,0,0,0,1,1,6,3,-1,-1,-1,-1,-1,-1
2013471301474,2,9,0,18,0,0,0,0,0,0,1,1,6,2,5,1598,1,6,6,2
2013471301477,1,9,0,9,0,8,0,0,7,0,1,1,6,1,7,1769,1,11,4,1
2013471301477,2,9,0,18,0,8,0,0,0,0,1,1,6,1,6,1493,1,14,5,1
2013471301478,1,9,0,18,9,0,0,0,1,4,1,1,1,1,6,1997,2,1,1,1
2013471301479,1,9,0,5,0,6,0,0,0,0,3,1,1,2,10,3311,8,5,9,3
2013471301479,2,9,0,18,0,8,0,0,0,0,1,1,1,2,8,1364,1,3,8,3
2013471301482,1,9,0,14,0,0,0,0,0,0,1,1,6,2,11,999,1,4,5,3
2013471301482,2,9,0,5,0,0,0,0,0,0,2,1,6,2,7,1686,2,16,8,1
2013471301483,1,1,0,18,0,0,0,0,0,0,1,1,2,1,5,-1,-1,-1,8,2
2013471301486,1,9,0,18,0,4,0,0,0,0,1,1,6,2,9,2179,2,6,6,1
2013471301486,2,9,0,9,0,3,0,0,0,0,1,1,6,2,5,1679,1,-1,7,1
2013471301488,1,9,0,18,0,0,0,0,0,0,4,1,6,1,7,1596,1,7,9,1
2013471301495,1,9,0,6,0,0,0,0,0,0,3,1,6,2,7,1364,2,7,2,1
2013471301495,2,9,0,18,0,0,0,0,0,0,1,1,6,1,5,1299,1,14,3,1
2013471301496,1,1,0,18,0,8,0,0,0,0,1,1,6,1,4,-1,-1,-1,1,1
2013471301496,2,11,0,18,0,1,0,0,0,0,4,1,1,1,8,-1,-1,-1,4,1
2013471301499,1,9,0,9,0,0,0,0,0,0,4,1,6,2,10,-1,-1,-1,-1,-1
2013471301499,2,1,0,18,0,0,0,0,0,0,3,1,6,1,8,-1,-1,-1,2,1
2013471301500,1,11,0,5,0,1,0,0,0,0,0,1,1,1,7,-1,-1,-1,3,1
2013471301505,1,9,0,17,0,0,1,0,0,0,1,1,6,1,4,1124,1,13,6,3
2013471301505,2,21,0,16,0,0,0,0,0,0,1,1,1,1,9,11946,2,-1,3,1
2013471301506,1,9,0,18,0,0,1,0,0,0,2,1,6,1,8,1794,1,10,7,1
2013471301507,1,9,0,11,0,0,1,0,0,0,1,1,6,2,10,1360,1,9,6,1
2013471301507,2,8,0,18,0,0,0,0,1,0,3,1,6,1,10,-1,-1,-1,4,1
2013471301508,1,9,0,18,0,1,1,0,0,0,1,1,6,1,7,1582,2,3,-1,-1
2013471301508,2,8,0,4,0,1,0,0,0,0,0,1,6,1,6,1124,1,12,2,1
2013471301510,1,21,1,4,0,1,0,0,0,0,1,1,1,1,9,12000,2,23,5,3
2013471301512,1,9,0,9,0,8,0,0,0,0,1,1,6,2,6,1910,2,8,7,1
2013471301512,2,9,0,18,0,8,0,0,0,0,4,1,6,2,11,2792,1,3,3,1
2013471301513,1,9,0,6,0,8,0,0,0,0,3,1,6,2,6,1587,1,17,9,1
2013471301513,2,19,0,18,0,8,0,0,0,0,1,1,1,1,8,2402,2,6,9,1
2013471301514,1,9,0,16,0,0,1,0,1,10,1,1,1,1,4,999,1,15,10,1
2013471301521,1,9,0,18,0,0,0,0,0,0,2,1,6,1,11,1396,1,8,7,1
2013471301521,2,9,0,18,0,0,0,0,0,0,1,1,6,2,6,1360,1,4,10,1
2013471301523,1,9,0,18,0,1,0,0,0,0,1,1,1,3,-1,1731,1,14,-1,-1
2013471301526,1,21,0,18,0,0,1,0,0,0,1,1,1,1,8,12740,2,-1,10,1
2013471301526,2,9,0,4,0,0,0,0,0,0,2,1,6,2,6,2776,2,7,-1,-1
2013471301529,1,9,0,4,0,1,0,0,0,0,1,1,6,2,9,1149,1,8,5,1
2013471301530,1,8,0,6,0,1,0,0,0,0,3,1,1,1,7,1896,2,3,8,1
2013471301530,2,1,0,4,0,2,0,0,0,0,1,1,6,1,5,-1,-1,-1,4,1
2013471301531,1,19,0,18,0,1,0,0,0,0,3,1,6,1,6,1753,2,10,1,1
2013471301531,2,9,0,18,0,2,0,0,0,0,3,1,6,2,9,1598,1,9,1,1
2013471301532,1,9,0,1,0,0,0,0,0,10,2,1,6,1,10,1388,1,8,8,3
2013471301535,1,9,0,18,0,0,0,0,0,0,1,1,6,1,6,1587,1,15,6,1
2013471301535,2,9,0,2,0,0,0,0,0,0,2,1,6,1,4,1198,1,9,10,1
2013471301535,3,9,0,2,0,0,0,0,0,0,2,1,6,2,4,599,1,12,5,1
2013471301535,4,9,0,2,0,0,0,0,0,0,1,1,6,1,-1,1124,1,11,6,1
2013471301540,1,9,0,17,0,0,1,0,0,0,1,1,6,2,6,1149,1,13,7,2
2013471301540,2,9,0,16,0,0,0,0,0,0,1,1,6,1,8,2993,2,2,6,3
2013471301541,1,5,0,16,0,0,0,0,0,0,1,1,6,1,7,598,1,12,5,3
2013471301541,2,9,0,17,0,0,0,0,0,0,1,1,6,1,8,1796,1,14,6,3
2013471301542,1,9,0,7,0,6,0,0,0,0,4,1,6,2,7,1598,1,9,9,1
2013471301543,1,16,0,18,0,1,0,0,0,0,1,1,6,2,6,-1,-1,-1,3,1
2013471301543,2,9,0,9,0,6,0,0,0,0,3,1,6,1,5,1299,1,12,1,1
2013471301545,1,9,0,18,0,8,1,0,0,0,1,1,6,2,4,1360,1,10,9,1
2013471301545,2,9,0,18,0,8,0,0,0,0,2,1,6,1,9,2198,2,5,10,1
2013471301545,3,5,0,18,0,8,0,0,0,0,1,1,6,1,7,656,1,3,4,1
2013471301548,1,11,0,4,0,1,0,0,0,0,0,1,1,1,8,9000,2,4,7,1
2013471301549,1,9,0,4,0,1,0,0,0,0,0,1,6,2,8,1598,1,3,3,1
2013471301551,1,9,0,18,0,0,0,0,0,0,4,1,6,1,4,1896,2,12,1,1
2013471301551,2,9,0,2,0,0,0,0,0,0,4,1,6,3,-1,1149,1,5,-1,-1
2013471301553,1,9,0,9,0,1,0,0,1,10,4,1,6,1,5,1598,1,9,7,3
2013471301553,2,9,0,18,0,1,0,0,0,0,1,1,6,2,8,2204,2,6,6,3
2013471301554,1,9,0,17,0,0,1,0,7,10,4,1,6,2,7,1595,1,10,9,3
2013471301554,2,9,0,2,9,0,0,0,0,0,3,1,6,3,-1,1910,2,5,-1,-1
2013471301558,1,9,0,18,0,0,0,0,0,0,1,1,6,3,-1,-1,-1,-1,-1,-1
2013471301558,2,9,0,18,0,0,0,0,0,0,3,1,6,1,9,1796,1,13,8,3
2013471301564,1,9,0,15,0,0,0,0,0,0,1,1,6,2,4,998,1,1,3,1
2013471301564,2,9,0,15,0,0,0,0,0,0,4,1,6,1,4,973,1,11,3,1
2013471301564,3,9,0,4,0,0,0,0,1,0,2,1,6,2,4,1124,1,8,-1,-1
2013471301566,1,9,0,11,0,3,0,0,0,0,1,1,6,1,6,-1,-1,-1,-1,-1
2013471301566,2,9,0,7,0,3,0,0,0,0,2,1,6,2,5,998,1,12,1,1
2013471301571,1,9,0,18,0,8,0,0,1,4,1,1,6,2,4,1896,2,10,6,1
2013471301574,1,9,0,1,0,1,0,0,0,0,2,1,2,1,6,2402,2,5,7,1
2013471301574,2,3,0,8,0,1,0,0,0,0,1,1,2,1,7,98,1,12,4,1
2013471301576,1,11,0,4,0,8,0,0,0,0,0,1,1,1,10,9000,2,4,7,1
2013471301577,1,9,0,18,0,2,0,0,0,0,1,1,6,1,6,1998,2,9,6,1
2013471301577,2,9,0,3,0,2,0,0,0,0,2,1,2,2,5,1149,1,12,8,1
2013471301577,3,9,0,9,0,5,0,0,0,0,2,1,2,1,6,1998,1,15,6,1
2013471301578,1,9,0,18,0,1,0,0,0,0,1,1,6,3,-1,2460,2,8,-1,-1
2013471301578,2,9,0,18,0,1,0,0,0,0,2,1,6,2,8,1896,2,11,3,1
2013471301578,3,9,0,18,0,1,0,0,0,0,2,1,6,1,4,10993,1,12,10,1
2013471301579,1,9,0,7,0,6,0,2,0,0,3,1,6,2,11,1973,1,11,5,2
2013471301581,1,9,0,9,0,6,0,0,0,0,1,1,2,1,5,1242,1,5,8,3
2013471301581,2,1,0,18,0,1,0,0,0,0,1,1,6,1,7,-1,-1,-1,6,3
2013471301583,1,9,0,9,0,6,0,0,0,0,3,1,6,1,8,1997,2,2,3,1
2013471301583,2,9,0,18,0,8,1,0,1,0,1,1,1,1,7,1997,2,9,6,1
2013471301586,1,9,0,18,0,0,0,0,0,0,1,1,6,1,7,1600,1,23,7,3
2013471301590,1,5,0,18,0,0,1,0,0,0,0,1,6,1,8,918,1,15,6,1
2013471301591,1,19,0,9,0,6,0,0,0,0,4,1,2,1,9,2283,2,11,3,3
2013471301591,2,1,0,17,0,1,0,0,0,0,1,1,2,1,6,-1,-1,-1,4,1
2013471301596,1,9,0,18,0,8,0,0,0,0,4,1,6,2,6,1596,1,11,2,1
2013471301597,1,3,0,18,0,1,0,0,0,0,1,1,6,1,5,125,1,1,5,1
2013471301597,2,9,0,9,0,1,0,0,0,0,3,1,6,2,4,1299,1,11,4,1
2013471301606,1,9,0,18,0,0,1,0,7,2,2,1,6,1,6,1870,2,8,9,2
2013471301608,1,9,0,10,0,0,0,0,0,0,1,1,1,1,8,1948,1,16,3,1
2013471301608,2,9,0,18,0,0,0,0,0,0,1,1,6,2,9,1896,2,3,5,1
2013471301609,1,9,0,7,0,2,0,0,0,0,1,1,6,2,10,1149,1,11,10,1
2013471301613,1,19,0,18,0,0,0,0,0,0,3,1,2,1,6,1598,2,1,6,1
2013471301613,2,5,0,18,0,0,0,0,0,0,4,1,1,1,5,599,1,13,7,3
2013471301615,1,9,0,18,0,1,0,0,7,0,1,1,6,1,10,1769,1,12,-1,-1
2013471301615,2,9,0,18,0,1,0,0,0,0,3,1,6,1,10,1951,2,7,7,1
2013471301615,3,9,0,18,0,1,0,0,0,0,1,1,6,2,8,1248,2,6,4,1
2013471301616,1,9,0,16,0,0,0,0,0,0,1,1,6,1,11,3969,1,16,6,3
2013471301616,2,19,0,17,0,0,0,0,1,10,3,1,1,1,9,1995,2,6,4,1
2013471301616,3,9,0,18,0,0,0,0,1,0,1,1,6,2,6,1560,2,1,5,1
2013471301617,1,9,0,13,0,1,2,0,1,4,1,1,6,1,4,-1,-1,-1,9,3
2013471301618,1,11,0,4,0,0,0,0,0,0,4,1,1,1,9,4760,2,1,3,1
2013471301619,1,9,0,18,0,0,0,0,0,0,1,1,6,2,11,1587,1,12,10,1
2013471301620,1,9,0,18,0,0,5,0,8,10,1,1,6,2,10,2179,2,2,7,3
2013471301622,1,8,0,18,0,0,0,4,0,0,1,1,1,1,6,2204,2,8,2,1
2013471301622,2,19,0,2,0,0,0,0,0,0,0,1,6,1,6,-1,-1,-1,-1,-1
2013471301623,1,9,0,18,0,0,0,0,1,10,1,1,6,1,4,1360,1,3,7,2
2013471301628,1,19,0,4,0,1,0,0,0,0,1,1,6,1,6,-1,-1,-1,1,1
2013471301628,2,11,0,4,0,1,0,0,0,0,2,1,1,1,9,4760,2,1,2,1
2013471301630,1,9,0,17,0,0,0,0,0,0,3,1,6,1,5,1998,1,10,9,3
2013471301630,2,9,0,16,0,0,0,0,0,0,1,1,6,1,8,1997,2,10,10,2
2013471301632,1,9,0,9,0,6,0,0,0,0,4,1,6,1,5,1596,1,10,2,1
2013471301632,2,1,0,18,0,8,0,0,0,0,1,1,6,1,3,-1,-1,-1,6,1
2013471301636,1,9,0,7,0,6,5,0,7,10,3,1,6,1,4,1324,1,27,-1,-1
2013471301638,1,9,0,17,0,0,0,0,1,1,1,1,6,1,6,-1,-1,-1,5,3
2013471301640,1,8,0,18,0,2,0,0,0,0,1,1,1,1,7,1997,2,2,4,1
2013471301643,1,9,0,18,0,1,0,0,0,0,1,1,6,3,-1,-1,-1,-1,-1,-1
2013471301643,2,1,0,9,4,1,0,0,0,0,1,1,6,1,7,-1,-1,-1,2,1
2013471301645,1,9,0,18,0,6,0,0,0,0,1,1,6,1,8,1896,2,19,10,2
2013471301646,1,9,0,9,0,1,0,0,0,0,1,1,6,1,6,1995,2,8,4,1
2013471301646,2,1,0,18,0,1,0,0,0,0,1,1,6,1,5,-1,-1,-1,2,1
2013471301649,1,5,0,17,0,0,1,0,0,0,4,1,6,1,5,659,1,9,6,1
2013471301650,1,9,0,9,0,8,0,0,0,0,1,1,6,1,8,1590,1,10,10,1
2013471301650,2,3,0,9,0,8,0,0,0,0,4,1,6,2,7,124,1,17,10,1
2013471301651,1,9,0,18,0,8,0,0,0,0,1,1,1,1,6,-1,-1,-1,6,2
2013471301651,2,9,0,18,0,8,0,0,0,0,1,1,6,2,9,1364,1,4,6,1
2013471301652,1,9,0,18,0,0,1,0,1,10,1,1,6,1,6,1598,1,5,7,1
2013471301653,1,9,0,18,0,8,0,0,0,0,1,1,6,2,6,1390,1,12,2,1
2013471301653,2,9,0,18,0,8,0,0,0,0,3,1,6,1,10,2261,1,10,10,1
2013471301654,1,9,0,14,0,2,0,0,0,0,1,1,6,2,9,1598,1,9,4,1
2013471301654,2,2,0,16,0,1,0,0,0,0,1,1,2,1,4,49,1,7,4,1
2013471301657,1,9,0,18,0,8,1,0,0,0,1,1,6,1,5,1392,1,14,6,1
2013471301657,2,9,0,10,0,8,0,0,0,0,2,1,6,1,8,1968,2,9,6,1
2013471301658,1,9,0,18,0,8,0,0,0,0,4,1,6,1,9,1796,1,13,7,1
2013471301658,2,5,0,18,0,1,1,0,0,0,1,1,1,1,8,599,1,15,3,1
2013471301659,1,9,0,9,0,8,1,0,1,3,3,1,6,1,7,2494,1,9,4,1
2013471301659,2,9,0,18,0,8,1,0,7,10,1,1,1,1,7,2993,2,3,9,1
2013471301661,1,5,0,13,0,2,0,10,7,0,1,1,6,1,6,599,1,15,2,1
2013471301661,2,9,0,3,0,2,0,0,0,0,0,1,6,1,9,1991,1,11,5,1
2013471301663,1,9,0,18,0,0,0,0,0,0,3,1,6,1,4,1587,1,11,7,2
2013471301663,2,11,0,18,0,0,0,0,0,0,3,1,1,1,5,6696,2,-1,2,2
2013471301663,3,9,0,18,0,0,0,0,0,0,1,1,6,1,9,1240,1,8,5,1
2013471301665,1,3,0,18,0,2,0,0,0,0,1,1,2,2,6,124,1,13,6,1
2013471301666,1,9,0,4,0,1,0,0,0,0,1,1,6,2,5,1390,1,6,6,1
2013471301669,1,9,0,6,0,0,0,0,0,0,0,1,6,1,10,1397,1,2,6,2
2013471301669,2,9,0,18,0,0,1,0,1,0,1,1,6,1,4,1598,1,10,6,1
2013471301670,1,11,0,18,0,2,0,0,0,0,4,1,6,1,8,6700,2,3,6,1
2013471301673,1,9,0,18,0,2,0,0,1,10,1,1,6,1,5,2499,2,14,7,1
2013471301673,2,9,0,2,0,2,0,0,0,0,3,1,6,3,-1,1389,1,18,-1,-1
2013471301674,1,19,0,9,0,1,0,0,0,0,4,1,1,1,7,2402,2,2,6,1
2013471301674,2,9,0,18,0,1,0,0,0,0,1,1,1,1,6,1998,1,8,5,1
2013471301674,3,9,0,10,0,1,0,0,0,0,3,1,2,2,7,1598,1,5,6,1
2013471301675,1,9,0,13,0,8,0,0,7,0,1,1,1,1,6,1997,2,1,6,1
2013471301675,2,9,0,9,0,5,0,0,7,0,3,1,6,2,7,1149,1,9,3,1
2013471301676,1,8,0,9,0,6,0,0,0,0,1,1,1,1,7,1896,2,4,3,1
2013471301676,2,2,0,14,0,8,0,0,0,0,4,1,6,1,4,49,1,1,1,1
2013471301677,1,9,0,18,0,0,0,0,1,9,1,1,6,2,7,1598,1,16,6,3
2013471301678,1,9,0,10,0,1,0,0,0,0,1,1,6,1,7,1998,2,9,4,2
2013471301678,2,9,0,18,0,1,0,0,0,0,2,1,6,2,4,1299,1,13,8,2
2013471301679,1,9,0,17,0,1,1,0,7,4,1,1,2,2,5,1124,1,5,10,1
2013471301683,1,19,0,7,0,2,0,0,0,0,3,1,1,1,7,-1,-1,-1,3,1
2013471301683,2,9,0,18,0,2,0,0,0,0,4,1,6,1,10,1242,1,7,5,1
2013471301685,1,9,0,18,0,0,0,0,0,0,3,1,6,3,6,-1,-1,-1,-1,-1
2013471301685,2,9,0,18,0,0,0,0,0,0,3,1,1,2,5,1598,1,-1,8,1
2013471301686,1,11,0,18,0,2,0,0,0,0,0,1,1,1,8,9000,2,6,3,1
2013471301688,1,9,0,10,0,6,0,0,0,0,3,1,6,2,8,-1,-1,-1,6,1
2013471301688,2,2,0,18,0,1,0,0,0,0,1,1,6,2,9,49,1,1,5,1
2013471301690,1,1,0,18,2,1,0,0,0,0,1,1,6,1,5,-1,-1,-1,-1,-1
2013471301690,2,1,0,18,3,1,0,0,0,0,1,1,6,1,8,-1,-1,-1,4,1
2013471301692,1,9,0,6,0,1,0,0,0,0,3,1,6,1,4,1461,2,8,9,1
2013471301692,2,3,0,13,0,1,0,0,0,0,1,1,6,1,4,124,1,8,6,1
2013471301693,1,9,0,9,0,8,1,0,1,10,3,1,6,1,4,1119,1,20,4,1
2013471301695,1,9,0,18,0,6,0,0,0,0,4,1,6,1,6,2959,2,8,9,3
2013471301695,2,9,0,18,0,8,0,0,0,0,1,1,6,1,7,998,1,1,9,1
2013471301696,1,9,0,7,0,6,0,0,0,0,0,1,6,1,7,-1,-1,-1,-1,-1
2013471301696,2,11,0,14,0,1,0,0,0,0,0,1,1,1,8,9000,2,6,9,3
2013471301699,1,9,0,18,0,8,1,0,0,0,4,1,2,1,5,1298,1,14,5,1
2013471301699,2,9,0,18,0,8,0,0,0,0,1,1,2,2,5,1749,1,12,7,3
2013471301706,1,9,0,18,0,0,1,0,0,0,1,1,6,2,4,1198,1,8,6,3
2013471301706,2,9,0,18,0,0,1,0,0,0,1,1,6,2,7,3199,1,15,6,3
2013471301708,1,9,0,18,0,1,0,0,0,0,1,1,6,2,9,-1,-1,-1,5,1
2013471301708,2,9,0,18,0,1,0,0,0,0,2,1,6,2,8,1399,2,11,-1,-1
2013471301712,1,9,0,10,0,2,0,0,0,0,1,1,6,2,6,1796,1,8,7,3
2013471301712,2,9,0,18,0,1,0,0,0,0,1,1,6,1,6,1997,2,1,-1,-1
2013471301712,3,9,0,10,0,1,0,0,0,0,1,1,1,1,6,1968,2,2,8,1
2013471301713,1,9,0,18,0,4,0,0,0,0,1,1,6,1,11,1242,1,11,7,1
2013471301713,2,9,0,9,0,5,0,0,0,0,4,1,6,2,6,1124,1,14,1,1
2013471301713,3,9,0,10,0,1,0,0,0,0,1,1,6,1,7,1388,1,9,1,1
2013471301717,1,9,0,9,0,1,0,0,0,0,0,1,6,2,8,1400,1,13,5,1
2013471301717,2,9,0,9,0,1,0,0,0,0,0,1,6,1,9,1560,2,1,3,1
2013471301722,1,3,0,9,0,3,1,0,0,0,4,1,6,1,6,124,1,2,10,1
2013471301724,1,21,0,18,0,0,1,0,0,0,1,1,6,1,7,-1,-1,-1,-1,-1
2013471301724,2,9,0,2,0,0,0,0,0,0,2,1,6,2,7,998,1,7,5,1
2013471301725,1,9,0,4,0,1,0,0,0,0,1,1,2,1,8,1400,1,11,8,1
2013471301725,2,1,0,5,0,1,0,0,0,0,1,1,6,1,3,-1,-1,-1,-1,-1
2013471301726,1,9,0,18,0,1,1,0,0,0,1,1,1,1,8,-1,-1,-1,5,1
2013471301726,2,9,0,10,0,1,0,0,0,0,2,1,1,2,4,1298,1,14,10,3
2013471301727,1,11,0,18,2,0,0,0,0,0,0,1,1,1,8,-1,-1,-1,-1,-1
2013471301730,1,5,0,18,0,0,0,0,7,0,4,1,6,1,7,1449,1,7,8,2
2013471301730,2,9,0,18,0,0,0,0,1,0,1,1,6,1,10,1995,2,3,5,3
2013471301731,1,9,0,9,0,6,0,0,1,0,3,1,2,2,5,1596,1,11,6,3
2013471301731,2,3,0,18,0,1,0,0,0,0,1,1,2,1,7,124,1,19,4,1
2013471301732,1,9,0,17,0,0,0,0,0,0,1,1,6,2,8,1242,1,2,5,1
2013471301732,2,9,0,16,0,0,0,0,0,0,1,1,6,1,8,1998,1,14,8,3
2013471301733,1,11,0,4,0,1,0,0,0,0,1,1,1,1,8,9000,2,4,5,1
2013471301736,1,9,0,18,0,4,0,0,0,0,3,1,6,1,6,998,1,11,7,1
2013471301736,2,9,0,18,0,4,0,0,0,0,1,1,6,1,7,1753,2,11,5,1
2013471301738,1,9,0,18,0,8,0,7,0,0,1,1,6,2,11,796,1,11,3,1
2013471301740,1,9,0,9,0,1,0,0,0,0,1,1,6,1,11,1242,1,4,4,1
2013471301740,2,9,0,18,0,1,0,0,0,0,4,1,6,1,9,1598,1,16,4,1
2013471301743,1,5,0,18,0,0,0,0,0,0,0,1,6,1,4,645,1,14,10,2
2013471301748,1,9,0,9,0,8,0,0,0,0,1,1,6,2,11,1999,1,3,8,3
2013471301748,2,9,0,18,0,8,0,0,0,0,4,1,6,1,6,2720,2,6,10,1
2013471301749,1,9,0,5,0,0,0,0,0,0,4,1,6,2,7,1995,2,11,9,1
2013471301749,2,9,0,18,0,0,0,0,0,0,1,1,6,1,10,1560,2,8,1,1
2013471301750,1,9,0,8,0,2,0,0,0,0,0,1,6,1,8,1998,2,9,-1,-1
2013471301750,2,1,0,18,4,8,0,0,0,0,2,1,6,1,5,-1,-1,-1,7,1
2013471301751,1,9,0,9,0,5,0,0,0,0,0,1,6,1,6,1796,1,12,3,1
2013471301751,2,1,0,18,4,1,0,0,0,0,0,1,6,2,6,-1,-1,-1,3,1
2013471301752,1,9,0,1,0,0,0,0,0,0,2,1,6,1,10,1598,1,1,9,1
2013471301753,1,9,0,18,0,4,0,0,0,0,1,1,6,2,6,998,1,16,5,1
2013471301753,2,9,0,9,0,8,0,0,0,0,1,1,6,1,6,1461,2,9,8,3
2013471301760,1,9,0,18,0,0,0,0,0,0,1,1,6,1,8,1796,1,14,2,1
2013471301760,2,9,0,18,0,0,0,0,0,0,2,1,1,1,6,1896,2,6,5,1
2013471301760,3,9,0,18,0,0,0,0,0,0,2,1,6,1,7,1984,1,12,3,1
2013471301761,1,20,0,18,0,5,0,0,0,0,0,1,1,1,9,-1,-1,-1,7,1
2013471301762,1,9,0,18,0,1,0,0,0,0,1,1,6,3,-1,-1,-1,-1,-1,-1
2013471301762,2,9,0,3,0,1,0,0,0,0,2,1,6,2,7,1798,1,9,3,1
2013471301763,1,9,0,11,0,8,0,0,0,0,4,1,6,2,-1,1399,2,3,5,1
2013471301763,2,2,0,18,0,8,0,0,0,0,3,1,6,1,4,125,1,1,8,1
2013471301766,1,1,0,4,0,8,0,0,0,0,1,1,2,1,7,-1,-1,-1,7,1
2013471301766,2,9,0,3,0,8,0,0,0,0,0,1,2,1,8,1560,2,3,9,1
2013471301768,1,3,0,18,0,0,0,10,2,10,1,1,6,1,4,124,1,1,10,1
2013471301770,1,9,0,18,0,0,1,0,2,10,1,1,6,2,7,1299,1,9,5,1
2013471301772,1,9,0,18,0,1,0,0,0,0,4,1,2,2,8,2664,2,12,7,3
2013471301772,2,9,0,18,0,1,0,0,0,0,3,1,1,1,9,1299,1,13,10,1
2013471301772,3,9,0,18,0,1,0,0,0,0,3,1,1,1,7,1390,1,6,10,1
2013471301772,4,19,0,18,0,1,0,0,0,0,1,1,1,1,6,1686,2,5,-1,-1
2013471301773,1,9,0,18,0,4,0,0,0,0,1,1,2,1,8,1796,1,9,5,1
2013471301773,2,9,0,18,0,4,1,0,7,0,3,1,2,1,7,1242,1,5,4,1
2013471301775,1,9,0,9,0,6,0,0,0,0,3,1,1,1,6,-1,-1,-1,10,1
2013471301775,2,3,0,18,0,1,0,0,0,0,3,1,2,2,5,49,1,2,6,1
2013471301777,1,20,0,5,0,6,0,0,1,2,3,1,1,1,8,4461,2,2,4,1
2013471301777,2,9,0,18,0,1,1,0,0,0,1,1,2,1,4,1796,1,14,4,1
2013471301779,1,9,0,18,0,0,1,0,1,3,3,1,6,2,4,1397,1,6,9,3
2013471301780,1,9,0,18,0,0,0,0,0,0,2,1,6,1,7,1587,1,12,1,1
2013471301780,2,9,0,18,0,0,0,0,0,0,2,1,6,1,6,1299,1,8,-1,-1