Accident_Index,Vehicle_Reference,Vehicle_Type,Towing_and_Articulation,Vehicle_Manoeuvre,Vehicle_Location-Restricted_Lane,Junction_Location,Skidding_and_Overturning,Hit_Object_in_Carriageway,Vehicle_Leaving_Carriageway,Hit_Object_off_Carriageway,1st_Point_of_Impact,Was_Vehicle_Left_Hand_Drive?,Journey_Purpose_of_Driver,Sex_of_Driver,Age_Band_of_Driver,Engine_Capacity_(CC),Propulsion_Code,Age_of_Vehicle,Driver_IMD_Decile,Driver_Home_Area_Type
2013471301781,1,9,0,16,0,0,2,0,7,3,1,1,6,1,6,1998,1,10,9,1
2013471301784,1,1,0,18,4,1,0,0,0,0,1,1,6,2,8,-1,-1,-1,3,1
2013471301785,1,9,0,1,0,0,0,0,0,0,2,1,6,3,-1,-1,-1,-1,-1,-1
2013471301788,1,19,0,18,0,0,0,0,0,0,1,1,6,1,8,1753,2,6,6,1
2013471301788,2,9,0,18,0,0,0,0,0,0,1,1,6,1,10,1560,2,5,8,2
2013471301790,1,9,0,18,0,0,0,0,0,0,1,1,6,1,8,1598,1,3,-1,-1
2013471301790,2,9,0,18,0,0,0,0,1,0,3,1,6,1,5,1905,2,17,7,1
2013471301791,1,19,0,7,0,0,0,0,0,0,4,1,6,1,4,2000,2,10,4,1
2013471301791,2,1,0,16,0,0,0,0,0,0,1,1,2,2,8,-1,-1,-1,7,1
2013471301792,1,9,0,9,0,5,0,0,0,0,4,1,1,1,5,1598,1,3,6,1
2013471301793,1,9,0,5,0,6,0,10,3,10,1,1,6,1,6,1997,2,11,-1,-1
2013471301796,1,9,0,4,0,0,1,0,0,0,1,1,6,1,8,1984,1,5,7,3
2013471301796,2,9,0,4,0,0,0,0,0,0,2,1,6,1,6,1461,2,9,4,1
2013471301798,1,9,0,9,0,6,0,0,0,0,3,1,6,1,10,1299,1,12,5,2
2013471301798,2,3,0,18,0,1,0,0,0,0,1,1,2,1,4,125,1,1,5,2
2013471301799,1,9,0,9,8,8,0,0,0,0,3,1,6,2,4,1242,1,16,10,3
2013471301799,2,9,0,18,0,8,0,0,7,0,1,1,6,1,9,-1,-1,-1,9,3
2013471301800,1,1,0,18,0,0,0,0,0,0,1,1,6,1,5,-1,-1,-1,3,1
2013471301800,2,9,0,18,0,0,0,0,0,0,3,1,6,2,10,1198,1,5,8,3
2013471301802,1,9,0,18,0,8,0,0,0,0,1,1,6,1,9,1493,1,17,6,1
2013471301802,2,9,0,2,0,8,0,0,0,0,2,1,6,3,-1,1398,2,9,-1,-1
2013471301802,3,9,0,2,0,8,0,0,0,0,2,1,6,3,-1,1900,2,8,-1,-1
2013471301804,1,9,0,5,0,1,0,0,0,0,1,1,6,1,8,1598,1,10,7,1
2013471301804,2,9,0,3,0,1,0,0,0,0,2,1,6,2,6,1998,1,8,8,3
2013471301805,1,9,0,18,0,8,0,0,0,0,1,1,6,1,9,1348,1,12,2,1
2013471301806,1,9,0,6,0,2,0,0,0,0,3,1,1,1,6,998,1,18,3,1
2013471301806,2,2,0,18,0,1,0,0,0,0,1,1,6,1,4,49,1,2,1,1
2013471301809,1,9,0,9,0,2,0,0,0,0,1,1,2,2,7,1560,2,1,8,1
2013471301809,2,1,0,18,0,1,0,0,0,0,4,1,2,2,7,-1,-1,-1,7,1
2013471301812,1,9,0,6,0,0,0,0,0,0,3,1,6,2,7,1995,2,7,6,1
2013471301812,2,5,0,18,0,0,0,0,0,0,1,1,2,1,5,-1,-1,-1,4,1
2013471301813,1,9,0,18,0,0,1,4,0,0,1,1,6,1,5,1598,1,11,2,1
2013471301813,2,19,0,4,0,0,0,0,0,0,2,1,1,1,8,1870,2,9,6,1
2013471301816,1,9,0,7,0,6,0,0,1,0,1,1,6,2,8,1796,1,5,6,1
2013471301816,2,9,0,18,0,1,0,0,0,0,1,1,6,1,7,1598,1,8,8,1
2013471301820,1,9,0,18,0,1,0,0,0,0,3,1,6,3,-1,-1,-1,-1,-1,-1
2013471301820,2,9,0,18,0,8,0,0,0,0,3,1,6,1,5,1596,1,10,3,1
2013471301822,1,11,1,5,2,1,0,0,0,0,1,1,1,1,6,-1,-1,-1,1,1
2013471301826,1,9,0,18,0,0,0,0,0,0,0,1,6,3,-1,-1,-1,-1,-1,-1
2013471301826,2,9,0,18,0,0,1,0,4,6,1,1,6,2,7,1896,2,6,8,1
2013471301827,1,21,1,9,0,6,0,0,0,0,0,1,1,1,8,12419,2,2,1,1
2013471301827,2,9,0,18,0,1,0,0,1,2,1,1,6,2,5,1796,1,8,8,1
2013471301828,1,9,0,9,0,8,0,0,0,0,1,1,6,1,5,1796,1,12,7,1
2013471301828,2,9,0,18,0,1,0,0,0,0,1,1,6,1,5,1360,1,11,-1,-1
2013471301829,1,9,0,11,0,1,0,0,0,0,1,1,6,1,5,-1,-1,-1,7,1
2013471301829,2,19,5,7,0,3,0,0,0,0,2,1,1,1,8,-1,-1,-1,5,1
2013471301832,1,3,0,11,0,8,0,0,0,0,4,1,6,1,5,125,1,4,4,1
2013471301832,2,9,0,18,0,8,0,0,0,0,3,1,6,2,7,1999,1,9,10,1
2013471301834,1,5,0,17,0,0,0,0,1,0,1,1,6,2,5,599,1,1,8,1
2013471301835,1,2,0,18,0,0,0,0,0,0,1,1,6,3,-1,50,1,1,-1,-1
2013471301835,2,1,0,18,0,0,0,0,0,0,2,1,6,1,9,-1,-1,-1,1,1
2013471301837,1,9,0,18,0,1,0,0,0,0,1,1,6,1,7,-1,-1,-1,-1,-1
2013471301837,2,5,0,18,0,1,0,0,0,0,1,1,6,1,4,599,1,18,8,3
2013471301840,1,9,0,18,0,1,0,0,0,0,1,1,2,1,8,1398,1,-1,4,1
2013471301840,2,9,0,4,0,1,0,0,0,0,2,1,6,1,6,1396,1,15,6,1
2013471301840,3,9,0,18,0,1,0,0,0,0,0,1,1,1,-1,1753,2,4,-1,-1
2013471301844,1,9,0,17,0,0,0,0,1,2,1,1,2,1,5,1368,1,2,3,1
2013471301845,1,9,0,18,0,0,0,0,0,0,1,1,1,1,5,-1,-1,-1,3,1
2013471301845,2,5,0,3,0,0,0,0,0,0,2,1,6,1,5,599,1,13,2,1
2013471301846,1,9,0,18,0,1,0,0,7,4,1,1,6,1,4,1781,1,14,4,2
2013471301849,1,8,0,18,0,0,0,0,0,0,4,1,1,1,6,1896,2,6,3,1
2013471301853,1,9,0,6,0,2,0,0,0,0,0,1,6,1,6,-1,-1,-1,-1,-1
2013471301853,2,11,0,18,0,2,0,0,0,0,0,1,1,1,7,9000,2,4,6,1
2013471301854,1,9,0,9,0,5,0,0,0,0,0,1,6,1,11,1348,1,11,6,1
2013471301854,2,9,0,18,0,8,0,0,0,0,1,1,6,1,5,1149,1,11,3,1
2013471301854,3,9,0,18,0,8,0,0,0,0,1,1,6,1,9,1896,2,10,3,1
2013471301855,1,11,0,5,0,0,0,0,0,0,0,1,1,1,10,8268,2,11,3,1
2013471301857,1,9,0,5,0,6,0,0,0,0,0,1,6,2,9,1995,2,4,9,1
2013471301857,2,1,0,18,0,1,0,0,1,9,0,1,6,1,5,-1,-1,-1,9,1
2013471301859,1,9,0,7,0,5,0,0,0,0,4,1,6,1,8,1988,1,15,6,1
2013471301859,2,1,0,18,0,1,0,0,0,0,1,1,6,2,7,-1,-1,-1,4,1
2013471301861,1,9,0,9,0,6,0,0,0,0,3,1,6,1,8,1597,1,13,2,1
2013471301862,1,1,0,18,0,0,0,11,0,0,1,1,6,2,7,-1,-1,-1,6,1
2013471301863,1,9,0,10,0,8,0,0,0,0,1,1,6,2,4,1242,1,1,3,1
2013471301863,2,9,0,17,0,8,0,0,0,0,1,1,6,1,10,1598,1,13,5,1
2013471301864,1,5,0,18,0,0,1,0,0,0,3,1,6,1,9,1130,1,12,4,1
2013471301865,1,9,0,17,0,0,0,0,0,4,4,1,6,1,7,1968,2,1,4,1
2013471301866,1,9,0,18,0,2,0,0,1,10,1,1,6,1,6,1598,1,9,6,3
2013471301867,1,1,0,12,0,8,0,0,0,0,3,1,6,1,4,-1,-1,-1,3,1
2013471301867,2,9,0,13,0,8,0,0,0,0,1,1,6,1,8,1598,6,14,5,1
2013471301873,1,9,0,18,0,5,0,0,0,0,1,1,6,1,7,-1,-1,-1,-1,-1
2013471301875,1,1,0,5,0,0,0,0,0,0,4,1,6,2,2,-1,-1,-1,10,1
2013471301875,2,9,0,18,0,0,0,0,0,0,1,1,6,1,7,1753,2,7,10,1
2013471301877,1,11,0,18,0,2,0,0,0,0,4,1,1,1,7,-1,-1,-1,3,1
2013471301879,1,9,0,18,0,4,0,0,0,0,4,1,2,1,6,1598,1,7,7,1
2013471301879,2,5,0,18,0,4,0,0,0,0,3,1,1,1,8,865,1,4,8,1
2013471301880,1,19,0,18,0,0,0,0,0,0,4,1,6,3,-1,-1,-1,-1,-1,-1
2013471301885,1,9,0,8,0,7,0,0,0,0,2,1,1,2,8,1461,2,9,4,1
2013471301885,2,9,0,8,0,6,0,0,0,0,1,1,1,1,6,1587,1,10,5,1
2013471301887,1,9,0,9,0,5,0,0,0,0,1,1,6,2,11,1339,1,11,9,1
2013471301887,2,1,0,18,0,8,0,0,0,0,3,1,6,1,6,-1,-1,-1,5,1
2013471301888,1,9,0,9,0,8,0,0,0,0,1,1,6,2,11,1598,1,5,7,1
2013471301888,2,9,0,18,0,8,0,0,0,0,1,1,6,2,10,1124,1,14,6,3
2013471301891,1,9,0,3,0,1,0,0,0,0,1,1,6,2,4,-1,-1,-1,-1,-1
2013471301891,2,9,0,3,0,1,0,0,0,0,2,1,6,2,8,2494,1,13,6,1
2013471301892,1,9,0,18,0,0,0,0,0,0,0,1,6,3,5,1600,1,13,-1,-1
2013471301892,2,9,0,18,0,0,0,0,0,0,2,1,6,1,4,999,1,14,6,1
2013471301893,1,9,0,9,4,8,0,0,0,0,1,1,6,3,-1,2179,2,5,-1,-1
2013471301893,2,1,0,18,4,8,0,0,0,0,1,1,6,1,5,-1,-1,-1,2,1
2013471301894,1,9,0,16,0,1,0,0,0,0,1,1,2,1,5,1368,1,4,9,1
2013471301894,2,9,0,10,0,8,0,0,0,0,2,1,2,2,8,1596,1,11,9,1
2013471301894,3,19,0,17,0,1,0,0,0,0,1,1,2,1,8,1870,2,9,3,1
2013471301895,1,9,0,18,0,0,0,0,0,0,1,1,6,3,-1,-1,-1,-1,-1,-1
2013471301899,1,9,0,12,0,0,0,0,1,10,0,1,6,3,-1,-1,-1,-1,-1,-1
2013471301899,2,9,0,18,0,0,0,0,0,0,2,1,6,1,6,1995,2,4,7,1
2013471301899,3,8,0,18,0,0,0,0,0,0,1,1,6,1,9,2204,2,6,10,1
2013471301902,1,9,0,17,0,0,5,0,0,0,1,1,6,1,8,1497,1,10,9,3
2013471301903,1,9,0,7,0,2,0,0,0,0,3,1,6,1,10,1689,2,13,6,1
2013471301903,2,3,0,12,0,1,1,0,0,0,4,1,6,1,5,100,1,12,3,1
2013471301903,3,9,0,3,0,1,0,0,0,0,0,1,6,3,-1,-1,-1,-1,-1,-1
2013471301906,1,9,0,7,0,2,0,0,0,0,1,1,6,1,6,-1,-1,-1,5,1
2013471301906,2,21,0,18,0,1,0,0,0,0,1,1,1,1,8,11946,2,8,3,1
2013471301908,1,9,0,9,0,5,0,0,0,0,4,1,1,1,7,1493,2,10,5,1
2013471301908,2,1,0,18,0,8,0,0,0,0,1,1,1,1,8,-1,-1,-1,9,1
2013471301908,3,21,0,10,0,8,0,0,0,0,0,1,1,1,8,-1,-1,-1,6,1
2013471301909,1,9,0,9,0,6,0,0,0,0,1,1,6,2,4,1360,1,8,8,3
2013471301909,2,5,0,18,0,8,0,0,0,0,4,1,6,1,6,798,1,6,6,1
2013471301910,1,9,0,18,0,0,0,0,0,0,1,1,6,2,9,1796,1,6,7,3
2013471301910,2,9,0,4,0,0,0,0,0,0,2,1,6,2,7,1405,1,8,2,1
2013471301911,1,9,0,18,0,0,2,0,2,1,1,1,3,2,5,1332,1,7,6,2
2013471301912,1,9,0,18,0,0,0,0,0,0,1,1,6,1,5,1905,2,15,7,1
2013471301912,2,9,0,3,0,0,0,0,0,0,2,1,6,1,8,-1,-1,-1,6,1
2013471301914,1,19,0,5,0,1,0,0,0,0,1,1,1,1,6,1995,2,2,-1,-1
2013471301914,2,9,0,9,0,4,0,0,0,0,2,1,6,2,8,1124,1,13,1,1
2013471301916,1,9,0,18,0,0,0,0,0,0,1,1,6,2,8,1997,1,13,7,1
2013471301916,2,9,0,18,0,0,0,0,1,0,1,1,6,2,9,998,1,-1,10,1
2013471301917,1,5,0,9,0,8,0,0,0,0,3,1,6,1,5,498,1,14,9,1
2013471301917,2,19,0,18,0,1,0,0,0,0,1,1,1,1,9,1753,2,-1,7,1
2013471301918,1,9,0,10,0,1,1,0,1,0,1,1,6,2,4,1360,1,12,-1,-1
2013471301918,2,9,0,18,0,1,0,0,0,0,1,1,1,1,9,1995,2,3,9,3
2013471301922,1,9,0,18,0,8,1,0,0,0,1,1,6,1,7,1497,1,12,1,1
2013471301922,2,9,0,18,0,8,1,0,1,0,3,1,6,1,6,1968,2,2,4,1
2013471301927,1,19,0,13,0,0,0,0,0,0,0,1,6,1,6,-1,-1,-1,-1,-1
2013471301927,2,20,0,18,0,0,0,0,0,0,0,1,1,1,6,4461,2,4,4,1
2013471301928,1,9,0,5,0,6,0,0,0,0,1,1,2,1,9,-1,-1,-1,7,1
2013471301928,2,9,0,2,0,1,0,0,0,0,2,1,1,1,8,-1,-1,-1,1,1
2013471301930,1,9,4,18,0,1,0,0,0,0,1,1,1,1,6,2198,2,1,8,3
2013471301930,2,9,0,9,0,1,0,0,0,0,2,1,6,2,9,1988,1,12,7,3
2013471301932,1,9,0,18,0,0,0,0,0,0,1,1,6,1,8,1798,1,34,6,1
2013471301932,2,9,0,3,0,0,0,0,0,0,2,1,6,2,6,1995,2,7,10,1
2013471301932,3,9,0,3,0,0,0,0,0,0,2,1,6,2,6,1149,1,9,8,1
2013471301933,1,9,0,18,0,0,1,0,2,4,3,1,2,1,4,1997,2,13,8,2
2013471301934,1,9,0,18,0,1,0,4,0,0,1,1,6,1,5,-1,-1,-1,8,1
2013471301934,2,9,0,3,0,1,0,0,0,0,2,1,6,2,10,1388,1,7,8,1
2013471301934,3,9,0,3,0,1,0,0,0,0,2,1,1,2,7,1584,1,11,8,1
2013471301935,1,8,0,4,0,0,0,0,0,0,1,1,1,3,7,1997,2,2,5,1
2013471301935,2,9,0,4,0,0,0,0,0,0,2,1,6,2,5,1997,1,11,4,1
2013471301940,1,9,0,14,0,1,1,0,7,0,1,1,1,1,6,1598,2,1,4,1
2013471301940,2,9,0,9,0,1,1,0,7,0,3,1,2,2,6,1796,1,10,1,1
2013471301940,3,20,0,4,0,1,0,0,0,0,0,1,6,1,6,6692,2,1,3,1
2013471301940,4,9,0,14,0,1,0,0,0,0,0,1,6,3,-1,-1,-1,-1,-1,-1
2013471301940,5,9,0,14,0,1,0,0,0,0,0,1,6,3,-1,-1,-1,-1,-1,-1
2013471301941,1,9,0,18,0,0,0,0,0,0,1,1,6,1,4,1242,1,11,10,1
2013471301941,2,9,0,3,0,0,0,0,0,0,2,1,6,1,7,1589,1,17,5,1
2013471301941,3,9,0,3,0,0,0,0,0,0,2,1,3,2,6,1390,1,9,10,1
2013471301942,1,1,0,15,0,2,0,0,0,0,0,1,6,1,6,-1,-1,-1,4,1
2013471301942,2,9,0,2,0,2,0,0,0,0,0,1,6,1,11,1388,1,10,-1,-1
2013471301945,1,11,0,18,0,8,0,0,0,0,0,1,1,1,9,9000,2,4,2,1
2013471301947,1,9,0,18,0,8,1,0,1,2,1,1,6,1,6,1598,1,12,5,1
2013471301949,1,9,0,18,0,1,0,0,0,0,2,1,6,1,5,1390,1,4,5,1
2013471301949,2,1,0,18,0,1,0,0,0,0,3,1,6,1,7,-1,-1,-1,-1,-1
2013471301949,3,1,0,18,0,1,0,0,0,0,1,1,6,1,7,-1,-1,-1,-1,-1
2013471301950,1,9,0,18,0,1,0,0,0,0,1,1,6,1,5,1396,1,10,-1,-1
2013471301950,2,9,0,2,0,1,0,0,0,0,1,1,6,1,7,1598,1,13,-1,-1
2013471301950,3,9,0,2,0,1,0,0,0,0,1,1,6,2,7,1275,1,13,-1,-1
2013471301951,1,9,0,9,0,5,0,0,0,0,1,1,6,1,7,1781,1,11,9,1
2013471301951,2,9,0,18,0,1,0,0,0,0,1,1,2,1,5,993,1,11,6,1
2013471301953,1,9,0,12,0,8,0,0,0,0,3,1,6,1,9,2663,2,19,2,1
2013471301953,2,3,0,18,0,8,0,0,0,0,1,1,6,1,5,487,1,10,4,1
2013471301955,1,11,0,18,2,2,0,0,0,0,4,1,1,1,8,9360,2,1,2,1
2013471301956,1,9,0,18,0,0,0,4,0,0,4,1,3,1,8,1388,1,9,6,1
2013471301956,2,9,0,2,0,0,0,0,0,0,3,1,3,2,6,2295,1,12,5,1
2013471301957,1,9,0,18,0,8,0,0,0,0,1,1,6,1,10,2180,2,21,8,1
2013471301957,2,9,0,18,0,8,0,0,0,0,4,1,6,2,4,1124,1,14,6,1
2013471301958,1,11,0,4,0,2,0,0,0,5,0,1,1,1,6,8268,2,11,4,1
2013471301959,1,1,0,14,0,2,0,0,0,0,1,1,6,1,6,-1,-1,-1,2,1
2013471301959,2,9,0,3,0,1,0,0,0,0,3,1,2,1,6,1248,2,7,1,1
2013471301960,1,9,0,9,0,8,0,0,0,0,4,1,6,1,7,2198,1,13,2,2
2013471301960,2,3,0,18,0,8,0,0,0,0,4,1,6,1,6,125,1,9,5,2
2013471301961,1,9,0,5,0,8,0,0,0,0,1,1,6,2,7,-1,-1,-1,6,1
2013471301961,2,9,0,9,0,8,0,0,0,0,3,1,6,2,9,1299,1,12,9,1
2013471301963,1,9,0,18,0,3,0,0,0,0,1,1,6,2,4,1299,1,11,6,1
2013471301963,2,9,0,3,0,8,0,0,0,0,2,1,6,1,8,1199,1,11,5,1
2013471301964,1,9,0,9,0,6,0,0,0,0,1,1,1,2,6,1997,2,1,-1,-1
2013471301964,2,9,0,18,0,1,0,0,0,0,1,1,6,1,10,1689,2,12,2,1
2013471301966,1,1,0,18,5,1,0,0,0,0,1,1,6,1,8,-1,-1,-1,1,1
2013471301966,2,1,0,18,5,1,0,0,0,0,1,1,6,1,8,-1,-1,-1,8,1
2013471301967,1,9,0,9,0,6,0,0,0,0,3,1,6,1,6,1597,1,4,4,1
2013471301967,2,9,0,18,0,8,0,0,0,0,3,1,6,2,4,1753,2,9,3,1
2013471301969,1,9,0,9,0,6,0,0,0,0,1,1,6,2,11,1360,1,6,3,1
2013471301969,2,3,0,18,0,8,0,0,0,0,4,1,6,1,5,125,1,2,8,3
2013471301970,1,9,0,18,0,0,0,0,0,0,1,1,6,1,7,2987,2,5,10,3
2013471301970,2,1,0,18,0,0,0,0,0,0,2,1,6,1,4,-1,-1,-1,10,3
2013471301971,1,9,0,4,0,1,0,10,7,2,1,1,6,2,9,-1,-1,-1,10,3
2013471301973,1,5,0,13,0,0,0,0,0,0,3,1,6,1,7,942,1,3,3,1
2013471301973,2,9,0,17,0,0,0,0,0,0,3,1,6,2,4,1497,8,6,-1,-1
2013471301974,1,5,0,4,0,1,0,10,3,0,1,1,6,1,9,599,1,2,5,1
2013471301974,2,9,0,4,0,1,0,0,0,0,4,1,6,2,7,1598,1,3,3,1
2013471301975,1,9,0,16,0,0,0,0,0,0,1,1,2,1,5,1598,1,9,4,1
2013471301975,2,9,0,17,0,0,0,0,0,0,1,1,6,1,6,1968,2,5,5,1
2013471301975,3,9,0,3,0,0,0,0,0,0,2,1,6,2,8,1997,2,10,8,1
2013471301977,1,9,0,17,0,0,0,0,1,4,1,1,6,2,6,1296,1,6,7,1
2013471301978,1,19,0,17,0,0,1,0,0,0,3,1,1,1,6,2198,2,7,8,1
2013471301978,2,9,0,16,0,0,0,0,0,0,3,1,6,2,6,1997,2,4,3,1
2013471301978,3,19,0,2,6,0,0,0,0,0,0,1,6,3,-1,-1,-1,-1,-1,-1
2013471301981,1,9,0,18,0,0,1,0,0,4,1,1,6,1,5,1149,1,9,-1,-1
2013471301983,1,19,0,4,0,8,0,0,0,0,1,1,6,1,6,-1,-1,-1,3,1
2013471301983,2,9,0,4,0,8,0,0,0,0,2,1,6,2,6,1685,2,1,5,1
2013471301983,3,9,0,18,0,8,0,0,0,0,0,1,1,1,7,-1,-1,-1,-1,-1
2013471301984,1,9,0,4,0,0,0,0,0,0,1,1,6,2,6,1461,2,-1,5,1
2013471301984,2,9,0,3,0,0,0,0,0,0,2,1,2,1,7,1339,1,9,7,1
2013471301984,3,9,0,3,0,0,0,0,0,0,2,1,6,2,7,1339,1,11,6,1
2013471301985,1,5,0,18,0,1,0,0,0,0,1,1,6,1,4,738,1,27,7,3
2013471301985,2,9,0,4,0,1,0,0,0,0,2,1,6,1,10,1598,2,1,6,1
2013471301986,1,9,0,6,0,8,0,0,0,0,4,1,6,2,9,1587,1,10,8,1
2013471301986,2,3,0,18,0,8,0,0,0,0,1,1,6,1,11,85,1,25,6,1
2013471301987,1,9,0,17,0,0,2,0,7,1,1,1,6,2,7,-1,-1,-1,7,3
2013471301989,1,1,0,18,0,0,0,0,7,0,0,1,6,1,4,-1,-1,-1,4,1
2013471301990,1,9,0,9,0,8,0,0,0,0,4,1,6,1,6,1398,2,11,3,1
2013471301990,2,1,0,18,0,8,0,0,0,0,1,1,6,1,7,-1,-1,-1,3,1
2013471301991,1,9,0,18,0,0,0,0,0,0,1,1,6,1,10,1124,1,6,4,1
2013471301992,1,1,0,18,5,3,0,0,0,0,3,1,2,1,7,-1,-1,-1,-1,-1
2013471301992,2,9,0,18,0,3,0,0,0,0,1,1,2,1,6,2198,1,12,-1,-1
2013471301993,1,9,0,9,0,6,0,0,0,0,4,1,6,1,6,2000,1,6,9,1
2013471301994,1,9,0,5,0,1,0,0,0,0,0,1,2,1,6,1686,2,16,7,1
2013471301995,1,9,0,18,0,1,0,0,0,7,1,1,6,1,10,1398,1,3,6,1
2013471301995,2,9,0,3,0,1,0,0,0,0,2,1,6,1,6,1390,1,8,3,1
2013471301996,1,9,0,5,0,6,0,0,0,0,4,1,6,2,9,1984,2,3,9,1
2013471301996,2,9,0,18,0,8,0,0,0,0,4,1,1,1,9,1769,1,10,4,1
2013471302000,1,9,0,4,0,8,0,0,0,0,1,1,6,2,10,998,1,11,3,1
2013471302000,2,9,0,2,0,8,0,0,0,0,2,1,6,3,-1,698,1,9,-1,-1
2013471302002,1,9,0,5,0,0,0,0,0,0,1,1,6,1,7,1798,1,11,10,1
2013471302004,1,4,0,4,0,4,1,0,0,0,1,1,6,1,8,1157,1,6,4,1
2013471302005,1,9,0,18,0,4,0,0,0,0,1,1,6,2,7,1795,1,15,7,3
2013471302005,2,3,0,9,0,3,0,0,0,0,4,1,6,1,4,124,1,7,6,2
2013471302006,1,9,0,8,0,1,0,0,0,0,1,1,6,2,7,2231,2,7,-1,-1
2013471302006,2,1,0,18,0,8,0,0,0,0,1,1,6,1,6,-1,-1,-1,4,1
2013471302007,1,9,0,18,0,1,0,0,0,0,1,1,6,1,9,2254,1,14,3,1
2013471302009,1,9,0,9,0,6,0,0,0,0,3,1,6,1,8,-1,-1,-1,2,1
2013471302009,2,5,0,18,0,1,1,0,0,0,1,1,6,1,8,1130,1,7,3,3
2013471302010,1,20,0,4,0,0,0,0,0,0,1,1,1,1,8,2143,2,2,9,1
2013471302010,2,5,0,18,0,0,0,0,0,0,1,1,6,1,8,-1,-1,-1,6,3
2013471302010,3,9,0,2,6,0,0,0,0,0,4,1,6,1,9,-1,-1,-1,4,1
2013471302012,1,9,0,18,0,0,0,0,0,0,1,1,6,2,10,2204,2,6,3,1
2013471302012,2,2,0,4,0,0,0,0,0,0,3,1,2,2,6,49,1,7,6,3
2013471302012,3,9,0,4,0,0,0,0,0,0,2,1,6,2,6,1149,1,12,7,1
2013471302012,4,9,0,9,0,0,0,0,0,0,0,1,6,1,7,-1,-1,-1,-1,-1
2013471302014,1,9,0,18,0,8,0,0,0,0,1,1,2,2,5,1997,2,5,5,1
2013471302014,2,2,0,18,0,8,0,0,0,0,1,1,2,1,6,124,1,8,8,1
2013471302015,1,9,0,18,0,8,0,0,0,0,1,1,6,2,6,998,1,2,4,1
2013471302015,2,9,0,4,0,8,0,0,0,0,2,1,6,2,8,1242,1,14,1,1
2013471302015,3,9,0,3,0,8,0,0,0,0,2,1,6,2,5,1587,1,7,6,1
2013471302015,4,9,0,10,0,1,0,0,0,0,0,1,6,1,6,-1,-1,-1,-1,-1
2013471302016,1,9,0,18,0,8,0,0,0,0,1,1,6,1,9,1999,1,7,9,2
2013471302019,1,20,0,2,0,0,0,0,0,0,0,1,6,1,9,2402,2,13,5,1
2013471302021,1,9,0,4,0,1,0,0,1,10,0,1,6,1,11,1995,1,5,6,1
2013471302023,1,1,0,16,0,0,1,0,0,0,1,1,6,1,10,-1,-1,-1,7,3
2013471302023,2,9,0,18,0,0,0,0,0,0,3,1,6,2,10,1598,1,-1,2,1
2013471302025,1,9,0,18,0,0,0,0,0,0,4,1,6,1,11,1896,2,5,4,3
2013471302027,1,1,0,9,0,2,0,0,0,0,1,1,1,1,10,-1,-1,-1,8,2
2013471302027,2,9,0,18,0,1,0,0,0,0,3,1,2,2,8,1560,2,4,8,2
2013471302029,1,9,0,9,0,1,0,0,0,0,3,1,6,2,10,999,1,11,10,1
2013471302029,2,1,0,18,0,1,0,0,0,0,1,1,6,2,6,-1,-1,-1,8,1
2013471302031,1,9,0,16,0,0,0,0,0,0,1,1,6,1,10,1386,1,9,-1,-1
2013471302031,2,9,0,17,0,0,0,0,0,0,1,1,6,2,8,1396,1,9,3,1
2013471302032,1,9,0,9,0,5,0,7,0,10,4,1,2,1,6,1985,1,13,8,1
2013471302032,2,5,0,18,0,8,0,0,0,0,1,1,6,1,8,750,1,-1,1,1
2013471302037,1,8,0,18,0,0,0,0,0,0,3,1,6,1,7,1988,1,10,6,3
2013471302037,2,5,0,13,0,0,0,0,0,0,4,1,2,1,9,954,1,11,6,2
2013471302041,1,9,0,18,0,0,0,0,0,0,1,1,6,1,5,-1,-1,-1,3,1
2013471302041,2,9,0,3,0,0,0,0,0,0,1,1,6,2,9,1497,8,6,9,1
2013471302042,1,9,0,18,0,3,1,10,0,0,1,1,6,1,6,1600,1,14,2,1
2013471302043,1,9,0,18,0,0,0,0,0,0,1,1,6,2,9,3498,1,7,10,1
2013471302043,2,1,0,18,0,0,0,0,0,0,2,1,6,1,7,-1,-1,-1,3,1
2013471302044,1,11,0,4,0,0,0,0,0,0,0,1,1,1,8,9000,2,7,5,1
2013471302046,1,9,0,4,0,1,0,0,0,0,1,1,6,2,4,899,1,14,3,1
2013471302046,2,9,0,10,0,1,0,0,0,0,2,1,6,2,4,1124,1,16,4,1
2013471302047,1,9,0,18,0,0,1,0,0,0,1,1,6,1,6,973,1,11,5,1
2013471302047,2,9,0,4,0,0,0,0,0,0,2,1,6,2,10,1560,2,2,3,1
2013471302047,3,9,0,4,0,0,0,0,0,0,2,1,6,1,8,1461,2,3,1,1
2013471302048,1,9,0,18,0,1,0,0,0,0,1,1,6,1,-1,2204,2,7,-1,-1
2013471302048,2,9,0,4,0,1,0,0,0,0,2,1,6,1,7,1999,1,11,10,1
2013471302050,1,9,0,9,0,5,0,0,0,0,1,1,1,1,10,998,1,7,3,1
2013471302050,2,1,0,18,4,8,0,0,0,0,3,1,6,1,6,-1,-1,-1,1,1
2013471302056,1,11,0,18,2,2,0,0,0,0,3,1,1,1,5,9600,2,15,6,1