Accident_Index,Vehicle_Reference,Vehicle_Type,Towing_and_Articulation,Vehicle_Manoeuvre,Vehicle_Location-Restricted_Lane,Junction_Location,Skidding_and_Overturning,Hit_Object_in_Carriageway,Vehicle_Leaving_Carriageway,Hit_Object_off_Carriageway,1st_Point_of_Impact,Was_Vehicle_Left_Hand_Drive?,Journey_Purpose_of_Driver,Sex_of_Driver,Age_Band_of_Driver,Engine_Capacity_(CC),Propulsion_Code,Age_of_Vehicle,Driver_IMD_Decile,Driver_Home_Area_Type
2013471302058,1,11,0,18,0,1,0,0,0,0,0,1,6,1,6,8970,2,10,4,1
2013471302059,1,1,0,18,0,0,0,0,0,0,4,1,6,1,6,-1,-1,-1,7,2
2013471302059,2,9,0,1,0,0,0,0,0,0,3,1,6,2,7,1124,1,7,6,1
2013471302063,1,9,0,4,0,1,1,0,0,0,1,1,6,1,6,2496,2,9,3,1
2013471302063,2,9,0,3,0,1,0,0,0,0,2,1,1,1,6,-1,-1,-1,5,1
2013471302063,3,9,0,3,0,1,0,0,0,0,2,1,6,2,9,2148,2,12,7,1
2013471302065,1,9,0,18,0,1,0,0,7,10,1,1,6,1,6,1995,2,9,10,2
2013471302065,2,9,0,18,0,1,0,0,0,0,3,1,6,2,8,3999,1,3,7,3
2013471302066,1,3,0,13,0,0,0,0,0,0,3,1,2,1,6,124,1,1,6,1
2013471302066,2,9,0,9,0,0,0,0,0,0,1,1,1,1,6,-1,-1,-1,2,1
2013471302067,1,2,0,15,0,1,1,0,0,0,1,1,4,1,4,49,1,9,8,2
2013471302067,2,9,0,10,0,1,0,0,0,0,1,1,6,1,9,1997,2,6,5,1
2013471302068,1,9,0,5,0,4,0,0,0,0,1,1,2,1,6,1753,2,9,10,1
2013471302068,2,5,0,3,0,4,0,0,0,0,2,1,2,1,6,599,1,12,3,1
2013471302070,1,9,0,1,0,6,0,0,0,0,2,1,6,1,10,1242,1,1,2,1
2013471302070,2,1,0,18,0,8,0,0,0,0,1,1,2,1,6,-1,-1,-1,3,1
2013471302071,1,9,0,18,0,2,0,0,0,0,1,1,6,1,9,1796,1,11,1,1
2013471302071,2,9,0,18,0,2,0,0,0,0,2,1,6,2,9,1389,1,11,1,1
2013471302072,1,1,0,18,0,8,0,0,0,0,1,1,2,1,5,-1,-1,-1,7,1
2013471302072,2,9,0,7,0,8,0,0,0,0,4,1,2,1,7,1598,1,4,3,1
2013471302075,1,9,0,4,0,0,0,0,0,0,4,1,6,2,6,1796,1,14,4,1
2013471302077,1,19,0,18,0,0,0,0,0,0,1,1,1,1,9,4116,2,9,5,1
2013471302077,2,9,0,3,0,0,0,0,0,0,2,1,1,1,7,1796,1,10,9,1
2013471302077,3,9,0,3,0,0,0,0,0,0,2,1,6,2,9,1329,1,4,-1,-1
2013471302078,1,9,0,9,0,8,0,0,0,0,1,1,2,1,6,1598,1,9,-1,-1
2013471302078,2,9,0,18,0,8,1,10,0,0,4,1,1,1,6,1753,2,3,10,1
2013471302079,1,4,0,18,0,1,0,0,0,0,1,1,6,1,6,929,1,11,6,2
2013471302079,2,4,0,18,0,1,0,0,0,0,2,1,6,1,4,249,1,4,6,2
2013471302079,3,9,0,9,0,8,0,0,0,0,0,1,6,1,5,1242,1,7,8,3
2013471302080,1,19,0,18,0,1,0,0,0,0,1,1,6,1,6,1900,2,15,7,1
2013471302080,2,9,0,3,0,1,0,0,0,0,2,1,1,2,8,1995,2,10,8,1
2013471302081,1,9,0,1,0,2,0,0,0,0,2,1,6,1,10,1796,2,1,2,1
2013471302082,1,9,0,9,0,5,0,0,7,10,4,1,6,2,9,1910,2,4,8,1
2013471302082,2,9,0,17,0,8,1,0,0,0,1,1,6,2,4,1242,1,13,8,3
2013471302084,1,9,0,18,0,2,0,0,0,0,1,1,6,1,6,1781,1,8,9,1
2013471302084,2,19,0,18,0,1,0,0,0,0,1,1,1,1,7,2151,2,9,2,1
2013471302086,1,9,0,18,0,6,0,0,1,9,3,1,6,1,11,1339,1,4,5,3
2013471302086,2,9,0,18,0,8,0,0,0,0,1,1,6,1,6,-1,-1,-1,10,1
2013471302089,1,11,0,4,3,1,0,0,0,0,4,1,1,1,8,9000,2,4,4,1
2013471302091,1,9,0,18,0,0,0,0,1,2,1,1,2,2,5,998,1,19,-1,-1
2013471302092,1,9,0,10,0,0,0,0,0,0,3,1,6,2,9,1598,1,2,8,1
2013471302092,2,9,0,18,0,0,0,0,0,0,1,1,6,1,6,2000,1,13,5,1
2013471302093,1,9,0,5,0,1,0,0,0,0,3,1,6,2,10,1587,1,10,7,1
2013471302093,2,9,0,16,0,1,0,0,0,0,1,1,6,1,6,2495,2,18,10,1
2013471302094,1,9,0,18,0,0,0,0,0,0,0,1,6,1,7,1560,2,1,6,3
2013471302096,1,9,0,18,0,0,0,0,0,0,1,1,6,1,10,2926,2,9,6,3
2013471302096,2,8,0,18,0,0,0,0,0,0,2,1,6,1,6,1997,2,6,6,1
2013471302097,1,9,0,18,0,0,0,0,0,0,1,1,6,1,8,-1,-1,-1,6,1
2013471302097,2,9,0,3,0,0,0,0,0,0,2,1,6,2,9,1686,2,2,5,1
2013471302098,1,9,0,5,0,8,0,0,0,0,3,1,6,2,4,1242,1,15,1,1
2013471302098,2,1,0,18,4,8,0,0,0,0,1,1,6,2,5,-1,-1,-1,-1,-1
2013471302098,3,9,0,2,0,2,0,0,0,0,0,1,6,3,-1,1086,1,9,-1,-1
2013471302099,1,9,0,18,0,8,0,0,1,0,3,1,6,3,-1,-1,-1,-1,-1,-1
2013471302100,1,9,0,18,0,1,0,0,0,0,1,1,6,1,5,1900,2,8,9,1
2013471302100,2,9,0,4,0,1,0,0,1,10,2,1,6,2,9,1242,1,12,5,1
2013471302100,3,9,0,8,0,1,0,0,1,10,2,1,6,2,7,1390,1,-1,3,1
2013471302101,1,9,0,16,0,0,0,0,0,10,1,1,6,2,7,1298,1,14,4,1
2013471302102,1,8,0,9,0,8,0,0,0,0,4,1,1,1,7,1991,2,7,3,1
2013471302102,2,9,0,18,0,1,0,0,0,0,1,1,6,1,6,1598,2,3,6,1
2013471302104,1,9,0,18,0,0,0,0,0,0,1,1,6,1,6,1242,1,1,6,1
2013471302104,2,9,0,18,0,0,0,0,0,0,2,1,6,1,6,-1,-1,-1,4,1
2013471302106,1,9,0,18,0,0,1,0,1,0,1,1,6,1,5,1800,1,13,4,1
2013471302106,2,9,0,18,0,0,0,0,0,0,2,1,6,1,11,1762,1,13,9,1
2013471302106,3,9,0,18,0,0,0,0,0,0,2,1,6,1,7,1956,2,1,4,1
2013471302106,4,9,0,11,0,0,0,0,0,0,0,1,6,3,6,-1,-1,-1,-1,-1
2013471302107,1,9,0,18,0,1,0,0,0,0,1,1,6,2,8,1461,2,9,7,1
2013471302107,2,9,0,3,0,1,0,0,0,0,2,1,6,2,5,1229,1,1,3,1
2013471302108,1,9,0,18,0,0,0,0,6,0,1,1,6,1,8,1994,2,14,9,1
2013471302108,2,9,0,18,0,0,0,0,0,0,2,1,6,1,9,2497,1,3,9,1
2013471302108,3,9,0,18,0,0,0,0,0,0,1,1,6,2,8,1598,1,7,8,1
2013471302111,1,9,0,18,0,0,0,0,0,0,0,1,6,1,7,4,1,42,7,3
2013471302113,1,9,0,5,0,0,0,0,0,0,0,1,6,3,-1,1951,2,11,-1,-1
2013471302113,2,9,0,18,0,0,1,0,1,7,1,1,6,1,4,1149,1,15,9,1
2013471302114,1,19,0,12,0,0,0,0,0,0,3,1,6,1,8,2198,2,7,6,1
2013471302114,2,9,0,18,0,0,0,0,0,0,4,1,6,1,7,1997,2,3,10,1
2013471302116,1,9,0,7,0,2,0,0,0,0,4,1,6,1,7,1598,1,3,-1,-1
2013471302120,1,9,0,7,0,5,0,0,0,0,4,1,6,2,8,1994,2,4,-1,-1
2013471302120,2,1,0,18,4,2,0,0,0,0,3,1,6,2,6,-1,-1,-1,6,1
2013471302122,1,8,0,18,0,8,0,0,0,0,4,1,1,1,10,2664,2,13,3,1
2013471302122,2,9,0,9,0,8,0,0,0,0,3,1,6,2,9,1229,1,6,6,1
2013471302123,1,8,0,2,0,1,0,0,0,0,0,1,6,1,8,1896,2,3,6,1
2013471302123,2,1,0,18,0,1,0,0,0,0,0,1,6,1,5,-1,-1,-1,2,1
2013471302124,1,5,0,16,0,0,1,0,0,0,3,1,6,1,6,998,1,9,5,1
2013471302124,2,9,0,17,0,0,1,0,0,0,3,1,6,1,10,1997,2,5,9,1
2013471302127,1,19,0,9,0,8,0,0,0,0,4,1,6,2,7,1753,2,12,6,3
2013471302127,2,9,0,18,0,8,0,0,0,0,1,1,6,2,7,1986,2,4,9,3
2013471302127,3,19,0,10,0,1,0,0,0,0,1,1,1,1,8,2198,2,6,6,3
2013471302128,1,4,0,16,0,0,0,0,7,4,1,1,6,1,5,998,1,6,8,1
2013471302129,1,11,0,7,0,2,0,0,0,10,4,1,1,1,8,9000,2,5,3,1
2013471302130,1,9,0,18,0,2,0,0,0,0,1,1,6,1,6,1796,1,8,-1,-1
2013471302131,1,90,0,18,0,0,5,0,0,0,1,1,6,1,7,1993,1,-1,4,1
2013471302132,1,9,0,14,0,2,0,0,0,0,4,1,6,1,10,1798,1,2,10,1
2013471302132,2,11,0,2,0,2,0,0,0,0,0,1,1,1,8,9000,2,6,6,1
2013471302133,1,9,0,5,0,2,0,0,0,0,1,1,6,1,8,1497,1,13,6,1
2013471302133,2,9,0,4,0,2,0,0,0,0,1,1,6,2,7,1999,1,16,3,1
2013471302133,3,9,0,3,0,2,0,0,0,0,2,1,6,2,8,1360,1,6,1,1
2013471302133,4,8,0,3,0,2,0,0,0,0,2,1,6,1,7,1997,2,4,3,1
2013471302134,1,5,0,18,0,0,0,0,1,0,1,1,6,1,7,598,1,23,8,1
2013471302134,2,9,0,18,0,0,0,0,0,0,1,1,6,1,11,2198,2,6,9,3
2013471302136,1,1,0,13,0,1,0,0,0,0,1,1,1,1,7,-1,-1,-1,4,1
2013471302136,2,9,0,9,0,1,0,0,0,0,3,1,6,1,4,998,1,5,4,1
2013471302137,1,9,0,13,0,0,0,0,0,0,1,1,6,2,9,1198,1,-1,9,1
2013471302137,2,19,0,9,0,0,0,0,0,0,3,1,1,2,6,1248,2,5,9,3
2013471302138,1,9,0,18,0,0,0,0,0,0,1,1,6,1,11,1998,2,8,6,2
2013471302138,2,9,0,18,0,0,0,0,0,0,1,1,6,1,7,-1,-1,-1,2,1
2013471302146,1,9,0,18,0,2,0,0,0,0,1,1,6,2,8,1242,1,2,1,1
2013471302146,2,9,0,2,0,1,0,0,0,0,4,1,6,1,4,1299,1,11,4,1
2013471302148,1,19,0,16,0,8,1,4,8,10,1,1,6,1,7,2459,2,16,1,1
2013471302148,2,9,0,2,0,1,0,4,0,0,1,1,6,3,-1,1997,2,3,-1,-1
2013471302148,3,9,0,2,0,2,0,4,0,0,1,1,6,3,-1,998,1,12,-1,-1
2013471302148,4,9,0,2,0,2,0,0,0,0,1,1,6,3,-1,1794,1,5,-1,-1
2013471302151,1,9,0,5,0,4,0,0,0,0,3,1,6,1,9,1391,1,13,6,1
2013471302151,2,1,0,18,0,8,0,0,0,0,4,1,6,1,9,-1,-1,-1,10,1
2013471302152,1,19,0,4,0,0,1,0,0,0,2,1,1,1,4,2178,2,7,7,2
2013471302152,2,9,0,4,0,0,0,0,0,10,2,1,2,1,5,1560,2,8,9,3
2013471302152,3,9,0,4,0,0,0,0,0,0,2,1,6,2,8,1396,1,17,4,3
2013471302152,4,1,0,18,0,0,0,0,0,0,0,1,6,3,-1,-1,-1,-1,-1,-1
2013471302153,1,9,0,18,0,1,0,0,0,0,1,1,6,2,4,1248,2,5,9,1
2013471302153,2,5,0,7,0,1,0,0,1,10,2,1,2,1,7,749,1,30,4,1
2013471302155,1,9,0,16,0,0,1,0,0,0,3,1,6,1,7,1798,1,1,9,1
2013471302155,2,9,0,17,0,0,0,0,1,0,3,1,6,1,7,2400,2,-1,8,3
2013471302155,3,9,0,18,0,0,0,0,0,0,0,1,6,3,6,-1,-1,-1,-1,-1
2013471302157,1,9,0,17,0,0,0,0,0,0,3,1,6,1,7,1896,2,11,3,1
2013471302157,2,9,0,16,0,0,0,0,1,10,3,1,6,1,7,1596,1,13,9,3
2013471302158,1,9,0,8,0,4,0,0,0,0,1,1,6,1,11,1999,1,7,7,2
2013471302158,2,9,0,8,0,4,0,0,1,0,0,1,6,2,7,1598,1,11,5,3
2013471302160,1,20,0,18,0,0,0,0,0,0,1,1,1,1,8,6692,2,1,7,1
2013471302160,2,9,0,18,0,0,0,0,0,0,2,1,6,2,5,1360,1,11,4,1
2013471302163,1,9,0,3,0,2,0,0,0,0,1,1,2,1,5,1598,2,1,3,1
2013471302163,2,9,0,3,0,2,0,0,0,0,2,1,3,1,7,1597,1,4,9,1
2013471302165,1,9,0,3,0,1,0,0,0,0,1,1,6,2,7,-1,-1,-1,-1,-1
2013471302165,2,9,0,3,0,1,0,0,0,0,2,1,6,2,9,1587,1,11,4,1
2013471302167,1,9,0,4,0,1,0,0,0,0,3,1,3,2,9,1797,1,21,4,1
2013471302168,1,9,0,7,0,5,0,0,0,0,1,1,6,2,7,1998,1,11,3,1
2013471302170,1,20,0,4,0,0,0,0,0,0,1,1,1,1,10,-1,2,16,8,3
2013471302170,2,9,0,3,0,0,0,0,0,0,2,1,6,2,5,1560,2,3,6,3
2013471302170,3,9,0,3,0,0,0,0,0,0,2,1,6,1,7,2495,2,28,7,3
2013471302171,1,9,0,5,0,8,0,0,0,0,1,1,6,1,8,1398,2,11,3,1
2013471302171,2,1,0,5,0,8,0,0,0,0,1,1,6,1,11,-1,-1,-1,10,1
2013471302172,1,9,0,9,0,8,0,0,0,0,1,1,6,2,7,1119,1,17,7,1
2013471302172,2,5,0,18,0,8,0,0,0,0,1,1,6,1,8,1832,1,6,5,1
2013471302175,1,9,0,17,0,0,0,0,0,0,1,1,6,1,7,1956,2,2,7,1
2013471302175,2,9,0,16,0,0,0,0,0,0,1,1,6,2,11,988,1,21,7,1
2013471302177,1,9,0,18,0,1,0,0,0,0,1,1,6,1,8,-1,-1,-1,4,1
2013471302177,2,9,0,10,0,1,0,0,0,0,2,1,6,1,9,2521,1,9,9,1
2013471302179,1,19,0,9,0,6,0,0,0,0,1,1,1,1,6,1968,2,5,8,3
2013471302179,2,5,0,18,0,8,0,0,0,0,3,1,6,1,6,644,1,5,10,1
2013471302180,1,9,0,9,0,8,0,0,0,0,1,1,6,1,7,1796,1,14,3,1
2013471302180,2,1,0,18,0,8,0,0,0,0,3,1,6,1,3,-1,-1,-1,7,1
2013471302181,1,9,0,10,0,5,0,0,0,0,1,1,6,1,7,1896,2,12,6,2
2013471302181,2,5,0,18,0,8,0,0,0,0,1,1,6,1,4,599,1,12,-1,-1
2013471302185,1,9,0,5,0,0,0,0,0,0,1,1,6,2,6,1995,2,7,7,1
2013471302185,2,5,0,18,0,0,0,0,0,0,4,1,2,1,5,645,1,9,5,1
2013471302185,3,11,0,18,0,0,0,0,0,0,0,1,1,3,-1,-1,-1,-1,-1,-1
2013471302185,4,9,0,18,0,0,0,0,0,0,0,1,1,3,-1,-1,-1,-1,-1,-1
2013471302187,1,11,0,5,0,2,0,0,0,0,4,1,1,1,9,6700,2,5,6,1
2013471302188,1,9,0,18,0,4,0,0,0,0,1,1,6,2,10,1396,1,11,-1,-1
2013471302188,2,9,0,18,0,4,0,0,0,0,2,1,6,1,6,-1,-1,-1,5,1
2013471302190,1,1,0,18,0,8,1,0,0,0,1,1,6,1,4,-1,-1,-1,1,1
2013471302192,1,9,0,18,0,1,0,0,0,0,1,1,1,1,7,1956,2,2,5,3
2013471302192,2,1,0,18,0,8,0,0,0,0,4,1,1,1,8,-1,-1,-1,9,3
2013471302195,1,9,0,18,9,6,0,0,0,0,3,1,6,1,11,1598,1,5,3,1
2013471302196,1,9,0,18,0,1,0,0,0,0,1,1,6,2,9,1199,2,1,8,1
2013471302196,2,9,0,8,0,1,0,0,0,0,2,1,3,1,8,1896,2,8,9,3
2013471302197,1,9,0,9,0,0,0,0,0,0,3,1,3,1,7,2148,2,5,6,3
2013471302197,2,5,0,18,0,0,0,0,0,0,4,1,1,1,6,599,1,7,10,2
2013471302198,1,9,0,9,0,8,0,0,0,0,1,1,2,2,9,993,1,11,7,1
2013471302198,2,9,0,18,0,1,0,0,0,0,1,1,6,1,8,1999,1,11,7,2
2013471302199,1,3,0,7,0,8,1,0,0,0,4,1,6,1,4,124,1,-1,6,3
2013471302199,2,19,0,18,0,1,0,0,0,0,1,1,1,1,6,2198,2,2,6,1
2013471302200,1,9,0,18,0,1,0,0,0,0,4,1,2,2,9,1396,1,1,10,1
2013471302200,2,1,0,13,0,2,0,0,0,0,4,1,6,2,6,-1,-1,-1,10,1
2013471302201,1,11,0,5,0,0,0,0,0,0,0,1,6,1,8,9600,2,17,5,1
2013471302201,2,1,0,5,0,0,0,0,0,0,0,1,6,1,3,-1,-1,-1,9,2
2013471302206,1,1,0,18,0,1,0,0,0,0,4,1,6,1,8,-1,-1,-1,6,3
2013471302206,2,9,0,10,6,1,0,0,0,0,1,1,1,1,7,1997,1,17,3,1
2013471302206,3,9,0,18,0,1,0,0,0,0,0,1,1,3,6,-1,-1,-1,-1,-1
2013471302207,1,8,0,3,0,0,0,0,0,0,1,1,6,2,7,1600,1,14,8,3
2013471302207,2,9,0,3,0,0,0,0,0,0,2,1,6,2,8,1794,1,8,8,3
2013471302208,1,9,0,18,0,0,0,0,0,0,1,1,6,2,5,1968,2,5,9,3
2013471302209,1,1,0,18,0,0,1,11,0,0,1,1,6,1,8,-1,-1,-1,6,3
2013471302209,2,9,4,18,0,0,0,0,0,0,0,1,2,1,10,2495,2,11,6,2
2013471302210,1,9,0,9,0,6,0,0,0,0,1,1,2,2,8,1796,1,9,6,3
2013471302210,2,9,0,18,0,1,1,0,0,0,1,1,6,2,5,1229,1,5,6,1
2013471302211,1,9,0,18,0,0,1,0,0,0,1,1,6,2,5,1364,1,10,7,2
2013471302211,2,21,0,18,0,0,0,0,0,0,1,1,6,1,7,4250,2,15,7,3
2013471302213,1,19,0,18,0,0,0,0,1,4,1,1,1,1,7,1997,2,7,3,1
2013471302214,1,9,0,5,0,6,0,0,0,0,3,1,6,1,10,2290,1,7,9,3
2013471302214,2,9,0,18,0,1,0,0,0,0,1,1,6,2,8,2400,2,1,8,3
2013471302214,3,9,0,10,0,1,0,0,0,0,1,1,6,1,7,1985,1,15,8,3
2013471302217,1,9,0,18,0,1,0,0,0,0,1,1,6,2,7,-1,-1,-1,-1,-1
2013471302217,2,9,0,4,0,1,0,0,0,0,2,1,6,2,6,1272,1,23,5,1
2013471302217,3,9,0,4,0,1,0,0,0,0,0,1,6,2,6,-1,-1,-1,-1,-1
2013471302218,1,9,0,18,0,0,0,0,0,0,1,1,6,2,8,1679,1,14,4,1
2013471302218,2,9,0,18,0,0,0,0,0,0,1,1,6,2,10,4169,2,19,8,3
2013471302220,1,19,0,18,0,2,0,0,0,0,1,1,1,1,6,2402,2,1,1,1
2013471302220,2,9,0,5,0,2,0,0,0,0,0,1,6,3,-1,-1,-1,-1,-1,-1
2013471302220,3,9,0,15,0,2,0,0,1,0,2,1,6,2,7,1998,1,10,9,1
2013471302220,4,9,0,10,0,2,0,0,0,0,2,1,6,1,6,2000,2,8,8,3
2013471302221,1,9,0,4,0,0,1,0,0,0,3,1,6,1,7,1999,1,2,7,1
2013471302221,2,9,0,5,0,0,0,0,0,0,2,1,6,1,9,1229,1,2,4,1
2013471302221,3,9,0,5,0,0,0,0,0,0,2,1,6,1,8,1598,1,5,5,1
2013471302223,1,9,0,18,0,0,1,0,1,1,1,1,6,1,7,1595,1,12,7,1
2013471302224,1,19,0,1,0,0,0,0,0,0,2,1,6,1,6,2287,2,6,2,1
2013471302224,2,9,0,2,0,0,0,0,0,0,2,1,6,3,-1,1998,1,11,-1,-1
2013471302224,3,9,0,2,0,0,0,0,0,0,3,1,6,3,-1,1299,1,10,-1,-1
2013471302224,4,9,0,2,0,0,0,0,0,0,1,1,6,3,-1,1992,2,6,-1,-1
2013471302225,1,9,0,18,0,0,1,0,1,4,1,1,6,1,10,1896,2,11,8,3
2013471302226,1,9,0,18,0,6,0,0,0,0,0,1,6,1,6,1905,2,16,6,1
2013471302232,1,9,0,18,0,0,0,0,0,0,4,1,6,1,7,2204,2,6,10,2
2013471302232,2,1,0,18,0,0,0,0,0,0,3,1,6,1,4,-1,-1,-1,10,2
2013471302233,1,9,0,18,0,0,5,0,1,2,1,1,6,1,6,1998,1,6,6,1
2013471302235,1,3,0,18,0,2,0,0,0,0,3,1,6,1,5,124,1,-1,2,1
2013471302237,1,9,0,18,0,1,0,0,0,0,1,1,6,2,8,1390,1,12,6,1
2013471302237,2,19,0,18,0,8,1,0,7,0,4,1,1,2,9,1753,2,8,8,1
2013471302239,1,5,0,13,0,0,0,0,1,1,1,1,6,1,4,636,1,8,6,1
2013471302239,2,21,0,17,0,0,0,0,0,0,0,1,1,1,8,11946,2,9,9,1
2013471302239,3,9,0,16,0,0,0,0,0,0,0,1,6,3,-1,-1,-1,-1,-1,-1
2013471302239,4,9,0,18,0,0,0,0,0,0,3,1,6,1,8,1596,1,12,4,1
2013471302240,1,9,0,13,0,1,0,0,0,0,1,1,6,1,7,1896,2,9,10,1
2013471302240,2,1,0,9,0,5,0,0,0,0,3,1,6,1,7,-1,-1,-1,2,1
2013471302241,1,9,0,18,0,0,0,0,0,0,1,1,6,1,8,1589,1,14,3,1
2013471302241,2,9,0,3,0,0,0,0,0,0,2,1,6,2,7,1598,1,8,4,1
2013471302241,3,9,0,3,0,0,0,0,0,0,2,1,6,2,7,1108,1,6,4,1
2013471302241,4,9,0,3,0,0,0,0,0,0,2,1,6,1,10,1468,1,9,7,1
2013471302241,5,9,0,3,0,0,0,0,0,0,2,1,6,2,7,1998,1,12,6,2
2013471302241,6,5,0,18,0,0,0,0,0,0,1,1,6,1,8,998,1,2,6,1
2013471302242,1,5,0,13,0,0,0,0,0,0,0,1,6,1,5,599,1,4,9,1
2013471302242,2,5,0,18,0,0,0,0,0,0,0,1,6,1,6,659,1,8,4,1
2013471302243,1,9,0,18,0,1,0,0,0,0,3,1,6,3,-1,-1,-1,-1,-1,-1
2013471302244,1,9,0,13,0,8,0,0,0,0,1,1,6,1,7,2987,2,2,10,1
2013471302244,2,9,0,9,0,8,0,0,0,1,2,1,6,1,8,1560,2,1,8,1
2013471302245,1,9,0,13,0,0,0,0,0,0,4,1,6,2,6,1995,2,-1,8,3
2013471302245,2,9,0,18,0,0,0,0,0,0,3,1,6,1,8,1796,1,2,10,1
2013471302245,3,9,0,18,0,0,0,0,0,0,3,1,6,1,7,1595,1,12,6,3
2013471302247,1,9,0,18,0,0,1,0,1,10,4,1,6,2,8,2993,2,2,8,3
2013471302248,1,1,0,18,0,8,0,0,0,0,1,1,6,1,5,-1,-1,-1,2,1
2013471302248,2,8,0,18,0,8,1,0,0,0,3,1,1,1,7,1753,2,6,6,1
2013471302249,1,9,0,18,0,0,0,0,0,0,3,1,6,2,8,1596,1,9,2,1
2013471302249,2,9,0,18,0,0,0,0,2,0,3,1,6,1,7,2457,1,9,6,3
2013471302250,1,21,1,18,0,0,5,0,7,4,1,1,1,1,8,11705,2,2,5,1
2013471302251,1,9,0,17,0,0,0,10,1,7,1,1,2,1,11,998,1,-1,3,1
2013471302252,1,21,0,7,0,1,0,0,0,0,4,1,1,1,8,8970,2,6,6,1
2013471302252,2,9,0,7,0,1,0,0,0,0,3,1,2,2,6,1598,2,3,6,1
2013471302253,1,19,0,4,0,0,0,0,0,0,1,1,6,1,4,1995,2,1,10,1
2013471302253,2,9,0,4,0,0,0,0,0,0,2,1,6,2,7,2401,2,9,9,2
2013471302255,1,19,0,18,0,0,0,0,0,0,4,1,6,1,6,1968,2,1,2,1
2013471302255,2,19,0,18,0,0,0,0,0,0,4,1,6,2,5,1896,2,15,3,1
2013471302256,1,9,0,5,0,5,0,0,0,0,1,1,6,2,8,1328,1,11,10,1
2013471302256,2,1,0,18,0,8,0,0,0,0,2,1,6,2,9,-1,-1,-1,7,1
2013471302257,1,8,0,5,0,4,0,0,0,0,1,1,1,1,9,1896,2,7,1,1
2013471302257,2,9,0,3,0,4,0,0,0,0,2,1,6,2,7,998,1,15,7,1
2013471302258,1,19,0,17,0,0,0,0,0,0,1,1,1,1,7,1461,2,1,4,1
2013471302258,2,21,0,16,0,0,0,0,0,0,3,1,1,1,8,7201,2,5,4,1
2013471302259,1,5,0,13,0,0,0,0,0,0,3,1,6,1,8,1052,1,27,9,1
2013471302259,2,5,0,13,0,0,0,0,0,0,3,1,6,1,5,1137,1,14,3,1
2013471302262,1,9,0,1,0,2,0,0,0,0,4,1,6,1,6,1596,1,9,1,1
2013471302262,2,8,0,2,0,1,0,0,0,0,3,1,1,3,-1,1796,1,6,-1,-1
2013471302264,1,9,0,18,0,0,0,4,0,0,1,1,6,2,10,995,1,7,7,1
2013471302264,2,8,0,10,0,0,0,0,0,0,2,1,6,1,6,1997,2,9,1,1
2013471302267,1,5,0,17,0,0,0,0,0,0,4,1,6,1,5,498,1,9,7,1
2013471302268,1,9,0,18,0,2,0,0,0,0,1,1,6,1,6,1781,1,12,5,1
2013471302268,2,9,0,4,0,2,0,0,0,0,2,1,6,1,7,1598,1,10,5,1
2013471302268,3,9,0,4,0,2,0,0,0,0,2,1,6,1,7,1798,8,-1,5,1
2013471302268,4,9,0,4,0,2,0,0,0,0,2,1,6,1,5,1781,1,13,7,3
2013471302268,5,9,0,4,0,2,0,0,0,0,2,1,6,1,8,2435,1,17,9,1
2013471302269,1,9,0,7,0,6,0,0,0,0,3,1,6,1,9,1995,2,2,5,1
2013471302269,2,5,0,18,0,1,0,0,0,0,1,1,6,1,6,790,1,10,4,1
2013471302272,1,9,0,18,0,0,0,0,1,0,3,1,6,2,9,998,1,6,3,3
2013471302272,2,20,0,18,0,0,1,0,0,0,1,1,1,1,8,6370,2,10,4,1
2013471302273,1,9,0,18,0,0,0,0,0,0,1,1,6,1,6,1399,2,7,4,1
2013471302273,2,9,0,3,0,0,0,0,0,0,2,1,6,1,8,1796,1,9,6,1
2013471302273,3,9,0,3,0,0,0,0,0,0,2,1,6,2,6,1124,1,12,7,2
2013471302274,1,19,0,18,0,1,0,0,0,10,1,1,1,1,9,1248,2,4,3,1
2013471302274,2,21,0,18,0,1,0,0,7,10,1,1,6,2,8,4250,2,16,9,1
2013471302275,1,19,0,18,0,0,0,0,0,0,1,1,6,1,8,2198,2,4,6,3
2013471302275,2,9,0,18,0,0,0,0,0,0,3,1,6,1,8,1968,2,-1,6,3
2013471302275,3,20,0,18,0,0,0,0,0,0,1,1,1,1,8,2148,2,4,8,3
2013471302276,1,1,0,18,0,8,0,0,7,0,1,1,6,1,4,-1,-1,-1,10,1
2013471302276,2,9,0,9,0,8,0,0,0,0,3,1,6,1,5,1560,2,-1,9,1
2013471302278,1,19,0,16,0,0,2,0,4,1,1,1,1,1,7,2402,2,1,4,1
2013471302279,1,9,0,4,0,0,0,0,0,0,1,1,6,1,6,1275,1,13,8,1
2013471302279,2,9,0,3,0,0,0,0,0,0,2,1,6,1,11,2179,2,10,6,1
2013471302280,1,9,0,5,0,1,0,0,0,0,1,1,6,2,7,1896,2,6,6,1