Accident_Index,Vehicle_Reference,Vehicle_Type,Towing_and_Articulation,Vehicle_Manoeuvre,Vehicle_Location-Restricted_Lane,Junction_Location,Skidding_and_Overturning,Hit_Object_in_Carriageway,Vehicle_Leaving_Carriageway,Hit_Object_off_Carriageway,1st_Point_of_Impact,Was_Vehicle_Left_Hand_Drive?,Journey_Purpose_of_Driver,Sex_of_Driver,Age_Band_of_Driver,Engine_Capacity_(CC),Propulsion_Code,Age_of_Vehicle,Driver_IMD_Decile,Driver_Home_Area_Type
2013471302280,2,9,0,3,0,1,0,0,0,0,2,1,6,2,8,1298,1,11,6,1
2013471302281,1,9,0,18,0,3,0,0,0,0,0,1,6,1,-1,-1,-1,-1,-1,-1
2013471302281,2,11,0,9,0,3,0,0,0,0,0,1,1,1,9,9600,2,18,7,2
2013471302282,1,9,0,12,0,0,0,0,0,0,3,1,6,3,-1,-1,-1,-1,-1,-1
2013471302282,2,9,0,18,0,0,0,0,5,6,2,1,6,1,7,1753,2,14,-1,-1
2013471302284,1,19,0,9,0,1,0,0,0,0,4,1,1,1,6,1753,2,6,-1,-1
2013471302284,2,1,0,18,0,1,0,0,0,0,0,1,6,1,6,-1,-1,-1,4,1
2013471302286,1,19,0,1,0,0,0,0,0,0,2,1,6,1,7,2460,2,8,4,1
2013471302286,2,9,0,2,6,0,0,0,0,0,0,1,6,1,6,1900,2,15,7,1
2013471302287,1,10,0,18,0,8,1,0,1,9,4,1,6,1,5,2496,2,15,3,1
2013471302289,1,90,0,9,0,3,0,0,0,0,3,1,1,1,8,6692,2,2,8,1
2013471302289,2,19,0,18,0,3,0,0,0,0,4,1,1,1,8,2198,2,-1,6,2
2013471302292,1,9,0,9,0,1,0,0,0,0,3,1,6,1,8,-1,-1,-1,9,2
2013471302292,2,3,0,18,0,1,0,0,0,0,1,1,6,1,4,-1,-1,-1,9,2
2013471302293,1,9,0,18,0,0,0,0,0,0,4,1,6,2,10,1798,1,4,6,3
2013471302294,1,9,0,18,0,1,0,0,0,0,1,1,6,1,8,1995,2,7,6,1
2013471302294,2,5,0,3,0,1,0,0,0,0,2,1,6,1,8,645,1,5,10,1
2013471302295,1,9,0,7,0,6,0,0,0,0,1,1,6,2,4,1598,1,12,6,1
2013471302295,2,9,0,2,0,8,0,0,0,0,1,1,6,1,7,1587,1,6,4,1
2013471302296,1,9,0,1,0,1,0,0,0,0,0,1,6,2,7,1598,1,1,9,3
2013471302296,2,5,0,17,0,1,0,0,7,0,1,1,6,1,4,599,1,16,10,2
2013471302297,1,9,0,13,0,2,0,0,0,0,4,1,6,1,6,1360,1,10,7,1
2013471302297,2,19,0,18,0,2,0,0,0,0,3,1,2,1,7,2198,2,2,9,1
2013471302298,1,9,0,18,0,0,0,0,1,0,1,1,2,2,8,1598,1,6,4,1
2013471302298,2,9,0,18,0,0,0,0,1,10,2,1,6,2,8,1994,2,10,6,1
2013471302299,1,9,0,18,0,0,1,0,1,4,1,1,6,2,6,1061,1,8,3,1
2013471302301,1,9,0,17,0,0,5,0,2,10,1,1,2,1,6,1389,1,17,9,3
2013471302302,1,9,0,14,0,0,0,0,0,0,4,1,2,2,8,998,1,8,3,1
2013471302303,1,9,0,18,0,0,0,0,0,0,2,1,6,1,11,2496,1,10,2,1
2013471302303,2,9,0,18,0,0,0,0,0,0,2,1,1,1,7,1968,2,1,6,1
2013471302303,3,21,0,18,0,0,1,0,0,0,1,1,1,1,5,6370,2,3,5,1
2013471302305,1,11,0,18,2,0,0,0,0,0,0,1,1,1,9,9360,2,1,1,1
2013471302308,1,9,0,16,0,0,0,0,0,0,1,1,6,1,11,1999,1,6,-1,-1
2013471302308,2,19,0,17,0,0,0,0,0,0,1,2,1,1,9,1998,2,8,5,1
2013471302310,1,9,0,1,0,8,0,0,0,0,2,1,6,1,6,1995,1,11,9,1
2013471302311,1,9,0,14,0,1,0,0,0,0,1,1,6,1,4,993,1,12,10,1
2013471302311,2,9,0,10,0,5,0,0,0,0,3,1,6,2,7,1796,1,7,10,1
2013471302312,1,9,0,9,0,6,0,0,0,0,1,1,6,2,8,2319,1,12,6,1
2013471302312,2,5,0,18,0,8,0,0,0,0,1,1,6,1,6,599,1,15,4,1
2013471302313,1,9,0,9,0,5,0,0,0,0,3,1,6,1,4,1796,1,19,5,1
2013471302313,2,3,0,18,0,8,0,0,0,0,1,1,6,1,4,124,1,1,10,1
2013471302314,1,8,0,18,0,0,0,0,0,0,4,1,1,1,8,1997,2,5,7,1
2013471302315,1,9,0,18,0,1,0,0,0,0,1,1,6,1,9,1783,1,9,3,1
2013471302315,2,9,0,2,0,1,0,0,0,0,3,1,6,1,-1,1968,2,7,-1,-1
2013471302315,3,9,0,2,0,1,0,0,0,0,1,1,6,2,-1,1591,1,2,-1,-1
2013471302316,1,4,0,18,0,0,0,0,1,9,1,1,2,1,6,400,1,19,8,3
2013471302317,1,9,0,5,0,4,0,0,0,0,1,1,6,1,10,1560,2,2,7,2
2013471302317,2,1,0,18,0,8,0,0,0,0,2,1,1,1,7,-1,-1,-1,7,1
2013471302318,1,9,0,1,9,8,0,0,0,0,2,1,2,2,8,1298,1,10,6,1
2013471302320,1,5,0,18,0,1,1,0,0,0,0,1,6,1,8,1195,1,3,-1,-1
2013471302320,2,9,0,4,0,1,0,0,0,0,0,1,6,1,6,-1,-1,-1,-1,-1
2013471302323,1,9,0,9,0,6,0,0,0,0,4,1,6,2,6,1248,2,1,7,1
2013471302323,2,1,0,18,0,8,0,0,0,0,1,1,6,2,9,-1,-1,-1,6,1
2013471302324,1,9,0,18,0,1,1,0,0,0,1,1,6,1,6,2183,2,2,5,3
2013471302324,2,9,0,18,0,1,1,0,0,0,1,1,6,2,7,2993,2,5,7,3
2013471302324,3,9,0,10,0,1,0,0,0,0,2,1,6,1,10,1596,1,9,4,1
2013471302324,4,9,0,18,0,1,1,0,0,0,2,1,6,1,8,1796,1,4,6,1
2013471302327,1,9,0,5,0,8,0,0,0,0,3,1,6,1,6,1997,2,11,7,2
2013471302327,2,9,0,5,0,8,0,0,1,2,1,1,6,2,5,1199,1,11,6,1
2013471302328,1,5,0,18,0,0,1,0,7,10,1,1,6,1,8,1157,1,17,8,3
2013471302329,1,9,0,5,0,0,0,0,0,0,1,1,6,1,6,-1,-1,-1,-1,-1
2013471302329,2,9,0,18,0,0,0,0,0,0,1,1,6,2,4,1598,1,10,5,1
2013471302329,3,9,0,2,0,0,0,0,0,0,0,1,6,3,-1,1398,2,7,-1,-1
2013471302332,1,9,0,7,0,6,0,0,0,0,1,1,1,1,10,3500,1,5,7,3
2013471302332,2,9,0,18,0,8,0,0,0,0,1,1,6,2,4,1120,2,1,7,1
2013471302336,1,9,0,18,0,0,0,0,0,0,1,1,6,1,10,1596,1,1,7,2
2013471302336,2,9,0,18,0,0,0,0,0,0,1,1,6,2,8,1997,1,1,9,3
2013471302337,1,9,0,18,0,0,0,4,0,0,1,1,6,2,9,1896,2,11,4,1
2013471302337,2,9,0,2,0,0,0,0,0,0,3,1,6,2,6,1598,1,8,3,1
2013471302337,3,9,0,2,0,0,0,0,0,0,2,1,6,2,9,1796,1,13,3,1
2013471302338,1,9,0,4,0,2,0,0,0,0,1,1,6,3,-1,1895,1,13,-1,-1
2013471302338,2,1,0,4,0,2,0,0,0,0,2,1,6,1,8,-1,-1,-1,3,1
2013471302339,1,9,0,18,0,3,0,0,0,0,3,1,6,1,7,1910,2,9,2,1
2013471302339,2,9,0,18,0,3,0,0,0,0,4,1,6,2,6,1364,1,7,10,1
2013471302343,1,9,0,13,0,1,0,0,0,0,1,1,1,2,5,1753,2,3,1,1
2013471302343,2,9,0,9,0,5,0,0,7,0,3,1,6,1,6,1781,1,12,8,1
2013471302348,1,11,0,15,0,8,0,0,0,0,4,1,1,1,7,9000,2,6,2,1
2013471302348,2,1,0,15,4,2,0,0,0,0,3,1,2,1,9,-1,-1,-1,6,1
2013471302348,3,9,0,2,4,2,0,0,0,0,0,1,6,3,-1,-1,-1,-1,-1,-1
2013471302350,1,9,0,18,0,0,1,0,0,0,1,1,6,1,4,-1,-1,-1,6,1
2013471302350,2,9,0,18,0,0,0,0,4,0,2,1,6,1,4,1997,1,13,4,1
2013471302351,1,9,0,18,0,0,0,0,0,0,1,1,6,1,6,-1,-1,-1,5,1
2013471302351,2,19,0,3,0,0,0,0,0,0,2,1,6,1,6,2402,2,2,4,1
2013471302351,3,9,0,3,0,0,0,0,0,0,2,1,6,1,9,2922,1,16,8,3
2013471302351,4,9,0,3,0,0,0,0,0,0,2,1,6,1,4,1149,1,10,3,1
2013471302353,1,2,0,13,0,8,0,0,0,0,1,1,6,1,5,125,1,1,9,1
2013471302353,2,9,0,9,0,8,0,0,0,0,3,1,1,2,8,1598,1,13,8,1
2013471302355,1,9,0,7,0,8,0,0,0,0,1,1,6,2,6,1984,1,12,8,1
2013471302355,2,9,0,18,0,8,0,0,0,0,4,1,6,1,7,2499,2,13,5,1
2013471302357,1,9,0,18,0,3,1,10,7,0,4,1,6,1,5,4398,1,9,10,1
2013471302359,1,9,0,17,0,0,1,0,1,4,3,1,6,2,4,973,1,13,7,1
2013471302360,1,3,0,18,0,1,0,0,7,0,1,1,6,1,5,125,1,1,5,1
2013471302360,2,11,0,18,0,1,0,0,0,0,1,1,1,1,7,9000,2,7,6,1
2013471302361,1,9,0,9,0,8,0,0,0,0,1,1,6,2,7,1343,1,9,3,1
2013471302361,2,9,0,18,0,8,0,0,0,0,3,1,6,1,7,1761,1,14,7,1
2013471302362,1,9,0,18,0,0,0,0,0,0,4,1,6,3,5,-1,-1,-1,-1,-1
2013471302363,1,3,0,13,0,1,0,0,0,0,1,1,6,1,4,-1,-1,-1,10,1
2013471302363,2,1,0,9,0,5,0,0,0,0,1,1,6,2,6,-1,-1,-1,4,1
2013471302364,1,9,0,17,0,8,0,0,0,0,4,1,6,1,6,1587,1,10,10,1
2013471302364,2,9,0,13,0,8,0,0,0,0,1,1,6,1,9,1560,2,1,7,3
2013471302368,1,9,0,9,0,0,0,0,0,0,1,1,6,2,7,1998,1,8,9,3
2013471302368,2,9,0,4,0,0,0,0,0,0,3,1,6,2,5,998,1,3,5,1
2013471302372,1,9,0,5,0,4,0,0,0,0,1,1,1,1,7,1753,2,6,-1,-1
2013471302372,2,9,0,4,0,4,0,0,0,0,2,1,6,2,7,1390,1,12,10,2
2013471302375,1,9,0,5,0,6,0,0,0,0,1,1,6,2,9,1975,1,7,9,1
2013471302375,2,11,0,18,0,8,0,0,2,4,1,1,1,1,9,6871,2,7,3,1
2013471302376,1,9,0,18,0,0,0,0,0,0,1,1,6,2,7,1769,1,10,7,1
2013471302377,1,9,0,18,0,8,0,0,2,10,1,1,6,2,6,1299,1,11,3,1
2013471302378,1,9,0,18,0,0,0,0,0,0,1,1,6,1,6,-1,-1,-1,3,1
2013471302378,2,9,0,2,0,0,0,0,0,0,2,1,6,2,4,1149,1,10,3,1
2013471302380,1,9,0,18,0,7,0,0,0,10,1,1,6,1,5,1390,1,10,5,1
2013471302380,2,9,0,2,6,2,0,0,0,0,3,1,6,1,8,2401,2,7,10,1
2013471302382,1,9,0,18,0,0,0,0,0,0,1,1,6,3,-1,-1,-1,-1,-1,-1
2013471302383,1,19,0,18,0,0,0,0,0,0,1,1,1,1,5,1686,2,6,6,1
2013471302383,2,9,0,18,0,0,0,0,0,0,2,1,6,1,8,1896,2,10,5,3
2013471302385,1,9,0,18,0,0,5,0,2,4,1,1,1,1,5,1560,2,4,5,1
2013471302386,1,11,0,18,0,1,0,0,0,0,4,1,1,1,9,-1,-1,-1,9,2
2013471302386,2,1,0,18,4,1,0,0,0,0,3,1,2,2,6,-1,-1,-1,5,1
2013471302394,1,9,0,18,0,0,0,0,0,0,1,1,6,2,7,2401,2,9,8,3
2013471302394,2,9,0,3,0,0,0,0,0,0,2,1,6,2,7,1248,2,5,6,3
2013471302395,1,9,0,9,0,8,0,0,0,0,1,1,6,2,9,1240,1,4,3,1
2013471302395,2,1,0,3,0,8,0,0,0,0,2,1,6,1,5,-1,-1,-1,8,1
2013471302396,1,3,0,18,0,1,1,0,0,0,1,1,6,1,7,108,1,4,5,1
2013471302396,2,9,0,3,0,8,0,0,0,0,2,1,2,2,8,1560,2,4,2,1
2013471302397,1,3,0,4,0,0,0,0,0,0,1,1,2,1,9,125,1,7,9,1
2013471302397,2,19,0,4,0,0,0,0,0,0,2,1,1,1,8,1995,2,6,5,1
2013471302398,1,9,0,18,0,1,0,0,0,0,1,1,6,2,4,1299,1,13,-1,-1
2013471302398,2,9,0,10,0,8,0,0,0,0,2,1,6,2,7,1560,2,8,10,1
2013471302402,1,9,0,18,0,1,0,0,1,0,1,1,6,1,11,1242,1,2,6,1
2013471302402,2,9,0,5,0,1,0,0,0,0,4,1,6,2,7,1086,1,8,10,1
2013471302402,3,9,0,5,0,1,0,0,0,0,1,1,6,1,6,1896,2,13,5,1
2013471302403,1,9,0,2,0,0,0,0,0,0,1,1,6,1,9,1339,1,2,6,2
2013471302403,2,9,0,18,0,0,0,0,0,0,1,1,1,2,8,1762,1,15,9,1
2013471302404,1,9,0,7,0,6,0,0,0,0,1,1,2,1,4,998,1,9,8,1
2013471302404,2,9,0,2,0,2,0,0,1,0,2,1,2,2,6,1461,2,1,5,1
2013471302406,1,9,0,18,0,0,0,0,0,0,1,1,6,1,4,1124,1,15,10,2
2013471302406,2,9,0,3,0,0,0,0,1,0,2,1,6,1,7,1398,2,11,5,3
2013471302406,3,9,0,10,0,0,0,0,0,0,0,1,6,2,5,1598,1,3,10,2
2013471302407,1,9,0,9,0,6,0,0,0,0,1,1,2,1,7,5439,1,8,8,1
2013471302407,2,5,0,18,0,8,1,0,0,0,3,1,2,1,8,885,1,15,2,1
2013471302408,1,9,0,16,0,0,5,0,2,10,4,1,6,1,5,-1,-1,-1,9,1
2013471302409,1,3,0,17,0,1,0,10,1,0,3,1,6,1,4,125,1,7,4,1
2013471302409,2,9,0,2,0,2,0,0,0,0,4,1,6,3,-1,1995,2,9,-1,-1
2013471302411,1,9,0,18,0,2,0,0,0,0,1,1,6,1,6,1242,1,-1,-1,-1
2013471302411,2,9,0,18,0,2,0,0,0,0,2,1,6,2,4,1200,1,11,10,2
2013471302411,3,9,0,3,0,2,0,0,0,0,2,1,2,2,7,1596,1,9,7,1
2013471302411,4,9,0,3,0,2,0,0,0,0,2,1,6,2,6,1248,1,3,-1,-1
2013471302415,1,9,0,18,0,1,0,0,0,0,1,1,6,2,7,1995,2,2,1,1
2013471302415,2,9,0,8,0,1,0,0,0,0,2,1,6,1,8,1560,2,2,6,1
2013471302416,1,9,0,18,0,0,0,4,1,10,1,1,6,2,11,2316,1,26,7,1
2013471302416,2,9,0,2,0,0,0,0,7,0,1,1,1,2,6,1246,1,7,10,1
2013471302417,1,9,0,5,0,6,0,0,0,0,3,1,1,1,7,-1,-1,-1,6,1
2013471302417,2,9,0,4,0,8,0,0,0,0,3,1,1,1,7,1043,1,17,2,1
2013471302419,1,9,0,4,0,1,0,0,0,0,1,1,6,1,6,2496,1,9,2,1
2013471302419,2,9,0,8,0,1,0,0,0,0,2,1,6,2,9,973,1,11,6,1
2013471302420,1,9,0,17,0,0,0,0,1,4,4,1,6,2,6,1242,1,13,10,1
2013471302420,2,9,0,17,0,0,0,0,0,0,0,1,6,1,11,998,1,1,8,1
2013471302421,1,19,0,9,0,8,0,0,0,0,1,1,1,1,8,2463,2,9,10,1
2013471302421,2,9,0,17,0,8,0,0,0,0,1,1,6,1,8,-1,-1,-1,-1,-1
2013471302422,1,19,0,18,0,1,0,0,0,0,4,1,6,1,6,-1,-1,-1,-1,-1
2013471302423,1,3,0,18,0,0,1,0,0,0,3,1,6,1,4,125,1,1,7,1
2013471302424,1,9,0,16,0,1,0,0,1,1,1,1,6,1,7,1149,1,14,9,1
2013471302429,1,9,0,17,0,0,5,0,1,4,1,1,6,2,8,-1,-1,-1,9,3
2013471302433,1,9,0,13,0,3,0,0,0,0,1,1,6,1,5,1598,1,14,4,1
2013471302433,2,9,0,9,0,5,0,0,0,0,3,1,6,2,7,2183,2,3,9,2
2013471302436,1,9,0,18,0,1,0,0,0,0,1,1,6,1,7,2499,2,14,2,1
2013471302440,1,9,0,18,0,4,0,0,0,0,1,1,6,2,7,1951,2,7,5,1
2013471302440,2,9,0,18,0,4,0,0,0,0,2,1,6,2,8,-1,-1,-1,6,1
2013471302441,1,9,0,4,0,1,0,0,0,0,1,1,6,1,7,1992,2,8,5,1
2013471302441,2,9,0,3,0,1,0,0,0,0,2,1,6,1,6,1400,1,13,1,1
2013471302441,3,9,0,3,0,1,0,0,0,0,2,1,6,2,7,1988,1,11,4,1
2013471302442,1,9,0,9,0,5,0,0,0,0,1,1,6,1,8,-1,-1,-1,5,1
2013471302442,2,20,0,18,0,1,0,0,0,0,4,1,1,2,6,-1,-1,-1,8,3
2013471302443,1,19,0,18,0,8,0,0,0,0,0,1,6,1,7,1968,2,6,1,1
2013471302443,2,1,0,17,0,8,0,0,0,0,0,1,2,1,6,-1,-1,-1,7,1
2013471302444,1,9,0,5,0,4,0,0,0,0,3,1,6,1,4,1388,1,7,5,1
2013471302444,2,1,0,11,0,4,0,0,0,0,1,1,2,1,7,-1,-1,-1,10,2
2013471302445,1,9,0,5,0,4,0,0,0,0,3,1,2,2,8,1998,1,11,6,1
2013471302445,2,1,0,9,0,8,0,0,0,0,1,1,2,1,7,-1,-1,-1,5,3
2013471302447,1,1,0,18,9,0,0,0,0,0,1,1,6,1,3,-1,-1,-1,10,2
2013471302452,1,19,0,18,0,1,0,0,0,0,1,1,1,1,7,3920,2,11,-1,-1
2013471302452,2,9,0,18,0,1,0,0,0,0,2,1,1,1,9,1796,1,5,2,1
2013471302452,3,9,0,18,0,1,0,0,0,0,2,1,1,1,5,1830,1,14,7,1
2013471302455,1,9,0,18,0,0,1,0,5,6,3,1,6,1,8,-1,-1,-1,10,1
2013471302455,2,9,0,18,0,0,0,0,0,0,1,1,1,1,8,-1,-1,-1,3,1
2013471302456,1,10,0,18,0,8,0,0,0,0,4,1,6,1,7,-1,-1,-1,4,1
2013471302456,2,9,0,5,0,8,0,0,0,0,3,1,6,2,9,2435,1,13,8,1
2013471302457,1,20,0,18,0,0,0,0,0,0,3,1,6,3,-1,-1,-1,-1,-1,-1
2013471302457,2,9,0,13,0,0,0,0,7,10,4,1,6,1,4,1229,1,8,9,3
2013471302460,1,9,0,18,0,1,0,0,0,0,4,1,6,1,6,1242,1,9,3,1
2013471302461,1,9,0,18,0,1,0,0,0,0,1,1,6,1,9,-1,-1,-1,9,1
2013471302461,2,9,0,10,0,6,0,0,0,0,2,1,6,2,8,998,1,5,3,1
2013471302466,1,5,0,5,0,4,0,0,0,0,2,1,6,1,8,599,1,14,6,2
2013471302466,2,9,0,3,0,4,0,0,0,0,2,1,6,2,7,1951,2,10,7,2
2013471302467,1,9,0,5,0,0,0,0,1,10,1,1,6,1,10,1298,1,10,2,1
2013471302468,1,9,0,18,0,8,0,0,0,10,1,1,6,1,7,2993,2,5,9,1
2013471302468,2,9,0,18,0,8,0,0,0,0,2,1,6,1,8,1248,2,2,8,1
2013471302468,3,9,0,18,0,8,0,0,0,0,2,1,6,2,6,1598,1,10,7,1
2013471302469,1,9,0,18,0,0,0,0,1,4,1,1,6,1,5,1299,1,14,6,3
2013471302470,1,9,0,7,0,8,0,0,0,0,4,1,6,1,9,1997,2,1,4,1
2013471302471,1,19,0,3,0,8,0,0,0,0,1,1,2,1,6,1753,2,9,10,1
2013471302471,2,9,0,3,0,8,0,0,0,0,2,1,6,2,7,1397,1,13,5,1
2013471302475,1,9,0,18,0,1,0,0,0,0,1,1,6,2,8,1796,1,10,8,1
2013471302475,2,9,0,4,0,1,0,0,0,0,2,1,6,2,6,1242,1,13,3,1
2013471302475,3,9,0,4,0,1,0,0,0,0,2,1,6,1,5,1149,1,6,4,1
2013471302476,1,1,0,16,0,0,0,10,0,0,1,1,6,1,6,-1,-1,-1,4,1
2013471302478,1,8,0,18,0,1,0,0,0,0,1,1,1,3,-1,-1,-1,-1,-1,-1
2013471302479,1,9,0,9,0,8,0,0,0,0,3,1,6,1,10,1997,1,-1,8,1
2013471302479,2,9,0,13,0,8,0,0,7,10,4,1,6,2,6,-1,-1,-1,6,1
2013471302480,1,1,0,18,0,0,0,0,0,0,0,1,6,2,5,-1,-1,-1,6,1
2013471302482,1,11,0,18,0,2,0,0,0,0,0,1,1,1,8,9000,2,9,6,1
2013471302484,1,9,0,18,0,8,5,0,1,4,1,1,6,1,4,1400,1,13,10,1
2013471302485,1,9,0,16,0,0,1,0,7,0,3,1,6,2,5,1388,1,8,7,3
2013471302485,2,9,0,17,0,0,0,0,0,0,3,1,6,1,9,1956,2,4,5,3
2013471302486,1,9,0,9,0,2,0,0,0,0,1,1,6,1,7,1968,2,4,5,2
2013471302486,2,9,0,18,0,1,0,0,0,0,0,1,6,2,9,1390,1,4,8,2
2013471302486,3,5,0,18,0,1,0,0,0,0,0,1,6,1,8,-1,-1,-1,-1,-1
2013471302486,4,9,0,18,0,1,0,0,0,0,0,1,6,1,9,1600,1,33,5,1
2013471302487,1,9,0,18,0,8,0,10,7,10,1,1,6,2,4,-1,-1,-1,4,1
2013471302491,1,9,0,18,0,0,1,0,1,0,1,1,6,1,6,1242,1,7,10,1
2013471302493,1,11,0,5,2,0,0,0,0,0,0,1,1,1,7,9000,2,4,3,1
2013471302493,2,9,0,5,0,0,0,0,0,0,0,1,6,1,8,-1,-1,-1,-1,-1
2013471302494,1,1,0,9,0,1,1,0,0,0,2,1,6,1,3,-1,-1,-1,4,1
2013471302494,2,9,0,2,0,1,0,0,0,0,3,1,6,3,-1,1198,1,2,-1,-1
2013471302495,1,9,0,18,0,0,0,0,0,0,1,1,6,1,11,1242,1,5,10,1
2013471302495,2,9,0,18,0,0,0,0,0,0,1,1,6,1,6,2993,2,-1,7,3
2013471302496,1,9,0,16,0,1,0,0,7,2,1,1,6,1,5,2544,1,14,8,1
2013471302497,1,9,0,16,0,1,1,0,0,0,1,1,6,1,5,1149,1,15,8,1
2013471302497,2,9,0,9,0,2,0,0,0,0,3,1,6,1,10,1364,1,4,10,1
2013471302498,1,9,0,18,0,0,5,0,0,0,1,1,6,2,5,1124,1,12,8,3
2013471302500,1,9,0,12,0,6,0,0,0,0,0,1,6,2,7,1910,2,5,6,1
2013471302500,2,9,0,18,0,1,0,0,4,6,1,1,6,1,9,4266,1,14,7,1
2013471302502,1,9,0,15,0,2,0,0,0,0,1,1,6,3,6,-1,-1,-1,-1,-1
2013471302502,2,1,0,7,0,2,0,0,0,0,2,1,6,1,5,-1,-1,-1,3,1
2013471302504,1,5,0,18,0,8,0,0,0,0,4,1,6,1,6,999,1,1,7,1
2013471302511,1,9,0,4,0,1,0,0,0,0,1,1,6,1,5,-1,-1,-1,-1,-1
2013471302512,1,9,0,18,9,0,0,0,0,0,1,1,6,1,6,1390,1,12,9,1
2013471302512,2,1,0,18,9,0,0,0,0,0,3,1,6,1,2,-1,-1,-1,9,1
2013471302519,1,9,0,5,0,8,0,0,0,0,4,1,6,1,4,973,1,10,-1,-1
2013471302519,2,9,0,18,0,1,0,0,0,0,1,1,6,2,7,1995,1,6,-1,-1
2013471302520,1,9,0,10,0,1,0,0,1,1,1,1,6,1,11,998,1,6,10,2
2013471302521,1,9,0,16,0,0,0,0,0,0,1,1,6,2,10,1598,1,1,4,3
2013471302521,2,9,0,17,0,0,0,0,0,0,1,1,6,1,8,-1,-1,-1,-1,-1
2013471302523,1,19,0,4,0,4,0,0,0,0,1,1,1,1,7,2143,2,1,3,1
2013471302523,2,90,0,3,0,1,0,0,0,0,2,1,6,2,7,1390,7,4,6,2
2013471302524,1,9,0,9,0,6,0,0,0,0,1,1,6,1,7,1796,1,9,1,1
2013471302524,2,9,0,18,0,8,0,0,0,0,1,1,6,1,8,2544,1,15,1,1
2013471302525,1,9,0,18,0,2,0,0,0,0,1,1,6,1,8,-1,-1,-1,8,1
2013471302525,2,9,0,3,0,2,0,0,0,0,2,1,6,2,8,1598,1,3,1,1
2013471302526,1,9,0,18,0,0,0,0,0,0,4,1,6,1,10,1392,1,13,10,1
2013471302527,1,9,0,1,0,0,0,4,1,10,2,1,3,2,8,1997,2,5,4,1
2013471302527,2,9,0,2,0,0,0,4,0,0,0,1,6,3,-1,1598,1,7,-1,-1
2013471302527,3,9,0,2,0,0,0,0,0,0,0,1,6,3,-1,998,1,3,-1,-1
2013471302531,1,9,0,17,0,0,1,0,2,10,1,1,6,1,11,1198,1,5,9,3
2013471302532,1,9,0,3,0,4,0,0,0,0,0,1,6,3,-1,1686,2,11,-1,-1
2013471302532,2,4,0,18,0,8,0,0,0,0,0,1,6,1,8,278,1,1,10,1
2013471302534,1,20,0,4,0,1,0,0,0,0,1,1,1,1,6,6871,2,7,9,2
2013471302534,2,11,0,18,0,1,0,0,0,0,1,1,1,1,8,9000,2,4,4,1
2013471302534,3,9,0,4,0,1,0,0,0,0,2,1,2,1,8,1896,2,10,1,1
2013471302534,4,9,0,9,0,5,0,0,0,0,0,1,6,3,-1,-1,-1,-1,-1,-1
2013471302536,1,9,0,18,0,2,0,0,0,0,1,1,6,2,5,1242,1,9,8,1
2013471302536,2,9,0,3,0,2,0,0,0,0,2,1,6,2,8,1422,1,7,4,3
2013471302536,3,9,0,3,0,2,0,0,0,0,2,1,6,2,6,1461,2,2,9,1
2013471302537,1,9,0,18,0,1,0,0,0,0,1,1,6,1,6,-1,-1,-1,-1,-1
2013471302537,2,9,0,3,0,1,0,0,0,0,2,1,6,2,7,2198,1,6,6,3
2013471302538,1,9,0,9,0,8,0,0,0,0,3,1,2,1,6,1753,2,7,9,1
2013471302539,1,19,0,4,0,1,0,0,1,10,1,1,1,2,5,1686,2,6,7,3
2013471302539,2,9,0,3,0,1,0,0,0,0,2,1,6,1,8,3200,2,9,10,3
2013471302539,3,9,0,10,0,1,0,0,0,0,2,1,6,2,8,1905,2,15,7,3
2013471302540,1,9,0,5,0,6,0,0,0,0,1,1,1,1,8,1997,2,1,8,1
2013471302540,2,1,0,18,0,1,0,0,0,0,2,1,6,2,9,-1,-1,-1,6,1
2013471302541,1,9,0,17,0,8,2,10,1,10,1,1,2,1,6,1299,1,10,1,1
2013471302542,1,9,0,18,0,8,0,0,0,0,1,1,6,2,7,1796,1,11,9,1
2013471302542,2,9,0,3,0,8,0,0,0,0,2,1,6,2,6,1968,2,6,9,1
2013471302543,1,9,0,9,0,6,0,0,0,0,3,1,6,2,11,1560,2,6,7,1
2013471302543,2,11,0,16,0,8,0,0,0,0,1,1,1,1,6,9000,2,2,1,1
2013471302547,1,9,0,18,0,8,0,0,7,1,4,1,6,1,10,1968,2,3,9,1
2013471302547,2,9,0,18,0,8,0,0,0,0,1,1,1,1,5,-1,-1,-1,5,2
2013471302548,1,11,0,18,0,0,0,0,0,0,0,1,1,1,5,9600,2,17,4,1
2013471302550,1,11,0,4,2,0,0,0,0,0,1,1,6,1,8,8268,2,12,3,1
2013471302551,1,19,0,12,0,8,0,0,0,0,1,1,6,1,6,1998,2,10,2,1
2013471302551,2,9,0,18,0,8,0,0,0,0,1,1,6,1,6,1896,2,10,2,1
2013471302551,3,9,0,18,0,8,0,0,0,0,1,1,6,2,7,1598,1,13,8,1
2013471302552,1,9,0,17,0,0,2,0,0,0,1,1,6,1,7,1388,1,5,10,2