Accident_Index,Vehicle_Reference,Vehicle_Type,Towing_and_Articulation,Vehicle_Manoeuvre,Vehicle_Location-Restricted_Lane,Junction_Location,Skidding_and_Overturning,Hit_Object_in_Carriageway,Vehicle_Leaving_Carriageway,Hit_Object_off_Carriageway,1st_Point_of_Impact,Was_Vehicle_Left_Hand_Drive?,Journey_Purpose_of_Driver,Sex_of_Driver,Age_Band_of_Driver,Engine_Capacity_(CC),Propulsion_Code,Age_of_Vehicle,Driver_IMD_Decile,Driver_Home_Area_Type
2013471302554,1,9,0,18,0,0,0,0,0,0,1,1,6,2,10,1242,1,2,8,2
2013471302554,2,9,0,3,0,0,0,0,0,0,2,1,1,1,4,1596,1,12,8,1
2013471302554,3,9,0,10,0,0,0,0,0,0,0,1,6,3,-1,-1,-1,-1,-1,-1
2013471302556,1,9,0,13,0,8,1,0,0,0,1,1,6,1,8,1388,1,10,6,2
2013471302556,2,21,0,18,0,8,0,0,0,0,3,1,1,1,8,6693,2,-1,5,3
2013471302557,1,9,0,5,0,8,0,0,7,0,4,1,2,1,6,1587,1,6,5,2
2013471302557,2,9,0,18,0,1,0,0,7,0,1,1,6,2,9,1896,2,9,9,3
2013471302560,1,9,0,18,0,0,0,0,1,10,1,1,6,1,6,2494,1,12,8,1
2013471302561,1,8,0,9,0,6,0,0,0,0,1,1,1,1,6,1910,2,6,3,1
2013471302561,2,9,0,18,0,1,0,0,0,0,1,1,6,2,4,1199,1,12,9,1
2013471302563,1,5,0,13,0,0,0,0,1,2,1,1,2,1,7,599,1,6,9,1
2013471302564,1,9,0,5,0,0,0,0,0,0,0,1,6,3,5,-1,-1,-1,-1,-1
2013471302564,2,9,0,18,0,0,0,0,0,0,0,1,6,2,5,-1,-1,-1,3,1
2013471302564,3,2,0,18,0,0,0,0,0,0,0,1,6,1,6,49,1,-1,6,1
2013471302565,1,9,0,18,0,1,0,0,0,0,1,1,1,1,9,1968,2,6,10,2
2013471302565,2,9,0,10,0,1,0,0,1,0,1,1,6,2,9,1599,1,8,8,1
2013471302566,1,11,0,5,0,2,0,0,0,0,0,1,1,1,8,8970,2,10,5,1
2013471302568,1,19,0,18,0,1,0,0,0,0,1,1,1,1,7,2402,2,3,9,1
2013471302568,2,9,0,10,0,5,0,0,0,0,0,1,6,2,7,-1,-1,-1,6,3
2013471302571,1,9,0,18,0,0,0,0,0,0,1,1,2,2,4,1200,1,11,10,1
2013471302571,2,9,0,4,0,0,0,0,0,0,2,1,2,2,4,1242,1,15,6,3
2013471302571,3,9,0,4,0,0,0,0,0,0,2,1,2,2,7,1968,2,3,10,2
2013471302575,1,9,4,4,0,0,0,0,0,0,4,1,6,1,8,2435,1,19,6,3
2013471302575,2,1,0,18,0,0,0,0,0,0,3,1,2,1,8,-1,-1,-1,6,1
2013471302581,1,9,0,18,0,1,0,0,0,0,1,1,6,3,-1,-1,-1,-1,-1,-1
2013471302581,2,9,0,7,0,1,0,0,0,0,2,1,6,2,5,1560,2,1,5,2
2013471302582,1,9,0,17,0,0,2,0,7,9,1,1,2,1,6,1870,2,9,8,3
2013471302583,1,9,0,7,0,6,0,0,0,0,2,1,6,3,-1,-1,-1,-1,-1,-1
2013471302583,2,1,0,18,9,1,0,0,0,0,2,1,6,2,4,-1,-1,-1,3,1
2013471302585,1,9,0,3,0,1,0,0,0,0,4,1,2,1,7,1956,2,2,1,1
2013471302585,2,1,0,18,4,1,0,8,0,0,1,1,2,1,7,-1,-1,-1,3,1
2013471302588,1,9,0,18,0,1,0,0,0,0,1,1,6,1,8,1598,1,3,8,1
2013471302589,1,9,0,18,0,0,0,0,0,0,1,1,6,1,10,1329,1,-1,4,1
2013471302589,2,9,0,18,0,0,0,0,0,0,2,1,1,1,10,1197,1,-1,10,1
2013471302590,1,1,0,18,0,0,0,0,0,0,0,1,6,1,6,-1,-1,-1,-1,-1
2013471302592,1,3,0,16,0,8,0,0,0,0,1,1,6,2,4,125,1,4,3,1
2013471302593,1,9,0,17,0,0,0,0,2,4,1,1,6,1,11,2148,2,4,8,1
2013471302595,1,9,0,16,0,0,1,0,0,0,1,1,6,2,8,1896,2,10,8,2
2013471302595,2,9,0,17,0,0,1,0,1,4,1,1,6,1,6,1998,1,13,7,1
2013471302598,1,9,0,16,0,0,0,0,0,0,1,1,6,1,4,1124,1,10,9,1
2013471302598,2,9,0,17,0,0,0,0,0,0,1,1,6,1,4,1149,1,10,-1,-1
2013471302601,1,9,0,17,0,2,0,0,1,4,1,1,6,1,5,2198,1,9,3,1
2013471302605,1,5,0,13,0,1,0,0,0,0,1,1,6,1,9,598,1,13,7,1
2013471302605,2,9,0,4,0,1,0,0,0,0,4,1,6,1,10,1995,2,3,5,2
2013471302605,3,9,0,4,0,1,0,0,0,0,0,1,6,2,7,-1,-1,-1,3,1
2013471302606,1,19,0,18,0,0,0,0,0,0,1,1,1,1,6,2402,2,5,6,1
2013471302606,2,9,0,18,0,0,0,0,0,0,3,1,6,2,5,1587,1,15,4,1
2013471302608,1,9,0,7,0,1,0,0,0,0,4,1,6,1,7,3311,8,6,1,1
2013471302608,2,1,0,18,0,1,0,0,0,0,1,1,6,2,7,-1,-1,-1,2,1
2013471302609,1,19,0,18,0,1,1,0,1,1,1,1,1,1,8,1870,2,7,5,1
2013471302609,2,9,0,4,0,1,0,0,0,0,2,1,6,1,6,1896,2,10,6,1
2013471302611,1,9,0,17,0,0,0,10,1,4,1,1,2,2,5,1399,1,5,3,1
2013471302613,1,9,0,4,0,0,0,0,0,0,1,1,6,3,-1,-1,-1,-1,-1,-1
2013471302613,2,9,0,4,0,0,0,0,0,0,2,1,6,1,8,698,1,9,4,1
2013471302615,1,3,0,14,0,1,0,7,0,0,4,1,1,1,4,108,1,1,4,1
2013471302615,2,9,0,10,0,1,0,0,0,0,3,1,6,1,10,1769,1,8,4,1
2013471302617,1,19,0,18,0,0,0,0,0,0,1,1,1,1,7,1995,2,1,7,1
2013471302617,2,9,0,4,0,0,0,0,2,7,2,1,2,2,6,1299,1,7,4,1
2013471302617,3,9,0,4,0,0,0,0,0,0,2,1,2,2,8,998,1,3,5,1
2013471302619,1,9,0,10,0,6,0,0,0,0,1,1,6,1,6,1998,2,8,7,3
2013471302619,2,3,0,18,0,1,1,0,0,0,1,1,6,1,7,124,1,12,6,1
2013471302622,1,9,0,13,0,8,1,0,0,0,1,1,1,1,5,1997,2,1,6,1
2013471302622,2,9,0,6,0,8,0,0,0,0,3,1,6,1,7,1461,2,10,4,1
2013471302623,1,5,0,16,0,0,0,0,0,0,1,1,6,1,4,599,1,16,4,1
2013471302623,2,5,0,16,0,0,0,0,0,0,4,1,6,1,4,599,1,21,5,1
2013471302623,3,9,0,18,0,0,0,0,0,0,1,1,6,2,6,1997,2,10,1,1
2013471302624,1,9,0,18,0,2,0,0,0,0,1,1,6,1,4,1998,2,9,-1,-1
2013471302624,2,9,0,18,0,1,0,0,0,0,0,1,1,1,8,2967,2,3,-1,-1
2013471302624,3,9,0,2,0,1,0,0,0,0,2,1,6,1,11,1299,1,13,-1,-1
2013471302626,1,9,0,6,0,7,1,0,1,10,1,1,6,2,11,1360,1,12,6,2
2013471302626,2,9,0,9,0,5,0,0,0,0,3,1,6,1,4,1242,1,2,7,1
2013471302627,1,9,0,18,0,0,1,0,0,0,1,1,6,2,5,1299,1,13,6,3
2013471302627,2,9,0,18,0,0,0,0,0,0,2,1,6,1,7,1968,2,-1,4,1
2013471302627,3,9,0,18,0,0,0,0,0,0,2,1,6,1,6,-1,-1,-1,7,2
2013471302627,4,9,0,10,0,0,0,0,0,0,2,1,6,1,10,1997,2,12,10,3
2013471302630,1,9,0,13,0,0,0,0,0,0,4,1,6,3,-1,1910,2,5,-1,-1
2013471302630,2,1,0,18,0,0,0,0,0,0,3,1,6,1,8,-1,-1,-1,6,3
2013471302631,1,9,0,18,0,4,0,0,3,4,1,1,6,2,6,1598,1,8,10,1
2013471302632,1,5,0,18,0,0,0,0,0,0,1,1,6,1,5,645,1,8,7,1
2013471302632,2,9,0,4,0,0,0,0,0,0,2,1,6,1,7,1560,2,1,8,1
2013471302632,3,9,0,18,0,0,0,0,0,0,1,1,6,1,4,1196,1,17,9,2
2013471302633,1,5,0,5,0,2,0,0,0,0,1,1,6,1,10,1050,1,1,7,1
2013471302633,2,9,0,5,0,1,0,0,0,0,1,1,6,1,5,1600,1,15,7,3
2013471302633,3,9,0,3,0,1,0,0,0,0,0,1,6,3,6,-1,-1,-1,-1,-1
2013471302634,1,9,0,1,0,0,0,0,0,0,2,1,6,1,-1,-1,-1,-1,-1,-1
2013471302636,1,9,0,6,0,0,0,0,0,0,1,1,6,1,7,1341,1,10,9,1
2013471302636,2,9,0,18,0,0,0,0,0,0,1,1,6,1,6,1798,1,10,6,1
2013471302637,1,5,0,18,0,0,5,0,0,0,1,1,6,1,9,-1,-1,-1,8,3
2013471302639,1,5,0,9,0,4,0,9,1,2,1,1,6,1,5,599,1,15,3,1
2013471302641,1,9,0,16,0,0,0,0,7,3,4,1,6,1,4,1422,2,9,5,1
2013471302642,1,9,0,5,0,8,0,0,0,0,3,1,6,1,8,2199,2,-1,8,1
2013471302642,2,9,0,18,0,8,0,0,0,0,1,1,6,1,7,1598,1,10,2,1
2013471302643,1,1,0,18,0,0,0,0,0,0,4,1,6,1,6,-1,-1,-1,6,3
2013471302644,1,9,0,9,0,6,0,0,0,0,3,1,6,1,7,1598,1,2,10,1
2013471302644,2,1,0,18,0,8,0,0,0,0,1,1,6,1,6,-1,-1,-1,2,1
2013471302645,1,9,0,7,0,2,0,0,0,0,1,1,6,1,6,-1,-1,-1,-1,-1
2013471302645,2,1,0,18,0,1,0,0,0,0,3,1,6,1,4,-1,-1,-1,2,1
2013471302646,1,9,0,18,0,0,0,0,0,0,1,1,6,1,11,1339,1,6,6,1
2013471302646,2,9,0,18,0,0,0,0,0,0,2,1,6,1,11,1998,1,11,9,3
2013471302647,1,9,0,9,0,1,0,0,0,0,4,1,6,3,-1,-1,-1,-1,-1,-1
2013471302648,1,9,0,4,0,4,0,0,0,0,1,1,2,1,4,1360,1,13,6,1
2013471302648,2,9,0,4,0,4,0,0,0,0,2,1,1,2,7,1599,1,9,7,1
2013471302649,1,9,0,18,0,6,0,0,3,2,1,1,6,1,6,1598,1,9,5,2
2013471302650,1,90,0,18,0,0,0,0,7,9,3,1,6,1,5,-1,-1,-1,7,3
2013471302652,1,1,0,18,0,0,0,0,0,10,3,1,6,1,3,-1,-1,-1,5,1
2013471302652,2,9,0,18,0,0,0,0,0,0,1,1,2,2,4,1199,1,11,10,1
2013471302653,1,9,0,9,0,6,0,0,0,0,1,1,6,1,6,1364,1,9,7,3
2013471302653,2,21,1,18,0,1,0,0,0,0,1,1,1,1,7,10837,2,3,9,2
2013471302654,1,9,0,5,0,6,0,0,0,0,1,1,6,1,5,1398,1,6,10,1
2013471302654,2,9,0,18,0,1,0,0,0,0,4,1,6,1,6,1332,1,17,2,1
2013471302655,1,9,0,18,0,0,0,0,0,0,1,1,6,1,7,1753,2,12,7,1
2013471302655,2,9,0,4,0,0,0,0,0,0,2,1,6,1,6,1596,1,5,7,1
2013471302657,1,9,0,9,0,5,0,0,0,0,3,1,6,3,6,-1,-1,-1,-1,-1
2013471302657,2,3,0,18,0,1,0,0,0,0,3,1,6,2,5,125,1,-1,6,1
2013471302658,1,1,0,18,0,1,0,0,0,0,1,1,6,1,3,-1,-1,-1,1,1
2013471302658,2,9,0,18,0,1,0,0,0,0,3,1,6,2,6,1229,1,2,2,1
2013471302659,1,9,0,1,9,0,0,0,0,0,2,1,1,1,9,1587,1,8,7,3
2013471302662,1,20,0,18,0,0,1,0,0,0,1,1,1,1,8,-1,-1,-1,5,1
2013471302662,2,9,0,12,0,0,0,0,0,0,2,1,6,1,5,1198,1,8,9,1
2013471302663,1,9,0,13,0,0,1,0,1,4,4,1,6,1,6,5000,1,1,5,1
2013471302664,1,9,0,18,0,0,0,0,1,4,4,1,2,1,9,1597,1,13,5,1
2013471302665,1,9,0,5,0,1,0,0,0,0,2,1,6,1,6,1498,1,14,2,1
2013471302665,2,9,0,2,0,1,0,0,0,0,2,1,3,1,4,1598,1,6,2,1
2013471302670,1,9,0,10,0,4,0,0,0,0,0,1,2,2,8,1968,2,-1,9,2
2013471302671,1,9,0,18,0,4,0,0,0,0,1,1,6,1,6,1896,2,16,5,1
2013471302671,2,9,0,18,0,4,0,0,0,0,2,1,6,1,6,1343,1,11,3,1
2013471302675,1,9,0,17,0,8,2,0,2,10,1,1,6,2,7,2495,2,7,10,1
2013471302676,1,9,0,1,0,0,0,0,2,10,2,1,6,1,11,1560,2,2,9,3
2013471302676,2,9,0,2,0,0,0,0,0,0,1,1,6,2,8,1598,1,13,5,1
2013471302677,1,4,0,18,0,8,1,0,0,0,4,1,6,1,6,125,1,2,8,1
2013471302677,2,9,0,3,0,8,0,0,0,0,2,1,1,1,7,-1,-1,-1,3,1
2013471302680,1,9,0,11,0,1,0,0,0,0,2,1,6,3,7,2993,2,-1,-1,-1
2013471302680,2,9,0,8,0,1,0,0,0,0,0,1,6,2,7,-1,-1,-1,3,1
2013471302682,1,9,0,13,0,1,0,0,0,0,0,1,6,3,7,-1,-1,-1,-1,-1
2013471302682,2,1,0,17,0,1,0,0,1,0,0,1,6,2,7,-1,-1,-1,6,3
2013471302684,1,9,0,18,0,0,0,0,0,0,0,1,6,1,7,-1,-1,-1,9,1
2013471302684,2,9,0,4,0,0,0,0,0,0,2,1,6,2,11,1498,1,8,6,3
2013471302684,3,9,0,10,0,0,0,0,0,0,2,1,6,1,9,1995,2,5,7,1
2013471302685,1,9,0,5,0,8,0,0,0,0,1,1,6,2,4,1149,1,9,8,2
2013471302685,2,9,0,18,0,8,0,0,7,9,1,1,6,2,8,1840,1,15,9,2
2013471302689,1,9,0,18,0,1,0,0,0,0,1,1,6,2,6,1390,1,7,3,1
2013471302689,2,9,0,18,0,1,0,0,0,0,2,1,6,2,8,1586,1,5,7,1
2013471302690,1,9,0,18,0,0,1,0,0,0,1,1,6,1,10,599,1,11,6,1
2013471302690,2,9,0,4,0,0,0,0,0,0,2,1,6,2,5,1149,1,15,10,1
2013471302690,3,9,0,4,0,0,0,0,0,0,2,1,6,1,8,1149,1,6,10,2
2013471302695,1,9,0,9,0,1,0,0,0,0,4,1,6,2,4,1229,1,1,7,3
2013471302695,2,5,0,17,0,1,0,0,0,0,1,1,6,1,5,599,1,16,9,2
2013471302696,1,9,0,18,0,1,1,0,0,0,1,1,2,2,6,-1,-1,-1,8,1
2013471302696,2,9,0,4,0,1,0,0,0,0,2,1,6,1,11,1984,1,6,7,3
2013471302697,1,3,0,14,0,0,1,0,0,0,1,1,6,1,5,124,1,4,5,1
2013471302697,2,9,0,9,0,0,0,0,0,0,3,1,6,2,5,1242,1,-1,8,1
2013471302698,1,9,0,18,0,0,0,0,0,0,0,1,1,3,-1,-1,-1,-1,-1,-1
2013471302698,2,1,0,14,0,0,0,0,0,0,0,1,1,1,4,-1,-1,-1,9,1
2013471302701,1,19,0,7,0,3,0,0,0,0,4,1,1,1,8,2198,2,5,9,1
2013471302701,2,1,0,18,0,8,0,0,0,0,3,1,6,1,5,-1,-1,-1,7,1
2013471302702,1,9,0,3,0,1,0,0,0,0,1,1,6,1,9,1248,2,5,6,1
2013471302702,2,9,0,8,0,2,0,0,0,0,2,1,1,2,7,1598,1,9,7,1
2013471302704,1,9,0,4,0,1,0,0,0,0,2,1,6,2,6,1998,1,11,3,1
2013471302704,2,19,0,18,0,1,1,0,0,0,1,1,1,1,5,1248,2,6,9,1
2013471302704,3,19,0,18,0,1,1,0,0,0,1,1,1,1,7,2143,2,2,4,1
2013471302708,1,9,0,18,0,0,5,0,0,0,4,1,1,1,4,2495,2,18,-1,-1
2013471302714,1,9,0,5,0,1,0,0,0,0,1,1,6,1,8,3199,1,14,4,1
2013471302714,2,9,0,17,0,1,1,0,8,10,1,1,6,1,7,1968,2,4,3,1
2013471302714,3,19,0,4,0,1,0,0,0,0,3,1,1,1,5,1870,2,7,2,1
2013471302715,1,9,0,18,0,0,0,0,0,0,0,1,6,2,7,1598,1,7,6,1
2013471302715,2,3,0,18,0,0,1,0,0,0,0,1,6,1,8,124,1,9,6,1
2013471302716,1,2,0,18,0,8,1,0,0,0,0,1,6,1,4,49,1,1,1,1
2013471302716,2,2,0,18,0,8,1,0,0,0,0,1,1,1,6,-1,-1,-1,-1,-1
2013471302717,1,9,0,17,0,0,0,10,2,4,3,1,6,1,4,1596,1,12,9,3
2013471302718,1,9,0,17,0,0,5,0,1,4,1,1,6,2,5,1149,1,3,7,1
2013471302720,1,9,0,18,0,4,1,10,7,0,3,1,6,1,6,1781,1,14,4,1
2013471302722,1,9,0,18,0,4,0,0,0,0,1,1,6,1,8,1905,2,16,3,1
2013471302722,2,9,0,18,0,4,0,0,0,0,2,1,6,2,8,1197,1,3,9,2
2013471302723,1,9,0,3,0,1,0,0,0,0,4,1,6,1,6,-1,-1,-1,-1,-1
2013471302723,2,1,0,4,0,1,0,0,0,0,1,1,1,1,6,-1,-1,-1,7,1
2013471302724,1,9,0,7,4,5,0,0,0,0,4,1,6,1,9,1968,2,6,2,1
2013471302724,2,1,0,18,4,1,0,0,0,0,1,1,2,2,6,-1,-1,-1,-1,-1
2013471302732,1,8,0,7,0,8,0,0,0,0,1,1,6,1,7,2402,2,7,5,2
2013471302732,2,1,0,18,0,8,0,0,0,0,3,1,6,1,6,-1,-1,-1,10,1
2013471302733,1,9,0,4,0,0,0,0,0,0,1,1,6,2,9,1332,1,16,7,1
2013471302733,2,9,0,4,0,0,0,0,0,0,2,1,6,2,6,1595,1,13,3,1
2013471302735,1,9,0,9,0,8,0,0,7,10,3,1,2,1,9,1896,2,4,6,2
2013471302735,2,9,0,13,0,8,0,0,7,0,1,1,2,1,4,-1,-1,-1,8,1
2013471302736,1,9,0,18,0,0,0,0,0,0,3,1,6,1,8,1795,1,14,5,3
2013471302736,2,9,0,16,0,0,1,0,0,0,1,1,6,1,6,1198,1,10,8,1
2013471302737,1,9,0,9,0,2,0,0,0,0,4,1,6,2,9,998,1,4,7,1
2013471302737,2,1,0,5,0,2,0,0,0,0,1,1,6,1,3,-1,-1,-1,10,1
2013471302739,1,9,0,4,0,1,0,0,0,0,4,1,6,3,-1,-1,-1,-1,-1,-1
2013471302739,2,1,0,4,0,1,0,0,0,0,1,1,6,1,6,-1,-1,-1,7,1
2013471302740,1,9,0,18,0,0,0,0,1,0,4,1,6,1,6,1248,1,1,10,1
2013471302740,2,9,0,18,0,0,0,0,7,0,4,1,2,1,8,1598,1,5,10,1
2013471302741,1,8,0,7,0,5,0,0,0,0,4,1,1,1,8,2231,2,3,7,1
2013471302743,1,9,0,10,0,8,0,0,0,0,1,1,6,1,5,1398,1,9,4,1
2013471302743,2,9,0,10,0,8,0,0,0,0,2,1,6,1,7,1598,1,10,6,1
2013471302744,1,11,0,18,0,0,0,0,0,0,1,1,1,1,8,4500,2,6,5,1
2013471302744,2,1,0,18,0,0,0,0,0,0,2,1,6,1,8,-1,-1,-1,1,1
2013471302747,1,9,0,18,0,0,0,0,0,0,1,1,6,1,6,1275,1,14,3,1
2013471302747,2,9,0,4,0,0,0,0,0,0,2,1,6,1,8,3189,1,9,5,1
2013471302748,1,5,0,4,0,1,0,0,0,0,1,1,6,1,9,599,1,12,7,1
2013471302748,2,9,0,4,0,1,0,0,0,0,2,1,6,2,8,-1,-1,-1,5,1
2013471302751,1,1,0,18,0,8,0,0,1,0,3,1,6,1,6,-1,-1,-1,3,1
2013471302751,2,8,0,3,0,8,0,0,0,0,4,1,1,1,7,1991,2,5,7,1
2013471302752,1,9,0,18,0,2,0,4,0,0,1,1,6,1,7,1600,1,23,5,1
2013471302752,2,9,0,2,0,1,0,4,1,0,2,1,6,3,-1,1796,1,7,-1,-1
2013471302752,3,9,0,2,0,1,0,4,1,0,2,1,6,3,-1,1242,1,2,-1,-1
2013471302752,4,9,0,2,0,1,0,0,0,0,2,1,6,3,-1,-1,-1,-1,-1,-1
2013471302752,5,10,0,18,0,1,0,0,0,0,0,1,1,1,8,2987,2,2,-1,-1
2013471302754,1,9,0,9,0,8,0,0,0,0,1,1,6,2,8,2902,2,12,2,1
2013471302754,2,9,0,18,0,1,0,0,0,0,1,1,2,2,5,1360,1,10,7,1
2013471302755,1,9,0,18,0,0,0,0,0,0,1,1,6,2,10,1299,1,9,4,1
2013471302755,2,3,0,18,0,0,1,0,0,0,1,1,6,1,5,124,1,11,3,1
2013471302756,1,9,0,8,0,2,0,0,0,0,1,1,1,2,8,1998,1,10,7,1
2013471302756,2,1,0,18,5,1,0,0,0,0,3,1,6,2,9,-1,-1,-1,9,1
2013471302756,3,9,0,3,0,1,0,0,0,0,0,1,1,2,8,1560,2,3,-1,-1
2013471302757,1,9,0,18,0,4,0,0,0,0,1,1,2,1,8,1596,1,12,10,2
2013471302757,2,1,0,9,0,8,0,0,0,0,4,1,6,1,7,-1,-1,-1,5,1
2013471302758,1,9,0,9,0,1,0,0,0,0,4,1,6,1,11,1796,1,9,4,1
2013471302758,2,1,0,17,0,1,0,0,0,0,1,1,6,1,6,-1,-1,-1,9,1
2013471302759,1,5,0,18,0,0,1,0,0,0,0,1,6,1,8,1450,1,14,7,1
2013471302760,1,19,0,4,0,0,0,0,0,0,0,1,6,1,7,-1,-1,-1,-1,-1
2013471302760,2,1,0,17,0,0,1,0,0,1,0,1,6,2,7,-1,-1,-1,5,3
2013471302760,3,9,0,4,0,0,0,0,0,0,0,1,6,2,8,-1,-1,-1,-1,-1
2013471302764,1,9,0,4,0,1,0,0,0,0,1,1,6,2,6,1968,2,9,9,1
2013471302764,2,9,0,4,0,1,0,0,0,0,2,1,6,2,5,1124,1,12,5,1
2013471302765,1,9,0,18,0,8,0,0,0,0,1,1,6,1,9,2461,2,14,9,1
2013471302765,2,9,0,18,0,1,0,0,7,0,1,1,6,2,8,1997,2,13,4,1
2013471302766,1,9,0,9,0,6,0,0,0,0,3,1,6,1,9,4806,1,1,6,1
2013471302766,2,9,0,18,0,1,0,0,0,0,1,1,6,1,8,-1,-1,-1,-1,-1
2013471302770,1,5,0,9,0,8,1,0,0,0,4,1,6,1,7,749,1,6,10,1
2013471302771,1,9,0,18,0,1,0,0,0,0,2,1,6,2,8,998,1,5,6,1
2013471302771,2,9,0,3,0,1,0,0,0,0,0,1,6,2,6,1560,2,4,6,1
2013471302772,1,9,0,17,0,0,2,0,7,10,1,1,6,1,5,1149,1,5,10,1
2013471302773,1,9,0,18,0,1,1,0,0,0,1,1,1,1,5,-1,-1,-1,9,1
2013471302773,2,9,0,9,0,1,0,0,0,0,2,1,1,1,5,2495,2,7,5,1
2013471302774,1,21,0,13,0,0,0,0,0,0,0,1,1,3,-1,-1,-1,-1,-1,-1
2013471302774,2,9,0,17,0,0,1,0,0,0,2,1,6,2,9,1149,1,5,7,1
2013471302774,3,9,0,17,0,0,1,0,0,0,1,1,6,1,8,1598,1,8,9,1
2013471302774,4,9,0,17,0,0,1,0,0,0,0,1,6,2,6,1242,1,7,6,1
2013471302777,1,9,0,18,0,1,0,0,0,0,1,1,1,2,7,3311,8,4,8,3
2013471302777,2,9,0,3,0,1,0,0,0,0,2,1,1,1,8,2188,2,10,9,1
2013471302778,1,9,0,18,0,0,0,0,0,0,1,1,2,1,9,-1,-1,-1,4,1
2013471302780,1,9,0,18,0,1,1,0,0,0,1,1,6,1,9,1997,1,16,8,1
2013471302780,2,19,0,18,0,1,1,0,0,0,2,1,2,1,6,-1,-1,-1,2,1
2013471302780,3,9,0,10,0,8,0,0,0,0,2,1,6,1,5,-1,-1,-1,4,1
2013471302782,1,1,0,18,0,0,0,0,0,0,1,1,6,2,2,-1,-1,-1,1,1
2013471302782,2,9,0,18,0,0,0,0,0,0,3,1,6,2,10,1196,1,16,5,1
2013471302783,1,2,0,17,0,8,1,10,0,0,1,1,6,1,7,49,1,2,5,3
2013471302784,1,9,0,9,0,8,0,0,0,0,1,1,2,1,6,1796,1,9,8,1
2013471302784,2,5,0,14,0,8,0,0,0,0,4,1,2,1,5,599,1,16,3,1
2013471302785,1,9,0,7,0,1,0,0,0,0,4,1,6,2,4,-1,-1,-1,-1,-1
2013471302785,2,1,0,18,0,1,0,0,0,0,1,1,6,1,9,-1,-1,-1,6,1
2013471302786,1,9,0,18,0,3,0,0,0,0,0,1,1,3,-1,-1,-1,-1,-1,-1
2013471302786,2,9,0,18,0,3,0,0,0,0,0,1,1,2,6,-1,-1,-1,5,3
2013471302787,1,9,0,18,0,0,1,0,0,0,1,1,6,2,4,995,1,6,-1,-1
2013471302787,2,9,0,4,0,0,0,0,0,0,2,1,6,1,7,2143,2,2,7,1
2013471302789,1,9,0,12,0,0,0,0,0,0,0,1,6,3,-1,-1,-1,-1,-1,-1
2013471302789,2,9,0,18,0,0,2,0,1,9,4,1,2,1,7,1998,1,9,4,1
2013471302790,1,9,0,18,0,0,0,0,0,0,1,1,6,2,5,1461,2,-1,5,1
2013471302790,2,9,0,18,0,0,0,0,0,0,2,1,6,2,5,1900,2,13,5,1
2013471302790,3,19,0,18,0,0,0,0,0,0,2,1,6,1,6,2148,2,5,4,1
2013471302792,1,19,0,18,0,4,0,0,0,0,1,1,6,3,-1,2148,2,4,-1,-1
2013471302792,2,9,0,18,0,4,0,0,0,0,2,1,6,2,7,1598,1,6,4,1
2013471302794,1,9,0,3,0,5,0,0,0,0,3,1,6,2,7,1388,1,2,5,1
2013471302795,1,5,0,17,0,8,0,11,0,0,3,1,6,1,8,-1,-1,-1,5,1
2013471302796,1,9,0,9,0,8,0,0,0,0,3,1,6,2,8,1341,1,17,7,2
2013471302796,2,9,0,18,0,8,0,0,0,0,1,1,6,2,7,1995,1,8,8,3
2013471302799,1,9,0,7,4,0,0,0,0,0,4,1,6,2,11,1598,1,6,5,1
2013471302799,2,1,0,18,4,0,0,0,0,0,1,1,6,1,6,-1,-1,-1,-1,-1
2013471302801,1,9,0,9,0,8,0,0,0,0,4,1,3,2,6,1390,1,10,3,1
2013471302801,2,2,0,18,0,8,0,0,0,0,1,1,4,1,4,49,1,5,6,1
2013471302802,1,9,0,9,0,1,0,0,0,0,1,1,6,3,5,-1,-1,-1,-1,-1
2013471302802,2,9,0,8,0,8,0,0,3,0,2,1,6,2,9,998,1,15,1,1
2013471302803,1,1,0,15,0,8,0,0,0,0,3,1,4,1,4,-1,-1,-1,4,1
2013471302803,2,19,0,3,0,2,0,0,0,0,4,1,1,1,7,1997,2,1,1,1
2013471302804,1,9,0,9,0,1,0,0,0,0,3,1,6,2,6,1598,1,13,4,1
2013471302804,2,9,0,18,0,1,1,0,0,0,1,1,6,1,6,2204,2,8,3,1
2013471302805,1,9,0,2,0,0,0,0,0,0,0,1,6,2,8,1598,1,14,2,1
2013471302805,2,1,0,18,0,0,0,0,0,0,3,1,6,1,7,-1,-1,-1,6,1
2013471302806,1,9,0,18,0,0,0,0,0,0,1,1,1,1,10,-1,-1,-1,7,2
2013471302806,2,9,0,18,0,0,0,0,0,0,2,1,1,2,6,1769,2,21,5,3
2013471302808,1,9,0,9,0,8,0,0,0,0,1,1,6,1,5,-1,-1,-1,-1,-1
2013471302808,2,3,0,9,0,1,0,0,0,0,3,1,6,1,6,125,1,2,7,1
2013471302809,1,9,0,15,0,2,0,0,0,0,1,1,6,1,5,1229,1,6,-1,-1
2013471302809,2,9,0,3,0,2,0,0,0,0,2,1,2,1,7,2198,2,6,10,1
2013471302810,1,9,0,7,0,6,0,0,1,0,3,1,6,2,11,1598,1,10,7,1