Accident_Index,Vehicle_Reference,Vehicle_Type,Towing_and_Articulation,Vehicle_Manoeuvre,Vehicle_Location-Restricted_Lane,Junction_Location,Skidding_and_Overturning,Hit_Object_in_Carriageway,Vehicle_Leaving_Carriageway,Hit_Object_off_Carriageway,1st_Point_of_Impact,Was_Vehicle_Left_Hand_Drive?,Journey_Purpose_of_Driver,Sex_of_Driver,Age_Band_of_Driver,Engine_Capacity_(CC),Propulsion_Code,Age_of_Vehicle,Driver_IMD_Decile,Driver_Home_Area_Type
2013471303562,2,3,0,18,0,4,0,0,0,0,2,1,6,1,4,-1,-1,-1,7,1
2013471303563,1,11,0,4,2,0,0,0,0,0,1,1,1,1,7,6370,2,11,1,1
2013471303564,1,9,0,9,0,5,0,0,0,0,3,1,2,2,6,1995,2,7,7,3
2013471303564,2,5,0,14,0,1,0,0,0,0,4,1,2,1,8,1200,1,17,7,3
2013471303565,1,9,0,7,0,4,0,0,0,0,1,1,6,1,11,1598,1,24,8,1
2013471303565,2,9,0,18,0,4,0,0,0,0,4,1,6,2,10,1386,1,4,7,1
2013471303566,1,9,0,9,0,8,0,0,0,0,3,1,6,1,5,1248,2,6,5,1
2013471303567,1,3,0,18,0,8,0,0,0,0,4,1,6,1,10,125,1,5,5,1
2013471303569,1,9,0,18,0,0,0,0,0,0,1,1,1,1,5,-1,-1,-1,1,1
2013471303569,2,9,0,18,0,0,0,0,0,0,2,1,6,1,11,2495,2,12,5,1
2013471303569,3,9,0,18,0,0,0,0,0,0,2,1,6,2,8,3301,1,15,8,1
2013471303569,4,21,0,18,0,0,0,0,0,0,0,1,6,3,6,-1,-1,-1,-1,-1
2013471303571,1,9,0,9,0,2,0,0,0,0,4,1,2,1,4,973,1,11,4,1
2013471303571,2,9,0,5,0,1,0,0,0,0,1,1,2,1,9,1598,1,4,-1,-1
2013471303572,1,9,0,18,0,0,0,0,0,0,4,1,6,3,-1,-1,-1,-1,-1,-1
2013471303573,1,19,0,13,0,8,0,0,0,0,4,1,6,3,6,-1,-1,-1,-1,-1
2013471303573,2,1,0,18,0,8,0,0,1,0,3,1,6,1,6,-1,-1,-1,8,3
2013471303577,1,9,0,5,0,0,0,0,0,0,1,1,6,2,7,1587,1,4,8,3
2013471303577,2,9,0,18,0,0,0,0,0,0,4,1,6,1,4,1242,1,11,8,3
2013471303580,1,5,0,12,0,8,0,0,0,0,3,1,6,1,6,1043,1,1,8,1
2013471303580,2,9,0,18,0,8,0,0,0,0,4,1,2,2,6,1398,1,2,6,1
2013471303582,1,9,0,7,4,5,0,0,0,0,1,1,6,1,4,1686,2,-1,1,1
2013471303582,2,1,0,18,4,1,0,0,0,0,3,1,6,2,4,-1,-1,-1,2,1
2013471303585,1,1,0,18,0,1,0,0,0,0,0,1,6,1,7,-1,-1,-1,6,1
2013471303585,2,19,0,7,0,6,0,0,0,0,0,1,1,1,7,2143,2,2,9,1
2013471303586,1,9,0,3,0,2,0,0,0,0,2,1,6,1,5,1753,2,6,4,1
2013471303586,2,9,0,3,0,6,0,0,0,0,0,1,6,1,5,1461,2,5,8,1
2013471303586,3,3,0,18,0,4,0,0,0,0,0,1,6,3,-1,-1,-1,-1,-1,-1
2013471303587,1,19,0,15,0,0,0,0,0,0,3,1,1,1,9,-1,-1,-1,9,3
2013471303587,2,5,0,18,0,0,0,0,4,0,4,1,6,1,7,998,1,1,-1,-1
2013471303588,1,9,0,9,0,6,0,0,0,0,3,1,6,1,6,1596,1,11,1,1
2013471303588,2,9,0,18,0,8,0,0,0,0,1,1,2,2,4,1108,1,11,5,3
2013471303589,1,1,0,18,0,1,0,0,0,0,1,1,6,1,6,-1,-1,-1,7,1
2013471303589,2,19,0,18,0,8,0,0,0,0,2,1,1,1,7,1870,2,7,4,1
2013471303589,3,90,0,3,0,6,0,0,0,0,0,1,1,2,7,2686,2,7,6,1
2013471303590,1,11,0,4,0,0,0,0,0,0,0,1,1,1,8,9000,2,4,8,1
2013471303592,1,9,0,9,0,8,0,0,0,0,3,1,1,2,7,1560,2,1,7,1
2013471303592,2,5,0,18,0,8,0,0,0,0,4,1,6,1,7,955,1,12,5,1
2013471303593,1,1,0,18,0,0,0,0,0,0,1,1,6,2,8,-1,-1,-1,8,1
2013471303594,1,9,0,18,0,1,0,0,0,0,3,1,6,1,4,1598,1,12,10,1
2013471303594,2,8,0,18,0,8,0,0,0,0,3,1,6,1,10,2179,2,6,10,3
2013471303596,1,9,0,9,0,6,0,0,0,0,3,1,6,2,11,1596,1,11,-1,-1
2013471303596,2,8,0,18,0,1,1,0,0,0,1,1,6,1,6,2402,2,7,9,1
2013471303598,1,9,0,9,0,5,0,0,0,0,1,1,6,1,8,1598,2,-1,-1,-1
2013471303598,2,9,0,18,0,8,0,0,0,0,1,1,6,1,8,1390,1,16,1,1
2013471303599,1,9,0,9,0,6,0,0,0,0,1,1,1,1,6,1598,1,-1,5,1
2013471303599,2,9,0,18,0,8,0,0,0,0,4,1,1,2,6,1997,2,12,3,1
2013471303600,1,9,0,9,0,8,0,0,0,0,4,1,6,1,7,1796,1,6,9,1
2013471303600,2,9,0,18,0,8,0,0,1,3,1,1,6,1,11,2179,2,1,9,3
2013471303602,1,9,0,9,0,8,0,0,0,0,3,1,6,2,8,-1,-1,-1,-1,-1
2013471303602,2,1,0,18,0,8,0,0,0,0,3,1,6,1,10,-1,-1,-1,6,1
2013471303603,1,9,0,18,0,8,0,0,0,0,1,1,6,2,6,2000,1,8,-1,-1
2013471303603,2,9,0,18,0,8,0,0,0,0,2,1,6,1,7,-1,-1,-1,1,1
2013471303605,1,9,0,4,0,0,0,0,0,0,1,1,6,2,9,-1,-1,-1,10,3
2013471303606,1,9,0,9,0,8,0,0,0,0,1,1,6,1,5,1995,2,4,9,3
2013471303606,2,9,0,18,0,1,0,0,0,0,1,1,6,1,11,973,1,13,4,3
2013471303607,1,9,0,18,0,3,0,0,0,0,1,1,6,3,6,1399,2,7,-1,-1
2013471303607,2,9,0,4,0,3,0,0,0,0,2,1,6,2,8,1242,1,9,8,1
2013471303608,1,9,0,18,0,0,1,0,0,0,1,1,6,1,7,1596,1,2,6,1
2013471303609,1,8,0,18,0,0,0,10,1,10,1,1,1,1,10,1598,2,3,8,1
2013471303611,1,9,0,5,0,4,0,0,0,0,0,1,6,2,7,2000,2,6,3,1
2013471303611,2,5,0,7,0,8,1,0,0,0,0,1,6,1,9,955,1,13,7,2
2013471303614,1,9,0,18,0,0,0,0,0,0,1,1,6,3,-1,-1,-1,-1,-1,-1
2013471303615,1,9,0,17,0,0,0,0,0,0,2,1,6,1,5,1984,1,16,7,2
2013471303615,2,9,0,17,0,0,0,0,0,0,1,1,6,2,9,-1,-1,-1,9,1
2013471303617,1,9,0,2,5,2,0,0,0,0,3,1,6,1,8,1999,1,9,1,1
2013471303617,2,1,0,18,5,2,1,0,0,0,4,1,6,1,7,-1,-1,-1,8,3
2013471303617,3,1,0,18,5,2,1,0,0,0,1,1,6,1,3,-1,-1,-1,8,3
2013471303620,1,3,0,18,0,8,0,0,0,0,1,1,6,1,9,124,1,-1,7,1
2013471303620,2,9,0,6,0,8,0,0,0,0,3,1,6,2,7,1242,1,14,6,1
2013471303621,1,21,1,18,0,8,0,0,0,0,1,1,1,1,8,12900,2,1,9,1
2013471303621,2,9,0,18,0,8,0,0,0,0,3,1,2,2,6,1968,2,2,5,1
2013471303622,1,19,0,18,0,4,0,0,0,0,1,1,1,1,8,1399,2,4,5,1
2013471303622,2,5,0,18,0,4,0,0,0,0,2,1,6,1,6,749,1,13,2,1
2013471303624,1,9,0,18,0,0,1,12,8,4,4,1,6,2,6,1598,1,-1,3,1
2013471303625,1,9,0,18,0,0,0,0,0,0,1,1,6,2,9,1975,1,15,10,1
2013471303625,2,9,0,18,0,0,0,0,1,0,1,1,6,1,9,1242,1,10,8,1
2013471303626,1,9,0,5,0,4,0,0,0,0,1,1,6,2,9,1398,1,1,6,1
2013471303626,2,9,0,9,0,3,0,0,0,0,1,1,6,1,7,1796,1,14,3,1
2013471303627,1,9,0,5,0,8,0,0,0,0,1,1,6,1,5,1124,1,7,4,3
2013471303627,2,1,0,18,0,8,0,0,0,0,1,1,6,1,7,-1,-1,-1,5,2
2013471303628,1,9,0,18,0,0,0,0,0,0,1,1,6,1,4,1043,1,25,4,3
2013471303628,2,9,0,18,0,0,0,0,0,0,1,1,6,1,9,1389,1,20,4,1
2013471303628,3,9,0,18,0,0,0,0,0,0,1,1,6,1,6,1108,1,16,1,1
2013471303629,1,9,0,18,0,0,0,0,0,0,1,1,6,1,7,1396,1,3,6,1
2013471303629,2,9,0,18,0,0,0,0,7,10,1,1,6,2,5,1388,1,2,8,2
2013471303630,1,1,0,17,0,0,0,0,0,0,2,1,6,1,6,-1,-1,-1,10,1
2013471303630,2,1,0,17,0,0,0,0,0,0,1,1,6,1,6,-1,-1,-1,3,1
2013471303630,3,1,0,17,0,0,0,0,0,0,1,1,6,1,8,-1,-1,-1,-1,-1
2013471303631,1,19,0,18,0,0,0,0,0,0,1,1,6,1,8,2287,2,3,8,1
2013471303631,2,9,0,18,0,0,0,0,0,0,2,1,1,1,6,1870,2,11,5,1
2013471303631,3,9,0,18,0,0,0,0,0,0,2,1,6,2,6,1240,1,8,3,1
2013471303631,4,9,0,18,0,0,0,0,0,0,2,1,2,1,8,1598,2,1,5,1
2013471303637,1,9,0,9,0,8,0,0,0,0,4,1,2,1,6,1461,2,9,6,1
2013471303637,2,1,0,18,0,8,0,0,0,0,1,1,6,1,10,-1,-1,-1,6,1
2013471303641,1,11,0,18,0,0,0,0,0,0,0,1,6,1,6,4500,2,1,-1,1
2013471303641,2,11,0,18,0,0,0,0,0,0,0,1,6,1,8,4500,2,1,1,1
2013471303642,1,9,0,9,0,5,0,0,0,0,1,1,6,2,9,1461,2,1,8,1
2013471303642,2,9,0,18,0,1,0,0,0,0,1,1,6,1,5,1242,1,16,7,3
2013471303644,1,9,0,7,0,5,0,0,0,0,4,1,6,1,9,998,1,13,5,1
2013471303644,2,1,0,18,0,1,0,0,0,0,1,1,6,1,6,-1,-1,-1,3,1
2013471303645,1,9,0,9,0,8,0,0,0,0,1,1,6,1,6,998,1,-1,7,1
2013471303645,2,9,0,18,0,8,0,0,0,0,0,1,6,3,6,-1,-1,-1,-1,-1
2013471303645,3,9,0,18,0,8,0,0,0,0,1,1,6,1,7,1796,1,8,8,1
2013471303646,1,9,0,16,0,0,0,0,7,10,1,1,6,2,8,1360,1,15,9,1
2013471303648,1,9,0,18,0,0,0,0,0,0,1,1,2,2,6,2350,1,13,1,1
2013471303648,2,9,0,2,0,0,0,0,0,0,2,1,6,3,-1,1783,1,13,-1,-1
2013471303650,1,9,0,18,0,4,0,0,0,0,1,1,6,1,6,1360,1,7,4,1
2013471303650,2,1,0,18,0,3,0,0,0,0,0,1,6,1,7,-1,-1,-1,7,3
2013471303654,1,11,0,5,9,0,0,0,0,0,4,1,1,1,8,-1,-1,-1,-1,-1
2013471303656,1,9,0,18,0,1,0,0,0,0,1,1,1,1,10,1349,1,3,3,1
2013471303659,1,9,0,18,0,0,0,0,0,0,3,1,6,3,6,-1,-1,-1,-1,-1
2013471303659,2,9,0,18,0,0,0,0,0,0,3,1,6,2,11,1299,1,8,9,2
2013471303662,1,9,0,9,0,1,0,0,7,0,4,1,2,1,6,-1,-1,-1,7,3
2013471303662,2,9,0,18,0,1,0,0,0,0,1,1,6,2,11,1149,1,6,7,3
2013471303663,1,9,0,5,0,0,0,0,0,0,1,1,6,2,6,1796,1,10,4,3
2013471303663,2,9,0,5,0,0,0,0,0,0,2,1,6,1,6,1995,2,-1,6,1
2013471303664,1,9,0,2,0,0,0,0,0,0,3,1,6,1,8,1396,1,3,10,1
2013471303664,2,1,0,18,0,0,0,4,0,0,1,1,6,1,7,-1,-1,-1,6,1
2013471303665,1,9,0,14,0,0,0,0,0,0,1,1,6,2,5,-1,-1,-1,4,1
2013471303667,1,9,0,17,0,8,0,0,0,0,3,1,6,2,9,1596,1,2,8,3
2013471303667,2,9,0,18,0,8,0,0,0,0,1,1,6,1,6,1910,2,8,6,1
2013471303668,1,9,0,18,0,8,0,0,1,0,1,1,6,2,6,1399,1,4,4,1
2013471303668,2,9,0,5,0,8,0,0,3,0,4,1,6,2,5,1360,1,8,1,1
2013471303669,1,9,0,10,0,5,0,0,0,0,1,1,6,1,7,1596,1,12,6,1
2013471303669,2,9,0,18,0,1,0,0,0,0,1,1,6,1,6,1796,1,9,10,1
2013471303669,3,9,0,3,0,1,0,0,0,0,1,1,6,2,8,1598,1,4,7,3
2013471303669,4,19,0,10,0,1,0,0,0,0,1,1,1,1,8,2148,2,9,6,1
2013471303671,1,9,0,6,0,0,0,0,0,0,3,1,1,2,10,998,1,13,3,1
2013471303671,2,4,0,18,0,0,0,0,0,0,1,1,6,1,5,599,1,6,4,1
2013471303672,1,9,0,17,0,0,1,0,0,0,1,1,6,1,6,1391,1,15,9,2
2013471303672,2,19,0,18,0,0,0,0,1,0,1,1,1,1,7,2143,2,1,4,1
2013471303673,1,19,0,16,0,0,1,0,0,0,1,1,6,1,5,2198,2,6,9,3
2013471303673,2,21,0,17,0,0,0,0,0,0,1,1,1,1,6,12900,2,4,4,1
2013471303676,1,9,0,3,0,4,0,0,0,0,1,1,6,1,10,-1,-1,-1,3,1
2013471303676,2,9,0,3,0,4,0,0,0,0,2,1,6,2,5,973,1,11,6,1
2013471303677,1,9,0,5,9,1,0,0,0,0,1,1,6,1,6,-1,-1,-1,-1,-1
2013471303677,2,1,0,7,9,2,0,0,0,0,1,1,6,2,3,-1,-1,-1,6,1
2013471303679,1,9,0,9,0,2,0,0,0,0,0,1,6,1,11,-1,-1,-1,8,2
2013471303679,2,1,0,18,0,1,0,10,1,0,0,1,6,2,6,-1,-1,-1,5,1
2013471303680,1,9,0,18,0,0,0,0,0,0,1,1,6,1,9,1796,1,8,8,1
2013471303680,2,9,0,3,0,0,0,0,0,0,2,1,6,1,9,1596,1,4,7,3
2013471303680,3,9,0,3,0,0,0,0,0,0,2,1,6,1,9,2184,2,7,9,1
2013471303681,1,9,0,18,0,0,0,0,0,0,1,1,6,1,7,1596,1,3,9,3
2013471303681,2,9,0,18,0,0,0,0,0,0,1,1,6,2,4,1299,1,12,10,2
2013471303682,1,20,4,18,0,0,0,0,0,0,3,1,6,1,7,-1,-1,-1,9,3
2013471303682,2,9,0,18,0,0,1,0,1,0,3,1,6,2,6,1988,2,8,8,1
2013471303683,1,5,0,18,0,1,0,0,0,0,1,1,6,1,8,955,1,9,8,3
2013471303683,2,9,0,10,0,1,0,0,0,0,2,1,2,1,7,1995,2,3,7,1
2013471303685,1,3,0,4,0,0,1,0,0,0,3,1,6,2,6,125,1,-1,1,1
2013471303688,1,5,0,18,0,0,0,0,0,0,1,1,2,1,9,1450,1,13,5,1
2013471303688,2,9,0,4,0,0,0,0,0,0,2,1,2,1,6,1560,2,6,9,1
2013471303688,3,9,0,4,0,0,0,0,0,0,0,1,6,3,6,-1,-1,-1,-1,-1
2013471303689,1,9,0,18,0,8,0,0,0,0,0,1,6,3,-1,-1,-1,-1,-1,-1
2013471303689,2,3,0,18,0,8,1,0,7,0,3,1,6,1,5,125,1,7,2,1
2013471303692,1,9,0,18,0,0,0,0,0,0,1,1,6,1,10,-1,-1,-1,5,1
2013471303692,2,9,0,18,0,0,0,0,0,0,1,1,6,2,10,1339,8,2,6,3
2013471303693,1,9,0,2,0,0,0,0,0,0,3,1,6,1,8,-1,-1,-1,6,1
2013471303693,2,1,0,18,0,0,0,4,0,0,1,1,6,2,7,-1,-1,-1,6,1
2013471303694,1,9,0,16,0,1,0,0,0,0,1,1,6,1,5,1598,1,13,8,1
2013471303694,2,9,0,18,0,2,0,0,0,0,1,1,1,1,8,2148,2,5,6,1
2013471303699,1,9,0,18,0,3,0,0,0,0,1,1,6,2,7,1229,1,4,6,1
2013471303699,2,9,0,18,0,3,0,0,0,0,2,1,6,2,7,1598,1,7,8,1
2013471303699,3,9,0,18,0,3,0,0,0,0,2,1,6,2,8,1769,1,9,5,1
2013471303700,1,9,0,18,0,8,0,0,0,0,0,1,6,2,5,-1,-1,-1,-1,-1
2013471303700,2,1,0,18,0,1,0,0,0,0,1,1,2,1,7,-1,-1,-1,2,1
2013471303702,1,9,0,16,0,8,0,0,0,0,1,1,6,1,8,1731,1,15,6,1
2013471303702,2,1,0,16,0,8,0,0,0,0,2,1,6,1,9,-1,-1,-1,9,1
2013471303705,1,21,0,18,0,1,1,0,1,0,1,1,1,1,6,-1,2,13,7,1
2013471303705,2,9,0,10,0,8,0,0,7,0,2,1,6,2,10,1061,1,8,7,2
2013471303705,3,21,1,18,0,1,1,0,0,0,1,1,1,1,8,11705,2,5,1,1
2013471303706,1,9,0,18,0,8,0,0,0,0,1,1,6,1,11,1108,1,4,6,1
2013471303706,2,19,0,4,0,8,0,0,0,0,2,1,1,1,9,2198,2,5,1,1
2013471303707,1,9,0,18,0,2,0,0,0,0,1,1,6,2,7,1995,2,6,4,1
2013471303707,2,9,0,3,0,2,0,0,0,0,2,1,6,1,9,1390,1,15,3,1
2013471303707,3,9,0,3,0,2,0,0,0,0,2,1,6,2,8,1998,1,3,3,1
2013471303708,1,9,0,9,0,0,0,0,0,0,0,1,6,3,6,-1,-1,-1,-1,-1
2013471303708,2,1,0,18,0,0,0,0,1,0,0,1,6,1,8,-1,-1,-1,6,1
2013471303711,1,9,0,18,0,3,0,0,1,2,1,1,6,1,5,1796,1,18,5,1
2013471303711,2,1,0,2,9,1,0,0,0,0,3,1,6,1,4,-1,-1,-1,4,1
2013471303714,1,9,0,18,0,8,0,0,1,0,4,1,6,2,6,1390,1,10,4,1
2013471303714,2,9,0,18,0,8,1,0,0,0,1,1,6,2,8,1679,1,11,8,1
2013471303715,1,9,0,18,0,1,0,0,0,0,1,1,6,1,6,-1,-1,-1,-1,-1
2013471303715,2,1,0,18,0,1,0,0,0,0,4,1,6,1,5,-1,-1,-1,2,1
2013471303716,1,9,0,18,0,0,0,0,0,0,3,1,6,1,6,998,1,-1,6,1
2013471303716,2,9,0,18,0,0,0,0,0,0,3,1,6,2,9,1761,1,17,3,3
2013471303717,1,19,0,18,0,0,0,0,7,4,1,1,1,1,8,1998,2,11,5,1
2013471303717,2,9,0,18,0,0,0,0,7,4,1,1,2,2,6,1970,1,14,9,1
2013471303720,1,9,0,1,0,6,0,0,0,0,2,1,6,2,9,698,1,10,3,1
2013471303720,2,9,0,2,0,2,0,0,0,0,1,1,6,3,-1,1896,2,11,-1,-1
2013471303721,1,9,0,17,0,0,0,0,7,0,1,1,6,1,11,1248,1,2,3,1
2013471303723,1,9,0,6,0,8,0,0,0,0,1,1,6,1,5,1360,1,7,9,1
2013471303724,1,1,0,18,0,8,0,0,0,0,3,1,6,1,8,-1,-1,-1,8,2
2013471303728,1,9,0,16,0,0,0,0,0,0,1,1,2,1,6,1398,2,11,5,3
2013471303728,2,9,0,17,0,0,0,0,0,0,1,1,6,2,6,1998,1,12,2,1
2013471303729,1,9,0,16,0,0,2,0,1,0,4,1,6,2,6,1364,1,4,8,1
2013471303731,1,1,0,18,0,8,0,0,0,0,1,1,6,1,3,-1,-1,-1,-1,-1
2013471303731,2,9,0,18,0,1,0,0,0,0,4,1,6,1,7,998,1,1,-1,-1
2013471303732,1,9,0,13,0,0,0,0,0,0,0,1,6,1,6,-1,-1,-1,2,1
2013471303732,2,9,0,16,0,0,1,0,7,0,1,1,6,1,4,1388,1,10,8,3
2013471303732,3,9,0,17,0,0,0,0,1,0,3,1,6,1,7,-1,-1,-1,10,1
2013471303733,1,21,0,18,0,6,0,0,0,0,1,1,1,1,6,5880,2,5,4,1
2013471303733,2,9,0,17,0,8,0,0,0,0,1,1,6,1,10,2198,1,12,10,1
2013471303734,1,9,0,9,0,0,0,0,0,0,4,1,6,2,10,1997,1,11,9,1
2013471303734,2,5,0,18,0,0,0,0,0,0,1,1,1,1,8,1170,1,6,7,1
2013471303735,1,9,0,9,0,8,0,0,0,0,1,1,6,2,8,1749,1,8,10,2
2013471303735,2,5,0,18,0,1,0,0,0,0,4,1,6,1,7,998,1,5,8,1
2013471303736,1,9,0,18,0,1,0,0,0,0,1,1,6,2,8,1586,1,11,10,1
2013471303736,2,9,0,10,0,1,0,0,0,0,2,1,6,2,7,2435,1,10,10,1
2013471303740,1,9,0,9,0,1,5,0,7,10,4,1,2,2,8,995,1,7,4,1
2013471303740,2,9,0,18,0,1,0,0,0,0,1,1,6,1,7,1870,2,8,-1,-1
2013471303741,1,5,0,4,0,0,1,0,0,0,1,1,6,1,5,645,1,11,2,1
2013471303741,2,5,0,4,0,0,0,0,0,0,2,1,6,1,5,599,1,2,10,3
2013471303741,3,9,0,4,0,0,0,0,0,0,2,1,6,1,6,1997,1,14,8,2
2013471303741,4,9,0,4,0,0,0,0,0,0,1,1,6,1,7,1895,1,15,10,1
2013471303741,5,9,0,4,0,0,0,0,0,0,0,1,6,1,6,998,1,17,10,1
2013471303743,1,19,0,18,0,0,1,0,5,6,3,1,6,1,7,1997,2,7,2,1
2013471303744,1,9,0,3,0,1,0,0,0,0,4,1,6,1,8,1783,1,11,2,1
2013471303744,2,1,0,15,0,1,0,0,0,0,1,1,6,1,5,-1,-1,-1,1,1
2013471303747,1,9,0,7,0,6,0,0,0,0,1,1,6,2,6,1296,1,5,5,1
2013471303747,2,9,0,18,0,1,0,0,0,0,4,1,6,1,7,-1,-1,-1,9,1
2013471303749,1,9,0,16,0,0,0,0,1,0,3,1,6,1,4,1149,1,10,9,1
2013471303749,2,9,0,17,0,0,0,0,0,0,1,1,6,2,8,1124,1,12,7,2
2013471303750,1,9,0,18,0,0,0,0,0,0,1,1,6,3,-1,-1,-1,-1,-1,-1
2013471303751,1,9,0,9,0,4,0,0,0,0,3,1,6,1,6,1149,1,6,6,2
2013471303751,2,3,0,18,0,8,0,0,0,0,1,1,6,1,4,125,1,-1,8,3
2013471303752,1,9,0,18,0,1,1,0,0,0,1,1,6,1,7,1995,2,13,10,1
2013471303752,2,19,0,9,0,1,0,0,0,0,2,1,1,2,7,1461,2,9,7,1
2013471303753,1,5,0,18,0,8,0,0,7,1,1,1,6,1,10,599,1,13,6,3
2013471303754,1,9,0,18,0,0,5,0,0,0,1,1,6,2,7,1796,1,2,9,1
2013471303754,2,9,0,18,0,0,0,0,0,0,1,1,6,2,11,1360,1,10,10,1
2013471303756,1,9,0,18,0,0,0,0,0,0,1,1,6,1,8,1242,1,7,2,1
2013471303756,2,9,0,3,0,0,0,0,0,0,2,1,6,1,11,1360,1,8,7,1
2013471303756,3,9,0,3,0,0,0,0,0,0,2,1,6,1,8,1598,1,8,7,1
2013471303757,1,9,0,9,0,5,0,0,0,0,4,1,6,2,9,1598,1,11,10,1
2013471303757,2,1,0,18,0,1,0,0,0,0,1,1,6,1,8,-1,-1,-1,10,1
2013471303759,1,19,0,4,0,0,1,0,0,0,1,1,6,1,9,1248,2,5,4,1
2013471303759,2,9,0,3,0,0,0,0,0,0,2,1,6,1,6,1896,2,9,9,2
2013471303759,3,9,0,3,0,0,0,0,0,0,2,1,1,2,6,1596,1,3,5,1
2013471303759,4,9,0,3,0,0,0,0,0,0,2,1,6,1,7,2993,2,10,8,1
2013471303760,1,9,0,18,0,1,1,0,0,0,1,1,6,1,4,1199,1,11,8,1
2013471303760,2,19,0,2,0,1,0,0,0,0,1,1,6,3,-1,2400,2,7,-1,-1
2013471303761,1,9,0,2,0,0,0,0,0,0,3,1,6,1,8,1900,2,8,7,1
2013471303761,2,1,0,18,0,0,0,8,0,0,1,1,6,1,4,-1,-1,-1,6,1
2013471303762,1,9,0,18,0,1,5,4,0,0,1,1,6,2,10,1086,1,8,6,1
2013471303762,2,9,0,2,0,1,0,0,0,0,2,1,6,3,-1,1995,1,8,-1,-1
2013471303763,1,5,0,17,0,0,0,0,1,0,4,1,6,1,6,-1,-1,-1,-1,-1
2013471303765,1,9,0,18,0,1,0,0,0,0,1,1,6,2,5,1599,1,7,4,1
2013471303765,2,8,0,10,0,1,0,0,0,0,2,1,1,1,8,1998,2,4,4,1
2013471303767,1,9,0,7,0,5,0,0,0,0,2,1,6,1,7,-1,-1,-1,-1,-1
2013471303767,2,1,0,18,0,8,0,0,0,0,2,1,6,1,6,-1,-1,-1,5,1
2013471303771,1,9,0,18,0,0,0,0,0,1,1,1,2,1,7,2198,1,13,4,1
2013471303772,1,4,0,18,0,4,0,0,0,0,3,1,6,1,4,250,1,-1,2,1
2013471303772,2,9,0,18,0,8,0,0,0,0,1,1,6,1,5,1796,1,12,4,1
2013471303772,3,21,0,18,0,8,0,0,0,0,0,1,6,3,-1,-1,-1,-1,-1,-1
2013471303773,1,19,0,18,0,1,0,0,0,0,4,1,2,1,6,2148,2,6,6,1
2013471303777,1,1,0,9,0,8,1,0,1,10,1,1,6,1,9,-1,-1,-1,10,1
2013471303777,2,9,0,18,0,8,0,0,0,0,0,1,6,1,7,4266,1,15,7,1
2013471303778,1,9,0,18,0,1,0,0,0,0,1,1,6,1,4,1229,1,2,6,1
2013471303778,2,9,0,10,0,1,0,0,0,0,2,1,6,2,5,1149,1,13,8,1
2013471303780,1,11,0,4,0,0,0,0,0,0,0,1,3,1,8,6870,2,12,2,1
2013471303780,2,9,0,4,0,0,0,0,0,0,0,1,6,3,6,-1,-1,-1,-1,-1
2013471303781,1,9,0,13,0,1,0,0,0,0,4,1,6,3,6,-1,-1,-1,-1,-1
2013471303781,2,9,0,18,0,1,0,0,0,0,3,1,6,2,7,1587,1,7,4,1
2013471303783,1,9,0,5,0,8,0,0,0,0,3,1,3,2,7,1998,1,15,3,1
2013471303783,2,3,0,18,0,8,0,0,7,10,1,1,6,1,4,124,1,12,3,1
2013471303784,1,9,0,9,0,6,0,0,0,0,3,1,2,1,8,1988,1,9,10,1
2013471303784,2,5,0,18,0,8,0,0,0,0,1,1,2,1,7,599,1,18,7,3
2013471303785,1,1,0,18,4,0,0,12,0,0,1,1,6,1,6,-1,-1,-1,4,1
2013471303785,2,9,0,2,0,0,0,0,0,0,2,1,6,3,-1,1999,1,8,-1,-1
2013471303787,1,1,0,9,0,1,0,0,0,0,1,1,2,2,8,-1,-1,-1,6,1
2013471303788,1,9,0,4,0,1,0,0,0,0,1,1,6,1,7,2830,2,20,6,2
2013471303788,2,1,0,8,0,4,0,0,0,0,0,1,6,2,8,-1,-1,-1,9,1
2013471303792,1,19,0,18,0,0,0,0,1,0,1,1,1,1,8,2148,2,8,3,1
2013471303792,2,9,0,18,0,0,0,0,1,0,3,1,1,1,8,1995,2,1,9,1
2013471303793,1,9,0,18,0,1,0,0,0,0,1,1,6,1,7,1398,1,12,6,1
2013471303795,1,11,0,5,0,0,0,0,0,0,4,1,1,1,8,9000,2,3,10,1
2013471303795,2,1,0,18,0,0,0,0,0,0,3,1,6,2,7,-1,-1,-1,5,1
2013471303796,1,9,0,5,0,8,0,0,0,0,1,1,6,1,8,1497,8,5,5,1
2013471303796,2,1,0,18,0,8,0,0,0,0,3,1,6,2,5,-1,-1,-1,5,1
2013471303799,1,9,0,7,0,8,0,0,0,0,3,1,6,2,9,1781,1,18,10,1
2013471303799,2,19,0,4,0,1,0,0,0,0,3,1,1,1,8,1461,2,1,3,1
2013471303804,1,9,0,18,0,4,0,0,0,0,3,1,6,1,9,1149,1,14,8,1
2013471303804,2,1,0,18,0,8,0,0,0,0,1,1,6,1,7,-1,-1,-1,7,1
2013471303805,1,9,0,18,0,1,0,0,0,0,4,1,6,2,8,2946,1,13,5,1