Accident_Index,Vehicle_Reference,Vehicle_Type,Towing_and_Articulation,Vehicle_Manoeuvre,Vehicle_Location-Restricted_Lane,Junction_Location,Skidding_and_Overturning,Hit_Object_in_Carriageway,Vehicle_Leaving_Carriageway,Hit_Object_off_Carriageway,1st_Point_of_Impact,Was_Vehicle_Left_Hand_Drive?,Journey_Purpose_of_Driver,Sex_of_Driver,Age_Band_of_Driver,Engine_Capacity_(CC),Propulsion_Code,Age_of_Vehicle,Driver_IMD_Decile,Driver_Home_Area_Type
2013471304048,4,9,0,2,0,0,0,0,0,0,0,1,6,3,-1,1560,2,9,-1,-1
2013471304049,1,9,0,6,0,2,0,0,0,0,1,1,6,1,11,1794,1,6,9,1
2013471304049,2,11,0,3,0,1,0,0,0,0,3,1,1,1,8,-1,-1,-1,-1,-1
2013471304057,1,20,0,9,0,5,0,0,0,0,3,1,1,1,8,2143,2,2,10,1
2013471304057,2,9,0,18,0,1,0,0,0,0,1,1,6,1,11,1299,1,11,6,1
2013471304060,1,9,0,9,0,1,0,0,0,0,3,1,2,1,4,1390,1,9,3,1
2013471304060,2,22,0,18,0,6,0,0,0,0,1,1,6,1,8,-1,-1,-1,4,1
2013471304061,1,9,0,18,0,0,0,0,0,0,3,1,6,2,9,1397,1,5,5,1
2013471304061,2,9,0,18,0,0,0,0,0,0,1,1,6,1,8,1988,1,12,10,1
2013471304064,1,21,0,4,0,1,0,0,0,0,0,1,1,1,6,-1,-1,-1,6,1
2013471304064,2,9,0,9,0,8,0,0,0,0,4,1,6,2,6,1389,1,11,7,1
2013471304064,3,1,0,18,0,8,0,0,0,0,1,1,6,2,6,-1,-1,-1,3,1
2013471304065,1,2,0,13,0,2,1,0,7,10,1,1,6,1,4,49,1,2,6,1
2013471304065,2,9,0,18,0,2,0,0,0,0,3,1,6,2,4,1242,1,10,3,1
2013471304066,1,1,0,18,0,2,0,4,0,0,1,1,6,1,11,-1,-1,-1,6,1
2013471304066,2,20,0,2,0,2,0,0,0,0,2,1,6,3,-1,2400,2,9,-1,-1
2013471304067,1,9,0,18,0,0,0,0,0,0,1,1,6,1,7,1598,1,3,6,1
2013471304067,2,9,0,2,0,0,0,0,1,0,2,1,6,2,7,1686,2,8,5,1
2013471304069,1,9,0,2,0,0,0,0,0,0,3,1,6,2,8,2979,1,8,3,1
2013471304069,2,1,0,14,0,0,0,0,0,0,4,1,6,1,8,-1,-1,-1,6,1
2013471304071,1,1,0,18,0,1,0,0,0,0,1,1,6,1,4,-1,-1,-1,1,1
2013471304071,2,9,0,18,0,1,0,0,0,0,1,1,1,1,8,1995,1,4,4,3
2013471304072,1,1,0,18,0,6,0,0,0,0,1,1,6,1,3,-1,-1,-1,5,1
2013471304072,2,9,0,18,0,2,0,0,0,0,3,1,6,2,6,1360,1,2,5,1
2013471304074,1,9,0,15,0,8,1,7,0,0,1,1,6,3,-1,1229,1,1,-1,-1
2013471304074,2,9,0,2,0,2,0,0,0,0,3,1,6,1,7,1948,1,14,8,1
2013471304074,3,9,0,2,0,2,0,0,0,0,1,1,6,3,-1,1796,1,13,-1,-1
2013471304076,1,11,0,9,0,6,0,0,0,0,0,1,1,1,7,-1,-1,-1,3,1
2013471304078,1,9,0,9,0,5,0,0,0,0,1,1,2,1,9,-1,-1,-1,6,2
2013471304078,2,9,0,18,0,1,1,0,7,0,4,1,2,2,9,1299,1,13,6,1
2013471304081,1,9,0,18,0,0,0,0,0,0,1,1,6,1,6,1560,2,2,-1,-1
2013471304081,2,19,0,3,0,0,0,0,0,0,2,1,6,1,8,2198,2,6,9,1
2013471304084,1,9,0,7,0,5,0,0,0,0,4,1,2,1,7,1895,1,13,6,1
2013471304084,2,1,0,18,0,1,0,0,0,0,1,1,2,1,7,-1,-1,-1,10,1
2013471304085,1,19,0,18,0,0,0,0,0,0,1,1,2,1,8,1968,2,1,9,1
2013471304085,2,19,0,18,0,0,0,0,0,0,1,1,1,1,9,2198,2,1,7,3
2013471304087,1,1,0,18,0,0,0,0,0,0,1,1,6,1,6,-1,-1,-1,3,1
2013471304087,2,9,0,18,0,0,0,0,0,0,1,1,6,1,8,-1,-1,-1,6,3
2013471304090,1,9,0,5,0,6,0,0,0,0,3,1,6,1,8,-1,-1,-1,1,1
2013471304090,2,9,0,18,0,1,0,0,0,0,4,1,6,2,11,1396,1,12,5,1
2013471304094,1,9,0,3,0,8,0,0,0,0,1,1,6,2,10,1248,2,1,3,1
2013471304094,2,9,0,3,0,8,0,0,0,0,2,1,2,2,7,1590,1,14,4,1
2013471304100,1,9,0,1,0,1,0,0,0,0,2,1,1,1,6,-1,-1,-1,3,1
2013471304101,1,9,0,18,0,2,0,0,0,0,4,1,6,3,-1,-1,-1,-1,-1,-1
2013471304103,1,9,0,9,0,0,0,0,0,0,1,1,6,1,7,-1,-1,-1,9,1
2013471304103,2,9,0,18,0,0,0,0,0,0,4,1,6,2,7,2000,2,9,8,1
2013471304103,3,21,0,2,9,0,0,0,0,0,0,1,1,3,-1,9200,2,3,-1,-1
2013471304108,1,9,0,18,0,2,0,0,0,0,4,1,1,1,5,-1,-1,-1,-1,-1
2013471304108,2,1,0,18,0,2,0,0,0,0,3,1,2,1,8,-1,-1,-1,6,1
2013471304112,1,9,0,7,2,6,0,0,0,0,0,1,6,2,6,-1,-1,-1,-1,-1
2013471304112,2,11,0,18,2,1,0,0,0,0,0,1,1,1,7,6370,2,11,8,1
2013471304113,1,9,0,5,0,4,0,0,0,0,3,1,6,2,8,-1,-1,-1,-1,-1
2013471304113,2,1,0,18,0,8,0,0,0,0,1,1,2,1,7,-1,-1,-1,8,1
2013471304114,1,9,0,2,0,2,0,0,0,0,0,1,6,1,7,1364,1,6,1,1
2013471304114,2,1,0,14,0,2,0,8,0,0,1,1,1,1,9,-1,-1,-1,1,1
2013471304115,1,9,0,18,0,0,0,0,0,0,1,1,6,2,8,1991,2,7,8,3
2013471304115,2,1,0,18,0,0,0,0,1,0,2,1,6,1,9,-1,-1,-1,7,2
2013471304116,1,9,0,9,0,2,0,0,0,0,3,1,6,1,11,2198,2,5,6,1
2013471304116,2,9,0,9,0,2,0,0,0,0,1,1,6,1,6,1461,2,-1,6,1
2013471304118,1,9,0,9,0,2,0,0,0,0,4,1,6,3,7,-1,-1,-1,-1,-1
2013471304119,1,4,0,18,0,0,1,12,0,4,1,1,6,1,5,399,1,24,6,3
2013471304120,1,9,0,9,0,2,0,0,0,0,0,1,6,3,6,-1,-1,-1,-1,-1
2013471304120,2,11,0,4,0,1,0,0,0,0,0,1,1,1,8,-1,-1,-1,1,1
2013471304121,1,9,0,18,0,8,0,0,0,0,4,1,6,2,7,1242,1,11,5,1
2013471304122,1,9,0,7,0,2,0,7,0,0,1,1,1,1,11,1560,2,5,3,1
2013471304124,1,9,0,9,0,6,0,0,0,0,1,1,6,2,7,2319,1,13,6,3
2013471304124,2,9,0,18,0,8,2,0,1,1,4,1,6,1,8,1598,1,3,5,1
2013471304125,1,19,0,9,0,6,0,0,0,0,1,1,1,1,4,1248,2,2,-1,-1
2013471304125,2,9,0,18,0,8,0,0,0,0,3,1,6,1,6,1396,1,11,1,1
2013471304128,1,9,0,18,0,1,0,0,0,0,1,1,6,2,7,1390,1,6,10,2
2013471304128,2,9,0,18,0,1,0,0,0,0,2,1,6,2,7,2400,2,4,8,3
2013471304131,1,9,0,18,0,2,0,0,0,0,1,1,6,1,5,2400,2,-1,-1,-1
2013471304131,2,9,0,18,0,1,0,0,1,0,3,1,6,1,7,-1,-1,-1,5,3
2013471304132,1,9,0,18,0,1,0,0,0,0,1,1,6,1,4,-1,-1,-1,9,3
2013471304132,2,9,0,3,0,1,0,0,0,0,2,1,6,2,6,1587,1,9,2,1
2013471304133,1,9,0,18,0,0,0,0,0,0,1,1,6,1,6,1988,1,11,4,1
2013471304133,2,9,0,18,0,0,0,0,0,0,1,1,6,1,7,1910,2,5,4,1
2013471304133,3,9,0,2,0,0,0,0,0,0,3,1,6,3,-1,1124,1,12,-1,-1
2013471304135,1,9,0,9,0,5,0,0,1,2,1,1,6,2,11,1339,1,7,6,1
2013471304135,2,19,0,18,0,1,0,0,0,0,0,1,1,1,6,1248,2,3,2,1
2013471304136,1,9,0,4,0,0,0,0,0,0,1,1,1,1,7,-1,-1,-1,6,1
2013471304136,2,9,0,4,0,0,0,0,0,0,2,1,6,1,7,1896,2,6,9,1
2013471304138,1,1,0,18,9,1,0,0,0,0,1,1,6,2,6,-1,-1,-1,6,1
2013471304138,2,9,0,8,0,6,0,0,0,0,4,1,6,2,10,-1,-1,-1,9,1
2013471304147,1,9,0,18,0,0,0,0,7,4,1,1,6,1,7,1598,1,6,9,1
2013471304148,1,9,0,18,0,1,0,0,0,0,1,1,6,1,5,1360,1,15,4,1
2013471304148,2,9,0,18,0,1,0,0,0,0,1,1,6,2,5,1984,1,19,7,3
2013471304148,3,9,0,10,0,1,0,0,0,0,2,1,6,2,8,1598,1,9,9,3
2013471304149,1,9,0,18,0,0,1,0,1,0,1,1,6,1,4,1396,1,12,10,1
2013471304149,2,9,0,18,0,0,1,0,1,0,3,1,6,1,10,998,1,16,6,2
2013471304150,1,9,0,9,0,8,0,0,0,0,4,1,6,1,4,1598,1,3,10,1
2013471304150,2,1,0,18,0,8,0,0,0,0,1,1,6,1,6,-1,-1,-1,3,1
2013471304152,1,9,0,18,0,0,0,0,0,0,1,1,2,1,6,1988,1,16,5,1
2013471304152,2,5,0,18,0,0,1,0,0,0,1,1,6,1,7,1340,1,15,1,1
2013471304152,3,9,0,3,0,0,0,0,0,0,2,1,6,2,5,1360,1,14,5,1
2013471304152,4,9,0,3,0,0,0,0,0,0,2,1,6,1,9,1997,2,2,6,3
2013471304152,5,19,0,3,0,0,0,0,0,0,2,1,1,1,7,2402,2,10,3,1
2013471304153,1,9,0,18,0,2,0,0,0,0,1,1,6,2,4,998,1,3,6,1
2013471304154,1,8,0,18,0,2,0,0,0,0,1,1,1,1,8,1598,1,6,3,1
2013471304156,1,11,0,18,0,0,0,0,0,4,4,1,6,1,10,-1,2,14,-1,-1
2013471304158,1,9,0,6,0,0,0,0,0,0,3,1,6,2,7,1299,1,5,3,1
2013471304158,2,9,0,18,0,0,0,0,0,0,1,1,6,1,10,4966,1,8,10,2
2013471304158,3,9,0,2,0,0,0,0,0,0,2,1,6,1,7,2295,1,12,3,1
2013471304159,1,9,0,9,0,6,0,0,0,0,1,1,6,1,7,1999,1,8,4,1
2013471304159,2,20,0,18,0,8,0,0,0,0,1,1,1,1,7,-1,-1,-1,3,1
2013471304160,1,9,0,3,0,3,0,0,0,0,1,1,6,1,9,1149,1,4,5,3
2013471304160,2,9,0,3,0,3,0,0,0,0,2,1,2,2,8,1388,1,4,9,1
2013471304164,1,1,0,18,5,2,0,4,0,0,4,1,6,2,4,-1,-1,-1,-1,-1
2013471304164,2,9,0,2,0,2,0,0,0,0,1,1,6,3,-1,1598,1,2,-1,-1
2013471304166,1,9,0,18,0,3,0,0,0,0,1,1,6,1,4,1998,1,19,4,1
2013471304166,2,9,0,7,0,3,0,0,0,0,2,1,1,1,5,1598,1,11,5,1
2013471304168,1,9,0,13,0,0,0,0,0,0,4,1,6,1,5,1998,1,8,9,1
2013471304168,2,1,0,17,0,0,0,0,1,0,3,1,6,2,7,-1,-1,-1,7,3
2013471304168,3,9,0,18,0,0,0,11,0,0,3,1,6,2,7,-1,-1,-1,7,3
2013471304172,1,9,0,4,0,0,0,0,0,0,1,1,6,1,4,1400,1,13,6,2
2013471304172,2,19,0,4,0,0,0,0,0,0,2,1,1,1,5,2198,2,1,9,1
2013471304173,1,1,0,18,0,0,0,0,0,0,1,1,6,1,5,-1,-1,-1,8,1
2013471304173,2,1,0,18,0,0,0,0,0,0,2,1,6,1,5,-1,-1,-1,7,1
2013471304173,3,9,0,18,0,0,0,0,0,0,1,1,6,1,9,2993,2,7,8,2
2013471304176,1,19,0,16,0,0,0,10,1,10,1,1,1,1,9,-1,-1,-1,9,1
2013471304177,1,9,3,13,0,0,0,0,0,0,4,1,6,3,6,-1,-1,-1,-1,-1
2013471304177,2,1,0,18,0,0,0,0,0,0,3,1,6,1,6,-1,-1,-1,7,1
2013471304177,3,9,0,18,0,0,0,0,0,0,0,1,6,2,4,998,1,-1,8,3
2013471304178,1,9,0,10,0,1,0,0,0,0,1,1,1,1,4,1991,2,7,10,1
2013471304178,2,8,0,18,0,1,0,0,0,0,1,1,1,1,8,-1,-1,-1,8,1
2013471304180,1,11,0,4,0,1,0,0,0,0,0,1,1,1,5,9000,2,4,2,1
2013471304182,1,9,0,18,0,1,0,0,0,0,4,1,6,1,10,1796,1,10,6,2
2013471304183,1,5,0,16,0,0,0,0,0,0,4,1,6,1,9,1188,1,14,7,1
2013471304185,1,9,0,18,0,1,0,0,0,0,1,1,6,1,5,-1,-1,-1,4,1
2013471304186,1,9,0,18,0,4,0,0,3,1,1,1,6,1,7,1389,1,17,6,3
2013471304187,1,9,0,5,0,1,0,0,0,0,1,1,1,1,7,-1,-1,-1,4,1
2013471304187,2,9,0,4,0,1,0,0,0,0,2,1,6,2,6,1761,1,15,4,1
2013471304191,1,9,0,9,0,6,0,0,0,0,3,1,2,1,7,1242,1,5,8,3
2013471304191,2,9,0,18,0,1,0,0,7,0,1,1,6,1,11,1461,2,3,-1,-1
2013471304192,1,9,0,4,0,0,0,0,0,0,1,1,6,2,4,1360,1,9,10,1
2013471304192,2,9,0,4,0,0,0,0,0,0,0,1,6,1,11,1364,1,3,7,3
2013471304195,1,9,0,15,0,0,0,0,0,0,3,1,6,2,11,1242,1,2,4,1
2013471304195,2,9,0,4,0,0,0,0,0,0,4,1,6,2,7,995,1,6,4,1
2013471304196,1,8,0,18,0,0,0,0,0,0,1,1,6,1,6,1299,1,8,6,3
2013471304196,2,8,0,4,0,0,0,0,0,0,2,1,6,1,5,1997,2,6,5,1
2013471304198,1,9,0,14,0,2,0,0,0,0,1,1,2,1,6,1389,1,14,5,1
2013471304198,2,3,0,18,0,1,0,0,0,0,1,1,1,1,8,124,1,12,7,1
2013471304199,1,9,0,14,0,0,0,0,0,0,1,1,6,1,9,1587,1,12,10,1
2013471304199,2,21,0,2,0,0,0,0,0,0,0,1,1,3,-1,5880,2,3,-1,-1
2013471304200,1,9,0,18,0,0,0,0,0,0,1,1,6,1,9,2496,1,11,8,1
2013471304200,2,21,0,3,0,0,0,0,0,0,3,1,6,1,7,-1,-1,-1,-1,-1
2013471304203,1,9,0,18,0,1,1,0,0,0,1,1,6,1,10,2184,2,14,8,1
2013471304203,2,9,0,18,0,1,0,0,0,0,2,1,6,2,5,1299,1,9,6,3
2013471304203,3,9,0,18,0,1,0,0,0,0,2,1,6,1,7,1796,1,11,8,3
2013471304204,1,9,0,18,0,0,0,0,0,0,1,1,6,1,6,2494,1,14,5,1
2013471304204,2,9,0,4,0,0,0,0,0,0,2,1,6,1,6,1397,1,13,3,1
2013471304204,3,9,0,3,0,0,0,0,0,0,3,1,6,2,9,1248,1,2,6,1
2013471304205,1,9,0,18,0,0,0,0,0,0,1,1,6,1,8,1240,1,4,6,1
2013471304206,1,9,0,9,0,8,0,0,0,0,3,1,1,2,7,2295,1,11,4,1
2013471304206,2,3,0,18,0,8,0,0,0,0,0,1,1,1,4,124,1,9,10,1
2013471304207,1,9,0,18,0,0,0,0,7,4,1,1,6,1,5,1495,1,10,9,1
2013471304208,1,5,0,4,0,3,0,0,0,0,2,1,1,1,8,599,1,16,7,1
2013471304208,2,9,0,4,0,3,0,0,0,0,0,1,6,2,5,1595,1,9,10,1
2013471304210,1,9,0,9,0,8,0,0,0,0,4,1,2,1,7,1988,1,10,7,1
2013471304210,2,3,0,18,0,1,1,0,0,0,4,1,2,1,4,124,1,1,9,1
2013471304210,3,9,0,10,0,1,0,0,0,0,0,1,6,2,9,1587,1,5,10,1
2013471304211,1,9,0,17,0,0,0,0,0,0,1,1,6,2,4,1598,1,10,4,1
2013471304212,1,5,0,17,0,0,0,12,7,4,1,1,2,1,9,781,1,13,7,3
2013471304213,1,9,0,18,0,0,0,0,7,3,1,1,6,2,10,1339,1,3,9,1
2013471304214,1,9,0,9,0,6,0,0,0,0,1,1,6,1,9,1598,2,1,9,2
2013471304214,2,4,0,18,0,6,0,0,0,0,1,1,6,1,5,-1,-1,-1,3,1
2013471304214,3,20,0,7,0,5,0,0,0,0,0,1,6,1,6,-1,-1,-1,4,1
2013471304216,1,9,0,18,0,0,0,0,2,4,1,1,6,2,9,1242,1,7,10,2
2013471304217,1,9,0,18,0,0,0,12,0,0,1,1,6,1,6,998,1,-1,6,3
2013471304218,1,9,0,18,0,0,1,0,0,0,1,1,6,2,5,1560,2,5,6,2
2013471304218,2,9,0,18,0,0,1,0,0,0,1,1,6,2,6,1587,1,9,10,1
2013471304218,3,9,0,18,0,0,0,0,0,0,2,1,6,1,10,1461,2,1,6,1
2013471304218,4,9,0,18,0,0,0,0,0,0,0,1,1,1,6,2993,2,-1,9,2
2013471304219,1,9,0,9,0,8,0,0,0,0,1,1,2,2,7,1390,1,-1,10,1
2013471304219,2,9,0,18,0,8,0,0,0,0,1,1,6,2,5,1149,1,7,7,3
2013471304220,1,9,0,4,0,8,0,10,0,0,1,1,6,2,10,2457,1,6,9,2
2013471304220,2,19,0,3,0,8,0,0,0,0,2,1,1,1,8,-1,-1,-1,4,1
2013471304221,1,19,0,9,0,1,0,0,0,0,1,1,1,1,6,2287,2,6,3,1
2013471304221,2,19,0,10,0,1,0,0,0,0,2,1,1,1,6,2198,2,6,1,1
2013471304223,1,8,0,5,0,1,0,0,0,0,1,1,1,1,8,-1,-1,-1,1,1
2013471304223,2,9,0,8,0,1,0,0,0,0,2,1,6,1,9,-1,-1,-1,-1,-1
2013471304224,1,9,0,4,0,1,0,0,0,0,1,1,6,1,7,-1,-1,-1,6,3
2013471304224,2,9,0,4,0,1,0,0,0,0,2,1,6,1,10,2987,2,6,5,1
2013471304225,1,9,0,9,0,4,0,0,0,0,1,1,6,2,9,1493,2,5,2,1
2013471304225,2,1,0,18,0,3,0,0,0,0,1,1,6,2,7,-1,-1,-1,3,1
2013471304227,1,9,0,18,0,0,0,0,0,0,1,1,6,1,10,1731,1,16,6,1
2013471304227,2,9,0,2,0,0,0,0,0,0,2,1,6,3,-1,1399,2,1,-1,-1
2013471304227,3,9,0,2,0,0,0,0,0,0,1,1,6,3,-1,1910,2,8,-1,-1
2013471304228,1,1,0,14,0,8,0,0,0,0,4,1,2,1,8,-1,-1,-1,3,1
2013471304228,2,9,0,9,0,8,0,0,0,0,1,1,6,2,10,1796,1,13,5,1
2013471304229,1,11,0,5,2,1,0,0,0,0,1,1,6,1,8,-1,-1,-1,3,1
2013471304230,1,9,0,9,0,8,0,0,4,0,4,1,6,1,10,998,1,11,5,1
2013471304230,2,9,0,18,0,8,0,0,1,0,0,1,6,2,9,1248,1,3,3,1
2013471304230,3,9,0,18,0,1,0,0,0,0,0,1,6,1,6,-1,-1,-1,-1,-1
2013471304231,1,9,0,18,0,1,0,0,0,0,3,1,6,1,7,1200,1,-1,10,1
2013471304232,1,9,0,18,0,1,0,0,0,0,1,1,6,3,-1,-1,-1,-1,-1,-1
2013471304232,2,1,0,18,0,2,0,0,0,0,2,1,6,1,7,-1,-1,-1,6,1
2013471304233,1,9,0,16,0,0,2,0,7,3,4,1,6,2,5,1360,1,12,6,3
2013471304234,1,9,4,18,0,0,5,0,0,0,4,1,1,1,6,-1,-1,-1,4,1
2013471304235,1,4,0,18,0,1,1,0,0,0,2,1,6,2,5,124,1,11,-1,-1
2013471304235,2,9,0,3,0,1,0,0,0,0,2,1,1,2,5,1149,1,4,8,1
2013471304235,3,9,0,9,0,1,0,0,0,0,0,1,6,2,9,999,1,-1,8,1
2013471304237,1,9,0,16,0,0,0,0,0,0,1,1,6,2,6,2398,1,15,2,1
2013471304237,2,9,0,18,0,0,0,0,0,0,1,1,6,1,4,1199,1,13,3,1
2013471304238,1,9,0,18,0,0,0,0,0,0,1,1,2,1,8,1598,2,3,8,3
2013471304238,2,9,0,4,0,0,0,0,0,0,2,1,2,1,6,2993,2,7,4,1
2013471304239,1,9,0,18,0,8,0,0,0,0,3,1,6,1,7,996,1,2,3,1
2013471304239,2,11,0,18,0,8,0,0,0,0,1,1,6,1,8,6870,2,12,10,1
2013471304241,1,9,0,18,0,2,5,0,8,1,1,1,6,1,11,1328,1,7,8,3
2013471304242,1,9,0,5,0,4,0,0,0,0,1,1,6,2,8,-1,3,3,6,1
2013471304242,2,1,0,18,0,3,0,0,0,0,4,1,6,1,6,-1,-1,-1,4,1
2013471304244,1,8,0,18,0,1,0,0,0,0,1,1,1,1,7,1997,2,-1,4,1
2013471304244,2,1,0,18,0,1,0,0,0,0,3,1,2,1,7,-1,-1,-1,4,1
2013471304245,1,9,0,4,0,1,0,0,0,0,1,1,6,1,6,1999,2,6,5,1
2013471304245,2,5,0,4,0,1,0,0,0,0,2,1,6,1,8,656,1,7,5,2
2013471304248,1,3,0,18,0,8,0,0,0,0,1,1,6,1,4,125,1,4,5,1
2013471304248,2,9,0,9,0,5,0,0,0,0,3,1,6,2,9,1240,1,3,7,1
2013471304253,1,11,0,5,0,2,0,0,0,0,4,1,6,1,9,9600,2,13,10,1
2013471304260,1,19,0,18,0,0,0,0,0,0,1,1,6,1,9,1868,2,9,9,1
2013471304261,1,9,0,18,0,8,0,0,0,0,1,1,6,2,8,1124,1,13,10,1
2013471304261,2,9,0,3,0,8,0,0,0,0,2,1,2,1,8,1560,2,-1,10,1
2013471304263,1,9,0,14,0,0,0,0,0,0,4,1,2,2,8,1240,1,10,6,1
2013471304263,2,1,0,14,0,0,0,0,0,0,1,1,2,1,7,-1,-1,-1,7,1
2013471304263,3,11,0,2,0,0,0,0,0,0,3,1,1,1,7,9360,2,1,4,1
2013471304263,4,9,0,5,9,0,0,0,0,0,0,1,6,1,8,1834,1,12,8,1
2013471304264,1,9,0,18,0,4,0,0,0,0,1,1,6,2,7,1995,1,2,8,1
2013471304264,2,9,0,4,0,4,0,0,0,0,2,1,6,2,6,1396,2,4,6,1
2013471304265,1,9,0,9,0,8,0,0,0,0,1,1,6,1,8,1598,1,12,8,2
2013471304265,2,9,0,18,0,8,1,0,0,0,4,1,6,2,7,1390,1,9,7,3
2013471304266,1,9,0,9,0,8,0,0,0,0,3,1,6,2,6,-1,-1,-1,2,1
2013471304266,2,9,0,18,0,8,1,0,2,2,4,1,6,1,9,1560,2,-1,3,1
2013471304267,1,8,0,17,0,0,0,0,1,0,1,1,6,1,9,1995,1,11,9,1
2013471304268,1,9,0,17,0,0,2,0,0,0,1,1,2,2,4,1248,2,4,9,1
2013471304269,1,9,0,8,0,1,0,0,0,0,3,1,6,1,11,1910,2,6,9,3
2013471304269,2,11,0,18,0,1,0,0,0,0,4,1,1,1,7,4500,2,4,4,1
2013471304272,1,9,0,18,0,1,0,0,7,10,0,1,6,2,5,698,1,10,7,1
2013471304272,2,9,0,2,0,1,0,0,0,0,2,1,6,3,-1,1984,2,1,-1,-1
2013471304273,1,9,0,18,0,1,0,0,0,0,1,1,6,2,5,1598,1,15,8,1
2013471304273,2,9,0,18,0,1,0,0,0,0,3,1,6,2,5,1242,1,3,6,1
2013471304276,1,9,0,18,0,6,0,0,0,0,3,1,6,1,6,1769,1,13,4,1
2013471304276,2,9,0,18,0,1,0,0,0,0,1,1,2,2,6,1598,2,2,5,1
2013471304277,1,9,0,18,0,4,0,0,0,0,1,1,6,1,7,1560,2,2,10,1
2013471304277,2,9,0,3,0,4,0,0,0,0,2,1,6,1,7,1598,1,8,10,1
2013471304279,1,9,0,18,0,0,0,0,0,0,0,1,6,1,7,-1,-1,-1,4,1
2013471304279,2,9,0,18,0,0,0,0,0,0,0,1,6,1,8,1995,2,10,6,3
2013471304280,1,9,0,9,0,8,0,0,0,0,4,1,2,1,9,2148,2,9,6,1
2013471304280,2,1,0,18,0,1,0,0,0,0,1,1,2,1,6,-1,-1,-1,4,1
2013471304280,3,9,0,10,0,1,0,0,0,0,3,1,6,1,8,1995,2,6,7,1
2013471304282,1,9,0,9,0,6,0,0,0,0,3,1,6,2,9,1368,1,2,6,1
2013471304282,2,9,0,18,0,1,0,0,0,0,1,1,6,2,5,1360,1,12,8,1
2013471304285,1,11,0,2,0,2,0,0,0,0,0,1,1,1,7,-1,-1,-1,1,1
2013471304287,1,8,0,18,0,0,0,0,0,0,1,1,6,1,4,-1,-1,-1,3,1
2013471304287,2,19,0,7,0,0,0,0,0,0,2,1,1,1,7,1248,2,7,9,1
2013471304289,1,9,0,9,0,8,0,0,0,0,4,1,2,1,5,1149,1,6,6,1
2013471304289,2,1,0,18,0,1,0,0,0,0,1,1,6,1,7,-1,-1,-1,3,3
2013471304290,1,19,0,18,0,1,0,0,0,0,1,1,6,1,6,2461,2,6,5,1
2013471304291,1,9,0,14,0,0,0,0,1,0,1,1,6,2,4,-1,-1,-1,-1,-1
2013471304291,2,21,1,2,9,0,0,0,0,0,2,1,1,1,9,10837,2,2,4,3
2013471304291,3,9,0,18,0,0,0,0,0,0,1,1,6,1,11,1985,1,13,6,2
2013471304295,1,1,0,9,5,1,0,0,0,0,1,1,6,1,11,-1,-1,-1,6,1
2013471304295,2,9,0,7,0,3,0,0,0,0,3,1,2,1,4,998,1,12,9,1
2013471304296,1,5,0,18,0,8,0,0,0,0,1,1,6,2,7,599,1,5,3,1
2013471304296,2,9,0,18,0,8,0,0,0,0,2,1,6,1,7,-1,-1,-1,9,1
2013471304298,1,9,0,18,0,0,0,0,0,0,1,1,2,1,7,2495,2,22,2,1
2013471304298,2,9,0,18,0,0,0,0,1,0,1,1,6,1,6,1149,1,6,9,3
2013471304299,1,11,0,18,0,3,0,0,0,0,3,1,1,1,10,11000,2,9,8,1
2013471304301,1,8,0,18,0,1,0,0,1,0,1,1,1,1,6,1598,1,14,3,1
2013471304302,1,9,0,16,0,0,1,10,7,2,1,1,6,1,5,-1,-1,-1,10,1
2013471304306,1,21,1,13,0,0,0,0,0,0,4,1,1,1,8,12900,2,4,2,1
2013471304306,2,1,0,18,0,0,0,0,1,0,3,1,6,1,7,-1,-1,-1,7,1
2013471304307,1,9,0,9,0,6,0,0,0,0,3,1,6,1,8,1595,1,14,8,1
2013471304307,2,3,0,18,0,1,1,0,0,0,1,1,6,1,4,124,1,11,6,1
2013471304309,1,5,0,18,0,4,1,0,0,0,1,1,6,1,4,599,1,5,10,1
2013471304309,2,9,0,9,0,4,0,0,0,0,3,1,6,2,8,1588,1,9,8,3
2013471304310,1,9,0,16,0,0,1,10,0,7,3,1,6,1,7,1598,1,3,8,2
2013471304312,1,9,0,7,0,1,0,0,0,0,0,1,6,1,5,-1,-1,-1,-1,-1
2013471304312,2,11,0,18,0,1,0,0,0,0,0,1,1,1,6,9000,2,6,7,1
2013471304313,1,5,0,11,0,4,0,0,0,0,4,1,6,1,10,-1,-1,-1,-1,-1
2013471304313,2,9,0,18,0,4,0,0,0,0,3,1,6,1,5,-1,-1,-1,5,1
2013471304314,1,9,0,17,0,0,0,0,1,10,1,1,6,2,6,1905,2,17,4,1
2013471304314,2,9,0,2,6,0,0,0,0,0,4,1,6,3,-1,1598,1,13,-1,-1
2013471304315,1,5,0,18,0,1,0,10,0,0,1,1,6,1,6,599,1,12,8,1
2013471304316,1,5,0,18,0,0,1,0,0,0,1,1,6,1,9,1188,1,17,3,1
2013471304316,2,9,0,18,0,0,0,0,0,0,2,1,6,2,6,1560,2,6,3,1