Accident_Index,Vehicle_Reference,Vehicle_Type,Towing_and_Articulation,Vehicle_Manoeuvre,Vehicle_Location-Restricted_Lane,Junction_Location,Skidding_and_Overturning,Hit_Object_in_Carriageway,Vehicle_Leaving_Carriageway,Hit_Object_off_Carriageway,1st_Point_of_Impact,Was_Vehicle_Left_Hand_Drive?,Journey_Purpose_of_Driver,Sex_of_Driver,Age_Band_of_Driver,Engine_Capacity_(CC),Propulsion_Code,Age_of_Vehicle,Driver_IMD_Decile,Driver_Home_Area_Type
2013471305101,2,9,0,4,0,4,0,0,0,0,2,1,6,2,7,1390,1,10,6,1
2013471305101,3,9,0,4,0,4,0,0,0,0,2,1,6,1,6,-1,-1,-1,2,1
2013471305102,1,9,0,17,0,0,0,0,1,4,1,1,6,1,5,1587,1,14,4,2
2013471305106,1,5,0,18,0,2,1,0,0,0,1,1,6,1,6,998,1,11,5,1
2013471305109,1,9,0,6,0,0,0,0,0,0,3,1,1,1,5,1299,1,13,-1,-1
2013471305109,2,2,0,18,0,0,1,0,0,0,1,1,1,1,5,125,1,1,1,1
2013471305110,1,1,0,18,0,2,0,4,0,0,1,1,2,1,6,-1,-1,-1,3,1
2013471305110,2,9,0,2,0,2,0,0,0,0,1,1,6,3,-1,1988,2,8,-1,-1
2013471305111,1,1,0,15,0,1,0,0,0,0,4,1,6,1,6,-1,-1,-1,2,1
2013471305111,2,9,0,18,0,2,0,0,0,0,4,1,6,1,6,1124,1,17,6,1
2013471305113,1,9,0,4,0,0,0,0,0,0,1,1,6,1,6,1390,1,13,1,1
2013471305113,2,9,0,4,0,0,0,0,0,0,2,1,6,1,7,2000,1,8,4,1
2013471305113,3,9,0,4,0,0,0,0,0,0,0,1,6,3,-1,-1,-1,-1,-1,-1
2013471305115,1,9,0,9,0,8,0,0,7,1,4,1,6,1,11,1598,1,10,5,1
2013471305115,2,9,0,18,0,8,1,0,0,0,1,1,6,1,6,1590,1,9,6,1
2013471305117,1,9,0,9,0,6,0,0,0,0,1,1,6,1,8,1242,1,4,8,2
2013471305117,2,9,0,18,0,1,0,0,0,0,4,1,6,2,8,1364,1,5,9,1
2013471305118,1,9,0,18,0,0,0,12,2,4,1,1,6,2,8,1997,2,10,5,3
2013471305120,1,5,0,17,0,8,1,0,0,0,1,1,6,1,8,916,1,18,7,1
2013471305120,2,9,0,7,0,8,0,0,0,0,4,1,6,1,9,2261,1,8,4,1
2013471305121,1,9,0,5,0,6,0,0,0,0,1,1,6,2,7,1560,2,3,10,1
2013471305121,2,5,0,18,0,8,0,0,0,0,1,1,6,1,5,599,1,18,9,1
2013471305122,1,9,0,18,0,0,0,0,0,0,1,1,6,2,5,1242,1,14,6,1
2013471305122,2,9,0,2,0,0,0,0,0,0,2,1,6,3,-1,1968,2,5,-1,-1
2013471305123,1,9,0,9,0,6,0,0,0,0,1,1,6,1,10,1242,1,11,8,3
2013471305123,2,9,0,18,0,1,0,0,0,0,4,1,2,2,9,1998,1,8,7,2
2013471305127,1,19,0,9,0,8,0,0,0,0,1,1,6,1,6,1248,2,9,9,1
2013471305127,2,9,0,18,0,8,0,0,0,0,4,1,6,2,5,1242,1,2,9,1
2013471305128,1,21,0,9,0,7,0,0,0,0,1,1,1,1,9,7790,2,5,6,1
2013471305128,2,9,0,13,0,6,0,0,0,0,4,1,6,1,9,1149,1,11,5,1
2013471305131,1,9,0,18,0,1,0,0,0,0,1,1,6,1,6,1689,2,11,6,1
2013471305131,2,9,0,18,0,1,0,0,0,0,2,1,2,1,9,1596,1,11,7,1
2013471305131,3,9,0,9,0,6,0,0,0,0,0,1,6,3,-1,-1,-1,-1,-1,-1
2013471305133,1,4,0,13,0,1,0,0,0,0,2,1,2,1,6,-1,-1,-1,2,1
2013471305133,2,9,0,9,0,2,0,0,0,0,1,1,2,2,7,1242,1,14,5,1
2013471305135,1,9,0,18,0,0,1,0,1,0,1,1,6,1,6,1796,1,7,5,1
2013471305135,2,9,0,18,0,0,0,0,0,0,3,1,6,1,8,1798,1,4,8,3
2013471305136,1,11,0,18,0,0,0,0,0,0,1,1,1,1,9,6700,2,5,2,1
2013471305143,1,9,0,9,0,6,0,0,0,0,1,1,6,1,5,1598,1,9,4,1
2013471305143,2,9,0,18,0,1,0,0,0,0,1,1,6,1,8,4701,1,9,5,1
2013471305144,1,1,0,18,4,1,0,0,0,0,3,1,6,1,5,-1,-1,-1,-1,-1
2013471305144,2,1,0,13,4,1,0,0,0,0,4,1,6,1,4,-1,-1,-1,1,1
2013471305145,1,9,0,12,0,3,0,0,0,0,0,2,6,1,7,-1,-1,-1,-1,-1
2013471305145,2,5,0,18,0,3,1,0,7,0,0,1,6,1,8,599,1,3,6,1
2013471305146,1,8,0,9,0,5,0,0,0,0,4,1,1,1,8,1896,2,4,1,1
2013471305146,2,1,0,18,0,1,0,0,0,0,1,1,6,1,4,-1,-1,-1,4,1
2013471305148,1,9,0,9,0,8,5,7,0,0,1,1,1,2,7,999,1,16,9,3
2013471305150,1,9,0,18,0,0,0,0,7,4,1,1,6,1,4,1598,1,18,6,3
2013471305152,1,9,0,18,0,1,0,0,0,0,3,1,6,2,7,2490,2,14,9,3
2013471305152,2,2,0,18,0,1,0,0,0,0,4,1,6,1,4,124,1,4,6,1
2013471305153,1,9,0,16,0,0,0,7,0,0,1,1,6,2,6,2231,2,5,1,1
2013471305153,2,9,0,17,0,0,0,0,1,0,1,1,2,1,8,1499,1,15,2,1
2013471305153,3,9,0,17,0,0,0,0,1,0,1,1,6,2,8,1997,2,11,8,1
2013471305154,1,9,0,9,0,6,0,0,0,0,1,1,6,2,8,1242,1,10,7,1
2013471305154,2,3,0,13,0,1,0,0,0,0,4,1,6,1,4,124,1,6,3,1
2013471305155,1,9,0,4,0,1,0,0,0,0,4,1,3,2,5,1997,2,7,3,1
2013471305155,2,1,0,4,0,1,0,0,0,0,0,1,4,2,2,-1,-1,-1,7,1
2013471305156,1,9,0,18,0,0,0,0,0,0,0,1,6,3,-1,-1,-1,-1,-1,-1
2013471305156,2,9,0,18,0,0,0,0,0,0,1,1,6,2,9,1399,2,5,10,1
2013471305156,3,9,0,18,0,0,0,0,0,0,2,1,1,2,6,1598,2,-1,9,3
2013471305157,1,8,0,2,0,0,0,0,0,0,0,1,1,1,6,1996,2,3,6,1
2013471305157,2,9,0,2,0,0,0,0,0,0,0,1,6,3,-1,1796,1,11,-1,-1
2013471305158,1,19,0,7,4,8,0,0,0,0,4,1,1,1,8,1461,2,7,3,1
2013471305158,2,1,0,18,4,8,0,0,0,0,1,1,6,1,5,-1,-1,-1,-1,-1
2013471305159,1,9,0,9,0,6,0,0,0,0,1,1,6,2,7,1386,1,6,8,1
2013471305159,2,2,0,14,0,8,0,0,0,0,1,1,2,1,4,49,1,6,5,1
2013471305160,1,9,0,9,0,6,0,0,0,0,3,1,6,2,5,999,1,-1,5,1
2013471305160,2,9,0,18,0,1,0,0,0,0,1,1,6,1,9,-1,-1,-1,6,1
2013471305161,1,3,0,18,0,8,0,0,0,0,4,1,6,1,6,124,1,13,7,1
2013471305161,2,9,0,10,0,8,0,0,0,0,3,1,6,1,4,1199,1,9,9,2
2013471305164,1,9,0,5,0,4,0,0,0,0,1,1,6,2,6,1984,1,12,-1,-1
2013471305164,2,1,0,18,0,8,0,0,0,0,0,1,6,2,8,-1,-1,-1,3,1
2013471305167,1,5,0,13,0,0,0,7,0,1,1,1,6,1,8,955,1,14,9,1
2013471305167,2,9,0,13,0,0,0,0,0,0,3,1,6,1,8,1596,1,1,5,1
2013471305168,1,9,0,18,0,1,0,0,0,0,1,1,6,1,6,-1,-1,-1,6,3
2013471305168,2,9,0,3,0,1,0,0,0,0,2,1,6,1,9,2148,2,5,6,3
2013471305168,3,9,0,3,0,1,0,0,0,0,2,1,6,1,8,1364,1,2,9,1
2013471305169,1,9,0,18,0,4,0,0,0,0,1,1,6,2,4,-1,-1,-1,5,1
2013471305169,2,9,0,18,0,4,0,0,0,0,2,1,6,3,6,-1,-1,-1,-1,-1
2013471305170,1,9,0,9,0,0,0,0,0,0,1,1,6,2,9,2494,1,11,4,2
2013471305170,2,5,0,18,0,0,0,0,0,0,1,1,6,1,9,798,1,-1,4,2
2013471305172,1,19,0,18,0,2,0,0,0,0,0,1,6,1,6,2151,2,12,-1,-1
2013471305172,2,1,0,18,0,2,0,0,0,0,0,1,1,1,6,-1,-1,-1,10,1
2013471305173,1,9,0,9,0,8,0,0,0,0,1,1,6,3,-1,-1,-1,-1,-1,-1
2013471305173,2,1,0,12,0,8,0,0,0,0,2,1,6,1,5,-1,-1,-1,1,1
2013471305176,1,9,0,18,0,0,0,0,0,0,4,1,6,3,-1,-1,-1,-1,-1,-1
2013471305179,1,9,0,16,0,0,0,0,0,0,3,1,6,1,6,1990,1,19,4,1
2013471305179,2,9,0,17,0,0,0,0,1,0,3,1,6,1,7,1905,2,15,3,2
2013471305179,3,9,0,17,0,0,0,0,1,0,3,1,1,1,7,1896,2,7,10,1
2013471305183,1,19,0,9,0,6,0,0,0,0,3,1,1,1,6,1753,2,6,3,1
2013471305183,2,1,0,18,0,1,0,0,0,0,1,1,6,1,6,-1,-1,-1,5,1
2013471305186,1,9,0,16,0,0,0,0,0,0,3,1,6,3,11,-1,-1,-1,-1,-1
2013471305186,2,9,0,17,0,0,0,0,0,0,3,1,6,2,5,1199,1,9,3,1
2013471305187,1,9,0,18,0,0,0,0,0,0,3,1,6,1,10,1968,2,3,9,2
2013471305188,1,9,0,3,0,1,0,0,0,0,1,1,6,2,11,1796,1,17,10,1
2013471305190,1,19,0,18,0,0,0,4,0,0,4,1,1,2,10,1896,2,15,9,2
2013471305190,2,9,0,2,0,0,0,0,0,0,2,1,6,2,7,1396,1,10,6,2
2013471305191,1,1,0,18,0,1,0,0,0,0,1,1,6,1,6,-1,-1,-1,6,1
2013471305191,2,9,0,5,0,1,0,0,0,0,4,1,6,2,6,1398,1,6,8,1
2013471305194,1,8,0,18,0,2,0,0,0,0,4,1,6,3,-1,-1,-1,-1,-1,-1
2013471305194,2,1,0,18,0,2,0,4,0,0,4,1,6,1,4,-1,-1,-1,2,1
2013471305196,1,9,0,18,0,8,0,0,0,0,3,1,6,2,7,1598,1,7,6,1
2013471305196,2,1,0,9,0,8,0,0,0,0,2,1,6,1,7,-1,-1,-1,3,1
2013471305198,1,11,0,4,0,0,0,0,0,0,0,1,1,1,8,9360,2,1,1,1
2013471305198,2,1,0,4,0,0,0,0,0,0,0,1,6,1,6,-1,-1,-1,-1,-1
2013471305199,1,9,0,17,0,0,0,0,8,10,3,1,6,1,6,1598,1,13,1,1
2013471305201,1,9,0,18,0,4,0,0,0,0,1,1,1,1,9,1968,2,5,5,3
2013471305201,2,1,0,18,0,8,0,0,0,0,4,1,2,1,8,-1,-1,-1,3,1
2013471305202,1,9,0,9,0,8,0,0,0,0,3,1,2,1,9,2496,1,8,6,3
2013471305202,2,5,0,18,0,8,1,0,0,0,1,1,2,1,8,675,1,5,3,1
2013471305208,1,9,0,18,0,1,0,0,0,0,1,1,3,1,9,998,1,15,-1,-1
2013471305208,2,9,0,3,0,1,0,0,0,0,2,1,3,2,8,2184,2,6,6,1
2013471305209,1,9,0,18,0,1,0,0,0,0,1,1,1,2,6,1399,2,2,9,1
2013471305209,2,9,0,3,0,1,0,0,0,0,2,1,2,2,8,1995,2,2,10,1
2013471305209,3,9,0,18,0,1,0,0,0,0,1,1,6,1,8,1591,1,-1,10,1
2013471305209,4,9,0,3,0,1,0,0,0,0,2,1,6,2,10,998,1,3,7,1
2013471305209,5,9,0,18,0,1,0,0,0,0,1,1,6,1,6,2497,1,6,7,1
2013471305210,1,9,0,9,0,0,0,0,0,0,1,1,6,1,8,1368,1,2,6,3
2013471305210,2,9,0,18,0,0,0,0,0,0,1,1,6,1,10,1598,2,3,4,2
2013471305211,1,9,0,18,0,0,0,0,2,4,1,1,2,1,4,1229,1,7,9,2
2013471305216,1,21,0,18,0,0,0,0,0,0,1,2,1,1,7,-1,-1,-1,8,1
2013471305217,1,9,0,18,0,0,1,7,1,0,1,1,6,2,10,1794,1,9,6,2
2013471305217,2,9,0,2,6,0,0,0,0,0,2,1,6,3,-1,-1,-1,-1,-1,-1
2013471305218,1,9,0,18,0,0,0,0,0,0,1,1,2,1,8,-1,-1,-1,6,1
2013471305222,1,9,0,18,0,8,0,0,0,0,1,1,6,2,5,1360,1,8,4,1
2013471305222,2,9,0,18,0,8,0,0,0,0,1,1,6,2,7,1497,8,8,5,1
2013471305224,1,9,0,6,0,8,0,0,0,0,4,1,1,1,7,1997,2,1,1,1
2013471305224,2,5,0,18,0,8,1,0,0,0,1,1,6,1,4,499,1,16,4,1
2013471305225,1,9,0,9,0,8,0,0,0,0,1,1,2,2,10,1299,1,8,5,1
2013471305225,2,1,0,18,0,8,0,0,0,0,1,1,2,1,7,-1,-1,-1,3,1
2013471305229,1,9,0,18,0,0,0,0,0,0,4,1,6,2,8,2987,2,3,3,1
2013471305230,1,1,0,18,0,0,0,0,0,0,4,1,6,1,5,-1,-1,-1,7,3
2013471305230,2,9,0,18,0,0,0,0,0,0,1,1,6,2,6,1598,1,17,3,1
2013471305231,1,5,0,17,0,0,0,10,1,11,4,1,1,1,7,599,1,9,2,1
2013471305234,1,19,0,18,0,1,1,0,0,0,1,1,6,1,6,1998,2,12,1,1
2013471305234,2,9,0,7,0,8,0,0,0,0,1,1,1,1,6,1360,1,10,1,1
2013471305234,3,9,0,2,0,2,0,0,0,0,3,1,6,3,-1,3226,2,12,-1,-1
2013471305235,1,9,0,18,0,5,0,0,0,0,1,1,6,1,9,1968,2,8,3,1
2013471305235,2,9,0,18,0,8,0,0,0,0,1,1,6,1,7,1124,1,5,1,1
2013471305236,1,9,0,18,0,0,0,0,0,0,3,1,6,2,7,1968,2,5,1,1
2013471305237,1,9,0,16,0,0,0,0,7,10,1,1,6,2,7,2500,1,17,3,3
2013471305237,2,19,0,17,0,0,2,0,2,11,1,1,1,1,6,2151,2,11,6,1
2013471305238,1,9,0,18,0,0,0,4,0,0,1,1,6,2,8,1598,1,2,3,1
2013471305238,2,19,0,2,0,0,0,0,0,0,2,1,6,3,-1,2500,2,7,-1,-1
2013471305238,3,9,0,2,0,0,0,0,0,0,2,1,6,3,-1,2521,1,7,-1,-1
2013471305238,4,9,0,2,0,0,0,0,0,0,1,1,6,3,-1,1229,1,9,-1,-1
2013471305238,5,9,0,2,0,0,0,0,0,0,2,1,6,3,-1,1975,1,4,-1,-1
2013471305240,1,9,0,18,0,0,0,0,7,4,4,1,6,1,4,1229,1,8,9,3
2013471305244,1,9,0,18,0,8,0,0,0,0,4,1,6,1,8,1149,1,1,1,1
2013471305244,2,1,0,18,0,8,0,0,0,0,1,1,6,1,7,-1,-1,-1,6,1
2013471305246,1,9,0,18,0,8,0,0,0,0,3,1,6,1,5,-1,-1,-1,2,1
2013471305246,2,1,0,18,0,8,0,0,0,0,2,1,6,1,10,-1,-1,-1,3,1
2013471305247,1,9,0,17,0,0,0,0,1,9,1,1,1,1,9,2231,2,1,5,1
2013471305248,1,9,0,4,0,1,0,0,0,0,1,1,6,1,5,2000,1,7,9,3
2013471305249,1,9,0,18,0,6,0,0,0,0,1,1,6,1,4,-1,-1,-1,-1,-1
2013471305249,2,9,0,4,6,1,0,4,1,0,4,1,6,1,4,998,1,11,7,1
2013471305249,3,9,0,2,9,2,0,0,1,10,3,2,6,1,5,-1,-1,-1,5,1
2013471305253,1,5,0,18,0,0,0,0,0,0,1,1,6,1,6,675,1,1,7,3
2013471305253,2,9,0,10,0,0,0,0,0,0,2,1,6,1,8,2497,1,9,6,1
2013471305254,1,9,0,18,0,3,0,0,0,0,4,1,6,1,5,1560,2,1,10,1
2013471305254,2,9,0,18,0,4,0,0,0,0,3,1,6,1,6,2204,2,5,9,1
2013471305255,1,9,0,5,0,2,0,0,0,0,1,1,6,1,10,1995,1,10,3,1
2013471305255,2,1,0,18,0,8,0,0,0,0,1,1,6,1,8,-1,-1,-1,1,1
2013471305259,1,5,0,16,0,0,1,0,0,0,1,1,6,1,5,998,1,11,4,1
2013471305259,2,9,0,17,0,0,0,0,1,0,1,1,6,1,10,2401,2,9,8,3
2013471305261,1,9,0,18,0,1,0,10,7,0,1,1,6,1,7,1999,1,7,10,1
2013471305261,2,9,0,18,0,8,5,0,0,0,4,1,6,2,8,1598,1,7,10,1
2013471305262,1,2,0,18,0,1,0,0,0,0,1,1,6,1,4,49,1,7,4,1
2013471305262,2,2,0,7,0,1,0,0,0,0,3,1,6,1,4,49,1,6,3,1
2013471305263,1,5,0,18,0,8,0,4,7,11,1,1,6,1,6,-1,-1,-1,3,1
2013471305263,2,9,0,9,0,6,0,0,0,0,1,1,6,2,6,1968,2,4,4,1
2013471305263,3,9,0,2,0,8,0,0,0,0,1,1,6,3,-1,1796,1,14,-1,-1
2013471305263,4,9,0,2,0,1,0,0,0,0,1,1,6,3,-1,1896,2,13,-1,-1
2013471305265,1,1,0,18,0,8,0,0,0,0,1,1,1,1,7,-1,-1,-1,2,1
2013471305265,2,9,0,9,0,8,0,0,0,0,1,1,1,1,8,1396,1,13,5,1
2013471305266,1,9,0,18,0,0,0,0,0,0,1,1,1,1,8,2400,2,-1,4,2
2013471305266,2,9,0,16,0,0,0,0,0,0,1,1,6,2,7,1461,2,5,7,3
2013471305267,1,8,0,9,0,1,0,0,0,0,0,1,1,1,8,1997,2,6,5,1
2013471305269,1,9,0,7,0,6,0,0,0,0,1,1,6,2,4,-1,-1,-1,8,1
2013471305269,2,9,0,3,0,2,0,0,0,0,2,1,2,2,6,1360,1,4,9,1
2013471305269,3,9,0,3,0,2,0,0,0,0,2,1,2,2,8,1995,2,7,6,1
2013471305270,1,9,0,16,0,0,2,0,1,10,1,1,2,1,6,1108,1,12,4,1
2013471305273,1,9,4,9,0,8,0,0,0,0,1,1,6,1,9,1796,1,2,3,1
2013471305273,2,1,0,9,0,8,0,0,0,0,1,1,6,1,6,-1,-1,-1,6,1
2013471305274,1,9,0,9,0,5,0,0,0,0,0,1,1,2,8,1199,1,14,6,1
2013471305274,2,1,0,18,0,1,0,0,0,0,0,1,6,1,7,-1,-1,-1,8,3
2013471305277,1,9,0,18,0,0,0,0,0,0,4,1,6,1,9,1596,1,5,9,1
2013471305278,1,9,0,9,0,8,0,0,0,0,3,1,2,2,8,1198,1,1,8,3
2013471305278,2,5,0,18,0,8,0,0,0,0,2,1,6,2,7,1079,1,-1,6,3
2013471305279,1,9,0,18,0,2,0,0,0,0,1,1,6,3,10,1997,1,6,5,1
2013471305280,1,9,0,18,0,0,1,0,7,10,4,1,6,1,6,1798,1,6,7,1
2013471305280,2,9,0,18,0,0,0,0,0,0,1,1,6,1,9,1998,2,8,5,2
2013471305281,1,9,0,9,0,8,0,0,0,0,1,1,1,1,9,1986,2,3,6,1
2013471305281,2,9,0,18,0,8,0,0,0,0,1,1,6,1,9,1560,2,5,8,3
2013471305282,1,9,0,18,0,0,0,0,0,0,1,1,6,2,6,1149,1,9,10,1
2013471305285,1,9,0,16,0,0,0,0,0,0,1,1,6,1,5,1390,1,13,3,1
2013471305285,2,9,0,4,0,0,0,0,0,0,2,1,6,1,9,1596,1,-1,4,1
2013471305285,3,16,0,18,0,0,0,0,0,0,0,1,6,2,6,-1,-1,-1,-1,-1
2013471305285,4,16,0,18,0,0,0,0,0,0,0,1,6,1,6,-1,-1,-1,-1,-1
2013471305287,1,9,0,18,0,8,0,0,0,0,1,1,2,1,6,2979,1,10,1,1
2013471305287,2,9,0,10,0,8,0,0,0,0,2,1,6,1,5,1598,1,10,3,1
2013471305288,1,9,0,18,0,1,0,0,0,0,0,1,6,3,-1,-1,-1,-1,-1,-1
2013471305288,2,1,0,18,0,1,0,0,1,0,0,1,6,1,8,-1,-1,-1,4,1
2013471305290,1,1,0,18,0,8,0,0,0,0,4,1,6,1,7,-1,-1,-1,7,1
2013471305290,2,9,0,18,0,8,0,0,0,0,1,1,6,1,5,1242,1,11,4,1
2013471305292,1,9,0,18,0,8,0,0,0,0,0,1,6,2,9,1910,2,6,5,1
2013471305294,1,9,0,18,0,0,0,0,0,0,4,1,6,1,11,1389,1,8,5,1
2013471305294,2,19,0,2,0,0,0,0,0,0,0,1,6,1,9,2198,2,1,3,1
2013471305295,1,9,0,7,0,8,0,0,0,0,3,1,6,2,9,1124,1,8,7,1
2013471305295,2,1,0,18,0,8,0,0,0,0,1,1,6,2,9,-1,-1,-1,7,1
2013471305296,1,9,0,1,0,0,0,0,0,0,2,1,6,2,6,1783,1,10,7,1
2013471305297,1,11,0,5,0,1,0,0,0,0,0,1,1,1,8,9000,2,2,3,2
2013471305297,2,8,0,2,0,1,0,0,0,0,0,1,1,1,6,1497,8,7,-1,-1
2013471305303,1,3,0,5,0,4,0,0,0,0,3,1,6,1,8,124,1,-1,5,2
2013471305303,2,9,0,18,0,8,0,0,0,0,1,1,6,1,10,2401,2,7,4,1
2013471305304,1,3,0,17,0,0,1,0,1,0,0,1,6,1,4,124,1,6,8,3
2013471305305,1,9,0,18,0,0,0,0,4,1,1,1,6,1,5,1298,1,14,10,2
2013471305306,1,9,0,18,0,2,0,0,0,0,3,1,6,2,9,2435,1,8,10,3
2013471305306,2,3,0,18,0,2,0,0,0,0,1,1,6,1,6,125,1,12,10,1
2013471305307,1,9,0,18,0,4,0,0,0,0,1,1,6,1,11,1149,1,4,9,3
2013471305307,2,9,0,9,0,8,0,0,0,0,4,1,1,1,6,1242,1,7,6,1
2013471305310,1,9,0,18,0,1,0,0,0,0,1,1,4,1,4,1124,1,7,8,3
2013471305311,1,9,0,18,0,0,0,0,0,0,4,1,6,2,9,998,1,-1,10,1
2013471305311,2,20,0,3,0,0,0,0,0,0,0,1,1,1,-1,-1,-1,-1,6,1
2013471305312,1,9,0,5,0,8,0,0,0,0,3,1,1,2,4,1299,1,12,9,1
2013471305312,2,9,0,18,0,1,0,0,0,0,4,1,6,2,8,1598,1,6,10,1
2013471305312,3,9,0,2,9,2,0,0,0,0,0,1,6,3,-1,2188,2,7,-1,-1
2013471305313,1,9,0,9,0,6,0,0,0,0,1,1,6,1,10,2496,1,7,7,1
2013471305313,2,2,0,14,0,1,0,0,0,0,1,1,6,1,4,49,1,1,10,1
2013471305313,3,9,0,3,0,8,0,0,0,0,0,1,1,1,7,-1,-1,-1,7,1
2013471305315,1,9,0,10,0,1,0,0,0,0,3,1,6,1,8,1796,1,19,6,1
2013471305315,2,1,0,18,0,1,0,0,0,0,1,1,1,1,9,-1,-1,-1,4,1
2013471305318,1,9,0,2,0,0,0,0,0,0,3,1,1,2,5,1199,1,12,9,1
2013471305318,2,1,0,18,0,0,0,0,0,0,1,1,6,1,6,-1,-1,-1,6,1
2013471305322,1,9,0,18,0,0,0,0,0,0,4,1,6,3,-1,-1,-1,-1,-1,-1
2013471305323,1,9,0,18,0,0,0,0,0,0,1,1,6,1,10,-1,-1,-1,3,1
2013471305323,2,11,0,2,0,0,0,0,0,0,0,1,1,1,5,-1,-1,-1,-1,-1
2013471305327,1,9,0,9,0,1,0,0,0,0,4,1,6,2,10,1242,1,9,5,3
2013471305327,2,5,0,18,0,1,0,0,0,0,1,1,6,1,9,1198,1,-1,5,3
2013471305328,1,1,0,18,0,8,0,0,0,0,0,1,1,1,4,-1,-1,-1,9,1
2013471305329,1,11,0,5,0,8,0,0,0,0,0,1,6,1,6,9360,2,-1,3,1
2013471305331,1,9,0,18,0,1,0,0,0,0,4,1,1,2,8,1896,2,10,1,1
2013471305331,2,9,0,2,0,1,0,0,0,0,3,1,6,1,5,-1,-1,-1,7,1
2013471305331,3,9,0,2,0,1,0,0,0,0,3,1,6,1,6,1598,1,11,7,1
2013471305331,4,9,0,2,0,1,0,0,0,0,3,1,6,1,11,2362,1,8,3,1
2013471305332,1,9,0,18,0,8,1,0,7,10,4,1,6,1,5,1895,1,13,2,1
2013471305332,2,9,0,2,6,2,0,0,0,0,1,1,6,3,-1,1995,2,8,-1,-1
2013471305332,3,9,0,2,6,1,0,0,0,0,1,1,6,3,-1,1997,1,-1,-1,-1
2013471305334,1,9,0,18,0,0,0,0,0,0,1,1,6,1,7,1995,2,5,4,1
2013471305334,2,9,0,18,0,0,0,0,0,0,2,1,6,1,9,1686,2,8,6,3
2013471305334,3,19,0,18,0,0,0,0,0,0,2,1,6,1,7,2800,2,12,6,3
2013471305337,1,9,0,9,0,5,0,0,0,0,1,1,6,1,8,1596,1,2,8,1
2013471305337,2,3,0,18,0,8,0,0,0,0,1,1,6,1,6,124,1,-1,4,1
2013471305338,1,9,0,18,0,0,1,0,0,0,0,1,6,3,-1,-1,-1,-1,-1,-1
2013471305338,2,9,0,18,0,0,0,0,0,0,2,1,6,2,6,1299,1,11,6,1
2013471305338,3,9,0,18,0,0,0,0,0,0,2,1,6,2,7,1995,2,6,10,1
2013471305338,4,9,0,18,0,0,0,0,0,0,2,1,6,1,6,1197,1,3,7,1
2013471305338,5,9,0,18,0,0,0,0,0,0,1,1,6,2,6,1149,1,11,6,1
2013471305339,1,9,0,18,0,8,0,0,0,0,4,1,6,1,9,998,1,14,4,1
2013471305339,2,19,0,2,0,8,0,0,0,0,0,1,1,3,-1,1968,2,1,6,1
2013471305340,1,19,0,18,0,0,0,0,0,0,1,1,6,1,7,2402,2,6,10,1
2013471305340,2,1,0,18,0,0,0,0,0,0,2,1,6,1,4,-1,-1,-1,10,1
2013471305341,1,9,0,18,0,1,0,0,0,0,1,1,6,1,5,-1,-1,-1,10,3
2013471305341,2,9,0,18,0,1,0,0,0,0,2,1,6,2,5,1390,1,12,3,1
2013471305345,1,9,0,10,0,1,0,0,0,0,1,1,6,1,5,-1,-1,-1,7,3
2013471305345,2,9,0,18,0,8,0,0,1,0,1,1,1,2,4,1086,1,9,4,1
2013471305346,1,19,0,18,0,1,0,0,0,0,4,1,6,1,7,1995,2,-1,1,1
2013471305348,1,9,0,9,0,8,0,0,0,0,1,1,2,2,5,1390,1,9,10,2
2013471305348,2,9,0,17,0,8,0,0,7,0,1,1,2,2,5,1299,1,11,9,1
2013471305349,1,4,0,18,0,0,0,0,1,0,1,1,6,1,-1,-1,-1,-1,-1,-1
2013471305349,2,3,0,18,0,0,0,0,0,0,0,1,6,1,4,124,1,-1,8,1
2013471305351,1,9,0,4,0,2,0,0,0,0,1,1,6,1,7,1995,2,1,3,1
2013471305351,2,9,0,4,0,2,0,0,0,0,2,1,6,2,10,-1,-1,-1,9,1
2013471305351,3,9,0,4,0,2,0,0,0,0,2,1,6,1,5,1598,1,11,2,1
2013471305351,4,9,0,4,0,2,0,0,0,0,2,1,6,1,8,1598,1,5,7,1
2013471305352,1,9,0,9,0,4,1,9,0,1,1,1,6,2,5,1299,1,10,9,2
2013471305355,1,9,0,18,0,0,0,0,0,0,3,1,6,2,11,1991,2,2,7,3
2013471305355,2,17,4,18,0,0,0,0,0,0,3,1,1,1,5,-1,2,23,8,3
2013471305356,1,9,0,17,0,0,1,0,0,0,1,1,6,1,4,1590,1,9,9,1
2013471305356,2,9,0,18,0,0,0,0,0,0,1,1,2,1,5,1242,1,12,8,1
2013471305357,1,9,0,17,0,0,0,0,2,3,1,1,6,1,4,1198,1,11,8,2
2013471305358,1,9,0,18,0,0,2,0,2,4,1,1,6,1,4,2143,2,-1,7,3
2013471305360,1,9,0,17,0,2,0,0,0,0,3,1,6,1,7,1749,1,11,6,1
2013471305360,2,21,0,16,0,1,0,0,0,0,3,1,1,1,9,6871,2,1,9,1