Accident_Index,Vehicle_Reference,Vehicle_Type,Towing_and_Articulation,Vehicle_Manoeuvre,Vehicle_Location-Restricted_Lane,Junction_Location,Skidding_and_Overturning,Hit_Object_in_Carriageway,Vehicle_Leaving_Carriageway,Hit_Object_off_Carriageway,1st_Point_of_Impact,Was_Vehicle_Left_Hand_Drive?,Journey_Purpose_of_Driver,Sex_of_Driver,Age_Band_of_Driver,Engine_Capacity_(CC),Propulsion_Code,Age_of_Vehicle,Driver_IMD_Decile,Driver_Home_Area_Type
2013471305637,1,9,0,4,0,1,0,0,0,11,1,1,6,2,9,2993,2,6,5,1
2013471305637,2,19,0,18,0,8,0,0,0,0,4,1,1,1,7,2460,2,6,4,1
2013471305638,1,9,0,17,0,0,0,0,2,7,4,1,6,1,7,2200,1,13,7,3
2013471305638,2,9,0,17,0,0,0,0,0,0,0,1,1,1,6,1984,1,1,7,1
2013471305638,3,9,0,17,0,0,0,0,0,0,2,1,6,1,9,1390,1,12,5,2
2013471305638,4,9,0,17,0,0,0,0,0,0,1,1,6,1,4,1868,2,13,6,1
2013471305639,1,1,0,18,0,1,0,0,0,0,1,1,6,1,11,-1,-1,-1,6,2
2013471305639,2,11,0,18,0,1,0,0,0,0,1,1,1,2,8,6700,2,7,10,1
2013471305640,1,9,0,18,0,0,1,0,5,6,1,1,2,2,5,973,1,13,2,1
2013471305640,2,9,0,18,0,0,0,0,0,0,0,1,6,1,7,-1,-1,-1,-1,-1
2013471305641,1,8,0,5,0,4,0,0,0,0,1,1,1,1,7,1896,2,7,4,1
2013471305641,2,3,0,18,0,4,0,0,0,0,4,1,6,1,4,125,1,9,9,3
2013471305644,1,9,0,10,0,6,0,0,0,0,0,1,6,3,6,-1,-1,-1,-1,-1
2013471305644,2,11,0,18,0,1,0,0,0,0,0,1,1,1,6,9360,2,-1,4,1
2013471305647,1,20,0,7,0,8,0,0,0,0,1,1,6,1,8,2800,2,10,8,1
2013471305647,2,9,0,18,0,8,0,0,0,0,4,1,6,2,7,1598,1,10,4,1
2013471305648,1,9,0,17,0,0,1,0,7,9,4,1,6,2,11,998,1,4,6,1
2013471305649,1,9,0,4,0,1,0,0,0,0,1,1,1,2,8,996,1,-1,8,1
2013471305651,1,19,0,5,0,1,0,0,0,0,1,1,6,1,8,2477,2,7,5,1
2013471305651,2,9,0,4,0,1,0,0,0,0,2,1,6,1,6,1389,1,13,6,1
2013471305652,1,19,0,5,0,2,0,0,0,0,3,1,1,1,7,2198,2,2,7,3
2013471305653,1,9,0,18,0,0,1,0,0,0,1,1,6,1,7,1299,1,16,6,2
2013471305653,2,9,0,4,0,0,0,0,0,0,2,1,6,1,8,2393,1,11,3,1
2013471305655,1,9,0,8,0,6,0,0,0,0,3,1,2,1,9,1798,1,8,9,1
2013471305655,2,1,0,18,0,1,0,0,0,0,1,1,2,1,6,-1,-1,-1,5,1
2013471305656,1,9,0,5,0,8,0,0,0,0,1,1,6,1,7,1389,1,18,-1,-1
2013471305656,2,9,0,3,0,8,0,0,0,0,2,1,6,1,7,999,1,1,7,1
2013471305658,1,9,0,18,0,1,0,0,0,0,1,1,3,2,7,1124,1,14,1,1
2013471305660,1,9,0,18,0,1,0,0,0,0,1,1,6,1,10,1997,1,10,8,1
2013471305660,2,9,0,10,0,1,0,0,0,0,2,1,2,2,5,-1,-1,-1,1,1
2013471305663,1,19,0,18,0,1,0,0,0,0,1,1,1,1,10,-1,-1,-1,6,2
2013471305663,2,9,0,2,0,1,0,0,0,0,1,1,6,3,-1,1149,1,11,-1,-1
2013471305666,1,8,0,18,0,1,0,0,0,0,1,1,1,1,8,1753,2,5,-1,-1
2013471305666,2,2,0,18,0,2,0,0,0,0,2,1,6,1,6,124,1,2,3,1
2013471305669,1,9,0,7,0,6,0,0,0,0,1,1,6,1,11,1360,1,6,4,1
2013471305669,2,1,0,18,0,8,0,0,0,0,4,1,6,1,7,-1,-1,-1,8,1
2013471305670,1,5,0,4,0,1,0,0,1,4,1,1,6,1,7,798,1,3,1,1
2013471305670,2,9,0,4,0,1,0,0,1,4,1,1,6,1,6,1796,1,10,5,3
2013471305670,3,9,0,4,0,1,0,0,0,0,2,1,2,2,6,1242,1,6,5,1
2013471305670,4,9,0,9,0,1,0,0,0,0,0,1,6,3,-1,-1,-1,-1,-1,-1
2013471305671,1,9,0,17,0,0,0,0,1,11,4,1,2,2,8,1198,1,4,10,2
2013471305673,1,8,0,18,0,2,0,0,0,0,1,1,6,3,-1,-1,-1,-1,-1,-1
2013471305675,1,9,0,12,0,8,0,10,7,0,3,1,6,2,8,1388,1,3,2,1
2013471305675,2,9,0,18,0,8,0,10,7,1,4,1,6,1,8,1991,1,15,5,1
2013471305676,1,9,0,18,0,2,5,4,0,0,1,1,6,1,6,1149,1,5,10,1
2013471305676,2,9,0,2,0,2,0,0,0,0,1,1,6,3,-1,4554,1,16,-1,-1
2013471305678,1,9,0,4,0,1,0,0,0,0,1,1,6,1,8,-1,-1,-1,7,1
2013471305678,2,9,0,4,0,1,0,0,0,0,2,1,6,1,7,998,1,12,3,1
2013471305679,1,19,0,16,0,2,1,0,0,0,1,1,1,1,6,2198,2,1,10,1
2013471305679,2,9,0,18,0,1,0,0,0,0,1,1,1,1,7,2967,2,5,8,1
2013471305680,1,9,0,18,0,4,0,0,0,0,3,1,6,2,9,998,1,7,1,1
2013471305680,2,1,0,18,0,8,0,0,0,0,4,1,6,2,9,-1,-1,-1,10,1
2013471305683,1,5,0,13,0,8,0,0,0,0,4,1,6,1,5,599,1,11,8,1
2013471305683,2,9,0,9,0,8,0,0,0,0,3,1,1,1,7,1896,2,5,2,1
2013471305684,1,9,0,9,0,0,0,0,0,0,3,1,6,1,6,1968,2,5,10,1
2013471305685,1,9,0,18,0,1,0,0,0,0,1,1,6,1,5,1896,2,13,8,2
2013471305685,2,9,0,18,0,1,0,0,0,0,2,1,6,1,8,1598,1,9,5,1
2013471305686,1,9,0,18,0,6,0,0,0,0,1,1,1,1,8,1995,2,9,10,1
2013471305686,2,9,0,18,0,8,0,0,0,0,3,1,6,2,8,1956,2,-1,5,1
2013471305687,1,9,0,18,0,1,0,0,0,0,1,1,1,1,10,1896,2,9,8,3
2013471305687,2,9,0,3,0,1,0,0,0,0,2,1,6,1,6,1588,1,13,6,1
2013471305688,1,9,0,18,0,8,0,0,0,0,3,1,6,3,6,-1,-1,-1,-1,-1
2013471305688,2,4,0,9,0,8,0,0,0,0,4,1,6,1,7,645,1,8,9,1
2013471305690,1,9,0,18,0,0,1,0,0,0,4,1,2,1,5,1600,1,13,7,3
2013471305690,2,9,0,18,0,0,1,0,0,0,1,1,6,1,9,1995,2,4,4,1
2013471305690,3,9,0,18,0,0,1,0,0,0,1,1,6,1,6,1990,1,13,2,1
2013471305691,1,5,0,18,0,0,1,0,0,0,0,1,6,2,6,1002,1,16,4,1
2013471305691,2,9,0,18,0,0,0,0,0,0,1,1,6,3,-1,-1,-1,-1,-1,-1
2013471305693,1,9,0,18,0,8,0,0,0,0,1,1,6,1,8,796,1,13,2,1
2013471305693,2,9,0,2,0,1,0,0,0,0,2,1,6,1,6,2987,2,7,9,1
2013471305695,1,9,0,16,0,8,0,0,0,0,1,1,6,1,6,1124,1,13,8,1
2013471305698,1,9,0,16,0,0,2,0,0,0,4,1,6,2,5,-1,-1,-1,1,1
2013471305699,1,9,0,18,0,0,0,0,0,0,1,1,6,3,6,1299,1,12,-1,-1
2013471305699,2,9,0,18,0,0,0,0,0,0,1,1,6,2,4,1149,1,9,10,1
2013471305704,1,9,0,18,0,8,0,0,0,0,1,1,6,2,6,1596,1,12,9,3
2013471305704,2,9,0,4,0,8,0,0,0,0,2,1,6,2,9,1995,2,2,9,3
2013471305704,3,9,0,3,0,8,0,0,0,0,2,1,6,1,8,1124,1,8,10,1
2013471305704,4,9,0,2,0,8,0,0,0,0,0,1,6,2,7,2401,2,10,-1,-1
2013471305705,1,9,0,17,0,0,0,0,0,0,1,2,6,1,6,-1,-1,-1,-1,-1
2013471305705,2,9,0,16,0,0,0,0,0,0,1,1,6,1,9,-1,-1,-1,7,3
2013471305707,1,19,0,18,0,1,1,0,1,5,1,1,6,1,8,1753,2,8,6,1
2013471305707,2,9,0,9,0,1,0,0,7,0,2,1,1,1,10,2495,2,17,8,1
2013471305707,3,11,0,18,0,1,0,0,0,0,0,1,1,1,8,5883,2,12,1,1
2013471305709,1,1,0,18,0,8,0,0,0,0,1,1,6,1,3,-1,-1,-1,4,1
2013471305709,2,9,0,18,0,6,0,0,0,0,1,1,6,1,6,1910,2,4,8,1
2013471305710,1,19,0,18,0,0,0,0,0,0,1,1,6,1,5,2402,2,12,8,1
2013471305710,2,9,0,18,0,0,0,0,0,0,2,1,6,2,6,1598,2,2,10,2
2013471305710,3,9,0,16,0,0,0,0,0,0,0,2,6,1,7,1999,1,2,7,1
2013471305710,4,19,0,17,0,0,5,0,1,0,4,1,6,1,7,1753,2,10,10,1
2013471305710,5,9,0,16,0,0,0,0,0,0,1,1,6,1,10,1598,1,5,6,1
2013471305714,1,9,0,18,0,0,1,0,7,11,3,1,6,3,-1,-1,-1,-1,-1,-1
2013471305714,2,9,0,18,0,0,0,0,0,0,0,1,1,2,6,1997,2,-1,3,1
2013471305714,3,9,0,2,0,0,0,0,0,0,3,1,6,3,-1,1299,1,9,-1,-1
2013471305714,4,9,0,2,0,0,0,0,0,0,3,1,6,3,-1,2435,1,11,-1,-1
2013471305714,5,9,0,2,0,0,0,0,0,0,4,1,6,3,-1,1999,1,5,-1,-1
2013471305714,6,9,0,2,9,0,0,0,0,0,4,1,6,3,-1,4701,1,11,-1,-1
2013471305715,1,19,0,18,0,1,0,0,0,0,1,1,6,1,6,1998,2,7,6,1
2013471305715,2,9,0,12,0,1,0,0,0,0,2,1,6,1,7,1968,2,5,3,1
2013471305716,1,9,0,18,0,1,0,0,0,0,1,1,1,2,8,998,1,1,1,1
2013471305716,2,19,0,18,0,1,0,0,0,0,3,1,1,1,6,1686,2,9,9,1
2013471305717,1,9,0,18,0,0,1,0,1,6,3,1,6,1,6,1895,1,14,4,1
2013471305719,1,5,0,7,0,6,1,0,0,0,0,1,1,1,8,-1,-1,-1,7,1
2013471305722,1,9,0,18,0,2,0,0,0,0,3,1,6,1,10,1995,2,9,8,1
2013471305722,2,9,0,2,0,2,0,0,0,0,3,1,6,1,6,1796,1,6,8,1
2013471305723,1,9,0,9,0,8,0,0,0,0,4,1,6,1,8,2598,1,18,3,1
2013471305723,2,9,0,18,0,8,0,0,0,0,4,1,6,1,7,2460,2,6,3,1
2013471305723,3,9,0,18,0,8,0,0,0,0,4,1,6,1,8,2495,2,12,8,2
2013471305725,1,21,0,2,0,0,0,0,0,0,4,1,1,1,6,9186,2,-1,1,1
2013471305725,2,1,0,18,0,0,0,8,0,0,0,1,2,1,7,-1,-1,-1,8,3
2013471305727,1,9,0,18,0,0,0,0,2,2,1,1,2,2,5,-1,-1,-1,7,1
2013471305729,1,9,0,16,0,0,0,0,8,11,3,1,6,1,5,2979,1,12,8,3
2013471305730,1,9,0,18,0,0,0,0,0,0,1,1,6,1,8,1390,1,9,5,1
2013471305730,2,9,0,18,0,0,0,0,0,0,1,1,6,2,9,1598,1,2,8,1
2013471305731,1,21,0,9,0,8,0,0,0,0,3,1,1,1,7,12900,2,6,8,1
2013471305731,2,9,0,18,0,1,0,0,0,0,1,1,6,2,11,998,1,6,6,1
2013471305732,1,9,0,18,0,0,0,0,5,6,1,1,6,2,8,3700,1,11,10,1
2013471305732,2,8,0,18,0,0,0,0,0,0,4,1,6,1,7,1598,1,14,1,1
2013471305733,1,9,0,18,0,0,0,0,0,0,3,1,6,2,9,-1,-1,-1,-1,-1
2013471305733,2,9,0,2,0,0,0,0,0,0,4,1,6,1,8,1976,1,3,9,1
2013471305734,1,9,0,18,0,0,0,0,0,0,0,1,6,3,4,-1,-1,-1,-1,-1
2013471305734,2,11,0,18,0,0,0,0,0,0,0,1,1,1,8,9000,2,9,2,1
2013471305737,1,9,0,18,0,1,1,0,1,0,1,1,6,1,8,1998,1,7,6,3
2013471305737,2,9,0,4,0,1,1,0,0,0,2,1,6,1,11,1390,1,15,6,3
2013471305737,3,9,0,18,0,8,1,0,1,0,1,1,6,2,9,1248,2,3,7,1
2013471305740,1,9,0,18,0,0,1,0,0,0,1,1,1,1,7,1997,2,1,8,1
2013471305741,1,9,0,5,0,0,0,0,0,0,1,1,6,1,7,1275,1,18,-1,-1
2013471305741,2,9,0,3,0,0,0,0,0,0,1,1,1,1,7,1753,2,4,-1,-1
2013471305743,1,9,0,18,0,8,1,0,1,2,1,1,6,1,5,1396,1,10,8,1
2013471305744,1,8,0,4,0,0,0,0,1,4,0,1,1,1,8,1587,1,22,6,1
2013471305744,2,8,0,4,0,0,1,0,0,0,1,2,1,1,6,-1,-1,-1,6,3
2013471305746,1,11,0,9,0,8,0,0,0,0,3,1,1,3,-1,9600,2,14,-1,-1
2013471305746,2,1,0,7,0,8,0,0,0,0,1,1,6,1,3,-1,-1,-1,9,2
2013471305750,1,9,0,16,0,1,0,0,0,0,1,2,2,1,8,1896,2,5,9,1
2013471305750,2,9,0,8,0,1,0,0,0,0,1,1,6,2,7,1198,1,10,8,3
2013471305751,1,1,0,18,0,8,0,0,0,0,3,1,6,1,5,-1,-1,-1,4,1
2013471305751,2,9,0,9,0,8,0,0,0,0,3,1,6,1,7,1248,2,6,4,1
2013471305753,1,9,0,18,0,0,0,0,0,0,4,1,6,3,-1,-1,-1,-1,-1,-1
2013471305755,1,9,0,9,0,1,0,0,0,0,0,1,6,3,-1,-1,-1,-1,-1,-1
2013471305755,2,11,0,18,2,1,0,0,0,0,0,1,1,1,7,8970,2,10,7,1
2013471305759,1,9,0,18,0,0,0,0,0,0,1,1,1,2,5,2231,2,6,4,1
2013471305759,2,9,0,2,0,0,0,0,0,0,1,1,6,3,-1,1386,1,6,-1,-1
2013471305759,3,5,0,2,9,0,0,0,0,0,3,1,6,3,-1,1157,1,10,-1,-1
2013471305759,4,5,0,2,9,0,0,0,0,0,3,1,6,3,-1,600,1,16,-1,-1
2013471305760,1,9,0,9,0,1,0,0,0,0,4,1,6,2,7,-1,-1,-1,8,1
2013471305760,2,3,0,18,0,1,0,0,0,0,1,1,6,1,4,-1,-1,-1,6,3
2013471305764,1,9,0,18,0,1,0,0,0,0,0,1,2,1,7,-1,-1,-1,10,1
2013471305766,1,10,0,1,0,1,0,0,0,0,2,1,1,1,7,-1,-1,-1,1,1
2013471305767,1,9,0,9,0,1,0,0,0,0,3,1,6,1,4,1390,1,11,2,1
2013471305767,2,9,0,18,0,1,0,0,0,0,1,1,6,2,8,2982,2,8,5,1
2013471305768,1,9,0,18,0,2,0,0,0,0,4,1,6,1,7,1900,2,15,2,1
2013471305769,1,9,0,7,0,3,0,0,1,11,1,1,3,1,7,1798,1,10,6,1
2013471305772,1,9,0,4,0,0,0,0,0,0,1,1,1,2,5,1329,1,1,5,3
2013471305772,2,19,0,4,0,0,0,0,0,0,2,1,1,1,6,2287,2,4,3,1
2013471305772,3,9,0,9,0,0,0,0,0,0,0,1,6,3,-1,-1,-1,-1,-1,-1
2013471305773,1,9,0,18,0,0,0,0,0,0,1,1,6,1,9,1339,1,11,10,1
2013471305773,2,9,0,18,0,0,0,0,0,0,2,1,6,2,8,1956,2,2,7,1
2013471305778,1,9,0,7,0,8,0,0,0,0,3,1,6,1,-1,-1,-1,-1,6,1
2013471305778,2,5,0,18,0,8,1,0,0,0,1,1,6,1,7,649,1,2,2,1
2013471305779,1,9,0,9,0,8,0,0,0,0,1,1,6,2,7,1396,1,6,7,1
2013471305779,2,9,0,18,0,8,0,0,0,0,1,1,6,1,6,1995,1,9,3,1
2013471305780,1,9,0,18,0,8,0,0,0,0,3,1,6,3,-1,-1,-1,-1,-1,-1
2013471305780,2,1,0,7,0,3,0,0,0,0,4,1,6,1,8,-1,-1,-1,10,1
2013471305781,1,9,0,18,0,2,5,0,7,0,1,1,6,1,6,1597,1,22,6,1
2013471305782,1,11,0,18,0,8,0,0,0,0,1,1,1,1,8,11967,2,5,5,1
2013471305783,1,8,0,1,0,8,0,0,0,0,2,1,1,3,6,1997,2,5,-1,-1
2013471305784,1,11,0,5,0,8,0,0,0,0,0,1,1,1,9,6700,2,3,6,1
2013471305785,1,9,0,3,0,1,0,0,0,0,4,1,6,1,8,1240,1,8,3,1
2013471305785,2,1,0,18,0,1,0,0,0,0,1,1,2,2,7,-1,-1,-1,2,1
2013471305786,1,9,0,12,0,0,0,0,0,0,1,1,2,1,6,1995,2,2,6,1
2013471305786,2,9,0,4,0,0,0,0,0,0,2,1,2,2,6,1997,2,2,4,1
2013471305788,1,3,0,18,0,0,0,0,0,0,4,1,6,2,4,124,1,-1,2,1
2013471305789,1,9,0,18,0,1,0,0,0,0,1,1,6,1,9,2435,1,13,7,1
2013471305789,2,9,0,3,0,1,0,0,0,0,2,1,6,2,10,1242,1,9,7,1
2013471305792,1,9,0,16,0,0,1,0,0,0,1,1,6,1,4,1396,1,12,6,2
2013471305792,2,9,0,18,0,0,0,0,0,0,1,1,6,2,11,1490,1,8,9,3
2013471305794,1,9,0,9,0,2,0,0,0,0,3,1,2,1,6,1368,1,1,4,1
2013471305794,2,3,0,18,0,8,0,0,0,0,1,1,2,1,7,125,1,1,5,1
2013471305795,1,9,0,7,0,8,0,0,0,0,1,1,6,2,10,1360,1,10,6,1
2013471305795,2,1,4,18,0,8,0,0,0,0,4,1,6,1,11,-1,-1,-1,3,1
2013471305796,1,9,0,18,0,8,0,0,0,0,4,1,6,2,7,2151,2,14,6,1
2013471305796,2,9,0,18,0,8,0,0,1,11,1,1,6,1,4,1600,1,13,3,1
2013471305797,1,9,0,7,0,6,0,0,0,0,1,1,2,2,8,1796,1,13,5,1
2013471305797,2,9,0,7,0,6,0,0,0,0,2,1,6,1,8,1598,1,3,3,1
2013471305798,1,9,0,18,0,0,0,0,7,0,1,1,6,1,5,-1,-1,-1,2,1
2013471305798,2,21,1,18,0,0,1,0,1,0,1,1,1,1,8,10837,2,4,1,1
2013471305799,1,9,0,18,0,1,0,0,0,0,1,1,6,1,10,796,1,12,8,2
2013471305799,2,9,0,10,0,1,0,0,0,0,2,1,2,1,5,1493,1,16,10,2
2013471305806,1,1,0,18,5,0,0,0,0,0,1,1,6,1,8,-1,-1,-1,-1,-1
2013471305807,1,9,0,18,0,0,0,0,0,0,1,1,2,1,7,1995,2,9,6,1
2013471305807,2,19,0,2,0,0,0,0,0,0,2,1,6,3,-1,2496,2,18,-1,-1
2013471305808,1,9,0,5,0,4,0,0,0,0,4,1,6,2,6,1686,2,9,-1,-1
2013471305808,2,9,0,18,0,3,0,0,0,0,0,1,6,2,4,1390,1,10,3,1
2013471305809,1,9,0,9,0,6,2,0,0,0,1,1,1,1,4,1999,1,7,3,1
2013471305810,1,3,0,16,0,0,0,0,1,0,3,1,6,1,8,125,1,5,4,1
2013471305810,2,9,0,17,0,0,0,0,0,0,3,1,6,1,4,1998,1,4,5,1
2013471305811,1,9,0,18,0,0,0,0,0,0,1,1,2,1,4,1391,1,12,6,3
2013471305812,1,9,0,4,0,0,0,0,0,0,1,1,2,2,8,1360,1,10,8,2
2013471305812,2,9,0,4,0,0,0,0,0,0,2,1,1,1,6,1242,1,11,4,1
2013471305812,3,9,0,4,0,0,0,0,0,0,2,1,2,2,8,1388,1,9,7,1
2013471305812,4,19,0,4,0,0,0,0,0,0,2,1,1,1,9,1598,2,6,8,3
2013471305815,1,5,0,17,0,8,1,0,1,11,4,1,6,1,5,599,1,12,3,1
2013471305816,1,9,0,18,0,0,0,0,0,0,1,1,1,1,5,1398,1,2,8,1
2013471305816,2,9,0,18,0,0,0,0,0,0,1,1,6,1,6,998,1,8,4,1
2013471305816,3,9,0,18,0,0,0,0,0,0,0,1,1,1,9,1199,1,-1,6,3
2013471305817,1,9,0,18,0,8,0,0,0,0,1,1,6,1,6,-1,-1,-1,3,1
2013471305817,2,9,0,5,0,8,0,0,0,0,1,1,6,1,7,1108,1,12,6,1
2013471305819,1,19,0,18,0,8,0,0,0,0,1,1,6,1,7,1560,2,1,-1,-1
2013471305819,2,1,0,18,0,8,0,0,0,0,1,1,6,1,7,-1,-1,-1,3,1
2013471305822,1,9,0,17,0,2,1,0,0,10,1,1,1,2,4,1999,1,11,8,3
2013471305822,2,9,0,16,0,1,0,0,0,10,1,1,1,1,9,1796,1,11,8,2
2013471305823,1,9,0,9,0,8,0,0,0,0,4,1,6,2,6,1600,1,14,4,1
2013471305823,2,1,0,18,0,8,0,0,0,0,1,1,6,1,5,-1,-1,-1,7,1
2013471305824,1,19,0,18,0,0,0,0,1,4,1,1,6,1,9,9250,2,9,5,1
2013471305828,1,9,0,16,0,0,1,0,0,0,1,1,2,2,6,998,1,15,-1,-1
2013471305828,2,9,0,17,0,0,0,0,0,0,1,1,2,1,8,1998,1,12,9,1
2013471305830,1,9,0,18,0,4,0,0,0,0,1,1,6,1,6,1242,1,15,1,1
2013471305830,2,9,0,18,0,8,0,0,0,0,4,1,6,2,6,1598,1,3,6,1
2013471305833,1,9,0,9,0,6,0,0,0,0,1,1,6,2,5,1124,1,9,2,1
2013471305833,2,9,0,18,0,8,0,0,0,0,3,1,6,1,7,1242,1,13,6,2
2013471305834,1,9,0,17,0,0,0,0,0,0,1,1,6,2,11,1998,1,10,6,2
2013471305834,2,9,0,18,0,0,0,0,0,0,1,1,6,1,11,1248,2,5,6,2
2013471305835,1,9,0,18,0,1,0,0,0,0,1,1,6,3,-1,-1,-1,-1,-1,-1
2013471305836,1,9,0,5,0,8,0,0,0,0,3,1,6,1,10,1390,1,1,8,3
2013471305836,2,5,0,18,0,1,0,0,0,0,1,1,6,1,8,1584,1,5,8,3
2013471305838,1,9,0,15,0,2,0,0,0,0,0,1,6,1,6,-1,-1,-1,-1,-1
2013471305838,2,11,0,18,0,2,0,0,0,0,0,1,1,1,8,9360,2,-1,4,1
2013471305839,1,9,0,18,0,0,1,0,0,4,1,1,6,1,7,3947,1,14,10,1
2013471305839,2,9,0,18,0,0,0,0,0,0,0,1,6,3,-1,-1,-1,-1,-1,-1
2013471305840,1,9,0,18,0,8,0,0,0,0,1,1,6,1,10,1731,1,15,4,1
2013471305842,1,9,0,17,0,0,0,0,0,0,1,1,6,1,11,1400,1,7,6,3
2013471305842,2,9,0,3,0,0,0,0,0,0,2,1,6,2,9,998,1,5,7,3
2013471305842,3,9,0,3,0,0,0,0,0,0,2,1,6,2,10,998,1,6,6,3
2013471305842,4,9,0,3,0,0,0,0,0,0,2,1,6,1,8,2495,2,11,-1,-1
2013471305843,1,8,0,4,0,1,0,0,0,0,1,1,1,1,8,1995,2,7,4,1
2013471305843,2,1,0,7,0,1,0,0,0,0,3,1,6,1,5,-1,-1,-1,3,1
2013471305844,1,9,0,5,0,6,0,0,0,0,3,1,6,1,7,2996,1,4,7,3
2013471305844,2,9,0,18,0,8,0,0,0,0,1,1,6,1,-1,1796,1,11,10,1
2013471305845,1,9,0,9,0,6,0,0,0,0,1,1,6,1,7,1200,1,-1,6,1
2013471305845,2,1,0,18,0,1,0,0,0,0,3,1,6,1,7,-1,-1,-1,6,1
2013471305846,1,9,0,17,0,0,0,0,2,7,1,1,1,2,7,1796,1,14,5,1
2013471305847,1,9,0,18,0,0,0,0,0,0,1,1,6,3,6,1598,1,9,-1,-1
2013471305847,2,8,0,4,0,0,0,0,0,0,2,1,1,1,10,1998,2,5,1,1
2013471305848,1,8,0,18,0,8,0,0,0,0,1,1,1,1,7,1910,2,7,4,1
2013471305848,2,9,0,18,0,8,0,0,0,0,4,1,6,1,9,1248,2,8,9,1
2013471305850,1,9,0,18,0,1,0,0,1,0,1,1,2,2,9,1598,1,2,6,1
2013471305850,2,9,0,10,0,6,0,0,7,0,3,1,2,1,7,1999,1,6,6,1
2013471305855,1,2,0,18,0,0,0,0,0,0,0,1,2,1,5,49,1,18,6,1
2013471305856,1,19,0,18,0,0,0,0,0,0,0,1,2,1,6,2198,2,3,2,1
2013471305856,2,9,0,18,0,0,0,11,4,0,1,1,6,2,8,1598,1,5,5,1
2013471305856,3,9,0,18,0,0,0,0,0,0,2,1,6,1,9,1594,1,9,3,1
2013471305856,4,9,0,18,0,0,0,0,0,0,2,1,2,2,6,1198,1,2,7,1
2013471305856,5,9,0,18,0,0,0,0,0,0,1,1,6,1,7,1422,2,10,7,1
2013471305858,1,9,0,13,0,1,0,0,7,11,1,1,6,1,7,998,1,14,8,1
2013471305858,2,9,0,7,0,1,0,0,0,0,2,1,6,2,5,1242,1,-1,9,1
2013471305860,1,9,0,16,0,0,1,0,7,4,2,1,6,1,5,1997,1,13,6,1
2013471305861,1,9,0,18,0,0,0,0,0,0,1,1,6,2,4,1242,1,12,6,3
2013471305862,1,9,0,4,0,1,1,0,0,0,1,1,6,1,4,1390,1,9,5,1
2013471305862,2,9,0,4,0,1,0,0,0,0,2,1,6,1,9,1781,1,6,9,1
2013471305864,1,9,0,17,0,0,1,0,1,4,1,1,6,1,4,1598,1,1,3,1
2013471305866,1,20,0,16,0,0,0,0,0,0,0,1,6,3,-1,-1,-1,-1,-1,-1
2013471305866,2,9,0,17,0,0,5,0,8,10,1,1,2,1,4,1299,1,12,7,1
2013471305867,1,9,0,5,0,8,0,0,0,0,3,1,6,1,11,996,1,4,6,1
2013471305867,2,9,0,18,0,8,0,0,0,0,1,1,6,1,8,2979,1,12,7,1
2013471305872,1,9,0,7,0,6,0,0,0,0,0,1,6,3,-1,1997,2,1,-1,-1
2013471305872,2,11,0,7,0,6,0,0,0,0,0,1,1,2,7,9360,2,-1,2,1
2013471305873,1,19,0,16,0,0,2,4,1,7,4,1,6,1,6,2460,2,6,7,1
2013471305873,2,9,0,2,6,0,0,0,0,0,2,1,6,3,-1,-1,-1,-1,-1,-1
2013471305874,1,9,0,18,0,0,0,0,1,2,3,1,6,1,5,2521,1,6,8,1
2013471305874,2,9,0,18,0,0,0,0,1,2,4,1,6,1,6,3246,1,11,9,1
2013471305874,3,1,0,18,0,0,0,0,0,0,0,1,6,3,6,-1,-1,-1,-1,-1
2013471305875,1,9,0,18,0,1,0,0,0,0,4,1,6,1,5,1461,2,-1,-1,-1
2013471305879,1,1,0,18,0,1,0,0,0,0,1,1,2,2,6,-1,-1,-1,3,1
2013471305879,2,9,0,5,0,1,0,0,0,0,1,1,6,2,11,1086,1,7,6,1
2013471305881,1,9,0,3,0,4,0,0,0,0,2,1,6,2,10,1108,1,3,6,3
2013471305881,2,9,0,5,0,4,0,0,0,0,1,1,6,1,5,1391,1,18,3,1
2013471305883,1,19,0,18,0,0,1,0,0,0,1,1,1,1,9,2148,2,6,9,2
2013471305883,2,9,0,4,0,0,0,0,0,0,2,1,6,2,6,1388,1,10,4,1
2013471305883,3,9,0,3,0,0,0,0,0,0,2,1,6,2,6,1198,1,-1,5,1
2013471305888,1,9,0,18,0,1,0,0,0,0,1,1,6,3,5,998,1,1,-1,-1
2013471305888,2,9,0,10,0,1,0,0,0,0,2,1,6,1,9,1560,2,2,8,1
2013471305889,1,9,0,18,0,6,0,0,0,0,1,1,6,1,10,-1,-1,-1,10,3
2013471305891,1,20,0,18,0,8,0,0,0,0,3,1,1,1,5,2287,2,1,7,1
2013471305891,2,9,0,18,0,8,0,0,0,0,1,1,6,2,6,1598,1,7,1,1
2013471305892,1,9,0,9,0,4,0,0,0,0,2,1,6,1,4,1124,1,12,10,1