Accident_Index,Vehicle_Reference,Vehicle_Type,Towing_and_Articulation,Vehicle_Manoeuvre,Vehicle_Location-Restricted_Lane,Junction_Location,Skidding_and_Overturning,Hit_Object_in_Carriageway,Vehicle_Leaving_Carriageway,Hit_Object_off_Carriageway,1st_Point_of_Impact,Was_Vehicle_Left_Hand_Drive?,Journey_Purpose_of_Driver,Sex_of_Driver,Age_Band_of_Driver,Engine_Capacity_(CC),Propulsion_Code,Age_of_Vehicle,Driver_IMD_Decile,Driver_Home_Area_Type
2013471305892,2,9,0,18,0,8,0,0,0,0,0,1,6,1,10,1560,1,111,-1,-1
2013471305893,1,1,0,4,2,2,1,11,0,0,4,1,2,1,5,-1,-1,-1,8,1
2013471305893,2,19,0,2,2,1,0,11,0,0,3,1,1,1,8,2151,2,12,6,1
2013471305898,1,9,0,18,0,0,0,0,0,0,1,1,6,1,11,1997,2,6,8,1
2013471305898,2,9,0,18,0,0,0,0,0,0,1,1,6,1,7,2198,2,8,6,3
2013471305898,3,9,0,18,0,0,0,0,0,0,1,1,6,1,7,-1,-1,-1,6,1
2013471305899,1,9,0,9,0,2,0,0,0,0,1,1,1,1,7,1332,1,14,4,1
2013471305902,1,11,0,18,0,1,0,0,0,0,1,1,1,1,6,4249,2,3,5,1
2013471305902,2,19,0,9,0,1,0,0,3,0,3,1,1,1,8,2463,2,8,4,1
2013471305902,3,19,0,3,0,1,0,0,0,0,1,1,1,1,9,2402,2,5,9,1
2013471305914,1,5,0,15,0,8,1,10,0,0,1,1,6,1,6,645,1,11,9,2
2013471305914,2,9,0,10,0,8,0,0,0,0,4,1,6,1,6,1984,1,4,4,1
2013471305916,1,3,0,18,0,0,1,0,1,0,4,1,4,1,4,125,1,4,8,1
2013471305918,1,9,0,9,0,6,0,0,0,0,1,1,6,1,10,1781,1,12,4,1
2013471305918,2,1,0,18,0,1,0,0,0,0,1,1,2,2,5,-1,-1,-1,5,1
2013471305920,1,9,0,18,0,1,0,8,0,0,3,1,6,3,6,-1,-1,-1,-1,-1
2013471305920,2,9,0,2,0,1,0,0,0,0,4,1,6,1,5,1997,2,5,4,1
2013471305927,1,9,0,17,0,0,1,0,2,11,1,1,6,1,5,1398,1,11,4,1
2013471305928,1,9,0,7,0,2,0,0,0,0,1,1,6,2,11,1392,1,20,3,1
2013471305928,2,9,0,5,0,4,0,0,0,0,3,1,2,2,6,1596,1,7,6,1
2013471305928,3,9,0,2,0,2,0,0,0,0,2,1,6,2,8,1598,1,10,3,1
2013471305928,4,9,0,2,0,2,0,0,0,0,3,1,6,2,6,1796,1,11,3,1
2013471305929,1,20,0,18,0,1,1,0,0,0,1,1,1,1,7,3920,2,8,3,1
2013471305929,2,9,0,10,0,1,0,0,0,0,2,1,2,2,6,1968,2,5,10,2
2013471305929,3,9,0,18,0,1,0,0,0,0,1,1,2,1,7,1597,1,15,10,1
2013471305930,1,2,0,14,0,8,0,0,0,0,1,1,6,1,4,50,1,3,8,3
2013471305930,2,9,0,9,0,8,0,0,0,0,3,1,2,2,9,1199,1,14,9,1
2013471305931,1,9,0,18,0,0,1,0,0,0,1,1,6,2,9,1398,2,11,6,3
2013471305931,2,19,0,18,0,0,0,0,0,0,2,1,1,1,7,1753,2,5,6,2
2013471305931,3,9,0,18,0,0,0,0,0,0,2,1,6,2,8,2179,2,4,8,3
2013471305932,1,9,0,17,0,0,1,0,2,10,3,1,1,1,7,1598,1,5,10,1
2013471305935,1,9,0,18,0,0,0,0,0,0,1,1,1,1,8,-1,-1,-1,5,1
2013471305935,2,9,0,18,0,0,0,0,0,0,2,1,2,2,5,1242,1,-1,9,1
2013471305935,3,9,0,18,0,0,0,0,0,0,3,1,1,1,7,1896,2,5,7,1
2013471305938,1,4,0,18,0,1,1,0,0,0,1,1,2,1,5,124,1,3,1,1
2013471305938,2,9,0,5,0,6,0,0,0,0,1,1,3,1,7,1984,1,4,7,1
2013471305941,1,9,0,18,0,0,0,0,0,0,1,1,6,1,6,1390,1,14,5,3
2013471305941,2,9,0,18,0,0,0,0,0,0,2,1,6,2,7,1242,1,12,6,1
2013471305941,3,9,0,18,0,0,0,0,0,0,2,1,6,2,-1,1390,1,11,10,1
2013471305943,1,9,0,4,0,0,0,0,0,0,1,1,6,1,5,998,1,3,6,1
2013471305943,2,9,0,3,0,0,0,0,0,0,2,1,6,1,10,1368,1,1,9,1
2013471305944,1,20,0,9,0,8,0,0,0,0,3,1,1,1,6,4462,2,-1,9,1
2013471305944,2,9,0,18,0,1,1,0,0,0,1,1,6,2,7,1199,1,14,10,1
2013471305945,1,3,0,18,0,0,0,0,0,0,1,1,6,2,4,125,1,4,3,1
2013471305945,2,9,0,18,0,0,0,0,0,0,2,1,6,2,8,1199,1,9,4,1
2013471305951,1,9,0,14,0,0,0,0,0,0,4,1,6,2,8,4266,1,14,8,3
2013471305951,2,21,0,2,0,0,0,0,0,0,0,1,1,1,7,-1,-1,-1,9,1
2013471305952,1,9,0,18,0,4,0,0,0,0,1,2,6,2,8,2497,1,14,6,1
2013471305952,2,1,0,9,0,3,0,0,0,0,1,1,1,1,7,-1,-1,-1,-1,-1
2013471305953,1,9,0,5,0,8,0,0,0,0,1,1,6,2,9,1400,1,7,4,1
2013471305953,2,1,0,18,0,3,1,0,0,0,4,1,6,1,4,-1,-1,-1,6,1
2013471305954,1,9,0,9,0,1,0,0,0,0,1,1,6,3,-1,-1,-1,-1,-1,-1
2013471305956,1,9,0,18,0,0,0,0,0,0,1,1,3,2,6,1364,1,6,6,1
2013471305956,2,9,0,4,0,0,0,0,0,0,2,1,3,1,7,-1,-1,-1,6,1
2013471305958,1,9,0,9,0,8,0,0,7,0,1,1,6,2,11,1240,1,9,5,1
2013471305958,2,19,0,18,0,1,0,0,0,0,1,1,6,1,10,1753,2,5,5,1
2013471305959,1,9,0,18,9,0,0,0,0,0,3,1,6,1,7,2979,1,-1,8,1
2013471305960,1,9,0,16,0,0,0,0,1,7,1,1,6,1,6,1149,1,7,6,1
2013471305961,1,9,0,9,0,8,0,0,0,0,1,1,6,3,-1,-1,-1,-1,-1,-1
2013471305962,1,9,0,17,0,0,2,0,7,4,1,1,2,1,5,1598,1,9,9,1
2013471305963,1,9,0,16,0,4,0,0,0,0,1,1,1,2,6,1600,1,15,3,1
2013471305963,2,9,0,16,0,4,0,0,0,0,2,1,6,1,10,2435,1,13,5,1
2013471305968,1,9,0,16,0,0,1,0,7,2,3,1,1,2,4,1400,1,13,6,1
2013471305969,1,1,0,18,0,0,0,0,0,0,0,1,6,1,6,-1,-1,-1,-1,-1
2013471305969,2,9,0,4,0,0,0,0,0,0,2,1,2,2,5,1198,1,3,10,1
2013471305969,3,9,0,18,0,0,1,0,0,0,1,1,2,2,4,1397,1,5,9,1
2013471305969,4,9,0,18,0,0,1,0,0,0,1,1,6,2,9,1598,1,6,9,2
2013471305970,1,9,0,4,0,3,0,0,0,0,1,1,2,2,7,2143,2,1,5,1
2013471305972,1,19,0,18,0,8,0,0,0,0,1,1,2,1,8,2987,2,7,5,1
2013471305972,2,9,0,9,0,8,0,0,0,0,3,1,6,2,4,1796,1,8,5,1
2013471305976,1,9,0,11,0,0,0,0,0,0,0,1,2,1,6,1200,1,-1,5,1
2013471305976,2,21,0,18,0,0,1,0,0,0,1,1,1,1,7,-1,-1,-1,10,1
2013471305976,3,9,0,18,0,0,0,0,0,0,2,1,6,2,8,2035,1,8,9,3
2013471305978,1,9,0,9,0,5,0,0,0,0,1,1,6,2,7,1753,2,7,1,1
2013471305978,2,9,0,18,0,1,0,0,1,10,1,1,6,2,7,1560,2,-1,4,1
2013471305980,1,11,0,18,0,0,0,0,0,0,4,1,6,3,-1,-1,-1,-1,-1,-1
2013471305980,2,1,0,16,4,0,0,0,1,0,3,1,6,2,5,-1,-1,-1,5,1
2013471305982,1,3,0,16,0,0,1,0,0,0,4,1,6,2,4,125,1,-1,4,1
2013471305982,2,9,0,17,0,0,0,0,0,0,1,1,2,2,7,1242,1,2,10,1
2013471305983,1,21,1,18,0,0,1,0,0,10,4,1,1,1,6,10837,2,-1,6,1
2013471305983,2,9,0,18,0,0,0,0,0,0,1,1,2,1,5,1229,1,1,2,1
2013471305983,3,9,0,18,0,0,0,0,0,0,0,1,1,1,8,1248,2,2,8,1
2013471305983,4,9,0,18,0,0,0,0,0,0,1,1,2,1,9,1850,1,14,10,1
2013471305983,5,9,0,18,0,0,0,0,0,0,0,1,1,2,7,1299,1,11,10,1
2013471305985,1,19,0,1,0,1,0,0,0,0,2,1,6,1,8,2198,2,3,6,2
2013471305985,2,1,0,18,0,1,0,0,0,0,1,1,6,1,6,-1,-1,-1,6,1
2013471305987,1,19,0,7,9,8,0,0,0,0,0,1,6,3,-1,2402,2,5,-1,-1
2013471305989,1,9,0,18,0,0,0,0,0,0,4,1,6,3,-1,-1,-1,-1,-1,-1
2013471305989,2,5,0,18,0,0,0,0,0,0,3,1,6,1,7,919,1,16,7,2
2013471305991,1,9,0,7,0,6,0,0,0,0,4,1,6,2,9,1951,2,11,7,1
2013471305992,1,1,0,18,0,8,0,0,0,0,1,1,6,1,4,-1,-1,-1,7,1
2013471305992,2,9,0,9,0,8,0,0,0,0,4,1,6,2,8,1584,1,9,10,1
2013471305993,1,9,0,18,0,0,0,0,0,0,1,1,6,2,4,1242,1,3,8,1
2013471305993,2,9,0,4,0,0,0,0,0,0,2,1,6,1,7,1686,2,6,9,1
2013471305995,1,9,0,18,0,0,0,0,0,0,3,1,6,2,11,1985,1,12,6,1
2013471305995,2,9,0,18,0,0,0,0,2,10,3,1,6,1,4,1242,1,13,7,1
2013471305995,3,9,0,18,0,0,0,0,0,0,1,1,6,2,8,1999,1,8,3,1
2013471305997,1,9,0,4,0,1,0,0,0,0,1,1,2,2,4,1299,1,9,9,3
2013471305997,2,9,0,3,0,4,0,0,0,0,2,1,6,1,6,1995,2,3,6,1
2013471305998,1,9,0,18,0,0,0,0,0,0,1,1,1,1,5,1598,1,2,9,1
2013471305998,2,9,0,4,0,0,0,0,0,0,2,1,6,2,10,1686,2,2,6,1
2013471306000,1,9,0,18,0,8,1,10,3,4,1,1,6,1,5,1997,2,13,-1,-1
2013471306000,2,9,0,18,0,8,0,0,3,0,0,1,1,1,-1,2993,2,5,-1,-1
2013471306000,3,9,0,18,0,8,0,0,0,0,0,1,1,1,-1,2993,2,1,-1,-1
2013471306001,1,9,0,6,0,0,0,0,0,0,3,1,2,1,8,2000,1,7,10,1
2013471306001,2,9,0,18,0,0,0,0,0,0,1,1,1,1,5,2495,2,12,8,3
2013471306003,1,1,0,5,0,0,0,0,0,0,3,1,4,2,3,-1,-1,-1,4,1
2013471306003,2,19,0,18,0,0,0,0,0,0,1,1,2,1,6,2461,2,11,3,1
2013471306003,3,21,0,2,0,0,0,0,0,0,0,1,1,3,-1,-1,-1,-1,-1,-1
2013471306004,1,9,0,9,0,6,0,0,0,0,3,1,2,2,8,1896,2,12,9,1
2013471306004,2,3,0,18,0,1,0,0,0,0,1,1,2,1,6,124,1,1,5,1
2013471306005,1,9,0,5,0,1,0,0,0,0,1,1,6,1,10,-1,-1,-1,6,1
2013471306006,1,9,0,7,0,1,0,0,1,0,4,1,1,2,8,1896,2,12,4,1
2013471306006,2,1,0,18,0,1,0,0,0,0,4,1,2,1,8,-1,-1,-1,3,1
2013471306008,1,9,0,7,0,5,0,0,0,0,4,1,6,2,6,1587,1,11,7,1
2013471306008,2,1,0,18,0,1,0,0,0,0,1,1,6,1,7,-1,-1,-1,8,1
2013471306009,1,9,0,18,0,2,0,0,0,0,1,1,6,1,5,2143,2,-1,1,1
2013471306009,2,9,0,3,0,2,0,0,0,0,2,1,6,1,8,1968,2,2,8,1
2013471306014,1,9,0,4,0,8,0,0,0,0,1,1,6,3,-1,1796,1,9,-1,-1
2013471306014,2,9,0,4,0,8,0,0,0,0,2,1,6,2,11,1242,1,2,8,1
2013471306014,3,9,0,4,0,8,0,0,0,0,2,1,6,2,7,1598,1,-1,9,1
2013471306015,1,9,0,5,0,8,0,0,0,0,1,1,6,1,6,1587,1,11,1,1
2013471306015,2,9,0,18,0,2,0,0,0,0,3,1,6,2,7,999,1,2,7,1
2013471306017,1,9,0,9,0,8,0,0,0,0,4,1,6,1,10,1796,1,5,4,1
2013471306017,2,5,0,18,0,1,0,0,1,0,1,1,6,1,5,599,1,6,3,1
2013471306018,1,19,0,5,0,5,0,0,0,0,1,1,1,1,8,2198,2,-1,4,1
2013471306018,2,9,0,17,0,8,1,0,3,0,1,1,2,1,8,1598,1,7,7,3
2013471306022,1,9,0,13,0,2,0,0,0,0,3,1,6,2,11,1797,8,-1,10,2
2013471306022,2,9,0,2,0,2,0,0,0,0,3,1,6,3,-1,1796,1,6,-1,-1
2013471306023,1,9,0,16,0,0,1,0,0,0,3,1,6,1,5,2521,1,7,8,3
2013471306023,2,9,0,17,0,0,1,0,0,0,1,1,2,1,8,1388,1,10,10,2
2013471306023,3,9,0,16,0,0,1,0,0,0,1,1,6,2,4,1390,1,13,7,3
2013471306024,1,9,0,7,0,6,0,0,0,0,3,1,6,1,7,1397,1,2,2,1
2013471306024,2,9,0,18,0,8,0,0,0,0,1,1,6,1,11,1364,1,6,3,1
2013471306026,1,11,0,4,0,0,0,0,0,0,0,1,1,1,6,-1,-1,-1,4,1
2013471306027,1,9,0,18,0,1,0,0,0,0,1,1,6,2,7,1242,1,7,8,1
2013471306027,2,9,0,8,0,7,0,0,0,0,2,1,6,1,6,1674,1,13,7,2
2013471306029,1,9,0,18,0,1,0,0,0,0,1,1,6,2,5,1124,1,6,6,1
2013471306029,2,9,0,18,0,1,0,0,0,0,2,1,6,2,7,1587,1,11,6,1
2013471306030,1,9,0,17,0,0,1,10,1,2,4,1,6,1,10,1596,1,10,7,1
2013471306031,1,11,0,18,0,2,0,0,0,0,1,1,1,1,9,9000,2,6,2,1
2013471306033,1,9,0,18,0,0,0,0,0,0,1,1,6,2,10,1596,1,8,5,1
2013471306037,1,9,0,18,0,0,0,0,1,4,3,1,6,2,5,1761,1,14,8,3
2013471306038,1,9,0,9,0,8,0,0,0,0,1,1,6,1,8,2000,1,18,1,1
2013471306039,1,9,0,18,0,1,0,0,0,0,1,1,6,1,7,1997,2,11,3,1
2013471306039,2,9,0,2,0,1,0,0,0,0,2,1,6,2,6,1781,1,21,7,1
2013471306040,1,9,0,17,0,0,1,0,7,4,4,1,6,1,6,1783,1,10,3,1
2013471306041,1,9,0,17,0,0,0,0,7,1,1,1,2,1,6,1596,1,16,9,1
2013471306045,1,3,0,18,0,0,0,0,0,0,4,1,6,1,7,125,1,1,7,1
2013471306046,1,9,0,18,0,8,0,0,0,0,1,1,2,1,5,1598,1,10,5,3
2013471306046,2,9,0,18,0,8,0,0,0,0,1,1,2,1,6,1595,1,16,3,1
2013471306047,1,9,0,18,0,4,0,0,0,0,1,1,6,1,6,1598,1,11,8,1
2013471306047,2,9,0,3,0,4,0,0,0,0,2,1,6,1,5,1364,1,8,6,1
2013471306052,1,8,0,11,0,6,0,0,0,0,4,1,1,1,7,1998,2,5,1,1
2013471306052,2,5,0,17,0,1,0,0,0,0,3,1,2,1,9,1130,1,10,-1,-1
2013471306053,1,9,0,18,0,0,2,0,7,11,3,1,6,1,4,1360,1,9,9,3
2013471306054,1,9,0,18,0,8,0,0,0,0,4,1,6,1,11,999,1,6,10,1
2013471306054,2,2,0,18,0,1,0,0,0,0,1,1,6,2,4,124,1,-1,3,1
2013471306055,1,9,0,18,0,1,0,0,0,0,1,1,6,1,8,1798,1,6,7,1
2013471306055,2,90,0,18,0,1,0,0,0,0,0,1,1,1,7,2987,2,3,1,1
2013471306055,3,8,0,7,0,1,0,0,0,0,0,1,1,3,-1,-1,-1,-1,-1,-1
2013471306056,1,9,0,18,0,0,0,0,0,0,3,1,6,2,11,1149,1,6,1,1
2013471306057,1,5,0,17,0,0,1,0,1,0,3,1,6,1,5,599,1,5,2,1
2013471306058,1,9,0,18,0,0,0,0,7,10,1,1,6,1,5,1590,1,8,7,3
2013471306058,2,10,0,18,0,0,0,0,8,11,1,1,6,1,6,-1,-1,-1,7,1
2013471306059,1,5,0,17,0,0,0,0,0,0,1,1,6,1,4,499,1,11,2,1
2013471306059,2,9,0,17,0,0,0,0,0,0,2,1,6,2,8,-1,-1,-1,3,1
2013471306060,1,9,0,18,0,1,0,0,0,0,1,1,6,1,6,1796,1,6,5,1
2013471306060,2,8,0,3,0,1,0,0,0,0,2,1,1,1,8,1991,2,3,6,1
2013471306066,1,9,0,9,0,8,0,0,0,0,3,1,6,2,6,1598,1,11,7,1
2013471306066,2,9,0,18,0,8,0,0,0,0,3,2,1,2,7,1587,1,7,9,1
2013471306071,1,9,0,18,0,0,0,0,0,11,1,1,6,1,11,1398,1,1,6,1
2013471306073,1,9,0,16,0,0,0,0,0,0,3,1,6,2,5,1242,1,5,10,1
2013471306073,2,9,0,17,0,0,0,0,1,1,3,1,6,2,10,1984,1,5,9,1
2013471306075,1,8,0,9,0,6,0,0,0,0,4,1,6,1,6,1956,2,4,3,1
2013471306075,2,2,0,13,0,1,0,0,0,0,4,1,6,1,6,49,1,3,3,1
2013471306075,3,9,0,18,0,1,0,0,0,0,0,1,6,1,-1,-1,-1,-1,-1,-1
2013471306076,1,4,0,13,0,2,0,0,7,9,2,1,6,1,5,399,1,24,4,1
2013471306076,2,9,0,9,0,2,0,0,0,0,1,1,6,1,7,1995,2,2,8,1
2013471306078,1,3,0,18,0,1,0,0,0,0,1,1,6,1,4,124,1,2,7,1
2013471306078,2,9,0,18,0,1,0,0,0,0,3,1,6,2,7,1870,2,7,5,1
2013471306079,1,9,0,9,0,8,0,0,0,0,1,1,6,2,8,973,1,10,3,1
2013471306079,2,1,0,18,0,8,0,0,0,0,1,1,6,1,6,-1,-1,-1,9,1
2013471306084,1,19,0,1,0,2,0,0,0,0,2,1,1,1,7,1248,2,5,1,1
2013471306085,1,9,0,18,0,0,0,0,0,0,1,1,2,1,8,2494,1,13,5,3
2013471306086,1,19,0,9,0,8,1,0,7,0,4,1,1,1,7,2287,2,-1,9,1
2013471306086,2,8,0,18,0,8,0,0,0,0,1,1,1,1,8,1968,2,3,4,1
2013471306087,1,9,0,5,0,6,0,0,0,0,1,1,6,1,10,1896,2,11,9,1
2013471306087,2,1,0,18,0,1,0,0,0,0,1,1,6,1,7,-1,-1,-1,2,1
2013471306087,3,1,0,18,0,1,0,0,0,0,1,1,6,1,6,-1,-1,-1,3,1
2013471306089,1,9,0,18,0,0,0,0,7,2,3,1,6,1,5,2993,2,10,6,1
2013471306090,1,9,0,18,0,8,0,0,0,0,1,1,6,2,8,1798,1,7,4,1
2013471306090,2,1,0,9,0,8,0,0,0,0,4,1,2,1,7,-1,-1,-1,3,1
2013471306091,1,9,0,18,0,0,0,0,0,0,3,1,6,3,6,-1,-1,-1,-1,-1
2013471306093,1,9,0,16,0,0,1,12,1,10,1,1,6,1,4,998,1,29,6,3
2013471306093,2,9,0,17,0,0,0,0,0,0,1,1,1,1,7,-1,-1,-1,3,1
2013471306094,1,19,0,7,0,6,0,0,0,0,1,1,6,1,4,1461,2,11,3,1
2013471306094,2,1,0,18,4,8,0,0,0,0,3,1,6,1,8,-1,-1,-1,4,1
2013471306096,1,20,0,9,0,8,0,0,0,0,1,1,6,1,5,5880,2,10,-1,-1
2013471306096,2,9,0,10,0,1,0,0,0,0,1,1,6,1,8,1398,1,4,4,1
2013471306097,1,9,0,3,0,0,0,0,7,11,1,1,6,1,11,1149,1,11,6,1
2013471306097,2,9,0,5,0,0,0,0,0,0,0,1,6,1,7,2996,1,7,3,1
2013471306100,1,9,0,7,0,1,0,0,0,0,1,1,6,2,6,1598,1,14,-1,-1
2013471306100,2,9,0,10,0,1,0,0,0,0,4,1,2,2,6,1390,1,7,4,1
2013471306104,1,5,0,16,0,1,1,0,0,0,4,1,1,1,6,953,1,4,8,3
2013471306104,2,9,0,17,0,2,0,0,0,0,1,1,2,1,5,1753,2,7,9,1
2013471306105,1,9,0,18,0,8,0,0,0,0,1,1,6,1,10,1997,1,-1,-1,-1
2013471306105,2,9,0,18,0,8,0,0,0,0,4,1,6,2,6,1198,1,4,6,1
2013471306106,1,9,0,16,0,0,1,0,5,6,1,1,6,1,6,1796,1,8,2,1
2013471306108,1,9,0,9,0,6,0,0,0,0,3,1,6,1,9,1796,1,-1,7,1
2013471306108,2,3,0,18,0,8,0,0,0,0,1,1,6,1,4,125,1,1,4,1
2013471306109,1,9,0,18,0,2,0,0,0,0,1,1,6,2,8,1997,2,10,4,1
2013471306110,1,9,0,18,0,0,0,0,0,0,1,1,6,2,6,1149,1,13,8,3
2013471306110,2,9,0,18,0,0,0,0,0,0,2,1,6,3,-1,-1,-1,-1,-1,-1
2013471306111,1,9,0,18,0,0,0,0,0,0,1,1,6,2,10,1339,1,4,10,1
2013471306111,2,9,0,2,0,0,0,0,0,0,2,1,6,3,-1,1870,2,9,-1,-1
2013471306111,3,9,0,2,0,0,0,0,0,0,2,1,6,3,-1,1587,1,8,-1,-1
2013471306112,1,9,0,18,0,0,0,0,0,0,1,1,6,1,6,-1,-1,-1,-1,-1
2013471306113,1,3,0,18,0,1,0,0,0,0,1,1,6,1,7,49,1,10,-1,-1
2013471306113,2,9,0,9,0,8,0,0,0,0,1,1,6,2,8,1997,2,11,3,1
2013471306114,1,9,0,18,0,0,0,0,0,0,1,1,6,1,11,1248,1,1,6,3
2013471306116,1,3,0,16,0,0,1,0,0,0,1,1,2,1,5,125,1,1,2,1
2013471306116,2,9,0,16,0,0,0,0,0,0,2,1,6,2,7,1799,1,5,5,1
2013471306117,1,20,0,7,0,1,0,0,0,0,4,1,1,1,7,5193,2,5,2,1
2013471306117,2,9,0,18,0,1,0,0,0,0,3,1,6,1,6,1796,1,12,1,1
2013471306118,1,19,0,17,0,8,5,0,0,0,0,1,1,1,6,2999,2,4,6,1
2013471306119,1,9,0,18,0,6,0,0,0,0,1,1,6,3,7,-1,-1,-1,-1,-1
2013471306119,2,9,0,18,0,8,0,0,0,0,4,1,1,1,6,1229,1,8,4,1
2013471306126,1,9,0,13,0,0,0,0,0,0,4,1,6,3,6,-1,-1,-1,-1,-1
2013471306126,2,1,0,18,0,0,0,0,1,0,3,1,2,1,6,-1,-1,-1,9,1
2013471306127,1,9,0,9,0,5,0,0,0,0,3,1,2,1,8,1796,1,9,6,1
2013471306128,1,9,0,4,0,1,1,0,0,0,1,1,6,2,7,-1,-1,-1,10,1
2013471306128,2,9,0,3,0,1,0,0,0,0,2,1,6,2,8,1598,1,3,7,3
2013471306129,1,9,0,18,0,0,1,0,0,0,1,1,2,1,5,1396,1,9,-1,-1
2013471306129,2,9,0,4,0,0,0,0,0,0,2,1,2,1,9,-1,-1,-1,7,1
2013471306129,3,9,0,4,0,0,0,0,0,0,2,1,2,2,7,1995,2,9,4,1
2013471306131,1,9,0,9,0,6,0,0,0,0,4,1,6,1,10,1364,2,7,9,1
2013471306131,2,5,0,18,0,8,0,10,0,0,1,1,1,1,8,-1,-1,-1,9,1
2013471306132,1,19,0,18,0,0,1,0,0,0,1,1,1,1,9,2151,2,11,6,1
2013471306132,2,8,0,4,0,0,0,0,0,0,2,1,1,1,9,1896,2,8,1,1
2013471306132,3,9,0,4,0,0,0,0,0,0,2,1,6,2,9,1360,1,4,4,1
2013471306133,1,9,0,18,0,4,0,0,0,0,1,1,6,1,7,1396,1,12,9,1
2013471306133,2,9,0,9,0,4,0,0,0,0,3,1,6,2,8,1299,1,9,10,1
2013471306136,1,8,0,7,0,5,0,0,0,0,1,1,1,1,5,1968,2,5,4,1
2013471306136,2,1,0,4,0,6,0,0,0,0,2,1,2,2,8,-1,-1,-1,5,1
2013471306138,1,9,0,3,0,0,0,0,0,0,2,1,6,2,7,1968,2,8,4,1
2013471306138,2,9,0,18,0,0,0,0,0,0,1,1,6,1,7,1968,2,1,5,3
2013471306147,1,9,0,18,0,2,1,0,0,10,1,1,6,1,5,1598,1,11,3,1
2013471306149,1,9,0,6,0,1,0,0,0,0,3,1,6,2,7,1386,1,4,3,1
2013471306149,2,9,0,18,0,1,0,0,0,0,4,1,6,2,6,1598,1,8,6,1
2013471306150,1,9,0,9,0,6,0,0,0,0,1,1,6,2,10,1753,2,7,9,3
2013471306150,2,9,0,18,0,8,0,0,0,0,4,1,6,1,6,1595,1,5,8,2
2013471306152,1,9,0,9,0,2,0,0,0,0,3,1,6,2,5,-1,-1,-1,5,1
2013471306154,1,9,0,18,0,1,0,0,0,0,1,1,1,1,8,1997,2,12,2,1
2013471306154,2,20,0,10,0,8,0,0,0,0,0,1,1,1,6,2402,2,6,7,1
2013471306157,1,9,0,18,0,2,0,0,0,0,3,1,6,1,6,-1,-1,-1,4,3
2013471306158,1,19,0,7,0,8,0,0,0,0,4,1,1,2,8,1295,1,12,3,1
2013471306158,2,1,0,18,0,8,0,0,0,0,1,1,2,2,7,-1,-1,-1,3,1
2013471306160,1,2,0,18,0,2,0,0,1,4,1,1,6,2,4,49,1,2,8,1
2013471306161,1,4,0,14,0,0,0,0,0,0,1,1,6,1,6,-1,-1,-1,-1,-1
2013471306161,2,9,0,3,0,0,0,0,0,0,0,1,6,1,6,-1,-1,-1,-1,-1
2013471306162,1,3,0,18,0,0,1,0,0,0,1,1,6,1,4,125,1,-1,3,1
2013471306162,2,1,0,18,0,0,0,0,0,0,2,1,6,1,8,-1,-1,-1,2,1
2013471306162,3,19,0,18,0,0,0,0,0,0,0,1,6,1,-1,-1,-1,-1,-1,-1
2013471306163,1,9,0,18,0,0,0,0,1,1,1,1,6,1,5,2494,1,10,3,1
2013471306164,1,9,0,9,0,6,0,0,0,0,1,1,6,2,9,996,1,4,3,1
2013471306164,2,19,0,5,0,3,0,0,0,0,4,1,1,1,6,2198,2,1,1,1
2013471306165,1,5,0,13,0,1,0,0,0,0,1,1,6,1,5,599,1,15,3,1
2013471306165,2,9,0,9,0,6,0,0,0,0,3,2,6,2,9,1341,1,8,7,3
2013471306165,3,21,0,18,0,1,0,0,0,0,0,1,1,1,8,-1,-1,-1,4,1
2013471306166,1,9,0,5,0,1,0,0,0,0,4,1,2,2,6,1596,1,5,10,1
2013471306166,2,1,0,5,0,8,0,0,0,0,1,1,6,1,6,-1,-1,-1,5,1
2013471306168,1,9,0,4,0,1,0,0,0,0,1,1,6,2,9,1761,1,12,6,1
2013471306168,2,1,0,10,0,1,0,0,0,0,2,1,6,2,7,-1,-1,-1,3,1
2013471306172,1,9,0,18,0,1,0,0,0,0,1,1,6,1,7,2500,1,13,3,1
2013471306172,2,8,0,10,0,2,0,0,0,0,2,1,6,1,6,-1,-1,-1,3,1
2013471306173,1,9,0,18,0,1,0,0,0,0,1,1,6,1,8,1386,1,7,9,2
2013471306174,1,1,0,18,0,1,0,0,0,0,1,1,6,1,11,-1,-1,-1,4,1
2013471306174,2,8,0,2,6,1,0,0,0,0,3,1,1,1,9,1598,2,3,4,1
2013471306175,1,9,0,7,0,6,0,0,0,0,2,1,6,2,8,1596,1,10,7,1
2013471306175,2,9,0,18,0,8,0,0,0,0,1,1,6,1,6,1870,2,13,3,1
2013471306176,1,9,0,18,0,0,1,0,8,4,1,1,6,1,5,1248,2,10,8,3
2013471306177,1,4,0,13,0,8,0,0,0,0,1,1,2,1,8,125,1,10,6,1
2013471306177,2,9,0,9,0,6,0,0,0,0,3,1,6,1,5,1198,1,4,-1,-1