Accident_Index,Vehicle_Reference,Vehicle_Type,Towing_and_Articulation,Vehicle_Manoeuvre,Vehicle_Location-Restricted_Lane,Junction_Location,Skidding_and_Overturning,Hit_Object_in_Carriageway,Vehicle_Leaving_Carriageway,Hit_Object_off_Carriageway,1st_Point_of_Impact,Was_Vehicle_Left_Hand_Drive?,Journey_Purpose_of_Driver,Sex_of_Driver,Age_Band_of_Driver,Engine_Capacity_(CC),Propulsion_Code,Age_of_Vehicle,Driver_IMD_Decile,Driver_Home_Area_Type
2013471306177,3,9,0,7,0,1,0,0,0,0,0,1,6,3,-1,-1,-1,-1,-1,-1
2013471306178,1,9,0,16,0,8,0,0,0,0,0,1,1,1,6,1560,2,5,9,2
2013471306182,1,21,1,16,0,0,0,0,0,0,1,2,1,1,6,-1,-1,-1,-1,-1
2013471306182,2,9,0,17,0,0,0,0,1,0,1,1,6,1,11,1497,8,1,10,1
2013471306183,1,21,0,18,0,0,0,0,0,0,0,1,1,1,8,-1,-1,-1,7,1
2013471306183,2,9,0,18,0,0,0,11,0,0,1,1,6,2,5,-1,-1,-1,1,1
2013471306185,1,9,0,18,0,2,0,7,0,0,1,1,2,2,4,1360,1,13,8,1
2013471306188,1,9,0,18,0,0,0,0,0,0,1,1,6,2,5,1229,1,6,5,1
2013471306188,2,9,0,18,0,0,0,0,0,0,2,1,6,2,6,1242,1,12,7,1
2013471306189,1,9,0,5,0,6,0,0,0,0,1,1,6,2,11,999,1,3,6,3
2013471306189,2,1,0,17,0,1,0,0,0,0,1,1,6,1,6,-1,-1,-1,10,1
2013471306190,1,9,0,7,0,1,0,0,0,0,0,1,6,1,8,1798,1,9,8,3
2013471306191,1,9,0,18,0,0,0,0,0,0,4,1,6,2,11,1396,1,8,10,1
2013471306193,1,9,0,4,0,4,0,0,0,0,1,1,6,1,6,-1,-1,-1,-1,-1
2013471306193,2,1,0,7,0,3,0,0,0,0,4,1,2,1,4,-1,-1,-1,5,1
2013471306196,1,9,0,18,0,8,1,0,0,0,1,1,6,1,7,2495,2,15,10,3
2013471306196,2,9,0,10,0,8,0,0,0,0,2,1,6,1,7,1595,1,16,7,3
2013471306197,1,9,0,18,0,8,0,0,0,1,3,1,6,2,8,1596,1,9,10,1
2013471306197,2,9,0,18,0,8,0,0,0,0,1,1,6,1,5,1229,1,6,6,1
2013471306198,1,9,0,18,0,0,0,0,0,0,3,1,6,1,8,998,1,-1,8,3
2013471306204,1,9,0,18,0,1,0,0,0,0,1,1,6,1,11,1199,1,13,4,1
2013471306204,2,9,0,2,0,1,0,0,0,0,2,1,6,3,-1,1996,1,11,-1,-1
2013471306205,1,9,0,18,0,8,0,0,0,0,1,1,6,2,8,2495,2,12,7,2
2013471306207,1,9,0,9,0,6,0,0,0,0,1,1,6,1,11,1598,1,7,3,1
2013471306208,1,9,0,18,0,8,0,0,0,0,1,1,6,1,7,1587,1,11,3,1
2013471306208,2,9,0,18,0,8,0,0,0,0,1,1,6,2,9,-1,-1,-1,4,1
2013471306209,1,8,0,1,0,2,0,0,0,0,2,1,3,1,10,1198,1,3,6,1
2013471306209,2,8,0,2,6,2,0,0,0,0,3,1,6,2,8,1598,1,-1,1,1
2013471306210,1,19,0,7,0,6,0,0,0,0,1,1,6,1,6,2198,2,2,8,1
2013471306210,2,1,0,18,0,8,0,7,0,0,1,1,6,1,8,-1,-1,-1,2,1
2013471306211,1,9,0,16,0,0,0,0,0,0,1,1,6,1,4,1388,1,10,7,1
2013471306211,2,9,0,17,0,0,0,0,0,0,1,1,2,1,9,1999,1,6,4,3
2013471306212,1,9,0,18,0,4,0,0,0,0,3,1,6,1,11,1560,2,4,10,1
2013471306212,2,3,0,18,0,8,0,0,0,0,1,1,6,1,6,124,1,6,3,1
2013471306213,1,9,0,18,0,8,0,0,0,0,1,1,6,1,10,1598,1,14,5,1
2013471306214,1,9,0,16,0,0,2,0,1,4,1,1,6,1,11,1998,1,12,9,2
2013471306216,1,20,0,18,0,0,0,0,0,0,4,1,6,2,8,3920,2,6,10,1
2013471306216,2,1,0,18,0,0,0,0,1,0,2,1,6,1,8,-1,-1,-1,6,3
2013471306217,1,9,0,5,0,4,0,0,0,0,1,1,6,1,9,999,1,5,7,1
2013471306217,2,1,0,5,0,4,0,0,0,0,2,1,6,1,11,-1,-1,-1,7,1
2013471306219,1,9,0,17,0,0,1,0,1,10,3,1,6,1,7,1796,1,14,3,1
2013471306219,2,9,0,16,0,0,0,0,0,0,3,1,6,1,8,2143,2,2,9,2
2013471306220,1,19,0,12,0,0,0,0,0,0,3,1,6,1,5,2299,2,15,-1,-1
2013471306220,2,9,0,18,0,0,0,0,0,0,4,1,6,1,9,1956,2,1,3,1
2013471306222,1,9,0,18,0,3,0,0,2,7,1,1,6,1,8,1988,1,13,4,1
2013471306223,1,9,0,4,0,4,0,0,0,0,4,1,6,1,8,-1,-1,-1,9,1
2013471306223,2,1,0,18,0,4,0,0,1,0,3,1,2,1,8,-1,-1,-1,10,1
2013471306224,1,9,0,18,0,0,0,0,0,0,3,1,6,1,5,-1,-1,-1,5,1
2013471306224,2,9,0,18,0,0,0,0,0,0,3,1,6,1,6,1896,2,9,6,1
2013471306224,3,9,0,2,0,0,0,0,0,0,3,1,6,3,-1,1397,1,13,-1,-1
2013471306224,4,9,0,2,0,0,0,0,0,0,3,1,6,3,-1,1997,2,1,-1,-1
2013471306224,5,9,0,2,0,0,0,0,0,0,2,1,6,3,-1,1582,2,1,-1,-1
2013471306224,6,9,0,18,0,0,0,0,0,0,0,1,1,1,8,-1,-1,-1,6,1
2013471306225,1,9,0,18,0,0,0,0,8,1,3,1,6,1,4,1390,1,15,9,1
2013471306226,1,9,0,18,0,0,0,0,2,4,4,1,6,1,4,1995,2,11,2,1
2013471306229,1,19,0,18,0,1,0,0,0,0,0,1,1,1,9,1996,2,1,9,1
2013471306229,2,11,0,2,2,1,0,0,0,0,0,1,6,1,7,-1,-1,-1,-1,-1
2013471306233,1,20,0,3,0,0,0,0,0,0,2,1,1,1,9,3920,2,5,6,1
2013471306233,2,9,0,4,0,0,0,0,0,0,1,1,1,2,7,1398,2,7,8,3
2013471306233,3,9,0,4,0,0,0,0,0,0,1,1,6,2,7,1988,1,13,10,3
2013471306234,1,19,0,18,0,6,0,0,0,0,1,1,2,1,9,2464,2,6,4,1
2013471306234,2,9,0,18,0,1,0,0,0,0,3,1,2,1,5,1999,1,2,7,1
2013471306236,1,19,0,18,0,1,0,0,0,0,0,1,1,1,4,2143,2,3,6,1
2013471306237,1,9,0,5,0,1,0,0,0,0,1,1,6,1,9,2497,1,15,6,1
2013471306237,2,3,0,18,0,1,0,0,0,0,4,1,6,1,5,125,1,6,5,1
2013471306239,1,19,0,5,0,6,0,0,0,0,4,1,6,1,7,2798,2,12,9,1
2013471306242,1,9,0,8,0,1,0,0,0,0,1,1,1,2,7,1598,1,4,6,2
2013471306242,2,9,0,8,0,1,0,0,0,0,1,1,1,1,8,2500,2,27,7,3
2013471306243,1,9,0,9,0,5,0,0,0,0,1,1,6,1,4,1149,1,8,7,1
2013471306243,2,1,0,18,0,8,0,0,0,0,2,1,6,1,7,-1,-1,-1,3,1
2013471306244,1,2,0,9,0,6,0,0,0,0,1,1,6,3,-1,-1,-1,-1,-1,-1
2013471306244,2,4,0,18,0,8,0,0,0,0,1,1,6,1,6,124,1,2,3,1
2013471306245,1,8,0,2,0,1,0,0,0,0,4,1,6,1,5,-1,-1,-1,-1,-1
2013471306245,2,1,0,18,0,1,0,8,0,0,1,1,6,1,5,-1,-1,-1,3,1
2013471306247,1,9,0,7,0,8,0,0,7,0,3,1,6,1,10,1596,1,9,6,1
2013471306247,2,3,0,18,0,8,0,0,0,0,1,1,6,1,4,125,1,4,-1,-1
2013471306249,1,9,0,18,0,0,0,0,0,0,1,1,6,2,9,1242,1,13,4,3
2013471306249,2,1,0,18,0,0,0,0,0,0,2,1,6,1,8,-1,-1,-1,2,1
2013471306250,1,9,0,18,0,0,0,0,0,0,1,1,2,1,9,1364,1,7,3,1
2013471306250,2,9,0,18,0,0,0,0,1,9,1,1,6,1,9,2179,2,-1,6,1
2013471306251,1,9,0,18,0,0,2,0,7,10,1,1,6,2,4,1390,1,11,7,3
2013471306253,1,9,0,18,0,0,0,0,0,0,1,1,6,3,-1,-1,-1,-1,-1,-1
2013471306255,1,11,0,5,0,2,0,0,0,0,0,1,1,1,9,4760,2,1,1,1
2013471306258,1,8,0,7,4,8,0,0,0,0,4,1,1,1,8,1560,2,-1,3,1
2013471306258,2,1,0,18,4,8,0,0,0,0,1,1,6,1,5,-1,-1,-1,3,1
2013471306259,1,19,0,18,0,1,0,0,0,0,1,1,1,1,5,1870,2,7,9,1
2013471306259,2,8,0,18,0,8,0,4,1,0,4,1,1,1,9,1995,2,7,4,1
2013471306259,3,9,0,2,0,2,0,0,0,0,2,1,6,2,8,1299,1,8,5,1
2013471306261,1,9,0,18,0,8,5,7,0,0,1,1,6,2,8,1598,1,5,4,1
2013471306261,2,9,0,18,0,8,0,0,0,1,1,1,2,1,5,1796,1,14,3,1
2013471306264,1,19,0,18,0,0,0,0,0,0,0,1,1,3,-1,-1,-1,-1,-1,-1
2013471306264,2,9,0,18,0,0,1,0,1,10,4,1,6,1,7,1598,1,15,6,2
2013471306265,1,9,0,5,0,1,0,0,0,0,1,1,6,1,6,1998,1,16,4,1
2013471306265,2,9,0,3,0,1,0,0,0,0,2,1,6,2,6,1796,1,7,4,1
2013471306266,1,9,0,18,0,0,0,0,0,0,1,1,6,2,8,1991,2,3,10,1
2013471306267,1,19,0,1,0,6,0,0,0,0,2,1,6,3,-1,2198,2,2,-1,-1
2013471306267,2,9,0,3,0,1,0,0,0,1,1,1,6,1,9,1560,2,2,1,1
2013471306269,1,9,0,7,0,4,0,0,0,0,0,1,6,2,9,1360,1,8,9,1
2013471306269,2,9,0,4,0,4,0,0,0,0,1,1,6,2,6,1242,1,10,9,1
2013471306271,1,19,0,15,0,0,0,0,0,0,4,1,1,3,6,2402,2,3,-1,-1
2013471306271,2,19,0,2,0,0,0,0,0,0,0,1,1,3,-1,2143,2,2,-1,-1
2013471306272,1,11,0,4,0,2,0,0,0,0,0,1,1,1,6,8268,2,12,7,1
2013471306273,1,9,0,18,0,1,0,0,0,0,1,1,6,2,7,1200,1,-1,7,1
2013471306275,1,9,0,16,0,0,0,0,0,0,1,1,6,2,7,1800,1,14,7,2
2013471306275,2,8,0,16,0,0,0,0,0,0,2,1,1,1,8,2148,2,4,5,1
2013471306277,1,5,0,18,0,0,1,0,0,0,1,1,6,1,9,749,1,21,7,3
2013471306277,2,20,0,18,0,0,0,0,0,0,1,1,1,1,9,6692,2,1,2,1
2013471306278,1,9,0,18,0,0,0,0,0,0,2,1,6,1,8,-1,-1,-1,-1,-1
2013471306278,2,90,0,18,0,0,0,0,0,0,2,1,6,1,6,-1,-1,-1,6,1
2013471306280,1,9,0,18,0,4,0,0,0,0,1,1,6,1,5,-1,-1,-1,5,1
2013471306280,2,9,0,5,0,4,0,0,0,0,2,1,6,2,5,1590,1,19,4,1
2013471306281,1,5,0,18,0,1,0,0,0,0,1,1,2,1,8,652,1,11,4,1
2013471306281,2,9,0,18,0,1,0,0,0,0,2,1,2,1,4,1598,1,-1,7,1
2013471306282,1,9,0,7,0,1,0,0,0,0,4,1,6,3,-1,-1,-1,-1,-1,-1
2013471306282,2,1,0,18,0,1,0,0,0,0,2,1,6,1,2,-1,-1,-1,9,1
2013471306284,1,9,0,18,0,1,0,0,0,0,1,1,6,2,4,1997,2,12,4,1
2013471306284,2,9,0,10,0,2,0,0,0,0,2,1,6,1,6,1596,1,11,5,1
2013471306285,1,9,0,4,0,0,0,0,0,0,1,1,6,1,6,1850,1,13,-1,-1
2013471306285,2,9,0,4,0,0,0,0,0,0,2,1,2,2,7,1390,1,9,3,1
2013471306285,3,9,0,4,0,0,0,0,0,0,2,1,6,2,8,2179,2,6,5,3
2013471306286,1,9,0,8,0,1,0,0,0,0,1,1,6,2,5,-1,-1,-1,-1,-1
2013471306286,2,1,0,18,0,1,0,0,0,0,4,1,1,1,7,-1,-1,-1,5,1
2013471306287,1,9,0,18,0,2,0,0,0,0,1,1,2,1,7,1388,1,9,6,1
2013471306287,2,11,0,2,6,2,0,0,0,0,0,1,1,1,8,9000,2,7,4,1
2013471306289,1,9,0,9,0,8,0,0,7,0,4,1,6,1,11,-1,-1,-1,6,3
2013471306289,2,9,0,18,0,8,0,0,0,0,1,1,1,1,6,1242,1,13,9,3
2013471306290,1,3,0,18,0,1,0,0,0,0,1,1,6,2,7,599,1,8,1,1
2013471306292,1,9,0,5,0,6,0,0,0,0,1,1,2,2,7,2231,2,8,9,1
2013471306292,2,1,0,18,0,8,0,0,0,0,2,1,2,1,5,-1,-1,-1,1,1
2013471306293,1,11,0,4,0,1,0,0,0,0,4,2,1,1,8,-1,-1,-1,-1,-1
2013471306294,1,9,0,9,0,8,0,0,7,11,1,1,6,1,5,1386,1,6,3,1
2013471306294,2,9,0,18,0,8,0,0,0,0,1,1,6,1,5,1896,2,12,6,1
2013471306295,1,9,0,10,0,1,0,0,0,0,1,1,6,1,8,1242,1,15,7,1
2013471306295,2,9,0,9,0,1,0,0,0,0,3,1,6,1,6,2497,1,9,7,1
2013471306297,1,9,0,18,0,8,0,0,0,0,1,2,6,2,8,1108,1,17,-1,-1
2013471306298,1,9,0,9,8,6,0,0,0,0,1,1,6,1,7,1999,1,5,2,1
2013471306298,2,2,0,14,0,8,0,0,0,0,4,1,4,1,4,49,1,1,2,1
2013471306302,1,9,0,9,0,1,0,0,0,0,1,1,6,2,6,1995,2,4,7,1
2013471306302,2,9,0,18,0,1,0,0,0,0,1,1,6,1,11,1598,1,14,10,1
2013471306303,1,9,0,9,0,6,0,0,0,0,1,1,6,2,9,1995,1,7,6,3
2013471306304,1,9,0,5,8,7,0,0,1,0,3,1,6,1,7,1896,2,11,7,1
2013471306304,2,9,0,18,0,8,0,0,0,0,4,1,6,2,5,1242,1,13,7,1
2013471306304,3,9,0,18,0,8,1,0,1,4,4,1,6,2,10,1242,1,6,1,1
2013471306305,1,1,0,11,0,8,0,0,0,0,2,1,6,1,6,-1,-1,-1,7,1
2013471306305,2,9,0,9,0,8,0,0,0,0,1,1,6,1,6,1560,2,-1,4,1
2013471306306,1,11,0,18,0,2,0,0,0,0,1,1,1,1,7,6700,2,3,10,1
2013471306307,1,9,0,11,0,0,5,0,7,1,1,1,6,1,5,2488,1,9,9,2
2013471306308,1,9,0,18,0,8,0,0,0,0,1,1,3,2,7,1796,1,11,8,1
2013471306308,2,9,0,9,0,8,0,0,0,0,4,1,3,1,7,1999,1,12,8,1
2013471306309,1,9,0,18,0,8,0,0,3,10,1,1,6,1,7,1762,1,15,7,1
2013471306313,1,9,0,18,0,1,0,0,0,0,4,1,6,3,-1,-1,-1,-1,-1,-1
2013471306313,2,1,0,7,0,2,0,0,0,0,1,1,6,1,3,-1,-1,-1,4,1
2013471306314,1,19,0,18,0,0,5,0,1,11,1,1,1,1,9,2143,2,1,1,1
2013471306317,1,9,0,5,0,8,0,0,0,0,1,1,6,2,9,1339,1,5,3,1
2013471306317,2,1,0,18,0,8,0,0,0,0,2,1,6,1,5,-1,-1,-1,7,1
2013471306318,1,9,0,18,0,1,0,0,0,0,4,1,2,2,7,998,1,11,2,1
2013471306319,1,9,0,18,0,0,1,0,7,11,1,1,6,1,7,2597,1,11,9,1
2013471306320,1,9,0,9,0,1,0,0,0,0,1,1,6,2,11,1490,1,6,9,1
2013471306320,2,1,0,18,9,1,0,0,0,0,0,1,6,1,8,-1,-1,-1,5,1
2013471306321,1,9,0,9,0,4,0,0,0,0,1,1,6,1,11,1398,2,5,5,1
2013471306321,2,9,0,18,0,4,1,0,0,0,1,1,6,1,7,1591,1,-1,10,2
2013471306323,1,9,0,18,0,0,5,4,0,0,1,1,6,1,9,1984,2,-1,-1,-1
2013471306323,2,19,0,2,0,0,0,0,0,0,4,1,6,3,-1,2198,2,-1,-1,-1
2013471306324,1,9,0,9,0,1,0,0,0,0,1,1,6,2,11,998,1,6,9,1
2013471306324,2,9,0,18,0,1,0,0,0,0,4,1,1,1,7,-1,-1,-1,6,1
2013471306326,1,1,0,18,0,1,0,0,0,0,1,1,6,1,8,-1,-1,-1,9,2
2013471306327,1,11,0,4,0,1,0,0,0,0,0,1,6,1,7,-1,-1,-1,4,1
2013471306329,1,9,0,18,0,1,0,0,0,0,4,1,6,1,7,1598,1,11,10,1
2013471306331,1,9,0,6,0,0,0,0,0,0,1,1,6,1,11,1796,1,12,3,1
2013471306332,1,9,0,18,0,1,0,0,0,0,1,1,6,2,11,1596,1,10,5,1
2013471306332,2,9,0,3,0,1,0,0,0,0,2,1,6,2,4,998,1,-1,7,1
2013471306332,3,9,0,9,0,2,0,0,0,0,0,1,6,3,-1,-1,-1,-1,-1,-1
2013471306334,1,9,0,9,0,8,0,0,0,0,3,1,2,1,8,1560,2,3,8,1
2013471306334,2,9,0,18,0,8,1,0,0,0,1,1,2,1,9,1769,1,13,9,1
2013471306335,1,9,0,18,0,0,0,0,0,0,4,1,6,1,8,-1,-1,-1,8,1
2013471306340,1,9,0,1,0,1,0,0,0,0,2,1,6,1,8,-1,-1,-1,-1,-1
2013471306343,1,9,0,16,0,1,0,0,0,0,3,1,6,1,11,1493,1,18,6,1
2013471306343,2,9,0,17,0,1,0,0,0,0,3,1,6,2,7,1910,2,4,6,1
2013471306347,1,9,0,18,0,1,1,0,0,0,1,1,2,1,9,2148,2,5,7,1
2013471306347,2,9,0,4,0,1,0,0,0,0,2,1,6,2,6,2497,1,7,9,1
2013471306347,3,9,0,4,0,1,0,0,0,0,2,1,6,1,8,1997,2,9,5,1
2013471306349,1,9,0,9,0,6,0,0,0,0,1,1,6,1,6,1499,2,-1,10,1
2013471306349,2,1,0,18,0,1,0,0,0,0,4,1,6,1,8,-1,-1,-1,9,1
2013471306350,1,19,0,18,0,0,0,0,0,0,1,1,6,1,6,2143,2,2,9,1
2013471306350,2,9,0,18,0,0,0,0,0,0,0,1,6,2,11,1339,1,9,8,3
2013471306352,1,9,0,18,0,0,0,4,0,0,1,1,6,2,8,1388,1,8,3,1
2013471306352,2,9,0,2,0,0,0,0,1,0,2,1,6,1,10,1149,1,12,1,1
2013471306353,1,9,0,9,0,1,0,0,0,0,3,1,6,2,9,1679,1,11,-1,-1
2013471306353,2,9,0,18,0,8,0,0,0,0,1,1,6,1,7,1461,2,4,2,1
2013471306354,1,9,0,9,0,4,0,0,0,0,1,1,6,1,11,1388,1,1,10,1
2013471306354,2,1,0,18,0,4,0,0,0,0,4,1,6,1,6,-1,-1,-1,6,1
2013471306355,1,11,0,5,0,1,0,0,0,0,0,1,1,1,6,9360,2,1,8,1
2013471306359,1,9,0,18,0,8,0,0,0,0,1,1,6,1,5,-1,-1,-1,2,1
2013471306359,2,1,0,3,0,8,0,0,0,0,2,1,6,1,6,-1,-1,-1,6,1
2013471306360,1,5,0,18,0,6,1,0,7,0,1,1,6,1,7,-1,-1,-1,1,1
2013471306361,1,9,0,18,0,0,0,0,8,3,1,1,6,1,10,1360,1,5,9,2
2013471306362,1,9,0,9,0,6,0,0,0,0,1,1,6,2,6,1360,1,10,7,1
2013471306362,2,9,0,18,0,8,0,0,0,0,4,1,6,1,5,1396,1,15,5,1
2013471306362,3,9,0,18,0,1,0,0,0,0,1,1,6,2,9,1248,2,4,1,1
2013471306363,1,9,0,18,5,0,0,0,0,0,1,1,6,3,-1,1242,1,11,-1,-1
2013471306364,1,9,0,5,0,1,0,0,0,0,3,1,6,2,7,1753,2,5,10,2
2013471306364,2,3,0,13,0,1,0,0,0,0,1,1,6,1,4,125,1,7,7,1
2013471306366,1,9,0,18,0,8,1,0,7,11,1,1,6,1,7,4163,1,1,10,3
2013471306366,2,9,0,6,0,8,0,0,0,0,0,1,2,1,9,1968,2,3,7,1
2013471306366,3,9,0,18,0,8,5,0,0,0,1,1,6,1,8,1149,1,-1,-1,-1
2013471306367,1,9,0,18,0,1,0,0,0,0,1,1,6,1,11,1995,1,5,6,2
2013471306367,2,2,0,3,0,1,0,0,0,0,3,1,6,1,4,124,1,11,4,2
2013471306369,1,2,0,7,0,5,1,0,0,0,4,1,2,2,5,-1,-1,-1,1,1
2013471306371,1,9,0,5,0,0,0,0,0,0,3,1,6,1,4,998,1,5,6,1
2013471306371,2,3,0,17,0,0,0,0,0,0,1,1,6,1,4,124,1,4,6,1
2013471306373,1,9,0,17,0,0,0,0,0,0,3,1,6,2,8,1686,2,2,6,3
2013471306373,2,9,0,16,0,0,0,0,0,0,0,1,1,2,7,1360,1,10,6,1
2013471306376,1,9,0,18,0,0,1,0,7,4,1,1,6,2,9,1598,1,1,9,3
2013471306378,1,9,0,18,0,0,0,0,0,0,1,1,6,2,6,1299,1,12,9,3
2013471306378,2,19,0,3,0,0,0,0,0,0,2,1,1,2,6,2287,2,2,6,1
2013471306378,3,19,0,18,0,0,0,0,0,0,0,1,1,1,7,2143,2,3,6,1
2013471306382,1,11,0,5,0,2,0,0,0,0,0,1,1,1,9,8268,2,12,6,1
2013471306384,1,9,0,18,0,1,0,0,0,0,1,1,6,3,-1,-1,-1,-1,-1,-1
2013471306384,2,9,0,3,0,1,0,0,0,0,2,1,6,2,7,1968,2,6,4,1
2013471306385,1,9,0,18,0,0,0,0,0,0,1,2,3,2,6,2000,2,2,6,1
2013471306386,1,19,0,18,0,1,0,0,0,0,1,1,2,1,6,-1,-1,-1,2,1
2013471306386,2,9,0,4,0,1,0,0,0,0,2,1,2,2,7,1242,1,12,1,1
2013471306387,1,9,0,18,0,0,0,0,1,4,1,1,6,2,9,1999,1,10,8,1
2013471306388,1,9,0,9,0,1,0,0,0,0,1,1,6,1,4,1198,1,3,6,1
2013471306388,2,9,0,18,0,1,0,0,0,0,1,1,1,2,9,1560,2,6,7,1
2013471306389,1,9,0,18,0,1,0,0,7,1,1,1,6,1,5,1598,1,9,-1,-1
2013471306389,2,9,0,18,0,1,0,0,1,1,3,1,6,2,5,1124,1,12,10,1
2013471306390,1,9,0,18,0,8,0,0,0,0,3,1,6,2,6,1968,2,9,4,1
2013471306394,1,8,0,18,2,1,0,0,0,0,4,1,1,1,11,1896,2,3,7,1
2013471306397,1,9,0,9,0,8,0,0,0,0,1,1,6,2,6,1910,2,5,4,1
2013471306397,2,9,0,18,0,8,0,0,0,0,1,1,6,1,6,1995,2,11,10,1
2013471306399,1,19,0,11,0,6,0,0,0,0,1,1,1,1,7,2148,2,4,8,2
2013471306399,2,9,0,5,0,6,0,0,0,0,2,1,6,1,10,1598,1,1,1,1
2013471306399,3,9,0,5,0,6,0,0,0,0,1,1,2,1,6,1796,1,9,10,1
2013471306401,1,9,4,18,0,0,0,0,0,0,3,1,1,1,6,-1,-1,-1,4,3
2013471306401,2,9,0,18,0,0,0,0,1,11,1,1,6,2,7,2402,2,6,6,3
2013471306402,1,9,0,18,0,1,0,0,0,0,4,1,6,2,9,999,1,4,6,1
2013471306402,2,1,0,18,0,1,0,0,0,0,2,1,6,1,8,-1,-1,-1,1,1
2013471306403,1,1,0,18,0,3,0,0,0,0,1,1,6,1,6,-1,-1,-1,9,1
2013471306403,2,9,0,18,0,3,0,0,0,0,3,1,6,1,8,1397,1,4,4,1
2013471306405,1,9,0,18,0,1,0,0,0,0,1,1,6,1,5,1910,2,6,1,1
2013471306405,2,9,0,18,0,1,0,0,0,0,2,1,6,1,7,988,1,25,6,1
2013471306405,3,9,0,18,0,1,0,0,0,0,2,1,6,2,6,999,1,4,3,1
2013471306407,1,9,0,6,0,0,0,0,7,11,3,1,1,1,6,998,1,16,3,1
2013471306407,2,9,0,18,0,0,0,0,0,0,1,1,6,1,4,-1,-1,-1,1,1
2013471306409,1,9,0,7,0,3,0,0,0,0,1,1,6,2,10,1298,1,11,5,1
2013471306410,1,9,0,18,0,4,0,0,0,0,1,1,6,1,11,995,1,4,7,1
2013471306410,2,9,0,3,0,4,0,0,0,0,2,1,6,2,7,1242,1,7,5,1
2013471306411,1,1,0,5,9,8,0,0,0,0,4,1,6,2,4,-1,-1,-1,5,1
2013471306411,2,9,0,5,0,8,0,0,0,0,1,1,1,2,10,1339,1,3,9,1
2013471306412,1,20,0,18,0,0,1,0,0,0,1,1,1,1,6,-1,-1,-1,5,1
2013471306412,2,9,0,4,0,0,0,0,0,0,2,1,1,1,5,-1,-1,-1,7,2
2013471306412,3,9,0,4,0,0,0,0,0,0,2,1,2,2,7,-1,-1,-1,6,3
2013471306416,1,9,0,18,0,1,0,0,0,0,3,1,6,1,8,-1,-1,-1,10,1
2013471306416,2,9,0,18,0,1,0,0,0,0,1,1,6,1,4,-1,-1,-1,6,3
2013471306419,1,9,0,9,0,6,0,0,0,0,1,1,2,1,5,1590,1,8,8,1
2013471306419,2,9,0,18,0,1,0,0,0,0,1,1,1,1,5,-1,-1,-1,7,3
2013471306420,1,9,0,9,0,6,0,0,0,0,3,1,1,1,8,1329,1,-1,-1,-1
2013471306420,2,9,0,18,0,1,0,0,7,11,1,1,6,2,8,1299,1,5,4,1
2013471306421,1,9,0,17,0,8,0,0,0,0,1,1,6,1,4,1796,1,11,10,1
2013471306421,2,9,0,16,0,8,0,0,0,0,1,1,6,1,8,1388,1,9,8,1
2013471306422,1,5,0,18,0,0,1,0,0,0,4,1,2,2,7,583,1,17,3,1
2013471306424,1,9,0,13,0,8,0,0,7,4,1,1,1,2,6,1997,2,1,1,1
2013471306424,2,19,0,9,0,5,0,0,0,0,3,1,1,1,7,1560,2,4,1,1
2013471306424,3,9,0,2,0,1,0,0,0,0,1,1,6,2,8,1968,2,6,9,1
2013471306426,1,9,0,17,0,0,1,0,0,0,4,1,6,1,8,1596,1,11,10,2
2013471306426,2,9,0,16,0,0,0,0,0,0,1,1,6,2,6,1198,1,4,10,1
2013471306427,1,9,0,9,0,8,0,0,0,0,1,1,6,2,11,1598,1,15,7,1
2013471306428,1,9,0,18,0,4,0,0,0,0,3,1,6,2,11,1796,1,8,-1,-1
2013471306428,2,1,0,18,4,1,0,0,0,0,1,1,6,2,11,-1,-1,-1,10,1
2013471306432,1,9,0,18,0,1,0,0,0,0,1,1,6,1,5,1396,1,14,9,1
2013471306432,2,9,0,3,0,1,0,0,0,0,2,1,6,1,6,1598,1,10,9,1
2013471306434,1,9,0,18,0,0,0,0,7,4,4,1,2,2,6,1587,1,12,2,1
2013471306437,1,9,0,18,0,1,0,0,0,0,0,1,6,1,7,1984,1,7,9,1
2013471306439,1,9,0,18,0,3,1,0,1,4,1,1,6,1,9,2967,1,14,6,1
2013471306440,1,19,0,18,0,0,0,0,0,0,1,1,1,1,4,1686,2,14,6,1
2013471306440,2,9,0,4,0,0,0,0,0,0,2,1,6,1,10,1360,1,6,7,1
2013471306441,1,9,0,9,0,8,1,0,1,11,4,1,6,1,9,998,1,14,10,2
2013471306441,2,9,0,18,0,8,1,0,0,0,1,1,1,1,7,2993,2,4,6,1
2013471306441,3,9,0,2,0,2,0,0,0,0,3,1,6,3,-1,1198,1,7,-1,-1
2013471306442,1,9,0,18,0,1,0,0,7,10,1,1,2,1,10,1299,1,12,3,1
2013471306444,1,5,0,7,0,8,0,0,0,0,4,1,2,1,5,-1,-1,-1,7,3
2013471306444,2,9,0,18,0,8,0,0,0,0,3,1,2,2,8,1598,1,9,7,1
2013471306445,1,9,0,18,0,0,0,0,7,4,1,1,6,1,6,1598,1,11,6,2