Accident_Index,Vehicle_Reference,Vehicle_Type,Towing_and_Articulation,Vehicle_Manoeuvre,Vehicle_Location-Restricted_Lane,Junction_Location,Skidding_and_Overturning,Hit_Object_in_Carriageway,Vehicle_Leaving_Carriageway,Hit_Object_off_Carriageway,1st_Point_of_Impact,Was_Vehicle_Left_Hand_Drive?,Journey_Purpose_of_Driver,Sex_of_Driver,Age_Band_of_Driver,Engine_Capacity_(CC),Propulsion_Code,Age_of_Vehicle,Driver_IMD_Decile,Driver_Home_Area_Type
2013471306446,1,9,0,4,0,0,0,0,0,0,1,1,6,1,7,1798,1,4,4,1
2013471306446,2,9,0,4,0,0,0,0,0,0,2,1,6,2,7,1796,1,9,3,1
2013471306446,3,9,0,4,0,0,0,0,0,0,2,1,2,1,9,-1,-1,-1,8,1
2013471306448,1,9,0,17,0,8,0,0,1,2,1,1,6,2,8,1985,1,13,6,1
2013471306449,1,9,0,4,0,1,0,0,0,0,1,1,1,1,7,-1,-1,-1,10,1
2013471306449,2,9,0,4,0,1,0,0,0,0,2,1,6,2,8,1587,1,8,10,1
2013471306450,1,9,0,13,0,0,0,0,0,0,0,1,6,1,7,-1,-1,-1,-1,-1
2013471306450,2,9,0,16,0,0,2,0,1,4,1,1,1,2,5,1390,1,10,5,3
2013471306451,1,9,0,18,0,0,0,4,0,0,1,1,6,1,11,999,1,3,8,1
2013471306451,2,9,0,4,0,0,0,0,0,0,2,1,1,1,7,2993,2,-1,9,2
2013471306452,1,9,0,18,0,1,1,0,0,0,1,1,1,1,7,1560,2,6,9,1
2013471306452,2,9,0,18,0,1,1,0,0,0,2,1,6,2,7,1870,2,6,10,1
2013471306452,3,9,0,9,0,5,0,0,0,0,2,1,6,1,9,2256,1,14,5,1
2013471306455,1,9,0,3,0,1,0,0,0,0,1,1,6,2,6,1390,1,-1,7,1
2013471306455,2,9,0,3,0,1,0,0,0,0,2,1,6,2,7,1762,1,14,5,1
2013471306460,1,9,0,18,0,0,0,0,0,0,1,1,6,3,9,-1,-1,-1,-1,-1
2013471306461,1,21,0,17,0,0,0,4,1,10,1,1,1,1,8,9290,2,-1,10,1
2013471306462,1,9,0,18,0,8,0,0,0,0,4,1,6,1,11,1598,1,4,8,1
2013471306462,2,1,0,18,0,8,0,0,0,0,1,1,6,1,8,-1,-1,-1,7,1
2013471306463,1,9,0,18,0,0,0,0,0,0,1,1,6,2,6,1997,2,9,-1,-1
2013471306463,2,9,0,3,0,0,0,0,0,0,2,1,6,1,8,2497,1,9,7,3
2013471306470,1,9,0,18,0,8,0,0,0,0,1,1,6,2,11,1498,1,4,6,3
2013471306470,2,9,0,10,0,8,0,0,0,0,2,1,6,1,6,1995,2,-1,6,3
2013471306471,1,19,4,12,0,0,0,0,0,0,1,1,1,1,7,2496,2,18,4,1
2013471306471,2,9,0,18,0,0,0,0,0,0,2,1,2,1,6,1968,2,4,6,1
2013471306475,1,9,0,6,0,0,0,0,0,0,3,1,6,1,7,1149,1,10,-1,-1
2013471306475,2,3,0,13,0,0,0,0,0,0,1,1,6,1,8,278,1,2,6,1
2013471306476,1,9,0,7,0,6,0,0,0,0,1,1,6,1,10,2777,2,4,6,3
2013471306476,2,9,0,18,0,8,1,0,0,0,1,1,6,2,10,1999,1,7,7,3
2013471306477,1,1,0,18,0,1,0,0,1,0,2,1,6,1,7,-1,-1,-1,1,1
2013471306477,2,9,0,16,0,1,0,0,0,0,0,1,6,1,5,-1,-1,-1,-1,-1
2013471306480,1,9,0,18,0,2,0,0,0,0,1,1,6,1,8,-1,-1,-1,-1,-1
2013471306480,2,1,0,18,0,2,0,0,0,0,3,1,2,1,10,-1,-1,-1,6,1
2013471306481,1,9,0,10,0,1,0,0,0,0,1,1,6,1,6,1596,1,14,2,1
2013471306481,2,1,0,18,0,1,0,0,0,0,4,1,6,2,8,-1,-1,-1,7,1
2013471306483,1,9,0,18,0,8,0,0,0,0,1,1,6,2,11,1299,1,9,7,3
2013471306483,2,9,0,18,0,8,0,0,0,0,2,1,6,2,9,1587,1,6,9,3
2013471306485,1,11,0,18,2,8,0,0,0,0,0,1,1,1,7,9360,2,-1,3,1
2013471306488,1,9,0,11,0,4,0,0,0,0,4,1,6,2,8,2199,2,3,8,3
2013471306488,2,9,0,18,0,4,0,0,0,0,3,1,6,2,6,1998,2,8,6,1
2013471306489,1,9,0,18,0,0,0,0,0,0,3,1,6,2,9,1242,1,4,5,2
2013471306489,2,9,0,18,0,0,0,0,0,0,3,1,6,2,10,1997,2,4,5,1
2013471306490,1,9,0,6,0,0,0,0,0,0,3,1,1,1,10,2498,2,14,4,1
2013471306490,2,3,0,18,0,0,0,0,0,0,1,1,2,1,6,125,1,4,4,1
2013471306492,1,1,0,5,9,6,0,0,0,0,0,1,6,2,7,-1,-1,-1,2,1
2013471306492,2,11,0,18,0,8,0,0,0,0,0,1,1,1,8,9360,2,2,4,1
2013471306493,1,9,0,8,0,6,0,0,0,0,3,1,6,2,10,1289,1,14,5,1
2013471306493,2,9,0,18,0,1,0,0,0,0,1,1,6,2,10,1398,1,1,6,1
2013471306494,1,9,0,18,0,0,0,0,0,0,2,1,6,2,7,1392,1,14,-1,-1
2013471306494,2,4,0,18,0,0,0,0,0,0,1,1,6,1,5,125,1,-1,4,1
2013471306495,1,19,0,5,0,8,0,0,0,0,1,1,1,1,10,1499,2,-1,4,1
2013471306495,2,1,0,18,0,8,0,0,0,0,2,1,2,1,6,-1,-1,-1,6,1
2013471306499,1,9,0,9,0,1,0,0,0,0,4,1,6,1,9,2198,1,3,10,1
2013471306499,2,2,0,18,0,1,0,0,0,0,1,1,6,1,4,49,1,10,10,2
2013471306500,1,9,0,18,0,0,0,0,0,0,1,1,6,1,8,1595,1,14,10,2
2013471306501,1,9,0,18,0,0,0,0,0,0,1,1,6,3,-1,-1,-1,-1,-1,-1
2013471306501,2,9,0,4,0,0,0,0,0,0,2,1,6,1,9,1598,2,1,10,1
2013471306501,3,9,0,4,0,0,0,0,0,0,2,1,6,1,6,3000,1,12,7,3
2013471306502,1,9,0,7,0,2,0,0,0,0,4,1,6,2,8,3950,1,13,6,1
2013471306502,2,2,0,18,0,2,0,0,0,0,3,1,6,1,6,96,1,5,5,1
2013471306503,1,9,0,9,0,2,0,0,0,0,1,1,6,1,9,1390,1,9,7,1
2013471306503,2,4,0,18,0,1,0,0,0,0,1,1,6,1,7,1250,1,13,1,1
2013471306504,1,9,0,9,0,6,0,0,0,0,3,1,6,2,4,1198,1,7,8,3
2013471306504,2,9,0,18,0,1,0,0,7,4,4,1,6,2,5,1598,1,13,7,3
2013471306505,1,9,0,17,0,0,2,0,0,0,0,1,6,1,4,1360,1,11,5,1
2013471306505,2,9,0,18,0,0,0,0,0,0,0,1,1,1,7,2993,2,1,9,2
2013471306506,1,9,0,17,0,0,1,0,1,4,1,1,6,1,5,-1,-1,-1,4,1
2013471306508,1,9,0,18,0,0,0,0,7,4,1,1,6,1,5,1242,1,15,6,1
2013471306510,1,9,0,17,0,2,0,0,0,0,1,1,2,2,5,1124,1,13,10,1
2013471306511,1,9,0,18,0,0,2,10,0,0,1,1,6,1,6,-1,-1,-1,6,1
2013471306512,1,9,0,18,0,4,0,0,0,0,1,1,6,2,10,1339,1,7,7,3
2013471306512,2,9,0,3,0,1,0,0,0,0,1,1,6,2,4,998,1,-1,7,1
2013471306513,1,9,0,17,0,0,5,10,7,4,1,1,2,1,6,1198,1,10,10,1
2013471306514,1,3,0,18,0,0,0,0,0,0,4,1,6,2,5,124,1,12,3,1
2013471306515,1,9,0,17,0,0,0,0,1,4,1,1,6,1,6,1995,2,-1,2,1
2013471306516,1,8,0,7,0,6,0,0,0,0,1,2,6,1,7,1896,2,6,1,1
2013471306516,2,9,0,18,0,8,0,0,0,0,4,1,6,2,5,1388,1,9,5,3
2013471306519,1,9,0,18,0,4,0,0,0,0,0,1,6,3,6,-1,-1,-1,-1,-1
2013471306519,2,1,0,18,0,8,0,0,0,0,0,1,1,1,5,-1,-1,-1,10,1
2013471306520,1,19,0,5,0,1,0,0,0,0,3,1,1,3,-1,-1,-1,-1,-1,-1
2013471306520,2,9,0,18,0,1,0,0,0,0,3,2,6,2,8,1242,1,16,-1,-1
2013471306526,1,9,0,18,0,0,1,10,1,4,1,1,6,1,4,1390,1,1,5,3
2013471306527,1,9,0,18,0,2,0,0,6,11,1,1,6,1,9,3000,1,15,4,2
2013471306527,2,9,0,18,0,1,0,0,0,0,1,1,1,1,9,1560,2,-1,7,1
2013471306528,1,9,0,18,0,0,0,0,0,0,4,1,6,3,-1,-1,-1,-1,-1,-1
2013471306528,2,1,0,18,0,0,0,0,0,0,3,1,6,1,10,-1,-1,-1,-1,-1
2013471306528,3,1,0,18,0,0,0,0,0,0,1,1,6,1,9,-1,-1,-1,8,1
2013471306528,4,9,0,18,0,0,0,0,0,0,0,1,6,3,-1,-1,-1,-1,-1,-1
2013471306531,1,2,0,14,0,1,0,0,0,0,1,1,6,1,5,49,1,8,-1,-1
2013471306531,2,9,0,10,0,1,0,0,0,0,3,1,6,1,6,1596,1,3,8,1
2013471306532,1,9,0,16,0,8,0,0,0,0,4,1,2,2,5,1360,1,10,3,1
2013471306536,1,19,0,18,0,0,0,0,0,0,1,1,1,1,7,5193,2,4,-1,-1
2013471306536,2,9,0,3,0,0,0,0,0,0,2,1,2,2,7,1149,1,4,9,1
2013471306537,1,9,0,18,0,1,0,0,0,0,2,1,6,3,6,1998,1,15,-1,-1
2013471306540,1,9,0,1,9,0,0,0,0,0,2,1,6,1,6,-1,-1,-1,-1,-1
2013471306542,1,9,0,13,0,0,0,0,0,0,3,1,6,1,4,1124,1,13,6,3
2013471306542,2,5,0,13,0,0,0,0,0,0,4,1,6,1,7,988,1,11,2,1
2013471306542,3,9,0,18,0,0,0,0,0,0,0,1,6,2,6,1598,1,9,5,1
2013471306546,1,19,0,18,0,0,0,0,0,0,1,1,1,2,5,1753,2,-1,5,1
2013471306546,2,9,0,3,0,0,0,0,0,0,2,1,6,1,11,2435,1,12,9,2
2013471306546,3,9,0,3,0,0,0,0,0,0,2,1,6,2,10,1598,1,12,7,1
2013471306547,1,9,0,18,0,0,0,0,0,0,1,1,6,2,8,1360,1,11,3,1
2013471306547,2,9,0,18,0,0,0,0,0,0,2,1,6,1,8,2184,2,7,6,3
2013471306547,3,9,0,18,0,0,0,0,0,0,2,1,6,2,8,1796,1,7,7,1
2013471306548,1,9,0,18,0,0,0,8,0,0,1,1,6,2,8,1149,1,10,2,1
2013471306548,2,9,0,2,0,0,0,0,0,0,4,1,6,2,5,1242,1,2,6,1
2013471306549,1,19,0,9,0,6,0,0,0,0,1,1,1,1,6,2143,2,-1,5,1
2013471306549,2,9,0,18,0,8,1,0,1,2,4,1,6,1,10,1598,1,6,9,1
2013471306550,1,19,0,18,0,8,0,0,0,0,1,1,1,1,9,1896,2,5,-1,-1
2013471306550,2,9,0,10,0,1,0,0,0,0,3,1,2,2,8,1900,2,8,6,1
2013471306551,1,9,0,18,0,0,0,0,0,0,1,1,6,1,10,987,1,22,4,1
2013471306551,2,9,0,4,0,0,0,0,0,0,2,1,6,1,4,-1,-1,-1,1,1
2013471306551,3,19,0,4,0,0,0,0,0,0,2,1,6,1,8,1870,2,7,4,1
2013471306552,1,9,0,11,0,0,1,0,0,0,4,1,6,1,6,1360,1,14,3,1
2013471306552,2,9,0,18,0,0,0,0,0,0,3,1,2,1,7,2319,1,10,7,1
2013471306553,1,3,0,13,0,0,0,0,0,0,3,1,6,1,4,124,1,6,3,1
2013471306553,2,1,0,18,0,0,0,0,0,0,3,1,1,1,7,-1,-1,-1,7,1
2013471306556,1,11,0,5,8,0,0,0,0,0,0,1,3,3,7,-1,-1,-1,-1,-1
2013471306556,2,19,0,18,0,0,1,0,0,0,0,1,6,1,7,-1,-1,-1,-1,-1
2013471306556,3,19,0,18,0,0,0,0,0,0,1,1,1,1,10,2446,2,17,5,1
2013471306556,4,9,0,18,0,0,0,0,0,0,1,1,6,1,7,1299,1,14,5,1
2013471306564,1,9,4,18,0,0,0,0,0,0,0,1,1,1,10,-1,-1,-1,6,3
2013471306564,2,16,0,18,0,0,0,0,0,0,0,1,6,2,4,-1,-1,-1,6,3
2013471306566,1,9,0,1,9,6,0,0,0,0,2,1,6,3,-1,1783,1,11,-1,-1
2013471306567,1,9,0,18,0,0,0,0,0,0,1,1,2,1,5,1783,1,11,5,1
2013471306567,2,9,0,3,0,0,0,0,0,0,2,1,2,2,8,1781,1,20,6,1
2013471306567,3,9,0,3,0,0,0,0,0,0,2,1,2,2,6,1149,1,10,7,1
2013471306567,4,9,0,3,0,0,0,0,0,0,2,1,2,1,7,-1,-1,-1,3,1
2013471306568,1,9,0,18,0,0,0,0,0,0,3,1,6,1,10,2435,1,15,5,1
2013471306569,1,9,0,18,0,1,0,0,0,0,3,1,6,2,8,-1,-1,-1,6,1
2013471306570,1,9,0,18,0,8,1,0,0,0,1,1,2,2,9,2495,2,16,9,1
2013471306573,1,9,0,18,0,1,1,0,0,0,1,1,6,1,7,1794,1,11,8,1
2013471306573,2,9,0,18,0,1,0,0,0,0,2,1,6,1,4,2204,2,6,10,1
2013471306574,1,9,0,1,0,0,0,0,0,0,2,1,6,1,10,999,1,2,3,1
2013471306576,1,9,0,18,0,1,1,0,0,0,1,1,6,1,8,1993,1,27,7,1
2013471306576,2,20,0,1,0,1,0,0,0,0,1,1,1,1,9,-1,-1,-1,3,1
2013471306577,1,9,0,5,0,4,1,0,0,0,1,1,1,1,8,1761,1,14,7,1
2013471306577,2,9,0,4,0,4,0,0,0,0,2,1,1,1,5,1995,2,8,5,1
2013471306579,1,19,0,18,0,1,0,0,0,0,1,1,6,1,6,2402,2,3,-1,-1
2013471306579,2,9,0,18,0,1,0,0,0,0,1,1,6,1,7,1596,1,11,3,1
2013471306580,1,9,4,18,0,1,0,0,0,0,4,1,6,3,-1,-1,-1,-1,-1,-1
2013471306581,1,9,0,18,0,0,0,0,7,3,1,1,2,2,4,1364,1,5,9,3
2013471306583,1,9,0,18,0,1,0,0,0,0,1,1,2,1,7,1995,2,11,10,1
2013471306583,2,9,0,8,0,8,0,0,0,0,2,1,6,2,7,1984,1,7,10,1
2013471306584,1,11,0,18,0,2,0,0,0,0,0,1,1,1,6,8970,2,10,7,1
2013471306585,1,9,0,18,0,0,0,0,0,0,4,1,6,1,9,1360,1,5,4,1
2013471306586,1,9,0,8,0,6,0,0,0,0,0,1,6,1,11,1390,1,-1,10,1
2013471306586,2,9,0,18,0,6,0,0,1,11,1,1,1,1,4,1242,1,8,6,1
2013471306591,1,9,0,18,0,0,0,0,0,0,1,1,6,1,11,1229,1,7,5,1
2013471306592,1,1,0,18,9,6,0,0,0,0,1,1,6,1,6,-1,-1,-1,2,1
2013471306592,2,9,0,18,0,1,0,0,0,0,4,1,1,1,6,1988,1,12,9,1
2013471306594,1,9,0,5,0,1,0,0,0,0,1,1,2,1,6,-1,-1,-1,10,2
2013471306594,2,1,0,3,0,1,0,0,0,0,2,1,6,1,8,-1,-1,-1,10,2
2013471306596,1,9,0,18,0,0,0,0,0,0,1,1,6,2,11,1242,1,12,4,1
2013471306596,2,9,0,18,0,0,0,0,0,0,2,1,6,2,7,1588,1,8,3,1
2013471306596,3,9,0,18,0,0,0,0,0,0,2,1,6,1,8,1360,1,10,4,1
2013471306596,4,9,0,18,0,0,0,0,0,0,2,1,6,1,8,1590,1,11,3,1
2013471306597,1,9,0,9,0,5,0,0,0,0,3,1,6,1,10,1997,1,9,2,1
2013471306597,2,1,0,13,0,1,0,0,0,0,1,1,6,1,7,-1,-1,-1,7,3
2013471306598,1,11,0,18,0,6,0,0,0,0,1,1,1,1,9,7300,2,5,7,3
2013471306599,1,9,0,9,0,8,0,0,0,0,0,1,6,3,6,-1,-1,-1,-1,-1
2013471306599,2,19,0,18,0,1,0,0,1,1,1,1,6,1,10,-1,-1,-1,6,2
2013471306601,1,9,0,5,0,4,0,0,0,0,1,1,6,2,7,2198,1,11,7,1
2013471306601,2,9,0,4,0,4,0,0,0,0,2,1,6,2,6,1997,2,11,6,2
2013471306605,1,9,0,7,0,8,0,0,0,0,1,1,6,2,11,1299,1,8,-1,-1
2013471306605,2,1,0,10,0,1,0,0,0,0,3,1,6,2,8,-1,-1,-1,6,1
2013471306606,1,9,0,18,0,1,0,0,0,0,1,1,6,2,11,1242,1,5,2,1
2013471306606,2,9,0,2,0,1,0,0,0,0,0,1,6,3,-1,1999,1,10,-1,-1
2013471306610,1,9,0,7,0,6,0,0,0,0,0,1,6,2,7,1242,1,7,4,1
2013471306610,2,1,0,18,0,1,1,0,0,0,0,1,2,1,7,-1,-1,-1,1,1
2013471306612,1,9,0,10,0,6,0,0,0,0,1,1,6,2,11,1598,1,14,10,1
2013471306612,2,9,0,18,0,1,0,0,7,0,1,1,1,1,6,1198,1,9,8,3
2013471306613,1,9,0,10,0,1,0,0,0,0,1,1,6,1,7,-1,-1,-1,3,1
2013471306614,1,9,0,4,0,0,0,0,0,0,1,1,6,2,9,1360,1,12,6,1
2013471306614,2,9,0,18,0,0,0,0,0,0,2,1,6,2,7,1796,1,10,5,1
2013471306616,1,9,0,9,0,8,0,0,0,0,4,2,6,1,6,-1,-1,-1,9,1
2013471306616,2,1,0,18,0,8,0,0,0,0,0,1,4,1,4,-1,-1,-1,8,3
2013471306618,1,9,0,9,0,3,0,0,0,0,1,1,2,1,11,1390,1,2,10,1
2013471306618,2,9,0,7,0,3,0,0,0,0,0,1,6,2,5,1999,1,7,9,2
2013471306618,3,9,0,10,0,1,0,0,0,0,2,1,6,2,7,1991,2,5,6,3
2013471306618,4,9,0,4,0,1,0,0,0,0,1,1,2,2,8,1686,2,9,6,1
2013471306619,1,9,0,9,0,6,0,0,0,0,3,1,6,1,7,1598,1,4,9,2
2013471306619,2,2,0,18,0,8,0,0,0,0,1,1,6,1,4,49,1,4,8,3
2013471306620,1,9,0,7,0,1,0,0,0,0,1,1,6,2,9,-1,-1,-1,5,1
2013471306621,1,9,0,5,0,0,0,0,0,0,3,1,6,2,6,1229,1,3,2,1
2013471306624,1,9,0,18,0,1,0,0,0,0,4,1,3,2,6,1598,1,9,7,2
2013471306625,1,9,0,18,0,8,0,0,0,0,1,1,6,1,11,1349,1,3,5,2
2013471306627,1,9,0,9,0,8,0,0,0,0,1,1,6,2,10,1329,1,3,7,3
2013471306627,2,1,0,18,0,8,0,0,0,0,3,1,6,2,7,-1,-1,-1,4,1
2013471306628,1,9,0,18,0,8,0,0,0,0,1,1,6,2,9,1598,1,5,10,2
2013471306628,2,9,0,3,0,8,0,0,0,0,2,1,6,2,6,1595,1,6,4,1
2013471306632,1,9,0,9,0,1,0,0,0,0,1,1,6,2,5,1149,1,10,5,1
2013471306632,2,1,0,18,0,8,0,0,0,0,3,1,6,2,11,-1,-1,-1,7,1
2013471306638,1,9,0,18,0,1,0,0,0,0,4,1,1,1,5,1461,2,3,10,1
2013471306639,1,9,0,18,0,8,0,0,0,0,4,1,6,1,10,3456,8,2,7,1
2013471306639,2,1,0,18,0,8,0,0,0,0,1,1,6,2,5,-1,-1,-1,1,1
2013471306640,1,9,0,16,0,0,0,0,0,0,3,1,6,3,-1,-1,-1,-1,-1,-1
2013471306640,2,9,0,17,0,0,0,0,1,0,3,1,2,2,6,1493,2,5,8,1
2013471306641,1,9,0,7,0,6,0,0,0,0,1,1,6,2,10,1798,1,5,6,1
2013471306641,2,1,0,9,0,2,0,0,0,0,4,1,6,1,9,-1,-1,-1,9,3
2013471306642,1,9,0,16,0,0,2,0,8,10,1,1,6,1,4,1242,1,14,7,3
2013471306644,1,9,0,3,0,0,0,0,0,0,1,1,6,2,9,1973,1,14,5,3
2013471306644,2,9,0,3,0,0,0,0,0,0,2,1,6,1,10,1598,1,10,4,1
2013471306644,3,9,0,3,0,0,0,0,0,0,2,1,6,2,8,1600,2,3,3,1
2013471306644,4,9,0,3,0,0,0,0,0,0,2,1,1,1,6,1997,2,-1,7,3
2013471306645,1,9,0,18,0,0,1,0,0,0,1,1,6,1,11,1198,1,9,5,3
2013471306645,2,9,0,18,0,0,0,0,0,0,0,1,6,3,-1,-1,-1,-1,-1,-1
2013471306645,3,9,0,18,0,0,0,0,0,0,2,1,6,2,5,1686,2,-1,1,1
2013471306646,1,9,0,18,0,8,0,0,0,0,3,1,6,2,8,1398,1,2,7,1
2013471306647,1,8,0,18,0,8,0,0,0,0,4,1,1,2,8,-1,-1,-1,6,1
2013471306649,1,9,0,9,0,6,0,0,0,0,1,1,2,1,6,2521,1,7,6,1
2013471306649,2,3,0,18,0,1,0,0,0,0,1,1,2,1,7,124,1,1,2,1
2013471306650,1,9,0,9,0,6,0,0,0,0,3,1,6,2,5,998,1,14,8,3
2013471306650,2,9,0,18,0,1,0,0,0,0,1,1,6,1,8,2990,1,18,10,1
2013471306651,1,2,0,18,0,0,0,0,0,0,1,1,6,1,4,49,1,-1,6,1
2013471306652,1,9,0,5,4,1,0,0,0,0,0,1,6,2,4,1124,1,14,-1,-1
2013471306652,2,1,0,14,4,1,0,0,0,0,1,1,6,2,6,-1,-1,-1,4,1
2013471306654,1,11,0,5,0,0,0,0,0,0,1,1,1,1,7,9000,2,4,3,1
2013471306655,1,9,0,18,0,1,0,0,0,0,1,1,6,3,-1,-1,-1,-1,-1,-1
2013471306655,2,1,0,18,0,1,0,0,0,0,2,1,6,1,7,-1,-1,-1,9,1
2013471306656,1,9,0,9,0,1,0,0,0,0,1,1,6,1,8,1197,1,1,5,1
2013471306656,2,9,0,10,0,1,0,0,0,0,1,1,6,1,7,-1,-1,-1,5,1
2013471306657,1,9,0,11,0,3,0,0,0,0,4,1,6,1,7,1389,1,9,4,1
2013471306657,2,9,0,16,0,4,0,0,0,0,3,1,6,2,5,1598,1,13,5,1
2013471306660,1,9,0,10,0,6,0,0,0,0,1,1,6,2,8,1839,1,10,6,3
2013471306660,2,5,0,18,0,1,0,0,0,0,4,1,6,1,7,999,1,7,6,1
2013471306661,1,9,0,18,0,0,0,0,0,0,1,1,6,1,10,1910,2,7,3,1
2013471306661,2,9,0,18,0,0,0,0,0,0,2,1,6,2,9,2495,2,16,9,1
2013471306662,1,19,0,5,0,4,0,0,0,0,1,1,6,2,7,-1,-1,-1,8,1
2013471306662,2,9,0,5,0,4,0,0,0,0,2,1,6,1,9,2268,2,-1,4,1
2013471306663,1,9,0,18,0,0,1,0,1,4,1,1,6,2,5,1368,1,4,9,1
2013471306664,1,9,0,16,0,0,1,0,1,10,1,1,6,1,7,1975,1,14,9,1
2013471306664,2,9,0,17,0,0,1,0,1,1,1,1,6,1,8,2204,2,7,10,1
2013471306665,1,1,0,18,5,0,0,0,0,11,1,1,6,1,10,-1,-1,-1,4,1
2013471306669,1,9,0,18,0,2,0,0,0,0,1,1,6,1,11,1560,2,5,6,1
2013471306669,2,9,0,10,0,2,0,0,0,0,2,1,6,2,8,-1,-1,-1,8,2
2013471306669,3,9,0,3,0,1,0,0,0,0,3,1,1,2,9,1229,1,2,7,3
2013471306670,1,9,0,18,0,0,0,0,0,0,1,1,6,1,7,2979,1,10,4,1
2013471306671,1,9,0,3,0,8,0,0,0,0,1,1,6,2,9,-1,-1,-1,7,1
2013471306671,2,9,0,18,0,8,0,0,0,0,3,1,4,2,7,1598,1,12,2,1
2013471306672,1,9,0,18,0,8,0,0,0,0,1,1,2,1,5,1149,1,6,9,1
2013471306673,1,9,0,18,0,0,1,0,5,6,2,1,6,2,4,1242,1,4,9,1
2013471306674,1,9,0,18,0,1,0,0,0,0,1,1,6,1,7,1951,2,10,2,1
2013471306674,2,9,0,18,0,1,0,0,0,0,2,1,6,1,5,1995,2,5,1,1
2013471306676,1,8,0,18,0,0,0,0,0,0,1,1,1,1,7,1896,2,3,2,1
2013471306676,2,9,0,3,0,0,0,0,0,0,2,1,1,1,4,-1,-1,-1,4,1
2013471306677,1,9,0,18,0,0,1,0,7,9,1,1,6,2,8,1248,2,6,7,3
2013471306679,1,9,0,5,0,0,0,0,0,0,1,1,6,1,-1,-1,-1,-1,-1,-1
2013471306680,1,1,0,18,0,8,0,0,0,0,4,1,6,2,9,-1,-1,-1,6,1
2013471306680,2,9,0,18,0,8,0,0,0,0,3,1,6,1,6,1242,1,7,-1,-1
2013471306683,1,9,0,9,0,6,0,0,0,0,1,1,6,1,10,1900,2,9,8,1
2013471306683,2,9,0,18,0,8,0,0,0,0,1,1,6,1,4,1339,1,9,3,1
2013471306686,1,9,0,18,0,0,1,0,0,0,1,1,6,1,4,1124,1,14,6,2
2013471306686,2,9,0,3,0,0,0,0,0,0,2,1,6,1,8,1242,1,14,9,1
2013471306686,3,9,0,10,0,0,0,0,0,0,2,1,6,1,7,999,1,-1,7,2
2013471306688,1,9,0,9,0,1,0,7,7,1,4,1,6,2,8,1398,8,-1,10,1
2013471306688,2,9,0,18,0,1,0,0,0,0,1,1,6,1,9,1599,1,13,10,2
2013471306692,1,9,0,17,0,0,2,0,2,4,1,1,6,1,4,1796,1,12,8,2
2013471306694,1,9,0,18,0,1,0,0,0,0,1,1,2,1,8,1997,12,1,8,3
2013471306694,2,9,0,18,0,1,0,0,0,0,2,1,6,2,8,1389,1,11,4,1
2013471306694,3,19,0,9,0,6,0,0,0,0,0,1,6,3,-1,-1,-1,-1,-1,-1
2013471306698,1,5,0,18,0,0,1,0,0,0,4,1,2,1,7,-1,-1,-1,7,1
2013471306699,1,9,0,5,0,8,0,0,0,0,3,1,2,2,6,1587,1,11,2,1
2013471306699,2,19,0,18,0,8,0,0,0,0,1,1,1,1,8,-1,-1,-1,1,1
2013471306701,1,9,0,18,0,0,0,0,1,3,1,1,6,1,4,-1,-1,-1,8,2
2013471306704,1,9,0,18,0,4,0,0,0,0,1,1,2,1,6,1596,1,14,4,1
2013471306704,2,1,0,9,0,4,0,0,0,0,1,1,2,2,7,-1,-1,-1,4,1
2013471306706,1,9,0,2,0,2,0,0,0,0,0,1,6,1,9,1396,1,13,5,1
2013471306706,2,1,0,18,0,2,0,0,0,0,1,1,6,2,6,-1,-1,-1,1,1
2013471306707,1,9,0,16,0,0,0,0,0,0,1,1,6,1,6,1368,1,1,3,1
2013471306707,2,9,0,18,0,0,0,0,0,0,1,1,6,2,9,1398,2,4,4,1
2013471306708,1,9,0,16,0,0,0,0,1,0,3,1,6,2,11,1061,1,8,7,1
2013471306708,2,9,0,18,0,0,0,0,1,0,3,1,2,1,7,1686,2,11,6,1
2013471306710,1,9,0,18,0,0,0,0,0,0,1,1,2,1,6,-1,-1,-1,9,2
2013471306710,2,9,0,18,0,0,0,0,0,0,1,1,6,2,10,1596,1,5,10,1
2013471306710,3,9,0,18,0,0,0,0,0,0,0,1,6,1,6,1229,1,6,10,1
2013471306712,1,1,0,18,0,4,0,0,0,0,4,1,2,1,6,-1,-1,-1,-1,-1
2013471306712,2,9,0,9,0,4,0,0,0,0,1,1,1,1,9,1910,2,5,4,1
2013471306713,1,9,0,18,0,1,0,0,0,0,1,1,6,1,4,1896,2,13,3,1
2013471306715,1,9,0,2,0,0,0,0,0,0,3,1,2,1,6,1299,1,13,5,1
2013471306715,2,1,0,18,0,0,0,0,0,0,4,1,2,1,7,-1,-1,-1,3,1
2013471306720,1,8,0,7,0,6,0,0,0,0,1,1,1,1,9,1896,2,3,6,3
2013471306720,2,1,0,18,0,8,0,0,0,0,2,1,6,1,6,-1,-1,-1,4,1
2013471306721,1,1,0,4,0,1,1,0,0,0,0,1,2,1,9,-1,-1,-1,3,1