Accident_Index,Vehicle_Reference,Vehicle_Type,Towing_and_Articulation,Vehicle_Manoeuvre,Vehicle_Location-Restricted_Lane,Junction_Location,Skidding_and_Overturning,Hit_Object_in_Carriageway,Vehicle_Leaving_Carriageway,Hit_Object_off_Carriageway,1st_Point_of_Impact,Was_Vehicle_Left_Hand_Drive?,Journey_Purpose_of_Driver,Sex_of_Driver,Age_Band_of_Driver,Engine_Capacity_(CC),Propulsion_Code,Age_of_Vehicle,Driver_IMD_Decile,Driver_Home_Area_Type
2013471306722,1,9,0,9,0,6,0,0,0,0,1,1,2,1,9,-1,-1,-1,8,3
2013471306722,2,1,0,18,0,8,0,0,0,0,1,1,2,1,6,-1,-1,-1,8,1
2013471306723,1,9,0,1,0,1,0,0,0,0,2,1,6,3,-1,-1,-1,-1,-1,-1
2013471306724,1,9,0,18,0,1,0,0,0,0,1,1,6,1,4,1390,1,10,5,1
2013471306724,2,19,0,10,0,2,0,0,0,0,0,1,6,1,7,-1,-1,-1,-1,-1
2013471306725,1,9,0,18,0,0,0,0,0,0,1,1,6,1,7,-1,-1,-1,9,1
2013471306725,2,9,0,18,0,0,0,0,0,0,2,1,6,1,7,1910,2,5,-1,-1
2013471306725,3,9,0,18,0,0,0,0,0,0,2,1,6,1,7,1686,2,12,6,1
2013471306725,4,9,0,18,0,0,0,0,0,0,2,1,6,1,7,1587,1,12,9,1
2013471306727,1,22,0,18,9,1,0,0,0,0,1,1,1,1,8,-1,-1,-1,-1,-1
2013471306728,1,8,0,9,0,2,0,0,0,0,1,1,1,1,10,1560,2,-1,6,1
2013471306729,1,9,0,17,0,0,2,0,1,9,1,1,6,1,4,998,1,17,7,3
2013471306733,1,19,0,7,0,8,0,0,0,0,4,1,1,1,9,2143,2,1,7,1
2013471306738,1,9,0,18,0,5,0,0,0,0,0,1,6,3,6,-1,-1,-1,-1,-1
2013471306739,1,9,0,17,0,8,0,0,1,0,1,1,2,1,6,1995,2,5,6,1
2013471306740,1,9,0,18,0,1,0,0,0,0,1,1,6,2,11,1229,1,6,3,1
2013471306742,1,9,0,18,0,1,0,0,0,0,1,1,6,1,9,1360,1,12,5,1
2013471306742,2,9,0,4,0,1,0,0,0,0,2,1,6,2,6,-1,-1,-1,2,1
2013471306743,1,8,0,14,0,1,0,0,0,0,1,1,1,1,8,1761,1,14,7,1
2013471306743,2,9,0,5,0,1,0,0,0,0,2,1,1,1,7,1998,1,17,10,3
2013471306744,1,9,0,18,0,4,0,0,0,0,1,1,6,2,10,-1,-1,-1,-1,-1
2013471306744,2,9,0,8,0,4,0,0,0,0,2,1,6,1,10,1339,1,11,8,1
2013471306746,1,19,0,18,0,1,0,0,0,0,1,1,6,2,7,1753,2,9,2,1
2013471306746,2,9,0,10,0,1,0,0,0,0,2,1,6,2,6,1248,2,4,6,1
2013471306748,1,9,0,18,0,0,0,0,0,0,1,1,6,1,6,1896,2,13,4,1
2013471306748,2,9,0,2,0,0,0,0,0,0,1,1,6,3,-1,-1,-1,-1,-1,-1
2013471306750,1,9,0,18,0,0,0,0,0,0,1,1,6,1,5,1108,1,11,7,1
2013471306750,2,1,0,18,0,0,0,0,0,0,1,1,6,2,9,-1,-1,-1,7,1
2013471306752,1,9,0,18,0,1,0,0,0,0,1,1,6,2,10,-1,-1,-1,-1,-1
2013471306752,2,9,0,3,0,1,0,0,0,0,2,1,6,2,6,1422,2,8,3,1
2013471306755,1,8,0,18,0,1,0,0,0,0,1,1,6,2,7,2402,2,9,-1,-1
2013471306755,2,9,0,3,0,1,0,0,0,0,2,1,6,1,6,1398,1,13,3,1
2013471306757,1,9,0,9,0,8,0,0,0,0,3,1,6,1,7,1997,2,12,6,1
2013471306760,1,9,0,18,0,1,0,0,0,0,1,1,6,2,10,-1,-1,-1,5,1
2013471306760,2,9,0,18,0,1,0,0,0,0,2,1,6,1,11,1598,1,9,4,1
2013471306760,3,9,0,18,0,1,0,0,0,0,2,1,6,1,9,1386,1,4,7,1
2013471306760,4,9,0,18,0,1,0,0,0,0,2,1,6,2,7,1997,2,12,6,1
2013471306763,1,9,0,2,0,0,0,0,0,0,3,1,6,2,8,1997,1,2,6,1
2013471306763,2,9,0,4,0,0,0,0,0,0,2,1,2,2,7,1799,1,5,4,1
2013471306763,3,20,0,18,0,0,1,0,0,0,1,1,1,1,6,2999,2,1,9,1
2013471306764,1,9,0,9,0,0,0,0,0,0,1,1,6,1,8,1149,1,15,4,1
2013471306764,2,1,0,15,0,0,0,0,0,0,3,1,6,1,7,-1,-1,-1,5,1
2013471306765,1,9,0,4,0,0,1,0,0,0,1,1,1,1,6,-1,-1,-1,-1,-1
2013471306765,2,9,0,18,0,0,0,0,0,0,2,1,6,1,7,1598,1,11,2,1
2013471306767,1,19,0,5,0,8,0,0,0,0,0,1,6,1,7,1868,2,11,-1,-1
2013471306767,2,1,0,18,0,1,0,0,0,0,0,1,1,1,9,-1,-1,-1,6,1
2013471306767,3,20,0,3,0,1,0,0,0,0,0,1,1,1,7,-1,-1,-1,-1,-1
2013471306770,1,9,0,17,0,0,1,0,5,6,1,1,2,1,7,5461,1,7,5,1
2013471306773,1,9,0,17,0,8,0,0,0,0,3,1,3,2,8,1749,1,12,3,1
2013471306774,1,9,0,18,0,0,0,0,1,0,1,1,6,1,7,1461,2,3,8,1
2013471306774,2,9,0,2,0,0,0,0,1,0,2,1,2,1,7,1598,1,9,1,1
2013471306775,1,9,0,18,0,4,0,0,0,0,1,1,6,1,6,1242,1,-1,8,3
2013471306775,2,9,0,18,0,8,0,0,0,0,1,1,6,1,8,998,1,4,6,3
2013471306775,3,9,0,18,0,2,0,0,0,0,3,1,6,2,7,2179,2,3,10,1
2013471306776,1,9,0,12,0,2,0,0,0,0,0,1,6,3,-1,-1,-1,-1,-1,-1
2013471306776,2,4,0,5,0,2,0,0,0,0,0,1,2,1,7,124,1,6,7,1
2013471306777,1,11,0,5,0,0,0,0,0,0,1,1,1,1,9,9360,2,1,4,1
2013471306778,1,9,0,7,0,6,1,0,0,0,3,1,6,2,6,1596,1,9,7,1
2013471306778,2,3,0,3,0,1,0,0,0,0,1,1,6,1,4,-1,-1,-1,9,1
2013471306781,1,9,0,4,0,1,1,0,0,0,1,1,6,1,10,1796,1,13,6,3
2013471306781,2,9,0,3,0,1,0,0,0,0,2,1,6,2,7,1398,2,11,2,1
2013471306782,1,19,0,1,0,1,0,0,0,0,2,1,1,1,6,-1,-1,-1,6,3
2013471306782,2,9,0,2,0,1,0,0,0,0,1,1,6,1,6,1596,1,11,2,1
2013471306783,1,9,0,18,0,0,0,0,0,0,1,1,2,2,9,2184,2,8,9,2
2013471306785,1,9,0,7,0,6,0,0,0,0,4,1,6,1,11,1339,1,4,9,2
2013471306785,2,22,0,18,0,2,0,0,0,0,4,1,6,1,11,-1,-1,-1,9,2
2013471306786,1,9,0,18,0,4,0,0,0,0,1,1,6,2,6,1397,1,1,5,1
2013471306786,2,19,0,7,0,3,0,0,0,0,4,1,1,1,8,1560,2,6,3,1
2013471306787,1,9,0,18,0,1,0,0,0,0,1,1,6,2,8,1149,1,10,5,1
2013471306788,1,9,0,1,0,0,0,0,0,0,1,1,6,2,6,1242,1,7,10,2
2013471306788,2,9,0,3,0,0,0,0,0,0,1,1,6,2,5,1349,1,1,7,3
2013471306789,1,9,0,8,0,1,0,0,0,0,4,1,6,2,8,1240,1,7,2,1
2013471306789,2,1,0,12,9,1,0,0,0,0,1,1,6,1,4,-1,-1,-1,2,1
2013471306790,1,9,0,18,0,0,0,0,0,0,4,1,6,1,8,1968,2,-1,3,1
2013471306790,2,1,0,18,0,0,0,0,1,9,2,1,6,1,8,-1,-1,-1,10,2
2013471306791,1,9,0,18,0,0,0,0,0,0,3,1,2,1,5,1199,1,10,3,2
2013471306791,2,9,0,18,0,0,0,0,7,0,3,1,6,1,7,5998,1,7,7,3
2013471306793,1,2,0,18,0,8,0,0,0,0,4,1,6,1,4,125,1,-1,3,1
2013471306793,2,9,0,18,0,8,0,0,0,0,1,1,6,1,6,1956,2,-1,8,1
2013471306795,1,9,0,16,0,0,1,0,0,0,4,1,6,2,5,1798,1,10,-1,-1
2013471306795,2,9,0,18,0,0,0,0,1,0,1,1,6,1,8,2967,1,9,5,1
2013471306796,1,9,0,18,0,0,1,0,2,4,1,1,2,1,8,1998,1,14,3,1
2013471306796,2,9,0,18,0,0,0,0,1,4,1,1,6,1,10,1997,2,5,10,1
2013471306799,1,9,0,18,0,1,0,0,0,0,3,1,6,2,9,1998,1,10,1,1
2013471306800,1,9,0,18,0,8,0,0,0,0,3,1,6,2,9,1598,2,3,-1,3
2013471306800,2,3,0,9,0,8,0,0,0,0,1,1,2,1,4,125,1,-1,3,1
2013471306801,1,9,0,18,0,0,0,0,0,0,1,1,6,1,6,1598,1,2,2,1
2013471306801,2,8,0,3,0,0,0,0,0,0,2,1,1,1,9,1997,1,7,6,1
2013471306801,3,9,0,10,0,0,0,0,0,0,2,1,6,1,9,1796,1,5,9,1
2013471306803,1,9,0,8,0,8,0,0,0,0,1,1,2,1,6,1396,1,13,-1,-1
2013471306803,2,1,0,18,4,1,0,0,0,0,1,1,2,1,8,-1,-1,-1,10,1
2013471306804,1,9,0,18,0,8,2,0,1,4,4,1,2,1,6,796,1,13,2,1
2013471306809,1,2,0,18,0,6,1,0,7,0,1,1,6,1,4,49,1,3,-1,-1
2013471306809,2,9,0,2,0,2,0,0,0,0,2,1,6,3,-1,1598,2,2,-1,-1
2013471306810,1,19,0,3,0,1,0,0,0,0,1,1,6,1,4,1686,2,10,-1,-1
2013471306810,2,9,0,3,0,8,0,0,0,0,2,1,6,1,6,1798,1,5,7,1
2013471306811,1,8,0,3,0,1,0,0,0,0,0,1,1,1,10,1753,2,4,6,1
2013471306818,1,9,0,18,0,1,1,0,0,0,2,1,6,1,4,998,1,5,6,1
2013471306818,2,9,0,3,0,1,0,0,0,0,2,1,6,2,6,1389,1,19,6,1
2013471306822,1,5,0,18,0,0,1,0,0,0,1,1,2,1,5,471,1,-1,9,2
2013471306822,2,9,0,18,0,0,2,0,1,4,1,1,6,1,6,1896,2,4,6,3
2013471306825,1,9,0,18,0,8,0,0,0,0,4,1,6,1,4,1598,1,9,2,1
2013471306825,2,9,0,18,0,8,0,0,0,0,3,1,2,1,6,998,1,-1,5,1
2013471306826,1,9,0,4,0,0,0,0,0,0,1,1,6,2,9,1248,2,2,4,1
2013471306826,2,9,0,3,0,0,0,0,0,0,2,1,6,1,8,1275,1,19,3,1
2013471306826,3,9,0,3,0,0,0,0,0,0,2,1,2,2,7,999,1,4,7,1
2013471306827,1,9,0,16,0,2,0,0,0,0,4,1,6,2,6,998,1,-1,1,1
2013471306828,1,9,0,18,0,6,0,0,0,0,3,1,6,1,6,2171,2,11,3,1
2013471306828,2,9,0,18,0,8,0,0,7,11,4,1,6,2,7,1296,1,6,9,1
2013471306828,3,9,0,18,0,8,0,0,0,0,1,1,6,2,8,1598,1,13,7,1
2013471306829,1,9,0,18,0,6,0,0,0,0,3,1,1,1,5,1242,1,9,5,1
2013471306829,2,9,0,18,0,8,0,0,0,0,1,1,6,2,9,-1,-1,-1,5,1
2013471306830,1,9,0,5,0,8,0,0,0,0,1,1,6,1,8,1840,1,15,8,1
2013471306830,2,2,0,18,0,8,0,0,0,0,1,1,2,1,8,49,1,8,8,1
2013471306832,1,19,0,18,0,8,0,0,0,0,1,1,1,1,9,1998,2,11,6,1
2013471306832,2,9,0,4,0,8,0,0,0,0,2,1,6,2,5,1388,1,10,1,1
2013471306832,3,9,0,7,0,6,0,0,0,0,0,1,6,1,6,-1,-1,-1,-1,-1
2013471306835,1,9,0,9,0,6,0,0,0,0,1,1,6,2,11,998,1,14,6,1
2013471306835,2,1,0,18,0,8,0,0,0,0,1,1,1,1,6,-1,-1,-1,7,1
2013471306837,1,9,0,16,0,0,1,0,5,6,1,1,2,1,4,1149,1,8,7,1
2013471306843,1,8,0,14,0,1,0,0,0,0,0,1,6,1,7,-1,-1,-1,-1,-1
2013471306843,2,11,0,5,0,1,0,0,0,0,0,1,1,1,8,9000,2,5,-1,-1
2013471306844,1,9,0,16,0,8,0,0,0,0,1,1,6,1,11,2497,1,12,7,3
2013471306844,2,9,0,17,0,8,1,0,0,0,3,1,6,1,8,-1,-1,-1,6,3
2013471306845,1,9,0,2,0,2,0,0,0,0,3,1,6,1,8,4293,1,10,4,1
2013471306845,2,1,0,18,0,2,0,0,0,0,4,1,6,1,7,-1,-1,-1,3,1
2013471306848,1,9,0,9,0,8,0,0,0,0,1,1,6,2,4,1598,1,10,6,1
2013471306848,2,8,0,18,0,8,0,0,0,0,3,1,1,1,10,1968,2,-1,6,1
2013471306849,1,9,0,18,0,3,0,0,0,0,1,1,6,1,6,1596,1,12,2,1
2013471306851,1,21,1,12,0,1,0,0,0,0,3,2,1,1,7,-1,-1,-1,-1,-1
2013471306851,2,9,0,18,0,1,0,0,1,0,4,1,6,2,8,1998,1,11,7,1
2013471306852,1,8,0,9,0,8,0,0,0,0,1,1,1,1,7,1997,2,1,3,1
2013471306852,2,1,0,18,0,8,1,0,0,0,1,1,2,1,7,-1,-1,-1,3,1
2013471306853,1,1,0,18,0,8,0,0,0,0,1,1,6,1,7,-1,-1,-1,4,1
2013471306853,2,9,0,9,0,8,0,0,0,0,1,1,1,1,7,1086,1,5,2,1
2013471306854,1,9,0,18,0,4,0,0,0,0,3,1,6,1,7,1968,2,-1,6,1
2013471306854,2,1,0,18,0,8,0,0,0,0,4,1,6,1,8,-1,-1,-1,8,1
2013471306857,1,9,0,18,0,1,0,0,0,0,3,1,6,2,7,1198,1,-1,6,1
2013471306860,1,9,0,18,0,8,0,0,0,0,3,1,6,2,10,1598,1,4,7,1
2013471306860,2,9,0,18,0,8,0,0,0,0,1,1,6,2,4,1242,1,12,7,1
2013471306861,1,19,0,5,0,0,0,0,0,0,4,1,1,1,5,1896,2,10,7,1
2013471306861,2,5,0,18,0,0,0,0,0,0,1,1,6,1,6,748,1,17,7,1
2013471306864,1,9,0,16,0,0,0,0,0,0,4,1,6,1,6,1199,1,10,6,1
2013471306864,2,9,0,16,0,0,0,0,2,7,2,1,6,2,8,-1,-1,-1,10,3
2013471306865,1,9,0,18,0,8,0,0,0,0,4,1,6,2,10,1339,1,1,10,1
2013471306866,1,9,0,18,9,0,0,0,0,0,4,1,6,3,-1,-1,-1,-1,-1,-1
2013471306867,1,9,0,18,0,3,0,0,0,0,1,1,2,2,8,1870,2,8,6,1
2013471306868,1,9,0,18,0,4,0,0,0,0,1,1,6,1,9,-1,-1,-1,-1,-1
2013471306869,1,9,0,18,0,1,0,0,0,0,1,1,6,2,8,1769,1,11,9,1
2013471306869,2,9,0,4,0,1,0,0,0,0,2,1,6,2,7,2000,2,8,3,1
2013471306871,1,9,0,18,0,4,0,0,0,0,1,1,6,2,8,1364,1,8,3,1
2013471306871,2,1,0,18,0,8,0,0,0,0,4,1,6,1,8,-1,-1,-1,7,1
2013471306872,1,9,0,9,0,8,0,0,0,0,3,1,6,2,10,1997,2,9,10,3
2013471306872,2,3,0,18,0,8,0,0,0,0,1,1,6,2,7,125,1,2,4,1
2013471306875,1,9,0,1,0,1,0,0,0,0,0,1,6,3,-1,1124,1,11,-1,-1
2013471306875,2,9,0,2,0,1,0,0,0,0,0,1,6,3,-1,-1,-1,-1,-1,-1
2013471306876,1,9,0,18,0,0,0,0,0,0,1,1,6,2,11,1299,1,10,4,1
2013471306876,2,9,0,18,0,0,0,0,0,0,2,1,6,2,9,1598,1,15,5,1
2013471306878,1,9,0,17,0,0,0,0,7,4,4,1,6,1,7,1984,1,9,10,1
2013471306879,1,9,0,9,0,8,0,0,0,0,1,1,6,1,11,1360,1,11,10,2
2013471306879,2,9,0,18,0,1,1,0,0,0,1,1,6,2,6,1299,1,7,6,2
2013471306881,1,9,0,18,0,2,0,0,0,0,1,1,6,1,7,1149,1,9,1,1
2013471306882,1,9,0,18,0,2,0,0,0,0,1,1,2,2,8,3996,1,15,7,1
2013471306882,2,9,0,18,0,8,0,0,0,0,3,1,6,1,8,1596,1,5,3,1
2013471306883,1,9,0,7,0,6,0,0,0,0,3,1,1,1,8,-1,-1,-1,3,1
2013471306883,2,9,0,18,0,8,1,0,0,0,1,1,1,1,8,1998,1,18,8,3
2013471306884,1,8,0,18,0,4,0,0,0,0,1,1,1,3,-1,-1,-1,-1,-1,-1
2013471306884,2,9,0,9,0,3,0,0,0,0,3,1,6,2,8,-1,-1,-1,5,1
2013471306885,1,9,0,18,0,8,0,0,0,0,1,1,1,1,4,998,1,13,3,1
2013471306885,2,9,0,18,0,8,0,0,0,0,1,1,6,2,5,995,1,9,7,1
2013471306887,1,5,0,13,0,0,0,7,0,0,1,1,6,1,5,680,1,3,4,1
2013471306887,2,9,0,18,0,0,0,0,0,0,0,1,6,1,8,1796,1,14,4,1
2013471306889,1,9,0,9,0,6,0,0,0,0,4,1,2,1,5,1596,1,7,4,1
2013471306889,2,5,0,18,0,1,0,0,0,0,3,1,6,1,6,675,1,1,3,1
2013471306890,1,9,0,9,0,6,0,0,0,0,0,1,6,1,9,1399,2,9,7,1
2013471306890,2,1,0,18,0,1,0,0,0,0,1,1,6,1,7,-1,-1,-1,8,1
2013471306891,1,9,0,18,0,2,0,0,7,4,1,1,6,2,7,1998,1,11,7,3
2013471306892,1,9,0,6,0,0,0,4,0,0,1,1,6,2,6,1388,1,9,2,1
2013471306892,2,9,0,18,0,0,0,0,0,0,3,1,2,1,5,1248,2,7,4,1
2013471306894,1,9,0,7,0,8,0,0,0,0,1,1,3,2,6,3301,1,16,7,1
2013471306895,1,9,0,18,0,0,0,0,0,0,1,1,6,2,10,1994,1,10,9,3
2013471306895,2,9,0,3,0,0,0,0,0,0,2,1,6,1,7,1984,1,7,8,3
2013471306895,3,9,0,10,0,0,0,0,0,0,2,1,6,2,6,1798,1,7,3,1
2013471306896,1,9,0,1,0,1,0,0,0,0,2,1,6,2,6,1994,2,10,-1,-1
2013471306896,2,9,0,2,0,1,0,0,0,0,3,1,6,1,5,1598,1,6,10,1
2013471306897,1,9,0,4,0,0,0,0,0,0,2,1,6,1,7,-1,-1,-1,4,1
2013471306897,2,5,0,18,0,0,0,0,0,0,1,1,6,1,10,647,1,11,3,1
2013471306898,1,9,0,18,0,0,0,4,0,0,1,1,6,2,10,1229,1,7,7,1
2013471306898,2,19,0,2,9,0,0,0,0,0,1,1,1,1,7,1995,2,1,7,1
2013471306900,1,9,0,17,0,0,0,0,0,0,3,1,6,1,10,1998,2,11,4,1
2013471306900,2,9,0,16,0,0,0,0,1,9,1,1,2,2,8,1390,1,15,5,3
2013471306901,1,9,0,5,0,0,0,0,0,0,1,1,6,2,9,1598,1,2,5,2
2013471306901,2,3,0,3,0,0,0,0,0,0,2,1,6,1,7,125,1,4,9,1
2013471306902,1,19,0,4,0,1,0,0,0,0,1,1,6,1,7,2402,2,12,7,1
2013471306902,2,9,0,3,0,1,0,0,0,0,2,1,6,1,8,1998,1,15,3,1
2013471306903,1,9,0,18,0,1,0,0,0,0,4,1,6,2,10,1198,1,9,10,3
2013471306904,1,9,0,5,0,0,1,0,0,0,1,1,6,1,4,1149,1,7,-1,-1
2013471306904,2,9,0,4,0,0,0,0,0,0,2,1,6,2,5,1000,1,-1,2,1
2013471306904,3,9,0,4,0,0,0,0,0,0,2,1,6,2,7,1999,1,5,3,1
2013471306906,1,9,0,16,0,0,2,0,5,6,1,1,6,1,7,1560,2,-1,2,1
2013471306910,1,19,0,18,0,0,0,0,1,10,0,1,2,1,7,1461,2,5,6,1
2013471306910,2,19,0,18,0,0,0,0,4,6,4,1,1,1,8,1997,2,9,5,1
2013471306912,1,20,0,18,0,1,0,0,0,0,4,1,6,3,-1,-1,-1,-1,-1,-1
2013471306914,1,9,0,18,0,0,0,0,4,0,4,1,2,1,6,1997,2,12,9,1
2013471306914,2,9,0,12,0,0,0,0,0,0,3,1,6,1,6,-1,-1,-1,-1,-1
2013471306915,1,9,0,18,0,0,0,0,0,0,1,1,6,2,6,1199,1,11,8,1
2013471306915,2,19,0,18,0,0,0,0,0,0,2,1,2,1,6,1868,2,8,9,1
2013471306917,1,9,0,5,0,0,0,0,0,0,3,1,6,1,7,1242,1,8,7,1
2013471306917,2,1,0,18,0,0,0,0,0,0,1,1,6,1,7,-1,-1,-1,7,1
2013471306918,1,1,0,12,0,3,0,0,0,0,4,1,4,1,3,-1,-1,-1,8,1
2013471306918,2,9,0,12,0,4,0,0,0,0,4,1,6,1,8,1995,2,-1,10,1
2013471306921,1,9,0,4,0,1,0,0,0,0,1,1,6,1,10,1398,2,11,10,1
2013471306921,2,19,0,18,0,1,0,0,0,0,4,1,1,1,7,2143,2,3,9,2
2013471306923,1,20,0,18,0,0,0,0,0,0,1,1,1,1,8,-1,-1,-1,8,1
2013471306923,2,9,0,3,0,0,0,0,0,0,2,1,6,1,7,1984,1,6,6,1
2013471306923,3,9,0,3,0,0,0,0,0,0,2,1,6,1,10,1968,2,6,5,2
2013471306930,1,8,0,18,0,0,0,0,0,0,3,1,1,3,-1,-1,-1,-1,-1,-1
2013471306930,2,9,0,18,0,0,0,0,0,0,3,1,6,1,9,2495,2,16,2,1
2013471306932,1,9,0,18,0,8,0,0,0,0,1,1,6,1,7,1598,1,1,2,1
2013471306932,2,9,0,18,0,8,0,0,1,7,3,1,6,2,8,1582,2,-1,6,2
2013471306934,1,9,0,9,0,6,0,0,0,0,1,1,6,2,5,-1,-1,-1,4,1
2013471306934,2,5,0,18,0,1,0,0,0,0,1,1,6,1,8,599,1,16,8,1
2013471306935,1,9,0,9,0,6,0,0,0,0,1,1,2,2,6,1149,1,8,8,1
2013471306935,2,5,0,13,0,8,0,0,0,0,1,1,6,1,4,599,1,6,8,1
2013471306936,1,1,0,18,0,1,0,8,0,0,1,1,6,1,8,-1,-1,-1,3,1
2013471306936,2,9,0,2,0,1,0,0,0,0,3,1,6,1,8,1896,2,3,6,1
2013471306937,1,9,0,18,0,0,0,0,0,0,1,1,6,2,5,1397,1,5,8,3
2013471306937,2,9,0,18,0,0,0,0,0,0,2,1,6,1,8,1896,2,12,6,3
2013471306937,3,9,0,18,0,0,0,0,0,0,0,1,1,1,8,1753,2,6,6,1
2013471306938,1,9,0,16,0,0,5,0,7,0,4,1,6,1,5,1997,1,12,6,1
2013471306938,2,9,0,17,0,0,0,0,0,0,1,1,6,1,5,1595,1,1,9,1
2013471306941,1,9,0,4,0,1,0,0,0,0,1,1,6,1,6,3059,2,15,5,2
2013471306941,2,9,0,18,0,1,0,0,0,0,2,1,6,2,6,1198,1,10,3,1
2013471306943,1,1,0,18,9,1,0,0,0,0,1,1,2,1,4,-1,-1,-1,3,1
2013471306943,2,9,0,18,9,6,0,0,0,0,4,1,6,1,8,1199,1,14,3,1
2013471306945,1,9,0,18,0,1,1,0,0,0,1,1,6,1,5,1896,2,16,9,1
2013471306947,1,19,0,10,9,2,0,0,0,0,1,1,6,1,6,2400,2,10,2,1
2013471306948,1,3,0,7,0,8,1,0,0,0,3,1,6,1,6,125,1,-1,8,1
2013471306950,1,9,0,16,0,8,0,0,0,0,0,1,6,1,6,1781,1,11,-1,-1
2013471306950,2,9,0,16,0,3,0,0,0,0,2,1,6,2,5,1240,1,8,4,1
2013471306951,1,9,0,18,0,0,1,0,7,0,1,1,6,1,6,1461,2,-1,5,1
2013471306953,1,8,0,18,0,1,0,0,0,0,0,1,6,1,6,1896,2,9,6,1
2013471306956,1,9,0,9,0,8,0,0,0,0,1,1,6,1,7,-1,-1,-1,5,1
2013471306958,1,9,0,18,0,0,1,0,2,11,1,1,2,2,4,1124,1,12,10,2
2013471306959,1,9,0,17,0,0,0,0,1,4,1,1,6,1,6,1299,1,6,1,1
2013471306960,1,9,0,18,0,2,0,0,0,0,1,1,6,2,6,2997,1,19,7,1
2013471306962,1,9,0,18,0,0,0,0,0,0,1,1,6,2,11,996,1,2,6,1
2013471306963,1,9,0,9,0,5,0,0,0,0,1,1,1,2,6,2362,1,11,4,1
2013471306963,2,5,0,10,0,2,0,0,0,0,2,1,6,1,8,1157,1,14,4,1
2013471306967,1,9,0,5,0,6,0,0,4,10,3,1,1,2,11,1386,1,9,5,1
2013471306967,2,9,0,18,0,8,1,0,4,10,1,1,6,1,4,1995,2,9,5,3
2013471306970,1,21,0,18,0,0,0,0,0,0,0,1,1,1,6,11000,2,12,9,1
2013471306970,2,9,0,18,0,0,0,0,0,0,0,1,2,2,8,1299,1,9,4,1
2013471306972,1,1,0,13,0,1,0,0,0,0,1,1,6,1,4,-1,-1,-1,5,3
2013471306972,2,9,0,9,0,5,0,0,0,0,3,1,6,2,6,1596,1,7,7,1
2013471306973,1,9,0,17,0,0,0,0,1,4,1,1,6,1,4,998,1,3,8,3
2013471306975,1,9,0,3,0,4,0,0,0,0,1,1,6,2,6,1398,2,11,6,1
2013471306975,2,9,0,5,0,4,0,0,0,0,2,1,6,2,8,1596,1,2,6,3
2013471306976,1,9,0,18,0,1,0,0,0,0,1,1,6,1,4,1229,1,4,4,1
2013471306976,2,9,0,4,0,1,0,0,0,0,2,1,6,1,4,1598,1,5,8,3
2013471306976,3,9,0,4,0,1,0,0,0,0,2,1,6,1,10,1398,1,2,10,1
2013471306977,1,19,0,18,0,2,0,0,0,0,1,1,6,1,6,1360,1,5,-1,-1
2013471306977,2,19,0,18,0,1,0,0,0,0,3,1,6,1,6,-1,-1,-1,10,2
2013471306979,1,9,0,17,0,0,1,0,4,0,0,1,6,1,11,1995,1,9,5,1
2013471306980,1,9,0,18,0,8,0,0,7,0,1,1,6,1,7,1850,1,14,8,1
2013471306980,2,9,0,18,0,8,0,0,0,0,1,1,2,2,4,1299,1,11,7,1
2013471306981,1,9,0,18,0,1,0,4,0,0,4,1,6,1,9,1769,1,11,10,1
2013471306981,2,9,0,2,0,1,0,0,0,0,3,1,6,3,-1,1999,1,7,-1,-1
2013471306982,1,9,0,18,0,8,0,0,0,0,1,1,6,2,7,1229,1,1,3,1
2013471306982,2,9,0,3,0,8,0,0,0,0,2,1,6,2,7,1199,1,10,8,1
2013471306983,1,9,0,9,0,2,0,0,0,0,1,1,6,1,8,2254,1,14,3,1
2013471306983,2,22,0,18,0,2,0,0,0,0,3,1,6,2,7,-1,-1,-1,10,1
2013471306984,1,9,0,18,0,0,0,0,0,0,1,1,6,1,8,1399,2,7,7,1
2013471306984,2,9,0,18,0,0,0,0,0,0,1,1,6,1,11,1422,2,7,8,3
2013471306986,1,9,0,18,0,2,0,0,0,11,1,1,6,2,11,-1,-1,-1,8,2
2013471306986,2,8,0,18,0,1,0,0,0,0,1,1,6,1,10,1997,2,5,3,1
2013471306987,1,9,0,18,0,1,1,0,0,11,1,1,6,1,11,1799,1,17,9,1
2013471306987,2,9,0,18,0,1,0,0,0,0,1,1,6,1,7,1990,1,10,3,1
2013471306987,3,9,0,18,0,1,0,0,0,0,1,1,6,2,7,1686,2,8,8,1
2013471306988,1,19,0,3,0,4,0,0,0,0,2,1,6,3,-1,-1,-1,-1,-1,-1
2013471306988,2,9,0,3,0,3,0,0,0,0,2,1,6,2,8,-1,-1,-1,10,1
2013471306991,1,9,0,4,0,0,0,0,0,0,1,1,6,1,6,1124,1,12,8,1
2013471306991,2,9,0,4,0,0,0,0,0,0,2,1,6,2,6,1339,1,11,7,1
2013471306992,1,9,0,18,0,0,1,0,0,0,1,1,1,1,5,1686,2,9,5,1