Accident_Index,Vehicle_Reference,Vehicle_Type,Towing_and_Articulation,Vehicle_Manoeuvre,Vehicle_Location-Restricted_Lane,Junction_Location,Skidding_and_Overturning,Hit_Object_in_Carriageway,Vehicle_Leaving_Carriageway,Hit_Object_off_Carriageway,1st_Point_of_Impact,Was_Vehicle_Left_Hand_Drive?,Journey_Purpose_of_Driver,Sex_of_Driver,Age_Band_of_Driver,Engine_Capacity_(CC),Propulsion_Code,Age_of_Vehicle,Driver_IMD_Decile,Driver_Home_Area_Type
2013471306992,2,9,0,3,0,0,0,0,0,0,2,1,6,2,6,1598,2,-1,7,3
2013471306992,3,9,0,3,0,0,0,0,0,0,2,1,6,1,8,1998,2,1,9,1
2013471306993,1,9,0,18,0,0,1,0,7,10,1,1,6,2,5,1299,1,14,6,1
2013471306995,1,9,0,9,0,6,0,0,0,0,1,1,6,1,8,2494,1,13,-1,-1
2013471306995,2,1,0,4,0,1,0,0,0,0,1,1,2,1,9,-1,-1,-1,3,1
2013471307000,1,9,0,4,0,0,0,11,0,0,1,1,6,1,6,1796,1,12,7,3
2013471307000,2,9,0,4,0,0,0,0,0,0,1,1,6,1,7,1596,1,9,8,1
2013471307001,1,20,0,7,0,8,0,0,0,0,1,1,1,2,9,-1,-1,-1,7,3
2013471307001,2,9,0,7,0,8,0,0,0,0,2,1,1,2,4,998,1,7,7,1
2013471307001,3,8,0,7,0,1,0,0,0,0,1,1,1,1,7,1968,2,7,4,1
2013471307002,1,9,0,18,0,0,0,0,0,0,1,1,6,2,6,1598,1,11,4,1
2013471307002,2,9,0,18,0,0,0,0,1,0,1,1,6,1,9,2170,2,9,9,1
2013471307003,1,9,0,18,0,1,0,0,0,0,1,1,6,1,7,2498,1,15,10,1
2013471307003,2,9,0,3,0,1,0,0,0,0,2,1,6,2,8,998,1,-1,7,3
2013471307004,1,9,0,16,0,3,1,10,1,4,1,1,6,1,6,1994,1,11,10,1
2013471307005,1,9,0,18,0,0,1,0,0,0,1,1,6,1,7,1999,1,8,7,1
2013471307005,2,9,0,18,0,0,0,0,0,0,1,1,6,1,8,1587,1,10,3,1
2013471307006,1,9,0,9,0,6,0,0,7,0,3,1,6,1,9,1799,1,5,7,2
2013471307006,2,8,0,18,0,1,1,0,0,0,1,1,1,1,6,1560,2,3,2,1
2013471307007,1,9,0,18,0,0,0,0,0,0,1,1,6,1,8,4196,1,5,9,3
2013471307007,2,9,0,4,0,0,0,0,0,0,2,1,6,2,8,1896,2,3,5,1
2013471307008,1,9,0,9,0,6,0,0,0,0,3,1,6,2,9,1590,1,10,8,1
2013471307008,2,9,0,18,0,2,0,0,0,0,1,1,6,2,9,1596,1,9,7,2
2013471307014,1,9,0,1,0,0,0,0,0,0,2,1,6,3,-1,-1,-1,-1,-1,-1
2013471307015,1,9,0,18,0,8,0,0,1,4,1,2,6,1,7,-1,-1,-1,-1,-1
2013471307015,2,9,0,3,0,8,0,0,0,0,2,1,6,1,5,1999,1,7,4,1
2013471307015,3,9,0,3,0,2,0,0,0,0,2,1,6,1,10,1598,1,9,10,3
2013471307016,1,9,0,18,0,0,5,10,0,0,1,1,6,1,4,1400,1,13,8,3
2013471307019,1,9,0,18,0,8,0,0,0,0,1,1,6,1,5,1956,2,1,7,1
2013471307019,2,8,0,18,0,8,0,0,1,0,4,1,6,1,7,1896,2,3,7,1
2013471307021,1,9,0,18,0,0,2,0,1,11,1,1,6,2,6,1998,2,13,9,1
2013471307025,1,9,0,18,0,1,2,0,1,9,3,1,6,2,5,1242,1,17,8,1
2013471307028,1,9,0,17,0,0,2,0,1,4,2,1,6,1,5,1895,1,12,6,1
2013471307030,1,9,0,7,0,3,1,0,1,2,3,1,6,1,7,2792,1,31,4,1
2013471307031,1,9,0,13,0,0,1,0,0,0,1,1,6,1,6,1396,1,10,6,3
2013471307031,2,1,0,18,0,0,0,0,0,0,0,1,6,1,8,-1,-1,-1,8,3
2013471307032,1,9,0,18,0,5,0,0,1,1,1,1,6,1,10,1590,1,11,9,3
2013471307036,1,9,0,18,0,0,0,0,0,0,1,1,6,2,11,1339,1,10,5,1
2013471307036,2,9,0,18,0,0,0,0,1,0,1,1,6,1,11,1995,1,10,10,2
2013471307037,1,1,0,18,5,0,0,0,0,0,1,1,6,2,6,-1,-1,-1,4,1
2013471307038,1,9,0,18,0,0,1,0,1,0,0,1,2,2,8,1587,1,10,5,1
2013471307040,1,9,0,9,0,6,5,10,1,0,3,1,6,2,6,1360,1,12,3,1
2013471307040,2,9,0,18,0,8,0,0,7,0,1,1,6,2,5,1956,2,1,5,3
2013471307041,1,9,0,9,0,5,0,0,0,0,4,1,6,1,6,1995,2,8,4,1
2013471307041,2,9,0,18,0,1,0,0,0,0,1,1,6,2,10,1240,1,5,9,1
2013471307044,1,5,0,9,0,6,1,10,0,0,3,1,6,1,7,600,1,14,9,1
2013471307045,1,9,0,1,0,2,0,0,0,0,3,1,6,1,5,1997,2,2,-1,-1
2013471307047,1,9,0,18,0,0,0,11,0,0,1,1,6,1,8,-1,-1,-1,9,1
2013471307047,2,9,0,18,0,0,0,0,0,0,1,1,6,1,10,1399,2,11,10,1
2013471307049,1,9,0,9,0,8,0,0,0,0,3,1,1,2,10,3200,2,14,4,3
2013471307049,2,3,0,18,0,8,1,0,0,0,1,1,6,1,4,124,1,13,1,1
2013471307053,1,9,0,16,0,0,1,0,1,7,4,1,6,1,5,1242,1,6,3,1
2013471307053,2,9,0,16,0,0,0,0,0,0,1,1,6,1,5,1598,1,10,5,1
2013471307054,1,9,0,9,0,8,0,0,0,0,1,1,6,2,10,1498,1,3,10,1
2013471307054,2,1,0,18,0,8,0,0,0,0,1,1,6,1,6,-1,-1,-1,5,1
2013471307056,1,9,0,5,0,0,0,4,0,0,1,1,6,2,11,1991,2,4,9,3
2013471307056,2,9,0,2,0,0,0,0,0,0,2,1,6,3,-1,2985,2,7,-1,-1
2013471307057,1,1,0,9,0,8,0,0,0,0,2,1,6,1,8,-1,-1,-1,5,1
2013471307057,2,9,0,18,0,1,0,0,0,0,1,1,6,1,11,1598,1,6,7,1
2013471307059,1,9,0,18,0,3,0,0,0,0,4,1,6,1,8,2496,2,9,6,3
2013471307061,1,9,0,18,0,4,0,0,0,0,3,1,6,1,10,998,1,2,8,1
2013471307061,2,9,0,9,0,4,0,0,0,0,1,1,2,2,5,1242,1,16,7,1
2013471307062,1,3,0,18,0,1,1,0,0,0,0,1,6,1,5,-1,-1,-1,4,1
2013471307064,1,9,0,18,0,0,2,0,1,1,2,1,6,1,4,1905,2,21,5,2
2013471307065,1,11,0,18,0,0,0,0,0,0,1,1,1,1,9,9360,2,1,6,1
2013471307065,2,9,0,11,0,0,0,0,0,0,1,1,6,1,6,1590,1,8,7,1
2013471307065,3,9,0,18,0,0,0,0,0,0,2,1,1,1,8,1910,2,5,1,1
2013471307066,1,9,0,18,0,0,1,0,0,0,1,1,6,1,5,-1,-1,-1,7,3
2013471307072,1,9,0,17,0,0,2,0,1,0,1,1,2,2,6,1124,1,11,2,1
2013471307077,1,9,0,7,0,6,0,0,0,0,3,1,6,1,8,3222,2,10,6,1
2013471307077,2,9,0,18,0,1,0,0,0,0,1,1,6,1,7,1497,1,8,2,1
2013471307077,3,9,0,18,0,1,0,0,0,0,0,1,1,1,10,1998,2,5,10,1
2013471307078,1,9,0,18,0,0,0,0,0,0,1,1,6,2,9,1341,1,8,4,1
2013471307078,2,22,0,18,0,0,5,0,0,0,2,1,6,1,11,-1,-1,-1,3,1
2013471307079,1,9,0,3,0,1,0,0,0,0,1,1,6,1,11,1988,1,16,5,1
2013471307079,2,9,0,3,0,1,0,0,0,0,2,1,6,1,8,1997,2,6,1,1
2013471307080,1,9,0,11,0,0,0,0,0,0,0,1,6,3,-1,-1,-1,-1,-1,-1
2013471307080,2,9,0,18,0,0,1,0,1,0,3,1,6,2,7,1596,1,6,5,1
2013471307081,1,19,0,17,0,0,2,0,7,0,1,1,6,1,8,2283,2,12,7,3
2013471307082,1,9,0,9,0,8,0,0,0,0,1,1,6,2,7,1794,1,8,3,1
2013471307082,2,9,0,18,0,8,0,0,0,0,1,1,6,2,7,1489,1,16,8,1
2013471307084,1,9,0,16,0,8,0,0,7,10,1,1,6,1,7,1985,1,17,1,1
2013471307089,1,9,0,18,0,1,0,0,0,0,1,1,6,2,5,1461,2,4,7,1
2013471307089,2,9,0,9,0,5,0,0,0,0,2,1,6,1,8,1686,2,8,7,1
2013471307091,1,9,0,18,0,1,1,0,0,0,1,1,6,1,7,1997,1,8,10,1
2013471307091,2,9,0,10,0,8,0,0,0,0,2,1,6,2,4,1299,1,6,7,3
2013471307092,1,9,0,4,0,1,0,0,0,0,1,1,6,1,9,1598,1,-1,7,1
2013471307095,1,9,0,9,0,6,0,0,0,0,3,1,6,2,11,998,1,12,9,1
2013471307095,2,9,0,18,0,8,0,0,0,0,1,1,2,1,7,1598,1,13,8,2
2013471307098,1,19,0,18,0,0,0,0,0,0,1,1,6,1,6,2402,2,2,-1,-1
2013471307098,2,9,0,18,0,0,0,0,0,0,2,1,6,1,10,1998,2,8,6,1
2013471307100,1,9,0,18,0,0,1,0,0,6,1,1,6,2,5,1995,2,13,-1,-1
2013471307101,1,9,0,18,0,0,0,0,1,9,1,1,6,2,6,1149,1,7,10,1
2013471307104,1,9,0,7,0,3,0,0,0,0,1,1,6,1,8,1783,1,15,2,1
2013471307104,2,1,0,18,0,3,0,0,0,0,2,1,6,1,8,-1,-1,-1,2,1
2013471307106,1,9,0,18,0,4,0,0,0,0,1,1,6,3,8,-1,-1,-1,-1,-1
2013471307106,2,9,0,3,0,4,0,0,0,0,2,1,6,2,8,1796,1,16,4,1
2013471307107,1,9,0,17,0,8,0,0,0,0,1,1,6,3,-1,1781,1,13,-1,-1
2013471307107,2,9,0,17,0,8,0,0,0,0,1,1,6,1,9,1796,1,14,1,1
2013471307109,1,9,0,16,0,0,1,0,7,11,2,1,6,1,4,1149,1,17,10,1
2013471307110,1,9,0,16,0,0,1,0,7,4,1,1,6,2,6,1397,1,6,6,2
2013471307111,1,9,0,18,0,0,1,0,1,0,1,1,6,1,4,1796,1,11,7,3
2013471307111,2,9,0,18,0,0,1,0,0,0,1,1,6,1,7,1299,1,10,7,1
2013471307111,3,9,0,4,0,0,0,0,0,0,2,1,2,2,9,1968,2,4,6,1
2013471307112,1,9,0,9,0,8,0,0,0,0,1,1,6,1,8,1560,2,4,2,1
2013471307112,2,9,0,18,0,8,0,0,0,0,1,1,6,1,10,1596,1,4,10,1
2013471400009,1,9,0,17,0,2,1,0,1,0,3,1,2,1,5,-1,-1,-1,6,1
2013471400018,1,9,0,18,0,1,0,0,0,0,1,1,6,2,7,1796,1,13,6,2
2013471400023,1,19,0,1,0,0,0,0,0,0,2,1,1,1,6,2402,2,7,4,1
2013471400023,2,9,0,2,0,0,0,0,0,0,3,1,6,3,-1,1769,1,12,-1,-1
2013471400029,1,19,0,2,0,2,0,0,0,0,0,1,1,1,5,2198,2,2,2,1
2013471400029,2,9,0,9,0,1,0,0,0,0,1,1,6,1,7,1560,2,3,7,1
2013471400029,3,1,0,18,0,1,0,0,0,0,1,1,6,1,7,-1,-1,-1,2,1
2013471400064,1,9,0,4,0,1,0,0,0,0,1,1,6,1,11,1299,1,12,1,1
2013471400064,2,9,0,3,0,1,0,0,0,0,2,1,2,2,7,1587,1,10,3,1
2013471400083,1,9,0,18,0,0,5,4,0,0,1,1,6,3,-1,2198,1,11,-1,-1
2013471400083,2,9,0,2,0,0,0,0,0,0,1,1,6,3,-1,1796,1,8,-1,-1
2013471400084,1,9,0,18,0,8,0,0,0,0,1,1,6,1,-1,1560,2,6,8,3
2013471400084,2,9,0,18,0,8,0,0,0,0,2,1,6,1,7,1956,2,3,6,1
2013471400103,1,9,0,18,0,8,0,0,0,0,1,1,6,1,-1,-1,-1,-1,-1,-1
2013471400136,1,9,0,15,0,0,0,0,0,0,4,1,6,2,6,1242,1,-1,7,3
2013471400136,2,1,0,18,0,0,0,0,0,0,3,1,6,1,11,-1,-1,-1,1,1
2013471400220,1,1,0,18,0,1,1,0,0,0,1,1,6,1,7,-1,-1,-1,5,1
2013471400220,2,9,0,3,0,8,0,0,0,0,2,1,6,1,6,1599,1,11,3,1
2013471400293,1,9,0,18,0,1,1,0,1,11,1,1,6,1,4,1360,1,7,5,2
2013471400308,1,9,4,5,0,1,0,0,0,0,4,1,6,3,-1,-1,-1,-1,-1,-1
2013471400308,2,1,0,18,0,8,0,0,0,0,1,1,6,1,3,-1,-1,-1,7,1
2013471400311,1,9,0,5,0,4,0,0,0,0,0,1,6,3,-1,-1,-1,-1,-1,-1
2013471400311,2,3,0,7,0,3,0,0,0,0,0,1,6,1,9,108,1,-1,7,1
2013471400514,1,8,0,13,0,0,0,0,0,0,1,1,6,1,8,1997,2,6,10,1
2013471400514,2,9,0,18,0,0,0,0,0,0,1,1,6,2,6,1240,1,9,8,3
2013471400527,1,9,0,18,0,0,0,0,0,0,1,1,6,1,11,1796,1,5,5,1
2013471400527,2,9,0,3,0,0,0,0,0,0,2,1,6,1,7,2143,2,-1,8,1
201350AC2B003,1,9,0,5,0,2,0,0,0,0,1,1,6,1,5,1391,1,13,1,1
201350AC2B003,2,4,0,18,0,8,0,0,0,0,1,1,6,1,6,248,1,25,3,1
201350AC2B005,1,9,0,18,0,0,0,0,0,0,1,1,6,1,9,1997,2,13,4,1
201350AC2B008,1,9,0,18,0,1,0,0,0,0,3,1,6,2,9,1061,1,9,2,1
201350AC2B008,2,1,0,18,0,6,0,0,0,0,1,1,6,1,2,-1,-1,-1,5,1
201350AC2B009,1,9,0,7,0,3,0,0,1,11,1,1,6,2,8,1388,1,7,3,1
201350AC2B011,1,9,0,1,0,0,0,0,0,0,4,1,1,1,8,-1,-1,-1,3,2
201350AC2B011,2,3,0,18,0,0,0,0,0,0,1,1,1,1,6,124,1,8,4,3
201350AC2B012,1,9,0,9,0,2,0,0,0,0,1,1,6,1,10,-1,-1,-1,5,1
201350AC2B012,2,9,0,1,0,2,0,0,0,0,3,1,1,1,8,1896,2,7,5,1
201350AC2C001,1,9,0,18,0,0,0,0,0,0,1,1,6,3,-1,-1,-1,-1,-1,-1
201350AC2C001,2,9,0,1,0,0,0,0,0,0,2,1,6,1,5,1596,1,8,4,1
201350AC2C002,1,9,0,9,0,6,0,0,0,0,1,1,6,2,7,1598,1,9,3,1
201350AC2C002,2,9,0,18,0,8,0,0,0,0,4,1,6,1,6,1560,2,8,2,1
201350AC2C003,1,9,0,18,0,0,0,0,0,0,1,1,6,2,8,1390,1,13,8,1
201350AC2C003,2,9,0,18,0,0,0,0,0,0,1,1,6,2,8,1997,2,11,4,3
201350AC2C004,1,2,0,3,0,0,0,0,0,0,1,1,6,1,4,49,1,4,4,3
201350AC2C004,2,9,0,1,0,0,0,0,0,0,2,1,6,1,-1,1596,1,8,-1,-1
201350AC2C007,1,9,0,18,0,1,0,0,0,0,1,1,6,1,10,-1,-1,-1,3,1
201350AC2C007,2,1,0,18,0,1,0,0,0,0,1,1,6,1,4,-1,-1,-1,-1,-1
201350AC2C008,1,9,0,1,8,0,0,0,1,11,2,1,6,1,11,1560,2,3,2,1
201350AC2C008,2,9,0,2,6,0,0,4,0,0,1,1,6,2,7,1749,1,11,1,1
201350AC2C008,3,9,0,2,6,0,0,4,0,0,1,1,6,2,6,1398,1,7,4,1
201350AC2C010,1,9,0,18,0,1,0,0,0,0,4,1,6,2,6,1388,1,6,4,3
201350AC2C011,1,9,0,8,0,6,0,0,0,0,3,1,6,1,7,1901,2,7,2,1
201350AC2C011,2,1,0,18,0,1,0,0,0,0,1,1,6,1,3,-1,-1,-1,3,3
201350AC2C012,1,9,0,9,0,5,0,0,0,0,1,1,6,1,8,1910,2,5,4,2
201350AC2C013,1,9,0,9,0,1,0,0,0,0,1,1,6,2,10,1242,1,9,4,2
201350AC2C013,2,9,0,18,0,1,0,0,0,0,2,1,6,1,6,-1,-1,-1,4,1
201350AC2C014,1,9,0,9,0,8,0,0,0,0,1,1,6,2,7,1598,1,7,5,1
201350AC2C014,2,2,0,18,0,8,0,0,0,0,1,1,6,2,5,49,1,5,4,1
201350AC2C016,1,2,0,18,0,2,0,0,0,0,1,1,6,1,5,49,1,10,3,1
201350AC2C017,1,19,0,4,0,0,0,0,0,0,1,1,6,1,6,1870,2,8,5,3
201350AC2C017,2,9,0,3,0,0,0,0,0,0,2,1,1,2,8,-1,-1,-1,-1,-1
201350AC2C017,3,9,0,3,0,0,0,0,0,0,2,1,6,1,6,1461,2,3,4,1
201350AC2C020,1,9,0,10,0,5,0,0,0,0,2,1,6,1,8,-1,-1,-1,2,1
201350AC2C020,2,9,0,18,0,8,0,0,0,0,1,1,6,2,4,1248,2,5,4,3
201350AC2C022,1,9,0,5,0,0,0,0,0,0,4,1,6,1,10,1589,1,13,2,1
201350AC2C022,2,9,0,18,0,0,0,4,1,11,1,1,6,2,10,1598,1,5,1,1
201350AC2C022,3,9,0,2,0,0,0,0,0,0,3,1,6,2,8,1489,1,15,2,1
201350AC2C024,1,9,0,18,0,3,0,0,0,0,0,1,6,3,-1,-1,-1,-1,-1,-1
201350AC2C024,2,3,0,3,0,4,0,0,0,0,0,1,6,1,4,125,1,-1,5,1
201350AC2D001,1,9,0,9,0,0,0,0,0,0,4,1,6,3,-1,-1,-1,-1,-1,-1
201350AC2D001,2,1,0,18,0,0,0,0,0,0,1,1,6,1,3,-1,-1,-1,5,1
201350AC2D002,1,9,0,16,0,0,1,0,8,10,1,1,2,2,4,1199,1,11,5,3
201350AC2D004,1,9,0,9,0,4,0,0,0,0,3,1,6,2,9,1587,1,12,3,2
201350AC2D004,2,9,0,9,0,4,0,0,0,0,3,1,6,1,9,1587,1,13,2,1
201350AC2D005,1,9,0,17,0,0,0,0,0,0,1,1,1,2,5,1299,1,16,6,1
201350AC2D005,2,9,0,16,0,0,0,0,0,0,1,1,1,2,10,1360,1,7,4,3
201350AC2D006,1,9,0,9,0,0,0,0,0,0,3,1,6,2,8,1360,1,12,2,1
201350AC2D006,2,3,0,18,0,0,0,0,0,0,1,1,6,1,5,124,1,1,4,3
201350AC2D010,1,3,0,16,6,0,0,0,0,0,1,1,1,1,4,124,1,-1,2,1
201350AC2D010,2,9,0,2,6,0,0,0,0,0,1,1,1,1,-1,1686,2,-1,-1,-1
201350AC2D011,1,9,0,4,0,1,1,0,0,0,1,1,6,2,4,1149,1,4,5,3
201350AC2D011,2,9,0,3,0,1,0,0,0,0,2,1,2,1,6,996,1,4,2,1
201350AC2D011,3,9,0,10,0,1,0,0,0,0,2,1,2,1,7,1390,1,9,3,1
201350AC2D012,1,9,0,18,0,0,0,0,0,0,4,1,6,3,-1,-1,-1,-1,-1,-1
201350AC2D013,1,9,0,4,0,0,0,0,0,0,1,1,6,2,5,1596,1,12,4,3
201350AC2D013,2,9,0,3,0,0,0,0,0,0,2,1,6,2,7,-1,-1,-1,5,1
201350AC2D013,3,9,0,3,0,0,0,0,0,0,2,1,6,1,-1,-1,-1,-1,4,3
201350AC2D014,1,9,0,18,0,4,0,0,0,0,3,1,2,1,5,1390,1,10,-1,-1
201350AC2D014,2,9,0,18,0,4,0,0,0,0,4,1,6,2,8,-1,-1,-1,5,3
201350AC2D017,1,9,0,18,0,0,0,0,0,0,4,1,6,1,9,-1,-1,-1,-1,-1
201350AC2D018,1,9,0,16,0,1,0,0,0,0,0,1,6,1,6,1597,1,13,2,1
201350AC2D019,1,8,0,4,0,0,0,0,0,0,0,1,6,1,7,1995,2,9,8,1
201350AC2D019,2,9,0,3,0,0,0,0,0,0,0,1,6,1,7,-1,-1,-1,4,1
201350AC2D020,1,9,0,18,0,0,1,0,0,0,1,1,6,1,11,-1,-1,-1,3,1
201350AC2D021,1,9,0,18,0,0,0,4,0,0,1,1,2,2,9,1198,1,10,5,3
201350AC2D021,2,9,0,2,6,0,0,0,1,0,3,1,2,1,6,-1,-1,-1,4,3
201350AC2D021,3,9,0,18,0,0,0,0,0,0,4,1,2,2,8,1398,2,2,1,1
201350AC2D022,1,9,0,9,0,0,0,0,0,0,4,1,2,2,9,1149,1,10,4,3
201350AC2D022,2,20,0,18,0,0,0,0,0,0,1,1,1,1,8,-1,-1,-1,2,1
201350AC2D023,1,9,0,5,0,8,0,0,0,0,1,1,6,2,4,1199,1,11,4,1
201350AC2D023,2,5,0,4,0,1,0,0,0,0,1,1,6,1,8,1450,1,11,3,3
201350AC2D024,1,9,0,18,0,0,1,0,2,10,1,1,6,2,5,-1,-1,-1,4,3
201350AC2D024,2,9,0,16,0,0,0,0,0,0,0,1,6,2,9,1560,2,3,5,3
201350AC2D025,1,9,0,1,0,0,0,0,0,0,2,1,6,1,6,1596,1,12,2,1
201350AC2D025,2,5,0,3,0,0,0,0,0,0,1,1,6,2,7,1002,1,18,3,3
201350AC2D029,1,9,0,17,0,0,0,0,1,11,1,1,2,2,7,1587,1,13,2,1
201350AC2D031,1,9,0,9,0,2,0,0,7,0,1,1,6,1,5,1124,1,15,6,1
201350AC2D032,1,9,0,18,0,0,0,0,0,0,1,1,6,1,7,1995,2,10,2,1
201350AC2D033,1,9,0,17,0,0,2,0,2,11,1,1,6,1,4,1149,1,12,8,1
201350AC2D033,2,9,0,18,0,0,0,0,0,0,1,1,6,1,7,2490,2,18,4,1
201350AC3C001,1,9,0,9,0,1,0,0,0,0,1,1,6,2,10,1398,2,6,5,1
201350AC3C001,2,9,0,18,0,1,0,0,0,0,1,1,6,2,6,1560,2,8,3,1
201350AC3C002,1,9,0,9,0,2,0,0,0,0,3,1,1,1,6,-1,-1,-1,4,2
201350AC3C004,1,9,0,1,0,0,0,0,0,0,2,1,6,1,8,-1,-1,-1,4,1
201350AC3C004,2,9,0,18,0,0,0,0,0,0,1,1,1,1,6,2993,2,2,7,1
201350AC3C005,1,9,0,18,0,0,0,4,0,0,1,1,6,1,6,1998,1,20,2,1
201350AC3C005,2,9,0,2,0,0,0,0,0,0,1,1,6,2,7,-1,-1,-1,2,1
201350AC3C005,3,9,0,2,0,0,0,0,0,0,0,1,6,2,10,1388,1,6,2,1
201350AC3C008,1,9,0,9,0,8,0,0,0,0,1,1,6,2,8,1332,1,21,2,1
201350AC3C008,2,9,0,18,0,8,0,0,0,0,3,1,6,1,7,1560,2,4,4,1
201350AC3C011,1,9,0,18,0,0,0,0,0,0,2,1,6,1,8,1761,1,16,2,1
201350AC3C011,2,9,0,18,0,0,0,0,0,0,1,1,1,2,5,1124,1,13,2,1
201350AC3C013,1,5,0,18,0,1,1,0,0,0,1,1,6,1,7,599,1,16,5,3
201350AC3C013,2,9,0,18,0,8,0,0,7,0,4,1,6,1,11,1791,8,2,6,3
201350AC3C014,1,9,0,3,0,0,0,0,0,0,1,1,6,2,7,1242,1,2,2,1
201350AC3C014,2,9,0,1,0,0,0,0,0,0,2,1,6,3,-1,2499,2,9,-1,-1
201350AC3C015,1,9,0,4,0,0,0,0,0,0,3,1,6,2,6,1493,1,14,4,1
201350AC3C015,2,5,0,13,0,0,1,0,0,0,1,1,6,1,4,599,1,14,3,2
201350AC3C017,1,9,0,16,0,1,2,0,2,11,1,1,2,1,4,1124,1,20,1,1
201350AC3C019,1,9,0,16,0,0,0,0,0,0,3,1,6,2,8,1299,1,11,4,3
201350AC3C019,2,9,0,17,0,0,0,0,0,0,3,1,6,2,6,1896,2,13,4,3
201350AC3C019,3,9,0,17,0,0,0,0,0,0,3,1,6,2,6,1968,2,4,4,2
201350AC3C028,1,9,0,18,0,1,0,0,0,10,1,1,1,2,5,1560,2,1,4,1
201350AC3C029,1,9,0,9,0,6,0,0,0,0,1,1,6,2,6,1753,2,11,5,2
201350AC3C029,2,1,0,18,0,1,0,0,0,0,1,1,6,1,5,-1,-1,-1,2,2
201350AC3C032,1,9,0,3,0,0,0,0,0,0,1,1,6,2,-1,1389,1,16,7,1
201350AC3C032,2,9,0,3,0,0,0,0,0,0,2,1,6,2,7,1390,1,5,3,2
201350AC3C033,1,1,0,18,0,0,0,0,0,0,1,1,6,1,8,-1,-1,-1,10,1
201350AC3C033,2,17,0,2,9,0,0,0,0,0,0,1,6,1,10,-1,-1,-1,6,3
201350AC3C034,1,9,0,17,0,0,5,0,0,0,1,1,6,2,9,1796,1,18,4,3
201350AC3C036,1,9,0,18,0,4,0,0,0,0,0,1,6,1,11,1968,2,3,5,1
201350AC3C036,2,19,0,18,0,3,5,0,0,0,4,1,1,1,9,2999,2,1,2,1
201350AC3C038,1,9,0,9,0,6,0,0,0,0,3,1,6,1,9,1998,2,9,2,1
201350AC3C038,2,3,0,18,0,8,0,0,0,0,1,1,6,1,4,124,1,4,5,1
201350AC3C040,1,9,0,18,0,0,0,0,0,0,1,1,6,2,7,1986,2,7,8,1
201350AC3C040,2,9,0,3,0,0,0,0,0,0,2,1,1,1,8,2400,2,1,4,1
201350AC3D001,1,9,0,15,0,0,0,0,0,0,4,1,6,1,5,1461,2,10,6,1
201350AC3D004,1,9,0,18,0,1,0,0,0,0,0,1,6,3,-1,-1,-1,-1,-1,-1
201350AC3D004,2,9,0,7,0,6,5,0,8,9,1,1,6,2,4,1242,1,14,4,3
201350AC3D006,1,9,0,18,0,0,1,0,0,0,1,1,6,1,11,2179,2,12,4,1
201350AC3D007,1,9,0,18,0,8,0,0,0,0,1,1,2,1,7,1896,2,10,2,1
201350AC3D007,2,9,0,18,0,8,0,0,0,0,1,1,6,2,8,1248,2,4,2,3
201350AC3D007,3,9,0,3,0,1,0,0,0,0,1,1,2,2,6,1896,2,14,5,2
201350AC3D008,1,21,0,18,0,0,0,0,0,0,4,1,1,1,7,11705,2,12,5,1
201350AC3D008,2,9,0,3,0,0,0,0,0,0,1,1,6,1,10,1339,1,9,5,2
201350AC3D009,1,9,0,5,0,0,0,0,0,0,0,1,6,2,6,1595,1,13,1,1
201350AC3D009,2,9,0,18,0,0,5,0,7,11,0,1,6,1,4,1199,1,10,5,1
201350AC3D011,1,9,0,18,0,0,0,0,0,0,1,1,6,3,-1,-1,-1,-1,-1,-1
201350AC3D011,2,1,0,18,0,0,0,0,0,0,2,1,6,1,3,-1,-1,-1,-1,-1
201350AC3D011,3,1,0,18,0,0,0,0,0,0,1,1,6,1,3,-1,-1,-1,-1,-1
201350AC3D012,1,9,0,18,0,4,0,0,0,0,1,1,6,1,9,1896,2,12,4,2
201350AC3D012,2,1,0,18,0,4,0,0,0,0,2,1,6,2,6,-1,-1,-1,8,3
201350AC3D013,1,9,0,18,0,8,0,0,0,0,3,1,6,2,9,1896,2,6,5,3
201350AC3D013,2,9,0,18,0,8,0,0,0,0,1,1,6,2,8,1598,1,14,5,3
201350AC3D014,1,9,0,18,0,2,0,0,0,0,3,1,6,1,6,1600,1,14,8,1
201350AC3D015,1,9,0,5,0,8,0,0,0,0,1,1,6,1,10,1769,1,9,3,1
201350AC3D015,2,9,0,18,0,8,0,0,0,0,3,1,6,2,10,1348,1,13,4,1
201350AC3E001,1,9,0,17,0,0,0,0,7,0,1,1,6,1,4,1149,1,12,4,3
201350AC3E001,2,9,0,17,0,0,0,0,0,0,1,1,6,2,8,-1,-1,-1,9,1
201350AC3E001,3,9,0,2,6,0,0,0,0,0,2,1,6,2,8,2179,2,4,5,3
201350AC3E002,1,9,0,9,0,6,0,0,0,0,2,1,6,1,10,1388,1,10,1,1
201350AC3E002,2,5,0,18,0,1,0,0,0,0,1,1,6,1,8,1137,1,12,2,1
201350AC3E003,1,9,0,18,0,1,0,0,0,0,1,1,1,1,6,1796,1,17,1,1
201350AC3E003,2,9,0,10,0,1,0,0,7,0,2,1,6,1,6,1600,1,22,4,1
201350AC3E004,1,9,0,17,0,1,0,0,2,10,1,1,1,1,6,-1,-1,-1,2,1
201350AC3F004,1,9,0,9,0,8,0,0,0,0,4,1,2,2,7,1390,1,3,4,1
201350AC3F004,2,9,0,18,0,8,0,0,0,0,1,1,6,1,7,1560,2,4,6,1
201350AC3F005,1,9,0,4,0,1,1,0,0,0,1,1,6,1,11,1405,1,9,4,3