Accident_Index,Vehicle_Reference,Vehicle_Type,Towing_and_Articulation,Vehicle_Manoeuvre,Vehicle_Location-Restricted_Lane,Junction_Location,Skidding_and_Overturning,Hit_Object_in_Carriageway,Vehicle_Leaving_Carriageway,Hit_Object_off_Carriageway,1st_Point_of_Impact,Was_Vehicle_Left_Hand_Drive?,Journey_Purpose_of_Driver,Sex_of_Driver,Age_Band_of_Driver,Engine_Capacity_(CC),Propulsion_Code,Age_of_Vehicle,Driver_IMD_Decile,Driver_Home_Area_Type
201350AC3F005,2,9,0,3,0,1,0,0,0,0,2,1,6,2,4,1242,1,15,7,1
201350AC3F005,3,9,0,3,0,1,0,0,0,0,2,1,6,1,8,-1,-1,-1,1,1
201350AC3F007,1,9,0,18,0,1,0,0,0,0,1,1,6,1,10,1360,1,15,3,3
201350AC3F007,2,1,0,18,0,1,0,0,0,0,1,1,6,1,3,-1,-1,-1,3,1
201350AC3G002,1,9,4,5,0,6,0,0,0,0,1,1,6,1,8,2800,2,20,1,1
201350AC3G002,2,9,0,9,0,5,0,0,0,0,2,1,6,1,9,1798,1,4,4,3
201350AC3G003,1,9,0,18,0,1,1,0,0,0,1,1,6,1,4,-1,-1,-1,4,3
201350AC3G003,2,19,0,18,0,1,2,0,1,9,4,1,6,1,7,2500,2,9,4,3
201350AC3G004,1,9,0,9,0,6,1,0,0,0,1,1,6,1,5,2494,1,18,4,3
201350AC3G004,2,9,0,3,0,1,0,0,0,0,3,1,6,2,8,1997,2,1,3,2
201350AC3G005,1,9,0,18,0,0,0,0,0,0,4,1,6,1,10,1686,2,2,5,3
201350AC3G006,1,1,0,16,0,0,0,0,0,0,1,1,6,1,4,-1,-1,-1,6,3
201350AC3G007,1,9,0,9,0,1,0,0,0,0,1,1,6,2,-1,989,1,15,4,1
201350AC3G007,2,9,0,18,0,1,0,0,0,0,1,1,6,1,6,-1,-1,-1,3,1
201350AC3G008,1,9,0,18,0,0,0,0,0,0,3,1,6,1,10,1399,1,5,3,2
201350AC3G008,2,9,0,18,0,0,0,0,0,0,3,1,6,1,7,1796,1,12,4,1
201350AC3G009,1,9,4,18,0,0,0,0,0,0,1,1,6,1,6,-1,-1,-1,1,1
201350AC3G011,1,19,0,9,0,6,0,0,0,0,1,1,1,1,8,1248,2,1,4,3
201350AC3G011,2,19,0,18,0,8,0,0,0,0,1,1,1,1,5,-1,-1,-1,9,2
201350AC3G012,1,9,0,1,0,6,0,0,0,0,2,1,6,1,9,-1,-1,-1,8,1
201350AC3G012,2,9,0,3,0,1,0,0,0,0,1,1,1,1,7,1753,2,12,1,1
201350AC3G012,3,9,0,18,0,1,0,0,0,0,0,1,6,3,-1,-1,-1,-1,-1,-1
201350AC3G014,1,9,0,10,0,1,0,0,0,0,3,1,6,1,11,-1,-1,-1,4,3
201350AC3G014,2,1,0,18,0,1,0,0,0,0,2,1,2,1,8,-1,-1,-1,1,1
201350AC3G015,1,9,0,5,0,1,0,0,0,0,3,1,6,1,11,1560,2,4,4,3
201350AC3G015,2,9,0,18,0,1,0,0,0,0,1,1,6,1,4,1124,1,8,4,3
201350AC3H001,1,9,0,7,0,6,0,0,0,0,1,1,1,1,10,-1,-1,-1,4,2
201350AC3H001,2,9,0,16,0,8,0,0,1,0,4,1,6,2,8,1587,1,9,4,3
201350AC3H002,1,9,0,18,0,1,0,0,1,11,1,1,6,1,5,1493,1,17,6,1
201350AC3H005,1,9,0,4,0,0,1,0,0,0,1,1,3,2,6,1998,2,5,4,1
201350AC3H005,2,9,0,4,0,0,0,0,0,0,2,1,3,2,7,1398,2,3,5,1
201350AC3H005,3,9,0,4,0,0,0,0,0,0,2,1,3,2,7,1968,2,5,5,1
201350AC3H005,4,9,0,4,0,0,0,0,0,0,2,1,6,1,8,1895,1,16,3,2
201350AC3H005,5,19,0,4,0,0,0,0,0,0,2,1,3,2,6,2299,2,17,1,1
201350AC3H006,1,9,0,18,0,4,0,0,0,0,1,1,6,1,11,1560,2,5,6,1
201350AC3H006,2,9,0,18,0,8,0,0,0,0,4,1,1,1,6,-1,-1,-1,3,3
201350AC3J001,1,19,0,1,0,2,0,4,0,0,3,1,6,3,-1,2000,7,9,4,3
201350AC3J001,2,8,0,2,0,2,0,0,0,0,3,1,1,1,10,1896,2,9,2,1
201350AC3J002,1,9,0,5,0,1,0,0,0,0,1,1,6,2,7,1998,2,8,3,1
201350AC3J002,2,1,0,18,0,1,0,0,0,0,4,1,6,1,-1,-1,-1,-1,5,1
201350AC3J003,1,21,0,18,0,0,0,0,0,0,1,1,1,1,7,5880,2,1,-1,-1
201350AC3J004,1,9,0,18,0,1,0,0,0,0,1,1,6,1,5,1390,1,11,6,1
201350AC3J004,2,9,0,3,0,1,0,0,0,0,2,1,6,2,4,998,1,3,6,1
201350AC3J006,1,9,0,16,0,0,1,0,0,0,1,1,6,1,5,1796,1,13,4,1
201350AC3J006,2,9,0,4,0,0,0,0,0,0,1,1,6,1,9,-1,-1,-1,4,1
201350AC3J009,1,9,0,18,0,0,5,10,0,0,3,1,6,1,4,1149,1,15,1,1
201350AC3J009,2,9,0,18,0,0,0,0,0,0,0,1,6,3,-1,-1,-1,-1,-1,-1
201350AC3J010,1,4,0,18,6,1,0,0,0,0,1,1,6,1,5,499,1,16,5,1
201350AC3J010,2,19,0,3,6,1,0,0,0,0,2,1,6,1,9,2151,2,12,3,3
201350AC3J011,1,9,0,18,0,0,0,0,0,0,4,1,6,1,6,1796,1,13,4,1
201350AC3J011,2,9,0,2,0,0,0,0,0,0,4,1,1,1,-1,1753,2,4,-1,-1
201350AC3J012,1,9,0,1,0,0,0,0,0,0,2,1,6,1,7,1753,2,7,5,1
201350AC3J015,1,9,0,1,0,8,0,0,0,0,2,1,6,1,10,1343,1,12,2,1
201350AC3J015,2,9,0,3,0,1,0,0,0,0,1,1,2,2,7,1896,2,13,2,1
201350AC3J017,1,9,0,18,0,4,0,0,0,0,4,1,6,2,7,1599,1,10,4,1
201350AC3J017,2,1,0,18,0,4,0,0,0,0,3,1,6,1,8,-1,-1,-1,5,2
201350AC3J019,1,9,0,18,0,0,2,0,0,0,1,1,6,2,5,1390,1,8,8,1
201350AC3J019,2,9,0,18,0,0,0,0,0,0,0,1,6,1,8,1296,1,30,6,1
201350AC3J023,1,9,0,18,0,1,0,0,0,0,4,1,6,2,5,-1,-1,-1,5,1
201350AC3J023,2,1,0,18,0,1,0,0,0,0,3,1,6,1,7,-1,-1,-1,1,1
201350AC3J024,1,19,0,3,0,3,0,0,0,0,2,1,1,1,6,2400,2,10,1,1
201350AC3J024,2,9,0,5,0,3,0,0,0,0,1,1,2,1,7,1895,1,15,3,1
201350AC3J025,1,9,0,18,0,2,1,0,0,0,1,1,6,1,7,2980,2,16,7,1
201350AC3J028,1,9,0,5,0,4,0,0,0,0,3,1,6,1,11,1596,1,18,4,3
201350AC3J028,2,5,0,18,0,8,0,0,0,0,4,1,6,1,8,645,1,8,4,3
201350AC3J029,1,9,0,18,0,4,0,0,0,0,1,1,6,2,9,1598,1,14,5,3
201350AC3J029,2,22,0,9,0,8,0,0,0,0,4,1,6,2,9,-1,-1,-1,4,1
201350AC3J032,1,9,0,9,0,6,0,0,0,0,0,1,6,2,7,1598,1,13,5,1
201350AC3J032,2,5,0,18,0,8,2,0,0,0,0,1,6,1,8,1199,1,11,5,1
201350AC3J040,1,9,0,18,0,8,0,0,0,0,1,1,6,1,8,1910,2,10,4,1
201350AC3J040,2,3,0,9,0,8,0,0,0,0,4,1,6,2,6,125,1,-1,3,2
201350AC3J041,1,9,0,18,0,0,0,0,0,0,1,1,6,3,-1,-1,-1,-1,-1,-1
201350AC3J042,1,8,0,18,0,0,0,0,0,0,1,1,1,1,6,-1,-1,-1,4,3
201350AC3J042,2,9,0,18,0,0,0,0,0,0,1,1,6,1,5,1299,1,19,3,3
201350AC3J043,1,9,0,16,0,1,0,0,0,0,1,1,6,1,8,1997,1,9,1,1
201350AC3J043,2,19,0,1,0,8,0,0,0,0,2,1,1,1,8,2461,2,7,1,1
201350AC3J044,1,5,0,18,0,8,0,0,0,0,3,1,2,1,9,1050,1,4,3,2
201350AC3J046,1,9,0,18,0,0,0,0,0,0,4,1,6,1,11,1993,1,31,3,2
201350AC3J047,1,9,0,18,0,1,0,0,0,0,1,1,6,1,7,1781,1,11,5,1
201350AC3J047,2,5,0,18,0,1,0,0,0,0,4,1,6,1,8,919,1,11,2,1
201350AH2A001,1,9,0,18,0,0,0,0,0,0,1,1,6,1,4,-1,-1,-1,4,3
201350AH2A001,2,9,0,2,0,0,0,0,0,0,2,1,1,1,4,1998,1,15,4,3
201350AH2A003,1,9,0,9,0,6,0,0,0,0,3,1,6,2,9,1586,1,8,5,1
201350AH2A003,2,9,0,18,0,8,0,0,0,0,1,1,6,2,8,1994,2,14,5,3
201350AH2A005,1,9,0,18,0,1,0,0,0,0,0,1,6,1,5,1900,2,14,4,3
201350AH2A009,1,90,0,14,0,0,0,4,0,0,4,1,6,1,9,1997,2,7,10,2
201350AH2A009,2,19,0,2,0,0,0,0,0,0,3,1,6,1,10,1896,2,9,7,1
201350AH2A010,1,9,0,17,0,1,2,0,0,11,1,1,6,1,6,1997,2,12,2,1
201350AH2B001,1,3,0,18,0,0,0,0,0,0,0,1,1,1,4,124,1,6,2,1
201350AH2B001,2,19,0,18,0,0,0,0,0,0,0,1,1,1,9,2198,2,2,4,3
201350AH2C001,1,21,0,18,0,0,0,0,0,0,3,1,1,2,8,7790,2,7,8,1
201350AH2C001,2,20,0,18,0,0,0,0,0,0,3,1,1,1,6,5861,2,12,8,1
201350AH2C002,1,9,0,18,0,0,0,0,0,0,4,1,6,1,9,1108,1,3,5,2
201350AH2C003,1,9,0,16,0,0,0,0,0,0,4,1,6,3,-1,-1,-1,-1,-1,-1
201350AH2C003,2,1,0,17,0,0,0,0,0,0,1,1,6,1,3,-1,-1,-1,4,3
201350AH2C004,1,9,0,16,0,0,1,0,8,10,3,1,6,1,5,1299,1,12,2,1
201350AH2C004,2,9,0,17,0,0,0,0,0,0,4,1,6,2,9,-1,-1,-1,9,2
201350AH2C006,1,9,0,5,0,1,0,0,0,0,1,1,1,2,4,1600,1,14,5,3
201350AH2C006,2,9,0,18,0,1,0,0,0,0,1,1,1,2,7,1368,1,4,6,2
201350AH2C007,1,9,0,17,0,0,0,0,0,0,1,1,6,1,6,998,1,6,3,2
201350AH2C007,2,9,0,16,0,0,0,0,0,0,1,1,6,2,9,1598,1,13,9,1
201350AH2C008,1,9,0,18,0,0,2,0,7,10,1,1,6,1,7,1686,2,12,8,1
201350AH2C008,2,9,0,18,0,0,0,0,0,0,3,1,1,1,8,1995,2,1,7,2
201350AH2D001,1,9,0,17,0,0,2,0,0,0,1,1,2,2,6,1834,1,9,4,3
201350AH2D001,2,9,0,16,0,0,0,0,0,0,1,1,6,2,6,1598,1,11,4,3
201350AH2D002,1,9,0,18,0,0,1,0,0,10,1,1,6,1,7,1124,1,11,4,1
201350AH2D002,2,9,0,18,0,0,0,0,0,0,0,1,6,1,-1,1753,2,2,-1,-1
201350AH2D003,1,9,0,18,0,0,0,0,0,0,1,1,6,1,8,1994,2,8,4,3
201350AH2D003,2,9,0,4,0,0,0,0,0,0,2,1,6,2,7,1994,2,10,2,1
201350AH2D004,1,9,0,18,0,0,1,0,0,0,1,1,6,1,5,1905,2,16,1,1
201350AH2D004,2,9,0,18,0,0,0,0,0,0,1,1,6,2,5,1242,1,4,6,3
201350AH2E001,1,9,0,18,0,0,1,10,2,11,3,1,2,1,5,1984,1,18,5,1
201350AH2E001,2,19,0,18,0,0,0,0,0,0,3,1,1,1,6,2499,2,15,8,1
201350AH2E002,1,9,0,18,0,0,2,0,8,10,3,1,6,1,5,1868,2,12,2,1
201350AH2E003,1,9,0,18,0,0,1,0,0,0,1,1,1,1,9,-1,-1,-1,4,3
201350AH2E003,2,9,0,18,0,0,0,0,0,0,1,1,6,1,10,1596,1,6,2,1
201350AH2E004,1,9,0,17,0,0,2,0,1,10,1,1,2,1,9,1994,2,12,6,1
201350AH2E005,1,9,0,16,0,0,1,0,0,0,1,1,3,1,6,1206,1,3,4,3
201350AH2E005,2,9,0,18,0,0,0,0,0,0,1,1,1,1,7,1398,1,3,4,3
201350AH2E006,1,9,0,8,0,7,0,0,0,0,4,1,6,1,10,1364,2,6,5,3
201350AH2E006,2,9,0,18,0,1,0,0,0,0,1,1,6,1,10,2261,1,6,8,1
201350AH2E007,1,19,0,18,0,0,0,0,0,0,4,1,6,3,-1,1998,2,12,-1,-1
201350AH2E007,2,1,0,18,0,0,0,0,0,0,3,1,6,1,8,-1,-1,-1,4,1
201350AH2E008,1,19,0,16,0,0,1,0,0,11,1,1,1,1,8,-1,-1,-1,5,1
201350AH2E014,1,9,0,18,0,0,0,0,0,0,3,1,6,3,9,1461,2,2,2,1
201350AH2G002,1,21,4,9,0,1,0,0,0,0,3,1,1,1,6,-1,-1,-1,-1,-1
201350AH2G002,2,9,0,18,0,1,0,0,0,0,1,1,6,1,4,-1,-1,-1,6,2
201350AH2H001,1,9,0,17,0,0,0,0,0,0,1,1,6,3,-1,-1,-1,-1,-1,-1
201350AH2I001,1,9,0,18,0,0,0,0,7,4,1,1,6,1,8,-1,-1,-1,3,2
201350AH2I003,1,9,0,17,0,0,0,0,0,0,1,1,6,1,5,1595,1,26,4,3
201350AH2I003,2,9,0,4,0,0,0,0,0,0,2,1,1,1,6,2987,2,5,4,1
201350AH2I004,1,9,0,16,0,0,2,0,1,1,1,1,6,1,6,1360,1,13,2,1
201350AH2J001,1,9,0,18,0,8,1,0,0,11,3,1,6,1,4,-1,-1,-1,6,2
201350AH2J004,1,9,0,18,0,0,0,0,0,0,3,1,6,1,5,1124,1,10,4,1
201350AH2J004,2,9,0,18,0,0,0,0,0,0,3,1,6,1,8,1686,2,2,6,3
201350AH2J005,1,9,0,18,0,0,0,0,0,0,4,1,6,2,6,2188,2,11,6,2
201350AH2J006,1,19,0,16,0,0,1,0,0,0,1,1,1,1,5,2148,2,8,8,1
201350AH2J006,2,9,0,17,0,0,0,0,0,0,3,1,1,2,8,1896,2,12,6,3
201350AH2J007,1,9,0,18,0,0,1,0,2,10,3,1,6,1,6,2793,1,16,4,3
201350AH2J007,2,9,0,18,0,0,0,0,2,10,3,1,6,2,8,1398,1,3,5,3
201350AH2J008,1,9,0,9,0,1,0,0,0,0,1,1,2,2,9,1560,2,-1,6,3
201350AH2K001,1,9,0,18,0,0,0,0,8,11,3,1,6,1,7,1868,2,11,5,3
201350AH2K002,1,5,0,18,0,0,0,0,0,0,4,1,6,1,6,599,1,15,4,3
201350AH2K002,2,1,0,18,0,0,0,0,0,0,3,1,6,1,8,-1,-1,-1,4,3
201350AH2K004,1,9,0,18,0,0,5,0,1,10,1,1,6,1,10,1896,2,11,4,3
201350AH2K005,1,9,0,18,0,0,0,0,0,0,0,1,6,3,-1,-1,-1,-1,-1,-1
201350AH2K005,2,1,0,18,0,0,0,0,0,0,0,1,1,1,7,-1,-1,-1,6,2
201350AH2M001,1,9,0,12,0,0,0,0,0,0,1,1,6,1,11,1339,1,2,5,3
201350AH2M001,2,9,0,18,0,0,0,0,1,9,1,1,6,1,6,1200,1,1,-1,-1
201350AH2N002,1,9,0,18,0,0,5,0,1,9,1,1,1,2,8,1124,1,11,5,3
201350AH2N003,1,9,0,16,0,1,1,0,0,0,1,1,6,2,5,2088,2,16,5,3
201350AH2N003,2,98,0,17,0,1,0,0,0,0,1,1,1,1,8,-1,-1,-1,4,1
201350AH2N005,1,9,0,16,0,1,0,0,3,0,1,1,6,1,6,-1,-1,-1,-1,-1
201350AH2N005,2,9,0,17,0,1,0,0,0,0,1,1,6,1,10,1329,1,-1,2,1
201350AH2O001,1,9,0,18,0,1,1,0,0,0,1,1,6,1,8,-1,-1,-1,5,3
201350AH2O001,2,9,0,9,0,6,0,0,0,0,1,1,6,1,6,1686,2,3,7,1
201350AH2Q001,1,9,0,10,0,6,0,0,0,0,3,1,2,2,7,1598,2,1,6,1
201350AH2Q001,2,4,0,18,0,1,0,0,0,0,1,1,2,1,7,249,1,9,4,3
201350AH2Q004,1,9,0,5,0,4,0,0,0,0,1,1,6,2,8,1229,1,8,5,1
201350AH2Q004,2,9,0,5,0,4,0,0,0,0,2,1,6,2,8,1364,1,6,4,1
201350AH2Q007,1,9,0,10,0,1,0,0,0,0,2,1,6,2,8,1796,1,2,8,1
201350AH2Q007,2,9,0,18,0,1,0,0,0,0,1,1,6,2,11,1868,2,13,6,2
201350AH2Q011,1,9,0,7,0,1,0,0,0,0,1,1,2,1,8,1991,2,7,2,1
201350AH2Q011,2,2,0,18,0,1,0,0,0,0,4,1,2,2,8,49,1,8,5,3
201350AH2R004,1,1,0,18,0,1,0,0,0,0,1,1,6,1,8,-1,-1,-1,4,1
201350AH2R007,1,3,0,9,0,2,1,0,1,10,3,1,6,1,7,124,1,-1,8,1
201350AH2R010,1,9,0,9,0,6,0,0,0,0,4,1,2,1,6,1951,2,9,5,3
201350AH2R010,2,9,0,18,0,8,0,0,0,0,3,1,6,2,7,1360,1,10,8,1
201350AH2R011,1,9,0,9,0,8,0,0,0,0,4,1,6,2,10,1339,1,5,7,2
201350AH2R011,2,3,0,18,0,8,0,0,0,0,1,1,6,1,5,124,1,5,2,1
201350AH2R014,1,9,0,3,0,0,0,0,0,0,2,1,6,1,11,1390,1,-1,8,1
201350AH2R014,2,9,0,18,0,0,1,0,0,0,1,1,1,1,7,-1,-1,-1,6,2
201350AH2R018,1,2,0,18,0,1,0,0,0,0,1,1,6,1,4,-1,-1,-1,4,1
201350AH2R018,2,9,0,7,0,1,0,0,0,0,1,1,6,2,7,1896,2,17,4,3
201350AH2R018,3,9,0,2,0,1,0,0,0,0,2,1,4,1,6,1360,1,3,8,1
201350AH2S001,1,9,0,17,0,1,0,0,0,0,1,1,6,1,11,1360,1,16,6,3
201350AH2S001,2,9,0,9,0,1,0,0,0,0,2,1,6,2,9,1598,1,9,4,1
201350AH2S002,1,9,0,16,0,0,1,0,1,11,1,1,1,2,7,1560,2,1,6,1
201350AH2S004,1,1,0,18,0,0,0,0,1,0,3,1,6,1,5,-1,-1,-1,4,1
201350AH2S004,2,1,0,18,0,0,0,0,1,0,3,1,6,1,5,-1,-1,-1,6,3
201350AH2S004,3,9,0,18,0,0,0,0,0,0,1,1,6,3,-1,-1,-1,-1,-1,-1
201350AH2S005,1,9,0,4,0,1,1,0,0,0,1,1,2,1,4,1396,1,16,5,1
201350AH2S005,2,9,0,3,0,1,0,0,0,0,2,1,6,1,6,1196,1,15,4,1
201350AH2S005,3,9,0,3,0,1,0,0,0,0,2,1,6,1,11,1995,2,6,4,1
201350AH2S006,1,9,0,9,0,6,0,0,0,0,3,1,6,1,11,2993,2,7,5,3
201350AH2S006,2,19,0,18,0,8,0,0,0,0,1,1,1,1,5,2999,2,3,4,3
201350AH2S007,1,9,0,5,0,4,0,0,0,0,1,1,6,1,6,1997,1,11,5,3
201350AH2S007,2,9,0,5,0,4,0,0,0,0,3,1,6,1,6,1596,1,11,2,1
201350AH2S008,1,21,0,5,0,3,0,0,0,0,1,1,1,1,-1,5880,2,8,-1,-1
201350AH2S008,2,9,0,5,0,3,0,0,0,0,3,1,1,1,5,1598,2,2,4,1
201350AH2S009,1,19,0,18,0,1,0,0,0,0,1,1,2,1,5,1998,2,9,4,2
201350AH2S009,2,9,0,3,0,1,0,0,1,11,2,1,2,1,6,1461,2,5,-1,-1
201350AH2S009,3,9,0,18,0,1,0,0,1,11,3,1,2,2,7,998,1,4,4,1
201350AH2S009,4,9,0,10,0,1,0,0,0,0,2,1,2,1,7,1753,2,13,5,2
201350AH2S012,1,9,0,18,0,0,0,0,7,4,4,1,1,1,4,1596,1,9,4,3
201350AH2S012,2,19,0,18,0,0,1,0,0,0,1,1,1,1,8,2148,2,6,7,1
201350AH2S013,1,9,0,18,0,0,1,0,0,0,1,1,6,1,5,1248,1,4,5,2
201350AH2S013,2,9,0,18,0,0,0,0,0,0,1,1,1,1,8,3628,2,6,4,3
201350AH2S014,1,9,0,17,0,0,1,0,0,0,4,1,6,1,6,-1,-1,-1,4,1
201350AH2S015,1,9,0,16,0,0,1,0,7,11,1,1,6,1,4,1800,1,14,5,1
201350AH2S015,2,9,0,17,0,0,0,0,0,0,1,1,6,1,8,1910,2,5,7,1
201350AH2T003,1,11,0,18,0,1,0,0,0,0,4,1,1,1,8,9600,2,20,4,1
201350AH2T003,2,3,0,18,0,1,0,0,0,0,3,1,6,1,4,124,1,-1,5,3
201350AH2T004,1,9,0,17,0,0,0,0,1,11,1,1,6,1,11,1242,1,16,4,3
201350AH2T005,1,9,0,18,0,0,1,0,7,11,0,1,6,2,5,796,1,13,3,1
201350AH2T006,1,9,0,1,0,0,0,0,0,0,2,1,6,1,7,-1,-1,-1,4,3
201350AH2T006,2,4,0,3,0,0,0,0,0,0,1,1,6,1,9,498,1,14,5,1
201350AH3R002,1,9,0,16,0,0,0,0,0,0,1,1,2,2,6,1124,1,15,2,1
201350AH3R002,2,9,0,4,0,0,0,0,0,0,2,1,2,2,6,1388,1,9,7,3
201350AH3R005,1,9,0,13,0,0,0,0,0,0,2,1,6,3,-1,-1,-1,-1,-1,-1
201350AH3R005,2,9,0,16,0,0,0,0,0,0,1,1,6,2,7,-1,-1,-1,5,3
201350AH3S002,1,9,0,13,0,0,0,0,0,0,4,1,6,1,6,1598,1,5,4,1
201350AH3S002,2,1,0,18,0,0,0,0,0,0,3,1,6,1,7,-1,-1,-1,7,1
201350AH3S003,1,9,0,18,0,4,0,0,0,0,1,1,6,1,6,1598,2,1,5,1
201350AH3S003,2,9,0,18,0,4,0,0,0,0,2,1,6,2,6,1560,2,4,6,1
201350AH3S004,1,9,0,18,0,0,5,0,1,4,3,1,6,2,6,1242,1,12,2,1
201350AH3S006,1,19,0,1,0,0,0,0,0,0,2,1,1,1,9,1868,2,14,4,1
201350AH3T003,1,19,0,18,0,0,0,4,0,0,1,1,2,1,8,2198,2,1,5,3
201350AH3T003,2,9,0,2,6,0,0,0,0,0,2,1,6,2,7,1000,1,-1,8,3
201350AH3T003,3,9,0,2,6,0,0,0,0,0,4,1,6,1,9,4966,1,12,5,1
201350AH3T004,1,9,0,5,0,0,5,0,7,0,0,1,6,2,9,1905,2,16,5,2
201350AH3T005,1,9,0,17,0,0,0,0,0,0,3,1,6,2,6,1242,1,8,5,3
201350AH3T005,2,9,0,16,0,0,0,0,0,0,3,1,6,1,9,1997,2,6,5,3
201350AH3U001,1,9,0,18,0,0,0,0,0,0,1,1,6,2,8,698,1,10,6,1
201350AH3U001,2,19,0,18,0,0,0,0,0,0,1,1,6,1,6,2300,2,8,5,3
201350AH3U002,1,19,0,13,0,0,0,0,0,0,0,1,1,1,-1,1998,2,12,5,3
201350AH3U002,2,1,0,17,0,0,0,0,0,0,0,1,6,1,8,-1,-1,-1,5,3
201350AH3U003,1,4,0,18,0,0,0,0,0,0,0,1,6,1,10,249,1,9,7,3
201350AH3U004,1,9,0,16,0,0,0,0,0,0,1,1,6,1,5,998,1,16,7,1
201350AH3U004,2,9,0,17,0,0,0,0,0,0,1,1,2,1,7,1299,1,11,4,3
201350AH3U005,1,19,0,16,0,0,0,0,0,11,1,1,6,1,9,2402,2,3,6,1
201350AH3U005,2,9,0,17,0,0,0,0,0,0,1,1,6,1,7,1988,1,11,8,1
201350AH3V002,1,9,0,18,0,0,0,0,0,0,3,1,6,2,11,998,1,4,7,3
201350AI3G003,1,9,0,18,0,1,0,0,0,0,3,1,6,2,7,1968,2,-1,3,2
201350AI3G004,1,9,0,5,0,1,0,0,0,0,0,1,6,1,8,1229,1,7,3,2
201350AI3G005,1,9,0,5,0,1,0,0,0,10,2,1,6,2,-1,1248,2,9,2,1
201350AI3G007,1,21,1,16,0,0,0,0,0,0,2,1,1,1,9,10308,2,5,4,3
201350AI3G008,1,9,0,18,0,0,0,0,0,0,4,1,6,1,10,1997,1,3,10,1
201350AI3G012,1,9,0,18,0,0,0,0,0,0,1,1,6,2,-1,-1,-1,-1,4,3
201350AI3G025,1,11,0,18,0,0,0,0,0,0,2,1,1,1,8,-1,-1,-1,3,2
201350AI3G026,1,9,0,18,0,1,0,0,0,0,1,1,6,1,11,1600,1,12,5,2
201350AI3G027,1,9,0,18,9,0,0,0,0,0,1,1,6,2,6,1995,2,11,3,2
201350AI3H001,1,9,0,18,0,1,0,0,0,0,1,1,6,1,4,973,1,10,4,3
201350AI3H001,2,9,0,10,0,1,0,0,0,0,2,1,6,1,9,-1,-1,-1,6,2
201350AI3H002,1,9,0,5,0,8,0,0,0,0,3,1,2,2,10,1560,2,2,3,3
201350AI3H002,2,3,0,18,0,1,2,0,0,0,1,1,2,1,4,124,1,1,3,2
201350AI3H003,1,9,0,18,0,8,1,0,0,0,1,1,1,1,6,-1,-1,-1,5,2
201350AI3H003,2,9,0,18,0,8,1,0,0,0,2,1,6,2,5,1360,1,9,5,2
201350AI3H003,3,9,0,18,0,8,0,0,0,0,2,1,6,1,8,1149,1,11,3,3
201350AI3H004,1,9,0,18,0,0,0,0,0,0,0,1,6,3,7,1461,2,5,5,1
201350AI3H005,1,11,0,1,0,0,0,0,0,0,2,1,1,3,-1,-1,-1,-1,-1,-1
201350AI3H005,2,9,0,1,0,0,0,0,0,0,1,1,6,2,8,1299,1,12,3,2
201350AI3J003,1,9,0,5,0,1,0,0,0,0,1,1,6,2,10,1328,1,1,6,2
201350AI3J003,2,9,0,9,0,1,0,0,0,0,4,1,6,1,7,1994,1,9,1,1
201350AI3J004,1,9,0,18,0,1,0,0,1,0,1,1,6,1,4,1870,2,10,3,2
201350AI3J004,2,9,0,4,0,1,0,0,0,0,2,1,6,2,4,1896,2,11,6,3
201350AI3J006,1,9,0,16,0,0,1,0,0,0,1,1,6,1,9,-1,-1,-1,1,1
201350AI3J006,2,21,0,18,0,0,0,0,0,0,3,1,1,1,8,-1,-1,-1,4,1
201350AI3J007,1,9,0,18,0,8,0,0,0,0,1,1,6,2,7,1598,1,13,3,2
201350AI3J007,2,9,0,18,0,8,0,0,0,0,2,1,6,1,8,-1,-1,-1,6,2
201350AI3J008,1,3,0,18,0,1,1,0,0,0,4,1,6,1,4,125,1,2,4,3
201350AI3J008,2,9,0,10,0,1,0,0,0,0,1,1,6,1,10,1199,1,10,6,2
201350AI3J009,1,9,0,18,0,0,0,0,7,4,1,1,6,2,11,1348,1,12,4,3
201350AI3J011,1,9,0,18,0,0,0,0,0,0,1,1,6,1,8,1360,1,12,9,3
201350AI3L001,1,9,0,18,0,0,0,0,0,0,1,1,6,1,9,796,1,14,6,2
201350AI3L001,2,9,0,18,0,0,0,0,0,0,1,1,6,2,7,5379,1,16,3,1
201350AP2B002,1,9,0,17,0,2,0,0,1,10,1,1,6,2,5,1171,1,17,2,1
201350AP2B003,1,9,0,18,0,0,0,4,0,0,1,1,6,1,7,1997,2,2,5,3
201350AP2B003,2,19,0,18,0,0,0,0,7,10,1,1,6,1,7,1560,2,4,5,3
201350AP2B003,3,9,0,2,0,0,0,0,0,0,3,1,6,1,10,1598,1,4,3,2
201350AP2B004,1,2,0,18,0,8,0,0,0,0,0,1,6,2,4,-1,-1,-1,3,2
201350AP2B005,1,5,0,17,0,0,0,0,0,0,1,1,6,1,8,-1,-1,-1,-1,-1
201350AP2B005,2,5,0,16,0,0,0,0,1,9,1,1,6,2,9,1100,1,13,3,2
201350AP2C001,1,5,0,18,0,0,0,0,0,0,3,1,6,1,8,1000,1,13,6,1
201350AP2C002,1,1,0,18,0,0,0,0,0,0,2,1,6,1,-1,-1,-1,-1,5,1
201350AP2C002,2,1,0,18,0,0,0,0,0,0,1,1,6,1,9,-1,-1,-1,4,3
201350AP2D003,1,1,0,18,0,1,0,0,0,0,0,1,6,2,-1,-1,-1,-1,-1,-1
201350AP2D003,2,9,0,18,0,1,0,0,0,0,0,1,1,1,9,-1,-1,-1,2,1
201350AP2E002,1,5,0,17,0,0,0,0,2,10,3,1,6,1,6,644,1,11,3,3
201350AP2E002,2,19,0,16,0,0,0,0,0,0,0,1,1,1,7,2999,2,1,3,1
201350AP2E003,1,19,0,3,0,0,0,0,0,0,1,1,1,1,7,2198,2,2,1,1
201350AP2E005,1,9,0,18,0,1,0,0,0,0,1,1,6,1,11,1399,2,3,3,3
201350AP2E005,2,9,0,9,0,6,0,0,0,0,4,1,6,1,7,1595,1,23,4,3
201350AP2E006,1,9,0,13,0,0,2,0,1,3,4,1,6,2,8,1997,1,9,4,3