Accident_Index,Vehicle_Reference,Vehicle_Type,Towing_and_Articulation,Vehicle_Manoeuvre,Vehicle_Location-Restricted_Lane,Junction_Location,Skidding_and_Overturning,Hit_Object_in_Carriageway,Vehicle_Leaving_Carriageway,Hit_Object_off_Carriageway,1st_Point_of_Impact,Was_Vehicle_Left_Hand_Drive?,Journey_Purpose_of_Driver,Sex_of_Driver,Age_Band_of_Driver,Engine_Capacity_(CC),Propulsion_Code,Age_of_Vehicle,Driver_IMD_Decile,Driver_Home_Area_Type
201350AP2E006,2,11,0,18,0,0,0,0,0,0,3,1,1,1,9,-1,-1,-1,-1,-1
201350AP2E006,3,9,0,18,0,0,0,0,0,0,0,1,6,1,6,1242,1,-1,4,1
201350AP2E007,1,5,0,17,0,0,1,0,1,10,1,1,6,1,6,675,1,1,6,1
201350AP2F001,1,9,0,7,0,1,0,0,0,0,1,1,6,1,8,-1,-1,-1,2,1
201350AP2F001,2,5,0,7,0,1,0,0,0,0,2,1,6,1,9,676,1,11,2,1
201350AP2F004,1,9,0,18,0,0,0,0,0,0,0,1,6,2,5,1242,1,11,1,1
201350AP2F004,2,9,0,18,0,0,0,0,0,0,0,1,6,1,8,1995,2,1,3,3
201350AP2F004,3,1,0,18,0,0,0,0,1,0,0,1,6,2,7,-1,-1,-1,5,3
201350AP2F005,1,9,0,18,0,0,0,0,2,11,1,1,6,1,5,1600,1,23,5,3
201350AP2G001,1,9,0,17,0,0,0,0,0,0,1,1,6,1,6,2993,2,10,4,2
201350AP2G001,2,9,0,16,0,0,0,0,0,0,3,1,6,1,8,1248,2,-1,-1,-1
201350AP2H001,1,9,0,18,0,0,0,0,0,0,1,1,6,2,8,1149,1,9,3,3
201350AP2H003,1,9,0,17,0,0,0,0,0,0,1,1,2,1,4,2664,2,15,3,3
201350AP2H003,2,9,0,16,0,0,0,0,0,0,1,1,6,1,8,1905,2,13,3,3
201350AP2H005,1,19,0,16,0,0,5,0,8,11,1,1,1,1,9,1868,2,8,2,1
201350AP2J001,1,9,0,18,0,0,0,0,0,0,0,1,6,2,9,1896,2,7,2,1
201350AP2J002,1,9,0,18,0,1,0,0,0,0,1,1,6,1,11,1296,1,5,4,1
201350AP2J002,2,19,0,18,0,1,0,0,0,0,1,1,1,1,5,1686,2,10,2,1
201350AP2J004,1,9,0,17,0,0,1,0,0,0,3,1,6,1,5,-1,-1,-1,5,1
201350AP2J004,2,9,0,16,0,0,0,0,1,0,3,1,6,2,7,-1,-1,-1,4,3
201350AP2J005,1,9,0,1,0,0,0,0,0,0,2,1,6,1,9,1999,1,3,10,1
201350AP2J007,1,9,0,9,0,6,0,0,0,0,3,1,6,2,10,1360,1,7,2,1
201350AP2J007,2,3,0,18,0,1,0,0,0,0,1,1,6,1,6,124,1,6,2,1
201350AP2J009,1,9,0,4,0,0,0,0,1,0,1,1,6,2,10,1798,1,3,4,2
201350AP2J009,2,9,0,3,0,0,0,0,0,0,2,1,1,2,9,1242,1,11,3,2
201350AP2J009,3,9,0,3,0,0,0,0,0,0,2,1,6,1,8,2143,2,3,-1,1
201350AP2J010,1,9,0,5,0,0,0,0,0,0,3,1,6,1,7,1998,2,13,2,1
201350AP2J010,2,9,0,18,0,0,1,0,0,0,4,1,6,2,7,1242,1,13,-1,-1
201350AP2J011,1,9,0,9,0,6,0,0,0,0,3,1,6,1,11,1588,1,10,6,1
201350AP2J011,2,9,0,18,0,1,0,0,0,0,1,1,6,2,9,1461,2,3,4,3
201350AP2J012,1,9,0,18,0,1,0,0,0,0,1,1,6,1,8,2500,2,22,3,2
201350AP2J012,2,9,0,10,0,1,0,0,0,0,2,1,6,2,7,1399,2,3,5,3
201350AP2J014,1,2,0,18,0,8,1,0,0,0,4,1,6,1,3,49,1,5,4,3
201350AP2K001,1,9,0,18,0,6,0,0,0,0,0,1,6,1,11,-1,-1,-1,-1,-1
201350AP2K001,2,9,0,18,0,1,2,0,0,0,4,1,2,1,8,-1,-1,-1,3,1
201350AP2L002,1,9,0,18,0,0,0,0,0,0,3,1,6,1,9,1896,2,11,6,2
201350AP2L002,2,9,0,18,0,0,0,0,0,0,3,1,6,1,8,1560,2,3,4,3
201350AP2L002,3,1,0,13,0,0,0,0,0,0,1,1,6,1,5,-1,-1,-1,5,2
201350AP2L004,1,9,0,9,0,5,0,0,0,0,3,1,1,1,7,-1,-1,-1,5,3
201350AP2L004,2,9,0,13,0,5,0,0,0,0,4,1,6,2,8,1753,2,10,5,3
201350AP2M004,1,9,0,18,0,3,0,0,2,2,1,1,6,1,8,1998,1,14,5,1
201350AP2M005,1,9,0,17,0,1,0,0,0,0,1,1,6,1,6,-1,-1,-1,3,3
201350AP2M006,1,9,0,18,0,0,0,0,0,0,1,1,6,2,5,1299,1,17,5,1
201350AP2M008,1,9,0,3,0,0,0,0,0,0,2,1,1,2,8,-1,-1,-1,4,3
201350AP2M008,2,19,0,3,0,0,0,0,0,0,2,1,2,1,7,2999,2,2,5,2
201350AP2M008,3,19,0,3,0,0,0,0,0,0,2,1,1,1,7,1753,2,1,3,1
201350AP2M008,4,9,0,3,0,0,0,0,0,0,2,1,1,1,8,2495,2,13,4,3
201350AP2M008,5,9,0,3,0,0,0,0,0,0,1,1,1,2,7,1995,2,8,4,3
201350AP2M009,1,9,0,16,0,4,0,0,0,0,1,1,6,2,9,1984,1,14,5,2
201350AP2M009,2,9,0,3,0,4,0,0,0,0,2,1,6,1,11,1527,2,12,4,3
201350AP2M012,1,9,0,18,0,0,0,0,0,0,1,1,6,2,4,1994,1,16,2,2
201350AP2M012,2,9,0,18,0,0,0,0,0,0,1,1,6,1,7,998,1,5,2,1
201350AP2M012,3,9,0,18,0,0,0,0,0,0,2,1,6,1,8,1995,2,10,5,2
201350AP2M013,1,9,0,18,0,2,0,0,0,0,1,1,6,1,5,-1,-1,-1,4,3
201350AP2M013,2,9,0,7,0,2,0,0,0,0,2,1,6,2,9,1686,2,4,3,1
201350AP2M014,1,5,0,11,0,8,0,0,0,0,1,1,2,1,5,988,1,6,4,3
201350AP2M014,2,9,0,18,0,8,0,0,0,0,3,1,2,2,5,1390,1,7,6,3
201350AP2M015,1,9,0,18,0,0,0,0,1,11,1,1,6,1,5,996,1,16,4,3
201350AP2M016,1,2,0,18,0,0,0,0,0,0,1,1,6,1,4,-1,-1,-1,5,3
201350AP2M016,2,17,0,5,0,0,0,0,0,0,3,1,1,1,9,6728,2,3,6,2
201350AP2M018,1,9,0,18,0,0,0,0,0,0,3,1,6,2,6,1248,1,1,3,3
201350AP2M018,2,9,0,18,0,0,0,0,0,0,3,1,6,1,5,1497,1,17,4,3
201350AP2M019,1,9,0,18,0,0,1,0,0,0,4,1,6,1,6,1587,1,10,1,1
201350AP2M019,2,21,0,18,0,0,1,0,0,0,1,1,6,1,8,7200,2,13,4,3
201350AP2M020,1,9,0,18,0,1,0,0,7,0,1,1,6,1,6,1991,1,20,3,2
201350AP2M020,2,9,0,9,0,6,0,0,0,0,3,1,1,2,7,999,1,1,4,3
201350AP2M021,1,9,0,18,0,0,0,0,0,0,1,1,6,2,6,1596,1,8,3,3
201350AP2M021,2,9,0,3,0,0,0,0,0,0,2,1,6,2,7,-1,-1,-1,10,1
201350AP2M021,3,9,0,3,0,0,0,0,0,0,2,1,6,1,8,1995,2,-1,4,1
201350AP2M022,1,9,0,16,0,0,0,0,0,0,1,1,6,1,4,1124,1,19,5,3
201350AP2M022,2,9,0,17,0,0,0,0,0,0,3,1,6,2,6,1388,1,3,8,2
201350AP2M023,1,9,0,18,0,0,0,0,7,0,1,1,6,1,8,1389,1,16,3,3
201350AP2M023,2,9,0,18,0,0,0,0,1,0,1,1,2,1,9,1596,1,1,10,1
201350AP2M026,1,9,0,18,0,0,0,0,0,0,1,1,6,1,11,996,1,-1,4,3
201350AP2M026,2,3,0,18,0,0,5,0,0,0,1,1,6,1,5,124,1,9,6,3
201350AP2M028,1,9,0,18,0,8,0,0,0,0,2,1,6,3,-1,-1,-1,-1,-1,-1
201350AP2M028,2,3,0,17,0,8,0,0,0,0,1,1,6,1,4,124,1,2,1,1
201350AP2M029,1,9,0,5,0,4,0,0,0,0,2,1,6,2,9,1242,1,7,3,1
201350AP2M029,2,9,0,5,0,4,0,0,0,0,1,1,6,2,7,1796,1,11,4,3
201350AP2M030,1,21,0,4,0,0,1,0,0,0,1,1,1,1,7,6870,2,6,4,1
201350AP2M030,2,9,0,3,0,0,0,0,0,0,2,1,1,1,8,1248,1,4,8,1
201350AP2M031,1,9,0,18,0,4,0,0,0,0,1,1,6,1,10,1896,2,13,4,3
201350AP2M031,2,9,0,4,0,4,0,0,0,0,2,1,6,2,6,1086,1,10,8,1
201350AP2M032,1,9,0,18,0,0,0,7,0,0,1,1,6,1,11,1985,1,13,4,3
201350AP2M033,1,5,0,18,0,2,0,0,0,0,3,1,2,1,9,998,1,8,6,2
201350AP2P002,1,5,0,18,0,1,1,0,0,0,1,1,6,1,7,1340,1,6,5,3
201350AP2P002,2,9,0,9,0,8,0,0,0,0,4,1,6,2,6,2393,1,13,2,1
201350AP2P003,1,19,0,9,0,1,0,0,0,0,4,1,1,1,9,1753,2,7,3,3
201350AP2P004,1,9,0,18,0,0,0,0,0,0,1,1,1,1,9,1596,1,12,3,3
201350AP2P004,2,1,0,11,0,0,0,0,0,0,1,1,6,1,5,-1,-1,-1,-1,-1
201350AP2P005,1,9,0,18,0,1,0,0,0,0,1,1,6,1,10,1598,1,6,1,1
201350AP2P005,2,9,0,2,0,1,0,0,0,0,3,1,6,2,7,1598,2,2,4,3
201350AP2P005,3,1,0,18,0,1,5,0,0,0,2,1,6,1,7,-1,-1,-1,-1,-1
201350AP2P010,1,9,0,2,0,0,0,0,0,0,1,1,6,3,-1,1388,1,10,-1,-1
201350AP2P010,2,1,0,18,0,0,0,0,0,0,1,1,6,2,5,-1,-1,-1,1,1
201350AP2P011,1,9,0,5,0,1,0,0,0,0,3,1,6,1,9,1198,1,3,6,1
201350AP2P011,2,1,0,18,0,1,0,0,0,0,4,1,6,1,-1,-1,-1,-1,-1,-1
201350AP2P015,1,9,0,9,0,1,0,0,0,0,1,1,2,1,6,2479,1,26,3,1
201350AP2P015,2,1,0,18,0,1,0,0,0,0,1,1,6,1,8,-1,-1,-1,3,3
201350AP2P016,1,9,0,9,0,8,0,4,0,0,1,1,6,1,5,-1,-1,-1,3,1
201350AP2P016,2,9,0,2,0,8,0,0,0,0,4,1,6,2,6,1396,1,7,2,1
201350AP2P016,3,9,0,2,0,8,0,0,0,0,3,1,6,2,10,1360,1,8,2,1
201350AP2P017,1,9,0,18,0,7,0,0,0,0,1,1,6,2,9,998,1,11,1,1
201350AP2P017,2,9,0,3,0,4,0,0,0,0,2,1,6,1,6,1968,2,2,3,3
201350AP2P018,1,9,0,18,0,1,0,0,0,0,1,1,2,2,7,998,1,7,5,2
201350AP2P018,2,9,0,9,0,5,0,0,0,0,4,1,6,1,4,1272,1,24,3,1
201350AP2P020,1,9,0,9,0,1,0,0,0,0,3,1,1,1,8,1587,1,11,2,1
201350AP2P020,2,9,0,18,0,1,0,0,0,0,3,1,1,1,6,-1,-1,-1,2,2
201350AP2P021,1,9,0,7,0,1,0,0,0,0,1,1,6,3,-1,-1,-1,-1,-1,-1
201350AP2P021,2,5,0,18,0,1,2,0,0,0,1,1,6,1,8,660,1,6,3,3
201350AP2P024,1,3,0,4,0,0,2,0,0,0,1,1,2,1,5,125,1,2,4,3
201350AP2P024,2,9,0,5,0,0,0,0,0,0,1,1,3,2,7,1998,2,10,4,3
201350AP2P027,1,9,0,9,0,6,0,0,0,0,1,1,6,3,-1,-1,-1,-1,-1,-1
201350AP2Q001,1,9,0,18,0,0,0,0,0,0,4,1,6,1,7,1991,2,8,1,1
201350AP2Q002,1,9,0,8,0,1,0,0,0,0,2,1,6,1,9,1796,1,10,4,3
201350AP2Q002,2,9,0,18,0,1,0,0,0,0,1,1,6,2,9,1299,1,15,4,3
201350AP2Q004,1,9,0,1,0,1,0,0,0,0,2,1,6,3,-1,-1,-1,-1,-1,-1
201350AP2Q006,1,9,0,18,0,0,0,0,0,0,0,1,6,2,7,1597,1,15,3,1
201350AP2Q007,1,9,0,5,0,1,0,0,0,0,3,1,6,2,-1,-1,-1,-1,3,3
201350AP2Q007,2,9,0,18,0,2,0,0,0,0,4,1,6,2,5,1299,1,11,2,1
201350AP2Q008,1,9,0,9,0,5,0,0,0,0,1,1,6,1,7,1798,1,4,3,1
201350AP2Q008,2,4,0,18,0,1,0,0,0,0,1,1,6,1,4,398,1,13,4,1
201350AP2Q009,1,9,0,18,0,0,0,0,0,0,1,1,6,1,6,1998,1,7,1,1
201350AP2Q009,2,9,0,3,0,0,0,0,0,0,2,1,6,1,8,1461,2,-1,3,1
201350AP2Q009,3,9,0,3,0,0,0,0,0,0,2,1,6,2,4,1149,1,10,4,3
201350AP2R001,1,19,0,18,0,3,0,0,0,0,1,1,1,1,7,2198,2,2,-1,-1
201350AP2R001,2,9,0,5,0,4,0,0,0,0,3,1,6,2,10,1781,1,11,4,3
201350AP2R005,1,9,0,18,0,0,0,0,0,0,1,1,6,1,6,1995,2,10,2,1
201350AP2R006,1,9,0,18,0,4,0,0,0,0,1,2,6,1,10,-1,-1,-1,-1,-1
201350AP2R006,2,9,0,3,0,2,0,0,0,0,2,1,6,2,8,1896,2,10,3,1
201350AP2R007,1,9,0,16,0,0,0,10,0,11,2,1,6,1,5,1360,1,12,8,1
201350AP2R013,1,9,0,9,0,6,0,0,0,0,3,1,1,1,9,1984,2,2,5,2
201350AP2R013,2,1,0,17,0,1,0,0,0,0,3,1,1,1,9,-1,-1,-1,3,3
201350AP2R014,1,9,0,1,2,0,0,0,0,0,2,1,6,1,5,1389,1,19,2,1
201350AP2R015,1,11,0,16,0,0,0,0,0,0,1,1,6,1,8,4250,2,15,4,3
201350AP2R015,2,9,0,17,0,0,1,0,0,0,2,1,6,1,6,2000,2,13,3,1
201350AP2R018,1,9,0,18,0,0,1,0,0,0,1,1,1,1,5,1360,1,13,4,1
201350AP2R019,1,9,0,1,0,1,0,0,0,0,2,1,6,2,6,1896,2,11,4,1
201350AP2R020,1,9,0,18,0,4,0,0,0,0,1,1,6,1,6,2495,2,12,4,3
201350AP2R020,2,3,0,18,0,4,0,0,0,0,3,1,6,1,4,124,1,10,4,3
201350AP2S003,1,9,0,18,0,0,0,0,0,0,4,1,2,3,-1,-1,-1,-1,-1,-1
201350AP2S004,1,9,0,18,0,0,0,0,0,0,1,1,3,2,8,1597,1,18,3,1
201350AP2X001,1,9,0,18,0,0,0,0,0,0,4,1,6,3,-1,-1,-1,-1,-1,-1
201350AP2X002,1,9,0,18,0,0,0,0,2,0,1,1,6,1,4,1968,2,5,4,1
201350AP2X004,1,3,0,18,0,0,0,0,0,0,1,1,2,2,-1,124,1,6,4,1
201350AP2X004,2,9,0,18,0,0,0,0,0,0,1,1,6,3,4,1390,1,9,9,3
201350AP2X005,1,9,0,15,0,0,0,0,0,0,1,1,6,2,9,1587,1,6,4,3
201350AP2X005,2,9,0,3,0,0,0,0,0,0,1,1,6,1,8,2494,2,2,5,1
201350AP2X005,3,9,0,3,0,0,0,0,0,0,2,1,1,2,9,1686,2,5,5,2
201350AP2X006,1,9,0,18,0,1,0,0,0,0,1,1,6,1,4,1242,1,8,1,1
201350AP2X006,2,9,0,3,0,1,0,0,0,0,2,1,6,1,7,1896,2,11,3,2
201350AS2A001,1,22,0,6,0,6,0,0,1,0,1,1,6,2,11,-1,-1,-1,5,3
201350AS2A001,2,9,0,18,0,2,0,0,0,0,4,1,6,2,7,1997,2,12,5,3
201350AS2A002,1,9,0,2,0,0,0,0,0,0,2,1,6,1,9,-1,3,14,-1,1
201350AS2A002,2,1,0,17,0,0,2,4,0,0,1,1,6,2,9,-1,-1,-1,5,3
201350AY2B004,1,19,0,18,0,0,0,0,0,0,1,2,6,1,-1,2402,2,7,4,3
201350AY2B004,2,9,0,18,0,0,0,0,0,0,2,1,6,1,8,1905,2,16,3,2
201350AY2B007,1,9,0,18,0,0,0,0,0,0,0,1,6,1,8,1398,2,-1,6,2
201350AY2B008,1,9,0,17,0,0,1,0,1,11,1,1,6,2,8,1796,1,14,5,1
201350AY2B009,1,9,0,16,0,1,2,10,0,0,3,1,6,1,5,-1,-1,-1,2,2
201350AY2B010,1,9,0,18,0,1,0,0,0,0,1,1,6,2,4,1199,1,11,2,2
201350AY2B011,1,9,0,9,0,1,0,0,0,0,0,1,6,3,-1,-1,-1,-1,-1,-1
201350AY2C001,1,9,0,9,0,4,0,0,0,0,1,1,2,2,7,1997,2,12,3,3
201350AY2C001,2,1,0,18,0,8,0,0,0,0,4,1,2,1,9,-1,-1,-1,3,2
201350AY2C002,1,9,0,18,0,0,0,0,0,0,2,1,6,3,-1,-1,-1,-1,-1,-1
201350AY2C002,2,1,0,18,0,0,0,0,0,0,0,1,6,1,8,-1,-1,-1,2,1
201350AY2C004,1,9,0,18,0,1,0,4,0,0,4,1,6,2,6,1364,1,4,2,2
201350AY2C004,2,9,0,2,0,2,0,0,0,0,4,1,6,2,6,2324,1,12,2,2
201350AY2C006,1,9,0,6,0,0,0,0,0,0,2,1,6,1,11,1598,1,1,6,1
201350AY2C006,2,9,0,16,0,0,0,0,0,0,1,1,6,1,7,1399,2,1,10,2
201350AY2C007,1,9,0,18,0,0,0,0,0,0,1,1,6,1,7,1368,1,1,6,1
201350AY2C007,2,9,0,18,0,0,0,0,0,0,2,1,6,1,-1,-1,-1,-1,-1,-1
201350AY2C007,3,9,0,2,0,0,0,0,0,0,3,1,6,1,5,-1,-1,-1,3,3
201350AY2C008,1,98,0,4,0,8,0,0,0,0,1,1,6,2,4,-1,-1,-1,6,3
201350AY2C008,2,19,0,3,0,8,0,0,0,0,2,1,6,1,7,1968,2,2,-1,1
201350AY2C010,1,9,0,9,0,8,0,0,0,0,1,1,2,2,9,1895,1,15,5,2
201350AY2C010,2,4,0,18,0,1,1,0,1,0,1,1,2,1,6,194,1,8,3,2
201350AY2D006,1,9,0,18,0,0,2,0,1,9,1,1,6,2,8,2776,2,10,3,2
201350AY2D008,1,9,0,5,0,1,0,0,3,2,1,1,6,1,11,1248,1,-1,3,1
201350AY2D010,1,5,0,18,0,1,0,0,7,0,4,1,6,1,8,1198,1,-1,4,2
201350AY2D010,2,9,0,5,0,2,0,0,0,0,1,1,6,2,10,-1,-1,-1,3,3
201350AY2D012,1,9,0,1,0,6,0,0,0,0,3,1,6,2,6,1591,1,-1,5,3
201350AY2D012,2,9,0,16,0,1,1,0,0,0,3,1,6,1,4,1299,1,9,4,3
201350AY2D014,1,9,0,18,0,0,0,0,0,0,4,1,6,2,6,-1,-1,-1,4,3
201350AY2E001,1,9,0,17,0,0,1,0,1,11,3,1,1,2,10,1124,1,14,7,1
201350AY2E003,1,3,0,17,0,0,0,0,0,0,1,1,6,1,4,124,1,4,4,3
201350AY2E004,1,9,0,16,0,0,2,0,7,0,1,1,1,1,8,2179,2,2,8,2
201350AY2E008,1,9,0,17,0,0,1,0,0,0,1,1,6,1,4,1587,1,12,2,1
201350AY2E008,2,19,0,16,0,0,0,0,0,0,1,1,1,1,10,1753,2,8,3,2
201350AY2E009,1,9,0,17,0,0,0,0,1,4,1,1,6,1,9,993,1,13,5,2
201350AY2G003,1,9,0,16,0,0,2,0,0,0,1,1,2,2,4,1108,1,13,-1,-1
201350AY2H001,1,9,0,17,0,0,0,0,0,0,4,1,6,1,8,-1,-1,-1,4,1
201350AY2H002,1,9,0,17,0,0,2,0,2,0,4,1,6,1,7,3239,1,16,4,3
201350AY2H003,1,9,0,18,0,0,0,0,0,0,4,1,2,1,6,1997,2,12,2,2
201350AY2H004,1,9,0,3,0,4,0,0,0,0,3,1,6,1,10,1596,1,11,4,3
201350AY2H004,2,1,0,17,0,8,0,0,0,0,1,1,6,1,9,-1,-1,-1,-1,1
201350AY2H005,1,9,0,18,0,8,0,9,3,4,4,1,6,1,4,1900,2,15,4,1
201350AY2H007,1,9,0,18,0,0,2,0,2,10,4,1,6,1,4,1199,1,11,2,2
201350AY2H007,2,9,0,18,0,0,0,0,0,0,3,1,6,2,6,1124,1,8,8,1
201350AY2H010,1,9,0,9,0,8,0,0,0,0,3,1,6,1,9,-1,-1,-1,4,2
201350AY2H010,2,9,0,18,0,1,0,0,0,0,1,1,6,1,6,1896,2,11,4,3
201350BB2B002,1,9,0,6,7,5,0,0,0,0,3,1,6,2,7,1796,1,10,4,3
201350BB2B002,2,19,0,18,0,1,0,0,0,0,3,1,6,1,8,2198,2,3,6,1
201350BB2B004,1,9,0,17,0,0,0,0,0,0,2,1,1,2,6,1598,1,3,4,3
201350BB2C001,1,19,0,16,0,0,2,0,5,6,1,1,1,1,6,1560,2,6,4,2
201350BB2C001,2,9,0,16,0,0,0,0,0,0,2,1,6,1,8,1396,1,9,6,1
201350BB2C001,3,5,0,16,0,0,0,0,1,0,1,1,1,1,8,599,1,16,4,2
201350BB2C002,1,9,0,18,0,1,2,0,0,0,4,1,6,1,6,2316,1,16,2,1
201350BB2C002,2,9,0,18,0,1,1,0,0,0,1,1,6,1,6,-1,-1,-1,7,1
201350BB2C004,1,9,0,17,0,0,2,0,2,10,1,1,1,1,6,1229,1,4,-1,-1
201350BB2C004,2,9,0,17,0,0,1,0,0,0,1,1,1,2,10,-1,-1,-1,6,1
201350BB2C004,3,9,0,17,0,0,1,0,0,0,0,1,6,2,5,1299,1,12,7,1
201350BB2C005,1,9,0,17,0,0,1,0,5,6,1,1,6,2,5,1998,1,15,3,1
201350BB2C006,1,9,0,18,0,0,5,0,1,0,1,1,6,2,4,1598,1,12,4,3
201350BB2C008,1,9,0,17,0,0,2,0,4,10,1,1,6,2,10,1248,2,6,9,2
201350BB2C009,1,19,0,18,0,0,0,0,0,0,1,1,1,1,5,2198,2,5,4,3
201350BB2C009,2,9,0,18,0,0,1,0,0,0,1,1,6,1,4,973,1,12,3,3
201350BB2C010,1,9,0,18,0,0,2,0,1,11,1,1,1,1,8,1998,1,9,7,3
201350BB2C011,1,9,0,17,0,0,5,0,1,11,1,1,1,1,8,1461,2,5,5,3
201350BB2C012,1,9,0,18,0,0,1,0,1,11,1,1,6,1,5,1461,2,7,4,3
201350BB2D003,1,9,0,7,0,1,0,0,0,0,3,1,6,1,-1,2495,2,16,5,3
201350BB2D003,2,9,0,18,0,1,0,0,0,0,1,1,2,1,6,-1,-1,-1,5,3
201350BB2D003,3,9,0,2,0,1,0,0,0,0,2,1,6,2,-1,-1,-1,-1,5,3
201350BB2E001,1,9,0,17,0,0,0,0,0,0,0,1,6,1,11,-1,-1,-1,4,3
201350BB2E001,2,1,0,16,0,0,0,0,1,10,0,1,6,2,6,-1,-1,-1,5,3
201350BB2F001,1,9,0,18,0,0,0,0,0,0,1,1,6,1,5,1368,1,6,6,1
201350BB2F001,2,9,0,18,0,0,0,0,0,0,1,1,6,2,6,1998,2,6,7,2
201350BB2F002,1,9,0,18,0,0,0,0,0,0,1,1,6,1,11,-1,-1,-1,4,2
201350BB2F002,2,19,0,18,0,0,0,0,0,0,2,1,1,1,7,2999,2,6,4,1
201350BB2F002,3,9,0,18,0,0,0,0,0,0,1,1,6,1,4,-1,-1,-1,2,1
201350BB2F004,1,9,0,13,0,0,1,0,3,1,4,1,1,1,7,1995,2,3,5,1
201350BB2F004,2,21,0,18,0,0,0,0,0,0,3,1,1,1,8,12900,2,1,4,3
201350BB2F005,1,19,0,18,0,0,0,0,0,0,4,1,6,3,-1,-1,-1,-1,-1,-1
201350BB2F006,1,9,0,16,0,0,1,0,2,7,1,1,6,1,7,1461,2,1,2,1
201350BB2F006,2,9,0,16,0,0,0,0,0,0,0,1,6,3,-1,-1,-1,-1,-1,-1
201350BB2F006,3,9,0,16,0,0,0,0,4,6,3,1,6,1,7,1988,1,14,1,1
201350BB2F007,1,9,0,13,0,8,0,0,1,0,4,1,6,2,8,1796,1,8,10,1
201350BB2F007,2,21,1,18,0,8,0,0,0,0,1,1,1,1,8,12900,2,2,3,1
201350BB2F008,1,9,0,16,0,0,0,0,0,0,1,1,6,1,10,2143,2,-1,4,3
201350BB2F008,2,9,0,17,0,0,0,0,0,0,1,1,6,1,8,2401,2,9,5,3
201350BB2F008,3,9,0,17,0,0,0,0,0,0,1,1,6,1,6,2231,2,8,8,2
201350BB2F009,1,9,0,18,0,0,0,0,0,0,4,1,6,3,-1,-1,-1,-1,-1,-1
201350BB2F012,1,5,0,16,0,0,0,0,7,0,0,1,6,1,9,1340,1,16,6,2
201350BB2F012,2,9,0,17,0,0,0,0,0,0,0,1,6,1,7,1968,2,4,2,1
201350BB2F012,3,21,0,16,0,0,0,0,0,0,0,1,1,1,8,10518,2,-1,6,3
201350BB2F013,1,9,0,18,0,0,0,0,0,0,1,1,6,1,11,-1,-1,-1,9,2
201350BB2F013,2,9,0,18,0,0,1,0,0,0,1,1,6,1,6,1299,1,15,7,1
201350BB2F013,3,9,0,18,0,0,5,0,0,0,1,1,6,1,8,1596,1,9,4,2
201350BB2F013,4,9,0,18,0,0,0,0,0,0,1,1,6,1,10,3980,1,20,8,1
201350BB2F013,5,19,0,18,0,0,0,0,0,0,0,1,6,1,6,1248,2,5,2,1
201350BB2F014,1,9,0,4,0,0,1,0,1,10,1,1,6,1,6,1596,1,10,6,1
201350BB2F015,1,3,0,18,0,0,0,0,0,0,2,1,2,1,7,124,1,1,4,2
201350BB2F015,2,21,0,18,0,0,0,0,0,0,1,1,1,1,9,9290,2,1,7,1
201350BB2F016,1,9,0,16,0,0,0,0,0,0,1,1,2,1,7,2495,2,7,6,2
201350BB2F016,2,9,0,16,0,0,0,0,0,0,2,1,2,1,7,1597,2,-1,6,2
201350BB2G001,1,9,0,17,0,0,0,0,0,7,1,1,6,1,6,1364,1,4,-1,-1
201350BB2G003,1,9,0,18,0,0,0,0,0,0,1,1,6,1,8,1997,2,14,4,3
201350BB2G006,1,4,0,5,0,1,0,0,0,0,1,1,6,1,5,498,1,10,8,1
201350BB2G006,2,9,0,9,0,1,0,0,0,0,3,1,6,1,6,2401,2,9,4,1
201350BB2G007,1,9,0,18,0,3,0,0,0,0,1,1,6,2,4,-1,-1,-1,5,1
201350BB2G007,2,9,0,4,0,4,0,0,0,0,1,1,6,2,11,1398,2,2,5,1
201350BB2G010,1,9,0,18,0,0,0,0,0,0,1,1,6,2,6,-1,-1,-1,5,1
201350BB2G010,2,9,0,3,0,0,0,0,0,0,2,1,6,1,7,1461,2,1,2,1
201350BB2G014,1,9,0,18,0,0,0,0,0,0,3,1,6,3,-1,2445,1,9,-1,-1
201350BB2G014,2,9,0,18,0,0,0,0,0,0,1,1,6,1,9,1248,2,8,3,2
201350BB2H001,1,9,0,18,0,0,2,0,7,4,1,1,6,1,5,1248,2,4,5,2
201350BB2H002,1,9,0,16,0,0,0,0,0,0,1,1,6,2,7,1389,1,16,4,2
201350BB2H002,2,9,0,17,0,0,0,0,0,0,3,1,1,2,9,2199,2,1,5,3
201350BB2H003,1,9,0,16,0,1,0,0,0,0,1,2,6,1,8,-1,-1,-1,-1,-1
201350BB2H003,2,9,0,17,0,1,0,0,0,0,1,1,6,2,6,1398,2,9,3,3
201350BB2H004,1,9,0,18,0,4,0,0,0,0,1,1,6,1,11,1968,2,5,4,2
201350BB2H004,2,9,0,18,0,4,0,0,0,0,4,1,6,1,5,1124,1,13,5,1
201350BB2I001,1,19,0,18,0,0,1,0,0,0,1,1,1,1,5,1870,2,10,6,1
201350BB2I001,2,9,0,18,0,0,0,0,0,0,2,1,6,2,6,1242,1,1,5,3
201350BB2I001,3,9,0,18,0,0,0,0,0,0,2,1,6,2,7,996,1,1,7,1
201350BB2I002,1,9,0,17,0,0,1,0,0,0,3,1,2,1,6,1242,1,14,2,1
201350BB2I002,2,9,0,18,0,0,0,0,0,0,3,1,2,2,5,1390,1,4,2,1
201350BB2I002,3,9,0,18,0,0,0,0,0,0,0,1,2,1,5,-1,-1,-1,5,2
201350BB2I003,1,9,0,18,0,0,2,0,1,0,1,1,6,2,5,1598,1,10,2,2
201350BB2I003,2,9,0,18,0,0,0,0,0,0,2,1,6,1,9,1364,1,7,5,1
201350BB2I006,1,3,0,18,0,0,0,12,0,0,3,1,6,1,-1,124,1,31,3,3
201350BB2I007,1,9,0,18,0,0,2,0,0,0,0,1,6,1,5,1905,2,15,-1,-1
201350BB2I008,1,9,0,18,0,0,0,0,0,10,1,1,2,2,5,1362,1,1,4,3
201350BB2I008,2,9,0,18,0,0,0,0,0,10,1,1,6,2,9,1242,1,2,3,3