Accident_Index,Vehicle_Reference,Vehicle_Type,Towing_and_Articulation,Vehicle_Manoeuvre,Vehicle_Location-Restricted_Lane,Junction_Location,Skidding_and_Overturning,Hit_Object_in_Carriageway,Vehicle_Leaving_Carriageway,Hit_Object_off_Carriageway,1st_Point_of_Impact,Was_Vehicle_Left_Hand_Drive?,Journey_Purpose_of_Driver,Sex_of_Driver,Age_Band_of_Driver,Engine_Capacity_(CC),Propulsion_Code,Age_of_Vehicle,Driver_IMD_Decile,Driver_Home_Area_Type
201350BB2I009,1,9,0,16,0,0,1,0,0,0,1,1,2,1,6,1590,1,20,3,3
201350BB2I009,2,21,0,18,0,0,1,0,0,0,1,1,1,1,8,12580,2,7,4,3
201350BB2I010,1,5,0,4,0,0,5,0,0,0,1,1,6,1,8,1402,1,10,3,2
201350BB2I010,2,9,0,4,0,0,0,0,0,0,2,1,6,2,6,1753,2,10,5,3
201350BB2I011,1,9,0,4,0,0,1,0,0,0,1,1,6,3,-1,1598,1,13,-1,-1
201350BB2I011,2,9,0,4,0,0,0,0,0,0,1,1,1,1,6,1590,1,14,4,2
201350BB2I012,1,9,0,18,0,0,2,0,1,9,1,1,2,2,7,599,1,12,2,1
201350BB2J001,1,9,0,17,0,0,1,0,0,0,1,1,1,2,4,1598,1,12,5,1
201350BB2J001,2,9,0,4,0,0,0,0,0,0,1,1,6,2,6,2261,1,7,4,3
201350BB2J002,1,9,0,18,0,0,0,0,0,0,1,1,6,1,6,1781,1,15,4,3
201350BB2J002,2,9,0,3,0,0,0,0,0,0,3,1,1,2,5,996,1,3,3,1
201350BB2J003,1,9,0,18,0,0,0,0,0,0,3,1,6,2,6,1896,2,8,2,1
201350BB2J003,2,9,0,18,0,0,0,0,0,0,4,1,6,3,-1,-1,-1,-1,-1,-1
201350BB2J005,1,9,0,12,0,0,1,0,0,0,1,1,6,1,5,1975,1,13,6,1
201350BB2J005,2,19,0,18,0,0,2,0,1,7,2,1,1,1,9,2299,2,3,6,3
201350BB2K001,1,9,0,9,0,8,0,0,0,0,1,1,6,2,8,1493,2,8,4,3
201350BB2K001,2,3,0,18,0,1,0,0,0,0,1,1,6,1,4,124,1,1,3,3
201350BB2K004,1,9,0,8,0,1,0,0,0,0,1,1,6,2,8,1339,1,8,4,2
201350BB2K004,2,9,0,8,0,1,0,0,0,0,2,1,6,2,-1,1360,1,5,5,1
201350BB2K006,1,9,0,9,0,8,0,0,0,0,4,1,1,1,-1,1560,2,3,5,1
201350BB2K006,2,9,0,18,0,8,0,0,0,0,1,1,6,2,6,1124,1,14,7,1
201350BB2K006,3,9,0,10,0,1,0,0,0,0,3,1,6,1,9,1995,2,3,6,3
201350BB2K007,1,5,0,18,0,0,2,10,0,10,1,1,1,1,6,749,1,20,4,1
201350BB2K009,1,9,0,18,0,0,0,0,0,0,4,1,3,2,8,2204,2,4,4,1
201350BB2K010,1,9,0,5,0,8,0,0,0,0,3,1,6,1,7,1390,1,11,2,1
201350BB2K010,2,9,0,17,0,1,0,0,0,0,1,1,6,1,9,1994,2,15,4,2
201350BB2K014,1,9,0,18,0,8,0,0,7,10,1,1,6,2,11,1242,1,14,3,1
201350BB2K014,2,9,0,10,0,1,0,0,0,0,2,1,6,1,7,-1,-1,-1,7,1
201350BB2K014,3,9,0,18,0,2,0,0,0,0,1,1,6,1,9,1560,2,-1,9,1
201350BB2K014,4,9,0,18,0,1,0,0,0,0,1,1,6,1,8,1988,2,9,4,1
201350BB2K015,1,9,0,9,0,2,0,0,0,0,1,1,6,1,7,-1,-1,-1,5,1
201350BB2K015,2,3,0,18,0,8,0,0,7,0,4,1,6,1,4,124,1,12,7,1
201350BB2K016,1,9,0,16,0,0,1,0,0,0,1,1,6,1,6,1868,2,13,2,1
201350BB2K016,2,9,0,17,0,0,0,0,0,0,1,1,6,1,10,1896,2,3,4,3
201350BB2K019,1,19,0,16,0,0,1,0,7,11,1,1,6,1,6,2463,2,9,4,1
201350BB2K020,1,9,0,5,0,3,0,0,0,0,1,1,6,2,5,1598,1,8,-1,1
201350BB2K020,2,9,0,5,0,3,0,0,0,0,2,1,6,1,10,1329,1,4,6,1
201350BB2K024,1,9,0,18,0,1,0,0,0,0,1,1,6,1,5,1388,1,12,3,1
201350BB2K028,1,9,0,18,0,1,0,0,0,0,1,1,3,2,8,1598,1,6,5,1
201350BB2K029,1,9,0,9,0,1,0,0,0,0,1,1,2,2,6,1590,1,8,7,2
201350BB2K029,2,9,0,18,0,1,0,0,0,0,1,1,1,1,10,1870,2,7,3,1
201350BB2K033,1,9,0,18,0,0,2,0,0,0,4,1,6,1,11,1242,1,4,3,1
201350BC2A001,1,9,0,18,0,0,0,0,0,0,1,1,6,1,6,1598,1,10,4,3
201350BC2E001,1,9,0,18,0,0,0,0,0,0,1,1,6,2,7,1493,1,16,7,1
201350BC2F001,1,2,0,18,0,0,5,11,0,0,3,1,6,1,4,50,1,5,4,3
201350BC2F002,1,9,0,5,0,8,0,0,0,0,3,1,6,1,5,1598,1,10,8,2
201350BC2F002,2,9,0,18,0,8,0,0,0,0,1,1,1,1,7,-1,-1,-1,4,3
201350BC2G002,1,1,0,18,0,0,0,0,0,11,1,1,6,1,10,-1,-1,-1,-1,-1
201350BC2H001,1,19,0,18,0,2,0,0,0,0,4,1,6,3,-1,-1,-1,-1,-1,-1
201350BC2H001,2,3,0,4,0,2,5,0,0,0,3,1,1,2,4,124,1,2,4,2
201350BC2H002,1,17,0,9,0,2,0,0,0,0,1,1,1,1,4,-1,2,21,4,3
201350BC2H002,2,9,0,18,0,1,0,0,0,0,2,1,2,1,5,-1,-1,-1,-1,-1
201350BC2H004,1,9,0,10,0,2,0,0,0,0,1,1,6,1,6,1997,2,-1,-1,-1
201350BC2H004,2,9,0,18,0,1,0,0,0,0,1,1,6,1,9,1108,1,4,3,3
201350BC2H006,1,9,0,18,0,0,2,0,7,1,1,1,6,1,6,1997,1,11,4,3
201350BC2I001,1,9,0,18,0,0,0,0,0,0,1,1,6,1,6,2099,1,11,4,3
201350BC2I001,2,17,0,18,0,0,0,0,0,0,2,1,1,1,8,-1,-1,-1,4,2
201350BC2I002,1,9,0,18,0,0,5,0,7,10,3,1,6,1,6,-1,-1,-1,-1,-1
201350BC2I003,1,9,0,18,0,1,0,0,0,0,1,1,6,2,6,1587,1,12,4,3
201350BC2I003,2,9,0,7,0,5,0,0,0,0,4,1,6,1,6,4163,1,6,4,2
201350BC2I008,1,2,0,18,0,1,0,0,0,0,3,1,6,1,4,49,1,13,4,2
201350BC2I008,2,9,0,8,0,5,0,0,0,0,3,1,6,1,7,1795,1,15,4,2
201350BC2L001,1,9,0,18,0,0,0,0,1,1,1,1,6,1,11,1796,1,7,5,2
201350BC2L002,1,9,0,9,0,5,0,0,0,0,3,1,6,1,11,1997,2,7,4,3
201350BC2L002,2,9,0,18,0,1,0,0,0,0,3,1,6,1,11,1753,2,6,5,2
201350BC2M001,1,9,0,18,0,0,0,0,0,0,3,1,6,3,-1,-1,-1,-1,-1,-1
201350BC2M001,2,9,0,13,0,0,1,0,2,10,1,1,3,2,6,1596,1,12,4,3
201350BC2N001,1,9,0,4,0,7,1,0,0,0,3,1,2,2,9,1360,1,8,4,3
201350BC2N001,2,4,0,18,0,1,0,0,0,0,1,1,6,1,7,249,1,17,4,2
201350BC2N002,1,9,0,9,0,6,0,0,0,0,3,1,6,2,10,1360,1,7,4,3
201350BC2N002,2,9,0,18,0,1,1,0,0,0,1,1,6,1,6,1896,2,10,9,3
201350BD2B001,1,9,0,10,0,2,0,0,1,7,1,1,6,1,10,1332,1,-1,6,3
201350BD2B001,2,9,0,16,0,1,0,0,0,0,2,1,6,1,10,1461,2,1,-1,-1
201350BD2B001,3,9,0,17,0,1,0,0,0,0,0,1,6,1,8,-1,-1,-1,2,1
201350BD2B002,1,9,0,18,0,0,2,0,1,11,3,1,6,1,8,2362,1,12,6,1
201350BD2B003,1,9,0,18,0,1,0,0,0,0,1,1,6,1,9,1781,1,11,5,1
201350BD2B003,2,19,0,3,0,1,0,0,0,0,2,1,1,1,7,2402,2,3,1,1
201350BD2B003,3,9,0,10,0,1,0,0,0,0,2,1,6,1,10,1591,1,1,7,2
201350BD2B004,1,98,1,16,0,0,1,0,0,0,3,2,1,1,8,-1,-1,-1,-1,3
201350BD2B004,2,9,0,17,0,0,0,0,0,0,3,1,6,2,9,1240,1,4,4,1
201350BD2B005,1,9,4,9,0,8,0,0,0,0,3,1,6,3,-1,-1,-1,-1,-1,-1
201350BD2B005,2,1,0,13,0,1,0,0,0,0,1,1,6,1,7,-1,-1,-1,3,2
201350BD2B005,3,1,0,13,0,1,0,0,0,0,1,1,6,1,7,-1,-1,-1,6,3
201350BD2B006,1,9,0,17,0,0,5,0,8,1,1,1,2,1,5,1997,2,4,7,3
201350BD2B007,1,21,1,17,0,1,1,0,0,0,1,1,1,1,9,12900,2,5,4,1
201350BD2B007,2,9,0,3,0,1,0,0,0,0,2,1,6,1,8,1968,2,6,4,3
201350BD2B009,1,9,0,9,0,8,0,0,0,0,1,1,6,3,-1,-1,-1,-1,-1,-1
201350BD2C002,1,9,0,16,0,0,0,0,0,0,2,1,6,1,4,1398,2,11,7,2
201350BD2C003,1,9,0,18,0,0,0,0,0,0,1,1,6,2,4,1124,5,16,4,2
201350BD2C003,2,9,0,3,0,0,0,0,0,0,2,1,6,2,8,1997,2,10,4,2
201350BD2C004,1,9,0,17,0,0,2,0,7,9,1,1,6,2,4,2495,2,12,2,2
201350BD2C008,1,9,0,18,0,1,0,0,0,0,3,1,6,2,7,1299,1,14,5,2
201350BD2C008,2,9,0,18,0,1,0,0,0,0,4,1,6,1,8,1994,1,10,9,3
201350BD2C011,1,9,0,18,0,0,0,0,0,0,1,1,6,1,-1,-1,-1,-1,-1,-1
201350BD2D003,1,9,0,16,0,0,0,0,7,10,1,1,6,2,4,1389,1,11,5,3
201350BD2E001,1,9,0,18,0,1,1,0,0,0,1,1,2,1,5,1753,2,15,4,3
201350BD2E001,2,9,0,3,0,1,0,0,0,0,2,1,2,1,8,1896,2,12,6,3
201350BD2E001,3,9,0,10,0,1,0,0,0,0,2,1,2,2,7,1339,1,7,4,3
201350BD2E002,1,9,0,3,0,1,0,0,0,0,2,1,6,1,10,1248,2,3,4,2
201350BD2E002,2,19,0,18,0,1,0,0,0,0,1,1,6,1,6,2148,2,8,1,1
201350BD2E003,1,9,0,18,0,1,1,0,0,0,1,1,1,1,8,-1,-1,-1,4,1
201350BD2E003,2,9,0,10,0,1,0,0,7,1,2,1,6,1,8,1560,2,1,5,3
201350BD2E003,3,9,0,3,0,1,0,0,0,0,2,1,6,1,7,1956,2,-1,4,1
201350BD2E003,4,9,0,3,0,1,0,0,0,0,1,1,1,1,4,-1,-1,-1,1,1
201350BD2E004,1,5,0,9,0,8,0,0,0,0,1,1,6,1,5,636,1,7,4,2
201350BD2E004,2,19,0,9,0,8,0,0,0,0,2,1,6,1,6,1868,2,11,5,1
201350BD2E004,3,9,0,18,0,1,0,0,0,0,3,1,6,2,8,998,1,5,8,1
201350BD2E005,1,9,0,18,0,0,0,0,1,11,1,1,6,1,7,1242,1,15,2,2
201350BD2E005,2,21,0,18,0,0,0,0,0,0,3,1,6,3,-1,-1,-1,-1,-1,-1
201350BD2E008,1,9,0,18,0,0,5,0,1,4,3,1,6,1,4,1798,1,5,5,1
201350BD2F003,1,9,0,9,0,1,0,0,0,0,1,1,1,1,6,1781,1,12,3,1
201350BD2F003,2,9,0,18,0,8,0,0,0,0,1,1,6,1,9,2199,2,2,9,1
201350BD2F008,1,9,0,10,0,1,0,0,0,0,2,1,6,1,6,2494,1,10,8,1
201350BD2F008,2,9,0,3,0,1,0,0,0,0,2,1,6,1,5,-1,-1,-1,-1,-1
201350BD2F008,3,9,0,18,0,1,0,0,0,0,1,1,6,2,7,1584,1,7,4,3
201350BD2G002,1,9,0,18,0,0,1,0,2,11,1,1,6,1,5,1598,1,12,4,2
201350BD2G002,2,9,0,18,0,0,0,0,0,0,1,1,1,1,8,1796,1,5,6,3
201350BD2G003,1,21,1,18,0,0,0,0,0,0,3,1,1,1,6,10837,2,3,4,2
201350BD2G003,2,21,1,18,0,0,0,0,0,0,3,1,1,1,7,12419,2,2,3,3
201350BD2G005,1,9,0,13,0,0,1,0,1,7,4,1,6,1,6,1598,1,9,6,2
201350BD2G005,2,9,0,18,0,0,0,0,0,0,3,1,6,1,7,1124,1,8,-1,3
201350BD2G006,1,9,0,4,0,1,0,0,3,10,1,1,6,2,10,1339,1,4,4,2
201350BD2G007,1,19,4,18,0,0,0,0,0,0,1,1,6,1,-1,1905,2,14,4,2
201350BD2G007,2,9,0,2,0,0,0,0,0,0,3,1,3,2,8,1984,1,11,4,3
201350BD2G009,1,9,0,18,0,2,1,0,0,0,1,1,6,1,6,1396,1,12,4,2
201350BD2G011,1,9,0,10,0,5,0,0,0,0,3,1,6,1,5,1910,2,9,7,2
201350BD2G011,2,9,0,13,0,1,0,0,7,1,4,1,1,1,8,1753,2,4,-1,-1
201350BD2G013,1,9,0,1,0,0,0,0,0,0,2,1,1,3,6,-1,-1,-1,3,1
201350BD2G014,1,9,0,18,0,0,0,0,0,0,1,1,6,3,-1,1587,1,14,-1,-1
201350BD2G014,2,9,0,18,0,0,0,0,0,0,2,1,6,2,8,1896,2,7,4,3
201350BD2G015,1,9,0,16,0,0,0,0,7,11,1,1,6,1,7,1986,2,8,10,1
201350BD2I001,1,9,0,9,0,8,0,0,0,0,1,1,6,2,6,1596,1,8,7,2
201350BD2I004,1,5,0,18,0,0,0,0,0,0,1,1,6,1,7,988,1,10,7,2
201350BD2I005,1,9,0,18,0,8,0,0,0,0,1,1,6,1,11,1796,1,19,3,2
201350BD2I005,2,9,0,9,0,8,0,0,0,0,2,1,6,2,8,1560,2,2,6,3
201350BD2I006,1,9,0,18,0,4,0,0,0,0,1,1,6,2,8,1997,2,13,5,3
201350BD2I006,2,9,0,8,0,4,0,0,0,0,2,1,6,2,9,-1,-1,-1,7,2
201350BD2I007,1,9,0,10,0,4,0,0,0,0,1,1,2,1,9,1398,2,3,-1,-1
201350BD2I007,2,1,0,10,0,4,0,0,0,0,2,1,2,1,6,-1,-1,-1,6,3
201350BD2I009,1,9,0,16,0,0,0,0,0,0,1,1,6,2,8,1560,2,7,6,2
201350BD2I009,2,9,0,17,0,0,0,0,0,0,1,1,6,2,9,1994,2,11,7,2
201350BD2I010,1,9,0,9,0,1,0,0,0,0,1,1,2,1,5,1149,1,14,1,1
201350BD2I010,2,9,0,18,0,1,0,0,0,0,1,1,2,2,7,1796,1,14,6,3
201350BD2I011,1,9,0,17,0,0,2,0,7,10,1,1,6,1,6,1587,1,12,6,2
201350BD2I012,1,9,0,18,0,0,1,0,0,0,1,1,6,1,4,1389,1,20,5,3
201350BD2I012,2,9,0,18,0,0,0,0,0,0,1,1,6,1,4,1124,1,15,5,3
201350BD2I016,1,9,0,18,0,0,1,0,0,0,4,1,6,2,8,1598,1,9,5,2
201350BD2I016,2,9,0,18,0,0,1,0,0,0,2,1,6,1,-1,1997,2,10,6,2
201350BD2J001,1,9,0,18,0,0,1,0,1,4,3,1,6,2,11,1598,1,2,7,2
201350BD2J001,2,9,0,18,0,0,0,0,0,0,3,1,6,1,9,4196,1,6,5,3
201350BD2J002,1,19,0,9,0,1,0,0,0,0,1,1,1,1,6,1995,2,6,5,3
201350BD2J002,2,9,0,18,0,1,0,0,0,0,1,1,1,1,6,973,1,14,2,2
201350BD2J004,1,9,0,18,0,2,0,0,0,0,1,1,6,1,5,1800,1,13,6,3
201350BD2J005,1,9,0,9,0,1,0,0,4,0,2,1,6,1,11,1339,1,6,4,3
201350BD2J005,2,9,0,13,0,1,1,0,0,0,1,1,6,1,11,1242,1,12,7,2
201350BD2J006,1,9,0,17,0,0,0,0,0,0,1,1,6,2,9,1149,1,9,7,1
201350BD2J006,2,9,0,16,0,0,1,0,0,0,1,1,6,2,5,1769,2,18,5,3
201350BD2J007,1,9,0,18,0,0,0,0,0,0,4,1,2,1,5,1396,1,17,2,1
201350BD2J007,2,1,0,18,0,0,5,0,1,0,2,1,6,1,6,-1,-1,-1,8,1
201350BD2J008,1,9,0,9,0,5,0,0,0,0,3,1,6,1,11,1905,2,19,5,2
201350BD2J008,2,9,0,18,0,1,0,0,0,0,1,1,6,2,9,1997,2,11,8,2
201350BD2J010,1,9,0,5,0,8,0,0,0,0,3,1,6,1,11,1596,1,7,7,1
201350BD2J010,2,21,0,18,0,8,0,0,0,0,1,1,1,1,10,11967,2,7,2,1
201350BD2J012,1,9,0,17,0,0,2,0,1,10,0,1,1,1,4,1390,1,2,7,2
201350BD2J013,1,9,0,17,0,0,0,0,0,0,1,2,1,1,6,-1,-1,-1,-1,-1
201350BD2J013,2,9,0,17,0,0,0,0,0,0,1,1,6,1,9,1360,1,17,5,3
201350BD2K003,1,9,0,17,0,0,1,0,0,0,1,1,6,1,10,1796,1,12,5,2
201350BD2K003,2,9,0,18,0,0,0,0,0,0,1,1,6,2,8,1998,1,17,6,3
201350BD2K004,1,9,0,13,0,0,0,0,0,0,1,1,6,2,9,1560,2,1,5,3
201350BD2K004,2,16,0,4,0,0,0,0,0,0,3,1,6,1,7,-1,-1,-1,5,3
201350BD2K005,1,9,0,16,0,0,2,0,1,0,1,1,2,1,5,1598,1,15,7,2
201350BD2K006,1,9,0,18,0,0,1,0,0,0,1,1,6,2,9,2495,2,15,5,3
201350BD2K006,2,9,0,18,0,0,0,0,0,0,1,1,6,2,7,1388,1,7,9,1
201350BD2K007,1,9,0,17,0,0,0,0,1,4,1,1,6,2,7,1349,1,10,3,2
201350BD2M002,1,9,0,18,0,0,0,0,0,0,1,1,6,1,-1,1753,2,6,-1,-1
201350BD2M002,2,9,0,18,0,0,0,0,0,0,2,1,6,1,9,1989,1,14,7,2
201350BD2M002,3,9,0,4,0,0,0,0,0,0,2,1,6,2,8,-1,-1,-1,5,3
201350BD2M003,1,1,0,7,0,5,0,10,0,0,1,1,6,1,7,-1,-1,-1,4,3
201350BD2M005,1,9,0,13,0,0,1,0,0,0,1,1,6,1,7,1905,2,19,4,2
201350BD2M005,2,17,4,18,0,0,0,0,0,0,2,1,1,1,7,-1,-1,-1,6,3
201350BD2M005,3,9,0,18,0,0,1,0,0,6,1,1,6,1,6,1910,2,7,7,1
201350BD2M008,1,9,0,2,0,0,0,0,7,10,3,1,6,1,10,1994,1,4,3,2
201350BD2M009,1,9,0,18,0,0,0,0,0,0,1,1,6,3,11,2488,1,7,5,1
201350BD2M010,1,9,0,2,0,0,0,0,0,0,2,1,1,1,8,-1,-1,-1,2,2
201350BD2M013,1,9,0,12,0,0,1,0,5,6,2,1,1,1,7,1997,2,12,7,2
201350BD2M013,2,9,0,13,0,0,1,0,0,0,1,1,1,1,4,998,1,15,7,1
201350BD2M015,1,9,0,10,0,2,0,0,0,0,3,1,6,2,8,1339,1,10,4,3
201350BD2M015,2,9,0,18,0,1,1,0,0,0,1,1,6,1,7,1905,2,18,3,1
201350BD2M017,1,9,0,18,0,1,0,7,4,10,1,1,6,1,10,1242,1,4,3,2
201350BD2M019,1,9,0,9,0,1,0,0,0,0,1,1,2,1,7,1396,1,15,6,2
201350BD2M019,2,1,0,18,0,1,0,0,0,0,1,1,2,1,7,-1,-1,-1,6,2
201350BD2M020,1,9,0,18,0,0,0,0,0,0,1,1,6,3,-1,-1,-1,-1,-1,-1
201350BD2M020,2,9,0,3,0,0,0,0,0,0,2,1,6,2,4,1360,1,11,6,2
201350BD2N001,1,5,0,18,0,0,2,12,0,0,1,1,6,1,7,998,1,4,4,3
201350BD2N001,2,9,0,3,0,0,0,0,0,0,1,1,6,1,9,-1,-1,-1,7,3
201350BD2N002,1,9,0,16,0,0,0,0,0,0,3,1,3,2,7,1598,1,10,4,3
201350BD2N002,2,9,0,17,0,0,0,0,0,0,3,1,3,2,6,1398,2,2,4,3
201350BE2A002,1,9,0,9,0,2,0,0,0,0,0,1,6,1,6,1984,1,12,2,1
201350BE2A002,2,9,0,18,0,1,0,0,0,0,0,1,6,1,8,2199,2,1,7,1
201350BE2A003,1,9,0,18,0,2,0,0,0,0,0,1,6,1,8,-1,-1,-1,6,1
201350BE2A003,2,9,0,18,0,2,0,0,0,0,0,1,6,2,10,1997,2,12,5,2
201350BE2A004,1,21,0,4,0,1,0,0,0,0,1,1,1,1,7,9200,2,4,4,2
201350BE2A004,2,9,0,4,0,1,0,0,0,0,2,1,6,2,6,1598,2,1,3,2
201350BE2A004,3,9,0,4,0,1,0,0,0,0,1,1,6,1,11,1398,2,6,5,3
201350BE2A005,1,9,0,18,0,8,0,0,1,1,1,1,6,1,5,-1,-1,-1,5,3
201350BE2A005,2,9,0,5,0,1,0,0,0,0,1,1,6,1,5,1998,2,7,5,1
201350BE2B001,1,19,0,18,0,0,0,0,1,0,4,1,1,1,6,2143,2,-1,5,1
201350BE2B001,2,9,0,18,0,0,0,0,0,0,4,1,6,2,9,1951,2,9,5,3
201350BE2C001,1,9,0,9,0,1,0,0,0,0,1,1,6,1,10,-1,-1,-1,5,2
201350BE2C001,2,9,0,18,0,1,0,0,0,0,1,1,1,1,9,-1,-1,-1,5,2
201350BE2C002,1,9,0,16,0,0,2,0,0,0,1,1,1,2,5,1124,1,13,2,2
201350BE2D001,1,17,0,18,0,0,0,0,1,11,1,1,1,1,9,-1,2,20,4,3
201350BE2D002,1,9,0,17,0,0,1,0,0,3,4,1,6,1,10,1587,1,11,5,3
201350BE2F001,1,9,0,9,0,6,0,0,7,0,2,1,6,2,9,1339,1,10,5,3
201350BE2F001,2,9,0,16,0,1,0,0,1,0,1,1,6,1,11,-1,-1,-1,4,3
201350BE2F002,1,9,0,16,0,0,5,0,1,10,2,1,6,1,5,1590,1,19,4,3
201350BE2F004,1,9,0,18,0,1,0,0,0,0,1,1,6,1,6,2198,1,9,4,3
201350BE2F004,2,9,0,10,0,5,0,0,0,0,2,1,6,2,7,2171,2,10,5,1
201350BE2F005,1,5,0,17,0,0,0,0,1,1,1,1,6,1,8,1100,1,21,5,2
201350BE2F005,2,9,0,18,0,0,0,0,0,0,0,1,6,1,8,1781,1,11,-1,-1
201350BE2F006,1,9,0,16,0,1,0,0,0,0,1,1,6,2,10,2199,2,-1,4,2
201350BE2F006,2,9,0,16,0,1,0,0,0,3,1,1,6,1,9,1598,1,5,6,1
201350BE2G002,1,9,0,17,0,0,0,0,0,0,1,1,6,1,4,973,1,12,5,3
201350BE2G002,2,9,0,16,0,0,0,0,0,0,1,1,6,2,6,1390,1,12,4,3
201350BE2G003,1,9,0,16,0,1,0,0,0,0,1,1,6,2,7,1598,1,6,5,2
201350BE2G003,2,9,0,9,0,6,0,0,0,0,3,1,1,2,6,1108,1,7,8,2
201350BE2H001,1,9,0,18,0,0,0,0,0,0,3,1,6,2,11,1240,1,10,7,2
201350BE2H001,2,9,0,18,0,0,0,0,0,0,3,1,6,1,9,1199,2,2,1,1
201350BE2H002,1,9,0,18,0,0,0,0,0,0,3,1,6,1,9,1896,2,6,-1,-1
201350BE2H003,1,9,0,16,0,0,0,0,0,0,0,1,1,2,7,-1,-1,-1,5,3
201350BE2H003,2,9,0,16,0,0,0,0,0,0,1,1,6,1,7,1598,1,10,1,1
201350BE2H003,3,9,0,16,0,0,0,0,0,0,1,1,6,1,10,999,1,1,5,1
201350BE2H006,1,9,0,5,0,1,0,0,0,0,4,1,1,1,8,1596,1,3,4,2
201350BE2H007,1,9,0,18,0,0,0,0,0,0,4,1,6,3,10,1339,1,2,4,3
201350BE2H009,1,9,0,18,0,0,0,0,0,0,1,1,6,1,9,2494,1,15,3,1
201350BE2H009,2,9,0,18,0,0,0,0,0,0,1,1,1,1,-1,2204,2,6,4,3
201350BE2H012,1,9,0,9,0,8,0,0,0,0,1,1,6,1,11,1796,1,15,4,2
201350BE2H012,2,9,0,17,0,1,0,0,7,10,1,1,6,1,6,1242,1,2,4,3
201350BE2I004,1,9,0,17,0,0,5,0,0,10,4,1,6,2,5,1299,1,13,4,3
201350BE2I005,1,9,0,18,0,1,0,0,0,0,1,1,6,1,10,1560,2,4,4,3
201350BE2I005,2,2,0,10,0,1,0,0,0,0,2,1,6,1,4,50,1,4,4,3
201350BE2J002,1,9,0,4,0,0,0,0,0,0,1,1,6,2,9,1596,1,16,3,3
201350BE2J002,2,9,0,3,0,0,0,0,0,0,1,1,6,1,7,1997,2,5,8,1
201350BE2J003,1,19,0,9,0,6,0,0,0,0,1,1,6,3,-1,2686,2,11,-1,-1
201350BE2J003,2,8,0,18,0,8,0,0,2,10,3,1,1,1,8,1896,2,11,5,3
201350BL2B001,1,9,0,18,0,0,0,0,0,0,1,1,6,1,11,1242,1,12,4,3
201350BL2B001,2,9,0,2,0,0,0,0,0,0,1,1,6,1,6,-1,-1,-1,4,2
201350BL2B001,3,9,0,2,0,0,0,0,0,0,2,1,6,1,6,-1,-1,-1,5,3
201350BL2B002,1,9,0,16,0,0,1,0,0,0,3,1,1,2,6,1905,2,16,5,3
201350BL2B002,2,9,0,17,0,0,0,0,1,10,3,1,2,1,7,-1,-1,-1,5,3
201350BL2D001,1,9,0,16,0,0,2,0,0,10,1,1,1,1,8,2831,2,14,4,3
201350BL2F002,1,9,0,18,0,1,0,0,0,0,1,1,6,1,11,1584,1,8,7,2
201350BL2F002,2,9,0,3,0,1,0,0,0,0,2,1,6,2,7,1199,2,-1,6,2
201350BL2F002,3,9,0,10,0,5,0,0,0,0,2,1,6,2,6,1997,2,12,-1,-1
201350BL2G002,1,9,0,16,0,0,2,0,2,10,3,1,6,1,5,1398,2,9,4,2
201350BL2G002,2,9,0,17,0,0,0,0,0,0,3,1,6,2,7,1198,1,2,4,3
201350BL2H001,1,9,0,13,0,1,0,0,0,0,1,1,1,1,8,2967,1,7,8,3
201350BL2H001,2,9,0,9,0,1,0,0,0,0,2,1,6,1,8,1360,1,14,5,2
201350BL2I001,1,9,0,16,0,8,1,10,2,0,1,1,6,1,7,2495,2,17,4,2
201350BL2I001,2,21,1,17,0,8,3,0,1,0,1,1,6,1,8,10837,2,1,4,3
201350BL2K001,1,9,0,4,0,1,0,0,0,0,1,1,6,1,-1,1753,2,9,5,3
201350BL2K001,2,9,0,3,0,1,0,0,0,0,2,1,6,2,6,1753,2,11,4,3
201350BL2K002,1,21,1,18,0,0,0,0,0,0,1,1,1,1,8,12777,2,5,4,1
201350BL2K006,1,9,0,18,0,2,0,0,0,0,1,1,6,1,-1,-1,-1,-1,4,3
201350BL2K006,2,9,0,18,0,1,0,0,0,0,4,1,6,2,9,1198,1,2,3,1
201350BL2K008,1,9,0,9,0,1,0,0,0,0,1,1,6,1,10,-1,-1,-1,5,3
201350BL2K008,2,4,0,18,0,1,0,0,0,0,4,1,1,1,4,-1,-1,-1,4,3
201350BL2K009,1,9,0,18,0,0,0,0,0,0,0,1,6,3,-1,-1,-1,-1,-1,-1
201350BL2K011,1,9,0,3,0,8,0,0,0,0,1,1,6,2,4,1389,1,17,4,2
201350BL2K011,2,9,0,3,0,3,0,0,0,0,2,1,6,2,6,1868,2,14,4,3
201350BL2K014,1,9,0,18,0,0,0,0,0,0,4,1,6,3,-1,-1,-1,-1,-1,-1
201350BL2K015,1,9,0,18,0,0,0,0,0,0,1,1,6,3,-1,-1,-1,-1,-1,-1
201350BL2K016,1,9,0,16,0,8,5,0,8,10,1,1,6,2,4,1360,1,10,5,3
201350BL2K018,1,9,0,9,0,1,0,0,0,0,0,1,1,1,6,1951,2,8,4,2
201350BL2K018,2,1,0,18,0,1,2,0,0,0,0,1,1,1,8,-1,-1,-1,4,2
201350BL2K019,1,9,0,4,0,1,0,0,0,0,0,1,6,2,7,998,1,5,4,3
201350BL2K019,2,9,0,4,0,1,1,0,0,0,2,1,6,1,8,-1,-1,-1,-1,-1
201350BL2K022,1,9,0,1,0,0,0,0,0,0,0,1,6,1,11,1124,1,11,4,2
201350BL2K026,1,9,4,7,0,8,3,0,0,0,2,1,1,1,7,-1,-1,-1,6,1
201350BL2K026,2,9,4,7,0,8,3,7,1,10,1,1,6,1,10,-1,-1,-1,5,3
201350BL2K027,1,9,0,9,0,5,0,0,0,0,0,1,6,1,9,1560,2,6,3,2
201350BL2K027,2,9,0,18,0,5,0,0,0,0,0,1,6,1,4,-1,-1,-1,4,3
201350BL2K029,1,9,0,18,0,2,0,0,0,0,0,1,6,2,8,-1,-1,-1,-1,-1