Accident_Index,Vehicle_Reference,Vehicle_Type,Towing_and_Articulation,Vehicle_Manoeuvre,Vehicle_Location-Restricted_Lane,Junction_Location,Skidding_and_Overturning,Hit_Object_in_Carriageway,Vehicle_Leaving_Carriageway,Hit_Object_off_Carriageway,1st_Point_of_Impact,Was_Vehicle_Left_Hand_Drive?,Journey_Purpose_of_Driver,Sex_of_Driver,Age_Band_of_Driver,Engine_Capacity_(CC),Propulsion_Code,Age_of_Vehicle,Driver_IMD_Decile,Driver_Home_Area_Type
201350BL2K029,2,9,0,10,0,2,0,0,0,0,0,1,6,1,8,1995,1,6,6,1
201350BL2K031,1,9,0,5,0,1,0,0,0,0,1,1,6,1,6,1299,1,16,5,2
201350BL2K031,2,9,0,18,0,1,0,0,0,0,1,1,6,2,7,1598,1,11,3,2
201350BL2K033,1,9,0,18,0,7,0,0,0,0,1,1,6,1,11,1596,1,1,4,3
201350BL2K033,2,9,0,8,0,7,0,0,0,0,2,1,1,2,6,1560,2,4,4,2
201350BL2K034,1,19,0,1,0,0,0,0,0,0,2,1,1,1,10,2148,2,5,4,3
201350BL2K035,1,9,0,18,0,4,1,0,3,1,1,1,6,1,5,2979,1,4,4,3
201350BL2K036,1,9,0,17,0,0,1,0,7,0,0,1,6,2,4,1390,1,1,4,2
201350BL2K037,1,9,0,18,0,2,0,0,0,0,4,1,1,2,7,2993,2,2,5,1
201350BL2K041,1,9,0,18,0,4,0,0,0,0,1,1,6,2,4,1896,2,9,5,3
201350BL2K045,1,9,0,18,0,8,0,10,7,1,1,1,6,1,7,1598,1,12,6,2
201350BL2K045,2,9,0,9,0,8,0,10,3,1,3,1,1,1,7,-1,-1,-1,4,3
201350BL2K047,1,9,0,18,0,8,0,0,0,0,1,1,6,1,6,2598,1,18,4,1
201350BL2K050,1,9,0,17,0,3,1,7,8,1,1,1,6,1,5,2793,1,18,5,3
201350BL2K051,1,9,0,18,0,0,0,0,0,0,2,1,6,2,4,1560,2,4,5,2
201350BL2K051,2,9,0,18,0,0,0,0,0,0,1,1,6,1,-1,1598,1,11,4,3
201350BL2K052,1,9,0,17,0,0,1,0,7,4,4,1,2,1,6,-1,-1,-1,4,1
201350BL2K055,1,19,0,18,0,0,0,0,0,0,1,1,1,1,8,2198,2,2,3,3
201350BL2K055,2,19,0,18,0,0,0,0,0,0,1,1,1,1,7,2148,2,5,8,2
201350BL2K055,3,9,0,18,0,0,0,0,0,0,1,1,2,2,7,1124,1,16,3,2
201350BL2L002,1,5,0,16,0,0,1,0,0,0,4,1,6,1,8,1000,1,1,5,1
201350BL2L003,1,9,0,18,0,1,0,12,0,0,1,1,6,1,9,1598,1,11,-1,3
201350BL2L003,2,9,0,18,0,1,0,0,0,0,1,1,6,1,5,1108,1,9,6,2
201350BL2L003,3,9,0,18,0,1,0,12,0,0,1,1,6,1,10,1598,1,3,4,1
201350BL2L003,4,9,0,18,0,1,0,12,0,0,1,1,6,1,6,1368,1,4,8,1
201350BL2L003,5,21,1,18,0,1,0,12,0,0,1,1,6,1,9,12900,2,6,5,1
201350BL2L005,1,9,0,13,0,1,1,0,3,10,4,1,1,2,4,1200,1,11,6,3
201350BL2L005,2,9,0,10,0,1,0,0,0,0,3,1,1,1,6,-1,-1,-1,4,3
201350BL2L006,1,9,0,13,0,0,0,0,0,0,1,1,6,1,7,1686,2,-1,7,1
201350BL2L006,2,9,0,18,0,0,2,0,1,0,2,1,6,2,5,1242,1,16,5,3
201350BL2L006,3,9,0,18,0,0,0,0,0,0,4,1,6,2,8,2488,2,7,7,3
201350BL2L007,1,9,0,18,0,0,0,0,0,0,1,1,6,1,4,1124,1,14,4,3
201350BL2L007,2,9,0,18,0,0,0,0,0,0,1,1,6,2,8,3947,1,14,4,3
201350BL2L008,1,9,0,18,0,0,5,0,2,11,1,1,2,1,5,2495,2,16,4,3
201350BL2L011,1,9,0,16,0,0,2,0,4,4,3,1,6,1,7,1299,1,13,2,1
201350BL2L013,1,9,0,18,0,0,0,0,1,9,1,1,1,1,8,-1,-1,-1,2,1
201350BL2L013,2,9,0,18,0,0,0,0,0,0,0,1,6,3,-1,-1,-1,-1,-1,-1
201350BL2L014,1,9,0,11,0,0,0,0,0,0,1,1,6,1,11,1598,2,2,10,1
201350BL2L014,2,17,4,18,0,0,5,0,6,6,2,1,1,1,5,4525,2,1,5,3
201350BL2L015,1,9,0,18,0,0,0,0,0,0,0,1,6,1,11,1995,1,13,4,3
201350BL2L016,1,9,0,18,0,0,1,0,2,0,1,1,6,1,9,1596,1,4,6,1
201350BL2L016,2,9,0,18,0,0,2,0,1,4,1,1,6,1,5,1248,2,-1,8,1
201350BL2L016,3,9,0,18,0,0,0,0,5,6,1,1,6,2,6,1968,2,4,5,2
201350BL2L016,4,9,0,18,0,0,1,0,6,6,0,1,6,1,5,1998,1,15,-1,-1
201350BL2L016,5,9,0,18,0,0,1,0,6,0,0,1,6,2,11,1796,1,5,4,3
201350BL2L016,6,9,0,18,0,0,0,0,0,0,0,1,6,1,7,1248,2,5,2,1
201350BL2L017,1,9,0,18,0,0,2,0,1,0,1,1,6,1,10,1560,2,1,8,2
201350BL2L017,2,9,0,18,0,0,1,0,4,0,1,1,6,2,11,3456,1,7,-1,1
201350BL2M001,1,21,1,18,0,0,0,0,0,0,2,1,1,1,8,12780,2,4,9,1
201350BL2M001,2,9,0,2,0,0,0,0,0,0,0,1,6,1,11,1892,1,-1,7,2
201350BL2M002,1,9,3,18,0,0,2,0,6,6,1,1,6,1,9,2982,2,16,9,1
201350BL2M003,1,9,0,16,0,0,0,0,0,0,4,1,6,1,8,1242,1,2,5,2
201350BL2M005,1,9,0,18,0,0,0,0,4,6,1,1,6,1,10,2985,1,41,4,3
201350BL2M006,1,9,0,9,0,6,0,0,7,0,1,1,3,2,7,-1,-1,-1,4,3
201350BL2M006,2,21,0,18,0,8,0,0,0,0,3,1,1,1,7,12130,2,8,7,2
201350BL2N001,1,9,0,17,0,0,5,0,1,7,1,1,6,2,7,1298,1,6,2,1
201350BL2N002,1,9,0,18,0,0,1,0,1,9,1,1,6,2,4,998,1,16,4,3
201350BL2N003,1,9,0,18,0,0,5,0,0,0,1,1,6,1,6,1242,1,13,1,1
201350BL2N004,1,9,0,9,0,6,0,0,0,0,0,1,6,1,9,1995,1,6,5,3
201350BL2N004,2,1,0,18,0,1,2,0,0,0,0,1,6,1,7,-1,-1,-1,4,2
201350BL2N006,1,9,0,16,0,0,1,0,1,10,1,1,6,2,7,1998,1,9,9,2
201350BL2N007,1,9,0,13,0,0,0,0,0,0,1,1,6,2,4,1124,1,9,5,3
201350BL2N007,2,9,0,18,0,0,0,0,0,0,2,1,6,1,7,-1,-1,-1,1,1
201350BL2N010,1,8,0,17,0,1,1,0,7,9,4,1,1,1,8,1997,2,5,5,3
201350BL2O001,1,9,0,9,0,8,0,0,0,0,1,1,6,2,7,1799,1,5,4,3
201350BL2O001,2,9,0,18,0,8,0,0,0,0,1,1,2,1,8,1598,1,1,4,3
201350BL2O002,1,9,0,18,0,0,5,0,0,0,4,1,2,1,5,-1,-1,-1,5,3
201350BL2P001,1,17,0,18,0,0,0,0,0,0,0,1,1,1,8,3990,2,12,4,3
201350BL2P001,2,16,0,18,0,0,0,0,0,0,0,1,6,2,8,-1,-1,-1,5,3
201350BL2Q002,1,3,0,16,0,0,5,0,0,0,1,1,6,1,5,123,1,20,7,3
201350BL2Q002,2,9,0,3,0,0,0,0,0,0,2,1,6,1,11,1998,1,15,2,2
201350BL2Q002,3,9,0,17,0,0,0,0,0,0,1,1,6,2,10,1995,2,1,5,3
201350BL2Q002,4,9,0,3,0,0,0,0,0,0,2,1,6,1,5,998,1,1,10,2
201350BL2Q003,1,9,0,18,0,0,0,0,0,0,1,1,1,2,8,698,1,10,5,2
201350BL2Q003,2,9,0,18,0,0,0,0,0,0,3,1,1,2,8,1997,2,11,4,2
201350BL2Q004,1,9,0,17,0,2,1,0,2,10,3,1,2,1,7,1299,1,13,3,1
201350BL2Q006,1,9,0,18,0,0,1,0,1,0,1,1,6,1,5,1798,1,33,9,1
201350BL2Q007,1,9,0,16,0,0,0,0,0,0,1,1,6,1,9,1299,1,7,3,1
201350BL2Q007,2,21,0,17,0,0,0,0,0,0,1,1,1,1,7,6871,2,11,5,2
201350BL2Q008,1,9,0,7,0,6,0,0,0,0,1,1,2,2,7,1598,1,4,5,3
201350BL2Q008,2,9,0,18,0,1,0,0,0,0,1,1,2,1,6,-1,-1,-1,5,3
201350BL2Q009,1,9,0,4,0,0,1,0,0,0,1,1,1,1,8,-1,-1,-1,1,1
201350BL2Q009,2,9,0,16,0,0,0,0,0,0,1,1,6,2,6,1400,2,13,4,3
201350BL2Q010,1,9,0,16,0,1,1,6,7,9,3,1,6,1,5,1422,2,11,5,2
201350BL2Q012,1,9,0,10,0,8,0,0,0,0,2,1,6,1,8,1362,1,-1,5,3
201350BL2Q012,2,9,0,18,0,1,0,0,0,0,1,1,6,1,8,3950,1,11,5,3
201350BL2Q012,3,19,0,18,0,8,0,0,0,0,1,1,1,1,7,2461,2,6,4,3
201350BL2Q012,4,9,0,18,0,8,0,0,7,0,3,1,6,1,8,1360,1,5,-1,1
201350BN2B001,1,9,0,9,0,8,0,0,0,0,1,1,6,2,5,1360,1,13,2,1
201350BN2B001,2,9,0,18,0,8,0,0,1,11,1,1,1,1,4,-1,-1,-1,5,3
201350BN2B002,1,9,0,16,0,1,0,0,0,0,1,1,6,1,8,1587,1,11,4,3
201350BN2B002,2,9,0,17,0,2,0,0,0,0,1,1,6,1,6,1840,1,11,4,2
201350BN2B004,1,9,0,5,0,1,0,0,0,0,1,1,6,2,-1,1242,1,-1,-1,-1
201350BN2B004,2,9,0,18,0,1,0,0,0,0,1,1,6,2,7,1868,2,14,5,3
201350BN2B005,1,9,0,5,0,6,0,0,0,0,1,1,6,2,11,1398,2,8,5,3
201350BN2B005,2,9,0,18,0,1,0,0,2,11,3,1,1,1,9,1997,2,11,7,3
201350BN2B005,3,9,0,18,0,1,0,0,0,0,1,1,6,1,7,1229,1,8,4,2
201350BN2B007,1,9,0,18,0,1,0,0,0,0,1,1,6,2,5,1299,1,14,2,1
201350BN2B007,2,9,0,4,0,1,0,0,0,0,2,1,6,1,-1,1995,2,6,5,3
201350BN2B008,1,9,0,18,0,1,0,0,0,0,3,1,3,2,7,2495,2,10,7,3
201350BN2B009,1,3,0,18,0,0,0,0,1,0,0,1,1,1,5,124,1,-1,5,3
201350BN2B009,2,8,0,18,0,0,0,0,0,0,0,1,1,3,-1,-1,-1,-1,-1,-1
201350BN2B010,1,9,0,18,0,0,5,0,1,3,1,1,6,2,7,1997,2,10,5,3
201350BN2B012,1,2,0,4,0,1,1,0,0,0,1,1,6,2,4,49,1,12,4,3
201350BN2B012,2,9,0,18,0,1,0,0,0,0,1,1,6,2,7,1560,2,3,5,3
201350BN2B013,1,9,0,18,0,1,0,0,0,0,1,1,1,1,5,-1,-1,-1,5,3
201350BN2B013,2,9,0,18,0,2,0,0,0,0,1,1,2,2,5,-1,-1,-1,4,1
201350BN2B014,1,9,0,13,0,0,0,0,0,0,1,1,6,1,6,2496,2,14,7,2
201350BN2B014,2,9,0,18,0,0,0,0,0,0,3,1,6,1,7,1149,1,7,9,1
201350BN2B015,1,9,0,18,0,0,1,12,1,3,1,1,6,2,4,1598,1,6,7,2
201350BN2D003,1,9,0,18,0,0,2,0,0,10,1,1,1,1,7,1399,1,10,5,3
201350BN2D005,1,9,0,18,0,1,0,0,0,0,2,1,6,1,8,1560,2,3,7,3
201350BN2D005,2,9,0,18,0,1,0,0,0,0,2,1,6,1,4,1149,1,9,7,2
201350BN2D005,3,9,0,18,0,1,0,0,0,0,2,1,6,1,6,2000,2,9,6,2
201350BN2D005,4,9,0,18,0,1,0,0,0,0,0,1,6,1,4,1149,1,12,6,2
201350BN2D005,5,9,0,18,0,1,0,0,0,0,0,1,6,2,7,1995,2,11,5,3
201350BN2D007,1,19,0,18,0,0,0,0,0,0,1,1,6,3,-1,-1,-1,-1,-1,-1
201350BN2D009,1,19,0,4,0,0,0,0,0,0,4,1,1,1,5,2143,2,3,6,1
201350BN2D010,1,19,0,1,0,2,0,0,0,0,2,1,1,1,7,2143,2,3,5,1
201350BN2D010,2,3,0,4,0,2,0,0,0,0,1,1,2,1,5,124,1,1,7,2
201350BN2D011,1,19,0,3,0,1,0,0,0,0,2,1,6,1,10,1870,2,9,5,3
201350BN2D011,2,9,0,18,0,1,0,0,0,0,1,1,6,1,-1,2393,1,4,5,3
201350BN2D012,1,4,0,13,0,0,0,0,0,0,4,1,1,1,5,296,1,-1,5,3
201350BN2D012,2,21,0,7,0,0,0,0,0,0,3,1,1,1,5,12419,2,2,7,2
201350BN2D012,3,9,0,3,0,0,0,0,0,0,3,1,2,1,5,1686,2,17,5,3
201350BN2D012,4,9,0,8,0,0,0,0,0,0,1,1,2,1,7,1590,1,9,8,1
201350BN2D014,1,9,0,9,8,0,0,0,0,0,1,2,2,1,5,-1,-1,-1,-1,-1
201350BN2D014,2,9,0,16,0,0,0,0,7,9,1,1,6,1,8,-1,-1,-1,5,3
201350BN2D016,1,9,0,18,0,0,2,0,2,10,3,1,6,2,4,1396,1,16,3,2
201350BN2D017,1,9,0,16,0,0,5,0,1,9,1,1,6,1,5,1796,1,9,7,2
201350BN2D018,1,9,0,18,0,4,0,0,0,0,1,1,6,1,10,2987,2,5,6,2
201350BN2D018,2,19,0,18,0,8,5,0,0,0,4,1,1,1,8,1997,2,9,7,2
201350BN2E002,1,9,0,18,0,0,0,0,7,11,1,1,2,2,4,1389,1,16,7,3
201350BN2E004,1,9,0,9,0,5,0,0,0,0,3,1,6,2,11,1597,1,13,7,3
201350BN2E004,2,9,0,18,0,8,0,0,0,0,1,1,6,2,5,338,1,14,1,1
201350BN2E005,1,9,0,18,0,1,0,0,0,0,1,1,3,2,7,1905,2,16,4,1
201350BN2E005,2,9,0,10,0,1,0,0,0,0,2,1,1,2,-1,1299,1,11,6,2
201350BN2E007,1,5,0,17,0,0,0,0,0,0,1,1,6,1,8,598,1,21,4,2
201350BN2E007,2,9,0,16,0,0,0,0,0,0,1,1,2,2,7,1368,1,6,5,3
201350BN2E008,1,9,0,5,0,6,0,0,0,0,1,1,6,1,4,1587,1,14,7,3
201350BN2E008,2,9,0,18,0,1,5,0,1,9,1,1,6,1,6,1951,2,10,4,3
201350BN2E009,1,9,0,18,0,6,0,0,0,0,4,1,6,1,11,1396,1,12,-1,-1
201350BN2E009,2,9,0,18,0,1,0,0,0,0,1,1,6,1,5,1242,1,15,7,1
201350BN2E010,1,9,0,16,0,0,0,0,7,2,3,1,6,1,4,998,1,15,3,2
201350BN2E010,2,9,0,17,0,0,0,0,0,0,4,1,6,2,7,1997,2,9,4,2
201350BN2E011,1,2,0,7,0,8,0,0,0,0,1,1,6,1,4,-1,-1,-1,7,3
201350BN2E011,2,19,0,17,0,1,0,0,0,0,1,1,6,1,8,1995,2,2,7,3
201350BN2E012,1,9,0,18,0,1,0,0,0,10,1,1,6,1,6,1984,1,18,4,2
201350BN2E013,1,9,0,16,0,0,0,0,0,0,1,1,6,2,5,1600,1,15,3,2
201350BN2E014,1,9,0,18,0,0,1,0,7,11,1,1,6,1,5,1396,1,16,4,3
201350BN2E014,2,9,0,18,0,0,0,0,0,0,1,1,6,1,7,1753,2,7,7,3
201350BN2E015,1,4,0,4,0,0,0,0,0,0,1,1,6,1,4,399,1,17,3,2
201350BN2E015,2,9,0,18,0,0,0,0,0,0,2,1,6,1,4,1596,1,10,3,2
201350BN2E015,3,11,0,18,0,0,0,0,0,0,0,1,1,1,9,4249,2,7,2,2
201350BS2A002,1,9,0,18,0,4,0,0,0,0,1,1,6,1,5,-1,-1,-1,9,1
201350BS2A002,2,9,0,8,0,3,0,0,0,0,2,1,6,2,5,1560,2,8,4,2
201350BS2A003,1,10,0,16,0,0,0,0,0,0,1,1,1,1,8,4250,2,15,4,1
201350BS2A003,2,1,0,16,0,0,0,0,0,0,3,1,6,1,-1,-1,-1,-1,7,1
201350BS2A004,1,9,0,18,0,0,1,0,0,0,1,1,6,1,9,1800,1,14,2,1
201350BS2A004,2,9,0,13,0,0,1,0,7,0,1,1,6,1,7,2902,2,10,4,1
201350BS2A005,1,9,0,4,0,0,0,0,0,0,1,1,1,1,7,-1,-1,-1,4,3
201350BS2A005,2,9,0,4,0,0,0,0,0,0,2,1,1,1,7,1560,2,7,4,3
201350BS2A006,1,9,0,18,0,0,2,0,0,0,1,1,6,1,4,1360,1,5,10,1
201350BS2A008,1,9,0,16,0,0,2,0,7,11,1,1,6,1,6,1896,2,12,6,3
201350BS2A009,1,19,0,1,0,0,0,0,1,11,4,1,1,1,9,2143,2,3,4,1
201350BS2A009,2,21,0,3,0,0,0,0,0,0,0,1,1,1,6,11600,2,16,6,3
201350BS2A010,1,9,0,3,0,0,0,0,0,0,0,1,6,2,6,1149,1,10,5,1
201350BS2A010,2,9,0,3,0,0,0,0,0,0,0,1,6,2,8,1968,2,4,5,3
201350BS2A011,1,9,0,17,0,0,0,0,2,4,4,1,6,1,5,1895,1,13,3,1
201350BS2A013,1,5,0,16,0,0,0,0,7,4,1,1,6,1,9,645,1,11,7,2
201350BS2A013,2,9,0,17,0,0,0,0,0,0,0,1,6,1,5,1299,1,15,6,3
201350BS2A014,1,9,0,17,0,0,1,0,0,0,2,1,2,1,6,1781,1,10,6,1
201350BS2A014,2,9,0,16,0,0,0,0,0,0,1,1,2,1,8,1895,1,12,3,1
201350BS2A014,3,20,0,16,0,0,0,0,0,0,1,1,1,1,8,2998,2,-1,4,1
201350BS2A015,1,9,0,7,0,6,0,0,0,0,1,1,6,1,-1,1242,1,-1,-1,-1
201350BS2A015,2,9,0,18,0,1,2,0,0,0,1,1,6,1,7,-1,-1,-1,8,2
201350BS2A016,1,9,0,9,0,0,0,0,0,0,4,1,6,1,7,2261,1,11,8,2
201350BS2A016,2,9,0,18,0,0,0,0,0,0,1,1,1,1,5,-1,-1,-1,4,3
201350BS2A017,1,9,0,16,0,0,2,0,1,0,4,1,6,2,5,1360,1,9,3,2
201350BS2A019,1,9,0,18,0,0,1,0,0,0,1,1,2,1,6,1360,1,12,5,3
201350BS2A019,2,9,0,18,0,0,0,0,0,0,2,1,2,1,6,1968,2,5,2,1
201350BS2A020,1,5,0,15,0,0,1,0,1,0,1,1,6,1,4,748,1,12,4,1
201350BS2A020,2,9,0,16,0,0,0,0,0,0,1,1,6,2,7,-1,-1,-1,-1,-1
201350BS2A021,1,3,0,16,0,0,0,10,1,0,1,1,2,1,4,102,1,6,4,3
201350BS2A022,1,9,0,18,0,0,0,0,7,10,1,1,6,1,10,2922,1,16,9,3
201350BS2A022,2,9,0,18,0,0,0,0,7,10,1,1,6,1,8,2204,2,7,8,3
201350BS2B001,1,9,0,4,0,0,0,0,0,0,1,1,6,2,5,1995,2,7,4,2
201350BS2B001,2,9,0,4,0,0,0,0,0,0,4,1,6,1,7,1598,2,2,5,1
201350BS2B003,1,9,0,17,0,0,0,0,0,0,1,1,6,1,6,1598,1,15,3,1
201350BS2B003,2,9,0,16,0,0,0,0,0,0,1,1,6,1,4,1124,1,17,2,1
201350BS2B004,1,9,0,18,0,0,5,0,7,1,1,1,6,1,5,1997,1,11,2,2
201350BS2B005,1,9,0,4,0,1,0,0,0,0,2,1,6,1,10,2926,2,11,9,1
201350BS2B005,2,21,1,17,0,1,0,0,0,0,1,1,1,1,6,-1,-1,-1,5,3
201350BS2B005,3,9,0,4,0,1,0,0,0,0,2,1,6,1,10,1598,1,12,7,1
201350BS2C001,1,1,0,18,0,0,0,0,0,0,1,1,6,1,-1,-1,-1,-1,10,1
201350BS2C001,2,9,0,3,0,0,0,0,0,0,2,1,6,1,8,1994,2,3,7,1
201350BS2C003,1,9,0,18,0,0,0,4,7,2,1,1,6,1,9,-1,-1,-1,3,1
201350BS2C003,2,9,0,2,0,0,0,0,7,0,2,1,6,1,8,1948,1,16,3,1
201350BS2C004,1,9,0,18,0,4,0,0,0,0,1,1,6,1,-1,1598,1,8,-1,-1
201350BS2C004,2,1,0,18,0,8,0,0,0,0,1,1,2,1,7,-1,-1,-1,8,1
201350BS2C005,1,9,0,3,0,0,0,0,0,0,1,1,6,2,6,1398,2,7,5,1
201350BS2C005,2,9,0,3,0,0,0,0,0,0,2,1,6,1,7,1798,1,7,1,1
201350BS2C006,1,9,0,17,0,0,0,0,0,0,1,1,1,1,6,2199,2,2,8,1
201350BS2C006,2,9,0,17,0,0,0,0,0,0,2,1,3,2,6,1198,1,2,6,3
201350BS2C011,1,9,0,18,0,0,1,4,7,0,1,1,6,2,6,-1,-1,-1,7,2
201350BS2C011,2,9,0,2,0,0,0,0,0,0,2,1,6,2,-1,2685,2,11,3,1
201350BS2C012,1,11,0,13,0,0,0,0,0,0,4,1,1,1,9,5900,2,15,4,1
201350BS2C012,2,1,0,18,0,0,0,0,0,0,1,1,6,1,7,-1,-1,-1,4,1
201350BS2C013,1,1,0,18,0,1,0,0,0,0,1,1,6,1,4,-1,-1,-1,3,1
201350BS2C013,2,9,0,8,0,1,0,0,0,0,1,1,2,2,-1,1951,2,12,6,3
201350BS2C014,1,3,0,18,0,0,1,0,0,0,4,1,2,2,6,125,1,2,7,1
201350BS2C015,1,21,0,6,0,7,0,0,0,0,3,1,1,1,9,11967,2,3,10,1
201350BS2C015,2,19,0,18,0,1,1,0,0,0,1,1,1,1,5,2800,2,13,3,1
201350BS2C016,1,9,0,2,0,0,0,0,0,0,0,1,6,2,10,1799,1,15,7,1
201350BS2C016,2,1,0,4,5,0,0,0,0,0,0,1,2,1,7,-1,-1,-1,8,3
201350BS2D001,1,19,0,18,0,0,0,0,1,2,1,1,1,1,6,2488,2,1,3,1
201350BS2E001,1,9,0,18,0,0,0,0,0,0,2,1,6,2,4,1124,1,13,3,2
201350BS2E001,2,9,0,18,0,0,0,0,0,0,1,1,6,2,7,1598,1,10,9,1
201350BS2F004,1,9,0,7,0,2,0,4,0,0,1,1,3,2,6,1997,2,10,8,2
201350BS2F004,2,9,0,2,0,1,0,0,0,0,2,1,6,2,7,1149,1,12,7,1
201350BS2F005,1,9,0,18,0,0,0,0,7,3,1,1,3,2,7,996,1,2,8,2
201350BS2F006,1,9,0,4,0,8,0,0,0,0,3,1,3,2,8,1598,1,4,7,1
201350BS2G001,1,5,0,13,0,4,0,0,1,1,1,1,6,1,8,998,1,22,3,1
201350BS2G001,2,9,0,18,0,3,0,0,0,0,3,1,6,1,7,1389,1,19,2,2
201350BS2G003,1,9,0,18,0,0,0,0,0,0,1,1,2,2,5,1596,1,12,4,1
201350BS2G005,1,9,0,9,0,1,0,0,0,0,1,1,6,2,7,-1,-1,-1,8,3
201350BS2G005,2,9,0,18,0,1,0,0,0,0,1,1,6,2,7,-1,-1,-1,7,1
201350BS2G007,1,9,0,9,0,6,0,0,0,0,1,1,6,1,11,1198,1,4,2,2
201350BS2G007,2,9,0,18,0,8,2,0,7,0,1,1,6,1,7,1149,1,8,8,1
201350BS2G008,1,9,0,2,0,0,0,0,0,0,3,1,6,2,8,3700,1,11,6,3
201350BS2G008,2,9,0,18,0,0,1,4,0,0,4,1,6,2,8,1388,1,10,6,2
201350BS2G008,3,9,0,18,0,0,1,0,0,0,1,1,6,1,7,1995,1,9,7,1
201350BS2G008,4,9,0,18,0,0,0,4,0,0,1,1,6,2,9,973,1,13,7,1
201350BS2G008,5,9,0,2,0,0,0,0,0,0,3,1,6,1,4,1124,1,12,8,2
201350BS2G008,6,9,0,2,0,0,0,0,0,0,1,1,6,1,4,1390,1,8,8,2
201350BS2G009,1,9,0,18,0,8,0,0,0,0,3,1,6,1,10,2993,2,3,6,3
201350BS2G009,2,9,0,18,0,2,0,0,0,0,4,1,6,1,5,1598,1,2,3,1
201350BS2G012,1,9,0,5,0,2,0,0,0,0,1,1,6,2,8,1560,2,-1,7,1
201350BS2G012,2,9,0,18,0,1,0,0,0,0,1,1,6,1,8,1390,1,15,10,1
201350BS2G014,1,9,0,18,0,0,0,0,7,10,1,1,6,2,11,2400,2,6,6,2
201350BS2G014,2,9,0,18,0,0,0,0,0,0,3,1,6,1,8,1590,1,10,8,2
201350BS2G015,1,5,0,18,0,0,0,0,0,0,1,1,6,1,7,999,1,2,10,1
201350BS2G015,2,9,0,18,0,0,0,0,0,0,2,1,6,2,5,1000,1,13,4,3
201350BS2G015,3,9,0,18,0,0,0,0,1,0,1,1,6,1,6,1753,2,7,4,2
201350BS2G015,4,9,0,18,0,0,0,0,1,0,1,1,6,1,7,2148,2,9,9,3
201350BS2G015,5,9,0,18,0,0,0,0,0,0,0,1,6,1,7,-1,-1,-1,2,1
201350BS2G016,1,9,0,3,0,4,0,0,0,0,1,1,6,1,5,1242,1,13,4,1
201350BS2G016,2,1,0,18,0,8,0,0,0,0,1,1,1,1,-1,-1,-1,-1,7,1
201350BS2G017,1,5,0,18,0,4,0,0,0,0,4,1,6,1,4,599,1,4,7,1
201350BS2G017,2,21,0,18,0,8,0,0,0,0,2,1,1,1,6,6692,2,5,2,1
201350BS2G017,3,9,0,9,0,8,0,0,0,0,0,1,1,1,7,-1,-1,-1,6,1
201350BS2G019,1,9,0,9,0,4,0,0,0,0,1,1,6,1,9,1781,1,11,8,3
201350BS2G019,2,3,0,18,0,8,5,7,0,0,4,1,6,1,4,125,1,1,6,3
201350BS2G021,1,9,0,9,0,5,0,0,7,10,1,1,6,2,11,1198,1,8,3,2
201350BS2G021,2,9,0,18,0,1,0,0,1,10,1,1,6,1,10,1995,1,11,3,2
201350BS2G023,1,9,0,9,0,4,0,0,0,0,1,1,6,1,10,1598,1,12,4,1
201350BS2G023,2,1,0,18,0,8,0,0,0,0,1,1,6,1,4,-1,-1,-1,3,1
201350BS2G025,1,5,0,5,0,0,0,0,4,6,3,1,6,2,8,644,1,5,3,1
201350BS2G026,1,9,0,9,0,6,0,0,0,0,1,1,6,1,4,1389,1,15,10,1
201350BS2G026,2,19,0,18,0,1,0,0,0,0,4,1,1,1,9,2198,2,5,4,2
201350BS2G028,1,9,0,9,0,8,0,0,0,0,4,1,1,1,11,1590,1,10,8,2
201350BS2G028,2,1,0,18,0,8,0,0,0,0,1,1,6,2,6,-1,-1,-1,10,1
201350BS2G029,1,9,0,17,0,0,1,0,8,11,4,1,6,1,6,1896,1,14,3,1
201350BS2G032,1,9,0,18,0,0,0,10,1,4,1,1,6,1,11,988,1,27,6,1
201350BS2H001,1,9,0,18,0,0,0,0,0,0,1,1,6,2,10,1149,1,6,7,1
201350BS2H001,2,9,0,2,0,0,0,0,0,0,2,1,6,1,7,1988,1,14,7,1
201350BS2H001,3,9,0,2,0,0,0,0,0,0,1,1,6,2,7,1149,1,9,10,1
201350BS2H003,1,9,0,18,0,1,0,0,0,0,3,1,6,2,9,1995,2,5,7,1
201350BS2H003,2,1,0,7,0,1,0,0,0,0,1,1,6,1,3,-1,-1,-1,7,1
201350BS2H004,1,1,0,4,0,1,0,0,0,0,1,1,6,1,2,-1,-1,-1,10,1
201350BS2H004,2,9,0,17,0,1,0,0,0,0,4,1,6,2,6,1896,2,4,10,1
201350BS2H006,1,19,0,16,0,0,1,0,0,0,1,1,6,1,6,1870,2,12,8,3
201350BS2H006,2,9,0,17,0,0,1,0,0,0,1,1,6,1,6,-1,-1,-1,1,1
201350BS2K001,1,9,0,17,0,0,2,0,2,10,1,1,6,1,7,1596,1,11,7,2
201350BS2L001,1,9,0,18,0,0,0,0,0,0,1,1,6,1,10,1390,1,11,5,3
201350BS2L001,2,21,0,1,0,0,0,0,0,0,2,1,1,1,7,11705,2,11,7,2
201350BS2M001,1,9,0,5,0,0,0,0,0,10,1,1,6,2,7,1596,1,10,8,2
201350BS2M002,1,9,0,18,0,0,0,0,0,0,1,1,6,1,7,-1,-1,-1,7,2
201350BS2M002,2,9,0,3,0,0,0,0,0,0,2,1,6,1,8,1242,1,2,7,3
201350BS2M002,3,9,0,3,0,0,0,0,0,0,2,1,6,1,11,1997,2,6,7,3
201350BS2M004,1,4,0,13,0,1,0,0,0,0,1,1,6,1,8,-1,-1,-1,8,3
201350BS2M004,2,9,0,9,0,8,0,0,0,0,3,1,6,1,4,1248,2,8,6,3
201350BS2M005,1,9,0,4,0,1,0,0,0,0,1,1,1,1,5,-1,-1,-1,10,1
201350BS2M005,2,9,0,6,0,2,0,0,0,0,2,1,6,1,7,1997,2,-1,5,2