Accident_Index,Vehicle_Reference,Vehicle_Type,Towing_and_Articulation,Vehicle_Manoeuvre,Vehicle_Location-Restricted_Lane,Junction_Location,Skidding_and_Overturning,Hit_Object_in_Carriageway,Vehicle_Leaving_Carriageway,Hit_Object_off_Carriageway,1st_Point_of_Impact,Was_Vehicle_Left_Hand_Drive?,Journey_Purpose_of_Driver,Sex_of_Driver,Age_Band_of_Driver,Engine_Capacity_(CC),Propulsion_Code,Age_of_Vehicle,Driver_IMD_Decile,Driver_Home_Area_Type
201350CB2W006,1,9,0,4,0,1,0,0,0,0,1,1,6,2,8,1390,1,10,7,3
201350CB2W006,2,9,0,3,0,1,0,0,0,0,2,1,6,2,7,1753,2,6,5,1
201350CB2W007,1,9,0,9,0,1,0,0,0,0,1,1,6,3,8,1997,2,2,5,1
201350CB2W007,2,5,0,18,0,1,0,0,0,0,4,1,6,1,6,-1,-1,-1,5,1
201350CB2W008,1,9,0,6,0,1,0,0,0,0,3,1,6,1,9,1396,1,-1,5,1
201350CB2W008,2,1,0,18,0,1,0,0,0,0,1,1,6,1,8,-1,-1,-1,5,1
201350CB2W010,1,9,0,18,0,0,0,0,0,0,3,1,6,1,9,1995,2,10,8,1
201350CB2W011,1,9,0,7,0,1,0,0,0,0,1,1,6,1,7,2495,2,22,7,2
201350CB2W011,2,1,0,15,0,1,0,0,0,0,1,1,1,1,7,-1,-1,-1,5,2
201350CB2W012,1,9,0,9,0,5,0,0,0,0,4,1,3,1,8,1360,1,13,7,1
201350CB2W012,2,1,0,15,9,1,0,0,0,0,1,1,2,1,6,-1,-1,-1,7,3
201350CB2W013,1,9,0,18,0,0,0,0,0,0,1,1,6,1,10,1596,1,8,8,2
201350CB2W013,2,9,0,2,0,0,0,0,0,0,0,1,6,1,8,1598,1,10,2,1
201350CB2W015,1,9,0,5,0,4,0,0,0,0,1,1,6,3,-1,-1,-1,-1,-1,-1
201350CB2W015,2,9,0,5,0,4,0,0,0,0,2,1,6,2,5,998,1,-1,6,3
201350CB2W016,1,1,0,18,0,1,0,4,0,0,1,1,3,1,4,-1,-1,-1,3,1
201350CB2W016,2,9,0,3,0,6,0,0,0,0,4,1,6,1,10,1796,1,6,7,1
201350CB2W017,1,97,0,18,0,0,0,0,0,0,0,1,6,1,6,-1,-1,-1,7,1
201350CB2W018,1,9,0,18,0,0,0,0,0,0,2,1,6,1,4,1124,1,14,6,3
201350CB2W018,2,9,0,18,0,0,0,0,0,0,3,1,6,2,10,1390,1,10,5,2
201350CB2W018,3,9,0,18,0,0,0,0,0,0,1,1,6,2,6,998,1,7,1,1
201350CB2W018,4,9,0,18,0,0,0,0,0,0,0,1,1,1,7,1753,2,4,8,1
201350CB3A001,1,9,0,9,0,3,0,0,0,0,1,1,6,2,5,1598,1,11,7,1
201350CB3A001,2,9,0,18,0,4,0,0,0,0,1,1,6,1,5,1149,1,12,7,1
201350CB3A002,1,9,0,18,0,4,0,0,0,0,3,1,1,2,9,1598,2,1,8,3
201350CB3A002,2,9,0,17,0,3,0,0,0,0,4,1,6,2,8,1896,2,5,6,3
201350CB3A004,1,9,0,1,0,1,0,0,0,0,2,1,6,3,-1,-1,-1,-1,-1,-1
201350CB3A005,1,9,0,1,6,0,0,4,0,0,2,1,6,2,7,1299,1,14,3,1
201350CB3A005,2,9,0,2,6,0,0,0,0,0,1,1,6,2,9,1289,1,15,3,1
201350CB3A006,1,9,0,3,0,0,0,0,0,0,2,1,2,2,8,1560,2,8,3,1
201350CB3A006,2,19,0,18,0,0,0,0,0,0,1,1,2,1,8,2496,2,23,3,1
201350CB3A007,1,9,0,18,0,8,0,0,0,0,1,1,6,2,8,1984,2,6,6,3
201350CB3A007,2,1,0,18,0,8,0,0,0,0,2,1,6,2,9,-1,-1,-1,3,1
201350CB3B002,1,9,0,10,0,8,0,0,0,0,1,1,6,1,-1,2179,2,4,6,3
201350CB3B002,2,9,0,10,0,8,0,0,0,0,2,1,6,2,7,1390,1,4,8,2
201350CB3B003,1,9,0,9,0,6,0,0,0,0,1,1,6,1,-1,-1,-1,-1,-1,-1
201350CB3B003,2,1,0,18,0,1,0,0,0,0,1,1,1,2,9,-1,-1,-1,8,3
201350CB3C001,1,9,0,5,0,2,0,0,0,0,1,1,6,1,6,1198,1,4,-1,-1
201350CB3C001,2,9,0,10,0,1,0,0,0,0,4,1,6,2,10,1390,1,10,8,1
201350CB3C001,3,9,0,18,0,1,0,0,0,0,1,1,6,1,9,1968,2,2,8,2
201350CB3C002,1,9,0,10,0,5,0,0,0,0,4,1,6,2,4,1242,1,4,2,1
201350CB3C002,2,3,0,18,0,1,0,0,0,0,1,1,6,2,4,124,1,5,2,1
201350CB3C003,1,21,0,18,0,0,0,0,0,0,3,1,1,1,9,5880,2,8,5,3
201350CB3C003,2,21,0,18,0,0,0,0,0,0,3,1,6,1,-1,-1,-1,-1,5,3
201350CB3C006,1,2,0,18,0,0,0,0,0,0,1,1,6,1,4,49,1,2,-1,-1
201350CB3D001,1,9,0,18,0,0,0,0,0,0,1,1,6,1,8,1910,2,9,8,1
201350CB3D002,1,9,0,18,0,1,0,0,0,0,4,1,2,1,5,1800,1,13,5,1
201350CD2C001,1,9,0,16,0,2,0,4,7,11,0,1,6,2,6,-1,-1,-1,3,1
201350CD2C001,2,9,0,2,0,2,0,0,0,0,0,1,6,2,6,-1,-1,-1,4,1
201350CD2C003,1,9,0,8,0,1,0,0,0,0,1,1,6,1,8,-1,-1,-1,6,1
201350CD2C003,2,9,0,8,0,1,0,0,0,0,2,1,6,2,8,1796,1,11,4,2
201350CD2C006,1,11,0,4,0,0,0,0,0,0,1,1,6,1,8,8268,2,9,7,3
201350CD2C007,1,3,0,17,0,0,0,10,0,0,1,1,6,1,4,124,1,10,5,1
201350CD2C010,1,2,0,9,0,8,0,0,0,0,4,1,6,1,4,49,1,10,3,1
201350CD2C010,2,9,0,17,0,8,0,0,0,0,1,1,6,1,5,1390,1,15,5,3
201350CD2C012,1,19,0,1,0,0,0,4,0,0,2,1,6,1,5,2402,2,4,5,2
201350CD2C012,2,9,0,2,0,0,0,0,0,0,2,1,6,1,5,1198,1,-1,6,1
201350CD2C014,1,9,0,18,0,8,0,0,0,0,1,1,1,1,9,-1,-1,-1,3,1
201350CD2C014,2,9,0,10,0,8,0,0,0,0,2,1,6,1,10,1995,2,6,10,1
201350CD2C016,1,9,0,1,0,0,0,0,0,0,2,1,6,2,11,1794,1,7,8,1
201350CD2C017,1,9,0,18,0,0,0,0,0,0,4,1,6,2,9,1389,1,18,3,1
201350CD2C018,1,9,0,1,0,0,0,0,0,0,2,1,1,1,6,-1,-1,-1,3,1
201350CD2D003,1,9,0,5,0,1,0,0,0,0,1,1,6,2,4,1398,1,3,5,3
201350CD2D003,2,9,0,18,0,1,0,0,0,0,1,1,6,1,11,2198,1,13,6,3
201350CD2E002,1,9,0,1,0,0,0,0,0,0,2,1,3,1,7,1598,2,2,4,1
201350CD2E004,1,21,0,16,0,0,1,0,0,0,1,1,1,1,7,-1,-1,-1,2,1
201350CD2E004,2,9,0,17,0,0,0,0,0,0,1,1,6,1,7,1796,1,10,5,3
201350CD2E005,1,9,0,18,0,0,0,0,0,0,4,1,6,2,8,1461,2,3,3,1
201350CD2E008,1,10,0,18,0,0,2,0,0,0,0,1,6,3,-1,-1,-1,-1,-1,-1
201350CD2E009,1,9,0,9,0,8,0,0,0,0,1,1,6,1,8,-1,-1,-1,7,1
201350CD2E009,2,3,0,17,0,1,0,0,0,0,1,1,6,1,4,124,1,12,4,1
201350CD2E010,1,9,0,18,0,8,0,0,0,0,0,1,6,1,6,-1,-1,-1,5,1
201350CD2F001,1,9,0,18,0,0,0,0,0,0,1,1,2,1,8,-1,-1,-1,7,3
201350CD2F001,2,9,0,18,0,0,1,0,1,4,3,1,2,1,5,1998,2,8,5,3
201350CD2F001,3,21,0,18,0,0,0,0,0,0,3,1,1,1,8,12777,2,5,6,1
201350CD2G002,1,9,0,18,0,0,0,0,0,0,1,1,6,2,4,1299,1,14,6,1
201350CD2G002,2,19,0,18,0,0,0,0,0,0,1,1,1,1,7,2143,2,3,4,3
201350CD2G003,1,2,0,18,0,0,0,0,1,9,2,1,6,2,4,49,1,2,6,3
201350CD2G003,2,9,0,18,0,0,0,0,0,0,4,1,6,2,8,1995,2,6,6,3
201350CD2H001,1,9,0,18,0,0,0,0,0,0,1,1,6,2,5,1360,1,8,6,3
201350CD2H001,2,9,0,18,0,0,0,0,0,0,2,1,6,1,7,2720,2,5,6,3
201350CD2I001,1,9,0,16,0,0,1,0,8,10,1,1,6,1,4,1149,1,13,7,1
201350CD2I002,1,9,0,18,0,0,2,0,0,0,3,1,6,2,9,1248,2,4,5,3
201350CD2I003,1,9,0,17,0,0,1,0,0,0,1,1,2,1,4,1360,1,7,5,1
201350CD2I003,2,9,0,16,0,0,0,0,0,0,1,1,6,1,9,1560,2,3,5,3
201350CD2I004,1,9,0,17,0,0,1,0,7,10,1,1,6,1,4,-1,-1,-1,4,3
201350CD2J003,1,9,0,16,0,0,0,0,0,0,1,1,6,1,4,973,1,13,5,3
201350CD2J003,2,9,0,18,0,0,0,0,0,0,1,1,6,2,6,1998,1,13,6,1
201350CD2J004,1,16,0,18,0,0,0,0,0,0,0,1,6,2,7,-1,-1,-1,5,3
201350CD2J004,2,17,0,18,0,0,0,0,0,0,0,1,6,1,7,-1,-1,-1,5,3
201350CD2J005,1,9,0,17,0,0,0,0,1,10,4,1,6,2,8,1242,1,6,4,2
201350CD2K001,1,9,0,17,0,1,5,0,1,1,1,1,6,2,8,1998,1,14,4,3
201350CD2K002,1,19,0,9,0,8,0,0,0,0,3,1,1,1,8,2287,2,1,3,1
201350CD2K002,2,9,0,13,0,1,1,0,0,0,1,1,6,1,4,2521,1,7,4,3
201350CD2K004,1,19,0,18,0,0,1,0,2,0,1,1,6,1,7,-1,-1,-1,5,3
201350CD2K004,2,9,0,18,0,0,0,0,0,0,1,1,1,1,8,-1,-1,-1,8,1
201350CD3C001,1,9,0,18,0,1,0,0,0,0,1,1,1,1,7,995,1,9,4,1
201350CD3D002,1,9,0,18,0,0,0,0,0,0,1,1,6,1,10,1596,1,9,5,1
201350CD3D002,2,22,0,18,0,0,0,0,0,0,4,1,6,2,9,-1,-1,-1,4,1
201350CD3D004,1,19,0,18,0,0,1,0,1,0,1,1,1,1,8,-1,-1,-1,2,1
201350CD3D005,1,9,0,17,0,1,0,10,1,1,1,1,2,1,11,1299,1,7,4,1
201350CD3D007,1,9,0,18,0,0,0,0,0,0,1,1,6,3,-1,-1,-1,-1,-1,-1
201350CD3D008,1,9,0,16,0,1,0,7,0,0,1,1,6,2,9,1896,2,12,5,3
201350CD3D008,2,9,0,2,0,1,0,0,0,0,1,1,6,1,7,-1,-1,-1,7,1
201350CD3D010,1,19,0,18,0,0,0,0,0,0,1,1,6,1,7,2402,2,9,7,1
201350CD3D011,1,9,0,9,0,6,0,0,0,0,1,1,6,2,4,1299,1,17,8,1
201350CD3D011,2,1,0,18,0,8,0,0,0,0,4,1,2,1,7,-1,-1,-1,4,1
201350CD3D012,1,19,0,18,0,1,0,10,1,11,1,1,6,1,5,1905,2,15,4,1
201350CD3D012,2,9,0,4,0,1,0,0,0,0,0,1,6,1,8,1590,1,14,2,1
201350CD3D015,1,9,0,9,0,4,0,0,0,0,1,1,1,1,8,-1,-1,-1,8,1
201350CD3D015,2,1,0,9,0,4,0,0,0,0,2,1,6,2,-1,-1,-1,-1,5,3
201350CD3D017,1,3,0,18,0,1,0,0,0,0,1,1,6,1,4,124,1,-1,4,1
201350CD3D017,2,9,0,5,0,8,0,0,0,0,4,1,6,2,9,1799,1,5,4,1
201350CD3D022,1,9,0,4,0,1,0,0,0,0,1,1,6,1,10,-1,-1,-1,4,2
201350CD3D022,2,9,0,3,0,1,0,0,0,0,0,1,6,2,6,1461,2,5,5,1
201350CD3D023,1,8,0,9,0,8,0,0,0,0,3,1,1,1,9,1896,2,10,4,1
201350CD3D023,2,5,0,18,0,1,1,0,0,0,1,1,2,1,8,849,1,16,7,1
201350CD3E001,1,9,0,18,0,0,0,0,0,0,1,1,6,2,8,1497,1,10,3,1
201350CD3E001,2,9,0,18,0,0,0,0,0,0,2,1,6,2,7,1910,2,6,5,3
201350CD3E002,1,9,0,14,0,0,0,0,0,0,1,1,6,1,6,1905,2,15,7,3
201350CD3E002,2,9,0,14,0,0,0,0,0,0,2,1,6,1,11,2997,1,20,4,1
201350CD3E003,1,9,0,9,0,5,0,0,0,0,4,1,6,1,8,-1,-1,-1,6,3
201350CD3E003,2,1,0,18,0,1,0,0,0,0,1,1,2,1,6,-1,-1,-1,2,1
201350CD3E004,1,9,0,18,0,0,0,0,0,0,1,1,6,3,-1,-1,-1,-1,-1,-1
201350CD3E007,1,9,0,17,0,1,0,0,0,0,1,1,6,1,7,1598,2,2,4,1
201350CD3E008,1,9,0,4,0,1,1,0,0,0,1,1,6,2,5,1999,1,8,3,1
201350CD3E008,2,9,0,4,0,1,0,0,0,0,2,1,6,2,5,1598,1,9,3,1
201350CD3E009,1,9,0,9,0,2,0,0,0,0,1,1,3,1,7,-1,-1,-1,5,1
201350CD3E009,2,3,0,18,0,1,0,0,0,0,1,1,2,1,4,124,1,5,4,1
201350CD3E013,1,19,0,5,0,2,0,0,0,0,4,1,1,1,6,2148,2,6,4,3
201350CD3E013,2,9,0,18,0,2,1,4,0,0,1,1,6,2,5,1229,1,5,4,1
201350CD3E013,3,9,0,2,0,1,0,0,0,0,3,1,1,1,9,1896,2,11,7,1
201350CD3E014,1,9,0,6,8,0,0,0,7,11,3,1,6,1,6,1998,2,10,5,1
201350CD3E014,2,9,0,18,0,0,0,0,0,0,1,1,6,1,11,1796,1,11,7,1
201350CD3E015,1,9,0,17,0,0,2,0,0,10,1,1,6,1,7,3201,1,16,6,1
201350CD3E016,1,9,0,18,0,0,0,0,0,0,4,1,6,2,10,2299,1,24,2,1
201350CD3E017,1,9,0,18,0,0,2,0,1,4,3,1,6,2,5,1598,1,9,5,2
201350CD3E019,1,9,0,18,0,0,0,0,0,0,0,1,6,1,-1,-1,-1,-1,-1,-1
201350CD3F001,1,9,0,4,0,0,0,0,0,0,1,1,6,2,7,1598,1,10,6,1
201350CD3F001,2,9,0,4,0,0,0,0,0,0,2,1,6,1,7,1360,1,11,2,1
201350CD3F001,3,19,0,18,0,0,0,0,0,0,1,1,6,1,4,1753,2,9,7,1
201350CD3F001,4,9,0,4,0,0,0,0,0,0,2,1,6,1,11,1108,1,11,6,3
201350CD3F001,5,9,0,4,0,0,0,0,0,0,2,1,6,1,8,1597,1,24,1,1
201350CD3F001,6,9,0,4,0,0,0,0,0,0,2,1,6,2,7,998,1,5,3,1
201350CD3F001,7,9,0,4,0,0,0,0,0,0,2,1,6,2,7,998,1,1,4,1
201350CD3F003,1,9,0,4,0,0,0,0,0,0,1,1,6,1,6,1497,1,9,9,1
201350CD3F003,2,9,0,4,0,0,0,0,0,0,2,1,6,2,5,1599,1,7,3,1
201350CD3F003,3,9,0,4,0,0,0,0,0,0,2,1,1,1,6,2495,2,6,3,1
201350CD3G001,1,9,0,18,0,0,0,0,1,7,1,1,6,2,6,-1,-1,-1,5,3
201350CD3G001,2,9,0,4,0,0,0,0,0,0,2,1,6,1,6,1598,1,4,5,1
201350CD3G001,3,9,0,4,0,0,0,0,0,0,2,1,2,1,8,1686,2,3,5,1
201350CD3G002,1,9,0,9,0,1,0,0,0,0,1,1,6,2,9,1598,1,8,7,1
201350CD3G002,2,9,0,18,0,1,0,0,0,0,1,1,2,2,6,1360,1,10,6,2
201350CD3H001,1,9,0,9,0,1,0,0,0,0,4,1,6,1,10,1461,2,1,4,1
201350CD3H001,2,1,0,18,0,1,0,0,0,0,1,1,6,1,8,-1,-1,-1,7,1
201350CD3H005,1,9,0,17,0,0,2,10,1,9,1,1,6,1,4,1360,1,11,8,1
201350CH2A001,1,9,0,18,0,0,0,0,0,0,1,1,1,2,8,2765,2,20,4,3
201350CH2A001,2,11,0,18,0,0,0,0,0,0,1,1,1,1,10,-1,-1,-1,5,3
201350CH2D001,1,9,0,18,0,0,5,0,2,4,4,1,6,1,8,1997,2,14,4,1
201350CH2D002,1,9,0,18,0,0,1,0,1,11,1,1,3,2,7,1398,1,-1,4,3
201350CH2D003,1,9,0,17,0,0,1,0,1,10,1,1,6,2,4,1360,1,12,3,1
201350CH2D004,1,9,0,16,0,1,1,0,0,0,1,1,6,1,8,1994,2,14,4,1
201350CH2F002,1,9,0,18,0,0,0,0,7,9,3,1,6,1,10,1910,2,10,7,1
201350CH2J001,1,9,0,18,0,0,0,0,1,9,1,1,6,2,10,2996,1,3,4,3
201350CH2J002,1,9,0,18,0,0,5,0,2,10,1,1,2,2,6,2198,2,7,7,2
201350CH2L001,1,9,0,7,0,2,0,0,0,0,1,1,6,1,7,1598,1,10,5,2
201350CH2L002,1,9,0,9,0,5,0,0,0,0,4,1,6,1,8,1398,2,2,5,2
201350CH2L002,2,5,0,18,0,1,0,0,0,0,1,1,6,1,7,650,1,12,6,3
201350CH2L006,1,9,0,18,0,0,0,0,0,0,4,1,6,2,6,1124,1,13,4,3
201350CH2L007,1,9,0,1,0,0,0,0,0,0,2,1,1,2,7,-1,-1,-1,4,3
201350CH2L009,1,9,0,18,0,0,2,0,0,11,1,1,6,2,5,1988,1,11,5,2
201350CH2L009,2,9,0,18,0,0,0,0,0,0,1,1,6,2,10,1998,1,9,4,3
201350CH2L009,3,9,0,2,0,0,0,0,0,0,0,1,6,1,6,-1,-1,-1,5,3
201350CH2L010,1,9,0,18,0,0,0,0,0,0,4,1,6,2,8,1596,1,9,5,3
201350CH2L010,2,22,0,18,0,0,0,0,0,0,1,1,6,1,11,-1,-1,-1,5,2
201350CH2M002,1,9,0,17,0,0,5,0,1,4,1,1,6,2,6,1339,1,11,5,2
201350CH2M003,1,9,0,18,0,0,5,0,7,10,1,1,6,1,5,1242,1,10,5,3
201350CH2M004,1,9,0,17,0,0,0,0,0,0,4,1,6,1,4,1598,1,12,4,3
201350CH2M005,1,9,0,18,0,0,0,0,0,0,3,1,6,2,9,1560,2,1,4,3
201350CH2M005,2,19,0,18,0,0,0,0,0,0,3,1,1,1,8,2798,2,9,5,3
201350CH2M006,1,1,0,18,0,0,2,0,0,0,0,1,6,1,9,-1,-1,-1,4,3
201350CH2M006,2,9,0,18,0,0,0,0,0,0,0,1,6,1,-1,-1,-1,-1,-1,-1
201350CH2M007,1,9,0,16,0,0,0,0,0,0,1,1,3,2,4,1242,1,1,7,1
201350CH2M007,2,17,0,17,0,0,0,0,0,0,2,1,6,1,4,6728,2,-1,4,3
201350CH2M009,1,9,0,18,0,1,1,0,0,0,1,1,6,1,6,1796,1,14,4,1
201350CH2M009,2,9,0,10,0,1,0,0,0,0,2,1,2,1,8,1997,2,10,5,2
201350CH2N001,1,9,0,18,0,0,0,0,0,0,0,1,6,3,-1,-1,-1,-1,-1,-1
201350CH2N001,2,9,0,18,0,0,5,0,2,10,4,1,6,1,4,1199,1,10,5,2
201350CH2N002,1,9,0,18,0,0,1,0,0,0,1,1,6,1,5,1797,1,15,5,3
201350CH2N002,2,19,0,10,0,0,5,0,7,10,2,1,1,1,9,1753,2,7,5,2
201350CH2N002,3,9,0,18,0,0,0,0,0,0,3,1,6,1,5,1968,2,7,5,3
201350CH2N003,1,9,0,18,0,0,0,0,0,0,1,1,6,2,8,1999,1,5,5,2
201350CH2N003,2,9,0,18,0,0,0,0,0,0,2,1,6,1,8,1995,2,-1,9,1
201350CH2N006,1,9,0,18,0,1,1,0,0,0,1,1,6,1,6,1796,1,14,-1,1
201350CH2N006,2,9,0,18,0,1,5,0,0,0,1,1,6,1,7,1997,2,13,5,2
201350CH2N006,3,9,0,4,0,1,5,0,0,0,2,1,6,1,6,2179,2,-1,4,1
201350CH2O001,1,9,0,9,0,1,0,0,0,0,1,1,6,2,7,1796,1,16,3,2
201350CH2O001,2,5,0,18,0,1,0,0,0,0,1,1,6,1,10,680,1,5,5,3
201350CH2O002,1,9,0,18,0,1,0,0,0,0,4,1,6,1,-1,2982,2,2,4,3
201350CH2O002,2,9,0,10,0,1,0,0,0,0,3,1,6,1,4,1686,2,8,4,3
201350CH2O003,1,3,0,17,0,0,0,0,7,10,1,1,6,1,4,124,1,1,3,2
201350CH2O005,1,9,0,17,0,1,1,0,8,3,3,1,6,1,5,1389,1,13,3,2
201350CH2P002,1,9,0,16,0,0,1,0,8,10,1,1,6,1,6,1299,1,14,4,1
201350CH3A001,1,9,0,18,0,8,0,0,0,0,1,1,1,1,8,1461,2,5,1,1
201350CH3A001,2,9,0,18,0,8,0,0,0,0,1,1,1,2,9,1686,2,17,4,3
201350CH3A002,1,9,0,16,0,1,1,0,0,0,1,1,6,1,4,1296,1,18,5,3
201350CH3A002,2,9,0,10,0,5,0,0,0,0,2,1,6,1,8,1560,2,7,6,2
201350CH3A003,1,9,0,17,0,0,2,0,8,10,1,1,6,1,6,1910,2,8,-1,-1
201350CH3D001,1,2,0,18,0,0,0,0,0,0,1,1,6,1,8,49,1,9,5,2
201350CH3F001,1,9,0,17,0,2,5,0,8,10,3,1,6,2,4,1796,1,11,4,3
201350CH3F002,1,9,0,18,0,0,1,0,1,4,1,1,6,1,9,-1,-1,-1,2,1
201350CH3F002,2,9,0,18,0,0,1,0,1,0,2,1,6,1,9,-1,-1,-1,4,3
201350CH3F002,3,9,0,18,0,0,1,0,0,0,4,1,6,1,9,-1,-1,-1,9,1
201350CH3F002,4,9,0,18,0,0,1,0,1,0,1,1,6,1,4,1598,1,7,5,1
201350CH3F003,1,9,0,17,0,0,5,0,0,0,1,1,6,1,4,1596,1,8,5,3
201350CH3F004,1,9,0,18,0,0,0,0,1,10,1,1,6,2,4,1124,1,7,4,3
201350CH3G001,1,9,0,17,0,0,0,0,0,0,3,1,6,1,9,1998,2,5,4,3
201350CH3G001,2,1,0,16,0,0,0,0,0,0,1,1,6,2,3,-1,-1,-1,4,3
201350CH3G001,3,1,0,16,0,0,0,0,0,0,3,1,6,2,3,-1,-1,-1,4,3
201350CH3H001,1,9,0,17,0,0,1,0,1,4,3,1,6,2,4,1124,1,12,5,2
201350CH3H001,2,9,0,16,0,0,0,0,0,0,3,1,1,1,7,-1,-1,-1,8,1
201350CH3H002,1,9,0,17,0,0,0,0,1,4,4,1,6,1,6,999,1,12,7,1
201350CH3H003,1,11,0,4,0,1,1,0,0,0,1,1,1,1,9,4250,2,13,7,2
201350CH3H003,2,9,0,7,0,5,0,0,0,0,2,1,6,1,10,2999,2,14,4,3
201350CH3J001,1,17,4,18,0,0,0,0,1,9,1,1,1,1,8,-1,2,9,5,3
201350CH3J002,1,9,0,18,0,0,2,0,0,9,1,1,6,2,5,1124,1,12,5,3
201350CH3J003,1,9,0,9,0,1,5,0,7,0,3,1,6,1,8,1598,1,14,1,1
201350CH3J003,2,21,0,13,0,1,1,0,0,0,1,1,1,1,9,12130,2,8,5,3
201350CH3J004,1,9,0,18,0,0,0,0,1,3,1,1,6,1,11,1400,1,7,5,3
201350CI2A001,1,9,0,18,0,1,5,0,1,11,1,1,2,1,4,1461,2,11,4,3
201350CI2B001,1,9,0,18,0,8,0,0,0,0,1,1,6,1,6,1598,1,13,2,1
201350CI2B001,2,9,0,18,0,8,0,0,0,0,3,1,2,2,4,1229,1,8,4,1
201350CI2B002,1,9,0,18,0,0,0,0,0,0,0,1,6,2,9,1596,1,16,4,1
201350CI2B007,1,9,0,5,0,2,0,0,0,0,3,1,3,2,6,1749,1,12,5,1
201350CI2B008,1,9,0,9,0,8,0,0,0,0,1,1,1,1,7,1896,2,4,5,1
201350CI2B009,1,9,0,1,0,2,0,0,0,0,0,1,6,2,7,1360,1,12,4,1
201350CI2C001,1,9,0,17,0,0,0,0,0,0,1,1,6,2,5,1783,1,11,3,1
201350CI2C003,1,5,0,18,0,2,0,0,0,0,1,1,6,1,7,1050,1,3,8,2
201350CI2C003,2,9,0,5,0,6,0,0,0,0,2,1,6,2,6,1781,1,9,9,3
201350CI2C005,1,5,0,18,0,1,0,0,0,10,4,1,6,1,9,750,1,43,6,3
201350CI2C007,1,9,5,18,0,1,0,0,0,0,0,1,1,1,9,-1,-1,-1,4,3
201350CI2C007,2,9,5,18,0,1,0,0,0,0,4,1,1,1,9,-1,-1,-1,6,2
201350CI2C007,3,1,0,18,0,1,0,0,0,0,3,1,6,1,8,-1,-1,-1,8,3
201350CI2C008,1,9,0,9,0,1,0,0,0,0,1,1,6,1,10,1761,1,15,6,3
201350CI2C008,2,9,0,18,0,1,5,0,1,1,4,1,2,1,6,1124,1,14,4,1
201350CI2E001,1,19,0,18,0,0,1,0,7,3,1,1,6,2,9,1300,1,6,4,3
201350CI2E002,1,9,0,16,0,0,1,0,0,0,1,1,2,1,5,1596,1,10,1,1
201350CI2E002,2,19,0,17,0,0,0,0,0,0,1,1,1,1,6,1870,2,11,2,1
201350CI2E003,1,9,0,18,0,0,5,0,8,10,3,1,6,2,4,1360,1,14,4,2
201350CI2E004,1,9,0,16,0,0,0,0,1,10,1,1,6,1,11,1124,1,17,2,1
201350CI2E005,1,9,0,18,0,0,0,0,0,0,4,1,1,1,4,1753,2,6,2,1
201350CI2E006,1,9,0,17,0,0,5,0,7,5,1,1,6,2,4,998,1,9,3,1
201350CI2E007,1,9,0,13,0,1,1,0,0,0,1,1,1,1,9,-1,-1,-1,6,3
201350CI2E007,2,9,0,18,0,2,0,0,0,0,1,1,6,1,7,1600,2,3,10,1
201350CI2F001,1,9,0,18,0,0,1,0,8,10,1,1,6,1,9,1299,1,12,4,3
201350CI2F002,1,9,0,18,0,0,1,0,7,0,0,1,2,2,4,1240,1,5,4,3
201350CI2F003,1,9,0,18,0,0,2,10,7,0,1,1,6,1,5,1995,1,11,4,2
201350CI2F003,2,9,0,2,0,0,0,0,0,0,1,1,6,2,7,1598,1,8,4,2
201350CI2F005,1,19,0,7,0,8,0,0,0,0,4,1,6,3,10,2500,2,7,5,3
201350CI2F005,2,9,0,18,0,8,0,0,0,0,3,1,6,2,9,2231,2,6,4,2
201350CI2G001,1,9,0,17,0,0,2,0,0,0,1,1,6,2,4,1240,1,6,10,2
201350CI2G002,1,5,0,17,0,0,0,0,0,0,0,1,6,1,9,2294,1,7,6,1
201350CI2G002,2,9,0,18,0,0,0,0,0,0,0,1,6,3,-1,-1,-1,-1,-1,-1
201350CI2I001,1,9,0,18,0,0,0,0,0,0,1,1,6,2,10,1598,2,2,4,3
201350CI2I001,2,9,0,18,0,0,0,0,0,0,1,1,6,1,8,1248,2,-1,-1,-1
201350CI2I002,1,9,0,18,0,0,0,0,0,0,1,1,6,1,8,-1,-1,-1,5,3
201350CI2Q001,1,9,0,17,0,0,1,0,2,11,1,1,6,2,9,1896,2,7,6,3
201350CI2Q005,1,9,0,17,0,0,5,0,2,10,4,1,6,1,4,1242,1,8,2,1
201350CI2R003,1,9,0,18,0,0,5,0,7,4,1,1,6,1,4,1360,1,12,2,1
201350CI2R005,1,9,0,18,0,0,5,0,2,11,4,1,1,1,8,1597,1,8,3,1
201350CI2R006,1,9,0,18,0,0,0,0,0,0,1,1,2,2,5,998,1,12,3,1
201350CI2R007,1,9,0,4,0,4,0,0,0,0,1,1,6,1,8,1598,1,6,6,3
201350CI2R007,2,9,0,17,0,8,0,0,0,0,1,1,6,2,5,1422,2,4,4,1
201350CI2R008,1,9,0,3,0,0,0,0,0,0,1,1,6,2,6,1391,1,12,4,2
201350CI2R008,2,1,0,16,0,0,0,0,0,0,1,1,6,1,3,-1,-1,-1,9,1
201350CI2R009,1,9,0,17,0,0,1,0,8,3,1,1,6,2,5,1199,1,12,8,2
201350CI2R010,1,9,0,18,0,0,0,0,0,11,1,1,6,2,4,1242,1,9,3,1
201350CI2R011,1,9,0,18,0,0,1,0,0,0,1,1,6,1,10,1581,1,13,6,1
201350CI2R011,2,9,0,5,0,0,0,0,0,0,1,1,6,2,10,-1,-1,-1,4,1
201350CL2C001,1,5,0,16,0,0,1,0,8,10,3,1,6,1,9,1170,1,4,9,1
201350CL2C001,2,9,0,17,0,0,0,1,0,0,1,1,6,1,4,1388,1,6,4,3
201350CL2D001,1,9,0,18,0,0,1,0,1,10,1,1,1,1,9,-1,-1,-1,4,1
201350CL2D002,1,9,0,16,0,0,2,0,2,10,4,1,6,2,4,1299,1,14,2,1
201350CL2E001,1,8,0,7,0,0,1,0,7,11,1,1,1,2,8,1998,2,7,6,3
201350CL2E002,1,9,0,18,0,0,0,0,0,0,1,1,6,2,6,1997,2,6,6,3