Accident_Index,Vehicle_Reference,Vehicle_Type,Towing_and_Articulation,Vehicle_Manoeuvre,Vehicle_Location-Restricted_Lane,Junction_Location,Skidding_and_Overturning,Hit_Object_in_Carriageway,Vehicle_Leaving_Carriageway,Hit_Object_off_Carriageway,1st_Point_of_Impact,Was_Vehicle_Left_Hand_Drive?,Journey_Purpose_of_Driver,Sex_of_Driver,Age_Band_of_Driver,Engine_Capacity_(CC),Propulsion_Code,Age_of_Vehicle,Driver_IMD_Decile,Driver_Home_Area_Type
201350CL2E003,1,9,0,18,0,1,5,0,2,11,1,1,6,1,11,1339,1,9,5,3
201350CL2E007,1,9,0,16,0,0,0,0,0,0,1,1,6,1,11,1242,1,12,6,2
201350CL2E007,2,9,0,17,0,0,0,0,0,0,1,1,6,1,9,-1,-1,-1,4,2
201350CL2E008,1,9,0,18,0,1,0,0,0,2,1,1,6,1,7,1149,1,12,4,3
201350CL2E008,2,9,0,3,0,1,0,0,0,0,2,1,6,1,8,1242,1,12,6,2
201350CL2F002,1,1,0,18,0,0,5,0,0,0,1,1,6,1,8,-1,-1,-1,6,1
201350CL2F002,2,9,0,18,0,0,0,0,0,0,3,1,6,1,9,1998,1,16,5,3
201350CN2A001,1,9,0,16,0,0,0,0,0,0,1,1,6,1,6,1840,1,11,8,3
201350CN2A001,2,9,0,17,0,0,0,0,0,0,1,1,6,2,5,1998,1,12,8,2
201350CN2A002,1,9,0,18,0,0,0,0,0,0,1,1,6,1,7,1896,2,9,8,3
201350CN2A002,2,9,0,18,0,0,0,0,0,0,1,1,2,1,5,1598,1,7,8,2
201350CN2B003,1,9,0,18,0,8,0,0,0,0,1,1,6,2,11,1796,1,10,7,2
201350CN2B003,2,2,0,10,0,8,0,0,0,0,3,1,6,2,4,-1,-1,-1,8,3
201350CN2B004,1,9,0,18,0,1,0,0,0,0,2,1,6,1,8,2295,1,11,8,2
201350CN2B004,2,1,0,4,9,1,0,0,0,0,4,1,6,1,7,-1,-1,-1,9,2
201350CN2B006,1,9,0,18,0,0,0,0,0,0,1,1,6,3,-1,-1,-1,-1,-1,-1
201350CN2B008,1,9,0,18,0,3,1,0,0,0,1,1,6,1,10,1399,2,10,7,2
201350CN2B010,1,9,0,18,0,2,0,0,0,0,1,1,6,2,5,1149,1,12,3,1
201350CN2B010,2,9,0,18,0,2,0,0,0,0,0,1,6,2,4,1910,2,3,8,1
201350CN2B012,1,9,0,18,0,0,0,0,0,0,0,1,1,1,7,1686,2,-1,7,2
201350CN2B012,2,9,0,18,0,0,0,0,0,0,2,1,6,1,6,1896,2,8,9,1
201350CN2B012,3,9,0,18,0,0,0,0,0,0,1,1,6,1,7,1331,1,19,4,1
201350CN2B013,1,9,0,18,0,0,0,0,7,2,1,1,6,2,11,998,1,12,9,3
201350CN2B014,1,9,0,9,0,6,0,0,0,0,3,1,6,1,10,1396,2,3,7,3
201350CN2B014,2,9,0,18,0,8,0,0,0,0,4,1,6,1,9,1328,1,7,8,3
201350CN2B016,1,9,0,18,0,0,0,0,0,0,0,1,2,2,7,1248,1,-1,6,3
201350CN2B018,1,9,0,18,0,0,0,0,7,10,1,1,6,1,4,1781,1,9,7,3
201350CN2B018,2,9,0,6,0,0,0,0,7,0,3,1,6,1,7,1968,2,3,3,1
201350CN2B019,1,9,0,5,0,8,0,0,0,0,3,1,6,1,5,1229,1,1,7,1
201350CN2B019,2,1,0,18,0,8,0,0,0,0,1,1,6,1,7,-1,-1,-1,7,3
201350CN2B020,1,9,0,9,0,8,0,0,0,0,4,1,6,1,7,1968,2,3,7,2
201350CN2B020,2,1,0,18,4,1,0,0,0,0,1,1,6,1,6,-1,-1,-1,5,1
201350CN2B024,1,3,0,13,0,1,0,0,0,0,1,1,6,1,4,124,1,25,2,1
201350CN2B024,2,9,0,9,0,1,0,0,0,0,3,1,6,1,4,1397,1,13,1,1
201350CN2B026,1,9,0,18,0,0,0,0,0,0,1,1,6,2,-1,1587,1,15,4,1
201350CN2B026,2,9,0,18,0,0,0,0,0,0,2,1,6,2,-1,1896,2,8,7,3
201350CN2B026,3,9,0,18,0,0,0,0,0,0,0,1,1,1,-1,1686,2,-1,8,1
201350CN2B027,1,9,0,9,0,6,0,0,0,0,1,1,1,1,6,-1,-1,-1,2,1
201350CN2B027,2,1,0,18,0,8,0,0,0,0,1,1,6,1,11,-1,-1,-1,6,2
201350CN2C002,1,9,0,18,0,4,0,10,1,2,1,1,2,1,6,-1,-1,-1,7,3
201350CN2C004,1,9,0,16,0,0,0,0,0,0,3,1,2,1,6,2902,2,10,3,1
201350CN2C004,2,9,0,17,0,0,0,0,0,0,3,1,1,1,6,-1,-1,-1,7,3
201350CN2C005,1,9,0,18,0,0,0,0,0,0,1,1,6,1,9,1968,2,6,4,1
201350CN2C005,2,9,0,18,0,0,0,0,0,0,2,1,6,1,6,1598,1,1,10,1
201350CN2C006,1,9,0,18,0,0,0,0,0,0,1,1,2,2,9,1590,1,10,8,1
201350CN2C006,2,9,0,18,0,0,0,0,0,0,2,1,2,2,10,1984,2,2,5,1
201350CN2C006,3,4,0,18,0,0,0,0,0,0,0,1,6,1,-1,-1,-1,-1,-1,-1
201350CN2D001,1,9,0,4,0,1,0,0,0,0,1,1,6,2,6,-1,-1,-1,4,3
201350CN2D001,2,9,0,9,0,5,0,0,2,10,1,1,6,2,7,2401,2,9,5,3
201350CN2D001,3,9,0,3,0,1,0,0,0,0,3,1,6,2,8,1840,1,10,5,3
201350CN2F001,1,19,0,18,0,0,0,0,0,0,4,1,6,3,-1,-1,-1,-1,-1,-1
201350CS2A001,1,9,0,18,0,2,2,12,0,0,1,1,6,1,4,998,1,15,3,1
201350CS2A002,1,9,0,17,0,0,0,0,1,11,1,1,6,1,8,1998,2,-1,4,3
201350CS2C001,1,9,0,10,0,1,0,0,0,0,1,1,6,2,7,1998,2,6,6,2
201350CS2C001,2,9,0,10,0,1,0,0,0,0,2,1,6,1,10,1948,1,18,6,2
201350CS2C002,1,9,0,12,0,1,0,0,0,0,2,1,1,1,10,1398,1,1,8,2
201350CS2C002,2,9,0,18,0,1,0,0,0,0,1,1,6,1,10,2179,2,2,5,3
201350CS2E001,1,9,0,18,0,0,0,0,7,10,1,1,6,1,6,1341,1,12,4,1
201350CS2E001,2,9,0,18,0,0,0,0,0,0,1,1,6,1,7,2656,1,7,1,1
201350CS2E002,1,9,0,16,0,0,2,0,2,7,1,1,6,1,5,2319,1,14,5,1
201350CS2E003,1,11,0,9,0,5,0,0,0,0,4,1,3,1,8,-1,2,28,2,1
201350CS2E003,2,9,0,17,0,1,1,0,0,0,1,1,6,2,8,1998,1,14,5,2
201350CS2E005,1,9,0,9,0,8,0,0,0,0,1,1,3,2,6,1397,1,14,4,3
201350CS2E005,2,9,0,17,0,1,0,0,0,0,1,1,6,2,8,1997,2,11,4,3
201350CS2E006,1,9,0,6,0,0,0,0,7,0,1,1,6,1,9,2435,1,13,4,3
201350CS2E006,2,9,0,18,0,0,0,0,7,0,1,1,6,1,9,1560,2,2,8,1
201350CS2E007,1,19,0,18,0,0,0,4,1,0,0,1,1,1,6,2287,2,1,1,1
201350CS2E007,2,9,0,2,0,0,0,0,1,0,0,1,1,1,7,1796,1,12,3,1
201350CS2F003,1,9,0,13,0,0,0,0,0,0,1,1,6,2,10,1995,2,5,4,3
201350CS2F003,2,9,0,18,0,0,0,0,1,0,1,1,6,2,6,1997,2,13,7,2
201350CS2F003,3,20,0,18,0,0,0,0,0,0,2,1,1,1,6,-1,-1,-1,6,3
201350CS2F005,1,21,0,18,0,0,0,0,7,0,3,1,1,1,7,-1,-1,-1,8,3
201350CS2F007,1,9,0,18,0,0,0,0,0,0,3,1,6,1,7,2179,2,7,7,2
201350CS2F007,2,3,0,18,0,0,0,0,0,0,1,1,6,1,5,124,1,2,6,2
201350CS2F008,1,9,0,18,0,0,0,0,0,0,1,1,6,1,4,-1,-1,-1,4,3
201350CS2F009,1,9,0,1,0,0,0,0,0,0,2,1,6,1,9,-1,-1,-1,4,3
201350CS2F010,1,19,0,5,0,0,0,0,0,0,3,1,1,1,7,1753,2,8,6,2
201350CS2F012,1,19,0,1,0,1,0,0,0,0,2,1,1,1,7,1870,2,7,6,2
201350CS2H001,1,17,4,13,0,0,0,0,0,0,4,1,6,1,8,6788,2,-1,6,3
201350CS2H001,2,1,0,18,0,0,0,0,1,9,3,1,6,1,7,-1,-1,-1,5,3
201350CS2H002,1,9,0,16,0,0,5,0,2,10,1,1,6,1,4,1396,1,10,6,3
201350CS2J001,1,9,0,7,0,6,0,0,0,0,1,1,1,1,9,1896,2,5,8,1
201350CS2J001,2,19,0,18,0,8,1,0,0,0,1,1,1,1,8,2148,2,4,7,1
201350CS2J002,1,9,0,16,0,0,2,0,0,0,1,1,2,1,6,1997,2,10,6,2
201350CS2O001,1,98,0,16,0,0,0,0,0,0,0,1,6,3,-1,-1,-1,-1,-1,-1
201350CS2O001,2,9,0,17,0,0,1,0,7,10,1,1,2,2,5,1398,2,9,3,1
201350CS2R003,1,9,0,16,0,0,0,0,0,0,0,1,6,3,-1,-1,-1,-1,-1,-1
201350CS2R003,2,4,0,18,0,0,0,0,1,9,0,1,6,2,8,499,1,27,3,1
201350CS2R003,3,4,0,18,0,0,0,0,1,9,0,1,6,1,8,499,1,18,3,1
201350CS2T001,1,1,0,18,0,0,5,0,0,0,0,1,6,1,6,-1,-1,-1,5,1
201350CS2T001,2,9,0,13,0,0,0,0,0,0,2,1,6,1,8,-1,-1,-1,4,3
201350CS2U001,1,5,0,18,0,0,2,0,0,0,3,1,6,1,8,-1,-1,-1,6,2
201350CS3V001,1,9,0,18,0,0,0,0,0,0,1,1,6,2,4,1396,1,14,4,1
201350CS3V001,2,9,0,4,0,0,0,12,0,0,2,1,6,1,6,1896,2,10,6,2
201350CS3V002,1,9,0,16,0,0,1,0,0,10,1,1,6,1,8,1596,1,11,5,3
201350CS3V002,2,21,0,17,0,0,1,0,0,10,1,1,1,1,8,5880,2,7,5,1
201350CS3W002,1,9,0,17,0,0,2,10,8,10,1,1,6,1,4,1360,1,12,6,3
201350CS3W003,1,9,0,16,0,0,1,0,0,0,1,1,1,2,5,2720,2,7,6,3
201350CS3W003,2,9,0,17,0,0,1,0,0,0,1,1,3,2,7,1299,1,12,6,3
201350CS3W004,1,9,0,13,0,1,0,0,7,4,1,1,1,1,8,1995,2,-1,5,3
201350CS3W004,2,17,0,9,0,1,0,0,0,0,3,1,1,1,8,4525,2,3,8,1
201350CS3W005,1,9,0,5,0,8,1,0,0,0,1,1,2,2,5,1149,1,10,5,3
201350CS3W005,2,9,0,18,0,8,1,0,0,0,4,1,2,2,8,1398,2,7,5,3
201350CS3Y001,1,9,0,4,0,0,0,0,0,0,4,1,6,1,8,-1,-1,-1,4,3
201350CS3Y001,2,9,0,1,0,0,0,0,0,0,2,1,6,2,8,-1,-1,-1,4,3
201350CS3Z002,1,9,0,16,0,1,0,0,0,0,0,1,6,3,-1,-1,-1,-1,-1,-1
201350CS3Z002,2,9,0,17,0,1,0,0,1,0,0,1,6,1,6,998,1,7,4,3
201350CS3Z003,1,19,0,9,0,0,5,0,1,11,4,1,1,1,6,2143,2,-1,4,1
201350CS3Z004,1,9,0,16,0,0,0,0,0,0,3,1,6,1,6,1998,2,9,3,1
201350CS3Z004,2,9,0,17,0,0,0,0,7,7,3,1,6,2,9,1968,2,-1,9,2
201350CS3Z004,3,9,0,16,0,0,5,0,1,11,3,1,1,1,6,-1,-1,-1,6,2
201350CS3Z005,1,9,0,4,7,0,1,10,7,1,1,1,1,1,6,1598,2,1,3,1
201350CS3Z006,1,9,0,18,0,0,0,0,0,0,1,1,1,1,8,-1,-1,-1,7,1
201350CS4A002,1,9,0,18,0,0,0,0,7,4,1,1,6,1,6,-1,-1,-1,8,1
201350CS4A004,1,9,0,9,0,6,0,0,7,0,1,1,6,1,11,1598,2,2,9,3
201350CS4A004,2,9,0,18,0,8,0,0,7,0,4,1,6,1,6,1995,2,7,7,1
201350CS4A005,1,9,0,9,0,6,0,0,8,7,3,1,6,2,11,1360,1,7,4,3
201350CS4A005,2,19,0,18,0,1,0,0,0,0,1,1,1,1,7,2148,2,5,6,3
201350CT2C001,1,9,0,18,0,0,1,0,0,0,1,1,6,2,11,1998,2,11,4,3
201350CT2C001,2,5,0,4,0,0,0,0,0,0,2,1,6,1,9,748,1,14,8,2
201350CT2C002,1,19,0,18,0,0,0,0,7,0,1,1,1,1,8,1298,1,7,7,1
201350CT2C002,2,9,0,18,0,0,0,0,7,0,1,1,6,1,10,1587,1,12,4,3
201350CT2E001,1,9,0,18,0,0,5,0,1,9,0,1,6,2,6,1896,2,9,5,3
201350CT2E002,1,3,0,17,0,0,0,0,0,0,1,1,1,1,4,124,1,1,5,3
201350CT2G001,1,9,0,18,0,0,0,0,0,0,1,1,6,2,9,1997,2,9,5,3
201350CT2G001,2,90,0,18,0,0,0,0,0,0,0,1,1,1,8,7146,2,2,8,1
201350CT2G002,1,5,0,17,0,0,2,0,1,9,1,1,1,1,4,599,1,9,5,2
201350CT2G003,1,9,0,17,0,0,5,0,0,10,4,1,6,2,4,1124,1,12,5,3
201350CT2G004,1,9,0,15,0,8,0,0,0,0,1,1,1,1,7,1800,1,14,5,2
201350CT2G004,2,17,4,9,0,8,0,0,0,0,3,1,1,1,6,-1,2,3,5,3
201350CT2I003,1,9,4,18,0,0,0,0,0,0,4,1,1,2,8,1951,2,10,4,3
201350CT2I004,1,9,0,18,0,0,0,0,0,0,1,1,6,1,10,1769,1,11,5,3
201350CT2I006,1,9,0,9,0,6,0,0,0,0,1,1,6,1,8,2987,2,2,6,3
201350CT2J001,1,9,0,16,0,0,0,0,1,3,1,1,6,2,6,1598,2,3,5,3
201350CT2J002,1,9,0,16,0,0,2,0,7,11,3,1,6,2,8,1124,1,7,8,2
201350CT2J003,1,9,0,18,0,0,0,0,0,0,0,1,6,2,10,1997,2,12,5,3
201350CT2J003,2,17,4,18,0,0,0,0,0,0,0,1,1,1,4,6600,2,9,6,3
201350CT2M001,1,9,0,13,0,8,0,0,7,11,1,1,2,1,8,1896,2,9,8,2
201350CT2M001,2,19,0,9,0,5,0,0,7,11,3,1,6,1,7,2198,2,1,5,3
201350CT2O001,1,9,0,16,0,1,5,0,7,3,1,1,1,1,5,1896,2,8,-1,-1
201350CT2Q002,1,9,0,18,0,0,0,4,0,0,1,1,6,1,9,1149,1,4,5,1
201350CT2Q002,2,9,0,2,0,0,0,0,0,0,1,1,6,1,8,4196,1,9,6,3
201350CT2Q003,1,19,0,17,7,5,0,0,2,10,1,1,6,1,6,2461,2,10,5,3
201350CT2Q003,2,9,0,2,0,2,0,0,0,0,3,1,6,1,6,1753,2,3,2,1
201350CT2Q004,1,9,0,9,0,0,2,0,7,0,4,2,6,2,6,1206,1,4,9,1
201350CT2R001,1,9,0,18,0,0,2,0,8,10,4,1,1,1,6,-1,-1,-1,5,1
201350CT2S001,1,5,0,17,0,1,2,0,3,1,1,1,6,1,7,1340,1,4,4,3
201350CT2T002,1,9,0,9,0,8,0,0,0,0,1,1,6,1,7,1598,2,-1,-1,-1
201350CT2T002,2,9,0,18,0,1,0,0,0,0,1,1,6,1,6,1781,1,16,4,2
201350CT2T003,1,3,0,4,0,1,1,0,0,0,1,1,2,1,4,124,1,9,6,3
201350CT2T003,2,9,0,4,0,1,0,0,0,0,2,1,6,1,10,1560,2,1,6,3
201350CT2V001,1,9,0,16,0,0,1,0,1,4,1,1,1,1,6,1360,1,11,5,1
201350CT2W001,1,9,0,16,0,0,5,0,8,10,3,1,6,2,7,1997,2,9,-1,-1
201350CT3Y001,1,9,0,18,0,0,0,0,0,0,1,1,6,3,8,1598,1,3,6,3
201350CT3Y001,2,9,0,2,0,0,0,4,0,0,0,1,6,1,4,1198,1,4,6,3
201350CT3Y004,1,9,0,13,0,1,0,0,0,0,0,1,1,1,7,1598,2,2,5,2
201350CT3Y004,2,19,0,18,0,2,0,0,0,0,0,1,1,1,6,2287,2,6,4,2
201350CT3Y004,3,11,0,18,0,1,0,0,0,0,0,1,1,1,8,7790,2,7,5,1
201350CT3Y006,1,9,0,4,0,1,0,0,0,0,1,1,1,1,8,-1,-1,-1,6,3
201350CT3Y006,2,9,0,4,0,1,0,0,0,0,2,1,6,2,7,2295,1,8,6,1
201350CT3Y008,1,9,0,18,0,0,0,2,0,0,1,1,6,2,11,1686,2,20,5,3
201350CT4A001,1,9,0,18,0,0,0,0,0,0,3,1,6,2,4,1896,2,12,5,3
201350CT4A001,2,9,0,18,0,0,0,0,0,0,3,1,6,2,4,1248,2,8,5,3
201350DE2A002,1,9,0,9,0,8,0,0,0,0,1,1,2,1,6,1596,1,16,4,1
201350DE2A002,2,2,0,18,0,1,0,0,0,0,1,1,6,1,8,49,1,4,4,1
201350DE2A003,1,9,0,18,0,0,5,0,1,9,4,1,2,1,8,2354,1,8,4,2
201350DE2A004,1,19,0,1,0,2,0,0,0,0,2,1,6,3,-1,-1,-1,-1,-1,-1
201350DE2A004,2,1,0,3,0,2,0,0,0,0,2,1,6,1,6,-1,-1,-1,5,3
201350DE2A006,1,9,0,18,0,0,0,0,0,0,1,1,1,2,8,1242,1,9,6,3
201350DE2A006,2,11,0,18,0,0,0,0,0,0,1,1,1,1,8,4250,2,9,5,3
201350DE2A007,1,9,0,5,0,1,0,0,0,0,3,1,6,1,6,1386,1,7,4,1
201350DE2A007,2,3,0,18,0,1,0,0,0,0,1,1,6,1,4,125,1,8,4,1
201350DE2A008,1,9,0,9,0,8,0,0,7,10,1,1,6,1,10,1396,1,14,4,1
201350DE2A009,1,9,0,17,0,1,0,0,0,0,1,1,3,1,6,1598,1,11,4,1
201350DE2A009,2,9,0,16,0,2,0,0,0,0,1,1,3,2,7,-1,-1,-1,3,1
201350DE2A010,1,2,0,18,0,1,0,0,0,0,1,1,6,1,9,49,1,2,8,1
201350DE2A010,2,9,0,9,0,1,0,0,0,0,4,1,6,2,4,1360,1,9,4,1
201350DE2A011,1,9,0,18,0,1,0,0,1,10,1,1,2,1,6,1390,1,16,6,1
201350DE2A013,1,9,0,18,0,0,1,0,1,3,1,1,2,1,6,2979,1,10,3,1
201350DE2A014,1,9,0,15,0,2,0,0,0,0,1,1,6,1,9,2143,2,2,10,2
201350DE2B001,1,9,0,9,0,6,0,0,0,0,3,1,2,1,8,1289,1,13,7,1
201350DE2B001,2,9,0,18,0,1,0,0,0,0,1,1,2,1,9,2488,2,-1,10,1
201350DE2B002,1,1,0,18,0,0,0,0,0,0,0,1,6,1,7,-1,-1,-1,8,1
201350DE2B002,2,9,0,18,0,0,0,0,0,0,0,1,6,2,6,2198,1,7,8,1
201350DE2B003,1,9,0,18,0,1,0,0,0,0,1,1,6,1,6,1796,1,11,7,1
201350DE2B003,2,1,0,18,0,1,0,0,0,0,3,1,6,2,5,-1,-1,-1,8,1
201350DE2B006,1,19,0,18,0,8,0,0,0,0,2,1,1,1,9,-1,-1,-1,7,1
201350DE2B006,2,1,0,18,0,8,0,0,0,0,1,1,6,1,5,-1,-1,-1,5,1
201350DE2B009,1,9,0,17,0,0,2,0,8,10,1,1,6,1,5,1905,2,15,3,2
201350DE2B010,1,9,0,18,0,4,0,0,0,0,1,1,1,1,7,973,1,13,4,1
201350DE2B010,2,1,0,9,0,3,0,0,0,0,1,1,1,1,6,-1,-1,-1,9,1
201350DE2B012,1,9,0,7,0,3,0,0,0,0,4,1,6,1,6,1988,2,8,7,3
201350DE2B012,2,9,0,18,0,1,0,0,0,0,1,1,6,1,5,-1,-1,-1,5,3
201350DE2B013,1,9,0,4,0,1,0,0,0,0,1,1,6,3,-1,-1,-1,-1,-1,-1
201350DE2B013,2,1,0,4,0,1,0,0,1,0,4,1,6,1,9,-1,-1,-1,1,1
201350DE2B016,1,1,0,18,0,8,0,0,0,0,1,1,6,1,4,-1,-1,-1,9,1
201350DE2B016,2,9,0,9,0,5,0,0,0,0,4,1,6,1,7,1328,1,10,6,3
201350DE2C001,1,9,0,5,0,1,1,0,0,0,1,1,6,2,6,1985,1,13,3,1
201350DE2C001,2,9,0,18,0,1,1,0,0,0,1,1,1,2,6,1388,1,14,5,1
201350DE2C003,1,5,0,16,0,0,0,0,0,0,1,1,6,1,6,998,1,13,2,1
201350DE2C003,2,9,0,17,0,0,0,0,0,0,1,1,6,2,10,1364,1,3,5,1
201350DE2C005,1,9,0,5,0,1,0,0,0,0,1,1,6,1,7,1248,2,5,6,3
201350DE2D003,1,9,0,9,0,8,0,0,0,0,1,1,6,1,8,1229,1,6,3,1
201350DE2D003,2,9,0,18,0,8,0,0,0,0,1,1,6,1,4,-1,-1,-1,-1,-1
201350DE2D005,1,9,0,5,0,6,0,0,0,0,1,1,6,2,5,1124,1,14,6,3
201350DE2D005,2,11,0,18,0,1,0,0,0,0,4,1,1,1,8,8268,2,9,2,1
201350DE2D006,1,9,0,18,0,1,0,0,0,0,1,1,6,2,5,1149,1,3,7,1
201350DE2D006,2,9,0,7,0,1,0,0,3,11,2,1,6,2,9,995,1,10,8,1
201350DE2D007,1,9,0,5,0,8,0,0,0,0,4,1,6,2,9,1390,1,7,2,1
201350DE2D007,2,1,0,18,0,8,0,0,0,0,1,1,6,1,9,-1,-1,-1,5,1
201350DE2D009,1,9,0,4,0,0,0,0,0,0,1,1,6,1,4,1299,1,12,9,1
201350DE2D009,2,9,0,3,0,0,0,0,0,0,2,1,6,2,8,1397,1,4,8,1
201350DE2D010,1,9,0,7,0,1,0,0,1,0,4,1,1,1,7,1968,2,7,8,1
201350DE2D010,2,1,0,18,0,1,0,0,0,0,3,1,1,2,6,-1,-1,-1,4,1
201350DE2D011,1,9,0,18,0,0,0,0,0,0,1,1,6,1,6,1769,1,11,2,1
201350DE2D011,2,9,0,3,0,0,0,0,0,0,1,1,6,1,6,1798,1,6,-1,-1
201350DE2D011,3,9,0,3,0,0,0,0,0,0,2,1,6,2,8,996,1,3,3,1
201350DE2D012,1,1,0,18,0,8,0,0,0,0,1,1,6,1,6,-1,-1,-1,2,1
201350DE2D012,2,9,0,18,0,8,0,0,0,0,1,1,6,1,6,973,1,11,4,1
201350DE2D016,1,2,0,14,0,0,0,0,0,0,1,1,6,1,-1,-1,-1,-1,-1,-1
201350DE2E001,1,9,0,18,0,0,0,0,0,0,1,1,6,3,-1,1360,1,15,-1,-1
201350DE2E001,2,9,0,18,0,0,0,0,0,0,4,1,6,2,4,1108,1,10,4,1
201350DE2E003,1,9,0,18,0,1,0,0,0,0,1,1,2,2,8,998,1,2,6,3
201350DE2E005,1,9,0,9,0,6,0,0,0,0,1,1,1,2,11,1796,1,9,10,1
201350DE2E005,2,5,0,7,0,5,0,0,0,0,1,1,1,1,10,650,1,30,9,1
201350DE2E006,1,1,0,18,5,6,0,0,0,0,1,1,6,1,7,-1,-1,-1,7,3
201350DE2E006,2,9,0,7,7,5,0,0,0,0,4,1,6,1,6,1994,1,10,2,1
201350DE2E011,1,9,0,18,0,0,0,0,0,0,1,1,6,1,11,1796,1,6,3,1
201350DE2E011,2,9,0,9,0,0,0,0,0,0,4,1,6,2,6,1997,2,5,8,1
201350DE2E011,3,9,0,2,0,0,0,0,0,0,3,1,6,2,-1,-1,-1,-1,8,1
201350DE2E015,1,9,0,5,0,6,0,0,0,0,3,1,6,2,7,-1,-1,-1,2,1
201350DE2E017,1,9,0,10,0,1,0,0,0,0,4,1,6,2,10,1598,1,3,4,1
201350DE2E017,2,1,0,18,0,1,0,0,0,0,1,1,6,1,5,-1,-1,-1,4,1
201350DE2E019,1,9,0,9,0,8,0,0,0,0,3,1,2,1,6,-1,-1,-1,9,1
201350DE2E019,2,1,0,12,0,8,2,0,0,0,1,1,2,1,6,-1,-1,-1,9,1
201350DE2F001,1,9,0,2,0,0,0,0,0,0,3,1,1,1,7,1399,1,2,10,1
201350DE2F001,2,1,0,18,0,0,0,0,0,0,4,1,2,2,4,-1,-1,-1,6,1
201350DE2F002,1,9,0,1,0,6,0,0,0,0,2,1,1,1,9,1997,2,6,4,1
201350DE2F003,1,9,0,18,0,1,0,0,0,0,1,1,6,2,6,1299,1,5,-1,-1
201350DE2F003,2,1,0,18,0,1,0,0,0,0,3,1,6,1,3,-1,-1,-1,5,1
201350DE2F004,1,9,0,18,0,0,0,0,0,0,1,1,6,3,-1,-1,-1,-1,-1,-1
201350DE2F005,1,9,0,9,0,8,0,0,0,0,1,1,1,1,7,-1,-1,-1,6,3
201350DE2F005,2,3,0,18,0,8,1,0,0,0,1,1,6,1,5,124,1,10,7,1
201350DE2F006,1,11,0,9,0,8,0,0,0,0,4,1,1,1,9,9000,2,-1,2,1
201350DE2F007,1,9,4,3,0,0,0,0,0,0,1,1,1,1,8,-1,-1,-1,5,3
201350DE2F007,2,9,0,3,0,0,0,0,0,0,2,1,1,2,7,1364,1,8,5,3
201350DE2F007,3,9,0,3,0,0,0,0,0,0,2,1,6,1,8,799,2,1,8,2
201350DE2F008,1,9,0,3,0,0,0,0,0,0,1,1,6,1,6,1388,1,14,4,1
201350DE2F008,2,9,0,3,0,0,0,0,0,0,2,1,6,1,8,1390,1,12,8,1
201350DE2F011,1,9,0,18,0,0,0,0,0,0,1,1,1,1,6,1499,2,-1,4,1
201350DE2F011,2,9,0,3,0,0,0,0,0,0,2,1,6,2,5,1761,1,15,9,1
201350DE2F014,1,9,0,18,0,1,1,0,0,0,0,1,6,2,5,1390,1,7,4,2
201350DE2F014,2,19,0,3,0,1,0,0,0,0,0,1,6,1,10,1753,2,12,6,1
201350DE2F014,3,9,0,3,0,1,0,0,0,0,0,1,6,2,9,1686,2,-1,3,1
201350DE2F016,1,9,0,18,0,8,0,0,0,0,1,1,6,1,-1,1560,2,2,4,1
201350DE2F016,2,1,0,18,0,8,0,0,0,0,1,1,6,1,6,-1,-1,-1,4,1
201350DE2F018,1,9,0,9,0,0,0,0,0,0,3,1,6,1,5,1396,1,13,5,3
201350DE2F018,2,3,0,18,0,0,0,0,0,0,1,1,6,1,6,-1,-1,-1,2,1
201350DE2F019,1,8,0,18,0,0,0,0,0,0,1,1,1,1,6,-1,-1,-1,8,1
201350DE2F021,1,8,0,5,0,1,0,0,0,0,0,1,1,1,7,2499,2,4,6,1
201350DE2G001,1,9,0,5,0,0,0,0,0,0,1,1,6,1,9,-1,-1,-1,5,1
201350DE2G001,2,5,0,18,0,0,0,0,0,0,1,1,6,1,5,998,1,10,2,1
201350DE2G003,1,9,0,9,0,8,0,0,0,0,4,1,6,2,5,1108,1,5,2,1
201350DE2G003,2,1,0,18,0,8,0,0,0,0,1,1,6,1,6,-1,-1,-1,5,1
201350DE2G004,1,9,0,2,0,1,0,0,0,0,3,1,6,1,-1,-1,-1,-1,5,1
201350DE2G004,2,1,0,18,0,1,0,0,0,0,1,1,6,1,6,-1,-1,-1,7,1
201350DE2G005,1,9,0,5,0,4,0,0,0,0,1,1,6,1,7,-1,-1,-1,5,1
201350DE2G005,2,1,0,7,0,3,0,0,0,0,4,1,6,1,6,-1,-1,-1,9,1
201350DE2G008,1,2,0,18,0,2,5,0,0,0,4,1,6,1,4,49,1,5,5,1
201350DE2G010,1,9,0,5,0,0,0,0,0,0,3,1,6,1,8,1968,2,3,-1,-1
201350DE2G010,2,1,0,18,0,0,0,0,0,0,1,1,6,1,5,-1,-1,-1,7,3
201350DE2G011,1,11,0,18,0,8,0,0,0,0,0,1,1,1,8,8268,2,11,5,1
201350DE2G014,1,19,4,3,0,0,0,0,0,0,1,1,1,1,9,1997,2,12,6,3
201350DE2G014,2,9,0,3,0,0,0,0,0,0,2,1,6,1,7,3246,1,10,7,1
201350DE2H002,1,9,0,18,0,0,0,0,0,0,1,1,6,1,6,2295,1,15,7,2
201350DE2H002,2,1,0,18,0,0,5,0,0,0,4,1,6,1,7,-1,-1,-1,7,3
201350DE2H003,1,9,0,9,0,1,0,0,0,0,4,1,6,1,6,1596,1,2,8,1
201350DE2H003,2,1,0,18,0,1,0,0,0,0,1,1,1,2,9,-1,-1,-1,9,1
201350DE2H004,1,9,0,18,0,8,0,0,0,0,1,1,1,1,7,-1,-1,-1,9,1
201350DE2H004,2,9,0,18,0,8,0,0,0,0,2,1,6,2,8,1868,2,13,6,3
201350DE2H005,1,9,0,5,0,1,0,0,0,0,1,1,6,1,6,1198,1,10,8,1
201350DE2H005,2,9,0,4,0,1,0,0,0,0,2,1,6,2,7,1349,1,-1,5,1
201350DE2H007,1,9,0,9,0,8,1,0,1,1,4,1,6,1,9,1988,1,14,1,1
201350DE2H007,2,9,0,5,0,8,5,0,0,0,3,1,2,1,8,2402,2,3,9,1