Accident_Index,Vehicle_Reference,Vehicle_Type,Towing_and_Articulation,Vehicle_Manoeuvre,Vehicle_Location-Restricted_Lane,Junction_Location,Skidding_and_Overturning,Hit_Object_in_Carriageway,Vehicle_Leaving_Carriageway,Hit_Object_off_Carriageway,1st_Point_of_Impact,Was_Vehicle_Left_Hand_Drive?,Journey_Purpose_of_Driver,Sex_of_Driver,Age_Band_of_Driver,Engine_Capacity_(CC),Propulsion_Code,Age_of_Vehicle,Driver_IMD_Decile,Driver_Home_Area_Type
201350DE2H008,1,9,0,1,0,1,0,0,0,0,2,1,6,1,7,2000,1,15,3,1
201350DE2H008,2,1,0,18,0,1,0,0,0,0,1,1,2,1,7,-1,-1,-1,8,1
201350DE2H009,1,9,0,18,0,1,0,0,0,0,3,1,6,2,11,1992,2,7,9,1
201350DE2H010,1,9,0,18,0,8,0,0,1,2,1,1,6,1,6,1753,2,14,8,3
201350DE2H011,1,2,0,18,0,2,0,0,1,0,4,1,2,2,6,-1,-1,-1,1,1
201350DE2H011,2,9,0,7,0,8,0,0,0,0,0,1,2,2,8,1461,2,9,7,1
201350DE2H012,1,9,0,9,0,8,0,0,0,0,1,1,2,2,9,1560,2,3,4,1
201350DE2H012,2,1,0,18,0,1,0,0,0,0,3,1,6,2,8,-1,-1,-1,8,1
201350DE2H013,1,3,0,13,0,1,0,0,0,0,1,1,1,1,4,124,1,1,4,1
201350DE2H013,2,9,0,5,0,6,0,0,0,0,3,1,1,1,7,1497,1,12,2,1
201350DE2H014,1,9,0,4,0,0,0,0,0,0,1,1,6,2,9,2099,1,8,5,1
201350DE2H014,2,9,0,3,0,0,0,0,0,0,2,1,6,1,6,1968,2,4,6,1
201350DE2H015,1,2,0,5,0,1,0,0,0,0,4,1,6,1,4,49,1,4,4,1
201350DE2H015,2,9,0,18,0,1,0,0,0,0,1,1,6,1,8,1229,1,-1,6,2
201350DE2H016,1,9,0,18,0,0,1,0,0,0,1,1,6,1,4,1400,1,14,2,1
201350DE2H016,2,9,0,3,0,0,0,0,0,0,2,1,2,2,4,1795,1,14,4,1
201350DE2H016,3,9,0,3,0,0,0,0,0,0,2,1,2,2,5,1248,2,4,1,1
201350DE2H017,1,9,0,13,0,0,0,0,0,0,1,1,6,1,10,1994,2,13,4,2
201350DE2H017,2,8,0,5,2,0,0,0,0,0,2,1,1,1,8,1910,2,6,2,1
201350DE2H018,1,1,0,18,0,8,0,0,0,0,1,1,2,2,5,-1,-1,-1,8,1
201350DE2H021,1,9,0,18,0,2,0,0,0,0,0,1,6,3,-1,-1,-1,-1,-1,-1
201350DE2H021,2,1,0,5,0,2,0,0,0,0,0,1,1,1,7,-1,-1,-1,5,1
201350DE2H023,1,9,0,2,0,0,0,0,0,0,3,1,6,2,8,1360,1,11,3,1
201350DE2H023,2,9,0,14,0,0,0,4,0,0,4,1,6,2,7,1997,2,7,5,1
201350DE2H024,1,9,0,5,0,4,0,0,0,0,1,1,6,2,8,1590,1,9,10,2
201350DE2H024,2,1,0,18,0,8,0,0,0,0,2,1,6,1,6,-1,-1,-1,5,1
201350DE2I002,1,9,0,18,0,0,0,0,0,0,4,1,6,3,-1,-1,-1,-1,-1,-1
201350DE2I003,1,8,0,18,7,5,0,0,0,0,4,1,1,3,-1,-1,-1,-1,-1,-1
201350DE2I005,1,9,0,1,0,1,0,0,0,0,2,1,1,1,-1,-1,-1,-1,8,1
201350DE2I006,1,9,0,18,0,1,0,0,0,0,1,1,6,3,-1,-1,-1,-1,-1,-1
201350DE2I006,2,3,0,3,0,1,0,0,0,0,2,1,2,2,7,108,1,4,5,1
201350DE2I006,3,9,0,3,0,1,0,0,0,0,2,1,6,2,6,1388,1,12,9,1
201350DE2I008,1,9,0,9,0,6,0,0,0,0,1,1,2,1,6,1753,2,7,4,1
201350DE2I008,2,9,0,18,0,8,0,0,0,0,1,1,1,2,7,1124,1,10,5,1
201350DE2I011,1,9,0,18,0,3,0,0,0,0,1,1,6,1,6,1360,1,12,3,1
201350DE2I011,2,9,0,17,0,4,0,0,0,0,3,1,6,2,8,1397,1,1,4,1
201350DE2I012,1,9,0,5,0,1,0,0,0,0,4,1,6,1,8,-1,-1,-1,8,1
201350DE2I013,1,4,0,18,0,0,0,0,0,0,4,1,6,1,4,249,1,4,6,2
201350DE2I013,2,9,0,4,0,0,0,0,0,0,3,1,6,3,-1,-1,-1,-1,-1,-1
201350DE2I014,1,9,0,11,0,2,0,0,0,0,2,1,6,1,5,1390,1,11,8,1
201350DE2I014,2,9,0,18,0,2,0,0,0,0,1,1,6,1,7,2993,2,7,4,1
201350DE2I016,1,5,0,4,0,1,0,0,0,0,4,1,6,1,9,1085,1,17,7,2
201350DE2I016,2,9,0,5,0,2,0,0,0,0,3,1,6,2,8,1560,2,3,7,1
201350DE2I016,3,19,4,15,0,1,0,0,0,0,3,1,1,1,7,2198,2,-1,7,3
201350DE2I017,1,9,0,18,0,0,0,0,0,0,1,1,6,1,6,1248,2,1,3,1
201350DE2I018,1,9,0,1,0,1,0,0,0,0,2,1,6,1,6,2993,2,7,9,1
201350DE2I018,2,9,0,3,0,1,0,0,0,0,1,1,6,1,6,-1,-1,-1,8,1
201350DE2I019,1,9,0,9,0,5,0,0,0,0,4,1,6,1,9,2967,1,10,6,2
201350DE2I019,2,1,0,18,0,1,0,0,0,0,1,1,6,1,7,-1,-1,-1,3,1
201350DE2I020,1,9,0,2,0,0,0,0,0,0,2,1,6,1,6,1998,2,5,4,1
201350DE2I020,2,9,0,18,0,0,0,0,0,0,1,1,6,2,10,998,1,7,5,1
201350DE2I021,1,9,0,6,0,3,0,0,0,0,3,1,6,1,8,1968,2,3,7,1
201350DE2I021,2,5,0,15,0,3,0,0,7,0,4,1,2,1,5,883,1,7,4,1
201350DE2I023,1,9,0,13,0,0,0,0,0,0,1,1,6,1,8,1597,1,21,6,1
201350DE2I023,2,9,0,18,0,0,0,0,0,0,2,1,6,1,10,1995,2,6,2,1
201350DE2I024,1,9,0,7,0,1,0,0,0,0,1,1,6,1,5,1968,2,1,6,3
201350DE2I024,2,9,0,5,0,1,0,0,0,0,4,1,6,1,6,1997,1,11,6,3
201350DE2I026,1,9,0,1,0,2,0,0,0,0,2,1,1,1,6,1497,8,4,6,1
201350DE2I029,1,9,0,5,0,1,0,0,0,0,1,1,2,2,5,973,1,11,8,1
201350DE2I029,2,1,0,17,0,3,0,0,0,0,2,1,2,1,8,-1,-1,-1,10,1
201350DE2I032,1,9,0,3,0,0,0,0,0,0,2,1,6,1,9,-1,-1,-1,4,1
201350DE2I032,2,1,0,3,0,0,0,0,0,0,1,1,6,1,-1,-1,-1,-1,-1,-1
201350DE2I033,1,11,0,18,0,2,0,0,0,0,1,1,1,1,5,4500,2,2,3,1
201350DE2I039,1,11,0,7,0,1,0,0,0,0,4,1,1,1,6,4500,2,2,5,1
201350DE2I044,1,1,0,4,0,1,0,0,0,0,1,1,6,1,4,-1,-1,-1,2,1
201350DE2I044,2,19,0,4,0,1,0,0,0,0,2,1,6,1,-1,-1,-1,-1,-1,-1
201350DE2I047,1,9,0,9,0,1,0,0,0,0,1,1,1,2,8,1497,8,7,7,1
201350DE2I049,1,1,0,18,0,1,0,0,0,0,1,1,1,1,5,-1,-1,-1,9,1
201350DE2I049,2,9,0,18,0,1,0,0,0,0,3,1,1,1,7,1246,1,8,9,1
201350DE2I054,1,9,0,18,0,1,0,0,0,0,4,1,6,2,4,1299,1,17,6,1
201350DE2I055,1,9,0,18,0,3,0,0,0,0,3,1,6,3,-1,-1,-1,-1,-1,-1
201350DE2I055,2,9,0,3,0,1,0,0,0,0,3,1,6,1,7,1598,1,6,7,3
201350DE2I055,3,9,0,3,0,1,0,0,0,0,3,1,6,3,-1,-1,-1,-1,-1,-1
201350DE2I056,1,11,0,5,0,0,0,0,0,0,4,1,1,1,7,4250,2,9,5,1
201350DE2I057,1,9,0,18,0,8,0,0,0,0,1,1,1,1,7,1896,2,7,1,1
201350DE2I058,1,9,0,18,0,0,0,0,0,0,4,1,6,1,6,1364,1,-1,6,3
201350DE2I061,1,9,0,18,0,4,0,0,0,0,1,1,2,2,5,1242,1,1,8,3
201350DE2I061,2,1,0,18,0,8,0,0,0,0,4,1,2,2,6,-1,-1,-1,7,1
201350DE2I062,1,9,0,18,0,1,0,0,0,0,1,1,6,1,6,1527,2,20,1,1
201350DE2I062,2,9,0,18,0,1,0,0,0,0,4,1,6,2,6,1781,1,11,5,3
201350DE2I065,1,1,0,7,0,1,0,0,0,0,1,1,6,2,11,-1,-1,-1,6,1
201350DE2I065,2,9,0,18,0,1,0,0,0,0,3,1,6,2,10,1591,1,5,5,3
201350DE2I066,1,1,0,18,0,0,1,0,0,0,1,1,6,1,7,-1,-1,-1,-1,-1
201350DE2I067,1,1,0,18,0,2,0,0,0,0,4,1,2,2,8,-1,-1,-1,9,1
201350DE2I067,2,11,0,7,0,2,0,0,0,0,4,1,1,1,5,4500,2,2,3,1
201350DE2I070,1,11,0,18,3,0,0,0,0,0,1,1,1,1,8,4250,2,9,2,1
201350DE2I071,1,9,0,9,0,2,0,0,0,0,1,1,6,2,6,1598,1,6,8,3
201350DE2J001,1,9,0,18,0,1,0,0,0,0,1,1,6,2,8,1598,1,6,8,1
201350DE2J001,2,9,0,9,0,1,0,0,0,0,3,1,6,2,8,998,1,8,7,2
201350DE2J004,1,9,0,18,0,8,0,0,0,0,1,1,6,1,10,1596,1,6,9,1
201350DE2J004,2,9,0,3,0,8,0,0,0,0,2,1,1,2,-1,1398,1,1,3,1
201350DE2J007,1,9,0,5,9,0,0,7,7,10,1,1,6,1,11,1339,1,6,8,2
201350DE2J008,1,9,0,14,0,0,0,0,0,0,4,1,6,1,10,2204,2,7,9,1
201350DE2J009,1,9,0,9,0,1,0,0,0,0,4,1,6,1,7,1560,2,2,4,1
201350DE2J009,2,1,0,4,0,1,0,0,0,0,1,1,6,1,6,-1,-1,-1,8,1
201350DE2J011,1,9,0,18,0,0,0,4,0,0,3,1,6,2,7,4511,1,10,5,3
201350DE2J011,2,9,0,2,0,0,0,0,0,0,2,1,1,2,8,1461,2,10,4,1
201350DE2J012,1,9,0,13,0,0,0,0,0,0,4,2,6,1,9,1598,1,-1,-1,-1
201350DE2J012,2,1,0,18,0,0,0,0,0,0,3,1,6,1,8,-1,-1,-1,2,1
201350DE2J013,1,9,0,9,0,8,0,0,8,0,1,1,6,1,11,998,1,1,9,1
201350DE2J013,2,5,0,18,0,8,0,0,0,0,1,1,6,1,6,954,1,11,9,2
201350DE2J014,1,9,0,18,0,0,0,0,0,0,1,1,6,1,5,-1,-1,-1,3,1
201350DE2J016,1,9,0,18,0,6,0,0,0,0,0,1,6,3,-1,-1,-1,-1,-1,-1
201350DE2J016,2,1,0,18,0,2,0,0,0,0,0,1,6,1,5,-1,-1,-1,1,1
201350DE2J017,1,9,0,18,0,4,0,0,0,0,1,1,6,1,9,4554,1,19,5,1
201350DE2J017,2,2,0,18,0,8,0,0,0,0,4,1,6,1,5,50,1,6,5,3
201350DE2J018,1,11,0,5,0,1,0,0,0,0,0,1,1,1,8,4250,2,9,5,1
201350DE2J024,1,9,0,5,0,4,0,0,0,0,1,1,1,1,5,1753,2,4,1,1
201350DE2J024,2,9,0,3,0,4,0,0,0,0,2,1,6,1,6,1299,1,12,7,2
201350DE2J025,1,1,0,18,0,6,5,0,0,0,1,1,6,1,-1,-1,-1,-1,-1,-1
201350DE2J025,2,9,0,5,0,1,0,0,0,0,4,1,6,1,7,1999,1,1,3,1
201350DE2J027,1,9,0,9,0,8,0,0,0,0,1,1,6,1,4,899,1,14,7,1
201350DE2J027,2,9,0,18,0,8,0,0,0,0,1,1,6,2,4,796,1,13,6,1
201350DE2J028,1,11,0,5,3,2,0,0,0,0,1,1,1,1,-1,4500,2,2,1,1
201350DE2J029,1,9,0,18,0,0,0,0,0,0,3,1,6,1,7,1798,1,3,7,2
201350DE2J034,1,3,0,18,0,8,0,0,0,0,4,1,6,1,11,125,1,9,6,1
201350DE2J034,2,9,0,18,0,4,0,0,0,0,1,1,6,3,-1,-1,-1,-1,-1,-1
201350DE2J037,1,9,0,4,0,4,0,0,0,0,1,1,6,2,-1,1781,1,12,-1,-1
201350DE2J037,2,1,0,3,0,4,0,0,0,0,2,1,6,2,10,-1,-1,-1,1,1
201350DE2J039,1,9,0,18,0,8,0,0,0,0,1,1,6,1,11,1389,1,11,3,1
201350DE2J039,2,9,0,9,0,8,0,0,0,0,1,1,6,1,4,1396,1,10,5,1
201350DE2J039,3,9,0,9,0,8,0,0,0,0,1,1,6,1,4,1298,1,17,6,1
201350DE2K001,1,9,0,5,0,1,0,0,0,0,1,1,6,1,4,1390,1,10,5,1
201350DE2K001,2,9,0,3,0,1,0,0,0,0,2,1,6,1,9,1995,2,2,8,3
201350DE2K003,1,9,0,9,0,1,0,0,0,0,1,1,6,1,5,1086,1,7,2,1
201350DE2K003,2,9,0,9,0,1,0,0,0,0,2,1,6,2,4,1598,1,13,9,1
201350DE2K005,1,9,0,3,0,2,0,0,0,0,1,1,6,1,7,1686,2,12,4,1
201350DE2K005,2,9,0,3,0,2,0,0,0,0,2,1,6,2,6,2987,2,6,3,1
201350DE2K006,1,5,0,18,0,0,0,0,0,0,1,1,6,1,4,599,1,15,7,1
201350DE2K006,2,9,0,18,0,0,0,0,0,0,1,1,6,1,7,-1,-1,-1,10,2
201350DE2K010,1,9,0,6,0,0,0,0,0,0,4,1,6,1,11,2435,1,15,5,1
201350DE2K010,2,3,0,16,0,0,0,0,0,0,1,1,6,1,4,124,1,3,7,1
201350DE2K011,1,9,0,3,0,0,0,0,0,0,2,1,2,1,7,-1,-1,-1,9,2
201350DE2K011,2,9,0,3,0,0,0,0,0,0,2,1,2,1,8,1229,1,1,8,1
201350DE2K011,3,9,0,18,0,0,0,0,0,0,1,1,2,2,6,-1,-1,-1,7,1
201350DE2K012,1,11,0,18,2,0,0,0,0,0,0,1,1,1,9,4500,2,2,6,2
201350DE2K013,1,8,0,4,0,1,0,0,0,0,1,1,6,1,7,1560,2,1,4,1
201350DE2K013,2,9,0,4,0,1,0,0,0,0,2,1,6,2,9,1991,2,5,9,3
201350DE2K013,3,9,0,3,0,1,0,0,0,0,2,1,6,1,6,1497,8,5,7,1
201350DE2K016,1,9,0,8,0,1,0,0,0,0,2,1,6,1,7,1896,2,13,5,2
201350DE2K016,2,9,0,18,0,1,1,0,0,0,1,1,6,2,7,1399,1,10,5,2
201350DE2K018,1,9,0,9,0,8,0,0,0,0,1,1,6,3,-1,1398,2,7,9,1
201350DE2K018,2,1,0,18,0,8,0,0,0,0,4,1,6,2,5,-1,-1,-1,5,1
201350DE2K019,1,9,0,18,0,0,0,0,0,0,1,1,1,1,6,1968,2,6,9,1
201350DE2K020,1,9,0,9,0,5,0,0,0,0,1,1,1,1,6,1896,2,11,8,1
201350DE2K020,2,3,0,18,0,1,0,0,0,0,4,1,6,1,9,100,1,5,6,1
201350DE2L001,1,5,0,13,0,0,0,0,0,0,1,1,6,1,4,600,1,10,4,1
201350DE2L001,2,9,0,4,0,0,0,0,0,0,2,1,3,1,7,1343,1,9,9,1
201350DE2L004,1,9,0,2,0,0,0,0,0,0,2,1,6,1,4,1896,2,12,6,1
201350DE2L004,2,9,0,1,0,0,0,0,0,0,1,1,6,2,6,1591,1,6,6,1
201350DE2L006,1,9,0,18,0,0,0,0,0,0,4,1,6,1,7,2000,1,19,4,1
201350DE2L007,1,9,0,9,0,5,0,0,0,0,1,1,6,1,10,1686,2,18,5,3
201350DE2L007,2,1,0,18,0,1,0,0,0,0,1,1,6,1,4,-1,-1,-1,6,1
201350DE2M001,1,9,0,18,0,0,0,4,0,0,4,1,6,2,7,1997,2,11,8,1
201350DE2M001,2,9,0,2,0,0,0,0,0,0,4,1,6,2,5,1598,1,14,9,1
201350DE2M002,1,9,0,18,0,8,1,0,0,0,1,1,2,1,7,-1,-1,-1,3,1
201350DE2M006,1,9,0,18,0,0,0,7,1,1,1,1,6,1,6,1840,1,18,3,1
201350DE2M010,1,9,0,5,0,1,0,0,0,0,1,1,1,2,-1,1339,1,3,6,1
201350DE2M010,2,1,0,18,0,1,5,0,0,0,1,1,6,1,3,-1,-1,-1,5,1
201350DE2M011,1,9,0,4,0,0,0,0,0,0,0,1,6,2,8,1596,1,2,4,1
201350DE2M011,2,2,0,18,0,0,1,0,0,0,0,1,6,1,7,49,1,9,4,1
201350DE2M015,1,9,0,9,0,1,0,0,0,0,0,1,6,2,6,1598,1,12,6,1
201350DE2M015,2,4,0,18,0,1,0,0,0,0,0,1,2,1,4,249,1,7,6,3
201350DE2M016,1,9,0,9,0,8,0,0,0,0,4,1,6,1,4,1596,1,11,9,1
201350DE2M016,2,5,0,18,0,1,0,0,0,0,1,1,6,1,8,1402,1,7,6,1
201350DE2M018,1,9,0,4,0,0,0,0,0,0,1,1,6,2,-1,-1,-1,-1,5,1
201350DE2M018,2,9,0,4,0,0,0,0,0,0,2,1,6,2,4,1299,1,12,2,1
201350DE2M020,1,9,0,18,0,0,0,0,0,0,1,1,6,1,-1,1332,1,14,5,1
201350DE2M020,2,9,0,3,0,0,0,0,0,0,0,1,6,2,5,1497,1,7,3,1
201350DE2M021,1,9,0,18,0,8,0,0,0,0,4,1,6,3,-1,-1,-1,-1,-1,-1
201350DE2N001,1,9,0,15,0,0,0,0,0,0,1,1,6,1,7,2987,2,4,10,1
201350DE2N001,2,1,0,18,0,0,0,0,0,0,1,1,6,1,5,-1,-1,-1,6,3
201350DE2N002,1,9,0,18,0,1,0,0,0,0,1,1,3,2,7,2490,2,17,8,3
201350DE2N002,2,9,0,3,0,1,0,0,0,0,2,1,3,2,6,1461,2,3,9,1
201350DE2N002,3,9,0,3,0,1,0,0,0,0,2,1,1,2,8,1998,2,7,-1,-1
201350DE2N003,1,9,0,8,0,1,0,0,0,0,1,1,6,2,5,1086,1,8,2,1
201350DE2N003,2,9,0,18,0,1,0,0,0,0,1,1,6,2,8,1388,1,9,2,1
201350DE2N004,1,9,0,9,0,6,0,0,0,0,1,1,6,1,6,-1,-1,-1,9,1
201350DE2N004,2,3,0,18,0,8,1,0,1,2,1,1,6,1,4,124,1,2,4,1
201350DE2N006,1,5,0,15,2,1,0,0,1,0,1,1,1,1,7,599,1,20,4,1
201350DE2N006,2,9,0,9,0,1,0,0,0,0,1,1,1,1,10,1968,2,1,7,3
201350DE2N008,1,11,0,18,0,1,0,0,0,0,4,1,1,2,8,12000,2,4,7,1
201350DE2N008,2,1,0,3,0,2,0,0,0,0,4,1,6,2,8,-1,-1,-1,5,1
201350DE2N009,1,11,0,4,0,0,0,0,0,0,0,1,6,1,-1,-1,-1,-1,5,1
201350DE2N010,1,9,0,18,0,0,1,11,0,0,1,1,6,1,5,-1,-1,-1,1,1
201350DE2N012,1,9,0,18,0,0,0,0,0,0,4,1,6,3,-1,-1,-1,-1,-1,-1
201350DE2N013,1,9,0,4,0,1,0,0,0,0,1,1,6,2,7,1560,2,8,9,1
201350DE2N013,2,9,0,3,0,1,0,0,0,0,2,1,6,2,9,1240,1,8,5,1
201350DE2N013,3,9,0,3,0,1,0,0,0,0,2,1,6,1,-1,2521,1,6,7,3
201350DE2N014,1,9,0,1,0,6,0,0,0,0,2,1,6,1,7,1997,2,6,6,1
201350DE2N014,2,1,0,18,0,1,0,0,0,0,1,1,6,1,6,-1,-1,-1,8,1
201350DE2N015,1,5,0,17,0,0,5,0,0,10,3,1,6,1,4,-1,-1,-1,5,3
201350DE2O001,1,9,0,10,0,5,0,0,0,0,1,1,2,1,7,2204,2,7,7,1
201350DE2O001,2,1,0,18,0,8,0,0,0,0,1,1,2,1,7,-1,-1,-1,9,1
201350DE2O002,1,9,0,18,0,0,0,0,0,0,1,1,6,3,-1,-1,-1,-1,-1,-1
201350DE2O003,1,9,0,9,0,8,0,0,0,0,4,1,6,1,-1,-1,-1,-1,-1,-1
201350DE2O003,2,5,0,18,0,1,0,0,0,0,3,1,6,1,4,600,1,10,4,1
201350DE2O005,1,9,0,9,0,1,0,0,0,0,4,1,6,3,-1,-1,-1,-1,-1,-1
201350DE2O005,2,1,0,18,0,1,0,0,0,0,1,1,6,1,4,-1,-1,-1,1,1
201350DE2O006,1,9,0,4,0,0,0,0,0,0,1,1,6,1,5,2495,2,17,4,1
201350DE2O006,2,9,0,4,0,0,0,0,0,0,2,1,6,1,4,1299,1,12,1,1
201350DE2O008,1,9,0,1,0,1,0,0,0,0,2,1,6,2,7,1598,1,12,7,3
201350DE2O009,1,9,0,18,9,8,0,0,1,10,1,1,6,1,5,1896,2,11,8,1
201350DE2O011,1,9,0,18,0,0,0,0,0,0,1,1,3,2,9,-1,-1,-1,5,3
201350DE2O013,1,9,0,4,0,1,0,0,0,0,1,1,6,2,5,1124,1,9,4,1
201350DE2O013,2,9,0,4,0,1,0,0,0,0,2,1,6,1,6,1596,1,8,8,1
201350DE2O021,1,9,0,9,0,8,0,0,0,0,1,1,6,3,-1,-1,-1,-1,-1,-1
201350DE2O021,2,1,0,18,0,8,0,0,0,0,1,1,6,1,6,-1,-1,-1,6,1
201350DE2P001,1,9,0,18,0,1,0,0,0,0,1,1,6,2,9,1997,2,10,6,3
201350DE2P001,2,9,0,18,0,1,0,0,0,0,3,1,6,2,4,1199,1,11,10,2
201350DE2P002,1,1,0,18,0,8,0,0,0,0,1,1,6,1,8,-1,-1,-1,8,1
201350DE2P002,2,9,0,9,0,1,0,0,0,0,1,1,6,2,8,1198,1,3,8,1
201350DE2P003,1,5,0,18,0,0,1,0,0,0,1,1,6,1,4,738,1,9,5,1
201350DE2P003,2,9,0,18,0,0,0,0,0,0,1,1,6,1,5,999,1,15,9,1
201350DE2P005,1,9,0,18,0,2,0,0,0,0,0,1,6,3,-1,-1,-1,-1,-1,-1
201350DE2P007,1,9,0,18,0,8,0,0,7,1,4,1,1,2,6,1868,2,14,4,1
201350DE2P007,2,9,0,18,0,8,0,0,0,0,1,1,6,2,7,999,1,1,7,3
201350DE2P009,1,1,0,15,4,1,0,0,0,0,1,1,6,1,7,-1,-1,-1,1,1
201350DE2P009,2,9,4,9,0,8,0,0,0,0,4,1,1,1,8,-1,-1,-1,8,1
201350DE2P010,1,2,0,14,0,8,0,0,0,0,1,1,6,1,4,49,1,6,4,1
201350DE2P010,2,9,0,10,0,8,0,0,0,0,3,1,6,2,8,1998,2,9,4,1
201350DE2P011,1,9,0,18,0,3,0,0,0,0,1,1,6,2,11,999,1,6,9,1
201350DE2P011,2,19,0,18,0,4,0,0,0,0,3,1,6,1,8,2402,2,3,10,1
201350DE2Q002,1,9,0,9,0,1,0,0,1,0,1,1,1,1,6,1299,1,16,6,1
201350DE2Q002,2,9,0,18,0,1,0,0,1,0,1,1,6,2,5,1587,1,10,8,1
201350DE2Q003,1,1,0,18,0,0,0,0,0,0,4,1,6,1,6,-1,-1,-1,7,1
201350DE2Q003,2,21,1,15,0,0,0,0,0,0,3,1,1,1,8,12777,2,7,4,2
201350DE2Q006,1,19,0,3,0,1,0,0,0,0,1,1,1,1,8,2143,2,2,2,1
201350DE2Q006,2,1,0,18,0,8,0,0,0,0,4,1,1,1,6,-1,-1,-1,9,1
201350DE2Q008,1,9,0,3,0,1,0,0,0,0,1,1,6,2,6,1149,1,9,4,1
201350DE2Q008,2,9,0,3,0,1,0,0,0,0,2,1,6,1,4,1587,1,15,3,1
201350DE2Q015,1,9,0,11,0,3,0,0,0,0,4,1,6,2,6,1198,1,8,9,3
201350DE2Q015,2,9,0,18,0,8,0,0,0,0,3,1,6,1,7,1997,2,9,-1,1
201350DE2Q015,3,9,0,18,0,8,0,0,0,0,2,1,6,1,6,1229,1,5,4,1
201350DE2Q016,1,9,0,9,0,8,0,0,0,0,1,1,6,2,-1,1240,1,10,5,1
201350DE2Q016,2,5,0,18,0,8,0,0,0,0,4,1,6,1,6,535,1,22,9,2
201350DE2R002,1,9,0,10,0,1,0,0,0,0,1,1,6,1,8,1584,1,10,4,1
201350DE2R002,2,3,0,18,0,8,2,0,1,10,3,1,6,1,4,-1,-1,-1,6,3
201350DE2R006,1,9,0,13,0,0,0,0,0,0,0,1,2,1,6,1999,1,7,5,3
201350DE2R006,2,9,0,18,0,0,1,0,2,0,1,1,2,2,5,1596,1,8,4,3
201350DE2R008,1,9,0,18,0,0,0,0,0,0,4,1,6,1,9,1968,2,2,4,1
201350DE2R008,2,1,0,18,0,0,0,0,0,0,3,1,6,1,3,-1,-1,-1,4,1
201350DE2R010,1,9,0,11,0,8,0,0,0,0,0,1,6,3,-1,-1,-1,-1,-1,-1
201350DE2R010,2,11,0,18,0,8,0,0,0,0,0,1,1,1,5,4250,2,7,6,2
201350DE2R012,1,9,0,18,0,1,2,0,0,1,3,1,6,1,8,1275,1,14,7,1
201350DE2R012,2,9,0,9,0,1,0,0,0,0,3,1,6,1,6,-1,-1,-1,6,2
201350DE2R013,1,9,0,18,0,0,0,0,0,0,4,1,6,1,6,1990,1,22,6,1
201350DE2R013,2,1,0,18,0,0,0,0,0,0,4,1,6,1,3,-1,-1,-1,4,1
201350DE2R014,1,9,0,5,0,1,0,0,0,0,2,1,6,1,6,-1,-1,-1,8,1
201350DE2R014,2,9,0,5,0,1,0,0,0,0,1,1,6,1,8,1560,2,-1,6,1
201350DE2R020,1,9,0,18,0,0,0,0,0,0,1,1,2,1,7,1461,2,4,6,1
201350DE2R020,2,1,0,10,0,0,0,0,0,0,1,1,6,1,3,-1,-1,-1,6,1
201350DE2R022,1,9,0,18,0,1,0,0,0,0,1,1,6,2,6,2495,2,14,4,3
201350DE2R029,1,9,0,18,0,1,0,0,0,0,2,1,6,1,9,1299,1,9,7,3
201350DE2R029,2,9,0,18,0,1,1,0,0,0,1,1,6,2,5,1997,1,9,5,1
201350DE2R030,1,4,0,14,0,8,1,0,0,0,1,1,6,1,4,498,1,17,5,1
201350DE2R030,2,9,0,5,0,8,0,0,0,0,4,1,1,1,8,1560,2,1,9,1
201350DE2R032,1,9,0,18,0,0,1,0,0,0,1,1,6,1,4,1390,1,9,7,2
201350DE2S002,1,9,0,4,0,1,0,0,0,0,1,1,6,1,6,-1,-1,-1,3,1
201350DE2S002,2,9,0,4,0,1,0,0,0,0,2,1,6,2,8,998,1,4,4,1
201350DE2S003,1,19,0,4,0,1,0,0,0,0,1,1,6,1,9,2461,2,12,8,2
201350DE2S003,2,9,0,4,0,1,0,0,0,0,2,1,6,1,6,1995,2,10,2,1
201350DE2S004,1,9,0,18,0,1,1,0,0,0,1,1,1,2,5,1596,1,5,2,1
201350DE2S004,2,9,0,2,0,1,0,0,0,0,1,1,6,2,8,1461,2,6,8,1
201350DE2T002,1,9,0,9,0,1,0,0,0,0,1,1,6,2,8,1796,1,9,10,2
201350DE2T002,2,3,0,18,0,1,0,0,0,0,1,1,2,1,9,125,1,9,5,1
201350DE2T003,1,9,0,18,0,4,0,0,0,0,3,1,2,2,7,1968,2,4,4,1
201350DE2T003,2,9,0,9,0,4,0,0,0,0,3,1,2,1,7,2495,2,16,4,1
201350DE2T005,1,1,0,9,0,0,0,0,0,0,2,1,1,2,6,-1,-1,-1,5,1
201350DE2T005,2,9,0,18,0,0,0,0,0,0,1,1,1,2,7,1560,2,2,7,1
201350DE2T006,1,5,0,13,0,1,5,0,0,0,1,1,6,1,10,865,1,4,5,1
201350DE2T006,2,20,0,9,0,8,0,0,0,0,3,1,1,1,7,-1,-1,-1,2,1
201350DE2T008,1,9,0,5,0,0,0,0,0,0,1,1,6,1,7,1973,1,12,6,1
201350DE2T008,2,1,0,18,0,0,5,0,0,0,2,1,6,2,8,-1,-1,-1,7,1
201350DE2T009,1,9,0,5,0,6,0,0,0,0,4,1,1,1,7,1896,2,12,7,3
201350DE2T009,2,1,0,18,0,8,0,0,0,0,1,1,6,1,7,-1,-1,-1,5,1
201350DE2T012,1,9,0,18,0,0,0,0,0,0,1,1,6,3,-1,-1,-1,-1,-1,-1
201350DE2T018,1,9,0,18,0,8,0,0,0,0,4,1,1,1,8,-1,-1,-1,7,3
201350DE2T018,2,1,0,18,0,8,0,0,0,0,1,1,6,2,7,-1,-1,-1,4,1
201350DE2T019,1,3,0,17,0,3,0,0,0,0,3,1,2,1,6,124,1,-1,5,1
201350DE2T022,1,9,0,6,0,3,0,0,0,0,1,1,2,1,7,3700,1,11,6,3
201350DE2T022,2,9,0,4,0,4,0,0,0,0,1,1,2,2,7,1968,2,3,9,2
201350DE2U001,1,9,0,18,0,1,0,0,0,0,2,1,6,1,7,-1,-1,-1,7,2
201350DE2U001,2,3,0,18,0,1,0,0,0,0,1,1,6,1,10,85,1,18,5,3
201350DE2U001,3,9,0,9,0,1,0,0,0,0,1,1,1,1,-1,1753,2,3,-1,-1
201350DE2U004,1,9,0,18,0,2,0,0,0,0,3,1,6,1,9,1598,1,14,6,1