Accident_Index,Vehicle_Reference,Vehicle_Type,Towing_and_Articulation,Vehicle_Manoeuvre,Vehicle_Location-Restricted_Lane,Junction_Location,Skidding_and_Overturning,Hit_Object_in_Carriageway,Vehicle_Leaving_Carriageway,Hit_Object_off_Carriageway,1st_Point_of_Impact,Was_Vehicle_Left_Hand_Drive?,Journey_Purpose_of_Driver,Sex_of_Driver,Age_Band_of_Driver,Engine_Capacity_(CC),Propulsion_Code,Age_of_Vehicle,Driver_IMD_Decile,Driver_Home_Area_Type
201350DE2U006,1,19,0,18,0,4,0,9,3,1,1,1,6,1,7,1275,1,26,4,1
201350DE2U008,1,19,4,18,0,1,0,0,0,0,1,1,6,1,7,1753,2,10,3,1
201350DE2U008,2,9,0,10,0,1,0,0,0,0,2,1,6,1,6,1560,2,6,3,1
201350DE2U010,1,9,0,18,0,8,0,0,0,0,1,1,6,1,8,1896,2,11,7,2
201350DE2U010,2,9,0,4,0,8,0,0,0,0,2,1,6,2,8,1198,1,9,10,2
201350DE2U010,3,9,0,18,0,8,0,0,0,0,0,1,1,1,-1,1753,2,2,7,1
201350DE2U011,1,9,0,18,0,0,0,7,0,1,1,1,6,2,4,1495,1,16,7,1
201350DE2U013,1,9,0,18,0,8,1,0,0,0,1,1,6,1,4,1299,1,11,5,1
201350DE2U013,2,1,0,18,0,8,5,0,0,0,1,1,6,1,6,-1,-1,-1,3,1
201350DE2U014,1,9,0,18,0,0,0,0,0,0,1,1,6,3,11,-1,-1,-1,9,1
201350DE2U014,2,1,0,18,0,0,5,0,0,0,4,1,6,1,4,-1,-1,-1,3,1
201350DE2U018,1,9,0,18,0,1,0,0,0,0,0,1,6,2,6,1596,1,7,-1,-1
201350DE2U019,1,9,0,18,0,3,1,0,0,0,4,1,6,1,6,1988,1,13,3,1
201350DE2U019,2,9,0,18,0,1,0,0,0,0,1,1,6,1,5,1998,1,9,7,1
201350DE2U019,3,9,0,18,0,1,0,0,0,0,1,1,6,1,7,1198,1,9,5,1
201350DE2V004,1,9,0,4,0,0,0,0,0,0,1,1,1,2,7,1364,1,4,5,3
201350DE2V004,2,9,0,4,0,0,0,0,0,0,2,1,6,2,7,1390,1,8,8,1
201350DE2V005,1,9,0,1,0,8,0,0,0,0,2,1,2,2,4,1389,1,12,4,1
201350DE2V005,2,3,0,18,0,1,5,0,0,0,1,1,2,1,7,125,1,1,6,3
201350DE2V006,1,9,0,18,0,0,1,7,4,1,4,1,6,2,7,1798,1,11,-1,-1
201350DE2V008,1,9,0,18,0,8,0,0,0,0,1,1,6,2,6,1796,1,13,8,2
201350DE2V008,2,9,0,9,0,8,0,0,0,0,3,1,6,1,6,1910,2,5,7,3
201350DE2V009,1,9,0,15,0,0,1,0,1,0,3,1,6,1,6,2497,1,6,8,1
201350DE2V009,2,9,0,18,0,0,0,0,0,0,4,1,6,2,8,2143,2,-1,8,1
201350DE2W001,1,9,0,18,0,0,0,0,0,0,4,1,2,1,8,1348,1,12,9,3
201350DE2W006,1,9,0,16,0,1,0,0,0,0,4,1,6,2,9,1498,1,5,4,1
201350DE2W007,1,1,0,9,0,8,0,0,0,0,1,1,6,2,6,-1,-1,-1,6,1
201350DE2W007,2,9,0,18,0,8,0,0,0,0,1,1,6,1,5,1360,1,9,3,1
201350EC2A003,1,9,0,5,0,1,0,0,0,0,1,1,6,2,-1,-1,-1,-1,-1,-1
201350EC2A003,2,1,0,18,0,8,0,0,0,0,4,1,6,1,4,-1,-1,-1,2,1
201350EC2A006,1,9,0,18,0,6,0,0,0,0,3,1,6,1,4,1299,1,17,2,1
201350EC2A006,2,19,0,18,0,1,0,0,0,0,1,1,6,1,6,2188,2,10,3,1
201350EC2A007,1,9,0,5,0,2,0,0,0,0,1,1,6,2,5,1299,1,12,4,1
201350EC2A011,1,9,0,18,0,0,0,0,0,0,1,1,6,2,8,1587,1,7,7,1
201350EC2A012,1,9,0,18,0,6,0,0,0,0,4,1,6,2,7,1389,1,15,3,1
201350EC2A012,2,11,0,18,0,1,0,0,0,0,1,1,1,1,8,5883,2,12,3,1
201350EC2A013,1,9,0,5,0,2,0,0,0,0,2,1,6,1,9,1560,2,2,4,1
201350EC2A013,2,9,0,18,0,1,0,0,0,0,3,1,6,1,6,1910,2,7,1,1
201350EC2A014,1,9,0,1,0,8,0,0,0,0,2,1,1,1,8,1910,2,6,2,1
201350EC2A016,1,9,0,5,0,6,0,0,0,0,3,1,6,1,9,-1,-1,-1,-1,-1
201350EC2A016,2,9,0,18,0,1,0,0,0,0,1,1,6,2,6,1587,1,9,3,1
201350EC2A016,3,9,0,18,0,1,0,0,0,0,0,1,6,1,7,1360,1,10,3,1
201350EC2A018,1,3,0,18,0,1,0,0,0,0,3,1,6,1,4,124,1,3,7,1
201350EC2A018,2,9,0,18,0,1,0,0,0,0,1,1,2,2,8,1150,1,6,5,1
201350EC2A018,3,9,0,2,0,1,0,0,0,0,2,1,6,2,-1,1497,8,5,5,1
201350EC2A019,1,9,0,1,0,0,0,0,1,11,2,1,6,2,10,1998,1,18,5,1
201350EC2A020,1,9,0,10,0,6,0,0,0,0,0,1,1,1,7,1968,2,2,7,1
201350EC2A020,2,5,0,18,0,1,0,0,0,0,0,1,1,1,9,647,1,15,8,1
201350EC2A021,1,9,0,18,0,1,0,0,0,0,1,1,6,2,5,1360,1,14,3,1
201350EC2A021,2,9,0,18,0,1,0,0,0,0,4,1,6,1,9,1798,1,9,4,1
201350EC2A021,3,9,0,3,0,1,0,0,0,0,3,1,6,1,10,1796,1,9,3,1
201350EC2B001,1,9,0,18,0,0,1,12,0,0,2,1,6,2,6,1527,2,18,2,1
201350EC2B001,2,19,0,18,0,0,1,0,0,0,1,1,6,1,6,1896,2,6,7,1
201350EC2B001,3,21,0,18,0,0,1,0,0,0,1,1,1,1,7,12900,2,5,8,1
201350EC2D001,1,9,0,5,0,6,0,0,0,0,1,1,1,1,7,1800,1,8,1,1
201350EC2D001,2,1,0,18,3,1,0,0,0,0,2,1,2,1,5,-1,-1,-1,2,1
201350EC2D002,1,9,0,9,0,8,0,0,0,0,4,1,6,1,6,1389,1,14,1,1
201350EC2D002,2,9,0,18,0,1,0,0,0,0,1,1,6,1,8,1896,2,4,5,1
201350EC2D003,1,9,0,18,0,1,0,0,0,0,1,1,6,3,-1,-1,-1,-1,-1,-1
201350EC2D006,1,9,0,5,0,0,0,0,0,0,1,1,6,1,7,1896,2,10,7,1
201350EC2D006,2,9,0,2,0,0,0,0,0,0,2,1,6,1,8,3248,1,15,2,1
201350EC2D014,1,9,0,18,0,1,0,0,0,0,3,1,6,1,7,-1,-1,-1,2,1
201350EC2D016,1,8,0,4,0,0,0,0,0,0,0,1,1,1,6,-1,-1,-1,4,1
201350EC2D016,2,9,0,18,0,0,0,0,0,0,0,1,6,3,-1,-1,-1,-1,-1,-1
201350EC2D017,1,9,0,4,0,4,0,0,1,0,0,1,6,1,7,1995,2,9,3,1
201350EC2D017,2,9,0,3,0,4,0,0,0,0,0,1,6,1,8,1896,2,11,1,1
201350EC2D018,1,9,0,12,2,0,0,0,0,0,2,1,6,1,-1,-1,-1,-1,2,1
201350EC2D018,2,11,0,18,2,0,0,0,0,0,1,1,6,1,7,3900,2,9,4,1
201350EC2D021,1,9,0,18,0,8,0,0,0,0,1,1,6,1,-1,1796,1,12,6,3
201350EC2D021,2,9,0,18,0,8,0,0,0,0,1,1,6,1,7,1497,8,5,5,1
201350EC2D023,1,9,0,18,0,0,0,0,0,0,1,1,6,2,6,1995,2,2,2,1
201350EC2D023,2,9,0,4,0,0,0,0,0,0,2,1,6,2,6,1796,1,12,7,1
201350EC2D025,1,19,0,1,0,0,0,0,0,0,2,1,1,1,6,2402,2,6,5,1
201350EC2D026,1,5,0,7,0,3,1,0,0,0,0,1,6,1,8,599,1,14,1,1
201350EC2D026,2,19,0,18,0,1,0,0,0,0,0,1,6,1,-1,1995,2,5,2,1
201350EC2D027,1,2,0,18,0,0,0,0,0,0,0,1,1,1,4,49,1,1,7,1
201350EC2D030,1,9,0,18,0,2,0,0,0,0,4,1,6,2,6,1229,1,6,6,1
201350EC2D031,1,9,0,18,0,4,0,0,0,0,2,1,6,2,10,1968,2,7,7,1
201350EC2D031,2,2,0,18,0,4,0,0,0,0,1,1,6,1,4,50,1,3,7,1
201350EC2D032,1,9,0,16,0,8,1,4,0,0,3,1,6,1,-1,1242,1,5,3,1
201350EC2D032,2,9,0,2,0,8,0,0,0,0,3,1,6,2,10,-1,-1,-1,2,1
201350EC2D033,1,9,0,5,0,4,0,0,0,0,3,1,6,1,10,1396,1,16,2,1
201350EC2D033,2,9,0,6,0,3,0,0,0,0,4,1,6,2,6,1998,2,12,2,1
201350EC2E004,1,9,0,4,0,1,0,0,0,0,1,1,6,2,6,1998,1,8,2,1
201350EC2E004,2,9,0,4,0,2,0,0,0,0,2,1,6,1,7,1596,1,11,7,1
201350EC2E005,1,11,0,18,0,2,1,0,0,0,1,1,1,1,9,-1,2,16,5,1
201350EC2E006,1,11,0,14,0,1,0,0,0,0,0,1,1,1,8,5900,2,17,2,1
201350EC2E011,1,9,0,18,0,0,0,0,0,0,3,1,1,1,7,2179,2,4,2,1
201350EC2E011,2,1,0,18,0,0,0,0,0,0,4,1,6,1,4,-1,-1,-1,4,1
201350EC2E014,1,9,0,3,0,1,0,0,0,0,1,1,1,1,8,1968,2,4,3,1
201350EC2E014,2,1,0,18,0,1,0,0,0,0,4,1,1,1,8,-1,-1,-1,3,1
201350EC2E017,1,9,0,9,0,1,0,0,0,0,1,1,6,1,6,1598,1,9,7,1
201350EC2E017,2,9,0,17,0,1,0,0,0,0,1,1,6,2,5,1587,1,17,3,1
201350EC2E018,1,9,0,7,0,8,0,0,0,0,1,1,6,1,7,2204,2,8,2,1
201350EC2E018,2,9,0,18,0,8,0,0,0,0,1,1,6,2,7,1995,2,2,9,1
201350EC2E022,1,9,0,18,0,4,0,0,0,0,3,1,6,1,9,-1,-1,-1,-1,-1
201350EC2E022,2,9,0,11,0,8,0,0,0,0,4,1,6,1,7,1997,2,3,8,1
201350EC2E027,1,21,0,5,0,3,0,0,0,0,1,1,1,1,8,-1,-1,-1,-1,-1
201350EC2E027,2,9,0,3,0,3,0,0,0,0,4,1,6,2,6,1995,2,9,5,1
201350EC2E028,1,9,0,18,0,0,0,0,0,0,0,1,6,1,9,1364,1,6,10,1
201350EC2E029,1,9,0,9,0,2,0,0,0,0,1,1,6,1,5,1598,1,13,9,3
201350EC2E029,2,5,0,18,0,1,0,0,0,0,4,1,6,1,8,599,1,14,5,1
201350EC2E034,1,9,0,18,0,1,0,0,0,0,1,1,6,1,9,1582,2,-1,10,1
201350EC2E034,2,9,0,18,0,1,0,0,0,0,2,1,6,1,10,1396,1,10,8,1
201350EC2E040,1,9,0,18,0,0,0,0,0,0,4,1,6,1,6,1596,1,-1,1,1
201350EC2E042,1,9,0,12,0,0,0,0,0,0,3,1,6,1,5,1390,1,11,5,1
201350EC2E042,2,3,0,18,0,0,0,0,0,0,4,1,6,1,4,124,1,3,1,1
201350EC2E044,1,9,0,11,0,0,0,0,0,0,1,1,1,1,5,-1,-1,-1,6,1
201350EC2E044,2,1,0,18,0,0,0,0,0,0,4,1,6,1,7,-1,-1,-1,3,1
201350EC2E047,1,9,0,18,0,1,0,0,0,0,1,1,6,1,11,1390,1,4,6,1
201350EC2E047,2,9,0,18,0,1,0,0,0,0,2,1,6,1,6,1461,2,3,9,1
201350EC2E048,1,9,0,18,0,0,0,0,0,0,3,1,6,1,8,1598,1,1,7,1
201350EC2E050,1,9,0,18,0,0,5,0,2,10,1,1,2,2,6,1596,1,10,6,3
201350EC2E057,1,9,0,3,0,2,0,0,0,0,2,1,6,1,10,1398,2,1,5,1
201350EC2E060,1,11,0,18,0,0,0,0,0,0,0,1,1,1,8,6700,2,5,2,1
201350EC2E061,1,9,0,4,0,4,0,0,0,0,0,1,1,1,7,1339,1,9,3,1
201350EC2E062,1,11,0,18,0,0,0,0,0,0,0,1,1,1,9,548,2,13,3,1
201350EC2E066,1,9,0,4,0,1,0,0,0,0,1,1,6,2,5,-1,-1,-1,5,1
201350EC2E066,2,9,0,3,0,1,0,0,0,0,2,1,6,2,9,1242,1,8,2,1
201350EC2E066,3,9,0,3,0,1,0,0,0,0,2,1,6,2,11,1390,1,8,8,1
201350EC2E070,1,9,0,18,0,0,0,0,0,0,1,1,6,2,-1,1590,1,11,2,1
201350EC2E074,1,9,0,1,0,0,0,0,0,0,2,1,6,2,4,998,1,11,3,1
201350EC2E075,1,19,0,5,0,8,0,0,0,0,4,1,1,2,8,2464,2,6,7,1
201350EC2E079,1,3,0,18,0,0,0,0,0,0,1,1,6,1,7,124,1,5,7,1
201350EC2E080,1,3,0,18,0,0,0,0,0,0,1,1,6,1,4,125,1,1,5,2
201350EC2E080,2,3,0,4,0,0,0,0,0,0,2,1,6,1,5,124,1,11,2,1
201350EC2E080,3,3,0,3,0,0,0,0,0,0,2,1,6,2,5,-1,-1,-1,7,2
201350EC2E081,1,9,0,17,0,3,0,0,0,0,2,1,6,1,5,1399,1,5,4,1
201350EC2E081,2,1,0,17,0,8,0,0,0,0,1,1,6,1,8,-1,-1,-1,8,1
201350EC2E083,1,9,0,9,0,5,0,0,0,0,4,1,6,2,6,1390,1,9,3,1
201350EC2E083,2,4,0,18,0,1,0,0,0,0,1,1,6,1,-1,198,1,32,2,1
201350EC2E088,1,9,0,9,9,2,0,0,0,0,0,1,6,1,4,1796,1,10,5,1
201350EC2E089,1,9,0,5,0,4,0,0,0,0,1,1,6,1,11,1753,2,10,10,1
201350EC2E089,2,1,0,18,0,8,0,0,0,0,4,1,6,1,6,-1,-1,-1,2,1
201350EC2E091,1,5,0,5,0,8,2,0,0,0,4,1,2,1,6,1352,1,4,4,1
201350EC2E096,1,9,0,18,0,8,0,0,0,10,4,1,6,2,8,-1,-1,-1,8,1
201350EC2E104,1,9,0,18,0,0,0,0,0,0,1,1,4,2,5,1199,1,11,3,1
201350EC2E104,2,9,0,3,0,0,0,0,0,0,2,1,6,2,7,1587,1,10,2,1
201350EC2E105,1,9,0,4,0,1,0,0,0,0,2,1,6,1,7,1679,1,14,1,1
201350EC2E105,2,9,0,4,0,1,0,0,0,0,1,1,6,2,6,1896,2,10,2,1
201350EC2E108,1,9,0,11,0,0,0,0,0,0,4,1,6,2,11,996,1,2,3,1
201350EC2E108,2,3,0,18,0,0,0,0,0,0,3,1,6,1,8,125,1,-1,5,1
201350EC2F001,1,8,0,12,0,0,0,0,0,0,2,1,1,1,6,1896,2,8,3,1
201350EC2F001,2,9,0,18,0,0,0,0,0,0,1,1,6,1,5,1149,1,10,2,1
201350EC2G002,1,8,0,9,0,8,0,0,0,0,1,1,1,1,8,1997,2,7,5,1
201350EC2G003,1,9,0,18,0,1,0,0,0,0,1,1,6,1,-1,1948,1,14,2,1
201350EC2G006,1,4,0,18,0,1,0,0,0,0,1,1,6,2,5,125,1,2,7,1
201350EC2G006,2,9,0,18,0,1,0,0,0,0,2,1,6,1,7,1360,1,13,3,1
201350EC2G009,1,9,0,18,0,1,0,0,0,0,4,1,6,3,-1,-1,-1,-1,-1,-1
201350EC2G010,1,9,0,4,0,1,0,0,0,0,1,1,1,3,-1,-1,-1,-1,-1,-1
201350EC2G012,1,1,0,16,0,8,0,0,0,0,1,1,2,1,6,-1,-1,-1,9,1
201350EC2G014,1,9,0,18,0,0,0,0,0,0,0,1,6,3,-1,-1,-1,-1,-1,-1
201350EC2G015,1,8,0,17,0,0,0,10,1,2,1,1,1,1,6,1896,2,10,4,1
201350EC2G018,1,9,0,18,0,1,1,0,0,0,4,1,6,1,6,1995,2,12,-1,-1
201350EC2G019,1,9,0,3,0,8,0,0,0,0,1,1,6,1,7,2976,1,10,3,1
201350EC2G019,2,9,0,3,0,8,0,0,0,0,2,1,6,2,7,1242,1,3,4,1
201350EC2G022,1,9,0,18,0,8,0,0,0,0,3,1,6,1,8,1796,1,11,3,1
201350EC2G022,2,9,0,7,0,8,0,0,0,0,4,1,6,1,8,1598,1,5,6,1
201350EC2G028,1,9,0,13,0,1,0,0,0,0,1,1,6,1,7,-1,-1,-1,6,1
201350EC2G028,2,9,0,11,0,1,0,0,0,0,2,1,6,1,8,1560,2,6,2,1
201350EC2H003,1,9,0,18,9,0,0,0,0,0,1,1,6,1,-1,1796,1,10,-1,-1
201350EC2H005,1,8,0,18,0,0,0,0,0,0,4,1,6,1,8,-1,-1,-1,1,1
201350EC2H006,1,2,0,12,0,3,0,0,0,0,1,1,1,1,4,49,1,1,10,1
201350EC2H006,2,9,0,4,0,3,0,0,0,0,2,1,1,2,7,998,1,3,3,1
201350EC2H007,1,8,0,7,0,4,0,0,0,0,1,1,1,1,8,1910,2,4,6,1
201350EC2H007,2,1,0,18,0,8,0,0,0,0,4,1,2,1,5,-1,-1,-1,5,1
201350EC2H009,1,9,0,17,0,1,0,0,0,0,0,1,6,1,4,1199,1,9,3,1
201350EC2H010,1,9,0,4,0,1,0,0,0,0,1,1,6,1,10,1956,2,2,2,1
201350EC2H011,1,9,0,7,0,8,0,0,0,0,1,1,6,1,5,1299,1,12,10,3
201350EC2H011,2,9,0,9,0,8,0,0,0,0,3,1,1,1,6,1753,2,3,1,1
201350EC2H012,1,1,0,18,0,8,0,0,0,0,1,1,2,1,6,-1,-1,-1,7,1
201350EC2H012,2,9,0,18,0,8,0,0,0,0,1,1,6,1,7,3498,1,8,8,1
201350EC2H013,1,9,0,9,0,6,0,0,0,0,1,1,6,2,11,998,1,16,5,1
201350EC2H013,2,9,0,18,0,1,0,0,0,0,1,1,6,1,8,1229,1,7,2,1
201350EC2H014,1,9,0,9,0,8,0,0,0,0,4,1,6,2,6,1600,1,13,10,1
201350EC2H014,2,5,0,18,0,1,0,0,0,0,1,1,6,1,5,599,1,9,5,3
201350EC2H015,1,5,0,13,0,6,0,0,7,0,0,1,6,1,5,599,1,18,4,1
201350EC2H015,2,9,0,9,0,1,0,0,0,0,0,1,1,1,9,1998,2,9,4,1
201350EC2H020,1,9,0,11,0,8,0,0,0,0,4,1,6,1,4,-1,-1,-1,1,1
201350EC2H020,2,9,0,18,0,8,0,0,0,0,3,1,6,1,11,1598,1,11,7,1
201350EC2H022,1,9,0,18,0,1,0,0,0,0,1,1,6,2,6,-1,-1,-1,7,1
201350EC2H022,2,9,0,3,0,1,0,0,0,0,2,1,6,2,9,1598,1,20,4,1
201350EC2H024,1,9,0,18,0,0,0,0,0,0,1,1,2,1,8,1390,1,10,1,1
201350EC2H025,1,9,0,16,0,3,0,0,0,0,4,1,1,1,10,-1,-1,-1,5,3
201350EC2H025,2,9,0,16,0,3,0,0,0,0,3,1,6,2,7,2000,1,18,2,1
201350EC2H027,1,9,0,18,0,0,0,0,0,0,1,1,6,3,-1,-1,-1,-1,-1,-1
201350EC2H028,1,9,0,5,0,4,0,0,0,0,1,1,6,1,6,-1,-1,-1,5,1
201350EC2H028,2,9,0,5,0,4,0,0,0,0,2,1,2,1,6,1497,1,8,5,1
201350EC2H029,1,8,0,17,0,1,0,0,0,0,0,1,1,1,6,-1,-1,-1,1,1
201350EC2H032,1,9,0,18,0,1,0,0,0,0,0,1,6,2,5,998,1,11,2,1
201350EC2H034,1,9,0,9,0,8,0,0,0,0,4,1,6,1,5,1198,1,6,5,1
201350EC2H034,2,3,0,18,0,8,0,0,0,0,1,1,6,1,5,125,1,7,2,1
201350EC2H035,1,9,0,18,0,0,0,0,0,0,1,1,6,1,6,1796,1,14,1,1
201350EC2H035,2,9,0,5,0,0,0,0,0,0,2,1,6,1,8,-1,-1,-1,3,1
201350EC2H035,3,9,0,2,0,0,0,0,0,0,3,1,6,1,7,3000,1,13,1,1
201350EC2H035,4,9,0,2,0,0,0,0,0,0,3,1,6,2,-1,1299,1,12,9,1
201350EC2H037,1,9,0,18,0,8,0,0,0,0,3,1,1,1,8,1590,1,22,7,1
201350EC2H037,2,9,0,9,0,8,0,0,0,0,4,1,6,1,8,1124,1,10,-1,-1
201350EC2H038,1,9,0,9,0,2,0,0,0,0,3,1,6,1,10,1560,2,1,8,1
201350EC2H038,2,1,0,18,0,1,0,0,0,0,1,1,6,1,5,-1,-1,-1,4,1
201350EC2H039,1,3,0,18,0,1,0,0,0,0,4,1,2,1,5,124,1,-1,5,1
201350EC2H040,1,8,0,18,0,0,0,0,0,0,1,1,1,1,9,1997,2,11,3,1
201350EC2H042,1,8,0,18,0,8,0,0,0,1,1,1,1,1,7,1896,2,7,6,1
201350EC2H043,1,9,0,18,0,6,0,0,0,0,3,1,6,1,5,1896,2,16,4,1
201350EC2H043,2,5,0,18,0,8,0,0,0,0,1,1,2,1,8,749,1,13,7,1
201350EC2J001,1,9,0,7,0,3,0,0,0,0,4,1,6,3,-1,1390,1,5,2,1
201350EC2J001,2,1,0,18,4,8,0,0,0,0,3,1,6,1,8,-1,-1,-1,9,1
201350EC2J002,1,9,0,16,0,3,0,10,6,0,1,1,6,1,10,-1,-1,-1,2,1
201350EC2J002,2,9,0,18,0,1,0,0,0,0,1,1,6,1,5,1360,1,7,-1,3
201350EC2J003,1,9,0,13,0,1,0,0,7,0,1,1,6,1,7,-1,-1,-1,7,1
201350EC2J003,2,9,0,9,0,1,0,0,0,0,3,1,6,1,9,3498,1,8,3,1
201350EC2J003,3,9,0,2,9,1,0,0,0,0,4,1,4,1,6,1896,2,6,1,1
201350EC2J007,1,9,0,9,0,0,0,0,0,0,0,1,6,2,7,-1,-1,-1,-1,-1
201350EC2J007,2,20,0,18,0,0,0,0,0,0,0,1,1,1,8,-1,-1,-1,8,1
201350EC2J008,1,9,0,18,0,1,0,0,0,0,1,1,6,1,7,973,1,13,5,1
201350EC2J008,2,9,0,3,0,1,0,0,0,0,2,1,6,1,6,2497,2,9,7,1
201350EC2J009,1,9,0,18,0,1,0,0,0,0,1,1,1,2,7,1242,1,3,4,1
201350EC2J009,2,9,0,4,0,1,0,0,0,0,2,1,1,2,8,1360,1,5,2,1
201350EC2J010,1,3,0,17,2,3,0,0,0,7,1,1,2,1,4,124,1,5,5,1
201350EC2J011,1,19,0,18,0,1,0,0,0,0,1,1,6,1,7,1753,2,9,2,1
201350EC2J011,2,9,0,7,0,1,0,0,3,1,2,1,6,1,8,1391,1,19,10,1
201350EC2J014,1,9,0,9,0,2,0,0,0,0,1,1,1,1,9,1598,1,8,1,1
201350EC2J014,2,1,0,9,0,1,0,0,0,0,3,1,2,1,9,-1,-1,-1,7,1
201350EC2J015,1,21,0,18,0,7,0,0,0,0,1,1,1,1,6,5880,2,7,5,3
201350EC2J015,2,9,0,18,0,7,0,0,0,0,2,1,6,1,5,1998,1,8,5,1
201350EC2J016,1,9,0,2,0,0,0,0,0,0,3,1,6,1,7,1665,2,15,5,3
201350EC2J016,2,1,0,18,0,0,0,0,0,0,3,1,6,1,8,-1,-1,-1,5,1
201350EC2J017,1,8,0,3,0,1,0,0,0,0,1,1,6,3,-1,-1,-1,-1,-1,-1
201350EC2J017,2,4,0,3,0,1,0,0,0,0,2,1,6,1,5,487,1,20,2,1
201350EC2J020,1,9,0,3,0,1,0,0,0,0,2,1,6,1,5,1390,1,15,4,1
201350EC2J020,2,9,0,3,0,1,0,0,0,0,2,1,6,2,6,-1,-1,-1,9,1
201350EC2J020,3,9,0,18,0,1,0,0,0,0,1,1,6,2,6,1461,2,8,9,1
201350EC2J022,1,9,0,7,0,8,0,0,0,0,3,1,6,1,10,1332,1,19,2,1
201350EC2J022,2,9,0,18,0,1,0,0,0,0,3,1,6,2,6,1242,1,4,1,1
201350EC2J024,1,2,0,9,0,8,0,0,0,0,0,1,6,1,4,125,1,1,3,1
201350EC2J027,1,9,0,11,0,0,0,0,0,0,0,1,6,1,6,1994,1,9,5,3
201350EC2J027,2,11,0,18,0,0,0,0,0,0,0,1,1,1,8,6370,2,8,3,1
201350EC2J028,1,9,0,16,0,1,1,0,0,0,1,1,2,1,5,1995,2,12,4,1
201350EC2J028,2,9,0,10,0,1,0,0,0,0,1,1,1,1,6,1896,2,13,6,3
201350EC2J029,1,3,0,7,0,6,2,0,0,0,0,1,6,1,4,98,1,26,3,1
201350EC2J035,1,9,0,18,0,0,5,0,0,0,3,1,6,1,7,2171,1,12,4,1
201350EC2J040,1,5,0,14,0,0,0,0,0,0,1,1,6,3,-1,600,1,18,-1,-1
201350EC2J040,2,8,0,9,0,0,0,0,0,0,3,1,6,1,-1,1997,2,11,5,1
201350EC2J043,1,9,0,17,0,8,0,0,0,0,4,1,6,2,10,1598,1,1,8,1
201350EC2J043,2,98,0,18,0,8,0,0,0,0,3,1,6,1,6,-1,-1,-1,8,1
201350EC2J044,1,9,0,18,0,1,0,0,0,0,1,1,6,1,9,1753,2,5,5,1
201350EC2J044,2,3,0,10,0,1,0,0,0,0,2,1,6,1,7,125,1,3,8,1
201350EC2J046,1,2,0,11,0,8,1,0,0,0,1,1,4,1,4,50,1,5,5,3
201350EC2J046,2,9,0,4,0,8,0,0,0,0,2,1,2,1,8,1968,2,2,9,1
201350EC2J047,1,9,0,5,0,4,0,0,0,0,1,1,3,1,7,1896,2,8,3,1
201350EC2J047,2,2,0,3,0,1,0,0,0,0,2,1,4,1,4,49,1,7,1,1
201350EC2J048,1,3,0,18,0,0,1,0,0,0,4,1,1,1,4,125,1,1,6,1
201350EC2J049,1,9,0,4,0,3,1,0,0,0,1,1,6,1,9,2495,2,16,5,2
201350EC2J049,2,9,0,2,0,3,0,0,0,0,2,1,6,2,8,1468,1,11,7,1
201350EC2J050,1,9,0,7,0,1,0,0,0,0,4,1,1,1,9,1598,1,12,3,1
201350EC2J050,2,3,0,15,2,1,0,0,0,0,3,1,2,1,4,125,1,1,10,1
201350EC2J052,1,9,0,18,0,0,5,0,1,11,1,1,6,1,4,1229,1,6,10,1
201350EC2J055,1,9,0,18,0,0,0,0,0,0,0,1,6,3,-1,-1,-1,-1,-1,-1
201350EC2J056,1,20,0,18,0,0,0,0,0,0,1,1,6,1,-1,-1,-1,-1,-1,-1
201350EC2J056,2,9,0,18,0,0,0,0,0,0,2,1,6,1,7,-1,-1,-1,7,1
201350ED20001,1,9,0,3,0,4,0,0,0,0,1,1,2,2,4,1299,1,8,5,1
201350ED20001,2,9,0,4,0,4,0,0,0,0,2,1,2,1,7,1461,2,8,3,1
201350ED20001,3,9,0,4,0,4,0,0,0,0,0,1,6,2,8,1598,2,1,2,1
201350ED20003,1,9,0,2,0,1,0,10,1,11,2,1,2,1,7,1783,1,13,2,1
201350ED20004,1,9,0,1,0,6,0,4,0,0,2,1,6,1,11,999,1,4,3,1
201350ED20004,2,9,0,2,0,1,0,0,0,0,2,1,6,2,8,1753,2,11,3,1
201350ED20005,1,9,0,18,0,0,0,0,0,0,1,1,6,1,8,1396,1,8,4,1
201350ED20006,1,9,0,3,0,1,0,0,0,0,1,1,3,2,7,1598,1,15,3,1
201350ED20007,1,9,0,5,0,1,0,0,0,0,0,1,6,1,8,1995,2,3,3,1
201350ED20007,2,9,0,3,0,1,0,0,0,0,0,1,6,1,10,1493,1,10,2,1
201350ED20009,1,9,0,9,0,1,0,0,0,0,1,1,6,1,8,-1,-1,-1,1,1
201350ED20009,2,9,0,3,0,1,0,0,0,0,2,1,6,1,5,1796,1,12,5,1
201350ED20010,1,9,0,9,0,6,0,0,0,0,4,1,6,2,6,1598,1,12,5,1
201350ED20010,2,9,0,3,0,1,0,0,0,0,3,1,6,1,10,1560,2,1,5,1
201350ED20011,1,9,0,9,0,7,0,0,0,0,1,1,1,1,9,-1,-1,-1,3,1
201350ED20011,2,9,0,18,0,1,0,0,0,0,1,1,1,2,8,999,1,12,2,1
201350ED20012,1,9,0,18,0,1,1,0,0,0,1,1,1,1,6,2967,2,3,7,1
201350ED20012,2,9,0,18,0,1,0,0,0,0,2,1,6,2,8,1994,2,3,7,1
201350ED20012,3,9,0,18,0,1,0,0,0,0,2,1,6,2,8,-1,-1,-1,8,1
201350ED20013,1,9,0,5,0,2,0,0,0,0,1,1,6,2,7,1360,1,12,5,1
201350ED20013,2,9,0,4,0,2,0,0,0,0,2,1,6,1,5,1497,1,10,4,1
201350ED20014,1,9,0,17,0,1,0,0,0,0,1,1,6,2,5,1397,1,12,3,1
201350ED20014,2,9,0,17,0,1,0,0,0,0,1,1,1,2,9,999,1,7,3,1
201350ED20014,3,9,0,17,0,1,0,0,0,0,2,1,6,1,11,1796,1,-1,3,1
201350ED2A002,1,9,0,18,0,0,0,0,0,0,1,1,6,3,-1,-1,-1,-1,-1,-1
201350ED2A003,1,5,0,18,0,1,0,12,0,0,1,1,6,1,5,636,1,11,1,1