Accident_Index,Vehicle_Reference,Vehicle_Type,Towing_and_Articulation,Vehicle_Manoeuvre,Vehicle_Location-Restricted_Lane,Junction_Location,Skidding_and_Overturning,Hit_Object_in_Carriageway,Vehicle_Leaving_Carriageway,Hit_Object_off_Carriageway,1st_Point_of_Impact,Was_Vehicle_Left_Hand_Drive?,Journey_Purpose_of_Driver,Sex_of_Driver,Age_Band_of_Driver,Engine_Capacity_(CC),Propulsion_Code,Age_of_Vehicle,Driver_IMD_Decile,Driver_Home_Area_Type
201350ED2Q001,2,9,0,2,0,0,0,0,0,0,3,1,6,3,-1,1360,1,15,-1,-1
201350ED2Q001,3,9,0,2,0,0,0,0,0,0,4,1,6,3,-1,2494,1,27,-1,-1
201350ED2R002,1,9,0,5,0,6,0,0,0,0,1,1,1,1,5,1798,1,16,3,1
201350ED2R002,2,9,0,18,0,1,0,0,0,0,4,1,1,2,6,1388,1,9,1,1
201350EK2A005,1,9,0,18,0,0,0,0,0,0,1,1,6,2,6,1388,1,10,9,1
201350EK2A005,2,9,0,4,0,0,0,0,0,0,2,1,6,1,8,2967,2,-1,9,1
201350EK2A009,1,9,0,16,0,1,0,0,0,0,1,1,6,1,11,1749,1,12,3,1
201350EK2A009,2,9,0,3,0,1,0,0,0,0,2,1,6,1,7,3165,1,13,6,1
201350EK2A010,1,9,0,18,0,4,0,0,0,0,3,1,6,2,9,1560,2,5,8,1
201350EK2A010,2,1,0,18,0,8,0,0,0,0,4,1,6,1,8,-1,-1,-1,6,1
201350EK2A012,1,9,0,17,0,0,5,0,7,9,1,1,2,1,6,1339,1,9,4,1
201350EK2A013,1,9,0,18,0,4,0,0,0,0,0,1,6,2,7,1749,1,12,5,1
201350EK2B001,1,9,0,11,0,0,0,0,0,0,4,1,2,1,7,1997,2,10,2,1
201350EK2B001,2,5,0,15,0,0,0,0,0,0,1,1,2,1,6,749,1,14,2,1
201350EK2B002,1,3,0,18,0,0,1,0,0,0,1,1,6,1,5,124,1,5,5,1
201350EK2B002,2,9,0,18,0,0,0,0,0,0,1,1,6,1,9,1392,1,19,10,1
201350EK2B003,1,4,0,18,0,0,1,0,0,0,2,1,6,1,6,893,1,19,7,1
201350EK2B003,2,9,0,18,0,0,0,0,0,0,1,1,6,3,-1,-1,-1,-1,-1,-1
201350EK2B004,1,19,0,9,0,8,0,0,0,0,0,1,6,3,-1,2151,2,13,-1,-1
201350EK2B004,2,2,0,18,0,8,0,0,0,0,0,1,2,1,4,49,1,3,5,1
201350EK2B005,1,9,0,9,0,1,0,0,0,0,4,1,6,1,9,2995,1,10,5,1
201350EK2B005,2,1,0,18,0,8,1,0,0,0,1,1,6,1,7,-1,-1,-1,9,1
201350EK2B007,1,3,0,18,0,0,1,0,0,0,1,1,6,1,4,125,1,4,9,1
201350EK2B007,2,9,0,3,0,0,0,0,0,0,2,2,6,2,8,1984,2,1,6,1
201350EK2B008,1,3,0,18,0,8,0,0,0,0,1,1,6,1,4,124,1,9,8,1
201350EK2B010,1,9,0,18,0,0,0,0,0,0,1,1,4,2,4,1124,1,10,8,1
201350EK2B011,1,11,0,9,0,8,0,0,0,0,4,1,6,1,9,7300,2,11,1,1
201350EK2B012,1,9,0,9,0,2,0,0,0,0,1,1,6,1,6,1299,1,10,5,1
201350EK2B012,2,9,0,17,0,1,0,0,0,0,1,1,6,2,5,1796,1,5,8,1
201350EK2B015,1,9,0,18,0,0,0,0,0,0,1,1,6,2,9,1461,2,8,8,1
201350EK2B015,2,9,0,3,0,0,0,0,0,0,2,1,2,2,5,1796,1,14,3,1
201350EK2B016,1,9,0,18,0,8,0,0,0,0,1,1,6,2,8,1598,1,12,6,1
201350EK2B016,2,9,0,9,0,8,0,0,0,0,4,1,6,1,4,1229,1,8,6,1
201350EK2B017,1,9,0,5,0,0,0,0,0,0,1,1,6,1,8,1997,1,6,9,1
201350EK2B025,1,11,0,3,0,4,0,0,0,0,0,1,1,1,8,-1,2,15,5,1
201350EK2B027,1,9,0,4,0,1,0,0,0,0,1,1,6,1,7,1995,2,8,7,1
201350EK2B027,2,9,0,3,0,1,0,0,0,0,2,1,6,2,8,1248,1,1,7,1
201350EK2B028,1,9,0,5,0,6,0,0,0,0,1,1,6,1,10,2199,2,2,10,1
201350EK2B028,2,9,0,18,0,1,0,0,0,0,4,1,6,1,10,-1,-1,-1,5,1
201350EK2B030,1,9,0,6,0,0,0,0,0,0,0,1,1,1,7,-1,-1,-1,8,1
201350EK2B030,2,1,0,16,0,0,1,10,7,11,1,1,2,1,7,-1,-1,-1,9,1
201350EK2B031,1,9,0,18,0,0,0,7,5,0,1,1,6,1,7,1996,1,13,5,3
201350EK2B032,1,9,0,18,0,4,0,0,0,0,1,1,6,1,-1,1753,2,9,4,3
201350EK2B032,2,2,0,9,0,8,2,0,0,0,4,1,6,1,4,49,1,8,9,1
201350EK2B033,1,9,0,12,0,0,0,0,0,0,2,1,1,2,5,1388,1,14,6,1
201350EK2B033,2,9,0,18,0,0,0,0,0,0,1,1,1,1,5,2198,2,6,8,1
201350EK2B034,1,9,0,16,0,0,0,10,5,2,1,1,6,2,11,1086,1,8,3,1
201350EK2B035,1,9,0,9,0,0,0,0,0,0,1,1,6,2,4,998,1,7,6,1
201350EK2B035,2,9,0,18,0,0,0,0,0,0,1,1,6,1,5,1999,1,-1,1,1
201350EK2B040,1,9,0,18,0,8,0,0,0,0,4,1,6,1,7,1783,1,13,8,1
201350EK2B040,2,9,0,18,0,8,0,0,0,0,1,1,6,1,7,1994,1,9,9,3
201350EK2B042,1,5,0,9,0,2,2,0,0,0,0,1,2,1,7,1043,1,-1,8,1
201350EK2B043,1,9,0,1,0,0,0,0,0,0,2,1,6,2,8,3189,1,8,8,2
201350EK2B043,2,9,0,18,0,0,0,0,0,0,1,1,6,2,5,1242,1,-1,6,3
201350EK2B044,1,9,0,4,0,1,0,0,0,0,2,1,6,1,6,1796,7,10,8,1
201350EK2B044,2,9,0,18,0,1,0,0,0,0,1,1,6,1,6,1995,2,6,7,3
201350EK2B044,3,9,0,18,0,1,0,0,0,0,1,1,6,1,6,1895,1,13,1,1
201350EK2B044,4,9,0,2,5,1,0,0,0,0,0,1,6,1,5,1461,2,3,7,1
201350EK2B046,1,9,0,11,0,0,0,0,1,0,1,1,6,1,6,1995,2,11,5,1
201350EK2B046,2,9,0,18,0,0,2,0,1,0,2,1,6,1,8,2499,2,17,6,1
201350EK2B047,1,9,0,4,0,0,1,0,0,0,1,1,6,2,10,1995,2,2,10,1
201350EK2B047,2,9,0,3,0,0,0,0,0,0,2,1,2,1,9,1995,2,1,6,1
201350EK2B047,3,9,0,3,0,0,0,0,0,0,2,1,6,2,6,1392,1,15,6,1
201350EK2B048,1,9,0,5,0,0,0,0,0,0,1,1,6,2,4,1149,1,15,6,1
201350EK2B048,2,9,0,3,0,0,0,0,0,0,2,1,2,1,9,1560,2,4,5,1
201350EK2C001,1,9,0,18,0,1,0,0,0,0,1,1,6,1,7,2598,1,17,6,1
201350EK2C001,2,9,0,18,0,1,0,0,0,0,2,1,6,2,8,2982,2,6,9,3
201350EK2C001,3,9,0,9,0,5,0,0,0,0,0,1,6,3,-1,-1,-1,-1,-1,-1
201350EK2C002,1,9,0,18,0,0,0,4,0,0,1,1,6,2,8,1461,2,1,5,3
201350EK2C002,2,9,0,2,0,0,0,4,1,0,2,1,6,1,10,1596,1,3,8,1
201350EK2C002,3,9,0,2,0,0,0,4,1,0,2,1,6,1,8,1997,2,12,8,1
201350EK2C002,4,9,0,2,0,0,0,0,1,0,2,1,6,1,-1,1598,1,14,8,1
201350EK2C003,1,9,0,18,0,1,0,0,0,0,1,1,3,2,7,1596,1,14,8,1
201350EK2C005,1,9,0,18,0,4,0,0,0,0,1,1,6,1,5,1910,2,5,2,1
201350EK2C005,2,9,0,18,0,4,0,0,0,0,3,1,6,3,-1,1900,2,9,-1,-1
201350EK2C006,1,2,0,18,0,0,5,0,0,0,1,1,3,1,4,49,1,5,7,1
201350EK2C006,2,9,0,18,0,0,0,0,0,0,2,1,6,1,8,2184,2,10,8,1
201350EK2C007,1,9,0,18,0,1,0,0,0,0,0,1,6,1,9,2435,1,12,6,3
201350EK2C007,2,1,0,18,0,1,0,0,0,0,3,1,6,1,6,-1,-1,-1,7,1
201350EK2C008,1,9,0,5,0,4,0,0,0,0,3,1,6,2,10,998,1,13,6,1
201350EK2C008,2,9,0,5,0,4,0,0,0,0,1,1,1,2,8,1390,1,12,8,1
201350EK2C009,1,2,0,18,0,0,0,4,0,0,1,1,6,1,6,101,1,6,5,3
201350EK2C009,2,9,0,2,0,0,0,0,0,0,3,1,6,1,-1,1598,1,9,6,1
201350EK2C009,3,9,0,2,0,0,0,0,0,0,3,1,6,1,-1,1587,1,11,6,1
201350EK2C010,1,9,0,5,0,0,0,0,0,0,0,1,2,3,-1,1585,1,39,10,1
201350EK2C011,1,9,0,5,0,4,0,0,0,0,1,1,1,1,8,1910,2,9,1,1
201350EK2C011,2,1,0,18,0,8,0,0,0,1,1,1,6,1,8,-1,-1,-1,6,3
201350EK2C012,1,9,0,18,0,8,2,0,2,7,3,1,6,1,11,1124,1,6,8,1
201350EK2C012,2,11,0,9,0,8,0,0,0,0,1,1,1,1,9,3900,2,9,3,1
201350EK2C013,1,9,0,18,0,4,0,0,0,0,1,1,6,1,10,2099,1,11,1,1
201350EK2C013,2,1,0,18,0,3,0,0,0,0,4,1,2,1,6,-1,-1,-1,8,1
201350EK2C014,1,9,0,14,0,1,0,0,0,0,1,1,6,1,5,1797,1,13,7,1
201350EK2C014,2,9,0,10,0,5,0,0,0,0,2,1,6,1,9,1390,1,14,6,1
201350EK2C015,1,9,0,5,0,3,0,0,0,0,1,1,2,2,9,1753,2,7,9,3
201350EK2C015,2,1,0,18,0,3,0,0,0,0,1,1,6,1,5,-1,-1,-1,1,1
201350EK2C017,1,9,0,18,0,0,0,0,0,0,1,1,6,1,6,1686,2,10,5,1
201350EK2C017,2,9,0,4,0,0,0,0,0,0,2,1,6,1,10,2143,2,3,9,1
201350EK2C018,1,9,0,18,0,4,0,0,0,0,1,1,6,1,9,1560,2,1,6,1
201350EK2C018,2,9,0,18,0,3,0,0,0,0,4,1,6,2,9,1560,2,-1,9,3
201350EK2C020,1,4,0,17,0,0,1,0,0,1,0,1,6,1,4,124,1,2,4,1
201350EK2C021,1,3,0,9,0,6,0,0,0,0,1,1,6,1,4,125,1,2,9,1
201350EK2C021,2,9,0,18,0,8,0,0,0,0,4,1,6,1,4,1686,2,2,9,1
201350EK2C022,1,9,0,18,0,0,1,0,0,0,3,1,1,1,6,1199,2,-1,1,1
201350EK2C022,2,9,0,3,0,0,0,0,5,6,4,1,6,2,9,1587,1,6,5,3
201350EK2C023,1,9,0,9,0,8,0,0,0,0,3,1,6,2,11,998,1,10,8,1
201350EK2C023,2,4,0,18,0,1,0,0,0,0,1,1,6,1,5,398,1,7,6,1
201350EK2D001,1,9,0,18,0,0,0,0,0,0,0,1,6,3,-1,-1,-1,-1,-1,-1
201350EK2E001,1,9,0,18,0,4,0,0,0,0,1,1,6,1,11,1796,1,14,8,1
201350EK2E001,2,9,0,9,0,3,0,0,0,0,1,1,6,1,4,1360,1,11,10,1
201350EL2A002,1,9,0,1,0,0,0,0,0,0,2,1,6,1,11,989,1,10,5,1
201350EL2A003,1,9,0,18,0,1,0,0,0,0,1,1,2,1,6,1998,2,6,7,2
201350EL2A003,2,9,0,4,0,1,0,0,0,0,2,1,1,2,9,-1,-1,-1,4,1
201350EL2A005,1,9,0,7,0,5,0,0,0,0,1,1,6,2,7,1360,1,13,8,1
201350EL2A005,2,3,0,15,2,8,0,0,0,0,1,1,6,1,6,125,1,3,5,3
201350EL2A006,1,9,0,4,0,8,0,0,0,0,1,1,6,1,8,1390,1,11,5,1
201350EL2A007,1,9,0,18,2,0,0,0,0,0,0,1,6,3,-1,-1,-1,-1,-1,-1
201350EL2A007,2,2,0,18,2,0,1,0,0,0,0,1,1,1,5,49,1,11,3,1
201350EL2A008,1,8,0,5,0,8,0,0,1,0,4,1,1,1,4,2499,2,3,4,1
201350EL2A013,1,9,0,9,0,1,0,0,0,0,4,1,3,2,8,1984,1,12,9,1
201350EL2A013,2,2,0,18,0,1,0,0,0,0,1,1,1,2,5,49,1,3,3,1
201350EL2A014,1,9,0,7,0,6,0,0,0,0,3,1,6,2,9,1596,1,5,7,3
201350EL2A014,2,5,0,18,2,1,0,0,0,0,1,1,2,1,7,649,1,10,7,1
201350EL2A015,1,9,0,9,0,8,0,0,0,0,3,1,1,1,4,1124,1,13,3,1
201350EL2A015,2,19,0,18,0,8,0,0,0,0,3,1,1,1,8,2402,2,2,2,1
201350EL2A016,1,11,0,5,0,0,0,0,0,0,1,1,1,2,6,6370,2,8,8,1
201350EL2A018,1,9,0,15,0,1,0,0,0,0,1,1,6,1,5,1970,1,16,5,3
201350EL2A018,2,9,0,4,0,1,0,0,0,0,2,1,6,1,10,998,1,-1,5,1
201350EL2A019,1,9,0,18,0,0,0,0,0,0,1,1,6,3,-1,-1,-1,-1,-1,-1
201350EL2A021,1,9,0,4,0,1,0,0,0,0,1,1,1,1,7,996,1,5,5,1
201350EL2A021,2,9,0,4,0,1,0,0,0,0,1,1,1,2,5,1390,1,13,4,1
201350EL2A021,3,9,0,4,0,1,0,0,0,0,2,1,1,1,9,1997,2,13,5,1
201350EL2A023,1,9,0,18,0,0,0,0,0,0,2,1,2,2,7,1560,2,2,4,1
201350EL2A023,2,9,0,18,0,0,1,0,0,0,1,1,6,1,5,1124,1,11,7,2
201350EL2A024,1,9,0,9,0,8,0,0,0,0,4,1,6,1,7,1598,1,13,6,1
201350EL2A024,2,2,0,18,0,1,2,0,0,0,4,1,6,1,6,124,1,8,3,1
201350EL2A025,1,9,0,18,0,1,0,0,0,0,2,1,6,1,6,1986,2,6,-1,-1
201350EL2A025,2,9,0,18,0,1,0,0,0,0,0,1,6,2,8,1248,1,-1,2,1
201350EL2A026,1,9,0,9,0,4,0,0,0,0,1,1,6,2,9,1560,2,4,6,1
201350EL2A026,2,4,0,9,0,4,0,0,0,0,4,1,6,1,8,249,1,6,10,1
201350EL2A027,1,9,0,7,0,6,0,0,0,0,1,1,6,1,9,1149,1,3,7,1
201350EL2A027,2,1,0,18,0,1,0,0,0,0,4,1,6,1,7,-1,-1,-1,7,1
201350EL2A028,1,9,0,12,0,0,0,0,0,0,1,1,6,1,9,1598,1,7,7,1
201350EL2A028,2,5,0,18,0,0,1,0,0,0,1,1,6,1,5,953,1,10,8,1
201350EL2B002,1,9,0,9,0,0,0,0,0,0,1,1,6,1,7,1589,1,17,7,1
201350EL2B002,2,1,0,18,0,0,0,0,0,0,1,1,6,1,6,-1,-1,-1,2,1
201350EL2B003,1,9,0,18,0,0,0,0,0,0,0,1,6,1,4,1396,1,13,3,1
201350EL2B003,2,9,0,18,0,0,0,0,0,0,3,1,6,1,6,1360,1,6,5,1
201350EL2B005,1,1,0,7,0,8,0,0,0,0,1,1,1,1,6,-1,-1,-1,-1,-1
201350EL2B005,2,9,0,9,0,8,0,0,0,0,1,1,6,2,6,1229,1,8,7,1
201350EL2B006,1,4,0,17,0,0,0,0,0,0,1,1,6,1,4,398,1,13,6,2
201350EL2B007,1,9,0,18,0,1,0,4,0,0,0,1,6,2,10,1362,1,-1,7,1
201350EL2B007,2,9,0,9,0,8,0,0,0,0,0,1,6,1,10,1397,1,11,7,1
201350EL2B007,3,9,0,2,0,1,0,4,0,0,0,1,6,2,6,1997,1,9,5,1
201350EL2B007,4,9,0,2,0,1,0,0,0,0,0,1,6,1,-1,1497,1,10,7,1
201350EL2B009,1,21,0,18,0,0,0,0,0,0,1,1,1,1,5,12740,2,-1,7,1
201350EL2B009,2,2,0,18,0,0,0,0,0,0,2,1,6,1,4,49,1,1,2,1
201350EL2C001,1,9,0,5,0,0,0,0,0,0,1,1,6,1,11,1242,1,8,6,3
201350EL2C001,2,9,0,2,0,0,0,0,0,0,2,1,6,2,7,1985,1,13,7,1
201350EL2C002,1,9,0,18,0,4,0,0,0,0,2,1,6,2,6,1968,2,5,5,3
201350EL2C002,2,9,0,3,0,4,0,0,0,0,1,1,6,2,4,1390,1,11,6,3
201350EL2C005,1,4,0,18,0,1,1,0,0,0,3,1,1,1,7,400,1,5,2,1
201350EL2C011,1,9,0,3,0,1,0,0,0,0,1,1,6,1,6,1296,1,7,8,1
201350EL2C011,2,9,0,18,0,1,0,0,0,0,2,1,6,1,8,1598,1,11,3,1
201350EL2C015,1,9,0,18,0,0,0,0,0,0,1,1,6,1,10,1397,1,9,3,1
201350EL2C015,2,9,0,3,0,0,0,0,0,0,2,1,6,1,7,998,1,13,3,1
201350EL2C015,3,9,0,3,0,0,0,0,0,0,2,1,6,2,7,1560,2,8,10,1
201350EL2C021,1,21,0,18,0,4,0,0,0,0,4,1,1,2,6,12777,2,5,7,3
201350EL2C021,2,9,0,18,0,4,0,0,0,0,3,1,6,2,4,1299,1,12,9,2
201350EL2C022,1,9,0,16,0,0,2,0,1,11,4,1,6,1,9,2495,2,10,4,3
201350EL2C024,1,9,0,4,0,0,0,4,0,0,1,1,6,2,8,1595,1,8,10,1
201350EL2C024,2,9,0,2,0,0,0,0,0,0,2,1,6,2,-1,1390,1,3,3,1
201350EL2C026,1,9,0,9,0,8,1,0,0,0,1,1,6,2,4,1364,1,5,3,1
201350EL2C026,2,9,0,9,0,8,0,0,0,0,2,1,6,2,5,1997,2,10,8,1
201350EL2C028,1,9,0,11,0,4,0,0,0,0,0,1,6,3,-1,-1,-1,-1,-1,-1
201350EL2C028,2,2,0,18,0,4,2,0,0,0,0,1,6,1,4,49,1,1,4,1
201350EL2C030,1,9,0,9,0,4,0,0,0,0,3,1,6,1,4,1360,1,14,1,1
201350EL2C030,2,1,0,18,0,4,0,0,0,0,1,1,6,1,6,-1,-1,-1,3,1
201350EL2C031,1,9,0,18,0,1,0,0,0,0,1,1,2,1,8,1596,1,12,4,1
201350EL2C031,2,19,0,2,0,1,0,0,0,0,0,1,6,1,6,-1,-1,-1,4,1
201350EL2C032,1,9,0,18,0,0,1,0,0,0,1,1,6,1,8,2446,2,13,7,1
201350EL2C032,2,9,0,5,0,0,0,0,0,0,1,1,6,2,9,1398,2,9,2,1
201350EL2C035,1,9,0,5,0,4,0,0,0,0,3,1,6,2,6,1560,2,6,3,1
201350EL2C035,2,4,0,18,0,3,0,10,7,0,4,1,6,1,6,599,1,4,3,1
201350EL2C036,1,9,0,18,0,0,0,0,0,0,0,1,6,2,9,1598,1,8,3,1
201350EL2C036,2,9,0,18,0,0,0,0,0,0,0,1,6,3,-1,-1,-1,-1,-1,-1
201350EL2D001,1,9,0,9,0,1,0,0,0,0,1,1,6,2,11,1229,1,4,2,1
201350EL2D001,2,9,0,9,0,1,0,0,0,0,1,1,1,1,6,1248,2,1,7,1
201350EL2D002,1,9,0,7,0,1,0,0,0,0,3,1,6,2,-1,1560,2,8,4,1
201350EL2D002,2,2,0,18,0,1,0,0,0,0,4,1,6,1,4,49,1,6,4,1
201350EL2D005,1,19,0,18,0,1,1,0,0,0,1,1,1,1,8,2496,2,14,5,1
201350EL2D005,2,9,0,7,0,8,0,0,0,0,3,1,2,2,8,1360,1,8,4,1
201350EL2D006,1,9,0,9,0,8,0,0,0,0,1,1,6,2,4,973,1,14,3,1
201350EL2D006,2,9,0,5,0,8,0,0,0,0,1,1,6,2,7,1997,2,10,3,1
201350EL2D008,1,9,0,5,0,8,0,0,0,0,0,1,6,1,7,1769,1,12,1,1
201350EL2D008,2,3,0,18,0,1,0,0,0,0,0,1,6,1,5,125,1,14,-1,-1
201350EL2D008,3,9,0,18,0,1,0,0,0,0,0,1,6,1,6,1390,1,12,3,1
201350EL2D010,1,9,0,18,0,8,0,0,0,0,1,1,6,2,8,1896,2,13,9,3
201350EL2D010,2,9,0,18,0,8,0,0,0,0,1,1,6,2,8,1995,2,4,9,3
201350EL2D011,1,9,0,9,0,6,0,0,0,0,3,1,6,1,5,1295,1,-1,7,1
201350EL2D011,2,5,0,18,0,1,0,0,0,0,1,1,6,1,8,1127,1,22,2,1
201350EL2D012,1,9,0,16,0,0,0,0,0,0,2,1,1,2,7,-1,-1,-1,1,1
201350EL2D013,1,9,0,18,0,0,0,0,0,0,1,1,6,3,7,-1,-1,-1,4,1
201350EL2D017,1,4,0,18,0,1,1,0,0,0,0,1,6,1,5,249,1,21,4,1
201350EL2D020,1,9,0,10,0,6,0,0,0,0,1,1,6,1,10,1598,1,5,2,1
201350EL2D020,2,9,0,18,0,1,0,0,0,0,1,1,1,2,5,1360,1,13,4,1
201350EL2D021,1,5,0,17,0,1,1,0,0,0,3,1,6,1,8,1200,1,14,2,1
201350EL2D022,1,9,0,7,0,6,0,0,0,0,1,1,6,3,-1,998,1,1,-1,-1
201350EL2D022,2,3,0,18,0,1,0,0,0,0,4,1,6,1,6,108,1,5,3,1
201350EL2D023,1,19,0,1,0,1,0,0,0,0,2,1,1,1,7,2198,2,6,2,1
201350EL2E002,1,4,0,4,0,0,5,0,0,0,1,1,6,1,4,124,1,1,5,1
201350EL2E002,2,4,0,4,0,0,5,0,0,0,2,1,6,1,4,125,1,3,5,1
201350EL2E003,1,9,0,16,0,0,0,0,0,0,1,1,6,1,4,1299,1,12,3,1
201350EL2E005,1,9,0,3,0,1,0,0,0,0,1,1,6,2,8,1299,1,8,4,1
201350EL2E005,2,9,0,5,0,1,0,0,0,0,2,1,6,2,9,1339,1,5,6,1
201350EL2E005,3,9,0,5,0,1,0,0,0,0,2,1,6,2,6,1341,1,8,3,1
201350EL2E006,1,9,0,18,0,0,0,10,0,1,1,1,1,1,5,1299,1,14,4,2
201350EL2E008,1,9,4,18,0,0,0,0,0,0,1,1,1,1,6,-1,-1,-1,6,1
201350EL2E008,2,9,0,4,0,0,0,0,0,0,2,1,3,1,9,1896,2,11,8,1
201350EL2E008,3,9,0,4,0,0,0,0,0,0,2,1,6,2,8,1587,1,11,7,1
201350EL2E009,1,9,0,18,0,8,0,0,0,0,3,1,6,2,7,1360,1,9,5,1
201350EL2E009,2,1,0,9,0,8,5,0,0,0,2,1,6,2,6,-1,-1,-1,1,1
201350EL2F001,1,9,0,4,0,0,0,0,0,0,1,1,2,1,5,998,1,14,8,1
201350EL2F001,2,2,0,4,0,0,0,0,0,0,2,1,2,1,4,49,1,3,3,1
201350EL2F002,1,9,0,18,0,0,1,8,0,0,1,1,1,1,6,-1,-1,-1,7,1
201350EL2F002,2,9,0,3,0,0,0,0,1,0,0,1,6,1,7,1299,1,18,3,1
201350EL2F002,3,9,0,4,0,0,0,0,0,0,0,1,2,2,8,1896,2,6,3,1
201350EL2F003,1,9,0,18,0,1,0,0,0,0,1,1,6,1,7,1984,1,13,2,1
201350EL2F003,2,9,0,4,0,1,0,0,0,0,2,1,2,2,7,1399,2,4,7,1
201350EL2F003,3,9,0,18,0,1,0,0,0,0,2,1,6,2,4,1299,1,12,3,1
201350EL2F003,4,9,0,18,0,1,0,0,0,0,1,1,6,1,8,1560,2,1,8,1
201350EL2F004,1,9,0,16,0,0,0,0,1,0,1,1,6,1,9,1360,1,16,7,1
201350EL2F004,2,9,0,16,0,0,1,0,2,7,3,1,6,2,8,1242,1,5,3,1
201350EL2F007,1,9,0,18,0,0,0,0,0,0,1,1,6,2,5,1896,2,10,3,1
201350EL2F007,2,9,0,18,0,0,1,0,1,0,1,1,2,2,9,1124,1,12,2,1
201350EL2F009,1,9,0,9,0,4,0,0,0,0,1,1,3,1,7,1998,1,7,4,1
201350EL2F009,2,9,0,18,0,8,0,0,0,0,4,1,3,1,7,2179,2,10,5,1
201350EL2F010,1,9,0,18,0,3,0,0,0,0,1,1,6,2,-1,-1,-1,-1,-1,-1
201350EL2F012,1,9,0,9,0,5,0,0,0,0,3,1,6,2,5,1199,1,14,9,1
201350EL2F012,2,3,0,18,0,6,0,0,0,0,1,1,6,1,9,124,1,7,3,1
201350EL2F015,1,9,0,12,0,0,0,0,0,0,1,1,6,2,7,1229,1,5,3,1
201350EL2F016,1,5,0,18,0,2,1,0,1,0,1,1,6,1,7,599,1,14,2,1
201350EL2F016,2,9,0,18,0,2,0,0,0,0,1,1,6,3,-1,-1,-1,-1,-1,-1
201350EL2F017,1,9,0,18,0,0,5,7,8,2,4,1,6,1,4,1328,1,4,2,1
201350EL2F018,1,9,0,4,0,0,1,0,0,0,1,1,2,1,5,1229,1,5,5,1
201350EL2F018,2,9,0,4,0,0,0,0,0,0,2,1,1,1,6,-1,-1,-1,7,2
201350EL2F018,3,9,0,4,0,0,0,0,0,0,4,1,2,1,6,-1,-1,-1,3,1
201350EL2F019,1,9,0,18,0,0,0,0,0,0,1,1,6,1,7,1560,2,2,4,1
201350EL2F019,2,9,0,3,0,0,0,0,0,0,2,1,6,1,6,1390,1,10,8,1
201350EL2F020,1,9,0,5,0,4,0,0,0,0,1,1,1,1,6,1968,2,2,3,1
201350EL2F020,2,1,0,18,0,8,0,0,0,0,1,1,6,1,-1,-1,-1,-1,-1,-1
201350EL2F021,1,9,0,18,0,1,0,0,0,0,0,1,6,2,6,1386,1,1,9,1
201350EL2F023,1,9,0,18,0,0,5,0,1,0,4,1,6,2,5,1242,1,13,1,1
201350EL2F025,1,9,0,18,0,1,0,0,0,0,2,1,6,2,5,1329,1,2,3,1
201350EL2G001,1,4,0,16,0,3,0,0,0,0,1,1,2,1,6,954,1,11,2,1
201350EL2G004,1,9,0,4,0,0,0,0,0,0,1,1,6,2,4,1598,1,1,2,1
201350EL2G004,2,9,0,18,0,0,0,0,0,0,2,1,6,1,10,1364,1,6,3,1
201350EL2G009,1,9,0,7,0,3,0,0,0,0,1,1,6,3,-1,1998,2,11,-1,-1
201350EL2G009,2,1,0,7,0,3,0,0,0,0,3,1,6,1,9,-1,-1,-1,-1,-1
201350EL2G010,1,9,0,18,0,8,0,0,0,0,1,1,6,3,10,-1,-1,-1,3,1
201350EL2G010,2,8,0,9,0,5,0,0,0,0,2,1,1,3,6,-1,-1,-1,2,1
201350EL2G011,1,9,0,3,0,0,0,0,0,0,1,1,6,2,-1,1596,1,8,3,1
201350EL2G011,2,9,0,3,0,0,1,0,0,0,2,1,6,2,8,1596,1,11,3,1
201350EL2G013,1,11,0,18,0,2,0,0,0,0,4,1,1,1,7,-1,-1,-1,5,1
201350EL2G013,2,1,0,18,0,2,0,0,0,0,3,1,2,1,8,-1,-1,-1,2,1
201350EL2G019,1,9,0,17,0,8,0,0,0,0,1,1,2,1,6,1998,1,12,4,1
201350EL2G019,2,9,0,4,0,8,0,0,0,0,2,1,6,1,-1,1968,2,8,7,1
201350EL2G022,1,9,0,5,0,0,0,0,0,0,1,1,6,1,5,1587,1,16,5,3
201350EL2G022,2,9,0,3,0,0,0,0,0,0,2,1,6,1,9,1389,1,16,3,1
201350EL2G022,3,9,0,3,0,0,0,0,0,0,2,1,6,1,7,1388,1,10,6,1
201350EL2G023,1,2,0,7,0,3,0,0,0,0,2,1,2,2,7,108,1,-1,2,1
201350EL2G023,2,9,0,18,0,1,0,0,0,0,4,1,2,2,7,1399,2,3,7,1
201350EL2G024,1,9,0,7,0,1,0,0,0,0,1,1,6,2,8,1798,1,5,4,1
201350EL2G024,2,3,0,18,2,1,0,10,0,1,4,1,6,1,-1,124,1,3,4,1
201350EL2G025,1,9,0,17,0,0,0,0,0,0,1,1,6,3,-1,1753,2,9,-1,-1
201350EL2G025,2,9,0,16,0,0,0,0,0,0,1,1,6,1,6,1984,1,6,4,1
201350EL2G027,1,9,0,4,0,0,0,0,0,0,1,1,2,1,4,1149,1,13,3,1
201350EL2G027,2,9,0,4,0,0,0,0,0,0,2,1,1,1,7,998,1,-1,8,1
201350EL2G027,3,9,0,4,0,0,0,0,0,0,2,1,1,1,7,-1,-1,-1,8,1
201350EL2G029,1,9,0,5,0,0,0,0,0,0,1,1,6,2,10,1582,2,6,3,1
201350EL2G030,1,19,0,6,0,0,0,0,0,0,1,1,1,1,6,2143,2,1,5,1
201350EL2G030,2,9,0,18,0,0,0,0,0,0,1,1,2,2,5,1598,1,5,8,1
201350EL2G038,1,9,0,18,0,0,0,0,0,0,1,1,6,1,8,1796,1,15,7,1
201350EL2G038,2,9,0,18,0,0,0,0,0,0,2,1,6,1,8,-1,-1,-1,7,1
201350EL2G039,1,9,0,9,0,1,0,0,0,0,4,1,6,2,8,1598,1,-1,10,1
201350EL2G039,2,5,0,18,0,8,0,0,0,0,4,1,6,1,9,865,1,-1,7,2
201350EL2H001,1,3,0,18,2,1,0,0,0,0,1,1,2,1,7,125,1,8,3,1