Accident_Index,Vehicle_Reference,Vehicle_Type,Towing_and_Articulation,Vehicle_Manoeuvre,Vehicle_Location-Restricted_Lane,Junction_Location,Skidding_and_Overturning,Hit_Object_in_Carriageway,Vehicle_Leaving_Carriageway,Hit_Object_off_Carriageway,1st_Point_of_Impact,Was_Vehicle_Left_Hand_Drive?,Journey_Purpose_of_Driver,Sex_of_Driver,Age_Band_of_Driver,Engine_Capacity_(CC),Propulsion_Code,Age_of_Vehicle,Driver_IMD_Decile,Driver_Home_Area_Type
201350EL2H001,2,9,0,9,0,1,0,0,0,0,4,1,2,1,7,1593,1,30,3,1
201350EL2H003,1,9,0,9,0,2,0,0,0,0,1,1,1,1,6,1973,1,14,9,1
201350EL2H003,2,4,0,18,0,6,0,0,0,0,3,1,1,1,4,125,1,1,9,1
201350EL2H004,1,9,0,18,0,0,1,0,0,0,1,1,6,2,7,1910,2,9,9,1
201350EL2H004,2,9,0,3,0,0,0,0,0,0,2,1,1,1,7,998,1,13,6,1
201350EL2H004,3,9,0,3,0,0,0,0,0,0,2,1,6,2,8,1389,1,17,10,1
201350EL2H004,4,9,0,3,0,0,0,0,0,0,2,1,1,1,8,-1,-1,-1,6,1
201350EL2H005,1,9,0,18,0,0,0,0,0,0,1,1,6,1,6,1388,1,5,4,1
201350EL2H005,2,9,0,18,0,0,0,0,0,0,2,1,6,1,-1,1997,2,6,5,3
201350EL2H005,3,9,0,18,0,0,0,0,0,0,2,1,3,1,7,1896,2,8,7,3
201350EL2I001,1,9,0,18,0,1,0,0,0,0,4,1,6,1,8,1998,2,9,4,1
201350EL2I002,1,9,0,9,0,8,0,0,0,0,3,1,6,1,10,1461,2,7,2,1
201350EL2I002,2,4,0,18,0,1,0,0,0,0,1,1,6,1,5,124,1,12,2,1
201350EL2I004,1,9,0,9,0,6,0,0,0,0,1,1,6,1,-1,1870,2,8,-1,-1
201350EL2I004,2,2,0,18,0,8,0,0,0,0,1,1,6,1,4,49,1,1,3,1
201350EL2I006,1,9,0,9,0,6,0,0,0,0,1,1,6,2,7,1896,2,9,5,1
201350EL2I006,2,9,0,18,0,1,0,0,0,0,1,1,6,1,9,2435,1,12,4,1
201350EL2I008,1,1,0,9,0,8,0,4,0,0,1,1,6,1,5,-1,-1,-1,1,1
201350EL2I008,2,9,0,2,0,2,0,0,0,0,3,1,6,1,-1,1598,1,-1,3,1
201350EL2I008,3,9,0,2,0,2,0,0,0,0,1,1,6,1,-1,1086,1,9,3,1
201350EL2I010,1,9,0,6,0,0,0,0,0,0,1,1,6,2,7,1598,1,10,1,1
201350EL2I010,2,10,0,18,0,0,0,0,0,0,3,1,3,2,6,2400,2,8,6,1
201350EL2I012,1,9,0,5,0,0,0,0,0,0,3,1,6,1,9,1150,1,9,3,1
201350EL2I012,2,3,0,18,0,0,0,0,0,0,4,1,1,1,7,125,1,1,10,2
201350EL2I013,1,9,0,18,0,4,0,0,0,0,3,1,2,2,7,1598,1,3,9,1
201350EL2I013,2,1,0,9,0,3,0,0,0,0,4,1,2,2,8,-1,-1,-1,2,1
201350EL2J002,1,9,0,9,0,3,0,0,0,0,4,1,6,2,7,1399,2,4,1,1
201350EL2J002,2,3,0,18,0,4,0,0,0,0,1,1,6,1,6,125,1,1,7,1
201350EL2J003,1,9,0,18,0,0,0,0,0,0,1,1,6,3,-1,1794,1,7,-1,-1
201350EL2J005,1,9,0,18,0,0,0,4,0,0,1,1,6,2,4,1124,1,13,8,1
201350EL2J005,2,9,0,2,0,0,0,0,1,0,2,1,6,2,-1,1199,1,12,5,1
201350EL2J006,1,9,0,9,0,5,1,0,0,0,1,1,6,1,7,1796,1,13,4,1
201350EL2J012,1,9,0,9,0,2,0,0,0,0,1,1,6,2,6,1956,2,4,2,1
201350EL2J012,2,5,0,18,0,1,0,0,0,0,1,1,6,1,5,645,1,6,2,1
201350EL2J014,1,9,0,18,0,0,1,0,0,0,1,1,6,1,4,1396,1,17,1,1
201350EL2J014,2,9,0,4,0,0,0,0,0,0,1,1,6,1,6,1994,2,10,2,1
201350EL2J014,3,9,0,2,0,0,0,0,0,0,3,1,6,1,6,1499,1,6,7,1
201350EL2J015,1,1,0,18,5,1,5,0,0,0,1,1,6,1,5,-1,-1,-1,2,1
201350EL2J015,2,9,0,18,0,1,0,0,0,0,1,1,6,2,7,1984,1,9,9,1
201350EL2J016,1,9,0,4,0,0,0,0,0,0,1,1,6,2,7,2497,1,7,1,1
201350EL2J016,2,1,0,18,0,0,0,0,0,0,4,1,6,1,2,-1,-1,-1,2,1
201350EL2J020,1,9,0,18,0,0,1,0,0,0,1,1,6,1,5,1999,1,8,2,1
201350EL2J020,2,9,0,18,0,0,0,0,0,0,2,1,6,2,7,-1,-1,-1,2,1
201350EL2J021,1,9,0,18,0,8,0,0,0,0,2,1,6,2,8,1242,1,4,8,1
201350EL2J021,2,9,0,18,0,8,0,0,0,0,1,1,6,1,6,1956,2,-1,3,1
201350EL2K001,1,9,0,18,0,0,1,0,1,4,1,1,2,1,6,-1,-1,-1,2,1
201350EL2K002,1,9,0,7,0,3,0,10,0,0,1,1,6,2,6,1242,1,11,2,1
201350EL2K002,2,9,0,4,0,4,0,0,0,0,1,1,6,1,5,-1,-1,-1,2,1
201350EL2K003,1,9,0,18,0,3,0,0,0,0,1,1,1,3,-1,-1,-1,-1,-1,-1
201350EL2K003,2,1,0,18,4,3,0,0,0,0,2,1,2,2,9,-1,-1,-1,5,1
201350EL2K005,1,9,0,18,0,1,0,0,0,0,1,1,6,3,-1,1299,1,11,-1,-1
201350EL2K005,2,9,0,3,0,1,0,0,0,0,2,1,6,2,6,1360,1,9,2,1
201350EL2K007,1,3,0,18,0,1,0,0,0,0,1,1,6,1,6,125,1,6,2,1
201350EL2K008,1,9,0,18,0,0,1,0,0,0,4,1,6,2,6,1360,1,13,5,1
201350EL2K009,1,5,0,18,0,0,2,0,0,0,0,1,2,1,7,988,1,12,5,1
201350EL2K011,1,9,0,9,0,1,0,0,0,0,1,1,2,1,6,2521,1,6,2,1
201350EL2K011,2,1,0,18,0,1,0,0,0,0,4,1,2,1,6,-1,-1,-1,5,1
201350EL2K012,1,9,0,3,0,1,0,0,0,0,1,1,6,2,7,1995,1,10,7,2
201350EL2K012,2,19,0,18,0,1,0,0,0,0,2,1,1,1,-1,1997,2,12,4,3
201350EL2L002,1,20,0,18,0,1,0,0,0,0,2,1,1,1,7,-1,-1,-1,3,1
201350EL2L002,2,9,0,18,0,1,1,0,0,0,1,1,2,2,8,1389,1,11,3,1
201350EL2L003,1,11,0,4,0,1,0,0,0,0,0,1,1,2,7,-1,-1,-1,1,1
201350EL2L003,2,9,0,5,0,1,0,0,0,0,0,1,6,1,5,1796,1,13,5,1
201350EL2L007,1,97,0,18,0,1,1,4,0,0,1,1,6,3,-1,-1,-1,-1,-1,-1
201350EL2L007,2,9,0,2,0,1,0,0,0,0,4,1,6,2,-1,1598,2,4,7,1
201350EL2L007,3,9,0,2,0,1,0,0,0,0,3,1,6,1,-1,-1,-1,-1,3,1
201350EL2L008,1,1,0,9,0,6,0,0,0,0,1,1,6,1,5,-1,-1,-1,1,1
201350EL2L008,2,9,0,18,0,8,0,0,0,0,3,1,6,2,7,998,1,12,8,1
201350EL2L011,1,9,0,18,0,1,0,0,0,0,1,1,6,2,6,-1,-1,-1,3,1
201350EL2L011,2,9,0,10,0,1,0,0,0,0,2,1,6,1,7,2993,2,2,-1,-1
201350EL2L012,1,9,0,3,0,0,0,0,0,0,1,1,6,2,6,1360,1,8,1,1
201350EL2L012,2,9,0,4,0,0,0,0,0,0,2,1,6,1,9,1997,2,6,6,1
201350EL2L021,1,9,0,5,0,6,0,0,0,0,1,1,6,2,7,1196,1,17,2,1
201350EL2L021,2,9,0,18,0,8,0,0,0,0,1,1,6,2,8,1399,1,5,7,1
201350EL2L022,1,9,0,9,0,6,0,0,0,0,1,1,2,1,4,973,1,15,1,1
201350EL2L022,2,9,0,18,0,1,0,0,0,0,4,1,2,2,8,1389,1,13,1,1
201350EL2L023,1,9,0,18,0,0,0,0,0,0,4,1,1,1,9,1896,2,8,4,1
201350EL2L024,1,9,0,10,0,1,0,0,0,0,1,1,6,1,6,1390,1,12,2,1
201350EL2L024,2,5,0,18,0,1,1,0,0,0,1,1,6,1,8,1137,1,16,3,1
201350EL2L028,1,9,0,4,0,1,0,0,0,0,0,1,6,2,7,1598,1,8,3,1
201350EL2L028,2,4,0,4,0,1,2,0,0,0,0,1,2,2,5,125,1,6,3,1
201350EL2L029,1,9,0,18,0,4,0,0,0,0,3,1,6,2,6,1198,1,6,3,1
201350EL2L029,2,1,0,16,0,8,0,0,0,0,4,1,6,1,7,-1,-1,-1,1,1
201350EL2L030,1,9,0,4,0,1,0,0,0,0,0,1,6,2,8,1984,1,16,4,1
201350EL2L030,2,9,0,4,0,1,0,0,0,0,2,1,6,2,6,1390,1,7,3,1
201350EL2L030,3,9,0,18,0,6,0,0,0,0,1,1,6,2,7,1461,2,2,3,1
201350EL2L032,1,9,0,18,0,8,0,0,0,0,3,1,6,1,7,1998,1,13,3,1
201350EL2L032,2,9,0,18,0,6,0,0,0,0,3,1,6,1,6,1360,1,11,2,1
201350EL2L033,1,9,0,18,0,1,0,0,0,0,3,1,6,1,9,1560,2,1,5,3
201350EL2L034,1,9,0,9,0,6,0,0,0,0,1,1,6,1,7,1753,2,11,2,1
201350EL2L034,2,3,0,18,0,8,0,0,0,0,1,1,6,1,6,125,1,6,2,1
201350EL2L035,1,9,0,7,0,3,1,0,1,11,1,1,2,2,4,1149,1,9,6,3
201350EL2L037,1,5,0,4,0,1,1,0,0,0,4,1,6,1,8,656,1,5,3,1
201350EL2L040,1,1,0,3,0,0,0,0,0,0,1,1,6,1,4,-1,-1,-1,1,1
201350EL2L040,2,9,0,18,0,0,0,0,0,0,1,1,6,2,8,1587,1,11,1,1
201350EL2M001,1,9,0,4,0,2,0,0,1,0,2,1,6,1,11,1994,2,15,1,1
201350EL2M001,2,21,0,18,0,2,1,0,4,6,1,1,1,1,7,6370,2,9,5,3
201350EL2M002,1,9,0,12,0,0,0,0,0,0,1,1,6,1,10,1590,1,8,7,1
201350EL2M002,2,9,0,3,0,0,0,0,0,0,1,1,6,2,7,1596,1,8,6,1
201350EL2M002,3,9,0,3,0,0,0,0,0,0,2,1,6,1,7,1560,2,9,3,1
201350EL2M003,1,9,0,1,0,0,0,4,0,0,2,1,6,1,7,1997,2,1,4,1
201350EL2M003,2,9,0,2,0,0,0,0,0,0,1,1,6,2,9,1560,2,8,2,1
201350EL2M006,1,97,0,15,4,1,0,0,0,0,1,1,4,1,4,50,1,5,10,1
201350EL2M006,2,9,0,3,0,8,0,0,0,0,4,1,1,2,7,1560,2,2,9,1
201350EL2M007,1,1,0,5,4,1,0,0,0,0,4,1,6,1,8,-1,-1,-1,7,3
201350EL2M007,2,5,0,5,0,1,0,0,0,0,0,1,6,1,7,996,1,10,3,1
201350EL2M008,1,9,0,18,0,8,0,0,0,0,1,1,6,2,8,2987,2,5,8,3
201350EL2M008,2,9,0,18,0,8,0,0,0,0,2,1,6,1,4,-1,-1,-1,3,1
201350EL2M009,1,9,0,18,0,0,0,0,0,0,3,1,6,2,7,-1,-1,-1,5,1
201350EL2M009,2,1,0,4,0,0,0,0,0,0,1,1,2,2,7,-1,-1,-1,5,1
201350EL2M011,1,9,0,11,0,2,0,0,0,0,4,1,2,1,5,1149,1,12,8,1
201350EL2M012,1,9,0,7,0,5,0,0,0,0,4,1,2,1,6,1995,2,6,7,1
201350EL2M012,2,1,0,18,0,1,0,0,0,0,1,1,2,2,7,-1,-1,-1,3,1
201350EL2M014,1,21,1,5,0,1,0,0,0,0,4,1,1,1,7,11946,2,4,3,1
201350EL2M014,2,9,0,5,0,1,0,0,0,0,3,1,1,1,8,1598,1,4,7,1
201350EL2M015,1,9,0,18,0,1,0,0,0,0,1,1,6,1,10,1248,1,1,5,1
201350EL2O002,1,9,0,15,0,0,0,0,0,0,0,1,1,1,8,1753,2,6,7,1
201350EL2O002,2,19,0,18,0,0,1,0,0,0,2,1,1,1,6,2198,2,2,7,1
201350EL2O002,3,9,0,18,0,0,2,0,0,0,1,1,6,2,5,1995,1,7,7,1
201350EL2O002,4,9,0,4,0,0,0,0,0,1,0,1,6,1,-1,1086,1,3,-1,-1
201350EL2O004,1,9,0,18,0,4,0,0,0,0,1,1,6,2,-1,1299,1,9,6,1
201350EL2O004,2,9,0,3,0,4,0,0,0,0,2,1,6,1,5,1396,1,11,5,1
201350EL2P001,1,9,0,18,0,1,2,0,1,10,1,1,6,1,4,-1,-1,-1,2,1
201350EL2P003,1,21,0,18,0,0,0,0,0,0,0,1,6,1,8,-1,2,17,10,2
201350EL2P007,1,9,0,18,0,0,0,0,0,0,1,1,6,2,10,2495,2,18,6,3
201350EL2P007,2,9,0,3,0,0,0,0,0,0,1,1,6,2,5,1149,1,10,5,1
201350EL2P008,1,9,0,18,0,1,1,0,0,0,1,1,2,2,6,1349,1,3,7,1
201350EL2Q001,1,9,0,9,0,1,0,0,0,0,1,1,6,1,8,1396,1,11,8,1
201350EL2Q001,2,9,0,18,0,1,0,0,0,0,1,1,2,2,7,-1,-1,-1,4,2
201350EL2Q002,1,9,0,18,0,0,1,0,0,0,1,1,6,2,7,1299,1,11,4,1
201350EL2Q002,2,9,0,18,0,0,0,0,0,0,2,1,6,2,-1,998,1,1,5,1
201350EL2Q003,1,19,0,18,0,1,1,0,0,0,1,1,1,1,6,2300,2,10,5,1
201350EL2Q003,2,9,0,3,0,1,0,0,4,10,2,1,6,2,5,-1,-1,-1,6,1
201350EL2Q004,1,9,0,9,0,8,0,0,0,0,1,1,3,2,6,1598,1,9,7,1
201350EL2Q004,2,9,0,18,0,8,0,0,0,0,1,1,3,1,7,1970,1,13,5,1
201350EL2Q005,1,2,0,18,0,0,0,0,7,0,3,1,6,1,4,124,1,15,5,1
201350EL2Q005,2,9,0,18,0,0,0,0,0,0,1,1,1,1,7,-1,-1,-1,4,1
201350EL2Q009,1,9,0,18,0,3,0,0,0,0,1,1,6,1,6,1339,1,10,10,1
201350EL2Q009,2,9,0,18,0,3,0,0,0,0,2,1,6,1,7,-1,-1,-1,5,1
201350EL2Q014,1,9,0,10,0,1,0,0,0,0,2,1,6,1,4,1493,1,19,1,1
201350EL2Q014,2,9,0,18,0,1,0,0,0,0,1,1,6,1,5,1390,1,2,5,1
201350EL2Q014,3,3,0,18,0,1,0,0,0,0,1,1,6,1,4,125,1,4,9,1
201350EL2Q015,1,9,0,5,0,6,0,0,0,0,1,1,1,1,8,-1,-1,-1,9,1
201350EL2Q015,2,9,0,10,0,1,0,0,0,0,2,1,6,2,9,1968,2,1,7,1
201350EL2Q016,1,9,0,4,0,1,0,0,0,0,1,1,6,2,9,1396,1,8,8,1
201350EL2Q016,2,2,0,4,0,1,0,0,0,0,2,1,6,1,4,49,1,12,7,1
201350EL2Q017,1,9,0,3,0,8,0,0,0,0,2,1,6,1,8,1783,1,10,1,1
201350EL2Q017,2,9,0,3,0,8,0,0,0,0,1,1,6,2,6,1229,1,8,5,2
201350EL2Q018,1,9,0,18,0,8,0,0,0,0,1,1,6,2,7,1289,1,13,2,1
201350EL2Q018,2,9,0,3,0,8,0,0,0,0,2,1,6,2,6,1995,2,9,3,1
201350EL2Q018,3,9,0,10,0,5,0,0,0,0,2,1,6,1,6,3800,1,8,2,1
201350EL2Q019,1,9,0,9,0,0,0,0,0,0,2,1,6,1,9,2685,2,11,8,1
201350EL2Q019,2,19,0,15,0,0,0,0,0,0,1,1,1,1,5,2287,2,-1,10,1
201350EL2Q020,1,9,0,14,0,0,0,0,0,0,3,1,6,1,11,1762,1,14,9,1
201350EL2Q020,2,9,0,18,0,0,0,0,0,0,3,1,1,1,8,1956,2,3,6,1
201350EL2Q021,1,21,0,18,2,8,0,0,0,0,1,1,6,1,7,10837,2,2,3,1
201350EL2Q021,2,9,0,7,0,8,0,0,0,0,4,1,6,1,4,1242,1,10,9,1
201350EL2Q022,1,9,0,18,0,0,5,4,0,0,4,1,2,2,4,1389,1,7,5,1
201350EL2Q022,2,9,0,2,0,0,0,0,0,0,4,1,6,1,8,1596,1,6,6,1
201350EL2R001,1,2,0,9,0,8,0,0,0,0,4,1,2,2,4,49,1,1,5,1
201350EL2R001,2,9,0,18,0,8,0,0,0,0,1,1,2,2,8,2179,2,10,6,1
201350EL2R002,1,3,0,16,0,3,1,0,0,0,1,1,1,1,7,124,1,6,5,1
201350EL2R004,1,9,0,4,0,1,0,0,0,0,1,1,6,1,8,1998,1,11,2,1
201350EL2R004,2,9,0,4,0,1,0,0,0,0,2,1,6,2,7,1560,2,1,6,3
201350EL2R006,1,9,0,18,0,0,1,0,1,0,1,1,6,1,6,1800,1,13,7,1
201350EL2R006,2,9,0,18,0,0,0,0,0,0,2,1,6,1,10,1397,1,13,7,1
201350EL2R007,1,9,0,9,0,2,0,0,0,0,1,1,6,2,-1,-1,-1,-1,-1,-1
201350EL2R007,2,9,0,9,0,2,0,0,0,0,4,1,2,1,8,-1,-1,-1,10,1
201350EL2R011,1,9,0,18,0,8,0,0,0,0,1,1,6,3,-1,-1,-1,-1,-1,-1
201350EL2R011,2,4,0,18,0,8,2,0,3,0,2,1,6,1,8,249,1,32,1,1
201350EL2R013,1,9,0,18,0,1,0,0,0,0,1,1,6,2,4,796,1,12,8,1
201350EL2R013,2,9,0,3,0,1,0,0,0,0,2,1,6,1,10,1686,2,11,7,3
201350EL2S002,1,9,0,18,0,4,0,0,0,0,1,1,6,3,-1,-1,-1,-1,-1,-1
201350EL2S002,2,9,0,9,0,4,0,0,0,0,2,1,6,2,9,1299,1,11,9,1
201350EL2S006,1,9,0,9,0,8,0,0,0,0,1,1,6,1,5,2521,1,5,6,2
201350EL2S006,2,9,0,5,0,8,0,0,0,0,1,1,6,2,10,2179,2,11,6,1
201350EL2S006,3,9,0,18,0,8,0,0,0,0,0,1,6,1,9,1686,2,1,5,1
201350EL2S007,1,5,0,18,0,1,0,0,0,0,1,1,6,2,7,996,1,13,5,1
201350EL2S007,2,9,0,10,0,5,0,0,0,0,2,1,1,2,4,1493,2,5,3,1
201350EL2S008,1,9,0,9,0,1,0,0,0,0,1,1,6,1,7,1598,1,6,7,1
201350EL2S008,2,9,0,18,0,2,0,0,0,0,1,1,6,2,8,1997,1,10,3,1
201350EL2S009,1,9,0,7,0,6,0,0,0,0,2,1,6,1,11,1386,1,5,7,1
201350EL2S009,2,5,0,18,0,1,0,0,0,0,1,1,6,1,8,599,1,5,2,1
201350EL2S010,1,5,0,17,0,0,2,0,0,0,0,1,6,1,6,-1,-1,-1,3,1
201350EL2S013,1,9,0,9,0,1,0,0,0,0,1,1,1,2,7,1360,1,9,10,1
201350EL2S013,2,9,0,18,0,1,0,0,0,0,1,1,1,2,9,1242,1,3,7,1
201350EL2S015,1,9,0,10,0,1,0,0,0,0,1,1,2,1,8,1900,2,14,4,1
201350EL2S015,2,9,0,18,0,8,0,0,0,0,1,1,2,2,5,1000,1,1,3,1
201350EL2S017,1,9,0,3,0,0,0,0,0,0,1,1,6,2,7,1956,2,2,4,1
201350EL2S017,2,9,0,3,0,0,0,0,0,0,2,1,2,1,8,1997,2,2,6,1
201350EL2S017,3,9,0,3,0,0,0,0,0,0,2,1,2,1,8,-1,-1,-1,7,1
201350EL2S021,1,9,0,18,0,1,0,0,0,0,1,1,6,3,-1,-1,-1,-1,-1,-1
201350EL2S021,2,9,0,3,0,1,0,0,0,0,2,1,4,1,-1,1997,2,8,3,1
201350EL2S026,1,9,0,9,0,6,0,0,0,0,0,1,6,3,-1,-1,-1,-1,-1,-1
201350EL2S026,2,9,0,18,0,1,0,10,1,0,0,1,1,2,6,1461,2,-1,7,1
201350EL2S029,1,9,0,18,0,4,0,0,0,0,0,1,6,1,-1,-1,-1,-1,-1,-1
201350EL2S029,2,3,0,18,0,3,0,0,0,0,0,1,1,1,5,124,1,2,2,1
201350EL2S030,1,9,0,7,0,3,0,0,0,0,1,1,2,1,6,1396,1,9,3,1
201350EL2S030,2,5,0,18,0,4,0,0,0,0,3,1,6,1,5,750,1,7,4,1
201350EL2S031,1,9,0,15,0,2,0,0,0,0,3,1,6,3,-1,-1,-1,-1,-1,-1
201350EL2S031,2,9,0,11,0,2,0,0,0,0,4,1,6,2,8,1997,1,11,7,1
201350EL2T001,1,9,0,12,0,8,0,0,0,0,3,1,1,1,8,1598,1,2,5,1
201350EL2T001,2,9,0,18,0,8,0,0,0,0,4,1,1,1,8,5000,1,1,7,2
201350EL2T002,1,8,0,4,0,8,0,0,0,0,1,1,1,1,8,2664,2,16,3,1
201350EL2T002,2,8,0,4,0,8,0,0,0,0,2,1,1,1,6,1753,2,7,3,1
201350EL2T005,1,9,0,18,0,4,0,0,0,0,1,1,6,1,-1,1388,1,6,3,1
201350EL2T005,2,1,0,18,0,8,0,0,0,0,4,1,2,1,8,-1,-1,-1,6,1
201350EL2T007,1,9,0,18,0,0,0,0,0,0,1,1,6,1,6,1598,1,12,-1,-1
201350EL2T007,2,9,0,2,0,0,0,0,0,0,2,1,6,2,6,1248,2,6,3,1
201350EL2T009,1,9,0,18,0,3,0,9,8,10,1,1,1,1,4,-1,-1,-1,3,1
201350EL2T009,2,9,0,18,0,4,0,0,0,0,1,1,6,1,7,1995,2,10,2,1
201350EL2T010,1,3,0,18,0,0,5,0,8,7,1,1,6,2,4,-1,-1,-1,9,3
201350EL2T010,2,9,0,18,0,0,0,0,0,0,1,1,6,2,8,1398,2,2,6,2
201350EL2T011,1,9,0,18,0,3,0,0,7,10,4,1,6,2,6,2980,2,16,10,1
201350EL2T011,2,9,0,18,0,4,0,0,1,10,1,1,6,1,6,2996,1,3,8,1
201350EL2T012,1,9,0,4,0,1,0,0,0,0,1,1,3,2,8,1392,1,14,4,1
201350EL2T012,2,9,0,4,0,1,0,0,0,0,2,1,2,2,4,1149,1,11,3,1
201350EL2T013,1,9,0,4,0,8,0,0,0,0,2,1,2,1,6,1598,1,1,-1,-1
201350EL2T013,2,9,0,18,0,8,0,0,0,0,1,1,2,1,6,1896,2,11,1,1
201350EL2T014,1,9,0,5,0,0,0,0,0,0,1,1,2,2,8,-1,-1,-1,2,1
201350EL2T014,2,9,0,4,0,0,0,0,0,0,2,1,2,2,8,-1,-1,-1,2,1
201350EL2T016,1,9,0,12,0,0,0,0,0,0,1,1,6,2,6,1596,1,10,5,1
201350EL2T016,2,9,0,3,0,0,0,0,0,0,2,1,6,2,8,998,1,9,8,1
201350EL2T016,3,9,0,3,0,0,0,0,0,0,2,1,6,2,5,1560,2,8,5,1
201350EL2T016,4,9,0,3,0,0,0,0,0,0,2,1,6,1,8,2378,1,9,7,1
201350EL2T017,1,5,0,4,0,1,0,0,0,0,1,1,6,1,7,999,1,10,6,3
201350EL2T017,2,9,0,4,0,1,0,0,0,0,4,1,6,1,4,1368,1,7,7,1
201350EL2T019,1,9,0,16,0,1,0,0,0,0,1,1,6,1,6,1343,1,9,7,1
201350EL2T019,2,9,0,3,0,1,0,0,0,0,2,1,6,2,10,1360,1,1,7,1
201350EL2T022,1,9,0,18,0,0,0,0,0,0,0,1,6,2,8,1242,1,-1,2,1
201350EL2T022,2,9,0,3,0,0,0,0,0,0,2,1,6,1,10,1753,2,12,4,1
201350EL2T022,3,9,0,18,0,0,0,0,0,0,1,1,2,2,4,-1,-1,-1,9,1
201350EL2T023,1,1,0,18,0,0,0,4,0,0,1,1,6,1,-1,-1,-1,-1,5,1
201350EL2T023,2,9,0,2,0,0,0,0,0,0,2,1,1,1,5,1360,1,10,6,2
201350EL2T025,1,21,0,4,0,3,1,0,0,0,1,1,1,1,8,5880,2,6,3,1
201350EL2T025,2,9,0,3,0,3,0,0,0,0,2,1,6,1,8,1598,1,8,8,1
201350EL2V001,1,9,0,14,0,0,0,0,0,0,3,1,6,1,7,2179,2,1,9,1
201350EL2V001,2,9,0,18,0,0,0,0,0,0,3,1,6,1,6,-1,-1,-1,3,1
201350EL2V003,1,9,0,4,0,0,0,0,0,0,1,1,6,1,10,2967,1,7,-1,-1
201350EL2V003,2,9,0,4,0,0,0,0,0,0,2,1,6,1,10,1240,1,8,3,1
201350EL2V003,3,9,0,4,0,0,0,0,0,0,2,1,1,1,8,-1,-1,-1,5,1
201350EL2V005,1,9,0,18,0,0,0,0,0,0,4,1,6,2,11,1498,1,11,8,1
201350EL2V005,2,9,0,2,0,0,0,0,0,0,3,1,6,2,6,1598,1,11,2,1
201350EL2V010,1,9,0,18,0,1,0,0,0,0,1,1,6,2,6,1596,1,14,1,1
201350EL2V010,2,9,0,3,0,2,0,0,0,0,2,1,6,1,7,1598,1,6,10,1
201350EL2V011,1,9,0,18,0,1,0,0,8,2,1,1,6,1,5,954,1,15,2,1
201350EL2W001,1,9,0,9,0,8,0,0,0,0,3,1,6,2,-1,1595,1,10,8,1
201350EL2W001,2,5,0,18,0,1,0,0,0,0,1,1,2,1,6,988,1,12,5,1
201350EL2W005,1,9,0,18,0,0,0,0,0,0,1,1,1,1,7,-1,-1,-1,6,1
201350EL2W005,2,9,0,3,0,0,0,0,0,0,2,1,1,2,7,1242,1,9,8,1
201350EL2W005,3,9,0,3,0,0,0,0,0,0,2,1,1,1,9,1995,2,6,6,3
201350EL2W006,1,9,0,18,0,1,0,0,0,0,4,1,6,1,5,-1,-1,-1,4,1
201350EL2W006,2,9,0,7,0,2,0,0,0,0,3,1,6,1,7,1598,1,4,2,1
201350EL2W006,3,9,0,2,0,2,0,0,0,0,2,1,6,2,-1,1560,2,2,5,1
201350EL2W009,1,1,0,18,0,1,0,0,0,0,1,1,6,1,6,-1,-1,-1,2,1
201350EL2W009,2,9,0,18,0,5,0,0,0,0,1,1,1,2,7,1796,1,10,2,1
201350EL2W011,1,9,0,4,0,1,1,0,0,0,1,1,1,1,9,1598,1,17,8,1
201350EL2W012,1,2,0,4,0,4,1,0,0,0,0,1,1,2,4,49,1,4,6,1
201350EL2W015,1,9,0,9,0,6,0,0,0,0,3,1,2,2,6,1799,1,17,1,1
201350EL2W015,2,2,0,18,0,1,0,0,0,0,1,1,6,1,4,49,1,10,3,1
201350EL2W016,1,9,0,9,0,1,0,0,0,0,4,1,6,3,-1,1360,1,8,-1,-1
201350EL2W016,2,5,0,18,0,1,0,0,0,0,1,1,6,1,7,998,1,6,5,1
201350EL2Y004,1,9,5,18,0,0,0,0,0,0,0,1,6,1,6,1994,1,9,3,1
201350EL2Y004,2,9,5,18,0,0,0,0,1,2,1,1,6,2,6,1398,2,10,5,1
201350EL2Y004,3,9,0,3,0,0,0,0,0,0,3,1,6,2,8,1840,1,13,7,1
201350EP2A001,1,9,0,18,0,0,0,0,1,11,1,1,6,1,4,1124,1,9,8,1
201350EP2A004,1,9,0,18,0,6,0,0,0,0,1,1,6,1,6,1390,1,13,8,1
201350EP2A004,2,9,0,18,0,1,0,0,0,0,1,1,6,2,8,2204,2,4,8,1
201350EP2A007,1,9,0,18,0,0,0,0,0,0,1,1,6,1,7,1598,2,-1,8,1
201350EP2B002,1,22,0,9,0,0,0,0,0,0,1,1,6,1,11,-1,-1,-1,6,1
201350EP2B002,2,9,0,18,0,0,0,0,0,0,1,1,6,2,11,1596,1,3,8,1
201350EP2B003,1,19,0,18,0,0,0,0,0,0,4,1,6,3,-1,-1,-1,-1,-1,-1
201350EP2B004,1,9,0,18,0,0,0,0,0,0,2,1,6,2,6,1461,2,9,-1,1
201350EP2B004,2,9,0,18,0,0,0,0,0,0,1,1,2,1,5,1596,1,13,9,3
201350EP2B005,1,3,0,18,0,4,0,0,0,0,1,1,2,1,7,-1,-1,-1,6,1
201350EP2B005,2,9,0,9,0,3,0,0,0,0,4,1,2,1,7,1398,1,13,8,1
201350EP2D004,1,9,0,18,0,0,0,0,0,0,1,1,6,2,4,1199,1,14,5,3
201350EP2D004,2,9,0,18,0,0,0,0,0,0,2,1,6,2,6,1587,1,11,8,1
201350EP2D004,3,9,0,18,0,0,0,0,0,0,2,1,6,2,5,1360,1,6,7,1
201350EP2D005,1,21,1,18,0,0,0,0,0,0,4,1,1,1,8,12777,2,7,5,3
201350EP2D005,2,1,0,18,0,0,0,0,0,0,3,1,2,1,8,-1,-1,-1,10,1
201350EP2D008,1,9,0,2,0,0,0,0,0,0,3,1,2,3,-1,1951,2,12,5,1
201350EP2D008,2,1,0,18,0,0,0,4,0,0,4,1,2,1,8,-1,-1,-1,4,1
201350EP2D010,1,19,0,7,0,1,0,0,0,0,4,1,6,1,8,1995,2,1,9,1
201350EP2D010,2,1,0,18,4,1,0,0,0,0,1,1,2,1,8,-1,-1,-1,9,1