Accident_Index,Vehicle_Reference,Vehicle_Type,Towing_and_Articulation,Vehicle_Manoeuvre,Vehicle_Location-Restricted_Lane,Junction_Location,Skidding_and_Overturning,Hit_Object_in_Carriageway,Vehicle_Leaving_Carriageway,Hit_Object_off_Carriageway,1st_Point_of_Impact,Was_Vehicle_Left_Hand_Drive?,Journey_Purpose_of_Driver,Sex_of_Driver,Age_Band_of_Driver,Engine_Capacity_(CC),Propulsion_Code,Age_of_Vehicle,Driver_IMD_Decile,Driver_Home_Area_Type
201350EP2F004,1,1,0,18,0,0,0,0,0,0,1,1,6,1,4,-1,-1,-1,6,1
201350EP2F004,2,9,0,3,0,0,0,0,0,0,2,1,6,2,7,1896,2,7,7,1
201350EP2F007,1,9,0,5,0,6,0,0,0,0,1,1,1,2,8,-1,-1,-1,5,3
201350EP2F007,2,9,0,18,0,8,1,0,0,0,1,1,1,1,4,1229,1,8,5,1
201350EP2F007,3,9,0,3,0,1,0,0,0,0,1,1,6,2,7,1798,1,-1,7,1
201350EP2F008,1,2,0,18,0,0,0,0,0,0,1,1,6,2,4,49,1,18,7,1
201350EP2F008,2,9,0,3,0,0,0,0,0,0,2,1,6,2,6,2204,2,6,7,1
201350EP2F009,1,9,0,18,0,1,0,0,0,0,1,1,6,1,7,1995,2,1,3,1
201350EP2F010,1,9,0,18,0,0,5,0,0,0,1,1,6,2,5,1299,1,10,5,1
201350EP2F010,2,9,0,2,0,0,0,0,0,0,1,1,6,2,6,2204,2,8,3,1
201350EP2F010,3,9,0,2,0,0,0,0,0,0,2,1,6,1,10,989,1,9,7,1
201350EP2F011,1,9,0,3,0,1,0,0,0,0,1,1,6,2,-1,-1,-1,-1,-1,-1
201350EP2F011,2,9,0,3,0,1,0,0,0,0,2,1,6,2,6,1796,1,8,3,1
201350EP2F013,1,9,0,9,0,8,0,0,0,0,1,1,6,1,7,1108,1,4,7,1
201350EP2F013,2,9,0,18,0,1,0,0,0,0,1,1,6,1,5,1595,1,8,7,1
201350EP2F013,3,3,0,18,0,1,5,0,0,0,4,1,6,1,7,124,1,3,7,1
201350EP2F014,1,2,0,18,0,0,1,0,0,0,3,1,6,1,4,49,1,2,7,1
201350EP2F014,2,9,0,18,0,0,0,0,0,0,1,1,2,2,4,1598,1,10,6,1
201350EP2F015,1,9,0,7,0,5,0,0,0,0,4,1,1,1,6,-1,-1,-1,6,3
201350EP2F015,2,1,0,18,0,1,0,0,0,0,1,1,2,1,7,-1,-1,-1,9,2
201350EP2F016,1,9,0,18,0,0,1,4,0,0,1,1,6,1,5,1299,1,9,9,1
201350EP2F016,2,9,0,18,0,0,0,0,0,0,2,1,6,2,5,1984,1,19,4,1
201350EP2F017,1,9,0,7,0,6,0,0,0,0,1,1,6,2,8,1596,1,13,4,1
201350EP2F017,2,9,0,7,0,6,0,0,0,0,2,1,6,1,11,1422,2,5,8,1
201350EP2F018,1,9,0,18,0,0,0,0,0,0,1,1,6,1,4,1299,1,12,10,1
201350EP2F018,2,9,0,18,0,0,0,0,0,0,2,1,2,1,7,1995,2,3,-1,1
201350EP2F021,1,9,0,18,0,1,0,0,0,0,1,1,6,2,8,1289,1,18,4,1
201350EP2F021,2,9,0,18,0,1,0,0,0,0,4,1,2,1,8,1753,2,8,10,1
201350EP2F022,1,5,0,5,0,2,0,0,0,0,0,1,6,1,5,998,1,12,9,1
201350EP2F025,1,9,0,18,0,0,1,0,0,0,1,1,6,1,7,-1,-1,-1,6,1
201350EP2F026,1,9,0,15,0,0,0,0,1,7,1,1,6,1,4,1360,1,12,9,1
201350EP2F026,2,9,0,18,0,0,0,0,0,0,2,1,6,2,8,1461,2,1,4,1
201350EP2F027,1,9,0,12,0,2,0,0,0,0,2,1,1,1,6,1588,1,11,1,1
201350EP2F027,2,5,0,18,0,2,0,0,0,0,1,1,6,1,5,645,1,8,8,1
201350EP2G002,1,9,0,6,0,1,0,0,0,0,3,1,6,2,7,1199,1,10,7,1
201350EP2G002,2,2,0,13,0,1,0,0,0,0,4,1,6,1,4,49,1,5,7,1
201350EP2G003,1,9,0,9,0,8,0,0,0,0,2,1,6,2,8,1240,1,9,8,1
201350EP2G003,2,3,0,18,0,1,1,0,0,0,1,1,6,1,4,50,1,8,6,1
201350EP2G006,1,9,0,9,0,1,0,0,0,0,1,1,6,2,6,1998,1,9,8,1
201350EP2G006,2,9,0,18,0,1,0,0,0,0,1,1,6,2,5,996,1,3,9,1
201350EP2G007,1,9,0,13,0,0,5,10,7,11,4,1,6,1,5,1389,1,12,8,1
201350EP2G007,2,9,0,6,7,0,0,0,0,0,3,1,6,1,6,1896,2,6,6,1
201350EP2G008,1,11,0,2,0,0,0,0,0,0,0,1,1,1,6,7300,2,11,2,1
201350EP2G010,1,9,0,9,0,1,0,0,0,0,3,1,6,2,6,998,1,8,8,1
201350EP2G010,2,19,0,18,0,1,0,0,0,0,1,1,1,1,8,1686,2,10,7,1
201350EP2G011,1,9,0,18,0,4,0,0,0,0,1,1,6,1,4,1396,1,14,7,1
201350EP2G011,2,9,0,9,0,8,0,0,0,0,1,1,6,1,8,1997,2,7,7,1
201350EP2G013,1,9,0,18,0,0,0,0,0,0,1,1,6,2,11,1390,1,8,9,1
201350EP2G014,1,9,0,9,0,6,0,0,0,0,1,1,6,2,6,1242,1,4,6,1
201350EP2G014,2,9,0,18,0,1,0,0,0,0,4,1,6,1,10,1197,1,1,7,1
201350EP2G015,1,9,0,9,0,6,0,0,0,0,3,1,6,1,8,1596,1,10,-1,-1
201350EP2G015,2,9,0,9,0,5,0,0,0,0,3,1,6,2,4,1910,2,7,8,1
201350EP2G015,3,9,0,2,0,2,0,0,0,0,3,1,1,1,-1,-1,-1,-1,-1,-1
201350EP2G016,1,5,0,18,0,0,1,0,7,0,1,1,6,1,6,748,1,2,1,1
201350EP2H001,1,9,0,10,0,1,0,0,0,0,1,1,6,1,6,1598,1,10,3,2
201350EP2H001,2,4,0,18,0,1,0,0,0,0,4,1,1,1,6,749,1,4,8,1
201350EP2H003,1,5,0,18,0,1,0,0,0,0,1,1,6,1,8,656,1,3,-1,-1
201350EP2H003,2,9,0,3,0,1,0,0,0,0,2,1,6,2,8,1242,1,10,4,1
201350EP2H005,1,9,0,15,0,7,0,0,0,0,0,1,6,3,-1,-1,-1,-1,-1,-1
201350EP2H005,2,3,0,18,0,7,0,0,0,1,1,1,6,1,4,125,1,1,4,1
201350FB2A001,1,9,0,18,0,0,0,0,1,2,3,1,6,2,4,-1,-1,-1,8,2
201350FB2A002,1,9,0,7,0,1,0,0,0,0,1,1,6,2,6,1896,2,10,4,1
201350FB2A002,2,1,0,18,0,8,0,0,0,0,1,1,6,1,9,-1,-1,-1,7,1
201350FB2A004,1,9,0,9,0,8,0,0,0,0,3,1,6,1,8,1997,2,13,4,1
201350FB2A004,2,9,0,13,0,8,0,0,0,0,4,1,6,1,6,-1,-1,-1,7,1
201350FB2A008,1,3,0,17,0,8,2,0,2,10,3,1,1,1,4,124,1,3,3,1
201350FB2A009,1,9,0,9,0,1,0,0,0,0,4,1,6,1,9,-1,-1,-1,7,3
201350FB2A009,2,9,0,16,0,1,0,0,0,0,1,1,6,2,7,-1,-1,-1,1,1
201350FB2A010,1,9,0,4,0,0,0,0,0,0,1,1,2,2,6,1461,2,10,5,1
201350FB2A010,2,9,0,3,0,0,0,0,0,0,2,1,2,2,8,1994,2,10,3,1
201350FB2A010,3,11,0,2,0,0,0,0,0,0,2,1,1,1,7,4250,2,9,7,1
201350FB2A011,1,5,0,17,0,0,0,0,0,0,4,1,6,1,6,600,1,13,3,1
201350FB2A013,1,9,0,18,0,2,0,0,0,0,1,1,6,1,7,1896,2,11,9,3
201350FB2A013,2,9,0,18,0,2,0,0,7,10,1,1,6,2,8,1328,1,12,3,1
201350FB2A014,1,9,0,4,0,1,0,0,0,0,1,1,6,2,6,1339,1,11,6,1
201350FB2A014,2,9,0,4,0,1,0,0,0,0,2,1,6,2,8,1796,1,9,5,2
201350FB2A014,3,9,0,4,0,1,0,0,0,0,2,1,6,2,-1,1242,1,-1,8,1
201350FB2A016,1,9,0,18,0,0,0,0,7,0,1,1,3,2,11,1390,1,16,8,1
201350FB2A019,1,9,0,9,0,6,0,0,0,0,1,1,6,1,11,1242,1,7,6,1
201350FB2A019,2,9,0,18,0,8,0,0,0,0,1,1,6,2,10,1781,1,14,5,1
201350FB2A020,1,9,0,16,0,0,5,0,7,11,3,1,6,2,5,1242,1,13,3,1
201350FB2A021,1,5,0,18,0,0,2,0,0,0,4,1,6,1,7,599,1,14,6,2
201350FB2B001,1,9,0,6,0,0,0,0,0,0,1,1,1,1,9,-1,-1,-1,5,1
201350FB2B002,1,9,0,5,0,6,0,0,0,0,3,1,2,2,8,1896,2,10,6,1
201350FB2B002,2,9,0,4,0,1,0,0,0,0,1,1,2,1,4,2000,2,9,6,1
201350FB2B006,1,9,0,4,0,0,1,0,0,0,1,1,6,2,4,1599,1,10,1,1
201350FB2B006,2,9,0,4,0,0,0,0,0,0,2,1,6,2,7,1560,2,1,6,1
201350FB2C001,1,9,0,18,0,1,0,0,0,0,1,1,6,2,4,1149,1,8,8,3
201350FB2C001,2,2,0,2,0,1,0,0,0,0,2,1,6,1,4,49,1,5,4,1
201350FB2C005,1,9,0,17,0,8,1,0,1,0,0,1,6,1,5,1910,2,6,5,1
201350FB2C006,1,21,1,5,0,5,0,0,1,10,0,1,1,1,8,12130,2,8,7,3
201350FB2C007,1,9,0,18,0,0,0,0,0,0,1,1,6,1,8,1896,2,16,3,1
201350FB2D002,1,21,1,9,0,1,0,0,0,0,1,1,1,1,7,5900,2,6,6,1
201350FB2D005,1,9,0,5,0,0,0,0,0,0,1,1,2,1,7,1988,1,14,-1,-1
201350FB2D005,2,2,0,18,0,0,0,0,0,0,4,1,2,1,4,125,1,-1,7,1
201350FB2D006,1,9,0,18,0,0,0,0,0,0,4,1,6,2,7,1840,1,14,3,1
201350FB2D007,1,9,0,5,0,1,0,0,0,0,0,1,6,3,-1,-1,-1,-1,-1,-1
201350FB2D007,2,3,0,18,0,1,1,0,0,0,0,1,6,1,6,124,1,4,4,1
201350FB2D010,1,9,0,18,0,0,0,0,0,0,4,1,6,1,9,995,1,6,3,1
201350FB2D011,1,9,0,3,0,0,0,0,0,0,1,1,6,2,5,1995,2,9,4,1
201350FB2D011,2,9,0,18,0,0,0,0,0,0,2,1,6,1,9,1995,2,2,7,2
201350FB2E002,1,1,0,18,0,0,0,0,0,0,1,1,6,1,-1,-1,-1,-1,3,1
201350FB2E002,2,9,0,9,0,0,0,0,0,0,4,1,6,1,8,1598,1,5,6,1
201350FB2E003,1,9,0,18,0,0,0,0,7,5,1,1,2,1,5,1587,1,12,3,1
201350FP2A001,1,9,0,18,0,1,0,0,0,0,1,1,6,3,-1,-1,-1,-1,-1,-1
201350FP2A002,1,9,0,7,0,8,0,0,0,0,1,1,6,1,-1,1956,2,1,6,1
201350FP2A002,2,9,0,9,0,8,0,0,0,0,2,1,6,1,10,1796,1,15,10,1
201350FP2A003,1,9,0,9,0,1,0,0,0,0,3,1,6,2,8,1796,1,12,1,1
201350FP2A003,2,9,0,13,0,1,5,10,7,10,4,1,6,2,10,998,1,8,7,1
201350FP2A004,1,9,0,9,0,1,0,0,0,0,1,1,6,1,4,1124,1,15,7,1
201350FP2A004,2,9,0,18,0,1,0,0,0,0,1,1,6,1,7,2179,2,4,5,1
201350FP2A005,1,9,0,18,0,0,0,0,0,0,1,1,1,1,7,-1,-1,-1,9,3
201350FP2A005,2,9,0,3,0,0,0,0,0,0,2,1,6,2,7,-1,-1,-1,6,1
201350FP2A010,1,9,0,5,0,6,0,0,0,0,1,1,6,1,4,1598,1,13,8,1
201350FP2A010,2,9,0,18,0,8,0,0,0,0,3,1,6,1,4,1242,1,12,8,2
201350FP2A015,1,9,0,16,0,2,0,0,0,0,1,1,6,1,6,1390,1,12,5,1
201350FP2A016,1,9,0,18,0,0,0,0,1,11,1,1,6,1,11,1598,1,7,4,1
201350FP2A017,1,9,0,1,0,0,0,0,0,0,2,1,6,2,9,1360,1,10,5,1
201350FP2A017,2,9,0,3,0,0,0,0,0,0,1,1,6,1,5,2979,1,10,8,1
201350FP2A021,1,9,0,10,0,1,0,0,0,0,2,1,6,2,11,1388,1,15,6,1
201350FP2A021,2,9,0,18,0,1,0,0,0,0,1,1,6,2,7,-1,-1,-1,1,1
201350FP2A022,1,9,0,18,0,0,0,0,0,0,4,1,6,3,-1,-1,-1,-1,-1,-1
201350FP2A023,1,9,0,18,0,1,0,0,0,0,1,1,6,1,5,1198,1,3,3,1
201350FP2A023,2,9,0,18,0,1,5,0,0,0,3,1,1,1,9,1560,2,5,6,1
201350FP2A024,1,9,0,5,0,6,0,0,0,0,1,1,6,3,-1,-1,-1,-1,-1,-1
201350FP2A024,2,1,0,18,0,8,0,0,0,0,1,1,6,2,3,-1,-1,-1,6,1
201350FP2A026,1,9,0,18,0,0,0,0,0,0,1,1,6,1,10,1956,2,2,6,1
201350FP2A026,2,9,0,3,0,0,0,0,0,0,1,1,6,1,9,1598,2,-1,10,1
201350FP2A026,3,9,0,3,0,0,0,0,0,0,1,1,6,1,5,1597,1,19,7,1
201350FP2A027,1,9,0,16,0,1,0,0,0,0,1,1,6,1,-1,-1,-1,-1,-1,-1
201350FP2A027,2,1,0,18,0,1,0,0,0,0,1,1,6,1,4,-1,-1,-1,8,1
201350FP2A028,1,9,0,18,0,0,0,0,0,0,4,1,6,2,11,1242,1,12,4,1
201350FP2A029,1,9,0,18,0,0,0,0,0,0,1,1,6,2,10,1248,1,-1,3,1
201350FP2A029,2,9,0,2,0,0,0,0,0,0,1,1,6,2,-1,3000,1,7,7,1
201350FP2A032,1,9,0,18,0,0,0,0,0,0,1,1,1,1,7,1956,2,2,9,1
201350FP2A034,1,9,0,5,0,8,0,0,0,0,1,1,6,2,8,1587,1,7,6,1
201350FP2A034,2,9,0,18,0,8,0,0,0,0,1,1,6,2,8,998,1,8,6,1
201350FP2A035,1,3,0,18,0,0,0,4,0,0,1,1,1,1,9,124,1,8,3,1
201350FP2A035,2,9,0,2,0,0,0,0,0,0,2,1,6,3,-1,1896,2,12,-1,-1
201350FP2A038,1,9,0,1,9,1,0,0,0,0,2,1,6,2,9,1246,1,8,6,1
201350FP2A038,2,22,0,18,9,1,5,0,0,0,3,1,6,2,11,-1,-1,-1,7,1
201350FP2A039,1,9,0,13,0,0,0,0,0,0,4,1,6,3,-1,1461,2,6,-1,-1
201350FP2A039,2,9,0,9,0,0,0,0,0,0,3,1,6,2,7,1461,2,3,6,1
201350FP2B001,1,9,0,18,0,0,0,10,0,0,1,1,6,1,5,1108,1,17,5,2
201350FP2B002,1,9,0,9,0,6,0,0,0,0,1,1,6,1,6,1686,2,8,4,1
201350FP2B002,2,5,0,18,0,1,0,0,0,0,1,1,6,1,5,908,1,29,4,1
201350FP2B004,1,9,0,5,0,1,0,0,0,0,3,1,6,1,9,1997,1,5,6,3
201350FP2B004,2,3,0,3,0,1,0,0,0,0,1,1,6,1,5,100,1,13,7,2
201350FP2B006,1,9,0,9,0,2,0,0,0,0,1,1,1,1,8,1360,1,9,2,1
201350FP2B006,2,9,0,18,0,1,0,0,0,0,1,1,6,1,5,-1,-1,-1,4,1
201350FP2B009,1,9,0,9,0,2,0,0,0,0,1,1,2,1,8,1598,1,14,3,1
201350FP2B009,2,9,0,9,0,2,0,0,0,0,2,1,2,1,6,1796,1,15,1,1
201350FP2B010,1,9,0,15,0,2,0,0,0,0,3,1,6,1,11,2184,2,12,-1,1
201350FP2B010,2,9,0,3,0,2,0,0,0,0,4,1,6,1,9,3000,1,20,3,1
201350FP2B011,1,9,0,18,0,1,0,0,0,0,4,1,6,2,9,2401,2,9,3,1
201350FP2B011,2,9,0,9,0,6,0,0,0,0,1,1,6,1,6,1798,1,10,6,1
201350FP2B013,1,4,0,14,0,0,0,0,0,0,1,1,6,1,8,1200,1,6,6,3
201350FP2B013,2,9,0,9,0,0,0,0,0,0,2,1,6,1,8,-1,-1,-1,8,1
201350FP2B014,1,19,0,5,0,0,0,0,0,0,1,1,6,1,8,2402,2,12,7,3
201350FP2B016,1,9,0,9,0,0,0,0,0,0,1,1,6,1,7,-1,-1,-1,5,2
201350FP2B016,2,9,0,18,0,0,0,0,0,0,1,1,6,1,7,-1,-1,-1,1,1
201350FP2B017,1,98,0,17,0,0,0,0,0,0,3,1,6,3,-1,-1,-1,-1,-1,-1
201350FP2B017,2,9,0,16,0,0,0,0,0,0,3,1,6,1,6,1400,2,6,2,1
201350FP2B018,1,9,0,18,0,0,0,0,0,0,1,1,6,3,-1,-1,-1,-1,-1,-1
201350FP2B019,1,9,0,16,0,0,0,0,0,0,1,1,6,1,3,-1,-1,-1,4,1
201350FP2B019,2,9,0,17,0,0,1,0,0,0,1,1,1,1,9,-1,-1,-1,3,3
201350FP2B020,1,9,0,18,0,0,0,0,0,0,1,1,6,1,7,2792,1,16,6,1
201350FP2B020,2,4,0,18,0,0,0,0,0,0,4,1,6,1,4,498,1,9,7,3
201350FP2B020,3,3,0,18,0,0,0,0,0,0,0,1,6,1,4,124,1,4,6,3
201350FP2B020,4,5,0,18,0,0,0,0,0,0,0,1,6,1,-1,696,1,1,3,1
201350FP2B022,1,4,0,18,0,2,0,10,0,0,1,1,6,2,-1,1250,1,13,5,1
201350FP2B022,2,1,0,18,0,5,0,0,0,0,3,1,6,1,6,-1,-1,-1,5,1
201350FP2B024,1,9,0,18,0,0,0,0,0,0,2,1,6,1,5,1598,1,5,7,3
201350FP2B024,2,9,0,18,0,0,0,0,0,0,1,1,2,2,5,1600,1,14,3,1
201350FP2B025,1,97,0,18,0,0,1,0,0,0,4,1,1,1,8,-1,-1,-1,6,1
201350FP2B027,1,9,0,18,0,0,0,0,0,0,1,1,6,2,8,1800,2,10,6,2
201350FP2B032,1,9,0,2,0,0,0,0,0,0,0,1,1,2,5,1560,2,8,5,1
201350FP2B032,2,9,0,2,0,0,0,0,0,0,0,1,6,1,9,1905,2,18,2,1
201350FP2B035,1,9,0,3,0,1,0,0,0,0,1,1,1,1,7,-1,-1,-1,6,1
201350FP2B035,2,9,0,3,0,1,0,0,0,0,2,1,1,1,7,1489,1,15,6,1
201350FP2B035,3,9,0,3,0,1,0,0,0,0,2,1,1,1,7,1598,1,7,3,1
201350FP2B035,4,1,0,3,0,1,0,0,0,0,1,1,1,1,7,-1,-1,-1,3,1
201350FP2B036,1,9,0,5,0,0,0,0,0,0,0,1,6,2,7,1560,2,-1,5,1
201350FP2B037,1,9,0,9,0,1,0,0,0,0,1,1,6,3,-1,-1,-1,-1,-1,-1
201350FP2B037,2,3,0,18,0,1,2,0,0,0,1,1,1,1,4,124,1,-1,4,1
201350FP2B041,1,9,0,16,0,0,0,0,7,0,1,1,6,2,9,-1,-1,-1,5,1
201350FP2B041,2,9,0,2,0,0,0,0,0,0,4,1,6,1,-1,-1,-1,-1,3,1
201350FP2C002,1,9,0,16,0,1,0,0,0,0,1,1,6,3,-1,-1,-1,-1,-1,-1
201350FP2C002,2,9,0,3,0,1,0,0,0,0,3,1,6,2,10,1399,2,1,1,1
201350FP2C004,1,9,0,4,0,0,1,0,0,0,1,1,6,1,8,-1,-1,-1,5,1
201350FP2C006,1,9,0,3,0,1,0,0,0,0,4,1,6,2,-1,2180,2,17,3,3
201350FP2C006,2,1,0,18,4,1,0,8,1,0,1,1,2,1,7,-1,-1,-1,6,1
201350FP2C008,1,19,0,18,0,1,0,0,0,0,3,1,1,1,-1,1995,2,7,4,1
201350FP2C010,1,9,0,17,0,1,0,0,0,0,1,1,6,3,-1,-1,-1,-1,-1,-1
201350FP2C013,1,9,0,18,0,1,0,0,0,0,0,1,6,2,7,998,1,4,3,1
201350FP2C014,1,22,0,18,9,0,0,0,0,0,1,1,6,1,-1,-1,-1,-1,1,1
201350FP2C015,1,11,0,18,0,0,0,0,0,0,0,1,1,1,10,9000,2,1,7,1
201350FP2C016,1,9,0,18,0,1,0,0,0,0,3,1,1,1,7,2976,1,11,1,1
201350FP2C016,2,1,0,18,0,1,0,0,0,0,1,1,4,1,4,-1,-1,-1,1,1
201350FP2C017,1,9,0,18,0,0,0,0,0,0,3,1,6,1,11,1390,1,13,-1,-1
201350FP2C024,1,9,0,18,0,8,0,0,0,0,1,1,6,1,7,1796,1,19,4,1
201350FP2C024,2,9,0,4,0,8,0,0,0,0,2,1,6,2,7,1956,2,1,5,1
201350FP2C025,1,9,0,9,0,8,0,0,0,0,2,1,6,1,5,1598,2,1,9,1
201350FP2C025,2,5,0,5,0,8,5,0,0,0,4,1,6,1,6,599,1,5,7,1
201350FP2C027,1,9,0,12,0,0,0,0,0,0,3,1,6,1,8,-1,-1,-1,3,1
201350FP2C027,2,9,0,18,0,0,0,0,0,0,4,1,6,1,5,1248,2,6,1,1
201350FP2C028,1,9,0,5,0,8,0,0,0,0,4,1,6,2,10,1797,8,2,7,3
201350FP2C028,2,1,0,5,0,8,5,0,0,0,2,1,6,2,4,-1,-1,-1,6,1
201350FP2C029,1,9,0,9,0,1,0,0,0,0,4,1,2,1,5,1686,2,9,6,1
201350FP2C029,2,1,0,18,0,1,0,0,0,0,1,1,2,2,6,-1,-1,-1,6,1
201350FP2C030,1,9,0,18,0,8,0,0,0,0,1,1,6,1,7,1997,2,12,3,1
201350FP2C030,2,9,0,18,0,8,0,0,0,0,3,1,6,2,7,1399,2,1,1,1
201350FP2C031,1,3,0,18,0,2,0,0,0,0,1,1,6,1,4,124,1,12,5,1
201350FP2C032,1,9,0,18,0,1,0,0,0,0,1,1,6,1,5,1995,2,6,6,2
201350FP2C035,1,9,0,18,0,1,0,0,0,0,1,1,6,3,-1,1598,1,12,-1,-1
201350FP2C035,2,9,0,3,0,1,0,0,0,0,2,1,2,1,5,1895,1,14,2,1
201350FP2D002,1,9,0,9,0,7,0,0,0,0,0,1,1,1,5,-1,-1,-1,5,1
201350FP2D002,2,9,0,18,0,8,0,0,0,0,0,1,6,2,4,1124,1,19,6,1
201350FP2D003,1,19,0,18,0,1,0,0,0,0,1,1,1,1,9,2198,2,2,2,1
201350FP2D003,2,9,0,5,0,2,0,0,0,0,1,1,1,1,5,1242,1,15,5,1
201350FP2D005,1,9,0,1,0,0,0,0,0,0,2,1,6,1,8,-1,-1,-1,4,1
201350FP2D007,1,9,0,7,0,4,0,0,0,0,1,1,6,1,7,1997,2,4,4,1
201350FP2D007,2,9,0,7,0,4,0,0,0,0,2,1,6,2,7,2000,2,9,6,1
201350FP2D008,1,9,0,18,0,1,0,0,0,0,1,1,6,1,8,1598,1,12,7,3
201350FP2D008,2,1,0,18,0,1,0,0,0,0,4,1,1,1,8,-1,-1,-1,3,1
201350FP2D010,1,9,0,5,0,0,0,0,0,0,1,1,6,1,5,1149,1,15,6,3
201350FP2D010,2,9,0,5,0,0,0,0,0,0,2,1,6,2,5,1587,1,9,4,1
201350FP2D011,1,9,0,18,0,6,0,0,0,0,1,1,6,3,-1,1587,1,19,3,1
201350FP2D011,2,9,0,16,0,6,0,0,0,0,4,1,6,2,8,1396,1,11,3,1
201350FP2D012,1,9,0,8,0,1,0,0,0,0,1,1,6,1,6,-1,-1,-1,6,1
201350FP2D012,2,9,0,8,0,1,0,0,0,0,2,1,6,2,8,2979,1,8,7,1
201350FP2D013,1,9,0,17,0,0,1,4,0,0,1,1,6,1,6,1598,1,12,6,1
201350FP2D013,2,9,0,2,0,0,0,0,0,0,2,1,6,1,9,-1,-1,-1,-1,-1
201350FP2D013,3,9,0,16,0,0,0,0,0,0,0,1,6,1,9,-1,-1,-1,3,3
201350FP2D017,1,9,0,11,0,0,0,0,0,0,1,1,1,1,9,1689,2,11,4,1
201350FP2D017,2,9,0,18,0,0,0,0,0,0,2,1,1,1,6,1998,1,10,4,1
201350FP2D018,1,9,0,9,0,5,0,0,0,0,3,1,6,1,5,1396,1,11,4,1
201350FP2D018,2,3,0,13,0,1,0,0,0,0,1,1,6,1,4,125,1,-1,8,1
201350FP2D019,1,9,0,18,9,0,0,0,0,0,1,1,6,3,-1,-1,-1,-1,-1,-1
201350FP2D023,1,9,0,18,0,1,0,0,0,0,1,1,6,1,10,2435,1,19,4,1
201350FP2E001,1,9,0,18,0,0,0,0,1,0,1,1,6,1,5,2967,1,14,1,1
201350FP2E001,2,9,0,3,0,0,0,0,0,0,2,1,6,2,10,1229,1,4,1,1
201350FP2E001,3,19,0,4,0,0,0,0,0,0,2,1,6,1,-1,1995,2,6,1,1
201350FP2E002,1,19,0,9,0,5,0,0,0,0,4,1,6,1,5,2500,2,6,5,1
201350FP2E002,2,2,0,18,0,1,0,0,0,0,1,1,6,1,4,49,1,11,3,1
201350FP2E003,1,20,0,18,0,1,0,0,1,11,1,1,1,1,6,4461,2,1,5,1
201350FP2E003,2,9,0,10,0,1,0,0,0,0,2,1,2,2,7,1299,1,9,7,1
201350FP2E005,1,9,0,18,0,1,0,0,0,0,1,1,6,1,6,-1,-1,-1,6,2
201350FP2E005,2,9,0,18,0,1,0,0,0,0,2,1,6,1,6,1870,2,9,7,2
201350FP2E005,3,9,0,18,0,1,0,0,0,0,2,1,6,2,4,1598,1,9,6,1
201350FP2E006,1,9,0,2,0,0,0,0,0,0,0,1,3,1,7,1910,2,6,6,1
201350FP2E006,2,9,0,5,0,0,0,0,0,0,1,1,3,2,7,1587,1,6,7,1
201350FP2E007,1,21,0,18,0,0,0,0,0,0,3,1,1,1,7,7146,2,-1,4,1
201350FP2E007,2,9,0,18,0,0,1,0,1,0,3,1,2,2,5,1360,1,13,4,1
201350FP2E008,1,9,0,2,0,0,0,0,0,11,1,1,6,2,6,1399,2,8,3,1
201350FP2E008,2,9,0,18,0,0,0,0,0,0,1,1,6,1,5,1796,1,11,6,1
201350FP2E009,1,9,0,5,0,6,0,0,0,0,1,1,6,1,-1,1895,1,14,6,1
201350FP2E009,2,3,0,17,0,1,0,0,0,0,1,1,6,1,6,125,1,-1,6,1
201350FP2E010,1,9,0,9,0,5,0,0,0,0,1,1,6,3,-1,1900,2,8,-1,-1
201350FP2E010,2,9,0,3,0,8,0,0,2,0,1,1,6,1,9,2688,2,13,6,1
201350FP2E010,3,9,0,8,0,1,0,0,1,0,3,1,6,2,9,1796,1,10,4,1
201350FP2F002,1,9,0,18,0,2,0,0,0,0,4,1,2,1,7,1124,1,12,4,1
201350FP2F003,1,9,0,18,0,0,0,0,0,0,2,1,6,3,-1,1388,1,2,-1,-1
201350FP2F003,2,1,0,18,0,0,0,0,0,0,1,1,6,1,3,-1,-1,-1,4,1
201350FP2G001,1,21,0,7,0,1,0,0,0,0,4,2,1,1,8,-1,-1,-1,6,1
201350FP2G001,2,22,0,18,0,1,0,0,0,0,1,1,6,2,11,-1,-1,-1,1,1
201350FP2G004,1,9,0,1,0,0,0,0,0,0,2,1,6,1,9,998,1,-1,6,1
201350FP2G007,1,9,0,18,0,0,0,0,0,0,1,1,6,2,4,998,1,11,3,1
201350FP2G008,1,9,0,9,0,8,0,0,0,0,1,1,2,2,4,1368,1,3,9,1
201350FP2G008,2,3,0,13,0,1,2,0,0,0,1,1,2,1,5,124,1,21,5,1
201350FP2H002,1,9,0,9,0,0,0,0,0,0,4,1,6,1,9,1999,1,7,6,1
201350FP2H002,2,9,0,18,0,0,0,0,0,0,1,1,6,1,5,1397,1,12,2,1
201350FP2H006,1,9,0,4,0,1,0,0,0,0,3,1,6,1,6,1900,2,9,-1,-1
201350FP2H006,2,9,0,4,0,1,0,0,0,0,2,1,6,2,7,1968,2,2,-1,-1
201350FP2H007,1,9,0,14,0,1,0,0,0,0,4,1,6,1,7,-1,-1,-1,3,1
201350FP2H008,1,9,0,18,0,8,0,0,0,0,1,1,6,3,-1,-1,-1,-1,-1,-1
201350FP2H008,2,9,0,18,0,8,0,0,0,0,4,1,2,1,5,1590,1,10,4,1
201350FP2H010,1,9,0,9,0,8,0,0,0,0,3,1,6,1,7,1389,1,16,3,1
201350FP2H010,2,9,0,18,0,8,0,0,0,0,1,1,1,1,7,1997,2,11,4,1
201350FP2I003,1,3,0,18,0,0,0,0,0,0,1,1,2,1,4,124,1,2,4,1
201350FP2I003,2,9,0,6,0,0,0,0,0,0,3,1,6,1,9,2959,2,9,10,1
201350FP2I004,1,9,0,3,0,2,0,0,0,0,2,1,6,1,10,1598,1,8,6,1
201350FP2I004,2,3,0,4,0,2,1,0,0,0,1,1,6,1,4,124,1,2,1,1
201350FP2J001,1,9,0,16,0,0,0,0,0,0,1,1,1,1,7,1910,2,7,3,1
201350FP2J001,2,9,0,16,0,0,0,0,0,0,2,1,6,1,10,1240,1,3,9,1
201350FT2A003,1,9,0,9,0,8,0,0,0,0,1,1,3,2,6,1600,1,1,3,1