Accident_Index,Vehicle_Reference,Vehicle_Type,Towing_and_Articulation,Vehicle_Manoeuvre,Vehicle_Location-Restricted_Lane,Junction_Location,Skidding_and_Overturning,Hit_Object_in_Carriageway,Vehicle_Leaving_Carriageway,Hit_Object_off_Carriageway,1st_Point_of_Impact,Was_Vehicle_Left_Hand_Drive?,Journey_Purpose_of_Driver,Sex_of_Driver,Age_Band_of_Driver,Engine_Capacity_(CC),Propulsion_Code,Age_of_Vehicle,Driver_IMD_Decile,Driver_Home_Area_Type
201350FT2A003,2,4,0,14,0,1,0,0,0,0,1,1,1,1,6,124,1,12,3,1
201350FT2A004,1,9,0,18,0,8,0,0,0,0,1,1,6,1,6,1896,2,12,3,3
201350FT2A004,2,9,0,9,0,8,0,0,0,0,4,1,6,2,6,973,1,13,3,1
201350FT2A005,1,21,0,18,0,0,1,0,0,0,2,1,1,1,7,5880,2,7,-1,1
201350FT2A005,2,9,0,18,0,0,1,0,0,0,1,1,6,2,10,1396,1,10,6,1
201350FT2A006,1,9,0,18,0,0,0,0,0,0,4,1,6,2,7,1796,1,8,6,1
201350FT2A007,1,9,0,17,0,0,1,0,7,7,1,1,6,1,5,1968,2,9,4,1
201350FT2B001,1,3,0,18,0,0,0,0,0,0,1,1,6,1,4,125,1,10,5,2
201350FT2B006,1,9,0,17,0,2,0,10,1,10,1,1,6,1,5,-1,-1,-1,5,2
201350FT2B006,2,9,0,2,0,2,0,0,0,0,2,1,6,1,-1,1870,2,8,3,1
201350FT2B008,1,3,0,18,0,1,0,0,0,0,1,1,6,1,5,124,1,4,7,2
201350FT2B008,2,19,0,10,0,1,0,0,0,0,2,1,1,1,8,-1,-1,-1,5,1
201350FT2B009,1,9,0,16,0,0,1,0,2,4,1,1,6,1,7,1489,1,15,-1,-1
201350FT2B011,1,9,0,1,0,0,0,0,0,0,2,1,6,2,7,1360,1,10,3,1
201350FT2B012,1,9,0,18,0,0,0,0,0,0,1,1,6,2,5,1242,1,11,1,1
201350FT2B012,2,9,0,2,0,0,0,0,0,0,1,1,6,1,8,2179,2,-1,1,1
201350FT2B013,1,19,0,1,6,0,0,0,0,0,2,1,6,1,-1,2446,2,15,4,1
201350FT2B013,2,19,0,2,6,0,0,0,0,0,1,1,3,2,6,1998,2,7,3,1
201350FT2B015,1,9,0,18,0,0,0,0,0,0,1,1,6,3,-1,-1,-1,-1,-1,-1
201350FT2B015,2,1,0,18,0,0,0,0,0,0,2,1,6,1,6,-1,-1,-1,4,1
201350FT2B017,1,9,0,9,0,8,0,0,0,0,1,1,6,2,10,1388,1,8,3,1
201350FT2B017,2,9,0,18,0,8,0,0,0,0,3,1,6,2,8,1968,2,7,2,1
201350FT2B018,1,9,0,17,0,0,0,0,1,11,1,1,1,2,6,1390,1,15,3,1
201350FT2B019,1,9,0,18,0,0,0,0,0,0,1,1,6,3,-1,-1,-1,-1,-1,-1
201350FT2B020,1,9,0,4,0,0,0,0,0,0,2,1,6,2,7,-1,-1,-1,6,3
201350FT2B020,2,19,0,4,0,0,0,0,0,0,2,1,1,1,7,1598,2,-1,5,1
201350FT2B020,3,9,0,4,0,0,0,0,0,0,1,1,2,2,4,1199,1,11,2,1
201350FT2B021,1,9,0,9,0,1,0,0,0,0,1,1,6,1,6,1799,1,4,4,1
201350FT2B021,2,9,0,18,0,1,0,0,0,0,1,1,6,1,6,1360,1,13,4,1
201350FT2B022,1,9,0,18,0,0,0,0,0,0,4,1,6,3,-1,-1,-1,-1,-1,-1
201350FT2B023,1,9,0,18,0,1,0,0,0,0,1,1,1,1,6,-1,-1,-1,3,1
201350FT2B023,2,9,0,18,0,1,0,0,0,0,2,1,3,2,8,1910,2,5,3,1
201350FT2B024,1,9,0,1,0,1,0,0,0,0,0,1,6,2,9,1124,1,10,5,1
201350FT2B024,2,9,0,2,0,1,0,0,0,0,0,1,6,1,5,1747,1,11,1,1
201350FT2B028,1,19,0,1,0,8,0,0,0,0,0,1,1,1,6,2143,2,2,6,1
201350FT2B029,1,9,0,18,0,0,0,0,0,0,4,1,6,2,11,998,1,1,3,1
201350FT2B030,1,9,0,17,0,0,0,0,2,11,4,1,6,1,6,2198,1,12,6,1
201350FT2C003,1,9,0,18,0,0,0,0,0,0,1,1,6,1,8,1753,2,14,5,1
201350FT2C004,1,9,0,1,0,0,0,0,0,0,2,1,1,2,8,1582,2,1,3,1
201350FT2C005,1,9,0,17,0,1,0,0,1,10,4,1,6,2,10,1149,1,6,3,1
201350FT2C005,2,9,0,4,0,1,0,0,0,0,1,1,6,2,9,1560,2,8,4,1
201350FT2C006,1,9,0,7,0,1,1,0,0,0,1,1,6,1,4,1598,1,15,3,1
201350FT2C007,1,9,0,18,0,8,0,0,0,0,3,1,2,2,7,1995,1,2,3,1
201350FT2C007,2,1,0,9,0,7,0,0,0,0,1,1,6,1,6,-1,-1,-1,-1,-1
201350FT2C010,1,9,0,9,0,5,0,0,7,11,1,1,6,2,6,1598,1,7,3,1
201350FT2C010,2,9,0,18,0,1,0,0,0,0,1,1,6,1,6,1240,1,10,3,1
201350FT2C010,3,9,0,10,0,1,0,0,0,0,1,1,6,2,6,1242,1,11,3,1
201350FT2C011,1,20,0,18,0,0,0,0,0,0,4,1,1,1,9,2151,2,9,1,1
201350FT2C012,1,98,0,18,0,1,0,0,0,0,4,1,6,3,-1,-1,-1,-1,-1,-1
201350FT2C019,1,5,0,16,0,1,0,0,0,0,1,1,6,1,4,599,1,15,3,1
201350FT2C019,2,9,0,9,0,6,0,0,0,0,2,1,6,1,5,1896,2,11,2,1
201350FT2C023,1,9,0,18,0,0,0,0,0,0,1,1,6,2,5,1242,1,7,5,1
201350FT2D001,1,9,0,18,0,0,0,0,0,0,4,1,6,1,9,2675,1,21,6,1
201350FT2D005,1,9,0,18,0,0,0,0,0,0,1,1,6,2,7,1600,1,13,8,2
201350FT2D005,2,9,0,3,0,0,0,0,0,0,2,1,3,2,6,1749,1,12,3,1
201350FT2D009,1,9,0,18,0,1,0,0,0,0,1,1,6,2,8,4163,1,8,6,1
201350FT2D009,2,22,0,18,0,2,0,10,0,0,1,1,6,1,11,-1,-1,-1,6,1
201350FT2D011,1,9,0,18,0,0,0,0,0,0,1,1,6,1,3,1798,1,9,6,1
201350FT2D012,1,9,0,5,0,0,0,0,0,0,0,1,6,1,6,-1,-1,-1,4,1
201350FT2D012,2,9,0,2,0,0,0,0,0,0,0,1,6,1,4,1596,1,10,4,1
201350FT2D013,1,9,0,1,0,2,0,0,0,0,2,1,6,1,8,1796,1,9,3,1
201350FT2E004,1,11,0,18,0,0,0,0,0,0,4,1,6,1,9,12000,2,6,7,1
201350FT2E004,2,1,0,18,0,0,5,10,0,0,3,1,6,1,9,-1,-1,-1,1,1
201350FT2E005,1,5,0,18,0,2,0,10,0,0,4,1,6,1,4,599,1,12,3,1
201350FT2E005,2,9,0,18,0,2,0,0,0,0,1,1,6,1,5,1242,1,16,5,1
201350FT2E011,1,11,0,18,0,0,0,0,0,0,4,1,1,1,8,6700,2,3,5,1
201350FT2E012,1,9,0,16,0,0,0,0,4,1,1,1,6,2,4,973,1,12,6,1
201350FT2E013,1,11,0,18,0,1,0,0,0,0,0,1,1,1,9,8268,2,8,1,1
201350FT2E014,1,9,0,18,0,0,0,0,0,0,1,1,6,3,-1,-1,-1,-1,-1,-1
201350FT2E015,1,11,0,5,0,0,0,0,0,0,0,1,1,1,9,9000,2,1,8,1
201350FT2E017,1,11,0,5,0,0,0,0,0,0,0,1,1,1,7,6700,2,3,3,1
201350FT2E019,1,9,0,18,0,0,0,0,0,0,4,1,2,1,6,-1,-1,-1,6,1
201350FT2E021,1,10,0,17,0,0,0,0,0,0,1,1,1,1,9,2198,2,1,2,1
201350FT2E025,1,11,0,18,0,0,0,0,0,0,0,1,1,1,9,8268,2,9,1,1
201350FT2E026,1,1,0,18,0,0,0,0,0,0,1,1,6,3,-1,-1,-1,-1,-1,-1
201350FT2E028,1,11,0,4,0,0,0,0,0,0,0,1,1,1,9,9000,2,1,6,1
201350FT2F002,1,9,0,17,0,0,2,0,7,0,1,1,6,1,4,1360,1,9,2,1
201350FT2F003,1,9,0,18,0,0,0,0,0,0,1,1,6,1,-1,2179,2,4,-1,-1
201350FT2F003,2,9,0,2,0,0,0,0,0,0,2,1,6,1,6,-1,-1,-1,3,1
201350FT2F006,1,9,0,1,0,0,0,0,0,0,0,1,6,1,-1,1956,2,3,6,1
201350FT2F007,1,9,0,16,0,0,0,0,0,10,1,1,6,1,8,1905,2,21,1,1
201350FT2F009,1,4,0,18,0,1,0,0,0,0,1,1,6,1,10,395,1,8,3,1
201350FT2F009,2,9,0,10,0,6,0,0,0,0,1,1,6,1,7,1905,2,19,1,1
201350FT2F010,1,5,0,4,0,0,0,0,0,0,4,1,6,1,5,805,1,9,8,1
201350FT2F016,1,9,0,18,0,0,0,0,0,0,3,1,6,3,-1,-1,-1,-1,-1,-1
201350FT2F017,1,9,0,18,0,0,0,0,0,0,1,1,6,1,11,1339,1,4,5,1
201350FT2F017,2,9,0,18,0,0,0,0,0,0,1,1,1,2,7,1596,1,12,3,1
201350FT2F018,1,9,0,18,0,4,0,0,0,0,0,1,6,1,4,1968,2,8,8,1
201350FT2F020,1,9,0,18,0,1,0,0,0,0,1,1,6,1,4,1248,2,4,4,1
201350FT2G002,1,19,0,1,0,0,0,4,0,0,2,1,6,1,5,1905,2,15,5,2
201350FT2G002,2,9,0,2,0,0,0,0,0,0,3,1,6,2,5,1796,1,9,1,1
201350FT2G003,1,9,0,5,0,6,0,0,0,0,1,1,6,3,6,2494,2,6,5,1
201350FT2G003,2,9,0,18,0,1,1,0,0,0,3,1,6,2,6,1587,1,12,1,1
201350FT2G005,1,9,0,18,0,0,0,0,0,0,1,1,6,1,6,1598,1,9,1,1
201350FT2H001,1,9,0,18,0,0,0,0,1,7,1,1,6,1,5,1999,1,6,3,1
201350FT2H002,1,9,0,9,0,8,0,0,0,0,1,1,6,2,4,1124,1,9,6,1
201350FT2H002,2,1,0,18,0,1,0,0,0,0,1,1,6,1,8,-1,-1,-1,5,1
201350FT2H005,1,2,0,18,0,1,0,0,0,0,1,1,6,1,5,49,1,5,5,2
201350FT2H005,2,9,0,18,0,2,0,0,0,0,1,1,6,1,7,1998,2,7,3,1
201350FT2H008,1,9,0,13,0,1,0,0,0,0,4,1,6,2,11,1598,1,6,1,1
201350FT2H008,2,1,0,9,0,1,2,0,0,0,3,1,2,1,7,-1,-1,-1,3,1
201350FT2H012,1,9,0,5,0,0,0,0,0,0,3,1,6,1,6,1686,2,2,7,1
201350FT2H013,1,9,0,18,0,0,0,0,0,0,1,1,2,1,8,-1,-1,-1,3,3
201350FT2H013,2,9,0,4,0,0,0,0,0,0,2,1,6,1,8,2497,2,-1,1,1
201350FT2H020,1,9,0,18,0,0,0,0,0,0,1,1,2,2,6,1998,2,12,-1,-1
201350FT2H020,2,9,0,18,0,0,0,0,0,0,2,1,2,2,4,1299,1,15,6,3
201350FT2H020,3,9,4,18,0,0,0,0,0,0,0,1,2,1,8,-1,-1,-1,7,2
201350FT2H024,1,9,0,18,0,0,0,2,7,0,4,1,6,1,10,1598,2,-1,4,1
201350FT2H025,1,98,0,15,0,0,0,0,0,0,1,1,1,1,11,-1,-1,-1,5,1
201350FT2H025,2,19,0,4,0,0,0,0,0,0,1,1,1,1,-1,-1,-1,-1,7,1
201350FT2H027,1,9,0,7,0,4,0,0,0,0,4,1,6,1,9,1560,2,-1,7,2
201350FT2H027,2,1,0,18,0,4,0,0,0,0,1,1,6,1,7,-1,-1,-1,1,1
201350FT2H030,1,9,0,18,0,8,0,0,0,0,1,1,6,2,7,1999,1,6,6,1
201350FT2H030,2,9,0,18,0,3,1,10,0,0,4,1,6,1,4,1199,1,11,3,1
201350FT2I003,1,9,0,18,0,0,0,0,0,0,1,1,1,1,11,1324,1,14,1,1
201350FT2I003,2,9,0,3,0,0,0,0,0,0,2,1,6,2,9,1199,1,11,5,1
201350FT2I005,1,9,0,14,0,0,0,0,0,0,1,1,6,1,8,-1,-1,-1,3,1
201350FT2I005,2,9,0,2,0,0,0,0,0,0,2,1,6,1,8,796,1,13,3,1
201350FT2I011,1,9,0,9,0,1,0,0,0,0,1,1,6,1,9,1242,1,3,3,1
201350FT2I011,2,9,0,8,0,2,0,0,0,0,1,1,6,1,8,2400,2,2,8,1
201350FT2I012,1,1,0,18,0,7,0,0,0,0,1,1,6,1,2,-1,-1,-1,3,1
201350FT2I012,2,9,0,9,0,6,0,0,0,0,1,1,6,1,9,996,1,4,3,1
201350FT2I015,1,9,0,5,0,6,0,0,0,0,3,1,6,1,8,1976,1,2,3,1
201350FT2I015,2,3,0,18,0,1,0,0,0,0,1,1,2,1,4,125,1,1,1,1
201350FT2I016,1,9,0,18,0,2,0,0,0,0,0,1,6,1,10,1796,1,13,6,1
201350FT2I017,1,9,0,10,0,1,0,0,0,0,2,1,6,2,6,1360,1,11,2,1
201350FT2I017,2,9,0,18,0,1,0,0,7,10,1,1,6,2,7,1332,1,15,3,1
201350FT2I018,1,9,0,16,0,0,0,0,0,0,3,1,6,1,8,1390,1,5,3,1
201350FT2I018,2,1,0,18,0,0,0,0,0,0,1,1,6,1,2,-1,-1,-1,3,1
201350FT2I021,1,9,0,18,0,4,0,0,0,0,1,1,6,3,-1,-1,-1,-1,-1,-1
201350FT2I021,2,19,0,9,0,4,0,0,0,0,1,1,6,2,5,1248,2,8,5,1
201350FT2I024,1,1,0,18,0,1,0,0,0,0,1,1,6,1,5,-1,-1,-1,1,1
201350FT2I024,2,9,0,18,0,8,0,0,0,0,1,1,6,1,7,1896,2,9,5,1
201350FT2I025,1,9,0,17,0,0,0,0,0,0,1,1,6,2,4,1360,1,14,2,1
201350FT2I025,2,9,0,18,0,0,0,0,0,0,1,1,2,2,8,1360,1,13,5,1
201350FT2I026,1,9,0,18,0,6,0,0,0,0,4,1,6,3,-1,-1,-1,-1,-1,-1
201350FT2I026,2,1,0,18,0,8,2,0,0,0,1,1,6,1,3,-1,-1,-1,3,1
201350FT2I027,1,2,0,18,0,1,0,0,0,0,1,1,6,1,4,50,1,2,3,1
201350FT2I027,2,9,0,4,0,1,0,0,0,0,2,1,6,1,9,1598,1,6,6,1
201350FT2I028,1,9,0,18,0,0,0,0,0,0,1,1,6,1,6,2204,2,6,3,1
201350FT2I029,1,9,0,18,0,8,0,0,0,0,1,1,6,2,7,1991,2,9,8,2
201350FT2I030,1,1,0,15,0,0,0,4,0,0,1,1,6,1,6,-1,-1,-1,4,1
201350FT2I030,2,9,0,2,0,0,0,0,0,0,3,1,6,3,5,1248,2,4,-1,-1
201350FT2I032,1,9,0,16,0,7,0,0,7,1,1,1,6,2,5,998,1,11,1,1
201350FT2I033,1,9,0,18,0,0,2,10,1,1,1,1,6,1,4,1360,1,14,1,1
201350FT2I034,1,4,0,18,0,0,0,4,0,0,1,1,6,1,9,1200,1,5,5,1
201350FT2I034,2,9,0,2,0,0,0,0,0,0,2,1,6,2,8,1396,1,9,5,2
201350FT2I035,1,9,0,3,0,0,0,0,0,0,2,1,6,1,6,1108,1,15,1,1
201350FT2I035,2,9,0,3,0,0,0,0,0,0,1,1,6,3,-1,-1,-1,-1,-1,-1
201350FT2I036,1,9,0,7,0,8,0,0,0,0,4,1,6,2,9,1422,2,7,6,1
201350FT2I036,2,1,0,18,0,8,0,0,0,0,1,1,6,2,7,-1,-1,-1,1,1
201350FT2I037,1,5,0,4,0,0,1,0,0,0,0,1,2,1,8,649,1,5,2,1
201350FT2I039,1,9,0,18,0,3,0,0,0,0,0,1,6,2,9,1248,1,4,3,1
201350FT2I045,1,9,0,9,0,8,0,0,0,0,3,1,6,1,6,2497,1,9,5,1
201350FT2I045,2,3,0,18,0,1,0,0,0,0,1,1,6,1,4,124,1,-1,5,1
201350FT2I046,1,9,0,18,0,4,0,0,0,0,3,1,1,1,8,2435,1,12,2,1
201350FT2I046,2,1,0,18,0,8,0,0,0,0,1,1,1,1,8,-1,-1,-1,6,1
201350FT2I050,1,9,0,10,0,4,0,0,0,0,3,1,6,2,6,2295,1,16,2,1
201350FT2I050,2,1,0,7,0,4,0,0,0,0,1,1,1,1,8,-1,-1,-1,3,1
201350FT2J001,1,9,0,3,0,2,0,0,0,0,2,1,6,1,9,1992,2,8,3,1
201350FT2J001,2,1,0,18,4,2,1,0,0,0,1,1,6,1,8,-1,-1,-1,4,1
201350FT2J002,1,9,0,7,0,1,0,0,0,0,1,1,6,1,11,3724,1,10,6,1
201350FT2J002,2,9,0,18,0,1,0,0,0,0,1,1,6,1,4,1199,1,9,5,2
201350FT2J003,1,9,0,5,8,6,0,0,0,0,1,1,6,2,-1,1199,1,14,3,1
201350FT2J003,2,9,0,18,0,1,0,0,0,0,3,1,6,1,5,1781,1,15,6,3
201350FT2J005,1,9,0,18,0,8,0,0,0,0,4,1,6,2,9,1396,1,13,2,1
201350FT2J005,2,9,0,18,0,8,0,0,0,0,1,1,6,2,8,1598,1,15,3,1
201350FT2J008,1,11,0,18,0,0,0,0,0,0,1,1,1,1,7,-1,2,14,5,1
201350FT2J010,1,9,0,18,0,1,0,0,0,0,1,1,6,1,5,1124,1,11,6,2
201350FT2J010,2,9,0,18,0,1,0,0,0,0,1,1,6,1,8,1997,2,1,4,1
201350FT2J011,1,9,0,9,0,1,0,0,0,0,1,1,1,1,10,1896,2,8,5,1
201350FT2J013,1,11,0,18,0,0,0,0,0,0,1,1,1,1,8,3900,2,7,6,1
201350FT2J015,1,9,0,18,0,0,0,0,0,0,1,1,6,2,6,1242,1,12,6,1
201350FT2J019,1,9,0,18,0,5,0,0,0,0,1,1,6,1,9,996,1,4,3,1
201350FT2J019,2,4,0,18,0,5,0,0,0,0,4,1,6,1,7,498,1,14,1,1
201350FT2J022,1,9,0,9,0,2,0,0,0,0,1,1,6,1,-1,1598,1,7,3,1
201350FT2J022,2,1,0,18,0,1,0,0,0,0,2,1,6,2,6,-1,-1,-1,4,1
201350FT2J024,1,9,0,1,0,0,0,0,0,0,2,1,6,3,-1,-1,-1,-1,6,3
201350FT2J024,2,9,0,3,0,0,0,0,0,0,1,1,6,1,6,-1,-1,-1,6,2
201350FT2J029,1,11,0,4,0,0,0,0,0,0,0,1,1,1,-1,9000,2,1,1,1
201350FT2J030,1,9,0,1,0,0,0,0,0,0,2,1,6,2,7,1997,2,3,6,1
201350FT2J033,1,3,0,18,0,0,0,4,0,0,1,1,6,1,4,125,1,13,6,3
201350FT2J033,2,9,0,18,0,0,0,0,0,0,4,1,6,2,6,1598,1,-1,7,3
201350FT2J033,3,9,0,2,0,0,0,0,0,0,3,1,6,1,7,1753,2,7,9,3
201350FT2J035,1,9,0,18,0,0,0,0,0,0,1,1,6,1,4,1149,1,14,2,1
201350FT2J035,2,9,0,18,0,0,0,0,0,0,1,1,6,2,7,1598,1,5,6,1
201350FT2J035,3,9,0,2,0,0,0,0,0,0,3,1,6,1,6,-1,-1,-1,1,1
201350FT2J035,4,9,0,2,0,0,0,0,0,0,3,1,6,2,7,1242,1,9,3,1
201350FT2J036,1,9,0,18,0,0,0,0,0,0,1,1,6,1,6,1796,1,13,4,1
201350FT2J041,1,9,0,18,0,0,0,0,0,0,4,1,6,3,-1,-1,-1,-1,-1,-1
201350FT2J042,1,9,0,9,0,8,0,0,0,0,1,1,6,2,9,2685,2,10,4,1
201350FT2J042,2,1,0,18,0,8,5,0,0,0,2,1,6,2,-1,-1,-1,-1,6,1
201350FT2J044,1,9,0,1,0,1,0,0,0,0,2,1,6,1,9,998,1,4,3,1
201350FT2J045,1,9,0,18,0,0,0,0,0,0,3,1,1,1,8,-1,-1,-1,3,1
201350FT2J046,1,9,0,9,0,1,0,0,0,0,1,1,2,1,6,1995,1,11,1,1
201350FT2J046,2,3,0,18,0,8,1,0,1,1,4,1,2,1,6,124,1,3,3,1
201350FT2J049,1,9,0,16,0,2,0,0,0,0,0,1,6,2,10,1991,2,8,7,1
201350FT2J049,2,19,0,16,0,2,0,0,0,0,2,1,1,1,7,-1,-1,-1,3,1
201350FT2J049,3,19,0,16,0,2,0,0,0,0,1,1,1,1,6,2143,2,1,5,1
201350FT2J050,1,9,0,18,0,1,0,0,0,0,1,1,6,3,-1,-1,-1,-1,-1,-1
201350FT2J050,2,9,0,18,0,1,0,0,0,0,2,1,6,2,9,1468,1,17,3,1
201350FT2J051,1,20,0,18,0,8,0,0,0,2,4,1,1,1,9,4461,2,4,3,1
201350FT2J051,2,9,0,5,0,8,0,0,0,0,1,1,6,1,10,1584,1,8,7,1
201350FT2K001,1,9,0,5,9,0,0,0,0,0,4,1,6,2,7,1461,2,2,5,1
201350FT2K002,1,9,0,18,0,0,0,0,0,0,1,1,6,2,6,1598,1,6,7,1
201350FT2K004,1,9,0,5,0,0,0,0,0,0,1,1,6,1,4,-1,-1,-1,3,1
201350FT2K004,2,9,0,2,0,0,0,0,0,0,1,1,6,1,10,998,1,2,3,1
201350FT2K004,3,9,0,2,0,0,0,0,0,0,1,1,6,2,6,1390,1,11,3,1
201350FT2K010,1,9,0,18,0,0,0,4,0,0,1,1,6,1,11,999,1,1,-1,-1
201350FT2K010,2,9,0,2,0,0,0,0,0,0,2,1,6,1,7,1497,8,7,10,1
201350FT2K010,3,9,0,2,0,0,0,0,0,0,3,1,6,1,9,1951,2,11,1,1
201350FT2K012,1,11,0,18,0,0,0,0,0,0,1,1,1,1,-1,8268,2,9,8,1
201350FT2K013,1,9,0,4,0,2,0,0,0,0,1,1,6,1,5,1229,1,-1,1,1
201350FT2K013,2,9,0,4,0,2,0,0,0,0,2,1,6,1,5,1242,1,11,5,1
201350FT2K013,3,9,0,4,0,2,0,0,0,0,2,1,6,2,8,1587,1,13,3,1
201350FT2K014,1,9,0,18,0,8,0,0,0,0,1,1,6,2,6,1299,1,7,8,1
201350FT2K014,2,9,0,9,0,8,0,0,0,0,4,1,6,2,8,1598,1,10,8,3
201350FT2K015,1,9,0,18,0,0,1,4,7,0,1,1,6,2,6,1397,1,14,5,1
201350FT2K015,2,9,0,2,0,0,0,0,0,0,2,1,6,2,-1,1598,1,9,5,1
201350FT2K015,3,9,0,2,0,0,0,0,0,0,2,1,6,1,-1,1951,2,12,3,1
201350FT2K016,1,19,0,4,0,1,0,0,0,0,3,1,6,1,8,2402,2,12,3,1
201350FT2K017,1,9,0,18,0,0,0,0,0,0,1,1,2,1,7,1598,1,9,5,1
201350FT2K020,1,9,0,18,0,0,0,0,0,0,4,1,6,1,11,1360,1,10,3,1
201350FT2K020,2,9,0,2,9,0,0,0,0,0,3,1,6,2,5,1598,1,3,3,1
201350FT2L001,1,9,0,18,0,0,0,0,0,0,1,1,6,2,5,1360,1,10,3,1
201350FT2L001,2,9,0,4,0,0,0,0,0,0,2,1,6,1,8,3222,2,9,6,3
201350FT2L002,1,9,0,7,0,8,0,0,0,0,4,1,6,1,7,1896,2,11,7,2
201350FT2L002,2,1,0,18,0,8,0,0,0,0,1,1,6,2,7,-1,-1,-1,5,1
201350FT2L009,1,3,0,3,0,1,0,0,0,0,3,1,6,2,6,745,1,5,1,1
201350FT2L009,2,11,0,9,0,1,0,0,0,0,3,1,6,1,9,12000,2,5,-1,1
201350FT2L010,1,9,0,18,0,0,0,0,0,0,1,1,2,1,10,2687,1,6,7,2
201350FT2L011,1,9,0,7,0,1,0,0,0,0,4,1,6,1,5,1995,1,6,2,1
201350FT2L011,2,1,0,18,4,1,0,0,0,0,1,1,2,1,8,-1,-1,-1,4,1
201350FT2L012,1,9,0,7,0,8,0,0,0,0,1,1,6,2,6,1598,1,11,5,1
201350FT2L012,2,1,0,18,0,8,0,0,0,0,3,1,6,1,10,-1,-1,-1,1,1
201350FT2L014,1,9,0,16,0,4,0,0,3,10,1,1,6,1,9,1598,1,5,1,1
201350FT2L015,1,9,0,18,0,0,0,0,0,0,1,1,6,1,6,1396,1,12,4,1
201350FT2L016,1,9,0,5,0,1,0,0,0,0,1,1,1,1,7,1587,1,11,4,1
201350FT2L016,2,1,0,18,0,8,2,0,7,10,3,1,1,1,-1,-1,-1,-1,-1,-1
201350FT2L018,1,9,0,18,0,1,0,0,0,0,3,1,6,1,10,1497,1,8,4,1
201350FT2L018,2,5,0,18,0,1,0,0,0,0,2,1,6,1,7,1085,1,17,6,1
201350FT2L020,1,9,0,9,0,1,0,0,0,0,1,1,6,1,8,2993,2,-1,10,1
201350FT2L020,2,9,0,18,0,1,0,0,0,0,3,1,6,1,7,2199,2,-1,8,1
201350FT2L022,1,9,0,4,0,1,1,0,3,4,1,1,6,1,-1,1242,1,11,-1,-1
201350FT2L024,1,9,0,18,0,0,0,0,0,0,4,1,6,3,-1,-1,-1,-1,-1,-1
201350FT2L025,1,9,0,4,0,0,0,0,0,0,2,1,1,2,9,1587,1,16,5,1
201350FT2L025,2,9,0,4,0,0,0,0,0,0,2,1,6,2,5,1596,1,6,6,1
201350FT2L025,3,9,0,4,0,0,0,0,0,0,1,1,6,2,9,2157,1,16,3,3
201350FT2L027,1,9,0,18,0,1,0,4,0,0,1,1,6,2,7,1582,2,4,5,1
201350FT2L027,2,9,0,2,0,2,0,0,0,0,1,1,6,2,7,1598,2,1,6,1
201350FT2L027,3,9,0,2,0,2,0,0,0,0,1,1,6,1,-1,2179,2,5,7,1
201350FT2L028,1,9,0,9,0,6,0,0,0,0,1,1,6,2,7,1124,1,11,10,1
201350FT2L028,2,3,0,18,0,8,0,0,0,0,4,1,6,1,4,124,1,12,4,1
201350FT2L029,1,11,0,5,0,1,0,0,0,0,0,1,1,1,9,9000,2,1,3,1
201350FT2L031,1,9,0,18,0,1,0,0,0,0,1,1,6,1,11,1796,1,13,5,1
201350FT2L031,2,9,0,9,0,1,0,0,0,0,1,1,6,2,4,998,1,-1,3,1
201350FT2L032,1,9,0,18,0,1,1,0,7,0,3,1,1,1,8,-1,-1,-1,4,1
201350FT2L032,2,9,0,18,0,1,1,0,0,0,4,1,6,2,9,2000,1,16,2,1
201350FT2L033,1,9,0,16,0,0,1,0,0,0,1,1,6,2,11,1598,1,17,4,1
201350FT2L033,2,9,0,4,0,0,0,0,0,0,2,1,6,2,9,1783,1,10,7,1
201350FT2L034,1,9,0,17,0,0,2,0,0,0,1,1,6,1,10,1360,1,4,4,1
201350FT2L034,2,9,0,4,0,0,5,0,1,7,2,1,6,2,9,998,1,2,4,1
201350FT2M004,1,9,0,9,0,6,0,0,0,0,1,1,6,2,11,1995,1,10,10,1
201350FT2M004,2,5,0,18,0,1,0,0,0,0,4,1,6,2,6,400,1,21,1,1
201350FT2M008,1,9,0,5,0,8,0,0,0,0,3,1,6,2,6,1900,2,14,3,1
201350FT2M008,2,9,0,18,0,1,0,0,0,0,1,1,6,1,7,1598,1,1,5,1
201350FT2M013,1,9,0,4,0,0,0,7,7,0,1,1,6,2,9,1796,1,2,6,1
201350FT2M013,2,9,0,4,0,0,0,0,0,11,2,1,6,2,9,1242,1,12,6,3
201350FT2M014,1,2,0,18,0,4,0,0,0,0,1,1,6,1,4,49,1,3,3,1
201350FT2M014,2,9,0,18,0,8,0,0,0,0,4,1,1,1,9,1582,2,-1,3,1
201350FT2M014,3,9,0,18,0,1,0,0,0,0,1,1,1,1,-1,-1,-1,-1,-1,-1
201350FT2M018,1,9,0,18,0,0,5,4,7,0,1,1,6,2,10,1998,1,10,7,1
201350FT2M018,2,9,0,2,0,0,0,0,0,0,2,1,3,2,6,1598,1,8,5,2
201350FT2M019,1,9,0,5,0,1,0,0,0,0,1,1,2,2,5,1299,1,10,1,1
201350FT2M019,2,9,0,18,0,8,0,0,0,0,1,1,6,1,11,1590,1,11,6,1
201350FT2M020,1,9,0,5,0,4,0,0,0,0,3,1,6,1,7,-1,-1,-1,1,1
201350FT2M020,2,2,0,9,0,8,0,0,0,0,1,1,6,1,4,125,1,10,5,2
201350FT2M022,1,9,0,18,0,1,0,7,2,2,1,1,6,1,11,1998,1,10,8,2
201350FT2M023,1,9,0,18,0,1,2,10,0,0,4,1,6,1,6,1396,1,13,4,1
201350GA2A001,1,9,0,18,0,1,0,0,0,0,1,1,2,2,5,1124,1,10,6,1
201350GA2A001,2,9,0,10,0,2,0,0,0,0,2,1,1,1,7,1753,2,4,3,1
201350GA2A002,1,20,0,1,0,6,0,0,0,0,3,1,1,1,8,-1,-1,-1,4,2
201350GA2A005,1,9,0,18,0,0,2,0,2,10,1,1,3,1,7,1997,2,11,4,3
201350GA2A007,1,20,0,18,0,0,0,0,0,0,3,1,1,1,6,-1,-1,-1,4,3