Accident_Index,Vehicle_Reference,Vehicle_Type,Towing_and_Articulation,Vehicle_Manoeuvre,Vehicle_Location-Restricted_Lane,Junction_Location,Skidding_and_Overturning,Hit_Object_in_Carriageway,Vehicle_Leaving_Carriageway,Hit_Object_off_Carriageway,1st_Point_of_Impact,Was_Vehicle_Left_Hand_Drive?,Journey_Purpose_of_Driver,Sex_of_Driver,Age_Band_of_Driver,Engine_Capacity_(CC),Propulsion_Code,Age_of_Vehicle,Driver_IMD_Decile,Driver_Home_Area_Type
201350GE4N006,1,9,0,9,0,1,0,0,4,0,4,1,6,2,8,1397,1,10,3,2
201350GE4N006,2,9,0,18,0,1,1,0,4,0,1,1,6,2,8,1493,2,7,7,3
201350GE4N007,1,9,0,9,0,5,0,0,0,0,1,1,1,1,7,1396,1,1,7,3
201350GE4N007,2,9,0,18,0,8,0,0,0,0,1,1,6,2,9,1388,1,2,5,3
201350GE4N008,1,9,0,4,0,1,0,0,0,0,0,1,1,1,6,-1,-1,-1,4,2
201350GE4N008,2,9,0,13,0,1,0,0,0,0,1,1,6,1,11,998,1,-1,-1,-1
201350GE4N008,3,5,0,18,0,1,0,0,1,0,1,1,1,1,4,600,1,15,5,3
201350GE4N009,1,19,0,12,0,0,0,0,0,0,3,1,6,1,11,1399,2,7,3,3
201350GE4N009,2,9,0,13,0,0,0,0,0,0,4,1,6,1,10,1997,2,12,2,1
201350GE4N011,1,9,0,9,0,1,0,0,0,0,1,1,1,2,5,1968,2,2,5,1
201350GE4N011,2,19,0,18,0,1,1,0,0,0,1,1,6,1,6,1868,2,12,6,1
201350GE4N012,1,9,0,5,0,0,5,0,0,0,3,1,6,2,11,1339,1,5,7,3
201350GE4N012,2,9,0,18,0,0,1,0,0,0,1,1,6,1,4,-1,-1,-1,9,2
201350GE4P002,1,9,0,17,0,0,2,0,7,9,0,1,6,1,4,999,1,12,9,1
201350GE4R002,1,9,0,16,0,0,2,0,0,0,3,1,6,1,5,1794,1,9,7,1
201350GE4R002,2,9,0,17,0,0,0,0,0,0,3,1,6,2,8,1389,1,18,6,3
201350GE4R003,1,9,0,18,0,8,1,0,1,10,1,1,6,2,9,2362,1,10,5,3
201350GE4R005,1,9,0,17,0,0,2,10,7,9,2,1,6,1,8,2495,2,16,6,3
201350GE4T001,1,9,0,17,0,0,0,0,0,0,3,1,6,2,4,-1,-1,-1,6,3
201350GE4T001,2,9,0,18,0,0,0,0,0,0,3,1,6,1,8,1783,1,15,5,3
201350GE4T001,3,9,0,18,0,0,0,0,0,0,0,1,2,2,8,998,1,1,5,2
201350GE4T004,1,9,0,17,0,0,5,0,0,3,1,1,6,1,7,2835,2,15,5,3
201350GE4T004,2,9,0,16,0,0,0,0,0,0,1,1,6,1,10,-1,-1,-1,7,3
201350GE4T005,1,9,0,18,0,1,0,0,0,0,1,1,6,2,4,1124,1,12,5,3
201350GE4T006,1,9,0,18,0,0,1,0,0,0,3,1,6,1,6,1968,2,3,6,3
201350GE4T006,2,9,0,2,0,0,0,0,0,0,3,1,6,2,8,1968,2,-1,5,3
201350GE4U001,1,9,0,16,0,1,1,0,7,0,1,1,6,1,7,1587,1,15,6,3
201350GE4U001,2,19,0,9,0,1,0,0,0,0,2,1,1,1,8,1560,2,4,5,1
201350GE4U001,3,9,0,3,0,1,0,0,0,0,1,1,1,1,6,-1,-1,-1,-1,-1
201350GE4U002,1,3,0,18,0,0,0,0,0,0,4,1,6,1,11,102,1,6,5,2
201350GE4V002,1,9,0,17,0,0,0,0,0,4,1,1,6,2,6,2295,1,14,3,1
201350GE4W001,1,9,3,18,0,0,4,0,1,0,3,1,1,1,6,-1,-1,-1,7,1
201350GE4W001,2,9,0,18,0,0,0,0,1,0,1,1,6,1,8,-1,-1,-1,4,3
201350GE4W002,1,9,0,18,0,0,0,0,0,0,1,1,6,1,7,1997,12,-1,5,1
201350GE4W002,2,9,0,18,0,0,0,0,0,0,1,1,6,1,8,1997,2,8,3,3
201350GE4W002,3,9,0,18,0,0,0,0,0,0,2,1,6,2,5,1560,2,7,4,1
201350GN2A001,1,9,0,9,0,6,0,0,0,0,2,1,1,2,4,1242,1,7,5,1
201350GN2A001,2,9,0,18,0,8,0,0,0,0,1,1,1,1,6,1397,1,3,6,1
201350GN2A005,1,3,0,5,0,3,2,0,0,0,1,1,6,1,4,124,1,8,4,3
201350GN2A005,2,9,0,15,0,1,0,0,0,0,1,1,6,2,9,1242,1,9,5,1
201350GN2A007,1,1,0,18,0,0,0,0,0,0,0,1,6,2,7,-1,-1,-1,2,1
201350GN2A010,1,9,0,9,0,1,0,0,0,0,4,1,6,2,7,1198,1,9,-1,-1
201350GN2A010,2,3,0,18,0,1,2,0,0,0,1,1,1,1,5,124,1,3,3,1
201350GN2A011,1,9,0,16,0,0,1,10,1,4,1,1,6,2,6,1998,1,15,4,1
201350GN2A014,1,9,0,18,0,0,0,0,0,0,3,1,6,1,7,1868,2,14,6,2
201350GN2A014,2,9,0,9,0,0,0,0,0,0,1,1,6,1,9,1905,2,15,4,3
201350GN2A018,1,9,0,9,0,2,0,0,0,0,1,1,6,2,7,1995,2,8,4,1
201350GN2A018,2,1,0,18,0,1,0,0,0,0,4,1,6,1,9,-1,-1,-1,6,1
201350GN2A019,1,9,0,18,0,0,0,0,0,0,1,1,6,1,7,1997,2,12,4,3
201350GN2A021,1,9,0,9,0,8,0,0,0,0,1,1,6,1,6,1794,1,8,2,1
201350GN2A022,1,9,0,4,0,0,0,0,0,0,2,1,6,1,7,2720,2,8,10,2
201350GN2A022,2,3,0,4,0,0,0,0,0,0,1,1,6,1,4,125,1,6,7,1
201350GN2A023,1,9,0,9,0,1,0,0,0,0,1,1,6,2,5,1299,1,11,5,1
201350GN2A023,2,9,0,18,0,1,0,0,0,0,1,1,6,1,6,1348,1,11,6,3
201350GN2A025,1,9,0,18,0,3,0,0,0,0,4,1,6,1,7,2457,1,14,5,1
201350GN2A026,1,9,0,9,0,1,0,0,0,0,1,1,6,2,8,1388,1,16,4,2
201350GN2A026,2,5,0,18,0,1,0,0,0,0,1,1,6,1,6,645,1,9,2,1
201350GN2A027,1,9,0,4,0,0,0,0,0,0,1,1,6,2,11,1296,1,6,7,1
201350GN2A030,1,11,0,9,0,4,0,0,0,0,4,1,1,1,7,4250,2,13,7,1
201350GN2A030,2,9,0,18,0,4,0,0,0,0,3,1,6,1,10,1560,2,4,4,1
201350GN2A031,1,9,0,17,0,1,0,0,0,0,0,1,6,1,7,-1,-1,-1,2,1
201350GN2A031,2,1,0,18,0,1,0,0,0,0,0,1,6,1,6,-1,-1,-1,2,1
201350GN2A032,1,2,0,18,0,0,1,0,0,0,4,1,6,1,4,49,1,5,3,1
201350GN2A032,2,9,0,18,0,0,0,0,0,0,0,1,6,1,4,973,1,13,3,1
201350GN2B001,1,9,0,7,0,8,0,0,0,0,1,1,6,1,8,1339,1,2,3,1
201350GN2B002,1,9,0,17,0,3,0,0,0,1,1,1,6,1,5,1984,1,15,4,3
201350GN2B003,1,9,0,18,0,0,0,0,0,0,1,1,6,2,6,999,1,-1,3,1
201350GN2B003,2,9,0,2,0,0,0,0,0,0,2,1,6,3,-1,-1,-1,-1,-1,-1
201350GN2B004,1,9,0,8,0,1,0,0,0,0,1,1,6,1,7,1686,2,-1,7,1
201350GN2B004,2,9,0,8,0,1,0,0,0,0,2,1,3,2,6,1998,1,10,7,3
201350GN2C001,1,19,0,9,0,5,0,0,0,0,1,1,6,3,-1,-1,-1,-1,-1,-1
201350GN2C002,1,9,0,4,0,0,0,0,0,0,1,1,2,2,7,1598,2,3,3,1
201350GN2C002,2,19,0,18,0,0,0,0,0,0,2,1,1,1,-1,1868,2,10,6,1
201350GN2C003,1,9,0,10,0,4,0,0,0,0,4,1,6,1,8,-1,-1,-1,7,3
201350GN2C003,2,1,0,18,0,1,0,0,0,0,1,1,6,1,3,-1,-1,-1,3,1
201350GN2C007,1,19,0,18,0,0,0,0,0,0,1,1,6,1,8,-1,-1,-1,3,1
201350GN2C007,2,1,0,7,0,0,0,0,0,0,4,1,6,2,6,-1,-1,-1,5,1
201350GN2C019,1,9,0,9,0,3,1,0,0,0,2,1,6,1,5,-1,-1,-1,5,3
201350GN2C019,2,9,0,18,0,4,1,0,0,0,1,1,6,1,6,-1,-1,-1,3,1
201350GN2D001,1,9,0,18,0,0,2,0,7,10,1,1,6,1,5,1587,1,15,5,1
201350GN2D002,1,9,0,17,0,0,2,0,1,10,1,2,1,1,5,1781,1,15,3,1
201350GN2D003,1,9,0,13,0,8,0,0,0,0,1,1,6,1,5,1984,1,5,4,3
201350GN2D003,2,19,0,9,0,5,0,0,0,0,3,1,1,1,8,1560,2,1,4,3
201350GN2D004,1,9,0,9,0,2,0,0,0,0,1,1,6,1,10,1975,1,9,4,1
201350GN2D004,2,9,0,17,0,8,0,0,0,0,4,1,6,2,7,2500,2,10,4,1
201350GN2D005,1,9,0,13,0,2,0,0,0,0,1,1,6,1,9,1596,1,5,4,2
201350GN2D005,2,9,0,17,0,2,0,0,0,0,2,1,2,2,7,1390,1,4,3,2
201350GN2D005,3,9,0,18,0,2,0,0,0,0,1,1,6,1,4,-1,-1,-1,5,1
201350GN2D005,4,11,0,5,0,2,0,0,0,0,0,1,1,1,-1,6700,2,2,-1,-1
201350GN2D006,1,9,0,18,0,0,1,0,0,0,1,1,2,1,9,-1,-1,-1,5,1
201350GN2D006,2,9,0,18,0,0,1,0,1,0,1,1,2,1,6,1991,1,12,4,1
201350GN2D007,1,9,0,16,0,0,1,0,0,10,0,1,6,1,4,1242,1,11,8,1
201350GN2D009,1,9,0,13,0,0,2,0,7,10,4,1,6,2,7,1587,1,11,4,2
201350GN2D009,2,9,0,18,0,0,0,0,0,0,3,1,6,1,8,-1,-1,-1,-1,-1
201350GN2D009,3,9,4,18,0,0,0,0,0,0,3,1,6,1,7,2597,1,10,4,1
201350GN2D012,1,9,0,9,0,8,0,0,0,0,1,1,6,1,5,1397,1,12,5,1
201350GN2D012,2,9,0,17,0,1,0,0,0,0,4,1,6,2,6,1997,2,10,5,1
201350GN2D013,1,9,0,18,0,1,0,0,0,0,1,1,6,1,5,2148,2,10,2,1
201350GN2D015,1,9,0,18,0,0,0,0,0,0,1,1,6,1,5,-1,-1,-1,6,2
201350GN2D015,2,9,0,3,0,0,0,0,0,0,2,1,6,1,7,1796,1,10,8,1
201350GN2D015,3,9,0,3,0,0,0,0,0,0,2,1,6,1,-1,1796,1,9,5,1
201350GN2D017,1,1,0,7,0,1,1,0,7,10,1,1,6,1,5,-1,-1,-1,4,1
201350GN2D017,2,9,0,16,0,1,2,0,0,0,3,1,6,1,10,2143,2,3,5,3
201350GN2D019,1,9,0,17,0,0,0,0,1,9,1,1,6,1,6,1598,1,12,5,3
201350GN2D022,1,9,0,18,0,1,0,10,7,2,1,1,6,2,11,1242,1,14,5,1
201350GN2D023,1,9,0,18,0,1,0,0,0,0,4,1,6,2,7,1598,1,14,6,3
201350GN2D023,2,9,0,8,0,1,0,0,0,0,1,1,6,1,-1,1348,1,6,3,1
201350GN2D024,1,9,0,18,0,1,0,0,0,0,1,1,6,1,7,1598,1,10,5,1
201350GN2D024,2,3,0,9,0,1,0,0,0,0,1,1,6,1,4,-1,-1,-1,7,1
201350GN2E002,1,9,0,18,0,1,0,0,0,0,1,1,6,1,6,2967,1,8,8,3
201350GN2E002,2,1,0,18,0,1,0,0,0,0,1,1,1,1,3,-1,-1,-1,4,3
201350GN2L001,1,9,0,18,0,0,0,0,0,0,1,1,6,1,8,2000,2,6,4,3
201350GN2L002,1,9,0,5,0,3,0,0,0,0,3,1,6,1,7,1686,2,1,3,1
201350GN2L002,2,1,0,18,0,4,0,0,0,0,3,1,6,1,6,-1,-1,-1,3,2
201350GN2L003,1,9,0,18,0,0,0,0,0,0,1,1,1,1,7,1986,2,6,4,1
201350GN2L003,2,9,0,9,0,0,0,0,0,0,3,1,6,2,10,1560,2,7,4,2
201350GN2L004,1,9,0,18,0,0,2,0,7,0,1,1,6,2,4,1360,1,3,5,2
201350GN2L006,1,19,0,18,0,0,1,0,0,0,1,1,6,1,7,1461,2,1,5,3
201350GN2L008,1,3,0,16,0,0,1,0,0,0,4,1,6,2,7,124,1,11,4,1
201350GN2L008,2,9,0,17,0,0,0,0,0,0,1,1,6,1,10,1390,1,12,8,2
201350GN2L009,1,9,0,18,0,0,5,0,1,0,0,1,6,1,7,-1,-1,-1,9,1
201350GN2L009,2,9,0,18,0,0,0,0,0,0,0,1,6,3,-1,-1,-1,-1,-1,-1
201350GN2L010,1,9,0,13,0,0,0,0,0,0,4,1,1,1,9,-1,-1,-1,5,1
201350GN2L010,2,1,0,18,0,0,0,0,1,0,3,1,6,1,7,-1,-1,-1,3,1
201350GN2L011,1,9,0,9,0,6,0,10,1,0,1,1,6,2,9,1120,1,20,4,3
201350GN2L011,2,9,0,18,0,8,1,0,0,0,1,1,6,1,4,1323,1,12,4,1
201350GN2L013,1,9,0,16,0,0,2,0,0,0,1,1,6,1,7,1527,2,15,7,1
201350GN2L016,1,9,0,16,0,0,1,0,8,4,1,1,1,2,5,1198,1,11,5,3
201350GN2L019,1,9,0,9,0,1,0,0,0,0,2,1,2,2,7,1753,2,6,5,3
201350GN2L019,2,9,0,4,0,1,1,0,0,0,1,1,1,1,6,2151,2,14,2,1
201350GN2L022,1,98,0,18,0,0,0,0,0,0,1,1,1,1,8,-1,-1,-1,3,2
201350GN2L022,2,9,0,3,0,0,0,0,0,0,2,1,6,2,8,1596,1,10,5,3
201350GN2L022,3,9,0,3,0,0,0,0,0,0,2,1,6,1,8,1968,2,1,7,1
201350GN2L023,1,9,0,16,0,0,1,0,7,4,1,1,6,1,4,1200,1,13,9,2
201350GN2L024,1,9,0,17,0,0,1,0,7,11,1,1,6,1,6,1997,2,10,6,1
201350GP2A007,1,9,0,9,0,1,0,0,1,3,1,1,6,2,4,1299,1,13,4,1
201350GP2A011,1,9,0,1,0,2,0,0,0,0,2,1,6,1,-1,1686,2,-1,7,1
201350GP2A013,1,9,0,1,0,0,0,0,0,0,2,1,6,1,-1,2980,2,19,4,3
201350GP2A016,1,3,0,15,0,1,0,0,0,0,0,1,6,1,8,124,1,7,8,1
201350GP2A016,2,9,0,9,0,1,0,0,0,0,0,1,6,1,5,1124,1,18,8,1
201350GP2A019,1,19,0,1,0,0,0,0,0,0,2,1,6,1,6,2151,2,10,5,1
201350GP2A019,2,9,0,2,0,0,0,0,0,0,1,1,6,2,9,1124,1,9,2,1
201350GP2A021,1,9,4,9,0,1,0,0,0,0,2,1,6,1,8,-1,-1,-1,3,2
201350GP2A021,2,9,0,18,0,1,0,0,0,0,1,1,6,1,11,-1,-1,-1,5,1
201350GP2B001,1,9,0,3,0,1,0,0,0,0,1,1,6,2,6,1086,1,3,5,1
201350GP2B001,2,9,0,3,0,1,0,0,0,0,2,1,6,2,7,1587,1,10,4,1
201350GP2B007,1,9,0,18,0,0,0,0,0,0,1,1,6,2,6,1461,2,4,-1,-1
201350GP2B007,2,9,0,18,0,0,0,0,0,0,1,1,6,2,8,3950,1,17,3,3
201350GP2B010,1,9,0,1,0,0,0,0,0,0,1,1,6,1,10,2179,2,1,7,1
201350GP2B010,2,9,0,2,0,0,0,0,0,0,1,1,6,2,7,-1,-1,-1,4,1
201350GP2B011,1,9,0,16,0,0,0,0,0,0,1,1,6,2,5,954,1,13,1,1
201350GP2B011,2,9,0,18,0,0,0,0,0,0,1,1,6,2,8,1248,1,3,7,1
201350GP2B013,1,9,0,18,0,4,0,0,0,0,3,1,3,1,7,1896,2,11,2,1
201350GP2B013,2,9,0,18,0,3,0,0,0,0,1,1,2,2,5,973,1,13,10,2
201350GP2B014,1,9,0,9,0,8,0,0,0,0,1,1,1,1,4,1896,2,10,7,1
201350GP2B015,1,9,0,9,0,0,0,10,0,11,1,1,6,2,5,1296,1,18,7,3
201350GP2B016,1,9,0,18,0,1,0,0,0,0,1,1,6,1,6,1598,1,14,8,3
201350GP2B016,2,1,0,18,0,1,0,0,0,0,3,1,6,1,3,-1,-1,-1,2,1
201350GP2B019,1,9,0,9,0,2,0,0,0,0,3,1,6,1,7,1998,2,6,4,1
201350GP2B019,2,1,0,18,0,2,0,0,0,0,1,1,6,1,5,-1,-1,-1,4,1
201350GP2B021,1,9,0,1,0,0,0,0,0,0,2,1,6,1,6,-1,-1,-1,6,1
201350GP2C002,1,9,0,18,0,1,0,4,7,0,1,1,6,2,11,1796,1,12,5,3
201350GP2C002,2,9,0,18,0,1,0,0,0,0,2,1,6,2,11,1299,1,6,5,3
201350GP2C002,3,9,0,2,0,2,0,0,0,0,4,1,1,1,10,1997,2,11,5,1
201350GP2C003,1,9,0,7,0,1,0,0,0,0,0,1,2,1,9,1597,1,15,2,1
201350GP2C003,2,21,0,15,0,1,0,0,0,0,0,1,1,1,7,4500,2,6,2,1
201350GP2C004,1,2,0,18,0,1,2,0,0,0,4,1,6,1,5,49,1,3,6,1
201350GP2C005,1,9,0,7,0,6,0,0,7,10,1,1,6,1,11,1596,1,11,7,1
201350GP2C008,1,9,0,18,0,1,0,0,0,0,1,1,6,3,-1,2204,2,4,-1,-1
201350GP2C008,2,9,0,2,0,1,0,0,0,0,2,1,6,2,-1,1896,2,10,4,1
201350GP2D002,1,9,0,18,0,3,0,0,0,0,4,1,6,1,7,1560,2,7,4,2
201350GP2D002,2,1,0,18,0,3,0,0,0,0,3,1,6,1,9,-1,-1,-1,6,1
201350GP2D004,1,9,0,18,0,0,0,0,0,0,1,1,6,1,8,2290,1,14,4,1
201350GP2D008,1,9,0,18,0,0,0,0,0,0,4,1,6,2,10,1248,1,3,8,2
201350GP2D009,1,9,0,18,0,1,0,0,0,0,1,1,1,2,6,1497,1,11,5,1
201350GP2D009,2,9,0,9,0,5,0,0,0,0,4,1,6,2,8,998,1,3,5,3
201350GP2D010,1,9,0,15,0,0,0,0,0,0,0,1,6,1,5,1124,1,14,4,1
201350GP2D010,2,1,0,18,0,0,0,0,1,0,0,1,6,1,4,-1,-1,-1,8,1
201350GP2D013,1,4,0,18,0,1,2,0,0,0,1,1,6,1,8,243,1,24,5,2
201350GP2D013,2,9,0,9,0,2,0,0,0,0,4,1,6,2,9,1995,2,5,2,1
201350GP2D014,1,3,0,16,0,0,2,0,0,0,1,1,1,1,6,123,1,27,5,1
201350GP2D014,2,9,0,3,0,0,0,0,0,0,2,1,1,1,7,-1,-1,-1,5,1
201350GP2D015,1,9,0,18,0,0,0,4,0,0,1,1,2,2,9,1149,1,4,7,1
201350GP2D015,2,90,0,2,4,0,0,0,0,0,2,1,1,1,6,-1,-1,-1,5,1
201350GP2D016,1,3,0,14,0,0,0,0,0,0,1,1,6,1,5,125,1,7,5,1
201350GP2D016,2,9,0,4,0,0,0,0,0,0,3,1,6,2,6,1596,1,10,2,1
201350GP2D017,1,9,0,3,0,0,0,0,0,0,2,1,2,2,8,1124,1,15,4,3
201350GP2D017,2,9,0,3,0,0,0,0,0,0,2,1,2,1,10,1198,1,4,4,1
201350GP2D017,3,9,0,3,0,0,0,0,0,0,1,1,2,2,6,1995,1,11,7,1
201350GP2D018,1,9,0,18,0,0,0,0,0,0,4,1,6,1,-1,1998,1,6,8,1
201350GP2D018,2,1,0,18,0,0,0,0,0,0,4,1,6,1,-1,-1,-1,-1,6,1
201350GP2D022,1,9,0,18,9,0,0,0,0,0,1,1,6,2,11,1149,1,11,5,1
201350GP2D024,1,9,0,18,0,1,0,0,0,0,1,1,6,2,6,1998,1,15,2,1
201350GP2D024,2,1,0,18,0,1,0,0,0,0,1,1,6,1,3,-1,-1,-1,2,1
201350GP2D027,1,9,0,4,0,1,0,4,0,0,1,1,6,1,11,1086,1,3,4,1
201350GP2D027,2,9,0,2,0,1,0,0,0,0,2,1,6,1,9,1747,1,12,5,1
201350GP2D028,1,9,0,18,0,0,0,0,0,0,1,1,6,1,6,-1,-1,-1,4,1
201350GP2D028,2,9,0,15,0,0,1,0,0,10,4,1,6,1,9,2997,1,17,5,2
201350GP2D029,1,3,0,14,0,0,0,0,0,0,1,1,6,1,4,49,1,14,5,1
201350GP2D029,2,9,0,9,0,0,0,0,0,0,3,1,6,2,6,1124,1,12,1,1
201350GP2D030,1,9,0,18,0,5,0,0,0,0,4,1,6,2,10,1349,1,3,5,1
201350GP2E001,1,9,0,18,0,0,0,0,0,0,4,1,6,1,10,1198,1,2,5,3
201350GP2E003,1,9,0,16,0,0,0,0,0,0,1,1,6,1,4,1149,1,12,5,2
201350GP2E003,2,9,0,17,0,0,0,0,0,0,1,1,6,1,7,-1,-1,-1,5,2
201350GP2E006,1,9,0,7,0,0,0,0,0,0,4,1,6,3,-1,-1,-1,-1,-1,-1
201350GP2I003,1,9,0,18,0,1,1,0,0,0,1,1,6,2,6,1896,2,8,2,1
201350GP2I003,2,9,0,10,0,5,0,0,0,0,2,1,1,2,6,-1,-1,-1,1,1
201350GP2I005,1,5,0,18,0,8,0,0,1,1,1,1,6,1,6,599,1,14,5,1
201350GP2I005,2,9,0,9,0,8,0,0,0,0,1,1,6,1,7,1910,2,5,4,1
201350GP2I006,1,9,0,18,0,0,0,0,0,0,1,1,6,1,11,1149,1,10,2,1
201350GP2I006,2,9,0,2,0,0,0,0,0,0,2,1,6,1,-1,-1,-1,-1,-1,-1
201350GP2I007,1,98,0,18,0,2,0,0,0,0,4,1,6,3,-1,-1,-1,-1,-1,-1
201350GP2I009,1,9,0,4,0,2,0,0,7,10,1,1,6,1,11,1242,1,9,5,1
201350GP2I011,1,9,0,18,0,1,0,0,0,0,1,1,6,1,6,1984,1,7,6,1
201350GP2I011,2,9,0,3,0,4,0,0,0,0,2,1,1,1,8,-1,-1,-1,7,1
201350GP2I011,3,9,0,9,0,4,0,0,0,0,4,1,2,1,5,998,1,13,5,3
201350GP2J003,1,9,0,18,0,0,0,0,0,0,1,1,6,1,10,1997,2,11,6,1
201350GP2J003,2,9,0,18,0,0,0,0,0,0,2,1,6,1,9,1997,2,1,7,3
201350GP2K001,1,9,0,9,0,6,0,0,1,11,3,1,6,2,4,998,1,2,7,1
201350GP2K001,2,19,0,18,0,1,0,0,0,0,1,1,1,1,4,1995,2,7,7,3
201350GP2K001,3,9,0,18,0,1,0,0,0,0,1,1,1,1,7,-1,-1,-1,6,3
201350GP2K001,4,9,0,7,0,5,0,0,0,0,1,1,1,1,7,-1,-1,-1,6,1
201350GP2K003,1,9,0,15,0,0,5,0,2,1,1,1,2,1,8,-1,-1,-1,-1,-1
201350GP2K004,1,9,0,9,0,6,0,0,0,0,4,1,6,1,9,4196,1,5,3,1
201350GP2K004,2,5,0,18,0,1,0,0,0,0,1,1,2,1,5,599,1,14,5,1
201350GP2K005,1,9,0,4,0,0,0,0,0,0,1,1,1,1,5,2500,2,22,4,3
201350GP2K005,2,9,0,4,0,0,0,0,0,0,1,1,1,1,7,1870,2,14,4,3
201350GP2K006,1,19,0,5,0,3,0,0,0,0,0,1,1,1,7,1868,2,8,4,1
201350GP2K006,2,19,0,18,0,3,0,0,0,0,0,1,1,1,9,1598,2,1,2,3
201350GR2A001,1,9,4,18,0,0,0,0,0,0,1,1,6,1,7,-1,-1,-1,6,1
201350GR2A001,2,1,0,18,0,0,0,0,0,0,2,1,6,2,8,-1,-1,-1,6,3
201350GR2A002,1,9,0,13,0,0,0,0,0,0,4,1,6,3,-1,1973,1,13,-1,-1
201350GR2A002,2,1,0,18,0,0,0,0,1,0,3,1,6,1,6,-1,-1,-1,4,1
201350GR2A003,1,19,0,7,0,1,0,0,0,0,1,1,6,2,6,2496,2,17,4,3
201350GR2A003,2,20,0,18,0,1,0,0,0,0,3,1,6,1,7,5800,2,12,4,1
201350GR2A003,3,11,0,10,0,1,0,0,0,0,3,1,6,1,7,4250,2,10,4,3
201350GR2A006,1,9,0,9,0,5,0,0,0,0,3,1,6,1,7,-1,-1,-1,6,3
201350GR2A006,2,3,0,18,0,8,0,0,7,0,1,1,6,1,6,124,1,6,3,2
201350GR2A007,1,9,0,9,0,1,1,0,7,0,1,1,1,2,4,1198,1,11,4,3
201350GR2A007,2,9,0,9,0,2,0,0,0,0,3,1,1,1,-1,1997,2,8,6,1
201350GR2A008,1,9,0,18,0,8,0,0,0,0,1,1,6,1,8,1753,2,11,-1,1
201350GR2A008,2,9,0,18,0,8,0,0,0,0,1,1,6,1,7,-1,-1,-1,6,3
201350GR2A009,1,9,0,18,0,1,0,0,0,0,1,1,6,2,8,1968,2,4,4,3
201350GR2A009,2,1,0,10,0,1,0,0,0,0,1,1,6,2,7,-1,-1,-1,7,1
201350GR2A012,1,19,0,18,0,1,0,0,0,0,2,1,6,1,7,1896,2,8,6,1
201350GR2A012,2,9,0,10,0,1,0,0,0,0,1,1,6,2,8,1299,1,20,2,1
201350GR2A014,1,9,0,18,0,1,0,0,0,0,1,1,6,2,4,1389,1,16,3,2
201350GR2A014,2,9,0,10,0,1,0,0,0,0,2,1,6,2,5,1399,2,7,4,3
201350GR2B001,1,9,0,18,0,0,0,0,0,0,3,1,6,2,5,1198,1,11,5,3
201350GR2B001,2,9,0,18,0,0,0,0,0,0,3,1,6,1,5,1598,1,4,4,3
201350GR2B003,1,9,0,16,0,0,1,0,0,0,4,1,2,2,5,1299,1,12,8,1
201350GR2B003,2,9,0,18,0,0,0,0,0,0,1,1,2,2,7,1984,1,12,2,1
201350GR2B004,1,5,0,18,0,1,2,0,0,0,2,1,6,1,10,998,1,3,6,3
201350GR2B004,2,9,0,10,0,1,0,0,0,0,0,1,6,2,5,1248,2,7,-1,2
201350GR2B005,1,4,0,4,0,1,0,0,0,0,1,1,1,1,6,400,1,22,3,1
201350GR2B005,2,9,0,3,0,1,0,0,0,0,2,1,1,2,7,1870,2,10,1,1
201350GR2B006,1,9,0,18,0,0,2,0,1,10,4,1,6,2,6,1798,1,11,5,2
201350GR2B007,1,9,0,4,0,0,1,0,0,0,1,1,6,1,8,1900,2,15,4,3
201350GR2B007,2,9,0,3,0,0,0,0,1,0,2,1,6,1,8,1747,1,12,-1,-1
201350GR2B007,3,19,0,3,0,0,0,0,0,0,2,1,6,1,8,-1,-1,-1,4,3
201350GR2B011,1,9,0,6,0,0,0,0,0,0,2,1,1,1,9,-1,-1,-1,6,1
201350GR2B013,1,9,0,18,0,0,1,0,0,0,1,1,6,1,10,1598,1,14,3,1
201350GR2B013,2,9,0,3,0,0,0,0,0,0,2,1,6,2,6,1781,1,11,5,1
201350GR2B013,3,9,0,3,0,0,0,0,0,0,2,1,6,1,8,-1,-1,-1,6,3
201350GR2B014,1,90,0,13,0,1,0,0,0,0,4,1,1,2,7,2148,2,6,7,1
201350GR2B014,2,9,0,9,0,1,0,0,0,0,3,1,6,1,10,2494,2,26,5,3
201350GR2B015,1,9,0,13,0,8,5,0,7,0,1,1,6,1,5,1598,1,13,3,3
201350GR2B015,2,9,0,9,0,5,0,0,0,0,3,1,6,2,6,998,1,13,6,3
201350GR2B016,1,9,0,16,0,0,0,0,0,0,1,1,6,2,9,1248,2,5,-1,-1
201350GR2B019,1,9,0,9,8,6,0,0,0,0,3,1,6,1,11,1896,2,8,4,1
201350GR2B019,2,9,0,18,0,8,0,0,0,0,1,1,6,1,8,1560,2,7,5,3
201350GR2B020,1,19,0,18,0,0,5,0,7,1,1,1,6,1,5,1910,2,10,4,3
201350GR2B021,1,9,0,18,0,8,0,0,0,0,1,1,6,1,5,1598,1,1,1,1
201350GR2B021,2,9,0,9,0,2,0,0,0,0,3,1,6,1,7,1598,2,-1,6,2
201350GR2B022,1,9,0,7,0,5,0,0,0,0,2,1,1,1,6,-1,-1,-1,5,1
201350GR2B022,2,3,0,18,0,8,1,0,0,0,1,1,6,1,8,124,1,2,7,1
201350GR2B024,1,9,0,18,0,0,0,0,0,0,1,1,2,1,6,1998,1,16,3,2
201350GR2B024,2,9,0,18,0,0,0,0,0,0,1,1,6,1,9,1461,2,2,5,1
201350GR2B026,1,9,0,9,0,6,0,0,0,0,3,1,6,1,9,1297,1,23,1,1
201350GR2B026,2,1,0,18,0,1,0,0,0,0,1,1,6,1,5,-1,-1,-1,5,3
201350GR2B027,1,9,0,17,0,0,1,0,2,10,1,1,6,2,9,1248,1,1,5,2
201350GR2B028,1,20,0,18,0,0,0,0,0,0,4,1,1,1,7,4250,2,12,1,1
201350GR2C001,1,3,0,17,0,0,0,0,0,0,1,1,6,1,4,90,1,39,6,2
201350GR2C001,2,9,0,16,0,0,0,0,0,0,1,1,6,2,11,1388,1,10,6,3