Accident_Index,Vehicle_Reference,Vehicle_Type,Towing_and_Articulation,Vehicle_Manoeuvre,Vehicle_Location-Restricted_Lane,Junction_Location,Skidding_and_Overturning,Hit_Object_in_Carriageway,Vehicle_Leaving_Carriageway,Hit_Object_off_Carriageway,1st_Point_of_Impact,Was_Vehicle_Left_Hand_Drive?,Journey_Purpose_of_Driver,Sex_of_Driver,Age_Band_of_Driver,Engine_Capacity_(CC),Propulsion_Code,Age_of_Vehicle,Driver_IMD_Decile,Driver_Home_Area_Type
201350JA2C001,2,9,0,7,0,1,0,0,0,0,1,1,6,2,8,-1,-1,-1,5,2
201350JA2C002,1,9,0,9,0,1,0,0,0,0,4,1,3,2,7,1995,2,5,6,3
201350JA2C002,2,11,0,17,0,1,0,0,0,0,1,1,1,1,8,-1,-1,-1,2,1
201350JA2C004,1,9,0,1,0,0,0,0,0,0,2,1,6,1,6,1896,2,11,5,2
201350JA2C007,1,3,0,18,0,0,0,0,0,0,1,1,6,3,-1,-1,-1,-1,-1,-1
201350JA2C007,2,9,0,3,0,0,0,0,0,0,0,1,6,1,4,1380,1,10,5,2
201350JA2C009,1,9,0,9,0,8,0,0,0,0,3,1,6,2,4,1360,1,12,6,3
201350JA2C009,2,5,0,18,0,1,1,0,0,0,1,1,6,1,9,-1,-1,-1,5,2
201350JA2C010,1,9,0,18,0,2,0,0,0,11,1,1,6,2,4,1149,1,10,2,1
201350JA2C010,2,9,0,12,0,2,0,0,0,0,0,1,6,3,-1,-1,-1,-1,-1,-1
201350JA2C012,1,9,0,18,0,8,1,0,8,10,1,1,6,2,6,1868,2,11,7,2
201350JA2C012,2,1,0,18,0,8,0,0,0,0,3,1,6,1,10,-1,-1,-1,6,3
201350JA2C015,1,9,0,16,0,1,1,0,0,0,1,1,1,1,6,1997,2,9,2,1
201350JA2C015,2,9,0,17,0,1,0,0,0,0,3,1,6,2,8,998,1,1,7,3
201350JA2C016,1,9,0,18,0,0,0,0,0,0,1,1,6,1,-1,-1,-1,-1,-1,-1
201350JA2C017,1,9,0,18,0,0,0,0,0,0,0,1,6,1,-1,-1,-1,-1,-1,-1
201350JA2C017,2,2,0,18,0,0,5,0,0,0,1,1,6,1,4,49,1,3,3,1
201350JA2C018,1,9,0,18,0,7,0,0,0,0,1,1,6,2,-1,-1,-1,-1,-1,-1
201350JA2C018,2,9,0,3,0,7,0,0,0,0,2,1,6,2,6,1598,1,5,4,1
201350JA2C018,3,9,0,3,0,7,0,0,0,0,2,1,6,2,9,1390,1,1,10,1
201350JA2C020,1,9,0,4,0,8,1,0,0,0,1,1,1,1,7,1997,2,8,2,1
201350JA2C020,2,9,0,4,0,8,0,0,0,0,2,1,1,1,8,1968,2,-1,9,3
201350JA2C021,1,19,0,18,0,1,0,0,0,0,3,1,6,2,7,-1,-1,-1,5,3
201350JA2C021,2,9,0,18,0,2,0,0,0,0,3,1,6,2,9,1242,1,4,10,2
201350JA2D001,1,4,0,16,0,0,1,0,7,10,1,1,6,1,4,343,1,16,8,3
201350JA2D001,2,9,0,17,0,0,0,0,0,0,1,1,1,1,8,1995,2,6,5,1
201350JA2D002,1,9,0,5,0,6,0,0,0,0,3,2,6,1,9,-1,-1,-1,7,3
201350JA2D002,2,5,0,18,0,1,0,0,0,0,1,1,6,1,4,675,1,7,6,3
201350JA2D003,1,90,0,17,0,0,0,0,0,0,1,2,6,1,8,-1,-1,-1,-1,-1
201350JA2D003,2,9,0,16,0,0,0,0,0,0,1,1,2,1,7,1998,1,10,7,3
201350JA2D007,1,9,0,17,0,0,0,0,0,0,1,1,2,1,6,-1,-1,-1,5,3
201350JA2D007,2,9,0,16,0,0,0,0,0,0,1,1,2,2,7,1994,1,11,6,3
201350JA2E001,1,9,0,18,0,0,1,0,0,0,1,1,2,2,5,1753,2,14,5,1
201350JA2E001,2,9,0,18,0,0,0,0,0,0,1,1,1,1,8,1596,1,10,10,1
201350JA2E002,1,5,0,16,0,0,0,0,0,0,0,1,6,1,8,1199,1,10,4,1
201350JA2E002,2,9,0,16,0,0,1,0,2,7,1,1,6,2,4,1360,1,6,7,2
201350JA2E003,1,9,0,16,0,0,5,0,1,0,1,1,6,1,4,1242,1,11,1,1
201350JA2E003,2,9,0,16,0,0,0,0,0,0,2,1,6,1,7,1995,2,9,1,1
201350JA2E003,3,9,0,16,0,0,0,0,0,0,1,1,1,2,5,1498,1,5,-1,-1
201350JA2E003,4,19,0,16,0,0,0,0,0,0,2,1,1,1,8,2198,2,-1,1,1
201350JA2E004,1,9,0,4,0,0,0,0,0,0,2,1,2,1,6,1896,2,6,4,1
201350JA2E004,2,9,0,4,0,0,0,0,0,0,1,1,2,1,7,1686,2,9,7,1
201350JA2E004,3,9,0,4,0,0,1,0,0,0,2,1,2,1,8,1905,2,15,2,1
201350JA2E004,4,9,0,4,0,0,1,0,0,0,1,1,2,2,9,1956,2,2,5,2
201350JA2G002,1,9,0,17,0,0,0,0,0,0,1,1,6,1,10,1995,2,10,6,3
201350JA2G002,2,9,0,16,0,0,1,0,0,0,1,1,6,1,7,2500,2,15,5,3
201350JA2I001,1,9,0,18,0,8,0,0,0,11,4,1,6,1,5,1794,1,19,7,2
201350JC2A001,1,9,0,17,0,0,0,0,0,0,1,1,6,2,8,1598,2,1,-1,-1
201350JC2A001,2,9,0,16,0,0,0,0,1,0,1,1,2,2,6,1339,1,6,6,3
201350JC2A003,1,9,0,4,0,2,0,0,0,0,2,1,2,1,5,1493,1,19,7,3
201350JC2A003,2,1,0,18,0,2,0,0,0,0,1,1,6,1,10,-1,-1,-1,8,3
201350JC2A004,1,9,0,18,0,1,1,0,0,0,1,1,1,1,10,-1,-1,-1,5,2
201350JC2A004,2,10,0,10,0,1,0,0,0,0,2,1,3,2,8,-1,-1,-1,8,3
201350JC2B002,1,9,0,16,0,0,0,0,1,1,1,1,6,1,6,1970,1,12,2,1
201350JC2B002,2,9,0,16,0,0,0,0,4,10,1,1,6,2,10,1398,1,3,10,1
201350JC2B003,1,9,0,13,0,0,0,12,0,0,1,1,6,2,6,1997,2,8,7,1
201350JC2B004,1,9,0,16,0,0,0,0,0,11,1,1,6,2,11,1250,1,16,5,2
201350JC2B005,1,9,0,18,0,0,0,0,0,0,1,1,1,1,6,1360,1,15,7,3
201350JC2B005,2,9,0,4,0,0,0,0,0,0,2,1,1,1,6,1086,1,10,6,2
201350JC2B005,3,9,0,4,0,0,0,0,0,0,2,1,1,1,7,1587,1,5,3,1
201350JC2B007,1,9,0,5,0,1,0,0,0,0,1,1,6,2,7,1753,2,12,5,1
201350JC2B007,2,9,0,18,0,1,0,0,0,0,1,1,6,2,8,1910,2,5,5,2
201350JC2B009,1,9,0,9,0,6,0,0,0,0,1,1,6,1,6,1242,1,1,7,1
201350JC2B009,2,9,0,18,0,8,5,0,8,7,4,1,1,1,8,-1,-1,-1,7,2
201350JC2B013,1,9,0,13,0,0,0,0,0,0,0,1,6,2,6,1686,2,2,7,2
201350JC2B013,2,19,0,12,0,0,2,0,5,4,2,1,1,1,6,2402,2,2,10,2
201350JC2B013,3,9,0,13,0,0,1,0,0,0,1,1,1,1,-1,2993,2,3,-1,-1
201350JC2B014,1,5,0,12,0,0,2,0,0,0,4,1,6,1,4,883,1,15,6,2
201350JC2B014,2,21,0,18,0,0,0,0,0,0,2,1,1,1,9,4461,2,2,2,1
201350JC2B017,1,9,0,18,0,0,0,0,1,1,1,1,6,2,5,1749,1,12,10,1
201350JC2B019,1,9,0,18,0,1,1,0,0,0,2,1,6,2,7,1796,1,5,6,2
201350JC2B019,2,9,0,18,0,1,1,0,0,0,1,1,6,1,5,1600,1,14,6,2
201350JC2B020,1,9,0,9,0,6,0,0,0,0,1,1,6,2,4,1199,1,14,7,2
201350JC2B020,2,3,0,18,0,1,0,0,0,0,1,1,6,1,6,125,1,3,10,2
201350JC2B020,3,9,0,2,0,2,0,0,0,0,1,1,6,3,9,1242,1,4,5,2
201350JC2B021,1,9,0,5,0,6,0,0,0,0,3,1,6,2,6,1587,1,8,2,1
201350JC2B021,2,9,0,18,0,1,0,0,0,0,1,1,6,2,6,1968,2,-1,4,1
201350JC2B021,3,9,0,18,0,1,0,0,0,0,0,1,6,1,10,2461,2,13,9,3
201350JC2C001,1,9,0,18,0,0,1,0,0,0,1,1,6,1,4,1242,1,12,6,3
201350JC2C001,2,9,0,18,0,0,0,0,0,0,1,1,6,2,4,-1,-1,-1,-1,-1
201350JC2E001,1,9,0,18,0,0,0,0,0,0,0,1,6,1,6,-1,-1,-1,3,1
201350JC2E001,2,9,0,18,0,0,0,0,0,0,0,1,6,1,6,1995,2,6,3,1
201350JC2F001,1,11,0,18,0,0,0,0,0,0,1,1,6,1,6,5880,2,19,10,2
201350JC2F001,2,9,0,18,0,0,0,0,0,0,1,1,6,2,6,1798,1,3,7,3
201350JC3H001,1,9,0,18,0,0,0,0,1,0,3,1,6,1,11,796,1,13,6,2
201350JC3H001,2,9,0,2,0,0,0,0,0,0,3,1,6,1,6,-1,-1,-1,6,1
201350JC3H002,1,9,0,18,0,3,0,0,0,0,1,1,6,1,4,-1,-1,-1,3,1
201350JC3H002,2,9,0,3,0,3,0,0,0,0,2,1,6,2,8,1398,2,7,4,1
201350JC3H004,1,9,0,18,0,1,0,0,7,0,1,1,6,2,4,1242,1,13,3,1
201350JC3H004,2,9,0,18,0,1,0,0,0,0,0,1,1,1,8,-1,-1,-1,5,2
201350JC3H005,1,9,0,5,0,1,0,0,0,0,1,1,2,1,5,1598,1,11,6,2
201350JC3H005,2,9,0,3,0,1,0,0,0,0,2,1,6,1,10,1242,1,10,5,1
201350JC3H006,1,9,0,5,0,1,0,0,0,0,0,1,2,1,5,1598,1,11,6,2
201350JC3H006,2,9,0,18,0,1,0,0,1,10,4,1,6,2,7,1998,1,14,6,1
201350JC3H007,1,9,0,9,0,1,0,0,0,0,1,1,6,2,11,1332,1,6,7,3
201350JC3H009,1,9,0,18,0,3,0,0,1,11,2,1,6,1,5,1910,2,10,5,2
201350JC3H010,1,5,0,16,0,0,1,0,7,11,1,1,6,1,9,-1,-1,-1,-1,-1
201350JC3H012,1,9,0,8,0,8,0,0,0,0,1,1,6,2,5,1299,1,5,3,1
201350JC3H012,2,9,0,8,0,8,0,0,0,0,2,1,6,1,6,1598,1,15,3,1
201350JC3H013,1,9,0,5,0,1,5,0,3,10,1,1,6,2,10,1298,1,4,6,2
201350JC3H014,1,9,0,18,0,0,0,0,0,0,1,1,6,1,8,1781,1,12,6,2
201350JC3H015,1,3,0,13,0,8,1,0,0,0,1,1,2,1,4,125,1,8,6,3
201350JC3H015,2,9,0,9,0,5,0,0,0,0,3,1,2,1,6,1995,2,11,10,2
201350JC3H019,1,9,0,3,0,4,0,0,0,0,1,1,6,1,8,1896,2,3,-1,1
201350JC3H019,2,9,0,3,0,4,0,0,0,0,2,1,6,2,9,1997,2,3,8,2
201350JC3H021,1,3,0,5,0,1,0,0,0,0,3,1,2,1,4,124,1,6,7,1
201350JC3H021,2,9,0,18,0,1,0,0,0,0,1,1,6,2,-1,1332,1,1,7,3
201350JC3H024,1,19,0,3,0,1,0,0,0,0,1,1,1,1,4,1870,2,7,8,2
201350JC3H024,2,9,0,3,0,1,0,0,0,0,2,1,6,2,9,2148,2,9,6,2
201350JC3H026,1,9,0,5,8,8,0,0,0,0,3,1,6,2,9,1299,1,11,5,2
201350JC3H026,2,11,0,18,0,1,0,0,0,0,1,1,1,1,9,3972,2,17,1,1
201350JC3H029,1,9,0,9,0,8,0,0,0,0,1,1,1,1,9,2150,1,18,3,1
201350JC3H029,2,5,0,13,0,1,2,0,0,0,3,1,1,1,8,749,1,3,8,1
201350JC3H030,1,9,0,1,0,0,0,0,0,0,2,1,1,1,7,-1,-1,-1,6,2
201350JC3H030,2,1,0,18,0,0,0,0,0,0,1,1,1,1,8,-1,-1,-1,10,2
201350JC3I001,1,9,0,18,0,0,1,0,0,0,1,1,1,1,7,-1,-1,-1,3,1
201350JC3I001,2,9,0,18,0,0,1,0,0,0,1,1,1,1,8,-1,-1,-1,3,1
201350JC3I002,1,5,0,16,0,0,0,0,0,0,1,1,6,1,6,750,1,37,6,1
201350JC3I002,2,9,0,17,0,0,0,0,0,0,1,1,6,2,7,-1,-1,-1,7,2
201350JC3I004,1,9,0,16,0,0,0,0,0,0,1,1,2,2,8,1999,1,10,6,2
201350JC3I004,2,1,0,17,0,0,1,0,0,0,1,1,2,2,5,-1,-1,-1,6,3
201350JC3J002,1,9,0,13,0,0,0,0,0,0,1,1,6,2,5,1396,1,14,7,3
201350JC3J002,2,9,0,18,0,0,0,0,0,0,1,1,6,1,9,1242,1,12,7,3
201350JC3J003,1,9,0,17,0,0,0,0,0,0,1,1,6,1,5,998,1,14,5,1
201350JC3J004,1,11,0,18,0,0,0,0,0,0,3,1,6,1,8,4250,2,6,7,3
201350JC3J004,2,9,0,18,0,0,0,0,0,0,3,1,6,1,9,1998,2,5,7,3
201350JC3J005,1,9,0,18,0,0,0,0,1,11,3,1,1,1,9,1396,1,8,7,3
201350JC3J005,2,9,0,18,0,0,0,0,0,0,3,1,1,1,8,1796,1,10,7,3
201350JC3J006,1,19,0,16,0,0,2,0,0,0,1,1,1,1,5,2198,2,2,9,1
201350JC3K001,1,9,0,18,0,0,1,0,0,0,1,1,6,2,7,1392,1,20,7,2
201350JC3K001,2,9,0,3,0,0,0,0,0,0,2,1,6,1,4,1596,1,2,7,2
201350JC3K002,1,5,0,17,0,0,1,0,0,0,3,1,6,1,8,1250,1,5,4,1
201350JC3K003,1,9,0,17,0,0,0,0,0,0,4,1,6,3,-1,-1,-1,-1,-1,-1
201350JC3K003,2,1,0,16,0,0,0,0,0,0,3,1,6,1,8,-1,-1,-1,8,2
201350JC3K005,1,17,4,18,0,0,3,0,0,0,0,1,1,1,8,-1,2,10,6,3
201350JC3K005,2,9,0,18,0,0,0,0,0,0,1,1,6,1,5,2402,2,3,7,2
201350JC3K005,3,9,0,18,0,0,0,0,0,0,3,1,1,1,11,1798,1,9,7,2
201350JC3L001,1,9,0,13,0,1,0,0,0,0,4,1,6,1,10,1998,2,8,7,1
201350JC3L001,2,9,0,9,0,1,0,0,0,0,3,1,6,1,5,-1,-1,-1,5,3
201350JC3L002,1,9,0,18,0,0,0,0,0,0,0,1,6,3,-1,-1,-1,-1,-1,-1
201350JC3M001,1,1,0,18,0,0,2,0,0,0,1,1,6,1,9,-1,-1,-1,8,1
201350JC3M001,2,19,0,18,0,0,0,0,0,0,1,1,6,1,9,-1,-1,-1,6,3
201350JC3O002,1,9,0,18,0,0,1,0,4,6,1,1,6,1,10,1991,2,4,4,1
201350JC3O003,1,9,0,15,0,0,0,0,1,1,1,1,1,1,8,1968,2,1,7,2
201350JC3O004,1,9,0,16,0,0,1,0,7,4,4,1,6,2,4,973,1,10,8,2
201350JC3O006,1,3,0,16,0,0,1,0,0,0,3,1,6,1,4,124,1,26,5,3
201350JC3O006,2,11,0,17,0,0,0,0,0,0,0,1,1,1,8,3972,2,18,5,3
201350JC3O007,1,9,0,5,0,0,0,0,0,0,0,1,6,2,9,1991,1,10,7,3
201350JC3O007,2,1,0,17,0,0,0,0,1,9,0,1,6,1,7,-1,-1,-1,6,1
201350JC3O009,1,9,0,18,0,0,1,0,2,4,0,1,6,2,11,1396,1,8,5,2
201350JC3O009,2,9,0,18,0,0,1,0,5,6,0,1,6,2,7,1560,2,-1,7,1
201350JC3O011,1,9,0,18,0,0,0,0,0,0,3,1,6,1,10,2199,2,-1,8,2
201350JC3O011,2,9,0,18,0,0,0,0,0,0,3,1,6,2,7,1997,2,6,8,3
201350JC3O012,1,21,1,9,0,3,0,0,0,0,3,1,1,1,-1,-1,-1,-1,-1,-1
201350JC3O012,2,3,0,9,0,3,0,0,0,0,4,1,6,2,5,124,1,9,4,1
201350JC4O001,1,9,0,13,0,0,0,0,0,0,1,1,6,3,-1,-1,-1,-1,-1,-1
201350JC4O001,2,9,0,18,0,0,0,0,0,0,2,1,6,1,6,-1,-1,-1,2,1
201350JC4O001,3,17,0,18,0,0,0,0,0,0,2,1,1,1,7,-1,-1,-1,-1,-1
201350JC4O002,1,9,0,17,0,0,2,0,7,11,4,1,6,1,5,2494,2,1,9,1
201350JC4O003,1,9,0,17,0,0,1,0,2,4,1,1,6,2,4,1043,1,25,5,3
201350JC4O005,1,9,0,16,0,0,0,0,0,0,1,1,2,2,7,1997,1,11,5,3
201350JC4O005,2,9,0,17,0,0,0,0,0,0,1,1,6,1,5,1124,1,13,9,3
201350JC4O006,1,9,0,5,0,0,0,0,0,0,0,1,6,2,-1,1968,2,6,5,3
201350JC4O006,2,17,0,18,0,0,0,0,0,0,0,1,1,1,8,6788,2,12,5,3
201350JC4O007,1,9,0,17,0,0,0,0,1,10,1,1,6,1,11,1398,2,8,7,2
201350JC4P002,1,9,0,13,0,0,1,0,1,4,3,1,6,1,5,-1,-1,-1,3,1
201350JC4P005,1,9,0,18,0,0,0,0,1,0,1,1,6,2,10,1388,1,5,4,3
201350JC4P005,2,21,1,2,6,0,0,0,0,0,2,1,1,1,7,11946,2,3,1,1
201350JC4P006,1,9,0,18,0,0,5,0,8,10,1,1,6,2,5,1396,1,11,5,3
201350JC4P007,1,9,0,18,0,0,1,0,1,4,1,1,6,2,4,1995,2,2,5,1
201350JC4P007,2,9,0,18,0,0,1,0,1,11,1,1,6,2,7,1995,2,6,8,1
201350JC4Q001,1,9,0,16,0,0,0,0,0,0,1,1,2,1,4,1124,1,14,9,1
201350JC4Q001,2,19,0,17,0,0,0,0,0,0,1,1,2,1,9,1998,2,9,9,1
201350JC4Q002,1,5,0,18,0,1,2,0,0,0,1,1,6,1,5,849,1,-1,3,1
201350JC4Q002,2,17,4,7,0,5,0,0,0,0,3,1,1,1,9,-1,2,10,7,3
201350JC4R002,1,9,0,9,0,6,0,0,0,0,1,1,6,1,11,-1,-1,-1,7,3
201350JC4R002,2,9,0,18,0,8,1,0,0,0,1,1,6,2,7,1995,2,9,7,3
201350JC4R003,1,9,0,3,0,4,0,0,0,0,2,1,6,2,9,973,1,14,4,1
201350JC4R003,2,10,0,3,0,4,0,0,0,0,1,1,2,1,8,2998,2,2,6,1
201350JC4R004,1,9,0,18,0,4,0,0,0,0,1,1,6,2,7,2993,2,7,7,1
201350JC4R004,2,9,0,18,0,4,0,0,0,0,2,1,6,2,8,1783,1,11,4,1
201350JC4R005,1,9,0,3,0,4,0,0,0,0,1,1,6,1,7,1590,1,9,7,3
201350JC4R005,2,9,0,3,0,4,0,0,0,0,2,1,6,1,11,1498,1,6,8,2
201350JC4U001,1,9,0,18,0,0,1,0,1,6,1,1,6,2,8,2720,2,5,8,1
201350JC4U001,2,9,0,18,0,0,0,0,0,0,2,1,6,2,9,1560,2,3,4,1
201350JC4U001,3,9,0,18,0,0,0,0,0,0,1,1,6,1,6,1995,2,1,-1,1
201350JC4U001,4,9,0,18,0,0,0,0,0,0,1,1,6,2,8,1598,1,7,2,1
201350JC4U001,5,9,0,18,0,0,0,0,0,0,1,1,6,1,8,1998,2,6,8,1
201350JC4U001,6,9,0,18,0,0,0,0,0,0,1,1,6,2,6,1905,2,16,4,1
201350JC4U001,7,9,0,18,0,0,0,0,0,0,1,1,6,1,-1,1560,2,2,-1,-1
201350JC4U001,8,9,0,18,0,0,0,0,0,0,1,1,6,1,7,2490,2,15,3,1
201350JC4U001,9,9,0,18,0,0,0,0,0,0,1,1,6,2,7,1587,1,16,8,1
201350JC4U002,1,9,0,18,0,1,0,0,0,0,1,1,6,1,8,1598,1,7,7,1
201350JC4U002,2,9,0,18,0,1,0,0,0,0,1,1,6,1,8,1596,1,11,6,1
201350JC4U002,3,9,0,18,0,1,0,0,0,0,2,1,6,2,8,1364,1,3,6,3
201350JC4U002,4,20,0,4,0,1,0,0,1,0,0,1,1,1,8,5193,2,7,6,1
201350JC4U003,1,9,0,5,0,6,0,0,1,6,3,1,6,1,7,1196,1,16,3,1
201350JC4U003,2,9,0,18,0,2,0,0,1,6,1,1,6,2,6,1086,1,8,-1,1
201350JC4U004,1,9,0,15,0,0,0,0,0,0,2,1,6,3,-1,-1,-1,-1,-1,-1
201350JC4U004,2,9,0,18,0,0,1,0,0,6,1,1,6,2,8,1796,1,12,7,2
201350JC4U004,3,9,0,18,0,0,5,0,1,6,1,1,6,2,6,1794,1,10,2,1
201350JC4U005,1,19,0,17,0,0,1,10,1,1,1,1,1,1,7,2148,2,5,7,1
201350JC4U006,1,9,0,11,0,0,0,0,0,0,0,1,6,3,-1,-1,-1,-1,-1,-1
201350JC4U006,2,9,0,18,0,0,0,0,0,0,2,1,6,2,6,1398,2,11,9,1
201350JC4U006,3,5,0,18,0,0,5,0,0,0,1,1,6,1,8,-1,-1,-1,7,1
201350JC4U009,1,9,0,18,0,0,0,0,0,0,2,1,6,1,10,1229,1,8,7,1
201350JC4U009,2,9,0,18,0,0,0,0,0,0,1,1,1,1,-1,-1,-1,-1,6,1
201350JC4U010,1,9,0,17,0,0,0,0,1,7,1,1,6,2,4,998,1,14,10,1
201350JC4U011,1,9,0,4,0,0,0,0,0,0,1,1,6,2,8,-1,-1,-1,8,1
201350JC4U011,2,9,0,4,0,0,0,0,0,0,2,1,6,2,5,1560,2,1,7,3
201350JC4U012,1,9,0,18,0,0,0,0,0,0,1,1,6,2,7,1596,1,10,10,1
201350JC4U013,1,9,0,18,0,1,0,0,0,0,1,1,6,1,6,1596,1,4,5,1
201350JC4U013,2,9,0,4,0,1,0,0,0,0,2,1,1,1,7,-1,-1,-1,5,1
201350JC4U014,1,9,0,11,0,0,0,0,6,7,3,1,2,1,6,3996,1,12,9,1
201350JC4U015,1,9,0,7,0,1,0,0,0,0,1,1,6,1,7,1392,1,17,3,1
201350JC4U017,1,9,0,18,0,0,0,0,0,0,1,1,6,2,5,1896,2,9,2,1
201350JC4U017,2,9,0,18,0,0,0,0,0,0,2,1,6,1,5,2494,1,9,8,2
201350JC4V002,1,19,0,18,0,0,0,0,0,0,4,1,1,1,5,1560,2,5,2,1
201350JC4V002,2,1,0,18,0,0,0,0,0,0,2,1,6,1,7,-1,-1,-1,7,3
201350JC4V003,1,9,0,18,0,0,1,0,1,7,1,1,6,1,10,1598,2,1,8,2
201350JC4V004,1,9,0,12,0,0,0,0,1,7,2,1,1,1,7,1590,1,11,2,1
201350JC4V005,1,9,0,18,0,1,0,0,0,0,1,1,6,1,11,1299,1,7,7,1
201350JC4V005,2,9,0,3,0,1,0,0,0,0,2,1,6,2,11,1390,1,9,7,1
201350JC4V006,1,5,0,18,0,0,1,0,0,0,1,1,2,1,8,1137,1,16,3,1
201350JC4V006,2,19,0,18,0,0,0,0,0,0,2,1,1,1,7,2402,2,3,1,1
201350JC4V007,1,9,0,7,0,3,0,0,0,0,1,1,6,2,7,1834,1,12,9,3
201350JC4V007,2,1,0,7,0,3,0,0,0,0,2,1,6,1,4,-1,-1,-1,10,2
201350JC4V009,1,9,0,12,0,3,0,0,0,0,3,1,6,2,6,1598,1,8,4,3
201350JC4V009,2,5,0,18,0,3,0,0,0,0,4,1,6,1,9,675,1,3,8,2
201350JC4V012,1,9,0,17,0,8,0,0,0,0,4,1,1,3,-1,-1,-1,-1,-1,-1
201350JC4V012,2,1,0,17,0,8,0,0,0,0,3,1,6,1,7,-1,-1,-1,6,3
201350JC4V013,1,9,0,4,0,0,0,0,0,0,0,1,6,2,10,1686,2,2,7,2
201350JC4V016,1,9,0,5,0,6,0,0,0,0,3,1,2,1,10,-1,-1,-1,7,1
201350JC4V016,2,9,0,18,0,1,0,0,0,0,1,1,2,2,6,1968,1,4,7,1
201350JC4V018,1,9,0,16,0,3,0,9,7,1,1,1,6,2,8,993,1,11,7,1
201350JC4V019,1,19,0,16,0,0,0,0,0,0,3,1,6,1,7,1998,2,12,3,1
201350JC4V019,2,9,0,17,0,0,0,0,0,0,3,1,6,2,4,1149,1,13,6,2
201350JC4V019,3,1,0,18,0,0,5,0,0,0,3,1,6,1,7,-1,-1,-1,3,1
201350JC4V020,1,9,0,16,0,7,1,0,0,10,1,1,6,2,7,1399,2,2,4,2
201350JC4V021,1,9,0,9,0,6,0,0,0,0,1,1,1,1,10,1248,2,1,5,1
201350JC4V021,2,9,0,18,0,1,0,0,0,0,1,1,1,1,9,1998,7,11,9,1
201350JC4V022,1,9,0,17,0,7,1,0,2,4,1,1,6,1,5,2000,1,10,7,2
201350JC4V025,1,9,0,18,0,0,1,0,5,6,1,1,6,1,7,1240,1,10,5,1
201350JG2A001,1,9,0,17,0,0,0,10,0,0,1,1,6,1,9,2993,2,1,8,3
201350JG2A001,2,9,0,16,0,0,1,0,0,0,1,1,6,2,5,1299,1,12,6,1
201350JG2A003,1,9,0,9,0,5,0,0,0,0,1,1,6,1,9,2765,2,18,5,1
201350JG2A003,2,3,0,18,0,1,0,0,0,0,1,1,6,1,5,125,1,8,3,1
201350JG2A004,1,9,0,18,0,0,0,0,0,0,1,1,6,1,11,1796,1,12,7,1
201350JG2A004,2,9,0,18,0,0,0,0,1,0,1,1,6,1,8,1796,1,6,6,1
201350JG2A004,3,9,0,18,0,0,0,0,1,0,1,1,6,1,7,2499,2,16,3,1
201350JG2A005,1,3,0,18,0,1,0,0,0,0,1,1,6,1,4,124,1,1,3,1
201350JG2A005,2,9,0,3,0,1,0,0,0,0,2,1,6,2,8,1870,2,9,8,1
201350JG2A006,1,9,0,18,0,0,0,0,0,0,1,1,3,2,8,1598,1,9,5,1
201350JG2A007,1,9,0,1,0,0,0,0,0,0,0,1,6,1,10,1968,2,6,-1,-1
201350JG2A007,2,9,0,18,0,0,0,0,0,0,3,1,1,2,9,1360,1,7,7,1
201350JG2A009,1,9,0,16,0,8,1,0,0,0,1,1,6,1,5,1797,1,20,3,1
201350JG2A009,2,9,0,5,0,6,0,0,3,0,3,1,6,2,-1,1390,1,16,7,2
201350JG2A014,1,9,0,9,0,5,0,0,0,0,1,1,6,1,11,1386,1,6,4,1
201350JG2B001,1,9,0,18,0,0,0,0,7,0,1,1,6,1,6,1998,1,11,6,2
201350JG2B002,1,9,0,13,0,0,1,0,0,0,1,1,6,2,5,1598,1,6,5,1
201350JG2B002,2,9,0,18,0,0,0,0,0,0,1,1,6,2,5,1997,1,13,2,1
201350JG2B002,3,11,0,2,0,0,0,0,0,0,0,1,1,1,9,8300,2,6,2,1
201350JG2B003,1,5,0,18,0,0,0,0,0,0,1,1,6,1,5,998,1,11,7,3
201350JG2B003,2,9,0,18,0,0,0,0,0,0,1,1,6,1,8,1968,2,1,3,1
201350JG2B004,1,9,0,18,0,0,0,0,0,0,1,1,1,2,6,1598,1,13,3,3
201350JG2B004,2,9,0,18,0,0,0,0,0,0,1,1,1,1,4,1422,2,12,9,1
201350JG2B005,1,9,0,16,0,0,0,0,7,11,1,1,6,2,5,1339,1,11,9,3
201350JG2B006,1,9,0,18,0,1,0,0,0,0,1,1,2,2,8,1587,1,6,5,1
201350JG2C001,1,9,0,17,0,0,0,0,0,0,3,1,6,2,11,999,1,14,7,3
201350JG2D001,1,9,0,18,0,0,0,0,2,1,2,1,6,1,8,1896,2,15,3,1
201350JG2D001,2,9,0,18,0,0,0,0,0,0,3,1,6,2,9,2488,2,8,6,1
201350JG2D002,1,9,0,18,0,0,1,0,7,9,3,1,6,2,6,1299,1,12,2,1
201350JG2D002,2,9,0,14,0,0,0,0,1,0,3,1,6,1,8,1596,1,8,2,1
201350JG2D002,3,9,0,18,0,0,1,0,0,0,1,1,6,2,5,1598,1,10,5,1
201350JG2E001,1,9,0,18,0,0,0,0,7,4,1,1,6,1,5,1235,1,24,3,1
201350JG2E002,1,9,0,4,0,0,1,0,0,0,1,1,1,2,-1,998,1,19,6,2
201350JG2E002,2,9,0,3,0,0,0,0,0,0,1,1,6,2,8,1900,2,14,7,3
201350JG2E004,1,9,0,17,0,0,1,0,1,4,1,1,6,2,6,1242,1,10,7,2
201350JG2E006,1,9,0,9,0,6,0,0,0,0,3,1,6,2,8,1796,1,13,-1,2
201350JG2E006,2,9,0,18,0,8,0,0,0,0,1,1,6,2,5,1596,1,13,4,1
201350JG2E007,1,19,0,4,0,0,0,0,0,0,3,1,1,1,8,2402,2,2,6,1
201350JG2E007,2,11,0,13,0,0,0,0,0,0,1,1,1,1,9,8300,2,6,3,1
201350JG2E008,1,9,0,18,0,1,0,0,0,0,1,1,2,1,6,-1,-1,-1,3,1
201350JG2E008,2,9,0,18,0,1,0,0,0,0,2,1,1,2,7,1994,1,10,3,1