Accident_Index,Vehicle_Reference,Vehicle_Type,Towing_and_Articulation,Vehicle_Manoeuvre,Vehicle_Location-Restricted_Lane,Junction_Location,Skidding_and_Overturning,Hit_Object_in_Carriageway,Vehicle_Leaving_Carriageway,Hit_Object_off_Carriageway,1st_Point_of_Impact,Was_Vehicle_Left_Hand_Drive?,Journey_Purpose_of_Driver,Sex_of_Driver,Age_Band_of_Driver,Engine_Capacity_(CC),Propulsion_Code,Age_of_Vehicle,Driver_IMD_Decile,Driver_Home_Area_Type
201350JO2J012,1,9,0,18,0,0,0,0,0,0,1,1,6,1,6,1398,2,1,2,1
201350JO2K001,1,9,0,17,0,0,0,0,1,1,1,1,6,1,11,2494,1,9,6,3
201350JO2L002,1,9,0,18,0,0,1,0,8,10,1,1,6,1,6,1951,2,12,4,1
201350JO2L002,2,9,0,18,0,0,0,0,0,0,3,1,1,1,6,1998,2,5,7,2
201350JO2L003,1,17,0,18,0,0,0,0,0,0,1,1,6,1,4,-1,-1,-1,6,1
201350JO2L003,2,21,1,18,0,0,0,0,0,0,1,1,1,1,10,11946,2,2,3,1
201350JO2L004,1,21,1,18,0,0,0,0,4,6,1,1,1,1,6,12130,2,7,4,3
201350JO2L004,2,20,0,18,0,0,5,0,2,10,2,1,6,1,6,1900,2,26,6,3
201350JO2L005,1,9,0,16,0,1,0,0,1,1,1,1,6,1,6,1389,1,15,7,2
201350JO2N001,1,9,0,18,0,0,2,0,1,4,1,1,6,1,9,2993,2,4,5,3
201350JO2N002,1,9,0,4,0,1,0,0,0,0,1,1,1,2,8,998,1,13,-1,1
201350JO2N002,2,21,1,9,0,1,0,0,0,0,1,1,6,1,9,6692,2,5,-1,-1
201350JO2N006,1,9,0,5,8,1,0,0,0,0,2,1,6,2,4,1242,1,15,2,1
201350JO2N006,2,9,0,18,0,1,0,0,0,0,1,1,6,2,5,1299,1,10,9,1
201350JO2N007,1,9,0,18,0,0,1,0,2,4,2,1,6,1,6,1794,1,10,5,2
201350JO2N008,1,9,0,7,0,7,0,0,6,1,1,1,6,1,8,1598,1,5,-1,3
201350JO2R001,1,11,0,18,0,0,0,0,0,0,1,1,1,1,9,6370,2,9,4,3
201350JO2R002,1,9,0,18,0,1,0,0,0,0,0,1,6,2,7,1796,1,11,5,3
201350JO2R003,1,9,0,4,0,0,0,0,0,0,2,1,6,1,10,1490,1,8,4,2
201350JO2R003,2,1,0,18,0,0,0,0,0,0,1,1,2,1,7,-1,-1,-1,4,2
201350JO2S001,1,3,0,18,0,0,2,0,0,0,4,1,6,1,6,124,1,12,4,2
201350JO2S004,1,9,0,18,0,1,0,0,0,0,1,1,6,1,6,1753,2,5,5,3
201350JO2S004,2,9,0,10,0,1,0,0,0,0,2,1,6,2,6,-1,-1,-1,3,1
201350JO3B001,1,9,0,12,0,0,1,0,4,6,1,1,6,1,10,1560,2,-1,2,1
201350JO3B001,2,21,0,18,0,0,0,0,0,0,2,1,1,1,6,6692,2,5,1,1
201350JO3C001,1,5,0,13,0,0,0,0,7,9,0,1,6,1,7,1157,1,14,7,1
201350JO3C001,2,17,4,10,0,0,0,0,0,0,0,1,1,1,5,-1,2,7,5,2
201350JO3C002,1,9,0,18,0,0,2,0,1,6,3,1,6,1,6,1396,1,13,2,1
201350JO3C003,1,20,0,18,0,0,0,0,0,0,2,1,6,1,8,3972,2,21,4,1
201350JO3C003,2,9,0,13,0,0,0,0,0,0,1,1,6,1,9,1998,2,7,1,1
201350JO3C004,1,9,0,11,0,0,0,0,0,0,1,1,6,2,9,1587,1,6,8,3
201350JO3C004,2,21,0,18,0,0,0,0,0,0,2,1,1,1,7,12580,2,8,5,3
201350JO3C005,1,1,0,18,0,1,0,0,0,0,1,1,6,1,4,-1,-1,-1,5,3
201350JO3C005,2,9,0,9,0,1,0,0,0,0,3,1,6,2,-1,1229,1,7,7,2
201350JO3C006,1,5,0,16,0,7,0,0,0,0,1,1,6,1,9,742,1,10,3,1
201350JO3C006,2,5,0,4,0,7,0,0,0,0,3,1,6,1,8,1284,1,9,4,1
201350JO3C007,1,9,0,4,0,7,0,0,0,0,2,1,6,2,10,1398,1,-1,-1,-1
201350JO3C007,2,5,0,12,0,7,0,0,0,0,1,1,6,1,7,656,1,4,8,1
201350JO3C008,1,9,0,18,0,0,1,0,0,6,1,1,6,2,7,1560,2,7,-1,-1
201350JO3C008,2,9,0,18,0,0,0,0,0,0,2,1,6,1,6,1968,2,6,9,2
201350JO3C008,3,9,0,18,0,0,1,1,0,0,1,1,6,1,6,1994,1,10,9,2
201350JO3C009,1,10,0,18,0,0,0,0,0,0,1,1,1,1,9,-1,-1,-1,4,1
201350JO3C009,2,9,0,2,0,0,0,0,0,0,2,1,6,1,9,1796,1,8,9,1
201350JO4N001,1,9,0,16,0,2,0,0,0,0,1,1,6,1,8,1299,1,11,5,3
201350JO4N001,2,9,0,17,0,2,0,0,0,0,1,1,6,1,7,2495,2,11,4,3
201350JO4O001,1,9,0,18,0,0,1,0,1,10,3,1,1,1,7,1995,2,11,5,3
201350JO4P001,1,9,0,17,0,0,0,0,1,9,0,1,6,2,5,-1,-1,-1,7,3
201350JO4P002,1,9,0,18,0,1,0,0,0,0,1,1,1,1,8,-1,-1,-1,1,1
201350JO4P002,2,9,0,2,0,1,0,0,0,0,2,1,6,1,8,1968,2,1,6,3
201350JO4P003,1,9,0,9,0,8,0,0,0,0,1,1,6,2,4,973,1,12,5,2
201350JO4P003,2,20,0,16,0,1,5,0,0,0,4,1,1,2,7,-1,-1,-1,4,2
201350JO4P004,1,5,0,16,0,8,1,0,0,0,4,1,6,1,8,1700,1,8,7,3
201350JO4P004,2,9,0,9,0,8,0,0,0,0,3,1,6,2,9,1149,1,2,7,2
201350JO4P005,1,9,0,13,0,1,0,0,7,0,4,1,2,2,4,1360,1,14,4,2
201350JO4P005,2,9,0,9,0,8,0,0,0,0,3,1,1,2,7,-1,-1,-1,6,3
201350JO4P006,1,9,0,18,0,0,0,0,2,3,1,1,2,1,4,998,1,27,6,3
201350JO4P007,1,9,0,16,0,0,2,0,8,10,1,1,2,1,4,1360,1,11,8,2
201350JO4P007,2,9,0,18,0,0,0,0,0,0,1,1,1,1,8,-1,-1,-1,6,1
201350JO4Q002,1,21,0,7,0,2,0,0,0,0,0,1,1,1,6,11705,2,11,4,3
201350JO4Q002,2,3,0,10,0,1,0,0,0,0,3,1,2,1,6,125,1,5,2,1
201350JO4Q003,1,9,0,6,0,8,0,0,0,0,3,1,3,1,9,1896,2,5,4,3
201350JO4Q003,2,9,0,13,0,1,5,0,7,10,4,1,1,1,7,1968,2,2,5,3
201350JO4R001,1,9,0,18,0,1,0,0,1,10,1,1,1,2,7,1198,1,9,5,3
201350JS2A003,1,9,0,3,0,1,0,0,0,0,2,1,6,2,7,1596,1,2,6,1
201350JS2A003,2,9,0,4,0,8,0,0,0,0,2,1,2,1,5,1753,2,5,1,1
201350JS2A003,3,19,0,4,0,8,0,0,0,0,1,1,1,1,8,1753,2,4,4,1
201350JS2A005,1,9,0,4,0,1,0,4,0,0,1,1,1,1,7,-1,-1,-1,10,1
201350JS2A005,2,9,0,4,0,1,0,4,0,0,2,1,1,1,7,-1,-1,-1,5,2
201350JS2A005,3,9,0,4,0,1,0,4,0,0,2,1,6,1,6,1798,1,9,6,1
201350JS2A005,4,9,0,10,0,1,0,0,0,0,2,1,6,1,9,1598,1,6,8,3
201350JS2B002,1,9,0,18,0,1,0,0,0,0,4,1,1,1,8,-1,-1,-1,4,1
201350JS2B002,2,1,0,9,0,1,0,0,0,0,3,1,4,2,3,-1,-1,-1,7,3
201350JS2B004,1,19,0,18,0,0,0,0,0,0,1,1,1,1,8,2198,2,3,4,1
201350JS2B004,2,9,0,4,0,0,0,0,0,0,2,1,6,2,7,1588,1,14,7,3
201350JS2B005,1,9,0,17,0,1,2,0,2,1,3,1,6,1,6,1600,1,13,4,2
201350JS2B006,1,9,0,4,0,0,0,0,0,0,1,1,6,1,6,1747,1,12,5,2
201350JS2B006,2,9,0,18,0,0,0,0,0,0,2,1,6,2,9,1400,2,6,-1,-1
201350JS2B007,1,5,0,13,0,0,0,0,0,0,1,1,2,1,9,553,1,4,7,3
201350JS2B007,2,9,0,18,0,0,0,0,0,0,1,1,6,2,8,1896,2,4,5,3
201350JS2B008,1,5,0,18,0,3,0,0,0,0,4,1,6,1,8,750,1,48,6,3
201350JS2B008,2,9,0,18,0,4,0,0,0,0,1,1,6,1,10,1910,2,6,5,2
201350JS2C001,1,9,0,16,0,0,0,0,0,0,1,1,6,2,4,1124,1,13,6,3
201350JS2C001,2,9,0,17,0,0,0,0,0,0,1,1,6,1,9,1587,1,8,5,2
201350JS2C005,1,19,0,18,0,0,1,0,2,7,1,1,1,1,5,1995,2,1,8,1
201350JS2D001,1,9,0,18,0,0,0,0,0,0,4,1,1,2,7,1590,1,13,6,2
201350JS2D001,2,19,0,3,0,0,0,0,0,0,4,1,6,1,7,1968,2,-1,7,2
201350JS2D001,3,16,0,18,0,0,0,0,0,0,1,1,6,2,7,-1,-1,-1,7,3
201350JS2E001,1,9,0,18,0,6,0,0,0,0,3,1,1,1,9,1598,1,11,2,1
201350JS2E001,2,5,0,18,0,1,1,0,0,0,1,1,6,1,9,998,1,21,5,1
201350JS2F001,1,9,0,16,0,0,0,0,0,0,1,1,6,1,11,1896,2,13,5,1
201350JS2F001,2,9,0,17,0,0,0,0,0,0,3,1,1,1,7,1560,2,7,7,1
201350JS2F001,3,9,0,17,0,0,0,0,0,0,1,1,6,1,7,2996,1,6,6,1
201350JS2F002,1,9,0,18,0,0,1,0,0,0,1,1,6,2,5,1390,1,16,-1,-1
201350JS2F002,2,9,0,18,0,0,0,0,0,0,2,1,6,1,5,1124,1,12,3,1
201350JS2F002,3,9,0,18,0,0,0,0,0,0,2,1,6,2,7,1242,1,6,5,1
201350JS2F002,4,9,0,18,0,0,0,0,0,0,2,1,6,1,6,1998,2,12,2,1
201350JS2F005,1,9,0,18,0,0,0,0,0,10,4,1,6,1,9,1984,1,6,6,3
201350JS2F006,1,9,0,16,0,8,2,0,0,4,4,1,6,1,8,2198,1,11,1,1
201350JS2F007,1,9,0,18,0,1,0,0,0,0,1,1,6,1,8,1870,2,9,7,1
201350JS2F007,2,9,0,10,0,1,0,0,0,0,2,1,6,1,4,1360,1,15,7,3
201350JS2H002,1,9,0,5,0,6,0,0,0,0,0,1,6,2,5,1229,1,8,2,1
201350JS2H002,2,9,0,18,0,1,0,0,0,0,0,1,6,2,9,1229,1,4,9,3
201350JS2H004,1,9,0,16,0,0,5,0,0,0,3,1,6,1,6,1781,1,11,6,3
201350JS2H004,2,9,0,17,0,0,0,0,0,0,3,1,1,1,8,1686,2,-1,7,1
201350JS2H006,1,9,0,18,0,1,0,0,0,1,1,1,6,2,8,1799,1,6,8,2
201350JS2H007,1,9,0,17,0,0,1,0,0,0,3,1,6,1,8,1905,1,21,1,1
201350JS2H007,2,9,0,16,0,0,0,0,0,0,3,1,1,1,9,-1,-1,-1,2,2
201350JS2H007,3,9,0,16,0,0,0,0,0,0,1,1,1,1,7,-1,-1,-1,5,1
201350JS2I001,1,19,0,18,0,0,0,4,0,0,1,1,1,1,7,2402,2,2,2,2
201350JS2I001,2,9,0,2,0,0,0,0,1,10,2,1,6,2,11,1598,7,12,5,3
201350JS2I002,1,9,0,18,0,0,0,0,0,0,1,1,6,1,7,1910,2,6,5,1
201350JS2I002,2,9,0,4,0,0,0,0,0,0,2,1,6,2,8,973,1,13,-1,-1
201350JS2I002,3,9,0,4,0,0,0,0,0,0,1,1,6,2,7,1968,2,7,6,3
201350JS2J001,1,9,0,3,0,0,0,0,0,0,3,1,6,1,8,1598,1,23,6,1
201350JS2J001,2,5,0,4,0,0,0,0,0,0,4,1,6,1,9,1690,1,-1,6,3
201350JS2J002,1,5,0,4,0,1,1,0,0,0,1,1,6,1,8,1043,1,-1,8,1
201350JS2J002,2,9,0,4,0,1,0,0,0,0,0,1,6,1,9,1993,1,-1,5,1
201350JS2K001,1,9,0,3,0,1,0,0,0,0,1,1,6,1,-1,1968,2,1,6,3
201350JS2K001,2,9,0,3,0,1,0,0,0,0,2,1,6,2,9,1395,1,4,5,3
201350JS2K001,3,9,0,3,0,1,0,0,0,0,2,1,6,1,-1,1461,2,9,6,3
201350JS2K002,1,9,0,18,0,0,0,0,6,6,1,1,6,1,9,2231,2,7,7,1
201350JS2K003,1,9,0,4,0,1,0,0,0,0,4,1,6,1,9,2671,1,13,6,3
201350JS2K005,1,9,0,16,0,0,1,0,0,0,1,1,6,1,5,1781,1,11,7,1
201350JS2K006,1,5,0,18,0,0,1,0,0,0,3,1,2,1,8,599,1,13,4,1
201350JS2K006,2,9,0,11,0,0,0,0,0,0,2,1,6,1,8,1461,2,2,6,1
201350JS2K007,1,9,0,9,0,6,0,0,0,0,1,1,6,1,10,-1,-1,-1,6,1
201350JS2K007,2,9,0,9,0,1,0,0,0,0,3,1,2,2,6,998,1,17,7,2
201350JS2K008,1,9,0,18,0,1,0,10,1,9,1,1,6,2,10,1868,2,12,7,3
201350JS2K009,1,9,0,18,0,0,1,0,5,6,1,1,6,2,6,1984,1,10,10,1
201350JS2K010,1,19,0,11,0,8,0,0,0,0,0,1,2,1,6,1753,2,5,5,1
201350JS2K010,2,9,0,12,0,7,1,0,2,7,1,1,6,2,5,1198,1,11,6,3
201350JS2K011,1,9,0,18,0,0,0,0,0,0,2,1,1,1,7,1753,2,3,7,2
201350JS2K011,2,9,0,18,0,0,0,0,0,0,3,1,1,2,8,2183,2,4,8,2
201350JS2L001,1,9,0,18,0,0,0,0,0,0,1,1,1,2,8,1388,1,6,7,2
201350JS2L001,2,9,0,2,0,0,0,0,0,0,2,1,6,2,6,-1,-1,-1,-1,-1
201350JS2L002,1,9,0,18,0,0,0,0,1,4,3,1,2,2,6,1686,2,5,6,1
201350JS2L004,1,9,0,18,0,0,2,0,8,1,1,1,1,1,8,1248,1,3,5,2
201350JS2L005,1,2,0,18,0,1,0,0,0,0,1,1,6,1,4,49,1,9,5,2
201350JS2L005,2,9,0,9,0,1,0,0,0,0,3,1,6,2,7,1405,1,9,5,2
201350JS2M001,1,19,0,18,0,0,0,0,0,0,1,1,1,1,4,2295,7,10,8,3
201350JS2M001,2,9,0,4,0,0,0,0,0,0,2,1,2,1,5,1108,1,8,2,1
201350JS2M001,3,9,0,4,0,0,0,0,0,0,2,1,2,2,7,1968,2,1,-1,3
201350JS2M002,1,9,0,18,0,8,2,0,1,7,1,1,6,2,4,1199,1,12,2,1
201350JS2M003,1,9,0,16,0,0,0,0,0,0,4,1,6,1,-1,-1,-1,-1,-1,-1
201350JS2M003,2,9,0,16,0,0,0,0,0,0,3,1,1,1,6,-1,-1,-1,1,1
201350JS2P002,1,9,0,16,0,0,0,0,0,0,1,1,2,1,6,1595,1,17,7,1
201350JS2P002,2,9,0,17,0,0,0,0,0,0,1,1,2,1,8,1870,2,10,7,2
201350JS2P005,1,9,0,18,0,8,0,0,0,0,3,1,6,1,-1,-1,-1,-1,4,2
201350JS2P005,2,1,0,18,0,1,0,0,0,0,1,1,6,1,6,-1,-1,-1,1,1
201350JS2P007,1,9,0,17,0,0,1,10,0,0,1,1,1,2,5,1360,1,11,4,1
201350JS2P007,2,9,0,18,0,0,0,0,0,0,2,1,1,1,8,-1,-1,-1,3,1
201350JS2P008,1,9,0,9,0,3,0,0,0,0,4,1,6,1,8,1598,1,3,4,2
201350JS2P010,1,9,0,18,0,1,0,0,0,0,0,1,1,1,5,-1,-1,-1,6,1
201350JS2P010,2,9,0,3,0,1,0,0,0,0,0,1,2,2,7,1390,1,-1,5,2
201350JS2P012,1,19,0,1,0,0,0,0,0,0,2,1,1,1,6,1248,2,2,4,2
201350JS2P013,1,9,0,18,0,0,0,0,0,0,3,1,6,1,8,1984,1,3,6,1
201350JS2P015,1,9,0,18,0,0,0,0,0,1,1,1,1,1,9,-1,-1,-1,5,1
201350JS2P015,2,9,0,18,0,0,0,0,0,0,1,1,6,2,8,1086,1,9,7,3
201350JS2P015,3,9,0,18,0,0,0,0,0,0,1,1,6,1,7,2324,1,11,5,2
201350JS2P017,1,9,0,18,0,2,0,0,0,0,3,1,6,3,-1,-1,-1,-1,-1,-1
201350JS2Q001,1,9,0,17,0,1,0,0,0,0,1,1,6,1,7,-1,-1,-1,3,1
201350JS2Q001,2,9,0,2,0,1,0,0,0,0,1,1,6,1,6,2495,2,27,6,2
201350JS2Q001,3,9,0,2,0,1,0,0,0,0,2,1,6,1,5,1590,1,24,6,3
201350JS2Q002,1,9,0,4,0,1,0,0,0,0,1,1,1,1,7,1896,2,7,1,1
201350JS2Q002,2,9,0,2,0,1,0,0,0,0,2,1,1,1,9,1870,2,9,8,3
201350JS2Q004,1,9,0,5,0,1,0,0,0,0,0,1,6,2,4,1199,1,12,6,3
201350JS2Q005,1,9,0,9,0,0,0,0,0,0,0,1,1,1,8,1341,1,9,-1,1
201350JS2Q005,2,5,0,13,0,0,5,0,0,0,0,1,6,1,8,1063,1,10,1,1
201350JS2Q005,3,9,0,2,0,0,0,0,0,0,0,1,1,1,8,1997,2,2,6,1
201350JS2Q006,1,9,0,17,0,2,0,0,2,1,1,1,6,2,7,998,1,22,7,2
201350JS2R001,1,9,0,18,0,1,0,0,0,0,1,1,1,1,6,-1,-1,-1,6,2
201350JS2R001,2,9,0,18,0,1,0,0,0,0,2,1,1,2,6,1399,2,9,-1,-1
201350JS2R004,1,9,0,18,0,0,0,0,0,0,1,1,6,2,7,-1,-1,-1,4,2
201350JS2R005,1,9,0,9,0,5,0,0,0,0,4,2,6,2,6,-1,-1,-1,-1,-1
201350JS2R005,2,9,0,18,0,5,0,0,0,0,1,1,1,1,6,-1,-1,-1,6,1
201350JS2R007,1,9,0,9,0,2,0,0,0,0,1,1,6,2,9,1997,2,1,6,3
201350JS2R008,1,9,0,4,0,3,0,0,0,0,1,1,2,2,8,-1,-1,-1,8,3
201350JS2R008,2,9,0,3,0,1,0,0,0,0,2,1,2,1,7,1995,2,-1,5,2
201350JS2R012,1,9,0,14,0,4,0,0,0,0,1,1,1,1,7,1781,1,7,6,3
201350JS2R013,1,9,0,18,0,1,0,0,0,0,1,1,6,1,9,1598,1,11,5,2
201350JS2R013,2,3,0,18,0,1,0,0,0,0,1,1,2,1,5,124,1,1,1,1
201350JS2R014,1,4,0,18,0,1,0,0,0,0,1,1,6,1,10,171,1,9,6,2
201350JS2R014,2,9,0,3,0,1,0,0,0,0,2,1,6,2,9,1339,1,-1,8,2
201350JS3N001,1,9,0,18,0,8,0,0,0,0,1,1,6,2,4,1364,1,9,5,3
201350JS3N001,2,1,0,18,0,8,0,0,0,0,2,1,6,1,8,-1,-1,-1,5,1
201350JS3N003,1,9,0,17,0,0,0,0,0,0,1,1,6,2,6,1997,2,12,8,1
201350JS3N003,2,9,0,16,0,0,0,0,0,0,1,1,6,1,6,1199,1,10,5,2
201350JS3N004,1,21,0,9,0,1,0,0,0,0,3,1,1,1,8,3990,2,19,4,1
201350JS3N004,2,3,0,18,0,8,1,0,0,0,1,1,6,1,4,124,1,11,5,1
201350JS3N006,1,9,0,18,0,3,2,7,8,7,1,1,6,1,7,1199,1,14,2,1
201350JS3N007,1,9,0,18,0,2,5,0,1,7,4,1,6,2,6,2800,2,18,3,1
201350JS3N010,1,20,0,18,0,0,0,0,0,0,3,1,6,3,-1,-1,-1,-1,-1,-1
201350JS3N010,2,9,0,4,0,0,0,0,0,0,3,1,6,1,4,1396,1,14,8,2
201350JS3N011,1,9,0,17,0,1,0,0,0,0,1,1,6,1,5,1686,2,12,1,1
201350JS3N011,2,9,0,16,0,1,0,0,0,0,2,1,6,1,11,1398,1,10,5,1
201350JS3N012,1,9,0,18,0,4,0,0,0,0,1,1,3,2,8,1197,1,-1,7,1
201350JS3N012,2,1,0,18,0,3,0,0,0,0,4,1,2,1,8,-1,-1,-1,6,1
201350JS3N013,1,9,0,18,0,0,0,0,0,0,1,1,2,2,7,1560,2,6,4,1
201350JS3N013,2,9,0,3,0,0,0,0,0,0,2,1,2,2,6,1299,1,12,5,2
201350JS3N016,1,9,0,4,0,1,0,0,0,0,1,1,6,1,8,2204,2,8,3,1
201350JS3N016,2,9,0,4,0,1,0,0,0,0,2,1,6,1,7,1796,1,8,8,1
201350JS3N017,1,9,0,4,0,0,0,0,0,0,1,1,6,2,4,1360,1,11,8,1
201350JS3N017,2,9,0,3,0,0,0,0,0,0,2,1,6,2,10,1299,1,12,6,1
201350JS3N017,3,9,0,3,0,0,0,0,0,0,2,1,6,1,9,2993,2,9,10,1
201350JS3N017,4,9,0,3,0,0,0,0,0,0,2,1,6,1,11,1596,1,12,8,1
201350JS3O001,1,9,0,18,0,0,0,0,0,0,1,1,6,2,4,-1,-1,-1,6,1
201350JS3O001,2,9,0,4,0,0,0,0,0,0,1,1,6,1,9,1598,1,1,5,3
201350JT2A001,1,1,0,18,0,8,0,0,0,0,1,1,6,1,3,-1,-1,-1,3,3
201350JT2A001,2,9,0,18,0,7,0,0,0,0,4,1,6,1,7,1598,1,6,3,3
201350JT2A002,1,9,0,18,0,0,0,0,0,11,1,1,6,2,6,1360,1,8,7,3
201350JT2A004,1,9,0,18,0,0,1,6,0,11,1,1,6,1,10,1199,1,10,9,1
201350JT2A004,2,9,0,18,0,0,0,0,0,0,1,1,6,1,9,1951,2,12,4,1
201350JT2A005,1,9,0,16,0,0,0,0,0,0,1,1,6,1,10,2179,2,6,4,2
201350JT2A005,2,9,0,17,0,0,0,0,0,0,1,1,6,2,7,1339,1,3,2,1
201350JT2A007,1,9,0,18,0,1,0,4,0,0,1,1,2,1,6,1364,1,6,10,1
201350JT2A007,2,9,0,2,0,2,0,4,0,0,2,1,4,1,-1,998,1,15,3,3
201350JT2A007,3,9,0,2,0,2,0,0,0,0,2,1,6,2,-1,1598,1,10,3,3
201350JT2B002,1,9,0,1,0,2,0,0,0,0,2,1,6,1,9,1896,2,10,10,1
201350JT2B003,1,9,0,17,0,0,0,0,8,3,1,1,6,1,8,1587,1,10,8,1
201350JT2B004,1,9,0,18,0,1,0,0,0,0,4,1,6,2,8,1997,2,14,3,3
201350JT2B005,1,9,0,1,0,0,0,0,0,0,2,1,6,1,11,1598,1,9,9,3
201350JT2B007,1,11,0,18,0,0,0,0,0,0,0,1,1,1,8,4250,2,4,2,1
201350JT2B011,1,9,0,9,0,1,0,0,0,0,1,1,1,1,6,1910,2,7,5,1
201350JT2B021,1,9,0,18,0,1,0,0,0,0,4,1,6,1,6,1461,2,11,5,1
201350JT2B023,1,9,0,9,0,5,0,0,7,2,1,1,6,1,6,1298,1,12,8,1
201350JT2B024,1,9,0,10,0,1,0,0,0,0,2,1,1,2,7,1896,2,6,5,1
201350JT2B024,2,9,0,18,0,1,1,0,0,0,1,1,1,2,6,1598,1,10,8,3
201350JT2B026,1,9,0,13,0,0,0,0,0,0,1,1,6,1,7,1124,1,11,5,3
201350JT2B026,2,21,1,18,0,0,0,0,0,0,3,1,6,1,7,12740,2,2,10,1
201350JT2B026,3,9,0,18,0,0,0,0,0,0,3,1,6,2,7,1242,1,8,5,3
201350JT2B028,1,9,0,1,0,2,0,0,0,0,2,1,6,1,7,1598,1,9,6,1
201350JT2C002,1,9,0,18,0,0,0,0,0,0,1,1,6,1,11,1596,1,6,4,2
201350JT2C002,2,21,0,18,0,0,0,0,0,0,1,1,1,2,6,-1,-1,-1,5,3
201350JT2C002,3,9,0,18,0,0,0,0,0,0,1,1,6,1,7,-1,-1,-1,5,1
201350JT2C002,4,9,0,18,0,0,0,0,0,0,1,1,2,1,7,2000,2,4,5,1
201350JT2C003,1,9,0,9,0,1,0,0,0,0,1,1,6,2,10,1896,2,9,5,2
201350JT2C003,2,9,0,18,0,1,0,0,0,0,1,1,6,2,9,1769,2,20,4,3
201350JT2C004,1,9,0,18,0,0,0,0,0,0,1,1,6,2,8,1198,1,8,9,3
201350JT2C004,2,9,0,3,0,0,0,0,0,0,2,1,6,2,6,1685,2,1,8,3
201350JT2C005,1,1,0,17,0,0,2,0,0,0,0,1,6,1,3,-1,-1,-1,9,2
201350JT2C006,1,9,0,18,0,8,0,0,0,0,1,1,6,2,9,1951,2,12,5,3
201350JT2C006,2,9,0,18,0,8,0,0,0,0,3,1,6,1,7,-1,-1,-1,10,1
201350JT2C007,1,9,0,18,0,1,0,0,0,0,0,1,6,2,6,1997,2,12,6,1
201350JT2C007,2,9,0,9,0,1,0,0,0,0,0,1,6,2,6,1998,2,8,4,1
201350JT2C008,1,9,0,18,0,0,0,0,0,0,1,1,6,1,8,-1,-1,-1,6,3
201350JT2C008,2,9,0,4,0,0,0,0,0,0,2,1,1,2,6,1461,2,1,2,1
201350JT2C008,3,9,0,4,0,0,0,0,0,0,1,1,6,1,9,1753,2,11,8,3
201350JT2C009,1,9,0,3,0,1,0,0,0,0,2,1,6,1,6,-1,-1,-1,4,1
201350JT2C009,2,9,0,3,0,1,0,0,0,0,2,1,6,1,8,998,1,-1,5,3
201350JT2C009,3,9,0,18,0,1,0,0,0,0,1,1,6,1,11,2172,2,10,5,2
201350JT2D001,1,9,0,16,0,0,5,0,0,0,2,1,1,1,5,1596,1,9,4,2
201350JT2D003,1,9,0,18,0,1,5,0,1,10,1,1,6,2,6,1149,1,8,5,3
201350JT2D004,1,9,0,16,0,1,5,0,0,9,1,1,6,2,7,1461,2,9,5,3
201350JT2D004,2,17,4,9,0,2,0,0,0,0,2,1,6,1,6,-1,2,1,5,3
201350JT2D006,1,9,0,16,0,0,5,0,0,0,4,1,6,1,6,988,1,23,-1,-1
201350JT2D007,1,9,0,16,0,1,0,0,0,0,1,1,6,2,8,995,1,6,7,1
201350JT2D007,2,9,0,17,0,1,5,0,0,0,2,1,1,1,5,2495,2,11,5,3
201350JT2D008,1,5,0,18,0,0,0,0,0,0,1,1,6,1,5,600,1,11,6,3
201350JT2E001,1,9,0,1,0,2,0,0,0,0,2,1,6,1,8,1596,1,7,4,2
201350JT2E001,2,9,0,18,0,2,1,0,0,0,1,1,6,1,5,1900,2,15,7,1
201350JT2E004,1,9,0,17,0,0,2,0,2,0,1,1,6,2,6,1598,2,7,4,3
201350JT2E004,2,9,0,18,0,0,0,0,0,0,1,1,6,1,9,1997,2,9,8,2
201350JT2I001,1,9,0,14,0,0,1,0,0,0,1,1,2,2,6,998,1,4,7,1
201350JT2I001,2,9,0,18,0,0,0,0,0,0,1,1,1,1,7,-1,-1,-1,-1,-1
201350JT2I004,1,9,0,17,0,0,0,0,0,0,0,1,2,1,6,1997,2,12,4,2
201350JT2K001,1,9,0,9,0,6,0,0,0,0,2,1,6,2,9,-1,-1,-1,7,1
201350JT2K001,2,9,0,18,0,8,0,0,0,0,1,1,6,1,9,1598,1,4,7,1
201350JT2K002,1,9,0,18,0,8,0,0,0,0,3,1,2,1,9,1896,2,10,5,3
201350JT2K002,2,9,0,18,0,1,0,0,0,0,4,1,6,2,11,1200,1,-1,7,2
201350JT2K003,1,9,0,17,0,2,1,0,1,10,4,1,2,1,5,1299,1,14,3,1
201350JT2L001,1,9,0,17,0,0,5,0,1,4,1,1,6,2,5,1390,1,9,1,1
201350JT2M001,1,9,0,18,0,0,2,0,0,0,1,1,6,1,7,1600,1,14,5,2
201350JT2M002,1,9,0,10,0,6,0,0,0,0,1,1,6,1,7,2199,2,2,4,1
201350JT2M002,2,9,0,17,0,1,0,0,0,0,1,1,6,2,10,1339,1,7,3,3
201350JT2M003,1,9,0,18,0,1,0,0,0,0,2,1,6,2,7,1997,2,3,-1,-1
201350JT2M003,2,9,0,18,0,1,0,0,0,0,1,1,6,2,7,1560,2,3,8,1
201350JT2N001,1,9,0,9,0,1,0,0,7,11,3,1,6,2,7,1192,1,-1,5,1
201350JT2N001,2,9,0,13,0,1,0,0,7,11,4,1,6,2,9,2926,2,10,3,3
201350JT2N002,1,9,0,18,0,0,0,0,0,0,1,1,6,1,7,1396,1,9,5,3
201350JT2N002,2,11,0,18,0,0,0,0,0,0,1,1,1,1,8,53,2,21,5,1
201350JT2N003,1,9,0,18,0,1,0,0,0,0,1,1,1,2,7,1686,2,3,5,2
201350JT2N003,2,9,0,10,0,2,1,0,0,0,1,1,6,1,4,1124,1,13,5,3
201350JT2N003,3,9,0,18,0,1,0,0,0,0,1,1,6,2,8,1997,2,14,5,3
201350JT2N004,1,5,0,18,0,1,5,0,0,0,1,1,6,1,9,1063,1,13,4,2
201350JT2N004,2,9,0,9,0,5,0,0,0,0,2,1,6,1,9,1951,2,10,7,2