Accident_Index,Vehicle_Reference,Vehicle_Type,Towing_and_Articulation,Vehicle_Manoeuvre,Vehicle_Location-Restricted_Lane,Junction_Location,Skidding_and_Overturning,Hit_Object_in_Carriageway,Vehicle_Leaving_Carriageway,Hit_Object_off_Carriageway,1st_Point_of_Impact,Was_Vehicle_Left_Hand_Drive?,Journey_Purpose_of_Driver,Sex_of_Driver,Age_Band_of_Driver,Engine_Capacity_(CC),Propulsion_Code,Age_of_Vehicle,Driver_IMD_Decile,Driver_Home_Area_Type
201350JT2N005,1,9,0,17,0,0,0,0,0,0,1,1,6,2,6,1995,1,11,4,2
201350JT2N005,2,9,0,16,0,0,0,0,1,10,1,1,6,2,7,1600,1,14,5,3
201350JT2N006,1,19,0,15,0,0,0,0,0,0,3,1,1,1,7,1996,2,2,4,2
201350JT2N006,2,9,0,15,0,0,0,0,7,10,4,1,1,1,8,2400,2,1,-1,-1
201350JT2O001,1,9,0,18,0,0,0,0,0,0,1,1,6,1,10,2500,2,14,5,3
201350JT2O001,2,9,0,17,0,0,0,0,0,0,1,1,2,2,4,-1,-1,-1,-1,-1
201350JT2Q001,1,9,0,18,0,0,5,0,7,1,1,1,6,2,5,998,1,1,5,2
201350JT2Q002,1,9,0,18,0,0,0,0,0,0,1,1,6,2,10,1328,1,9,4,3
201350JT2Q002,2,9,0,18,0,0,0,0,1,0,1,1,1,2,9,-1,-1,-1,5,2
201350JT2Q003,1,9,0,17,0,0,0,0,8,10,0,1,2,2,4,1242,1,9,5,1
201350JT2Q006,1,9,0,17,0,1,0,0,0,0,1,1,2,1,8,1997,2,9,3,3
201350JT2Q006,2,9,0,10,0,6,0,0,0,0,1,1,2,2,6,1399,2,10,4,1
201350JT2R001,1,9,0,5,0,6,0,0,0,0,1,1,2,2,9,1998,1,3,6,3
201350JT2R001,2,9,0,18,0,1,0,0,0,0,1,1,6,2,4,-1,-1,-1,6,2
201350JT2R002,1,9,0,18,0,0,0,0,0,1,1,1,6,1,4,998,1,6,7,3
201350JT2R003,1,9,0,18,0,1,0,0,7,10,1,1,1,1,5,1124,1,14,5,3
201350JT2R004,1,9,0,2,0,0,0,0,0,0,2,1,2,1,8,1242,1,4,3,1
201350JT2R004,2,11,0,18,0,0,0,4,0,0,1,1,1,1,6,548,2,13,4,2
201350JT2R005,1,1,0,17,0,0,0,0,0,0,1,1,6,1,9,-1,-1,-1,9,3
201350JT2R005,2,9,0,16,0,0,0,0,0,0,1,1,6,1,10,1339,1,6,7,3
201350JT2R006,1,9,0,17,0,0,5,0,7,4,1,1,6,1,6,1794,1,9,2,1
201350JT2R007,1,9,0,16,0,0,1,0,0,0,1,1,6,1,4,1390,1,15,4,2
201350JT2R007,2,9,0,4,0,0,0,0,0,0,2,1,6,1,8,1968,2,2,7,3
201350JT2R008,1,9,0,18,0,1,0,0,0,0,1,1,6,2,-1,1596,1,3,6,3
201350JT2R008,2,1,0,9,0,1,0,0,0,0,3,1,6,1,7,-1,-1,-1,5,1
201350JT2R009,1,3,0,18,0,0,0,0,1,4,1,1,6,1,4,125,1,2,7,1
201350JT2R010,1,9,0,18,0,0,0,0,7,10,1,1,6,1,9,1896,2,14,7,1
201350JT2R010,2,9,0,15,0,0,5,0,0,0,3,1,6,1,7,1590,1,13,8,1
201350JT2R010,3,1,0,18,0,0,5,0,0,0,3,1,6,1,9,-1,-1,-1,9,1
201350JT2R011,1,9,0,4,0,1,0,0,0,0,1,2,6,1,7,1968,2,7,2,1
201350JT2R011,2,9,0,4,0,1,0,0,0,0,1,1,6,1,8,1870,2,10,8,1
201350JT2R011,3,9,0,4,0,1,0,0,0,0,1,1,6,1,7,1248,2,5,7,3
201350JT2R011,4,9,0,4,0,1,0,0,0,0,2,1,1,2,7,1998,1,15,4,1
201350JT2R012,1,9,0,3,0,0,0,0,0,0,2,1,6,1,7,3498,1,2,10,1
201350JT2R012,2,9,0,3,0,0,0,0,0,0,2,1,6,2,8,1998,1,10,9,1
201350JT2R012,3,9,0,18,0,0,0,0,0,0,1,1,6,1,8,4398,7,11,3,3
201350JT2R014,1,21,0,5,0,0,0,0,0,0,4,1,1,3,-1,11705,2,1,7,2
201350JT2R015,1,9,0,5,0,2,0,0,0,0,1,1,6,1,8,1399,2,3,5,3
201350JT2R015,2,9,0,18,0,8,0,0,0,0,1,1,6,1,5,1242,1,10,6,1
201350JT2R016,1,9,0,16,0,2,1,6,0,11,1,1,1,2,5,1242,1,14,2,1
201350JT2R017,1,9,0,5,0,4,0,0,0,0,1,1,6,1,8,2286,1,39,7,3
201350JT2R017,2,9,0,4,0,4,0,0,0,0,1,1,6,1,8,1895,1,14,2,1
201350JT2S001,1,9,0,10,0,0,0,0,2,10,1,1,6,1,6,1686,2,8,3,1
201350JT2S001,2,9,0,18,0,0,0,0,0,0,0,1,6,1,6,1598,1,10,5,1
201350JT2S002,1,9,0,9,0,5,0,0,0,0,1,1,6,1,-1,1998,2,11,3,1
201350JT2S002,2,1,0,18,0,8,0,0,1,0,1,1,6,1,7,-1,-1,-1,5,1
201350JT2S003,1,5,0,18,0,0,0,0,0,0,3,1,6,1,7,599,1,4,10,1
201350JT2S003,2,9,0,18,0,0,0,0,0,0,3,1,6,1,11,1199,1,10,4,1
201350JT2S004,1,9,0,18,0,1,0,0,0,0,4,1,6,2,9,1199,1,9,8,3
201350JT2S004,2,1,0,9,0,6,0,0,0,0,1,1,6,1,3,-1,-1,-1,8,3
201350JT2V001,1,9,0,16,0,0,1,4,7,0,1,1,6,1,4,-1,-1,-1,7,3
201350JT2V001,2,10,0,2,0,0,0,0,0,0,3,1,6,1,-1,2400,2,7,-1,-1
201350JT2V003,1,4,0,3,0,0,0,0,0,0,1,1,6,2,5,498,1,12,8,3
201350JT2V003,2,19,0,1,0,0,0,0,0,0,2,1,6,1,7,2477,2,7,3,3
201350JT2V004,1,9,0,18,0,0,0,0,7,10,3,1,6,1,5,1896,2,10,5,2
201350JT2W011,1,9,0,18,0,1,0,0,2,4,4,1,6,2,5,1390,1,13,7,1
201350JT2W012,1,9,0,4,0,0,0,0,1,1,1,1,6,2,8,1997,2,12,5,3
201350JT3G001,1,9,0,18,0,0,5,0,1,0,3,1,6,2,9,1339,1,-1,8,1
201350JT3G002,1,9,0,9,0,1,0,0,0,0,4,1,6,2,4,1199,1,12,5,3
201350JT3G002,2,9,0,18,0,1,0,0,0,0,1,1,6,1,7,1796,1,8,5,3
201350JT3G003,1,9,0,18,0,8,1,0,1,10,1,1,6,1,6,1124,1,13,4,3
201350JT3G003,2,1,0,9,0,6,0,0,0,0,4,1,6,1,7,-1,-1,-1,5,3
201350JT3H003,1,9,0,18,0,2,0,0,0,0,1,1,6,1,11,1242,1,6,4,3
201350JT3H003,2,9,0,18,0,2,0,0,0,0,1,1,6,1,4,1300,1,15,5,3
201350JT3H003,3,9,0,18,0,2,0,0,0,0,1,1,6,2,9,2000,2,7,4,3
201350JT3H005,1,9,0,18,0,1,0,0,0,0,1,1,2,1,8,-1,-1,-1,5,3
201350JT3H005,2,9,0,4,0,1,0,0,0,0,2,1,6,1,7,1686,2,2,4,3
201350JT3H006,1,9,0,18,0,0,0,0,1,0,1,1,1,1,9,1560,2,4,5,3
201350JT3H006,2,9,0,18,0,0,1,0,1,0,1,1,3,2,6,1968,2,7,5,3
201350KA2A001,1,9,0,18,0,0,0,0,1,4,1,1,6,2,-1,-1,-1,-1,8,2
201350KA2A001,2,9,0,3,0,0,0,0,0,0,0,1,6,1,-1,-1,-1,-1,-1,-1
201350KA2A002,1,9,0,18,0,6,0,0,0,0,3,1,6,2,5,973,1,13,6,3
201350KA2A002,2,9,0,18,0,1,0,0,0,0,1,1,6,1,4,1388,1,14,5,3
201350KA2A003,1,9,0,10,0,1,0,0,0,0,2,1,6,2,9,1587,1,11,4,1
201350KA2A003,2,9,0,18,0,1,0,0,0,0,1,1,2,1,6,1956,2,1,6,1
201350KA2A004,1,9,0,18,0,1,0,0,0,0,1,1,6,1,11,1364,2,3,-1,-1
201350KA2A004,2,9,0,10,0,2,0,0,0,0,3,1,2,2,4,998,1,4,5,3
201350KA2A005,1,9,0,9,0,6,0,0,0,0,3,1,6,2,11,1389,1,9,8,1
201350KA2A005,2,19,0,18,0,1,0,0,0,0,1,1,1,1,9,1461,2,2,7,2
201350KA2A006,1,9,0,8,0,1,0,0,0,0,1,1,6,2,8,1996,1,12,7,2
201350KA2A006,2,5,0,8,0,1,0,0,0,0,2,1,6,1,7,805,1,9,7,1
201350KA2A007,1,9,0,4,0,1,0,0,0,0,2,1,6,2,9,1999,1,10,6,2
201350KA2A007,2,9,0,4,0,1,0,0,0,0,2,1,6,1,10,2143,2,-1,6,1
201350KA2A007,3,9,0,4,0,1,1,0,0,0,1,1,6,1,9,1988,2,8,-1,-1
201350KA2A008,1,9,0,18,0,1,0,0,0,0,3,1,6,3,11,2316,1,18,7,2
201350KA2A009,1,3,0,4,0,0,0,0,0,0,1,1,6,1,4,125,1,-1,3,1
201350KA2A009,2,9,0,4,0,0,0,0,0,0,2,1,6,1,4,1242,1,11,10,1
201350KA2A010,1,9,0,9,0,1,5,0,0,0,1,1,6,1,11,1242,1,9,9,1
201350KA2A010,2,9,0,18,0,1,0,0,0,0,1,1,6,2,6,1149,1,11,6,1
201350KA2A011,1,9,0,4,0,0,0,0,0,0,1,1,6,1,11,1598,1,13,7,1
201350KA2A011,2,5,0,4,0,0,0,0,0,0,2,1,6,1,7,1043,1,1,6,2
201350KA2A011,3,9,0,4,0,0,0,0,0,0,2,1,6,1,5,1198,1,7,7,3
201350KA2B001,1,9,0,9,0,7,0,0,0,0,3,1,6,1,10,1598,1,11,10,1
201350KA2B001,2,9,0,18,0,1,0,0,0,0,1,1,6,2,6,998,1,9,6,2
201350KA2B002,1,9,0,16,0,0,2,0,0,0,3,1,6,1,6,1598,1,9,5,2
201350KA2B003,1,9,0,9,0,8,0,0,0,0,3,1,6,1,11,1390,1,4,5,3
201350KA2B003,2,9,0,18,0,8,0,0,0,0,4,1,6,2,-1,2000,1,13,5,2
201350KA2B004,1,9,0,7,0,2,0,0,0,0,0,1,6,1,5,-1,-1,-1,4,1
201350KA2B004,2,3,0,18,0,1,0,0,0,0,0,1,2,1,5,124,1,-1,4,1
201350KA2B005,1,9,3,18,0,6,0,0,0,0,3,1,6,2,9,1998,2,10,-1,1
201350KA2B005,2,9,0,18,0,8,0,0,0,0,4,1,2,1,8,-1,-1,-1,7,3
201350KA2B006,1,9,0,18,0,0,5,0,1,1,1,1,6,1,6,1390,1,12,5,3
201350KA2B007,1,9,0,5,0,6,0,0,0,0,1,1,6,2,4,1390,1,10,7,3
201350KA2B007,2,9,0,18,0,8,0,0,0,0,1,1,6,1,7,1910,2,11,5,2
201350KA2B008,1,9,0,18,0,6,0,0,0,0,1,1,6,1,11,1753,2,14,8,3
201350KA2B008,2,9,0,18,0,1,0,0,0,0,1,1,6,1,8,1149,1,11,5,3
201350KA2D001,1,9,4,18,0,0,1,0,0,0,1,1,1,1,7,2402,2,5,8,3
201350KA2D001,2,9,0,18,0,0,0,0,0,0,2,1,6,2,11,1242,1,7,7,2
201350KA2D002,1,9,0,5,0,1,0,0,0,0,1,1,2,2,5,1149,1,9,9,2
201350KA2D002,2,9,0,5,0,1,0,0,0,0,2,1,2,1,4,1198,1,3,8,3
201350KA2D004,1,9,0,18,0,0,0,0,0,0,1,1,6,1,6,1339,1,6,4,3
201350KA2D004,2,9,0,18,0,0,0,0,0,0,1,1,6,1,5,1598,1,-1,9,3
201350KA2E001,1,9,0,18,0,6,0,0,0,0,1,1,6,2,8,1796,1,13,8,2
201350KA2E001,2,9,0,18,0,1,0,0,0,0,3,1,6,2,8,1360,1,6,8,2
201350KA2F001,1,9,0,18,0,8,0,0,0,0,1,1,1,2,9,1796,1,6,8,3
201350KA2F001,2,9,0,18,0,1,0,0,0,0,1,1,6,2,7,2499,2,15,7,3
201350KA2F002,1,9,0,17,0,0,0,10,7,10,4,2,6,1,4,1124,1,10,6,2
201350KA2F003,1,9,0,10,0,6,0,0,0,0,1,1,6,1,9,1905,2,17,7,3
201350KA2F003,2,9,0,10,0,6,0,0,0,0,2,1,6,2,5,1796,1,10,7,3
201350KA2F004,1,9,0,9,0,2,0,0,0,0,1,1,6,1,6,1339,1,5,10,1
201350KA2F004,2,9,0,18,0,1,0,4,0,0,1,1,6,1,9,1582,2,2,5,2
201350KA2F004,3,19,0,3,0,2,0,0,0,0,1,1,1,1,6,2198,2,6,9,3
201350KA2F005,1,9,0,18,0,0,0,0,0,0,1,1,3,2,7,1598,1,3,-1,-1
201350KA2F005,2,9,0,3,0,0,0,0,0,0,1,1,2,2,8,1242,1,4,-1,-1
201350KA2F007,1,9,0,18,0,0,0,0,0,0,1,1,6,1,11,1199,1,13,7,2
201350KA2F007,2,9,0,18,0,0,0,0,0,0,2,1,6,2,10,1598,1,7,9,1
201350KA2F008,1,9,0,3,0,5,1,0,0,0,1,1,6,1,9,2495,2,16,5,2
201350KA2F008,2,9,0,3,0,1,0,0,0,0,2,1,6,2,6,2184,2,9,6,2
201350KA2F008,3,9,0,3,0,1,0,0,0,0,2,1,6,1,8,1596,1,10,6,2
201350KA2F009,1,9,0,16,0,0,1,0,2,11,1,1,6,1,5,1868,2,12,5,3
201350KA2G001,1,9,0,18,0,0,1,0,0,0,1,1,2,1,4,1299,1,12,5,1
201350KA2G001,2,9,0,18,0,0,0,0,0,0,1,1,6,1,8,-1,-1,-1,4,1
201350KA2G002,1,9,0,17,0,0,1,0,8,4,1,1,6,1,6,-1,-1,-1,7,3
201350KA2G002,2,9,0,16,0,0,0,0,0,0,1,1,6,1,5,-1,-1,-1,1,1
201350KA2I003,1,9,0,18,0,1,0,0,0,0,2,1,6,2,4,1242,1,14,7,1
201350KA2I003,2,9,0,18,0,1,0,0,0,0,1,1,6,3,-1,-1,-1,-1,-1,-1
201350KA2I004,1,9,0,18,0,0,1,0,0,10,4,1,2,1,4,1988,1,12,-1,-1
201350KA2I005,1,5,0,18,0,1,0,0,0,0,1,1,6,1,7,955,1,10,10,1
201350KA2I005,2,21,0,18,0,1,0,0,0,0,2,1,1,1,9,3920,2,8,9,1
201350KA2I005,3,9,0,9,0,5,0,0,0,0,0,1,6,3,-1,1896,2,10,-1,-1
201350KA2I006,1,9,0,5,0,1,0,0,0,0,1,1,6,2,4,1149,1,6,5,2
201350KA2I006,2,5,0,4,0,1,0,0,0,0,2,1,6,1,9,535,1,19,7,2
201350KA2J003,1,9,0,18,0,0,5,0,2,10,4,1,1,2,6,1598,1,9,4,3
201350KA2J005,1,9,0,4,0,0,0,0,0,0,1,1,6,1,9,1995,2,10,-1,1
201350KA2J006,1,9,0,18,0,0,0,0,0,0,1,1,6,3,-1,-1,-1,-1,-1,-1
201350KA2J007,1,19,0,1,0,1,0,0,0,0,0,1,6,3,-1,-1,-1,-1,-1,-1
201350KA2J007,2,1,0,18,0,1,0,0,0,0,0,1,6,1,4,-1,-1,-1,5,2
201350KA2J009,1,9,0,15,0,0,0,4,0,0,1,1,6,1,10,998,1,-1,6,2
201350KA2J009,2,9,0,2,0,0,0,0,0,0,2,1,6,2,7,1248,2,1,5,2
201350KA2J010,1,9,0,18,0,0,0,0,0,0,4,1,6,2,10,1329,1,1,8,1
201350KA2J011,1,9,0,5,0,1,0,0,3,11,1,1,6,2,11,1298,1,12,6,3
201350KA2J011,2,9,0,18,0,1,0,0,0,0,4,1,2,1,5,1396,1,12,8,3
201350KA2J013,1,9,0,1,0,0,0,7,0,1,1,1,6,1,7,2495,2,14,-1,-1
201350KA2J014,1,9,0,3,0,1,0,0,0,0,2,1,6,1,10,1796,1,3,6,2
201350KA2J014,2,9,0,18,0,1,0,0,0,0,1,1,1,1,6,1951,2,7,5,1
201350KA2J015,1,9,0,17,0,0,1,0,2,4,1,1,6,1,4,-1,-1,-1,7,2
201350KA2J016,1,2,0,16,0,0,2,0,0,0,1,1,6,1,4,49,1,6,5,2
201350KA2J016,2,9,0,3,0,0,0,0,0,0,1,1,6,1,4,1896,2,5,7,3
201350KA2J017,1,9,0,16,0,0,0,0,0,0,1,1,6,2,9,1598,1,9,-1,-1
201350KA2J018,1,9,0,3,0,2,0,0,0,0,1,1,2,2,6,1360,1,14,4,3
201350KA2J018,2,9,0,2,0,2,0,0,0,0,2,1,6,2,7,1997,2,9,7,3
201350KA2J019,1,9,0,16,0,0,1,0,0,0,1,1,6,2,6,1896,2,11,5,3
201350KC2D001,1,9,0,18,0,0,0,0,0,0,1,1,2,1,5,1390,1,11,9,1
201350KC2D001,2,19,0,4,0,0,0,0,0,0,3,1,1,1,6,2402,2,6,2,1
201350KC2D002,1,9,0,17,0,0,1,6,7,10,2,1,2,1,8,-1,-1,-1,4,1
201350KC2E001,1,9,0,18,0,0,0,0,0,0,1,1,6,1,5,-1,-1,-1,8,3
201350KC2E002,1,5,0,17,0,0,5,0,0,0,3,1,6,1,6,-1,-1,-1,4,1
201350KC2E003,1,9,0,16,0,0,0,0,2,0,1,1,6,1,9,1995,2,5,6,3
201350KC2E003,2,9,4,17,0,0,0,0,1,0,1,1,6,1,7,1796,1,11,4,3
201350KC2G001,1,9,4,18,0,0,0,0,0,0,3,1,6,1,9,1298,1,12,4,3
201350KC2G001,2,5,0,18,0,0,0,0,0,0,3,1,6,1,7,1100,1,21,3,1
201350KC2G002,1,17,0,5,0,0,0,0,0,0,0,1,1,1,5,4485,2,1,5,3
201350KC2G002,2,9,0,16,0,0,0,0,0,0,3,1,6,2,6,1461,2,3,4,3
201350KC2I001,1,9,0,18,0,0,0,0,0,0,1,1,1,1,7,-1,-1,-1,6,3
201350KC2I001,2,9,0,18,0,0,0,0,0,0,1,1,6,1,6,1968,2,9,4,3
201350KC2I002,1,17,4,18,0,0,0,0,0,0,3,1,6,2,5,6728,2,5,5,3
201350KC2I002,2,21,0,18,0,0,0,0,0,0,3,1,1,1,8,10837,2,2,8,1
201350KC2J001,1,9,0,16,0,0,0,0,0,0,1,1,6,1,7,2771,2,21,6,3
201350KC2J001,2,9,0,18,0,0,0,0,0,0,1,1,6,2,7,1984,1,21,6,3
201350KC2J002,1,9,0,17,0,0,0,0,1,1,1,1,6,2,10,1498,1,5,4,3
201350KC2K002,1,9,0,4,0,0,0,0,0,0,0,1,6,1,9,698,1,9,4,1
201350KC2K002,2,9,0,6,0,0,0,0,0,0,0,1,6,3,-1,-1,-1,-1,-1,-1
201350KC2K002,3,1,0,18,0,0,0,0,0,0,0,1,6,2,7,-1,-1,-1,5,3
201350KC2K004,1,9,0,18,0,0,0,0,0,0,1,1,6,1,8,1988,1,15,5,1
201350KC2K004,2,9,0,18,0,0,0,0,0,0,1,1,6,2,6,1997,2,3,6,3
201350KC2K004,3,9,0,18,0,0,0,0,0,0,2,1,6,2,4,1149,1,13,6,3
201350KC2K004,4,9,0,4,0,0,0,0,0,0,2,1,6,1,6,1781,1,12,7,2
201350KC2K005,1,9,0,18,0,1,1,0,0,0,1,1,2,2,4,1796,1,14,3,1
201350KC2K005,2,9,0,4,0,1,0,0,0,0,2,1,6,1,6,1796,1,5,6,3
201350KC2M002,1,9,4,5,0,2,0,0,0,0,1,1,1,1,-1,-1,-1,-1,-1,-1
201350KC2M003,1,9,0,10,0,5,0,0,7,0,1,1,6,2,7,1796,1,13,9,3
201350KC2M003,2,9,0,18,0,1,1,0,1,9,1,1,6,1,6,1389,1,11,2,1
201350KC2M004,1,9,0,18,0,0,0,0,0,0,1,1,6,1,6,1497,8,-1,4,3
201350KC2M005,1,19,0,18,0,1,0,0,0,0,1,1,6,1,6,2198,2,6,5,1
201350KC2M005,2,9,0,10,0,1,0,0,0,0,2,1,6,2,6,1598,1,7,4,2
201350KC2N002,1,9,0,7,0,1,1,0,0,0,1,1,6,1,7,1984,2,16,5,3
201350KC2N002,2,11,0,18,0,8,0,0,0,0,1,1,1,1,8,4250,2,4,1,1
201350KC2N003,1,9,0,4,0,0,2,0,8,10,1,1,6,2,11,1199,1,11,5,3
201350KC2N006,1,9,0,18,0,0,0,0,0,0,1,1,6,1,7,-1,-1,-1,4,3
201350KC2N006,2,9,0,18,0,0,0,0,0,0,3,1,6,1,4,1390,1,10,6,3
201350KC2N008,1,9,0,17,0,0,5,0,0,10,4,1,6,1,10,1951,2,9,5,3
201350KC2N010,1,21,1,18,0,0,1,0,0,0,0,1,1,3,-1,-1,-1,-1,-1,-1
201350KC2N010,2,21,0,18,0,0,0,0,1,0,1,1,1,1,7,9200,2,1,4,1
201350KC2Q001,1,9,0,18,0,0,0,0,0,0,1,1,6,1,8,1527,2,17,4,3
201350KC2Q001,2,9,0,7,0,0,0,0,0,0,2,1,6,1,7,1910,2,7,5,3
201350KC2Q002,1,21,0,18,0,0,0,0,0,0,1,1,1,2,8,-1,2,11,5,3
201350KC2Q002,2,21,0,10,0,0,0,0,0,0,2,1,1,1,8,5880,2,8,5,1
201350KC2R001,1,9,0,6,0,0,0,0,0,0,3,1,6,1,5,1868,2,12,7,2
201350KC2R001,2,3,0,13,0,0,0,0,0,0,1,1,6,1,4,124,1,12,4,1
201350KC2R002,1,19,0,18,0,0,1,0,0,0,1,1,6,1,7,2402,2,2,3,1
201350KC2R002,2,9,0,18,0,0,0,0,0,0,1,1,6,1,6,1905,2,22,6,3
201350KC2R004,1,9,0,18,0,2,0,0,0,0,2,1,6,1,7,1364,1,4,6,3
201350KC2R004,2,3,0,3,0,2,0,0,0,0,1,1,6,1,4,124,1,1,6,3
201350KC2R005,1,9,0,6,0,0,0,0,0,0,3,1,2,1,5,1199,1,11,5,2
201350KC2R005,2,5,0,13,0,0,2,0,0,0,1,1,2,1,7,998,1,9,4,3
201350KC2R006,1,9,0,18,0,0,1,0,0,0,1,1,6,2,9,1596,1,9,6,3
201350KC2R007,1,9,0,13,0,8,0,0,0,0,1,1,6,1,4,1388,1,10,5,3
201350KC2R007,2,9,0,18,0,8,0,0,1,0,1,1,6,1,6,1360,1,12,7,2
201350KC2U001,1,9,0,18,0,0,2,0,7,4,2,1,3,1,4,796,1,14,5,3
201350KC2U003,1,21,0,4,0,0,0,0,0,0,0,1,1,1,5,12900,2,3,-1,3
201350KC2U003,2,19,0,18,0,0,1,0,0,0,2,1,1,1,7,2198,2,-1,1,1
201350KC2U003,3,9,0,18,0,0,1,0,1,0,1,1,6,1,6,1998,2,11,5,1
201350KC2U003,4,9,0,18,0,0,1,0,0,0,1,1,6,1,9,1598,1,3,5,2
201350KC2U003,5,9,0,18,0,0,0,0,0,0,1,1,6,1,7,1360,1,4,1,1
201350KC2U004,1,9,0,18,0,0,2,0,1,0,4,1,6,1,6,1390,1,2,6,3
201350KC2W002,1,9,0,18,0,3,0,0,0,0,1,1,1,2,6,998,1,5,7,2
201350KC2W005,1,9,0,18,0,0,0,0,0,0,0,1,6,1,10,2835,2,16,5,3
201350KC2W005,2,9,4,2,0,0,0,0,0,0,0,1,6,1,9,2495,2,15,5,3
201350KC2W006,1,9,0,18,0,0,0,4,0,0,1,1,6,1,11,3555,1,8,5,3
201350KC2W006,2,9,0,2,0,0,0,4,0,0,2,1,6,3,-1,1360,1,4,-1,-1
201350KC2W006,3,9,0,2,0,0,0,0,0,0,2,1,6,3,-1,1910,2,6,-1,-1
201350KC2X001,1,9,0,9,0,6,0,0,0,0,1,1,6,1,10,1461,2,8,7,3
201350KC2X001,2,9,0,18,0,8,0,0,0,0,4,1,6,2,4,1124,1,16,5,3
201350KC2X002,1,9,0,15,0,0,0,4,0,0,4,1,6,1,11,3555,1,8,5,3
201350KC2X002,2,19,0,2,0,0,0,0,0,0,3,1,6,1,9,1868,2,8,6,3
201350KC4A001,1,9,0,16,0,0,0,0,0,0,1,1,6,1,4,1364,1,10,5,3
201350KC4A001,2,9,0,17,0,0,5,0,1,9,3,1,6,2,8,1560,2,7,5,3
201350KC4C001,1,5,0,17,0,0,1,10,1,0,1,1,6,1,5,599,1,9,3,1
201350KC4D001,1,9,0,17,0,1,0,0,0,0,1,1,6,2,5,1396,1,13,5,3
201350KC4D001,2,9,0,3,0,1,0,0,0,0,2,1,6,1,6,1797,1,15,6,3
201350KC4D001,3,9,0,10,0,1,0,0,0,0,2,1,6,1,8,1998,1,6,5,1
201350KC4D002,1,9,0,17,0,8,5,0,1,1,1,1,1,1,6,1910,2,4,6,3
201350KC5F002,1,9,0,18,0,0,0,0,0,0,3,1,6,1,7,1360,1,16,6,3
201350KC5F002,2,9,0,18,0,0,1,0,0,0,3,1,6,1,6,-1,-1,-1,3,1
201350KC5F003,1,9,0,16,0,0,1,0,0,0,1,1,6,2,6,1989,1,14,6,3
201350KC5F003,2,9,0,17,0,0,1,0,0,0,1,1,1,1,6,1686,2,-1,4,2
201350KC5F004,1,11,0,18,0,0,1,0,0,0,1,1,1,1,9,-1,2,27,5,1
201350KC5F004,2,9,0,18,0,0,0,0,0,0,1,1,2,1,4,1999,1,8,5,3
201350KC5H001,1,9,0,18,0,0,0,0,0,0,0,1,6,3,-1,-1,-1,-1,-1,-1
201350KC5H001,2,3,0,18,0,0,2,0,0,0,1,1,1,1,4,124,1,3,4,3
201350KC5H002,1,19,0,4,0,6,0,0,0,0,1,1,1,1,6,2402,2,3,8,1
201350KC5H002,2,21,0,18,0,8,0,0,0,0,4,1,1,1,8,9200,2,5,5,3
201350KC5H003,1,9,0,17,0,0,1,0,0,0,1,1,1,1,7,-1,-1,-1,4,3
201350KC5H003,2,9,0,16,0,0,1,0,0,0,1,1,1,1,7,1298,1,13,5,3
201350KC5H004,1,9,0,4,0,0,0,0,0,0,3,1,6,1,5,1905,2,15,5,3
201350KC5H004,2,9,0,18,0,0,1,0,7,11,1,1,6,2,9,1997,2,9,4,3
201350KE2A004,1,19,0,18,0,1,0,0,0,0,1,1,1,1,8,1560,2,4,10,2
201350KE2A004,2,9,0,10,0,1,0,0,7,0,2,1,6,2,5,1596,1,5,9,1
201350KE2A005,1,9,0,9,0,1,0,0,0,0,1,1,6,1,9,1582,2,-1,7,1
201350KE2A005,2,1,0,18,0,1,0,0,0,0,1,1,6,1,8,-1,-1,-1,4,1
201350KE2A007,1,9,0,9,0,8,0,0,0,0,3,1,6,1,11,1390,1,9,6,1
201350KE2A007,2,2,0,18,0,8,0,0,0,0,3,1,6,1,4,49,1,15,6,1
201350KE2A010,1,9,0,5,0,0,0,0,0,0,0,1,6,3,-1,-1,-1,-1,-1,-1
201350KE2B001,1,9,0,9,9,4,0,0,2,11,3,1,6,1,11,1598,1,13,9,1
201350KE2B001,2,9,0,18,0,4,0,0,0,0,1,1,6,2,11,1396,1,17,6,1
201350KE2B002,1,9,0,18,0,0,0,0,0,0,2,1,6,2,7,1396,1,15,4,1
201350KE2B002,2,9,0,18,0,0,0,0,0,0,2,1,6,1,6,1390,1,14,6,1
201350KE2B002,3,9,0,18,0,0,0,0,0,0,2,1,6,1,5,1896,2,12,7,2
201350KE2B004,1,9,0,18,0,0,0,0,0,0,2,1,6,1,11,1388,1,2,9,1
201350KE2B005,1,9,0,4,0,0,0,0,0,0,1,1,1,1,5,1868,2,11,8,1
201350KE2B005,2,9,0,2,0,0,0,0,0,0,1,1,1,1,6,1560,2,4,8,1
201350KE2B006,1,5,0,14,0,0,0,0,0,0,4,1,6,1,7,670,1,1,9,3
201350KE2B006,2,9,0,14,0,0,0,0,0,0,4,1,6,1,11,1781,1,17,8,1
201350KE2B008,1,9,0,18,0,8,0,0,1,0,1,1,6,2,11,-1,-1,-1,4,1
201350KE2B008,2,9,0,9,0,8,0,0,1,0,3,1,6,2,6,1598,1,6,8,1
201350KE2B010,1,1,0,18,0,0,0,0,0,0,1,1,6,1,4,-1,-1,-1,7,1
201350KE2B010,2,9,0,9,0,0,0,0,0,0,4,1,6,2,10,1870,2,6,7,1
201350KE2B011,1,2,0,9,0,5,0,0,0,0,1,1,6,2,4,49,1,5,3,1
201350KE2B011,2,3,0,18,0,1,0,0,0,0,1,1,6,1,4,124,1,9,4,1
201350KE2B013,1,9,0,18,0,0,0,0,0,0,1,1,6,1,4,1229,1,8,4,3
201350KE2B013,2,9,0,18,0,0,0,0,0,0,1,1,6,2,7,1197,1,1,8,1
201350KE2B015,1,9,0,18,0,0,0,0,0,0,1,1,6,1,-1,1995,2,1,7,1
201350KE2B016,1,9,0,4,0,1,0,0,0,0,1,1,1,2,5,1388,1,6,4,1
201350KE2B016,2,9,0,3,0,1,0,0,0,0,2,1,1,1,6,998,1,2,3,1