Accident_Index,Vehicle_Reference,Vehicle_Type,Towing_and_Articulation,Vehicle_Manoeuvre,Vehicle_Location-Restricted_Lane,Junction_Location,Skidding_and_Overturning,Hit_Object_in_Carriageway,Vehicle_Leaving_Carriageway,Hit_Object_off_Carriageway,1st_Point_of_Impact,Was_Vehicle_Left_Hand_Drive?,Journey_Purpose_of_Driver,Sex_of_Driver,Age_Band_of_Driver,Engine_Capacity_(CC),Propulsion_Code,Age_of_Vehicle,Driver_IMD_Decile,Driver_Home_Area_Type
201350KU2F007,2,1,0,5,0,8,0,0,0,0,0,1,1,1,5,-1,-1,-1,6,3
201350KU2F010,1,21,1,5,0,4,0,0,0,0,1,1,1,1,8,-1,-1,-1,7,2
201350KU2F010,2,1,0,18,0,8,0,0,0,0,2,1,2,1,9,-1,-1,-1,7,3
201350KU2F011,1,9,0,3,0,4,0,0,0,0,1,1,1,1,7,2457,1,1,3,1
201350KU2F011,2,9,0,3,0,4,0,0,0,0,2,1,1,2,5,1389,1,12,6,3
201350KU2G001,1,3,0,18,0,0,1,0,0,0,1,1,6,1,4,124,1,13,6,2
201350KU2G001,2,9,0,3,0,0,0,0,0,0,2,1,1,1,9,-1,-1,-1,10,2
201350KU2G001,3,9,0,2,0,0,0,0,0,0,1,1,6,3,-1,3199,1,13,-1,-1
201350KU2G001,4,9,0,2,0,0,0,0,0,0,1,1,6,2,4,1596,1,8,6,3
201350KU2G002,1,9,0,18,0,1,0,10,3,4,1,1,6,2,11,1198,1,8,6,3
201350KU2G003,1,9,0,18,0,1,0,0,0,0,1,1,6,3,-1,-1,-1,-1,-1,-1
201350KU2G003,2,11,0,18,0,1,0,0,0,0,1,1,1,1,8,9600,2,15,3,1
201350KU2G004,1,22,0,18,0,0,0,0,0,0,3,1,6,1,8,-1,-1,-1,6,1
201350KU2G004,2,9,0,2,0,0,0,0,0,0,4,1,6,2,5,1527,2,15,8,2
201350KU2H002,1,9,0,16,0,0,1,0,0,0,1,1,1,1,8,1896,2,14,9,1
201350KU2H002,2,9,0,17,0,0,1,0,0,0,1,1,1,1,8,1560,2,4,9,1
201350KU2H004,1,9,0,17,0,0,5,0,2,10,4,1,6,1,5,-1,-1,-1,7,3
201350KU2H004,2,9,0,18,0,0,0,0,0,0,1,1,6,2,7,1242,1,-1,4,1
201350KU2H005,1,9,0,17,0,0,5,0,0,10,4,1,6,2,10,1198,1,4,6,3
201350KU2I002,1,9,0,18,0,0,0,0,0,0,1,1,6,1,11,1461,2,12,-1,-1
201350KU2I002,2,9,0,2,0,0,0,0,0,0,2,1,6,2,4,1299,1,14,4,3
201350KU2I003,1,9,0,18,0,0,1,0,0,0,1,1,6,1,8,1910,2,9,3,1
201350KU2I003,2,21,1,18,0,0,0,0,0,0,2,1,1,1,7,10518,2,2,5,3
201350KU2I004,1,1,0,18,0,3,0,0,0,0,4,1,1,1,6,-1,-1,-1,8,2
201350KU2I004,2,9,0,18,0,4,0,0,0,0,3,1,1,1,9,1596,1,7,6,3
201350KU2I005,1,9,0,4,0,0,0,0,0,0,1,1,6,1,5,2495,2,17,4,3
201350KU2I005,2,9,0,18,0,0,0,0,0,0,2,1,6,2,7,1396,1,12,7,3
201350KU2I006,1,9,0,11,0,0,2,0,0,10,3,1,6,1,8,1086,1,9,4,1
201350KU2I006,2,9,0,18,0,0,0,0,0,0,1,1,6,2,6,1299,1,6,8,3
201350KU2I006,3,9,4,18,0,0,0,0,0,0,2,1,6,1,8,-1,-1,-1,4,3
201350KU2I007,1,9,0,18,0,1,0,0,0,0,1,1,2,2,6,1587,1,11,3,1
201350KU2I007,2,9,0,7,0,1,0,0,1,11,2,1,6,2,7,2231,2,7,10,2
201350KU2I008,1,19,0,18,0,0,0,0,4,0,1,1,1,1,5,1998,2,9,3,1
201350KU2I008,2,21,0,18,0,0,0,0,0,0,2,1,1,1,9,4116,2,7,10,1
201350KU2I010,1,9,0,11,0,0,5,0,1,7,1,1,6,2,6,1360,1,11,9,1
201350KU2I010,2,21,0,18,0,0,0,0,0,0,2,1,1,1,8,10837,2,-1,3,1
201350KU2J001,1,19,4,18,0,0,4,11,0,0,3,1,1,1,8,-1,-1,-1,6,1
201350KU2J002,1,9,0,4,0,0,0,0,0,0,1,1,2,2,8,1242,1,8,6,3
201350KU2J002,2,17,4,3,0,0,0,0,0,0,2,1,1,1,5,-1,2,7,6,3
201350KU2J003,1,9,0,16,0,0,2,0,7,1,4,1,6,1,7,1998,1,4,6,3
201350KU2J004,1,90,0,18,0,0,0,0,5,6,3,1,6,1,10,2779,2,17,7,1
201350KU2J005,1,9,0,16,0,0,1,0,7,10,1,1,6,2,5,1587,1,14,-1,1
201350KU2J005,2,9,0,17,0,0,1,0,0,0,1,1,6,2,5,1248,2,2,1,1
201350KU2J006,1,9,0,16,0,0,0,10,2,7,1,1,6,1,4,1000,1,13,5,2
201350KU2J007,1,19,0,1,0,0,0,0,0,0,2,1,1,1,9,2464,2,6,5,3
201350KU2J007,2,3,0,18,0,0,0,0,0,0,1,1,6,1,9,125,1,5,7,1
201350KU2J007,3,20,0,4,0,0,0,0,0,0,0,1,1,3,-1,-1,-1,-1,-1,-1
201350KU2O001,1,9,0,18,0,0,2,0,2,11,1,1,3,2,6,1596,1,9,6,3
201350KU2O001,2,9,0,18,0,0,0,0,0,0,1,1,1,2,6,1560,2,7,6,3
201350KU2P001,1,9,0,17,0,0,2,0,7,11,1,1,6,1,4,-1,-1,-1,10,2
201350KU2P002,1,9,0,18,0,0,1,11,4,6,1,1,6,2,5,1598,1,8,6,3
201350KU2P003,1,9,0,18,0,0,0,0,0,0,1,1,6,2,6,1360,1,14,4,3
201350KU2P003,2,16,0,18,0,0,0,0,0,0,3,1,6,2,8,-1,-1,-1,6,3
201350KU2P004,1,19,0,13,0,0,1,0,0,0,1,1,1,1,10,2143,2,-1,-1,-1
201350KU2P004,2,9,0,18,0,0,2,0,2,7,2,1,6,2,6,1149,1,15,2,1
201350KU2Q001,1,9,0,1,0,1,0,0,0,0,3,1,6,2,8,1229,1,5,4,2
201350KU2R002,1,9,0,9,9,2,0,0,1,10,1,1,6,1,7,1598,1,13,8,2
201350KU2R008,1,9,0,18,0,0,0,0,4,6,1,1,6,1,11,1753,2,11,9,3
201350KU2R009,1,9,0,18,0,0,2,0,1,0,1,1,6,2,6,2179,2,1,5,1
201350KU2R010,1,9,0,5,7,2,0,0,0,0,4,1,6,2,6,1364,1,4,7,1
201350KU2R010,2,2,0,18,0,1,5,0,0,0,1,1,6,1,8,49,1,-1,6,2
201350KU2R011,1,9,0,18,0,0,2,0,5,7,3,1,6,2,4,1995,2,11,3,1
201350KU2R011,2,9,0,18,0,0,0,0,0,0,0,1,6,1,9,1240,1,4,8,3
201350KU2R011,3,9,0,18,0,0,0,0,0,0,0,1,6,3,-1,1968,2,-1,-1,-1
201350KU2R012,1,9,0,18,0,1,0,0,0,0,1,1,1,1,4,1198,1,9,5,3
201350KU2R012,2,9,0,2,0,1,0,0,0,0,2,1,6,2,8,1461,2,1,-1,-1
201350KU2S004,1,9,0,17,0,1,0,0,7,10,1,1,6,1,8,1796,1,13,8,3
201350KU2W001,1,19,0,18,0,0,0,0,0,0,1,1,6,1,7,2694,1,15,5,1
201350KU2W001,2,17,0,4,0,0,0,0,0,0,1,1,1,1,9,-1,2,30,8,3
2013520300081,1,9,0,18,0,0,0,0,0,0,2,1,6,2,8,796,1,14,7,3
2013520300081,2,9,0,18,0,0,0,0,0,0,1,1,6,3,-1,1119,1,19,-1,-1
2013520300117,1,9,0,17,0,8,0,0,0,0,4,1,6,2,4,1124,1,17,6,1
2013520300117,2,9,0,7,0,8,0,0,0,0,2,1,6,3,-1,1490,1,6,-1,-1
2013520300160,1,9,0,18,0,1,0,0,0,0,3,1,6,3,-1,-1,-1,-1,-1,-1
2013520300160,2,9,0,7,0,5,0,0,0,10,2,1,6,1,4,1596,1,11,9,3
2013520300239,1,5,0,18,0,8,1,0,0,0,3,1,6,1,5,656,1,6,6,3
2013520300239,2,9,0,5,0,8,0,0,0,0,0,1,6,1,7,-1,-1,-1,10,1
2013520300242,1,9,0,18,0,1,0,0,0,0,4,1,6,1,10,1591,1,2,6,2
2013520300242,2,1,0,9,0,1,0,0,0,0,3,1,6,1,6,-1,-1,-1,-1,-1
2013520300282,1,9,0,7,0,4,1,0,0,0,3,1,6,2,6,1598,1,11,5,2
2013520300282,2,9,0,18,0,8,1,0,0,0,1,1,6,1,6,-1,-1,-1,7,1
2013520300347,1,9,0,18,0,0,0,0,0,0,1,1,6,1,7,-1,-1,-1,7,1
2013520300347,2,1,0,18,0,0,0,0,0,0,2,1,6,1,8,-1,-1,-1,9,2
2013520300350,1,9,0,9,0,8,0,0,0,0,1,1,6,1,10,1998,1,12,7,1
2013520300350,2,9,0,18,0,7,0,0,0,0,1,1,6,2,9,-1,-1,-1,4,3
2013520300376,1,9,0,17,0,8,0,0,0,0,1,1,6,2,7,2199,2,2,7,3
2013520300376,2,9,4,16,0,8,1,0,0,0,1,1,6,1,5,-1,-1,-1,7,3
2013520300383,1,9,0,9,0,2,1,0,0,10,1,1,6,2,6,1796,1,11,5,1
2013520300421,1,9,0,3,0,0,0,0,0,0,2,1,6,1,9,1995,2,5,7,3
2013520300421,2,9,0,16,0,0,0,0,0,0,1,1,6,1,9,1198,1,9,8,1
2013520300428,1,11,0,18,0,0,0,0,0,0,1,1,1,1,8,5900,1,14,7,2
2013520300432,1,9,0,18,0,4,0,0,0,0,1,1,6,1,6,-1,-1,-1,3,1
2013520300432,2,1,0,18,0,8,0,0,0,0,2,1,6,1,4,-1,-1,-1,7,1
2013520300451,1,9,0,18,0,0,0,0,0,10,1,1,6,1,4,998,1,10,9,2
2013520300468,1,9,0,4,0,1,0,0,0,0,1,1,6,1,6,998,1,41,2,1
2013520300468,2,9,0,18,0,1,0,0,0,0,4,1,6,1,9,1560,2,6,6,1
2013520300468,3,9,0,18,0,1,0,0,0,0,3,1,6,1,5,1242,1,14,6,3
2013520300501,1,8,0,2,0,0,0,0,0,0,1,1,1,1,8,1998,2,9,2,2
2013520300501,2,9,0,18,0,0,0,0,0,0,1,1,6,2,6,1596,1,10,4,3
2013520300502,1,9,0,18,0,0,0,0,0,0,1,1,6,1,8,-1,-1,-1,9,1
2013520300506,1,9,0,9,0,8,0,0,0,0,4,1,6,2,4,1984,1,12,6,2
2013520300506,2,9,0,18,0,8,0,0,0,0,1,1,6,1,4,-1,-1,-1,8,1
2013520300508,1,9,0,3,0,4,0,0,0,0,2,1,6,1,6,1989,1,14,3,1
2013520300508,2,9,0,18,0,4,0,0,0,0,1,1,6,1,10,1798,1,10,6,2
2013520300510,1,9,0,18,0,8,0,0,0,0,1,1,6,2,7,1598,1,6,7,1
2013520300510,2,1,0,18,0,8,0,0,0,0,1,1,6,1,4,-1,-1,-1,3,1
2013520300512,1,9,0,9,0,8,0,0,0,0,1,1,6,1,6,1749,1,9,7,1
2013520300512,2,9,0,18,0,8,0,0,0,0,1,1,6,1,8,2378,1,9,3,1
2013520300512,3,9,0,2,0,1,0,0,0,0,1,1,6,1,10,1896,2,12,7,1
2013520300512,4,9,0,2,0,1,0,0,0,0,2,1,6,2,-1,1968,2,3,7,1
2013520300518,1,9,0,7,0,2,0,0,0,0,1,1,6,2,7,1149,1,5,8,2
2013520300518,2,1,0,18,0,1,0,0,0,0,1,1,6,1,9,-1,-1,-1,4,1
2013520300519,1,9,0,16,0,1,0,0,0,0,1,1,6,1,5,-1,-1,-1,5,3
2013520300519,2,9,0,18,0,2,0,0,0,0,3,1,6,2,9,1686,2,10,5,3
2013520300527,1,9,0,18,0,8,0,0,0,0,3,1,6,1,4,1124,1,11,2,1
2013520300527,2,9,0,18,0,8,0,0,0,0,1,1,6,1,8,-1,-1,-1,-1,-1
2013520300545,1,9,0,18,0,1,0,0,0,0,1,1,6,1,-1,1968,2,8,-1,-1
2013520300546,1,9,0,18,0,0,0,0,0,0,1,1,6,1,6,1896,2,11,7,1
2013520300553,1,9,0,18,0,1,0,0,0,0,1,1,6,1,4,1392,1,16,6,1
2013520300565,1,5,0,3,0,1,0,0,0,0,2,1,6,1,5,600,1,17,4,1
2013520300565,2,9,0,4,0,1,0,0,0,0,1,1,6,2,6,1364,1,7,7,1
2013520300574,1,21,0,9,0,8,0,0,0,0,4,1,6,1,8,6871,2,3,9,1
2013520300586,1,9,0,18,0,0,0,0,0,0,2,1,6,1,5,1868,2,14,6,2
2013520300586,2,9,0,18,0,0,0,0,0,0,1,1,6,3,-1,1910,2,8,-1,-1
2013520300587,1,9,0,18,0,0,0,0,0,0,2,1,6,1,6,-1,-1,-1,7,1
2013520300587,2,9,0,18,0,0,0,0,0,0,1,1,6,2,7,-1,-1,-1,9,1
2013520300588,1,9,0,3,0,4,0,0,0,0,1,1,6,1,7,-1,-1,-1,1,1
2013520300588,2,9,0,4,0,4,0,0,0,0,2,1,6,1,6,1599,1,10,7,1
2013520300591,1,1,0,18,0,8,0,0,0,0,1,1,6,1,4,-1,-1,-1,5,1
2013520300591,2,9,0,18,0,8,0,0,0,0,1,1,6,2,9,1896,2,10,3,1
2013520300592,1,9,0,18,0,8,0,0,0,0,4,1,6,1,6,-1,-1,-1,5,1
2013520300592,2,9,0,18,0,8,0,0,0,0,3,1,6,1,6,1997,2,5,8,1
2013520300603,1,9,0,9,0,8,0,0,0,1,1,1,6,1,11,-1,-1,-1,6,3
2013520300605,1,9,0,9,0,8,0,0,0,0,3,1,6,1,10,1956,2,2,6,2
2013520300605,2,4,0,18,0,1,0,0,0,0,1,1,6,1,5,125,1,5,6,3
2013520300606,1,9,0,18,0,0,1,0,0,0,1,1,6,1,8,1598,1,13,4,3
2013520300609,1,9,0,18,0,0,0,0,0,0,1,1,6,1,6,-1,-1,-1,6,1
2013520300610,1,9,0,18,0,0,0,0,0,0,2,1,6,1,5,1198,1,1,-1,1
2013520300610,2,9,0,18,0,0,0,0,0,0,1,1,6,1,4,-1,-1,-1,7,2
2013520300613,1,9,0,18,0,0,0,0,0,0,1,1,6,1,9,1991,1,13,9,1
2013520300613,2,90,0,9,0,0,0,0,0,0,4,1,6,1,9,970,1,26,5,2
2013520300624,1,1,0,18,0,8,0,0,0,0,1,1,6,1,3,-1,-1,-1,9,1
2013520300624,2,9,0,7,0,8,0,0,0,0,4,1,6,1,4,-1,-1,-1,2,1
2013520300625,1,9,0,5,0,0,0,0,0,0,1,1,6,2,5,-1,-1,-1,6,1
2013520300625,2,5,0,18,0,0,0,0,0,0,1,1,6,1,7,1050,1,4,6,1
2013520300631,1,9,0,3,0,0,0,0,0,0,2,1,6,1,6,1248,2,9,7,1
2013520300631,2,9,0,3,0,0,0,0,0,0,2,1,6,2,8,1995,2,4,7,1
2013520300631,3,9,0,3,0,0,0,0,0,0,2,1,6,1,5,1686,2,5,8,2
2013520300631,4,19,0,4,0,0,0,0,0,0,1,1,6,1,5,2151,2,11,4,1
2013520300633,1,19,0,18,0,1,0,0,0,0,4,1,6,1,7,-1,-1,-1,9,1
2013520300638,1,9,0,18,0,8,0,0,0,0,4,1,6,1,9,1197,1,1,7,2
2013520300638,2,9,0,7,0,8,0,0,0,0,1,1,6,2,6,1242,1,8,5,1
2013520300686,1,9,0,17,0,0,0,0,0,10,1,1,6,2,8,1753,2,13,5,1
2013520300689,1,9,0,18,0,0,0,0,0,0,1,1,6,2,6,1590,1,11,7,3
2013520300689,2,1,0,18,0,0,0,0,0,0,2,1,6,1,8,-1,-1,-1,6,2
2013520300701,1,3,0,14,0,0,0,0,0,0,4,1,6,1,9,124,1,6,7,1
2013520300706,1,9,0,18,0,0,0,0,0,0,4,1,6,3,-1,-1,-1,-1,-1,-1
2013520300710,1,9,0,18,0,0,0,12,0,0,1,1,6,1,9,2496,2,9,6,1
2013520300716,1,9,0,18,0,0,0,0,0,0,3,1,6,1,9,1998,2,6,6,3
2013520300717,1,9,0,4,0,0,0,0,0,0,1,1,6,2,6,1679,1,13,6,2
2013520300717,2,9,0,4,0,0,0,0,0,0,2,1,6,2,6,1896,2,5,6,3
2013520300719,1,9,0,18,0,0,0,0,0,0,1,1,6,1,6,1999,1,7,6,1
2013520300719,2,9,0,2,0,0,0,0,0,2,1,1,6,1,6,1984,1,3,5,1
2013520300721,1,9,0,18,0,8,0,0,0,0,4,1,6,2,7,-1,-1,-1,1,1
2013520300721,2,9,0,9,0,8,0,0,0,0,1,1,6,1,4,998,1,10,10,2
2013520300724,1,9,0,17,0,2,1,0,0,4,1,1,6,2,7,1206,1,2,6,1
2013520300726,1,9,0,4,0,0,0,0,0,0,2,1,6,1,4,2496,2,9,3,1
2013520300726,2,9,0,18,0,0,1,10,1,0,1,1,6,1,7,1997,2,10,-1,-1
2013520300732,1,9,0,18,0,4,0,0,0,0,2,1,6,2,4,1753,2,4,3,1
2013520300732,2,9,0,18,0,4,0,0,0,0,1,1,6,2,10,1360,1,8,6,3
2013520300733,1,9,0,16,0,0,1,0,0,0,1,1,6,2,6,1399,2,5,7,1
2013520300736,1,9,0,18,0,0,0,0,1,2,1,1,6,2,4,-1,-1,-1,9,1
2013520300743,1,9,0,16,0,4,0,0,0,0,4,1,6,1,8,1997,2,10,7,3
2013520300743,2,9,0,16,0,3,0,0,0,0,1,1,6,3,6,2171,1,12,-1,-1
2013520300751,1,9,0,12,0,0,0,0,0,0,3,1,6,1,8,1997,1,12,1,1
2013520300751,2,5,0,13,0,0,0,0,0,0,4,1,6,1,5,953,1,5,7,3
2013520300765,1,1,0,18,0,0,0,0,0,0,3,1,6,1,6,-1,-1,-1,9,2
2013520300765,2,9,0,18,0,0,0,0,0,0,4,1,6,3,5,-1,-1,-1,-1,-1
2013520300776,1,9,0,3,0,4,0,0,0,0,2,1,6,1,7,1988,1,13,5,1
2013520300776,2,9,0,18,0,4,0,0,0,0,1,1,6,1,6,1493,1,16,6,1
2013520300777,1,9,0,18,0,2,0,0,0,0,4,1,6,1,8,1299,1,14,8,2
2013520300783,1,9,0,7,0,8,1,0,0,0,1,1,6,1,4,1368,1,6,6,1
2013520300783,2,9,0,7,0,8,0,0,0,0,3,1,6,1,9,2179,2,6,9,2
2013520300790,1,9,0,4,0,0,0,0,0,0,4,1,1,1,8,-1,-1,-1,6,2
2013520300793,1,9,0,18,0,2,0,0,0,0,1,1,6,1,5,-1,-1,-1,4,3
2013520300793,2,9,0,18,0,1,0,0,0,0,1,1,6,1,8,-1,-1,-1,7,1
2013520300830,1,9,0,9,0,6,0,0,0,0,1,1,6,2,4,1198,1,2,4,1
2013520300830,2,9,0,9,0,6,0,0,0,0,4,1,6,1,6,-1,-1,-1,-1,-1
2013520300856,1,9,0,3,0,1,0,0,0,0,2,1,6,2,6,1488,2,18,3,1
2013520300856,2,90,0,5,0,1,0,0,0,0,1,1,6,2,7,-1,-1,-1,-1,-1
2013520300861,1,3,0,18,0,0,0,0,0,0,3,1,6,1,7,124,1,32,5,1
2013520300861,2,9,0,18,0,0,0,0,0,0,0,1,6,3,-1,-1,-1,-1,-1,-1
2013520300866,1,9,0,18,0,1,0,0,2,10,1,1,6,1,5,1998,1,11,9,3
2013520300866,2,9,0,18,0,1,0,0,0,0,3,1,6,1,9,-1,-1,-1,6,3
2013520300866,3,20,0,9,0,5,0,0,0,0,0,1,6,1,6,-1,-1,-1,8,1
2013520300874,1,9,0,18,0,0,0,0,7,9,1,1,6,2,5,1242,1,3,3,1
2013520300875,1,9,0,18,0,8,0,0,0,0,1,1,6,1,8,1598,1,4,9,3
2013520300875,2,4,0,9,0,8,0,0,0,0,2,1,6,2,4,124,1,22,7,3
2013520300876,1,11,0,18,0,0,0,0,0,0,1,1,1,1,10,9600,2,15,6,1
2013520300876,2,9,0,4,0,0,0,0,0,0,2,1,6,1,10,1400,1,8,9,1
2013520300876,3,9,0,18,0,0,0,0,0,0,1,1,6,2,9,1242,1,12,6,1
2013520300876,4,21,0,18,0,0,0,0,0,0,1,1,1,1,5,-1,-1,-1,8,2
2013520300878,1,9,0,4,0,1,0,0,0,0,1,1,6,2,5,-1,-1,-1,5,1
2013520300878,2,9,0,3,0,1,0,0,0,0,2,1,6,2,8,-1,-1,-1,1,1
2013520300878,3,9,0,18,0,8,0,0,0,0,4,1,6,1,8,1299,1,12,5,1
2013520300880,1,9,0,9,0,8,0,0,0,0,1,1,6,2,6,1598,1,13,4,1
2013520300881,1,9,0,18,0,4,0,0,0,0,1,1,6,2,5,-1,-1,-1,8,1
2013520300881,2,1,0,18,0,4,0,0,0,0,1,1,6,1,7,-1,-1,-1,3,1
2013520300890,1,2,0,16,0,0,0,0,0,0,1,1,4,1,4,49,1,-1,3,1
2013520300890,2,19,0,17,0,0,0,0,0,0,3,1,6,1,6,2151,2,12,-1,-1
2013520300896,1,9,0,10,0,8,0,0,0,0,3,1,6,1,10,1798,1,9,6,3
2013520300896,2,19,0,18,0,8,0,0,0,0,1,1,6,1,6,1248,2,1,8,1
2013520300912,1,9,0,18,0,0,0,10,0,0,1,1,6,1,4,973,1,12,5,2
2013520300912,2,9,0,18,0,0,0,0,0,0,1,1,6,1,8,-1,-1,-1,3,1
2013520300920,1,21,0,18,0,0,0,0,0,0,2,1,6,1,7,4580,2,16,5,3
2013520300920,2,21,0,18,0,0,0,0,0,0,1,1,6,1,7,2402,2,6,7,2
2013520300922,1,1,0,7,0,8,0,0,0,0,1,1,6,2,5,-1,-1,-1,5,2
2013520300922,2,9,0,18,0,8,0,0,0,0,1,1,6,3,-1,-1,-1,-1,-1,-1
2013520300943,1,17,4,18,0,0,0,0,0,0,0,1,6,3,-1,-1,-1,-1,-1,-1
2013520300943,2,16,0,18,0,0,0,0,0,0,0,1,6,2,3,-1,-1,-1,7,3
2013520300953,1,8,0,4,0,4,0,0,0,0,1,1,6,1,6,-1,-1,-1,1,1
2013520300953,2,9,0,18,0,3,0,0,0,0,4,1,6,2,8,1596,1,21,4,1
2013520300962,1,1,0,18,0,8,1,0,0,0,1,1,2,1,5,-1,-1,-1,8,2
2013520300962,2,9,0,18,0,4,0,0,0,0,3,1,6,3,-1,1870,2,11,-1,-1
2013520300965,1,1,0,18,0,8,0,0,0,0,1,1,6,1,9,-1,-1,-1,3,1
2013520300965,2,9,0,9,0,8,0,0,0,0,1,1,6,1,4,-1,-1,-1,-1,-1
2013520300967,1,9,0,18,0,0,0,0,0,0,3,1,6,2,8,1975,1,7,4,1
2013520300967,2,17,0,18,0,0,0,0,0,0,3,1,6,3,-1,-1,-1,-1,-1,-1
2013520300978,1,9,0,17,0,0,0,0,0,0,1,1,6,2,8,1587,1,9,4,2
2013520300978,2,9,0,13,0,0,0,0,0,0,1,1,6,1,6,1905,2,15,9,2
2013520300981,1,9,0,10,0,8,0,0,0,0,3,1,6,2,8,-1,-1,-1,8,3
2013520300981,2,3,0,13,0,8,0,0,0,0,1,1,6,1,4,125,1,6,7,2
2013520300983,1,9,0,9,0,8,0,0,0,0,1,1,6,3,-1,-1,-1,-1,-1,-1
2013520300984,1,9,0,9,0,8,0,0,0,0,4,1,6,2,-1,1560,2,4,6,1
2013520300984,2,9,0,18,0,7,0,0,0,0,3,1,6,1,9,-1,-1,-1,3,1
2013520301005,1,9,0,7,0,6,0,0,0,0,3,1,6,2,5,1199,1,10,9,2
2013520301005,2,1,0,18,0,8,0,0,0,0,1,1,6,2,11,-1,-1,-1,3,1
2013520301008,1,9,0,18,0,6,1,0,0,0,1,1,6,1,4,1229,1,9,7,1
2013520301008,2,9,0,18,0,8,0,0,0,0,4,1,6,2,6,998,1,1,4,1
2013520301014,1,9,0,4,0,0,0,0,0,0,1,1,6,1,6,1796,1,13,8,2
2013520301015,1,19,0,1,6,1,0,0,0,0,2,1,1,1,5,2143,2,1,6,3
2013520301016,1,9,0,18,0,1,0,0,0,0,1,1,6,2,10,998,1,13,7,3
2013520301016,2,9,0,9,0,5,0,0,0,0,3,1,6,2,7,1994,1,12,7,3
2013520301019,1,9,0,18,0,0,0,0,0,0,1,1,6,1,8,1389,1,15,5,1
2013520301020,1,11,0,9,0,6,0,0,0,0,1,1,1,1,7,3972,2,17,7,1
2013520301020,2,3,0,14,0,1,0,0,0,0,1,1,6,1,5,125,1,2,4,1
2013520301024,1,9,0,16,0,0,5,0,0,0,1,1,6,2,11,1119,1,17,4,2
2013520301024,2,9,0,17,0,0,0,0,0,0,3,1,6,1,11,1896,2,18,9,1
2013520301034,1,9,0,18,0,8,0,0,0,0,3,1,6,1,8,2438,1,15,7,1
2013520301034,2,1,0,7,0,8,0,0,0,0,1,1,6,1,4,-1,-1,-1,6,1
2013520301035,1,9,0,9,0,5,0,0,0,0,3,1,6,1,6,1364,1,4,8,1
2013520301035,2,4,0,18,0,8,0,0,0,0,4,1,6,1,4,249,1,20,4,1
2013520301037,1,9,0,13,0,0,0,0,0,0,4,1,6,1,-1,-1,-1,-1,-1,-1
2013520301037,2,1,0,18,0,0,0,0,0,0,3,1,6,2,6,-1,-1,-1,3,1
2013520301043,1,9,0,18,0,0,0,0,0,0,1,1,6,1,7,1998,2,6,5,2
2013520301043,2,9,0,13,0,0,0,0,0,0,1,1,6,1,4,1388,1,15,8,3
2013520301044,1,9,0,18,0,0,0,0,0,2,1,1,6,1,11,1590,1,8,6,2
2013520301049,1,9,0,18,0,1,0,0,0,0,1,1,6,2,11,1339,1,5,6,2
2013520301049,2,1,0,18,0,1,0,0,0,0,2,1,6,1,9,-1,-1,-1,6,3
2013520301055,1,9,0,9,0,8,0,0,0,0,1,1,6,1,8,-1,-1,-1,5,2
2013520301056,1,2,0,9,0,7,0,0,0,0,1,1,6,1,4,49,1,13,6,2
2013520301056,2,9,0,9,0,6,0,0,0,0,4,1,6,1,8,1998,1,14,-1,-1
2013520301071,1,9,3,18,0,0,0,0,0,0,1,1,6,1,9,2953,2,9,5,1
2013520301071,2,9,0,18,0,0,0,0,0,0,3,1,6,2,8,1343,1,9,4,1
2013520301072,1,9,0,9,0,8,0,0,0,0,3,1,6,1,9,2996,2,14,6,1
2013520301072,2,4,0,18,0,8,0,0,0,0,1,1,6,2,4,400,1,22,6,3
2013520301113,1,9,0,18,0,0,0,0,0,0,1,1,6,2,8,1997,2,2,4,1
2013520301115,1,9,0,18,0,8,0,0,0,0,1,1,6,1,10,1753,2,10,9,3
2013520301115,2,9,0,9,0,8,0,0,0,0,1,1,6,1,4,1360,1,13,8,2
2013520301121,1,9,0,18,0,8,0,0,0,0,1,1,6,1,6,-1,-1,-1,3,1
2013520301121,2,9,0,18,0,1,0,0,0,0,2,1,6,1,9,1997,2,4,7,2
2013520301208,1,9,0,16,0,0,2,0,8,10,1,1,6,1,5,1587,1,12,7,3
2013520301213,1,9,0,18,0,0,0,0,7,4,1,1,6,2,4,1149,1,10,6,3
2013520301214,1,9,0,9,0,6,0,0,0,0,2,1,6,1,9,1587,1,11,4,1
2013520301214,2,9,0,9,0,6,0,0,0,0,1,1,6,2,10,1329,1,4,3,1
2013520301214,3,9,0,18,0,8,0,0,0,0,0,1,1,1,6,-1,-1,-1,3,1
2013520301234,1,9,0,16,0,0,5,0,7,10,1,1,6,1,6,1998,1,12,2,1
2013520301235,1,9,0,18,0,1,0,0,0,0,1,1,6,2,6,1360,1,8,8,1
2013520301235,2,9,0,3,0,1,0,0,0,0,2,1,6,1,8,-1,-1,-1,6,3
2013520301236,1,9,0,7,0,6,0,0,0,0,1,1,6,2,8,-1,-1,-1,5,1
2013520301236,2,1,0,18,0,8,0,0,0,0,1,1,6,1,2,-1,-1,-1,3,1
2013520301248,1,9,0,18,0,0,0,0,0,0,4,1,6,1,-1,2497,2,16,-1,-1
2013520301277,1,5,0,18,0,8,0,0,0,0,4,1,6,1,8,996,1,1,3,1
2013520301277,2,9,0,18,0,8,0,0,0,0,4,1,6,1,11,1896,2,15,8,1