Accident_Index,Vehicle_Reference,Vehicle_Type,Towing_and_Articulation,Vehicle_Manoeuvre,Vehicle_Location-Restricted_Lane,Junction_Location,Skidding_and_Overturning,Hit_Object_in_Carriageway,Vehicle_Leaving_Carriageway,Hit_Object_off_Carriageway,1st_Point_of_Impact,Was_Vehicle_Left_Hand_Drive?,Journey_Purpose_of_Driver,Sex_of_Driver,Age_Band_of_Driver,Engine_Capacity_(CC),Propulsion_Code,Age_of_Vehicle,Driver_IMD_Decile,Driver_Home_Area_Type
2013520301289,1,5,0,16,0,0,0,0,0,0,1,1,6,1,5,592,1,26,9,2
2013520301303,1,9,0,13,0,0,0,0,0,0,3,1,6,3,-1,-1,-1,-1,-1,-1
2013520301303,2,1,0,18,0,0,0,0,0,0,3,1,6,1,7,-1,-1,-1,9,1
2013520301311,1,1,0,18,0,8,0,0,0,0,1,1,6,1,8,-1,-1,-1,6,3
2013520301311,2,17,0,9,0,1,0,0,0,0,1,1,6,1,4,4062,2,39,7,3
2013520301332,1,9,0,18,0,8,0,0,0,0,1,1,6,1,9,1298,1,13,5,1
2013520301332,2,9,0,18,0,8,0,0,0,0,1,1,6,2,9,-1,-1,-1,5,2
2013520301340,1,9,0,17,0,0,0,0,0,0,1,1,6,1,6,-1,-1,-1,4,2
2013520301340,2,8,0,16,0,0,0,0,0,0,1,1,6,1,8,1910,2,6,5,3
2013520301344,1,9,0,7,0,8,0,0,0,0,4,1,2,1,6,2179,2,4,9,3
2013520301344,2,1,0,18,0,8,0,0,0,0,1,1,6,1,4,-1,-1,-1,-1,-1
2013520301351,1,90,0,18,0,3,0,0,1,0,3,1,6,1,8,-1,-1,-1,4,1
2013520301351,2,11,0,18,0,3,0,0,0,0,4,1,1,1,7,-1,-1,-1,-1,-1
2013520301403,1,9,0,13,0,8,0,0,0,0,3,1,6,1,10,2401,2,9,9,2
2013520301403,2,17,0,9,0,8,0,0,0,0,1,1,6,2,8,-1,-1,-1,8,3
2013520301405,1,9,0,16,0,0,0,0,1,4,1,1,6,1,5,1149,1,14,7,1
2013520301442,1,9,0,2,0,0,0,0,0,0,4,1,6,2,7,1896,2,13,9,2
2013520301442,2,9,0,18,0,0,0,8,0,0,1,1,6,3,-1,1198,1,1,-1,-1
2013520301453,1,9,0,17,0,0,0,0,0,0,1,1,6,2,5,1149,1,17,4,1
2013520301453,2,9,0,17,0,0,0,0,0,0,1,1,6,1,4,1199,1,14,6,2
2013520301453,3,9,0,16,0,0,0,0,0,0,1,1,6,1,9,-1,-1,-1,7,3
2013520301453,4,9,0,18,0,0,0,0,0,0,1,1,6,2,5,-1,-1,-1,6,2
2013520301462,1,9,0,18,0,0,0,0,0,0,1,1,6,3,-1,-1,-1,-1,-1,-1
2013520301462,2,1,0,18,0,0,0,0,0,0,-1,1,4,1,3,-1,-1,-1,3,1
2013520301472,1,9,0,18,0,0,5,0,1,0,1,1,6,2,5,1275,1,16,5,3
2013520301473,1,9,0,4,0,4,0,0,0,0,1,1,6,1,8,1461,2,3,6,2
2013520301473,2,9,0,4,0,4,0,0,0,0,2,1,6,2,7,1248,1,3,7,3
2013520301475,1,9,0,4,0,0,0,0,0,0,3,1,6,1,6,1995,1,14,9,3
2013520301475,2,9,0,18,0,0,0,10,0,0,1,1,6,1,9,1587,1,11,7,2
2013520301520,1,21,0,18,0,0,0,0,0,0,3,1,1,1,9,-1,-1,-1,6,2
2013520301520,2,11,0,18,0,0,0,0,0,0,3,1,1,1,7,4580,2,4,5,1
2013520301520,3,9,0,18,0,0,0,6,0,0,1,1,6,1,8,2495,2,12,6,3
2013520301536,1,9,0,18,0,0,0,0,0,0,1,1,6,2,6,1299,1,11,8,3
2013520301536,2,9,0,18,0,0,0,0,0,0,1,1,6,1,10,1242,1,1,8,1
2013520301538,1,9,0,16,0,0,5,0,1,3,1,1,6,1,4,973,1,12,4,1
2013520301544,1,9,0,18,0,0,0,0,0,0,1,1,6,2,11,1360,1,11,8,2
2013520301544,2,9,0,18,0,0,0,0,0,0,1,1,6,1,8,1461,2,2,7,2
2013520301547,1,9,0,9,0,8,0,0,0,0,1,1,6,1,8,1997,2,9,6,1
2013520301547,2,5,0,18,0,8,0,0,0,0,1,1,6,1,5,599,1,15,4,1
2013520301584,1,9,0,18,0,0,0,0,1,7,1,1,6,1,5,1124,1,13,6,1
2013520301587,1,9,0,17,0,0,0,0,0,0,1,1,6,1,9,1997,2,5,7,2
2013520301587,2,9,0,16,0,0,0,0,0,0,1,1,6,1,7,-1,-1,-1,9,2
2013520301594,1,9,0,18,0,4,0,0,0,0,1,1,6,1,10,1390,1,5,6,1
2013520301594,2,9,0,3,0,4,0,0,0,0,2,1,6,1,8,1956,2,3,10,2
2013520301607,1,9,0,18,0,0,1,0,0,0,1,1,6,2,7,1242,1,15,5,1
2013520301611,1,9,0,18,0,0,0,0,0,0,1,1,6,1,9,2995,1,11,7,3
2013520301620,1,20,0,16,0,8,0,0,1,10,1,1,6,1,11,-1,-1,-1,10,1
2013520301623,1,9,0,1,0,0,0,0,7,0,1,1,6,1,11,1590,1,10,8,3
2013520301623,2,9,0,2,0,0,0,0,0,0,1,1,6,2,11,1596,1,9,8,3
2013520301623,3,9,0,2,0,0,0,0,0,0,2,1,6,2,8,1598,1,13,8,1
2013520301626,1,9,0,18,0,0,0,0,0,0,4,1,6,2,10,-1,-1,-1,7,1
2013520301626,2,9,0,5,0,0,0,0,0,0,3,1,6,1,7,-1,-1,-1,6,1
2013520301628,1,4,0,15,0,0,0,0,0,0,1,1,6,1,4,49,1,7,3,1
2013520301628,2,9,0,11,0,0,0,0,0,0,2,1,6,2,5,1149,1,11,6,3
2013520301634,1,9,0,2,0,0,0,0,0,0,2,1,6,1,6,1988,1,15,9,1
2013520301634,2,9,0,1,0,0,0,0,0,0,2,1,6,3,-1,-1,-1,-1,-1,-1
2013520301643,1,9,0,18,0,0,1,0,2,7,1,1,6,1,5,1870,2,8,3,1
2013520301643,2,9,0,18,0,0,0,0,0,0,0,1,6,1,9,1242,1,4,4,1
2013520301649,1,9,0,18,0,0,5,0,7,10,1,1,6,1,5,1299,1,14,1,1
2013520301652,1,9,0,18,0,0,0,0,0,0,4,1,6,2,9,1199,2,1,5,3
2013520301655,1,9,0,17,0,0,0,0,0,10,1,1,6,1,4,1124,1,15,9,1
2013520301657,1,9,0,2,0,0,0,0,0,0,4,1,6,1,7,1598,1,6,3,1
2013520301657,2,9,0,18,0,0,0,8,0,0,4,1,6,2,4,1242,1,13,8,1
2013520301659,1,21,0,4,0,0,0,0,0,0,2,1,1,1,8,4461,2,1,7,1
2013520301659,2,21,0,18,0,0,0,0,0,0,4,1,6,1,-1,-1,-1,-1,9,1
2013520301659,3,9,0,18,0,0,0,0,0,0,1,1,6,2,6,1299,1,12,5,1
2013520301661,1,9,0,18,0,0,5,0,0,4,1,1,6,1,5,1396,1,15,6,3
2013520301661,2,9,0,18,0,0,0,0,0,0,1,1,6,1,7,1999,1,12,7,1
2013520301662,1,9,0,18,0,0,0,0,7,4,1,1,6,1,7,1242,1,2,6,2
2013520301665,1,9,0,13,0,0,0,0,0,0,4,1,6,2,6,1896,2,8,8,1
2013520301665,2,1,0,18,0,0,0,0,0,0,3,1,6,2,5,-1,-1,-1,1,1
2013520301666,1,9,0,1,0,0,0,0,0,0,4,1,6,2,11,1364,2,5,7,1
2013520301668,1,9,0,4,0,1,1,0,0,0,1,1,6,1,4,-1,-1,-1,7,1
2013520301668,2,9,0,3,0,1,0,0,0,0,2,1,6,1,8,1598,1,3,7,3
2013520301670,1,9,0,18,0,3,1,0,7,3,1,1,6,1,6,1229,1,1,2,1
2013520301670,2,19,0,18,0,1,0,0,0,0,1,1,6,1,5,1997,2,7,6,1
2013520301671,1,9,0,3,0,0,0,0,0,0,2,1,6,2,7,1598,1,9,6,1
2013520301671,2,9,0,4,0,0,1,0,0,0,1,1,6,2,4,999,1,12,9,2
2013520301673,1,9,0,18,0,0,1,10,7,3,3,1,6,1,6,1997,1,12,4,2
2013520301677,1,9,0,17,0,0,5,0,1,10,1,1,6,2,5,1360,1,12,5,2
2013520301677,2,9,0,2,9,0,0,0,0,0,1,1,6,1,10,1461,2,2,7,3
2013520301683,1,9,0,18,0,0,1,0,7,10,1,1,6,2,8,1390,1,4,6,2
2013520301685,1,2,0,17,0,0,0,0,0,0,0,1,6,1,4,49,1,1,4,3
2013520301686,1,9,0,18,0,1,0,0,0,0,1,1,6,1,8,1582,2,1,8,3
2013520301715,1,20,0,3,0,1,0,0,0,0,2,1,6,1,5,-1,-1,-1,4,1
2013520301715,2,9,0,18,0,1,0,0,0,0,1,1,6,1,7,1995,2,9,-1,-1
2013520301717,1,4,0,13,0,0,0,0,0,0,1,1,6,1,6,125,1,-1,1,1
2013520301717,2,9,0,6,0,0,0,0,0,0,3,1,6,1,5,-1,-1,-1,5,1
2013520301721,1,9,0,16,0,0,0,0,1,0,1,1,6,2,8,1248,2,3,8,1
2013520301723,1,9,0,18,0,0,0,10,0,4,4,1,6,1,8,2400,2,1,10,1
2013520301727,1,9,0,13,0,0,0,0,0,0,3,1,6,2,11,1591,1,-1,5,3
2013520301727,2,9,0,18,0,0,0,0,0,0,1,1,6,1,7,1598,1,11,6,3
2013520301728,1,9,0,4,0,1,0,0,0,0,1,1,6,2,10,-1,-1,-1,10,1
2013520301728,2,9,0,3,0,1,0,0,0,0,2,1,6,2,10,1339,1,11,3,1
2013520301728,3,9,0,3,0,1,0,0,0,0,2,1,6,2,8,1229,1,8,6,2
2013520301750,1,9,0,17,0,8,0,0,0,0,1,1,6,2,5,1086,1,10,4,1
2013520301750,2,9,0,18,0,8,0,0,0,0,1,1,6,2,6,1400,1,13,10,1
2013520301750,3,9,0,18,0,8,0,0,0,0,3,1,6,2,7,1560,2,5,4,1
2013520301753,1,9,0,9,0,8,0,0,0,0,2,1,6,1,8,1597,1,15,6,2
2013520301753,2,9,0,18,0,1,0,0,0,0,1,1,6,1,5,1389,1,16,1,1
2013520301756,1,3,0,18,0,6,0,0,0,0,1,1,6,1,4,125,1,5,7,3
2013520301756,2,19,0,18,0,8,0,0,0,0,3,1,1,1,5,1896,2,4,6,2
2013520301757,1,9,0,14,0,0,0,0,0,0,1,1,6,1,7,1799,1,3,3,1
2013520301757,2,9,0,18,0,0,0,0,0,0,1,1,6,1,7,2435,1,12,4,1
2013520301768,1,9,0,3,0,0,0,0,0,0,2,1,6,1,6,1968,2,8,5,2
2013520301768,2,9,0,3,0,0,0,0,0,0,2,1,6,1,8,1397,1,1,6,1
2013520301768,3,9,0,3,0,0,0,0,0,0,2,1,6,1,6,2000,2,13,5,2
2013520301768,4,9,0,18,0,0,0,0,0,0,1,1,6,1,9,1997,2,3,2,1
2013520301769,1,9,0,18,0,0,0,0,0,0,1,1,6,1,8,799,2,3,7,2
2013520301773,1,9,0,18,0,8,1,10,0,10,4,1,2,1,5,-1,-1,-1,10,1
2013520301773,2,9,0,9,0,8,0,0,0,0,1,1,6,1,4,1600,1,15,9,3
2013520301804,1,9,0,18,0,0,0,0,0,0,4,1,1,1,7,1497,8,8,4,1
2013520301820,1,1,0,18,0,0,0,0,0,0,2,1,2,1,5,-1,-1,-1,3,1
2013520301820,2,9,0,18,0,0,0,0,0,0,1,1,6,2,10,998,1,10,6,2
2013520301833,1,9,0,1,0,0,0,0,0,0,1,1,6,2,5,-1,-1,-1,-1,-1
2013520301846,1,9,0,18,0,0,0,0,0,0,1,1,6,1,6,1598,1,8,3,1
2013520301846,2,9,0,18,0,0,0,0,0,0,1,1,6,2,-1,1560,2,5,9,2
2013520301877,1,9,0,18,0,0,0,0,0,0,1,1,6,3,-1,-1,-1,-1,-1,-1
2013520301879,1,9,0,18,0,0,0,0,0,0,1,1,6,2,8,1388,1,10,7,3
2013520301879,2,9,0,18,0,0,0,10,2,10,3,1,6,1,5,1242,1,10,7,3
2013520301880,1,9,0,17,0,1,2,0,8,0,1,1,6,1,7,1997,2,13,6,3
2013520301883,1,9,0,7,0,5,0,0,0,0,1,1,6,2,7,1896,2,10,7,2
2013520301885,1,21,0,5,0,1,0,0,0,0,0,1,1,1,6,12900,2,1,5,1
2013520301887,1,9,0,16,0,0,1,0,7,10,1,1,6,2,4,1368,1,7,4,3
2013520301899,1,9,0,9,0,8,0,0,0,0,1,1,6,1,8,1997,2,13,3,1
2013520301899,2,1,0,18,0,8,0,0,0,0,1,1,6,1,6,-1,-1,-1,3,1
2013520301931,1,9,0,9,0,8,0,0,0,0,4,1,6,1,5,1896,2,12,6,1
2013520301931,2,9,0,18,0,8,0,0,0,0,1,1,6,2,4,1124,1,10,6,3
2013520301954,1,9,0,9,0,8,0,0,0,0,4,1,6,1,9,-1,-1,-1,10,3
2013520301954,2,9,0,18,0,8,0,0,0,0,4,1,6,1,11,1498,1,6,10,1
2013520301988,1,9,0,8,0,1,0,0,0,0,2,1,6,1,10,1997,2,2,3,1
2013520301988,2,9,0,18,0,1,0,0,0,0,1,1,6,1,6,1900,2,14,-1,-1
2013520302002,1,5,0,18,0,8,1,0,0,0,0,1,6,1,5,599,1,5,6,3
2013520302002,2,9,0,9,0,5,0,0,0,0,0,1,6,1,-1,-1,-1,-1,9,2
2013520302021,1,9,0,17,0,0,1,0,0,0,1,1,6,2,5,1595,1,12,8,3
2013520302021,2,9,0,16,0,0,0,0,1,10,1,1,6,2,6,1783,1,12,9,2
2013520302031,1,9,0,18,0,6,0,0,0,0,1,1,6,2,-1,1388,1,15,3,1
2013520302043,1,9,0,9,0,6,0,0,0,0,1,1,6,1,7,1781,1,12,7,3
2013520302043,2,5,0,18,0,1,2,0,0,0,1,1,6,1,7,1157,1,13,5,1
2013520302049,1,9,0,18,0,0,1,0,0,0,4,1,6,1,4,1124,1,16,6,3
2013520302049,2,9,0,18,0,0,0,0,0,0,1,1,6,1,5,-1,-1,-1,10,1
2013520302051,1,9,0,18,0,0,0,0,1,7,1,1,6,2,6,1587,1,12,5,1
2013520302052,1,19,0,9,0,6,0,0,0,0,1,1,1,1,7,2287,2,3,5,1
2013520302052,2,9,0,18,0,1,0,0,0,0,4,1,6,2,5,998,1,3,3,1
2013520302055,1,9,0,17,0,0,0,0,2,10,1,1,6,2,7,2996,2,18,6,3
2013520302059,1,9,0,18,0,0,0,0,7,3,1,1,6,1,10,1339,1,6,7,2
2013520302061,1,9,0,18,0,1,0,0,0,0,4,1,6,1,5,1598,2,1,5,1
2013520302062,1,9,0,12,0,0,0,0,4,0,1,1,6,2,5,1124,1,12,8,3
2013520302062,2,9,0,13,0,0,0,0,0,0,1,1,6,1,6,1598,1,8,5,1
2013520302068,1,9,0,10,0,6,0,0,0,0,2,1,6,2,9,1796,1,15,3,1
2013520302068,2,9,0,9,0,6,0,0,0,0,1,1,6,1,-1,1364,1,5,-1,-1
2013520302074,1,9,0,16,0,0,0,0,2,10,1,1,6,1,5,2000,1,13,8,3
2013520302076,1,19,0,7,0,5,0,0,7,10,3,1,6,1,5,2198,2,5,5,1
2013520302077,1,9,0,17,0,0,0,0,7,10,1,1,6,2,7,1598,1,13,7,3
2013520302078,1,9,0,3,0,0,0,0,0,0,2,1,6,2,11,2231,2,1,8,1
2013520302078,2,9,0,18,0,0,0,0,0,0,1,1,6,2,4,1398,2,10,3,1
2013520302078,3,9,0,4,0,0,0,0,0,0,2,1,6,1,8,2429,1,6,7,3
2013520302080,1,9,0,18,0,0,0,0,0,0,3,1,6,1,4,-1,-1,-1,8,3
2013520302080,2,9,0,18,0,0,0,0,0,0,3,1,6,1,8,1968,2,5,4,3
2013520302081,1,21,0,7,0,8,5,0,0,0,4,1,6,1,5,-1,-1,-1,6,1
2013520302097,1,9,0,3,0,0,0,0,0,0,1,1,6,2,9,998,1,6,7,1
2013520302097,2,19,0,1,0,0,0,0,0,0,2,1,1,1,7,2287,2,5,6,1
2013520302122,1,9,0,18,0,4,0,0,0,0,2,1,6,2,6,1198,1,2,9,1
2013520302122,2,9,0,18,0,4,0,0,0,0,1,1,6,3,-1,-1,-1,-1,-1,-1
2013520302140,1,9,0,18,0,8,1,0,7,10,1,1,6,1,4,1461,2,7,6,2
2013520302140,2,9,0,9,0,8,0,0,0,0,0,1,6,3,-1,1753,2,7,-1,-1
2013520302181,1,9,0,18,0,0,0,0,0,0,1,1,6,2,9,1198,1,2,7,2
2013520302181,2,9,0,18,0,0,0,0,0,0,1,1,6,1,5,1799,1,5,2,1
2013520302181,3,9,0,2,0,0,0,0,0,0,2,1,6,2,9,1400,1,6,6,3
2013520302184,1,9,0,18,0,0,0,0,0,0,1,1,6,1,4,1199,1,10,7,1
2013520302184,2,9,0,15,0,0,0,0,0,0,1,1,6,1,8,1998,1,6,5,1
2013520302219,1,9,0,16,0,0,1,0,0,0,1,1,6,2,4,1360,1,10,7,3
2013520302219,2,9,0,17,0,0,0,0,1,0,1,1,6,2,6,1587,1,13,3,2
2013520302223,1,9,0,17,0,0,0,0,0,10,1,1,6,1,5,1984,1,13,5,2
2013520302225,1,9,0,11,0,5,5,0,2,10,1,1,6,1,4,1364,1,4,1,1
2013520302227,1,9,0,9,0,8,0,0,0,0,0,1,6,1,11,1390,1,16,4,1
2013520302227,2,9,0,18,0,1,5,0,0,1,1,1,6,1,5,1587,1,12,3,1
2013520302232,1,9,0,18,0,0,0,0,0,0,1,1,6,1,8,-1,-1,-1,6,2
2013520302232,2,9,0,18,0,0,0,0,0,0,1,1,6,1,8,-1,-1,-1,8,3
2013520302265,1,9,0,18,0,0,0,0,0,0,1,1,6,1,5,1229,1,3,2,1
2013520302265,2,1,0,18,0,0,0,0,0,0,1,1,6,2,3,-1,-1,-1,-1,-1
2013520302286,1,9,0,3,0,4,0,0,0,0,2,1,6,1,7,2170,2,8,3,1
2013520302286,2,9,0,5,0,4,0,0,0,0,1,1,6,2,4,1299,1,12,-1,-1
2013520302292,1,9,0,3,0,1,0,0,0,0,2,1,1,2,6,1461,2,3,1,1
2013520302292,2,9,0,3,0,1,0,0,0,0,1,1,6,3,4,-1,-1,-1,-1,-1
2013520302303,1,9,0,18,0,0,0,0,0,0,3,1,6,1,9,1360,1,7,8,3
2013520302303,2,11,0,14,0,0,0,0,0,0,3,1,1,3,-1,-1,-1,-1,-1,-1
2013520302314,1,9,0,18,0,0,0,0,0,0,1,1,6,3,-1,1995,2,11,-1,-1
2013520302314,2,9,0,4,0,0,0,0,0,0,2,1,6,2,4,1390,1,1,8,2
2013520302315,1,9,0,16,0,0,2,0,7,10,1,1,6,1,4,1600,1,13,5,1
2013520302319,1,9,0,18,0,8,0,0,0,0,4,1,6,2,7,3246,1,10,8,3
2013520302319,2,9,0,18,0,8,0,0,0,0,1,1,6,1,6,1997,2,12,9,3
2013520302321,1,9,0,18,0,0,0,0,1,1,1,2,6,1,6,-1,-1,-1,-1,-1
2013520302322,1,9,0,1,0,1,0,0,0,0,2,1,6,1,11,1597,1,26,7,3
2013520302322,2,9,0,2,0,2,0,0,0,0,2,1,1,1,8,1399,2,5,-1,-1
2013520302324,1,9,0,10,0,1,0,0,0,0,2,1,6,2,8,1360,1,12,4,2
2013520302324,2,20,0,18,0,1,0,0,0,0,1,1,6,1,8,-1,-1,-1,8,3
2013520302354,1,9,0,6,0,0,0,0,0,0,1,1,6,2,11,-1,-1,-1,7,3
2013520302354,2,5,0,18,0,0,0,0,0,0,1,1,6,1,4,-1,-1,-1,7,3
2013520302383,1,9,0,4,0,0,0,0,0,0,1,1,6,1,7,3300,1,12,6,3
2013520302383,2,9,0,4,0,0,0,0,0,0,2,1,6,1,6,1198,1,9,3,1
2013520302383,3,9,0,4,0,0,0,0,0,0,2,1,6,1,4,1598,1,3,10,1
2013520302383,4,9,0,4,0,0,0,0,0,0,2,1,6,1,4,1198,1,5,10,1
2013520302394,1,9,0,16,0,0,0,0,0,0,1,1,6,1,9,-1,-1,-1,9,1
2013520302394,2,1,0,16,0,0,0,0,0,0,1,1,6,1,4,-1,-1,-1,5,3
2013520302396,1,9,0,18,0,0,0,0,0,0,1,1,6,1,11,1590,1,12,5,3
2013520302396,2,9,0,18,0,0,0,0,0,0,1,1,6,2,6,1248,1,1,4,1
2013520302401,1,9,0,18,0,0,0,0,0,0,4,1,6,2,9,1597,1,14,4,1
2013520302401,2,1,0,6,0,0,0,0,0,0,1,1,6,1,11,-1,-1,-1,9,2
2013520302407,1,5,0,13,0,8,0,0,0,0,1,1,6,1,7,998,1,9,3,2
2013520302407,2,9,0,9,0,8,0,0,0,0,3,1,6,1,6,996,1,1,6,1
2013520302453,1,2,0,13,0,0,0,0,0,0,1,1,6,1,4,49,1,9,5,1
2013520302453,2,19,0,18,0,0,0,0,0,0,3,1,6,1,-1,-1,-1,-1,-1,-1
2013520302463,1,9,0,18,0,0,0,0,7,4,1,1,6,2,10,996,1,2,3,1
2013520302466,1,9,0,18,0,0,0,10,1,10,1,1,6,1,4,1595,1,23,6,2
2013520302469,1,9,0,16,0,0,0,0,1,0,1,1,6,1,5,1389,1,17,2,1
2013520302470,1,20,4,18,0,0,0,0,0,0,1,2,6,1,8,-1,-1,-1,-1,-1
2013520302470,2,9,0,18,0,0,0,0,0,0,1,1,6,1,11,1596,1,4,4,2
2013520302473,1,9,0,9,0,1,0,0,0,0,0,1,6,2,9,1600,2,3,8,2
2013520302473,2,9,0,18,0,1,0,0,0,0,2,1,6,1,10,1998,1,15,4,1
2013520302473,3,9,0,18,0,1,0,0,0,0,1,1,6,2,5,1360,1,25,4,1
2013520302475,1,20,0,4,0,0,0,0,0,0,0,1,6,1,9,-1,-1,-1,8,3
2013520302475,2,9,0,18,0,0,0,0,0,0,4,1,6,1,10,1997,2,12,3,2
2013520302478,1,9,0,18,0,0,0,0,0,0,4,1,6,1,4,1124,1,10,6,3
2013520302481,1,9,0,18,0,0,0,0,0,0,1,1,6,3,-1,-1,-1,-1,-1,-1
2013520302481,2,5,0,18,0,0,0,0,0,0,1,1,6,1,7,1203,1,6,5,2
2013520302482,1,9,0,18,0,0,0,0,0,0,1,1,6,2,11,1598,1,1,3,1
2013520302482,2,9,0,4,0,0,0,0,0,0,2,1,6,1,11,2143,2,1,7,3
2013520302485,1,19,0,9,0,1,0,0,0,0,2,1,6,1,5,-1,-1,-1,5,1
2013520302485,2,9,0,18,0,1,0,0,0,0,2,1,6,2,5,-1,-1,-1,3,1
2013520302485,3,9,0,18,0,1,0,0,0,0,1,1,6,1,6,-1,-1,-1,8,1
2013520302490,1,9,0,18,0,8,0,0,0,0,4,1,6,2,7,1998,1,9,5,1
2013520302490,2,9,0,9,0,6,0,0,0,0,1,1,6,2,7,1584,1,6,7,1
2013520302502,1,9,0,16,0,0,1,0,7,10,1,1,6,1,7,3600,1,18,4,3
2013520302504,1,9,0,7,0,6,0,0,0,0,3,1,6,2,6,1796,1,7,7,1
2013520302504,2,1,0,18,0,8,0,0,0,0,1,1,6,1,5,-1,-1,-1,4,1
2013520302505,1,9,0,3,0,0,0,0,0,0,2,1,1,1,9,-1,-1,-1,4,1
2013520302505,2,9,0,18,0,0,0,0,0,0,1,1,6,1,6,-1,-1,-1,10,1
2013520302506,1,9,0,16,0,0,0,0,0,0,1,1,4,1,6,-1,-1,-1,5,3
2013520302506,2,11,0,17,0,0,0,0,0,0,1,1,1,2,8,3972,2,17,10,3
2013520302536,1,9,0,17,0,2,0,0,1,10,1,1,6,2,4,1598,1,11,9,3
2013520302537,1,9,0,18,0,1,0,0,0,0,1,1,6,1,10,1598,1,9,5,1
2013520302539,1,20,0,18,0,8,0,0,0,0,4,1,1,1,9,-1,-1,-1,9,1
2013520302539,2,9,0,9,0,6,0,0,0,0,1,1,6,2,6,1796,1,8,5,1
2013520302541,1,9,0,9,0,6,0,0,0,0,1,1,6,2,6,1995,2,12,1,1
2013520302541,2,90,0,18,0,8,0,0,0,0,4,1,6,2,11,-1,-1,-1,8,1
2013520302544,1,9,0,16,0,0,0,0,0,0,1,1,6,2,6,1360,1,13,2,1
2013520302544,2,2,0,17,0,0,0,0,0,0,1,1,6,1,4,50,1,7,7,1
2013520302549,1,9,0,18,0,8,0,0,0,0,1,1,6,1,6,1749,1,8,2,1
2013520302549,2,9,0,9,0,5,0,0,0,0,1,1,6,1,8,1598,7,12,3,1
2013520302550,1,20,0,7,0,8,0,0,0,0,4,1,6,1,8,5880,2,8,3,1
2013520302550,2,1,0,18,0,8,0,0,0,0,1,1,6,1,6,-1,-1,-1,6,1
2013520302552,1,9,0,18,0,8,0,0,0,0,1,1,6,2,8,1360,1,6,4,3
2013520302552,2,9,0,9,0,6,0,0,0,0,4,1,6,1,4,1527,2,15,7,3
2013520302556,1,9,0,18,0,6,0,0,0,0,1,1,6,2,6,1339,1,10,6,3
2013520302556,2,9,0,18,0,8,0,0,0,0,1,1,6,2,-1,1995,2,1,7,3
2013520302556,3,9,0,3,0,1,0,0,0,0,3,1,6,1,-1,1799,1,4,9,1
2013520302561,1,9,0,13,0,1,0,0,0,0,1,1,6,1,10,1199,1,13,6,3
2013520302561,2,9,0,18,0,2,0,0,0,0,3,1,6,2,6,1598,1,14,1,1
2013520302562,1,5,0,18,0,8,0,0,0,0,1,1,6,1,9,998,1,7,7,1
2013520302562,2,9,0,9,0,8,0,0,0,0,3,1,6,1,7,1290,1,14,3,2
2013520302569,1,9,0,18,0,0,0,0,7,4,1,1,6,2,4,1299,1,10,6,3
2013520302572,1,9,0,17,0,0,0,0,0,0,1,1,6,2,5,1834,1,10,4,2
2013520302572,2,9,0,16,0,0,0,0,0,0,1,1,6,1,10,1995,2,11,6,3
2013520302574,1,9,0,18,0,8,0,0,0,0,1,1,6,1,4,1389,1,15,7,1
2013520302574,2,9,0,18,0,8,0,0,0,0,1,1,6,1,6,1753,2,5,3,1
2013520302576,1,9,0,16,0,2,0,0,0,0,1,1,6,1,8,1796,1,11,7,3
2013520302576,2,9,0,17,0,1,0,0,0,0,1,1,6,1,8,-1,-1,-1,5,2
2013520302577,1,9,0,17,0,0,5,10,0,0,3,1,6,1,11,1360,1,20,7,3
2013520302578,1,9,0,18,0,0,5,0,0,0,1,1,6,3,-1,2494,1,16,-1,-1
2013520302578,2,9,0,18,0,0,0,0,8,3,1,1,6,3,-1,-1,-1,-1,-1,-1
2013520302581,1,9,0,18,0,0,0,0,0,0,1,1,6,2,7,2316,1,16,3,2
2013520302583,1,19,0,13,0,8,0,0,0,0,4,1,6,1,6,1896,2,16,5,2
2013520302583,2,9,0,9,0,5,0,0,0,0,3,1,6,1,5,1686,2,6,6,1
2013520302584,1,9,0,4,0,0,0,0,0,0,2,1,6,1,9,1896,2,7,10,1
2013520302584,2,1,0,18,0,0,0,0,0,0,1,1,6,1,3,-1,-1,-1,7,2
2013520302585,1,9,0,14,0,0,0,0,0,0,4,1,6,2,11,1339,1,3,5,2
2013520302585,2,21,0,2,0,0,0,0,0,0,0,1,1,1,8,5880,2,10,-1,-1
2013520302587,1,9,0,18,0,3,0,0,1,10,1,1,6,2,4,1527,2,15,1,1
2013520302587,2,9,0,4,0,1,0,0,0,0,2,1,6,1,6,1995,2,4,9,2
2013520302587,3,9,0,4,0,1,0,0,0,0,1,1,6,2,5,1493,1,18,6,2
2013520302588,1,9,0,16,0,1,0,0,0,10,1,1,6,1,6,1988,2,9,5,1
2013520302589,1,20,0,6,0,1,0,0,0,0,3,1,6,1,7,-1,-1,-1,5,1
2013520302589,2,9,0,18,0,1,0,0,0,0,1,1,6,1,10,1360,1,4,7,3