Accident_Index,Vehicle_Reference,Vehicle_Type,Towing_and_Articulation,Vehicle_Manoeuvre,Vehicle_Location-Restricted_Lane,Junction_Location,Skidding_and_Overturning,Hit_Object_in_Carriageway,Vehicle_Leaving_Carriageway,Hit_Object_off_Carriageway,1st_Point_of_Impact,Was_Vehicle_Left_Hand_Drive?,Journey_Purpose_of_Driver,Sex_of_Driver,Age_Band_of_Driver,Engine_Capacity_(CC),Propulsion_Code,Age_of_Vehicle,Driver_IMD_Decile,Driver_Home_Area_Type
2013520304046,2,9,0,18,0,0,0,0,0,0,1,1,6,2,4,998,1,6,5,2
2013520304051,1,9,0,18,0,1,0,0,0,0,1,1,6,1,11,4973,1,16,7,3
2013520304051,2,1,0,12,0,1,0,0,0,0,2,1,6,1,5,-1,-1,-1,3,1
2013520304052,1,20,0,13,0,0,0,0,0,0,4,1,1,1,6,-1,-1,-1,4,1
2013520304052,2,21,0,18,0,0,0,0,0,0,3,1,1,1,6,5880,2,10,7,2
2013520304054,1,1,0,18,4,8,0,0,0,0,4,1,6,1,4,-1,-1,-1,5,1
2013520304054,2,9,0,10,0,6,0,0,0,0,1,1,6,2,6,-1,-1,-1,-1,-1
2013520304057,1,11,0,18,0,1,0,0,0,0,0,1,1,1,7,4250,2,3,8,3
2013520304059,1,9,0,7,0,6,0,0,0,0,1,1,6,1,9,4172,1,12,6,3
2013520304059,2,5,0,18,0,1,0,0,0,0,4,1,6,1,7,598,1,17,8,2
2013520304070,1,9,0,4,0,3,0,0,0,7,1,1,6,1,5,1910,2,6,5,1
2013520304071,1,9,0,18,0,0,0,0,0,0,1,1,6,2,9,1905,2,15,3,1
2013520304071,2,9,0,4,0,0,0,0,0,0,2,1,6,2,9,1753,2,10,3,3
2013520304071,3,9,0,4,0,0,0,0,0,0,2,1,6,1,7,1994,1,11,3,1
2013520304075,1,9,0,18,0,0,0,0,7,10,1,1,6,1,8,-1,-1,-1,8,2
2013520304075,2,9,0,18,0,0,0,0,0,0,2,1,6,1,7,-1,-1,-1,10,1
2013520304099,1,3,0,18,0,1,1,0,0,0,0,1,6,1,6,1137,1,8,9,1
2013520304099,2,9,0,9,0,6,0,0,0,0,0,1,6,3,-1,999,1,5,-1,-1
2013520304113,1,9,0,18,0,1,0,0,0,0,1,1,6,3,-1,-1,-1,-1,-1,-1
2013520304119,1,9,0,18,0,8,0,0,0,0,1,1,6,1,11,1490,1,6,9,1
2013520304119,2,9,0,18,0,8,0,0,0,0,4,1,6,1,7,2402,2,2,6,3
2013520304133,1,9,0,5,0,0,0,0,0,0,1,1,6,1,10,2544,1,13,2,1
2013520304133,2,9,0,18,0,0,0,0,0,0,1,1,6,1,4,1389,1,18,8,1
2013520304138,1,9,0,4,0,1,0,0,0,0,1,1,6,2,4,1598,1,11,-1,1
2013520304138,2,9,0,3,0,1,0,0,0,0,2,1,6,2,8,1390,1,11,9,3
2013520304138,3,9,0,3,0,1,0,0,0,0,2,1,6,1,8,1951,2,11,9,3
2013520304146,1,5,0,18,0,0,0,0,0,0,1,1,6,1,8,900,1,16,6,2
2013520304176,1,9,0,6,8,0,0,0,0,0,3,1,6,1,6,1968,2,1,7,1
2013520304176,2,5,0,18,0,0,0,0,0,0,1,1,6,1,4,599,1,15,1,1
2013520304189,1,9,0,14,0,0,0,0,0,0,1,1,6,1,10,1598,1,10,6,3
2013520304191,1,9,0,18,0,0,5,0,2,9,1,1,6,2,4,1299,1,12,8,3
2013520304194,1,9,0,18,0,8,0,0,0,0,1,1,6,1,4,1560,2,6,8,1
2013520304194,2,9,0,18,0,8,0,0,0,0,4,1,6,2,4,1360,1,8,10,1
2013520304200,1,9,0,5,0,6,0,0,0,0,1,1,6,1,10,1600,1,9,1,1
2013520304200,2,1,0,18,0,8,0,0,0,0,1,1,6,1,9,-1,-1,-1,10,1
2013520304201,1,9,0,18,0,8,0,0,0,0,1,1,6,2,6,1360,1,12,5,1
2013520304201,2,1,0,18,0,8,0,0,0,0,1,1,6,1,4,-1,-1,-1,3,1
2013520304203,1,9,0,4,0,0,0,0,0,0,2,1,6,2,7,2204,2,7,9,2
2013520304203,2,5,0,18,0,0,0,0,0,0,1,1,6,2,7,-1,-1,-1,5,1
2013520304206,1,9,0,7,0,6,0,0,0,0,1,1,6,1,8,2184,2,8,6,2
2013520304206,2,1,0,9,0,5,0,0,0,0,1,1,6,1,3,-1,-1,-1,6,2
2013520304209,1,11,0,1,0,0,0,0,0,0,2,1,1,1,9,4250,2,3,8,3
2013520304209,2,21,0,3,0,0,0,0,0,0,0,1,1,1,6,11705,2,7,5,3
2013520304216,1,9,0,11,0,8,0,0,0,0,0,1,6,3,-1,-1,-1,-1,-1,-1
2013520304216,2,5,0,18,0,8,0,0,0,0,0,1,6,1,6,649,1,3,5,1
2013520304218,1,9,0,18,0,0,0,0,0,0,1,1,6,1,9,2402,2,5,7,2
2013520304218,2,9,0,18,0,0,0,0,0,0,1,1,6,2,6,-1,-1,-1,8,3
2013520304228,1,19,0,18,0,0,1,0,0,10,1,1,6,1,4,2148,2,5,7,2
2013520304228,2,19,0,18,0,0,0,0,0,0,1,1,6,2,9,1560,2,1,6,3
2013520304234,1,19,0,18,0,0,0,0,0,10,1,1,6,1,6,2198,2,6,1,1
2013520304237,1,9,0,18,0,0,0,0,0,10,1,1,6,2,10,1796,1,14,3,1
2013520304238,1,9,0,18,0,0,0,0,0,0,1,1,6,2,6,1461,2,10,5,1
2013520304241,1,9,0,18,0,8,0,0,0,0,1,1,6,1,4,1596,1,12,3,2
2013520304241,2,9,0,9,0,8,0,0,0,0,1,2,6,2,7,-1,-1,-1,-1,-1
2013520304255,1,9,0,4,0,4,0,0,0,0,2,1,6,1,8,1598,1,7,8,3
2013520304255,2,9,0,4,0,4,0,0,0,0,1,1,6,1,5,-1,-1,-1,8,1
2013520304278,1,19,0,4,0,2,0,0,0,0,1,1,6,1,8,2198,2,3,7,3
2013520304280,1,9,0,7,0,8,0,0,0,0,1,1,6,2,8,973,1,12,7,1
2013520304280,2,5,0,18,0,8,0,0,0,0,1,1,6,1,4,-1,-1,-1,7,1
2013520304294,1,9,0,18,0,4,5,0,0,2,1,1,6,1,5,1679,1,16,6,2
2013520304311,1,9,0,3,0,1,0,0,0,0,2,1,6,1,6,1597,1,11,5,1
2013520304311,2,9,0,18,0,1,0,0,0,0,1,1,6,1,-1,1596,1,9,6,3
2013520304315,1,9,0,7,0,6,0,0,0,0,4,1,6,1,6,-1,-1,-1,6,2
2013520304320,1,9,0,18,0,8,0,0,0,0,1,1,6,1,4,-1,-1,-1,3,1
2013520304320,2,9,0,9,0,8,0,0,0,0,1,1,6,1,6,1242,1,13,3,1
2013520304334,1,1,0,18,0,8,0,0,0,0,1,1,6,1,4,-1,-1,-1,1,1
2013520304334,2,9,0,9,0,8,0,0,0,0,1,1,1,2,8,-1,-1,-1,-1,-1
2013520304340,1,9,0,18,0,0,0,0,0,0,1,1,6,1,8,1686,2,11,7,3
2013520304340,2,9,0,18,0,0,0,0,0,0,1,1,6,2,6,1686,2,7,8,1
2013520304348,1,9,0,9,0,1,0,0,0,0,2,1,6,2,5,1299,1,13,10,1
2013520304348,2,9,0,4,0,1,0,0,0,0,2,1,6,2,7,1985,1,14,7,1
2013520304348,3,9,0,18,0,1,0,0,0,0,1,1,6,2,5,1149,1,14,8,3
2013520304366,1,19,0,2,0,0,0,0,0,0,3,1,6,1,11,-1,-1,-1,4,1
2013520304366,2,22,0,18,0,0,0,0,0,0,1,1,6,1,9,-1,-1,-1,4,1
2013520304373,1,5,0,18,0,1,0,0,0,0,1,1,6,1,7,998,1,1,5,1
2013520304373,2,9,0,9,0,1,0,0,0,0,2,1,6,2,6,1984,1,13,9,1
2013520304376,1,9,0,18,0,0,0,0,0,0,1,1,6,2,10,1598,1,13,7,2
2013520304376,2,9,0,2,0,0,0,0,0,0,2,1,6,2,-1,1339,1,1,4,1
2013520304376,3,9,0,18,0,0,0,10,0,0,0,1,6,1,4,1598,2,2,4,1
2013520304383,1,4,0,18,0,1,1,0,0,0,1,1,6,1,4,-1,-1,-1,5,1
2013520304387,1,19,0,18,0,0,0,0,0,0,0,1,6,1,8,-1,-1,-1,4,1
2013520304407,1,9,0,9,0,5,0,0,0,0,4,1,6,2,7,1991,2,8,5,1
2013520304407,2,1,0,18,0,8,0,0,0,0,1,1,6,1,4,-1,-1,-1,7,3
2013520304408,1,9,0,9,0,4,0,0,0,0,3,1,6,2,10,1299,1,7,10,1
2013520304408,2,1,0,18,0,8,0,0,0,0,1,1,6,1,7,-1,-1,-1,8,2
2013520304410,1,1,0,15,0,8,0,0,0,0,4,1,6,1,9,-1,-1,-1,7,1
2013520304410,2,9,0,9,0,8,0,0,0,0,3,1,6,1,6,-1,-1,-1,-1,-1
2013520304411,1,9,0,4,0,1,0,0,0,0,2,1,6,2,6,5439,1,11,4,1
2013520304411,2,9,0,18,0,1,0,0,0,0,1,1,6,1,4,1149,1,12,3,2
2013520304415,1,3,0,17,0,0,0,0,1,10,1,1,6,1,4,124,1,2,3,1
2013520304415,2,3,0,17,0,0,0,0,0,0,1,1,6,1,4,125,1,2,8,3
2013520304457,1,9,0,18,0,4,0,0,0,0,3,1,6,1,9,4008,1,14,3,1
2013520304457,2,5,0,18,0,4,0,0,0,0,3,1,6,1,6,1137,1,14,10,2
2013520304480,1,9,0,4,0,4,0,0,0,0,1,1,6,1,9,2435,1,12,7,1
2013520304480,2,1,0,18,0,4,0,0,0,0,1,1,6,1,4,-1,-1,-1,6,3
2013520304485,1,9,0,9,0,8,0,0,0,0,1,1,6,1,7,1596,1,-1,-1,-1
2013520304485,2,5,0,18,0,8,0,0,0,0,1,1,6,1,8,250,1,-1,9,3
2013520304492,1,9,0,17,0,0,0,0,0,0,1,1,6,1,6,1998,2,7,7,2
2013520304492,2,9,0,16,0,0,0,0,0,0,1,1,6,1,7,1597,1,16,5,1
2013520304496,1,9,0,18,0,0,1,0,0,3,1,1,6,2,4,1360,1,16,7,3
2013520304516,1,9,0,18,0,0,0,0,0,0,1,1,3,1,6,1598,1,10,7,3
2013520304517,1,9,0,18,0,0,0,0,0,0,2,1,6,3,-1,1332,1,16,-1,-1
2013520304517,2,1,0,18,0,0,0,0,0,0,1,1,6,1,2,-1,-1,-1,8,1
2013520304538,1,1,0,18,0,4,0,0,0,0,1,1,6,2,8,-1,-1,-1,8,1
2013520304538,2,9,0,18,0,4,0,0,0,0,1,1,6,1,10,1598,1,5,5,1
2013520304542,1,19,0,18,0,0,0,0,0,0,1,1,6,3,-1,-1,-1,-1,-1,-1
2013520304542,2,1,0,18,0,0,0,0,0,0,1,1,6,1,5,-1,-1,-1,2,2
2013520304544,1,9,0,18,0,0,5,0,0,0,1,1,6,1,5,998,1,19,5,1
2013520304547,1,9,0,18,0,0,0,0,0,0,1,1,6,1,6,1587,1,6,6,3
2013520304549,1,9,0,18,0,1,0,0,0,0,2,1,6,2,11,998,1,6,6,1
2013520304549,2,9,0,18,0,1,0,0,0,0,1,1,6,1,8,1390,1,10,4,2
2013520304550,1,9,0,18,0,8,0,0,0,0,1,1,6,1,7,2494,1,14,8,3
2013520304550,2,1,0,18,0,8,0,0,0,0,1,1,6,1,3,-1,-1,-1,8,3
2013520304553,1,9,0,18,0,1,0,0,1,10,1,1,6,1,5,1397,1,5,10,3
2013520304553,2,9,0,9,0,6,0,11,0,0,0,1,6,2,5,1598,1,7,6,2
2013520304554,1,20,0,18,0,4,0,0,0,0,1,1,6,1,7,2402,2,8,3,2
2013520304554,2,9,0,4,0,4,0,0,0,0,2,1,6,2,7,1686,2,7,1,1
2013520304556,1,9,0,17,0,8,0,0,0,0,1,1,6,1,7,1991,2,7,10,1
2013520304556,2,5,0,9,0,8,0,0,0,0,1,1,6,1,7,1250,1,4,4,1
2013520304558,1,9,4,9,0,5,0,0,0,0,4,1,6,1,8,-1,-1,-1,7,3
2013520304558,2,9,0,17,0,8,0,0,0,0,1,1,6,1,4,1124,1,10,4,1
2013520304564,1,9,0,3,0,0,0,0,0,0,2,1,6,2,8,1248,2,6,8,1
2013520304564,2,9,0,3,0,0,0,0,0,0,2,1,6,1,7,1968,2,7,7,3
2013520304564,3,9,0,3,0,0,0,0,0,0,2,1,6,1,9,1968,2,1,9,1
2013520304564,4,9,0,4,0,0,1,0,0,0,3,1,6,1,4,1199,1,12,9,1
2013520304578,1,1,0,10,0,8,0,0,0,0,2,1,2,2,9,-1,-1,-1,5,1
2013520304578,2,9,0,10,0,8,0,0,0,0,1,1,6,1,8,-1,-1,-1,-1,-1
2013520304591,1,9,0,18,0,0,0,0,0,0,3,1,6,1,10,-1,-1,-1,6,1
2013520304597,1,9,0,18,0,0,0,10,0,9,1,1,6,1,4,1199,1,14,6,3
2013520304614,1,9,0,8,0,1,0,0,0,0,1,1,6,2,4,1124,1,12,8,1
2013520304614,2,9,0,8,0,1,0,0,0,0,2,1,6,2,8,1248,1,1,7,3
2013520304618,1,9,0,4,0,4,0,0,0,0,1,1,6,1,9,1753,2,5,9,1
2013520304618,2,5,0,3,0,4,0,0,0,0,2,1,6,1,8,1151,1,-1,9,1
2013520304619,1,9,0,18,0,1,0,0,0,0,1,1,6,2,6,1997,1,14,8,2
2013520304619,2,9,0,18,0,1,0,0,0,0,2,1,6,2,6,1461,2,4,7,2
2013520304621,1,9,0,18,0,8,0,0,0,0,1,1,6,1,7,-1,-1,-1,8,1
2013520304621,2,9,0,7,0,8,0,0,0,0,1,1,6,2,7,998,1,12,8,3
2013520304622,1,9,0,16,0,8,0,0,0,0,1,1,6,1,6,-1,-1,-1,6,2
2013520304622,2,9,0,9,0,5,0,0,0,0,3,1,6,1,8,-1,-1,-1,8,3
2013520304627,1,19,0,9,0,1,0,0,0,0,1,1,1,1,8,1753,2,7,-1,-1
2013520304655,1,9,0,18,0,8,5,0,0,0,4,1,6,1,7,998,1,-1,-1,-1
2013520304655,2,19,0,18,0,8,0,0,0,0,1,1,6,1,9,2402,2,7,5,1
2013520304676,1,9,0,5,0,8,0,0,0,0,1,1,6,1,7,4164,2,19,8,3
2013520304679,1,19,0,10,0,0,0,0,7,10,2,1,6,1,9,1248,2,1,7,1
2013520304679,2,20,0,18,0,0,0,0,0,0,1,1,1,1,6,-1,-1,-1,6,1
2013520304684,1,9,0,18,0,0,0,0,0,0,1,1,6,1,9,3311,8,7,7,2
2013520304685,1,9,0,18,0,0,5,0,7,10,1,1,6,1,5,1596,1,10,6,2
2013520304687,1,9,0,9,0,5,0,0,0,0,4,1,6,1,5,1997,2,8,-1,1
2013520304687,2,5,0,18,0,1,0,0,0,0,1,1,6,1,5,748,1,16,3,1
2013520304700,1,9,0,18,0,1,0,0,0,0,3,1,6,2,7,1598,1,17,5,1
2013520304704,1,9,0,18,0,0,0,0,0,0,4,1,6,1,8,1997,2,6,7,1
2013520304704,2,1,0,18,0,0,0,0,0,0,2,1,6,1,8,-1,-1,-1,3,1
2013520304711,1,5,0,17,0,0,0,0,0,0,3,1,6,1,10,-1,-1,-1,6,2
2013520304711,2,9,0,4,0,0,0,0,0,0,1,1,6,3,-1,-1,-1,-1,-1,-1
2013520304712,1,9,0,10,0,1,0,0,0,0,2,1,6,1,8,1595,1,2,5,1
2013520304712,2,9,0,3,0,1,0,0,0,0,2,1,6,1,4,1199,1,9,7,3
2013520304712,3,9,0,18,0,1,0,0,0,0,1,1,6,1,8,1582,2,4,9,1
2013520304712,4,9,0,18,0,1,0,0,0,0,3,1,6,1,10,1689,2,9,10,2
2013520304714,1,8,0,9,0,8,0,0,0,0,3,1,1,1,8,-1,-1,-1,-1,-1
2013520304714,2,1,0,14,0,8,0,0,0,0,1,1,1,1,7,-1,-1,-1,6,1
2013520304719,1,9,0,9,0,8,0,0,0,0,1,1,6,2,7,1396,1,16,9,2
2013520304722,1,9,0,9,0,5,0,0,0,0,1,1,6,1,11,1299,1,7,5,3
2013520304722,2,9,0,18,0,8,0,0,0,0,1,1,6,1,5,1198,1,9,9,2
2013520304722,3,9,0,18,0,1,0,0,0,0,1,1,6,1,7,1998,2,6,7,1
2013520304730,1,9,0,18,0,1,0,0,7,2,1,1,6,1,9,1984,1,14,3,1
2013520304743,1,9,0,9,0,8,0,0,0,0,4,1,6,2,9,1388,1,10,5,1
2013520304743,2,1,0,18,0,8,0,0,0,0,1,1,6,1,3,-1,-1,-1,9,1
2013520304745,1,9,0,17,0,0,0,10,0,0,1,1,6,2,4,998,1,2,7,1
2013520304751,1,9,0,18,0,1,0,0,0,0,1,1,6,2,6,1400,1,13,5,2
2013520304751,2,9,0,9,0,8,0,0,0,0,3,1,6,2,10,1299,1,9,7,2
2013520304753,1,9,0,6,0,0,0,0,0,0,3,1,6,1,11,1998,2,9,9,1
2013520304753,2,9,0,18,0,0,0,0,0,0,1,2,6,2,7,-1,-1,-1,-1,-1
2013520304759,1,9,0,9,0,8,0,0,0,0,3,1,6,1,11,1360,1,9,9,1
2013520304759,2,2,0,16,0,8,0,0,0,0,3,1,6,2,4,49,1,3,5,1
2013520304762,1,9,0,18,0,0,0,0,0,0,1,1,6,1,11,1597,1,18,5,1
2013520304762,2,9,0,18,0,0,0,0,0,0,3,1,6,2,8,1598,2,-1,6,3
2013520304762,3,9,0,18,0,0,0,0,0,0,4,1,6,1,10,1997,2,2,2,1
2013520304765,1,9,0,3,0,0,0,0,0,0,2,1,6,2,6,1560,2,1,8,3
2013520304765,2,9,0,3,0,0,0,0,0,0,2,1,6,1,6,1086,1,5,6,3
2013520304765,3,9,0,18,0,0,0,0,0,0,1,1,6,2,4,1686,2,16,6,3
2013520304766,1,9,0,18,0,4,0,0,0,0,3,1,6,2,8,1956,2,2,7,1
2013520304766,2,9,0,18,0,4,0,0,0,0,1,1,6,3,-1,-1,-1,-1,-1,-1
2013520304768,1,9,0,3,0,1,0,0,0,0,1,1,6,1,4,1149,1,8,3,2
2013520304768,2,9,0,1,0,1,0,0,0,0,2,1,6,1,5,-1,-1,-1,-1,-1
2013520304778,1,9,0,7,0,1,0,0,1,4,1,1,6,1,8,1997,2,14,7,2
2013520304783,1,9,0,17,0,8,0,0,0,0,1,1,6,1,10,1299,1,10,4,2
2013520304783,2,9,0,16,0,8,0,0,0,0,1,1,6,1,8,1997,2,10,4,3
2013520304786,1,19,0,9,0,8,0,0,0,0,3,1,6,1,5,1769,2,15,2,1
2013520304786,2,1,0,18,0,1,0,0,0,0,1,1,6,1,4,-1,-1,-1,7,1
2013520304787,1,9,0,9,7,0,0,0,0,0,2,1,6,1,8,1390,1,16,7,3
2013520304787,2,9,0,18,0,0,0,0,0,2,1,1,6,1,10,1248,1,3,8,3
2013520304789,1,9,0,18,0,0,0,0,0,0,3,1,6,1,11,1984,1,3,9,1
2013520304790,1,9,0,16,0,0,5,0,0,0,1,1,6,2,4,1199,1,13,7,1
2013520304793,1,9,0,3,0,1,0,0,0,0,2,1,6,2,7,1597,1,19,2,1
2013520304793,2,9,0,9,0,1,0,0,0,0,2,1,6,2,6,1598,1,11,5,2
2013520304793,3,9,0,18,0,1,0,0,0,0,1,1,6,2,5,1199,1,11,4,2
2013520304803,1,9,0,17,0,0,0,0,0,0,3,1,6,2,8,2470,2,19,4,3
2013520304803,2,17,4,16,0,0,0,0,0,0,4,1,6,3,-1,-1,-1,-1,-1,-1
2013520304839,1,19,0,18,0,4,0,0,0,0,1,1,6,1,-1,2402,2,10,6,3
2013520304839,2,9,0,3,0,4,0,0,0,0,2,1,6,1,6,1390,1,11,3,1
2013520304839,3,9,0,3,0,4,0,0,0,0,2,1,6,1,6,1794,1,7,8,1
2013520304846,1,9,0,18,0,0,0,0,0,0,1,1,6,3,-1,-1,-1,-1,-1,-1
2013520304864,1,3,0,18,0,8,0,0,0,0,3,1,2,2,4,125,1,1,2,1
2013520304864,2,9,0,11,0,3,0,0,0,0,4,1,6,1,6,-1,-1,-1,-1,-1
2013520304870,1,5,0,18,0,0,0,0,0,0,1,1,6,1,7,599,1,22,8,3
2013520304870,2,9,0,18,0,0,0,0,0,0,1,1,6,1,9,-1,-1,-1,-1,-1
2013520304870,3,9,0,18,0,0,0,0,0,0,3,1,6,2,8,2204,2,5,10,1
2013520304870,4,9,0,18,0,0,0,0,0,0,3,1,6,1,8,1783,1,16,1,1
2013520304871,1,9,0,18,0,1,0,0,0,0,3,1,6,3,-1,1995,2,10,-1,-1
2013520304876,1,1,0,18,0,0,0,0,0,0,4,1,6,1,7,-1,-1,-1,1,1
2013520304876,2,9,0,18,0,0,0,0,0,0,4,1,6,1,7,1560,2,2,9,1
2013520304879,1,9,0,5,0,4,0,0,0,0,2,1,6,1,5,1995,2,8,9,1
2013520304879,2,9,0,18,0,4,0,0,0,0,1,1,6,1,6,1905,2,14,-1,3
2013520304879,3,9,0,18,0,8,0,0,0,0,1,1,6,1,11,1870,2,9,6,3
2013520304882,1,9,0,1,0,0,0,0,0,0,2,1,6,1,4,1124,1,14,8,3
2013520304882,2,9,0,6,0,0,0,0,0,0,1,1,1,1,8,1796,1,13,-1,-1
2013520304900,1,9,0,4,0,3,0,0,0,0,1,1,6,1,6,1560,2,-1,6,3
2013520304900,2,9,0,4,0,3,0,0,0,0,2,1,6,1,6,1399,2,6,6,1
2013520304903,1,5,0,18,0,0,0,0,0,0,1,1,6,1,5,124,1,-1,6,3
2013520304903,2,9,0,18,0,0,0,0,0,0,2,1,6,1,4,1242,1,15,6,3
2013520304904,1,9,0,18,0,0,0,0,0,0,1,1,6,3,-1,-1,-1,-1,-1,-1
2013520304906,1,9,0,18,0,1,0,0,0,0,1,1,6,2,5,998,1,9,3,1
2013520304910,1,1,0,18,0,0,0,0,1,0,1,1,2,2,7,-1,-1,-1,8,1
2013520304910,2,20,4,13,0,0,0,0,0,0,4,1,6,3,-1,-1,-1,-1,-1,-1
2013520304913,1,9,0,18,0,0,0,0,0,0,3,1,6,1,5,1900,2,15,-1,-1
2013520304913,2,9,0,18,0,0,0,0,0,0,3,1,6,1,9,-1,-1,-1,-1,-1
2013520304935,1,9,0,18,0,0,0,0,0,0,1,1,6,2,-1,1390,1,5,6,1
2013520304935,2,9,0,18,0,0,0,0,0,0,2,1,6,1,6,1968,2,1,10,1
2013520304935,3,9,0,18,0,0,0,0,0,0,2,1,6,1,-1,1995,2,1,9,3
2013520304994,1,9,0,2,0,0,0,0,0,0,2,1,1,2,7,1989,1,14,3,1
2013520304994,2,9,0,1,0,0,0,0,0,0,2,1,6,1,10,1248,1,1,-1,-1
2013520305069,1,9,0,18,0,0,0,0,0,0,1,1,6,1,8,-1,-1,-1,6,2
2013520305069,2,9,0,1,0,0,0,0,0,0,2,1,6,1,8,-1,-1,-1,7,3
2013520305088,1,9,0,18,0,0,0,0,0,0,4,1,6,1,11,1598,1,10,4,1
2013520305090,1,9,0,18,0,0,5,10,2,10,1,1,6,2,8,1798,1,6,9,3
2013520305092,1,9,0,17,0,0,0,0,0,0,1,1,6,1,5,1390,1,14,8,2
2013520305092,2,9,0,16,0,0,0,0,0,0,1,1,6,1,9,3000,2,13,2,1
2013520305104,1,9,0,18,0,0,0,0,7,10,1,1,6,1,4,1560,2,9,7,2
2013520305113,1,9,0,18,0,1,0,0,0,0,1,1,6,1,7,998,1,1,8,3
2013520305113,2,9,0,18,0,2,0,0,0,0,1,1,6,2,8,1598,2,2,8,1
2013520305116,1,5,0,18,0,8,0,0,0,0,1,1,6,1,4,124,1,1,6,3
2013520305116,2,9,0,7,0,8,0,0,0,0,3,1,6,2,7,1968,2,6,6,1
2013520305118,1,5,0,17,0,0,0,0,0,0,0,1,6,1,7,998,1,14,6,3
2013520305121,1,9,0,18,0,0,0,0,2,0,2,1,6,1,11,2290,1,17,8,1
2013520305121,2,9,0,18,0,0,0,0,0,0,1,1,6,1,9,1497,8,6,5,1
2013520305175,1,9,0,3,0,2,0,0,0,0,2,1,6,1,11,1999,1,12,6,3
2013520305175,2,9,0,18,0,1,0,0,0,0,1,1,6,2,6,2685,2,9,-1,-1
2013520305192,1,9,0,18,0,1,0,0,0,0,1,1,6,1,11,1339,1,8,9,3
2013520305192,2,1,0,9,0,1,0,0,0,0,2,1,6,1,4,-1,-1,-1,9,1
2013520305199,1,9,0,9,0,8,0,0,0,0,1,1,6,1,8,2720,2,4,3,1
2013520305199,2,5,0,18,0,8,0,0,0,0,1,1,6,1,10,-1,-1,-1,6,2
2013520305224,1,19,0,16,0,1,0,0,0,0,1,1,6,1,5,2148,2,4,9,3
2013520305224,2,9,0,17,0,2,0,0,0,0,1,1,6,1,9,2000,2,3,7,3
2013520305227,1,19,0,18,0,8,0,0,0,0,1,1,6,1,8,1868,2,8,7,3
2013520305227,2,1,0,18,0,8,0,0,0,0,4,1,6,1,7,-1,-1,-1,6,2
2013520305233,1,5,0,17,0,0,0,0,0,0,1,1,6,1,6,399,1,24,-1,-1
2013520305235,1,9,0,18,0,1,0,0,0,0,1,1,6,1,6,1598,1,12,8,1
2013520305235,2,9,0,18,0,1,0,0,0,0,1,1,6,2,7,998,1,12,9,2
2013520305235,3,9,0,9,0,8,0,0,0,0,3,1,6,1,6,2435,1,12,5,1
2013520305257,1,19,0,18,0,0,0,0,0,0,1,1,6,1,9,-1,-1,-1,-1,1
2013520305257,2,9,0,18,0,0,0,0,0,0,2,1,6,1,8,701,1,-1,10,3
2013520305257,3,9,0,18,0,0,0,11,0,0,1,1,6,1,6,2204,2,7,9,1
2013520305257,4,9,0,18,0,0,0,11,0,0,1,1,6,1,6,1560,2,-1,8,1
2013520305266,1,5,0,18,0,8,0,0,0,0,1,1,6,1,10,-1,-1,-1,-1,-1
2013520305266,2,9,0,9,0,8,0,0,0,0,1,1,6,2,5,1896,2,13,7,3
2013520305272,1,9,0,18,0,2,0,0,0,0,1,1,6,2,9,1896,2,6,6,3
2013520305272,2,9,0,18,0,1,0,0,0,0,4,1,6,2,7,1997,2,9,5,1
2013520305272,3,9,0,18,0,1,0,0,0,0,0,1,6,1,6,1753,2,6,7,1
2013520305272,4,9,0,18,0,1,0,0,0,0,2,1,6,2,7,1896,2,14,6,1
2013520305272,5,9,0,18,0,1,0,0,0,0,1,1,6,1,4,1840,1,12,9,3
2013520305286,1,5,0,18,0,0,0,0,0,0,1,1,6,1,5,124,1,6,7,3
2013520305286,2,9,0,4,0,0,0,0,0,0,2,1,6,1,9,1995,2,5,5,1
2013520305286,3,9,0,4,0,0,0,0,0,0,3,1,6,1,10,1461,2,3,7,3
2013520305287,1,9,0,18,0,0,0,0,0,0,1,1,6,2,8,1596,1,11,6,3
2013520305287,2,9,0,18,0,0,0,0,0,0,1,1,6,2,8,1299,1,10,7,1
2013520305287,3,9,0,18,0,0,0,0,0,0,1,1,6,2,8,1364,1,3,6,3
2013520305292,1,9,0,9,0,5,0,0,0,0,2,1,6,1,9,1870,2,15,9,3
2013520305292,2,9,0,13,0,8,0,0,0,0,1,1,6,1,7,1461,2,11,6,3
2013520305294,1,9,0,18,0,0,0,0,7,9,0,1,6,1,4,1360,1,12,8,1
2013520305294,2,9,0,18,0,0,0,0,0,0,0,1,6,1,5,1248,2,8,3,1
2013520305301,1,9,0,18,0,0,0,0,0,0,1,1,6,2,5,1798,1,34,9,3
2013520305301,2,9,0,18,0,0,0,0,0,0,1,1,6,1,4,2993,2,7,5,1
2013520305303,1,2,0,18,0,0,0,0,0,0,0,1,6,1,4,49,1,2,9,2
2013520305338,1,9,0,17,0,0,0,0,0,0,1,1,6,2,7,-1,-1,-1,6,2