Accident_Index,Vehicle_Reference,Vehicle_Type,Towing_and_Articulation,Vehicle_Manoeuvre,Vehicle_Location-Restricted_Lane,Junction_Location,Skidding_and_Overturning,Hit_Object_in_Carriageway,Vehicle_Leaving_Carriageway,Hit_Object_off_Carriageway,1st_Point_of_Impact,Was_Vehicle_Left_Hand_Drive?,Journey_Purpose_of_Driver,Sex_of_Driver,Age_Band_of_Driver,Engine_Capacity_(CC),Propulsion_Code,Age_of_Vehicle,Driver_IMD_Decile,Driver_Home_Area_Type
2013520305338,2,1,0,16,0,0,1,0,0,0,3,1,6,1,3,-1,-1,-1,-1,-1
2013520305355,1,9,0,5,0,4,0,0,0,0,1,1,6,1,8,1998,1,9,8,1
2013520305355,2,1,0,5,0,4,0,0,0,0,1,1,6,1,5,-1,-1,-1,4,1
2013520305371,1,5,0,18,0,0,0,0,0,0,0,1,6,1,4,-1,-1,-1,3,1
2013520305371,2,5,0,18,0,0,0,0,0,0,0,1,6,1,4,-1,-1,-1,5,1
2013520305371,3,5,0,18,0,0,0,0,0,0,0,1,6,1,4,-1,-1,-1,6,1
2013520305381,1,9,0,4,0,1,0,0,0,0,2,1,2,2,5,1498,1,5,2,1
2013520305381,2,9,0,18,0,1,1,0,0,0,1,1,6,3,-1,-1,-1,-1,-1,-1
2013520305395,1,11,0,17,0,0,0,0,0,0,1,1,1,1,8,4580,2,4,6,2
2013520305395,2,5,0,16,0,0,0,0,0,0,1,1,6,1,5,1202,2,4,7,3
2013520305399,1,9,0,9,0,6,1,0,3,10,1,1,6,2,5,1587,1,7,6,2
2013520305400,1,9,0,18,0,0,0,0,7,10,3,1,6,1,8,2720,2,6,9,3
2013520305400,2,9,0,18,0,0,0,0,0,0,3,1,6,1,10,1598,1,12,6,1
2013520305400,3,9,0,18,0,0,0,0,0,0,1,1,6,2,9,1299,1,6,8,1
2013520305402,1,9,0,18,0,1,0,0,0,0,1,1,6,2,8,1988,1,13,4,2
2013520305402,2,9,0,7,0,6,0,0,0,0,1,1,6,2,-1,1339,1,7,9,1
2013520305404,1,9,0,18,0,8,0,0,0,0,3,1,6,1,5,-1,-1,-1,2,1
2013520305404,2,9,0,18,0,8,0,0,0,0,1,1,6,1,5,1598,1,8,7,2
2013520305410,1,5,0,18,0,0,0,0,0,0,1,1,6,1,4,124,1,13,3,1
2013520305410,2,9,0,2,0,0,0,0,0,0,3,1,6,3,-1,-1,-1,-1,-1,-1
2013520305412,1,9,0,12,0,8,0,0,0,0,3,1,6,2,9,1753,2,9,10,2
2013520305412,2,5,0,18,0,8,0,0,0,0,1,1,6,1,8,-1,-1,-1,-1,-1
2013520305413,1,9,0,3,0,4,0,0,0,0,2,1,6,1,8,1590,1,13,8,1
2013520305413,2,1,0,4,0,4,0,0,0,0,1,1,6,1,6,-1,-1,-1,9,1
2013520305418,1,9,0,18,0,8,0,0,0,0,3,1,6,2,10,2987,2,3,10,2
2013520305418,2,5,0,18,0,3,0,0,0,0,1,1,6,1,7,1170,1,2,9,1
2013520305421,1,9,0,7,0,4,0,0,0,0,2,1,6,2,5,1391,1,14,9,3
2013520305421,2,9,0,7,0,4,0,0,0,0,1,1,6,2,5,1299,1,10,5,1
2013520305438,1,9,0,9,0,5,0,0,0,0,3,1,6,1,9,1149,1,5,5,3
2013520305438,2,9,0,3,0,1,0,0,0,0,1,1,6,2,7,1582,2,4,10,3
2013520305438,3,5,0,13,0,1,0,0,0,0,1,1,6,1,5,599,1,18,6,1
2013520305441,1,9,0,16,0,0,0,0,0,0,1,1,6,2,5,1686,2,11,6,3
2013520305441,2,4,0,17,0,0,0,0,0,0,1,1,6,1,7,-1,-1,-1,-1,-1
2013520305442,1,9,0,4,0,8,0,0,0,0,3,1,6,2,9,2979,1,9,5,2
2013520305442,2,9,0,4,0,1,5,10,0,0,1,1,6,1,7,998,1,4,7,3
2013520305444,1,3,0,18,0,0,0,0,0,0,0,1,6,1,4,108,1,5,7,2
2013520305444,2,9,0,18,0,0,0,0,0,0,0,1,6,3,-1,-1,-1,-1,-1,-1
2013520305445,1,9,0,10,0,1,0,0,0,0,2,1,6,1,11,1997,2,12,3,1
2013520305445,2,9,0,18,0,1,0,0,0,0,1,1,6,2,9,1896,2,10,9,1
2013520305447,1,5,0,18,0,0,0,0,0,0,0,1,6,1,7,1050,1,4,6,3
2013520305449,1,9,0,3,0,0,0,0,0,0,4,1,6,2,8,1422,2,9,9,2
2013520305449,2,1,0,18,4,0,0,8,0,0,1,1,6,1,11,-1,-1,-1,3,1
2013520305450,1,9,0,18,0,1,0,10,0,0,1,1,6,1,5,1242,1,11,-1,-1
2013520305451,1,19,0,12,0,8,0,0,0,0,3,2,6,1,5,-1,-1,-1,-1,-1
2013520305451,2,9,0,18,0,8,0,0,0,0,1,1,6,1,6,1997,2,1,6,2
2013520305452,1,1,0,7,0,8,0,0,0,0,3,1,6,2,6,-1,-1,-1,7,1
2013520305452,2,9,0,18,0,6,0,0,0,0,1,1,6,2,9,1360,1,9,3,1
2013520305457,1,9,0,4,0,0,0,0,0,0,2,1,6,2,4,1560,2,8,5,1
2013520305457,2,19,0,18,0,0,0,0,0,0,1,1,6,1,9,1461,2,2,-1,1
2013520305457,3,5,0,18,0,0,0,0,0,0,1,1,6,1,10,750,1,21,-1,1
2013520305461,1,5,0,18,0,8,0,0,0,0,1,1,6,1,8,660,1,2,5,1
2013520305461,2,9,0,9,0,6,0,0,0,0,3,1,6,2,6,1896,2,14,4,1
2013520305462,1,20,0,18,0,0,0,0,0,4,3,1,1,1,8,4250,2,9,5,1
2013520305462,2,20,0,18,0,0,0,0,0,0,3,1,1,1,6,-1,-1,-1,5,1
2013520305474,1,1,0,18,0,8,0,0,0,0,1,1,6,1,3,-1,-1,-1,5,1
2013520305474,2,9,0,9,0,8,0,0,0,0,1,1,6,3,-1,1598,1,8,-1,-1
2013520305477,1,20,0,18,0,1,0,0,0,0,1,1,6,1,9,2799,2,12,6,3
2013520305477,2,9,0,10,0,5,0,0,0,0,2,1,6,2,4,998,1,11,7,1
2013520305479,1,9,0,18,0,0,0,0,0,0,1,1,6,2,7,2179,2,4,8,3
2013520305481,1,9,0,13,0,0,0,0,0,0,4,1,6,2,11,1997,2,9,9,1
2013520305481,2,1,0,18,0,0,0,0,0,0,3,1,6,1,4,-1,-1,-1,5,1
2013520305485,1,9,0,7,0,1,0,0,0,0,2,1,6,2,10,1124,1,15,8,1
2013520305485,2,9,0,4,0,1,0,0,0,0,1,1,6,1,-1,-1,-1,-1,-1,-1
2013520305488,1,9,0,4,0,0,0,0,0,0,1,1,6,3,-1,-1,-1,-1,-1,-1
2013520305489,1,4,0,18,0,0,0,0,0,0,1,1,6,1,6,249,1,18,3,2
2013520305490,1,9,0,7,0,8,0,0,0,0,3,1,6,1,8,1390,1,17,6,2
2013520305490,2,1,0,17,9,8,0,0,3,0,4,1,6,2,2,-1,-1,-1,-1,-1
2013520305492,1,20,0,16,0,0,0,0,0,0,1,1,6,2,5,-1,-1,-1,2,1
2013520305492,2,17,0,17,0,0,0,0,0,0,1,1,1,1,6,6000,2,4,7,3
2013520305495,1,9,4,18,0,0,5,0,0,0,0,1,6,2,5,2500,2,19,-1,3
2013520305497,1,4,0,18,0,0,0,10,0,2,1,1,6,1,6,400,1,20,-1,1
2013520305498,1,9,0,18,0,0,0,0,0,0,1,1,6,1,8,-1,-1,-1,10,1
2013520305498,2,9,0,4,0,0,0,0,0,0,2,1,6,2,7,1560,2,-1,6,3
2013520305500,1,9,0,17,0,0,5,0,8,10,3,1,6,2,7,1998,1,16,9,2
2013520305501,1,9,0,18,0,0,0,0,0,0,1,1,6,2,9,1871,2,8,5,3
2013520305501,2,9,0,18,0,0,0,0,0,0,1,1,6,1,9,1753,2,10,5,3
2013520305502,1,9,0,18,0,0,0,0,0,0,2,1,6,1,8,2495,2,26,5,1
2013520305502,2,9,0,18,0,0,0,0,0,0,1,1,6,2,7,1398,2,6,7,1
2013520305506,1,9,0,18,0,8,0,0,0,0,2,1,6,2,8,2498,2,13,8,3
2013520305506,2,9,0,9,0,8,0,0,0,0,1,1,6,2,6,1598,1,8,6,2
2013520305506,3,9,0,9,0,8,0,0,0,0,1,1,6,1,9,-1,-1,-1,6,3
2013520305506,4,9,0,9,0,1,0,0,0,0,1,1,6,1,7,1753,2,12,6,2
2013520305548,1,9,0,18,0,2,0,0,1,4,1,1,6,1,4,1124,1,10,8,3
2013520305554,1,9,0,10,0,1,0,0,0,0,0,1,6,2,6,995,1,7,7,3
2013520305554,2,9,0,3,0,1,0,0,0,0,2,1,6,1,9,2143,2,1,6,3
2013520305554,3,9,0,18,0,1,0,0,0,0,1,1,6,2,11,1390,1,16,6,2
2013520305555,1,9,0,18,0,0,0,0,0,0,1,1,6,1,5,1753,2,5,-1,-1
2013520305555,2,20,0,18,0,0,0,0,0,0,1,1,1,1,5,-1,-1,-1,6,3
2013520305557,1,5,0,18,0,0,1,0,0,0,0,1,1,1,9,1261,1,7,8,1
2013520305558,1,9,0,18,0,4,0,0,0,0,3,1,6,3,-1,-1,-1,-1,-1,-1
2013520305558,2,1,0,18,0,1,0,0,0,0,2,1,6,1,8,-1,-1,-1,-1,-1
2013520305572,1,9,0,18,0,0,0,0,4,6,3,1,6,1,9,1560,2,8,2,1
2013520305574,1,9,0,18,0,0,0,0,0,0,1,1,6,2,4,-1,-1,-1,6,2
2013520305574,2,9,0,18,0,0,0,0,0,0,1,1,6,1,8,2179,2,6,7,3
2013520305576,1,20,0,18,0,1,5,0,8,10,3,1,1,1,6,2300,2,9,6,1
2013520305577,1,9,0,18,0,8,0,0,0,0,1,1,6,1,8,1229,1,8,8,3
2013520305577,2,9,0,18,0,8,0,0,0,0,3,1,6,1,9,1086,1,3,5,1
2013520305580,1,9,0,18,0,0,1,0,0,0,3,1,6,1,7,2993,2,1,9,1
2013520305580,2,9,0,18,0,0,0,0,0,0,4,1,6,2,6,1299,1,9,8,1
2013520305582,1,9,0,18,0,0,0,0,0,0,1,1,6,1,8,-1,-1,-1,4,1
2013520305583,1,9,0,3,0,1,0,0,0,0,2,1,6,2,9,1332,1,4,5,3
2013520305583,2,9,0,18,0,1,0,0,0,0,1,1,6,2,4,1997,2,11,8,3
2013520305587,1,9,0,4,0,1,0,0,0,0,1,1,6,2,10,1598,1,6,3,1
2013520305587,2,9,0,4,0,1,0,0,0,0,2,1,6,2,7,-1,-1,-1,-1,-1
2013520305592,1,9,0,18,0,8,0,0,0,0,1,1,6,2,8,1398,1,1,9,1
2013520305592,2,9,0,18,0,4,0,0,0,0,3,1,6,1,5,1590,1,17,5,1
2013520305595,1,9,0,9,0,6,0,0,0,0,1,1,6,1,7,-1,-1,-1,7,3
2013520305595,2,20,0,18,0,1,5,0,0,0,1,1,6,2,8,-1,-1,-1,8,3
2013520305600,1,9,0,14,0,1,0,0,0,0,4,1,6,1,10,1997,2,10,8,2
2013520305600,2,9,0,9,0,5,0,0,0,0,1,1,6,2,7,1796,1,2,5,2
2013520305602,1,5,0,16,0,0,0,0,0,0,1,1,6,1,9,1449,1,8,6,1
2013520305602,2,9,0,17,0,0,0,0,0,0,1,1,6,1,10,2776,2,9,7,1
2013520305602,3,5,0,16,0,0,0,0,0,0,1,1,6,1,10,1200,1,5,5,3
2013520305603,1,9,0,18,0,8,0,0,0,0,1,1,6,1,6,1686,2,15,7,3
2013520305603,2,9,0,18,0,8,0,0,0,0,4,1,6,2,7,998,1,5,3,1
2013520305622,1,9,0,18,0,0,0,0,0,0,1,1,6,3,-1,-1,-1,-1,-1,-1
2013520305623,1,5,0,18,0,0,0,0,1,9,1,1,6,1,5,1050,1,8,10,3
2013520305632,1,9,0,18,0,0,0,0,7,1,1,1,6,1,4,1124,1,13,8,2
2013520305633,1,9,0,3,0,4,0,0,0,0,2,1,6,1,6,1242,1,7,7,1
2013520305633,2,9,0,5,0,8,0,0,0,0,0,1,6,3,-1,-1,-1,-1,-1,-1
2013520305633,3,9,0,18,0,4,0,0,0,0,1,1,6,2,6,1391,1,13,5,1
2013520305635,1,9,0,18,0,0,5,10,1,0,1,1,6,2,5,1590,1,10,7,3
2013520305636,1,9,0,17,0,2,5,0,7,1,3,1,6,1,9,1461,2,9,6,1
2013520305637,1,9,0,18,0,0,0,0,0,0,1,1,6,2,5,1896,2,10,3,1
2013520305637,2,20,0,3,0,0,0,0,0,0,2,1,6,1,7,2402,2,8,7,2
2013520305639,1,9,0,18,0,8,0,0,0,0,1,1,6,2,8,-1,-1,-1,5,1
2013520305639,2,1,0,9,0,8,0,0,0,0,1,1,6,1,6,-1,-1,-1,6,1
2013520305644,1,9,3,18,0,0,5,0,0,0,2,1,6,1,8,2199,2,1,-1,2
2013520305644,2,9,0,11,0,0,0,0,0,0,1,1,6,1,9,1398,1,1,2,1
2013520305653,1,5,0,13,0,1,0,0,0,0,1,1,6,1,9,899,1,21,9,3
2013520305653,2,9,0,9,0,8,0,0,0,0,3,1,6,1,7,1598,2,1,9,2
2013520305653,3,9,0,18,0,1,0,0,0,0,0,1,6,1,4,1390,1,14,5,3
2013520305659,1,5,0,18,0,0,0,0,0,0,1,1,6,1,9,644,1,15,6,3
2013520305659,2,9,0,4,0,0,0,0,0,0,2,1,6,1,9,2979,1,4,10,1
2013520305684,1,1,0,18,0,8,0,0,0,0,3,1,1,1,8,-1,-1,-1,6,2
2013520305684,2,9,0,7,0,6,0,0,0,0,1,1,6,1,6,-1,-1,-1,-1,-1
2013520305736,1,9,0,9,0,8,0,0,0,0,1,1,6,2,6,-1,-1,-1,5,3
2013520305736,2,4,0,18,0,8,0,0,0,0,1,1,6,2,7,124,1,5,7,3
2013520305741,1,9,0,18,0,8,0,0,0,0,3,1,6,1,4,988,1,24,8,1
2013520305741,2,9,0,18,0,8,0,0,0,0,1,1,6,1,7,1998,2,10,6,3
2013520305794,1,9,0,9,0,8,0,0,0,0,3,1,6,2,6,1360,1,9,3,1
2013520305794,2,1,0,18,0,8,0,0,0,0,1,1,6,2,6,-1,-1,-1,6,1
2013520305795,1,9,0,1,0,0,0,0,0,0,2,1,6,1,8,1796,7,9,10,1
2013520305796,1,9,0,18,0,0,0,0,0,0,1,1,6,1,6,-1,-1,-1,6,1
2013520305796,2,9,0,18,0,0,0,0,0,0,2,1,6,1,8,1896,2,6,3,1
2013520305797,1,9,0,18,0,0,0,0,0,2,3,1,6,1,4,1590,1,11,7,3
2013520305803,1,9,0,18,0,0,0,0,0,0,3,1,6,2,5,1343,1,12,1,1
2013520305803,2,9,0,9,0,0,0,0,0,0,1,1,6,2,8,1397,1,5,5,3
2013520305806,1,9,0,9,0,6,0,0,0,0,3,1,6,1,10,1951,2,9,8,1
2013520305806,2,5,0,18,0,8,0,0,0,0,1,1,6,1,9,1050,1,3,-1,-1
2013520305808,1,9,0,18,0,0,0,0,7,10,1,1,6,1,11,-1,-1,-1,8,1
2013520305811,1,9,0,18,0,0,0,0,0,0,4,1,6,2,6,1596,1,9,-1,-1
2013520305835,1,4,0,18,0,1,0,0,0,0,1,1,6,1,5,124,1,14,5,1
2013520305835,2,9,0,3,0,1,0,0,0,0,2,1,6,1,8,1598,1,5,6,3
2013520305836,1,9,0,7,0,6,0,0,0,0,1,1,6,2,11,1389,1,8,8,1
2013520305836,2,22,0,18,0,8,0,0,0,0,3,1,6,2,9,-1,-1,-1,3,1
2013520305837,1,9,0,9,0,8,0,0,0,0,1,1,6,1,11,1360,1,3,7,3
2013520305837,2,9,0,18,0,8,0,0,0,0,1,1,6,2,8,1299,1,12,4,2
2013520305880,1,5,0,16,0,0,0,0,0,0,1,1,6,1,8,1170,1,-1,10,3
2013520305902,1,9,0,18,0,0,0,10,7,4,1,1,6,2,4,1198,1,6,4,1
2013520305908,1,9,0,5,0,0,0,0,0,0,1,1,6,2,10,1560,2,1,4,3
2013520305908,2,5,0,18,0,0,0,0,0,0,3,1,6,1,9,750,1,34,4,2
2013520305912,1,9,0,18,0,8,0,0,0,0,1,1,6,2,8,1299,1,8,7,3
2013520305912,2,9,0,9,0,8,0,0,0,0,1,1,6,2,9,998,1,9,6,3
2013520305914,1,1,0,18,0,8,0,0,0,0,1,1,6,1,6,-1,-1,-1,4,1
2013520305914,2,9,0,7,0,8,0,0,0,0,1,1,6,1,8,1360,1,7,-1,-1
2013520305915,1,9,0,18,0,0,0,0,0,0,3,1,6,2,6,1896,2,10,6,2
2013520305915,2,9,0,18,0,0,0,0,0,0,3,1,6,2,10,1339,1,4,10,1
2013520305915,3,9,0,18,0,0,0,0,0,0,3,1,6,1,11,-1,-1,-1,10,2
2013520305931,1,9,0,6,8,0,0,0,0,0,2,1,6,1,9,1995,2,13,7,3
2013520305931,2,5,0,18,0,0,0,0,0,0,1,1,6,1,7,498,1,13,6,3
2013520305934,1,9,0,18,0,3,0,0,0,2,1,1,6,2,8,1242,1,12,8,1
2013520305955,1,9,0,9,0,4,0,0,0,0,1,1,6,1,7,1997,2,11,3,2
2013520305955,2,1,0,18,0,8,0,0,0,0,1,1,6,1,8,-1,-1,-1,9,1
2013520305959,1,9,0,7,0,8,0,0,0,0,0,1,6,3,-1,2982,2,1,-1,-1
2013520305965,1,9,0,2,0,0,0,0,0,0,0,1,6,1,10,1398,2,8,2,1
2013520305965,2,9,0,15,0,0,0,0,0,0,4,1,6,1,9,1951,2,9,-1,-1
2013520305975,1,9,0,7,0,1,0,0,0,0,2,1,6,2,8,1364,1,5,6,1
2013520305975,2,9,0,7,0,1,0,0,0,0,1,1,6,1,8,1968,2,3,7,2
2013520305986,1,5,0,18,0,0,0,0,0,0,1,1,6,1,10,1170,1,3,8,3
2013520305986,2,19,0,18,0,0,0,0,0,0,1,1,6,1,7,2402,2,2,7,2
2013520306011,1,8,0,18,0,4,0,0,0,0,1,1,6,2,7,1560,2,2,-1,-1
2013520306011,2,8,0,18,0,4,0,0,0,0,2,1,6,1,9,-1,-1,-1,8,1
2013520306045,1,9,0,18,0,2,0,0,0,0,1,1,6,1,5,1598,1,10,4,1
2013520306045,2,9,0,2,0,2,0,0,0,0,1,1,6,1,-1,1997,2,7,8,3
2013520306045,3,9,0,2,0,2,0,0,0,0,3,1,6,1,-1,-1,-1,-1,10,1
2013520306061,1,5,0,18,0,8,0,0,0,0,1,1,6,1,5,600,1,10,3,1
2013520306061,2,21,0,9,0,8,0,0,0,0,1,1,6,1,7,-1,-1,-1,3,1
2013520306083,1,9,0,5,0,4,0,0,0,0,4,1,6,3,-1,1124,1,14,-1,-1
2013520306097,1,9,0,9,0,8,0,0,0,0,1,1,6,1,8,1798,1,1,6,3
2013520306097,2,5,0,18,0,8,0,0,0,0,1,1,6,1,9,1170,1,8,4,1
2013520306110,1,9,0,9,0,6,0,0,0,0,1,1,6,2,5,1598,1,11,6,3
2013520306110,2,4,0,18,0,8,0,0,0,0,4,1,6,1,4,124,1,10,5,1
2013520306113,1,9,0,18,0,3,0,0,0,0,3,1,6,1,6,998,1,8,2,1
2013520306113,2,5,0,18,0,3,0,0,0,0,4,1,6,2,7,649,1,3,6,1
2013520306115,1,9,0,9,0,5,0,0,0,0,4,1,6,1,6,954,1,13,7,3
2013520306115,2,4,0,18,0,8,0,0,0,0,1,1,6,1,7,900,1,15,4,1
2013520306117,1,9,0,7,0,6,0,0,0,0,3,1,6,2,6,1989,1,10,4,1
2013520306117,2,1,0,18,0,8,0,0,0,0,4,1,6,1,7,-1,-1,-1,5,1
2013520306130,1,9,0,13,0,0,0,0,0,0,1,1,6,1,7,1984,1,12,9,3
2013520306130,2,9,0,18,0,0,0,0,0,0,3,1,6,1,10,1598,2,1,6,3
2013520306130,3,9,0,18,0,0,0,0,0,0,3,1,6,1,8,1388,1,11,7,1
2013520306135,1,9,0,18,0,0,0,10,1,4,1,1,6,2,5,1364,1,3,-1,1
2013520306136,1,9,0,18,0,0,0,0,0,0,1,1,6,1,9,-1,-1,-1,4,3
2013520306136,2,9,0,18,0,0,0,0,0,0,1,1,6,2,8,-1,-1,-1,-1,-1
2013520306140,1,9,0,7,0,3,0,0,0,0,1,1,6,1,6,2993,2,2,6,3
2013520306140,2,9,0,18,0,4,0,0,0,0,1,1,6,1,7,-1,-1,-1,8,1
2013520306151,1,9,0,18,0,0,0,0,0,0,4,1,6,3,-1,-1,-1,-1,-1,-1
2013520306165,1,9,0,3,0,1,0,0,0,0,4,1,6,1,8,3000,2,17,8,2
2013520306165,2,1,0,18,0,1,0,0,0,0,3,1,6,2,6,-1,-1,-1,-1,-1
2013520306166,1,1,0,18,0,0,0,0,0,0,3,1,6,1,11,-1,-1,-1,8,3
2013520306166,2,9,0,1,0,0,0,0,0,0,2,1,6,1,6,-1,-1,-1,8,3
2013520306181,1,9,0,17,0,0,0,0,0,0,1,1,6,1,7,2198,2,6,7,3
2013520306181,2,9,0,16,0,0,0,0,0,0,1,1,6,1,9,2000,1,7,7,3
2013520306182,1,9,0,3,0,6,0,0,0,0,1,1,6,1,7,-1,-1,-1,3,1
2013520306182,2,1,0,18,0,1,0,0,0,0,1,1,6,1,6,-1,-1,-1,3,1
2013520306201,1,1,0,18,0,8,0,0,0,0,1,1,6,2,4,-1,-1,-1,9,1
2013520306201,2,9,0,9,0,8,0,0,0,0,1,1,6,2,6,1390,1,16,-1,-1
2013520306216,1,9,0,18,0,0,0,0,0,0,2,1,6,1,4,1398,1,-1,5,2
2013520306216,2,9,0,18,0,0,0,0,0,0,1,1,6,1,7,1392,1,14,5,1
2013520306217,1,9,0,4,0,1,0,0,0,0,1,1,6,1,7,1995,1,11,4,1
2013520306217,2,4,0,3,0,1,0,0,0,0,2,1,6,1,6,125,1,5,3,1
2013520306218,1,9,0,16,0,0,0,0,0,0,1,1,6,1,9,1560,2,5,4,3
2013520306218,2,9,0,17,0,0,0,0,0,0,1,1,6,2,8,-1,-1,-1,7,3
2013520306231,1,9,0,5,0,4,0,0,0,0,1,1,6,1,6,1296,1,7,8,1
2013520306231,2,9,0,18,0,8,0,0,0,0,1,1,6,1,7,2967,2,-1,5,1
2013520306240,1,9,0,18,0,0,0,11,0,6,1,1,6,2,8,-1,-1,-1,7,3
2013520306240,2,20,0,18,0,0,0,0,0,0,0,1,6,1,6,6692,2,2,2,1
2013520306241,1,9,0,13,0,0,0,0,0,0,4,1,6,1,6,1598,1,13,3,1
2013520306241,2,9,0,18,0,0,0,0,0,0,3,1,6,2,4,1275,1,20,3,2
2013520306242,1,20,0,13,0,0,2,0,0,6,4,1,1,1,6,-1,-1,-1,2,1
2013520306242,2,20,0,18,0,0,0,0,0,0,3,1,1,1,8,-1,-1,-1,3,1
2013520306244,1,9,0,17,0,0,0,0,0,0,1,1,6,2,10,1992,2,5,7,3
2013520306244,2,9,0,16,0,0,0,0,0,0,1,1,6,1,4,996,1,1,7,3
2013520306247,1,9,0,18,0,0,0,0,0,0,1,1,6,1,6,1242,1,14,-1,-1
2013520306247,2,9,0,2,0,0,0,0,0,0,3,1,6,2,8,1599,1,6,4,1
2013520306249,1,19,0,18,0,0,0,0,0,0,0,1,6,1,9,-1,-1,-1,7,1
2013520306249,2,9,0,18,0,0,0,0,0,0,4,1,6,3,-1,-1,-1,-1,-1,-1
2013520306251,1,9,0,18,0,0,0,0,0,0,1,1,6,2,5,973,1,12,5,1
2013520306251,2,9,0,4,0,0,0,0,0,0,2,1,6,1,10,1329,1,-1,9,1
2013520306264,1,9,0,18,0,8,0,0,0,0,1,1,6,2,8,1896,2,6,8,3
2013520306264,2,9,0,9,0,8,0,0,0,0,1,1,6,2,6,1896,1,17,10,1
2013520306265,1,21,0,18,0,0,0,0,0,0,1,1,6,1,9,10837,2,2,8,2
2013520306265,2,9,0,18,0,0,0,0,0,0,1,1,6,2,4,998,1,13,7,3
2013520306266,1,9,0,18,0,0,0,0,0,0,0,1,6,2,8,1086,1,3,9,2
2013520306268,1,20,0,18,0,0,0,0,0,0,3,1,1,1,6,2461,2,5,2,2
2013520306268,2,9,0,18,0,0,0,0,0,0,3,1,6,1,8,1364,1,6,7,1
2013520306268,3,9,0,18,0,0,0,0,0,0,3,1,6,2,9,1560,2,5,6,3
2013520306268,4,9,0,18,0,0,0,0,0,0,3,1,6,1,6,-1,-1,-1,9,1
2013520306271,1,9,0,18,0,8,5,0,0,0,0,1,6,1,4,1242,1,12,4,2
2013520306276,1,9,0,17,0,0,5,0,1,10,4,1,6,1,6,1299,1,16,2,2
2013520306276,2,9,0,16,0,0,0,0,0,0,1,1,6,1,9,1360,1,7,5,3
2013520306276,3,9,0,4,0,0,0,0,0,0,2,1,6,2,5,1796,1,13,4,3
2013520306280,1,3,0,18,0,8,0,0,0,0,1,1,6,1,7,125,1,5,2,2
2013520306280,2,9,0,9,0,8,0,0,0,0,4,1,6,2,8,1560,2,2,4,1
2013520306281,1,9,0,9,0,2,0,0,0,0,1,1,6,1,6,-1,-1,-1,4,1
2013520306284,1,9,0,18,0,1,0,0,0,0,1,1,6,2,8,1598,1,12,6,1
2013520306284,2,9,0,18,0,1,0,0,0,0,2,1,6,2,6,1587,1,11,7,1
2013520306287,1,9,0,3,0,1,0,0,0,0,2,1,6,1,6,-1,-1,-1,10,1
2013520306287,2,9,0,18,0,1,0,0,0,0,1,1,6,2,6,1598,1,11,5,1
2013520306290,1,9,0,18,0,0,0,0,0,0,1,1,6,1,8,-1,-1,-1,6,1
2013520306290,2,9,0,18,0,0,0,0,0,0,1,1,6,2,4,1242,1,5,9,2
2013520306291,1,9,0,17,0,2,0,6,0,0,1,1,6,2,6,998,1,11,3,1
2013520306308,1,9,0,4,0,0,0,0,0,0,2,1,6,2,8,1086,1,8,-1,1
2013520306308,2,9,0,18,0,0,0,0,0,0,1,1,2,1,6,1997,2,14,-1,-1
2013520306323,1,9,0,1,9,0,0,0,0,0,4,1,6,2,6,1149,1,2,-1,-1
2013520306331,1,5,0,18,0,2,0,12,0,0,1,1,2,1,8,1700,1,2,4,1
2013520306359,1,5,0,18,0,0,0,10,0,0,1,1,6,1,5,599,1,14,5,2
2013520306361,1,9,0,3,0,1,0,0,0,0,2,1,1,2,4,1199,2,-1,5,2
2013520306361,2,9,0,18,0,1,1,0,0,0,1,1,6,1,4,1199,1,10,-1,-1
2013520306372,1,9,0,18,0,2,0,0,0,0,3,1,3,1,7,1560,2,5,6,3
2013520306372,2,9,0,5,0,2,0,0,0,0,4,1,1,1,7,-1,-1,-1,3,1
2013520306378,1,9,0,1,0,0,0,0,0,0,2,1,6,2,-1,-1,-1,-1,7,3
2013520306411,1,9,0,8,0,1,0,0,0,0,1,1,6,1,10,1390,1,1,6,1
2013520306411,2,9,0,8,0,1,0,0,0,0,2,1,6,2,9,1560,2,5,4,1
2013520306415,1,9,0,18,0,0,0,0,0,0,1,1,6,2,7,1896,2,5,6,3
2013520306435,1,9,0,2,0,0,0,0,0,0,3,1,6,2,7,4999,1,3,7,3
2013520306435,2,9,0,18,0,0,0,8,0,0,1,1,6,3,-1,-1,-1,-1,-1,-1
2013520306436,1,9,0,18,0,0,0,0,0,0,2,1,6,1,8,1560,2,-1,4,1
2013520306436,2,9,0,18,0,0,0,0,0,0,1,1,6,2,6,1339,1,8,-1,-1
2013520306437,1,9,0,18,0,3,0,0,0,0,2,1,6,2,7,-1,-1,-1,6,3
2013520306437,2,21,0,18,0,3,0,0,0,0,1,1,6,1,7,12777,2,6,7,2
2013520306439,1,9,0,18,0,8,0,0,0,0,1,1,6,1,5,1796,1,11,3,1
2013520306441,1,9,0,9,0,1,0,0,0,0,1,1,6,2,10,998,1,13,2,1
2013520306441,2,9,0,2,0,2,0,0,0,0,2,1,6,2,-1,2993,2,2,2,1