Accident_Index,Vehicle_Reference,Vehicle_Type,Towing_and_Articulation,Vehicle_Manoeuvre,Vehicle_Location-Restricted_Lane,Junction_Location,Skidding_and_Overturning,Hit_Object_in_Carriageway,Vehicle_Leaving_Carriageway,Hit_Object_off_Carriageway,1st_Point_of_Impact,Was_Vehicle_Left_Hand_Drive?,Journey_Purpose_of_Driver,Sex_of_Driver,Age_Band_of_Driver,Engine_Capacity_(CC),Propulsion_Code,Age_of_Vehicle,Driver_IMD_Decile,Driver_Home_Area_Type
2013521301105,2,9,0,2,0,0,0,0,0,0,3,1,6,3,-1,1389,1,15,-1,-1
2013521301111,1,9,0,18,0,6,0,0,0,0,1,1,6,1,9,1796,1,5,5,1
2013521301111,2,9,0,18,0,8,0,0,0,0,1,1,6,1,8,-1,-1,-1,3,1
2013521301117,1,9,0,18,0,8,0,0,0,0,1,1,6,1,11,1197,1,3,9,1
2013521301117,2,1,0,18,0,8,0,0,0,0,2,1,6,1,7,-1,-1,-1,9,1
2013521301122,1,9,0,18,0,0,0,0,0,0,3,1,2,1,7,998,1,5,10,1
2013521301122,2,8,0,18,0,0,0,0,0,0,3,1,6,3,-1,-1,-1,-1,-1,-1
2013521301123,1,9,0,4,0,4,0,0,0,0,2,1,6,2,5,1242,1,14,4,1
2013521301123,2,19,0,18,0,4,0,0,0,0,1,1,6,1,-1,-1,-1,-1,-1,-1
2013521301131,1,9,0,18,0,6,0,0,0,0,3,1,6,1,7,-1,-1,-1,-1,-1
2013521301131,2,9,0,18,0,8,0,0,0,0,4,1,6,2,7,2497,1,16,1,1
2013521301135,1,9,0,18,0,8,0,0,0,0,1,1,6,3,-1,-1,-1,-1,-1,-1
2013521301135,2,1,0,9,0,6,0,0,0,0,3,1,6,2,4,-1,-1,-1,3,1
2013521301136,1,9,0,18,0,0,0,0,0,0,1,1,6,1,6,2184,2,4,6,3
2013521301141,1,9,0,7,0,3,0,0,0,0,1,1,6,3,-1,-1,-1,-1,-1,-1
2013521301141,2,1,0,18,0,8,0,0,0,0,1,1,6,2,6,-1,-1,-1,6,1
2013521301142,1,19,0,18,0,2,0,0,0,0,1,1,6,1,5,-1,-1,-1,5,1
2013521301147,1,9,0,12,0,3,0,0,0,0,3,1,6,1,6,-1,-1,-1,1,1
2013521301147,2,11,2,18,0,3,0,0,0,0,4,1,1,1,6,9360,2,6,1,1
2013521301152,1,9,0,18,0,6,0,0,0,0,4,1,6,1,8,1796,1,10,2,1
2013521301152,2,9,0,18,0,5,0,0,0,0,3,1,6,2,10,1596,1,3,6,2
2013521301157,1,9,0,7,0,5,0,0,0,0,4,1,6,1,9,-1,-1,-1,8,2
2013521301157,2,1,0,18,0,1,0,0,0,0,3,1,6,1,6,-1,-1,-1,8,1
2013521301159,1,9,0,1,0,8,0,0,0,0,3,1,6,1,6,1968,2,1,7,1
2013521301159,2,9,0,3,0,8,0,0,0,0,0,1,6,1,9,2987,2,6,6,1
2013521301161,1,9,0,18,0,8,0,0,1,0,2,1,6,2,6,1596,1,10,2,1
2013521301161,2,9,0,18,0,8,0,0,0,0,1,1,6,2,5,-1,-1,-1,4,3
2013521301162,1,9,0,1,9,6,0,0,0,0,2,1,6,3,-1,-1,-1,-1,-1,-1
2013521301164,1,9,0,18,0,4,0,0,0,0,1,1,6,2,7,-1,-1,-1,4,1
2013521301164,2,1,0,18,0,8,0,0,0,0,4,1,6,1,7,-1,-1,-1,9,1
2013521301170,1,9,0,2,0,2,0,0,0,0,2,1,1,1,7,-1,-1,-1,8,2
2013521301170,2,1,0,11,0,2,0,4,1,0,1,1,6,1,4,-1,-1,-1,10,1
2013521301171,1,2,0,18,0,1,0,0,0,0,3,1,6,1,4,-1,-1,-1,4,1
2013521301171,2,2,0,18,0,1,0,0,0,0,4,1,6,1,4,125,1,6,1,1
2013521301171,3,9,0,4,0,1,0,0,0,0,0,1,6,1,5,-1,-1,-1,-1,-1
2013521301172,1,9,0,18,0,2,0,0,0,0,3,1,6,2,6,1796,1,12,4,1
2013521301172,2,9,0,9,0,1,0,0,0,0,4,1,6,1,10,1498,1,12,10,1
2013521301174,1,9,5,18,0,0,0,0,0,0,1,1,6,3,-1,-1,-1,-1,-1,-1
2013521301174,2,1,0,18,0,0,0,0,0,0,4,1,6,2,7,-1,-1,-1,2,1
2013521301177,1,11,0,18,0,0,0,0,0,0,4,1,1,1,7,-1,2,18,1,1
2013521301192,1,1,0,18,0,0,0,0,0,0,2,1,6,1,8,-1,-1,-1,4,1
2013521301192,2,9,0,18,0,0,0,0,0,0,1,1,6,3,-1,-1,-1,-1,-1,-1
2013521301194,1,9,0,2,0,0,0,0,0,0,2,1,6,3,-1,-1,-1,-1,-1,-1
2013521301194,2,9,0,1,0,0,0,0,1,10,2,1,6,2,11,1598,1,5,7,1
2013521301204,1,9,0,18,0,4,0,0,0,0,1,1,6,1,5,1149,1,11,2,1
2013521301204,2,1,0,18,0,8,0,0,0,0,1,1,6,2,8,-1,-1,-1,8,1
2013521301211,1,9,0,18,0,0,0,0,0,0,1,1,6,1,5,-1,-1,-1,7,2
2013521301211,2,19,0,18,0,0,0,0,0,0,1,1,6,1,8,2148,2,7,6,1
2013521301211,3,9,0,3,0,0,0,0,0,0,2,1,6,1,9,1560,2,2,9,1
2013521301211,4,9,0,3,0,0,0,0,0,0,2,1,6,2,7,1598,1,8,10,1
2013521301223,1,8,0,11,7,0,0,0,0,0,4,1,1,1,8,2987,2,6,4,1
2013521301223,2,1,0,15,7,0,0,0,0,0,1,1,6,1,5,-1,-1,-1,3,1
2013521301229,1,9,0,9,0,5,0,0,0,0,1,1,6,3,-1,1799,1,2,-1,-1
2013521301229,2,1,0,18,0,8,0,0,0,0,1,1,6,1,6,-1,-1,-1,6,1
2013521301237,1,9,0,18,0,0,0,0,0,0,1,1,6,2,11,1229,1,7,9,1
2013521301237,2,9,0,3,0,0,0,0,0,0,2,1,6,1,8,1587,1,10,2,1
2013521301237,3,9,0,3,0,0,0,0,0,0,4,1,6,2,8,1985,1,15,8,1
2013521301239,1,9,0,18,0,0,0,0,0,0,4,1,6,1,10,1997,2,6,10,1
2013521301244,1,19,0,1,0,1,0,0,0,0,2,1,1,1,8,2148,2,4,4,1
2013521301245,1,9,0,9,0,5,0,0,0,0,3,1,2,1,8,1364,1,7,6,1
2013521301245,2,2,0,14,0,8,0,0,0,0,1,1,6,1,4,-1,-1,-1,-1,-1
2013521301261,1,1,0,18,0,8,0,0,0,0,4,1,2,1,6,-1,-1,-1,-1,1
2013521301261,2,9,0,5,0,6,0,0,0,0,1,1,6,2,7,1061,1,8,10,1
2013521301265,1,9,0,9,0,6,0,0,0,0,1,1,6,1,11,1242,1,1,9,1
2013521301265,2,9,0,17,0,8,0,0,0,0,4,1,1,2,8,1600,2,4,5,1
2013521301267,1,1,0,18,0,8,0,0,0,0,1,1,6,1,8,-1,-1,-1,1,1
2013521301267,2,9,0,7,0,4,0,0,0,0,1,1,6,2,6,1299,1,11,6,1
2013521301268,1,9,0,9,0,8,0,0,0,0,1,1,6,1,7,1753,2,7,10,1
2013521301268,2,9,0,18,0,8,0,0,0,0,4,1,1,1,9,2494,2,1,9,3
2013521301273,1,9,0,18,0,1,0,0,0,0,1,1,6,1,-1,1560,2,1,7,1
2013521301273,2,9,0,3,0,1,0,0,0,0,2,1,6,1,8,1956,2,2,5,2
2013521301274,1,9,0,3,0,0,0,0,0,0,1,1,6,2,6,1997,1,9,1,1
2013521301274,2,9,0,1,0,0,0,0,0,0,2,1,6,1,5,998,1,14,10,1
2013521301278,1,9,0,18,0,8,0,0,0,0,1,1,6,1,8,1598,1,11,7,1
2013521301278,2,9,0,9,0,6,0,0,0,0,1,1,6,2,7,1896,2,9,7,1
2013521301281,1,9,0,18,0,2,0,0,0,0,4,1,6,2,6,1988,1,13,6,1
2013521301290,1,17,4,16,0,3,0,0,0,0,3,1,1,1,5,6728,2,2,8,3
2013521301290,2,9,0,17,0,1,0,0,0,0,1,1,6,1,8,1397,1,6,10,1
2013521301295,1,9,0,5,0,4,0,0,0,0,1,1,6,2,6,998,1,1,7,1
2013521301295,2,1,0,18,0,8,0,0,0,0,2,1,6,1,9,-1,-1,-1,2,1
2013521301296,1,9,0,1,0,1,0,0,0,0,2,1,6,1,11,1769,1,11,1,1
2013521301296,2,9,0,2,0,1,0,0,0,0,4,1,6,2,7,1086,1,7,6,1
2013521301299,1,9,0,18,0,0,5,0,0,0,4,1,6,2,5,1149,1,10,7,1
2013521301300,1,9,0,5,0,6,0,0,0,0,1,1,6,2,9,2497,1,5,6,1
2013521301300,2,1,0,17,0,8,0,0,0,0,1,1,6,1,8,-1,-1,-1,7,1
2013521301304,1,9,0,9,0,6,0,0,0,0,0,1,6,2,9,1560,2,7,4,1
2013521301308,1,9,0,18,0,8,0,0,0,0,1,1,6,1,7,-1,-1,-1,7,1
2013521301308,2,9,0,9,0,6,0,0,0,0,1,1,6,3,6,-1,-1,-1,-1,-1
2013521301315,1,9,0,17,0,8,0,0,0,0,1,1,1,2,7,1560,2,2,1,1
2013521301315,2,9,0,16,0,8,0,0,0,0,0,1,6,3,-1,-1,-1,-1,-1,-1
2013521301315,3,9,0,13,0,8,0,0,0,0,1,1,6,1,5,1783,1,12,6,1
2013521301318,1,9,0,18,0,8,0,0,0,0,1,1,6,1,8,1797,8,3,7,2
2013521301318,2,9,0,3,0,8,0,0,0,0,2,1,6,2,5,1149,1,12,7,3
2013521301320,1,9,0,9,0,6,0,0,0,0,1,1,6,2,5,998,1,6,2,1
2013521301320,2,1,0,18,0,4,0,0,0,0,1,1,6,1,6,-1,-1,-1,9,1
2013521301327,1,9,0,9,0,8,0,0,0,0,3,1,6,2,7,1390,1,15,2,1
2013521301327,2,9,0,7,0,6,0,0,0,0,1,1,6,1,-1,1995,2,8,-1,-1
2013521301331,1,9,0,18,0,3,0,0,0,0,1,1,6,1,8,1686,2,1,5,1
2013521301331,2,1,0,18,0,8,0,0,0,0,1,1,6,1,8,-1,-1,-1,9,1
2013521301333,1,9,0,3,0,8,0,0,0,0,2,1,1,2,7,1124,1,12,9,1
2013521301333,2,9,0,13,0,8,0,0,0,0,1,1,6,3,-1,1242,1,11,-1,-1
2013521301334,1,9,0,17,0,0,0,0,0,0,3,1,6,3,-1,-1,-1,-1,-1,-1
2013521301335,1,9,0,18,0,0,0,0,1,0,1,1,6,2,11,1242,1,13,4,1
2013521301335,2,9,0,3,0,0,0,0,0,0,2,1,6,2,5,1587,1,12,1,1
2013521301335,3,9,0,3,0,0,0,0,0,0,4,1,6,1,7,1686,2,9,1,1
2013521301335,4,9,0,3,0,0,0,0,0,0,4,1,6,2,6,1560,2,4,4,1
2013521301337,1,9,0,2,0,0,0,4,0,0,2,1,6,2,9,1390,1,2,7,1
2013521301337,2,9,0,18,0,0,0,0,0,0,1,1,6,2,6,1396,1,12,1,1
2013521301343,1,9,0,18,0,8,0,0,0,0,1,1,6,2,6,-1,-1,-1,9,1
2013521301343,2,9,0,18,0,8,0,0,0,0,3,1,6,1,6,-1,-1,-1,9,1
2013521301343,3,9,0,18,0,8,0,0,0,0,1,1,1,1,7,2231,2,6,2,1
2013521301349,1,9,0,11,0,0,0,4,0,0,1,1,6,2,6,1339,1,7,4,1
2013521301349,2,9,0,2,0,0,0,0,0,0,2,1,6,2,6,2987,2,7,5,1
2013521301349,3,9,0,2,0,0,0,0,0,0,3,1,6,2,9,973,1,10,5,1
2013521301358,1,9,0,4,0,1,0,0,0,0,3,1,6,1,4,1596,1,11,6,1
2013521301361,1,9,0,7,0,6,0,0,0,0,3,1,6,1,6,-1,-1,-1,3,1
2013521301361,2,1,0,18,0,8,0,0,0,0,2,1,6,1,5,-1,-1,-1,-1,-1
2013521301362,1,9,0,9,0,5,0,0,0,0,1,1,6,1,9,1390,1,9,6,1
2013521301362,2,9,0,18,0,8,0,0,0,0,1,1,6,2,8,1590,1,12,10,1
2013521301372,1,9,0,18,0,0,0,0,0,0,1,1,6,1,6,1998,1,12,7,1
2013521301397,1,9,0,18,0,3,0,0,3,0,1,1,6,1,6,1798,1,8,-1,-1
2013521301397,2,9,0,18,0,8,0,0,0,0,2,1,6,3,-1,-1,-1,-1,-1,-1
2013521301404,1,9,0,18,0,8,0,0,0,0,1,1,6,2,5,1390,1,4,4,1
2013521301404,2,9,0,18,0,6,1,0,0,0,3,1,6,2,7,1596,1,11,7,3
2013521301404,3,9,0,10,0,1,0,0,0,0,4,1,6,1,8,1840,1,12,8,1
2013521301406,1,9,0,9,0,2,0,0,0,0,1,1,6,3,-1,-1,-1,-1,-1,-1
2013521301411,1,9,0,18,0,2,0,0,0,0,1,1,6,1,7,-1,-1,-1,7,1
2013521301415,1,9,0,18,0,0,0,0,0,0,2,1,6,1,7,-1,-1,-1,5,3
2013521301415,2,9,0,18,0,0,1,0,1,7,1,2,6,2,9,1997,1,9,6,1
2013521301424,1,9,0,18,0,2,0,0,0,0,1,1,6,1,8,-1,-1,-1,3,1
2013521301424,2,9,0,4,0,2,0,0,0,0,2,1,6,1,9,-1,-1,-1,9,1
2013521301432,1,9,0,16,0,0,0,0,7,11,1,1,6,1,5,1364,1,8,4,1
2013521301433,1,9,0,18,0,0,0,0,0,0,1,1,6,2,8,1598,1,14,2,1
2013521301435,1,9,0,9,0,5,0,0,0,0,4,1,6,1,8,-1,-1,-1,7,1
2013521301435,2,5,0,18,0,8,0,0,0,0,1,1,6,1,7,599,1,14,4,1
2013521301436,1,9,0,18,0,0,0,0,1,10,1,1,6,1,8,1587,1,16,8,1
2013521301436,2,9,0,18,0,0,0,0,0,0,1,1,6,1,7,1493,1,18,8,2
2013521301436,3,9,0,18,0,0,0,0,0,0,1,1,6,2,7,1229,1,6,8,1
2013521301437,1,9,0,18,0,1,0,0,0,0,1,1,6,2,4,1198,1,5,6,3
2013521301437,2,9,0,4,0,1,0,0,0,0,2,1,6,1,6,2204,2,9,4,1
2013521301438,1,1,0,16,0,2,0,0,0,0,1,1,6,1,5,-1,-1,-1,8,3
2013521301438,2,9,0,17,0,1,0,0,0,0,1,1,6,1,8,1995,2,1,-1,1
2013521301444,1,9,0,15,0,0,2,0,7,9,2,1,6,1,5,1800,1,17,7,1
2013521301444,2,9,0,18,0,0,0,0,0,0,1,1,6,1,4,1199,1,10,10,2
2013521301447,1,9,0,16,0,0,1,0,1,10,4,1,6,1,9,3996,1,14,10,1
2013521301451,1,19,0,9,0,5,0,0,0,0,4,1,6,1,6,2402,2,9,4,1
2013521301451,2,9,0,4,0,1,1,0,0,0,1,1,6,1,6,1753,2,12,7,3
2013521301454,1,19,0,7,0,5,0,0,0,0,4,1,6,1,7,1896,2,5,7,1
2013521301454,2,1,0,18,2,8,0,0,0,0,1,1,6,1,5,-1,-1,-1,-1,-1
2013521301463,1,9,0,10,0,1,0,0,0,0,2,1,6,2,6,1086,1,10,8,1
2013521301463,2,9,0,10,0,1,0,0,0,0,2,1,6,2,6,1596,1,6,-1,-1
2013521301463,3,9,0,9,0,1,0,0,0,0,1,1,6,1,7,2000,2,3,-1,-1
2013521301463,4,9,0,10,0,1,0,0,0,0,0,1,6,1,7,1762,1,17,6,1
2013521301466,1,9,0,18,0,8,0,0,0,0,1,1,6,1,8,1998,2,9,9,1
2013521301466,2,1,0,9,0,6,0,0,0,0,3,1,6,1,6,-1,-1,-1,2,1
2013521301467,1,9,0,18,0,1,0,0,0,0,1,1,6,2,7,1896,2,6,7,1
2013521301467,2,9,0,3,0,1,0,0,0,0,2,1,6,1,6,1995,2,4,3,1
2013521301469,1,9,0,10,0,8,0,0,0,0,2,1,6,2,4,1360,1,4,9,2
2013521301469,2,9,0,18,0,8,0,0,0,0,1,1,6,1,8,1248,2,1,7,1
2013521301470,1,9,0,1,0,1,0,0,0,0,2,1,6,3,-1,1560,2,2,-1,-1
2013521301478,1,9,0,18,0,0,0,0,0,0,1,1,6,1,9,1392,1,13,4,1
2013521301478,2,9,0,2,0,0,0,0,0,0,0,1,6,3,-1,-1,-1,-1,-1,-1
2013521301478,3,9,0,2,0,0,0,0,0,0,0,1,6,3,-1,-1,-1,-1,-1,-1
2013521301480,1,9,0,18,0,8,0,0,0,0,1,1,6,1,5,1956,2,4,1,1
2013521301485,1,9,0,18,0,0,0,0,0,0,4,1,6,1,6,1997,2,8,8,1
2013521301490,1,9,0,18,0,0,0,0,2,4,4,1,6,2,5,1299,1,14,7,3
2013521301491,1,9,0,9,0,8,0,0,0,0,3,1,6,1,6,1781,1,12,8,1
2013521301491,2,2,0,9,0,8,0,0,0,0,1,1,6,1,10,49,1,5,6,1
2013521301492,1,9,0,3,0,0,0,0,0,0,3,1,6,1,4,-1,-1,-1,8,1
2013521301492,2,9,0,18,0,0,0,0,0,0,1,1,6,3,-1,-1,-1,-1,-1,-1
2013521301495,1,9,0,18,0,0,0,0,0,0,4,1,6,2,9,796,1,6,4,1
2013521301499,1,1,0,18,0,0,0,0,0,0,1,1,6,1,4,-1,-1,-1,-1,-1
2013521301503,1,3,0,18,0,8,0,0,0,0,1,1,6,1,7,124,1,5,4,1
2013521301503,2,9,0,18,0,6,0,0,0,0,1,1,6,1,4,1229,1,5,1,1
2013521301508,1,9,0,18,0,6,0,0,0,0,4,1,2,2,5,998,1,3,8,1
2013521301508,2,1,0,18,0,8,0,0,0,0,1,1,1,1,5,-1,-1,-1,2,1
2013521301512,1,9,0,9,0,6,0,0,0,0,1,1,6,3,-1,1124,1,11,-1,-1
2013521301512,2,1,0,18,4,8,0,0,0,0,1,1,6,1,7,-1,-1,-1,8,2
2013521301514,1,9,0,5,0,8,0,0,0,0,1,1,6,2,5,1248,1,1,4,1
2013521301515,1,11,0,18,0,1,0,0,0,0,1,1,6,1,6,4250,2,3,10,1
2013521301515,2,9,0,9,0,6,0,0,0,0,1,1,6,2,6,1200,1,11,6,1
2013521301516,1,9,0,17,0,8,0,0,0,0,1,1,6,1,6,1995,2,7,4,1
2013521301516,2,9,0,16,0,8,0,0,0,0,1,1,6,2,4,1242,1,14,7,1
2013521301519,1,9,0,12,0,8,0,0,0,0,1,1,6,1,8,1229,1,-1,-1,-1
2013521301519,2,9,0,18,0,8,0,0,0,0,4,1,6,1,7,-1,-1,-1,2,1
2013521301521,1,9,0,18,0,8,0,0,0,0,1,1,6,2,5,-1,-1,-1,1,1
2013521301521,2,9,0,9,0,8,0,0,0,0,3,1,6,2,7,1590,1,11,6,1
2013521301523,1,9,0,17,0,8,0,0,0,0,1,1,6,2,8,1896,2,10,10,2
2013521301523,2,1,0,9,0,8,0,0,0,0,1,1,6,2,7,-1,-1,-1,-1,-1
2013521301524,1,9,0,18,0,0,0,0,0,0,1,1,6,1,8,-1,-1,-1,9,1
2013521301524,2,9,0,16,0,0,0,0,0,0,1,1,6,1,4,1124,1,12,9,3
2013521301525,1,9,0,18,0,1,0,0,1,0,1,1,6,1,11,1799,1,4,9,1
2013521301528,1,9,0,7,0,3,0,0,0,0,1,1,6,1,7,698,1,9,8,1
2013521301534,1,8,0,18,0,0,0,0,0,0,4,1,1,1,7,1560,2,3,3,1
2013521301534,2,1,0,12,0,0,0,0,0,0,1,1,6,2,2,-1,-1,-1,4,1
2013521301539,1,9,0,4,0,1,0,0,0,0,1,1,6,1,8,-1,-1,-1,10,1
2013521301539,2,9,0,3,0,1,0,0,0,0,2,1,6,2,7,-1,-1,-1,10,1
2013521301546,1,9,0,11,0,0,0,0,0,0,4,1,1,1,7,1986,2,7,10,1
2013521301546,2,5,0,15,0,0,0,0,0,0,3,1,6,1,6,-1,-1,-1,10,1
2013521301566,1,9,0,7,0,1,0,0,0,0,1,1,6,3,-1,-1,-1,-1,-1,-1
2013521301571,1,9,0,18,0,0,0,0,0,0,1,1,6,1,6,1968,2,9,1,1
2013521301571,2,9,0,2,0,0,0,0,0,0,1,1,6,2,4,1388,1,9,1,1
2013521301588,1,9,0,16,0,1,1,0,0,0,0,1,1,2,5,1590,6,13,7,2
2013521301588,2,19,0,17,0,7,0,0,0,0,0,1,6,1,8,-1,-1,-1,-1,-1
2013521301592,1,3,0,16,0,1,0,0,0,0,1,1,6,1,5,600,1,12,1,1
2013521301592,2,9,0,7,0,5,0,0,0,0,4,1,6,2,6,1998,1,8,3,1
2013521301595,1,9,0,13,0,0,0,0,0,0,3,1,6,1,-1,1998,2,10,4,1
2013521301597,1,19,0,18,0,0,0,0,0,0,4,1,6,3,-1,-1,-1,-1,-1,-1
2013521301600,1,9,0,16,0,1,5,10,7,1,1,1,6,2,5,1781,1,11,1,1
2013521301602,1,9,0,9,0,5,0,0,0,0,3,1,6,1,5,3000,1,13,8,1
2013521301602,2,9,0,18,0,8,0,0,0,0,1,1,6,2,5,1199,1,14,4,1
2013521301605,1,9,0,3,0,6,0,0,0,0,3,1,6,2,8,1390,1,3,7,3
2013521301605,2,3,0,18,0,8,0,0,0,0,1,1,6,1,4,124,1,4,9,1
2013521301606,1,8,0,3,0,1,0,0,0,0,2,1,1,1,6,1995,2,5,4,1
2013521301606,2,9,0,5,0,1,0,0,0,0,1,1,6,1,6,2993,2,2,4,1
2013521301608,1,9,0,1,0,0,0,0,0,0,2,1,6,1,6,2143,2,2,5,1
2013521301614,1,9,0,9,0,8,0,0,0,0,1,1,6,1,7,1461,2,8,2,1
2013521301614,2,1,0,18,0,8,0,0,0,0,1,1,6,1,7,-1,-1,-1,7,1
2013521301617,1,9,0,3,0,0,0,0,0,0,2,1,6,1,5,1895,1,13,4,1
2013521301617,2,9,0,3,0,0,0,0,0,0,2,1,1,1,7,1560,2,6,6,1
2013521301617,3,9,0,18,0,0,0,0,0,0,1,1,6,1,7,1598,1,10,10,1
2013521301631,1,9,0,9,0,8,0,0,0,0,2,1,6,2,6,1796,1,13,2,1
2013521301631,2,9,0,9,0,8,0,0,0,0,1,1,6,1,-1,-1,-1,-1,-1,-1
2013521301637,1,9,0,9,0,5,0,0,0,0,4,1,6,2,6,1149,1,8,7,1
2013521301637,2,5,0,15,2,8,0,0,0,0,1,1,6,1,4,675,1,5,9,1
2013521301637,3,9,0,3,0,1,0,0,0,0,0,1,6,3,-1,-1,-1,-1,-1,-1
2013521301639,1,9,0,18,0,0,0,0,0,0,1,1,6,1,7,-1,-1,-1,2,1
2013521301644,1,9,0,5,0,0,0,0,0,0,3,1,6,1,8,-1,-1,-1,9,1
2013521301644,2,5,0,18,0,0,1,0,0,0,1,1,6,1,6,649,1,2,9,1
2013521301645,1,9,0,18,0,2,0,0,0,0,3,1,6,2,7,1598,1,8,10,1
2013521301651,1,9,0,18,0,4,0,0,0,0,1,1,6,1,6,1368,1,4,-1,-1
2013521301651,2,1,0,18,0,8,0,0,0,0,1,1,6,2,6,-1,-1,-1,-1,-1
2013521301660,1,9,0,18,0,1,0,4,0,0,3,1,1,1,9,-1,-1,-1,10,1
2013521301660,2,9,0,2,0,1,0,0,0,0,3,1,6,1,7,-1,-1,-1,6,1
2013521301667,1,9,0,18,0,1,0,0,0,0,1,1,6,2,7,1149,1,1,-1,1
2013521301667,2,9,0,3,0,1,0,0,0,0,2,1,6,2,6,1242,1,14,9,1
2013521301667,3,9,0,3,0,1,0,0,0,0,2,1,6,1,8,2967,2,2,8,3
2013521301678,1,9,0,18,0,8,0,0,0,0,4,1,6,1,9,1560,2,4,2,1
2013521301678,2,1,0,7,0,4,0,0,0,0,1,1,6,1,7,-1,-1,-1,5,1
2013521301687,1,9,0,17,0,0,0,0,0,0,1,1,6,2,7,1598,1,9,10,1
2013521301687,2,9,0,18,0,0,0,0,0,0,1,1,1,1,8,-1,-1,-1,7,1
2013521301691,1,9,0,18,0,0,0,0,0,0,1,1,6,2,7,1598,1,15,5,1
2013521301691,2,9,0,3,0,0,0,0,0,0,2,1,6,1,9,1948,1,14,10,1
2013521301695,1,9,0,3,0,1,0,0,0,0,2,1,6,2,6,1422,2,11,8,1
2013521301695,2,9,0,18,0,1,0,0,0,0,1,1,6,1,5,-1,-1,-1,-1,-1
2013521301696,1,9,0,18,0,0,0,0,0,0,1,1,6,1,5,1997,2,14,8,3
2013521301696,2,9,0,18,0,0,1,0,1,0,1,1,6,1,8,1870,2,10,8,1
2013521301696,3,9,0,1,0,0,0,0,0,0,0,1,6,1,7,1390,1,15,6,1
2013521301697,1,9,0,3,0,1,0,0,0,0,2,1,6,1,9,1560,2,8,10,1
2013521301697,2,9,0,18,0,1,0,0,0,0,1,1,6,2,7,1968,2,3,-1,-1
2013521301698,1,9,0,18,0,8,0,0,0,0,1,1,6,2,7,-1,-1,-1,3,1
2013521301698,2,9,0,18,0,6,0,0,0,0,3,1,6,1,8,2316,1,24,10,1
2013521301702,1,8,0,18,0,0,0,0,7,10,3,1,1,1,9,1995,2,8,8,1
2013521301703,1,9,0,18,0,0,2,0,7,4,1,1,6,1,10,1995,2,4,6,1
2013521301722,1,9,0,12,0,0,0,0,0,0,1,1,6,1,4,1149,1,9,10,1
2013521301722,2,9,0,18,0,0,0,0,0,0,1,1,1,1,6,1997,2,9,2,1
2013521301724,1,9,0,17,0,2,0,0,0,0,1,1,6,2,7,1796,1,10,8,1
2013521301725,1,11,0,18,0,0,0,0,0,0,1,1,1,3,-1,-1,-1,-1,-1,-1
2013521301732,1,9,0,9,0,6,0,0,0,0,3,1,6,1,8,-1,-1,-1,9,1
2013521301733,1,1,0,18,0,8,0,0,0,0,1,1,2,2,6,-1,-1,-1,8,1
2013521301733,2,9,0,9,0,6,0,0,0,0,1,1,2,1,5,1598,1,13,-1,-1
2013521301738,1,4,0,7,0,5,1,0,0,0,1,1,6,2,5,124,1,3,2,1
2013521301738,2,9,0,9,0,6,0,0,0,0,0,1,6,1,7,-1,-1,-1,-1,-1
2013521301751,1,3,0,18,0,0,0,0,0,0,4,1,4,1,4,124,1,2,9,1
2013521301751,2,9,0,18,0,0,0,0,0,0,3,1,6,1,7,1198,1,1,-1,-1
2013521301760,1,9,0,18,0,8,0,0,0,0,1,1,6,3,5,-1,-1,-1,-1,-1
2013521301761,1,9,0,18,0,0,0,0,0,0,0,1,6,2,6,1242,1,6,10,1
2013521301762,1,9,0,9,0,6,0,0,0,0,1,1,6,1,7,1149,1,10,1,1
2013521301763,1,9,0,18,0,0,5,0,7,0,3,1,6,1,7,3969,1,18,9,3
2013521301765,1,9,0,18,0,0,0,0,1,1,4,1,6,1,6,2204,2,6,10,1
2013521301770,1,9,0,9,0,6,0,0,0,0,3,1,6,1,5,1796,1,5,4,1
2013521301770,2,1,0,18,0,8,0,0,0,0,1,1,6,1,9,-1,-1,-1,4,1
2013521301775,1,9,0,18,0,8,0,0,0,0,1,1,6,2,6,1360,1,8,6,3
2013521301775,2,9,0,9,0,8,0,0,0,0,1,1,6,2,6,1498,1,6,7,3
2013521301782,1,8,0,18,0,1,0,0,0,0,4,1,1,1,6,2230,1,10,3,1
2013521301782,2,9,0,5,8,1,0,0,0,0,1,1,6,3,-1,-1,-1,-1,-1,-1
2013521301784,1,9,0,18,0,8,0,0,0,0,1,1,6,1,11,1149,1,8,9,2
2013521301784,2,9,0,18,0,1,0,0,0,0,1,1,6,1,11,1896,2,12,6,3
2013521301784,3,9,0,9,0,6,0,0,0,0,1,1,6,1,10,1986,2,6,8,3
2013521301786,1,9,0,18,0,8,0,0,0,0,1,1,6,1,7,1998,2,10,4,1
2013521301786,2,9,0,9,0,5,0,0,0,0,1,1,6,1,5,1248,2,4,9,1
2013521301789,1,2,0,18,0,8,0,0,0,0,2,1,6,1,4,49,1,1,8,1
2013521301789,2,9,0,7,0,5,0,0,0,0,4,1,6,2,4,1598,1,10,-1,-1
2013521301790,1,9,0,18,0,6,0,0,0,0,1,1,6,1,5,1988,1,13,1,1