Accident_Index,Vehicle_Reference,Vehicle_Type,Towing_and_Articulation,Vehicle_Manoeuvre,Vehicle_Location-Restricted_Lane,Junction_Location,Skidding_and_Overturning,Hit_Object_in_Carriageway,Vehicle_Leaving_Carriageway,Hit_Object_off_Carriageway,1st_Point_of_Impact,Was_Vehicle_Left_Hand_Drive?,Journey_Purpose_of_Driver,Sex_of_Driver,Age_Band_of_Driver,Engine_Capacity_(CC),Propulsion_Code,Age_of_Vehicle,Driver_IMD_Decile,Driver_Home_Area_Type
2013521301790,2,9,0,18,0,1,0,0,0,0,0,1,1,2,-1,1753,2,2,10,1
2013521301790,3,9,0,18,0,8,0,0,0,0,4,1,6,1,5,2521,1,4,6,1
2013521301792,1,9,0,9,0,0,0,0,0,0,1,1,6,2,6,2000,2,9,9,1
2013521301792,2,5,0,18,0,0,0,0,0,0,1,1,6,1,5,649,1,7,7,1
2013521301793,1,1,0,18,0,8,0,0,0,0,2,1,6,1,8,-1,-1,-1,9,1
2013521301793,2,9,0,18,0,8,0,0,0,0,1,1,6,3,-1,-1,-1,-1,-1,-1
2013521301794,1,8,0,18,2,1,0,0,0,0,1,1,1,1,5,1910,2,7,1,1
2013521301794,2,1,0,5,0,1,0,0,0,0,3,1,6,1,8,-1,-1,-1,3,1
2013521301796,1,9,0,11,0,0,1,0,0,0,1,1,6,1,8,1997,1,8,8,1
2013521301796,2,9,0,18,0,0,0,0,2,7,1,1,6,1,6,1390,1,17,3,1
2013521301799,1,9,0,18,0,4,0,0,0,0,3,1,6,2,7,1582,2,3,6,1
2013521301799,2,9,0,9,0,4,0,0,0,0,4,1,6,3,5,1991,2,3,10,1
2013521301800,1,9,0,9,0,5,0,0,0,0,1,1,6,2,6,1596,1,10,8,1
2013521301800,2,1,0,18,0,8,0,0,0,0,1,1,6,1,4,-1,-1,-1,4,1
2013521301802,1,9,0,3,0,0,0,0,0,0,2,1,6,1,9,1762,1,13,3,1
2013521301802,2,9,0,18,0,0,0,0,0,0,1,1,6,1,7,2000,2,8,7,1
2013521301803,1,9,0,18,0,0,0,0,0,0,1,1,6,2,5,1390,1,14,3,1
2013521301803,2,9,0,2,0,0,0,0,0,0,2,1,6,2,6,1399,2,6,3,1
2013521301812,1,9,0,16,0,8,0,0,0,0,3,1,2,2,5,1149,1,3,10,1
2013521301812,2,19,0,17,0,8,0,0,0,0,3,1,6,3,-1,-1,-1,-1,-1,-1
2013521301814,1,2,0,18,0,0,0,0,0,0,1,1,6,1,5,-1,-1,-1,3,1
2013521301814,2,9,0,4,0,0,0,0,0,0,2,1,6,2,6,1422,2,10,3,1
2013521301817,1,9,0,9,0,8,0,0,0,0,1,1,6,2,9,1956,2,3,9,1
2013521301817,2,3,0,18,0,8,0,0,0,0,1,1,6,2,8,124,1,17,8,1
2013521301818,1,9,0,4,0,0,0,0,0,0,2,1,6,2,8,1870,2,5,8,3
2013521301818,2,9,0,4,0,0,0,0,0,0,2,1,6,2,7,1968,2,4,8,1
2013521301818,3,9,0,4,0,0,0,0,0,0,2,1,6,1,7,1398,2,10,8,1
2013521301818,4,9,0,4,0,0,0,0,0,0,1,1,6,1,6,-1,-1,-1,9,2
2013521301832,1,9,0,18,0,0,0,0,0,0,1,1,1,1,7,1910,2,6,4,1
2013521301836,1,9,0,18,0,1,0,0,0,0,1,1,6,3,-1,-1,-1,-1,-1,-1
2013521301839,1,9,0,18,0,0,0,0,0,0,0,1,1,1,-1,1686,2,2,1,1
2013521301839,2,1,0,12,0,0,0,0,0,0,1,1,6,1,6,-1,-1,-1,2,1
2013521301839,3,1,0,18,0,0,0,0,0,0,1,1,6,2,8,-1,-1,-1,1,1
2013521301843,1,9,0,18,0,1,0,0,0,0,1,1,6,1,4,999,1,16,9,3
2013521301851,1,9,0,3,0,1,0,0,0,0,2,1,6,2,9,1390,1,15,9,1
2013521301851,2,19,0,18,0,1,1,0,0,0,1,1,2,1,5,1753,2,10,4,1
2013521301852,1,5,0,4,0,0,0,0,0,0,0,1,6,1,7,1585,1,3,5,1
2013521301853,1,1,0,5,0,8,0,0,0,0,0,1,2,2,4,-1,-1,-1,6,1
2013521301853,2,9,0,5,0,8,0,0,0,0,0,1,6,3,-1,-1,-1,-1,-1,-1
2013521301856,1,9,0,18,0,3,0,0,7,2,4,1,6,2,6,998,1,14,9,2
2013521301856,2,9,0,9,0,8,0,0,0,0,3,1,6,2,9,1995,2,1,3,1
2013521301863,1,9,0,10,0,8,0,0,0,0,2,1,6,1,8,4172,2,6,6,1
2013521301863,2,9,0,18,0,1,0,0,0,0,1,1,6,2,4,1124,1,9,7,1
2013521301866,1,9,0,18,0,1,0,0,0,0,1,1,6,2,5,1248,2,6,5,2
2013521301866,2,9,0,3,0,1,0,0,0,0,2,1,6,2,5,1596,1,3,9,1
2013521301866,3,9,0,10,0,8,0,0,0,0,2,1,6,2,7,1598,1,13,7,1
2013521301869,1,9,0,9,0,5,0,0,0,0,1,1,6,3,-1,-1,-1,-1,-1,-1
2013521301873,1,9,0,4,0,0,0,0,0,10,1,1,6,2,7,1598,1,9,8,1
2013521301875,1,9,0,17,0,2,0,0,0,0,1,1,6,1,6,1248,2,3,10,1
2013521301902,1,1,0,18,4,8,0,0,0,0,3,1,2,1,6,-1,-1,-1,8,1
2013521301902,2,8,0,9,0,5,0,0,0,0,1,1,6,1,9,-1,-1,-1,-1,-1
2013521301908,1,4,0,18,0,8,0,0,0,0,1,1,6,1,9,124,1,4,6,1
2013521301908,2,9,0,9,0,5,0,0,0,0,1,1,6,2,6,998,1,2,5,1
2013521301909,1,9,0,16,0,0,5,0,1,10,1,1,6,2,4,1242,1,10,8,1
2013521301909,2,9,0,18,0,0,0,0,0,0,1,1,6,2,8,1984,1,8,8,3
2013521301912,1,9,0,9,0,6,0,0,0,0,2,1,6,2,4,1582,2,2,4,1
2013521301912,2,90,0,18,0,8,0,0,1,10,3,1,1,1,8,6871,2,8,7,1
2013521301915,1,9,0,5,0,4,0,0,0,0,1,1,6,1,8,1196,1,20,5,1
2013521301915,2,1,0,18,0,8,0,0,0,0,4,1,6,1,6,-1,-1,-1,5,1
2013521301917,1,9,0,3,0,1,0,0,0,0,2,1,6,1,6,3246,1,9,1,1
2013521301917,2,5,0,16,0,1,0,0,0,0,1,1,6,1,9,499,1,6,9,1
2013521301919,1,9,0,9,0,6,0,0,0,0,1,1,6,2,9,1560,2,2,9,2
2013521301919,2,1,0,18,0,1,0,0,0,0,1,1,6,2,4,-1,-1,-1,7,3
2013521301922,1,8,0,18,0,0,0,0,0,0,1,1,6,1,7,1997,2,3,10,1
2013521301934,1,9,0,16,0,2,0,0,0,0,1,1,6,2,4,1587,1,7,10,2
2013521301938,1,9,0,4,0,3,0,0,0,0,0,1,6,2,8,-1,-1,-1,6,1
2013521301938,2,9,0,3,0,3,0,0,0,0,0,1,2,3,8,1997,1,11,7,1
2013521301939,1,9,0,9,0,5,0,0,0,0,3,1,6,2,6,1598,1,12,6,1
2013521301939,2,3,0,13,0,1,0,0,0,0,1,1,6,1,4,125,1,2,6,1
2013521301947,1,9,0,7,0,3,0,0,0,0,1,1,6,1,11,1998,1,14,10,1
2013521301947,2,9,0,18,0,1,0,0,0,0,1,1,6,2,11,1339,1,6,10,1
2013521301948,1,9,0,10,0,5,0,0,0,0,2,1,6,2,7,1242,1,9,10,1
2013521301948,2,9,0,4,0,8,0,0,0,0,1,1,6,2,7,1598,1,5,7,1
2013521301949,1,9,0,9,0,2,0,0,0,0,1,1,6,1,7,1870,2,11,9,1
2013521301949,2,9,0,18,0,1,0,0,0,0,1,1,6,1,6,-1,-1,-1,7,2
2013521301951,1,9,0,2,0,0,0,0,0,0,3,1,6,1,8,1992,2,7,10,1
2013521301951,2,1,0,18,0,0,0,8,0,0,1,1,6,2,6,-1,-1,-1,-1,-1
2013521301953,1,9,0,4,0,1,0,0,0,0,1,1,6,1,7,2171,2,11,1,1
2013521301953,2,9,0,4,0,1,0,0,0,0,2,1,6,1,6,1997,1,14,9,1
2013521301956,1,9,0,17,0,0,0,0,0,0,4,1,6,2,6,1598,1,7,9,1
2013521301956,2,1,0,18,0,0,1,0,0,0,1,1,6,1,3,-1,-1,-1,-1,-1
2013521301960,1,9,0,7,0,5,0,0,0,0,1,1,6,1,7,1870,2,11,1,1
2013521301965,1,9,0,16,0,1,0,0,0,0,1,1,6,1,5,2362,1,10,4,1
2013521301967,1,9,0,18,0,0,0,0,0,0,1,1,6,2,9,1461,2,2,5,1
2013521301967,2,9,0,18,0,0,0,0,0,0,1,1,6,2,6,1368,1,8,4,1
2013521301968,1,9,0,4,0,0,1,0,0,0,2,1,6,2,6,1299,1,11,6,1
2013521301968,2,9,0,4,0,0,0,0,0,0,1,1,6,2,6,998,1,5,9,1
2013521301973,1,9,0,5,0,0,0,0,0,0,2,1,6,2,7,1984,1,2,8,3
2013521301973,2,5,0,5,0,0,0,0,0,0,2,1,6,1,6,988,1,12,4,1
2013521301973,3,9,0,5,0,0,0,0,0,0,1,1,6,1,5,1910,2,7,9,1
2013521301975,1,9,0,18,0,0,0,0,0,0,1,1,6,1,8,1560,2,2,6,1
2013521301975,2,9,0,18,0,0,0,0,0,0,2,1,6,1,6,1586,1,7,9,3
2013521301975,3,21,1,18,0,0,0,0,0,0,1,1,1,2,8,12580,2,9,-1,-1
2013521301975,4,9,0,18,0,0,0,0,1,10,4,1,6,1,10,2000,1,7,7,1
2013521302005,1,9,0,18,0,0,0,0,0,0,3,1,6,1,8,1910,2,6,3,1
2013521302007,1,9,0,18,0,4,0,0,0,0,1,1,6,1,5,1124,1,13,7,3
2013521302007,2,9,0,18,0,8,0,0,0,0,4,1,6,1,8,1598,1,10,10,1
2013521302011,1,9,0,9,0,5,0,0,0,0,1,1,6,2,6,1587,1,10,9,1
2013521302011,2,9,0,18,0,8,0,0,0,0,1,1,6,2,4,1229,1,8,2,1
2013521302012,1,9,0,6,0,0,0,0,0,0,3,1,6,1,5,1124,1,12,10,1
2013521302012,2,1,0,13,0,0,0,0,0,0,1,1,6,1,6,-1,-1,-1,7,2
2013521302014,1,9,0,8,0,1,0,0,1,0,3,1,6,1,5,-1,-1,-1,10,2
2013521302014,2,17,0,9,0,1,0,0,0,0,4,1,6,1,7,-1,-1,-1,-1,-1
2013521302016,1,9,0,18,0,0,0,0,0,0,1,1,6,1,10,1998,1,16,8,1
2013521302018,1,9,0,4,0,0,0,0,0,0,1,1,6,1,11,1596,1,4,9,1
2013521302018,2,9,0,4,0,0,0,0,0,0,1,1,6,2,10,3200,2,10,9,3
2013521302032,1,9,0,18,0,1,0,0,0,0,1,1,6,1,5,1999,1,6,9,2
2013521302033,1,5,0,18,0,0,1,0,4,0,1,1,6,1,4,-1,-1,-1,9,1
2013521302033,2,9,0,12,0,0,0,0,0,0,2,1,6,2,8,1242,1,1,10,1
2013521302033,3,9,0,18,0,0,0,0,0,0,1,1,6,1,9,-1,-1,-1,7,1
2013521302034,1,9,0,18,0,8,0,0,0,0,1,1,6,1,11,1997,2,13,8,3
2013521302034,2,5,0,18,0,4,0,0,0,0,1,1,6,1,8,592,1,22,9,1
2013521302035,1,9,0,18,0,0,0,0,0,0,1,1,6,2,6,1398,2,10,1,1
2013521302035,2,9,0,4,0,0,0,0,0,0,2,1,6,1,8,1598,1,1,-1,-1
2013521302038,1,9,0,9,0,8,0,0,0,0,1,1,6,1,6,-1,-1,-1,6,1
2013521302038,2,2,0,18,0,8,0,0,0,0,1,1,6,1,4,49,1,1,2,1
2013521302041,1,3,0,18,0,8,1,0,0,0,0,1,6,1,5,599,1,15,3,1
2013521302041,2,9,0,7,0,4,0,0,0,0,0,1,6,1,6,2616,1,8,-1,-1
2013521302048,1,9,0,7,0,6,0,0,0,0,3,1,6,1,6,1388,1,8,3,1
2013521302048,2,3,0,18,2,1,0,0,0,0,1,1,6,1,4,-1,-1,-1,10,1
2013521302053,1,9,0,1,0,2,0,0,0,0,2,1,6,2,9,1329,1,3,5,1
2013521302053,2,9,0,18,0,8,0,0,0,0,1,1,6,1,9,1796,1,9,5,1
2013521302053,3,9,0,2,9,2,0,0,0,0,0,1,6,3,-1,-1,-1,-1,-1,-1
2013521302060,1,9,0,18,0,0,0,0,4,6,1,1,6,1,4,1994,1,12,10,1
2013521302060,2,9,0,11,0,0,0,0,0,0,0,1,6,3,-1,-1,-1,-1,-1,-1
2013521302066,1,9,0,9,0,6,0,0,0,0,1,1,6,3,-1,-1,-1,-1,-1,-1
2013521302066,2,9,0,7,0,5,0,0,0,0,1,1,6,1,7,-1,-1,-1,3,1
2013521302070,1,9,0,16,0,0,0,0,0,0,1,1,6,1,7,1299,1,10,8,1
2013521302070,2,9,0,17,0,0,0,0,0,0,1,1,6,2,5,1397,1,4,10,1
2013521302090,1,9,0,9,0,6,0,0,0,0,0,1,1,2,8,2400,2,5,-1,-1
2013521302090,2,5,0,18,0,1,0,0,0,0,3,1,6,1,9,1170,1,7,9,3
2013521302090,3,9,0,11,0,1,0,0,0,0,2,1,6,2,8,1229,1,8,10,2
2013521302091,1,9,0,17,0,8,0,0,0,0,1,1,6,1,5,1390,1,18,4,1
2013521302091,2,9,0,18,0,6,0,0,0,0,1,1,6,2,8,1595,1,6,4,1
2013521302092,1,19,0,18,0,8,0,0,0,0,1,1,6,1,6,-1,-1,-1,7,1
2013521302092,2,9,0,10,0,8,0,0,0,0,1,1,6,2,4,1598,2,-1,8,3
2013521302093,1,1,0,18,0,8,0,0,0,0,1,1,6,2,6,-1,-1,-1,5,1
2013521302093,2,9,0,5,0,8,0,0,0,0,1,1,6,2,8,1388,1,12,9,1
2013521302096,1,9,0,16,0,0,0,0,1,10,1,1,2,1,6,-1,-1,-1,5,1
2013521302100,1,9,0,18,0,0,0,0,0,0,4,1,6,1,7,1679,1,11,9,1
2013521302100,2,9,0,2,0,0,0,0,0,0,1,1,6,1,10,1686,2,3,9,1
2013521302104,1,9,0,18,0,0,0,0,7,0,1,1,6,1,9,4196,1,10,7,3
2013521302104,2,9,0,18,0,0,0,0,1,0,1,1,6,1,9,1598,1,2,3,1
2013521302106,1,9,0,6,8,0,0,0,0,0,3,1,6,1,8,1997,2,14,10,1
2013521302106,2,4,0,18,0,0,0,0,0,0,1,1,6,1,9,250,1,3,6,1
2013521302128,1,9,0,18,0,0,0,0,0,0,1,1,6,2,9,1870,2,8,2,1
2013521302129,1,9,0,3,0,1,0,0,0,0,1,1,6,2,8,1362,1,1,4,1
2013521302129,2,9,0,1,0,1,0,0,0,0,2,1,6,1,6,1794,1,10,8,3
2013521302131,1,9,0,12,0,0,0,0,0,6,3,1,6,1,8,1299,1,7,-1,1
2013521302131,2,90,0,18,0,0,0,0,0,6,1,1,6,1,7,-1,-1,-1,3,1
2013521302131,3,9,0,12,0,0,0,0,0,0,0,1,6,3,-1,-1,-1,-1,-1,-1
2013521302135,1,9,0,16,0,0,0,0,0,0,1,1,6,2,5,998,1,11,10,1
2013521302135,2,9,0,17,0,0,0,0,0,0,1,1,6,1,7,-1,-1,-1,8,1
2013521302136,1,9,0,18,0,0,0,0,3,10,1,1,6,3,-1,1761,1,13,-1,-1
2013521302137,1,9,0,3,0,0,0,0,0,0,2,1,6,2,6,1796,1,3,7,1
2013521302137,2,9,0,18,0,0,0,0,0,0,1,1,6,1,6,998,1,15,1,1
2013521302139,1,9,0,18,0,0,2,0,0,0,1,1,6,2,11,998,1,12,10,1
2013521302139,2,9,0,2,0,0,0,0,0,0,3,1,6,1,9,1198,1,6,9,1
2013521302144,1,3,0,18,0,8,0,0,0,0,1,1,6,1,7,49,1,11,2,1
2013521302144,2,9,0,10,0,1,0,0,0,0,3,1,6,2,6,1716,2,12,4,1
2013521302144,3,9,0,9,0,5,0,0,0,0,4,1,6,1,4,1248,2,7,2,1
2013521302145,1,8,0,18,0,1,0,0,0,0,1,1,1,1,-1,1560,2,7,-1,-1
2013521302145,2,9,0,1,0,1,0,0,0,0,2,1,6,1,-1,-1,-1,-1,-1,-1
2013521302148,1,9,0,13,0,0,0,0,0,0,4,1,6,2,9,1150,1,8,9,2
2013521302148,2,1,0,18,0,0,0,0,0,0,3,1,6,2,8,-1,-1,-1,9,2
2013521302150,1,2,0,17,0,0,0,0,0,0,1,1,6,1,5,124,1,5,3,1
2013521302150,2,9,0,16,0,0,0,0,0,0,1,1,6,1,6,1199,1,10,1,1
2013521302152,1,9,0,7,0,6,0,0,0,0,1,1,6,2,5,1242,1,2,8,2
2013521302161,1,9,0,18,0,8,0,0,0,0,1,1,6,1,5,1995,1,10,9,1
2013521302161,2,9,0,18,0,6,0,0,0,0,1,1,6,1,5,1800,1,15,10,1
2013521302164,1,9,0,4,0,1,0,0,0,0,0,1,6,3,-1,-1,-1,-1,-1,-1
2013521302164,2,11,0,3,0,1,0,0,0,0,0,1,1,1,6,3900,2,7,1,1
2013521302168,1,9,0,17,0,0,0,0,0,10,1,1,6,2,5,1679,1,12,9,1
2013521302168,2,9,0,2,0,0,0,0,0,10,3,1,6,3,-1,1242,1,8,-1,-1
2013521302168,3,9,0,2,0,0,0,0,0,0,2,1,6,3,-1,1339,1,4,-1,-1
2013521302173,1,9,0,18,0,0,0,0,0,0,1,1,6,2,8,1598,1,10,10,2
2013521302173,2,9,0,13,0,0,0,0,0,0,1,1,6,1,7,1895,1,13,7,1
2013521302179,1,9,0,12,0,8,0,0,0,0,3,1,6,2,7,1299,1,12,5,1
2013521302179,2,9,0,18,0,8,0,0,0,0,4,1,6,1,5,1896,1,14,9,1
2013521302180,1,9,0,9,0,6,0,0,0,0,1,1,6,1,8,1997,2,8,-1,-1
2013521302180,2,9,0,18,0,8,0,0,0,0,1,1,6,1,8,1597,1,5,9,1
2013521302183,1,9,0,10,0,6,0,0,0,0,3,1,6,1,7,1582,2,5,10,1
2013521302183,2,1,0,18,0,8,0,0,0,0,1,1,6,1,9,-1,-1,-1,10,1
2013521302185,1,19,0,3,0,1,0,0,0,0,2,1,6,1,6,2402,2,11,5,1
2013521302185,2,9,0,18,0,1,0,0,0,0,1,1,6,1,7,1895,1,14,2,1
2013521302186,1,19,0,10,0,1,0,0,0,0,3,1,6,2,7,-1,-1,-1,5,1
2013521302186,2,9,0,7,0,5,0,0,0,0,3,1,6,3,-1,-1,-1,-1,-1,-1
2013521302187,1,5,0,13,0,8,0,0,0,0,1,1,6,1,8,647,1,11,8,1
2013521302187,2,17,0,9,0,5,0,0,0,0,3,1,6,1,9,-1,2,17,10,3
2013521302188,1,9,0,18,0,0,0,0,1,4,1,1,6,2,10,1389,1,12,4,1
2013521302189,1,9,0,18,0,1,0,0,0,0,1,1,6,1,4,1124,1,18,5,1
2013521302190,1,9,0,18,0,0,1,0,0,0,1,1,6,1,7,3222,2,9,6,1
2013521302190,2,9,0,18,0,0,0,0,0,0,2,1,6,1,4,1124,1,10,1,1
2013521302190,3,9,0,18,0,0,0,0,0,0,2,1,6,2,5,1360,1,12,6,1
2013521302191,1,4,0,7,0,5,0,0,0,0,1,1,6,1,7,399,1,21,7,1
2013521302191,2,9,0,18,0,1,0,0,0,0,3,1,6,2,11,1299,1,8,6,1
2013521302192,1,9,0,18,0,8,0,0,0,0,1,1,6,1,5,-1,-1,-1,6,1
2013521302192,2,9,0,9,0,6,1,0,1,0,3,1,6,1,7,1781,1,12,7,1
2013521302194,1,2,0,18,0,0,0,0,0,0,3,1,6,1,4,49,1,1,8,3
2013521302194,2,9,0,13,0,0,0,0,0,0,4,1,6,1,9,1997,2,8,7,3
2013521302198,1,9,0,18,0,8,0,0,0,0,1,1,6,2,6,1596,1,2,6,1
2013521302198,2,19,0,9,0,5,0,0,0,0,1,1,6,1,9,1753,2,8,8,3
2013521302199,1,9,0,3,0,0,0,0,0,0,2,1,6,1,8,1587,1,12,6,1
2013521302199,2,9,0,18,0,0,0,0,0,0,1,1,6,3,-1,-1,-1,-1,-1,-1
2013521302204,1,9,0,3,0,0,0,0,0,0,2,1,6,2,8,1796,1,13,5,1
2013521302204,2,9,0,4,0,0,0,0,0,0,1,1,6,2,6,-1,-1,-1,-1,-1
2013521302206,1,9,0,18,0,8,0,0,0,0,1,1,6,2,6,1242,1,10,5,1
2013521302206,2,3,0,5,0,6,0,0,0,0,1,1,6,1,4,125,1,1,6,1
2013521302207,1,21,0,9,0,8,0,0,0,0,2,1,1,1,-1,-1,-1,-1,-1,-1
2013521302216,1,9,0,6,0,0,0,0,0,0,4,1,6,2,8,-1,-1,-1,10,1
2013521302216,2,1,0,18,0,0,0,0,0,0,0,1,6,1,7,-1,-1,-1,4,1
2013521302218,1,9,0,5,0,4,0,0,0,0,1,1,6,2,10,1461,2,2,6,1
2013521302218,2,9,0,18,0,8,0,0,0,0,1,1,6,1,11,1399,1,4,10,1
2013521302221,1,9,0,18,0,0,0,0,0,0,1,1,6,2,5,1299,1,10,-1,-1
2013521302221,2,9,0,12,0,0,0,0,0,0,1,1,6,2,5,1796,1,12,4,1
2013521302226,1,9,0,18,0,0,0,0,0,0,1,1,6,2,9,1998,1,14,6,1
2013521302226,2,9,0,4,0,0,0,0,0,0,2,1,6,2,10,-1,-1,-1,8,1
2013521302231,1,9,0,9,0,6,0,0,0,0,4,1,6,1,6,1598,2,1,8,1
2013521302231,2,4,0,18,0,8,0,0,0,0,1,1,6,2,4,124,1,2,3,1
2013521302240,1,9,0,18,0,1,0,0,0,0,1,1,6,1,4,1896,2,6,10,1
2013521302240,2,9,0,9,0,6,0,0,0,0,3,1,6,1,8,1598,1,4,10,1
2013521302242,1,9,0,5,0,6,0,0,0,0,3,1,6,1,6,-1,-1,-1,5,1
2013521302242,2,1,0,18,9,8,0,0,0,0,1,1,6,2,5,-1,-1,-1,2,1
2013521302269,1,9,0,18,0,8,0,7,0,0,1,1,6,2,7,2000,1,13,8,1
2013521302269,2,9,0,7,0,6,0,0,0,0,0,1,6,3,-1,-1,-1,-1,-1,-1
2013521302271,1,9,5,9,0,1,0,0,0,0,4,1,6,1,11,1596,1,8,2,1
2013521302271,2,3,0,14,0,1,0,0,0,0,1,1,6,1,5,659,1,3,7,3
2013521302273,1,9,0,4,0,0,0,0,0,0,1,1,6,1,5,-1,-1,-1,-1,1
2013521302273,2,9,0,4,0,0,0,0,0,0,2,1,6,1,8,1998,1,9,10,1
2013521302273,3,9,0,18,0,0,0,0,0,0,2,1,6,1,8,1753,2,4,8,1
2013521302276,1,9,0,16,0,0,0,0,1,10,1,1,6,1,5,1389,1,13,7,1
2013521302276,2,9,0,17,0,0,0,0,7,10,1,1,6,2,8,998,1,13,5,1
2013521302279,1,9,0,18,0,8,0,0,0,0,0,1,6,3,6,-1,-1,-1,-1,-1
2013521302279,2,16,0,18,0,8,0,0,0,0,0,1,6,2,7,-1,-1,-1,9,1
2013521302282,1,9,0,5,0,6,0,0,0,0,1,1,6,1,9,1598,2,3,8,1
2013521302282,2,9,0,9,0,5,0,0,0,0,1,1,6,2,7,2720,2,8,8,1
2013521302297,1,3,0,18,0,8,0,0,0,0,1,1,6,1,4,125,1,-1,10,1
2013521302297,2,9,0,9,0,6,0,0,0,0,3,1,6,1,10,1398,1,7,7,1
2013521302299,1,9,0,18,0,0,0,0,0,0,1,1,6,1,-1,2979,1,11,-1,-1
2013521302299,2,9,0,18,0,0,0,0,0,0,2,1,6,1,6,1560,2,7,2,1
2013521302300,1,9,0,18,0,7,0,0,0,0,1,1,6,1,4,1198,1,8,8,1
2013521302311,1,9,0,5,0,4,0,0,0,0,4,1,6,2,10,1390,1,6,9,3
2013521302311,2,1,0,5,0,4,0,0,0,0,3,1,6,1,9,-1,-1,-1,9,3
2013521302312,1,9,0,9,0,8,0,0,0,0,1,1,6,1,8,-1,-1,-1,-1,-1
2013521302312,2,9,0,18,0,8,0,0,0,0,1,1,6,2,8,1999,1,-1,7,2
2013521302318,1,9,0,9,0,8,0,0,0,0,1,1,6,1,8,-1,-1,-1,5,1
2013521302318,2,9,0,4,0,8,0,0,0,0,2,1,6,2,6,1364,1,8,9,1
2013521302326,1,9,0,18,0,0,0,0,0,0,4,1,6,2,6,1560,2,3,-1,-1
2013521302330,1,9,0,1,0,6,0,0,0,0,2,1,6,1,6,1595,1,6,10,1
2013521302332,1,9,0,18,0,1,0,0,0,0,1,1,6,1,8,-1,-1,-1,9,2
2013521302332,2,9,0,4,0,2,0,0,0,0,2,1,6,2,7,1390,1,4,9,1
2013521302336,1,1,0,4,0,0,0,0,0,0,1,1,6,1,6,-1,-1,-1,10,1
2013521302336,2,9,0,4,0,0,0,0,0,0,2,1,6,1,11,-1,-1,-1,10,1
2013521302338,1,9,0,13,0,8,0,0,0,0,2,1,6,1,7,2477,2,10,10,2
2013521302338,2,11,0,18,0,8,0,0,0,0,1,1,1,1,8,7300,2,2,7,1
2013521302339,1,9,0,18,0,0,0,0,0,0,1,1,6,1,6,1896,2,12,8,3
2013521302339,2,9,0,4,0,0,0,0,0,0,2,1,6,2,8,1497,1,11,2,1
2013521302339,3,9,0,3,0,0,0,0,0,0,2,1,6,1,7,1360,1,10,4,1
2013521302340,1,9,0,18,0,0,0,0,0,0,1,1,6,1,7,2697,2,6,10,1
2013521302340,2,9,0,4,0,0,0,0,0,0,2,1,6,1,7,1598,2,2,1,1
2013521302340,3,9,0,18,0,0,0,0,0,0,2,1,6,1,8,1560,2,8,10,1
2013521302342,1,9,0,11,0,0,0,0,0,0,4,1,6,1,6,-1,-1,-1,2,1
2013521302342,2,4,0,15,4,0,0,0,0,0,3,1,6,1,7,600,1,13,4,1
2013521302342,3,9,0,3,0,0,0,0,0,0,3,1,6,3,6,1600,1,14,3,1
2013521302344,1,9,0,9,0,5,0,0,0,0,1,1,6,1,6,1968,2,7,10,1
2013521302347,1,4,0,18,0,8,0,0,1,0,0,1,6,1,5,600,1,13,10,1
2013521302348,1,9,0,17,0,2,0,0,0,0,1,1,6,1,8,2170,2,9,7,1
2013521302348,2,1,0,3,0,1,0,0,0,0,1,1,6,2,9,-1,-1,-1,7,3
2013521302351,1,9,0,4,0,1,0,0,0,0,2,1,6,2,6,1149,1,2,4,1
2013521302351,2,9,0,4,0,1,0,0,0,0,2,1,6,2,8,1834,1,12,4,1
2013521302351,3,9,0,4,0,1,0,0,0,0,1,1,1,1,8,-1,-1,-1,6,1
2013521302356,1,9,0,18,0,0,0,0,0,0,1,1,6,1,5,1119,1,18,10,1
2013521302356,2,9,0,2,0,0,0,0,1,11,2,1,6,1,8,-1,-1,-1,6,1
2013521302359,1,9,0,18,0,0,5,0,1,7,4,1,6,2,6,1781,1,11,9,1
2013521302367,1,9,0,18,0,8,0,0,0,0,1,1,6,2,6,1124,1,4,6,1
2013521302367,2,9,0,9,0,5,0,0,0,0,4,1,6,1,10,1328,1,2,6,3
2013521302371,1,19,0,18,0,0,0,0,0,0,1,1,6,1,8,3920,2,2,8,1
2013521302371,2,9,0,16,0,0,1,0,0,0,1,1,6,1,6,1598,1,11,9,1
2013521302372,1,9,0,11,0,0,0,10,0,0,4,1,6,1,5,-1,-1,-1,8,1
2013521302372,2,9,0,18,0,0,0,0,0,0,1,1,6,2,7,2084,1,10,10,1
2013521302373,1,9,0,18,0,8,0,0,0,0,1,1,6,1,5,1242,1,13,7,1
2013521302373,2,9,0,18,0,8,0,0,0,0,4,1,6,2,7,1600,1,9,6,1
2013521302374,1,9,0,17,0,8,0,0,0,0,1,1,6,1,4,1299,1,11,7,1
2013521302374,2,9,0,16,0,8,0,0,0,0,1,1,6,2,8,1242,1,9,9,1
2013521302377,1,11,0,18,0,8,0,0,0,0,3,1,1,1,7,11967,2,5,-1,-1