Accident_Index,Vehicle_Reference,Vehicle_Type,Towing_and_Articulation,Vehicle_Manoeuvre,Vehicle_Location-Restricted_Lane,Junction_Location,Skidding_and_Overturning,Hit_Object_in_Carriageway,Vehicle_Leaving_Carriageway,Hit_Object_off_Carriageway,1st_Point_of_Impact,Was_Vehicle_Left_Hand_Drive?,Journey_Purpose_of_Driver,Sex_of_Driver,Age_Band_of_Driver,Engine_Capacity_(CC),Propulsion_Code,Age_of_Vehicle,Driver_IMD_Decile,Driver_Home_Area_Type
2013521302958,1,5,0,18,0,8,0,0,0,0,4,1,6,1,9,1340,1,16,8,3
2013521302958,2,9,0,9,0,6,0,0,0,0,4,1,1,1,7,-1,-1,-1,3,1
2013521302959,1,9,0,18,0,0,0,0,0,0,1,1,6,2,4,1149,1,14,7,1
2013521302959,2,4,0,2,0,0,0,0,0,0,1,1,6,3,-1,636,1,8,-1,-1
2013521302959,3,9,0,2,0,0,0,0,0,0,2,1,6,3,-1,1598,1,10,-1,-1
2013521302959,4,9,0,2,0,0,0,0,0,0,2,1,6,3,-1,2184,2,10,-1,-1
2013521302960,1,5,0,6,0,8,0,0,0,0,0,1,6,1,9,1700,1,-1,-1,3
2013521302977,1,9,0,17,0,8,0,0,0,0,1,1,6,1,6,1461,2,10,1,1
2013521302977,2,9,0,9,0,6,0,0,0,0,3,1,6,3,-1,1796,1,11,-1,-1
2013521302980,1,9,0,10,0,8,0,0,0,0,2,1,6,1,6,1198,1,2,7,1
2013521302980,2,9,0,18,0,8,0,0,0,0,1,1,6,3,-1,-1,-1,-1,-1,-1
2013521302989,1,90,0,15,0,8,0,0,0,0,0,1,6,1,8,-1,-1,-1,10,1
2013521302991,1,9,0,1,9,6,0,0,0,0,2,1,6,3,-1,1339,1,8,-1,-1
2013521302993,1,9,0,17,0,8,1,0,1,3,1,1,6,1,6,1794,1,11,6,1
2013521302995,1,9,0,9,0,8,2,9,5,0,1,1,6,2,4,-1,-1,-1,6,1
2013521302997,1,9,0,18,0,1,0,0,0,0,3,1,6,3,-1,-1,-1,-1,-1,-1
2013521303001,1,9,0,18,0,1,0,0,0,0,0,1,6,1,5,-1,-1,-1,8,1
2013521303005,1,4,0,9,0,5,1,0,0,0,4,1,6,1,6,125,1,6,8,1
2013521303005,2,9,0,3,0,8,0,0,0,0,3,1,6,2,6,1762,1,14,10,1
2013521303005,3,19,0,18,0,8,0,0,0,0,1,1,6,1,8,1686,2,12,9,1
2013521303007,1,9,0,18,9,2,0,0,1,0,1,1,1,3,-1,-1,-1,-1,-1,-1
2013521303009,1,9,0,9,0,5,0,0,0,0,1,1,6,1,5,1840,1,12,9,1
2013521303009,2,1,0,18,0,8,0,0,0,0,3,1,6,1,7,-1,-1,-1,10,1
2013521303012,1,9,0,18,0,1,1,7,2,3,4,1,6,1,5,-1,-1,-1,10,1
2013521303012,2,9,0,2,0,1,0,0,0,0,3,1,6,1,4,-1,-1,-1,9,1
2013521303015,1,9,0,18,0,8,0,0,0,0,1,1,6,2,7,1560,2,8,5,1
2013521303015,2,9,0,18,0,8,0,0,0,0,1,1,6,1,8,1587,1,6,9,3
2013521303017,1,9,0,9,0,6,0,0,0,0,1,1,6,2,5,1108,1,10,9,1
2013521303017,2,9,0,18,0,1,0,0,0,0,1,1,6,2,8,1360,1,6,8,1
2013521303021,1,9,0,4,0,0,0,0,0,0,2,1,6,2,8,2295,1,14,8,3
2013521303021,2,9,0,18,0,0,0,0,0,0,1,1,6,1,6,1198,1,1,9,3
2013521303032,1,8,0,7,0,8,0,0,0,0,2,1,1,1,7,1997,2,6,5,1
2013521303032,2,1,0,18,0,8,0,0,0,0,1,1,6,1,9,-1,-1,-1,10,1
2013521303033,1,9,0,18,0,0,0,0,0,0,4,1,6,1,5,1598,1,5,1,1
2013521303035,1,9,0,4,0,0,0,0,0,0,2,1,6,2,9,1240,1,5,5,1
2013521303035,2,3,0,18,0,0,0,0,0,0,1,1,6,1,4,125,1,-1,10,1
2013521303036,1,9,0,4,0,0,0,0,0,0,2,1,6,3,-1,-1,-1,-1,-1,-1
2013521303036,2,9,0,18,0,0,0,0,0,0,1,1,6,1,6,1997,2,7,10,3
2013521303036,3,9,0,18,0,0,0,0,0,0,1,1,6,1,6,1086,1,4,2,1
2013521303036,4,9,0,18,0,0,0,0,0,0,1,1,6,1,6,1749,1,12,10,1
2013521303038,1,9,0,16,0,8,0,0,0,0,1,1,6,1,11,1590,1,12,10,1
2013521303038,2,20,0,17,0,8,0,0,0,0,3,1,6,1,8,3920,2,6,8,1
2013521303039,1,19,0,1,9,0,0,0,0,0,2,1,6,3,6,-1,-1,-1,-1,-1
2013521303042,1,9,0,18,0,8,0,0,0,0,1,1,6,1,7,1598,1,6,9,1
2013521303042,2,1,0,9,0,1,0,0,0,0,1,1,6,1,6,-1,-1,-1,8,1
2013521303044,1,9,0,11,0,3,0,0,0,0,1,1,6,2,9,1240,1,3,6,1
2013521303044,2,1,0,18,0,8,0,0,0,0,2,1,6,1,4,-1,-1,-1,10,1
2013521303057,1,1,0,18,0,0,0,10,0,0,4,1,6,1,6,-1,-1,-1,6,1
2013521303057,2,9,0,13,0,0,0,0,0,0,0,1,1,1,-1,2993,2,3,-1,-1
2013521303068,1,9,0,18,0,0,0,0,4,6,1,1,6,1,5,1587,1,12,5,3
2013521303068,2,9,0,18,0,0,0,0,0,0,2,1,6,1,4,1392,1,15,7,1
2013521303069,1,4,0,9,0,5,0,0,0,0,1,1,6,1,4,125,1,7,4,1
2013521303069,2,9,0,3,0,1,0,0,0,0,1,1,6,2,7,1360,1,7,5,1
2013521303069,3,9,0,9,0,6,0,0,0,0,1,1,6,1,7,1400,1,7,4,1
2013521303070,1,9,0,18,0,0,0,4,0,0,1,1,6,1,4,1229,1,6,10,1
2013521303070,2,9,0,2,0,0,0,0,0,0,2,1,6,3,-1,-1,-1,-1,-1,-1
2013521303070,3,9,0,2,0,0,0,0,0,0,2,1,6,3,-1,1598,2,2,-1,-1
2013521303071,1,9,0,18,0,0,0,7,0,0,1,1,6,1,11,1589,1,14,4,1
2013521303072,1,11,0,18,8,6,0,0,0,0,4,1,6,3,6,-1,-1,-1,-1,-1
2013521303074,1,9,0,18,0,6,0,0,0,0,1,1,6,2,7,1834,1,10,8,3
2013521303074,2,9,0,18,0,8,0,0,0,0,1,1,6,2,7,1587,1,9,9,2
2013521303076,1,9,0,4,0,1,0,0,0,0,1,1,1,1,8,-1,-1,-1,2,1
2013521303076,2,9,0,4,0,1,0,0,0,0,2,1,6,1,7,1999,1,9,2,1
2013521303078,1,9,0,18,0,6,0,0,0,0,1,1,6,2,9,1390,1,14,4,1
2013521303078,2,1,0,18,0,8,0,0,0,0,1,1,6,1,8,-1,-1,-1,2,1
2013521303095,1,9,0,7,0,6,0,0,3,10,1,1,6,1,11,1348,1,11,2,1
2013521303095,2,9,0,18,0,8,0,0,0,0,4,1,6,2,4,1329,1,3,7,3
2013521303096,1,9,0,18,0,0,5,0,0,0,0,1,6,1,4,1199,1,12,5,1
2013521303098,1,9,0,9,0,5,0,0,0,0,3,1,6,1,4,1398,2,1,10,1
2013521303098,2,5,0,14,0,1,0,0,0,0,1,1,6,1,5,599,1,2,5,3
2013521303099,1,9,0,16,0,8,0,0,0,0,3,1,6,2,7,1240,1,10,7,1
2013521303099,2,9,0,16,0,8,1,0,0,0,1,1,6,1,4,1229,1,8,10,1
2013521303108,1,9,0,18,0,0,0,0,0,0,1,1,1,1,8,1560,2,3,10,1
2013521303108,2,9,0,18,0,0,0,0,0,0,1,1,6,2,4,-1,-1,-1,-1,-1
2013521303110,1,4,0,18,0,2,0,0,0,0,0,1,6,1,4,124,1,-1,10,1
2013521303111,1,9,0,18,0,8,5,0,0,0,1,1,6,2,8,1364,1,7,9,2
2013521303111,2,9,0,7,0,6,0,0,0,0,1,1,1,2,5,-1,-1,-1,8,3
2013521303114,1,9,0,18,0,0,0,0,0,0,1,1,6,2,4,1392,1,14,5,1
2013521303114,2,9,0,18,0,0,0,0,0,0,1,1,6,1,8,1995,2,1,-1,-1
2013521303116,1,9,0,18,0,6,0,0,0,0,1,1,6,1,10,-1,-1,-1,5,3
2013521303116,2,9,0,18,0,1,0,0,0,0,1,1,6,2,11,-1,-1,-1,6,1
2013521303116,3,9,0,18,0,1,0,0,0,0,2,1,6,2,7,2976,1,10,2,1
2013521303118,1,9,0,18,0,8,0,0,0,0,1,1,6,1,6,1994,1,15,8,1
2013521303118,2,97,0,7,0,6,0,0,0,0,3,1,6,1,4,-1,-1,-1,4,1
2013521303119,1,9,0,18,9,0,0,0,7,0,1,1,6,2,5,1199,1,12,4,1
2013521303120,1,9,0,2,0,0,0,0,0,0,4,1,6,2,6,2993,2,10,1,1
2013521303120,2,9,0,18,0,0,0,8,0,0,4,1,6,1,7,1686,2,7,-1,-1
2013521303121,1,1,0,18,0,8,0,0,0,0,2,1,6,1,7,-1,-1,-1,7,1
2013521303121,2,9,0,13,0,8,1,0,0,0,1,1,6,1,6,1956,2,-1,3,1
2013521303129,1,9,0,18,0,8,0,0,0,0,1,1,6,1,5,1968,2,5,3,1
2013521303129,2,9,0,18,0,6,0,0,0,0,4,1,6,2,7,1796,1,2,6,1
2013521303131,1,9,0,18,0,0,5,0,1,7,4,1,6,1,4,-1,-1,-1,1,1
2013521303135,1,9,0,18,0,0,0,0,0,0,1,1,6,2,6,1299,1,16,2,1
2013521303136,1,19,0,9,0,6,0,0,0,0,1,1,6,1,6,1968,2,1,8,1
2013521303136,2,5,0,18,0,8,0,0,0,0,3,1,6,1,9,649,1,-1,4,1
2013521303137,1,9,0,5,0,6,0,0,0,0,1,1,6,1,6,1984,1,12,10,1
2013521303138,1,11,0,5,0,2,0,0,0,0,0,1,6,1,6,-1,-1,-1,8,1
2013521303138,2,1,0,18,0,2,0,0,0,0,0,1,6,1,6,-1,-1,-1,8,1
2013521303143,1,9,0,18,0,8,0,0,0,0,1,1,6,1,5,1397,1,14,5,1
2013521303145,1,9,0,7,0,6,0,0,0,0,1,1,6,1,10,2597,1,11,5,1
2013521303145,2,9,0,18,0,8,0,0,0,0,1,1,6,1,10,1560,2,2,1,1
2013521303147,1,9,0,18,0,0,0,0,0,0,3,1,6,2,6,999,1,2,7,1
2013521303147,2,11,0,12,0,0,0,0,0,0,3,1,1,1,6,-1,-1,-1,-1,-1
2013521303154,1,9,0,12,0,8,0,0,0,0,1,1,6,2,6,-1,-1,-1,-1,-1
2013521303167,1,9,0,9,0,5,0,0,0,0,1,1,6,1,4,1124,1,11,6,1
2013521303167,2,9,0,18,0,8,0,0,0,0,1,1,6,2,6,1598,1,7,5,1
2013521303169,1,9,0,18,0,8,0,0,0,0,3,1,6,1,10,996,1,2,2,1
2013521303169,2,1,0,5,0,6,0,0,0,0,1,1,6,1,4,-1,-1,-1,-1,-1
2013521303170,1,19,0,18,0,0,0,0,0,0,3,1,1,2,6,2151,2,9,5,2
2013521303170,2,21,0,11,0,0,0,0,0,0,4,1,6,1,7,16120,2,5,7,2
2013521303172,1,9,0,18,0,4,0,0,0,0,1,1,6,2,8,-1,-1,-1,8,1
2013521303172,2,1,0,18,0,8,0,0,0,0,1,1,6,2,6,-1,-1,-1,7,1
2013521303174,1,9,0,9,0,6,0,0,0,0,3,1,6,1,8,4398,1,9,10,1
2013521303174,2,1,0,15,0,8,0,0,0,0,1,1,6,1,9,-1,-1,-1,8,3
2013521303176,1,9,0,3,0,2,0,0,0,0,2,1,6,1,9,2902,2,8,8,1
2013521303176,2,19,0,18,0,2,0,0,0,0,1,1,6,1,6,2496,2,21,8,3
2013521303180,1,9,0,18,0,1,0,0,0,0,1,1,6,1,9,1753,2,9,9,1
2013521303185,1,9,0,13,0,0,0,0,0,0,0,1,6,1,5,-1,-1,-1,-1,-1
2013521303185,2,1,0,18,0,0,0,0,0,0,0,1,6,1,7,-1,-1,-1,9,1
2013521303186,1,9,0,18,0,0,0,0,0,0,3,1,6,1,6,1390,1,9,1,1
2013521303188,1,9,0,9,0,6,0,0,0,0,1,1,6,2,8,2231,2,7,9,1
2013521303188,2,1,0,18,0,8,0,0,0,0,1,1,6,1,5,-1,-1,-1,8,1
2013521303189,1,9,0,18,0,8,0,0,0,0,4,1,6,2,8,1242,1,5,9,1
2013521303189,2,1,0,18,0,8,0,0,0,0,1,1,6,2,5,-1,-1,-1,8,1
2013521303192,1,9,0,18,0,0,0,0,0,0,4,1,6,1,6,1397,1,25,4,1
2013521303208,1,9,0,18,0,1,0,0,0,0,1,1,6,2,7,1598,1,15,6,1
2013521303208,2,2,0,9,0,5,0,0,0,0,1,1,6,1,4,-1,-1,-1,5,1
2013521303209,1,9,0,18,0,0,0,0,0,0,1,1,6,1,7,1997,2,8,8,1
2013521303209,2,9,0,4,0,0,0,0,0,0,2,1,6,1,5,1900,2,14,5,1
2013521303209,3,9,0,4,0,0,0,0,0,0,2,1,6,1,10,1199,1,11,10,1
2013521303211,1,9,0,18,0,8,0,0,3,10,1,1,6,1,7,-1,-1,-1,1,1
2013521303213,1,9,0,18,0,1,0,0,1,7,4,1,6,1,8,1560,2,-1,10,1
2013521303213,2,19,0,2,0,1,0,0,0,0,1,1,1,1,6,1995,2,5,4,1
2013521303213,3,9,0,2,0,1,0,0,0,0,0,1,6,1,7,1560,2,7,6,1
2013521303214,1,3,0,18,0,8,0,0,0,0,1,1,6,1,4,125,1,6,4,1
2013521303214,2,9,0,9,0,5,0,0,0,0,2,1,6,1,6,1390,1,9,9,1
2013521303215,1,9,0,5,0,6,0,0,0,0,0,1,6,1,7,1995,2,6,4,1
2013521303215,2,1,0,18,0,1,0,0,0,0,0,1,6,1,8,-1,-1,-1,7,1
2013521303216,1,19,0,18,0,1,0,0,0,0,1,1,6,1,7,2402,2,11,8,3
2013521303216,2,4,0,18,0,2,0,0,0,0,1,1,6,1,6,-1,-1,-1,1,1
2013521303221,1,9,0,3,0,1,0,0,0,0,2,1,6,2,7,1895,1,14,1,1
2013521303221,2,9,0,18,0,1,0,0,0,0,1,1,6,1,6,1242,1,12,-1,-1
2013521303222,1,9,0,18,0,5,0,0,0,0,3,1,6,1,5,1590,1,9,9,1
2013521303226,1,9,0,7,0,5,0,0,1,10,1,1,6,1,4,998,1,11,5,1
2013521303230,1,9,0,3,0,1,0,0,0,0,2,1,6,2,7,-1,-1,-1,10,1
2013521303230,2,9,0,3,0,1,0,0,0,0,2,1,6,1,10,1560,2,-1,6,3
2013521303230,3,9,0,3,0,1,0,0,0,0,2,1,6,1,9,1560,2,5,10,1
2013521303230,4,9,0,18,0,1,0,0,0,0,1,1,6,2,10,1398,1,2,6,1
2013521303231,1,9,0,3,0,1,0,0,0,0,2,1,6,2,6,1783,1,11,9,1
2013521303231,2,9,0,18,0,1,0,0,0,0,1,1,6,3,-1,998,1,10,-1,-1
2013521303237,1,9,0,7,0,5,0,0,0,0,1,1,6,3,-1,-1,-1,-1,-1,-1
2013521303255,1,9,0,18,0,8,0,10,1,2,1,1,6,2,5,1598,1,11,-1,-1
2013521303256,1,9,0,17,0,0,0,0,0,0,1,1,6,1,7,1995,2,8,5,1
2013521303256,2,9,0,16,0,0,0,0,0,0,1,1,6,1,10,1968,2,2,4,3
2013521303263,1,9,0,18,0,1,0,0,0,0,1,1,6,2,5,1299,1,16,6,1
2013521303263,2,21,1,10,0,8,0,0,0,0,2,1,1,1,6,12580,2,8,5,1
2013521303276,1,9,0,11,0,1,0,0,0,0,4,1,6,1,8,1398,1,-1,6,1
2013521303276,2,4,0,18,2,1,0,0,0,0,1,1,6,1,9,1151,1,-1,5,1
2013521303277,1,1,0,18,0,0,0,0,0,0,3,1,2,1,7,-1,-1,-1,7,1
2013521303277,2,9,0,13,0,0,0,0,0,0,4,1,6,3,-1,-1,-1,-1,-1,-1
2013521303278,1,1,0,18,0,6,0,0,0,0,4,1,6,2,3,-1,-1,-1,6,1
2013521303278,2,9,0,18,0,8,0,0,0,0,4,1,6,1,8,-1,-1,-1,-1,-1
2013521303282,1,9,0,18,0,1,0,0,0,0,1,1,6,2,5,1998,1,12,1,1
2013521303282,2,3,0,3,0,1,0,0,0,0,2,1,6,1,8,124,1,8,8,1
2013521303286,1,9,0,12,0,2,0,0,0,0,3,1,1,1,-1,1753,2,4,-1,-1
2013521303286,2,9,0,18,0,2,0,0,0,0,4,1,6,1,6,1796,1,10,3,1
2013521303289,1,3,0,18,0,1,1,0,0,0,0,1,6,1,8,124,1,1,3,1
2013521303289,2,9,0,9,0,4,0,0,0,0,0,1,6,2,8,1397,1,3,8,1
2013521303293,1,9,0,1,0,0,0,0,0,1,2,1,6,1,8,2497,2,15,4,1
2013521303293,2,3,0,3,0,0,0,0,0,0,1,1,6,1,8,124,1,4,2,1
2013521303322,1,1,0,18,9,0,0,0,0,0,1,1,6,1,8,-1,-1,-1,6,1
2013521303325,1,19,0,9,0,5,0,0,0,0,3,1,6,1,7,1399,2,6,8,1
2013521303325,2,90,0,18,0,8,0,0,0,0,3,1,6,2,4,-1,-1,-1,4,1
2013521303337,1,9,0,4,0,8,0,0,0,0,1,1,6,2,9,1596,1,11,4,1
2013521303337,2,9,0,18,0,8,0,0,0,0,1,1,6,1,7,1995,2,2,10,1
2013521303337,3,9,0,4,0,8,0,0,0,0,2,1,6,1,8,2354,1,8,10,1
2013521303343,1,21,1,9,0,3,0,0,0,0,4,1,1,1,7,11000,2,15,10,1
2013521303343,2,9,0,9,0,3,0,0,0,0,3,1,6,2,7,998,1,6,4,1
2013521303344,1,9,0,18,0,0,1,0,0,0,1,1,6,1,6,1584,1,12,1,1
2013521303344,2,9,0,3,0,0,0,0,0,0,2,1,6,1,7,-1,-1,-1,7,1
2013521303355,1,1,0,9,0,5,0,0,0,0,3,1,6,1,6,-1,-1,-1,4,1
2013521303355,2,19,0,8,0,6,0,0,0,0,3,1,6,1,8,-1,-1,-1,8,3
2013521303356,1,9,0,18,0,0,0,0,0,0,1,1,6,1,7,2696,2,6,10,1
2013521303356,2,9,0,3,0,0,0,0,0,0,2,1,6,1,6,998,1,7,8,3
2013521303360,1,9,0,16,0,8,0,4,0,0,1,1,6,1,11,1198,1,8,6,1
2013521303360,2,9,0,18,0,1,0,4,0,0,1,1,6,2,6,1149,1,10,8,1
2013521303360,3,9,0,2,0,1,0,0,0,0,2,1,6,3,-1,1124,1,11,-1,-1
2013521303360,4,9,0,2,0,1,0,0,0,0,2,1,6,3,-1,-1,-1,-1,-1,-1
2013521303383,1,3,0,18,0,1,0,0,0,0,1,1,6,1,5,124,1,3,6,1
2013521303383,2,20,1,18,0,1,0,0,0,0,2,1,6,1,9,4461,2,3,8,1
2013521303384,1,9,0,18,0,0,0,0,0,0,1,1,6,1,8,-1,-1,-1,6,1
2013521303385,1,5,0,18,0,1,0,0,0,0,1,1,6,1,8,598,1,22,1,1
2013521303388,1,9,0,9,0,5,0,0,0,0,1,1,6,2,8,1598,1,3,1,1
2013521303388,2,4,0,18,2,8,0,0,0,0,1,1,6,1,8,499,1,15,10,1
2013521303392,1,5,0,18,0,3,1,0,0,0,4,1,6,1,8,955,1,9,4,1
2013521303392,2,9,0,9,0,8,0,0,0,0,1,2,6,3,-1,-1,-1,-1,-1,-1
2013521303395,1,9,0,3,0,1,0,0,0,0,2,1,2,1,6,1198,1,1,10,1
2013521303395,2,9,0,18,0,1,0,0,0,0,1,1,6,3,-1,-1,-1,-1,-1,-1
2013521303396,1,9,0,18,0,0,1,4,0,0,1,1,2,1,4,1596,1,9,9,1
2013521303396,2,9,0,2,0,0,0,0,0,0,2,1,6,3,-1,1796,1,13,-1,-1
2013521303396,3,9,0,2,0,0,0,0,0,0,1,1,6,3,-1,1896,2,10,-1,-1
2013521303414,1,9,0,18,0,1,0,0,0,0,1,1,6,3,-1,1299,1,14,-1,-1
2013521303415,1,9,0,18,0,0,0,0,0,0,1,1,6,1,6,1390,1,7,8,1
2013521303415,2,9,0,18,0,0,0,0,0,0,0,1,6,3,-1,-1,-1,-1,-1,-1
2013521303416,1,9,0,12,0,0,0,0,0,0,1,1,6,3,-1,1598,2,-1,-1,-1
2013521303416,2,9,0,3,0,0,0,0,0,0,2,1,6,1,8,2231,2,3,8,1
2013521303417,1,9,0,6,0,0,0,0,0,0,1,1,6,2,5,1598,1,1,1,1
2013521303417,2,90,0,5,0,0,0,0,0,0,3,1,6,3,-1,-1,-1,-1,-1,-1
2013521303436,1,9,0,9,0,5,0,0,0,0,1,1,6,1,7,1498,1,14,1,1
2013521303436,2,1,0,18,2,8,0,0,0,0,1,1,6,1,8,-1,-1,-1,4,1
2013521303441,1,9,0,2,0,0,0,0,0,0,2,1,6,1,6,1896,2,17,5,1
2013521303441,2,9,0,18,0,0,0,4,0,0,1,1,6,1,5,-1,-1,-1,-1,-1
2013521303458,1,9,0,10,0,5,0,0,0,0,2,1,6,2,7,1840,1,10,3,1
2013521303458,2,9,0,18,0,1,0,0,0,0,1,1,6,1,6,1686,2,2,4,1
2013521303462,1,4,0,18,0,8,0,0,0,0,1,1,6,1,8,125,1,2,10,2
2013521303466,1,1,0,18,0,8,0,0,0,0,1,1,6,2,6,-1,-1,-1,1,1
2013521303466,2,9,0,7,0,8,0,0,0,0,1,1,6,3,-1,-1,-1,-1,-1,-1
2013521303469,1,1,0,18,2,8,0,0,0,0,3,1,6,1,7,-1,-1,-1,3,1
2013521303469,2,9,0,7,0,5,0,0,0,0,1,1,6,3,-1,-1,-1,-1,-1,-1
2013521303470,1,1,0,18,0,8,0,0,0,0,1,1,6,1,6,-1,-1,-1,3,1
2013521303470,2,9,0,7,0,8,0,0,0,0,1,1,6,2,9,1198,1,3,9,1
2013521303474,1,2,0,18,0,8,0,0,0,0,1,1,6,1,4,49,1,28,5,1
2013521303474,2,9,0,7,0,6,0,0,0,0,1,1,6,1,6,1796,1,11,4,1
2013521303477,1,9,0,18,0,1,0,0,0,0,1,1,6,2,7,1560,2,3,8,2
2013521303477,2,9,0,3,0,1,0,0,0,0,2,1,6,2,5,1497,1,11,4,1
2013521303477,3,9,0,9,0,1,0,0,0,0,2,1,6,1,5,1364,1,6,10,1
2013521303478,1,1,0,18,0,0,0,8,0,0,1,1,2,1,6,-1,-1,-1,5,1
2013521303478,2,9,0,2,0,0,0,0,0,0,3,1,6,2,7,-1,-1,-1,-1,-1
2013521303479,1,11,0,4,0,1,0,0,0,0,0,1,1,3,-1,-1,-1,-1,-1,-1
2013521303484,1,9,0,3,0,0,0,0,0,0,2,1,6,1,7,1968,2,8,8,1
2013521303484,2,9,0,3,0,0,0,0,0,0,2,1,6,1,8,1498,1,5,8,1
2013521303484,3,9,0,4,0,0,0,0,0,0,2,1,6,2,5,1799,1,3,8,1
2013521303484,4,9,0,4,0,0,0,0,0,0,1,1,6,1,6,1299,1,11,4,1
2013521303484,5,9,0,18,0,0,0,0,0,0,1,1,6,1,5,1598,1,14,10,1
2013521303487,1,9,0,18,0,1,0,0,0,0,1,1,6,1,9,2967,2,-1,3,1
2013521303487,2,9,0,3,0,1,0,0,0,0,2,1,6,1,6,1498,1,13,2,1
2013521303488,1,9,0,18,0,0,5,0,0,10,1,1,6,1,5,1229,1,5,3,1
2013521303499,1,9,0,8,0,1,0,0,0,0,1,1,6,1,6,1497,8,6,10,1
2013521303499,2,9,0,1,0,1,0,0,0,0,2,1,6,1,4,1390,1,6,-1,-1
2013521303505,1,9,0,9,0,8,0,0,0,0,3,1,2,1,9,1598,2,2,3,1
2013521303521,1,11,0,18,0,8,0,0,0,0,1,1,1,1,8,3900,2,7,8,1
2013521303521,2,9,0,9,0,5,5,0,7,2,2,1,6,1,5,1229,1,8,2,1
2013521303523,1,9,0,18,0,1,0,0,0,0,1,1,6,2,11,1339,1,7,9,1
2013521303527,1,9,0,9,0,6,0,0,0,0,3,1,6,1,8,2987,2,3,8,3
2013521303527,2,5,0,18,0,8,0,0,0,0,1,1,1,1,8,1052,1,14,8,1
2013521303533,1,9,0,18,0,0,0,0,0,0,1,1,6,2,6,1242,1,3,3,1
2013521303533,2,9,0,18,0,0,0,0,0,0,1,1,6,1,6,2179,2,1,6,3
2013521303533,3,9,0,18,0,0,0,0,0,0,1,1,6,1,7,-1,-1,-1,2,1
2013521303533,4,9,0,18,0,0,0,0,0,0,1,1,6,1,8,1799,1,6,7,3
2013521303533,5,9,0,18,0,0,0,0,0,0,1,1,6,1,6,1896,2,11,5,1
2013521303534,1,8,0,18,0,2,0,0,0,0,3,1,1,2,10,2664,2,11,4,1
2013521303535,1,9,0,2,0,0,0,0,0,0,3,1,6,1,6,-1,-1,-1,6,1
2013521303535,2,9,0,7,0,0,0,0,0,0,3,1,6,3,7,-1,-1,-1,-1,-1
2013521303548,1,9,0,18,0,0,0,0,0,0,1,1,6,2,4,1299,1,16,7,3
2013521303549,1,9,0,5,0,6,0,0,0,0,1,1,6,1,8,1796,1,10,4,1
2013521303549,2,9,0,18,0,1,0,0,0,0,1,1,6,1,7,1896,2,10,7,1
2013521303549,3,9,0,18,0,1,0,0,0,0,3,1,6,1,6,-1,-1,-1,-1,-1
2013521303549,4,9,0,18,0,1,0,0,0,0,1,1,6,2,6,1299,1,11,7,3
2013521303551,1,4,0,18,2,8,0,0,0,0,1,1,6,1,6,124,1,15,5,1
2013521303551,2,9,0,7,0,6,0,0,0,0,2,1,6,1,7,1984,2,7,3,1
2013521303551,3,9,0,3,0,1,0,0,0,0,0,1,6,1,-1,-1,-1,-1,-1,-1
2013521303552,1,9,0,11,0,8,0,0,0,0,0,1,6,1,5,1968,2,8,9,1
2013521303552,2,1,0,18,0,8,0,0,0,0,1,1,6,1,6,-1,-1,-1,8,1
2013521303559,1,90,1,11,0,8,0,0,0,0,1,1,1,1,8,-1,2,10,5,1
2013521303559,2,9,0,18,0,7,0,0,0,0,3,1,6,2,8,1461,2,-1,3,1
2013521303561,1,2,0,18,0,8,0,0,0,0,2,1,4,1,4,49,1,9,7,2
2013521303561,2,9,0,18,0,4,0,0,0,0,1,1,6,2,5,1796,1,13,7,1
2013521303563,1,9,0,18,0,1,0,0,0,0,1,1,6,1,5,1587,1,13,9,1
2013521303571,1,1,0,18,0,8,0,0,0,0,1,1,6,1,8,-1,-1,-1,7,1
2013521303571,2,9,0,9,0,5,0,0,0,0,3,1,1,1,8,-1,-1,-1,4,1
2013521303601,1,5,0,18,0,8,0,0,0,0,3,1,6,1,7,998,1,5,9,1
2013521303601,2,9,0,11,0,8,0,0,0,0,0,1,6,1,5,1390,1,1,-1,-1
2013521303604,1,9,0,3,0,0,0,0,0,0,2,1,6,2,5,-1,-1,-1,3,1
2013521303604,2,9,0,18,0,0,0,0,0,0,1,1,6,1,5,1598,1,11,-1,-1
2013521303614,1,9,0,18,0,0,0,0,0,0,1,1,6,1,7,1951,2,11,8,1
2013521303614,2,19,0,18,0,0,0,0,0,0,1,1,6,1,6,2496,2,16,7,2
2013521303615,1,9,0,1,9,0,0,0,0,0,2,1,6,1,7,1149,1,12,10,1
2013521303616,1,9,0,18,0,6,0,0,0,0,2,1,6,1,6,1364,1,8,4,1
2013521303616,2,9,0,18,0,8,0,0,0,0,1,1,6,1,8,1275,1,19,1,1
2013521303628,1,9,0,18,0,0,0,0,2,7,1,1,6,1,8,2987,2,8,-1,3
2013521303633,1,11,0,5,0,0,0,0,0,0,4,1,6,1,8,6370,2,11,4,1
2013521303636,1,9,0,7,0,3,0,0,0,0,2,1,6,1,9,-1,-1,-1,7,1
2013521303636,2,9,0,18,0,1,0,0,0,0,1,1,6,2,7,1349,1,2,7,1