Accident_Index,Vehicle_Reference,Vehicle_Type,Towing_and_Articulation,Vehicle_Manoeuvre,Vehicle_Location-Restricted_Lane,Junction_Location,Skidding_and_Overturning,Hit_Object_in_Carriageway,Vehicle_Leaving_Carriageway,Hit_Object_off_Carriageway,1st_Point_of_Impact,Was_Vehicle_Left_Hand_Drive?,Journey_Purpose_of_Driver,Sex_of_Driver,Age_Band_of_Driver,Engine_Capacity_(CC),Propulsion_Code,Age_of_Vehicle,Driver_IMD_Decile,Driver_Home_Area_Type
2013521304717,2,9,0,18,0,0,0,0,0,0,1,1,6,1,6,1560,2,4,5,1
2013521304718,1,4,0,18,5,0,0,0,0,0,1,1,6,1,5,-1,-1,-1,-1,1
2013521304718,2,1,0,18,5,0,0,0,0,0,1,1,6,1,8,-1,-1,-1,-1,3
2013521304725,1,9,0,3,0,8,0,0,0,0,4,1,6,2,6,1197,1,-1,2,1
2013521304725,2,9,0,18,0,8,0,8,0,0,1,1,6,3,-1,-1,-1,-1,-1,-1
2013521304727,1,9,0,7,0,2,0,10,1,10,4,1,6,2,7,1991,2,4,5,1
2013521304731,1,9,0,7,0,6,0,0,0,0,1,1,6,2,6,1198,1,1,7,1
2013521304731,2,1,0,14,0,8,0,0,0,0,1,1,6,1,6,-1,-1,-1,9,1
2013521304732,1,1,0,18,0,6,0,0,0,0,4,1,6,1,2,-1,-1,-1,2,1
2013521304732,2,9,0,5,0,8,0,0,0,0,1,1,6,1,6,-1,-1,-1,-1,-1
2013521304736,1,9,0,5,0,4,0,0,0,0,1,1,2,1,9,-1,-1,-1,10,1
2013521304736,2,1,0,18,0,3,0,0,0,0,4,1,2,2,8,-1,-1,-1,10,1
2013521304737,1,9,0,7,0,6,0,0,0,0,3,1,2,1,9,1896,2,6,9,2
2013521304737,2,1,0,18,0,8,0,0,0,0,4,1,1,2,6,-1,-1,-1,6,1
2013521304752,1,9,0,18,0,8,0,0,0,0,4,1,6,1,7,-1,-1,-1,8,1
2013521304752,2,9,0,9,0,6,0,0,0,0,1,1,6,1,9,1968,2,2,10,2
2013521304754,1,9,0,18,0,0,0,0,0,0,4,1,1,1,6,1998,1,16,1,1
2013521304756,1,9,0,9,0,5,0,0,0,0,1,1,6,2,10,1332,1,4,10,1
2013521304756,2,1,0,18,0,8,0,0,0,0,3,1,6,1,8,-1,-1,-1,4,1
2013521304758,1,9,0,18,0,8,0,0,0,0,1,1,6,1,6,-1,-1,-1,3,1
2013521304758,2,1,0,9,0,6,0,0,0,0,1,1,6,1,3,-1,-1,-1,6,1
2013521304767,1,11,0,12,0,1,0,0,0,0,1,1,1,1,7,-1,-1,-1,6,1
2013521304767,2,21,1,3,0,1,0,0,0,0,2,1,1,2,7,2287,2,3,6,1
2013521304767,3,19,0,3,0,1,0,0,0,0,2,1,1,1,8,-1,-1,-1,5,1
2013521304779,1,9,0,18,0,1,0,0,0,0,1,1,6,1,7,2198,2,8,4,1
2013521304779,2,1,0,12,0,1,0,0,0,0,1,1,6,1,7,-1,-1,-1,9,2
2013521304782,1,9,0,18,0,1,0,0,0,0,1,1,6,2,8,1390,1,1,8,3
2013521304782,2,9,0,3,0,1,0,0,0,0,2,1,6,2,8,1242,1,14,2,1
2013521304788,1,9,0,18,0,8,0,0,0,0,1,1,6,2,9,2435,1,13,6,1
2013521304788,2,1,0,18,0,8,0,0,0,0,3,1,6,1,5,-1,-1,-1,-1,-1
2013521304795,1,9,0,11,0,8,0,0,0,0,1,1,6,1,11,1796,1,13,7,1
2013521304809,1,9,0,8,0,1,0,0,0,0,2,1,1,2,4,1399,2,2,3,1
2013521304809,2,9,0,5,0,1,0,0,0,0,1,1,6,1,7,2295,1,16,2,1
2013521304824,1,1,0,18,4,8,0,0,0,0,4,1,6,2,7,-1,-1,-1,1,1
2013521304824,2,9,0,9,0,6,0,0,0,0,1,1,6,2,7,-1,-1,-1,-1,-1
2013521304828,1,9,0,18,0,0,0,0,0,0,1,1,6,1,4,1124,1,13,9,1
2013521304828,2,9,0,18,0,0,0,0,0,0,1,1,6,2,7,-1,-1,-1,9,1
2013521304830,1,9,0,7,0,5,0,0,0,0,1,1,6,1,9,-1,-1,-1,8,1
2013521304830,2,1,0,18,2,8,0,0,0,0,1,1,6,1,5,-1,-1,-1,4,1
2013521304831,1,9,0,9,0,5,0,0,0,0,1,1,6,2,-1,1242,1,11,3,1
2013521304831,2,5,0,18,0,1,0,0,0,0,1,1,6,1,7,600,1,12,3,1
2013521304836,1,9,0,11,0,8,0,0,0,0,2,1,6,2,5,-1,-1,-1,-1,-1
2013521304836,2,9,0,18,0,8,0,0,0,0,1,1,6,3,-1,1796,1,12,-1,-1
2013521304838,1,11,0,2,2,0,0,0,0,0,3,1,1,2,7,-1,-1,-1,-1,-1
2013521304838,2,1,0,18,2,0,0,8,0,0,1,1,6,1,6,-1,-1,-1,9,1
2013521304844,1,9,0,9,0,6,0,0,0,0,1,1,6,2,5,-1,-1,-1,-1,1
2013521304844,2,9,0,18,0,8,0,0,0,0,1,1,6,1,7,1596,1,2,5,1
2013521304853,1,9,0,18,9,0,0,0,0,0,4,1,6,3,-1,-1,-1,-1,-1,-1
2013521304855,1,9,0,3,0,1,0,0,0,0,2,1,6,2,5,1242,1,5,1,1
2013521304855,2,9,0,5,0,1,0,0,0,0,1,1,6,1,9,2204,2,5,5,1
2013521304860,1,9,0,5,0,2,0,0,0,0,1,1,6,2,11,1240,1,7,8,1
2013521304861,1,1,0,18,0,8,0,0,0,0,1,1,6,1,7,-1,-1,-1,8,1
2013521304861,2,9,0,7,0,5,0,0,0,0,0,1,6,3,7,2494,1,13,-1,-1
2013521304862,1,9,0,11,0,8,0,0,0,0,1,1,6,1,8,2401,2,8,10,1
2013521304862,2,1,0,18,0,8,0,0,0,0,1,1,6,2,6,-1,-1,-1,9,1
2013521304865,1,1,0,9,0,5,0,0,0,0,1,1,6,1,6,-1,-1,-1,8,1
2013521304865,2,9,0,7,0,6,0,0,0,0,3,1,6,2,5,-1,-1,-1,8,3
2013521304866,1,1,0,18,0,2,0,0,0,0,3,1,6,2,6,-1,-1,-1,2,1
2013521304866,2,21,0,18,0,2,0,0,0,0,4,1,6,1,9,10518,2,1,8,1
2013521304867,1,9,0,18,0,0,0,0,0,0,1,1,6,1,8,2800,2,18,2,1
2013521304867,2,9,0,18,0,0,1,0,0,0,1,1,6,1,4,1390,1,6,-1,-1
2013521304868,1,9,0,17,0,1,0,0,1,2,1,1,6,2,11,1248,1,4,7,1
2013521304874,1,9,0,18,0,2,0,0,0,0,1,1,6,1,8,1968,2,5,3,1
2013521304878,1,20,0,3,0,1,0,0,0,0,2,1,6,1,7,-1,-1,-1,1,1
2013521304878,2,3,0,18,0,1,0,0,0,0,1,1,6,1,11,171,1,3,6,1
2013521304880,1,9,0,18,0,8,0,0,0,0,4,1,6,2,6,1332,1,20,5,1
2013521304880,2,1,0,18,0,6,0,0,0,0,1,1,6,1,5,-1,-1,-1,-1,-1
2013521304884,1,9,0,7,0,5,0,0,0,0,4,1,6,2,7,1198,1,-1,5,1
2013521304884,2,1,0,18,9,8,0,0,0,0,1,1,6,1,7,-1,-1,-1,-1,-1
2013521304889,1,1,0,18,0,0,0,0,0,0,1,1,6,1,4,-1,-1,-1,5,1
2013521304891,1,9,0,17,0,8,0,0,0,0,1,1,6,1,9,1596,1,6,10,1
2013521304891,2,9,0,18,0,6,0,0,0,0,1,1,6,2,7,998,1,9,5,1
2013521304896,1,9,0,9,0,5,0,0,0,0,1,1,6,1,6,1196,1,17,7,1
2013521304896,2,9,0,2,0,2,0,0,0,0,1,1,6,3,-1,1560,2,4,-1,-1
2013521304896,3,1,0,18,2,8,0,0,0,0,1,1,6,1,5,-1,-1,-1,2,1
2013521304897,1,9,0,1,0,6,1,0,8,10,2,1,6,1,11,1299,1,17,7,1
2013521304898,1,9,0,18,0,0,0,0,0,0,1,1,6,1,4,973,1,13,-1,1
2013521304898,2,9,0,18,0,0,0,0,0,0,2,1,6,2,8,1998,1,8,-1,2
2013521304901,1,9,0,9,0,5,0,0,0,0,1,1,6,1,4,-1,-1,-1,2,1
2013521304901,2,3,0,18,0,8,0,0,0,0,1,1,6,1,6,124,1,5,6,1
2013521304902,1,9,0,9,0,6,0,0,0,0,3,1,6,2,6,1968,2,1,-1,-1
2013521304902,2,5,0,18,0,8,1,0,0,0,1,1,6,1,7,599,1,8,3,1
2013521304905,1,9,0,18,0,0,0,0,0,0,4,1,6,2,9,1242,1,14,7,1
2013521304905,2,1,0,18,0,0,0,0,0,0,2,1,6,1,9,-1,-1,-1,4,1
2013521304916,1,9,0,3,0,1,0,0,0,0,2,1,6,2,7,-1,-1,-1,8,1
2013521304916,2,9,0,18,0,1,0,0,0,0,1,1,6,2,5,973,1,14,8,1
2013521304916,3,9,0,18,0,1,0,0,0,0,1,1,6,1,7,-1,-1,-1,1,1
2013521304918,1,9,0,11,0,0,5,0,0,0,0,1,6,1,8,-1,-1,-1,3,1
2013521304919,1,9,0,17,0,0,0,0,0,0,1,1,6,1,7,1598,1,7,1,1
2013521304919,2,9,0,16,0,0,0,0,0,0,1,1,6,1,10,1560,2,2,6,1
2013521304922,1,9,0,18,0,6,1,4,0,0,1,1,6,2,8,2497,1,11,5,1
2013521304922,2,9,0,18,0,8,1,0,0,2,2,1,6,1,8,-1,-1,-1,3,1
2013521304922,3,9,0,2,0,2,0,0,0,0,3,1,6,3,-1,1242,1,16,-1,-1
2013521304924,1,9,0,18,0,0,0,0,0,0,1,1,6,1,4,1242,1,7,-1,2
2013521304924,2,9,0,18,0,0,0,0,0,0,1,1,6,1,5,1998,1,8,-1,1
2013521304926,1,9,0,9,0,1,0,0,0,0,3,1,6,1,7,1968,2,2,8,1
2013521304926,2,5,0,13,0,1,0,0,0,0,1,1,6,1,7,-1,-1,-1,8,1
2013521304929,1,9,0,7,0,4,0,0,0,0,3,1,6,1,6,1149,1,6,8,1
2013521304929,2,1,0,9,0,8,0,0,0,0,1,1,6,1,6,-1,-1,-1,4,1
2013521304932,1,9,0,18,0,2,0,0,0,0,1,1,6,2,10,1798,8,1,10,3
2013521304934,1,9,0,5,4,1,0,0,0,0,1,1,6,2,6,2993,2,8,10,1
2013521304934,2,9,0,3,0,1,0,0,0,0,2,1,6,2,6,1399,2,6,-1,-1
2013521304939,1,9,0,9,0,6,0,0,0,0,3,1,6,2,6,1796,1,7,1,1
2013521304939,2,5,0,14,0,8,0,0,0,0,1,1,6,1,8,1170,1,3,7,2
2013521304949,1,1,0,18,0,8,0,0,0,0,3,1,6,1,3,-1,-1,-1,10,1
2013521304949,2,9,0,7,0,5,0,0,0,0,1,1,6,3,-1,-1,-1,-1,-1,-1
2013521304951,1,9,0,18,0,0,0,0,0,0,3,1,6,2,5,1598,1,7,7,1
2013521304951,2,9,0,13,0,0,0,0,0,0,4,1,6,2,7,1840,1,12,7,1
2013521304952,1,9,0,18,0,0,1,0,0,0,1,1,6,1,4,1149,1,12,2,1
2013521304953,1,1,0,18,0,0,0,4,0,0,1,1,6,2,10,-1,-1,-1,4,1
2013521304953,2,9,0,2,0,0,0,0,0,0,1,1,6,3,-1,-1,-1,-1,-1,-1
2013521304954,1,3,0,9,0,6,0,0,0,0,1,1,6,1,4,49,1,2,2,1
2013521304955,1,9,0,13,0,1,1,0,0,0,3,1,2,2,7,1275,1,17,3,1
2013521304955,2,9,0,17,0,2,0,0,0,0,3,1,6,2,10,2720,2,7,6,1
2013521304956,1,1,0,18,0,6,0,0,0,0,1,1,4,1,2,-1,-1,-1,4,1
2013521304956,2,9,0,18,0,8,0,0,0,0,4,1,6,2,7,2495,2,9,6,1
2013521304958,1,9,0,18,0,0,0,0,0,0,1,1,6,2,6,1364,1,8,10,1
2013521304958,2,9,0,18,0,0,0,0,0,0,1,1,6,1,7,1997,2,8,4,1
2013521304958,3,9,0,2,0,0,0,0,0,0,3,1,6,3,-1,-1,-1,-1,-1,-1
2013521304960,1,5,0,18,0,1,0,0,0,0,3,1,6,2,7,645,1,9,2,1
2013521304960,2,9,0,11,0,1,0,0,0,0,4,1,6,2,7,1998,1,11,9,1
2013521304961,1,9,0,15,0,0,0,0,0,0,4,1,6,1,4,1199,1,11,8,1
2013521304961,2,1,0,12,0,0,0,0,0,0,3,1,6,1,4,-1,-1,-1,9,1
2013521304964,1,9,0,5,0,6,0,0,0,0,3,1,6,1,4,-1,-1,-1,9,1
2013521304964,2,9,0,18,0,8,0,0,0,0,1,1,6,1,6,-1,-1,-1,8,1
2013521304993,1,9,0,18,0,0,0,0,0,0,2,1,6,2,7,1997,1,1,10,1
2013521304993,2,9,0,13,0,0,0,0,0,0,1,1,6,1,7,2960,1,21,-1,-1
2013521304998,1,9,0,4,0,1,0,0,0,0,2,1,6,1,7,1997,2,-1,8,1
2013521304998,2,9,0,12,0,1,0,0,0,0,2,1,6,1,9,-1,-1,-1,4,1
2013521304998,3,9,0,18,0,1,0,0,0,0,1,1,6,1,6,-1,-1,-1,8,1
2013521304998,4,19,0,3,0,1,0,0,0,0,2,1,6,1,8,-1,-1,-1,3,1
2013521304999,1,9,0,16,0,8,0,0,0,0,1,1,6,2,5,1590,1,12,4,1
2013521304999,2,1,0,17,0,6,0,0,0,0,1,1,6,1,4,-1,-1,-1,2,1
2013521305003,1,9,0,7,0,6,0,0,0,0,0,1,6,2,8,1598,1,13,8,1
2013521305003,2,90,0,12,0,8,0,0,0,0,1,1,6,2,10,-1,-1,-1,7,1
2013521305003,3,11,0,18,0,8,0,0,0,0,1,1,6,1,7,9360,2,5,2,1
2013521305009,1,2,0,17,0,8,0,0,0,0,1,1,6,1,4,125,1,12,1,1
2013521305009,2,9,0,9,0,6,0,0,0,0,1,1,6,1,6,1598,1,11,7,1
2013521305023,1,9,0,13,0,0,5,0,7,0,0,1,6,1,6,1905,1,23,5,1
2013521305023,2,9,0,18,0,0,0,0,0,0,0,1,6,1,10,-1,-1,-1,8,1
2013521305024,1,9,0,18,0,8,1,0,0,0,1,1,6,2,11,1398,2,6,6,1
2013521305024,2,9,0,7,0,8,0,0,0,0,2,1,6,2,7,1900,2,13,6,1
2013521305026,1,9,0,18,0,0,0,0,0,0,0,1,6,3,-1,-1,-1,-1,-1,-1
2013521305027,1,9,0,18,0,0,0,0,0,0,1,1,6,1,6,-1,-1,-1,7,1
2013521305027,2,4,0,18,0,0,0,0,0,0,1,1,6,1,6,-1,-1,-1,8,3
2013521305033,1,9,0,9,0,6,0,0,0,0,1,1,6,1,10,-1,-1,-1,9,1
2013521305035,1,9,0,12,0,0,0,0,0,0,1,1,6,1,8,-1,-1,-1,7,1
2013521305035,2,19,0,18,0,0,0,0,1,0,1,1,6,1,4,1968,2,1,10,1
2013521305040,1,9,0,15,0,0,0,10,7,0,1,1,6,1,7,1422,2,4,5,2
2013521305041,1,9,0,2,2,0,0,0,0,0,3,1,6,1,9,2993,2,1,10,1
2013521305041,2,1,0,18,0,0,0,8,0,0,1,1,6,2,5,-1,-1,-1,10,1
2013521305044,1,9,0,9,0,8,0,0,0,0,1,1,6,2,6,1796,1,12,5,1
2013521305044,2,1,0,18,0,8,0,0,0,0,1,1,6,1,8,-1,-1,-1,4,2
2013521305047,1,9,0,18,0,8,0,0,0,0,1,1,6,1,9,1995,1,7,9,1
2013521305047,2,9,0,18,0,8,0,0,0,0,1,1,6,1,8,1598,1,8,2,1
2013521305047,3,9,0,18,0,8,0,0,0,0,1,1,1,1,8,1396,2,1,8,2
2013521305047,4,9,0,18,0,8,0,0,0,0,1,1,6,1,8,1582,2,-1,-1,-1
2013521305048,1,9,0,18,0,1,0,0,0,0,1,1,6,2,6,-1,-1,-1,10,3
2013521305048,2,9,0,9,0,6,0,0,0,0,1,1,6,2,6,1998,1,11,8,3
2013521305050,1,9,0,9,0,8,0,0,0,0,4,1,6,1,9,1686,2,9,8,3
2013521305050,2,5,0,18,0,1,0,0,0,0,1,1,6,1,6,675,1,3,9,1
2013521305055,1,9,0,5,0,0,0,0,0,0,4,1,6,2,6,1299,1,12,5,1
2013521305058,1,9,0,4,0,2,0,0,0,0,2,1,6,1,6,2496,2,13,3,1
2013521305058,2,9,0,18,0,2,0,0,0,0,1,1,6,1,9,1598,1,15,7,1
2013521305058,3,9,0,4,0,2,0,0,0,0,2,1,6,2,10,1799,1,15,2,1
2013521305059,1,5,0,18,0,0,0,0,1,7,1,1,6,1,10,1164,1,10,-1,1
2013521305060,1,9,0,18,0,2,0,0,0,0,1,1,6,1,4,-1,-1,-1,6,3
2013521305060,2,1,0,9,0,6,0,0,0,0,4,1,6,1,4,-1,-1,-1,6,1
2013521305064,1,9,0,18,0,0,0,0,0,0,3,1,6,1,6,-1,-1,-1,1,1
2013521305065,1,9,0,5,0,4,0,0,0,0,3,1,6,1,8,1998,2,10,10,1
2013521305065,2,1,0,18,0,8,0,0,0,0,1,1,6,1,4,-1,-1,-1,2,1
2013521305066,1,9,0,9,0,1,0,0,0,0,1,1,6,1,7,-1,-1,-1,6,1
2013521305066,2,9,0,18,0,1,0,0,0,0,1,1,6,1,7,1390,1,5,10,1
2013521305067,1,9,0,9,0,8,0,7,0,0,4,1,1,2,7,1390,1,1,9,1
2013521305067,2,9,0,7,0,4,0,0,0,0,1,1,6,3,6,1995,2,6,-1,-1
2013521305070,1,9,0,9,0,6,0,0,0,0,1,1,6,1,10,1560,2,2,6,3
2013521305070,2,9,0,18,0,8,0,0,0,0,3,1,6,2,9,1753,2,10,-1,-1
2013521305071,1,9,0,18,0,0,0,0,2,10,1,1,6,2,6,1587,1,9,7,1
2013521305074,1,9,0,3,0,0,0,0,0,0,2,1,6,1,7,-1,-1,-1,3,1
2013521305074,2,9,0,18,0,0,0,0,0,0,1,1,6,1,5,-1,-1,-1,4,1
2013521305075,1,9,0,2,0,0,0,0,0,0,3,1,6,1,8,1240,1,9,2,1
2013521305075,2,1,0,18,0,0,0,8,0,0,1,1,6,2,6,-1,-1,-1,5,1
2013521305077,1,9,0,18,0,1,0,0,0,0,1,1,6,1,6,1587,1,11,7,2
2013521305077,2,9,0,4,0,1,0,0,0,0,2,1,6,2,6,1596,1,11,9,1
2013521305077,3,9,0,4,0,1,0,0,0,0,2,1,6,1,5,-1,-1,-1,9,2
2013521305080,1,9,0,18,0,0,0,10,7,0,1,1,6,3,-1,-1,-1,-1,-1,-1
2013521305086,1,9,0,1,9,5,0,0,7,0,2,1,6,2,7,1910,2,9,1,1
2013521305089,1,9,0,2,0,0,0,0,1,9,2,1,6,1,8,1896,2,9,6,1
2013521305089,2,9,0,18,0,0,0,0,0,0,1,1,6,1,4,1390,1,15,3,1
2013521305097,1,9,0,18,0,8,0,0,0,0,3,1,6,1,6,-1,-1,-1,5,1
2013521305097,2,9,0,9,0,5,0,0,0,0,1,1,6,1,6,1229,1,4,5,1
2013521305103,1,9,0,3,0,1,0,0,0,0,2,1,1,2,8,1794,1,9,9,2
2013521305103,2,20,0,18,0,1,0,0,0,0,1,1,6,3,-1,2402,2,10,-1,-1
2013521305105,1,9,0,10,0,1,0,0,0,0,2,1,6,2,7,1850,1,11,5,1
2013521305105,2,9,0,18,0,1,0,0,0,0,1,1,6,3,5,1948,1,14,-1,-1
2013521305112,1,19,0,18,0,1,0,0,0,0,4,1,6,3,5,1995,2,1,1,1
2013521305119,1,9,0,18,0,8,0,0,0,0,1,1,6,1,5,1753,2,6,-1,-1
2013521305119,2,9,0,18,0,8,0,4,0,0,1,1,6,1,6,1598,1,13,9,1
2013521305119,3,9,0,2,0,2,0,0,0,0,1,1,6,3,-1,1397,1,13,-1,-1
2013521305124,1,9,0,18,0,0,0,0,0,0,1,1,6,1,6,-1,-1,-1,-1,-1
2013521305124,2,9,0,3,0,0,0,0,0,0,2,1,6,1,6,1840,1,16,1,1
2013521305124,3,9,0,3,0,0,0,0,0,0,2,2,6,3,-1,1910,2,7,-1,-1
2013521305131,1,90,0,7,0,5,0,0,0,0,4,1,1,1,6,-1,-1,-1,8,1
2013521305131,2,1,0,18,0,8,0,0,0,0,1,1,6,1,6,-1,-1,-1,-1,-1
2013521305148,1,9,0,18,0,0,0,0,0,0,0,1,6,2,7,-1,-1,-1,-1,-1
2013521305157,1,1,0,18,9,0,0,0,0,0,1,1,6,2,7,-1,-1,-1,-1,-1
2013521305158,1,9,0,18,0,0,5,0,4,6,1,1,6,2,5,1360,1,12,2,1
2013521305160,1,11,0,18,2,0,0,0,0,0,1,1,6,1,8,2143,2,-1,10,3
2013521305160,2,1,0,12,2,0,0,0,0,0,3,1,6,1,6,-1,-1,-1,1,1
2013521305162,1,9,0,18,0,1,0,0,0,0,1,1,6,3,-1,-1,-1,-1,-1,-1
2013521305163,1,9,0,7,0,5,0,0,0,0,4,1,6,2,11,998,1,19,3,1
2013521305163,2,1,0,18,0,8,0,0,0,0,3,1,6,1,8,-1,-1,-1,8,1
2013521305164,1,9,0,7,0,6,0,0,0,0,1,1,6,1,8,1596,1,11,1,1
2013521305164,2,9,0,18,0,8,0,0,0,0,1,1,6,2,6,-1,-1,-1,2,1
2013521305168,1,1,0,18,0,0,0,0,0,0,4,1,6,1,7,-1,-1,-1,1,1
2013521305168,2,9,0,12,0,0,0,0,0,0,1,1,6,1,5,-1,-1,-1,-1,-1
2013521305186,1,9,0,18,0,8,0,0,0,0,0,1,6,2,10,1229,1,6,7,1
2013521305186,2,5,0,5,0,4,0,0,0,0,0,1,2,1,8,955,1,10,9,1
2013521305196,1,9,0,18,0,0,0,0,0,0,1,1,6,2,11,998,1,15,7,1
2013521305197,1,9,0,18,0,3,0,0,0,0,4,1,6,1,10,1686,2,3,2,1
2013521305197,2,9,0,15,0,3,0,0,0,0,3,1,6,3,-1,2993,2,3,-1,-1
2013521305215,1,1,0,11,0,0,0,0,0,0,1,1,6,1,8,-1,-1,-1,-1,-1
2013521305215,2,9,0,2,0,0,0,0,0,0,3,1,6,2,7,1799,1,15,8,1
2013521305216,1,9,0,1,9,6,0,0,0,0,2,1,6,2,4,1995,2,9,3,1
2013521305220,1,9,0,9,0,5,0,0,0,0,1,1,6,2,4,1149,1,10,1,1
2013521305220,2,1,0,18,0,8,0,0,0,0,1,1,6,1,6,-1,-1,-1,7,1
2013521305225,1,4,0,9,0,1,0,0,0,0,2,1,6,1,8,499,1,16,10,1
2013521305225,2,9,0,9,0,6,0,0,0,0,1,1,6,2,5,1598,1,3,7,1
2013521305228,1,9,0,18,0,8,0,0,0,0,4,1,6,1,6,1598,1,7,1,1
2013521305232,1,9,0,3,0,1,0,0,0,0,2,1,6,1,8,1390,1,11,5,1
2013521305232,2,9,0,18,0,1,0,0,0,0,1,1,6,2,7,998,1,3,-1,1
2013521305232,3,9,0,18,0,1,0,0,0,0,1,1,6,2,5,1598,1,10,2,1
2013521305236,1,9,0,6,0,0,0,0,0,0,3,1,6,2,7,1396,1,15,4,1
2013521305236,2,9,0,13,0,0,0,0,0,0,1,1,6,2,11,1582,2,2,10,1
2013521305244,1,9,0,4,0,0,0,0,0,0,2,1,6,2,6,1995,2,5,9,1
2013521305244,2,9,0,13,0,0,0,0,0,0,1,1,6,1,5,-1,-1,-1,3,1
2013521305245,1,9,0,16,0,2,0,0,0,0,2,1,6,2,9,1896,2,11,3,1
2013521305245,2,9,0,16,0,2,0,0,0,0,1,1,6,1,6,1149,1,11,10,1
2013521305246,1,9,0,18,0,0,0,0,0,0,4,1,6,2,9,1951,2,10,4,1
2013521305247,1,5,0,14,0,8,0,0,0,0,1,1,6,1,7,599,1,18,6,1
2013521305247,2,9,0,9,0,6,0,0,0,0,2,1,6,2,10,-1,-1,-1,8,1
2013521305251,1,8,0,5,0,4,0,0,0,0,3,1,6,3,-1,-1,-1,-1,-1,-1
2013521305251,2,1,0,5,0,4,0,0,0,0,2,1,6,1,7,-1,-1,-1,7,1
2013521305253,1,1,0,18,4,8,0,0,0,0,4,1,6,1,10,-1,-1,-1,4,1
2013521305253,2,9,0,7,0,6,0,0,0,0,1,1,6,1,8,1796,1,8,9,1
2013521305265,1,1,0,3,0,1,0,0,0,0,2,1,6,1,7,-1,-1,-1,3,1
2013521305265,2,21,1,11,0,4,0,0,0,0,4,1,1,1,6,11946,2,10,-1,-1
2013521305270,1,11,0,4,2,0,0,0,0,0,0,1,6,1,9,-1,2,13,-1,-1
2013521305274,1,9,0,4,0,0,0,0,0,0,1,1,6,3,8,1396,1,11,-1,-1
2013521305277,1,9,0,4,0,0,0,0,0,0,3,1,6,1,4,1149,1,6,8,1
2013521305277,2,9,0,18,0,0,0,0,0,0,1,1,6,2,8,1596,1,13,3,1
2013521305281,1,9,0,18,0,0,0,0,0,10,1,1,6,1,4,1149,1,12,8,1
2013521305282,1,9,0,5,0,1,0,0,0,0,1,1,6,1,6,1598,2,-1,4,1
2013521305282,2,9,0,2,0,1,0,0,0,0,1,1,1,3,-1,2993,2,3,-1,-1
2013521305283,1,9,0,3,0,0,0,0,0,0,2,1,6,2,6,1399,2,6,4,1
2013521305283,2,9,0,18,0,0,0,0,0,0,1,1,6,2,4,1364,1,7,8,2
2013521305283,3,9,0,18,0,0,0,0,0,0,1,1,6,2,4,1229,1,6,4,1
2013521305284,1,9,0,18,0,0,0,10,7,8,1,1,6,1,8,-1,-1,-1,8,1
2013521305285,1,9,0,4,0,0,0,0,0,0,2,1,6,2,6,1798,1,3,2,1
2013521305285,2,9,0,18,0,0,0,0,0,0,2,1,6,2,4,1124,1,17,2,1
2013521305285,3,9,0,18,0,0,0,0,0,0,2,1,6,1,7,1497,1,12,7,1
2013521305285,4,9,0,18,0,0,0,0,0,0,2,1,6,1,9,1769,1,12,5,1
2013521305285,5,9,0,18,0,0,0,0,0,0,1,1,6,2,10,1329,1,3,5,1
2013521305288,1,9,0,14,0,0,0,0,0,0,1,1,6,1,5,1197,1,1,6,1
2013521305288,2,5,0,18,0,0,0,0,0,0,1,1,1,1,5,-1,-1,-1,8,1
2013521305290,1,9,0,18,0,0,0,0,0,0,1,1,6,1,10,2088,2,15,3,1
2013521305290,2,9,0,18,0,0,0,0,0,0,2,1,6,1,9,1796,1,11,10,1
2013521305290,3,9,0,18,0,0,0,0,0,0,2,1,6,2,7,1753,2,5,-1,2
2013521305291,1,9,0,18,0,0,0,0,0,0,1,1,6,1,6,-1,-1,-1,3,1
2013521305299,1,5,0,18,0,0,0,0,0,0,1,1,6,3,-1,-1,-1,-1,-1,-1
2013521305304,1,9,0,18,0,0,0,0,0,0,3,1,1,2,8,1199,1,10,-1,-1
2013521305304,2,9,0,18,0,0,0,0,0,0,3,1,6,2,5,1796,1,8,9,1
2013521305316,1,9,0,18,0,6,0,0,0,0,1,1,6,1,10,1242,1,2,4,1
2013521305318,1,9,0,7,0,5,0,0,0,0,4,1,6,1,8,1796,1,11,1,1
2013521305318,2,2,0,15,0,8,0,0,0,0,3,1,6,1,4,124,1,3,-1,-1
2013521305331,1,9,0,18,0,1,0,0,0,0,1,1,6,2,6,-1,-1,-1,-1,-1
2013521305332,1,9,0,3,0,0,0,0,0,0,2,1,6,2,8,1794,1,12,-1,-1
2013521305332,2,9,0,18,0,0,0,0,0,0,1,1,6,2,5,1242,1,-1,-1,-1
2013521305332,3,9,0,3,0,0,0,0,0,0,2,1,6,3,6,1968,2,1,-1,-1
2013521305335,1,5,0,15,2,0,0,0,0,0,1,1,6,1,5,599,1,10,5,1
2013521305335,2,1,0,16,2,0,0,0,0,0,2,1,6,1,6,-1,-1,-1,9,1
2013521305335,3,1,0,16,2,0,0,0,0,0,4,1,6,1,8,-1,-1,-1,7,3
2013521305335,4,11,0,13,0,0,0,0,0,0,0,1,1,1,9,6370,2,11,4,1
2013521305335,5,9,0,17,0,0,0,0,0,0,1,1,6,2,6,2231,2,3,-1,-1