Accident_Index,Vehicle_Reference,Vehicle_Type,Towing_and_Articulation,Vehicle_Manoeuvre,Vehicle_Location-Restricted_Lane,Junction_Location,Skidding_and_Overturning,Hit_Object_in_Carriageway,Vehicle_Leaving_Carriageway,Hit_Object_off_Carriageway,1st_Point_of_Impact,Was_Vehicle_Left_Hand_Drive?,Journey_Purpose_of_Driver,Sex_of_Driver,Age_Band_of_Driver,Engine_Capacity_(CC),Propulsion_Code,Age_of_Vehicle,Driver_IMD_Decile,Driver_Home_Area_Type
2013521306473,1,9,0,3,0,8,0,0,0,0,2,1,6,2,11,1332,1,14,-1,3
2013521306473,2,9,0,3,0,4,0,0,0,0,1,1,6,1,8,-1,-1,-1,-1,-1
2013521306477,1,19,0,18,0,0,0,0,0,0,4,1,6,1,10,1998,2,9,10,3
2013521306480,1,21,1,9,0,6,0,0,0,0,3,1,6,1,7,12130,2,11,2,1
2013521306480,2,9,0,18,0,1,0,0,0,0,1,1,6,1,7,1598,2,3,1,1
2013521306489,1,9,0,11,0,1,0,0,0,0,0,1,6,3,-1,-1,-1,-1,-1,-1
2013521306489,2,9,0,18,0,1,0,0,0,0,2,1,6,2,4,1796,1,8,8,1
2013521306489,3,9,0,4,0,1,0,0,0,0,1,1,6,1,6,1399,2,1,9,1
2013521306491,1,9,0,2,0,0,0,0,0,0,2,1,6,1,7,1753,2,9,6,1
2013521306491,2,1,0,18,0,0,0,0,0,0,1,1,6,1,7,-1,-1,-1,4,1
2013521306494,1,9,0,3,0,1,0,0,0,0,3,1,6,1,9,1598,2,2,10,1
2013521306494,2,1,0,18,0,1,0,0,0,0,1,1,6,1,5,-1,-1,-1,9,1
2013521306496,1,9,0,18,0,1,0,0,0,0,1,1,6,1,10,1686,2,8,7,1
2013521306497,1,9,0,9,0,5,0,0,0,0,4,1,1,1,4,1272,1,25,7,1
2013521306497,2,1,0,18,0,1,1,0,0,0,1,1,6,1,11,-1,-1,-1,-1,-1
2013521306499,1,9,0,18,0,8,0,0,0,0,1,1,6,1,5,1598,1,-1,4,1
2013521306504,1,9,0,18,0,8,0,0,0,0,1,1,1,1,6,-1,-1,-1,2,1
2013521306504,2,1,0,9,0,6,0,0,1,0,4,1,2,2,6,-1,-1,-1,9,1
2013521306525,1,9,0,3,0,1,0,0,0,0,2,1,1,1,8,2362,1,13,2,1
2013521306525,2,9,0,18,0,1,0,0,0,0,1,1,6,3,-1,998,1,9,-1,-1
2013521306531,1,9,0,9,0,8,0,0,0,0,1,1,6,1,10,1796,1,11,6,1
2013521306531,2,9,0,12,0,8,0,0,0,0,2,1,1,2,8,1753,2,10,1,1
2013521306534,1,19,0,18,0,0,0,0,0,0,1,1,6,1,6,1686,2,7,8,1
2013521306534,2,8,0,3,0,0,0,0,0,0,2,1,6,1,6,2231,2,6,8,1
2013521306534,3,9,0,3,0,0,0,0,0,0,2,1,6,1,8,1596,1,15,2,1
2013521306534,4,21,1,18,0,0,0,0,0,0,0,1,6,1,8,6871,2,4,8,1
2013521306538,1,9,0,18,0,8,0,0,0,0,1,1,6,1,4,1299,1,10,5,1
2013521306538,2,9,0,18,0,8,0,0,0,0,3,1,6,2,6,-1,-1,-1,7,1
2013521306539,1,9,0,18,0,8,0,0,0,0,2,1,6,2,6,1997,2,2,3,1
2013521306539,2,1,0,7,0,6,0,0,0,0,1,1,6,1,3,-1,-1,-1,1,1
2013521306544,1,9,0,3,0,0,0,0,0,0,2,1,6,1,6,-1,-1,-1,-1,-1
2013521306544,2,9,0,18,0,0,0,0,0,0,1,1,6,1,5,1527,2,16,8,1
2013521306547,1,9,0,11,0,3,0,0,0,0,4,1,6,1,6,1598,1,2,-1,-1
2013521306547,2,9,0,9,0,8,0,0,0,0,3,1,6,1,6,1783,1,11,-1,-1
2013521306548,1,3,0,18,0,1,0,0,0,0,1,1,1,1,8,638,1,9,1,1
2013521306548,2,9,0,11,0,1,0,0,0,0,3,1,6,3,-1,-1,-1,-1,-1,-1
2013521306550,1,9,0,18,0,8,2,0,1,9,1,1,1,1,7,2993,2,8,8,1
2013521306550,2,5,0,5,0,6,0,0,0,0,0,1,6,3,-1,-1,-1,-1,-1,-1
2013521306554,1,4,0,18,2,8,0,0,0,0,1,1,6,1,8,1255,1,3,10,1
2013521306554,2,4,0,7,2,5,0,0,0,0,1,1,6,1,8,-1,-1,-1,10,2
2013521306556,1,9,0,18,0,0,0,0,0,0,1,1,6,1,11,1596,1,13,5,1
2013521306558,1,9,0,18,0,1,0,0,0,0,3,1,6,2,7,1596,1,9,4,1
2013521306558,2,9,0,9,0,6,0,0,0,0,1,1,6,1,10,-1,-1,-1,10,1
2013521306570,1,3,0,18,0,8,0,0,0,0,1,1,6,1,7,124,1,5,10,1
2013521306573,1,9,0,18,0,1,0,0,0,0,1,1,6,2,10,1199,1,12,7,2
2013521306573,2,1,0,18,0,6,0,0,0,0,1,1,6,1,1,-1,-1,-1,3,1
2013521306574,1,9,0,18,0,8,0,0,0,0,1,1,6,1,6,4172,1,10,2,1
2013521306576,1,9,0,18,0,0,0,0,0,0,1,1,6,1,7,1968,2,1,-1,1
2013521306576,2,19,0,2,0,0,0,0,0,0,2,1,6,1,5,-1,-1,-1,-1,1
2013521306576,3,9,0,18,0,0,0,0,0,0,1,1,6,1,7,1997,2,-1,-1,-1
2013521306580,1,9,0,18,0,0,0,0,0,0,1,1,6,3,-1,-1,-1,-1,-1,-1
2013521306580,2,90,0,18,0,0,0,0,0,0,1,1,6,1,10,-1,-1,-1,1,1
2013521306581,1,9,0,18,0,6,0,0,0,0,1,1,6,2,8,2231,2,7,6,1
2013521306581,2,1,0,18,0,8,0,0,0,0,1,1,6,1,8,-1,-1,-1,6,1
2013521306583,1,9,0,18,0,0,0,0,0,0,1,1,6,2,6,-1,-1,-1,10,1
2013521306583,2,3,0,18,0,0,0,0,0,0,1,1,6,1,7,-1,-1,-1,7,1
2013521306586,1,1,0,18,0,0,0,0,0,0,3,1,2,1,9,-1,-1,-1,9,1
2013521306586,2,19,0,18,0,0,0,0,0,0,4,1,6,1,7,2151,2,10,-1,1
2013521306589,1,9,0,3,0,1,0,0,0,0,0,1,6,1,7,-1,-1,-1,1,1
2013521306589,2,9,0,13,0,1,0,0,0,0,1,1,6,2,8,998,1,1,4,1
2013521306589,3,9,0,18,0,2,0,0,0,0,1,1,6,1,5,1686,2,7,6,1
2013521306590,1,9,0,18,0,8,0,0,7,10,2,1,6,2,7,1839,1,10,8,3
2013521306590,2,9,0,9,0,6,0,0,0,0,1,1,6,1,6,136,1,6,5,1
2013521306591,1,4,0,18,2,8,0,0,0,0,1,1,6,1,5,487,1,10,7,3
2013521306591,2,1,0,5,0,8,0,0,0,0,4,1,6,1,5,-1,-1,-1,-1,-1
2013521306595,1,9,0,11,0,1,0,0,0,0,1,1,6,1,4,1360,1,13,3,1
2013521306595,2,4,0,18,0,2,0,0,0,0,1,1,6,1,4,49,1,7,2,1
2013521306607,1,9,0,18,0,8,0,0,1,11,3,1,6,1,9,1582,2,2,10,1
2013521306607,2,9,0,18,0,6,0,0,3,0,1,1,6,2,5,1242,1,2,7,1
2013521306608,1,9,0,18,0,0,0,0,0,0,1,1,6,2,5,1360,1,7,9,1
2013521306608,2,9,0,18,0,0,0,0,0,0,1,1,6,1,8,1753,2,5,7,1
2013521306609,1,9,0,18,0,0,0,0,1,4,1,1,6,1,6,2231,2,7,5,1
2013521306612,1,9,0,6,0,1,0,0,0,0,1,1,6,2,8,1998,1,9,7,1
2013521306612,2,4,0,14,0,1,0,0,0,0,1,1,6,1,7,124,1,8,1,1
2013521306615,1,9,0,18,0,0,0,0,7,4,3,1,6,2,9,1242,1,1,8,1
2013521306617,1,9,0,2,0,0,0,0,0,0,3,1,6,1,10,1975,1,6,8,1
2013521306617,2,1,0,18,0,0,0,0,0,0,1,1,6,1,8,-1,-1,-1,10,1
2013521306623,1,9,0,5,0,6,0,0,0,0,1,1,6,1,4,1248,2,6,9,1
2013521306623,2,5,0,18,0,8,0,0,0,0,1,1,6,1,9,500,1,-1,-1,-1
2013521306629,1,9,0,18,0,0,2,0,0,0,4,1,6,1,11,1242,1,14,6,1
2013521306629,2,9,0,2,0,0,0,0,0,0,2,1,6,3,-1,1596,1,12,-1,-1
2013521306632,1,1,0,9,0,2,0,0,1,0,0,1,6,1,10,-1,-1,-1,10,1
2013521306632,2,9,0,9,0,2,0,0,0,0,0,1,6,2,7,1997,2,1,-1,-1
2013521306633,1,1,0,18,0,8,0,0,0,0,4,1,6,1,4,-1,-1,-1,4,1
2013521306633,2,9,0,18,0,8,0,0,0,0,1,1,6,3,-1,-1,-1,-1,-1,-1
2013521306637,1,9,0,18,0,8,0,0,0,0,1,1,6,2,7,1198,1,6,9,3
2013521306637,2,9,0,18,0,8,0,0,0,0,1,1,6,2,7,1868,2,9,8,3
2013521306637,3,9,0,9,0,8,0,0,0,0,2,1,6,1,6,1124,1,10,9,1
2013521306640,1,2,0,7,0,6,0,0,0,0,2,1,6,1,6,50,1,-1,9,1
2013521306640,2,9,0,18,0,6,0,0,0,0,1,1,6,3,-1,-1,-1,-1,-1,-1
2013521306643,1,9,0,4,0,0,0,0,0,0,2,1,6,1,7,1968,2,1,7,1
2013521306643,2,9,0,4,0,0,0,0,0,0,2,1,6,1,9,1896,2,5,6,1
2013521306643,3,9,0,18,0,0,0,0,0,0,1,1,6,1,4,1399,2,9,7,1
2013521306650,1,9,0,9,0,4,0,0,0,0,2,1,6,1,6,1360,1,10,-1,1
2013521306650,2,3,0,18,0,4,0,0,0,0,1,1,6,1,7,647,1,9,7,2
2013521306651,1,5,0,12,0,1,0,0,0,0,3,1,2,1,6,848,1,3,6,1
2013521306651,2,19,0,5,0,1,0,0,0,0,4,1,6,1,7,1910,2,9,-1,-1
2013521306654,1,9,0,13,0,1,0,0,0,0,4,1,6,1,6,1497,1,12,8,3
2013521306654,2,9,0,9,0,5,0,0,0,0,3,1,6,2,5,1229,1,2,8,3
2013521306657,1,9,0,16,0,0,0,0,0,0,1,1,6,2,4,1997,2,2,4,1
2013521306658,1,9,0,12,0,0,0,0,0,0,3,1,6,1,5,1390,2,10,5,1
2013521306658,2,5,0,13,0,0,0,0,0,0,1,1,6,1,7,897,1,1,1,1
2013521306675,1,9,0,6,0,8,0,0,0,0,1,1,1,2,9,1997,1,9,1,1
2013521306675,2,11,0,18,0,8,0,0,0,0,4,1,1,1,7,-1,2,16,3,1
2013521306677,1,5,0,11,0,3,0,0,0,0,2,1,6,1,7,645,1,13,1,1
2013521306677,2,9,0,12,0,3,0,0,0,0,1,1,6,3,-1,1242,1,4,-1,-1
2013521306678,1,9,0,18,0,0,0,0,0,0,1,1,6,1,7,1339,1,2,6,1
2013521306678,2,9,0,18,0,0,0,0,0,0,2,1,6,1,7,1242,1,5,7,1
2013521306680,1,9,0,3,0,0,0,0,0,0,1,1,6,1,9,998,1,-1,9,2
2013521306680,2,16,0,18,0,0,0,0,0,0,1,1,6,2,8,-1,-1,-1,9,2
2013521306682,1,9,0,4,0,8,0,0,1,10,1,1,2,2,7,1796,1,6,6,1
2013521306682,2,9,0,9,0,8,0,0,0,10,2,1,6,2,5,1596,1,11,9,3
2013521306685,1,9,0,18,0,2,5,10,0,0,4,1,6,1,6,1389,1,16,-1,-1
2013521306685,2,9,0,18,0,1,0,0,0,0,0,1,1,2,6,1753,2,4,-1,-1
2013521306685,3,9,0,18,0,1,0,0,0,0,0,1,1,1,7,1560,2,2,-1,-1
2013521306695,1,1,0,18,5,0,0,0,0,0,4,1,1,1,6,-1,-1,-1,5,1
2013521306695,2,9,0,18,0,0,0,0,0,0,1,1,6,1,7,-1,-1,-1,6,1
2013521306709,1,11,0,18,0,4,0,0,0,0,0,1,1,1,5,5900,2,13,6,1
2013521306709,2,9,0,17,0,8,0,0,0,0,0,1,6,3,-1,-1,-1,-1,-1,-1
2013521306717,1,9,0,18,0,3,0,0,0,0,4,1,6,1,5,1896,2,11,8,1
2013521306717,2,9,0,12,0,3,0,0,0,0,3,1,6,1,6,-1,-1,-1,9,3
2013521306726,1,9,0,13,0,0,0,0,0,0,1,1,1,1,6,-1,-1,-1,2,1
2013521306726,2,1,0,18,0,0,0,0,0,0,3,1,2,1,7,-1,-1,-1,3,1
2013521306751,1,9,0,18,0,0,0,0,2,7,1,1,6,1,7,1998,1,9,-1,3
2013521306751,2,9,0,3,0,0,0,0,0,0,2,1,6,1,8,1299,1,12,10,1
2013521306751,3,9,0,3,0,0,0,0,0,0,2,1,6,1,8,1995,2,4,9,2
2013521306752,1,9,0,18,0,0,0,0,0,0,0,1,6,1,10,1968,2,7,9,2
2013521306754,1,9,0,5,0,1,0,0,0,0,1,1,6,3,6,-1,-1,-1,-1,-1
2013521306756,1,9,0,9,0,6,0,0,0,0,1,1,6,1,9,1560,2,2,9,1
2013521306756,2,19,0,18,0,8,0,0,0,0,1,1,6,1,8,2402,2,2,6,1
2013521306757,1,20,0,18,0,8,0,0,0,0,1,1,6,1,9,-1,-1,-1,9,2
2013521306757,2,9,0,3,0,8,0,0,0,0,2,1,6,1,7,1995,2,6,7,1
2013521306758,1,1,0,18,9,8,0,0,0,0,3,1,2,1,5,-1,-1,-1,2,1
2013521306758,2,9,0,7,5,6,0,0,0,0,1,1,6,1,6,1900,2,14,2,1
2013521306759,1,1,0,18,0,0,0,0,0,0,1,1,6,1,6,-1,-1,-1,7,2
2013521306759,2,9,0,11,0,0,0,0,0,0,0,1,6,1,7,1781,1,10,9,1
2013521306765,1,9,0,18,0,0,0,0,0,0,1,1,6,1,11,1991,2,4,8,3
2013521306765,2,9,0,2,0,0,0,0,0,0,1,1,6,3,-1,1968,2,4,-1,-1
2013521306767,1,9,0,18,0,0,0,0,0,0,1,1,6,1,6,2967,2,4,7,2
2013521306767,2,21,1,18,0,0,0,0,0,0,1,1,1,1,8,12902,2,-1,10,1
2013521306781,1,9,0,18,0,0,0,0,0,0,1,1,6,1,6,-1,-1,-1,6,3
2013521306781,2,9,0,3,0,0,0,0,0,0,2,1,6,2,5,1388,1,9,1,1
2013521306781,3,9,0,3,0,0,0,0,0,0,2,1,6,2,8,1598,1,15,9,1
2013521306781,4,9,0,3,0,0,0,0,0,0,2,1,6,2,7,1896,2,10,-1,1
2013521306784,1,9,0,7,0,6,0,0,0,0,1,1,6,2,4,1390,1,3,10,1
2013521306784,2,9,0,18,0,8,0,0,0,0,1,1,6,1,10,2231,2,2,4,1
2013521306784,3,9,0,18,0,8,0,0,0,0,1,1,6,2,9,1995,1,10,9,1
2013521306787,1,11,0,18,3,8,0,0,0,0,4,1,1,1,9,7300,2,1,7,1
2013521306790,1,19,0,18,0,2,0,0,0,0,1,1,6,1,6,1686,2,8,-1,-1
2013521306791,1,9,0,9,0,5,0,0,0,0,1,1,6,2,7,1498,1,7,10,2
2013521306791,2,4,0,18,0,8,0,0,0,0,1,1,6,1,4,124,1,3,9,1
2013521306794,1,9,0,14,0,0,0,0,0,0,1,1,6,2,6,1390,1,10,8,1
2013521306795,1,9,0,8,0,1,0,0,0,0,4,1,6,1,7,-1,-1,-1,3,1
2013521306795,2,1,0,18,0,1,0,0,0,0,1,1,6,1,4,-1,-1,-1,1,1
2013521306807,1,9,0,7,0,8,0,0,1,11,1,1,6,2,11,1299,1,5,8,1
2013521306807,2,9,0,3,0,1,0,0,0,0,3,1,6,1,7,1995,2,3,9,1
2013521306809,1,9,0,18,0,8,0,0,0,0,1,1,6,1,9,1328,1,9,5,3
2013521306809,2,9,0,7,0,8,0,0,0,0,1,1,6,1,7,998,1,7,6,1
2013521306812,1,4,0,18,0,0,0,4,0,0,1,1,6,1,5,125,1,1,1,1
2013521306812,2,9,0,2,0,0,0,0,0,0,2,1,6,3,-1,1248,2,5,-1,-1
2013521306822,1,1,0,18,0,0,0,8,0,0,1,1,6,1,6,-1,-1,-1,4,1
2013521306822,2,9,0,2,0,0,0,0,0,0,3,1,6,3,8,1995,2,1,-1,-1
2013521306827,1,9,0,18,0,8,5,10,0,0,1,1,6,2,5,1248,2,6,2,1
2013521306841,1,9,0,10,0,8,0,0,0,0,2,1,6,1,7,1199,1,14,9,1
2013521306841,2,20,0,18,0,1,0,0,0,0,1,1,1,1,7,2143,2,3,6,1
2013521306845,1,9,0,18,0,8,0,0,0,0,1,1,6,2,5,1397,1,3,1,1
2013521306845,2,1,0,7,0,6,0,0,0,0,1,1,6,1,3,-1,-1,-1,1,1
2013521306847,1,2,0,3,0,8,0,0,0,0,2,1,6,1,4,49,1,2,2,1
2013521306847,2,9,0,18,0,8,0,0,0,0,1,1,6,2,7,2179,2,-1,6,3
2013521306848,1,9,0,18,0,8,0,0,0,0,1,1,6,2,6,1796,1,10,8,1
2013521306848,2,1,0,18,0,8,0,0,0,0,1,1,6,1,8,-1,-1,-1,6,1
2013521306853,1,2,0,7,0,1,0,0,0,0,4,1,6,1,6,125,1,4,1,1
2013521306853,2,9,0,9,0,6,0,0,0,0,0,1,6,3,-1,-1,-1,-1,-1,-1
2013521306859,1,9,0,9,0,5,0,0,0,0,4,1,6,1,10,1229,1,-1,1,1
2013521306859,2,9,0,18,0,8,0,0,0,0,1,1,6,1,5,1389,1,10,1,1
2013521306866,1,9,0,18,0,0,0,0,1,10,4,1,6,1,7,1991,2,11,1,1
2013521306866,2,9,0,18,0,0,0,0,0,0,0,1,6,3,-1,-1,-1,-1,-1,-1
2013521306867,1,9,0,18,0,1,0,0,0,0,1,1,6,2,8,-1,-1,-1,-1,-1
2013521306867,2,1,0,4,0,1,1,0,0,0,2,1,1,2,6,-1,-1,-1,3,1
2013521306872,1,1,0,18,0,0,1,0,0,0,1,1,6,1,5,-1,-1,-1,10,1
2013521306872,2,9,0,4,0,0,0,0,0,0,2,1,6,1,9,1896,2,10,-1,-1
2013521306887,1,9,0,4,0,0,0,0,0,0,2,1,6,1,4,-1,-1,-1,6,3
2013521306887,2,1,0,4,0,0,1,0,0,0,1,1,6,1,8,-1,-1,-1,8,3
2013521306894,1,21,0,18,0,0,5,0,6,6,3,1,1,1,6,12740,2,1,3,1
2013521306894,2,21,1,18,0,0,0,0,0,0,2,1,1,1,8,11000,2,31,9,1
2013521306894,3,19,0,18,0,0,0,0,1,7,4,1,1,1,6,2500,2,5,3,1
2013521306895,1,5,0,7,0,3,0,0,0,0,4,1,6,1,7,1078,1,4,5,1
2013521306895,2,9,0,18,0,8,0,0,0,0,3,1,6,1,6,1896,2,8,4,1
2013521306896,1,9,0,7,0,6,0,0,0,0,1,1,6,2,8,1199,1,11,10,1
2013521306896,2,1,0,18,0,8,0,0,0,0,1,1,6,1,11,-1,-1,-1,10,1
2013521306899,1,9,0,18,0,0,0,0,0,0,4,1,6,3,-1,2000,1,9,-1,-1
2013521306903,1,1,0,12,0,1,0,0,0,0,1,1,6,1,8,-1,-1,-1,6,1
2013521306903,2,11,0,18,2,1,0,0,0,0,3,1,6,1,6,5900,2,16,2,1
2013521306908,1,1,0,17,0,0,0,0,0,0,1,1,6,1,7,-1,-1,-1,7,1
2013521306908,2,9,0,16,0,0,0,0,0,0,1,1,6,2,6,-1,-1,-1,-1,-1
2013521306912,1,9,0,9,0,5,0,0,0,0,1,1,6,1,5,1596,1,7,10,1
2013521306912,2,2,0,18,0,8,0,0,0,0,1,1,6,1,5,649,1,4,1,1
2013521306917,1,3,0,13,0,1,0,0,0,0,1,1,6,1,4,125,1,-1,4,1
2013521306917,2,9,0,9,0,5,0,0,0,0,3,1,6,2,9,1968,2,2,4,1
2013521306923,1,1,0,12,0,2,0,0,0,0,4,1,6,1,5,-1,-1,-1,4,1
2013521306923,2,8,0,18,0,1,0,0,0,0,1,1,6,1,5,1598,1,4,-1,-1
2013521306935,1,9,0,9,0,5,0,0,0,0,3,1,6,1,8,1598,2,3,4,1
2013521306935,2,1,0,14,0,1,0,0,0,0,1,1,6,1,6,-1,-1,-1,-1,-1
2013521306936,1,9,0,18,0,2,0,0,0,0,3,1,6,1,6,1339,1,9,1,1
2013521306937,1,9,0,18,0,0,0,12,0,0,1,1,6,2,7,1242,1,-1,10,1
2013521306944,1,9,0,18,0,0,0,11,0,0,2,1,6,1,11,1994,2,11,8,3
2013521306947,1,9,0,11,0,8,0,0,0,0,1,1,6,1,6,-1,-1,-1,5,1
2013521306947,2,2,0,18,0,8,0,0,0,0,1,1,6,2,8,49,1,-1,2,1
2013521306949,1,9,0,3,0,1,0,0,0,0,2,1,6,2,6,1364,1,8,8,1
2013521306949,2,9,0,18,0,1,0,0,0,0,1,1,6,1,9,-1,-1,-1,7,3
2013521306952,1,19,0,18,0,1,0,0,0,0,4,1,3,1,7,3920,2,3,6,2
2013521306957,1,4,0,9,0,8,0,0,0,0,1,1,6,1,7,599,1,4,5,1
2013521306957,2,9,0,9,0,6,0,0,0,0,1,1,6,1,6,-1,-1,-1,6,1
2013521306958,1,1,0,18,0,8,0,0,0,0,1,1,4,1,4,-1,-1,-1,7,3
2013521306958,2,9,0,18,0,8,0,0,0,0,1,1,6,1,10,2435,1,5,10,1
2013521306959,1,3,0,13,0,1,0,0,0,0,1,1,6,2,6,124,1,3,4,1
2013521306959,2,1,0,9,0,5,0,0,0,0,1,1,6,1,5,-1,-1,-1,1,1
2013521306960,1,9,0,18,2,8,0,0,0,0,1,1,6,1,8,1896,2,11,5,1
2013521306960,2,9,0,9,0,5,0,0,0,0,1,1,6,1,6,1396,1,11,1,1
2013521306964,1,9,0,6,0,1,0,0,0,0,1,1,6,1,10,1686,2,9,2,1
2013521306964,2,19,0,18,0,2,0,0,0,0,1,1,6,1,6,1998,2,9,7,1
2013521306964,3,9,0,2,0,1,0,0,0,0,3,1,6,3,-1,2987,2,6,-1,-1
2013521306965,1,1,0,18,0,8,0,0,0,0,3,1,2,2,9,-1,-1,-1,7,3
2013521306965,2,10,0,18,0,8,0,0,0,0,1,1,6,1,9,-1,-1,-1,8,1
2013521306969,1,9,0,18,0,0,5,10,1,4,4,1,2,2,7,998,1,17,7,1
2013521306979,1,9,0,9,0,1,0,0,0,0,1,1,6,2,5,-1,-1,-1,9,3
2013521306981,1,9,0,16,0,8,0,10,7,2,1,1,6,1,5,1995,2,12,6,1
2013521306981,2,9,0,17,0,8,0,0,0,0,1,1,6,1,5,1598,2,-1,5,1
2013521306982,1,9,0,7,0,6,0,0,0,0,1,1,6,1,7,1299,1,11,4,1
2013521306982,2,5,0,18,0,8,0,0,0,0,1,1,6,1,7,999,1,5,10,1
2013521306984,1,9,0,7,0,5,0,0,0,0,0,1,6,2,6,1997,2,-1,9,1
2013521306984,2,1,0,18,9,8,0,0,0,0,0,1,6,1,9,-1,-1,-1,7,1
2013521306985,1,4,0,14,0,1,0,0,0,0,1,1,6,1,4,-1,-1,-1,9,2
2013521306988,1,9,0,4,0,8,0,0,0,0,1,1,6,1,7,1956,2,-1,-1,-1
2013521306988,2,9,0,18,0,8,0,0,0,0,1,1,6,1,7,-1,-1,-1,10,1
2013521306990,1,1,0,18,0,1,1,0,0,0,1,1,2,1,7,-1,-1,-1,9,1
2013521306990,2,9,0,9,0,5,0,0,0,0,0,1,6,1,6,-1,-1,-1,-1,-1
2013521307004,1,9,4,4,0,8,0,0,0,0,2,1,1,1,7,2494,2,3,5,3
2013521307004,2,9,0,18,0,8,0,0,0,0,1,1,6,2,5,1796,1,9,7,1
2013521307007,1,1,0,18,0,1,0,0,0,0,1,1,6,1,5,-1,-1,-1,6,1
2013521307007,2,9,0,9,0,5,0,0,0,0,3,1,6,2,6,1968,2,-1,6,3
2013521307009,1,9,0,3,0,1,0,0,0,0,2,1,6,2,6,1910,2,7,8,1
2013521307009,2,9,0,18,0,1,0,0,0,0,1,1,6,3,5,1998,1,8,-1,-1
2013521307011,1,9,0,5,0,4,0,0,0,0,1,1,6,1,5,1781,2,9,9,1
2013521307011,2,1,0,18,0,8,0,0,0,0,4,1,6,1,8,-1,-1,-1,10,1
2013521307014,1,8,0,7,0,0,0,0,0,0,1,1,6,1,9,1998,2,3,7,1
2013521307018,1,9,0,7,0,8,0,0,0,0,1,1,6,1,6,-1,-1,-1,1,1
2013521307019,1,9,0,18,0,1,0,0,0,10,1,1,6,1,4,1198,1,10,4,1
2013521307021,1,21,0,18,0,0,0,0,0,0,1,1,1,1,6,12419,2,1,-1,1
2013521307021,2,9,0,18,0,0,0,0,1,0,2,1,6,1,11,1396,1,16,10,1
2013521307022,1,9,0,18,0,8,0,0,0,0,1,1,6,1,11,1998,1,7,7,1
2013521307022,2,1,0,9,0,8,0,0,0,0,3,1,2,1,8,-1,-1,-1,7,1
2013521307023,1,9,0,5,9,6,0,0,0,0,4,1,6,2,6,1398,1,5,10,1
2013521307024,1,9,0,3,0,0,0,0,0,0,2,1,6,1,8,1989,1,14,7,1
2013521307024,2,9,0,3,0,0,0,0,0,0,2,1,6,1,8,1896,2,9,9,1
2013521307024,3,9,0,4,0,0,0,0,0,0,1,1,6,2,7,999,1,3,-1,1
2013521307026,1,9,0,9,0,8,0,0,0,0,2,1,6,1,6,1596,1,5,1,1
2013521307026,2,9,0,18,0,8,0,0,0,0,1,1,6,1,5,1598,2,-1,1,1
2013521307028,1,1,0,18,5,0,0,0,0,0,1,1,1,1,6,-1,-1,-1,-1,1
2013521307028,2,1,0,18,5,0,0,0,0,0,1,1,4,1,4,-1,-1,-1,-1,-1
2013521307029,1,9,0,5,0,6,0,0,0,0,3,1,6,2,8,1560,2,3,7,1
2013521307029,2,9,0,18,0,8,0,0,0,0,1,1,6,2,4,1198,1,10,6,1
2013521307034,1,9,0,18,0,0,0,0,1,3,4,1,6,1,5,2970,1,19,8,3
2013521307035,1,9,0,18,0,1,0,0,0,0,1,1,6,2,5,1349,1,4,9,1
2013521307037,1,1,0,18,0,2,0,8,0,0,1,1,6,1,5,-1,-1,-1,1,1
2013521307037,2,9,0,2,0,2,0,0,0,0,3,1,6,2,7,1598,2,-1,8,1
2013521307038,1,9,0,18,0,4,0,0,0,0,1,1,6,1,5,2000,1,13,8,1
2013521307038,2,9,0,3,0,8,0,0,0,0,2,1,6,2,6,1388,1,8,7,1
2013521307038,3,9,0,3,0,8,0,0,0,0,2,1,6,1,6,1995,2,2,5,3
2013521307040,1,9,0,7,0,8,0,0,0,0,3,1,6,3,-1,-1,-1,-1,-1,-1
2013521307040,2,1,0,9,0,8,0,0,0,0,1,1,6,1,8,-1,-1,-1,2,1
2013521307043,1,9,0,18,0,1,0,0,0,0,1,1,6,2,7,1364,2,2,5,3
2013521307043,2,9,0,18,0,1,0,0,0,0,1,1,6,1,8,1997,2,4,4,1
2013521307044,1,9,0,9,0,5,0,0,0,0,1,1,6,3,-1,-1,-1,-1,-1,-1
2013521307063,1,9,0,8,9,6,0,0,0,0,4,1,6,2,8,1995,2,4,6,3
2013521307063,2,1,0,18,9,1,0,0,0,0,1,1,6,1,4,-1,-1,-1,-1,-1
2013521307076,1,9,0,4,0,3,0,0,0,0,4,1,2,1,8,1597,1,8,6,1
2013521307082,1,1,0,18,0,8,0,0,0,0,1,1,6,1,6,-1,-1,-1,3,1
2013521307082,2,9,0,9,0,5,0,0,0,0,1,1,6,1,9,998,1,13,-1,-1
2013521307090,1,19,0,8,0,1,0,0,0,0,2,1,1,1,8,2187,2,12,8,1
2013521307090,2,19,0,4,0,1,0,0,0,0,1,1,1,1,6,2198,2,5,10,1
2013521307092,1,9,0,1,0,0,0,0,0,0,2,1,6,1,7,-1,-1,-1,10,1
2013521307092,2,3,0,14,0,0,0,0,0,0,1,1,6,1,6,124,1,9,10,1
2013521307093,1,9,0,5,0,1,0,0,0,0,1,1,6,2,11,1598,1,10,8,1
2013521307093,2,11,0,18,0,1,0,0,0,0,1,1,6,1,7,4250,2,11,1,1