Accident_Index,Vehicle_Reference,Vehicle_Type,Towing_and_Articulation,Vehicle_Manoeuvre,Vehicle_Location-Restricted_Lane,Junction_Location,Skidding_and_Overturning,Hit_Object_in_Carriageway,Vehicle_Leaving_Carriageway,Hit_Object_off_Carriageway,1st_Point_of_Impact,Was_Vehicle_Left_Hand_Drive?,Journey_Purpose_of_Driver,Sex_of_Driver,Age_Band_of_Driver,Engine_Capacity_(CC),Propulsion_Code,Age_of_Vehicle,Driver_IMD_Decile,Driver_Home_Area_Type
2013521307097,1,1,0,18,0,8,0,0,0,0,1,1,6,1,7,-1,-1,-1,4,2
2013521307097,2,9,0,18,0,8,0,0,0,0,1,1,6,1,5,1242,1,2,9,1
2013521307100,1,9,0,18,0,0,5,4,0,0,1,1,6,1,9,2493,1,13,5,1
2013521307100,2,9,0,2,0,0,0,0,0,0,2,1,6,3,-1,1868,2,14,-1,-1
2013521307100,3,9,0,2,0,0,0,0,0,0,2,1,6,3,-1,1240,1,7,-1,-1
2013521307100,4,9,0,2,0,0,0,0,0,0,2,1,6,3,-1,1975,1,8,-1,-1
2013521307100,5,9,0,2,0,0,0,0,0,0,2,1,6,3,-1,1588,1,9,-1,-1
2013521307106,1,2,0,3,2,8,0,0,0,0,4,1,1,2,6,49,1,-1,3,1
2013521307106,2,9,0,1,0,6,0,0,0,0,2,1,6,3,-1,-1,-1,-1,-1,-1
2013521307107,1,9,0,18,0,1,0,0,0,0,1,1,6,1,5,1995,2,3,3,1
2013521307109,1,3,0,18,2,8,0,0,0,0,1,1,6,1,4,-1,-1,-1,2,1
2013521307109,2,9,0,9,0,5,0,0,0,0,1,1,6,2,5,1598,1,7,1,1
2013521307121,1,9,0,7,0,6,0,0,0,0,1,1,6,1,8,1560,2,2,-1,1
2013521307121,2,9,0,18,0,8,0,0,0,0,1,1,6,1,6,1598,1,6,4,1
2013521307124,1,9,0,13,0,0,0,0,0,0,1,1,6,1,8,-1,-1,-1,10,1
2013521307124,2,9,0,13,0,0,0,0,1,10,1,1,6,2,5,1339,1,3,4,1
2013521307124,3,9,0,18,0,0,0,0,0,0,0,1,6,2,8,1396,1,2,4,1
2013521307127,1,9,0,7,0,5,0,0,0,0,4,1,6,2,8,-1,-1,-1,4,1
2013521307127,2,1,0,18,0,8,0,0,0,0,1,1,6,1,7,-1,-1,-1,10,1
2013521307129,1,9,0,7,0,8,0,0,0,0,1,1,6,3,5,1596,1,10,-1,-1
2013521307135,1,9,0,15,0,1,0,0,0,0,3,1,6,3,-1,-1,-1,-1,-1,-1
2013521307135,2,9,0,10,0,1,0,0,0,0,4,1,6,2,9,1199,1,11,6,1
2013521307137,1,9,0,18,0,0,0,0,1,4,4,1,6,1,4,1229,1,6,10,1
2013521307140,1,1,0,5,0,1,0,0,0,0,1,1,4,1,3,-1,-1,-1,9,1
2013521307140,2,9,0,18,0,1,0,0,0,0,1,1,6,3,-1,1998,2,4,-1,-1
2013521307143,1,9,0,7,0,5,0,0,7,0,1,1,6,1,7,-1,-1,-1,8,1
2013521307143,2,9,0,3,0,1,0,0,0,0,3,1,6,1,6,1199,2,1,1,1
2013521307143,3,9,0,3,0,1,0,0,0,0,3,1,6,1,11,1997,2,9,9,3
2013521307145,1,1,0,18,0,1,0,0,0,0,4,1,6,1,4,-1,-1,-1,9,1
2013521307145,2,9,0,9,0,8,0,0,0,0,1,1,6,1,8,1590,1,10,10,3
2013521307147,1,9,0,1,0,0,0,0,0,0,2,1,6,2,8,1248,2,6,3,1
2013521307157,1,9,0,9,0,6,0,0,0,0,4,1,6,1,8,1598,1,8,8,1
2013521307157,2,1,0,18,0,8,0,0,0,0,1,1,6,2,5,-1,-1,-1,-1,-1
2013521307158,1,19,0,18,0,0,0,0,0,0,1,1,6,1,6,7146,2,2,1,1
2013521307158,2,9,0,4,0,0,0,0,0,0,2,1,6,1,9,1968,2,2,6,3
2013521307158,3,9,0,4,0,0,0,0,0,0,1,1,6,1,8,-1,-1,-1,10,1
2013521307158,4,11,0,2,0,0,0,0,0,0,2,1,1,1,8,7300,2,4,3,2
2013521307165,1,9,0,18,0,0,0,0,0,0,1,1,6,1,8,-1,-1,-1,6,1
2013521307165,2,9,0,4,0,0,0,0,0,0,2,1,6,1,8,1995,2,-1,10,2
2013521307168,1,9,0,9,0,6,0,0,0,0,4,1,6,1,8,999,1,1,5,1
2013521307168,2,9,0,9,0,5,0,0,0,0,4,1,6,2,8,1360,1,16,2,1
2013521307171,1,9,0,18,0,0,0,0,0,0,1,1,6,2,8,998,1,13,4,1
2013521307171,2,9,0,4,0,0,0,0,0,0,2,1,6,2,8,2199,2,7,7,1
2013521307173,1,8,0,9,0,5,0,0,0,0,2,1,6,1,7,1896,2,7,1,1
2013521307173,2,9,0,18,0,1,0,0,0,0,1,1,6,1,4,1198,1,3,-1,-1
2013521307194,1,1,0,18,0,8,0,0,0,0,3,1,6,1,6,-1,-1,-1,6,1
2013521307194,2,9,0,17,0,4,0,0,0,0,1,1,6,1,5,1998,1,6,3,1
2013521307200,1,11,0,18,0,0,0,0,0,0,0,1,6,1,5,4500,2,4,5,1
2013521307200,2,9,0,1,0,0,0,0,0,0,0,1,6,1,5,1124,1,12,7,1
2013521307201,1,9,0,11,0,8,0,0,0,0,1,1,6,3,-1,-1,-1,-1,-1,-1
2013521307205,1,9,0,11,0,1,0,0,0,0,4,1,6,1,6,-1,-1,-1,3,1
2013521307205,2,9,0,18,0,1,0,0,0,0,1,1,6,1,7,1396,1,13,1,1
2013521307205,3,9,0,3,0,1,0,0,0,0,2,1,6,2,5,1242,1,16,5,1
2013521307207,1,3,0,14,0,8,1,0,0,0,4,1,1,2,8,124,1,1,7,1
2013521307207,2,9,0,9,0,5,0,0,0,0,0,1,3,3,7,1998,1,10,-1,-1
2013521307208,1,9,0,3,0,4,0,0,0,0,4,1,6,1,11,1339,1,-1,7,1
2013521307208,2,9,0,10,0,4,0,0,0,0,0,1,6,3,6,-1,-1,-1,-1,-1
2013521307208,3,1,0,8,0,4,0,0,0,0,3,1,6,1,6,-1,-1,-1,7,1
2013521307210,1,9,0,9,0,6,0,0,0,0,3,1,6,2,7,993,1,14,1,1
2013521307210,2,5,0,18,0,1,0,0,0,0,1,1,6,1,4,649,1,2,7,1
2013521307211,1,9,0,9,0,5,0,0,0,0,1,1,6,3,-1,1390,1,1,-1,-1
2013521307211,2,1,0,18,0,8,0,0,0,0,3,1,6,1,7,-1,-1,-1,6,1
2013521307213,1,9,0,18,0,0,1,0,6,0,1,1,6,1,10,1596,1,8,-1,1
2013521307213,2,9,0,18,0,0,1,0,4,0,3,1,6,2,7,1560,2,4,8,3
2013521307213,3,9,0,18,0,0,1,0,0,0,3,1,6,2,6,1968,2,3,9,1
2013521307218,1,9,0,18,0,8,0,10,1,4,1,1,6,1,7,2198,1,11,1,1
2013521307230,1,9,0,9,0,8,0,0,0,0,3,1,6,2,5,1390,1,9,6,1
2013521307230,2,9,0,18,0,4,0,0,0,0,1,1,6,1,5,-1,-1,-1,1,1
2013521307233,1,9,0,9,0,2,0,0,0,0,1,1,6,1,6,2000,1,14,-1,-1
2013521307235,1,9,0,18,0,0,1,0,4,0,1,1,6,1,7,2494,1,14,4,1
2013521307235,2,19,0,18,0,0,0,11,0,0,0,1,6,1,9,2148,2,5,5,2
2013521307235,3,9,0,18,0,0,1,0,0,0,3,1,6,2,7,1598,1,7,1,1
2013521307235,4,9,0,18,0,0,1,11,0,0,0,1,6,1,5,1598,1,7,7,1
2013521307235,5,21,1,18,0,0,0,0,0,0,2,1,6,1,8,12900,2,1,6,1
2013521307235,6,9,0,18,0,0,0,0,0,0,2,1,6,1,9,-1,-1,-1,10,1
2013521307235,7,9,0,18,0,0,0,0,0,0,0,1,6,2,6,1398,2,10,3,1
2013521307243,1,9,0,18,0,2,0,0,0,0,1,1,6,1,5,1989,1,13,10,1
2013521307246,1,9,0,18,0,8,0,0,0,0,1,1,6,3,-1,1753,2,11,-1,-1
2013521307246,2,9,0,3,0,8,0,0,0,0,0,1,6,1,7,1461,2,4,-1,1
2013521307251,1,9,0,3,0,1,0,0,0,0,2,1,2,2,7,1796,1,13,7,1
2013521307251,2,9,0,18,0,1,0,0,0,0,1,1,1,1,6,-1,-1,-1,7,1
2013521307251,3,9,0,3,0,1,0,0,0,0,2,1,2,2,8,-1,-1,-1,10,1
2013521307252,1,1,0,18,0,0,0,0,0,0,4,1,6,1,6,-1,-1,-1,5,1
2013521307252,2,9,0,15,0,0,0,0,0,0,3,1,6,1,7,-1,-1,-1,-1,-1
2013521307260,1,9,0,3,0,2,0,0,0,0,1,1,6,2,9,1197,1,-1,-1,-1
2013521307263,1,20,1,18,0,1,1,4,1,4,4,1,1,1,9,3920,2,4,1,1
2013521307263,2,9,0,2,0,1,0,0,0,0,3,1,6,3,-1,1598,1,12,-1,-1
2013521307263,3,9,0,2,0,2,0,0,0,0,3,1,6,3,-1,1422,2,9,-1,-1
2013521307264,1,8,0,5,0,0,0,0,0,0,0,1,1,1,7,-1,-1,-1,-1,-1
2013521307265,1,1,0,18,0,0,0,0,0,0,3,1,4,2,4,-1,-1,-1,6,1
2013521307265,2,9,0,13,0,0,0,0,0,0,1,1,6,1,4,-1,-1,-1,-1,-1
2013521307271,1,9,0,18,0,0,0,10,0,0,3,1,6,2,6,1685,2,1,10,1
2013521307271,2,9,0,6,0,0,1,0,0,0,1,1,6,1,5,-1,-1,-1,-1,-1
2013521307291,1,9,0,18,0,0,0,0,0,0,1,1,2,1,6,2290,1,11,3,1
2013521307295,1,9,0,4,0,0,0,0,0,0,2,1,6,2,7,2720,2,4,-1,1
2013521307295,2,9,0,18,0,0,0,0,0,0,1,1,6,1,6,2316,1,24,10,2
2013521307295,3,9,0,18,0,0,0,0,0,0,1,1,6,1,7,2290,1,11,9,1
2013521307296,1,9,0,18,0,0,0,0,0,0,1,1,6,2,5,1248,2,7,9,1
2013521307302,1,9,0,18,0,8,0,0,0,0,1,1,6,3,-1,-1,-1,-1,-1,-1
2013521307302,2,9,0,2,0,8,0,0,0,0,1,1,6,3,-1,1910,2,3,-1,-1
2013521307307,1,9,0,10,0,1,0,0,0,0,2,1,6,1,9,2664,2,14,4,1
2013521307307,2,9,0,18,0,8,0,0,0,0,1,1,6,1,6,-1,-1,-1,8,1
2013521307313,1,9,0,9,0,6,0,0,0,0,1,1,6,2,6,1598,1,10,2,1
2013521307313,2,9,0,17,0,8,1,0,0,0,2,1,6,2,8,1796,1,12,7,2
2013521307315,1,9,0,5,0,3,0,0,0,0,3,1,6,1,4,973,1,10,9,1
2013521307315,2,3,0,18,0,3,0,0,0,0,1,1,6,1,4,125,1,1,8,1
2013521307324,1,9,0,18,0,0,0,0,0,0,1,1,6,3,-1,-1,-1,-1,-1,-1
2013521307326,1,9,0,3,0,6,0,0,0,0,3,1,6,1,9,1798,1,8,1,1
2013521307326,2,1,0,18,9,8,0,0,0,0,1,1,6,1,3,-1,-1,-1,-1,-1
2013521307342,1,9,0,18,0,0,0,0,1,10,1,1,6,2,7,1390,1,12,5,1
2013521307348,1,9,0,13,0,8,0,0,0,0,4,1,6,3,-1,-1,-1,-1,-1,-1
2013521307348,2,1,0,18,0,8,0,10,0,0,3,1,6,1,4,-1,-1,-1,2,1
2013521307355,1,9,0,7,0,6,0,0,0,0,1,1,6,3,-1,1598,1,11,-1,-1
2013521307355,2,1,0,7,0,6,0,0,0,0,2,1,6,2,5,-1,-1,-1,10,1
2013521307366,1,8,0,18,0,0,0,0,0,0,4,1,6,3,-1,973,1,13,-1,-1
2013521307368,1,5,0,18,2,8,1,0,0,0,1,1,6,1,5,649,1,1,9,3
2013521307368,2,9,0,7,2,6,0,0,0,0,2,1,6,1,6,-1,-1,-1,8,2
2013521307371,1,1,0,13,0,1,0,0,0,0,1,1,6,1,4,-1,-1,-1,10,1
2013521307371,2,9,0,9,0,1,0,0,0,0,3,1,6,1,7,-1,-1,-1,-1,-1
2013521307390,1,9,0,18,0,8,0,0,0,0,1,1,6,1,6,-1,-1,-1,4,1
2013521307390,2,1,0,18,0,8,0,0,0,0,1,1,6,1,5,-1,-1,-1,-1,-1
2013521307394,1,9,0,11,0,8,0,0,0,0,4,1,6,1,8,-1,-1,-1,-1,1
2013521307394,2,5,0,18,0,8,0,0,0,0,3,1,6,1,9,798,1,3,7,1
2013521307395,1,9,0,5,0,0,0,0,0,0,1,1,6,2,9,-1,-1,-1,5,1
2013521307395,2,9,0,4,0,0,0,0,0,0,2,1,6,3,6,-1,-1,-1,-1,-1
2013521307401,1,9,0,1,9,6,0,0,0,0,2,1,6,3,-1,-1,-1,-1,-1,-1
2013521307413,1,8,0,18,0,1,0,0,0,0,1,1,1,1,7,2400,2,5,3,1
2013521307425,1,9,0,3,0,0,0,0,0,0,2,1,6,1,9,-1,-1,-1,2,1
2013521307425,2,9,0,11,0,0,0,0,0,0,2,1,6,1,9,1994,1,13,9,1
2013521307425,3,9,0,11,0,0,0,0,0,0,1,1,6,1,6,-1,-1,-1,7,2
2013521307433,1,2,0,18,0,0,0,12,0,0,1,1,2,1,4,49,1,-1,3,1
2013521307456,1,9,0,7,0,5,0,0,0,0,4,1,6,2,7,1905,2,14,4,1
2013521307460,1,9,0,2,0,0,0,0,0,0,3,1,6,1,5,1390,1,9,1,1
2013521307460,2,9,0,18,0,0,1,4,7,10,4,1,6,3,-1,1910,2,5,-1,-1
2013521307476,1,9,0,18,0,8,0,0,0,0,1,1,6,1,5,-1,-1,-1,6,2
2013521307476,2,9,0,18,0,4,0,0,0,0,1,1,6,1,9,1329,1,4,5,1
2013521307484,1,8,0,9,0,0,0,0,0,0,1,1,6,1,6,-1,-1,-1,6,1
2013521307484,2,8,0,18,0,0,0,0,0,0,1,1,6,1,6,1991,2,3,-1,-1
2013521307488,1,9,0,9,0,8,0,0,0,0,1,1,6,1,7,1997,2,9,5,1
2013521307488,2,1,0,18,0,8,0,0,0,0,1,1,6,1,8,-1,-1,-1,4,1
2013521307491,1,9,0,9,0,8,0,0,0,0,1,1,6,1,4,-1,-1,-1,1,1
2013521307491,2,1,0,18,0,8,0,0,0,0,1,1,6,1,6,-1,-1,-1,4,1
2013521307493,1,5,0,18,0,8,0,0,0,0,1,1,6,1,8,553,1,24,9,1
2013521307493,2,9,0,9,0,6,0,0,0,0,3,1,6,3,-1,1560,2,2,-1,-1
2013521307509,1,9,0,18,0,0,0,0,0,0,1,1,6,3,5,2316,1,25,-1,-1
2013521307509,2,9,0,18,0,0,0,0,0,0,1,1,6,1,5,1798,1,7,10,1
2013521307509,3,9,0,18,0,0,0,0,0,0,2,1,6,1,8,2204,2,6,7,1
2013521307509,4,9,0,18,0,0,0,0,0,0,2,1,6,1,5,1360,1,11,2,1
2013521307509,5,9,0,18,0,0,0,0,0,0,2,1,6,1,6,-1,-1,-1,3,1
2013521307513,1,9,0,6,0,0,0,0,0,0,3,1,6,1,6,1598,2,-1,2,1
2013521307513,2,5,0,18,0,0,0,0,0,0,1,1,6,1,4,599,1,15,9,1
2013521307519,1,8,0,9,0,6,0,0,0,0,1,1,6,1,6,2664,2,14,1,1
2013521307519,2,3,0,18,0,8,0,0,0,0,1,1,6,1,6,109,1,-1,4,1
2013521307522,1,9,0,18,0,8,0,0,0,7,1,1,6,1,6,1598,1,10,4,1
2013521307540,1,9,0,8,0,1,0,0,0,0,2,1,6,2,4,1299,1,12,5,1
2013521307540,2,9,0,4,0,1,0,0,0,0,1,1,6,1,7,1596,1,10,-1,-1
2013521307541,1,9,0,10,0,5,0,0,0,0,2,1,6,1,6,-1,-1,-1,-1,-1
2013521307541,2,9,0,18,0,1,0,0,0,0,1,1,6,1,5,1596,1,10,1,1
2013521307541,3,9,0,18,0,1,0,0,0,0,1,1,6,2,6,-1,-1,-1,2,1
2013521307544,1,9,0,18,0,0,0,0,0,0,1,1,6,1,6,1598,1,6,8,1
2013521307544,2,9,0,5,0,0,0,0,0,0,2,1,6,1,7,2183,2,3,8,3
2013521307546,1,9,0,18,0,8,0,0,1,10,4,1,6,1,8,1998,1,13,3,1
2013521307546,2,9,0,18,0,6,0,0,0,0,1,1,6,3,5,-1,-1,-1,-1,-1
2013521307560,1,1,0,4,0,1,0,0,0,0,2,1,1,1,9,-1,-1,-1,10,1
2013521307560,2,9,0,4,0,1,0,0,0,0,1,1,6,1,5,1796,7,9,1,1
2013521307563,1,9,0,9,0,8,0,0,0,0,1,1,6,1,5,1794,1,9,8,1
2013521307568,1,9,0,18,0,8,0,0,0,0,1,1,6,1,8,1242,1,11,7,1
2013521307568,2,9,5,18,0,8,0,0,0,0,1,1,6,3,6,-1,-1,-1,-1,-1
2013521307571,1,8,0,5,0,6,1,0,0,0,1,1,1,1,9,2198,2,7,6,1
2013521307571,2,1,0,18,0,8,0,0,0,0,4,1,6,2,6,-1,-1,-1,7,1
2013521307573,1,9,0,18,0,8,0,0,0,0,1,1,6,2,4,999,1,15,10,3
2013521307573,2,9,0,18,0,8,0,0,0,0,1,1,6,3,-1,-1,-1,-1,-1,-1
2013521307575,1,9,0,18,0,0,0,0,0,0,1,1,6,1,6,2184,2,10,7,1
2013521307575,2,9,0,18,0,0,0,0,0,0,1,1,6,2,11,1198,1,3,10,1
2013521307577,1,9,0,9,0,5,0,0,0,0,1,1,6,2,8,1995,2,9,6,1
2013521307577,2,9,0,18,0,8,0,0,0,0,1,1,6,1,7,1896,2,10,6,1
2013521307578,1,9,0,18,0,1,0,0,0,0,3,1,6,1,7,1587,1,6,2,1
2013521307578,2,1,0,18,5,6,0,0,0,0,1,1,6,1,7,-1,-1,-1,3,1
2013521307582,1,9,0,2,0,0,0,0,0,0,0,1,6,2,4,1124,1,12,9,1
2013521307582,2,9,0,18,0,0,0,0,0,0,0,1,6,3,-1,1396,1,11,-1,-1
2013521307583,1,9,0,5,0,6,0,0,0,0,4,1,6,1,6,-1,-1,-1,8,1
2013521307583,2,9,0,18,0,1,0,0,0,0,1,1,6,1,6,1397,1,5,4,2
2013521307595,1,1,0,18,0,8,0,0,0,0,4,1,2,1,5,-1,-1,-1,10,1
2013521307595,2,9,0,7,8,6,0,0,0,0,1,1,6,2,6,-1,-1,-1,6,3
2013521307604,1,1,0,18,0,1,0,0,0,0,1,1,6,3,6,-1,-1,-1,-1,-1
2013521307605,1,9,0,3,0,1,0,0,0,0,2,1,2,2,4,998,1,2,10,1
2013521307605,2,9,0,5,0,1,0,0,0,0,1,1,6,1,6,1998,1,10,-1,-1
2013521307608,1,9,0,18,0,8,0,4,0,0,1,1,6,1,7,1794,1,10,9,1
2013521307608,2,9,0,2,0,2,0,0,0,0,1,1,6,3,-1,1598,1,-1,-1,-1
2013521307608,3,9,0,2,0,2,0,0,0,0,1,1,6,3,-1,1984,1,13,-1,-1
2013521307608,4,9,0,2,0,2,0,0,0,0,1,1,6,3,-1,998,1,7,-1,-1
2013521307614,1,9,0,18,0,1,0,0,0,0,1,1,6,1,4,1149,1,13,9,1
2013521307614,2,9,0,9,0,1,0,0,0,0,4,1,6,1,11,1339,1,3,3,1
2013521307615,1,1,0,18,0,8,0,0,0,0,4,1,2,1,6,-1,-1,-1,8,1
2013521307615,2,9,0,7,0,6,0,0,0,0,1,1,6,1,8,1595,1,11,9,3
2013521307622,1,9,0,5,0,6,0,0,0,0,1,1,6,2,7,-1,-1,-1,4,1
2013521307622,2,9,0,18,0,8,0,0,0,0,3,1,6,1,5,1299,1,13,5,1
2013521307630,1,19,0,16,0,0,0,0,0,0,4,1,6,2,7,-1,-1,-1,-1,-1
2013521307637,1,5,0,18,0,0,0,0,0,0,3,1,6,1,8,599,1,4,2,1
2013521307637,2,9,0,13,0,0,0,0,0,0,4,1,6,3,-1,1560,2,2,-1,-1
2013521307641,1,9,0,18,0,1,0,0,0,0,1,1,6,1,6,3600,1,11,5,1
2013521307641,2,9,0,1,0,1,0,0,0,0,2,1,6,3,-1,1968,2,-1,8,3
2013521307671,1,9,0,18,0,0,0,0,0,0,1,1,6,1,6,2171,1,10,10,1
2013521307671,2,9,0,2,0,0,0,0,0,0,4,1,6,3,-1,1339,1,3,-1,-1
2013521307671,3,9,0,2,0,0,0,0,0,0,1,1,6,3,-1,-1,-1,-1,-1,-1
2013521307671,4,9,0,2,0,0,0,0,0,0,3,1,6,3,-1,1796,1,12,-1,-1
2013521307673,1,1,0,18,0,8,1,0,0,0,3,1,2,1,5,-1,-1,-1,9,1
2013521307673,2,9,0,9,0,5,0,0,0,0,1,1,6,3,-1,-1,-1,-1,-1,-1
2013521307675,1,9,0,18,0,1,0,0,0,0,1,1,6,1,4,-1,-1,-1,8,1
2013521307675,2,9,0,10,0,8,0,0,0,0,2,1,6,2,7,1995,2,9,7,1
2013521307676,1,9,0,18,0,1,0,0,0,0,4,1,6,2,5,1299,1,10,9,2
2013521307676,2,9,0,18,0,1,0,0,0,0,1,1,6,1,8,4367,2,1,7,1
2013521307681,1,9,0,18,0,0,1,0,4,6,1,1,6,2,7,2996,1,3,-1,-1
2013521307681,2,9,0,18,0,0,0,0,0,0,3,1,6,1,10,1582,2,1,5,1
2013521307684,1,9,0,4,0,8,0,0,0,0,2,1,6,1,6,1968,2,8,-1,1
2013521307684,2,9,0,4,0,8,0,0,0,0,2,1,6,1,6,1995,2,1,7,2
2013521307684,3,9,0,18,0,8,0,0,0,0,1,1,6,1,4,1997,2,9,5,1
2013521307688,1,9,0,18,0,0,0,0,0,0,1,1,6,1,8,1596,1,9,7,1
2013521307688,2,90,4,18,0,0,0,0,0,0,3,1,6,1,8,-1,-1,-1,-1,2
2013521307689,1,9,0,18,0,0,0,4,0,0,1,1,6,2,6,1599,1,9,7,1
2013521307689,2,9,0,2,0,0,0,4,0,0,2,1,6,3,-1,1198,1,-1,-1,-1
2013521307689,3,9,0,2,0,0,0,4,0,0,2,1,6,3,-1,2993,2,7,-1,-1
2013521307689,4,9,0,2,0,0,0,0,0,0,2,1,6,3,-1,1242,1,-1,-1,-1
2013521307690,1,9,0,3,0,0,0,0,0,0,3,1,6,2,5,1240,1,6,5,1
2013521307690,2,9,0,3,0,0,0,0,0,0,4,1,6,1,7,-1,-1,-1,-1,-1
2013521307690,3,9,0,2,0,0,0,0,0,0,3,1,6,2,7,1781,1,8,-1,-1
2013521307691,1,9,0,3,0,1,0,0,0,0,2,1,6,2,6,-1,-1,-1,8,1
2013521307691,2,9,0,18,0,1,0,0,0,0,1,1,6,1,9,-1,-1,-1,9,2
2013521307691,3,9,0,18,0,1,0,0,0,0,1,1,6,2,7,1242,1,7,7,1
2013521307701,1,9,0,10,0,1,0,0,0,0,4,1,3,2,6,1364,1,9,2,1
2013521307701,2,9,0,12,0,1,0,0,0,0,3,1,6,2,9,1753,2,13,-1,-1
2013521307714,1,8,0,5,0,1,0,0,0,0,1,1,1,1,8,2179,2,10,7,3
2013521307718,1,9,0,18,0,4,5,10,0,0,4,1,6,2,6,1390,1,5,8,1
2013521307727,1,11,0,4,0,1,0,0,0,0,0,1,6,1,9,9360,2,4,7,1
2013521307731,1,5,0,18,0,8,0,0,0,0,1,1,1,1,9,908,1,21,4,1
2013521307731,2,9,0,9,0,8,0,0,0,0,4,1,1,1,6,1242,1,9,-1,-1
2013521307741,1,9,0,4,0,1,0,0,0,0,2,1,6,2,6,1360,1,12,9,1
2013521307741,2,9,0,4,0,1,0,0,0,0,1,1,6,3,7,1397,1,9,-1,-1
2013521307744,1,8,0,18,0,8,0,0,0,0,1,1,1,1,7,2664,2,15,3,1
2013521307770,1,1,0,18,0,1,0,0,0,0,1,1,1,1,7,-1,-1,-1,6,1
2013521307770,2,9,0,3,0,1,0,0,0,0,2,1,6,2,6,1461,2,10,-1,-1
2013521307775,1,9,0,9,0,8,0,0,0,0,3,1,2,2,5,998,1,5,5,1
2013521307775,2,19,0,17,0,4,0,0,0,0,3,1,6,1,7,-1,-1,-1,-1,-1
2013521307783,1,9,0,14,0,2,0,4,0,0,4,1,6,2,10,1364,1,5,6,1
2013521307783,2,9,0,2,0,2,0,0,0,0,4,1,6,3,-1,-1,-1,-1,-1,-1
2013521307789,1,9,0,18,0,1,0,10,7,4,4,1,6,1,10,1783,1,14,4,1
2013521307791,1,9,0,9,0,6,0,0,0,0,1,1,6,1,6,1910,2,7,9,3
2013521307791,2,9,0,18,0,8,0,0,7,10,4,1,6,1,9,-1,-1,-1,2,1
2013521307792,1,9,0,9,0,8,0,0,0,0,1,1,6,3,-1,-1,-1,-1,-1,-1
2013521307792,2,1,0,17,0,8,0,0,0,0,1,1,6,2,4,-1,-1,-1,3,1
2013521307794,1,9,0,1,0,0,0,0,0,0,2,1,6,3,6,1560,2,2,-1,-1
2013521307809,1,3,0,18,0,6,1,0,0,0,4,1,6,1,7,125,1,-1,9,1
2013521307809,2,9,0,2,0,8,0,0,0,0,2,1,6,1,7,-1,-1,-1,10,1
2013521307821,1,1,0,18,0,8,0,0,0,0,3,1,1,2,5,-1,-1,-1,1,1
2013521307821,2,19,0,11,0,3,0,0,0,0,4,1,6,1,7,-1,-1,-1,-1,-1
2013521307823,1,9,0,3,0,1,0,0,0,0,0,1,6,1,6,1910,2,7,-1,1
2013521307825,1,9,0,18,0,2,0,0,0,0,1,1,6,1,9,1956,2,1,7,1
2013521307839,1,1,0,9,0,5,0,0,0,0,1,1,6,1,8,-1,-1,-1,9,1
2013521307839,2,9,0,18,0,8,0,0,0,0,1,1,6,3,-1,-1,-1,-1,-1,-1
2013521307842,1,9,0,17,0,0,1,0,0,0,1,1,2,1,6,1124,1,10,-1,1
2013521307853,1,9,0,17,0,0,1,0,1,2,4,1,6,2,7,1405,1,9,8,3
2013521307856,1,9,0,3,0,1,0,0,0,0,2,1,1,1,7,1997,2,11,6,1
2013521307856,2,9,0,4,0,1,0,0,0,0,1,1,1,1,7,1198,1,5,-1,-1
2013521307874,1,9,0,18,0,8,0,0,0,0,4,1,6,2,7,-1,-1,-1,-1,-1
2013521307880,1,9,0,18,0,1,0,0,0,0,2,1,6,2,6,1248,2,4,1,1
2013521307880,2,9,0,18,0,1,0,0,0,0,2,1,6,1,6,1389,1,11,3,1
2013521307880,3,9,0,18,0,1,0,0,0,0,1,1,6,2,7,-1,-1,-1,6,1
2013521307881,1,9,0,9,0,5,0,0,0,0,4,1,6,1,6,1200,1,-1,4,1
2013521307881,2,3,0,18,0,8,0,0,0,0,1,1,6,1,7,97,1,7,2,1
2013521307882,1,9,0,18,0,8,0,0,0,0,3,1,6,1,6,-1,-1,-1,-1,1
2013521307882,2,5,0,18,0,8,0,0,0,0,4,1,6,1,8,1170,1,1,10,1
2013521307883,1,9,0,18,0,0,0,0,0,0,1,1,6,1,5,1995,2,3,8,3
2013521307883,2,9,0,18,0,0,0,0,0,0,1,1,6,2,5,1299,1,12,3,1
2013521307883,3,9,0,2,0,0,0,0,0,0,3,1,6,3,-1,1590,1,18,-1,-1
2013521307883,4,9,0,3,0,0,0,0,0,0,2,1,6,1,5,1199,1,11,3,1
2013521307887,1,9,0,18,0,0,0,0,0,0,1,1,6,1,5,-1,-1,-1,-1,-1
2013521307887,2,20,1,18,0,0,0,0,0,0,2,1,6,1,8,-1,-1,-1,6,1
2013521307887,3,9,0,18,0,0,0,0,0,0,1,1,6,1,10,-1,-1,-1,8,1
2013521307892,1,19,0,18,0,0,1,0,0,0,1,1,6,1,6,2800,2,16,10,2
2013521307892,2,9,0,18,0,0,1,0,0,0,1,1,6,2,4,1360,1,13,8,3
2013521307894,1,9,0,9,0,1,0,0,0,0,4,1,6,2,6,1598,1,8,7,1
2013521307894,2,1,0,18,0,1,0,0,0,0,1,1,6,1,5,-1,-1,-1,5,1
2013521307897,1,9,0,15,0,0,0,0,0,0,4,1,6,1,11,1599,1,5,7,1