Accident_Index,Vehicle_Reference,Vehicle_Type,Towing_and_Articulation,Vehicle_Manoeuvre,Vehicle_Location-Restricted_Lane,Junction_Location,Skidding_and_Overturning,Hit_Object_in_Carriageway,Vehicle_Leaving_Carriageway,Hit_Object_off_Carriageway,1st_Point_of_Impact,Was_Vehicle_Left_Hand_Drive?,Journey_Purpose_of_Driver,Sex_of_Driver,Age_Band_of_Driver,Engine_Capacity_(CC),Propulsion_Code,Age_of_Vehicle,Driver_IMD_Decile,Driver_Home_Area_Type
2013521308567,1,9,0,11,0,8,0,0,0,0,4,1,6,2,9,1299,1,11,3,1
2013521308567,2,3,0,18,0,8,0,0,0,0,3,1,6,2,7,124,1,4,3,1
2013521308572,1,9,0,18,0,0,0,0,0,0,4,1,6,2,7,1753,2,8,10,1
2013521308575,1,9,0,3,0,2,0,0,0,0,2,1,6,2,6,1598,1,5,5,1
2013521308575,2,9,0,18,0,2,0,0,0,0,1,1,6,1,5,1587,1,15,2,1
2013521308579,1,9,0,18,0,0,0,0,0,0,3,1,6,1,7,999,1,-1,4,1
2013521308579,2,5,0,18,0,0,1,0,0,0,1,1,6,1,4,599,1,4,10,1
2013521308585,1,1,0,18,2,0,0,0,0,0,3,1,6,1,10,-1,-1,-1,4,1
2013521308585,2,11,0,13,2,0,0,0,0,0,4,1,1,1,6,9360,2,5,-1,-1
2013521308588,1,9,0,16,0,0,1,0,0,0,4,1,6,3,6,-1,-1,-1,-1,-1
2013521308604,1,9,0,9,0,5,0,0,0,0,4,1,6,1,5,1596,1,10,4,1
2013521308604,2,3,0,15,0,8,0,0,0,0,1,1,6,2,5,-1,-1,-1,4,1
2013521308611,1,8,0,5,0,0,0,0,0,0,4,1,1,3,6,-1,-1,-1,-1,-1
2013521308621,1,9,0,3,0,1,0,0,0,0,2,1,6,2,6,1997,1,12,3,1
2013521308621,2,9,0,18,0,1,0,0,0,0,1,1,6,2,5,-1,-1,-1,-1,1
2013521308621,3,9,0,3,0,1,0,0,0,0,2,1,6,2,8,1598,1,8,9,3
2013521308624,1,19,0,18,0,0,0,0,0,0,1,1,1,1,8,2198,2,6,8,1
2013521308626,1,9,0,18,0,0,0,4,0,0,1,1,6,1,4,1600,1,13,1,1
2013521308626,2,9,0,2,0,0,0,0,0,0,2,1,6,3,-1,1390,1,13,-1,-1
2013521308631,1,9,0,18,0,0,0,0,0,0,1,1,6,2,5,-1,-1,-1,7,1
2013521308631,2,9,0,2,0,0,0,0,0,0,1,1,6,3,-1,1299,1,12,-1,-1
2013521308631,3,9,0,2,0,0,0,0,0,0,1,1,6,2,6,1995,2,-1,-1,-1
2013521308631,4,9,0,2,0,0,0,0,0,0,1,1,6,3,-1,1598,1,9,-1,-1
2013521308637,1,9,0,6,0,8,0,0,0,0,0,1,6,1,6,1600,1,15,1,1
2013521308637,2,9,0,3,0,1,0,0,0,0,2,1,6,1,7,1896,2,4,3,1
2013521308637,3,9,0,4,0,1,0,0,0,0,1,1,6,1,6,1753,2,7,6,1
2013521308637,4,9,0,4,0,1,0,0,0,0,1,1,6,1,8,-1,-1,-1,4,1
2013521308646,1,9,0,18,0,8,0,0,0,0,4,1,6,1,6,1910,2,5,9,2
2013521308646,2,9,0,18,0,8,0,0,0,0,1,1,6,2,8,-1,-1,-1,9,3
2013521308648,1,9,0,18,0,1,0,0,0,0,1,1,6,1,6,1360,1,12,3,1
2013521308648,2,9,0,10,0,1,0,0,0,0,2,1,6,1,5,-1,-1,-1,2,1
2013521308649,1,19,0,13,0,0,0,0,0,0,4,1,6,1,6,-1,-1,-1,10,1
2013521308649,2,1,0,18,0,0,0,0,0,0,3,1,6,2,5,-1,-1,-1,3,1
2013521308650,1,9,0,2,0,0,0,0,0,0,0,1,6,1,6,999,1,15,4,1
2013521308650,2,9,0,18,0,0,0,0,0,0,1,1,6,3,-1,-1,-1,-1,-1,-1
2013521308652,1,9,0,18,0,1,0,0,0,0,1,1,6,3,-1,-1,-1,-1,-1,-1
2013521308663,1,9,0,9,0,6,0,0,0,0,3,1,6,3,-1,-1,-1,-1,-1,-1
2013521308666,1,9,0,18,0,8,0,0,0,0,1,1,1,1,6,1560,2,2,6,1
2013521308666,2,9,0,18,0,6,0,0,0,0,3,1,1,1,6,-1,-1,-1,3,1
2013521308667,1,19,0,18,0,1,0,0,0,0,1,1,6,1,9,1998,2,9,10,1
2013521308667,2,9,0,9,0,6,0,0,0,0,1,1,6,1,7,-1,-1,-1,2,1
2013521308668,1,9,0,18,0,1,0,0,0,0,4,1,6,2,6,1396,1,10,10,1
2013521308668,2,9,0,2,6,8,0,0,0,0,2,1,6,1,6,-1,-1,-1,8,1
2013521308669,1,9,0,9,0,6,0,0,0,0,2,1,1,1,9,1596,1,6,3,1
2013521308669,2,9,0,9,0,1,0,0,0,0,1,1,1,1,8,-1,-1,-1,-1,-1
2013521308675,1,21,1,18,0,0,0,0,0,0,1,1,1,1,8,7146,2,6,6,2
2013521308675,2,9,0,4,0,0,0,0,5,6,2,1,6,1,9,-1,-1,-1,10,1
2013521308683,1,9,0,18,0,0,0,0,0,0,1,1,6,1,6,-1,-1,-1,6,1
2013521308683,2,9,0,4,0,0,0,0,0,0,2,1,6,2,6,1783,1,12,6,1
2013521308683,3,9,0,4,0,0,0,0,0,0,2,1,6,2,6,1364,1,7,10,1
2013521308686,1,9,0,18,0,8,0,0,0,0,1,1,6,1,6,1199,2,1,8,1
2013521308686,2,9,0,7,0,6,0,0,0,0,1,1,6,2,10,-1,-1,-1,10,1
2013521308687,1,1,0,18,0,8,0,0,0,0,1,1,6,1,5,-1,-1,-1,1,1
2013521308687,2,9,0,9,0,6,0,0,0,0,3,1,6,1,6,1397,1,10,2,1
2013521308697,1,9,0,9,0,5,0,0,0,0,1,1,6,2,6,1390,1,16,-1,-1
2013521308697,2,4,0,18,0,8,0,0,0,0,1,1,6,1,4,398,1,12,4,1
2013521308707,1,9,0,18,0,8,0,0,0,0,1,1,6,2,5,1390,1,9,8,3
2013521308707,2,9,0,18,0,1,0,0,0,0,1,1,6,2,9,1598,7,5,7,1
2013521308707,3,9,0,9,0,5,0,0,0,0,4,1,6,1,9,1299,1,15,8,2
2013521308707,4,9,0,10,0,1,0,0,0,0,1,1,6,1,9,1968,2,2,6,1
2013521308708,1,9,0,9,0,5,0,0,0,0,1,1,6,3,-1,1596,1,9,-1,-1
2013521308708,2,1,0,10,0,1,0,0,0,0,1,1,6,1,7,-1,-1,-1,6,1
2013521308709,1,9,0,18,0,6,0,0,0,0,1,1,6,1,4,-1,-1,-1,8,1
2013521308709,2,9,0,18,0,1,0,0,0,0,1,1,6,2,7,1753,2,5,8,1
2013521308711,1,9,0,12,0,0,0,0,0,0,3,1,2,1,6,-1,-1,-1,5,1
2013521308711,2,9,0,18,0,0,0,0,0,0,3,1,6,1,6,1868,2,13,1,1
2013521308712,1,9,0,18,0,8,0,0,0,0,1,1,6,1,4,1242,1,13,3,1
2013521308712,2,1,0,12,0,8,0,0,0,0,1,1,6,1,5,-1,-1,-1,2,1
2013521308713,1,9,0,11,0,8,0,0,0,0,3,1,6,1,10,1596,1,1,2,1
2013521308713,2,19,0,12,0,8,0,0,0,0,1,1,6,1,5,-1,-1,-1,1,1
2013521308714,1,9,0,5,0,8,0,0,0,0,1,1,6,1,5,2183,2,2,6,1
2013521308714,2,1,0,18,0,8,0,0,0,0,1,1,6,2,7,-1,-1,-1,7,1
2013521308715,1,9,0,18,0,0,0,0,0,0,1,1,6,1,7,1686,2,2,9,1
2013521308715,2,9,0,18,0,0,0,0,0,0,1,1,6,2,10,998,1,13,10,1
2013521308720,1,9,0,3,0,0,0,0,0,0,2,1,6,2,5,1397,1,2,-1,3
2013521308720,2,9,0,18,0,0,0,0,0,0,2,1,6,1,10,1339,1,7,10,1
2013521308722,1,9,0,9,0,8,0,0,0,0,1,1,6,1,7,-1,-1,-1,10,1
2013521308722,2,4,0,14,0,8,0,0,0,0,1,1,6,1,9,249,1,2,4,1
2013521308723,1,9,0,13,0,0,0,0,0,0,4,1,6,3,-1,-1,-1,-1,-1,-1
2013521308723,2,1,0,18,0,0,0,0,0,0,3,1,6,1,7,-1,-1,-1,3,1
2013521308725,1,9,0,7,0,8,0,0,0,0,1,1,6,1,8,2457,1,6,8,2
2013521308725,2,1,0,18,0,8,0,0,0,0,1,1,6,1,5,-1,-1,-1,10,1
2013521308728,1,11,0,18,0,1,0,0,0,0,3,1,1,1,7,7300,2,9,1,1
2013521308732,1,9,0,18,0,0,0,0,0,0,4,1,6,2,7,1396,1,12,4,2
2013521308734,1,9,0,9,0,5,0,0,0,0,1,1,6,2,6,-1,-1,-1,10,1
2013521308734,2,1,0,18,5,8,0,0,0,0,1,1,6,1,8,-1,-1,-1,5,1
2013521308736,1,9,0,18,0,8,0,0,0,0,1,1,6,1,6,-1,-1,-1,3,1
2013521308740,1,9,0,18,0,0,0,0,0,0,1,1,6,1,7,2362,7,12,6,1
2013521308742,1,9,0,9,0,5,0,0,0,0,4,1,6,2,6,1329,1,1,2,1
2013521308742,2,9,0,18,0,8,0,0,0,0,1,1,6,1,10,1198,1,7,5,1
2013521308745,1,1,0,18,0,1,0,0,0,0,1,1,1,1,4,-1,-1,-1,6,1
2013521308745,2,9,0,9,0,1,0,0,0,0,1,1,6,2,5,-1,-1,-1,-1,-1
2013521308760,1,9,0,5,0,8,0,0,0,0,1,1,6,3,-1,1598,1,2,-1,-1
2013521308802,1,8,0,10,0,1,0,0,0,0,2,1,1,1,6,2499,2,3,1,1
2013521308802,2,8,0,11,0,1,0,0,0,0,1,1,1,1,6,1998,2,5,1,1
2013521308809,1,9,0,18,0,1,0,7,0,0,1,1,6,2,6,-1,-1,-1,5,1
2013521308811,1,9,0,7,0,6,0,0,0,0,1,1,6,2,6,1242,1,16,3,1
2013521308811,2,9,0,18,0,8,0,0,0,0,1,1,6,2,6,1349,1,14,4,1
2013521308822,1,9,0,16,0,0,0,0,1,11,1,1,6,2,4,998,1,13,9,1
2013521400008,1,9,0,7,0,6,0,0,0,0,1,1,6,1,5,1360,1,8,4,1
2013521400008,2,1,0,18,0,8,0,0,0,0,1,1,6,2,6,-1,-1,-1,1,1
2013521400011,1,9,0,18,0,1,0,0,0,0,1,1,6,1,10,1968,2,7,10,1
2013521400011,2,9,0,18,0,1,0,0,0,0,1,1,6,1,9,1968,2,4,7,1
2013521400012,1,9,0,18,0,1,0,0,0,0,1,1,6,1,6,1781,1,12,3,1
2013521400012,2,9,0,12,0,1,0,0,0,0,3,1,6,2,4,-1,-1,-1,1,1
2013521400015,1,9,0,18,0,0,0,0,0,0,1,1,6,2,9,1905,2,17,8,1
2013521400015,2,9,0,18,0,0,0,6,0,0,1,1,6,2,7,1341,1,8,7,1
2013521400015,3,9,0,18,0,0,0,0,0,0,1,1,6,2,6,1461,2,5,8,1
2013521400018,1,9,0,10,0,5,0,0,0,0,2,1,6,2,8,1598,1,9,9,1
2013521400018,2,5,0,18,0,1,0,0,0,0,1,1,6,1,5,499,1,12,6,1
2013521400024,1,19,0,18,0,0,0,0,0,0,4,1,6,1,6,2151,2,9,7,3
2013521400024,2,3,0,12,0,0,0,0,0,0,3,1,6,1,4,124,1,11,3,1
2013521400026,1,8,0,1,0,1,0,0,0,0,2,1,6,1,7,1998,2,5,4,1
2013521400031,1,9,0,18,0,1,0,0,0,0,1,1,6,1,6,-1,-1,-1,7,1
2013521400031,2,1,0,18,0,1,0,0,0,0,2,1,6,1,8,-1,-1,-1,8,1
2013521400032,1,9,0,5,0,8,0,0,0,0,1,1,6,2,5,1956,2,-1,4,1
2013521400032,2,9,0,18,0,8,0,0,0,0,1,1,6,1,9,1248,2,3,8,1
2013521400035,1,19,0,13,0,0,0,0,0,0,4,1,6,3,-1,-1,-1,-1,-1,-1
2013521400035,2,1,0,18,0,0,0,0,0,0,3,1,6,1,8,-1,-1,-1,4,1
2013521400036,1,9,0,9,0,6,0,0,0,0,1,1,6,1,11,1587,1,21,9,3
2013521400036,2,1,0,18,0,8,0,0,0,0,1,1,6,1,5,-1,-1,-1,6,1
2013521400037,1,9,0,18,0,0,5,0,1,0,4,1,6,1,5,1988,1,13,7,1
2013521400048,1,9,0,4,7,5,0,0,0,0,2,1,6,1,7,1998,2,11,5,1
2013521400048,2,9,0,11,6,5,0,0,0,0,1,1,6,1,7,1968,2,6,1,1
2013521400050,1,9,0,18,0,0,0,0,0,2,1,1,6,2,7,1968,2,7,5,1
2013521400050,2,9,0,2,0,0,0,0,0,0,1,1,6,3,-1,1596,1,12,-1,-1
2013521400057,1,9,0,7,0,6,0,0,0,0,2,1,6,1,8,1560,2,7,9,1
2013521400057,2,4,0,18,0,1,0,0,0,0,1,1,6,1,8,-1,-1,-1,9,1
2013521400061,1,9,0,5,0,6,0,0,0,0,4,1,6,2,9,1399,2,9,9,1
2013521400061,2,9,0,18,0,1,0,0,0,0,1,1,6,1,4,1781,1,12,6,1
2013521400061,3,9,0,3,0,1,0,0,0,0,1,1,6,2,5,-1,-1,-1,2,1
2013521400064,1,9,0,18,0,0,0,0,1,2,1,1,6,2,8,1598,1,9,7,1
2013521400065,1,9,0,3,0,1,0,0,0,0,2,1,6,2,7,1598,1,14,2,1
2013521400065,2,9,0,18,0,1,0,0,0,0,1,1,6,1,6,1910,2,10,4,1
2013521400067,1,9,0,5,0,0,0,0,0,0,1,1,6,3,-1,-1,-1,-1,-1,-1
2013521400072,1,9,0,18,0,0,0,0,0,0,1,1,6,2,8,1242,1,17,7,1
2013521400072,2,1,0,18,0,0,0,0,0,0,1,1,6,1,3,-1,-1,-1,2,1
2013521400073,1,9,0,4,0,1,0,0,0,0,1,1,6,1,4,1229,1,6,9,1
2013521400073,2,9,0,3,0,1,0,0,0,0,2,1,6,1,10,847,1,12,4,1
2013521400073,3,9,0,3,0,1,0,0,0,0,2,1,6,1,5,-1,-1,-1,10,1
2013521400077,1,9,0,5,0,0,0,4,7,10,1,1,6,1,8,-1,-1,-1,2,1
2013521400077,2,9,0,2,0,0,0,0,0,0,2,1,6,3,-1,1998,1,15,-1,-1
2013521400080,1,9,0,18,0,0,0,0,0,0,1,1,6,1,5,2521,1,3,8,2
2013521400080,2,9,0,18,0,0,0,0,0,0,1,1,6,2,8,1870,2,6,4,1
2013521400082,1,9,0,12,0,0,0,0,0,0,2,1,6,2,4,1896,2,12,4,1
2013521400082,2,1,0,18,0,0,0,0,0,0,1,1,6,1,9,-1,-1,-1,4,3
2013521400084,1,1,0,18,0,0,0,0,0,0,0,1,6,2,7,-1,-1,-1,4,1
2013521400084,2,8,0,18,0,0,0,0,0,0,2,1,6,1,6,1896,2,5,6,1
2013521400086,1,9,0,18,0,0,0,0,7,10,1,1,6,2,8,-1,-1,-1,9,1
2013521400089,1,5,0,18,0,8,0,0,0,0,1,1,6,1,7,-1,-1,-1,4,1
2013521400089,2,9,0,5,0,6,0,0,0,0,1,1,1,2,6,1229,1,3,4,1
2013521400106,1,9,0,9,0,1,0,0,0,0,1,1,6,2,9,1798,1,2,9,1
2013521400106,2,1,0,18,0,1,0,0,0,0,3,1,6,2,6,-1,-1,-1,9,1
2013521400108,1,9,0,18,0,0,0,0,0,0,1,1,6,2,6,-1,-1,-1,4,1
2013521400109,1,9,0,18,0,0,0,0,1,0,1,1,6,1,10,4398,1,10,2,1
2013521400109,2,19,0,18,0,0,0,0,1,9,1,1,6,1,7,-1,-1,-1,9,3
2013521400110,1,9,0,3,0,1,0,0,0,0,1,1,1,1,6,-1,-1,-1,3,1
2013521400110,2,9,0,18,0,6,0,4,0,0,1,1,1,1,6,3189,1,6,3,1
2013521400110,3,9,0,18,0,1,0,4,0,10,1,1,6,3,-1,1984,1,6,-1,-1
2013521400110,4,9,0,3,0,2,0,0,0,0,1,1,6,1,9,1870,2,10,8,1
2013521400110,5,9,0,2,0,2,0,0,0,0,4,1,6,3,-1,1998,2,7,-1,-1
2013521400110,6,9,0,2,0,2,0,0,0,0,4,1,6,1,6,1298,1,13,-1,-1
2013521400110,7,9,0,18,0,8,0,0,0,0,1,1,6,1,7,1348,1,12,2,1
2013521400110,8,9,0,2,0,1,0,0,0,0,4,1,6,3,-1,899,1,-1,-1,-1
2013521400116,1,4,0,3,0,1,0,0,0,0,1,1,6,1,4,124,1,-1,7,1
2013521400116,2,9,0,4,0,1,0,0,0,0,0,1,6,1,6,-1,-1,-1,7,1
2013521400121,1,9,0,18,0,8,0,0,0,0,1,1,6,2,8,1598,1,8,10,1
2013521400121,2,9,0,10,0,8,0,0,0,3,2,1,6,2,7,1398,2,7,8,3
2013521400121,3,9,0,18,0,8,0,0,0,0,0,1,6,3,-1,-1,-1,-1,-1,-1
2013521400124,1,9,0,17,0,0,1,0,1,9,4,1,6,2,4,-1,-1,-1,6,1
2013521400125,1,9,0,5,8,0,0,0,0,0,1,1,6,1,6,1968,2,-1,6,1
2013521400125,2,9,0,18,0,0,0,0,0,0,1,1,6,1,7,-1,-1,-1,9,3
2013521400128,1,5,0,4,0,0,0,0,0,0,2,1,6,1,7,600,1,12,7,1
2013521400128,2,9,0,18,0,0,0,0,0,0,1,1,6,1,5,1998,1,10,5,3
2013521400130,1,9,0,7,0,6,0,0,0,0,1,1,6,3,-1,1400,1,14,-1,-1
2013521400132,1,9,0,18,0,0,0,0,0,0,0,1,6,2,7,1364,2,7,10,1
2013521400138,1,9,0,18,0,6,0,0,3,10,1,1,6,2,6,1332,1,5,1,1
2013521400139,1,9,0,18,0,0,0,0,0,0,1,1,6,1,7,3528,1,27,7,1
2013521400139,2,9,0,9,0,0,0,0,0,0,1,1,6,2,6,1968,2,3,10,2
2013521400141,1,9,0,9,0,5,0,0,0,0,1,1,6,2,8,1598,1,9,8,1
2013521400141,2,4,0,18,0,1,0,0,0,0,1,1,6,1,7,125,1,4,8,1
2013521400146,1,9,0,18,0,0,0,4,0,0,1,1,6,1,8,1868,2,12,5,1
2013521400146,2,9,0,2,0,0,0,0,0,0,2,1,6,2,8,1951,2,7,9,1
2013521400149,1,19,0,16,0,0,1,0,0,0,1,1,1,1,7,1753,2,10,4,1
2013521400149,2,9,0,17,0,0,0,0,0,0,1,1,6,1,10,1794,1,8,10,2
2013521400155,1,9,0,18,0,0,0,0,0,0,1,1,6,2,10,1299,1,5,9,3
2013521400166,1,9,0,12,0,5,1,0,1,9,1,1,6,2,6,1199,1,12,-1,1
2013521400169,1,8,0,2,0,0,0,0,0,0,3,1,1,2,5,1998,2,6,6,1
2013521400169,2,9,0,18,0,0,0,0,0,0,4,1,1,1,10,1199,1,13,5,1
2013521400175,1,8,0,18,0,0,0,0,0,0,3,1,1,1,9,1560,2,4,1,1
2013521400181,1,9,0,5,0,0,0,0,0,0,4,2,1,2,6,1398,1,1,3,1
2013521400183,1,9,0,18,0,0,0,0,0,0,2,1,6,1,7,1870,2,10,9,1
2013521400183,2,9,0,18,0,0,0,0,0,0,1,1,6,1,7,1149,1,6,6,1
2013521400192,1,9,0,18,0,2,0,0,0,0,1,1,6,2,7,1587,1,8,5,1
2013521400193,1,19,0,1,9,0,0,0,0,0,2,1,1,3,6,2148,2,4,-1,-1
2013521400196,1,9,0,18,0,0,0,0,0,0,1,1,6,2,6,1390,1,7,2,1
2013521400227,1,5,0,18,0,3,0,0,0,0,4,1,6,1,8,1298,1,12,5,2
2013521400227,2,9,0,9,0,8,0,0,0,0,3,1,6,2,10,1598,1,1,8,1
2013521400228,1,9,0,18,0,6,0,0,1,10,1,1,6,2,7,1798,1,5,7,1
2013521400228,2,9,0,18,0,8,0,0,7,10,1,1,6,1,6,1598,1,9,1,1
2013521400230,1,9,0,5,9,6,0,0,0,0,4,1,2,2,8,1299,1,10,9,1
2013521400230,2,1,0,15,9,4,0,0,0,0,1,1,6,1,8,-1,-1,-1,9,1
2013521400231,1,19,0,18,0,0,1,0,0,0,3,1,1,1,7,1998,2,9,7,1
2013521400231,2,21,0,18,0,0,0,0,0,0,3,1,1,1,9,-1,-1,-1,5,1
2013521400239,1,9,0,18,0,0,0,0,1,4,1,1,1,1,6,1598,1,3,10,3
2013521400243,1,9,0,16,0,0,0,0,7,10,1,1,6,2,9,-1,-1,-1,8,2
2013521400244,1,9,0,7,0,5,0,0,0,0,1,1,6,2,8,-1,-1,-1,-1,-1
2013521400245,1,9,0,5,0,8,0,0,0,0,3,1,6,1,10,1198,1,5,10,1
2013521400245,2,5,0,5,0,8,0,0,0,0,4,1,1,1,8,-1,-1,-1,9,1
2013521400253,1,9,0,3,0,0,0,0,0,0,0,1,6,1,6,-1,-1,-1,2,1
2013521400253,2,3,0,4,0,0,1,0,0,0,3,1,6,1,6,125,1,9,1,1
2013521400267,1,9,0,3,0,0,0,0,0,0,2,1,6,2,6,1796,1,12,1,1
2013521400267,2,9,0,18,0,0,0,0,0,0,1,1,6,1,5,1198,1,2,1,1
2013521400268,1,3,0,17,0,8,0,0,0,0,1,1,6,1,8,124,1,6,2,1
2013521400268,2,9,0,9,0,6,0,0,0,0,1,1,6,2,6,1364,1,8,3,1
2013521400293,1,9,0,9,0,6,0,0,0,0,3,1,2,1,7,-1,-1,-1,9,1
2013521400293,2,9,0,18,0,8,0,0,0,0,1,1,2,2,9,1422,2,4,6,1
2013521400295,1,9,0,6,0,0,0,0,0,0,1,1,6,2,9,1910,2,6,8,3
2013521400295,2,3,0,13,0,0,0,0,0,0,1,1,6,1,8,124,1,-1,7,1
2013521400297,1,4,0,18,2,8,1,10,0,0,4,1,2,1,7,395,1,-1,4,1
2013521400297,2,9,0,11,2,8,0,0,0,0,0,1,6,2,10,1242,1,5,5,1
2013521400299,1,9,0,18,0,0,0,0,0,0,1,1,6,1,8,3200,2,9,10,1
2013521400300,1,9,0,9,0,5,0,0,0,0,3,1,6,1,5,1388,1,9,9,1
2013521400300,2,9,0,18,0,8,0,0,0,0,1,1,6,2,7,1999,1,8,10,1
2013521400307,1,9,0,18,0,0,0,0,5,6,3,1,6,1,9,1598,1,15,4,2
2013521400309,1,9,0,18,0,8,0,0,0,0,4,1,6,2,5,1596,1,11,3,1
2013521400309,2,9,0,9,0,6,0,0,0,0,1,1,6,2,7,1582,2,5,-1,1
2013521400311,1,9,0,12,0,1,0,0,0,0,3,1,6,1,5,1796,1,10,5,1
2013521400311,2,9,0,5,0,1,0,0,0,0,4,1,6,1,5,998,1,3,5,2
2013521400313,1,9,0,18,0,0,0,0,0,0,1,1,6,3,-1,-1,-1,-1,-1,-1
2013521400315,1,9,0,9,0,5,0,0,0,0,1,1,6,2,10,1299,1,8,7,1
2013521400315,2,4,0,18,0,8,0,0,0,0,3,1,6,1,5,400,1,30,9,1
2013521400316,1,9,0,4,0,4,0,0,0,0,2,1,6,2,8,1388,1,10,4,1
2013521400316,2,9,0,4,0,4,0,0,0,0,1,1,6,1,10,1389,1,11,8,1
2013521400327,1,21,0,5,0,6,0,0,7,2,1,1,1,1,8,11705,2,1,5,1
2013521400330,1,9,0,18,0,8,0,0,0,0,1,1,6,1,9,-1,-1,-1,2,1
2013521400330,2,9,0,9,0,5,0,0,0,0,1,1,6,2,4,1086,1,4,9,1
2013521400336,1,9,0,18,0,2,0,0,0,0,1,1,6,3,-1,-1,-1,-1,-1,-1
2013521400340,1,1,0,18,4,8,0,0,0,0,4,1,6,2,7,-1,-1,-1,7,2
2013521400340,2,9,0,7,4,6,0,0,0,0,1,1,6,2,5,1242,1,3,10,1
2013521400343,1,9,0,18,0,0,1,0,2,7,1,1,6,2,9,1399,2,5,-1,3
2013521400343,2,9,0,18,0,0,0,0,0,0,3,1,6,1,7,1560,2,1,4,1
2013521400343,3,9,0,18,0,0,0,0,0,0,1,1,6,2,6,1124,1,6,4,1
2013521400347,1,9,0,18,0,0,0,0,0,0,1,1,6,1,9,1796,1,9,5,1
2013521400348,1,9,0,9,0,6,0,0,0,0,1,1,2,2,9,2993,2,1,9,3
2013521400348,2,9,0,18,0,8,0,0,0,0,3,1,2,2,6,1997,2,12,6,1
2013521400348,3,9,0,18,0,8,0,0,0,0,3,1,2,2,8,1388,1,5,9,1
2013521400349,1,9,0,17,0,1,5,0,7,10,1,1,6,2,4,1299,1,14,4,1
2013521400352,1,1,0,11,0,0,0,0,0,0,2,1,6,2,5,-1,-1,-1,2,1
2013521400352,2,3,0,18,0,0,0,0,0,0,1,1,6,1,5,124,1,2,3,1
2013521400353,1,9,0,1,0,2,0,0,0,0,2,1,6,3,-1,-1,-1,-1,-1,-1
2013521400355,1,9,0,4,0,0,0,0,0,0,2,1,6,1,9,-1,-1,-1,8,3
2013521400355,2,9,0,4,0,0,0,0,0,0,1,1,6,1,11,1596,1,2,1,1
2013521400356,1,9,0,3,0,0,0,0,0,0,2,1,1,1,7,1560,2,5,1,1
2013521400356,2,9,0,18,0,0,0,0,0,0,1,1,6,1,5,1390,1,12,1,1
2013521400359,1,1,0,18,0,8,0,0,0,0,4,1,6,2,4,-1,-1,-1,3,1
2013521400359,2,9,0,1,0,6,0,0,0,0,4,1,6,2,6,1870,2,10,-1,-1
2013521400363,1,9,0,18,0,0,0,0,0,0,4,1,6,2,10,1149,1,15,6,1
2013521400368,1,9,0,14,0,0,0,0,0,0,1,1,6,1,6,973,1,14,1,1
2013521400368,2,11,0,3,0,0,0,0,0,0,2,1,1,1,5,7300,2,9,4,1
2013521400369,1,11,0,18,0,0,0,0,0,0,1,1,1,1,8,7300,2,8,2,1
2013521400400,1,5,0,18,0,8,0,0,0,0,1,1,6,1,5,599,1,15,8,1
2013521400400,2,1,0,7,0,6,0,0,0,0,1,1,6,2,6,-1,-1,-1,2,1
2013521400401,1,9,0,18,0,8,0,0,1,1,1,1,6,1,5,1984,1,6,1,1
2013521400407,1,9,0,18,0,8,0,0,0,0,0,1,1,1,6,1753,2,2,-1,-1
2013521400407,2,9,0,16,0,8,1,0,3,10,1,1,6,1,7,-1,-1,-1,-1,-1
2013521400423,1,9,0,18,0,1,0,0,0,0,1,1,6,1,7,1240,1,9,4,1
2013521400423,2,9,0,2,0,1,0,0,0,0,4,1,6,3,-1,1798,1,11,-1,-1
2013521400423,3,9,0,2,0,1,0,0,0,0,3,1,6,3,-1,1229,1,8,-1,-1
2013521400436,1,9,0,18,0,0,0,0,0,0,1,1,6,3,7,-1,-1,-1,-1,-1
2013521400437,1,9,0,18,0,0,0,0,0,0,1,1,6,1,7,-1,-1,-1,3,1
2013521400437,2,9,0,18,0,0,0,0,0,0,1,1,6,1,8,1796,1,13,-1,1
2013521400437,3,9,0,18,0,0,0,0,0,0,1,1,6,2,7,2184,2,11,3,1
2013521400437,4,9,0,18,0,0,0,0,0,0,1,1,6,1,9,-1,-1,-1,5,1
2013521400491,1,9,0,9,0,8,0,0,0,0,4,1,6,2,10,1242,1,3,5,1
2013521400491,2,1,0,18,0,8,0,0,0,0,1,1,6,1,6,-1,-1,-1,10,1
2013521400497,1,19,0,18,0,8,0,0,0,0,4,1,1,1,9,1896,2,5,7,1
2013521400497,2,3,0,18,0,8,0,0,0,0,1,1,1,1,6,1170,1,-1,3,1
2013521400501,1,9,0,18,0,8,0,0,0,0,1,1,6,2,7,-1,-1,-1,7,3
2013521400501,2,9,0,9,0,6,0,0,2,10,1,1,6,2,6,2143,2,3,6,1
2013521400502,1,9,0,18,0,8,0,0,0,0,1,1,6,2,6,1686,2,2,4,1
2013521400502,2,2,0,18,0,6,0,0,0,0,1,1,6,1,4,49,1,-1,10,1
2013521400504,1,9,0,18,0,0,0,0,0,0,1,1,6,1,8,1124,1,12,1,1
2013521400511,1,9,0,1,0,1,0,0,0,0,2,1,1,1,5,-1,-1,-1,1,1