Accident_Index,Vehicle_Reference,Vehicle_Type,Towing_and_Articulation,Vehicle_Manoeuvre,Vehicle_Location-Restricted_Lane,Junction_Location,Skidding_and_Overturning,Hit_Object_in_Carriageway,Vehicle_Leaving_Carriageway,Hit_Object_off_Carriageway,1st_Point_of_Impact,Was_Vehicle_Left_Hand_Drive?,Journey_Purpose_of_Driver,Sex_of_Driver,Age_Band_of_Driver,Engine_Capacity_(CC),Propulsion_Code,Age_of_Vehicle,Driver_IMD_Decile,Driver_Home_Area_Type
2013521400629,1,9,0,18,0,6,0,0,0,0,3,1,2,2,8,1799,1,7,4,1
2013521400629,2,1,0,18,0,8,0,0,0,0,1,1,2,1,5,-1,-1,-1,3,1
2013521400676,1,9,0,16,0,2,0,0,0,0,1,1,6,1,9,-1,-1,-1,4,1
2013521400743,1,9,0,18,0,8,0,0,0,0,1,1,6,1,11,1799,1,15,6,1
2013521400743,2,1,0,18,0,8,0,0,0,0,2,1,6,1,10,-1,-1,-1,3,1
2013521400756,1,9,0,18,0,0,0,0,0,0,4,1,6,2,6,1390,1,14,6,1
2013521400791,1,9,0,18,0,0,5,0,0,10,4,1,6,1,10,1599,1,6,7,1
2013521400793,1,9,0,18,0,0,1,0,2,7,4,1,6,2,5,1598,1,-1,-1,1
2013521400795,1,9,0,18,0,2,0,0,0,0,0,1,6,1,8,-1,-1,-1,1,1
2013521400795,2,9,0,18,0,2,0,0,0,0,1,1,6,2,8,1968,2,1,10,1
2013521400798,1,9,0,1,0,1,0,0,0,0,3,1,2,2,8,1560,2,5,-1,-1
2013521400798,2,9,0,18,0,1,0,0,0,0,4,1,2,1,8,1970,1,11,4,1
2013521400800,1,9,0,9,0,6,0,0,0,0,0,1,6,2,11,1124,1,8,10,1
2013521400800,2,5,0,18,0,1,0,0,0,0,0,1,6,1,8,583,1,23,7,1
2013521400803,1,9,0,7,0,6,0,0,0,0,1,1,6,1,10,1596,1,5,10,1
2013521400809,1,1,0,18,0,0,0,0,0,0,2,1,6,2,9,-1,-1,-1,6,2
2013521400809,2,9,0,18,0,0,0,0,0,0,1,1,6,1,5,-1,-1,-1,1,1
2013521400814,1,9,0,9,0,6,0,0,0,0,4,1,6,2,7,1461,2,9,10,1
2013521400814,2,3,0,14,0,8,1,0,0,0,1,1,4,1,4,124,1,3,5,1
2013521400815,1,9,0,18,0,0,1,0,0,0,1,1,6,1,7,1995,2,-1,4,1
2013521400815,2,10,0,4,0,0,1,0,5,6,2,1,6,2,8,-1,-1,-1,8,1
2013521400817,1,9,0,18,0,8,0,0,7,2,1,1,2,1,6,-1,-1,-1,1,1
2013521400818,1,9,0,17,0,8,0,0,0,0,4,1,6,1,7,1968,2,4,4,1
2013521400818,2,9,0,7,0,6,0,0,0,0,3,1,6,1,10,2157,1,13,5,1
2013521400848,1,9,0,3,0,1,0,0,0,0,2,1,6,1,7,-1,-1,-1,7,1
2013521400848,2,9,0,3,0,1,0,0,0,0,2,1,6,2,7,1388,1,9,8,1
2013521400848,3,9,0,18,0,1,0,0,0,0,1,1,6,1,-1,-1,-1,-1,2,1
2013521400856,1,9,0,18,0,8,0,0,0,0,1,1,6,1,7,1951,2,10,5,1
2013521400856,2,9,0,3,0,8,0,0,0,0,2,1,6,1,5,1388,1,11,7,3
2013521400856,3,9,0,3,0,8,0,0,0,0,2,1,6,1,9,1968,2,3,9,1
2013521400866,1,9,0,18,0,0,0,0,0,0,1,1,6,2,11,1839,1,9,7,1
2013521400866,2,9,0,18,0,0,0,0,0,0,3,1,6,2,7,1995,2,9,5,3
2013521400866,3,9,0,18,0,0,0,0,0,0,1,1,6,1,6,1995,2,2,8,3
2013521400867,1,9,0,18,0,8,0,0,0,0,1,1,6,2,9,1391,1,17,8,3
2013521400867,2,3,0,9,0,6,0,0,0,0,1,1,2,1,6,124,1,-1,-1,-1
2013521400870,1,9,0,18,0,0,1,0,1,9,1,1,2,1,6,-1,-1,-1,3,1
2013521400872,1,9,0,18,0,0,1,0,5,6,3,1,6,1,4,1299,1,11,9,3
2013521400872,2,9,0,14,0,0,1,0,0,0,1,1,6,1,6,1396,1,14,1,1
2013521400883,1,9,0,18,0,0,1,0,7,10,3,1,6,1,4,1299,1,10,1,1
2013521400884,1,21,1,2,0,0,0,0,0,0,2,1,6,3,-1,11705,2,1,-1,-1
2013521400884,2,9,0,18,0,0,0,0,0,0,1,1,6,1,4,1299,1,12,7,1
2013521400905,1,9,0,2,0,8,0,0,0,0,0,1,6,3,-1,2792,1,6,-1,-1
2013521400905,2,19,0,1,0,6,0,0,0,0,2,1,6,1,6,1995,2,5,5,1
2013521400994,1,9,0,18,0,0,0,0,0,0,1,1,6,1,9,2500,1,28,7,1
2013521400994,2,9,0,18,0,0,0,0,0,0,0,1,6,1,6,-1,-1,-1,4,1
2013521400998,1,9,0,18,0,8,0,0,0,0,4,1,6,2,6,1461,2,-1,6,1
2013521400998,2,9,0,11,0,3,0,0,0,0,3,1,6,1,8,-1,-1,-1,5,1
2013521401000,1,9,0,5,0,6,0,0,0,0,1,1,6,1,7,2926,2,10,5,1
2013521401002,1,9,0,18,0,0,2,0,1,9,1,1,6,1,4,1988,1,14,9,3
2013521401002,2,9,0,18,0,0,0,0,0,0,0,1,6,3,-1,-1,-1,-1,-1,-1
2013521401004,1,9,0,18,0,0,0,0,0,0,1,1,6,1,7,1968,2,2,3,1
2013521401004,2,9,0,3,0,0,0,0,0,0,2,1,6,2,7,1868,2,12,7,1
2013521401006,1,9,0,18,0,0,0,0,1,10,1,1,6,2,9,2987,2,8,9,1
2013521401017,1,9,0,7,0,6,0,0,0,0,2,1,6,2,6,-1,-1,-1,6,3
2013521401017,2,9,0,11,0,1,0,0,0,0,1,1,6,1,7,1995,2,4,10,2
2013521401042,1,9,0,9,0,0,0,0,0,0,3,1,1,2,6,998,1,3,10,3
2013521401042,2,9,0,18,0,0,0,0,0,0,1,1,6,2,5,1910,2,9,7,3
2013521401166,1,9,0,18,0,6,0,0,0,0,4,1,6,2,11,1997,1,8,2,1
2013521401166,2,9,0,18,0,8,0,0,0,0,1,1,6,1,10,-1,-1,-1,2,1
2013521401166,3,9,0,3,0,1,0,0,0,0,3,1,6,1,9,1349,1,3,2,1
2013521401248,1,9,0,16,0,0,0,0,0,0,3,1,6,1,9,2494,1,17,6,1
2013521401248,2,9,0,17,0,0,0,4,0,0,1,1,6,1,6,1998,1,22,3,1
2013521401248,3,9,0,2,0,0,0,4,0,0,2,1,6,3,-1,2492,1,13,-1,-1
2013521401248,4,9,0,2,0,0,0,0,0,0,2,1,6,3,-1,1497,1,13,-1,-1
2013521401702,1,11,0,18,0,0,0,0,0,0,1,1,1,1,8,7300,2,6,3,1
2013521402127,1,3,0,18,0,8,0,10,0,0,3,1,6,1,6,124,1,-1,10,1
2013521402336,1,8,0,18,0,0,0,0,0,0,4,1,1,1,9,1997,2,3,9,1
2013521402400,1,9,0,18,0,1,0,0,0,0,2,1,6,2,6,1796,1,6,5,1
2013521402400,2,9,0,18,0,1,0,0,0,0,1,1,6,2,8,1997,2,-1,10,1
2013521402400,3,9,0,18,0,1,0,0,0,0,2,1,6,1,4,1598,1,9,7,1
2013521403025,1,9,0,18,0,0,0,0,0,0,2,1,6,1,5,-1,-1,-1,8,3
2013521403025,2,9,0,18,0,0,0,0,0,0,1,1,6,2,7,-1,-1,-1,-1,-1
2013521403025,3,9,0,18,0,0,0,0,0,0,1,1,6,2,5,-1,-1,-1,-1,-1
2013530207586,1,9,0,9,0,5,0,0,0,0,3,1,1,1,10,1896,2,13,9,1
2013530207587,1,9,0,7,0,5,0,0,0,0,2,1,6,2,8,1199,1,14,2,1
2013530207587,2,9,0,18,0,1,0,0,0,0,4,1,6,3,10,-1,-1,-1,-1,-1
2013530207588,1,9,0,18,0,0,0,0,0,0,4,1,6,3,-1,-1,-1,-1,-1,-1
2013530207589,1,9,0,4,0,1,0,0,0,0,2,1,6,1,6,1598,2,1,6,2
2013530207589,2,3,0,5,0,1,0,0,0,0,1,1,6,1,4,124,1,2,7,3
2013530207593,1,9,0,3,0,4,0,0,0,0,2,1,2,1,6,1896,2,10,9,1
2013530207593,2,9,0,5,0,4,0,0,0,0,1,1,2,1,9,-1,-1,-1,7,1
2013530207596,1,9,0,13,0,1,0,0,0,0,4,1,2,2,7,1560,2,7,6,1
2013530207596,2,1,0,9,0,1,0,0,0,0,3,1,1,2,3,-1,-1,-1,10,1
2013530207597,1,9,0,4,0,2,1,0,0,0,1,1,2,1,6,1598,1,6,1,1
2013530207597,2,9,0,3,0,2,0,0,0,0,2,1,2,2,9,1870,2,6,9,1
2013530207598,1,9,0,7,0,1,0,0,0,0,0,1,6,1,7,1339,1,1,10,1
2013530207598,2,4,0,18,0,1,1,0,7,9,1,1,6,1,8,742,1,15,9,2
2013530207599,1,9,0,18,0,3,0,0,0,0,1,1,6,1,9,1994,1,18,3,1
2013530207599,2,1,0,18,0,3,0,0,0,0,1,1,6,1,8,-1,-1,-1,7,1
2013530207600,1,9,0,16,0,0,0,0,8,4,1,1,2,2,5,-1,-1,-1,9,3
2013530207601,1,9,0,18,0,0,5,4,0,0,3,1,6,2,11,1360,1,10,10,1
2013530207601,2,9,0,2,0,0,0,0,1,0,3,1,6,1,5,1598,1,4,6,3
2013530207602,1,9,0,18,0,0,0,0,0,0,3,1,2,1,8,1753,2,4,2,1
2013530207603,1,9,0,18,0,0,0,0,0,0,1,1,1,1,8,-1,-1,-1,8,1
2013530207603,2,9,0,18,0,0,1,0,0,0,4,1,1,1,8,-1,-1,-1,8,1
2013530207604,1,9,0,14,0,4,0,0,0,0,0,1,6,2,11,1400,1,7,10,2
2013530207605,1,5,0,13,0,8,0,0,7,0,1,1,6,1,6,600,1,8,10,1
2013530207605,2,9,0,9,0,5,0,0,0,0,3,1,6,2,6,1124,1,9,2,1
2013530207606,1,9,0,18,0,0,0,0,0,0,1,1,6,2,7,998,1,13,2,1
2013530207607,1,9,0,18,0,1,0,0,0,0,1,1,6,1,4,1997,1,12,10,3
2013530207607,2,9,0,9,0,5,0,0,0,0,2,1,6,1,6,1997,1,8,9,1
2013530207609,1,9,0,17,0,8,0,0,1,10,1,1,6,1,4,1796,1,10,5,1
2013530207609,2,9,0,17,0,1,0,0,0,0,0,1,6,1,4,1149,1,10,7,3
2013530207610,1,9,0,9,0,6,0,0,0,0,3,1,6,1,8,1753,2,3,7,3
2013530207610,2,4,0,18,0,1,0,0,0,0,1,1,6,1,7,399,1,33,8,1
2013530207611,1,17,0,9,0,2,0,0,0,0,3,1,1,1,9,-1,2,23,8,3
2013530207611,2,1,0,18,0,8,0,0,0,0,1,1,6,1,2,-1,-1,-1,6,2
2013530207612,1,9,0,17,0,2,0,0,0,0,1,1,6,1,6,1242,1,9,3,1
2013530207612,2,9,0,16,0,1,0,0,0,0,1,1,6,1,9,1364,1,6,4,1
2013530207613,1,9,0,18,0,0,0,0,0,0,4,1,6,2,6,1360,1,8,6,1
2013530207615,1,9,0,9,0,6,0,0,0,0,3,1,2,1,9,1560,2,9,10,3
2013530207615,2,3,0,17,0,8,1,0,0,0,1,1,6,1,4,125,1,2,9,2
2013530207616,1,5,0,18,0,0,0,12,0,0,1,1,6,1,8,1634,1,5,9,1
2013530207617,1,9,0,18,9,0,1,0,0,0,4,1,6,2,8,1497,1,10,10,1
2013530207618,1,9,0,18,0,0,0,0,7,0,1,1,6,1,11,1339,1,5,10,2
2013530207618,2,9,0,18,0,0,0,0,7,0,1,1,6,2,11,1560,2,7,8,1
2013530207618,3,9,0,18,0,0,0,0,7,0,1,1,6,2,6,1910,2,5,9,2
2013530207619,1,9,0,18,0,0,0,0,0,0,1,1,6,1,6,2179,2,1,10,2
2013530207619,2,1,0,18,0,0,0,0,0,0,3,1,6,1,3,-1,-1,-1,8,2
2013530207620,1,5,0,18,0,0,1,0,0,0,0,1,6,1,4,599,1,10,7,1
2013530207621,1,9,0,18,0,0,0,0,7,9,1,1,6,2,11,998,1,8,6,1
2013530207621,2,9,0,18,0,0,0,0,7,0,1,1,6,2,8,1595,1,9,7,1
2013530207622,1,9,0,9,0,8,0,0,0,0,1,1,6,2,4,1598,1,11,8,3
2013530207622,2,9,0,18,0,1,0,0,0,0,1,1,6,1,4,1198,1,1,9,3
2013530207622,3,9,0,4,0,1,0,0,0,0,3,1,6,2,8,1968,2,5,9,1
2013530207623,1,9,0,18,0,8,0,0,0,0,0,1,1,2,7,1896,2,6,7,3
2013530207623,2,5,0,18,0,8,0,0,1,11,1,1,1,1,7,125,1,2,4,1
2013530207624,1,9,0,18,0,0,1,0,0,0,1,1,6,1,8,-1,-1,-1,10,3
2013530207624,2,9,0,18,0,0,2,0,0,0,2,1,1,1,6,1598,2,-1,8,3
2013530207625,1,9,0,18,0,0,0,0,0,0,3,1,6,1,11,2231,2,6,7,1
2013530207626,1,9,0,17,0,2,1,0,1,10,1,1,1,2,7,1390,1,14,6,2
2013530207626,2,9,0,16,0,1,0,0,0,0,1,1,1,1,4,1399,2,11,5,1
2013530207627,1,9,0,13,0,0,0,0,0,0,1,1,1,1,9,2967,2,9,9,3
2013530207627,2,9,0,18,0,0,0,0,0,0,1,1,6,2,6,1149,1,15,9,3
2013530207627,3,1,0,18,0,0,0,0,0,0,2,1,6,1,6,-1,-1,-1,4,1
2013530207628,1,9,0,18,0,1,1,0,0,0,1,1,6,1,5,1997,1,13,7,3
2013530207629,1,9,0,18,0,0,0,0,0,0,1,1,2,1,7,-1,-1,-1,2,1
2013530207629,2,20,0,18,0,0,0,0,0,0,1,1,1,1,4,-1,-1,-1,2,1
2013530207630,1,9,0,9,0,6,0,0,0,0,4,1,6,1,6,1994,1,12,4,3
2013530207630,2,19,0,18,0,8,0,0,0,0,1,1,6,1,7,1870,2,7,5,3
2013530207631,1,9,0,17,0,0,0,0,7,10,4,1,6,1,8,-1,-1,-1,7,3
2013530207631,2,9,0,18,0,0,0,0,0,0,1,1,6,1,8,2993,2,2,6,1
2013530207632,1,9,0,18,0,0,0,0,0,0,1,1,6,1,4,-1,-1,-1,10,3
2013530207632,2,9,0,18,0,0,0,0,0,0,3,1,6,1,8,2000,1,7,10,3
2013530207633,1,9,0,18,0,1,0,0,0,0,1,1,6,2,7,1360,1,13,9,1
2013530207633,2,9,0,18,0,1,0,0,0,0,2,1,6,1,8,-1,-1,-1,7,3
2013530207634,1,2,0,4,0,0,0,0,0,0,1,1,6,1,4,49,1,10,6,3
2013530207634,2,9,0,4,0,0,0,0,0,0,2,1,6,1,9,1896,2,9,8,3
2013530207634,3,9,0,4,0,0,0,0,0,0,2,1,6,2,7,1124,1,14,6,1
2013530207635,1,9,0,18,0,0,0,0,0,0,1,1,6,2,9,1390,1,11,9,1
2013530207635,2,9,0,4,0,0,0,0,0,0,2,1,6,2,8,1598,1,11,7,1
2013530207636,1,9,0,18,0,0,0,0,0,0,4,1,6,1,6,1332,1,2,2,1
2013530207636,2,21,0,18,0,0,0,0,0,0,3,1,6,1,7,11946,2,2,-1,1
2013530207637,1,11,0,18,0,0,0,0,0,0,1,1,1,1,10,8268,2,7,3,1
2013530207638,1,9,0,15,0,8,0,0,0,0,4,1,6,1,9,1896,2,8,9,1
2013530207638,2,9,0,15,0,2,0,0,0,0,1,1,6,1,9,1390,1,4,10,1
2013530207639,1,9,0,18,0,1,0,0,0,0,1,1,6,2,8,1796,1,12,9,2
2013530207639,2,9,0,18,0,1,0,0,0,0,1,1,6,1,9,1798,1,4,9,1
2013530207640,1,9,0,18,0,0,0,0,0,0,1,1,6,1,9,-1,-1,-1,3,2
2013530207641,1,9,0,18,0,0,0,0,0,0,1,1,2,1,4,1968,2,8,9,1
2013530207642,1,9,0,18,0,0,1,0,0,0,1,1,6,1,11,1598,1,12,2,1
2013530207643,1,9,0,5,0,1,0,0,0,0,1,1,1,1,7,1997,2,8,9,3
2013530207643,2,9,0,3,0,1,0,0,0,0,2,1,1,1,7,1796,1,9,10,1
2013530207644,1,3,0,17,0,0,1,0,1,0,1,1,2,1,5,124,1,12,5,1
2013530207645,1,9,0,18,0,0,0,0,0,0,1,1,1,2,8,1590,1,20,7,1
2013530207646,1,9,0,18,0,0,1,0,0,0,1,1,6,2,7,1984,1,9,7,3
2013530207647,1,9,0,13,0,0,0,0,0,0,1,1,6,2,5,-1,-1,-1,10,1
2013530207647,2,9,0,18,0,0,0,0,0,0,1,1,6,1,6,1590,1,8,9,2
2013530207649,1,9,0,18,0,0,0,0,0,0,1,1,6,2,11,1360,1,6,10,1
2013530207650,1,9,0,9,0,7,0,0,0,0,1,1,6,1,10,1197,1,2,10,1
2013530207650,2,1,0,18,0,1,0,0,0,0,1,1,6,1,6,-1,-1,-1,9,1
2013530207651,1,9,0,18,0,0,0,0,0,0,0,1,6,3,7,-1,-1,-1,9,3
2013530207652,1,9,0,18,0,0,1,0,0,0,1,1,6,1,7,3500,1,1,8,3
2013530207652,2,9,0,18,0,0,1,0,0,0,1,1,6,1,7,2179,2,1,8,3
2013530207653,1,9,0,18,0,0,0,0,0,0,1,1,1,1,8,-1,-1,-1,-1,1
2013530207654,1,9,0,18,0,0,0,0,0,0,1,1,6,1,6,1995,2,1,4,1
2013530207654,2,19,0,18,0,0,0,0,0,0,2,1,6,1,4,1686,2,9,10,1
2013530207654,3,9,0,18,0,0,0,0,0,0,2,1,6,1,4,1124,1,12,4,1
2013530207655,1,9,0,18,0,0,1,0,0,0,1,1,6,1,6,1998,1,15,1,1
2013530207656,1,9,0,18,0,0,0,0,0,0,1,1,6,1,7,1497,1,7,8,1
2013530207657,1,9,0,16,0,0,0,0,0,0,1,1,6,2,6,998,1,7,5,1
2013530207657,2,9,0,16,0,0,0,0,0,0,3,1,6,2,10,1598,1,8,5,1
2013530207658,1,8,0,5,0,0,0,0,0,0,1,1,1,1,6,-1,-1,-1,5,1
2013530207659,1,9,0,18,0,3,0,0,0,0,1,1,2,1,6,1970,1,11,5,1
2013530207659,2,1,0,18,0,3,0,0,0,0,2,1,2,1,6,-1,-1,-1,5,1
2013530207660,1,11,0,14,0,1,0,0,0,0,1,1,1,1,7,4500,2,2,3,1
2013530207661,1,9,0,16,0,0,0,0,7,1,4,1,6,1,5,1796,1,14,9,1
2013530207662,1,9,0,18,0,0,0,0,0,0,1,1,6,2,6,1149,1,8,8,1
2013530207663,1,9,0,17,0,0,1,0,7,4,4,1,1,1,6,1595,1,16,6,1
2013530207664,1,9,0,4,0,0,1,0,0,0,1,1,6,2,5,1124,1,12,10,2
2013530207664,2,9,0,4,0,0,1,0,0,0,1,1,6,1,6,1781,1,8,6,1
2013530207664,3,9,0,4,0,0,1,0,0,0,3,1,6,1,8,1997,2,4,10,3
2013530207664,4,9,0,4,0,0,1,0,0,0,2,1,6,1,7,2793,1,17,10,3
2013530207665,1,9,0,9,0,1,1,0,0,0,3,1,6,2,7,1600,1,12,1,1
2013530207665,2,9,0,18,0,8,0,0,0,0,4,1,6,1,5,-1,-1,-1,10,1
2013530207666,1,9,0,18,0,0,0,0,0,0,1,1,6,1,9,1598,1,3,5,1
2013530207666,2,9,0,18,0,0,0,0,0,0,1,1,6,2,9,1797,8,2,7,3
2013530207667,1,9,0,18,0,0,1,0,0,0,1,1,2,2,6,1242,1,10,1,1
2013530207667,2,9,0,3,0,0,0,0,0,0,2,1,2,2,6,698,1,8,4,1
2013530207668,1,9,0,9,0,6,0,0,0,0,1,1,6,1,5,1584,1,11,9,2
2013530207668,2,2,0,18,0,8,0,0,0,0,1,1,6,2,4,49,1,3,5,1
2013530207669,1,90,4,18,0,0,2,0,2,10,3,1,6,1,6,-1,-1,-1,7,3
2013530207670,1,9,0,9,0,5,0,0,0,0,3,1,6,1,6,1984,1,9,5,3
2013530207671,1,9,0,9,0,6,0,0,0,0,1,1,6,2,5,1997,2,11,10,3
2013530207672,1,9,0,8,0,1,0,0,0,0,3,1,6,1,8,2494,1,10,10,1
2013530207672,2,9,0,5,0,2,0,0,0,0,1,1,6,2,7,1461,2,4,4,2
2013530207673,1,9,0,18,0,0,0,0,0,0,4,1,6,3,-1,-1,-1,-1,-1,-1
2013530207674,1,9,0,12,0,0,0,0,0,0,1,1,6,1,4,1199,1,11,9,1
2013530207674,2,9,0,18,0,0,0,0,0,0,2,1,6,2,4,1124,1,12,3,1
2013530207675,1,9,0,17,0,1,5,0,1,7,1,1,6,1,11,1769,1,11,6,1
2013530207677,1,9,0,18,0,6,0,0,0,0,1,1,6,2,6,2765,2,12,9,3
2013530207677,2,9,0,18,0,8,1,0,1,0,4,1,1,1,8,2993,2,2,6,3
2013530207678,1,9,0,18,0,0,0,0,0,0,3,1,6,1,8,1997,1,16,8,1
2013530207679,1,9,0,18,0,0,0,0,0,0,1,1,6,1,7,1968,2,3,10,2
2013530207680,1,9,0,18,0,0,0,0,0,0,1,1,6,1,4,973,1,10,8,1
2013530207680,2,9,0,2,0,0,0,0,0,0,1,1,6,3,6,1686,2,10,3,1
2013530207681,1,9,0,18,0,0,0,0,0,0,1,1,1,1,8,-1,-1,-1,8,3
2013530207681,2,9,0,18,0,0,0,0,0,0,1,1,1,1,9,-1,-1,-1,8,2
2013530207682,1,9,0,18,0,1,0,0,0,0,1,1,6,2,7,1598,2,2,9,1
2013530207682,2,9,0,4,0,1,0,0,0,0,2,1,6,1,4,1248,1,2,5,1
2013530207682,3,9,0,4,0,1,0,0,0,0,2,1,6,1,4,1389,1,13,10,1
2013530207683,1,9,0,3,0,1,0,0,0,0,1,1,2,1,6,2199,2,1,8,1
2013530207683,2,9,0,18,0,1,0,0,0,0,2,1,2,2,7,1598,2,1,8,1
2013530207684,1,2,0,4,0,0,1,0,0,0,1,1,6,1,4,49,1,15,10,1
2013530207684,2,9,0,3,0,0,0,0,0,0,2,1,6,1,5,1390,1,10,10,3
2013530207685,1,9,0,18,0,0,5,0,7,10,1,1,2,1,5,1870,2,4,6,1
2013530207686,1,9,0,18,0,6,0,0,0,0,1,1,6,3,-1,-1,-1,-1,-1,-1
2013530207687,1,10,0,18,0,0,0,0,0,0,1,1,1,2,8,-1,-1,-1,8,1
2013530207687,2,9,0,3,0,0,0,0,0,0,2,1,6,1,8,1753,2,3,5,1
2013530207687,3,9,0,3,0,0,0,0,0,0,2,1,6,2,10,1596,1,10,6,1
2013530207687,4,9,0,3,0,0,0,0,0,0,0,1,6,1,10,1590,1,10,8,1
2013530207688,1,9,0,18,0,1,0,0,0,0,1,1,6,2,5,1149,1,15,3,1
2013530207688,2,9,0,4,0,1,0,0,0,0,2,1,6,2,6,1596,1,4,1,1
2013530207689,1,9,0,18,0,8,0,0,0,0,1,1,6,1,5,1400,1,15,1,1
2013530207689,2,9,0,10,0,8,0,0,0,0,4,1,6,2,4,1598,1,4,7,3
2013530207690,1,9,0,9,9,6,0,0,0,0,3,1,2,2,10,1299,1,5,9,2
2013530207690,2,5,0,18,0,8,0,0,0,0,1,1,2,1,8,599,1,14,9,2
2013530207691,1,9,0,13,0,1,0,0,0,0,1,1,2,2,6,1997,1,3,5,1
2013530207691,2,1,0,18,0,1,0,0,0,0,1,1,2,2,6,-1,-1,-1,5,1
2013530207692,1,9,0,9,0,6,0,0,0,0,1,1,6,2,6,-1,-1,-1,7,1
2013530207692,2,9,0,18,0,8,0,0,0,0,4,1,6,2,11,998,1,14,6,3
2013530207693,1,9,0,18,0,0,0,0,0,0,4,1,6,1,4,1995,2,2,4,1
2013530207693,2,9,0,18,0,0,0,0,0,0,1,1,1,1,7,2993,2,5,6,3
2013530207693,3,9,0,2,0,0,0,0,0,0,2,1,6,1,8,1598,1,6,5,1
2013530207694,1,9,0,7,0,5,0,0,0,0,1,1,1,2,6,2000,2,4,10,1
2013530207694,2,1,0,18,0,8,0,0,0,0,2,1,6,2,6,-1,-1,-1,9,1
2013530207695,1,1,0,9,0,1,0,0,0,0,1,1,6,1,8,-1,-1,-1,2,1
2013530207695,2,9,0,7,0,1,0,0,0,0,1,1,6,1,6,1248,2,8,2,1
2013530207696,1,90,0,4,0,0,1,0,0,0,1,1,1,1,8,-1,-1,-1,6,3
2013530207696,2,9,0,3,0,0,0,0,0,0,2,1,6,2,8,1991,1,15,4,3
2013530207697,1,9,0,17,0,0,5,0,7,9,3,1,6,2,4,1198,1,6,6,3
2013530207698,1,9,0,2,0,0,0,0,0,0,3,1,6,1,7,-1,-1,-1,3,1
2013530207698,2,1,0,18,0,0,0,8,0,0,1,1,6,1,7,-1,-1,-1,1,1
2013530207699,1,9,0,9,0,1,0,0,0,0,4,1,6,2,5,1997,1,12,8,2
2013530207699,2,9,0,18,0,2,0,0,0,0,1,1,6,1,7,3498,1,5,7,2
2013530207700,1,5,0,13,0,0,0,0,0,0,1,1,2,1,9,781,1,9,7,3
2013530207700,2,9,0,13,0,0,0,0,0,0,2,1,1,1,8,1995,2,3,5,1
2013530207701,1,9,0,18,0,4,0,0,0,0,1,1,1,1,9,2231,2,7,10,1
2013530207701,2,1,0,18,0,8,0,0,0,0,2,1,2,1,8,-1,-1,-1,9,1
2013530207702,1,9,0,18,0,0,1,0,0,0,3,1,6,3,5,1360,1,13,-1,-1
2013530207702,2,9,0,2,0,0,0,0,0,0,3,1,6,3,-1,1910,2,9,-1,-1
2013530207702,3,9,0,2,0,0,0,0,0,0,0,1,6,3,-1,1360,1,10,-1,-1
2013530207702,4,9,0,2,0,0,0,0,0,0,4,1,6,3,-1,1896,2,10,-1,-1
2013530207703,1,9,0,18,0,0,0,0,0,0,1,1,6,1,4,998,1,11,10,3
2013530207704,1,9,0,18,0,0,0,0,0,0,1,1,6,1,11,1390,1,17,8,3
2013530207704,2,9,0,18,0,0,0,0,0,0,1,1,6,2,4,1364,1,7,10,1
2013530207705,1,9,0,18,0,6,0,0,0,0,3,1,6,2,8,1498,1,5,7,3
2013530207705,2,19,0,18,0,8,0,0,0,0,1,1,2,1,8,2143,2,3,4,1
2013530207706,1,9,0,1,0,0,0,0,0,0,2,1,6,3,-1,-1,-1,-1,-1,-1
2013530207707,1,1,0,18,0,1,0,0,0,0,3,1,6,1,6,-1,-1,-1,6,1
2013530207707,2,9,0,13,0,1,0,0,0,0,4,1,1,1,7,1995,2,10,9,1
2013530207708,1,9,0,18,0,0,0,0,0,0,1,1,6,2,9,1598,1,8,9,1
2013530207708,2,9,0,3,0,0,0,0,0,0,2,1,2,2,8,1749,1,12,9,1
2013530207708,3,9,0,3,0,0,0,0,0,0,2,1,2,3,6,-1,-1,-1,-1,-1
2013530207709,1,9,0,2,0,0,0,0,0,0,3,1,6,1,5,1781,1,12,3,1
2013530207709,2,1,0,18,0,0,0,4,0,0,1,1,2,2,7,-1,-1,-1,2,1
2013530207710,1,9,0,18,0,1,0,0,0,0,1,1,2,1,4,1124,1,11,7,1
2013530207710,2,9,0,10,0,1,0,0,0,0,2,1,1,1,9,1587,1,5,6,1
2013530207711,1,9,0,18,0,0,0,0,0,0,1,1,6,2,9,1896,2,11,7,1
2013530207712,1,9,0,18,0,0,0,0,0,0,1,1,1,2,8,2776,2,6,7,3
2013530207712,2,9,0,18,0,0,0,0,0,0,1,1,1,2,6,1581,1,14,7,3
2013530207713,1,9,0,18,0,0,1,0,7,1,1,1,1,2,5,1124,1,10,9,1
2013530207714,1,9,0,18,0,0,0,0,0,0,1,1,2,1,9,1390,1,13,10,2
2013530207715,1,11,0,18,0,2,0,0,0,0,1,1,1,3,-1,-1,-1,-1,-1,-1