Accident_Index,Vehicle_Reference,Vehicle_Type,Towing_and_Articulation,Vehicle_Manoeuvre,Vehicle_Location-Restricted_Lane,Junction_Location,Skidding_and_Overturning,Hit_Object_in_Carriageway,Vehicle_Leaving_Carriageway,Hit_Object_off_Carriageway,1st_Point_of_Impact,Was_Vehicle_Left_Hand_Drive?,Journey_Purpose_of_Driver,Sex_of_Driver,Age_Band_of_Driver,Engine_Capacity_(CC),Propulsion_Code,Age_of_Vehicle,Driver_IMD_Decile,Driver_Home_Area_Type
2013530207715,2,1,0,18,0,1,0,0,0,0,2,1,2,1,6,-1,-1,-1,2,1
2013530207717,1,17,0,18,0,0,0,0,0,0,1,1,4,1,8,2082,2,11,8,3
2013530207718,1,9,0,5,0,5,0,0,0,0,2,1,6,1,9,1329,1,4,6,2
2013530207719,1,9,0,18,0,0,0,0,0,0,1,1,1,2,4,1364,1,4,4,1
2013530207720,1,9,0,11,0,2,0,0,0,0,3,1,6,1,7,973,1,11,1,1
2013530207720,2,9,0,18,0,2,0,0,0,0,4,1,6,1,10,-1,-1,-1,2,1
2013530207721,1,9,0,5,0,2,0,0,0,0,1,1,1,1,6,1970,1,13,3,1
2013530207721,2,9,0,5,0,2,0,0,0,0,1,1,1,2,5,1242,1,4,9,1
2013530207722,1,1,0,18,0,1,0,0,0,0,3,1,2,1,5,-1,-1,-1,6,1
2013530207722,2,9,0,7,0,1,0,0,0,0,1,1,6,2,9,698,1,6,9,2
2013530207723,1,9,0,18,0,1,0,0,0,0,1,1,6,3,-1,-1,-1,-1,-1,-1
2013530207723,2,1,0,18,0,1,0,0,0,0,2,1,2,1,5,-1,-1,-1,5,1
2013530207724,1,9,0,17,0,0,1,0,0,0,1,1,2,2,4,1242,1,9,6,3
2013530207724,2,9,0,16,0,0,0,0,0,0,3,1,1,1,8,-1,-1,-1,4,1
2013530207725,1,9,0,9,0,5,0,0,0,0,2,1,6,1,11,1598,1,14,7,3
2013530207725,2,9,0,18,0,8,1,0,0,0,1,1,6,1,6,1686,2,11,1,1
2013530207726,1,21,0,18,0,1,0,0,0,0,1,1,1,1,6,9200,2,12,6,1
2013530207726,2,9,0,4,0,1,0,0,0,0,2,1,6,2,6,1598,1,8,2,1
2013530207727,1,9,0,4,0,0,0,0,0,0,1,1,3,1,5,1781,1,14,1,1
2013530207728,1,9,0,18,0,0,0,0,0,0,1,1,6,3,8,-1,-1,-1,-1,-1
2013530207729,1,9,0,16,0,0,0,0,0,0,1,1,4,2,4,1198,1,6,10,3
2013530207729,2,9,0,17,0,0,0,0,0,0,1,1,1,1,10,1800,1,14,9,1
2013530207731,1,9,0,18,0,1,0,0,0,0,1,1,1,1,6,1390,1,5,2,1
2013530207731,2,9,0,5,0,1,0,0,0,0,2,1,1,2,7,1560,2,5,6,1
2013530207732,1,9,0,18,0,2,0,0,0,0,1,1,6,1,5,1998,2,5,7,2
2013530207732,2,9,0,5,0,2,0,0,0,0,2,1,1,2,8,1984,2,2,3,1
2013530207733,1,9,0,18,0,1,0,0,0,0,1,1,6,2,4,1124,1,15,10,2
2013530207733,2,9,0,10,0,1,0,0,0,0,2,1,6,1,8,-1,-1,-1,1,1
2013530207734,1,11,0,18,0,0,0,0,0,0,1,1,6,1,9,9000,2,1,9,1
2013530207735,1,9,0,9,0,1,0,0,0,0,1,1,2,1,7,1992,2,5,4,1
2013530207735,2,3,0,18,0,1,0,0,0,0,3,1,1,1,6,675,1,3,4,1
2013530207736,1,9,0,18,0,8,0,0,0,0,1,1,2,1,6,2993,2,4,10,1
2013530207736,2,9,0,4,0,1,0,0,0,0,2,1,1,2,8,1493,1,17,5,1
2013530207736,3,9,0,9,0,5,0,0,0,0,3,1,6,1,5,1968,2,5,7,3
2013530207737,1,5,0,18,0,0,0,0,0,0,2,1,6,1,8,592,1,24,8,1
2013530207738,1,9,0,2,0,0,0,0,0,0,2,1,6,1,7,1753,2,6,9,1
2013530207739,1,9,0,18,0,8,0,0,0,0,1,1,1,1,9,1242,1,7,6,1
2013530207739,2,9,0,3,0,2,0,0,0,0,2,1,1,2,4,1299,1,9,5,1
2013530207739,3,9,0,3,0,2,0,0,0,0,1,1,1,1,5,-1,-1,-1,6,1
2013530207740,1,9,0,18,0,4,0,0,0,0,1,1,1,2,11,1596,1,9,5,3
2013530207740,2,9,0,18,0,3,0,0,0,0,4,1,2,2,5,999,1,12,7,1
2013530207741,1,9,0,18,0,1,0,0,0,0,2,1,6,1,7,1796,1,10,8,1
2013530207742,1,9,0,4,0,1,0,0,0,0,1,1,6,1,8,1596,1,4,4,1
2013530207742,2,9,0,3,0,1,0,0,0,0,2,1,1,2,7,1796,1,9,7,3
2013530207743,1,9,0,9,0,8,0,0,0,0,1,1,1,2,7,1587,1,7,6,1
2013530207743,2,9,0,13,0,8,0,0,0,0,3,1,1,1,8,1797,8,2,9,3
2013530207744,1,9,0,9,0,5,0,0,0,0,4,1,6,2,6,1596,1,3,9,1
2013530207744,2,9,0,13,0,8,0,0,0,0,3,1,1,2,5,1753,2,4,1,1
2013530207744,3,9,0,2,0,2,0,0,0,0,1,1,6,1,7,2198,2,8,9,1
2013530207745,1,9,0,17,0,0,1,0,0,0,1,1,1,2,6,1997,1,12,10,2
2013530207745,2,9,0,16,0,0,0,0,0,0,2,1,6,1,9,1124,1,13,7,1
2013530207746,1,9,0,18,0,8,1,0,0,0,1,1,1,2,6,1590,1,10,5,1
2013530207747,1,9,0,4,0,1,0,0,0,0,2,1,2,2,6,1242,1,3,6,1
2013530207747,2,1,0,18,0,1,0,0,0,0,1,1,6,1,6,-1,-1,-1,5,1
2013530207749,1,9,0,18,0,0,0,0,0,0,1,1,6,3,9,-1,-1,-1,-1,-1
2013530207750,1,9,0,18,0,1,0,0,0,0,1,1,1,2,8,2400,2,2,10,1
2013530207750,2,9,0,18,0,1,0,0,0,0,2,1,1,1,7,1998,1,5,9,1
2013530207751,1,9,0,18,0,0,1,0,0,0,1,1,1,3,8,-1,-1,-1,-1,-1
2013530207751,2,9,0,18,0,0,1,0,0,0,1,1,2,1,4,-1,-1,-1,9,3
2013530207752,1,9,0,18,0,0,1,0,0,0,1,1,2,2,5,1390,1,7,4,1
2013530207753,1,9,0,18,0,0,1,0,0,0,1,1,1,2,7,1998,1,8,7,1
2013530207753,2,9,0,18,0,0,1,0,0,0,1,1,6,1,9,4367,2,-1,8,3
2013530207754,1,9,0,18,0,0,1,0,0,0,1,1,1,1,8,1796,1,9,2,1
2013530207755,1,9,0,4,0,0,0,0,0,0,0,1,6,2,6,1896,2,5,-1,1
2013530207755,2,9,0,4,0,0,0,0,0,0,2,1,6,1,7,1598,1,6,5,2
2013530207755,3,9,0,18,0,0,0,0,0,0,1,1,1,2,8,1910,2,8,8,1
2013530207755,4,9,0,18,0,0,0,0,0,0,1,1,1,2,6,-1,-1,-1,-1,1
2013530207756,1,9,0,18,0,0,0,0,0,0,2,1,6,1,9,2199,2,1,5,1
2013530207756,2,9,0,18,0,0,0,0,0,0,1,1,6,1,7,1994,2,10,-1,1
2013530207757,1,9,0,9,0,1,0,0,0,0,4,1,1,1,9,1968,2,4,5,1
2013530207757,2,9,0,18,0,1,0,0,0,0,1,1,6,1,4,-1,-1,-1,10,1
2013530207758,1,9,0,5,0,1,0,0,0,0,3,1,1,2,9,1998,1,15,2,1
2013530207758,2,9,0,18,0,8,0,0,0,0,1,1,6,2,7,1198,1,3,2,1
2013530207759,1,5,0,13,0,0,0,0,0,0,1,1,6,1,6,781,1,13,5,1
2013530207759,2,9,0,17,0,0,0,0,0,0,1,1,2,1,7,-1,-1,-1,5,1
2013530207760,1,9,0,5,0,1,0,0,0,0,3,1,1,3,7,-1,-1,-1,-1,-1
2013530207760,2,5,0,18,0,1,0,0,0,0,1,1,2,1,9,1250,1,6,5,2
2013530207761,1,9,0,18,0,0,0,0,0,0,1,1,6,1,8,1997,2,10,3,2
2013530207763,1,9,0,18,0,0,0,0,0,0,1,1,2,1,4,1149,1,11,1,1
2013530207763,2,9,0,18,0,0,0,0,0,0,1,1,6,1,4,1390,1,17,2,1
2013530207764,1,21,0,7,0,0,0,0,0,0,3,1,1,1,7,12130,2,11,9,3
2013530207764,2,9,0,18,0,0,0,0,0,0,1,1,2,1,8,1796,1,16,-1,-1
2013530207765,1,9,0,18,0,4,0,0,0,0,1,1,1,2,5,1870,2,11,1,1
2013530207765,2,1,0,18,0,4,0,0,0,0,4,1,2,2,7,-1,-1,-1,6,1
2013530207766,1,9,0,18,0,1,0,0,0,0,1,1,6,2,8,1596,1,10,10,1
2013530207766,2,9,0,4,0,1,0,0,0,0,2,1,6,1,6,1910,2,7,5,1
2013530207767,1,9,0,18,0,1,0,0,0,0,1,1,6,2,5,1796,1,12,6,1
2013530207767,2,9,0,12,0,1,0,0,0,0,3,1,6,1,8,1349,1,4,5,1
2013530207768,1,9,0,9,0,8,0,0,0,0,1,1,6,1,7,-1,-1,-1,10,1
2013530207768,2,9,0,18,0,8,0,0,0,0,2,1,6,2,5,1389,1,13,10,3
2013530207769,1,9,0,16,0,0,0,0,0,0,1,1,6,2,11,1598,1,11,9,1
2013530207769,2,9,0,17,0,0,0,0,0,0,1,1,6,1,9,1968,2,2,9,1
2013530207770,1,9,0,9,0,8,0,0,0,0,1,1,6,1,5,2495,2,12,10,3
2013530207770,2,9,0,18,0,8,0,0,0,0,3,1,6,1,4,1362,1,1,6,2
2013530207771,1,9,0,5,0,6,0,0,1,11,1,1,6,1,4,1149,1,14,5,1
2013530207771,2,9,0,18,0,8,1,0,0,0,1,1,6,2,7,1198,1,8,5,1
2013530207772,1,9,0,18,0,0,1,0,0,0,1,1,1,2,6,1995,2,8,5,1
2013530207772,2,9,0,18,0,0,0,0,0,0,1,1,6,1,9,1968,2,4,9,3
2013530207774,1,9,0,18,0,0,0,0,0,0,1,1,1,2,10,1796,1,14,4,3
2013530207774,2,3,0,18,0,0,0,0,0,0,2,1,6,2,4,-1,-1,-1,7,3
2013530207774,3,9,0,17,0,0,0,0,0,0,1,1,6,1,10,1598,1,9,7,3
2013530207775,1,9,0,18,0,0,0,0,0,0,1,1,1,2,6,1598,1,13,7,3
2013530207775,2,9,0,18,0,0,0,0,0,0,1,1,6,1,10,2926,2,8,7,3
2013530207776,1,11,0,9,0,4,0,0,0,0,3,1,1,1,6,12000,2,9,6,3
2013530207776,2,9,0,18,0,8,0,0,0,0,1,1,6,1,11,1124,1,11,5,1
2013530207777,1,9,0,18,0,0,0,0,0,0,1,1,1,1,7,1896,2,11,2,1
2013530207777,2,1,0,18,0,0,0,0,0,0,1,1,1,1,7,-1,-1,-1,2,1
2013530207778,1,9,0,16,0,0,1,0,7,4,1,1,6,2,4,1199,1,12,5,1
2013530207780,1,9,0,18,0,0,0,0,0,0,1,1,1,2,10,-1,-1,-1,10,1
2013530207780,2,9,0,18,0,0,0,0,0,0,1,1,2,1,8,1988,1,13,4,3
2013530207781,1,9,0,5,0,8,0,0,0,0,1,1,3,2,6,1390,1,10,7,1
2013530207781,2,1,0,18,0,1,0,0,0,0,4,1,1,1,7,-1,-1,-1,1,1
2013530207782,1,3,0,14,0,0,0,0,0,0,1,1,6,1,4,124,1,1,7,3
2013530207783,1,19,0,18,0,0,0,0,0,0,1,1,1,1,9,2446,2,18,4,1
2013530207783,2,9,0,17,0,0,0,0,0,0,1,1,2,1,7,1598,1,12,5,1
2013530207784,1,9,0,9,0,6,0,0,0,0,3,1,6,1,10,1753,2,9,7,3
2013530207784,2,5,0,18,0,8,0,0,0,0,1,1,6,1,9,955,1,11,9,3
2013530207785,1,9,0,18,0,0,0,0,0,0,1,1,6,2,7,1986,2,8,9,1
2013530207786,1,9,0,18,0,1,0,0,0,0,1,1,6,1,6,2793,1,15,7,2
2013530207786,2,9,0,18,0,1,0,0,0,0,1,1,6,1,11,998,1,20,10,2
2013530207787,1,9,0,17,0,0,0,0,0,0,1,1,6,2,4,1299,1,9,10,3
2013530207787,2,9,0,16,0,0,0,0,0,0,1,1,6,1,9,1396,1,16,10,2
2013530207787,3,9,0,17,0,0,0,0,0,0,1,1,6,1,8,1968,2,4,9,2
2013530207788,1,9,0,18,0,0,0,0,0,0,2,1,6,2,9,1242,1,9,1,1
2013530207788,2,9,0,18,0,0,0,0,0,0,1,1,6,2,6,1686,2,10,6,1
2013530207789,1,20,0,17,0,8,0,0,0,0,1,1,1,1,7,-1,-1,-1,9,2
2013530207789,2,9,0,16,0,8,0,0,0,0,1,1,2,1,8,1598,2,1,9,2
2013530207790,1,21,0,9,0,8,0,0,0,0,2,1,1,1,7,-1,-1,-1,-1,-1
2013530207790,2,5,0,16,0,1,0,0,0,0,1,1,6,1,5,803,1,1,4,1
2013530207791,1,9,0,9,0,2,0,0,0,0,3,1,2,2,7,4806,1,1,7,3
2013530207791,2,9,0,18,0,1,0,0,0,0,1,1,6,2,7,1360,1,13,7,3
2013530207792,1,9,0,18,0,0,0,0,7,3,1,1,2,1,4,-1,-1,-1,8,3
2013530207792,2,9,0,18,0,0,0,0,0,0,1,1,2,2,8,1896,2,9,3,1
2013530207792,3,9,0,2,0,0,0,0,0,0,0,1,6,2,9,1390,1,3,10,1
2013530207793,1,9,0,18,0,4,0,0,0,0,1,1,2,1,4,2000,1,9,9,1
2013530207793,2,1,0,18,0,8,0,0,0,0,2,1,2,1,9,-1,-1,-1,4,1
2013530207796,1,9,0,4,0,0,0,0,0,0,1,1,1,2,8,2993,2,8,8,1
2013530207796,2,9,0,4,0,0,0,0,0,0,2,1,1,2,6,1360,1,10,5,1
2013530207796,3,9,0,4,0,0,0,0,0,0,2,1,6,1,9,-1,-1,-1,10,1
2013530207797,1,9,0,16,0,0,1,0,1,9,1,1,6,1,5,1360,1,17,5,1
2013530207798,1,9,0,18,0,0,0,0,0,0,1,1,6,1,6,954,1,25,3,1
2013530207799,1,9,0,16,0,3,0,0,0,0,1,1,6,1,9,1248,2,-1,1,1
2013530207799,2,9,0,18,0,1,0,0,0,0,1,1,6,1,9,1582,2,2,2,1
2013530207800,1,9,0,18,0,0,0,0,0,0,1,1,6,3,8,-1,-1,-1,-1,-1
2013530207801,1,9,0,18,0,1,0,0,0,0,2,1,6,1,10,2800,2,19,6,3
2013530207801,2,1,0,18,0,1,0,0,0,0,2,1,6,1,8,-1,-1,-1,7,3
2013530207801,3,1,0,18,0,1,0,0,0,0,1,1,6,2,7,-1,-1,-1,7,3
2013530207802,1,9,0,18,0,0,0,0,0,0,1,1,6,1,7,-1,-1,-1,8,2
2013530207802,2,9,0,18,0,0,0,0,0,0,1,1,6,2,4,973,1,13,5,2
2013530207802,3,9,0,18,0,0,0,0,0,0,2,1,6,1,7,1896,2,10,8,2
2013530207803,1,9,0,18,0,4,0,0,0,0,1,1,6,1,4,-1,-1,-1,2,1
2013530207803,2,1,0,9,0,8,0,0,0,0,1,1,1,2,6,-1,-1,-1,10,1
2013530207804,1,9,0,18,0,6,0,0,0,0,1,1,2,1,5,1796,1,-1,-1,1
2013530207804,2,9,0,18,0,8,0,0,0,0,1,1,1,2,5,1124,1,9,5,1
2013530207805,1,9,0,7,0,1,0,0,0,0,1,1,6,1,9,1896,2,6,10,3
2013530207805,2,9,0,3,0,1,0,0,0,0,2,1,6,1,5,1598,1,5,4,1
2013530207806,1,9,0,3,0,1,0,0,0,0,1,1,6,1,8,1598,1,12,7,1
2013530207806,2,9,0,3,0,1,0,0,0,0,2,1,6,1,6,1783,1,11,6,1
2013530207808,1,9,0,9,0,6,0,0,0,0,2,1,1,3,-1,-1,-1,-1,-1,-1
2013530207808,2,9,0,18,0,8,0,0,0,0,1,1,1,1,6,-1,-1,-1,1,1
2013530207809,1,9,0,18,0,1,0,0,0,0,1,1,6,1,9,1997,2,12,8,1
2013530207809,2,9,0,18,0,1,0,0,0,0,1,1,6,1,8,3301,1,16,5,1
2013530207810,1,9,0,18,0,0,0,0,0,0,1,1,2,1,8,1124,1,21,7,1
2013530207811,1,21,0,18,0,1,0,0,0,0,1,1,1,1,10,-1,-1,-1,8,1
2013530207812,1,9,0,9,0,5,0,0,0,0,2,1,1,2,10,1590,1,11,5,3
2013530207812,2,9,0,18,0,8,0,0,0,0,1,1,1,1,7,3200,1,12,10,1
2013530207813,1,9,0,18,0,1,0,0,0,0,1,1,2,1,5,1199,1,10,5,1
2013530207813,2,9,0,10,0,1,0,0,0,0,1,1,2,1,6,-1,-1,-1,9,3
2013530207814,1,9,0,18,0,1,0,0,0,0,1,1,6,2,5,1360,1,8,8,1
2013530207814,2,9,0,3,0,1,0,0,0,0,2,1,1,2,4,1199,1,10,3,1
2013530207815,1,9,0,18,0,0,0,0,0,0,1,1,6,1,8,1995,2,8,8,3
2013530207815,2,9,0,4,0,0,0,0,0,0,2,1,6,1,8,3442,1,54,8,3
2013530207816,1,9,0,9,0,6,0,0,0,0,1,1,2,1,4,1781,1,15,9,1
2013530207816,2,9,0,10,0,6,0,0,0,0,2,1,6,2,6,1598,1,-1,9,1
2013530207818,1,9,0,18,0,0,0,0,0,0,1,1,6,3,-1,-1,-1,-1,-1,-1
2013530207818,2,1,0,18,0,0,0,0,0,0,1,1,6,1,7,-1,-1,-1,2,1
2013530207819,1,9,0,18,0,0,0,0,0,0,1,1,6,3,7,-1,-1,-1,-1,-1
2013530207821,1,9,0,3,0,0,0,0,0,0,2,1,1,2,8,2183,2,3,5,3
2013530207821,2,9,0,18,0,0,0,0,0,0,1,1,1,1,9,1997,1,8,9,1
2013530207821,3,9,0,18,0,0,0,0,0,0,1,1,1,2,9,2400,2,-1,7,3
2013530207821,4,9,0,18,0,0,0,0,0,0,1,1,4,2,10,2179,2,2,9,1
2013530207822,1,9,0,18,0,0,0,0,0,0,1,1,6,2,5,1364,1,9,5,1
2013530207822,2,9,0,18,0,0,0,0,0,0,2,1,6,1,11,1489,1,16,9,1
2013530207822,3,9,0,18,0,0,0,0,0,0,1,1,6,2,5,1296,1,6,9,2
2013530207822,4,9,0,18,0,0,0,0,0,0,1,1,6,1,8,1997,2,8,-1,2
2013530207823,1,11,0,18,0,0,0,0,0,0,1,1,1,1,10,9000,2,1,9,1
2013530207824,1,9,0,18,0,0,0,0,0,0,1,1,2,1,6,1597,1,31,4,1
2013530207825,1,9,0,18,0,6,0,0,0,0,2,1,6,1,11,1799,1,6,9,1
2013530207825,2,9,0,18,0,8,0,0,0,0,1,1,2,2,8,2993,2,2,7,3
2013530207826,1,9,0,12,0,0,0,0,0,0,1,1,6,2,5,1598,1,5,6,1
2013530207826,2,9,0,18,0,0,0,0,0,0,3,1,6,1,5,-1,-1,-1,3,1
2013530207827,1,9,0,18,0,0,0,0,0,0,2,1,6,1,10,998,1,-1,2,1
2013530207827,2,20,0,2,0,0,0,0,0,0,1,1,1,3,6,2998,2,5,-1,-1
2013530207828,1,9,0,18,0,0,0,0,0,0,1,1,6,1,10,1598,1,8,8,3
2013530207829,1,9,0,18,0,0,0,0,0,0,1,1,6,3,6,-1,-1,-1,-1,-1
2013530207830,1,9,0,18,0,1,0,0,0,0,1,1,2,2,7,1560,2,5,9,2
2013530207830,2,9,0,18,0,1,0,0,0,0,1,1,2,2,5,1242,1,-1,3,1
2013530207830,3,9,0,10,0,1,0,0,0,0,0,1,2,3,7,-1,-1,-1,-1,-1
2013530207830,4,9,0,17,0,1,0,0,0,0,4,1,2,1,6,1598,1,11,10,3
2013530207831,1,9,0,17,0,0,0,0,0,0,1,1,6,3,-1,-1,-1,-1,-1,-1
2013530207831,2,5,0,13,0,0,0,0,0,0,1,1,6,1,6,-1,-1,-1,-1,1
2013530207832,1,9,0,18,0,0,0,0,0,0,1,1,1,1,11,1242,1,-1,9,2
2013530207833,1,9,0,1,0,1,0,0,0,0,2,1,1,1,11,1596,1,8,8,1
2013530207834,1,9,0,6,0,6,0,0,0,0,1,1,1,1,7,2143,2,1,8,1
2013530207834,2,5,0,13,0,8,0,0,0,0,2,1,2,1,8,1130,1,9,10,2
2013530207835,1,9,0,2,0,0,0,0,0,0,3,1,6,2,4,1390,1,13,9,3
2013530207835,2,9,0,14,0,0,0,8,0,0,4,1,6,3,-1,-1,-1,-1,-1,-1
2013530207836,1,9,0,18,0,1,1,0,0,0,1,1,6,1,4,1796,1,4,5,2
2013530207837,1,4,0,18,0,1,0,0,0,0,1,1,1,1,4,398,1,21,2,1
2013530207837,2,1,0,18,0,1,0,0,0,0,2,1,6,2,8,-1,-1,-1,5,1
2013530207838,1,9,0,15,0,8,0,0,0,0,1,1,1,1,10,-1,-1,-1,5,2
2013530207838,2,5,0,15,0,3,0,0,0,0,2,1,1,1,9,600,1,20,6,1
2013530207839,1,9,0,18,0,0,0,0,0,0,1,1,6,2,6,-1,-1,-1,7,3
2013530207839,2,9,0,18,0,0,0,0,0,0,2,1,6,1,5,1498,1,2,9,1
2013530207840,1,21,0,18,0,1,0,0,0,0,1,1,1,1,7,9200,2,3,2,1
2013530207840,2,9,0,18,0,1,0,0,0,0,2,1,6,2,10,1390,1,-1,7,2
2013530207841,1,9,0,18,0,0,0,0,0,0,1,1,6,2,10,1951,2,10,5,1
2013530207842,1,9,0,4,0,1,0,0,0,0,2,1,6,1,7,1998,1,9,7,3
2013530207842,2,5,0,4,0,1,0,0,0,0,1,1,6,1,7,1170,1,7,4,3
2013530207843,1,9,0,18,0,1,0,0,0,0,1,1,6,3,6,-1,-1,-1,-1,-1
2013530207843,2,9,0,4,0,1,0,0,0,0,2,1,6,2,5,1299,1,6,9,3
2013530207844,1,9,0,18,0,0,0,0,0,0,1,1,6,3,-1,-1,-1,-1,-1,-1
2013530207844,2,9,0,4,0,0,0,0,0,0,2,1,6,2,4,1043,1,17,7,1
2013530207845,1,9,0,18,0,0,0,0,0,0,1,1,6,1,8,1796,1,14,3,1
2013530207846,1,9,0,13,0,0,0,0,0,0,2,1,6,3,-1,-1,-1,-1,-1,-1
2013530207846,2,1,0,18,0,0,0,0,0,0,1,1,6,1,3,-1,-1,-1,4,1
2013530207847,1,9,0,7,0,6,0,0,0,0,2,1,1,1,8,1995,2,1,9,1
2013530207847,2,9,0,18,0,1,0,0,0,0,1,1,6,2,5,1396,1,10,4,1
2013530207848,1,9,0,18,0,0,0,0,0,0,2,1,6,1,6,1598,1,14,8,1
2013530207848,2,9,0,18,0,0,0,0,0,0,1,1,6,1,9,1598,2,-1,2,1
2013530207849,1,1,0,18,0,0,0,0,0,0,2,1,6,1,6,-1,-1,-1,7,3
2013530207849,2,9,0,18,0,0,0,0,0,0,1,1,2,1,7,1686,2,3,7,3
2013530207850,1,9,0,18,0,0,2,0,2,4,1,1,1,1,7,1360,1,13,6,3
2013530207851,1,9,0,16,0,0,2,0,1,4,1,1,6,1,4,1299,1,14,5,1
2013530207852,1,9,0,18,0,1,0,0,0,0,1,1,6,1,6,-1,-1,-1,7,3
2013530207852,2,9,0,18,0,1,0,0,0,0,1,1,6,2,8,1600,1,14,7,3
2013530207853,1,9,0,1,0,6,0,0,0,0,1,1,6,2,8,1299,1,15,6,1
2013530207853,2,9,0,18,0,8,0,0,0,0,1,1,6,1,4,-1,-1,-1,10,1
2013530207854,1,9,0,18,0,0,0,0,0,0,1,1,1,2,10,1364,1,3,7,3
2013530207854,2,9,0,3,0,0,0,0,0,0,2,1,1,1,8,1598,2,1,7,3
2013530207855,1,9,0,18,0,1,0,0,1,11,1,1,6,2,11,1240,1,5,9,2
2013530207856,1,9,0,9,0,2,0,0,0,0,1,1,1,2,7,1997,1,15,3,1
2013530207856,2,9,0,18,0,2,0,0,0,0,1,1,1,1,7,1390,1,12,4,1
2013530207857,1,9,0,18,0,0,0,0,0,0,2,1,1,1,9,1997,2,12,10,3
2013530207857,2,9,0,18,0,0,0,0,0,0,1,1,1,1,7,1108,1,9,9,1
2013530207858,1,9,0,18,0,0,0,0,0,0,1,1,2,2,8,1798,1,6,10,3
2013530207858,2,9,0,2,0,0,0,0,0,0,1,1,6,1,6,-1,-1,-1,10,2
2013530207859,1,9,0,18,0,0,0,0,0,0,1,1,6,3,-1,-1,-1,-1,2,1
2013530207860,1,9,0,18,0,0,0,0,0,0,2,1,6,2,7,1242,1,10,5,1
2013530207861,1,9,0,7,0,6,0,0,0,0,1,1,6,1,10,1896,2,6,9,1
2013530207861,2,1,0,18,0,8,0,0,0,0,1,1,6,1,10,-1,-1,-1,2,1
2013530207862,1,9,0,9,0,1,0,0,0,0,1,1,6,1,7,1587,1,12,7,1
2013530207862,2,9,0,9,0,8,0,0,0,0,2,1,6,1,5,1493,2,7,10,3
2013530207863,1,9,0,7,0,6,0,0,0,0,1,1,2,1,8,1796,1,6,10,1
2013530207863,2,1,0,7,0,8,0,0,0,0,2,1,6,2,5,-1,-1,-1,4,1
2013530207864,1,9,0,4,0,0,0,0,0,0,2,1,1,2,7,1560,2,1,9,1
2013530207864,2,9,0,4,0,0,0,0,0,0,1,1,1,1,7,-1,-1,-1,6,3
2013530207864,3,9,0,4,0,0,0,0,0,0,1,1,1,2,9,1598,1,12,6,1
2013530207865,1,9,0,9,0,1,0,0,0,0,1,1,6,1,4,1598,1,12,7,3
2013530207865,2,9,0,18,0,1,0,0,0,0,1,1,6,1,5,1600,2,4,7,3
2013530207866,1,9,0,3,0,0,0,0,0,0,2,1,1,2,8,1587,1,6,7,1
2013530207866,2,9,0,18,0,0,0,0,0,0,1,1,1,2,7,1298,1,11,7,1
2013530207867,1,9,0,18,0,1,0,0,0,0,1,1,1,2,6,1296,1,4,2,1
2013530207868,1,9,0,18,0,2,0,0,0,0,1,1,1,2,6,1596,1,11,9,3
2013530207868,2,1,0,18,0,1,0,0,0,0,2,1,6,1,9,-1,-1,-1,9,2
2013530207870,1,9,0,8,0,1,0,0,0,0,3,1,2,2,6,2698,2,7,5,1
2013530207870,2,9,0,18,0,1,0,0,0,0,4,1,2,2,9,1984,1,7,5,1
2013530207871,1,9,0,13,0,0,0,0,0,0,3,1,2,1,7,1896,2,9,8,1
2013530207871,2,9,0,18,0,0,0,0,0,0,4,1,2,1,8,1997,1,1,8,1
2013530207872,1,9,0,3,0,0,0,0,0,0,2,1,1,1,7,1343,1,11,4,1
2013530207872,2,9,0,18,0,0,0,0,0,0,1,1,1,1,6,-1,-1,-1,6,1
2013530207873,1,9,0,18,0,1,0,0,0,0,3,1,6,1,5,1598,1,10,10,1
2013530207874,1,9,0,9,0,8,0,0,0,0,1,1,6,2,7,1598,1,6,2,1
2013530207874,2,2,0,10,0,1,0,0,0,0,4,1,6,1,6,49,1,4,2,1
2013530207875,1,21,1,9,0,6,0,0,0,0,3,1,1,1,8,12882,2,1,-1,1
2013530207875,2,9,0,18,0,8,0,0,1,0,1,1,6,1,9,1956,2,4,9,2
2013530207875,3,9,0,18,0,1,0,0,0,0,1,1,6,2,10,1997,2,10,7,3
2013530207876,1,9,0,9,0,5,0,0,0,0,4,1,1,2,10,1560,2,3,7,3
2013530207876,2,9,0,18,0,8,0,0,0,0,1,1,6,1,8,25422,1,108,9,3
2013530207877,1,9,0,18,0,8,0,0,0,0,3,1,1,1,8,1598,1,2,6,2
2013530207877,2,1,0,18,0,8,0,0,0,0,4,1,6,1,8,-1,-1,-1,5,1
2013530207878,1,9,0,18,0,1,0,0,0,0,1,1,6,2,7,1598,1,2,10,1
2013530207879,1,9,0,18,0,0,0,0,0,0,1,1,6,1,4,1598,1,12,8,1
2013530207880,1,9,0,17,0,0,0,0,0,0,1,1,1,3,5,-1,-1,-1,-1,-1
2013530207880,2,9,0,16,0,0,0,0,0,0,1,1,1,3,4,-1,-1,-1,6,1