Accident_Index,Vehicle_Reference,Vehicle_Type,Towing_and_Articulation,Vehicle_Manoeuvre,Vehicle_Location-Restricted_Lane,Junction_Location,Skidding_and_Overturning,Hit_Object_in_Carriageway,Vehicle_Leaving_Carriageway,Hit_Object_off_Carriageway,1st_Point_of_Impact,Was_Vehicle_Left_Hand_Drive?,Journey_Purpose_of_Driver,Sex_of_Driver,Age_Band_of_Driver,Engine_Capacity_(CC),Propulsion_Code,Age_of_Vehicle,Driver_IMD_Decile,Driver_Home_Area_Type
2013530207880,3,9,0,16,0,0,0,0,0,0,1,1,6,1,4,-1,-1,-1,10,1
2013530207881,1,9,0,18,0,0,0,0,0,0,1,1,1,1,7,1999,1,5,9,1
2013530207882,1,9,0,18,0,1,0,0,0,0,1,1,6,2,8,995,1,3,9,1
2013530207882,2,9,0,9,0,8,0,0,0,0,2,1,6,2,5,1328,1,6,9,1
2013530207883,1,9,0,18,0,0,0,0,0,0,1,1,1,3,7,-1,-1,-1,-1,-1
2013530207883,2,1,0,18,0,0,0,0,0,0,2,1,6,1,4,-1,-1,-1,8,3
2013530207884,1,11,0,16,0,0,0,0,0,0,0,1,1,3,8,-1,-1,-1,-1,-1
2013530207885,1,9,0,18,0,0,0,0,0,0,1,1,6,3,5,-1,-1,-1,-1,-1
2013530207886,1,9,0,18,0,1,0,0,0,0,1,1,6,1,6,1896,2,11,-1,-1
2013530207886,2,9,0,10,0,1,0,0,0,0,2,1,2,2,9,2204,2,5,-1,3
2013530207887,1,9,0,18,0,4,0,0,0,0,3,1,2,1,9,1339,1,6,9,3
2013530207887,2,2,0,18,0,4,0,0,0,0,1,1,1,1,4,49,1,12,8,1
2013530207888,1,9,0,5,0,1,0,0,0,0,3,1,6,1,5,1124,1,11,4,1
2013530207889,1,9,0,7,0,2,0,0,0,0,2,1,6,2,9,2499,2,16,7,3
2013530207889,2,9,0,18,0,1,0,0,0,0,1,1,6,1,7,1984,1,4,9,3
2013530207890,1,9,0,5,0,8,0,0,0,0,4,1,1,1,7,-1,-1,-1,6,1
2013530207890,2,3,0,18,0,8,0,0,0,0,1,1,6,1,5,-1,-1,-1,7,3
2013530207891,1,1,0,18,0,8,0,0,0,0,1,1,1,1,5,-1,-1,-1,2,1
2013530207891,2,9,0,18,0,2,0,0,0,0,1,1,6,1,5,1896,1,16,9,1
2013530207892,1,9,0,18,0,0,0,0,0,0,1,1,1,2,7,1560,2,5,9,1
2013530207893,1,9,0,16,0,0,0,0,0,0,1,1,6,2,7,1388,1,10,4,1
2013530207894,1,9,0,4,0,4,0,0,0,0,2,1,2,1,9,1997,2,-1,7,3
2013530207894,2,9,0,4,0,4,0,0,0,0,1,1,2,1,5,1796,1,7,5,3
2013530207895,1,9,0,18,0,0,0,0,0,0,1,1,1,2,6,1781,1,12,7,1
2013530207895,2,9,0,4,0,0,0,0,0,0,2,1,6,2,5,1995,2,4,6,1
2013530207896,1,9,0,18,0,8,0,0,0,0,1,1,1,2,7,1995,2,8,4,1
2013530207896,2,9,0,18,0,8,0,0,0,0,2,1,1,2,8,1198,1,5,8,1
2013530207897,1,4,0,18,0,0,0,0,0,0,1,1,1,1,10,230,1,14,9,1
2013530207898,1,90,0,18,0,0,0,0,0,0,1,1,6,1,9,1905,2,14,5,1
2013530207899,1,1,0,18,0,0,0,0,0,0,2,1,6,1,6,-1,-1,-1,5,1
2013530207899,2,9,0,18,0,0,0,0,0,0,1,1,2,1,5,1968,2,6,6,2
2013530207900,1,9,0,9,0,1,0,0,0,0,1,1,1,2,6,1198,1,10,9,1
2013530207900,2,9,0,18,0,1,0,0,0,0,1,1,1,1,8,-1,-1,-1,9,2
2013530207901,1,9,0,18,0,0,0,0,0,0,1,1,6,1,5,1998,2,8,6,3
2013530207901,2,9,0,2,0,0,0,0,0,0,3,1,6,1,8,2777,2,5,3,2
2013530207901,3,9,0,2,0,0,0,0,0,0,3,1,6,2,-1,1679,1,11,3,2
2013530207901,4,9,0,2,0,0,0,0,0,0,3,1,6,1,-1,1388,1,6,3,2
2013530207901,5,9,0,2,0,0,0,0,0,0,3,1,6,2,-1,1900,2,8,3,2
2013530207901,6,9,0,2,0,0,0,0,0,0,3,1,6,1,7,-1,-1,-1,3,2
2013530207902,1,9,0,9,0,6,0,0,0,0,1,1,6,2,11,1199,1,14,6,1
2013530207902,2,9,0,18,0,8,0,0,0,0,1,1,6,1,5,1396,1,16,10,3
2013530207903,1,9,0,17,0,0,0,0,0,0,1,1,6,2,4,1242,1,5,9,3
2013530207904,1,9,0,18,0,0,0,0,0,0,1,1,6,2,8,1870,2,7,8,1
2013530207904,2,19,0,18,0,0,0,0,0,0,1,1,6,1,8,2500,2,6,2,1
2013530207905,1,9,0,18,0,0,0,0,0,0,1,1,6,2,9,1968,2,1,10,1
2013530207906,1,9,0,7,0,6,0,0,0,0,1,1,6,1,6,1985,1,13,10,1
2013530207906,2,1,0,18,0,8,0,0,0,0,1,1,6,2,8,-1,-1,-1,10,1
2013530207907,1,19,0,18,0,0,0,0,5,6,1,1,6,1,8,2496,2,17,-1,3
2013530207908,1,9,0,11,0,1,0,0,0,0,1,1,2,2,7,1299,1,12,9,2
2013530207908,2,8,0,18,0,1,0,0,0,0,1,1,1,1,7,1997,2,4,2,1
2013530207909,1,9,0,4,0,4,0,0,0,0,2,1,1,1,9,-1,-1,-1,9,3
2013530207909,2,9,0,18,0,8,0,0,0,0,1,1,1,1,7,1422,2,4,7,3
2013530207910,1,9,0,18,0,2,0,0,0,0,1,1,1,2,7,2179,2,4,9,2
2013530207911,1,9,0,16,0,0,0,0,0,0,1,1,6,1,7,-1,-1,-1,7,1
2013530207912,1,9,0,18,0,1,0,0,0,0,1,1,1,1,8,2993,2,1,6,3
2013530207913,1,9,0,4,0,1,0,0,0,0,0,1,1,2,6,1870,2,2,10,3
2013530207913,2,9,0,3,0,1,0,0,0,0,0,1,1,1,7,1995,2,9,4,1
2013530207914,1,1,0,18,0,0,1,0,0,0,0,1,6,1,6,-1,-1,-1,10,1
2013530207915,1,5,0,18,0,0,0,0,0,0,1,1,1,1,9,749,1,27,6,3
2013530207916,1,9,0,5,0,1,0,0,0,0,3,1,1,1,6,1968,2,7,10,2
2013530207916,2,5,0,18,0,1,1,0,0,0,1,1,6,1,6,599,1,5,10,1
2013530207917,1,9,0,18,0,0,0,0,0,0,1,1,6,1,11,1598,1,6,10,1
2013530207918,1,9,0,18,0,7,0,0,0,0,1,1,1,1,9,-1,-1,-1,8,1
2013530207918,2,9,0,9,0,8,0,0,0,0,1,1,1,1,6,1998,1,17,9,1
2013530207919,1,9,0,16,0,1,0,0,0,0,1,1,6,1,10,1328,1,8,8,1
2013530207919,2,9,0,9,0,1,0,0,0,0,4,1,6,1,5,1800,1,14,7,1
2013530207920,1,9,0,5,0,0,0,0,0,0,1,1,6,1,9,-1,-1,-1,6,1
2013530207920,2,1,0,18,0,0,0,0,0,0,1,1,1,1,4,-1,-1,-1,10,1
2013530207921,1,9,0,3,0,0,0,0,0,0,2,1,6,1,6,1997,1,12,5,1
2013530207921,2,9,0,18,0,0,0,0,0,0,1,1,1,2,6,1242,1,14,3,1
2013530207922,1,9,0,18,0,0,0,0,0,0,1,1,6,1,11,1399,2,6,9,2
2013530207922,2,9,0,3,0,0,0,0,0,0,3,1,6,1,10,-1,-1,-1,10,1
2013530207923,1,9,0,9,0,6,0,0,0,0,2,1,1,2,6,1339,8,4,8,3
2013530207923,2,9,0,13,0,8,0,0,0,0,1,1,1,1,6,-1,-1,-1,7,3
2013530207924,1,9,0,18,0,0,1,0,0,0,1,1,1,2,-1,3436,1,2,3,1
2013530207924,2,9,0,18,0,0,0,0,0,0,2,1,1,1,10,1995,2,2,9,2
2013530207925,1,9,0,16,0,1,1,0,7,0,1,1,1,1,8,1360,1,11,7,1
2013530207925,2,9,0,2,0,1,0,0,0,0,3,1,6,1,8,-1,-1,-1,-1,-1
2013530207926,1,5,0,4,0,0,0,0,0,0,1,1,1,1,4,398,1,8,9,2
2013530207926,2,3,0,4,0,0,0,0,0,0,2,1,1,1,4,125,1,-1,9,1
2013530207927,1,9,0,18,0,1,0,0,0,0,1,1,6,1,5,1299,1,14,10,1
2013530207927,2,9,0,18,0,1,0,0,0,0,3,1,6,2,5,1796,1,13,3,1
2013530207928,1,9,0,7,0,6,0,0,0,0,1,1,1,1,5,1995,2,3,6,3
2013530207928,2,9,0,18,0,8,0,0,0,0,4,1,1,2,6,1995,2,1,8,1
2013530207929,1,11,0,18,0,0,0,0,0,0,1,1,6,3,7,-1,-1,-1,-1,-1
2013530207929,2,5,0,16,0,0,0,0,0,0,1,1,6,1,6,1585,1,3,-1,1
2013530207929,3,9,0,3,0,0,0,0,0,0,1,1,6,1,7,1753,2,6,6,3
2013530207931,1,9,0,18,0,0,0,0,0,0,1,1,1,1,11,1596,1,-1,8,1
2013530207931,2,9,0,4,0,0,0,0,0,0,2,1,2,2,6,1590,1,10,10,1
2013530207932,1,9,0,18,0,1,0,0,0,0,1,1,6,1,7,-1,-1,-1,5,3
2013530207932,2,9,0,10,0,1,0,0,0,0,1,1,1,2,7,1794,1,10,8,1
2013530207933,1,9,0,2,0,0,0,0,0,0,2,1,6,1,7,1368,1,6,9,1
2013530207933,2,9,0,18,0,0,0,0,0,0,1,1,6,2,11,1339,1,11,10,1
2013530207935,1,9,0,5,0,8,0,0,0,0,1,1,6,2,11,1198,1,4,5,2
2013530207935,2,5,0,5,0,4,0,0,0,0,1,1,6,1,8,1000,1,10,9,2
2013530207936,1,11,0,18,0,0,0,0,0,0,1,1,1,1,9,9000,2,1,2,1
2013530207936,2,1,0,18,0,0,0,0,0,0,2,1,6,1,6,-1,-1,-1,1,1
2013530207937,1,9,0,18,0,0,0,0,0,0,1,1,6,1,5,-1,-1,-1,6,3
2013530207937,2,5,0,18,0,0,0,0,0,0,1,1,6,1,8,-1,-1,-1,9,2
2013530207938,1,9,0,18,0,0,0,0,0,0,4,1,1,1,5,1390,1,2,10,1
2013530207938,2,1,0,18,0,0,0,0,0,0,4,1,6,1,3,-1,-1,-1,7,1
2013530207939,1,9,0,7,0,1,0,0,0,0,4,1,6,1,7,-1,-1,-1,4,1
2013530207939,2,9,0,18,0,1,0,0,0,0,1,1,6,2,5,1149,1,10,8,2
2013530207940,1,9,0,9,0,1,0,0,0,0,2,1,1,2,6,1198,1,5,4,1
2013530207940,2,9,0,18,0,1,0,0,0,0,1,1,6,1,11,2393,1,13,10,1
2013530207941,1,3,0,4,0,0,0,0,0,0,1,1,6,1,8,125,1,7,8,1
2013530207941,2,9,0,4,0,0,0,0,0,0,1,1,1,1,7,2967,2,1,8,1
2013530207942,1,9,0,5,0,8,0,0,0,0,1,1,1,1,8,1796,1,13,2,1
2013530207942,2,2,0,18,0,8,0,0,0,0,3,1,3,1,7,-1,-1,-1,9,1
2013530207943,1,9,0,18,0,0,0,0,0,0,1,1,1,1,10,-1,-1,-1,9,1
2013530207943,2,1,0,18,0,0,0,0,0,0,1,1,2,2,6,-1,-1,-1,10,1
2013530207944,1,9,0,18,0,0,0,0,0,0,1,1,1,1,7,-1,-1,-1,8,1
2013530207945,1,9,0,18,0,0,0,0,0,0,1,1,6,1,9,-1,-1,-1,2,1
2013530207946,1,5,0,18,0,1,0,0,0,0,1,1,1,2,6,-1,-1,-1,7,2
2013530207946,2,9,0,9,0,5,0,0,0,0,2,1,1,1,6,-1,-1,-1,5,1
2013530207947,1,9,0,18,0,0,1,0,0,0,1,1,1,2,9,-1,-1,-1,-1,-1
2013530207948,1,9,0,18,0,1,0,0,0,0,1,1,6,1,10,1597,1,9,5,1
2013530207948,2,9,0,4,0,1,0,0,0,0,2,1,6,1,9,2982,2,6,10,3
2013530207949,1,3,0,18,0,0,0,0,0,0,1,1,1,2,4,125,1,4,2,1
2013530207949,2,9,0,4,0,0,0,0,0,0,2,1,6,1,8,2494,1,12,3,1
2013530207950,1,9,0,18,0,8,0,0,0,0,1,1,6,1,4,1686,2,12,9,1
2013530207950,2,1,0,18,0,8,0,0,0,0,1,1,6,1,2,-1,-1,-1,4,1
2013530207951,1,9,0,18,0,0,0,0,0,0,1,1,6,1,7,2497,2,9,8,2
2013530207952,1,9,0,9,0,1,0,0,0,0,1,1,2,2,8,1360,1,6,5,1
2013530207953,1,9,0,18,0,0,0,0,0,0,1,1,6,1,5,1679,1,13,4,1
2013530207953,2,9,0,18,0,0,0,0,0,0,2,1,1,1,7,2993,2,2,7,1
2013530207953,3,9,0,18,0,0,0,0,0,0,1,1,1,1,7,1753,2,7,6,3
2013530207953,4,9,0,2,0,0,0,0,0,0,2,1,6,3,10,-1,-1,-1,6,3
2013530207954,1,19,0,9,0,5,0,0,0,0,1,1,2,1,7,2402,2,5,9,1
2013530207954,2,9,0,18,0,8,0,0,0,0,1,1,6,1,4,1248,2,1,3,1
2013530207955,1,9,0,18,0,0,0,0,0,0,1,1,6,1,8,1242,1,-1,6,1
2013530207955,2,9,0,3,0,0,0,0,0,0,2,1,6,1,7,1968,2,1,8,1
2013530207955,3,9,0,3,0,0,0,0,0,0,2,1,6,1,7,1796,1,3,6,1
2013530207956,1,9,0,9,0,8,0,0,0,0,1,1,2,2,8,1364,1,2,10,1
2013530207956,2,9,0,18,0,8,0,0,0,0,1,1,2,2,8,1242,1,14,8,1
2013530207957,1,9,0,18,0,1,0,0,0,0,1,1,2,1,11,1242,1,1,5,1
2013530207958,1,9,0,18,0,1,0,0,0,0,1,1,6,1,8,1997,1,13,4,2
2013530207959,1,21,0,7,0,5,0,0,0,0,1,1,1,1,8,11967,2,3,-1,2
2013530207959,2,9,0,9,0,5,0,0,0,0,2,1,2,2,7,1998,1,7,10,1
2013530207960,1,1,0,18,0,8,0,0,0,0,1,1,6,1,8,-1,-1,-1,9,2
2013530207960,2,9,0,5,0,6,0,0,0,0,1,1,2,1,7,2996,1,6,10,3
2013530207961,1,5,0,4,0,1,0,0,0,0,1,1,6,1,7,998,1,3,6,1
2013530207961,2,9,0,3,0,1,0,0,0,0,2,1,6,2,8,1968,2,2,9,2
2013530207962,1,9,0,18,0,0,0,0,0,0,1,1,1,1,9,1781,1,10,8,2
2013530207962,2,9,0,4,0,0,0,0,0,0,2,1,2,2,10,1998,1,11,10,3
2013530207963,1,9,0,18,0,1,1,0,0,0,1,1,6,2,8,-1,-1,-1,4,1
2013530207964,1,9,0,7,0,1,0,0,0,0,2,1,1,1,7,1364,2,7,8,1
2013530207965,1,9,0,18,0,1,0,0,0,0,1,1,1,1,7,-1,-1,-1,6,1
2013530207965,2,9,0,11,0,1,0,0,0,0,2,1,1,1,6,-1,-1,-1,8,1
2013530207966,1,9,0,18,0,0,0,0,0,0,1,1,2,1,6,-1,-1,-1,9,2
2013530207967,1,9,0,18,0,0,0,0,0,0,1,1,1,2,9,1995,2,3,9,1
2013530207967,2,9,0,18,0,0,0,0,0,0,2,1,1,1,9,2000,1,7,-1,1
2013530207967,3,9,0,18,0,0,0,0,0,0,1,1,1,2,4,1560,2,7,5,1
2013530207967,4,9,0,18,0,0,0,0,0,0,2,1,1,1,8,1149,1,12,10,1
2013530207967,5,9,0,18,0,0,0,0,0,0,1,1,1,1,8,-1,-1,-1,3,1
2013530207968,1,9,0,9,0,5,0,0,0,0,4,1,6,1,11,999,1,14,5,1
2013530207968,2,1,0,18,0,8,0,0,0,0,1,1,6,2,10,-1,-1,-1,10,1
2013530207969,1,9,0,16,0,0,0,0,0,0,1,1,6,1,7,2000,1,13,8,3
2013530207969,2,9,0,17,0,0,0,0,0,0,1,1,6,1,10,1998,1,13,9,3
2013530207970,1,3,0,13,0,0,1,0,0,0,1,1,2,2,6,124,1,5,6,1
2013530207970,2,9,0,18,0,0,0,0,0,0,1,1,2,1,7,2231,2,-1,5,2
2013530207970,3,1,0,18,0,0,0,0,0,0,0,1,6,3,-1,-1,-1,-1,-1,-1
2013530207971,1,5,0,18,0,0,0,0,0,0,1,1,6,1,9,535,1,11,10,2
2013530207972,1,9,0,18,0,1,0,0,0,0,1,1,6,1,10,-1,-1,-1,5,3
2013530207972,2,9,0,9,0,1,0,0,0,0,1,1,6,1,8,2987,2,4,7,3
2013530207973,1,9,0,18,0,0,0,0,0,0,4,1,1,2,9,1560,2,4,1,1
2013530207974,1,9,0,18,0,1,1,0,0,0,1,1,6,3,8,-1,-1,-1,-1,-1
2013530207974,2,9,0,3,0,1,0,0,0,0,2,1,6,1,4,1124,1,15,2,1
2013530207975,1,9,0,18,0,0,0,0,0,0,1,1,6,3,6,-1,-1,-1,-1,-1
2013530207976,1,9,0,18,0,1,0,0,0,0,4,1,1,2,11,1199,1,13,5,1
2013530207977,1,5,0,14,0,1,0,0,0,0,4,1,2,1,6,599,1,5,9,2
2013530207977,2,9,0,12,0,1,0,0,0,0,3,1,6,2,6,1388,1,9,3,2
2013530207978,1,9,0,2,0,0,0,0,0,0,4,1,2,1,6,1124,1,12,8,1
2013530207978,2,1,0,18,0,0,0,0,0,0,3,1,2,2,6,-1,-1,-1,10,1
2013530207979,1,3,0,17,0,2,1,0,2,10,1,1,6,1,5,-1,-1,-1,8,3
2013530207980,1,4,0,18,0,2,0,0,0,0,1,1,6,1,11,348,1,-1,7,2
2013530207980,2,9,0,18,0,2,0,0,0,0,4,1,6,1,11,1400,2,6,9,2
2013530207981,1,9,0,2,0,0,0,0,0,0,1,1,6,2,6,1896,2,11,2,1
2013530207981,2,20,0,18,0,0,0,0,0,0,4,1,1,1,7,-1,-1,-1,8,1
2013530207982,1,9,0,18,0,8,0,0,0,0,1,1,6,2,6,1896,2,6,7,3
2013530207982,2,1,0,9,0,5,0,0,0,0,4,1,6,1,6,-1,-1,-1,9,1
2013530207983,1,9,0,4,0,0,0,0,0,0,1,1,6,1,4,-1,-1,-1,-1,2
2013530207983,2,9,0,4,0,0,0,0,0,0,2,1,6,2,4,1360,1,9,9,2
2013530207984,1,9,0,6,0,0,0,0,0,0,1,1,6,2,8,2926,2,10,9,2
2013530207984,2,5,0,13,0,0,0,0,0,0,1,1,6,1,8,652,1,10,10,1
2013530207985,1,9,0,18,0,0,0,0,0,0,4,1,6,3,8,-1,-1,-1,-1,-1
2013530207985,2,1,0,18,0,0,0,0,0,0,2,1,6,1,8,-1,-1,-1,7,3
2013530207986,1,19,0,18,0,1,0,0,0,0,1,1,1,1,8,2143,2,1,10,1
2013530207986,2,9,0,7,0,1,0,0,0,0,2,1,2,1,6,1461,2,-1,6,1
2013530207987,1,9,0,17,0,0,0,0,0,0,1,1,1,1,9,1997,2,8,7,3
2013530207987,2,20,0,16,0,0,0,0,0,0,3,1,1,1,8,-1,-1,-1,8,3
2013530207988,1,1,0,18,0,0,0,0,0,0,4,1,6,1,4,-1,-1,-1,7,1
2013530207988,2,9,0,18,0,0,0,0,0,0,1,1,6,3,8,-1,-1,-1,7,1
2013530207989,1,4,0,5,0,4,0,0,0,0,1,1,6,1,9,124,1,1,10,1
2013530207989,2,9,0,18,0,8,0,0,0,0,4,1,6,2,-1,1968,2,6,8,1
2013530207990,1,9,0,16,0,0,0,0,0,0,1,1,1,1,8,1968,2,2,9,3
2013530207990,2,1,0,17,0,0,0,0,0,0,2,1,6,1,8,-1,-1,-1,10,3
2013530207991,1,9,0,18,0,0,0,0,0,0,1,1,6,1,7,1590,1,13,10,1
2013530207992,1,9,0,16,0,0,1,0,8,4,1,1,6,1,6,1341,1,14,7,3
2013530207993,1,9,0,18,0,0,2,0,8,3,1,1,6,1,4,1124,1,13,8,2
2013530207995,1,19,0,18,0,1,0,0,0,0,2,1,1,1,9,2143,2,3,3,1
2013530207995,2,9,0,18,0,1,0,0,0,0,1,1,1,2,5,1339,1,2,7,2
2013530207996,1,9,0,18,0,0,0,0,0,0,1,1,6,1,11,1389,1,16,6,2
2013530207996,2,9,0,3,0,0,0,0,0,0,2,1,2,2,6,1839,1,10,8,1
2013530207997,1,9,0,18,0,8,0,0,0,0,1,1,1,2,8,1995,2,11,8,3
2013530207997,2,9,0,9,0,6,0,0,0,0,3,1,6,1,5,1597,1,19,6,2
2013530207998,1,9,0,18,0,0,0,0,0,0,1,1,6,2,6,1587,1,10,9,3
2013530207998,2,9,0,18,0,0,0,0,0,0,1,1,6,2,8,1991,2,4,9,3
2013530207998,3,9,0,18,0,0,0,0,0,0,3,1,6,1,8,2143,2,-1,9,3
2013530207999,1,9,0,6,0,0,0,0,0,0,1,1,6,2,9,1490,1,8,4,1
2013530208000,1,2,0,18,0,1,0,0,0,0,1,1,6,1,8,124,1,1,6,1
2013530208000,2,9,0,4,0,1,0,0,0,0,2,1,6,2,5,973,1,12,8,1
2013530208001,1,9,0,17,0,0,1,0,1,4,1,1,1,1,8,1461,2,3,2,1
2013530208002,1,5,0,18,0,1,0,0,0,0,1,1,6,1,7,670,1,1,10,1
2013530208002,2,3,0,9,0,1,0,0,0,0,0,1,6,1,7,-1,-1,-1,5,1
2013530208002,3,9,0,18,0,1,0,0,0,0,0,1,6,1,5,-1,-1,-1,10,1
2013530208003,1,9,0,18,0,1,0,0,0,0,4,1,6,1,7,1598,1,11,1,1
2013530208003,2,9,0,18,0,1,0,0,0,0,1,1,6,1,9,1995,2,2,7,3
2013530208005,1,9,0,18,0,0,0,0,0,0,4,1,1,3,8,-1,-1,-1,-1,-1
2013530208006,1,9,0,18,0,1,0,0,0,0,1,1,6,1,8,-1,-1,-1,-1,-1
2013530208006,2,9,0,18,0,1,0,0,0,0,1,1,6,1,6,-1,-1,-1,-1,-1
2013530208007,1,9,0,9,0,8,0,0,0,0,4,1,6,1,4,1587,1,16,7,3
2013530208007,2,9,0,17,0,8,0,0,0,0,1,1,6,1,9,2922,1,7,7,2
2013530208008,1,21,0,18,0,1,0,0,0,0,1,1,1,1,6,12777,2,5,4,1
2013530208008,2,21,0,3,0,1,0,0,0,0,2,1,1,1,7,15607,2,1,5,2
2013530208008,3,9,0,10,0,8,0,0,0,0,2,1,6,1,7,1999,1,6,7,1
2013530208009,1,9,0,18,0,0,0,0,0,0,1,1,6,2,9,2171,1,9,7,3
2013530208010,1,9,0,18,0,0,0,0,0,0,4,1,1,1,5,-1,-1,-1,2,1
2013530208010,2,9,0,18,0,0,0,0,0,0,1,1,6,3,6,-1,-1,-1,-1,-1
2013530208011,1,9,0,18,0,0,0,0,0,0,1,1,1,1,5,3050,2,18,6,3
2013530208012,1,9,0,18,0,0,0,0,0,0,1,1,1,1,7,1198,1,9,-1,1
2013530208012,2,9,0,4,0,0,0,0,0,0,2,1,6,2,9,1997,2,9,7,3
2013530208013,1,9,0,18,0,1,0,0,0,0,1,1,1,1,6,-1,-1,-1,6,3
2013530208013,2,9,0,4,0,1,0,0,0,0,2,1,2,1,6,1598,1,14,6,1
2013530208014,1,9,0,18,0,0,0,0,0,0,1,1,1,2,8,2685,2,8,10,2
2013530208014,2,19,0,18,0,0,0,0,0,0,1,1,1,1,8,2800,2,12,9,1
2013530208015,1,9,0,13,0,0,0,0,0,0,1,1,2,1,9,3797,1,2,6,3
2013530208015,2,9,0,18,0,0,0,0,0,0,1,1,2,2,9,1997,1,15,5,1
2013530208016,1,9,0,17,0,0,0,0,0,0,1,1,6,1,4,1199,1,14,6,3
2013530208016,2,9,0,16,0,0,0,0,0,0,1,1,6,1,9,1596,1,6,10,1
2013530208017,1,9,0,18,0,8,0,0,0,0,1,1,6,1,9,1951,2,8,5,3
2013530208017,2,9,0,18,0,8,0,0,0,0,4,1,2,2,6,1560,2,9,1,1
2013530208018,1,5,0,17,0,8,0,0,1,1,1,1,6,1,6,1137,1,14,8,2
2013530208019,1,9,0,18,0,0,1,0,7,3,1,1,6,1,6,1994,1,12,6,1
2013530208020,1,9,0,18,0,1,0,0,0,0,1,1,6,1,6,1999,1,12,9,2
2013530208020,2,9,0,10,0,5,0,0,0,0,2,1,6,1,4,954,1,18,7,1
2013530208020,3,9,0,18,0,8,0,0,0,0,3,1,6,1,7,1400,2,6,10,3
2013530208020,4,1,0,18,9,2,0,0,0,0,2,1,6,1,4,-1,-1,-1,7,3
2013530208021,1,9,0,3,0,0,0,0,0,0,2,1,6,2,8,1968,2,4,9,3
2013530208021,2,9,0,3,0,0,0,0,0,0,2,1,6,2,5,1242,1,2,9,1
2013530208021,3,9,0,18,0,0,0,0,0,0,1,1,6,1,7,1968,2,-1,4,1
2013530208022,1,9,0,18,0,6,0,0,0,0,3,1,6,1,11,1560,2,2,9,2
2013530208022,2,5,0,18,0,8,0,0,0,0,1,1,2,2,6,645,1,14,5,1
2013530208023,1,19,0,18,0,0,0,0,0,0,1,1,1,1,7,2402,2,3,2,1
2013530208023,2,8,0,3,0,0,0,0,0,0,2,1,2,2,6,1598,1,8,6,1
2013530208023,3,9,0,3,0,0,0,0,0,0,2,1,1,1,7,-1,-1,-1,10,1
2013530208024,1,9,0,18,0,0,0,0,0,0,4,1,1,2,6,1951,2,8,6,1
2013530208025,1,9,0,18,0,6,0,0,0,0,1,1,6,2,11,1390,1,5,10,2
2013530208025,2,9,0,18,0,8,0,0,0,0,1,1,2,2,7,2993,2,3,7,3
2013530208026,1,9,0,17,0,0,0,0,0,0,1,1,6,2,4,998,1,2,10,3
2013530208026,2,9,0,16,0,0,0,0,0,0,1,1,6,2,6,998,1,9,6,1
2013530208026,3,9,0,16,0,0,0,0,0,0,1,1,6,1,7,1968,2,1,9,3
2013530208027,1,9,0,13,0,0,0,0,0,0,1,1,6,2,10,1598,1,3,4,1
2013530208027,2,1,0,18,0,0,0,0,0,0,4,1,6,2,8,-1,-1,-1,7,3
2013530208028,1,9,0,18,0,1,0,0,0,0,2,1,1,1,5,-1,-1,-1,10,1
2013530208028,2,9,0,18,0,1,0,0,0,0,2,1,1,1,7,-1,-1,-1,8,3
2013530208028,3,9,0,9,0,1,0,0,0,0,0,1,1,2,7,1598,1,8,7,3
2013530208029,1,9,0,6,0,0,0,0,0,0,3,1,6,1,5,1390,1,13,7,1
2013530208029,2,9,0,18,0,0,0,0,0,0,1,1,6,1,5,-1,-1,-1,5,1
2013530208030,1,9,0,18,0,0,0,0,0,0,1,1,1,1,7,-1,-1,-1,6,1
2013530208030,2,9,0,4,0,0,0,0,0,0,2,1,6,1,9,-1,-1,-1,8,3
2013530208030,3,9,0,4,0,0,0,0,0,0,2,1,2,2,7,-1,-1,-1,8,1
2013530208031,1,9,0,18,0,0,0,0,0,0,3,1,1,1,6,1000,1,13,-1,1
2013530208031,2,9,0,18,0,0,0,0,0,0,2,1,6,1,5,-1,-1,-1,-1,1
2013530208032,1,11,0,18,0,0,0,0,0,0,0,1,1,2,9,-1,-1,-1,3,1
2013530208032,2,9,0,18,0,0,0,0,0,0,0,1,6,3,5,-1,-1,-1,6,1
2013530208033,1,9,0,18,0,0,0,0,0,0,1,1,1,1,8,-1,-1,-1,10,1
2013530208035,1,9,0,18,0,0,0,0,0,0,1,1,2,1,4,-1,-1,-1,9,1
2013530208035,2,9,0,4,0,0,0,0,0,0,2,1,2,1,7,1242,1,4,8,3
2013530208037,1,9,0,18,0,0,0,0,0,0,1,1,1,1,6,1753,2,5,2,1
2013530208037,2,9,0,18,0,0,0,0,0,0,1,1,2,1,6,-1,-1,-1,5,2
2013530208038,1,9,0,18,0,0,0,0,0,0,1,1,6,1,8,1910,2,4,8,3
2013530208038,2,19,0,18,0,0,0,0,0,0,1,1,6,1,7,-1,-1,-1,7,1
2013530208039,1,9,0,17,0,0,0,0,1,4,1,1,6,1,6,1998,1,3,9,3
2013530208040,1,9,0,4,0,1,0,0,0,0,1,1,6,2,10,1597,1,6,10,1