Accident_Index,Vehicle_Reference,Vehicle_Type,Towing_and_Articulation,Vehicle_Manoeuvre,Vehicle_Location-Restricted_Lane,Junction_Location,Skidding_and_Overturning,Hit_Object_in_Carriageway,Vehicle_Leaving_Carriageway,Hit_Object_off_Carriageway,1st_Point_of_Impact,Was_Vehicle_Left_Hand_Drive?,Journey_Purpose_of_Driver,Sex_of_Driver,Age_Band_of_Driver,Engine_Capacity_(CC),Propulsion_Code,Age_of_Vehicle,Driver_IMD_Decile,Driver_Home_Area_Type
2013542632613,1,9,0,18,0,1,0,0,0,0,1,1,6,2,9,1124,1,12,9,1
2013542641213,1,19,0,4,0,0,0,0,0,0,1,1,1,1,5,2998,2,6,7,1
2013542641213,2,9,0,3,0,0,0,0,0,0,2,1,2,2,8,1896,2,11,8,3
2013542642113,1,19,0,9,0,6,0,0,7,0,3,1,1,1,9,2148,2,3,1,1
2013542642113,2,9,0,18,0,8,0,0,0,0,1,1,6,1,7,2696,2,5,9,3
2013542650213,1,17,0,17,0,0,0,0,0,0,1,1,1,1,6,-1,2,13,8,3
2013542650213,2,9,0,16,0,0,1,0,0,0,1,1,6,2,8,2830,2,17,8,3
2013542670613,1,9,0,18,0,0,1,0,1,0,3,1,1,1,6,1896,1,16,5,1
2013542670613,2,9,0,18,0,0,1,10,0,0,1,1,6,1,7,1896,2,6,8,3
2013542674313,1,9,0,18,0,0,1,0,0,0,1,1,1,1,9,1560,2,3,-1,1
2013542674313,2,9,0,3,0,0,0,0,0,0,2,1,1,1,6,2996,1,3,6,2
2013542674313,3,19,0,18,0,0,2,0,1,0,1,1,1,1,9,1968,2,4,5,3
2013542701513,1,9,0,17,0,0,2,10,1,9,4,1,6,1,4,1248,1,4,10,1
2013542720713,1,8,0,4,0,2,0,0,0,0,2,1,1,1,5,1753,2,4,5,1
2013542720713,2,9,0,18,0,2,0,0,0,0,1,1,6,2,5,1299,1,12,4,1
2013542738113,1,9,0,18,0,0,0,0,0,0,3,1,1,1,9,1248,2,1,8,1
2013542764313,1,9,0,18,0,1,0,0,0,0,1,1,6,1,4,1199,1,12,7,3
2013542764313,2,19,0,18,0,1,0,0,0,0,1,1,1,1,7,2198,2,1,5,1
2013542764313,3,9,0,3,0,1,0,0,0,0,2,1,6,1,6,1896,2,6,9,3
2013542765013,1,9,0,18,0,8,0,0,0,0,3,1,6,2,4,1199,1,11,4,1
2013542765013,2,9,0,9,0,6,0,0,0,0,1,1,6,2,10,973,1,14,7,1
2013542766313,1,9,0,9,0,6,0,0,0,0,1,1,1,1,6,1399,2,10,7,1
2013542766313,2,9,0,18,0,8,0,0,0,0,1,1,6,2,6,1397,1,6,10,2
2013542776713,1,9,0,18,0,0,1,0,7,2,4,1,6,1,4,3200,1,9,5,1
2013542777613,1,9,0,18,0,0,1,12,1,9,1,1,1,1,7,1149,1,15,3,1
2013542778813,1,9,0,18,0,0,1,0,1,9,1,1,6,2,4,1389,1,15,3,1
2013542782313,1,9,0,16,0,8,0,0,0,0,1,1,6,2,7,1783,1,12,8,2
2013542782313,2,9,0,17,0,8,0,0,0,0,1,1,6,1,6,1997,2,9,8,2
2013542782913,1,9,0,18,0,8,0,0,1,4,4,1,6,1,11,1590,1,11,10,2
2013542782913,2,9,0,9,0,4,0,0,0,0,1,1,6,2,10,1596,1,12,8,1
2013542795813,1,3,0,17,0,8,1,0,0,0,4,1,1,1,5,124,1,7,6,1
2013542824413,1,9,0,18,0,1,0,0,8,2,1,1,2,1,7,1598,1,9,9,2
2013542824413,2,19,0,18,0,2,0,0,0,0,4,1,2,1,10,1399,2,2,2,1
2013542836513,1,9,0,4,0,0,1,0,0,0,1,1,6,1,10,1397,1,12,9,1
2013542836513,2,9,0,3,0,0,0,0,0,0,2,1,1,1,7,1968,2,1,8,3
2013542841413,1,9,0,18,0,1,0,0,0,0,1,1,6,1,7,1968,2,2,9,1
2013542841413,2,9,0,3,0,1,0,0,0,0,2,1,6,2,6,1149,1,9,7,3
2013542884213,1,11,0,18,2,1,0,0,0,0,4,1,1,1,9,9600,2,15,9,3
2013542892013,1,9,0,18,0,0,0,0,1,11,1,1,6,2,6,1998,1,12,5,1
2013542895213,1,9,0,3,0,1,0,0,0,0,2,1,6,2,6,1598,1,10,8,1
2013542895213,2,9,0,18,0,1,0,0,0,0,1,1,6,3,-1,-1,-1,-1,-1,-1
2013542900213,1,11,0,18,0,8,0,0,0,0,0,1,1,1,7,4250,2,11,5,2
2013542900213,2,21,0,7,0,4,0,0,0,0,0,1,1,3,-1,-1,-1,-1,-1,-1
2013542915013,1,3,0,18,0,8,0,10,0,0,4,1,2,1,5,125,1,1,10,2
2013542915013,2,9,0,7,0,4,0,0,0,0,0,1,6,3,-1,-1,-1,-1,-1,-1
2013542917913,1,9,0,17,0,0,2,0,7,11,1,1,6,1,6,2457,1,7,8,3
2013542918613,1,9,0,18,0,2,0,0,0,0,3,1,6,1,7,2148,2,8,8,1
2013542941213,1,9,0,9,0,5,0,0,0,0,1,1,6,2,11,998,1,17,9,3
2013542941213,2,9,0,18,0,8,0,0,0,0,1,1,1,2,6,1461,2,1,9,1
2013542950613,1,9,0,9,0,5,0,0,0,0,1,1,2,2,8,1560,2,3,9,1
2013542950613,2,1,0,10,0,1,0,0,0,0,1,1,6,1,9,-1,-1,-1,5,1
2013542952213,1,9,0,14,0,0,0,8,0,0,4,1,6,1,7,1798,1,-1,9,1
2013542952213,2,9,0,2,0,0,0,0,0,0,3,1,2,2,4,1360,1,10,6,1
2013542956913,1,9,0,13,0,1,0,0,0,0,4,1,6,1,5,1587,1,9,-1,-1
2013542956913,2,1,0,18,0,1,0,0,0,0,3,1,6,1,5,-1,-1,-1,9,3
2013542956913,3,1,0,18,0,1,0,0,0,0,4,1,6,1,4,-1,-1,-1,3,1
2013542962513,1,9,0,11,0,0,5,10,1,1,1,1,2,2,5,1360,1,10,2,1
2013542962913,1,3,0,18,0,0,0,0,0,0,1,1,6,1,6,124,1,14,6,1
2013542962913,2,9,0,18,0,0,0,0,0,0,1,1,6,1,5,1124,1,15,6,1
2013542966513,1,9,0,18,0,0,2,0,1,9,1,1,6,1,9,1598,1,8,5,1
2013542966713,1,9,0,3,0,2,0,0,0,0,2,1,6,1,6,1995,2,1,9,1
2013542966713,2,9,0,4,0,2,0,0,0,0,2,1,6,1,6,1995,2,8,10,1
2013542966713,3,9,0,4,0,2,0,0,0,0,1,1,6,1,4,1124,1,12,6,1
2013542967613,1,9,0,18,0,8,0,0,1,1,1,1,6,2,6,-1,-1,-1,8,3
2013542967613,2,9,0,5,0,6,0,0,0,0,3,1,6,1,7,1390,1,5,9,1
2013542968913,1,9,0,18,0,0,0,0,0,0,1,1,6,1,9,2183,2,1,10,2
2013542968913,2,9,0,18,0,0,0,0,0,0,4,1,6,1,8,1870,2,8,4,1
2013542968913,3,9,0,18,0,0,0,0,0,0,4,1,6,1,6,1598,1,8,4,1
2013542968913,4,9,0,18,0,0,0,0,0,0,3,1,6,2,7,1339,1,5,10,1
2013542968913,5,9,0,18,0,0,0,0,0,0,3,1,6,1,8,2179,2,3,8,3
2013542971813,1,9,0,18,0,0,0,0,1,4,1,1,6,1,10,1968,2,-1,-1,-1
2013542984013,1,9,0,11,0,2,0,0,0,0,1,1,1,1,6,1598,1,10,4,1
2013542984013,2,19,0,18,0,2,0,0,0,0,2,1,6,1,8,2463,2,10,3,1
2013542987213,1,5,0,16,0,2,0,0,7,0,1,1,6,1,8,675,1,6,10,1
2013542987213,2,5,0,16,0,2,0,0,7,0,1,1,6,2,8,675,1,4,10,1
2013543004213,1,9,0,9,0,6,5,10,1,0,4,1,6,1,5,1587,1,13,10,1
2013543007513,1,9,0,4,0,0,0,0,0,0,2,1,6,1,7,2521,1,7,7,1
2013543007513,2,9,0,4,0,0,0,0,0,0,1,1,6,1,6,1149,1,9,6,1
2013543013313,1,9,0,16,0,0,0,0,0,0,1,1,6,1,11,1997,2,4,9,1
2013543013313,2,9,0,17,0,0,0,0,0,0,1,1,6,2,10,1364,1,7,5,1
2013543015813,1,9,0,17,0,0,1,0,1,9,2,1,6,1,4,2495,2,22,8,3
2013543029813,1,9,0,3,0,0,0,0,0,0,2,1,6,2,6,1598,2,1,5,1
2013543029813,2,9,0,4,0,0,0,0,0,0,1,1,6,1,7,1560,2,1,6,3
2013543029813,3,9,0,4,0,0,0,0,0,0,1,1,6,1,7,2495,2,10,9,1
2013543043713,1,9,0,17,0,0,1,0,1,4,1,1,2,1,7,-1,-1,-1,10,1
2013543068213,1,9,0,18,0,0,0,0,0,0,1,1,6,1,9,-1,-1,-1,9,1
2013543071313,1,19,0,18,0,0,0,0,0,0,1,1,2,1,7,2151,2,12,5,1
2013543071313,2,9,0,4,0,0,0,0,0,0,2,1,6,2,5,1390,1,6,6,3
2013543071313,3,9,0,3,0,0,0,0,0,0,2,1,6,1,6,1998,2,10,7,3
2013543072913,1,9,0,9,0,6,0,0,0,0,1,1,6,2,6,1796,1,6,10,2
2013543080013,1,9,0,18,0,0,2,0,1,10,1,1,6,2,4,1124,1,14,10,1
2013543093913,1,9,0,18,0,0,0,0,0,0,4,1,6,2,7,1598,2,-1,6,1
2013543093913,2,1,0,18,0,0,0,0,0,0,3,1,6,2,7,-1,-1,-1,10,1
2013543097413,1,8,0,9,0,3,0,0,0,0,1,1,1,2,7,1968,2,6,5,1
2013543104313,1,9,0,3,0,0,0,0,0,0,1,1,6,1,6,1598,1,11,8,1
2013543104313,2,9,0,4,0,0,0,0,0,0,2,1,6,1,6,2204,2,9,1,1
2013543106913,1,9,0,16,0,2,0,0,0,0,1,2,6,2,6,1390,1,2,-1,-1
2013543106913,2,9,0,17,0,1,0,0,0,0,1,1,6,2,7,1796,1,15,5,2
2013543136313,1,9,0,9,0,6,0,0,0,0,1,1,2,2,6,1598,1,17,6,1
2013543136313,2,1,0,18,0,8,0,0,0,0,4,1,6,1,6,-1,-1,-1,8,1
2013543154913,1,9,0,14,0,0,0,8,0,0,1,1,6,2,11,1298,1,12,9,1
2013543154913,2,19,0,2,0,0,0,0,0,0,3,1,1,2,9,1399,2,2,9,1
2013543160313,1,9,0,18,0,0,0,0,0,0,4,1,6,1,6,1560,2,5,3,1
2013543163713,1,9,0,18,0,1,0,0,0,0,1,1,1,2,5,1910,2,7,6,1
2013543163713,2,19,0,10,0,1,0,0,0,0,2,1,1,2,8,2446,2,12,10,1
2013543174213,1,9,0,18,0,0,0,0,0,0,1,1,6,1,8,1360,1,11,8,1
2013543174713,1,9,0,18,0,0,2,0,1,11,1,1,6,2,7,1242,1,11,8,3
2013543186013,1,19,0,5,0,6,0,0,0,0,1,1,1,1,9,2402,2,2,1,1
2013543186013,2,9,0,10,0,8,0,0,0,0,1,1,6,1,7,1596,1,11,8,1
2013543189613,1,9,0,9,0,5,0,0,0,0,0,1,6,1,7,1598,2,1,9,3
2013543189613,2,9,0,3,0,1,0,0,0,0,2,1,6,1,5,1196,1,17,2,1
2013543189613,3,9,0,3,0,1,0,0,0,0,2,1,6,1,7,1598,2,3,6,2
2013543189613,4,9,0,3,0,1,0,0,0,0,2,2,6,1,10,-1,-1,-1,7,1
2013543189613,5,9,0,4,0,1,0,0,0,0,1,1,6,1,5,1896,2,14,9,3
2013543194313,1,9,0,9,0,6,0,0,0,0,3,1,6,1,6,2143,2,-1,-1,-1
2013543194313,2,5,0,18,0,8,1,0,0,0,1,1,6,1,8,885,1,21,6,2
2013543208613,1,9,0,13,0,0,0,0,0,0,1,1,6,1,4,1360,2,19,9,1
2013543208613,2,9,0,18,0,0,0,0,0,0,1,1,6,1,5,1149,1,11,7,1
2013543208613,3,9,0,18,0,0,0,0,0,0,3,1,6,2,8,1999,1,7,9,3
2013543213313,1,5,0,18,0,0,0,0,0,0,1,1,6,1,8,1352,1,1,6,3
2013543213313,2,9,0,9,7,0,0,0,0,0,2,1,6,2,11,1363,2,11,9,3
2013543240613,1,9,0,13,0,8,0,0,7,0,4,1,2,1,6,2487,2,13,10,1
2013543240613,2,9,0,9,0,5,0,0,0,0,3,1,2,2,8,1422,2,9,7,1
2013543256113,1,9,0,18,0,1,0,0,0,0,1,1,6,2,8,1968,2,6,9,2
2013543256113,2,9,0,3,0,1,0,0,0,0,2,1,6,1,7,4554,1,18,8,2
2013543257413,1,9,0,18,0,0,0,10,8,11,4,1,6,1,4,1149,1,11,9,1
2013543259813,1,9,0,18,0,8,0,0,0,0,3,1,6,3,-1,-1,-1,-1,-1,-1
2013543259913,1,9,0,18,0,0,1,0,5,6,1,1,6,2,6,1360,1,9,10,1
2013543260913,1,9,0,18,0,1,1,0,0,0,1,1,2,2,4,1390,1,12,10,1
2013543262713,1,3,0,16,0,0,0,0,0,0,1,1,6,1,6,124,1,15,5,1
2013543262713,2,17,0,17,0,0,0,0,0,0,1,1,1,1,5,6788,2,1,7,2
2013543273313,1,9,0,9,0,6,0,0,7,0,3,1,2,2,9,1896,2,5,10,1
2013543273313,2,9,0,18,0,8,1,0,0,0,1,1,2,2,8,1061,1,10,9,1
2013543277013,1,9,0,4,0,0,1,0,0,0,1,1,2,2,7,1242,1,3,8,1
2013543277013,2,9,0,4,0,0,1,0,0,0,1,1,2,2,6,1391,1,18,7,3
2013543277013,3,9,0,3,0,0,0,0,0,0,2,1,2,1,7,1798,1,5,8,1
2013543277013,4,9,0,3,0,0,0,0,0,0,2,1,2,1,7,1910,2,5,10,1
2013543326313,1,9,0,3,0,1,0,0,0,0,2,1,6,2,6,1598,1,13,9,3
2013543326313,2,9,0,18,0,1,0,0,0,0,1,1,6,2,6,1781,1,14,4,2
2013543334413,1,9,0,9,0,4,0,0,0,0,3,1,6,2,6,1896,2,13,7,3
2013543334413,2,1,0,18,0,8,0,0,0,0,1,1,6,1,8,-1,-1,-1,8,1
2013543336113,1,9,0,9,0,5,0,0,0,0,4,1,6,2,11,1242,1,5,9,1
2013543336113,2,9,0,18,0,8,0,0,0,0,1,1,6,2,7,698,1,9,8,1
2013543361313,1,11,0,17,0,0,0,0,0,0,1,1,1,1,9,9500,2,10,8,1
2013543361313,2,9,0,16,0,0,1,0,0,0,1,1,2,1,4,1294,1,19,6,1
2013543363613,1,9,0,18,0,8,0,0,0,0,1,1,6,2,11,1360,1,10,10,1
2013543363613,2,11,0,9,0,6,0,0,0,0,3,1,1,1,8,4500,2,2,5,3
2013543365513,1,8,0,5,9,6,0,0,0,0,4,1,1,1,9,1991,2,5,6,1
2013543365513,2,1,0,18,9,8,0,0,0,0,1,1,6,1,3,-1,-1,-1,8,1
2013543383013,1,9,0,18,0,8,0,0,0,0,1,1,6,1,5,1124,1,13,6,1
2013543383013,2,3,0,9,0,6,0,0,0,0,4,1,2,1,6,124,1,11,5,1
2013543395913,1,9,0,18,0,0,0,0,0,0,3,1,6,3,-1,-1,-1,-1,-1,-1
2013543395913,2,1,0,18,0,0,0,0,0,0,3,1,6,1,7,-1,-1,-1,4,1
2013543408813,1,9,0,18,0,2,0,0,0,0,3,1,6,2,7,1299,1,5,8,1
2013543411213,1,3,0,13,0,8,0,0,0,0,4,1,2,1,4,124,1,5,6,3
2013543411213,2,9,0,9,0,5,0,0,0,0,3,1,6,2,9,3628,2,4,7,3
2013543411813,1,90,0,18,0,6,0,0,0,0,1,1,1,1,4,-1,-1,-1,9,2
2013543411813,2,21,1,18,0,8,0,0,0,0,4,1,1,1,9,10837,2,3,10,1
2013543412613,1,9,0,5,0,0,0,0,0,0,1,1,6,1,6,1299,1,13,7,1
2013543422613,1,9,0,18,0,0,5,0,2,7,1,1,6,1,6,1796,1,8,8,1
2013543426113,1,9,0,13,0,0,1,0,0,0,1,1,6,1,5,1596,1,10,7,3
2013543426113,2,9,0,18,0,0,1,0,1,0,1,1,6,2,6,1896,2,12,9,1
2013543432613,1,9,0,14,0,0,0,0,0,0,1,1,6,2,6,1398,1,-1,6,1
2013543432613,2,9,0,18,0,0,0,0,0,0,1,1,6,1,6,1598,2,1,8,1
2013543432613,3,9,0,2,0,0,0,0,0,0,0,1,6,1,8,1998,2,7,8,1
2013543437713,1,3,0,17,0,8,1,0,0,0,4,1,6,1,5,125,1,2,1,1
2013543437913,1,9,0,13,0,0,0,0,0,0,4,1,6,1,-1,-1,-1,-1,-1,-1
2013543437913,2,1,0,18,0,0,0,4,0,0,3,1,6,1,4,-1,-1,-1,3,1
2013543437913,3,9,0,2,0,0,0,0,0,0,2,1,6,3,-1,-1,-1,-1,-1,-1
2013543449213,1,9,0,18,0,0,2,0,8,10,3,1,2,1,4,1590,1,13,5,1
2013543453913,1,9,0,9,0,4,0,0,0,0,1,1,6,2,6,1598,1,6,2,1
2013543453913,2,9,0,18,0,8,0,0,0,0,1,1,2,1,8,1910,2,10,4,1
2013543459013,1,5,0,18,0,0,0,0,1,0,3,1,2,1,7,659,1,1,5,2
2013543459013,2,21,0,18,0,0,0,0,0,0,4,1,6,3,-1,-1,-1,-1,-1,-1
2013543461313,1,9,0,16,0,0,0,0,0,0,1,1,6,2,11,1587,1,6,9,3
2013543461313,2,9,0,17,0,0,0,0,0,0,1,1,6,2,7,1598,1,6,5,3
2013543471813,1,9,0,17,0,0,1,0,7,4,1,1,6,1,8,2494,2,6,9,2
2013543474813,1,9,0,18,0,0,2,0,7,1,4,1,6,1,4,1794,1,12,8,1
2013543488113,1,3,0,9,0,5,0,0,0,0,3,1,6,1,4,124,1,-1,5,2
2013543488113,2,9,0,9,0,6,0,0,0,0,1,1,6,1,9,998,1,-1,9,1
2013543509413,1,9,0,18,0,0,1,0,2,1,1,1,6,2,10,1400,1,6,9,1
2013543530313,1,9,0,3,0,1,0,0,0,0,2,1,1,2,8,1149,1,2,8,1
2013543530313,2,9,0,18,0,1,0,0,0,0,1,1,6,2,4,1242,1,5,2,1
2013543537413,1,9,0,9,0,5,5,0,0,0,1,1,6,2,4,1198,1,7,9,1
2013543537413,2,9,0,18,0,8,0,0,0,0,1,1,6,1,10,1590,1,8,8,1
2013543552313,1,9,0,18,0,0,0,0,0,0,3,1,6,2,7,1390,1,15,6,1
2013543552313,2,9,0,18,0,0,0,0,0,0,3,1,6,3,-1,-1,-1,-1,-1,-1
2013543571813,1,9,0,6,0,0,0,0,0,0,4,1,1,1,8,-1,-1,-1,-1,-1
2013543571813,2,9,0,17,0,0,0,0,0,0,1,1,2,1,4,1242,1,11,4,1
2013543591013,1,9,0,10,0,8,0,0,0,0,2,1,6,1,8,1997,2,4,9,1
2013543591013,2,5,0,18,0,1,1,0,0,0,1,1,6,1,7,599,1,3,10,2
2013543598013,1,9,0,18,0,8,1,0,1,0,1,1,6,1,4,1587,1,15,10,1
2013543598013,2,9,0,5,0,6,0,0,7,10,4,1,6,2,9,1598,1,16,8,1
2013543609113,1,9,0,4,0,1,0,0,0,0,1,1,6,1,7,2099,1,8,9,1
2013543609113,2,9,0,3,0,1,0,0,0,0,2,1,6,1,7,1597,1,14,9,1
2013543609213,1,19,0,16,0,0,1,10,0,0,3,1,1,1,6,1868,2,9,6,3
2013543609213,2,9,0,17,0,0,0,0,0,0,3,1,2,2,7,1124,1,11,7,3
2013543609313,1,9,0,18,0,1,0,0,0,0,1,1,1,2,7,1997,2,1,7,1
2013543609313,2,9,0,3,0,1,0,0,0,0,2,1,6,2,8,1800,1,13,5,1
2013543609313,3,9,0,3,0,1,0,0,0,0,2,1,1,2,5,1397,1,4,7,3
2013543626513,1,9,0,18,0,0,0,0,0,0,3,1,6,1,9,1229,1,-1,5,1
2013543628013,1,1,0,18,0,2,0,0,0,0,3,1,2,1,8,-1,-1,-1,8,1
2013543628013,2,9,0,13,0,2,0,0,0,0,4,1,6,1,10,1799,1,3,8,2
2013543649813,1,9,0,13,0,2,0,0,0,0,4,1,6,3,-1,-1,-1,-1,-1,-1
2013543649813,2,1,0,18,0,2,0,0,0,0,3,1,6,1,6,-1,-1,-1,10,1
2013543663013,1,11,0,3,0,0,0,0,0,0,0,1,1,2,8,4250,2,14,5,1
2013543663013,2,9,0,18,0,0,0,0,0,0,1,1,6,1,7,1895,1,13,6,3
2013543663013,3,19,0,3,0,0,0,0,0,0,1,1,6,1,5,2402,2,7,9,3
2013543665813,1,9,0,9,0,4,0,0,0,0,3,1,2,2,6,1587,1,10,8,1
2013543665813,2,9,0,18,0,8,0,0,0,0,1,1,2,2,4,998,1,4,8,2
2013543669913,1,9,0,7,0,2,0,4,0,0,1,1,6,1,7,1995,2,2,7,2
2013543669913,2,9,0,2,0,2,0,0,7,0,2,1,6,2,10,1206,1,2,8,2
2013543680013,1,9,0,12,0,8,0,0,0,0,0,1,6,1,7,4497,1,1,10,3
2013543680013,2,5,0,18,0,8,0,10,0,0,3,1,6,1,7,1002,1,16,9,1
2013543684913,1,1,0,9,0,8,0,0,0,0,2,1,6,2,6,-1,-1,-1,5,1
2013543684913,2,9,0,7,0,4,0,0,0,0,1,1,6,1,11,1910,2,7,4,1
2013543686013,1,9,0,17,0,0,0,4,0,0,1,1,6,2,9,998,1,2,6,2
2013543686013,2,9,0,2,0,0,0,0,0,0,2,1,6,1,9,1248,1,4,3,1
2013543689413,1,19,0,7,0,5,0,0,0,0,4,1,6,3,-1,-1,-1,-1,-1,-1
2013543689413,2,1,0,18,0,1,0,0,0,0,1,1,6,1,7,-1,-1,-1,8,3
2013543709013,1,3,0,16,0,0,1,0,0,0,1,1,6,2,4,124,1,12,10,2
2013543709013,2,9,0,17,0,0,0,0,0,0,3,1,6,2,8,1596,1,4,10,2
2013543718113,1,9,0,2,0,0,0,0,0,0,3,1,6,2,7,1598,1,10,9,1
2013543718113,2,2,0,14,0,0,0,4,0,0,4,1,6,1,4,-1,-1,-1,-1,-1
2013543721013,1,9,0,18,0,1,0,0,0,0,1,1,6,2,4,1360,1,11,7,2
2013543721013,2,9,0,3,0,1,0,0,0,0,2,1,6,1,7,1994,2,10,-1,1
2013543730613,1,9,0,18,0,8,0,0,0,0,1,1,3,1,7,1595,1,13,6,1
2013543730613,2,9,0,9,0,6,0,0,0,0,3,1,1,1,8,1910,2,6,10,2
2013543735913,1,9,0,13,0,0,0,0,4,6,1,1,6,1,8,1396,1,12,3,1
2013543735913,2,21,0,18,0,0,0,0,0,0,3,1,1,1,8,12900,2,4,8,2
2013543740613,1,9,0,10,0,1,0,0,0,0,2,1,6,2,11,1124,1,16,7,1
2013543740613,2,19,0,18,0,1,0,0,0,0,1,1,1,1,6,1461,2,10,10,1
2013543741013,1,9,0,5,0,6,0,0,0,0,1,1,2,1,6,1124,1,9,3,1
2013543741013,2,19,0,18,0,8,0,0,0,0,4,1,6,2,7,3920,2,12,8,3
2013543745313,1,5,0,16,0,1,0,0,4,6,3,1,6,1,8,781,1,10,9,3
2013543750713,1,2,0,15,0,0,0,0,1,4,3,1,6,1,4,49,1,6,7,3
2013543750713,2,2,0,18,0,0,0,0,0,0,4,1,6,1,4,49,1,2,7,2
2013543751813,1,2,0,18,0,2,0,0,0,0,1,1,6,1,4,50,1,5,5,1
2013543751813,2,9,0,3,0,2,0,0,0,0,2,1,6,2,8,1386,1,7,8,1
2013543775413,1,9,0,3,0,0,0,0,0,0,2,1,6,2,4,1299,1,11,6,1
2013543775413,2,9,0,4,0,0,0,0,0,0,1,1,6,2,6,1968,2,7,9,1
2013543777113,1,9,0,18,0,4,0,0,0,0,1,1,2,1,8,1796,1,13,5,1
2013543777113,2,9,0,18,0,8,0,0,0,0,4,1,2,1,6,1299,1,15,2,1
2013543781213,1,9,0,13,0,0,0,10,1,4,1,1,6,2,5,2401,2,9,9,1
2013543781213,2,9,0,18,0,0,0,0,0,0,0,1,6,1,8,1995,2,1,10,1
2013543799113,1,19,0,4,0,0,0,0,0,0,1,1,2,1,8,1753,2,12,5,1
2013543799113,2,9,0,3,0,0,0,0,0,0,2,1,6,2,4,973,1,12,8,1
2013543799713,1,9,0,10,0,1,0,0,0,0,2,1,6,2,8,2435,1,14,8,2
2013543799713,2,9,0,18,0,1,0,0,0,0,1,1,6,1,5,1396,1,14,7,3
2013543819513,1,9,0,18,0,2,5,0,5,1,1,1,6,1,5,1598,1,3,10,2
2013543819513,2,9,0,18,0,2,0,0,0,0,3,1,6,1,11,1997,1,12,1,1
2013543837713,1,8,0,4,0,0,0,0,0,0,1,1,1,2,8,1769,1,11,5,1
2013543837713,2,9,0,3,0,0,0,0,0,0,2,1,6,2,7,1248,2,5,8,1
2013543850413,1,1,0,15,0,0,0,8,0,0,3,1,6,2,7,-1,-1,-1,5,1
2013543850413,2,9,0,3,0,0,0,0,0,0,4,1,6,2,5,-1,-1,-1,6,3
2013543874513,1,9,0,5,0,0,0,0,0,0,4,1,1,2,8,1497,8,5,5,1
2013543879713,1,9,0,17,0,8,5,10,2,1,1,1,6,1,4,1995,2,5,10,2
2013543888013,1,19,0,12,0,0,0,0,0,0,3,1,1,1,9,2198,2,-1,9,1
2013543888013,2,5,0,13,0,0,1,0,0,0,4,1,2,1,6,670,1,1,10,2
2013543895413,1,19,0,5,0,0,0,0,0,0,3,1,1,1,8,2500,2,1,6,1
2013543901613,1,9,0,16,0,2,2,0,7,9,1,1,6,2,11,1598,1,10,8,3
2013543901613,2,9,0,17,0,1,0,0,0,0,3,1,6,2,8,1598,1,-1,3,1
2013543901613,3,9,0,17,0,1,0,0,0,0,1,1,6,2,9,2497,2,7,8,2
2013543902013,1,19,0,9,0,6,0,0,0,0,0,1,6,3,-1,-1,-1,-1,-1,-1
2013543902013,2,11,0,18,0,1,0,0,0,0,0,1,1,1,7,4250,2,11,5,1
2013543909913,1,9,0,3,0,1,0,0,0,0,2,1,6,2,6,1753,2,10,9,1
2013543909913,2,9,0,4,0,1,0,0,0,0,1,1,6,1,4,1124,1,12,10,1
2013543913413,1,9,0,3,0,2,0,0,0,0,2,1,6,1,10,1560,2,5,10,1
2013543913413,2,9,0,3,0,2,0,0,0,0,2,1,6,2,8,1798,1,8,4,1
2013543913413,3,9,0,18,0,2,0,0,0,0,1,1,6,2,9,1795,1,14,4,1
2013543932413,1,9,0,13,0,0,2,10,7,0,1,1,6,1,6,998,1,10,2,1
2013543932413,2,19,0,18,0,0,0,0,0,0,0,1,6,1,10,-1,-1,-1,9,1
2013543935413,1,9,0,7,0,6,1,0,0,0,1,1,6,1,5,2979,1,10,7,2
2013543935413,2,9,0,13,0,1,0,0,1,1,1,1,6,1,10,2498,2,13,5,3
2013543935413,3,9,0,18,0,1,0,0,0,0,0,1,6,1,10,1798,1,3,4,1
2013543947013,1,9,0,7,0,5,0,0,0,0,4,1,6,1,5,998,1,2,8,1
2013543947013,2,1,0,18,0,8,0,0,1,0,1,1,6,1,7,-1,-1,-1,9,1
2013543952113,1,9,0,18,9,0,0,0,0,0,4,1,6,3,-1,-1,-1,-1,-1,-1
2013543965913,1,9,0,17,0,0,0,0,1,11,1,1,6,2,8,1598,1,7,4,1
2013543987313,1,9,0,18,0,0,0,0,0,0,4,1,3,2,6,1398,1,13,10,3
2013543988113,1,9,0,3,0,1,0,0,0,0,2,1,6,1,6,2198,1,12,10,1
2013543988113,2,9,0,18,0,1,0,0,0,0,1,1,6,1,5,1275,1,13,6,1
2013543993313,1,19,0,18,0,0,1,0,0,0,1,1,1,1,6,1997,2,8,4,2
2013543993313,2,9,0,3,0,0,0,0,0,0,2,1,1,1,7,1998,2,6,-1,1