Accident_Index,Vehicle_Reference,Vehicle_Type,Towing_and_Articulation,Vehicle_Manoeuvre,Vehicle_Location-Restricted_Lane,Junction_Location,Skidding_and_Overturning,Hit_Object_in_Carriageway,Vehicle_Leaving_Carriageway,Hit_Object_off_Carriageway,1st_Point_of_Impact,Was_Vehicle_Left_Hand_Drive?,Journey_Purpose_of_Driver,Sex_of_Driver,Age_Band_of_Driver,Engine_Capacity_(CC),Propulsion_Code,Age_of_Vehicle,Driver_IMD_Decile,Driver_Home_Area_Type
2013545251113,1,9,0,18,0,0,0,0,1,11,1,1,6,1,6,1679,1,13,3,1
2013545269313,1,9,0,18,0,0,0,4,1,0,1,1,6,1,9,1248,1,-1,10,3
2013545269313,2,9,0,2,6,0,0,0,1,4,2,1,6,1,10,1197,1,3,8,3
2013545276613,1,9,0,13,0,0,0,0,0,0,4,1,6,1,7,2982,2,9,5,2
2013545276613,2,1,0,18,0,0,0,0,0,0,3,1,6,1,4,-1,-1,-1,9,2
2013545276913,1,9,0,16,0,0,0,0,7,9,1,2,1,2,8,-1,-1,-1,7,1
2013545278113,1,9,0,9,0,6,0,0,0,0,1,1,6,1,7,1995,2,8,10,2
2013545278113,2,4,0,18,0,8,0,0,0,0,1,1,6,1,7,124,1,6,9,1
2013545287913,1,1,0,5,0,0,0,0,0,0,3,1,2,2,6,-1,-1,-1,5,1
2013545287913,2,9,0,18,0,0,0,0,0,0,1,1,1,1,6,1598,2,1,6,1
2013545295713,1,19,0,16,0,0,0,0,0,0,4,1,6,3,-1,-1,-1,-1,-1,-1
2013545295713,2,1,0,16,0,0,0,0,0,0,3,1,6,2,6,-1,-1,-1,7,3
2013545303713,1,9,0,12,0,8,0,0,0,0,3,1,6,2,4,1390,1,8,7,3
2013545303713,2,5,0,18,0,8,0,0,0,0,1,1,6,1,7,1298,1,5,-1,-1
2013545308613,1,9,0,11,0,0,0,0,4,6,1,1,6,1,11,1997,2,1,-1,3
2013545308613,2,21,1,18,0,0,0,0,0,0,2,1,1,1,6,11705,2,6,4,2
2013545312513,1,9,0,5,0,6,0,0,0,0,1,1,6,2,11,1386,1,4,5,1
2013545312513,2,9,0,18,0,8,0,0,1,0,3,1,2,1,9,1124,1,15,5,2
2013545320613,1,9,0,18,0,0,2,0,0,0,1,1,6,1,9,1968,2,4,7,3
2013545320613,2,21,1,18,0,0,1,0,7,7,1,1,1,1,9,10518,2,5,5,3
2013545320613,3,9,0,18,0,0,0,0,0,0,1,1,6,2,8,1679,1,15,7,2
2013545322913,1,9,0,16,0,0,5,0,1,10,1,1,6,1,-1,954,1,13,-1,-1
2013545350713,1,9,0,18,0,8,0,0,1,11,1,1,6,1,8,1910,2,7,6,1
2013545350713,2,9,0,9,0,6,0,0,1,0,2,1,6,1,9,2231,2,7,8,3
2013545365613,1,9,0,9,0,6,0,0,0,0,3,1,6,1,11,1400,1,6,9,3
2013545365613,2,5,0,18,0,8,1,0,0,0,1,1,6,1,7,998,1,11,3,1
2013545366813,1,1,0,18,0,0,0,4,0,0,1,1,6,1,6,-1,-1,-1,6,3
2013545366813,2,19,0,2,0,0,0,0,0,0,2,1,6,1,6,2402,2,6,5,1
2013545366813,3,9,0,13,0,0,0,0,0,0,0,1,6,3,-1,-1,-1,-1,-1,-1
2013545385413,1,9,3,13,0,0,1,0,4,6,3,1,6,2,7,-1,-1,-1,3,1
2013545386413,1,3,0,14,0,2,0,0,0,0,1,1,6,1,4,125,1,1,9,1
2013545386413,2,19,0,18,0,1,0,0,0,0,1,1,6,1,8,1870,2,9,8,1
2013545386713,1,9,0,9,0,5,0,0,0,0,1,1,1,2,5,1248,2,9,2,1
2013545386713,2,9,0,18,0,8,0,0,0,0,1,1,6,1,8,1870,2,11,8,2
2013545391313,1,1,0,18,0,2,0,0,0,0,3,1,6,2,5,-1,-1,-1,7,1
2013545391313,2,9,0,13,0,2,0,0,0,0,4,1,6,1,-1,-1,-1,-1,-1,-1
2013545397013,1,9,0,18,0,8,0,0,0,0,4,1,2,2,7,1598,1,5,5,3
2013545397013,2,9,0,9,0,6,0,0,0,0,1,1,6,1,10,1595,1,11,-1,-1
2013545401413,1,9,0,18,0,1,0,0,0,0,1,1,1,1,9,-1,-1,-1,9,3
2013545401413,2,9,0,3,0,1,0,0,0,0,2,1,6,2,9,1997,2,9,7,1
2013545403413,1,9,0,18,0,4,0,0,0,0,1,1,2,1,8,-1,-1,-1,8,1
2013545403413,2,2,0,18,0,8,0,0,0,0,2,1,6,2,8,49,1,10,10,1
2013545422913,1,2,0,16,0,0,1,0,1,0,4,1,6,1,4,49,1,14,9,3
2013545441113,1,9,0,5,0,1,0,0,0,0,1,1,6,2,9,1560,2,7,8,1
2013545441113,2,1,0,18,0,6,0,0,0,0,1,1,2,1,4,-1,-1,-1,10,2
2013545445213,1,19,0,13,0,0,2,10,1,10,1,1,1,1,7,1995,2,-1,9,2
2013545452813,1,21,0,5,0,0,0,0,0,0,2,1,1,1,6,12777,2,2,3,1
2013545452813,2,21,0,5,0,0,0,0,0,0,2,1,1,1,7,12777,2,-1,3,1
2013545452813,3,21,0,18,0,0,1,0,0,0,1,1,1,1,8,12777,2,-1,7,1
2013545459313,1,9,0,3,0,0,0,0,0,0,2,1,2,1,7,1998,1,8,9,1
2013545459313,2,19,0,4,0,0,1,0,0,0,1,1,2,1,7,2460,2,9,9,1
2013545475813,1,9,0,18,0,1,0,0,0,0,1,1,6,2,7,2362,1,10,6,3
2013545475813,2,9,0,3,0,1,0,0,0,0,2,1,6,2,10,1198,1,7,6,3
2013545475813,3,9,0,3,0,1,0,0,0,0,2,1,6,2,11,1275,1,16,6,1
2013545478913,1,9,0,4,0,1,0,0,0,0,1,1,6,2,6,1360,1,6,9,3
2013545478913,2,9,0,3,0,1,0,0,0,0,2,1,6,1,7,1995,2,3,10,1
2013545480313,1,9,0,16,0,0,2,0,1,10,1,1,6,1,8,1596,1,12,5,2
2013545482413,1,9,0,16,0,0,0,0,0,0,3,1,6,3,-1,-1,-1,-1,-1,-1
2013545482413,2,9,0,17,0,0,0,0,0,0,3,1,6,2,7,1896,2,12,9,3
2013545503813,1,9,0,9,0,5,0,0,0,0,1,1,6,1,8,1598,2,3,6,3
2013545503813,2,9,0,17,0,8,0,0,0,0,3,1,6,2,8,998,1,3,6,2
2013545520813,1,3,0,3,0,1,0,0,0,0,3,1,2,1,9,85,1,20,3,1
2013545520813,2,9,0,5,0,1,0,0,0,0,4,1,2,1,7,1968,2,3,2,1
2013545523713,1,9,0,18,0,1,1,7,0,0,1,1,6,1,10,1560,2,3,9,1
2013545526613,1,3,0,17,0,0,1,0,0,0,3,1,6,1,4,124,1,-1,2,1
2013545539213,1,9,0,18,0,6,1,0,0,0,1,1,1,1,6,1598,1,6,7,2
2013545539213,2,9,0,18,0,8,0,0,7,4,4,1,1,2,9,1360,1,10,9,2
2013545546413,1,9,0,5,0,4,0,0,0,0,1,1,6,1,7,1149,1,2,8,1
2013545546413,2,9,0,4,0,4,0,0,0,0,2,1,6,3,-1,-1,-1,-1,-1,-1
2013545551113,1,9,0,5,0,4,0,0,0,0,1,1,2,2,6,698,1,8,7,3
2013545551113,2,9,0,3,0,4,0,0,0,0,2,1,6,2,6,1995,2,10,6,1
2013545559313,1,9,0,18,0,2,0,0,0,0,1,1,6,1,8,1951,2,12,9,1
2013545559313,2,9,0,4,0,2,0,0,0,0,2,1,6,1,6,1995,2,10,2,1
2013545563213,1,9,4,18,0,0,5,0,4,6,3,1,1,1,7,2495,2,12,8,2
2013545569113,1,9,0,9,0,4,0,0,0,0,3,1,6,2,4,1242,1,14,6,1
2013545569113,2,9,0,18,0,8,0,0,0,0,1,1,6,2,9,1991,2,4,3,1
2013545578613,1,9,0,18,0,1,0,0,0,0,1,1,6,2,8,1988,1,16,8,1
2013545578613,2,5,0,4,0,1,0,0,0,0,2,1,6,1,8,748,1,15,10,1
2013545579513,1,19,0,4,0,8,0,0,7,11,1,1,6,1,9,1753,2,7,7,3
2013545581113,1,9,0,9,0,6,0,0,0,0,1,1,6,1,10,1896,2,4,5,1
2013545581113,2,19,0,18,0,8,5,0,0,0,4,1,6,1,6,1870,2,13,8,1
2013545582613,1,3,0,16,0,0,1,0,0,0,1,1,6,1,4,124,1,4,9,1
2013545582613,2,19,0,17,0,0,0,0,0,0,1,1,6,1,6,2148,2,8,6,3
2013545595313,1,9,0,18,0,0,0,0,0,0,1,1,6,1,7,1560,2,5,9,1
2013545595313,2,9,0,18,0,0,0,0,0,0,1,1,6,1,10,2143,2,-1,9,2
2013545598313,1,9,0,5,0,0,0,0,0,0,4,1,6,1,-1,1895,1,14,-1,-1
2013545610213,1,9,0,18,0,3,1,7,0,0,1,1,6,2,5,1796,1,15,6,3
2013545610313,1,9,0,9,0,6,0,0,0,0,3,1,6,1,9,3387,1,12,6,1
2013545610313,2,9,0,18,0,8,1,0,0,0,1,1,6,1,9,4941,1,12,8,2
2013545615213,1,1,0,17,0,0,0,0,0,0,3,1,6,1,4,-1,-1,-1,5,1
2013545615213,2,9,0,16,0,0,0,0,0,0,1,1,6,1,4,1360,1,9,6,3
2013545625713,1,19,0,9,0,6,0,0,0,0,1,1,1,1,8,1997,2,9,8,1
2013545625713,2,1,0,18,0,8,0,0,0,0,3,1,4,1,3,-1,-1,-1,6,3
2013545633013,1,21,0,18,0,0,1,0,0,0,1,1,1,1,10,-1,-1,-1,3,1
2013545633013,2,19,4,3,0,0,0,0,1,0,2,1,1,1,7,2402,2,8,10,1
2013545633013,3,9,0,3,0,0,0,0,0,0,2,1,2,2,6,1600,2,3,9,3
2013545633213,1,9,0,5,0,6,0,0,1,11,3,1,6,2,7,1299,1,16,6,1
2013545633213,2,9,0,16,0,8,0,0,0,0,1,1,6,1,6,1761,1,13,9,3
2013545637213,1,9,0,3,0,0,0,0,0,0,2,1,6,1,6,-1,-1,-1,8,3
2013545637213,2,9,0,18,0,0,0,0,0,0,1,1,6,2,-1,1994,2,14,-1,-1
2013545646913,1,9,0,12,0,0,0,0,0,0,3,1,6,1,5,1587,1,12,10,2
2013545646913,2,5,0,13,0,0,0,0,0,0,1,1,6,1,7,600,1,15,5,1
2013545653613,1,9,0,9,0,6,0,0,0,0,1,1,1,2,6,1198,1,8,8,1
2013545671913,1,9,0,9,0,8,0,0,0,0,1,1,2,2,9,1198,1,8,5,1
2013545671913,2,9,0,18,0,4,0,0,0,0,3,1,3,2,7,1753,2,9,8,1
2013545693513,1,9,0,18,0,0,0,0,0,0,1,1,6,1,4,1360,1,18,7,3
2013545694313,1,5,0,13,0,8,0,0,7,0,4,1,6,1,8,1002,1,13,7,3
2013545694313,2,17,5,9,0,5,0,0,0,0,3,1,1,1,9,-1,2,15,8,2
2013545727913,1,9,0,18,0,2,0,0,0,0,1,1,6,1,-1,-1,-1,-1,-1,-1
2013545727913,2,1,0,18,0,6,0,0,0,0,3,1,4,2,3,-1,-1,-1,3,1
2013545737713,1,9,0,16,0,8,1,10,7,11,1,1,6,1,7,3179,1,9,10,3
2013545777113,1,19,0,9,0,6,0,0,0,0,3,1,1,1,8,2143,2,3,3,1
2013545777113,2,19,0,18,0,8,0,0,0,0,1,1,6,1,8,2464,2,6,5,2
2013545777113,3,9,0,18,0,1,0,0,7,0,1,1,6,2,5,1360,1,11,9,1
2013545778013,1,9,0,16,0,0,5,0,7,9,1,1,6,1,5,1988,1,10,4,1
2013545778013,2,9,0,13,0,0,0,0,0,0,0,1,6,3,-1,-1,-1,-1,-1,-1
2013545778013,3,1,0,17,0,0,0,0,0,0,0,1,6,3,-1,-1,-1,-1,-1,-1
2013545784313,1,9,0,18,0,1,0,0,0,0,1,1,6,1,4,899,1,19,7,3
2013545784313,2,9,0,3,0,1,0,0,0,0,2,1,6,1,5,1124,1,13,10,1
2013545790413,1,9,0,18,0,0,5,0,5,6,3,1,6,2,6,1560,2,8,10,2
2013545793213,1,4,0,4,0,0,0,0,0,0,4,1,6,2,8,279,1,5,5,1
2013545823713,1,9,0,18,0,1,0,0,0,0,1,1,6,1,10,1995,2,9,7,3
2013545823713,2,9,0,3,0,1,0,0,0,0,2,1,2,1,6,1390,1,12,2,1
2013545823713,3,9,0,3,0,1,0,0,0,0,2,1,6,2,6,1398,2,8,7,3
2013545830113,1,9,0,16,0,0,2,0,0,0,1,1,6,2,5,1086,1,5,9,3
2013545833613,1,9,0,4,0,0,1,0,0,0,1,1,6,1,9,-1,-1,-1,10,3
2013545833613,2,11,0,4,0,0,0,4,0,0,1,1,1,1,7,4250,2,7,7,1
2013545833613,3,9,0,2,6,0,0,0,0,0,2,1,6,3,-1,999,1,11,-1,-1
2013545836813,1,9,0,9,0,4,0,0,0,0,3,1,6,2,7,1968,2,3,4,1
2013545836813,2,9,0,18,0,8,0,0,0,0,1,1,6,1,5,1998,1,8,9,1
2013545841713,1,19,0,1,0,1,0,0,0,0,2,1,6,1,6,1998,2,9,4,2
2013545847013,1,9,0,18,0,8,0,0,0,0,1,1,6,2,4,1199,1,12,8,2
2013545847013,2,9,0,9,0,5,0,0,0,0,4,1,6,2,6,1405,1,9,8,2
2013545856213,1,3,0,18,0,0,0,0,7,1,3,1,6,1,4,125,1,6,6,1
2013545859913,1,1,0,18,0,0,0,0,0,0,1,1,6,1,3,-1,-1,-1,1,1
2013545859913,2,9,0,18,0,0,0,0,0,0,1,1,6,2,-1,-1,-1,-1,-1,-1
2013545895513,1,9,0,18,0,0,0,0,0,0,1,1,6,2,9,1796,1,13,7,1
2013545895513,2,3,0,3,0,0,0,0,0,0,2,1,6,1,6,124,1,7,5,2
2013545907113,1,11,0,4,0,1,0,0,0,0,0,1,1,1,9,6370,2,7,10,1
2013545907513,1,9,0,3,0,1,0,0,0,0,2,1,6,1,7,1591,1,2,6,1
2013545907513,2,9,0,18,0,1,0,0,0,0,1,1,6,2,6,1560,2,6,9,1
2013545931713,1,9,0,6,0,8,0,0,0,0,3,1,1,1,8,2993,2,4,-1,-1
2013545931713,2,9,0,18,0,8,0,0,0,0,1,1,6,2,9,1598,1,9,8,2
2013545932713,1,5,0,5,0,4,0,0,0,0,3,1,6,1,7,1352,1,6,10,1
2013545941413,1,1,0,18,0,0,0,0,0,0,3,1,6,1,7,-1,-1,-1,4,1
2013545941413,2,11,0,18,0,0,0,0,0,0,3,1,1,1,-1,-1,-1,-1,-1,-1
2013545951813,1,9,0,18,0,0,0,0,0,0,1,1,6,2,6,1587,1,12,9,1
2013545970213,1,19,0,18,0,1,0,0,0,0,1,1,6,1,9,2143,2,2,3,1
2013545970213,2,9,0,3,0,1,0,0,0,0,2,1,6,2,7,1242,1,3,-1,-1
2013545970213,3,9,0,3,0,1,0,0,0,0,2,1,6,1,10,1560,2,3,9,3
2013545984913,1,9,0,1,0,0,0,0,0,0,2,1,6,2,8,1587,1,8,8,3
2013545993613,1,9,0,9,0,5,0,0,0,0,1,1,6,2,7,998,1,-1,10,1
2013545993613,2,1,0,3,0,1,0,0,0,0,1,1,6,1,3,-1,-1,-1,10,1
2013545999913,1,9,0,18,0,4,0,0,0,0,1,1,2,2,9,1242,1,1,1,1
2013545999913,2,1,0,18,0,8,0,0,0,0,4,1,2,1,5,-1,-1,-1,2,1
2013546000513,1,9,0,9,0,6,0,0,0,0,4,1,6,1,8,1598,1,4,5,2
2013546000513,2,9,0,18,0,8,0,0,0,0,1,1,6,1,9,1598,1,13,10,1
2013546023113,1,3,0,4,0,1,1,0,0,0,3,1,6,1,5,124,1,2,9,3
2013546025413,1,9,0,5,0,6,0,0,0,0,1,1,6,1,6,1753,2,7,5,1
2013546025413,2,9,0,18,0,8,0,0,0,0,1,1,6,2,7,1796,1,13,9,3
2013546027113,1,9,0,18,0,1,1,0,0,0,1,1,6,1,5,1900,2,14,5,1
2013546027113,2,9,0,3,0,1,0,0,0,0,2,1,6,2,9,1364,1,2,9,3
2013546028713,1,9,0,18,0,0,0,0,0,0,3,1,6,1,7,1686,2,2,9,1
2013546028713,2,9,0,17,0,0,1,0,0,0,3,1,6,1,5,-1,-1,-1,10,1
2013546037513,1,9,0,18,0,4,0,0,0,0,1,1,2,1,8,1360,1,1,2,1
2013546037513,2,1,0,18,0,8,0,0,0,0,4,1,2,1,6,-1,-1,-1,7,1
2013546052813,1,9,0,16,0,8,0,0,7,11,1,1,6,1,10,1997,1,5,9,2
2013546052813,2,9,0,17,0,8,0,0,0,0,1,1,6,1,9,1582,2,-1,8,3
2013546062513,1,9,0,13,0,0,0,0,0,0,4,1,6,1,5,1994,1,14,8,1
2013546062513,2,9,0,13,0,0,0,0,1,11,3,1,6,2,7,1968,2,4,6,3
2013546062513,3,9,4,18,0,0,5,0,7,10,3,1,6,1,9,2179,2,6,9,1
2013546063713,1,19,0,13,0,0,0,0,0,0,1,1,1,1,6,2461,2,6,-1,1
2013546063713,2,19,3,18,0,0,3,0,5,6,2,1,6,1,8,1995,2,6,9,1
2013546063713,3,9,0,13,0,0,0,0,1,0,4,1,6,2,7,1598,1,10,7,2
2013546076713,1,9,0,3,0,2,0,0,0,0,2,1,6,1,8,1390,1,9,1,1
2013546076713,2,20,0,18,0,2,1,0,0,0,1,1,1,1,6,6174,2,8,1,1
2013546084713,1,9,0,4,0,8,0,0,0,0,1,1,6,2,6,1360,1,9,1,1
2013546084713,2,1,0,18,0,6,0,0,0,0,4,1,6,1,2,-1,-1,-1,2,1
2013546084913,1,4,0,4,0,0,1,0,0,0,3,1,6,1,9,1340,1,21,3,1
2013546098113,1,9,0,16,0,2,0,0,0,0,4,1,6,1,7,2198,1,10,8,2
2013546102113,1,9,0,13,0,1,0,0,0,0,0,1,6,1,8,2231,2,8,2,3
2013546102113,2,5,0,13,0,1,0,0,0,0,3,1,6,1,7,599,1,11,4,1
2013546103413,1,5,0,16,0,0,0,0,0,0,1,1,6,2,6,636,1,11,2,1
2013546103413,2,9,0,17,0,0,0,0,0,0,1,1,6,2,8,1396,1,2,9,2
2013546110813,1,9,0,2,0,2,0,0,0,0,3,1,6,1,7,1753,2,13,6,1
2013546110813,2,9,0,14,0,2,0,4,0,0,4,1,6,1,9,3301,1,11,8,1
2013546114013,1,9,0,16,0,0,1,0,7,11,1,1,6,1,6,2997,1,11,7,3
2013546115713,1,19,0,18,0,0,0,0,0,0,1,1,1,1,8,1968,2,-1,6,1
2013546115713,2,21,1,12,0,0,0,0,0,0,0,1,1,1,6,12900,2,2,5,1
2013546115713,3,9,0,13,0,0,1,0,5,6,1,1,6,2,6,1289,1,14,6,1
2013546118213,1,9,0,18,0,0,0,0,0,0,1,1,1,1,8,2199,2,1,-1,-1
2013546118213,2,9,0,3,0,0,0,0,0,0,2,1,6,1,8,1798,1,11,7,1
2013546126413,1,9,0,18,0,1,0,0,1,5,1,1,6,1,10,1998,1,9,10,3
2013546144813,1,9,0,6,7,0,0,0,0,0,0,1,6,2,5,973,1,14,3,1
2013546144813,2,9,0,18,0,0,0,0,0,0,2,1,2,2,9,2494,1,9,8,3
2013546144813,3,9,0,18,0,0,0,0,0,0,2,1,2,1,6,2204,2,6,8,1
2013546144813,4,9,0,18,0,0,0,0,0,0,1,1,2,2,8,1596,1,4,10,1
2013546144813,5,9,0,18,0,0,0,0,0,0,1,1,2,1,6,1560,2,6,2,1
2013546182013,1,21,1,9,0,5,0,0,0,0,0,2,1,1,8,-1,-1,-1,-1,-1
2013546182013,2,9,0,18,0,8,1,0,1,0,1,1,6,1,10,1587,1,10,5,2
2013546182013,3,19,0,8,0,1,0,0,0,0,3,1,1,1,7,2198,2,4,8,3
2013546182913,1,8,0,5,0,0,0,0,0,0,1,1,1,1,-1,-1,-1,-1,-1,-1
2013546187113,1,9,0,17,0,2,5,0,1,10,4,1,6,1,8,1588,1,9,8,2
2013546187113,2,21,1,16,0,1,0,0,0,0,0,1,1,1,8,-1,-1,-1,-1,-1
2013546189213,1,9,0,16,0,0,0,0,0,0,3,1,6,1,5,954,1,17,7,3
2013546189213,2,9,0,17,0,0,0,0,0,0,3,1,1,1,8,1968,2,-1,9,1
2013546189213,3,9,0,17,0,0,0,0,1,0,1,1,6,1,9,2198,2,7,6,2
2013546190313,1,9,0,3,0,0,0,0,0,0,2,1,6,2,9,1360,1,11,6,3
2013546190313,2,19,0,4,0,0,1,0,0,0,1,1,6,1,8,1598,2,-1,8,3
2013546199913,1,9,0,16,0,0,2,0,1,4,1,1,1,2,4,1598,1,11,8,3
2013546209113,1,9,0,11,0,0,2,0,1,9,4,1,2,1,6,1596,1,1,4,1
2013546209113,2,9,0,18,0,0,2,0,1,8,3,1,2,1,8,1995,2,-1,10,1
2013546228613,1,9,0,7,0,8,0,0,0,0,4,1,6,3,-1,-1,-1,-1,-1,-1
2013546228613,2,1,0,18,0,8,0,0,0,0,1,1,4,1,3,-1,-1,-1,2,1
2013546230113,1,9,0,18,0,0,0,0,0,0,1,1,6,1,5,1796,1,9,6,1
2013546230113,2,9,0,18,0,0,0,0,0,0,1,1,6,2,8,1388,1,1,6,1
2013546234113,1,9,0,18,0,0,0,0,0,0,1,1,6,1,7,3200,2,12,5,2
2013546234113,2,9,0,4,0,0,0,0,7,11,2,1,6,1,5,2495,2,24,10,2
2013546237813,1,4,0,18,0,0,0,0,0,0,1,1,1,1,4,125,1,4,10,1
2013546241213,1,19,0,18,0,0,0,0,0,0,0,1,6,3,-1,-1,-1,-1,-1,-1
2013546241213,2,1,0,18,0,0,0,0,0,0,0,1,6,1,7,-1,-1,-1,9,2
2013546243213,1,9,0,9,0,6,0,0,0,0,1,1,6,2,11,1229,1,8,10,1
2013546243213,2,9,0,18,0,8,0,0,0,0,1,1,6,2,7,1390,1,14,9,3
2013546244713,1,2,0,13,0,8,0,0,7,0,1,1,6,1,4,124,1,1,5,1
2013546244713,2,9,0,9,0,5,0,0,0,0,3,1,6,3,-1,-1,-1,-1,-1,-1
2013546262713,1,9,0,18,0,0,0,0,0,0,1,1,3,2,8,1798,1,5,5,1
2013546271313,1,9,0,18,0,8,0,0,7,4,1,1,6,2,11,1390,1,9,10,1
2013546276513,1,9,0,13,0,0,0,0,0,0,4,1,1,1,8,2926,2,12,3,1
2013546276513,2,1,0,18,0,0,0,0,0,0,3,1,1,1,6,-1,-1,-1,8,1
2013546287813,1,21,1,11,0,0,0,0,0,0,4,1,1,1,7,11705,2,10,9,3
2013546287813,2,9,0,18,0,0,0,0,4,6,3,1,6,2,9,1493,1,41,9,2
2013546302613,1,19,0,18,0,0,0,0,0,0,4,1,1,3,-1,-1,-1,-1,-1,-1
2013546333313,1,9,0,16,0,0,5,10,7,10,3,1,2,1,8,2099,1,11,9,1
2013546348813,1,9,0,5,0,4,0,0,0,0,1,1,6,1,7,1998,1,11,10,1
2013546348813,2,9,0,3,0,4,0,0,0,0,2,1,6,2,4,1242,1,4,7,1
2013546351613,1,9,0,18,0,0,0,0,0,0,1,1,6,1,7,1796,1,13,6,3
2013546351613,2,9,0,18,0,0,0,0,0,0,1,1,6,1,5,1149,1,10,5,1
2013546351613,3,9,0,3,0,0,0,0,0,0,2,1,6,1,7,1781,1,21,5,1
2013546355413,1,5,0,17,0,8,1,0,1,0,4,1,6,1,8,849,1,3,6,1
2013546357813,1,5,0,17,0,8,0,0,1,0,1,1,6,1,8,998,1,6,6,1
2013546366113,1,9,0,18,0,0,2,0,1,0,1,1,6,1,6,1781,1,13,4,1
2013546374313,1,19,0,7,0,1,0,0,0,0,4,1,1,1,9,2464,2,6,5,1
2013546374313,2,1,0,18,0,1,0,0,0,0,1,1,6,2,7,-1,-1,-1,6,1
2013546393113,1,9,0,6,0,8,0,0,0,0,4,1,6,1,11,1390,1,4,8,2
2013546393113,2,5,0,13,0,8,0,0,0,0,3,1,6,1,4,599,1,15,10,1
2013546411713,1,9,0,17,0,1,0,0,0,0,1,1,1,1,9,1997,2,2,6,1
2013546411713,2,9,0,17,0,1,0,0,0,0,3,1,1,2,6,2000,1,8,7,2
2013546411713,3,16,0,16,0,1,0,0,0,0,1,1,6,2,8,-1,-1,-1,8,3
2013546427913,1,9,0,5,0,4,0,0,0,0,3,1,2,2,7,1995,2,1,9,3
2013546427913,2,1,0,18,0,8,0,0,0,0,1,1,2,1,6,-1,-1,-1,9,2
2013546447613,1,9,0,3,0,6,0,0,0,0,0,1,6,2,5,1299,1,8,-1,1
2013546447613,2,9,0,18,0,8,0,0,0,0,3,1,6,1,6,1590,1,8,4,1
2013546447613,3,9,0,18,0,8,0,0,0,0,3,1,6,1,7,1560,2,-1,4,1
2013546461813,1,9,0,18,0,0,0,0,1,1,4,1,2,2,5,1149,1,2,7,3
2013546469713,1,9,0,18,0,0,0,0,0,0,4,1,6,2,10,1199,1,9,10,1
2013546479413,1,9,0,13,0,0,0,0,0,0,1,1,2,2,8,1560,2,7,10,2
2013546479413,2,1,0,18,0,0,0,0,0,0,2,1,6,2,8,-1,-1,-1,7,2
2013546490113,1,3,0,4,0,1,0,10,0,0,4,1,6,2,4,125,1,-1,1,1
2013546490113,2,4,0,4,0,1,0,0,0,0,3,1,6,2,4,487,1,6,8,1
2013546503113,1,9,0,7,0,5,0,0,1,0,2,1,1,1,8,948,1,-1,10,1
2013546503113,2,19,0,18,0,8,0,0,0,0,1,1,1,1,7,2402,2,6,7,2
2013546537813,1,9,0,18,0,6,0,0,3,10,4,1,6,2,6,1598,1,12,6,1
2013546537813,2,19,0,18,0,8,1,0,0,0,1,1,1,1,7,1686,2,5,9,1
2013546538413,1,9,0,18,0,0,2,0,0,0,1,1,2,1,5,1149,1,14,8,1
2013546538413,2,9,0,18,0,0,0,0,0,0,1,1,2,2,7,1587,1,7,5,1
2013546539913,1,9,0,4,0,2,0,0,0,0,1,1,6,2,9,1242,1,9,9,3
2013546539913,2,9,0,3,0,2,0,0,0,0,2,1,6,2,11,1598,1,6,6,3
2013546543513,1,9,0,5,0,1,0,0,0,0,1,1,6,2,-1,-1,-1,-1,-1,-1
2013546543513,2,1,0,5,0,6,0,0,0,0,1,1,1,1,6,-1,-1,-1,7,1
2013546551313,1,9,0,18,0,0,5,10,1,10,1,1,6,2,5,2000,1,13,10,2
2013546551313,2,9,0,13,0,0,0,0,0,0,0,1,6,3,-1,-1,-1,-1,-1,-1
2013546552613,1,9,0,9,0,6,0,0,0,0,1,1,6,2,9,2143,2,2,10,1
2013546552613,2,9,0,18,0,8,0,0,0,0,4,1,6,2,7,1598,1,2,9,1
2013546563413,1,9,0,18,0,0,0,0,4,6,1,1,2,1,7,2199,2,-1,-1,2
2013546563413,2,9,0,3,0,0,0,0,0,0,2,1,2,1,7,1995,2,-1,10,3
2013546571213,1,9,0,18,0,1,0,0,0,0,1,1,6,1,5,1596,1,22,8,2
2013546576813,1,8,0,5,0,1,0,0,0,0,1,1,1,1,7,-1,-1,-1,1,1
2013546576813,2,9,0,3,0,1,0,0,0,0,2,1,6,2,6,-1,-1,-1,1,1
2013546578513,1,9,0,18,0,1,0,0,0,0,1,1,6,2,8,1149,1,3,8,1
2013546578513,2,9,0,3,0,1,0,0,0,0,2,1,6,2,5,1995,2,2,10,3
2013546581013,1,9,0,16,0,0,2,0,7,0,1,1,6,1,6,1396,1,12,9,1
2013546582013,1,9,0,18,0,0,2,0,7,9,1,1,6,1,5,1299,1,12,10,3
2013546586113,1,9,0,4,0,1,0,0,0,0,1,1,6,1,6,1796,1,10,9,1
2013546586113,2,9,0,12,0,1,0,0,0,0,2,1,6,1,5,1360,1,14,1,1