Accident_Index,Vehicle_Reference,Vehicle_Type,Towing_and_Articulation,Vehicle_Manoeuvre,Vehicle_Location-Restricted_Lane,Junction_Location,Skidding_and_Overturning,Hit_Object_in_Carriageway,Vehicle_Leaving_Carriageway,Hit_Object_off_Carriageway,1st_Point_of_Impact,Was_Vehicle_Left_Hand_Drive?,Journey_Purpose_of_Driver,Sex_of_Driver,Age_Band_of_Driver,Engine_Capacity_(CC),Propulsion_Code,Age_of_Vehicle,Driver_IMD_Decile,Driver_Home_Area_Type
201354A336813,1,9,0,9,0,5,0,0,0,0,3,1,6,1,-1,-1,-1,-1,-1,-1
201354A336813,2,1,0,13,0,1,0,0,0,0,1,1,6,1,4,-1,-1,-1,5,1
201354A342513,1,9,0,18,0,0,0,0,7,9,1,1,6,1,8,1368,1,4,3,1
201354A356713,1,19,0,18,0,1,0,0,0,0,1,1,1,1,6,2402,2,6,9,1
201354A356713,2,9,0,10,0,1,0,0,0,0,2,1,1,1,6,1598,1,12,8,1
201354A357713,1,21,0,1,9,5,0,0,0,11,2,1,1,1,7,10837,2,-1,2,1
201354A360113,1,19,0,5,0,0,0,0,0,0,3,1,6,1,4,1700,2,16,5,1
201354A360113,2,9,0,18,0,0,0,0,0,0,1,1,6,1,7,1783,1,9,3,1
201354A360113,3,19,0,18,0,0,1,0,1,10,1,1,2,1,6,2400,2,10,7,1
201354A362013,1,9,0,18,0,1,0,0,0,0,1,1,6,2,8,1199,1,10,10,2
201354A362013,2,19,0,18,0,2,0,0,0,0,1,1,6,1,9,2198,2,3,8,2
201354A364413,1,3,0,18,0,8,0,0,0,0,1,1,6,1,4,124,1,-1,8,1
201354A364413,2,9,0,9,0,4,0,0,0,0,3,1,6,1,8,1398,2,11,9,1
201354A372813,1,21,1,18,6,0,0,4,1,0,1,1,1,1,8,12777,2,3,3,1
201354A372813,2,21,1,2,6,0,0,0,1,0,2,2,1,1,9,-1,-1,-1,-1,-1
201354A386513,1,21,1,12,0,0,0,0,0,0,3,1,1,1,7,-1,-1,-1,-1,-1
201354A386513,2,9,0,13,0,0,1,0,1,7,4,1,2,1,5,1598,1,6,9,1
201354A387313,1,9,0,9,0,6,0,0,0,0,1,1,6,1,11,1586,1,1,5,1
201354A387313,2,9,0,18,0,8,1,0,0,0,4,1,6,1,6,1753,2,14,10,1
201354A393713,1,9,0,18,0,8,0,8,0,0,4,1,6,1,11,1242,1,9,9,3
201354A393713,2,9,0,2,0,8,0,0,0,0,4,1,6,2,8,1598,1,10,9,2
201354A395413,1,9,0,16,0,0,2,0,1,11,1,1,2,1,4,1951,2,9,6,3
201354A395413,2,9,0,18,0,0,0,0,0,0,1,1,6,1,10,1242,1,4,7,3
201354A399213,1,9,0,18,0,0,5,0,0,0,4,1,2,1,4,973,1,11,10,2
201354A414213,1,9,0,18,0,2,0,0,0,0,1,1,6,1,4,1796,1,6,9,1
201354A417513,1,9,0,9,0,5,5,0,0,0,4,1,1,1,6,1560,2,1,7,2
201354A417513,2,9,0,18,0,8,0,0,0,0,1,1,6,1,11,1598,2,3,9,2
201354A431813,1,1,0,18,0,0,0,0,0,0,0,1,6,1,5,-1,-1,-1,10,3
201354A431813,2,9,0,18,0,0,1,0,0,0,1,1,2,1,6,1360,1,13,5,1
201354A431813,3,9,0,18,0,0,0,0,7,0,3,1,2,1,7,1364,1,5,8,1
201354A431813,4,9,0,13,0,0,0,0,0,0,0,1,6,3,-1,-1,-1,-1,-1,-1
201354A434413,1,9,0,13,0,0,0,0,0,0,1,1,6,1,6,4163,1,7,7,3
201354A451613,1,19,0,18,0,1,0,0,0,0,1,1,1,1,5,2300,2,7,5,1
201354A451613,2,20,0,3,0,1,0,0,0,0,2,1,1,1,7,4462,2,-1,2,1
201354A451613,3,9,0,3,0,1,0,0,0,0,2,1,6,2,6,1388,1,14,6,1
201354A454113,1,9,0,18,0,1,0,0,0,0,1,1,6,2,7,1689,2,9,9,1
201354A454113,2,9,0,3,0,1,0,0,0,0,2,1,6,1,6,1388,1,14,5,1
201354A455013,1,9,0,18,0,0,5,0,1,10,3,1,6,2,6,1598,1,11,8,1
201354A455013,2,9,0,13,0,0,0,0,0,0,4,1,6,1,4,1341,1,13,3,1
201354A462913,1,9,0,18,0,1,0,10,0,0,4,1,6,3,-1,-1,-1,-1,-1,-1
201354A479313,1,9,0,7,0,4,0,0,0,0,3,1,6,1,7,1229,1,8,4,1
201354A479313,2,9,0,18,0,8,0,0,0,0,1,1,6,1,4,1196,1,17,9,1
201354A490213,1,9,0,9,0,6,0,0,0,0,3,1,2,2,5,1598,1,11,7,3
201354A490213,2,9,0,18,0,8,1,0,0,0,1,1,2,1,8,1598,1,13,9,1
201354A491213,1,9,0,13,0,0,2,10,1,9,4,1,2,2,8,1896,2,12,10,2
201354A491213,2,21,1,18,0,0,1,0,0,0,1,1,1,1,6,11946,2,4,6,3
201354A492013,1,21,0,4,0,0,0,0,0,0,1,1,1,1,8,11967,2,10,9,2
201354A492013,2,19,0,3,0,0,0,0,0,0,2,1,2,1,6,1998,2,11,5,2
201354A492013,3,9,0,3,0,0,0,0,1,0,2,1,2,1,8,1248,2,2,9,2
201354A492013,4,9,0,3,0,0,0,0,0,0,2,1,6,2,8,1275,1,19,4,3
201354A492013,5,9,0,3,0,0,0,0,0,0,2,1,6,2,8,1998,2,1,8,3
201354A496513,1,9,0,10,0,1,0,0,0,0,2,1,6,1,6,1149,1,10,5,1
201354A496513,2,9,0,18,0,1,1,0,1,0,1,1,6,2,8,1108,1,9,8,3
201354A496613,1,11,0,4,0,1,0,0,0,0,1,1,1,1,9,4250,2,11,2,1
201354A496613,2,9,0,3,0,1,0,0,0,0,2,1,6,1,11,1997,2,9,9,3
201354A496613,3,9,0,3,0,1,0,0,0,0,2,1,6,1,6,2993,2,9,6,3
201354A525113,1,9,0,10,0,1,0,0,0,0,2,1,6,2,4,1390,1,5,10,2
201354A525113,2,9,0,10,0,1,0,0,0,0,2,1,1,2,6,1596,1,8,6,1
201354A525113,3,9,0,18,0,1,0,0,0,0,1,1,6,2,10,1386,1,4,7,1
201354A528813,1,9,0,17,0,0,0,0,7,0,3,1,2,1,7,1396,1,11,9,3
201354A528813,2,21,1,16,0,0,0,0,0,0,3,1,1,1,7,11946,2,4,6,3
201354A528813,3,9,0,18,0,0,0,0,0,0,1,1,1,1,6,1998,2,3,5,1
201354A544313,1,9,0,5,0,1,0,0,0,0,1,1,6,2,8,4197,1,7,10,3
201354A544313,2,9,0,3,0,1,0,0,0,0,2,1,6,1,7,1997,2,-1,-1,3
201354A547313,1,2,0,18,0,8,1,0,0,0,4,1,6,1,4,49,1,12,8,3
201354A547313,2,9,0,9,0,6,0,0,0,0,0,1,6,2,7,1598,1,11,7,1
201354A548113,1,9,0,5,0,4,0,0,0,0,3,1,6,1,6,1324,1,11,1,1
201354A548113,2,9,0,9,0,8,0,0,0,0,1,1,6,1,9,1596,1,6,6,2
201354A553513,1,9,0,17,0,1,1,10,7,3,1,1,6,2,5,1149,1,12,6,3
201354A557213,1,11,0,18,0,8,0,0,0,0,0,1,1,2,7,6370,2,7,6,3
201354A557213,2,9,0,18,0,8,0,0,0,0,0,1,1,1,7,1956,2,2,-1,-1
201354A585513,1,9,0,9,0,5,0,0,7,0,4,1,2,2,5,1360,1,10,5,1
201354A585513,2,9,0,18,0,8,0,0,0,0,1,1,6,1,7,-1,-1,-1,7,3
201354A588113,1,9,0,17,0,2,2,0,0,0,1,1,6,2,6,1587,1,12,4,1
201354A635313,1,9,0,9,0,5,0,0,0,0,1,1,6,1,9,1991,1,13,1,1
201354A635313,2,1,0,10,0,1,0,0,0,0,1,1,6,1,7,-1,-1,-1,5,1
201354A638413,1,19,0,2,0,2,0,0,0,0,2,1,1,1,7,1248,2,5,10,1
201354A638413,2,9,0,14,0,2,0,4,0,0,1,1,1,1,5,1389,1,18,7,2
201354A639513,1,9,0,9,0,6,0,0,0,0,1,1,6,1,5,1596,1,7,10,1
201354A639513,2,9,0,18,0,8,0,0,0,0,4,1,6,2,8,1896,2,10,9,3
201354A640113,1,5,0,13,0,0,1,0,7,0,4,1,6,1,6,648,1,16,10,2
201354A640113,2,9,0,18,0,0,0,0,0,0,1,1,6,2,9,1840,1,10,10,2
201354A679113,1,9,0,18,0,0,0,0,6,0,1,1,6,1,4,1364,1,8,5,1
201354A687413,1,9,0,3,0,0,0,0,0,0,2,1,6,2,8,1598,1,8,8,1
201354A687413,2,9,0,4,0,0,0,0,0,0,2,1,6,2,9,1242,1,16,3,1
201354A687413,3,9,0,18,0,0,0,0,0,0,1,1,6,2,7,1997,1,8,6,1
201354A688413,1,9,0,1,0,2,0,0,0,0,0,1,6,1,6,1587,1,15,4,1
201354A688413,2,3,0,18,0,2,1,0,0,0,4,1,6,1,5,124,1,4,5,3
201354A689613,1,3,0,4,0,8,1,0,0,0,3,1,6,1,5,124,1,7,8,3
201354A689613,2,9,0,4,0,8,0,0,0,0,2,1,6,1,9,1968,2,-1,9,3
201354A691013,1,9,0,17,0,0,0,0,1,4,1,1,6,2,6,1951,2,8,8,1
201354A693713,1,3,0,14,0,0,0,0,0,0,1,1,6,1,-1,124,1,23,-1,-1
201354A700413,1,9,0,17,0,0,1,0,0,0,1,1,6,2,4,1149,1,8,7,1
201354A700413,2,9,0,16,0,0,1,0,0,0,1,1,6,2,6,1998,1,7,9,3
201354A702313,1,19,0,18,0,0,1,0,2,7,1,1,1,1,7,2402,2,6,1,1
201354A704613,1,9,0,18,0,0,1,0,1,11,2,1,1,2,4,1149,1,9,6,1
201354A705913,1,19,0,17,0,0,0,0,7,4,1,1,6,1,7,1896,2,7,6,3
201354A710513,1,9,0,18,0,2,0,4,0,0,1,1,6,1,7,1994,1,12,5,2
201354A710513,2,9,0,2,0,2,0,0,0,0,2,1,6,2,5,1242,1,11,8,3
201354A726213,1,3,0,4,0,8,1,0,0,0,3,1,2,1,5,124,1,10,10,1
201354A726713,1,9,0,13,0,8,0,0,0,0,4,1,6,2,5,1124,1,13,8,3
201354A726713,2,8,0,6,0,8,0,0,0,0,3,1,1,1,7,-1,-1,-1,6,1
201354A727613,1,9,0,9,0,2,0,0,0,0,2,1,3,1,6,1896,2,5,4,1
201354A727613,2,9,0,18,0,2,1,0,0,0,1,1,3,2,7,1997,2,2,7,1
201354A737313,1,9,0,18,0,4,0,0,0,0,1,1,6,1,8,1905,2,14,3,1
201354A737313,2,1,0,18,0,8,0,10,0,0,2,1,6,1,10,-1,-1,-1,8,1
201354A739413,1,9,0,13,0,0,0,0,1,11,1,1,6,1,5,1390,1,6,3,1
201354A739413,2,9,0,18,0,0,0,0,0,0,3,1,6,2,8,1968,2,-1,-1,1
201354A746613,1,11,0,8,0,1,0,0,0,0,0,1,1,1,6,3900,2,8,2,1
201354A746613,2,9,0,14,0,8,0,0,0,0,1,1,6,1,7,2902,2,5,-1,1
201354A746613,3,9,0,5,0,6,0,0,0,0,1,1,6,2,10,1149,1,4,5,3
201354A759113,1,9,0,17,0,0,0,0,0,0,1,1,2,1,5,2495,2,17,6,3
201354A759113,2,9,0,16,0,0,0,0,1,0,1,1,6,2,9,998,1,13,6,2
201354A763013,1,9,0,18,0,8,5,0,1,4,1,1,6,1,5,1597,1,9,8,1
201354A779213,1,11,0,5,0,1,0,0,0,0,1,1,1,1,9,5883,2,11,6,1
201354A779213,2,9,0,3,0,1,0,0,0,0,2,1,6,2,8,1781,1,17,6,1
201354A800313,1,9,0,5,0,0,0,0,0,0,1,1,6,1,8,2993,2,3,7,3
201354A800813,1,9,0,18,0,8,0,0,0,0,1,1,6,2,-1,-1,-1,-1,-1,-1
201354A800813,2,1,0,18,0,8,0,0,0,0,3,1,6,1,4,-1,-1,-1,6,2
201354A804813,1,1,0,18,9,8,0,0,0,0,3,1,6,1,6,-1,-1,-1,1,1
201354A804813,2,19,0,5,9,6,0,0,0,0,1,1,6,1,10,2460,2,7,8,1
201354A807313,1,9,0,4,0,0,0,0,0,0,1,1,6,2,6,1124,1,13,10,1
201354A807313,2,9,0,3,0,0,0,0,0,0,2,1,6,2,6,2198,1,10,9,1
201354A808113,1,9,0,6,0,8,0,0,0,0,3,1,3,1,8,1794,1,11,8,1
201354A808113,2,3,0,13,0,8,0,0,0,0,1,1,6,1,4,125,1,1,4,1
201354A809313,1,9,0,18,0,1,0,0,0,0,1,1,2,1,8,1995,2,2,10,3
201354A809313,2,9,0,4,0,1,0,0,0,0,2,1,6,1,10,2993,2,3,7,1
201354A818213,1,9,0,18,0,0,0,0,0,0,1,1,2,2,9,1240,1,3,9,3
201354A818213,2,1,0,18,0,0,0,0,0,0,1,1,2,2,7,-1,-1,-1,1,1
201354A819213,1,8,0,3,0,0,0,0,0,0,2,1,1,1,10,1968,2,6,8,1
201354A819213,2,9,0,4,0,0,0,0,0,0,1,1,2,2,4,998,1,11,8,1
201354A819213,3,9,0,3,0,0,0,0,0,0,2,1,6,3,-1,-1,-1,-1,-1,-1
201354A824513,1,9,0,18,0,0,0,0,0,0,3,1,6,1,6,1910,2,4,8,1
201354A824513,2,21,1,11,0,0,1,0,0,0,1,1,1,1,7,12900,2,4,4,1
201354A829913,1,1,0,18,0,8,0,0,0,0,4,1,6,1,7,-1,-1,-1,9,1
201354A829913,2,9,0,7,0,4,0,0,0,0,1,1,6,1,10,2148,2,5,8,1
201354A834813,1,5,0,14,0,8,0,0,0,0,4,1,6,2,9,695,1,6,9,3
201354A834813,2,9,0,9,0,6,0,0,0,0,1,1,6,2,6,973,1,11,5,3
201354A834813,3,21,0,3,0,1,0,0,0,0,0,1,6,1,8,10837,2,1,2,1
201354A836313,1,9,0,4,0,0,1,0,0,0,1,1,6,1,11,2495,2,15,5,3
201354A836313,2,9,0,3,0,0,0,0,0,0,1,1,6,2,9,1560,2,1,5,3
201354A836413,1,9,0,9,0,5,0,0,0,0,3,1,6,2,7,1360,1,11,10,2
201354A836413,2,1,0,4,0,1,0,0,0,0,3,1,6,1,9,-1,-1,-1,8,2
201354A836813,1,9,0,18,0,1,0,0,0,0,1,1,6,2,5,1198,1,2,8,2
201354A836813,2,9,0,4,0,1,0,0,0,0,2,1,6,2,7,1984,1,12,4,1
201354A836813,3,9,0,4,0,1,0,0,0,0,2,1,6,2,9,1799,1,5,6,3
201354A836813,4,8,0,4,0,1,0,0,0,0,2,1,1,1,8,1997,2,2,10,1
201354A838913,1,9,0,13,0,0,0,0,0,0,1,1,6,1,4,1905,2,15,7,1
201354A838913,2,9,0,18,0,0,0,0,1,11,1,1,6,2,7,1299,1,16,9,1
201354A838913,3,9,0,18,0,0,0,0,0,0,0,1,6,1,5,1598,1,15,7,1
201354A871113,1,9,4,4,0,1,1,0,0,0,1,1,1,1,8,2495,2,11,6,3
201354A871113,2,9,0,3,0,1,0,0,0,0,2,1,6,1,6,1149,1,11,5,1
201354A872313,1,9,0,3,0,1,0,0,0,0,2,1,6,2,10,1569,2,9,8,3
201354A872313,2,9,0,18,0,1,0,0,0,0,1,1,6,1,10,998,1,2,6,2
201354A875713,1,3,0,16,0,1,0,0,0,0,4,1,6,1,4,125,1,1,9,1
201354A877313,1,19,0,1,0,1,0,0,0,0,2,1,6,1,9,1997,2,6,7,2
201354A895013,1,9,0,5,0,0,0,0,0,0,1,1,6,1,-1,-1,-1,-1,-1,-1
201354A909513,1,1,0,3,0,8,0,0,0,0,2,1,6,1,4,-1,-1,-1,10,1
201354A909513,2,11,0,4,0,8,0,0,0,0,1,1,1,1,8,12000,2,5,5,2
201354A924213,1,9,0,18,0,0,0,10,2,4,4,1,6,2,4,1124,1,10,9,3
201354A925613,1,19,0,17,0,8,0,10,1,11,1,1,2,2,7,-1,-1,-1,9,3
201354A926813,1,9,0,17,0,0,2,0,2,10,4,1,2,2,4,1386,1,9,7,3
201354A933713,1,9,0,5,0,4,0,0,0,0,1,1,6,1,7,2967,1,10,9,1
201354A933713,2,1,0,18,0,8,0,0,0,0,4,1,6,1,7,-1,-1,-1,9,1
201354A936513,1,4,0,18,0,8,0,0,0,0,3,1,6,1,4,124,1,-1,5,1
201354A936513,2,19,0,5,0,6,0,0,0,0,1,1,1,1,-1,2148,2,6,-1,-1
201354A937613,1,9,0,18,0,8,0,0,0,0,1,1,6,2,4,998,1,7,10,1
201354A938513,1,9,0,1,0,0,0,0,1,4,3,1,6,2,7,2993,2,-1,10,2
201354A941013,1,10,0,16,0,0,0,0,0,0,3,1,1,1,9,2148,2,8,5,2
201354A941013,2,19,0,17,0,0,0,0,0,0,3,1,6,1,-1,-1,-1,-1,-1,-1
201354A945013,1,9,0,13,0,0,1,0,7,3,1,1,6,1,7,1796,1,14,5,1
201354A945013,2,9,0,16,0,0,0,0,0,0,0,1,6,2,5,1198,1,3,10,3
201354A965413,1,9,0,18,0,0,0,4,0,0,1,1,6,1,7,1596,1,18,4,1
201354A965413,2,9,0,2,0,0,0,0,1,11,2,1,6,3,-1,1198,1,-1,-1,-1
201354A967213,1,9,0,18,0,7,0,0,0,0,1,1,6,1,5,1973,1,11,9,2
201354A967213,2,9,0,4,0,7,0,0,0,0,2,1,6,1,8,1995,2,-1,10,3
201354A977513,1,19,0,18,0,0,0,0,0,0,1,1,1,1,6,1399,2,2,2,1
201354A977513,2,9,0,4,0,0,0,0,4,0,2,1,1,1,9,1997,2,-1,5,3
201354A977513,3,9,0,4,0,0,0,0,0,0,3,1,1,1,10,1997,2,1,1,1
201354A984713,1,9,0,18,0,8,1,0,0,0,3,1,1,2,7,998,1,18,7,1
201354A984713,2,9,0,18,0,8,1,0,1,0,3,1,6,1,9,1364,2,1,8,3
201354B003113,1,9,0,18,0,0,0,0,0,0,3,1,6,2,5,1399,2,11,-1,-1
201354B003113,2,2,0,17,0,0,0,0,0,0,3,1,6,1,5,49,1,15,4,1
201354B005113,1,9,0,18,0,1,0,0,0,0,1,1,6,2,-1,1796,1,9,10,1
201354B005113,2,9,0,3,0,1,0,0,0,0,2,1,6,2,7,1149,1,14,4,1
201354B025413,1,9,0,3,0,2,0,0,0,0,2,1,2,1,8,1796,1,6,10,1
201354B025413,2,9,0,4,0,2,0,0,0,0,1,1,2,2,7,1497,1,9,10,1
201354B031813,1,9,0,5,0,4,0,0,0,0,1,1,6,1,5,1362,1,-1,5,1
201354B031813,2,9,0,3,0,4,0,0,0,0,2,1,6,2,9,2204,2,6,5,1
201354B048713,1,9,0,18,0,3,0,0,0,0,1,1,6,2,6,1581,1,13,6,1
201354B048713,2,9,0,3,0,3,0,0,0,0,2,1,6,1,10,1560,2,1,4,2
201354B058013,1,9,0,9,0,4,0,0,0,0,3,1,6,2,7,1796,1,11,9,1
201354B058013,2,9,0,18,0,8,0,0,0,0,1,1,6,2,8,2926,2,9,7,3
201354B062613,1,9,0,7,0,6,0,0,0,0,1,1,6,2,10,1596,1,7,6,2
201354B062613,2,1,0,18,0,8,0,0,0,0,4,1,6,1,4,-1,-1,-1,9,2
201354B073113,1,9,0,3,0,1,0,0,0,0,2,1,3,2,7,1900,2,8,6,1
201354B073113,2,9,0,4,0,1,0,0,0,0,1,1,6,3,-1,-1,-1,-1,-1,-1
201354B077513,1,9,0,10,0,1,0,0,7,0,2,1,6,2,7,1296,1,12,7,1
201354B077513,2,19,0,18,0,1,0,0,0,0,1,1,6,1,6,2497,2,2,9,1
201354B088713,1,11,0,9,0,8,0,0,0,0,1,1,1,1,6,5883,2,11,2,1
201354B088713,2,9,0,18,0,4,0,0,0,0,3,1,1,1,7,2143,2,3,7,1
201354B099913,1,9,0,18,0,0,0,0,0,0,1,1,6,1,9,2494,2,26,4,1
201354B099913,2,11,0,17,0,0,0,0,0,0,1,1,1,1,8,4250,2,7,7,3
201354B101713,1,9,0,7,0,6,0,0,0,0,1,1,1,2,6,1398,1,1,10,2
201354B101713,2,9,0,18,0,8,1,0,7,9,1,1,1,1,7,1896,2,10,10,2
201354B112913,1,9,0,12,0,0,0,0,5,6,3,1,1,1,4,1598,1,-1,10,1
201354B112913,2,9,0,18,0,0,0,0,0,0,4,1,6,1,7,2967,2,6,-1,1
201354B152013,1,9,0,5,0,6,1,0,0,0,1,1,6,2,5,1598,1,9,9,1
201354B152013,2,11,0,5,0,8,0,0,0,0,4,1,1,1,6,6871,2,5,4,1
201354B173513,1,9,0,18,0,0,5,4,0,0,4,1,6,2,8,2664,2,11,10,3
201354B173513,2,19,4,2,0,0,0,0,0,0,4,1,6,1,8,1686,2,2,4,1
201354B174113,1,9,0,18,0,0,2,0,8,10,3,1,3,2,8,2499,2,15,7,3
201354B180013,1,9,0,4,0,1,0,0,0,0,4,1,6,1,9,1968,2,7,8,1
201354B180013,2,2,0,15,0,1,1,10,1,1,3,1,6,2,6,49,1,4,8,1
201354B189913,1,9,0,16,0,0,1,10,7,9,1,1,2,2,8,1995,2,3,8,2
201354B190113,1,21,1,18,0,0,0,0,0,0,4,1,6,3,-1,-1,-1,-1,-1,-1
201354B190113,2,9,0,18,0,0,1,0,5,6,2,1,2,2,7,1332,1,14,4,1
201354B205113,1,9,0,9,0,6,0,0,0,0,3,1,6,2,10,2488,1,8,8,3
201354B205113,2,9,0,18,0,8,0,0,0,0,1,1,6,2,7,2171,2,10,4,1
201354B205113,3,9,0,10,0,1,0,0,0,0,0,1,6,1,10,1246,1,6,8,3
201354B208713,1,9,0,4,0,2,0,0,0,0,1,1,6,1,6,2171,2,11,6,1
201354B208713,2,9,0,3,0,2,0,0,0,0,2,1,6,2,8,2495,2,9,2,1
201354B215013,1,9,0,5,0,4,0,0,0,0,1,1,6,2,10,2976,1,11,8,1
201354B215013,2,3,0,9,0,8,0,0,0,0,1,1,6,1,4,124,1,-1,9,3
201354B240213,1,9,0,5,0,6,0,0,0,0,1,1,6,2,9,1598,1,9,7,3
201354B240213,2,19,0,18,0,8,0,0,0,0,1,1,6,1,6,1870,2,7,10,1
201354B243713,1,9,0,16,0,0,1,10,1,11,3,1,6,1,4,1388,1,8,10,1
201354B243713,2,9,0,2,0,0,0,0,0,0,0,1,6,3,-1,1598,1,8,-1,-1
201354B246613,1,9,0,18,0,3,0,0,0,0,1,1,2,1,6,1360,1,13,7,1
201354B246613,2,90,0,6,0,2,0,0,0,0,4,1,1,1,9,2970,2,3,6,1
201354B275613,1,3,0,9,0,6,0,0,0,0,3,1,6,2,6,124,1,2,9,1
201354B275613,2,9,0,18,0,8,1,0,0,0,1,1,2,1,7,1761,1,17,8,2
201354B303413,1,11,0,18,0,8,0,0,0,0,3,1,1,2,8,9400,2,7,2,1
201354B303413,2,9,0,9,0,6,0,0,0,0,4,1,6,2,9,1124,1,9,2,1
201354B317913,1,19,0,5,0,0,0,0,0,0,1,1,6,1,-1,1968,2,1,4,1
201354B320213,1,9,0,18,0,0,0,0,0,0,1,1,2,2,6,1968,2,3,9,1
201354B320213,2,9,0,18,0,0,0,0,0,0,1,1,6,2,8,1246,1,7,6,3
201354B324213,1,9,0,18,0,0,0,0,0,0,1,1,6,1,11,1229,1,6,6,3
201354B324213,2,9,0,4,0,0,0,0,0,0,2,1,2,1,8,1956,2,4,8,1
201354B324213,3,9,0,4,0,0,0,0,0,0,2,1,2,2,9,1968,2,1,8,3
201354B325213,1,9,0,18,0,0,2,0,7,11,1,1,6,1,4,1242,1,8,5,3
201354B365413,1,19,0,17,0,1,0,0,1,1,1,1,1,1,7,2148,2,3,3,1
201354B366413,1,9,0,18,0,2,0,0,0,0,1,1,2,2,7,1124,1,11,9,1
201354B366413,2,9,0,3,0,2,0,0,0,0,2,1,6,1,8,1896,2,10,8,1
201354B368613,1,1,0,5,0,6,0,0,0,0,3,1,2,1,5,-1,-1,-1,9,3
201354B368613,2,9,0,5,0,4,0,0,0,0,1,1,6,1,-1,1598,1,5,9,1
201354B369113,1,9,0,18,0,0,0,0,0,0,0,1,1,1,7,1229,1,-1,-1,-1
201354B369113,2,9,0,13,0,0,0,0,6,0,4,1,6,2,9,1598,1,5,9,1
201354B369113,3,9,0,18,0,0,1,0,1,9,1,1,6,2,7,-1,-1,-1,8,3
201354B369113,4,9,0,18,0,0,0,0,0,0,1,1,6,2,8,1597,1,14,3,1
201354B371613,1,5,0,18,0,0,0,0,0,0,3,1,2,1,6,599,1,14,9,3
201354B371613,2,9,0,18,0,0,0,0,0,0,3,1,6,3,-1,-1,-1,-1,-1,-1
201354B371913,1,9,0,4,0,0,1,0,0,0,1,1,2,2,5,1995,1,1,6,3
201354B371913,2,9,0,3,0,0,0,0,0,0,2,1,6,1,11,1349,1,-1,9,3
201354B371913,3,9,0,3,0,0,0,0,0,0,2,1,2,1,7,1197,1,3,8,1
201354B383213,1,9,0,17,0,8,0,0,0,0,1,1,3,2,6,1388,1,3,7,2
201354B383213,2,9,0,9,0,6,0,0,0,0,1,1,1,2,4,1360,1,18,2,1
201354B384113,1,8,0,5,0,6,0,0,0,0,4,1,1,1,9,1997,2,11,9,1
201354B384113,2,9,0,18,0,8,0,0,1,0,3,1,2,2,8,2204,2,7,3,1
201354B387013,1,9,0,9,0,2,0,0,0,0,4,1,6,2,10,1368,1,4,4,2
201354B387013,2,3,0,9,0,2,0,0,0,0,3,1,6,1,9,124,1,25,9,1
201354B387813,1,19,0,4,0,1,0,0,0,0,1,1,1,1,5,1968,2,3,4,1
201354B387813,2,9,0,4,0,1,0,0,0,0,2,1,6,1,7,1910,2,7,2,1
201354B387813,3,9,0,3,0,1,0,0,0,0,2,1,6,2,8,1587,1,10,10,2
201354B388913,1,9,0,17,0,0,1,0,1,4,1,1,6,2,7,1598,1,5,-1,-1
201354B408713,1,9,0,16,0,0,2,0,7,4,0,1,2,2,10,1995,2,-1,10,1
201354B412413,1,9,0,18,0,8,0,0,0,0,4,1,6,2,6,998,1,13,8,2
201354B418013,1,9,0,17,0,0,2,0,1,9,1,1,6,2,6,1299,1,13,10,3
201354B419013,1,9,0,17,0,0,1,0,8,4,1,1,6,1,5,1731,1,17,9,3
201354B420913,1,9,0,18,7,0,0,11,0,0,1,1,2,2,6,1199,1,9,4,1
201354B420913,2,9,0,2,6,0,0,0,0,0,2,1,6,1,10,1242,1,13,3,1
201354B430113,1,19,0,1,9,6,0,0,0,0,2,1,1,1,9,2148,2,8,5,1
201354B430113,2,22,0,18,9,8,5,0,0,0,4,1,6,2,11,-1,-1,-1,7,1
201354B430513,1,9,0,5,0,1,0,0,7,11,1,1,6,2,9,999,1,13,6,1
201354B431413,1,9,0,5,0,4,0,0,0,0,3,1,2,2,9,1997,2,3,7,1
201354B431413,2,9,0,5,0,4,0,0,0,0,1,1,2,1,6,1948,1,12,3,1
201354B444213,1,3,0,18,0,0,1,0,1,10,4,1,6,1,4,125,1,-1,9,3
201354B445013,1,9,0,5,0,0,0,0,0,0,1,1,6,1,10,1397,1,5,6,3
201354B445013,2,9,0,3,0,0,0,0,0,0,2,1,6,2,9,1595,1,-1,8,1
201354B447613,1,9,0,17,0,0,2,0,7,0,1,1,6,1,4,1124,1,8,6,3
201354B455013,1,9,0,18,0,0,0,0,0,0,1,1,2,1,9,1995,2,2,8,1
201354B455013,2,9,0,4,0,0,0,0,0,0,2,1,2,1,5,1999,1,6,9,3
201354B455013,3,9,0,3,0,0,0,0,0,0,2,1,2,1,8,1995,2,5,9,1
201354B456513,1,9,0,11,0,0,0,0,1,11,1,1,6,2,8,996,1,3,5,1