Accident_Index,Vehicle_Reference,Vehicle_Type,Towing_and_Articulation,Vehicle_Manoeuvre,Vehicle_Location-Restricted_Lane,Junction_Location,Skidding_and_Overturning,Hit_Object_in_Carriageway,Vehicle_Leaving_Carriageway,Hit_Object_off_Carriageway,1st_Point_of_Impact,Was_Vehicle_Left_Hand_Drive?,Journey_Purpose_of_Driver,Sex_of_Driver,Age_Band_of_Driver,Engine_Capacity_(CC),Propulsion_Code,Age_of_Vehicle,Driver_IMD_Decile,Driver_Home_Area_Type
2013553C02775,1,19,0,5,0,0,0,0,0,0,1,1,6,1,9,1560,2,2,9,1
2013553C02775,2,1,0,18,0,0,0,0,0,0,4,1,2,2,4,-1,-1,-1,9,1
2013553C02831,1,9,0,18,0,3,0,0,0,0,2,1,6,2,7,1596,1,1,8,3
2013553C02831,2,9,0,5,0,4,0,0,0,0,1,1,6,2,7,-1,-1,-1,8,1
2013553C02876,1,9,0,5,0,4,0,0,0,0,1,1,1,1,9,1198,1,10,4,1
2013553C02876,2,1,0,11,0,3,0,0,0,0,1,1,1,1,6,-1,-1,-1,5,1
2013553C02908,1,9,0,3,0,8,0,0,0,0,2,1,6,1,7,1598,2,1,1,1
2013553C02908,2,9,0,18,0,8,0,0,0,0,1,1,6,2,9,1998,1,12,9,1
2013553C02913,1,9,0,5,0,6,0,0,0,0,1,1,6,2,7,1796,1,14,1,1
2013553C02913,2,9,0,18,0,8,0,0,0,0,4,1,6,1,5,1196,1,16,1,1
2013553C02938,1,3,0,18,0,3,0,0,0,0,4,1,6,1,6,125,1,6,5,1
2013553C02938,2,9,0,18,0,4,0,0,0,0,1,1,6,2,8,1560,2,6,5,1
2013553C02961,1,9,0,4,0,0,0,0,0,0,1,1,6,2,11,1396,1,13,2,1
2013553C03038,1,9,0,18,0,1,0,0,0,0,1,1,6,1,6,1997,2,14,4,1
2013553C03038,2,9,0,3,0,1,0,0,0,0,2,1,6,2,6,1364,1,6,6,1
2013553C03066,1,9,0,4,0,0,0,0,0,0,3,1,6,2,8,2720,2,8,5,1
2013553C03066,2,1,0,18,0,0,0,0,0,0,1,1,6,1,8,-1,-1,-1,5,3
2013553C03182,1,3,0,11,0,0,0,0,0,0,1,1,6,1,4,-1,-1,-1,10,1
2013553C03182,2,9,0,4,0,0,0,0,0,0,2,1,6,2,7,1796,1,7,5,1
2013553C03188,1,19,0,7,0,5,0,0,0,0,4,1,1,1,7,2187,2,10,4,1
2013553C03188,2,1,0,18,0,1,0,0,0,0,3,1,1,2,7,-1,-1,-1,2,1
2013553C03221,1,9,0,18,0,8,0,0,0,0,1,1,6,1,5,1397,1,4,10,1
2013553C03221,2,9,0,18,0,8,0,0,0,0,3,1,6,2,7,1598,1,6,10,1
2013553C03298,1,2,0,16,0,3,0,0,0,0,1,1,6,1,6,49,1,15,2,1
2013553C03403,1,9,0,16,0,0,0,0,0,0,1,1,6,1,10,1560,2,6,3,1
2013553C03403,2,19,0,2,0,0,0,0,0,0,2,1,6,3,-1,2402,2,6,-1,-1
2013553C03447,1,8,0,18,0,3,0,0,0,0,4,1,1,1,7,2231,2,5,7,1
2013553C03575,1,9,0,18,0,2,0,0,0,0,1,1,6,2,6,2499,2,11,5,1
2013553C03575,2,9,0,4,0,2,0,0,0,0,2,1,6,1,5,-1,-1,-1,4,1
2013553C03601,1,19,0,18,0,8,0,0,0,0,1,1,6,1,6,2500,2,14,-1,-1
2013553C03601,2,9,0,4,0,8,0,0,0,0,2,1,6,1,8,1390,1,12,5,1
2013553C03613,1,8,0,11,0,3,0,0,0,0,1,1,6,1,6,1700,2,12,3,1
2013553C03729,1,9,0,9,0,8,0,0,0,0,4,1,6,2,6,1598,1,13,1,1
2013553C03729,2,2,0,18,0,1,0,0,0,0,1,1,6,1,4,50,1,9,8,1
2013553C03787,1,2,0,18,0,1,0,0,0,0,1,1,1,1,8,49,1,1,3,1
2013553C03787,2,90,0,10,0,2,0,0,0,0,1,1,1,1,8,-1,-1,-1,3,1
2013553C03909,1,9,0,1,9,5,0,0,0,0,2,1,2,1,9,1598,1,8,8,1
2013553C03910,1,9,0,18,0,0,0,0,0,0,1,1,6,2,10,1498,1,3,8,1
2013553C03910,2,11,0,2,0,0,0,0,0,0,2,1,1,1,8,7300,2,1,8,1
2013553C04024,1,5,0,13,0,2,0,0,0,0,1,1,6,1,6,645,1,8,5,1
2013553C04024,2,19,0,18,0,1,0,0,0,0,3,1,6,3,-1,-1,-1,-1,-1,-1
2013553C04034,1,9,0,6,0,6,0,0,0,0,1,1,6,1,6,-1,-1,-1,2,1
2013553C04034,2,9,0,18,0,8,0,0,0,0,1,1,6,2,7,1198,1,-1,5,1
2013553C04036,1,90,0,17,0,0,0,0,0,0,0,1,1,1,6,-1,-1,-1,3,1
2013553C04036,2,9,0,16,0,0,0,0,0,0,0,1,6,2,4,1242,1,14,4,1
2013553C04055,1,9,0,4,0,0,0,0,0,0,2,1,6,1,9,1360,1,5,10,1
2013553C04055,2,9,0,4,0,0,0,0,0,0,1,1,6,1,7,2470,2,24,3,1
2013553C04191,1,9,0,7,0,6,0,0,0,0,1,1,6,1,8,1560,2,4,5,1
2013553C04191,2,1,0,18,0,8,0,0,0,0,4,1,6,1,7,-1,-1,-1,7,1
2013553C04327,1,11,0,2,0,0,0,0,0,0,0,1,1,1,9,-1,-1,-1,1,1
2013553C04348,1,1,0,18,0,0,0,0,0,0,0,1,6,1,4,-1,-1,-1,6,1
2013553C04429,1,9,0,9,0,5,0,4,0,0,1,1,6,1,8,1781,1,14,9,1
2013553C04429,2,9,0,2,0,2,0,0,0,0,2,1,6,1,5,1199,1,10,8,1
2013553C04429,3,9,0,2,0,2,0,0,0,0,2,1,6,3,-1,1590,1,8,-1,-1
2013553C04546,1,9,0,18,0,1,0,0,0,0,4,1,6,1,8,1598,2,1,5,1
2013553C04546,2,9,0,2,0,1,0,0,0,0,0,1,6,3,-1,1783,1,12,-1,-1
2013553C04576,1,8,0,9,0,8,0,0,0,0,1,1,1,1,7,1910,2,5,4,1
2013553C04576,2,4,0,18,0,8,0,0,0,0,1,1,6,1,5,400,1,23,6,1
2013553C04608,1,9,0,5,0,8,0,0,0,0,1,1,6,1,-1,-1,-1,-1,-1,-1
2013553C04635,1,9,0,9,0,5,0,0,0,0,4,1,2,1,5,1368,1,6,6,1
2013553C04635,2,3,0,18,0,8,0,0,0,0,1,1,6,1,4,124,1,2,1,1
2013553C04839,1,1,0,18,0,8,0,0,0,0,4,1,6,2,8,-1,-1,-1,4,1
2013553C04839,2,9,0,9,0,6,0,0,0,0,1,1,6,2,6,2143,2,-1,4,1
2013553C04905,1,9,0,6,0,8,0,0,0,0,3,1,1,1,6,-1,-1,-1,8,1
2013553C04905,2,3,0,13,0,8,0,0,0,0,1,1,6,1,4,-1,-1,-1,8,1
2013553C04909,1,9,0,18,0,0,0,4,0,0,1,1,6,2,8,1386,1,7,7,1
2013553C04909,2,3,0,2,0,0,0,0,0,0,4,1,6,2,8,99,1,11,7,1
2013553C04973,1,9,0,5,0,6,0,0,0,0,0,1,6,2,10,1240,1,3,5,1
2013553C04973,2,3,0,14,0,8,0,0,0,0,0,1,6,1,4,125,1,5,3,1
2013553C05064,1,9,0,9,0,6,0,0,0,0,3,1,6,1,8,2198,1,10,5,1
2013553C05064,2,9,0,18,0,8,0,0,0,0,1,1,6,2,4,796,1,13,8,1
2013553C05159,1,9,0,9,0,5,0,0,0,0,0,1,6,3,-1,-1,-1,-1,-1,-1
2013553C05159,2,11,0,18,0,8,0,0,0,0,0,1,1,1,8,6370,2,12,9,1
2013553C05299,1,11,0,18,0,0,0,0,0,0,4,1,1,3,-1,-1,-1,-1,-1,-1
2013553C05398,1,9,0,18,0,1,0,0,0,0,1,1,6,3,-1,-1,-1,-1,-1,-1
2013553C05398,2,9,0,3,0,1,0,0,0,0,2,1,2,2,7,1229,1,2,7,1
2013553C05413,1,9,0,18,0,8,0,0,7,10,1,1,6,2,6,1196,1,17,7,1
2013553C05413,2,9,0,5,0,4,0,0,0,0,3,1,6,1,7,1997,2,9,7,1
2013553C05413,3,9,0,5,0,4,0,0,0,0,3,1,6,1,4,1999,1,8,5,1
2013553C05504,1,9,0,16,0,2,0,0,0,0,4,1,2,2,7,1998,1,13,4,1
2013553C05514,1,9,0,18,0,0,0,0,0,0,1,1,2,1,8,995,1,8,5,1
2013553C05514,2,9,0,18,0,0,0,0,0,0,1,1,6,1,10,1149,1,15,3,1
2013553C05545,1,9,0,5,0,0,0,0,0,0,4,1,6,1,10,1596,1,1,1,1
2013553C05815,1,5,0,14,0,1,1,0,0,0,4,1,6,1,8,750,1,5,4,1
2013553C05833,1,5,0,18,0,0,0,0,0,0,1,1,2,1,7,599,1,2,4,1
2013553C05833,2,9,0,10,0,0,0,0,0,0,2,1,6,2,7,1870,2,12,4,1
2013553C05834,1,9,0,9,0,6,0,0,0,0,1,1,6,2,11,1587,1,7,4,1
2013553C05834,2,9,0,18,0,8,0,0,0,0,1,1,2,1,5,1229,1,4,4,1
2013553C05881,1,9,0,18,0,0,0,0,7,10,1,1,6,1,5,1396,1,12,9,1
2013553C05881,2,9,0,2,0,0,0,0,0,0,3,2,6,3,-1,-1,-1,-1,-1,-1
2013553C05881,3,9,0,2,0,0,0,0,0,0,2,1,6,3,-1,1388,1,6,-1,-1
2013553C05881,4,9,0,2,0,0,0,0,0,0,2,1,6,3,-1,1598,1,7,-1,-1
2013553C06154,1,9,0,5,0,6,0,0,0,0,3,1,2,1,6,1994,2,18,1,1
2013553C06154,2,1,0,18,4,8,0,0,0,0,1,1,6,2,5,-1,-1,-1,3,1
2013553C06159,1,20,0,18,0,2,0,4,0,0,1,1,6,1,7,2148,2,12,8,1
2013553C06159,2,9,0,2,0,2,0,0,0,0,2,1,6,1,8,1796,1,18,3,1
2013553C06159,3,9,0,2,0,2,0,0,0,0,2,1,6,3,-1,1598,1,11,-1,-1
2013553C06159,4,9,0,2,0,2,0,0,0,0,2,1,6,1,6,1360,1,11,8,1
2013553C06189,1,19,0,9,0,5,0,0,0,0,4,1,1,1,7,1995,2,4,2,1
2013553C06189,2,1,0,18,4,1,0,0,0,0,1,1,2,1,6,-1,-1,-1,10,1
2013553C06190,1,9,0,18,0,0,1,0,4,7,4,1,1,2,6,1298,1,12,1,1
2013553C06190,2,9,0,11,0,0,0,0,0,0,0,1,6,1,7,-1,-1,-1,3,1
2013553C06329,1,9,0,9,0,8,0,0,0,0,3,1,6,2,9,1498,1,10,10,1
2013553C06329,2,4,0,13,0,1,0,0,0,0,1,1,6,1,4,400,1,23,9,1
2013553C06359,1,9,0,3,0,1,0,0,0,0,2,1,2,2,6,1364,1,4,7,1
2013553C06359,2,9,0,18,0,1,0,0,0,0,1,1,6,2,4,1199,1,11,7,1
2013553C06411,1,9,0,9,0,5,0,0,0,0,4,1,1,2,6,1798,1,8,10,1
2013553C06411,2,1,0,15,0,8,0,0,0,0,1,1,6,1,8,-1,-1,-1,8,1
2013553C06447,1,9,0,18,0,0,0,0,0,0,3,1,6,2,4,1349,1,3,10,1
2013553C06447,2,9,0,18,0,0,0,0,0,0,1,1,6,2,9,1998,1,11,8,1
2013553C06482,1,9,0,18,0,8,0,0,0,0,1,1,6,3,-1,-1,-1,-1,-1,-1
2013553C06482,2,1,0,5,0,6,0,0,0,0,2,1,6,1,5,-1,-1,-1,-1,-1
2013553C06572,1,9,0,18,0,0,0,4,0,0,4,1,6,1,6,1360,1,2,3,1
2013553C06572,2,9,0,2,0,0,0,0,0,0,4,1,6,3,-1,2283,2,17,-1,-1
2013553C06714,1,9,0,7,0,6,0,0,0,0,3,1,6,1,4,1388,1,14,4,1
2013553C06714,2,9,0,18,0,8,0,0,0,0,1,1,6,2,9,-1,-1,-1,3,1
2013553C06736,1,9,0,18,0,1,0,0,0,0,1,1,6,3,-1,-1,-1,-1,-1,-1
2013553C06759,1,9,0,18,0,8,0,0,1,4,1,1,6,1,4,1598,1,10,4,1
2013553C06851,1,3,0,18,0,0,0,0,0,0,3,1,6,1,7,124,1,3,1,1
2013553C06865,1,9,0,9,0,8,0,0,0,0,1,1,6,2,4,1299,1,13,8,1
2013553C06865,2,9,0,18,0,8,0,0,0,0,1,1,6,1,6,-1,-1,-1,6,1
2013553C06891,1,1,0,18,0,1,0,0,0,0,0,1,6,1,8,-1,-1,-1,10,1
2013553C06943,1,9,0,9,0,5,0,0,0,0,1,1,6,2,11,1240,1,8,4,1
2013553C06943,2,1,0,18,0,8,0,0,0,0,1,1,6,2,9,-1,-1,-1,4,1
2013553C06955,1,8,0,5,0,8,0,0,0,0,1,1,1,1,9,1560,2,6,7,1
2013553C06961,1,9,0,9,0,5,0,0,0,0,4,1,6,1,11,1392,1,13,5,1
2013553C06961,2,9,0,18,0,8,1,0,0,0,1,1,6,1,4,1299,1,15,5,1
2013553C07024,1,9,0,18,0,8,0,0,0,0,1,1,6,1,9,2499,2,16,5,1
2013553C07024,2,9,0,3,0,8,0,0,0,0,2,1,6,1,8,1910,2,9,9,1
2013553C07024,3,9,0,3,0,8,0,0,0,0,2,1,6,1,6,-1,-1,-1,5,1
2013553C07047,1,9,0,18,0,0,0,0,1,4,4,1,2,2,8,2231,2,6,6,1
2013553C07246,1,9,0,13,0,0,0,0,1,10,1,1,6,1,6,1794,1,11,6,1
2013553C07453,1,8,0,5,0,6,0,0,0,0,1,1,6,1,7,1910,2,5,4,1
2013553C07453,2,1,0,18,0,8,0,0,0,0,4,1,6,2,5,-1,-1,-1,7,1
2013553C07492,1,9,0,18,0,1,0,0,0,0,1,1,6,1,6,698,1,10,3,1
2013553C07579,1,9,0,1,0,8,0,0,0,0,2,1,6,1,6,1799,1,6,4,1
2013553C07579,2,9,0,3,0,1,0,0,0,0,1,1,6,2,6,1598,1,13,5,1
2013553C07579,3,9,0,18,0,8,0,0,0,0,4,1,1,1,7,-1,-1,-1,10,1
2013553C07579,4,9,0,18,0,8,0,0,0,0,0,1,1,1,6,1753,2,4,3,1
2013553C07579,5,9,0,3,0,8,0,0,0,0,0,1,1,1,7,1753,2,4,3,1
2013553C07977,1,11,0,18,0,8,0,0,0,0,1,1,1,2,8,9360,2,2,3,1
2013553C07977,2,9,0,7,0,8,0,0,0,0,3,1,6,1,8,2982,2,6,6,1
2013553C08055,1,9,0,18,0,0,0,0,8,4,1,1,6,1,4,998,1,8,9,1
2013553C08101,1,9,0,3,0,0,0,0,0,0,2,1,6,1,6,1242,1,12,5,3
2013553C08101,2,9,0,18,0,0,0,0,0,0,1,1,6,1,7,1299,1,18,6,2
2013553C08223,1,2,0,15,0,2,0,0,0,0,3,1,6,2,4,49,1,10,3,1
2013553C08251,1,19,0,18,0,1,0,0,0,0,1,1,6,1,6,1753,2,10,1,1
2013553C08251,2,9,0,3,0,1,0,0,0,0,2,1,6,1,6,-1,-1,-1,1,1
2013553C08258,1,11,0,2,0,0,0,0,0,0,0,1,1,1,8,7300,2,9,5,1
2013553C08399,1,3,0,18,0,8,1,0,0,0,0,1,6,1,8,124,1,1,9,1
2013553C08399,2,9,0,5,0,4,0,0,0,0,0,1,6,3,-1,-1,-1,-1,-1,-1
2013553C08454,1,9,0,5,0,4,0,0,0,0,1,1,6,2,7,1984,1,13,6,1
2013553C08454,2,1,0,18,0,8,0,0,0,0,2,1,6,1,7,-1,-1,-1,5,1
2013553C08469,1,9,0,5,0,8,0,0,0,0,4,1,2,1,6,2792,1,4,9,1
2013553C08469,2,3,0,18,0,8,0,0,0,0,1,1,6,1,8,124,1,3,10,1
2013553C08531,1,9,0,3,0,0,0,0,0,0,2,1,6,1,8,2996,1,5,8,3
2013553C08531,2,9,0,18,0,0,0,0,0,0,1,1,6,1,7,1995,2,11,10,1
2013553C08614,1,9,0,18,0,8,0,0,0,0,1,1,6,1,9,4966,1,8,9,1
2013553C08614,2,8,0,18,0,8,0,0,1,10,3,1,1,2,9,1560,2,5,5,1
2013553C08926,1,9,0,7,0,8,0,7,3,10,2,1,6,1,7,1896,2,11,3,1
2013553C08926,2,9,0,18,0,1,0,0,1,10,1,1,6,1,5,1598,1,9,4,1
2013553C09078,1,9,0,18,0,0,5,4,0,0,1,1,6,1,4,1124,1,10,3,1
2013553C09078,2,9,0,2,0,0,0,0,0,0,1,1,6,3,-1,1198,1,1,-1,-1
2013553C09132,1,1,0,18,0,1,0,0,0,0,3,1,6,1,4,-1,-1,-1,3,1
2013553C09132,2,9,0,1,0,6,0,0,0,0,2,1,6,1,10,2946,1,13,5,1
2013553C09315,1,11,0,18,0,1,0,0,0,0,0,1,1,1,7,6700,2,5,7,3
2013553C09347,1,9,0,3,0,1,0,0,0,0,2,1,6,1,7,1422,2,5,7,1
2013553C09347,2,9,0,5,0,1,0,0,0,0,1,1,2,1,6,1596,1,11,7,1
2013553C09347,3,9,0,5,0,1,0,0,0,0,1,1,6,2,8,1461,2,9,4,1
2013553C09353,1,11,0,18,2,1,0,0,0,0,1,1,1,1,7,6374,2,4,6,1
2013553C09353,2,19,0,7,0,5,0,0,0,0,2,1,1,1,7,2464,2,7,6,1
2013553C09420,1,9,0,18,0,8,0,0,0,0,1,1,6,2,10,998,1,5,8,1
2013553C09420,2,9,0,18,0,8,0,0,0,0,3,1,6,1,10,1995,2,5,7,1
2013553C09462,1,9,0,18,0,2,0,0,0,0,1,1,2,2,5,989,1,12,10,1
2013553C09462,2,1,0,18,0,1,0,0,0,0,1,1,6,2,4,-1,-1,-1,5,1
2013553C09527,1,9,0,17,0,2,0,0,0,0,3,1,6,1,8,1198,1,10,6,1
2013553C09527,2,9,0,11,0,2,0,0,0,0,4,1,6,1,11,1339,1,8,3,1
2013553C09584,1,9,0,18,0,1,0,0,0,0,1,1,6,1,8,1997,2,13,1,1
2013553C09584,2,9,0,4,0,1,0,0,0,0,2,1,6,2,5,999,1,14,7,1
2013553C09584,3,9,0,4,0,1,0,0,0,0,2,1,6,1,9,995,1,1,8,1
2013553C09584,4,9,0,9,0,5,0,0,0,0,0,1,6,3,-1,-1,-1,-1,-1,-1
2013553C09834,1,9,0,9,0,8,0,0,0,0,3,1,2,1,10,-1,-1,-1,7,1
2013553C09834,2,1,0,5,0,1,0,0,0,0,1,1,4,1,3,-1,-1,-1,6,1
2013553C09878,1,9,0,18,0,8,0,0,0,0,1,1,6,2,6,1598,1,11,4,1
2013553C09878,2,9,0,9,0,8,0,0,0,0,1,1,6,1,7,1798,1,13,10,3
2013553C10147,1,9,0,13,0,1,0,0,0,0,4,1,6,3,-1,-1,-1,-1,-1,-1
2013553C10147,2,1,0,18,0,1,0,0,0,0,1,1,6,1,7,-1,-1,-1,7,1
2013553C10247,1,1,0,18,4,8,0,0,0,0,0,1,6,1,4,-1,-1,-1,3,1
2013553C10247,2,9,0,11,0,8,0,0,0,0,0,1,6,1,11,1364,1,3,9,1
2013553C10301,1,9,0,9,0,2,0,0,0,0,1,1,6,1,5,1275,1,15,7,1
2013553C10315,1,90,0,2,0,0,0,0,0,0,4,1,6,1,8,1971,1,25,8,1
2013553C10315,2,9,0,18,0,0,0,0,0,0,1,1,6,3,-1,-1,-1,-1,-1,-1
2013553C10418,1,9,0,9,0,1,0,0,0,0,4,1,6,1,5,1587,1,5,7,1
2013553C10418,2,9,0,18,0,1,0,0,0,0,4,1,6,1,4,1343,1,9,8,1
2013553C10421,1,2,0,13,0,8,0,0,0,0,1,1,6,1,4,49,1,9,2,1
2013553C10421,2,9,0,9,0,8,0,0,0,0,3,1,6,1,10,2401,2,6,7,1
2013553C10441,1,9,0,18,0,0,0,0,1,10,1,1,6,2,6,1896,2,12,7,1
2013553C10475,1,9,0,4,0,1,0,0,0,0,0,1,6,2,10,-1,-1,-1,5,1
2013553C10475,2,1,0,18,0,8,0,0,0,0,0,1,6,2,6,-1,-1,-1,4,1
2013553C10511,1,9,0,18,0,1,0,0,0,0,1,1,6,1,5,1242,1,13,10,1
2013553C10511,2,9,0,4,0,1,0,0,0,0,2,1,6,2,7,1686,2,3,5,1
2013553C10675,1,1,0,18,0,3,0,0,0,0,3,1,2,1,7,-1,-1,-1,3,1
2013553C10675,2,9,0,5,0,4,0,0,0,0,3,1,6,1,5,998,1,1,6,1
2013553C10677,1,9,0,18,0,0,0,0,0,0,1,1,1,1,5,1360,1,13,9,1
2013553C10677,2,19,0,2,0,0,0,0,0,0,2,1,6,3,-1,2496,2,16,-1,-1
2013553C10682,1,9,0,18,0,1,0,4,0,0,1,1,6,1,5,1199,1,11,5,1
2013553C10682,2,9,0,2,0,1,0,0,0,0,2,1,6,3,-1,1896,2,11,-1,-1
2013553C10780,1,9,0,9,0,8,0,0,0,0,1,1,6,1,8,2198,2,2,3,1
2013553C10780,2,9,0,18,0,8,0,0,0,0,1,1,6,1,6,1968,2,5,5,1
2013553C10791,1,9,0,10,0,6,0,0,0,0,1,1,1,1,8,-1,-1,-1,8,1
2013553C10791,2,3,0,14,0,8,0,0,7,10,1,1,2,1,4,125,1,1,10,1
2013553C10801,1,5,0,18,0,2,0,0,0,0,4,1,6,2,7,1255,1,6,5,1
2013553C10801,2,9,0,12,0,6,0,0,0,0,3,1,6,1,11,2993,2,3,10,1
2013553C10818,1,19,0,9,9,5,0,0,0,0,4,1,1,1,8,1753,2,6,7,3
2013553C10838,1,11,0,9,2,8,1,0,0,0,1,1,1,1,6,-1,2,15,3,1
2013553C10927,1,19,0,18,0,0,0,0,0,0,1,1,1,1,7,2143,2,1,2,1
2013553C10927,2,9,0,5,0,0,0,0,0,0,2,1,2,1,6,2324,1,13,3,1
2013553C10927,3,9,0,7,0,0,0,0,0,0,1,1,2,1,8,1149,1,11,3,1
2013553C10927,4,9,0,2,0,0,0,0,0,0,2,1,6,3,-1,1834,1,17,-1,-1
2013553C10928,1,9,0,4,0,0,0,0,0,0,1,1,6,1,5,2171,1,11,10,2
2013553C10928,2,9,0,4,0,0,0,0,0,0,2,1,6,2,5,1198,1,2,10,1
2013553C10946,1,9,0,18,0,3,0,0,0,0,1,1,6,2,10,999,1,3,9,1
2013553C11216,1,4,0,18,0,1,1,0,0,0,1,1,2,1,4,123,1,28,3,1
2013553C11216,2,9,0,5,0,8,0,0,0,0,1,1,6,2,8,1997,2,13,1,1
2013553C11217,1,19,0,9,0,2,0,0,0,0,1,1,1,1,5,2500,2,12,7,1
2013553C11217,2,9,0,10,0,1,0,0,0,0,4,1,1,1,8,1560,2,4,10,1
2013553C11244,1,9,0,9,0,6,0,0,0,0,3,1,6,2,7,3628,2,4,6,1
2013553C11244,2,5,0,18,0,8,1,0,0,0,1,1,6,1,5,649,1,2,6,1
2013553C11249,1,9,0,5,0,6,0,0,0,0,1,1,6,2,5,1242,1,10,3,1
2013553C11249,2,1,0,18,0,8,0,0,0,0,4,1,6,1,6,-1,-1,-1,3,1
2013553C11293,1,10,0,5,0,0,0,0,0,0,0,1,1,1,8,-1,-1,-1,7,1
2013553C11317,1,9,0,18,0,0,0,0,0,0,1,1,6,1,6,1124,1,12,8,1
2013553C11317,2,9,0,4,0,0,0,0,0,0,2,1,6,2,7,2967,2,4,10,1
2013553C11340,1,1,0,18,0,8,0,0,0,0,2,1,6,1,3,-1,-1,-1,8,1
2013553C11340,2,19,0,5,0,6,0,0,0,0,1,1,6,1,8,1868,2,12,8,1
2013553C11343,1,9,0,17,0,0,0,0,0,0,1,1,6,1,9,-1,-1,-1,6,1
2013553C11352,1,9,0,18,0,0,0,0,0,0,1,1,6,1,7,1991,2,8,5,1
2013553C11490,1,9,0,7,0,3,0,0,0,0,1,1,6,1,7,1995,1,11,3,1
2013553C11490,2,9,0,7,0,1,0,0,0,0,1,1,6,2,7,796,1,11,8,1
2013553C11583,1,8,0,6,0,2,0,0,0,0,3,1,1,1,7,1968,2,4,3,1
2013553C11583,2,4,0,18,0,2,0,0,0,0,1,1,6,1,4,125,1,3,1,1
2013553C11729,1,9,0,18,0,1,0,0,0,0,1,1,6,1,7,1988,1,13,3,1
2013553C11729,2,9,0,3,0,1,0,0,0,0,2,1,6,1,8,2496,2,6,-1,1
2013553C11739,1,90,0,18,0,1,0,0,0,0,0,1,1,1,8,2148,2,5,5,1
2013553C11739,2,9,0,18,0,4,0,0,0,0,2,1,2,2,7,-1,-1,-1,9,1
2013553C11739,3,5,0,18,0,4,0,0,0,0,1,1,6,1,4,599,1,19,1,1
2013553C11890,1,1,0,18,0,1,0,0,0,0,1,1,2,1,6,-1,-1,-1,6,1
2013553C11890,2,9,0,4,0,1,0,0,0,0,2,1,6,1,9,2188,2,8,5,1
2013553C11916,1,9,0,18,0,1,0,0,0,0,1,1,6,3,-1,-1,-1,-1,-1,-1
2013553C11916,2,3,0,18,0,1,0,0,0,0,2,1,6,1,5,124,1,3,6,1
2013553C11968,1,9,0,9,0,6,0,0,0,0,1,1,6,2,10,1240,1,10,4,1
2013553C11968,2,9,0,18,0,8,0,0,0,0,1,1,6,2,10,1388,1,2,10,1
2013553C12008,1,11,0,5,0,0,0,0,0,0,0,1,1,1,6,7300,2,1,3,1
2013553C12018,1,11,0,18,0,8,0,0,0,0,2,1,1,1,5,7300,2,1,4,1
2013553C12018,2,1,0,18,0,8,0,0,0,0,1,1,6,1,6,-1,-1,-1,1,1
2013553C12101,1,1,0,18,0,0,0,0,0,0,3,1,6,2,8,-1,-1,-1,9,1
2013553C12101,2,9,4,13,0,0,0,0,0,0,4,1,6,1,6,1896,2,13,7,1
2013553C12133,1,9,0,18,0,1,0,0,0,0,1,1,6,3,-1,1299,1,14,-1,-1
2013553C12133,2,9,0,5,0,1,0,0,0,0,2,1,6,2,10,1769,1,8,4,1
2013553C12196,1,9,0,18,0,8,0,0,0,0,1,1,6,1,11,1386,1,7,8,1
2013553C12196,2,1,0,18,0,8,0,0,0,0,2,1,1,2,5,-1,-1,-1,8,1
2013553C12402,1,10,0,2,0,1,0,0,0,0,3,1,6,1,7,2402,2,5,8,1
2013553C12402,2,1,0,18,0,1,0,0,0,0,1,1,6,2,8,-1,-1,-1,5,1
2013553C12404,1,9,0,18,0,0,1,0,0,0,1,1,6,3,-1,-1,-1,-1,-1,-1
2013553C12404,2,9,0,18,0,0,0,0,0,0,0,1,6,1,8,1497,8,5,4,1
2013553C12404,3,9,0,3,0,0,0,0,0,0,2,1,6,1,8,1968,2,3,6,3
2013553C12404,4,9,0,3,0,0,0,0,0,0,2,1,6,2,8,1968,2,3,10,1
2013553C12427,1,2,0,11,0,8,0,0,0,0,3,1,6,1,8,49,1,-1,10,1
2013553C12427,2,9,0,18,0,8,0,0,0,0,1,1,6,3,-1,-1,-1,-1,-1,-1
2013553C12429,1,9,0,18,0,8,0,0,0,0,4,1,6,1,7,1560,2,9,3,2
2013553C12429,2,9,0,9,0,6,0,0,0,0,4,1,6,1,9,1997,1,9,10,1
2013553C12634,1,9,0,9,0,1,0,0,0,0,3,1,6,1,4,998,1,5,4,1
2013553C12634,2,9,0,13,0,8,0,0,0,0,1,1,6,1,9,1997,1,10,9,1
2013553C12647,1,9,0,18,0,8,0,0,0,0,4,1,6,1,8,1388,1,13,7,1
2013553C12647,2,9,0,18,0,6,0,0,0,0,1,1,6,2,5,1870,2,10,4,1
2013553C12959,1,9,0,5,0,1,0,0,0,0,1,1,6,1,8,1999,1,6,8,1
2013553C12959,2,9,0,3,0,1,0,0,0,0,2,1,6,2,8,1596,1,6,6,1
2013553C13102,1,9,0,18,0,0,5,0,5,6,1,1,6,1,5,1398,2,10,8,1
2013553C13200,1,9,0,18,0,0,0,0,0,0,1,1,6,1,10,1339,1,3,10,2
2013553C13200,2,9,0,2,0,0,0,0,0,0,2,1,6,3,-1,1995,2,2,-1,-1
2013553C13275,1,1,0,18,0,8,0,0,0,0,1,1,1,2,7,-1,-1,-1,3,1
2013553C13275,2,9,0,5,0,4,0,0,0,0,1,1,6,2,11,1296,1,7,6,1
2013553C13487,1,9,0,18,0,8,0,0,0,0,1,1,6,1,9,2148,2,4,8,1
2013553C13487,2,9,0,18,0,8,0,0,0,0,1,1,6,1,11,-1,-1,-1,6,1
2013553C13686,1,8,0,5,0,8,0,0,0,0,1,1,1,1,7,1896,2,4,6,1