Accident_Index,Vehicle_Reference,Vehicle_Type,Towing_and_Articulation,Vehicle_Manoeuvre,Vehicle_Location-Restricted_Lane,Junction_Location,Skidding_and_Overturning,Hit_Object_in_Carriageway,Vehicle_Leaving_Carriageway,Hit_Object_off_Carriageway,1st_Point_of_Impact,Was_Vehicle_Left_Hand_Drive?,Journey_Purpose_of_Driver,Sex_of_Driver,Age_Band_of_Driver,Engine_Capacity_(CC),Propulsion_Code,Age_of_Vehicle,Driver_IMD_Decile,Driver_Home_Area_Type
2013553C13686,2,1,0,18,0,8,0,0,0,0,1,1,6,1,4,-1,-1,-1,8,1
2013553C13704,1,8,0,3,0,1,0,0,0,0,2,1,1,1,7,1560,2,4,2,1
2013553C13704,2,9,0,5,0,1,1,0,0,0,1,1,1,2,7,1600,2,2,3,1
2013553C13788,1,10,0,18,0,8,0,0,0,0,4,1,1,2,6,2287,2,6,5,3
2013553C13788,2,21,0,7,0,5,0,0,0,0,2,1,1,1,8,11021,2,11,3,1
2013553C13868,1,9,0,7,0,6,0,0,0,0,4,1,6,2,7,1598,1,14,3,1
2013553C13875,1,9,0,1,9,6,0,0,0,0,1,1,6,1,11,1587,1,16,3,1
2013553C13875,2,9,0,2,9,2,0,0,0,0,2,1,6,2,6,1587,1,15,3,1
2013553C13917,1,9,0,3,0,1,0,0,0,0,2,1,6,2,9,2204,2,4,3,1
2013553C13917,2,9,0,4,0,1,0,0,0,0,2,1,6,1,4,1149,1,13,6,1
2013553C13917,3,9,0,4,0,1,1,0,0,0,1,1,1,1,4,1596,1,11,9,1
2013553C13917,4,9,0,3,0,1,0,0,0,0,2,1,1,1,9,2400,2,2,9,1
2013553C13917,5,19,0,4,0,1,0,0,0,0,1,1,1,1,5,1753,2,10,8,1
2013553C13917,6,19,0,4,0,1,0,0,0,0,1,1,1,1,5,1686,2,10,4,1
2013553C13944,1,11,0,18,0,0,0,0,0,0,0,1,1,1,8,-1,-1,-1,9,1
2013553C13944,2,1,0,18,0,0,0,0,0,0,0,1,6,3,-1,-1,-1,-1,-1,-1
2013553C13971,1,9,0,5,0,0,0,0,0,0,3,1,6,1,8,2495,2,11,2,1
2013553C14064,1,20,0,5,0,8,0,0,0,0,4,1,1,1,8,2800,2,11,5,1
2013553C14064,2,2,0,18,0,8,0,0,0,0,1,1,6,1,4,49,1,2,3,1
2013553C14129,1,9,0,7,0,6,0,0,0,0,3,1,6,1,5,1595,1,13,2,1
2013553C14129,2,2,0,18,0,8,1,0,0,0,1,1,6,2,4,50,1,6,4,1
2013553C14140,1,11,0,4,0,0,0,0,0,0,0,1,1,1,8,7300,2,1,9,1
2013553C14143,1,9,0,5,0,6,0,0,0,0,1,1,6,1,9,-1,-1,-1,3,1
2013553C14143,2,9,0,18,0,8,0,0,0,0,1,1,6,1,6,1995,1,9,8,1
2013553C14376,1,9,0,18,0,8,0,0,0,0,1,1,6,1,7,1896,2,4,10,1
2013553C14376,2,1,0,18,0,8,0,0,0,0,4,1,6,1,4,-1,-1,-1,5,1
2013553C14511,1,9,0,18,0,1,0,0,0,6,4,1,6,2,5,1360,1,11,3,1
2013553C14511,2,20,0,18,0,1,0,0,0,0,1,1,6,3,-1,-1,-1,-1,-1,-1
2013553C14614,1,9,0,7,0,8,0,0,0,0,1,1,1,1,6,1794,1,11,10,1
2013553C14614,2,1,0,18,0,8,0,0,0,0,4,1,2,1,7,-1,-1,-1,3,1
2013553C14648,1,9,0,18,0,0,0,0,7,0,3,1,6,1,10,2987,2,5,7,1
2013553C14648,2,9,0,18,0,0,0,0,0,0,3,1,6,2,7,1995,2,8,2,1
2013553C14777,1,11,0,4,0,1,0,0,0,0,0,1,1,1,9,7300,2,9,3,1
2013553C14777,2,9,0,11,0,1,0,0,0,0,0,1,6,3,-1,-1,-1,-1,-1,-1
2013553C14827,1,9,0,5,9,6,0,0,0,0,1,1,2,1,6,1197,1,1,2,1
2013553C14827,2,1,0,18,9,1,0,0,0,0,1,1,6,1,4,-1,-1,-1,5,1
2013553C14845,1,9,0,5,0,4,0,0,0,0,3,1,2,2,5,1124,1,15,4,1
2013553C14845,2,5,0,18,0,8,0,0,0,0,1,1,2,1,5,599,1,3,4,1
2013553C14895,1,21,0,7,0,4,0,0,0,0,4,1,1,1,8,6370,2,1,2,1
2013553C14895,2,9,0,18,0,4,0,0,0,0,3,1,6,2,10,1560,2,9,9,1
2013553C14905,1,9,0,18,0,3,0,0,0,0,3,1,6,2,9,1124,1,10,3,1
2013553C14914,1,9,0,5,0,6,0,0,0,0,1,1,6,3,-1,-1,-1,-1,-1,-1
2013553C14914,2,4,0,18,0,8,0,0,0,0,1,1,6,1,9,250,1,45,4,1
2013553C14972,1,1,0,9,0,6,0,0,0,0,1,1,2,1,6,-1,-1,-1,4,1
2013553C14972,2,9,0,18,0,8,0,0,0,0,1,1,6,1,5,-1,-1,-1,3,1
2013553C15027,1,9,0,18,0,3,0,0,0,0,1,1,6,2,6,1796,1,8,2,1
2013553C15082,1,9,0,14,0,1,0,0,0,0,1,1,2,1,9,1798,1,12,6,1
2013553C15082,2,9,0,3,0,1,0,0,0,0,0,1,6,1,6,1596,1,12,2,1
2013553C15094,1,9,0,18,0,0,0,0,0,0,1,1,6,3,-1,-1,-1,-1,-1,-1
2013553C15094,2,1,0,18,0,0,0,0,0,0,2,1,2,1,5,-1,-1,-1,4,1
2013553C15136,1,9,0,18,0,0,0,0,0,0,1,1,2,2,8,1598,1,11,5,1
2013553C15196,1,9,0,9,0,8,0,0,0,0,1,1,6,1,9,1991,1,16,5,1
2013553C15196,2,5,0,15,0,8,0,0,0,0,1,1,6,1,6,749,1,12,6,1
2013553C15216,1,9,0,17,0,0,0,0,0,0,3,1,6,2,8,998,1,16,3,1
2013553C15216,2,9,0,16,0,0,0,0,0,0,3,1,6,2,6,1299,1,11,5,1
2013553C15236,1,9,0,18,0,0,0,0,0,0,1,1,6,2,7,1242,1,13,1,1
2013553C15236,2,1,0,12,0,0,0,0,0,0,3,1,6,1,4,-1,-1,-1,3,1
2013553C15251,1,19,0,9,0,8,0,0,0,0,4,1,6,1,8,2798,2,12,8,1
2013553C15251,2,9,0,18,0,8,0,0,0,0,1,1,6,1,8,1461,2,6,7,1
2013553C15306,1,9,0,5,0,6,0,0,3,10,1,1,6,2,11,1061,1,8,4,1
2013553C15328,1,8,0,18,0,8,0,0,0,0,1,1,1,2,9,1587,1,4,8,1
2013553C15328,2,9,0,18,0,8,0,0,0,0,1,1,6,2,6,1598,1,2,2,1
2013553C15368,1,9,0,9,0,6,0,0,0,0,0,1,6,2,10,-1,-1,-1,-1,-1
2013553C15368,2,1,0,18,0,8,0,0,0,0,0,1,6,1,6,-1,-1,-1,5,1
2013553C15392,1,90,0,18,0,8,0,0,0,0,1,1,1,1,9,3920,2,6,6,1
2013553C15392,2,9,0,7,0,3,0,0,1,10,1,1,2,2,7,1998,1,6,4,1
2013553C15439,1,9,0,9,0,5,0,0,0,0,1,1,6,1,8,1799,1,7,7,1
2013553C15575,1,19,0,9,0,8,0,0,0,0,4,1,1,1,4,1968,2,3,10,1
2013553C15575,2,19,0,18,0,8,0,0,0,0,1,1,1,1,9,2198,2,7,8,1
2013553C15663,1,9,0,9,0,8,0,0,0,0,4,1,6,2,7,1596,1,1,8,1
2013553C15663,2,1,0,18,0,8,0,0,0,0,1,1,6,1,6,-1,-1,-1,6,1
2013553C15673,1,9,0,4,0,0,0,0,0,0,1,1,6,1,9,1950,2,13,7,1
2013553C15673,2,9,0,4,0,0,0,0,0,0,2,1,6,1,7,1396,2,2,5,1
2013553C15680,1,5,0,18,0,1,0,0,0,0,0,1,6,1,8,748,1,15,6,3
2013553C15811,1,9,0,5,0,1,0,0,0,0,1,1,6,2,6,1124,1,13,3,1
2013553C15811,2,9,0,5,0,1,0,0,0,0,2,1,6,2,5,1598,1,14,3,1
2013553C16022,1,3,0,18,0,8,0,0,0,0,0,1,6,1,4,124,1,2,8,1
2013553C16022,2,9,0,5,0,6,0,0,0,0,0,1,6,3,-1,-1,-1,-1,-1,-1
2013553C16039,1,11,0,18,0,1,0,0,0,0,0,1,1,1,8,7300,2,1,5,1
2013553C16139,1,19,0,18,0,0,0,0,0,0,1,1,1,1,7,2298,2,2,3,1
2013553C16139,2,1,0,18,0,0,0,0,1,0,2,1,6,2,7,-1,-1,-1,1,1
2013553C16162,1,11,0,4,0,1,0,0,0,0,0,1,1,1,8,9000,2,4,8,3
2013553C16425,1,1,0,18,0,6,0,0,0,0,3,1,6,1,2,-1,-1,-1,-1,-1
2013553C16425,2,19,0,5,0,1,0,0,0,0,1,1,6,1,6,2148,2,3,10,1
2013553C16442,1,9,0,5,0,6,0,0,0,0,1,1,6,1,11,1086,1,3,9,1
2013553C16442,2,2,0,18,0,8,0,0,0,0,4,1,6,1,4,50,1,1,7,1
2013553C16468,1,9,0,3,0,1,0,0,0,0,2,1,6,2,5,1397,1,14,10,1
2013553C16468,2,9,0,4,0,1,0,0,0,0,1,1,6,1,8,2000,2,4,10,1
2013553C16500,1,9,0,4,0,0,0,0,0,0,2,1,1,2,8,1587,1,8,5,1
2013553C16500,2,9,0,18,0,0,0,0,0,0,1,1,6,2,6,1149,1,12,10,1
2013553C16509,1,9,0,9,0,8,0,0,0,0,1,1,6,1,10,1341,1,11,3,1
2013553C16531,1,9,0,6,0,8,0,0,0,0,3,1,6,1,6,1497,1,11,5,2
2013553C16531,2,4,0,13,0,8,0,0,0,0,4,1,6,1,5,124,1,1,10,1
2013553C16550,1,4,0,18,0,1,0,0,0,0,1,1,2,1,9,124,1,2,1,1
2013553C16550,2,9,0,5,0,6,0,0,0,0,4,1,2,1,6,1781,1,11,6,1
2013553C16622,1,9,0,18,0,0,0,0,0,0,1,1,6,1,5,1390,1,13,3,1
2013553C16622,2,9,0,18,0,0,0,0,0,0,2,1,6,2,8,1596,1,7,9,1
2013553C16622,3,9,0,18,0,0,0,0,0,0,2,1,6,2,7,2996,1,7,6,1
2013553C16685,1,1,0,17,0,8,0,0,0,0,1,1,2,1,6,-1,-1,-1,9,1
2013553C16685,2,9,0,7,0,3,0,0,0,0,4,1,6,1,9,998,1,1,7,1
2013553C16781,1,9,0,18,0,8,0,0,0,0,1,1,1,1,8,1242,1,11,3,1
2013553C16781,2,9,0,18,0,1,0,0,0,0,1,1,6,1,8,1497,1,13,1,1
2013553C16996,1,9,0,5,0,1,0,0,0,0,4,1,3,2,10,1560,2,7,9,1
2013553C17032,1,9,0,6,0,8,0,0,0,0,3,1,6,1,6,1900,2,9,-1,-1
2013553C17032,2,9,0,18,0,8,0,0,0,0,4,1,6,1,5,1242,1,5,6,1
2013553C17082,1,1,0,18,0,8,0,0,0,0,3,1,6,1,6,-1,-1,-1,2,1
2013553C17082,2,9,0,18,0,8,0,0,0,0,1,1,6,2,8,1598,1,10,10,2
2013553C17175,1,9,0,9,0,5,0,0,0,0,4,1,2,2,6,1198,1,2,6,1
2013553C17175,2,1,0,18,4,8,0,0,0,0,1,1,6,1,8,-1,-1,-1,4,1
2013553C17266,1,9,0,9,0,6,0,0,0,0,3,1,6,1,5,2000,1,7,7,3
2013553C17266,2,2,0,18,0,8,0,0,0,0,1,1,6,1,4,49,1,1,1,1
2013553C17273,1,9,0,18,0,1,0,0,0,0,1,1,6,1,10,1753,2,11,7,1
2013553C17273,2,9,0,3,0,1,0,0,0,0,2,1,6,1,6,1796,1,9,6,1
2013553C17286,1,9,0,9,0,5,0,0,0,0,4,1,6,1,9,1597,1,16,7,1
2013553C17286,2,9,0,18,0,8,0,0,0,0,1,1,6,2,7,3199,1,10,8,1
2013553C17398,1,9,0,5,0,8,0,0,0,0,1,1,6,2,11,1599,1,6,7,1
2013553C17398,2,9,0,3,0,8,0,0,0,0,2,1,6,1,6,1390,1,10,3,1
2013553C17417,1,11,0,18,0,2,0,0,0,0,3,1,1,1,7,-1,2,13,7,3
2013553C17417,2,9,0,11,0,1,0,0,0,0,4,1,6,2,6,1995,1,-1,8,1
2013553C17456,1,9,0,18,0,6,0,0,3,10,1,1,6,2,11,1242,1,5,-1,-1
2013553C17456,2,9,0,2,9,2,0,0,0,0,2,1,6,3,-1,-1,-1,-1,-1,-1
2013553C17637,1,8,0,5,0,0,0,0,0,0,4,1,1,1,6,1995,2,7,6,1
2013553C17689,1,9,0,18,0,0,0,0,0,0,1,1,6,1,5,1596,1,12,4,1
2013553C17689,2,9,0,3,0,0,0,0,0,0,2,1,6,2,7,1596,1,9,3,1
2013553C17696,1,19,0,6,0,1,0,0,0,0,3,1,2,1,9,2198,2,1,8,1
2013553C17696,2,9,0,18,0,1,0,0,0,0,4,1,6,2,10,1390,1,13,7,1
2013553C17762,1,11,0,17,0,2,0,0,0,0,0,1,1,1,8,7300,2,8,8,1
2013553C17860,1,9,0,3,0,0,0,0,0,0,2,1,6,1,6,1968,2,10,5,1
2013553C17860,2,9,0,3,0,0,0,0,0,0,2,1,6,2,5,1399,1,9,7,1
2013553C17860,3,9,0,18,0,0,0,0,0,0,1,1,6,1,6,2000,1,13,4,1
2013553C17948,1,9,0,17,0,8,0,0,0,0,3,1,6,2,7,1149,1,6,8,2
2013553C17948,2,19,0,18,0,3,0,0,0,0,1,1,6,1,6,1995,2,3,5,1
2013553C17949,1,8,0,2,0,0,0,0,0,0,3,1,1,1,8,1796,1,5,3,1
2013553C17949,2,1,0,18,0,0,0,8,0,0,1,1,2,2,9,-1,-1,-1,9,1
2013553C17991,1,9,0,18,0,0,0,0,0,0,1,1,6,1,9,-1,-1,-1,8,1
2013553C18016,1,9,0,18,0,8,0,0,0,0,1,1,6,2,7,1396,1,18,9,1
2013553C18016,2,9,0,5,0,4,0,0,0,0,3,1,6,2,6,1296,1,6,6,3
2013553C18154,1,19,0,18,0,0,0,10,1,3,1,1,6,1,4,2494,2,12,6,1
2013553C18154,2,9,0,2,9,0,0,0,0,0,1,1,6,3,-1,1595,1,23,-1,-1
2013553C18158,1,9,0,4,0,0,0,0,0,0,1,1,6,2,6,1598,1,12,4,1
2013553C18158,2,9,0,4,0,0,0,0,0,0,1,1,6,1,8,1997,2,1,8,1
2013553C18544,1,90,0,18,0,8,1,0,7,10,4,1,1,2,6,-1,-1,-1,4,1
2013553C18544,2,8,0,5,0,6,0,0,0,0,1,1,1,1,7,1686,2,9,6,1
2013553C18625,1,9,0,1,0,0,0,0,0,0,2,1,6,1,11,1296,1,7,6,1
2013553C18653,1,11,0,18,0,8,0,0,0,0,4,1,1,1,7,5900,2,7,9,1
2013553C18653,2,9,0,1,0,6,0,0,0,0,2,1,1,1,6,1986,2,7,6,1
2013553C18667,1,9,0,9,0,8,0,0,0,0,4,1,6,2,7,1497,1,12,7,1
2013553C18667,2,5,0,18,0,1,0,0,0,0,4,1,2,1,7,599,1,13,7,1
2013553C18710,1,9,0,18,0,1,0,0,0,0,1,1,6,2,8,-1,-1,-1,5,1
2013553C18710,2,19,4,3,0,1,0,0,0,0,2,1,1,1,6,2402,2,3,3,1
2013553C18758,1,9,0,5,9,6,0,0,0,0,1,1,2,2,5,1598,1,9,7,3
2013553C18758,2,1,0,18,9,1,0,0,0,0,1,1,6,1,8,-1,-1,-1,3,1
2013553C18776,1,9,0,18,0,4,0,0,0,0,1,1,6,1,8,-1,-1,-1,3,1
2013553C18776,2,9,0,18,0,3,0,0,0,0,1,1,6,1,4,1989,1,14,5,1
2013553C18787,1,9,0,18,0,0,0,0,0,0,1,1,6,2,4,1598,1,10,9,1
2013553C18787,2,9,0,3,0,0,0,0,0,0,2,1,6,2,6,1796,1,10,9,1
2013553C18787,3,9,0,3,0,0,0,0,0,0,2,1,6,2,9,1386,1,10,9,1
2013553C18787,4,9,0,3,0,0,0,0,0,0,2,1,6,2,6,1595,1,4,5,1
2013553C18818,1,2,0,14,0,8,0,0,0,0,1,1,6,1,4,49,1,1,4,1
2013553C18818,2,9,0,9,0,6,0,0,0,0,1,1,2,1,6,2398,1,14,3,1
2013553C18818,3,9,0,3,0,1,0,0,0,0,0,1,6,3,-1,-1,-1,-1,-1,-1
2013553C18919,1,9,0,17,0,8,0,0,0,0,1,1,6,2,7,1988,1,10,6,1
2013553C18919,2,9,0,4,0,8,0,0,0,0,2,1,6,2,5,1596,1,17,7,3
2013553C18919,3,90,0,18,0,1,0,0,0,0,0,1,1,3,-1,-1,-1,-1,-1,-1
2013553C19054,1,9,0,18,0,1,0,0,0,0,4,1,6,3,-1,-1,-1,-1,-1,-1
2013553C19099,1,9,0,11,0,1,0,0,0,0,1,1,6,2,9,1896,2,8,8,1
2013553C19099,2,1,0,18,0,1,0,0,0,0,3,1,6,1,7,-1,-1,-1,6,1
2013553C19102,1,11,0,18,0,0,0,0,0,0,0,1,1,1,8,7300,2,10,1,1
2013553C19286,1,9,0,9,0,5,0,0,0,0,4,1,6,1,6,1229,1,7,3,1
2013553C19286,2,9,0,18,0,8,0,0,0,0,1,1,6,1,6,1598,2,1,9,1
2013553C19322,1,9,0,3,0,1,0,0,0,0,2,1,6,1,7,1796,1,9,1,1
2013553C19322,2,9,0,18,0,1,0,0,0,0,1,1,6,1,7,1995,1,4,8,1
2013553C19389,1,9,0,9,0,8,0,0,0,0,1,1,6,1,6,1364,1,8,3,1
2013553C19389,2,1,0,18,0,8,0,0,0,0,1,1,6,1,8,-1,-1,-1,8,1
2013553C19403,1,9,0,18,0,0,0,0,0,0,1,1,6,3,-1,-1,-1,-1,-1,-1
2013553C19520,1,9,0,18,0,1,0,0,0,0,4,1,6,1,10,1998,1,22,7,1
2013553C19566,1,9,0,7,0,0,0,0,0,0,4,1,2,1,7,1798,1,10,6,1
2013553C19566,2,1,0,15,0,0,0,0,0,0,1,1,2,1,7,-1,-1,-1,5,1
2013553C19584,1,9,0,5,0,4,0,0,0,0,2,1,6,2,4,1124,1,11,5,1
2013553C19584,2,9,0,5,0,4,0,0,0,0,1,1,1,1,5,-1,-1,-1,8,1
2013553C19668,1,9,0,1,0,6,0,0,0,0,2,1,6,2,5,1242,1,9,9,1
2013553C19668,2,9,0,2,0,8,0,0,0,0,1,1,6,2,5,1900,2,9,3,1
2013553C19669,1,11,0,4,0,2,0,0,0,0,0,1,1,1,8,-1,2,14,2,1
2013553C19681,1,9,0,9,0,6,0,0,0,0,1,1,6,1,5,1397,1,4,10,1
2013553C19681,2,4,0,18,0,8,0,0,0,0,3,1,6,1,4,399,1,24,5,1
2013553C19825,1,1,0,18,0,1,0,0,0,0,2,1,6,1,5,-1,-1,-1,4,1
2013553C19825,2,1,0,18,0,1,0,0,0,0,1,1,6,1,7,-1,-1,-1,6,1
2013553C19835,1,9,0,18,0,3,0,0,0,0,3,1,2,2,8,1388,1,2,9,1
2013553C19835,2,5,0,13,0,3,0,0,0,0,4,1,1,1,9,572,1,30,5,1
2013553C19983,1,9,0,3,0,0,0,0,0,0,2,1,6,2,7,1596,1,14,9,1
2013553C19983,2,9,0,5,0,0,0,0,0,0,1,1,6,2,8,1242,1,3,10,1
2013553C19990,1,9,0,5,0,0,0,0,0,0,2,1,6,1,10,1986,2,7,10,1
2013553C19990,2,9,0,2,0,0,0,0,0,0,1,1,6,3,-1,1997,1,4,-1,-1
2013553C20014,1,9,0,18,0,1,0,0,7,2,1,1,6,2,7,1242,1,12,4,1
2013553C20018,1,9,0,18,0,0,0,4,0,0,1,1,6,1,5,1596,1,10,4,1
2013553C20018,2,9,0,2,0,0,0,0,0,0,1,1,6,3,-1,1994,2,12,-1,-1
2013553C20018,3,9,0,2,0,0,0,0,0,0,1,1,6,3,-1,1400,1,14,-1,-1
2013553C20047,1,11,0,18,2,0,0,0,0,0,0,1,1,3,-1,-1,-1,-1,-1,-1
2013553C20047,2,1,0,18,4,0,0,10,0,0,4,1,6,1,6,-1,-1,-1,6,1
2013553C20236,1,9,0,9,0,6,0,0,0,0,3,1,6,1,8,1951,2,11,8,1
2013553C20236,2,9,0,18,0,8,0,0,0,0,1,1,6,2,9,2499,2,14,1,1
2013553C20288,1,9,0,18,0,1,0,0,0,0,1,1,6,2,9,1986,2,7,6,1
2013553C20288,2,11,0,18,0,1,0,0,0,0,3,1,1,1,6,7300,2,1,9,1
2013553C20296,1,9,0,4,0,1,0,0,0,0,1,1,6,1,9,-1,-1,-1,2,1
2013553C20348,1,9,0,5,0,0,0,0,0,0,1,1,6,2,5,998,1,9,5,1
2013553C20348,2,5,0,18,0,0,0,0,0,0,1,1,6,1,8,1157,1,15,6,1
2013553C20430,1,9,0,6,0,1,0,0,0,0,3,1,6,1,7,1000,1,13,10,2
2013553C20430,2,1,0,18,0,1,0,0,0,0,3,1,6,1,6,-1,-1,-1,1,1
2013553C20432,1,9,0,18,0,4,0,0,0,0,1,1,6,1,9,1799,1,6,3,1
2013553C20432,2,9,0,18,0,8,0,0,0,0,4,1,6,1,6,1796,1,10,10,1
2013553C20676,1,19,0,9,0,6,0,0,0,0,3,1,6,1,7,2198,2,1,2,1
2013553C20676,2,9,0,18,0,8,0,0,0,0,1,1,6,1,7,1598,1,1,9,1
2013553C20703,1,19,0,18,0,0,0,0,0,0,1,1,1,1,5,2460,2,7,5,3
2013553C20703,2,9,0,18,0,0,0,0,0,0,1,1,6,2,9,1997,1,7,10,3
2013553C20712,1,9,0,9,0,5,0,0,0,0,1,1,1,2,5,1242,1,1,5,1
2013553C20712,2,1,0,18,0,8,0,0,0,0,1,1,2,1,6,-1,-1,-1,4,1
2013553C20863,1,9,0,2,0,0,0,0,0,0,3,1,6,2,6,1984,1,11,10,1
2013553C20863,2,1,0,18,0,0,0,0,0,0,1,1,2,1,6,-1,-1,-1,4,1
2013553C20873,1,9,0,12,0,4,0,0,0,0,1,1,6,1,6,1910,2,6,-1,-1
2013553C20873,2,9,0,18,0,4,0,0,3,1,4,1,6,2,8,999,1,3,10,1
2013553C20880,1,9,0,18,0,8,0,0,0,0,1,1,6,3,-1,1984,1,11,-1,-1
2013553C20880,2,9,0,18,0,8,0,0,7,10,3,1,6,2,8,1686,2,11,7,3
2013553C20880,3,9,0,2,9,2,0,0,0,0,4,1,6,3,-1,1995,2,9,-1,-1
2013553C20880,4,9,0,2,9,2,0,0,0,0,3,1,6,3,-1,-1,-1,-1,-1,-1
2013553C20887,1,11,0,2,0,0,0,0,0,0,0,1,1,1,6,7300,2,10,5,1
2013553C20927,1,1,0,18,0,0,1,0,0,0,2,1,2,1,6,-1,-1,-1,1,1
2013553C20927,2,9,0,18,0,0,0,0,0,0,1,1,6,3,-1,-1,-1,-1,-1,-1
2013553C20940,1,8,0,7,0,5,0,0,0,0,4,1,1,1,6,1560,2,4,6,1
2013553C20940,2,9,0,15,0,1,0,0,1,10,3,1,6,2,7,1364,2,9,7,1
2013553C21041,1,9,0,18,0,0,0,0,0,0,1,1,6,3,-1,-1,-1,-1,-1,-1
2013553C21052,1,9,0,18,0,1,5,0,1,2,1,1,2,1,7,4163,1,7,10,1
2013553C21177,1,9,0,18,0,1,0,0,1,2,1,1,6,2,5,1390,1,10,8,1
2013553C21192,1,9,0,18,0,8,0,0,0,0,1,1,6,1,4,1398,1,3,2,1
2013553C21192,2,9,0,17,0,8,0,0,0,0,4,1,6,2,7,1299,1,11,10,1
2013553C21210,1,9,0,18,0,8,0,0,0,0,4,1,6,2,6,1686,2,8,6,1
2013553C21210,2,9,0,18,0,8,0,0,0,0,1,1,6,2,5,1598,1,9,4,1
2013553C21358,1,9,0,18,0,1,0,0,0,0,4,1,6,3,-1,-1,-1,-1,-1,-1
2013553C21358,2,1,0,18,0,1,0,0,0,0,3,1,6,1,5,-1,-1,-1,10,1
2013553C21487,1,9,0,17,0,4,0,0,0,0,2,1,6,2,-1,-1,-1,-1,-1,-1
2013553C21487,2,3,0,18,0,3,0,0,0,0,1,1,1,1,4,125,1,10,9,1
2013553C21488,1,9,0,4,0,2,0,0,0,0,2,1,6,1,10,2435,1,14,9,3
2013553C21488,2,9,0,18,0,2,0,0,0,0,1,1,6,2,8,1796,1,11,3,1
2013553C21488,3,9,0,4,0,2,0,0,0,0,2,1,6,2,8,1398,2,8,7,3
2013553C21488,4,9,0,4,0,2,0,0,0,0,2,1,2,2,7,1398,1,-1,7,1
2013553C21488,5,9,0,11,0,1,0,0,0,0,0,1,6,3,-1,-1,-1,-1,-1,-1
2013553C21569,1,9,0,18,0,6,0,0,0,0,1,1,3,2,6,1995,1,6,7,1
2013553C21569,2,1,0,18,0,8,0,0,0,0,1,1,4,1,3,-1,-1,-1,3,1
2013553C21627,1,9,0,16,0,1,1,0,0,0,3,1,6,2,6,1360,1,15,1,1
2013553C21627,2,9,0,17,0,2,0,0,0,0,3,1,6,2,7,1598,1,13,5,1
2013553C21651,1,19,0,18,0,8,0,0,1,4,1,1,1,1,9,1998,2,7,5,1
2013553C21651,2,9,0,18,0,1,0,0,7,4,4,1,2,2,7,1398,1,10,7,1
2013553C21779,1,9,0,13,0,0,0,0,7,0,4,1,6,1,5,2792,1,16,6,1
2013553C21779,2,21,0,12,0,0,0,0,0,0,3,1,1,1,9,6870,2,2,8,1
2013553C21849,1,9,0,3,0,8,0,0,0,0,4,1,6,2,8,4164,2,15,8,1
2013553C21849,2,1,0,18,4,8,0,0,0,0,1,1,6,1,8,-1,-1,-1,7,1
2013553C21876,1,9,0,18,0,0,0,0,0,0,1,1,6,1,5,1795,1,14,6,1
2013553C21876,2,9,0,2,0,0,0,0,0,0,4,1,6,1,6,660,1,22,6,1
2013553C21893,1,9,0,5,0,4,0,0,0,0,1,1,2,2,5,1299,1,16,3,1
2013553C21893,2,1,0,3,0,4,0,0,0,0,2,1,6,2,8,-1,-1,-1,9,1
2013553C22074,1,1,0,15,0,3,0,0,0,0,3,1,6,1,7,-1,-1,-1,8,1
2013553C22074,2,9,0,4,0,3,0,0,0,0,4,1,6,1,7,1997,2,3,4,1
2013553C22142,1,4,0,14,0,1,0,0,0,0,4,1,6,3,-1,-1,-1,-1,-1,-1
2013553C22157,1,11,0,18,0,0,0,0,0,0,0,1,6,1,6,6374,2,3,5,1
2013553C22181,1,3,0,14,0,0,0,0,0,0,1,1,6,1,6,124,1,6,4,1
2013553C22380,1,9,0,4,0,0,1,0,0,0,1,1,6,1,6,1497,1,12,4,1
2013553C22380,2,9,0,4,0,0,0,0,1,10,2,1,6,2,5,-1,-1,-1,-1,-1
2013553C22391,1,11,0,5,0,0,0,0,0,0,0,1,1,1,6,7300,2,1,6,1
2013553C22482,1,19,0,1,0,0,0,0,0,0,2,1,6,3,-1,-1,-1,-1,-1,-1
2013553C22524,1,9,0,1,0,0,0,0,0,0,2,1,6,2,4,1299,1,10,10,1
2013553C22524,2,8,0,4,0,0,0,0,0,0,1,1,6,1,7,1686,2,10,1,1
2013553C22652,1,9,0,17,0,0,0,0,0,0,4,1,6,1,11,2499,1,4,9,1
2013553C22652,2,9,0,2,0,0,0,0,0,0,4,1,6,3,-1,3239,1,21,-1,-1
2013553C22680,1,9,0,5,0,6,0,0,0,0,3,1,6,1,8,1995,2,10,7,1
2013553C22680,2,1,0,18,0,8,0,0,0,0,1,1,6,2,7,-1,-1,-1,8,1
2013553C22704,1,11,0,16,0,2,0,0,0,0,0,1,1,1,5,7300,2,11,6,1
2013553C22752,1,9,0,18,0,2,0,0,0,0,3,1,1,2,7,1398,1,-1,3,1
2013553C22792,1,9,0,18,0,0,0,0,0,0,4,1,6,3,-1,-1,-1,-1,-1,-1
2013553C22887,1,9,0,9,0,8,0,0,0,0,3,1,6,1,10,1769,1,7,10,1
2013553C22887,2,1,0,18,0,8,0,0,0,0,1,1,6,2,6,-1,-1,-1,4,1
2013553C22907,1,9,0,9,0,8,0,0,0,0,3,1,6,2,6,1199,1,15,7,1
2013553C22907,2,3,0,14,0,1,0,0,0,0,1,1,6,2,6,124,1,-1,6,1
2013553C23018,1,9,0,18,0,0,0,0,0,0,1,1,6,2,7,1196,1,17,8,1
2013553C23045,1,2,0,4,0,1,1,0,0,0,4,1,6,1,4,49,1,9,10,1
2013553C23170,1,9,0,18,0,2,0,0,0,0,1,1,6,1,8,2401,2,5,10,1