Accident_Index,Vehicle_Reference,Vehicle_Type,Towing_and_Articulation,Vehicle_Manoeuvre,Vehicle_Location-Restricted_Lane,Junction_Location,Skidding_and_Overturning,Hit_Object_in_Carriageway,Vehicle_Leaving_Carriageway,Hit_Object_off_Carriageway,1st_Point_of_Impact,Was_Vehicle_Left_Hand_Drive?,Journey_Purpose_of_Driver,Sex_of_Driver,Age_Band_of_Driver,Engine_Capacity_(CC),Propulsion_Code,Age_of_Vehicle,Driver_IMD_Decile,Driver_Home_Area_Type
2013553C23172,1,90,0,18,0,0,0,0,0,0,1,1,1,1,9,-1,-1,-1,8,3
2013553C23172,2,9,0,3,0,0,0,0,0,0,2,1,6,2,7,1896,2,10,5,1
2013553C23205,1,9,0,5,0,4,0,0,0,0,1,1,6,2,8,1560,2,7,6,1
2013553C23205,2,1,0,18,0,8,0,0,0,0,4,1,6,1,5,-1,-1,-1,6,1
2013553C23245,1,9,0,7,0,6,0,0,0,0,2,1,2,1,11,1199,1,12,6,1
2013553C23245,2,1,0,18,0,8,1,0,0,0,1,1,2,1,7,-1,-1,-1,5,1
2013553C23285,1,9,0,18,0,8,0,0,0,0,1,1,6,2,9,1199,1,11,8,1
2013553C23285,2,9,0,3,0,8,0,0,0,0,2,1,6,2,6,1360,1,8,3,1
2013553C23288,1,5,0,18,0,1,1,0,0,0,1,1,6,1,7,599,1,16,6,1
2013553C23288,2,9,0,9,0,8,0,0,0,0,3,1,1,2,9,1598,1,1,6,1
2013553C23337,1,3,0,14,0,8,0,0,0,0,1,1,2,1,4,100,1,10,4,1
2013553C23337,2,9,0,18,0,6,0,0,0,0,1,1,6,2,7,3301,1,7,3,1
2013553C23511,1,9,0,9,0,5,0,0,0,0,3,1,6,1,6,1229,1,7,7,1
2013553C23511,2,5,0,13,0,8,0,0,0,0,1,1,6,3,-1,748,1,24,-1,-1
2013553C23584,1,9,0,1,0,0,0,0,0,0,2,1,6,3,-1,-1,-1,-1,-1,-1
2013553C23682,1,9,0,3,0,1,0,0,0,0,1,1,2,2,9,1560,2,4,8,1
2013553C23682,2,2,0,13,0,1,0,0,0,0,1,1,2,1,4,49,1,7,8,1
2013553C23682,3,9,0,18,0,1,0,0,0,0,1,1,2,2,7,1973,1,11,5,1
2013553C23698,1,19,0,5,0,1,0,0,0,0,1,1,1,2,7,2402,2,10,6,1
2013553C23698,2,1,0,18,0,6,0,0,0,0,1,1,6,2,6,-1,-1,-1,6,1
2013553C23714,1,11,0,5,0,0,0,0,0,0,0,1,1,1,6,7300,2,1,3,1
2013553C23881,1,9,0,9,0,5,0,0,0,0,1,1,6,3,-1,-1,-1,-1,-1,-1
2013553C23881,2,1,0,15,0,8,0,0,0,0,1,1,2,1,5,-1,-1,-1,6,1
2013553C24057,1,9,0,5,0,6,0,0,0,0,1,1,2,1,10,1198,1,1,6,1
2013553C24057,2,9,0,18,0,1,0,0,0,0,1,1,2,1,5,1995,1,6,1,1
2013553C24104,1,9,0,5,0,8,0,0,0,0,1,1,6,2,10,1339,1,5,9,1
2013553C24168,1,1,0,18,0,0,0,10,1,10,1,1,6,1,9,-1,-1,-1,6,1
2013553C24208,1,9,0,2,0,1,0,0,0,0,3,1,6,2,9,1560,2,4,9,1
2013553C24208,2,1,0,18,0,1,0,0,0,0,3,1,6,2,6,-1,-1,-1,3,1
2013553C24231,1,9,0,7,0,6,0,0,0,0,1,1,2,1,8,1598,1,9,6,1
2013553C24231,2,1,0,18,0,8,0,0,0,0,4,1,6,1,7,-1,-1,-1,6,1
2013553C24334,1,21,0,7,0,5,0,0,0,0,4,1,6,3,-1,-1,-1,-1,-1,-1
2013553C24334,2,1,0,18,0,1,0,0,0,0,3,1,6,2,7,-1,-1,-1,1,1
2013553C24355,1,9,0,18,0,0,0,0,0,0,4,1,6,2,7,1905,2,16,6,1
2013553C24355,2,19,0,2,0,0,0,0,0,0,2,1,6,3,-1,-1,-1,-1,-1,-1
2013553C24492,1,2,0,9,0,6,0,0,0,0,2,1,6,1,4,49,1,23,4,1
2013553C24492,2,1,0,18,0,8,0,0,0,0,1,1,6,1,9,-1,-1,-1,7,1
2013553C24590,1,9,0,5,0,1,0,0,0,0,4,1,6,1,7,1990,1,13,6,1
2013553C24590,2,9,0,18,0,8,0,0,0,0,1,1,6,1,6,1596,1,14,4,1
2013553C24744,1,9,0,9,0,5,0,0,0,0,1,1,6,1,9,-1,-1,-1,8,1
2013553C24744,2,1,0,18,4,8,0,0,0,0,3,1,6,1,7,-1,-1,-1,6,1
2013553C24784,1,9,0,18,0,4,0,0,0,0,4,1,6,1,7,1997,2,12,3,1
2013553C24784,2,1,0,18,0,6,0,0,0,0,3,1,6,1,5,-1,-1,-1,3,1
2013553C24957,1,9,0,9,0,5,0,0,0,0,1,1,6,1,10,2987,2,5,10,1
2013553C24957,2,9,0,18,0,8,0,0,0,0,1,1,6,1,10,1948,1,16,5,1
2013553C25009,1,2,0,5,0,1,0,0,0,0,3,1,6,1,4,49,1,9,3,1
2013553C25009,2,9,0,18,0,8,0,0,0,0,1,1,6,2,6,1388,1,7,4,1
2013553C25027,1,9,0,3,0,4,0,0,0,0,2,1,1,2,7,1198,1,1,3,1
2013553C25027,2,9,0,3,0,1,0,0,0,0,2,1,1,2,8,1242,1,6,5,1
2013553C25027,3,9,0,18,0,1,0,0,0,0,1,1,6,1,6,1794,1,11,4,1
2013553C25035,1,9,0,18,0,8,0,0,0,0,1,1,6,2,6,1686,2,12,9,1
2013553C25035,2,1,0,18,0,8,0,0,0,0,1,1,6,1,5,-1,-1,-1,5,1
2013553C25057,1,9,0,9,0,5,0,0,0,0,3,1,6,2,5,2987,2,7,6,1
2013553C25057,2,3,0,13,0,8,1,0,0,0,1,1,6,1,4,124,1,17,2,1
2013553C25090,1,1,0,18,0,0,0,0,0,0,1,1,6,2,8,-1,-1,-1,9,1
2013553C25090,2,9,0,2,0,0,0,0,0,0,4,1,6,3,-1,1388,1,11,-1,-1
2013553C25102,1,9,0,18,0,8,0,0,0,0,4,1,6,2,7,1360,1,13,2,1
2013553C25102,2,1,0,18,0,6,0,0,0,0,1,1,6,1,3,-1,-1,-1,2,1
2013553C25118,1,9,0,18,0,8,0,0,0,0,3,1,6,1,5,1149,1,1,-1,1
2013553C25118,2,9,0,18,0,8,0,0,0,0,3,1,6,1,6,1590,1,17,3,1
2013553C25118,3,9,0,2,0,2,0,0,0,0,4,1,6,3,-1,1998,1,13,-1,-1
2013553C25205,1,9,0,18,0,1,0,0,0,0,1,1,1,1,6,-1,-1,-1,3,1
2013553C25205,2,9,0,4,0,1,0,0,0,0,2,1,6,1,6,1598,1,4,3,1
2013553C25205,3,21,0,9,0,8,0,0,0,0,3,1,1,1,8,10518,2,5,3,1
2013553C25290,1,5,0,14,0,0,0,0,0,0,1,1,6,1,6,998,1,9,10,1
2013553C25290,2,90,0,3,0,0,0,0,0,0,0,1,6,1,6,1971,1,21,2,1
2013553C25301,1,1,0,18,0,1,0,0,0,0,1,1,2,2,6,-1,-1,-1,2,1
2013553C25301,2,9,0,18,0,1,0,0,0,0,4,1,2,1,5,1998,1,7,4,1
2013553C25301,3,9,0,14,0,2,0,0,0,0,3,1,6,1,5,1368,1,4,4,1
2013553C25390,1,9,0,18,0,2,1,0,0,0,1,1,6,1,10,1364,1,8,8,3
2013553C25390,2,9,0,18,0,1,1,0,0,0,1,1,6,2,9,1360,1,2,8,1
2013553C25436,1,20,0,18,0,0,0,0,0,0,1,1,6,1,7,2496,2,18,3,1
2013553C25465,1,9,0,18,0,1,0,0,0,0,1,1,6,1,7,1299,1,14,4,1
2013553C25465,2,9,0,3,0,1,0,0,0,0,1,1,6,2,4,998,1,1,3,1
2013553C25465,3,9,0,3,0,1,0,0,0,0,2,1,6,1,8,1399,1,4,4,1
2013553C25626,1,9,0,18,0,3,0,0,0,0,1,1,6,2,4,1598,1,10,8,1
2013553C25626,2,9,0,18,0,3,0,0,0,0,2,1,6,2,6,1398,2,10,2,1
2013553C25641,1,9,0,6,0,8,0,0,0,0,0,1,6,1,10,1598,1,13,5,1
2013553C25641,2,9,0,5,0,8,0,0,0,0,2,1,6,1,10,1973,1,14,5,1
2013553C25641,3,9,0,5,0,8,0,0,0,0,1,1,6,2,9,1986,1,19,4,1
2013553C25650,1,9,0,18,0,0,0,0,0,0,4,1,6,2,9,1399,2,7,4,1
2013553C25719,1,9,0,18,0,1,0,10,1,3,4,1,6,2,6,1781,1,8,8,1
2013553C25719,2,9,0,4,0,1,0,0,0,0,3,1,6,1,9,1560,2,3,10,1
2013553C25842,1,9,0,18,0,8,5,0,0,0,4,1,6,2,8,1149,1,9,4,1
2013553C25842,2,9,0,18,0,8,0,0,0,0,1,1,6,1,5,1489,1,15,10,1
2013553C25942,1,9,0,3,0,1,0,0,0,0,2,1,6,2,6,1199,1,11,10,1
2013553C25942,2,9,0,5,0,1,0,0,0,0,1,1,6,1,6,1461,2,11,3,1
2013553C25954,1,9,0,9,0,2,0,0,0,0,0,1,6,1,10,2435,1,12,3,1
2013553C25954,2,1,0,18,0,8,0,0,0,0,0,1,6,1,10,-1,-1,-1,2,1
2013553C26005,1,9,0,7,0,8,0,0,0,0,4,1,6,1,7,1598,1,13,6,1
2013553C26005,2,1,0,18,0,1,0,0,0,0,3,1,6,2,8,-1,-1,-1,5,1
2013553C26074,1,9,0,18,0,1,0,0,0,0,1,1,6,2,4,1242,1,4,10,1
2013553C26074,2,9,0,18,0,8,0,0,0,0,1,1,6,1,7,1781,1,12,5,1
2013553C26074,3,9,0,2,0,2,0,0,0,0,2,1,6,3,-1,1596,1,7,-1,-1
2013553C26251,1,9,0,9,0,5,0,0,0,0,1,1,6,2,9,1999,1,4,5,1
2013553C26251,2,1,0,18,4,1,0,0,0,0,3,1,2,1,3,-1,-1,-1,1,1
2013553C26443,1,9,0,9,0,5,0,0,0,0,4,1,2,2,6,1149,1,7,3,1
2013553C26443,2,1,0,15,0,1,0,0,0,0,1,1,6,1,7,-1,-1,-1,5,1
2013553C26467,1,9,0,7,0,5,0,0,0,0,4,1,1,1,8,1598,1,5,7,1
2013553C26467,2,1,0,18,9,8,0,0,0,0,1,1,6,1,6,-1,-1,-1,1,1
2013553C26477,1,1,0,18,0,0,0,0,0,0,3,1,1,1,4,-1,-1,-1,6,1
2013553C26477,2,9,0,18,0,0,0,0,0,0,4,1,6,3,-1,-1,-1,-1,-1,-1
2013553C26578,1,9,0,18,0,0,0,0,0,0,1,1,6,1,8,2478,2,21,3,1
2013553C26578,2,9,0,11,0,0,1,0,5,6,2,1,6,2,7,1870,2,11,5,1
2013553C26600,1,9,0,13,0,1,0,0,0,0,0,1,6,3,-1,-1,-1,-1,-1,-1
2013553C26600,2,1,0,18,0,1,0,10,0,0,4,1,6,1,4,-1,-1,-1,4,1
2013553C26612,1,19,0,9,0,5,0,0,0,0,1,1,1,1,5,2460,2,5,5,1
2013553C26612,2,1,0,18,4,8,0,0,0,0,1,1,2,1,9,-1,-1,-1,1,1
2013553C26727,1,9,0,18,0,1,0,0,0,0,1,1,6,1,11,1493,1,15,9,1
2013553C26757,1,11,0,2,0,2,0,0,0,0,0,1,1,1,6,7300,2,1,4,1
2013553C26808,1,9,0,18,0,1,0,0,0,0,1,1,6,2,6,2982,2,15,6,1
2013553C26808,2,9,0,3,0,1,0,0,0,0,2,1,6,1,5,1783,1,11,4,1
2013553C26916,1,9,0,18,0,1,0,0,0,0,1,1,6,2,11,1299,1,11,7,1
2013553C26916,2,9,0,18,0,1,0,0,0,0,3,1,1,1,7,1560,2,7,4,1
2013553C26920,1,9,0,5,0,6,0,0,0,0,4,1,6,1,10,2435,1,11,5,1
2013553C26920,2,9,0,18,0,8,0,0,0,0,1,1,6,1,10,1896,2,6,8,1
2013553C27186,1,9,0,5,0,4,0,0,0,0,1,1,6,2,6,1329,1,1,8,1
2013553C27186,2,1,0,15,0,4,0,0,0,0,3,1,6,2,7,-1,-1,-1,9,1
2013553C27241,1,3,0,18,0,8,0,0,0,0,1,1,6,1,4,124,1,1,6,1
2013553C27241,2,9,0,9,0,8,0,0,0,0,2,1,6,1,8,1598,1,8,6,1
2013553C27420,1,9,0,3,0,0,0,0,0,0,2,1,2,2,7,1980,1,16,10,1
2013553C27420,2,9,0,18,0,0,0,0,0,0,1,1,2,1,5,1582,2,2,4,1
2013553C27483,1,9,0,7,0,5,0,0,0,0,4,1,1,1,8,1968,2,3,8,1
2013553C27483,2,1,0,18,0,1,0,0,0,0,1,1,6,1,7,-1,-1,-1,5,1
2013553C27521,1,9,0,5,0,4,0,0,0,0,1,1,6,2,6,1995,2,1,10,1
2013553C27521,2,1,0,18,0,8,0,0,0,0,4,1,4,1,3,-1,-1,-1,9,1
2013553C27546,1,9,0,18,0,0,0,0,0,0,1,1,6,2,10,2179,2,5,9,1
2013553C27546,2,9,0,18,0,0,0,0,0,0,2,1,6,2,9,1900,2,8,7,3
2013553C27593,1,9,0,5,0,1,0,0,0,0,2,1,6,3,-1,-1,-1,-1,-1,-1
2013553C27621,1,9,0,18,0,4,0,0,0,0,3,1,6,1,6,1124,1,6,2,1
2013553C27621,2,1,0,18,0,8,0,0,0,0,1,1,6,1,7,-1,-1,-1,8,1
2013553C27759,1,11,0,2,0,0,0,0,0,0,0,1,1,1,8,-1,2,14,5,1
2013553C27768,1,9,0,4,0,8,0,0,0,0,2,1,6,1,5,1587,1,13,1,1
2013553C27768,2,8,0,18,0,8,0,0,0,0,1,1,1,1,6,1560,2,4,4,1
2013553C27960,1,9,0,18,0,2,0,0,0,0,1,1,6,2,6,1600,2,3,9,1
2013553C28028,1,9,0,3,0,0,0,0,0,0,4,1,6,1,7,1596,1,11,5,1
2013553C28028,2,1,0,18,0,0,0,0,0,0,1,1,6,1,8,-1,-1,-1,5,1
2013553C28338,1,9,0,18,0,8,0,0,0,0,1,1,1,2,7,1598,1,8,3,1
2013553C28338,2,3,0,16,0,8,0,0,0,0,1,1,1,1,6,124,1,4,7,1
2013553C28758,1,9,0,9,0,1,0,0,0,0,1,1,6,1,5,1598,2,1,3,1
2013553C28758,2,9,0,18,0,1,1,0,0,0,1,1,6,2,6,1198,1,5,5,1
2013553C28758,3,9,0,10,0,1,0,0,0,0,1,1,6,1,9,3996,1,14,9,3
2013553C28814,1,19,0,18,0,3,0,0,1,1,1,1,6,2,9,1753,2,14,6,1
2013553C28922,1,9,0,15,0,0,0,0,0,0,1,1,1,2,6,1248,2,2,6,1
2013553C28922,2,9,0,2,0,0,0,0,0,0,1,1,6,3,-1,3456,10,7,-1,-1
2013553C28930,1,9,0,18,0,0,1,0,0,0,1,1,6,1,6,1753,2,13,7,3
2013553C28930,2,9,0,11,0,0,0,0,0,0,2,1,6,2,4,1598,1,3,7,1
2013553C28991,1,9,0,5,8,0,0,0,0,0,1,1,6,1,6,1560,2,4,4,1
2013553C28991,2,9,0,18,0,0,0,0,0,7,1,1,6,1,8,1988,1,10,10,1
2013553C28991,3,9,0,2,6,0,0,0,0,0,1,1,6,3,-1,1686,2,9,-1,-1
2013553C29016,1,11,0,13,0,1,0,0,0,0,4,1,1,1,8,7300,2,5,3,1
2013553C29016,2,1,0,18,0,1,0,0,0,0,3,1,6,2,7,-1,-1,-1,3,1
2013553C29045,1,19,0,7,0,5,0,0,0,0,4,1,6,1,8,1995,2,4,5,1
2013553C29045,2,1,0,15,0,8,0,0,0,0,1,1,2,1,9,-1,-1,-1,9,1
2013553C29067,1,9,0,9,0,5,0,0,0,0,3,1,6,1,6,3199,1,13,4,1
2013553C29067,2,5,0,13,0,8,0,0,0,0,1,1,6,1,8,998,1,8,6,1
2013553C29141,1,9,0,16,0,2,0,0,0,0,3,1,6,1,5,1229,1,7,9,1
2013553C29265,1,9,0,9,0,6,0,0,0,0,1,1,2,2,5,1390,1,-1,5,1
2013553C29280,1,9,0,9,0,6,0,0,0,0,1,1,6,1,7,1598,2,1,5,1
2013553C29280,2,3,0,14,0,8,0,0,0,0,1,1,6,1,4,124,1,2,7,1
2013553C29396,1,9,0,18,0,1,0,0,0,0,4,1,6,3,-1,-1,-1,-1,-1,-1
2013553C29482,1,3,0,18,0,1,1,0,0,0,0,1,6,1,5,124,1,9,6,1
2013553C29515,1,9,0,18,0,4,0,0,0,0,1,1,6,1,9,1498,1,4,7,3
2013553C29515,2,1,0,18,0,8,0,0,0,0,4,1,2,2,4,-1,-1,-1,10,1
2013553C29554,1,19,0,18,0,0,0,0,0,0,4,1,6,1,7,2402,2,13,4,1
2013553C29627,1,9,0,18,0,1,0,0,0,0,1,1,6,3,-1,-1,-1,-1,-1,-1
2013553C29660,1,5,0,18,0,2,1,0,0,0,2,1,6,1,5,599,1,8,3,1
2013553C29660,2,9,0,4,0,2,0,0,0,0,2,1,1,1,5,1984,1,9,6,1
2013553C29709,1,9,0,18,0,8,0,0,0,0,4,1,6,1,8,1896,2,10,4,1
2013553C29709,2,1,0,18,0,8,0,0,0,0,3,1,6,1,6,-1,-1,-1,4,1
2013553C29805,1,9,0,9,0,5,0,0,0,0,1,1,6,2,6,1995,2,7,3,1
2013553C29805,2,1,0,18,0,8,0,0,0,0,1,1,6,1,4,-1,-1,-1,10,1
2013553C29812,1,9,0,18,0,8,0,0,0,0,1,1,6,3,-1,-1,-1,-1,-1,-1
2013553C29812,2,9,0,10,0,8,0,0,0,0,2,1,6,1,7,-1,-1,-1,1,1
2013553C29885,1,5,0,13,0,0,0,0,7,10,1,1,6,1,5,675,1,7,10,3
2013553C29885,2,9,0,9,0,0,0,0,0,0,3,1,6,2,8,1124,1,11,6,1
2013553C29939,1,9,0,5,9,6,0,0,0,0,1,1,6,3,-1,-1,-1,-1,-1,-1
2013553C29939,2,1,0,18,9,1,0,0,0,0,4,1,6,1,7,-1,-1,-1,5,1
2013553C29970,1,9,0,5,0,2,0,0,0,0,1,1,6,1,10,1389,1,16,4,1
2013553C29975,1,9,0,18,0,1,0,0,0,0,1,1,6,1,4,-1,-1,-1,9,1
2013553C29975,2,1,0,18,0,6,0,0,0,0,3,1,6,1,3,-1,-1,-1,6,1
2013553C30064,1,9,0,13,0,0,0,0,0,0,4,1,6,1,8,1124,1,22,3,1
2013553C30064,2,1,0,14,0,0,0,0,0,0,3,1,6,1,6,-1,-1,-1,5,1
2013553C30169,1,1,0,18,9,1,0,0,0,0,1,1,6,1,6,-1,-1,-1,8,1
2013553C30169,2,9,0,18,9,1,0,0,0,0,4,1,6,2,8,1896,2,7,3,1
2013553C30217,1,9,0,18,0,0,0,0,0,0,3,1,6,3,-1,-1,-1,-1,-1,-1
2013553C30217,2,1,0,14,0,0,0,0,0,0,2,1,6,1,8,-1,-1,-1,8,1
2013553C30225,1,3,0,18,0,1,0,0,0,0,1,1,6,1,8,125,1,-1,1,1
2013553C30225,2,9,0,9,0,8,0,0,0,0,1,1,6,1,8,2597,1,11,5,1
2013553C30309,1,11,0,2,0,0,0,0,0,0,0,1,6,1,6,6370,2,13,3,1
2013553C30333,1,9,0,7,0,4,0,0,0,0,0,1,6,2,4,998,1,14,6,3
2013553C30333,2,1,0,18,0,4,0,0,0,0,0,1,6,2,8,-1,-1,-1,6,1
2013553C30357,1,9,0,18,0,8,0,0,0,0,1,1,6,1,5,1995,2,3,9,1
2013553C30368,1,1,0,16,0,0,0,0,0,0,1,1,6,1,7,-1,-1,-1,3,1
2013553C30371,1,9,0,2,0,0,0,0,0,0,3,1,6,1,7,2000,2,8,1,1
2013553C30371,2,1,0,14,0,0,0,0,0,0,1,1,6,1,9,-1,-1,-1,5,1
2013553C30384,1,11,0,4,0,1,0,0,0,0,0,1,1,1,7,-1,2,15,7,1
2013553C30384,2,9,0,5,0,6,0,0,0,0,0,1,6,3,-1,-1,-1,-1,-1,-1
2013553C30398,1,9,0,18,0,0,0,0,0,0,4,1,6,2,6,1598,1,12,1,1
2013553C30398,2,1,0,9,0,0,0,0,0,0,2,1,6,1,8,-1,-1,-1,7,1
2013553C30414,1,11,0,18,0,0,0,0,0,0,0,1,1,1,7,9000,2,4,4,1
2013553C30470,1,9,0,18,0,1,0,0,1,4,1,1,6,1,4,1149,1,11,7,1
2013553C30583,1,19,0,5,0,0,0,0,0,0,4,1,6,1,5,1753,2,5,6,1
2013553C30583,2,8,0,18,0,0,0,0,1,4,3,1,1,1,7,1753,2,4,3,1
2013553C30591,1,9,0,18,0,2,0,0,0,0,1,1,6,3,-1,-1,-1,-1,-1,-1
2013553C30591,2,90,0,18,9,2,0,0,0,0,2,1,6,1,8,-1,-1,-1,4,1
2013553C30598,1,9,0,18,0,2,0,0,3,4,1,1,6,1,9,1798,1,2,9,1
2013553C30841,1,9,0,2,0,0,0,0,0,0,3,1,6,1,10,1796,2,1,7,1
2013553C30841,2,1,0,18,0,0,0,0,0,0,1,1,6,1,8,-1,-1,-1,2,1
2013553C30909,1,5,0,18,0,0,1,0,0,0,0,1,1,1,6,636,1,10,4,1
2013553C30909,2,9,0,18,0,0,0,0,0,0,0,1,6,3,-1,-1,-1,-1,-1,-1
2013553C30934,1,3,0,14,0,1,0,0,0,0,1,1,6,1,4,-1,-1,-1,2,1
2013553C30934,2,9,0,9,0,1,0,0,0,0,3,1,6,2,4,1242,1,1,3,1
2013553C31005,1,9,0,18,0,0,0,0,0,0,1,1,6,1,7,1997,1,14,3,1
2013553C31005,2,9,0,4,0,0,0,0,0,0,2,1,6,1,5,1299,1,19,8,1
2013553C31055,1,9,0,5,0,1,0,0,0,0,1,1,6,2,6,1240,1,9,6,1
2013553C31055,2,8,0,18,0,2,0,0,0,0,0,1,6,3,-1,-1,-1,-1,-1,-1
2013553C31055,3,1,0,18,0,2,0,0,0,0,2,1,6,1,6,-1,-1,-1,2,1
2013553C31115,1,8,0,7,0,5,0,0,0,0,1,1,1,1,8,1956,2,1,5,2
2013553C31115,2,1,0,18,0,6,0,0,0,0,1,1,6,2,8,-1,-1,-1,6,1
2013553C31127,1,9,0,6,0,0,0,0,0,0,0,1,6,1,6,1998,1,8,3,1
2013553C31127,2,1,0,18,0,0,0,0,0,0,0,1,6,1,7,-1,-1,-1,5,1
2013553C31164,1,9,0,5,0,6,0,0,0,0,1,1,6,3,-1,-1,-1,-1,-1,-1
2013553C31164,2,1,0,18,0,8,0,0,0,0,3,1,6,1,5,-1,-1,-1,3,1
2013553C31215,1,9,0,9,0,8,0,0,0,0,1,1,6,1,9,1229,1,3,4,1
2013553C31215,2,9,0,18,0,8,0,0,0,0,1,1,6,2,5,1598,1,11,10,1
2013553C31240,1,9,0,14,0,0,0,4,0,0,1,1,6,2,4,1984,1,-1,10,1
2013553C31240,2,9,0,2,0,0,0,0,0,0,2,1,6,3,-1,1984,1,-1,-1,-1
2013553C31240,3,9,0,2,0,0,0,0,0,0,2,1,6,3,-1,1997,2,4,-1,-1
2013553C31280,1,9,0,18,0,8,0,0,0,0,4,1,6,2,6,1761,1,15,4,1
2013553C31280,2,9,0,18,0,8,0,0,0,0,1,1,6,2,9,1299,1,18,5,1
2013553C31295,1,19,0,18,0,8,0,0,0,0,1,1,1,1,8,2402,2,8,6,1
2013553C31295,2,9,0,18,0,6,0,0,0,0,3,1,2,2,9,1339,1,9,8,1
2013553C31414,1,9,0,16,0,0,0,0,7,9,3,1,6,1,5,1360,1,9,8,1
2013553C31439,1,9,0,18,0,0,1,4,0,0,1,1,1,1,7,2198,1,11,3,1
2013553C31439,2,9,0,2,0,0,0,4,0,0,2,1,6,3,-1,1798,1,2,-1,-1
2013553C31439,3,9,0,2,0,0,0,0,0,0,2,1,6,3,-1,1598,1,2,-1,-1
2013553C31621,1,9,0,18,0,2,0,0,0,0,4,1,6,3,-1,-1,-1,-1,-1,-1
2013553C31672,1,11,0,18,0,1,0,0,0,0,4,1,6,1,7,7300,2,11,3,1
2013553C31725,1,9,0,1,0,2,0,0,0,0,2,1,1,1,6,1870,2,11,5,1
2013553C31725,2,9,0,2,0,1,0,0,0,0,1,1,6,3,-1,1997,2,12,-1,-1
2013553C31725,3,9,0,2,0,1,0,0,0,0,4,1,6,3,-1,1242,1,4,-1,-1
2013553C31725,4,3,0,18,0,2,0,0,0,0,3,1,6,1,4,125,1,5,5,1
2013553C32015,1,2,0,4,0,0,0,0,0,0,3,1,6,2,4,-1,-1,-1,8,1
2013553C32033,1,9,0,7,0,5,0,0,0,0,1,1,6,2,6,1995,1,4,1,1
2013553C32033,2,1,0,18,4,1,0,0,0,0,3,1,6,1,4,-1,-1,-1,8,1
2013553C32044,1,1,0,4,0,4,0,0,0,0,0,1,6,1,6,-1,-1,-1,3,1
2013553C32162,1,9,0,18,0,8,0,0,0,0,1,1,6,1,8,1753,2,10,5,1
2013553C32162,2,1,0,16,0,8,0,0,0,0,1,1,6,1,6,-1,-1,-1,5,1
2013553C32340,1,9,0,9,0,8,0,0,0,0,4,1,2,1,6,1598,1,12,1,1
2013553C32340,2,1,0,18,4,8,0,0,0,0,4,1,2,1,6,-1,-1,-1,3,1
2013553C32348,1,11,0,18,3,0,0,0,0,0,1,1,1,2,6,-1,2,14,5,1
2013553C32388,1,1,0,18,0,8,0,0,0,0,1,1,1,1,6,-1,-1,-1,1,1
2013553C32388,2,9,0,18,0,4,0,0,0,0,1,1,6,1,6,1422,2,9,8,1
2013553C32495,1,9,0,4,0,1,0,0,0,0,1,1,6,1,6,1753,2,9,5,1
2013553C32495,2,9,0,3,0,1,0,0,0,0,2,1,6,1,9,1781,1,12,3,1
2013553C32498,1,9,0,4,0,0,0,0,0,0,4,1,6,2,6,1596,1,7,4,1
2013553C32515,1,9,0,18,0,2,1,0,0,0,1,1,1,1,5,1229,1,-1,6,1
2013553C32515,2,9,0,4,0,2,0,0,0,0,2,1,6,2,4,1598,1,3,6,1
2013553C32543,1,9,0,9,0,8,0,0,0,0,0,1,6,1,6,1598,1,9,1,1
2013553C32543,2,5,0,18,0,1,1,0,0,0,0,1,6,1,5,649,1,-1,1,1
2013553C32560,1,9,0,18,0,2,1,0,2,7,1,1,6,2,9,1598,1,15,1,1
2013553C32595,1,2,0,16,0,8,0,0,0,0,0,1,1,2,4,49,1,1,3,1
2013553C32629,1,3,0,18,0,1,1,0,1,2,1,1,6,2,8,124,1,10,2,1
2013553C32752,1,9,0,18,0,8,0,0,0,0,1,1,6,1,4,1198,1,8,6,1
2013553C32752,2,1,0,18,0,6,0,0,0,0,1,1,6,1,3,-1,-1,-1,6,1
2013553C32884,1,9,0,4,0,1,0,0,0,0,2,1,6,1,9,2000,2,2,9,1
2013553C32884,2,9,0,18,0,1,0,0,0,0,1,1,6,2,5,1124,1,9,8,1
2013553C32887,1,9,0,5,0,6,0,0,0,0,1,1,6,1,7,1997,2,1,-1,-1
2013553C32887,2,9,0,18,0,8,0,0,0,0,4,1,6,1,6,1753,2,12,-1,-1
2013553C32992,1,9,0,18,0,8,0,10,1,10,4,1,6,1,6,1995,1,6,3,1
2013553C32992,2,19,0,4,0,6,0,0,0,0,1,1,6,1,8,1968,2,-1,7,1
2013553C33145,1,9,0,18,0,1,0,0,0,0,4,1,6,1,7,1991,2,2,4,1
2013553C33145,2,19,0,2,0,1,0,0,0,0,0,1,6,3,-1,-1,-1,-1,-1,-1
2013553C33335,1,9,0,1,0,2,0,0,0,0,2,1,6,1,11,1596,1,6,5,1
2013553C33335,2,9,0,3,0,2,0,0,0,0,3,1,6,2,7,1798,1,8,9,1
2013553C33340,1,9,0,9,0,8,0,0,0,0,4,1,6,2,6,1149,1,11,7,1
2013553C33340,2,19,0,18,0,8,0,0,0,0,1,1,6,1,6,2298,2,2,9,2
2013553C33403,1,9,0,4,0,0,0,0,0,0,2,1,6,2,5,1984,1,13,6,1
2013553C33403,2,9,0,18,0,0,0,0,0,0,1,1,6,2,7,1199,1,12,3,1
2013553C33444,1,9,0,18,0,8,0,0,0,0,1,1,6,3,-1,-1,-1,-1,-1,-1
2013553C33444,2,9,0,3,0,8,0,0,0,0,2,1,6,1,7,1796,1,12,3,1
2013553C33504,1,9,0,18,0,0,0,0,0,0,1,1,6,1,9,1796,1,12,10,1
2013553C33504,2,9,0,3,0,0,0,0,0,0,2,1,6,2,5,1149,1,12,1,1
2013553C33516,1,19,0,1,0,2,0,0,0,0,2,1,6,1,6,1686,2,12,6,1