Accident_Index,Vehicle_Reference,Vehicle_Type,Towing_and_Articulation,Vehicle_Manoeuvre,Vehicle_Location-Restricted_Lane,Junction_Location,Skidding_and_Overturning,Hit_Object_in_Carriageway,Vehicle_Leaving_Carriageway,Hit_Object_off_Carriageway,1st_Point_of_Impact,Was_Vehicle_Left_Hand_Drive?,Journey_Purpose_of_Driver,Sex_of_Driver,Age_Band_of_Driver,Engine_Capacity_(CC),Propulsion_Code,Age_of_Vehicle,Driver_IMD_Decile,Driver_Home_Area_Type
2013553D07001,1,9,0,17,0,2,0,0,0,0,3,1,6,1,7,1242,1,5,8,3
2013553D07001,2,9,0,16,0,1,0,0,0,0,3,1,6,1,8,1997,2,10,6,3
2013553D07049,1,5,0,13,0,0,0,0,0,0,1,1,6,1,4,645,1,11,3,1
2013553D07049,2,9,0,18,0,0,0,0,0,0,1,1,6,1,5,1896,2,12,7,3
2013553D07049,3,9,0,18,0,0,0,0,0,0,2,1,6,1,9,1497,1,12,6,3
2013553D07107,1,9,0,17,0,8,1,0,1,0,4,1,6,1,6,1124,1,13,8,1
2013553D07110,1,3,0,4,0,0,0,0,0,0,0,1,6,1,8,124,1,11,7,3
2013553D07110,2,9,0,4,0,0,0,0,0,0,0,1,6,2,4,973,1,12,5,2
2013553D07110,3,11,0,2,0,0,0,0,0,0,0,1,1,1,8,9600,2,15,8,1
2013553D07118,1,9,0,18,0,0,0,0,0,0,0,1,6,3,-1,-1,-1,-1,-1,-1
2013553D07118,2,9,0,18,0,0,2,0,1,10,4,1,1,1,8,2495,2,19,10,2
2013553D07134,1,9,0,18,0,0,0,4,0,0,1,1,6,2,11,1108,1,12,6,3
2013553D07134,2,9,0,2,0,0,0,0,0,0,1,1,6,3,-1,1590,1,12,-1,-1
2013553D07154,1,9,0,16,0,0,2,0,1,10,1,1,2,1,6,1896,2,12,8,1
2013553D07184,1,9,0,14,0,0,2,10,2,10,4,1,6,1,9,1560,2,2,-1,1
2013553D07184,2,9,0,2,0,0,0,0,0,0,0,1,6,3,-1,1968,2,1,-1,-1
2013553D07184,3,9,3,2,0,0,0,0,0,0,0,1,6,3,-1,2470,2,23,-1,-1
2013553D07283,1,19,0,18,0,1,0,0,0,0,1,1,6,1,7,2151,2,11,7,1
2013553D07283,2,9,0,3,0,8,0,0,0,0,2,1,6,2,6,1998,1,5,3,2
2013553D07440,1,9,0,18,0,0,0,0,0,0,1,1,6,1,5,1360,1,12,5,3
2013553D07440,2,5,0,18,0,0,0,0,0,0,1,1,6,1,9,1352,1,6,1,1
2013553D07573,1,1,0,18,0,0,0,0,0,0,1,1,6,2,6,-1,-1,-1,6,1
2013553D07573,2,9,0,4,0,0,0,0,0,0,2,1,6,2,9,1242,1,4,6,1
2013553D07727,1,9,0,9,0,8,0,0,0,0,4,1,6,1,10,1360,1,4,5,3
2013553D07727,2,9,0,18,0,1,0,0,0,0,1,1,6,2,7,2401,2,10,10,2
2013553D07727,3,9,0,10,0,1,0,0,0,0,3,1,6,1,8,1595,1,17,5,3
2013553D07820,1,19,0,18,0,0,0,0,0,0,4,1,6,3,-1,-1,-1,-1,-1,-1
2013553D07820,2,1,0,18,0,0,0,0,0,0,3,1,6,1,10,-1,-1,-1,5,2
2013553D07868,1,9,0,18,0,0,0,0,0,0,1,1,6,3,-1,-1,-1,-1,-1,-1
2013553D07868,2,2,0,18,0,0,0,0,0,0,2,1,6,2,4,49,1,5,6,1
2013553D07868,3,10,0,18,0,0,0,0,0,0,1,1,1,1,10,-1,-1,-1,9,3
2013553D07968,1,9,0,18,0,0,0,0,1,2,1,1,1,1,6,1124,1,16,4,1
2013553D07996,1,1,0,18,0,1,0,0,0,0,1,1,6,1,3,-1,-1,-1,2,1
2013553D07996,2,9,0,18,0,8,0,0,0,0,1,1,6,2,8,1598,1,9,6,1
2013553D08180,1,9,0,17,0,0,5,0,1,10,1,1,6,1,7,2171,2,12,4,1
2013553D08209,1,9,0,18,0,0,0,0,0,0,1,1,2,2,8,1149,1,14,4,1
2013553D08209,2,9,0,18,0,0,1,0,1,0,1,1,2,1,6,1560,2,5,-1,-1
2013553D08299,1,9,0,4,0,1,0,0,0,0,1,1,6,3,-1,-1,-1,-1,-1,-1
2013553D08299,2,9,0,8,0,1,0,0,0,0,2,1,6,1,6,3199,1,14,2,1
2013553D08340,1,19,0,17,0,0,0,0,1,3,1,1,6,1,6,1896,2,11,6,2
2013553D08340,2,90,0,18,0,0,0,11,0,0,1,1,1,1,9,-1,-1,-1,6,2
2013553D08368,1,9,0,16,0,0,1,0,0,0,3,1,3,2,7,3600,1,10,8,1
2013553D08368,2,20,0,18,0,0,0,0,0,0,1,1,1,1,9,4751,2,8,7,1
2013553D08466,1,9,0,4,0,0,0,0,0,0,2,1,6,2,8,1299,1,9,8,2
2013553D08466,2,9,0,18,0,0,0,0,0,0,1,1,6,2,7,1389,1,15,7,2
2013553D08572,1,9,0,1,0,0,0,0,0,0,2,1,6,1,9,5300,1,9,10,1
2013553D08572,2,9,0,3,0,0,0,0,0,0,1,1,6,1,5,2198,1,10,9,1
2013553D08753,1,9,0,18,0,0,0,0,0,0,1,1,6,2,8,1390,1,11,8,3
2013553D08753,2,1,0,18,0,0,0,0,0,0,2,1,6,1,3,-1,-1,-1,6,3
2013553D08770,1,5,0,14,0,0,0,0,0,0,1,1,2,1,8,599,1,15,10,1
2013553D08770,2,9,0,6,0,0,0,0,0,0,3,1,2,1,9,1796,1,14,3,1
2013553D08788,1,9,0,10,0,1,0,0,0,0,2,1,1,1,6,-1,-1,-1,7,3
2013553D08788,2,9,0,4,0,1,0,0,0,0,2,1,6,2,6,1800,2,15,3,1
2013553D08788,3,9,0,18,0,1,0,0,0,0,1,1,6,1,4,998,1,15,5,3
2013553D08890,1,9,0,9,0,5,0,0,0,0,0,1,6,2,8,1791,8,2,10,1
2013553D08890,2,1,0,13,0,8,0,0,7,10,1,1,2,1,6,-1,-1,-1,5,1
2013553D08917,1,9,0,18,0,0,0,0,7,10,1,1,6,1,5,1896,2,9,8,2
2013553D08984,1,19,0,13,0,8,0,0,7,10,3,1,1,1,6,1998,2,11,4,1
2013553D08984,2,9,0,9,0,5,0,0,8,10,3,1,1,2,7,1124,1,13,6,1
2013553D09059,1,9,0,4,0,0,0,0,0,0,1,1,6,2,5,1388,1,8,7,2
2013553D09059,2,9,0,3,0,0,0,0,0,0,2,1,6,1,5,1598,1,10,3,1
2013553D09059,3,19,0,10,0,0,0,0,0,0,2,1,2,1,9,2477,2,4,5,3
2013553D09323,1,9,0,9,0,8,0,0,0,0,3,1,6,2,9,2435,1,18,6,1
2013553D09323,2,9,0,18,0,3,0,0,0,0,1,1,6,1,4,1149,1,14,8,1
2013553D09381,1,9,0,16,0,0,0,0,0,0,1,1,6,1,6,1560,2,1,-1,-1
2013553D09381,2,9,0,17,0,0,0,0,0,0,1,1,6,1,5,1242,1,12,6,1
2013553D09477,1,9,0,4,0,1,0,0,7,10,1,1,6,1,6,1389,1,10,1,1
2013553D09477,2,9,0,9,0,8,0,0,0,0,1,1,6,1,11,1968,2,2,7,3
2013553D09563,1,9,0,5,0,4,0,0,0,0,1,1,6,2,10,1388,1,11,7,1
2013553D09563,2,1,0,18,0,8,0,0,0,0,2,1,6,1,3,-1,-1,-1,4,1
2013553D09718,1,9,0,18,0,0,1,0,0,0,1,1,6,1,5,1399,2,11,9,1
2013553D09718,2,9,0,4,0,0,0,0,0,0,2,1,6,2,5,1997,2,11,9,1
2013553D09718,3,9,0,4,0,0,0,0,0,0,2,1,6,1,7,1368,1,4,9,1
2013553D09751,1,9,0,17,0,0,5,0,2,10,1,1,6,2,9,1149,1,6,6,3
2013553D09757,1,9,0,18,0,0,0,0,0,0,1,1,1,2,6,1388,1,10,8,1
2013553D09815,1,9,0,9,0,8,0,0,0,0,1,1,6,2,9,1086,1,6,8,3
2013553D09815,2,19,0,18,0,8,0,0,0,0,1,1,1,1,9,2998,2,7,4,1
2013553D09847,1,9,0,16,0,0,0,0,0,0,0,1,6,3,-1,-1,-1,-1,-1,-1
2013553D09847,2,9,0,17,0,0,2,0,1,0,1,1,6,2,4,1149,1,10,-1,-1
2013553D09869,1,21,0,18,0,0,0,0,0,0,1,1,1,1,8,11946,2,1,3,1
2013553D10107,1,9,0,5,0,4,0,0,0,0,1,1,6,1,7,1389,1,19,2,1
2013553D10107,2,9,0,18,0,8,0,0,7,0,4,1,6,2,10,999,1,12,7,1
2013553D10138,1,9,0,17,0,0,2,0,1,10,4,1,2,2,7,1108,1,11,7,3
2013553D10161,1,9,0,17,0,0,5,10,8,10,1,1,6,1,5,-1,-1,-1,-1,-1
2013553D10296,1,9,0,4,0,0,0,0,0,0,2,1,6,2,7,1998,1,19,8,2
2013553D10296,2,10,0,18,0,0,1,0,0,0,1,1,1,1,7,1998,2,9,1,1
2013553D10341,1,19,0,18,0,8,0,0,0,0,1,1,6,1,8,1248,2,8,7,3
2013553D10341,2,9,0,18,0,8,0,0,0,0,1,1,2,2,8,1364,2,5,7,3
2013553D10341,3,9,0,18,0,1,0,0,0,0,1,1,2,1,6,2148,2,11,5,2
2013553D10342,1,1,0,18,0,0,0,0,0,0,0,1,6,2,7,-1,-1,-1,7,1
2013553D10345,1,19,0,1,9,1,0,0,0,0,2,1,1,1,7,2143,2,2,9,1
2013553D10399,1,9,0,9,0,6,0,0,0,0,3,1,6,2,5,1108,1,17,5,1
2013553D10399,2,9,0,18,0,8,0,0,0,0,1,1,1,1,9,-1,-1,-1,7,1
2013553D10448,1,9,0,18,0,0,2,0,7,9,1,1,6,1,5,1391,1,20,9,3
2013553D10507,1,9,0,4,0,1,0,0,0,0,2,1,6,1,6,1968,2,3,9,3
2013553D10507,2,9,0,18,0,1,0,0,0,0,1,1,6,1,6,1910,2,2,7,3
2013553D10559,1,9,0,18,0,0,0,0,0,0,4,1,6,1,5,1398,2,4,5,3
2013553D10637,1,9,0,5,0,1,0,0,0,0,1,1,2,1,4,1498,1,4,4,1
2013553D10637,2,9,0,3,0,1,0,0,0,0,2,1,6,1,5,973,1,16,6,1
2013553D10782,1,9,0,18,0,3,0,10,3,10,1,1,6,2,7,1996,1,13,5,1
2013553D10970,1,9,0,1,0,0,0,0,0,0,0,1,6,2,11,1329,1,1,5,1
2013553D11001,1,19,0,5,0,4,0,0,0,0,1,1,2,1,9,2184,2,15,10,1
2013553D11001,2,1,0,17,0,8,0,0,0,0,4,1,2,2,8,-1,-1,-1,4,1
2013553D11062,1,9,0,1,0,0,0,0,0,0,2,1,6,1,6,2440,2,23,7,3
2013553D11066,1,9,0,18,0,0,5,0,8,10,1,1,6,1,10,1998,2,7,10,1
2013553D11066,2,20,0,18,0,0,1,0,0,0,4,1,1,1,7,3920,2,11,10,2
2013553D11146,1,9,0,9,0,6,0,0,0,0,3,1,6,2,10,1796,1,11,9,1
2013553D11146,2,5,0,18,0,1,0,0,0,0,1,1,1,1,5,599,1,3,4,1
2013553D11188,1,9,0,3,0,0,0,0,0,0,2,1,6,2,7,1587,1,4,5,3
2013553D11188,2,9,0,18,0,0,0,0,0,0,1,1,1,1,5,-1,-1,-1,7,3
2013553D11198,1,9,0,9,0,8,0,0,7,0,4,1,6,1,8,1796,1,9,2,1
2013553D11198,2,19,0,18,0,8,0,0,0,0,1,1,6,1,6,2300,2,14,6,3
2013553D11232,1,9,0,18,0,1,0,0,0,0,1,1,6,1,6,1997,2,14,8,1
2013553D11232,2,9,0,3,0,1,0,0,0,0,2,1,6,2,5,1587,1,9,4,1
2013553D11242,1,9,0,17,0,0,0,0,0,0,1,1,6,1,6,1497,1,9,4,1
2013553D11297,1,5,0,18,0,0,0,0,0,0,1,1,1,1,6,-1,-1,-1,-1,-1
2013553D11328,1,9,0,18,0,8,0,0,0,0,1,1,6,1,5,1242,1,12,4,1
2013553D11328,2,9,0,2,0,2,0,0,0,0,1,1,6,3,-1,1461,2,8,-1,-1
2013553D11328,3,19,0,5,0,8,0,0,0,0,3,1,1,1,10,1248,2,1,2,1
2013553D11369,1,9,0,18,0,0,0,0,8,4,1,1,6,1,7,1984,1,2,6,1
2013553D11414,1,9,0,18,0,0,0,0,0,0,1,1,6,1,6,1796,1,15,5,1
2013553D11599,1,9,0,17,0,0,0,0,0,0,1,1,6,1,4,1199,1,10,9,1
2013553D11599,2,9,0,16,0,0,0,0,0,0,1,1,6,1,8,999,1,6,9,1
2013553D11749,1,9,0,16,0,0,0,0,0,0,1,1,2,1,10,1248,2,1,8,3
2013553D11749,2,9,0,17,0,0,2,0,0,0,1,1,6,2,8,1995,1,11,8,2
2013553D11749,3,19,0,17,0,0,0,0,0,0,1,1,6,1,7,1560,2,3,-1,-1
2013553D11749,4,9,0,17,0,0,0,0,0,0,1,1,6,2,9,1364,1,4,8,2
2013553D11756,1,9,0,17,0,2,5,11,8,10,4,1,6,1,6,1796,1,14,-1,-1
2013553D11783,1,9,0,5,5,5,0,0,0,0,1,1,6,2,8,1587,1,11,1,2
2013553D11783,2,1,0,18,5,1,0,0,0,0,1,1,2,1,8,-1,-1,-1,4,1
2013553D11922,1,9,0,18,0,0,0,0,0,0,1,1,6,2,11,2494,1,14,5,1
2013553D11939,1,2,0,14,0,1,0,0,0,0,1,1,2,1,4,-1,-1,-1,2,1
2013553D11939,2,19,0,4,0,1,0,0,0,0,3,1,2,1,4,1248,2,7,5,1
2013553D11974,1,9,0,16,0,0,0,0,0,0,1,1,6,2,11,1108,1,4,4,1
2013553D11974,2,20,0,17,0,0,0,0,0,0,1,1,1,1,7,-1,-1,-1,5,2
2013553D12052,1,9,0,9,0,8,0,0,0,0,1,1,1,1,7,1390,1,10,4,1
2013553D12052,2,9,0,18,0,8,0,0,0,0,1,1,6,2,7,1896,2,6,3,1
2013553D12096,1,9,0,4,0,1,0,0,0,0,2,1,6,2,7,1275,1,17,1,1
2013553D12096,2,9,0,18,0,1,0,0,0,0,1,1,6,2,5,1781,1,11,2,1
2013553D12260,1,9,0,13,0,0,0,0,0,0,1,1,6,1,10,1398,2,7,7,3
2013553D12260,2,1,0,18,0,0,0,0,0,0,3,1,6,1,7,-1,-1,-1,10,1
2013553D12267,1,9,0,16,0,0,5,0,8,10,1,2,6,1,7,-1,-1,-1,-1,-1
2013553D12267,2,9,0,18,0,0,0,0,0,0,3,1,6,1,8,2495,2,12,6,3
2013553D12273,1,9,0,10,0,5,0,0,0,0,2,1,6,2,8,1997,1,3,10,1
2013553D12273,2,9,0,18,0,8,0,0,0,0,1,1,6,1,5,2324,1,13,5,1
2013553D12283,1,9,0,13,0,0,2,0,1,3,1,1,6,1,4,1388,1,10,10,2
2013553D12284,1,5,0,16,0,0,0,0,0,0,1,1,6,1,7,659,1,6,7,1
2013553D12284,2,9,0,17,0,0,0,0,1,10,1,1,6,2,7,1240,1,4,1,1
2013553D12368,1,9,0,9,0,8,0,0,0,0,3,1,6,1,11,1598,1,5,9,1
2013553D12368,2,5,0,18,0,1,1,0,0,0,1,1,6,1,9,599,1,15,9,1
2013553D12552,1,9,0,18,0,1,0,0,4,2,3,1,6,2,8,1388,1,2,8,1
2013553D12554,1,9,0,2,0,2,0,0,0,0,2,1,6,3,-1,1598,1,3,-1,-1
2013553D12554,2,19,0,2,0,2,0,0,0,0,2,1,6,3,-1,1686,2,9,-1,-1
2013553D12554,3,90,0,18,0,2,0,0,0,0,2,1,6,1,3,-1,-1,-1,6,1
2013553D12649,1,9,0,3,0,1,0,0,0,0,2,1,6,2,8,1587,1,11,6,1
2013553D12649,2,9,0,5,0,1,0,0,0,0,1,1,6,1,6,1598,1,9,7,1
2013553D12785,1,9,0,18,0,8,5,0,0,0,1,1,6,2,7,1994,2,17,1,1
2013553D12785,2,9,0,9,0,5,0,0,0,0,1,1,6,1,10,1986,2,7,6,3
2013553D12844,1,9,0,7,0,1,0,0,0,0,1,1,1,2,6,1753,2,14,4,1
2013553D12844,2,9,0,8,0,1,0,0,0,0,2,1,1,2,7,998,1,10,9,1
2013553D12866,1,9,0,16,0,0,2,0,1,4,1,1,1,2,5,998,1,5,-1,-1
2013553D12943,1,9,0,4,0,0,0,0,0,0,2,1,6,2,6,-1,-1,-1,6,3
2013553D12943,2,9,0,4,0,0,0,0,0,0,1,1,6,1,11,1997,2,10,7,3
2013553D12962,1,9,0,18,0,0,1,0,0,0,1,1,6,1,4,1397,1,13,3,1
2013553D13042,1,5,0,7,0,3,0,0,0,0,1,1,6,1,6,600,1,13,6,1
2013553D13042,2,9,0,16,0,3,0,0,0,0,2,1,6,1,6,1800,1,13,3,1
2013553D13057,1,9,0,18,0,0,0,0,7,7,1,1,6,1,10,1197,1,-1,9,1
2013553D13057,2,9,0,18,0,0,0,0,0,0,3,1,6,1,9,1797,8,2,8,1
2013553D13057,3,9,0,18,0,0,0,0,0,0,3,1,6,1,5,1399,2,4,9,1
2013553D13057,4,9,0,18,0,0,0,0,0,0,1,1,6,1,8,1796,1,13,8,3
2013553D13159,1,9,0,18,0,0,0,0,0,0,4,1,6,2,8,1984,1,12,1,2
2013553D13226,1,9,0,18,0,0,0,0,7,10,1,1,6,1,5,998,1,12,6,1
2013553D13246,1,5,0,13,0,1,1,0,0,0,1,1,6,1,4,600,1,11,7,1
2013553D13246,2,19,0,9,0,8,0,0,0,0,3,1,1,1,7,2400,2,12,7,1
2013553D13284,1,2,0,18,0,0,0,0,0,0,1,1,6,1,4,49,1,8,2,1
2013553D13284,2,9,0,2,0,0,0,0,0,0,1,1,6,3,-1,1497,1,11,-1,-1
2013553D13291,1,1,0,16,0,0,1,0,0,0,1,1,6,1,4,-1,-1,-1,8,2
2013553D13291,2,9,0,17,0,0,0,0,0,0,1,1,6,1,6,1905,2,15,5,2
2013553D13296,1,21,0,5,9,5,0,0,0,0,1,1,1,1,9,9200,2,5,4,1
2013553D13312,1,9,0,18,0,0,5,0,1,0,3,1,6,2,5,2495,2,11,4,1
2013553D13318,1,9,0,18,0,0,0,0,0,0,1,1,6,1,11,1299,1,17,8,2
2013553D13332,1,9,0,16,0,0,0,0,7,10,3,1,6,2,11,1124,1,12,10,1
2013553D13332,2,9,0,17,0,0,0,0,0,0,4,1,6,2,9,1598,1,2,6,3
2013553D13397,1,1,0,18,0,0,0,0,0,0,2,1,6,1,4,-1,-1,-1,7,1
2013553D13397,2,11,0,18,0,0,0,0,0,0,1,1,1,1,8,-1,2,15,3,1
2013553D13405,1,5,0,18,0,0,1,10,7,0,4,1,6,1,8,1299,1,9,8,1
2013553D13542,1,9,0,4,0,1,0,0,0,0,2,1,1,1,8,1598,1,-1,8,1
2013553D13542,2,9,0,5,0,1,0,0,0,0,1,1,1,2,8,1896,2,4,9,3
2013553D13607,1,5,0,16,0,1,1,0,0,0,4,1,6,1,9,996,1,11,10,1
2013553D13624,1,4,0,17,0,0,0,0,0,0,1,1,6,1,6,400,1,26,6,1
2013553D13624,2,9,0,16,0,0,1,0,0,0,3,1,6,2,9,1299,1,10,5,3
2013553D13657,1,20,0,16,0,0,0,0,0,0,3,1,1,1,7,4580,2,4,8,1
2013553D13657,2,20,0,17,0,0,0,0,0,0,3,1,6,3,-1,-1,-1,-1,-1,-1
2013553D13734,1,9,0,5,0,1,0,0,0,0,1,1,6,1,7,1898,1,10,6,1
2013553D13734,2,4,0,3,0,1,0,0,0,0,2,1,6,1,7,249,1,23,8,1
2013553D13802,1,3,0,4,0,1,1,0,0,0,1,1,1,1,4,124,1,2,5,1
2013553D13802,2,19,0,3,0,1,0,0,0,0,2,1,6,2,9,1997,2,9,8,3
2013553D13872,1,9,0,17,0,0,0,0,1,0,1,1,6,1,9,2099,7,11,6,3
2013553D13872,2,9,0,4,0,0,0,0,0,0,2,1,6,1,9,1968,2,3,5,1
2013553D13872,3,9,0,16,0,0,0,0,0,0,0,1,1,1,6,1753,2,4,3,1
2013553D13890,1,9,0,9,0,5,0,0,0,0,1,1,6,1,5,1998,1,16,7,3
2013553D13890,2,1,0,17,0,8,0,0,0,0,1,1,6,1,4,-1,-1,-1,4,1
2013553D13958,1,9,0,9,0,5,0,0,0,0,1,1,6,1,10,-1,-1,-1,7,3
2013553D13958,2,1,0,18,0,8,0,0,0,0,1,1,6,1,10,-1,-1,-1,9,1
2013553D14021,1,19,0,9,0,8,0,0,0,0,1,1,6,1,6,2461,2,13,7,3
2013553D14021,2,9,0,18,0,8,0,0,0,0,3,1,2,2,7,1560,2,2,7,3
2013553D14343,1,9,0,18,0,0,0,0,1,4,1,1,6,1,10,1596,1,9,7,1
2013553D14412,1,9,0,18,0,0,1,0,1,10,1,1,6,2,8,1598,1,5,10,3
2013553D14412,2,90,0,18,0,0,1,0,7,10,1,1,1,1,7,8300,2,11,5,2
2013553D14422,1,9,0,18,0,1,0,0,0,0,4,1,6,1,10,2495,2,16,6,3
2013553D14422,2,1,0,18,0,6,0,0,0,0,1,1,4,1,3,-1,-1,-1,7,1
2013553D14653,1,9,0,18,0,0,0,0,4,6,3,1,6,2,7,-1,-1,-1,4,1
2013553D14653,2,9,0,12,0,0,0,0,0,0,0,1,6,1,6,1968,2,5,8,1
2013553D14683,1,9,0,13,0,0,0,0,0,0,3,1,2,1,7,1749,1,8,5,1
2013553D14760,1,9,0,9,0,8,0,0,0,0,4,1,6,2,9,1761,1,13,10,1
2013553D14760,2,9,0,18,0,8,0,0,0,0,1,1,6,1,9,1595,1,8,10,2
2013553D14848,1,1,0,18,0,6,0,0,0,0,4,1,2,1,4,-1,-1,-1,7,1
2013553D14848,2,9,0,18,0,3,0,0,0,0,1,1,2,1,6,1398,1,1,9,1
2013553D14854,1,9,0,8,0,6,0,0,0,0,1,1,2,1,8,1999,1,10,5,2
2013553D14854,2,9,0,8,0,6,0,0,0,0,2,1,6,2,8,1360,1,15,8,3
2013553D15061,1,11,0,5,0,8,0,0,0,0,0,1,1,1,10,6374,2,4,3,1
2013553D15061,2,9,0,9,0,4,0,0,0,0,0,1,6,3,-1,-1,-1,-1,-1,-1
2013553D15081,1,9,0,1,0,8,0,0,0,0,2,1,6,1,7,-1,-1,-1,-1,2
2013553D15168,1,2,0,17,0,0,0,0,1,10,3,1,6,2,4,49,1,2,5,3
2013553D15168,2,9,0,13,0,0,0,0,0,0,4,1,6,3,-1,-1,-1,-1,-1,-1
2013553D15219,1,9,0,13,0,0,0,0,0,0,0,1,6,3,-1,-1,-1,-1,-1,-1
2013553D15219,2,5,0,13,0,0,1,0,0,0,3,1,6,1,9,1585,1,3,7,2
2013553D15219,3,17,0,18,0,0,0,0,0,0,0,1,1,3,-1,-1,-1,-1,-1,-1
2013553D15302,1,9,0,16,0,1,1,0,0,0,1,1,6,2,10,1198,1,7,6,1
2013553D15302,2,9,0,18,0,2,0,0,0,0,1,1,6,1,7,1984,1,10,7,2
2013553D15460,1,9,0,18,0,0,0,0,0,0,4,1,6,3,-1,-1,-1,-1,-1,-1
2013553D15467,1,9,0,18,0,2,0,0,0,0,4,1,6,2,8,1598,1,10,2,1
2013553D15549,1,9,0,6,0,8,0,0,0,0,3,1,2,1,5,1973,1,14,4,3
2013553D15549,2,1,0,18,0,1,0,0,0,0,1,1,2,1,8,-1,-1,-1,6,1
2013553D15583,1,1,0,17,0,0,0,0,0,0,1,1,6,1,5,-1,-1,-1,7,3
2013553D15583,2,9,0,16,0,0,1,0,0,0,1,1,6,2,9,1348,1,12,6,3
2013553D15597,1,5,0,18,0,8,0,0,0,0,3,1,6,1,10,1450,1,10,6,3
2013553D15597,2,9,0,5,0,6,0,0,0,0,3,1,6,2,10,-1,-1,-1,7,3
2013553D15608,1,9,0,16,0,6,0,0,0,0,1,1,2,1,7,1997,1,6,10,1
2013553D15608,2,9,0,18,0,1,0,0,0,0,1,1,2,2,7,1389,1,10,10,2
2013553D15651,1,4,0,16,0,0,0,0,0,0,1,1,6,1,5,675,1,2,9,1
2013553D15651,2,10,0,17,0,0,0,0,0,0,3,1,6,2,7,2198,2,2,8,1
2013553D15662,1,9,0,18,0,0,0,0,0,0,1,1,6,1,6,2179,2,-1,9,1
2013553D15662,2,1,0,18,0,0,0,0,0,0,2,1,6,1,7,-1,-1,-1,10,1
2013553D15667,1,9,0,9,0,3,0,0,0,0,1,1,6,2,6,1984,1,17,2,1
2013553D15667,2,9,0,5,0,4,0,0,0,0,3,1,6,1,8,999,1,16,6,3
2013553D15691,1,9,0,18,0,0,5,0,1,3,1,1,1,1,5,2926,2,13,7,1
2013553D15695,1,9,0,9,0,6,0,0,0,0,1,1,6,2,8,1998,1,17,4,1
2013553D15695,2,2,0,18,0,1,0,0,0,0,4,1,2,1,4,49,1,5,8,1
2013553D15732,1,5,0,17,0,0,0,0,1,0,0,1,6,1,9,782,1,7,5,3
2013553D15794,1,9,0,7,0,5,0,0,0,0,4,1,1,2,7,998,1,2,3,1
2013553D15794,2,1,0,18,0,8,0,0,0,0,1,1,2,1,8,-1,-1,-1,6,1
2013553D15806,1,9,0,5,0,8,0,0,0,0,4,1,6,1,9,2300,1,13,7,1
2013553D15806,2,9,0,7,0,8,0,0,0,0,3,1,6,2,9,1997,2,2,4,1
2013553D15813,1,9,0,17,0,0,0,0,2,10,1,1,6,1,6,998,1,7,5,1
2013553D15920,1,19,0,9,0,5,0,0,0,0,2,1,2,1,10,2664,2,10,10,1
2013553D15920,2,2,0,13,0,1,0,0,0,0,1,1,6,1,4,50,1,1,7,1
2013553D15987,1,9,0,5,0,6,0,0,0,0,4,1,2,2,8,1796,1,10,10,1
2013553D15987,2,19,0,18,0,8,0,0,0,0,1,1,1,1,4,1686,2,5,10,1
2013553D16012,1,9,0,18,0,0,0,0,0,0,2,1,2,1,4,1242,1,6,6,1
2013553D16012,2,9,0,18,0,0,0,0,0,0,1,1,6,3,-1,-1,-1,-1,-1,-1
2013553D16037,1,21,0,4,0,0,0,0,0,0,0,1,1,1,9,-1,-1,-1,10,1
2013553D16037,2,9,0,4,0,0,0,0,0,0,2,1,6,1,6,1598,1,13,8,1
2013553D16037,3,9,0,4,0,0,0,0,0,0,2,1,6,2,8,1584,1,9,7,3
2013553D16037,4,9,0,4,0,0,0,0,0,0,2,1,6,2,7,1598,1,10,10,3
2013553D16037,5,9,0,4,0,0,0,0,0,0,1,1,6,1,6,-1,-1,-1,9,1
2013553D16064,1,9,0,4,0,0,0,0,0,0,2,1,6,2,10,1596,1,2,9,3
2013553D16064,2,3,0,18,0,0,0,0,0,0,1,1,6,1,4,124,1,6,8,2
2013553D16374,1,9,0,18,0,0,1,0,0,0,1,1,6,2,6,1689,2,14,8,2
2013553D16374,2,21,1,18,0,0,0,0,7,10,3,1,1,1,9,11967,2,2,-1,2
2013553D16374,3,9,0,18,0,0,0,0,0,0,1,1,6,1,4,1124,1,10,10,1
2013553D16374,4,19,0,18,0,0,1,0,0,0,1,1,1,1,9,2477,2,1,4,1
2013553D16515,1,9,0,4,0,0,0,0,0,0,3,1,1,1,6,-1,-1,-1,8,2
2013553D16526,1,1,0,18,0,8,0,0,0,0,3,1,6,1,11,-1,-1,-1,7,1
2013553D16526,2,9,0,13,0,8,0,0,0,0,4,1,1,1,9,1560,2,1,6,3
2013553D16590,1,9,0,10,0,5,0,0,0,0,2,1,6,2,7,1597,1,16,5,3
2013553D16590,2,9,0,18,0,1,0,0,0,0,2,1,6,1,11,1799,1,17,7,1
2013553D16590,3,9,0,18,0,1,0,0,0,0,1,1,1,1,6,3498,1,7,10,1
2013553D16592,1,9,0,9,0,6,0,0,0,0,1,1,3,2,4,1199,1,9,6,3
2013553D16592,2,9,0,18,0,1,0,0,7,9,1,1,6,2,7,1798,1,12,6,3
2013553D16595,1,9,0,1,0,0,0,0,0,0,2,1,6,1,11,1422,2,3,7,3
2013553D16595,2,9,0,3,0,0,0,0,0,0,1,1,6,1,7,-1,-1,-1,2,1
2013553D16640,1,9,0,4,0,0,1,0,0,0,1,1,6,1,5,1796,1,9,6,1