Accident_Index,Vehicle_Reference,Vehicle_Type,Towing_and_Articulation,Vehicle_Manoeuvre,Vehicle_Location-Restricted_Lane,Junction_Location,Skidding_and_Overturning,Hit_Object_in_Carriageway,Vehicle_Leaving_Carriageway,Hit_Object_off_Carriageway,1st_Point_of_Impact,Was_Vehicle_Left_Hand_Drive?,Journey_Purpose_of_Driver,Sex_of_Driver,Age_Band_of_Driver,Engine_Capacity_(CC),Propulsion_Code,Age_of_Vehicle,Driver_IMD_Decile,Driver_Home_Area_Type
2013553D16640,2,9,0,3,0,0,0,0,0,0,2,1,1,1,8,1753,2,5,8,2
2013553D16640,3,9,0,3,0,0,0,0,0,0,2,1,6,1,7,2720,2,7,7,1
2013553D16664,1,9,0,3,9,6,0,0,0,0,0,1,6,2,9,1984,1,12,5,1
2013553D16664,2,1,0,18,9,1,0,0,0,10,1,1,4,1,3,-1,-1,-1,1,1
2013553D16676,1,9,0,3,0,0,0,0,0,0,2,1,1,1,9,2993,2,9,3,1
2013553D16676,2,9,0,18,0,0,0,0,0,0,1,1,6,2,11,1390,1,9,10,2
2013553D16682,1,9,0,18,0,8,0,0,0,0,1,1,6,2,4,1149,1,15,6,1
2013553D16682,2,9,0,9,0,5,0,0,0,0,4,1,6,1,11,1339,8,3,8,1
2013553D16742,1,5,0,8,0,4,0,0,0,0,2,1,2,1,7,850,1,13,10,1
2013553D16742,2,19,0,8,0,4,0,0,0,0,1,1,1,1,6,2198,2,1,4,1
2013553D16831,1,9,0,5,0,8,0,0,0,0,0,1,1,2,9,-1,-1,-1,9,1
2013553D16831,2,2,0,18,0,8,0,0,0,0,0,1,6,1,6,49,1,10,3,1
2013553D16912,1,9,0,5,0,6,0,0,0,0,3,1,2,1,7,1388,1,1,10,1
2013553D16912,2,3,0,18,0,8,0,0,0,0,1,1,2,1,4,124,1,29,5,2
2013553D16942,1,9,0,13,0,0,1,0,7,9,1,1,1,2,10,1461,2,3,8,3
2013553D16942,2,9,0,13,0,0,1,0,0,0,1,1,1,1,5,1796,1,9,-1,-1
2013553D17005,1,9,0,4,0,1,0,0,0,0,1,1,6,1,10,1396,1,4,8,3
2013553D17005,2,19,0,10,0,8,0,0,0,0,2,1,1,1,8,1995,2,6,10,1
2013553D17026,1,3,0,16,0,0,1,0,0,0,1,1,2,1,5,-1,-1,-1,6,3
2013553D17026,2,17,4,17,0,0,1,0,0,0,0,1,1,1,7,-1,2,6,6,3
2013553D17219,1,4,0,18,0,0,0,12,0,0,1,1,2,1,8,244,1,3,8,3
2013553D17283,1,90,0,5,0,2,0,0,0,0,2,1,6,1,9,2800,2,8,6,1
2013553D17283,2,1,0,17,0,2,0,0,0,0,1,1,6,1,9,-1,-1,-1,2,1
2013553D17304,1,9,0,18,0,1,0,0,0,0,3,1,6,2,5,1781,1,13,1,1
2013553D17421,1,5,0,18,0,0,0,0,0,0,4,1,6,1,7,998,1,11,9,1
2013553D17426,1,5,0,17,0,0,0,0,1,4,1,1,6,1,7,999,1,5,10,2
2013553D17537,1,9,0,3,0,0,0,0,0,0,4,1,6,2,9,1798,1,5,10,1
2013553D17537,2,1,0,15,0,0,0,0,0,0,1,1,6,1,8,-1,-1,-1,8,1
2013553D17561,1,9,0,9,0,6,0,0,0,0,3,1,6,2,8,1968,2,6,7,1
2013553D17561,2,9,0,17,0,1,1,0,0,0,1,1,6,2,4,1599,1,6,9,2
2013553D17604,1,9,0,18,0,0,0,0,0,0,1,1,6,2,4,-1,-1,-1,7,1
2013553D17604,2,19,0,18,0,0,0,0,0,0,2,1,1,1,8,2143,2,1,2,1
2013553D17640,1,19,0,4,0,8,0,0,0,0,1,1,1,1,5,2402,2,5,5,1
2013553D17640,2,9,0,5,0,1,0,0,0,0,1,1,6,2,7,1396,1,13,4,1
2013553D17674,1,9,0,7,0,5,0,0,0,0,4,1,6,1,10,1493,2,7,5,1
2013553D17674,2,1,0,18,0,8,0,0,0,0,1,1,6,1,9,-1,-1,-1,9,1
2013553D17780,1,11,0,18,0,0,0,0,0,0,0,1,1,1,8,9000,2,4,5,1
2013553D17887,1,20,0,4,0,1,0,0,0,0,1,1,1,1,7,2998,2,3,3,1
2013553D17887,2,9,0,4,0,1,0,0,0,0,2,1,2,2,7,1596,1,9,7,2
2013553D17899,1,9,0,18,0,1,0,0,0,0,1,1,6,1,6,1596,1,9,3,2
2013553D17899,2,9,0,3,0,1,0,0,0,0,2,1,6,2,7,1998,2,13,4,1
2013553D17942,1,1,0,18,0,1,0,0,0,0,4,1,6,2,9,-1,-1,-1,6,3
2013553D17963,1,9,0,18,0,4,0,0,0,0,1,1,6,2,11,1587,1,7,6,2
2013553D17963,2,9,0,18,0,8,0,0,0,0,4,1,6,1,5,1905,2,17,10,2
2013553D17978,1,9,0,18,0,0,0,0,0,0,1,1,6,1,11,1400,1,8,10,1
2013553D17978,2,3,0,18,0,0,0,0,0,0,2,1,6,1,4,100,1,14,2,1
2013553D17997,1,19,0,2,0,0,0,0,0,0,2,1,1,1,6,1753,2,7,-1,-1
2013553D17997,2,1,0,18,0,0,0,0,0,0,1,1,2,1,7,-1,-1,-1,10,1
2013553D18036,1,9,0,18,0,0,0,0,0,0,1,1,6,1,6,1598,1,13,7,1
2013553D18036,2,9,0,2,0,0,0,0,0,0,4,1,6,3,-1,-1,-1,-1,-1,-1
2013553D18136,1,9,0,18,0,2,2,0,8,10,1,1,6,1,7,1299,1,16,5,2
2013553D18136,2,9,0,18,0,2,0,0,0,0,0,1,1,1,8,1753,2,4,6,2
2013553D18175,1,8,0,1,0,0,0,0,0,0,3,1,6,3,-1,-1,-1,-1,-1,-1
2013553D18336,1,9,0,17,0,0,0,0,0,0,0,1,6,1,10,2143,2,3,6,1
2013553D18336,2,9,0,16,0,0,1,10,0,0,1,1,6,1,5,1527,2,16,5,1
2013553D18336,3,9,0,18,0,0,0,0,0,0,1,1,6,1,6,2987,2,1,-1,-1
2013553D18358,1,9,0,18,0,0,0,0,0,0,2,1,6,2,10,1390,1,4,5,1
2013553D18358,2,9,0,18,0,0,0,0,0,0,1,1,2,2,7,1910,2,6,8,3
2013553D18358,3,9,0,18,0,0,1,0,0,0,1,1,1,2,7,1997,2,5,8,3
2013553D18420,1,9,0,7,0,6,0,0,0,0,1,1,1,1,8,1951,2,12,7,2
2013553D18420,2,9,0,18,0,1,0,0,7,10,1,1,3,2,6,1910,2,6,6,3
2013553D18422,1,9,0,14,0,1,0,0,7,5,1,1,6,1,6,1900,2,13,1,1
2013553D18422,2,9,0,9,0,5,0,0,0,0,3,1,6,2,7,1910,2,7,6,1
2013553D18523,1,9,0,5,0,8,0,0,2,1,3,1,6,1,10,2143,2,2,10,1
2013553D18523,2,9,0,18,0,8,0,0,7,9,1,1,6,2,10,2685,2,11,10,3
2013553D18617,1,2,0,3,0,1,0,0,0,0,1,1,6,1,4,49,1,12,3,1
2013553D18617,2,9,0,18,0,8,0,0,0,0,3,1,6,1,7,-1,-1,-1,3,1
2013553D18630,1,9,0,18,0,1,0,0,0,0,1,1,6,1,4,1149,1,11,4,1
2013553D18630,2,9,0,18,0,1,0,0,0,0,2,1,6,2,10,1798,1,8,10,2
2013553D18678,1,9,0,18,0,1,0,0,0,0,1,1,6,3,-1,-1,-1,-1,-1,-1
2013553D18678,2,9,0,3,0,1,0,0,0,0,2,1,6,1,4,1587,1,13,5,1
2013553D18768,1,9,0,6,0,0,0,0,0,0,2,1,6,2,4,998,1,6,6,1
2013553D18768,2,19,0,18,0,0,0,0,0,0,1,1,1,1,8,2188,2,10,6,1
2013553D18792,1,9,0,12,0,1,0,0,0,0,1,1,6,2,9,1997,2,12,1,1
2013553D18792,2,9,0,18,0,1,0,0,0,0,4,1,6,2,6,1596,1,11,1,1
2013553D18810,1,1,0,18,0,8,0,0,0,0,3,1,6,1,6,-1,-1,-1,8,1
2013553D18810,2,9,0,7,0,3,0,0,0,0,4,1,6,2,8,1997,2,2,3,1
2013553D18829,1,9,0,18,0,4,0,0,0,0,4,1,6,1,10,1990,1,17,6,1
2013553D18829,2,9,0,18,0,4,0,0,0,0,2,1,6,2,6,1119,1,17,10,1
2013553D18863,1,9,0,18,0,0,1,0,7,0,1,1,6,1,8,1796,1,17,7,3
2013553D18863,2,9,0,18,0,0,1,0,1,0,1,1,6,1,10,1339,1,2,6,2
2013553D18980,1,9,0,18,0,0,0,0,0,0,1,1,6,1,11,1587,1,6,7,3
2013553D18980,2,9,0,18,0,0,0,0,0,0,1,1,6,1,7,2993,2,5,7,1
2013553D18985,1,5,0,18,0,0,0,0,0,0,1,1,6,1,7,998,1,2,5,2
2013553D19091,1,19,0,18,0,1,0,0,0,0,1,1,1,1,7,2143,2,1,6,2
2013553D19091,2,9,0,3,0,1,0,0,7,10,2,1,6,1,8,1124,1,19,6,3
2013553D19091,3,11,0,4,0,1,0,0,0,0,2,1,1,1,9,-1,2,19,4,2
2013553D19093,1,9,0,18,0,0,0,0,0,0,1,1,6,1,11,2720,2,8,7,1
2013553D19094,1,9,0,9,0,8,0,0,0,0,4,1,6,1,11,1242,1,14,6,1
2013553D19094,2,9,0,18,0,8,0,0,0,0,1,1,3,2,7,1560,2,-1,5,1
2013553D19106,1,9,0,16,0,0,5,0,7,4,1,1,6,1,9,-1,-1,-1,10,2
2013553D19224,1,9,0,18,0,0,0,0,0,0,2,1,6,2,8,1582,2,4,7,1
2013553D19224,2,9,0,18,0,0,0,0,0,0,2,1,6,1,11,1368,1,7,-1,-1
2013553D19224,3,9,0,18,0,0,0,0,0,0,1,1,6,1,8,1999,1,12,5,2
2013553D19295,1,9,0,17,0,0,0,0,1,10,4,1,6,1,6,1896,2,13,6,3
2013553D19313,1,9,0,17,0,2,5,0,0,0,1,1,6,1,6,1596,1,10,5,2
2013553D19316,1,1,0,18,0,0,0,0,0,0,0,1,6,1,5,-1,-1,-1,10,2
2013553D19339,1,5,0,13,0,1,0,0,0,0,1,1,6,1,4,599,1,13,2,1
2013553D19339,2,9,0,9,0,1,0,0,0,0,3,1,6,1,9,1590,1,12,7,1
2013553D19348,1,9,0,16,0,1,1,0,0,0,1,1,6,1,5,1124,1,11,5,2
2013553D19348,2,9,0,17,0,2,0,0,0,0,1,1,6,2,7,1398,1,11,2,1
2013553D19397,1,9,0,4,0,0,0,0,0,0,0,1,6,1,5,1124,1,16,1,1
2013553D19397,2,9,0,4,0,0,0,0,0,0,2,1,6,1,10,1339,1,4,7,1
2013553D19397,3,9,0,4,0,0,0,0,0,0,2,1,6,2,5,1240,1,9,4,1
2013553D19397,4,9,0,18,0,0,0,0,0,0,1,1,6,1,8,1998,2,12,8,1
2013553D19466,1,9,0,13,0,0,0,0,0,0,4,1,6,1,10,2435,1,19,7,3
2013553D19466,2,9,0,16,0,0,0,0,1,10,3,1,1,1,7,1582,2,1,4,1
2013553D19533,1,9,0,18,0,0,0,0,0,0,4,1,6,1,9,1560,2,3,7,1
2013553D19582,1,9,0,4,0,0,0,0,0,0,1,1,6,2,8,1560,2,4,6,2
2013553D19582,2,11,0,3,0,0,0,0,0,0,2,1,1,1,8,2143,2,2,6,3
2013553D19582,3,17,0,18,0,0,0,0,0,0,0,1,1,1,9,-1,2,9,5,3
2013553D19599,1,9,0,9,0,8,0,0,0,0,3,1,2,1,8,1588,1,9,6,1
2013553D19599,2,9,0,18,0,8,0,0,0,0,1,1,1,1,8,1905,2,14,7,2
2013553D19690,1,5,0,18,0,0,0,0,0,0,1,1,6,1,9,1402,1,11,5,1
2013553D19690,2,20,0,18,0,0,0,0,0,0,1,1,1,1,8,-1,-1,-1,2,1
2013553D19747,1,9,0,5,0,2,0,0,0,0,1,1,6,1,7,1956,2,1,1,1
2013553D19748,1,9,0,16,0,0,0,0,0,0,0,1,2,1,4,-1,-1,-1,7,3
2013553D19748,2,11,0,17,0,0,0,0,0,0,0,1,1,2,9,-1,2,19,4,1
2013553D19768,1,9,0,10,0,2,0,0,0,0,1,1,6,2,6,1587,1,9,6,1
2013553D19768,2,9,0,9,0,1,0,0,0,0,2,1,6,1,5,998,1,8,7,1
2013553D19822,1,5,0,13,0,0,0,0,0,0,1,1,6,1,8,1050,1,4,4,1
2013553D19822,2,90,0,3,0,0,0,0,0,0,1,1,6,1,10,1968,2,2,6,3
2013553D19881,1,19,0,4,0,1,0,0,0,0,1,1,1,1,7,1867,2,13,7,1
2013553D19881,2,9,0,4,0,1,0,0,0,0,2,1,2,2,8,1999,1,4,6,1
2013553D19897,1,9,0,9,0,5,0,0,0,0,3,1,1,1,6,1598,1,1,2,1
2013553D19897,2,9,0,17,0,8,0,0,0,0,1,1,6,2,5,1598,1,3,5,3
2013553D19995,1,9,0,18,0,4,0,0,0,0,3,1,6,2,8,1968,2,1,5,3
2013553D19995,2,2,0,17,0,8,0,0,0,0,4,1,6,2,6,124,1,11,4,1
2013553D20051,1,11,0,18,0,0,0,0,0,0,0,1,1,1,9,9000,2,4,8,3
2013553D20092,1,9,0,9,0,6,0,0,0,0,1,1,6,1,8,3956,1,9,10,2
2013553D20092,2,9,0,18,0,8,0,0,0,0,1,1,6,1,6,1896,2,7,10,2
2013553D20167,1,3,0,12,0,0,0,0,1,0,3,1,2,2,5,125,1,-1,3,1
2013553D20167,2,21,1,13,0,0,0,0,0,0,4,1,1,1,8,12900,2,2,4,1
2013553D20257,1,5,0,3,0,1,0,0,0,0,2,1,6,1,8,1250,1,10,6,1
2013553D20257,2,9,0,5,0,1,0,0,0,0,1,1,6,2,10,1229,1,6,8,1
2013553D20309,1,5,0,18,0,0,0,0,8,10,3,1,6,1,7,1000,1,12,6,3
2013553D20309,2,9,0,18,0,0,0,0,0,0,3,1,6,1,8,2993,2,9,10,2
2013553D20375,1,5,0,13,0,8,1,0,0,0,1,1,6,1,5,599,1,6,7,3
2013553D20375,2,9,0,9,0,5,0,0,7,0,3,1,6,2,10,1198,1,1,7,3
2013553D20498,1,9,0,18,0,0,0,0,0,0,1,1,6,2,6,1388,1,14,5,1
2013553D20498,2,9,0,4,0,0,0,0,0,0,2,1,6,1,9,2143,2,3,10,3
2013553D20498,3,9,0,4,0,0,0,0,0,0,2,1,6,2,8,1686,2,7,8,1
2013553D20508,1,9,0,5,0,4,0,0,0,0,2,1,6,1,7,1242,1,10,6,1
2013553D20508,2,9,0,5,0,1,0,0,0,0,1,1,6,1,6,1388,1,4,3,1
2013553D20535,1,9,0,5,0,8,0,0,7,4,1,1,6,2,11,1396,1,13,9,3
2013553D20603,1,9,0,17,0,0,2,0,2,10,1,1,2,1,5,1596,1,14,4,1
2013553D20657,1,9,0,18,0,0,0,0,0,0,1,1,6,1,6,2982,2,1,5,3
2013553D20657,2,9,0,18,0,0,0,0,0,0,1,1,6,2,7,1598,1,12,6,2
2013553D20693,1,19,0,7,0,6,0,0,0,0,4,1,6,3,-1,-1,-1,-1,-1,-1
2013553D20693,2,1,0,18,0,6,0,0,0,0,1,1,6,1,4,-1,-1,-1,4,1
2013553D20701,1,9,0,5,0,6,0,0,0,0,1,1,6,2,9,1390,1,11,8,2
2013553D20734,1,9,0,18,0,5,0,0,0,0,3,1,2,1,5,1198,1,-1,9,2
2013553D20734,2,21,0,11,0,5,0,0,0,0,4,1,1,1,6,11021,2,7,-1,-1
2013553D20794,1,9,0,4,0,1,0,0,0,0,2,1,1,2,9,1968,2,2,10,1
2013553D20794,2,9,0,5,0,1,0,0,0,0,1,1,2,1,10,1596,1,3,8,3
2013553D20926,1,9,0,16,0,0,0,0,0,0,1,1,6,2,5,2495,2,18,6,3
2013553D20926,2,20,0,17,0,0,0,0,0,0,1,1,1,1,5,5880,2,8,9,2
2013553D20963,1,90,0,3,0,2,0,0,0,0,2,1,6,2,10,2500,2,16,8,1
2013553D20963,2,9,0,9,0,6,0,0,0,0,1,1,2,1,5,1998,1,13,9,1
2013553D20963,3,19,0,4,0,2,0,0,0,0,2,1,6,1,6,2148,2,5,-1,-1
2013553D21039,1,9,0,18,0,8,0,0,0,0,1,1,6,1,4,1242,1,12,5,3
2013553D21039,2,9,0,18,0,8,0,0,0,0,4,1,6,1,5,2926,2,11,5,3
2013553D21088,1,9,0,18,0,0,0,0,7,10,1,1,6,1,6,1364,1,2,8,3
2013553D21099,1,20,0,4,0,2,0,0,0,0,0,1,1,1,6,-1,2,10,10,1
2013553D21099,2,9,0,4,0,8,0,0,0,0,2,1,6,2,5,1299,1,10,6,2
2013553D21099,3,9,0,4,0,1,0,0,0,0,1,1,6,1,9,2495,2,15,8,1
2013553D21160,1,9,0,18,0,8,0,0,0,0,0,1,6,1,8,1595,1,-1,6,1
2013553D21240,1,9,0,18,0,8,0,0,0,0,1,1,6,1,5,1956,2,1,6,1
2013553D21240,2,9,0,9,0,6,0,0,0,0,3,1,6,2,7,1951,2,9,6,3
2013553D21282,1,9,0,18,0,0,0,0,0,0,3,1,2,1,5,1997,2,4,9,1
2013553D21302,1,9,0,9,0,6,0,0,0,0,3,1,6,2,5,1360,1,9,3,1
2013553D21302,2,3,0,18,0,8,1,0,0,0,1,1,6,1,4,-1,-1,-1,5,1
2013553D21524,1,9,0,18,0,0,0,0,0,0,1,1,1,1,7,-1,-1,-1,7,1
2013553D21647,1,3,0,18,0,0,1,0,0,0,1,1,6,1,5,124,1,8,6,3
2013553D21647,2,11,0,4,0,0,0,0,0,0,1,1,1,1,10,4250,2,14,6,3
2013553D21685,1,1,0,9,0,0,0,0,0,0,2,1,6,1,6,-1,-1,-1,7,2
2013553D21685,2,9,0,18,0,0,0,0,0,0,1,1,6,1,10,-1,-1,-1,6,3
2013553D21814,1,4,0,4,0,0,0,0,0,0,1,1,6,1,7,-1,-1,-1,6,1
2013553D21814,2,9,0,4,0,0,0,0,0,0,2,1,6,1,10,2143,2,1,10,1
2013553D21814,3,9,0,18,0,0,0,0,0,0,0,1,1,1,6,1753,2,3,10,1
2013553D21837,1,19,0,5,8,0,0,0,0,0,1,1,1,1,6,2400,2,10,1,1
2013553D21837,2,9,0,18,0,0,0,0,0,0,4,1,6,1,10,-1,-1,-1,-1,-1
2013553D21843,1,19,0,18,0,0,1,0,0,0,1,1,6,1,9,2300,2,7,10,2
2013553D21843,2,9,0,18,0,0,0,0,0,0,2,1,6,1,7,-1,-1,-1,6,3
2013553D21862,1,9,0,4,0,0,0,0,0,0,0,1,6,3,-1,-1,-1,-1,-1,-1
2013553D21862,2,9,0,4,0,0,0,0,0,0,2,1,6,2,6,1587,1,9,8,1
2013553D21862,3,9,0,18,0,0,0,0,0,0,1,1,6,2,4,998,1,2,10,1
2013553D21881,1,9,0,1,0,0,0,0,0,0,2,1,6,2,-1,1360,1,12,-1,-1
2013553D21881,2,9,0,3,0,0,0,0,0,0,1,1,6,1,10,1598,1,11,7,1
2013553D21898,1,3,0,13,0,8,0,0,7,10,4,1,6,1,5,124,1,5,7,2
2013553D21898,2,9,0,10,0,8,0,0,0,0,3,1,1,1,10,1396,1,3,8,3
2013553D21977,1,1,0,18,0,2,0,0,0,0,1,1,6,1,10,-1,-1,-1,4,1
2013553D21977,2,9,0,5,0,2,0,0,0,0,4,1,6,2,4,1868,2,14,10,1
2013553D22190,1,9,0,18,0,8,0,0,0,0,1,1,6,1,5,1896,2,14,5,1
2013553D22190,2,9,0,18,0,8,0,0,0,0,2,1,6,1,6,1994,1,15,2,1
2013553D22244,1,9,0,18,0,0,5,0,8,4,1,1,1,1,8,1753,2,4,7,2
2013553D22260,1,9,0,16,0,0,0,0,0,0,3,1,6,1,6,1124,1,13,8,2
2013553D22260,2,19,0,17,0,0,0,0,0,0,3,1,6,1,7,2402,2,2,4,1
2013553D22322,1,9,0,5,0,6,0,0,0,0,1,1,6,1,7,1329,1,-1,8,1
2013553D22322,2,9,0,9,0,5,0,0,0,0,3,1,6,2,5,1240,1,3,3,1
2013553D22517,1,9,0,5,0,6,0,0,0,0,1,1,6,3,-1,-1,-1,-1,-1,-1
2013553D22517,2,9,0,18,0,8,0,0,0,0,4,1,6,1,8,1598,2,2,3,1
2013553D22536,1,9,0,9,0,6,0,0,0,0,3,1,6,2,4,998,1,10,6,3
2013553D22536,2,5,0,18,0,8,0,0,0,0,1,1,6,1,8,998,1,4,5,2
2013553D22603,1,1,0,18,9,1,0,0,0,0,1,1,6,1,6,-1,-1,-1,5,1
2013553D22763,1,9,0,16,0,0,0,0,0,0,1,1,2,2,5,1598,1,6,6,3
2013553D22763,2,11,0,17,0,0,0,0,2,3,1,1,1,1,9,10518,2,2,8,1
2013553D22804,1,9,0,18,0,6,0,0,0,0,1,1,6,2,10,1997,2,11,3,1
2013553D22804,2,9,0,18,0,1,1,0,0,0,1,1,6,1,10,1686,2,2,4,1
2013553D22829,1,9,0,4,0,8,0,0,0,0,1,1,1,2,9,1598,2,3,5,3
2013553D22829,2,9,0,4,0,8,0,0,0,0,2,1,1,2,6,1149,1,9,7,1
2013553D22865,1,20,0,18,0,8,0,0,0,0,1,1,1,1,9,11116,2,10,2,1
2013553D22872,1,9,0,18,0,0,0,0,1,9,1,1,6,2,5,1242,1,9,10,1
2013553D22988,1,3,0,16,0,0,1,0,0,0,1,1,6,2,7,124,1,10,4,1
2013553D22988,2,9,0,17,0,0,0,0,0,0,1,1,1,1,8,1753,2,2,10,1
2013553D22998,1,9,0,7,0,6,0,0,0,0,3,1,6,2,10,1968,2,4,5,3
2013553D22998,2,4,0,18,0,8,0,0,0,0,1,1,6,1,4,-1,-1,-1,4,1
2013553D23008,1,9,0,5,0,1,0,0,0,0,1,1,1,1,8,2401,2,7,8,1
2013553D23008,2,9,0,3,0,1,0,0,0,0,2,1,1,2,6,1896,2,9,4,1
2013553D23050,1,9,0,18,0,0,0,0,0,0,2,1,2,1,7,1598,1,15,8,1
2013553D23050,2,9,0,18,0,0,0,0,0,0,2,1,1,1,7,1796,1,5,-1,-1
2013553D23050,3,9,0,18,0,0,1,0,0,0,1,1,2,1,9,-1,-1,-1,8,1
2013553D23114,1,9,0,10,0,8,0,0,0,0,0,1,6,2,9,1731,1,15,6,3
2013553D23114,2,9,0,5,0,8,0,0,0,0,1,1,6,1,4,1527,2,14,10,1
2013553D23114,3,5,0,18,0,8,0,0,0,0,4,1,2,1,7,799,1,8,10,1
2013553D23159,1,9,0,18,0,0,0,0,7,10,4,1,6,1,9,1582,2,-1,10,2
2013553D23159,2,9,0,18,0,0,0,0,0,0,4,1,6,1,8,1995,1,3,2,1
2013553D23192,1,9,0,18,0,0,0,0,0,0,1,1,6,2,9,1595,1,9,2,1
2013553D23192,2,19,0,4,0,0,0,0,0,0,2,1,2,1,8,1560,2,-1,3,2
2013553D23192,3,19,0,4,0,0,0,0,0,0,2,1,1,1,5,1753,2,6,4,1
2013553D23192,4,9,0,4,0,0,0,0,0,0,2,1,2,1,9,1997,1,12,5,2
2013553D23202,1,9,0,18,0,8,0,0,0,0,1,1,6,1,6,1781,1,12,10,3
2013553D23202,2,9,0,9,0,6,0,0,0,0,1,1,6,1,10,-1,-1,-1,7,1
2013553D23451,1,9,0,12,0,8,0,0,0,0,3,1,6,2,7,1248,1,-1,-1,-1
2013553D23451,2,3,0,17,0,8,0,0,0,0,4,1,6,1,4,124,1,2,10,1
2013553D23506,1,9,0,13,0,8,0,0,1,4,1,1,6,2,6,1598,1,6,6,2
2013553D23873,1,9,0,18,0,0,0,0,0,0,3,1,2,2,6,1360,1,7,5,2
2013553D23951,1,9,0,18,0,0,0,0,7,10,1,1,2,1,7,1998,1,8,8,1
2013553D23951,2,9,0,18,0,0,0,0,0,0,1,1,6,1,8,1390,1,15,6,1
2013553D24055,1,9,0,5,9,6,0,0,0,0,1,1,1,2,7,2521,1,4,7,3
2013553D24055,2,1,0,18,9,1,0,0,0,0,3,1,4,1,2,-1,-1,-1,7,3
2013553D24182,1,9,0,9,0,5,0,0,0,0,1,1,6,1,6,2616,1,9,9,1
2013553D24182,2,1,0,18,0,8,0,0,0,0,1,1,6,1,8,-1,-1,-1,10,1
2013553D24182,3,9,0,10,0,1,0,0,0,0,3,1,6,1,6,1560,2,2,-1,-1
2013553D24410,1,9,0,16,0,1,0,0,7,10,1,1,6,1,4,1242,1,16,4,1
2013553D24410,2,9,0,17,0,2,0,0,0,0,0,1,6,1,6,-1,-1,-1,5,3
2013553D24410,3,9,0,17,0,2,0,0,0,0,1,1,1,1,9,1598,1,1,9,1
2013553D24509,1,9,0,18,0,3,0,0,3,10,1,1,6,1,8,2171,1,12,4,1
2013553D24707,1,9,0,18,0,4,5,9,3,7,1,1,6,1,5,1390,1,2,3,1
2013553D24749,1,9,0,18,0,0,0,0,0,0,1,1,6,3,-1,-1,-1,-1,-1,-1
2013553D24771,1,9,0,18,0,3,0,0,1,10,1,1,6,1,11,1598,1,6,10,1
2013553D24771,2,9,0,18,0,3,0,0,1,10,2,1,6,2,6,1997,1,14,3,1
2013553D24790,1,9,0,9,0,6,0,0,3,10,3,1,6,1,11,998,1,7,8,2
2013553D24790,2,9,0,18,0,8,0,0,7,10,1,1,6,2,8,1242,1,12,7,3
2013553D24811,1,9,0,13,0,0,1,0,0,0,1,1,6,1,6,1796,1,12,5,2
2013553D24811,2,19,0,18,0,0,0,0,0,0,0,1,6,1,7,2446,2,14,10,1
2013553D24811,3,9,0,18,0,0,1,0,0,0,1,1,6,1,5,1596,1,11,7,3
2013553D24841,1,9,0,2,0,0,0,0,0,0,2,1,6,3,-1,1868,2,8,-1,-1
2013553D24841,2,9,0,18,0,0,5,4,0,0,1,1,6,1,4,1124,1,13,9,2
2013553D25122,1,9,0,18,0,0,0,10,1,10,1,1,6,3,-1,1360,1,3,-1,-1
2013553D25144,1,9,0,9,0,8,0,0,0,0,1,1,6,1,5,1242,1,15,-1,-1
2013553D25144,2,9,0,18,0,8,0,0,0,0,1,1,6,1,6,2198,2,7,8,1
2013553D25270,1,9,0,18,0,4,0,0,0,0,3,1,2,2,4,1328,1,11,5,2
2013553D25270,2,1,0,18,0,4,0,0,0,0,1,1,2,1,6,-1,-1,-1,4,1
2013553D25309,1,9,0,13,0,8,1,0,0,0,1,1,6,1,11,1582,2,3,3,1
2013553D25309,2,9,0,13,0,8,0,0,7,10,1,1,6,1,6,998,1,-1,7,1
2013553D25309,3,21,1,18,0,8,0,0,0,0,3,2,1,1,7,-1,-1,-1,-1,-1
2013553D25309,4,21,1,18,0,8,0,0,0,0,3,1,1,1,8,12777,2,7,9,1
2013553D25397,1,9,0,5,0,8,0,0,0,0,3,1,6,2,4,1124,1,13,5,3
2013553D25397,2,5,0,18,0,8,1,0,0,0,3,1,6,1,6,1063,1,10,8,3
2013553D25398,1,19,0,18,0,8,1,0,0,0,4,1,1,1,8,2402,2,11,6,2
2013553D25398,2,9,0,18,0,6,0,0,0,0,3,1,6,2,11,1598,1,7,7,3
2013553D25440,1,9,0,18,0,0,0,0,0,0,4,1,6,3,-1,-1,-1,-1,-1,-1
2013553D25440,2,1,0,18,0,0,0,0,0,0,0,1,6,2,4,-1,-1,-1,4,1
2013553D25492,1,9,0,18,0,0,0,0,7,10,1,1,6,1,11,1896,2,11,8,2
2013553D25492,2,9,0,18,0,0,0,0,0,0,3,1,6,2,9,2000,1,7,5,3
2013553D25492,3,9,0,18,0,0,0,0,0,0,1,1,6,2,9,2477,2,10,5,3
2013553D25507,1,90,0,18,9,1,0,0,0,0,3,1,6,2,7,-1,-1,-1,4,2
2013553D25507,2,9,0,18,9,1,0,0,1,10,4,1,6,3,-1,-1,-1,-1,-1,-1
2013553D25538,1,9,0,18,0,0,0,0,0,0,1,1,2,2,9,1995,1,3,8,1
2013553D25538,2,9,0,3,0,0,0,0,0,0,2,1,3,2,7,1360,1,10,5,2
2013553D25538,3,9,0,3,0,0,0,0,0,0,2,1,2,2,7,1124,1,10,5,1
2013553D25540,1,19,0,9,0,6,0,0,0,0,3,1,1,1,8,2402,2,2,6,3
2013553D25540,2,5,0,18,0,8,0,0,1,10,1,1,2,1,7,645,1,7,6,1