Accident_Index,Vehicle_Reference,Vehicle_Type,Towing_and_Articulation,Vehicle_Manoeuvre,Vehicle_Location-Restricted_Lane,Junction_Location,Skidding_and_Overturning,Hit_Object_in_Carriageway,Vehicle_Leaving_Carriageway,Hit_Object_off_Carriageway,1st_Point_of_Impact,Was_Vehicle_Left_Hand_Drive?,Journey_Purpose_of_Driver,Sex_of_Driver,Age_Band_of_Driver,Engine_Capacity_(CC),Propulsion_Code,Age_of_Vehicle,Driver_IMD_Decile,Driver_Home_Area_Type
201360P015234,2,1,0,18,6,1,0,0,0,0,3,1,6,1,7,-1,-1,-1,-1,-1
201360P015414,1,9,0,18,0,0,0,4,0,0,1,1,2,1,6,-1,-1,-1,-1,-1
201360P015414,2,9,0,2,0,0,0,0,0,0,2,1,2,1,9,-1,-1,-1,-1,-1
201360P015469,1,9,0,18,0,3,0,0,0,0,0,1,6,3,-1,-1,-1,-1,-1,-1
201360P015469,2,11,0,18,0,1,0,0,0,0,0,1,1,1,8,-1,-1,-1,-1,-1
201360P015575,1,9,0,18,0,2,0,0,0,0,1,1,6,1,6,-1,-1,-1,-1,-1
201360P015821,1,9,0,13,0,0,0,10,0,0,2,1,6,2,10,1991,2,1,-1,2
201360P015821,2,21,0,13,0,0,0,0,0,0,1,1,1,1,7,-1,2,10,-1,3
201360P015892,1,9,0,18,0,0,1,0,8,10,4,1,6,1,10,-1,-1,-1,-1,-1
201360P016082,1,9,0,18,0,0,0,0,7,5,1,1,6,2,9,-1,-1,-1,-1,-1
201360P016235,1,9,0,18,0,0,0,0,0,0,4,1,6,2,9,-1,-1,-1,-1,-1
201360P016364,1,1,0,18,0,0,0,0,0,0,2,1,6,1,7,-1,-1,-1,-1,-1
201360P016364,2,9,0,18,0,0,0,0,0,0,3,1,6,2,8,-1,-1,-1,-1,-1
201360P016489,1,9,0,18,0,0,1,10,2,10,1,1,6,2,4,-1,-1,-1,-1,-1
201360P016994,1,9,0,18,0,0,0,0,0,0,1,1,6,2,7,-1,-1,-1,-1,-1
201360P017212,1,9,0,5,0,2,0,0,0,0,1,1,6,2,9,-1,-1,-1,-1,-1
201360P017239,1,9,0,18,0,1,0,0,0,0,1,1,6,3,-1,-1,-1,-1,-1,-1
201360P017239,2,9,0,2,0,1,0,0,0,0,2,1,6,2,6,-1,-1,-1,-1,-1
201360P017444,1,90,0,1,0,1,0,0,0,0,2,1,2,1,6,-1,-1,-1,-1,-1
201360P017610,1,9,0,18,0,4,0,0,0,0,1,1,6,3,-1,-1,-1,-1,-1,-1
201360P017610,2,9,0,18,0,4,0,0,0,0,2,1,6,2,6,-1,-1,-1,-1,-1
201360P017669,1,9,0,18,0,0,0,0,0,0,1,1,6,3,-1,-1,-1,-1,-1,-1
201360P017671,1,9,0,18,0,6,0,0,0,0,1,1,6,1,9,-1,-1,-1,-1,-1
201360P017671,2,9,0,18,0,1,0,0,0,0,4,1,6,1,8,-1,-1,-1,-1,-1
201360P017835,1,9,0,17,0,1,0,0,2,2,1,1,6,1,7,-1,-1,-1,-1,-1
201360P017849,1,9,0,18,0,8,0,0,0,0,1,1,6,1,8,-1,-1,-1,-1,-1
201360P017849,2,9,0,5,0,8,1,0,1,0,3,1,6,2,8,-1,-1,-1,-1,-1
201360P017933,1,9,0,3,0,1,0,0,0,0,1,1,1,1,7,-1,-1,-1,-1,-1
201360P017933,2,9,0,1,0,1,0,0,0,0,2,1,6,3,-1,-1,-1,-1,-1,-1
201360P018131,1,9,0,18,0,1,0,0,0,0,1,1,1,1,6,-1,-1,-1,-1,-1
201360P018131,2,9,0,4,0,1,0,0,0,0,2,1,6,2,10,-1,-1,-1,-1,-1
201360P018234,1,9,0,18,0,1,0,0,0,0,2,1,6,1,7,-1,-1,-1,-1,-1
201360P018234,2,9,0,3,0,2,0,0,0,0,1,1,6,2,6,-1,-1,-1,-1,-1
201360P018281,1,9,0,18,0,8,0,0,0,0,1,1,6,2,6,-1,-1,-1,-1,-1
201360P018281,2,9,0,18,0,8,0,0,0,0,3,1,6,1,5,-1,-1,-1,-1,-1
201360P018299,1,9,0,18,0,1,0,0,0,0,1,1,6,3,-1,-1,-1,-1,-1,-1
201360P018374,1,9,0,18,0,1,0,0,0,0,1,1,6,2,8,-1,-1,-1,-1,-1
201360P018374,2,9,0,3,0,1,0,0,0,0,2,1,6,2,6,-1,-1,-1,-1,-1
201360P018559,1,19,0,18,0,0,0,0,0,0,3,1,6,3,-1,-1,-1,-1,-1,-1
201360P018816,1,9,0,9,0,1,0,0,0,0,1,1,6,1,9,-1,-1,-1,-1,-1
201360P019034,1,9,0,18,0,0,0,0,0,0,1,1,1,1,5,-1,-1,-1,-1,-1
201360P019034,2,9,0,18,0,0,0,0,0,0,1,1,2,2,6,-1,-1,-1,-1,-1
201360P019067,1,19,0,18,0,0,0,4,0,0,1,1,1,1,8,-1,-1,-1,-1,-1
201360P019067,2,9,0,2,0,0,5,0,1,0,2,1,6,1,10,-1,-1,-1,-1,-1
201360P019081,1,9,0,4,0,1,0,0,0,0,1,1,1,2,8,-1,-1,-1,-1,-1
201360P019081,2,9,0,3,0,1,0,0,0,0,2,1,6,1,5,-1,-1,-1,-1,-1
201360P019597,1,9,0,9,0,6,0,0,0,0,3,1,6,1,4,-1,-1,-1,-1,-1
201360P019597,2,9,0,18,0,1,0,0,0,0,4,1,1,1,9,-1,-1,-1,-1,-1
201360P019878,1,9,0,18,0,1,0,0,0,0,1,1,2,2,6,-1,-1,-1,-1,-1
201360P020191,1,9,0,16,0,0,2,0,1,4,1,1,6,1,6,-1,-1,-1,-1,-1
201360P020288,1,9,0,9,0,1,0,0,0,0,3,1,6,1,9,-1,-1,-1,-1,-1
201360P020288,2,3,0,18,0,1,0,0,0,0,1,1,6,1,4,-1,-1,-1,-1,-1
201360P020382,1,9,0,17,0,0,2,0,7,9,4,1,1,2,4,-1,-1,-1,-1,-1
201360P020382,2,10,0,18,0,0,0,0,0,0,1,1,1,1,9,-1,-1,-1,-1,-1
201360P020451,1,9,0,9,0,8,0,0,0,0,4,1,6,2,9,-1,-1,-1,-1,-1
201360P020451,2,1,0,18,0,1,0,0,0,0,1,1,6,1,7,-1,-1,-1,-1,-1
201360P020469,1,9,0,4,0,4,0,0,0,0,2,1,2,2,7,-1,-1,-1,-1,-1
201360P020469,2,9,0,4,0,4,0,0,0,0,1,1,2,2,4,-1,-1,-1,-1,-1
201360P020500,1,9,0,9,0,6,0,0,0,0,1,1,6,1,6,-1,-1,-1,-1,-1
201360P020500,2,3,0,18,0,8,0,0,0,0,4,1,6,1,10,-1,-1,-1,-1,-1
201360P020914,1,9,0,8,0,1,0,0,0,0,1,1,6,1,-1,-1,-1,-1,-1,-1
201360P020914,2,9,0,3,0,1,0,0,0,0,2,1,6,2,4,1149,1,10,-1,1
201360P020960,1,9,0,18,0,1,0,0,0,0,1,1,6,3,-1,-1,-1,-1,-1,-1
201360P020960,2,9,0,4,0,1,0,0,0,0,2,1,6,1,7,-1,-1,-1,-1,-1
201360P021030,1,9,0,18,0,2,0,0,0,0,0,1,1,1,7,-1,-1,-1,-1,-1
201360P021030,2,9,0,18,0,1,0,0,0,0,0,1,1,1,8,-1,-1,-1,-1,-1
201360P021030,3,9,0,18,0,1,0,0,0,0,0,1,1,1,7,-1,-1,-1,-1,-1
201360P021030,4,9,0,18,0,1,0,0,0,0,1,1,1,1,7,-1,-1,-1,-1,-1
201360P021030,5,9,0,18,0,1,0,0,0,0,0,1,1,1,8,-1,-1,-1,-1,-1
201360P021093,1,9,0,18,0,0,0,0,0,0,1,1,6,1,7,-1,-1,-1,-1,-1
201360P021093,2,9,0,2,0,0,0,0,0,0,1,1,6,1,7,-1,-1,-1,-1,-1
201360P021479,1,9,0,18,0,1,0,0,0,0,1,1,6,2,7,-1,-1,-1,-1,-1
201360P021479,2,9,0,9,0,1,0,0,0,0,2,1,6,2,7,-1,-1,-1,-1,-1
201360P021531,1,9,0,17,0,1,0,0,7,0,3,1,6,2,4,-1,-1,-1,-1,-1
201360P021531,2,9,0,2,9,1,0,0,0,0,2,1,6,2,8,-1,-1,-1,-1,-1
201360P021606,1,9,0,4,0,4,0,0,0,0,1,1,6,1,10,-1,-1,-1,-1,-1
201360P021606,2,9,0,3,0,4,0,0,0,0,2,1,6,1,8,-1,-1,-1,-1,-1
201360P021677,1,9,0,17,0,0,1,0,8,4,1,1,6,1,4,-1,-1,-1,-1,-1
201360P021884,1,9,0,2,0,1,0,0,0,0,3,1,6,3,-1,-1,-1,-1,-1,-1
201360P021906,1,19,0,7,0,4,0,0,0,0,1,1,1,1,7,-1,-1,-1,-1,-1
201360P021906,2,9,0,5,0,1,0,0,0,0,2,1,6,2,7,-1,-1,-1,-1,-1
201360P021925,1,9,0,12,0,0,0,0,0,0,2,1,6,1,10,-1,-1,-1,-1,-1
201360P021925,2,9,0,18,0,0,1,0,0,0,1,1,6,2,10,-1,-1,-1,-1,-1
201360P022011,1,9,0,18,0,0,0,0,0,0,4,1,6,3,-1,-1,-1,-1,-1,-1
201360P022019,1,9,0,16,0,0,0,0,7,9,3,1,6,1,11,-1,-1,-1,-1,-1
201360P022047,1,9,0,13,0,0,0,0,0,0,2,1,6,3,-1,-1,-1,-1,-1,-1
201360P022047,2,1,0,18,0,0,0,0,0,0,2,1,6,1,3,-1,-1,-1,-1,-1
201360P022454,1,4,0,4,0,1,1,0,1,0,3,1,6,1,7,-1,-1,-1,-1,-1
201360P022574,1,9,0,18,0,8,0,0,0,0,1,1,6,2,8,-1,-1,-1,-1,-1
201360P022574,2,1,0,18,0,8,0,0,0,0,1,1,6,2,2,-1,-1,-1,-1,-1
201360P022658,1,9,0,4,0,0,0,0,0,0,1,1,6,3,-1,-1,-1,-1,-1,-1
201360P022658,2,9,0,2,0,0,0,0,0,0,2,1,6,2,10,-1,-1,-1,-1,-1
201360P022968,1,9,0,18,0,1,0,0,0,0,4,1,6,2,6,-1,-1,-1,-1,-1
201360P022968,2,9,0,3,0,6,0,0,0,0,1,1,6,1,7,-1,-1,-1,-1,-1
201360P023060,1,9,0,18,0,1,0,0,0,0,1,1,6,3,-1,-1,-1,-1,-1,-1
201360P023060,2,9,0,3,0,1,0,0,0,0,2,1,6,2,6,-1,-1,-1,-1,-1
201360P023302,1,9,0,5,0,2,0,0,0,0,1,1,6,1,11,-1,-1,-1,-1,-1
201360P023414,1,9,0,18,0,1,0,0,0,0,1,1,6,1,5,-1,-1,-1,-1,-1
201360P023414,2,3,0,18,0,1,0,0,0,0,3,1,6,1,10,-1,-1,-1,-1,-1
201360P023414,3,9,0,8,0,1,0,0,0,0,3,1,1,2,7,-1,-1,-1,-1,-1
201360P023560,1,9,0,9,0,6,0,0,0,0,2,1,6,2,10,-1,-1,-1,-1,-1
201360P023560,2,9,0,18,0,1,0,0,0,0,1,1,6,1,8,-1,-1,-1,-1,-1
201360P023754,1,9,0,18,0,1,0,0,0,0,1,1,6,1,-1,-1,-1,-1,-1,-1
201360P023754,2,9,0,18,0,1,0,0,0,0,2,1,6,1,10,-1,-1,-1,-1,-1
201360P024165,1,9,0,18,0,0,0,0,0,0,1,1,1,1,8,-1,-1,-1,-1,-1
201360P024165,2,9,0,18,0,0,0,0,0,0,1,1,6,1,6,-1,-1,-1,-1,-1
201360P024284,1,9,0,7,0,4,0,0,0,0,1,1,6,1,6,-1,-1,-1,-1,-1
201360P024284,2,9,0,7,0,4,0,0,0,0,2,1,6,2,8,-1,-1,-1,-1,-1
201360P024286,1,9,0,18,0,1,0,0,0,0,1,1,6,1,7,-1,-1,-1,-1,-1
201360P024286,2,9,0,18,0,1,0,0,0,0,2,1,6,1,9,-1,-1,-1,-1,-1
201360P024539,1,9,0,18,0,0,5,0,7,10,1,1,6,1,5,-1,-1,-1,-1,-1
201360P025439,1,9,0,9,0,6,0,0,0,0,3,1,6,1,8,-1,-1,-1,-1,-1
201360P025439,2,5,0,18,0,1,1,0,0,0,1,1,6,1,7,-1,-1,-1,-1,-1
201360P025663,1,9,0,18,0,0,0,0,0,0,1,1,6,2,4,-1,-1,-1,-1,-1
201360P025663,2,9,0,18,0,0,0,0,1,0,1,1,6,1,6,-1,-1,-1,-1,-1
201360P025773,1,9,0,18,0,0,0,0,0,0,4,1,6,2,6,-1,-1,-1,-1,-1
201360P025792,1,9,0,18,0,0,0,0,0,0,1,1,6,2,5,-1,-1,-1,-1,-1
201360P025792,2,9,0,4,0,0,0,0,0,0,2,1,1,1,7,-1,-1,-1,-1,-1
201360P025843,1,9,0,5,0,1,0,0,0,0,1,1,2,1,7,-1,-1,-1,-1,-1
201360P026075,1,90,0,16,0,0,0,0,0,0,1,1,6,1,7,-1,-1,-1,-1,-1
201360P026075,2,9,0,17,0,0,0,0,0,0,1,1,2,2,7,-1,-1,-1,-1,-1
201360P026198,1,9,0,18,0,8,0,0,0,0,3,1,6,3,-1,-1,-1,-1,-1,-1
201360P026198,2,1,0,11,0,8,0,0,0,0,1,1,2,1,7,-1,-1,-1,-1,-1
201360P026275,1,9,0,4,0,0,0,0,0,0,1,1,2,2,8,-1,-1,-1,-1,-1
201360P026295,1,19,0,4,0,4,0,0,0,0,2,1,1,1,8,-1,-1,-1,-1,-1
201360P026295,2,19,0,4,0,4,0,0,0,0,1,1,1,1,6,-1,-1,-1,-1,-1
201360P026366,1,9,0,6,0,1,0,0,0,0,1,1,6,1,8,-1,-1,-1,-1,-1
201360P026366,2,3,0,17,0,1,0,0,0,0,3,1,6,1,4,-1,-1,-1,-1,-1
201360P026499,1,9,0,18,0,2,0,0,0,0,0,1,6,1,5,-1,-1,-1,-1,-1
201360P026542,1,9,0,3,0,1,0,0,0,0,2,1,6,2,5,-1,-1,-1,-1,-1
201360P026542,2,9,0,18,0,1,0,0,0,0,1,1,6,3,-1,-1,-1,-1,-1,-1
201360P026611,1,8,0,18,0,1,1,0,0,0,1,1,1,1,9,-1,-1,-1,-1,-1
201360P026611,2,9,0,10,0,2,0,0,0,0,2,1,6,1,7,-1,-1,-1,-1,-1
201360P026781,1,3,0,4,0,1,0,0,0,0,1,1,1,1,8,-1,-1,-1,-1,-1
201360P026889,1,9,0,5,0,6,0,0,0,0,1,1,6,3,-1,-1,-1,-1,-1,-1
201360P026889,2,1,0,18,0,1,0,0,0,0,4,1,6,1,10,-1,-1,-1,-1,-1
201360P027037,1,9,0,7,0,5,0,0,0,0,3,1,6,1,7,-1,-1,-1,-1,-1
201360P027043,1,9,0,18,0,2,0,0,0,0,3,1,1,2,7,-1,-1,-1,-1,-1
201360P027518,1,9,0,18,0,8,0,0,0,0,1,1,6,1,8,-1,-1,-1,-1,-1
201360P027590,1,3,0,18,0,2,0,0,0,0,1,1,2,1,6,-1,-1,-1,-1,-1
201360P027590,2,9,0,9,0,2,0,0,0,0,4,1,6,2,7,-1,-1,-1,-1,-1
201360P027748,1,9,0,17,5,0,0,0,0,10,1,1,6,2,7,-1,-1,-1,-1,-1
201360P027811,1,9,0,16,0,0,0,0,0,0,1,1,3,2,4,-1,-1,-1,-1,-1
201360P027811,2,9,0,17,0,0,0,0,7,4,1,1,2,2,8,-1,-1,-1,-1,-1
201360P027876,1,1,0,18,0,0,0,0,0,0,1,1,6,1,9,-1,-1,-1,-1,-1
201360P027876,2,9,0,2,0,0,0,0,0,0,2,1,6,3,-1,-1,-1,-1,-1,-1
201360P028095,1,90,0,17,0,1,0,0,0,0,1,1,6,3,-1,-1,-1,-1,-1,-1
201360P028259,1,9,0,3,0,1,0,0,0,0,1,1,6,3,-1,-1,-1,-1,-1,-1
201360P028259,2,9,0,3,0,1,0,0,0,0,2,1,1,2,6,-1,-1,-1,-1,-1
201360P028387,1,9,0,17,0,0,0,0,0,0,1,1,6,1,4,-1,-1,-1,-1,-1
201360P028387,2,9,0,16,0,0,0,0,1,9,3,1,6,1,7,-1,-1,-1,-1,-1
201360P028521,1,9,0,1,0,0,0,0,0,0,2,1,1,1,9,-1,-1,-1,-1,-1
201360P028521,2,9,0,3,0,0,0,0,0,0,1,1,6,2,8,-1,-1,-1,-1,-1
201360P028569,1,9,0,18,0,0,0,0,0,0,2,1,6,1,11,-1,-1,-1,-1,-1
201360P028569,2,9,0,18,0,0,0,0,0,0,1,1,6,1,8,-1,-1,-1,-1,-1
201360P028577,1,9,0,18,0,0,0,2,0,1,1,1,6,1,11,-1,-1,-1,-1,-1
201360P028629,1,9,0,18,0,0,2,7,1,7,4,1,6,1,10,-1,-1,-1,-1,-1
201360P029839,1,9,0,18,0,0,0,0,0,0,1,1,2,1,7,-1,-1,-1,-1,-1
201360P029839,2,3,0,18,0,0,0,0,0,0,2,1,6,1,7,-1,-1,-1,-1,-1
201360P030252,1,8,0,18,0,8,0,0,0,0,1,1,1,1,8,-1,-1,-1,-1,-1
201360P030252,2,9,0,18,0,8,0,0,0,0,4,1,6,1,5,-1,-1,-1,-1,-1
201360P030498,1,9,0,9,0,1,0,0,0,0,1,1,6,2,5,-1,-1,-1,-1,-1
201360P030498,2,9,0,18,0,1,0,0,0,0,1,1,6,1,10,-1,-1,-1,-1,-1
201360P030547,1,9,0,18,0,1,0,0,0,0,4,1,6,1,9,-1,-1,-1,-1,-1
201360P030619,1,9,0,3,0,2,0,0,0,0,3,1,6,2,10,-1,-1,-1,-1,-1
201360P031077,1,9,0,4,0,1,0,0,0,0,1,1,2,1,6,-1,-1,-1,-1,-1
201360P031077,2,9,0,3,0,1,0,0,0,0,2,1,6,2,4,-1,-1,-1,-1,-1
201360P031182,1,9,0,18,0,0,0,0,0,0,1,1,1,1,7,-1,-1,-1,-1,-1
201360P031182,2,9,0,4,0,0,0,0,0,0,2,1,6,1,8,-1,-1,-1,-1,-1
201360P031228,1,9,0,18,8,7,0,0,1,2,1,1,6,1,6,-1,-1,-1,-1,-1
201360P031228,2,20,0,18,0,8,0,0,0,0,4,1,6,2,8,-1,-1,-1,-1,-1
201360P031268,1,9,0,5,0,4,0,0,0,0,1,1,6,1,9,-1,-1,-1,-1,-1
201360P031268,2,9,0,4,0,4,0,0,0,0,2,1,6,2,8,-1,-1,-1,-1,-1
201360P031450,1,9,0,9,0,6,0,0,0,0,1,1,6,1,8,-1,-1,-1,-1,-1
201360P031450,2,9,0,18,0,1,0,0,0,0,1,1,6,2,7,-1,-1,-1,-1,-1
201360P031598,1,9,0,18,0,0,0,0,1,3,1,1,2,1,4,-1,-1,-1,-1,-1
201360P031619,1,9,0,16,0,0,2,0,7,10,1,1,2,2,8,-1,-1,-1,-1,-1
201360P031679,1,9,0,18,0,1,0,0,0,0,1,1,6,3,-1,-1,-1,-1,-1,-1
201360P031682,1,9,0,7,0,1,0,0,0,0,3,1,6,1,8,-1,-1,-1,-1,-1
201360P031682,2,9,0,13,0,1,0,0,7,10,4,1,6,1,11,-1,-1,-1,-1,-1
201360P031849,1,9,0,18,0,0,1,0,7,9,1,1,6,1,6,-1,-1,-1,-1,-1
201360P031992,1,9,0,9,0,6,0,0,0,0,3,1,6,1,6,-1,-1,-1,-1,-1
201360P031992,2,1,0,18,0,8,0,0,0,0,2,1,2,1,8,-1,-1,-1,-1,-1
201360P032175,1,9,0,18,0,1,0,10,0,10,1,1,6,1,6,-1,-1,-1,-1,-1
201360P032235,1,9,0,18,0,0,2,0,7,10,4,1,6,1,5,-1,-1,-1,-1,-1
201360P032464,1,5,0,13,0,0,1,0,0,0,1,1,6,1,7,-1,-1,-1,-1,-1
201360P032464,2,9,0,18,0,0,1,0,0,0,1,1,6,1,7,-1,-1,-1,-1,-1
201360P032464,3,9,0,18,0,0,0,0,0,0,3,1,6,1,7,-1,-1,-1,-1,-1
201360P032475,1,5,0,17,0,0,1,0,1,9,1,1,6,1,9,-1,-1,-1,-1,-1
201360P032475,2,5,0,17,0,0,1,0,1,9,1,1,6,1,9,-1,-1,-1,-1,-1
201360P032589,1,9,0,9,0,5,0,0,0,0,1,1,6,1,5,-1,-1,-1,-1,-1
201360P032589,2,9,0,18,0,1,0,0,0,0,1,1,6,1,10,-1,-1,-1,-1,-1
201360P032737,1,9,0,17,0,0,0,0,7,10,1,1,6,2,4,-1,-1,-1,-1,-1
201360P033049,1,21,1,18,0,0,1,0,0,0,1,2,1,1,7,-1,-1,-1,-1,-1
201360P033049,2,9,0,4,0,0,1,0,0,0,2,1,6,1,9,-1,-1,-1,-1,-1
201360P033091,1,5,0,16,0,0,0,0,0,0,1,1,6,1,8,-1,-1,-1,-1,-1
201360P033091,2,19,0,17,0,0,0,0,0,0,1,1,6,1,11,-1,-1,-1,-1,-1
201360P033241,1,8,0,18,0,0,0,0,0,0,1,1,1,1,9,-1,-1,-1,-1,-1
201360P033450,1,9,0,9,0,1,0,0,0,0,1,1,6,1,9,-1,-1,-1,-1,-1
201360P033450,2,9,0,18,0,1,0,0,0,0,1,1,2,1,7,-1,-1,-1,-1,-1
201360P033509,1,9,0,17,0,0,0,0,0,0,1,1,1,1,5,-1,-1,-1,-1,-1
201360P033509,2,9,0,16,0,0,0,0,0,0,1,1,6,1,6,-1,-1,-1,-1,-1
201360P033621,1,9,0,18,0,0,0,0,0,0,1,1,2,2,6,-1,-1,-1,-1,-1
201360P033621,2,9,0,4,0,0,0,0,0,0,2,1,6,2,9,-1,-1,-1,-1,-1
201360P033621,3,9,0,4,0,0,0,0,0,0,2,1,6,1,10,-1,-1,-1,-1,-1
201360P033621,4,9,0,18,0,0,0,0,0,0,0,1,1,1,7,-1,-1,-1,-1,-1
201360P033661,1,9,0,5,0,1,0,0,0,0,1,1,6,1,8,-1,-1,-1,-1,-1
201360P033661,2,1,0,18,9,1,0,0,0,0,1,1,6,1,5,-1,-1,-1,-1,-1
201360P033691,1,9,0,3,0,4,0,0,0,0,4,1,1,2,4,-1,-1,-1,-1,-1
201360P033691,2,9,0,3,0,4,0,0,1,0,2,1,1,2,8,-1,-1,-1,-1,-1
201360P033761,1,9,0,16,0,1,0,0,0,2,1,1,6,2,6,-1,-1,-1,-1,-1
201360P033967,1,9,0,16,0,0,2,0,1,1,1,1,2,1,9,-1,-1,-1,-1,-1
201360P033978,1,9,0,16,0,0,1,0,0,0,1,1,2,1,6,-1,-1,-1,-1,-1
201360P033978,2,9,0,16,0,0,0,0,0,0,1,1,6,1,7,-1,-1,-1,-1,-1
201360P033979,1,9,0,13,0,8,0,0,0,0,1,1,6,3,-1,-1,-1,-1,-1,-1
201360P033979,2,9,0,7,0,6,0,0,0,0,1,1,6,1,9,-1,-1,-1,-1,-1
201360P033990,1,9,0,16,0,0,0,0,0,0,1,1,2,2,6,-1,-1,-1,-1,-1
201360P033990,2,9,0,17,0,0,0,0,0,0,1,1,3,1,7,-1,-1,-1,-1,-1
201360P034076,1,9,0,18,0,0,0,0,1,4,1,1,1,2,7,-1,-1,-1,-1,-1
201360P034086,1,9,0,18,0,0,0,0,0,0,1,1,6,1,5,-1,-1,-1,-1,-1
201360P034086,2,21,1,18,0,0,1,0,0,0,1,1,1,1,7,-1,-1,-1,-1,-1
201360P034124,1,5,0,5,0,0,0,0,0,0,0,1,6,2,7,-1,-1,-1,-1,-1
201360P034158,1,9,0,18,0,1,1,0,0,0,1,1,6,1,6,-1,-1,-1,-1,-1
201360P034158,2,11,0,3,0,1,0,0,0,0,2,1,1,1,6,-1,-1,-1,-1,-1
201360P034503,1,9,0,18,0,4,0,0,0,0,1,1,1,1,4,-1,-1,-1,-1,-1
201360P034503,2,1,0,9,0,8,0,0,0,0,4,1,1,1,8,-1,-1,-1,-1,-1
201360P034507,1,9,0,9,0,1,0,0,0,0,1,1,2,1,7,-1,-1,-1,-1,-1
201360P034507,2,9,0,18,0,1,0,0,0,0,1,1,2,1,8,-1,-1,-1,-1,-1
201360P034523,1,4,0,7,0,1,0,0,0,0,1,1,6,1,11,-1,-1,-1,-1,-1
201360P034523,2,9,0,4,0,1,0,0,0,0,3,1,3,1,5,-1,-1,-1,-1,-1
201360P034713,1,9,0,13,0,0,0,0,0,0,4,1,6,1,10,-1,-1,-1,-1,-1
201360P034713,2,11,0,18,0,0,0,0,0,0,3,1,1,1,8,-1,-1,-1,-1,-1
201360P034713,3,9,0,18,0,0,0,0,2,10,4,1,6,1,10,-1,-1,-1,-1,-1
201360P034812,1,9,0,7,0,8,0,0,0,0,1,1,6,1,8,-1,-1,-1,-1,-1
201360P034812,2,1,0,18,0,8,0,0,0,0,3,1,6,1,3,-1,-1,-1,-1,-1
201360P034968,1,9,0,17,0,0,2,12,1,0,1,1,6,1,5,-1,-1,-1,-1,-1
201360P034984,1,9,0,4,0,1,0,0,0,0,1,1,6,2,7,-1,-1,-1,-1,-1
201360P034984,2,19,0,3,0,1,0,0,0,0,2,1,1,1,7,-1,-1,-1,-1,-1
201360P035019,1,9,0,18,0,0,2,0,0,10,4,1,6,1,8,-1,-1,-1,-1,-1
201360P035106,1,9,0,1,0,0,0,0,0,0,2,1,3,2,5,-1,-1,-1,-1,-1
201360P035122,1,9,0,16,0,0,1,0,1,10,1,1,6,2,5,-1,-1,-1,-1,-1
201360P035124,1,19,0,18,0,1,0,0,0,0,1,1,1,1,7,-1,-1,-1,-1,-1
201360P035124,2,9,0,3,0,4,0,0,0,0,2,1,6,1,8,-1,-1,-1,-1,-1
201360P035296,1,9,0,18,0,1,0,0,0,0,1,1,6,1,11,-1,-1,-1,-1,-1
201360P035296,2,3,0,3,0,2,0,0,0,0,2,1,6,1,6,-1,-1,-1,-1,-1
201360P035318,1,8,0,6,0,0,0,0,0,0,3,1,1,2,8,-1,-1,-1,-1,-1
201360P035318,2,3,0,13,0,0,0,0,0,0,1,1,6,1,4,-1,-1,-1,-1,-1
201360P035343,1,9,0,16,0,0,1,0,5,7,1,1,6,2,4,-1,-1,-1,-1,-1
201360P035438,1,9,0,9,0,5,0,0,0,0,1,1,1,1,6,-1,-1,-1,-1,-1
201360P035495,1,20,0,17,0,0,2,0,1,9,4,1,1,1,5,-1,-1,-1,-1,-1
201360P035678,1,9,0,18,0,0,0,0,0,0,1,1,2,1,5,-1,-1,-1,-1,-1
201360P035678,2,9,0,18,0,0,0,0,0,0,1,1,6,2,10,-1,-1,-1,-1,-1
201360P035921,1,9,0,18,0,0,1,0,0,0,1,1,2,1,4,-1,-1,-1,-1,-1
201360P035921,2,1,0,18,0,0,0,0,0,0,2,1,6,1,3,-1,-1,-1,-1,-1
201360P035956,1,9,0,13,0,1,0,0,0,0,4,1,1,1,8,-1,-1,-1,8,2
201360P035956,2,9,0,9,0,1,0,0,0,0,3,1,2,2,7,1390,1,4,-1,-1
201360P035989,1,9,0,7,0,2,1,0,0,0,3,1,6,1,7,-1,-1,-1,-1,-1
201360P035989,2,9,0,18,0,1,0,0,0,0,1,1,6,1,4,-1,-1,-1,-1,-1
201360P036085,1,9,0,18,0,0,0,0,0,0,1,1,6,1,8,-1,-1,-1,-1,-1
201360P036085,2,9,0,4,0,0,0,0,0,0,2,1,6,1,7,-1,-1,-1,-1,-1
201360P036261,1,9,0,9,0,8,0,0,0,0,1,1,6,2,5,-1,-1,-1,-1,-1
201360P036261,2,9,0,18,0,8,0,0,0,0,1,1,2,1,6,-1,-1,-1,-1,-1
201360P036434,1,11,0,2,0,0,0,0,0,0,0,1,1,1,9,-1,-1,-1,-1,-1
201360P036447,1,9,0,18,0,1,0,0,0,0,1,1,6,3,-1,-1,-1,-1,-1,-1
201360P036447,2,9,0,9,0,1,0,0,0,0,1,1,6,1,6,-1,-1,-1,-1,-1
201360P036447,3,9,0,5,0,1,0,0,0,0,1,1,6,1,8,-1,-1,-1,-1,-1
201360P036561,1,9,0,9,0,3,0,0,0,0,3,1,6,1,4,-1,-1,-1,-1,-1
201360P036561,2,9,0,18,0,4,0,0,0,0,1,1,6,1,4,-1,-1,-1,-1,-1
201360P037350,1,9,0,18,0,4,0,0,0,0,1,1,1,1,8,-1,-1,-1,-1,-1
201360P037350,2,9,0,9,0,4,0,0,0,0,2,1,3,2,6,-1,-1,-1,-1,-1
201360P037716,1,9,0,18,0,1,0,0,0,0,1,1,6,3,-1,-1,-1,-1,-1,-1
201360P037716,2,9,0,3,0,6,0,0,0,0,2,1,6,2,7,-1,-1,-1,-1,-1
201360P037781,1,9,0,18,0,0,0,0,0,0,1,1,6,1,8,-1,-1,-1,-1,-1
201360P037781,2,9,0,3,0,0,0,0,0,0,2,1,6,1,5,-1,-1,-1,-1,-1
201360P037781,3,9,0,3,0,0,0,0,0,0,2,1,6,1,6,-1,-1,-1,-1,-1
201360P037781,4,9,0,3,0,0,0,0,0,0,2,1,6,1,6,-1,-1,-1,-1,-1
201360P037781,5,9,0,3,0,0,0,0,0,0,2,1,6,2,5,-1,-1,-1,-1,-1
201360P037831,1,9,0,18,0,0,2,0,1,0,3,1,6,2,7,-1,-1,-1,-1,-1