Accident_Index,Vehicle_Reference,Vehicle_Type,Towing_and_Articulation,Vehicle_Manoeuvre,Vehicle_Location-Restricted_Lane,Junction_Location,Skidding_and_Overturning,Hit_Object_in_Carriageway,Vehicle_Leaving_Carriageway,Hit_Object_off_Carriageway,1st_Point_of_Impact,Was_Vehicle_Left_Hand_Drive?,Journey_Purpose_of_Driver,Sex_of_Driver,Age_Band_of_Driver,Engine_Capacity_(CC),Propulsion_Code,Age_of_Vehicle,Driver_IMD_Decile,Driver_Home_Area_Type
201360P037900,1,9,0,14,0,1,0,0,0,0,1,1,6,1,9,-1,-1,-1,-1,-1
201360P037900,2,9,0,9,0,1,0,0,0,0,1,1,6,2,5,-1,-1,-1,-1,-1
201360P037913,1,9,0,1,0,0,0,0,0,0,2,1,1,1,6,-1,-1,-1,-1,-1
201360P038097,1,9,0,1,0,1,0,0,0,0,2,1,6,2,8,-1,-1,-1,-1,-1
201360P038097,2,9,0,3,0,1,0,0,0,0,1,1,6,1,6,-1,-1,-1,-1,-1
201360P038180,1,9,0,17,0,0,0,0,0,10,4,1,6,1,11,-1,-1,-1,-1,-1
201360P038306,1,9,0,5,0,4,0,0,0,0,3,1,6,2,9,-1,-1,-1,-1,-1
201360P038306,2,1,0,17,0,8,0,0,0,0,1,1,6,2,5,-1,-1,-1,-1,-1
201360P038312,1,9,0,18,0,1,0,0,0,0,1,1,6,3,-1,-1,-1,-1,-1,-1
201360P038312,2,9,0,5,0,1,0,0,0,0,2,1,2,2,5,-1,-1,-1,-1,-1
201360P038594,1,9,0,5,0,0,0,0,0,0,4,1,6,1,10,-1,-1,-1,-1,-1
201360P038650,1,4,0,18,0,0,1,0,0,0,1,1,6,1,7,-1,-1,-1,-1,-1
201360P038725,1,9,0,18,0,0,0,0,0,0,1,1,6,2,9,-1,-1,-1,-1,-1
201360P038892,1,2,0,7,0,1,1,0,0,0,0,1,1,2,6,-1,-1,-1,-1,-1
201360P039042,1,9,0,18,0,4,0,0,0,0,1,1,1,1,6,-1,-1,-1,-1,-1
201360P039042,2,1,0,9,0,4,0,0,0,0,2,1,2,1,5,-1,-1,-1,-1,-1
201360P039045,1,9,0,8,0,1,0,0,0,0,0,1,1,1,7,-1,-1,-1,-1,-1
201360P039045,2,1,0,18,9,1,0,0,0,0,0,1,2,2,5,-1,-1,-1,-1,-1
201360P039071,1,9,0,2,0,1,0,0,0,0,2,1,6,1,6,-1,-1,-1,-1,-1
201360P039071,2,9,0,5,0,1,0,0,0,0,1,1,6,3,-1,-1,-1,-1,-1,-1
201360P039196,1,11,0,7,0,1,0,0,0,0,4,1,3,3,-1,-1,-1,-1,-1,-1
201360P039236,1,9,0,16,0,8,1,0,0,0,1,1,2,1,8,-1,-1,-1,-1,-1
201360P039236,2,9,0,9,0,5,0,0,0,0,2,1,2,2,6,-1,-1,-1,-1,-1
201360P039262,1,3,0,17,0,0,1,0,0,0,3,1,6,1,5,-1,-1,-1,-1,-1
201360P039270,1,9,0,18,0,2,0,4,0,0,1,1,6,1,4,-1,-1,-1,-1,-1
201360P039270,2,9,0,2,6,1,0,0,1,10,2,1,6,2,7,-1,-1,-1,-1,-1
201360P039491,1,9,0,12,0,0,0,0,0,0,3,1,6,3,-1,-1,-1,-1,-1,-1
201360P039491,2,9,0,18,0,0,0,0,0,0,4,1,1,2,6,-1,-1,-1,-1,-1
201360P039574,1,19,0,15,0,0,0,0,0,0,4,1,1,1,7,-1,-1,-1,-1,-1
201360P039574,2,1,0,18,0,0,0,0,0,0,2,1,6,2,7,-1,-1,-1,-1,-1
201360P039619,1,9,0,18,9,0,0,10,1,10,1,1,6,1,11,-1,-1,-1,-1,-1
201360P039630,1,19,0,3,0,2,0,0,0,0,1,1,1,1,6,-1,-1,-1,-1,-1
201360P039630,2,9,0,3,0,2,0,0,0,0,2,1,2,2,8,-1,-1,-1,-1,-1
201360P039682,1,9,0,18,0,0,0,0,0,0,1,1,6,2,11,-1,-1,-1,-1,-1
201360P039682,2,9,0,18,0,0,0,0,0,0,2,1,6,1,8,-1,-1,-1,-1,-1
201360P039682,3,9,0,18,0,0,0,0,0,0,2,1,6,1,7,-1,-1,-1,-1,-1
201360P040186,1,9,0,17,0,0,0,0,7,10,4,1,6,1,4,-1,-1,-1,-1,-1
201360P040283,1,5,0,18,9,0,1,0,1,10,1,1,6,1,7,-1,-1,-1,-1,-1
201360P040415,1,9,0,18,0,6,0,0,0,0,4,1,6,1,6,-1,-1,-1,-1,-1
201360P040415,2,9,0,18,0,1,0,0,0,0,1,1,1,2,8,-1,-1,-1,-1,-1
201360P040577,1,9,0,18,0,0,2,0,1,10,1,1,6,2,6,-1,-1,-1,-1,-1
201360P040733,1,9,0,18,0,0,1,0,7,4,1,1,2,2,7,-1,-1,-1,-1,-1
201360P040762,1,19,0,18,0,0,0,0,0,0,1,1,6,3,-1,-1,-1,-1,-1,-1
201360P040880,1,5,0,18,0,8,1,0,0,0,3,1,6,1,9,-1,-1,-1,-1,-1
201360P040906,1,21,0,17,0,0,0,0,0,0,2,1,6,3,-1,-1,-1,-1,-1,-1
201360P040906,2,20,0,16,0,0,0,0,0,0,3,1,1,1,7,-1,-1,-1,-1,-1
201360P041403,1,9,0,13,0,1,0,0,0,0,1,1,1,1,8,-1,-1,-1,-1,-1
201360P041403,2,9,0,9,0,1,0,0,0,0,3,1,1,2,7,-1,-1,-1,-1,-1
201360P041567,1,9,0,18,0,0,0,0,0,0,1,1,6,3,-1,-1,-1,-1,-1,-1
201360P041567,2,1,0,18,0,0,0,0,0,0,2,1,4,1,3,-1,-1,-1,-1,-1
201360P041841,1,9,0,3,0,0,0,0,0,0,2,1,6,1,10,-1,-1,-1,-1,-1
201360P041841,2,9,0,3,0,0,0,0,0,0,1,1,6,1,7,-1,-1,-1,-1,-1
201360P042053,1,19,0,18,0,0,0,0,0,0,1,1,1,1,6,-1,-1,-1,-1,-1
201360P042053,2,9,0,3,0,0,0,0,0,0,2,1,6,1,8,-1,-1,-1,-1,-1
201360P042347,1,9,0,7,0,8,0,0,0,0,2,1,6,3,-1,-1,-1,-1,-1,-1
201360P042347,2,1,0,18,0,1,0,0,0,0,1,1,6,1,6,-1,-1,-1,-1,-1
201360P042898,1,9,0,18,0,0,0,0,0,0,4,1,6,1,7,-1,-1,-1,-1,-1
201360P043024,1,9,0,17,0,0,1,0,2,10,1,1,6,2,4,-1,-1,-1,-1,-1
201360P043104,1,90,0,1,9,0,0,0,0,0,0,1,6,1,6,-1,-1,-1,-1,-1
201360P043346,1,9,0,18,0,0,1,0,8,10,1,1,6,1,6,-1,-1,-1,-1,-1
201360P043474,1,5,0,9,0,6,0,0,0,0,3,1,2,1,8,-1,-1,-1,-1,-1
201360P043497,1,9,0,13,0,1,1,0,1,1,3,1,6,2,5,-1,-1,-1,-1,-1
201360P043552,1,9,0,18,0,0,0,0,1,4,1,1,6,2,4,-1,-1,-1,-1,-1
201360P043895,1,9,0,18,0,0,0,0,8,10,1,1,2,2,6,-1,-1,-1,-1,-1
201360P043922,1,8,0,18,0,0,1,0,7,9,1,1,3,1,4,-1,-1,-1,-1,-1
201360P044022,1,9,0,18,0,0,0,0,0,0,1,1,6,2,5,-1,-1,-1,-1,-1
201360P044272,1,9,0,9,0,8,0,0,0,0,1,1,6,3,-1,-1,-1,-1,-1,-1
201360P045051,1,9,0,16,0,0,0,0,0,0,1,1,6,1,6,-1,-1,-1,-1,-1
201360P045051,2,19,0,17,0,0,0,0,0,0,3,1,1,2,7,-1,-1,-1,-1,-1
201360P045238,1,9,0,7,0,6,0,0,0,0,3,1,6,1,4,-1,-1,-1,-1,-1
201360P045238,2,9,0,17,0,8,1,0,7,0,1,1,6,1,8,-1,-1,-1,-1,-1
201360P045335,1,5,0,18,0,0,1,0,0,0,0,1,6,1,5,-1,-1,-1,-1,-1
201360P045492,1,9,0,2,0,7,0,0,1,0,2,1,6,1,11,-1,-1,-1,-1,-1
201360P045492,2,9,0,11,0,7,1,0,0,0,1,1,6,1,6,-1,-1,-1,-1,-1
201360P045492,3,9,0,11,0,7,0,0,0,0,0,1,6,3,-1,-1,-1,-1,-1,-1
201360P045620,1,9,0,4,0,1,0,0,0,0,1,1,6,1,10,-1,-1,-1,-1,-1
201360P046044,1,9,0,18,0,0,0,0,0,0,1,1,6,1,11,-1,-1,-1,-1,-1
201360P046044,2,9,0,3,0,0,0,0,0,0,2,1,2,1,6,-1,-1,-1,-1,-1
201360P046109,1,90,0,18,0,0,0,0,1,0,1,1,6,1,10,-1,-1,-1,-1,-1
201360P046109,2,9,0,4,0,0,0,0,7,10,2,1,6,2,6,-1,-1,-1,-1,-1
201360P046109,3,9,0,4,0,0,0,0,0,0,2,1,1,1,6,-1,-1,-1,-1,-1
201360P046274,1,9,0,1,9,0,0,0,0,0,2,1,6,2,6,-1,-1,-1,-1,-1
201360P046277,1,9,0,18,0,1,0,0,0,0,4,1,6,3,-1,-1,-1,-1,-1,-1
201360P046425,1,3,0,16,0,0,0,0,0,0,0,1,6,1,5,-1,-1,-1,-1,-1
201360P046479,1,9,0,18,0,1,0,0,0,0,1,1,6,3,-1,-1,-1,-1,-1,-1
201360P046581,1,19,0,16,0,8,0,0,0,0,1,1,6,1,9,-1,-1,-1,-1,-1
201360P046581,2,11,0,18,0,8,0,0,0,0,1,1,1,1,6,-1,-1,-1,-1,-1
201360P046778,1,9,0,4,0,0,0,0,0,0,1,1,6,2,4,-1,-1,-1,-1,-1
201360P046778,2,9,0,4,0,0,0,0,0,0,2,1,6,2,9,-1,-1,-1,-1,-1
201360P046813,1,9,0,18,0,0,0,4,0,0,1,1,6,2,11,-1,-1,-1,-1,-1
201360P046813,2,9,0,2,0,0,0,0,0,0,2,1,6,2,9,-1,-1,-1,-1,-1
201360P047122,1,9,0,18,0,0,2,0,8,10,1,1,6,2,4,-1,-1,-1,-1,-1
201360P047224,1,11,0,18,2,1,0,11,0,0,1,1,6,1,9,-1,-1,-1,-1,-1
201360P047292,1,9,0,17,0,0,1,0,7,0,4,1,6,2,6,-1,-1,-1,-1,-1
201360P047292,2,9,0,18,0,0,1,0,1,0,1,1,6,2,7,-1,-1,-1,-1,-1
201360P047474,1,9,0,5,0,6,0,0,0,0,1,1,2,2,6,-1,-1,-1,-1,-1
201360P047474,2,9,0,18,0,8,0,0,0,0,1,1,6,2,8,-1,-1,-1,-1,-1
201360P047502,1,9,0,13,0,0,1,0,1,0,4,1,2,2,5,-1,-1,-1,-1,-1
201360P047502,2,9,0,18,0,0,0,0,0,0,3,1,6,1,7,-1,-1,-1,-1,-1
201360P047765,1,9,0,12,0,0,2,7,2,10,1,1,6,1,5,-1,-1,-1,-1,-1
201360P047765,2,21,0,18,0,0,0,0,0,0,0,1,1,1,5,-1,-1,-1,-1,-1
201360P047919,1,9,0,18,0,0,0,0,0,0,1,1,6,1,4,-1,-1,-1,-1,-1
201360P047919,2,9,0,3,0,0,0,0,0,0,2,1,6,2,5,-1,-1,-1,-1,-1
201360P047923,1,9,0,18,0,1,0,0,0,0,1,1,6,1,7,-1,-1,-1,-1,-1
201360P047923,2,9,0,4,0,1,0,0,0,0,2,1,6,1,9,-1,-1,-1,-1,-1
201360P047923,3,9,0,9,0,5,0,0,0,0,2,1,6,2,8,-1,-1,-1,-1,-1
201360P048279,1,9,0,18,0,0,0,0,0,0,1,1,6,1,6,-1,-1,-1,-1,-1
201360P048279,2,9,0,18,0,0,1,7,4,6,2,1,6,1,7,-1,-1,-1,-1,-1
201360P048348,1,9,0,13,0,0,0,0,0,0,3,1,6,1,10,-1,-1,-1,-1,-1
201360P048400,1,11,0,18,0,1,1,0,0,0,1,1,1,1,8,-1,-1,-1,-1,-1
201360P048400,2,9,0,4,0,1,0,0,0,0,2,1,2,1,7,-1,-1,-1,-1,-1
201360P048400,3,19,0,10,0,1,0,0,0,0,2,1,6,1,6,-1,-1,-1,-1,-1
201360P048419,1,9,0,10,0,6,0,0,0,0,1,1,2,2,4,-1,-1,-1,-1,-1
201360P048419,2,9,0,18,0,8,0,0,0,0,4,1,2,2,8,-1,-1,-1,-1,-1
201360P048655,1,9,0,18,0,0,0,0,0,0,3,1,6,1,6,-1,-1,-1,-1,-1
201360P048657,1,9,0,17,0,2,0,0,0,0,1,1,6,2,7,-1,-1,-1,-1,-1
201360P048689,1,9,0,18,0,2,0,0,0,0,1,1,6,1,7,-1,-1,-1,-1,-1
201360P048689,2,9,0,2,0,2,0,0,0,0,2,1,6,3,-1,-1,-1,-1,-1,-1
201360P048689,3,9,0,18,0,1,0,0,0,0,3,1,6,2,5,-1,-1,-1,-1,-1
201360P048689,4,9,0,2,0,2,0,0,0,0,1,1,6,3,-1,-1,-1,-1,-1,-1
201360P048689,5,9,0,2,0,2,0,0,0,0,2,1,6,3,-1,-1,-1,-1,-1,-1
201360P049105,1,9,0,18,0,2,0,0,0,0,1,1,6,2,6,-1,-1,-1,-1,-1
201360P049105,2,9,0,18,0,2,0,0,0,0,2,1,6,2,7,-1,-1,-1,-1,-1
201360P049594,1,9,0,15,0,0,0,0,0,0,3,1,6,2,10,-1,-1,-1,-1,-1
201360P049607,1,9,0,9,0,5,0,0,0,0,1,1,6,1,8,-1,-1,-1,-1,-1
201360P049607,2,9,0,16,0,1,0,0,0,0,1,1,6,1,8,-1,-1,-1,-1,-1
201360P050127,1,9,0,4,0,0,0,0,0,0,1,1,6,3,-1,1149,1,10,-1,-1
201360P050127,2,9,0,2,0,0,0,0,0,0,2,1,6,1,9,1900,2,14,-1,2
201360P050140,1,9,0,1,0,0,0,0,0,0,0,1,1,1,8,-1,-1,-1,-1,-1
201360P050362,1,9,0,18,0,2,0,0,0,0,1,1,6,3,-1,-1,-1,-1,-1,-1
201360P050555,1,9,0,16,0,0,2,0,1,0,1,1,6,1,4,-1,-1,-1,-1,-1
201360P050555,2,9,0,16,0,0,0,0,0,0,0,1,1,1,8,-1,-1,-1,-1,-1
201360P050573,1,9,0,18,0,0,2,10,2,10,1,1,6,1,7,-1,-1,-1,-1,-1
201360P050573,2,9,0,2,0,0,0,0,0,0,2,1,6,3,-1,-1,-1,-1,-1,-1
201360P050631,1,9,0,16,0,2,5,10,2,10,4,1,2,2,6,-1,-1,-1,-1,-1
201360P050637,1,9,0,4,0,0,0,0,0,0,1,1,6,2,10,-1,-1,-1,-1,-1
201360P050637,2,9,0,4,0,0,1,0,0,0,2,1,6,2,4,-1,-1,-1,-1,-1
201360P050637,3,9,0,4,0,0,0,0,0,0,2,1,6,2,5,-1,-1,-1,-1,-1
201360P050637,4,9,0,4,0,0,0,0,0,0,1,1,6,2,8,-1,-1,-1,-1,-1
201360P050760,1,9,0,17,0,0,1,10,2,10,2,1,6,1,5,-1,-1,-1,-1,-1
201360P050760,2,9,0,18,0,0,0,0,0,0,1,1,6,1,8,-1,-1,-1,-1,-1
201360P050894,1,9,0,18,0,1,0,0,0,0,1,1,6,1,7,-1,-1,-1,-1,-1
201360P051268,1,9,0,18,0,1,0,0,0,0,1,1,6,1,4,-1,-1,-1,-1,-1
201360P051268,2,9,0,3,0,1,0,0,0,0,2,1,6,2,7,-1,-1,-1,-1,-1
201360P051442,1,9,0,18,0,2,0,0,0,0,1,1,6,1,7,-1,-1,-1,-1,-1
201360P052033,1,9,0,18,0,1,0,0,0,0,1,1,6,1,6,-1,-1,-1,-1,-1
201360P052033,2,9,0,10,0,1,0,0,0,0,2,1,6,1,7,-1,-1,-1,-1,-1
201360P052995,1,9,0,9,0,8,0,0,0,0,4,1,6,2,7,-1,-1,-1,-1,-1
201360P052995,2,5,0,18,0,8,0,0,0,0,1,1,6,1,8,-1,-1,-1,-1,-1
201360P053078,1,9,0,5,0,8,0,0,0,0,3,1,2,1,5,-1,-1,-1,-1,-1
201360P053078,2,3,0,18,0,1,0,0,0,0,1,1,6,1,4,-1,-1,-1,-1,-1
201360P053612,1,9,0,18,0,0,0,0,0,0,1,1,6,3,-1,-1,-1,-1,-1,-1
201360P053670,1,9,0,5,0,4,0,0,0,0,1,1,6,1,7,-1,-1,-1,-1,-1
201360P053670,2,4,0,16,0,3,0,0,0,0,4,1,6,1,4,-1,-1,-1,-1,-1
201360P053835,1,9,0,3,0,6,0,0,0,0,1,1,6,3,-1,-1,-1,-1,-1,-1
201360P053919,1,9,0,18,0,0,0,0,0,0,4,1,6,2,9,-1,-1,-1,-1,-1
201360P054170,1,9,0,5,0,1,0,0,0,0,2,1,6,2,6,-1,-1,-1,-1,-1
201360P054170,2,9,0,4,0,1,0,0,0,0,1,1,6,1,7,-1,-1,-1,-1,-1
201360P054625,1,19,0,18,0,2,0,0,0,0,4,1,6,3,-1,-1,-1,-1,-1,-1
201360P054684,1,9,0,18,0,0,0,0,0,0,1,1,6,1,6,-1,-1,-1,-1,-1
201360P054684,2,9,0,18,0,0,0,0,0,0,2,1,6,1,10,-1,-1,-1,-1,-1
201360P054789,1,9,4,18,0,1,0,0,0,0,2,1,1,1,6,-1,-1,-1,-1,-1
201360P055071,1,9,0,18,0,4,0,0,0,0,3,1,1,1,6,-1,-1,-1,-1,-1
201360P055071,2,1,0,17,0,8,0,0,0,0,4,1,1,1,5,-1,-1,-1,-1,-1
201360P055083,1,9,0,16,0,1,0,0,1,1,1,1,1,1,7,-1,-1,-1,-1,-1
201360P055083,2,9,0,18,0,1,0,0,0,0,0,1,6,3,-1,-1,-1,-1,-1,-1
201360P055104,1,11,0,9,0,6,0,0,0,0,4,1,1,3,-1,-1,-1,-1,-1,-1
201360P055104,2,9,0,3,0,1,0,0,0,0,3,1,2,2,6,-1,-1,-1,-1,-1
201360P055118,1,9,0,1,0,0,0,0,0,0,2,1,6,3,-1,-1,-1,-1,-1,-1
201360P055118,2,9,0,3,0,0,0,0,0,0,1,1,1,1,6,-1,-1,-1,-1,-1
201360P055161,1,90,0,18,0,1,0,0,0,0,1,1,6,1,5,-1,-1,-1,-1,-1
201360P055161,2,9,0,9,0,6,0,0,0,0,3,1,6,2,5,-1,-1,-1,-1,-1
201360P055317,1,9,0,18,0,0,0,0,0,0,0,1,6,1,9,-1,-1,-1,-1,-1
201360P055317,2,9,0,18,0,0,0,0,0,0,0,1,6,1,9,-1,-1,-1,-1,-1
201360P055462,1,9,0,18,0,8,0,0,0,0,1,1,6,3,-1,-1,-1,-1,-1,-1
201360P055462,2,9,0,3,0,8,0,0,0,0,2,1,6,1,6,-1,-1,-1,-1,-1
201360P055638,1,19,0,9,0,6,0,0,0,0,1,1,1,1,6,-1,-1,-1,-1,-1
201360P055638,2,3,0,16,0,8,0,0,0,0,1,1,2,1,6,-1,-1,-1,-1,-1
201360P055671,1,9,0,17,0,0,5,0,0,10,1,1,3,1,9,-1,-1,-1,-1,-1
201360P055671,2,19,0,16,0,0,0,0,0,0,0,1,1,1,7,-1,-1,-1,-1,-1
201360P055832,1,9,0,5,0,6,0,0,0,0,1,1,6,1,9,-1,-1,-1,-1,-1
201360P055832,2,9,0,18,0,1,0,0,0,0,4,1,6,2,8,-1,-1,-1,-1,-1
201360P055889,1,9,0,16,0,0,0,0,0,0,1,1,1,1,6,-1,-1,-1,-1,-1
201360P055889,2,9,0,17,0,0,0,0,0,0,1,1,6,1,6,-1,-1,-1,-1,-1
201360P056009,1,3,0,5,0,6,0,0,0,0,1,1,2,1,7,-1,-1,-1,-1,-1
201360P056009,2,9,0,18,0,1,0,0,0,0,1,1,6,2,7,-1,-1,-1,-1,-1
201360P056089,1,19,0,18,0,0,0,0,0,0,1,1,6,1,7,-1,-1,-1,-1,-1
201360P056089,2,9,0,3,0,0,0,0,0,0,1,1,6,2,7,-1,-1,-1,-1,-1
201360P056301,1,9,0,18,0,0,0,0,0,0,4,1,6,3,-1,-1,-1,-1,-1,-1
201360P056422,1,9,0,9,0,8,0,0,0,0,3,1,6,1,7,-1,-1,-1,-1,-1
201360P056422,2,9,0,17,0,8,0,0,0,0,1,1,6,1,6,-1,-1,-1,-1,-1
201360P056449,1,9,0,18,0,1,0,0,0,0,1,1,6,3,-1,-1,-1,-1,-1,-1
201360P056628,1,9,0,16,0,0,0,0,0,0,1,1,6,2,8,-1,-1,-1,-1,-1
201360P056628,2,9,0,3,0,0,0,0,0,0,2,1,2,2,7,-1,-1,-1,-1,-1
201360P056879,1,9,0,18,8,6,0,0,0,0,4,1,6,3,-1,-1,-1,-1,-1,-1
201360P056893,1,9,0,18,0,0,2,0,2,10,1,1,6,1,6,-1,-1,-1,-1,-1
201360P056918,1,9,0,9,0,1,0,0,0,0,1,1,2,1,6,-1,-1,-1,-1,-1
201360P056918,2,1,0,7,0,1,0,0,0,0,1,1,6,1,5,-1,-1,-1,-1,-1
201360P057021,1,3,0,18,0,0,1,11,0,4,1,1,6,1,4,-1,-1,-1,-1,-1
201360P057061,1,5,0,17,0,0,1,0,0,0,1,1,6,1,8,-1,-1,-1,-1,-1
201360P057066,1,9,0,9,0,8,0,0,0,0,1,1,6,1,10,-1,-1,-1,-1,-1
201360P057066,2,1,0,18,0,8,0,0,0,0,1,1,6,1,8,-1,-1,-1,-1,-1
201360P057222,1,5,0,16,0,0,1,0,8,7,4,1,6,1,6,-1,-1,-1,-1,-1
201360P057542,1,20,0,1,0,0,0,0,0,0,2,1,1,1,7,-1,-1,-1,-1,3
201360P057940,1,9,0,18,0,0,2,0,2,4,3,1,6,2,4,-1,-1,-1,-1,-1
201360P058089,1,9,0,9,0,8,0,0,0,0,1,1,6,1,7,-1,-1,-1,-1,-1
201360P058089,2,11,0,9,0,8,0,0,0,0,1,1,3,1,7,-1,-1,-1,-1,-1
201360P058212,1,9,0,9,0,6,0,10,1,10,3,1,6,2,5,-1,-1,-1,-1,-1
201360P058212,2,9,0,18,0,8,1,10,7,10,1,1,6,1,4,-1,-1,-1,-1,-1
201360P058368,1,9,0,5,0,0,0,0,0,0,0,1,6,3,-1,-1,-1,-1,-1,-1
201360P058368,2,11,0,15,0,0,0,0,0,0,0,1,1,1,7,-1,-1,-1,-1,-1
201360P058870,1,9,0,18,0,1,0,0,0,0,1,1,6,3,-1,-1,-1,-1,-1,-1
201360P058870,2,9,0,3,0,1,0,0,0,0,2,1,2,1,7,-1,-1,-1,-1,-1
201360P059016,1,9,0,17,0,0,0,0,1,4,1,1,1,1,7,-1,-1,-1,-1,-1
201360P059108,1,19,0,18,0,1,0,0,0,0,3,1,6,3,-1,-1,-1,-1,-1,-1
201360P059626,1,9,0,16,6,0,5,0,0,10,4,1,6,2,5,-1,-1,-1,-1,-1
201360P059667,1,9,0,18,0,1,0,0,0,0,1,1,2,1,8,-1,-1,-1,-1,-1
201360P059667,2,9,0,9,0,1,0,0,0,0,2,1,2,1,7,-1,-1,-1,-1,-1
201360P059956,1,4,0,16,0,0,1,0,0,0,2,1,6,1,5,-1,-1,-1,-1,-1
201360P059956,2,90,0,17,0,0,0,0,0,0,3,1,6,1,6,-1,-1,-1,-1,-1
201360P060303,1,9,0,12,0,0,0,0,0,0,1,1,6,2,5,-1,-1,-1,-1,-1
201360P060303,2,9,0,18,0,0,0,0,0,0,1,1,6,1,5,-1,-1,-1,-1,-1
201360P060303,3,9,0,4,0,0,1,0,0,0,2,1,6,1,6,-1,-1,-1,-1,-1
201360P060331,1,9,0,2,0,1,0,0,1,10,4,1,6,1,6,1910,2,7,-1,-1
201360P060344,1,9,0,1,0,0,0,0,0,0,2,1,6,2,5,-1,-1,-1,-1,-1
201360P060344,2,90,0,5,0,0,0,0,0,0,1,1,6,2,11,-1,-1,-1,-1,-1
201360P060359,1,9,0,18,0,1,0,0,0,0,4,1,6,3,-1,-1,-1,-1,-1,-1
201360P060372,1,9,0,7,0,1,0,0,1,0,3,1,6,1,7,-1,-1,-1,-1,-1
201360P060372,2,9,0,4,0,1,0,0,1,0,1,1,6,1,5,-1,-1,-1,-1,-1
201360P060429,1,8,0,18,0,0,0,0,0,0,4,1,3,1,9,1686,2,8,-1,3
201360P060792,1,1,0,18,0,0,0,0,0,0,1,1,6,1,7,-1,-1,-1,-1,-1
201360P060792,2,9,0,2,0,0,0,0,0,0,1,1,6,3,-1,-1,-1,-1,-1,-1
201360P061315,1,9,0,5,0,4,0,0,0,0,1,1,6,1,11,-1,-1,-1,-1,-1
201360P061315,2,1,0,16,0,8,0,0,0,0,2,1,6,1,7,-1,-1,-1,-1,-1
201360P061329,1,1,0,18,0,0,0,0,0,0,0,1,6,1,10,-1,-1,-1,-1,-1
201360P061329,2,9,0,18,0,0,0,0,0,0,0,1,6,3,-1,-1,-1,-1,-1,-1
201360P061334,1,5,0,5,0,2,0,0,0,0,0,1,6,1,10,-1,-1,-1,-1,-1
201360P061400,1,5,0,17,0,0,1,0,0,0,3,1,6,1,7,-1,-1,-1,-1,-1
201360P061417,1,9,0,18,0,1,0,0,0,0,1,1,6,1,7,-1,-1,-1,-1,-1
201360P061417,2,9,0,3,0,1,0,0,0,0,2,1,6,1,5,-1,-1,-1,-1,-1
201360P061440,1,9,0,18,0,1,0,0,0,0,4,1,6,3,-1,-1,-1,-1,-1,-1
201360P061512,1,5,0,16,0,0,0,0,1,0,0,1,6,1,8,-1,-1,-1,-1,-1
201360P061815,1,9,0,18,0,0,2,0,1,4,1,1,6,2,6,-1,-1,-1,-1,-1
201360P062052,1,9,0,17,0,0,0,0,0,0,4,1,6,2,8,-1,-1,-1,-1,-1
201360P062061,1,21,0,5,0,0,0,0,0,0,0,1,1,3,-1,-1,-1,-1,-1,-1
201360P062732,1,9,0,18,0,0,5,4,0,0,4,1,6,1,7,-1,-1,-1,-1,-1
201360P062732,2,9,0,2,0,0,0,0,0,0,1,1,6,3,-1,-1,-1,-1,-1,-1
201360P062732,3,9,0,2,0,0,0,0,0,0,4,1,6,3,-1,-1,-1,-1,-1,-1
201360P062732,4,9,0,2,0,0,0,0,0,0,3,1,6,3,-1,-1,-1,-1,-1,-1
201360P062855,1,9,0,1,0,6,0,0,0,0,2,1,1,2,5,1248,2,9,-1,1
201360P062855,2,9,0,18,0,8,0,0,0,0,4,1,1,2,6,1896,2,11,-1,1
201360P062992,1,1,0,12,0,0,0,0,0,0,2,1,6,1,10,-1,-1,-1,-1,-1
201360P062992,2,3,0,18,0,0,0,0,0,0,1,1,6,1,4,-1,-1,-1,-1,-1
201360P063104,1,9,0,10,0,0,0,0,0,0,1,1,6,2,6,1198,1,10,-1,1
201360P063104,2,4,0,10,0,0,0,0,0,0,2,1,6,1,5,124,1,2,-1,1
201360P063298,1,9,0,18,0,0,0,0,0,0,1,1,6,2,6,-1,-1,-1,-1,-1
201360P063298,2,9,0,2,0,0,0,0,0,0,2,1,6,3,-1,-1,-1,-1,-1,-1
201360P063490,1,9,0,7,0,1,0,0,0,0,1,1,6,2,5,-1,-1,-1,-1,-1
201360P063490,2,1,0,18,0,1,0,0,0,0,3,1,1,1,5,-1,-1,-1,-1,-1
201360P063938,1,9,0,18,0,2,0,0,0,0,4,1,2,2,5,-1,-1,-1,-1,-1
201360P064027,1,9,0,17,0,0,1,0,1,3,1,1,6,2,7,-1,-1,-1,-1,-1
201360P064123,1,9,0,7,0,3,0,7,0,1,4,1,2,2,8,-1,-1,-1,-1,-1
201360P064123,2,21,0,17,0,3,0,0,0,0,0,2,1,1,6,-1,-1,-1,-1,-1
201360P064145,1,5,0,18,0,1,1,0,0,0,1,1,6,1,8,-1,-1,-1,-1,-1
201360P064145,2,9,0,10,0,1,0,0,0,0,0,1,6,3,-1,-1,-1,-1,-1,-1
201360P064149,1,9,0,18,0,2,5,0,1,2,1,1,6,1,10,-1,-1,-1,-1,-1
201360P064149,2,9,0,18,0,2,0,0,0,0,1,1,6,1,8,-1,-1,-1,-1,-1
201360P064195,1,9,0,9,0,5,0,0,0,0,4,1,6,2,7,-1,-1,-1,-1,-1
201360P064195,2,9,0,18,0,1,0,0,0,0,1,1,6,2,8,-1,-1,-1,-1,-1
201360P064227,1,9,0,9,0,1,0,0,0,0,1,1,6,1,9,-1,-1,-1,-1,-1
201360P064227,2,9,0,18,0,1,0,0,0,0,1,1,6,1,10,-1,-1,-1,-1,-1
201360P064503,1,9,0,7,0,1,0,0,0,10,1,1,6,1,6,-1,-1,-1,-1,-1
201360P064626,1,9,0,9,0,1,0,0,0,0,1,1,6,3,-1,-1,-1,-1,-1,-1
201360P064626,2,9,0,18,0,1,1,0,6,1,3,1,6,1,7,-1,-1,-1,-1,-1
201360P064762,1,9,0,4,0,2,0,0,0,0,1,1,6,2,5,1229,1,4,-1,1
201360P064762,2,9,0,3,0,2,0,0,0,0,2,1,6,1,11,1388,1,2,5,1
201360P064762,3,9,0,3,0,2,0,0,0,0,2,1,6,1,6,-1,-1,-1,-1,-1