Accident_Index,Vehicle_Reference,Vehicle_Type,Towing_and_Articulation,Vehicle_Manoeuvre,Vehicle_Location-Restricted_Lane,Junction_Location,Skidding_and_Overturning,Hit_Object_in_Carriageway,Vehicle_Leaving_Carriageway,Hit_Object_off_Carriageway,1st_Point_of_Impact,Was_Vehicle_Left_Hand_Drive?,Journey_Purpose_of_Driver,Sex_of_Driver,Age_Band_of_Driver,Engine_Capacity_(CC),Propulsion_Code,Age_of_Vehicle,Driver_IMD_Decile,Driver_Home_Area_Type
201360P065050,1,9,0,18,0,1,0,0,0,0,1,1,2,1,6,-1,-1,-1,-1,-1
201360P065407,1,9,0,18,0,1,0,0,0,0,1,1,6,1,4,-1,-1,-1,-1,-1
201360P065407,2,9,0,8,0,1,0,0,0,0,2,1,6,1,10,-1,-1,-1,-1,-1
201360P065409,1,9,0,17,0,0,1,0,8,10,4,1,6,1,4,1149,1,12,-1,2
201360P065615,1,9,0,18,0,1,1,0,1,3,1,1,1,2,6,-1,-1,-1,-1,-1
201360P065615,2,9,0,4,0,1,0,0,0,0,1,1,6,2,8,-1,-1,-1,-1,-1
201360P065716,1,4,0,18,0,1,0,0,0,0,1,1,6,1,5,-1,-1,-1,-1,-1
201360P065716,2,9,0,10,0,1,0,0,0,0,2,1,1,2,8,-1,-1,-1,-1,-1
201360P065775,1,19,0,9,0,6,0,0,0,0,1,1,1,1,6,1560,2,1,-1,2
201360P065775,2,9,0,17,0,8,0,0,0,0,1,1,6,1,8,1994,1,8,-1,1
201360P065775,3,21,0,2,0,1,0,0,0,0,0,1,1,3,-1,4000,1,8,-1,-1
201360P065799,1,9,0,18,0,0,0,0,0,0,1,1,2,2,5,-1,-1,-1,-1,-1
201360P065799,2,9,0,3,0,0,0,0,0,0,2,1,6,1,9,-1,-1,-1,-1,-1
201360P065885,1,9,0,18,0,1,0,0,0,0,1,1,1,2,6,-1,-1,-1,-1,-1
201360P065885,2,9,0,3,0,1,0,0,0,0,2,1,6,2,7,-1,-1,-1,-1,-1
201360P065885,3,9,0,3,0,1,0,0,0,0,2,1,1,1,7,-1,-1,-1,-1,-1
201360P065937,1,9,0,9,0,5,0,0,0,0,1,1,6,1,9,2198,1,11,-1,1
201360P065937,2,5,0,18,0,8,0,0,0,0,1,1,6,1,8,599,1,15,-1,1
201360P066198,1,9,0,5,0,0,0,0,0,0,1,1,6,1,11,2494,1,19,-1,1
201360P066198,2,1,0,18,0,0,0,0,0,0,1,1,6,1,6,-1,-1,-1,-1,-1
201360P066248,1,9,0,18,0,4,0,0,0,0,1,1,2,1,6,1390,1,11,-1,2
201360P066248,2,9,0,3,0,8,0,0,0,0,2,1,1,1,8,1896,2,8,-1,2
201360P066250,1,21,0,13,0,2,0,0,0,0,4,1,1,1,9,-1,-1,-1,-1,-1
201360P066250,2,9,0,18,0,2,0,0,0,0,3,1,6,1,6,-1,-1,-1,-1,-1
201360P066268,1,9,0,18,0,0,0,0,0,0,1,1,1,1,9,-1,-1,-1,-1,-1
201360P066268,2,9,0,18,0,0,0,0,0,0,1,1,6,2,8,-1,-1,-1,-1,-1
201360P066367,1,9,0,18,0,6,0,0,0,0,1,1,6,1,6,-1,-1,-1,-1,-1
201360P066367,2,9,0,18,0,8,0,0,0,0,3,1,6,2,8,-1,-1,-1,-1,-1
201360P066396,1,2,0,17,0,0,1,0,0,0,0,1,6,2,6,-1,-1,-1,-1,-1
201360P066685,1,9,0,18,0,1,0,0,0,0,1,1,6,2,5,-1,-1,-1,-1,-1
201360P066685,2,9,0,3,0,1,0,0,0,0,2,1,6,2,7,-1,-1,-1,-1,-1
201360P066685,3,9,0,3,0,1,0,0,0,0,2,1,6,2,7,-1,-1,-1,-1,-1
201360P066896,1,9,0,17,0,0,2,0,0,0,4,1,3,1,4,-1,-1,-1,-1,-1
201360P067171,1,9,0,16,0,0,5,0,0,0,4,1,6,1,6,-1,-1,-1,-1,-1
201360P067260,1,9,0,11,0,0,0,0,0,0,4,1,6,2,6,-1,-1,-1,-1,-1
201360P067260,2,9,0,18,0,0,0,0,0,0,3,1,6,1,6,-1,-1,-1,-1,-1
201360P067315,1,21,0,11,0,0,0,0,0,0,3,1,1,1,7,-1,-1,-1,-1,-1
201360P067315,2,5,0,18,0,0,0,0,2,7,1,1,6,1,7,-1,-1,-1,-1,-1
201360P067478,1,3,0,16,0,0,0,0,1,0,1,1,6,1,6,-1,-1,-1,-1,-1
201360P067571,1,9,0,18,0,1,1,0,0,0,1,1,1,1,8,-1,-1,-1,-1,-1
201360P067571,2,9,0,18,0,1,0,0,0,0,1,1,1,2,8,-1,-1,-1,-1,-1
201360P067571,3,9,0,4,0,1,0,0,0,0,0,1,6,1,6,-1,-1,-1,-1,-1
201360P067571,4,9,0,10,0,1,0,0,0,0,0,1,6,1,10,-1,-1,-1,-1,-1
201360P068563,1,9,0,18,0,1,0,0,0,0,1,1,6,1,9,-1,-1,-1,-1,-1
201360P068563,2,9,0,3,0,8,0,0,0,0,2,1,6,1,10,-1,-1,-1,-1,-1
201360P068672,1,9,0,14,0,1,5,0,2,4,4,1,6,1,11,-1,-1,-1,-1,-1
201360P068720,1,9,0,18,0,0,0,0,0,0,3,2,6,1,7,-1,-1,-1,-1,-1
201360P068720,2,90,0,18,0,0,0,0,0,0,1,1,6,1,7,-1,-1,-1,-1,-1
201360P068741,1,9,0,18,0,0,0,0,0,0,1,1,6,1,6,-1,-1,-1,-1,-1
201360P068741,2,9,0,12,0,0,0,0,0,0,2,1,6,2,10,-1,-1,-1,-1,-1
201360P068741,3,19,0,18,0,0,0,0,0,0,4,1,6,1,7,-1,-1,-1,-1,-1
201360P068810,1,5,0,16,0,0,0,10,1,9,1,1,6,1,8,-1,-1,-1,-1,-1
201360P068899,1,3,0,4,0,4,0,0,0,0,4,1,2,1,6,-1,-1,-1,-1,-1
201360P069478,1,9,0,4,0,1,0,0,0,0,1,1,6,1,8,-1,-1,-1,-1,-1
201360P069478,2,9,0,4,0,1,0,0,0,0,2,1,6,1,6,-1,-1,-1,-1,-1
201360P069478,3,9,0,4,0,1,0,0,0,0,2,1,6,1,7,-1,-1,-1,-1,-1
201360P069636,1,9,0,16,0,0,1,0,0,0,3,1,6,1,9,-1,-1,-1,-1,-1
201360P069636,2,9,0,17,0,0,0,0,0,0,4,1,6,1,8,-1,-1,-1,-1,-1
201360P069847,1,1,0,18,0,0,0,0,0,0,0,1,6,3,-1,-1,-1,-1,-1,-1
201360P069847,2,9,0,18,0,0,0,0,1,0,1,1,6,1,4,-1,-1,-1,-1,-1
201360P069847,3,8,0,18,0,0,0,0,1,0,2,1,1,1,6,-1,-1,-1,-1,-1
201360P069847,4,10,0,18,0,0,0,0,1,0,1,1,1,1,6,-1,-1,-1,-1,-1
201360P069943,1,5,0,16,0,0,0,0,0,0,1,1,6,1,8,-1,-1,-1,-1,-1
201360P069943,2,9,0,16,0,0,0,0,0,0,0,1,6,1,5,-1,-1,-1,-1,-1
201360P069943,3,9,0,16,0,0,0,0,0,0,0,1,6,1,10,-1,-1,-1,-1,-1
201360P069943,4,9,0,17,0,0,0,0,0,0,1,1,6,2,7,-1,-1,-1,-1,-1
201360P070005,1,9,0,18,0,8,0,0,0,0,2,1,6,2,8,-1,-1,-1,-1,-1
201360P070005,2,9,0,18,0,8,0,0,0,0,1,1,6,1,6,-1,-1,-1,-1,-1
201360P070005,3,9,0,4,0,8,0,0,0,0,0,1,6,3,-1,-1,-1,-1,-1,-1
201360P070005,4,9,0,6,0,8,0,0,0,0,0,1,6,3,-1,-1,-1,-1,-1,-1
201360P070111,1,5,0,16,0,0,0,0,0,0,3,1,6,1,7,-1,-1,-1,-1,-1
201360P070111,2,9,0,17,5,0,0,0,0,0,3,1,6,1,8,-1,-1,-1,-1,-1
201360P070111,3,9,0,17,0,0,0,0,0,0,1,1,6,1,4,-1,-1,-1,-1,-1
201360P070142,1,9,0,18,0,0,0,0,0,0,1,1,6,1,8,-1,-1,-1,-1,-1
201360P070142,2,9,0,18,0,0,0,0,0,0,0,1,6,1,7,-1,-1,-1,-1,-1
201360P070142,3,9,0,18,0,0,0,0,0,0,2,1,1,1,8,-1,-1,-1,-1,-1
201360P070142,4,9,0,18,0,0,0,0,0,0,1,1,6,1,4,-1,-1,-1,-1,-1
201360P070293,1,9,0,18,0,0,0,0,0,0,1,1,6,3,-1,-1,-1,-1,-1,-1
201360P070293,2,9,0,4,0,0,0,0,0,0,2,1,6,1,6,-1,-1,-1,-1,-1
201360P070293,3,9,0,4,0,0,0,0,0,0,0,1,6,3,-1,-1,-1,-1,-1,-1
201360P070546,1,9,0,9,0,6,0,0,0,0,1,1,6,3,-1,-1,-1,-1,-1,-1
201360P070546,2,9,0,18,0,1,5,0,0,0,4,1,6,1,4,-1,-1,-1,-1,-1
201360P070546,3,9,0,2,0,1,0,0,0,0,0,1,6,3,-1,-1,-1,-1,-1,-1
201360P070839,1,9,0,17,0,0,0,0,0,10,1,1,2,2,6,-1,-1,-1,-1,-1
201360P070839,2,11,0,16,0,0,0,0,0,0,1,1,1,1,8,-1,-1,-1,-1,-1
201360P070856,1,11,0,18,0,0,0,0,0,0,1,1,3,1,8,-1,-1,-1,-1,-1
201360P070883,1,1,0,16,0,1,0,0,0,0,1,1,6,2,2,-1,-1,-1,-1,1
201360P070883,2,9,0,18,0,8,0,0,0,0,3,1,1,2,7,1598,1,5,-1,1
201360P070891,1,9,0,18,0,0,0,0,0,0,1,1,6,2,5,-1,-1,-1,-1,-1
201360P071068,1,9,0,14,0,0,0,4,0,0,1,1,2,2,5,-1,-1,-1,-1,-1
201360P071068,2,9,0,2,0,0,0,0,0,0,2,1,6,3,-1,-1,-1,-1,-1,-1
201360P071068,3,9,0,18,0,0,0,0,0,0,1,1,2,1,5,-1,-1,-1,-1,-1
201360P071282,1,9,0,18,0,2,0,4,0,0,1,1,6,1,10,-1,-1,-1,-1,-1
201360P071282,2,9,0,2,0,2,0,0,0,0,3,1,6,3,-1,-1,-1,-1,-1,-1
201360P071282,3,9,0,2,0,2,0,0,0,0,0,1,6,3,-1,-1,-1,-1,-1,-1
201360P071486,1,9,0,4,0,0,0,0,0,0,1,1,6,3,-1,-1,-1,-1,-1,-1
201360P071486,2,9,0,2,0,0,0,0,0,0,2,1,6,2,8,-1,-1,-1,-1,-1
201360P071587,1,9,0,18,0,1,0,0,0,0,4,1,6,3,-1,-1,-1,-1,-1,-1
201360P071718,1,9,0,18,0,1,0,0,0,0,1,1,1,1,9,-1,-1,-1,-1,-1
201360P071718,2,9,0,8,0,1,0,0,0,0,2,1,1,1,6,-1,-1,-1,-1,-1
201360P071761,1,9,0,1,9,0,0,0,0,0,2,1,6,1,10,-1,-1,-1,-1,-1
201360P071968,1,9,0,2,0,0,0,0,0,0,0,1,6,3,-1,-1,-1,-1,-1,-1
201360P071968,2,19,0,18,0,0,1,0,0,0,3,1,1,1,9,-1,-1,-1,-1,-1
201360P071968,3,21,0,18,0,0,2,0,1,10,3,1,1,1,7,-1,-1,-1,-1,-1
201360P071968,4,9,0,18,0,0,0,0,0,0,0,1,1,1,7,-1,-1,-1,-1,-1
201360P071972,1,9,0,18,0,2,0,0,0,0,1,1,6,2,8,-1,-1,-1,-1,-1
201360P071972,2,9,0,4,0,2,0,0,0,0,2,1,6,1,11,-1,-1,-1,-1,-1
201360P071972,3,9,0,18,0,2,0,0,0,0,1,1,6,1,9,-1,-1,-1,-1,-1
201360P071997,1,9,0,9,0,2,0,0,0,0,1,1,6,2,10,-1,-1,-1,-1,-1
201360P071997,2,9,0,18,0,1,0,0,7,4,4,1,2,1,6,-1,-1,-1,-1,-1
201360P072134,1,9,0,9,9,8,0,10,1,10,1,1,6,2,6,-1,-1,-1,-1,-1
201360P072224,1,9,0,17,0,0,2,0,2,10,3,1,1,1,6,-1,-1,-1,-1,-1
201360P072253,1,9,0,18,0,7,0,0,1,0,0,1,1,2,5,-1,-1,-1,-1,-1
201360P072262,1,9,0,4,0,1,0,0,0,0,1,1,2,2,6,-1,-1,-1,-1,-1
201360P072393,1,11,0,18,0,0,0,0,0,0,0,1,1,1,8,6700,2,4,-1,1
201360P072416,1,9,0,18,0,0,1,0,0,0,1,1,6,3,-1,-1,-1,-1,-1,-1
201360P072474,1,9,0,10,0,1,0,0,0,0,1,1,6,1,4,-1,-1,-1,-1,-1
201360P072474,2,9,0,18,0,1,0,0,0,0,4,1,6,2,9,-1,-1,-1,-1,-1
201360P072650,1,9,0,7,0,5,0,0,0,0,4,1,6,1,6,-1,-1,-1,-1,-1
201360P072650,2,9,0,18,0,1,0,0,0,0,1,1,6,1,7,-1,-1,-1,-1,-1
201360P072954,1,9,0,18,0,8,0,0,0,0,1,1,6,1,6,1988,1,11,-1,1
201360P073340,1,4,0,18,0,0,1,0,0,0,0,1,6,1,4,-1,-1,-1,-1,-1
201360P073411,1,9,0,18,0,8,0,0,0,0,1,1,1,1,9,-1,-1,-1,-1,-1
201360P073411,2,9,0,18,0,8,0,0,0,0,1,1,1,1,5,-1,-1,-1,-1,-1
201360P073604,1,1,0,18,9,0,0,0,0,10,1,1,6,1,7,-1,-1,-1,-1,-1
201360P073795,1,9,0,18,0,1,2,0,7,4,1,1,6,1,5,-1,-1,-1,-1,-1
201360P073863,1,9,0,9,0,2,0,0,0,0,3,1,6,1,5,-1,-1,-1,-1,-1
201360P073863,2,9,0,18,0,2,0,0,0,0,3,1,1,2,9,-1,-1,-1,-1,-1
201360P074124,1,9,0,5,0,1,0,0,0,0,1,1,2,1,6,-1,-1,-1,-1,-1
201360P074124,2,5,0,14,0,2,0,0,0,0,1,1,2,1,8,-1,-1,-1,-1,-1
201360P074142,1,9,0,18,0,0,0,0,0,0,3,1,6,2,7,-1,-1,-1,-1,-1
201360P074142,2,9,0,18,0,0,0,0,1,10,4,1,6,1,8,-1,-1,-1,-1,-1
201360P074167,1,9,0,9,0,1,0,0,0,0,4,1,6,1,8,-1,-1,-1,-1,-1
201360P074167,2,1,0,18,0,1,0,0,0,0,1,1,6,1,4,-1,-1,-1,-1,-1
201360P074173,1,9,0,9,0,8,0,0,0,0,4,1,6,1,9,-1,-1,-1,-1,-1
201360P074173,2,1,0,18,0,1,0,0,0,0,1,1,6,1,8,-1,-1,-1,-1,-1
201360P074413,1,9,0,4,0,0,0,0,0,0,1,1,6,1,5,-1,-1,-1,-1,-1
201360P074413,2,3,0,4,0,0,0,0,0,0,2,1,6,1,9,-1,-1,-1,-1,-1
201360P074594,1,9,0,4,0,1,0,0,0,0,1,1,1,2,5,-1,-1,-1,-1,-1
201360P075005,1,9,0,18,0,0,0,0,0,0,4,1,1,3,-1,-1,-1,-1,-1,-1
201360P075222,1,9,0,9,0,6,0,0,0,0,1,2,6,1,8,-1,-1,-1,-1,-1
201360P075222,2,9,0,16,0,1,0,0,0,0,1,1,6,1,8,-1,-1,-1,-1,-1
201360P075327,1,9,0,9,0,8,0,0,1,0,3,1,6,1,10,-1,-1,-1,-1,-1
201360P075327,2,9,0,18,0,1,0,0,0,0,1,1,6,2,6,-1,-1,-1,-1,-1
201360P075394,1,9,0,18,0,0,0,0,0,0,1,1,6,1,6,-1,-1,-1,-1,-1
201360P075394,2,9,0,16,0,0,0,0,0,0,1,1,6,2,4,-1,-1,-1,-1,-1
201360P075451,1,9,0,5,0,0,0,0,0,0,1,1,1,1,8,-1,-1,-1,-1,-1
201360P075451,2,9,0,5,0,0,0,0,0,0,2,1,1,2,6,-1,-1,-1,-1,-1
201360P075543,1,9,0,9,0,6,0,0,0,0,1,1,6,1,7,-1,-1,-1,-1,-1
201360P075785,1,9,0,1,0,0,0,0,0,0,2,1,6,3,-1,-1,-1,-1,-1,-1
201360P075902,1,9,0,9,0,2,0,0,0,0,4,1,6,2,6,-1,-1,-1,-1,-1
201360P075990,1,9,0,18,0,1,0,0,0,0,1,1,1,1,7,-1,-1,-1,-1,-1
201360P075990,2,9,0,4,0,1,0,0,0,0,2,1,1,2,8,-1,-1,-1,-1,-1
201360P076550,1,9,0,9,0,1,0,0,0,0,1,1,6,1,4,-1,-1,-1,-1,-1
201360P076550,2,8,0,5,0,8,0,0,0,0,1,1,1,1,9,-1,-1,-1,-1,-1
201360P076655,1,9,0,18,0,0,5,0,1,9,1,1,2,2,7,1598,1,4,-1,1
201360P076892,1,5,0,5,0,6,1,0,0,0,0,1,6,1,9,-1,-1,-1,-1,-1
201360P076907,1,9,0,18,0,0,2,0,7,3,4,1,6,1,4,-1,-1,-1,-1,-1
201360P076917,1,9,0,18,0,0,0,0,0,0,1,1,6,2,5,-1,-1,-1,-1,-1
201360P076917,2,19,0,2,0,0,0,0,0,0,3,1,1,3,-1,-1,-1,-1,-1,-1
201360P077023,1,9,0,16,0,0,0,0,0,0,1,1,6,1,8,-1,-1,-1,7,2
201360P077023,2,9,0,16,0,0,0,0,0,0,2,1,6,2,6,1124,1,8,5,3
201360P077187,1,9,0,18,0,0,0,0,0,0,1,1,6,2,7,-1,-1,-1,-1,-1
201360P077187,2,9,0,18,0,0,0,0,8,10,2,1,6,2,6,-1,-1,-1,-1,-1
201360P077187,3,9,0,2,0,0,0,0,0,0,2,1,6,3,-1,-1,-1,-1,-1,-1
201360P077187,4,9,0,2,0,0,0,0,0,0,2,1,6,2,8,-1,-1,-1,-1,-1
201360P077400,1,1,0,16,0,0,0,0,0,0,1,1,6,1,9,-1,-1,-1,-1,-1
201360P077400,2,5,0,17,0,0,0,0,0,0,3,1,6,1,9,-1,-1,-1,-1,-1
201360P077400,3,5,0,17,0,0,0,0,0,0,1,1,6,1,8,-1,-1,-1,-1,-1
201360P077512,1,5,0,18,0,0,0,0,0,0,3,1,6,1,10,-1,-1,-1,-1,1
201360P077512,2,9,0,18,0,0,0,0,0,0,4,1,6,2,6,1461,2,4,-1,2
201360P077635,1,9,0,2,0,0,0,0,0,0,0,1,6,1,6,-1,-1,-1,-1,-1
201360P077635,2,9,0,18,0,0,0,4,0,0,2,1,6,1,4,-1,-1,-1,-1,-1
201360P077635,3,9,0,2,0,0,0,0,0,0,1,1,6,2,5,-1,-1,-1,-1,-1
201360P078400,1,9,0,18,0,2,0,0,3,9,1,1,1,1,6,-1,-1,-1,-1,-1
201360P078609,1,17,0,1,0,0,0,0,0,0,2,1,1,1,6,-1,-1,-1,-1,-1
201360P078623,1,9,0,18,0,3,0,0,0,0,3,1,6,3,-1,-1,-1,-1,-1,-1
201360P078623,2,5,0,18,0,3,0,0,0,0,4,1,6,1,7,-1,-1,-1,-1,-1
201360P078743,1,9,0,18,0,0,0,0,0,0,3,1,6,3,-1,-1,-1,-1,-1,-1
201360P078743,2,9,0,18,0,0,0,0,0,0,3,1,6,1,4,-1,-1,-1,-1,-1
201360P078817,1,1,0,18,0,2,0,0,0,10,1,1,6,1,3,-1,-1,-1,-1,-1
201360P079052,1,5,0,18,0,0,1,0,0,0,1,1,6,1,7,-1,-1,-1,-1,-1
201360P079052,2,9,0,18,0,0,0,0,0,0,2,1,6,2,8,-1,-1,-1,-1,-1
201360P079254,1,9,0,17,0,0,0,0,0,0,1,1,6,3,-1,-1,-1,-1,-1,-1
201360P079254,2,1,0,18,0,0,0,0,1,0,1,1,1,1,6,-1,-1,-1,-1,-1
201360P079287,1,4,0,18,0,0,0,0,0,0,0,1,2,1,6,-1,-1,-1,-1,-1
201360P079304,1,9,0,18,0,1,0,0,0,0,0,1,6,1,8,-1,-1,-1,-1,-1
201360P079304,2,1,0,5,0,6,0,0,0,0,1,1,6,1,2,-1,-1,-1,-1,-1
201360P079313,1,9,0,2,0,0,0,0,0,0,4,1,6,1,6,-1,-1,-1,-1,-1
201360P079313,2,1,0,18,0,0,0,0,1,0,1,1,6,1,7,-1,-1,-1,-1,-1
201360P079434,1,9,0,18,0,0,1,12,0,0,1,1,6,2,7,-1,-1,-1,-1,-1
201360P079434,2,9,0,18,0,0,0,0,0,7,3,1,6,1,6,-1,-1,-1,-1,-1
201360P079694,1,9,0,18,0,1,0,0,0,0,1,1,6,1,4,-1,-1,-1,-1,-1
201360P079694,2,9,0,3,0,1,0,0,0,0,2,1,6,2,4,-1,-1,-1,-1,-1
201360P080362,1,9,0,18,0,1,0,0,0,0,1,1,6,1,5,-1,-1,-1,-1,-1
201360P080362,2,9,0,18,0,1,0,0,0,0,2,1,6,2,7,-1,-1,-1,-1,-1
201360P080362,3,9,0,18,0,1,0,0,0,0,2,1,6,2,8,-1,-1,-1,-1,-1
201360P080465,1,9,0,9,0,8,1,0,1,0,4,1,6,1,6,-1,-1,-1,-1,-1
201360P080465,2,9,0,18,0,5,1,0,0,0,1,1,6,1,5,-1,-1,-1,-1,-1
201360P080561,1,9,0,18,0,0,0,0,0,10,1,1,6,1,10,-1,-1,-1,-1,-1
201360P080853,1,9,0,9,0,1,0,0,0,0,1,1,6,1,9,-1,-1,-1,-1,-1
201360P080853,2,9,0,18,0,1,0,0,0,0,1,1,6,2,9,-1,-1,-1,-1,-1
201360P080863,1,9,0,1,0,2,0,0,0,0,2,1,6,2,7,-1,-1,-1,-1,-1
201360P081059,1,9,0,18,0,0,0,0,0,0,1,1,6,1,6,-1,-1,-1,-1,-1
201360P081059,2,9,0,4,0,0,0,0,0,0,2,1,6,2,5,-1,-1,-1,-1,-1
201360P081340,1,9,0,18,0,8,0,0,0,0,0,1,6,3,-1,-1,-1,-1,-1,-1
201360P081340,2,1,0,18,0,8,0,0,0,0,0,1,6,1,6,-1,-1,-1,-1,-1
201360P081373,1,5,0,16,0,0,0,10,8,10,3,1,6,1,5,-1,-1,-1,-1,-1
201360P081432,1,9,0,18,0,1,0,0,0,10,1,1,6,1,6,-1,-1,-1,-1,-1
201360P081524,1,5,0,18,0,0,0,12,0,0,4,1,6,1,6,-1,-1,-1,-1,-1
201360P081733,1,5,0,18,0,0,1,0,0,0,1,1,6,1,8,-1,-1,-1,-1,-1
201360P081733,2,9,0,3,0,0,0,0,0,0,2,1,6,1,7,-1,-1,-1,-1,-1
201360P081733,3,9,0,2,0,0,0,0,0,0,0,1,6,1,9,-1,-1,-1,-1,-1
201360P081733,4,9,0,18,0,0,0,0,0,0,1,1,6,1,10,-1,-1,-1,-1,-1
201360P082081,1,9,0,16,0,1,0,0,0,0,1,1,6,1,6,-1,-1,-1,-1,-1
201360P082081,2,9,0,18,0,1,0,0,0,0,1,1,2,1,7,-1,-1,-1,-1,-1
201360P082378,1,9,0,18,7,1,1,4,0,0,1,1,6,1,7,-1,-1,-1,-1,-1
201360P082378,2,9,0,2,0,2,0,0,0,0,2,1,6,1,7,-1,-1,-1,-1,-1
201360P082421,1,9,0,17,0,0,2,0,1,0,1,1,2,2,4,-1,-1,-1,-1,-1
201360P082432,1,9,0,18,0,1,0,0,0,0,1,1,6,3,-1,-1,-1,-1,-1,-1
201360P082432,2,9,0,9,0,1,0,0,0,0,2,1,6,2,8,-1,-1,-1,-1,-1
201360P082539,1,9,0,17,0,0,1,0,0,9,4,1,6,1,5,-1,-1,-1,-1,-1
201360P082865,1,9,0,9,0,1,0,0,0,0,2,1,6,2,10,-1,-1,-1,-1,-1
201360P082865,2,9,0,18,0,1,0,0,7,10,1,1,6,2,6,-1,-1,-1,-1,-1
201360P082871,1,9,0,5,0,6,0,0,0,0,1,1,6,1,10,-1,-1,-1,-1,-1
201360P082876,1,9,0,1,0,1,0,0,0,0,2,1,3,2,6,-1,-1,-1,-1,-1
201360P083033,1,9,0,18,0,0,1,0,0,0,1,1,6,1,6,-1,-1,-1,-1,-1
201360P083033,2,9,0,18,0,0,0,0,0,0,1,1,6,2,7,-1,-1,-1,-1,-1
201360P083449,1,9,0,7,0,5,0,0,0,0,2,1,1,2,5,-1,-1,-1,-1,-1
201360P083449,2,1,0,18,0,1,0,0,0,0,1,1,6,1,8,-1,-1,-1,-1,-1
201360P083467,1,9,0,18,0,1,0,0,0,0,4,1,6,3,-1,-1,-1,-1,-1,-1
201360P083467,2,1,0,18,0,1,0,0,0,0,2,1,6,1,3,-1,-1,-1,-1,-1
201360P083548,1,9,0,4,0,8,1,0,0,0,1,1,6,2,5,-1,-1,-1,-1,-1
201360P083548,2,9,0,4,0,8,0,0,0,0,2,1,2,2,6,-1,-1,-1,-1,-1
201360P083708,1,9,0,18,0,0,2,0,1,4,1,1,6,1,4,-1,-1,-1,-1,-1
201360P083713,1,9,0,18,0,1,0,0,1,4,1,1,6,1,10,-1,-1,-1,-1,-1
201360P083713,2,9,0,18,0,1,0,0,0,0,1,1,6,1,6,-1,-1,-1,-1,-1
201360P083713,3,9,0,18,0,1,0,0,0,0,1,1,6,2,9,-1,-1,-1,-1,-1
201360P084356,1,3,0,17,0,0,0,4,0,0,1,1,6,1,5,-1,-1,-1,-1,-1
201360P084356,2,9,0,2,0,0,0,0,0,0,2,1,6,3,-1,-1,-1,-1,-1,-1
201360P084447,1,9,0,18,0,0,0,0,0,0,4,1,6,2,6,-1,-1,-1,-1,-1
201360P084520,1,9,0,13,0,0,1,0,1,0,2,1,6,2,8,-1,-1,-1,-1,-1
201360P084520,2,9,0,13,0,0,1,0,7,0,1,1,6,1,8,-1,-1,-1,-1,-1
201360P084520,3,9,0,18,0,0,0,0,0,0,2,1,6,1,8,-1,-1,-1,-1,-1
201360P084618,1,9,0,4,0,0,0,0,0,0,1,1,6,1,7,-1,-1,-1,-1,-1
201360P084618,2,9,0,4,0,0,0,0,0,0,2,1,6,2,4,-1,-1,-1,-1,-1
201360P084677,1,3,0,18,0,1,0,0,0,0,1,1,6,1,4,-1,-1,-1,-1,-1
201360P084677,2,5,0,10,0,1,0,0,0,0,2,1,6,1,7,-1,-1,-1,-1,-1
201360P084772,1,9,0,18,0,2,5,0,1,10,1,1,6,1,5,-1,-1,-1,-1,-1
201360P085121,1,9,0,4,0,0,0,0,0,0,1,1,6,2,7,-1,-1,-1,-1,-1
201360P085121,2,9,0,4,0,0,0,0,0,0,2,1,6,1,6,-1,-1,-1,-1,-1
201360P085121,3,9,0,4,0,0,0,0,0,0,2,1,6,1,8,-1,-1,-1,-1,-1
201360P085121,4,9,0,4,0,0,0,0,0,0,1,1,6,1,9,-1,-1,-1,-1,-1
201360P085121,5,9,0,4,0,0,0,0,0,0,2,1,6,1,9,-1,-1,-1,-1,-1
201360P085183,1,9,0,5,0,1,0,0,0,0,1,1,6,2,10,-1,-1,-1,-1,-1
201360P085183,2,1,0,18,0,1,0,0,0,0,3,1,6,1,2,-1,-1,-1,-1,-1
201360P085193,1,9,0,17,0,0,1,0,7,7,2,1,6,1,5,-1,-1,-1,-1,-1
201360P085312,1,90,0,5,0,2,0,0,0,0,2,1,1,1,6,-1,-1,-1,-1,-1
201360P085312,2,5,0,18,0,8,0,0,0,0,3,1,1,1,8,-1,-1,-1,-1,-1
201360P085781,1,9,0,18,0,0,1,0,0,0,4,1,2,1,4,-1,-1,-1,-1,-1
201360P085855,1,9,0,3,0,0,0,0,0,0,1,1,6,1,9,-1,-1,-1,-1,-1
201360P085855,2,1,0,18,0,0,0,0,0,0,2,1,6,2,9,-1,-1,-1,-1,-1
201360P085955,1,19,0,1,0,1,0,0,0,0,2,1,6,3,-1,-1,-1,-1,-1,-1
201360P085955,2,5,0,3,0,1,0,0,0,0,1,1,6,1,9,-1,-1,-1,-1,-1
201360P085985,1,9,0,18,0,1,1,0,0,0,1,1,6,1,5,-1,-1,-1,-1,-1
201360P085985,2,9,0,18,0,1,0,0,0,0,2,1,2,2,5,-1,-1,-1,-1,-1
201360P086030,1,9,0,4,0,0,0,0,0,0,1,1,6,1,8,-1,-1,-1,-1,-1
201360P086030,2,9,0,3,0,0,0,0,0,0,2,1,6,1,6,-1,-1,-1,-1,-1
201360P086030,3,9,0,3,0,0,0,0,0,0,2,1,6,2,7,-1,-1,-1,-1,-1
201360P086030,4,8,0,3,0,0,0,0,0,0,2,1,6,1,9,-1,-1,-1,-1,-1
201360P086314,1,9,0,18,0,0,0,4,0,0,1,1,1,1,5,-1,-1,-1,-1,-1
201360P086314,2,19,0,18,0,0,0,0,0,0,1,1,1,1,8,-1,-1,-1,-1,-1
201360P086314,3,19,0,2,0,0,0,0,0,0,2,1,1,1,7,-1,-1,-1,-1,-1
201360P086441,1,9,0,18,0,0,0,0,0,0,1,1,6,1,8,-1,-1,-1,-1,-1
201360P086441,2,9,0,3,0,0,0,0,0,0,2,1,6,2,9,-1,-1,-1,-1,-1
201360P086441,3,9,0,4,0,0,0,0,0,0,2,1,6,2,9,-1,-1,-1,-1,-1
201360P086442,1,9,0,18,0,0,0,0,0,0,1,1,2,2,5,-1,-1,-1,-1,-1