Accident_Index,Vehicle_Reference,Vehicle_Type,Towing_and_Articulation,Vehicle_Manoeuvre,Vehicle_Location-Restricted_Lane,Junction_Location,Skidding_and_Overturning,Hit_Object_in_Carriageway,Vehicle_Leaving_Carriageway,Hit_Object_off_Carriageway,1st_Point_of_Impact,Was_Vehicle_Left_Hand_Drive?,Journey_Purpose_of_Driver,Sex_of_Driver,Age_Band_of_Driver,Engine_Capacity_(CC),Propulsion_Code,Age_of_Vehicle,Driver_IMD_Decile,Driver_Home_Area_Type
201360P111044,2,1,0,18,0,0,0,0,0,0,3,1,6,1,7,-1,-1,-1,-1,-1
201360P111066,1,9,0,3,9,1,0,0,7,0,1,1,1,1,9,-1,-1,-1,-1,-1
201360P111066,2,9,0,1,0,1,0,0,0,0,1,1,6,1,7,-1,-1,-1,-1,-1
201360P111084,1,9,0,18,0,3,0,0,1,10,1,1,1,1,7,-1,-1,-1,-1,-1
201360P111167,1,9,0,3,0,6,0,0,0,0,2,1,6,1,8,-1,-1,-1,-1,-1
201360P111167,2,9,0,18,0,1,0,0,0,0,1,1,6,2,4,-1,-1,-1,-1,-1
201360P111235,1,9,0,5,0,1,0,0,0,0,1,1,6,3,-1,-1,-1,-1,-1,-1
201360P111235,2,9,0,2,0,2,0,0,0,0,3,1,6,3,-1,-1,-1,-1,-1,-1
201360P111355,1,9,0,13,0,1,0,0,7,0,1,1,6,1,6,-1,-1,-1,-1,-1
201360P111355,2,9,0,9,0,1,0,0,0,0,3,1,6,2,9,-1,-1,-1,-1,-1
201360P111355,3,9,0,18,0,2,0,0,0,0,0,1,6,1,5,-1,-1,-1,-1,-1
201360P111370,1,8,0,18,0,0,0,0,0,0,4,1,1,1,9,-1,-1,-1,-1,-1
201360P111443,1,9,0,18,0,0,0,0,0,0,1,1,6,2,7,-1,-1,-1,-1,-1
201360P111443,2,9,0,18,0,0,0,0,0,0,2,1,6,2,9,-1,-1,-1,-1,-1
201360P111450,1,19,0,18,0,0,0,0,0,0,4,1,6,3,-1,-1,-1,-1,-1,-1
201360P111650,1,9,0,18,0,4,1,9,0,10,1,1,6,1,8,-1,-1,-1,-1,-1
201360P112039,1,4,0,14,0,0,0,0,0,0,1,1,6,1,4,-1,-1,-1,-1,-1
201360P112039,2,9,0,9,0,0,0,0,0,0,3,1,6,2,5,-1,-1,-1,-1,-1
201360P112039,3,9,0,2,0,0,0,0,0,0,4,1,6,2,5,-1,-1,-1,-1,-1
201360P112180,1,5,0,3,0,0,0,0,0,0,3,1,6,1,8,-1,-1,-1,-1,-1
201360P112180,2,9,0,3,0,0,0,0,0,0,3,1,6,2,9,-1,-1,-1,-1,-1
201360P112563,1,9,0,13,0,1,1,0,0,0,4,1,1,1,6,-1,-1,-1,-1,-1
201360P112563,2,9,0,9,0,1,0,0,0,0,3,1,1,2,8,-1,-1,-1,-1,-1
201360P112665,1,9,0,18,0,0,0,0,0,0,1,1,6,1,10,-1,-1,-1,-1,-1
201360P112665,2,9,0,18,0,0,0,0,0,0,1,1,6,2,5,-1,-1,-1,-1,-1
201360P112665,3,9,0,18,0,0,0,0,0,0,2,1,6,2,10,-1,-1,-1,-1,-1
201360P112686,1,1,0,17,0,1,0,0,0,0,1,1,6,1,-1,-1,-1,-1,-1,-1
201360P112725,1,9,0,18,0,6,0,0,0,0,3,1,6,1,10,-1,-1,-1,-1,-1
201360P112725,2,9,0,18,0,1,1,0,0,0,1,1,6,1,5,-1,-1,-1,-1,-1
201360P112798,1,9,0,13,0,0,0,0,0,0,0,1,6,3,-1,-1,-1,-1,-1,-1
201360P112798,2,9,0,18,0,0,0,0,0,0,1,1,6,2,6,-1,-1,-1,-1,-1
201360P112798,3,9,0,18,0,0,0,0,0,0,0,1,2,2,4,-1,-1,-1,-1,-1
201360P112817,1,9,0,18,9,0,0,0,1,0,4,1,6,1,8,-1,-1,-1,-1,-1
201360P112849,1,90,0,18,0,1,0,0,0,0,1,2,6,1,9,-1,-1,-1,-1,-1
201360P112849,2,9,0,4,0,1,0,0,1,0,2,1,6,2,5,-1,-1,-1,-1,-1
201360P112849,3,9,0,10,0,1,0,0,0,0,2,1,6,2,7,-1,-1,-1,-1,-1
201360P112849,4,9,0,2,9,1,0,0,0,0,2,1,6,3,-1,-1,-1,-1,-1,-1
201360P112856,1,5,0,17,0,0,1,0,1,0,3,1,6,2,8,-1,-1,-1,-1,-1
201360P112856,2,5,0,17,0,0,1,0,0,0,3,1,6,1,9,-1,-1,-1,-1,-1
201360P112884,1,9,0,18,0,0,0,0,7,0,1,1,6,1,8,-1,-1,-1,-1,-1
201360P112884,2,9,0,18,0,0,0,0,0,0,1,1,6,1,8,-1,-1,-1,-1,-1
201360P113200,1,9,0,18,0,0,0,4,0,0,1,1,1,1,7,-1,-1,-1,-1,-1
201360P113200,2,9,0,3,0,0,0,0,0,0,2,1,1,1,9,-1,-1,-1,-1,-1
201360P113200,3,9,0,3,0,0,0,0,0,0,2,1,6,2,6,-1,-1,-1,-1,-1
201360P113200,4,9,0,3,0,0,0,0,0,0,2,1,6,2,9,-1,-1,-1,-1,-1
201360P113225,1,9,0,18,0,1,1,0,0,0,1,1,6,2,7,-1,-1,-1,-1,-1
201360P113225,2,9,0,10,0,1,0,0,0,0,2,1,1,1,9,-1,-1,-1,-1,-1
201360P113270,1,20,0,17,0,8,0,0,0,0,1,1,1,1,7,-1,-1,-1,-1,-1
201360P113532,1,9,0,9,0,6,0,0,0,0,2,1,6,1,11,-1,-1,-1,-1,-1
201360P113532,2,4,0,18,0,8,0,0,0,0,3,1,6,2,4,-1,-1,-1,-1,-1
201360P113544,1,9,0,5,0,0,0,0,0,0,1,1,6,2,11,-1,-1,-1,-1,-1
201360P113544,2,1,0,18,0,0,0,0,0,0,1,1,6,1,3,-1,-1,-1,-1,-1
201360P113763,1,9,0,4,0,0,0,0,0,0,0,1,6,1,8,-1,-1,-1,-1,-1
201360P113763,2,9,0,18,0,0,0,12,0,0,1,1,6,1,6,-1,-1,-1,-1,-1
201360P113911,1,9,0,18,0,3,0,0,1,10,1,1,6,1,5,-1,-1,-1,-1,-1
201360P113911,2,9,0,18,0,3,0,0,0,10,2,1,6,1,11,-1,-1,-1,-1,-1
201360P113968,1,9,0,9,0,1,0,0,0,0,4,1,6,1,8,-1,-1,-1,-1,-1
201360P113968,2,9,0,6,0,1,0,0,0,0,1,1,6,1,7,-1,-1,-1,-1,-1
201360P114122,1,9,0,9,0,2,0,0,0,0,4,1,2,1,6,-1,-1,-1,-1,-1
201360P114122,2,1,0,18,0,8,0,0,0,0,1,1,6,1,6,-1,-1,-1,-1,-1
201360P114149,1,9,0,16,0,1,1,0,0,0,1,1,2,2,4,-1,-1,-1,-1,-1
201360P114149,2,9,0,3,0,1,0,0,0,0,2,1,1,1,7,-1,-1,-1,-1,-1
201360P114149,3,9,0,10,0,1,0,0,0,0,0,1,6,2,5,-1,-1,-1,-1,-1
201360P114149,4,9,0,18,0,1,0,0,1,10,4,1,2,1,7,-1,-1,-1,-1,-1
201360P114177,1,9,0,18,0,0,0,0,0,0,1,1,1,1,6,-1,-1,-1,-1,-1
201360P114177,2,9,0,12,0,0,0,0,0,0,2,1,6,1,10,-1,-1,-1,-1,-1
201360P114274,1,9,0,18,0,0,0,0,0,3,2,1,6,2,11,-1,-1,-1,-1,-1
201360P114274,2,9,0,18,0,0,0,0,0,10,1,1,6,1,9,-1,-1,-1,-1,-1
201360P114831,1,9,0,18,0,1,0,0,0,0,1,1,6,1,7,-1,-1,-1,-1,-1
201360P114831,2,9,0,3,0,1,0,0,0,0,2,1,6,1,5,-1,-1,-1,-1,-1
201360P115125,1,9,0,16,0,1,1,0,0,0,2,1,1,1,5,-1,-1,-1,-1,-1
201360P115279,1,9,0,18,0,1,0,0,0,0,1,1,6,1,6,-1,-1,-1,-1,-1
201360P115279,2,9,0,3,0,1,0,0,0,0,2,1,6,1,8,-1,-1,-1,-1,-1
201360P115458,1,9,0,18,0,0,0,0,0,0,3,1,6,1,10,-1,-1,-1,-1,-1
201360P115458,2,9,0,18,0,0,0,0,1,0,3,1,2,1,8,-1,-1,-1,-1,-1
201360P115930,1,9,0,9,0,1,0,0,0,0,1,1,6,1,8,-1,-1,-1,-1,-1
201360P115930,2,9,0,18,0,1,1,0,0,0,1,1,6,1,5,-1,-1,-1,-1,-1
201360P115930,3,9,0,10,0,1,0,0,0,0,4,1,6,1,8,-1,-1,-1,-1,-1
201360P115932,1,9,0,18,0,0,0,4,0,0,4,1,6,2,10,-1,-1,-1,-1,-1
201360P115932,2,9,0,2,0,0,0,0,0,0,4,1,6,2,7,-1,-1,-1,-1,-1
201360P116061,1,9,4,18,0,0,0,0,0,0,0,1,6,1,8,-1,-1,-1,-1,-1
201360P116268,1,9,0,18,0,8,0,0,8,10,1,1,6,1,6,-1,-1,-1,-1,-1
201360P116361,1,9,0,3,0,4,0,0,0,0,1,1,6,1,7,-1,-1,-1,-1,-1
201360P116361,2,9,0,3,0,4,0,0,0,0,2,1,1,1,7,-1,-1,-1,-1,-1
201360P116536,1,9,0,9,9,5,2,10,7,0,1,1,6,1,6,-1,-1,-1,-1,-1
201360P116668,1,9,0,3,0,1,0,0,0,0,1,1,1,1,-1,-1,-1,-1,-1,-1
201360P116668,2,1,0,4,0,2,0,0,0,0,1,1,6,1,7,-1,-1,-1,-1,-1
201360P116864,1,9,0,9,0,1,0,0,0,0,1,1,6,1,7,-1,-1,-1,-1,-1
201360P116864,2,5,0,14,0,1,0,0,0,0,1,1,6,1,7,-1,-1,-1,-1,-1
201360P116864,3,9,0,3,0,1,0,0,0,0,0,1,6,2,7,-1,-1,-1,-1,-1
201360P116979,1,9,0,18,0,2,0,0,0,0,1,1,6,1,6,-1,-1,-1,-1,-1
201360P116979,2,9,0,3,0,2,0,0,0,0,2,1,6,2,8,-1,-1,-1,-1,-1
201360P117761,1,8,0,18,0,0,0,0,0,0,1,1,1,1,7,-1,-1,-1,-1,-1
201360P117761,2,9,0,2,0,0,0,0,0,0,2,1,6,1,8,-1,-1,-1,-1,-1
201360P117923,1,9,0,9,0,5,0,0,2,2,1,1,6,2,8,-1,-1,-1,-1,-1
201360P117960,1,9,0,16,0,0,2,0,8,10,3,1,6,1,6,-1,-1,-1,-1,-1
201360P117960,2,9,0,16,0,0,0,0,0,0,0,1,1,1,7,-1,-1,-1,-1,-1
201360P118247,1,9,0,16,0,0,0,0,7,9,1,1,6,2,10,-1,-1,-1,-1,-1
201360P118254,1,9,0,18,0,0,0,1,0,0,1,1,1,1,7,-1,-1,-1,-1,-1
201360P118261,1,9,0,11,0,0,1,0,1,0,4,1,6,2,7,-1,-1,-1,-1,-1
201360P118261,2,9,0,18,0,0,1,0,4,0,3,1,6,2,6,-1,-1,-1,-1,-1
201360P118767,1,9,0,18,0,0,0,0,0,0,0,1,6,3,-1,-1,-1,-1,-1,-1
201360P118767,2,16,0,4,0,0,0,0,0,0,0,1,1,2,5,-1,-1,-1,-1,-1
201360P119044,1,9,0,14,0,1,0,0,0,0,4,1,6,1,10,-1,-1,-1,-1,-1
201360P119044,2,9,0,2,0,1,0,0,0,0,2,1,6,1,11,-1,-1,-1,-1,-1
201360P119464,1,9,0,18,0,2,0,0,0,0,1,1,6,3,-1,-1,-1,-1,-1,-1
201360P119464,2,9,0,3,0,1,0,0,0,0,2,1,6,2,6,-1,-1,-1,-1,-1
201360P120356,1,9,0,12,0,1,0,0,0,0,0,1,6,3,-1,-1,-1,-1,-1,-1
201360P120356,2,3,0,18,0,1,0,0,0,0,0,1,6,2,5,-1,-1,-1,-1,-1
201360P120703,1,9,0,9,0,5,0,0,0,0,1,1,1,1,8,-1,-1,-1,-1,-1
201360P120703,2,9,0,18,0,1,0,0,7,10,1,1,1,1,6,-1,-1,-1,-1,-1
201360P120811,1,9,4,18,0,0,0,0,0,0,0,1,1,1,8,-1,-1,-1,-1,-1
201360P120811,2,9,0,18,0,0,0,0,0,0,0,1,6,2,7,-1,-1,-1,-1,-1
201360P120811,3,9,0,18,0,0,0,0,0,0,2,1,1,1,8,-1,-1,-1,-1,-1
201360P120811,4,9,0,18,0,0,0,0,0,0,1,1,1,1,9,-1,-1,-1,-1,-1
201360P120811,5,9,0,18,0,0,0,0,0,0,2,1,1,2,8,-1,-1,-1,-1,-1
201360P120811,6,9,0,18,0,0,1,0,0,0,1,1,1,1,7,-1,-1,-1,-1,-1
201360P121054,1,9,0,16,0,0,0,0,7,10,1,1,6,1,10,-1,-1,-1,-1,-1
201360P121125,1,19,0,18,0,0,0,0,0,0,0,1,2,1,6,-1,-1,-1,-1,-1
201360P121274,1,3,0,18,0,8,0,0,0,0,1,1,6,1,-1,-1,-1,-1,-1,-1
201360P121274,2,1,0,18,0,6,0,0,0,0,3,1,6,1,5,-1,-1,-1,-1,-1
201360P121376,1,9,0,18,0,0,1,0,1,4,1,1,6,2,5,-1,-1,-1,-1,-1
201360P121448,1,9,0,18,0,0,0,10,7,10,1,1,6,1,4,-1,-1,-1,-1,-1
201360P121643,1,9,0,1,0,0,1,0,0,0,2,1,6,1,4,-1,-1,-1,-1,-1
201360P121736,1,9,0,18,0,0,0,0,0,0,1,1,6,1,7,-1,-1,-1,-1,-1
201360P121736,2,9,0,18,0,0,0,0,0,0,2,1,6,1,8,-1,-1,-1,-1,-1
201360P121903,1,5,0,18,0,1,1,0,0,0,1,1,6,1,7,-1,-1,-1,-1,-1
201360P121908,1,9,0,3,0,1,0,0,0,0,1,1,6,2,7,-1,-1,-1,-1,-1
201360P121908,2,9,0,4,0,1,0,0,0,0,2,1,6,1,7,-1,-1,-1,-1,-1
201360P121999,1,9,0,18,0,0,0,0,0,0,4,1,6,3,-1,-1,-1,-1,-1,-1
201360P122347,1,5,0,18,0,0,0,0,0,0,1,1,6,1,8,-1,-1,-1,-1,-1
201360P122417,1,5,0,18,0,0,0,0,0,0,3,1,6,1,7,-1,-1,-1,-1,-1
201360P122512,1,9,0,16,0,1,1,10,1,2,3,1,6,2,6,-1,-1,-1,-1,-1
201360P122925,1,5,0,17,0,0,0,0,1,9,1,1,1,1,5,-1,-1,-1,-1,-1
201360P122987,1,9,0,18,0,0,0,0,0,0,1,1,6,1,5,-1,-1,-1,-1,-1
201360P122987,2,9,0,18,0,0,0,0,0,0,2,1,6,1,6,-1,-1,-1,-1,-1
201360P122995,1,9,0,4,0,6,0,0,0,0,4,1,1,1,5,-1,-1,-1,-1,-1
201360P122995,2,9,0,18,0,1,0,10,0,1,3,1,6,1,10,-1,-1,-1,-1,-1
201360P123095,1,9,0,18,0,2,0,0,0,0,1,1,1,1,8,-1,-1,-1,-1,-1
201360P123179,1,9,0,18,0,0,0,0,0,0,1,1,6,1,5,-1,-1,-1,-1,-1
201360P123179,2,9,0,3,0,0,0,0,0,0,2,1,2,1,5,-1,-1,-1,-1,-1
201360P123179,3,9,0,3,0,0,0,0,0,0,2,1,2,1,7,-1,-1,-1,-1,-1
201360P123179,4,9,0,3,0,0,0,0,0,0,2,1,2,1,10,-1,-1,-1,-1,-1
201360P123189,1,9,0,18,0,0,0,0,0,0,1,1,6,1,6,-1,-1,-1,-1,-1
201360P123189,2,1,0,18,0,0,0,0,0,0,3,1,6,1,2,-1,-1,-1,-1,-1
201360P123225,1,9,0,18,0,0,0,0,0,0,1,1,6,2,9,-1,-1,-1,-1,-1
201360P123225,2,9,0,3,0,0,0,0,0,0,2,1,6,2,10,-1,-1,-1,-1,-1
201360P123235,1,9,0,18,0,1,1,0,0,0,1,1,6,1,5,-1,-1,-1,-1,-1
201360P123235,2,9,0,4,0,1,0,0,0,0,2,1,6,1,6,-1,-1,-1,-1,-1
201360P123355,1,5,0,18,0,1,0,0,0,0,1,1,6,1,6,-1,-1,-1,-1,-1
201360P123355,2,9,0,9,0,8,0,0,0,0,3,1,6,1,8,-1,-1,-1,-1,-1
201360P123523,1,9,0,17,0,0,1,0,0,0,1,1,6,3,-1,-1,-1,-1,-1,-1
201360P123523,2,9,0,4,0,0,0,0,0,0,1,1,1,1,8,-1,-1,-1,-1,-1
201360P123697,1,9,0,18,0,1,0,0,0,0,4,1,6,3,-1,-1,-1,-1,-1,-1
201360P123741,1,9,0,9,0,6,0,0,0,0,3,1,1,1,7,-1,-1,-1,-1,-1
201360P123741,2,9,0,18,0,1,0,0,0,0,1,1,2,1,5,-1,-1,-1,-1,-1
201360P123819,1,9,0,18,0,1,0,0,0,0,1,1,6,3,-1,-1,-1,-1,-1,-1
201360P123819,2,90,0,18,0,6,0,0,0,0,3,1,6,1,2,-1,-1,-1,-1,-1
201360P123877,1,9,0,4,0,0,0,0,0,0,1,1,6,2,6,-1,-1,-1,-1,-1
201360P123877,2,9,0,4,0,0,0,0,0,0,2,1,6,2,6,-1,-1,-1,-1,-1
201360P123877,3,9,0,4,0,0,0,0,0,0,2,1,6,2,7,-1,-1,-1,-1,-1
201360P123906,1,9,0,18,0,1,0,0,0,0,4,1,6,2,5,-1,-1,-1,-1,-1
201360P123906,2,1,0,18,0,1,0,0,0,0,1,1,6,1,3,-1,-1,-1,-1,-1
201360P123943,1,9,0,9,0,2,0,0,0,0,3,1,6,1,10,-1,-1,-1,-1,-1
201360P123943,2,9,0,18,0,1,0,0,0,0,4,1,6,2,5,-1,-1,-1,-1,-1
201360P124252,1,9,0,18,0,0,0,0,0,0,4,1,6,2,11,-1,-1,-1,-1,-1
201360P124422,1,9,0,17,0,0,5,10,1,10,4,1,6,1,9,-1,-1,-1,-1,-1
201360P124506,1,9,0,18,0,1,0,0,0,0,1,1,6,2,6,-1,-1,-1,-1,-1
201360P124506,2,9,0,3,0,1,0,0,0,0,2,1,6,1,10,-1,-1,-1,-1,-1
201360P124506,3,9,0,18,0,1,0,0,0,0,1,1,6,1,7,-1,-1,-1,-1,-1
201360P124520,1,9,0,18,0,0,0,0,0,0,1,1,6,1,5,-1,-1,-1,-1,-1
201360P124520,2,9,0,3,0,0,0,0,0,0,2,1,6,1,9,-1,-1,-1,-1,-1
201360P124599,1,9,0,18,0,0,0,0,0,0,1,1,6,1,8,-1,-1,-1,-1,-1
201360P124599,2,9,0,3,0,0,0,0,0,0,2,1,2,1,5,-1,-1,-1,-1,-1
201360P124613,1,9,0,17,0,0,1,0,7,0,1,1,6,2,6,-1,-1,-1,-1,-1
201360P124613,2,19,0,16,0,0,0,0,1,0,3,1,6,1,9,-1,-1,-1,-1,-1
201360P124999,1,9,0,6,0,1,0,0,0,10,1,1,6,2,11,-1,-1,-1,-1,-1
201360P124999,2,9,0,2,0,1,0,0,0,0,3,1,6,3,-1,-1,-1,-1,-1,-1
201360P125454,1,9,0,9,0,1,0,0,0,0,1,1,6,1,7,-1,-1,-1,-1,-1
201360P125454,2,3,0,18,0,1,0,0,0,0,1,1,6,1,3,-1,-1,-1,-1,-1
201360P125633,1,19,0,5,0,0,0,0,0,0,4,1,1,1,6,-1,-1,-1,-1,-1
201360P125675,1,9,0,1,0,0,0,0,0,0,4,1,6,2,8,-1,-1,-1,-1,-1
201360P125818,1,9,0,17,0,1,0,0,0,0,1,1,2,2,6,-1,-1,-1,-1,-1
201360P125818,2,1,0,18,0,1,0,0,0,0,1,1,6,1,2,-1,-1,-1,-1,-1
201360P125864,1,9,0,18,0,0,0,0,0,0,4,1,6,3,-1,-1,-1,-1,-1,-1
201360P125864,2,9,0,18,0,0,0,0,0,0,0,1,6,3,-1,-1,-1,-1,-1,-1
201360P126135,1,9,0,18,0,1,0,10,0,10,1,1,6,1,4,-1,-1,-1,-1,-1
201360P126208,1,9,0,18,0,8,0,0,7,10,4,1,6,1,10,-1,-1,-1,-1,-1
201360P126208,2,9,0,9,0,8,0,0,0,0,3,1,6,1,9,-1,-1,-1,-1,-1
201360P126358,1,9,0,18,0,1,0,0,0,0,1,1,6,1,6,-1,-1,-1,-1,-1
201360P126358,2,9,0,10,0,1,0,0,0,0,2,1,6,2,9,-1,-1,-1,-1,-1
201360P126425,1,9,0,18,0,0,0,0,0,0,1,1,1,1,8,-1,-1,-1,-1,-1
201360P126425,2,9,0,3,0,0,0,0,0,0,2,1,6,1,8,-1,-1,-1,-1,-1
201360P126493,1,9,0,4,9,1,0,10,1,0,1,1,6,1,10,-1,-1,-1,-1,-1
201360P126504,1,9,0,18,0,1,0,0,0,0,1,1,6,1,6,-1,-1,-1,-1,-1
201360P126504,2,9,0,5,0,6,0,7,6,10,2,1,6,2,8,-1,-1,-1,-1,-1
201360P126606,1,3,0,16,0,0,0,0,0,0,1,1,6,1,8,-1,-1,-1,-1,-1
201360P126606,2,9,0,18,0,0,0,0,0,0,1,1,6,2,7,-1,-1,-1,-1,-1
201360P126632,1,9,0,16,0,1,1,0,0,0,1,1,6,1,4,-1,-1,-1,-1,-1
201360P126632,2,17,0,9,0,6,0,0,0,0,3,1,6,1,8,-1,-1,-1,-1,-1
201360P126779,1,9,0,17,0,0,0,0,0,0,0,1,6,3,-1,-1,-1,-1,-1,-1
201360P126779,2,9,0,16,0,0,1,0,0,10,1,1,2,2,4,-1,-1,-1,-1,-1
201360P126964,1,9,0,18,0,1,0,0,0,0,1,1,6,1,7,-1,-1,-1,-1,-1
201360P126964,2,9,0,4,0,1,0,0,0,0,2,1,6,1,8,-1,-1,-1,-1,-1
201360P126993,1,9,0,17,0,0,0,0,0,0,3,1,6,1,5,-1,-1,-1,-1,-1
201360P126993,2,5,0,16,0,0,0,0,0,0,1,1,6,1,8,-1,-1,-1,-1,-1
201360P127028,1,5,0,11,0,5,1,10,1,1,1,1,6,1,7,-1,-1,-1,-1,-1
201360P127040,1,9,0,16,0,0,0,0,0,0,4,1,6,2,8,-1,-1,-1,-1,-1
201360P127040,2,9,0,17,0,0,0,0,0,0,4,1,6,1,8,-1,-1,-1,-1,-1
201360P127208,1,9,0,18,0,0,0,4,0,0,1,1,2,1,7,-1,-1,-1,-1,-1
201360P127208,2,9,0,2,0,0,0,0,0,0,2,1,6,3,-1,-1,-1,-1,-1,-1
201360P127481,1,9,0,16,0,1,1,0,0,0,1,1,6,1,5,-1,-1,-1,-1,-1
201360P127481,2,9,0,18,0,1,0,0,0,0,1,1,6,1,6,-1,-1,-1,-1,-1
201360P127510,1,21,0,5,0,6,0,0,0,0,4,1,1,1,7,-1,-1,-1,-1,-1
201360P127510,2,9,0,18,0,1,0,0,0,0,1,1,2,2,5,-1,-1,-1,-1,-1
201360P127538,1,19,0,9,0,2,0,0,0,0,1,1,1,1,7,-1,-1,-1,-1,-1
201360P127538,2,9,0,18,0,2,1,0,0,0,1,1,2,1,5,-1,-1,-1,-1,-1
201360P127538,3,9,0,2,0,1,0,0,0,0,2,1,6,1,6,-1,-1,-1,-1,-1
201360P127538,4,9,0,2,0,1,0,0,0,0,2,1,6,1,6,-1,-1,-1,-1,-1
201360P127570,1,9,0,16,0,0,0,0,0,0,0,1,6,3,-1,-1,-1,-1,-1,-1
201360P127570,2,9,0,17,0,0,5,0,1,0,4,1,1,1,10,-1,-1,-1,-1,-1
201360P127802,1,9,0,1,9,2,0,10,1,10,2,1,6,1,11,-1,-1,-1,-1,-1
201360P127810,1,9,0,9,0,8,0,0,0,0,3,1,6,2,8,-1,-1,-1,-1,-1
201360P127810,2,20,0,18,0,1,0,0,0,0,1,1,6,1,7,-1,-1,-1,-1,-1
201360P127981,1,9,0,18,0,0,0,0,0,0,4,1,1,1,7,-1,-1,-1,-1,-1
201360P128113,1,9,0,18,0,1,0,0,0,0,4,1,1,1,7,-1,-1,-1,-1,-1
201360P128113,2,1,0,17,0,1,0,0,0,0,1,1,1,1,8,-1,-1,-1,-1,-1
201360P128202,1,19,0,2,0,0,0,0,0,0,1,1,1,1,6,-1,-1,-1,-1,-1
201360P128541,1,9,0,14,0,4,0,0,0,0,4,1,6,3,-1,-1,-1,-1,-1,-1
201360P128541,2,5,0,3,0,4,0,0,0,0,3,1,6,1,7,-1,-1,-1,-1,-1
201360P128554,1,11,0,17,0,8,0,0,0,0,0,1,1,1,7,-1,-1,-1,-1,-1
201360P128754,1,9,4,18,0,0,4,0,1,10,1,1,1,1,9,-1,-1,-1,-1,-1
201360P128755,1,5,0,16,0,8,0,0,0,0,4,1,6,1,7,-1,-1,-1,-1,-1
201360P128798,1,9,0,18,0,0,5,0,0,10,4,1,6,1,6,-1,-1,-1,-1,-1
201360P128946,1,9,0,4,0,0,0,0,0,0,1,1,1,1,7,-1,-1,-1,-1,-1
201360P128946,2,9,0,4,0,0,1,0,0,0,1,1,1,1,5,-1,-1,-1,-1,-1
201360P128946,3,9,0,3,0,0,0,0,0,0,2,1,6,2,6,-1,-1,-1,-1,-1
201360P128946,4,9,0,3,0,0,0,0,0,0,2,1,1,1,8,-1,-1,-1,-1,-1
201360P129016,1,9,0,18,0,0,0,0,0,0,4,1,6,3,-1,-1,-1,-1,-1,-1
201360P129160,1,9,0,5,0,1,0,0,0,0,1,1,6,2,7,-1,-1,-1,-1,-1
201360P129160,2,9,0,18,0,1,0,0,7,10,4,1,6,2,7,-1,-1,-1,-1,-1
201360P129902,1,9,0,18,0,0,0,0,0,0,1,1,6,1,4,-1,-1,-1,-1,-1
201360P129939,1,9,0,18,0,1,0,0,0,0,1,1,6,1,6,-1,-1,-1,-1,-1
201360P129939,2,1,0,5,0,6,0,0,0,0,1,1,6,1,3,-1,-1,-1,-1,-1
201360P130140,1,9,0,18,0,0,1,0,0,0,3,1,6,2,6,-1,-1,-1,-1,-1
201360P130274,1,9,0,18,0,1,0,0,0,0,1,1,1,2,10,-1,-1,-1,-1,-1
201360P130274,2,9,0,9,0,1,0,0,0,0,2,1,6,1,7,-1,-1,-1,-1,-1
201360P130645,1,9,0,17,0,0,0,0,0,0,1,1,6,1,6,-1,-1,-1,-1,-1
201360P130868,1,9,0,18,0,8,1,0,0,0,1,1,6,1,7,-1,-1,-1,-1,-1
201360P130868,2,9,0,10,0,8,0,0,0,0,2,1,6,1,5,-1,-1,-1,-1,-1
201360P130869,1,9,0,5,0,8,0,0,0,0,3,1,6,1,10,-1,-1,-1,-1,-1
201360P130869,2,9,0,18,0,1,0,0,0,0,1,1,6,1,8,-1,-1,-1,-1,-1
201360P130973,1,9,0,9,0,0,0,0,0,0,4,1,6,1,10,-1,-1,-1,-1,-1
201360P130973,2,5,0,18,0,0,0,0,0,0,1,1,6,1,6,-1,-1,-1,-1,-1
201360P131014,1,5,0,18,0,2,1,4,0,0,1,1,6,1,8,-1,-1,-1,-1,-1
201360P131014,2,9,0,2,0,2,0,0,0,0,2,1,6,1,9,-1,-1,-1,-1,-1
201360P131014,3,9,0,2,0,2,0,0,0,0,0,1,6,2,6,-1,-1,-1,-1,-1
201360P131056,1,5,0,13,0,0,1,0,0,0,1,1,6,1,5,-1,-1,-1,-1,-1
201360P131056,2,9,0,18,0,0,0,0,1,0,1,1,6,1,9,-1,-1,-1,-1,-1
201360P131372,1,9,0,7,0,1,0,0,0,0,1,1,6,2,8,-1,-1,-1,-1,-1
201360P131372,2,9,0,18,0,1,1,0,0,0,1,1,6,1,4,-1,-1,-1,-1,-1
201360P131699,1,9,0,18,0,6,0,0,0,0,4,1,6,2,6,-1,-1,-1,-1,-1
201360P131699,2,9,0,18,0,1,0,0,0,0,1,1,6,1,7,-1,-1,-1,-1,-1
201360P131965,1,9,0,18,0,0,0,0,0,0,3,1,6,3,-1,-1,-1,-1,-1,-1
201360P132027,1,9,0,18,0,1,0,0,0,0,1,1,1,1,7,-1,-1,-1,-1,-1
201360P132027,2,9,0,18,0,1,0,0,0,0,2,1,6,3,-1,-1,-1,-1,-1,-1
201360P132076,1,9,0,18,0,0,0,0,0,0,1,1,6,1,8,-1,-1,-1,-1,-1
201360P132076,2,9,0,18,0,0,0,0,0,0,1,1,6,2,5,-1,-1,-1,-1,-1
201360P132213,1,1,0,18,0,0,0,0,0,0,1,1,6,1,4,-1,-1,-1,-1,-1
201360P132213,2,9,0,2,0,0,0,0,0,0,3,1,6,2,7,-1,-1,-1,-1,-1
201360P132312,1,9,0,16,0,0,0,0,7,10,1,1,6,1,11,-1,-1,-1,-1,-1
201360P132322,1,5,0,16,0,0,1,0,8,10,4,1,6,1,9,-1,-1,-1,-1,-1
201360P132422,1,9,0,7,0,1,0,0,0,0,4,1,6,2,7,-1,-1,-1,-1,-1
201360P132499,1,9,0,9,0,6,0,0,0,0,1,1,6,1,10,-1,-1,-1,-1,-1
201360P132499,2,5,0,18,0,8,1,0,0,0,1,1,2,1,8,-1,-1,-1,-1,-1
201360P132511,1,9,0,17,0,1,2,0,7,9,2,1,6,1,5,-1,-1,-1,-1,-1
201360P132570,1,9,0,9,0,8,0,0,0,0,0,1,6,2,6,-1,-1,-1,-1,-1