Accident_Index,Vehicle_Reference,Vehicle_Type,Towing_and_Articulation,Vehicle_Manoeuvre,Vehicle_Location-Restricted_Lane,Junction_Location,Skidding_and_Overturning,Hit_Object_in_Carriageway,Vehicle_Leaving_Carriageway,Hit_Object_off_Carriageway,1st_Point_of_Impact,Was_Vehicle_Left_Hand_Drive?,Journey_Purpose_of_Driver,Sex_of_Driver,Age_Band_of_Driver,Engine_Capacity_(CC),Propulsion_Code,Age_of_Vehicle,Driver_IMD_Decile,Driver_Home_Area_Type
201360P132718,1,3,0,16,0,5,0,0,7,0,1,1,1,2,5,-1,-1,-1,-1,-1
201360P132771,1,9,0,18,0,1,0,0,0,0,1,1,6,3,-1,-1,-1,-1,-1,-1
201360P132817,1,9,0,18,0,1,0,0,0,0,1,1,6,3,-1,-1,-1,-1,-1,-1
201360P132817,2,9,0,3,0,1,0,0,0,0,2,1,6,2,6,-1,-1,-1,-1,-1
201360P132821,1,17,5,18,0,0,0,0,0,0,1,1,1,1,8,-1,-1,-1,-1,-1
201360P132821,2,9,0,3,0,0,0,0,0,0,3,1,6,2,8,-1,-1,-1,-1,-1
201360P133098,1,9,0,18,0,1,0,10,1,10,4,1,6,2,8,-1,-1,-1,-1,-1
201360P133098,2,9,0,9,0,1,0,0,0,0,0,1,6,3,-1,-1,-1,-1,-1,-1
201360P133317,1,90,0,9,0,2,0,0,0,0,3,1,2,1,6,-1,-1,-1,-1,-1
201360P133317,2,9,0,18,0,1,0,0,0,0,1,1,2,1,8,-1,-1,-1,-1,-1
201360P133360,1,9,0,18,0,4,0,0,0,0,1,1,1,2,9,-1,-1,-1,-1,-1
201360P133360,2,1,0,18,0,5,0,0,0,0,4,1,6,1,7,-1,-1,-1,-1,-1
201360P133361,1,9,0,18,0,0,0,0,0,0,3,1,6,3,-1,-1,-1,-1,-1,-1
201360P133462,1,11,0,5,0,1,0,0,0,0,1,1,1,2,8,-1,-1,-1,-1,-1
201360P133462,2,1,0,18,0,1,0,0,0,0,1,1,6,1,1,-1,-1,-1,-1,-1
201360P133761,1,9,0,9,0,5,0,0,0,0,2,1,6,1,8,-1,-1,-1,-1,-1
201360P133761,2,1,0,18,9,1,0,0,0,0,1,1,2,1,8,-1,-1,-1,-1,-1
201360P133859,1,1,0,18,0,0,0,0,0,0,0,1,6,1,7,-1,-1,-1,-1,-1
201360P134028,1,9,0,5,0,1,0,0,0,0,1,1,6,1,6,-1,-1,-1,-1,-1
201360P134028,2,9,0,9,0,1,0,0,0,0,3,1,1,1,8,-1,-1,-1,-1,-1
201360P134135,1,9,0,9,0,1,0,0,0,0,3,1,2,1,9,-1,-1,-1,-1,-1
201360P134258,1,9,0,9,0,8,0,0,0,0,1,1,6,1,7,-1,-1,-1,-1,-1
201360P134258,2,1,0,9,0,8,0,0,0,0,1,1,6,1,7,-1,-1,-1,-1,-1
201360P134278,1,9,0,18,6,0,0,0,0,0,1,1,6,1,9,-1,-1,-1,-1,-1
201360P134278,2,21,0,2,6,0,0,0,0,0,2,1,1,1,8,-1,-1,-1,-1,-1
201360P134326,1,9,0,17,0,0,1,0,7,0,4,1,2,1,7,-1,-1,-1,-1,-1
201360P134326,2,9,0,18,0,0,0,0,0,0,1,1,2,2,7,-1,-1,-1,-1,-1
201360P134628,1,9,0,18,0,0,1,0,1,0,1,1,1,2,4,-1,-1,-1,-1,-1
201360P134694,1,9,0,9,0,0,0,0,0,0,4,1,6,2,10,-1,-1,-1,-1,-1
201360P134694,2,1,0,18,0,0,0,0,0,0,1,1,6,1,10,-1,-1,-1,-1,-1
201360P134694,3,9,0,2,0,0,0,0,0,0,3,1,6,2,10,-1,-1,-1,-1,-1
201360P134844,1,9,0,1,9,0,0,0,0,0,2,1,6,1,7,-1,-1,-1,-1,-1
201360P134927,1,9,0,18,0,3,0,0,0,0,1,1,6,2,6,-1,-1,-1,-1,-1
201360P134927,2,9,0,18,0,3,0,0,0,0,4,1,6,2,6,-1,-1,-1,-1,-1
201360P135128,1,3,0,13,0,0,1,0,0,0,3,1,6,1,5,-1,-1,-1,-1,-1
201360P135128,2,9,0,18,0,0,0,0,0,0,3,1,6,2,8,-1,-1,-1,-1,-1
201360P135128,3,11,0,18,0,0,0,0,0,0,3,1,6,1,9,-1,-1,-1,-1,-1
201360P135128,4,3,0,18,0,0,0,0,0,0,0,1,6,1,5,-1,-1,-1,-1,-1
201360P136177,1,9,0,13,0,2,0,0,0,0,2,1,6,1,10,-1,-1,-1,-1,-1
201360P136177,2,5,0,18,0,1,1,0,0,0,1,1,6,1,8,-1,-1,-1,-1,-1
201360P136177,3,19,0,18,0,2,0,0,0,0,0,1,6,1,9,-1,-1,-1,-1,-1
201360P136282,1,9,0,4,0,1,0,0,0,0,1,1,6,3,-1,-1,-1,-1,-1,-1
201360P136282,2,1,0,7,0,1,0,0,0,0,1,1,6,1,2,-1,-1,-1,-1,-1
201360P136575,1,90,0,18,0,0,5,0,0,4,1,1,6,1,8,-1,-1,-1,-1,-1
201360P137323,1,9,0,18,0,0,0,0,0,0,1,1,2,1,5,-1,-1,-1,-1,-1
201360P137323,2,21,0,2,0,0,0,0,0,0,2,2,6,1,7,-1,-1,-1,-1,-1
201360P137451,1,5,0,18,0,0,1,0,0,0,1,1,6,1,8,-1,-1,-1,-1,-1
201360P137451,2,19,0,2,0,0,0,0,0,0,0,1,2,1,7,-1,-1,-1,-1,-1
201360P137545,1,9,0,18,0,4,0,0,0,0,1,1,6,1,10,-1,-1,-1,-1,-1
201360P137545,2,9,0,18,0,3,0,0,0,0,4,1,6,2,4,-1,-1,-1,-1,-1
201360P138095,1,9,0,1,0,0,0,0,0,0,2,1,6,1,8,-1,-1,-1,-1,-1
201360P138196,1,8,0,18,0,5,0,0,0,7,1,1,1,1,7,-1,-1,-1,-1,-1
201360P138196,2,9,0,4,0,5,0,0,0,0,2,1,6,2,11,-1,-1,-1,-1,-1
201360P138294,1,9,0,1,0,8,0,0,0,0,2,1,6,2,10,-1,-1,-1,-1,-1
201360P138558,1,1,0,18,0,1,0,0,0,0,4,1,6,1,6,-1,-1,-1,-1,-1
201360P138558,2,21,0,18,0,1,0,0,0,0,4,1,1,1,8,-1,-1,-1,-1,-1
201360P138558,3,9,0,18,0,1,0,0,0,0,0,1,6,1,6,-1,-1,-1,-1,-1
201360P138690,1,9,0,4,0,2,0,0,0,0,1,1,6,2,7,-1,-1,-1,-1,-1
201360P138690,2,9,0,4,0,2,0,0,0,0,2,1,6,2,7,-1,-1,-1,-1,-1
201360P138800,1,9,0,13,0,0,0,0,0,0,4,1,6,3,-1,-1,-1,-1,-1,-1
201360P138800,2,1,0,18,0,0,0,0,0,0,3,1,6,2,4,-1,-1,-1,-1,-1
201360P138987,1,9,0,18,0,0,0,0,0,0,1,1,6,2,4,-1,-1,-1,-1,-1
201360P138987,2,9,0,18,0,0,0,0,0,0,1,1,6,1,9,-1,-1,-1,-1,-1
201360P139306,1,8,0,4,0,1,0,0,0,0,4,1,6,2,8,-1,-1,-1,-1,-1
201360P139358,1,20,0,17,0,0,5,0,2,3,4,1,1,1,4,-1,-1,-1,-1,-1
201360P139428,1,9,0,5,0,1,0,0,0,0,1,1,6,2,5,-1,-1,-1,-1,-1
201360P139428,2,9,0,3,0,1,0,0,0,0,2,1,1,2,9,-1,-1,-1,-1,-1
201360P139518,1,9,0,5,0,4,0,0,0,0,1,1,2,1,7,-1,-1,-1,-1,-1
201360P139518,2,9,0,5,0,4,0,0,0,0,2,1,6,1,9,-1,-1,-1,-1,-1
201360P139570,1,1,0,14,0,1,0,0,0,0,3,1,6,1,3,-1,-1,-1,-1,-1
201360P139570,2,8,0,18,0,1,0,0,0,0,3,1,6,2,7,-1,-1,-1,-1,-1
201360P140197,1,9,0,9,0,6,0,0,0,0,1,1,1,1,9,-1,-1,-1,-1,-1
201360P140197,2,1,0,17,0,1,0,0,0,0,1,1,6,1,7,-1,-1,-1,-1,-1
201360P140197,3,1,0,17,0,1,0,0,0,0,1,1,6,2,7,-1,-1,-1,-1,-1
201360P140239,1,9,0,7,0,1,1,0,0,0,1,1,1,1,5,-1,-1,-1,-1,-1
201360P140377,1,9,0,18,0,0,0,0,0,0,4,1,6,2,8,-1,-1,-1,-1,-1
201360P140599,1,9,0,18,0,0,1,10,1,9,1,1,6,1,4,-1,-1,-1,-1,-1
201360P140795,1,9,0,7,0,1,0,0,0,0,4,1,6,3,-1,-1,-1,-1,-1,-1
201360P140795,2,1,0,18,0,1,0,0,0,0,1,1,2,1,7,-1,-1,-1,-1,-1
201360P140835,1,5,0,13,0,0,1,0,0,0,1,1,6,1,8,-1,-1,-1,-1,-1
201360P140835,2,9,0,9,0,0,0,0,0,0,2,1,1,1,7,-1,-1,-1,-1,-1
201360P140835,3,9,0,18,0,0,0,0,0,0,0,1,6,1,7,-1,-1,-1,-1,-1
201360P140953,1,9,0,18,0,0,0,0,0,0,1,1,6,1,8,-1,-1,-1,-1,-1
201360P140953,2,9,0,4,0,0,0,0,0,0,2,1,6,2,4,-1,-1,-1,-1,-1
201360P141016,1,5,0,18,0,1,1,0,1,0,1,1,6,1,9,-1,-1,-1,-1,-1
201360P141016,2,9,0,3,0,1,0,0,0,0,2,1,6,1,8,-1,-1,-1,-1,-1
201360P141513,1,9,0,5,0,1,0,0,0,0,3,1,6,1,7,-1,-1,-1,-1,-1
201360P141513,2,9,0,7,0,1,0,0,0,0,4,1,2,2,5,-1,-1,-1,-1,-1
201360P141621,1,9,0,18,0,0,0,0,0,0,3,1,6,2,10,-1,-1,-1,-1,-1
201360P141623,1,9,0,18,9,8,0,0,0,0,1,1,6,1,9,-1,-1,-1,-1,-1
201360P141623,2,1,0,18,0,1,0,0,0,0,1,1,6,2,3,-1,-1,-1,-1,-1
201360P141629,1,5,0,16,0,0,1,0,0,0,1,1,6,1,6,-1,-1,-1,-1,-1
201360P141629,2,9,0,17,0,0,0,0,0,0,1,1,6,1,10,-1,-1,-1,-1,-1
201360P141656,1,1,0,18,0,3,0,0,0,0,4,1,6,1,6,-1,-1,-1,-1,-1
201360P141656,2,9,0,5,0,4,0,0,0,0,3,1,6,2,7,-1,-1,-1,-1,-1
201360P141765,1,9,0,9,0,5,0,0,0,0,4,1,6,1,5,-1,-1,-1,-1,-1
201360P141765,2,5,0,18,0,1,0,0,0,0,1,1,6,1,8,-1,-1,-1,-1,-1
201360P141765,3,5,0,18,0,1,0,0,0,0,0,1,6,2,7,-1,-1,-1,-1,-1
201360P141803,1,9,0,5,0,2,0,0,0,0,0,1,6,1,6,-1,-1,-1,-1,-1
201360P141803,2,1,0,18,0,1,1,0,0,0,0,1,6,1,6,-1,-1,-1,-1,-1
201360P141818,1,9,0,18,0,1,0,0,0,0,1,1,6,3,-1,-1,-1,-1,-1,-1
201360P141818,2,9,0,7,0,1,0,0,0,0,2,1,6,1,7,-1,-1,-1,-1,-1
201360P141877,1,9,0,18,0,0,0,0,0,0,1,1,2,1,9,-1,-1,-1,-1,-1
201360P142376,1,9,0,6,0,8,0,0,0,0,3,1,2,2,5,-1,-1,-1,-1,-1
201360P142376,2,2,0,18,0,8,0,0,0,0,4,1,2,1,8,-1,-1,-1,-1,-1
201360P142846,1,9,0,16,0,2,0,0,0,0,3,1,1,2,6,-1,-1,-1,-1,-1
201360P142846,2,1,0,18,0,8,0,0,0,0,1,1,1,1,8,-1,-1,-1,-1,-1
201360P142855,1,9,0,18,0,7,0,0,0,0,1,1,6,2,10,-1,-1,-1,-1,-1
201360P142855,2,9,0,18,0,7,0,0,0,0,2,1,6,2,6,-1,-1,-1,-1,-1
201360P143126,1,20,0,18,0,0,0,5,0,0,4,1,1,1,8,-1,-1,-1,-1,-1
201360P143187,1,9,0,18,0,1,0,0,0,0,1,1,6,3,-1,-1,-1,-1,-1,-1
201360P143187,2,9,0,2,0,1,0,0,0,0,0,1,6,1,8,-1,-1,-1,-1,-1
201360P143534,1,19,0,4,0,1,0,0,0,0,1,1,1,1,8,-1,-1,-1,-1,-1
201360P143534,2,19,0,3,0,1,0,0,0,0,2,1,1,1,7,-1,-1,-1,-1,-1
201360P143534,3,9,0,9,0,1,0,0,0,0,0,1,6,3,-1,-1,-1,-1,-1,-1
201360P143638,1,9,0,18,0,0,0,0,0,0,1,1,6,2,8,-1,-1,-1,-1,-1
201360P143801,1,9,0,3,0,1,0,0,0,0,0,1,6,3,-1,-1,-1,-1,-1,-1
201360P143801,2,9,0,18,0,6,0,0,0,0,1,1,6,1,9,-1,-1,-1,-1,-1
201360P143801,3,9,0,18,0,1,0,0,0,0,1,1,6,1,4,-1,-1,-1,-1,-1
201360P143900,1,4,0,4,0,0,0,10,0,0,1,1,6,1,7,-1,-1,-1,-1,-1
201360P143924,1,9,0,4,0,0,0,0,0,0,1,1,6,1,6,-1,-1,-1,-1,-1
201360P143924,2,1,0,18,0,0,1,0,0,0,1,1,6,1,8,-1,-1,-1,-1,-1
201360P144446,1,9,0,18,0,2,1,0,0,0,1,1,6,1,7,-1,-1,-1,-1,-1
201360P144446,2,21,0,2,0,1,0,0,0,0,0,1,2,1,5,-1,-1,-1,-1,-1
201360P144481,1,9,0,15,0,0,0,0,0,0,4,1,6,1,4,-1,-1,-1,-1,-1
201360P144481,2,9,0,4,0,0,0,0,0,0,3,1,6,2,7,-1,-1,-1,-1,-1
201360P144481,3,9,0,3,0,0,0,0,0,0,3,1,6,2,5,-1,-1,-1,-1,-1
201360P144548,1,90,0,7,0,6,0,0,0,0,1,1,6,2,7,-1,-1,-1,-1,-1
201360P144548,2,9,0,18,0,8,0,0,0,0,2,1,6,2,8,-1,-1,-1,-1,-1
201360P145055,1,9,0,4,0,0,0,0,0,0,2,1,6,1,10,-1,-1,-1,-1,-1
201360P145055,2,9,0,18,0,0,1,0,0,0,1,1,6,1,9,-1,-1,-1,-1,-1
201360P145055,3,3,0,18,0,0,1,0,0,0,1,1,6,1,5,-1,-1,-1,-1,-1
201360P145153,1,9,0,16,0,0,2,0,0,10,1,1,6,1,6,-1,-1,-1,-1,-1
201360P145618,1,5,0,16,0,0,0,0,0,0,1,1,6,1,8,-1,-1,-1,-1,-1
201360P145618,2,9,0,17,0,0,0,0,0,0,1,1,6,1,10,-1,-1,-1,-1,-1
201360P146305,1,9,0,18,0,0,0,0,0,0,0,1,6,3,-1,-1,-1,-1,-1,-1
201360P146379,1,9,0,3,0,1,0,0,0,0,2,1,6,2,8,-1,-1,-1,-1,-1
201360P146379,2,9,0,18,0,1,0,0,0,0,1,1,6,1,5,-1,-1,-1,-1,-1
201360P146379,3,9,0,9,0,1,0,0,0,0,0,1,6,3,-1,-1,-1,-1,-1,-1
201360P146459,1,19,0,18,0,1,0,0,0,0,1,1,2,1,9,-1,-1,-1,-1,-1
201360P146522,1,9,0,11,0,0,2,0,5,6,1,1,6,2,7,-1,-1,-1,-1,-1
201360P146693,1,1,0,18,0,0,0,0,0,0,1,1,6,1,3,-1,-1,-1,-1,-1
201360P146693,2,9,0,18,0,0,0,0,0,0,4,1,1,1,8,-1,-1,-1,-1,-1
201360P146762,1,9,0,5,0,1,0,0,0,0,2,1,1,2,6,-1,-1,-1,-1,-1
201360P146762,2,9,0,5,0,1,0,0,0,0,1,1,6,2,5,-1,-1,-1,-1,-1
201360P146831,1,9,0,18,0,0,0,0,7,0,1,1,6,2,11,-1,-1,-1,-1,-1
201360P146831,2,9,0,18,0,0,0,0,0,0,3,1,1,1,5,-1,-1,-1,-1,-1
201360P146896,1,9,0,17,0,0,2,0,7,10,3,1,6,1,6,-1,-1,-1,-1,-1
201360P146950,1,9,0,5,0,2,0,0,0,0,3,1,6,1,7,-1,-1,-1,-1,-1
201360P146950,2,1,0,17,0,1,0,4,0,0,1,1,1,1,8,-1,-1,-1,-1,-1
201360P146974,1,90,0,1,0,1,0,0,0,0,2,1,6,1,6,-1,-1,-1,-1,-1
201360P147317,1,9,0,9,0,8,0,0,0,0,3,1,1,1,8,-1,-1,-1,-1,-1
201360P147317,2,5,0,13,0,1,0,0,0,0,4,1,6,1,7,-1,-1,-1,-1,-1
201360P147384,1,9,0,18,0,1,0,0,0,0,3,1,6,1,10,-1,-1,-1,-1,-1
201360P147384,2,2,0,18,0,8,0,0,0,0,1,1,6,1,4,-1,-1,-1,-1,-1
201360P147442,1,9,0,18,0,0,0,0,7,2,1,1,6,1,10,-1,-1,-1,-1,-1
201360P147536,1,9,0,9,0,6,0,0,0,0,3,1,6,1,10,-1,-1,-1,-1,-1
201360P147536,2,5,0,18,0,8,0,0,0,0,1,1,6,1,7,-1,-1,-1,-1,-1
201360P147617,1,9,0,18,0,4,0,0,0,0,1,1,6,3,-1,-1,-1,-1,-1,-1
201360P147617,2,9,0,3,0,4,0,0,0,0,2,1,6,2,6,-1,-1,-1,-1,-1
201360P147623,1,9,0,18,0,0,0,0,0,0,1,1,6,1,8,-1,-1,-1,-1,-1
201360P147623,2,9,0,3,0,0,0,0,0,0,2,1,1,1,6,-1,-1,-1,-1,-1
201360P147908,1,9,0,18,0,8,0,0,0,0,3,1,2,1,6,-1,-1,-1,-1,-1
201360P148062,1,9,0,18,0,0,1,0,0,7,1,1,2,2,6,-1,-1,-1,-1,-1
201360P148101,1,9,0,18,0,0,2,0,0,4,1,1,6,1,6,-1,-1,-1,-1,-1
201360P148199,1,9,0,13,0,4,0,0,0,0,3,1,6,3,-1,-1,-1,-1,-1,-1
201360P148199,2,3,0,18,0,4,0,0,0,0,4,1,6,1,7,-1,-1,-1,-1,-1
201360P148366,1,9,0,18,0,0,0,0,0,0,1,1,6,2,7,-1,-1,-1,-1,-1
201360P148530,1,11,0,18,0,2,0,0,0,0,4,1,1,1,9,-1,-1,-1,-1,-1
201360P148575,1,9,0,18,0,0,5,4,0,0,1,1,6,1,11,-1,-1,-1,-1,-1
201360P148575,2,9,0,2,0,0,0,0,0,0,1,1,6,2,8,-1,-1,-1,-1,-1
201360P148770,1,9,0,18,0,0,1,0,0,0,3,1,6,2,6,-1,-1,-1,-1,-1
201360P148770,2,9,0,18,0,0,0,0,0,0,1,1,6,1,6,-1,-1,-1,-1,-1
201360P148784,1,9,0,18,0,0,0,0,0,0,1,1,6,3,-1,-1,-1,-1,-1,-1
201360P148784,2,9,0,4,0,0,0,0,0,0,2,1,6,1,7,-1,-1,-1,-1,-1
201360P148809,1,9,0,5,0,6,0,0,0,0,3,1,3,2,8,-1,-1,-1,-1,-1
201360P148809,2,9,0,18,0,1,0,0,0,0,1,1,6,2,7,-1,-1,-1,-1,-1
201360P148845,1,9,0,17,0,0,2,0,0,1,1,1,6,2,6,-1,-1,-1,-1,-1
201360P148845,2,9,0,16,0,0,0,0,0,0,2,1,2,1,7,-1,-1,-1,-1,-1
201360P149003,1,9,0,17,0,0,1,0,7,10,1,1,6,2,9,-1,-1,-1,-1,-1
201360P149079,1,9,0,5,0,1,0,0,0,0,0,1,6,1,4,-1,-1,-1,-1,-1
201360P149186,1,11,0,17,0,0,0,0,0,0,0,1,1,1,8,-1,-1,-1,-1,-1
201360P149186,2,9,0,16,0,0,0,0,1,10,4,1,6,2,8,-1,-1,-1,-1,-1
201360P149222,1,9,0,18,0,0,0,0,1,7,2,1,6,2,7,-1,-1,-1,-1,-1
201360P149258,1,9,3,9,0,2,0,0,0,0,0,1,6,1,9,-1,-1,-1,-1,-1
201360P149358,1,1,0,16,0,0,1,0,0,0,1,1,6,1,4,-1,-1,-1,-1,-1
201360P149358,2,1,0,16,0,0,1,0,1,10,0,1,6,1,4,-1,-1,-1,-1,-1
201360P149358,3,9,0,16,0,0,0,0,0,0,4,1,6,2,6,-1,-1,-1,-1,-1
201360P149363,1,9,0,17,0,0,0,0,0,10,4,1,6,2,7,-1,-1,-1,-1,-1
201360P149370,1,9,0,16,0,0,0,0,0,0,1,1,6,1,7,-1,-1,-1,-1,-1
201360P149370,2,9,0,18,0,0,0,0,0,0,1,1,6,1,6,-1,-1,-1,-1,-1
201360P149475,1,3,0,9,9,6,1,0,1,0,0,1,6,1,5,-1,-1,-1,-1,-1
201360P149534,1,8,0,18,0,4,1,0,0,0,1,1,1,1,9,-1,-1,-1,-1,-1
201360P149534,2,9,0,9,0,3,0,0,0,0,4,1,2,2,7,-1,-1,-1,-1,-1
201360P149828,1,9,0,18,0,1,0,0,0,0,3,1,6,1,4,-1,-1,-1,-1,-1
201360P150151,1,9,0,18,0,0,0,0,0,0,4,1,1,1,7,-1,-1,-1,-1,-1
201360P150175,1,9,0,5,0,6,0,0,0,0,3,1,2,2,7,-1,-1,-1,-1,-1
201360P150175,2,9,0,18,0,1,0,0,0,0,4,1,6,2,11,-1,-1,-1,-1,-1
201360P150474,1,9,0,18,0,0,0,0,0,0,1,1,1,3,-1,-1,-1,-1,-1,-1
201360P150474,2,5,0,4,0,0,0,0,0,0,2,1,6,1,6,-1,-1,-1,-1,-1
201360P150710,1,9,0,9,0,6,0,0,0,0,1,1,1,2,8,-1,-1,-1,-1,-1
201360P150710,2,3,0,18,0,1,0,0,0,0,4,1,6,1,4,-1,-1,-1,-1,-1
201360P151108,1,9,0,11,7,0,0,0,0,0,4,1,6,1,9,-1,-1,-1,-1,-1
201360P151241,1,9,0,18,0,0,0,0,0,0,1,1,4,2,4,-1,-1,-1,-1,-1
201360P151241,2,9,0,4,0,0,0,0,0,0,2,1,1,2,7,-1,-1,-1,-1,-1
201360P151291,1,19,0,13,0,1,0,0,0,0,1,1,1,1,6,-1,-1,-1,-1,-1
201360P151291,2,19,0,9,0,5,0,0,0,0,3,1,1,1,6,-1,-1,-1,-1,-1
201360P151513,1,9,0,18,0,8,1,0,0,0,1,1,6,1,6,-1,-1,-1,-1,-1
201360P151513,2,9,0,18,0,4,0,0,0,0,4,1,6,1,6,-1,-1,-1,-1,-1
201360P151515,1,9,0,18,0,0,1,0,0,0,1,1,2,2,5,-1,-1,-1,-1,-1
201360P151515,2,9,0,18,0,0,0,0,0,0,1,1,6,2,6,-1,-1,-1,-1,-1
201360P151524,1,9,0,16,0,0,2,0,7,9,4,1,2,2,4,-1,-1,-1,-1,-1
201360P151524,2,9,0,18,0,0,0,0,1,9,3,2,6,1,6,-1,-1,-1,-1,-1
201360P151607,1,9,0,18,0,0,1,10,1,10,1,1,6,2,6,-1,-1,-1,-1,-1
201360P151773,1,9,0,17,0,0,0,0,0,0,1,1,2,1,6,-1,-1,-1,-1,-1
201360P151774,1,3,0,16,0,0,0,0,0,0,4,1,1,1,4,-1,-1,-1,-1,-1
201360P151907,1,9,0,14,0,1,0,0,0,0,2,1,6,1,6,-1,-1,-1,-1,-1
201360P151907,2,1,0,9,0,1,0,0,0,0,1,1,6,2,6,-1,-1,-1,-1,-1
201360P151953,1,9,0,1,0,0,0,0,0,0,2,1,1,1,9,-1,-1,-1,-1,-1
201360P152019,1,9,0,18,0,0,0,0,0,0,1,1,6,2,6,-1,-1,-1,-1,-1
201360P152059,1,9,0,9,0,8,0,0,0,0,4,1,1,1,7,-1,-1,-1,-1,-1
201360P152059,2,9,0,18,0,8,0,0,0,0,1,1,2,2,7,-1,-1,-1,-1,-1
201360P152079,1,9,0,18,0,0,1,0,0,0,4,1,6,1,7,-1,-1,-1,-1,-1
201360P152079,2,9,0,18,0,0,0,0,0,0,1,1,6,1,10,-1,-1,-1,-1,-1
201360P152108,1,9,0,18,0,1,0,0,0,0,1,1,1,1,6,-1,-1,-1,-1,-1
201360P152195,1,9,0,9,0,5,0,0,0,0,1,1,6,1,6,-1,-1,-1,-1,-1
201360P152195,2,9,0,18,0,8,0,0,1,0,3,1,6,2,6,-1,-1,-1,-1,-1
201360P152202,1,9,0,13,0,0,0,0,0,0,0,1,6,3,-1,-1,-1,-1,-1,-1
201360P152202,2,9,0,17,0,0,0,0,0,10,1,1,6,1,4,-1,-1,-1,-1,-1
201360P152509,1,9,0,5,0,8,0,0,0,0,1,1,6,2,4,-1,-1,-1,-1,-1
201360P152509,2,9,0,5,0,8,0,0,0,0,2,1,6,2,7,-1,-1,-1,-1,-1
201360P152516,1,9,0,18,0,2,0,0,0,0,1,1,6,3,-1,-1,-1,-1,-1,-1
201360P152516,2,1,0,9,0,2,0,0,0,0,2,1,6,1,6,-1,-1,-1,-1,-1
201360P152559,1,9,0,18,0,0,0,0,0,0,0,1,6,3,-1,-1,-1,-1,-1,-1
201360P152559,2,9,0,3,0,0,0,0,0,0,0,1,6,2,8,-1,-1,-1,-1,-1
201360P152650,1,19,0,18,0,1,0,0,0,0,1,1,6,1,9,-1,-1,-1,-1,-1
201360P152650,2,9,0,10,0,1,0,0,0,0,2,1,6,1,5,-1,-1,-1,-1,-1
201360P152713,1,9,0,18,0,0,2,0,7,1,4,1,6,1,5,-1,-1,-1,-1,-1
201360P152713,2,9,0,18,0,0,0,0,0,0,4,1,6,2,6,-1,-1,-1,-1,-1
201360P152713,3,9,0,18,0,0,0,0,0,0,0,1,6,1,5,-1,-1,-1,-1,-1
201360P152857,1,9,0,18,0,4,0,0,0,0,4,1,6,1,7,-1,-1,-1,-1,-1
201360P152859,1,9,0,16,0,0,5,0,1,4,1,1,6,2,5,-1,-1,-1,-1,-1
201360P153296,1,5,0,16,0,1,0,0,7,1,1,1,6,1,5,-1,-1,-1,-1,-1
201360P153316,1,19,0,18,0,1,0,0,0,0,4,1,6,3,-1,-1,-1,-1,-1,-1
201360P153514,1,4,0,17,0,0,1,10,0,0,4,1,6,1,4,-1,-1,-1,-1,-1
201360P153757,1,9,0,16,0,0,0,0,7,4,1,1,6,2,7,-1,-1,-1,-1,-1
201360P154147,1,17,0,2,0,2,0,0,0,0,2,1,6,1,4,-1,-1,-1,-1,-1
201360P154449,1,9,0,18,0,4,0,0,0,0,1,1,6,1,9,-1,-1,-1,-1,-1
201360P154449,2,1,0,18,0,3,0,0,0,0,2,1,6,1,8,-1,-1,-1,-1,-1
201360P154733,1,9,0,9,0,6,0,0,0,0,3,1,6,2,6,-1,-1,-1,-1,-1
201360P154733,2,9,0,18,0,8,0,0,0,0,1,1,6,1,4,-1,-1,-1,-1,-1
201360P154873,1,9,0,17,0,0,1,0,7,10,1,1,6,1,4,-1,-1,-1,-1,-1
201360P154873,2,9,0,18,0,0,0,0,0,0,1,1,6,2,7,-1,-1,-1,-1,-1
201360P154955,1,9,0,1,0,0,0,0,0,0,2,1,2,2,7,-1,-1,-1,-1,-1
201360P155172,1,9,0,17,0,1,0,0,0,0,1,1,2,1,5,-1,-1,-1,-1,-1
201360P155172,2,9,0,17,0,1,0,0,0,0,2,1,1,2,10,-1,-1,-1,-1,-1
201360P155364,1,9,0,18,0,4,0,0,0,0,1,1,6,3,-1,-1,-1,-1,-1,-1
201360P155364,2,9,0,18,0,4,0,0,0,0,2,1,6,1,8,-1,-1,-1,-1,-1
201360P155486,1,9,0,18,0,0,0,0,0,0,4,1,6,1,9,-1,-1,-1,-1,-1
201360P155697,1,19,0,9,0,5,0,0,0,0,1,1,1,1,7,-1,-1,-1,-1,-1
201360P155697,2,1,0,18,9,1,0,0,0,0,4,1,6,1,6,-1,-1,-1,-1,-1
201360P156238,1,9,0,18,0,4,0,0,0,0,1,1,6,1,7,-1,-1,-1,-1,-1
201360P156238,2,1,0,18,0,3,0,0,0,0,4,1,2,1,6,-1,-1,-1,-1,-1
201360P156271,1,9,0,18,0,0,0,0,0,0,1,1,6,2,7,-1,-1,-1,-1,-1
201360P156271,2,9,0,4,0,0,0,0,0,10,2,1,1,2,8,-1,-1,-1,-1,-1
201360P156271,3,9,0,4,0,0,0,0,0,0,3,1,1,1,6,-1,-1,-1,-1,-1
201360P156466,1,9,0,18,0,1,0,0,0,0,1,1,6,1,5,-1,-1,-1,-1,-1
201360P156471,1,9,0,18,0,0,0,0,0,0,1,1,1,2,7,-1,-1,-1,-1,-1
201360P156616,1,9,0,7,0,6,0,0,0,0,1,1,2,1,6,-1,-1,-1,-1,-1
201360P156616,2,1,0,18,5,1,0,0,0,0,2,1,2,1,8,-1,-1,-1,-1,-1
201360P156684,1,5,0,18,0,0,1,0,0,0,1,1,2,1,6,-1,-1,-1,-1,-1
201360P156684,2,9,0,18,0,0,0,0,0,0,2,1,2,1,9,-1,-1,-1,-1,-1
201360P156801,1,9,0,18,0,0,0,0,0,0,3,1,6,2,10,-1,-1,-1,-1,-1
201360P156801,2,1,0,18,0,0,0,0,0,0,1,1,6,1,5,-1,-1,-1,-1,-1
201360P156963,1,1,0,16,0,0,0,0,0,0,1,1,6,1,9,-1,-1,-1,-1,-1
201360P156963,2,9,0,17,0,0,0,0,0,0,3,1,6,1,8,-1,-1,-1,-1,-1
201360P157062,1,9,0,18,0,2,0,0,0,0,2,1,6,2,6,-1,-1,-1,-1,-1
201360P157062,2,9,0,18,0,1,0,0,0,0,4,1,6,2,7,-1,-1,-1,-1,-1