Accident_Index,Vehicle_Reference,Vehicle_Type,Towing_and_Articulation,Vehicle_Manoeuvre,Vehicle_Location-Restricted_Lane,Junction_Location,Skidding_and_Overturning,Hit_Object_in_Carriageway,Vehicle_Leaving_Carriageway,Hit_Object_off_Carriageway,1st_Point_of_Impact,Was_Vehicle_Left_Hand_Drive?,Journey_Purpose_of_Driver,Sex_of_Driver,Age_Band_of_Driver,Engine_Capacity_(CC),Propulsion_Code,Age_of_Vehicle,Driver_IMD_Decile,Driver_Home_Area_Type
201360P181539,2,1,0,18,0,4,0,0,0,0,1,1,6,1,7,-1,-1,-1,-1,-1
201360P181924,1,9,0,6,0,1,0,0,0,0,1,1,6,2,8,-1,-1,-1,-1,-1
201360P181924,2,9,0,18,0,8,0,0,0,0,4,1,6,1,5,-1,-1,-1,-1,-1
201360P181959,1,9,0,4,0,1,1,0,1,9,1,1,6,2,7,-1,-1,-1,-1,-1
201360P181986,1,9,0,18,0,0,0,0,1,0,1,1,6,1,9,-1,-1,-1,-1,-1
201360P181986,2,19,0,18,0,0,0,0,0,0,0,1,6,1,6,-1,-1,-1,-1,-1
201360P181986,3,9,0,18,0,0,2,0,1,0,1,1,6,1,7,-1,-1,-1,-1,-1
201360P181986,4,9,0,18,0,0,2,0,1,0,1,1,6,1,8,-1,-1,-1,-1,-1
201360P182037,1,19,0,4,0,0,0,0,0,0,1,1,1,1,6,-1,-1,-1,-1,-1
201360P182037,2,19,0,3,0,0,0,0,0,0,2,1,1,1,6,-1,-1,-1,-1,-1
201360P182037,3,9,0,3,0,0,0,0,0,0,2,1,6,2,10,-1,-1,-1,-1,-1
201360P182197,1,9,0,7,0,1,0,0,0,0,2,1,6,1,5,-1,-1,-1,-1,-1
201360P182197,2,9,0,18,0,1,0,0,0,0,1,1,1,2,9,-1,-1,-1,-1,-1
201360P182232,1,19,0,18,0,6,0,0,3,4,1,1,2,1,7,-1,-1,-1,-1,-1
201360P182272,1,9,0,5,0,1,0,0,0,0,1,1,6,1,4,-1,-1,-1,-1,-1
201360P182272,2,9,0,18,0,1,0,7,4,6,2,1,6,1,8,-1,-1,-1,-1,-1
201360P182474,1,9,0,9,0,5,0,0,0,0,1,1,6,1,7,-1,-1,-1,-1,-1
201360P182474,2,9,0,18,0,8,0,0,0,0,1,1,6,2,8,-1,-1,-1,-1,-1
201360P182494,1,9,0,5,0,4,0,0,0,0,1,1,1,1,7,-1,-1,-1,-1,-1
201360P182494,2,9,0,18,0,3,0,0,0,0,2,1,1,2,7,-1,-1,-1,-1,-1
201360P182607,1,9,0,11,0,0,0,0,0,0,4,1,6,3,-1,-1,-1,-1,-1,-1
201360P182607,2,19,0,18,0,0,0,0,0,0,3,1,1,1,6,-1,-1,-1,-1,-1
201360P182666,1,9,0,5,0,1,0,0,0,0,1,1,6,1,8,-1,-1,-1,-1,-1
201360P183237,1,9,0,5,0,2,0,0,0,0,1,1,6,1,10,-1,-1,-1,-1,-1
201360P183262,1,9,0,13,0,0,0,0,0,0,1,1,2,2,8,-1,-1,-1,-1,-1
201360P183262,2,1,0,18,0,0,0,0,0,0,1,1,6,1,8,-1,-1,-1,-1,-1
201360P183272,1,9,0,18,0,0,2,0,0,10,1,1,2,1,4,-1,-1,-1,-1,-1
201360P183272,2,19,0,18,0,0,1,0,0,0,1,1,1,1,7,-1,-1,-1,-1,-1
201360P183273,1,9,0,18,0,0,0,0,0,0,1,1,1,1,7,-1,-1,-1,-1,-1
201360P183273,2,9,0,3,0,0,0,0,0,0,2,1,6,2,6,-1,-1,-1,-1,-1
201360P183317,1,9,0,18,0,1,0,0,0,0,4,1,6,1,6,-1,-1,-1,-1,-1
201360P183329,1,9,0,18,0,0,0,0,0,0,1,1,6,1,9,-1,-1,-1,-1,-1
201360P183351,1,9,0,18,0,0,0,0,0,6,1,1,6,2,7,-1,-1,-1,-1,-1
201360P183351,2,9,0,18,0,0,0,0,0,0,2,1,6,1,8,-1,-1,-1,-1,-1
201360P183351,3,9,0,18,0,0,0,0,0,0,0,1,1,1,8,-1,-1,-1,-1,-1
201360P183725,1,9,0,18,0,0,0,0,0,0,0,1,6,1,8,-1,-1,-1,-1,-1
201360P183773,1,9,0,18,0,8,0,0,0,0,0,1,6,3,-1,-1,-1,-1,-1,-1
201360P183773,2,9,0,5,0,4,0,0,0,0,0,1,6,2,8,-1,-1,-1,-1,-1
201360P183982,1,9,0,14,0,0,1,10,1,10,1,1,2,1,6,-1,-1,-1,-1,-1
201360P183982,2,9,0,4,0,0,0,0,0,0,3,1,2,2,7,-1,-1,-1,-1,-1
201360P184102,1,9,0,18,0,0,0,4,0,0,1,1,6,2,7,-1,-1,-1,-1,-1
201360P184102,2,9,0,2,0,0,0,0,0,0,3,1,6,1,8,-1,-1,-1,-1,-1
201360P184102,3,9,0,2,0,0,0,0,0,0,3,1,6,2,6,-1,-1,-1,-1,-1
201360P184126,1,9,0,9,0,1,0,0,0,0,1,1,6,1,5,-1,-1,-1,-1,-1
201360P184126,2,9,0,18,0,1,0,0,7,10,1,1,6,1,11,-1,-1,-1,-1,-1
201360P184217,1,9,0,18,0,0,0,0,0,0,1,1,6,1,4,-1,-1,-1,-1,-1
201360P184217,2,9,0,3,0,0,0,0,0,0,2,1,6,1,4,-1,-1,-1,-1,-1
201360P184217,3,9,0,4,0,0,0,0,0,0,2,1,6,1,11,-1,-1,-1,-1,-1
201360P184217,4,9,0,3,0,0,0,0,0,0,2,1,2,2,6,-1,-1,-1,-1,-1
201360P184709,1,9,0,17,0,0,1,0,0,0,1,1,6,1,5,-1,-1,-1,-1,-1
201360P184709,2,9,0,18,0,0,0,0,7,10,1,1,6,1,7,-1,-1,-1,-1,-1
201360P184709,3,9,0,18,0,0,0,0,0,0,1,1,1,1,8,-1,-1,-1,-1,-1
201360P184950,1,9,0,18,0,8,0,0,0,0,0,1,6,3,-1,-1,-1,-1,-1,-1
201360P184950,2,9,0,18,0,8,0,0,0,0,0,1,1,2,7,-1,-1,-1,-1,-1
201360P185181,1,9,0,16,0,5,1,0,7,10,3,1,6,2,4,-1,-1,-1,-1,-1
201360P185238,1,9,0,9,0,1,0,0,0,0,4,1,6,1,10,-1,-1,-1,-1,-1
201360P185238,2,1,0,18,0,1,0,0,0,0,1,1,6,1,5,-1,-1,-1,-1,-1
201360P185315,1,5,0,16,0,0,0,0,0,0,1,1,6,1,10,-1,-1,-1,-1,-1
201360P185315,2,11,0,17,0,0,0,0,0,0,1,1,1,1,8,-1,-1,-1,-1,-1
201360P185866,1,9,0,5,0,1,0,0,0,0,1,1,6,1,7,-1,-1,-1,-1,-1
201360P185866,2,9,0,4,0,1,0,0,0,0,4,1,1,2,4,-1,-1,-1,-1,-1
201360P185905,1,9,0,9,0,8,0,0,0,0,4,1,6,1,7,-1,-1,-1,-1,-1
201360P185905,2,9,0,18,0,1,1,0,0,0,1,1,6,1,8,-1,-1,-1,-1,-1
201360P185966,1,3,0,4,0,1,1,0,1,0,1,1,6,1,4,-1,-1,-1,-1,-1
201360P185966,2,9,0,10,0,1,0,0,0,0,4,1,6,1,8,-1,-1,-1,-1,-1
201360P186209,1,9,0,16,0,0,0,0,0,0,1,1,1,2,8,-1,-1,-1,-1,-1
201360P186209,2,90,0,4,0,0,0,0,0,0,1,1,1,1,6,-1,-1,-1,-1,-1
201360P186222,1,9,0,4,0,1,0,0,0,0,1,1,1,1,10,-1,-1,-1,-1,-1
201360P186222,2,9,0,3,0,1,0,0,0,0,2,1,6,2,7,-1,-1,-1,-1,-1
201360P186345,1,1,0,18,0,1,0,0,0,0,1,1,6,1,6,-1,-1,-1,-1,-1
201360P186345,2,9,0,4,0,1,0,0,0,0,4,1,1,1,6,-1,-1,-1,-1,-1
201360P186744,1,9,0,9,0,6,0,0,0,0,1,1,6,2,9,-1,-1,-1,-1,-1
201360P186804,1,9,0,18,0,4,0,0,0,0,1,1,6,1,8,-1,-1,-1,-1,-1
201360P186804,2,11,0,18,0,3,0,0,0,0,1,1,1,1,9,-1,-1,-1,-1,-1
201360P186945,1,9,0,3,0,4,0,0,0,0,3,1,1,1,11,-1,-1,-1,-1,-1
201360P186945,2,9,0,9,0,4,0,0,0,0,4,1,6,2,6,-1,-1,-1,-1,-1
201360P187057,1,21,1,18,0,0,0,0,0,0,1,1,1,1,6,-1,-1,-1,-1,-1
201360P187057,2,9,0,18,0,0,0,0,0,0,2,1,2,2,5,-1,-1,-1,-1,-1
201360P187106,1,9,0,7,0,8,0,0,0,0,1,1,6,2,-1,-1,-1,-1,-1,-1
201360P187106,2,1,0,18,0,8,0,0,0,0,2,1,2,1,7,-1,-1,-1,-1,-1
201360P187123,1,9,0,7,0,8,0,0,7,1,1,1,6,1,6,-1,-1,-1,-1,-1
201360P187181,1,9,0,18,0,8,0,0,0,0,1,1,6,1,5,-1,-1,-1,-1,-1
201360P187181,2,9,0,2,0,1,0,0,0,0,1,1,6,3,-1,-1,-1,-1,-1,-1
201360P187252,1,9,0,16,0,0,0,0,2,3,1,1,6,1,5,-1,-1,-1,-1,-1
201360P187298,1,9,0,5,0,8,0,0,0,0,1,1,1,1,9,-1,-1,-1,-1,-1
201360P187298,2,1,0,18,0,1,0,0,0,0,0,1,1,1,8,-1,-1,-1,-1,-1
201360P187395,1,9,0,4,0,0,0,0,0,0,2,1,6,1,8,-1,-1,-1,-1,-1
201360P187395,2,9,0,3,0,0,1,0,0,0,1,1,6,2,8,-1,-1,-1,-1,-1
201360P187431,1,9,0,18,9,0,0,10,7,10,1,1,6,2,11,-1,-1,-1,-1,-1
201360P187545,1,9,0,18,0,0,0,0,0,0,3,1,6,1,11,-1,-1,-1,-1,-1
201360P187545,2,9,0,2,0,0,0,0,0,0,3,1,6,1,6,-1,-1,-1,-1,-1
201360P187557,1,1,0,18,0,0,0,0,0,0,1,1,6,1,7,-1,-1,-1,-1,-1
201360P187557,2,9,0,18,0,0,0,0,0,0,3,1,6,1,8,-1,-1,-1,-1,-1
201360P187883,1,3,0,18,0,0,0,0,0,0,1,1,1,1,5,-1,-1,-1,-1,-1
201360P187883,2,9,0,18,0,0,0,0,0,0,2,1,1,1,9,-1,-1,-1,-1,-1
201360P188012,1,21,0,18,0,4,0,0,0,0,1,1,1,1,6,-1,-1,-1,-1,-1
201360P188012,2,9,0,18,0,4,0,0,0,0,2,1,6,2,9,-1,-1,-1,-1,-1
201360P188065,1,9,0,5,0,8,0,0,0,0,1,1,6,2,8,-1,-1,-1,-1,-1
201360P188065,2,9,0,4,0,8,0,0,0,0,2,1,6,1,6,-1,-1,-1,-1,-1
201360P188406,1,9,0,18,0,0,0,4,0,0,1,1,6,1,4,-1,-1,-1,-1,-1
201360P188406,2,9,0,2,0,0,0,0,0,0,3,1,6,3,-1,-1,-1,-1,-1,-1
201360P188502,1,19,0,3,0,1,0,0,0,0,1,1,1,1,6,-1,-1,-1,-1,-1
201360P188502,2,9,0,3,0,1,0,0,0,0,2,1,6,2,8,-1,-1,-1,-1,-1
201360P188867,1,9,0,4,0,1,0,0,0,0,1,1,6,1,4,-1,-1,-1,-1,-1
201360P188867,2,9,0,10,0,1,0,0,3,0,2,1,6,2,5,-1,-1,-1,-1,-1
201360P188981,1,8,0,18,0,0,0,0,0,0,4,1,1,1,7,-1,-1,-1,-1,-1
201360P189053,1,19,0,12,0,0,0,0,0,0,0,1,6,3,-1,-1,-1,-1,-1,-1
201360P189053,2,1,0,18,0,0,0,0,0,0,0,1,6,2,7,-1,-1,-1,-1,-1
201360P189053,3,1,0,18,0,0,0,0,0,0,0,1,6,1,9,-1,-1,-1,-1,-1
201360P189073,1,9,0,17,0,0,5,0,1,9,1,1,6,1,4,-1,-1,-1,-1,-1
201360P189144,1,9,0,17,0,0,0,6,0,0,3,1,6,1,5,-1,-1,-1,-1,-1
201360P189154,1,5,0,16,0,0,1,0,0,0,3,1,6,1,10,-1,-1,-1,-1,-1
201360P189244,1,9,0,4,0,4,0,0,0,0,1,1,6,2,7,-1,-1,-1,-1,-1
201360P189244,2,9,0,3,0,4,0,0,0,0,2,1,6,1,4,-1,-1,-1,-1,-1
201360P189291,1,9,0,16,0,0,0,0,0,0,1,1,6,2,9,-1,-1,-1,-1,-1
201360P189291,2,9,0,17,0,0,0,0,0,0,1,1,6,2,9,-1,-1,-1,-1,-1
201360P189378,1,8,0,18,0,2,1,0,0,0,1,1,1,1,6,-1,-1,-1,-1,-1
201360P189378,2,9,0,18,0,1,0,0,0,0,3,1,6,1,6,-1,-1,-1,-1,-1
201360P189465,1,9,0,18,0,0,0,0,0,0,1,1,1,2,7,-1,-1,-1,-1,-1
201360P189465,2,9,0,18,0,0,0,0,0,0,2,1,1,2,6,-1,-1,-1,-1,-1
201360P189465,3,9,0,18,0,0,0,0,0,0,1,1,1,1,7,-1,-1,-1,-1,-1
201360P189465,4,9,0,18,0,0,0,0,0,0,2,1,1,1,6,-1,-1,-1,-1,-1
201360P189482,1,90,0,5,0,4,0,0,0,0,1,1,1,1,7,-1,-1,-1,-1,-1
201360P189482,2,9,0,3,0,4,0,0,0,0,2,1,2,2,7,-1,-1,-1,-1,-1
201360P189599,1,9,0,16,0,0,1,0,2,2,1,1,6,2,7,-1,-1,-1,-1,-1
201360P189996,1,9,0,18,0,8,1,0,0,0,1,1,1,1,6,-1,-1,-1,-1,-1
201360P189996,2,9,0,3,0,8,0,0,0,0,2,1,1,1,9,-1,-1,-1,-1,-1
201360P190052,1,9,0,17,0,0,2,0,1,10,1,1,1,2,8,-1,-1,-1,-1,-1
201360P190087,1,11,0,2,0,0,0,0,0,0,0,1,1,1,8,-1,-1,-1,-1,-1
201360P190131,1,9,0,5,0,1,0,0,0,0,1,1,6,1,7,-1,-1,-1,-1,-1
201360P190131,2,9,0,18,0,1,0,0,0,0,3,1,6,2,8,-1,-1,-1,-1,-1
201360P190385,1,9,0,18,0,0,0,0,0,0,1,1,1,1,6,-1,-1,-1,-1,-1
201360P190385,2,2,0,18,0,0,0,0,0,0,2,1,6,1,4,-1,-1,-1,-1,-1
201360P190403,1,9,0,7,0,7,1,0,0,0,1,1,6,1,8,-1,-1,-1,-1,-1
201360P190403,2,9,0,7,0,7,0,0,0,0,2,1,6,1,6,-1,-1,-1,-1,-1
201360P190418,1,9,0,13,0,1,0,10,1,0,1,1,2,1,4,-1,-1,-1,-1,-1
201360P190418,2,9,0,9,0,5,0,0,0,0,3,1,2,1,7,-1,-1,-1,-1,-1
201360P190671,1,9,0,18,0,1,1,0,0,0,3,1,6,2,9,-1,-1,-1,-1,-1
201360P190674,1,9,0,4,0,0,0,0,0,0,4,1,6,1,8,-1,-1,-1,-1,-1
201360P190996,1,9,0,18,0,4,0,0,0,0,4,1,6,1,6,-1,-1,-1,-1,-1
201360P190996,2,9,0,18,0,4,0,0,1,10,1,1,6,1,11,-1,-1,-1,-1,-1
201360P191026,1,9,0,18,0,1,0,0,0,10,1,1,6,1,11,-1,-1,-1,-1,-1
201360P191026,2,9,0,4,0,1,0,0,0,0,0,1,6,1,9,-1,-1,-1,-1,-1
201360P191132,1,9,0,18,0,0,0,0,0,0,1,1,1,1,7,-1,-1,-1,-1,-1
201360P191169,1,9,0,9,0,6,0,0,0,0,1,1,6,2,6,-1,-1,-1,-1,-1
201360P191169,2,9,0,18,0,1,0,0,0,0,1,1,1,1,8,-1,-1,-1,-1,-1
201360P191169,3,9,0,2,0,1,0,0,0,0,1,1,6,1,9,-1,-1,-1,-1,-1
201360P191274,1,9,0,17,0,0,0,0,0,10,1,1,3,1,10,-1,-1,-1,-1,-1
201360P191310,1,9,0,18,0,0,0,0,0,0,1,1,2,2,6,-1,-1,-1,-1,-1
201360P191310,2,90,0,18,0,0,0,0,0,0,4,1,6,1,7,-1,-1,-1,-1,-1
201360P191477,1,19,0,18,0,0,1,0,0,0,1,1,1,1,8,-1,-1,-1,-1,-1
201360P191477,2,9,0,18,0,0,0,0,0,0,2,1,2,2,7,-1,-1,-1,-1,-1
201360P191518,1,9,0,9,0,6,0,0,0,0,3,1,6,2,7,-1,-1,-1,-1,-1
201360P191518,2,5,0,18,0,6,0,0,0,0,1,1,6,1,8,-1,-1,-1,-1,-1
201360P191526,1,19,0,9,0,2,0,0,0,0,1,1,1,1,6,-1,-1,-1,-1,-1
201360P191529,1,9,0,18,0,1,0,0,1,0,1,1,6,1,10,-1,-1,-1,-1,-1
201360P191529,2,9,0,18,0,1,0,0,0,0,2,1,6,1,11,-1,-1,-1,-1,-1
201360P191690,1,19,0,16,0,1,0,0,0,0,1,1,1,1,5,-1,-1,-1,-1,-1
201360P191690,2,9,0,16,0,1,0,0,0,0,2,1,6,2,8,-1,-1,-1,-1,-1
201360P192048,1,9,0,18,0,1,0,0,0,0,1,1,6,2,6,-1,-1,-1,-1,-1
201360P192048,2,9,0,3,0,1,0,0,0,0,2,1,6,1,6,-1,-1,-1,-1,-1
201360P192048,3,9,0,2,0,1,0,0,0,0,2,1,6,1,8,-1,-1,-1,-1,-1
201360P192089,1,9,0,18,0,8,0,0,0,0,1,1,6,2,10,-1,-1,-1,-1,-1
201360P192089,2,9,0,18,0,8,0,0,0,0,1,1,6,2,7,-1,-1,-1,-1,-1
201360P192159,1,9,0,18,0,0,1,0,0,0,3,1,6,1,6,-1,-1,-1,-1,-1
201360P192159,2,9,0,4,0,0,0,0,0,0,1,1,6,2,9,-1,-1,-1,-1,-1
201360P193041,1,9,0,18,0,0,2,10,2,7,1,1,2,1,6,-1,-1,-1,-1,-1
201360P193059,1,9,0,5,0,1,0,0,0,0,1,1,1,1,9,-1,-1,-1,-1,-1
201360P193059,2,3,0,3,0,1,1,0,0,0,2,1,1,1,7,-1,-1,-1,-1,-1
201360P193158,1,9,0,18,0,4,0,0,0,0,3,1,6,1,8,-1,-1,-1,-1,-1
201360P193158,2,1,0,9,0,8,0,0,0,0,1,1,6,1,4,-1,-1,-1,-1,-1
201360P193227,1,9,0,7,0,5,0,0,0,0,1,1,6,1,8,-1,-1,-1,-1,-1
201360P193289,1,9,0,9,0,1,0,0,0,0,1,1,6,2,10,-1,-1,-1,-1,-1
201360P193289,2,21,0,18,0,1,1,0,0,0,1,1,1,1,8,-1,-1,-1,-1,-1
201360P193289,3,9,0,18,0,1,0,0,0,0,3,1,1,1,8,-1,-1,-1,-1,-1
201360P193337,1,9,0,5,0,6,0,0,0,0,3,1,1,2,7,-1,-1,-1,-1,-1
201360P193337,2,1,0,18,4,1,0,0,0,0,1,1,1,1,7,-1,-1,-1,-1,-1
201360P193512,1,9,0,18,0,0,0,0,7,1,1,1,6,3,-1,-1,-1,-1,-1,-1
201360P193512,2,9,0,18,0,0,0,0,0,0,1,1,6,2,4,-1,-1,-1,-1,-1
201360P193823,1,9,0,15,0,1,0,0,0,0,1,1,6,2,8,-1,-1,-1,-1,-1
201360P193823,2,1,0,9,0,1,0,0,0,0,3,1,6,2,7,-1,-1,-1,-1,-1
201360P193912,1,9,0,4,0,1,0,0,0,0,1,1,6,2,5,-1,-1,-1,-1,-1
201360P194120,1,5,0,12,0,6,0,0,0,0,1,1,6,1,5,-1,-1,-1,-1,-1
201360P194120,2,9,0,18,0,8,0,0,0,0,2,1,6,2,5,-1,-1,-1,-1,-1
201360P194120,3,9,0,18,0,8,0,0,0,0,1,1,6,1,7,-1,-1,-1,-1,-1
201360P194123,1,20,0,18,9,1,0,0,7,0,1,1,1,1,8,-1,-1,-1,-1,-1
201360P194123,2,9,0,18,0,1,0,0,0,0,1,1,2,2,7,-1,-1,-1,-1,-1
201360P194250,1,5,0,16,0,0,1,0,0,0,4,1,6,1,10,-1,-1,-1,-1,-1
201360P194250,2,9,0,17,0,0,0,0,0,0,1,1,6,1,9,-1,-1,-1,-1,-1
201360P194361,1,9,0,18,0,2,0,0,0,0,3,1,1,1,6,-1,-1,-1,-1,-1
201360P194371,1,9,0,18,0,0,0,0,0,0,1,1,6,2,10,-1,-1,-1,-1,-1
201360P194371,2,9,0,18,0,0,0,0,0,0,1,1,2,1,5,-1,-1,-1,-1,-1
201360P194635,1,9,0,18,0,0,1,0,8,7,1,1,6,1,5,-1,-1,-1,-1,-1
201360P194635,2,9,0,18,0,0,1,0,7,4,2,1,2,1,7,-1,-1,-1,-1,-1
201360P194841,1,11,0,18,0,0,0,0,0,0,1,1,1,3,-1,-1,-1,-1,-1,-1
201360P194841,2,9,0,2,0,0,0,0,0,0,1,1,1,2,7,-1,-1,-1,-1,-1
201360P194918,1,9,0,2,0,0,0,0,0,0,3,1,6,2,5,-1,-1,-1,-1,-1
201360P194918,2,9,0,18,0,0,0,0,0,0,3,1,6,2,6,-1,-1,-1,-1,-1
201360P195029,1,9,0,12,0,2,1,0,0,0,1,1,6,1,8,-1,-1,-1,-1,-1
201360P195029,2,9,0,4,0,2,0,0,0,0,2,1,6,2,5,-1,-1,-1,-1,-1
201360P195029,3,9,0,4,0,2,0,0,0,0,2,1,6,2,7,-1,-1,-1,-1,-1
201360P195125,1,9,0,18,0,1,1,0,7,10,3,1,6,1,7,-1,-1,-1,-1,-1
201360P195125,2,9,0,18,0,1,1,0,0,0,1,1,6,2,7,-1,-1,-1,-1,-1
201360P195299,1,9,0,18,0,0,0,0,0,0,1,1,2,2,9,-1,-1,-1,-1,-1
201360P195299,2,9,0,18,0,0,0,0,0,0,2,1,6,1,7,-1,-1,-1,-1,-1
201360P195308,1,9,0,18,0,8,0,0,0,0,0,1,6,3,-1,-1,-1,-1,-1,-1
201360P195453,1,9,0,16,0,1,0,0,0,0,1,1,6,1,7,-1,-1,-1,-1,-1
201360P195453,2,9,0,3,0,1,0,0,0,0,2,1,6,2,8,-1,-1,-1,-1,-1
201360P195467,1,19,0,18,0,0,0,0,0,0,4,1,6,1,7,-1,-1,-1,-1,-1
201360P195532,1,9,0,9,0,5,0,0,0,0,3,1,6,1,8,-1,-1,-1,-1,-1
201360P195586,1,5,0,18,0,3,1,0,0,0,0,1,6,1,8,-1,-1,-1,-1,-1
201360P195604,1,10,0,9,0,5,0,0,0,0,3,1,6,1,8,-1,-1,-1,-1,-1
201360P195812,1,9,0,5,0,1,0,0,0,0,1,1,1,2,4,-1,-1,-1,-1,-1
201360P195812,2,9,0,1,0,2,0,0,0,0,3,1,6,1,4,-1,-1,-1,-1,-1
201360P196168,1,1,0,18,0,0,0,0,0,0,1,1,6,1,7,-1,-1,-1,-1,-1
201360P196168,2,9,0,18,0,0,0,0,0,0,4,1,6,1,5,-1,-1,-1,-1,-1
201360P196370,1,9,0,18,0,2,0,0,0,0,1,1,6,1,5,-1,-1,-1,-1,-1
201360P196590,1,9,0,16,0,0,2,0,0,0,1,1,6,1,7,-1,-1,-1,-1,-1
201360P196888,1,9,0,9,0,1,0,0,7,1,1,1,2,2,8,-1,-1,-1,-1,-1
201360P196888,2,9,0,18,0,1,0,0,0,0,1,1,3,2,6,-1,-1,-1,-1,-1
201360P196888,3,9,0,8,0,1,0,0,0,0,3,1,2,2,6,-1,-1,-1,-1,-1
201360P197018,1,9,0,9,0,4,0,0,1,10,1,1,6,2,7,-1,-1,-1,-1,-1
201360P197155,1,9,0,18,0,0,0,0,0,0,1,1,6,2,8,-1,-1,-1,-1,-1
201360P197155,2,9,0,18,0,0,0,0,1,9,1,1,6,2,6,-1,-1,-1,-1,-1
201360P197453,1,9,0,5,0,2,0,0,0,0,1,1,6,3,-1,-1,-1,-1,-1,-1
201360P197460,1,9,0,16,0,0,0,0,0,0,1,1,1,1,8,-1,-1,-1,-1,-1
201360P197460,2,9,0,17,0,0,0,0,1,10,1,1,1,1,7,-1,-1,-1,-1,-1
201360P197460,3,19,0,16,0,0,0,0,0,0,0,1,1,1,7,-1,-1,-1,-1,-1
201360P197606,1,9,0,18,0,0,0,0,0,0,1,1,6,2,11,-1,-1,-1,-1,-1
201360P197606,2,19,0,18,0,0,0,0,0,0,3,1,2,1,6,-1,-1,-1,-1,-1
201360P198102,1,19,0,16,0,0,1,0,0,0,1,1,1,1,6,-1,-1,-1,-1,-1
201360P198102,2,9,0,17,0,0,0,0,0,0,1,1,6,1,8,-1,-1,-1,-1,-1
201360P198163,1,9,0,4,0,1,1,0,0,0,1,1,6,1,9,-1,-1,-1,-1,-1
201360P198163,2,9,0,3,0,1,0,0,0,0,2,1,6,2,8,-1,-1,-1,-1,-1
201360P198191,1,9,0,9,0,5,0,0,0,0,4,1,2,2,9,-1,-1,-1,-1,-1
201360P198191,2,9,0,18,0,8,1,0,0,0,1,1,6,1,4,-1,-1,-1,-1,-1
201360P198200,1,9,0,16,0,0,0,0,0,0,1,1,1,1,9,-1,-1,-1,-1,-1
201360P198200,2,9,0,17,0,0,0,0,1,10,1,1,6,2,8,-1,-1,-1,-1,-1
201360P198289,1,90,0,5,0,6,0,0,0,0,4,1,6,1,8,-1,-1,-1,-1,-1
201360P198289,2,9,0,7,0,2,0,0,0,0,3,1,6,2,5,-1,-1,-1,-1,-1
201360P198522,1,9,0,11,0,0,0,0,0,0,0,1,6,2,8,-1,-1,-1,-1,-1
201360P198615,1,19,0,1,0,1,0,0,0,0,2,1,6,3,-1,-1,-1,-1,-1,-1
201360P198684,1,9,0,18,0,1,0,0,0,0,1,1,6,2,8,-1,-1,-1,-1,-1
201360P198684,2,9,0,16,0,1,0,0,0,0,1,1,6,1,6,-1,-1,-1,-1,-1
201360P198826,1,9,0,1,0,1,0,4,0,0,2,1,6,1,7,-1,-1,-1,-1,-1
201360P198826,2,9,0,2,0,1,0,0,0,0,4,1,6,2,10,-1,-1,-1,-1,-1
201360P198979,1,9,0,18,0,0,1,0,0,10,1,1,6,1,6,-1,-1,-1,-1,-1
201360P199133,1,9,0,18,0,8,0,0,1,10,1,1,6,1,4,-1,-1,-1,-1,-1
201360P199335,1,9,0,18,0,4,0,0,0,0,1,1,6,1,6,-1,-1,-1,-1,-1
201360P199335,2,9,0,4,0,4,0,0,0,0,2,1,6,1,7,-1,-1,-1,-1,-1
201360P199398,1,9,0,16,0,0,2,0,8,10,1,1,6,1,9,-1,-1,-1,-1,-1
201360P199657,1,9,0,16,0,0,1,0,0,10,1,1,6,1,4,-1,-1,-1,-1,-1
201360P199879,1,9,0,18,0,1,0,7,0,1,1,1,6,1,11,-1,-1,-1,-1,-1
201360P200071,1,9,0,4,0,0,1,0,0,0,1,1,6,2,9,-1,-1,-1,-1,-1
201360P200071,2,9,0,4,0,0,0,0,0,0,2,1,6,2,6,-1,-1,-1,-1,-1
201360P200123,1,9,0,9,0,2,0,0,0,0,3,1,6,1,8,-1,-1,-1,-1,-1
201360P200123,2,9,0,18,0,1,0,0,0,0,1,1,6,1,6,-1,-1,-1,-1,-1
201360P200433,1,9,0,18,0,2,0,0,0,0,4,1,6,2,7,-1,-1,-1,-1,-1
201360P200433,2,9,0,12,0,7,0,0,1,4,3,1,6,1,9,-1,-1,-1,-1,-1
201360P200456,1,9,0,16,0,0,0,0,0,0,1,1,6,2,9,-1,-1,-1,-1,-1
201360P200456,2,9,0,16,0,0,0,0,0,0,2,1,6,2,7,-1,-1,-1,-1,-1
201360P200534,1,9,0,18,0,0,0,0,0,0,1,1,6,1,11,-1,-1,-1,-1,-1
201360P200534,2,9,0,18,0,0,0,0,0,0,2,1,6,1,9,-1,-1,-1,-1,-1
201360P201134,1,9,0,18,0,0,0,0,0,0,1,1,6,1,9,-1,-1,-1,-1,-1
201360P201134,2,9,0,2,0,0,0,0,0,0,3,1,3,1,7,-1,-1,-1,-1,-1
201360P201145,1,9,0,18,0,0,0,0,0,0,0,1,6,3,-1,-1,-1,-1,-1,-1
201360P201145,2,9,0,18,0,0,0,0,1,10,1,1,6,1,7,-1,-1,-1,-1,-1
201360P201148,1,9,0,18,0,0,0,0,0,0,1,1,6,1,4,-1,-1,-1,-1,-1
201360P201148,2,20,0,2,0,0,0,0,0,0,2,1,6,3,-1,-1,-1,-1,-1,-1
201360P201256,1,9,0,18,0,2,0,0,0,10,1,1,6,1,5,-1,-1,-1,-1,-1
201360P201262,1,9,0,9,0,1,0,0,0,0,1,1,2,1,6,-1,-1,-1,-1,-1
201360P201262,2,20,0,18,0,8,1,0,0,0,1,1,1,1,8,-1,-1,-1,-1,-1
201360P201423,1,9,0,7,0,6,0,0,0,0,1,1,6,2,10,-1,-1,-1,-1,-1
201360P201423,2,9,0,18,0,8,2,0,0,1,3,1,1,1,8,-1,-1,-1,-1,-1
201360P201483,1,19,0,18,0,1,0,0,0,0,1,1,6,1,5,-1,-1,-1,-1,-1
201360P201483,2,9,0,10,0,1,0,0,0,0,2,1,6,2,6,-1,-1,-1,-1,-1
201360P201578,1,9,0,13,0,8,5,0,8,10,4,1,6,2,11,-1,-1,-1,-1,-1