Accident_Index,Vehicle_Reference,Vehicle_Type,Towing_and_Articulation,Vehicle_Manoeuvre,Vehicle_Location-Restricted_Lane,Junction_Location,Skidding_and_Overturning,Hit_Object_in_Carriageway,Vehicle_Leaving_Carriageway,Hit_Object_off_Carriageway,1st_Point_of_Impact,Was_Vehicle_Left_Hand_Drive?,Journey_Purpose_of_Driver,Sex_of_Driver,Age_Band_of_Driver,Engine_Capacity_(CC),Propulsion_Code,Age_of_Vehicle,Driver_IMD_Decile,Driver_Home_Area_Type
2013610023713,3,9,0,18,0,0,0,0,0,0,4,1,6,1,4,1198,1,5,-1,3
2013610023813,1,5,0,18,0,0,0,0,0,0,0,1,6,1,8,656,1,6,-1,1
2013610023913,1,9,0,5,0,0,0,0,0,0,2,1,6,2,6,1590,1,12,-1,1
2013610023913,2,9,0,2,0,0,0,0,0,0,1,1,6,3,-1,-1,-1,-1,-1,-1
2013610024013,1,9,0,16,9,3,1,10,4,4,3,1,6,3,-1,2457,1,7,-1,-1
2013610024113,1,9,0,18,0,2,0,10,2,2,1,1,2,1,6,1995,2,12,-1,1
2013610024213,1,9,0,18,0,0,0,0,0,0,0,1,6,3,-1,1560,2,-1,8,1
2013610024213,2,5,0,18,0,0,1,0,0,0,4,1,6,1,6,600,1,2,-1,1
2013610024313,1,9,0,17,0,0,0,4,1,0,1,1,6,1,4,973,1,11,-1,1
2013610024313,2,9,0,2,0,0,0,0,0,0,2,1,6,2,8,1364,1,3,-1,1
2013610024313,3,9,0,2,0,0,0,0,0,0,2,1,6,2,8,1588,1,11,-1,1
2013610024313,4,9,0,2,0,0,0,0,0,0,2,1,6,1,8,-1,-1,-1,-1,1
2013610024313,5,9,0,2,0,0,0,0,0,0,4,1,6,2,5,1242,1,4,-1,1
2013610024313,6,9,0,18,0,0,0,0,0,0,4,1,6,3,-1,1997,1,20,-1,-1
2013610024413,1,90,0,9,0,6,0,0,0,0,3,1,1,1,8,-1,-1,-1,-1,1
2013610024413,2,9,0,18,0,1,0,0,0,0,1,1,2,1,5,-1,-1,-1,-1,1
2013610024513,1,9,0,5,0,1,0,0,0,0,4,1,6,2,4,1149,1,11,-1,2
2013610024513,2,9,0,18,0,1,0,0,0,0,1,1,6,1,7,1995,2,4,-1,2
2013610024613,1,9,0,18,0,0,1,0,4,0,3,1,6,2,9,2231,2,6,-1,-1
2013610024713,1,9,0,18,0,4,0,0,0,0,2,1,6,2,4,-1,-1,-1,-1,1
2013610024713,2,9,0,18,0,4,0,0,0,0,1,1,6,1,8,1149,1,7,-1,1
2013610024813,1,11,0,16,0,1,0,0,0,0,0,1,1,1,7,-1,-1,-1,-1,1
2013610024913,1,9,0,18,0,1,0,0,0,0,4,1,6,1,7,1998,1,10,-1,1
2013610024913,2,9,0,9,0,6,0,0,0,0,1,1,6,3,-1,-1,-1,-1,-1,-1
2013610025013,1,9,0,18,0,8,1,4,0,0,1,1,6,1,6,-1,-1,-1,-1,-1
2013610025113,1,5,0,18,0,1,0,4,0,0,1,1,6,1,5,124,1,13,-1,1
2013610025213,1,9,0,18,0,8,0,0,0,0,1,1,6,1,6,1598,1,11,4,1
2013610025213,2,9,0,9,0,8,0,0,0,0,3,1,6,3,-1,-1,-1,-1,8,1
2013610025313,1,5,0,18,0,8,0,10,0,0,1,1,6,1,7,892,1,14,-1,-1
2013610025413,1,9,0,5,0,6,0,0,0,0,3,1,2,2,8,1299,1,6,-1,1
2013610025413,2,9,0,18,0,1,0,0,0,0,4,1,2,2,4,1242,1,9,-1,2
2013610025513,1,9,0,18,0,0,0,0,0,0,2,1,1,1,6,1560,2,1,-1,-1
2013610025513,2,9,0,18,0,0,0,0,0,0,1,1,1,2,6,2495,2,13,-1,2
2013610025613,1,9,0,18,0,4,0,0,0,0,2,1,1,1,6,1248,1,1,-1,1
2013610025613,2,9,0,18,0,4,0,0,0,0,1,1,6,2,5,1597,1,3,-1,1
2013610025713,1,9,0,18,0,1,0,0,0,0,1,1,6,1,-1,1910,2,6,-1,1
2013610025713,2,9,0,1,0,1,0,0,0,0,2,1,6,1,9,1870,2,9,-1,2
2013610025813,1,19,0,18,0,0,0,0,1,2,1,1,6,1,4,1753,2,7,-1,3
2013610025913,1,9,0,10,0,1,0,0,0,0,2,1,6,1,9,1598,1,6,-1,1
2013610025913,2,9,0,9,0,1,0,0,0,0,1,1,6,2,7,1242,1,12,-1,1
2013610026013,1,9,0,18,0,6,0,0,0,0,0,1,6,3,-1,-1,-1,-1,-1,-1
2013610026013,2,1,0,18,0,1,0,0,0,0,0,1,6,1,8,-1,-1,-1,-1,1
2013610026113,1,9,0,13,0,0,1,0,0,0,1,1,6,1,4,998,1,15,-1,1
2013610026113,2,9,0,11,0,0,0,0,0,0,2,1,6,1,6,998,1,7,-1,1
2013610026213,1,9,0,18,0,0,0,0,0,0,3,1,6,2,5,998,1,5,-1,1
2013610026313,1,9,0,18,0,0,0,0,0,0,1,1,6,1,10,-1,-1,-1,-1,1
2013610026313,2,9,0,4,0,0,0,0,0,0,2,1,6,1,8,1968,2,2,-1,2
2013610026413,1,9,0,18,0,0,2,0,0,10,4,1,6,3,-1,-1,-1,-1,-1,-1
2013610026513,1,9,0,18,0,4,0,0,0,0,1,1,6,2,5,-1,-1,-1,-1,1
2013610026513,2,9,0,7,0,4,0,0,0,0,2,1,6,2,5,1370,1,15,-1,1
2013610026613,1,8,0,5,0,2,0,0,0,0,1,1,1,1,6,2180,2,17,-1,1
2013610026613,2,9,0,16,0,2,0,0,0,0,4,1,2,1,6,1390,1,16,-1,1
2013610026713,1,9,0,18,0,1,0,0,0,0,1,1,6,1,8,3059,2,19,-1,1
2013610026713,2,9,0,9,0,1,0,0,0,0,4,1,6,1,8,2495,2,10,-1,2
2013610026813,1,9,0,18,0,0,0,0,0,0,1,1,6,2,7,1560,2,3,-1,1
2013610026813,2,9,0,18,0,0,0,0,0,0,2,1,2,2,7,1388,1,10,-1,1
2013610026813,3,9,0,18,0,0,0,0,0,0,2,1,1,1,9,1995,2,2,-1,1
2013610026913,1,9,0,18,0,0,5,0,1,9,0,1,6,1,4,1298,1,15,-1,1
2013610027013,1,9,0,18,0,0,0,0,0,0,4,1,6,2,7,1198,1,6,-1,1
2013610027013,2,17,0,18,0,0,0,0,0,0,1,1,6,1,8,-1,-1,-1,-1,3
2013610027113,1,9,0,9,0,1,0,0,0,0,1,1,6,1,11,1560,2,2,-1,3
2013610027113,2,9,0,18,0,1,1,0,1,0,1,1,6,1,8,1796,1,7,-1,1
2013610027213,1,9,0,4,0,0,0,11,0,0,4,1,6,1,6,1299,1,13,-1,1
2013610027313,1,9,0,4,0,1,0,0,0,0,3,1,6,2,6,1951,2,11,-1,-1
2013610027413,1,9,0,3,0,2,0,0,0,0,2,1,6,2,7,1596,1,8,-1,2
2013610027413,2,9,0,3,0,2,0,0,0,0,2,1,6,1,7,1242,7,6,-1,3
2013610027413,3,9,0,5,0,2,0,0,0,0,1,1,6,2,7,1995,2,9,-1,1
2013610027513,1,9,0,9,0,5,0,0,0,0,1,1,6,3,-1,-1,-1,-1,-1,-1
2013610027613,1,9,0,18,0,0,0,0,0,0,1,1,6,1,9,1299,1,12,-1,1
2013610027613,2,9,0,4,0,0,0,0,0,0,2,1,6,1,8,1968,2,3,-1,1
2013610027713,1,9,0,18,0,4,0,0,0,0,2,1,6,1,7,1397,1,2,-1,3
2013610027713,2,9,0,18,0,4,0,0,0,0,1,1,6,2,8,1995,1,2,-1,2
2013610027913,1,3,0,16,0,0,0,0,0,0,1,1,6,1,11,249,1,5,-1,1
2013610027913,2,9,0,17,0,0,0,0,0,0,1,1,6,2,10,1560,2,5,-1,3
2013610028013,1,9,0,2,0,0,0,0,2,10,4,1,6,1,6,1900,2,9,-1,1
2013610028113,1,9,0,18,0,0,1,0,0,0,1,1,2,1,10,2435,1,14,-1,1
2013610028213,1,8,0,18,0,4,0,0,0,0,1,1,1,1,7,1995,2,11,-1,1
2013610028213,2,9,0,3,0,4,0,0,0,0,2,1,6,2,6,1995,2,10,-1,1
2013610028313,1,21,1,18,0,0,0,0,0,0,4,1,1,1,9,12900,2,6,-1,2
2013610028413,1,90,0,11,0,0,0,0,0,0,4,1,1,1,8,-1,-1,-1,-1,1
2013610028413,2,9,0,18,0,0,0,0,0,6,3,1,2,1,7,1598,1,9,-1,1
2013610028513,1,9,0,18,0,1,0,0,0,0,1,1,2,2,8,1686,2,8,-1,2
2013610028513,2,20,0,18,0,1,0,0,0,0,2,1,1,1,7,3920,2,-1,-1,1
2013610028613,1,9,0,18,0,1,0,0,0,0,1,1,6,2,9,1248,1,2,-1,1
2013610028713,1,9,0,17,0,1,0,0,0,0,1,1,6,1,9,1598,1,11,-1,1
2013610028813,1,9,0,18,0,4,0,0,0,0,1,1,6,3,-1,-1,-1,-1,-1,-1
2013610028813,2,1,0,18,0,8,0,0,0,0,3,1,6,1,4,-1,-1,-1,-1,1
2013610028913,1,9,0,11,0,0,0,0,0,0,4,1,1,1,9,-1,-1,-1,2,1
2013610028913,2,9,0,18,0,0,0,0,0,0,3,1,1,1,6,1299,1,11,-1,1
2013610029013,1,9,0,5,0,5,0,0,0,0,1,1,6,2,10,999,1,3,-1,1
2013610029113,1,9,0,18,0,0,0,0,0,0,1,1,6,1,8,2148,2,9,-1,1
2013610029113,2,9,0,18,0,0,0,0,0,0,2,1,2,2,9,1388,1,3,-1,1
2013610029113,3,9,0,18,0,0,0,0,0,0,2,1,2,1,8,-1,-1,-1,-1,1
2013610029213,1,9,0,18,0,1,0,0,0,0,1,1,2,2,8,-1,-1,-1,-1,3
2013610029213,2,9,0,18,0,1,0,0,0,0,1,1,3,2,7,1995,2,8,-1,2
2013610029313,1,9,0,18,0,0,0,0,0,0,1,1,6,1,4,1995,2,9,-1,2
2013610029313,2,9,0,18,0,0,0,0,0,0,2,1,6,1,9,-1,-1,-1,-1,-1
2013610029413,1,9,0,18,0,0,1,10,1,2,1,1,6,1,5,1896,1,15,-1,3
2013610029513,1,9,0,1,0,0,0,0,0,0,2,1,6,1,7,1956,2,-1,-1,1
2013610029613,1,9,0,5,0,2,0,0,0,0,1,1,1,1,4,1388,1,10,-1,1
2013610029613,2,9,0,18,0,1,0,0,0,0,3,1,6,1,7,998,1,-1,3,1
2013610029713,1,9,0,9,0,5,0,0,0,0,3,1,1,1,10,1997,2,13,-1,3
2013610029713,2,5,0,18,0,1,1,0,0,0,1,1,1,1,-1,998,1,2,-1,1
2013610029813,1,9,0,10,0,2,0,0,0,0,2,1,6,1,7,-1,-1,-1,1,1
2013610029813,2,9,0,18,0,1,0,0,0,0,1,1,6,1,7,2099,1,8,-1,1
2013610029913,1,9,0,18,0,8,0,0,0,0,2,1,6,1,6,1995,2,2,-1,1
2013610029913,2,9,0,18,0,8,0,0,0,0,1,1,6,1,8,1598,1,10,-1,1
2013610030013,1,9,0,18,0,0,0,0,0,0,2,1,6,2,7,1996,1,13,-1,1
2013610030013,2,9,0,18,0,0,0,0,0,0,1,1,6,1,4,1199,1,12,-1,1
2013610030113,1,9,0,18,0,0,1,10,7,0,1,1,1,1,9,-1,-1,-1,6,3
2013610030113,2,9,0,18,0,0,1,0,7,0,4,1,6,1,8,1560,2,1,-1,-1
2013610030213,1,11,0,2,0,0,0,0,0,0,0,1,1,1,9,3900,2,9,-1,1
2013610030313,1,9,0,9,0,2,0,0,0,0,1,1,6,3,-1,-1,-1,-1,-1,-1
2013610030413,1,9,0,18,0,0,0,0,0,0,1,1,6,1,4,1149,1,11,-1,2
2013610030413,2,9,0,5,0,0,0,0,0,0,2,1,1,1,10,1998,2,10,-1,2
2013610030513,1,9,0,18,0,3,0,0,3,0,3,1,6,2,8,1299,1,5,-1,2
2013610030613,1,9,0,9,0,1,0,0,0,0,1,1,1,1,6,1248,2,8,-1,1
2013610030613,2,3,0,18,0,1,0,0,0,0,1,1,6,1,5,-1,-1,-1,-1,1
2013610030713,1,9,0,18,0,0,0,0,0,0,3,1,1,2,5,1560,2,1,-1,1
2013610030713,2,1,0,18,9,0,0,4,0,0,1,1,1,2,2,-1,-1,-1,-1,3
2013610030813,1,9,0,18,0,1,0,0,0,0,1,1,6,2,5,1399,2,1,-1,1
2013610030813,2,9,0,10,0,1,0,0,0,0,4,1,6,1,8,1328,1,6,-1,1
2013610030913,1,9,0,18,0,8,0,0,0,0,1,1,6,1,7,1997,1,12,-1,1
2013610030913,2,1,0,18,0,8,0,0,0,0,2,1,6,2,6,-1,-1,-1,-1,1
2013610031113,1,9,0,9,0,1,0,0,0,0,4,1,6,2,5,1360,1,10,-1,1
2013610031113,2,9,0,18,0,1,1,0,0,0,1,1,6,2,6,1587,1,7,-1,1
2013610031213,1,1,0,18,0,0,1,0,7,10,1,1,6,1,7,-1,-1,-1,-1,1
2013610031213,2,9,0,18,0,0,0,0,0,0,0,1,6,1,10,1998,1,11,-1,1
2013610031313,1,21,0,9,0,0,0,0,0,0,1,1,1,3,-1,-1,-1,-1,-1,-1
2013610031413,1,9,0,18,0,1,0,0,0,0,1,1,6,1,6,1997,2,10,-1,1
2013610031413,2,9,0,9,0,1,0,0,0,0,4,1,6,2,5,1242,1,10,-1,2
2013610031513,1,9,0,18,0,0,2,10,7,10,4,1,6,1,4,1199,1,9,-1,1
2013610031613,1,5,0,18,0,0,1,0,0,0,4,1,6,1,6,999,1,6,-1,1
2013610031713,1,9,0,5,0,2,0,0,0,0,1,1,6,1,9,1796,1,8,-1,1
2013610031713,2,9,0,5,0,6,0,0,0,0,1,1,6,2,8,-1,-1,-1,-1,1
2013610031813,1,4,0,18,9,5,1,0,1,0,1,1,6,1,-1,-1,-1,-1,-1,-1
2013610031913,1,9,0,18,0,1,0,0,0,0,3,1,6,1,-1,1991,1,14,-1,1
2013610031913,2,1,0,5,0,6,0,0,0,0,1,1,6,1,4,-1,-1,-1,-1,1
2013610032013,1,9,0,18,0,0,0,0,0,0,3,1,6,2,6,1560,2,5,-1,-1
2013610032013,2,16,0,18,0,0,0,0,0,0,2,1,6,2,-1,-1,-1,-1,-1,1
2013610032113,1,9,0,18,0,4,0,0,0,0,1,1,6,1,9,1797,1,14,-1,3
2013610032113,2,9,0,18,0,4,0,0,0,0,2,1,6,2,-1,1968,2,1,-1,1
2013610032213,1,9,0,4,0,0,1,0,0,6,1,1,6,2,9,1124,1,8,-1,1
2013610032313,1,9,0,17,0,0,0,0,7,0,0,1,6,1,4,1598,1,6,-1,1
2013610032313,2,9,0,16,0,0,0,7,7,0,0,1,6,1,8,1497,1,12,-1,1
2013610032313,3,9,0,16,0,0,0,0,0,0,0,1,6,1,4,1586,1,-1,-1,1
2013610032413,1,90,0,18,0,0,0,0,0,0,3,1,6,1,10,-1,-1,-1,-1,1
2013610032613,1,9,0,18,0,0,0,0,1,0,3,1,1,2,4,998,1,6,-1,1
2013610032613,2,9,0,18,0,0,0,0,0,0,2,1,1,1,6,-1,-1,-1,3,1
2013610032613,3,9,0,18,0,0,0,0,1,0,1,1,6,1,11,1388,1,14,-1,1
2013610032713,1,9,0,18,0,0,0,0,0,0,3,1,6,2,4,1299,1,13,-1,1
2013610032713,2,9,0,18,0,0,0,0,0,0,1,1,6,2,5,1598,1,9,-1,1
2013610032713,3,9,0,18,0,0,0,0,0,0,1,1,6,2,10,996,1,1,-1,1
2013610032813,1,11,0,18,0,0,0,0,0,0,1,1,1,1,10,9000,2,2,-1,1
2013610032913,1,9,0,18,0,1,0,0,0,0,1,1,6,1,9,1560,2,6,-1,1
2013610033013,1,9,0,18,0,0,0,0,0,0,2,1,1,1,6,1242,1,12,-1,1
2013610033013,2,9,0,18,0,0,0,0,0,0,2,1,1,2,5,1124,1,12,5,1
2013610033013,3,9,0,18,0,0,0,0,0,0,1,1,1,2,7,1299,1,12,-1,1
2013610033113,1,9,0,4,0,0,0,0,0,0,1,1,6,2,10,1598,1,16,-1,1
2013610033213,1,9,0,18,0,8,0,0,0,0,1,1,6,2,10,1397,1,6,-1,1
2013610033213,2,9,0,18,0,1,0,0,0,0,3,1,6,2,5,1242,1,6,-1,1
2013610033313,1,9,0,18,0,0,0,0,0,0,1,1,6,1,6,1598,1,1,-1,1
2013610033413,1,9,0,18,0,8,0,0,0,0,1,1,6,1,-1,1229,1,8,-1,-1
2013610033413,2,9,0,18,0,8,0,0,0,0,3,1,6,2,6,1199,1,10,-1,-1
2013610033513,1,4,0,18,0,1,1,0,0,0,1,1,2,1,5,125,1,7,-1,1
2013610033513,2,90,0,5,0,1,0,0,0,0,4,1,2,1,6,-1,-1,-1,-1,3
2013610033613,1,9,0,18,0,0,1,0,0,0,2,1,2,1,5,1896,2,9,-1,1
2013610033613,2,9,0,18,0,0,0,0,0,0,2,1,2,1,8,1360,1,2,-1,1
2013610033713,1,9,0,18,0,0,0,0,0,0,1,1,6,1,5,1396,1,10,-1,1
2013610033713,2,9,0,18,0,0,0,0,0,0,1,1,6,2,7,1248,1,3,-1,1
2013610033813,1,9,0,16,0,0,0,0,0,0,1,1,6,1,7,1896,2,17,-1,3
2013610033813,2,2,0,17,0,0,1,0,0,0,1,1,6,1,4,49,1,1,-1,1
2013610033913,1,9,0,18,0,3,0,0,0,0,3,1,6,2,9,1396,2,2,-1,1
2013610033913,2,9,0,18,0,3,0,0,0,0,4,1,6,1,7,1997,2,10,-1,1
2013610034013,1,2,0,18,0,1,0,0,0,0,1,1,6,1,4,49,1,7,-1,1
2013610034013,2,8,0,9,0,1,0,0,0,0,3,1,6,3,-1,-1,-1,-1,-1,-1
2013610034113,1,9,0,9,0,1,0,0,0,0,3,1,6,1,10,1995,2,9,-1,1
2013610034113,2,3,0,13,0,1,0,0,0,0,1,1,6,1,5,124,1,14,-1,1
2013610034213,1,21,1,18,0,0,0,0,0,0,1,1,1,1,7,11705,2,5,-1,-1
2013610034313,1,9,0,18,0,4,1,0,0,0,4,1,6,1,9,-1,-1,-1,5,3
2013610034313,2,9,0,18,0,4,1,0,0,0,1,1,6,1,7,2671,1,15,-1,2
2013610034413,1,9,0,18,0,1,0,0,0,0,1,1,6,1,6,1590,1,13,-1,1
2013610034413,2,9,0,7,0,6,0,0,0,0,3,1,6,1,7,1229,1,5,-1,1
2013610034513,1,9,0,18,0,1,0,0,0,0,3,1,6,1,9,1995,2,11,-1,1
2013610034613,1,9,0,17,0,0,1,0,7,4,1,1,1,1,5,1360,1,14,-1,1
2013610034713,1,9,0,18,0,0,0,0,0,0,4,1,6,2,8,1896,2,5,-1,1
2013610034713,2,1,0,18,0,0,0,0,0,0,3,1,6,1,6,-1,-1,-1,-1,1
2013610034813,1,9,0,5,9,0,0,0,0,0,1,1,6,2,6,2184,2,8,-1,1
2013610034913,1,9,0,18,0,4,0,0,0,0,3,1,6,1,5,1995,2,4,-1,1
2013610034913,2,9,0,18,0,8,0,0,0,0,1,1,6,1,4,-1,-1,-1,-1,1
2013610035013,1,9,0,18,0,0,0,0,0,0,1,1,1,1,-1,4999,1,-1,-1,-1
2013610035013,2,9,0,18,0,0,0,0,0,0,1,1,6,2,-1,1910,2,5,-1,1
2013610035113,1,9,0,7,0,1,0,0,0,0,2,1,6,2,5,1598,1,7,-1,1
2013610035113,2,9,0,18,0,1,0,0,0,0,1,1,6,1,-1,1390,1,11,-1,-1
2013610035213,1,9,0,18,0,0,0,0,0,0,1,1,1,1,8,1595,1,5,-1,1
2013610035213,2,9,0,18,0,0,0,0,0,0,2,1,1,1,8,1587,1,6,-1,-1
2013610035213,3,9,0,18,0,0,0,0,0,0,2,1,1,2,9,1560,2,-1,-1,-1
2013610035213,4,9,0,18,0,0,0,0,0,0,2,1,1,1,8,-1,-1,-1,-1,-1
2013610035313,1,9,0,18,0,0,0,0,0,0,1,1,2,1,6,1995,2,7,-1,1
2013610035313,2,9,0,18,0,0,0,0,0,0,2,1,2,1,6,-1,-1,-1,-1,1
2013610035313,3,9,0,18,0,0,0,0,0,0,2,1,6,2,7,1248,1,2,-1,1
2013610035413,1,5,0,18,0,0,0,0,0,0,3,1,1,1,7,998,1,9,-1,-1
2013610035413,2,9,0,18,0,0,0,0,0,0,4,1,1,1,10,-1,-1,-1,-1,-1
2013610035513,1,9,0,5,0,4,0,0,0,0,2,1,6,2,10,1198,1,4,-1,1
2013610035513,2,5,0,3,0,4,0,0,0,0,1,1,6,1,8,781,1,10,-1,3
2013610035613,1,9,0,7,0,1,0,0,0,0,1,1,6,1,7,1994,2,14,-1,3
2013610035713,1,90,0,18,0,4,0,0,0,0,3,1,1,1,-1,-1,-1,-1,1,1
2013610035713,2,90,0,18,0,4,0,0,0,0,4,1,1,1,6,-1,-1,-1,-1,1
2013610035813,1,5,0,1,0,0,1,0,0,0,2,1,6,1,9,-1,-1,-1,-1,1
2013610035913,1,1,0,12,0,0,0,0,0,0,1,1,6,1,6,-1,-1,-1,-1,1
2013610035913,2,19,0,18,0,0,0,0,0,0,1,1,6,1,6,-1,-1,-1,-1,3
2013610036013,1,9,0,18,0,1,0,4,0,0,1,1,6,1,10,1995,2,2,-1,1
2013610036013,2,90,0,18,0,1,0,0,0,0,2,1,6,1,-1,-1,-1,-1,-1,-1
2013610036113,1,9,0,3,0,4,0,0,0,0,2,1,1,1,7,1956,2,-1,-1,1
2013610036113,2,9,0,3,0,4,0,0,0,0,1,1,6,2,-1,998,1,5,-1,1
2013610036213,1,9,0,5,0,4,0,0,0,0,1,1,6,1,10,1997,2,13,-1,-1
2013610036213,2,9,0,11,0,4,0,0,0,0,4,1,1,1,6,1360,1,10,-1,1
2013610036313,1,9,0,18,0,1,1,10,1,2,3,1,6,1,4,1242,1,8,-1,-1
2013610036413,1,9,0,9,0,1,0,0,0,0,4,1,2,1,6,1796,1,12,-1,1
2013610036413,2,1,0,18,0,1,0,0,0,0,1,1,2,1,8,-1,-1,-1,-1,-1
2013610036513,1,9,0,18,0,0,0,0,0,0,1,2,2,2,5,-1,-1,-1,-1,-1
2013610036613,1,90,0,1,0,1,0,0,0,0,2,1,6,1,8,-1,-1,-1,-1,-1
2013610036613,2,9,0,3,0,1,0,0,0,0,1,1,6,1,-1,1299,1,15,-1,-1
2013610036713,1,9,0,7,0,3,0,0,0,0,4,1,2,1,5,1998,1,6,-1,1
2013610036713,2,9,0,18,0,8,0,0,0,0,3,1,2,1,4,1242,1,8,-1,1
2013610036813,1,8,0,18,0,5,0,0,0,0,1,1,1,1,8,-1,-1,-1,-1,1
2013610036913,1,3,0,18,0,6,1,0,0,0,1,1,6,1,5,125,1,-1,-1,3
2013610037013,1,9,0,18,0,1,0,0,0,0,1,1,1,2,5,1299,1,8,-1,-1
2013610037113,1,1,0,18,0,8,0,0,0,0,1,1,3,1,3,-1,-1,-1,-1,1
2013610037113,2,9,0,9,0,8,0,0,0,0,1,1,6,1,8,1749,1,9,-1,1
2013610037213,1,9,0,4,0,0,0,0,0,0,1,1,6,1,6,1598,1,6,-1,1
2013610037213,2,9,0,3,0,0,0,0,0,0,2,1,6,1,4,998,1,5,-1,1
2013610037213,3,9,0,3,0,0,0,0,0,0,2,1,1,1,9,1999,1,2,-1,1
2013610037313,1,9,0,18,0,1,0,0,0,0,2,1,2,1,4,1595,2,3,-1,1
2013610037313,2,9,0,18,0,1,0,0,0,0,1,1,2,2,8,1363,2,8,-1,1
2013610037413,1,21,0,18,0,1,0,0,0,0,2,1,1,1,8,12580,2,7,-1,1
2013610037413,2,9,0,10,0,1,0,0,0,0,1,1,6,1,10,1599,1,8,-1,2
2013610037513,1,9,0,18,0,0,0,0,0,0,4,1,6,1,5,1994,2,11,-1,1
2013610037613,1,9,0,3,0,4,0,0,0,0,1,1,2,1,6,-1,-1,-1,-1,3
2013610037613,2,9,0,3,0,4,0,0,0,0,2,1,2,1,7,1299,1,14,-1,1
2013610037613,3,9,0,3,0,4,0,0,0,0,2,1,1,1,5,1968,2,3,-1,1
2013610037713,1,9,0,17,0,4,0,0,0,0,0,1,1,2,7,1388,1,1,-1,1
2013610037713,2,1,0,18,0,3,0,0,0,0,2,1,1,1,8,-1,-1,-1,-1,-1
2013610037813,1,9,0,12,0,3,0,0,0,0,1,1,6,2,7,1389,1,11,-1,1
2013610037813,2,9,0,11,0,1,0,0,0,0,4,1,6,2,5,1328,1,3,-1,1
2013610037913,1,5,0,18,0,8,0,0,0,0,0,1,2,1,6,781,1,11,-1,1
2013610037913,2,9,0,18,0,8,0,0,0,0,0,1,6,2,7,1870,2,12,-1,1
2013610038013,1,9,0,18,0,0,0,0,0,0,1,1,6,2,6,1896,2,9,-1,2
2013610038013,2,9,0,18,0,0,0,0,0,0,1,1,6,1,6,1988,1,10,-1,1
2013610038113,1,9,0,8,0,1,0,0,0,0,4,1,6,1,6,-1,-1,-1,-1,1
2013610038113,2,1,0,18,0,1,0,0,0,0,1,1,6,1,2,-1,-1,-1,-1,1
2013610038213,1,9,0,18,0,1,0,0,0,0,4,1,6,1,6,1834,1,13,-1,1
2013610038313,1,9,0,18,0,8,0,0,0,0,0,1,6,1,-1,1399,2,11,-1,-1
2013610038313,2,9,0,18,0,8,0,0,0,0,0,1,6,1,4,1043,1,19,-1,-1
2013610038413,1,9,0,3,0,1,0,0,0,0,2,1,4,2,6,1596,1,3,-1,1
2013610038413,2,9,0,3,0,1,0,0,0,0,2,1,6,1,6,998,1,16,-1,1
2013610038413,3,9,0,4,0,1,0,0,0,0,1,1,6,2,7,1900,2,7,-1,1
2013610038513,1,9,0,18,0,1,0,0,0,0,1,1,6,1,7,1896,2,14,-1,1
2013610038513,2,1,0,18,0,1,0,0,0,0,1,1,6,1,4,-1,-1,-1,-1,-1
2013610038613,1,9,0,4,0,3,0,0,0,0,2,1,6,2,8,1242,1,2,-1,1
2013610038613,2,9,0,4,0,3,0,0,0,0,1,1,6,2,9,1229,1,3,-1,1
2013610038713,1,1,0,18,0,8,0,0,0,0,1,1,6,1,4,-1,-1,-1,-1,1
2013610038713,2,9,0,18,0,1,0,0,0,0,1,1,6,1,7,-1,-1,-1,-1,1
2013610038813,1,9,0,18,0,0,1,4,0,0,1,1,6,1,4,1398,1,13,-1,1
2013610038813,2,9,0,2,0,0,0,0,0,0,2,1,6,1,6,1587,1,7,-1,-1
2013610038813,3,8,0,3,0,0,0,0,0,0,2,1,1,1,7,1762,1,15,-1,1
2013610038913,1,90,0,9,0,1,0,0,0,0,1,1,6,1,-1,-1,-1,-1,-1,1
2013610039013,1,21,1,12,0,0,0,0,0,0,1,2,1,1,7,-1,-1,-1,-1,-1
2013610039013,2,9,0,18,0,0,1,0,1,0,4,1,2,1,9,1242,1,1,9,2
2013610039113,1,9,0,18,0,1,0,0,0,0,1,1,6,1,11,1242,1,7,-1,1
2013610039113,2,21,0,9,0,1,0,0,0,0,2,1,1,1,9,11021,2,9,-1,1
2013610039213,1,9,0,16,0,0,1,0,0,0,4,1,6,2,6,1598,1,10,-1,1
2013610039313,1,9,0,18,0,2,0,0,0,0,4,1,1,1,5,-1,-1,-1,-1,1
2013610039413,1,9,0,18,0,0,0,0,0,0,1,1,6,1,10,-1,-1,-1,8,1
2013610039413,2,9,0,18,0,0,0,0,0,0,2,1,6,2,-1,-1,-1,-1,-1,-1
2013610039513,1,9,0,18,0,0,0,0,0,0,2,1,2,2,6,1796,1,4,-1,-1
2013610039513,2,9,0,18,0,0,0,0,0,0,2,1,2,1,7,1999,1,7,-1,-1
2013610039513,3,9,0,18,0,0,0,0,0,0,1,1,2,1,7,1968,2,1,-1,-1
2013610039613,1,9,0,18,0,0,0,0,0,0,1,1,6,2,9,2995,1,8,-1,1
2013610039613,2,9,0,18,0,0,0,0,0,0,2,1,6,1,4,1124,1,12,-1,-1