Accident_Index,Vehicle_Reference,Vehicle_Type,Towing_and_Articulation,Vehicle_Manoeuvre,Vehicle_Location-Restricted_Lane,Junction_Location,Skidding_and_Overturning,Hit_Object_in_Carriageway,Vehicle_Leaving_Carriageway,Hit_Object_off_Carriageway,1st_Point_of_Impact,Was_Vehicle_Left_Hand_Drive?,Journey_Purpose_of_Driver,Sex_of_Driver,Age_Band_of_Driver,Engine_Capacity_(CC),Propulsion_Code,Age_of_Vehicle,Driver_IMD_Decile,Driver_Home_Area_Type
2013621300379,2,4,0,18,0,8,0,0,0,0,3,1,2,1,8,998,1,4,-1,1
2013621300380,1,9,0,4,0,1,0,0,0,0,1,1,6,2,4,1405,1,9,-1,3
2013621300380,2,9,0,4,0,1,0,0,0,0,2,1,6,2,8,1229,1,5,-1,2
2013621300381,1,9,0,18,0,0,0,0,0,0,4,1,6,1,8,1896,2,17,-1,1
2013621300382,1,9,0,16,0,7,0,0,0,0,3,1,2,1,6,1796,1,9,-1,1
2013621300382,2,9,0,17,0,7,0,0,7,4,4,1,2,1,5,1149,1,4,-1,1
2013621300384,1,9,0,6,0,6,0,0,0,0,1,1,6,1,7,-1,-1,-1,-1,1
2013621300384,2,1,0,18,0,1,0,0,0,0,2,1,6,1,7,-1,-1,-1,-1,1
2013621300385,1,9,0,4,0,0,0,0,0,0,1,1,6,2,6,1242,1,12,-1,1
2013621300385,2,9,0,4,0,0,0,0,0,0,2,1,6,2,9,1298,1,12,-1,1
2013621300386,1,9,0,18,0,1,0,0,0,0,3,1,6,3,-1,-1,-1,-1,-1,-1
2013621300386,2,1,0,18,0,1,0,0,0,0,3,1,2,1,6,-1,-1,-1,-1,1
2013621300387,1,9,0,18,0,0,0,0,0,0,1,1,6,1,8,1796,7,9,-1,1
2013621300387,2,9,0,18,0,0,0,0,0,0,2,1,6,2,7,1995,2,2,-1,1
2013621300388,1,9,0,5,0,1,0,0,0,0,1,1,6,1,7,1598,1,4,-1,1
2013621300388,2,9,0,3,0,1,0,0,0,0,2,1,6,2,7,1242,1,6,-1,1
2013621300389,1,9,0,18,0,0,2,0,1,0,1,1,6,1,11,1596,1,1,-1,1
2013621300390,1,9,0,4,0,0,0,0,0,0,1,1,2,2,9,1995,2,2,-1,1
2013621300390,2,9,0,3,0,0,0,0,0,0,2,1,2,1,6,1910,2,5,-1,1
2013621300390,3,19,0,3,0,0,0,0,0,0,2,1,1,1,7,2300,2,8,8,3
2013621300391,1,8,0,18,0,0,0,0,0,0,4,1,1,1,9,2664,2,12,-1,1
2013621300392,1,20,0,6,0,0,0,0,0,0,3,1,2,1,8,-1,-1,-1,-1,1
2013621300392,2,1,0,13,0,0,0,0,0,0,4,1,6,1,7,-1,-1,-1,-1,1
2013621300393,1,9,0,18,0,0,0,4,0,0,1,1,6,1,6,1299,1,15,-1,1
2013621300393,2,9,0,2,0,0,0,0,0,0,2,1,6,3,-1,1598,1,2,-1,-1
2013621300394,1,9,0,17,0,0,1,10,0,0,4,1,2,2,4,1124,1,8,-1,1
2013621300395,1,9,0,9,0,5,0,0,0,0,4,1,6,1,11,1339,1,8,-1,1
2013621300395,2,11,0,17,0,8,1,0,0,0,1,1,1,1,7,5883,2,12,-1,1
2013621300396,1,5,0,16,0,3,0,0,0,0,3,1,6,1,7,749,1,7,-1,1
2013621300396,2,9,0,17,0,4,0,0,0,0,1,1,6,1,10,1461,2,2,-1,2
2013621300396,3,9,0,17,0,4,0,0,0,0,1,1,6,2,8,1364,2,4,-1,2
2013621300397,1,9,0,18,0,0,5,10,7,0,1,1,6,2,4,998,1,4,-1,1
2013621300398,1,9,0,18,0,0,0,0,2,3,1,1,6,2,7,1997,2,12,-1,1
2013621300399,1,9,0,18,0,1,0,0,0,0,3,1,6,2,8,1360,1,2,-1,1
2013621300400,1,9,0,18,0,8,0,0,0,0,1,1,1,2,7,1560,2,2,8,1
2013621300400,2,1,0,18,0,8,0,0,0,0,4,1,1,1,7,-1,-1,-1,-1,1
2013621300401,1,11,0,3,0,1,0,0,0,0,1,1,1,1,9,5900,2,15,-1,1
2013621300401,2,11,0,3,0,1,0,0,0,0,2,1,2,1,7,-1,-1,-1,-1,1
2013621300403,1,9,0,3,0,0,0,0,0,0,1,1,6,3,-1,-1,-1,-1,-1,-1
2013621300403,2,9,0,3,0,0,0,0,0,0,2,1,6,1,7,1998,2,10,-1,1
2013621300404,1,9,0,9,0,1,0,4,0,0,3,1,6,1,3,1995,1,8,-1,1
2013621300404,2,9,0,2,0,1,0,0,0,0,4,1,6,3,-1,1796,1,13,-1,-1
2013621300404,3,9,0,2,0,1,0,0,0,0,3,1,1,1,7,1997,2,1,-1,1
2013621300405,1,9,0,18,0,0,0,0,0,0,2,1,6,1,9,2435,1,12,-1,2
2013621300405,2,9,0,3,0,0,0,0,0,0,2,1,6,1,10,1388,1,7,-1,3
2013621300406,1,9,0,18,0,0,0,0,0,0,1,1,6,2,6,1997,2,14,-1,1
2013621300406,2,9,0,4,0,0,0,0,0,0,2,1,6,1,7,-1,-1,-1,-1,1
2013621300407,1,19,0,18,0,1,1,0,0,0,1,1,1,1,6,1461,2,8,-1,1
2013621300407,2,9,0,7,0,6,0,0,0,0,1,1,1,2,9,1796,1,12,-1,1
2013621300408,1,19,0,18,0,4,0,0,0,0,1,1,6,1,8,2402,2,6,-1,1
2013621300408,2,9,0,4,0,4,0,0,0,0,2,1,6,1,8,1199,1,14,-1,2
2013621300409,1,9,0,18,0,1,0,0,0,0,3,1,2,1,7,1870,2,11,-1,1
2013621300410,1,9,0,18,0,0,0,0,7,0,1,1,6,1,7,1783,1,11,-1,1
2013621300410,2,9,0,2,0,0,0,0,0,0,2,1,6,3,-1,1399,1,2,-1,-1
2013621300410,3,9,0,2,0,0,0,0,0,0,1,1,6,3,-1,1390,1,2,-1,-1
2013621300411,1,8,0,18,0,0,0,0,0,0,4,1,1,1,8,1798,1,6,-1,1
2013621300412,1,9,0,18,0,0,0,0,0,7,3,1,1,1,9,1388,1,7,-1,1
2013621300413,1,9,0,18,0,0,0,0,0,0,1,1,6,1,10,1061,1,8,-1,2
2013621300414,1,9,0,18,0,0,5,0,1,10,1,1,6,1,4,1242,1,6,-1,1
2013621300415,1,9,0,18,0,0,0,0,1,10,3,1,6,1,5,1587,1,8,-1,2
2013621300416,1,9,0,4,0,1,0,0,0,0,1,1,6,1,7,1248,2,3,-1,3
2013621300416,2,9,0,3,0,1,0,0,0,0,2,1,1,2,8,1910,2,6,-1,1
2013621300416,3,9,0,3,0,1,0,0,0,0,2,1,6,1,6,1596,1,5,-1,1
2013621300417,1,9,0,18,0,0,0,0,0,0,4,1,6,2,5,1149,1,10,-1,1
2013621300418,1,8,0,9,0,8,0,0,0,0,1,1,1,1,7,2184,2,10,-1,1
2013621300418,2,5,0,18,0,8,0,0,0,0,1,1,6,1,5,636,1,7,10,1
2013621300419,1,9,0,16,0,0,0,0,7,0,1,1,3,2,7,1997,2,2,-1,2
2013621300420,1,9,0,18,0,1,0,0,0,0,1,1,6,1,6,1598,1,14,-1,1
2013621300421,1,9,0,18,0,0,0,0,0,0,1,1,6,2,6,1360,1,7,-1,1
2013621300421,2,9,0,8,0,0,0,0,0,0,2,1,6,2,7,1796,1,12,-1,1
2013621300422,1,9,0,18,0,0,0,0,0,0,1,1,6,1,4,1587,1,9,-1,1
2013621300422,2,9,0,2,0,0,0,0,0,0,2,1,6,2,7,1598,2,2,-1,2
2013621300423,1,9,0,18,0,1,0,0,0,0,4,1,1,2,6,1390,1,8,-1,3
2013621300423,2,1,0,18,0,1,0,0,1,0,3,1,6,1,8,-1,-1,-1,-1,1
2013621300424,1,9,0,3,0,5,0,0,0,0,1,1,6,2,8,1199,1,11,-1,1
2013621300424,2,9,0,1,0,5,0,0,0,0,2,1,6,2,4,1299,1,12,-1,1
2013621300425,1,9,0,18,0,8,0,9,1,4,1,1,6,1,5,1796,1,13,-1,1
2013621300426,1,9,0,5,0,1,0,0,0,0,4,1,6,2,8,1493,2,8,-1,1
2013621300426,2,9,0,18,0,1,0,0,0,0,1,1,6,1,6,1388,1,7,-1,1
2013621300426,3,19,0,3,0,1,0,0,0,0,1,1,6,1,7,1598,2,-1,-1,2
2013621300427,1,3,0,9,0,8,1,0,0,0,1,1,6,1,7,125,1,6,-1,1
2013621300427,2,9,0,18,0,8,0,0,0,0,1,1,6,1,8,2493,1,14,-1,1
2013621300428,1,3,0,16,0,1,0,10,3,10,1,1,6,1,7,124,1,7,-1,1
2013621300429,1,9,0,18,0,0,0,0,0,0,1,1,2,2,7,1149,1,11,-1,1
2013621300430,1,9,0,18,0,1,0,0,0,0,2,1,6,2,8,2477,2,9,-1,-1
2013621300430,2,9,0,18,0,1,0,0,0,0,1,1,6,1,7,1997,2,2,-1,1
2013621300431,1,9,0,5,0,8,0,0,0,0,1,1,6,1,7,1761,1,15,-1,1
2013621300431,2,1,0,9,0,8,0,0,0,0,4,1,6,1,7,-1,-1,-1,-1,1
2013621300432,1,9,0,18,0,0,5,0,1,4,1,1,6,2,5,1149,1,8,-1,1
2013621300433,1,8,0,18,0,8,0,0,0,0,1,1,1,1,7,1686,2,3,-1,1
2013621300433,2,9,0,18,0,8,0,0,0,0,1,1,1,2,8,1781,2,9,-1,1
2013621300434,1,9,0,18,0,0,0,0,0,0,1,1,6,2,6,1364,1,10,-1,1
2013621300434,2,9,0,2,0,0,0,0,0,0,2,1,6,3,-1,2490,1,16,-1,-1
2013621300434,3,9,0,2,0,0,0,0,0,0,0,1,6,3,-1,998,1,1,-1,-1
2013621300434,4,9,0,2,0,0,0,0,0,0,3,1,6,3,-1,-1,-1,-1,-1,-1
2013621300435,1,9,0,18,0,0,0,0,0,0,1,1,6,2,5,1388,1,11,-1,1
2013621300435,2,9,0,18,0,0,0,0,0,0,2,1,6,1,7,1997,2,12,-1,1
2013621300436,1,9,0,12,0,0,0,0,0,0,1,1,6,2,4,-1,-1,-1,-1,3
2013621300436,2,9,0,12,0,0,0,0,0,0,2,1,6,2,5,998,1,5,-1,1
2013621300436,3,9,0,2,0,0,0,0,0,0,3,1,6,3,-1,2435,1,14,-1,-1
2013621300437,1,9,0,18,0,0,0,0,0,0,1,1,6,2,6,1560,2,1,-1,2
2013621300438,1,9,0,16,0,0,1,0,0,0,1,1,6,2,5,1596,1,4,-1,1
2013621300438,2,9,0,16,0,0,0,0,0,0,2,1,6,1,8,1595,1,15,-1,1
2013621300438,3,9,0,16,0,0,0,0,0,0,2,1,6,1,9,1796,1,18,-1,1
2013621300439,1,9,0,17,0,0,1,0,0,0,1,1,6,2,8,2720,2,4,-1,1
2013621300439,2,9,0,16,0,0,1,0,0,0,1,1,6,2,8,2000,2,7,-1,3
2013621300440,1,9,0,18,0,0,1,0,1,1,1,1,2,2,6,1461,2,6,-1,2
2013621300441,1,1,0,18,0,1,0,0,0,0,1,1,6,1,8,-1,-1,-1,-1,1
2013621300441,2,19,0,9,0,5,0,0,0,0,4,1,6,1,5,2402,2,8,-1,1
2013621300442,1,9,0,18,0,8,0,0,0,0,3,1,6,1,6,1998,7,10,-1,1
2013621300443,1,11,0,18,0,0,0,0,0,0,1,1,1,1,7,3900,2,8,-1,1
2013621300444,1,9,0,9,0,6,0,0,0,0,3,1,1,1,7,-1,-1,-1,-1,1
2013621300444,2,9,0,18,0,8,0,0,0,0,1,1,1,1,7,1995,2,5,-1,1
2013621300445,1,9,0,18,0,8,0,0,0,0,1,1,6,1,9,1997,2,4,-1,2
2013621300445,2,11,0,2,0,8,0,0,0,0,1,1,1,1,8,4250,2,7,-1,1
2013621300446,1,9,0,17,0,0,0,0,0,0,0,1,6,3,-1,-1,-1,-1,-1,-1
2013621300446,2,9,0,16,0,0,0,0,0,0,1,1,6,1,8,1998,2,7,-1,1
2013621300446,3,9,0,16,0,0,0,0,0,0,2,1,6,1,8,1299,1,15,-1,1
2013621300447,1,9,0,15,0,0,0,0,0,0,4,1,6,3,-1,-1,-1,-1,-1,-1
2013621300448,1,9,0,18,0,0,0,0,0,0,1,1,6,1,6,2688,2,10,-1,1
2013621300448,2,8,0,3,0,0,0,0,0,0,2,1,6,1,9,1910,2,5,-1,1
2013621300449,1,9,0,12,0,0,0,0,0,0,0,1,6,3,-1,-1,-1,-1,-1,-1
2013621300449,2,11,0,18,0,0,0,0,0,0,0,1,1,1,10,11967,2,7,-1,2
2013621300450,1,9,0,5,0,2,0,0,0,0,1,1,6,1,5,1596,1,7,-1,1
2013621300450,2,3,0,18,0,2,0,0,0,0,4,1,6,1,4,125,1,2,-1,1
2013621300451,1,9,0,18,0,0,0,4,0,0,1,1,6,1,6,1588,1,9,-1,1
2013621300451,2,9,0,2,0,0,0,0,0,0,3,1,6,3,-1,1598,1,16,-1,-1
2013621300451,3,9,0,2,0,0,0,0,0,0,2,1,6,3,-1,-1,-1,-1,-1,-1
2013621300452,1,9,0,5,0,6,0,0,0,0,1,1,6,1,9,1582,2,6,-1,1
2013621300452,2,9,0,18,0,1,1,0,7,0,1,1,6,1,9,1595,1,12,-1,2
2013621300453,1,9,0,10,0,1,0,0,0,0,1,1,6,2,7,1397,1,12,-1,1
2013621300453,2,9,0,18,0,1,0,0,0,0,1,1,6,2,8,1560,2,2,-1,1
2013621300454,1,19,0,18,0,0,0,0,0,0,4,1,1,1,5,2402,2,13,-1,2
2013621300455,1,9,0,9,0,5,0,0,0,0,3,1,6,1,6,998,1,13,-1,1
2013621300455,2,1,0,18,0,5,0,0,0,0,1,1,6,1,6,-1,-1,-1,-1,1
2013621300456,1,9,0,18,0,1,0,0,1,1,1,1,6,1,11,1598,2,3,-1,2
2013621300457,1,9,0,18,0,0,0,0,0,0,4,1,6,1,10,1994,2,14,-1,1
2013621300458,1,19,0,18,0,8,0,0,0,0,1,1,1,1,8,2287,2,6,4,1
2013621300459,1,9,0,18,0,8,0,0,0,0,1,1,6,2,6,1339,1,6,-1,2
2013621300459,2,10,0,9,0,8,0,0,0,0,1,1,1,2,7,2402,2,10,-1,1
2013621300460,1,9,0,18,0,1,0,0,0,0,1,1,6,1,6,1596,1,9,-1,3
2013621300460,2,9,0,18,0,1,0,0,0,0,1,1,6,2,9,998,1,4,-1,1
2013621300461,1,9,0,1,0,2,0,0,0,0,2,1,6,1,9,2261,1,4,-1,1
2013621300463,1,9,0,18,0,4,0,0,0,0,1,1,6,2,7,1999,1,9,-1,2
2013621300463,2,9,0,5,0,4,0,0,0,0,2,1,6,1,7,1968,2,2,-1,1
2013621300464,1,9,0,18,0,0,0,12,0,0,1,1,1,1,7,1124,1,11,-1,1
2013621300465,1,9,0,18,0,4,0,0,0,0,3,1,6,2,5,1999,1,3,-1,3
2013621300465,2,9,0,9,0,3,0,0,0,0,1,1,6,2,4,998,1,7,-1,1
2013621300466,1,9,0,13,0,0,0,0,0,0,1,1,6,1,8,1332,1,8,-1,1
2013621300466,2,9,0,18,0,0,0,0,0,0,1,1,6,1,10,1289,1,15,-1,2
2013621300467,1,9,0,18,0,1,0,0,0,0,1,1,6,1,8,1396,1,23,-1,1
2013621300467,2,9,0,4,0,1,0,0,0,0,2,1,6,2,10,1348,1,12,-1,3
2013621300468,1,9,0,18,0,0,0,0,0,0,1,1,6,2,7,998,1,11,-1,1
2013621300468,2,9,0,18,0,0,0,0,0,0,2,1,6,1,5,1461,2,5,-1,1
2013621300469,1,9,0,18,0,1,0,0,0,0,1,1,6,1,6,2401,2,7,-1,1
2013621300469,2,9,0,10,0,1,0,0,0,0,2,1,6,2,7,1590,1,1,-1,1
2013621300470,1,9,0,9,0,6,0,0,0,0,1,1,6,1,7,-1,-1,-1,-1,1
2013621300470,2,9,0,18,0,8,0,0,0,0,4,1,6,1,6,1242,1,11,-1,1
2013621300471,1,3,0,7,0,8,1,10,0,0,1,1,6,1,7,-1,-1,-1,-1,1
2013621300472,1,9,0,5,0,1,0,0,0,0,1,1,2,1,6,1998,2,1,-1,1
2013621300472,2,9,0,5,0,1,0,0,0,0,2,1,2,1,6,1560,2,2,-1,3
2013621300472,3,9,0,5,0,1,0,0,0,0,2,1,2,2,6,1149,1,14,-1,1
2013621300473,1,9,0,18,0,1,0,0,0,0,3,1,6,1,6,1299,1,11,-1,1
2013621300473,2,19,0,18,0,2,0,0,0,0,3,1,1,1,8,1998,2,9,-1,1
2013621300474,1,9,0,3,0,4,0,0,0,0,1,1,6,1,8,1968,2,6,-1,1
2013621300474,2,9,0,3,0,4,0,0,0,0,2,1,6,1,6,1396,1,10,-1,1
2013621300475,1,9,0,9,0,8,0,0,0,0,1,1,6,2,6,1910,2,7,-1,1
2013621300476,1,9,0,18,0,0,0,0,0,0,1,1,6,2,5,1349,1,1,-1,1
2013621300477,1,9,0,10,0,1,0,0,0,0,2,1,6,2,4,973,1,11,-1,2
2013621300477,2,9,0,18,0,1,0,0,0,0,1,1,6,1,9,1840,1,12,-1,2
2013621300478,1,19,0,4,0,0,0,0,0,0,1,1,1,1,4,1753,2,10,-1,3
2013621300478,2,9,0,4,0,0,0,0,0,0,2,1,2,1,6,1781,1,14,-1,1
2013621300478,3,19,0,4,0,0,0,0,0,0,2,1,1,1,4,1560,2,6,-1,2
2013621300479,1,9,0,5,0,0,0,0,0,0,3,1,6,1,8,1461,2,5,-1,3
2013621300479,2,9,0,4,0,0,0,0,0,0,0,1,6,2,4,1149,1,13,-1,1
2013621300479,3,11,0,18,0,0,0,0,0,0,0,1,1,3,-1,-1,-1,-1,-1,-1
2013621300479,4,90,0,2,0,0,0,0,0,0,0,1,6,3,-1,-1,-1,-1,-1,-1
2013621300479,5,9,0,2,0,0,0,0,0,0,0,1,6,3,-1,1388,1,9,-1,-1
2013621300480,1,9,0,18,0,2,0,0,0,0,3,1,6,2,6,1560,2,6,-1,2
2013621300481,1,10,0,18,0,4,0,0,0,0,3,1,1,2,7,2402,2,10,-1,1
2013621300481,2,3,0,18,0,3,1,0,0,0,1,1,2,1,8,98,1,24,-1,1
2013621300482,1,8,0,4,0,0,0,0,0,0,0,1,1,1,8,1997,2,5,-1,1
2013621300483,1,9,0,9,0,8,0,0,0,0,1,1,6,1,11,1242,1,4,-1,1
2013621300483,2,1,0,18,0,8,0,0,0,0,1,1,6,1,6,-1,-1,-1,-1,3
2013621300484,1,9,0,18,0,0,0,0,0,0,4,1,6,1,10,1248,1,4,-1,1
2013621300485,1,9,0,4,0,0,2,0,1,1,1,1,6,1,11,-1,-1,-1,-1,1
2013621300486,1,9,0,18,0,0,0,0,0,0,1,1,6,1,8,1399,2,2,-1,1
2013621300487,1,9,0,18,0,2,1,0,0,0,1,1,6,2,5,1197,1,1,-1,2
2013621300487,2,9,0,4,0,2,0,0,0,0,2,1,6,2,7,1994,1,10,-1,1
2013621300487,3,19,0,18,0,2,0,0,0,6,4,1,6,1,9,2178,2,9,-1,1
2013621300488,1,9,0,18,0,0,0,4,1,0,1,1,6,2,11,1598,2,2,-1,1
2013621300488,2,9,0,2,0,0,0,0,0,0,2,1,6,3,-1,1896,2,5,-1,-1
2013621300489,1,9,0,10,0,1,0,0,0,0,4,1,6,1,9,1587,1,10,-1,1
2013621300490,1,9,0,18,0,2,0,0,0,0,4,1,6,3,-1,-1,-1,-1,-1,-1
2013621300491,1,9,0,3,0,4,0,0,0,0,1,1,6,3,-1,-1,-1,-1,-1,-1
2013621300491,2,9,0,3,0,4,0,0,0,0,2,1,6,2,4,1299,1,12,-1,1
2013621300492,1,9,0,18,0,0,0,0,0,0,1,1,6,2,11,1242,1,2,-1,2
2013621300493,1,9,0,7,0,2,0,0,0,0,1,1,6,1,10,1995,1,8,-1,1
2013621300494,1,9,0,18,0,1,0,7,0,0,1,1,6,1,5,1995,1,9,-1,1
2013621300495,1,19,0,7,0,2,0,0,0,0,1,1,6,1,7,1870,2,8,-1,1
2013621300496,1,9,0,14,0,0,0,0,0,0,4,1,1,1,5,-1,-1,-1,-1,3
2013621300497,1,9,0,3,0,1,0,0,0,0,1,1,2,2,4,998,1,9,-1,1
2013621300497,2,9,0,3,0,1,0,0,0,0,2,1,1,1,7,1998,2,10,-1,1
2013621300497,3,11,0,10,0,1,0,0,0,0,2,1,1,1,9,9600,2,16,-1,-1
2013621300498,1,9,0,5,0,4,0,0,7,10,4,1,6,1,8,1598,1,3,-1,1
2013621300498,2,9,0,5,0,4,0,0,0,0,3,1,6,1,7,1587,1,8,-1,1
2013621300499,1,10,0,9,0,1,0,0,0,0,1,1,1,1,5,2461,2,3,-1,2
2013621300499,2,4,0,18,0,1,0,0,0,0,1,1,2,1,4,125,1,3,-1,3
2013621300500,1,11,0,18,0,1,0,0,0,0,1,1,1,1,9,5883,2,12,-1,-1
2013621300500,2,9,0,3,0,1,0,0,0,0,2,1,6,1,7,1997,2,10,-1,1
2013621300501,1,9,0,9,0,6,0,0,0,0,3,1,6,2,5,1242,1,14,-1,1
2013621300501,2,9,0,18,0,1,0,0,0,0,1,1,6,1,6,-1,-1,-1,-1,1
2013621300502,1,9,0,3,0,0,0,0,0,0,1,1,1,2,6,1396,1,9,-1,1
2013621300502,2,9,0,3,0,0,0,0,0,0,2,1,2,2,7,1493,2,7,-1,3
2013621300502,3,9,0,3,0,0,1,0,0,0,2,1,2,2,6,1124,1,13,-1,1
2013621300503,1,9,0,9,0,6,0,0,0,0,1,1,6,2,5,1686,2,8,-1,2
2013621300503,2,9,0,18,0,8,0,0,0,0,3,1,6,1,5,2143,2,3,-1,2
2013621300504,1,9,0,5,0,4,0,0,0,0,3,1,6,1,6,1396,1,14,-1,1
2013621300504,2,1,0,18,0,8,0,0,0,0,2,1,6,2,5,-1,-1,-1,-1,1
2013621300505,1,9,0,18,0,0,1,7,5,6,-1,1,6,1,4,-1,-1,-1,-1,3
2013621300505,2,9,0,18,0,0,1,7,5,0,-1,1,6,2,4,998,1,7,-1,1
2013621300505,3,9,0,18,0,0,1,0,0,0,-1,1,6,2,7,1149,1,12,-1,1
2013621300505,4,21,1,18,0,0,0,0,0,0,-1,1,1,1,6,12419,2,2,-1,1
2013621300505,5,8,0,16,0,0,1,0,0,0,-1,1,6,2,5,-1,-1,-1,-1,2
2013621300506,1,9,0,18,0,8,0,0,0,0,1,1,6,2,6,1397,1,11,-1,1
2013621300506,2,9,0,18,0,8,0,0,0,0,2,1,6,1,8,1598,1,5,-1,1
2013621300507,1,5,0,18,0,0,1,0,0,0,1,1,6,1,8,1261,1,10,-1,1
2013621300508,1,9,0,5,0,8,0,0,0,0,4,1,6,1,4,1299,1,14,-1,1
2013621300508,2,9,0,18,0,8,0,0,0,0,1,1,6,2,8,2967,2,3,-1,2
2013621300509,1,9,0,18,0,2,0,0,0,0,4,1,6,3,-1,-1,-1,-1,-1,-1
2013621300510,1,9,0,1,0,0,0,0,0,0,0,1,6,2,8,1600,2,8,-1,2
2013621300510,2,11,0,18,0,0,0,0,0,0,0,1,1,1,6,9000,2,7,-1,1
2013621300511,1,9,0,18,0,0,1,0,7,6,4,1,2,2,9,1587,1,12,-1,2
2013621300511,2,9,0,18,0,0,1,0,7,0,1,1,2,2,5,1248,2,3,-1,1
2013621300512,1,9,0,18,0,1,0,0,0,0,4,1,6,1,11,1998,1,9,-1,1
2013621300512,2,9,0,2,0,1,0,0,0,0,3,1,6,3,-1,1461,2,4,-1,-1
2013621300513,1,9,0,9,0,8,0,0,0,0,1,1,6,2,5,1242,1,14,-1,2
2013621300513,2,9,0,18,0,8,0,0,0,0,1,1,6,1,5,1248,2,5,-1,1
2013621300514,1,9,0,18,0,0,5,0,0,0,4,1,6,2,11,1597,1,13,-1,1
2013621300514,2,19,0,2,0,0,0,0,0,0,4,1,6,3,-1,2198,2,-1,-1,-1
2013621300516,1,9,0,9,0,1,0,0,0,0,4,1,6,1,4,1242,1,2,-1,1
2013621300516,2,9,0,18,0,1,0,0,0,0,1,1,6,1,6,1560,2,6,-1,2
2013621300517,1,9,0,1,0,1,0,0,0,0,3,1,6,1,4,1124,1,10,-1,2
2013621300517,2,9,0,1,0,1,0,0,0,0,2,1,6,2,4,1242,1,3,-1,1
2013621300518,1,9,0,9,0,5,0,0,0,0,3,1,3,2,7,1968,2,3,-1,1
2013621300518,2,5,0,18,0,1,0,0,0,0,1,1,1,1,8,1002,1,14,-1,1
2013621300519,1,9,0,18,0,1,0,0,7,4,4,1,6,1,6,1389,1,12,-1,3
2013621300520,1,9,0,16,0,0,0,0,0,0,1,1,6,1,6,1700,2,15,-1,2
2013621300520,2,9,0,17,0,0,0,0,0,0,1,1,6,1,8,1896,2,3,-1,2
2013621300521,1,9,0,16,0,0,2,10,1,3,1,1,6,1,5,1998,1,9,-1,1
2013621300522,1,9,0,18,0,0,5,0,7,0,1,1,6,1,6,2497,1,11,-1,2
2013621300523,1,9,0,18,0,0,2,0,2,10,1,1,1,1,6,1229,1,8,-1,1
2013621300524,1,9,0,18,0,2,0,0,0,0,1,1,6,3,-1,-1,-1,-1,-1,-1
2013621300524,2,9,0,18,0,2,0,0,0,0,2,1,2,2,6,1397,1,12,-1,1
2013621300526,1,9,0,9,0,1,0,0,0,0,1,1,6,1,4,1298,1,11,-1,1
2013621300526,2,9,0,18,0,1,0,0,0,0,3,1,2,1,7,1399,2,4,-1,1
2013621300527,1,20,0,18,0,6,0,0,0,0,1,1,1,1,7,3920,2,-1,-1,-1
2013621300527,2,9,0,18,0,1,0,0,0,0,4,1,1,1,7,-1,-1,-1,-1,1
2013621300528,1,9,0,15,0,0,0,0,0,0,4,1,2,2,9,1975,1,4,-1,3
2013621300528,2,9,0,2,0,0,0,0,0,0,2,1,6,1,9,1999,1,9,-1,3
2013621300529,1,9,0,9,0,2,0,0,0,0,3,1,6,2,6,1242,1,-1,-1,2
2013621300529,2,2,0,18,0,1,0,0,0,0,1,1,6,1,4,49,1,4,-1,3
2013621300530,1,9,0,18,0,0,2,0,8,3,1,1,6,3,-1,1998,1,17,-1,-1
2013621300531,1,9,0,16,0,0,1,0,0,0,1,1,6,3,-1,1910,2,5,-1,-1
2013621300531,2,9,0,17,0,0,0,0,0,0,1,1,6,1,5,1396,1,1,-1,2
2013621300532,1,9,0,18,0,0,0,0,0,0,1,1,6,1,6,1242,1,12,-1,1
2013621300533,1,9,0,9,0,1,0,0,0,0,1,1,6,1,9,1896,2,5,-1,2
2013621300533,2,9,0,18,0,8,0,0,1,7,3,1,6,1,4,1910,2,7,-1,1
2013621300534,1,9,0,15,0,0,0,0,0,0,1,1,6,3,-1,1149,1,12,-1,-1
2013621300534,2,9,0,18,0,0,0,0,0,0,0,1,6,3,-1,-1,-1,-1,-1,-1
2013621300534,3,9,0,4,0,0,0,0,0,0,1,1,6,1,7,1986,2,8,-1,1
2013621300535,1,9,0,18,0,4,0,0,0,0,1,1,6,1,4,1242,1,11,-1,1
2013621300535,2,9,0,3,0,4,0,0,0,0,2,1,6,2,5,1390,1,12,-1,2
2013621300536,1,9,0,18,0,0,0,0,0,0,4,1,6,1,7,1598,1,6,-1,1
2013621300537,1,9,0,17,0,0,2,10,8,10,1,1,6,1,6,1800,1,13,-1,1
2013621300538,1,9,0,16,0,0,0,0,1,2,1,1,6,1,7,1461,2,3,-1,1
2013621300539,1,11,0,18,0,1,0,0,0,0,1,1,1,1,6,6374,2,1,-1,1
2013621300539,2,9,0,3,0,1,0,0,0,0,2,1,3,2,9,4293,1,9,-1,1
2013621300540,1,8,0,3,0,0,0,0,0,0,4,1,1,1,6,1997,2,9,-1,1
2013621300541,1,9,0,7,0,5,0,0,0,0,4,1,6,3,-1,-1,-1,-1,-1,-1