Accident_Index,Vehicle_Reference,Vehicle_Type,Towing_and_Articulation,Vehicle_Manoeuvre,Vehicle_Location-Restricted_Lane,Junction_Location,Skidding_and_Overturning,Hit_Object_in_Carriageway,Vehicle_Leaving_Carriageway,Hit_Object_off_Carriageway,1st_Point_of_Impact,Was_Vehicle_Left_Hand_Drive?,Journey_Purpose_of_Driver,Sex_of_Driver,Age_Band_of_Driver,Engine_Capacity_(CC),Propulsion_Code,Age_of_Vehicle,Driver_IMD_Decile,Driver_Home_Area_Type
2013621300698,1,9,0,18,0,0,1,0,0,0,1,1,6,1,5,1984,1,7,-1,2
2013621300698,2,9,0,18,0,0,0,0,0,0,1,1,6,1,7,1686,2,8,-1,1
2013621300699,1,9,0,9,0,1,0,0,0,0,1,1,2,1,8,1497,1,11,-1,1
2013621300699,2,9,0,18,0,1,0,0,0,0,1,1,6,2,5,1242,1,15,-1,1
2013621300700,1,9,0,18,0,2,0,0,0,0,2,1,6,1,9,1229,1,6,-1,1
2013621300701,1,4,0,16,0,0,1,0,0,0,0,1,6,2,7,398,1,5,-1,1
2013621300702,1,9,0,5,0,0,0,0,0,0,4,1,1,1,8,1896,2,10,-1,1
2013621300703,1,9,0,18,0,0,0,0,0,0,4,1,6,3,-1,-1,-1,-1,-1,-1
2013621300703,2,1,0,18,0,0,0,0,0,0,3,1,6,1,6,-1,-1,-1,-1,1
2013621300704,1,9,0,5,0,0,0,0,0,0,1,1,6,2,8,1150,1,8,-1,3
2013621300704,2,19,0,18,0,0,0,11,7,10,1,1,1,1,7,1995,2,6,-1,1
2013621300705,1,9,0,18,0,0,0,0,0,0,0,1,6,2,4,1124,1,13,-1,3
2013621300706,1,9,0,4,0,1,0,0,0,0,1,1,6,1,4,1360,1,13,-1,1
2013621300706,2,19,0,4,0,1,0,0,0,0,2,1,6,1,7,2198,2,1,-1,1
2013621300707,1,9,0,18,0,8,1,0,0,0,1,1,6,3,-1,-1,-1,-1,-1,-1
2013621300707,2,9,0,18,0,8,1,0,7,4,1,1,6,1,6,993,1,13,-1,1
2013621300708,1,2,0,16,0,1,0,0,0,0,1,1,6,1,4,124,1,6,-1,1
2013621300708,2,9,0,7,0,2,0,0,0,0,1,1,1,2,5,1149,1,5,-1,1
2013621300709,1,5,0,18,0,0,0,0,0,0,1,1,6,1,7,599,1,14,-1,1
2013621300709,2,9,0,18,0,0,0,0,0,0,3,1,6,2,8,2179,2,2,-1,3
2013621300710,1,9,0,18,0,1,0,0,0,0,1,1,6,2,9,1560,2,1,-1,1
2013621300710,2,1,0,18,0,1,0,0,0,0,2,1,6,1,7,-1,-1,-1,-1,1
2013621300711,1,9,0,18,0,8,0,0,3,10,1,1,2,1,9,1968,2,-1,-1,1
2013621300712,1,9,0,4,0,1,0,0,0,0,3,1,6,2,8,998,1,9,-1,1
2013621300713,1,9,0,18,0,0,0,0,0,0,4,1,6,2,8,1560,2,3,-1,2
2013621300714,1,9,0,18,0,3,0,0,0,0,4,1,6,1,5,1997,2,5,-1,1
2013621300714,2,11,0,18,0,8,0,0,0,0,3,1,1,1,7,-1,2,15,-1,1
2013621300715,1,9,0,18,0,2,0,0,0,0,1,1,1,1,5,1686,2,8,-1,1
2013621300715,2,9,0,3,0,2,0,0,0,0,2,1,1,1,6,1229,1,6,-1,1
2013621300716,1,9,0,18,0,0,0,0,0,0,1,1,1,2,5,1364,1,8,-1,3
2013621300716,2,9,0,18,0,0,0,0,0,0,2,1,1,2,7,1242,1,1,-1,1
2013621300716,3,9,0,18,0,0,0,0,0,0,2,1,1,1,6,-1,-1,-1,-1,1
2013621300717,1,9,0,18,0,0,0,0,0,0,3,1,1,2,8,1108,1,12,-1,1
2013621300718,1,9,0,4,0,1,0,0,0,0,1,1,6,1,5,1995,1,11,-1,1
2013621300718,2,9,0,8,0,1,0,0,0,0,2,1,6,2,4,1124,1,6,-1,1
2013621300719,1,9,0,18,0,0,1,0,0,0,1,1,6,1,4,1149,1,12,-1,1
2013621300719,2,9,0,18,0,0,0,0,0,0,2,1,6,1,10,1596,1,9,-1,1
2013621300719,3,9,0,18,0,0,0,0,0,0,3,1,6,2,8,973,1,10,-1,1
2013621300720,1,20,0,17,0,8,5,0,1,1,3,1,1,1,8,-1,-1,-1,-1,3
2013621300720,2,9,0,17,0,8,0,0,0,0,4,1,6,2,6,1498,1,4,-1,1
2013621300721,1,9,0,18,0,1,0,0,0,0,3,1,6,2,6,1396,1,10,-1,1
2013621300722,1,9,0,15,0,0,0,0,0,0,1,1,1,1,9,1997,2,9,-1,1
2013621300722,2,21,0,2,0,0,0,0,0,0,2,2,6,3,-1,-1,-1,-1,-1,-1
2013621300723,1,9,0,18,0,2,0,0,0,6,2,1,6,1,7,1956,2,2,-1,2
2013621300724,1,20,1,18,0,0,4,11,4,9,1,1,1,1,8,-1,-1,-1,-1,1
2013621300724,2,19,0,18,0,0,5,11,1,10,1,1,1,1,7,2198,2,5,-1,1
2013621300725,1,9,0,7,0,6,0,0,0,0,3,1,6,1,7,1762,1,16,-1,1
2013621300725,2,9,0,18,0,8,0,0,0,0,1,1,6,2,6,1298,1,11,-1,2
2013621300726,1,9,0,13,0,0,0,0,0,0,4,1,6,2,9,1329,1,2,-1,1
2013621300726,2,1,0,18,0,0,0,0,0,0,3,1,6,1,9,-1,-1,-1,-1,1
2013621300727,1,19,0,18,0,0,0,0,0,0,4,1,1,1,6,1995,2,2,-1,1
2013621300728,1,9,0,5,0,6,0,0,0,0,4,1,4,2,9,1390,1,3,-1,2
2013621300728,2,9,0,18,0,1,0,0,0,0,3,1,6,2,6,1596,1,8,-1,1
2013621300729,1,19,0,18,0,0,0,0,0,0,1,1,1,1,8,2143,2,2,1,1
2013621300729,2,9,0,18,0,0,0,0,0,0,2,1,1,2,8,996,1,3,-1,1
2013621300730,1,9,0,17,0,0,1,0,2,4,1,1,2,1,5,1364,1,3,-1,1
2013621300731,1,9,0,18,0,0,1,0,0,0,1,1,1,1,9,1896,2,8,-1,1
2013621300731,2,9,0,4,0,0,0,0,0,0,2,1,2,2,6,1299,1,9,-1,2
2013621300732,1,9,0,9,0,1,0,0,0,0,3,1,1,2,8,998,1,2,-1,2
2013621300732,2,5,0,18,0,1,0,0,0,0,1,1,6,1,8,750,1,1,-1,1
2013621300733,1,9,0,18,0,0,0,0,0,0,4,1,6,1,11,1400,1,13,-1,1
2013621300734,1,9,0,18,0,8,5,0,1,0,1,1,6,1,11,1998,1,16,-1,1
2013621300734,2,9,0,18,0,8,1,0,1,0,2,1,6,1,10,1388,1,11,-1,1
2013621300735,1,9,0,6,0,0,0,0,0,0,3,1,6,1,11,1390,1,7,-1,1
2013621300735,2,1,0,18,0,0,0,0,0,0,1,1,2,1,7,-1,-1,-1,-1,3
2013621300736,1,9,0,9,0,8,5,11,0,10,3,1,6,1,10,1242,1,11,-1,1
2013621300737,1,9,0,9,0,1,0,0,0,0,4,1,6,1,9,1582,2,2,-1,1
2013621300737,2,9,0,18,0,1,0,0,0,0,3,1,6,1,10,1242,1,5,-1,1
2013621300738,1,9,0,18,0,1,0,0,3,0,1,1,6,2,10,1598,2,-1,-1,2
2013621300739,1,9,0,4,0,4,0,0,0,0,1,1,6,2,4,1299,1,11,-1,2
2013621300739,2,9,0,4,0,4,0,0,0,0,1,1,6,1,4,1895,1,14,-1,1
2013621300740,1,20,0,18,0,1,0,0,0,0,1,1,1,1,6,2287,2,2,-1,1
2013621300740,2,9,0,18,0,1,0,0,0,0,2,1,6,1,6,1368,1,6,-1,2
2013621300741,1,9,0,1,0,0,0,0,0,0,2,1,6,2,5,1598,1,4,-1,1
2013621300742,1,9,0,9,0,1,0,0,0,0,1,1,6,2,9,1149,1,11,-1,1
2013621300742,2,9,0,18,0,1,0,0,0,0,3,1,6,1,9,1360,1,13,-1,1
2013621300743,1,9,0,9,0,5,0,0,0,0,4,1,6,1,11,1598,1,8,-1,1
2013621300743,2,9,0,18,0,8,0,0,0,0,1,1,6,1,4,1229,1,5,-1,1
2013621300744,1,9,0,18,0,0,2,10,0,0,1,1,6,1,4,1461,2,3,-1,3
2013621300745,1,11,0,17,0,8,0,4,0,0,1,1,1,1,5,-1,2,15,-1,1
2013621300745,2,21,1,4,0,8,0,0,1,0,1,1,1,1,6,-1,-1,-1,-1,2
2013621300746,1,9,0,18,0,4,0,0,0,0,1,1,2,1,6,2494,2,3,-1,1
2013621300746,2,9,0,9,0,3,0,0,0,0,4,1,2,2,7,1124,1,11,-1,1
2013621300747,1,9,0,18,0,7,1,0,0,0,1,1,6,1,6,1796,1,12,-1,1
2013621300747,2,9,0,18,0,7,0,0,1,7,2,1,6,1,5,1998,1,5,-1,1
2013621300748,1,8,0,4,0,1,0,0,0,0,1,1,1,1,7,2148,2,5,-1,1
2013621300748,2,8,0,4,0,1,0,0,0,0,2,1,1,1,7,1896,2,6,-1,1
2013621300749,1,9,0,9,0,1,0,0,0,0,1,1,6,2,6,1242,1,5,-1,1
2013621300749,2,1,0,18,0,8,0,0,1,0,1,1,6,1,2,-1,-1,-1,-1,1
2013621300750,1,9,0,4,0,0,1,0,0,0,1,1,6,1,8,1498,1,43,-1,1
2013621300750,2,9,0,4,0,0,0,0,0,0,2,1,1,1,6,-1,-1,-1,-1,3
2013621300751,1,9,0,18,0,0,0,0,7,10,1,1,6,1,7,2494,1,13,-1,2
2013621300752,1,9,0,18,0,0,0,4,0,0,1,1,6,2,10,1198,1,3,-1,1
2013621300752,2,9,0,18,0,0,0,0,0,0,2,1,6,1,7,1389,1,17,-1,1
2013621300752,3,9,0,2,0,0,5,4,0,0,2,1,6,3,-1,998,1,19,-1,-1
2013621300752,4,9,0,2,0,0,1,0,0,0,2,1,6,3,-1,1560,2,5,-1,-1
2013621300753,1,9,0,18,0,1,5,0,0,6,4,1,6,2,10,1560,2,4,9,1
2013621300754,1,1,0,18,0,0,0,0,0,0,1,1,6,1,8,-1,-1,-1,-1,3
2013621300755,1,9,0,4,0,1,0,0,0,0,2,1,6,1,6,1956,2,2,-1,1
2013621300755,2,90,0,2,0,2,0,0,0,0,2,1,6,3,-1,2000,2,10,-1,-1
2013621300756,1,9,0,4,0,8,0,0,0,0,1,1,1,1,6,1896,2,9,-1,1
2013621300756,2,9,0,4,0,8,0,0,0,0,2,1,6,1,8,1753,2,11,-1,1
2013621300756,3,9,0,4,0,8,0,0,0,0,2,1,6,2,9,1598,1,6,-1,1
2013621300756,4,9,0,4,0,8,0,0,0,0,2,1,6,1,8,1598,1,4,-1,1
2013621300757,1,9,0,18,0,0,0,0,0,0,1,1,6,1,7,1461,2,8,-1,1
2013621300757,2,9,0,18,0,0,0,0,0,0,2,1,6,2,8,1796,1,1,-1,2
2013621300759,1,9,0,6,0,0,0,0,0,0,4,1,6,1,7,2496,2,11,-1,1
2013621300759,2,5,0,18,0,0,0,0,0,0,1,1,6,1,7,599,1,12,-1,1
2013621300760,1,9,0,18,0,8,0,0,0,0,1,1,6,1,6,1388,1,11,-1,1
2013621300760,2,9,0,18,0,8,0,0,0,0,3,1,1,2,5,1332,1,16,-1,1
2013621300761,1,5,0,18,0,0,0,0,0,0,0,1,6,3,-1,-1,-1,-1,-1,-1
2013621300761,2,9,0,18,0,0,0,0,1,0,1,1,6,2,4,1360,1,13,-1,1
2013621300762,1,9,0,11,0,8,0,0,0,0,4,1,1,1,4,1199,1,11,-1,1
2013621300762,2,19,0,17,0,8,1,0,0,0,3,1,1,1,5,2500,2,7,-1,1
2013621300763,1,9,0,18,0,0,0,0,0,0,0,1,6,3,-1,-1,-1,-1,-1,-1
2013621300763,2,1,0,4,0,0,0,0,1,9,0,1,6,1,7,-1,-1,-1,-1,1
2013621300764,1,9,0,18,0,0,0,0,0,0,1,1,1,1,8,1995,2,5,-1,2
2013621300764,2,9,0,18,0,0,0,0,0,0,2,1,6,2,4,1229,1,4,-1,1
2013621300765,1,9,0,18,0,0,0,0,0,0,4,1,6,2,8,1390,1,11,-1,1
2013621300766,1,9,0,1,0,0,0,0,0,0,2,1,6,1,7,1984,1,18,-1,1
2013621300767,1,9,0,7,0,5,1,0,0,0,1,1,6,2,4,1390,1,10,-1,1
2013621300767,2,9,0,4,0,1,0,0,0,0,1,1,6,2,6,1400,1,8,-1,1
2013621300768,1,9,0,18,0,4,0,0,0,9,0,1,6,2,7,2204,2,5,-1,1
2013621300769,1,1,0,18,0,8,0,0,0,0,3,1,6,1,7,-1,-1,-1,-1,1
2013621300769,2,9,0,18,0,4,0,0,0,0,1,1,6,1,7,1389,1,13,-1,1
2013621300770,1,9,0,18,0,0,0,0,0,0,1,1,6,1,11,1390,1,17,-1,2
2013621300771,1,9,0,3,0,1,0,0,0,0,1,1,2,2,5,1587,1,12,-1,2
2013621300771,2,9,0,5,0,1,0,0,0,0,2,1,2,1,6,4163,1,6,-1,1
2013621300772,1,1,0,18,0,0,0,0,0,0,3,1,6,1,4,-1,-1,-1,-1,1
2013621300772,2,9,0,18,0,0,0,0,0,0,1,1,1,1,6,1910,2,6,-1,1
2013621300773,1,3,0,4,0,8,0,0,0,0,2,1,6,2,7,-1,-1,-1,-1,1
2013621300773,2,20,0,18,0,8,0,0,0,0,1,1,1,1,6,8970,2,8,-1,1
2013621300774,1,9,0,9,0,8,0,0,0,0,1,1,6,1,7,1956,2,1,-1,3
2013621300774,2,9,0,18,0,8,0,11,0,0,1,1,6,1,5,1598,1,7,-1,1
2013621300775,1,9,0,9,0,8,1,0,0,0,3,1,6,1,8,2477,2,7,-1,3
2013621300776,1,9,0,18,0,3,0,0,0,0,4,1,1,1,6,-1,-1,-1,-1,2
2013621300776,2,9,0,18,0,3,0,0,0,0,3,1,1,1,8,-1,-1,-1,-1,1
2013621300777,1,20,0,18,0,1,0,0,0,0,4,1,1,1,9,4580,2,4,-1,1
2013621300778,1,9,0,18,0,8,0,0,0,0,1,1,6,1,5,1242,1,14,-1,1
2013621300778,2,9,0,18,0,1,0,0,0,0,3,1,6,2,5,1275,1,20,-1,1
2013621300779,1,5,0,5,0,2,0,0,0,0,3,1,6,1,11,1188,1,22,-1,1
2013621300780,1,1,0,18,0,8,0,0,0,0,3,1,6,1,4,-1,-1,-1,-1,1
2013621300780,2,9,0,18,0,8,0,0,0,0,1,1,6,2,9,1560,2,2,-1,1
2013621300781,1,9,0,9,0,6,0,0,0,0,1,1,6,1,5,1997,2,6,-1,3
2013621300782,1,9,0,18,0,0,0,0,0,0,1,1,2,1,9,1896,2,12,-1,1
2013621300784,1,9,0,18,0,0,0,0,0,0,4,1,6,1,6,2993,2,5,-1,1
2013621300785,1,19,0,18,0,0,0,0,1,0,1,1,1,1,6,2798,2,9,-1,2
2013621300785,2,9,0,2,6,0,0,0,0,0,2,1,1,1,8,1998,2,4,-1,1
2013621300785,3,19,0,2,8,0,0,0,0,0,2,1,1,3,-1,1300,2,6,-1,-1
2013621300786,1,9,0,18,0,1,0,0,0,0,1,1,6,2,5,1229,1,8,-1,1
2013621300786,2,9,0,18,0,1,0,0,0,0,2,1,1,1,6,1995,1,10,-1,1
2013621300787,1,5,0,18,0,0,1,0,1,10,1,1,6,1,7,748,1,23,-1,1
2013621300788,1,9,0,5,0,1,0,0,0,0,1,1,6,2,4,1242,1,12,-1,2
2013621300788,2,9,0,18,0,1,0,4,0,0,4,1,6,1,8,1896,2,10,-1,1
2013621300788,3,9,0,2,0,1,0,0,0,0,2,1,6,3,-1,996,1,-1,-1,-1
2013621300789,1,9,0,9,0,6,0,0,0,0,1,1,6,2,7,1124,1,11,-1,1
2013621300789,2,8,0,18,0,8,0,0,0,0,3,1,1,1,8,1598,2,2,-1,1
2013621300790,1,9,0,9,0,6,0,0,0,0,3,1,6,2,7,1796,1,7,-1,1
2013621300791,1,9,0,18,0,8,0,0,0,0,1,1,6,1,6,1968,2,9,-1,1
2013621300791,2,9,0,4,0,8,0,0,0,0,2,1,6,1,8,973,1,11,-1,-1
2013621300791,3,9,0,4,0,8,0,0,0,0,2,1,6,2,7,1206,1,3,-1,1
2013621300792,1,9,0,16,0,0,1,0,0,0,1,1,2,2,7,1910,2,12,-1,3
2013621300792,2,11,0,17,0,0,0,0,0,0,1,1,1,2,8,4250,2,8,-1,1
2013621300793,1,9,0,18,0,0,0,0,7,10,3,1,6,2,9,2793,1,15,-1,1
2013621300794,1,9,0,18,0,8,1,0,2,7,1,1,6,2,9,1769,1,13,-1,1
2013621300795,1,9,0,18,0,1,0,0,0,0,4,1,6,1,5,1390,1,6,-1,3
2013621300795,2,9,0,18,0,1,0,0,0,0,1,1,6,2,7,1997,2,13,-1,1
2013621300796,1,19,0,12,0,8,0,0,0,0,4,1,1,1,6,3920,2,6,-1,2
2013621300796,2,9,0,18,0,8,0,0,1,0,3,1,1,1,6,1242,1,-1,-1,1
2013621300797,1,5,0,18,0,1,1,0,0,0,0,1,6,1,7,998,1,9,-1,1
2013621300797,2,9,0,4,0,1,0,0,0,0,0,1,6,1,10,1998,2,6,-1,3
2013621300798,1,9,0,18,0,0,0,0,0,0,0,1,6,2,9,1587,1,14,-1,1
2013621300799,1,9,0,18,0,0,0,0,0,0,1,1,6,2,8,998,1,4,-1,3
2013621300800,1,5,0,18,0,3,0,0,6,0,3,1,1,1,6,645,1,8,-1,1
2013621300801,1,9,0,9,0,6,0,0,0,0,3,1,6,2,7,1800,1,14,-1,1
2013621300801,2,2,0,18,0,1,1,0,0,0,1,1,6,1,4,49,1,7,-1,1
2013621300802,1,9,0,18,0,8,0,0,0,0,1,1,6,2,8,1390,1,8,-1,1
2013621300802,2,9,0,10,0,5,0,0,0,0,2,1,6,2,5,1360,1,14,-1,1
2013621300803,1,9,0,4,0,0,0,0,0,0,1,1,3,2,8,3456,8,7,-1,1
2013621300804,1,9,0,17,0,0,1,0,1,4,3,1,6,1,5,1596,1,12,-1,3
2013621300805,1,9,0,18,0,0,0,0,0,0,1,1,6,1,7,1589,1,13,-1,1
2013621300805,2,9,0,10,0,0,0,0,0,0,2,1,2,2,7,1997,2,3,-1,1
2013621300806,1,9,0,9,0,1,0,0,0,0,1,1,6,1,4,1360,1,3,-1,1
2013621300806,2,9,0,18,0,1,0,0,0,0,1,1,2,1,7,1984,1,11,-1,1
2013621300807,1,11,0,9,0,8,0,0,0,0,1,1,1,1,5,4462,2,5,-1,1
2013621300808,1,9,0,18,0,0,0,0,0,0,1,1,6,2,7,1149,1,13,-1,1
2013621300809,1,9,0,2,0,1,0,0,0,0,3,1,1,1,6,-1,-1,-1,-1,1
2013621300809,2,1,0,14,0,1,0,0,0,0,1,1,6,1,6,-1,-1,-1,-1,1
2013621300810,1,9,0,4,0,1,0,0,0,0,1,1,6,2,6,1461,2,4,-1,1
2013621300810,2,9,0,3,0,1,0,0,0,0,2,1,6,2,5,1242,1,1,-1,1
2013621300811,1,2,0,18,0,0,0,0,0,0,0,1,6,1,4,124,1,-1,-1,1
2013621300812,1,2,0,4,0,1,1,0,0,0,4,1,6,1,5,49,1,4,-1,1
2013621300813,1,9,0,18,0,8,0,0,0,0,1,1,6,1,6,1998,1,8,-1,1
2013621300813,2,9,0,9,0,6,0,0,1,10,4,1,1,2,5,1560,2,5,-1,1
2013621300814,1,9,0,18,0,0,0,0,0,0,1,1,1,2,8,1390,1,3,10,1
2013621300814,2,9,0,4,0,0,0,0,0,0,2,1,6,2,4,1598,1,7,-1,1
2013621300814,3,9,0,4,0,0,0,0,0,0,2,1,6,1,4,1242,1,9,-1,1
2013621300814,4,9,0,4,0,0,0,0,0,0,2,1,6,2,8,1995,2,7,-1,1
2013621300815,1,9,0,18,0,1,1,0,0,0,1,1,6,2,8,1298,1,13,-1,2
2013621300815,2,9,0,18,0,1,0,0,0,0,2,1,6,2,5,796,1,11,-1,1
2013621300816,1,9,0,4,0,1,0,0,0,0,1,1,6,2,6,1596,1,5,-1,1
2013621300816,2,9,0,3,0,1,0,0,0,0,2,1,6,1,10,1997,2,5,-1,1
2013621300817,1,9,0,18,0,0,0,0,0,0,1,1,6,3,-1,-1,-1,-1,-1,-1
2013621300817,2,9,0,2,0,0,0,0,0,0,1,1,6,1,7,1997,2,1,-1,1
2013621300818,1,9,0,9,0,6,0,0,1,2,4,1,6,2,6,-1,-1,-1,-1,1
2013621300819,1,11,0,5,2,8,0,0,0,0,3,1,1,1,6,6871,2,4,-1,1
2013621300820,1,9,0,5,0,2,0,0,0,0,1,1,6,1,9,1386,1,5,-1,1
2013621300820,2,1,0,18,0,2,0,0,0,0,3,1,6,1,6,-1,-1,-1,-1,1
2013621300821,1,9,0,4,0,8,0,0,0,0,3,1,6,2,4,1124,1,14,-1,3
2013621300821,2,21,0,4,0,8,0,0,0,0,4,1,1,1,8,12900,2,1,-1,3
2013621300822,1,9,0,3,0,1,0,0,0,0,1,1,6,1,6,1124,1,11,-1,1
2013621300822,2,9,0,5,0,1,0,0,0,0,2,1,6,1,7,1498,1,5,-1,2
2013621300823,1,9,0,18,0,0,0,0,0,0,3,1,6,2,10,1968,2,6,-1,1
2013621300824,1,9,0,18,0,0,0,0,0,0,1,1,6,2,8,1985,1,11,-1,1
2013621300824,2,9,0,3,0,0,0,0,0,0,2,1,6,1,7,2000,2,2,-1,1
2013621300824,3,9,0,10,0,0,0,0,0,0,2,1,6,1,4,1299,1,12,-1,1
2013621300825,1,10,0,18,0,0,0,0,0,0,1,1,6,1,7,2402,2,8,-1,1
2013621300825,2,9,0,18,0,0,0,0,0,0,1,1,6,2,5,1124,1,9,-1,1
2013621300826,1,9,0,9,0,6,0,0,0,0,0,1,2,1,6,2143,2,2,-1,3
2013621300826,2,9,0,18,0,1,0,0,0,0,2,1,2,1,7,1997,2,11,-1,1
2013621300826,3,9,0,18,0,1,0,0,0,0,1,1,6,2,5,1149,1,11,-1,3
2013621300827,1,9,0,18,0,0,1,0,1,7,1,1,1,1,7,2495,2,13,-1,3
2013621300828,1,9,0,18,0,1,0,0,0,0,3,1,1,2,8,1339,1,4,-1,1
2013621300829,1,8,0,6,0,0,0,0,0,0,4,1,1,1,9,1896,2,10,-1,1
2013621300829,2,5,0,18,0,0,1,0,0,0,4,1,6,1,5,599,1,16,-1,1
2013621300830,1,9,0,18,0,1,0,0,0,0,1,1,6,3,-1,2498,1,11,-1,-1
2013621300830,2,9,0,3,0,1,0,0,0,0,2,1,6,2,7,1968,2,-1,-1,2
2013621300831,1,5,0,18,0,8,1,0,0,0,4,1,1,1,7,998,1,5,-1,1
2013621300831,2,9,0,18,0,8,0,0,0,0,3,1,6,1,10,1124,1,12,-1,1
2013621300832,1,9,0,18,0,4,0,0,0,0,1,1,6,1,9,2996,1,5,-1,1
2013621300832,2,9,0,18,0,8,0,0,0,0,4,1,6,1,6,1339,1,7,-1,1
2013621300833,1,9,0,18,0,8,0,0,0,0,1,1,6,1,10,1560,2,5,5,3
2013621300833,2,5,0,18,0,8,0,0,0,0,1,1,6,1,9,2053,1,7,-1,3
2013621300833,3,9,0,10,0,1,0,0,0,0,1,1,6,2,7,1896,2,10,-1,1
2013621300834,1,9,0,5,0,0,0,0,0,0,4,1,6,1,4,1242,1,16,-1,1
2013621300835,1,9,0,18,0,0,0,0,0,0,1,1,6,2,7,1299,1,5,-1,1
2013621300836,1,9,0,16,0,0,2,0,1,4,1,1,6,1,6,2793,1,14,-1,2
2013621300838,1,9,0,5,0,1,0,0,0,0,1,1,6,1,5,1229,1,5,-1,1
2013621300838,2,9,0,5,0,1,0,0,0,0,2,1,6,2,7,1997,2,3,-1,1
2013621300839,1,9,0,18,0,0,0,0,0,0,1,1,2,1,6,1998,2,10,-1,1
2013621300840,1,9,0,18,0,0,2,0,1,7,1,1,6,1,10,1360,1,2,-1,1
2013621300840,2,9,0,18,0,0,0,0,0,0,2,1,6,1,11,998,1,4,5,1
2013621300841,1,9,0,5,0,6,0,0,0,0,1,1,6,1,10,1995,2,5,-1,1
2013621300841,2,9,0,14,0,8,0,0,0,0,4,1,6,2,4,1242,1,10,-1,1
2013621300841,3,9,0,2,0,8,0,0,0,0,4,1,6,3,-1,1560,2,7,-1,-1
2013621300842,1,9,0,18,0,0,0,0,0,0,1,1,6,3,-1,-1,-1,-1,-1,-1
2013621300842,2,9,0,18,0,0,0,0,0,0,2,1,6,2,7,1796,1,10,-1,2
2013621300843,1,9,0,18,0,1,0,0,0,0,1,1,1,1,5,2494,2,-1,1,2
2013621300843,2,9,0,18,0,1,0,0,0,0,2,1,1,1,5,2494,2,-1,2,2
2013621300843,3,9,0,9,0,1,0,0,0,0,2,1,6,2,7,1242,1,8,-1,1
2013621300844,1,9,0,18,0,8,0,0,0,0,1,1,3,2,8,1587,1,11,-1,2
2013621300844,2,9,0,3,0,8,0,0,0,0,4,1,2,2,7,1910,2,7,-1,1
2013621300845,1,9,0,18,0,0,0,0,0,0,1,1,6,1,5,1968,2,5,-1,1
2013621300845,2,9,0,12,0,0,0,0,0,0,2,1,6,1,5,1596,1,13,-1,1
2013621300846,1,9,0,12,0,0,0,0,0,0,1,1,6,1,7,1991,2,4,-1,1
2013621300846,2,21,1,18,0,0,0,0,0,0,1,1,1,1,7,10837,2,2,4,1
2013621300847,1,3,0,18,0,0,0,0,0,0,1,1,6,3,-1,124,1,6,-1,-1
2013621300847,2,9,0,18,0,0,0,0,0,0,1,1,6,1,7,1997,2,10,-1,1
2013621300848,1,9,0,7,0,5,0,0,0,0,4,1,6,2,7,1390,1,16,-1,1
2013621300849,1,9,0,1,0,0,0,0,0,0,2,1,1,1,8,1598,2,1,-1,1
2013621300850,1,9,0,4,0,4,0,0,0,0,1,1,6,1,5,1595,1,16,-1,1
2013621300850,2,9,0,3,0,4,0,0,0,0,2,1,6,1,7,1461,2,5,-1,1
2013621300851,1,9,0,18,0,2,0,7,0,0,1,1,6,2,5,1248,2,6,-1,1
2013621300852,1,9,0,18,0,0,2,0,1,4,4,1,6,1,8,1895,1,14,-1,1
2013621300853,1,9,0,18,0,2,0,0,3,8,1,1,6,1,10,1299,1,9,-1,1
2013621300854,1,9,0,4,0,0,0,0,0,0,2,1,6,1,8,1968,2,5,-1,1
2013621300855,1,9,0,18,0,0,2,0,0,0,0,1,2,1,5,1796,1,13,-1,1
2013621300856,1,9,0,18,0,8,0,0,0,0,4,1,6,1,5,1388,1,13,-1,1
2013621300856,2,1,0,18,0,8,0,0,0,0,1,1,6,1,5,-1,-1,-1,-1,1
2013621300857,1,19,0,4,0,1,0,0,0,0,1,1,6,1,5,1870,2,8,-1,1
2013621300857,2,9,0,3,0,1,0,0,0,0,2,1,1,1,7,1582,2,1,-1,1
2013621300858,1,9,0,18,0,0,0,0,7,2,1,1,2,2,5,1360,1,12,-1,1
2013621300859,1,1,0,7,0,6,0,0,0,0,1,1,6,1,3,-1,-1,-1,-1,1
2013621300859,2,9,0,18,0,8,0,0,0,0,3,1,6,2,6,1798,1,7,-1,1
2013621300860,1,9,0,18,0,1,0,0,0,0,1,1,6,1,9,1896,2,10,-1,2
2013621300860,2,9,0,18,0,1,0,0,0,0,1,1,6,2,6,2143,2,1,-1,1
2013621300861,1,9,0,18,0,1,0,0,0,0,1,1,1,2,5,1242,1,6,-1,2
2013621300861,2,9,0,4,0,5,0,0,0,0,2,1,6,2,8,1339,1,-1,-1,3
2013621300862,1,9,0,18,0,0,0,0,0,0,3,1,6,1,7,1598,1,8,-1,1
2013621300863,1,9,0,18,0,1,0,0,0,0,1,1,6,2,5,1242,1,5,-1,1