Accident_Index,Vehicle_Reference,Vehicle_Type,Towing_and_Articulation,Vehicle_Manoeuvre,Vehicle_Location-Restricted_Lane,Junction_Location,Skidding_and_Overturning,Hit_Object_in_Carriageway,Vehicle_Leaving_Carriageway,Hit_Object_off_Carriageway,1st_Point_of_Impact,Was_Vehicle_Left_Hand_Drive?,Journey_Purpose_of_Driver,Sex_of_Driver,Age_Band_of_Driver,Engine_Capacity_(CC),Propulsion_Code,Age_of_Vehicle,Driver_IMD_Decile,Driver_Home_Area_Type
2013621300863,2,9,0,3,0,1,0,0,0,0,2,1,6,2,8,1598,1,4,-1,1
2013621300863,3,9,0,3,0,1,0,0,0,0,2,1,6,1,8,2400,2,2,9,1
2013621300864,1,19,0,1,0,0,0,0,0,0,2,1,6,1,6,1998,2,8,-1,1
2013621300865,1,9,0,17,0,0,0,0,0,0,1,1,6,1,6,1331,1,17,-1,1
2013621300866,1,9,0,6,0,0,0,0,1,0,2,1,6,2,8,999,1,1,-1,1
2013621300866,2,9,0,18,0,0,0,0,0,0,1,1,6,1,4,1956,2,1,-1,-1
2013621300867,1,9,0,18,0,8,2,0,7,10,4,1,6,1,5,1998,1,15,-1,3
2013621300868,1,9,0,18,0,8,0,0,0,0,1,1,6,1,6,2599,1,24,-1,3
2013621300868,2,9,0,18,0,8,0,0,0,0,2,1,6,1,8,1388,1,11,-1,1
2013621300869,1,9,0,18,0,0,2,0,0,0,1,1,6,2,11,998,1,13,-1,2
2013621300869,2,9,0,2,0,0,0,0,0,0,3,1,6,3,-1,1360,1,5,-1,-1
2013621300870,1,1,0,18,0,0,1,0,0,0,1,1,6,1,6,-1,-1,-1,6,1
2013621300871,1,1,0,18,0,8,0,0,0,0,1,1,6,2,3,-1,-1,-1,-1,1
2013621300871,2,9,0,3,0,8,0,0,0,0,3,1,6,2,7,1086,1,9,-1,1
2013621300872,1,9,0,9,0,6,0,0,0,0,3,1,6,1,8,1905,2,17,-1,1
2013621300872,2,9,0,18,0,8,0,0,0,0,1,1,6,2,4,1299,1,12,-1,1
2013621300873,1,9,0,18,0,0,0,0,0,0,0,1,6,1,6,-1,-1,-1,-1,1
2013621300874,1,9,0,9,0,8,0,0,0,0,4,1,6,1,4,1242,1,6,-1,-1
2013621300874,2,9,0,18,0,8,0,0,0,0,3,1,6,1,7,1997,2,10,-1,1
2013621300875,1,9,0,10,0,1,0,0,0,0,1,1,1,2,9,1598,1,14,-1,1
2013621300875,2,9,0,15,0,1,0,0,0,0,3,1,1,2,4,1124,1,12,-1,1
2013621300876,1,90,4,4,0,1,1,0,0,0,1,1,6,1,9,1300,1,-1,-1,1
2013621300876,2,90,0,4,0,1,0,0,7,9,1,1,6,1,8,850,1,-1,-1,1
2013621300877,1,9,0,18,0,1,0,0,0,0,1,1,6,1,7,-1,-1,-1,-1,2
2013621300877,2,9,0,3,0,1,0,0,0,0,2,1,6,1,4,1242,1,7,-1,1
2013621300877,3,9,0,3,0,1,0,0,0,0,2,1,6,2,7,2800,2,19,-1,2
2013621300878,1,2,0,12,0,7,0,0,0,0,3,1,2,1,5,124,1,3,-1,2
2013621300878,2,9,0,18,0,1,0,0,0,0,4,1,2,1,8,2494,2,1,-1,1
2013621300879,1,19,0,4,0,1,0,0,0,0,1,1,6,1,5,2402,2,5,-1,1
2013621300879,2,19,0,3,0,1,0,0,0,0,2,1,6,1,6,2500,2,7,-1,2
2013621300879,3,9,0,3,0,1,0,0,0,0,2,1,6,2,8,2231,2,7,-1,1
2013621300880,1,90,0,18,0,8,0,7,0,0,0,1,6,1,5,399,1,6,-1,1
2013621300882,1,9,0,18,0,1,0,0,0,0,1,1,6,3,-1,-1,-1,-1,-1,-1
2013621300883,1,9,0,15,0,1,0,0,1,0,1,1,6,1,10,2497,2,9,-1,1
2013621300883,2,9,0,9,0,1,0,0,0,0,2,1,6,2,9,1493,2,7,-1,1
2013621300884,1,9,0,18,0,0,0,0,1,4,1,1,6,1,9,1995,2,9,-1,1
2013621300885,1,5,0,5,0,4,0,0,0,0,3,1,6,1,10,1170,1,8,-1,1
2013621300885,2,9,0,5,0,4,0,0,0,0,4,1,6,1,8,1997,2,1,2,1
2013621300886,1,9,0,17,0,0,5,0,2,10,1,1,2,2,4,1149,1,12,-1,1
2013621300887,1,9,0,18,0,4,0,0,7,1,1,1,6,2,6,1896,2,9,-1,1
2013621300888,1,11,0,18,0,0,0,0,7,10,1,1,1,1,9,4250,2,8,-1,1
2013621300889,1,9,0,18,0,0,0,0,0,0,0,1,6,3,-1,-1,-1,-1,-1,-1
2013621300889,2,9,0,18,0,0,0,0,0,3,1,1,6,1,5,1995,2,7,-1,1
2013621300890,1,5,0,16,0,0,1,0,1,0,1,1,6,1,7,988,1,12,-1,3
2013621300890,2,9,0,17,0,0,1,0,0,0,3,1,6,1,7,1560,2,3,-1,1
2013621300890,3,9,0,18,0,0,0,0,0,0,4,1,6,1,6,1896,2,7,-1,3
2013621300891,1,9,0,18,0,8,0,0,0,0,4,1,6,1,6,1999,1,6,-1,1
2013621300891,2,9,0,9,0,8,0,0,0,0,3,1,6,1,6,1984,1,4,-1,1
2013621300892,1,9,0,15,0,0,0,0,0,0,4,1,6,2,9,1198,1,7,-1,1
2013621300892,2,1,0,18,0,0,0,0,0,0,3,1,6,1,9,-1,-1,-1,-1,1
2013621300893,1,19,0,18,0,1,0,0,0,0,-1,1,6,1,8,1998,2,8,-1,1
2013621300894,1,9,0,18,0,2,5,0,0,0,1,1,6,1,6,1149,1,11,-1,1
2013621300894,2,9,0,2,0,2,0,0,0,0,2,1,6,3,-1,1686,2,8,-1,-1
2013621300895,1,3,0,18,0,0,1,0,1,0,4,1,6,1,4,125,1,1,-1,2
2013621300896,1,9,0,18,0,0,0,0,0,0,1,1,6,2,9,1598,1,3,-1,2
2013621300897,1,9,0,18,0,0,0,0,0,0,1,1,6,2,5,1596,1,10,-1,1
2013621300898,1,1,0,18,0,2,0,0,0,0,1,1,6,1,6,-1,-1,-1,-1,1
2013621300898,2,9,0,18,0,4,0,0,0,0,4,1,6,1,7,1968,2,1,-1,1
2013621300900,1,9,0,18,0,1,0,0,0,0,1,1,6,1,9,1299,1,11,-1,1
2013621300900,2,9,0,10,0,1,0,0,0,0,2,1,6,1,5,1968,2,1,-1,1
2013621300901,1,9,0,18,0,0,0,0,8,6,1,1,6,2,6,1242,1,8,-1,1
2013621300901,2,9,0,18,0,0,0,11,0,0,1,1,6,1,7,1796,1,-1,-1,1
2013621300901,3,9,0,18,0,0,0,11,0,0,1,1,6,1,6,-1,-1,-1,-1,1
2013621300902,1,2,0,15,0,8,0,0,0,0,3,1,1,1,4,49,1,15,-1,1
2013621300902,2,9,0,7,0,5,0,0,0,0,4,1,6,1,7,1124,1,8,-1,1
2013621300903,1,9,0,5,0,6,0,0,0,0,1,1,6,1,7,2000,2,2,-1,1
2013621300903,2,9,0,18,0,8,0,0,0,0,3,1,6,2,10,1242,1,6,-1,3
2013621300904,1,8,0,2,0,0,0,0,0,0,1,1,6,3,-1,-1,-1,-1,-1,-1
2013621300904,2,11,0,18,0,0,0,0,0,0,1,1,1,1,8,5900,2,15,-1,3
2013621300905,1,9,0,9,0,5,0,0,0,0,1,1,6,1,10,-1,-1,-1,-1,1
2013621300905,2,1,0,18,0,6,0,0,0,0,1,1,6,1,8,-1,-1,-1,10,1
2013621300906,1,1,0,18,0,0,0,0,0,0,1,1,6,1,3,-1,-1,-1,-1,1
2013621300906,2,9,0,18,0,0,0,0,0,0,1,1,6,2,10,1598,2,1,-1,1
2013621300907,1,9,0,18,0,0,0,0,0,0,3,1,6,1,8,-1,-1,-1,-1,1
2013621300908,1,9,0,18,0,1,0,0,0,0,0,1,1,1,8,1896,2,3,-1,2
2013621300908,2,9,0,18,0,1,0,0,0,0,0,1,6,1,7,1895,1,15,-1,2
2013621300909,1,9,0,18,0,0,2,0,8,10,1,1,6,1,7,1999,1,7,-1,1
2013621300910,1,9,0,18,0,1,0,0,0,0,1,1,6,1,10,1396,1,23,-1,1
2013621300910,2,9,0,4,0,1,0,0,0,0,2,1,6,1,7,1985,1,15,-1,1
2013621300911,1,9,0,18,0,1,0,0,0,0,1,1,6,1,6,1896,2,8,-1,1
2013621300911,2,9,0,8,0,1,0,0,0,0,2,1,6,2,7,1299,1,7,-1,1
2013621300912,1,9,0,9,0,6,0,0,0,0,1,1,6,1,10,1796,1,9,-1,1
2013621300912,2,9,0,18,0,1,0,0,0,0,1,1,1,2,5,1399,2,8,-1,1
2013621300913,1,9,0,8,0,1,0,0,0,0,3,1,6,1,10,1600,2,3,-1,1
2013621300913,2,9,0,18,0,1,0,0,0,0,3,1,6,1,7,1596,1,8,-1,1
2013621300914,1,9,0,18,0,0,0,0,0,0,1,1,6,1,8,1895,1,13,-1,1
2013621300915,1,9,0,14,0,0,0,0,0,0,4,1,6,1,4,1781,1,17,-1,1
2013621300916,1,9,0,11,0,1,0,0,0,0,4,1,6,1,8,1798,1,6,-1,1
2013621300916,2,1,0,18,0,1,0,0,0,0,3,1,6,1,10,-1,-1,-1,-1,3
2013621300917,1,9,0,18,0,0,0,11,0,0,1,1,6,1,11,1299,1,11,-1,2
2013621300918,1,9,0,4,0,0,0,0,0,0,1,1,6,1,9,-1,-1,-1,-1,1
2013621300918,2,9,0,4,0,0,0,0,0,0,2,1,6,1,7,1997,1,12,-1,1
2013621300919,1,9,0,16,0,3,0,0,0,0,1,1,6,1,8,1598,2,-1,-1,1
2013621300919,2,9,0,16,0,3,0,0,0,0,1,1,6,2,7,1896,2,4,-1,1
2013621300919,3,9,0,16,0,3,0,0,0,0,2,1,6,1,8,1364,1,5,-1,2
2013621300920,1,19,0,18,0,1,0,0,0,0,1,1,1,1,7,1753,2,7,-1,1
2013621300920,2,9,0,18,0,1,0,0,0,0,2,1,2,1,8,1390,1,2,-1,3
2013621300921,1,1,0,18,0,0,0,0,0,0,-1,1,6,1,9,-1,-1,-1,-1,1
2013621300921,2,1,0,18,0,0,0,0,0,0,-1,1,6,1,9,-1,-1,-1,9,3
2013621300921,3,1,0,18,0,0,0,0,0,0,-1,1,6,1,10,-1,-1,-1,10,1
2013621300921,4,1,0,18,0,0,0,0,0,0,-1,1,6,1,9,-1,-1,-1,9,3
2013621300921,5,1,0,18,0,0,0,0,0,0,-1,1,6,1,9,-1,-1,-1,10,1
2013621300922,1,9,0,7,0,1,0,0,0,0,1,1,6,1,6,1242,1,2,-1,1
2013621300922,2,5,0,7,0,2,0,0,0,0,2,1,6,2,7,680,1,7,-1,1
2013621300923,1,9,0,2,0,0,0,0,0,0,1,1,6,1,7,1560,2,7,-1,2
2013621300923,2,9,0,18,0,0,2,0,7,0,1,1,6,1,7,1596,1,8,-1,2
2013621300924,1,9,0,5,6,6,0,0,0,0,2,1,1,1,5,1396,1,15,-1,1
2013621300924,2,9,0,18,0,1,0,0,0,0,1,1,6,2,7,1560,2,5,-1,1
2013621300925,1,9,0,9,0,4,0,0,0,0,1,1,6,1,7,1468,1,7,-1,1
2013621300925,2,9,0,18,0,8,0,0,0,0,4,1,6,1,10,1397,1,2,-1,1
2013621300926,1,9,0,9,0,1,0,0,0,0,1,1,6,2,11,1332,1,5,-1,1
2013621300926,2,11,0,18,0,1,0,0,0,0,4,1,1,1,7,5900,2,13,-1,1
2013621300926,3,19,0,2,0,1,0,0,0,0,3,1,6,3,-1,2987,2,3,-1,-1
2013621300927,1,2,0,18,0,0,0,0,0,0,1,1,6,1,4,49,1,7,-1,2
2013621300928,1,9,0,7,0,8,0,0,0,0,4,1,3,2,9,998,1,4,-1,1
2013621300928,2,1,0,7,0,8,0,0,0,0,3,1,6,2,7,-1,-1,-1,-1,1
2013621300929,1,9,0,18,0,1,0,0,0,0,1,1,6,1,6,999,1,12,-1,1
2013621300929,2,9,0,9,0,1,0,0,0,0,1,1,1,1,7,1896,2,10,-1,1
2013621300930,1,5,0,4,0,0,0,0,0,0,3,1,6,1,10,805,1,7,-1,1
2013621300931,1,9,0,7,0,3,1,0,0,0,1,1,6,2,9,1422,2,6,5,1
2013621300931,2,9,0,18,0,3,1,0,0,0,3,1,1,1,6,-1,-1,-1,-1,1
2013621300932,1,9,0,18,0,0,0,0,0,0,1,1,3,2,7,2148,2,12,-1,1
2013621300932,2,9,0,2,0,0,0,0,0,0,1,1,6,1,11,1388,1,9,10,1
2013621300933,1,9,0,4,0,1,0,0,0,0,1,1,6,1,6,1299,1,11,-1,1
2013621300933,2,9,0,3,0,2,0,0,0,0,2,1,6,2,4,1199,1,9,-1,2
2013621300933,3,9,0,3,0,2,0,0,0,0,2,1,6,1,8,1598,1,5,-1,1
2013621300934,1,9,0,3,0,4,0,0,0,0,1,1,6,2,4,1560,2,2,-1,1
2013621300934,2,9,0,3,0,4,0,0,0,0,2,1,6,2,6,796,1,12,-1,1
2013621300935,1,9,0,18,0,1,1,0,0,0,1,1,6,1,6,1686,2,2,-1,1
2013621300935,2,9,0,4,0,1,0,0,1,2,2,1,6,2,11,1598,1,11,-1,1
2013621300935,3,9,0,18,0,1,0,0,0,0,3,1,6,2,6,1398,2,4,-1,1
2013621300936,1,9,0,18,0,0,5,0,0,0,1,1,6,1,5,1242,1,5,-1,1
2013621300936,2,9,0,2,0,0,0,0,1,0,2,1,6,3,-1,1360,1,11,-1,-1
2013621300937,1,9,0,9,0,2,0,0,0,0,3,1,6,1,5,1389,1,15,-1,1
2013621300937,2,9,0,18,0,1,0,0,0,0,4,1,1,1,7,-1,-1,-1,-1,1
2013621300938,1,9,0,18,0,4,0,0,0,0,3,1,6,2,7,1248,2,5,-1,2
2013621300938,2,1,0,18,0,8,0,0,0,0,1,1,6,1,6,-1,-1,-1,-1,1
2013621300939,1,9,0,18,0,0,0,0,0,0,1,1,6,1,6,1762,1,15,-1,1
2013621300939,2,9,0,2,0,0,0,0,0,0,3,1,6,2,5,996,1,3,-1,1
2013621300940,1,19,0,18,0,1,0,0,0,0,1,1,1,1,5,2148,2,5,-1,1
2013621300940,2,9,0,10,0,1,0,0,0,0,2,1,6,2,6,998,1,3,-1,1
2013621300941,1,9,0,18,0,1,0,0,0,0,1,1,6,2,6,1956,2,4,-1,2
2013621300941,2,5,0,3,0,1,0,0,0,0,2,1,6,1,9,599,1,1,-1,2
2013621300942,1,9,0,2,0,0,0,0,0,0,3,1,6,2,9,1796,1,9,-1,1
2013621300942,2,1,0,18,0,0,0,8,0,0,1,1,6,2,6,-1,-1,-1,-1,1
2013621300943,1,19,0,18,0,0,0,0,0,0,1,1,1,1,8,2874,2,16,-1,1
2013621300943,2,21,0,18,0,0,0,0,0,0,2,1,1,1,9,-1,-1,-1,-1,1
2013621300944,1,9,0,17,0,0,2,0,7,7,3,1,6,1,4,1896,2,11,-1,2
2013621300945,1,9,0,4,0,0,0,0,0,0,2,1,6,2,8,2993,2,8,-1,1
2013621300946,1,9,0,18,0,0,0,0,0,0,3,1,6,3,-1,1242,1,12,-1,-1
2013621300947,1,9,0,18,0,3,1,0,7,6,1,1,6,1,7,1800,1,17,-1,1
2013621300948,1,9,0,18,0,0,0,0,0,0,1,1,6,1,11,1360,1,8,-1,1
2013621300948,2,9,0,18,0,0,0,0,1,0,1,1,6,1,4,1242,1,2,-1,3
2013621300949,1,9,0,8,0,1,0,0,0,0,3,1,6,1,5,1229,1,8,-1,1
2013621300949,2,1,0,18,9,1,0,0,0,0,1,1,6,1,7,-1,-1,-1,-1,1
2013621300950,1,9,0,4,0,0,0,0,0,0,1,1,6,1,7,-1,-1,-1,-1,1
2013621300950,2,9,0,4,0,0,0,0,0,0,2,1,6,1,6,-1,-1,-1,-1,2
2013621300950,3,9,0,4,0,0,0,0,0,0,2,1,6,1,8,1392,1,15,8,1
2013621300951,1,9,0,18,0,0,2,0,2,10,1,1,6,1,4,1149,1,11,-1,3
2013621300952,1,9,0,18,0,0,0,0,0,0,3,1,6,1,4,1328,1,6,-1,1
2013621300953,1,9,0,4,0,2,0,0,0,0,4,1,6,1,8,2993,2,7,7,2
2013621300954,1,9,0,13,0,1,0,0,0,0,0,1,6,3,-1,-1,-1,-1,-1,-1
2013621300954,2,9,0,18,0,1,0,0,0,0,2,1,6,2,9,1796,1,13,8,1
2013621300954,3,9,0,18,0,1,0,0,0,0,1,1,6,1,8,1685,2,1,-1,1
2013621300954,4,9,0,18,0,1,0,0,0,0,1,1,6,2,7,1299,1,10,-1,1
2013621300955,1,9,0,16,0,0,0,0,0,0,1,1,6,1,9,1596,1,9,-1,1
2013621300955,2,9,0,17,0,0,0,0,0,0,3,1,6,1,8,1796,1,3,-1,3
2013621300956,1,5,4,18,0,0,0,0,0,0,1,1,6,1,8,-1,-1,-1,-1,-1
2013621300956,2,5,0,18,0,0,0,0,0,0,2,1,6,3,-1,-1,-1,-1,-1,-1
2013621300957,1,9,0,18,0,0,0,0,0,0,2,1,6,2,4,998,1,5,-1,1
2013621300957,2,9,0,18,0,0,0,0,0,0,1,1,6,2,6,1560,2,2,-1,2
2013621300957,3,19,0,18,0,0,0,0,0,0,1,1,6,1,6,2198,2,7,-1,1
2013621300958,1,9,0,5,0,8,0,0,0,0,3,1,6,1,4,1149,1,7,-1,1
2013621300958,2,9,0,18,0,8,0,0,0,0,1,1,6,2,6,2000,2,8,-1,1
2013621300959,1,9,0,18,0,1,0,0,0,0,1,1,6,2,4,1595,1,12,-1,2
2013621300959,2,9,0,3,0,1,0,0,0,0,2,1,6,1,8,1149,1,13,-1,2
2013621300960,1,9,0,10,0,8,0,0,0,0,3,1,6,1,8,2982,2,1,-1,1
2013621300960,2,4,0,16,0,8,0,0,0,0,1,1,6,1,4,656,1,7,-1,1
2013621300961,1,9,0,18,0,1,0,0,0,0,2,1,1,1,10,2179,2,2,-1,3
2013621300961,2,9,0,18,0,1,0,0,0,0,1,1,1,2,8,1986,2,7,-1,1
2013621300962,1,9,0,18,0,0,0,0,0,0,3,1,6,2,8,1248,2,9,-1,3
2013621300963,1,19,0,18,0,0,0,0,0,0,1,1,1,1,6,-1,-1,-1,-1,1
2013621300963,2,9,0,18,0,0,0,0,0,0,1,1,6,1,6,1997,2,12,-1,2
2013621300964,1,9,0,18,0,1,0,0,0,0,1,1,6,1,5,1895,1,14,-1,1
2013621300964,2,9,0,18,0,1,0,0,0,0,4,1,6,1,7,1598,1,11,-1,1
2013621300965,1,5,0,18,0,0,0,0,0,0,1,1,6,1,10,600,1,11,-1,1
2013621300965,2,8,0,18,0,0,0,0,0,0,1,1,6,1,6,1299,1,10,-1,1
2013621300966,1,9,0,18,0,0,5,0,1,4,1,1,6,1,4,1388,1,7,-1,1
2013621300967,1,4,0,18,0,8,0,0,0,0,1,1,6,1,5,-1,-1,-1,-1,1
2013621300967,2,9,0,9,0,8,0,0,0,0,4,1,6,1,8,1389,1,17,-1,1
2013621300968,1,90,0,16,0,0,1,0,0,0,1,1,1,1,7,-1,-1,-1,-1,1
2013621300968,2,90,0,18,0,0,1,0,0,0,1,1,6,1,6,-1,-1,-1,-1,1
2013621300969,1,9,0,9,0,8,0,0,0,0,3,1,6,1,8,-1,-1,-1,-1,1
2013621300969,2,9,0,18,0,8,0,0,0,0,3,1,6,1,5,1396,1,11,-1,2
2013621300970,1,9,0,5,0,4,0,0,0,0,1,1,6,1,6,1975,1,4,-1,1
2013621300970,2,9,0,4,0,4,0,0,0,0,2,1,6,1,8,1560,2,1,-1,1
2013621300971,1,9,0,18,0,8,0,0,0,0,1,1,6,2,8,1242,1,1,-1,3
2013621300971,2,9,0,18,0,8,1,0,0,0,3,1,6,2,10,2987,2,4,-1,1
2013621300972,1,9,0,18,0,0,0,0,0,0,1,1,6,1,6,1998,1,16,-1,3
2013621300973,1,9,0,18,0,4,2,0,1,7,3,1,6,1,6,1895,1,12,-1,1
2013621300974,1,9,0,18,0,1,0,0,0,0,3,1,6,2,6,1299,1,12,-1,1
2013621300974,2,9,0,18,0,1,0,0,0,0,1,1,6,2,8,1783,1,11,-1,1
2013621300975,1,9,0,5,0,1,0,0,0,0,1,1,6,3,-1,-1,-1,-1,-1,-1
2013621300976,1,9,0,18,0,2,0,0,8,10,1,1,6,1,10,1997,2,5,-1,1
2013621300977,1,1,0,18,0,8,0,0,0,0,1,1,6,1,7,-1,-1,-1,-1,1
2013621300977,2,19,0,18,0,8,0,0,0,0,2,1,1,1,7,2461,2,6,-1,1
2013621300978,1,9,0,7,0,6,0,0,0,0,1,1,6,1,5,1598,1,7,-1,1
2013621300978,2,9,0,9,0,1,0,0,0,0,3,1,6,1,10,1598,1,11,-1,1
2013621300979,1,9,0,14,0,0,0,0,0,0,1,1,6,1,5,1360,1,3,-1,1
2013621300979,2,9,0,18,0,0,0,0,0,0,1,1,6,1,9,1596,1,3,-1,1
2013621300979,3,9,0,18,0,0,0,0,0,0,1,1,6,1,7,1248,2,3,-1,1
2013621300980,1,9,0,18,0,0,0,0,0,0,1,1,6,2,7,1999,1,12,-1,1
2013621300981,1,9,0,16,0,0,2,11,2,10,1,1,6,1,6,-1,-1,-1,-1,1
2013621300982,1,9,0,18,0,0,0,0,0,0,3,1,6,2,4,-1,-1,-1,-1,1
2013621300982,2,9,0,18,0,0,0,0,0,0,3,1,6,1,6,2497,1,7,-1,2
2013621300983,1,4,0,10,0,1,0,0,0,0,1,1,6,1,8,592,1,20,-1,1
2013621300983,2,9,0,10,0,1,0,0,0,0,2,1,6,2,9,1397,1,4,-1,3
2013621300984,1,9,0,18,0,4,0,0,0,0,1,2,6,2,5,1388,1,10,-1,1
2013621300984,2,9,0,3,0,4,0,0,0,0,2,1,6,1,7,1753,2,5,-1,1
2013621300985,1,8,0,18,0,0,0,0,0,0,1,1,1,1,7,-1,-1,-1,-1,1
2013621300985,2,9,0,4,0,0,0,0,0,0,2,1,6,2,4,1328,1,4,-1,1
2013621300986,1,9,0,18,0,0,2,0,0,0,1,1,2,1,8,1870,2,12,-1,1
2013621300986,2,9,0,2,0,0,0,0,0,0,2,1,6,3,-1,1781,1,14,-1,-1
2013621300986,3,9,0,2,0,0,0,0,0,0,2,1,6,3,-1,1390,1,10,-1,-1
2013621300986,4,9,0,2,0,0,0,0,0,0,1,1,6,3,-1,1388,1,3,-1,-1
2013621300986,5,9,0,2,0,0,0,0,0,0,2,1,6,3,-1,1240,1,4,-1,-1
2013621300987,1,9,0,16,0,0,2,0,0,0,1,1,6,2,4,1242,1,5,-1,1
2013621300988,1,9,0,18,0,0,0,4,0,0,1,1,6,2,9,1596,1,3,-1,1
2013621300988,2,9,0,2,0,0,0,0,0,0,2,1,6,3,-1,1984,1,14,-1,-1
2013621300989,1,9,0,18,0,1,0,0,0,0,1,1,3,1,5,1299,1,6,-1,1
2013621300989,2,9,0,10,0,1,0,0,0,0,2,1,3,2,7,1997,2,-1,-1,1
2013621300989,3,9,0,18,0,1,0,0,0,0,1,1,1,2,7,998,1,10,-1,1
2013621300990,1,9,0,4,0,0,0,0,0,0,1,1,6,2,8,1896,2,10,-1,3
2013621300990,2,9,0,4,0,0,0,0,0,0,2,1,6,1,9,1560,2,2,-1,1
2013621300990,3,9,0,4,0,0,0,0,0,0,1,1,6,1,8,2188,2,8,-1,3
2013621300992,1,9,0,9,0,8,0,0,0,0,3,1,1,2,8,1590,1,8,-1,1
2013621300992,2,9,0,18,0,8,0,0,0,0,1,1,6,1,7,-1,-1,-1,-1,3
2013621300993,1,9,0,4,0,0,0,0,0,0,1,1,6,1,8,998,1,9,-1,2
2013621300993,2,9,0,4,0,0,0,0,0,0,2,1,6,1,6,1596,1,9,-1,1
2013621300993,3,9,0,4,0,0,0,0,0,0,2,1,6,2,8,1329,1,3,-1,3
2013621300994,1,9,0,18,0,0,0,11,0,0,1,1,6,2,5,998,1,14,-1,1
2013621300995,1,9,0,18,0,3,0,0,0,0,4,1,6,1,6,1800,1,14,-1,1
2013621300995,2,9,0,18,0,3,0,0,0,0,3,1,6,2,8,1240,1,9,-1,1
2013621300996,1,19,0,4,0,1,0,0,0,0,1,1,1,1,8,2198,2,-1,-1,1
2013621300996,2,9,0,4,0,1,0,0,0,0,2,1,6,2,7,1998,1,12,-1,1
2013621300996,3,9,0,10,0,1,0,0,0,0,2,1,6,1,10,2993,2,6,-1,1
2013621300997,1,9,0,5,0,4,0,0,0,0,1,1,6,1,7,-1,-1,-1,8,1
2013621300997,2,9,0,5,0,4,0,0,0,0,2,1,6,2,8,1242,1,9,-1,1
2013621300998,1,9,0,5,0,4,0,0,0,0,1,1,6,1,7,1560,2,1,-1,3
2013621300998,2,9,0,3,0,4,0,0,0,0,2,1,6,2,7,1390,1,10,-1,1
2013621300999,1,9,0,18,0,0,0,0,0,0,4,1,6,2,6,1149,1,5,-1,1
2013621300999,2,9,0,2,0,0,0,0,0,0,3,1,6,1,7,1398,2,9,-1,1
2013621300999,3,9,0,18,0,0,0,0,0,0,1,1,6,2,6,1086,1,3,-1,1
2013621300999,4,9,0,2,0,0,0,0,0,0,2,1,6,3,-1,1997,2,4,-1,-1
2013621301000,1,9,0,18,0,0,2,0,7,4,1,1,6,1,8,1389,1,12,-1,1
2013621301001,1,9,0,18,0,0,0,0,0,0,1,1,6,1,7,1997,2,11,-1,1
2013621301001,2,3,0,4,0,0,0,0,0,0,2,1,6,2,4,124,1,1,-1,1
2013621301002,1,3,0,18,0,0,1,12,1,0,1,1,1,1,8,125,1,-1,-1,1
2013621301003,1,9,0,9,0,8,0,0,0,0,3,1,6,2,10,1242,1,-1,-1,1
2013621301003,2,4,0,18,0,8,0,0,0,0,4,1,6,1,8,250,1,1,-1,2
2013621301004,1,9,0,18,0,0,0,0,0,0,1,1,6,2,8,1332,1,15,-1,3
2013621301005,1,9,0,9,0,2,0,0,0,0,4,1,6,2,4,1199,1,13,5,3
2013621301005,2,9,0,18,0,1,0,0,0,0,1,1,6,2,5,1248,2,3,-1,1
2013621301006,1,9,0,18,0,0,0,0,0,0,3,1,2,2,7,1598,1,12,-1,1
2013621301007,1,90,4,18,0,0,4,0,1,0,4,1,6,2,8,-1,-1,-1,-1,1
2013621301008,1,9,0,18,0,0,0,0,0,0,3,1,6,1,4,1596,1,2,-1,1
2013621301009,1,19,0,18,0,0,0,0,0,0,4,1,2,2,8,1753,2,7,-1,3
2013621301010,1,9,0,7,0,6,0,4,1,1,3,1,6,2,8,1275,1,17,-1,1
2013621301010,2,9,0,18,0,1,0,0,0,0,1,1,6,1,6,1396,1,9,-1,1
2013621301010,3,9,0,2,0,2,0,0,0,0,4,1,6,3,-1,1398,1,3,-1,-1
2013621301010,4,9,0,2,0,2,0,0,0,0,4,1,6,3,-1,1240,1,9,-1,-1
2013621301010,5,9,0,2,0,1,0,0,0,0,4,1,6,3,-1,2500,2,21,-1,-1
2013621301011,1,9,0,5,0,3,0,0,0,0,1,2,6,1,8,1896,2,11,-1,2
2013621301011,2,9,0,5,0,3,0,0,0,0,2,1,6,1,7,1242,1,13,-1,2
2013621301012,1,9,0,18,0,0,2,0,0,0,3,1,6,1,4,1461,2,-1,-1,1
2013621301013,1,9,0,18,0,0,0,0,0,0,1,1,1,1,5,1299,1,14,-1,1
2013621301013,2,90,0,18,0,0,0,0,0,0,1,1,1,1,8,-1,-1,-1,-1,3
2013621301014,1,3,0,18,0,3,0,0,0,0,0,1,6,1,4,124,1,2,-1,1
2013621301015,1,3,0,4,0,0,1,10,0,0,0,1,6,1,6,124,1,6,-1,2
2013621301016,1,9,0,18,0,0,0,0,1,0,1,1,6,1,8,2982,2,17,-1,1
2013621301017,1,8,0,18,0,0,0,0,0,0,4,1,6,1,6,1910,2,5,-1,1