Accident_Index,Vehicle_Reference,Vehicle_Type,Towing_and_Articulation,Vehicle_Manoeuvre,Vehicle_Location-Restricted_Lane,Junction_Location,Skidding_and_Overturning,Hit_Object_in_Carriageway,Vehicle_Leaving_Carriageway,Hit_Object_off_Carriageway,1st_Point_of_Impact,Was_Vehicle_Left_Hand_Drive?,Journey_Purpose_of_Driver,Sex_of_Driver,Age_Band_of_Driver,Engine_Capacity_(CC),Propulsion_Code,Age_of_Vehicle,Driver_IMD_Decile,Driver_Home_Area_Type
2013621301175,1,9,0,18,0,8,1,4,0,0,1,1,6,2,5,1242,1,13,-1,1
2013621301175,2,9,0,2,0,1,0,0,0,0,2,1,6,3,-1,1588,1,10,-1,-1
2013621301176,1,9,0,18,0,0,0,10,7,10,3,1,6,1,10,1598,1,7,-1,1
2013621301176,2,9,0,2,0,0,0,0,0,0,1,1,6,3,-1,1984,1,13,-1,-1
2013621301176,3,9,0,2,0,0,0,0,0,0,4,1,6,3,-1,-1,-1,-1,-1,-1
2013621301177,1,8,0,16,0,3,0,0,0,0,4,1,1,1,5,1995,2,-1,-1,1
2013621301177,2,1,0,16,0,3,0,0,0,0,1,1,6,1,6,-1,-1,-1,6,1
2013621301178,1,20,0,18,0,0,0,0,0,0,4,1,1,1,6,2287,2,2,-1,1
2013621301179,1,9,0,18,0,1,0,0,0,0,3,1,6,1,5,1124,1,11,-1,1
2013621301180,1,9,0,18,0,1,0,7,3,4,3,1,1,1,4,1240,1,3,-1,1
2013621301181,1,9,0,18,0,1,0,0,0,0,4,1,2,1,7,1998,1,14,-1,1
2013621301182,1,19,0,18,9,0,1,0,1,10,1,1,6,1,8,2488,2,6,-1,1
2013621301182,2,9,0,2,0,0,0,0,0,0,2,1,6,3,-1,1339,1,3,-1,-1
2013621301182,3,9,0,2,0,0,0,0,0,0,2,1,6,1,6,1598,1,3,-1,1
2013621301183,1,9,0,18,0,1,1,0,0,0,1,1,6,2,5,1596,1,11,-1,1
2013621301183,2,9,0,10,0,1,0,0,0,0,2,1,6,2,6,1398,1,3,-1,1
2013621301184,1,9,0,18,0,0,1,0,0,0,1,1,6,1,7,-1,-1,-1,-1,1
2013621301184,2,9,0,3,0,0,0,0,1,0,2,1,6,2,8,1998,1,4,-1,1
2013621301184,3,9,0,3,0,0,0,0,0,0,2,1,6,2,8,1796,1,8,-1,2
2013621301185,1,9,0,16,0,0,0,0,0,0,1,1,1,1,6,1686,2,14,-1,1
2013621301185,2,9,0,17,0,0,0,0,0,0,1,1,2,1,4,1229,1,8,-1,2
2013621301186,1,9,0,16,0,1,0,0,0,0,1,1,6,1,8,1598,1,12,-1,1
2013621301187,1,9,0,18,0,1,0,0,0,0,1,1,6,2,8,1298,1,10,-1,1
2013621301188,1,9,0,9,0,8,0,0,0,0,1,1,6,1,6,1839,1,19,-1,1
2013621301188,2,1,0,16,0,8,0,0,0,0,1,1,6,1,7,-1,-1,-1,-1,1
2013621301189,1,9,0,18,0,1,0,0,0,0,1,1,6,1,5,1896,2,5,-1,1
2013621301189,2,9,0,4,0,1,0,0,0,0,2,1,6,1,9,1397,1,4,-1,1
2013621301190,1,9,0,3,0,2,0,0,0,0,1,1,1,1,9,998,1,6,-1,1
2013621301190,2,9,0,7,0,2,0,0,0,0,2,1,1,1,6,1716,2,13,-1,3
2013621301191,1,9,0,9,0,5,0,0,0,0,1,1,6,1,8,1299,1,12,-1,2
2013621301191,2,9,0,18,0,8,0,0,0,0,3,1,6,2,7,1124,1,9,-1,2
2013621301192,1,9,0,18,0,1,1,0,0,0,1,1,6,1,7,1686,2,1,-1,1
2013621301192,2,9,0,3,0,1,0,0,0,0,2,1,6,1,7,1796,1,13,-1,1
2013621301193,1,3,0,18,0,0,0,0,0,0,0,1,6,1,9,-1,-1,-1,-1,1
2013621301194,1,9,0,18,0,1,0,0,0,0,1,1,6,1,6,1998,1,11,-1,1
2013621301195,1,9,0,18,0,0,0,0,0,0,1,1,6,1,8,1242,1,1,-1,1
2013621301195,2,9,0,3,0,0,0,0,0,0,2,1,6,2,6,1598,1,7,-1,1
2013621301195,3,9,0,3,0,0,0,0,0,0,2,1,6,1,6,1968,2,-1,-1,1
2013621301196,1,9,0,18,0,0,0,0,0,0,3,1,6,3,-1,-1,-1,-1,-1,-1
2013621301196,2,9,0,18,0,0,0,0,0,0,3,1,6,2,5,1587,1,10,-1,1
2013621301197,1,9,0,18,0,2,0,0,0,0,1,1,6,2,11,1598,1,6,-1,1
2013621301198,1,1,0,18,0,0,0,0,0,0,1,1,4,1,3,-1,-1,-1,-1,1
2013621301198,2,9,0,18,0,0,0,0,0,0,4,1,6,2,5,1598,1,10,-1,2
2013621301199,1,9,0,18,0,0,0,0,0,0,1,1,6,1,6,1360,1,10,-1,1
2013621301199,2,9,0,18,0,0,0,0,0,0,1,1,6,1,7,1796,1,11,-1,1
2013621301200,1,1,0,18,5,0,0,0,0,0,1,1,6,1,7,-1,-1,-1,-1,1
2013621301201,1,9,0,18,0,0,1,0,0,0,1,1,2,1,10,1761,1,13,-1,1
2013621301201,2,9,0,18,0,0,0,0,0,0,2,1,2,2,9,998,1,4,-1,2
2013621301201,3,9,0,18,0,0,0,0,0,0,3,1,2,2,4,1598,2,2,-1,1
2013621301202,1,11,0,4,0,0,0,0,0,0,1,1,1,1,8,5883,2,11,-1,1
2013621301202,2,9,0,4,0,0,0,0,0,0,2,1,1,1,5,1560,2,-1,-1,1
2013621301203,1,9,0,18,0,1,0,0,0,0,1,1,6,2,7,1910,2,5,-1,1
2013621301203,2,9,0,18,0,1,0,0,0,0,1,1,6,1,9,1399,2,9,-1,1
2013621301203,3,9,0,4,0,1,0,0,0,0,2,1,6,2,7,1896,2,10,-1,1
2013621301204,1,3,0,18,0,1,0,0,0,0,1,1,6,1,7,748,1,9,-1,1
2013621301204,2,1,0,18,0,1,0,0,0,0,3,1,6,1,6,-1,-1,-1,-1,1
2013621301205,1,9,0,5,0,2,0,7,0,0,1,1,6,1,5,1299,1,12,-1,1
2013621301206,1,9,0,18,0,3,0,0,0,0,1,1,6,1,6,1998,1,10,-1,3
2013621301206,2,9,0,18,0,4,0,0,0,0,1,1,6,2,7,2500,2,9,-1,1
2013621301207,1,9,0,16,0,1,0,0,0,0,1,1,6,2,6,1999,1,8,-1,1
2013621301207,2,9,0,4,0,1,0,0,0,0,2,1,6,2,4,1998,1,23,-1,1
2013621301208,1,9,0,10,0,8,0,0,0,0,1,1,6,2,6,1598,1,13,-1,1
2013621301208,2,1,0,18,0,8,0,0,0,0,1,1,6,1,7,-1,-1,-1,-1,1
2013621301209,1,9,0,18,0,0,0,0,0,0,1,1,6,1,6,1956,2,1,5,1
2013621301209,2,9,0,18,0,0,0,0,0,0,3,1,6,2,5,1242,1,-1,-1,1
2013621301210,1,9,0,18,0,0,0,0,0,0,4,1,6,1,9,1150,1,7,-1,1
2013621301210,2,1,0,18,0,0,0,0,0,0,3,1,6,1,8,-1,-1,-1,-1,1
2013621301211,1,19,0,18,0,0,0,4,0,0,1,1,6,1,4,2198,2,3,-1,1
2013621301211,2,10,0,2,0,0,0,4,0,0,2,1,6,3,-1,1998,2,9,-1,-1
2013621301211,3,10,0,2,0,0,0,4,0,0,1,1,6,3,-1,2402,2,9,-1,-1
2013621301212,1,90,0,18,9,2,0,0,7,10,1,1,6,1,6,400,1,-1,-1,1
2013621301213,1,9,0,18,0,0,0,0,0,0,1,1,6,1,7,1991,1,12,-1,1
2013621301213,2,9,0,18,0,0,0,0,0,0,1,1,6,2,6,1390,1,9,-1,2
2013621301214,1,9,0,18,0,1,0,0,0,0,1,1,6,2,9,1248,1,1,-1,1
2013621301214,2,19,0,10,0,1,0,0,0,0,1,1,6,1,8,2198,2,4,-1,1
2013621301215,1,9,0,18,0,0,0,0,0,0,0,1,6,3,-1,-1,-1,-1,-1,-1
2013621301215,2,3,0,18,0,0,0,0,0,0,0,1,6,1,5,125,1,2,-1,3
2013621301216,1,9,0,18,0,0,0,0,0,0,1,1,6,1,11,1199,1,10,-1,1
2013621301216,2,9,0,4,0,0,0,0,0,0,2,1,6,1,10,1596,1,6,-1,1
2013621301217,1,9,0,18,0,0,1,0,4,0,4,1,6,1,8,2800,2,17,-1,2
2013621301218,1,9,0,18,0,3,0,0,0,0,3,1,6,3,-1,-1,-1,-1,-1,-1
2013621301219,1,1,0,5,0,0,0,0,0,0,1,1,6,1,6,-1,-1,-1,-1,1
2013621301219,2,9,0,18,0,0,0,0,0,0,3,1,6,3,-1,-1,-1,-1,-1,-1
2013621301220,1,9,0,5,0,4,0,0,0,0,1,1,6,2,7,2000,2,8,-1,1
2013621301220,2,1,0,9,0,8,0,0,0,0,2,1,6,1,8,-1,-1,-1,-1,1
2013621301222,1,9,0,9,0,1,0,0,0,0,3,1,6,2,5,1299,1,11,-1,1
2013621301222,2,9,0,18,0,1,0,0,0,0,1,1,6,1,6,1600,2,3,-1,1
2013621301223,1,1,0,18,0,8,0,0,0,0,4,1,6,1,4,-1,-1,-1,-1,1
2013621301223,2,9,0,18,0,8,0,0,0,0,1,1,6,1,5,1596,1,1,-1,1
2013621301224,1,9,0,18,0,1,0,0,0,0,1,1,6,1,6,2495,2,11,-1,1
2013621301224,2,9,0,18,0,1,0,0,0,0,2,1,6,2,8,1596,1,11,2,1
2013621301225,1,3,0,7,0,2,1,0,0,0,1,1,6,1,4,125,1,6,-1,1
2013621301225,2,9,0,18,0,1,0,0,0,0,1,1,6,2,7,1997,1,7,-1,1
2013621301226,1,9,0,18,0,1,0,0,0,0,1,1,2,1,7,1994,2,13,-1,1
2013621301226,2,9,0,10,0,5,0,0,0,0,2,1,6,1,6,1299,1,6,-1,2
2013621301227,1,9,0,18,0,1,0,0,0,0,1,1,6,2,6,1124,1,12,-1,1
2013621301227,2,9,0,10,0,1,0,0,0,0,2,1,6,1,4,973,1,14,-1,1
2013621301228,1,9,0,9,0,1,0,0,0,0,1,1,1,2,6,1390,1,2,-1,1
2013621301229,1,9,0,18,0,0,1,0,0,0,3,1,6,1,6,1598,1,13,-1,1
2013621301230,1,9,0,1,0,5,0,0,0,0,2,1,6,1,4,4398,1,10,-1,3
2013621301231,1,9,0,18,0,8,0,0,0,0,4,1,6,1,4,1328,1,3,-1,1
2013621301231,2,9,0,9,0,1,0,0,0,0,1,1,6,2,6,1998,2,8,-1,2
2013621301232,1,9,0,4,0,1,0,0,0,0,1,1,6,2,6,1994,2,17,-1,1
2013621301232,2,9,0,2,0,1,0,0,0,0,1,1,6,3,-1,1598,1,10,-1,-1
2013621301233,1,9,0,5,0,0,0,0,0,0,0,1,6,1,7,-1,-1,-1,-1,1
2013621301234,1,5,0,16,0,0,1,0,0,0,0,1,6,1,8,599,1,17,-1,3
2013621301235,1,1,0,18,0,5,0,0,0,0,1,1,6,1,6,-1,-1,-1,-1,1
2013621301235,2,9,0,18,0,8,0,0,0,0,4,1,6,1,9,1229,1,5,-1,1
2013621301236,1,3,0,14,0,8,0,0,0,0,1,1,6,1,7,748,1,14,-1,3
2013621301236,2,9,0,9,0,6,0,0,0,0,3,1,6,1,4,1242,1,8,-1,1
2013621301237,1,5,0,18,0,0,1,0,0,0,1,1,6,1,7,1137,1,12,-1,1
2013621301237,2,9,0,18,0,0,0,0,0,0,2,1,6,2,5,1229,1,2,-1,1
2013621301238,1,2,0,18,0,0,1,0,0,0,1,1,6,1,4,124,1,12,-1,1
2013621301238,2,9,0,2,0,0,0,0,0,0,2,1,6,3,-1,1794,1,6,-1,-1
2013621301239,1,9,0,18,0,0,0,0,0,0,1,1,6,2,6,1388,1,7,-1,1
2013621301239,2,9,0,3,0,0,0,0,0,0,2,1,6,1,6,1596,1,11,-1,1
2013621301239,3,9,0,3,0,0,0,0,0,0,2,1,6,1,7,1590,1,13,-1,1
2013621301240,1,3,0,13,0,1,0,0,0,0,1,1,6,1,7,124,1,3,-1,1
2013621301240,2,9,0,5,0,1,0,0,0,0,2,1,6,1,7,3500,1,4,-1,1
2013621301242,1,9,0,18,0,4,0,0,0,0,1,1,6,1,7,1586,1,7,-1,2
2013621301242,2,9,0,5,0,4,0,0,0,0,4,1,6,2,7,993,1,14,-1,3
2013621301243,1,9,0,16,0,0,1,0,0,0,1,1,6,1,5,-1,-1,-1,-1,2
2013621301243,2,9,0,17,0,0,1,0,0,0,1,1,6,2,9,996,1,3,-1,2
2013621301244,1,9,0,7,0,6,0,0,0,0,3,1,2,2,4,1896,2,9,-1,1
2013621301244,2,4,0,18,0,1,1,0,0,0,1,1,2,1,9,125,1,2,-1,2
2013621301245,1,9,0,18,0,0,1,0,4,6,1,1,6,2,4,996,1,1,5,2
2013621301246,1,9,0,9,0,8,0,0,0,0,3,2,6,1,7,-1,-1,-1,-1,-1
2013621301246,2,9,0,18,0,8,0,0,4,1,4,1,6,1,9,1997,2,4,-1,1
2013621301247,1,19,0,11,0,3,0,0,0,0,4,1,6,1,6,2402,2,11,-1,1
2013621301247,2,11,0,18,0,3,0,0,0,0,3,1,1,1,8,5900,2,13,-1,1
2013621301248,1,9,0,4,0,1,0,0,0,0,1,1,2,2,6,1390,1,6,-1,1
2013621301248,2,9,0,3,0,1,0,0,0,0,2,1,2,2,7,1388,1,2,-1,1
2013621301249,1,9,0,18,0,6,0,0,0,0,1,1,6,2,11,1275,1,13,-1,1
2013621301249,2,19,0,18,0,1,0,0,0,0,1,1,1,1,7,2143,2,-1,-1,1
2013621301250,1,9,0,7,0,1,0,0,0,0,1,1,6,2,5,1399,1,9,-1,1
2013621301250,2,9,0,18,0,1,0,0,0,0,3,1,6,1,8,1527,2,17,-1,1
2013621301251,1,1,0,18,9,0,0,0,0,0,1,1,2,2,6,-1,-1,-1,-1,1
2013621301252,1,19,0,7,0,6,0,0,0,0,4,1,6,1,6,2148,2,4,5,1
2013621301252,2,9,0,8,0,6,0,0,0,0,3,1,6,2,6,1360,1,8,-1,1
2013621301253,1,9,0,18,0,0,0,0,0,0,1,1,6,1,11,-1,-1,-1,-1,3
2013621301253,2,9,0,3,0,0,0,0,0,0,1,1,6,2,7,1149,1,12,-1,2
2013621301254,1,9,0,4,0,0,0,0,0,0,2,1,6,2,6,1248,1,4,-1,1
2013621301254,2,9,0,4,0,0,0,0,0,0,1,1,6,2,6,1587,1,5,-1,1
2013621301255,1,9,0,9,0,5,0,0,0,0,3,1,2,1,6,1968,2,1,-1,2
2013621301255,2,5,0,18,0,8,0,0,0,0,4,1,6,1,8,903,1,4,-1,1
2013621301256,1,5,0,13,0,0,1,0,0,0,3,1,6,1,8,998,1,8,-1,2
2013621301257,1,9,0,18,0,0,0,0,0,0,1,1,6,1,8,1796,1,11,-1,1
2013621301257,2,1,0,18,0,0,0,0,0,0,2,1,6,2,8,-1,-1,-1,-1,1
2013621301259,1,9,0,18,0,8,0,0,0,0,1,1,6,1,8,1783,1,10,-1,1
2013621301259,2,9,0,9,0,8,0,0,0,0,3,1,6,1,10,1461,2,3,-1,1
2013621301260,1,21,1,18,0,0,0,5,0,0,1,1,1,1,6,12900,2,6,10,1
2013621301261,1,9,0,9,0,5,0,0,0,0,4,1,6,1,6,-1,-1,-1,-1,-1
2013621301261,2,9,0,18,0,8,0,0,0,0,1,1,6,1,10,-1,-1,-1,-1,1
2013621301262,1,3,0,16,0,1,0,0,0,0,1,1,6,3,-1,-1,-1,-1,-1,-1
2013621301262,2,9,0,10,0,1,0,0,0,0,2,1,6,2,6,1798,1,5,-1,1
2013621301263,1,9,0,18,0,1,2,7,0,0,1,1,6,1,4,1596,1,4,-1,1
2013621301264,1,9,0,12,0,6,1,0,0,0,1,1,6,1,5,1997,1,20,-1,1
2013621301264,2,9,0,12,0,6,0,0,0,0,2,1,1,2,5,1199,1,8,-1,1
2013621301265,1,9,0,1,0,0,0,0,0,0,4,1,6,1,6,1997,2,8,-1,1
2013621301266,1,9,0,18,0,4,0,0,0,0,1,1,6,1,6,1598,1,11,-1,1
2013621301266,2,9,0,18,0,4,0,0,0,0,2,1,6,2,6,1870,2,8,-1,2
2013621301267,1,5,0,16,0,0,0,0,7,0,4,1,6,1,7,999,1,7,-1,1
2013621301268,1,9,0,18,0,0,0,0,0,0,1,1,6,1,5,1596,1,7,-1,2
2013621301269,1,9,0,18,0,0,0,0,0,0,1,1,6,2,7,1343,1,11,-1,1
2013621301270,1,9,0,5,0,1,0,0,0,0,1,1,6,1,8,1796,1,8,-1,1
2013621301270,2,9,0,3,0,1,0,0,0,0,2,1,6,1,6,2521,1,7,-1,1
2013621301270,3,9,0,3,0,1,0,0,0,0,2,1,1,2,5,1242,1,8,-1,1
2013621301271,1,9,0,18,0,0,1,0,0,0,1,1,2,2,4,1240,1,7,-1,2
2013621301271,2,9,0,3,0,0,0,0,0,0,2,1,2,2,7,1598,2,1,-1,3
2013621301272,1,9,0,18,0,0,0,0,0,0,1,1,6,2,6,1999,1,5,-1,1
2013621301273,1,9,0,18,0,0,0,0,2,4,1,1,6,1,6,1149,1,8,-1,1
2013621301274,1,9,0,5,0,2,0,0,0,0,3,1,1,1,6,3456,8,-1,-1,1
2013621301275,1,9,0,7,0,1,0,0,0,0,4,1,6,2,6,1242,1,16,8,2
2013621301276,1,9,0,18,0,0,0,0,0,0,4,1,6,2,6,1299,1,11,-1,1
2013621301276,2,1,0,18,0,0,0,0,0,0,2,1,6,1,3,-1,-1,-1,-1,1
2013621301277,1,19,0,1,0,8,0,0,0,0,2,1,1,1,-1,2402,2,4,10,1
2013621301278,1,9,0,9,0,1,0,0,0,0,1,1,6,1,7,-1,-1,-1,-1,1
2013621301278,2,9,0,18,0,1,0,0,0,0,1,1,6,1,5,1490,1,6,-1,1
2013621301278,3,9,0,8,0,1,0,0,0,0,1,1,6,1,8,1794,1,6,-1,1
2013621301279,1,3,0,16,0,8,1,0,0,0,4,1,6,1,6,124,1,12,-1,2
2013621301279,2,9,0,17,0,8,0,0,0,0,1,1,6,2,6,2495,2,12,-1,3
2013621301280,1,9,0,7,0,1,0,0,0,0,4,2,6,1,6,1870,2,11,-1,1
2013621301280,2,9,0,18,0,1,0,0,0,0,3,1,6,2,6,1389,1,9,-1,2
2013621301281,1,5,0,18,0,0,1,0,0,0,1,1,6,1,9,749,1,23,6,1
2013621301281,2,10,0,18,0,0,1,0,0,0,1,1,6,1,6,-1,-1,-1,-1,1
2013621301282,1,9,0,18,0,4,0,0,0,0,1,1,6,1,7,1398,2,8,-1,1
2013621301282,2,1,0,18,0,8,0,0,0,0,1,1,6,1,8,-1,-1,-1,-1,1
2013621301283,1,9,0,9,0,8,0,0,0,0,1,1,6,1,6,1998,1,18,-1,1
2013621301283,2,8,0,18,0,1,0,0,0,0,1,1,1,1,8,1896,2,4,-1,2
2013621301284,1,9,0,9,0,5,0,0,0,0,4,1,6,1,4,1587,1,12,-1,1
2013621301284,2,9,0,18,0,1,0,0,0,0,1,1,1,2,5,998,1,1,-1,1
2013621301285,1,1,0,18,0,0,0,0,0,0,3,1,6,1,3,-1,-1,-1,-1,1
2013621301285,2,9,0,18,0,0,0,0,0,0,1,1,6,1,6,1891,2,14,-1,1
2013621301286,1,9,0,9,0,6,0,0,0,0,1,1,6,1,5,1598,1,9,-1,1
2013621301286,2,9,0,18,0,1,0,0,0,0,1,1,6,1,7,1956,2,3,-1,1
2013621301287,1,9,0,2,0,0,0,0,0,0,3,1,3,2,6,1364,1,8,-1,1
2013621301287,2,1,0,18,0,0,0,8,0,0,3,1,3,2,5,-1,-1,-1,-1,1
2013621301288,1,19,0,18,0,0,0,0,4,0,1,1,6,2,8,2198,2,-1,-1,2
2013621301288,2,9,0,4,0,0,0,0,0,0,2,1,2,1,7,1910,2,6,-1,3
2013621301289,1,9,0,18,0,8,0,0,0,0,3,1,6,3,-1,-1,-1,-1,-1,-1
2013621301290,1,9,0,9,0,6,0,0,0,0,1,1,6,2,4,1248,2,5,-1,1
2013621301290,2,9,0,18,0,8,0,0,0,0,1,1,6,2,7,1596,1,8,-1,2
2013621301291,1,9,0,7,0,5,0,0,0,0,4,1,6,1,5,1341,1,12,-1,1
2013621301291,2,1,0,18,0,8,0,0,0,0,1,1,6,1,6,-1,-1,-1,-1,1
2013621301292,1,9,0,9,0,1,0,0,0,0,4,1,6,1,4,1242,1,1,-1,2
2013621301292,2,9,0,18,0,1,0,0,0,0,1,1,6,2,6,1997,2,3,-1,1
2013621301293,1,21,1,18,7,0,2,4,1,7,1,1,1,1,7,9200,2,1,2,1
2013621301293,2,21,0,2,6,0,0,0,0,0,3,1,1,1,8,3920,2,7,-1,2
2013621301294,1,9,0,16,0,0,1,0,0,0,1,1,6,1,9,1489,1,15,-1,3
2013621301294,2,9,0,18,0,0,0,0,0,0,1,1,2,1,6,1242,1,9,-1,1
2013621301295,1,9,0,18,0,1,0,0,0,0,3,1,6,1,4,998,1,3,-1,2
2013621301296,1,9,0,18,0,6,0,0,0,0,1,1,6,1,5,1997,2,5,-1,1
2013621301296,2,9,0,18,0,1,0,0,1,0,4,1,6,2,5,1587,1,9,-1,1
2013621301297,1,9,0,9,0,0,0,0,0,0,4,1,6,1,6,1199,1,11,-1,1
2013621301297,2,1,0,18,0,0,0,0,0,0,1,1,6,1,8,-1,-1,-1,-1,1
2013621301298,1,1,0,18,0,0,0,0,0,0,1,1,6,1,3,-1,-1,-1,-1,1
2013621301298,2,9,0,4,0,0,0,0,0,0,2,1,6,2,8,1560,2,7,-1,1
2013621301299,1,9,0,6,0,0,0,0,0,0,2,1,1,3,-1,1796,1,13,-1,-1
2013621301300,1,1,0,7,0,1,0,0,0,0,1,1,6,1,3,-1,-1,-1,-1,1
2013621301300,2,19,0,4,0,1,0,0,0,0,1,1,6,1,7,2402,2,11,-1,1
2013621301301,1,9,0,4,0,1,0,0,0,0,0,1,6,1,10,1968,2,-1,-1,1
2013621301301,2,1,0,18,0,1,0,0,0,0,0,1,6,1,6,-1,-1,-1,-1,1
2013621301302,1,1,0,18,0,0,0,0,0,0,0,1,6,1,7,-1,-1,-1,-1,2
2013621301303,1,9,0,18,0,0,1,0,0,0,1,1,6,1,6,1242,1,11,-1,1
2013621301303,2,9,0,2,0,0,0,0,0,0,1,1,6,3,-1,1796,1,9,-1,-1
2013621301304,1,19,0,5,0,6,0,0,0,0,1,1,1,1,7,1870,2,10,-1,2
2013621301304,2,9,0,18,0,8,0,0,0,0,2,1,6,2,7,1995,1,3,-1,2
2013621301305,1,9,0,5,0,6,0,0,0,0,3,1,6,2,5,1388,1,7,-1,1
2013621301305,2,9,0,18,0,8,0,0,0,0,1,1,6,2,8,2494,1,10,-1,1
2013621301306,1,9,0,18,0,0,0,0,0,0,3,1,6,2,9,1390,1,12,-1,1
2013621301307,1,9,0,18,0,0,0,0,0,0,1,1,1,2,8,1968,2,1,-1,3
2013621301307,2,9,0,4,0,0,0,0,0,0,2,1,6,1,8,1598,1,-1,-1,3
2013621301308,1,9,0,18,0,4,0,0,0,0,1,1,6,2,6,1997,2,11,-1,1
2013621301308,2,9,0,3,0,4,0,0,0,0,2,1,6,2,7,1796,1,12,-1,1
2013621301309,1,9,0,9,0,8,0,0,0,0,1,1,6,2,10,1329,1,1,-1,1
2013621301309,2,5,0,18,0,1,0,0,0,0,1,1,6,1,5,998,1,6,-1,1
2013621301310,1,4,0,14,0,1,0,0,7,0,4,1,6,1,6,599,1,6,-1,1
2013621301310,2,9,0,18,0,1,0,0,0,0,3,1,6,2,7,1997,2,1,-1,3
2013621301310,3,9,0,2,0,1,0,0,0,0,4,1,6,3,-1,1368,1,7,-1,-1
2013621301311,1,9,0,9,0,5,0,0,0,0,4,1,6,2,8,1596,1,5,2,1
2013621301311,2,9,0,18,0,8,0,0,0,0,1,1,6,2,7,2231,2,5,-1,1
2013621301312,1,19,0,13,0,0,0,0,0,0,0,1,1,1,8,2298,2,1,-1,1
2013621301312,2,9,0,18,0,0,2,0,1,4,1,1,2,1,5,1242,1,1,-1,1
2013621301313,1,9,0,18,0,0,0,0,0,0,4,1,6,2,5,1399,2,5,-1,1
2013621301314,1,9,0,18,0,8,0,0,0,0,3,1,6,1,7,1995,2,12,-1,2
2013621301315,1,9,0,17,0,0,0,0,8,4,1,1,6,2,5,1299,1,10,-1,3
2013621301316,1,9,0,18,0,0,0,0,0,0,1,1,6,1,5,1598,1,9,-1,1
2013621301317,1,9,0,18,0,0,0,0,0,0,1,1,6,2,8,1560,2,1,-1,1
2013621301318,1,9,0,18,0,0,0,0,0,0,4,1,6,2,7,1328,1,10,10,1
2013621301319,1,1,0,18,0,0,0,0,0,0,3,1,6,1,3,-1,-1,-1,-1,2
2013621301319,2,9,0,18,0,0,0,0,0,0,4,1,6,2,7,998,1,-1,-1,2
2013621301320,1,19,0,4,0,1,0,0,0,0,1,1,6,3,-1,1910,2,12,-1,-1
2013621301320,2,9,0,3,0,1,0,0,0,0,2,1,6,1,8,2179,2,2,-1,1
2013621301321,1,9,0,18,0,0,0,0,0,0,1,1,6,1,5,1299,1,12,-1,2
2013621301321,2,9,0,4,0,0,0,0,0,0,2,1,6,1,6,1796,1,12,-1,1
2013621301321,3,9,0,18,0,0,0,0,0,0,2,1,6,1,7,2148,2,11,-1,1
2013621301322,1,9,0,18,0,2,0,0,0,0,1,1,6,2,5,995,1,8,-1,1
2013621301322,2,9,0,5,0,2,0,0,0,0,3,1,6,1,4,1388,1,9,-1,2
2013621301323,1,9,0,18,0,0,1,0,0,0,1,1,6,1,4,1199,1,10,-1,1
2013621301324,1,9,0,4,0,2,0,0,0,0,1,1,6,1,8,1995,2,9,-1,1
2013621301324,2,9,0,3,0,2,0,0,0,0,2,1,6,1,10,1339,1,9,-1,1
2013621301324,3,9,0,3,0,2,0,0,0,0,2,1,6,1,8,1988,2,8,-1,1
2013621301325,1,9,0,5,0,0,0,0,0,0,1,1,6,1,6,2967,1,12,-1,1
2013621301326,1,19,0,12,0,0,1,0,7,2,3,1,1,1,6,2402,2,12,-1,1
2013621301326,2,19,0,18,0,0,0,0,0,0,1,1,6,3,-1,-1,-1,-1,-1,-1
2013621301327,1,9,0,18,0,0,0,0,0,6,1,1,2,1,7,1598,1,4,-1,1
2013621301328,1,9,0,18,0,0,1,0,0,0,1,1,6,1,6,1560,2,6,-1,3
2013621301328,2,9,0,18,0,0,0,0,2,6,2,1,6,2,5,1598,1,5,4,1
2013621301329,1,9,0,18,0,0,0,0,0,0,3,1,6,1,7,1591,1,4,-1,2
2013621301330,1,21,0,18,0,8,0,0,0,0,4,1,1,1,8,12900,2,5,-1,1
2013621301330,2,9,0,9,0,6,0,0,0,0,3,1,6,1,11,1796,1,16,-1,1
2013621301331,1,9,0,17,0,1,0,4,0,0,1,1,2,2,5,1229,1,-1,-1,2
2013621301331,2,19,0,2,0,1,0,0,0,0,2,1,6,3,-1,2874,2,16,-1,-1
2013621301332,1,9,0,7,0,8,0,0,0,0,4,1,6,1,5,1198,1,-1,-1,1
2013621301332,2,9,0,18,0,8,0,0,0,0,1,1,6,1,8,1968,2,2,-1,1
2013621301333,1,9,0,18,0,8,0,0,1,0,1,1,6,2,10,1598,1,3,-1,1
2013621301333,2,9,0,10,0,8,0,0,0,0,2,1,6,1,7,1248,2,2,-1,1
2013621301334,1,9,0,18,0,6,0,0,0,0,1,1,1,1,8,1560,2,1,-1,1
2013621301335,1,90,0,18,0,8,0,0,0,0,1,1,6,1,7,6200,2,22,3,1
2013621301335,2,19,0,18,0,8,0,0,0,0,2,1,1,1,6,2198,2,1,-1,1
2013621301335,3,19,0,18,0,8,0,0,0,0,2,1,1,1,6,2198,2,1,-1,1