Accident_Index,Vehicle_Reference,Vehicle_Type,Towing_and_Articulation,Vehicle_Manoeuvre,Vehicle_Location-Restricted_Lane,Junction_Location,Skidding_and_Overturning,Hit_Object_in_Carriageway,Vehicle_Leaving_Carriageway,Hit_Object_off_Carriageway,1st_Point_of_Impact,Was_Vehicle_Left_Hand_Drive?,Journey_Purpose_of_Driver,Sex_of_Driver,Age_Band_of_Driver,Engine_Capacity_(CC),Propulsion_Code,Age_of_Vehicle,Driver_IMD_Decile,Driver_Home_Area_Type
2013621301335,4,21,0,18,0,8,0,0,0,0,2,1,1,1,8,12419,2,1,-1,1
2013621301336,1,9,0,18,0,0,0,0,0,0,1,1,6,2,6,1388,1,9,-1,1
2013621301336,2,9,0,18,0,0,0,0,0,0,2,1,6,2,7,1461,2,-1,-1,1
2013621301337,1,11,0,18,0,4,0,0,0,0,1,1,1,1,7,-1,-1,-1,-1,1
2013621301337,2,1,0,18,0,8,0,0,0,0,4,1,6,1,7,-1,-1,-1,-1,1
2013621301338,1,9,0,18,0,2,5,7,0,0,1,1,6,1,11,1796,1,13,-1,2
2013621301339,1,9,0,7,0,8,0,0,0,0,3,1,6,1,5,1389,1,12,-1,1
2013621301339,2,9,0,18,0,1,0,0,0,0,4,1,6,2,5,1229,1,6,-1,1
2013621301340,1,9,0,1,0,0,0,0,0,0,2,1,6,2,10,1598,1,3,-1,1
2013621301340,2,9,0,18,0,0,0,0,0,0,3,1,6,1,10,1596,1,4,-1,1
2013621301341,1,9,0,18,0,1,0,0,0,0,1,1,6,1,11,1329,1,4,-1,1
2013621301341,2,9,0,3,0,1,0,0,0,0,2,1,6,2,5,1598,1,7,-1,1
2013621301342,1,9,0,18,0,0,0,0,0,0,1,1,6,2,5,1598,1,7,-1,1
2013621301343,1,9,0,18,0,0,0,0,0,0,1,1,6,2,5,998,1,8,-1,1
2013621301343,2,9,0,2,0,0,0,0,0,0,1,1,6,3,-1,1590,1,11,-1,-1
2013621301344,1,9,0,4,0,0,0,0,0,10,4,1,6,1,11,1390,1,2,-1,1
2013621301345,1,9,0,7,0,2,0,0,0,0,2,1,6,1,6,1198,1,10,-1,1
2013621301345,2,1,0,18,0,1,0,0,0,0,1,1,6,1,8,-1,-1,-1,-1,1
2013621301346,1,9,0,9,0,8,0,0,0,0,3,1,6,1,10,1769,1,10,-1,3
2013621301346,2,3,0,18,0,8,0,0,0,0,1,1,6,1,4,124,1,3,-1,2
2013621301347,1,1,0,18,0,0,0,0,0,0,1,1,6,2,2,-1,-1,-1,-1,2
2013621301347,2,9,0,18,0,0,0,0,0,0,1,1,6,1,5,1794,1,13,-1,3
2013621301348,1,9,0,5,9,6,0,0,3,10,1,1,6,2,11,998,1,11,-1,1
2013621301349,1,9,0,18,0,0,0,0,0,0,1,1,6,1,4,1560,2,1,-1,3
2013621301349,2,9,0,18,0,0,0,0,0,0,1,1,6,1,5,-1,-1,-1,-1,1
2013621301350,1,9,0,18,0,1,0,0,0,0,1,1,6,1,6,1242,1,9,-1,1
2013621301350,2,9,0,2,0,1,0,0,0,0,2,1,6,3,-1,1596,1,11,-1,-1
2013621301350,3,9,0,2,0,1,0,0,0,0,3,1,6,3,-1,1149,1,3,-1,-1
2013621301350,4,9,0,2,0,1,0,0,0,0,3,1,6,3,-1,1910,2,4,-1,-1
2013621301351,1,3,0,10,0,1,1,0,0,0,1,1,6,1,6,125,1,-1,-1,1
2013621301351,2,9,0,10,0,1,0,0,0,0,2,1,6,3,-1,-1,-1,-1,-1,-1
2013621301352,1,9,0,18,0,0,0,0,0,0,1,1,6,1,6,1124,1,11,-1,1
2013621301353,1,9,0,7,0,3,1,0,0,0,1,1,6,1,5,1560,2,5,-1,1
2013621301353,2,9,0,10,0,1,0,0,0,0,1,1,6,2,7,1995,2,7,-1,1
2013621301354,1,8,0,1,0,0,0,0,0,0,4,1,1,1,7,1910,2,8,-1,1
2013621301355,1,9,0,16,0,0,2,0,7,10,1,1,6,1,7,1461,2,8,-1,1
2013621301356,1,9,0,9,0,1,0,0,7,3,1,1,6,1,10,1595,1,1,-1,1
2013621301357,1,1,0,18,0,0,0,0,0,0,0,1,6,1,4,-1,-1,-1,-1,1
2013621301358,1,9,0,3,0,4,0,0,0,0,1,1,1,1,6,1242,1,10,-1,3
2013621301358,2,9,0,4,0,4,0,0,0,0,2,1,1,2,9,998,1,1,-1,1
2013621301359,1,19,0,18,0,0,0,0,0,0,4,1,6,3,-1,-1,-1,-1,-1,-1
2013621301359,2,1,0,18,0,0,0,0,0,0,2,1,6,1,4,-1,-1,-1,-1,1
2013621301360,1,9,0,18,0,0,0,0,0,0,1,1,6,1,8,1968,2,1,-1,2
2013621301360,2,9,0,3,0,0,0,0,0,0,2,1,6,3,-1,-1,-1,-1,-1,-1
2013621301360,3,9,0,3,0,0,0,0,0,0,2,1,6,1,8,1390,1,6,-1,1
2013621301360,4,9,0,3,0,0,0,0,0,0,2,1,6,1,6,1149,1,3,-1,1
2013621301361,1,9,0,18,0,0,0,0,0,0,1,1,6,1,5,1598,1,14,-1,3
2013621301361,2,9,0,2,0,0,0,0,0,0,2,1,6,3,-1,1997,2,11,-1,-1
2013621301361,3,9,0,2,0,0,0,0,0,0,1,1,6,3,-1,1998,1,8,-1,-1
2013621301362,1,9,0,18,0,0,2,0,1,0,0,1,6,1,7,-1,-1,-1,8,1
2013621301363,1,8,0,18,0,1,0,0,0,0,1,1,1,2,5,2664,2,14,-1,1
2013621301363,2,9,0,4,0,1,0,0,0,0,2,1,6,1,9,2496,2,8,-1,1
2013621301364,1,9,0,18,9,0,0,0,7,10,1,1,3,1,9,2598,1,18,-1,2
2013621301365,1,9,0,18,0,0,0,0,0,0,1,1,6,1,8,1363,2,9,-1,1
2013621301366,1,9,0,4,0,1,0,0,0,0,1,1,6,2,6,1598,1,-1,-1,1
2013621301366,2,9,0,4,0,1,0,0,0,0,2,1,6,1,7,1997,2,11,7,1
2013621301367,1,9,0,18,0,0,5,0,0,0,1,1,6,1,9,1582,2,-1,-1,1
2013621301367,2,9,0,2,0,0,0,0,0,0,2,1,6,3,-1,1242,1,6,-1,-1
2013621301368,1,9,0,18,0,0,0,0,0,0,4,1,6,2,4,1490,1,7,-1,1
2013621301369,1,9,0,18,0,0,0,0,0,0,1,1,6,1,5,1242,1,-1,-1,1
2013621301369,2,9,0,18,0,0,0,0,4,0,2,1,6,2,6,1299,1,7,-1,2
2013621301370,1,9,0,18,0,0,5,0,0,0,4,1,6,1,11,1242,1,2,-1,1
2013621301371,1,9,0,18,0,0,0,0,0,0,1,1,6,2,6,1796,1,10,-1,1
2013621301371,2,9,0,18,0,0,0,0,1,7,2,1,6,1,9,796,1,14,-1,3
2013621301372,1,9,0,18,0,3,0,0,4,2,4,1,6,1,8,1956,2,1,-1,2
2013621301372,2,9,0,18,0,3,0,0,0,0,3,1,6,1,4,1198,1,11,-1,1
2013621301373,1,9,0,9,0,8,0,0,0,0,1,1,6,1,8,1527,2,15,-1,2
2013621301373,2,9,0,18,0,8,0,0,0,0,1,1,6,1,5,1149,1,10,-1,1
2013621301374,1,9,0,18,0,0,0,0,0,0,3,1,6,3,-1,-1,-1,-1,-1,-1
2013621301374,2,9,0,18,0,0,0,0,0,0,3,1,6,1,6,-1,-1,-1,-1,1
2013621301375,1,90,0,18,0,0,0,0,0,0,0,1,6,3,-1,-1,-1,-1,-1,-1
2013621301376,1,9,0,18,0,5,0,0,0,0,1,1,6,2,5,1248,2,5,-1,1
2013621301376,2,9,0,18,0,5,0,0,0,0,2,1,6,1,9,1598,1,6,-1,1
2013621301377,1,9,0,18,0,0,0,0,0,0,3,1,6,1,6,796,1,12,-1,1
2013621301378,1,9,0,18,0,0,0,0,0,0,1,1,6,2,4,1598,1,8,-1,1
2013621301378,2,9,0,18,0,0,0,0,0,0,2,1,6,1,5,1560,2,-1,9,3
2013621301378,3,9,0,18,0,0,0,0,0,0,2,1,6,2,7,1242,1,9,-1,1
2013621301379,1,9,0,18,0,0,0,0,0,0,1,1,6,3,-1,-1,-1,-1,-1,-1
2013621301380,1,9,0,9,0,1,1,0,7,0,1,1,6,1,6,1597,1,13,-1,1
2013621301380,2,9,0,18,0,1,1,0,0,0,4,1,6,1,5,1968,2,6,-1,1
2013621301381,1,9,0,18,0,1,0,0,0,0,1,1,6,2,7,1995,2,10,-1,1
2013621301381,2,9,0,18,0,1,0,0,0,0,3,1,6,1,5,1397,1,12,-1,1
2013621301382,1,19,0,12,0,0,0,0,0,0,0,1,6,3,-1,1996,2,2,-1,-1
2013621301382,2,9,0,18,0,0,1,0,5,7,1,1,6,2,6,1994,2,14,-1,1
2013621301382,3,9,0,18,0,0,0,0,1,0,3,1,6,1,9,1364,1,5,-1,2
2013621301383,1,4,0,4,0,0,1,0,0,0,1,1,6,1,5,124,1,5,-1,2
2013621301383,2,9,0,1,0,0,0,0,0,0,2,1,6,2,4,1149,1,10,-1,1
2013621301384,1,9,0,16,0,0,0,0,1,1,1,1,6,1,11,1388,1,1,-1,1
2013621301385,1,8,0,18,0,3,0,0,0,0,1,1,1,3,-1,-1,-1,-1,-1,-1
2013621301386,1,9,0,18,0,0,5,0,0,9,1,1,2,1,5,1560,2,4,-1,2
2013621301387,1,9,0,18,0,8,0,0,0,0,1,1,6,1,4,1598,1,3,-1,1
2013621301388,1,9,0,18,0,5,0,0,2,7,1,1,6,1,5,1910,2,10,-1,1
2013621301389,1,9,0,17,0,1,0,0,0,0,2,1,6,2,6,796,1,12,-1,1
2013621301389,2,9,0,17,0,1,0,0,0,0,1,1,6,1,6,1598,1,13,-1,1
2013621301390,1,9,0,18,0,0,0,0,0,0,1,1,6,1,5,2000,1,19,-1,1
2013621301391,1,9,0,18,0,0,0,0,0,0,1,1,6,1,7,1598,1,7,9,1
2013621301391,2,9,0,4,0,0,0,0,0,0,2,1,6,2,6,1896,2,12,-1,1
2013621301391,3,9,0,4,0,0,0,0,0,0,2,1,6,2,8,1560,2,1,-1,1
2013621301391,4,9,0,18,0,0,0,0,0,0,1,1,6,1,5,1242,1,7,-1,1
2013621301392,1,9,0,9,0,1,0,0,0,0,1,1,1,1,4,1896,2,9,-1,1
2013621301392,2,9,0,18,0,1,0,0,0,0,1,1,1,1,6,1364,1,4,-1,1
2013621301393,1,19,0,18,0,0,0,0,0,0,4,1,6,1,6,1896,2,6,-1,1
2013621301394,1,9,0,18,0,4,0,0,0,0,1,1,6,1,6,1598,1,6,-1,1
2013621301394,2,9,0,3,0,4,0,0,0,0,2,1,6,2,5,1598,1,1,-1,1
2013621301395,1,9,0,18,0,1,0,0,0,0,1,1,6,2,10,1991,2,7,-1,3
2013621301395,2,9,0,18,0,1,0,0,0,0,2,1,6,1,7,1995,1,12,-1,1
2013621301395,3,9,0,18,0,1,0,0,0,0,2,1,6,1,8,1560,2,6,-1,3
2013621301395,4,9,0,18,0,1,0,0,0,0,2,1,6,2,8,2204,2,6,-1,1
2013621301396,1,9,0,7,0,4,1,0,0,0,1,1,1,1,6,2148,2,6,-1,1
2013621301396,2,9,0,9,0,3,0,0,0,0,4,1,6,1,9,1398,1,-1,-1,1
2013621301397,1,9,0,18,0,0,0,0,0,0,1,1,6,1,8,1896,2,12,-1,1
2013621301398,1,9,0,1,0,8,0,0,0,0,2,1,6,1,7,1796,1,14,-1,1
2013621301398,2,3,0,3,0,8,0,0,0,0,1,1,6,1,4,124,1,13,-1,1
2013621301399,1,9,0,18,0,1,1,0,0,0,1,1,6,1,7,1560,2,2,-1,1
2013621301399,2,9,0,7,0,1,0,0,0,0,2,1,6,2,6,1242,1,1,-1,1
2013621301399,3,9,0,10,0,1,0,0,0,0,3,1,6,2,5,1149,1,10,-1,1
2013621301400,1,9,0,18,0,0,0,0,0,0,1,1,6,1,7,1599,1,10,-1,1
2013621301401,1,9,0,7,0,1,0,0,0,0,4,1,6,1,8,1747,1,10,-1,1
2013621301401,2,11,0,18,0,1,0,0,0,0,3,1,1,1,8,5883,2,10,-1,1
2013621301402,1,9,0,9,0,1,0,0,0,0,1,1,1,1,9,998,1,2,-1,1
2013621301402,2,9,0,18,0,5,0,0,0,0,4,1,6,1,5,1124,1,11,-1,1
2013621301403,1,3,0,18,0,0,0,0,0,0,0,1,6,2,5,125,1,2,-1,1
2013621301404,1,9,0,12,0,0,0,0,0,0,4,1,6,2,10,1390,1,6,-1,3
2013621301404,2,9,0,18,0,0,0,0,0,0,1,1,6,2,8,1149,1,10,-1,1
2013621301405,1,19,0,18,0,1,0,0,0,0,1,1,1,1,5,1248,2,3,7,1
2013621301405,2,9,0,3,0,1,0,0,0,0,2,1,6,1,9,1396,2,4,-1,1
2013621301405,3,9,0,3,0,1,0,0,0,0,2,1,6,1,8,1896,2,6,-1,1
2013621301406,1,9,0,18,0,0,5,10,8,2,1,1,6,1,5,1587,1,9,-1,1
2013621301407,1,21,0,4,0,4,0,0,0,0,1,1,1,1,7,12419,2,2,10,1
2013621301407,2,9,0,3,0,4,0,0,0,0,2,1,1,2,6,1995,2,1,-1,1
2013621301407,3,9,0,3,0,4,0,0,0,0,2,1,6,3,-1,1598,1,5,-1,-1
2013621301408,1,9,0,10,0,6,0,0,0,0,3,1,6,2,9,1242,1,6,-1,1
2013621301408,2,9,0,18,0,8,0,0,0,0,1,1,6,1,6,1968,2,5,-1,1
2013621301409,1,9,0,18,0,2,5,7,1,0,1,1,6,2,10,1582,2,1,-1,1
2013621301410,1,9,0,16,0,0,1,0,0,2,1,1,2,2,4,1598,1,3,-1,3
2013621301410,2,9,0,17,0,0,0,0,0,0,3,1,6,1,6,1598,2,3,-1,3
2013621301411,1,9,0,18,0,1,0,0,0,0,1,1,6,1,4,998,1,2,-1,1
2013621301411,2,19,0,3,0,1,0,0,0,0,2,1,6,1,6,1998,2,11,-1,1
2013621301411,3,9,0,3,0,1,0,0,0,0,2,1,6,1,6,1986,2,5,-1,1
2013621301412,1,9,0,18,0,1,0,0,0,0,1,1,6,1,7,1986,2,5,-1,1
2013621301412,2,9,0,3,0,1,0,0,0,0,2,1,6,1,7,1493,2,7,-1,1
2013621301412,3,9,0,3,0,1,0,0,0,0,2,1,6,2,7,1796,1,6,-1,1
2013621301413,1,9,0,18,0,1,0,0,0,0,4,1,6,1,8,1794,1,10,-1,1
2013621301414,1,9,0,18,0,8,0,0,0,0,1,1,6,1,7,1560,2,4,-1,1
2013621301414,2,9,0,18,0,8,0,0,0,0,2,1,6,2,5,1248,2,1,-1,1
2013621301415,1,9,0,1,0,0,0,0,0,0,2,1,6,2,8,1299,1,7,-1,1
2013621301416,1,9,0,18,0,0,0,4,0,0,1,1,6,2,5,1598,2,-1,-1,1
2013621301416,2,9,0,2,0,0,0,0,0,0,4,1,6,3,-1,1388,1,-1,-1,-1
2013621301416,3,9,0,2,0,0,0,0,0,0,3,1,6,3,-1,1999,1,4,-1,-1
2013621301416,4,9,0,2,0,0,0,0,0,0,3,1,6,3,-1,3000,1,13,-1,-1
2013621301417,1,4,0,13,0,0,1,0,0,0,0,1,6,1,7,487,1,18,-1,1
2013621301418,1,9,0,5,0,1,0,0,0,0,1,1,6,2,10,1686,2,2,-1,1
2013621301418,2,9,0,17,0,1,0,0,0,0,1,1,2,1,9,1596,1,8,-1,1
2013621301419,1,9,0,4,0,1,0,0,0,0,3,1,6,1,8,1799,1,4,-1,1
2013621301419,2,1,0,15,0,1,0,0,0,0,3,1,6,1,4,-1,-1,-1,-1,1
2013621301420,1,9,0,3,0,3,0,0,0,0,4,1,6,1,9,2401,2,7,-1,-1
2013621301420,2,1,0,18,0,3,0,0,0,0,3,1,1,2,7,-1,-1,-1,-1,3
2013621301421,1,9,0,18,0,0,0,0,0,0,1,1,6,1,7,1242,1,6,-1,1
2013621301421,2,9,0,4,0,0,0,0,0,0,2,1,6,1,10,2148,2,8,-1,3
2013621301422,1,9,0,18,0,0,0,0,0,0,3,1,6,1,10,1973,1,13,-1,1
2013621301423,1,9,0,18,0,4,0,0,0,0,0,1,6,1,4,1242,1,10,-1,1
2013621301424,1,9,0,16,0,1,0,0,0,0,1,1,6,2,4,1299,1,9,-1,2
2013621301424,2,9,0,10,0,1,0,0,0,0,2,1,6,1,5,1596,1,13,-1,1
2013621301425,1,9,0,5,0,0,0,0,0,0,4,1,6,1,5,1398,2,8,-1,1
2013621301425,2,11,0,18,0,0,0,0,0,0,3,1,1,1,9,4250,2,7,-1,1
2013621301426,1,9,0,18,0,0,0,0,1,0,1,1,6,2,5,1599,1,10,-1,1
2013621301427,1,9,0,4,0,1,1,0,0,0,1,1,6,1,6,1206,1,1,-1,1
2013621301427,2,9,0,18,0,1,0,0,0,0,2,1,6,1,6,1995,2,6,-1,1
2013621301428,1,90,0,18,0,8,0,0,0,0,1,1,6,1,7,234,1,7,-1,1
2013621301428,2,9,0,4,0,8,0,0,0,0,3,1,1,1,6,1997,2,1,-1,1
2013621301429,1,9,0,12,0,7,0,0,0,0,4,1,6,2,6,1124,1,12,-1,1
2013621301429,2,9,0,16,0,8,0,0,0,0,3,1,6,2,5,1388,1,3,-1,1
2013621301430,1,11,0,4,0,-1,0,0,-1,-1,0,1,1,2,8,-1,-1,-1,-1,1
2013621301431,1,9,0,4,0,1,0,0,0,0,1,1,6,2,5,1299,1,11,-1,3
2013621301431,2,9,0,3,0,1,0,0,0,0,2,1,6,3,-1,-1,-1,-1,-1,-1
2013621301432,1,9,0,9,0,8,0,0,0,0,3,1,6,1,5,1242,1,6,-1,1
2013621301432,2,9,0,9,0,8,0,0,0,0,4,1,6,2,4,1198,1,7,-1,1
2013621301433,1,9,0,18,0,1,0,0,0,0,1,1,6,2,6,1242,1,-1,-1,2
2013621301433,2,9,0,3,0,1,0,0,0,0,2,1,6,1,10,2179,2,9,4,2
2013621301434,1,9,0,4,0,1,0,0,0,0,0,1,6,3,-1,-1,-1,-1,-1,-1
2013621301434,2,11,0,3,0,1,0,0,0,0,0,1,6,1,7,-1,2,15,-1,1
2013621301435,1,9,0,18,0,1,0,0,0,0,1,1,6,2,7,-1,-1,-1,-1,2
2013621301435,2,9,0,18,0,1,0,0,0,0,2,1,6,1,9,1242,1,5,-1,1
2013621301436,1,4,0,7,0,3,0,0,0,0,4,1,6,1,8,250,1,1,-1,1
2013621301436,2,9,0,18,0,8,0,0,0,0,3,1,6,1,8,1598,1,11,-1,1
2013621301437,1,9,0,18,0,0,0,0,1,7,3,1,6,2,8,1995,2,10,4,1
2013621301438,1,2,0,9,0,5,0,0,7,0,4,1,6,2,4,49,1,5,-1,2
2013621301438,2,9,0,18,0,1,0,0,0,0,1,1,2,2,6,1364,1,6,-1,1
2013621301439,1,9,0,18,0,0,0,0,0,0,1,1,6,1,6,1299,1,15,-1,1
2013621301439,2,9,0,2,0,0,0,0,0,0,1,1,6,2,8,1582,2,2,-1,1
2013621301439,3,9,0,18,0,0,0,0,0,0,1,1,6,1,7,1998,2,7,-1,1
2013621301440,1,9,0,9,0,8,0,0,0,0,1,1,6,2,5,1360,1,9,-1,1
2013621301440,2,9,0,18,0,8,0,0,1,0,1,1,6,1,8,1997,2,5,-1,1
2013621301441,1,9,0,6,0,0,0,0,0,0,1,1,6,1,6,1685,2,1,-1,2
2013621301441,2,1,0,18,0,0,0,0,0,0,3,1,6,1,5,-1,-1,-1,-1,1
2013621301442,1,9,0,9,0,1,0,0,0,0,1,1,6,2,7,1339,1,7,-1,1
2013621301442,2,9,0,18,0,5,0,0,0,0,3,1,6,1,6,1596,1,12,-1,1
2013621301443,1,3,0,7,0,4,1,0,0,0,3,1,6,2,4,124,1,1,-1,1
2013621301444,1,9,0,18,0,0,0,0,2,3,1,1,2,2,7,1360,1,6,-1,1
2013621301445,1,9,0,18,0,0,0,0,0,0,1,1,6,1,6,2993,2,2,-1,3
2013621301445,2,9,0,3,0,0,0,0,0,0,2,1,6,1,7,1997,2,7,-1,1
2013621301445,3,9,0,3,0,0,0,0,0,0,2,1,6,2,9,1598,1,6,-1,1
2013621301445,4,9,0,3,0,0,0,0,0,0,2,1,6,1,9,2143,2,2,-1,1
2013621301446,1,90,0,18,0,0,0,0,0,0,1,1,6,1,10,-1,-1,-1,-1,3
2013621301447,1,9,0,18,0,8,0,0,0,0,1,1,6,1,8,2793,1,14,-1,1
2013621301447,2,9,0,4,0,8,0,0,0,0,2,1,6,1,5,1124,1,13,-1,1
2013621301448,1,9,0,18,0,0,0,0,0,0,3,1,6,1,7,1560,2,4,-1,2
2013621301448,2,9,0,18,0,0,0,0,0,0,3,1,6,2,8,1794,1,12,-1,1
2013621301449,1,5,0,18,0,0,1,0,0,0,0,1,1,1,7,805,1,10,-1,1
2013621301450,1,9,0,18,0,1,0,0,0,0,1,1,6,1,5,899,1,20,-1,1
2013621301450,2,8,0,7,0,1,0,0,0,0,2,1,1,1,8,1910,2,5,-1,1
2013621301451,1,9,0,18,0,0,0,0,0,0,1,1,6,2,11,1995,1,8,-1,1
2013621301451,2,9,0,2,0,0,0,0,1,0,3,1,6,3,-1,1121,1,7,-1,-1
2013621301452,1,11,0,18,0,0,0,0,0,0,1,1,1,1,8,-1,2,15,-1,1
2013621301453,1,9,0,4,0,1,0,0,0,0,1,1,6,1,5,1396,1,11,-1,1
2013621301453,2,9,0,3,0,1,0,0,0,0,2,1,1,1,7,1582,2,1,-1,1
2013621301454,1,5,0,13,0,1,0,0,0,0,4,1,6,1,8,998,1,3,-1,3
2013621301454,2,9,0,10,0,1,0,0,0,0,3,1,6,1,9,1206,1,3,-1,1
2013621301455,1,9,0,18,0,0,0,0,1,0,1,1,6,2,6,973,1,13,-1,1
2013621301456,1,9,0,9,0,5,0,0,0,0,4,1,6,2,8,1240,1,6,-1,1
2013621301456,2,9,0,18,0,8,0,0,0,0,1,1,6,1,5,1124,1,4,-1,1
2013621301457,1,9,0,12,0,0,1,0,0,0,1,1,6,2,5,1242,1,15,-1,2
2013621301457,2,9,0,18,0,0,0,0,0,0,1,1,6,1,8,1998,1,13,-1,1
2013621301457,3,9,0,18,0,0,0,0,0,0,3,1,6,1,8,1398,2,8,-1,2
2013621301457,4,9,0,12,0,0,0,0,0,0,0,1,6,2,8,1242,1,2,10,1
2013621301458,1,9,0,9,0,1,0,0,0,0,3,1,2,2,7,1781,1,8,-1,1
2013621301458,2,9,0,18,0,1,0,0,0,0,3,1,2,2,7,1896,2,11,-1,1
2013621301459,1,9,0,18,0,0,1,0,0,0,1,1,6,1,5,2470,2,20,-1,1
2013621301460,1,9,0,18,0,0,0,0,0,0,1,1,6,1,7,1686,2,10,-1,1
2013621301460,2,9,0,3,0,0,0,0,0,0,2,1,6,1,6,1956,2,-1,-1,1
2013621301461,1,19,0,18,7,0,2,0,2,7,4,1,1,1,5,-1,-1,-1,-1,1
2013621301462,1,9,0,18,0,0,0,0,0,0,1,1,6,1,5,-1,-1,-1,-1,1
2013621301462,2,9,0,4,0,0,0,0,0,0,2,1,6,1,7,1997,2,12,-1,1
2013621301462,3,9,0,4,0,0,0,0,0,0,2,1,6,1,6,1998,1,8,-1,1
2013621301463,1,9,0,16,0,0,1,0,0,0,3,1,6,1,9,1560,2,4,-1,3
2013621301463,2,9,0,17,0,0,0,0,0,0,3,1,6,1,5,2179,2,-1,-1,1
2013621301464,1,9,0,16,0,0,0,0,0,0,4,1,6,3,-1,-1,-1,-1,-1,-1
2013621301465,1,9,0,18,0,1,0,0,0,0,1,1,6,1,4,1896,2,6,-1,1
2013621301465,2,9,0,3,0,1,0,0,0,0,2,1,6,1,7,1299,1,12,-1,1
2013621301465,3,5,0,3,0,1,0,0,0,7,2,1,6,1,8,1284,1,5,-1,2
2013621301466,1,9,0,18,0,4,1,0,2,4,1,1,6,1,10,1998,1,16,-1,1
2013621301467,1,9,0,9,0,8,0,0,0,0,1,1,6,2,7,1596,1,8,-1,1
2013621301467,2,9,0,18,0,8,0,0,0,0,3,1,6,1,6,1794,1,13,-1,2
2013621301468,1,9,0,18,0,4,0,0,0,0,1,1,6,1,6,2198,2,7,-1,1
2013621301468,2,9,0,3,0,4,0,0,0,0,2,1,6,2,9,1975,1,14,-1,3
2013621301469,1,9,0,18,0,0,0,0,0,0,1,1,6,1,5,1968,2,1,-1,1
2013621301469,2,9,0,18,0,0,0,0,0,0,2,1,1,2,8,1461,2,3,-1,1
2013621301469,3,90,0,18,0,0,0,0,0,0,2,1,6,1,7,-1,-1,-1,-1,2
2013621301470,1,9,0,9,0,2,0,0,0,0,1,1,6,1,9,1596,1,2,-1,1
2013621301470,2,5,0,18,0,1,1,0,0,0,1,1,6,1,5,748,1,27,-1,2
2013621301471,1,9,0,18,0,0,0,0,0,0,4,1,6,3,-1,-1,-1,-1,-1,-1
2013621301472,1,9,0,9,0,4,0,0,0,0,1,1,6,2,11,1587,1,7,-1,3
2013621301472,2,3,0,18,0,8,0,0,0,0,1,1,6,1,9,124,1,4,-1,2
2013621301473,1,9,0,4,0,0,0,0,0,0,2,1,1,1,7,1582,2,2,-1,1
2013621301473,2,9,0,3,0,0,0,0,0,0,2,1,6,2,5,1242,1,12,-1,1
2013621301474,1,9,0,9,0,1,0,0,0,0,1,1,6,1,4,1242,1,1,-1,1
2013621301474,2,1,0,18,0,1,0,0,0,0,2,1,6,1,8,-1,-1,-1,-1,1
2013621301475,1,9,0,9,0,6,0,0,0,0,3,1,6,1,10,1396,1,1,-1,1
2013621301475,2,9,0,18,0,8,0,0,0,0,1,1,6,1,7,-1,-1,-1,-1,1
2013621301476,1,20,0,18,0,0,0,0,0,0,1,1,1,1,5,-1,-1,-1,-1,1
2013621301476,2,9,0,4,0,0,0,0,0,0,2,1,6,1,10,1968,2,2,-1,3
2013621301476,3,9,0,2,0,0,0,0,0,0,1,1,6,3,-1,1749,1,9,-1,-1
2013621301477,1,9,0,18,0,1,0,0,0,0,1,1,6,3,-1,-1,-1,-1,-1,-1
2013621301477,2,1,0,18,0,1,0,0,0,0,4,1,6,1,1,-1,-1,-1,-1,3
2013621301478,1,9,0,18,0,1,0,0,0,0,4,1,6,3,-1,-1,-1,-1,-1,-1
2013621301479,1,9,0,9,0,8,0,0,0,0,1,1,6,2,9,1582,2,2,-1,1
2013621301479,2,1,0,18,0,8,0,0,0,0,3,1,6,1,7,-1,-1,-1,-1,1
2013621301480,1,3,0,18,0,0,0,0,0,0,4,1,6,1,9,1170,1,2,-1,1
2013621301480,2,9,0,5,0,0,0,0,0,0,4,1,6,2,9,1589,1,13,-1,1
2013621301481,1,11,0,15,0,8,1,0,0,0,4,1,1,1,8,5900,2,9,-1,1
2013621301481,2,90,0,18,0,8,0,0,0,0,3,1,6,1,11,-1,3,5,-1,1
2013621301482,1,9,0,18,0,1,1,10,1,0,1,1,6,2,11,1364,1,5,-1,1
2013621301482,2,9,0,18,0,1,1,0,0,0,3,1,6,1,7,1998,2,6,-1,1
2013621301483,1,9,0,18,0,0,0,0,0,0,1,1,6,3,-1,-1,-1,-1,-1,-1
2013621301483,2,1,0,18,0,0,0,0,0,0,2,1,6,1,5,-1,-1,-1,-1,1
2013621301484,1,9,0,18,0,4,0,0,0,0,1,1,6,1,6,1686,2,5,-1,1
2013621301484,2,9,0,4,0,1,0,0,0,0,2,1,6,1,8,2000,2,9,-1,1
2013621301485,1,9,0,18,0,0,5,0,1,0,4,1,6,2,5,1242,1,3,-1,2
2013621301485,2,9,0,18,0,0,1,0,1,0,3,1,6,1,8,1399,1,9,-1,3
2013621301486,1,9,0,5,0,4,0,0,0,0,1,1,6,1,10,1388,1,6,-1,1
2013621301486,2,9,0,3,0,4,0,0,0,0,2,1,6,1,5,1149,1,7,-1,1