Accident_Index,Vehicle_Reference,Vehicle_Type,Towing_and_Articulation,Vehicle_Manoeuvre,Vehicle_Location-Restricted_Lane,Junction_Location,Skidding_and_Overturning,Hit_Object_in_Carriageway,Vehicle_Leaving_Carriageway,Hit_Object_off_Carriageway,1st_Point_of_Impact,Was_Vehicle_Left_Hand_Drive?,Journey_Purpose_of_Driver,Sex_of_Driver,Age_Band_of_Driver,Engine_Capacity_(CC),Propulsion_Code,Age_of_Vehicle,Driver_IMD_Decile,Driver_Home_Area_Type
2013621301644,1,9,0,18,0,1,0,0,0,0,1,1,6,1,7,1995,2,9,-1,2
2013621301644,2,9,0,2,0,1,0,0,0,0,2,1,6,3,-1,1598,1,12,-1,-1
2013621301645,1,9,0,9,0,8,0,0,0,0,4,1,6,1,4,1149,1,10,-1,1
2013621301645,2,9,0,17,0,1,0,0,0,0,4,1,6,1,7,1956,2,1,-1,1
2013621301646,1,9,0,18,0,0,0,0,1,2,1,1,6,1,6,1796,1,11,-1,1
2013621301646,2,9,0,2,0,0,0,0,0,0,2,1,6,3,-1,1242,1,2,-1,-1
2013621301646,3,9,0,2,0,0,0,0,0,0,2,1,6,3,-1,1995,2,7,-1,-1
2013621301646,4,9,0,2,0,0,0,0,0,0,2,1,6,3,-1,-1,-1,-1,-1,-1
2013621301646,5,9,0,2,0,0,0,0,0,0,2,1,6,3,-1,1399,2,2,-1,-1
2013621301646,6,9,0,2,0,0,0,0,0,0,2,1,6,3,-1,1399,2,8,-1,-1
2013621301646,7,9,0,2,0,0,0,0,0,0,2,1,6,3,-1,1390,1,8,-1,-1
2013621301647,1,9,0,9,0,4,0,0,0,0,4,1,6,2,4,1124,1,10,-1,3
2013621301647,2,9,0,18,0,4,0,0,0,0,1,1,6,2,6,1242,1,2,-1,3
2013621301648,1,9,0,9,0,8,0,0,0,0,1,1,6,1,5,2171,1,9,-1,1
2013621301649,1,11,0,18,2,1,0,0,0,0,4,1,1,1,8,3900,2,10,-1,1
2013621301650,1,9,0,18,0,1,0,0,7,7,3,1,6,1,6,1299,1,12,-1,3
2013621301651,1,9,0,18,0,0,0,0,0,0,1,1,6,1,5,1388,1,12,-1,2
2013621301651,2,9,0,18,0,0,0,0,0,0,2,1,6,1,6,1490,1,10,-1,2
2013621301651,3,9,0,18,0,0,0,0,0,0,2,1,6,2,6,1598,1,11,-1,1
2013621301652,1,2,0,18,0,0,0,0,0,0,1,1,6,1,6,49,1,7,-1,1
2013621301653,1,9,0,5,0,0,0,0,0,0,3,1,6,1,4,998,1,4,-1,1
2013621301653,2,9,0,18,0,0,5,0,0,0,4,1,6,1,6,998,1,1,-1,1
2013621301653,3,9,0,18,0,0,0,0,0,0,3,1,6,2,5,1360,1,9,-1,1
2013621301653,4,8,0,2,0,0,0,0,0,0,2,1,6,3,-1,2231,2,7,-1,-1
2013621301654,1,9,0,7,0,2,0,0,0,0,1,1,6,3,-1,-1,-1,-1,-1,-1
2013621301655,1,9,0,17,0,1,0,0,7,10,1,1,6,1,4,2967,1,9,-1,-1
2013621301656,1,9,0,18,0,0,0,0,0,0,1,1,6,2,10,1061,1,7,-1,1
2013621301657,1,9,0,18,0,0,1,0,8,10,1,1,2,1,5,1596,1,11,-1,1
2013621301658,1,9,0,2,9,0,0,11,3,10,2,1,6,1,9,1388,1,14,-1,1
2013621301659,1,9,0,18,0,0,0,0,0,0,1,1,6,3,-1,-1,-1,-1,-1,-1
2013621301660,1,9,0,18,0,8,0,0,0,0,1,1,6,1,6,1598,1,11,-1,2
2013621301660,2,9,0,8,0,5,0,0,0,0,2,1,6,1,8,1390,1,5,-1,2
2013621301661,1,9,0,17,0,0,0,0,0,0,1,1,6,1,6,1781,1,11,-1,1
2013621301661,2,9,0,4,0,0,0,0,0,0,2,1,6,2,7,1398,2,11,-1,1
2013621301662,1,9,0,7,0,8,0,0,0,0,0,1,6,3,-1,-1,-1,-1,-1,-1
2013621301662,2,1,0,18,0,8,0,0,0,0,0,1,6,1,4,-1,-1,-1,-1,1
2013621301663,1,19,0,9,0,8,0,0,0,0,1,1,6,1,8,2198,2,2,-1,1
2013621301663,2,9,0,18,0,8,0,0,0,0,4,1,6,1,6,1686,2,11,-1,1
2013621301664,1,9,0,18,0,0,1,0,4,6,4,1,6,2,8,1206,1,3,-1,1
2013621301664,2,9,0,18,0,0,0,0,0,0,3,1,6,1,6,1242,1,6,-1,1
2013621301664,3,9,0,18,0,0,0,0,0,0,1,1,6,2,6,1598,1,3,-1,1
2013621301665,1,9,0,18,0,0,1,0,0,0,1,1,2,1,9,1968,2,1,-1,1
2013621301665,2,20,0,18,0,0,0,0,0,0,1,1,1,1,6,-1,-1,-1,-1,1
2013621301665,3,21,0,18,0,0,0,0,0,0,4,1,1,1,8,-1,-1,-1,-1,1
2013621301666,1,9,0,4,0,2,0,0,0,0,1,1,1,1,10,1686,2,7,-1,1
2013621301666,2,21,0,3,0,2,0,0,0,0,2,1,1,1,7,-1,-1,-1,-1,1
2013621301666,3,9,0,4,0,2,0,0,0,0,1,1,1,1,7,1956,2,1,-1,3
2013621301667,1,9,0,18,0,1,0,0,0,0,1,1,6,2,7,1360,1,9,-1,1
2013621301667,2,9,0,18,0,1,0,0,0,0,2,1,6,2,6,1242,1,4,-1,1
2013621301667,3,9,0,4,0,1,0,0,0,0,2,1,6,2,7,1986,2,8,-1,1
2013621301668,1,9,0,5,0,0,0,7,1,10,1,1,6,1,6,1590,1,12,-1,1
2013621301669,1,9,0,18,0,6,0,0,0,0,3,1,4,1,4,1199,1,9,-1,1
2013621301670,1,1,0,18,0,1,0,0,0,0,1,1,6,1,2,-1,-1,-1,-1,1
2013621301670,2,9,0,18,0,8,0,0,0,0,4,1,6,1,5,1560,2,6,-1,1
2013621301671,1,9,0,18,0,0,0,0,0,0,1,1,2,1,9,1968,2,4,-1,3
2013621301672,1,4,0,14,0,0,1,0,7,0,1,1,6,1,7,918,1,16,-1,1
2013621301672,2,19,0,9,7,0,0,0,0,0,2,1,1,1,6,2402,2,8,-1,1
2013621301672,3,21,1,2,6,0,0,0,0,0,3,1,1,3,-1,12809,2,-1,-1,-1
2013621301673,1,9,0,4,0,0,0,0,0,0,1,1,1,2,5,1299,1,9,-1,1
2013621301673,2,90,0,4,0,0,0,0,0,0,2,1,1,1,7,2970,2,2,-1,1
2013621301674,1,21,1,18,0,4,0,0,0,0,1,1,1,1,8,11946,2,6,-1,1
2013621301674,2,9,0,5,0,4,0,0,0,0,2,1,6,2,7,1968,2,5,-1,1
2013621301675,1,9,0,6,0,1,0,0,0,0,3,1,6,1,6,1997,2,1,-1,1
2013621301675,2,9,0,18,0,1,0,0,0,0,1,1,6,1,5,1598,1,10,-1,1
2013621301676,1,9,0,18,0,2,0,0,0,0,1,1,6,1,6,1390,1,12,-1,1
2013621301676,2,9,0,4,0,2,0,0,0,0,2,1,2,2,8,1242,1,5,-1,1
2013621301677,1,8,0,9,0,8,0,0,0,0,4,1,6,2,5,1248,1,1,-1,1
2013621301677,2,9,0,18,0,8,0,0,0,0,1,1,6,1,7,1753,2,9,-1,1
2013621301678,1,9,0,18,0,1,0,0,3,10,1,1,6,2,10,1086,1,8,-1,1
2013621301679,1,9,0,18,0,1,0,0,0,0,1,1,6,2,7,1390,1,2,-1,1
2013621301679,2,9,0,2,0,1,0,0,0,0,2,1,6,1,6,1984,7,11,-1,1
2013621301679,3,9,0,2,0,1,0,0,0,0,1,1,6,3,-1,1124,1,8,-1,-1
2013621301679,4,9,0,2,0,1,0,0,0,0,1,1,6,3,-1,1390,1,7,-1,-1
2013621301680,1,19,0,9,0,1,0,0,0,0,3,1,1,1,6,2402,2,12,-1,1
2013621301680,2,9,0,18,0,1,0,0,0,0,3,1,2,2,6,1349,1,3,-1,1
2013621301680,3,9,0,18,0,1,1,0,0,0,3,1,2,1,6,1596,1,8,-1,1
2013621301681,1,9,0,18,0,0,1,0,0,0,1,1,2,1,7,1997,2,11,-1,2
2013621301681,2,9,0,3,0,0,0,0,0,8,2,1,1,2,6,1796,1,13,-1,1
2013621301681,3,9,0,3,0,0,0,0,0,0,2,1,2,2,7,1399,2,8,-1,3
2013621301681,4,9,0,3,0,0,0,0,0,0,1,1,3,2,9,1761,1,14,-1,1
2013621301682,1,9,0,1,0,0,0,0,7,1,3,1,6,3,-1,1956,2,2,-1,-1
2013621301682,2,9,0,2,0,0,0,0,0,0,4,1,6,3,-1,1796,1,9,-1,-1
2013621301683,1,9,0,7,0,8,0,0,0,0,1,1,6,2,4,1229,1,7,-1,1
2013621301683,2,9,0,2,6,2,0,0,0,0,2,1,6,3,-1,1364,1,3,-1,-1
2013621301684,1,9,0,18,0,0,0,1,0,0,1,1,1,1,6,-1,-1,-1,-1,1
2013621301684,2,9,0,2,0,0,0,1,0,0,2,1,1,3,-1,1229,1,8,-1,-1
2013621301684,3,9,0,2,0,0,0,1,0,0,1,1,1,3,-1,-1,-1,-1,-1,-1
2013621301685,1,9,0,18,0,0,0,0,0,0,1,1,6,1,9,1590,1,15,-1,1
2013621301685,2,9,0,4,0,0,0,0,0,0,2,1,1,2,9,1968,2,3,-1,1
2013621301686,1,9,0,9,0,8,0,0,0,0,1,1,6,1,8,2295,1,15,-1,1
2013621301686,2,1,0,18,0,8,0,0,0,0,3,1,6,1,6,-1,-1,-1,-1,1
2013621301687,1,9,0,4,0,0,0,0,0,0,2,1,6,1,6,1895,1,14,-1,1
2013621301687,2,9,0,18,0,0,0,0,0,0,1,1,6,1,7,1998,1,15,-1,1
2013621301689,1,9,0,9,0,8,0,0,0,0,1,1,6,2,7,1998,1,10,-1,1
2013621301690,1,1,0,18,0,0,0,10,7,0,1,1,6,1,3,-1,-1,-1,-1,1
2013621301691,1,10,0,5,0,3,0,0,0,0,3,2,6,1,9,-1,-1,-1,-1,-1
2013621301691,2,9,0,5,0,3,0,0,0,0,4,1,2,2,9,1560,2,-1,-1,1
2013621301692,1,9,0,18,0,4,0,0,0,0,1,1,6,2,5,1461,2,3,-1,1
2013621301692,2,9,0,3,0,4,0,0,0,0,2,1,6,2,6,1995,1,9,-1,1
2013621301692,3,9,0,3,0,4,0,0,0,0,4,1,6,1,5,1399,2,9,-1,1
2013621301692,4,9,0,3,0,4,0,0,0,0,4,1,6,1,7,1242,1,6,-1,1
2013621301692,5,20,0,18,0,3,0,0,0,0,2,1,6,1,6,-1,-1,-1,-1,1
2013621301692,6,9,0,18,0,3,0,0,0,0,1,1,6,2,7,1390,1,5,-1,1
2013621301693,1,9,0,18,0,8,0,0,0,0,4,1,6,1,8,1990,1,5,-1,1
2013621301693,2,9,0,5,0,4,0,0,0,0,1,1,6,2,6,1399,1,8,-1,2
2013621301694,1,9,0,9,0,6,0,0,0,0,1,1,6,2,9,999,1,3,-1,1
2013621301694,2,9,0,18,0,8,0,0,0,0,4,1,1,1,8,2148,2,8,-1,1
2013621301695,1,9,0,18,0,0,0,0,8,10,1,1,6,1,8,2000,1,10,-1,1
2013621301695,2,9,0,18,0,0,0,0,0,0,1,1,6,1,7,1968,2,5,-1,3
2013621301695,3,9,0,2,0,0,0,0,0,0,1,1,6,1,9,1998,2,8,-1,3
2013621301696,1,9,0,9,0,5,0,0,0,0,4,1,6,2,8,1595,1,9,-1,3
2013621301696,2,5,0,18,0,8,1,0,0,0,1,1,6,1,7,999,1,1,-1,1
2013621301697,1,9,0,18,0,0,0,0,0,0,1,1,6,2,8,1360,1,10,-1,1
2013621301697,2,9,0,4,0,0,0,0,0,0,2,1,1,2,5,1560,2,4,-1,1
2013621301698,1,9,0,9,0,5,0,0,0,0,1,1,6,3,-1,1149,1,13,-1,-1
2013621301698,2,9,0,18,0,1,0,0,0,0,1,1,6,2,8,1753,2,7,-1,1
2013621301699,1,8,0,10,0,1,0,0,0,0,3,1,1,1,9,1910,2,6,-1,1
2013621301700,1,20,0,18,0,0,0,0,8,3,1,1,6,1,5,-1,-1,-1,-1,1
2013621301701,1,11,0,18,0,0,0,0,1,0,0,1,1,1,6,4250,2,11,-1,1
2013621301701,2,9,0,18,0,0,0,11,1,0,1,1,6,2,8,1149,1,3,-1,1
2013621301701,3,8,0,18,0,0,0,0,1,0,1,1,6,2,5,1242,1,6,-1,3
2013621301702,1,9,0,18,0,8,0,9,2,10,1,1,1,2,8,2664,2,12,-1,1
2013621301702,2,9,0,5,0,8,0,10,0,0,3,1,1,1,7,1984,1,6,-1,1
2013621301702,3,19,0,3,0,1,0,0,0,0,2,1,1,1,7,1896,2,6,-1,1
2013621301703,1,9,0,18,0,8,0,0,0,0,4,1,6,1,6,1560,2,4,-1,1
2013621301704,1,9,0,16,0,0,0,0,7,10,1,1,6,1,8,1199,1,8,-1,1
2013621301705,1,8,0,18,0,3,0,0,0,0,1,1,1,1,8,1598,2,-1,-1,2
2013621301706,1,9,0,18,0,8,0,0,0,0,1,1,6,2,9,1229,1,5,-1,3
2013621301706,2,9,0,18,0,8,0,0,0,0,1,1,6,2,8,1910,2,5,-1,1
2013621301707,1,8,0,9,0,2,0,0,0,0,1,1,1,1,10,1997,2,7,-1,2
2013621301708,1,9,0,18,0,0,0,0,0,0,1,1,1,1,4,1248,1,1,-1,2
2013621301709,1,9,0,7,0,6,1,0,1,0,3,1,6,2,10,1398,1,9,-1,1
2013621301709,2,9,0,18,0,8,0,0,0,0,1,1,6,2,10,1598,1,11,-1,1
2013621301709,3,9,0,2,0,2,0,0,0,0,1,1,6,3,-1,1896,2,7,-1,-1
2013621301710,1,9,0,9,0,8,0,0,0,0,1,1,1,1,7,1298,1,12,-1,1
2013621301711,1,9,0,18,0,1,0,0,0,0,1,1,6,1,5,1390,1,10,-1,1
2013621301711,2,9,0,3,0,1,0,0,0,0,2,1,6,1,9,1596,1,-1,-1,1
2013621301711,3,9,0,5,0,1,0,0,0,0,3,1,1,1,7,1560,2,-1,-1,1
2013621301712,1,9,0,1,0,5,0,0,0,0,2,1,6,1,11,1360,1,17,-1,1
2013621301713,1,9,0,18,0,0,0,0,0,0,1,1,1,2,6,1896,2,8,-1,1
2013621301713,2,20,0,18,0,0,0,0,0,0,2,1,1,1,7,3920,2,5,-1,1
2013621301714,1,9,0,17,0,2,0,4,0,0,1,1,6,1,5,1587,1,9,-1,3
2013621301714,2,9,0,2,0,1,0,0,0,2,2,1,6,3,-1,1199,1,13,-1,-1
2013621301715,1,9,0,18,0,0,0,0,0,0,1,1,3,2,7,1968,2,9,-1,3
2013621301715,2,9,0,18,0,0,0,0,0,0,1,1,1,2,8,1994,2,5,-1,1
2013621301716,1,19,0,1,0,0,0,0,0,0,2,1,1,1,5,2300,2,6,-1,1
2013621301716,2,9,0,5,0,0,0,0,0,0,1,1,6,2,7,1598,1,3,-1,2
2013621301717,1,9,0,18,0,1,5,4,0,0,1,1,6,1,6,1596,1,6,-1,1
2013621301717,2,9,0,2,0,1,0,0,0,0,3,1,6,3,-1,1242,1,11,-1,-1
2013621301719,1,9,0,4,0,0,0,0,0,0,1,1,6,2,9,1296,1,6,-1,1
2013621301720,1,4,0,18,0,0,1,0,0,0,1,1,2,2,7,249,1,3,-1,1
2013621301720,2,19,0,18,0,0,0,0,0,0,2,1,1,1,6,2402,2,2,-1,1
2013621301721,1,9,0,7,0,6,0,0,0,0,3,1,6,1,10,1587,1,6,-1,1
2013621301721,2,4,0,18,0,1,0,0,4,0,1,1,2,1,5,498,1,10,-1,1
2013621301722,1,9,0,4,0,0,0,0,0,0,2,1,6,1,11,1560,2,1,-1,1
2013621301722,2,9,0,18,0,0,0,0,0,0,1,1,6,1,5,1242,1,13,-1,1
2013621301722,3,9,0,18,0,0,0,0,0,0,1,1,6,1,8,-1,-1,-1,3,1
2013621301723,1,19,0,7,0,1,0,0,0,0,4,1,1,1,8,1870,2,10,-1,1
2013621301723,2,1,0,15,0,1,0,0,0,0,1,1,6,1,4,-1,-1,-1,-1,1
2013621301724,1,9,0,18,0,8,0,0,0,0,1,1,6,1,6,-1,-1,-1,-1,2
2013621301724,2,9,0,18,0,8,0,0,0,0,2,1,6,2,5,1461,2,3,-1,1
2013621301725,1,9,0,5,0,1,0,0,0,0,1,1,6,1,4,1229,1,2,-1,1
2013621301725,2,9,0,3,0,2,0,0,0,0,2,1,6,1,7,1598,1,13,-1,1
2013621301725,3,9,0,3,0,2,0,0,0,0,2,1,6,2,6,1796,1,7,-1,1
2013621301725,4,9,0,3,0,2,0,0,0,0,2,1,6,1,10,1999,1,7,-1,1
2013621301726,1,9,0,18,0,3,0,0,0,0,1,1,6,1,5,1360,1,7,-1,2
2013621301726,2,9,0,3,0,3,0,0,0,0,2,1,6,1,4,1397,1,23,-1,1
2013621301726,3,9,0,3,0,3,0,0,0,0,2,1,6,1,10,1587,1,6,-1,1
2013621301727,1,9,0,4,0,0,0,0,0,0,1,1,6,2,6,1248,2,7,-1,1
2013621301727,2,9,0,3,0,0,0,0,0,0,2,1,6,1,5,-1,-1,-1,-1,1
2013621301727,3,9,0,3,0,0,0,0,0,0,2,1,6,1,5,1388,1,9,-1,1
2013621301728,1,9,0,18,0,0,0,0,4,6,4,1,6,2,6,1839,1,10,-1,1
2013621301728,2,9,0,4,0,0,0,0,1,7,2,1,1,1,7,1598,1,5,-1,1
2013621301729,1,9,0,18,0,0,1,0,0,0,4,1,6,1,7,1997,2,1,-1,1
2013621301730,1,9,0,18,0,0,0,0,0,0,3,1,6,3,-1,-1,-1,-1,-1,-1
2013621301730,2,1,0,18,0,0,0,0,0,0,3,1,2,1,6,-1,-1,-1,-1,1
2013621301731,1,90,0,9,0,1,0,0,0,0,1,1,1,1,8,-1,-1,-1,-1,1
2013621301731,2,1,0,18,0,1,0,0,0,0,1,1,6,1,4,-1,-1,-1,-1,1
2013621301732,1,9,0,18,0,0,0,0,0,0,1,1,6,2,4,1229,1,-1,-1,1
2013621301733,1,9,0,18,0,8,0,0,0,0,1,1,6,1,11,1461,2,-1,-1,1
2013621301734,1,9,0,18,0,0,0,0,0,0,1,1,6,1,8,2231,2,6,-1,2
2013621301734,2,9,0,18,0,0,0,0,0,0,2,1,6,2,4,1299,1,8,-1,2
2013621301735,1,9,0,18,0,0,0,0,0,0,4,1,6,1,8,1995,2,12,-1,1
2013621301736,1,9,0,7,0,5,0,0,0,0,2,1,6,2,8,1598,1,7,-1,1
2013621301736,2,1,0,7,0,1,0,0,0,0,1,1,6,1,8,-1,-1,-1,-1,1
2013621301737,1,9,0,9,0,8,0,0,0,0,1,1,6,1,11,1596,1,4,-1,3
2013621301737,2,9,0,18,0,8,0,0,0,0,1,1,6,2,9,1399,2,1,-1,1
2013621301738,1,9,0,18,0,0,5,0,0,6,3,1,6,2,4,1229,1,4,-1,1
2013621301739,1,9,0,18,0,0,0,4,0,0,1,1,6,2,6,1242,1,8,-1,2
2013621301739,2,9,0,2,0,0,0,4,0,0,1,1,6,3,-1,1149,1,4,-1,-1
2013621301739,3,9,0,2,0,0,0,0,0,0,1,1,6,3,-1,1951,2,13,-1,-1
2013621301740,1,9,0,18,0,0,0,0,0,0,1,1,6,1,5,1798,1,4,-1,1
2013621301740,2,9,0,2,0,0,0,0,0,0,3,1,6,3,-1,1598,1,-1,-1,-1
2013621301741,1,19,0,18,0,8,0,0,0,0,1,1,1,1,8,2188,2,11,-1,1
2013621301741,2,9,0,3,0,8,0,0,0,0,2,1,6,1,9,1951,2,8,7,3
2013621301742,1,5,0,18,9,0,0,0,0,2,1,1,6,1,7,749,1,19,8,3
2013621301744,1,9,0,18,0,0,2,0,1,0,1,1,6,1,6,1124,1,13,-1,1
2013621301745,1,1,0,18,0,6,0,0,0,0,3,1,6,1,2,-1,-1,-1,-1,2
2013621301745,2,9,0,18,0,1,0,0,0,0,1,1,6,2,9,1388,1,3,-1,2
2013621301746,1,9,0,18,0,0,0,0,0,0,1,1,6,1,6,1798,1,9,-1,1
2013621301746,2,9,0,18,0,0,0,0,0,0,1,1,6,1,6,1998,2,11,-1,1
2013621301747,1,9,0,17,0,1,0,0,0,0,1,1,6,1,5,1388,1,11,-1,1
2013621301747,2,3,0,16,0,1,0,4,0,0,1,1,6,2,7,124,1,-1,-1,1
2013621301747,3,9,0,2,0,1,0,0,0,0,2,1,6,3,-1,1896,2,16,-1,-1
2013621301748,1,9,0,18,0,0,5,0,0,4,1,1,6,1,4,1242,1,1,-1,1
2013621301749,1,3,0,18,0,3,1,0,0,0,0,1,2,2,5,124,1,4,-1,1
2013621301750,1,9,0,5,0,1,0,0,0,0,1,1,6,2,6,1396,1,13,-1,1
2013621301750,2,9,0,18,0,1,0,0,0,0,1,1,6,2,6,1796,1,6,-1,1
2013621301751,1,5,0,18,0,0,1,0,0,0,1,1,6,1,5,599,1,4,-1,1
2013621301751,2,9,0,4,0,0,0,0,0,0,2,1,6,2,5,1242,1,3,-1,1
2013621301752,1,9,0,18,0,8,0,0,0,0,0,1,6,2,9,1596,1,2,-1,1
2013621301752,2,1,0,18,0,8,0,0,0,0,0,1,6,1,8,-1,-1,-1,-1,2
2013621301753,1,5,0,18,0,1,1,0,7,3,1,1,6,1,7,636,1,10,-1,1
2013621301753,2,9,0,7,0,8,0,0,0,0,3,1,6,2,4,1240,1,8,-1,1
2013621301754,1,9,0,9,0,8,0,0,0,0,0,1,6,1,9,1999,1,4,-1,3
2013621301754,2,9,0,18,0,1,0,0,0,0,2,1,6,2,8,1248,2,5,-1,1
2013621301754,3,3,0,18,0,1,0,0,0,0,1,1,6,2,8,125,1,1,-1,1
2013621301755,1,9,0,4,0,0,1,0,0,0,1,1,6,1,8,1299,1,12,-1,1
2013621301755,2,9,0,3,0,0,0,0,0,0,2,1,2,1,4,1598,1,-1,-1,2
2013621301755,3,9,0,3,0,0,0,0,0,0,2,1,2,2,6,1598,2,3,-1,1
2013621301755,4,9,0,3,0,0,0,0,0,0,2,1,2,2,6,1598,1,6,-1,1
2013621301756,1,9,0,5,0,1,0,0,0,0,3,1,6,2,7,1968,2,3,-1,1
2013621301756,2,5,0,18,0,1,0,0,0,0,1,1,6,1,5,599,1,11,-1,1
2013621301756,3,11,0,4,0,1,0,0,0,0,0,1,1,1,7,2800,2,9,-1,1
2013621301757,1,9,0,18,0,0,0,0,0,0,1,1,6,2,6,1596,1,12,-1,1
2013621301758,1,9,0,18,0,0,1,4,0,2,1,1,6,2,6,1598,1,13,-1,1
2013621301758,2,9,0,2,0,0,0,0,0,0,3,1,6,3,-1,1968,2,9,-1,-1
2013621301759,1,3,0,18,0,0,1,0,0,10,1,1,6,1,6,-1,-1,-1,-1,1
2013621301760,1,19,0,13,0,8,2,0,2,10,4,1,6,1,6,1753,2,7,-1,1
2013621301760,2,9,0,9,0,8,0,0,0,0,3,1,6,1,5,1995,2,5,-1,1
2013621301761,1,9,0,16,0,2,0,0,1,2,1,1,6,1,11,1229,1,6,-1,2
2013621301762,1,5,0,7,0,2,0,10,0,0,4,1,2,1,9,1157,1,15,-1,1
2013621301763,1,11,0,18,2,2,0,0,0,0,1,1,1,1,9,9360,2,2,-1,1
2013621301764,1,9,0,18,0,0,1,0,7,0,1,1,6,1,8,1596,1,12,-1,1
2013621301764,2,9,0,18,0,0,1,0,0,0,3,1,6,1,10,1596,1,2,-1,1
2013621301764,3,9,0,18,0,0,0,11,0,0,1,1,6,1,9,1242,1,13,-1,2
2013621301765,1,8,0,17,0,0,0,11,0,0,1,1,1,1,6,1896,2,10,-1,3
2013621301766,1,9,0,18,0,1,0,0,0,0,1,1,6,1,6,1984,1,4,-1,1
2013621301766,2,9,0,3,0,1,0,0,0,0,2,1,6,1,10,1349,1,2,-1,1
2013621301767,1,1,0,18,0,0,0,0,0,0,1,1,6,1,5,-1,-1,-1,5,1
2013621301768,1,1,0,4,0,4,0,0,0,0,1,1,6,1,8,-1,-1,-1,-1,1
2013621301768,2,9,0,4,0,4,0,0,0,0,2,1,6,1,9,1587,1,5,-1,1
2013621301769,1,19,0,18,0,2,0,0,0,0,3,1,1,1,5,2198,2,2,10,1
2013621301769,2,11,0,18,0,2,0,0,0,0,4,1,1,1,8,5883,2,12,-1,1
2013621301770,1,9,0,5,0,6,0,0,0,0,1,1,6,2,10,1360,1,13,-1,1
2013621301770,2,9,0,18,0,1,0,0,0,0,4,1,6,2,7,1598,1,11,-1,1
2013621301771,1,1,0,18,0,8,0,0,0,0,1,1,6,1,7,-1,-1,-1,-1,2
2013621301772,1,9,0,9,0,6,0,0,0,0,1,1,6,2,8,1229,1,-1,-1,3
2013621301772,2,9,0,18,0,7,0,0,2,10,3,1,6,2,5,1461,2,8,-1,1
2013621301773,1,9,0,1,9,6,0,0,0,0,2,1,6,1,6,1850,1,13,-1,1
2013621301774,1,9,0,9,0,1,1,10,0,0,1,1,6,1,4,998,1,6,-1,1
2013621301775,1,9,0,18,0,4,1,9,3,10,1,1,6,1,5,1299,1,11,-1,1
2013621301776,1,9,0,17,0,0,5,0,0,0,1,1,6,1,5,1299,1,14,-1,1
2013621301777,1,9,0,18,0,8,1,7,0,1,1,1,6,2,6,1298,1,13,-1,1
2013621301778,1,9,0,9,0,6,0,0,0,0,3,1,6,1,10,1896,2,5,-1,1
2013621301778,2,4,0,18,0,1,0,0,0,0,1,1,6,1,4,125,1,-1,-1,2
2013621301779,1,9,0,18,0,4,0,7,0,0,1,1,6,2,6,1896,2,4,-1,2
2013621301780,1,2,0,18,0,0,1,4,1,2,1,1,6,1,6,-1,-1,-1,-1,1
2013621301780,2,9,0,2,0,0,0,0,0,0,2,1,6,3,-1,1398,2,10,-1,-1
2013621301780,3,9,0,2,0,0,0,0,0,0,2,1,6,3,-1,1598,1,9,-1,-1
2013621301781,1,9,0,18,0,0,0,0,0,0,1,1,6,1,10,1598,1,13,-1,1
2013621301782,1,9,0,18,0,0,2,0,0,0,1,1,6,1,5,1043,1,17,-1,2
2013621301783,1,9,0,7,0,8,0,7,0,1,1,1,1,1,6,1200,1,-1,-1,1
2013621301784,1,20,0,18,0,1,0,0,0,0,4,1,1,1,6,-1,-1,-1,-1,1
2013621301785,1,9,0,18,0,0,0,0,0,0,4,1,6,3,-1,-1,-1,-1,-1,-1
2013621301785,2,1,0,18,0,0,0,0,0,0,3,1,1,1,7,-1,-1,-1,-1,1
2013621301786,1,9,0,16,0,2,1,0,0,0,1,1,2,1,7,1896,2,6,-1,1
2013621301786,2,19,0,18,0,1,1,0,0,0,1,1,1,1,8,-1,-1,-1,-1,1
2013621301787,1,90,0,4,0,0,0,0,0,0,4,1,1,1,8,-1,-1,-1,-1,1
2013621301788,1,9,0,9,0,1,0,0,0,0,3,1,6,3,-1,-1,-1,-1,-1,-1
2013621301788,2,9,0,7,0,1,0,0,0,0,3,1,6,2,4,1248,2,3,-1,2
2013621301789,1,9,0,18,0,0,2,0,0,0,1,1,6,2,10,998,1,1,-1,1
2013621301790,1,9,0,10,0,1,0,11,0,0,1,1,2,2,6,1396,1,14,-1,1
2013621301790,2,1,0,18,0,1,0,0,0,0,1,1,2,1,5,-1,-1,-1,-1,1
2013621301791,1,9,0,18,0,8,0,0,0,0,4,1,6,1,9,1968,2,8,-1,1
2013621301792,1,9,0,9,0,5,0,0,0,0,0,1,2,1,8,1198,1,10,-1,1
2013621301792,2,1,0,18,0,8,1,0,0,0,0,1,6,1,8,-1,-1,-1,-1,1
2013621301793,1,9,0,18,0,1,0,0,0,0,4,1,6,1,5,1896,2,12,-1,1
2013621301794,1,9,0,18,0,0,0,0,0,0,4,1,6,2,8,1999,1,-1,-1,1
2013621301794,2,1,0,18,0,0,0,0,0,0,3,1,6,1,8,-1,-1,-1,-1,1