Accident_Index,Vehicle_Reference,Vehicle_Type,Towing_and_Articulation,Vehicle_Manoeuvre,Vehicle_Location-Restricted_Lane,Junction_Location,Skidding_and_Overturning,Hit_Object_in_Carriageway,Vehicle_Leaving_Carriageway,Hit_Object_off_Carriageway,1st_Point_of_Impact,Was_Vehicle_Left_Hand_Drive?,Journey_Purpose_of_Driver,Sex_of_Driver,Age_Band_of_Driver,Engine_Capacity_(CC),Propulsion_Code,Age_of_Vehicle,Driver_IMD_Decile,Driver_Home_Area_Type
2013621301795,1,9,0,7,0,2,0,0,0,0,0,1,6,3,-1,1896,2,10,-1,-1
2013621301795,2,1,0,18,0,1,0,10,0,0,0,1,2,1,6,-1,-1,-1,-1,1
2013621301796,1,20,0,7,0,6,0,0,0,0,1,1,1,1,9,5861,2,15,-1,1
2013621301796,2,9,0,18,0,2,0,0,0,0,2,1,6,2,8,1769,1,11,-1,2
2013621301797,1,3,0,18,0,2,0,0,0,0,1,1,6,1,4,124,1,12,-1,2
2013621301797,2,9,0,4,0,2,0,0,0,0,2,1,6,1,8,989,1,12,-1,2
2013621301798,1,9,0,5,0,8,0,0,0,0,1,1,6,1,4,1149,1,9,-1,1
2013621301798,2,1,0,18,0,8,0,0,0,0,3,1,6,1,7,-1,-1,-1,-1,1
2013621301799,1,8,0,1,0,1,0,0,0,0,2,1,1,1,7,1910,2,6,-1,1
2013621301800,1,9,0,9,0,8,0,0,0,0,1,1,6,1,4,1242,1,3,-1,1
2013621301800,2,8,0,18,0,8,0,0,0,0,1,1,1,1,7,1997,2,7,-1,1
2013621301801,1,9,0,5,0,6,0,0,0,0,1,1,6,2,4,1124,1,10,-1,2
2013621301801,2,9,0,18,0,1,0,0,0,0,4,1,6,1,7,1587,1,6,-1,1
2013621301802,1,1,0,18,0,8,0,0,0,0,1,1,6,1,7,-1,-1,-1,-1,1
2013621301802,2,9,0,7,0,8,0,0,0,0,4,1,6,1,7,1600,1,16,-1,1
2013621301803,1,9,0,18,0,8,0,0,0,0,1,1,6,2,6,1560,2,3,-1,1
2013621301804,1,9,0,17,0,0,0,0,0,0,1,1,6,1,7,1998,1,11,-1,2
2013621301804,2,11,0,4,0,0,0,0,0,0,3,1,3,1,8,9000,2,9,-1,2
2013621301805,1,9,0,18,0,8,5,4,0,0,1,1,1,1,5,-1,-1,-1,-1,1
2013621301805,2,9,0,2,0,1,0,0,0,0,2,1,6,3,-1,1299,1,10,-1,-1
2013621301806,1,9,0,18,0,1,1,10,8,10,1,1,6,1,4,1596,1,13,-1,1
2013621301807,1,9,0,18,0,8,0,0,0,0,1,1,6,1,5,1360,1,5,9,1
2013621301807,2,9,0,18,0,8,0,0,1,0,3,1,6,1,7,1968,2,6,-1,1
2013621301807,3,9,0,2,0,2,0,0,0,0,2,1,6,3,-1,1198,1,2,-1,-1
2013621301807,4,9,0,2,0,2,0,0,0,0,2,1,6,3,-1,1590,1,13,-1,-1
2013621301808,1,19,0,18,0,0,1,11,7,6,3,1,2,1,7,2198,2,1,-1,1
2013621301809,1,9,0,18,0,0,0,0,0,0,4,1,6,1,11,1349,1,3,-1,1
2013621301810,1,9,0,18,0,0,0,0,0,0,1,1,1,1,8,1783,1,11,-1,1
2013621301810,2,9,0,4,0,0,0,0,0,0,2,1,6,2,6,1984,1,7,-1,1
2013621301811,1,9,0,18,0,0,2,0,0,0,1,1,6,1,4,1587,1,15,-1,1
2013621301811,2,9,0,18,0,0,0,0,0,0,1,1,1,1,8,1560,2,4,-1,1
2013621301812,1,9,0,9,0,6,0,0,0,0,4,1,6,1,5,1998,1,7,-1,1
2013621301813,1,5,0,18,0,0,0,0,0,0,1,1,6,1,7,998,1,5,-1,1
2013621301814,1,9,0,9,0,2,0,0,0,0,1,1,6,1,6,1398,2,10,-1,1
2013621301814,2,9,0,18,0,2,0,0,0,0,3,1,6,1,9,1598,1,1,-1,1
2013621301815,1,9,0,7,0,8,0,0,3,2,1,1,1,1,8,1910,2,7,-1,1
2013621301816,1,9,0,18,0,8,0,0,0,0,3,1,6,3,-1,-1,-1,-1,-1,-1
2013621301816,2,1,0,18,0,8,0,0,0,0,3,1,6,2,6,-1,-1,-1,-1,1
2013621301817,1,8,0,5,0,1,0,0,0,0,0,1,6,1,11,-1,-1,-1,-1,1
2013621301817,2,3,0,14,0,1,0,0,1,0,0,1,6,1,4,124,1,4,-1,1
2013621301818,1,9,0,5,0,4,0,0,0,0,1,1,6,1,7,1364,2,4,-1,1
2013621301818,2,3,0,3,0,4,0,0,0,0,2,1,6,1,8,124,1,1,-1,1
2013621301819,1,1,0,11,0,8,0,0,0,0,2,1,6,1,8,-1,-1,-1,-1,1
2013621301819,2,9,0,16,0,8,0,0,0,0,1,1,6,1,5,1598,1,9,1,1
2013621301820,1,9,0,18,0,0,0,0,4,6,3,1,2,2,6,1581,1,13,-1,1
2013621301821,1,9,0,18,0,1,0,0,0,0,1,1,6,2,5,1200,1,1,-1,3
2013621301822,1,9,0,18,0,8,2,0,1,2,1,1,6,2,6,1796,1,12,-1,1
2013621301823,1,9,0,18,9,0,0,0,0,0,0,1,6,3,-1,-1,-1,-1,-1,-1
2013621301823,2,1,0,18,9,0,0,0,0,0,0,1,6,1,3,-1,-1,-1,-1,1
2013621301824,1,19,0,1,9,0,0,0,0,0,2,1,1,1,8,2148,2,7,-1,1
2013621301825,1,5,0,18,0,1,1,0,0,0,4,1,6,1,7,1250,1,10,-1,1
2013621301825,2,9,0,10,0,1,0,0,0,0,3,1,1,1,6,1560,2,5,-1,1
2013621301826,1,9,0,18,0,1,0,0,0,0,1,1,6,2,6,1390,1,9,-1,2
2013621301826,2,9,0,4,0,1,0,0,0,0,2,1,6,2,6,1389,1,15,-1,2
2013621301826,3,9,0,10,0,1,0,0,0,0,2,1,6,2,7,1796,1,6,-1,2
2013621301827,1,9,0,7,0,1,0,0,0,0,4,1,6,3,-1,-1,-1,-1,-1,-1
2013621301827,2,1,0,7,0,1,0,0,0,0,3,1,6,1,6,-1,-1,-1,-1,1
2013621301828,1,9,0,16,0,0,2,0,1,0,1,1,2,2,4,1229,1,5,-1,2
2013621301829,1,9,0,18,0,0,0,0,0,0,1,1,6,3,-1,-1,-1,-1,-1,-1
2013621301830,1,9,0,18,0,0,0,4,7,10,1,1,2,2,8,1998,1,6,-1,1
2013621301830,2,9,0,2,0,0,0,0,0,0,3,1,6,3,-1,1242,1,1,-1,-1
2013621301830,3,9,0,2,0,0,0,0,0,0,1,1,6,3,-1,1242,1,-1,-1,-1
2013621301830,4,9,0,2,0,0,0,0,0,0,1,1,6,3,-1,1986,2,7,-1,-1
2013621301831,1,9,0,17,0,0,1,0,1,10,3,1,6,1,4,1599,1,7,-1,1
2013621301832,1,9,0,10,0,4,0,0,0,0,1,1,6,3,-1,-1,-1,-1,-1,-1
2013621301832,2,9,0,18,0,4,0,0,0,0,2,1,6,1,8,2199,2,1,-1,1
2013621301833,1,9,0,7,0,4,0,0,0,0,1,1,6,1,10,1997,1,4,-1,1
2013621301833,2,9,0,7,0,4,0,0,0,0,2,1,6,1,4,1390,1,7,-1,1
2013621301834,1,9,0,18,0,0,0,0,0,0,1,1,1,1,5,1781,1,13,-1,1
2013621301834,2,9,0,4,0,0,0,0,0,0,2,1,1,2,5,1242,1,7,-1,1
2013621301834,3,9,0,4,0,0,0,0,0,0,2,1,1,2,5,1461,2,7,-1,1
2013621301835,1,9,0,18,0,0,1,4,0,0,1,1,6,1,6,1799,1,17,-1,1
2013621301835,2,9,0,2,0,0,0,10,1,10,3,1,6,3,-1,1360,1,8,-1,-1
2013621301835,3,9,0,2,0,0,0,10,1,10,3,1,6,3,-1,998,1,9,-1,-1
2013621301836,1,90,0,1,0,0,0,0,0,0,2,1,6,1,7,-1,-1,-1,-1,1
2013621301836,2,9,0,18,0,0,0,0,0,0,1,1,6,1,8,1999,1,7,-1,1
2013621301837,1,9,0,4,0,0,0,0,0,0,1,1,6,1,8,1997,2,10,-1,1
2013621301837,2,9,0,4,0,0,0,0,0,0,2,1,6,1,9,1242,1,10,-1,1
2013621301837,3,9,0,4,0,0,0,0,0,0,1,1,4,2,9,1995,2,3,-1,1
2013621301838,1,9,0,18,0,1,0,0,0,0,1,1,6,2,7,1796,1,13,-1,3
2013621301838,2,19,0,2,0,1,0,0,0,0,2,1,1,1,4,2402,2,2,-1,1
2013621301839,1,1,0,18,9,6,1,0,0,0,1,1,6,1,6,-1,-1,-1,-1,1
2013621301839,2,9,0,9,0,5,0,0,0,0,1,1,6,1,7,1995,1,5,-1,1
2013621301840,1,9,0,18,0,1,0,0,0,0,1,1,6,1,7,1998,1,6,-1,1
2013621301840,2,9,0,4,0,1,0,0,0,0,2,1,6,1,6,-1,-1,-1,-1,1
2013621301841,1,9,0,18,0,0,0,0,1,0,3,1,6,2,10,1798,1,7,-1,1
2013621301841,2,9,0,18,0,0,0,0,1,0,3,1,6,2,4,1242,1,12,-1,1
2013621301841,3,9,0,2,0,0,0,0,0,0,4,1,6,3,-1,2902,2,7,-1,-1
2013621301842,1,9,0,16,0,0,5,4,8,10,4,1,6,1,5,1596,1,9,-1,1
2013621301842,2,9,0,2,0,0,0,0,0,0,3,1,6,3,-1,1896,2,7,-1,-1
2013621301843,1,9,0,18,0,3,1,0,0,0,1,1,6,1,4,1364,1,6,-1,1
2013621301843,2,9,0,18,0,4,0,0,0,0,1,1,6,1,8,1956,2,4,-1,1
2013621301844,1,9,0,18,0,0,0,0,0,1,1,1,6,2,8,995,1,4,-1,1
2013621301844,2,9,0,2,0,0,0,0,0,0,2,1,6,3,-1,1149,1,8,-1,-1
2013621301844,3,9,0,2,0,0,0,0,0,0,2,1,6,3,-1,1242,1,3,-1,-1
2013621301844,4,9,0,2,0,0,0,0,0,0,2,1,6,3,-1,2993,2,2,-1,-1
2013621301845,1,19,0,9,0,5,0,0,0,0,1,1,1,1,5,2198,2,3,-1,1
2013621301845,2,9,0,8,0,2,0,0,0,0,1,1,2,2,5,1596,1,3,-1,1
2013621301846,1,2,0,18,0,0,0,4,0,0,4,1,6,1,4,49,1,9,-1,1
2013621301846,2,9,0,4,0,0,0,0,0,0,0,1,6,3,-1,-1,-1,-1,-1,-1
2013621301846,3,9,0,2,0,0,0,0,0,0,4,1,6,3,-1,1242,1,2,-1,-1
2013621301847,1,9,0,9,0,8,0,0,0,0,1,1,6,2,5,1242,1,17,-1,1
2013621301847,2,1,0,18,0,8,1,0,0,0,2,1,6,1,4,-1,-1,-1,-1,1
2013621301848,1,9,0,18,0,2,0,0,0,0,1,1,6,1,5,1598,1,1,-1,1
2013621301848,2,9,0,18,0,2,0,0,0,0,2,1,6,2,8,998,1,-1,-1,1
2013621301849,1,9,0,3,0,8,0,0,0,0,4,1,6,1,11,1197,1,-1,-1,1
2013621301849,2,11,0,18,0,8,0,0,0,0,3,1,6,1,5,9000,2,6,-1,1
2013621301850,1,9,0,3,0,8,0,0,0,0,3,1,6,3,-1,-1,-1,-1,-1,-1
2013621301850,2,1,0,3,0,8,0,0,0,0,4,1,6,1,6,-1,-1,-1,-1,1
2013621301851,1,9,0,18,0,0,0,0,0,0,1,1,6,2,8,1242,1,7,-1,1
2013621301852,1,3,0,18,0,0,0,0,0,0,4,1,6,1,9,124,1,3,-1,1
2013621301853,1,9,0,18,0,0,1,0,4,6,4,1,2,2,6,1388,1,4,-1,2
2013621301853,2,9,0,18,0,0,5,0,0,0,3,1,2,2,9,1461,2,3,-1,3
2013621301854,1,1,0,4,0,0,0,0,0,0,1,1,1,1,6,-1,-1,-1,-1,2
2013621301854,2,9,0,3,0,0,0,0,0,0,2,1,6,2,7,1198,1,1,-1,3
2013621301855,1,9,0,18,0,8,0,0,0,0,1,1,6,2,7,1968,2,2,-1,1
2013621301855,2,9,0,3,0,8,0,0,0,0,2,1,6,1,5,1149,1,8,-1,2
2013621301855,3,9,0,3,0,8,0,0,0,0,2,1,6,1,5,1193,1,11,-1,1
2013621301856,1,9,0,14,0,2,0,0,0,0,1,1,6,1,7,1796,1,8,-1,1
2013621301856,2,9,0,3,0,2,0,0,0,0,2,1,6,2,6,1360,1,6,-1,1
2013621301857,1,9,0,15,0,0,0,0,0,0,1,1,2,1,6,1398,2,2,-1,1
2013621301858,1,9,0,18,0,0,0,0,0,0,1,1,6,1,7,1299,1,11,-1,1
2013621301858,2,9,0,18,0,0,0,0,0,0,2,1,6,1,6,1596,1,5,-1,1
2013621301859,1,9,0,18,0,2,0,0,0,0,1,1,6,1,6,1396,1,-1,-1,1
2013621301860,1,3,0,18,0,4,0,0,0,0,1,1,1,1,9,124,1,8,-1,1
2013621301860,2,9,0,4,0,4,0,0,0,0,2,1,6,1,6,1461,2,11,-1,1
2013621301861,1,19,0,4,0,1,0,0,0,0,1,1,6,1,8,2477,2,8,-1,2
2013621301861,2,9,0,3,0,1,0,0,0,0,2,1,6,1,7,1998,1,5,-1,1
2013621301862,1,9,0,16,0,2,0,0,0,0,1,1,3,2,7,1242,1,15,-1,1
2013621301862,2,9,0,16,0,2,0,0,0,0,2,1,3,2,5,1299,1,11,-1,1
2013621301862,3,9,0,16,0,2,0,0,0,0,2,1,3,2,7,1686,2,1,-1,1
2013621301863,1,11,0,18,0,0,1,0,0,0,1,1,1,1,5,5900,2,13,-1,2
2013621301863,2,9,0,18,0,0,0,0,0,0,2,1,6,2,8,1328,1,3,-1,2
2013621301864,1,9,0,18,0,0,0,0,0,0,1,1,2,2,6,1229,1,1,-1,1
2013621301865,1,9,0,18,0,0,0,0,0,0,1,1,6,1,6,1560,2,2,-1,1
2013621301865,2,9,0,2,0,0,0,0,0,0,2,1,6,2,8,1896,2,8,-1,1
2013621301865,3,9,0,2,0,0,0,0,0,0,2,1,1,3,-1,1999,1,7,-1,-1
2013621301866,1,9,0,1,0,1,0,0,0,0,2,1,1,1,8,1598,2,1,-1,1
2013621301867,1,1,0,18,0,0,0,0,0,0,3,1,6,1,6,-1,-1,-1,-1,1
2013621301867,2,11,0,18,0,0,0,0,0,0,4,1,1,1,8,5883,2,10,-1,1
2013621301868,1,9,0,4,0,0,1,0,0,0,1,1,1,1,6,954,1,22,-1,2
2013621301868,2,9,0,3,0,0,0,0,0,0,2,1,1,1,9,-1,-1,-1,-1,1
2013621301869,1,9,0,9,0,6,0,0,0,0,1,1,6,1,6,1598,1,1,-1,3
2013621301869,2,9,0,5,0,1,0,0,0,0,1,1,6,1,7,-1,-1,-1,-1,1
2013621301870,1,9,0,4,0,8,0,0,0,0,1,1,6,1,9,1229,1,4,-1,1
2013621301870,2,19,0,2,0,1,0,0,0,0,0,1,6,3,-1,2143,2,2,-1,-1
2013621301871,1,9,0,18,0,1,0,0,0,0,1,1,6,2,5,1689,2,13,-1,1
2013621301871,2,1,0,18,0,1,0,0,0,0,2,1,6,1,9,-1,-1,-1,-1,3
2013621301872,1,9,0,16,0,8,0,0,0,0,2,1,6,2,6,1596,1,7,-1,1
2013621301872,2,1,0,18,0,1,1,0,1,0,1,1,6,1,8,-1,-1,-1,-1,1
2013621301873,1,9,0,4,0,0,1,0,0,0,1,1,6,3,-1,-1,-1,-1,-1,-1
2013621301873,2,9,0,4,0,0,0,0,0,0,2,1,6,1,8,1769,1,13,-1,1
2013621301874,1,9,0,18,0,8,0,0,0,0,1,1,6,2,7,1229,1,-1,-1,1
2013621301874,2,1,0,18,0,8,0,0,0,0,4,1,6,1,6,-1,-1,-1,-1,1
2013621301875,1,19,0,18,0,0,0,0,0,0,4,1,6,3,-1,-1,-1,-1,-1,-1
2013621301875,2,1,0,18,0,0,0,0,0,0,3,1,2,1,8,-1,-1,-1,-1,2
2013621301876,1,9,0,4,0,0,0,0,0,0,1,1,6,2,8,1994,1,10,-1,1
2013621301876,2,9,0,4,0,0,0,0,0,0,2,1,6,2,7,1360,1,8,-1,1
2013621301876,3,9,0,4,0,0,0,0,0,0,3,1,6,1,8,1686,2,5,-1,1
2013621301877,1,9,0,18,0,1,0,0,0,0,1,1,6,2,5,973,1,10,-1,2
2013621301877,2,9,0,4,0,1,0,0,0,0,2,1,6,1,6,2979,1,5,-1,3
2013621301878,1,9,0,18,0,1,0,0,0,0,1,1,6,1,11,1242,1,7,-1,1
2013621301879,1,9,0,9,0,5,0,0,0,0,1,1,6,1,5,1968,2,6,-1,1
2013621301880,1,9,0,17,0,0,1,0,0,0,1,1,3,1,6,-1,-1,-1,-1,2
2013621301881,1,9,0,18,0,0,0,0,0,0,1,1,6,1,7,1984,1,16,-1,3
2013621301882,1,4,0,4,0,0,0,0,0,0,1,1,6,3,-1,-1,-1,-1,-1,-1
2013621301882,2,9,0,4,0,0,0,0,0,0,2,1,6,2,4,973,1,12,-1,1
2013621301883,1,9,0,18,0,0,2,0,0,0,1,1,6,1,7,1197,1,1,-1,1
2013621301884,1,9,0,18,0,8,1,0,0,0,1,1,6,1,6,4163,1,9,-1,1
2013621301884,2,9,0,9,0,6,0,0,0,0,2,1,6,1,8,1598,2,3,-1,1
2013621301885,1,9,0,18,0,0,2,0,7,4,1,1,6,1,4,1149,1,5,-1,1
2013621301886,1,9,0,4,0,0,0,0,0,0,1,1,3,2,6,999,1,8,-1,1
2013621301887,1,9,0,18,0,8,0,0,0,0,1,1,6,1,8,2184,2,8,-1,1
2013621301887,2,9,0,18,0,8,5,0,0,0,4,1,6,1,7,1598,1,5,-1,1
2013621301888,1,9,0,4,0,0,0,0,0,0,1,1,1,1,6,-1,-1,-1,-1,1
2013621301888,2,19,0,4,0,0,0,0,0,0,2,1,1,1,9,2402,2,8,-1,1
2013621301889,1,19,0,18,0,0,0,0,0,0,4,1,6,1,8,2463,2,8,-1,3
2013621301889,2,9,0,2,0,0,0,0,0,0,3,1,6,1,6,2231,2,7,-1,1
2013621301890,1,9,0,9,0,8,0,0,0,0,1,1,6,2,6,1242,1,1,-1,1
2013621301890,2,19,0,18,0,8,0,0,0,0,1,1,1,1,6,2198,2,1,-1,1
2013621301891,1,9,0,18,0,8,0,0,0,0,1,1,6,2,8,1198,1,3,-1,1
2013621301892,1,9,0,1,0,0,0,0,0,0,2,1,6,1,9,1124,1,7,-1,3
2013621301893,1,9,0,18,0,1,0,0,0,0,1,1,1,1,5,1498,1,1,-1,1
2013621301894,1,9,0,18,0,0,0,0,0,0,1,1,6,2,7,1598,1,10,-1,1
2013621301895,1,19,0,1,0,0,0,0,0,0,2,1,1,1,6,1870,2,8,-1,1
2013621301896,1,9,0,14,0,0,1,0,0,0,1,1,1,1,5,1587,1,11,-1,1
2013621301896,2,21,0,18,0,0,0,0,0,0,1,1,1,1,8,6870,2,5,-1,1
2013621301896,3,21,1,2,0,0,0,0,0,0,0,1,6,3,-1,11946,2,1,-1,-1
2013621301897,1,9,0,5,0,4,0,0,0,0,1,1,1,1,10,2922,1,13,-1,1
2013621301897,2,19,0,3,0,4,0,0,0,0,2,1,1,1,7,2198,2,5,-1,1
2013621301898,1,9,0,18,0,1,0,0,0,0,1,1,1,2,6,1910,2,7,-1,1
2013621301898,2,9,0,4,0,1,0,0,0,0,2,1,1,2,6,1997,2,5,-1,2
2013621301898,3,9,0,4,0,1,0,0,0,0,2,1,1,1,8,1398,2,11,-1,3
2013621301899,1,9,0,18,0,1,0,0,0,0,1,1,6,1,9,1598,2,-1,-1,2
2013621301899,2,9,0,4,0,1,0,0,0,0,2,1,6,2,5,1799,1,4,-1,1
2013621301900,1,9,0,3,0,0,0,11,0,0,1,1,4,1,6,1299,1,11,-1,1
2013621301901,1,9,0,9,0,8,0,0,7,2,4,1,6,2,4,1229,1,8,-1,1
2013621301901,2,19,0,18,0,8,0,0,0,0,1,1,1,1,6,2151,2,12,-1,3
2013621301902,1,9,0,18,0,0,0,0,0,0,3,1,6,1,8,-1,-1,-1,-1,3
2013621301903,1,9,0,5,0,1,0,0,0,0,1,1,6,3,-1,-1,-1,-1,-1,-1
2013621301904,1,9,0,18,0,0,1,0,0,0,1,1,1,1,8,1390,1,-1,-1,1
2013621301904,2,9,0,18,0,0,1,0,0,0,2,1,1,1,8,1299,1,10,-1,1
2013621301904,3,9,0,18,0,0,1,0,0,0,2,1,1,2,6,1461,2,3,-1,2
2013621301904,4,9,0,18,0,0,1,0,0,0,2,1,1,1,8,-1,-1,-1,-1,1
2013621301904,5,9,0,18,0,0,1,0,0,0,2,1,1,1,9,1896,2,10,-1,1
2013621301904,6,9,0,18,0,0,1,0,0,0,2,1,1,1,5,1242,1,5,-1,2
2013621301904,7,9,0,18,0,0,1,0,0,0,2,1,1,1,10,1560,2,1,-1,1
2013621301904,8,9,0,18,0,0,1,0,0,0,2,1,1,1,6,1198,1,3,-1,1
2013621301904,9,9,0,18,0,0,1,0,0,0,2,1,1,1,8,1968,2,-1,-1,1
2013621301904,10,9,0,18,0,0,1,0,0,0,2,1,1,1,9,-1,-1,-1,-1,1
2013621301905,1,9,0,5,0,4,0,0,0,0,3,1,2,2,7,998,1,5,-1,1
2013621301905,2,1,0,18,0,8,0,0,0,0,1,1,2,1,9,-1,-1,-1,-1,1
2013621301906,1,21,1,18,0,3,0,0,0,0,1,1,1,1,7,11705,2,10,4,1
2013621301906,2,9,0,18,0,3,0,0,0,0,2,1,6,1,8,2170,2,9,8,3
2013621301907,1,9,0,18,0,1,0,0,0,10,1,1,6,2,5,1242,1,13,-1,1
2013621301907,2,9,0,9,0,1,0,0,0,0,1,1,6,2,7,1498,1,4,-1,1
2013621301908,1,9,0,7,0,5,0,0,0,0,1,1,6,3,-1,-1,-1,-1,-1,-1
2013621301909,1,9,0,18,0,0,1,0,0,0,1,1,2,1,5,2497,1,2,-1,1
2013621301909,2,9,0,18,0,0,0,0,0,0,3,1,2,1,7,1560,2,5,-1,1
2013621301909,3,9,0,18,0,0,0,0,0,0,1,1,2,2,5,998,1,5,-1,2
2013621301909,4,19,0,18,0,0,0,0,1,0,1,1,2,1,7,1769,2,16,-1,2
2013621301910,1,10,0,15,0,1,0,0,0,0,4,1,3,1,8,2143,2,2,-1,1
2013621301911,1,9,0,18,0,0,0,0,0,0,0,1,6,3,-1,-1,-1,-1,-1,-1
2013621301911,2,1,0,18,0,0,0,0,0,0,0,1,6,1,3,-1,-1,-1,-1,1
2013621301912,1,9,0,18,0,0,0,0,0,0,1,1,6,2,6,1560,2,6,-1,1
2013621301912,2,9,0,12,0,0,0,0,0,0,1,1,6,2,9,998,1,1,4,2
2013621301913,1,9,0,18,0,0,0,0,0,1,1,1,6,1,11,1399,1,9,-1,1
2013621301914,1,1,0,18,0,0,0,0,0,0,1,1,6,1,3,-1,-1,-1,-1,2
2013621301914,2,9,0,18,0,0,0,0,0,0,3,1,2,2,7,1598,1,10,-1,1
2013621301915,1,9,0,18,0,0,2,0,8,10,1,1,6,1,6,1364,1,9,-1,1
2013621301916,1,9,0,18,0,8,0,0,0,0,1,1,1,1,6,1422,2,5,-1,1
2013621301916,2,9,0,4,0,8,0,0,0,0,2,1,1,2,7,1399,1,8,-1,1
2013621301917,1,9,0,18,0,1,0,0,0,0,1,1,6,2,6,1796,1,11,-1,1
2013621301917,2,9,0,3,0,1,0,0,0,0,2,1,2,1,8,1870,2,10,-1,1
2013621301918,1,9,0,9,0,8,0,0,0,0,1,1,6,1,5,1360,1,9,9,1
2013621301919,1,9,0,18,9,0,0,0,0,0,3,1,6,1,7,1396,1,15,-1,1
2013621301920,1,9,0,18,0,0,0,0,0,0,1,1,6,2,9,1364,1,7,-1,1
2013621301920,2,9,0,4,0,0,0,0,0,0,2,1,6,2,10,1242,1,1,-1,1
2013621301921,1,9,0,17,0,0,5,0,0,0,1,1,1,2,4,1299,1,13,7,1
2013621301922,1,9,0,9,0,6,0,0,0,0,1,1,6,1,6,1997,2,-1,-1,-1
2013621301922,2,9,0,18,0,1,0,0,0,0,1,1,6,1,9,1398,2,5,-1,1
2013621301923,1,9,0,18,0,1,0,0,0,0,1,1,6,2,5,1753,2,11,-1,1
2013621301923,2,9,0,5,0,2,0,0,0,0,1,1,6,1,7,1997,2,6,-1,1
2013621301925,1,21,0,18,0,0,1,0,0,0,1,1,1,1,7,4500,2,6,6,1
2013621301925,2,21,1,4,0,0,0,0,0,0,2,1,1,1,9,8970,2,6,3,1
2013621301926,1,9,0,4,0,0,1,0,0,0,1,1,6,1,4,1360,1,11,-1,1
2013621301926,2,8,0,4,0,0,1,0,0,0,2,1,6,1,5,1364,1,6,-1,1
2013621301926,3,10,0,4,0,0,0,0,0,0,2,1,6,1,8,2402,2,4,-1,1
2013621301927,1,9,0,18,0,3,0,0,7,6,4,1,6,2,7,1798,1,7,-1,1
2013621301927,2,20,0,18,0,8,0,0,0,0,3,1,1,1,8,3920,2,2,-1,2
2013621301928,1,9,0,18,0,0,1,4,0,10,1,1,6,3,-1,1399,2,4,-1,-1
2013621301928,2,19,0,2,0,0,0,4,0,0,1,1,6,3,-1,1997,2,9,-1,-1
2013621301928,3,19,0,2,0,0,0,4,0,0,1,1,6,3,-1,2460,2,6,-1,-1
2013621301929,1,9,0,17,0,0,2,0,1,0,4,1,6,2,8,2495,2,12,7,1
2013621301930,1,9,0,18,0,0,1,0,0,0,1,1,2,1,5,1362,1,-1,-1,1
2013621301931,1,9,0,17,0,3,1,7,8,7,1,1,1,1,7,-1,-1,-1,-1,1
2013621301932,1,9,0,9,0,8,0,0,0,0,1,1,6,2,5,1598,1,8,-1,1
2013621301932,2,9,0,18,0,8,0,0,0,0,1,1,1,1,5,998,1,13,-1,1
2013621301933,1,9,0,7,0,1,0,0,0,0,3,1,6,3,-1,1781,1,16,-1,-1
2013621301933,2,9,0,18,0,1,0,0,0,0,1,1,6,1,10,1989,1,13,-1,1
2013621301934,1,9,0,18,0,1,5,0,1,0,1,1,6,2,5,1390,1,6,-1,1
2013621301934,2,9,0,7,0,5,0,0,0,0,2,1,1,2,8,1753,2,10,-1,1
2013621301934,3,9,0,2,0,1,0,0,0,0,4,1,6,3,-1,1997,2,4,-1,-1
2013621301935,1,9,0,13,0,0,1,0,7,0,1,1,2,2,8,1149,1,2,-1,3
2013621301935,2,5,0,18,0,0,1,0,1,4,1,1,2,1,7,645,1,8,-1,2
2013621301935,3,9,0,18,0,0,0,0,0,0,3,1,1,1,9,1896,2,6,-1,1
2013621301936,1,9,0,4,0,0,1,0,0,0,1,1,2,2,7,998,1,5,-1,3
2013621301936,2,9,0,4,0,0,0,0,0,0,2,1,2,1,8,1995,2,8,-1,1
2013621301937,1,19,0,18,0,1,1,0,0,0,1,1,1,1,9,2402,2,6,-1,1
2013621301937,2,19,0,18,0,1,0,0,0,0,2,1,1,1,9,2402,2,3,-1,1
2013621301938,1,9,0,16,0,0,1,7,0,7,3,1,6,1,5,1596,1,13,-1,2
2013621301939,1,9,0,18,0,0,2,0,0,6,1,1,6,1,6,1998,2,8,-1,1
2013621301939,2,9,0,18,0,0,0,0,0,0,1,1,6,1,6,1995,2,-1,-1,1
2013621301939,3,9,0,18,0,0,0,0,0,0,1,1,6,2,5,1242,1,8,-1,1
2013621301939,4,21,1,18,0,0,0,0,0,0,1,1,1,1,9,10837,2,1,5,1
2013621301940,1,9,0,18,0,0,0,0,0,0,1,1,6,2,6,998,1,5,-1,1
2013621301940,2,9,0,18,0,0,0,0,0,0,2,1,6,1,9,-1,-1,-1,-1,1
2013621301940,3,9,0,18,0,0,0,0,0,0,2,1,6,1,9,1248,2,2,-1,1
2013621301940,4,9,0,18,0,0,0,0,0,0,2,1,6,2,5,1242,1,5,-1,1
2013621301940,5,9,0,18,0,0,0,0,0,0,2,1,6,2,6,1206,1,4,-1,1
2013621301940,6,9,0,18,0,0,0,0,0,0,2,1,6,1,9,-1,-1,-1,-1,2