Accident_Index,Vehicle_Reference,Vehicle_Type,Towing_and_Articulation,Vehicle_Manoeuvre,Vehicle_Location-Restricted_Lane,Junction_Location,Skidding_and_Overturning,Hit_Object_in_Carriageway,Vehicle_Leaving_Carriageway,Hit_Object_off_Carriageway,1st_Point_of_Impact,Was_Vehicle_Left_Hand_Drive?,Journey_Purpose_of_Driver,Sex_of_Driver,Age_Band_of_Driver,Engine_Capacity_(CC),Propulsion_Code,Age_of_Vehicle,Driver_IMD_Decile,Driver_Home_Area_Type
2013621301941,1,9,0,18,0,2,0,0,0,0,1,1,6,1,5,998,1,5,-1,2
2013621301942,1,9,0,18,0,8,0,0,0,0,1,1,6,3,-1,-1,-1,-1,-1,-1
2013621301942,2,1,0,18,0,8,0,0,0,0,2,1,6,1,2,-1,-1,-1,-1,1
2013621301943,1,9,0,18,0,0,0,0,0,0,1,1,1,2,6,1299,1,11,-1,2
2013621301943,2,19,0,4,0,0,0,0,0,0,2,1,1,1,6,2300,2,8,-1,1
2013621301944,1,9,0,7,0,0,0,0,0,0,4,1,6,1,8,1242,1,5,-1,1
2013621301945,1,9,0,18,0,1,0,0,0,0,1,1,2,2,6,1998,2,7,-1,1
2013621301946,1,9,0,18,0,1,0,0,0,0,1,1,6,2,6,1995,2,-1,-1,1
2013621301946,2,9,0,3,0,1,0,0,0,0,2,1,6,1,8,1596,1,7,9,1
2013621301947,1,9,0,18,0,0,0,0,0,0,4,1,6,3,-1,-1,-1,-1,-1,-1
2013621301948,1,9,0,18,0,0,0,0,0,0,1,1,6,2,10,998,1,11,-1,2
2013621301948,2,9,0,18,0,0,0,0,0,0,2,1,6,1,5,1242,1,9,-1,1
2013621301949,1,9,0,18,0,0,0,0,0,0,1,1,6,2,4,1124,1,8,-1,1
2013621301949,2,9,0,18,0,0,1,0,0,0,1,1,6,2,5,1299,1,6,-1,1
2013621301949,3,9,0,18,0,0,0,0,0,0,1,1,6,2,5,1360,1,9,-1,1
2013621301949,4,9,0,18,0,0,0,0,0,0,1,1,6,1,8,-1,-1,-1,-1,1
2013621301949,5,9,0,18,0,0,0,0,0,0,2,1,6,2,8,1598,1,2,-1,1
2013621301950,1,9,0,17,0,4,0,0,0,0,1,1,6,1,10,1598,1,8,-1,1
2013621301950,2,1,0,18,0,3,0,0,0,0,2,1,6,1,4,-1,-1,-1,-1,1
2013621301951,1,9,0,9,0,1,0,0,0,0,1,1,6,1,10,1364,1,9,-1,1
2013621301951,2,9,0,18,0,1,0,0,0,0,1,1,6,1,7,1560,2,4,-1,1
2013621301952,1,9,0,9,0,6,0,0,0,0,1,1,6,3,-1,1360,1,11,-1,-1
2013621301952,2,3,0,9,0,8,0,0,0,0,2,1,6,1,5,125,1,5,-1,1
2013621301953,1,9,0,18,0,0,0,0,1,2,1,1,1,2,4,1360,1,6,-1,1
2013621301954,1,9,0,18,0,1,0,0,0,0,1,1,6,2,7,1753,2,13,-1,1
2013621301954,2,9,0,10,0,1,0,0,0,0,2,1,6,2,4,1242,1,3,-1,1
2013621301955,1,9,0,9,0,1,0,0,0,0,1,1,6,3,-1,-1,-1,-1,-1,-1
2013621301955,2,1,0,18,0,1,1,0,0,0,1,1,6,1,7,-1,-1,-1,-1,1
2013621301956,1,11,0,18,0,2,0,0,0,0,1,1,1,1,8,-1,2,13,-1,2
2013621301957,1,19,0,18,0,8,0,0,0,0,3,1,1,1,6,2198,2,1,-1,1
2013621301957,2,8,0,18,0,8,0,0,0,10,4,1,1,1,7,1997,2,4,-1,1
2013621301958,1,9,0,18,0,7,2,0,1,4,3,1,6,1,6,1997,1,9,-1,2
2013621301959,1,9,0,9,0,1,0,0,0,0,1,1,1,2,7,1599,1,10,-1,3
2013621301959,2,9,0,18,0,1,0,0,0,0,1,1,1,1,8,1149,1,14,-1,1
2013621301960,1,9,0,18,0,0,0,0,0,0,4,1,2,2,5,1598,1,9,-1,1
2013621301961,1,3,0,18,0,0,0,0,0,0,0,1,6,1,4,124,1,2,8,1
2013621301962,1,9,0,9,0,6,0,0,3,0,3,1,6,1,11,1598,1,4,-1,2
2013621301962,2,9,0,18,0,1,0,0,0,0,1,1,6,1,10,2496,1,9,-1,3
2013621301963,1,9,0,4,0,3,0,0,0,0,1,1,6,1,7,1998,2,8,-1,1
2013621301964,1,9,0,18,0,0,5,0,1,1,1,1,2,1,8,1299,1,10,-1,1
2013621301965,1,9,0,18,0,1,0,0,0,0,1,1,6,1,5,2000,1,12,-1,1
2013621301965,2,9,0,18,0,1,0,0,0,0,2,1,6,1,9,999,1,5,-1,1
2013621301966,1,9,0,18,0,0,0,0,0,0,4,1,6,2,8,1086,1,7,-1,1
2013621301966,2,19,0,18,0,0,0,0,0,0,3,1,1,1,6,2148,2,6,-1,-1
2013621301967,1,9,0,7,0,1,0,0,0,0,1,1,6,1,9,-1,-1,-1,-1,1
2013621301968,1,9,0,18,0,0,5,0,7,4,1,1,6,2,7,1199,1,13,-1,1
2013621301969,1,9,0,18,0,0,0,0,0,0,1,1,6,2,8,1598,1,5,-1,1
2013621301969,2,9,0,4,0,0,0,0,0,0,2,1,6,2,8,998,1,5,-1,1
2013621301969,3,9,0,3,0,0,0,0,0,0,2,1,6,1,8,1590,1,9,-1,1
2013621301970,1,9,0,9,0,8,0,0,7,0,3,1,6,1,9,1896,2,6,-1,1
2013621301970,2,3,0,18,0,8,0,0,1,1,1,1,6,1,6,998,1,7,-1,1
2013621301971,1,9,0,5,0,6,0,0,0,6,4,1,2,1,5,-1,-1,-1,-1,1
2013621301971,2,9,0,18,0,1,0,0,0,0,1,1,2,2,6,1388,1,9,-1,2
2013621301971,3,20,0,8,0,1,0,0,0,0,0,2,6,1,8,4461,2,2,-1,1
2013621301972,1,8,0,18,0,0,0,0,0,0,1,1,1,1,6,1896,2,5,-1,1
2013621301973,1,8,0,18,0,0,0,0,0,0,3,1,6,1,5,1598,1,12,2,1
2013621301973,2,9,0,18,0,0,0,0,0,0,3,1,4,1,8,1896,2,6,-1,1
2013621301974,1,1,0,9,0,3,0,0,0,0,3,1,1,1,7,-1,-1,-1,-1,1
2013621301974,2,9,0,18,0,3,0,0,0,0,1,1,1,1,7,1299,1,10,-1,3
2013621301975,1,9,0,18,0,8,0,0,0,0,1,1,6,2,4,1149,1,11,-1,1
2013621301975,2,9,0,18,0,8,0,0,0,0,3,1,6,2,7,1796,1,13,-1,1
2013621301976,1,9,0,9,0,1,0,0,0,0,1,1,6,1,5,1364,1,2,-1,1
2013621301976,2,9,0,18,0,1,0,0,0,0,3,1,6,1,5,1198,1,10,-1,1
2013621301977,1,90,0,18,0,0,2,0,1,7,1,1,1,1,8,12600,2,15,-1,1
2013621301977,2,9,0,12,0,0,1,0,8,6,3,1,1,1,8,1686,2,6,-1,1
2013621301978,1,9,0,18,0,0,2,0,1,7,4,1,6,1,4,1988,1,11,-1,1
2013621301979,1,9,0,18,0,0,0,0,0,0,1,1,1,1,9,1995,2,2,-1,1
2013621301980,1,9,0,18,0,0,0,0,0,0,1,1,6,2,4,1242,1,5,-1,1
2013621301981,1,9,0,16,0,0,1,0,0,0,1,1,6,1,6,1360,1,8,-1,1
2013621301982,1,9,0,5,0,6,0,0,0,2,1,1,6,2,11,1992,2,6,-1,1
2013621301983,1,9,0,18,0,0,0,0,0,0,1,1,6,3,-1,-1,-1,-1,-1,-1
2013621301983,2,9,0,18,0,0,0,0,0,0,2,1,6,2,6,1800,1,13,-1,1
2013621301984,1,9,0,5,0,4,0,0,0,0,1,1,6,3,-1,-1,-1,-1,-1,-1
2013621301984,2,3,0,18,0,8,1,0,0,0,1,1,2,1,4,125,1,-1,-1,3
2013621301985,1,9,0,3,0,0,0,0,0,0,1,1,6,1,9,1998,2,8,-1,1
2013621301985,2,9,0,3,0,0,0,0,0,0,2,1,6,1,7,1951,2,8,-1,1
2013621301985,3,9,0,3,0,0,0,0,0,0,2,1,6,1,11,1596,1,10,-1,1
2013621301985,4,9,0,3,0,0,0,0,0,0,2,1,6,1,9,1240,1,5,-1,1
2013621301986,1,9,0,18,0,0,2,0,2,4,1,1,1,1,8,1499,2,-1,-1,1
2013621301987,1,9,0,9,0,8,0,0,0,0,1,1,6,2,7,1598,1,9,-1,1
2013621301987,2,2,0,18,0,1,0,0,0,0,1,1,6,1,4,125,1,1,-1,1
2013621301988,1,9,0,16,0,3,0,0,0,0,4,1,6,1,11,1596,1,4,-1,2
2013621301988,2,9,0,16,0,3,0,0,0,0,3,1,6,2,7,1390,1,10,-1,1
2013621301989,1,9,0,18,0,1,0,0,0,0,1,1,2,2,7,1198,1,8,-1,1
2013621301990,1,9,0,3,0,1,0,0,0,0,1,1,6,2,9,1229,1,7,-1,1
2013621301990,2,9,0,4,0,1,0,0,0,0,2,1,6,2,8,1590,1,10,-1,1
2013621301991,1,9,0,7,0,5,0,0,0,0,3,1,1,1,9,-1,-1,-1,-1,1
2013621301991,2,9,0,18,0,1,0,0,0,0,1,1,1,2,6,1149,1,7,-1,1
2013621301992,1,9,0,18,0,1,5,0,0,0,4,1,6,1,6,1560,2,6,-1,1
2013621301994,1,1,0,18,0,1,0,0,0,0,1,1,6,2,5,-1,-1,-1,-1,1
2013621301994,2,9,0,4,0,1,0,0,0,0,2,1,6,2,5,1527,2,18,-1,-1
2013621301994,3,19,0,18,0,1,0,0,0,0,3,1,6,2,6,1560,2,3,-1,1
2013621301995,1,9,0,7,0,2,0,0,0,0,1,1,6,1,6,1461,2,10,-1,-1
2013621301996,1,9,0,18,0,0,0,0,0,0,1,1,6,1,6,1598,1,5,-1,1
2013621301996,2,9,0,4,0,0,0,0,0,0,2,1,6,2,8,1398,2,9,-1,1
2013621301996,3,19,0,4,0,0,0,0,0,0,2,1,1,2,8,2460,2,9,-1,1
2013621301998,1,9,0,18,0,4,0,0,0,0,1,1,6,1,4,1390,1,8,-1,1
2013621301998,2,9,0,3,0,4,0,0,0,0,2,1,6,1,7,1598,1,8,-1,1
2013621301999,1,9,0,18,0,0,0,0,0,0,3,1,6,1,9,1598,1,-1,-1,1
2013621302000,1,9,0,18,0,1,0,0,0,0,1,1,1,1,5,1242,1,17,-1,1
2013621302000,2,9,0,4,0,1,0,0,0,0,2,1,1,1,9,2495,2,12,-1,1
2013621302001,1,9,0,5,9,2,0,0,1,10,1,1,2,1,5,1590,1,9,-1,1
2013621302001,2,9,0,18,9,2,0,0,1,10,3,1,6,2,7,1596,1,10,-1,1
2013621302002,1,9,0,16,0,0,0,0,8,10,3,1,6,1,5,1598,1,6,-1,1
2013621302003,1,9,0,18,0,1,0,0,0,0,1,1,6,1,7,2401,2,7,10,1
2013621302003,2,19,0,18,0,1,0,0,0,0,2,1,1,1,8,1868,2,10,-1,1
2013621302004,1,10,0,3,0,1,0,0,0,0,4,1,6,1,9,-1,-1,-1,-1,1
2013621302005,1,21,5,18,0,1,1,0,0,0,1,1,1,1,9,-1,-1,-1,-1,1
2013621302005,2,9,0,18,0,1,0,0,0,0,2,1,2,1,8,1689,2,11,-1,2
2013621302006,1,9,0,3,0,4,0,0,0,0,1,1,1,1,6,-1,-1,-1,-1,1
2013621302006,2,9,0,3,0,4,0,0,0,0,2,1,6,1,8,1360,1,13,-1,2
2013621302007,1,9,0,18,0,5,0,0,0,0,1,1,2,1,5,1242,1,11,-1,3
2013621302007,2,9,0,18,0,5,0,0,0,0,2,1,2,2,5,1386,1,6,-1,1
2013621302008,1,9,0,18,0,0,0,0,0,0,1,1,1,2,9,1360,1,11,-1,1
2013621302008,2,9,0,2,6,0,0,0,0,0,4,1,6,3,-1,1870,2,8,-1,-1
2013621302008,3,9,0,2,6,0,0,0,0,0,4,1,2,2,9,1596,1,11,-1,1
2013621302008,4,9,0,2,6,0,0,0,0,0,1,1,2,1,8,1910,2,6,-1,1
2013621302009,1,9,0,18,0,1,0,0,0,0,4,1,1,1,5,1364,1,3,-1,2
2013621302010,1,9,0,18,0,4,0,0,0,0,1,1,6,2,6,1590,1,13,-1,2
2013621302010,2,9,0,3,0,8,0,0,0,0,4,1,6,2,6,1753,2,4,-1,1
2013621302011,1,9,0,18,0,0,0,11,0,0,1,1,6,2,10,1108,1,7,-1,1
2013621302012,1,9,0,9,0,8,0,0,0,0,0,1,6,1,10,1390,1,13,-1,1
2013621302012,2,9,0,18,0,1,0,0,1,0,1,1,6,2,6,1390,1,12,-1,1
2013621302013,1,9,0,18,0,1,1,0,0,0,1,1,6,1,4,1149,1,6,-1,2
2013621302013,2,9,0,4,0,1,0,0,0,0,2,1,6,2,4,1149,1,9,-1,3
2013621302013,3,9,0,4,0,1,0,0,0,0,2,1,6,2,9,1598,2,1,-1,1
2013621302014,1,9,0,5,0,2,0,0,0,10,1,1,1,1,8,2401,2,9,-1,1
2013621302015,1,9,0,16,0,0,0,0,0,0,1,1,6,1,5,1242,1,11,-1,-1
2013621302015,2,9,0,18,0,0,0,0,0,0,1,1,6,1,11,1388,1,1,-1,1
2013621302016,1,9,0,18,0,2,0,8,0,0,4,1,6,3,-1,1498,1,14,-1,-1
2013621302016,2,9,0,2,0,1,0,0,0,0,3,1,6,2,8,1796,1,13,-1,1
2013621302017,1,9,0,9,0,6,0,0,0,0,3,1,6,1,4,1598,2,-1,-1,1
2013621302017,2,9,0,18,0,1,0,0,0,0,1,1,6,1,10,1086,1,9,-1,1
2013621302018,1,9,0,18,0,1,0,0,0,0,1,1,6,1,6,1242,1,11,-1,1
2013621302019,1,9,0,3,0,2,0,0,0,0,1,1,6,1,11,1997,1,3,-1,1
2013621302019,2,20,0,3,0,2,0,0,0,0,2,1,1,1,5,-1,-1,-1,-1,1
2013621302020,1,9,0,18,0,0,0,0,1,2,1,1,6,1,6,1582,2,2,-1,1
2013621302021,1,9,0,18,0,0,1,0,1,7,4,1,6,2,4,1998,1,10,1,1
2013621302022,1,9,0,9,0,8,0,0,0,0,1,1,6,1,10,1364,1,3,-1,1
2013621302022,2,9,0,9,0,8,0,0,0,0,4,1,1,1,7,1951,2,10,-1,1
2013621302023,1,9,0,18,0,0,0,11,0,0,1,1,6,2,8,1598,2,-1,-1,1
2013621302024,1,9,0,18,0,1,0,0,0,0,4,1,6,1,5,1796,1,8,-1,1
2013621302024,2,9,0,2,0,1,0,0,0,0,3,1,6,3,-1,2188,2,9,-1,-1
2013621302025,1,9,0,11,0,8,0,0,0,0,1,1,2,2,9,1900,2,9,-1,1
2013621302025,2,9,0,18,0,8,0,0,0,0,3,1,6,2,6,1896,2,8,-1,3
2013621302026,1,9,0,7,0,8,0,0,0,0,1,1,6,2,11,1299,1,11,-1,1
2013621302026,2,3,0,9,0,8,0,0,0,0,2,1,2,1,6,124,1,16,-1,1
2013621302027,1,9,0,1,0,0,0,0,0,0,2,1,1,1,7,1995,2,12,-1,1
2013621302028,1,9,0,18,0,3,0,0,0,0,1,1,6,2,8,1598,1,7,-1,1
2013621302028,2,9,0,4,0,3,0,0,0,0,2,1,6,2,4,1598,1,3,-1,1
2013621302029,1,9,0,3,0,0,0,0,0,0,1,1,1,2,5,1598,1,2,-1,1
2013621302029,2,9,0,3,0,0,0,0,0,0,2,1,1,1,7,1560,2,3,-1,1
2013621302030,1,9,0,1,0,0,0,0,0,0,3,1,6,1,7,-1,-1,-1,-1,1
2013621302030,2,9,0,2,0,0,0,0,0,0,3,1,6,1,6,1686,2,11,3,1
2013621302031,1,9,0,18,0,0,0,4,0,0,1,1,6,1,7,1461,2,2,-1,2
2013621302031,2,9,0,2,0,0,0,0,0,0,2,1,6,3,-1,1796,1,11,-1,-1
2013621302031,3,9,0,2,0,0,0,0,0,0,1,1,6,3,-1,2830,2,20,-1,-1
2013621302032,1,9,0,5,0,0,0,0,0,0,4,1,6,1,10,1998,2,8,-1,1
2013621302032,2,1,0,18,9,0,0,0,0,0,3,1,6,1,6,-1,-1,-1,-1,1
2013621302033,1,9,0,16,0,0,0,0,7,0,1,1,6,1,4,1599,1,6,-1,2
2013621302033,2,9,0,18,0,0,0,0,0,0,1,1,6,2,7,1968,2,6,-1,2
2013621302033,3,9,0,18,0,0,0,0,0,0,4,1,6,1,6,1582,2,-1,-1,1
2013621302034,1,9,0,18,0,1,0,0,0,0,1,1,6,2,-1,1360,1,7,-1,1
2013621302035,1,19,0,16,0,0,1,0,2,4,1,1,1,1,6,2151,2,8,-1,3
2013621302036,1,9,0,9,0,2,0,0,0,0,1,1,6,1,6,1994,1,13,-1,1
2013621302037,1,9,0,18,0,0,1,0,0,0,4,1,6,2,8,3969,1,15,-1,1
2013621302037,2,9,0,18,0,0,0,0,0,0,3,1,6,1,6,1781,1,11,-1,1
2013621302038,1,9,0,16,0,8,0,0,0,0,1,1,6,1,7,998,1,1,-1,3
2013621302038,2,9,0,16,0,8,0,0,0,0,2,1,6,1,7,2496,1,9,-1,1
2013621302039,1,3,0,4,0,7,1,0,0,0,4,1,2,1,6,108,1,-1,-1,1
2013621302040,1,2,0,16,0,0,1,0,0,0,1,1,6,2,4,49,1,13,-1,1
2013621302041,1,9,0,18,0,0,5,7,0,0,1,1,6,1,6,1198,1,6,-1,1
2013621302042,1,9,0,18,0,0,0,0,0,0,1,1,6,2,6,1598,1,8,-1,1
2013621302042,2,9,0,4,0,0,0,0,0,0,2,1,6,1,5,1360,1,6,-1,3
2013621302042,3,9,0,4,0,0,0,0,0,0,1,1,6,2,7,1400,1,6,-1,1
2013621302043,1,9,0,18,0,1,0,0,0,0,1,1,6,2,6,1149,1,5,-1,1
2013621302044,1,9,0,18,0,4,0,0,0,0,1,1,6,1,9,1299,1,10,-1,1
2013621302044,2,9,0,18,0,8,0,0,0,0,4,2,6,2,8,1560,2,6,-1,1
2013621302045,1,9,0,18,0,0,0,0,0,0,1,1,6,2,4,1299,1,9,-1,1
2013621302045,2,8,0,4,0,0,0,0,0,0,2,1,1,1,6,2149,2,6,-1,1
2013621302046,1,9,0,18,0,0,0,0,7,4,1,1,6,1,5,1248,2,6,-1,1
2013621302047,1,9,0,5,0,4,0,0,0,0,1,1,1,1,9,1796,1,5,-1,1
2013621302047,2,9,0,5,0,4,0,0,0,0,2,1,6,2,4,1299,1,11,-1,1
2013621302048,1,9,0,18,0,2,0,0,1,0,4,1,6,2,7,1150,1,5,-1,2
2013621302048,2,9,0,18,0,1,0,0,0,0,1,1,6,2,6,2902,2,11,-1,1
2013621302049,1,21,0,7,0,1,0,0,0,0,4,1,1,1,9,12130,2,8,-1,1
2013621302049,2,9,0,3,0,1,0,0,0,0,3,1,6,2,7,1995,2,10,-1,1
2013621302050,1,9,0,5,0,4,0,7,0,0,1,1,6,1,9,998,1,22,-1,3
2013621302051,1,9,0,6,0,0,0,0,0,0,3,1,1,1,6,1896,2,9,-1,1
2013621302051,2,1,0,18,0,0,0,0,0,0,1,1,6,1,5,-1,-1,-1,-1,1
2013621302052,1,9,0,4,0,0,1,0,0,0,1,1,6,2,5,1242,1,7,-1,1
2013621302052,2,9,0,4,0,0,1,0,0,0,2,1,6,2,9,1242,1,6,-1,3
2013621302052,3,9,0,4,0,0,0,0,0,0,1,1,6,2,8,1368,1,7,-1,3
2013621302053,1,9,0,9,0,6,0,0,0,0,3,1,6,1,10,1598,1,10,-1,1
2013621302053,2,9,0,18,0,1,0,0,0,0,4,1,6,2,8,1598,1,7,-1,1
2013621302054,1,9,0,4,0,0,0,11,0,1,1,1,6,2,9,1796,1,4,-1,1
2013621302055,1,9,0,9,0,6,0,0,0,0,1,1,6,2,10,2231,2,7,-1,1
2013621302055,2,5,0,9,0,1,0,0,0,0,3,1,6,1,7,998,1,8,-1,1
2013621302056,1,9,0,17,0,0,1,0,0,7,1,1,6,1,8,1797,8,3,-1,1
2013621302057,1,10,0,18,0,2,0,0,0,0,4,1,6,1,5,-1,-1,-1,-1,1
2013621302058,1,9,0,9,0,6,0,0,0,0,1,1,6,1,8,999,1,5,-1,3
2013621302058,2,9,0,18,0,8,0,0,0,0,4,1,6,1,5,1799,1,7,-1,1
2013621302059,1,9,0,7,0,8,0,0,0,0,1,1,2,2,5,1598,1,6,-1,1
2013621302059,2,9,0,18,0,2,0,0,0,0,4,1,2,1,6,2171,2,10,-1,1
2013621302060,1,9,0,18,0,8,0,4,0,0,1,1,6,1,11,1360,1,7,-1,1
2013621302060,2,9,0,2,0,1,0,0,0,0,1,1,6,3,-1,1896,2,9,-1,-1
2013621302060,3,9,0,2,0,1,0,0,0,0,1,1,6,3,-1,1229,1,8,-1,-1
2013621302061,1,1,0,18,0,8,0,0,0,0,1,1,6,1,5,-1,-1,-1,-1,1
2013621302061,2,9,0,9,0,6,0,0,0,0,4,1,2,2,8,1388,1,10,-1,1
2013621302062,1,9,0,10,0,1,1,0,0,0,1,1,6,2,9,2148,2,10,-1,1
2013621302062,2,9,0,18,0,1,0,0,0,0,4,1,4,1,10,1248,1,1,-1,1
2013621302063,1,9,0,7,0,6,0,0,0,0,1,1,6,2,5,1598,1,5,-1,1
2013621302063,2,1,0,18,0,1,0,0,0,0,1,1,1,1,8,-1,-1,-1,-1,1
2013621302064,1,9,0,7,0,5,0,0,0,0,1,1,1,2,5,1398,1,1,-1,1
2013621302064,2,9,0,3,0,1,0,0,0,0,1,1,6,1,9,998,1,6,-1,1
2013621302065,1,9,0,5,0,3,0,0,0,0,4,1,6,1,9,1988,2,9,-1,2
2013621302066,1,9,0,18,0,0,0,0,0,0,1,1,6,1,5,1242,1,7,-1,1
2013621302066,2,9,0,18,0,0,0,0,0,0,2,1,6,1,9,1995,2,10,10,1
2013621302066,3,9,0,18,0,0,0,0,0,0,1,1,6,1,7,1997,2,2,-1,3
2013621302066,4,9,0,18,0,0,0,0,0,0,2,1,6,2,6,2400,2,2,-1,2
2013621302066,5,9,0,18,0,0,0,0,0,0,1,1,6,1,6,1560,2,-1,-1,3
2013621302067,1,9,0,9,0,0,0,0,0,0,1,1,6,1,11,996,1,3,-1,1
2013621302067,2,3,0,18,0,0,0,0,0,0,1,1,2,1,6,125,1,1,-1,1
2013621302068,1,9,0,2,0,0,0,0,0,0,3,1,3,1,7,1560,2,9,-1,1
2013621302068,2,1,0,18,0,0,0,8,0,0,1,1,6,1,7,-1,-1,-1,-1,1
2013621302069,1,9,0,9,2,8,0,0,0,0,1,1,6,2,4,1149,1,9,-1,1
2013621302069,2,8,0,18,2,8,0,0,0,0,1,1,1,1,6,1997,2,8,-1,1
2013621302070,1,9,0,18,0,2,0,0,0,0,1,1,6,2,5,1997,2,9,-1,3
2013621302070,2,9,0,18,0,2,0,0,0,0,2,1,6,2,5,1242,1,8,-1,1
2013621302070,3,9,0,18,0,2,0,0,0,0,2,1,6,2,8,1560,2,1,-1,1
2013621302071,1,9,0,5,0,8,0,0,0,0,4,1,6,1,8,2198,1,11,-1,1
2013621302071,2,9,0,18,0,8,0,0,0,0,1,1,6,1,6,1199,1,9,-1,-1
2013621302072,1,19,4,5,0,4,0,0,0,0,1,1,1,1,8,2402,2,4,-1,2
2013621302072,2,9,0,3,0,4,0,0,0,0,2,1,6,1,7,1298,1,14,-1,1
2013621302073,1,9,0,18,0,0,0,0,0,0,1,1,6,1,4,1242,1,7,-1,3
2013621302073,2,9,0,2,0,0,0,0,0,0,2,1,6,3,-1,1679,1,14,-1,-1
2013621302073,3,19,0,2,0,0,0,0,0,0,2,1,6,3,-1,2500,2,8,-1,-1
2013621302073,4,9,0,2,0,0,0,0,0,0,2,1,6,3,-1,3317,1,19,-1,-1
2013621302074,1,9,0,5,0,0,0,0,0,0,4,1,6,2,8,1461,2,1,-1,1
2013621302074,2,9,0,18,0,0,0,4,0,0,3,1,6,2,5,1390,1,8,-1,1
2013621302074,3,9,0,2,0,0,0,0,0,0,4,1,6,3,-1,2494,1,7,-1,-1
2013621302075,1,9,0,9,0,8,0,0,0,0,3,1,6,1,7,-1,-1,-1,-1,1
2013621302076,1,8,0,5,0,0,0,0,0,0,1,1,1,1,7,-1,-1,-1,-1,1
2013621302077,1,9,0,18,0,0,2,10,6,9,4,1,2,1,7,1796,1,11,-1,1
2013621302078,1,9,0,18,0,0,1,4,0,0,3,1,6,1,5,1587,1,11,-1,1
2013621302078,2,9,0,2,0,0,0,0,0,0,4,1,6,3,-1,1242,1,13,-1,-1
2013621302078,3,9,0,2,0,0,0,0,0,0,4,1,6,3,-1,1798,1,12,-1,-1
2013621302078,4,9,0,2,0,0,0,0,0,0,4,1,6,3,-1,1396,1,-1,-1,-1
2013621302078,5,19,0,2,0,0,0,0,0,0,4,1,6,3,-1,2500,2,8,-1,-1
2013621302078,6,9,0,2,0,0,0,0,0,0,4,1,6,3,-1,1398,2,9,-1,-1
2013621302078,7,9,0,2,0,0,0,0,0,0,4,1,4,3,-1,1686,2,9,-1,-1
2013621302078,8,9,0,2,0,0,0,0,0,0,4,1,6,3,-1,973,1,10,-1,-1
2013621302079,1,9,0,14,0,8,0,0,0,0,4,1,1,1,8,-1,-1,-1,-1,1
2013621302080,1,9,0,18,0,0,0,0,0,0,1,1,1,2,5,1396,1,-1,-1,1
2013621302080,2,9,0,4,0,0,0,0,0,0,2,1,6,2,6,1796,1,9,-1,2
2013621302081,1,9,0,12,0,8,0,0,0,0,1,1,6,1,10,1597,1,15,-1,1
2013621302081,2,9,0,18,0,8,0,0,0,0,3,1,6,1,10,1587,1,22,-1,1
2013621302082,1,1,0,9,0,1,0,0,0,0,3,1,6,2,5,-1,-1,-1,-1,1
2013621302082,2,3,0,18,0,1,0,0,0,0,1,1,6,2,7,125,1,4,-1,1
2013621302083,1,1,0,18,0,0,0,0,0,0,1,1,6,1,6,-1,-1,-1,-1,1
2013621302083,2,9,0,18,0,0,0,0,0,0,1,1,6,1,5,-1,-1,-1,-1,1
2013621302084,1,9,0,9,0,1,0,0,0,0,1,1,6,1,5,973,1,13,-1,1
2013621302084,2,9,0,18,0,1,0,0,0,0,1,1,6,1,9,1988,2,7,4,1
2013621302085,1,9,0,18,0,4,0,0,0,0,1,1,6,1,6,1798,1,7,-1,1
2013621302085,2,5,0,3,0,4,0,0,0,0,2,1,6,1,8,1200,1,23,-1,1
2013621302086,1,9,0,16,0,8,0,0,0,0,3,1,6,1,5,1390,1,9,-1,2
2013621302087,1,9,0,18,0,0,0,0,0,0,1,1,6,2,4,998,1,8,-1,1
2013621302087,2,9,0,18,0,0,0,0,0,0,2,1,6,2,6,998,1,2,-1,1
2013621302088,1,9,0,18,0,1,0,0,0,0,1,1,6,2,9,1461,2,-1,-1,1
2013621302088,2,9,0,10,0,1,0,0,0,0,2,1,6,2,6,1198,1,8,-1,1
2013621302089,1,9,0,18,0,1,0,0,0,0,1,1,6,1,8,1997,2,9,-1,2
2013621302089,2,9,0,18,0,1,0,0,0,0,2,1,6,1,6,1870,2,8,-1,1
2013621302089,3,9,0,4,0,1,0,0,0,0,2,1,6,1,7,1397,1,6,-1,2
2013621302090,1,9,0,4,0,0,0,0,0,0,1,1,6,2,5,1598,1,9,-1,1
2013621302090,2,9,0,4,0,0,0,0,0,0,2,1,6,2,4,1299,1,7,-1,1
2013621302091,1,9,0,18,0,0,0,4,0,0,4,1,6,2,8,1360,1,7,-1,2
2013621302091,2,9,0,2,0,0,0,0,0,0,4,1,6,2,5,1598,1,8,-1,2
2013621302092,1,9,0,18,0,0,0,0,0,0,1,1,6,2,4,998,1,10,-1,3
2013621302092,2,9,0,2,0,0,0,0,0,0,2,1,6,3,-1,1968,2,7,-1,-1
2013621302093,1,9,0,18,0,0,0,0,0,0,1,1,6,1,6,6208,1,4,-1,1
2013621302093,2,9,0,6,0,0,0,0,0,0,3,1,2,2,6,1198,1,5,-1,1
2013621302093,3,9,0,2,0,0,0,0,0,0,4,1,6,3,-1,1149,1,12,-1,-1