Accident_Index,Vehicle_Reference,Vehicle_Type,Towing_and_Articulation,Vehicle_Manoeuvre,Vehicle_Location-Restricted_Lane,Junction_Location,Skidding_and_Overturning,Hit_Object_in_Carriageway,Vehicle_Leaving_Carriageway,Hit_Object_off_Carriageway,1st_Point_of_Impact,Was_Vehicle_Left_Hand_Drive?,Journey_Purpose_of_Driver,Sex_of_Driver,Age_Band_of_Driver,Engine_Capacity_(CC),Propulsion_Code,Age_of_Vehicle,Driver_IMD_Decile,Driver_Home_Area_Type
2013621302094,1,9,0,18,0,0,0,0,0,0,1,1,6,1,7,1783,1,13,-1,1
2013621302094,2,9,0,3,0,0,0,0,0,0,2,1,6,1,8,1396,1,10,-1,1
2013621302095,1,9,0,14,0,8,0,0,0,0,4,1,6,1,10,1796,1,16,-1,1
2013621302096,1,9,0,9,0,8,0,0,0,0,3,1,1,2,4,1149,1,11,-1,1
2013621302096,2,1,0,18,0,8,0,0,0,0,1,1,1,1,-1,-1,-1,-1,-1,1
2013621302097,1,9,0,5,0,1,0,0,0,0,1,1,3,2,7,1560,2,7,-1,1
2013621302098,1,8,0,18,0,0,0,0,0,0,1,1,1,1,8,1896,2,6,-1,1
2013621302099,1,9,0,5,0,3,0,0,0,0,1,1,6,2,5,1799,1,6,-1,1
2013621302099,2,9,0,4,0,3,0,0,0,0,2,1,6,2,6,1242,1,-1,-1,1
2013621302100,1,9,0,18,0,1,0,0,0,0,1,1,6,3,-1,-1,-1,-1,-1,-1
2013621302100,2,9,0,18,0,1,2,0,7,0,3,1,6,1,9,1560,2,-1,-1,1
2013621302100,3,9,0,2,0,1,0,0,0,0,2,1,6,3,-1,998,1,7,-1,-1
2013621302100,4,9,0,2,0,1,0,0,0,0,2,1,6,3,-1,1998,2,7,-1,-1
2013621302102,1,9,0,13,0,0,0,0,7,4,4,1,6,1,4,1296,1,7,-1,1
2013621302103,1,9,0,18,0,1,0,0,0,0,1,1,1,1,6,998,1,5,-1,2
2013621302104,1,9,0,18,0,0,0,0,0,0,1,1,6,2,5,1598,1,8,-1,1
2013621302104,2,9,0,18,0,0,0,0,0,0,2,1,6,1,7,1685,2,-1,-1,1
2013621302105,1,5,0,18,0,0,0,0,0,0,1,1,6,1,5,649,1,1,-1,3
2013621302105,2,9,0,18,0,0,0,0,0,0,3,1,6,1,8,1997,2,3,-1,1
2013621302106,1,9,0,16,0,0,1,11,0,10,1,1,6,1,4,1489,1,17,-1,1
2013621302107,1,9,0,16,0,2,0,0,0,0,1,1,6,3,-1,-1,-1,-1,-1,-1
2013621302107,2,9,0,4,0,2,0,0,0,0,2,1,2,2,8,1461,2,5,-1,3
2013621302109,1,8,0,18,4,1,0,0,0,0,3,1,6,3,-1,1997,2,5,-1,-1
2013621302109,2,1,0,18,4,1,0,0,0,0,4,1,6,2,5,-1,-1,-1,-1,1
2013621302110,1,9,0,18,0,8,0,0,0,0,1,1,6,1,5,1461,2,10,10,2
2013621302110,2,9,0,4,0,8,0,0,0,0,2,1,6,2,5,1896,2,10,-1,2
2013621302110,3,9,0,4,0,8,0,0,0,0,2,1,6,2,8,1248,2,6,-1,1
2013621302111,1,9,0,18,0,1,0,0,0,0,1,1,6,2,9,1753,2,7,-1,1
2013621302112,1,9,0,18,0,0,0,0,0,0,1,1,6,2,5,1242,1,11,-1,1
2013621302112,2,9,0,3,0,0,0,0,0,0,2,1,1,2,6,1329,1,4,-1,3
2013621302112,3,9,0,3,0,0,0,0,0,0,2,1,6,1,8,2199,2,-1,5,3
2013621302113,1,9,0,18,0,0,0,0,0,0,1,1,1,1,7,1995,2,4,-1,1
2013621302113,2,9,0,4,0,0,0,0,0,0,2,1,6,1,10,1749,1,11,-1,1
2013621302113,3,9,0,4,0,0,0,0,0,0,2,1,6,2,5,1242,1,6,-1,1
2013621302114,1,9,0,18,0,7,1,0,0,0,1,1,6,2,6,1488,2,16,-1,1
2013621302114,2,9,0,18,0,1,0,0,0,0,4,1,6,1,9,1329,1,3,-1,1
2013621302114,3,9,0,18,0,1,0,0,0,0,4,1,6,3,-1,-1,-1,-1,-1,-1
2013621302115,1,9,0,5,0,8,0,0,0,0,1,1,6,1,5,1910,2,5,-1,1
2013621302115,2,9,0,18,0,8,0,0,0,0,3,1,6,1,6,-1,-1,-1,-1,1
2013621302116,1,9,0,18,0,1,0,0,0,0,1,1,6,2,8,1390,1,6,-1,1
2013621302116,2,9,0,3,0,1,0,0,0,0,2,1,6,1,5,1461,2,-1,-1,1
2013621302117,1,9,0,5,0,4,0,0,0,0,1,1,6,1,6,1794,1,11,-1,1
2013621302117,2,9,0,5,0,4,0,0,0,0,2,1,6,2,5,1200,1,1,-1,1
2013621302118,1,9,0,18,0,0,0,0,0,0,1,1,6,2,5,1242,1,14,-1,1
2013621302118,2,9,0,18,0,0,0,0,0,0,2,1,6,2,7,1461,2,2,-1,3
2013621302119,1,9,0,18,0,1,0,0,0,0,1,1,6,2,9,1388,1,2,8,1
2013621302119,2,9,0,3,0,1,0,0,0,0,2,1,1,1,8,1997,2,5,-1,1
2013621302120,1,9,0,18,0,0,0,0,0,0,4,1,3,1,7,2993,2,8,-1,1
2013621302121,1,5,0,16,0,1,1,0,0,0,1,1,6,1,5,599,1,10,-1,1
2013621302121,2,9,0,18,0,2,0,0,0,0,1,1,6,1,9,1600,1,-1,-1,2
2013621302122,1,19,0,1,0,0,0,0,0,0,2,1,6,3,-1,-1,-1,-1,-1,-1
2013621302123,1,9,0,4,0,1,0,0,0,0,1,1,6,2,9,1422,2,3,-1,3
2013621302124,1,5,0,13,0,1,1,0,0,0,4,1,1,1,5,1002,1,17,-1,1
2013621302124,2,9,0,9,0,1,0,0,0,0,3,1,6,1,6,1796,1,12,-1,1
2013621302125,1,9,0,9,0,8,0,0,0,0,3,1,6,2,4,1397,1,5,-1,1
2013621302125,2,9,0,18,0,8,1,0,0,0,1,1,6,2,6,2156,1,16,-1,1
2013621302127,1,9,0,9,0,6,0,0,0,0,3,1,6,1,5,796,1,11,-1,1
2013621302127,2,9,0,16,0,6,0,0,0,0,1,1,2,2,7,996,1,4,-1,1
2013621302128,1,9,0,18,0,0,0,10,0,0,4,1,6,2,7,1398,2,5,-1,1
2013621302128,2,90,0,2,0,0,0,0,0,0,3,1,6,3,-1,-1,-1,-1,-1,-1
2013621302129,1,9,0,12,0,7,0,0,0,0,1,1,6,1,6,1999,1,7,-1,1
2013621302129,2,9,0,12,0,7,0,0,0,0,2,1,6,2,8,1990,1,15,-1,1
2013621302130,1,9,0,9,0,5,0,0,0,0,1,1,6,2,4,999,1,10,-1,1
2013621302130,2,9,0,18,0,1,0,0,0,0,1,1,6,1,6,1199,1,10,-1,2
2013621302131,1,9,0,18,0,1,1,0,1,0,4,1,6,1,6,3956,1,13,-1,1
2013621302131,2,9,0,18,0,1,1,0,0,0,3,1,6,1,7,1596,1,11,-1,1
2013621302132,1,9,0,9,0,1,0,0,0,0,4,1,6,2,6,1968,2,6,-1,1
2013621302132,2,9,0,18,0,1,0,0,0,0,1,1,6,2,5,1242,1,1,-1,1
2013621302133,1,9,0,18,0,1,1,0,0,0,1,1,6,1,6,1896,2,10,-1,1
2013621302133,2,9,0,18,0,1,0,0,0,0,4,1,6,1,6,1995,2,8,-1,2
2013621302134,1,9,0,18,0,2,0,0,0,0,1,1,6,3,-1,-1,-1,-1,-1,-1
2013621302135,1,9,0,18,0,0,0,0,0,0,1,1,6,1,6,1596,1,12,-1,1
2013621302135,2,9,0,18,0,0,0,0,0,0,1,1,6,2,11,1997,2,1,-1,1
2013621302136,1,9,0,18,0,2,0,0,0,0,4,1,6,1,7,1910,2,5,-1,1
2013621302137,1,9,0,18,0,0,0,0,0,0,1,1,6,2,8,1399,2,3,-1,1
2013621302137,2,9,0,2,0,0,0,0,0,0,3,1,6,3,-1,1596,1,12,-1,-1
2013621302137,3,9,0,18,0,0,0,0,0,0,3,1,6,3,-1,1598,1,1,-1,-1
2013621302138,1,9,0,18,0,0,1,0,0,0,3,1,6,2,4,1299,1,10,-1,1
2013621302138,2,9,0,18,0,0,0,0,0,0,3,1,6,2,4,-1,-1,-1,-1,1
2013621302139,1,9,0,18,0,2,0,0,0,0,3,1,6,1,6,1360,1,8,-1,3
2013621302139,2,9,0,18,0,1,2,10,0,0,4,1,6,2,7,1968,2,2,-1,1
2013621302140,1,9,0,5,0,4,0,0,0,0,3,1,1,2,8,1328,1,6,-1,1
2013621302140,2,9,0,18,0,8,0,0,0,0,1,1,1,1,6,1896,2,16,-1,1
2013621302141,1,9,0,18,0,0,0,0,0,0,1,1,6,2,11,1242,1,1,-1,1
2013621302142,1,9,0,18,0,1,0,0,0,0,1,1,6,3,-1,1596,1,11,-1,-1
2013621302142,2,9,0,2,0,1,0,0,0,0,2,1,6,1,5,1399,2,9,-1,1
2013621302143,1,19,0,18,0,2,0,0,0,0,1,1,1,1,9,2151,2,10,-1,1
2013621302144,1,9,0,18,0,0,1,0,4,6,1,1,6,2,6,1390,1,10,-1,2
2013621302145,1,9,0,5,0,0,0,0,0,0,4,1,6,2,7,1749,1,10,-1,2
2013621302145,2,9,0,18,0,0,0,10,0,0,4,1,6,1,5,1968,2,9,-1,2
2013621302146,1,9,0,18,0,2,0,0,0,0,1,1,6,2,11,1242,1,1,-1,1
2013621302146,2,9,0,2,0,2,0,0,0,0,2,1,6,3,-1,1560,2,4,-1,-1
2013621302146,3,9,0,2,0,2,0,0,0,0,2,1,6,3,-1,2495,2,18,-1,-1
2013621302147,1,9,0,7,0,4,0,0,0,0,1,1,6,2,9,999,1,7,-1,2
2013621302147,2,1,0,9,0,3,0,0,0,0,4,1,1,2,6,-1,-1,-1,-1,1
2013621302148,1,9,0,18,0,0,0,0,8,6,1,1,6,1,9,1596,1,4,-1,1
2013621302148,2,9,0,18,0,0,0,0,0,0,2,1,6,1,7,1596,1,7,-1,1
2013621302148,3,9,0,18,0,0,0,0,0,0,2,1,6,2,8,1598,1,13,-1,3
2013621302148,4,9,0,18,0,0,0,0,0,0,1,1,6,2,9,1560,2,1,-1,1
2013621302149,1,9,0,4,0,0,1,0,0,0,1,1,6,2,5,1598,1,9,-1,1
2013621302149,2,9,0,4,0,0,0,0,0,0,2,1,6,2,5,1299,1,7,-1,1
2013621302150,1,9,0,18,0,1,5,7,0,0,1,1,1,2,7,1388,1,10,-1,2
2013621302151,1,9,0,18,0,0,0,0,7,3,1,1,6,1,11,998,1,11,-1,3
2013621302152,1,9,0,7,0,2,0,0,0,0,1,1,6,1,7,1461,2,1,-1,1
2013621302152,2,1,0,16,0,2,0,0,0,0,3,1,6,1,7,-1,-1,-1,-1,1
2013621302153,1,9,0,18,0,0,0,0,0,0,1,1,2,2,9,1598,1,13,-1,1
2013621302154,1,9,0,18,0,0,0,0,0,0,1,1,6,1,5,1753,2,9,-1,1
2013621302154,2,9,0,18,0,0,0,0,0,0,2,1,6,2,6,2295,1,13,-1,1
2013621302154,3,9,0,18,0,0,0,0,0,0,2,1,6,1,9,1149,1,5,-1,1
2013621302154,4,9,0,18,0,0,0,0,0,0,2,1,6,2,7,1968,2,2,-1,1
2013621302154,5,9,0,18,0,0,0,0,0,0,1,1,6,1,7,2000,2,7,-1,1
2013621302156,1,9,0,4,0,1,0,0,0,0,1,1,6,2,6,2902,2,9,-1,1
2013621302156,2,3,0,3,0,1,0,0,0,0,2,1,6,1,7,124,1,-1,-1,1
2013621302157,1,9,0,9,0,8,0,0,0,0,1,1,2,2,8,1242,1,-1,-1,1
2013621302157,2,11,0,18,0,8,0,0,0,0,1,1,3,1,7,9600,2,18,-1,1
2013621302159,1,9,0,18,0,0,1,0,2,7,1,2,6,1,6,-1,-1,-1,-1,1
2013621302160,1,9,0,5,0,8,0,0,0,0,3,1,6,3,-1,2351,1,12,-1,-1
2013621302161,1,9,0,18,0,1,0,0,0,0,1,1,6,1,6,1753,2,4,-1,1
2013621302162,1,9,0,6,0,0,0,0,0,0,3,1,6,1,8,1995,2,2,-1,2
2013621302162,2,2,0,13,0,0,0,0,0,0,1,1,6,1,7,123,1,5,-1,1
2013621302163,1,9,0,18,0,1,0,0,0,0,1,1,6,1,8,1596,1,10,-1,1
2013621302163,2,9,0,4,0,1,0,0,0,0,2,1,6,1,8,1598,1,10,-1,1
2013621302164,1,9,0,18,0,5,0,0,8,4,1,1,6,2,6,1390,1,6,-1,3
2013621302165,1,9,0,18,0,0,0,0,0,0,1,1,6,1,11,1598,2,3,-1,1
2013621302166,1,9,0,18,0,2,0,7,0,0,1,1,6,1,6,1870,2,10,-1,1
2013621302167,1,9,0,4,0,0,1,0,0,0,1,1,1,1,7,-1,-1,-1,-1,1
2013621302167,2,9,0,4,0,0,0,0,0,0,2,1,6,1,11,1396,1,3,-1,1
2013621302168,1,9,0,6,0,0,0,0,0,0,3,1,6,1,6,899,1,20,-1,1
2013621302168,2,9,0,18,0,0,1,0,7,10,1,1,6,1,4,1390,1,8,-1,1
2013621302169,1,9,0,5,0,0,0,0,0,0,3,1,6,1,9,1796,1,13,-1,2
2013621302170,1,9,0,4,0,1,0,0,0,0,1,1,6,1,8,1242,1,11,-1,1
2013621302170,2,9,0,10,0,1,0,0,0,0,2,1,6,1,7,2800,2,19,-1,1
2013621302171,1,9,0,18,0,1,0,0,0,0,1,1,6,1,11,1199,1,13,-1,1
2013621302171,2,9,0,3,0,1,0,0,0,0,2,1,6,2,6,1896,2,17,-1,2
2013621302171,3,19,0,3,0,1,0,0,0,0,2,1,6,1,8,2300,2,9,-1,1
2013621302172,1,9,0,18,0,0,1,0,1,10,3,1,6,2,7,1229,1,3,-1,1
2013621302173,1,9,0,18,0,8,0,0,0,0,1,1,6,1,6,1998,2,10,-1,2
2013621302173,2,9,0,18,0,8,0,0,0,0,1,1,6,2,8,3555,1,7,-1,3
2013621302174,1,9,0,18,0,0,0,0,0,0,1,1,6,1,5,1798,8,-1,-1,3
2013621302174,2,9,0,4,0,0,0,0,0,0,2,1,6,2,6,1870,2,8,-1,3
2013621302174,3,9,0,4,0,0,0,0,0,0,2,1,6,1,7,1461,2,-1,-1,1
2013621302175,1,9,0,7,0,1,0,0,0,0,1,1,6,1,9,1596,1,8,-1,1
2013621302176,1,3,0,18,0,1,0,0,0,0,4,1,2,1,5,124,1,6,-1,1
2013621302176,2,9,0,9,0,1,0,0,0,0,3,1,2,1,7,1973,1,14,-1,1
2013621302177,1,9,0,18,0,0,1,0,0,0,3,1,6,1,5,1598,1,6,-1,1
2013621302177,2,8,0,18,0,0,0,0,0,0,3,1,1,1,7,-1,-1,-1,-1,1
2013621302178,1,8,0,18,0,2,0,0,0,0,0,1,6,3,-1,-1,-1,-1,-1,-1
2013621302178,2,8,0,18,0,8,0,0,0,0,0,1,6,2,7,1149,1,6,-1,3
2013621302179,1,2,0,9,0,8,0,0,0,0,1,1,6,1,4,49,1,10,-1,1
2013621302179,2,9,0,7,0,8,0,0,0,0,1,1,6,1,9,2199,1,18,-1,1
2013621302180,1,9,0,18,0,0,0,0,0,0,1,1,2,2,6,1587,1,13,-1,1
2013621302180,2,9,0,3,0,0,0,0,0,0,2,1,2,1,7,995,1,6,-1,1
2013621302180,3,9,0,3,0,0,0,0,0,0,2,1,2,2,6,1399,2,4,-1,1
2013621302181,1,9,0,18,0,0,0,0,0,0,1,1,1,1,8,-1,-1,-1,-1,1
2013621302181,2,9,0,18,0,0,0,0,0,0,2,1,6,2,5,1968,2,3,-1,2
2013621302182,1,19,0,5,0,6,0,0,0,0,1,1,1,1,9,2198,2,5,-1,1
2013621302182,2,9,0,17,0,1,0,0,0,0,4,1,6,1,6,2993,2,10,-1,1
2013621302183,1,3,0,13,0,1,0,0,0,0,1,1,6,1,4,124,1,1,-1,1
2013621302183,2,9,0,9,0,1,0,0,0,0,3,1,6,1,11,1560,2,2,-1,2
2013621302184,1,21,1,18,0,0,2,0,1,0,4,1,1,1,8,11705,2,10,-1,2
2013621302185,1,9,0,18,0,1,0,0,0,0,1,1,2,1,9,2477,2,10,-1,3
2013621302185,2,9,0,18,0,1,0,0,0,0,2,1,6,1,7,1868,2,14,-1,2
2013621302186,1,8,0,1,0,1,0,0,0,0,2,1,1,1,6,1910,2,6,-1,1
2013621302187,1,9,0,4,0,0,0,0,0,0,1,1,6,1,5,1229,1,6,-1,2
2013621302187,2,9,0,3,0,0,0,0,0,0,2,1,6,2,8,1560,2,1,-1,3
2013621302188,1,9,0,5,0,1,0,0,0,0,1,1,6,3,-1,1390,1,10,-1,-1
2013621302188,2,20,0,18,0,1,0,0,0,0,1,1,6,1,7,2402,2,11,-1,1
2013621302189,1,9,0,11,0,0,0,0,0,0,2,1,6,1,9,1956,2,1,-1,2
2013621302189,2,21,1,18,0,0,0,0,0,0,1,1,1,1,7,12900,2,5,-1,1
2013621302190,1,9,0,18,0,0,0,0,0,0,1,1,6,2,7,1248,2,-1,-1,2
2013621302190,2,9,0,3,0,0,0,0,0,0,2,1,6,2,9,1199,1,13,-1,2
2013621302190,3,9,0,3,0,0,0,0,0,0,2,1,6,2,9,1360,1,9,-1,2
2013621302191,1,2,0,18,0,4,1,0,0,0,3,1,1,1,4,49,1,7,-1,1
2013621302192,1,5,0,18,0,8,0,0,8,10,4,1,1,1,7,600,1,14,-1,2
2013621302192,2,9,0,9,0,6,0,0,0,0,1,1,1,2,7,1587,1,8,-1,2
2013621302193,1,11,0,5,0,4,0,0,0,0,4,1,1,1,9,3900,2,11,-1,1
2013621302193,2,1,0,5,0,4,0,0,0,0,2,1,2,1,6,-1,-1,-1,-1,1
2013621302194,1,9,0,18,0,2,0,7,1,1,1,1,1,1,9,1995,2,2,-1,1
2013621302195,1,9,0,16,0,0,0,0,0,0,1,1,6,1,6,-1,-1,-1,-1,2
2013621302195,2,20,0,17,0,0,0,0,0,0,1,1,6,1,7,4250,2,14,-1,1
2013621302196,1,9,0,9,0,4,0,0,0,0,1,1,6,2,8,1598,1,4,-1,1
2013621302196,2,1,0,18,0,8,0,0,0,0,1,1,6,1,8,-1,-1,-1,-1,1
2013621302197,1,9,0,18,0,8,2,7,7,6,1,1,6,1,6,1242,1,11,-1,1
2013621302198,1,19,0,18,0,8,0,0,0,0,1,1,6,3,-1,-1,-1,-1,-1,-1
2013621302198,2,9,0,3,0,1,0,0,0,0,2,1,6,1,10,1596,1,10,-1,1
2013621302199,1,9,0,18,0,1,0,0,0,0,1,1,6,1,6,1199,1,14,-1,1
2013621302200,1,9,0,18,0,1,2,7,0,0,1,1,6,1,9,1582,2,1,-1,1
2013621302201,1,1,0,18,0,2,1,0,0,0,4,1,6,1,7,-1,-1,-1,-1,1
2013621302202,1,1,0,18,0,1,0,0,0,0,1,1,2,1,5,-1,-1,-1,-1,1
2013621302202,2,9,0,7,0,5,0,0,0,0,3,1,6,1,8,1997,2,4,-1,1
2013621302203,1,9,0,9,0,1,0,0,0,0,4,1,2,1,7,-1,-1,-1,-1,1
2013621302203,2,4,0,18,0,1,1,0,0,0,1,1,6,1,4,124,1,4,-1,1
2013621302204,1,9,0,18,0,3,0,0,0,0,1,1,1,2,5,1598,2,3,-1,2
2013621302205,1,9,0,1,0,0,0,0,2,10,2,1,6,2,10,1240,1,10,-1,3
2013621302206,1,9,0,5,0,1,0,0,0,0,1,1,6,1,6,2496,2,9,-1,3
2013621302206,2,9,0,18,0,8,1,0,0,0,4,1,3,2,7,2993,2,4,-1,3
2013621302207,1,9,0,1,0,8,0,0,0,0,2,1,6,1,9,1248,2,2,-1,1
2013621302208,1,9,0,7,0,1,0,0,0,0,4,1,6,2,6,1587,1,11,-1,1
2013621302208,2,1,0,15,0,1,0,0,0,0,1,1,6,2,6,-1,-1,-1,-1,1
2013621302209,1,9,0,18,0,4,0,0,0,0,3,1,6,1,4,1149,1,8,-1,1
2013621302209,2,9,0,18,0,8,0,0,0,0,1,1,6,1,4,1896,2,10,-1,2
2013621302210,1,9,0,9,0,6,0,4,0,0,1,1,6,1,7,1868,2,12,-1,3
2013621302210,2,19,0,2,0,1,0,0,0,0,1,1,6,3,-1,1968,2,-1,-1,-1
2013621302211,1,9,0,18,0,0,0,0,0,0,1,1,1,1,8,-1,-1,-1,-1,1
2013621302211,2,9,0,4,0,0,0,0,0,0,2,1,6,2,6,1229,1,1,-1,1
2013621302212,1,3,0,18,0,0,0,0,0,0,1,1,6,1,7,125,1,-1,-1,1
2013621302212,2,9,0,3,0,0,0,0,0,0,2,1,6,2,7,-1,-1,-1,-1,1
2013621302213,1,9,0,9,0,8,0,0,0,0,1,1,3,2,5,1596,1,7,-1,1
2013621302213,2,9,0,18,0,8,0,0,0,0,1,1,3,1,7,1796,1,6,-1,1
2013621302214,1,9,0,7,0,1,0,0,0,0,1,1,6,1,6,1390,1,10,-1,1
2013621302215,1,9,0,18,0,8,0,0,0,0,4,1,6,3,-1,-1,-1,-1,-1,-1
2013621302216,1,9,0,18,0,1,0,0,0,0,1,1,1,1,9,-1,-1,-1,-1,1
2013621302216,2,9,0,3,0,2,0,0,0,0,1,1,6,2,6,1596,1,4,-1,1
2013621302216,3,9,0,3,0,2,0,0,0,0,1,1,6,1,8,1149,1,1,-1,1
2013621302217,1,8,0,18,0,1,0,0,0,0,3,1,1,1,7,1968,2,4,-1,1
2013621302218,1,9,0,16,0,0,0,0,7,10,1,1,6,1,11,1299,1,12,-1,1
2013621302219,1,9,0,9,0,8,0,0,0,0,4,1,6,1,11,1349,1,4,-1,1
2013621302220,1,9,0,17,0,0,0,0,0,0,1,1,6,1,5,1242,1,4,-1,2
2013621302221,1,9,0,18,0,0,1,4,0,0,1,1,6,1,6,1597,1,14,-1,1
2013621302221,2,9,0,2,0,0,0,4,0,0,2,1,6,3,-1,1388,1,13,-1,-1
2013621302221,3,9,0,2,0,0,0,4,0,0,2,1,6,3,-1,1968,2,-1,-1,-1
2013621302221,4,9,0,2,0,0,0,4,0,0,2,1,6,3,-1,1149,1,4,-1,-1
2013621302221,5,9,0,2,0,0,0,4,0,0,2,1,6,3,-1,1968,2,4,-1,-1
2013621302221,6,9,0,2,0,0,0,4,0,0,2,1,6,3,-1,2184,2,6,-1,-1
2013621302222,1,2,0,18,0,4,0,0,0,0,1,1,6,1,6,124,1,11,-1,1
2013621302222,2,9,0,18,0,4,0,0,0,0,4,1,6,1,7,1995,1,13,-1,1
2013621302223,1,9,0,18,0,8,0,0,0,0,3,1,6,3,-1,-1,-1,-1,-1,-1
2013621302224,1,9,0,3,0,1,0,0,0,0,1,1,6,2,4,998,1,14,-1,1
2013621302224,2,9,0,10,0,1,0,0,0,0,2,1,6,2,6,1686,2,8,-1,1
2013621302225,1,19,0,7,0,8,0,0,1,0,1,1,1,1,7,1997,2,8,-1,1
2013621302225,2,1,0,18,0,8,0,0,0,0,1,1,6,1,8,-1,-1,-1,-1,1
2013621302226,1,9,0,14,0,0,0,0,0,0,1,1,6,1,10,1596,1,-1,-1,1
2013621302227,1,9,0,18,0,6,0,0,0,0,1,1,6,2,4,1299,1,12,-1,1
2013621302227,2,9,0,17,0,8,0,0,0,0,1,1,6,2,4,1299,1,10,-1,1
2013621302228,1,9,0,18,0,0,0,0,0,0,1,1,6,2,6,1199,1,14,-1,2
2013621302228,2,9,0,18,0,0,0,0,0,0,2,1,6,1,7,1679,1,13,-1,2
2013621302229,1,9,0,16,0,0,0,4,8,10,1,1,6,1,7,2497,2,9,7,1
2013621302229,2,9,0,2,0,0,0,0,0,0,4,1,6,3,-1,1995,2,8,-1,-1
2013621302230,1,9,0,18,0,0,0,0,0,0,4,1,6,1,5,1796,1,4,-1,2
2013621302230,2,1,0,18,0,0,0,0,0,0,2,1,6,1,4,-1,-1,-1,-1,2
2013621302231,1,9,0,18,0,0,0,0,0,0,1,1,6,1,7,999,1,1,-1,1
2013621302231,2,21,1,2,0,0,0,0,0,0,2,1,1,1,8,12419,2,1,-1,1
2013621302232,1,9,0,18,0,4,0,0,0,0,3,1,6,1,6,1753,2,5,-1,2
2013621302233,1,9,0,1,0,0,0,0,0,0,2,1,6,1,8,1794,1,12,-1,1
2013621302233,2,1,0,5,0,0,0,0,0,0,1,1,6,2,6,-1,-1,-1,-1,1
2013621302234,1,9,0,18,0,8,0,0,0,0,1,1,2,1,7,1596,1,9,-1,1
2013621302234,2,9,0,9,0,8,0,0,0,0,4,1,6,2,6,1124,1,13,-1,1
2013621302235,1,9,0,18,0,0,0,0,0,0,1,1,6,1,11,1560,2,-1,-1,1
2013621302235,2,9,0,18,0,0,0,0,0,0,2,1,6,2,8,1598,1,1,-1,1
2013621302236,1,9,0,9,0,6,0,0,0,0,1,1,6,1,6,1598,1,18,-1,2
2013621302236,2,2,0,18,0,8,0,0,0,0,1,1,6,1,4,49,1,-1,-1,1
2013621302237,1,9,0,18,0,1,0,0,5,6,1,1,6,2,7,1229,1,6,-1,1
2013621302238,1,9,0,18,0,1,0,0,0,0,4,1,6,2,4,1240,1,10,-1,1
2013621302238,2,1,0,18,0,1,0,0,0,0,3,1,6,1,6,-1,-1,-1,-1,1
2013621302239,1,1,0,18,0,6,0,0,0,0,1,1,6,1,1,-1,-1,-1,-1,1
2013621302239,2,9,0,18,0,1,0,0,0,0,1,1,6,1,9,1896,2,12,-1,3
2013621302240,1,9,0,7,0,6,0,0,0,0,1,1,6,2,8,2993,2,4,8,3
2013621302241,1,9,0,18,0,0,0,0,7,0,1,1,6,1,6,1753,2,9,-1,1
2013621302241,2,9,0,18,0,0,0,0,1,10,1,1,6,2,4,998,1,2,-1,1
2013621302241,3,9,0,2,9,0,0,0,0,0,4,1,6,3,-1,1596,1,11,-1,-1
2013621302242,1,9,0,16,0,0,2,0,0,4,1,1,6,1,5,1398,2,11,-1,1
2013621302243,1,9,0,18,0,6,0,0,0,0,2,1,2,2,6,1248,1,4,-1,1
2013621302243,2,21,0,18,0,6,0,0,0,0,1,1,1,1,7,12900,2,1,-1,1
2013621302244,1,9,0,4,0,2,0,0,0,0,1,1,6,2,5,1360,1,8,-1,1
2013621302245,1,9,0,18,0,8,0,0,0,0,3,1,6,1,11,1984,1,10,-1,3
2013621302245,2,9,0,18,0,8,0,0,0,0,1,1,6,2,5,1598,2,1,-1,3
2013621302246,1,9,0,5,0,4,0,0,0,0,1,1,6,1,6,2148,2,4,-1,1
2013621302246,2,9,0,5,0,4,0,0,0,0,2,1,6,2,5,1560,2,2,-1,1
2013621302248,1,3,0,18,0,0,1,12,0,0,1,1,6,1,6,124,1,14,-1,1
2013621302249,1,9,0,18,0,0,0,0,0,0,1,1,6,1,9,1991,2,5,-1,1
2013621302249,2,9,0,4,0,0,0,0,0,0,2,1,6,2,6,1124,1,9,-1,1
2013621302250,1,9,0,5,0,2,0,0,0,0,1,1,1,2,8,996,1,4,-1,1
2013621302250,2,9,0,5,0,2,0,0,0,0,1,1,1,2,6,1596,1,11,-1,1
2013621302250,3,1,0,18,0,2,0,0,0,0,2,1,1,2,7,-1,-1,-1,-1,1
2013621302251,1,9,0,16,0,0,2,7,7,7,1,1,6,1,5,1598,1,5,-1,1
2013621302252,1,9,0,9,0,2,0,0,0,0,1,1,6,1,6,3498,1,6,-1,1
2013621302253,1,3,0,4,0,1,0,0,0,0,1,1,2,1,6,124,1,20,-1,2
2013621302253,2,9,0,4,0,1,0,0,0,0,2,1,2,2,6,1229,1,-1,-1,1
2013621302254,1,9,0,18,0,1,0,0,0,0,4,1,1,1,11,2143,2,1,-1,1
2013621302255,1,8,0,18,0,1,0,0,0,0,1,1,1,1,8,1896,2,3,-1,1