Accident_Index,Vehicle_Reference,Vehicle_Type,Towing_and_Articulation,Vehicle_Manoeuvre,Vehicle_Location-Restricted_Lane,Junction_Location,Skidding_and_Overturning,Hit_Object_in_Carriageway,Vehicle_Leaving_Carriageway,Hit_Object_off_Carriageway,1st_Point_of_Impact,Was_Vehicle_Left_Hand_Drive?,Journey_Purpose_of_Driver,Sex_of_Driver,Age_Band_of_Driver,Engine_Capacity_(CC),Propulsion_Code,Age_of_Vehicle,Driver_IMD_Decile,Driver_Home_Area_Type
2013621302255,2,9,0,18,0,6,0,0,0,0,1,1,6,2,9,1242,1,8,-1,1
2013621302256,1,9,0,18,0,0,0,0,0,0,1,1,6,1,6,1390,1,13,-1,1
2013621302257,1,9,0,18,0,3,0,0,0,0,1,1,6,1,10,1199,1,12,-1,1
2013621302257,2,9,0,18,0,3,0,0,1,0,3,1,6,2,8,1242,1,11,-1,1
2013621302259,1,8,0,18,2,0,0,0,0,0,3,1,1,1,7,1560,2,5,-1,1
2013621302260,1,9,0,5,0,0,0,0,0,0,3,1,6,2,4,1298,1,9,-1,1
2013621302260,2,3,0,18,0,0,0,0,0,0,1,1,6,1,6,124,1,15,-1,1
2013621302261,1,19,0,18,0,1,0,0,0,0,1,1,6,1,6,2198,2,2,-1,1
2013621302261,2,9,0,18,0,1,0,0,0,0,2,1,6,1,9,1998,2,9,-1,1
2013621302261,3,9,0,18,0,1,0,0,0,0,2,1,6,2,5,1242,1,13,-1,1
2013621302262,1,9,0,5,0,4,0,0,0,0,1,1,6,1,7,1995,2,8,7,1
2013621302262,2,8,0,4,0,4,0,0,0,0,2,1,6,2,6,1388,1,7,-1,1
2013621302263,1,9,0,18,0,1,0,0,0,0,1,1,6,1,8,1600,1,11,-1,1
2013621302264,1,9,0,18,0,1,0,0,0,0,3,1,6,3,-1,-1,-1,-1,-1,-1
2013621302264,2,9,0,18,0,1,0,0,0,0,1,1,6,2,7,1995,2,10,-1,2
2013621302265,1,8,0,18,0,0,0,0,0,0,3,1,1,1,6,1896,2,8,-1,1
2013621302266,1,1,0,18,9,0,0,0,1,0,0,1,2,2,7,-1,-1,-1,-1,1
2013621302267,1,9,0,6,0,8,0,0,0,0,3,1,1,1,9,2179,2,6,-1,3
2013621302267,2,9,0,13,0,8,0,0,7,10,1,1,6,2,7,1388,1,12,-1,2
2013621302268,1,9,0,2,0,0,0,0,0,0,2,1,1,2,6,1968,2,1,-1,1
2013621302268,2,11,0,2,0,0,0,0,0,0,1,1,3,1,8,4249,2,5,-1,1
2013621302269,1,9,0,4,0,1,0,0,0,0,1,1,6,1,7,1229,1,3,-1,1
2013621302269,2,9,0,3,0,1,0,0,0,0,1,1,6,2,8,1149,1,9,-1,1
2013621302269,3,9,0,3,0,1,0,0,0,0,1,1,6,1,8,1968,2,2,-1,1
2013621302270,1,9,0,18,0,1,0,0,0,0,1,1,1,1,5,1997,2,14,-1,2
2013621302271,1,9,0,9,0,5,0,0,0,0,1,1,2,1,6,1198,1,3,-1,1
2013621302272,1,9,0,18,0,0,0,0,0,10,4,1,6,1,4,1124,1,12,-1,1
2013621302272,2,9,0,18,0,0,0,0,0,0,3,1,6,1,9,1399,2,1,-1,1
2013621302273,1,11,0,5,0,0,0,0,0,0,4,1,1,1,9,3900,2,9,-1,1
2013621302274,1,8,0,5,0,8,0,0,0,0,3,1,1,1,7,1896,2,7,-1,1
2013621302274,2,1,0,13,0,8,0,0,0,0,4,1,1,2,6,-1,-1,-1,-1,1
2013621302275,1,9,0,11,0,0,0,0,0,0,2,1,6,2,7,1242,1,7,-1,2
2013621302275,2,9,0,18,0,0,0,0,0,0,1,1,6,1,8,1560,2,-1,-1,1
2013621302276,1,8,0,9,0,8,0,0,0,0,3,1,1,1,8,1997,2,1,-1,1
2013621302276,2,8,0,18,0,8,0,0,0,0,4,1,1,1,7,1896,2,6,-1,1
2013621302277,1,9,0,18,0,1,0,7,0,0,1,1,6,1,11,1399,1,5,-1,1
2013621302278,1,11,0,4,0,0,0,0,0,0,0,1,6,1,7,3900,2,10,-1,1
2013621302279,1,9,0,1,0,0,0,0,0,0,2,1,6,2,8,1761,1,15,-1,1
2013621302279,2,9,0,18,0,0,0,0,0,0,1,1,6,1,4,1360,1,9,-1,1
2013621302280,1,9,0,12,0,1,0,0,0,0,2,1,2,1,6,1896,2,9,-1,2
2013621302280,2,9,0,18,0,1,0,0,0,0,1,1,2,2,6,1753,2,12,-1,1
2013621302281,1,10,0,18,0,4,0,9,3,10,1,1,6,1,5,-1,-1,-1,-1,1
2013621302281,2,9,0,2,0,1,0,0,0,0,2,1,6,3,-1,1686,2,-1,-1,-1
2013621302281,3,9,0,2,0,1,0,0,0,0,1,1,6,3,-1,1364,1,-1,-1,-1
2013621302281,4,9,0,2,0,1,0,0,0,0,1,1,6,3,-1,1229,1,-1,-1,-1
2013621302282,1,9,0,5,0,8,0,0,0,0,1,1,6,1,6,1349,1,3,-1,1
2013621302282,2,9,0,18,0,8,0,0,7,10,4,1,6,2,7,1984,1,13,-1,1
2013621302283,1,9,0,18,0,1,0,0,0,0,1,1,6,1,11,1997,2,14,-1,1
2013621302284,1,9,0,7,0,6,0,0,0,0,3,1,1,2,4,1242,1,-1,-1,1
2013621302284,2,1,0,18,0,2,0,0,0,0,1,1,6,1,8,-1,-1,-1,-1,1
2013621302285,1,5,0,18,0,0,0,0,0,0,1,1,6,1,5,998,1,8,-1,1
2013621302285,2,9,0,18,0,0,0,0,0,0,2,1,6,1,7,1796,7,10,-1,2
2013621302285,3,9,0,18,0,0,0,0,0,0,1,1,6,2,7,1968,2,9,-1,1
2013621302286,1,9,0,18,0,8,0,0,0,0,1,1,6,2,6,1388,1,3,-1,1
2013621302286,2,8,0,18,0,8,0,0,0,0,4,1,1,1,7,1896,2,8,-1,1
2013621302287,1,9,0,18,0,1,0,0,0,0,1,1,6,3,-1,-1,-1,-1,-1,-1
2013621302287,2,9,0,4,0,1,0,0,0,0,2,1,6,1,6,1299,1,11,-1,1
2013621302288,1,9,0,3,0,4,0,0,0,0,1,1,6,1,7,1596,1,10,-1,1
2013621302288,2,9,0,3,0,4,0,0,0,0,2,1,6,2,6,1398,1,11,-1,-1
2013621302289,1,9,0,18,0,0,0,0,0,0,1,1,6,1,4,1149,1,12,-1,1
2013621302289,2,9,0,2,0,0,0,0,0,0,2,1,6,1,7,1598,1,4,-1,1
2013621302290,1,9,0,18,0,1,0,7,1,0,1,1,6,2,7,1560,2,6,-1,1
2013621302291,1,9,0,3,0,2,0,0,0,0,1,1,6,1,8,1796,1,6,-1,1
2013621302291,2,9,0,14,0,1,0,0,0,0,3,1,6,1,8,1596,1,9,-1,1
2013621302292,1,9,0,18,0,0,1,11,7,2,1,1,6,2,4,998,1,-1,-1,1
2013621302293,1,3,0,18,5,0,1,0,0,0,1,1,6,1,7,125,1,7,-1,1
2013621302294,1,9,0,18,0,0,0,0,0,0,1,1,6,3,-1,-1,-1,-1,-1,-1
2013621302294,2,9,0,18,0,0,0,0,0,0,4,1,6,1,4,1197,1,-1,-1,2
2013621302295,1,9,0,18,0,0,0,0,0,0,1,1,6,1,11,1498,1,13,-1,1
2013621302295,2,9,0,18,0,0,0,0,0,0,2,1,2,2,7,1242,1,-1,-1,1
2013621302295,3,9,0,18,0,0,0,0,0,0,2,1,2,1,6,-1,-1,-1,-1,1
2013621302296,1,21,1,18,0,0,3,0,0,0,1,1,1,1,8,12600,2,10,-1,3
2013621302296,2,21,1,18,0,0,1,0,0,0,3,1,1,1,8,10837,2,3,9,1
2013621302297,1,9,0,18,0,0,0,0,0,0,2,1,6,3,-1,-1,-1,-1,-1,-1
2013621302297,2,9,0,18,0,0,0,0,0,0,1,1,6,2,6,1299,1,10,-1,2
2013621302297,3,9,0,18,0,0,0,0,0,0,1,1,2,1,9,1598,1,5,-1,1
2013621302298,1,9,0,7,0,6,0,0,0,0,1,1,6,1,7,1398,1,2,-1,1
2013621302298,2,1,0,7,0,6,0,0,0,0,2,1,6,1,6,-1,-1,-1,-1,2
2013621302299,1,9,0,5,0,1,0,0,0,0,1,1,2,1,7,2435,1,8,-1,1
2013621302299,2,9,0,3,0,1,0,0,0,0,2,1,2,2,7,1242,1,11,-1,1
2013621302300,1,9,0,18,0,0,0,0,7,4,1,1,2,2,4,1149,1,8,-1,1
2013621302301,1,9,0,18,0,0,0,0,0,0,4,1,6,2,6,1124,1,15,-1,1
2013621302302,1,9,0,18,0,0,0,0,0,0,3,1,6,3,-1,-1,-1,-1,-1,-1
2013621302302,2,1,0,18,0,0,0,0,0,0,4,1,6,1,7,-1,-1,-1,-1,2
2013621302303,1,9,0,9,0,8,0,0,0,0,1,1,6,1,7,1242,1,1,-1,1
2013621302304,1,9,0,9,0,8,0,0,0,0,1,1,6,1,6,1198,1,8,-1,3
2013621302305,1,9,0,18,0,0,0,0,0,0,1,1,6,1,11,1590,1,8,-1,1
2013621302305,2,9,0,2,0,0,0,0,0,0,2,1,6,2,7,1360,1,6,-1,2
2013621302306,1,9,0,9,0,1,0,0,0,0,1,1,6,1,5,1299,1,11,-1,1
2013621302306,2,9,0,18,0,1,0,0,0,0,1,1,6,2,8,1998,1,9,-1,1
2013621302307,1,9,0,18,0,0,0,0,0,0,1,1,6,2,7,1229,1,3,-1,1
2013621302308,1,9,0,18,0,0,1,0,2,2,1,1,6,1,4,1341,1,10,-1,1
2013621302309,1,9,0,18,0,0,0,12,0,0,1,1,1,1,9,1560,2,3,-1,1
2013621302310,1,9,0,17,0,0,0,0,0,0,3,1,6,1,4,1242,1,3,-1,1
2013621302310,2,9,0,16,0,0,0,0,0,0,3,1,6,2,7,1422,2,11,-1,3
2013621302310,3,9,0,17,0,0,0,0,0,0,3,1,6,2,8,1349,1,1,-1,2
2013621302311,1,9,0,3,0,1,0,0,0,0,1,1,6,3,-1,1560,2,7,-1,-1
2013621302311,2,9,0,3,0,1,0,0,0,0,2,1,1,2,6,1360,1,10,-1,2
2013621302312,1,9,0,18,0,0,1,0,2,7,1,1,6,1,6,5935,1,-1,-1,2
2013621302313,1,9,0,18,0,0,1,0,7,1,1,1,6,2,7,1587,1,7,-1,1
2013621302314,1,9,0,18,0,0,0,0,0,0,1,1,6,1,8,-1,-1,-1,-1,2
2013621302314,2,21,0,2,0,0,0,0,0,0,2,1,6,3,-1,3920,2,8,-1,-1
2013621302315,1,9,0,16,0,1,0,0,0,0,3,1,6,1,4,1124,1,12,-1,2
2013621302315,2,9,0,17,0,2,0,0,0,0,1,1,6,1,5,1360,1,9,-1,1
2013621302315,3,9,0,16,0,2,0,0,0,0,0,1,6,1,4,1360,1,10,-1,2
2013621302316,1,9,0,5,0,4,0,0,1,2,3,1,2,1,9,1595,1,3,-1,1
2013621302316,2,9,0,18,0,8,0,0,0,0,4,1,6,2,8,1596,1,1,-1,1
2013621302317,1,9,0,18,0,0,0,0,0,0,1,1,6,1,10,1596,1,6,-1,1
2013621302317,2,19,0,18,0,0,0,0,0,0,1,1,1,1,8,2500,2,7,-1,1
2013621302318,1,9,0,18,0,0,0,0,2,10,4,1,6,1,6,2861,1,20,-1,2
2013621302319,1,9,0,12,0,2,0,0,0,0,1,1,6,1,5,998,1,10,-1,1
2013621302320,1,8,0,18,0,8,0,0,0,0,1,1,1,1,6,1988,2,8,-1,1
2013621302321,1,9,0,5,0,6,0,0,0,0,3,1,6,1,10,1560,2,7,-1,1
2013621302321,2,1,0,18,0,8,0,0,0,0,1,1,6,1,8,-1,-1,-1,-1,1
2013621302322,1,9,0,9,0,6,0,0,7,0,1,1,6,1,6,1495,1,12,-1,-1
2013621302323,1,9,0,18,0,0,1,0,0,6,1,1,6,1,5,2143,2,-1,-1,3
2013621302324,1,9,0,18,0,0,1,0,0,0,0,1,6,3,-1,-1,-1,-1,-1,-1
2013621302324,2,9,0,18,0,0,1,0,7,4,1,1,6,2,4,1587,1,9,-1,2
2013621302325,1,9,0,17,0,0,5,0,0,0,3,1,6,1,4,973,1,12,-1,1
2013621302326,1,9,0,18,0,2,0,0,0,0,1,1,6,1,11,1870,2,10,-1,1
2013621302328,1,9,0,18,0,1,0,0,0,0,1,1,6,2,7,1560,2,2,-1,1
2013621302328,2,9,0,18,0,1,0,0,0,0,2,1,6,2,11,1598,1,12,-1,3
2013621302329,1,3,0,18,0,0,0,0,0,0,1,1,6,1,5,125,1,1,-1,1
2013621302329,2,9,0,4,0,0,0,0,0,0,2,1,6,1,10,1389,1,15,-1,1
2013621302330,1,9,0,9,0,8,5,0,0,0,3,1,6,2,4,1149,1,8,-1,1
2013621302330,2,9,0,9,0,8,0,0,0,0,1,1,6,2,6,1910,2,6,-1,1
2013621302331,1,9,0,18,0,0,1,0,2,10,1,1,6,2,4,1598,1,9,-1,1
2013621302331,2,9,0,18,0,0,0,0,0,0,1,1,6,1,6,1596,1,5,-1,1
2013621302332,1,9,0,17,0,0,1,0,1,9,4,1,6,1,5,1242,1,12,-1,1
2013621302333,1,9,0,18,0,8,0,4,0,0,1,1,6,1,4,1149,1,3,-1,2
2013621302333,2,9,0,18,0,8,0,0,1,3,1,1,6,2,8,2231,2,7,-1,1
2013621302333,3,9,0,2,0,2,0,0,0,0,2,1,6,3,-1,1799,1,5,-1,-1
2013621302334,1,9,0,4,0,1,1,0,0,0,1,1,6,1,6,1299,1,13,-1,1
2013621302334,2,9,0,4,0,1,0,0,0,0,2,1,6,2,8,1360,1,9,-1,1
2013621302335,1,9,0,7,0,6,0,4,0,0,3,1,6,2,4,998,1,-1,10,1
2013621302335,2,9,0,18,0,8,0,0,0,0,1,1,6,1,5,1598,1,16,-1,1
2013621302335,3,9,0,2,0,1,0,0,0,0,2,1,6,3,-1,1968,2,2,-1,-1
2013621302336,1,9,0,18,0,4,0,0,0,0,1,1,6,2,10,1149,1,4,-1,1
2013621302336,2,9,0,18,0,8,0,0,0,0,4,1,6,2,4,1149,1,2,-1,3
2013621302337,1,9,0,18,0,0,1,0,1,4,3,1,6,2,7,1328,1,4,-1,2
2013621302338,1,9,0,5,0,4,0,0,0,0,1,1,1,2,9,1700,2,14,-1,1
2013621302338,2,9,0,5,0,4,0,0,0,0,2,1,6,2,9,-1,-1,-1,-1,-1
2013621302339,1,9,0,18,0,0,0,0,0,0,1,1,6,2,10,1997,1,1,-1,1
2013621302340,1,9,0,5,0,4,0,0,0,0,1,1,6,1,7,2143,2,2,-1,1
2013621302340,2,9,0,5,0,4,0,0,0,0,2,1,6,2,5,1299,1,10,-1,1
2013621302341,1,9,0,18,0,0,2,12,0,0,4,1,6,1,4,1199,1,9,-1,3
2013621302342,1,9,0,18,0,8,0,0,0,0,3,1,6,2,7,1590,1,13,-1,2
2013621302342,2,9,0,18,0,8,0,0,0,0,1,1,6,2,8,1398,2,4,-1,2
2013621302343,1,9,0,5,0,1,0,0,0,0,1,1,6,3,-1,1997,1,13,-1,-1
2013621302343,2,1,0,9,0,1,0,0,0,0,3,1,1,1,5,-1,-1,-1,-1,1
2013621302344,1,9,0,18,0,8,0,0,0,0,1,1,6,1,6,1753,2,6,-1,1
2013621302344,2,9,0,18,0,8,0,0,0,0,1,1,6,1,8,1590,1,10,-1,1
2013621302345,1,9,0,18,0,0,0,0,0,0,1,1,6,2,8,1149,1,3,-1,1
2013621302346,1,9,0,5,0,6,0,0,0,0,3,1,6,2,5,1896,2,6,-1,1
2013621302346,2,9,0,18,0,3,0,0,0,0,1,1,6,1,7,2656,1,7,-1,3
2013621302347,1,9,0,9,0,8,0,0,0,0,1,1,6,1,7,2993,2,4,-1,1
2013621302348,1,9,0,17,0,8,1,4,0,0,3,1,6,1,5,1988,1,9,-1,1
2013621302348,2,19,0,2,0,1,0,0,0,0,2,1,6,3,-1,2402,2,5,-1,-1
2013621302348,3,9,0,2,0,1,0,0,0,0,1,1,6,3,-1,2495,2,12,-1,-1
2013621302348,4,9,0,2,0,1,0,0,0,0,2,1,6,3,-1,1997,1,10,-1,-1
2013621302348,5,9,0,2,0,1,0,0,0,0,3,1,6,3,-1,-1,-1,-1,-1,-1
2013621302348,6,9,0,2,0,1,0,0,0,0,2,1,6,3,-1,1686,2,6,-1,-1
2013621302349,1,1,0,18,0,0,0,0,0,0,1,1,6,1,3,-1,-1,-1,-1,1
2013621302349,2,9,0,18,0,0,0,0,0,0,4,1,6,1,7,999,1,1,-1,1
2013621302350,1,9,0,17,0,0,2,0,5,6,1,1,6,2,5,998,1,2,-1,1
2013621302351,1,9,0,18,0,1,0,0,0,0,1,1,6,1,8,4511,1,10,-1,2
2013621302351,2,9,0,4,0,1,0,0,0,0,2,1,6,2,7,1386,1,6,-1,1
2013621302351,3,9,0,3,0,1,0,0,0,0,2,1,6,1,5,1910,2,6,-1,1
2013621302352,1,9,0,9,0,6,0,0,0,0,3,1,6,1,8,-1,-1,-1,-1,1
2013621302353,1,9,0,18,0,0,0,0,0,0,3,1,6,1,8,-1,-1,-1,-1,1
2013621302354,1,9,0,18,0,4,0,0,0,0,1,1,6,2,7,1399,2,6,-1,2
2013621302354,2,9,0,3,0,4,0,0,0,0,2,1,6,2,7,2488,2,4,-1,3
2013621302355,1,9,0,13,0,0,0,0,0,0,1,1,6,1,11,1769,1,10,-1,3
2013621302355,2,1,0,18,0,0,0,0,0,0,2,1,2,1,6,-1,-1,-1,-1,1
2013621302356,1,9,0,18,0,0,1,0,1,10,1,1,6,2,8,2497,2,5,-1,3
2013621302359,1,3,0,17,0,1,1,0,0,0,4,1,2,1,6,124,1,3,-1,1
2013621302360,1,9,0,16,0,0,0,0,0,0,1,1,6,1,11,1598,1,14,-1,3
2013621302360,2,9,0,17,0,0,0,0,0,0,1,1,6,2,6,1149,1,7,-1,2
2013621302362,1,9,0,18,0,0,0,0,0,0,1,1,6,3,-1,-1,-1,-1,-1,-1
2013621302363,1,9,0,18,0,8,1,0,0,0,0,1,6,1,8,1598,1,8,-1,1
2013621302364,1,9,0,18,0,0,0,10,2,6,4,1,6,1,6,1199,1,10,-1,1
2013621302366,1,9,0,18,0,0,2,0,1,10,1,1,6,1,6,1390,1,13,-1,2
2013621302367,1,9,0,18,0,0,0,0,0,0,4,1,6,1,9,1560,2,2,-1,1
2013621302368,1,9,0,18,0,1,0,0,0,0,1,1,6,1,11,1998,1,11,-1,1
2013621302370,1,8,0,5,0,0,0,0,0,0,0,1,1,1,8,1910,2,8,-1,1
2013621302371,1,9,0,7,0,2,1,0,0,0,4,1,6,1,4,1796,1,8,-1,1
2013621302371,2,9,0,18,0,1,0,0,0,0,1,1,6,2,6,1149,1,6,-1,1
2013621302372,1,9,0,5,0,0,0,0,0,0,1,1,6,2,7,1910,2,8,-1,1
2013621302372,2,9,0,18,0,0,0,0,0,0,4,1,6,1,10,1598,1,6,-1,1
2013621302373,1,9,0,18,0,8,0,0,0,0,3,1,6,1,7,1349,1,11,-1,1
2013621302373,2,9,0,9,0,8,0,0,0,0,1,1,6,1,4,1229,1,5,-1,1
2013621302374,1,9,0,18,0,1,0,0,0,0,1,1,1,1,6,1896,2,9,-1,1
2013621302375,1,9,0,18,0,4,0,9,3,1,1,1,6,1,7,1389,1,14,-1,1
2013621302376,1,9,0,18,0,0,2,0,1,9,1,1,6,1,7,1560,2,7,-1,3
2013621302377,1,9,0,18,0,0,5,6,8,10,3,1,6,2,8,2495,2,9,-1,1
2013621302378,1,9,0,4,0,0,0,0,0,0,1,1,6,1,4,1229,1,8,-1,1
2013621302378,2,9,0,3,0,0,0,0,0,0,2,1,6,2,7,1598,1,8,-1,1
2013621302379,1,9,0,10,0,1,0,0,0,0,1,1,6,2,4,1299,1,13,-1,1
2013621302379,2,9,0,18,0,1,0,0,0,0,1,1,6,1,9,-1,-1,-1,-1,1
2013621302380,1,9,0,9,0,8,0,7,0,0,1,1,6,2,10,1598,1,1,-1,1
2013621302381,1,9,0,18,0,0,0,0,0,0,4,1,6,2,7,1598,1,6,-1,1
2013621302382,1,9,0,4,0,1,1,0,0,0,1,1,1,2,8,2179,2,1,-1,1
2013621302382,2,9,0,4,0,1,1,0,0,0,2,1,1,2,6,1560,2,4,-1,1
2013621302382,3,9,0,4,0,1,0,0,0,0,2,1,1,1,7,1242,1,13,-1,1
2013621302382,4,9,0,4,0,1,0,0,0,0,2,1,1,2,6,1794,1,10,-1,2
2013621302383,1,9,0,9,0,6,0,0,0,0,3,1,6,2,9,1796,1,10,-1,1
2013621302383,2,5,0,18,0,1,0,0,0,0,1,1,6,1,6,600,1,13,-1,2
2013621302384,1,9,0,9,0,8,0,0,0,0,1,1,6,2,8,1390,1,12,-1,1
2013621302384,2,9,0,18,0,8,0,0,0,0,1,1,6,1,6,1390,1,1,-1,-1
2013621302385,1,9,0,9,0,6,0,0,0,0,1,1,6,2,5,1242,1,-1,-1,1
2013621302385,2,9,0,18,0,1,0,0,0,0,4,1,6,3,-1,1598,1,13,-1,-1
2013621302386,1,9,0,7,0,4,0,0,0,0,3,1,1,1,8,2544,1,13,-1,1
2013621302386,2,1,0,9,0,8,0,0,0,0,1,1,6,2,8,-1,-1,-1,-1,1
2013621302387,1,9,0,18,0,8,1,0,7,1,1,1,6,2,4,1149,1,12,-1,1
2013621302387,2,9,0,18,0,8,0,0,0,0,3,1,6,2,9,1198,1,7,-1,1
2013621302388,1,9,0,18,0,8,0,0,0,0,1,1,6,1,6,1390,1,10,-1,1
2013621302388,2,9,0,2,0,2,0,0,0,0,2,1,6,3,-1,1900,2,11,-1,-1
2013621302388,3,9,0,2,0,1,0,0,0,0,2,1,6,3,-1,1242,1,17,-1,-1
2013621302388,4,9,0,2,0,1,0,0,0,0,2,1,6,3,-1,1124,1,8,-1,-1
2013621302389,1,9,0,18,0,0,1,0,1,7,1,1,6,2,6,1798,1,6,-1,3
2013621302389,2,9,0,18,0,0,1,0,0,7,1,1,6,1,10,-1,-1,-1,9,1
2013621302390,1,9,0,5,0,1,0,0,0,0,1,1,6,1,6,-1,-1,-1,-1,1
2013621302390,2,9,0,3,0,1,0,0,0,0,2,1,6,2,4,998,1,2,-1,1
2013621302391,1,9,0,18,0,8,0,0,0,0,1,1,6,1,4,973,1,14,-1,1
2013621302391,2,9,0,3,0,8,0,0,0,0,2,1,6,1,8,1910,2,5,-1,1
2013621302392,1,9,0,5,0,1,0,0,0,0,1,1,6,2,8,1242,1,-1,-1,1
2013621302392,2,9,0,4,0,1,0,0,0,0,2,1,6,1,8,2198,2,7,-1,1
2013621302393,1,9,0,18,0,0,0,0,0,0,1,1,6,1,7,1598,1,9,-1,1
2013621302393,2,9,0,18,0,0,0,0,0,0,2,1,6,1,5,1388,1,6,10,1
2013621302393,3,9,0,4,0,0,0,0,0,0,2,1,6,2,8,2231,2,5,-1,3
2013621302394,1,9,0,9,0,5,0,0,0,0,4,1,6,2,7,1360,1,13,-1,1
2013621302394,2,2,0,18,0,8,0,0,0,0,1,1,6,1,4,49,1,9,-1,1
2013621302395,1,1,0,18,0,0,0,0,0,0,1,1,6,1,4,-1,-1,-1,-1,1
2013621302395,2,9,0,2,0,0,0,0,0,0,2,1,6,2,6,1968,2,9,-1,1
2013621302396,1,9,0,18,0,0,0,0,0,0,1,1,1,1,5,998,1,9,-1,2
2013621302396,2,9,0,18,0,0,0,0,0,0,2,1,6,2,10,1968,2,7,-1,1
2013621302397,1,9,0,18,0,0,1,0,0,0,2,1,6,2,5,1299,1,6,-1,1
2013621302397,2,9,0,18,0,0,1,0,0,0,1,1,6,2,6,1360,1,11,-1,1
2013621302397,3,9,0,18,0,0,1,0,0,0,1,1,2,1,4,998,1,1,-1,1
2013621302397,4,9,0,18,0,0,1,0,0,0,1,1,6,1,6,1753,2,13,-1,2
2013621302398,1,9,0,9,0,1,0,0,0,0,1,1,6,1,10,1461,2,8,-1,3
2013621302398,2,11,0,18,0,1,0,0,0,0,1,1,1,1,9,11000,2,14,-1,1
2013621302398,3,9,0,18,0,1,0,0,0,0,1,1,1,2,6,998,1,14,-1,1
2013621302399,1,9,0,9,0,8,0,0,0,0,1,1,2,1,11,1596,1,12,-1,3
2013621302399,2,9,0,18,0,8,0,0,0,0,1,1,6,1,11,998,1,11,-1,3
2013621302401,1,9,0,18,0,1,1,0,0,0,1,1,6,1,4,1299,1,16,-1,2
2013621302401,2,9,0,4,0,1,0,0,0,0,2,1,1,2,6,1197,1,2,-1,2
2013621302402,1,8,0,18,0,8,0,0,0,0,0,1,1,1,7,1995,2,4,-1,1
2013621302403,1,9,0,18,0,0,2,12,7,9,1,1,2,2,4,998,1,7,-1,1
2013621302405,1,10,0,9,0,4,0,0,0,0,1,1,6,1,10,-1,-1,-1,-1,1
2013621302405,2,9,0,18,0,8,0,0,0,0,3,1,6,1,6,1399,1,8,-1,1
2013621302406,1,9,0,18,0,0,0,4,0,0,4,1,6,2,11,995,1,8,-1,1
2013621302406,2,9,0,2,0,0,0,0,0,0,3,1,6,1,9,1995,2,8,-1,1
2013621302407,1,9,0,4,0,1,0,0,0,0,1,1,6,2,10,1108,1,10,-1,3
2013621302407,2,9,0,3,0,1,0,0,0,0,2,1,6,2,7,1598,2,2,-1,2
2013621302408,1,1,0,18,0,8,0,0,0,0,1,1,6,1,5,-1,-1,-1,-1,1
2013621302408,2,9,0,18,0,8,0,0,0,0,2,1,6,1,6,1587,1,6,-1,1
2013621302409,1,9,0,5,0,0,0,0,0,0,4,1,6,2,5,1390,1,1,-1,1
2013621302409,2,9,0,18,0,0,1,0,0,0,1,1,6,2,5,1248,2,5,-1,2
2013621302410,1,5,0,18,0,0,1,0,0,0,0,1,6,2,6,600,1,8,-1,2
2013621302411,1,9,0,5,9,0,0,0,7,10,1,1,6,2,11,1587,1,9,-1,1
2013621302412,1,9,0,9,0,8,0,0,0,0,3,1,1,1,9,1896,2,3,-1,1
2013621302412,2,9,0,18,0,8,0,0,0,0,1,1,6,1,4,998,1,11,-1,1
2013621302412,3,9,0,18,0,8,0,0,0,0,1,1,2,2,5,1910,2,3,-1,1
2013621302413,1,9,0,4,0,0,0,0,0,0,4,1,6,1,8,2191,2,-1,-1,1
2013621302414,1,9,0,15,0,1,0,0,0,0,3,1,6,1,5,2000,2,9,-1,1
2013621302414,2,9,0,11,0,1,0,0,0,0,4,1,6,1,9,1991,2,6,-1,1
2013621302414,3,8,0,18,0,1,0,0,0,0,4,1,1,1,8,2401,2,5,-1,1
2013621302415,1,9,0,18,0,0,0,4,0,0,3,1,6,1,4,1299,1,12,-1,2
2013621302415,2,9,0,18,0,0,0,4,0,0,1,1,6,1,6,1686,2,10,-1,1
2013621302415,3,9,0,2,0,0,0,0,0,0,4,1,6,3,-1,1968,2,-1,-1,-1
2013621302415,4,9,0,2,0,0,0,0,0,0,4,1,6,3,-1,1951,2,12,-1,-1
2013621302415,5,9,0,2,0,0,0,0,0,0,4,1,6,3,-1,1242,1,1,-1,-1
2013621302416,1,9,0,9,0,6,0,0,0,0,3,1,6,2,11,1598,1,1,-1,1
2013621302416,2,9,0,18,0,8,0,0,0,0,3,1,6,1,7,1388,1,5,-1,1
2013621302417,1,9,0,5,0,0,0,0,0,0,1,1,6,1,6,1598,1,11,-1,1
2013621302417,2,9,0,4,0,0,0,0,0,0,2,1,3,1,8,2792,1,12,-1,1
2013621302418,1,9,0,9,0,6,0,0,0,0,1,1,6,2,6,1968,2,3,-1,2
2013621302418,2,9,0,18,0,8,0,0,0,0,1,1,6,1,4,1124,1,15,-1,1
2013621302419,1,9,0,18,0,0,0,0,0,0,1,1,6,2,4,1199,1,10,-1,1
2013621302419,2,9,0,18,0,0,0,0,0,0,2,1,6,2,5,998,1,4,-1,2