Accident_Index,Vehicle_Reference,Vehicle_Type,Towing_and_Articulation,Vehicle_Manoeuvre,Vehicle_Location-Restricted_Lane,Junction_Location,Skidding_and_Overturning,Hit_Object_in_Carriageway,Vehicle_Leaving_Carriageway,Hit_Object_off_Carriageway,1st_Point_of_Impact,Was_Vehicle_Left_Hand_Drive?,Journey_Purpose_of_Driver,Sex_of_Driver,Age_Band_of_Driver,Engine_Capacity_(CC),Propulsion_Code,Age_of_Vehicle,Driver_IMD_Decile,Driver_Home_Area_Type
201363AC40413,2,9,0,5,0,1,0,0,0,0,2,1,6,1,5,1461,2,6,-1,1
201363AC40513,1,9,0,18,0,1,1,0,0,0,1,1,1,2,7,1596,1,7,-1,-1
201363AC40513,2,9,0,3,0,1,0,0,0,0,0,1,6,2,4,1198,1,5,-1,3
201363AC40613,1,9,0,18,0,0,5,10,2,10,4,1,6,2,7,1390,1,10,-1,1
201363AC40613,2,9,0,2,9,0,0,0,0,0,2,1,6,3,-1,1124,1,14,-1,-1
201363AC40613,3,9,0,2,9,0,0,0,0,0,2,1,6,3,-1,2184,2,6,-1,-1
201363AC40713,1,9,0,17,0,0,1,0,8,10,1,1,6,1,4,1360,1,12,-1,1
201363AC40713,2,9,0,5,0,0,0,0,0,0,1,1,6,1,9,1997,2,6,-1,1
201363AC40813,1,19,0,5,0,6,0,0,0,0,4,1,6,1,8,2198,2,6,-1,1
201363AC40813,2,9,0,18,0,8,0,0,0,0,3,1,6,2,9,1400,1,7,-1,1
201363AC40913,1,9,0,7,0,1,0,0,0,0,4,1,6,2,6,1796,1,12,-1,1
201363AC41013,1,9,0,18,0,8,0,0,0,0,4,1,6,1,5,2171,1,13,-1,3
201363AC41113,1,9,0,3,0,1,0,0,0,0,2,1,6,2,8,1364,1,5,-1,3
201363AC41113,2,9,0,5,0,1,0,0,0,0,1,1,6,1,5,-1,-1,-1,-1,1
201363AC41213,1,9,0,18,0,0,2,0,2,4,1,1,1,1,6,1686,2,7,-1,3
201363AC41313,1,9,0,1,0,1,0,0,0,0,2,1,6,1,5,1896,2,9,-1,1
201363AC41413,1,9,0,18,0,1,0,0,0,0,1,1,6,1,5,2471,2,21,-1,1
201363AC41413,2,9,0,10,0,1,0,0,0,0,2,1,6,1,5,1896,2,7,-1,1
201363AC41513,1,9,0,18,0,0,0,0,0,0,1,1,6,1,4,-1,-1,-1,-1,3
201363AC41513,2,9,0,18,0,0,0,0,0,0,0,1,6,3,-1,-1,-1,-1,-1,-1
201363AC41613,1,9,0,9,0,8,0,0,0,0,1,1,1,1,5,1900,2,7,-1,1
201363AC41613,2,9,0,18,0,1,0,0,0,0,1,1,6,2,9,1497,1,8,-1,1
201363AC41713,1,9,0,2,0,0,0,0,0,0,1,1,6,3,-1,-1,-1,-1,-1,-1
201363AC41813,1,9,0,18,0,1,0,0,0,0,1,1,1,1,9,1896,2,17,-1,3
201363AC41813,2,9,0,4,0,1,0,0,0,0,2,1,3,2,5,1199,1,14,-1,1
201363AC41913,1,19,0,16,0,1,1,0,0,10,4,1,1,2,8,2198,2,-1,-1,1
201363AC42013,1,9,0,18,0,1,1,0,0,0,1,1,6,2,8,1598,1,13,-1,3
201363AC42013,2,19,0,1,0,5,0,0,1,0,3,1,6,1,6,1598,2,-1,-1,3
201363AC42113,1,9,0,18,0,8,0,0,0,0,3,1,6,1,10,1988,2,8,9,1
201363AC42113,2,9,0,18,0,8,0,0,0,0,4,1,6,1,8,-1,-1,-1,-1,3
201363AC42213,1,5,0,17,0,0,0,0,0,0,1,1,6,1,7,998,1,9,-1,1
201363AC42313,1,9,0,18,0,1,1,0,0,0,1,1,6,2,9,1995,2,11,-1,3
201363AC42313,2,9,0,3,0,1,0,0,0,0,2,1,6,1,8,1796,1,13,2,1
201363AC42313,3,9,0,10,0,1,0,0,0,0,2,1,1,1,6,2494,2,2,-1,1
201363AC42313,4,9,0,18,0,1,0,0,0,0,0,1,6,3,-1,-1,-1,-1,-1,-1
201363AC42413,1,9,0,18,0,0,5,0,1,10,1,1,2,2,8,1598,1,3,-1,-1
201363AC42513,1,9,0,18,0,0,1,0,0,0,4,1,1,2,7,1461,2,3,-1,2
201363AC42613,1,9,0,16,0,0,1,0,7,4,1,1,6,1,6,1360,1,6,-1,3
201363AC42713,1,9,0,17,0,0,1,0,0,10,2,1,6,1,4,-1,-1,-1,8,1
201363AC42813,1,9,0,18,0,8,0,0,0,0,1,1,6,1,6,1560,2,2,-1,2
201363AC42913,1,9,0,16,0,0,0,0,0,0,1,1,6,2,4,1242,1,13,-1,3
201363AC42913,2,11,0,17,0,0,0,0,0,0,1,1,1,1,9,9500,2,15,-1,3
201363AC43013,1,19,0,16,0,0,1,0,0,10,4,1,1,1,8,1997,2,10,-1,2
201363AC43113,1,9,0,18,0,0,2,0,7,10,3,1,6,2,6,1596,1,11,-1,3
201363AC43213,1,9,0,17,0,0,0,0,0,0,2,1,6,1,5,1997,2,14,-1,3
201363AC43213,2,3,0,16,0,0,0,0,0,0,1,1,6,2,9,124,1,2,-1,3
201363AC43313,1,9,0,17,0,0,0,0,1,3,1,1,6,1,5,1796,1,14,-1,3
201363AC43413,1,9,0,17,0,0,2,0,2,4,1,1,6,2,6,1396,1,4,-1,3
201363AC43513,1,9,0,16,0,0,0,0,0,0,1,1,6,1,9,2400,2,1,-1,2
201363AC43613,1,9,0,18,0,0,1,0,1,4,4,1,6,1,5,1598,1,3,-1,3
201363AC43713,1,9,0,1,0,0,0,0,0,0,2,1,6,1,7,-1,-1,-1,-1,1
201363AC43713,2,9,0,3,0,0,0,0,0,0,1,1,6,1,9,1328,1,11,-1,2
201363AC43813,1,9,0,18,0,0,0,0,0,0,1,1,1,1,7,1398,2,4,-1,1
201363AC43813,2,9,0,4,0,0,0,0,0,0,2,1,6,1,10,1389,1,16,-1,1
201363AC43813,3,9,0,4,0,0,0,0,0,0,0,1,6,3,-1,-1,-1,-1,-1,-1
201363AC43913,1,9,0,9,0,6,0,0,1,0,2,1,6,1,11,1388,1,4,-1,2
201363AC43913,2,19,0,18,0,1,1,0,4,0,1,1,1,1,8,1870,2,9,8,3
201363AC44013,1,9,0,18,0,0,5,2,2,1,4,1,6,2,5,998,1,-1,-1,2
201363AC44113,1,9,0,18,0,0,2,0,0,0,1,1,1,2,7,1598,1,8,-1,3
201363AC44213,1,9,0,18,0,1,0,0,0,0,4,1,1,2,8,1248,2,2,-1,1
201363AC44213,2,9,0,18,0,1,0,0,0,0,0,1,6,3,-1,-1,-1,-1,-1,-1
201363AC44313,1,5,0,16,0,0,1,0,1,0,1,1,6,1,7,748,1,23,-1,1
201363AC44513,1,9,0,18,0,0,0,0,0,0,0,1,6,1,5,2874,2,15,-1,2
201363AC44613,1,9,0,17,0,1,1,0,0,0,1,1,6,1,10,6750,1,23,9,3
201363AC44613,2,9,0,2,0,1,0,0,0,0,1,1,6,3,-1,1998,1,13,-1,-1
201363AC44713,1,9,0,18,0,0,1,0,0,0,1,1,6,2,7,996,1,-1,-1,3
201363AC44713,2,9,0,18,0,0,0,0,0,0,2,1,6,1,6,1390,1,4,-1,2
201363AC44813,1,9,0,18,0,0,1,0,4,7,4,1,6,1,9,-1,-1,-1,-1,1
201363AC44813,2,20,0,18,0,0,0,0,0,0,1,1,6,1,6,-1,-1,-1,-1,1
201363AC44813,3,9,0,18,0,0,0,0,0,0,2,1,6,2,10,4477,2,17,-1,2
201363AC44813,4,9,0,4,0,0,0,0,0,0,0,1,6,3,-1,-1,-1,-1,-1,-1
201363AC44913,1,9,0,16,0,0,0,0,1,4,1,1,6,1,11,1597,1,13,3,1
201363AC45013,1,9,0,18,0,0,0,0,0,0,0,1,6,3,-1,-1,-1,-1,-1,-1
201363AC45013,2,1,0,18,7,0,0,0,0,0,0,1,2,1,7,-1,-1,-1,-1,1
201363AC45113,1,21,4,18,0,0,0,0,0,0,3,1,1,1,8,12130,2,10,5,1
201363AC45113,2,9,0,18,0,0,1,0,1,0,3,1,2,1,6,1596,1,15,-1,3
201363AC45313,1,9,0,16,0,0,1,0,0,0,1,1,6,1,4,1108,1,10,-1,1
201363AC45313,2,9,0,17,0,0,0,0,0,0,1,1,6,2,7,1560,2,6,-1,3
201363AC45413,1,8,0,1,0,0,0,0,0,0,2,1,6,1,11,1796,1,18,-1,1
201363AC45513,1,19,0,18,0,2,0,0,0,0,1,1,1,1,6,1753,2,10,-1,1
201363AC45513,2,9,0,8,0,5,0,0,0,0,2,1,3,2,6,-1,-1,-1,-1,1
201363AC45513,3,9,0,18,0,1,0,0,0,0,0,1,6,3,-1,-1,-1,-1,-1,-1
201363AC45613,1,19,0,16,0,0,5,0,7,0,0,1,1,1,7,1968,2,2,6,1
201363AC45713,1,9,0,18,0,1,0,0,0,0,1,1,2,1,6,1242,1,7,-1,1
201363AC45713,2,9,0,2,0,1,0,0,0,0,3,1,6,3,-1,1997,2,13,-1,-1
201363AC45713,3,9,0,2,0,1,0,0,0,0,2,1,6,3,-1,1461,2,2,-1,-1
201363AC45813,1,19,0,18,0,0,1,0,0,0,1,1,6,1,8,1968,2,1,-1,2
201363AC45813,2,9,0,4,0,0,0,0,0,0,2,1,6,2,5,1598,1,6,-1,1
201363AC45913,1,9,0,9,0,1,0,0,0,0,0,1,6,3,-1,-1,-1,-1,-1,-1
201363AC45913,2,2,0,7,0,1,0,0,0,0,0,1,6,1,4,49,1,6,-1,1
201363AC46013,1,9,0,18,0,0,0,0,0,0,3,1,1,2,5,998,1,14,-1,3
201363AC46113,1,9,0,18,0,0,0,4,0,10,1,1,6,1,11,1968,2,4,-1,3
201363AC46113,2,9,0,2,0,0,0,0,0,0,4,1,6,1,8,1422,2,6,-1,3
201363AC46113,3,9,0,2,0,0,0,4,0,0,1,1,6,3,-1,1199,1,10,-1,-1
201363AC46113,4,9,0,2,0,0,0,0,0,0,2,1,6,3,-1,2902,2,13,-1,-1
201363AC46213,1,3,0,17,0,0,1,10,0,0,4,1,6,1,6,-1,-1,-1,-1,1
201363AC46313,1,9,0,18,0,0,0,0,0,0,3,1,2,1,6,1896,2,8,-1,1
201363AC46313,2,9,0,18,0,0,0,0,0,0,3,1,6,1,8,1149,1,1,-1,2
201363AC46413,1,2,0,18,0,0,0,0,0,0,2,1,6,1,4,50,1,6,-1,3
201363AC46413,2,19,0,18,0,0,0,0,0,0,1,1,6,1,8,-1,-1,-1,-1,3
201363AC46513,1,9,0,17,0,0,2,0,1,10,1,1,2,1,5,1896,2,12,-1,3
201363AC46613,1,9,0,7,0,5,0,0,0,0,4,1,6,1,4,998,1,17,-1,1
201363AC46613,2,9,0,18,0,8,0,0,0,0,1,1,6,1,4,973,1,11,-1,1
201363AC46713,1,9,0,18,0,1,0,0,7,10,1,1,6,1,11,1299,1,13,-1,1
201363BC00113,1,9,0,9,0,5,0,0,0,0,4,1,6,1,5,1229,1,5,-1,3
201363BC00113,2,9,0,18,0,8,0,0,0,0,1,1,6,1,7,1596,1,17,-1,3
201363BC00213,1,9,0,17,0,0,2,0,0,10,1,1,6,1,4,1242,1,6,-1,3
201363BC00313,1,9,0,16,0,0,1,0,1,0,0,1,1,1,6,1242,1,7,-1,3
201363BC00413,1,9,0,13,0,1,0,0,0,0,1,1,1,1,5,1199,1,9,-1,3
201363BC00413,2,9,0,9,0,5,0,0,0,0,3,1,1,1,8,1948,1,15,-1,2
201363BC00513,1,9,0,18,0,0,5,0,0,0,3,1,6,1,5,1389,1,15,-1,-1
201363BC00613,1,9,0,18,0,1,0,0,0,0,3,1,6,1,7,-1,-1,-1,-1,3
201363BC00613,2,11,0,18,0,2,0,0,0,0,3,1,1,1,6,5900,2,15,-1,1
201363BC00613,3,9,0,18,0,8,0,0,0,0,3,1,6,2,4,1587,1,13,-1,3
201363BC00613,4,9,0,10,0,5,0,0,0,0,0,1,6,3,-1,-1,-1,-1,-1,-1
201363BC00713,1,9,0,18,0,1,0,0,0,0,1,1,6,2,5,1598,1,9,-1,3
201363BC00713,2,21,1,18,0,1,0,0,0,0,2,1,1,1,6,11000,2,13,-1,3
201363BC00713,3,9,0,9,0,5,0,0,0,0,0,1,6,3,-1,-1,-1,-1,-1,-1
201363BC00813,1,9,0,9,0,0,0,0,0,0,1,1,6,1,5,1900,2,13,-1,3
201363BC00813,2,9,0,2,0,0,0,0,0,0,2,1,6,3,-1,1984,1,12,-1,-1
201363BC00913,1,19,0,16,0,0,1,0,8,10,1,1,1,1,7,-1,-1,-1,-1,1
201363BC01113,1,9,0,17,0,0,2,0,0,0,1,1,6,1,7,1587,1,6,-1,1
201363BC01113,2,9,0,18,0,0,0,0,0,0,0,1,6,3,-1,-1,-1,-1,-1,-1
201363BC01213,1,9,0,3,0,0,0,0,0,0,4,1,1,1,7,-1,-1,-1,-1,3
201363BC01213,2,1,0,3,0,0,0,0,1,0,1,1,6,1,9,-1,-1,-1,-1,3
201363BC01313,1,8,0,9,0,1,0,0,0,0,3,1,1,1,6,1686,2,8,-1,3
201363BC01313,2,2,0,10,0,1,0,0,0,0,1,1,6,1,6,49,1,12,-1,1
201363BC01413,1,19,0,18,0,1,0,0,0,0,1,1,1,1,6,1968,2,3,-1,2
201363BC01413,2,9,0,4,0,1,0,0,0,0,2,1,6,2,7,1299,1,8,-1,3
201363BC01513,1,9,0,17,0,0,0,0,0,0,1,1,6,2,6,1797,1,22,10,1
201363BC01513,2,19,0,16,0,0,0,0,0,0,1,1,1,1,7,1995,2,5,-1,3
201363BC01613,1,90,0,16,0,0,0,12,0,0,1,1,6,1,4,234,1,5,-1,3
201363BC01713,1,9,0,18,0,0,1,0,1,10,1,1,6,1,8,1461,2,3,-1,3
201363BC01713,2,9,0,3,0,0,0,0,0,0,2,1,6,1,8,2830,2,18,-1,3
201363BC01813,1,9,0,18,0,0,2,0,1,10,4,1,6,1,5,1587,1,10,-1,3
201363BC01913,1,9,0,16,0,1,1,0,8,7,1,1,2,1,6,1398,1,3,-1,1
201363BC02013,1,9,0,5,0,0,0,0,0,0,4,1,1,1,8,1968,2,3,-1,1
201363BC02113,1,9,0,9,0,5,0,0,0,0,1,1,6,1,7,1984,1,11,-1,3
201363BC02113,2,9,0,18,0,1,0,0,0,0,3,1,6,2,8,1994,2,13,-1,3
201363BC02213,1,9,0,15,0,0,1,0,1,4,1,1,6,1,4,1598,2,2,-1,3
201363BC02313,1,9,0,5,0,6,0,0,0,0,1,1,6,1,5,1560,2,1,-1,1
201363BC02313,2,9,0,18,0,8,0,0,0,0,3,1,6,2,7,1998,1,6,-1,1
201363BC02413,1,9,0,17,0,0,0,0,0,0,1,1,6,2,7,1753,2,10,-1,3
201363BC02413,2,9,0,16,0,0,0,0,0,0,1,1,6,2,6,1997,2,9,-1,3
201363BC02513,1,9,0,7,0,1,0,0,0,0,1,1,6,1,9,1229,1,6,-1,1
201363BC02613,1,9,0,18,0,0,1,0,0,0,1,1,6,2,8,1299,1,10,-1,3
201363BC02613,2,9,0,18,0,0,0,0,0,0,2,1,6,1,11,1995,2,12,-1,3
201363BC02713,1,9,0,2,0,0,0,0,0,0,2,1,6,2,7,1998,1,16,-1,3
201363BC02713,2,9,0,4,0,0,1,0,0,0,1,1,6,2,10,1598,1,10,-1,3
201363BC02813,1,19,0,5,0,6,0,0,0,0,1,1,1,1,6,2464,2,5,-1,3
201363BC02813,2,9,0,18,0,1,1,0,0,0,1,1,6,1,4,1198,1,8,-1,2
201363BC03013,1,9,0,2,0,0,0,0,0,0,2,1,1,3,-1,1998,2,10,-1,-1
201363BC03013,2,9,0,18,0,0,0,4,0,0,1,1,6,1,5,1905,2,17,-1,3
201363BC03113,1,8,0,5,0,0,0,0,0,0,0,1,1,1,9,1896,2,9,-1,3
201363BC03113,2,9,0,18,0,0,0,0,0,0,0,1,6,2,6,1560,2,6,-1,3
201363BC03213,1,21,1,18,0,0,0,0,0,0,1,1,1,1,5,12130,2,12,-1,2
201363BC03213,2,9,0,18,0,0,0,0,0,0,1,1,6,1,9,1560,2,2,5,1
201363BC03313,1,9,0,1,0,1,0,0,0,0,2,1,6,1,9,1798,2,3,-1,1
201363BC03413,1,9,0,18,0,0,0,0,0,0,1,1,6,2,6,2171,2,14,-1,3
201363BC03413,2,9,0,18,0,0,0,0,0,0,1,1,6,1,11,1560,2,2,-1,3
201363BC03513,1,9,0,9,0,6,0,0,0,0,1,1,6,1,4,-1,-1,-1,-1,1
201363BC03513,2,9,0,18,0,8,0,0,7,0,3,1,1,1,9,1968,2,4,9,3
201363BC03513,3,9,0,18,0,1,0,0,0,0,1,1,6,2,7,1124,1,11,-1,3
201363BC03613,1,9,0,18,0,0,2,0,0,0,4,1,6,2,7,2500,2,18,-1,-1
201363BC03713,1,9,0,17,0,0,5,0,0,4,1,1,6,1,5,998,1,5,-1,1
201363BC03813,1,9,0,16,0,1,1,0,0,0,1,1,2,2,5,-1,-1,-1,-1,3
201363BC03913,1,9,0,18,0,8,0,0,0,0,1,1,6,2,9,1328,1,5,-1,3
201363BC04013,1,9,0,16,0,0,2,0,1,9,1,1,2,1,6,1598,1,6,10,1
201363BC04113,1,9,0,18,0,1,2,0,0,0,4,1,6,2,4,1149,1,13,-1,3
201363BC04213,1,9,0,18,0,0,5,0,2,10,1,1,6,2,6,1997,2,8,-1,3
201363BC04313,1,9,0,5,0,6,0,0,7,0,3,1,6,2,7,1951,2,10,-1,1
201363BC04313,2,90,0,18,0,1,0,0,0,0,1,1,1,1,7,7146,2,5,-1,-1
201363BC04413,1,19,0,16,0,0,5,0,0,0,1,1,6,1,8,2800,2,10,-1,3
201363BC04513,1,9,0,9,0,6,0,0,0,0,1,1,6,1,7,1910,2,6,-1,3
201363BC04513,2,1,0,18,0,8,0,0,0,0,4,1,6,1,7,-1,-1,-1,-1,3
201363BC04613,1,9,0,16,0,0,1,0,0,0,1,1,6,1,6,-1,-1,-1,-1,3
201363BC04613,2,9,0,17,0,0,0,0,0,0,1,1,6,2,5,1910,2,8,-1,3
201363BC04713,1,9,0,18,0,0,2,0,0,0,1,1,6,2,6,-1,-1,-1,-1,3
201363BC04713,2,9,0,18,0,0,0,0,0,0,3,1,6,2,6,1398,1,3,-1,3
201363BC04813,1,9,0,16,0,0,0,0,0,0,1,1,6,1,7,4398,1,12,-1,2
201363BC04813,2,9,0,17,0,0,5,0,7,9,1,1,1,1,6,-1,-1,-1,-1,1
201363BC04913,1,3,0,18,0,0,0,0,0,0,1,1,6,1,4,124,2,5,-1,3
201363BC04913,2,9,0,4,0,0,0,0,0,0,2,1,2,1,10,-1,-1,-1,-1,3
201363BC05013,1,9,0,13,0,0,1,0,1,3,4,1,6,1,5,1493,1,19,-1,3
201363BC05013,2,9,0,18,0,0,0,0,0,0,0,1,6,1,5,1598,1,16,-1,1
201363BC05113,1,9,0,10,0,5,0,0,0,0,1,1,1,1,7,1796,1,12,-1,1
201363BC05113,2,1,0,18,0,8,0,0,0,0,2,1,6,1,6,-1,-1,-1,-1,3
201363BC05213,1,9,0,1,0,0,0,0,0,0,3,1,6,1,8,1896,2,15,-1,2
201363BC05313,1,9,0,13,0,0,2,0,0,0,4,1,6,1,6,1587,1,18,-1,2
201363BC05313,2,9,0,18,0,0,1,0,0,0,3,1,1,1,8,1560,2,1,-1,3
201363BC05313,3,9,0,18,0,0,0,0,0,0,0,1,6,3,-1,-1,-1,-1,-1,-1
201363BC05413,1,9,0,16,0,0,0,12,0,0,1,1,6,1,9,1896,2,9,-1,3
201363BC05513,1,19,0,17,0,1,0,0,0,0,4,1,6,3,-1,-1,-1,-1,-1,-1
201363BC05613,1,9,0,10,0,1,0,0,0,0,3,1,6,2,8,1783,1,13,-1,3
201363BC05613,2,9,0,13,0,1,0,0,7,0,1,1,6,2,5,1896,2,13,-1,2
201363BC05713,1,9,0,17,0,0,1,0,1,1,1,1,6,2,9,1390,1,11,-1,3
201363BC05813,1,9,0,9,0,1,0,0,0,0,3,1,6,2,10,2495,2,17,-1,3
201363BC05813,2,11,0,18,0,1,1,0,0,0,1,1,1,1,7,11000,2,19,-1,3
201363BC05913,1,9,0,18,0,8,0,0,0,0,3,1,6,1,9,-1,-1,-1,-1,1
201363BC05913,2,19,0,13,0,8,5,0,7,10,4,1,6,1,8,-1,-1,-1,-1,3
201363BC06013,1,5,0,14,0,1,0,0,0,0,4,1,6,1,7,988,1,9,-1,1
201363BC06013,2,9,0,9,0,1,0,0,0,0,3,1,6,2,8,1896,2,7,-1,3
201363BC06113,1,19,0,1,0,0,0,0,0,0,2,1,1,1,7,-1,-1,-1,-1,3
201363BC06213,1,9,0,18,0,0,0,0,0,10,1,1,6,2,7,1896,2,9,-1,-1
201363BC06313,1,9,0,10,0,0,0,0,0,0,2,1,6,1,5,1993,1,33,-1,3
201363BC06313,2,4,0,18,0,0,0,0,0,0,1,1,6,1,9,499,1,11,-1,3
201363BC06413,1,9,0,9,0,5,0,0,0,0,4,1,6,1,11,-1,-1,-1,-1,3
201363BC06413,2,9,0,18,0,1,1,0,0,0,1,1,6,1,7,1391,1,15,-1,3
201363BC06513,1,9,0,9,0,8,0,0,0,0,3,1,2,2,4,1242,1,13,8,1
201363BC06513,2,1,0,18,0,1,0,0,0,0,1,1,6,1,7,-1,-1,-1,-1,3
201363BC06513,3,9,0,2,0,1,0,0,0,0,0,1,6,3,-1,-1,-1,-1,-1,-1
201363BC06513,4,9,0,2,0,1,0,0,0,0,0,1,6,3,-1,-1,-1,-1,-1,-1
201363BC06613,1,4,0,17,0,0,0,0,2,4,1,1,6,2,6,398,1,20,-1,3
201363BC06713,1,9,0,7,0,6,0,0,0,0,1,1,1,1,7,1560,2,1,-1,3
201363BC06813,1,9,0,18,0,0,0,0,1,10,1,1,6,1,7,2171,1,10,6,3
201363BC06913,1,9,0,18,0,0,0,0,0,0,4,1,6,2,5,1108,1,14,4,1
201363BC06913,2,21,0,2,0,0,0,0,0,0,0,1,6,3,-1,-1,-1,-1,-1,-1
201363BC07113,1,9,0,17,0,0,1,0,0,0,1,1,6,2,6,1596,1,3,-1,3
201363BC07113,2,9,0,17,0,0,0,0,0,0,2,1,6,2,8,1397,1,-1,-1,3
201363BC07113,3,9,0,18,0,0,0,0,0,0,0,1,6,3,-1,-1,-1,-1,-1,-1
201363BC07213,1,9,0,17,0,0,0,0,7,10,1,1,6,2,5,1753,2,7,-1,3
201363BC07313,1,9,0,16,0,1,1,0,1,0,1,1,6,2,9,1299,1,14,-1,1
201363BC07313,2,9,0,10,0,1,0,0,0,0,2,1,6,1,4,-1,-1,-1,-1,3
201363BC07313,3,90,0,17,0,1,0,0,1,1,1,1,6,1,9,2178,2,6,9,1
201363BC07413,1,4,0,17,0,0,1,0,0,0,0,1,6,1,4,124,1,8,-1,3
201363BC07613,1,9,0,17,0,0,0,0,0,10,4,1,6,2,4,1461,2,10,-1,3
201363BC07713,1,9,0,7,0,2,1,0,7,10,1,1,6,1,5,1988,1,11,-1,3
201363BC07813,1,4,0,16,0,0,1,0,0,0,1,1,1,1,5,124,1,3,-1,3
201363BC07913,1,5,0,13,0,2,1,0,0,0,3,1,6,1,8,1000,1,5,-1,3
201363BC07913,2,9,0,16,0,1,1,0,0,0,3,1,6,1,8,1242,1,15,-1,-1
201363BC07913,3,9,0,18,0,1,0,0,0,0,0,1,6,3,-1,-1,-1,-1,-1,-1
201363BC08013,1,9,0,17,0,0,0,0,0,0,3,1,6,1,10,1560,2,5,-1,3
201363BC08013,2,19,4,16,0,0,1,0,0,0,4,1,6,1,5,1870,2,10,-1,3
201363BC08213,1,19,0,18,0,1,0,0,0,0,1,1,6,1,8,1896,2,9,-1,3
201363BC08213,2,1,0,18,0,2,0,0,7,0,3,1,6,1,3,-1,-1,-1,-1,3
201363BC08313,1,9,0,18,0,6,0,0,0,0,1,1,6,2,6,2967,2,3,-1,-1
201363BC08313,2,9,0,18,0,7,0,0,0,0,4,1,6,1,8,1905,2,15,-1,-1
201363BC08413,1,9,0,18,0,0,0,0,0,0,0,1,6,1,10,1598,1,5,-1,3
201363BC08413,2,9,0,2,0,0,0,0,0,0,0,1,6,3,-1,-1,-1,-1,-1,-1
201363BC08413,3,1,0,2,0,0,0,0,0,0,0,1,6,3,-1,-1,-1,-1,-1,-1
201363BC08513,1,9,0,3,0,1,0,0,0,0,1,1,6,1,6,1956,2,1,-1,3
201363BC08513,2,9,0,3,0,1,0,0,0,0,2,1,6,1,7,1596,1,25,-1,2
201363BC08513,3,9,0,3,0,1,1,0,0,0,2,1,6,1,8,998,1,1,3,1
201363BC08513,4,9,0,4,0,1,1,0,0,0,2,1,6,1,10,1997,2,5,-1,3
201363BC08513,5,9,0,10,0,5,0,0,0,0,0,1,6,3,-1,-1,-1,-1,-1,-1
201363BC08613,1,5,0,17,0,0,0,0,2,10,1,1,6,1,7,599,1,16,-1,3
201363BC08613,2,21,0,18,0,0,0,0,0,0,0,1,1,1,9,6693,2,-1,5,1
201363BC08713,1,9,0,18,0,0,0,0,0,0,1,1,6,2,8,1798,1,4,-1,3
201363BC08813,1,9,0,16,0,0,2,0,7,7,3,1,6,2,6,1975,1,14,-1,3
201363BC08913,1,9,0,16,0,0,0,0,0,0,1,1,6,2,4,1368,1,6,-1,3
201363BC08913,2,9,0,17,0,0,0,0,0,0,1,1,6,2,6,1998,1,7,-1,3
201363BC09013,1,9,0,9,0,1,0,0,0,0,1,1,1,1,5,1686,2,1,-1,1
201363BC09013,2,2,0,18,0,1,1,0,0,0,1,1,1,1,4,49,1,1,-1,3
201363BC09213,1,9,0,17,0,0,1,0,8,10,1,1,6,1,6,1598,1,14,-1,3
201363BC09313,1,9,0,18,0,1,0,0,0,0,1,1,6,1,5,1400,1,13,-1,3
201363BC09313,2,9,0,10,0,1,0,0,0,0,2,1,6,2,8,1299,1,10,-1,3
201363BC09413,1,20,0,18,0,1,0,0,7,0,1,1,1,1,8,4250,2,3,6,1
201363BC09413,2,9,0,10,0,1,0,0,7,10,2,1,6,2,8,1299,1,10,-1,3
201363BC09513,1,9,0,18,0,1,0,0,7,4,4,1,6,1,7,1800,1,13,-1,3
201363BC09513,2,9,0,9,0,1,0,0,0,0,3,1,6,1,4,1124,1,13,-1,2
201363BC09513,3,9,0,3,0,1,0,0,0,0,0,1,6,3,-1,-1,-1,-1,-1,-1
201363BC09613,1,9,0,16,0,0,2,0,1,10,1,1,6,1,8,2500,2,10,-1,3
201363BC09713,1,9,0,17,0,0,0,0,0,10,1,1,6,1,6,3000,1,8,-1,1
201363BC09713,2,9,0,16,0,0,0,0,1,1,1,1,6,2,11,1242,1,7,-1,2
201363BC09813,1,3,0,18,0,0,1,0,0,0,3,1,6,1,5,124,1,10,-1,3
201363BC09813,2,11,0,18,0,0,0,0,0,0,3,1,6,1,7,3900,2,9,-1,3
201363BC09913,1,4,0,18,0,0,0,0,0,0,1,1,6,1,8,393,1,2,9,2
201363BC09913,2,4,0,18,0,0,0,0,0,0,2,1,6,1,8,449,1,5,-1,3
201363BC10013,1,9,0,4,0,1,0,0,0,0,0,1,6,2,4,1198,1,10,-1,1
201363BC10113,1,9,0,18,0,1,0,0,0,0,1,1,6,1,6,1995,1,11,-1,3
201363BC10113,2,9,0,9,0,1,0,0,0,0,2,1,6,2,5,1598,1,6,-1,-1
201363BC10313,1,5,0,18,0,1,1,0,0,0,1,1,6,1,6,599,1,3,-1,3
201363BC10313,2,9,0,5,0,2,0,0,0,0,1,1,6,1,8,1796,1,9,-1,3
201363BC10413,1,9,0,17,0,0,0,0,0,0,1,2,6,1,8,-1,-1,-1,-1,-1
201363BC10413,2,9,0,16,0,0,0,0,0,0,1,1,6,2,10,1240,1,8,-1,3
201363BC10513,1,9,0,4,0,1,1,0,0,0,1,1,6,2,4,998,1,28,-1,3
201363BC10513,2,9,0,4,0,1,0,0,0,0,2,1,6,1,10,1995,2,7,-1,3
201363BC10513,3,9,0,9,0,5,0,0,0,0,0,1,6,3,-1,-1,-1,-1,-1,-1
201363BC10513,4,9,0,4,0,1,0,0,0,0,0,1,6,3,-1,-1,-1,-1,-1,-1