Accident_Index,Vehicle_Reference,Vehicle_Type,Towing_and_Articulation,Vehicle_Manoeuvre,Vehicle_Location-Restricted_Lane,Junction_Location,Skidding_and_Overturning,Hit_Object_in_Carriageway,Vehicle_Leaving_Carriageway,Hit_Object_off_Carriageway,1st_Point_of_Impact,Was_Vehicle_Left_Hand_Drive?,Journey_Purpose_of_Driver,Sex_of_Driver,Age_Band_of_Driver,Engine_Capacity_(CC),Propulsion_Code,Age_of_Vehicle,Driver_IMD_Decile,Driver_Home_Area_Type
201363CP07713,2,9,0,7,0,8,0,0,1,1,2,1,6,1,9,1587,1,15,-1,2
201363CP07813,1,9,0,16,0,1,1,0,1,10,4,1,6,1,11,973,1,10,-1,1
201363CP07813,2,9,0,4,9,5,0,0,1,10,3,1,6,2,8,2000,1,19,-1,-1
201363CP07813,3,9,0,16,0,1,0,0,0,0,0,1,6,3,-1,-1,-1,-1,-1,-1
201363CP07913,1,9,0,9,0,5,0,0,0,0,1,1,6,1,11,1588,1,9,-1,3
201363CP07913,2,19,0,18,0,8,0,0,0,0,1,1,6,1,8,2499,2,13,-1,3
201363CP08013,1,9,0,4,0,1,0,0,0,0,2,1,6,2,4,1422,2,12,-1,1
201363CP08013,2,5,0,4,0,1,0,0,0,0,1,1,6,1,8,-1,-1,-1,-1,1
201363CP08013,3,9,0,9,0,5,0,0,0,0,0,1,6,3,-1,-1,-1,-1,-1,-1
201363CP08113,1,9,4,4,0,0,0,0,0,0,0,1,6,1,9,2497,2,15,-1,3
201363CP08113,2,9,0,18,0,0,0,0,0,0,1,1,6,1,10,-1,-1,-1,-1,3
201363CP08113,3,9,0,18,0,0,0,0,0,0,4,1,6,2,6,1995,2,10,-1,3
201363CP08213,1,9,0,17,0,0,1,0,0,0,1,1,3,1,4,1198,1,10,-1,3
201363CP08213,2,9,0,16,0,0,0,0,0,0,1,1,6,1,10,1995,2,9,-1,3
201363CP08313,1,9,0,9,7,5,0,0,0,0,2,1,6,2,8,998,1,8,-1,3
201363CP08313,2,9,0,3,0,1,1,0,0,0,1,1,2,1,7,1242,1,9,-1,3
201363CP08413,1,9,0,4,9,0,0,0,0,0,1,1,6,1,9,1596,1,-1,-1,-1
201363CP08513,1,9,0,13,0,8,0,0,7,10,4,1,6,1,10,1493,2,6,-1,1
201363CP08513,2,17,5,9,0,5,0,0,0,0,1,1,1,1,6,4400,2,2,-1,3
201363CP08613,1,3,0,18,0,0,0,0,2,7,1,1,6,1,4,124,1,2,-1,3
201363CP08713,1,9,0,18,0,6,0,0,0,0,1,1,6,2,9,1753,2,11,-1,2
201363CP08713,2,9,0,18,0,2,0,0,0,0,4,1,6,1,6,1598,1,12,-1,1
201363CP08813,1,9,0,16,0,0,5,0,0,0,1,1,6,1,4,1973,1,16,-1,1
201363CP08913,1,9,0,9,0,6,0,0,0,0,3,1,6,1,10,1968,2,4,-1,3
201363CP08913,2,9,0,16,0,8,0,0,7,10,3,1,6,2,6,998,1,12,-1,2
201363CP09013,1,9,0,9,0,6,0,0,3,2,3,1,6,2,6,1596,1,10,-1,3
201363CP09013,2,9,0,17,0,8,0,0,0,0,1,1,6,1,9,1598,1,-1,-1,3
201363CP09113,1,9,0,16,0,0,1,0,8,7,1,1,6,1,6,1399,2,6,-1,3
201363CP09213,1,8,0,5,8,7,0,0,0,0,3,1,6,1,9,1798,1,10,-1,2
201363CP09213,2,9,0,18,0,1,0,0,0,0,1,1,6,1,9,2497,2,15,-1,3
201363CP09313,1,9,0,5,5,6,0,0,0,0,1,1,1,2,7,2401,2,9,-1,3
201363CP09313,2,1,0,18,5,7,0,0,0,0,1,1,6,1,9,-1,-1,-1,-1,1
201363CP09413,1,9,0,5,0,0,0,0,0,0,3,1,2,2,9,1061,1,9,-1,3
201363CP09413,2,5,0,18,0,0,0,0,0,0,4,1,2,1,7,645,1,6,-1,2
201363CP09513,1,19,0,5,0,2,0,0,0,0,1,1,1,1,8,1753,2,6,-1,3
201363CP09513,2,9,0,18,0,2,0,0,0,0,2,1,6,1,6,1598,1,5,-1,1
201363CP09513,3,17,0,18,0,1,0,0,0,0,0,1,6,3,-1,-1,-1,-1,-1,-1
201363CP09613,1,1,0,18,9,1,0,0,0,0,0,1,6,1,3,-1,-1,-1,-1,2
201363CP09713,1,17,5,17,0,1,1,0,0,0,1,1,1,1,4,6788,2,3,-1,3
201363CP09713,2,9,0,16,0,1,0,0,0,0,1,1,6,1,4,1192,1,11,-1,1
201363CP09813,1,9,0,9,0,1,0,0,0,0,4,2,6,1,-1,-1,-1,-1,-1,-1
201363CP09813,2,9,0,9,0,1,0,0,0,0,3,1,6,1,5,1994,2,9,-1,3
201363CP09913,1,20,0,18,0,0,0,0,0,0,3,1,1,1,9,6692,2,4,-1,1
201363CP09913,2,20,0,18,0,0,0,0,0,0,3,1,1,1,7,11705,2,9,-1,2
201363CP10013,1,9,0,17,0,0,2,0,2,10,4,1,6,1,5,1242,1,6,-1,3
201363CP10113,1,5,0,18,0,1,1,0,0,0,1,1,6,1,5,599,1,15,-1,1
201363CP10113,2,9,0,10,0,1,0,0,0,0,2,1,1,1,7,1360,1,9,-1,1
201363CP10213,1,9,0,17,0,1,0,0,0,0,1,1,6,2,8,1596,1,7,-1,1
201363CP10213,2,19,0,18,0,1,0,0,0,0,3,1,1,1,8,2402,2,6,-1,1
201363CP10313,1,3,0,16,0,0,0,0,0,0,1,1,6,1,4,-1,-1,-1,-1,2
201363CP10313,2,9,0,17,0,0,0,0,0,0,1,1,6,1,8,2179,2,-1,8,3
201363CP10413,1,9,0,16,0,0,0,0,0,0,1,1,6,1,6,1298,1,11,-1,3
201363CP10413,2,9,0,17,0,0,0,0,0,0,1,1,2,2,8,1461,2,3,-1,3
201363CP10513,1,9,0,16,0,0,1,0,1,1,3,1,2,1,7,2148,2,12,-1,2
201363CP10613,1,9,0,18,0,4,0,0,0,0,1,1,3,2,7,1896,2,7,-1,2
201363CP10613,2,9,0,18,0,4,0,0,0,0,4,1,6,2,6,1242,1,9,-1,2
201363CP10713,1,19,0,18,0,8,1,0,7,0,1,1,1,1,8,2198,2,1,-1,2
201363CP10713,2,9,0,9,0,8,0,0,0,0,4,1,6,1,6,2401,2,9,-1,3
201363CP10813,1,9,0,18,0,1,0,0,0,0,0,1,1,1,7,1986,2,5,-1,3
201363CP10913,1,9,0,9,0,8,0,0,0,0,1,1,6,2,9,1896,2,8,-1,2
201363CP10913,2,9,0,18,0,8,0,7,2,1,3,1,6,1,11,1591,1,2,-1,1
201363CP11013,1,9,0,16,9,1,0,0,7,10,1,1,6,1,5,2494,1,15,-1,2
201363CP11113,1,9,0,18,0,8,1,0,1,10,1,1,6,2,4,1360,1,13,-1,3
201363CP11213,1,9,0,17,0,0,0,0,0,0,1,1,1,1,7,1900,2,14,-1,-1
201363CP11213,2,9,0,16,0,0,0,0,0,0,1,1,1,1,5,1390,1,5,-1,3
201363CP11313,1,9,0,9,0,1,0,0,0,0,3,1,6,1,11,1329,1,4,-1,3
201363CP11313,2,9,0,18,0,8,1,0,0,0,1,1,6,2,10,1598,2,-1,-1,3
201363CP11413,1,9,0,17,0,0,1,0,1,4,1,1,2,2,5,1242,1,-1,-1,2
201363CP11513,1,9,0,18,0,0,0,0,0,0,4,1,6,2,5,1968,2,6,-1,3
201363CP11613,1,9,0,18,0,4,0,0,0,0,1,1,6,2,9,1198,1,4,-1,1
201363CP11613,2,9,0,3,0,4,0,0,0,0,2,1,6,2,6,1242,1,4,-1,3
201363CP11713,1,9,0,18,0,0,1,0,0,0,1,1,6,1,9,2477,2,13,-1,3
201363CP11713,2,19,0,3,0,0,1,0,0,0,2,1,6,1,7,2500,2,8,-1,3
201363CP11713,3,19,0,3,0,0,0,0,0,0,2,1,2,1,8,1560,2,3,-1,1
201363CP11813,1,5,0,4,0,0,1,0,0,10,1,1,1,1,6,599,1,13,-1,1
201363CP11813,2,9,0,18,0,0,0,0,0,0,0,1,6,3,-1,-1,-1,-1,-1,-1
201363CP11913,1,8,0,5,0,6,0,0,0,0,4,1,1,1,7,-1,-1,-1,-1,1
201363CP11913,2,9,0,18,0,6,0,0,7,3,1,1,6,2,4,1461,2,9,-1,3
201363CP11913,3,9,0,2,0,1,0,0,0,0,0,1,6,3,-1,-1,-1,-1,-1,-1
201363CP12013,1,9,0,16,0,0,2,0,1,10,1,1,6,2,6,1390,1,11,-1,1
201363CP12113,1,9,0,5,0,6,0,0,0,0,3,1,6,2,6,1997,2,3,-1,3
201363CP12113,2,19,0,17,0,8,0,0,0,0,1,1,1,1,10,2300,2,10,-1,3
201363CP12213,1,9,0,17,0,0,2,0,2,10,1,1,6,2,4,1560,2,4,-1,3
201363CP12313,1,9,0,18,0,0,0,0,0,0,1,1,1,1,10,3960,1,17,-1,1
201363CP12413,1,9,0,18,0,0,2,0,7,0,0,1,6,1,5,1360,1,7,-1,2
201363CP12513,1,9,0,9,0,1,0,0,0,0,1,1,6,2,4,1390,1,10,-1,3
201363CP12513,2,9,0,9,0,1,0,0,0,0,1,1,6,2,8,1587,1,8,-1,3
201363CP12613,1,9,0,18,0,1,1,0,7,10,1,1,6,1,4,1587,1,12,-1,2
201363CP12613,2,9,0,18,0,1,0,0,0,0,0,1,6,3,-1,-1,-1,-1,-1,-1
201363CP12713,1,9,0,9,0,1,0,0,0,0,3,1,6,1,8,1796,1,12,3,1
201363CP12713,2,9,0,18,0,1,0,0,0,0,3,1,6,1,8,1968,2,3,3,1
201363CP12713,3,19,0,18,0,1,0,0,0,0,3,1,6,1,8,2461,2,10,6,1
201363CP12813,1,9,0,16,0,0,1,0,1,0,1,1,6,1,6,2793,1,17,7,3
201363CP12813,2,19,0,17,0,0,0,0,0,0,1,1,6,1,8,1968,2,1,-1,3
201363CP12913,1,1,0,18,0,0,0,4,0,0,1,1,1,1,7,-1,-1,-1,-1,1
201363CP12913,2,9,0,2,0,0,0,0,0,0,2,1,1,1,7,-1,-1,-1,-1,1
201363CP13013,1,17,5,16,0,0,0,0,0,0,3,1,1,1,4,-1,2,6,-1,3
201363CP13013,2,9,0,17,0,0,0,0,0,0,1,1,2,1,7,2231,2,6,-1,3
201363CP13113,1,17,4,18,0,0,0,0,0,0,3,1,6,1,6,-1,2,18,-1,2
201363CP13113,2,90,0,18,0,0,0,0,0,0,3,1,6,1,8,2459,2,14,5,1
201363CP13213,1,9,0,16,0,0,2,0,0,0,1,1,6,1,4,1360,1,13,-1,1
201363CP13213,2,9,0,17,0,0,0,0,0,0,1,1,6,2,9,1598,1,10,-1,3
201363CP13313,1,21,1,3,0,0,0,0,0,0,2,1,1,1,8,12130,2,15,-1,3
201363CP13313,2,9,4,4,0,0,1,0,0,0,1,1,1,1,6,2495,2,7,-1,3
201363CP13413,1,9,0,9,0,8,0,0,0,0,1,1,6,2,11,1396,1,9,-1,2
201363CP13413,2,1,0,18,0,8,0,0,0,0,3,1,6,1,6,-1,-1,-1,-1,2
201363CP13513,1,9,0,7,0,1,0,0,0,0,4,1,6,1,7,1997,2,10,-1,3
201363CP13513,2,1,0,18,0,1,0,0,0,0,1,1,2,1,6,-1,-1,-1,-1,2
201363CP13613,1,5,0,16,0,0,0,0,0,0,4,1,6,2,5,645,1,4,-1,3
201363CP13613,2,9,0,17,0,0,0,0,0,0,3,1,2,2,6,1388,1,7,-1,3
201363CP13613,3,9,0,17,0,0,0,0,0,0,3,1,2,2,7,1299,1,9,-1,3
201363CP13613,4,9,0,17,0,0,1,0,1,9,3,1,2,1,7,1905,2,17,-1,3
201363CP13713,1,9,0,18,0,1,0,0,0,0,1,1,6,2,6,1956,2,4,-1,1
201363CP13713,2,9,0,3,0,1,0,0,0,0,2,1,6,1,5,1397,1,5,-1,3
201363CP13813,1,9,0,9,0,8,0,0,0,0,3,1,2,1,7,2496,2,9,-1,3
201363CP13813,2,9,0,17,0,8,1,0,1,0,1,1,6,2,6,-1,-1,-1,-1,3
201363CP13913,1,9,0,18,0,0,0,0,0,0,1,1,6,1,5,1124,1,13,-1,2
201363CP13913,2,9,0,18,0,0,0,0,0,0,1,1,6,1,5,1598,1,3,-1,3
201363CP14013,1,9,0,5,0,1,0,0,0,0,4,1,6,2,7,1248,1,1,-1,1
201363CP14013,2,1,0,18,0,1,0,0,0,0,1,1,6,1,1,-1,-1,-1,-1,1
201363CP14113,1,9,0,18,0,0,0,0,0,0,4,1,2,2,6,1360,1,11,-1,1
201363CP14213,1,9,0,9,0,6,0,0,0,0,3,1,6,1,11,1398,1,8,-1,1
201363CP14213,2,9,0,18,0,8,0,0,0,0,1,1,6,1,8,1396,1,-1,-1,3
201363CP14313,1,9,0,18,0,8,1,0,7,10,1,1,2,1,6,1598,1,8,-1,3
201363CP14513,1,2,0,18,0,0,1,0,0,0,1,1,4,1,4,50,1,4,-1,3
201363CP14513,2,9,0,18,0,0,0,0,0,0,2,1,6,1,4,1598,1,11,-1,2
201363CP14513,3,9,0,18,0,0,0,0,0,0,0,1,6,3,-1,-1,-1,-1,-1,-1
201363CP14613,1,21,0,18,0,0,0,0,0,0,3,1,1,1,8,3920,2,4,-1,1
201363CP14613,2,3,0,16,0,0,1,0,0,0,4,1,2,1,4,125,1,11,-1,2
201363CP14713,1,2,0,17,0,0,0,0,0,0,1,1,1,1,5,49,1,1,-1,-1
201363CP14713,2,1,0,16,0,0,0,0,0,0,1,1,6,1,7,-1,-1,-1,-1,3
201363CP14813,1,90,4,18,0,0,0,0,1,0,2,1,6,1,6,-1,-1,-1,-1,-1
201363CP14813,2,9,0,18,0,0,0,0,0,0,4,1,6,2,4,1120,1,18,-1,2
201363CP14913,1,9,0,17,0,0,0,0,0,0,0,1,6,3,-1,-1,-1,-1,-1,-1
201363CP14913,2,2,0,16,0,0,0,0,1,9,0,1,6,2,4,49,1,12,-1,1
201363CP15013,1,9,0,18,0,0,1,0,1,4,1,1,1,2,4,1364,1,6,-1,3
201363CP15113,1,9,0,17,0,0,0,0,0,0,1,1,6,1,7,-1,-1,-1,-1,-1
201363CP15113,2,1,0,18,0,0,0,0,0,0,2,1,6,1,3,-1,-1,-1,-1,1
201363CP15213,1,9,0,13,0,2,1,0,0,0,1,1,2,1,4,1399,2,11,-1,2
201363CP15213,2,19,0,9,0,5,0,0,0,0,3,1,1,1,8,2402,2,2,-1,2
201363CP15313,1,9,0,2,9,0,0,0,0,0,1,1,6,2,6,1896,2,14,-1,3
201363CP15413,1,20,0,5,8,6,0,0,0,0,3,1,6,1,8,2287,2,3,-1,2
201363CP15413,2,9,0,18,0,1,5,0,0,0,1,1,1,1,7,1461,2,3,-1,2
201363CP15513,1,19,0,18,0,8,1,0,7,0,1,1,1,1,7,2488,2,5,-1,3
201363CP15513,2,9,0,9,0,8,2,0,7,0,3,1,2,1,8,1527,2,18,-1,3
201363CP15613,1,2,0,9,0,1,1,0,0,0,4,1,6,2,4,49,1,12,-1,3
201363CP15713,1,9,0,5,0,2,0,0,0,0,4,1,6,1,11,1364,1,6,-1,3
201363CP15813,1,9,0,18,0,0,0,0,0,0,4,1,6,1,8,1560,2,3,6,3
201363CP15813,2,9,0,2,0,0,0,0,0,0,3,1,6,2,6,1598,1,13,-1,2
201363CP15813,3,21,0,2,0,0,0,0,0,0,0,1,6,3,-1,-1,-1,-1,-1,-1
201363CP15913,1,9,0,1,0,0,0,0,0,0,2,1,6,3,-1,-1,-1,-1,-1,-1
201363CP15913,2,9,0,2,0,0,0,0,0,0,2,1,6,1,8,1598,1,2,-1,3
201363CP16113,1,19,0,17,0,0,0,0,0,0,1,1,1,1,6,1995,2,2,-1,1
201363CP16113,2,9,0,16,0,0,0,0,0,0,3,1,2,1,7,1242,1,13,-1,3
201363CP16213,1,9,0,16,0,0,0,0,0,0,1,1,6,3,-1,-1,-1,-1,-1,-1
201363CP16213,2,1,0,16,0,0,0,0,0,0,1,1,6,1,3,-1,-1,-1,-1,1
201363CP16313,1,9,0,5,0,2,0,0,0,0,3,1,2,2,7,1587,1,8,-1,2
201363CP16313,2,9,0,18,0,1,0,0,0,0,1,1,6,2,6,1061,1,9,-1,1
201363CP16413,1,19,4,18,0,3,0,0,0,0,0,1,1,1,9,1998,2,12,-1,-1
201363CP16513,1,11,0,17,0,8,0,0,0,0,0,1,1,1,7,4250,2,3,-1,2
201363CP16613,1,9,0,18,0,6,0,0,0,0,1,1,6,2,8,2993,2,7,-1,3
201363CP16613,2,19,0,18,0,8,1,0,0,0,3,1,6,1,6,-1,-1,-1,-1,3
201363CP16713,1,9,0,18,0,1,0,0,0,0,1,1,6,1,11,1332,1,16,-1,3
201363CP16713,2,9,0,3,0,1,0,0,0,0,2,1,6,1,10,1997,2,1,-1,-1
201363CP16713,3,9,0,9,0,1,0,0,0,0,0,1,6,3,-1,-1,-1,-1,-1,-1
201363CP16813,1,8,0,18,0,0,1,0,7,1,3,1,1,1,5,1998,2,12,-1,3
201363CP16913,1,9,0,18,0,0,0,0,0,0,1,2,1,1,5,-1,-1,-1,-1,-1
201363CP16913,2,9,0,18,0,0,0,0,0,0,1,1,1,1,8,1390,1,6,-1,1
201363CP17013,1,9,0,18,0,8,1,0,0,0,1,1,6,2,4,1598,1,11,-1,1
201363CP17013,2,9,0,3,0,8,0,0,1,0,2,1,6,2,8,1686,2,11,-1,-1
201363CP17013,3,9,0,18,0,1,0,0,0,0,0,1,6,3,-1,-1,-1,-1,-1,-1
201363CP17113,1,9,0,16,0,0,1,0,1,4,1,1,2,1,7,1895,1,12,-1,2
201363CP17213,1,3,0,16,0,0,1,0,0,0,1,1,6,1,4,124,1,3,-1,3
201363CP17213,2,19,0,17,0,0,0,0,0,0,3,1,1,1,8,1248,2,5,-1,1
201363CP17313,1,9,0,16,0,0,5,0,8,10,1,1,6,1,9,1242,1,10,-1,-1
201363CP17413,1,9,0,18,0,0,1,0,0,0,1,1,6,2,4,1171,1,17,-1,3
201363CP17413,2,9,0,3,0,0,0,0,0,0,2,1,6,2,10,1997,2,12,-1,2
201363CP17513,1,9,0,16,0,0,1,0,0,0,1,1,6,1,7,1489,1,15,-1,3
201363CP17513,2,21,0,4,0,0,0,0,0,0,1,1,1,1,8,10518,2,-1,-1,-1
201363CP17613,1,9,0,9,0,5,0,0,0,0,1,1,6,1,6,1998,2,10,4,1
201363CP17613,2,9,0,18,0,1,0,0,0,0,1,1,6,1,6,1124,1,12,-1,3
201363CP17713,1,9,0,5,0,6,0,0,0,0,1,1,6,1,7,-1,-1,-1,-1,3
201363CP17813,1,9,0,18,0,1,0,0,0,0,1,1,1,2,4,1199,1,9,-1,1
201363CP17813,2,8,0,3,0,1,0,0,0,0,2,1,3,1,7,1905,2,14,-1,-1
201363CP17913,1,1,0,16,0,0,0,0,1,10,1,1,6,1,7,-1,-1,-1,-1,2
201363CP17913,2,9,0,17,0,0,0,0,0,0,0,1,6,3,-1,-1,-1,-1,-1,-1
201363CP18013,1,9,0,18,0,0,1,0,0,0,1,1,6,1,5,1587,1,10,-1,1
201363CP18013,2,9,0,18,0,0,0,0,1,0,1,1,6,2,8,-1,-1,-1,-1,1
201363CP18013,3,9,0,4,0,0,0,0,0,0,0,1,6,3,-1,-1,-1,-1,-1,-1
201363CP18113,1,11,0,18,0,8,1,0,0,0,1,1,1,1,6,9600,2,12,1,1
201363CP18113,2,9,0,10,0,8,0,0,0,0,2,1,6,2,7,1198,1,6,-1,1
201363CP18213,1,9,0,16,0,0,2,0,0,1,1,1,2,1,5,-1,-1,-1,-1,2
201363CP18313,1,9,0,18,0,0,1,0,0,0,1,1,6,1,9,1896,2,9,-1,2
201363CP18313,2,9,0,18,0,0,0,0,1,1,3,1,6,2,7,1399,2,3,-1,3
201363CP18313,3,9,0,4,0,0,0,0,0,0,0,1,6,3,-1,-1,-1,-1,-1,-1
201363CP18413,1,9,0,5,0,1,1,0,0,0,1,1,2,1,8,1299,1,10,-1,3
201363CP18413,2,11,0,18,0,1,0,0,0,0,1,1,6,2,8,3972,2,19,-1,2
201363CP18413,3,9,0,18,0,1,0,10,0,0,3,1,6,2,11,1586,1,7,-1,1
201363CP18513,1,9,0,3,0,2,0,0,0,0,2,1,6,1,11,1388,1,6,-1,1
201363CP18513,2,9,0,3,0,2,0,0,0,0,1,1,6,2,9,1329,1,2,-1,3
201363CP18513,3,21,0,18,0,1,0,0,0,0,0,1,6,3,-1,-1,-1,-1,-1,-1
201363CP18613,1,19,0,18,0,0,0,0,0,0,1,1,1,2,7,1399,2,-1,-1,3
201363CP18613,2,19,0,18,0,0,0,0,0,0,3,1,1,1,7,2198,2,6,-1,1
201363CP18713,1,9,0,18,0,4,0,10,0,0,1,1,6,1,9,1988,2,9,-1,3
201363CP18813,1,19,0,18,0,0,1,0,0,0,1,1,6,1,8,-1,-1,-1,-1,1
201363CP18913,1,9,0,9,0,6,0,0,0,0,3,1,6,2,9,1598,1,14,-1,3
201363CP18913,2,9,0,18,0,1,1,0,0,0,1,1,6,1,6,1896,2,9,-1,1
201363CP19113,1,2,0,16,0,0,1,0,0,0,0,1,2,2,4,49,1,1,-1,2
201363CP19213,1,9,0,3,0,0,0,0,0,0,2,1,6,1,6,-1,-1,-1,-1,3
201363CP19213,2,9,0,4,0,0,0,0,0,0,1,1,6,1,6,1149,1,10,-1,1
201363CP19313,1,9,0,3,0,1,0,0,0,0,1,1,6,1,8,1388,1,13,-1,2
201363CP19313,2,11,0,2,0,8,0,0,0,0,0,1,3,1,7,9600,2,14,-1,3
201363CP19413,1,9,0,18,0,0,0,0,0,0,1,1,6,2,11,1360,1,11,-1,2
201363CP19513,1,9,0,1,6,0,0,0,0,0,2,1,6,2,10,1596,1,12,-1,1
201363CP19613,1,9,0,16,0,0,0,0,0,0,1,1,6,1,7,1910,2,8,-1,1
201363CP19613,2,9,0,17,0,0,0,0,0,0,3,1,1,1,8,2400,2,1,-1,2
201363CP19613,3,9,0,4,0,0,0,0,0,0,3,1,6,1,6,1956,2,1,-1,2
201363CP19713,1,9,0,17,0,1,1,0,1,4,1,1,6,2,7,1900,2,7,8,2
201363CP19813,1,1,0,7,0,3,0,0,0,0,4,1,2,1,8,-1,-1,-1,-1,1
201363CP19813,2,19,0,18,0,4,0,0,0,0,1,1,1,1,8,2287,2,6,-1,3
201363CP19913,1,19,0,18,0,0,1,0,0,0,1,1,6,1,6,2494,2,7,-1,2
201363CP19913,2,9,0,3,0,0,0,0,1,7,2,1,6,1,11,1388,1,2,-1,-1
201363CP19913,3,9,0,3,0,0,0,0,0,0,0,1,6,3,-1,-1,-1,-1,-1,-1
201363CP20013,1,9,0,17,0,0,0,0,0,0,1,1,6,2,6,1461,2,7,-1,3
201363CP20013,2,17,4,16,0,0,0,0,0,0,1,1,1,1,4,-1,-1,-1,-1,3
201363CP20113,1,19,0,17,0,0,2,0,2,10,4,1,1,1,6,1248,2,8,-1,1
201363CP20113,2,9,0,18,0,0,0,0,0,0,1,1,6,1,11,1997,2,3,10,1
201363CP20213,1,9,0,17,0,0,1,0,8,4,1,1,6,2,6,1686,2,6,-1,-1
201363CP20313,1,19,0,16,0,0,0,0,0,0,1,1,1,1,9,1248,2,8,-1,3
201363CP20313,2,1,0,17,0,0,0,0,0,0,1,1,6,1,8,-1,-1,-1,-1,-1
201363CP20413,1,9,0,18,0,2,0,0,0,0,1,1,6,1,8,1968,2,4,-1,3
201363CP20413,2,90,0,18,0,2,5,0,0,0,4,1,6,1,9,-1,-1,-1,-1,3
201363CP20513,1,19,0,18,0,5,0,0,0,0,1,1,6,1,6,2477,2,10,-1,2
201363CP20613,1,1,0,18,0,0,0,0,0,0,1,1,6,3,-1,-1,-1,-1,-1,-1
201363CP20713,1,9,3,17,0,0,0,0,0,0,4,1,6,3,-1,-1,-1,-1,-1,-1
201363CP20813,1,9,0,16,0,0,2,0,1,10,1,1,6,1,4,1149,1,6,-1,1
201363CP20913,1,11,0,18,0,0,0,0,0,0,1,1,1,1,8,3900,2,10,-1,1
201363CP20913,2,1,0,18,0,0,0,0,0,0,3,1,6,1,6,-1,-1,-1,-1,3
201363CP21013,1,8,0,16,0,1,0,0,1,0,1,1,1,1,10,2198,2,6,-1,1
201363CP21113,1,19,0,14,0,8,0,0,0,0,4,1,1,2,5,2287,2,3,-1,2
201363CP21113,2,9,0,2,0,1,0,0,0,0,0,1,6,3,-1,-1,-1,-1,-1,-1
201363CP21113,3,9,0,2,0,1,0,0,0,0,0,1,6,3,-1,-1,-1,-1,-1,-1
201363CP21213,1,19,0,18,0,1,0,0,0,0,1,1,6,1,4,2198,2,5,-1,2
201363CP21213,2,9,0,10,0,5,0,0,0,0,2,1,6,2,7,1400,2,6,-1,2
201363CP21313,1,9,0,18,0,0,0,0,0,0,1,1,6,1,11,2198,1,9,-1,3
201363CP21313,2,9,0,3,0,0,0,0,0,0,2,1,6,1,11,1461,2,7,-1,2
201363CP21313,3,9,0,3,0,0,0,0,0,0,2,1,1,1,8,1896,2,14,-1,2
201363CP21413,1,9,0,16,0,0,1,0,7,10,3,1,6,1,6,1995,2,7,10,1
201363CP21513,1,9,0,10,0,1,0,0,0,0,2,1,6,1,6,1461,2,-1,-1,3
201363CP21513,2,9,0,18,0,8,0,10,0,0,1,1,6,1,5,1396,1,12,-1,3
201363CP21613,1,9,0,7,0,4,0,0,0,0,1,1,6,1,4,-1,-1,-1,-1,2
201363CP21613,2,9,0,9,0,3,0,0,0,0,1,1,6,1,4,1198,1,11,-1,2
201363CP21713,1,3,0,16,0,0,0,0,0,0,0,1,2,1,5,125,1,-1,-1,2
201363CP21813,1,5,0,17,0,1,1,0,0,0,4,1,2,1,6,999,1,7,-1,2
201363CP21913,1,9,0,16,0,0,0,0,0,0,3,1,2,1,7,1399,2,3,-1,1
201363CP21913,2,9,0,17,0,0,0,0,0,0,3,1,6,2,10,1560,2,4,-1,3
201363CP21913,3,5,0,13,0,0,1,0,0,0,3,1,2,1,7,998,1,14,-1,3
201363CP22013,1,9,0,16,0,0,0,0,1,0,3,1,6,2,10,-1,-1,-1,-1,2
201363CP22013,2,9,0,17,0,0,0,0,1,0,4,1,6,2,9,1839,1,10,-1,-1
201363CP22113,1,9,0,18,0,1,0,0,0,0,1,1,6,2,6,1598,1,2,-1,2
201363CP22113,2,9,0,4,0,1,0,0,0,0,2,1,6,2,9,1796,1,10,-1,1
201363CP22213,1,9,0,18,0,1,0,0,7,0,1,1,6,2,7,1086,1,7,-1,3
201363CP22213,2,9,0,18,0,8,0,0,0,0,3,1,6,1,10,1596,1,1,-1,3
201363CP22313,1,9,0,3,0,0,0,0,0,0,2,1,6,1,10,1798,1,4,-1,2
201363CP22313,2,9,0,18,0,0,0,0,0,0,1,1,1,1,5,1399,2,6,-1,3
201363CP22313,3,9,0,3,0,0,0,0,0,0,0,1,6,3,-1,-1,-1,-1,-1,-1
201363CP22413,1,9,0,3,0,0,0,0,0,0,2,1,6,2,7,1795,1,9,-1,2
201363CP22413,2,9,0,4,0,0,0,4,0,0,1,1,6,1,8,1364,1,4,-1,2
201363CP22413,3,19,0,18,0,0,0,4,0,0,1,1,1,1,6,1998,2,8,-1,1
201363CP22513,1,9,0,16,0,0,0,0,0,0,1,1,6,1,5,1398,2,7,-1,-1
201363CP22513,2,9,0,17,0,0,0,0,0,0,1,1,6,2,7,1995,2,5,-1,1
201363CP22613,1,9,0,18,0,0,0,0,0,0,4,1,6,1,10,1596,1,-1,-1,3
201363CP22713,1,19,0,1,0,0,0,0,0,0,2,1,1,1,6,1995,2,6,-1,1
201363CP22713,2,9,0,3,0,0,0,0,0,0,1,1,6,1,10,1398,2,8,-1,1
201363CP22713,3,9,0,18,0,0,0,0,0,0,0,1,6,3,-1,-1,-1,-1,-1,-1
201363CP22713,4,9,0,2,0,0,0,0,0,0,0,1,6,3,-1,-1,-1,-1,-1,-1
201363CP22713,5,9,0,2,0,0,0,0,0,0,0,1,6,3,-1,-1,-1,-1,-1,-1
201363CP22813,1,19,0,18,0,8,1,0,0,0,1,1,1,1,7,2143,2,-1,-1,1
201363CP22813,2,9,0,3,0,8,0,0,0,0,2,1,6,1,9,1896,2,10,5,1
201363CP22813,3,9,0,9,0,8,0,0,0,0,0,1,6,3,-1,-1,-1,-1,-1,-1