Accident_Index,Vehicle_Reference,Vehicle_Type,Towing_and_Articulation,Vehicle_Manoeuvre,Vehicle_Location-Restricted_Lane,Junction_Location,Skidding_and_Overturning,Hit_Object_in_Carriageway,Vehicle_Leaving_Carriageway,Hit_Object_off_Carriageway,1st_Point_of_Impact,Was_Vehicle_Left_Hand_Drive?,Journey_Purpose_of_Driver,Sex_of_Driver,Age_Band_of_Driver,Engine_Capacity_(CC),Propulsion_Code,Age_of_Vehicle,Driver_IMD_Decile,Driver_Home_Area_Type
201363DP29413,1,9,0,16,0,0,2,0,1,0,4,1,6,1,4,1124,1,16,-1,3
201363DP29513,1,9,0,16,0,0,1,0,1,10,1,1,6,2,7,1598,1,7,-1,3
201363DP29613,1,9,0,17,0,0,2,7,7,0,3,1,1,1,6,1527,2,12,-1,1
201363DP29713,1,9,0,18,0,1,0,0,0,0,1,1,6,2,8,1870,2,2,-1,3
201363DP29713,2,17,4,2,0,1,0,0,0,0,1,1,1,1,7,6788,2,3,-1,3
201363DP29813,1,9,0,17,0,1,1,0,0,0,1,1,6,1,6,-1,-1,-1,5,3
201363DP29813,2,5,0,7,0,8,0,0,0,0,4,1,6,1,9,1250,1,10,8,2
201363DP29913,1,9,0,12,0,1,0,0,7,0,3,1,6,2,7,-1,-1,-1,6,3
201363DP29913,2,9,0,18,0,1,0,0,7,0,4,1,6,2,8,1149,1,-1,-1,2
201363DP30013,1,90,0,18,0,1,1,0,0,0,1,2,6,1,8,-1,-1,-1,-1,-1
201363DP30013,2,9,0,10,0,5,0,0,0,0,2,1,6,1,6,1796,1,12,-1,1
201363DP30013,3,5,0,18,0,1,0,0,0,0,1,1,6,1,8,1050,1,2,-1,1
201363DP30013,4,5,0,18,0,1,1,0,0,0,1,1,6,1,8,885,1,13,-1,1
201363DP30113,1,9,0,17,0,0,0,0,7,0,1,1,6,1,5,1998,1,11,-1,3
201363DP30113,2,20,0,16,0,0,0,0,0,0,1,1,1,1,9,2998,2,-1,2,1
201363DP30213,1,9,0,18,0,0,1,0,2,4,3,1,6,1,5,1360,1,11,-1,3
201363DP30213,2,9,0,18,0,0,0,0,0,0,1,1,6,1,8,1493,2,8,4,3
201363DP30313,1,9,0,9,0,5,0,0,0,0,4,1,6,2,8,1596,1,5,-1,3
201363DP30413,1,9,0,18,0,0,0,0,1,0,2,1,6,2,5,-1,-1,-1,-1,-1
201363DP30413,2,21,1,18,0,0,0,0,0,0,1,1,1,1,7,-1,-1,-1,-1,1
201363DP30513,1,2,0,9,0,8,0,0,0,0,3,1,1,1,4,49,1,14,-1,3
201363DP30613,1,9,0,2,0,0,0,0,0,0,1,1,6,2,8,1910,2,6,-1,-1
201363DP30613,2,9,0,1,0,0,0,4,0,0,2,1,6,2,7,2008,2,19,-1,1
201363DP30713,1,9,0,18,0,1,0,0,0,0,1,1,6,2,4,1248,2,6,-1,3
201363DP30713,2,9,0,4,0,1,0,0,0,0,2,1,6,1,7,1598,1,3,-1,3
201363DP30713,3,9,0,9,0,1,0,0,0,0,0,1,6,3,-1,-1,-1,-1,-1,-1
201363DP30813,1,9,0,16,0,0,0,0,0,0,4,1,6,2,5,1896,2,7,-1,3
201363DP30813,2,9,0,18,0,0,1,0,0,0,1,1,6,1,6,1896,2,15,-1,1
201363DP30913,1,9,0,16,0,0,2,0,2,10,4,1,6,1,5,1360,1,11,-1,2
201363DP31013,1,9,0,4,0,1,0,0,0,0,0,1,2,1,7,1368,1,7,-1,1
201363DP31013,2,9,0,18,0,1,0,0,0,0,0,1,6,3,-1,-1,-1,-1,-1,-1
201363DP31113,1,9,0,18,0,0,0,0,1,4,3,1,6,1,9,3222,2,8,-1,3
201363DP31113,2,9,0,18,0,0,0,0,0,0,3,1,6,1,5,3189,1,8,-1,3
201363DP31213,1,9,0,17,0,0,2,0,7,10,3,1,1,1,4,1386,1,6,-1,2
201363DP31313,1,9,0,13,0,0,0,0,0,0,1,1,2,2,5,1998,1,13,-1,3
201363DP31313,2,19,0,18,0,0,0,0,1,9,1,1,2,1,6,1870,2,7,-1,3
201363DP31313,3,21,1,18,0,0,0,0,0,0,2,1,1,1,9,15607,2,1,-1,1
201363DP31413,1,9,0,16,0,0,0,0,1,9,4,1,2,2,9,1951,2,7,-1,3
201363DP31513,1,9,0,16,0,0,1,0,7,10,2,1,2,1,9,1598,1,10,-1,2
201363DP31613,1,9,0,9,0,1,0,0,0,0,4,1,2,1,6,1590,1,9,-1,1
201363DP31613,2,1,0,9,0,1,0,0,0,0,3,1,2,2,7,-1,-1,-1,-1,1
201363DP31713,1,9,0,17,0,0,2,0,8,10,2,1,6,2,5,1199,1,13,-1,3
201363DP31813,1,9,0,16,0,0,2,0,7,0,1,1,1,2,8,1598,1,6,-1,3
201363DP31913,1,9,0,17,0,0,2,0,0,0,1,1,6,2,4,1199,1,9,-1,3
201363DP32013,1,9,0,17,0,0,1,0,7,4,1,1,1,1,7,1598,2,3,-1,3
201363DP32113,1,9,0,18,0,0,1,0,0,0,1,1,6,1,5,1598,1,13,8,2
201363DP32113,2,9,0,18,0,0,0,0,0,0,3,1,6,1,9,1968,2,3,-1,3
201363DP32213,1,9,0,18,0,0,2,0,2,10,4,1,6,2,4,999,1,13,5,3
201363DP32313,1,9,0,18,0,0,0,0,1,10,1,1,1,2,8,1398,1,3,-1,2
201363DP32413,1,9,0,16,0,0,2,10,7,4,1,1,6,1,4,1242,1,7,-1,3
201363DP32513,1,9,0,4,0,4,0,0,0,0,1,1,2,1,9,2198,1,10,-1,2
201363DP32513,2,9,0,4,0,4,0,0,0,0,2,1,2,2,8,1389,1,17,-1,3
201363DP32613,1,9,0,17,0,0,5,0,1,9,4,1,6,1,4,1781,1,13,-1,1
201363DP32713,1,9,0,9,8,1,0,0,0,0,3,1,6,2,9,1248,2,5,-1,-1
201363DP32713,2,9,0,13,0,1,0,0,0,0,4,1,6,1,6,-1,-1,-1,-1,1
201363DP32813,1,9,0,1,0,1,1,10,0,10,2,1,6,1,9,1360,1,12,-1,3
201363DP32913,1,9,0,13,0,0,2,0,2,10,4,1,6,1,6,1389,1,14,-1,3
201363DP32913,2,9,0,17,0,0,0,0,0,0,0,1,6,2,10,1360,1,9,-1,3
201363DP33013,1,21,0,16,0,0,0,0,0,0,0,1,6,3,-1,-1,-1,-1,-1,-1
201363DP33013,2,21,1,17,0,0,3,0,1,4,1,1,1,1,6,-1,-1,-1,-1,-1
201363DP33113,1,9,0,4,0,0,1,0,0,0,1,1,6,2,10,1586,1,3,7,3
201363DP33113,2,9,0,2,0,0,0,0,0,0,2,1,6,1,7,1968,2,3,-1,2
201363DP33113,3,9,0,3,0,0,0,0,0,0,0,1,6,3,-1,-1,-1,-1,-1,-1
201363DP33213,1,9,0,17,0,0,1,0,7,9,1,1,6,2,8,1461,2,4,-1,2
201363DP33313,1,19,0,18,0,0,5,0,1,10,4,1,1,1,8,2143,2,1,-1,1
201363DP33413,1,20,0,17,0,0,0,0,0,0,0,1,6,3,-1,-1,-1,-1,-1,-1
201363DP33413,2,9,0,16,0,0,2,0,7,1,1,1,2,1,6,2461,2,13,8,1
201363DP33513,1,9,0,18,0,0,0,0,1,0,1,1,6,2,8,1598,2,1,-1,-1
201363DP33513,2,9,0,18,0,0,0,0,1,0,1,1,6,1,4,1995,2,10,-1,-1
201363DP33613,1,9,0,18,0,1,0,0,0,0,1,1,6,2,10,1596,1,8,-1,2
201363DP33713,1,9,0,18,0,1,1,0,2,10,1,1,6,1,4,1000,1,13,-1,2
201363DP33713,2,9,0,2,0,1,0,0,0,0,2,1,6,3,-1,1388,1,7,-1,-1
201363DP33813,1,9,0,18,0,0,2,0,0,0,3,1,6,1,8,2231,2,7,3,1
201363DP33913,1,9,0,18,0,0,0,4,1,0,1,1,1,1,5,1896,2,11,-1,3
201363DP33913,2,9,0,2,0,0,0,10,0,0,2,1,6,1,6,-1,-1,-1,-1,3
201363DP34013,1,9,0,18,0,0,1,0,1,3,1,1,6,1,9,1870,2,7,-1,3
201363DP34013,2,9,0,18,0,0,0,0,0,0,0,1,6,1,10,1951,2,7,-1,3
201363DP34113,1,9,0,9,0,5,0,0,0,0,4,1,6,1,6,1994,2,12,-1,1
201363DP34113,2,3,0,18,0,1,0,0,0,0,1,1,6,1,6,-1,-1,-1,-1,1
201363DP34213,1,9,0,18,0,0,0,0,0,0,1,1,2,2,4,1199,1,13,-1,3
201363DP34213,2,9,0,18,0,0,0,0,0,0,1,1,1,1,5,-1,-1,-1,-1,3
201363DP34313,1,9,0,18,0,1,0,0,0,0,4,1,1,2,5,1753,2,9,-1,3
201363DP34313,2,9,0,18,0,1,2,0,0,0,1,1,1,1,7,1360,1,7,-1,3
201363DP34313,3,9,0,18,0,1,0,0,0,0,3,1,1,1,6,-1,-1,-1,9,1
201363DP34413,1,9,0,9,0,2,0,0,0,4,1,1,6,1,11,1596,1,-1,-1,3
201363DP34413,2,9,0,18,0,1,0,0,0,0,0,1,6,3,-1,-1,-1,-1,-1,-1
201363DP34513,1,9,0,17,0,0,1,0,7,10,4,1,6,1,4,1199,1,9,-1,3
201363DP34613,1,9,0,16,0,8,1,0,0,0,1,1,6,1,8,1124,1,10,-1,3
201363DP34613,2,19,0,17,0,1,0,0,0,0,1,1,1,1,6,2287,2,1,-1,1
201363DP34713,1,9,0,18,0,0,5,0,7,0,3,1,2,1,7,-1,2,44,5,1
201363DP34813,1,5,0,17,0,0,1,0,0,0,1,1,6,1,7,650,1,12,-1,3
201363DP34913,1,9,0,17,0,8,0,0,0,0,4,1,6,1,6,1587,1,5,-1,2
201363DP34913,2,9,0,9,0,6,0,0,0,0,3,1,6,2,6,2495,1,12,-1,2
201363DP35013,1,9,0,18,0,0,0,0,0,0,0,1,1,1,8,1149,1,7,-1,3
201363DP35013,2,9,0,18,0,0,0,0,0,0,0,1,6,2,10,1275,1,14,3,1
201363DP35113,1,9,0,13,0,1,0,0,1,0,1,1,6,1,5,1598,1,6,-1,3
201363DP35113,2,19,0,9,0,1,0,0,1,0,3,1,1,1,10,1560,2,-1,-1,1
201363DP35213,1,3,0,18,0,8,0,0,0,0,1,1,2,1,7,125,1,1,-1,3
201363DP35213,2,20,0,9,0,5,0,0,0,0,2,1,1,1,9,-1,2,13,-1,1
201363DP35313,1,9,0,17,0,1,2,0,7,9,1,1,6,1,9,1798,1,8,5,1
201363DP35413,1,9,0,18,0,0,0,0,0,0,4,1,2,2,8,1896,2,12,4,3
201363DP35513,1,9,0,18,0,1,0,0,0,0,1,1,1,1,7,1781,1,15,-1,3
201363DP35513,2,9,0,18,0,1,2,0,1,0,1,1,1,1,7,-1,-1,-1,-1,2
201363DP35513,3,9,0,4,0,1,0,0,0,0,0,1,6,3,-1,-1,-1,-1,-1,-1
201363DP35613,1,9,0,17,0,0,0,0,1,10,1,1,6,1,6,2171,2,10,-1,3
201363DP35713,1,8,0,5,0,2,0,0,0,0,0,1,1,1,8,1896,2,7,-1,1
201363DP35913,1,9,4,4,0,1,0,0,0,0,4,1,6,2,7,1598,1,5,-1,1
201363DP35913,2,9,0,2,0,1,0,0,0,0,0,1,6,3,-1,-1,-1,-1,-1,-1
201363DP35913,3,9,0,2,0,1,0,0,0,0,0,1,6,3,-1,-1,-1,-1,-1,-1
201363DP36013,1,9,0,13,0,0,1,0,0,0,3,1,6,1,10,1598,1,6,3,1
201363DP36013,2,17,4,16,0,0,0,0,0,0,3,1,1,1,4,6728,2,1,-1,3
201363DP36013,3,9,0,16,0,0,1,0,0,0,1,1,6,1,8,1896,2,11,-1,3
201363DP36113,1,9,0,9,0,1,0,0,0,0,3,1,1,2,8,1997,2,13,-1,2
201363DP36113,2,1,0,12,0,1,0,0,0,0,4,1,1,1,9,-1,-1,-1,-1,2
201363DP36213,1,9,0,1,0,0,0,0,0,0,2,1,6,3,-1,-1,-1,-1,-1,-1
201363DP36213,2,9,0,2,0,0,0,0,0,0,2,1,6,1,6,3498,1,10,-1,-1
201363DP36313,1,9,4,3,0,0,0,0,0,0,1,1,6,1,8,-1,-1,-1,-1,3
201363DP36313,2,90,0,3,0,0,0,0,0,1,1,1,6,1,9,-1,-1,-1,-1,3
201363DP36413,1,19,0,13,0,0,0,0,1,9,1,1,1,1,5,1461,2,10,-1,3
201363DP36413,2,9,0,18,0,0,0,0,1,9,1,1,6,2,7,-1,-1,-1,5,3
201363DP36413,3,9,0,18,0,0,0,0,0,0,0,1,1,2,5,-1,-1,-1,-1,3
201363DP36513,1,9,0,18,0,1,0,0,0,0,0,1,6,3,-1,-1,-1,-1,-1,-1
201391NE00295,1,17,0,5,0,2,0,0,0,0,3,1,1,1,8,-1,-1,-1,-1,-1
201391NE00295,2,9,0,18,0,1,0,0,0,0,4,1,6,2,10,1422,2,9,-1,3
201391NE00313,1,98,0,18,0,0,0,0,0,0,0,1,6,3,-1,-1,-1,-1,-1,-1
201391NE00313,2,9,0,13,0,0,0,0,0,0,0,1,6,1,6,1896,2,11,-1,-1
201391NE00313,3,9,0,13,0,0,5,0,8,11,3,1,6,1,5,1781,1,8,-1,3
201391NE00916,1,9,0,9,0,6,0,0,0,0,3,1,2,2,4,1390,1,13,-1,3
201391NE00916,2,9,0,18,0,-1,0,0,0,0,1,1,2,1,9,-1,-1,-1,-1,3
201391NE01697,1,20,0,18,0,0,0,0,0,0,2,1,6,1,7,4580,2,4,-1,3
201391NE01697,2,9,0,2,0,0,0,0,0,0,4,1,6,2,-1,1951,2,9,-1,3
201391NE01702,1,9,0,18,0,0,1,0,7,4,3,1,6,1,9,1796,1,9,-1,2
201391NE01886,1,9,0,7,0,1,0,0,0,0,1,1,2,2,8,1896,2,5,-1,3
201391NE01941,1,9,0,18,0,0,1,0,1,0,0,1,6,1,4,1590,1,12,-1,3
201391NE02219,1,9,0,17,0,7,0,0,0,0,1,1,2,2,5,1391,1,17,-1,-1
201391NE02219,2,9,0,18,0,8,0,0,0,0,1,1,6,1,6,2494,2,-1,-1,-1
201391NE02554,1,9,0,5,0,2,0,0,0,0,3,1,6,1,10,2490,2,13,-1,2
201391NE02760,1,9,0,18,0,0,0,0,1,11,1,1,6,1,4,-1,-1,-1,-1,3
201391NE02884,1,21,0,12,0,7,0,0,1,10,1,1,1,1,8,9290,2,2,-1,2
201391NE02884,2,11,0,18,0,7,0,0,4,10,4,1,1,1,7,6700,2,6,-1,3
201391NE02884,3,9,0,3,0,7,0,0,0,0,2,1,2,2,6,998,1,12,-1,2
201391NE02884,4,9,0,3,0,7,0,0,0,0,2,1,2,2,7,1229,1,9,-1,2
201391NE04760,1,98,0,9,0,1,0,0,7,0,1,1,6,1,6,-1,-1,-1,-1,2
201391NE04760,2,9,0,18,0,1,0,0,1,0,1,1,6,2,7,1560,2,4,-1,3
201391NE06152,1,9,0,16,0,0,2,0,7,9,1,1,2,2,7,-1,-1,-1,-1,1
201391NE06462,1,9,0,17,0,0,1,0,7,0,3,1,6,2,5,1149,1,2,-1,3
201391NE06612,1,9,0,13,0,0,0,0,0,0,0,1,6,1,8,-1,-1,-1,-1,-1
201391NE06612,2,5,0,4,0,0,2,0,2,0,0,1,6,1,9,-1,-1,-1,-1,-1
201391NE07068,1,9,0,7,9,1,0,0,0,0,4,1,1,2,8,1798,2,3,-1,-1
201391NE07068,2,1,0,18,9,1,0,0,0,0,1,1,4,1,3,-1,-1,-1,-1,3
201391NE07080,1,9,0,18,0,0,0,0,0,0,1,1,6,1,8,1560,2,-1,-1,-1
201391NE07080,2,9,0,18,0,0,0,0,0,0,1,1,6,1,7,973,1,12,-1,3
201391NE07098,1,5,0,17,0,0,1,0,1,9,1,1,6,1,6,1215,1,1,6,1
201391NE07125,1,9,0,9,0,1,0,0,0,0,3,1,6,2,7,1985,1,11,-1,1
201391NE07125,2,9,0,13,0,1,5,0,0,0,1,1,6,1,5,1400,1,14,-1,3
201391NE08103,1,9,0,4,0,0,0,0,0,0,3,1,2,1,8,-1,-1,-1,-1,3
201391NE08103,2,1,0,18,0,0,0,0,0,0,1,1,6,1,8,-1,-1,-1,-1,1
201391NE08103,3,1,0,18,0,0,0,0,0,0,2,1,6,1,8,-1,-1,-1,-1,-1
201391NE08324,1,1,0,18,0,8,0,0,0,0,2,1,6,1,9,-1,-1,-1,-1,3
201391NE08324,2,9,0,18,0,4,0,0,0,0,1,1,6,1,11,1198,1,9,-1,2
201391NE08487,1,19,0,18,0,0,0,0,1,0,1,1,6,1,9,1870,2,8,-1,1
201391NE08487,2,9,0,13,0,0,0,0,0,0,1,1,2,1,7,2496,2,11,-1,3
201391NE09050,1,9,0,18,0,0,1,0,1,4,1,1,6,2,10,1560,2,3,-1,3
201391NE09544,1,9,0,18,0,0,2,0,1,4,1,1,6,2,5,1299,1,7,-1,3
201391NE09544,2,9,0,18,0,0,2,0,1,4,1,1,6,2,9,1968,2,2,-1,3
201391NE09699,1,9,0,18,0,1,0,0,0,0,1,1,6,2,8,-1,-1,-1,-1,-1
201391NE09699,2,9,0,9,0,1,0,0,0,0,1,1,6,1,7,1956,2,1,-1,-1
201391NE10478,1,9,0,17,0,0,0,0,0,0,1,1,6,2,9,-1,-1,-1,-1,-1
201391NE10478,2,9,0,16,0,0,0,0,1,9,1,1,6,1,9,2993,2,-1,3,1
201391NE10520,1,9,0,17,0,0,2,0,7,4,1,1,2,1,5,1360,1,10,-1,-1
201391NE10584,1,9,0,18,0,0,2,0,0,0,1,1,6,1,9,1997,2,11,-1,3
201391NE10584,2,9,0,12,0,0,0,0,0,0,1,1,1,1,5,2457,1,10,-1,1
201391NE10584,3,9,0,18,0,0,0,0,0,0,3,1,1,2,7,1995,2,-1,-1,2
201391NE10584,4,9,0,18,0,0,0,0,0,0,3,1,1,2,6,1242,1,2,-1,3
201391NE10584,5,9,0,18,0,0,0,0,0,0,1,1,1,1,7,1968,2,3,-1,3
201391NE10837,1,9,0,17,0,0,0,0,0,0,1,1,6,2,8,1198,1,-1,-1,-1
201391NE10837,2,19,0,16,0,0,1,0,0,0,1,1,6,1,7,1686,2,2,-1,3
201391NE11019,1,9,0,18,0,1,0,0,7,2,3,1,2,1,8,-1,-1,-1,-1,3
201391NE11019,2,9,0,9,0,1,0,0,0,0,1,1,6,1,4,954,1,13,-1,3
201391NE11083,1,9,0,18,0,0,0,0,0,0,0,1,2,2,6,1598,1,8,-1,3
201391NE11219,1,3,0,18,0,1,1,0,0,0,1,1,6,1,5,487,1,6,-1,3
201391NE11219,2,9,0,10,0,1,0,0,0,0,1,1,6,2,8,1199,1,12,-1,1
201391NE11593,1,9,0,18,0,0,0,0,0,0,4,1,6,2,9,1560,2,2,-1,3
201391NE11625,1,9,4,9,0,1,0,0,7,0,4,1,6,1,10,-1,-1,-1,-1,3
201391NE11625,2,90,0,13,0,8,1,0,7,0,1,1,6,1,9,-1,-1,-1,-1,3
201391NE11734,1,9,0,16,0,0,5,0,1,9,1,1,6,1,8,1596,1,5,-1,-1
201391NE12017,1,9,0,5,0,-1,0,7,0,1,1,1,6,1,6,1796,1,11,-1,2
201391NE12212,1,5,0,17,0,2,0,0,1,0,1,1,6,1,5,599,1,4,-1,3
201391NE12333,1,90,0,18,0,0,0,11,0,0,1,1,1,1,7,2987,2,-1,-1,3
201391NE13152,1,9,0,4,0,0,0,0,0,0,-1,1,6,2,10,-1,-1,-1,-1,2
201391NE13152,2,5,0,17,0,0,1,0,0,7,4,1,6,1,7,-1,-1,-1,-1,1
201391NE13687,1,9,0,4,0,0,0,0,0,0,2,1,6,1,6,1984,1,6,-1,2
201391NE13687,2,9,0,4,0,0,0,0,0,0,1,1,6,1,7,1364,1,6,-1,2
201391NE13722,1,9,0,16,0,0,1,0,1,0,1,1,6,1,7,1560,2,6,-1,2
201391NE13814,1,9,0,18,0,0,1,4,0,2,1,1,6,1,5,1388,1,13,-1,-1
201391NE13814,2,9,0,2,0,0,0,0,0,0,2,1,6,3,-1,1598,1,9,-1,-1
201391NE14250,1,9,0,17,0,-1,2,0,7,0,1,1,6,1,5,1998,1,9,-1,3
201391NE14256,1,9,0,17,0,0,0,0,1,2,1,1,6,2,4,1229,1,5,-1,2
201391NE14309,1,9,0,3,0,0,0,0,0,0,2,1,6,2,6,1242,1,7,-1,3
201391NE14309,2,9,0,18,0,0,0,0,0,0,1,1,1,1,6,2143,2,2,-1,3
201391NE15803,1,9,0,13,0,-1,2,0,4,0,1,1,6,1,7,-1,-1,-1,-1,-1
201391NE15803,2,19,0,13,0,7,0,0,0,0,3,1,6,1,5,-1,-1,-1,-1,2
201391NE16147,1,9,0,5,0,6,0,0,0,9,3,1,6,1,7,1560,2,1,-1,3
201391NE16147,2,5,0,18,0,8,0,0,0,0,1,1,6,1,5,599,1,10,-1,3
201391NE16150,1,9,0,18,0,0,0,0,0,0,1,1,2,2,6,1781,1,17,-1,2
201391NE16150,2,1,0,18,0,0,0,0,1,0,2,1,4,1,3,-1,-1,-1,-1,2
201391NE16211,1,9,0,16,0,0,1,0,0,11,1,1,1,1,4,1229,1,6,-1,2
201391NE16372,1,9,0,7,0,8,0,0,7,1,1,1,6,2,8,1461,2,3,-1,2
201391NE16560,1,9,0,18,0,1,1,0,2,0,1,1,2,1,9,-1,-1,-1,-1,3
201391NE16560,2,19,0,16,0,1,1,0,0,0,1,1,2,1,8,-1,-1,-1,-1,3
201391NE16620,1,9,0,9,0,5,0,0,0,0,1,1,6,1,11,1364,1,5,-1,3
201391NE16620,2,9,0,18,0,1,0,0,0,0,1,1,6,1,5,1360,1,8,-1,3
201391NE16620,3,20,1,10,0,1,0,0,0,0,1,1,6,1,9,-1,-1,-1,-1,-1
201391NE16699,1,9,0,16,0,0,5,0,1,11,4,1,6,1,5,1364,1,9,-1,3
201391NE16700,1,9,0,16,0,0,1,0,7,9,1,1,6,1,7,1598,1,13,-1,3
201391NE16731,1,20,0,9,0,8,0,0,0,0,3,1,1,1,9,-1,-1,-1,-1,2
201391NE16835,1,9,0,4,0,1,0,0,7,0,2,1,2,1,7,1229,1,6,-1,3
201391NE16835,2,9,0,4,0,1,1,0,7,0,1,1,6,1,4,1360,1,7,-1,2
201391NE17027,1,9,0,18,0,0,1,0,0,0,3,1,6,1,8,1461,2,2,-1,3
201391NE17027,2,9,0,18,0,0,0,0,0,0,1,1,6,1,5,1995,1,11,-1,3
201391NH00013,1,9,0,17,5,0,1,0,1,9,4,1,6,1,8,2521,1,5,-1,3
201391NH00199,1,9,0,16,0,0,1,0,1,9,1,1,1,2,9,-1,-1,-1,-1,3
201391NH00290,1,19,0,18,0,0,5,0,7,0,1,1,6,1,9,-1,-1,-1,-1,3
201391NH02028,1,9,0,18,0,3,0,0,0,0,1,1,6,2,4,1124,1,9,-1,3
201391NH02277,1,9,0,18,0,1,0,0,0,0,1,1,6,2,10,1248,1,1,-1,3
201391NH02374,1,9,0,18,0,1,0,0,0,0,1,1,6,1,4,1396,1,8,-1,3
201391NH02694,1,9,0,18,0,0,2,0,2,0,1,1,2,2,7,1490,1,6,-1,3
201391NH03164,1,9,0,18,7,0,0,0,0,0,1,1,6,2,9,1329,1,1,-1,2
201391NH03197,1,9,0,18,0,0,0,11,0,0,3,1,6,1,4,1461,2,8,-1,3
201391NH03541,1,9,0,17,0,0,2,0,1,9,1,2,1,1,6,-1,-1,-1,-1,-1
201391NH03995,1,9,0,18,0,0,0,0,0,0,0,1,6,1,9,1598,1,-1,-1,1
201391NH05168,1,9,0,9,6,1,0,0,0,0,3,1,6,1,5,973,1,14,-1,3
201391NH05168,2,5,0,18,8,1,1,0,1,0,1,1,6,1,6,599,1,13,-1,2
201391NH05212,1,9,0,18,0,8,5,0,0,0,1,1,6,1,7,1332,1,2,-1,-1
201391NH05212,2,9,0,5,0,8,0,0,0,0,0,1,2,1,7,-1,-1,-1,-1,2
201391NH05318,1,9,0,7,0,1,0,0,0,0,0,1,6,1,4,1598,1,8,-1,2
201391NH05656,1,9,0,17,0,0,0,0,7,9,4,1,6,2,4,1598,1,11,-1,2
201391NH05843,1,9,0,4,0,1,0,0,0,0,2,1,2,2,7,1900,2,13,-1,3
201391NH05843,2,5,0,4,0,1,1,0,0,0,1,1,2,1,8,989,1,26,-1,3
201391NH06093,1,9,0,16,0,0,2,0,7,11,1,1,6,2,5,1995,2,9,-1,3
201391NH06292,1,11,0,17,0,0,1,0,7,0,1,1,1,1,10,4250,2,11,-1,3
201391NH06301,1,9,0,18,0,0,1,0,1,9,4,1,6,1,4,1248,2,4,-1,3
201391NH06596,1,9,0,10,0,1,0,0,0,0,2,1,6,1,7,1796,1,14,-1,3
201391NH06596,2,19,0,18,0,1,0,0,0,0,1,1,6,1,4,1686,2,13,-1,3
201391NH06693,1,9,0,17,0,0,1,0,8,11,4,1,6,1,6,1598,1,13,-1,2
201391NJ00154,1,9,0,18,0,1,0,0,0,0,0,1,6,2,10,1493,2,6,-1,3
201391NJ00654,1,9,0,18,0,0,1,0,1,11,1,1,2,1,9,-1,-1,-1,-1,-1
201391NJ00674,1,9,0,18,0,0,2,0,7,9,1,1,2,2,5,1398,2,7,-1,3
201391NJ00719,1,9,0,9,0,7,0,0,0,0,4,1,6,1,8,2695,2,8,-1,3
201391NJ00719,2,9,0,18,0,1,0,0,0,0,1,1,6,2,10,1560,2,5,-1,3
201391NJ01098,1,9,0,17,0,0,5,0,1,9,1,1,1,1,5,-1,-1,-1,-1,3
201391NJ01362,1,9,0,18,0,4,5,0,0,1,1,1,6,2,11,1198,1,2,-1,3
201391NJ01907,1,9,0,5,0,0,0,0,0,0,4,1,3,2,6,1362,1,1,-1,2
201391NJ02313,1,9,0,17,0,0,1,0,1,0,1,1,6,1,8,1984,1,19,-1,2
201391NJ02313,2,98,0,17,0,0,0,0,0,0,0,1,1,1,7,-1,-1,-1,-1,-1
201391NJ02313,3,19,0,17,0,0,2,0,1,9,1,1,1,1,5,1968,2,1,-1,-1
201391NJ02313,4,98,0,17,0,0,1,11,2,7,4,1,1,1,9,-1,-1,-1,-1,1
201391NJ02313,5,21,1,16,0,0,1,1,0,7,3,1,1,1,8,11705,2,6,-1,1
201391NJ02870,1,9,0,17,0,0,1,0,1,11,2,1,6,1,4,1242,1,9,-1,3
201391NJ04161,1,9,0,18,0,0,2,0,1,4,1,1,2,1,5,1587,1,11,-1,3
201391NJ04650,1,9,0,18,0,0,2,0,0,0,0,1,6,1,8,1560,2,6,-1,-1
201391NJ04759,1,9,0,16,0,0,5,0,0,4,1,1,6,2,7,999,1,13,-1,3
201391NJ04898,1,90,4,18,0,2,0,0,7,9,1,1,2,1,6,-1,-1,-1,-1,3
201391NJ04898,2,11,0,18,0,1,0,0,0,0,1,1,1,1,9,4250,2,10,-1,3
201391NJ05574,1,9,0,18,0,0,0,0,0,0,4,1,6,1,9,2319,1,9,-1,3
201391NJ05835,1,9,0,18,0,0,2,0,1,4,1,1,6,1,7,1398,2,6,-1,3
201391NJ05916,1,9,0,18,0,0,0,0,2,4,1,1,6,1,5,1999,1,7,-1,3
201391NJ06206,1,9,0,16,0,0,5,0,7,4,4,1,6,1,6,1242,1,14,-1,-1
201391NJ06212,1,9,0,7,0,2,0,0,7,0,1,1,2,1,6,-1,-1,-1,-1,-1
201391NJ06212,2,9,0,16,0,1,0,0,0,0,3,1,6,2,8,1968,2,-1,-1,3
201391NJ07375,1,9,0,16,0,0,0,0,0,0,1,2,6,2,5,-1,-1,-1,-1,-1
201391NJ07375,2,9,0,17,0,0,0,0,0,0,1,1,6,1,5,-1,-1,-1,4,1
201391NJ07417,1,9,0,18,0,0,0,10,0,0,1,1,2,2,8,1390,1,3,-1,2
201391NJ07417,2,9,0,18,0,0,0,0,0,0,1,1,2,1,6,1795,1,13,-1,2
201391NJ07436,1,21,1,-1,0,8,5,0,0,2,4,1,1,1,8,11705,2,7,-1,-1
201391NJ07689,1,9,0,18,0,0,0,0,1,9,1,1,1,1,6,1968,2,-1,-1,3
201391NJ07829,1,5,0,16,0,0,1,0,0,7,4,1,6,1,8,899,1,13,6,1
201391NJ08060,1,5,0,18,0,0,1,0,1,9,1,1,6,1,6,592,1,20,-1,3
201391NJ08557,1,9,0,18,0,0,0,0,8,11,1,1,6,1,5,1396,1,11,-1,3