Accident_Index,Vehicle_Reference,Vehicle_Type,Towing_and_Articulation,Vehicle_Manoeuvre,Vehicle_Location-Restricted_Lane,Junction_Location,Skidding_and_Overturning,Hit_Object_in_Carriageway,Vehicle_Leaving_Carriageway,Hit_Object_off_Carriageway,1st_Point_of_Impact,Was_Vehicle_Left_Hand_Drive?,Journey_Purpose_of_Driver,Sex_of_Driver,Age_Band_of_Driver,Engine_Capacity_(CC),Propulsion_Code,Age_of_Vehicle,Driver_IMD_Decile,Driver_Home_Area_Type
201391NJ08838,1,9,0,16,0,0,0,0,0,0,4,1,6,1,10,2099,1,11,-1,2
201391NJ08886,1,9,0,7,0,5,0,0,0,0,4,1,6,1,9,1956,2,2,-1,3
201391NJ08886,2,9,0,18,0,-1,0,0,0,0,3,1,6,1,4,998,1,-1,-1,2
201391NJ08886,3,5,0,18,0,-1,0,0,1,11,1,1,6,1,8,1352,1,3,-1,3
201391NJ09241,1,9,0,16,0,0,2,0,7,11,1,1,2,1,4,1598,1,12,-1,3
201391NJ09447,1,19,0,9,0,1,0,0,0,0,3,1,2,1,6,1997,2,9,-1,2
201391NJ09447,2,9,0,13,0,1,5,0,7,0,4,1,2,1,4,1242,1,5,-1,3
201391NJ09743,1,9,0,16,0,0,0,0,1,0,0,1,6,1,10,1560,2,1,-1,2
201391NJ09743,2,9,0,17,0,0,0,0,1,0,0,1,1,1,7,2183,2,2,9,1
201391NJ09808,1,90,0,17,0,0,0,0,7,0,1,1,6,1,9,-1,-1,-1,-1,-1
201391NJ09808,2,9,0,16,0,0,0,0,0,0,1,1,6,1,4,1124,1,12,-1,3
201391NJ10205,1,9,0,10,0,1,2,0,1,11,3,1,6,1,9,1386,1,6,-1,1
201391NJ10205,2,19,0,18,0,1,0,0,7,11,4,1,2,1,5,2143,2,2,-1,1
201391NJ10287,1,19,0,-1,0,0,0,0,0,0,-1,1,6,1,5,1248,2,5,-1,3
201391NJ10287,2,98,0,18,0,0,1,0,7,0,1,1,1,1,4,-1,-1,-1,-1,-1
201391NJ10587,1,11,0,18,0,0,0,0,0,0,1,1,1,2,10,9360,2,2,-1,3
201391NJ10587,2,9,0,6,0,0,1,0,0,0,4,2,6,1,6,-1,-1,-1,-1,-1
201391NJ10641,1,9,0,16,0,0,2,0,6,11,1,1,6,1,4,-1,-1,-1,-1,-1
201391NJ10642,1,19,0,18,0,0,0,0,1,2,1,1,1,1,9,2402,2,2,-1,2
201391NJ11127,1,9,0,17,0,0,5,0,7,11,3,1,6,1,5,1997,1,9,-1,3
201391NJ11789,1,21,0,3,0,0,0,0,0,0,0,1,1,1,7,8867,2,5,-1,-1
201391NJ11789,2,5,0,17,0,0,0,0,0,0,1,1,6,1,6,-1,-1,-1,-1,-1
201391NJ11904,1,9,0,17,0,0,2,0,1,0,4,1,6,1,4,1396,1,9,-1,3
201391NJ11949,1,9,4,16,0,0,2,0,1,11,3,1,6,1,7,1995,2,9,-1,2
201391NJ12050,1,9,0,3,0,0,0,0,0,0,0,1,2,1,9,1686,2,5,-1,2
201391NJ12050,2,9,0,3,0,0,0,0,0,0,1,1,6,1,9,1596,1,11,-1,-1
201391NJ12050,3,9,0,3,0,0,1,11,0,0,1,1,6,2,4,1388,1,3,-1,-1
201391NJ12295,1,2,0,17,0,0,0,0,0,0,1,1,6,1,4,49,1,7,-1,2
201391NJ12408,1,9,0,18,0,8,1,0,3,11,1,1,6,2,6,1360,1,6,-1,2
201391NJ12433,1,90,0,7,9,1,0,0,0,11,1,1,6,1,9,998,1,-1,-1,2
201391NJ12648,1,9,0,7,0,5,0,11,0,0,4,1,6,2,6,1896,2,12,-1,2
201391NJ12864,1,5,0,2,0,2,0,0,0,0,0,1,6,1,8,-1,-1,-1,-1,-1
201391NJ12864,2,5,0,10,0,1,0,0,0,0,4,1,6,2,8,-1,-1,-1,-1,-1
201391NJ12864,3,5,0,18,0,1,0,0,0,0,1,1,6,1,6,599,1,20,10,2
201391NJ13068,1,9,0,18,0,0,0,0,1,0,1,1,6,1,4,1149,1,13,-1,1
201391NJ13147,1,9,0,17,0,0,1,0,7,11,1,1,6,1,7,-1,-1,-1,-1,-1
201391NJ13152,1,1,0,18,0,6,0,0,0,0,4,1,6,2,3,-1,-1,-1,-1,3
201391NJ13152,2,9,0,18,0,2,0,0,0,0,0,1,6,1,8,1997,2,10,-1,3
201391NJ13525,1,5,0,16,0,0,1,0,0,0,4,1,6,1,7,998,1,5,-1,2
201391NJ13627,1,9,0,13,0,0,0,0,0,0,0,1,2,1,7,1598,1,3,-1,2
201391NJ13627,2,1,0,18,0,0,0,0,1,0,3,1,6,1,8,-1,-1,-1,-1,3
201391NJ13953,1,9,0,18,0,0,1,0,1,0,4,1,1,1,7,-1,-1,-1,-1,3
201391NJ14205,1,9,0,9,0,5,0,0,0,0,4,1,6,1,5,1999,1,5,-1,3
201391NJ14205,2,1,0,10,0,6,0,0,0,0,1,1,2,1,7,-1,-1,-1,-1,2
201391NJ14545,1,9,0,18,0,2,1,12,1,9,1,1,6,1,4,1968,2,4,-1,2
201391NJ14564,1,9,0,4,0,1,0,0,0,0,4,1,6,1,4,1396,1,11,-1,2
201391NJ14632,1,9,0,9,0,5,0,0,0,0,4,1,6,1,8,1560,2,1,-1,3
201391NJ14632,2,9,0,18,0,2,0,0,0,0,1,1,6,1,5,1975,2,15,3,1
201391NJ14663,1,9,0,17,0,0,2,0,1,11,1,1,2,1,6,1896,2,11,-1,3
201391NJ14705,1,9,0,18,0,0,0,0,0,0,1,1,6,2,7,1598,1,7,-1,3
201391NJ14705,2,9,0,13,0,0,0,0,0,0,1,1,6,1,6,1896,2,11,-1,2
201391NJ15129,1,9,0,18,0,0,2,11,2,11,4,1,6,2,6,1124,1,11,-1,3
201391NJ15221,1,9,0,18,0,0,2,0,1,11,4,1,6,1,6,1560,2,5,-1,2
201391NJ15439,1,3,0,16,0,0,1,0,1,0,4,1,6,1,4,125,1,-1,-1,3
201391NJ15582,1,9,0,16,0,0,1,0,7,11,3,1,6,1,6,1196,1,16,-1,3
201391NJ15741,1,9,0,16,0,0,0,0,1,0,1,1,6,2,6,1799,1,6,-1,3
201391NJ15741,2,9,0,17,0,0,0,0,7,0,1,1,6,1,5,-1,-1,-1,-1,3
201391NJ15900,1,9,0,18,0,0,1,0,1,0,2,1,2,1,8,1868,2,12,-1,2
201391NJ15998,1,9,0,18,0,0,0,0,0,0,1,1,2,1,8,1995,1,7,-1,3
201391NJ16033,1,9,0,18,0,2,0,0,0,0,1,1,1,1,5,1896,2,7,-1,2
201391NJ16115,1,9,0,-1,0,0,0,0,1,11,4,1,2,2,5,1229,1,7,-1,3
201391NJ16407,1,9,0,16,0,1,5,10,7,11,1,1,6,1,9,1761,1,15,-1,3
201391NJ16734,1,19,0,18,0,0,0,0,0,0,-1,1,1,1,8,1753,2,1,-1,1
201391NJ16734,2,1,0,18,0,0,0,0,0,0,1,1,6,2,7,-1,-1,-1,-1,3
201391NJ16882,1,19,0,9,0,6,1,0,0,0,4,1,1,1,10,2500,2,2,-1,3
201391NJ16882,2,9,0,18,0,-1,2,0,1,1,1,1,6,2,6,1199,1,9,-1,2
201391NJ16900,1,9,0,9,0,5,0,0,7,7,4,1,6,1,10,1991,2,3,-1,3
201391NJ16900,2,20,0,17,0,-1,0,0,3,1,1,1,6,1,9,-1,-1,-1,-1,1
201391NJ16900,3,9,0,3,0,1,0,0,0,0,0,1,6,1,-1,1199,1,11,-1,-1
201391NJ16925,1,9,0,18,0,0,1,0,1,0,1,1,6,2,8,1598,1,16,-1,3
201391NJ16932,1,9,0,18,0,0,2,0,7,9,0,2,6,1,6,1398,1,-1,-1,-1
201391NJ17273,1,90,0,16,0,0,1,6,2,11,3,1,1,1,9,-1,-1,-1,-1,3
201391NJ17497,1,2,0,7,0,5,0,10,0,0,1,1,6,1,4,49,1,5,-1,3
201391NJ18234,1,19,0,18,0,0,2,0,7,7,4,1,6,1,9,-1,-1,-1,-1,2
201391NJ18260,1,17,0,18,0,0,0,0,1,0,2,1,1,1,8,4400,2,4,-1,3
201391NJ18260,2,20,0,17,0,0,0,0,1,0,1,1,1,1,8,-1,-1,-1,-1,3
201391NJ18342,1,9,0,18,0,0,0,0,0,0,1,1,6,2,9,2261,1,4,-1,2
201391NJ18365,1,9,0,17,0,0,2,10,0,0,4,1,6,1,5,-1,-1,-1,-1,-1
201391NJ18607,1,9,0,-1,0,-1,0,0,0,0,-1,1,6,1,11,1461,2,8,-1,3
201391NJ18607,2,9,0,18,0,1,0,0,0,0,4,1,6,2,7,1364,1,9,-1,3
201391NK00363,1,9,0,9,0,8,0,0,0,0,1,1,6,1,11,1199,1,12,-1,-1
201391NK00363,2,8,0,18,0,4,0,0,0,0,3,1,1,1,8,1896,2,8,-1,-1
201391NK00467,1,9,0,17,0,0,0,0,1,11,1,1,6,2,8,1951,2,7,-1,3
201391NK00740,1,9,0,13,0,1,0,0,7,11,4,1,6,2,9,1199,2,1,-1,3
201391NK00740,2,19,0,9,0,1,0,0,0,0,3,1,6,1,7,2198,2,4,-1,3
201391NK00802,1,19,0,7,0,2,0,0,0,0,1,1,2,1,-1,-1,-1,-1,-1,-1
201391NK00802,2,1,0,18,0,2,0,0,0,0,-1,1,6,1,7,-1,-1,-1,-1,-1
201391NK00903,1,-1,0,18,0,1,0,0,0,0,0,1,3,2,8,-1,-1,-1,-1,3
201391NK00903,2,1,0,18,0,6,0,0,0,0,1,1,4,1,6,-1,-1,-1,-1,-1
201391NK01124,1,9,0,16,0,0,0,0,7,0,1,1,6,2,6,998,1,1,-1,3
201391NK01124,2,9,0,17,0,0,0,0,1,9,1,1,6,2,8,1753,2,5,-1,3
201391NK01124,3,20,0,16,0,0,0,0,0,0,0,1,6,3,-1,-1,-1,-1,-1,-1
201391NK01144,1,17,5,16,0,0,5,0,7,11,3,1,1,1,4,-1,2,4,-1,3
201391NK01933,1,16,0,18,0,0,0,0,0,0,0,1,6,2,7,-1,-1,-1,-1,3
201391NK01933,2,21,1,18,0,0,0,0,0,0,0,1,1,1,8,11946,2,5,-1,3
201391NK02068,1,5,0,18,0,0,0,0,0,7,3,1,6,1,6,636,1,9,7,2
201391NK02186,1,9,0,18,0,0,1,0,0,0,1,1,6,2,10,1997,2,11,-1,3
201391NK02186,2,9,0,18,0,0,0,0,0,0,1,1,2,2,9,4367,2,1,-1,3
201391NK02402,1,9,0,4,0,0,0,0,0,0,1,1,6,2,11,1388,1,10,-1,3
201391NK02402,2,9,0,2,0,0,0,0,0,0,2,1,6,2,-1,-1,-1,-1,-1,-1
201391NK03163,1,9,0,18,0,1,1,0,0,0,1,1,6,1,6,1332,1,18,-1,3
201391NK03163,2,9,0,18,0,1,0,0,0,0,1,1,6,2,9,2830,2,18,7,3
201391NK03356,1,5,0,18,0,0,1,12,1,0,0,1,6,1,9,553,1,19,-1,3
201391NK03725,1,5,0,16,0,2,1,0,0,0,0,1,6,1,6,636,1,7,-1,3
201391NK04075,1,5,0,16,0,1,5,0,0,0,0,1,6,1,8,748,1,31,-1,3
201391NK04075,2,9,4,9,0,5,0,0,0,0,4,1,6,2,7,-1,-1,-1,-1,3
201391NK04608,1,9,0,13,0,0,1,0,0,0,1,1,2,1,7,1527,2,17,-1,3
201391NK04608,2,9,0,17,0,0,0,0,1,0,1,1,6,1,7,1994,1,9,-1,1
201391NK04728,1,5,0,16,0,0,0,0,0,0,1,1,6,1,9,745,1,8,-1,3
201391NK04728,2,9,0,17,0,0,0,0,0,0,1,1,6,2,9,1998,1,11,-1,2
201391NK05007,1,9,0,9,0,5,0,0,0,0,3,1,6,1,9,1686,2,9,-1,2
201391NK05277,1,8,0,6,0,4,0,0,0,0,1,1,1,1,9,1753,2,5,-1,2
201391NK05277,2,2,0,6,0,4,0,0,0,0,3,1,6,1,4,49,1,7,-1,3
201391NK05338,1,9,0,3,0,1,0,0,7,0,4,1,6,2,9,2926,2,11,-1,3
201391NK05338,2,1,0,9,0,1,0,0,0,0,3,1,6,2,8,-1,-1,-1,-1,3
201391NK05590,1,9,0,3,0,2,0,0,0,0,1,1,2,2,8,1997,2,9,-1,3
201391NK05713,1,9,0,17,0,0,1,0,1,0,3,1,1,2,6,1598,1,8,-1,3
201391NK05713,2,9,0,16,0,0,1,0,7,0,3,1,6,2,4,1299,1,12,-1,3
201391NK05940,1,9,0,3,0,1,0,0,0,0,2,1,2,2,8,1398,2,7,-1,-1
201391NK05940,2,9,0,18,0,1,1,0,0,0,1,1,6,3,-1,-1,-1,-1,-1,-1
201391NL00007,1,9,0,16,0,3,1,0,1,1,4,1,6,1,6,2671,1,14,-1,2
201391NL00064,1,9,0,18,0,3,0,0,0,0,4,1,1,1,7,2268,2,2,-1,2
201391NL00064,2,9,0,18,0,4,0,0,0,0,1,1,6,1,4,1910,2,6,-1,2
201391NL00201,1,8,0,17,0,0,1,0,1,0,1,1,1,1,8,1995,2,5,-1,3
201391NL00201,2,9,0,17,0,0,0,0,7,9,1,1,6,1,4,1396,1,10,-1,2
201391NL00316,1,9,0,18,0,2,0,0,0,0,1,1,6,1,6,1596,1,11,-1,3
201391NL00316,2,9,0,18,0,1,0,0,0,0,4,1,2,1,7,1582,2,4,-1,3
201391NL00730,1,3,0,18,0,1,1,0,0,0,0,1,6,1,4,124,1,11,-1,3
201391NL01068,1,9,0,17,0,0,2,0,7,11,2,1,2,1,8,-1,-1,-1,-1,1
201391NL01162,1,11,0,10,0,1,0,0,0,0,0,1,1,1,9,5900,2,11,-1,2
201391NL01162,2,9,0,7,0,6,0,0,0,0,0,1,6,1,5,1990,1,20,-1,2
201391NL01381,1,19,0,7,0,2,0,0,0,0,3,1,1,1,4,2402,2,2,-1,3
201391NL01777,1,9,0,17,0,1,0,0,0,0,1,1,2,2,8,998,1,1,-1,2
201391NL01777,2,9,0,9,0,6,0,0,0,0,1,1,6,2,4,1299,1,8,-1,3
201391NL01856,1,9,0,16,0,0,1,0,0,0,1,1,6,2,4,1199,1,11,-1,3
201391NL01856,2,9,0,17,0,0,1,0,0,0,1,1,6,1,5,2000,2,7,-1,3
201391NL02133,1,9,0,18,0,1,0,0,0,0,1,1,6,2,10,1598,1,4,-1,3
201391NL02133,2,21,0,18,0,1,0,0,0,0,1,1,1,1,8,12740,2,-1,-1,2
201391NL02749,1,9,0,13,0,1,0,0,7,0,1,1,2,1,7,-1,-1,-1,-1,3
201391NL02749,2,9,0,-1,0,1,1,0,0,0,3,1,2,2,-1,-1,-1,-1,-1,3
201391NL03130,1,9,0,18,0,1,0,0,7,11,1,1,6,2,11,1242,1,3,10,2
201391NL03130,2,9,0,18,0,1,0,0,0,0,0,1,6,1,7,1896,2,11,-1,3
201391NL03283,1,9,0,18,0,1,0,0,7,9,1,1,6,2,5,1596,1,1,-1,2
201391NL03283,2,9,0,5,0,2,0,0,1,0,4,1,1,1,6,1584,1,7,-1,3
201391NL03882,1,9,0,18,0,0,2,0,7,7,1,1,6,1,4,1229,1,8,-1,3
201391NL04059,1,9,0,17,0,0,2,0,1,2,1,1,6,1,5,1598,1,11,-1,2
201391NL04231,1,90,0,1,0,0,0,0,0,0,0,1,1,1,8,7142,2,4,-1,2
201391NL04440,1,9,0,18,0,0,0,0,0,0,1,1,6,2,4,998,1,1,-1,3
201391NL04440,2,9,0,18,0,0,0,0,0,0,1,1,6,1,4,1124,1,12,-1,-1
201391NL04527,1,9,0,1,0,0,0,0,0,0,2,1,6,1,8,1560,2,3,-1,-1
201391NL04855,1,9,0,18,0,8,1,0,7,0,1,1,6,2,8,1870,2,10,-1,3
201391NL04855,2,17,0,9,0,1,1,0,0,0,4,1,1,1,4,-1,2,5,-1,3
201391NL04855,3,9,0,18,0,-1,0,0,0,0,3,1,6,1,8,1686,2,9,-1,3
201391NL05798,1,9,0,18,0,0,1,0,0,7,4,1,2,2,7,998,1,6,-1,3
201391NL05914,1,9,0,1,0,6,0,0,0,0,2,1,6,1,8,1461,2,3,-1,3
201391NL06130,1,9,0,17,0,0,1,0,0,7,1,1,1,2,5,1349,1,4,-1,3
201391NL06656,1,9,0,9,0,6,0,0,0,0,3,1,6,2,11,998,1,4,-1,3
201391NL06656,2,9,0,18,0,1,1,0,1,10,1,1,6,1,6,1984,1,7,-1,3
201391NL06785,1,9,4,4,0,0,0,0,0,0,1,1,6,1,8,-1,-1,-1,-1,3
201391NL06785,2,9,0,4,0,0,0,0,0,0,1,1,6,1,9,-1,-1,-1,-1,3
201391NM00412,1,20,0,18,0,1,0,0,0,0,1,1,1,1,9,-1,-1,-1,-1,3
201391NM00412,2,9,0,9,0,8,0,0,0,1,3,1,6,1,9,1596,1,2,-1,2
201391NM00438,1,1,0,18,0,8,0,0,0,0,1,1,6,1,5,-1,-1,-1,-1,2
201391NM00438,2,9,0,18,0,8,0,0,0,0,4,1,6,3,-1,-1,-1,-1,-1,-1
201391NM00443,1,9,0,18,0,0,1,0,0,0,1,1,6,2,6,1368,1,5,-1,3
201391NM00443,2,9,0,18,0,0,0,0,1,0,1,1,6,1,7,-1,-1,-1,-1,3
201391NM00468,1,9,0,16,9,0,1,0,1,4,3,1,6,2,5,998,1,3,-1,1
201391NM00526,1,3,0,16,0,0,1,0,0,0,3,1,6,1,8,124,1,1,-1,3
201391NM00830,1,9,0,16,0,0,0,0,0,0,1,1,2,1,7,2171,2,13,-1,3
201391NM00830,2,9,0,16,0,0,0,0,0,0,1,1,6,1,11,1997,1,9,-1,2
201391NM00954,1,9,0,6,0,6,0,0,7,0,1,1,6,1,6,1388,1,11,-1,1
201391NM00954,2,9,0,18,0,1,0,0,7,0,1,1,2,2,7,1149,1,7,-1,1
201391NM01251,1,9,0,18,0,0,2,0,7,7,1,1,1,1,5,1149,1,6,-1,1
201391NM01281,1,9,0,18,0,0,2,0,0,0,1,1,6,2,9,-1,-1,-1,-1,3
201391NM01583,1,9,0,4,0,3,0,0,0,0,2,1,6,2,10,1198,1,1,-1,2
201391NM01583,2,9,0,4,0,3,0,0,0,0,2,1,1,1,6,-1,-1,-1,-1,1
201391NM01583,3,9,0,4,0,3,0,0,0,0,1,1,6,1,11,1248,1,2,-1,2
201391NM01816,1,9,0,18,0,1,1,0,1,10,1,1,2,1,4,1396,1,8,-1,2
201391NM02237,1,1,0,18,9,0,1,7,0,0,1,1,6,1,4,-1,-1,-1,-1,2
201391NM02841,1,9,0,18,0,1,0,0,0,0,1,1,2,1,5,-1,-1,-1,-1,1
201391NM02841,2,19,0,5,0,2,0,0,0,0,4,1,2,1,7,1968,2,6,-1,2
201391NM02917,1,21,4,18,0,0,3,0,1,7,1,1,1,1,8,12900,2,4,-1,2
201391NM03093,1,98,0,18,0,2,0,0,0,0,3,1,6,3,-1,-1,-1,-1,-1,-1
201391NM03494,1,9,0,18,0,0,0,0,0,0,1,1,2,1,9,1796,1,10,-1,3
201391NM03494,2,9,0,16,0,0,1,0,0,0,1,1,2,1,8,1995,2,1,-1,3
201391NM03776,1,9,0,13,0,7,0,0,0,0,3,1,6,2,11,1598,2,1,10,3
201391NM03776,2,21,1,18,0,-1,0,0,0,0,2,1,1,1,9,12419,2,1,-1,1
201391NM03776,3,21,1,18,0,-1,0,0,0,0,3,1,1,1,8,12900,2,1,8,1
201391NM04224,1,19,0,18,0,0,0,0,1,0,3,1,1,1,8,2402,2,8,-1,2
201391NM04224,2,90,0,18,0,0,0,0,0,0,1,1,6,3,-1,-1,-1,-1,-1,-1
201391NM04828,1,17,5,18,0,1,0,0,0,0,3,1,1,1,5,6728,2,3,-1,3
201391NM04828,2,9,0,7,0,2,0,0,0,0,1,1,6,2,9,1497,1,11,-1,3
201391NM05387,1,9,0,16,0,6,1,0,7,4,4,1,6,2,6,2494,1,13,-1,3
201391NM05872,1,5,0,17,0,0,1,0,1,0,1,1,6,1,7,998,1,1,-1,3
201391NM06291,1,9,0,7,9,5,0,0,0,0,3,1,6,1,11,1242,1,1,-1,3
201391NM06302,1,17,0,18,0,0,0,0,0,0,1,1,1,1,9,4525,2,3,-1,3
201391NM06477,1,9,0,5,0,0,0,0,7,11,2,1,6,1,9,1596,1,6,-1,2
201391NM06725,1,9,0,18,0,0,2,0,7,4,4,1,6,1,5,1995,1,15,-1,3
201391NM06825,1,9,0,16,0,0,0,0,0,0,1,1,2,1,7,1968,2,3,-1,1
201391NM06825,2,9,0,17,0,0,0,0,1,1,1,1,6,1,6,1360,1,11,-1,1
201391NM06825,3,9,0,17,0,0,0,0,0,0,1,2,6,2,9,-1,-1,-1,-1,-1
201391NM07227,1,9,0,5,6,0,1,0,1,11,3,1,6,1,10,2231,2,6,-1,3
201391NM07227,2,9,0,18,0,0,0,0,7,0,4,1,6,2,4,1246,1,6,-1,3
201391NM07285,1,9,0,5,8,0,0,0,0,0,0,1,6,1,4,1396,1,13,-1,2
201391NM07406,1,9,0,17,0,0,0,0,0,0,1,1,6,1,5,1598,1,-1,-1,-1
201391NM07406,2,9,0,16,0,0,0,0,0,0,3,1,6,2,9,1796,1,14,-1,3
201391NM07735,1,5,0,16,0,0,1,0,7,0,4,1,6,1,9,992,1,10,-1,3
201391NM07879,1,9,0,18,0,1,0,0,0,0,4,1,6,2,7,-1,-1,-1,-1,2
201391NM07986,1,19,0,16,0,0,1,0,6,11,3,1,2,1,8,1968,2,-1,-1,3
201391NM07986,2,19,0,17,0,0,0,0,1,11,3,1,1,1,5,1248,2,1,-1,3
201391NM08143,1,9,0,9,0,6,0,0,0,0,3,1,6,2,10,1339,1,-1,-1,-1
201391NM08143,2,9,0,18,0,1,0,0,0,0,1,1,6,2,-1,1399,2,10,-1,3
201391NM08368,1,2,0,17,0,0,1,0,0,0,0,1,2,2,4,49,1,13,-1,-1
201391NM08376,1,9,0,17,0,0,2,0,8,10,1,1,6,1,7,-1,-1,-1,-1,-1
201391NM08544,1,9,0,17,0,0,0,0,0,0,1,1,2,1,7,1242,1,-1,-1,1
201391NM08544,2,9,4,16,0,0,0,0,1,0,3,1,6,2,6,1248,1,2,-1,3
201391NM08544,3,5,0,16,0,0,1,0,1,0,1,1,6,1,9,1215,1,-1,-1,1
201391NM08544,4,9,0,16,0,0,0,0,0,0,3,1,6,1,7,-1,-1,-1,-1,1
201391NM08884,1,9,0,9,0,5,0,0,7,4,1,1,6,1,9,1240,1,6,-1,-1
201391NM09347,1,9,0,18,0,0,2,0,7,0,1,1,6,1,4,1995,2,10,-1,-1
201391NM09720,1,9,0,18,0,0,1,0,0,0,1,1,6,2,11,1229,1,6,-1,1
201391NM09720,2,9,0,18,0,0,0,4,0,0,1,1,6,1,8,2494,2,1,-1,1
201391NM09720,3,19,0,18,0,0,2,0,1,0,1,1,1,1,7,2287,2,2,-1,1
201391NM09819,1,5,0,16,0,0,1,11,0,0,3,1,6,1,8,1170,1,2,-1,2
201391NM10023,1,9,0,18,0,7,1,0,7,3,1,1,6,2,5,1560,2,2,-1,-1
201391NM10164,1,9,0,16,0,0,2,0,7,9,1,1,1,1,4,1968,2,2,9,1
201391NM10330,1,3,0,18,0,0,1,0,0,0,0,1,2,1,4,124,1,7,-1,3
201391NM10359,1,9,0,4,0,0,1,0,0,0,1,1,2,1,6,1390,1,15,-1,3
201391NM10359,2,21,1,17,0,0,0,0,0,0,1,1,1,1,9,12419,2,2,-1,3
201391NM10404,1,9,0,18,0,0,0,0,0,0,3,1,6,1,5,-1,-1,-1,-1,-1
201391NM10404,2,21,1,18,0,0,0,0,0,0,3,1,1,1,8,12740,2,4,-1,2
201391NM10491,1,9,0,18,0,1,0,0,0,0,1,1,6,1,9,-1,-1,-1,-1,3
201391NM11146,1,9,0,18,0,1,0,0,0,0,1,1,2,1,8,1956,2,-1,-1,2
201391NM11682,1,21,-1,-1,0,0,0,0,0,0,-1,1,6,1,10,12900,2,5,-1,3
201391NM11682,2,9,0,18,0,0,0,0,0,0,4,1,6,2,10,1349,1,2,-1,3
201391NM12132,1,19,0,16,0,0,0,0,0,0,1,1,1,1,7,1995,2,-1,-1,1
201391NM12132,2,9,0,17,0,0,0,0,0,0,1,1,6,2,9,1997,2,7,-1,-1
201391NM12138,1,98,0,4,0,0,0,0,7,0,1,1,1,1,6,-1,-1,-1,-1,3
201391NM12485,1,9,0,18,0,0,1,0,1,4,3,1,6,1,6,1360,1,7,-1,3
201391NM12499,1,9,0,18,0,0,1,0,0,0,1,1,6,2,9,1998,1,9,-1,3
201391NM12610,1,9,0,18,0,0,2,0,1,0,1,1,6,1,6,1796,1,12,6,3
201391NN00218,1,9,0,9,0,8,0,0,0,10,4,1,6,1,11,1242,1,10,-1,1
201391NN00218,2,9,0,18,0,8,0,0,0,10,1,1,6,1,5,1896,2,8,-1,2
201391NN00682,1,9,0,16,0,8,0,0,0,0,1,1,6,2,8,998,1,10,-1,1
201391NN00682,2,9,0,2,0,1,0,0,0,0,1,1,6,2,-1,1596,1,5,-1,-1
201391NN00863,1,9,0,16,0,0,2,0,7,11,1,1,1,1,9,-1,-1,-1,-1,3
201391NN02018,1,9,0,16,0,7,1,0,0,0,2,1,6,1,9,1956,2,2,-1,1
201391NN02018,2,9,0,7,0,7,1,0,0,0,2,1,6,2,4,1149,1,2,-1,1
201391NN02018,3,9,0,7,0,7,1,0,0,0,1,1,2,2,4,1399,2,7,-1,1
201391NN02128,1,9,0,13,0,1,1,0,0,0,1,1,6,1,10,1998,1,10,-1,3
201391NN02128,2,1,0,9,0,1,0,0,0,0,3,1,6,1,10,-1,-1,-1,-1,1
201391NN02667,1,9,0,18,0,3,0,0,0,0,2,1,6,1,7,1999,1,9,-1,3
201391NN02667,2,9,0,18,0,3,0,0,0,0,1,1,6,1,6,2496,2,8,-1,-1
201391NN02923,1,9,0,7,0,6,0,0,0,0,1,1,2,1,7,1991,2,4,-1,1
201391NN02923,2,1,0,18,0,8,5,0,0,0,4,1,2,1,8,-1,-1,-1,-1,1
201391NN03522,1,9,0,18,0,8,0,0,0,0,4,1,2,1,8,2477,2,7,-1,3
201391NN03522,2,19,0,5,0,4,0,0,0,0,1,1,2,1,7,2402,2,3,-1,3
201391NN03954,1,4,0,7,0,1,0,0,0,0,4,1,6,1,6,-1,-1,-1,-1,-1
201391NN04349,1,9,0,18,0,1,0,0,0,0,2,1,1,1,8,1991,2,7,-1,1
201391NN04349,2,9,0,18,0,1,0,0,0,0,1,1,6,1,-1,1948,1,15,-1,3
201391NN04353,1,9,0,18,0,8,0,10,0,0,1,1,6,1,8,1598,2,1,-1,1
201391NN04374,1,21,1,18,0,0,3,0,8,6,3,1,1,1,9,12900,2,2,-1,2
201391NN04374,2,19,0,18,0,0,0,0,1,0,0,1,1,1,6,2143,2,3,1,1
201391NN04805,1,9,4,7,0,4,0,0,0,0,1,1,1,1,6,-1,-1,-1,-1,2
201391NN04805,2,1,0,18,0,4,0,0,0,0,3,1,2,1,8,-1,-1,-1,-1,1
201391NN04806,1,9,0,18,0,0,1,0,0,7,1,1,6,2,10,1796,1,9,-1,2
201391NN04806,2,20,0,18,0,0,0,0,1,10,3,1,1,1,6,3920,2,1,-1,3
201391NN04814,1,9,0,7,0,1,0,0,0,0,4,1,2,1,9,1796,1,10,-1,-1
201391NN05603,1,9,0,4,0,0,0,0,0,0,2,1,2,1,-1,-1,-1,-1,-1,3
201391NN05603,2,9,0,4,0,0,0,0,0,0,1,1,2,2,7,1896,2,8,-1,-1
201391NN05661,1,9,0,16,0,0,1,0,2,2,4,1,6,1,5,1560,2,8,-1,1
201391NN05770,1,9,0,16,0,0,1,11,4,6,1,1,2,1,8,1599,1,7,-1,3
201391NN05785,1,5,0,17,0,0,1,0,1,11,1,1,6,1,7,646,1,8,-1,1
201391NN06221,1,9,0,4,0,1,0,0,0,0,1,1,6,1,7,1896,2,6,-1,3
201391NN06221,2,9,0,10,0,1,0,0,0,0,2,1,6,2,7,1388,1,10,-1,1
201391NN06850,1,9,0,17,0,5,1,0,0,11,1,1,6,1,9,1984,1,9,-1,3
201391NN08158,1,9,0,14,0,0,0,0,0,0,3,1,1,1,6,2000,2,10,-1,1
201391NN08158,2,9,0,2,0,0,0,0,0,0,3,1,6,3,-1,2982,2,15,-1,-1
201391NN08276,1,98,0,18,0,1,0,0,0,0,1,1,6,1,6,1870,2,9,-1,-1