Accident_Index,Vehicle_Reference,Vehicle_Type,Towing_and_Articulation,Vehicle_Manoeuvre,Vehicle_Location-Restricted_Lane,Junction_Location,Skidding_and_Overturning,Hit_Object_in_Carriageway,Vehicle_Leaving_Carriageway,Hit_Object_off_Carriageway,1st_Point_of_Impact,Was_Vehicle_Left_Hand_Drive?,Journey_Purpose_of_Driver,Sex_of_Driver,Age_Band_of_Driver,Engine_Capacity_(CC),Propulsion_Code,Age_of_Vehicle,Driver_IMD_Decile,Driver_Home_Area_Type
201391NN08350,1,9,0,18,0,0,1,0,1,4,1,1,6,2,10,1686,2,2,-1,2
201391NN08356,1,9,0,4,6,2,0,0,0,0,0,1,1,1,7,1149,1,7,-1,1
201391NN08356,2,5,0,4,0,2,0,4,1,0,4,1,6,1,9,599,1,10,-1,3
201391NN08526,1,19,0,3,0,0,0,0,0,0,0,1,1,1,7,1968,2,2,-1,2
201391NN08526,2,19,0,4,0,0,1,4,0,0,0,1,1,1,6,1560,2,2,-1,-1
201391NN08526,3,9,0,4,0,0,1,4,0,0,1,1,6,1,7,2776,2,8,-1,1
201391NN08526,4,9,0,18,0,0,1,0,0,0,1,1,6,2,7,1124,1,12,-1,2
201391NN08765,1,9,0,10,0,5,0,0,0,0,1,1,6,2,9,1149,1,4,-1,1
201391NN08765,2,1,0,16,0,8,1,0,7,0,3,1,6,1,8,-1,-1,-1,-1,1
201391NN08877,1,5,0,18,0,1,1,0,1,0,0,1,6,1,7,600,1,14,-1,1
201391NN08877,2,-1,-1,-1,0,-1,0,0,0,0,-1,1,6,3,-1,-1,-1,-1,-1,-1
201391NN09499,1,9,0,17,0,0,2,0,7,11,1,1,6,2,4,1149,1,3,-1,3
201391NN09646,1,9,0,18,0,1,0,0,0,0,1,1,6,1,7,1390,1,11,-1,1
201391NN09646,2,9,0,9,0,1,0,0,0,0,1,1,6,2,8,-1,-1,-1,-1,-1
201391NN09665,1,9,0,16,0,1,0,0,0,0,4,1,6,2,-1,-1,-1,-1,-1,-1
201391NN09665,2,1,0,17,0,1,0,0,0,0,4,1,6,1,5,-1,-1,-1,-1,1
201391NN10409,1,19,0,10,0,5,0,0,0,0,2,1,1,1,6,1753,2,6,-1,1
201391NN10409,2,19,0,4,0,1,5,0,0,0,1,1,2,1,5,1998,2,8,-1,3
201391NN10409,3,9,0,18,0,1,0,0,1,0,0,1,6,1,4,1910,2,10,-1,1
201391NN10995,1,8,0,5,0,0,0,0,0,0,0,1,1,1,9,1560,2,4,-1,2
201391NN11302,1,9,0,18,0,0,0,0,0,0,4,1,6,2,9,998,1,-1,-1,-1
201391NN11438,1,9,0,18,0,4,0,0,0,0,1,1,6,1,11,1149,1,5,-1,1
201391NN11438,2,11,0,18,0,4,0,0,0,0,4,1,1,1,10,-1,-1,-1,-1,1
201391NN11467,1,21,0,18,0,0,0,0,0,0,1,1,1,1,6,6870,2,8,-1,3
201391NN11467,2,21,1,18,0,0,2,6,1,9,3,1,1,1,8,11946,2,-1,-1,3
201391NN12339,1,9,0,16,0,0,0,0,7,4,1,1,6,2,4,1781,1,13,-1,3
201391NN12363,1,3,0,17,0,1,2,0,0,0,3,1,6,2,9,102,1,7,-1,3
201391NN12402,1,9,0,18,0,1,0,0,0,0,1,1,6,1,6,1799,1,6,-1,3
201391NN12402,2,9,0,9,0,6,0,0,0,0,3,1,6,2,6,1149,1,3,-1,3
201391NN12717,1,5,0,17,0,0,1,0,1,10,1,1,6,1,7,1299,1,6,8,3
201391NN12740,1,9,0,9,0,6,0,0,1,0,1,1,6,2,8,1951,2,10,-1,3
201391NN12740,2,9,0,18,0,8,5,0,7,0,1,1,6,1,5,1242,1,9,-1,1
201391NN12936,1,9,0,18,0,0,5,0,2,10,3,1,6,1,6,1396,1,-1,-1,2
201391NN13070,1,9,0,9,0,2,0,0,0,0,1,1,6,2,6,1997,1,4,-1,3
201391NN13070,2,9,0,18,0,2,0,0,0,0,0,1,6,1,8,1248,1,1,-1,1
201391NN13137,1,9,0,18,0,0,2,0,7,0,1,1,6,1,7,2401,2,8,-1,3
201391NN13549,1,20,0,16,0,0,1,0,1,0,1,1,1,1,8,2998,2,-1,-1,2
201391NN13549,2,9,0,17,0,0,1,0,7,0,1,1,6,1,8,-1,-1,-1,-1,-1
201391NN13677,1,19,0,18,0,1,0,0,0,0,4,1,2,1,7,2402,2,2,-1,-1
201391NN13677,2,1,0,18,0,1,0,0,1,0,1,1,2,1,5,-1,-1,-1,-1,1
201391NN13960,1,9,0,18,0,1,0,10,0,1,3,1,6,1,11,2000,1,4,-1,1
201391NN14276,1,9,0,16,0,0,2,0,7,11,1,1,6,1,4,1396,1,9,-1,3
201391NN14786,1,19,0,3,0,0,0,0,0,0,1,1,1,1,8,2143,2,1,-1,1
201391NN14786,2,9,0,3,0,0,0,0,0,0,2,1,6,2,6,1242,1,7,-1,3
201391NN14786,3,9,0,3,0,0,0,0,0,0,2,1,6,2,8,1229,1,4,-1,2
201391NN15430,1,9,0,18,0,0,0,0,0,0,1,2,6,1,9,-1,-1,-1,-1,-1
201391NN15430,2,9,0,18,0,0,0,0,0,0,1,1,6,1,6,1968,2,-1,-1,-1
201391NN15430,3,5,0,13,0,0,2,0,1,0,1,1,6,2,7,-1,-1,-1,-1,-1
201391NN15459,1,9,0,7,0,5,0,0,0,0,2,1,2,2,8,1997,2,1,-1,3
201391NN15459,2,9,0,18,0,1,0,0,0,0,1,1,6,2,4,-1,-1,-1,-1,1
201391NN15838,1,9,0,18,0,8,0,0,0,0,1,1,1,2,6,1198,1,3,-1,3
201391NN15838,2,9,0,9,0,1,0,0,0,0,1,1,6,2,11,1198,1,-1,-1,3
201391NN16258,1,9,0,9,0,1,0,0,0,0,4,1,6,1,7,1598,1,7,-1,3
201391NN16258,2,3,0,18,0,1,0,0,0,0,1,1,6,1,9,647,1,13,-1,3
201391NN17159,1,9,0,5,0,6,0,0,0,0,1,1,6,2,6,1910,2,6,-1,1
201391NN17159,2,9,0,18,0,1,0,0,0,0,3,1,2,1,5,1998,1,14,-1,1
201391NN17777,1,9,0,9,0,1,0,0,0,0,4,1,3,2,7,1198,1,2,-1,3
201391NN17777,2,9,0,18,0,8,0,0,0,0,1,1,6,2,6,1796,1,13,-1,3
201391NN18744,1,97,0,17,0,0,5,0,7,9,1,1,6,1,6,-1,-1,-1,-1,1
201391NN18999,1,9,0,9,0,6,0,0,0,0,3,1,6,2,10,1388,1,1,-1,-1
201391NN18999,2,5,0,18,0,1,0,0,0,0,1,1,6,2,7,645,1,10,-1,1
201391NN19311,1,9,0,17,0,0,2,0,0,0,2,1,6,1,8,-1,-1,-1,-1,1
201391NN19311,2,9,0,17,0,0,0,0,1,11,1,1,6,1,6,1360,1,8,-1,2
201391NN19663,1,9,0,18,0,0,0,0,0,0,4,1,6,3,-1,-1,-1,-1,-1,-1
201391NN19711,1,9,0,16,0,0,0,0,7,9,1,1,6,1,4,1149,1,13,-1,3
201391NN20220,1,5,0,18,0,0,5,12,0,0,1,1,2,1,8,599,1,18,-1,2
201391NN20224,1,9,0,18,0,0,0,0,1,11,4,1,1,2,6,1596,1,1,-1,-1
201391NN20575,1,9,0,4,0,2,0,0,0,0,2,1,6,2,9,-1,-1,-1,-1,2
201391NN20575,2,9,0,4,0,2,0,0,0,0,2,1,6,1,9,1490,1,8,-1,1
201391NN20575,3,9,0,4,0,2,0,0,0,0,1,1,6,2,10,1198,1,1,-1,1
201391NN20575,4,9,0,4,0,2,0,0,0,0,1,1,6,2,5,1149,1,3,-1,2
201391NN20819,1,19,0,18,0,0,0,0,0,0,4,1,2,1,8,2188,2,12,-1,1
201391NN21289,1,5,0,18,0,1,1,0,0,0,1,1,2,1,9,1100,1,15,-1,3
201391NN21289,2,9,0,9,0,8,0,0,0,0,4,1,6,2,9,1197,1,-1,-1,-1
201391NN21689,1,9,0,13,0,0,0,0,0,0,1,1,6,1,10,1108,1,4,-1,3
201391NN21689,2,1,0,18,0,0,0,0,1,9,2,1,2,2,9,-1,-1,-1,-1,3
201391NN22038,1,9,0,9,0,5,0,0,7,11,1,1,6,1,8,1997,2,7,-1,1
201391NN22038,2,19,0,13,0,1,0,0,7,11,1,1,1,1,7,2198,2,1,-1,1
201391NN22143,1,9,0,-1,0,-1,0,0,0,0,-1,1,6,1,8,1242,1,-1,-1,-1
201391NN22143,2,9,0,-1,0,-1,0,0,0,0,-1,1,6,1,6,1995,2,1,-1,1
201391NN22556,1,4,0,18,0,0,0,0,0,0,3,1,6,1,9,-1,-1,-1,-1,-1
201391NN22723,1,9,0,18,0,8,0,0,0,0,1,1,6,2,6,1390,1,9,-1,1
201391NN22723,2,1,0,9,0,8,0,0,0,0,1,1,6,2,5,-1,-1,-1,-1,1
201391NN23310,1,11,0,18,0,0,0,0,7,9,1,1,1,1,9,4500,2,6,-1,2
201391NN23628,1,4,0,18,0,0,0,0,0,0,1,1,6,1,10,790,1,12,-1,3
201391NN23628,2,1,0,18,0,0,0,0,0,0,4,1,6,1,3,-1,-1,-1,-1,3
201391NN23755,1,9,0,18,0,1,0,0,7,0,1,1,6,2,10,1400,1,7,-1,2
201391NN23755,2,9,0,10,0,8,0,0,0,0,3,1,6,2,5,1242,1,1,-1,3
201391NN23845,1,9,0,4,0,3,0,0,0,0,2,1,6,1,6,1229,1,1,-1,3
201391NN23845,2,9,0,4,0,3,0,11,0,0,1,1,6,2,6,1596,1,7,-1,3
201391NN23968,1,9,0,18,0,0,0,4,0,0,1,1,6,1,7,1339,1,-1,-1,-1
201391NN23968,2,9,0,4,0,0,0,0,0,0,0,1,6,1,9,1798,1,1,-1,3
201391NN23968,3,9,0,2,0,0,0,4,0,0,1,1,6,1,-1,2993,2,8,-1,-1
201391NN23968,4,9,0,2,0,0,0,4,0,0,2,1,6,1,-1,1968,2,6,-1,-1
201391NN24074,1,9,0,7,0,3,0,0,0,0,1,1,6,1,6,2494,1,11,-1,1
201391NN24074,2,1,0,7,0,3,0,0,0,0,2,1,6,2,6,-1,-1,-1,-1,1
201391NN24385,1,9,0,18,0,0,0,0,0,0,4,1,6,2,7,1998,1,7,-1,-1
201391NN24385,2,1,0,18,0,0,0,0,0,0,4,1,6,1,6,-1,-1,-1,-1,1
201391NN25086,1,9,0,1,6,0,0,0,0,0,2,1,6,1,6,2488,2,7,-1,1
201391NN25719,1,5,0,16,0,0,0,0,7,0,0,1,6,1,6,999,1,13,-1,-1
201391NN26193,1,9,0,18,0,1,0,0,1,11,1,1,2,2,9,1149,1,3,-1,3
201391NN26193,2,9,0,3,0,2,0,0,0,0,2,1,2,1,8,1398,1,8,-1,1
201391NN26193,3,9,0,14,0,2,1,0,0,0,1,1,2,2,6,1360,1,4,-1,1
201391NN26212,1,9,0,16,0,0,0,12,0,0,1,1,6,1,7,1588,1,11,-1,3
201391NN26384,1,9,0,4,0,3,0,0,0,0,0,1,6,2,4,998,1,-1,-1,3
201391NN26384,2,5,0,9,0,3,0,0,0,0,0,1,6,1,7,675,1,6,-1,3
201391NN26682,1,9,0,17,0,0,0,0,0,0,3,1,2,2,7,1360,1,6,-1,1
201391NN26682,2,9,0,16,0,0,0,0,0,0,3,1,6,1,10,1595,1,7,-1,1
201391NN27081,1,9,0,17,0,0,2,0,1,9,2,1,6,1,8,1796,1,11,8,1
201391NN27893,1,9,0,18,0,8,0,0,0,0,1,1,6,1,4,1598,1,8,-1,3
201391NN27893,2,9,0,9,0,6,0,0,0,0,1,1,6,2,11,1086,1,10,-1,1
201391NN28015,1,5,0,16,0,0,0,0,7,0,0,1,6,1,10,1450,1,11,4,1
201391NN28029,1,9,0,9,0,5,0,0,0,0,1,1,6,1,10,1229,1,7,-1,3
201391NN28029,2,9,0,15,0,1,1,0,1,4,1,1,2,2,7,998,1,6,-1,3
201391NN28537,1,9,3,16,0,0,4,0,1,4,1,1,6,1,11,1988,1,13,9,1
201391NN28537,2,11,0,18,0,0,0,0,0,0,3,1,1,1,5,12000,2,4,-1,3
201391NN29464,1,9,0,16,0,0,0,0,0,0,4,1,1,2,8,1461,2,1,-1,1
201391NN29752,1,9,0,1,9,1,0,0,0,0,2,1,1,1,4,1149,1,14,-1,3
201391NN29907,1,9,0,4,0,0,0,0,0,0,2,1,6,2,7,-1,-1,-1,-1,3
201391NN29907,2,9,0,3,0,0,0,0,0,0,1,1,2,1,5,-1,-1,-1,-1,1
201391NN29935,1,9,0,1,0,2,0,0,0,0,0,1,6,2,8,1910,2,3,-1,-1
201391NN30074,1,5,0,16,0,0,1,0,7,1,3,1,6,1,8,749,1,4,6,2
201391NN30120,1,9,0,16,0,0,5,10,6,10,3,1,6,1,5,1149,1,11,-1,3
201391NN30141,1,9,0,18,0,0,0,0,0,0,0,1,6,1,10,1560,2,4,-1,1
201391NN30373,1,9,0,-1,0,4,0,0,0,0,4,1,6,1,6,2720,2,6,-1,3
201391NN31062,1,9,0,18,0,0,5,0,1,0,1,1,2,1,6,2171,2,10,-1,1
201391NN31215,1,21,0,4,0,1,0,0,0,0,0,1,1,1,8,12740,2,3,-1,2
201391NN31215,2,9,0,18,0,1,1,0,0,0,1,1,6,1,4,1360,1,8,-1,1
201391NN31258,1,9,0,16,0,0,1,0,7,0,1,1,6,2,9,1198,1,-1,-1,-1
201391NN31811,1,9,0,9,0,2,0,0,0,0,3,1,1,1,8,-1,-1,-1,-1,-1
201391NN31811,2,21,0,-1,0,1,0,0,0,0,1,1,1,1,7,5480,2,10,-1,3
201391NN31996,1,3,0,17,0,0,0,0,0,0,4,1,2,1,4,125,1,-1,-1,1
201391NN32424,1,9,0,4,0,1,0,0,0,0,1,1,2,2,8,1598,1,7,-1,1
201391NN32938,1,9,0,18,0,1,0,4,0,0,1,1,6,1,4,2435,1,10,-1,-1
201391NN32938,2,8,0,2,0,1,0,4,0,0,1,1,6,1,9,1685,2,1,-1,-1
201391NN32948,1,9,0,9,0,0,0,0,1,0,1,1,6,2,11,1590,1,11,-1,3
201391NN33008,1,9,0,18,0,8,1,0,0,2,1,1,6,1,6,1590,1,21,-1,1
201391NN33313,1,21,0,12,7,0,0,0,0,0,0,1,1,1,6,6370,2,7,-1,3
201391NN33313,2,9,0,3,0,0,0,0,0,0,2,2,1,2,8,1998,1,7,-1,-1
201391NN33313,3,9,0,4,0,0,0,0,0,0,2,1,1,1,6,-1,-1,-1,-1,-1
201391NN33313,4,9,0,3,0,0,0,0,0,0,1,1,1,2,7,1242,1,4,-1,1
201391NN33703,1,9,0,9,0,8,1,10,0,0,4,1,6,1,5,-1,-1,-1,-1,3
201391NN34064,1,9,0,18,2,0,2,0,7,0,1,1,6,1,8,1796,1,12,-1,3
201391NN34181,1,8,0,18,0,2,0,0,0,0,3,1,6,1,11,2435,1,16,-1,1
201391NN34181,2,9,0,18,0,8,0,0,0,0,1,1,6,2,7,2494,1,12,-1,3
201391NN34295,1,9,0,9,0,8,0,0,0,0,1,1,6,1,6,1198,1,10,-1,1
201391NN34295,2,9,0,18,0,8,0,0,0,0,1,1,6,1,5,1339,1,2,-1,1
201391NN34491,1,9,0,9,0,2,0,0,0,0,1,1,6,2,7,1587,1,10,-1,1
201391NN34491,2,9,0,18,0,1,0,0,0,0,1,1,6,2,6,998,1,3,-1,2
201391NN35470,1,9,0,4,0,1,0,0,0,0,1,1,6,2,6,1895,1,14,-1,2
201391NN35539,1,21,1,4,0,0,1,4,0,0,1,1,1,1,5,12740,2,-1,4,2
201391NN35539,2,9,0,2,0,0,0,4,1,0,2,1,2,1,7,1995,2,2,-1,3
201391NN35539,3,9,0,2,0,0,0,0,1,0,2,1,2,1,9,1248,1,2,-1,3
201391NN35539,4,9,4,2,0,0,0,4,0,0,2,1,1,1,8,-1,-1,-1,-1,3
201391NN35539,5,9,0,2,0,0,0,4,0,0,2,1,2,2,8,1242,1,10,-1,3
201391NN35539,6,9,0,2,0,0,0,0,0,0,2,1,1,2,6,1388,1,5,-1,3
201391NN35539,7,9,0,2,0,0,0,4,0,0,2,1,1,1,6,1360,1,8,-1,3
201391NN35539,8,9,0,2,0,0,0,4,0,0,2,1,2,1,8,-1,-1,-1,-1,3
201391NN35712,1,21,1,17,0,0,5,0,8,11,3,1,1,1,8,11946,2,6,-1,1
201391NN35820,1,9,0,3,0,-1,0,0,0,0,2,1,6,1,7,-1,-1,-1,-1,3
201391NN35820,2,9,0,3,0,-1,0,0,0,0,2,1,6,1,8,1360,1,4,-1,2
201391NN35820,3,9,0,18,0,-1,0,0,0,0,1,1,6,1,5,1229,1,2,-1,2
201391NN35905,1,4,0,4,0,0,0,10,0,0,3,1,6,1,6,-1,-1,-1,-1,2
201391NN35905,2,9,0,5,9,0,0,0,0,0,4,1,6,1,9,1590,1,-1,-1,1
201391NN36074,1,3,0,18,0,2,1,0,0,0,4,1,2,1,6,125,1,3,-1,3
201391NN36079,1,9,0,3,0,2,0,0,0,0,3,1,6,1,-1,1686,2,-1,-1,2
201391NN36263,1,9,0,18,0,0,0,0,0,0,0,1,2,1,7,2000,1,15,-1,1
201391NN36569,1,9,0,18,0,0,0,0,0,0,4,1,6,2,9,1910,2,6,-1,3
201391NN36684,1,9,0,17,0,1,2,0,1,0,1,1,6,1,4,-1,-1,-1,-1,3
201391NN36715,1,9,0,3,0,1,0,0,0,0,1,1,6,1,10,2199,2,2,-1,3
201391NN36715,2,9,0,3,0,4,0,0,0,0,2,1,6,1,11,2401,2,11,-1,3
201391NN36896,1,-1,0,18,0,-1,0,0,0,0,4,1,1,1,-1,-1,-1,-1,-1,-1
201391NN36896,2,1,0,18,0,0,0,0,0,0,3,1,2,1,8,-1,-1,-1,-1,1
201391NN37324,1,9,0,7,0,2,0,0,0,0,3,1,6,1,8,-1,-1,-1,-1,1
201391NN37324,2,9,0,18,0,1,0,0,0,0,1,1,1,1,6,1389,1,9,-1,3
201391NN37340,1,9,0,18,0,1,0,0,0,0,4,1,1,1,10,1910,2,6,-1,1
201391NN37569,1,20,0,17,0,0,2,0,7,0,4,1,2,1,9,-1,-1,-1,-1,3
201391NN37626,1,9,0,18,0,1,1,0,0,0,1,1,6,1,8,2402,2,3,-1,-1
201391NN37626,2,9,0,7,0,1,0,0,1,0,2,1,6,2,10,1242,1,2,-1,1
201391NN37626,3,19,0,10,0,1,0,0,0,0,1,1,6,1,8,2402,2,2,-1,3
201391NN38360,1,9,0,17,0,0,1,0,2,11,1,1,6,2,6,1390,1,8,-1,3
201391NN38507,1,9,0,18,0,0,1,7,7,7,1,1,6,2,-1,-1,-1,-1,6,3
201391NN39058,1,9,0,4,0,0,0,0,0,0,2,1,6,2,6,1596,1,11,-1,2
201391NN39058,2,19,0,4,0,0,0,0,0,0,2,1,6,1,-1,-1,-1,-1,-1,-1
201391NP00085,1,9,0,18,0,0,1,0,7,11,1,1,1,1,7,2268,2,1,-1,3
201391NP00287,1,9,0,17,0,0,5,0,7,0,0,1,6,1,9,-1,-1,-1,-1,3
201391NP00305,1,9,0,17,0,0,0,0,0,0,1,1,1,1,6,1598,2,1,-1,-1
201391NP00305,2,9,0,16,0,0,0,0,0,0,1,1,1,2,9,1753,2,13,-1,3
201391NP02516,1,9,0,18,0,0,0,0,7,8,1,1,6,2,6,2792,1,4,-1,2
201391NP02691,1,9,0,16,0,0,0,0,7,4,1,1,6,1,4,1997,1,13,-1,3
201391NP03230,1,19,0,18,0,0,0,0,0,0,1,1,1,1,5,1248,2,1,-1,2
201391NP03230,2,21,1,18,0,0,0,0,0,0,1,1,1,1,7,12777,2,3,-1,3
201391NP03377,1,9,0,17,0,0,0,0,1,0,1,1,6,2,4,1199,1,13,-1,3
201391NP03442,1,1,0,18,0,0,0,0,0,0,2,1,6,1,9,-1,-1,-1,-1,1
201391NP03442,2,10,0,15,0,0,0,0,0,0,1,1,6,1,6,-1,-1,-1,-1,-1
201391NP03635,1,9,0,4,0,1,0,0,0,0,2,1,6,1,6,1560,2,2,9,2
201391NP03635,2,9,0,4,0,1,0,0,0,0,2,1,6,1,8,1995,2,6,6,2
201391NP03635,3,9,0,18,0,1,0,0,0,0,1,1,6,1,5,1968,2,-1,2,1
201391NP03835,1,9,0,17,0,0,2,0,1,0,1,1,6,1,4,1242,1,-1,-1,-1
201391NP04245,1,9,0,16,0,0,2,0,7,0,3,1,6,2,6,1560,2,5,-1,3
201391NP04474,1,5,0,16,0,0,0,0,1,0,0,1,6,1,9,600,1,14,-1,1
201391NP04474,2,20,0,17,0,0,0,0,0,0,0,1,1,1,6,-1,-1,-1,-1,3
201391NP04691,1,5,0,18,0,1,1,12,1,1,1,1,6,1,7,-1,-1,-1,7,3
201391NP04796,1,9,0,16,0,0,0,0,0,7,4,1,6,1,8,1998,2,7,-1,3
201391NP04796,2,9,0,4,0,0,0,0,0,0,1,1,6,1,8,1984,1,5,-1,1
201391NP04837,1,9,0,18,0,1,0,0,7,0,1,1,6,1,6,1798,1,9,-1,3
201391NP04837,2,9,0,5,0,2,0,0,0,0,3,1,6,2,8,1240,1,6,-1,3
201391NP04844,1,5,0,18,0,1,5,6,7,10,4,1,6,1,9,1000,1,18,6,3
201391NP04876,1,9,0,16,0,0,2,0,1,11,1,1,6,1,11,1240,1,7,-1,1
201391NP05091,1,19,0,18,0,1,1,0,0,0,1,1,1,1,8,1995,2,1,-1,3
201391NP05091,2,9,0,18,0,1,0,0,0,0,2,1,6,1,5,1149,1,13,8,2
201391NP05091,3,9,0,18,0,1,0,0,0,0,2,1,6,2,8,1997,2,2,1,1
201391NP05177,1,9,0,17,0,0,2,0,1,9,4,1,6,1,6,1388,1,9,-1,1
201391NP05196,1,9,0,17,0,0,5,0,7,0,1,1,6,1,5,1229,1,-1,-1,2
201391NP05414,1,9,0,13,0,0,0,0,0,0,3,1,6,3,-1,-1,-1,-1,-1,-1
201391NP05414,2,9,0,17,0,0,0,0,0,0,0,1,6,3,-1,-1,-1,-1,-1,-1
201391NP05503,1,90,0,4,0,0,0,0,0,0,1,1,6,1,6,-1,-1,-1,-1,-1
201391NP05503,2,5,0,16,0,0,1,0,0,0,1,1,6,1,8,-1,-1,-1,-1,-1
201391NP05563,1,9,0,16,0,8,0,0,0,0,3,1,1,2,8,1598,1,5,-1,3
201391NP05563,2,9,0,9,0,6,0,0,0,0,0,1,6,2,10,1596,1,8,-1,3
201391NP05636,1,9,0,13,0,0,0,0,0,0,0,1,1,1,8,1560,2,1,-1,-1
201391NP05636,2,9,0,18,0,0,0,0,0,0,0,1,6,3,-1,-1,-1,-1,-1,-1
201391NP05636,3,5,0,13,0,0,5,0,7,9,1,1,6,1,8,999,1,-1,1,1
201391NP05784,1,5,0,18,0,1,5,10,1,9,1,1,6,2,7,-1,-1,-1,-1,-1
201391NP06081,1,9,0,16,0,0,1,0,1,0,3,1,6,2,11,1360,1,10,-1,1
201391NP06222,1,9,0,18,0,0,0,0,0,0,1,1,2,1,5,1753,2,9,-1,3
201391NP06222,2,9,0,6,0,0,0,0,0,0,3,1,6,1,8,1995,2,3,4,1
201391NP06248,1,9,0,8,0,1,0,0,0,0,0,1,6,1,6,1796,1,9,-1,-1
201391NP06248,2,1,0,18,9,1,0,4,0,0,1,1,1,2,7,-1,-1,-1,-1,-1
201391NP06291,1,5,0,4,0,0,0,0,0,0,1,1,6,1,7,-1,-1,-1,-1,-1
201391NP06291,2,21,0,18,0,0,0,0,0,0,1,1,1,1,10,12777,2,7,5,3
201391NP06365,1,9,0,10,0,1,0,0,0,0,2,1,6,2,5,1242,1,3,-1,3
201391NP06365,2,9,0,18,0,1,0,0,0,0,2,1,6,2,8,1796,1,12,-1,3
201391NP06365,3,9,0,18,0,1,0,0,0,0,1,1,6,2,10,1598,1,6,-1,2
201391NP06381,1,9,0,17,0,2,0,0,0,0,1,1,6,1,7,1598,1,-1,-1,-1
201391NP06381,2,9,0,16,0,1,0,0,0,0,1,1,2,1,7,1461,2,4,-1,3
201391NP06774,1,9,0,17,0,0,1,0,1,4,1,1,1,1,4,1149,1,10,-1,3
201391NP06774,2,17,0,16,0,0,0,0,0,0,0,1,1,1,7,4485,2,2,-1,3
201391NP06821,1,5,0,17,0,0,1,0,1,0,1,1,6,1,9,-1,-1,-1,-1,-1
201391NP06890,1,9,0,18,0,0,0,0,0,0,1,1,6,1,8,1229,1,-1,-1,2
201391NP06890,2,9,0,17,0,0,0,0,0,0,1,1,6,1,8,1582,2,-1,-1,-1
201391NP07016,1,9,0,18,0,0,0,0,0,0,-1,1,6,3,-1,-1,-1,-1,-1,-1
201391NP07073,1,9,0,18,0,0,0,12,0,0,1,1,6,1,8,2402,2,2,-1,2
201391NP07099,1,9,0,-1,0,-1,0,0,0,0,-1,1,6,1,8,1596,1,10,-1,-1
201391NP07099,2,19,0,-1,0,-1,0,0,0,0,-1,1,6,1,7,2402,2,3,-1,-1
201391NP07184,1,9,0,16,0,0,1,0,7,7,1,1,6,1,4,1246,1,6,6,1
201391NP07245,1,9,0,16,0,0,1,11,7,1,1,1,6,1,7,1598,1,8,-1,2
201391NP07344,1,98,0,18,0,0,1,0,1,0,1,1,6,1,9,-1,-1,-1,-1,-1
201391NP07344,2,9,0,18,0,0,0,0,0,0,3,1,6,2,10,1390,1,10,-1,3
201391NP07381,1,9,0,10,0,1,0,0,0,0,2,1,6,1,9,1685,2,-1,-1,-1
201391NP07381,2,19,0,18,0,1,0,0,0,0,1,1,2,1,8,1753,2,12,-1,3
201391NP07381,3,9,0,18,0,1,1,1,7,11,1,1,6,2,9,1242,1,3,-1,2
201391NP07381,4,9,0,18,0,1,0,0,0,0,1,1,6,1,5,-1,-1,-1,-1,3
201391NP07555,1,5,0,13,0,0,2,0,0,0,1,1,6,1,5,660,1,5,-1,1
201391NP07555,2,9,0,18,0,0,0,0,0,0,1,1,6,2,7,1997,2,-1,7,1
201391NP07603,1,9,0,9,0,5,0,0,0,10,1,1,6,1,8,-1,-1,-1,-1,-1
201391NP07603,2,9,0,18,0,-1,0,0,1,9,1,1,6,1,6,1998,1,6,-1,1
201391NP07676,1,9,0,17,0,0,1,0,1,9,1,1,6,2,6,1242,1,9,-1,1
201391NP07874,1,5,0,13,0,0,1,0,7,0,1,1,6,1,7,806,1,-1,-1,3
201391NP07885,1,9,0,18,0,0,1,0,8,4,1,1,1,1,6,1598,1,8,-1,3
201391NP08215,1,9,0,17,0,0,0,0,0,0,1,1,6,1,7,1398,1,-1,-1,-1
201391NP08215,2,9,0,16,0,0,0,0,0,0,1,1,6,1,8,2995,1,1,2,1
201391NP08256,1,4,0,17,0,0,1,0,1,0,0,1,6,1,6,-1,-1,-1,-1,-1
201391NP08266,1,9,0,18,0,0,0,0,0,0,2,1,6,1,8,1560,2,-1,8,1
201391NP08266,2,5,0,18,0,0,1,0,0,0,1,1,6,1,5,599,1,10,-1,1
201391NP08266,3,9,0,18,0,0,0,0,0,0,3,1,6,1,8,-1,-1,-1,7,1
201391NP08538,1,9,0,9,8,0,0,0,0,0,1,1,1,2,9,-1,-1,-1,-1,3
201391NP08538,2,9,0,17,0,0,0,0,0,0,1,1,6,1,4,1396,1,15,-1,3
201391NP08633,1,5,0,2,0,0,5,0,0,0,4,1,6,1,8,350,1,-1,-1,-1
201391NP08751,1,4,0,9,0,6,2,0,0,0,0,1,6,2,6,124,1,9,-1,3
201391NP08754,1,5,0,16,0,0,1,0,8,0,0,1,6,1,9,903,1,2,-1,3
201391NP08815,1,9,0,9,0,5,0,0,0,0,1,1,6,1,5,1582,2,-1,-1,-1
201391NP08815,2,21,0,18,0,1,1,7,1,1,1,1,1,1,7,4116,2,7,-1,2
201391NP08815,3,9,0,18,0,1,0,0,0,0,1,1,6,1,8,1596,1,12,4,1
201391NP08867,1,9,0,18,6,0,1,10,5,1,1,1,6,2,9,2290,1,3,-1,3
201391NP08895,1,5,0,18,0,0,0,11,0,0,3,1,6,1,6,636,1,10,-1,2
201391NP08895,2,90,0,18,0,0,0,0,0,0,3,1,6,1,9,2198,2,-1,3,1
201391NP08940,1,9,0,17,0,0,2,0,0,0,0,1,6,2,5,1596,1,12,-1,1
201391NP09022,1,9,0,-1,0,-1,0,0,0,0,-1,1,6,1,7,1396,1,16,-1,2
201391NP09022,2,9,0,4,0,1,0,0,0,0,2,1,6,1,9,1198,1,1,-1,1