Accident_Index,Vehicle_Reference,Vehicle_Type,Towing_and_Articulation,Vehicle_Manoeuvre,Vehicle_Location-Restricted_Lane,Junction_Location,Skidding_and_Overturning,Hit_Object_in_Carriageway,Vehicle_Leaving_Carriageway,Hit_Object_off_Carriageway,1st_Point_of_Impact,Was_Vehicle_Left_Hand_Drive?,Journey_Purpose_of_Driver,Sex_of_Driver,Age_Band_of_Driver,Engine_Capacity_(CC),Propulsion_Code,Age_of_Vehicle,Driver_IMD_Decile,Driver_Home_Area_Type
2013921300808,1,9,0,18,0,0,0,0,0,0,1,1,6,1,6,1398,2,9,-1,-1
2013921300808,2,9,0,18,0,0,0,0,0,0,1,1,6,1,7,1390,1,13,-1,1
2013921300809,1,4,0,10,0,0,0,10,1,0,3,1,6,1,7,399,1,24,-1,-1
2013921300813,1,9,0,18,0,0,1,0,2,4,1,1,6,1,4,973,1,11,-1,1
2013921300821,1,9,0,18,0,0,1,0,7,0,4,1,2,2,4,1360,1,13,-1,3
2013921300821,2,20,0,18,0,0,0,0,0,0,1,1,1,1,7,5880,2,13,-1,3
2013921300823,1,19,0,17,0,0,1,0,1,0,1,1,1,1,11,2463,2,7,-1,3
2013921300831,1,11,0,18,0,8,0,0,0,0,0,1,1,1,8,7300,2,6,-1,2
2013921300831,2,9,0,12,0,8,0,0,0,0,0,1,6,2,8,1124,1,9,-1,-1
2013921300832,1,9,0,17,0,0,0,0,1,7,4,1,2,2,4,1349,1,1,-1,3
2013921300833,1,5,0,9,0,1,0,0,0,0,1,1,2,1,6,749,1,14,-1,1
2013921300833,2,9,0,13,0,1,0,0,0,0,3,1,2,1,8,1910,2,6,-1,1
2013921300834,1,9,0,18,0,2,0,0,0,0,1,1,2,1,7,1997,2,2,-1,1
2013921300835,1,9,0,13,0,0,5,0,2,0,4,1,2,1,5,1762,1,14,-1,3
2013921300835,2,9,0,18,0,0,0,0,0,0,3,1,2,2,7,1461,2,6,-1,3
2013921300835,3,19,4,18,0,0,0,0,0,0,2,1,2,1,6,-1,-1,-1,-1,3
2013921300838,1,9,0,17,0,0,1,0,1,0,1,1,3,2,4,1299,1,7,-1,3
2013921300844,1,9,0,3,0,0,0,0,0,0,1,1,6,2,8,1968,2,8,-1,3
2013921300844,2,9,0,3,0,0,0,0,0,0,2,1,6,1,8,1997,2,4,-1,-1
2013921300844,3,9,0,3,0,0,0,0,0,0,2,1,6,2,8,1364,2,1,-1,3
2013921300850,1,9,0,18,0,1,0,0,0,0,1,1,6,1,7,1896,2,11,-1,1
2013921300850,2,9,0,3,0,1,0,0,0,0,2,1,6,1,9,1149,1,6,-1,1
2013921300851,1,5,0,14,0,1,2,0,0,0,4,1,6,1,6,-1,-1,-1,-1,-1
2013921300857,1,9,0,18,0,1,0,0,0,0,1,1,1,1,8,2400,2,3,-1,-1
2013921300857,2,9,0,18,0,1,5,0,1,11,2,1,6,1,11,599,2,4,-1,3
2013921300865,1,9,0,17,0,0,0,0,1,1,1,1,1,1,8,1560,2,3,-1,2
2013921300872,1,9,0,13,0,0,2,0,8,11,1,1,1,1,7,2494,1,12,8,3
2013921300877,1,9,0,7,5,0,0,0,1,0,4,1,6,2,6,1910,2,5,-1,-1
2013921300877,2,1,0,18,5,0,0,0,0,0,1,1,4,1,2,-1,-1,-1,-1,1
2013921300878,1,9,0,18,0,8,0,0,1,4,1,1,6,2,6,1896,2,11,-1,2
2013921300882,1,9,0,7,0,8,0,0,0,0,1,1,6,2,8,1586,1,5,-1,2
2013921300882,2,1,0,18,0,1,0,0,0,0,2,1,6,2,10,-1,-1,-1,-1,2
2013921300888,1,1,0,18,0,6,1,0,0,0,1,1,6,1,4,-1,-1,-1,-1,1
2013921300888,2,9,0,18,0,1,0,0,0,0,1,1,6,2,7,1390,1,5,-1,3
2013921300889,1,19,0,18,0,0,0,0,0,0,1,1,6,1,7,-1,-1,-1,-1,-1
2013921300891,1,9,0,18,0,4,0,0,0,0,1,1,6,1,6,2198,1,13,-1,1
2013921300891,2,9,0,11,0,8,1,0,0,0,4,1,2,1,8,1490,1,6,-1,3
2013921300902,1,19,0,18,0,1,0,0,0,0,1,1,1,1,9,2998,2,2,-1,2
2013921300902,2,19,0,9,0,6,0,0,0,0,3,1,1,1,9,1560,2,5,-1,3
2013921300911,1,9,0,18,0,0,5,0,7,0,1,1,6,1,5,1497,1,17,-1,3
2013921300916,1,21,1,17,0,0,3,0,1,1,3,2,1,1,6,-1,-1,-1,-1,-1
2013921300916,2,9,0,16,0,0,0,0,1,0,3,1,6,1,7,1968,2,3,-1,1
2013921300924,1,9,0,18,0,0,2,0,7,11,1,1,2,1,5,1796,1,10,-1,3
2013921300926,1,9,0,1,0,0,0,11,0,0,2,1,2,2,7,1599,1,8,-1,1
2013921300926,2,1,0,18,0,0,0,0,0,0,4,1,6,1,7,-1,-1,-1,-1,-1
2013921300936,1,9,0,5,0,0,0,0,0,0,1,1,6,1,4,998,1,8,-1,1
2013921300950,1,9,0,16,7,0,2,0,1,11,1,1,6,2,9,-1,-1,-1,-1,3
2013921300956,1,19,0,18,0,1,0,1,0,0,1,1,1,1,5,2198,2,4,-1,3
2013921300956,2,9,0,18,0,1,0,11,0,0,1,1,2,1,5,1329,1,1,-1,3
2013921300956,3,9,0,4,0,1,0,0,0,0,2,1,2,2,7,1242,1,4,-1,3
2013921300956,4,19,0,18,0,1,0,0,1,11,3,1,1,1,9,2298,2,1,-1,1
2013921300962,1,9,0,18,0,0,0,0,0,0,4,1,6,2,6,1968,2,3,-1,-1
2013921300963,1,9,0,9,0,8,0,0,0,0,4,1,6,1,11,1968,2,4,-1,3
2013921300963,2,9,0,18,0,8,0,0,0,0,1,1,2,2,8,1560,2,5,-1,3
2013921300963,3,9,0,3,0,1,0,0,0,0,1,1,2,1,7,1970,1,8,-1,-1
2013921300966,1,2,0,18,0,1,0,0,1,0,1,1,2,1,4,50,1,6,-1,3
2013921300966,2,9,0,9,0,1,0,0,0,0,1,1,2,1,4,1149,1,11,-1,-1
2013921300976,1,9,0,16,0,0,1,0,8,11,1,1,6,2,8,998,1,5,-1,-1
2013921300977,1,9,0,13,0,1,0,0,7,11,4,1,6,1,5,1896,2,10,-1,3
2013921300977,2,9,0,9,0,1,0,0,0,0,3,1,6,1,4,1598,1,10,-1,3
2013921300979,1,9,0,16,0,0,2,0,7,0,1,1,6,1,9,1587,1,11,-1,3
2013921300983,1,9,0,9,0,8,1,0,0,0,1,1,6,1,5,2231,2,3,-1,3
2013921300983,2,9,0,18,0,6,5,0,7,0,4,1,1,1,8,1390,1,6,-1,2
2013921300996,1,9,0,18,0,0,2,0,2,0,3,1,6,2,4,1598,1,9,-1,3
2013921300997,1,9,0,17,0,2,1,0,1,9,1,1,6,1,6,1248,2,9,-1,3
2013921300999,1,9,0,5,0,6,0,0,0,0,0,1,6,2,6,1896,2,5,-1,3
2013921300999,2,9,0,18,0,1,1,0,6,0,4,1,2,1,9,-1,-1,-1,-1,1
2013921300999,3,9,0,18,0,1,0,0,0,0,1,1,1,1,7,1686,2,7,-1,1
2013921301014,1,9,0,18,0,0,1,0,1,0,1,1,6,2,8,1242,1,5,-1,-1
2013921301021,1,21,1,17,0,0,3,0,2,0,1,1,1,1,7,-1,-1,-1,-1,-1
2013921301026,1,9,0,5,5,0,0,0,0,0,4,1,6,2,6,2967,2,3,-1,3
2013921301028,1,9,0,18,0,1,0,0,0,0,1,1,1,2,10,2199,2,2,-1,1
2013921301028,2,1,0,10,0,1,0,0,0,0,3,1,6,1,6,-1,-1,-1,-1,-1
2013921301031,1,20,0,4,0,0,0,0,0,0,4,1,1,1,9,9200,2,3,-1,1
2013921301034,1,9,0,4,0,0,1,4,8,0,1,1,1,1,6,1598,1,7,-1,1
2013921301034,2,9,0,4,0,0,0,4,0,0,1,1,1,1,5,1995,2,1,-1,1
2013921301034,3,9,0,2,0,0,0,0,0,0,3,1,6,3,4,1197,1,1,-1,-1
2013921301046,1,9,0,18,0,0,0,11,0,0,1,2,2,1,5,1242,1,1,-1,1
2013921301062,1,9,0,17,0,0,1,11,0,0,3,1,6,1,5,1798,1,6,-1,3
2013921301063,1,9,0,16,0,2,2,0,7,0,1,1,2,2,8,-1,-1,-1,-1,3
2013921301070,1,9,0,7,0,8,0,0,0,0,3,1,1,1,8,1248,2,-1,-1,-1
2013921301071,1,9,0,17,0,0,1,0,7,4,4,1,6,2,8,2231,2,2,-1,3
2013921301072,1,9,0,17,0,0,1,0,2,0,3,1,6,2,8,1360,1,10,-1,3
2013921301072,2,9,0,16,0,0,0,0,1,0,3,1,1,1,9,1461,2,-1,-1,3
2013921301074,1,9,0,5,0,1,0,4,0,0,3,1,6,2,9,1598,1,2,-1,1
2013921301074,2,9,0,18,0,2,0,11,0,0,1,1,6,2,6,1598,1,9,-1,-1
2013921301074,3,9,0,2,0,1,0,11,0,0,3,1,6,3,8,1197,1,2,-1,3
2013921301074,4,9,0,2,0,1,0,0,0,0,0,1,6,3,4,1796,1,5,-1,1
2013921301079,1,9,0,16,0,0,1,0,7,3,1,1,2,1,8,1596,1,9,-1,3
2013921301085,1,9,0,18,0,0,1,0,1,2,1,1,6,1,9,2000,1,9,-1,3
2013921301093,1,9,0,18,0,0,1,0,0,0,1,1,2,1,6,1598,1,12,-1,1
2013921301093,2,9,0,18,0,0,0,0,1,0,1,1,6,2,7,1560,2,5,-1,2
2013921301093,3,9,0,18,0,0,1,0,0,0,1,1,2,1,6,1398,1,1,-1,1
2013921301095,1,9,0,18,0,0,1,0,1,4,3,1,6,2,9,1368,1,5,-1,1
2013921301095,2,9,0,18,0,0,0,0,0,0,4,1,6,2,9,1198,1,2,-1,1
2013921301101,1,8,0,17,0,2,0,0,0,0,1,1,1,1,10,-1,-1,-1,-1,1
2013921301104,1,9,0,5,0,8,1,0,0,0,1,1,2,1,6,1229,1,1,-1,1
2013921301104,2,9,0,18,0,8,0,0,1,10,4,1,1,2,9,1596,1,1,-1,1
2013921301109,1,9,0,17,0,0,1,0,1,11,1,1,6,1,8,1686,2,7,-1,3
2013921301120,1,9,0,17,0,1,0,0,1,9,1,1,2,2,7,2500,1,12,-1,2
2013921301146,1,9,0,9,0,1,0,0,0,0,4,1,6,2,4,1368,1,4,-1,1
2013921301146,2,5,0,14,0,1,0,4,0,0,3,1,6,2,7,499,1,6,-1,2
2013921301146,3,9,0,2,0,1,0,0,0,0,2,1,6,3,7,1796,1,9,-1,1
2013921301162,1,9,0,16,0,0,1,0,1,0,3,1,2,1,6,1896,2,10,-1,2
2013921301162,2,9,0,17,0,0,0,0,0,0,1,1,2,2,7,1995,2,4,-1,-1
2013921301177,1,4,0,18,0,3,2,0,0,0,4,1,6,1,9,806,1,-1,-1,3
2013921301180,1,9,0,4,0,0,0,0,1,0,1,1,6,1,4,973,1,12,-1,3
2013921301180,2,9,0,3,0,0,0,0,0,0,1,1,6,1,6,-1,-1,-1,-1,3
2013921301182,1,9,0,18,0,0,1,0,7,4,1,1,6,1,8,1994,1,7,-1,3
2013921301201,1,9,0,17,0,0,2,0,7,1,1,1,1,1,6,2499,2,12,-1,3
2013921301202,1,19,0,18,0,8,0,0,0,0,1,1,1,1,6,2287,2,5,-1,1
2013921301202,2,9,0,3,0,8,0,0,0,0,2,1,6,2,5,1600,2,3,-1,3
2013921301202,3,19,0,2,0,8,0,0,0,0,2,1,1,1,8,2198,2,5,-1,1
2013921301207,1,9,0,18,0,0,0,0,8,1,1,1,6,1,9,1364,1,6,-1,1
2013921301208,1,1,0,18,0,8,0,0,0,0,1,1,1,1,5,-1,-1,-1,-1,1
2013921301208,2,9,0,18,0,1,0,0,0,0,1,1,2,2,5,1598,1,9,-1,1
2013921301217,1,9,0,18,0,4,1,0,0,0,1,1,2,2,7,1995,2,2,-1,1
2013921301217,2,9,0,18,0,8,0,0,0,0,4,1,2,2,4,998,1,7,-1,3
2013921301223,1,9,0,18,0,0,0,0,3,10,1,1,6,2,11,1390,1,1,-1,1
2013921301228,1,9,0,18,0,0,1,4,2,10,1,1,1,1,7,1248,2,1,-1,-1
2013921301228,2,17,0,3,0,0,0,0,0,0,2,1,1,1,6,6788,2,4,-1,3
2013921301235,1,9,0,18,0,0,1,0,0,0,1,1,6,1,9,1998,1,3,-1,3
2013921301235,2,9,0,17,0,0,1,0,1,9,1,1,6,1,9,1686,2,2,-1,1
2013921301248,1,9,0,3,0,4,0,0,0,0,2,1,2,1,7,1968,2,3,-1,3
2013921301248,2,9,0,18,0,4,0,0,0,0,1,1,2,2,6,2179,2,1,-1,3
2013921301253,1,19,0,14,0,0,0,0,0,0,1,1,1,1,8,1995,2,5,-1,1
2013921301257,1,9,0,5,0,0,0,0,0,0,3,1,6,2,5,1956,2,3,-1,-1
2013921301257,2,9,0,18,0,0,0,0,0,0,4,1,6,1,9,2969,2,6,-1,1
2013921301257,3,9,0,2,0,0,0,0,0,0,3,1,6,3,6,1900,2,8,-1,1
2013921301259,1,9,0,17,0,8,1,0,0,0,1,1,2,2,6,1497,1,10,-1,2
2013921301259,2,9,0,18,0,8,0,0,0,0,1,1,2,1,8,1596,1,8,-1,1
2013921301260,1,19,0,5,0,6,1,0,0,0,3,1,1,1,4,2148,2,6,5,1
2013921301260,2,9,0,18,0,8,1,0,4,6,1,1,2,1,6,1595,1,11,-1,1
2013921301273,1,9,0,18,9,8,0,0,4,1,1,1,6,2,6,1398,2,11,-1,3
2013921301274,1,9,0,18,0,0,2,0,0,0,1,1,6,1,7,1461,2,10,-1,3
2013921301280,1,9,0,18,0,0,0,11,0,0,1,1,2,1,9,1968,2,2,-1,3
2013921301280,2,90,0,14,0,0,0,11,0,0,1,1,1,1,9,9200,2,4,-1,1
2013921301285,1,9,0,16,0,0,1,0,8,11,1,1,2,1,4,1390,1,6,-1,2
2013921301287,1,19,0,18,0,8,0,0,0,0,1,1,1,1,7,2143,2,3,-1,3
2013921301287,2,9,0,9,0,7,0,0,7,0,3,1,1,1,7,1769,1,7,-1,3
2013921301296,1,9,0,5,0,3,0,0,0,0,1,1,6,1,6,1598,1,10,-1,2
2013921301296,2,9,0,18,0,8,0,0,0,0,4,1,1,1,6,1422,2,7,-1,1
2013921301309,1,9,0,5,0,2,0,0,0,0,1,1,6,2,4,998,1,4,-1,2
2013921301315,1,9,0,13,0,0,2,0,7,0,4,1,6,2,5,1198,1,2,-1,2
2013921301315,2,9,0,18,0,0,0,0,0,0,3,1,6,1,8,1686,2,16,-1,-1
2013921301316,1,9,0,18,0,0,0,0,0,0,1,1,2,2,9,1242,1,11,-1,3
2013921301316,2,9,0,18,0,0,0,0,0,0,2,1,2,1,6,-1,-1,-1,-1,3
2013921301322,1,9,0,18,0,0,0,0,7,0,3,1,6,2,6,998,1,-1,-1,3
2013921301322,2,9,0,18,0,0,0,0,0,0,3,1,2,2,8,1396,2,3,-1,3
2013921301326,1,9,0,9,0,8,0,0,0,0,3,1,6,2,8,2179,2,2,-1,3
2013921301326,2,9,0,13,0,1,2,11,8,10,1,1,1,1,5,1242,1,-1,-1,3
2013921301334,1,11,0,18,0,8,0,0,0,0,4,1,1,1,7,-1,-1,-1,-1,2
2013921301344,1,9,0,9,0,5,0,0,0,0,1,1,6,1,9,2179,2,6,-1,-1
2013921301344,2,9,0,13,0,1,0,0,7,10,4,1,6,1,5,2000,2,5,-1,3
2013921301349,1,5,0,18,0,0,1,0,1,7,1,1,6,1,6,599,1,15,-1,1
2013921301350,1,9,0,18,0,0,0,0,0,0,3,1,6,1,5,2993,2,-1,-1,1
2013921301350,2,9,0,14,0,0,2,0,1,11,4,1,6,1,9,1368,1,3,-1,3
2013921301351,1,9,0,16,0,0,2,0,7,1,3,1,6,1,7,1968,2,1,-1,3
2013921301355,1,9,0,3,0,0,0,10,0,0,1,1,6,1,10,1997,2,3,-1,2
2013921301372,1,9,0,10,0,1,0,0,0,0,2,1,6,1,8,1896,2,5,-1,1
2013921301372,2,9,0,18,0,1,0,0,0,0,1,1,6,2,4,1242,1,4,-1,1
2013921301381,1,3,0,18,0,0,0,0,0,0,1,1,6,2,8,108,1,5,-1,1
2013921301385,1,9,0,9,0,5,0,0,0,0,4,1,6,2,5,1275,1,19,-1,2
2013921301385,2,9,0,18,0,8,0,0,0,0,1,1,6,1,6,1900,2,13,-1,3
2013921301398,1,9,0,18,0,0,2,0,2,0,4,1,6,1,5,1998,1,8,-1,2
2013921301403,1,9,0,18,0,8,0,0,0,0,3,1,6,1,9,1984,2,3,-1,1
2013921301404,1,9,0,9,0,2,1,0,0,0,1,1,6,1,10,2488,2,6,-1,1
2013921301404,2,9,0,18,0,1,1,0,1,0,4,1,6,1,9,2231,2,2,-1,3
2013921301404,3,9,0,18,0,8,0,0,1,0,1,1,1,2,6,1368,1,1,-1,2
2013921301416,1,9,0,18,0,1,1,0,7,0,1,1,6,1,5,1598,1,11,-1,3
2013921301416,2,9,4,18,0,1,5,0,7,0,4,1,1,1,6,2800,2,7,-1,3
2013921301432,1,9,0,8,0,1,0,0,7,0,2,1,6,2,10,-1,-1,-1,-1,2
2013921301432,2,9,0,18,0,1,0,0,7,0,1,1,6,1,4,-1,-1,-1,-1,3
2013921301441,1,9,0,18,0,2,0,0,0,0,1,1,6,2,6,1968,2,6,-1,1
2013921301441,2,9,0,4,0,2,0,0,0,0,2,1,1,1,9,1598,1,12,-1,-1
2013921301441,3,9,0,4,0,2,0,0,0,0,2,1,6,2,7,1598,1,8,4,1
2013921301442,1,9,0,9,0,5,0,0,0,0,4,1,6,1,11,1390,1,9,-1,1
2013921301442,2,1,0,18,0,1,0,0,0,0,4,1,6,1,7,-1,-1,-1,-1,1
2013921301455,1,9,0,17,0,0,0,0,7,0,1,1,2,2,8,1339,1,8,-1,3
2013921301455,2,9,0,18,0,0,0,0,7,11,1,1,6,2,5,1896,2,10,-1,3
2013921301455,3,9,0,18,0,0,0,0,7,0,4,1,6,1,6,2496,2,11,-1,1
2013921301456,1,9,0,18,0,4,0,0,0,0,1,1,2,1,9,-1,-1,-1,-1,1
2013921301456,2,1,0,17,0,8,0,0,0,0,2,1,2,1,6,-1,-1,-1,-1,1
2013921301469,1,9,0,18,0,8,0,0,0,0,1,1,1,1,8,1796,1,4,-1,3
2013921301469,2,9,0,18,0,8,0,0,0,0,1,1,6,1,11,1368,1,9,-1,1
2013921301474,1,9,0,15,0,2,2,0,1,11,1,1,6,1,6,1390,1,13,-1,3
2013921301475,1,9,0,17,0,0,2,0,1,0,0,1,6,2,5,1390,1,11,-1,1
2013921301477,1,9,0,18,0,0,0,0,0,0,1,1,6,1,4,1997,2,12,-1,3
2013921301483,1,9,0,10,0,6,0,0,0,0,3,1,6,2,6,1685,2,1,-1,3
2013921301483,2,9,0,18,0,1,0,0,0,0,1,1,6,2,11,1997,1,7,-1,3
2013921301486,1,21,1,17,0,0,0,11,0,0,1,1,1,1,9,15607,2,9,-1,3
2013921301486,2,9,0,16,0,0,0,0,0,0,1,1,6,2,5,1242,1,-1,-1,2
2013921301486,3,9,0,16,0,0,0,0,0,0,2,1,6,1,6,1998,2,10,-1,2
2013921301486,4,9,0,16,0,0,0,11,0,0,1,1,6,2,8,1560,2,2,-1,3
2013921301486,5,9,4,16,0,0,0,0,0,0,0,1,6,1,9,1198,1,5,-1,2
2013921301488,1,9,0,3,0,2,0,0,0,0,2,1,6,1,5,-1,-1,-1,-1,1
2013921301488,2,9,0,4,0,1,0,0,0,0,1,1,6,1,6,1781,1,10,-1,2
2013921301494,1,9,0,5,0,0,0,0,0,0,3,1,1,1,9,-1,-1,-1,-1,-1
2013921301494,2,9,0,18,0,0,0,0,0,0,4,1,6,2,6,2199,2,3,-1,2
2013921301498,1,9,0,13,0,1,0,0,7,0,1,1,6,1,7,2319,1,17,-1,2
2013921301498,2,9,0,9,0,5,0,0,7,0,3,1,6,2,9,1598,2,2,-1,3
2013921301502,1,5,0,18,0,2,2,0,0,0,1,1,6,1,7,647,1,6,-1,1
2013921301504,1,3,0,16,0,0,1,0,0,0,1,1,6,1,4,-1,-1,-1,-1,1
2013921301504,2,9,0,17,0,0,0,0,0,0,1,1,6,1,9,1995,2,1,-1,3
2013921301505,1,9,0,4,0,1,0,0,0,0,1,1,2,1,7,1999,1,10,-1,1
2013921301505,2,1,0,3,0,1,0,0,0,0,2,1,2,2,5,-1,-1,-1,-1,1
2013921301513,1,9,0,1,0,0,0,4,0,0,2,1,6,2,10,1242,1,10,-1,1
2013921301513,2,9,0,2,0,0,0,4,0,0,4,1,6,2,7,1242,1,6,-1,-1
2013921301513,3,9,0,2,0,0,0,4,0,0,2,1,6,2,9,1896,2,5,-1,-1
2013921301514,1,3,0,17,0,0,0,0,0,0,4,1,6,1,4,124,1,2,-1,3
2013921301523,1,9,0,9,0,8,0,0,0,0,4,1,1,1,8,2993,2,4,-1,1
2013921301523,2,9,0,1,0,4,0,0,0,0,3,1,6,1,10,1124,1,10,-1,1
2013921301527,1,9,0,4,0,0,0,0,0,0,2,1,1,1,4,1390,1,3,-1,1
2013921301527,2,9,0,18,0,0,0,0,0,0,1,1,1,1,5,1124,1,8,-1,1
2013921301529,1,9,0,3,0,0,0,0,0,0,2,1,6,2,8,1975,1,3,-1,1
2013921301529,2,9,0,5,0,0,0,0,0,0,1,1,6,2,9,1242,1,1,-1,1
2013921301533,1,9,0,9,0,2,0,0,0,0,1,1,6,1,11,998,1,5,-1,1
2013921301533,2,1,0,18,0,8,0,0,0,0,1,1,2,2,7,-1,-1,-1,-1,3
2013921301544,1,11,0,18,0,0,0,0,0,0,0,1,1,1,7,6871,2,14,-1,1
2013921301544,2,9,0,18,0,0,0,0,0,0,0,1,6,3,4,-1,-1,-1,-1,-1
2013921301546,1,9,0,1,0,0,0,0,1,11,3,1,6,2,8,1149,1,9,-1,1
2013921301551,1,19,0,7,9,2,0,0,1,0,4,1,1,1,6,-1,-1,-1,-1,-1
2013921301563,1,19,0,16,0,0,1,0,0,0,1,1,1,1,7,2148,2,7,-1,-1
2013921301563,2,9,0,17,0,0,1,0,0,0,1,1,1,1,5,1461,2,3,-1,1
2013921301563,3,21,0,17,0,0,1,1,0,0,1,1,1,1,7,12777,2,3,-1,3
2013921301563,4,21,0,4,0,0,0,0,0,0,1,1,1,1,7,11705,2,10,-1,3
2013921301563,5,9,0,17,0,0,1,1,0,0,1,1,6,1,11,1596,1,-1,-1,3
2013921301563,6,19,0,4,0,0,0,1,0,0,3,1,1,1,9,1753,2,7,-1,2
2013921301563,7,21,1,17,0,0,1,0,0,0,1,1,1,1,7,-1,-1,-1,-1,1
2013921301563,8,9,0,17,0,0,1,1,0,0,1,1,6,1,8,1998,2,7,-1,3
2013921301567,1,3,0,17,0,0,1,0,1,11,1,1,6,1,4,124,1,1,-1,1
2013921301568,1,9,0,18,0,1,0,0,0,0,4,1,6,2,6,1198,1,-1,-1,1
2013921301568,2,1,0,18,0,6,0,0,0,0,3,1,6,2,6,-1,-1,-1,-1,1
2013921301571,1,9,0,18,0,0,1,0,2,4,1,1,6,1,4,1596,1,6,-1,3
2013921301573,1,1,0,18,0,1,0,0,0,0,1,1,6,1,10,-1,-1,-1,-1,1
2013921301573,2,9,0,9,0,1,0,0,0,0,1,1,6,1,8,2261,1,4,-1,1
2013921301576,1,9,0,16,0,1,2,0,8,0,1,1,1,1,5,1598,1,14,-1,1
2013921301577,1,9,0,16,0,0,5,0,0,0,3,1,6,1,4,1242,1,6,-1,3
2013921301582,1,9,0,18,0,0,5,0,1,0,1,1,2,1,9,1794,1,11,-1,2
2013921301582,2,9,0,18,0,0,0,0,7,11,1,1,6,1,7,1991,2,4,-1,3
2013921301588,1,2,0,18,0,0,0,0,1,0,1,1,6,1,4,49,1,2,-1,3
2013921301593,1,9,0,18,0,1,0,0,0,0,1,1,1,2,6,2268,2,1,-1,2
2013921301593,2,9,0,3,0,1,0,0,0,0,2,1,6,1,11,1364,1,5,-1,-1
2013921301597,1,21,1,18,0,0,0,4,0,0,1,1,1,1,8,11967,2,3,9,1
2013921301597,2,9,0,4,0,0,0,0,0,0,2,1,6,1,9,2231,2,-1,-1,3
2013921301608,1,9,0,18,0,0,0,0,0,0,3,1,2,2,5,1299,1,7,-1,1
2013921301627,1,10,0,9,9,8,0,0,0,0,1,1,6,1,9,2198,2,1,-1,2
2013921301627,2,1,0,18,0,1,0,0,0,0,1,1,6,1,4,-1,-1,-1,-1,-1
2013921301639,1,9,0,4,0,0,0,0,0,0,1,1,6,1,10,1400,1,7,-1,3
2013921301648,1,3,0,9,0,2,1,0,7,7,3,1,2,1,5,125,1,11,-1,3
2013921301648,2,9,0,4,0,1,0,0,0,0,3,1,2,2,6,1242,1,-1,-1,1
2013921301652,1,21,1,18,0,1,0,0,0,0,1,1,1,1,10,12130,2,9,-1,1
2013921301671,1,9,0,16,0,8,0,0,1,4,3,1,6,1,11,1587,1,8,-1,3
2013921301671,2,9,0,17,0,8,0,0,0,0,3,1,6,2,7,1781,1,9,-1,2
2013921301684,1,9,0,18,0,0,0,4,0,0,1,1,6,1,7,1956,2,1,-1,1
2013921301684,2,9,0,2,6,0,0,0,0,0,1,1,6,1,6,1896,2,8,-1,1
2013921301692,1,9,0,9,0,8,0,0,0,0,3,1,6,1,4,1360,1,9,-1,2
2013921301692,2,1,0,18,0,8,0,0,0,0,1,1,6,1,8,-1,-1,-1,-1,1
2013921301699,1,9,0,5,0,7,0,0,0,0,1,1,1,1,8,1598,1,11,-1,2
2013921301699,2,9,0,18,0,1,0,0,0,0,4,1,2,2,6,1242,1,6,-1,1
2013921301714,1,5,0,16,0,0,1,0,0,0,3,1,2,1,7,1237,1,3,-1,3
2013921301724,1,5,0,18,0,0,5,0,0,0,1,1,2,1,9,781,1,14,-1,-1
2013921301724,2,20,0,12,0,0,0,0,0,0,2,1,1,1,8,-1,-1,-1,-1,1
2013921301732,1,90,0,17,0,0,0,0,0,0,1,1,2,1,6,-1,-1,-1,-1,1
2013921301732,2,9,0,16,0,0,0,0,1,0,1,1,1,1,8,1560,2,6,-1,3
2013921301739,1,9,0,17,0,0,2,0,7,4,3,1,6,1,5,1389,1,14,-1,1
2013921301740,1,9,0,5,0,1,0,0,0,0,0,1,6,2,6,1984,1,11,-1,3
2013921301740,2,9,0,3,0,1,0,0,0,0,2,1,6,1,5,-1,-1,-1,-1,3
2013921301741,1,9,0,18,0,1,0,0,0,0,1,1,6,1,10,1596,1,8,-1,2
2013921301741,2,9,0,8,0,2,0,0,0,0,3,1,6,2,8,1242,1,3,-1,3
2013921301741,3,9,0,3,0,2,0,0,0,0,3,1,1,2,8,1332,1,4,-1,3
2013921301743,1,9,0,18,0,0,1,0,1,10,1,1,6,1,6,1968,2,8,4,1
2013921301747,1,9,0,16,0,0,2,0,1,0,1,1,6,2,6,2204,2,6,-1,1
2013921301747,2,9,0,17,0,0,2,0,1,0,1,1,6,2,8,1994,1,14,-1,1
2013921301747,3,9,0,17,0,0,0,0,0,0,1,1,6,1,7,2967,1,11,-1,3
2013921301751,1,5,0,16,0,0,0,0,1,0,4,1,6,1,7,-1,-1,-1,-1,-1
2013921301765,1,5,0,13,0,1,0,0,0,0,2,1,6,1,8,1000,1,10,-1,1
2013921301765,2,5,0,3,0,1,0,0,0,0,1,1,6,1,9,954,1,11,-1,2
2013921301766,1,9,4,18,0,0,1,0,0,0,1,1,6,2,8,2400,2,21,-1,3
2013921301766,2,9,0,18,0,0,0,0,1,0,1,1,6,2,7,1896,2,5,-1,3