Accident_Index,Vehicle_Reference,Vehicle_Type,Towing_and_Articulation,Vehicle_Manoeuvre,Vehicle_Location-Restricted_Lane,Junction_Location,Skidding_and_Overturning,Hit_Object_in_Carriageway,Vehicle_Leaving_Carriageway,Hit_Object_off_Carriageway,1st_Point_of_Impact,Was_Vehicle_Left_Hand_Drive?,Journey_Purpose_of_Driver,Sex_of_Driver,Age_Band_of_Driver,Engine_Capacity_(CC),Propulsion_Code,Age_of_Vehicle,Driver_IMD_Decile,Driver_Home_Area_Type
2013921303246,1,5,0,16,0,0,0,0,0,0,3,1,6,1,8,-1,-1,-1,-1,-1
2013921303248,1,9,0,7,0,1,0,0,0,0,1,1,6,2,10,1229,1,6,-1,1
2013921303248,2,9,0,18,0,1,0,0,7,10,1,1,6,1,5,1796,1,10,-1,3
2013921303250,1,9,0,18,0,8,0,0,0,0,0,1,6,2,8,1598,1,2,-1,1
2013921303250,2,1,0,9,0,1,1,0,0,0,0,1,4,1,3,-1,-1,-1,-1,1
2013921303257,1,21,0,7,0,8,0,0,0,0,1,1,1,1,8,4801,2,-1,-1,1
2013921303257,2,9,0,4,0,8,0,0,0,0,2,1,6,2,7,1995,2,-1,-1,2
2013921303261,1,9,0,18,0,0,0,0,0,0,0,1,1,1,6,1997,1,9,-1,1
2013921303263,1,5,0,4,0,1,1,0,3,0,1,1,2,1,5,599,1,14,-1,3
2013921303263,2,9,0,18,0,1,0,0,7,0,3,1,6,2,4,1360,1,6,-1,1
2013921303272,1,9,0,7,0,8,0,0,0,0,4,1,6,1,9,1753,2,10,-1,1
2013921303283,1,9,0,18,0,4,0,11,0,0,1,1,6,2,10,1598,1,6,-1,3
2013921303283,2,1,0,18,0,4,0,0,0,0,4,1,6,1,6,-1,-1,-1,-1,2
2013921303285,1,3,0,13,0,0,1,0,0,0,0,1,2,1,5,125,1,-1,-1,1
2013921303287,1,9,0,18,0,0,2,12,7,11,3,1,2,1,4,1598,1,24,-1,3
2013921303288,1,19,0,-1,0,1,0,0,0,0,4,1,6,3,5,2461,2,5,-1,1
2013921303289,1,9,0,18,0,0,5,0,2,3,1,1,6,2,7,2993,2,1,-1,3
2013921303292,1,9,0,17,0,0,0,0,0,0,1,1,6,1,7,3059,2,16,-1,3
2013921303292,2,9,0,16,0,0,0,0,1,0,1,1,6,2,6,1991,2,7,-1,3
2013921303293,1,9,0,18,0,3,5,0,0,0,4,1,2,2,8,998,1,1,-1,1
2013921303293,2,9,0,18,0,8,0,0,0,0,3,1,2,1,5,2198,2,8,-1,1
2013921303296,1,9,0,18,0,8,1,0,0,0,3,1,1,1,5,1595,1,21,-1,3
2013921303296,2,9,0,9,0,6,0,0,0,0,4,1,6,2,4,1560,2,-1,-1,2
2013921303306,1,9,0,5,0,8,0,0,0,0,3,1,2,2,6,1598,2,2,-1,1
2013921303306,2,21,0,5,0,8,0,0,0,0,4,1,1,1,7,7201,2,8,-1,1
2013921303307,1,9,0,18,0,2,0,0,0,0,4,1,6,1,6,2179,2,-1,-1,-1
2013921303307,2,1,0,18,2,2,0,0,0,0,3,1,2,1,7,-1,-1,-1,-1,3
2013921303309,1,9,0,13,0,8,1,0,1,0,4,1,6,1,6,1587,1,11,-1,-1
2013921303309,2,9,0,9,0,5,0,0,0,0,3,1,6,2,7,2401,2,8,-1,3
2013921303322,1,9,0,9,0,6,0,0,0,0,3,1,6,2,7,1995,2,4,-1,3
2013921303322,2,3,0,18,0,1,0,0,0,0,1,1,6,1,4,125,1,10,-1,1
2013921303323,1,19,0,5,0,1,0,0,0,0,0,1,1,1,8,2148,2,5,7,1
2013921303324,1,9,0,18,0,0,0,0,0,0,1,1,6,1,4,1229,1,6,-1,1
2013921303330,1,9,0,7,0,8,5,0,1,9,1,1,6,1,11,1199,1,9,-1,1
2013921303330,2,9,0,18,0,8,1,0,0,0,4,1,6,1,8,1991,1,14,9,1
2013921303333,1,9,0,1,0,0,0,0,0,0,2,1,2,2,5,1242,1,4,-1,1
2013921303336,1,11,0,18,0,0,0,0,0,0,0,1,3,1,9,-1,2,7,-1,-1
2013921303347,1,9,0,9,0,6,0,0,0,0,3,1,6,1,8,1242,1,1,-1,3
2013921303347,2,5,0,16,0,8,1,0,0,0,1,1,6,1,6,750,1,12,-1,-1
2013921303352,1,4,0,17,0,1,0,0,1,0,1,1,6,1,5,449,1,8,-1,3
2013921303357,1,19,0,18,0,1,0,0,0,0,1,1,2,1,5,2198,2,4,-1,3
2013921303357,2,19,0,10,0,1,0,0,0,0,2,1,2,1,6,1753,2,6,-1,3
2013921303357,3,19,0,18,0,1,0,0,0,0,1,1,2,1,6,1968,2,-1,-1,2
2013921303365,1,9,0,18,0,0,0,0,2,7,4,1,6,2,10,2967,2,3,-1,3
2013921303366,1,9,0,9,0,8,0,11,0,0,4,1,6,1,6,-1,-1,-1,-1,-1
2013921303366,2,1,0,18,0,3,0,0,0,0,1,1,6,1,5,-1,-1,-1,-1,-1
2013921303367,1,21,0,18,9,0,0,10,1,11,1,1,1,1,8,15607,2,7,-1,3
2013921303373,1,9,0,12,0,0,0,0,0,0,1,1,1,1,7,1242,1,1,-1,1
2013921303373,2,2,0,18,0,0,0,0,0,0,4,1,1,1,4,50,1,9,-1,1
2013921303375,1,1,0,18,0,0,0,0,0,0,0,1,6,1,5,-1,-1,-1,-1,-1
2013921303376,1,9,0,18,0,2,1,0,0,0,4,1,6,1,10,-1,-1,-1,-1,-1
2013921303378,1,8,0,16,0,1,0,0,0,0,1,1,6,1,8,1910,2,6,-1,2
2013921303378,2,9,0,10,0,1,0,0,0,0,2,1,6,1,9,1560,2,4,-1,3
2013921303382,1,9,0,13,0,8,0,0,0,0,1,1,6,1,4,1975,1,14,-1,-1
2013921303382,2,9,0,9,0,5,0,0,0,0,3,1,6,2,8,2188,2,5,-1,-1
2013921303382,3,11,0,18,0,2,0,0,0,0,2,1,1,1,7,7300,2,6,-1,1
2013921303398,1,9,0,18,0,1,2,0,1,0,1,1,6,2,8,1364,2,3,-1,3
2013921303398,2,9,0,18,0,1,0,0,0,0,2,1,6,2,7,2400,2,2,-1,3
2013921303399,1,9,0,18,0,0,0,0,0,0,3,1,2,1,9,1968,2,5,-1,1
2013921303400,1,9,0,17,0,0,1,0,7,4,2,1,2,2,4,1229,1,7,-1,2
2013921303401,1,9,0,10,0,8,0,0,0,0,4,1,6,2,9,1124,1,9,-1,1
2013921303401,2,-1,-1,-1,0,-1,0,0,0,0,-1,1,6,3,-1,-1,-1,-1,-1,-1
2013921303408,1,9,0,18,0,0,1,0,1,0,1,1,6,1,7,1587,1,10,-1,2
2013921303410,1,9,0,18,0,0,0,0,0,0,4,1,6,2,4,-1,-1,-1,-1,1
2013921303414,1,9,0,18,0,0,0,0,7,4,1,1,6,2,4,1242,1,-1,-1,3
2013921303422,1,9,4,18,0,0,0,0,0,0,0,1,6,1,10,2199,2,-1,-1,3
2013921303422,2,5,0,16,0,0,0,11,0,0,1,1,6,1,8,798,1,1,-1,1
2013921303424,1,9,0,18,0,1,0,0,0,0,1,1,2,2,8,1998,1,7,-1,2
2013921303424,2,1,0,5,0,2,0,0,0,0,1,1,2,1,5,-1,-1,-1,-1,3
2013921303435,1,9,0,17,0,1,0,0,2,11,1,1,6,1,7,1956,2,-1,-1,1
2013921303445,1,9,0,17,0,0,1,0,1,0,1,1,6,2,4,1199,1,11,-1,1
2013921303452,1,9,0,16,0,0,1,0,7,9,4,1,6,1,7,1461,2,5,-1,-1
2013921303452,2,9,0,18,0,0,0,0,1,9,1,1,6,2,8,1995,2,6,-1,3
2013921303453,1,9,0,18,0,1,0,0,0,0,1,1,6,1,8,4999,1,6,-1,1
2013921303453,2,9,0,3,0,1,0,0,0,0,2,1,1,2,5,1242,1,-1,-1,1
2013921303453,3,9,0,3,0,1,0,0,0,0,3,1,6,2,7,3311,8,7,-1,2
2013921303455,1,9,0,3,0,4,0,0,0,0,2,1,2,2,8,1560,2,4,-1,1
2013921303455,2,19,0,5,0,4,0,0,0,0,1,1,1,1,8,2402,2,2,-1,1
2013921303466,1,9,0,17,0,0,0,0,0,0,3,1,6,2,6,1587,1,7,-1,2
2013921303466,2,9,0,16,0,0,0,0,0,0,3,1,6,1,5,-1,-1,-1,-1,3
2013921303470,1,9,0,14,0,8,5,0,7,0,1,1,6,1,7,1124,1,11,-1,3
2013921303470,2,9,0,18,0,8,0,0,0,0,1,1,6,1,7,1995,2,1,-1,2
2013921303472,1,9,0,7,0,5,0,0,0,0,1,1,2,2,7,1396,1,2,-1,3
2013921303472,2,1,0,18,0,8,0,0,0,0,3,1,2,1,6,-1,-1,-1,-1,1
2013921303477,1,9,0,17,0,0,0,0,0,0,1,1,6,1,8,1461,2,-1,-1,-1
2013921303477,2,9,0,16,0,0,0,0,0,0,1,1,6,2,6,1910,2,4,-1,3
2013921303480,1,9,0,5,8,0,0,0,0,0,3,1,6,1,8,998,1,5,-1,3
2013921303480,2,9,0,13,0,0,0,0,0,0,3,1,2,2,6,1796,1,11,-1,3
2013921303485,1,20,1,10,0,1,0,0,0,0,1,1,1,1,-1,9200,2,2,3,1
2013921303485,2,8,0,10,0,1,0,0,0,0,2,1,2,2,4,1242,1,1,-1,1
2013921303489,1,9,0,9,0,1,0,0,0,0,1,1,6,1,11,1989,1,14,-1,1
2013921303489,2,9,0,18,0,1,0,0,0,0,3,1,6,1,9,2290,1,9,-1,3
2013921303496,1,9,0,18,0,0,0,0,0,0,1,1,6,2,5,1198,1,9,-1,3
2013921303496,2,10,0,18,0,0,0,0,0,0,1,1,1,1,8,2402,2,6,-1,1
2013921303496,3,11,0,4,0,0,0,0,0,0,2,1,1,1,9,-1,-1,-1,-1,3
2013921303498,1,9,0,9,0,5,0,0,0,0,4,1,6,2,6,1896,2,9,-1,1
2013921303498,2,5,0,18,0,1,0,0,0,0,1,1,6,1,7,652,1,8,-1,1
2013921303499,1,19,0,18,0,0,0,0,7,11,1,1,1,1,4,1461,2,3,-1,2
2013921303500,1,3,0,18,0,2,0,0,0,0,0,1,6,1,5,124,1,4,-1,1
2013921303508,1,9,0,18,9,0,0,0,1,11,3,1,2,1,7,2204,2,4,-1,2
2013921303508,2,9,0,5,0,0,0,0,0,0,3,1,1,1,7,1364,2,2,-1,2
2013921303514,1,9,0,9,0,2,0,0,0,0,4,1,6,1,9,1968,2,2,-1,1
2013921303514,2,5,0,18,0,1,1,0,0,0,1,1,6,1,8,1450,1,8,-1,3
2013921303527,1,9,0,16,0,8,0,12,0,0,1,1,6,1,8,1587,1,7,-1,3
2013921303527,2,9,0,17,0,8,0,0,0,0,1,1,6,2,6,1870,2,10,-1,3
2013921303528,1,9,0,18,0,0,0,0,0,0,1,1,2,2,10,1499,2,-1,-1,3
2013921303528,2,21,0,2,0,0,0,0,0,0,2,1,1,1,8,9200,2,7,-1,-1
2013921303539,1,9,0,18,0,1,0,0,0,0,4,1,6,1,9,1242,1,1,-1,1
2013921303543,1,11,0,18,0,0,0,0,0,0,0,1,6,1,6,4580,2,5,-1,2
2013921303545,1,9,0,16,0,0,1,0,7,9,1,1,2,1,8,1999,1,6,-1,3
2013921303546,1,9,0,16,0,0,1,0,1,4,3,1,6,2,6,1781,1,13,-1,1
2013921303547,1,9,0,17,0,0,5,0,2,10,4,1,2,2,4,1368,1,7,-1,3
2013921303548,1,9,0,18,0,0,0,0,7,0,4,1,2,1,7,2295,1,14,-1,1
2013921303548,2,9,0,18,0,0,0,0,0,0,1,1,2,1,8,1997,2,9,-1,1
2013921303550,1,9,0,18,0,0,0,0,0,0,1,1,6,1,7,2149,2,6,-1,3
2013921303551,1,9,0,18,0,0,0,0,0,0,4,1,2,1,6,1798,1,2,-1,3
2013921303551,2,1,0,18,0,0,5,0,1,0,3,1,1,1,6,-1,-1,-1,-1,3
2013921303556,1,9,0,17,0,0,2,0,1,10,4,1,2,1,8,1242,1,7,-1,-1
2013921303558,1,9,0,18,0,0,2,0,2,10,1,1,6,2,6,1149,1,5,-1,-1
2013921303560,1,11,0,4,0,2,0,0,0,0,1,1,1,1,7,-1,2,14,-1,1
2013921303567,1,4,0,18,0,0,2,0,1,11,1,1,6,1,4,498,1,14,-1,1
2013921303568,1,9,0,17,0,0,1,0,8,11,4,1,6,2,5,1796,1,13,-1,1
2013921303571,1,9,0,18,0,0,0,0,1,7,1,1,6,2,6,1560,2,4,-1,-1
2013921303573,1,9,0,16,0,0,1,0,1,3,1,1,1,1,8,1248,2,6,-1,-1
2013921303575,1,4,0,18,0,8,0,0,0,0,1,1,6,1,5,-1,-1,-1,-1,1
2013921303575,2,9,0,9,0,8,0,0,0,0,3,1,6,2,8,1598,1,6,-1,1
2013921303575,3,9,0,18,0,1,0,0,0,0,0,1,6,1,5,2521,1,3,-1,1
2013921303576,1,9,0,5,0,6,0,0,0,0,3,1,6,1,6,1968,2,5,-1,3
2013921303577,1,9,0,18,0,0,5,10,1,0,1,1,6,2,5,1198,1,2,-1,2
2013921303578,1,9,0,16,0,0,2,0,7,11,4,1,6,2,5,998,1,9,-1,3
2013921303578,2,1,0,18,0,0,0,0,1,0,1,1,6,2,7,-1,-1,-1,-1,3
2013921303580,1,9,0,13,0,0,0,0,0,0,1,1,6,1,8,-1,-1,-1,-1,-1
2013921303580,2,9,0,18,0,0,0,0,0,0,1,1,1,1,6,1229,1,8,-1,2
2013921303582,1,9,0,18,0,0,5,4,0,0,4,1,1,1,4,2494,2,25,-1,3
2013921303582,2,9,0,2,0,0,0,0,0,0,3,1,1,1,6,-1,-1,-1,-1,3
2013921303591,1,9,0,16,0,0,2,0,7,4,4,1,6,1,7,1956,2,1,-1,1
2013921303592,1,9,0,18,0,0,0,0,0,0,1,1,6,1,8,-1,-1,-1,-1,2
2013921303592,2,9,0,18,0,0,0,0,0,0,2,1,6,1,8,1560,2,3,-1,2
2013921303593,1,9,0,17,0,0,1,0,1,4,1,1,6,2,4,1229,1,6,-1,3
2013921303595,1,3,0,16,0,3,2,10,5,10,3,1,2,2,6,124,1,1,-1,1
2013921303595,2,19,0,12,0,3,0,0,0,0,0,1,6,1,7,-1,-1,-1,-1,-1
2013921303596,1,9,0,18,0,0,0,0,7,10,1,1,6,2,5,1242,1,-1,-1,-1
2013921303598,1,9,0,18,0,8,0,0,0,0,4,1,1,2,8,1398,2,-1,-1,1
2013921303598,2,9,0,4,0,1,0,0,0,0,1,1,2,2,6,1149,1,4,-1,1
2013921303599,1,5,0,18,0,8,1,0,0,0,0,1,6,1,10,680,1,4,-1,3
2013921303599,2,9,0,18,0,8,0,0,0,0,0,1,6,3,-1,-1,-1,-1,-1,-1
2013921303600,1,9,0,16,0,2,0,0,0,0,4,1,6,2,7,1896,2,9,-1,3
2013921303602,1,9,0,9,0,8,0,0,0,0,4,1,6,1,7,1994,2,13,-1,3
2013921303602,2,9,0,18,0,1,0,0,0,0,1,1,1,2,7,1995,2,5,-1,1
2013921303603,1,9,0,18,0,1,0,0,0,0,1,1,6,1,8,2793,1,15,-1,1
2013921303603,2,9,0,9,0,6,0,0,0,0,4,1,6,1,8,1598,1,-1,-1,-1
2013921303604,1,9,0,5,0,6,0,0,0,0,1,1,6,2,7,1149,1,8,-1,1
2013921303604,2,9,0,18,0,1,0,0,0,0,3,1,2,1,7,3950,1,13,-1,1
2013921303605,1,9,0,10,0,1,0,0,0,0,1,1,6,1,10,1896,2,6,7,3
2013921303605,2,9,0,18,0,1,0,0,0,0,0,1,6,1,6,1596,1,-1,-1,1
2013921303608,1,9,0,10,0,1,0,0,0,0,2,1,6,1,9,1349,1,1,-1,1
2013921303608,2,9,0,18,0,1,0,0,0,0,1,1,6,3,4,-1,-1,-1,-1,-1
2013921303609,1,9,0,17,0,0,2,0,8,11,1,1,1,1,7,1124,1,11,-1,3
2013921303610,1,97,0,14,0,0,0,0,0,0,1,1,6,1,4,-1,-1,-1,-1,-1
2013921303610,2,9,0,17,0,0,0,0,0,0,3,1,6,2,10,1242,1,7,-1,1
2013921303613,1,9,0,16,9,0,2,0,7,4,1,1,6,2,8,1560,2,2,-1,2
2013921303614,1,9,0,18,0,1,0,0,0,0,1,1,6,1,6,1390,1,10,-1,1
2013921303615,1,9,0,18,0,0,1,0,0,0,1,1,2,1,6,1596,1,12,-1,1
2013921303616,1,9,0,18,0,8,0,0,0,0,4,1,2,2,5,1398,2,2,-1,3
2013921303620,1,9,0,16,0,0,2,0,2,11,4,1,2,2,6,1598,1,6,-1,1
2013921303622,1,3,0,18,0,0,2,10,0,0,0,1,6,1,6,125,1,-1,-1,2
2013921303623,1,9,0,9,0,8,0,0,0,0,3,1,2,2,8,1329,1,2,-1,1
2013921303623,2,1,0,10,0,1,0,0,0,0,0,1,6,1,8,-1,-1,-1,-1,2
2013921303627,1,9,0,18,0,1,0,0,7,0,4,1,6,1,6,2170,2,9,-1,3
2013921303627,2,9,0,18,0,1,0,0,0,0,1,1,1,1,8,-1,-1,-1,-1,3
2013921303629,1,9,0,7,0,4,0,0,0,0,1,1,6,2,8,1229,1,7,-1,2
2013921303629,2,9,0,8,0,4,0,0,0,0,2,1,6,2,6,1229,1,1,-1,3
2013921303631,1,9,0,18,0,0,0,0,0,0,4,1,6,1,8,2979,1,4,-1,3
2013921303631,2,5,0,13,0,0,2,0,6,0,4,1,6,1,9,998,1,17,-1,-1
2013921303632,1,5,0,16,0,0,2,0,7,0,3,1,6,1,8,908,1,28,-1,1
2013921303633,1,9,0,18,0,0,0,0,0,0,3,1,6,1,5,2171,1,12,-1,2
2013921303634,1,9,0,9,0,6,0,0,0,0,1,1,6,1,9,1398,1,4,-1,2
2013921303634,2,9,0,18,0,1,0,0,1,0,1,1,6,1,6,954,1,20,-1,1
2013921303635,1,90,0,18,0,8,0,0,0,0,1,1,1,2,7,3199,2,3,-1,1
2013921303635,2,9,0,18,0,8,5,0,0,0,4,1,6,2,5,1422,2,10,-1,1
2013921303636,1,9,0,16,0,0,0,0,0,0,3,1,6,2,8,1984,1,4,-1,3
2013921303636,2,9,0,18,0,0,0,0,0,0,3,1,6,1,8,1199,2,2,-1,3
2013921303637,1,9,0,17,0,0,2,0,7,4,1,1,6,1,4,2521,1,7,-1,3
2013921303639,1,19,0,10,0,5,0,0,0,0,2,1,1,1,6,2402,2,2,-1,2
2013921303639,2,19,0,18,0,1,0,0,0,0,1,1,1,1,10,2143,2,3,-1,3
2013921303641,1,9,0,8,0,1,0,0,0,0,2,1,2,1,9,-1,-1,-1,-1,3
2013921303641,2,9,0,18,0,1,0,0,0,0,1,1,2,2,8,-1,-1,-1,-1,3
2013921303642,1,9,0,18,0,0,1,0,7,4,1,1,6,2,5,1360,1,9,-1,3
2013921303644,1,9,0,18,0,1,0,0,0,0,1,1,6,1,7,1900,2,8,-1,3
2013921303644,2,9,0,3,0,3,0,0,0,0,2,1,6,2,10,1242,1,1,-1,-1
2013921303644,3,9,0,3,0,3,0,0,0,0,2,1,6,1,5,1229,1,7,-1,2
2013921303644,4,9,0,3,0,4,0,0,0,0,0,1,6,2,7,1753,2,11,-1,-1
2013921303648,1,8,0,9,0,8,0,0,0,0,1,1,6,2,8,2148,2,4,-1,2
2013921303651,1,9,0,18,0,0,0,0,0,0,4,1,6,2,7,1968,2,5,-1,1
2013921303651,2,1,0,18,0,0,0,0,0,0,3,1,6,1,8,-1,-1,-1,-1,3
2013921303653,1,9,0,5,0,4,0,0,0,0,1,1,6,1,5,-1,-1,-1,-1,-1
2013921303653,2,22,0,18,0,0,0,0,0,0,2,1,6,2,8,-1,-1,-1,-1,1
2013921303656,1,9,0,18,0,0,0,0,0,0,1,1,2,1,6,1242,1,11,-1,1
2013921303663,1,9,0,18,0,1,0,0,0,0,1,1,6,1,8,1968,2,1,-1,1
2013921303663,2,9,0,5,0,1,5,0,7,11,2,1,6,1,7,-1,-1,-1,-1,3
2013921303664,1,20,0,18,0,0,0,0,0,0,1,1,6,1,7,-1,-1,-1,-1,-1
2013921303664,2,9,0,18,0,0,0,0,1,11,1,1,6,1,7,1896,2,19,-1,-1
2013921303665,1,3,0,18,0,0,0,0,0,0,0,1,2,1,7,123,1,5,-1,1
2013921303665,2,9,0,11,0,0,0,0,0,0,0,1,6,2,6,1997,2,-1,-1,-1
2013921303666,1,5,0,17,0,1,0,0,1,1,1,1,6,1,5,670,1,-1,-1,2
2013921303680,1,9,0,18,0,0,5,0,5,6,3,1,6,2,7,1598,1,-1,-1,3
2013921303684,1,9,0,12,0,3,0,0,0,0,3,1,6,1,6,1995,2,12,-1,1
2013921303684,2,4,0,18,0,3,0,0,7,0,3,1,6,1,6,399,1,18,-1,1
2013921303685,1,9,0,18,0,0,0,0,0,0,1,1,2,2,5,1397,1,4,-1,1
2013921303685,2,9,0,4,0,0,0,0,0,0,2,1,2,2,5,998,1,2,-1,1
2013921303686,1,9,0,18,0,2,0,0,0,0,1,1,6,1,7,973,1,12,-1,1
2013921303686,2,3,0,9,0,2,0,0,0,0,1,1,6,1,7,124,1,2,-1,-1
2013921303697,1,9,0,17,0,0,0,0,0,10,1,1,2,1,4,1296,1,7,-1,3
2013921303701,1,9,0,7,0,6,0,0,1,0,1,1,6,1,11,-1,-1,-1,-1,3
2013921303701,2,19,0,18,0,1,0,0,0,0,3,1,2,1,9,1560,2,3,-1,3
2013921303702,1,9,0,18,0,0,0,0,0,0,1,1,6,2,9,2495,2,9,-1,3
2013921303706,1,9,0,18,0,1,0,0,1,7,4,1,6,2,10,1229,1,3,-1,3
2013921303708,1,9,0,3,0,1,0,0,0,0,2,1,1,2,5,1242,1,1,-1,3
2013921303708,2,9,0,3,0,1,0,0,0,0,2,1,1,1,6,1968,2,5,-1,3
2013921303708,3,9,0,3,0,1,0,0,0,0,1,1,1,1,7,1995,2,-1,-1,3
2013921303709,1,19,0,18,0,0,1,12,1,4,1,1,2,1,6,1598,2,6,-1,1
2013921303711,1,1,0,18,0,0,1,0,0,0,1,1,6,1,4,-1,-1,-1,-1,3
2013921303711,2,19,0,18,0,0,0,0,0,0,1,1,6,1,6,2461,2,11,-1,3
2013921303712,1,9,0,18,0,0,0,0,0,0,1,1,6,1,4,1149,1,11,-1,1
2013921303712,2,9,0,18,0,0,0,0,0,0,2,1,6,2,7,1398,1,2,-1,3
2013921303714,1,9,0,18,0,0,0,0,0,0,1,1,6,1,6,1984,1,4,-1,3
2013921303714,2,9,0,18,0,0,2,0,1,3,2,1,6,1,6,599,1,11,-1,1
2013921303720,1,9,0,18,0,8,0,0,0,0,1,1,6,2,9,1968,2,2,-1,3
2013921303720,2,8,0,18,0,8,0,0,0,0,3,1,1,1,9,1910,2,8,-1,2
2013921303721,1,9,0,18,0,1,0,4,0,0,1,1,6,1,8,1560,2,7,-1,1
2013921303721,2,9,0,2,0,1,0,0,0,0,1,1,6,2,11,1598,1,3,-1,3
2013921303726,1,9,0,5,0,4,0,0,0,0,3,1,1,1,8,1968,2,4,-1,1
2013921303726,2,10,0,18,0,3,0,0,0,0,1,1,2,1,9,-1,-1,-1,-1,1
2013921303727,1,9,0,5,0,4,0,0,0,0,1,1,1,1,8,2183,2,3,-1,1
2013921303727,2,1,0,18,0,3,0,0,0,0,4,1,1,2,9,-1,-1,-1,-1,1
2013921303732,1,9,0,9,0,6,0,0,0,0,0,1,6,2,6,1590,1,8,-1,1
2013921303732,2,3,0,18,0,1,1,0,0,0,0,1,6,1,4,124,1,-1,-1,1
2013921303733,1,9,0,16,0,0,5,0,1,4,1,1,6,2,7,-1,-1,-1,-1,1
2013921303740,1,11,0,5,0,1,0,0,0,0,1,1,1,1,7,7300,2,8,-1,2
2013921303740,2,9,0,10,0,2,0,0,0,0,2,1,6,1,7,998,1,6,-1,3
2013921303743,1,-1,-1,17,0,0,0,0,0,0,4,1,6,3,4,-1,-1,-1,-1,-1
2013921303744,1,2,0,9,0,6,0,0,1,0,3,1,6,1,4,49,1,5,-1,-1
2013921303744,2,9,0,18,0,8,0,0,7,0,1,1,2,1,8,2993,2,7,-1,2
2013921303746,1,9,0,5,0,8,0,0,0,0,3,1,2,1,10,-1,-1,-1,-1,2
2013921303746,2,2,0,18,0,8,2,0,7,10,1,1,2,1,4,49,1,10,-1,3
2013921303752,1,9,0,18,0,1,0,0,0,0,1,1,6,1,4,1368,1,4,-1,2
2013921303752,2,9,0,4,0,1,0,0,0,0,2,1,6,2,9,1997,1,3,-1,-1
2013921303752,3,8,0,4,0,1,0,0,0,0,0,1,1,1,7,1560,2,-1,-1,-1
2013921303754,1,9,0,9,0,6,0,0,0,0,1,1,6,2,6,1598,1,7,-1,2
2013921303754,2,9,0,18,0,8,0,0,0,0,3,1,6,1,6,-1,-1,-1,-1,-1
2013921303757,1,9,0,18,0,2,0,0,0,0,1,1,6,1,10,1198,1,7,-1,1
2013921303757,2,9,0,18,0,2,0,0,0,0,3,1,6,1,7,2993,2,3,-1,1
2013921303759,1,9,0,4,0,0,0,4,7,0,3,1,6,1,11,875,1,1,-1,3
2013921303759,2,9,0,2,0,0,0,4,0,0,3,1,1,1,10,998,1,1,-1,3
2013921303759,3,9,0,2,0,0,0,0,0,0,4,1,6,1,9,1248,2,3,-1,-1
2013921303761,1,9,0,9,0,6,0,0,0,0,1,1,6,1,5,-1,-1,-1,-1,1
2013921303761,2,3,0,18,0,1,0,0,0,0,1,1,1,1,6,125,1,3,-1,1
2013921303761,3,9,0,3,0,2,0,0,0,0,1,1,2,1,7,-1,-1,-1,-1,3
2013921303764,1,9,0,18,0,8,0,0,0,0,1,1,6,3,-1,1396,1,2,-1,-1
2013921303764,2,9,0,18,0,6,0,0,0,0,4,1,2,2,6,1598,1,6,-1,1
2013921303765,1,9,0,9,0,6,0,0,0,0,1,1,2,2,6,1360,1,5,-1,3
2013921303765,2,20,1,18,0,1,0,0,0,0,1,1,1,1,7,-1,-1,-1,-1,3
2013921303768,1,9,0,18,0,0,1,0,0,0,3,1,2,1,8,1994,1,10,-1,1
2013921303768,2,9,0,18,0,0,0,0,0,0,1,1,2,2,6,1560,2,7,-1,1
2013921303768,3,19,0,18,0,0,0,0,0,0,2,1,2,1,7,1248,2,7,-1,1
2013921303769,1,9,0,16,0,0,2,0,7,11,1,1,6,1,5,1796,1,11,-1,1
2013921303771,1,9,0,18,0,0,0,0,0,0,4,1,6,2,9,1422,2,5,-1,3
2013921303774,1,9,0,6,0,2,0,4,7,11,3,1,6,2,9,1490,1,9,-1,1
2013921303774,2,9,0,18,0,2,0,0,7,11,1,1,2,1,7,1896,2,7,-1,1
2013921303774,3,9,0,2,0,1,0,0,0,0,1,1,6,2,8,1596,1,7,-1,1
2013921303777,1,9,0,17,0,0,2,0,2,0,1,1,6,2,5,1229,1,6,-1,1
2013921303778,1,19,0,3,0,0,0,0,0,0,2,1,1,1,5,2143,2,2,-1,3
2013921303778,2,9,0,4,0,0,1,4,0,0,1,1,6,2,9,1390,1,1,-1,2
2013921303778,3,10,0,4,0,0,1,1,0,0,1,1,1,1,6,-1,-1,-1,3,1
2013921303779,1,9,0,7,0,5,0,0,0,0,4,1,6,1,8,998,1,-1,-1,1
2013921303780,1,9,0,18,0,0,0,0,0,0,1,1,6,2,8,-1,-1,-1,-1,-1
2013921303786,1,19,0,17,0,0,0,0,0,0,0,1,6,3,-1,-1,-1,-1,-1,-1
2013921303786,2,9,0,18,4,0,0,12,7,9,1,1,6,1,8,2183,2,1,-1,1
2013921303791,1,9,0,5,0,4,0,0,0,0,3,1,6,2,7,1198,1,3,-1,1
2013921303791,2,9,0,7,0,4,0,0,0,0,4,1,6,1,6,1995,1,2,-1,3