Accident_Index,Vehicle_Reference,Vehicle_Type,Towing_and_Articulation,Vehicle_Manoeuvre,Vehicle_Location-Restricted_Lane,Junction_Location,Skidding_and_Overturning,Hit_Object_in_Carriageway,Vehicle_Leaving_Carriageway,Hit_Object_off_Carriageway,1st_Point_of_Impact,Was_Vehicle_Left_Hand_Drive?,Journey_Purpose_of_Driver,Sex_of_Driver,Age_Band_of_Driver,Engine_Capacity_(CC),Propulsion_Code,Age_of_Vehicle,Driver_IMD_Decile,Driver_Home_Area_Type
2013930000012,2,9,0,4,0,0,0,0,0,0,2,1,2,1,7,1390,1,3,-1,1
2013930000013,1,21,0,18,0,1,0,9,1,11,1,1,1,1,7,5480,2,10,-1,2
2013930000013,2,9,0,2,0,2,0,0,0,0,1,1,6,3,-1,1797,8,-1,-1,-1
2013930000013,3,9,0,2,0,2,0,0,0,0,1,1,6,3,-1,1798,8,-1,-1,-1
2013930000014,1,9,0,9,0,6,0,0,0,0,1,1,6,1,7,1968,2,6,-1,1
2013930000015,1,9,0,18,0,0,1,0,1,11,1,1,6,1,4,2000,1,10,-1,3
2013930000016,1,9,0,18,0,0,0,0,0,0,1,1,6,1,4,796,1,7,-1,1
2013930000017,1,9,0,1,0,0,0,0,0,0,2,1,1,1,10,-1,-1,-1,-1,1
2013930000018,1,9,0,18,0,2,0,0,1,2,1,1,6,1,6,1998,1,9,-1,1
2013930000019,1,9,0,18,0,0,5,0,1,7,1,1,1,1,10,1598,1,4,-1,1
2013930000020,1,9,0,16,0,0,0,0,1,11,1,1,6,1,11,1242,1,4,-1,3
2013930000020,2,17,4,4,0,0,0,0,0,0,1,1,1,1,9,-1,-1,-1,-1,3
2013930000021,1,9,0,18,0,1,0,0,0,0,1,1,6,2,7,1198,1,1,-1,3
2013930000021,2,9,0,3,0,1,0,0,0,0,2,1,2,2,8,1968,2,2,-1,3
2013930000022,1,9,0,18,0,4,0,0,0,0,0,1,6,1,10,1339,1,3,-1,1
2013930000022,2,1,0,18,0,8,5,0,0,0,0,1,6,1,8,-1,-1,-1,-1,1
2013930000023,1,9,0,18,0,1,0,0,0,0,1,1,6,2,8,-1,-1,-1,-1,2
2013930000023,2,9,0,4,0,1,0,0,0,0,2,1,6,1,7,-1,-1,-1,-1,3
2013930000024,1,9,0,18,0,0,0,0,0,0,1,1,6,1,8,2967,2,5,-1,1
2013930000025,1,9,0,18,0,8,0,0,0,0,3,1,3,2,8,1397,1,1,-1,1
2013930000025,2,5,0,18,0,8,0,0,0,0,1,1,2,1,5,498,1,10,-1,1
2013930000026,1,21,0,18,0,4,0,0,0,0,3,1,1,1,9,11000,2,9,-1,3
2013930000026,2,19,0,9,0,8,0,0,0,0,1,1,1,1,5,1560,2,2,-1,1
2013930000027,1,9,0,4,0,0,0,4,0,0,1,1,6,2,5,1388,1,9,-1,1
2013930000027,2,9,0,2,0,0,0,0,0,0,2,1,6,3,-1,1598,1,11,-1,-1
2013930000028,1,9,0,1,0,1,0,0,0,0,2,1,6,2,6,1229,1,6,-1,1
2013930000028,2,1,0,18,0,1,0,0,0,0,1,1,6,1,9,-1,-1,-1,-1,1
2013930000029,1,9,0,18,0,8,0,0,0,0,1,1,2,1,11,1598,1,12,-1,1
2013930000029,2,9,0,18,0,8,0,0,1,11,4,1,6,1,10,2148,2,12,-1,2
2013930000030,1,9,0,18,0,0,0,0,0,0,1,1,6,1,7,2982,2,7,-1,3
2013930000030,2,1,0,18,0,0,0,0,0,0,2,1,6,1,8,-1,-1,-1,-1,3
2013930000031,1,9,0,16,0,0,0,0,7,11,1,1,6,1,7,2987,2,3,-1,3
2013930000032,1,9,0,18,0,0,0,0,0,0,1,1,6,1,11,1398,1,1,-1,1
2013930000034,1,9,0,18,0,0,0,0,0,0,1,1,6,1,8,1700,2,8,6,1
2013930000034,2,9,0,3,0,0,0,0,0,0,2,1,6,1,10,2204,2,8,-1,1
2013930000035,1,9,0,18,0,1,0,0,0,0,1,1,6,1,9,1686,2,2,-1,1
2013930000035,2,9,0,3,0,1,0,0,0,0,2,1,6,2,7,1364,1,4,-1,1
2013930000035,3,9,0,18,0,1,0,0,0,0,2,1,6,2,7,1398,1,1,-1,-1
2013930000036,1,11,0,18,0,0,0,0,0,0,1,1,1,1,8,-1,-1,-1,-1,1
2013930000036,2,1,0,18,0,0,0,0,0,0,3,1,6,1,8,-1,-1,-1,-1,1
2013930000043,1,9,0,9,0,2,0,0,0,0,1,1,6,1,8,-1,-1,-1,-1,3
2013930000044,1,9,0,17,0,0,0,0,0,0,1,1,6,1,7,1997,2,-1,-1,-1
2013930000044,2,9,0,16,0,0,0,0,0,0,1,1,6,1,11,1497,8,1,-1,3
2013930000045,1,9,0,16,0,1,5,0,0,0,4,1,6,2,6,1596,1,5,-1,3
2013930000046,1,9,0,17,0,0,1,0,0,0,1,1,6,2,6,1299,1,8,-1,2
2013930000046,2,9,0,18,0,0,0,0,0,0,1,1,6,1,9,1596,1,2,-1,2
2013930000067,1,9,0,17,0,0,0,0,1,11,1,1,6,1,5,1595,1,18,-1,1
2013930000067,2,9,0,18,0,0,0,0,0,0,0,1,6,2,5,1299,1,11,-1,1
2013930000073,1,9,0,18,0,1,0,0,0,0,1,1,6,1,6,1995,2,6,-1,1
2013930000073,2,9,0,18,0,1,0,0,0,0,1,1,6,1,4,1149,1,14,-1,-1
2013930000074,1,9,0,6,0,0,0,0,0,0,2,1,6,1,9,-1,-1,-1,-1,-1
2013930000074,2,9,0,18,0,0,0,0,0,0,1,1,6,2,6,1598,1,4,-1,3
2013930000085,1,9,0,9,0,1,0,0,0,0,1,1,6,3,-1,-1,-1,-1,-1,-1
2013930000087,1,9,0,18,0,1,1,0,0,0,1,1,6,2,5,1229,1,1,-1,1
2013930000115,1,9,0,18,0,0,0,0,0,0,2,1,6,1,8,2171,2,11,-1,-1
2013930000115,2,9,0,18,0,0,0,0,0,0,1,1,6,1,4,2171,2,11,-1,-1
2013930000130,1,9,0,18,0,2,2,0,7,3,1,1,6,2,6,2000,2,9,-1,1
2013930000131,1,9,0,9,0,6,0,0,0,0,4,1,1,1,8,-1,-1,-1,-1,1
2013930000131,2,9,0,18,0,1,0,0,0,0,1,1,1,2,7,1968,2,7,-1,2
2013930000156,1,9,0,18,0,1,0,0,0,0,1,1,6,3,-1,1796,1,12,-1,-1
2013930000156,2,9,0,18,0,1,0,0,0,0,1,1,6,1,9,1198,1,10,-1,1
2013930000158,1,9,0,5,0,0,0,4,7,10,1,1,6,2,11,1490,1,8,-1,1
2013930000158,2,9,0,2,0,0,0,0,0,0,2,1,6,3,-1,1591,1,1,-1,-1
2013930000159,1,19,0,18,0,8,0,0,0,0,3,1,1,1,7,1560,2,3,-1,1
2013930000159,2,9,0,18,0,8,0,0,0,0,1,1,2,2,4,1149,1,2,-1,3
2013930000160,1,9,0,18,0,2,0,0,0,0,1,1,6,1,6,-1,-1,-1,-1,1
2013930000162,1,9,0,18,0,0,0,0,0,0,3,1,2,1,5,1598,1,7,-1,1
2013930000163,1,9,0,18,0,1,0,0,0,0,1,1,6,2,8,1108,1,6,-1,1
2013930000163,2,9,0,3,0,1,0,0,0,0,2,1,6,1,10,1396,1,11,-1,1
2013930000163,3,9,0,3,0,1,0,0,0,0,2,1,6,1,10,2199,2,4,-1,1
2013930000166,1,9,0,5,0,1,0,0,0,0,1,1,6,1,10,2457,1,16,-1,2
2013930000166,2,9,0,18,0,8,0,0,0,0,4,1,2,2,6,1229,1,4,-1,1
2013930000167,1,19,0,18,0,1,0,0,0,0,1,1,1,1,8,1868,2,8,-1,3
2013930000167,2,9,0,2,0,1,0,0,0,0,0,1,6,1,5,1596,1,8,-1,1
2013930000168,1,9,0,18,0,0,0,0,0,0,1,1,3,2,7,1242,1,9,-1,1
2013930000168,2,19,0,3,0,0,0,0,0,0,2,1,1,1,9,-1,-1,-1,-1,1
2013930000173,1,9,0,18,0,0,5,0,1,10,1,1,2,1,6,1896,2,11,-1,1
2013930000174,1,19,0,18,0,1,0,0,7,0,1,1,1,1,6,-1,-1,-1,-1,1
2013930000175,1,9,0,18,0,0,0,0,0,0,1,1,6,1,11,996,1,4,-1,1
2013930000176,1,9,0,18,0,0,0,0,0,0,1,1,6,1,7,1198,1,7,-1,1
2013930000177,1,21,4,18,0,0,0,0,5,6,1,1,1,1,9,12419,2,3,-1,3
2013930000178,1,19,0,16,0,1,0,0,7,10,1,1,1,1,9,-1,-1,-1,-1,3
2013930000181,1,9,0,16,0,0,5,0,8,10,1,1,6,1,7,-1,-1,-1,-1,1
2013930000182,1,20,0,18,0,2,0,0,1,10,1,1,1,1,8,2151,2,9,-1,1
2013930000183,1,17,0,18,0,0,5,0,0,0,3,1,1,1,6,-1,-1,-1,-1,1
2013930000184,1,9,0,18,0,0,1,0,1,0,1,1,1,2,8,1994,1,12,-1,3
2013930000185,1,9,0,18,0,0,0,0,7,0,1,1,6,2,8,1988,1,15,-1,3
2013930000186,1,9,0,18,0,0,0,0,0,0,4,1,6,2,5,1360,1,5,-1,1
2013930000187,1,11,0,5,0,0,0,0,0,0,3,1,1,1,7,6700,2,3,-1,1
2013930000187,2,9,0,14,0,0,0,0,0,0,4,1,6,2,6,1560,2,7,-1,2
2013930000188,1,9,0,18,0,1,0,0,0,0,1,1,1,1,9,-1,-1,-1,-1,1
2013930000188,2,9,0,3,0,1,0,0,0,0,2,1,1,2,7,1599,1,8,-1,1
2013930000189,1,9,0,18,0,6,0,0,0,0,1,1,6,1,5,1994,1,16,-1,1
2013930000189,2,9,0,18,0,1,0,0,0,0,3,1,6,1,9,-1,-1,-1,-1,1
2013930000190,1,9,0,16,0,0,0,0,0,0,1,1,2,1,5,1199,1,11,-1,3
2013930000190,2,9,0,18,0,0,0,0,0,0,1,1,1,1,8,-1,-1,-1,-1,1
2013930000191,1,9,0,18,0,2,0,0,7,10,1,1,2,2,5,1242,1,12,-1,2
2013930000191,2,9,0,18,0,1,0,0,0,0,1,1,6,1,8,1242,1,12,-1,1
2013930000192,1,9,0,18,0,1,0,0,0,0,4,1,6,1,4,973,1,12,-1,1
2013930000192,2,9,0,18,0,1,0,0,0,0,1,1,6,1,9,-1,-1,-1,-1,3
2013930000193,1,9,0,12,0,7,0,0,0,0,2,1,6,1,10,1598,1,9,-1,1
2013930000193,2,9,0,18,0,1,0,0,0,0,1,1,2,1,8,1986,2,4,-1,2
2013930000194,1,9,0,18,0,0,0,4,0,0,4,1,6,1,4,1396,1,17,-1,1
2013930000194,2,9,0,2,0,0,0,0,0,0,2,1,6,3,-1,1999,1,7,-1,-1
2013930000194,3,9,0,2,0,0,0,0,0,0,2,1,6,3,-1,-1,-1,-1,-1,-1
2013930000195,1,9,0,16,0,0,5,0,1,0,1,1,6,1,7,1598,2,2,-1,3
2013930000196,1,9,0,18,0,0,5,0,5,6,1,1,2,1,7,-1,-1,-1,9,1
2013930000197,1,9,0,18,0,0,0,0,1,10,1,1,6,1,6,1975,1,8,-1,2
2013930000198,1,9,0,18,0,0,2,0,7,0,3,1,1,2,8,1991,1,13,-1,3
2013930000199,1,9,0,18,0,1,0,0,0,0,4,1,6,2,6,1796,1,9,-1,1
2013930000200,1,9,0,18,0,0,5,0,1,0,1,1,2,1,6,1108,1,4,-1,2
2013930000202,1,9,0,18,0,0,0,0,1,4,1,1,6,2,5,1390,1,10,-1,3
2013930000203,1,9,0,17,0,0,0,0,1,0,1,1,6,1,5,1761,1,14,-1,3
2013930000204,1,9,0,18,0,0,5,0,1,0,1,1,6,1,7,1396,1,12,-1,1
2013930000205,1,9,0,18,0,2,1,0,8,0,1,1,6,1,5,1248,2,5,-1,3
2013930000207,1,90,4,18,0,2,0,0,0,0,1,1,6,3,-1,-1,-1,-1,-1,-1
2013930000207,2,9,0,18,0,1,0,0,0,0,1,1,6,2,7,1587,1,9,-1,1
2013930000211,1,9,0,18,0,1,0,0,0,0,1,1,6,1,7,2499,2,12,-1,3
2013930000211,2,9,0,18,0,1,0,0,0,0,1,1,6,1,8,1896,2,5,-1,1
2013930000213,1,9,0,16,0,0,0,0,0,0,1,1,1,1,7,1560,2,2,-1,3
2013930000213,2,9,0,18,0,0,0,0,0,0,1,1,6,1,9,1198,1,5,-1,3
2013930000215,1,21,1,18,0,0,3,0,0,0,3,1,1,1,6,11705,2,2,-1,1
2013930000215,2,9,0,18,0,0,0,0,0,0,1,1,2,1,7,1956,2,3,-1,3
2013930000216,1,9,0,13,0,0,0,0,0,0,4,1,2,2,6,1560,2,4,-1,2
2013930000216,2,19,0,18,0,0,0,0,0,0,1,1,1,1,7,2298,2,3,-1,1
2013930000217,1,9,0,11,0,0,0,0,0,0,0,1,6,1,6,1242,1,9,-1,1
2013930000217,2,21,0,18,0,0,0,11,0,0,1,1,1,1,6,9200,2,3,-1,3
2013930000218,1,9,0,18,0,1,0,0,0,0,1,1,6,1,5,-1,-1,-1,-1,3
2013930000218,2,9,0,4,0,1,0,0,0,0,2,1,2,2,6,1896,2,9,-1,3
2013930000219,1,9,0,18,0,0,1,0,0,0,1,1,1,1,8,1798,1,6,-1,2
2013930000219,2,9,0,18,0,0,0,0,0,0,1,1,6,2,9,-1,-1,-1,-1,3
2013930000221,1,17,0,18,0,0,0,0,0,0,3,1,6,1,9,-1,-1,-1,-1,3
2013930000221,2,20,0,18,0,0,0,0,0,0,3,1,6,1,10,-1,-1,-1,-1,2
2013930000222,1,9,0,18,0,0,1,0,0,0,4,1,6,1,7,1796,1,5,-1,1
2013930000222,2,9,0,18,0,0,0,0,0,0,1,1,6,1,8,1910,2,5,-1,3
2013930000225,1,9,0,18,0,0,0,0,0,0,1,1,6,2,5,1299,1,7,-1,1
2013930000225,2,20,0,3,0,0,0,0,0,0,2,1,1,1,8,-1,-1,-1,-1,1
2013930000225,3,11,0,3,0,0,0,0,0,0,0,1,1,1,6,5883,2,12,-1,3
2013930000226,1,9,0,18,0,0,0,0,0,0,1,1,2,1,5,1396,1,10,-1,3
2013930000226,2,9,0,3,0,0,0,0,1,10,2,1,6,2,7,-1,-1,-1,-1,2
2013930000226,3,9,0,3,0,0,0,0,0,0,2,1,2,1,8,1753,2,7,-1,2
2013930000226,4,9,0,4,0,0,0,0,7,10,1,1,2,1,5,-1,-1,-1,-1,3
2013930000227,1,9,0,18,0,0,0,0,0,0,1,1,6,2,7,1364,1,5,-1,3
2013930000227,2,9,0,13,0,0,0,0,0,0,1,1,6,1,5,1984,1,6,-1,1
2013930000227,3,9,0,18,0,0,0,0,0,0,0,1,6,1,5,1951,2,10,-1,3
2013930000230,1,9,0,11,0,0,0,0,0,0,1,1,6,2,11,1998,1,10,-1,3
2013930000230,2,9,0,18,0,0,0,0,0,0,3,1,6,1,11,1598,1,4,-1,3
2013930000230,3,9,0,18,0,0,0,0,0,0,1,1,6,1,6,1796,1,2,-1,3
2013930000232,1,9,0,18,0,1,5,0,1,10,1,1,6,2,6,1360,1,11,-1,1
2013930000234,1,9,0,18,0,0,2,0,0,0,4,1,1,1,10,1392,1,14,-1,2
2013930000235,1,9,0,18,0,0,0,0,5,6,1,1,1,1,9,1399,2,4,-1,1
2013930000236,1,9,0,18,0,0,0,0,7,0,1,1,6,2,9,1364,1,3,-1,3
2013930000237,1,9,0,18,0,1,0,0,0,0,1,1,6,1,5,1600,1,9,-1,1
2013930000237,2,9,0,3,0,1,0,0,0,0,2,1,6,1,4,1242,1,7,-1,3
2013930000237,3,9,0,3,0,1,0,0,0,0,2,1,1,1,6,1560,2,1,-1,1
2013930000238,1,9,0,18,0,0,0,0,1,2,1,1,6,1,4,1895,1,13,-1,1
2013930000239,1,9,0,18,0,0,5,0,5,6,1,1,2,1,6,1149,1,12,-1,1
2013930000240,1,9,0,18,0,0,0,0,1,0,1,1,2,1,7,-1,-1,-1,-1,1
2013930000241,1,9,0,16,0,0,1,0,7,10,1,1,1,1,6,1390,1,7,-1,2
2013930000244,1,9,0,18,0,1,0,0,1,4,1,1,2,1,7,2720,2,4,-1,-1
2013930000245,1,90,0,18,0,0,0,0,0,0,4,1,6,3,-1,-1,-1,-1,-1,-1
2013930000246,1,9,0,18,0,0,0,0,1,0,1,1,2,1,5,1595,1,21,-1,1
2013930000249,1,9,0,18,0,0,0,0,1,0,1,1,6,1,6,2494,1,10,3,1
2013930000252,1,9,0,18,0,1,0,0,0,0,1,1,2,2,6,998,1,14,-1,1
2013930000253,1,9,0,18,0,0,1,0,1,0,1,1,6,1,10,2953,2,10,-1,3
2013930000254,1,9,0,18,0,0,0,0,0,0,1,1,6,1,8,-1,-1,-1,-1,1
2013930000255,1,9,0,18,0,6,0,0,0,0,1,1,6,2,8,1598,1,5,-1,1
2013930000255,2,1,0,18,0,1,0,0,0,0,1,1,6,2,9,-1,-1,-1,-1,1
2013930000257,1,9,0,18,0,0,0,0,0,0,1,1,1,1,8,-1,-1,-1,-1,3
2013930000257,2,9,0,4,0,0,0,0,0,0,2,1,6,2,9,1242,1,5,-1,1
2013930000258,1,21,0,18,0,0,1,0,0,0,1,1,1,1,8,3920,2,8,-1,1
2013930000258,2,9,0,18,0,0,1,0,1,0,2,1,6,1,6,999,1,13,-1,1
2013930000258,3,9,0,18,0,0,1,0,0,0,0,1,6,2,7,1796,1,14,-1,1
2013930000259,1,19,0,18,0,0,0,0,0,0,1,1,1,1,8,1560,2,1,-1,2
2013930000259,2,9,0,4,0,0,0,0,0,0,2,1,6,1,10,1596,1,8,-1,1
2013930000259,3,20,4,18,0,0,0,0,0,0,2,1,1,1,8,2402,2,5,-1,1
2013930000263,1,9,0,18,0,1,0,4,1,10,1,1,6,1,5,2171,1,9,-1,1
2013930000263,2,9,0,2,0,1,0,4,0,0,1,1,6,3,-1,1986,2,5,-1,-1
2013930000263,3,9,0,2,0,1,0,0,0,0,2,1,6,3,-1,1896,2,14,-1,-1
2013930000263,4,9,0,2,0,1,0,0,1,0,2,1,6,2,5,1229,1,8,-1,1
2013930000263,5,9,0,2,0,1,0,4,0,0,3,1,6,3,-1,1389,1,12,-1,-1
2013930000263,6,9,0,2,0,1,0,0,0,0,1,1,6,3,-1,1995,1,2,-1,-1
2013930000263,7,9,0,2,0,1,0,0,0,0,1,1,6,3,-1,2198,2,1,-1,-1
2013930000273,1,9,0,18,0,6,0,0,0,0,1,1,6,1,4,1149,1,12,-1,3
2013930000273,2,9,0,18,0,1,0,0,0,0,4,1,6,1,10,1391,1,17,-1,1
2013930000274,1,9,0,18,0,6,0,0,0,0,1,1,6,2,8,1461,2,3,-1,1
2013930000274,2,9,0,18,0,1,0,0,0,0,4,1,6,1,8,698,1,9,-1,1
2013930000275,1,9,0,1,0,0,0,0,0,0,2,1,6,1,7,1994,1,12,-1,1
2013930000276,1,9,0,18,0,0,2,0,7,0,1,1,1,2,9,875,1,1,-1,2
2013930000277,1,9,0,18,0,6,0,0,0,0,4,1,6,1,7,1596,1,3,-1,1
2013930000277,2,19,0,18,0,1,0,0,0,0,1,1,1,1,9,1248,2,3,-1,1
2013930000278,1,9,0,7,0,5,0,0,7,0,1,1,6,1,7,2979,1,9,-1,1
2013930000282,1,9,0,7,0,5,0,0,0,0,4,1,2,1,6,1686,2,2,-1,1
2013930000282,2,1,0,18,0,1,0,0,0,0,1,1,6,1,8,-1,-1,-1,-1,1
2013930000283,1,20,0,18,0,0,0,0,0,0,1,1,6,1,5,-1,-1,-1,-1,1
2013930000283,2,9,0,4,0,0,0,0,0,0,2,1,6,2,7,998,1,9,-1,1
2013930000284,1,9,0,17,0,0,0,0,0,0,1,1,6,1,8,1598,1,2,-1,1
2013930000284,2,9,0,17,0,0,0,0,0,0,1,1,6,1,8,1360,1,3,3,1
2013930000284,3,9,0,3,0,0,0,0,0,0,0,1,6,1,5,2671,1,15,-1,2
2013930000298,1,9,0,7,0,6,0,0,0,0,1,1,6,1,5,1240,1,9,-1,1
2013930000298,2,11,0,18,0,2,0,0,0,0,4,1,1,1,8,5900,2,9,-1,1
2013930000299,1,9,0,18,0,0,1,0,2,0,1,1,2,1,6,1968,2,7,-1,3
2013930000299,2,9,0,18,0,0,0,0,0,0,1,1,2,2,7,1995,2,2,-1,3
2013930000300,1,9,0,18,0,2,0,4,0,0,1,1,6,2,4,999,1,10,-1,3
2013930000300,2,9,0,2,0,1,0,0,0,0,3,1,6,3,-1,1396,1,2,-1,-1
2013930000301,1,9,0,18,0,0,0,0,0,0,1,1,2,1,5,1590,1,14,-1,1
2013930000302,1,8,0,5,0,0,0,0,0,0,0,1,1,1,9,1796,1,6,-1,3
2013930000303,1,9,0,18,0,0,0,0,0,0,1,1,6,1,11,1299,1,7,-1,3
2013930000303,2,9,0,4,0,0,0,0,0,0,2,1,6,1,9,1870,2,11,-1,3
2013930000304,1,9,0,17,0,0,1,0,1,4,1,1,2,1,8,3400,1,12,-1,3
2013930000305,1,10,0,18,0,1,1,0,5,6,1,1,1,1,9,-1,-1,-1,-1,1
2013930000306,1,9,0,18,0,0,1,0,1,9,1,1,6,2,9,1349,1,5,-1,3
2013930000307,1,9,0,16,0,0,0,0,0,0,1,1,2,1,7,2497,2,9,-1,1
2013930000322,1,9,0,18,0,0,0,0,0,0,1,1,2,1,8,1597,1,9,-1,1
2013930000323,1,9,0,18,0,6,0,0,0,0,1,1,1,2,6,1560,2,1,-1,1
2013930000323,2,9,0,18,0,1,0,0,0,0,1,1,1,1,8,1999,1,10,-1,1
2013930000326,1,90,0,1,0,2,0,0,0,0,2,1,6,3,-1,-1,-1,-1,-1,-1
2013930000327,1,9,0,1,0,0,0,0,0,0,2,1,6,2,7,-1,-1,-1,-1,3
2013930000350,1,9,0,18,0,0,0,0,0,0,1,1,6,2,10,999,1,4,-1,1
2013930000350,2,9,0,4,0,0,0,0,0,0,2,1,6,1,6,1248,2,1,-1,3
2013930000350,3,9,0,3,0,0,0,0,0,0,2,1,6,1,8,1686,2,8,-1,1
2013930000351,1,9,0,17,0,0,0,0,7,0,1,1,6,1,5,1275,1,13,-1,1
2013930000352,1,9,0,18,0,0,0,0,0,0,1,1,6,1,5,1149,1,11,-1,-1
2013930000352,2,21,0,18,0,0,0,0,0,0,1,1,1,1,7,12777,2,1,-1,-1
2013930000353,1,11,0,18,0,1,0,0,0,0,2,1,1,1,9,5883,2,12,-1,-1
2013930000353,2,9,0,18,0,1,0,0,0,0,1,1,1,1,8,2495,2,14,-1,-1
2013930000354,1,9,0,18,0,0,0,0,1,11,1,1,6,1,5,1493,1,19,-1,-1
2013930000355,1,9,0,18,0,1,0,0,0,0,4,1,1,1,9,1896,2,5,-1,1
2013930000356,1,9,0,18,0,0,0,0,0,0,1,1,1,1,6,-1,-1,-1,-1,-1
2013930000357,1,9,0,18,0,0,0,0,2,6,1,1,6,1,5,1242,1,7,-1,-1
2013930000358,1,9,0,18,0,0,0,0,0,0,3,1,6,1,8,1497,1,12,-1,1
2013930000360,1,9,0,7,0,6,0,0,0,0,1,1,2,2,5,1242,1,9,-1,1
2013930000360,2,19,0,18,0,1,0,0,0,0,4,1,6,2,7,-1,-1,-1,-1,-1
2013930000361,1,20,0,18,0,0,0,0,0,0,1,1,6,1,6,-1,-1,-1,-1,1
2013930000362,1,9,0,18,0,0,0,0,0,0,1,1,6,2,7,2967,2,5,-1,3
2013930000362,2,9,0,3,0,0,0,0,0,0,1,1,6,1,9,1997,2,1,-1,1
2013930000363,1,9,0,18,0,1,0,0,0,0,1,1,6,2,11,1389,1,15,-1,3
2013930000364,1,9,0,18,0,0,0,4,0,0,1,1,6,1,6,1368,1,4,-1,3
2013930000364,2,9,0,2,0,0,0,0,0,0,2,1,6,3,-1,1560,2,7,-1,-1
2013930000365,1,5,0,7,0,6,0,0,0,0,4,1,6,1,7,1293,1,1,-1,1
2013930000366,1,9,0,18,0,2,0,0,0,0,1,1,6,2,10,1994,1,13,-1,2
2013930000366,2,9,0,3,0,2,0,0,0,0,2,1,2,1,6,1995,2,2,-1,3
2013930000366,3,9,0,3,0,2,0,0,0,0,2,1,2,1,6,1328,1,5,-1,1
2013930000366,4,9,0,3,0,2,0,0,0,0,2,1,2,1,6,1596,1,10,-1,3
2013930000367,1,9,0,18,0,0,5,0,7,10,1,1,1,2,5,1390,1,8,-1,1
2013930000368,1,5,0,16,0,0,0,0,0,0,1,1,6,1,9,1585,1,2,-1,3
2013930000368,2,9,0,17,0,0,0,0,0,0,1,1,6,2,7,998,1,11,-1,3
2013930000369,1,2,0,9,0,8,0,0,0,0,3,1,1,1,8,100,1,8,-1,1
2013930000370,1,9,0,9,0,5,0,0,1,10,1,1,2,2,6,1343,1,13,-1,2
2013930000371,1,9,0,16,0,0,0,0,0,0,1,1,6,2,6,1248,2,4,-1,1
2013930000371,2,9,0,18,0,0,0,0,0,0,1,1,2,2,8,1596,1,3,-1,3
2013930000372,1,19,0,9,0,4,0,0,0,0,1,1,2,1,9,2148,2,3,-1,3
2013930000372,2,1,0,9,0,8,0,0,0,0,2,1,2,1,8,-1,-1,-1,-1,1
2013930000373,1,9,0,18,0,2,0,0,3,10,1,1,6,2,9,1598,1,14,-1,2
2013930000374,1,5,0,18,0,0,0,0,0,0,1,1,6,2,6,1170,1,3,-1,3
2013930000375,1,9,0,18,0,0,0,0,0,0,1,1,6,1,9,1998,1,11,-1,3
2013930000376,1,90,0,18,0,3,0,0,0,0,1,1,6,3,-1,-1,-1,-1,-1,-1
2013930000376,2,1,0,18,0,3,0,0,0,0,2,1,2,1,5,-1,-1,-1,-1,3
2013930000377,1,9,0,18,0,0,0,0,1,11,1,1,6,2,4,1242,1,12,-1,2
2013930000378,1,8,0,18,0,8,0,0,0,0,1,1,1,1,9,1896,2,5,-1,1
2013930000379,1,9,0,18,0,1,0,0,0,0,3,1,6,2,7,1149,1,11,-1,1
2013930000380,1,9,0,16,0,0,5,0,0,0,1,1,6,2,4,998,1,11,-1,2
2013930000381,1,20,0,18,0,1,0,0,0,0,1,1,1,1,9,-1,-1,-1,-1,1
2013930000381,2,9,0,18,0,1,0,0,0,0,1,1,6,2,9,1598,1,14,-1,1
2013930000382,1,9,0,18,0,0,2,0,0,0,1,1,6,1,5,1598,1,5,-1,3
2013930000383,1,11,0,4,0,0,0,0,0,0,0,1,1,2,8,8268,2,8,-1,1
2013930000384,1,1,0,18,0,2,0,0,0,0,3,1,6,1,2,-1,-1,-1,-1,1
2013930000384,2,9,0,18,0,1,0,0,0,0,1,1,6,1,6,1796,1,12,-1,1
2013930000385,1,19,0,11,0,0,0,0,0,0,3,1,2,1,6,2151,2,12,-1,2
2013930000385,2,9,0,18,0,0,0,0,0,0,3,1,6,2,10,1598,1,7,-1,1
2013930000386,1,9,0,18,0,0,0,4,1,0,1,1,6,1,8,1997,2,4,-1,3
2013930000386,2,9,0,2,0,0,0,0,0,0,2,1,6,3,-1,1794,1,6,-1,-1
2013930000387,1,9,0,18,0,6,0,0,0,0,1,1,6,1,9,998,1,-1,-1,1
2013930000387,2,1,0,18,0,1,0,0,0,0,1,1,6,2,6,-1,-1,-1,-1,1
2013930000388,1,9,0,18,0,0,5,0,4,6,1,1,6,1,11,1560,2,-1,-1,1
2013930000389,1,11,0,4,0,0,0,0,0,0,0,1,6,1,8,6871,2,13,-1,2
2013930000390,1,9,0,18,0,0,0,0,5,6,1,1,6,2,5,1596,1,9,-1,1
2013930000391,1,9,0,17,0,1,5,0,0,0,1,1,6,2,4,-1,-1,-1,-1,3
2013930000392,1,9,0,2,0,0,0,0,0,0,1,1,6,1,8,-1,-1,-1,-1,3
2013930000393,1,20,0,16,0,0,0,0,0,0,1,1,1,1,5,-1,-1,-1,-1,-1