Accident_Index,Vehicle_Reference,Vehicle_Type,Towing_and_Articulation,Vehicle_Manoeuvre,Vehicle_Location-Restricted_Lane,Junction_Location,Skidding_and_Overturning,Hit_Object_in_Carriageway,Vehicle_Leaving_Carriageway,Hit_Object_off_Carriageway,1st_Point_of_Impact,Was_Vehicle_Left_Hand_Drive?,Journey_Purpose_of_Driver,Sex_of_Driver,Age_Band_of_Driver,Engine_Capacity_(CC),Propulsion_Code,Age_of_Vehicle,Driver_IMD_Decile,Driver_Home_Area_Type
2013930000760,1,9,0,4,0,1,0,0,3,1,1,1,6,2,11,1242,1,7,-1,3
2013930000761,1,9,0,5,0,2,0,0,0,0,1,1,3,2,7,1229,1,3,-1,3
2013930000761,2,1,0,18,0,1,5,0,0,0,3,1,4,2,2,-1,-1,-1,-1,3
2013930000788,1,9,0,9,0,5,0,0,0,0,1,1,1,1,6,1599,1,9,-1,1
2013930000788,2,5,0,18,0,8,0,0,0,0,3,1,6,1,6,849,1,17,-1,3
2013930000789,1,20,0,18,0,1,0,0,0,0,4,1,1,1,8,2998,2,5,-1,2
2013930000790,1,9,0,18,0,0,0,4,0,0,1,1,1,2,8,1298,1,13,-1,1
2013930000790,2,19,0,2,0,0,0,0,0,0,2,1,6,3,-1,1868,2,15,-1,-1
2013930000791,1,9,0,18,0,2,0,0,1,5,1,1,6,1,6,1997,1,11,-1,1
2013930000792,1,9,0,18,0,1,0,0,0,0,1,1,6,2,4,1149,1,1,-1,3
2013930000792,2,9,0,4,0,1,0,0,0,0,2,1,6,1,10,1339,1,5,-1,1
2013930000799,1,9,0,5,0,0,0,0,0,0,0,1,6,2,6,1910,2,7,-1,1
2013930000805,1,9,0,4,0,1,0,0,1,0,1,1,6,2,6,1124,1,14,-1,1
2013930000808,1,9,0,17,0,0,0,0,0,0,1,1,6,1,8,1560,2,-1,-1,-1
2013930000808,2,9,0,16,0,0,0,0,0,0,1,1,6,2,8,998,1,2,-1,3
2013930000809,1,5,0,17,0,0,2,0,2,0,3,1,6,1,6,988,1,11,-1,3
2013930000813,1,1,0,18,0,0,0,4,0,0,1,1,2,1,8,-1,-1,-1,-1,1
2013930000813,2,20,0,2,0,0,0,0,0,0,2,1,1,1,4,-1,-1,-1,-1,3
2013930000814,1,20,0,16,0,0,5,0,7,11,3,1,1,1,6,2402,2,5,-1,1
2013930000817,1,9,0,9,0,4,0,0,0,0,1,1,6,2,6,1590,1,14,-1,1
2013930000817,2,9,0,3,0,3,5,0,0,0,2,1,6,2,4,1242,1,-1,-1,1
2013930000817,3,9,0,3,0,3,0,0,0,0,2,1,6,2,7,-1,-1,-1,-1,1
2013930000818,1,9,0,18,0,0,0,0,0,0,1,1,6,2,7,1242,1,13,-1,1
2013930000818,2,9,0,3,0,0,0,0,0,0,2,1,6,2,8,1679,1,11,-1,1
2013930000819,1,9,0,18,0,0,2,0,7,0,3,1,1,1,8,1368,1,5,-1,1
2013930000820,1,10,0,17,0,0,0,0,0,0,1,1,6,1,5,-1,-1,-1,10,2
2013930000820,2,9,0,16,0,0,0,0,0,0,1,1,6,2,7,1390,1,5,-1,3
2013930000821,1,9,0,9,0,1,0,0,7,0,1,1,6,1,3,1360,1,11,-1,1
2013930000821,2,9,0,18,0,1,0,0,0,0,1,1,6,1,10,1596,1,1,-1,1
2013930000822,1,9,0,4,0,1,0,0,0,0,1,1,6,1,4,998,1,6,-1,1
2013930000822,2,9,0,4,0,2,0,0,0,0,2,1,6,2,6,1149,1,3,-1,1
2013930000823,1,9,0,16,0,0,0,0,1,0,1,1,6,1,11,1968,2,7,-1,3
2013930000823,2,5,0,17,0,0,0,0,0,0,1,1,6,1,7,-1,-1,-1,-1,1
2013930000823,3,5,0,17,0,0,0,0,0,0,1,1,1,1,9,647,1,14,-1,3
2013930000824,1,9,0,4,0,1,0,0,0,0,1,1,6,1,9,1390,1,9,-1,1
2013930000824,2,9,0,4,0,1,0,0,0,0,2,1,6,1,7,1968,2,8,-1,1
2013930000825,1,9,0,3,0,1,0,0,0,0,1,1,2,2,8,1995,2,2,-1,1
2013930000826,1,9,0,17,0,0,0,0,0,0,1,1,6,1,10,998,1,1,-1,-1
2013930000826,2,90,0,16,0,0,0,0,0,0,1,1,6,1,9,1896,2,13,-1,-1
2013930000827,1,20,0,9,0,1,0,0,0,0,3,1,2,1,6,-1,-1,-1,-1,1
2013930000827,2,3,0,13,0,1,0,0,0,0,4,1,6,1,5,124,1,1,-1,2
2013930000828,1,9,0,18,0,0,0,0,0,0,3,1,6,1,9,1990,1,31,-1,1
2013930000829,1,9,0,17,0,1,1,0,0,0,1,1,6,2,6,1299,1,7,-1,-1
2013930000829,2,9,0,18,0,1,0,0,0,0,1,1,6,1,8,1598,2,2,-1,3
2013930000830,1,9,0,17,0,0,2,0,7,11,1,1,6,1,4,1396,1,17,-1,3
2013930000841,1,9,0,18,0,0,5,0,1,0,4,1,6,2,7,1296,1,5,-1,-1
2013930000842,1,9,0,18,0,0,0,0,0,0,1,1,6,2,8,1398,1,2,-1,-1
2013930000842,2,20,0,3,0,0,0,0,0,0,2,1,6,1,7,-1,-1,-1,-1,1
2013930000843,1,20,0,18,0,2,0,0,0,0,1,1,1,1,7,-1,-1,-1,-1,1
2013930000844,1,9,0,18,0,0,0,0,1,3,1,1,6,1,6,1994,2,10,-1,3
2013930000845,1,1,0,18,0,0,5,0,0,0,0,1,6,2,7,-1,-1,-1,-1,3
2013930000846,1,9,0,5,0,4,0,0,0,0,1,1,6,2,7,1598,1,9,-1,-1
2013930000846,2,9,0,3,0,4,0,0,0,0,2,1,6,1,9,1197,1,-1,-1,-1
2013930000847,1,9,0,18,0,0,0,0,0,0,1,1,6,1,10,1956,2,1,-1,3
2013930000848,1,9,0,4,0,2,0,0,0,11,1,1,1,2,7,1997,2,13,-1,1
2013930000849,1,9,0,1,0,0,0,0,0,0,2,1,1,1,8,1997,2,4,-1,1
2013930000850,1,1,0,9,0,1,5,0,0,0,1,1,6,1,3,-1,-1,-1,-1,1
2013930000850,2,9,0,4,0,1,0,0,0,0,1,1,2,1,7,1560,2,5,-1,1
2013930000851,1,9,0,4,0,0,0,0,1,7,3,1,6,1,9,1910,2,7,-1,1
2013930000851,2,9,0,3,0,0,0,0,0,0,2,1,6,1,8,1587,1,8,-1,1
2013930000851,3,9,0,3,0,0,0,0,0,0,2,1,6,1,9,1995,2,9,-1,2
2013930000851,4,9,0,3,0,0,0,0,0,0,2,1,2,1,8,1797,8,2,-1,1
2013930000852,1,5,0,16,0,1,1,0,8,7,1,1,6,1,8,899,1,14,9,2
2013930000852,2,9,0,18,0,1,0,0,0,0,4,1,6,1,9,1598,1,2,-1,1
2013930000853,1,5,0,18,0,0,0,0,0,0,3,1,6,1,6,998,1,4,-1,1
2013930000854,1,9,0,9,0,6,0,0,0,0,1,1,6,1,10,4367,2,-1,-1,-1
2013930000854,2,9,0,18,0,1,0,0,0,0,1,1,6,1,5,1242,1,1,-1,3
2013930000856,1,9,0,14,0,1,0,0,0,0,1,1,1,2,6,1149,1,1,-1,1
2013930000857,1,9,0,14,0,0,0,0,0,0,4,1,6,1,11,1995,2,5,-1,1
2013930000857,2,1,0,18,0,0,0,0,0,0,2,1,6,1,7,-1,-1,-1,-1,1
2013930000858,1,9,0,18,0,0,0,0,0,0,1,1,6,1,10,2204,2,8,-1,3
2013930000875,1,2,0,18,0,0,0,0,1,9,4,1,2,1,4,-1,-1,-1,-1,1
2013930000901,1,9,0,18,0,8,0,0,0,0,1,1,6,1,7,-1,-1,-1,-1,1
2013930000901,2,9,0,18,0,8,0,0,0,0,3,1,1,1,9,2231,2,5,-1,3
2013930000902,1,9,0,2,0,0,0,0,0,0,4,1,6,2,7,2199,2,-1,-1,2
2013930000902,2,9,0,18,0,0,0,4,0,0,4,1,1,1,8,2993,2,7,-1,3
2013930000903,1,9,0,18,0,1,0,0,1,1,1,1,6,2,11,1997,2,6,-1,-1
2013930000910,1,9,0,18,0,8,0,0,0,0,1,1,6,2,5,1796,1,8,-1,1
2013930000910,2,9,0,18,0,8,0,0,1,2,1,1,6,2,4,1229,1,7,-1,3
2013930000911,1,5,0,18,0,1,0,11,0,0,4,1,6,2,8,400,1,23,-1,1
2013930000962,1,9,0,18,0,8,0,0,0,0,1,1,1,2,9,1753,2,5,-1,1
2013930000962,2,9,0,18,0,1,0,0,0,0,3,1,6,1,8,1796,1,8,-1,1
2013930000985,1,2,0,18,0,8,5,0,0,0,3,1,6,1,5,124,1,-1,-1,1
2013930000986,1,9,0,1,0,2,0,0,0,0,2,1,6,1,8,1995,2,-1,-1,1
2013930000986,2,2,0,18,0,1,0,0,0,0,1,1,6,1,4,102,1,6,-1,1
2013930000987,1,9,0,18,0,1,0,0,0,0,1,1,6,2,6,1242,1,12,-1,1
2013930000987,2,9,0,18,0,1,0,0,0,0,1,1,6,1,9,-1,-1,-1,-1,1
2013930000987,3,9,0,18,0,1,0,0,0,0,1,1,6,1,8,-1,-1,-1,-1,1
2013930000988,1,19,0,1,0,1,0,0,0,0,0,1,1,1,-1,2198,2,7,-1,-1
2013930000989,1,9,0,18,0,8,0,0,0,0,1,1,6,1,8,1598,2,1,-1,2
2013930000989,2,9,0,18,0,8,0,0,0,0,1,1,6,1,7,1997,2,-1,1,1
2013930000990,1,9,0,18,0,1,0,0,0,0,1,1,6,2,8,1368,1,1,-1,1
2013930000990,2,9,0,3,0,1,0,0,0,0,2,1,6,1,7,1753,2,9,-1,1
2013930000991,1,9,0,17,0,1,2,0,8,11,1,1,6,1,4,1124,1,10,-1,3
2013930000992,1,9,0,18,0,1,0,0,0,0,1,1,6,2,6,1364,1,5,-1,-1
2013930000992,2,9,0,18,0,1,0,0,0,0,2,1,6,1,8,1896,2,6,-1,3
2013930000993,1,5,0,18,0,1,5,10,0,0,1,1,6,1,8,-1,-1,-1,-1,-1
2013930000994,1,21,0,18,0,0,0,0,0,0,1,1,1,1,7,6370,2,7,-1,1
2013930000994,2,17,4,18,0,0,0,0,1,9,2,1,6,1,8,4525,2,3,-1,3
2013930000995,1,8,0,18,0,0,0,0,0,0,1,1,1,1,8,1560,2,2,-1,1
2013930000996,1,9,0,9,0,6,0,0,0,0,3,1,6,2,8,1560,2,-1,-1,-1
2013930000996,2,9,0,18,0,8,0,0,0,0,1,1,6,2,7,-1,-1,-1,-1,2
2013930000997,1,9,0,18,0,8,0,0,0,0,4,1,6,1,8,2230,1,11,-1,1
2013930000997,2,9,0,18,0,8,0,0,0,0,1,1,1,1,8,1997,2,5,-1,1
2013930000998,1,9,5,9,0,3,0,0,0,0,4,1,6,1,9,2720,2,6,-1,-1
2013930000998,2,11,0,3,0,2,0,0,0,0,3,1,1,1,8,9600,2,13,-1,1
2013930000999,1,9,0,16,0,0,0,0,1,0,1,1,6,2,7,1398,1,13,-1,2
2013930001000,1,9,0,18,0,8,0,9,3,1,1,1,6,1,7,1299,1,12,-1,1
2013930001001,1,9,0,9,0,8,0,0,0,0,3,1,1,1,8,1968,2,1,-1,3
2013930001001,2,9,0,18,0,8,0,0,0,0,1,1,1,2,6,1598,1,2,-1,3
2013930001002,1,5,0,18,0,0,0,0,0,0,1,1,6,1,7,1052,1,17,-1,-1
2013930001002,2,5,0,3,0,0,0,0,0,0,2,1,6,3,-1,1520,1,14,-1,-1
2013930001002,3,21,0,18,0,0,0,0,0,0,4,1,1,1,8,12900,2,1,-1,2
2013930001004,1,9,0,5,0,1,0,0,0,0,1,1,2,1,8,1995,2,-1,-1,1
2013930001005,1,9,0,16,0,0,1,10,0,0,1,1,6,1,4,1968,2,5,-1,1
2013930001007,1,9,0,16,0,0,5,0,7,10,1,1,6,1,6,-1,-1,-1,-1,-1
2013930001008,1,9,0,9,0,5,0,0,0,0,4,1,6,2,5,1388,1,4,-1,1
2013930001008,2,9,0,5,0,8,0,0,0,0,1,1,2,3,7,1796,1,7,-1,1
2013930001009,1,9,0,13,0,1,0,0,0,0,1,1,6,1,6,1968,2,5,-1,1
2013930001009,2,9,0,9,0,5,0,0,0,0,3,1,6,1,8,1781,1,9,-1,3
2013930001010,1,9,0,18,0,1,0,10,0,0,1,1,6,2,4,1248,2,9,-1,2
2013930001011,1,9,0,18,0,0,0,0,0,0,1,1,6,2,10,-1,-1,-1,-1,-1
2013930001011,2,9,0,18,0,0,0,0,0,0,1,1,6,1,8,1956,2,1,-1,-1
2013930001012,1,9,0,18,0,0,5,0,6,6,1,1,1,2,8,1994,2,12,-1,3
2013930001013,1,20,0,18,0,0,0,0,0,0,1,1,1,1,8,-1,-1,-1,-1,1
2013930001013,2,9,0,18,0,0,0,0,1,11,1,1,6,1,6,1968,2,3,-1,2
2013930001014,1,9,0,18,0,0,5,10,5,6,4,1,6,2,5,1360,1,4,-1,1
2013930001015,1,9,0,18,0,0,0,0,0,0,1,1,6,2,6,1596,1,14,-1,1
2013930001015,2,9,0,4,0,0,0,0,0,0,2,1,6,2,6,1339,1,10,-1,1
2013930001016,1,9,0,18,0,0,0,0,0,0,1,1,6,1,6,1598,1,11,-1,1
2013930001016,2,9,0,18,0,0,0,0,0,0,1,1,1,1,6,2495,2,11,-1,3
2013930001017,1,9,0,9,0,8,0,0,0,0,3,1,6,1,4,973,1,10,-1,1
2013930001017,2,5,0,18,0,4,0,0,0,0,4,1,2,1,6,599,1,10,-1,1
2013930001018,1,21,0,12,0,0,0,0,0,0,1,1,1,1,8,-1,-1,-1,-1,-1
2013930001018,2,9,0,14,0,0,0,0,1,1,2,1,6,2,6,1995,2,10,-1,1
2013930001019,1,5,0,18,0,1,0,0,0,0,1,1,6,1,7,599,1,18,-1,1
2013930001019,2,9,0,18,0,1,0,0,0,0,1,1,6,2,8,1598,1,1,-1,1
2013930001020,1,9,0,18,0,8,0,0,1,0,1,1,6,2,6,998,1,-1,-1,-1
2013930001020,2,9,0,18,0,8,0,0,0,0,4,1,6,2,11,-1,-1,-1,-1,2
2013930001021,1,90,0,18,0,8,0,0,0,0,1,1,6,3,-1,-1,-1,-1,-1,-1
2013930001021,2,1,0,18,0,8,0,0,0,0,2,1,6,1,3,-1,-1,-1,-1,1
2013930001022,1,9,0,4,0,0,0,0,0,0,1,1,6,2,9,1242,1,-1,-1,1
2013930001023,1,1,0,18,0,6,0,0,0,0,1,1,6,1,9,-1,-1,-1,-1,2
2013930001023,2,9,0,18,0,1,0,0,0,0,1,1,6,1,8,1910,2,5,-1,3
2013930001025,1,90,0,13,0,0,0,0,0,0,4,1,6,3,-1,-1,-1,-1,-1,-1
2013930001025,2,1,0,18,0,0,0,0,0,0,3,1,6,1,4,-1,-1,-1,-1,-1
2013930001026,1,9,0,18,0,8,0,0,0,0,1,1,6,1,10,2401,2,6,-1,2
2013930001026,2,19,0,18,0,8,5,0,1,11,3,1,1,1,7,1968,2,2,-1,3
2013930001027,1,9,0,18,0,1,5,0,5,6,1,1,6,2,7,1998,1,14,-1,1
2013930001028,1,9,0,17,0,0,5,0,1,11,1,1,6,2,4,973,1,13,-1,3
2013930001029,1,9,0,18,0,0,0,0,0,0,3,1,6,2,5,1598,1,4,-1,1
2013930001030,1,9,0,18,0,1,0,0,1,11,1,1,6,2,6,1984,1,12,-1,3
2013930001031,1,19,0,18,0,0,0,0,0,0,1,1,1,1,8,1248,2,4,-1,1
2013930001031,2,9,0,18,0,0,0,0,0,0,1,1,3,2,8,1968,2,2,-1,3
2013930001032,1,9,0,18,0,8,0,0,0,0,1,1,6,2,8,1997,2,4,-1,3
2013930001033,1,9,0,18,0,0,0,0,0,0,1,1,6,2,8,1248,1,3,-1,1
2013930001033,2,9,0,18,0,0,0,0,1,1,2,1,6,2,10,1248,1,1,-1,3
2013930001034,1,9,0,18,0,0,0,4,0,0,1,1,2,1,6,1998,1,8,-1,1
2013930001034,2,9,0,2,0,0,0,0,0,0,2,1,6,3,-1,1242,1,5,-1,-1
2013930001035,1,3,0,18,0,1,0,0,0,0,3,1,6,1,4,125,1,2,-1,1
2013930001036,1,9,0,18,0,4,0,0,0,0,3,1,6,1,9,1956,2,-1,-1,1
2013930001036,2,9,0,18,0,8,0,0,0,0,1,1,6,1,11,1796,1,6,-1,1
2013930001037,1,9,0,12,0,0,0,0,0,0,2,1,6,1,10,1242,1,2,9,2
2013930001037,2,9,0,13,0,0,0,0,0,0,1,1,6,2,5,1686,2,2,-1,1
2013930001037,3,9,0,18,0,0,0,0,0,0,0,1,6,1,8,2460,2,4,-1,3
2013930001038,1,9,0,18,0,1,0,0,0,0,3,1,6,2,11,1086,1,4,-1,1
2013930001038,2,9,0,18,0,1,0,0,0,0,3,1,6,2,9,1560,2,2,-1,2
2013930001038,3,9,0,18,0,1,0,0,0,0,1,1,2,2,8,1598,1,1,-1,2
2013930001038,4,20,0,18,0,1,0,0,0,0,4,1,1,1,6,-1,-1,-1,-1,2
2013930001039,1,9,0,18,0,0,0,0,0,0,1,1,6,2,6,1396,1,10,-1,3
2013930001039,2,9,0,3,0,0,0,0,0,0,2,1,6,1,7,1794,1,7,-1,1
2013930001045,1,9,0,18,0,1,0,0,0,0,1,1,6,2,10,1197,1,-1,-1,3
2013930001045,2,9,0,4,0,1,0,0,0,0,2,1,6,2,8,1596,1,14,-1,1
2013930001054,1,5,0,18,0,0,0,0,0,0,3,1,6,1,5,599,1,1,-1,-1
2013930001054,2,9,0,18,0,0,0,0,0,0,3,1,6,1,8,1951,2,11,-1,3
2013930001055,1,9,0,18,0,2,0,0,0,0,1,1,1,1,9,1986,2,4,-1,1
2013930001069,1,11,0,18,0,1,0,0,0,10,4,1,6,2,5,6700,2,3,-1,1
2013930001070,1,9,0,16,0,0,1,0,0,0,3,1,1,2,8,2198,2,1,-1,3
2013930001070,2,21,0,17,0,0,0,0,0,0,3,1,1,1,7,11201,2,9,-1,3
2013930001071,1,9,0,16,0,0,2,0,2,0,3,1,6,1,7,2499,2,13,-1,3
2013930001071,2,9,0,17,0,0,0,0,0,0,1,1,1,1,9,1997,1,1,-1,1
2013930001072,1,9,0,18,0,1,0,0,0,0,1,1,6,2,5,1397,1,11,-1,1
2013930001072,2,9,0,10,0,1,0,0,0,0,2,1,6,2,5,1360,1,15,-1,1
2013930001073,1,9,0,16,0,0,2,10,8,0,3,1,6,1,10,1149,1,1,-1,2
2013930001085,1,9,0,15,0,0,0,0,0,0,1,1,6,1,8,2982,2,16,10,1
2013930001085,2,9,0,18,0,0,5,0,1,0,1,1,6,1,10,1598,1,3,-1,3
2013930001086,1,4,0,15,0,0,5,0,0,0,1,1,6,1,8,1250,1,4,-1,2
2013930001087,1,9,0,18,0,4,0,0,0,0,1,1,2,1,9,2435,1,11,-1,1
2013930001087,2,1,0,18,0,8,5,0,0,0,1,1,2,1,6,-1,-1,-1,-1,1
2013930001088,1,9,0,5,0,8,0,0,0,0,3,1,6,1,7,1248,2,4,-1,1
2013930001088,2,4,0,18,0,1,5,0,0,0,1,1,6,1,7,1188,1,23,-1,1
2013930001089,1,9,0,16,0,0,0,0,1,11,4,1,6,1,5,1199,1,9,-1,3
2013930001093,1,9,0,17,0,0,5,0,7,10,3,1,6,1,6,1582,2,-1,-1,3
2013930001095,1,9,0,18,0,0,0,0,0,0,1,1,6,1,6,1998,1,10,-1,1
2013930001096,1,9,0,18,0,8,5,0,7,1,1,1,2,1,4,999,1,12,-1,1
2013930001096,2,9,0,18,0,8,0,0,0,0,3,1,6,1,6,1461,2,4,-1,-1
2013930001097,1,1,0,18,0,0,5,0,0,0,1,1,6,1,2,-1,-1,-1,-1,1
2013930001097,2,9,0,14,0,0,0,0,0,0,1,1,6,2,4,998,1,6,-1,1
2013930001098,1,20,0,18,0,4,0,0,0,0,1,1,2,1,5,-1,-1,-1,-1,1
2013930001098,2,4,0,18,0,8,5,0,0,0,1,1,2,1,8,124,1,1,-1,1
2013930001099,1,2,0,18,0,1,5,0,7,11,1,1,1,2,6,124,1,1,-1,1
2013930001100,1,4,0,16,0,0,2,0,1,0,4,1,6,1,7,892,1,16,-1,1
2013930001103,1,9,0,17,0,2,0,0,1,2,1,1,6,1,10,1596,1,4,-1,1
2013930001105,1,9,0,18,0,0,0,0,1,10,1,1,6,1,6,1149,1,10,-1,1
2013930001105,2,20,0,18,0,0,0,0,0,0,3,1,1,1,5,-1,-1,-1,-1,1
2013930001105,3,9,0,18,0,0,0,0,0,0,0,1,1,1,-1,2953,1,2,-1,1
2013930001109,1,9,0,7,0,1,0,0,0,0,4,1,6,2,-1,1598,1,1,-1,3
2013930001109,2,9,0,18,0,1,0,0,0,0,1,1,6,1,8,1242,1,9,-1,1
2013930001114,1,9,0,18,0,1,0,0,0,0,1,1,6,1,6,1242,1,-1,-1,-1
2013930001114,2,9,0,18,0,8,0,0,0,0,4,1,6,1,6,1596,1,1,-1,-1
2013930001119,1,9,0,18,0,0,0,0,0,0,0,1,6,1,6,1598,1,10,-1,-1
2013930001119,2,5,0,18,0,0,0,0,7,0,0,1,6,1,9,-1,-1,-1,-1,-1
2013930001120,1,9,0,9,0,5,0,0,0,0,1,1,6,1,6,1598,1,-1,-1,-1
2013930001120,2,9,0,18,0,1,0,0,0,0,1,1,6,1,8,1998,2,8,-1,3
2013930001128,1,9,0,18,0,8,0,0,0,0,3,1,1,1,9,1968,2,2,-1,1
2013930001128,2,1,0,18,0,8,0,0,0,0,4,1,6,2,5,-1,-1,-1,-1,1
2013930001129,1,8,0,1,0,8,0,0,7,2,2,1,1,1,7,2664,2,15,-1,1
2013930001130,1,9,0,18,0,2,0,0,0,0,1,1,6,1,9,1991,2,5,-1,3
2013930001130,2,9,0,18,0,2,0,0,0,0,1,1,6,1,6,1299,1,10,-1,1
2013930001131,1,9,0,18,0,2,0,4,0,0,1,1,6,2,11,1868,2,8,-1,3
2013930001131,2,9,0,2,0,2,0,4,0,0,2,1,6,1,8,1598,2,-1,-1,3
2013930001131,3,9,0,2,0,2,0,0,0,0,2,1,6,1,6,1995,2,1,-1,-1
2013930001132,1,9,0,16,0,0,0,0,7,9,1,1,6,2,8,1598,1,10,-1,-1
2013930001133,1,9,0,4,0,1,0,0,0,0,1,1,6,1,5,1999,1,5,-1,2
2013930001133,2,9,0,18,0,2,0,0,0,0,1,1,6,1,11,1198,1,4,-1,1
2013930001136,1,21,1,18,0,2,0,0,0,0,3,1,1,1,7,10837,2,1,-1,2
2013930001145,1,1,0,18,0,0,0,0,0,0,1,1,6,1,1,-1,-1,-1,-1,1
2013930001145,2,9,0,4,0,0,0,0,0,0,3,1,6,2,7,1796,1,7,-1,1
2013930001147,1,5,0,9,0,8,0,0,0,0,4,1,6,1,9,998,1,5,-1,3
2013930001147,2,9,0,18,0,8,0,0,0,0,3,1,6,1,9,1390,1,11,8,1
2013930001150,1,19,0,18,0,0,5,0,2,7,1,1,1,1,5,1896,2,7,-1,1
2013930001152,1,20,0,9,0,5,0,0,0,0,1,1,1,1,6,-1,-1,-1,-1,1
2013930001152,2,9,0,18,0,8,0,0,0,0,1,1,2,2,7,-1,-1,-1,-1,3
2013930001154,1,9,0,16,0,0,0,6,7,11,1,1,6,1,11,1398,2,6,-1,2
2013930001158,1,21,0,18,0,1,0,0,0,0,1,1,1,1,8,12419,2,1,-1,-1
2013930001158,2,9,0,3,0,1,0,0,0,0,2,1,2,2,6,2993,2,8,-1,3
2013930001160,1,9,0,18,0,0,0,0,0,0,1,1,6,1,7,1896,2,6,-1,1
2013930001160,2,9,0,3,0,0,0,0,0,0,2,1,6,2,5,1240,1,3,-1,3
2013930001163,1,9,0,18,0,0,0,6,0,0,1,1,6,2,6,999,1,16,-1,3
2013930001165,1,9,0,18,0,1,0,0,0,0,1,1,6,2,4,1598,1,3,-1,3
2013930001166,1,9,0,5,0,2,0,11,0,0,1,1,6,2,11,1796,1,13,-1,3
2013930001167,1,9,0,18,0,8,0,0,7,0,1,1,1,1,-1,1560,2,4,-1,1
2013930001167,2,9,0,18,0,8,0,0,1,0,1,1,1,1,7,1560,2,1,-1,1
2013930001168,1,9,0,18,0,1,0,0,0,0,1,1,6,2,9,1360,1,13,-1,1
2013930001169,1,9,0,1,0,0,0,0,0,0,2,1,2,2,4,1598,1,10,-1,1
2013930001175,1,11,0,18,0,0,0,0,0,0,1,1,1,1,6,3972,2,10,-1,1
2013930001175,2,90,0,4,0,0,0,0,0,0,2,1,6,1,8,2198,2,3,-1,-1
2013930001175,3,9,0,4,0,0,0,0,0,0,2,1,2,1,9,1910,2,3,-1,-1
2013930001222,1,21,1,12,0,0,0,0,0,0,0,1,1,1,8,12900,2,5,-1,3
2013930001222,2,9,0,18,0,0,0,0,0,0,1,1,2,1,8,1968,2,3,-1,3
2013930001222,3,20,0,4,0,0,0,0,0,0,2,1,1,1,6,-1,-1,-1,-1,3
2013930001223,1,9,0,18,0,1,0,0,3,10,1,1,6,1,9,1997,1,12,-1,1
2013930001224,1,9,0,5,0,1,0,0,0,0,3,1,6,2,8,1598,1,9,-1,1
2013930001224,2,3,0,18,0,1,0,0,0,0,1,1,6,1,4,125,1,8,-1,1
2013930001225,1,9,0,12,0,1,5,0,7,0,2,1,6,1,7,1560,2,-1,1,1
2013930001225,2,9,0,18,0,1,0,0,4,6,1,1,2,2,7,1598,1,3,-1,-1
2013930001226,1,9,0,18,0,1,5,0,7,11,1,1,2,1,6,1248,2,3,-1,2
2013930001227,1,9,0,18,0,1,0,0,0,0,1,1,6,1,6,1199,1,11,-1,3
2013930001227,2,9,5,9,0,5,0,0,0,0,0,1,6,1,7,2477,2,8,-1,3
2013930001227,3,9,0,9,0,5,0,0,0,0,1,1,6,2,7,2188,2,9,-1,3
2013930001228,1,90,0,7,0,6,0,0,0,0,0,1,6,3,-1,-1,-1,-1,-1,-1
2013930001228,2,9,0,18,0,1,0,0,4,1,1,1,6,1,10,1870,2,11,-1,3
2013930001229,1,9,0,18,0,0,1,0,7,4,1,1,2,1,7,2143,2,3,-1,1
2013930001230,1,9,0,18,0,8,0,0,0,0,1,1,6,1,10,1124,1,13,-1,3
2013930001230,2,9,0,3,0,8,0,0,0,0,2,1,6,3,6,1796,1,5,-1,3
2013930001232,1,9,0,18,0,6,0,0,0,0,1,1,1,2,7,1398,1,3,-1,3
2013930001232,2,9,0,18,0,8,0,0,0,0,4,1,6,1,8,1242,1,10,-1,2
2013930001236,1,1,0,18,0,6,0,0,0,0,3,1,6,1,2,-1,-1,-1,-1,2
2013930001236,2,9,0,18,0,8,0,0,0,0,1,1,6,2,9,1796,1,7,-1,3
2013930001238,1,9,0,18,0,1,0,0,0,0,4,1,2,2,9,1968,2,-1,-1,-1
2013930001239,1,19,0,18,0,0,1,0,7,4,1,1,1,1,6,1461,2,7,-1,1
2013930001240,1,90,0,18,0,2,0,0,0,0,1,1,6,3,-1,-1,-1,-1,-1,-1
2013930001242,1,90,0,18,0,0,0,0,7,1,1,1,6,1,10,2490,2,16,7,1
2013930001244,1,19,0,18,0,0,0,0,0,0,4,1,1,1,6,2198,2,1,-1,1
2013930001249,1,9,0,18,0,0,5,0,1,0,1,1,6,1,9,-1,-1,-1,-1,-1
2013930001251,1,9,0,18,0,0,0,0,5,7,3,1,6,2,7,1783,1,13,-1,1
2013930001255,1,9,0,18,0,2,0,0,0,0,4,1,6,2,6,1560,2,3,-1,1
2013930001257,1,9,0,18,0,1,5,0,1,0,1,1,6,1,6,1149,1,10,-1,-1
2013930001259,1,9,0,9,0,6,5,0,1,11,1,1,6,2,7,1910,2,6,-1,3
2013930001261,1,19,0,18,0,0,0,0,1,2,1,1,1,1,7,1870,2,10,-1,1