Accident_Index,Vehicle_Reference,Vehicle_Type,Towing_and_Articulation,Vehicle_Manoeuvre,Vehicle_Location-Restricted_Lane,Junction_Location,Skidding_and_Overturning,Hit_Object_in_Carriageway,Vehicle_Leaving_Carriageway,Hit_Object_off_Carriageway,1st_Point_of_Impact,Was_Vehicle_Left_Hand_Drive?,Journey_Purpose_of_Driver,Sex_of_Driver,Age_Band_of_Driver,Engine_Capacity_(CC),Propulsion_Code,Age_of_Vehicle,Driver_IMD_Decile,Driver_Home_Area_Type
2013930001263,1,9,0,18,0,0,0,0,7,11,1,1,6,2,6,1796,1,5,-1,3
2013930001269,1,9,0,18,0,0,0,0,0,0,3,1,6,1,11,1339,1,11,-1,1
2013930001269,2,9,0,18,0,0,0,0,0,0,3,1,6,1,11,2999,2,8,-1,3
2013930001269,3,9,0,18,0,0,0,0,0,0,3,1,6,1,8,1910,2,7,-1,1
2013930001270,1,9,0,18,0,4,0,0,0,0,3,1,2,1,7,2996,1,7,-1,3
2013930001270,2,1,0,18,0,8,0,0,0,0,1,1,6,1,7,-1,-1,-1,-1,1
2013930001271,1,9,0,9,0,6,0,0,0,0,1,1,6,1,7,1956,2,2,-1,1
2013930001271,2,9,0,18,0,8,0,0,0,0,4,1,6,2,8,1598,1,9,-1,1
2013930001271,3,20,0,7,0,5,0,0,0,0,0,1,1,1,8,-1,-1,-1,-1,1
2013930001273,1,9,0,18,0,0,0,0,0,0,1,1,6,2,10,1598,1,6,-1,3
2013930001273,2,17,4,18,0,0,0,0,0,0,3,1,1,1,10,-1,-1,-1,-1,2
2013930001273,3,9,0,18,0,0,0,0,0,0,3,1,6,2,11,1396,2,-1,-1,3
2013930001275,1,9,0,18,0,0,0,0,0,0,1,1,1,1,9,-1,-1,-1,-1,1
2013930001275,2,22,0,18,0,0,0,0,0,0,4,1,6,1,9,-1,-1,-1,-1,1
2013930001288,1,19,0,18,0,1,0,0,0,0,3,1,1,1,8,2198,2,1,-1,-1
2013930001288,2,9,0,18,0,1,0,0,0,0,1,1,1,1,-1,1896,2,7,-1,3
2013930001289,1,3,0,16,0,0,0,0,0,0,1,1,6,1,4,124,1,7,-1,1
2013930001289,2,9,0,17,0,0,0,0,0,0,1,1,6,2,10,1240,1,5,-1,1
2013930001290,1,1,0,7,0,6,0,0,0,0,1,1,4,1,2,-1,-1,-1,-1,3
2013930001290,2,9,0,18,0,1,0,0,0,0,3,1,6,2,8,2179,2,4,-1,3
2013930001291,1,9,0,18,0,0,0,0,1,10,4,1,6,2,10,1461,2,9,-1,2
2013930001292,1,9,0,17,0,0,5,0,1,11,1,1,2,1,6,1796,1,10,-1,3
2013930001293,1,9,0,18,0,0,0,0,0,0,1,1,6,1,7,1951,2,12,-1,3
2013930001293,2,9,0,18,0,0,0,0,0,0,1,1,6,2,8,998,1,1,-1,1
2013930001294,1,9,0,16,0,0,0,0,4,6,4,1,6,2,7,1896,2,7,-1,1
2013930001294,2,21,0,18,0,0,0,0,0,0,2,1,1,1,8,11705,2,5,-1,1
2013930001295,1,5,0,17,0,0,2,6,0,0,4,1,6,1,7,748,1,23,-1,1
2013930001296,1,9,0,18,0,1,0,0,0,0,1,1,6,2,4,1896,2,10,-1,2
2013930001296,2,9,0,13,0,1,0,0,0,0,4,1,6,1,4,1149,1,6,-1,2
2013930001296,3,9,0,4,0,1,0,0,0,0,2,1,6,1,4,1248,2,6,-1,1
2013930001297,1,9,0,18,0,1,0,0,7,11,1,1,6,1,7,1896,2,11,-1,1
2013930001298,1,9,0,12,0,0,0,0,0,0,3,1,2,1,5,1595,1,6,-1,2
2013930001298,2,9,0,13,0,0,5,0,7,11,4,1,6,1,6,1968,2,-1,-1,3
2013930001299,1,9,0,18,0,6,0,0,0,0,1,1,6,2,6,1596,1,5,-1,3
2013930001299,2,9,0,18,0,1,0,0,0,0,4,1,6,1,10,1997,2,1,-1,1
2013930001315,1,9,0,5,0,1,0,0,0,0,1,1,2,2,7,1242,1,10,-1,1
2013930001315,2,9,0,4,0,1,0,0,0,0,2,1,2,2,8,1299,1,13,-1,1
2013930001349,1,9,0,18,0,1,0,0,0,0,1,1,1,2,8,1968,2,5,-1,-1
2013930001349,2,9,0,18,0,1,0,0,0,0,1,1,3,1,6,-1,-1,-1,-1,-1
2013930001349,3,8,0,18,0,1,0,0,0,0,2,1,6,1,7,1598,1,5,-1,-1
2013930001352,1,9,0,18,0,1,0,0,0,0,1,1,6,1,5,1399,2,1,-1,3
2013930001352,2,9,0,4,0,1,0,0,0,0,2,1,6,1,10,1124,1,9,-1,1
2013930001355,1,21,0,18,0,8,0,0,0,0,1,1,1,1,7,12777,2,6,-1,3
2013930001355,2,9,0,18,0,8,0,0,0,0,3,1,1,1,6,1398,2,10,-1,1
2013930001356,1,9,0,1,0,1,0,0,0,0,2,1,6,2,9,1398,2,6,-1,-1
2013930001373,1,9,0,18,0,8,0,0,0,0,4,1,6,2,9,1598,2,1,-1,3
2013930001373,2,9,0,18,0,8,0,0,0,0,1,1,2,2,7,1248,1,1,-1,3
2013930001390,1,19,0,18,0,4,0,0,0,0,1,1,2,1,9,2287,2,5,-1,2
2013930001390,2,1,0,18,0,8,0,0,0,0,4,1,6,1,7,-1,-1,-1,-1,2
2013930001418,1,9,0,18,0,1,0,0,0,0,1,1,6,1,6,1796,1,12,-1,1
2013930001418,2,9,0,18,0,1,0,0,0,0,1,1,6,1,7,1910,2,6,-1,3
2013930001419,1,9,0,18,0,0,0,0,7,11,1,1,6,1,4,1198,1,7,-1,2
2013930001447,1,9,0,18,0,0,0,0,0,0,4,1,1,1,8,1598,2,-1,-1,1
2013930001448,1,21,1,18,0,0,5,0,5,6,1,1,1,1,6,11705,2,6,-1,3
2013930001466,1,9,0,18,0,8,0,0,0,0,1,1,6,1,7,1588,1,13,-1,1
2013930001466,2,9,0,9,0,8,0,0,0,0,1,1,6,1,7,1896,2,12,-1,1
2013930001467,1,9,0,1,0,6,0,0,1,11,2,1,6,1,8,3960,1,16,-1,3
2013930001467,2,20,0,2,0,2,0,0,0,0,2,1,1,1,9,-1,-1,-1,-1,1
2013930001468,1,9,0,18,0,1,0,0,0,0,1,1,6,2,8,1769,1,7,-1,-1
2013930001468,2,1,0,18,0,1,0,0,0,0,1,1,6,1,9,-1,-1,-1,-1,1
2013930001469,1,9,0,18,0,8,0,0,0,0,1,1,6,2,8,455,1,-1,-1,1
2013930001469,2,1,0,18,0,1,0,0,0,0,1,1,6,1,5,-1,-1,-1,-1,1
2013930001470,1,19,0,18,0,8,0,0,1,11,4,1,1,1,9,2461,2,3,-1,1
2013930001470,2,9,0,18,0,8,0,0,0,0,1,1,6,1,9,1998,1,8,-1,1
2013930001471,1,9,0,18,0,0,0,0,0,0,4,1,6,1,9,1598,1,7,-1,3
2013930001471,2,1,0,18,0,0,0,0,0,0,3,1,6,1,10,-1,-1,-1,-1,3
2013930001472,1,9,0,9,0,5,0,0,0,0,1,1,6,2,9,1968,2,1,-1,-1
2013930001472,2,9,0,18,0,1,0,0,0,0,1,1,6,1,10,1497,1,9,-1,1
2013930001473,1,9,0,18,0,4,0,0,0,0,1,1,6,1,5,1587,1,10,-1,1
2013930001473,2,9,0,18,0,8,0,0,0,0,1,1,6,2,9,1461,2,11,-1,3
2013930001480,1,9,0,16,0,0,5,0,1,11,1,1,6,2,9,1560,2,4,-1,1
2013930001481,1,9,0,9,0,6,0,0,0,0,1,1,3,2,6,1796,1,6,-1,1
2013930001481,2,9,0,18,0,1,0,0,0,0,3,1,3,2,6,1390,1,13,-1,1
2013930001482,1,9,0,18,0,1,0,0,0,0,1,1,1,2,5,1598,1,3,-1,3
2013930001482,2,9,0,4,0,1,0,0,0,0,2,1,6,1,6,1149,1,1,-1,2
2013930001483,1,9,0,18,0,0,0,0,1,0,1,1,6,2,6,1596,1,13,-1,1
2013930001483,2,9,0,3,0,0,0,0,0,0,2,1,6,2,5,-1,-1,-1,-1,1
2013930001484,1,9,0,18,0,4,0,0,0,0,1,1,6,2,9,2495,2,15,-1,3
2013930001484,2,9,0,9,0,8,0,0,0,0,1,1,6,1,9,-1,-1,-1,-1,3
2013930001561,1,3,0,18,0,2,0,0,0,0,3,1,6,1,6,125,1,7,-1,1
2013930001562,1,9,0,18,0,0,0,0,0,0,1,1,6,1,5,1229,1,9,-1,-1
2013930001562,2,20,0,4,0,0,0,0,0,0,2,1,1,1,7,2998,2,2,-1,2
2013930001563,1,9,0,18,0,8,0,0,0,0,1,1,6,2,5,1595,2,3,-1,1
2013930001563,2,9,0,18,0,8,0,0,0,0,3,1,6,1,9,1390,1,4,-1,1
2013930001564,1,9,0,18,0,2,0,4,0,0,1,1,2,1,6,998,1,8,-1,1
2013930001564,2,9,0,2,0,2,0,0,0,0,1,1,6,3,-1,1390,1,1,-1,-1
2013930001565,1,9,0,18,0,1,0,0,0,0,1,1,3,2,7,1998,1,7,-1,1
2013930001565,2,9,0,10,0,5,0,0,0,0,2,1,6,2,9,1560,2,1,-1,1
2013930001566,1,9,0,9,0,5,0,0,0,0,1,1,2,2,7,1596,1,18,-1,1
2013930001566,2,1,0,18,0,8,0,0,0,0,3,1,6,1,7,-1,-1,-1,-1,1
2013930001567,1,9,0,18,0,0,0,0,0,0,1,1,6,1,4,1242,1,9,-1,1
2013930001567,2,9,0,4,0,0,0,0,0,0,2,1,6,2,7,-1,-1,-1,-1,1
2013930001567,3,9,0,3,0,0,0,0,0,0,2,1,6,2,7,1390,1,1,-1,3
2013930001586,1,3,0,18,0,1,0,0,0,0,1,1,6,1,4,-1,-1,-1,-1,3
2013930001586,2,9,0,4,0,1,0,0,0,0,2,1,6,2,9,1240,1,9,-1,3
2013930001588,1,9,0,18,0,2,5,4,0,0,4,1,6,2,11,1560,2,2,-1,3
2013930001588,2,9,0,2,0,2,0,0,7,11,1,1,6,3,-1,1396,2,1,-1,-1
2013930001590,1,9,0,17,0,0,5,0,7,0,1,1,2,1,5,1587,1,11,-1,3
2013930001621,1,9,0,18,0,0,0,0,0,0,0,1,6,1,7,2198,1,10,-1,-1
2013930001621,2,19,0,18,0,0,0,0,0,0,0,1,1,1,7,2198,2,-1,-1,-1
2013930001622,1,11,0,6,0,0,0,0,0,0,0,1,1,1,7,9600,2,15,-1,-1
2013930001623,1,9,0,18,0,0,0,0,7,0,1,1,6,1,5,-1,-1,-1,-1,-1
2013930001623,2,9,0,2,0,0,0,0,0,0,1,1,6,1,5,-1,-1,-1,-1,-1
2013930001625,1,9,0,18,0,8,0,0,0,0,1,1,6,2,4,1242,1,12,-1,1
2013930001641,1,9,0,9,0,1,0,0,0,0,1,1,2,1,6,1896,2,8,-1,3
2013930001641,2,9,0,18,0,1,0,0,0,0,0,1,6,1,9,1910,2,7,-1,3
2013930001641,3,9,0,18,0,1,0,0,0,0,0,1,1,1,9,998,1,-1,-1,2
2013930001642,1,9,0,16,0,0,1,0,8,7,1,1,1,1,9,1124,1,9,-1,3
2013930001646,1,9,0,9,0,5,0,0,0,0,1,1,6,1,11,1199,1,9,-1,2
2013930001646,2,9,0,18,0,1,0,0,0,0,1,1,6,2,5,1242,1,11,-1,3
2013930001648,1,9,0,18,0,0,0,0,0,0,0,1,1,1,8,-1,-1,-1,-1,-1
2013930001650,1,1,0,18,0,0,0,0,0,0,0,1,6,1,7,-1,-1,-1,-1,1
2013930001650,2,9,0,18,0,0,0,0,0,0,1,1,6,2,6,1896,2,5,-1,1
2013930001652,1,9,0,18,0,0,2,0,1,11,3,1,6,2,4,-1,-1,-1,-1,3
2013930001655,1,20,0,18,0,0,1,0,1,10,1,1,2,1,8,-1,-1,-1,-1,3
2013930001656,1,9,0,18,0,0,0,0,1,2,1,1,6,1,5,1560,2,-1,-1,1
2013930001659,1,9,0,18,0,4,0,0,0,0,1,1,6,1,10,1343,1,10,-1,1
2013930001659,2,1,0,9,0,8,0,0,0,0,4,1,6,1,11,-1,-1,-1,-1,3
2013930001677,1,9,0,18,0,0,0,0,1,7,4,1,6,1,6,1229,1,-1,-1,-1
2013930001677,2,9,0,12,0,0,0,0,0,0,2,1,6,2,5,998,1,10,-1,3
2013930001677,3,9,0,18,0,0,0,0,0,0,1,1,6,1,9,2922,7,10,-1,3
2013930001701,1,19,0,18,0,0,0,0,0,0,1,1,1,1,6,2143,2,-1,-1,1
2013930001701,2,9,0,3,0,0,0,0,0,0,2,1,1,1,9,1587,1,5,-1,1
2013930001701,3,9,0,3,0,0,0,0,0,0,2,1,6,1,8,1364,1,2,-1,1
2013930001701,4,9,0,3,0,0,0,0,0,0,2,1,6,2,6,1598,1,6,-1,3
2013930001702,1,9,0,5,0,6,0,0,0,0,3,1,2,1,9,4367,2,2,-1,3
2013930001702,2,1,0,18,0,1,0,0,0,0,1,1,6,1,8,-1,-1,-1,-1,2
2013930001754,1,9,0,9,0,1,0,0,0,0,4,1,6,1,8,-1,-1,-1,-1,1
2013930001754,2,1,0,9,0,1,0,0,0,0,1,1,6,1,7,-1,-1,-1,-1,-1
2013930001755,1,9,0,18,0,0,0,0,0,0,1,1,6,2,8,1198,1,10,-1,1
2013930001755,2,9,0,1,0,0,0,0,0,0,2,1,6,1,5,1400,1,13,-1,1
2013930001756,1,9,0,13,0,0,0,0,0,0,4,1,6,2,4,1149,1,12,-1,-1
2013930001756,2,5,0,18,0,0,0,0,0,0,3,1,6,1,8,-1,-1,-1,-1,-1
2013930001757,1,9,0,18,0,0,1,0,1,0,1,1,6,2,8,1229,1,3,-1,3
2013930001758,1,9,0,4,0,1,0,0,0,0,4,1,6,2,8,2979,1,8,-1,3
2013930001759,1,9,0,18,0,0,0,0,0,0,1,1,6,1,10,1598,1,8,-1,1
2013930001761,1,9,0,18,0,2,0,0,0,0,1,1,6,2,6,1590,1,2,-1,3
2013930001761,2,9,0,4,0,2,0,0,0,0,2,1,6,2,6,1364,1,5,-1,3
2013930001762,1,9,0,18,0,0,0,0,0,0,0,1,6,1,7,1598,1,9,-1,-1
2013930001762,2,9,0,18,0,0,5,11,0,0,1,1,6,2,6,1341,1,10,-1,1
2013930001763,1,9,0,1,0,1,0,4,0,0,2,1,1,1,7,1598,2,3,-1,1
2013930001763,2,9,0,2,0,2,0,0,0,0,1,1,6,3,-1,1242,1,-1,-1,-1
2013930001764,1,19,0,18,0,0,0,0,0,0,1,1,1,1,8,1995,2,-1,-1,1
2013930001764,2,20,0,18,0,0,0,0,0,0,1,1,1,1,6,2402,2,2,-1,2
2013930001766,1,21,0,18,0,0,0,0,2,7,1,1,1,1,8,12900,2,2,-1,1
2013930001768,1,3,0,17,0,0,0,10,0,0,1,1,6,1,7,124,1,3,-1,1
2013930001769,1,9,0,16,0,0,0,0,1,4,1,1,6,1,4,1598,1,7,-1,1
2013930001771,1,21,0,18,0,0,0,0,5,6,1,1,1,1,6,2300,2,10,-1,1
2013930001772,1,9,0,16,0,0,0,0,7,11,1,1,6,2,8,1199,1,12,-1,1
2013930001774,1,9,0,18,0,2,0,0,0,0,4,1,6,2,11,-1,-1,-1,-1,2
2013930001777,1,9,0,18,0,1,0,0,0,0,1,1,2,2,4,995,1,9,-1,1
2013930001777,2,9,0,3,0,1,0,0,0,0,2,1,2,2,8,1296,1,6,-1,1
2013930001779,1,9,0,9,0,5,0,0,0,0,1,1,6,1,11,1229,1,-1,-1,1
2013930001779,2,9,0,18,0,1,0,0,0,0,3,1,6,2,8,998,1,9,-1,1
2013930001781,1,9,0,18,0,0,0,0,7,0,1,1,6,1,4,1398,1,-1,-1,3
2013930001785,1,9,0,9,0,6,0,0,0,0,3,1,6,1,11,1398,1,5,-1,3
2013930001785,2,9,0,18,0,1,0,0,0,0,1,1,6,2,6,1968,2,-1,-1,3
2013930001787,1,9,0,16,0,2,0,0,8,3,1,1,1,2,5,1590,1,9,-1,3
2013930001790,1,9,0,13,0,0,0,0,0,0,0,1,6,2,9,1388,1,3,-1,3
2013930001790,2,19,0,18,0,0,5,0,1,11,3,1,1,1,5,1461,2,8,-1,1
2013930001790,3,17,5,18,0,0,0,0,0,0,3,1,1,1,10,-1,-1,-1,-1,3
2013930001794,1,9,0,13,0,0,0,0,0,0,4,1,6,2,6,1686,2,1,-1,-1
2013930001794,2,21,0,18,0,0,0,0,0,0,3,1,1,1,6,9200,2,4,-1,1
2013930001794,3,9,0,18,0,0,0,0,4,6,3,1,2,1,6,1900,2,13,-1,2
2013930001812,1,20,0,18,0,1,0,0,0,0,1,1,6,1,6,-1,-1,-1,-1,1
2013930001812,2,9,0,10,0,5,0,0,0,0,2,1,6,1,7,2198,1,11,-1,1
2013930001812,3,9,0,18,0,1,0,0,0,0,1,1,6,1,8,1870,2,9,-1,1
2013930001813,1,1,0,18,0,8,0,0,0,0,1,1,6,1,6,-1,-1,-1,-1,1
2013930001813,2,9,0,18,0,1,0,0,0,0,1,1,6,1,8,1896,2,10,-1,1
2013930001814,1,9,0,13,0,1,0,0,0,0,4,1,6,2,7,-1,-1,-1,-1,1
2013930001814,2,90,0,3,0,1,0,0,0,0,0,1,6,3,-1,-1,-1,-1,-1,-1
2013930001815,1,9,0,5,0,0,0,0,0,0,1,1,2,1,7,2494,1,13,-1,1
2013930001816,1,20,0,18,0,4,0,0,1,11,1,1,1,1,6,-1,-1,-1,-1,1
2013930001816,2,9,0,18,0,8,0,0,0,0,4,1,6,2,4,1299,1,8,-1,1
2013930001817,1,9,0,18,0,0,0,0,0,0,1,1,6,2,6,1598,2,-1,-1,1
2013930001818,1,90,0,14,0,0,0,4,0,0,1,1,6,3,-1,-1,-1,-1,-1,-1
2013930001818,2,9,0,2,0,0,0,0,0,0,4,1,6,3,-1,1598,1,10,-1,-1
2013930001819,1,9,0,18,0,0,0,0,7,3,1,1,6,2,8,1149,1,-1,-1,3
2013930001820,1,9,0,8,0,1,0,0,0,0,3,2,6,2,8,-1,-1,-1,-1,-1
2013930001820,2,9,0,18,0,1,0,0,0,0,1,1,6,2,8,1798,1,9,-1,1
2013930001821,1,9,0,16,0,1,5,0,1,0,4,1,6,2,6,1422,2,4,-1,1
2013930001822,1,20,0,16,0,0,5,0,7,11,1,1,1,1,6,-1,-1,-1,-1,2
2013930001823,1,9,0,9,0,6,0,0,0,0,1,1,6,1,4,1984,1,3,-1,3
2013930001823,2,9,0,18,0,1,0,0,0,0,1,1,6,2,6,1461,2,7,-1,1
2013930001823,3,9,0,18,0,1,0,0,0,0,1,1,6,2,7,1995,2,10,-1,1
2013930001824,1,9,5,18,0,1,0,0,0,0,1,1,6,1,6,1997,2,11,-1,1
2013930001824,2,9,5,18,0,1,0,0,0,0,1,1,6,1,6,1753,2,7,-1,1
2013930001825,1,4,0,15,0,1,5,0,0,0,1,1,6,1,9,644,1,11,-1,-1
2013930001825,2,9,0,9,0,1,0,0,0,0,1,1,6,1,9,-1,-1,-1,-1,1
2013930001826,1,9,0,5,0,0,0,0,0,0,1,1,6,2,7,1560,2,7,-1,1
2013930001826,2,9,0,3,0,0,0,0,0,0,2,1,6,2,10,998,1,12,-1,3
2013930001827,1,9,0,18,0,2,0,0,0,0,1,1,6,1,4,1124,1,6,-1,2
2013930001828,1,9,0,18,0,1,0,0,0,0,1,1,6,1,10,1968,2,7,-1,1
2013941300006,1,9,0,5,0,0,0,4,0,0,1,1,6,2,8,1796,1,9,-1,2
2013941300006,2,9,0,2,0,0,0,4,0,0,1,1,6,2,6,1199,1,10,-1,-1
2013941300006,3,9,0,2,0,0,0,4,0,0,1,1,6,1,7,2997,1,11,-1,2
2013941300006,4,9,0,2,0,0,0,0,0,0,2,1,6,2,10,-1,-1,-1,-1,2
2013941300012,1,9,0,18,0,7,0,0,0,0,1,1,2,1,9,1796,1,9,-1,1
2013941300012,2,9,0,18,0,1,0,0,0,0,1,1,6,1,6,1796,1,6,-1,1
2013941300016,1,9,0,18,0,1,0,0,0,0,3,1,6,2,5,1399,2,9,-1,1
2013941300016,2,9,0,7,0,6,0,0,0,0,3,1,6,1,5,-1,-1,-1,-1,3
2013941300019,1,9,0,18,0,0,0,0,0,0,1,1,6,2,9,1582,2,4,-1,1
2013941300030,1,9,0,12,0,0,0,0,0,0,1,1,6,1,4,1124,1,10,-1,1
2013941300031,1,9,0,9,0,4,0,0,0,0,1,1,6,2,9,1984,1,6,-1,-1
2013941300031,2,1,0,18,0,8,2,0,0,0,2,1,6,1,8,-1,-1,-1,-1,1
2013941300032,1,9,0,18,0,0,0,0,0,0,1,1,6,1,7,1598,1,4,-1,-1
2013941300032,2,1,0,18,0,0,0,0,1,0,2,1,2,1,8,-1,-1,-1,-1,2
2013941300035,1,9,0,5,0,1,0,0,0,0,1,1,6,2,8,1242,1,2,-1,1
2013941300035,2,9,0,3,0,1,0,0,0,0,2,1,6,1,9,1242,1,9,-1,1
2013941300036,1,9,0,16,0,0,2,0,2,4,1,1,6,1,4,1968,2,7,-1,1
2013941300042,1,9,0,17,0,0,2,0,1,0,4,1,6,2,11,998,1,13,-1,3
2013941300045,1,19,0,18,0,6,0,0,0,0,1,1,1,1,6,1753,2,2,-1,1
2013941300045,2,5,0,18,0,1,0,0,0,0,4,1,1,1,6,-1,-1,-1,-1,1
2013941300052,1,9,0,18,0,8,0,0,3,10,1,1,6,1,8,1299,1,11,-1,3
2013941300052,2,9,0,18,0,8,0,0,7,10,1,1,6,2,7,1390,1,2,-1,3
2013941300055,1,19,0,3,0,4,0,0,0,0,1,1,1,1,7,2402,2,8,-1,1
2013941300055,2,9,0,3,0,4,0,0,0,0,2,1,6,1,8,1497,1,10,-1,-1
2013941300062,1,2,0,18,0,3,0,0,0,0,0,1,6,1,6,124,1,1,-1,1
2013941300062,2,9,0,18,0,4,0,0,0,0,0,1,6,2,8,1396,1,10,-1,1
2013941300067,1,9,0,18,0,0,1,0,0,0,1,1,6,2,8,973,1,11,-1,-1
2013941300069,1,9,0,18,0,1,0,0,0,0,1,1,6,1,10,1396,1,13,-1,1
2013941300069,2,9,0,3,0,1,0,0,0,0,2,1,6,1,9,2179,2,5,-1,1
2013941300070,1,9,0,16,0,0,2,0,1,10,4,1,6,2,8,1598,1,9,-1,3
2013941300071,1,9,0,16,0,0,0,0,0,0,1,1,6,2,4,1199,1,12,-1,3
2013941300071,2,9,0,18,0,0,0,0,0,0,1,1,6,1,10,1590,1,3,-1,1
2013941300082,1,9,0,5,0,0,0,0,0,0,1,1,6,1,10,-1,-1,-1,-1,3
2013941300082,2,9,0,18,0,0,0,0,0,0,1,1,6,2,10,1388,1,8,-1,1
2013941300084,1,9,0,18,0,8,0,0,0,0,1,1,6,2,6,-1,-1,-1,-1,1
2013941300084,2,9,0,18,0,8,0,0,0,0,3,1,6,1,10,2599,1,22,-1,1
2013941300089,1,90,0,10,0,1,0,0,0,0,2,1,1,1,7,-1,-1,-1,-1,-1
2013941300089,2,8,0,3,0,1,0,0,0,0,2,1,1,1,8,1896,2,6,-1,-1
2013941300089,3,9,0,4,0,1,1,0,0,0,1,1,2,1,5,2000,2,8,-1,-1
2013941300103,1,9,0,4,0,0,0,0,0,0,2,1,6,1,6,1956,2,4,-1,-1
2013941300103,2,9,0,4,0,0,0,0,0,0,2,1,2,1,8,1997,2,4,-1,1
2013941300103,3,9,0,18,0,0,0,0,0,0,1,1,6,2,6,1968,2,5,-1,-1
2013941300105,1,9,0,1,0,0,0,0,0,0,2,1,1,1,8,-1,-1,-1,-1,1
2013941300105,2,9,0,2,0,0,0,0,0,0,1,1,1,1,8,1910,2,8,-1,1
2013941300115,1,9,0,17,0,0,0,0,0,0,3,1,6,1,9,1560,2,1,-1,-1
2013941300115,2,9,0,17,0,0,1,0,0,0,1,1,6,1,9,1991,2,4,-1,-1
2013941300115,3,9,0,16,0,0,1,0,0,0,3,1,6,1,6,1896,2,7,-1,1
2013941300125,1,9,0,4,0,0,1,0,0,0,3,1,6,1,10,1998,1,10,-1,2
2013941300128,1,9,0,18,0,1,0,0,0,0,1,1,2,1,7,1796,1,7,-1,1
2013941300131,1,9,0,3,0,3,0,0,0,0,1,1,6,1,7,1368,1,5,-1,1
2013941300131,2,9,0,4,0,3,0,0,0,0,2,1,6,1,10,1560,2,2,-1,1
2013941300131,3,9,0,4,0,3,0,0,0,0,2,1,6,1,6,1242,1,1,-1,1
2013941300133,1,9,0,2,0,0,0,0,0,0,2,1,6,1,8,-1,-1,-1,-1,-1
2013941300133,2,19,0,2,0,0,0,0,0,0,1,1,1,3,-1,-1,-1,-1,-1,-1
2013941300134,1,9,0,18,0,4,0,0,0,0,0,1,6,2,8,1596,1,8,-1,1
2013941300134,2,1,0,18,0,3,0,0,0,0,3,1,6,1,6,-1,-1,-1,-1,1
2013941300139,1,19,0,4,0,1,1,0,0,0,1,1,6,1,7,2496,2,14,-1,1
2013941300140,1,9,0,18,0,0,0,0,0,0,1,1,6,1,7,-1,-1,-1,-1,3
2013941300140,2,3,0,18,0,0,0,0,1,0,2,1,6,1,-1,124,1,14,-1,1
2013941300149,1,9,0,18,0,0,1,0,1,0,3,1,6,2,4,1341,1,8,-1,3
2013941300149,2,9,0,18,0,0,0,0,1,0,1,1,6,1,11,1598,1,5,-1,3
2013941300151,1,8,0,9,0,1,0,0,0,0,1,1,1,1,9,-1,-1,-1,-1,1
2013941300155,1,9,0,17,0,0,2,0,7,10,1,1,6,2,4,1397,1,5,-1,1
2013941300156,1,9,0,17,0,0,1,0,1,2,1,1,6,1,5,1389,1,12,-1,3
2013941300167,1,9,0,18,0,1,0,0,0,0,1,1,6,1,7,-1,-1,-1,-1,1
2013941300167,2,9,0,3,0,1,0,0,0,0,2,1,6,2,6,1998,1,7,-1,1
2013941300172,1,9,0,4,0,1,1,0,0,0,1,1,6,2,7,1229,1,5,-1,2
2013941300172,2,8,0,3,0,2,0,0,0,0,2,1,1,1,7,-1,-1,-1,-1,2
2013941300174,1,19,0,18,0,0,0,0,1,10,1,1,1,1,7,1997,2,7,-1,1
2013941300179,1,9,0,9,0,8,0,0,0,0,2,1,6,2,10,1240,1,8,-1,-1
2013941300179,2,19,0,18,0,8,0,0,0,0,2,1,2,1,6,2198,2,3,4,1
2013941300184,1,9,0,18,0,1,0,0,1,10,3,1,2,2,8,1968,2,6,-1,1
2013941300184,2,9,0,5,0,1,0,0,1,10,4,1,6,2,9,1896,2,6,-1,3
2013941300199,1,9,0,13,0,0,2,10,2,10,1,1,6,1,5,-1,-1,-1,-1,2
2013941300205,1,9,0,3,0,0,0,0,0,0,1,1,6,1,7,998,1,2,-1,1
2013941300205,2,9,0,3,0,0,0,0,0,0,2,1,6,1,4,1910,2,9,-1,1
2013941300205,3,9,0,3,0,0,0,0,0,0,2,1,6,1,8,2393,1,13,-1,-1
2013941300206,1,9,0,18,0,8,0,0,0,0,3,1,6,2,4,1199,1,10,-1,2
2013941300206,2,9,0,18,0,8,0,0,0,0,3,1,6,2,4,1199,1,10,-1,2
2013941300211,1,9,0,18,0,0,0,0,1,0,1,1,1,1,4,1124,1,10,-1,3
2013941300211,2,9,0,18,0,0,0,0,1,0,1,1,1,2,8,1598,1,2,-1,1
2013941300211,3,9,0,18,0,0,0,0,0,0,1,1,3,2,6,998,1,10,-1,-1
2013941300216,1,9,0,13,0,3,0,0,0,0,2,1,1,1,7,-1,-1,-1,-1,1
2013941300216,2,11,0,4,0,3,0,0,0,0,1,1,1,2,7,6871,2,7,-1,1
2013941300220,1,9,0,18,0,0,0,0,0,0,1,1,6,2,6,1796,1,6,-1,1
2013941300224,1,9,0,18,0,0,2,0,1,1,1,1,6,2,6,-1,-1,-1,-1,1
2013941300229,1,9,0,2,0,0,0,0,0,0,1,1,2,2,5,1560,2,3,-1,1