Accident_Index,Vehicle_Reference,Vehicle_Type,Towing_and_Articulation,Vehicle_Manoeuvre,Vehicle_Location-Restricted_Lane,Junction_Location,Skidding_and_Overturning,Hit_Object_in_Carriageway,Vehicle_Leaving_Carriageway,Hit_Object_off_Carriageway,1st_Point_of_Impact,Was_Vehicle_Left_Hand_Drive?,Journey_Purpose_of_Driver,Sex_of_Driver,Age_Band_of_Driver,Engine_Capacity_(CC),Propulsion_Code,Age_of_Vehicle,Driver_IMD_Decile,Driver_Home_Area_Type
2013941301143,2,9,0,18,0,0,0,0,0,0,1,1,6,2,4,1124,1,8,-1,1
2013941301148,1,5,0,4,0,1,1,0,0,0,3,1,6,1,8,1170,1,6,-1,3
2013941301148,2,9,0,3,0,1,0,0,0,0,2,1,6,1,9,1968,2,2,-1,-1
2013941301150,1,1,0,18,9,0,0,0,0,0,3,1,6,1,3,-1,-1,-1,-1,1
2013941301150,2,9,0,7,9,0,0,0,0,0,1,1,6,2,8,1591,1,4,-1,1
2013941301155,1,11,0,13,0,0,0,0,0,0,2,1,1,2,6,7300,2,7,-1,3
2013941301155,2,5,0,13,0,0,0,0,7,0,1,1,6,1,5,1783,1,-1,-1,1
2013941301156,1,11,0,5,0,1,0,0,0,0,3,1,1,1,9,12778,2,1,-1,-1
2013941301156,2,9,0,13,0,1,0,0,0,0,4,1,6,1,7,1997,2,5,-1,3
2013941301181,1,9,0,18,0,1,0,0,0,0,1,1,6,2,8,998,1,13,-1,1
2013941301181,2,1,0,7,0,2,0,0,0,0,1,1,6,1,5,-1,-1,-1,-1,1
2013941301187,1,19,0,9,0,8,0,0,0,0,1,1,1,1,5,1753,2,3,-1,-1
2013941301187,2,1,0,18,0,1,0,0,0,0,0,1,6,1,6,-1,-1,-1,-1,1
2013941301191,1,19,0,18,0,2,0,0,0,0,3,1,1,1,6,2151,2,13,-1,1
2013941301191,2,9,0,16,0,1,0,0,0,0,3,1,6,2,5,1596,1,10,-1,3
2013941301196,1,9,0,18,0,4,0,0,0,0,0,1,6,1,6,1598,1,-1,-1,1
2013941301196,2,9,0,18,0,4,0,0,0,0,2,1,6,2,7,1598,1,10,-1,1
2013941301196,3,1,0,18,0,4,0,0,0,0,1,1,6,1,7,-1,-1,-1,-1,1
2013941301199,1,9,0,16,0,0,5,0,2,7,1,1,6,1,4,1242,1,8,-1,-1
2013941301199,2,9,0,17,0,0,0,0,0,0,0,1,6,1,8,-1,-1,-1,-1,-1
2013941301202,1,9,0,17,0,8,2,10,3,1,4,1,6,2,5,1596,1,12,-1,1
2013941301207,1,19,0,18,0,0,0,0,0,0,3,1,6,1,7,2402,2,8,-1,3
2013941301207,2,1,0,18,0,0,0,0,1,0,1,1,6,2,7,-1,-1,-1,-1,2
2013941301209,1,9,0,4,0,8,0,0,0,0,2,1,6,1,6,1246,1,6,-1,1
2013941301209,2,9,0,18,0,8,1,0,0,0,1,1,6,1,8,2967,1,10,3,1
2013941301212,1,9,0,5,0,6,0,0,0,0,4,1,6,1,10,2400,2,1,-1,-1
2013941301212,2,9,0,18,0,8,0,0,0,0,1,1,6,2,11,1248,1,3,-1,1
2013941301215,1,9,0,17,0,0,2,0,0,0,0,1,6,1,4,1124,1,11,-1,1
2013941301215,2,9,0,17,0,0,1,0,0,0,0,1,6,1,4,1199,1,11,-1,1
2013941301223,1,5,0,4,0,4,1,9,3,1,1,1,6,1,7,-1,-1,-1,-1,3
2013941301224,1,9,0,18,0,8,0,0,0,0,4,1,6,1,5,1796,1,4,-1,1
2013941301224,2,9,0,18,0,8,0,0,0,0,1,1,6,1,10,-1,-1,-1,-1,3
2013941301228,1,11,0,18,0,0,0,0,0,0,4,1,1,1,7,4250,2,8,-1,1
2013941301228,2,1,0,18,0,0,0,0,0,0,1,1,6,1,1,-1,-1,-1,-1,1
2013941301230,1,9,0,18,0,0,5,0,7,3,1,1,6,1,5,1796,1,10,-1,-1
2013941301236,1,9,0,18,0,1,0,0,7,9,4,1,6,2,6,1198,1,7,-1,1
2013941301236,2,9,0,10,0,1,1,0,1,9,1,1,6,1,4,1596,1,7,-1,1
2013941301244,1,9,0,4,0,4,0,0,0,0,1,1,6,1,10,1984,1,11,-1,2
2013941301244,2,1,0,17,0,3,2,0,0,0,4,1,2,1,9,-1,-1,-1,-1,1
2013941301248,1,90,0,17,0,0,0,11,0,0,1,1,6,1,6,-1,-1,-1,-1,3
2013941301252,1,19,0,1,0,2,0,0,0,0,2,1,1,1,8,2143,2,1,-1,1
2013941301255,1,9,0,12,0,7,0,0,0,0,3,1,6,1,11,1149,1,14,-1,1
2013941301255,2,9,0,18,0,8,5,0,0,0,1,1,2,2,5,1242,1,1,-1,1
2013941301260,1,10,0,18,0,6,0,0,0,0,3,1,6,1,8,2198,2,6,-1,-1
2013941301260,2,9,0,18,0,2,0,0,0,0,3,1,6,2,8,2231,2,-1,-1,3
2013941301264,1,9,0,18,0,0,0,0,0,0,4,1,6,1,11,1794,1,11,-1,1
2013941301264,2,1,0,18,0,0,0,0,0,0,3,1,6,1,8,-1,-1,-1,-1,1
2013941301265,1,9,0,16,0,0,0,0,1,4,3,1,6,1,5,1296,1,31,-1,1
2013941301271,1,9,0,18,0,1,0,0,0,0,1,1,2,1,4,1363,2,10,-1,1
2013941301271,2,1,0,18,0,1,0,0,0,0,3,1,6,1,3,-1,-1,-1,-1,1
2013941301272,1,9,0,1,9,0,0,0,0,0,3,1,6,2,5,1390,1,9,-1,1
2013941301272,2,1,0,18,9,0,0,0,0,0,1,1,6,1,2,-1,-1,-1,-1,1
2013941301280,1,9,0,4,0,0,0,0,0,0,1,1,6,2,11,1229,1,7,-1,1
2013941301280,2,9,0,3,0,0,0,0,0,0,2,1,1,1,8,-1,-1,-1,-1,1
2013941301293,1,11,0,8,0,2,0,0,0,0,1,1,6,1,11,4580,2,5,-1,1
2013941301293,2,9,0,18,0,2,0,0,0,0,1,1,1,1,7,875,1,-1,-1,1
2013941301295,1,5,0,18,0,0,1,12,0,0,1,1,6,2,6,645,1,8,-1,1
2013941301301,1,9,0,3,0,2,0,0,0,0,2,1,6,2,8,1289,1,13,4,2
2013941301301,2,9,0,4,0,1,0,0,0,0,1,1,6,1,6,1596,1,4,-1,1
2013941301302,1,9,0,18,0,0,0,0,0,0,1,1,6,1,6,1995,2,12,-1,1
2013941301302,2,21,0,18,0,0,0,0,7,4,1,1,1,1,9,8970,2,9,-1,1
2013941301309,1,9,0,9,0,4,0,0,0,0,1,1,6,2,7,1598,1,7,-1,1
2013941301320,1,9,0,16,0,0,2,0,2,7,1,1,6,1,4,1149,1,8,-1,3
2013941301320,2,9,0,18,0,0,1,0,2,7,1,1,6,2,4,973,1,12,-1,3
2013941301320,3,9,0,18,0,0,1,0,0,0,1,1,6,1,4,998,1,9,-1,3
2013941301328,1,9,0,17,0,0,2,10,7,4,4,1,6,1,4,973,1,13,-1,1
2013941301329,1,1,0,18,0,0,0,0,0,0,0,1,6,1,10,-1,-1,-1,-1,1
2013941301329,2,21,1,15,0,0,0,0,0,0,0,1,1,1,9,11967,2,2,-1,3
2013941301342,1,9,0,9,0,5,0,0,0,0,0,1,6,1,9,1997,2,8,-1,-1
2013941301342,2,1,0,18,0,8,0,0,0,0,0,1,6,1,8,-1,-1,-1,-1,1
2013941301348,1,8,0,2,0,0,0,0,0,0,0,1,1,1,8,1997,2,4,-1,3
2013941301352,1,5,0,18,0,1,0,0,0,0,1,1,6,1,9,649,1,4,-1,1
2013941301352,2,9,0,9,0,6,0,0,0,0,1,1,6,1,8,1149,1,13,-1,1
2013941301357,1,9,0,16,9,0,1,0,7,11,1,1,6,1,6,1360,1,13,-1,1
2013941301359,1,9,0,18,0,0,0,0,0,0,3,1,6,1,5,1242,1,9,-1,1
2013941301359,2,1,0,18,9,0,0,0,0,0,1,1,6,1,3,-1,-1,-1,-1,1
2013941301362,1,9,0,3,0,4,0,0,0,0,2,1,6,1,7,1242,1,9,-1,1
2013941301362,2,9,0,3,0,4,0,0,0,0,1,1,6,1,6,1796,1,12,-1,-1
2013941301365,1,9,0,9,0,8,0,0,0,0,1,1,6,1,6,-1,-1,-1,-1,-1
2013941301365,2,9,0,18,0,1,0,0,0,0,1,1,6,1,9,2497,1,2,-1,2
2013941301371,1,9,0,17,0,0,2,0,1,10,1,1,6,2,4,1149,1,12,-1,1
2013941301373,1,9,0,18,0,0,1,0,0,0,1,1,6,1,4,1199,1,11,-1,1
2013941301373,2,9,0,9,0,0,0,0,0,0,2,1,2,2,7,1242,1,12,-1,1
2013941301375,1,9,0,18,0,0,1,0,1,10,1,1,6,1,9,1390,1,6,-1,-1
2013941301383,1,9,4,13,0,0,1,0,1,0,1,1,1,1,5,-1,-1,-1,-1,-1
2013941301383,2,9,0,13,0,0,0,0,0,0,0,1,2,1,8,2495,2,10,-1,1
2013941301383,3,1,0,18,0,0,0,0,1,0,2,1,6,1,6,-1,-1,-1,-1,3
2013941301383,4,1,0,18,0,0,0,0,1,0,2,1,6,1,8,-1,-1,-1,-1,3
2013941301404,1,9,0,9,0,8,0,0,0,0,4,1,2,1,5,1360,1,6,-1,1
2013941301404,2,21,0,18,0,8,0,0,0,0,4,1,1,1,9,6692,2,1,-1,1
2013941301407,1,3,0,16,0,0,1,0,0,0,4,1,2,2,6,124,1,4,-1,2
2013941301412,1,19,0,18,0,0,0,0,0,0,1,1,1,1,6,2402,2,5,-1,2
2013941301412,2,9,0,10,0,0,0,0,0,0,2,1,3,2,8,1997,2,9,-1,1
2013941301416,1,90,0,18,0,0,1,0,0,0,1,1,6,1,5,-1,-1,-1,-1,1
2013941301416,2,9,0,2,0,0,0,0,0,0,2,1,6,1,10,1951,2,10,-1,1
2013941301429,1,9,0,3,0,1,0,0,0,0,1,1,6,2,9,1299,1,7,-1,1
2013941301434,1,9,0,5,0,0,0,0,0,0,1,1,6,1,8,1686,2,2,-1,1
2013941301439,1,9,0,16,0,0,0,4,0,0,1,1,6,1,7,1994,2,10,-1,3
2013941301439,2,17,0,16,0,0,0,0,0,0,2,1,1,1,6,-1,2,13,-1,3
2013941301440,1,9,0,4,0,1,0,0,0,0,2,1,6,2,9,1870,2,9,-1,1
2013941301440,2,1,0,18,0,1,0,0,0,0,1,1,2,2,5,-1,-1,-1,-1,1
2013941301443,1,9,0,17,0,0,2,0,0,0,0,1,6,1,6,1596,1,6,-1,1
2013941301446,1,9,0,17,0,2,5,0,1,10,1,1,6,2,9,1229,1,1,-1,2
2013941301447,1,8,0,7,0,6,1,0,0,0,1,1,1,1,10,2499,2,1,-1,1
2013941301447,2,9,0,18,0,1,1,0,0,0,1,1,2,2,7,1598,1,11,-1,1
2013941301447,3,9,0,10,0,8,0,0,0,0,1,1,2,1,6,-1,-1,-1,-1,1
2013941301456,1,9,0,3,0,4,0,0,0,0,2,1,6,2,6,1753,2,10,1,1
2013941301456,2,9,0,5,0,4,0,0,0,0,1,1,6,1,9,-1,-1,-1,-1,-1
2013941301456,3,9,0,5,0,4,0,0,0,0,2,1,6,1,7,-1,-1,-1,-1,-1
2013941301456,4,9,0,5,0,4,0,0,0,0,1,1,6,2,6,-1,-1,-1,-1,-1
2013941301461,1,9,0,3,0,4,0,0,0,0,2,1,6,2,9,1198,1,10,-1,2
2013941301461,2,9,0,18,0,4,0,0,0,0,1,1,6,1,9,1587,1,15,9,1
2013941301467,1,9,0,18,0,0,0,0,7,0,1,1,6,2,9,1368,1,5,-1,1
2013941301467,2,9,0,4,0,0,0,0,0,0,2,1,1,1,8,-1,-1,-1,-1,-1
2013941301467,3,11,0,4,0,0,0,0,0,0,2,1,1,1,8,6700,2,2,-1,1
2013941301467,4,9,0,18,0,0,0,0,0,0,1,1,6,1,8,1598,1,2,-1,2
2013941301472,1,9,0,18,0,0,1,0,8,10,3,1,6,1,5,1796,1,12,-1,2
2013941301472,2,19,0,18,0,0,0,0,0,0,4,1,6,1,8,2198,2,1,-1,2
2013941301472,3,9,0,2,0,0,0,0,0,0,3,1,6,1,10,1497,1,10,-1,2
2013941301476,1,9,0,1,0,2,0,0,0,0,2,1,1,1,7,2993,2,3,-1,1
2013941301476,2,9,0,4,0,2,0,0,0,0,1,1,6,2,6,1390,1,12,-1,1
2013941301478,1,9,0,5,0,4,0,0,0,0,1,1,6,2,11,1242,1,7,-1,1
2013941301478,2,1,0,18,0,3,0,0,0,0,2,1,6,1,8,-1,-1,-1,-1,1
2013941301480,1,9,0,4,3,1,0,0,0,0,2,1,6,1,7,1598,1,3,-1,1
2013941301480,2,9,0,18,0,1,0,0,0,0,1,1,6,2,6,1364,1,9,-1,3
2013941301487,1,9,0,17,0,0,0,0,1,10,1,1,6,1,7,1896,2,11,-1,1
2013941301487,2,9,0,17,0,0,1,0,0,0,2,1,6,1,6,1598,1,8,-1,1
2013941301489,1,9,0,18,0,0,0,0,0,0,1,1,6,2,6,1229,1,9,-1,2
2013941301489,2,1,0,18,0,0,5,0,0,0,2,1,6,1,8,-1,-1,-1,-1,-1
2013941301491,1,90,0,5,0,3,0,0,0,0,4,1,2,1,6,-1,-1,-1,-1,1
2013941301491,2,1,0,5,0,4,0,0,0,0,3,1,2,1,7,-1,-1,-1,-1,1
2013941301492,1,9,0,16,0,0,5,0,0,0,3,1,6,1,4,1229,1,7,-1,3
2013941301492,2,19,0,16,0,0,0,0,0,0,1,1,1,1,8,1248,2,-1,-1,3
2013941301496,1,9,0,7,0,3,0,0,0,0,1,1,2,2,4,998,1,6,-1,1
2013941301500,1,9,0,18,0,0,1,0,0,0,1,1,6,2,10,1149,1,1,-1,2
2013941301500,2,9,0,18,0,0,2,0,7,0,3,1,6,1,4,998,1,2,-1,2
2013941301506,1,9,0,16,0,0,1,0,0,0,1,1,6,1,5,1199,1,12,-1,2
2013941301506,2,21,0,17,0,0,0,0,1,0,1,1,1,1,6,8970,2,10,-1,3
2013941301517,1,1,0,18,0,1,0,0,0,0,1,1,6,1,9,-1,-1,-1,-1,3
2013941301529,1,9,0,5,0,6,0,0,0,0,3,1,6,2,8,1988,2,9,-1,3
2013941301529,2,4,0,18,0,1,0,0,0,0,2,1,6,1,4,98,1,35,-1,3
2013941301533,1,9,0,3,0,2,0,0,0,0,2,1,6,2,8,1598,1,3,-1,1
2013941301533,2,9,0,18,0,2,1,0,0,0,1,1,6,1,5,1587,1,9,-1,1
2013941301534,1,9,0,17,0,0,2,0,1,9,4,1,2,2,4,1461,2,11,-1,3
2013941301539,1,9,0,16,0,0,1,0,7,0,4,1,6,2,6,2982,2,4,-1,3
2013941301539,2,9,0,18,0,0,0,0,0,0,1,1,6,2,7,1240,1,9,-1,3
2013941301540,1,3,0,16,0,8,2,0,7,0,3,1,1,2,5,-1,-1,-1,-1,-1
2013941301547,1,9,0,10,0,8,0,0,0,0,1,1,6,1,11,1229,1,8,-1,2
2013941301547,2,9,0,18,0,8,0,0,0,0,1,1,6,1,6,1461,2,9,-1,3
2013941301551,1,9,0,9,0,5,0,0,0,0,4,1,6,1,6,1598,1,6,-1,1
2013941301551,2,1,0,18,0,1,0,0,0,0,1,1,6,1,8,-1,-1,-1,-1,3
2013941301552,1,8,0,18,0,0,0,0,0,0,3,1,1,1,8,1997,2,3,-1,2
2013941301558,1,9,0,18,0,0,0,0,2,0,1,1,6,1,6,1598,1,13,-1,1
2013941301562,1,1,0,18,0,5,2,4,0,0,1,1,6,2,7,-1,-1,-1,-1,1
2013941301562,2,9,0,2,0,1,0,0,0,0,2,1,6,3,-1,-1,-1,-1,-1,-1
2013941301571,1,11,0,9,0,8,0,0,0,0,3,1,1,1,6,9360,2,2,-1,1
2013941301581,1,9,0,4,0,0,0,0,0,0,2,1,6,2,7,1896,2,12,-1,1
2013941301581,2,9,0,4,0,0,0,0,0,0,2,1,6,2,8,1400,2,7,-1,1
2013941301581,3,9,0,4,0,0,1,0,0,0,1,1,1,1,10,-1,-1,-1,-1,-1
2013941301583,1,9,0,9,0,5,0,0,0,0,3,1,6,1,8,1598,2,1,-1,1
2013941301583,2,3,0,13,0,1,0,0,0,0,1,1,6,1,4,124,1,6,-1,3
2013941301591,1,2,0,4,0,0,1,0,0,0,0,1,6,1,8,49,1,6,-1,1
2013941301603,1,21,0,18,0,0,1,4,0,0,1,1,1,1,6,11705,2,6,-1,1
2013941301603,2,9,0,2,0,0,0,0,0,0,2,1,6,1,4,1229,1,1,-1,1
2013941301604,1,3,0,18,0,3,0,0,0,0,1,1,6,2,7,124,1,2,-1,3
2013941301604,2,9,0,18,0,3,0,0,0,0,4,1,6,1,5,1598,1,2,-1,2
2013941301605,1,3,0,17,0,0,0,0,1,0,1,1,6,1,8,649,1,2,-1,3
2013941301617,1,5,0,18,0,1,2,0,0,0,1,1,6,1,10,798,1,22,-1,1
2013941301617,2,9,0,18,0,1,0,0,0,0,2,1,6,2,7,1896,2,6,-1,3
2013941301621,1,9,0,4,0,4,0,0,0,0,1,1,2,1,6,1149,1,9,-1,1
2013941301621,2,1,0,18,0,3,1,0,0,0,2,1,2,1,7,-1,-1,-1,-1,1
2013941301622,1,9,0,17,0,0,2,0,1,11,1,1,2,2,5,1598,1,11,-1,1
2013941301624,1,1,0,9,0,5,0,0,0,0,1,1,6,1,7,-1,-1,-1,-1,1
2013941301624,2,9,0,5,0,8,0,0,0,0,1,1,2,1,9,2400,2,4,-1,1
2013941301628,1,9,0,13,0,1,0,0,0,0,1,1,6,2,7,1242,1,8,-1,1
2013941301628,2,3,0,9,0,6,0,0,0,0,3,1,6,1,5,124,1,-1,-1,1
2013941301630,1,17,4,5,0,6,0,0,0,0,4,1,1,1,9,-1,2,11,-1,3
2013941301630,2,9,0,18,0,8,0,0,1,0,3,1,6,1,6,1668,1,12,-1,3
2013941301637,1,19,0,13,0,0,0,0,7,0,1,1,1,1,7,2287,2,5,-1,3
2013941301637,2,17,4,10,0,0,0,0,0,0,3,1,1,1,7,-1,2,5,-1,3
2013941301639,1,9,0,18,0,0,0,0,0,0,1,1,6,1,7,1124,1,13,-1,1
2013941301639,2,1,0,18,0,0,0,0,0,0,1,1,6,1,2,-1,-1,-1,-1,1
2013941301641,1,8,0,7,0,8,0,0,0,0,1,1,1,1,7,1910,2,6,-1,1
2013941301642,1,3,0,18,0,0,0,0,0,0,1,1,6,3,6,-1,-1,-1,-1,-1
2013941301645,1,9,0,5,0,0,0,0,0,0,4,1,6,1,6,1997,2,5,-1,1
2013941301651,1,9,0,18,0,1,1,0,3,4,1,1,2,1,9,1951,2,9,-1,3
2013941301653,1,9,0,4,0,4,0,0,0,0,1,1,2,2,7,1753,2,6,-1,1
2013941301653,2,5,0,3,0,4,0,0,0,0,2,1,2,1,7,748,1,2,-1,1
2013941301659,1,19,0,18,0,0,0,0,0,0,1,1,6,1,9,1997,2,10,-1,1
2013941301661,1,3,0,5,0,3,1,0,0,0,3,1,6,1,6,125,1,4,-1,1
2013941301664,1,9,0,9,0,2,0,0,0,0,1,1,6,1,7,1584,1,8,-1,1
2013941301664,2,1,0,18,0,1,5,0,0,0,1,1,6,1,9,-1,-1,-1,-1,1
2013941301665,1,19,0,18,0,0,0,0,0,0,4,1,1,1,6,-1,-1,-1,-1,1
2013941301667,1,9,0,18,0,0,0,0,0,0,4,1,6,3,6,-1,-1,-1,-1,-1
2013941301671,1,9,0,18,0,0,0,0,0,0,1,1,6,2,8,1108,1,9,-1,-1
2013941301671,2,9,0,18,0,0,0,0,0,0,2,1,6,2,6,1398,1,8,-1,-1
2013941301671,3,9,0,15,0,0,0,0,0,0,0,1,1,2,6,2993,2,3,-1,1
2013941301674,1,9,0,16,0,0,1,0,3,11,2,1,2,2,8,1124,1,11,-1,1
2013941301675,1,9,0,18,0,1,0,0,0,0,2,1,6,1,6,1390,1,8,-1,1
2013941301675,2,9,0,18,0,2,0,0,3,0,1,1,6,2,8,-1,-1,-1,-1,1
2013941301681,1,9,0,16,0,0,2,0,7,10,1,1,2,2,5,1461,2,10,-1,1
2013941301685,1,9,0,16,0,0,2,0,1,0,1,1,6,1,5,-1,-1,-1,-1,2
2013941301695,1,9,0,7,0,8,0,0,0,0,3,1,6,1,11,1984,1,8,-1,-1
2013941301695,2,9,0,18,0,1,1,0,1,10,4,1,2,2,5,1985,1,12,-1,2
2013941301696,1,9,0,17,0,0,1,0,1,9,1,1,2,1,8,1994,1,15,-1,1
2013941301698,1,19,0,7,0,6,0,0,0,0,4,1,6,3,6,-1,-1,-1,-1,-1
2013941301698,2,1,0,18,0,8,0,0,0,0,1,1,6,1,6,-1,-1,-1,-1,1
2013941301699,1,9,0,18,0,1,0,0,1,2,1,1,6,1,10,1951,2,12,5,3
2013941301703,1,9,0,18,0,0,1,0,1,4,3,1,6,1,5,2457,1,6,-1,3
2013941301705,1,9,0,4,0,0,1,0,0,0,2,1,6,2,5,1390,1,2,-1,1
2013941301705,2,9,0,3,0,0,0,0,0,0,2,1,2,2,6,998,1,9,-1,1
2013941301705,3,9,0,3,0,0,0,0,0,0,2,1,6,2,7,1798,1,5,-1,1
2013941301714,1,9,0,5,0,0,0,0,0,0,3,1,6,1,7,-1,-1,-1,-1,3
2013941301715,1,9,0,18,0,1,0,0,0,0,2,1,6,1,9,1896,2,8,-1,2
2013941301715,2,9,0,10,0,1,0,0,0,0,0,1,2,2,6,1598,1,3,-1,-1
2013941301717,1,9,0,18,0,1,0,0,0,0,1,1,6,2,7,1560,2,-1,-1,1
2013941301718,1,9,0,4,0,1,0,0,0,0,1,1,6,1,6,1149,1,12,-1,3
2013941301718,2,9,0,4,0,1,0,0,0,0,2,1,6,1,6,1896,2,9,-1,1
2013941301724,1,19,0,16,0,0,2,11,2,2,2,1,2,1,7,2494,2,6,-1,1
2013941301732,1,9,0,4,0,4,0,0,0,0,1,1,6,2,7,1242,1,-1,-1,1
2013941301732,2,21,1,5,0,4,0,0,0,0,3,1,1,1,10,11705,2,-1,-1,-1
2013941301734,1,1,0,16,0,0,0,0,1,9,3,1,2,1,7,-1,-1,-1,-1,2
2013941301734,2,9,0,17,0,0,0,0,0,0,4,1,6,1,6,-1,-1,-1,-1,-1
2013941301737,1,9,0,5,0,0,0,0,0,0,1,1,6,1,6,1229,1,-1,-1,2
2013941301737,2,9,0,18,0,0,5,0,1,0,1,1,6,1,11,1242,1,2,-1,2
2013941301737,3,9,0,2,0,0,0,0,0,0,2,1,6,2,6,1598,1,5,-1,1
2013941301745,1,9,0,7,0,6,0,0,0,0,1,1,6,1,9,1198,1,3,-1,1
2013941301745,2,9,0,18,0,8,0,0,0,0,4,1,6,1,7,1995,2,3,-1,1
2013941301749,1,9,0,9,0,8,0,0,0,0,3,1,6,1,11,1761,1,13,-1,1
2013941301755,1,9,0,18,0,1,0,4,0,0,1,1,6,1,5,1299,1,9,-1,-1
2013941301755,2,9,0,10,0,1,0,0,0,0,2,1,6,1,8,1753,2,6,-1,3
2013941301759,1,9,0,18,0,1,0,0,0,0,1,1,6,2,6,1598,1,2,-1,1
2013941301759,2,9,0,9,0,1,0,0,0,0,2,1,6,2,5,1198,1,10,-1,3
2013941301765,1,9,0,18,0,0,0,0,0,0,3,1,6,1,10,1796,1,11,-1,1
2013941301765,2,9,0,18,0,0,0,0,0,0,3,1,6,1,10,1329,1,-1,-1,2
2013941301766,1,1,0,18,0,0,0,0,1,0,4,1,6,1,8,-1,-1,-1,-1,1
2013941301766,2,9,0,18,0,0,0,0,0,0,3,1,6,2,6,2204,2,6,-1,1
2013941301769,1,9,0,18,0,8,0,0,0,0,1,1,6,1,6,1796,1,5,-1,1
2013941301769,2,9,0,9,0,8,0,0,0,0,3,1,6,2,7,1596,1,5,-1,1
2013941301771,1,9,0,9,0,2,0,0,0,0,1,1,6,2,9,1596,1,5,-1,1
2013941301771,2,5,0,18,0,1,1,0,0,0,4,1,2,1,6,599,1,14,-1,1
2013941301773,1,9,0,16,0,0,0,0,0,7,1,1,6,1,7,1783,1,10,-1,1
2013941301773,2,19,0,17,0,0,2,0,0,0,4,1,1,1,6,2198,2,1,-1,2
2013941301773,3,9,0,17,0,0,0,0,0,0,1,1,6,2,6,1598,1,1,-1,1
2013941301773,4,9,0,17,0,0,0,0,0,0,3,1,6,2,8,1349,1,4,-1,1
2013941301773,5,19,0,17,0,0,0,0,0,0,3,1,1,1,9,1560,2,1,-1,1
2013941301776,1,19,0,18,0,0,0,0,0,0,1,1,1,1,7,2198,2,4,-1,3
2013941301776,2,21,0,18,0,0,0,0,0,0,1,1,1,1,7,6693,2,-1,-1,1
2013941301777,1,9,0,18,0,0,2,0,7,0,1,1,6,1,6,1850,1,13,-1,3
2013941301793,1,9,0,10,0,1,0,0,0,0,1,1,6,3,6,-1,-1,-1,-1,-1
2013941301793,2,9,0,18,0,1,0,0,1,2,4,1,6,1,4,1229,1,-1,-1,1
2013941301798,1,9,0,18,0,0,0,0,0,0,4,1,6,1,6,1595,1,3,-1,-1
2013941301798,2,1,0,18,0,0,0,0,0,0,3,1,6,1,3,-1,-1,-1,-1,3
2013941301816,1,9,0,16,0,0,0,0,0,0,1,1,6,1,6,1360,1,7,-1,1
2013941301816,2,9,0,17,0,0,0,0,0,0,1,1,6,2,9,1339,1,7,-1,1
2013941301819,1,9,0,17,9,0,2,0,8,2,4,1,3,2,7,1596,1,11,-1,3
2013941301826,1,9,0,4,0,0,0,0,0,0,4,1,6,2,8,1368,1,9,-1,1
2013941301833,1,9,0,18,0,0,0,0,0,0,1,1,6,1,10,1597,1,11,-1,1
2013941301833,2,9,0,18,0,0,0,0,1,0,1,1,2,2,6,1984,1,4,-1,1
2013941301834,1,2,0,4,0,4,2,0,0,0,0,1,2,1,6,124,1,7,-1,1
2013941301837,1,9,0,10,0,0,0,0,0,0,2,1,6,1,4,999,1,14,-1,1
2013941301837,2,9,0,18,0,0,0,0,0,0,1,1,6,1,8,1198,1,6,-1,1
2013941301840,1,9,0,9,0,6,0,0,0,0,3,1,2,2,6,2393,1,6,-1,3
2013941301840,2,9,0,18,0,8,0,0,1,2,1,1,2,2,6,1360,1,7,-1,1
2013941301851,1,9,0,13,0,1,0,0,7,1,1,1,1,1,7,1968,2,1,-1,1
2013941301851,2,9,0,9,0,1,0,0,0,0,3,1,6,1,8,998,1,-1,-1,1
2013941301856,1,9,0,18,0,0,0,0,0,0,1,1,2,1,7,1685,2,1,-1,3
2013941301856,2,1,0,18,0,0,0,0,0,11,2,1,6,1,9,-1,-1,-1,-1,3
2013941301861,1,9,0,18,0,2,0,0,0,0,2,1,6,2,7,1999,1,10,-1,1
2013941301861,2,19,0,18,0,2,0,0,0,0,1,1,6,1,5,1910,2,7,-1,3
2013941301861,3,8,0,18,0,2,0,0,0,0,1,1,6,1,6,1956,2,3,-1,1
2013941301861,4,9,0,18,0,2,0,0,0,0,1,1,6,2,4,1389,1,15,-1,3
2013941301865,1,9,0,9,0,5,0,0,0,0,1,1,6,2,7,1596,1,9,-1,3
2013941301865,2,9,0,18,0,6,0,0,0,0,1,1,6,2,8,2359,1,8,-1,2
2013941301870,1,9,0,18,0,0,0,0,0,0,1,1,2,2,7,1796,1,8,-1,1
2013941301876,1,9,0,18,0,0,0,0,0,0,1,1,6,3,6,1461,2,1,-1,-1
2013941301876,2,1,0,18,0,0,0,0,0,0,1,1,6,1,3,-1,-1,-1,-1,1
2013941301885,1,9,0,15,0,7,0,0,0,0,2,1,6,1,9,1995,2,12,-1,1
2013941301885,2,9,0,18,0,8,0,0,0,0,1,1,6,2,5,1248,2,4,-1,3
2013941301885,3,17,4,18,0,7,0,0,0,0,0,1,1,1,6,6728,2,1,-1,3