Accident_Index,Vehicle_Reference,Vehicle_Type,Towing_and_Articulation,Vehicle_Manoeuvre,Vehicle_Location-Restricted_Lane,Junction_Location,Skidding_and_Overturning,Hit_Object_in_Carriageway,Vehicle_Leaving_Carriageway,Hit_Object_off_Carriageway,1st_Point_of_Impact,Was_Vehicle_Left_Hand_Drive?,Journey_Purpose_of_Driver,Sex_of_Driver,Age_Band_of_Driver,Engine_Capacity_(CC),Propulsion_Code,Age_of_Vehicle,Driver_IMD_Decile,Driver_Home_Area_Type
2013941301889,1,9,0,17,0,0,5,0,1,0,1,1,1,2,4,1199,1,11,-1,1
2013941301892,1,11,0,9,0,2,0,0,0,0,3,1,1,1,7,-1,-1,-1,-1,1
2013941301897,1,9,0,1,0,0,0,0,0,0,1,1,6,2,8,1997,2,11,-1,1
2013941301897,2,9,0,2,0,0,0,0,0,0,3,1,6,2,8,1390,1,6,-1,1
2013941301898,1,9,0,18,0,4,0,0,0,0,1,1,6,2,7,2993,2,3,-1,3
2013941301898,2,1,0,18,0,4,0,0,0,0,2,1,6,1,6,-1,-1,-1,-1,3
2013941301901,1,11,0,18,0,0,0,0,0,0,1,1,1,1,10,8268,2,12,-1,2
2013941301901,2,1,0,18,0,0,0,0,0,0,2,1,6,2,5,-1,-1,-1,-1,1
2013941301905,1,90,4,18,0,0,1,4,2,11,1,1,1,1,5,-1,-1,-1,-1,1
2013941301905,2,9,0,2,6,0,0,0,0,0,3,1,6,2,8,-1,-1,-1,-1,3
2013941301909,1,9,0,4,0,1,0,0,0,0,1,1,6,1,6,1368,1,7,-1,1
2013941301909,2,9,0,18,0,1,0,0,0,0,2,1,6,1,7,1910,2,9,-1,-1
2013941301913,1,9,0,18,0,1,0,0,0,0,1,1,6,1,7,1598,1,12,-1,-1
2013941301914,1,19,0,18,0,0,0,0,0,0,1,1,1,1,6,2198,2,5,-1,1
2013941301914,2,19,0,18,0,0,0,0,0,0,4,1,1,1,5,1461,2,6,-1,3
2013941301915,1,9,0,18,0,0,0,0,0,0,2,1,6,1,6,1560,2,2,-1,1
2013941301915,2,9,0,10,0,0,0,0,0,0,1,1,6,1,10,1997,2,12,-1,1
2013941301931,1,9,0,18,0,0,0,0,0,0,1,1,6,1,7,1198,1,1,-1,1
2013941301931,2,1,0,18,0,0,0,0,0,0,2,1,6,2,3,-1,-1,-1,-1,1
2013941301934,1,9,0,2,0,0,0,0,0,0,3,1,2,2,6,1598,2,-1,-1,3
2013941301934,2,1,0,18,0,0,0,4,0,0,4,1,2,1,6,-1,-1,-1,-1,3
2013941301938,1,9,0,18,0,8,0,0,0,0,1,1,2,1,9,1910,2,8,-1,1
2013941301939,1,9,0,18,0,5,0,0,0,0,1,1,6,2,6,1398,2,10,-1,1
2013941301939,2,9,0,11,0,5,0,0,0,0,2,1,6,2,7,1587,1,13,-1,1
2013941301942,1,9,0,9,0,1,0,0,0,0,3,1,2,1,8,1796,1,3,-1,1
2013941301942,2,1,0,10,0,1,0,0,0,0,1,1,2,1,5,-1,-1,-1,-1,1
2013941301946,1,9,0,18,0,1,0,0,0,0,4,1,6,2,6,2199,2,3,-1,3
2013941301946,2,9,0,5,0,6,0,0,0,0,1,1,6,1,5,1598,1,13,-1,2
2013941301954,1,9,0,17,0,0,1,0,1,0,1,1,1,1,6,1998,1,21,-1,1
2013941301954,2,9,4,16,0,0,3,0,0,0,1,1,1,2,11,4701,1,10,-1,1
2013941301958,1,9,0,18,0,0,1,0,0,0,4,1,6,1,6,1798,1,11,-1,1
2013941301958,2,9,0,18,0,0,0,0,0,0,1,1,6,1,8,1598,1,10,-1,1
2013941301965,1,9,0,10,0,0,0,0,0,0,2,1,6,1,4,1390,1,3,-1,1
2013941301965,2,9,0,18,0,0,0,0,0,0,1,1,6,1,5,1796,1,12,-1,-1
2013941301971,1,9,0,9,0,6,0,0,0,0,1,1,6,2,7,1399,1,7,-1,3
2013941301971,2,9,0,18,0,1,0,0,1,0,3,1,1,2,10,1968,2,4,-1,3
2013941301976,1,9,0,9,0,5,0,0,0,0,4,1,6,2,6,998,1,3,-1,1
2013941301976,2,1,0,18,0,1,0,0,0,0,1,1,6,1,9,-1,-1,-1,-1,1
2013941301980,1,9,0,16,0,0,0,0,0,0,1,1,6,1,11,1587,1,14,-1,1
2013941301980,2,9,0,17,0,0,0,0,0,0,3,1,6,1,9,1599,1,8,-1,2
2013941301980,3,9,0,17,0,0,0,0,0,0,3,1,6,1,4,1598,2,1,-1,3
2013941301980,4,9,0,17,0,0,0,0,0,0,3,1,6,1,6,1600,1,-1,-1,3
2013941301983,1,9,0,18,0,0,1,0,0,0,1,1,6,1,8,2179,2,2,-1,3
2013941301983,2,9,0,2,0,0,0,0,0,0,2,1,6,3,-1,1975,1,43,-1,-1
2013941301983,3,9,0,18,0,0,1,0,1,0,1,1,6,2,9,2967,2,8,-1,3
2013941301996,1,9,0,18,0,0,0,0,0,0,1,1,6,1,8,1997,2,1,-1,3
2013941301996,2,2,0,18,0,0,2,0,0,0,1,1,6,2,4,49,1,2,-1,3
2013941302001,1,9,0,7,0,5,0,0,0,0,4,1,6,2,6,1679,1,14,-1,2
2013941302001,2,9,0,18,0,1,0,0,0,0,1,1,6,1,10,1598,1,4,-1,1
2013941302002,1,9,0,16,9,0,1,0,8,4,4,1,6,2,6,1896,2,10,-1,3
2013941302010,1,9,0,18,0,0,0,0,0,0,4,1,6,1,7,1910,2,2,-1,-1
2013941302014,1,9,0,5,9,0,0,0,1,2,1,1,6,1,11,1598,1,10,-1,1
2013941302020,1,9,0,18,0,0,0,0,0,0,4,1,2,1,8,1685,2,-1,-1,-1
2013941302033,1,9,0,9,0,6,0,0,0,0,1,1,6,1,9,1398,1,2,-1,3
2013941302033,2,9,0,18,0,1,0,0,0,0,1,1,6,1,5,-1,-1,-1,-1,1
2013941302041,1,9,0,17,0,0,0,0,1,0,1,1,1,1,4,1124,1,10,-1,2
2013941302052,1,9,0,13,0,0,0,0,0,0,4,1,6,3,6,-1,-1,-1,-1,-1
2013941302052,2,1,0,18,0,0,0,0,0,0,3,1,6,1,6,-1,-1,-1,-1,-1
2013941302057,1,1,0,5,0,8,0,0,0,0,3,1,6,1,8,-1,-1,-1,7,1
2013941302057,2,9,0,7,0,8,0,0,0,0,1,1,6,3,6,-1,-1,-1,-1,-1
2013941302061,1,9,0,5,0,8,0,0,0,0,4,1,1,2,6,796,1,5,-1,1
2013941302061,2,1,0,18,0,8,0,0,0,0,1,1,6,2,5,-1,-1,-1,-1,1
2013941302069,1,9,0,16,0,0,0,0,1,11,1,1,6,1,5,1360,1,12,-1,1
2013941302070,1,9,0,18,0,0,0,0,0,0,1,1,6,1,11,1398,1,10,-1,1
2013941302091,1,9,0,18,0,0,0,0,0,0,4,1,6,2,7,1299,1,8,-1,3
2013941302093,1,9,0,18,0,0,0,0,0,0,1,1,6,1,11,999,1,-1,-1,3
2013941302095,1,9,0,7,0,8,0,0,0,0,1,1,6,1,5,1390,1,2,-1,1
2013941302095,2,1,0,18,0,1,0,0,0,0,4,1,2,1,8,-1,-1,-1,-1,1
2013941302102,1,9,0,18,0,0,0,0,1,11,4,1,6,1,8,1198,1,8,-1,-1
2013941302114,1,9,0,18,0,0,0,0,0,0,1,1,2,2,7,998,1,1,-1,3
2013941302116,1,9,0,18,0,0,2,10,1,9,4,1,6,1,10,1360,1,11,-1,1
2013941302133,1,9,0,18,0,0,0,0,0,0,1,1,4,2,4,1299,1,6,-1,2
2013941302133,2,21,4,18,0,0,0,0,0,0,2,1,1,1,9,10518,2,5,-1,-1
2013941302150,1,9,0,16,0,0,1,0,0,0,3,1,2,1,6,1364,1,5,-1,1
2013941302150,2,9,0,17,0,0,0,0,0,0,3,1,2,1,7,1799,1,7,-1,1
2013941302150,3,9,0,17,0,0,0,0,0,0,3,1,2,1,7,2993,2,2,-1,1
2013941302169,1,9,0,5,0,7,0,0,0,0,4,1,6,2,8,2198,1,11,-1,1
2013941302169,2,9,0,18,0,1,0,0,0,0,1,1,6,2,8,1998,2,9,-1,1
2013941302174,1,9,0,18,0,0,0,0,0,0,3,1,6,1,9,1598,1,5,-1,1
2013941302175,1,9,0,18,0,0,0,4,0,0,1,1,6,1,6,1896,2,13,-1,3
2013941302175,2,11,0,2,0,0,0,0,0,0,2,1,1,3,6,8268,2,7,-1,-1
2013941302176,1,9,0,4,0,4,0,0,0,0,2,1,6,2,6,1368,1,1,-1,1
2013941302176,2,9,0,4,0,4,0,0,0,0,1,1,6,2,9,2179,2,5,-1,2
2013941302178,1,9,0,18,0,0,0,0,0,0,3,1,6,2,9,1560,2,5,-1,2
2013941302178,2,11,0,18,0,0,0,0,0,0,3,1,1,1,9,6700,2,4,-1,-1
2013941302186,1,9,0,18,0,0,0,0,0,0,4,1,6,2,10,1598,1,-1,-1,1
2013941302196,1,9,0,17,0,0,0,0,2,4,1,1,6,1,5,1598,1,11,-1,1
2013941302197,1,9,0,7,0,6,0,0,0,0,1,1,1,1,7,-1,-1,-1,-1,-1
2013941302197,2,9,0,18,0,8,0,0,0,0,1,1,6,1,8,1998,2,7,-1,3
2013941302201,1,9,0,18,0,0,0,0,0,0,1,1,2,1,4,1242,1,6,-1,1
2013941302224,1,9,0,18,0,0,0,0,0,0,1,1,6,2,9,1870,2,10,-1,3
2013941302226,1,9,0,18,0,0,0,0,0,0,4,1,6,1,6,-1,-1,-1,-1,-1
2013941302227,1,9,0,18,0,1,0,0,0,0,1,1,2,1,9,998,1,1,-1,2
2013941302227,2,9,0,10,0,1,0,0,0,0,2,1,4,2,7,1596,1,14,-1,1
2013941302230,1,19,0,1,0,0,0,0,0,0,2,1,1,1,8,2148,2,7,-1,-1
2013941302235,1,9,0,18,0,0,5,0,1,0,1,1,6,2,4,1149,1,12,-1,1
2013941302241,1,1,0,7,0,8,0,0,0,0,4,1,6,1,7,-1,-1,-1,-1,1
2013941302254,1,9,0,16,0,0,1,0,1,11,1,1,2,2,6,1798,1,6,-1,1
2013941302260,1,9,0,18,0,0,2,0,7,3,3,1,6,1,9,1997,2,3,-1,3
2013941302262,1,9,0,17,0,0,1,0,7,9,3,1,1,2,7,1761,1,13,-1,-1
2013941302267,1,9,0,18,0,0,0,0,0,0,1,1,6,2,8,1323,1,12,-1,-1
2013941302267,2,9,0,18,0,0,0,0,0,0,1,1,6,2,9,1598,2,1,-1,3
2013941302268,1,9,0,18,0,8,0,0,1,0,1,1,6,1,6,1968,2,6,-1,1
2013941302268,2,9,0,9,0,8,0,0,0,0,1,1,1,2,8,1389,1,14,-1,1
2013941400020,1,9,0,18,0,0,0,11,0,0,4,1,2,2,6,1364,1,5,-1,1
2013941400041,1,9,0,18,0,1,0,0,0,0,1,1,6,2,7,998,1,-1,-1,1
2013941400041,2,9,0,18,0,1,0,0,0,0,2,1,6,2,8,1390,1,13,-1,1
2013941400239,1,9,0,18,0,1,0,0,0,0,1,1,6,1,6,998,1,16,-1,1
2013941400239,2,9,0,2,0,1,0,0,0,0,2,1,6,3,-1,1686,2,7,-1,-1
2013950000001,1,19,0,1,0,0,0,0,0,0,2,1,6,1,7,6871,2,7,-1,1
2013950000001,2,19,0,2,0,0,0,0,0,0,1,1,6,3,-1,5880,2,6,-1,-1
2013950000002,1,9,0,1,3,8,0,0,0,0,2,1,6,3,-1,-1,-1,-1,-1,-1
2013950000003,1,9,0,5,0,4,0,0,0,0,3,1,6,1,7,1896,2,8,-1,1
2013950000003,2,9,0,18,0,8,0,0,0,0,1,1,1,1,7,1896,2,7,-1,1
2013950000007,1,8,0,4,0,1,1,0,0,0,1,1,1,1,8,2499,2,3,-1,-1
2013950000007,2,9,0,3,0,1,0,0,0,0,2,1,6,1,5,1984,1,3,-1,1
2013950000010,1,9,0,14,0,0,0,0,0,0,1,1,6,1,6,2204,2,7,-1,1
2013950000028,1,9,0,18,0,0,5,0,1,4,1,1,6,1,7,1910,2,8,-1,2
2013950000029,1,9,0,5,0,4,0,0,0,0,1,1,6,2,8,1998,1,5,-1,2
2013950000029,2,9,0,9,0,3,0,0,1,11,4,1,1,2,8,1598,1,2,-1,2
2013950000030,1,8,0,18,0,1,0,0,0,0,0,1,1,1,8,2148,2,3,-1,1
2013950000032,1,9,0,18,0,1,0,0,1,1,1,1,2,1,6,1995,2,6,-1,1
2013950000033,1,19,0,18,0,0,0,0,0,0,1,1,1,1,8,2148,2,3,-1,1
2013950000034,1,9,0,18,0,1,0,0,0,0,1,1,6,2,7,1598,1,3,-1,1
2013950000034,2,8,0,18,0,1,0,0,0,0,2,1,6,1,8,2143,2,1,-1,3
2013950000035,1,9,0,1,0,0,0,0,0,0,2,1,6,2,10,1240,1,5,-1,1
2013950000035,2,9,0,2,0,0,0,0,0,0,2,1,6,1,6,1390,1,7,-1,2
2013950000044,1,9,0,18,0,1,0,4,7,10,1,1,6,2,8,2199,2,3,-1,2
2013950000044,2,9,0,2,0,1,0,4,0,0,2,1,6,3,-1,1398,1,2,-1,-1
2013950000044,3,9,0,2,0,1,0,4,0,0,1,1,6,3,-1,998,1,3,-1,-1
2013950000044,4,90,0,2,0,1,0,0,0,0,2,1,6,3,-1,-1,-1,-1,-1,-1
2013950000045,1,9,0,18,0,1,0,0,0,0,1,1,6,1,5,1598,1,7,-1,-1
2013950000045,2,9,0,4,0,1,0,0,0,0,2,1,6,1,7,1997,2,3,-1,2
2013950000045,3,9,0,18,0,1,0,0,0,0,2,1,2,1,6,1360,1,10,-1,2
2013950000046,1,9,0,17,0,0,5,0,2,11,4,1,6,1,4,1399,2,10,-1,2
2013950000047,1,9,0,18,0,0,0,4,0,0,1,1,6,2,9,998,1,2,-1,2
2013950000047,2,9,0,12,0,0,0,0,0,0,2,1,6,2,11,-1,-1,-1,-1,1
2013950000047,3,9,0,2,0,0,0,0,0,0,3,1,6,3,-1,2953,1,3,-1,-1
2013950000052,1,9,0,18,0,0,0,0,0,0,1,1,6,2,10,1598,1,1,-1,1
2013950000052,2,9,0,4,0,0,0,0,0,0,2,1,6,2,6,996,1,2,-1,1
2013950000052,3,9,0,3,0,0,0,0,0,0,2,1,6,2,7,1598,1,1,-1,1
2013950000055,1,4,0,9,0,2,1,0,0,0,0,1,6,2,7,1170,1,8,-1,-1
2013950000058,1,3,0,18,0,8,0,0,0,0,1,1,4,2,4,49,1,-1,-1,3
2013950000058,2,9,0,5,0,8,0,0,0,0,3,1,6,1,6,1299,1,15,-1,-1
2013950000064,1,9,0,17,0,0,2,0,1,10,4,1,6,1,5,1229,1,4,-1,2
2013950000068,1,9,0,18,0,0,0,0,1,10,1,1,6,1,6,1968,2,3,-1,1
2013950000069,1,9,0,18,0,0,0,0,0,0,4,1,6,2,7,1896,2,8,-1,1
2013950000069,2,9,0,3,0,0,0,0,0,0,1,1,6,1,7,1997,2,6,-1,1
2013950000070,1,9,0,3,0,1,0,0,0,0,1,1,1,1,9,1997,2,10,-1,1
2013950000071,1,9,0,4,0,0,0,0,0,0,1,1,6,1,4,1198,1,7,-1,1
2013950000071,2,9,0,4,0,0,0,0,0,0,2,1,6,1,8,1896,2,10,-1,2
2013950000078,1,9,0,5,0,1,0,0,0,0,4,1,6,1,8,1968,2,3,-1,3
2013950000079,1,90,0,18,0,0,0,0,0,0,3,1,6,3,-1,-1,-1,-1,-1,-1
2013950000089,1,9,0,18,0,4,0,10,0,0,1,1,6,1,5,1600,1,22,-1,1
2013950000089,2,21,1,18,0,8,0,0,0,0,4,1,1,1,7,12900,2,1,-1,3
2013950000092,1,11,0,4,2,1,0,0,0,0,0,1,1,1,8,7300,2,6,-1,1
2013950000093,1,9,0,9,0,8,0,0,0,0,1,1,6,2,4,1229,1,1,-1,3
2013950000093,2,19,0,18,0,1,0,0,7,0,1,1,2,3,7,-1,-1,-1,-1,2
2013950000093,3,9,2,18,0,1,0,0,0,0,1,1,2,1,7,1229,1,7,-1,1
2013950000099,1,9,0,18,0,0,1,0,5,7,1,1,6,1,7,1299,1,12,-1,1
2013950000106,1,9,0,5,0,0,0,0,0,0,3,1,6,2,10,1896,2,5,-1,3
2013950000106,2,19,0,18,0,0,0,0,0,0,4,1,2,1,8,1248,2,8,-1,3
2013950000108,1,9,0,18,0,2,0,4,0,0,1,1,6,1,11,1598,1,12,-1,1
2013950000108,2,9,0,2,0,2,0,0,0,0,3,1,6,3,-1,1587,1,6,-1,-1
2013950000109,1,9,0,17,0,0,5,0,0,0,4,1,2,1,5,1396,1,8,-1,1
2013950000117,1,19,0,18,0,4,0,0,0,0,1,1,1,1,7,5880,2,12,-1,1
2013950000117,2,9,0,3,0,8,0,0,0,0,2,1,2,1,6,1868,2,11,-1,1
2013950000122,1,3,0,7,0,1,1,0,0,0,4,1,1,1,5,124,1,8,-1,2
2013950000123,1,11,0,5,2,0,0,0,0,0,0,1,1,1,8,7300,2,8,-1,1
2013950000125,1,9,0,18,0,8,0,0,0,0,0,1,6,3,11,-1,-1,-1,-1,-1
2013950000125,2,3,0,18,0,1,5,0,0,0,4,1,2,1,6,124,1,9,-1,1
2013950000129,1,9,0,9,0,8,0,0,0,0,1,1,2,2,8,1999,1,6,-1,1
2013950000129,2,2,0,18,0,8,0,0,0,0,3,1,2,1,6,49,1,1,-1,1
2013950000130,1,9,0,18,0,1,0,0,0,0,1,1,6,1,8,1796,1,9,-1,1
2013950000135,1,9,0,18,0,0,0,0,1,0,1,1,2,1,7,1328,1,12,-1,2
2013950000139,1,8,0,18,0,1,0,0,0,0,3,1,6,1,8,1997,2,1,-1,1
2013950000139,2,1,0,18,0,1,0,0,0,0,4,1,2,2,5,-1,-1,-1,-1,1
2013950000140,1,11,0,5,0,6,0,0,0,0,0,1,6,1,7,7300,2,5,-1,1
2013950000142,1,9,0,9,0,8,0,0,0,0,4,1,2,2,5,1229,1,2,-1,2
2013950000142,2,2,0,18,0,1,0,0,0,0,1,1,2,1,4,49,1,5,-1,3
2013950000143,1,9,0,18,0,0,0,0,0,0,1,1,2,1,4,1299,1,11,-1,2
2013950000143,2,9,0,18,0,0,0,0,0,0,2,1,2,2,6,1360,1,4,-1,3
2013950000143,3,19,0,18,0,0,0,0,0,0,2,1,2,1,7,1560,2,4,-1,1
2013950000144,1,19,0,18,0,0,0,0,0,0,1,1,1,1,9,6370,2,8,-1,1
2013950000144,2,19,0,3,0,0,0,0,0,0,2,1,6,2,7,1753,2,16,-1,2
2013950000145,1,9,0,18,0,0,0,0,0,0,4,1,6,2,6,1968,2,7,-1,1
2013950000150,1,9,0,18,0,0,0,0,0,0,1,1,6,2,7,1390,1,4,8,3
2013950000150,2,90,4,18,0,0,0,0,0,0,2,1,1,1,6,6702,2,3,-1,3
2013950000152,1,9,0,18,0,1,0,7,0,0,1,1,1,1,8,1797,8,3,-1,1
2013950000165,1,1,0,13,0,0,0,11,0,0,0,1,2,2,9,-1,-1,-1,-1,1
2013950000166,1,9,0,5,0,8,0,0,0,0,3,1,6,2,7,1498,1,6,-1,1
2013950000166,2,1,0,18,0,8,0,0,0,0,1,1,6,1,9,-1,-1,-1,-1,1
2013950000169,1,9,0,2,0,0,0,0,0,0,3,1,6,3,-1,1796,1,8,-1,-1
2013950000169,2,1,0,18,0,0,0,8,0,0,1,1,6,2,5,-1,-1,-1,-1,1
2013950000172,1,9,0,17,0,0,2,0,1,10,1,1,6,2,8,1248,2,5,-1,1
2013950000177,1,9,0,14,0,1,0,0,0,0,1,1,2,2,8,1124,1,9,-1,3
2013950000178,1,19,0,18,0,0,0,0,0,0,1,1,1,1,6,2798,2,8,-1,1
2013950000178,2,9,0,3,0,0,0,0,0,0,2,1,6,1,6,1796,1,12,-1,1
2013950000178,3,9,0,3,0,0,0,0,0,0,2,1,6,2,7,1956,2,4,-1,1
2013950000178,4,9,0,3,0,0,0,0,0,0,2,1,6,1,9,1587,1,8,-1,1
2013950000179,1,19,0,9,0,8,0,0,0,0,1,1,1,1,6,1996,2,2,-1,1
2013950000179,2,4,0,18,0,1,0,0,0,0,1,1,6,1,6,598,1,15,-1,1
2013950000180,1,9,0,9,0,8,0,0,0,0,1,1,3,1,7,1999,1,6,-1,1
2013950000180,2,19,0,18,0,1,0,0,0,0,4,1,2,1,8,1248,2,1,-1,1
2013950000184,1,9,0,5,0,6,0,0,0,0,1,1,6,2,9,1398,2,6,-1,1
2013950000184,2,1,0,18,0,8,0,0,0,0,4,1,6,1,7,-1,-1,-1,-1,1
2013950000185,1,9,0,4,0,4,0,0,0,0,4,1,6,1,8,993,1,13,-1,1
2013950000186,1,9,0,11,0,1,0,0,0,0,1,1,6,1,11,1998,2,9,-1,1
2013950000187,1,9,0,12,0,1,0,0,0,0,3,1,6,2,11,1364,1,3,-1,1
2013950000187,2,9,0,2,0,1,0,0,0,0,3,1,6,3,-1,1596,1,9,-1,-1
2013950000188,1,19,0,5,0,1,0,0,0,0,1,1,6,1,7,1686,2,9,-1,1
2013950000188,2,8,0,3,0,1,0,0,0,0,2,1,6,1,8,2499,2,2,-1,1
2013950000213,1,9,0,18,0,0,0,0,0,0,1,1,6,2,5,1360,1,10,-1,1
2013950000220,1,19,0,1,0,0,0,0,0,0,2,1,2,1,7,1995,2,5,-1,3
2013950000224,1,9,0,9,0,8,0,0,0,0,1,1,6,1,9,1299,1,12,-1,1
2013950000224,2,3,0,18,0,8,0,0,0,0,1,1,6,1,5,125,1,3,-1,1
2013950000226,1,9,0,18,0,0,0,0,7,10,3,1,2,1,6,1998,1,13,-1,2
2013950000226,2,10,0,18,0,0,0,0,1,10,1,1,1,1,7,2198,2,7,-1,1
2013950000226,3,9,0,18,0,0,0,0,0,0,1,1,2,1,6,1560,2,4,-1,1
2013950000228,1,9,0,9,0,6,0,0,0,0,1,1,6,1,9,1951,2,12,-1,1
2013950000228,2,1,0,18,0,1,0,0,0,0,1,1,6,1,7,-1,-1,-1,-1,1
2013950000233,1,9,0,18,0,8,0,0,0,0,1,1,6,2,6,1229,1,6,-1,2
2013950000233,2,21,0,16,0,8,0,0,0,0,2,1,1,1,8,10518,2,7,-1,1
2013950000233,3,9,0,18,0,8,0,0,0,0,1,1,6,1,9,2985,2,8,-1,3
2013950000233,4,9,0,16,0,7,0,0,0,0,1,1,6,1,10,1995,1,2,-1,-1
2013950000233,5,9,0,18,0,7,0,0,0,0,1,1,2,1,7,1598,2,3,-1,1
2013950000234,1,9,0,9,0,8,0,0,0,0,1,1,6,1,7,1364,1,6,-1,1
2013950000234,2,1,0,10,0,8,0,0,0,0,1,1,6,1,7,-1,-1,-1,-1,1
2013950000236,1,9,0,16,0,8,0,0,1,10,3,1,6,1,5,1149,1,3,-1,1
2013950000243,1,9,0,9,0,8,0,0,0,0,3,1,6,2,7,1398,1,1,-1,1
2013950000243,2,1,0,10,0,1,0,0,0,0,3,1,2,1,6,-1,-1,-1,-1,1
2013950000247,1,11,0,7,0,8,0,0,0,0,0,1,1,1,10,4250,2,5,-1,2
2013950000247,2,9,0,18,0,1,0,0,0,0,0,1,6,2,9,1598,1,8,-1,3
2013950000248,1,9,0,9,0,8,0,0,0,0,4,1,2,2,6,2184,2,8,-1,2
2013950000248,2,9,0,18,0,8,0,0,0,0,1,1,2,2,7,1368,1,5,-1,1
2013950000251,1,9,0,18,0,1,0,0,0,0,1,1,6,1,6,1584,1,8,-1,1
2013950000251,2,9,0,4,0,1,0,0,0,0,2,1,6,1,9,1968,2,4,-1,1
2013950000252,1,19,0,4,0,1,0,0,0,0,1,1,6,1,6,1248,2,3,-1,3
2013950000252,2,9,0,8,0,1,0,0,0,0,2,1,6,1,5,1896,2,8,-1,3
2013950000257,1,19,0,2,0,0,0,0,0,0,3,1,2,1,9,1868,2,11,-1,2
2013950000257,2,1,0,18,0,0,0,0,0,0,1,1,6,1,9,-1,-1,-1,-1,1
2013950000258,1,9,0,18,0,0,0,0,0,0,1,1,2,2,4,999,1,13,-1,1
2013950000258,2,9,0,18,0,0,0,0,0,0,2,1,2,1,6,1560,2,3,-1,2
2013950000259,1,9,0,5,0,8,0,0,0,0,1,1,6,1,6,4398,1,9,-1,1
2013950000266,1,9,0,18,0,0,0,0,0,0,4,1,2,2,7,1598,1,11,-1,1
2013950000266,2,19,0,3,0,0,0,0,0,0,1,1,1,1,7,1560,2,2,-1,1
2013950000266,3,19,0,3,0,0,0,0,0,0,2,1,1,1,8,1686,2,11,-1,1
2013950000269,1,9,0,18,0,0,0,0,0,0,1,1,2,2,6,1390,1,9,-1,2
2013950000269,2,9,0,18,0,0,0,0,0,0,1,1,6,1,5,999,1,14,-1,2
2013950000269,3,9,0,18,0,0,0,0,0,0,1,1,2,1,6,1242,1,6,-1,1
2013950000269,4,9,0,18,0,0,0,0,0,0,2,1,6,1,7,2982,2,1,-1,1
2013950000270,1,11,0,5,2,0,0,0,0,0,0,1,1,1,6,7300,2,7,-1,1
2013950000274,1,11,0,18,2,0,0,0,0,0,0,1,1,1,6,9360,2,6,-1,1
2013950000276,1,9,0,4,0,0,0,0,0,0,1,1,2,2,6,1240,1,6,-1,-1
2013950000276,2,9,0,4,7,0,0,0,0,0,2,1,2,1,7,1364,1,6,-1,1
2013950000276,3,9,0,18,0,0,0,0,0,0,2,1,2,1,8,1968,2,3,-1,1
2013950000277,1,9,0,5,0,8,0,0,0,0,1,1,6,1,6,1397,1,4,-1,1
2013950000277,2,4,0,3,0,8,0,0,0,0,2,1,6,1,8,248,1,33,-1,1
2013950000278,1,9,0,18,0,0,0,0,0,0,4,1,2,1,7,1390,1,11,-1,1
2013950000279,1,9,0,18,0,8,0,0,0,0,4,1,6,2,8,2494,1,14,-1,1
2013950000279,2,1,0,18,0,8,0,0,0,0,1,1,2,1,6,-1,-1,-1,-1,1
2013950000280,1,9,0,18,0,2,0,0,0,0,0,1,6,2,7,1988,1,10,-1,2
2013950000280,2,4,0,18,0,2,0,0,0,0,0,1,6,1,8,1078,1,6,-1,3
2013950000284,1,90,0,18,0,0,0,0,0,0,1,1,6,2,-1,-1,-1,-1,-1,-1
2013950000287,1,11,0,4,0,0,0,0,0,0,0,1,1,1,5,5883,2,11,-1,1
2013950000289,1,9,0,9,0,8,0,0,0,0,0,1,6,2,8,1400,1,13,-1,1
2013950000289,2,4,0,18,0,8,0,0,0,0,1,1,6,1,6,656,1,5,-1,1
2013950000289,3,9,0,18,0,8,0,0,0,0,2,1,6,1,6,1493,1,13,-1,1
2013950000292,1,9,0,18,0,0,0,0,0,0,1,1,6,1,7,1388,1,3,-1,1
2013950000301,1,9,0,2,0,1,0,0,0,0,3,1,6,3,-1,1388,1,14,-1,-1
2013950000301,2,1,0,14,0,1,0,8,0,0,1,1,6,1,6,-1,-1,-1,-1,1
2013950000306,1,9,0,1,0,1,0,0,0,0,2,1,6,2,7,1124,1,11,-1,2
2013950000306,2,19,0,1,0,1,0,0,0,0,3,1,6,1,8,1298,1,9,-1,2
2013950000307,1,9,0,9,0,1,0,0,0,0,1,1,2,1,7,1896,2,6,-1,1
2013950000308,1,10,0,18,0,0,2,0,0,0,4,1,1,1,8,-1,-1,-1,1,1
2013950000308,2,9,0,16,0,0,0,0,0,0,1,1,2,1,8,1686,2,8,1,1
2013950000309,1,9,0,18,0,2,0,0,0,0,1,1,6,2,5,1396,1,13,-1,1
2013950000310,1,9,0,18,0,0,0,0,7,11,1,1,6,2,8,1229,1,5,-1,2
2013950000310,2,9,0,2,0,0,0,0,0,0,3,1,6,3,-1,-1,-1,-1,-1,-1
2013950000316,1,9,0,17,0,0,1,0,7,4,1,1,2,1,8,1896,2,11,-1,3
2013950000318,1,9,0,9,0,8,0,0,0,0,1,1,6,1,6,1400,1,9,-1,1