Accident_Index,Vehicle_Reference,Vehicle_Type,Towing_and_Articulation,Vehicle_Manoeuvre,Vehicle_Location-Restricted_Lane,Junction_Location,Skidding_and_Overturning,Hit_Object_in_Carriageway,Vehicle_Leaving_Carriageway,Hit_Object_off_Carriageway,1st_Point_of_Impact,Was_Vehicle_Left_Hand_Drive?,Journey_Purpose_of_Driver,Sex_of_Driver,Age_Band_of_Driver,Engine_Capacity_(CC),Propulsion_Code,Age_of_Vehicle,Driver_IMD_Decile,Driver_Home_Area_Type
2013950000318,2,9,0,18,0,2,0,0,0,0,1,1,6,1,9,1390,1,11,-1,1
2013950000320,1,9,0,18,0,4,0,0,0,0,2,1,6,2,8,998,1,9,-1,2
2013950000320,2,9,0,18,0,4,0,0,0,0,1,1,6,1,6,1398,1,1,-1,-1
2013950000327,1,9,0,17,0,0,0,0,0,0,1,1,6,1,7,1870,2,10,-1,3
2013950000327,2,19,0,16,0,0,0,0,0,0,1,1,6,1,10,-1,-1,-1,-1,3
2013950000341,1,9,0,16,0,0,0,0,1,11,1,1,6,1,6,1596,1,9,-1,3
2013950000347,1,19,0,9,0,8,0,0,0,0,1,1,2,1,8,1998,2,7,-1,2
2013950000347,2,9,0,18,0,8,0,0,0,0,1,1,2,1,8,1910,2,7,-1,1
2013950000351,1,19,0,18,0,0,1,0,7,0,3,1,1,1,7,2402,2,3,-1,3
2013950000351,2,9,0,18,0,0,0,0,0,0,3,1,6,2,9,1796,1,5,-1,3
2013950000354,1,9,0,13,0,0,2,0,1,11,1,1,1,1,8,2199,2,3,8,1
2013950000363,1,19,0,18,0,2,0,0,0,0,1,1,1,1,6,1560,2,2,-1,1
2013950000363,2,9,0,18,0,8,0,0,0,0,2,1,6,2,5,1798,1,12,-1,1
2013950000373,1,9,0,18,0,0,0,0,0,0,1,1,1,1,6,1956,2,3,-1,3
2013950000373,2,9,0,10,0,0,0,0,0,0,2,1,6,2,6,1242,1,2,-1,3
2013950000374,1,9,0,17,0,0,1,0,1,11,1,1,2,2,4,1198,1,3,-1,1
2013950000376,1,9,0,18,0,1,1,0,0,0,3,1,6,2,11,1299,1,12,-1,1
2013950000376,2,9,0,10,0,1,0,0,0,0,3,1,2,1,8,2995,1,4,-1,1
2013950000377,1,9,0,16,0,1,1,0,0,0,1,1,2,1,4,1149,1,9,-1,2
2013950000377,2,21,0,18,0,1,0,0,0,0,1,1,1,1,7,6870,2,3,-1,2
2013950000383,1,9,0,18,0,4,0,10,1,11,1,1,6,2,7,1598,1,9,-1,2
2013950000387,1,9,0,18,0,0,0,0,0,0,1,1,6,2,5,-1,-1,-1,-1,1
2013950000388,1,9,0,18,0,0,0,0,0,0,1,1,6,3,-1,-1,-1,-1,-1,-1
2013950000389,1,9,0,18,0,3,0,0,1,7,1,1,2,2,8,1360,1,9,-1,1
2013950000390,1,9,0,18,0,0,0,0,1,0,3,1,2,1,6,1910,2,4,-1,2
2013950000391,1,9,0,18,0,0,0,0,0,0,3,1,6,2,7,2495,2,11,-1,3
2013950000391,2,9,0,17,0,0,0,0,0,0,1,1,6,1,6,954,1,14,-1,1
2013950000397,1,9,0,9,0,8,0,0,0,0,3,1,6,2,5,1149,1,12,-1,1
2013950000397,2,9,0,18,0,8,0,0,0,0,1,1,6,1,7,-1,-1,-1,-1,1
2013950000400,1,9,0,18,0,0,0,0,0,0,1,1,2,2,6,1149,1,7,-1,1
2013950000400,2,9,0,-1,0,0,0,0,0,0,0,1,6,3,-1,-1,-1,-1,-1,-1
2013950000401,1,11,0,5,0,0,0,0,0,0,0,1,1,1,8,9360,2,5,-1,1
2013950000405,1,20,0,18,0,0,0,0,0,0,0,1,6,3,-1,-1,-1,-1,-1,-1
2013950000405,2,19,0,18,0,0,0,0,0,0,1,1,1,1,8,1560,2,2,-1,3
2013950000405,3,9,0,18,0,0,0,0,0,0,2,1,2,2,7,1560,2,2,-1,1
2013950000407,1,9,0,9,0,1,0,0,0,0,1,1,6,2,5,1242,1,7,-1,1
2013950000407,2,1,0,18,0,1,0,0,0,0,1,1,6,1,5,-1,-1,-1,-1,1
2013950000415,1,9,0,18,0,0,0,0,0,0,3,1,6,1,7,1956,2,2,-1,2
2013950000415,2,9,0,18,0,0,0,0,1,0,3,1,2,1,7,998,1,5,-1,1
2013950000415,3,9,0,18,0,0,0,11,0,0,3,1,1,2,6,2171,1,9,-1,1
2013950000422,1,9,0,14,0,2,0,0,0,0,4,1,6,2,7,1198,1,3,-1,1
2013950000424,1,11,0,3,0,0,0,0,0,0,0,1,1,1,8,9360,2,6,-1,1
2013950000425,1,9,0,3,0,7,0,0,0,0,1,1,6,2,8,1339,1,4,-1,3
2013950000425,2,9,0,3,0,7,0,0,0,0,2,1,6,2,4,1397,1,5,-1,-1
2013950000426,1,8,0,18,0,0,0,0,0,0,1,1,1,1,8,2664,2,12,-1,1
2013950000427,1,9,0,9,0,6,0,0,0,0,1,1,2,1,9,2979,1,2,-1,1
2013950000427,2,1,0,18,0,1,0,0,0,0,1,1,2,1,7,-1,-1,-1,-1,1
2013950000434,1,19,0,18,0,0,0,0,0,0,1,1,1,1,6,2198,2,4,-1,1
2013950000434,2,9,0,3,0,0,0,0,0,0,2,1,6,2,4,1198,1,1,-1,1
2013950000434,3,9,0,3,0,0,0,0,0,0,2,1,6,2,4,1388,1,5,-1,1
2013950000435,1,9,0,18,0,0,1,0,1,11,1,1,6,2,8,1242,1,16,-1,1
2013950000436,1,8,0,7,0,2,0,0,0,0,1,1,6,1,7,-1,-1,-1,-1,1
2013950000436,2,1,0,18,0,1,0,0,0,0,4,1,6,2,6,-1,-1,-1,-1,1
2013950000437,1,21,0,18,0,0,0,0,0,0,1,1,1,1,7,4250,2,13,-1,1
2013950000437,2,9,0,4,0,0,0,0,0,0,2,1,2,2,9,1242,1,9,-1,1
2013950000437,3,9,0,4,0,0,0,0,0,0,2,1,2,1,7,1991,2,4,-1,1
2013950000438,1,11,0,5,0,0,0,0,0,0,1,1,1,1,10,7300,2,9,-1,1
2013950000438,2,11,0,3,0,0,0,0,0,0,2,1,1,1,8,7300,2,9,-1,1
2013950000439,1,9,0,17,0,2,0,0,0,0,1,1,6,1,6,998,1,13,-1,1
2013950000446,1,21,0,18,0,0,1,0,7,0,1,1,1,1,8,9200,2,2,-1,1
2013950000446,2,9,0,18,0,0,0,0,0,0,1,1,6,1,8,1998,1,5,-1,3
2013950000447,1,9,0,9,0,8,0,0,0,0,1,1,6,2,7,1587,1,15,-1,1
2013950000447,2,3,0,18,0,8,0,0,0,0,3,1,1,1,4,49,1,4,-1,1
2013950000448,1,8,0,9,0,8,0,0,0,0,1,1,1,1,9,2499,2,3,-1,2
2013950000449,1,8,0,6,0,1,0,0,0,0,0,1,1,3,-1,-1,-1,-1,-1,-1
2013950000449,2,8,0,18,0,1,0,0,0,0,0,1,1,1,8,1997,2,4,-1,1
2013950000463,1,9,0,18,0,0,1,0,7,11,1,1,2,2,6,1240,1,7,-1,3
2013950000464,1,9,0,17,0,8,2,0,7,4,1,1,6,2,9,1896,2,10,-1,1
2013950000465,1,9,0,16,0,0,1,0,7,0,1,1,6,2,4,1399,2,4,-1,3
2013950000465,2,9,0,17,0,0,0,0,0,0,1,1,6,2,8,1560,2,1,6,1
2013950000467,1,8,0,18,0,1,0,0,0,0,1,1,1,1,7,2664,2,14,-1,1
2013950000468,1,9,0,18,0,2,0,0,0,0,1,1,1,1,7,1910,2,7,-1,1
2013950000469,1,9,0,18,0,0,0,0,0,0,1,1,6,3,-1,-1,-1,-1,-1,-1
2013950000474,1,9,0,1,0,1,0,0,0,0,2,1,1,1,6,1229,1,8,-1,1
2013950000477,1,9,0,18,0,1,0,0,0,0,4,1,6,1,4,1388,1,7,-1,1
2013950000483,1,11,0,4,0,8,0,0,0,0,0,1,1,1,8,7300,2,6,-1,1
2013950000485,1,9,0,14,0,2,0,0,0,0,1,1,6,1,7,1870,2,10,-1,1
2013950000493,1,9,0,17,0,0,1,0,7,4,1,1,2,2,6,1599,1,10,-1,1
2013950000493,2,9,0,16,0,0,0,0,1,4,1,1,6,2,8,1598,1,10,-1,3
2013950000507,1,11,0,5,2,1,0,0,0,0,0,1,1,1,6,7300,2,4,-1,1
2013950000513,1,11,0,18,0,0,0,0,0,0,0,1,1,1,7,7300,2,5,-1,1
2013950000514,1,9,0,5,0,1,0,0,0,0,1,1,6,1,7,-1,-1,-1,-1,1
2013950000514,2,9,0,18,0,1,0,0,0,0,4,1,1,1,6,1995,2,8,-1,1
2013950000515,1,19,0,7,0,0,0,0,0,0,0,1,6,1,9,2460,2,8,-1,1
2013950000515,2,11,0,18,2,0,0,0,0,0,0,1,1,1,7,9360,2,4,-1,1
2013950000520,1,9,0,18,0,0,2,0,1,0,4,1,6,2,5,1598,1,3,-1,1
2013950000522,1,1,0,16,0,0,0,0,0,0,1,1,6,1,7,-1,-1,-1,-1,-1
2013950000522,2,9,0,2,0,0,0,0,0,0,2,1,6,3,-1,1199,2,1,-1,-1
2013950000523,1,11,0,18,0,1,0,0,0,0,1,1,2,1,6,9600,2,17,-1,1
2013950000523,2,19,0,18,0,1,0,0,0,0,2,1,6,1,5,2198,2,3,-1,1
2013950000523,3,19,0,18,0,1,0,0,0,0,2,1,2,1,6,2198,2,1,-1,3
2013950000523,4,9,0,18,0,1,0,0,0,0,2,1,6,2,9,1368,1,10,-1,1
2013950000524,1,11,0,3,2,0,0,0,0,0,0,1,6,1,6,7300,2,5,-1,1
2013950000527,1,9,0,4,0,1,0,0,0,0,1,1,6,2,10,1399,1,5,-1,2
2013950000527,2,9,0,4,0,1,0,0,0,0,1,1,1,1,8,1398,1,8,-1,2
2013950000534,1,9,0,1,0,8,0,0,0,0,2,1,6,3,-1,1896,2,4,-1,-1
2013950000535,1,9,0,9,0,8,0,0,0,0,3,1,6,2,8,1398,2,3,-1,1
2013950000535,2,3,0,18,0,8,0,0,0,0,1,1,6,1,4,125,1,5,-1,1
2013950000540,1,9,0,18,0,4,0,0,0,0,3,1,6,2,7,1360,1,9,-1,1
2013950000540,2,19,0,18,0,8,0,0,0,0,1,1,1,1,5,1248,2,2,-1,3
2013950000546,1,9,0,5,0,0,0,0,0,0,1,1,6,2,6,2231,2,1,-1,1
2013950000546,2,2,0,14,0,0,0,0,0,0,1,1,6,1,6,49,1,5,-1,1
2013950000548,1,9,2,18,0,8,0,0,0,0,1,1,2,2,4,1229,1,3,-1,2
2013950000548,2,9,0,9,0,8,0,0,0,0,4,1,2,2,7,1150,1,9,-1,2
2013950000550,1,9,0,13,0,8,0,0,0,0,1,1,6,2,9,1240,1,6,-1,2
2013950000550,2,9,0,9,0,8,0,0,0,0,1,1,6,2,6,1149,1,12,-1,3
2013950000551,1,9,0,9,0,1,0,0,0,0,1,1,2,1,9,1600,1,15,-1,1
2013950000551,2,1,0,18,4,1,0,0,0,0,3,1,2,1,6,-1,-1,-1,-1,1
2013950000556,1,8,0,6,0,0,0,0,0,0,0,1,6,1,8,2499,2,3,-1,1
2013950000556,2,3,0,18,0,0,1,0,0,0,0,1,6,1,7,745,1,1,-1,1
2013950000558,1,9,0,5,0,0,0,0,0,0,1,1,6,1,5,1800,1,13,-1,1
2013950000559,1,9,0,9,0,8,0,0,0,0,1,1,6,1,6,1910,2,8,-1,2
2013950000559,2,9,0,18,0,8,0,0,0,0,1,1,6,1,10,1781,1,15,-1,2
2013950000562,1,19,0,14,0,2,0,0,0,0,1,1,1,2,7,1686,2,7,-1,3
2013950000567,1,8,0,18,0,1,0,0,0,0,1,1,1,1,8,-1,-1,-1,-1,-1
2013950000568,1,9,0,9,0,8,0,0,0,0,1,1,6,2,8,1242,1,16,-1,1
2013950000568,2,1,0,4,0,8,0,0,0,0,1,1,6,1,5,-1,-1,-1,-1,-1
2013950000569,1,9,0,7,0,8,0,0,0,0,4,1,6,3,-1,-1,-1,-1,-1,-1
2013950000569,2,1,0,18,0,8,0,0,0,0,1,1,6,1,5,-1,-1,-1,-1,1
2013950000574,1,11,0,4,0,2,0,0,0,0,0,1,6,1,5,5883,2,10,-1,1
2013950000577,1,9,0,18,0,0,0,4,1,11,1,1,6,2,11,1598,1,7,-1,2
2013950000577,2,9,0,2,0,0,0,0,0,0,4,1,6,3,-1,1199,1,9,-1,-1
2013950000582,1,9,0,18,0,0,2,0,7,10,0,1,6,1,6,1298,1,13,-1,2
2013950000586,1,19,0,18,0,0,0,0,0,0,1,1,6,1,7,2151,2,11,-1,3
2013950000586,2,9,0,4,0,0,0,0,0,0,2,1,6,1,6,1910,2,4,-1,3
2013950000588,1,9,0,18,0,0,0,0,0,0,3,1,6,2,5,1242,1,3,-1,1
2013950000592,1,1,0,5,0,8,0,0,0,0,1,1,6,1,6,-1,-1,-1,-1,1
2013950000592,2,9,0,5,0,8,0,0,0,0,1,1,6,1,9,2500,1,19,-1,1
2013950000595,1,11,0,18,0,0,0,0,7,0,3,2,6,1,7,-1,-1,-1,-1,-1
2013950000595,2,9,0,16,0,0,0,0,1,0,1,1,6,2,10,1490,1,5,-1,2
2013950000596,1,11,0,5,0,1,0,0,0,0,1,1,1,1,8,9360,2,6,-1,1
2013950000596,2,9,0,14,0,1,0,0,0,0,4,1,6,1,9,1198,1,8,-1,1
2013950000597,1,9,0,9,0,8,0,0,0,0,1,1,6,1,9,2401,2,10,-1,1
2013950000597,2,3,0,18,0,8,0,0,0,0,1,1,6,1,4,125,1,14,-1,3
2013950000598,1,11,0,18,0,0,0,0,0,0,0,1,1,1,8,7300,2,7,-1,1
2013950000600,1,8,0,6,0,8,0,0,0,0,3,1,1,1,7,2402,2,9,-1,1
2013950000601,1,1,0,18,0,1,0,0,0,0,3,1,6,2,4,-1,-1,-1,-1,3
2013950000601,2,9,0,18,0,1,0,0,0,0,1,1,6,1,9,1896,2,4,-1,3
2013950000602,1,9,0,18,0,8,0,0,0,0,1,1,1,1,8,1995,2,1,-1,2
2013950000602,2,1,0,18,0,8,0,0,0,0,2,1,1,1,8,-1,-1,-1,-1,2
2013950000603,1,9,0,9,0,8,0,0,0,0,1,1,6,2,5,1398,2,9,-1,1
2013950000603,2,9,0,18,0,8,0,0,0,0,3,1,6,1,8,1596,1,8,-1,1
2013950000604,1,1,0,18,0,1,0,0,0,0,1,1,6,1,7,-1,-1,-1,-1,1
2013950000604,2,9,0,7,0,1,0,0,0,0,4,1,6,1,7,2231,2,1,-1,2
2013950000605,1,4,0,16,0,0,0,0,0,0,4,1,6,1,4,649,1,4,-1,1
2013950000606,1,9,0,9,0,8,0,0,0,0,4,1,6,1,7,1388,1,14,-1,1
2013950000606,2,3,0,4,0,1,0,0,0,0,3,1,6,1,4,49,1,16,-1,1
2013950000607,1,9,0,18,0,7,0,0,0,0,1,1,6,2,10,1596,1,2,-1,2
2013950000607,2,9,0,4,0,7,0,0,0,0,2,1,6,2,7,1299,1,12,-1,1
2013950000608,1,3,0,18,0,0,0,11,0,0,4,1,6,1,4,124,1,9,-1,1
2013950000629,1,21,0,12,6,0,0,0,0,0,0,1,6,1,9,12740,2,2,-1,3
2013950000629,2,9,0,18,0,0,0,0,0,0,1,1,6,1,5,1149,1,12,-1,1
2013950000629,3,90,0,3,6,0,0,0,0,0,3,1,1,1,9,11705,2,5,-1,1
2013950000633,1,9,0,5,0,2,0,0,0,0,3,1,6,2,11,1598,1,9,-1,1
2013950000633,2,11,0,18,0,1,0,0,0,0,4,1,1,1,7,9360,2,6,-1,1
2013950000634,1,9,0,4,0,1,1,0,0,0,4,1,2,2,6,1350,1,3,-1,2
2013950000634,2,19,0,18,0,1,0,0,0,0,1,1,6,1,6,1248,2,1,-1,3
2013950000635,1,9,0,18,0,0,1,0,0,0,1,1,6,1,6,2926,2,15,-1,1
2013950000635,2,9,0,18,0,0,0,0,0,0,1,1,6,2,8,1598,1,9,-1,1
2013950000643,1,19,0,18,0,0,0,0,1,10,1,1,1,1,5,2461,2,5,-1,1
2013950000644,1,9,0,3,0,0,0,0,0,0,3,1,2,1,8,-1,-1,-1,-1,1
2013950000644,2,1,0,18,0,0,0,8,0,0,1,1,2,2,7,-1,-1,-1,-1,1
2013950000647,1,9,0,18,0,5,0,0,0,0,4,1,6,1,8,999,1,15,-1,1
2013950000669,1,9,0,18,0,2,0,0,0,0,0,1,6,3,-1,-1,-1,-1,-1,-1
2013950000669,2,9,0,18,0,2,0,0,0,0,0,1,2,2,7,1198,1,4,-1,3
2013950000669,3,4,0,18,0,1,2,0,0,0,0,1,2,1,7,645,1,10,-1,1
2013950000672,1,9,0,18,0,0,5,4,0,0,4,1,6,1,8,1242,1,7,-1,1
2013950000672,2,19,0,2,0,0,0,0,0,0,3,1,6,3,-1,1248,2,1,-1,-1
2013950000673,1,9,0,18,0,0,0,0,0,0,1,1,6,1,8,2143,2,-1,-1,3
2013950000673,2,9,0,3,0,0,0,0,0,0,2,1,6,1,6,2000,1,6,-1,1
2013950000673,3,9,0,3,0,0,0,0,0,0,2,1,6,1,7,1997,2,6,-1,3
2013950000674,1,9,0,14,0,0,0,0,0,0,4,1,6,1,4,1598,1,6,-1,1
2013950000680,1,9,0,18,0,0,0,0,0,0,1,1,6,1,5,1149,1,9,-1,1
2013950000680,2,9,0,4,0,0,0,0,0,0,2,1,6,1,7,1598,1,3,-1,1
2013950000683,1,9,0,4,0,0,1,0,0,0,1,1,2,1,5,1368,1,4,-1,2
2013950000683,2,9,0,4,0,0,0,0,0,0,1,1,2,2,8,1399,2,3,-1,1
2013950000683,3,9,0,4,0,0,0,0,0,0,2,1,2,1,7,1587,1,9,-1,1
2013950000684,1,9,0,9,0,8,0,0,0,0,3,1,6,1,9,1386,1,6,-1,1
2013950000685,1,9,0,6,0,0,0,0,0,0,3,1,6,1,7,1596,1,3,-1,1
2013950000685,2,19,0,16,0,0,0,0,0,0,1,1,2,1,6,1753,2,12,-1,1
2013950000686,1,9,0,17,0,0,1,0,0,0,3,1,6,1,9,1229,1,1,-1,2
2013950000688,1,19,0,1,0,0,0,0,0,0,2,1,1,1,8,1998,2,9,-1,-1
2013950000688,2,19,0,2,0,0,0,0,0,0,2,1,6,3,-1,2402,2,4,-1,-1
2013950000690,1,3,0,18,0,0,2,0,1,0,1,1,2,1,5,124,1,6,-1,3
2013950000705,1,9,0,18,0,0,0,0,0,0,1,1,6,2,6,1753,2,6,-1,3
2013950000706,1,9,0,18,0,1,0,0,0,0,0,1,6,3,-1,-1,-1,-1,-1,-1
2013950000706,2,11,0,18,0,1,0,0,0,0,0,1,6,1,6,4250,2,11,-1,3
2013950000714,1,11,0,4,0,1,0,0,0,0,0,1,1,1,7,8300,2,11,-1,1
2013950000723,1,9,0,18,0,0,0,7,1,0,1,1,6,2,7,1560,2,3,-1,1
2013950000723,2,9,0,18,0,0,0,0,0,0,4,1,2,1,9,1362,1,1,2,1
2013950000732,1,9,0,18,0,1,0,0,0,0,4,1,6,1,10,1199,2,1,-1,1
2013950000752,1,9,0,18,0,0,0,0,1,7,1,1,2,1,5,1364,1,6,-1,1
2013950000755,1,11,0,18,0,0,0,0,0,0,0,1,1,1,8,7300,2,9,-1,1
2013950000756,1,90,0,18,0,0,0,0,0,0,1,1,6,2,10,-1,-1,-1,-1,1
2013950000756,2,1,0,1,0,0,0,0,0,0,1,1,6,1,7,-1,-1,-1,-1,3
2013950000762,1,9,0,6,0,1,0,0,0,0,1,1,6,1,7,2204,2,6,-1,1
2013950000762,2,9,0,18,0,1,0,0,0,0,1,1,6,1,5,1242,1,12,-1,1
2013950000772,1,9,0,17,0,1,0,0,8,10,1,1,2,1,6,1587,1,15,-1,1
2013950000772,2,9,0,18,0,1,0,0,0,0,3,1,6,2,10,1598,1,2,-1,1
2013950000775,1,19,0,1,0,0,0,0,0,0,2,1,6,1,7,-1,-1,-1,-1,1
2013950000775,2,9,0,4,0,0,0,0,0,0,1,1,1,1,-1,-1,-1,-1,-1,1
2013950000776,1,9,0,18,0,0,0,0,0,0,1,1,6,2,5,1248,2,10,-1,1
2013950000776,2,19,0,18,0,0,0,0,0,0,2,1,6,1,5,1461,2,1,-1,1
2013950000776,3,9,0,3,0,0,0,0,0,0,2,1,6,1,6,2497,2,9,-1,1
2013950000777,1,9,0,9,0,8,0,0,0,0,3,1,6,1,6,1956,2,1,-1,1
2013950000788,1,19,0,18,0,0,0,0,0,0,1,1,6,1,7,1998,2,9,-1,1
2013950000788,2,90,0,18,0,0,0,0,0,0,1,1,1,1,7,6692,2,2,-1,1
2013950000789,1,9,0,9,0,1,0,0,0,0,4,1,6,1,11,1390,1,12,-1,2
2013950000789,2,9,0,18,0,8,0,0,0,0,1,1,6,1,11,1769,1,12,-1,1
2013950000798,1,9,0,18,0,1,0,0,0,0,1,1,2,1,7,1794,1,7,-1,1
2013950000798,2,9,0,3,0,1,0,0,0,0,2,1,6,2,8,1339,1,3,-1,1
2013950000801,1,19,0,4,0,1,0,0,0,0,1,1,1,1,6,2198,2,6,-1,1
2013950000801,2,19,0,4,0,1,0,0,0,0,2,1,1,1,5,1910,2,9,-1,1
2013950000803,1,9,0,16,0,0,5,0,1,9,1,1,2,1,9,1396,1,11,-1,3
2013950000804,1,9,0,16,0,0,0,0,0,0,3,1,6,1,4,1229,1,2,-1,1
2013950000804,2,9,0,17,0,0,0,0,0,0,3,1,6,1,7,2996,2,15,-1,3
2013950000807,1,9,0,16,0,0,2,0,1,0,1,1,6,1,5,1686,2,12,-1,3
2013950000808,1,9,0,18,0,0,0,0,1,0,1,1,6,1,9,1968,2,3,-1,1
2013950000808,2,9,0,18,0,0,0,0,0,0,2,1,6,1,7,1560,2,1,-1,1
2013950000808,3,9,0,18,0,0,0,0,0,0,2,1,6,1,6,1124,1,14,-1,1
2013950000808,4,9,0,18,0,0,0,0,0,0,2,1,6,2,8,1689,2,11,-1,2
2013950000808,5,9,0,18,0,0,0,0,0,0,2,1,6,2,6,1242,1,5,-1,1
2013950000809,1,9,0,9,0,8,0,0,0,0,1,1,6,2,7,1197,1,2,-1,1
2013950000809,2,1,0,18,0,1,0,0,0,0,1,1,6,1,5,-1,-1,-1,-1,1
2013950000815,1,9,0,18,0,8,0,0,0,0,4,1,6,1,-1,1783,1,12,-1,-1
2013950000815,2,9,0,18,0,8,0,0,0,0,3,1,6,1,5,1598,2,-1,-1,2
2013950000816,1,9,0,18,0,0,0,0,1,1,4,1,6,1,8,1149,1,5,-1,3
2013950000816,2,9,0,18,0,0,1,0,0,0,0,1,6,3,-1,-1,-1,-1,-1,-1
2013950000817,1,8,0,2,0,1,0,0,0,0,3,1,1,1,10,1997,2,6,-1,1
2013950000817,2,1,0,18,0,2,0,0,0,0,1,1,6,1,7,-1,-1,-1,-1,1
2013950000821,1,9,0,18,0,0,0,0,0,0,1,1,2,1,6,1995,2,5,-1,3
2013950000822,1,9,0,18,0,1,0,0,0,0,1,1,6,1,5,1596,1,11,-1,1
2013950000822,2,1,0,18,0,1,0,0,0,0,2,1,6,1,7,-1,-1,-1,-1,1
2013950000823,1,9,0,18,0,0,1,0,7,2,1,1,2,1,7,1598,1,11,-1,1
2013950000826,1,9,0,4,0,1,0,0,0,0,1,1,6,1,7,-1,-1,-1,-1,1
2013950000826,2,9,0,3,0,1,0,0,0,0,2,1,6,1,8,1900,2,15,-1,1
2013950000830,1,9,0,9,0,8,0,0,0,0,1,1,2,2,8,1560,2,1,-1,2
2013950000830,2,9,0,18,0,8,0,0,0,0,1,1,2,2,7,1198,1,3,-1,1
2013950000834,1,19,0,18,0,1,0,0,0,0,4,1,1,1,9,1753,2,5,-1,-1
2013950000835,1,9,0,18,0,2,0,0,0,0,4,1,6,2,5,1229,1,2,-1,1
2013950000838,1,9,0,18,0,0,0,0,0,0,1,1,6,2,8,973,1,11,-1,3
2013950000838,2,9,0,18,0,0,0,0,0,0,2,1,6,1,8,1461,2,3,-1,1
2013950000839,1,11,0,13,0,0,0,0,0,0,4,1,1,1,8,7300,2,8,-1,1
2013950000839,2,1,0,18,0,0,0,0,0,0,3,1,4,1,6,-1,-1,-1,-1,1
2013950000839,3,9,0,2,0,0,0,0,0,0,3,1,6,3,-1,-1,-1,-1,-1,-1
2013950000840,1,9,0,1,0,8,0,0,0,0,2,1,6,2,-1,2143,2,3,-1,-1
2013950000842,1,9,0,9,0,8,0,0,0,0,1,1,6,2,6,1364,1,6,-1,1
2013950000842,2,1,0,18,0,8,0,0,0,0,1,1,2,1,7,-1,-1,-1,-1,1
2013950000843,1,9,0,18,0,0,0,0,0,6,1,1,2,1,7,1956,2,1,-1,1
2013950000843,2,19,0,18,0,0,0,0,0,0,2,1,2,1,8,1398,2,5,-1,1
2013950000858,1,9,0,18,0,8,0,0,0,0,1,1,2,1,7,1995,1,5,-1,3
2013950000858,2,9,0,3,0,8,0,0,0,0,2,1,2,1,7,1598,1,3,-1,3
2013950000859,1,9,0,6,0,1,0,0,0,0,0,1,6,3,-1,-1,-1,-1,-1,-1
2013950000859,2,11,0,18,0,1,0,0,0,0,0,1,1,1,8,7300,2,6,-1,1
2013950000862,1,9,0,18,0,7,0,0,0,0,4,1,6,1,11,2179,2,-1,-1,3
2013950000862,2,9,0,18,0,8,0,0,0,0,1,1,6,1,9,2993,2,2,10,1
2013950000870,1,9,0,18,0,2,0,0,0,0,0,1,6,3,-1,-1,-1,-1,-1,-1
2013950000870,2,11,0,18,2,1,0,0,0,0,0,1,1,2,7,9360,2,2,-1,1
2013950000881,1,9,0,9,0,8,0,0,0,0,1,1,6,2,9,1598,1,11,-1,1
2013950000881,2,9,0,18,0,1,0,0,0,0,1,1,2,1,8,2688,2,12,-1,1
2013950000887,1,9,0,5,0,3,0,0,0,0,1,1,6,1,11,1783,1,10,-1,3
2013950000887,2,9,0,5,0,3,0,0,0,0,2,1,6,1,7,1753,2,8,-1,1
2013950000888,1,9,0,12,0,0,0,0,0,0,3,1,6,1,4,1149,1,8,-1,2
2013950000888,2,9,0,18,0,0,0,0,0,0,1,1,6,2,9,1490,1,8,-1,3
2013950000890,1,9,0,18,0,0,0,0,1,0,1,1,6,3,-1,1896,2,19,-1,-1
2013950000892,1,9,0,17,0,0,0,0,0,0,1,1,2,2,5,1229,1,6,-1,3
2013950000897,1,9,0,18,0,4,0,0,0,0,4,1,6,2,7,1796,1,10,-1,3
2013950000897,2,1,0,18,0,4,0,0,0,0,4,1,6,1,6,-1,-1,-1,-1,1
2013950000899,1,11,0,18,0,1,0,0,0,0,1,1,6,1,7,9360,2,5,-1,1
2013950000900,1,9,0,18,0,1,0,0,0,0,1,1,2,1,6,1299,1,9,-1,1
2013950000906,1,9,0,18,0,2,0,0,0,0,1,1,6,2,6,1796,1,10,-1,1
2013950000906,2,9,0,4,0,2,0,0,0,0,2,1,2,2,6,2987,2,6,-1,1
2013950000906,3,9,0,4,0,2,0,0,0,0,2,1,6,2,4,1390,1,6,-1,1
2013950000907,1,1,0,18,0,0,0,0,0,0,2,1,6,2,5,-1,-1,-1,-1,1
2013950000907,2,9,0,18,0,0,0,0,0,0,1,1,6,1,6,1149,1,8,-1,1
2013950000908,1,20,0,18,0,0,0,0,0,0,4,1,1,1,8,-1,-1,-1,-1,1
2013950000910,1,9,0,18,0,0,0,0,0,0,1,1,6,1,9,1995,2,8,-1,3
2013950000919,1,19,0,1,0,0,0,0,0,0,2,1,1,3,-1,2461,2,4,-1,-1
2013950000919,2,9,0,18,0,0,0,0,0,0,4,1,6,1,9,1364,1,4,-1,1
2013950000925,1,19,0,7,0,8,0,0,0,0,1,1,1,1,6,2143,2,2,-1,1