Accident_Index,Vehicle_Reference,Vehicle_Type,Towing_and_Articulation,Vehicle_Manoeuvre,Vehicle_Location-Restricted_Lane,Junction_Location,Skidding_and_Overturning,Hit_Object_in_Carriageway,Vehicle_Leaving_Carriageway,Hit_Object_off_Carriageway,1st_Point_of_Impact,Was_Vehicle_Left_Hand_Drive?,Journey_Purpose_of_Driver,Sex_of_Driver,Age_Band_of_Driver,Engine_Capacity_(CC),Propulsion_Code,Age_of_Vehicle,Driver_IMD_Decile,Driver_Home_Area_Type
2013950000929,1,9,0,17,0,0,1,0,1,11,3,1,6,1,4,1199,1,10,-1,2
2013950000932,1,9,0,6,8,0,0,0,0,0,1,1,6,1,8,2720,2,5,-1,2
2013950000932,2,9,0,18,0,0,0,0,0,0,1,1,6,1,5,1968,2,1,-1,1
2013950000936,1,9,0,18,0,0,0,0,0,0,1,1,2,1,7,1997,2,1,-1,1
2013950000936,2,19,0,8,0,0,0,0,0,0,2,1,2,1,8,1598,2,2,-1,1
2013950000939,1,11,0,4,0,0,0,0,0,0,0,1,1,1,9,7300,2,8,-1,1
2013950000948,1,19,0,18,0,3,0,0,0,0,4,1,1,1,6,1560,2,1,-1,-1
2013950000948,2,19,0,18,0,8,0,0,0,0,3,1,1,1,5,2198,2,4,-1,1
2013950000950,1,9,0,18,0,0,0,0,0,0,1,1,6,1,7,1388,1,10,-1,3
2013950000950,2,9,0,18,0,0,0,0,0,0,1,1,2,1,8,1596,1,2,-1,3
2013950000952,1,9,0,18,0,1,0,0,0,0,1,1,6,1,7,1461,2,5,-1,1
2013950000953,1,9,0,18,0,0,0,0,7,10,3,1,6,1,5,1781,1,11,-1,3
2013950000956,1,9,0,7,0,8,0,0,0,0,1,1,6,2,6,2204,2,7,-1,1
2013950000956,2,1,0,18,0,8,0,0,0,0,4,1,6,1,6,-1,-1,-1,-1,-1
2013950000957,1,9,0,18,0,8,0,0,0,0,1,1,2,1,8,1229,1,1,-1,1
2013950000957,2,9,0,9,0,8,0,0,0,0,2,1,2,2,8,1328,1,8,-1,1
2013950000960,1,9,0,18,0,1,0,0,0,0,1,1,1,1,4,973,1,12,-1,1
2013950000960,2,9,0,10,0,1,0,0,0,0,2,1,6,1,5,1598,1,7,-1,1
2013950000961,1,9,0,18,0,0,0,0,0,0,1,1,6,3,-1,-1,-1,-1,-1,-1
2013950000968,1,9,0,18,0,0,0,10,1,4,1,1,6,1,9,2435,1,14,-1,1
2013950000969,1,9,0,16,0,0,0,0,0,0,1,1,6,3,-1,-1,-1,-1,-1,-1
2013950000975,1,2,0,18,0,2,0,0,0,0,0,1,6,1,4,49,1,-1,-1,3
2013950000975,2,2,0,18,0,2,0,0,0,0,4,1,6,1,4,49,1,5,-1,2
2013950000977,1,9,0,16,0,0,0,0,7,4,1,1,6,1,5,1595,1,13,-1,2
2013950000982,1,9,0,9,0,8,0,0,0,0,4,1,6,1,11,1951,2,9,-1,1
2013950000982,2,1,0,18,0,1,0,0,0,0,1,1,6,1,7,-1,-1,-1,-1,1
2013950000991,1,9,0,4,0,1,0,0,0,0,1,1,2,1,8,1596,1,6,-1,1
2013950000991,2,9,0,10,0,1,0,0,0,0,2,1,6,2,7,2987,2,5,-1,3
2013950000992,1,90,0,9,0,8,0,0,0,0,0,1,6,3,-1,-1,-1,-1,-1,-1
2013950000992,2,8,0,18,0,8,0,0,0,0,0,1,1,1,8,2148,2,3,-1,1
2013950000995,1,9,0,5,0,1,0,0,0,0,1,1,6,2,9,1997,2,2,-1,1
2013950000995,2,9,0,3,0,1,0,0,0,0,2,1,6,1,8,1991,2,8,-1,2
2013950001001,1,9,0,5,0,1,0,0,0,0,1,1,6,2,7,1781,1,15,-1,1
2013950001002,1,9,0,1,0,1,0,0,0,0,3,1,6,1,11,1596,1,5,-1,3
2013950001003,1,9,0,9,0,8,0,0,0,0,1,1,6,1,7,2987,2,8,-1,1
2013950001003,2,9,0,18,0,8,0,0,0,0,1,1,6,1,7,1796,1,6,-1,2
2013950001013,1,9,0,18,0,0,1,0,2,7,4,1,2,2,6,1248,2,6,-1,1
2013950001013,2,9,0,18,0,0,1,0,0,0,1,1,2,1,5,1968,2,5,-1,1
2013950001030,1,9,0,18,0,0,0,0,0,0,4,1,6,1,7,1560,2,4,-1,1
2013950001031,1,9,0,18,0,0,0,0,0,0,0,1,1,1,9,1560,2,2,-1,1
2013950001032,1,9,0,18,0,1,0,0,0,0,1,1,6,1,5,1997,1,12,-1,1
2013950001032,2,19,0,18,0,8,0,0,0,10,1,1,6,1,8,2151,2,14,-1,1
2013950001036,1,9,0,5,0,1,0,0,0,0,0,1,1,1,7,1995,2,5,-1,1
2013950001041,1,9,0,16,0,1,1,0,1,5,1,1,2,2,7,1598,1,4,-1,1
2013950001045,1,9,0,18,0,0,0,0,7,0,1,1,6,1,5,1368,1,1,-1,1
2013950001046,1,4,0,18,0,0,0,0,0,0,1,1,6,1,7,600,1,18,-1,2
2013950001046,2,9,0,3,0,0,0,0,0,0,2,1,6,1,5,1970,1,7,-1,1
2013950001055,1,9,0,7,0,8,0,0,0,0,1,1,6,2,9,1400,1,13,-1,1
2013950001055,2,1,0,9,0,8,0,0,0,0,1,1,6,1,7,-1,-1,-1,-1,1
2013950001057,1,19,0,18,0,0,0,0,0,0,1,1,1,1,5,2477,2,2,-1,1
2013950001064,1,9,0,9,0,1,0,0,0,0,3,1,6,2,7,1781,1,10,-1,1
2013950001064,2,2,0,18,0,1,0,0,0,0,3,1,1,1,6,108,1,1,-1,1
2013950001065,1,21,0,18,0,0,0,0,1,0,0,1,1,1,10,12900,2,5,4,1
2013950001070,1,9,0,16,0,0,0,0,0,0,4,1,6,1,4,1390,1,11,-1,1
2013950001070,2,9,0,17,0,0,0,0,0,0,3,1,6,1,10,1398,1,2,-1,3
2013950001070,3,9,0,2,0,0,0,0,0,0,3,1,6,3,-1,1150,1,5,-1,-1
2013950001075,1,9,0,5,0,1,0,0,0,0,1,1,6,2,9,1968,2,7,-1,1
2013950001075,2,9,0,18,0,1,0,0,0,0,2,1,6,1,8,1796,1,8,-1,1
2013950001076,1,11,0,18,0,0,0,0,0,0,0,1,1,2,7,4500,2,2,-1,1
2013950001077,1,11,0,4,2,1,0,0,0,5,4,1,1,1,8,7300,2,1,-1,1
2013950001086,1,9,0,18,0,0,0,0,0,0,1,1,1,1,7,1995,2,3,-1,1
2013950001086,2,9,0,3,0,0,0,0,0,0,2,1,6,2,8,1242,1,3,-1,1
2013950001086,3,9,0,3,0,0,0,0,0,0,2,1,2,1,6,1968,2,4,-1,2
2013950001087,1,9,0,18,0,2,0,0,1,5,1,1,6,2,5,-1,-1,-1,-1,1
2013950001090,1,9,0,18,0,1,0,0,0,0,1,1,6,1,7,-1,-1,-1,-1,1
2013950001090,2,9,0,4,0,1,0,0,0,0,2,1,1,1,8,2982,2,2,-1,3
2013950001091,1,9,0,9,0,6,0,0,0,0,1,1,6,2,10,1988,1,8,-1,1
2013950001091,2,1,0,18,0,2,0,0,0,0,1,1,6,1,6,-1,-1,-1,-1,1
2013950001092,1,9,0,9,0,2,0,0,0,0,3,1,6,1,9,1997,2,3,-1,1
2013950001096,1,9,0,18,0,0,0,0,1,0,1,1,6,2,6,1368,1,4,-1,1
2013950001096,2,19,0,4,0,0,0,0,0,0,2,1,1,1,9,2402,2,6,-1,3
2013950001096,3,9,0,2,0,0,0,0,0,0,0,1,2,2,7,1360,1,3,-1,1
2013950001099,1,9,0,5,0,1,0,0,0,0,1,1,6,2,9,1598,1,9,-1,1
2013950001099,2,4,0,3,0,1,0,0,0,0,2,1,6,1,9,499,1,16,-1,-1
2013950001100,1,9,0,18,0,1,0,0,1,0,1,1,6,2,6,1229,1,2,-1,1
2013950001100,2,9,0,16,0,2,0,0,0,0,3,1,6,1,8,1747,1,10,-1,1
2013950001100,3,9,0,16,0,2,0,0,0,0,3,1,6,2,5,998,1,8,-1,1
2013950001102,1,19,0,18,0,0,0,0,1,4,1,1,1,1,8,2488,2,4,9,1
2013950001102,2,9,0,18,0,0,0,0,0,0,2,1,6,1,7,1968,2,-1,-1,1
2013950001102,3,90,0,18,0,0,0,0,0,0,2,1,2,1,8,-1,-1,-1,-1,-1
2013950001103,1,19,0,18,0,0,0,0,0,0,1,1,1,1,9,1461,2,9,-1,1
2013950001106,1,9,0,18,0,4,0,0,0,0,1,1,6,1,5,1999,1,4,-1,1
2013950001106,2,2,0,18,0,3,0,0,0,0,4,1,6,1,4,49,1,9,-1,1
2013950001110,1,3,0,3,0,0,1,0,0,0,3,1,2,2,7,125,1,9,-1,1
2013950001114,1,9,0,18,0,0,0,0,0,0,1,1,6,2,4,1242,1,2,-1,2
2013950001114,2,9,0,3,0,0,0,0,0,0,2,1,6,2,4,1108,1,9,-1,1
2013950001116,1,9,0,11,0,1,0,0,0,0,0,1,6,1,6,1150,1,6,-1,1
2013950001116,2,9,0,18,0,1,0,0,1,7,4,1,6,1,7,1596,1,8,-1,1
2013950001122,1,9,0,16,0,0,0,0,7,4,1,1,6,2,11,999,1,12,-1,3
2013950001123,1,19,0,5,0,0,0,0,0,0,4,1,1,1,8,2148,2,3,-1,3
2013950001127,1,9,0,18,0,0,0,0,0,0,1,1,6,2,6,1560,2,-1,-1,1
2013950001128,1,9,0,18,0,0,0,0,0,0,4,1,6,3,-1,-1,-1,-1,-1,-1
2013950001129,1,9,0,18,0,0,2,10,1,11,1,1,6,2,5,1242,1,9,-1,3
2013950001130,1,9,0,18,0,1,0,0,0,0,1,1,2,1,8,1497,1,8,-1,1
2013950001130,2,9,0,4,0,1,0,0,0,0,2,1,6,1,10,998,1,1,-1,1
2013950001140,1,8,0,3,0,1,0,0,0,0,3,1,6,1,8,2499,2,3,-1,1
2013950001140,2,1,0,18,0,1,0,8,0,0,1,1,6,1,4,-1,-1,-1,-1,-1
2013950001141,1,9,0,13,0,0,0,0,0,0,2,1,6,1,5,1895,1,12,-1,3
2013950001141,2,20,0,18,0,0,0,10,0,0,2,1,1,1,9,2998,2,7,-1,1
2013950001144,1,9,0,13,0,2,0,0,0,0,1,1,2,2,4,998,1,3,-1,1
2013950001146,1,9,0,16,0,0,2,0,1,9,1,1,2,1,6,1399,1,4,-1,1
2013950001147,1,9,0,4,0,0,0,0,0,0,1,1,6,1,5,1229,1,2,-1,3
2013950001147,2,9,0,4,0,0,0,0,0,0,2,1,6,2,6,1796,1,11,-1,1
2013950001149,1,11,0,18,0,5,0,0,0,0,0,1,6,1,8,7300,2,9,-1,1
2013950001150,1,9,0,16,0,1,0,0,0,0,1,1,6,1,6,1998,1,11,-1,1
2013950001150,2,19,0,17,0,1,0,0,0,0,1,1,6,1,9,1868,2,9,-1,3
2013950001151,1,19,0,4,0,0,0,0,0,0,1,1,6,1,9,1686,2,7,-1,1
2013950001155,1,9,0,18,0,7,0,0,1,0,1,1,6,2,5,1363,2,8,-1,1
2013950001155,2,9,0,18,0,1,0,0,1,1,1,1,6,1,8,1896,2,8,-1,1
2013950001156,1,9,0,18,0,1,0,0,0,0,1,1,6,1,5,998,1,1,-1,1
2013950001156,2,9,0,3,0,1,0,0,0,0,2,1,6,2,4,1242,1,2,-1,1
2013950001156,3,9,0,10,0,1,0,0,0,0,2,1,6,1,5,2172,2,12,-1,1
2013950001157,1,9,0,16,0,0,5,10,0,0,1,1,6,1,5,1229,1,3,-1,1
2013950001157,2,9,0,16,0,0,0,10,0,0,1,1,6,1,5,1398,1,1,-1,3
2013950001164,1,9,0,16,0,0,0,0,7,4,1,1,6,1,6,1997,2,12,-1,2
2013950001170,1,9,0,18,0,0,0,0,0,0,1,1,2,1,4,1598,2,2,-1,2
2013950001170,2,9,0,4,0,0,0,0,0,0,2,1,6,1,7,1796,1,2,-1,1
2013950001171,1,9,0,4,0,0,0,0,0,0,4,1,1,3,-1,2268,2,2,-1,-1
2013950001172,1,4,0,18,0,0,0,0,0,0,1,1,6,1,5,999,1,8,-1,3
2013950001172,2,9,0,18,0,0,0,0,0,0,2,1,6,1,7,2400,2,2,-1,3
2013950001174,1,9,0,9,0,1,0,0,0,0,1,1,6,1,8,2487,2,14,-1,1
2013950001174,2,9,0,7,0,1,0,0,0,0,1,1,6,2,8,1328,1,9,-1,1
2013950001175,1,9,0,18,0,0,0,0,7,4,1,1,1,2,8,1896,2,10,-1,1
2013950001176,1,9,0,15,2,0,0,0,0,0,1,1,2,1,8,998,1,12,-1,1
2013950001176,2,1,0,18,0,0,0,0,0,0,4,1,6,1,8,-1,-1,-1,-1,1
2013950001177,1,11,0,3,2,0,0,0,0,0,0,1,1,1,7,7300,2,8,-1,2
2013950001178,1,9,0,18,0,0,0,0,7,11,1,1,6,1,5,1587,1,9,-1,3
2013950001179,1,9,0,9,0,8,0,0,0,0,4,1,2,1,6,1800,1,17,-1,1
2013950001179,2,9,0,18,0,8,0,0,0,0,1,1,6,2,8,1584,1,6,-1,1
2013950001180,1,9,0,16,0,0,5,0,2,10,1,1,6,2,5,1229,1,8,-1,3
2013950001184,1,9,0,16,0,0,0,0,0,0,1,1,2,1,5,1242,1,14,1,1
2013950001184,2,11,0,18,0,0,0,0,1,0,1,1,1,2,8,6696,2,-1,-1,2
2013950001185,1,9,0,5,0,1,0,0,0,0,1,1,6,1,-1,-1,-1,-1,-1,-1
2013950001185,2,9,0,8,0,1,0,0,0,0,3,1,6,2,6,1968,2,4,-1,1
2013950001214,1,9,0,18,0,0,0,0,0,0,1,1,6,2,5,998,1,2,-1,1
2013950001216,1,9,0,16,0,0,0,0,7,0,1,1,6,2,7,1596,1,10,-1,3
2013950001219,1,19,0,9,0,8,0,0,0,0,4,1,1,1,8,1461,2,6,-1,1
2013950001219,2,1,0,18,0,8,0,0,0,0,1,1,6,2,5,-1,-1,-1,-1,1
2013950001225,1,11,0,18,0,3,0,0,0,0,1,1,1,1,8,9360,2,2,-1,1
2013950001232,1,9,0,17,0,0,1,0,1,11,3,1,6,1,7,1781,1,11,-1,3
2013950001233,1,11,0,18,0,0,0,0,0,0,0,1,6,3,-1,-1,-1,-1,-1,-1
2013950001239,1,9,0,16,0,0,2,0,1,10,1,1,2,1,7,1968,2,6,-1,1
2013950001249,1,9,0,18,0,4,0,0,0,0,0,1,6,1,9,-1,-1,-1,-1,3
2013950001249,2,11,0,18,0,4,0,0,0,0,0,1,1,1,8,7300,2,6,-1,3
2013950001251,1,11,0,18,2,0,0,0,0,0,4,1,1,1,6,7300,2,9,-1,1
2013950001252,1,9,0,18,0,1,0,0,7,11,1,1,6,1,8,1997,2,12,-1,2
2013950001253,1,9,0,18,0,1,0,0,0,0,1,1,6,3,-1,-1,-1,-1,-1,-1
2013950001253,2,9,0,8,0,1,0,0,0,0,2,1,6,1,11,1242,1,1,-1,3
2013950001254,1,9,0,9,0,8,0,0,0,0,1,1,6,2,4,1598,1,3,-1,1
2013950001254,2,11,0,18,0,8,0,0,0,0,1,1,1,1,9,7300,2,8,-1,1
2013950001255,1,9,0,18,0,1,2,0,1,11,3,1,6,2,7,998,1,13,-1,2
2013950001261,1,90,0,6,0,1,0,0,0,0,0,1,6,3,-1,-1,-1,-1,-1,-1
2013950001261,2,1,0,18,0,2,0,0,0,0,0,1,6,1,7,-1,-1,-1,-1,1
2013950001262,1,9,0,9,0,8,0,0,0,0,1,1,6,1,11,1360,1,15,-1,1
2013950001262,2,1,0,18,0,8,0,0,0,0,3,1,6,1,6,-1,-1,-1,-1,1
2013950001265,1,9,0,1,0,1,0,0,0,0,2,1,6,2,8,1339,1,8,-1,1
2013950001266,1,8,0,4,0,0,0,0,0,0,0,1,1,1,7,2499,2,2,-1,1
2013950001267,1,19,0,18,0,1,0,0,0,0,1,1,2,1,5,1868,2,7,-1,1
2013950001267,2,9,0,4,0,1,0,0,0,0,2,1,2,1,6,1910,2,8,-1,1
2013950001284,1,19,0,18,0,2,0,0,0,0,1,1,6,1,8,2148,2,5,-1,2
2013950001285,1,9,0,9,0,8,0,0,0,0,4,1,6,2,11,1124,1,19,-1,1
2013950001285,2,9,0,18,0,8,0,0,0,0,1,1,6,1,4,1229,1,8,-1,1
2013950001298,1,9,0,15,0,0,0,0,0,0,0,1,6,1,-1,-1,-1,-1,-1,-1
2013950001298,2,1,0,18,0,0,0,10,0,0,0,1,6,1,7,-1,-1,-1,-1,1
2013950001299,1,9,0,9,0,8,0,0,0,0,4,1,6,2,9,1390,1,1,-1,2
2013950001299,2,1,0,18,0,8,0,0,0,0,1,1,6,2,6,-1,-1,-1,-1,1
2013950001305,1,9,0,18,0,3,0,0,0,0,1,1,6,1,7,1398,2,11,-1,1
2013950001307,1,8,0,18,0,0,0,0,0,0,1,1,6,1,9,1997,2,3,-1,1
2013950001307,2,9,0,7,0,0,0,0,0,0,4,1,6,1,7,1598,1,12,-1,1
2013950001308,1,9,0,18,0,0,0,0,0,0,1,1,6,1,7,1587,1,12,-1,1
2013950001309,1,9,0,18,0,0,0,0,0,0,1,1,1,1,5,1242,1,10,-1,1
2013950001309,2,9,0,4,0,0,0,0,0,0,2,1,6,2,5,998,1,1,-1,1
2013950001321,1,9,0,18,0,5,1,0,0,7,1,1,6,2,8,1560,2,2,-1,2
2013950001327,1,3,0,18,0,0,0,0,0,0,3,1,6,1,8,124,1,8,-1,3
2013950001344,1,9,0,18,0,1,0,0,0,0,1,1,6,1,4,1198,1,10,-1,3
2013950001344,2,9,0,4,0,1,0,0,0,0,2,1,6,2,6,1299,1,9,-1,1
2013950001345,1,9,0,18,0,1,0,0,0,0,0,1,6,2,7,1461,2,1,-1,1
2013950001345,2,19,0,18,0,1,1,0,0,0,2,1,1,1,8,2198,2,1,-1,1
2013950001345,3,9,0,18,0,1,0,0,0,0,1,1,2,2,7,1198,1,2,-1,3
2013950001345,4,9,0,18,0,1,0,0,0,0,1,1,6,2,5,1242,1,5,-1,1
2013950001346,1,9,0,7,0,1,1,0,0,0,3,1,6,2,6,1798,1,7,-1,1
2013950001346,2,9,0,18,0,1,0,0,0,0,1,1,6,2,8,1600,1,13,-1,1
2013950001347,1,9,0,6,0,0,0,0,0,0,1,1,6,1,10,1798,1,5,-1,2
2013950001347,2,9,0,3,0,0,0,0,0,0,2,1,6,2,7,1248,2,8,-1,1
2013950001348,1,9,0,18,0,1,0,0,0,0,3,1,6,1,8,1560,2,2,-1,1
2013950001349,1,8,0,9,0,2,0,0,0,0,3,1,1,1,10,2148,2,3,-1,1
2013950001349,2,1,0,18,0,8,0,0,0,0,1,1,2,1,6,-1,-1,-1,-1,1
2013950001363,1,9,0,16,0,0,1,0,0,0,1,1,2,1,6,1968,2,6,-1,3
2013950001363,2,11,0,3,0,0,0,0,0,0,1,1,1,1,9,4250,2,12,-1,-1
2013950001364,1,19,0,16,0,0,1,0,0,0,3,1,1,1,9,1868,2,6,-1,1
2013950001364,2,19,0,17,0,0,0,0,1,3,4,1,6,1,7,2477,2,7,-1,2
2013950001365,1,19,0,18,0,0,0,0,0,0,1,1,1,1,9,6870,2,12,-1,1
2013950001365,2,19,0,3,0,0,0,0,0,0,2,1,1,1,7,1968,2,1,-1,1
2013950001365,3,9,0,3,0,0,0,0,0,0,2,1,1,1,7,1560,2,2,-1,1
2013950001365,4,19,0,3,0,0,0,0,0,0,2,1,1,1,8,1560,2,1,-1,2
2013950001365,5,9,0,3,0,0,0,0,0,0,2,1,2,1,8,1796,1,6,-1,1
2013950001383,1,9,0,14,0,0,0,4,0,0,1,1,2,1,8,3000,2,16,-1,2
2013950001383,2,9,0,2,0,0,0,0,0,0,1,1,6,3,-1,1582,2,4,-1,-1
2013950001383,3,9,0,3,0,0,0,0,0,0,0,1,6,2,7,1493,2,5,-1,1
2013950001385,1,9,0,18,0,0,0,0,0,0,1,1,6,1,6,1951,2,12,-1,3
2013950001385,2,9,0,18,0,0,0,0,1,0,1,1,6,2,8,998,1,1,-1,3
2013950001411,1,19,0,13,0,1,0,0,0,0,3,1,1,1,7,2402,2,6,-1,1
2013950001413,1,9,0,12,0,1,0,0,0,0,1,1,6,2,5,1198,1,1,8,3
2013950001413,2,9,0,13,0,1,0,0,0,0,1,1,2,1,7,1896,2,13,-1,1
2013950001430,1,9,0,17,0,0,0,0,1,10,4,1,6,2,9,1328,1,9,-1,3
2013950001431,1,19,0,18,0,1,0,0,0,0,1,1,6,1,8,2148,2,5,-1,1
2013950001432,1,9,0,4,0,1,0,0,0,0,1,1,6,3,-1,-1,-1,-1,-1,-1
2013950001432,2,9,0,4,0,1,0,0,0,0,2,1,6,2,7,1386,1,5,-1,1
2013950001435,1,9,0,9,0,8,0,0,0,0,1,1,2,1,7,1299,1,6,-1,2
2013950001435,2,19,0,18,0,8,0,0,0,0,1,1,1,1,9,1598,2,2,-1,1
2013950001436,1,9,0,18,0,0,0,0,0,0,1,1,6,1,7,2521,1,6,-1,1
2013950001436,2,9,0,4,0,0,0,0,0,0,1,1,6,1,10,1587,1,7,-1,2
2013950001436,3,9,0,4,0,0,0,0,0,0,1,1,6,2,9,996,1,3,-1,2
2013950001436,4,19,0,4,0,0,0,0,0,0,2,1,2,1,7,2488,2,2,-1,1
2013950001438,1,9,0,9,0,8,0,0,0,0,3,1,6,3,-1,-1,-1,-1,-1,-1
2013950001441,1,3,0,18,0,1,0,0,0,0,4,1,6,1,5,125,1,13,-1,1
2013950001441,2,9,0,18,0,1,0,0,0,0,0,1,6,2,11,1229,1,2,-1,1
2013950001445,1,9,0,18,0,0,0,0,0,0,1,1,6,2,7,1360,1,12,-1,2
2013950001445,2,9,0,18,0,0,0,0,0,0,1,1,6,1,4,1248,2,8,-1,1
2013950001447,1,9,0,18,0,1,0,0,0,0,1,1,6,2,7,1896,2,11,-1,1
2013950001458,1,9,0,9,0,2,0,0,0,0,3,1,6,2,4,1108,1,18,-1,1
2013950001458,2,9,0,18,0,2,0,0,0,0,1,1,6,1,7,2993,2,10,-1,1
2013950001459,1,9,0,18,0,8,0,0,0,0,4,1,2,1,6,1587,1,6,-1,1
2013950001459,2,9,0,18,0,8,0,0,0,0,1,1,2,1,5,1850,1,11,-1,3
2013950001459,3,9,0,2,0,1,0,0,0,0,3,1,6,3,-1,1461,2,8,-1,-1
2013950001467,1,9,0,18,0,0,0,0,0,0,4,1,2,2,6,1995,2,12,-1,1
2013950001468,1,11,0,3,0,0,0,0,0,0,0,1,1,1,6,5883,2,10,-1,1
2013950001474,1,9,0,16,0,0,0,0,7,4,1,1,6,1,7,1840,1,12,-1,3
2013950001475,1,9,0,16,0,0,1,0,7,4,4,1,6,1,5,1396,1,9,-1,1
2013950001476,1,9,0,18,0,0,1,0,0,0,1,1,6,2,4,1149,1,13,-1,3
2013950001477,1,4,0,17,0,0,1,0,2,0,3,1,6,1,7,865,1,1,-1,3
2013950001478,1,9,0,18,0,0,0,0,0,0,3,1,2,1,7,1796,1,13,-1,1
2013950001492,1,9,0,18,0,0,5,0,1,0,4,1,6,1,6,1229,1,2,-1,1
2013950001493,1,9,0,16,0,0,2,0,7,11,3,1,6,2,8,1240,1,10,-1,3
2013950001494,1,19,0,18,0,0,0,0,0,0,1,1,1,1,8,2198,2,1,-1,3
2013950001494,2,9,0,4,0,0,0,0,0,0,2,1,6,1,10,1596,1,9,-1,1
2013950001494,3,19,0,4,0,0,0,0,0,0,2,1,1,1,5,1248,2,2,-1,1
2013950001495,1,11,0,5,2,0,0,0,0,0,0,1,1,1,7,9360,2,2,-1,2
2013950001496,1,9,0,7,0,4,0,0,0,0,1,1,6,1,8,1753,2,7,-1,1
2013950001496,2,1,0,18,0,8,0,0,0,0,2,1,6,1,8,-1,-1,-1,-1,1
2013950001497,1,9,0,18,0,0,2,0,7,0,1,1,6,2,6,1248,1,1,-1,1
2013950001500,1,9,0,4,0,0,0,0,0,0,1,1,2,1,7,1360,1,6,-1,1
2013950001500,2,9,0,4,0,0,0,0,0,0,2,1,2,2,7,998,1,4,-1,1
2013950001506,1,9,0,9,0,8,0,0,0,0,4,1,1,2,5,1560,2,2,-1,1
2013950001506,2,19,0,18,0,8,0,0,0,0,1,1,1,1,9,-1,-1,-1,-1,1
2013950001507,1,9,0,5,0,1,0,0,0,0,0,1,1,1,-1,1896,2,7,-1,-1
2013950001510,1,9,0,18,0,0,0,0,0,0,1,1,6,1,8,1595,1,3,-1,1
2013950001510,2,10,0,18,0,0,0,0,0,0,3,1,2,1,7,-1,-1,-1,9,3
2013950001511,1,9,0,18,0,0,2,0,1,4,1,1,6,2,6,1360,1,10,-1,1
2013950001512,1,9,0,18,0,0,5,0,1,9,1,1,6,1,5,-1,-1,-1,-1,2
2013950001523,1,9,0,3,0,1,0,0,0,0,3,1,6,2,10,1984,1,4,-1,1
2013950001523,2,90,0,4,0,1,0,8,0,0,4,1,1,1,6,5880,2,7,-1,1
2013950001527,1,9,0,18,0,1,1,0,0,0,1,1,6,2,5,998,1,2,-1,3
2013950001527,2,9,0,4,0,1,0,0,0,0,2,1,6,1,4,1124,1,8,-1,1
2013950001530,1,20,0,18,0,0,0,0,0,0,1,1,6,1,9,5193,2,3,-1,2
2013950001530,2,9,0,18,0,0,0,0,0,0,2,1,2,1,7,1461,2,7,-1,3
2013950001533,1,3,0,18,0,0,1,0,0,0,1,1,6,1,4,125,1,11,-1,1
2013950001533,2,9,0,4,0,0,0,0,0,0,2,1,6,1,7,2231,2,7,-1,1
2013950001534,1,11,0,4,0,0,0,0,0,0,0,1,1,1,6,7300,2,6,-1,1
2013950001555,1,9,0,18,0,0,1,0,7,4,1,1,6,1,8,1582,2,3,6,1
2013950001555,2,9,0,3,0,0,0,0,0,0,0,1,6,1,8,1998,2,1,-1,3
2013950001555,3,9,0,4,0,0,0,0,0,0,2,1,6,2,8,1999,1,8,-1,2
2013950001555,4,19,0,4,0,0,0,0,0,0,1,1,6,1,6,2148,2,5,10,1
2013950001555,5,9,0,4,0,0,0,0,0,0,2,1,6,1,8,1360,1,3,-1,2
2013950001555,6,9,0,4,0,0,0,0,0,0,1,1,6,1,7,1956,2,2,9,1
2013950001555,7,9,0,4,0,0,0,0,0,0,1,1,6,1,7,1598,1,8,-1,3
2013950001555,8,9,0,4,0,0,0,0,0,0,1,1,6,1,8,1753,2,3,-1,3
2013950001557,1,9,0,7,0,8,0,0,0,0,4,1,6,1,8,1149,1,-1,-1,1
2013950001557,2,1,0,18,0,8,0,0,0,0,3,1,6,1,5,-1,-1,-1,-1,1
2013950001563,1,9,0,18,0,1,0,0,0,0,1,1,6,3,-1,-1,-1,-1,-1,-1
2013950001563,2,9,0,4,0,1,0,0,0,0,1,1,1,2,7,1396,2,2,-1,1
2013950001565,1,9,0,5,6,0,0,0,0,0,1,1,6,1,6,1560,2,1,-1,-1
2013950001568,1,9,0,18,0,8,0,0,0,0,1,1,6,1,7,1399,2,9,-1,1
2013950001572,1,9,0,18,0,0,1,4,0,0,1,1,2,2,8,1229,1,1,-1,1
2013950001572,2,9,0,2,0,0,0,4,0,0,3,1,6,3,-1,1242,1,4,-1,-1
2013950001572,3,9,0,2,0,0,0,0,7,11,4,1,6,3,-1,1248,2,3,-1,-1
2013950001576,1,9,0,18,0,1,0,0,0,0,1,1,6,2,5,1560,2,1,6,3
2013950001576,2,8,0,16,0,1,0,0,1,0,3,1,6,1,9,2446,2,10,-1,2
2013950001577,1,9,0,18,0,0,0,0,0,0,1,1,6,2,5,1896,2,5,-1,1
2013950001579,1,8,0,18,0,0,0,0,0,0,1,1,1,1,8,2499,2,3,-1,3
2013950001584,1,11,0,3,0,0,0,0,0,0,0,1,1,1,7,9360,2,2,-1,1