Accident_Index,Vehicle_Reference,Vehicle_Type,Towing_and_Articulation,Vehicle_Manoeuvre,Vehicle_Location-Restricted_Lane,Junction_Location,Skidding_and_Overturning,Hit_Object_in_Carriageway,Vehicle_Leaving_Carriageway,Hit_Object_off_Carriageway,1st_Point_of_Impact,Was_Vehicle_Left_Hand_Drive?,Journey_Purpose_of_Driver,Sex_of_Driver,Age_Band_of_Driver,Engine_Capacity_(CC),Propulsion_Code,Age_of_Vehicle,Driver_IMD_Decile,Driver_Home_Area_Type
2013950001585,1,19,0,18,0,8,1,0,0,0,1,1,6,1,8,2477,2,3,-1,3
2013950001586,1,9,0,18,0,2,0,0,0,0,1,1,2,1,9,1910,2,9,-1,1
2013950001592,1,9,0,17,0,0,0,0,0,0,1,1,2,2,5,1200,1,13,-1,1
2013950001593,1,21,1,18,0,0,5,0,1,10,1,1,1,1,8,12777,2,2,-1,3
2013950001594,1,9,0,18,0,4,0,0,0,0,1,1,6,1,5,1336,1,15,-1,3
2013950001594,2,9,0,4,0,4,0,0,0,0,2,1,6,1,7,1596,1,2,-1,2
2013950001595,1,9,0,18,0,0,0,0,0,0,1,1,1,1,8,1896,2,4,-1,1
2013950001602,1,9,0,7,0,8,0,0,0,0,1,1,1,1,9,1398,1,12,-1,1
2013950001602,2,1,0,18,4,8,0,0,0,0,2,1,6,1,7,-1,-1,-1,-1,1
2013950001610,1,21,0,18,0,1,0,0,0,0,1,1,6,1,8,9200,2,8,-1,1
2013950001610,2,9,0,3,0,1,0,0,0,0,2,1,6,2,8,1994,1,12,-1,3
2013950001618,1,9,0,18,0,0,0,0,0,0,4,1,6,2,9,1391,1,15,-1,1
2013950001634,1,9,0,18,0,8,0,0,1,0,4,1,6,1,7,1995,2,10,-1,2
2013950001634,2,9,0,18,0,8,0,0,0,0,1,1,6,1,6,1984,1,5,-1,3
2013950001637,1,9,0,18,0,0,0,6,0,10,1,1,6,1,5,1988,1,11,-1,1
2013950001639,1,8,0,18,0,1,0,0,0,0,4,1,1,1,9,2402,2,11,-1,1
2013950001640,1,9,0,17,0,0,0,0,1,0,1,1,6,1,5,1598,1,12,-1,1
2013950001640,2,19,0,18,0,0,0,0,0,0,1,1,6,1,8,2402,2,7,-1,2
2013950001648,1,9,0,5,0,1,0,0,0,0,3,1,6,2,7,1798,1,5,-1,1
2013950001648,2,9,0,18,0,1,0,0,7,4,1,1,6,1,7,1910,2,4,-1,1
2013950001649,1,9,0,18,0,0,0,0,0,0,1,1,6,2,7,1798,1,11,-1,2
2013950001649,2,9,0,4,0,0,0,0,0,0,2,1,6,1,11,1364,1,7,-1,2
2013950001650,1,9,0,7,0,6,0,0,0,0,3,1,6,1,11,1275,1,14,-1,1
2013950001650,2,1,0,18,0,1,0,0,0,0,4,1,6,1,4,-1,-1,-1,-1,1
2013950001655,1,19,0,10,0,0,0,0,0,0,4,1,6,1,9,2198,2,1,-1,1
2013950001655,2,1,0,18,4,0,0,0,0,0,1,1,6,1,6,-1,-1,-1,-1,1
2013950001664,1,9,0,18,0,0,0,0,0,0,0,1,6,1,10,1870,2,12,-1,3
2013950001665,1,9,0,6,0,0,0,0,0,0,1,1,6,2,9,1783,1,13,-1,1
2013950001665,2,9,0,18,0,0,0,0,7,0,1,1,6,1,6,1753,2,13,-1,2
2013950001666,1,19,0,18,0,1,0,0,0,0,1,1,6,1,6,2402,2,3,-1,1
2013950001669,1,11,0,3,0,0,0,0,0,0,0,1,6,1,8,9360,2,4,-1,1
2013950001671,1,9,0,16,0,7,0,0,3,0,1,1,6,2,8,1956,2,3,-1,3
2013950001673,1,19,0,18,0,0,0,0,0,0,1,1,6,1,10,2198,2,2,-1,1
2013950001673,2,9,0,3,0,0,0,0,0,0,2,1,6,1,9,-1,-1,-1,-1,2
2013950001674,1,9,0,7,0,8,0,0,0,0,1,1,2,2,9,1598,1,6,-1,1
2013950001674,2,9,0,18,0,8,0,0,0,0,4,1,1,1,8,1248,2,1,-1,3
2013950001675,1,11,0,18,0,8,0,0,7,0,3,1,1,1,8,7300,2,8,-1,2
2013950001675,2,9,0,8,0,1,0,0,0,0,1,1,6,2,7,1242,1,8,-1,2
2013950001677,1,9,0,6,0,0,0,0,0,0,3,1,6,2,5,1242,1,10,-1,-1
2013950001677,2,9,0,18,0,0,0,0,0,0,4,1,6,1,7,1998,1,9,-1,1
2013950001678,1,21,0,18,0,8,0,0,0,0,1,1,1,1,9,12740,2,1,-1,3
2013950001678,2,9,0,10,0,8,0,0,0,0,2,1,6,1,10,1198,1,6,-1,3
2013950001679,1,9,0,9,0,8,0,0,0,0,1,1,6,1,5,1598,2,1,-1,1
2013950001679,2,9,0,5,0,8,0,0,0,0,1,1,6,1,7,1896,2,11,-1,1
2013950001683,1,9,0,18,0,0,0,0,0,0,1,1,6,2,6,1598,1,14,-1,3
2013950001683,2,9,0,3,0,0,0,0,0,0,2,1,2,1,8,1229,1,5,-1,3
2013950001694,1,9,0,18,0,1,0,0,0,0,1,1,2,2,5,-1,-1,-1,-1,1
2013950001700,1,19,0,9,0,8,0,0,0,0,3,1,1,1,7,1248,2,1,-1,3
2013950001700,2,9,0,18,0,1,0,0,0,0,1,1,2,1,5,-1,-1,-1,-1,3
2013950001702,1,9,0,17,0,8,1,0,1,4,3,1,2,1,7,1783,1,10,-1,1
2013950001704,1,9,0,18,0,4,0,9,3,0,1,1,6,2,4,1199,1,10,-1,1
2013950001706,1,9,0,7,0,1,0,0,1,1,1,1,6,1,6,1870,2,9,-1,1
2013950001706,2,9,0,9,0,8,0,0,7,4,1,1,2,2,4,1108,1,5,-1,1
2013950001706,3,9,0,18,0,7,0,0,0,0,1,1,1,1,8,1997,2,5,-1,1
2013950001709,1,19,0,1,0,2,0,0,0,0,2,1,1,1,10,1753,2,7,-1,1
2013950001713,1,9,0,18,0,0,1,0,0,0,3,1,6,2,8,1998,1,11,-1,3
2013950001713,2,9,0,18,0,0,1,0,0,0,3,1,1,3,-1,2268,2,2,-1,-1
2013950001720,1,9,0,13,0,0,0,0,1,0,1,1,1,2,8,1796,1,7,-1,1
2013950001720,2,21,0,18,0,0,0,0,0,0,1,1,1,1,8,10518,2,1,-1,3
2013950001724,1,9,0,16,0,0,0,0,0,0,1,1,6,2,4,1199,1,11,-1,3
2013950001733,1,1,0,18,0,8,0,0,0,0,1,1,6,1,4,-1,-1,-1,-1,1
2013950001733,2,9,0,18,0,8,0,0,0,0,3,1,6,1,6,1591,1,3,-1,1
2013950001737,1,9,0,18,0,0,0,0,7,0,1,1,6,1,7,1910,2,6,-1,1
2013950001739,1,19,0,4,0,1,0,0,0,0,1,1,6,2,6,1998,2,8,-1,1
2013950001739,2,9,0,3,0,1,0,0,0,0,2,1,6,1,11,1389,1,14,-1,1
2013950001740,1,9,0,18,0,1,0,0,0,0,1,1,6,2,8,1124,1,-1,-1,-1
2013950001740,2,9,0,10,0,1,0,0,0,0,2,1,6,2,6,1242,1,10,-1,3
2013950001741,1,9,0,11,0,0,0,0,5,6,4,1,6,1,4,1797,1,13,-1,1
2013950001742,1,9,0,18,0,0,5,6,0,0,1,1,6,1,6,1796,1,16,-1,1
2013950001744,1,19,0,11,0,0,0,0,0,0,0,1,6,1,6,2198,2,2,-1,1
2013950001744,2,9,0,18,0,0,0,11,0,0,1,1,6,1,7,1968,2,1,-1,1
2013950001746,1,1,0,18,0,1,0,0,0,0,0,1,6,1,7,-1,-1,-1,-1,1
2013950001746,2,9,0,9,0,1,0,0,0,0,1,1,1,1,8,1461,2,3,-1,1
2013950001752,1,9,0,18,0,0,0,0,0,0,1,1,6,2,6,1995,2,7,-1,1
2013950001761,1,11,0,5,0,8,0,0,0,0,4,1,1,1,6,9360,2,4,-1,1
2013950001768,1,9,0,17,0,0,2,0,1,10,4,1,2,1,5,1229,1,7,-1,1
2013950001775,1,11,0,18,0,1,0,0,0,0,0,1,1,1,6,8300,2,11,-1,3
2013950001777,1,9,0,18,0,0,0,0,0,0,1,1,6,3,-1,-1,-1,-1,-1,-1
2013950001777,2,3,0,18,0,0,0,0,0,0,2,1,6,1,8,124,1,6,-1,1
2013950001778,1,21,0,1,0,0,0,0,0,0,2,1,1,1,8,12130,2,8,-1,1
2013950001778,2,9,0,3,0,0,0,0,0,0,3,1,6,2,8,1994,1,16,-1,1
2013950001791,1,9,0,5,0,8,0,0,0,0,1,1,6,2,10,1900,2,7,-1,1
2013950001791,2,9,0,18,0,8,0,0,1,10,4,1,6,1,4,1461,2,3,-1,2
2013950001793,1,9,0,18,0,0,1,0,0,0,1,1,6,2,8,1328,1,6,-1,1
2013950001799,1,9,0,9,0,8,0,0,0,0,1,1,2,1,6,1896,2,13,-1,1
2013950001799,2,19,0,10,0,8,0,0,0,0,3,1,2,1,8,1700,2,15,-1,1
2013950001802,1,9,0,5,0,1,0,0,0,0,1,1,2,1,6,1248,2,6,-1,3
2013950001802,2,9,0,17,0,1,0,0,0,0,1,1,6,1,7,1388,1,8,-1,2
2013950001805,1,19,0,18,0,0,0,0,0,0,4,1,6,1,7,2151,2,12,-1,1
2013950001805,2,90,0,2,0,0,0,0,0,0,1,1,1,1,7,5883,2,8,-1,1
2013950001813,1,9,0,7,0,8,0,0,0,0,4,1,6,1,8,1461,2,2,-1,1
2013950001814,1,8,0,18,0,0,0,0,0,0,4,1,1,1,8,2143,2,1,-1,1
2013950001814,2,1,0,18,0,0,0,0,0,0,3,1,6,1,6,-1,-1,-1,-1,1
2013950001815,1,9,0,5,9,0,0,0,0,0,3,1,6,1,7,1388,1,9,-1,3
2013950001821,1,9,0,9,0,8,0,0,0,0,3,1,2,1,5,1598,1,5,-1,2
2013950001821,2,9,0,18,0,8,0,0,0,0,1,1,2,2,8,1796,1,6,-1,1
2013950001823,1,9,0,11,2,8,0,0,0,0,4,1,6,2,9,1332,1,17,9,1
2013950001823,2,11,0,18,2,8,0,0,0,0,2,1,1,1,8,9360,2,3,-1,1
2013950001834,1,9,0,5,0,1,0,0,0,0,1,1,6,1,4,1242,1,7,-1,2
2013950001834,2,9,0,8,0,1,0,0,0,0,2,1,6,1,8,1560,2,2,-1,1
2013950001835,1,9,0,6,0,0,0,0,0,0,3,1,6,1,4,1396,1,12,-1,1
2013950001835,2,9,0,18,0,0,0,0,0,0,4,1,1,1,8,1999,1,6,-1,1
2013950001844,1,9,0,16,0,0,5,0,7,11,1,1,2,1,4,1149,1,11,-1,1
2013950001849,1,9,0,16,0,0,1,0,1,9,1,1,2,2,6,1956,2,2,-1,3
2013950001849,2,9,0,18,0,0,0,0,0,0,3,1,6,1,5,2204,2,8,-1,3
2013950001851,1,9,0,16,0,0,0,0,0,0,1,1,6,1,4,1390,1,12,-1,1
2013950001853,1,9,0,18,0,1,1,0,7,11,1,1,6,2,8,1248,2,6,-1,2
2013950001856,1,9,0,2,0,0,0,0,0,0,3,1,2,2,9,1229,1,3,-1,1
2013950001856,2,1,0,18,0,0,0,0,0,0,1,1,6,1,7,-1,-1,-1,-1,1
2013950001856,3,9,0,3,0,0,0,0,0,0,4,1,6,2,7,3189,1,9,-1,3
2013950001860,1,9,0,16,0,0,0,0,0,0,1,1,6,2,11,1391,1,12,-1,2
2013950001860,2,9,0,2,0,0,0,0,0,0,2,1,6,3,-1,1596,1,5,-1,-1
2013950001866,1,9,0,18,0,0,0,0,1,11,1,1,6,1,6,1198,1,9,-1,1
2013950001870,1,11,0,18,0,1,0,0,0,0,0,1,1,2,6,4500,2,2,-1,1
2013950001873,1,9,0,18,0,0,0,0,0,0,1,1,6,1,8,1368,1,7,-1,1
2013950001873,2,3,0,18,0,0,0,0,0,0,2,1,6,2,8,123,1,5,-1,1
2013950001876,1,9,0,18,0,4,0,0,0,0,4,1,6,1,6,1896,2,4,-1,1
2013950001876,2,2,0,18,0,4,0,0,0,0,1,1,6,1,4,49,1,7,-1,1
2013950001879,1,19,0,16,0,0,0,0,0,0,3,1,6,3,-1,-1,-1,-1,-1,-1
2013950001879,2,1,0,4,0,0,0,0,0,0,3,1,6,2,2,-1,-1,-1,-1,2
2013950001880,1,9,0,7,0,6,0,0,0,0,1,1,6,1,9,1997,2,11,-1,2
2013950001880,2,9,0,17,0,1,0,0,0,0,1,1,6,2,8,1086,1,9,-1,2
2013950001887,1,9,0,18,0,0,0,0,3,0,1,1,6,1,9,1598,1,1,-1,1
2013950001890,1,9,0,5,0,2,0,0,0,0,4,1,6,1,10,2295,1,14,-1,2
2013950001895,1,9,0,16,0,0,5,0,7,4,3,1,6,2,10,2993,2,8,-1,3
2013950001895,2,19,0,17,0,0,0,0,0,0,3,1,1,1,8,1248,2,1,-1,3
2013950001895,3,9,0,16,0,0,0,0,0,0,3,1,6,1,8,1991,2,7,-1,1
2013950001902,1,19,0,4,0,1,0,0,0,0,1,1,1,1,7,2800,2,11,-1,1
2013950001902,2,19,0,5,0,1,0,0,0,0,2,1,1,1,8,1248,2,6,-1,1
2013950001903,1,9,0,9,0,0,0,0,0,0,4,1,6,1,8,1598,2,1,-1,1
2013950001903,2,1,0,15,0,0,0,0,0,0,1,1,2,1,7,-1,-1,-1,-1,2
2013950001904,1,4,0,18,0,0,0,0,0,0,3,1,6,1,9,125,1,1,-1,1
2013950001905,1,9,0,9,0,2,0,0,0,0,3,1,6,3,-1,-1,-1,-1,-1,-1
2013950001906,1,11,0,3,2,0,0,0,0,0,0,1,1,1,8,7300,2,9,-1,1
2013950001907,1,19,0,18,0,1,0,0,0,0,1,1,1,1,5,2402,2,6,-1,-1
2013950001907,2,19,0,4,0,1,0,0,0,0,2,1,1,1,9,1248,2,5,-1,3
2013950001907,3,19,0,10,0,1,0,0,0,0,2,1,6,2,6,2198,2,6,-1,2
2013950001908,1,9,0,9,0,8,0,0,0,0,4,1,6,2,6,1390,1,10,-1,1
2013950001908,2,1,0,18,0,8,0,0,0,0,1,1,6,1,6,-1,-1,-1,-1,1
2013950001909,1,8,0,5,0,1,0,0,0,0,1,1,1,1,7,2664,2,13,-1,1
2013950001909,2,1,0,18,0,1,0,0,0,0,4,1,6,1,6,-1,-1,-1,-1,1
2013950001910,1,1,0,18,4,1,0,0,0,0,1,1,6,1,7,-1,-1,-1,-1,-1
2013950001910,2,9,0,7,0,2,0,0,0,0,4,1,6,2,5,1360,1,13,-1,1
2013950001923,1,9,0,6,0,0,0,0,0,0,1,1,2,1,7,1769,1,8,-1,1
2013950001923,2,9,0,18,0,0,0,0,0,0,1,1,6,1,10,1998,1,10,-1,2
2013950001925,1,9,0,17,0,0,0,0,1,11,1,1,1,1,8,1560,2,1,-1,3
2013950001929,1,9,0,9,0,8,0,0,0,0,1,1,6,1,5,1796,1,6,-1,-1
2013950001935,1,9,0,17,0,2,0,0,1,2,1,1,2,2,8,1598,1,4,-1,1
2013950001942,1,9,0,1,0,8,0,0,0,0,2,1,6,1,-1,1798,1,11,-1,-1
2013950001943,1,9,0,4,0,1,0,0,0,0,1,1,6,1,5,1299,1,12,-1,2
2013950001943,2,4,0,4,0,1,0,0,0,0,2,1,6,1,8,647,1,15,-1,3
2013950001944,1,9,0,14,0,1,0,0,0,0,1,1,2,1,8,1995,2,5,-1,2
2013950001944,2,1,0,14,0,1,0,0,0,0,2,1,6,1,6,-1,-1,-1,-1,1
2013950001948,1,9,0,18,0,1,5,0,0,0,4,1,2,1,4,1149,1,11,-1,2
2013950001949,1,11,0,7,0,2,0,0,0,0,1,1,6,1,9,12000,2,5,-1,1
2013950001950,1,9,0,5,0,3,0,0,0,0,1,1,6,3,-1,-1,-1,-1,-1,-1
2013950001950,2,9,0,18,0,3,0,0,0,0,3,1,6,1,8,1796,1,9,-1,2
2013950001951,1,9,0,18,0,0,0,0,0,0,1,1,6,1,5,1242,1,4,-1,1
2013950001952,1,11,0,18,2,1,0,0,0,0,0,1,1,1,7,7300,2,2,-1,2
2013950001953,1,11,0,5,0,0,0,0,0,0,0,1,1,1,8,9360,2,2,-1,1
2013950001956,1,9,0,18,0,0,0,0,0,0,1,1,6,2,9,1332,1,16,-1,2
2013950001956,2,9,0,18,0,0,0,0,0,0,2,1,6,2,8,1124,1,3,-1,2
2013950001958,1,9,0,6,0,1,0,0,0,0,1,1,6,1,7,1598,1,15,-1,1
2013950001958,2,9,0,18,0,1,0,0,0,0,1,1,6,1,7,1896,2,16,-1,1
2013950001959,1,19,0,18,0,0,0,0,0,0,0,1,1,1,8,2400,2,6,8,3
2013950001960,1,9,0,17,0,3,0,10,1,11,4,1,6,1,4,1299,1,11,-1,3
2013950001969,1,9,0,18,0,4,0,0,0,0,1,1,6,1,7,1948,1,12,-1,1
2013950001969,2,4,0,15,0,4,0,0,0,0,2,1,6,1,8,645,1,4,-1,1
2013950001971,1,9,0,18,0,0,0,4,0,0,1,1,6,1,7,1398,1,11,-1,1
2013950001971,2,9,0,2,0,0,0,0,0,0,3,1,6,3,-1,1461,2,8,-1,-1
2013950001973,1,9,0,1,0,0,0,0,0,0,2,1,6,2,7,1598,1,14,-1,1
2013950001974,1,9,0,18,0,8,1,0,0,0,1,1,6,2,10,1386,1,6,-1,1
2013950001974,2,9,0,18,0,8,0,0,0,0,3,1,6,1,8,1956,2,2,-1,1
2013950001975,1,9,0,18,0,8,0,0,0,0,3,1,6,2,9,1956,2,2,-1,3
2013950001975,2,1,0,18,0,8,0,0,0,0,1,1,6,2,7,-1,-1,-1,-1,1
2013950001976,1,19,0,16,0,0,0,0,0,0,1,1,1,1,7,4580,2,10,-1,3
2013950001977,1,9,0,17,0,0,0,0,1,2,1,1,6,1,7,1489,1,15,-1,3
2013950001978,1,9,0,9,0,8,0,0,0,0,3,1,6,1,11,1590,1,11,-1,1
2013950001978,2,9,0,16,0,1,0,0,0,0,1,1,6,1,6,698,1,8,-1,1
2013950001980,1,9,0,5,0,1,0,0,0,0,0,1,6,1,9,3200,2,11,-1,1
2013950001980,2,9,0,18,0,1,0,0,7,2,1,1,2,2,7,1498,1,3,-1,3
2013950001981,1,9,0,18,0,1,0,0,0,0,1,1,6,2,4,973,1,12,-1,1
2013950001981,2,9,0,9,0,8,0,0,0,0,2,1,1,1,8,1753,2,3,-1,3
2013950001981,3,9,0,18,0,1,0,0,0,0,1,1,6,2,4,1598,1,3,-1,2
2013950001982,1,19,0,9,0,6,0,0,0,0,1,1,1,1,8,1968,2,2,-1,1
2013950001982,2,9,0,18,0,8,0,0,0,0,1,1,6,2,5,1240,1,10,-1,1
2013950001988,1,9,0,16,0,1,0,0,0,0,1,1,6,1,4,1527,2,14,-1,3
2013950001988,2,9,0,17,0,1,0,0,1,0,1,1,6,2,6,1596,1,8,-1,1
2013950001989,1,9,0,7,0,4,0,0,0,0,1,1,6,1,11,1590,1,10,-1,1
2013950001989,2,9,0,18,0,3,0,0,0,0,2,1,6,2,7,998,1,12,-1,1
2013950001990,1,9,0,9,0,8,0,0,0,0,1,1,6,1,9,1868,2,13,-1,3
2013950001990,2,9,0,18,0,8,0,0,0,0,3,1,6,2,6,1298,1,14,-1,2
2013950001991,1,9,0,7,0,4,0,0,0,0,3,1,1,1,8,1997,2,2,-1,3
2013950001991,2,1,0,18,0,8,0,0,0,0,4,1,6,1,6,-1,-1,-1,-1,1
2013950001992,1,9,0,13,0,0,0,0,0,0,1,1,6,3,-1,1400,1,13,-1,-1
2013950001992,2,9,0,4,0,0,0,0,0,0,2,1,6,1,7,1598,2,2,-1,3
2013950001993,1,9,0,18,0,0,0,0,0,0,3,1,6,2,6,1388,1,7,-1,3
2013950001994,1,9,0,5,0,4,0,0,0,0,1,1,6,1,8,973,1,11,-1,3
2013950001994,2,1,0,11,0,8,0,0,0,0,1,1,6,1,9,-1,-1,-1,-1,3
2013950001995,1,9,0,18,0,1,0,0,0,0,1,1,2,2,8,1364,2,3,-1,1
2013950001995,2,9,0,3,0,1,0,0,0,0,2,1,2,1,9,2184,2,3,-1,1
2013950002000,1,9,0,18,0,8,0,0,0,0,1,1,2,1,8,1870,2,14,-1,3
2013950002004,1,9,0,7,0,8,0,0,0,0,4,1,6,3,-1,-1,-1,-1,-1,-1
2013950002004,2,1,0,15,0,8,0,0,0,0,1,1,6,1,6,-1,-1,-1,-1,1
2013950002009,1,9,0,4,0,1,0,0,0,0,1,1,1,1,6,1390,1,3,-1,1
2013950002013,1,9,0,18,0,0,0,0,0,0,1,1,2,1,9,1360,1,1,2,1
2013950002013,2,9,0,4,0,0,0,0,0,0,2,1,2,1,7,1461,2,2,-1,-1
2013950002013,3,9,0,4,0,0,0,0,0,0,2,1,1,2,8,1598,2,-1,-1,1
2013950002014,1,19,0,9,0,8,0,0,0,0,0,1,6,2,-1,-1,-1,-1,-1,-1
2013950002014,2,11,0,7,0,8,0,0,0,0,0,1,1,2,9,9360,2,6,-1,2
2013950002015,1,9,0,9,0,8,0,0,0,0,3,1,2,2,6,1896,2,4,-1,1
2013950002015,2,4,0,4,0,1,0,0,0,0,4,1,2,1,8,1237,1,1,-1,2
2013950002016,1,11,0,18,0,1,0,0,0,0,4,1,1,1,6,7300,2,7,-1,1
2013950002017,1,9,0,18,0,0,0,0,0,0,1,1,6,2,8,1560,2,7,-1,1
2013950002018,1,9,0,16,0,0,2,0,1,11,1,1,6,1,8,1560,2,7,-1,2
2013950002019,1,11,0,18,0,0,0,0,0,0,0,1,6,1,8,9360,2,4,-1,1
2013950002020,1,19,0,18,0,1,0,0,1,0,1,1,1,1,7,1995,2,4,-1,1
2013950002020,2,9,0,1,0,1,0,0,0,0,2,1,2,2,6,1248,2,6,-1,1
2013950002020,3,9,0,2,0,2,0,0,0,0,2,1,6,3,-1,1798,1,6,-1,-1
2013950002032,1,9,0,18,0,0,0,0,0,0,1,1,6,1,5,1199,1,10,-1,1
2013950002034,1,11,0,5,0,1,0,0,0,0,0,1,1,1,7,9360,2,2,-1,1
2013950002035,1,11,0,18,0,1,0,0,0,0,1,1,1,1,8,5883,2,10,-1,1
2013950002035,2,9,0,7,0,1,0,0,0,0,2,1,6,2,6,1527,2,13,-1,1
2013950002036,1,19,0,18,0,0,0,0,0,0,1,1,1,1,9,1248,2,4,-1,1
2013950002036,2,9,0,4,0,0,0,10,0,0,2,1,2,1,8,1834,1,10,-1,1
2013950002036,3,9,0,4,0,0,0,0,0,0,2,1,2,2,8,1248,2,1,-1,1
2013950002037,1,8,0,18,0,0,0,0,0,0,1,1,6,1,8,2446,2,12,-1,1
2013950002037,2,1,0,18,0,0,0,0,0,0,2,1,6,1,6,-1,-1,-1,-1,1
2013950002038,1,1,0,18,0,1,0,0,0,0,3,1,4,1,2,-1,-1,-1,-1,1
2013950002038,2,11,0,18,0,1,0,0,0,0,1,1,1,1,7,5883,2,13,-1,2
2013950002039,1,9,0,4,0,0,0,0,0,0,1,1,6,2,10,998,1,9,-1,3
2013950002040,1,9,0,18,0,8,0,0,1,10,1,1,6,1,10,1248,2,4,-1,3
2013950002040,2,9,0,9,0,8,0,0,0,0,2,1,6,2,7,1390,1,12,-1,3
2013950002040,3,9,0,18,0,8,0,0,1,0,1,1,6,2,10,1598,1,5,-1,3
2013950002045,1,8,0,18,0,1,0,0,0,0,1,1,6,1,8,2499,2,3,-1,1
2013950002048,1,9,0,5,0,4,0,0,0,0,1,1,6,3,-1,-1,-1,-1,-1,-1
2013950002048,2,1,0,18,0,8,0,0,0,0,2,1,2,1,5,-1,-1,-1,-1,1
2013950002055,1,9,0,16,0,0,0,0,0,0,1,1,6,1,8,1910,2,8,-1,1
2013950002059,1,4,0,16,0,0,1,0,7,0,4,1,6,1,9,1290,1,4,-1,1
2013950002067,1,4,0,17,0,1,0,0,1,0,1,1,6,1,8,800,1,15,-1,3
2013950002070,1,9,0,9,0,0,0,0,0,0,3,1,1,1,9,1910,2,8,-1,1
2013950002102,1,9,0,18,0,8,0,0,0,0,1,1,6,2,11,998,1,13,-1,1
2013950002102,2,9,0,9,0,8,0,0,0,0,3,1,6,1,8,1398,1,3,-1,1
2013950002107,1,9,0,18,2,2,0,0,0,0,1,1,6,3,-1,-1,-1,-1,-1,-1
2013950002110,1,9,0,18,0,0,0,0,1,4,2,1,6,2,5,1998,1,8,-1,3
2013950002111,1,9,0,18,0,1,0,0,0,0,1,1,6,1,11,1339,1,5,-1,1
2013950002111,2,9,0,4,0,1,0,0,0,0,2,1,6,1,8,1360,1,9,-1,2
2013950002111,3,9,0,3,0,1,0,0,0,0,2,1,1,1,9,1970,1,14,-1,1
2013950002115,1,4,0,18,0,0,0,0,1,7,1,1,6,1,7,781,1,10,-1,3
2013950002116,1,9,0,6,8,0,0,0,0,0,3,1,6,1,11,1586,1,5,-1,1
2013950002116,2,9,0,18,0,0,0,0,0,0,4,1,6,1,9,2149,2,6,-1,1
2013950002118,1,9,0,10,0,8,0,0,0,0,1,1,6,1,9,2171,1,10,-1,1
2013950002118,2,4,0,18,0,8,0,0,0,0,3,1,2,1,9,1198,1,3,-1,2
2013950002119,1,9,0,16,0,0,0,0,0,0,1,1,6,2,6,1997,2,8,-1,3
2013950002119,2,19,0,3,0,0,0,0,0,0,1,1,1,1,8,2198,2,5,-1,3
2013950002119,3,19,0,3,0,0,0,0,0,0,2,1,1,1,6,2198,2,1,-1,3
2013950002134,1,11,0,18,0,1,0,0,0,0,1,1,1,1,7,4250,2,3,-1,1
2013950002136,1,11,0,18,0,8,0,2,0,0,4,1,1,1,8,-1,-1,-1,-1,1
2013950002137,1,11,0,4,2,0,0,0,0,0,1,1,1,1,8,9360,2,4,-1,1
2013950002140,1,9,0,4,0,1,0,0,0,0,1,1,6,2,8,1998,1,16,-1,1
2013950002140,2,9,0,3,0,1,0,0,0,0,2,1,6,1,6,1560,2,3,-1,2
2013950002142,1,9,0,18,0,8,0,0,0,0,1,1,1,1,7,1598,1,5,-1,1
2013950002142,2,19,0,9,0,8,0,0,0,0,4,1,1,1,7,2402,2,12,-1,1
2013950002144,1,1,0,18,0,1,0,0,0,0,1,1,6,1,-1,-1,-1,-1,-1,-1
2013950002145,1,9,0,18,0,1,0,0,0,0,1,1,2,1,9,2179,2,-1,-1,1
2013950002145,2,19,0,18,0,1,0,0,0,0,1,1,1,1,6,1997,2,8,-1,-1
2013950002145,3,9,0,4,0,1,0,0,0,0,2,1,6,2,7,1595,1,19,-1,1
2013950002146,1,9,0,5,0,4,0,0,0,0,1,1,6,1,-1,-1,-1,-1,-1,-1
2013950002146,2,9,0,3,0,4,0,0,0,0,2,1,6,1,7,1388,1,8,-1,1
2013950002152,1,9,0,18,0,0,0,0,0,0,1,1,2,2,9,2720,2,6,-1,1
2013950002152,2,9,0,18,0,0,0,0,0,0,1,1,2,1,8,-1,-1,-1,-1,1
2013950002156,1,4,0,18,2,8,0,0,1,0,4,1,2,1,6,599,1,7,-1,1
2013950002156,2,9,0,11,0,8,0,0,0,0,0,1,1,1,7,2148,2,4,-1,2
2013950002159,1,9,0,18,0,1,0,0,0,0,1,1,1,2,5,1086,1,9,-1,1
2013950002159,2,9,0,18,0,8,0,0,0,0,3,1,6,2,9,1968,2,5,-1,1
2013950002162,1,9,0,5,0,3,0,0,0,0,4,1,2,1,4,1229,1,3,-1,2
2013950002162,2,1,0,18,0,3,0,0,0,0,1,1,6,1,7,-1,-1,-1,-1,2
2013950002163,1,9,0,9,0,0,0,0,0,0,4,1,2,1,7,-1,-1,-1,-1,1
2013950002163,2,1,0,18,0,0,0,0,0,0,1,1,2,1,8,-1,-1,-1,-1,1
2013950002167,1,9,0,16,0,0,2,0,0,0,4,1,6,1,9,1242,1,9,-1,3
2013950002173,1,1,0,18,0,1,0,0,0,0,1,1,6,2,4,-1,-1,-1,-1,1