Accident_Index,Vehicle_Reference,Vehicle_Type,Towing_and_Articulation,Vehicle_Manoeuvre,Vehicle_Location-Restricted_Lane,Junction_Location,Skidding_and_Overturning,Hit_Object_in_Carriageway,Vehicle_Leaving_Carriageway,Hit_Object_off_Carriageway,1st_Point_of_Impact,Was_Vehicle_Left_Hand_Drive?,Journey_Purpose_of_Driver,Sex_of_Driver,Age_Band_of_Driver,Engine_Capacity_(CC),Propulsion_Code,Age_of_Vehicle,Driver_IMD_Decile,Driver_Home_Area_Type
2013950002173,2,9,0,4,0,1,0,0,0,0,1,1,2,2,8,1796,1,6,-1,1
2013950002174,1,9,0,18,0,0,0,0,0,0,1,1,2,1,7,1596,1,11,-1,1
2013950002174,2,9,0,18,0,0,0,0,0,0,2,1,2,1,7,2204,2,6,-1,3
2013950002176,1,9,0,18,0,1,0,0,0,0,1,1,2,1,6,1149,1,14,-1,1
2013950002179,1,9,0,18,0,0,1,0,1,0,1,1,6,1,4,1242,1,9,-1,1
2013950002179,2,9,0,18,0,0,0,0,0,0,1,1,6,1,9,1598,1,12,-1,1
2013950002182,1,9,0,18,0,1,0,0,0,0,1,1,6,3,-1,-1,-1,-1,-1,-1
2013950002182,2,9,0,4,0,1,0,0,0,0,2,1,6,2,4,1149,1,14,-1,3
2013950002182,3,9,0,4,0,1,0,0,0,0,2,1,6,3,-1,-1,-1,-1,-1,-1
2013950002185,1,19,0,18,0,4,0,0,0,0,3,1,6,3,-1,-1,-1,-1,-1,-1
2013950002185,2,1,0,18,0,8,5,0,0,0,4,1,6,1,6,-1,-1,-1,-1,1
2013950002187,1,9,0,9,0,8,0,0,0,0,1,1,6,1,8,1398,1,-1,-1,-1
2013950002187,2,8,0,18,0,8,0,7,0,0,1,1,1,1,11,2402,2,9,-1,1
2013950002188,1,9,0,18,0,0,0,0,0,0,1,1,1,1,8,1598,2,-1,-1,1
2013950002188,2,9,0,3,0,0,0,0,1,0,2,1,2,2,7,1995,2,2,-1,1
2013950002189,1,19,0,4,0,0,0,0,0,0,1,1,1,1,7,2300,2,10,-1,3
2013950002189,2,9,0,4,0,0,0,0,0,0,2,1,2,1,9,1461,2,3,-1,1
2013950002190,1,9,0,18,0,8,0,0,0,0,1,1,6,2,6,1997,2,11,-1,2
2013950002190,2,9,0,7,0,1,0,0,0,0,2,1,6,2,7,1956,2,2,-1,1
2013950002194,1,11,0,18,0,0,0,0,0,0,0,1,1,1,6,7300,2,8,-1,1
2013950002197,1,9,0,17,0,0,0,0,0,0,1,1,6,2,5,1896,2,9,-1,1
2013950002197,2,11,0,18,0,0,0,0,0,0,1,1,1,1,8,9360,2,6,-1,1
2013950002198,1,4,0,16,0,0,0,0,1,0,1,1,6,1,9,998,1,5,7,1
2013950002198,2,9,0,17,0,0,0,0,0,0,1,1,6,1,7,1796,7,9,-1,3
2013950002199,1,9,0,5,0,4,0,0,0,0,1,1,2,1,8,1796,1,9,-1,1
2013950002199,2,1,0,18,0,8,0,0,0,0,4,1,2,1,6,-1,-1,-1,-1,1
2013950002202,1,19,0,11,0,0,0,0,0,0,4,1,6,3,-1,-1,-1,-1,-1,-1
2013950002202,2,1,0,14,0,0,0,0,0,0,3,1,2,1,7,-1,-1,-1,-1,1
2013950002206,1,9,0,7,0,4,0,0,0,0,1,1,6,1,8,1984,2,4,9,1
2013950002206,2,1,0,18,0,3,0,0,0,0,2,1,6,1,6,-1,-1,-1,-1,1
2013950002210,1,9,0,18,0,1,0,0,0,0,1,1,6,2,5,1242,1,9,-1,-1
2013950002210,2,19,0,18,0,1,0,0,0,0,2,1,6,3,-1,-1,-1,-1,-1,-1
2013950002211,1,9,0,4,0,1,0,0,0,0,1,1,1,3,-1,1248,2,5,-1,-1
2013950002212,1,9,0,18,0,0,0,0,0,0,1,1,2,2,6,1595,1,6,-1,1
2013950002212,2,9,0,18,0,0,0,0,0,0,2,1,1,2,9,1339,1,4,-1,1
2013950002213,1,9,0,18,0,0,0,7,1,7,1,1,6,1,7,-1,-1,-1,-1,2
2013950002213,2,9,0,18,0,0,0,0,0,0,4,1,6,1,7,1598,1,2,-1,2
2013950002213,3,9,0,18,0,0,0,0,0,0,2,1,2,2,6,1582,2,3,-1,1
2013950002214,1,9,0,9,0,8,0,0,0,0,3,1,6,1,9,1870,2,5,-1,3
2013950002214,2,3,0,18,0,1,1,0,0,0,3,1,2,1,6,124,1,1,-1,1
2013950002215,1,9,0,18,0,0,0,0,0,0,1,1,6,2,8,1396,2,3,-1,1
2013950002215,2,19,0,2,0,0,0,0,0,0,3,1,6,3,-1,2198,2,3,-1,-1
2013950002215,3,19,0,2,0,0,0,0,0,0,1,1,6,3,-1,-1,-1,-1,-1,-1
2013950002216,1,9,0,18,0,1,1,10,3,4,1,1,6,1,4,999,1,12,-1,3
2013950002219,1,9,0,9,0,2,0,0,0,2,1,1,1,1,9,1896,2,7,-1,1
2013950002219,2,9,0,9,0,5,0,0,0,0,3,1,6,2,8,1120,2,1,-1,1
2013950002220,1,9,0,18,0,0,0,0,0,1,1,1,6,1,8,1895,1,15,-1,1
2013950002220,2,9,0,4,0,0,0,0,0,0,2,1,6,1,7,1968,2,7,-1,1
2013950002221,1,1,0,12,0,1,0,0,0,0,2,1,6,2,11,-1,-1,-1,-1,-1
2013950002221,2,9,0,4,0,1,0,0,0,0,4,1,6,1,8,1798,1,6,-1,1
2013950002222,1,11,0,9,0,8,0,0,0,0,1,1,1,1,7,9360,2,5,-1,1
2013950002223,1,8,0,18,0,1,0,0,0,0,1,1,1,1,9,2148,2,3,-1,1
2013950002225,1,9,0,18,0,0,0,11,1,0,1,1,6,1,8,2933,1,16,-1,3
2013950002227,1,90,0,4,0,0,0,0,0,0,4,1,1,1,6,7142,2,6,-1,1
2013950002229,1,11,0,3,2,1,0,0,0,0,0,1,1,1,9,4760,2,-1,-1,1
2013950002230,1,9,0,4,0,1,0,0,0,0,1,1,2,1,6,1761,1,13,-1,1
2013950002230,2,9,0,3,0,1,0,0,0,0,2,1,6,2,7,2993,2,1,-1,2
2013950002256,1,9,0,18,0,8,0,0,0,0,1,1,2,1,7,1896,2,9,-1,3
2013950002256,2,19,0,4,0,8,0,0,0,0,2,1,2,1,6,2198,2,5,-1,1
2013950002257,1,9,0,11,0,8,0,0,0,0,0,1,6,3,-1,-1,-1,-1,-1,-1
2013950002257,2,1,0,5,0,8,0,0,0,0,0,1,6,1,5,-1,-1,-1,-1,1
2013950002258,1,9,0,7,0,8,0,0,0,0,4,1,6,1,6,1595,1,20,-1,1
2013950002258,2,9,0,18,0,8,0,0,0,0,3,1,6,1,8,1589,1,16,-1,3
2013950002259,1,9,0,18,0,0,0,0,0,0,1,1,6,1,6,1686,2,11,-1,1
2013950002259,2,9,0,3,0,0,0,0,0,0,2,1,6,2,8,1588,1,10,-1,1
2013950002263,1,9,0,18,0,1,0,0,0,0,1,1,6,1,10,1560,2,2,-1,1
2013950002263,2,9,0,9,0,2,0,0,0,0,1,1,6,2,9,2993,2,-1,-1,1
2013950002264,1,9,0,18,0,0,0,0,0,0,1,1,6,2,7,1598,2,2,-1,1
2013950002264,2,9,0,4,0,0,0,0,0,0,2,1,6,1,4,1242,1,9,-1,1
2013950002265,1,1,0,4,0,0,0,0,0,0,1,1,6,1,6,-1,-1,-1,-1,1
2013950002268,1,9,0,9,0,8,0,0,0,0,1,1,6,1,10,2902,2,9,-1,1
2013950002268,2,1,0,18,0,8,0,0,0,0,1,1,6,1,5,-1,-1,-1,-1,1
2013950002269,1,9,0,9,0,6,0,0,0,0,1,1,6,2,9,1997,2,1,-1,2
2013950002269,2,19,0,18,0,1,0,0,7,0,1,1,2,1,5,1461,2,1,-1,3
2013950002270,1,9,0,18,0,0,1,0,7,4,1,1,6,1,4,1587,1,12,-1,1
2013950002270,2,9,0,16,0,0,2,0,7,0,1,1,6,1,4,1124,1,11,-1,1
2013950002280,1,9,0,18,0,0,2,10,7,11,4,1,6,1,6,1398,1,1,-1,1
2013950002281,1,9,0,12,0,0,0,0,0,0,3,1,6,1,6,1995,2,-1,-1,1
2013950002281,2,2,0,18,0,0,0,0,0,0,1,1,6,1,8,278,1,3,-1,1
2013950002282,1,9,0,18,0,0,0,0,0,0,1,1,2,1,7,1896,2,5,-1,2
2013950002282,2,9,0,3,0,0,0,0,0,0,2,1,6,1,7,1995,2,4,-1,1
2013950002282,3,9,0,3,0,0,0,0,0,0,2,1,6,1,7,1598,1,6,-1,1
2013950002283,1,9,0,18,0,0,0,0,0,0,1,1,2,2,5,1597,2,-1,-1,-1
2013950002283,2,9,0,3,0,0,0,0,0,0,2,1,2,2,6,1339,1,4,-1,1
2013950002283,3,9,0,3,0,0,0,0,0,0,2,1,2,1,5,1896,2,11,-1,1
2013950002284,1,9,0,12,0,7,0,0,0,0,2,1,6,1,6,1598,1,1,-1,1
2013950002284,2,9,0,18,0,8,0,0,0,0,1,1,6,1,7,1896,2,12,8,1
2013950002286,1,9,0,4,0,1,0,0,0,0,1,1,6,1,11,1339,1,1,-1,1
2013950002286,2,3,0,18,0,1,0,0,0,0,1,1,1,1,7,125,1,3,-1,1
2013950002309,1,4,0,16,0,0,2,0,1,9,1,1,6,1,8,1198,1,-1,4,1
2013950002310,1,9,0,18,0,3,0,0,7,2,1,1,6,1,6,2180,2,16,-1,1
2013950002311,1,9,0,18,0,0,0,0,0,0,1,1,6,1,11,1794,1,11,-1,1
2013950002311,2,9,0,18,0,0,0,0,0,0,2,1,6,2,8,1240,1,8,-1,1
2013950002313,1,9,0,9,0,8,0,0,0,0,1,1,6,1,5,1248,2,3,-1,3
2013950002313,2,9,0,18,0,1,0,0,0,0,1,1,6,2,6,2295,1,10,-1,-1
2013950002317,1,4,0,7,0,4,1,0,0,0,3,1,6,1,7,1340,1,5,-1,1
2013950002320,1,9,0,13,0,1,0,0,7,11,1,1,6,1,10,1396,1,1,-1,1
2013950002320,2,9,0,9,0,8,0,0,7,0,1,1,6,1,10,2290,1,16,-1,1
2013950002322,1,9,0,18,0,0,0,0,0,0,1,1,6,2,5,1399,1,3,-1,2
2013950002322,2,9,0,4,0,0,0,0,0,0,2,1,2,2,7,2000,1,13,-1,3
2013950002335,1,9,0,18,0,0,1,0,7,4,3,1,2,1,7,2290,1,15,-1,1
2013950002342,1,4,0,16,0,0,0,0,4,6,3,1,6,2,7,599,1,13,-1,3
2013950002343,1,97,0,18,0,2,0,0,0,0,1,1,6,3,-1,-1,-1,-1,-1,-1
2013950002344,1,11,0,3,3,0,0,0,0,0,0,1,1,1,10,5883,2,10,-1,1
2013950002345,1,1,0,18,0,0,0,0,0,0,1,1,6,1,7,-1,-1,-1,-1,1
2013950002345,2,8,0,2,0,0,0,0,0,0,2,1,6,3,-1,2664,2,12,-1,-1
2013950002346,1,9,0,6,0,2,0,0,0,0,3,1,6,1,10,1598,1,13,-1,1
2013950002346,2,4,0,13,0,2,0,0,0,0,4,1,6,1,4,124,1,3,-1,1
2013950002347,1,9,0,7,0,5,0,0,0,0,1,1,6,3,-1,1560,2,4,-1,-1
2013950002347,2,1,0,18,0,1,0,0,0,0,1,1,6,1,4,-1,-1,-1,-1,1
2013950002348,1,19,0,18,0,1,1,0,0,0,1,1,1,1,4,2799,2,14,-1,-1
2013950002348,2,9,0,4,0,1,0,0,0,0,1,1,2,2,6,1596,1,10,-1,1
2013950002348,3,9,0,18,0,8,0,8,0,0,1,1,1,1,8,1461,2,-1,-1,1
2013950002348,4,9,0,4,0,1,0,0,0,0,1,1,2,1,8,1968,2,2,10,1
2013950002348,5,19,0,3,0,8,0,0,0,0,2,1,1,1,7,2477,2,2,-1,3
2013950002349,1,9,0,18,0,2,0,0,0,0,4,1,6,1,5,1995,2,1,-1,2
2013950002349,2,8,0,2,0,2,0,0,0,0,2,1,1,1,8,2499,2,3,-1,1
2013950002351,1,9,0,5,0,8,0,0,1,0,4,1,6,2,10,998,1,6,-1,1
2013950002351,2,9,0,18,0,2,0,0,1,10,1,1,6,2,7,2987,2,3,-1,2
2013950002353,1,11,0,4,2,1,0,0,0,5,1,1,6,1,7,7300,2,1,-1,1
2013950002356,1,4,0,18,0,0,0,0,0,0,3,1,6,1,9,1312,1,6,-1,1
2013950002356,2,9,0,18,0,0,0,0,0,0,4,1,2,2,7,1956,2,2,-1,1
2013950002359,1,19,0,18,0,0,0,0,0,0,1,1,1,1,7,2500,2,6,-1,1
2013950002381,1,9,0,18,0,0,1,0,7,0,4,1,6,1,7,973,1,11,-1,2
2013950002381,2,90,0,18,0,0,0,0,0,0,1,1,1,1,7,2295,1,11,-1,2
2013950002382,1,4,0,18,0,0,0,12,0,0,1,1,6,1,7,1150,1,2,-1,1
2013950002383,1,9,0,18,0,0,2,0,7,11,3,1,6,1,5,1364,1,4,-1,3
2013950002384,1,9,0,16,0,0,0,0,7,4,1,1,2,1,6,1587,1,5,-1,2
2013950002395,1,11,0,18,0,0,0,0,0,0,1,1,1,2,9,4250,2,3,-1,1
2013950002401,1,3,0,18,0,1,0,0,0,0,4,1,6,3,-1,-1,-1,-1,-1,-1
2013950002401,2,9,0,9,0,7,0,0,0,0,3,1,6,1,8,1984,1,2,-1,1
2013950002402,1,11,0,14,0,0,0,0,0,0,2,1,1,1,9,7300,2,6,-1,1
2013950002402,2,9,0,2,0,0,0,0,0,0,2,1,6,1,7,1796,1,3,-1,1
2013950002406,1,9,0,9,0,2,0,0,0,0,1,1,6,2,8,1896,2,8,-1,1
2013950002406,2,9,0,3,0,2,0,0,0,0,2,1,6,2,8,1686,2,3,-1,1
2013950002411,1,9,0,18,0,1,0,0,0,0,1,1,6,2,9,1794,1,5,-1,2
2013950002417,1,9,0,2,0,2,0,0,0,0,3,1,6,3,-1,-1,-1,-1,-1,-1
2013950002417,2,1,0,14,0,1,0,0,0,0,1,1,2,1,5,-1,-1,-1,-1,1
2013950002420,1,1,0,18,0,1,0,0,0,0,1,1,2,2,7,-1,-1,-1,-1,1
2013950002420,2,9,0,4,0,1,0,0,0,0,2,1,6,3,-1,-1,-1,-1,-1,-1
2013950002421,1,11,0,18,0,0,0,0,0,0,3,1,2,1,8,7300,2,5,-1,1
2013950002422,1,19,0,9,0,8,0,0,0,0,4,1,1,1,9,2402,2,5,-1,1
2013950002423,1,9,0,18,0,1,0,0,0,0,1,1,1,1,8,1598,2,1,-1,1
2013950002423,2,9,0,18,0,1,0,0,0,0,2,1,6,2,9,1598,1,8,-1,1
2013950002425,1,9,0,13,0,0,0,0,0,0,1,1,6,1,10,1149,1,2,-1,-1
2013950002425,2,9,0,4,0,0,0,0,0,0,2,1,6,1,6,3960,1,14,-1,1
2013950002430,1,9,0,9,0,8,0,0,0,0,3,1,6,2,6,-1,-1,-1,-1,1
2013950002430,2,1,0,18,4,1,0,0,0,0,1,1,6,1,5,-1,-1,-1,-1,1
2013950002431,1,9,0,7,0,3,0,0,0,0,1,1,6,2,9,1329,1,3,-1,3
2013950002431,2,9,0,7,0,4,0,0,0,0,2,1,2,2,6,1242,1,6,-1,1
2013950002432,1,11,0,5,0,0,0,0,0,0,4,1,1,1,-1,-1,-1,-1,-1,-1
2013950002436,1,11,0,3,2,0,0,0,0,0,0,1,1,1,8,4500,2,2,-1,1
2013950002440,1,9,0,18,0,3,0,0,0,0,1,1,6,2,6,1984,1,16,-1,3
2013950002444,1,4,0,18,0,0,0,0,1,0,1,1,2,1,6,918,1,15,-1,3
2013950002445,1,9,0,18,0,0,0,0,0,0,1,1,2,1,4,1124,1,12,-1,1
2013950002445,2,19,0,18,0,0,0,0,0,0,1,1,2,1,8,1968,2,1,-1,-1
2013950002455,1,9,0,18,0,1,0,0,0,0,1,1,6,1,4,1598,1,11,-1,1
2013950002455,2,19,0,3,0,1,0,0,0,0,2,1,6,1,6,1868,2,14,-1,3
2013950002457,1,9,0,9,0,1,0,0,0,0,1,1,2,2,6,1390,1,1,-1,1
2013950002457,2,9,0,18,0,8,0,0,0,0,1,1,6,2,4,1149,1,12,-1,1
2013950002458,1,9,0,6,0,8,0,0,0,0,3,1,2,1,6,1560,2,1,-1,1
2013950002458,2,9,0,18,0,8,0,0,0,0,1,1,6,2,8,1149,1,4,-1,1
2013950002459,1,9,0,18,0,0,0,0,0,0,1,1,6,1,7,1495,1,11,-1,1
2013950002459,2,9,0,18,0,0,0,0,0,0,1,1,6,1,10,2000,2,6,-1,1
2013950002462,1,9,0,18,0,2,0,0,0,0,1,1,6,2,7,1796,1,12,-1,1
2013950002462,2,9,0,4,0,2,0,0,0,0,1,1,6,2,7,1586,1,7,-1,1
2013950002462,3,9,0,4,0,2,0,0,0,0,2,1,6,1,7,1590,1,12,-1,1
2013950002463,1,11,0,3,0,0,0,0,0,0,0,1,1,1,9,-1,-1,-1,-1,1
2013950002464,1,9,0,18,0,0,0,0,0,0,4,1,6,2,5,1198,1,7,-1,3
2013950002465,1,9,0,18,0,1,0,4,0,0,1,1,2,1,9,1998,2,11,-1,1
2013950002465,2,9,0,3,0,1,0,0,0,0,2,1,2,2,8,1124,1,9,-1,1
2013950002466,1,9,0,18,0,0,0,0,0,0,1,1,6,1,6,1198,1,6,-1,1
2013950002467,1,19,0,14,0,0,0,0,0,0,0,1,1,2,6,2148,2,5,-1,1
2013950002467,2,90,0,5,0,0,0,0,0,0,0,1,1,1,6,7142,2,6,-1,1
2013950002473,1,11,0,12,0,0,0,0,0,0,0,1,6,3,-1,-1,-1,-1,-1,-1
2013950002473,2,1,0,13,0,0,0,0,7,0,0,1,6,1,7,-1,-1,-1,-1,1
2013950002475,1,9,0,17,0,0,0,0,0,10,0,1,6,1,5,1124,1,16,-1,3
2013950002476,1,9,0,18,0,6,0,0,0,0,0,1,1,3,-1,-1,-1,-1,-1,-1
2013950002477,1,9,0,16,0,1,0,0,0,0,1,1,6,1,5,1388,1,10,-1,1
2013950002477,2,9,0,4,0,1,0,0,0,0,2,1,6,2,8,1364,2,4,-1,1
2013950002477,3,9,0,1,0,2,0,0,0,0,0,1,6,1,7,2400,2,4,-1,1
2013950002479,1,21,0,11,0,2,0,0,0,0,4,1,2,1,7,11705,2,8,-1,3
2013950002479,2,9,0,18,0,2,0,0,0,0,3,1,2,1,8,1587,1,6,-1,1
2013950002480,1,19,0,18,0,0,0,0,4,6,1,1,1,1,7,1998,2,9,-1,1
2013950002481,1,9,0,5,0,2,0,0,0,0,1,1,6,1,7,2497,1,12,-1,1
2013950002481,2,9,0,18,0,8,0,0,0,0,1,1,2,2,6,1242,1,2,-1,1
2013950002484,1,19,0,18,0,1,0,0,0,0,3,1,6,3,-1,-1,-1,-1,-1,-1
2013950002485,1,9,0,18,0,0,0,0,0,0,4,1,6,1,6,1995,2,3,-1,1
2013950002486,1,9,0,18,0,2,0,0,0,0,1,1,2,2,5,1896,2,11,-1,1
2013950002486,2,9,0,3,0,2,0,0,0,0,2,1,6,2,7,999,1,14,-1,1
2013950002487,1,9,0,18,0,0,0,0,0,0,1,1,6,2,7,1399,2,9,-1,3
2013950002487,2,19,0,4,0,0,0,0,0,0,2,1,1,1,9,1968,2,1,-1,1
2013950002499,1,9,0,1,0,0,0,0,0,0,2,1,2,1,5,1360,1,10,-1,1
2013950002500,1,21,0,9,0,8,0,0,0,0,3,1,1,1,8,9200,2,8,-1,2
2013950002500,2,11,0,18,0,1,0,0,0,0,3,1,1,1,8,-1,-1,-1,-1,3
2013950002501,1,9,0,18,0,1,0,0,0,0,1,1,2,1,8,1968,2,4,-1,1
2013950002501,2,9,0,18,0,8,0,0,1,10,3,1,2,1,6,1461,2,12,-1,2
2013950002501,3,9,0,3,0,1,0,0,0,0,3,1,6,1,10,1985,1,10,-1,1
2013950002502,1,2,0,18,0,3,1,0,0,0,0,1,6,1,4,50,1,2,-1,2
2013950002503,1,9,0,18,0,1,0,0,1,0,1,1,6,1,11,1248,1,1,-1,1
2013950002503,2,9,0,10,0,1,0,0,0,0,3,1,6,2,7,1388,1,12,-1,1
2013950002503,3,9,0,10,0,1,0,0,0,0,3,1,6,2,5,1229,1,4,-1,1
2013950002504,1,9,0,7,0,2,0,0,0,0,1,1,6,1,11,1248,1,1,-1,1
2013950002504,2,1,0,18,0,1,0,0,0,0,3,1,6,1,7,-1,-1,-1,-1,1
2013950002505,1,2,0,7,0,3,1,0,0,0,4,1,1,1,7,125,1,5,-1,1
2013950002506,1,9,0,18,0,2,1,0,0,0,1,1,6,2,10,1199,1,13,-1,2
2013950002506,2,9,0,18,0,2,0,0,0,0,2,1,6,1,8,1598,1,14,-1,-1
2013950002507,1,9,0,5,0,0,0,0,0,0,0,1,6,3,-1,-1,-1,-1,-1,-1
2013950002507,2,4,0,18,0,0,1,0,0,0,0,1,2,1,8,645,1,11,-1,1
2013950002509,1,11,0,18,0,0,0,0,0,0,0,1,1,1,8,7300,2,7,-1,1
2013950002511,1,9,0,18,0,1,0,0,0,0,1,1,2,2,5,1396,1,10,-1,1
2013950002511,2,19,0,9,0,1,0,0,0,0,1,1,2,1,6,1686,2,9,-1,1
2013950002516,1,19,0,18,0,1,0,0,0,0,1,1,1,1,6,1248,2,1,-1,1
2013950002516,2,9,0,18,0,1,0,0,0,0,2,1,6,2,7,1560,2,5,-1,1
2013950002525,1,8,0,9,0,8,0,0,0,0,3,1,1,1,8,1997,2,2,-1,1
2013950002531,1,8,0,4,0,1,0,0,0,0,1,1,6,2,7,2446,2,10,-1,1
2013950002534,1,9,0,4,0,0,0,0,0,0,1,1,6,1,6,1596,1,9,-1,1
2013950002534,2,9,0,3,0,0,0,0,0,0,2,1,6,1,6,1796,1,10,-1,1
2013950002535,1,21,0,1,0,8,0,0,0,0,2,1,1,3,-1,-1,-1,-1,-1,-1
2013950002539,1,9,0,7,0,5,0,0,0,0,4,1,6,3,-1,1242,1,1,-1,-1
2013950002539,2,1,0,18,0,1,0,0,0,0,1,1,6,1,7,-1,-1,-1,-1,1
2013950002540,1,9,0,2,0,1,0,0,0,0,3,1,6,3,-1,-1,-1,-1,-1,-1
2013950002540,2,1,0,18,0,1,0,0,0,0,1,1,6,2,3,-1,-1,-1,-1,1
2013950002543,1,9,0,18,0,0,1,0,1,9,2,1,6,1,8,1796,1,12,-1,-1
2013950002544,1,9,0,18,0,0,0,0,1,9,1,1,6,1,5,1149,1,14,-1,3
2013950002547,1,9,0,18,0,0,2,0,7,9,1,1,6,1,6,1396,1,15,-1,1
2013950002551,1,9,0,4,0,1,1,0,0,0,1,1,2,1,6,1905,2,19,-1,2
2013950002551,2,9,0,4,0,4,0,0,0,0,2,1,6,2,8,1995,2,3,-1,3
2013950002553,1,9,0,18,0,4,0,0,0,0,1,1,1,1,6,1461,2,3,-1,2
2013950002553,2,3,0,18,0,4,0,0,0,0,2,1,6,1,7,100,1,15,-1,1
2013950002554,1,9,0,13,0,0,0,0,0,0,0,1,6,3,-1,-1,-1,-1,-1,-1
2013950002554,2,9,0,18,0,0,5,0,1,10,1,1,6,1,5,1587,1,10,-1,2
2013950002555,1,9,0,9,0,8,0,0,0,0,3,1,6,1,6,1229,1,1,-1,1
2013950002556,1,9,0,8,0,1,0,0,0,0,1,1,6,1,6,1781,1,15,-1,1
2013950002556,2,9,0,8,0,1,0,0,0,0,2,1,6,2,9,1242,1,1,-1,1
2013950002557,1,9,0,9,0,8,0,0,0,0,3,1,6,1,7,1390,1,3,-1,1
2013950002557,2,9,0,18,0,8,0,0,0,0,3,1,6,2,5,1229,1,4,-1,1
2013950002558,1,9,0,18,0,2,0,0,0,0,1,1,1,2,8,1229,1,7,-1,1
2013950002558,2,9,0,18,0,8,0,7,0,0,3,1,6,2,7,1242,1,5,-1,1
2013950002562,1,8,0,18,0,8,0,0,0,0,1,1,1,1,7,2402,2,7,-1,1
2013950002563,1,9,0,18,0,4,0,0,0,0,1,1,6,1,7,1598,1,9,-1,1
2013950002563,2,9,0,18,0,4,0,0,0,0,2,1,6,2,10,2199,2,3,-1,2
2013950002564,1,9,0,11,0,1,0,0,0,0,2,1,6,3,-1,-1,-1,-1,-1,-1
2013950002564,2,1,0,18,0,1,0,0,0,0,3,1,2,2,7,-1,-1,-1,-1,1
2013950002565,1,9,0,7,0,8,0,0,0,0,4,1,6,2,6,1798,1,1,-1,1
2013950002565,2,1,0,5,4,8,0,0,0,0,0,1,6,1,5,-1,-1,-1,-1,1
2013950002566,1,9,0,18,0,8,0,0,0,0,3,1,6,1,5,1596,1,11,-1,2
2013950002567,1,9,0,9,0,8,0,0,0,0,1,1,6,2,5,999,1,12,-1,1
2013950002567,2,3,0,18,0,8,0,0,0,0,1,1,2,1,7,124,1,1,-1,1
2013950002568,1,9,0,9,0,8,0,0,0,0,3,1,6,1,5,998,1,3,-1,1
2013950002568,2,9,0,18,0,8,0,0,0,0,1,1,6,1,5,1242,1,12,-1,1
2013950002569,1,9,0,1,0,2,0,0,0,0,2,1,6,1,6,998,1,4,-1,-1
2013950002572,1,9,0,9,0,8,0,0,0,0,4,1,6,1,6,1896,2,17,-1,1
2013950002572,2,9,0,18,0,8,0,0,0,0,1,1,6,1,8,2616,1,7,-1,1
2013950002573,1,9,0,18,0,1,5,0,1,0,4,1,1,1,7,2402,2,6,-1,1
2013950002577,1,19,0,18,0,1,1,0,1,11,1,1,1,1,7,1461,2,5,-1,-1
2013950002585,1,9,0,18,0,0,0,0,0,0,1,1,6,1,8,1997,2,9,-1,1
2013950002586,1,9,0,1,0,0,0,0,0,0,2,1,6,1,10,1399,1,6,-1,1
2013950002586,2,4,0,6,0,0,0,0,0,0,1,1,6,1,8,1250,1,13,-1,1
2013950002587,1,19,0,9,0,8,0,0,0,0,1,1,1,1,7,1998,2,8,-1,1
2013950002587,2,1,0,18,0,1,0,0,0,0,3,1,6,1,7,-1,-1,-1,-1,1
2013950002593,1,9,0,9,0,4,0,0,0,0,3,1,6,2,9,1248,2,1,-1,1
2013950002593,2,3,0,18,0,4,0,0,0,0,1,1,6,1,6,124,1,1,-1,1
2013950002594,1,9,0,18,0,1,0,0,0,0,0,1,2,1,6,1997,1,9,-1,1
2013950002594,2,9,0,18,0,1,0,0,0,0,1,1,1,2,7,2295,1,11,-1,3
2013950002613,1,8,0,18,0,0,0,0,0,0,1,1,1,1,8,2664,2,14,-1,1
2013950002614,1,9,0,18,0,0,0,0,1,11,1,1,1,1,5,1248,2,4,-1,1
2013950002629,1,9,0,18,0,1,0,0,0,0,1,1,6,2,5,1422,2,12,-1,1
2013950002630,1,9,0,9,0,8,0,0,0,0,1,1,6,2,7,998,1,10,-1,1
2013950002630,2,3,0,18,0,8,0,0,0,0,4,1,2,1,4,-1,-1,-1,-1,1
2013950002635,1,19,0,5,0,0,0,0,0,0,2,1,6,3,-1,1995,2,2,-1,-1
2013950002635,2,19,0,2,0,0,0,0,0,0,2,1,6,3,-1,1399,2,3,-1,-1
2013950002635,3,9,0,2,0,0,0,0,0,0,1,1,6,3,-1,-1,-1,-1,-1,-1
2013950002641,1,9,0,3,0,4,0,0,0,0,1,1,6,2,8,1399,2,7,-1,2
2013950002641,2,9,0,3,0,4,0,0,0,0,2,1,6,1,6,1588,1,12,-1,2
2013950002642,1,9,0,18,0,1,5,0,1,4,1,1,6,2,4,1242,1,7,-1,3
2013950002644,1,9,0,9,0,8,0,0,0,0,1,1,6,2,8,1364,1,5,-1,1
2013950002644,2,9,0,18,0,8,0,0,0,0,4,1,6,1,5,1596,1,3,-1,1
2013950002647,1,9,0,11,0,0,0,0,0,0,4,1,6,1,6,998,1,11,-1,1
2013950002647,2,9,0,18,0,0,0,0,0,0,3,1,6,2,6,1229,1,7,-1,1