Accident_Index,Vehicle_Reference,Vehicle_Type,Towing_and_Articulation,Vehicle_Manoeuvre,Vehicle_Location-Restricted_Lane,Junction_Location,Skidding_and_Overturning,Hit_Object_in_Carriageway,Vehicle_Leaving_Carriageway,Hit_Object_off_Carriageway,1st_Point_of_Impact,Was_Vehicle_Left_Hand_Drive?,Journey_Purpose_of_Driver,Sex_of_Driver,Age_Band_of_Driver,Engine_Capacity_(CC),Propulsion_Code,Age_of_Vehicle,Driver_IMD_Decile,Driver_Home_Area_Type
2013950002653,1,11,0,18,0,0,0,0,0,0,0,1,1,1,9,9360,2,4,-1,1
2013950002654,1,9,0,5,0,0,0,0,0,0,1,1,6,2,9,1598,1,10,-1,1
2013950002654,2,9,0,3,0,0,0,0,0,0,2,1,6,1,8,1598,1,6,-1,3
2013950002655,1,8,0,18,0,1,0,0,0,0,4,1,1,1,8,1997,2,2,-1,2
2013950002656,1,11,0,18,0,0,0,0,0,0,1,1,1,1,7,9360,2,3,-1,3
2013950002656,2,9,0,4,0,0,0,0,0,0,2,1,6,2,9,2149,2,6,-1,1
2013950002657,1,9,0,5,0,0,0,4,7,10,1,1,6,1,9,899,1,16,-1,1
2013950002657,2,9,0,2,0,0,0,0,0,0,2,1,6,3,-1,1598,1,9,-1,-1
2013950002658,1,9,0,18,0,0,0,0,0,0,1,1,6,2,10,1587,1,14,-1,2
2013950002658,2,9,0,18,0,0,0,0,0,0,1,1,6,2,7,1896,2,8,-1,3
2013950002659,1,9,0,9,0,8,0,0,0,0,4,1,6,2,10,998,1,9,-1,1
2013950002659,2,1,0,18,4,8,0,0,0,0,1,1,6,1,6,-1,-1,-1,-1,1
2013950002660,1,9,0,1,0,0,0,0,0,0,2,1,6,2,4,1397,1,4,-1,1
2013950002661,1,9,0,18,0,2,0,0,0,0,1,1,6,1,7,1995,2,6,-1,2
2013950002661,2,9,0,18,0,2,0,0,0,0,1,1,6,2,6,1598,1,11,-1,3
2013950002662,1,9,0,16,0,0,0,0,0,0,1,1,2,1,9,1896,2,7,-1,3
2013950002662,2,9,0,18,0,0,0,0,0,0,3,1,2,1,8,1991,2,5,-1,2
2013950002663,1,19,0,9,0,5,0,0,0,0,1,1,1,1,6,2461,2,6,-1,1
2013950002663,2,1,0,18,0,8,0,0,0,0,3,1,6,1,7,-1,-1,-1,-1,1
2013950002664,1,9,0,18,0,3,0,0,0,0,1,1,6,1,8,2199,2,1,-1,1
2013950002664,2,1,0,18,0,3,0,0,0,0,3,1,6,1,8,-1,-1,-1,-1,3
2013950002665,1,9,0,18,0,0,0,0,0,0,1,1,6,1,7,2179,2,4,-1,1
2013950002665,2,9,0,4,0,0,0,0,0,0,2,1,6,1,8,1339,1,6,-1,1
2013950002665,3,9,0,3,0,0,0,0,0,0,2,1,6,2,8,1587,1,4,-1,1
2013950002665,4,9,0,3,0,0,0,0,0,0,2,1,6,2,6,1388,1,1,-1,1
2013950002666,1,9,0,9,0,6,0,0,0,0,1,1,6,1,7,1364,1,4,-1,1
2013950002666,2,4,0,14,0,8,0,0,0,0,4,1,6,1,7,670,1,1,-1,1
2013950002667,1,1,0,18,0,0,0,0,0,0,1,1,6,1,6,-1,-1,-1,-1,1
2013950002667,2,9,0,2,0,0,0,0,0,0,1,1,6,3,-1,1368,1,4,-1,-1
2013950002668,1,9,0,10,0,1,0,0,0,0,0,1,6,2,8,1586,1,5,-1,1
2013950002668,2,4,0,18,0,8,0,0,0,0,0,1,6,1,9,1520,1,11,-1,1
2013950002670,1,11,0,18,2,0,0,0,0,0,1,1,1,1,5,-1,-1,-1,-1,1
2013950002671,1,9,0,18,0,0,1,0,0,0,1,1,2,1,8,1762,1,13,-1,2
2013950002671,2,9,0,18,0,0,0,0,0,0,2,1,6,1,7,1896,2,7,-1,1
2013950002671,3,9,0,4,0,0,0,0,0,0,2,1,6,1,8,1870,2,7,-1,1
2013950002672,1,9,0,9,0,8,0,0,0,0,3,1,6,1,11,1896,2,10,-1,3
2013950002672,2,9,0,18,0,8,0,0,0,0,1,1,2,2,9,998,1,11,-1,1
2013950002673,1,9,0,1,0,0,0,0,0,0,1,1,6,2,8,1994,1,10,-1,3
2013950002673,2,9,0,18,0,0,0,0,7,0,1,1,6,1,5,1997,2,12,-1,3
2013950002674,1,8,0,18,0,8,0,0,0,0,4,1,1,1,9,1997,2,1,-1,2
2013950002706,1,4,0,18,0,0,1,0,0,0,3,1,6,1,7,-1,-1,-1,7,1
2013950002707,1,9,0,18,0,2,0,0,0,0,3,1,6,2,6,1360,1,10,-1,1
2013950002708,1,9,0,18,0,1,0,0,0,0,1,1,6,2,6,1798,1,10,-1,1
2013950002708,2,9,0,4,0,1,0,0,0,0,2,1,1,2,7,-1,-1,-1,-1,1
2013950002709,1,11,0,3,0,1,0,0,0,0,0,1,1,1,8,7300,2,5,-1,1
2013950002710,1,11,0,18,0,1,0,0,0,0,0,1,1,1,6,7300,2,7,-1,3
2013950002711,1,9,0,4,0,1,0,0,0,0,1,1,6,1,9,1896,2,8,-1,1
2013950002711,2,9,0,18,0,1,0,0,0,0,4,1,6,1,5,1388,1,13,-1,1
2013950002712,1,11,0,5,0,5,0,0,0,0,0,1,1,1,7,7300,2,7,-1,1
2013950002713,1,9,0,13,0,1,0,0,0,0,0,1,6,3,-1,-1,-1,-1,-1,-1
2013950002713,2,1,0,18,0,1,0,0,0,0,0,1,6,1,7,-1,-1,-1,-1,1
2013950002714,1,9,0,9,0,8,0,0,0,0,1,1,2,1,6,1388,1,7,-1,1
2013950002714,2,1,0,9,0,8,0,0,0,0,2,1,2,1,7,-1,-1,-1,-1,1
2013950002715,1,19,0,18,0,1,0,0,0,0,1,1,2,1,10,2143,2,3,-1,1
2013950002715,2,9,0,4,0,1,0,0,0,0,2,1,6,1,9,2179,2,-1,-1,-1
2013950002716,1,9,0,18,0,1,0,0,0,0,1,1,2,1,7,2183,2,2,-1,1
2013950002716,2,9,0,3,0,1,0,0,0,0,2,1,6,1,5,1149,1,8,-1,1
2013950002716,3,9,0,3,0,1,0,0,0,0,2,1,6,1,6,1598,2,2,-1,-1
2013950002717,1,9,0,18,0,0,0,0,0,0,1,1,6,1,11,1493,2,6,-1,1
2013950002717,2,9,0,4,0,0,0,0,0,0,2,1,2,1,6,1149,1,3,-1,2
2013950002717,3,9,0,3,0,0,0,0,0,0,2,1,6,2,7,1999,1,7,-1,1
2013950002718,1,9,0,18,0,0,0,0,0,0,1,1,6,2,7,1968,2,1,-1,1
2013950002718,2,9,0,3,0,0,0,0,0,0,2,1,6,1,4,1229,1,3,-1,2
2013950002718,3,9,0,3,0,0,0,0,0,0,2,1,6,2,8,1591,1,1,-1,1
2013950002733,1,9,0,18,0,4,0,0,0,0,1,1,2,2,9,1398,2,1,-1,2
2013950002733,2,9,0,18,0,4,0,0,0,0,2,1,6,1,6,2979,1,9,-1,1
2013950002735,1,9,0,2,0,1,0,0,0,0,0,1,6,2,9,1461,2,2,10,2
2013950002741,1,9,0,18,0,0,0,0,0,0,3,1,6,2,5,1229,1,1,-1,3
2013950002741,2,9,0,18,0,0,0,0,0,0,4,1,6,1,5,1598,1,15,-1,3
2013950002746,1,9,0,5,0,1,0,0,0,0,1,1,6,1,7,2401,2,8,-1,1
2013950002746,2,9,0,18,0,8,0,0,2,11,1,1,2,2,5,1242,1,2,-1,1
2013950002746,3,1,0,18,0,8,0,0,0,0,3,1,2,1,6,-1,-1,-1,-1,3
2013950002746,4,21,0,18,0,1,0,0,0,0,1,1,1,1,8,-1,-1,-1,-1,1
2013950002761,1,11,0,5,0,8,0,0,0,0,0,1,1,1,6,7300,2,9,-1,1
2013950002763,1,19,0,11,0,0,0,0,0,0,0,1,6,3,-1,2500,2,12,-1,-1
2013950002763,2,11,0,5,0,0,0,0,0,0,0,1,1,1,7,5883,2,11,-1,1
2013950002765,1,21,0,16,0,0,0,0,0,0,0,1,1,1,8,6693,2,-1,-1,1
2013950002765,2,19,0,17,0,0,0,11,0,0,1,1,6,1,8,2402,2,10,-1,1
2013950002797,1,9,0,5,0,8,0,0,0,0,3,1,1,2,9,1997,2,9,-1,2
2013950002797,2,9,0,18,0,8,0,0,1,0,1,1,1,3,-1,1968,2,6,-1,-1
2013950002818,1,9,0,14,0,1,0,0,7,11,1,1,1,3,-1,1248,2,-1,-1,-1
2013950002818,2,9,0,9,0,1,0,0,0,0,3,1,2,2,8,1995,2,1,-1,1
2013950002819,1,9,0,17,0,0,0,0,0,0,3,1,6,1,6,1783,1,11,-1,-1
2013950002819,2,9,0,18,0,0,0,0,0,0,3,1,6,1,8,1399,2,2,-1,1
2013950002820,1,9,0,18,0,1,5,4,0,0,4,1,6,1,9,1242,1,-1,-1,1
2013950002820,2,9,0,2,0,1,0,0,0,0,3,1,6,3,-1,1596,1,3,-1,-1
2013950002820,3,9,0,2,0,1,0,0,0,0,3,1,6,3,-1,2000,2,9,-1,-1
2013950002821,1,9,0,9,0,8,0,0,0,0,1,1,6,2,8,1229,1,5,-1,1
2013950002821,2,9,0,18,0,8,0,0,0,0,1,1,6,2,9,1968,2,2,-1,3
2013950002822,1,9,0,18,0,8,0,0,0,0,1,1,1,2,8,1598,1,10,-1,1
2013950002822,2,1,0,18,0,8,0,0,0,0,3,1,2,1,9,-1,-1,-1,-1,1
2013950002823,1,9,0,7,0,1,0,0,0,0,0,1,6,3,-1,-1,-1,-1,-1,-1
2013950002823,2,1,0,18,0,1,0,0,0,0,0,1,6,1,7,-1,-1,-1,-1,3
2013950002824,1,9,0,14,0,1,0,0,0,0,1,1,6,1,11,1850,1,13,-1,1
2013950002825,1,9,0,18,0,0,0,0,0,0,1,1,6,1,5,1399,1,10,-1,1
2013950002825,2,9,0,18,0,0,0,0,0,0,1,1,6,2,6,1388,1,3,-1,1
2013950002826,1,19,0,18,0,0,0,0,0,0,4,1,6,3,-1,-1,-1,-1,-1,-1
2013950002856,1,9,0,6,0,8,0,0,0,0,4,1,6,2,7,1598,2,1,-1,1
2013950002856,2,3,0,18,0,8,0,0,0,0,1,1,6,1,4,592,1,23,-1,1
2013950002858,1,9,0,18,0,0,0,0,0,0,1,1,6,2,6,1796,1,14,-1,1
2013950002858,2,9,0,4,0,0,0,0,0,0,2,1,2,2,8,1598,1,1,-1,1
2013950002860,1,4,0,18,0,0,2,0,0,0,1,1,2,1,7,498,1,16,-1,1
2013950002861,1,9,0,7,0,2,0,0,0,0,1,1,2,2,8,1242,1,1,-1,1
2013950002861,2,1,0,18,0,1,0,0,0,0,1,1,6,1,7,-1,-1,-1,-1,1
2013950002862,1,9,0,9,0,8,0,0,7,11,4,1,1,1,7,1896,2,13,-1,1
2013950002862,2,9,0,18,0,8,0,0,1,0,4,1,2,2,4,1598,1,8,-1,3
2013950002863,1,9,0,9,0,8,0,0,0,0,1,1,6,1,10,1598,1,4,-1,2
2013950002863,2,4,0,18,0,8,0,0,0,0,1,1,6,1,7,748,1,10,-1,2
2013950002866,1,9,0,13,0,8,0,0,0,0,1,1,2,1,8,996,1,4,-1,1
2013950002866,2,90,0,18,0,8,0,0,0,0,2,1,1,1,5,6728,2,2,-1,1
2013950002868,1,19,0,18,0,0,0,0,0,0,1,1,1,1,6,2198,2,3,-1,2
2013950002868,2,9,0,18,0,0,0,0,0,6,2,1,6,2,8,1591,1,2,-1,1
2013950002868,3,9,0,18,0,0,0,0,0,0,2,1,6,2,7,1197,1,1,-1,1
2013950002878,1,9,0,18,0,1,0,0,0,0,1,1,6,1,10,999,1,14,-1,1
2013950002878,2,9,0,3,0,1,0,0,0,0,2,1,6,2,8,-1,-1,-1,-1,2
2013950002882,1,4,0,18,0,1,0,0,0,0,1,1,6,1,5,599,1,9,-1,1
2013950002882,2,11,0,9,0,1,0,0,0,0,3,1,1,1,5,8300,2,9,-1,1
2013950002884,1,9,0,5,0,0,0,0,0,0,1,1,6,1,9,1240,1,5,-1,1
2013950002884,2,9,0,18,0,0,0,0,0,0,4,1,6,2,7,1798,1,4,-1,1
2013950002885,1,9,0,18,0,0,0,0,0,0,1,1,2,1,9,-1,-1,-1,10,1
2013950002885,2,9,0,18,0,0,0,0,0,0,3,1,6,2,8,1390,1,4,-1,3
2013950002885,3,9,0,18,0,0,0,0,0,0,2,1,2,1,6,1461,2,7,-1,1
2013950002885,4,9,0,4,0,0,0,0,0,0,2,1,1,1,9,2987,2,2,7,1
2013950002886,1,1,0,9,0,8,0,0,0,0,1,1,2,1,8,-1,-1,-1,-1,1
2013950002886,2,9,0,16,0,8,0,0,0,0,1,1,2,2,6,1229,1,6,-1,1
2013950002887,1,1,0,18,0,1,0,0,0,0,1,1,6,2,2,-1,-1,-1,-1,1
2013950002887,2,4,0,14,0,1,0,0,0,0,1,1,6,1,5,124,1,3,-1,1
2013950002888,1,9,0,4,0,0,0,0,0,0,1,1,1,1,6,1198,1,2,3,1
2013950002888,2,9,0,3,0,0,0,0,0,0,2,1,6,1,8,1984,1,12,-1,1
2013950002888,3,9,0,3,0,0,0,0,0,0,2,1,6,1,6,1995,1,5,-1,1
2013950002889,1,9,0,18,0,2,0,0,0,0,1,1,6,1,10,1998,2,7,-1,3
2013950002889,2,1,0,18,0,2,0,0,0,0,2,1,2,1,7,-1,-1,-1,-1,3
2013950002890,1,90,5,18,0,0,0,0,0,0,2,1,1,1,6,-1,-1,-1,-1,3
2013950002890,2,9,5,18,0,0,0,0,0,0,2,1,1,2,8,1997,2,11,-1,2
2013950002891,1,11,0,5,0,1,0,0,0,0,0,1,1,1,6,9360,2,6,-1,1
2013950002892,1,4,0,13,0,2,0,0,0,0,3,1,6,1,7,749,1,11,-1,2
2013950002893,1,4,0,13,0,1,0,0,7,10,3,1,6,1,8,1050,1,4,-1,1
2013950002893,2,9,0,9,0,1,0,0,0,0,3,1,1,1,6,1896,2,13,-1,1
2013950002894,1,9,0,18,0,0,0,0,7,10,1,1,6,2,11,1242,1,4,-1,1
2013950002896,1,9,0,18,0,8,0,0,0,0,1,1,6,3,-1,-1,-1,-1,-1,-1
2013950002897,1,9,0,12,0,1,0,0,0,0,0,1,6,2,6,1368,1,-1,-1,1
2013950002897,2,9,0,18,0,1,0,0,0,0,3,1,6,1,6,1587,1,15,-1,1
2013950002898,1,9,0,7,0,8,0,0,0,0,1,1,2,1,6,1242,1,5,-1,2
2013950002898,2,1,0,7,0,8,5,0,0,0,1,1,6,1,8,-1,-1,-1,-1,3
2013950002900,1,4,0,18,0,1,0,0,0,0,4,1,6,1,8,649,1,18,-1,-1
2013950002900,2,9,0,18,0,1,0,0,0,0,3,1,6,1,8,2494,1,9,-1,1
2013950002901,1,9,0,18,0,0,0,0,0,0,1,1,2,1,6,-1,-1,-1,-1,1
2013950002901,2,9,0,18,0,0,0,0,2,0,3,1,2,1,8,1997,2,2,-1,1
2013950002904,1,9,0,18,0,1,0,0,0,0,1,1,6,3,-1,-1,-1,-1,-1,-1
2013950002904,2,11,0,17,0,1,0,0,0,0,0,1,1,1,5,7300,2,7,-1,1
2013950002904,3,21,0,3,0,1,0,0,0,0,1,1,6,3,-1,-1,-1,-1,-1,-1
2013950002905,1,90,0,1,0,1,0,0,0,0,2,1,1,1,6,6370,2,2,-1,1
2013950002906,1,9,0,17,0,0,0,0,7,0,1,1,2,2,6,1229,1,3,-1,1
2013950002906,2,9,0,18,0,0,0,0,0,0,1,1,2,1,7,-1,-1,-1,-1,3
2013950002909,1,9,0,9,0,8,0,0,0,0,2,1,6,1,8,1995,2,-1,-1,-1
2013950002909,2,4,0,18,0,8,0,0,0,0,1,1,6,1,7,748,1,17,-1,1
2013950002909,3,9,0,18,0,8,0,0,0,0,1,1,6,1,6,796,1,9,-1,1
2013950002915,1,9,0,4,0,0,0,0,0,0,1,1,6,2,7,2401,2,9,-1,1
2013950002915,2,9,0,3,0,0,0,0,0,0,2,1,6,2,6,1796,1,6,-1,1
2013950002916,1,21,0,13,0,0,0,0,0,0,4,2,1,1,6,-1,-1,-1,-1,-1
2013950002916,2,1,0,18,0,0,0,0,0,0,3,1,6,2,9,-1,-1,-1,-1,2
2013950002917,1,8,0,2,0,2,0,0,0,0,3,1,1,1,8,2664,2,11,-1,1
2013950002917,2,1,0,13,0,2,0,0,0,0,2,1,6,1,7,-1,-1,-1,-1,1
2013950002918,1,9,0,18,0,1,0,0,0,0,1,1,6,2,7,1997,2,14,-1,1
2013950002918,2,9,0,2,0,1,0,0,0,0,2,1,6,3,-1,1686,2,-1,-1,-1
2013950002919,1,9,0,15,0,2,0,0,0,0,4,1,1,1,8,1560,2,1,-1,1
2013950002920,1,9,0,18,0,1,0,0,0,0,4,1,6,1,9,1910,2,9,-1,3
2013950002921,1,19,0,18,0,0,0,0,0,0,1,1,1,1,5,2143,2,1,-1,2
2013950002921,2,1,0,18,0,0,0,0,0,0,1,1,6,1,3,-1,-1,-1,-1,3
2013950002922,1,9,0,18,0,1,0,0,0,0,1,1,6,1,6,1896,2,11,-1,1
2013950002922,2,9,0,18,0,1,0,0,0,0,2,1,6,2,6,1598,1,2,-1,1
2013950002925,1,11,0,9,0,1,0,0,0,0,1,1,1,1,8,5883,2,11,-1,1
2013950002925,2,9,0,18,0,8,0,0,0,0,1,1,2,2,7,1339,1,2,-1,1
2013950002930,1,11,0,5,2,0,0,0,0,0,0,1,1,1,8,-1,2,14,-1,1
2013950002933,1,4,0,18,0,0,1,0,0,0,3,1,6,1,9,198,1,10,-1,1
2013950002935,1,9,0,18,0,8,0,0,0,0,4,1,1,1,8,1968,2,4,-1,2
2013950002935,2,9,0,18,0,8,0,0,0,0,1,1,2,2,9,996,1,4,-1,1
2013950002939,1,9,0,18,0,7,0,0,0,0,1,1,1,3,-1,1753,2,4,-1,-1
2013950002939,2,9,0,4,0,7,0,0,0,0,2,1,1,2,8,1248,2,2,-1,3
2013950002942,1,9,0,5,0,4,0,0,0,0,1,1,2,1,9,1240,1,5,-1,1
2013950002942,2,9,0,3,0,4,0,0,0,0,1,1,3,2,6,1781,1,16,-1,1
2013950002945,1,9,0,18,0,0,0,0,0,0,1,1,6,2,7,1299,1,7,-1,1
2013950002945,2,9,0,4,0,0,0,0,0,0,2,1,6,2,6,1498,1,1,-1,3
2013950002980,1,9,0,18,0,0,0,0,0,0,0,1,6,1,9,-1,-1,-1,-1,-1
2013950002981,1,9,0,4,0,1,0,0,0,0,1,1,6,1,11,1598,2,2,-1,1
2013950002984,1,90,0,9,0,8,0,0,0,0,3,1,1,1,9,-1,2,-1,-1,3
2013950002984,2,90,0,13,0,8,0,0,0,0,1,1,6,1,9,2999,2,2,-1,3
2013950002992,1,9,0,17,0,1,0,0,1,4,1,1,6,2,10,1998,1,5,-1,2
2013950002993,1,19,0,6,0,0,0,0,0,0,1,1,1,1,5,2402,2,4,-1,1
2013950002993,2,9,0,18,0,0,0,0,0,0,3,1,6,1,9,1598,1,-1,-1,-1
2013950002994,1,19,0,9,0,2,0,0,0,0,1,1,6,1,7,2198,2,6,-1,1
2013950002994,2,4,0,18,0,1,0,0,0,0,1,1,2,1,5,645,1,13,-1,1
2013950002995,1,9,0,18,0,0,0,0,0,0,1,1,6,2,8,1975,1,5,-1,1
2013950002995,2,9,0,18,0,0,0,0,0,0,2,1,6,2,9,1124,1,10,-1,1
2013950002995,3,9,0,18,0,0,0,0,0,0,2,1,6,1,6,1390,1,14,-1,-1
2013950002996,1,9,0,18,0,1,0,0,0,0,1,1,6,1,6,1461,2,7,-1,1
2013950002997,1,9,0,18,0,8,0,0,0,0,1,2,2,1,6,1956,2,3,-1,1
2013950002997,2,4,0,18,0,8,0,0,0,0,3,1,6,1,8,-1,-1,-1,-1,1
2013950002998,1,11,0,18,0,1,0,0,0,0,0,1,1,1,9,-1,-1,-1,-1,1
2013950002999,1,9,0,18,0,1,0,0,0,0,1,1,6,1,10,1580,1,22,-1,1
2013950002999,2,1,0,18,0,1,0,0,0,0,2,1,6,2,5,-1,-1,-1,-1,3
2013950003000,1,9,0,6,0,0,0,0,0,0,2,1,6,1,11,1686,2,11,-1,1
2013950003000,2,4,0,13,0,0,2,0,0,0,3,1,6,1,8,625,1,9,-1,2
2013950003001,1,3,0,18,0,1,0,0,0,0,1,1,6,1,4,49,1,4,-1,3
2013950003001,2,9,0,10,0,1,0,0,0,0,1,1,6,1,9,1461,2,7,-1,2
2013950003003,1,9,0,18,0,0,0,0,0,0,1,1,6,1,6,1956,2,3,-1,1
2013950003003,2,9,0,18,0,0,0,0,0,6,1,1,6,2,7,1598,1,9,-1,3
2013950003012,1,9,0,18,0,0,0,0,0,0,4,1,1,1,8,1299,1,14,-1,1
2013950003014,1,9,0,4,0,0,0,0,0,0,3,1,6,2,6,1871,2,11,-1,1
2013950003015,1,9,0,18,0,2,0,12,0,0,1,1,6,1,8,1596,1,2,-1,1
2013950003016,1,11,0,5,0,0,0,0,0,0,0,1,1,3,-1,-1,-1,-1,-1,-1
2013950003018,1,9,0,4,0,0,0,0,0,0,1,1,6,2,6,1596,1,18,-1,2
2013950003018,2,9,0,18,0,0,0,0,0,0,1,1,6,2,7,2435,1,11,-1,1
2013950003018,3,9,0,18,0,0,0,0,0,0,2,1,6,2,8,1598,1,7,-1,1
2013950003019,1,9,0,18,0,0,0,0,0,0,4,1,6,2,10,1329,1,3,-1,1
2013950003021,1,9,0,18,0,0,0,0,0,0,4,1,6,1,6,1686,2,4,-1,2
2013950003021,2,21,1,18,0,0,0,0,0,0,2,1,1,1,9,10837,2,2,8,1
2013950003023,1,9,0,5,0,8,0,0,0,0,1,1,6,1,10,1149,1,9,-1,1
2013950003023,2,1,0,9,0,1,0,0,0,0,3,1,6,2,7,-1,-1,-1,-1,1
2013950003049,1,90,0,18,0,0,0,0,0,0,4,1,6,3,-1,-1,-1,-1,-1,-1
2013950003052,1,9,0,18,0,0,0,12,0,0,1,1,6,2,8,998,1,7,-1,3
2013950003057,1,11,0,5,0,1,0,0,0,0,0,1,1,1,7,4760,2,-1,-1,3
2013950003058,1,4,0,17,0,0,1,0,0,0,3,1,6,1,8,-1,-1,-1,-1,3
2013950003059,1,9,0,9,0,8,0,0,0,0,1,1,6,1,5,1396,1,15,-1,3
2013950003059,2,9,0,18,0,8,0,0,0,0,1,1,6,1,5,1396,1,15,-1,1
2013950003060,1,4,0,16,0,0,1,0,7,11,1,1,6,1,10,883,1,19,6,2
2013950003061,1,9,0,14,0,0,1,0,1,11,3,1,6,2,6,1587,1,6,6,3
2013950003061,2,9,0,18,0,0,0,0,0,0,2,1,6,1,10,1490,1,5,-1,2
2013950003061,3,19,0,13,0,0,0,0,0,0,4,1,1,1,10,2298,2,3,-1,3
2013950003063,1,9,0,18,0,0,0,0,0,0,4,1,6,1,11,1731,1,15,-1,1
2013950003064,1,4,0,18,0,0,0,0,0,0,1,1,6,1,10,800,1,-1,9,2
2013950003067,1,4,0,16,0,2,2,0,1,0,1,1,2,1,6,1402,1,5,-1,1
2013950003071,1,9,0,9,0,1,0,0,0,0,4,1,6,1,4,1242,1,2,-1,1
2013950003071,2,9,0,18,0,1,0,0,0,0,1,1,6,1,9,1999,1,8,-1,1
2013950003072,1,1,0,18,0,2,0,0,0,0,1,1,2,1,5,-1,-1,-1,-1,1
2013950003072,2,9,0,18,0,1,0,0,0,0,1,1,6,2,8,1461,2,2,-1,2
2013950003074,1,9,0,18,0,0,2,0,7,11,1,1,6,1,7,1794,1,7,-1,1
2013950003075,1,4,0,18,0,0,1,0,0,0,4,1,6,1,5,599,1,5,-1,1
2013950003076,1,9,0,18,0,0,0,0,0,0,3,1,6,2,7,1149,1,9,-1,1
2013950003077,1,9,0,18,0,8,0,0,0,0,1,1,6,2,7,1984,1,13,-1,-1
2013950003077,2,9,0,18,0,1,0,0,0,0,2,1,1,1,9,1998,2,7,-1,1
2013950003077,3,9,0,10,0,1,0,0,0,0,2,1,6,1,7,1588,1,9,-1,1
2013950003078,1,1,0,15,0,1,0,0,0,0,1,1,6,1,6,-1,-1,-1,-1,1
2013950003078,2,11,0,3,0,1,0,0,0,0,1,1,1,1,9,12000,2,6,-1,1
2013950003079,1,9,0,18,0,7,0,0,0,0,1,1,1,1,8,1598,2,-1,-1,3
2013950003079,2,9,0,4,0,7,0,0,0,0,2,1,2,1,8,1596,1,8,-1,1
2013950003079,3,9,0,18,0,7,0,0,0,0,2,1,2,2,5,1229,1,2,-1,1
2013950003080,1,9,0,7,0,2,0,0,0,0,4,1,2,1,9,1995,2,2,-1,2
2013950003081,1,19,0,4,0,1,0,0,0,0,0,1,1,1,8,-1,-1,-1,-1,1
2013950003081,2,9,0,18,0,1,0,0,0,0,1,1,6,1,6,1397,1,11,-1,1
2013950003082,1,9,0,18,0,0,0,0,0,0,4,1,6,3,-1,-1,-1,-1,-1,-1
2013950003108,1,4,0,17,0,0,2,0,1,9,1,1,6,1,9,-1,-1,-1,-1,-1
2013950003120,1,9,0,18,0,1,0,0,3,11,1,1,6,1,10,1339,1,1,8,1
2013950003120,2,9,0,18,0,1,0,0,0,0,2,1,6,2,6,1360,1,8,-1,3
2013950003120,3,9,0,18,0,1,0,0,0,0,4,1,6,1,7,1896,2,4,-1,1
2013950003120,4,9,0,18,0,3,0,0,0,0,2,1,6,1,9,2204,2,6,-1,3
2013950003122,1,9,0,18,0,0,0,0,0,0,1,1,6,1,8,1968,2,-1,-1,-1
2013950003122,2,9,0,2,0,0,0,0,0,0,2,1,6,3,-1,1242,1,1,-1,-1
2013950003129,1,1,0,18,0,0,0,0,0,0,1,1,6,1,2,-1,-1,-1,-1,1
2013950003129,2,9,0,18,0,0,0,0,0,0,1,1,6,1,6,1596,1,11,-1,1
2013950003130,1,10,0,18,0,0,0,0,0,0,1,1,1,1,9,1998,2,7,-1,1
2013950003130,2,19,0,2,0,0,0,0,0,0,1,1,6,3,-1,2998,2,7,-1,-1
2013950003134,1,19,0,7,0,8,0,0,0,0,1,1,1,1,7,1870,2,8,-1,2
2013950003134,2,1,0,18,0,8,0,0,0,0,2,1,6,1,7,-1,-1,-1,-1,1
2013950003135,1,9,0,4,0,4,0,0,0,0,1,1,6,2,9,1598,1,3,-1,3
2013950003135,2,9,0,3,0,4,0,0,0,0,2,1,6,1,5,1124,1,11,-1,1
2013950003135,3,9,0,4,0,4,0,0,0,0,2,1,6,2,5,1149,1,10,-1,1
2013950003136,1,9,0,18,0,8,0,0,0,1,1,1,6,1,7,1796,1,9,-1,1
2013950003136,2,1,0,18,4,1,0,0,0,0,1,1,6,1,6,-1,-1,-1,-1,1
2013950003146,1,9,0,4,0,1,0,0,0,0,1,1,6,2,7,3200,2,13,-1,1
2013950003146,2,9,0,3,0,1,0,0,0,0,2,1,6,1,9,1560,2,2,-1,-1
2013950003147,1,9,0,18,0,1,0,0,0,0,3,1,6,2,6,1596,1,1,-1,1
2013950003150,1,9,0,1,0,2,0,0,0,0,2,1,1,1,7,1124,1,13,-1,1
2013950003150,2,9,0,18,0,2,0,0,0,0,1,1,6,1,7,1798,1,5,-1,1
2013950003153,1,19,0,17,0,0,0,0,0,0,1,1,1,1,8,1461,2,5,-1,3
2013950003153,2,19,0,17,0,0,0,0,0,0,2,1,6,1,8,1598,2,5,-1,3
2013950003154,1,9,0,18,0,0,0,0,0,0,3,1,6,1,9,2902,2,7,-1,1
2013950003155,1,9,0,18,0,1,0,0,7,10,4,1,6,1,8,1597,1,17,-1,3
2013950003155,2,9,0,18,0,1,0,0,0,0,1,1,2,1,8,2477,2,13,-1,3
2013950003157,1,1,0,18,0,3,0,0,0,11,3,1,6,1,6,-1,-1,-1,-1,1
2013950003157,2,21,0,16,0,2,0,0,0,0,4,1,1,1,8,11705,2,6,-1,1