Accident_Index,Vehicle_Reference,Vehicle_Type,Towing_and_Articulation,Vehicle_Manoeuvre,Vehicle_Location-Restricted_Lane,Junction_Location,Skidding_and_Overturning,Hit_Object_in_Carriageway,Vehicle_Leaving_Carriageway,Hit_Object_off_Carriageway,1st_Point_of_Impact,Was_Vehicle_Left_Hand_Drive?,Journey_Purpose_of_Driver,Sex_of_Driver,Age_Band_of_Driver,Engine_Capacity_(CC),Propulsion_Code,Age_of_Vehicle,Driver_IMD_Decile,Driver_Home_Area_Type
2013950003661,1,9,0,18,0,0,0,0,0,0,3,1,6,1,6,2143,2,-1,-1,2
2013950003661,2,11,0,18,0,0,0,0,0,0,4,1,1,1,8,9360,2,2,-1,1
2013950003662,1,9,0,5,0,0,0,0,0,0,4,1,6,1,8,1390,1,10,-1,1
2013950003663,1,21,0,11,0,0,1,0,0,0,4,1,1,1,8,15607,2,8,-1,1
2013950003663,2,9,0,18,0,0,0,0,0,0,3,1,2,1,7,1399,2,4,-1,1
2013950003664,1,19,0,4,0,1,0,0,0,0,1,1,1,1,8,1968,2,1,-1,1
2013950003664,2,9,0,3,0,1,0,0,0,0,2,1,2,1,7,1598,1,-1,-1,1
2013950003665,1,9,0,4,0,1,0,0,0,0,1,1,6,2,8,1299,1,10,-1,1
2013950003665,2,9,0,3,0,1,0,0,0,0,2,1,6,2,7,1360,1,7,-1,1
2013950003667,1,9,0,1,0,0,0,0,0,0,2,1,6,2,11,1599,1,8,-1,2
2013950003686,1,1,0,12,0,0,1,0,0,0,3,1,2,1,8,-1,-1,-1,-1,1
2013950003716,1,9,0,5,0,2,0,0,0,0,1,1,6,2,5,1388,1,3,-1,1
2013950003716,2,9,0,17,0,1,0,0,0,0,1,1,6,1,6,1910,2,12,-1,2
2013950003735,1,9,0,7,0,8,0,0,0,0,0,1,6,1,10,1753,2,9,-1,1
2013950003735,2,1,0,18,0,8,0,0,0,0,0,1,6,2,9,-1,-1,-1,-1,1
2013950003736,1,9,0,18,0,1,0,0,0,0,4,1,6,1,8,998,1,1,-1,1
2013950003736,2,9,0,9,0,8,0,0,0,0,1,1,6,2,5,1598,1,10,-1,1
2013950003737,1,9,0,9,0,8,0,0,0,0,1,1,2,2,6,1296,1,5,-1,1
2013950003737,2,1,0,18,0,8,0,0,0,0,1,1,6,1,6,-1,-1,-1,-1,1
2013950003754,1,9,0,18,0,3,0,9,0,0,1,1,6,2,5,1229,1,2,-1,1
2013950003754,2,9,0,18,0,1,0,0,0,0,3,1,6,1,6,1896,2,11,-1,1
2013950003771,1,9,0,18,0,0,0,0,1,11,1,1,6,2,9,1968,2,5,-1,2
2013950003774,1,9,0,18,0,0,0,7,0,0,1,1,6,2,9,1198,1,2,-1,1
2013950003774,2,9,0,2,0,0,0,0,0,0,3,1,6,3,-1,1368,1,6,-1,-1
2013950003775,1,9,0,9,0,1,0,0,0,0,1,1,2,2,9,998,1,-1,-1,1
2013950003775,2,9,0,18,0,1,0,0,0,0,4,1,2,2,7,1598,1,3,-1,3
2013950003777,1,9,0,13,0,0,5,0,0,0,1,1,6,1,9,2497,2,4,1,1
2013950003777,2,19,0,18,0,0,0,0,1,11,1,1,1,1,5,1686,2,9,-1,-1
2013950003777,3,9,0,18,0,0,0,0,1,0,1,1,6,2,9,1910,2,7,-1,3
2013950003777,4,9,0,18,0,0,0,0,0,0,0,1,6,3,-1,-1,-1,-1,-1,-1
2013950003780,1,9,0,4,0,1,0,0,0,0,1,1,6,1,6,1398,1,1,-1,1
2013950003780,2,9,0,3,0,1,0,0,0,0,2,1,1,2,4,1386,1,4,-1,1
2013950003792,1,11,0,5,0,4,0,0,0,0,1,1,1,1,8,9360,2,4,-1,1
2013950003792,2,9,0,5,0,4,0,0,0,0,2,1,6,1,6,2926,2,10,-1,1
2013950003796,1,9,0,9,0,8,0,0,0,0,1,1,6,1,6,1390,1,11,-1,1
2013950003796,2,9,0,18,0,8,0,0,0,0,4,1,6,2,6,1364,1,3,-1,1
2013950003799,1,9,0,14,0,2,0,0,0,0,1,1,6,1,6,1598,1,10,2,1
2013950003799,2,9,0,18,0,1,1,0,1,11,1,1,6,1,10,1399,1,3,-1,1
2013950003803,1,9,0,16,0,1,0,0,0,0,3,1,6,2,7,1150,1,9,-1,2
2013950003803,2,9,0,17,0,1,0,0,0,0,3,1,6,1,5,1229,1,8,-1,2
2013950003806,1,9,0,18,0,1,5,4,0,0,1,1,6,1,6,1598,1,12,-1,1
2013950003806,2,10,0,2,0,1,0,4,0,0,1,1,6,3,-1,-1,-1,-1,-1,-1
2013950003806,3,9,0,2,0,1,0,0,0,0,1,1,6,3,-1,1596,1,2,-1,-1
2013950003813,1,9,0,5,0,1,0,0,0,0,1,1,6,3,-1,2982,2,6,-1,-1
2013950003813,2,1,0,10,0,1,0,0,0,0,2,1,6,1,4,-1,-1,-1,-1,-1
2013950003816,1,9,0,9,0,1,0,0,0,0,1,1,6,1,6,1149,1,9,-1,1
2013950003816,2,1,0,9,0,1,0,0,0,0,4,1,6,2,5,-1,-1,-1,-1,1
2013950003817,1,9,0,18,0,0,0,0,0,0,1,1,6,1,6,1149,1,-1,-1,1
2013950003817,2,9,0,3,0,0,0,0,0,0,2,1,6,2,6,1968,2,4,-1,1
2013950003822,1,9,0,4,0,0,0,0,0,0,1,1,6,2,6,1783,1,9,-1,1
2013950003825,1,9,0,5,0,4,0,0,0,0,1,1,2,1,6,1596,1,5,-1,1
2013950003825,2,19,0,4,0,4,0,0,0,0,2,1,1,1,9,1461,2,9,-1,1
2013950003833,1,3,0,18,0,0,0,0,7,11,1,1,2,1,8,124,1,14,-1,1
2013950003833,2,9,0,10,0,0,0,0,0,0,3,1,6,2,6,1796,1,6,-1,2
2013950003838,1,9,0,9,0,8,0,0,0,0,1,1,6,2,4,1364,1,6,-1,1
2013950003838,2,1,0,18,0,8,0,0,0,0,1,1,2,1,7,-1,-1,-1,-1,1
2013950003840,1,9,0,9,0,8,0,0,0,0,1,1,6,1,10,1364,1,7,-1,1
2013950003840,2,1,0,18,0,8,0,0,0,0,4,1,6,1,8,-1,-1,-1,-1,-1
2013950003842,1,3,0,17,0,2,0,0,0,0,1,1,6,1,5,125,1,-1,-1,3
2013950003842,2,9,0,16,0,1,0,0,1,0,3,1,6,1,9,-1,-1,-1,-1,1
2013950003844,1,3,0,4,0,1,2,0,0,0,3,1,2,1,5,124,1,5,-1,2
2013950003850,1,4,0,16,0,0,1,0,0,0,4,1,6,1,8,749,1,19,8,3
2013950003856,1,9,0,18,0,1,0,0,0,0,1,1,6,1,8,1422,2,5,-1,1
2013950003856,2,9,0,5,0,1,0,0,0,0,1,1,6,1,11,1798,1,11,-1,1
2013950003860,1,9,0,2,0,0,0,0,0,0,3,1,6,1,11,1870,2,10,-1,3
2013950003865,1,9,0,2,0,1,0,0,0,0,3,1,6,1,8,1364,1,5,-1,2
2013950003865,2,9,0,18,0,1,0,4,0,0,4,1,6,2,9,1598,1,12,-1,1
2013950003866,1,90,0,14,0,2,0,0,0,0,0,1,6,3,-1,-1,-1,-1,-1,-1
2013950003866,2,11,0,5,0,2,0,0,0,0,0,1,2,1,8,7300,2,6,-1,1
2013950003867,1,3,0,14,0,1,0,0,0,0,4,1,6,1,6,124,1,1,-1,1
2013950003870,1,9,0,9,0,8,0,0,0,0,3,1,1,2,7,1968,2,3,-1,1
2013950003870,2,9,0,18,0,1,0,0,0,0,1,1,6,2,10,1896,2,8,-1,3
2013950003876,1,11,0,5,0,0,0,0,0,0,0,1,1,1,9,9360,2,2,-1,1
2013950003879,1,9,0,13,0,0,1,0,1,0,1,1,6,1,7,2000,2,9,7,1
2013950003879,2,9,0,18,0,0,0,0,1,7,1,1,6,1,9,1229,1,3,7,3
2013950003880,1,9,0,4,0,2,0,0,0,0,1,1,1,1,8,1896,2,6,-1,1
2013950003885,1,1,0,18,0,0,0,0,0,0,1,1,6,1,8,-1,-1,-1,-1,-1
2013950003886,1,19,0,18,0,0,0,0,0,0,0,1,6,3,-1,-1,-1,-1,-1,-1
2013950003886,2,9,0,18,0,0,0,11,0,0,1,1,2,2,6,1339,1,7,-1,1
2013950003889,1,9,0,18,0,0,0,0,0,0,1,1,6,2,5,1995,1,4,-1,1
2013950003889,2,9,0,9,0,0,0,0,0,0,2,1,6,1,6,998,1,7,-1,1
2013950003892,1,9,0,18,0,1,0,0,7,2,1,1,6,2,4,999,1,13,-1,2
2013950003894,1,9,0,18,0,0,1,0,1,9,1,1,6,1,4,1560,2,6,-1,3
2013950003905,1,9,0,18,0,0,0,0,0,0,1,1,2,1,4,998,1,9,-1,1
2013950003905,2,9,0,4,0,0,0,0,0,0,2,1,6,1,5,998,1,4,-1,3
2013950003912,1,9,0,4,0,0,0,0,0,0,0,1,6,1,10,1976,1,2,-1,-1
2013950003917,1,1,0,15,0,8,0,0,0,0,4,1,6,2,7,-1,-1,-1,-1,1
2013950003917,2,9,0,5,0,8,0,0,0,0,4,1,6,1,6,1798,1,6,-1,1
2013950003920,1,9,0,5,0,2,0,0,0,0,1,1,6,2,4,1248,2,5,-1,1
2013950003920,2,9,0,9,0,8,0,0,0,0,1,1,6,2,6,1896,2,13,-1,1
2013950003921,1,9,0,6,0,7,0,0,0,0,3,1,2,2,6,1900,2,7,-1,1
2013950003921,2,9,0,18,0,2,0,0,0,0,1,1,6,1,7,1390,1,12,-1,1
2013950003922,1,9,0,13,0,0,0,0,0,0,1,1,6,3,-1,-1,-1,-1,-1,-1
2013950003922,2,1,0,18,0,0,1,0,0,0,1,1,6,1,3,-1,-1,-1,-1,1
2013950003924,1,11,0,4,3,0,0,0,0,0,0,1,1,1,8,9360,2,4,-1,1
2013950003925,1,9,0,16,0,0,2,0,0,0,3,1,6,2,4,1149,1,8,-1,1
2013950003926,1,9,0,4,0,0,0,0,0,0,4,1,2,1,8,-1,-1,-1,-1,1
2013950003927,1,9,0,17,0,0,5,0,7,0,4,1,6,1,7,1399,2,6,-1,3
2013950003928,1,9,0,18,0,0,0,0,0,0,3,1,6,2,6,998,1,12,-1,1
2013950003928,2,90,0,2,0,0,0,10,1,0,3,1,6,3,-1,-1,-1,-1,-1,-1
2013950003928,3,9,0,2,0,0,0,0,0,0,2,1,6,3,-1,1388,1,8,-1,-1
2013950003929,1,9,0,18,0,0,2,0,1,0,1,1,2,2,6,2979,1,11,-1,1
2013950003930,1,9,0,5,0,0,0,0,0,0,1,1,6,3,-1,-1,-1,-1,-1,-1
2013950003931,1,9,0,5,0,0,0,0,0,0,1,1,6,1,11,1596,1,3,-1,1
2013950003931,2,9,0,2,0,0,0,0,0,0,2,1,6,3,-1,1586,1,7,-1,-1
2013950003932,1,9,0,17,0,0,0,0,1,11,1,1,1,1,4,1910,2,9,-1,2
2013950003933,1,9,0,1,0,0,0,4,0,0,2,1,6,1,10,1598,1,15,-1,3
2013950003933,2,9,0,2,0,0,0,0,0,0,4,1,6,3,-1,1560,2,-1,-1,-1
2013950003934,1,9,0,18,0,0,0,10,1,2,1,1,6,1,6,1895,1,14,-1,1
2013950003935,1,9,0,16,0,0,0,0,1,0,1,1,6,2,7,1461,2,8,-1,3
2013950003936,1,9,0,13,0,0,0,0,0,0,4,1,6,3,-1,1968,2,1,-1,-1
2013950003936,2,1,0,18,0,0,0,10,1,7,3,1,6,1,4,-1,-1,-1,-1,2
2013950003937,1,9,0,17,0,0,5,0,1,11,1,1,2,1,7,1997,2,12,-1,3
2013950003938,1,9,0,17,0,0,0,0,2,0,1,1,2,1,4,1124,1,5,5,3
2013950003939,1,9,0,18,0,8,1,0,7,0,1,1,2,2,4,998,1,3,-1,3
2013950003939,2,19,0,10,0,1,0,0,0,0,3,1,1,1,9,1753,2,9,-1,1
2013950003940,1,9,0,17,0,0,2,0,1,0,1,1,2,2,4,1124,1,8,-1,1
2013950003941,1,9,0,16,0,0,1,0,7,0,1,1,2,1,6,2198,1,8,-1,1
2013950003941,2,9,0,17,0,0,0,0,0,0,1,1,2,2,7,1596,1,-1,-1,1
2013950003942,1,9,0,17,0,0,0,0,1,4,3,1,6,1,8,1587,1,12,-1,1
2013950003943,1,9,0,9,0,0,0,0,0,0,1,1,6,1,4,1339,1,8,-1,1
2013950003943,2,9,0,18,0,0,0,0,0,0,3,1,6,1,5,1598,1,6,-1,-1
2013950003944,1,9,0,9,0,8,0,0,0,0,4,1,6,2,7,1598,1,1,-1,2
2013950003944,2,1,0,18,0,8,0,0,0,0,1,1,6,2,7,-1,-1,-1,-1,1
2013950003945,1,4,0,16,0,0,1,0,7,1,3,1,6,1,10,998,1,8,8,1
2013950003946,1,19,0,18,0,0,0,0,0,0,1,1,6,1,5,1998,2,7,6,1
2013950003946,2,9,0,18,0,0,0,0,0,0,2,1,6,2,5,1149,1,17,-1,1
2013950003947,1,2,0,4,0,0,2,0,0,0,2,1,2,2,8,-1,3,3,-1,1
2013950003948,1,9,0,13,0,1,0,0,0,0,4,1,6,1,8,1995,2,3,-1,2
2013950003948,2,9,0,18,0,8,0,0,1,0,3,1,1,2,4,1598,1,-1,-1,2
2013950003949,1,9,0,9,0,8,0,0,0,0,1,1,1,1,7,1591,1,2,-1,1
2013950003949,2,1,0,18,0,8,0,0,0,0,1,1,6,2,7,-1,-1,-1,-1,1
2013950003950,1,1,0,12,0,8,0,0,0,0,1,1,6,2,5,-1,-1,-1,-1,-1
2013950003950,2,9,0,16,0,8,0,0,0,0,4,1,6,2,9,2495,2,12,-1,3
2013950003951,1,9,0,18,0,0,0,0,0,0,4,1,6,1,9,1598,1,-1,-1,1
2013950003952,1,1,0,18,0,1,0,0,0,0,1,1,6,1,6,-1,-1,-1,-1,-1
2013950003955,1,11,0,18,2,0,0,0,0,0,4,1,1,1,7,12000,2,3,-1,1
2013950003956,1,9,0,11,0,1,0,0,0,0,4,1,6,1,7,1753,2,5,-1,1
2013950003957,1,19,0,5,0,8,0,0,0,0,1,1,1,1,7,2402,2,10,-1,1
2013950003957,2,9,0,18,0,1,0,4,0,0,3,1,2,1,8,1796,1,11,-1,1
2013950003957,3,9,0,2,0,1,0,0,0,0,3,1,6,3,-1,1000,1,13,-1,-1
2013950003958,1,9,0,5,0,2,0,0,0,0,3,1,2,2,6,2199,2,1,-1,1
2013950003958,2,3,0,18,0,1,0,0,0,0,1,1,6,1,5,125,1,1,-1,2
2013950003959,1,9,0,4,0,1,0,0,0,0,1,1,2,1,7,1999,1,8,-1,-1
2013950003959,2,9,0,4,0,1,0,0,0,0,2,1,6,2,7,1997,2,6,-1,2
2013950003960,1,11,0,5,0,4,0,0,0,0,3,1,1,1,9,9360,2,6,-1,3
2013950003960,2,9,0,18,0,8,0,0,0,0,1,1,6,1,11,1870,2,10,-1,3
2013950003961,1,11,0,18,2,1,0,0,0,0,0,1,1,1,7,9360,2,5,-1,3
2013950003962,1,9,0,18,0,0,0,0,0,0,4,1,6,2,7,1997,2,4,-1,3
2013950003963,1,9,0,18,0,4,0,0,0,0,2,1,6,1,6,1769,1,13,-1,1
2013950003963,2,9,0,18,0,8,0,0,0,0,1,1,6,1,5,1461,2,11,-1,1
2013950003964,1,9,0,18,0,3,0,0,1,0,3,1,6,1,5,1396,1,7,-1,1
2013950003965,1,9,0,7,0,1,0,0,0,0,3,1,6,2,4,1248,1,1,-1,3
2013950003965,2,1,0,18,0,8,0,0,0,0,1,1,6,1,6,-1,-1,-1,-1,1
2013950003966,1,9,0,18,0,0,0,0,1,11,4,1,1,1,6,2488,2,5,-1,3
2013950003967,1,9,0,11,0,1,0,10,1,2,1,1,6,2,6,1198,1,11,-1,1
2013950003969,1,11,0,7,0,2,0,0,0,0,4,1,1,1,8,5883,2,11,-1,3
2013950003969,2,1,0,18,0,1,0,0,0,0,1,1,6,1,5,-1,-1,-1,-1,1
2013950003970,1,9,0,18,0,0,0,0,0,0,1,1,6,3,-1,1596,1,10,-1,-1
2013950003970,2,9,0,3,0,0,0,0,0,0,2,1,6,2,8,1198,1,10,-1,1
2013950003972,1,9,4,18,0,0,4,0,1,0,4,1,1,1,6,-1,-1,-1,6,2
2013950003973,1,9,0,5,0,0,0,0,0,0,1,1,6,2,6,1968,2,7,-1,1
2013950003973,2,9,0,18,0,0,0,0,0,0,1,1,6,2,9,1956,2,1,-1,1
2013950003974,1,9,0,9,0,8,0,0,0,0,4,1,6,1,7,1896,2,8,-1,3
2013950003974,2,9,0,18,0,8,0,0,0,0,4,1,6,2,9,1198,1,2,-1,1
2013950003975,1,9,0,18,0,8,0,0,0,0,1,1,6,1,-1,1198,1,9,-1,1
2013950003975,2,4,0,18,0,8,0,0,0,0,0,1,6,1,8,649,1,2,-1,1
2013950003976,1,9,0,18,0,1,0,0,0,0,1,1,6,1,10,1896,2,9,-1,1
2013950003976,2,11,0,18,0,2,0,0,0,0,1,1,6,1,8,8300,2,9,-1,1
2013950003977,1,9,0,16,0,0,0,0,1,11,1,1,6,2,10,1991,2,4,-1,3
2013950003978,1,9,5,5,0,8,0,0,0,0,2,1,2,1,7,1388,1,10,-1,1
2013950003978,2,1,0,18,0,1,0,0,0,0,1,1,6,1,6,-1,-1,-1,-1,1
2013950003979,1,9,0,18,0,1,0,0,0,0,1,1,6,2,5,998,1,7,-1,1
2013950003979,2,9,0,3,0,1,0,0,0,0,2,1,6,1,6,1596,1,8,-1,2
2013950003979,3,9,0,18,0,1,0,0,0,0,1,1,6,1,8,1596,1,8,-1,1
2013950003980,1,9,0,18,0,0,0,0,0,0,4,1,6,1,6,1339,1,1,-1,1
2013950003981,1,9,0,18,3,0,5,0,1,11,1,1,2,1,6,1242,1,5,-1,2
2013950003982,1,9,0,18,0,0,0,0,0,0,1,1,6,3,-1,-1,-1,-1,-1,-1
2013950003982,2,9,0,18,0,0,0,0,0,0,2,1,6,1,8,1896,2,10,-1,1
2013950003983,1,9,0,18,0,0,0,0,0,0,1,1,6,2,10,1998,2,1,-1,3
2013950003983,2,9,0,3,0,0,0,0,0,0,2,1,1,1,9,1997,2,9,-1,2
2013950003983,3,9,3,3,0,0,0,0,0,0,2,1,6,1,9,1956,2,2,-1,1
2013950003984,1,9,0,9,0,0,0,0,0,0,1,1,2,2,6,1198,1,1,-1,1
2013950003984,2,4,0,18,0,0,0,0,0,0,4,1,2,1,7,645,1,6,-1,1
2013950003985,1,8,0,13,0,8,0,0,0,0,2,1,6,3,-1,-1,-1,-1,-1,-1
2013950003985,2,1,0,18,0,8,0,0,0,0,1,1,2,1,6,-1,-1,-1,-1,1
2013950003986,1,9,0,16,0,0,0,0,0,10,1,1,6,2,4,1149,1,12,-1,1
2013950003987,1,9,0,18,0,1,0,0,0,0,1,1,6,1,9,1560,2,1,-1,1
2013950003987,2,9,0,3,0,1,0,0,0,0,2,1,6,1,6,1587,1,7,-1,1
2013950003989,1,9,0,18,0,1,0,0,0,0,1,1,6,2,6,1364,1,4,-1,-1
2013950003989,2,9,0,18,0,1,0,0,5,7,4,1,6,1,10,1560,2,1,-1,-1
2013950003989,3,19,0,18,0,1,0,0,0,0,2,1,6,1,7,2488,2,-1,8,3
2013950003989,4,9,0,18,0,1,0,0,0,0,3,1,6,2,7,1229,1,7,-1,3
2013950003990,1,90,0,18,0,0,0,0,0,0,2,1,6,1,4,-1,-1,-1,-1,3
2013950003991,1,9,0,9,0,8,0,0,0,0,1,1,6,1,6,1800,1,13,-1,1
2013950003991,2,9,0,18,0,8,0,0,0,0,1,1,6,2,7,1598,1,11,-1,1
2013950003992,1,9,0,5,0,2,0,0,0,0,3,1,6,1,6,1242,1,12,-1,1
2013950003992,2,9,0,18,0,1,0,0,0,0,1,1,6,2,9,1598,2,1,-1,2
2013950003994,1,9,0,9,0,1,0,0,0,0,1,1,6,2,4,1299,1,10,-1,1
2013950003994,2,9,0,18,0,2,0,0,0,0,3,1,6,1,5,1781,1,7,-1,2
2013950003995,1,9,0,9,0,8,0,0,0,0,1,1,6,2,5,998,1,7,10,1
2013950003995,2,9,0,18,0,1,5,0,1,11,4,1,6,2,6,1596,1,4,10,1
2013950003996,1,9,0,9,0,6,0,0,0,0,4,1,6,2,8,1840,1,13,-1,1
2013950003996,2,9,0,9,0,6,0,0,0,0,0,1,6,3,-1,-1,-1,-1,-1,-1
2013950003996,3,1,0,9,0,6,0,0,0,0,1,1,6,1,5,-1,-1,-1,-1,1
2013950003997,1,19,0,7,9,2,0,0,0,0,3,1,1,1,7,1560,2,2,-1,1
2013950003998,1,9,0,18,0,0,0,0,0,0,1,1,6,1,7,1956,2,3,-1,1
2013950003998,2,9,0,18,0,0,0,0,0,0,2,1,6,1,6,1896,2,12,-1,1
2013950003999,1,11,0,4,0,0,0,0,0,0,0,1,1,1,8,7300,2,9,-1,1
2013950004000,1,9,0,9,0,8,0,0,0,0,4,1,2,1,6,1796,1,11,-1,2
2013950004000,2,9,0,18,0,1,0,0,0,0,1,1,6,1,5,1896,2,10,-1,2
2013950004001,1,11,0,4,0,2,0,0,0,0,0,1,1,1,9,9360,2,2,-1,1
2013950004013,1,11,0,3,0,1,0,0,0,0,0,1,1,1,6,8300,2,9,-1,3
2013950004014,1,9,0,18,0,0,2,0,1,11,1,1,6,1,9,1199,1,9,-1,3
2013950004015,1,9,0,5,0,4,0,0,0,0,1,1,1,1,8,1956,2,1,-1,1
2013950004015,2,9,0,3,0,4,0,0,0,0,2,1,6,2,5,1598,1,5,-1,1
2013950004016,1,9,0,18,0,0,0,0,0,0,1,1,6,1,11,1589,1,16,-1,3
2013950004017,1,21,0,18,0,0,0,0,0,0,1,1,1,1,8,12419,2,1,-1,1
2013950004017,2,9,0,18,0,0,0,0,2,7,2,1,2,2,8,1587,1,8,-1,1
2013950004018,1,9,0,18,0,0,0,12,0,0,1,1,6,1,7,1956,2,-1,-1,3
2013950004019,1,19,0,3,0,1,0,0,0,0,1,1,2,1,6,1997,2,3,-1,1
2013950004019,2,9,0,3,0,1,0,0,0,0,2,1,6,2,7,1596,1,4,-1,3
2013950004020,1,11,0,4,0,1,0,0,0,0,0,1,1,1,7,8268,2,11,-1,1
2013950004021,1,9,0,9,0,6,0,0,0,0,1,1,2,2,5,998,1,-1,-1,1
2013950004021,2,9,0,18,0,1,0,0,0,0,1,1,6,2,8,1560,2,5,-1,1
2013950004022,1,1,0,18,2,1,0,11,0,0,2,1,6,2,8,-1,-1,-1,-1,1
2013950004023,1,9,0,9,0,8,0,0,0,0,1,1,2,1,9,1390,1,9,-1,1
2013950004023,2,1,0,18,0,1,0,0,0,0,1,1,2,2,6,-1,-1,-1,-1,1
2013950004024,1,4,0,12,0,3,0,0,0,0,1,1,2,1,9,1000,1,28,-1,1
2013950004024,2,9,0,18,0,3,0,0,0,0,1,1,2,1,6,1240,1,8,-1,1
2013950004025,1,19,0,11,0,0,0,0,0,0,4,1,6,1,-1,1998,2,7,-1,-1
2013950004025,2,1,0,18,2,0,0,0,0,0,1,1,6,1,7,-1,-1,-1,-1,1
2013950004027,1,9,0,18,0,8,1,0,0,0,1,1,6,2,6,-1,-1,-1,-1,1
2013950004027,2,90,0,18,0,8,1,0,0,0,3,1,1,1,8,2987,2,-1,-1,3
2013950004028,1,9,0,7,0,8,0,0,0,0,1,1,6,1,8,2993,2,3,-1,-1
2013950004028,2,4,0,18,0,8,0,0,0,0,1,1,6,1,8,996,1,12,-1,1
2013950004029,1,9,0,18,0,0,0,0,0,0,1,1,6,2,8,1595,2,4,-1,1
2013950004029,2,9,0,4,0,0,0,0,0,0,2,1,6,2,8,1242,1,-1,-1,3
2013950004030,1,19,0,18,0,0,0,0,0,0,1,1,1,1,6,2198,2,3,-1,1
2013950004031,1,9,0,7,0,1,0,0,0,0,4,1,6,2,11,1796,1,6,-1,1
2013950004032,1,9,0,18,0,4,0,0,0,0,1,1,6,2,8,1598,1,12,-1,1
2013950004032,2,1,0,18,0,8,0,0,0,0,4,1,6,1,7,-1,-1,-1,-1,1
2013950004033,1,9,0,18,0,0,0,0,0,0,1,1,6,1,6,1998,1,16,-1,-1
2013950004033,2,9,0,18,0,0,0,0,0,0,1,1,6,2,4,1598,1,10,-1,3
2013950004034,1,1,0,18,0,8,0,0,0,0,4,1,6,1,6,-1,-1,-1,-1,1
2013950004034,2,9,0,9,0,8,0,0,0,0,4,1,6,1,6,1242,1,11,-1,1
2013950004035,1,9,0,18,0,0,0,0,0,0,1,1,2,2,4,1199,1,11,-1,1
2013950004035,2,9,0,18,0,0,0,0,0,0,2,1,6,2,7,2179,2,-1,-1,1
2013950004051,1,8,0,18,0,0,0,0,0,0,3,1,1,1,6,2402,2,11,-1,1
2013950004053,1,19,0,18,0,1,0,0,0,0,1,1,6,1,9,-1,-1,-1,-1,-1
2013950004053,2,19,0,18,0,1,0,0,0,0,3,1,6,1,4,2460,2,5,-1,1
2013950004054,1,4,0,18,0,0,5,0,0,0,2,1,6,1,7,599,1,11,-1,2
2013950004056,1,1,0,18,0,1,0,0,0,0,1,1,6,2,6,-1,-1,-1,-1,1
2013950004056,2,19,0,9,0,8,0,0,0,0,4,1,1,1,8,2143,2,1,-1,1
2013950004057,1,19,0,18,0,0,0,0,0,0,1,1,6,2,7,2148,2,7,-1,1
2013950004059,1,9,0,4,0,0,0,0,0,0,1,1,6,2,9,1242,1,5,-1,1
2013950004060,1,9,0,18,0,1,0,0,0,0,1,1,2,1,7,1796,1,8,-1,3
2013950004060,2,9,0,18,0,1,0,0,0,0,2,1,1,2,9,1598,1,2,-1,3
2013950004061,1,9,0,16,0,0,2,0,0,0,1,1,1,2,9,2198,2,1,-1,3
2013950004061,2,21,0,17,0,0,0,0,1,0,3,1,1,1,9,10837,2,2,8,3
2013950004063,1,3,0,7,0,8,0,0,0,0,4,1,6,1,-1,-1,-1,-1,-1,-1
2013950004064,1,9,0,9,0,1,0,0,0,0,0,1,1,1,9,1896,2,7,-1,1
2013950004064,2,1,0,18,0,1,0,0,0,0,0,1,6,1,7,-1,-1,-1,-1,1
2013950004065,1,9,0,9,0,8,0,0,0,0,4,1,6,1,8,3222,2,8,-1,1
2013950004065,2,1,0,18,0,1,0,0,0,0,1,1,6,1,4,-1,-1,-1,-1,1
2013950004066,1,9,0,18,0,0,0,0,0,0,1,1,6,2,6,1596,1,18,-1,1
2013950004067,1,11,0,5,2,0,0,0,0,0,0,1,6,1,8,7300,2,7,-1,1
2013950004068,1,9,0,18,0,2,0,0,0,0,1,1,6,1,7,2172,2,12,-1,3
2013950004068,2,9,0,4,0,2,0,0,0,0,2,1,6,1,8,1198,1,5,-1,1
2013950004069,1,9,0,5,0,1,0,0,0,0,1,1,6,3,-1,-1,-1,-1,-1,-1
2013950004070,1,9,0,5,0,4,0,0,0,0,3,1,2,1,7,1798,1,12,-1,1
2013950004070,2,1,0,18,0,3,0,0,0,0,1,1,6,1,7,-1,-1,-1,-1,2
2013950004072,1,19,0,1,0,1,0,0,0,0,2,1,1,1,8,2198,2,2,-1,1
2013950004073,1,11,0,18,0,1,0,0,0,0,0,1,1,1,8,9360,2,5,-1,1
2013950004081,1,9,0,16,0,0,0,0,1,0,1,1,6,1,5,1389,1,17,-1,3
2013950004081,2,9,0,18,0,0,0,0,0,0,1,1,6,1,4,1199,1,10,-1,3
2013950004087,1,9,0,7,0,8,0,0,0,0,3,1,6,1,9,1796,1,7,-1,1
2013950004097,1,9,0,17,0,0,1,0,8,11,1,1,6,1,6,1999,1,8,-1,2
2013950004099,1,9,0,18,0,0,0,0,7,0,1,1,2,1,4,1242,1,1,-1,1
2013950004099,2,9,0,18,0,0,0,0,7,0,1,1,6,2,8,1986,2,6,-1,3
2013950004100,1,9,0,18,0,1,0,0,0,0,1,1,6,1,6,998,1,14,-1,1