Accident_Index,Vehicle_Reference,Vehicle_Type,Towing_and_Articulation,Vehicle_Manoeuvre,Vehicle_Location-Restricted_Lane,Junction_Location,Skidding_and_Overturning,Hit_Object_in_Carriageway,Vehicle_Leaving_Carriageway,Hit_Object_off_Carriageway,1st_Point_of_Impact,Was_Vehicle_Left_Hand_Drive?,Journey_Purpose_of_Driver,Sex_of_Driver,Age_Band_of_Driver,Engine_Capacity_(CC),Propulsion_Code,Age_of_Vehicle,Driver_IMD_Decile,Driver_Home_Area_Type
2013950004100,2,9,0,3,0,1,0,0,0,0,1,1,6,1,10,1798,1,6,-1,1
2013950004100,3,9,0,3,0,1,0,0,0,0,2,1,6,1,6,1461,2,9,-1,1
2013950004101,1,9,0,9,0,8,0,0,0,0,1,1,6,1,7,4196,1,9,-1,1
2013950004101,2,19,0,13,0,8,0,0,0,0,4,1,2,1,6,1995,2,2,5,1
2013950004102,1,9,0,9,0,8,0,0,0,0,1,1,6,1,9,3311,8,5,-1,1
2013950004103,1,9,0,7,0,8,0,0,0,0,1,1,6,1,11,1242,1,12,-1,1
2013950004103,2,1,0,18,0,8,0,0,0,0,2,1,6,1,7,-1,-1,-1,-1,1
2013950004104,1,9,0,18,0,4,0,10,3,0,1,1,6,2,5,1560,2,-1,-1,-1
2013950004104,2,9,0,18,0,4,0,0,0,0,1,1,6,1,6,1997,2,11,-1,2
2013950004109,1,9,0,17,0,0,0,0,0,0,4,1,6,3,-1,-1,-1,-1,-1,-1
2013950004110,1,8,0,6,0,1,0,0,0,0,3,1,1,1,8,2402,2,9,-1,1
2013950004110,2,1,0,18,0,1,0,0,0,0,4,1,6,1,7,-1,-1,-1,-1,1
2013950004111,1,9,0,17,0,0,0,0,0,0,1,1,6,1,11,1242,1,14,-1,3
2013950004111,2,9,0,3,0,0,0,0,0,0,2,1,6,2,6,1242,1,7,-1,3
2013950004111,3,9,0,3,0,0,0,0,0,0,2,1,6,2,5,1598,1,7,-1,3
2013950004131,1,9,0,5,0,0,0,0,0,0,3,1,6,1,6,998,1,18,-1,1
2013950004133,1,1,0,18,0,0,0,8,0,0,1,1,2,1,8,-1,-1,-1,-1,1
2013950004133,2,9,0,2,6,0,0,0,0,0,1,1,6,2,8,1870,2,6,-1,1
2013950004134,1,9,0,12,0,1,0,0,0,0,0,1,6,2,10,1339,1,6,-1,1
2013950004134,2,4,0,18,0,1,1,0,0,0,3,1,6,1,8,998,1,2,-1,2
2013950004136,1,9,0,18,0,0,0,0,0,0,1,1,6,1,6,1299,1,11,-1,1
2013950004136,2,9,0,3,0,0,0,0,0,0,2,1,1,2,8,1329,1,1,-1,1
2013950004138,1,9,0,9,0,1,0,0,0,0,4,1,6,1,7,-1,-1,-1,-1,-1
2013950004138,2,4,0,18,0,1,0,0,0,0,1,1,6,1,7,-1,-1,-1,-1,1
2013950004139,1,90,0,18,0,0,0,0,0,0,1,1,6,1,6,-1,-1,-1,-1,1
2013950004139,2,9,0,18,0,0,0,0,0,0,0,1,6,3,-1,-1,-1,-1,-1,-1
2013950004139,3,90,0,18,0,0,0,0,1,10,0,1,6,1,9,8970,2,5,-1,1
2013950004140,1,11,0,4,0,1,0,0,0,0,0,1,1,1,8,9360,2,4,-1,1
2013950004163,1,9,0,18,0,0,0,0,0,0,1,1,2,2,8,1997,1,-1,-1,1
2013950004163,2,9,0,18,0,0,0,0,0,0,2,1,2,1,8,1998,2,7,-1,1
2013950004164,1,11,0,17,0,1,0,0,0,0,0,1,6,1,7,9360,2,4,-1,-1
2013950004165,1,9,0,17,0,8,0,10,0,0,1,1,6,2,5,1229,1,5,-1,1
2013950004166,1,9,0,13,2,5,0,0,0,0,2,1,6,2,7,1598,1,6,-1,1
2013950004166,2,1,0,18,0,1,0,0,0,0,1,1,6,1,7,-1,-1,-1,-1,3
2013950004168,1,1,0,13,0,1,0,0,0,0,1,1,6,1,7,-1,-1,-1,-1,2
2013950004168,2,9,0,9,0,1,0,0,0,0,3,1,6,1,10,1399,2,1,-1,-1
2013950004169,1,9,0,18,0,0,0,0,0,0,4,1,6,3,-1,-1,-1,-1,-1,-1
2013950004170,1,9,0,18,0,0,1,0,7,10,3,1,6,2,8,1296,1,7,-1,-1
2013950004171,1,9,0,9,0,2,0,0,0,0,4,1,6,1,7,1598,1,10,-1,1
2013950004171,2,1,0,12,0,2,0,0,0,0,1,1,6,1,5,-1,-1,-1,-1,1
2013950004172,1,11,0,18,0,2,0,0,0,0,1,1,1,1,6,-1,-1,-1,-1,3
2013950004173,1,4,0,13,0,0,0,0,0,0,1,1,6,1,8,1340,1,15,-1,1
2013950004173,2,9,0,9,0,0,0,0,0,0,4,1,6,2,6,1590,1,11,-1,3
2013950004174,1,9,0,9,0,8,0,0,0,0,4,1,6,1,10,2401,2,6,-1,1
2013950004174,2,11,0,18,0,8,0,0,0,0,1,1,6,1,8,7300,2,9,-1,1
2013950004175,1,19,0,9,0,5,0,0,0,0,4,1,6,1,6,2143,2,3,-1,-1
2013950004175,2,1,0,18,0,1,0,0,0,0,1,1,6,1,5,-1,-1,-1,-1,1
2013950004176,1,9,0,18,0,4,0,0,0,0,1,1,6,1,6,2179,2,10,-1,1
2013950004176,2,1,4,18,0,8,0,0,0,0,2,1,6,1,6,-1,-1,-1,-1,3
2013950004177,1,9,0,9,0,2,0,0,0,0,1,1,2,1,8,1868,2,11,-1,1
2013950004177,2,4,0,18,0,1,0,0,0,0,4,1,2,1,4,-1,-1,-1,-1,1
2013950004178,1,11,0,3,0,2,0,0,0,0,0,1,1,1,7,7300,2,9,-1,-1
2013950004179,1,9,0,18,0,0,0,0,0,0,1,1,2,2,6,1339,1,11,-1,1
2013950004179,2,9,0,4,0,0,0,0,0,0,2,1,6,2,5,1968,2,5,-1,-1
2013950004179,3,9,0,4,0,0,0,0,0,0,2,1,2,2,7,1598,1,7,-1,1
2013950004180,1,9,0,18,0,1,0,0,0,0,1,1,6,1,7,1360,1,11,-1,1
2013950004180,2,9,0,5,0,1,0,0,0,0,2,1,6,2,6,1198,1,2,-1,1
2013950004181,1,9,0,7,0,8,1,0,7,4,1,1,6,2,5,998,1,4,-1,1
2013950004182,1,9,0,18,0,1,0,0,0,0,1,1,2,2,7,1798,1,6,-1,3
2013950004182,2,9,0,18,0,1,0,0,0,0,2,1,2,2,6,1248,1,2,-1,1
2013950004183,1,9,0,18,9,0,0,0,1,0,4,1,6,3,-1,-1,-1,-1,-1,-1
2013950004183,2,1,0,18,9,0,0,0,0,0,4,1,6,1,3,-1,-1,-1,-1,1
2013950004184,1,9,0,9,0,8,0,0,0,0,4,1,6,1,11,995,1,6,-1,2
2013950004184,2,9,0,18,0,8,0,0,0,0,1,1,6,2,8,1398,2,5,-1,2
2013950004184,3,9,0,18,0,1,0,0,0,0,3,1,6,2,4,1242,1,9,-1,2
2013950004185,1,9,0,9,0,1,0,0,0,0,1,1,2,1,7,2967,1,6,-1,1
2013950004185,2,1,0,18,0,1,0,0,0,0,1,1,6,1,9,-1,-1,-1,-1,1
2013950004186,1,9,0,18,0,3,5,0,0,7,4,1,6,2,7,1229,1,2,-1,1
2013950004186,2,9,0,2,0,2,0,0,0,0,3,1,6,3,-1,1388,1,7,-1,-1
2013950004187,1,19,0,5,0,1,0,0,0,0,0,1,6,1,9,2148,2,5,-1,1
2013950004188,1,9,0,16,0,0,0,0,1,11,1,1,6,1,7,1590,1,9,-1,3
2013950004189,1,9,0,18,0,0,0,0,0,0,1,1,6,1,5,1198,1,8,-1,1
2013950004189,2,9,0,4,0,0,0,0,0,0,2,1,6,1,8,1197,1,1,-1,3
2013950004190,1,8,0,5,0,0,0,0,0,0,0,1,1,1,7,2402,2,9,-1,1
2013950004191,1,9,0,18,0,1,0,0,0,0,1,1,6,3,-1,-1,-1,-1,-1,-1
2013950004192,1,20,0,1,0,1,0,0,0,10,2,1,1,1,9,4250,2,5,-1,1
2013950004193,1,4,0,4,0,0,1,0,0,0,0,1,6,2,7,249,1,11,-1,1
2013950004194,1,9,0,18,0,3,0,0,1,2,1,1,6,2,5,1598,1,7,-1,1
2013950004195,1,9,0,18,0,1,0,0,0,0,0,1,6,3,-1,-1,-1,-1,-1,-1
2013950004196,1,9,0,18,0,8,0,0,0,0,0,1,6,3,-1,-1,-1,-1,-1,-1
2013950004196,2,11,0,18,0,8,0,0,0,0,0,1,6,1,7,5883,2,10,-1,1
2013950004197,1,9,0,6,0,0,0,0,0,0,4,1,6,1,9,1798,1,-1,-1,1
2013950004197,2,1,0,18,0,0,0,0,0,0,1,1,6,1,7,-1,-1,-1,-1,1
2013950004198,1,11,0,5,0,0,0,0,0,0,0,1,6,1,5,7300,2,8,-1,1
2013950004199,1,9,0,18,0,0,1,0,0,0,1,1,2,2,5,1124,1,10,-1,1
2013950004199,2,9,0,18,0,0,0,0,0,0,2,1,2,1,8,1598,1,6,-1,1
2013950004200,1,9,0,10,0,1,0,0,0,0,1,1,6,1,5,1229,1,-1,-1,1
2013950004200,2,9,0,18,0,1,0,0,0,0,1,1,6,2,6,1240,1,8,-1,2
2013950004200,3,9,0,18,0,1,0,0,0,0,1,1,6,1,9,1368,1,5,-1,1
2013950004201,1,9,0,18,0,0,0,0,0,0,1,1,6,1,5,1396,1,10,-1,3
2013950004201,2,9,0,3,0,0,0,0,1,0,2,1,6,1,4,1198,1,8,-1,1
2013950004201,3,9,0,3,0,0,0,0,0,0,2,1,6,1,6,1997,2,-1,2,1
2013950004201,4,9,0,18,0,0,0,0,0,0,2,1,2,1,9,1998,2,3,-1,3
2013950004202,1,9,0,18,0,1,0,0,0,0,1,1,2,1,8,1149,1,12,-1,1
2013950004203,1,19,0,7,4,5,0,0,0,0,4,1,6,3,-1,-1,-1,-1,-1,-1
2013950004203,2,1,0,18,4,1,0,0,0,0,1,1,6,1,8,-1,-1,-1,-1,1
2013950004205,1,19,0,18,0,1,0,0,7,0,1,1,6,2,8,2477,2,3,-1,3
2013950004218,1,11,0,4,2,1,0,0,0,0,0,1,1,1,-1,-1,-1,-1,-1,-1
2013950004220,1,9,0,9,0,0,0,0,0,0,1,1,6,1,-1,1896,2,8,-1,-1
2013950004220,2,8,0,18,0,0,0,0,0,0,3,1,2,1,6,2664,2,13,-1,1
2013950004223,1,19,0,18,0,0,5,0,1,11,1,1,2,1,6,1910,2,5,-1,2
2013950004233,1,9,0,7,0,8,0,0,0,0,3,1,6,1,7,1397,1,10,-1,-1
2013950004233,2,2,0,18,0,1,0,0,0,0,1,1,6,1,8,50,1,4,-1,1
2013950004239,1,9,0,5,0,6,0,0,0,0,1,1,6,1,7,1997,2,14,-1,1
2013950004239,2,4,0,18,0,1,0,0,0,0,3,1,6,1,4,649,1,1,-1,1
2013950004245,1,9,0,18,0,0,2,0,1,9,1,1,6,2,4,1242,1,5,-1,3
2013950004251,1,19,0,12,0,1,0,0,0,0,3,1,1,1,8,1560,2,2,-1,3
2013950004251,2,3,0,13,0,1,0,0,0,0,1,1,2,1,5,125,1,-1,-1,1
2013950004276,1,4,0,13,0,0,0,0,0,0,0,1,6,1,8,1052,1,19,-1,1
2013950004276,2,9,0,13,0,0,0,0,0,0,0,1,1,1,5,1910,2,6,-1,1
2013950004276,3,9,0,18,0,0,0,0,0,0,0,1,6,1,9,1968,2,2,-1,1
2013950004287,1,19,0,18,0,1,0,0,0,0,1,1,1,1,9,2198,2,-1,-1,1
2013950004287,2,90,0,10,0,1,0,0,0,0,2,1,1,1,6,-1,2,2,-1,1
2013950004289,1,9,0,18,0,1,0,0,0,0,1,1,6,1,5,1998,1,2,-1,2
2013950004289,2,9,0,10,0,1,0,0,0,0,2,1,6,2,9,1769,1,10,-1,3
2013950004290,1,9,0,16,0,0,0,0,2,7,1,1,6,2,7,1984,1,16,-1,1
2013950004292,1,8,0,18,2,0,0,0,0,0,4,1,1,1,9,2664,2,12,-1,1
2013950004295,1,9,0,17,0,0,2,0,8,11,2,1,2,2,9,1242,1,7,-1,1
2013950004298,1,9,0,17,0,0,1,0,7,4,1,1,6,2,4,998,1,12,-1,3
2013950004301,1,9,0,18,0,1,0,0,0,0,3,1,6,2,7,993,1,12,-1,1
2013950004312,1,8,0,18,0,8,0,0,0,0,4,1,1,1,7,2148,2,2,-1,1
2013950004313,1,11,0,4,0,0,0,0,0,0,1,1,1,1,7,4250,2,11,-1,1
2013950004314,1,9,0,18,0,8,0,0,0,0,3,1,2,1,7,1396,1,14,-1,1
2013950004314,2,4,0,13,0,8,0,0,0,0,4,1,2,1,8,955,1,9,-1,1
2013950004315,1,11,0,18,0,0,0,0,0,0,0,1,1,1,7,9360,2,4,-1,2
2013950004316,1,9,0,18,0,0,0,0,0,0,1,1,6,1,5,1242,1,10,-1,1
2013950004316,2,9,0,4,0,0,0,0,0,0,2,1,2,1,8,1968,2,2,-1,1
2013950004317,1,9,0,1,0,2,0,0,0,0,2,1,6,1,7,1995,2,2,-1,1
2013950004317,2,9,0,3,0,2,0,0,0,0,1,1,6,2,8,1341,1,9,-1,1
2013950004321,1,3,0,18,0,0,0,0,0,0,0,1,6,2,5,125,1,14,-1,1
2013950004322,1,9,0,2,0,1,0,0,0,0,3,1,6,2,9,1598,1,3,-1,1
2013950004322,2,1,0,18,0,1,0,0,0,0,4,1,6,2,8,-1,-1,-1,-1,1
2013950004323,1,4,0,4,0,0,2,0,0,0,4,1,6,1,8,1052,1,16,-1,2
2013950004324,1,9,0,7,0,8,0,0,0,0,2,1,1,1,4,1461,2,4,10,1
2013950004324,2,1,0,18,4,1,0,0,0,0,1,1,6,2,6,-1,-1,-1,-1,1
2013950004325,1,9,0,18,0,0,0,0,0,0,1,1,6,2,6,1796,1,13,-1,1
2013950004326,1,11,0,5,2,1,0,0,0,0,0,1,1,1,8,7300,2,7,-1,1
2013950004327,1,9,0,16,0,2,0,0,0,0,4,1,6,2,8,1598,1,3,-1,1
2013950004328,1,11,0,4,0,0,0,0,0,0,0,1,6,1,8,4500,2,2,-1,1
2013950004330,1,9,0,7,0,0,0,0,0,0,1,1,6,1,9,-1,-1,-1,-1,1
2013950004330,2,1,0,18,2,0,0,0,0,0,1,1,6,1,7,-1,-1,-1,-1,1
2013950004330,3,1,0,18,2,0,0,0,0,0,1,1,6,2,6,-1,-1,-1,-1,1
2013950004331,1,9,0,7,0,3,0,0,0,0,4,1,6,2,6,1798,1,6,-1,1
2013950004331,2,9,0,18,0,4,0,0,0,0,3,1,1,2,4,1582,2,3,-1,-1
2013950004332,1,9,0,1,0,0,0,0,0,0,2,1,6,2,9,2776,2,7,-1,1
2013950004332,2,9,0,3,0,0,0,0,0,0,1,1,6,1,6,1364,1,3,-1,1
2013950004333,1,9,0,18,0,1,0,0,0,0,1,1,6,2,7,1598,1,-1,-1,2
2013950004333,2,9,0,3,0,1,0,0,0,0,2,1,6,2,8,1582,2,2,-1,1
2013950004334,1,19,0,1,0,1,0,0,0,0,2,1,2,1,7,2151,2,12,-1,1
2013950004335,1,11,0,18,0,0,0,0,0,0,4,1,1,1,9,7300,2,7,-1,1
2013950004336,1,9,0,18,0,4,0,0,0,0,1,1,1,1,9,-1,-1,-1,-1,1
2013950004336,2,1,0,18,0,8,0,0,0,0,1,1,6,1,6,-1,-1,-1,-1,1
2013950004338,1,9,0,7,0,3,0,0,0,0,4,1,6,2,6,1199,1,12,-1,1
2013950004338,2,1,0,18,0,8,0,0,0,0,3,1,6,2,7,-1,-1,-1,-1,1
2013950004339,1,4,0,17,0,0,0,0,0,0,3,1,6,1,8,1188,1,11,-1,1
2013950004339,2,4,0,18,0,0,0,0,1,0,4,1,6,1,8,1340,1,1,-1,1
2013950004341,1,1,0,12,0,0,0,0,0,0,3,1,6,1,3,-1,-1,-1,-1,-1
2013950004341,2,1,0,12,0,0,0,0,0,0,0,1,6,1,3,-1,-1,-1,-1,-1
2013950004341,3,19,0,18,0,0,0,0,7,0,4,1,6,1,6,1686,2,9,-1,3
2013950004343,1,9,0,18,0,1,0,0,0,0,1,1,6,1,10,1991,2,7,-1,3
2013950004343,2,9,0,3,0,1,0,0,1,0,2,1,1,1,7,1598,2,1,7,3
2013950004343,3,9,0,10,0,1,0,0,0,0,2,1,6,2,5,1598,1,4,-1,3
2013950004344,1,11,0,4,2,1,0,0,0,0,0,1,1,3,-1,9360,2,6,-1,-1
2013950004345,1,9,0,9,0,8,0,0,0,0,1,1,6,1,10,1598,1,6,-1,3
2013950004345,2,1,0,18,4,1,0,0,0,0,1,1,6,1,7,-1,-1,-1,-1,1
2013950004346,1,9,0,18,0,0,5,0,1,11,1,1,2,1,6,1997,1,12,-1,1
2013950004347,1,9,0,18,0,1,0,0,0,0,1,1,6,3,-1,998,1,5,-1,-1
2013950004347,2,9,0,8,0,1,0,0,0,0,2,1,6,2,8,1598,2,2,-1,1
2013950004348,1,9,0,18,0,0,0,0,7,0,1,1,6,1,9,1339,1,6,-1,1
2013950004348,2,9,0,18,0,0,0,0,1,7,3,1,6,1,4,1600,1,13,9,1
2013950004348,3,9,0,18,0,0,0,0,0,0,1,1,6,1,8,1968,2,2,2,3
2013950004348,4,9,0,18,0,0,0,0,1,0,1,1,6,1,8,2171,2,9,-1,3
2013950004348,5,9,0,18,0,0,0,11,0,0,3,1,6,1,8,1149,1,6,-1,2
2013950004348,6,9,0,18,0,0,0,11,0,0,1,1,6,1,7,1986,2,7,-1,3
2013950004349,1,21,1,18,0,0,0,0,0,0,1,1,1,1,6,8970,2,6,-1,2
2013950004349,2,19,0,18,0,0,0,0,1,0,2,1,1,1,9,5700,1,18,-1,3
2013950004350,1,11,0,18,0,3,0,0,0,0,0,1,1,1,6,7300,2,4,-1,1
2013950004352,1,4,0,13,0,0,1,0,0,0,1,1,2,1,5,1157,1,15,-1,3
2013950004390,1,9,0,9,0,8,0,0,0,0,1,1,6,1,5,1229,1,5,3,1
2013950004390,2,4,0,13,0,8,0,0,0,0,4,1,6,1,7,750,1,5,-1,1
2013950004391,1,90,0,12,0,8,0,0,0,0,3,2,6,1,10,-1,-1,-1,-1,-1
2013950004391,2,9,0,18,0,3,0,0,0,0,4,1,6,2,6,1598,1,3,-1,1
2013950004392,1,9,0,7,0,3,0,0,0,0,1,1,6,1,11,1560,2,7,-1,3
2013950004392,2,1,0,9,0,3,0,0,0,0,2,1,6,1,8,-1,-1,-1,5,1
2013950004393,1,9,0,6,0,0,0,0,0,0,3,1,6,1,10,-1,-1,-1,-1,-1
2013950004393,2,1,0,13,0,0,0,0,0,0,1,1,6,1,7,-1,-1,-1,-1,3
2013950004394,1,19,0,18,0,8,0,0,0,0,1,1,1,1,6,1995,2,1,-1,1
2013950004394,2,9,0,9,0,8,0,0,0,0,1,1,2,1,5,1796,1,7,-1,1
2013950004395,1,9,0,18,0,1,0,0,0,0,1,1,6,1,8,1461,2,1,-1,1
2013950004395,2,9,0,3,0,1,0,0,0,0,2,1,6,1,7,1999,1,7,-1,1
2013950004395,3,9,0,10,0,1,0,0,0,0,2,1,6,1,8,1910,2,6,-1,3
2013950004396,1,9,0,9,0,7,0,0,0,0,1,2,6,1,6,-1,-1,-1,-1,1
2013950004396,2,9,0,18,0,1,0,0,0,0,1,1,1,1,8,1598,2,-1,-1,2
2013950004397,1,9,0,18,0,0,0,0,0,0,0,1,6,2,8,1973,1,16,-1,2
2013950004398,1,9,0,18,0,1,0,0,0,0,3,1,6,2,11,1197,1,1,-1,1
2013950004398,2,9,0,3,0,2,0,0,0,0,3,1,6,1,4,1360,1,13,-1,1
2013950004399,1,9,0,18,0,8,0,0,1,2,1,1,2,1,9,1796,1,6,-1,1
2013950004401,1,9,0,18,0,0,0,0,0,0,1,1,6,2,6,1124,1,10,-1,1
2013950004407,1,1,0,5,0,6,0,0,0,0,1,1,6,1,3,-1,-1,-1,-1,1
2013950004407,2,9,0,18,0,8,0,0,0,0,4,1,2,2,8,1997,2,2,-1,3
2013950004409,1,9,0,18,0,0,0,0,0,0,1,1,6,2,5,998,1,-1,-1,3
2013950004414,1,9,0,18,0,2,0,0,0,0,1,1,6,1,5,1242,1,13,-1,1
2013950004414,2,9,0,18,0,2,0,0,0,0,2,1,6,1,10,1910,2,6,-1,1
2013950004423,1,9,0,18,0,0,1,0,1,2,1,1,6,2,6,1587,1,11,-1,3
2013950004424,1,9,0,18,0,4,0,0,0,0,1,1,6,2,6,1329,1,4,-1,1
2013950004424,2,9,0,18,0,8,0,0,0,0,1,1,6,1,7,1595,1,7,-1,1
2013950004425,1,9,0,9,0,8,0,0,0,0,1,1,2,1,5,998,1,4,-1,3
2013950004425,2,9,0,18,0,1,0,0,0,0,1,1,2,2,5,1497,8,2,-1,1
2013950004426,1,9,0,18,0,0,0,0,0,0,0,1,6,3,-1,-1,-1,-1,-1,-1
2013950004426,2,11,0,18,0,0,0,0,0,0,0,1,1,1,9,9360,2,4,-1,1
2013950004427,1,9,0,7,0,3,0,0,0,0,1,1,6,2,6,1299,1,9,-1,-1
2013950004427,2,9,0,2,0,2,0,0,0,0,3,1,6,3,-1,1910,2,7,-1,-1
2013950004428,1,9,0,1,0,2,0,0,0,0,2,1,6,2,4,998,1,6,-1,2
2013950004452,1,9,0,5,0,0,0,0,0,0,1,1,1,2,6,1968,2,-1,-1,1
2013950004454,1,9,0,16,0,0,1,0,7,4,4,1,6,2,5,1598,1,11,-1,3
2013950004454,2,1,0,18,0,0,0,0,1,4,1,1,2,1,8,-1,-1,-1,-1,1
2013950004455,1,9,0,18,0,0,0,0,0,0,1,1,6,1,8,1560,2,-1,-1,3
2013950004456,1,9,0,18,0,2,0,0,0,0,1,1,6,1,6,1999,1,7,-1,1
2013950004456,2,9,0,3,0,2,0,0,0,0,2,1,6,2,8,1198,1,6,-1,1
2013950004456,3,9,0,3,0,2,0,0,0,0,2,1,6,1,8,2231,2,5,-1,1
2013950004458,1,9,0,9,0,8,0,0,0,0,1,1,6,2,7,1968,2,2,-1,1
2013950004458,2,9,0,9,0,8,0,0,0,0,1,1,6,2,8,1968,2,4,-1,2
2013950004458,3,9,0,9,0,8,0,0,0,0,1,1,6,2,6,1242,1,1,-1,1
2013950004458,4,9,0,3,0,2,0,0,0,0,2,1,6,1,5,1497,1,8,-1,1
2013950004462,1,9,0,5,0,2,0,0,0,0,3,1,6,1,5,1242,1,1,-1,1
2013950004462,2,9,0,18,0,1,0,0,0,0,1,1,6,2,8,1910,2,8,-1,1
2013950004463,1,19,0,5,0,1,0,0,0,0,1,1,6,1,6,1995,2,1,-1,1
2013950004463,2,9,0,3,0,2,0,0,0,0,2,1,6,1,7,1400,1,7,-1,1
2013950004465,1,9,0,9,0,8,0,0,0,0,3,1,6,2,6,998,1,5,-1,1
2013950004465,2,9,0,18,0,4,0,0,0,0,1,1,6,1,10,2597,1,10,-1,3
2013950004467,1,9,0,18,0,1,0,0,0,0,4,1,6,3,-1,-1,-1,-1,-1,-1
2013950004468,1,9,0,6,0,1,0,0,0,0,3,1,6,1,6,1299,1,8,-1,1
2013950004468,2,9,0,9,0,1,0,0,0,0,1,1,6,2,7,-1,-1,-1,-1,1
2013950004469,1,9,0,18,0,1,0,0,0,0,1,1,1,3,-1,2319,1,12,-1,-1
2013950004469,2,9,0,3,0,1,0,0,0,0,2,1,6,2,6,1329,1,3,-1,1
2013950004469,3,9,0,4,0,1,0,0,0,0,2,1,1,2,7,1998,2,5,-1,1
2013950004470,1,19,0,1,0,0,0,0,0,0,2,1,1,3,-1,2198,2,3,-1,-1
2013950004470,2,9,0,1,0,0,0,0,0,0,1,1,6,2,6,1896,2,5,-1,1
2013950004471,1,19,0,1,2,1,0,0,0,0,2,1,6,1,-1,1753,2,7,-1,-1
2013950004472,1,9,0,18,0,0,0,0,1,11,1,1,6,1,8,2496,1,9,-1,3
2013950004473,1,19,0,18,0,1,0,0,0,0,3,1,6,3,-1,1870,2,12,-1,-1
2013950004473,2,1,0,18,0,1,5,0,0,0,1,1,6,1,8,-1,-1,-1,-1,1
2013950004474,1,9,0,9,0,2,0,0,0,0,1,1,6,2,8,1956,2,-1,-1,1
2013950004474,2,9,0,4,0,2,0,0,0,0,2,1,6,1,7,1598,2,1,-1,1
2013950004476,1,9,0,9,0,1,0,0,0,0,1,1,6,1,6,5995,1,8,-1,1
2013950004476,2,9,0,18,0,1,0,0,0,0,3,1,6,1,6,1598,1,5,-1,-1
2013950004480,1,9,0,16,0,0,0,0,7,4,1,1,6,1,4,973,1,11,-1,1
2013950004483,1,9,0,4,0,0,0,0,0,0,0,1,6,1,7,1995,2,11,-1,2
2013950004484,1,9,0,18,0,1,0,0,0,0,4,1,6,2,-1,-1,-1,-1,-1,-1
2013950004485,1,9,0,11,0,3,0,0,0,0,4,1,6,2,7,1390,1,7,-1,1
2013950004485,2,9,0,18,0,8,0,0,0,0,3,1,6,2,6,1296,1,6,-1,1
2013950004486,1,9,0,18,0,1,0,0,0,0,1,1,6,1,7,1598,1,11,-1,1
2013950004487,1,9,0,14,0,0,0,0,0,0,1,1,6,2,7,2488,2,8,-1,1
2013950004488,1,1,0,18,0,0,0,0,0,0,1,1,6,1,5,-1,-1,-1,-1,1
2013950004488,2,9,0,18,0,0,0,0,0,0,1,1,6,1,8,1997,2,5,-1,1
2013950004489,1,9,0,18,0,4,0,0,1,4,1,1,6,1,10,1582,2,5,-1,1
2013950004489,2,9,0,18,0,8,0,0,0,0,2,1,6,2,8,1598,2,1,-1,1
2013950004490,1,9,0,9,0,3,1,0,1,1,1,1,6,2,5,1149,1,13,-1,1
2013950004492,1,9,0,18,0,1,0,0,0,0,3,1,6,1,6,1396,1,10,-1,1
2013950004493,1,9,0,9,0,1,0,0,0,0,3,1,6,2,4,1242,1,1,-1,1
2013950004493,2,8,0,18,0,8,0,0,0,0,1,1,1,1,7,2499,2,6,-1,1
2013950004494,1,19,0,16,0,0,0,0,0,0,1,1,6,1,7,-1,-1,-1,-1,-1
2013950004494,2,9,0,18,0,0,0,0,0,0,3,1,2,2,5,1599,1,8,-1,1
2013950004496,1,9,0,18,0,8,0,0,0,0,1,1,6,1,6,1596,1,12,2,1
2013950004496,2,9,0,18,0,8,0,0,0,0,4,1,1,1,7,1248,2,3,-1,1
2013950004496,3,9,0,2,0,1,0,0,0,0,2,1,6,3,-1,1329,1,5,-1,-1
2013950004497,1,11,0,3,2,1,0,0,0,0,0,1,1,1,7,9360,2,2,-1,3
2013950004498,1,9,0,18,0,4,0,0,0,0,1,1,6,1,10,1461,2,2,-1,3
2013950004498,2,9,0,9,0,8,0,0,0,0,4,1,6,2,6,1588,1,9,-1,3
2013950004506,1,9,0,18,0,5,0,0,0,0,1,1,6,2,8,1591,1,-1,-1,1
2013950004507,1,9,0,18,0,1,0,0,0,0,1,1,6,1,10,1997,2,10,-1,1
2013950004509,1,90,0,16,0,0,0,0,0,0,0,1,1,1,8,5883,2,11,-1,3
2013950004509,2,1,0,17,0,0,0,0,1,0,0,1,6,1,9,-1,-1,-1,-1,3
2013950004510,1,1,0,12,0,0,0,0,0,0,3,1,6,1,6,-1,-1,-1,-1,1
2013950004510,2,19,0,4,0,0,0,0,0,0,4,1,1,1,7,4461,2,5,-1,-1
2013950004511,1,1,0,18,0,8,0,0,0,0,1,1,6,1,3,-1,-1,-1,-1,1
2013950004511,2,9,0,5,0,8,0,0,0,0,4,1,2,2,8,1398,2,8,-1,1
2013950004512,1,1,0,18,0,8,0,0,0,0,4,1,2,1,7,-1,-1,-1,-1,1
2013950004512,2,9,0,9,0,8,0,0,0,0,1,1,6,1,8,1149,1,3,-1,1
2013950004513,1,9,0,18,0,0,0,0,2,0,4,1,6,2,8,1968,2,5,-1,-1