Accident_Index,Vehicle_Reference,Vehicle_Type,Towing_and_Articulation,Vehicle_Manoeuvre,Vehicle_Location-Restricted_Lane,Junction_Location,Skidding_and_Overturning,Hit_Object_in_Carriageway,Vehicle_Leaving_Carriageway,Hit_Object_off_Carriageway,1st_Point_of_Impact,Was_Vehicle_Left_Hand_Drive?,Journey_Purpose_of_Driver,Sex_of_Driver,Age_Band_of_Driver,Engine_Capacity_(CC),Propulsion_Code,Age_of_Vehicle,Driver_IMD_Decile,Driver_Home_Area_Type
2013950004514,1,19,0,6,0,2,0,0,0,0,3,1,1,1,6,2402,2,7,-1,1
2013950004514,2,1,0,18,0,2,0,0,0,0,1,1,2,1,6,-1,-1,-1,-1,1
2013950004518,1,9,0,9,0,8,0,0,0,0,1,1,6,2,6,1598,1,3,-1,1
2013950004518,2,9,0,18,0,8,0,0,0,0,1,1,6,1,11,1973,1,15,-1,1
2013950004529,1,9,0,18,0,1,0,0,7,11,1,1,6,1,5,1149,1,13,-1,1
2013950004530,1,9,0,18,0,2,0,0,0,0,1,1,6,2,6,1596,1,10,-1,1
2013950004530,2,9,0,3,0,2,0,0,0,0,2,1,6,2,6,1998,1,10,-1,1
2013950004550,1,1,0,18,4,0,0,4,0,0,1,1,6,2,9,-1,-1,-1,-1,2
2013950004550,2,9,0,2,4,0,0,0,0,0,2,1,6,2,6,1598,2,-1,-1,3
2013950004551,1,9,0,18,0,0,1,0,2,10,4,1,6,2,4,1124,1,11,-1,1
2013950004553,1,9,0,17,0,0,1,0,8,11,1,1,2,2,5,1895,1,14,-1,3
2013950004555,1,4,0,18,8,0,0,0,0,0,1,1,6,1,8,264,1,9,-1,1
2013950004555,2,4,0,5,8,0,0,0,0,0,2,1,6,1,10,598,1,15,-1,-1
2013950004561,1,9,0,18,0,0,0,0,0,0,1,1,6,2,8,1396,1,2,-1,1
2013950004578,1,9,0,16,0,7,1,7,7,4,3,1,6,1,7,1461,2,8,-1,1
2013950004579,1,9,0,12,0,1,0,0,0,0,0,1,6,2,5,1390,1,7,-1,2
2013950004579,2,11,0,11,0,1,0,0,0,0,4,1,1,1,8,7300,2,6,-1,1
2013950004579,3,1,0,18,0,1,0,0,0,0,3,1,2,2,7,-1,-1,-1,-1,1
2013950004584,1,9,0,9,0,1,0,0,0,0,4,1,2,1,4,1399,2,2,-1,2
2013950004584,2,9,0,18,0,8,0,0,1,0,3,1,6,2,7,2179,2,5,-1,3
2013950004585,1,9,0,18,0,0,1,0,7,4,1,1,2,1,4,1984,1,16,-1,2
2013950004586,1,4,0,16,0,0,0,0,7,7,1,1,6,2,6,781,1,15,-1,3
2013950004586,2,9,0,18,0,0,0,0,0,0,1,1,6,2,8,1968,2,-1,-1,3
2013950004587,1,8,0,6,0,2,0,0,0,0,3,1,6,3,-1,-1,-1,-1,-1,-1
2013950004587,2,1,0,18,0,2,0,0,0,0,1,1,2,1,7,-1,-1,-1,-1,1
2013950004589,1,9,0,18,0,1,0,0,0,0,1,1,6,1,6,2488,2,6,-1,-1
2013950004589,2,9,0,3,0,2,0,0,0,0,2,1,6,1,9,1360,1,13,-1,1
2013950004589,3,9,0,3,0,2,0,0,0,0,2,1,6,1,7,1951,2,10,-1,1
2013950004589,4,9,0,3,0,2,0,0,0,0,2,1,6,2,9,-1,-1,-1,-1,-1
2013950004591,1,9,0,18,0,8,0,0,0,0,1,1,2,2,7,1997,1,10,-1,1
2013950004591,2,9,0,18,0,8,0,0,0,0,1,1,6,2,4,1242,1,7,-1,2
2013950004596,1,9,0,5,0,4,0,0,0,0,1,1,6,2,7,1560,2,2,-1,2
2013950004596,2,9,0,18,0,8,0,0,0,0,4,1,6,1,5,1598,1,12,-1,3
2013950004599,1,9,0,18,0,1,0,0,4,10,1,1,6,1,7,1796,1,11,-1,1
2013950004600,1,9,0,18,0,0,0,0,0,0,1,1,6,2,7,-1,-1,-1,-1,3
2013950004601,1,19,0,16,0,0,0,0,0,0,1,1,6,2,8,1560,2,4,-1,3
2013950004601,2,19,0,16,0,0,0,0,1,0,1,1,2,1,8,1686,2,7,-1,3
2013950004602,1,9,0,11,0,0,0,0,0,0,4,1,6,1,8,2993,2,8,-1,2
2013950004602,2,1,0,18,0,0,0,0,1,0,3,1,6,1,5,-1,-1,-1,-1,1
2013950004603,1,9,0,9,0,8,0,0,0,0,0,1,2,1,6,1242,1,-1,-1,-1
2013950004603,2,11,0,18,0,1,0,0,0,0,0,1,1,1,9,9360,2,3,-1,1
2013950004646,1,9,0,18,0,1,0,0,0,0,1,1,6,2,4,1596,1,9,-1,2
2013950004646,2,9,0,4,0,1,0,0,0,0,2,1,6,1,7,1299,1,12,-1,2
2013950004682,1,8,0,16,0,0,0,0,1,0,1,1,1,1,10,2499,2,6,-1,1
2013950004686,1,1,0,18,4,5,0,0,0,0,2,1,6,2,2,-1,-1,-1,-1,1
2013950004686,2,8,0,5,0,6,0,0,0,0,2,1,1,1,7,1997,2,1,-1,1
2013950004703,1,9,0,18,0,1,0,0,0,0,1,1,6,1,5,1997,2,5,-1,1
2013950004703,2,9,0,18,0,1,0,0,0,0,2,1,6,1,8,1968,2,7,-1,1
2013950004703,3,9,0,4,0,1,0,0,0,0,2,1,6,1,6,1587,1,6,-1,1
2013950004703,4,9,0,18,0,1,0,0,0,0,2,1,2,2,6,1956,2,-1,9,3
2013950004703,5,9,0,18,0,2,0,0,0,0,1,1,6,2,4,1399,2,5,-1,1
2013950004705,1,9,0,18,0,0,0,0,0,0,1,1,6,1,4,1299,1,11,-1,1
2013950004705,2,9,0,18,0,0,0,0,0,0,4,1,6,2,10,1390,1,5,-1,2
2013950004720,1,11,0,18,2,4,0,0,0,0,1,1,1,1,8,5900,2,15,-1,1
2013950004729,1,9,0,9,0,8,0,0,0,0,1,1,6,1,9,1998,1,15,-1,2
2013950004729,2,9,0,12,0,1,0,0,0,0,2,1,1,2,7,-1,-1,-1,-1,2
2013950004731,1,19,0,18,0,0,0,0,0,0,1,1,1,1,7,4500,2,6,-1,2
2013950004731,2,9,0,18,0,0,0,0,0,0,2,1,2,2,6,1388,1,5,-1,1
2013950004735,1,9,0,18,0,8,0,0,0,0,0,1,6,3,-1,-1,-1,-1,-1,-1
2013950004735,2,11,0,3,0,4,0,0,0,0,0,1,1,1,7,9360,2,2,-1,2
2013950004736,1,19,0,18,0,0,0,0,0,0,4,1,1,1,6,2402,2,6,-1,1
2013950004736,2,1,0,18,0,0,0,0,0,0,3,1,4,1,3,-1,-1,-1,-1,1
2013950004744,1,9,0,9,0,8,0,0,0,0,1,1,6,1,9,1586,1,9,-1,3
2013950004744,2,9,0,18,0,8,0,0,0,0,1,1,6,1,8,1686,2,2,-1,-1
2013950004745,1,21,0,16,0,0,5,0,0,10,1,1,1,1,7,12419,2,4,-1,3
2013950004804,1,9,0,9,0,8,0,0,0,0,0,1,6,1,-1,1298,1,10,-1,-1
2013950004804,2,1,0,18,0,1,0,0,0,0,1,1,6,1,6,-1,-1,-1,-1,1
2013950004805,1,9,0,18,0,2,0,0,0,0,1,1,1,2,8,1968,2,4,-1,1
2013950004805,2,9,0,18,0,2,0,0,0,0,4,1,6,1,6,1598,2,1,-1,1
2013950004805,3,9,0,2,0,2,0,0,0,0,3,1,6,3,-1,1596,1,6,-1,-1
2013950004806,1,9,0,18,0,0,0,0,0,0,1,1,6,1,7,2000,2,3,-1,3
2013950004806,2,9,0,18,0,0,0,0,0,0,1,1,6,2,8,2204,2,5,-1,2
2013950004807,1,1,0,18,9,0,0,0,0,2,1,1,6,1,8,-1,-1,-1,-1,1
2013950004808,1,9,0,18,0,0,0,0,1,3,1,1,2,1,8,1600,1,13,-1,1
2013950004809,1,9,0,18,0,0,0,0,0,0,1,1,6,1,9,1329,1,-1,-1,1
2013950004811,1,19,0,18,0,1,0,0,0,0,1,1,6,1,5,1995,2,7,-1,1
2013950004811,2,19,0,8,0,1,0,0,0,0,2,1,1,1,6,2198,2,1,-1,2
2013950004812,1,8,0,9,0,1,0,0,0,0,1,1,6,1,7,2664,2,12,-1,1
2013950004812,2,3,0,18,0,1,0,0,0,0,1,1,6,1,4,125,1,1,-1,1
2013950004836,1,1,0,18,0,0,0,4,0,0,1,1,2,1,6,-1,-1,-1,-1,2
2013950004836,2,19,0,2,0,0,0,0,0,0,2,1,6,3,-1,-1,-1,-1,-1,-1
2013950004860,1,9,0,9,0,8,0,0,0,0,4,1,6,2,6,2497,2,7,-1,1
2013950004860,2,1,0,18,0,8,0,0,0,0,1,1,2,2,6,-1,-1,-1,-1,1
2013950004875,1,9,0,17,0,0,1,0,0,0,1,1,6,2,7,1596,1,13,-1,2
2013950004875,2,9,0,16,0,0,0,0,0,0,1,1,2,1,8,1560,2,1,-1,1
2013950004912,1,11,0,5,0,0,0,0,0,0,0,1,1,1,6,9360,2,4,-1,1
2013950004948,1,8,0,9,0,8,0,0,0,0,1,1,1,1,9,2143,2,1,-1,1
2013950004948,2,1,0,15,0,8,0,0,0,0,3,1,2,1,8,-1,-1,-1,-1,1
2013950004949,1,90,5,18,0,0,0,0,0,0,3,1,1,1,11,-1,2,15,-1,3
2013950004949,2,19,0,18,0,0,0,0,0,0,3,1,1,1,8,1997,2,9,-1,3
2013950004950,1,21,1,7,0,3,0,0,0,0,4,1,1,1,9,12130,2,12,-1,1
2013950004951,1,9,0,5,0,1,0,0,0,0,1,1,6,1,5,1685,2,2,-1,1
2013950004951,2,9,0,3,0,1,0,0,0,0,2,1,6,2,6,1388,1,12,-1,1
2013950004952,1,1,0,15,0,1,0,10,0,0,3,1,2,1,6,-1,-1,-1,-1,1
2013950004952,2,9,0,4,7,1,0,0,0,0,2,1,1,1,7,1995,2,5,-1,1
2013950004953,1,9,0,12,0,8,0,0,0,0,0,1,6,3,-1,1362,1,-1,-1,-1
2013950004953,2,3,0,18,0,8,1,0,0,0,4,1,2,2,7,-1,-1,-1,-1,1
2013950004954,1,9,0,7,0,8,5,10,1,1,3,1,1,2,5,1598,1,8,-1,1
2013950004955,1,9,0,18,0,1,0,0,0,0,1,1,2,1,6,1390,1,-1,-1,1
2013950004960,1,9,0,9,0,8,0,0,0,0,1,1,6,2,4,1198,1,3,-1,3
2013950004960,2,1,0,18,0,8,0,0,0,0,3,1,6,1,9,-1,-1,-1,-1,1
2013950004961,1,9,0,16,0,0,0,0,1,0,1,1,6,1,4,999,1,12,-1,3
2013950004962,1,11,0,5,0,1,0,0,0,0,0,1,6,1,9,9000,2,6,-1,1
2013950004963,1,9,0,4,0,8,0,0,0,0,0,1,6,3,-1,-1,-1,-1,-1,-1
2013950004963,2,11,0,18,0,8,0,0,0,0,0,1,1,1,8,9360,2,2,-1,1
2013950004964,1,11,0,18,0,1,0,0,0,0,1,1,1,1,8,12778,2,2,-1,1
2013950004964,2,9,0,4,0,1,0,0,0,0,2,1,6,2,4,1150,1,6,6,3
2013950004970,1,9,0,18,0,0,0,4,0,0,1,1,1,2,8,998,1,1,-1,1
2013950004970,2,9,0,2,0,0,0,0,0,0,2,1,6,3,-1,1998,1,11,-1,-1
2013950004972,1,9,0,16,0,0,5,0,7,11,2,1,6,1,5,1388,1,9,-1,3
2013950005000,1,9,0,5,0,4,0,0,0,0,1,1,1,1,9,1995,2,8,-1,1
2013950005000,2,9,0,18,0,3,0,0,0,0,4,1,1,1,4,1149,1,11,-1,3
2013950005018,1,9,0,18,0,0,0,0,0,0,3,1,6,1,9,1598,1,5,-1,2
2013950005027,1,2,0,18,0,0,0,4,0,0,4,1,6,1,4,49,1,9,-1,1
2013950005027,2,19,0,2,0,0,0,0,0,0,3,1,6,3,-1,2198,2,3,-1,-1
2013950005027,3,9,0,2,0,0,0,0,0,0,4,1,6,3,-1,1598,1,8,-1,-1
2013950005048,1,9,0,5,0,1,0,0,0,0,1,1,6,1,9,1598,1,6,-1,1
2013950005048,2,4,0,3,0,1,0,0,0,0,2,1,6,1,8,998,1,9,-1,3
2013950005049,1,9,0,3,0,1,0,0,0,0,4,1,2,1,7,1597,1,15,-1,1
2013950005049,2,1,0,15,4,1,0,8,0,0,1,1,6,1,8,-1,-1,-1,-1,1
2013950005050,1,1,0,18,0,1,0,0,0,0,1,1,6,1,8,-1,-1,-1,-1,-1
2013950005050,2,9,0,10,0,8,0,0,0,0,4,1,6,1,6,1796,1,14,-1,1
2013950005051,1,9,0,18,0,1,0,0,0,0,1,1,6,1,4,1149,1,5,-1,3
2013950005051,2,9,0,3,0,1,0,0,0,0,2,1,6,1,7,1248,1,3,-1,3
2013950005056,1,8,0,7,0,8,0,0,0,0,4,1,1,1,9,2499,2,2,-1,1
2013950005056,2,1,0,18,0,1,0,0,0,0,3,1,6,1,9,-1,-1,-1,-1,1
2013950005057,1,9,0,18,0,0,1,0,2,11,1,1,6,2,4,1390,1,7,-1,1
2013950005061,1,9,0,18,0,0,0,10,0,0,4,1,6,1,7,1956,2,2,-1,2
2013950005061,2,9,0,18,0,0,0,0,0,0,2,1,6,1,8,1796,1,6,-1,2
2013950005062,1,9,0,7,0,1,0,0,0,0,1,1,6,1,10,-1,-1,-1,-1,3
2013950005064,1,9,0,18,0,0,0,0,0,0,1,1,2,1,7,1242,1,15,-1,1
2013950005067,1,9,0,6,0,0,0,0,0,0,3,1,1,1,7,998,1,13,-1,1
2013950005067,2,1,0,14,0,0,0,0,0,0,1,1,2,1,6,-1,-1,-1,-1,1
2013950005068,1,9,0,18,0,0,0,0,0,0,1,1,2,2,8,1339,1,4,-1,1
2013950005070,1,9,0,18,0,3,0,0,0,0,2,1,6,1,5,1398,1,3,-1,1
2013950005070,2,1,0,18,0,3,0,0,0,0,1,1,6,1,7,-1,-1,-1,-1,1
2013950005076,1,9,0,17,0,0,1,0,8,9,4,1,6,1,6,1390,1,7,-1,1
2013950005076,2,19,0,18,0,0,1,0,1,0,1,1,1,1,7,1560,2,1,-1,3
2013950005081,1,19,0,5,0,0,0,0,0,0,1,1,6,1,6,1995,2,4,-1,1
2013950005081,2,9,0,4,0,0,0,0,0,0,2,1,6,2,6,1560,2,7,-1,1
2013950005087,1,9,0,18,0,1,0,7,0,0,1,1,6,1,9,1397,1,3,-1,1
2013950005087,2,9,0,2,0,1,0,0,0,0,3,1,6,3,-1,1798,1,10,-1,-1
2013950005087,3,9,0,2,0,1,0,0,0,0,1,1,6,3,-1,999,1,-1,-1,-1
2013950005088,1,9,0,18,0,8,0,0,0,0,1,1,6,1,10,2231,2,1,-1,-1
2013950005088,2,11,0,18,0,8,0,0,1,10,1,1,1,1,7,4250,2,4,-1,2
2013950005088,3,19,0,18,0,1,0,0,0,0,0,1,1,1,8,2464,2,5,-1,3
2013950005091,1,9,0,7,0,3,0,0,1,0,4,1,6,1,10,1975,1,7,-1,1
2013950005091,2,1,0,7,0,3,0,0,1,0,3,1,6,1,8,-1,-1,-1,-1,1
2013950005092,1,9,0,9,0,8,0,0,0,0,4,1,6,1,11,1595,1,8,-1,1
2013950005092,2,1,0,15,0,8,0,0,0,0,1,1,4,1,3,-1,-1,-1,-1,1
2013950005096,1,9,0,9,0,2,0,0,0,0,3,1,2,1,8,1998,2,5,-1,1
2013950005096,2,4,0,14,0,1,0,0,0,0,1,1,2,1,4,124,1,8,-1,3
2013950005097,1,9,0,18,0,0,0,0,0,0,4,1,6,1,5,1242,1,12,-1,1
2013950005098,1,9,0,17,0,0,2,0,2,10,1,1,6,1,9,1596,1,9,-1,2
2013950005099,1,9,0,13,0,0,0,0,7,0,1,1,6,1,7,1422,2,11,-1,-1
2013950005099,2,9,0,18,0,0,0,0,0,0,3,1,6,1,11,1328,1,11,-1,3
2013950005099,3,21,0,18,0,0,0,0,0,0,0,1,1,2,6,11705,2,8,-1,3
2013950005107,1,9,0,17,0,0,0,10,7,11,1,1,6,1,11,1997,1,11,-1,3
2013950005108,1,9,0,17,0,0,2,0,1,11,1,1,6,2,5,1360,1,1,-1,3
2013950005111,1,9,0,17,0,0,2,0,1,11,1,1,6,1,6,1343,1,10,7,1
2013950005112,1,1,0,18,0,0,0,0,0,0,1,1,2,1,8,-1,-1,-1,-1,1
2013950005112,2,9,0,3,0,0,0,0,0,0,2,1,6,1,6,1968,2,7,-1,1
2013950005116,1,9,0,18,0,4,0,0,0,0,1,1,6,3,-1,-1,-1,-1,-1,-1
2013950005116,2,1,0,18,0,3,0,0,0,0,1,1,6,2,6,-1,-1,-1,-1,3
2013950005120,1,9,0,16,0,1,1,0,2,10,4,1,6,1,10,1798,1,3,-1,1
2013950005120,2,21,0,16,0,1,0,0,0,0,1,1,1,1,9,9200,2,7,-1,1
2013950005121,1,4,0,18,0,0,0,0,0,0,4,1,6,1,7,999,1,3,-1,3
2013950005121,2,9,0,18,0,0,0,0,0,0,2,1,6,2,6,1248,2,6,-1,3
2013950005122,1,21,0,5,0,2,0,0,0,0,3,1,1,1,6,-1,-1,-1,-1,3
2013950005122,2,1,0,18,0,8,0,0,0,0,4,1,6,1,10,-1,-1,-1,-1,2
2013950005123,1,19,0,13,0,3,0,0,0,0,0,1,6,1,6,2402,2,8,-1,1
2013950005123,2,1,0,18,0,3,0,0,0,0,0,1,2,1,7,-1,-1,-1,-1,3
2013950005124,1,9,0,4,0,4,0,0,0,0,1,1,6,1,4,1390,1,3,-1,3
2013950005124,2,9,0,4,0,4,0,0,0,0,2,1,2,1,8,1995,2,3,-1,1
2013950005124,3,9,0,4,0,8,0,0,0,0,0,1,6,1,7,1242,1,3,-1,3
2013950005125,1,9,0,18,0,0,0,0,0,0,1,1,6,1,6,1988,2,8,-1,3
2013950005126,1,9,0,4,0,0,0,0,0,0,3,1,6,2,10,2494,1,12,-1,1
2013950005127,1,9,0,2,0,2,0,0,0,0,2,1,6,3,-1,1598,1,8,-1,-1
2013950005132,1,9,0,16,0,0,0,0,7,0,1,1,6,2,11,1149,1,1,-1,3
2013950005132,2,9,0,17,0,0,0,0,0,0,3,1,6,1,8,1798,1,3,-1,2
2013950005133,1,19,0,18,0,0,2,10,1,2,1,1,6,1,7,-1,-1,-1,-1,3
2013950005134,1,9,0,18,0,0,0,0,0,0,1,1,6,1,8,1598,1,7,-1,1
2013950005149,1,1,0,18,0,0,0,0,0,0,1,1,6,1,6,-1,-1,-1,-1,3
2013950005149,2,9,0,3,0,0,0,0,0,0,2,1,2,1,9,1339,1,5,-1,1
2013950005150,1,9,0,5,0,0,0,0,0,0,4,1,6,3,-1,-1,-1,-1,-1,-1
2013950005172,1,9,0,18,0,8,0,0,0,0,3,1,6,2,7,-1,-1,-1,-1,3
2013950005172,2,1,0,18,0,8,0,0,0,0,2,1,2,2,6,-1,-1,-1,-1,1
2013950005178,1,9,0,18,0,0,0,0,0,0,1,1,6,3,-1,-1,-1,-1,-1,-1
2013950005178,2,9,0,3,0,0,0,0,0,0,2,1,6,2,8,1461,2,5,-1,1
2013950005179,1,9,0,18,0,1,0,0,0,0,1,1,6,3,-1,-1,-1,-1,-1,-1
2013950005187,1,9,0,4,0,0,0,0,0,0,1,1,6,1,4,1248,2,2,-1,2
2013950005187,2,9,0,3,0,0,0,0,0,0,2,1,2,2,9,-1,-1,-1,-1,1
2013950005187,3,9,0,3,0,0,0,0,0,0,2,1,2,2,5,998,1,11,-1,1
2013950005188,1,9,0,18,0,0,0,0,0,0,1,1,6,2,8,1360,1,11,-1,2
2013950005188,2,9,0,3,0,0,0,0,0,0,2,1,6,2,7,1388,1,4,-1,1
2013950005188,3,9,0,3,0,0,0,0,0,0,2,1,6,1,7,1596,1,6,-1,2
2013950005188,4,9,0,3,0,0,0,0,0,0,2,1,6,1,5,1395,1,-1,-1,2
2013950005190,1,9,0,18,0,0,1,0,7,6,1,1,6,2,4,1587,1,12,-1,1
2013950005191,1,9,0,12,0,1,0,0,0,0,1,1,6,1,6,1783,7,11,-1,1
2013950005191,2,1,0,16,0,1,0,0,1,0,1,1,6,2,7,-1,-1,-1,-1,1
2013950005194,1,9,0,18,0,1,0,0,0,0,1,1,6,2,6,1461,2,8,-1,1
2013950005194,2,9,0,9,0,1,0,0,0,0,2,1,1,2,9,1198,1,1,-1,1
2013950005199,1,9,0,18,0,0,5,0,0,11,1,1,6,1,11,1796,1,7,-1,1
2013950005203,1,9,0,18,0,0,0,0,0,0,1,1,1,2,4,998,1,13,-1,1
2013950005203,2,9,0,4,0,0,0,0,0,0,1,1,2,2,6,1398,1,3,-1,1
2013950005203,3,9,0,18,0,0,0,0,0,0,1,1,2,2,6,1242,1,5,-1,1
2013950005203,4,9,0,4,0,0,0,0,0,0,2,1,6,2,6,1956,2,2,-1,1
2013950005212,1,9,0,1,0,0,0,0,0,0,4,1,6,1,4,1242,1,10,-1,2
2013950005220,1,9,0,6,0,0,0,0,7,0,3,1,6,2,8,1360,1,1,-1,3
2013950005220,2,9,0,18,0,0,0,0,7,4,1,1,6,2,10,1398,1,3,-1,1
2013950005221,1,9,0,18,0,4,1,0,1,7,1,1,6,1,11,1396,1,16,-1,1
2013950005222,1,9,0,17,0,0,1,0,7,11,1,1,6,1,6,1800,1,13,-1,1
2013950005223,1,9,0,18,0,2,0,0,7,5,1,1,2,1,4,1240,1,10,-1,1
2013950005225,1,4,0,18,0,0,0,4,1,0,1,1,6,1,5,599,1,13,-1,1
2013950005225,2,9,0,3,0,0,0,0,0,0,3,1,2,2,7,1997,1,13,-1,1
2013950005225,3,9,0,2,0,0,0,0,0,0,2,1,6,3,-1,2987,2,2,-1,-1
2013950005227,1,11,0,17,0,0,0,0,0,0,0,1,1,1,7,9360,2,4,-1,1
2013950005228,1,9,0,18,0,0,0,0,0,0,1,1,6,2,9,1870,2,2,-1,2
2013950005228,2,9,0,4,0,0,0,0,0,0,2,1,6,2,8,1248,1,1,-1,2
2013950005230,1,9,0,9,0,1,0,0,1,0,1,1,6,1,7,1390,1,9,-1,3
2013950005230,2,9,0,18,0,1,0,0,1,9,1,1,6,1,7,1988,1,10,-1,3
2013950005238,1,9,0,9,0,8,0,0,0,0,0,1,6,1,-1,-1,-1,-1,-1,-1
2013950005238,2,1,0,18,0,1,0,0,0,0,0,1,6,1,6,-1,-1,-1,-1,1
2013950005239,1,9,0,18,0,8,0,0,0,0,1,2,6,1,10,-1,-1,-1,-1,-1
2013950005239,2,19,0,18,0,8,0,0,1,0,3,1,1,1,7,2143,2,1,-1,1
2013950005243,1,9,0,7,0,2,0,0,0,0,1,1,6,1,5,1598,1,3,-1,1
2013950005244,1,19,0,4,0,1,0,0,0,0,1,1,6,1,8,1560,2,3,-1,1
2013950005244,2,9,0,3,0,1,0,0,0,0,2,1,6,2,6,1461,2,9,-1,-1
2013950005247,1,19,0,5,0,0,0,0,0,0,4,1,1,1,9,2148,2,6,-1,1
2013950005248,1,9,0,16,0,0,5,10,7,10,4,1,6,1,5,1149,1,8,-1,1
2013950005249,1,9,0,14,0,0,0,0,0,0,1,1,6,2,4,1396,1,14,-1,1
2013950005249,2,11,0,3,0,0,0,0,0,0,2,1,1,1,8,9360,2,5,-1,1
2013950005253,1,9,0,14,0,0,0,0,0,0,4,1,6,2,6,1997,1,9,-1,1
2013950005253,2,11,0,3,0,0,0,0,0,0,0,1,1,1,5,7300,2,9,-1,1
2013950005254,1,9,0,16,0,0,1,10,1,11,4,1,2,1,7,698,1,9,-1,2
2013950005256,1,8,0,18,0,1,0,0,0,0,1,1,1,1,9,2499,2,3,-1,1
2013950005257,1,9,0,18,0,1,0,0,0,0,1,1,6,2,8,1991,2,7,-1,1
2013950005257,2,9,0,4,0,2,0,0,0,0,2,1,6,1,5,1900,2,11,-1,2
2013950005260,1,11,0,18,2,1,0,0,0,0,4,1,6,1,8,4500,2,2,-1,-1
2013950005262,1,9,0,18,0,0,0,0,0,11,1,1,1,1,9,1598,2,1,-1,3
2013950005263,1,90,0,18,0,1,0,0,0,0,0,1,6,1,7,-1,2,8,-1,2
2013950005263,2,16,0,18,5,1,0,0,0,0,0,1,6,2,6,-1,-1,-1,-1,-1
2013950005266,1,9,0,18,0,8,0,0,0,0,4,1,6,2,7,1995,1,7,-1,1
2013950005266,2,9,0,18,0,8,0,0,0,0,1,1,6,1,7,1360,1,3,-1,1
2013950005272,1,21,0,17,0,0,2,0,1,9,1,1,6,1,7,4461,2,2,-1,1
2013950005276,1,1,0,9,0,3,0,0,0,0,1,1,6,2,8,-1,-1,-1,-1,1
2013950005276,2,9,0,7,0,3,0,0,0,0,2,1,6,2,9,1246,1,5,-1,1
2013950005277,1,11,0,4,0,1,0,0,0,0,0,1,1,1,7,7300,2,-1,-1,1
2013950005278,1,9,0,9,0,8,0,0,0,0,1,1,6,1,4,1360,1,12,-1,3
2013950005278,2,9,0,8,0,8,0,0,0,0,1,1,6,1,5,1396,1,7,-1,3
2013950005279,1,9,0,5,0,0,0,0,0,0,1,1,6,2,6,1796,1,7,-1,1
2013950005279,2,19,0,18,0,0,0,0,0,0,1,1,1,1,9,1686,2,8,-1,1
2013950005294,1,9,0,18,0,0,0,0,0,0,1,1,2,2,7,1783,1,9,-1,1
2013950005294,2,9,0,18,0,0,0,0,0,0,2,1,2,2,6,1686,2,3,-1,2
2013950005297,1,9,0,18,0,0,0,0,1,10,4,1,2,1,6,1995,2,2,-1,3
2013950005297,2,9,0,18,0,0,0,0,0,0,2,1,2,1,8,2435,1,13,-1,2
2013950005297,3,9,0,18,0,0,0,0,0,0,2,1,6,2,4,1968,2,4,9,3
2013950005298,1,1,0,18,0,1,0,0,0,0,3,1,2,2,6,-1,-1,-1,-1,1
2013950005298,2,9,0,9,0,8,0,0,0,0,1,1,2,2,8,1229,1,2,-1,1
2013950005300,1,9,0,18,0,1,0,0,0,0,4,1,3,2,7,1598,1,11,-1,1
2013950005301,1,9,0,5,0,8,0,0,0,0,1,1,6,2,6,1339,1,10,-1,1
2013950005301,2,4,0,18,0,8,0,0,0,0,1,1,6,1,8,599,1,17,-1,3
2013950005305,1,9,0,9,0,8,0,0,0,0,1,1,2,2,6,1896,2,6,-1,1
2013950005305,2,19,0,18,0,8,0,0,0,0,1,1,2,1,7,1686,2,9,-1,2
2013950005306,1,9,0,9,0,8,0,0,0,0,4,1,6,1,6,2199,2,4,-1,1
2013950005306,2,1,0,18,0,2,0,0,0,0,1,1,6,1,5,-1,-1,-1,-1,1
2013950005307,1,9,0,11,0,3,0,0,0,0,4,1,6,1,6,1796,1,10,-1,1
2013950005307,2,21,0,18,0,3,0,0,0,0,1,1,1,1,7,-1,-1,-1,-1,-1
2013950005308,1,11,0,4,0,0,0,0,0,0,0,1,1,1,7,7300,2,6,-1,-1
2013950005309,1,9,0,18,0,1,0,0,0,0,1,1,6,1,5,1149,1,7,-1,1
2013950005309,2,9,0,7,0,1,0,0,0,0,2,1,6,1,6,1794,1,12,-1,1
2013950005310,1,9,0,18,0,0,0,0,0,0,1,1,6,3,-1,1679,1,13,-1,-1
2013950005311,1,9,0,11,0,2,0,0,0,0,1,1,6,1,6,1396,1,-1,-1,-1
2013950005311,2,8,0,16,2,2,0,0,0,0,1,1,1,1,9,2664,2,13,-1,-1
2013950005315,1,9,0,18,0,1,0,0,7,11,1,1,6,1,11,1339,8,5,-1,2
2013950005316,1,9,0,9,0,8,0,0,0,0,1,1,2,1,7,998,1,17,-1,1
2013950005316,2,1,0,18,0,8,0,0,7,0,1,1,6,1,8,-1,-1,-1,-1,1
2013950005317,1,11,0,18,0,8,0,0,0,0,0,1,1,1,7,9360,2,6,-1,1
2013950005324,1,90,0,16,0,2,0,0,0,0,1,1,6,1,6,-1,-1,-1,-1,2
2013950005324,2,9,0,17,0,2,0,0,0,0,1,1,1,2,11,1299,1,9,-1,2
2013950005326,1,9,0,18,0,1,0,0,0,0,1,1,6,2,7,1595,1,3,-1,1