Accident_Index,Vehicle_Reference,Vehicle_Type,Towing_and_Articulation,Vehicle_Manoeuvre,Vehicle_Location-Restricted_Lane,Junction_Location,Skidding_and_Overturning,Hit_Object_in_Carriageway,Vehicle_Leaving_Carriageway,Hit_Object_off_Carriageway,1st_Point_of_Impact,Was_Vehicle_Left_Hand_Drive?,Journey_Purpose_of_Driver,Sex_of_Driver,Age_Band_of_Driver,Engine_Capacity_(CC),Propulsion_Code,Age_of_Vehicle,Driver_IMD_Decile,Driver_Home_Area_Type
2013950005326,2,9,0,3,0,1,0,0,0,0,1,1,6,2,6,1199,1,10,-1,1
2013950005327,1,9,0,6,0,0,0,0,0,0,2,1,6,1,10,2143,2,2,-1,1
2013950005327,2,9,0,18,0,0,0,0,0,0,1,1,6,1,8,1560,2,7,-1,1
2013950005328,1,9,0,18,0,0,1,0,1,11,4,1,2,1,7,1598,1,8,-1,3
2013950005329,1,9,0,7,0,2,0,0,0,0,4,1,2,2,8,998,1,11,-1,1
2013950005329,2,1,0,18,0,1,0,0,0,0,1,1,6,1,6,-1,-1,-1,-1,1
2013950005330,1,9,0,16,0,0,1,0,7,2,1,1,6,2,8,1348,1,12,-1,1
2013950005331,1,9,0,18,0,0,0,0,0,0,1,1,6,2,7,1679,1,12,-1,1
2013950005331,2,1,0,18,0,0,0,0,0,0,4,1,6,1,4,-1,-1,-1,-1,1
2013950005333,1,1,0,18,0,1,0,0,0,0,1,1,6,1,3,-1,-1,-1,-1,1
2013950005333,2,9,0,18,0,1,0,0,0,0,4,1,2,1,8,1753,2,10,-1,1
2013950005335,1,9,0,18,0,1,0,0,0,0,1,1,6,3,-1,-1,-1,-1,-1,-1
2013950005338,1,9,0,1,0,1,0,4,0,0,3,1,3,1,3,1149,1,3,-1,1
2013950005338,2,9,0,2,0,1,0,0,0,0,2,1,6,3,-1,1798,1,9,-1,-1
2013950005344,1,9,0,18,0,0,1,0,8,11,1,1,6,1,6,1994,1,14,-1,1
2013950005351,1,9,0,16,0,2,2,0,7,0,3,2,2,1,5,-1,-1,-1,-1,-1
2013950005359,1,9,0,18,0,4,0,0,0,0,1,1,6,1,9,1796,1,5,-1,1
2013950005359,2,9,0,3,0,4,0,0,0,0,2,1,2,2,6,-1,-1,-1,-1,1
2013950005360,1,3,0,18,0,0,1,0,0,0,1,1,6,1,4,49,1,1,-1,3
2013950005360,2,19,0,9,0,0,0,0,0,0,2,1,1,1,8,2198,2,-1,-1,1
2013950005361,1,22,0,18,0,0,0,0,0,0,4,1,6,1,11,-1,-1,-1,-1,1
2013950005361,2,9,0,18,0,0,0,0,0,0,1,1,6,1,5,1124,1,13,-1,-1
2013950005363,1,11,0,3,0,0,0,0,0,0,0,1,1,1,6,9360,2,6,-1,1
2013950005364,1,9,0,17,0,8,0,0,0,0,1,1,6,3,-1,-1,-1,-1,-1,-1
2013950005364,2,2,0,16,0,8,0,0,0,0,1,1,6,1,4,49,1,1,-1,2
2013950005365,1,9,0,17,0,0,0,0,0,0,2,1,6,2,7,1600,2,2,-1,1
2013950005365,2,9,0,18,0,0,0,0,0,0,1,1,6,1,10,1984,1,18,-1,1
2013950005366,1,9,0,1,0,1,0,0,0,0,2,1,6,1,7,2295,1,12,-1,1
2013950005367,1,9,0,18,0,1,0,0,0,0,1,1,6,2,6,1229,1,-1,-1,1
2013950005367,2,8,0,3,0,1,0,0,0,0,2,1,1,1,8,2664,2,15,-1,1
2013950005376,1,1,0,18,2,1,0,0,0,0,1,1,2,1,6,-1,-1,-1,-1,1
2013950005376,2,9,0,8,2,1,0,0,0,0,2,1,6,1,8,1896,2,12,-1,1
2013950005378,1,11,0,4,0,8,0,0,0,0,0,1,1,1,7,9360,2,2,-1,2
2013950005379,1,9,0,17,0,0,1,0,1,7,1,1,6,1,9,1386,1,7,-1,1
2013950005380,1,11,0,18,0,1,0,0,0,0,1,1,1,1,6,12778,2,2,-1,1
2013950005380,2,9,0,4,0,1,0,0,0,0,2,1,6,1,5,1398,1,-1,-1,1
2013950005385,1,9,0,9,0,8,0,0,0,0,1,1,6,2,9,-1,-1,-1,-1,1
2013950005385,2,1,0,18,0,8,0,0,0,0,3,1,6,2,5,-1,-1,-1,-1,1
2013950005392,1,9,0,18,0,0,0,0,0,0,1,1,6,3,-1,-1,-1,-1,-1,-1
2013950005398,1,9,0,15,0,0,1,0,1,11,1,1,6,1,8,1493,1,35,-1,1
2013950005419,1,1,0,9,0,8,0,0,0,0,3,1,6,1,5,-1,-1,-1,-1,1
2013950005419,2,4,0,18,0,1,0,0,0,0,1,1,2,2,9,249,1,17,-1,1
2013950005423,1,1,0,18,0,8,0,0,7,0,1,1,6,1,2,-1,-1,-1,-1,3
2013950005423,2,9,0,8,0,8,0,0,0,0,4,1,6,1,9,1582,2,1,-1,1
2013950005429,1,9,0,18,0,1,0,0,0,0,1,1,6,2,7,1398,2,6,-1,2
2013950005430,1,90,0,18,0,1,0,0,0,0,1,1,1,1,7,-1,-1,-1,-1,-1
2013950005430,2,19,0,4,0,2,0,0,0,0,2,1,1,1,10,1998,2,7,-1,1
2013950005433,1,9,0,7,0,1,0,0,0,0,4,1,6,3,-1,-1,-1,-1,-1,-1
2013950005433,2,1,0,18,0,1,0,0,0,0,1,1,2,1,6,-1,-1,-1,-1,-1
2013950005435,1,9,0,4,0,1,0,0,0,0,1,1,6,3,-1,-1,-1,-1,-1,-1
2013950005435,2,9,0,3,0,1,0,0,0,0,2,1,6,2,6,998,1,1,-1,2
2013950005445,1,9,0,7,0,4,0,0,0,0,1,1,6,1,7,1398,1,3,-1,1
2013950005445,2,1,0,18,0,8,0,0,0,0,4,1,2,1,7,-1,-1,-1,-1,2
2013950005454,1,9,0,7,0,6,0,0,0,11,1,1,6,1,5,1753,2,10,-1,2
2013950005454,2,19,0,18,0,8,0,0,0,11,1,1,6,1,7,2488,2,6,-1,3
2013950005455,1,4,0,9,0,1,0,0,0,0,1,1,6,1,6,599,1,5,-1,1
2013950005456,1,9,0,18,0,4,0,0,0,0,1,1,6,1,5,1850,1,13,-1,2
2013950005456,2,2,0,18,0,8,0,0,0,0,1,1,6,2,6,50,1,3,-1,3
2013950005457,1,9,0,5,0,2,0,0,0,0,1,1,6,2,9,1368,1,2,-1,3
2013950005457,2,9,0,4,0,2,0,0,0,0,2,1,6,2,5,1396,2,-1,-1,1
2013950005458,1,9,0,18,0,0,0,0,1,11,1,1,6,2,6,998,1,7,-1,2
2013950005461,1,19,0,9,0,6,0,0,0,0,4,1,6,1,8,2148,2,5,-1,1
2013950005461,2,9,0,18,0,1,0,0,0,0,3,1,6,2,8,1497,1,11,-1,1
2013950005462,1,8,0,6,0,1,0,0,0,0,0,1,1,1,7,2664,2,12,-1,1
2013950005462,2,3,0,18,0,2,1,0,0,0,3,1,6,1,7,124,1,1,-1,1
2013950005463,1,9,0,18,0,3,0,0,0,0,1,1,6,2,6,1299,1,8,-1,1
2013950005464,1,9,0,18,0,8,0,0,0,0,3,1,1,3,-1,1248,2,-1,-1,-1
2013950005464,2,9,0,16,0,8,0,0,0,0,1,1,6,2,6,1388,1,9,-1,1
2013950005465,1,9,0,12,0,7,0,0,0,0,1,1,6,1,9,3628,2,6,9,1
2013950005465,2,9,0,18,0,8,0,0,0,0,2,1,6,2,7,1396,1,13,-1,2
2013950005479,1,9,0,18,0,0,0,0,0,0,1,1,2,1,7,1956,2,3,-1,1
2013950005479,2,9,0,4,0,0,0,0,0,0,2,1,1,2,4,-1,-1,-1,-1,3
2013950005479,3,9,0,4,0,0,0,0,0,0,2,1,2,1,5,1799,1,6,-1,2
2013950005494,1,9,0,18,0,0,0,0,0,0,1,1,2,2,7,2902,2,5,-1,3
2013950005494,2,9,0,18,0,0,0,0,0,0,2,1,6,2,9,1242,1,6,-1,3
2013950005494,3,9,0,18,0,0,0,0,0,0,2,1,2,1,7,1560,2,1,-1,1
2013950005502,1,9,0,11,0,0,0,0,0,0,4,1,6,2,7,1560,2,1,-1,1
2013950005502,2,9,0,18,0,0,0,0,0,0,3,1,6,1,5,1968,2,3,-1,3
2013950005502,3,9,0,18,0,0,0,10,1,0,4,1,6,2,5,1368,1,7,-1,1
2013950005503,1,9,0,18,0,8,1,0,0,0,4,1,2,2,6,1398,1,3,-1,1
2013950005503,2,1,0,18,0,8,0,0,0,0,1,1,6,1,6,-1,-1,-1,-1,1
2013950005504,1,9,0,18,0,0,0,0,0,0,1,1,2,2,8,1590,1,13,-1,3
2013950005504,2,9,0,4,0,0,0,0,0,0,2,1,6,2,6,1598,2,2,-1,1
2013950005505,1,9,0,18,0,8,0,0,0,0,3,1,6,2,5,1199,1,10,-1,2
2013950005505,2,9,0,18,0,8,1,0,0,0,1,1,6,2,6,1360,1,10,-1,1
2013950005510,1,9,0,11,0,4,0,0,0,0,0,1,6,1,-1,-1,-1,-1,-1,-1
2013950005510,2,11,0,18,0,4,0,0,0,0,0,1,1,1,7,7300,2,8,-1,1
2013950005516,1,9,0,9,0,2,0,0,0,0,1,1,6,2,7,1968,2,1,-1,1
2013950005516,2,1,0,10,0,1,0,0,0,0,1,1,6,1,7,-1,-1,-1,-1,-1
2013950005518,1,9,0,18,0,8,0,0,0,0,1,1,6,2,5,998,1,2,-1,2
2013950005519,1,1,0,9,0,5,0,0,0,0,1,1,6,1,2,-1,-1,-1,-1,1
2013950005519,2,9,0,4,0,1,0,0,0,0,1,1,6,1,9,-1,-1,-1,-1,-1
2013950005529,1,1,0,18,0,0,0,0,0,0,3,1,6,1,10,-1,-1,-1,-1,3
2013950005529,2,9,0,13,0,0,0,0,0,0,4,1,6,3,-1,-1,-1,-1,-1,-1
2013950005531,1,9,0,18,0,0,0,0,0,0,1,1,6,1,8,1870,2,11,-1,1
2013950005531,2,3,0,18,0,0,0,0,0,0,1,1,2,1,4,124,1,1,-1,1
2013950005537,1,9,0,18,0,1,0,0,3,10,1,1,6,1,4,1389,1,15,-1,1
2013950005538,1,9,0,18,0,1,0,10,0,10,1,1,6,1,4,1968,2,3,-1,2
2013950005538,2,11,0,18,0,1,0,0,0,0,0,1,1,1,8,9000,2,-1,-1,2
2013950005542,1,9,0,5,0,0,0,0,0,0,1,1,6,1,6,1598,1,1,-1,1
2013950005543,1,9,0,17,0,0,5,0,7,0,1,1,6,1,4,998,1,12,-1,2
2013950005544,1,9,0,9,0,1,0,0,0,0,4,1,6,1,8,1390,1,7,-1,1
2013950005544,2,9,0,18,0,1,0,0,0,0,1,1,6,2,8,1598,1,14,-1,2
2013950005545,1,9,0,17,0,1,1,0,7,0,1,1,2,1,6,1398,2,10,-1,2
2013950005545,2,19,0,18,0,1,0,0,0,0,2,1,1,1,7,-1,-1,-1,-1,1
2013950005546,1,9,0,18,0,1,0,0,0,0,1,1,6,1,11,1998,2,11,-1,3
2013950005546,2,9,0,18,0,1,0,0,0,0,2,1,6,1,9,2401,2,7,-1,1
2013950005546,3,9,0,18,0,4,0,0,0,0,2,1,6,1,7,1994,2,3,-1,3
2013950005558,1,9,0,5,0,8,0,0,0,0,4,1,1,1,9,1398,1,8,-1,1
2013950005558,2,1,0,18,0,1,0,0,0,0,1,1,6,1,7,-1,-1,-1,-1,2
2013950005564,1,9,0,1,0,1,0,0,0,0,2,1,6,2,10,1997,1,9,-1,1
2013950005564,2,9,0,1,0,1,0,0,0,0,2,1,6,2,6,1248,1,4,-1,-1
2013950005574,1,19,0,18,6,0,1,0,0,0,1,1,6,1,11,-1,-1,-1,-1,-1
2013950005574,2,9,0,18,0,0,0,0,0,2,1,1,6,3,-1,1197,1,3,-1,-1
2013950005579,1,9,0,17,0,0,0,0,1,2,1,1,6,2,9,1149,1,4,-1,1
2013950005581,1,19,0,7,2,1,0,0,0,0,4,1,1,1,5,2287,2,-1,-1,1
2013950005581,2,3,0,18,2,1,0,0,0,0,1,1,1,1,6,49,1,3,-1,1
2013950005586,1,9,0,17,0,0,0,0,1,11,1,1,6,1,10,1368,1,5,-1,2
2013950005597,1,9,0,18,0,1,0,0,0,0,1,1,2,1,5,1229,1,6,-1,1
2013950005597,2,9,0,3,0,1,0,0,0,0,2,1,6,2,8,1896,2,4,-1,-1
2013950005598,1,9,0,18,0,0,0,0,0,0,1,1,6,2,10,1598,1,9,-1,1
2013950005599,1,9,0,9,0,8,0,0,0,0,4,1,2,1,4,1242,1,7,-1,3
2013950005599,2,19,0,18,0,1,0,0,0,0,1,1,2,1,7,1248,2,4,-1,3
2013950005600,1,9,0,5,0,1,0,0,0,0,3,1,6,1,9,1995,1,7,-1,1
2013950005600,2,1,0,18,0,1,0,0,0,0,1,1,6,1,7,-1,-1,-1,-1,1
2013950005601,1,9,0,18,0,8,0,0,0,0,1,1,6,1,7,1588,1,13,-1,1
2013950005601,2,9,0,4,0,8,0,0,0,0,2,1,6,1,6,1796,1,9,-1,-1
2013950005605,1,19,0,17,0,8,0,0,6,0,1,1,1,1,8,1997,2,8,-1,1
2013950005605,2,9,0,16,0,1,0,0,0,0,1,1,3,1,6,1124,1,11,-1,1
2013950005609,1,19,0,13,0,0,0,0,0,0,1,1,1,1,7,2402,2,2,-1,1
2013950005609,2,9,0,16,0,0,0,10,1,0,1,1,2,1,7,1997,2,11,-1,-1
2013950005609,3,9,0,17,0,0,0,0,0,0,3,1,1,1,7,-1,-1,-1,-1,3
2013950005614,1,9,0,17,0,0,0,0,0,0,1,1,6,2,8,1799,1,16,-1,1
2013950005614,2,9,0,3,0,0,0,0,0,0,2,1,6,2,8,1598,2,2,-1,-1
2013950005614,3,9,0,18,0,0,0,0,0,0,2,1,6,1,8,1596,1,2,-1,1
2013950005619,1,9,0,18,0,0,1,0,0,0,1,1,6,1,4,2495,2,12,-1,3
2013950005619,2,9,0,18,0,0,0,0,0,0,2,1,6,1,6,1968,2,7,-1,2
2013950005619,3,9,0,18,0,0,0,0,0,0,2,1,6,1,9,998,1,11,-1,1
2013950005620,1,9,0,7,0,2,0,0,0,0,1,1,2,1,7,1796,1,10,-1,1
2013950005620,2,9,0,18,0,8,0,0,0,0,4,1,6,1,8,1598,1,11,-1,1
2013950005622,1,9,0,13,0,1,0,0,0,0,1,1,6,3,-1,-1,-1,-1,-1,-1
2013950005622,2,1,0,18,0,1,0,0,1,10,1,1,6,1,5,-1,-1,-1,-1,1
2013950005623,1,11,0,18,0,0,0,0,0,0,1,1,1,1,8,9360,2,4,-1,1
2013950005628,1,1,0,18,0,1,0,0,0,0,1,1,6,2,6,-1,-1,-1,-1,1
2013950005632,1,4,0,18,0,1,0,10,7,11,1,1,2,1,7,124,1,-1,-1,1
2013950005633,1,9,0,18,0,0,2,0,7,9,1,1,2,1,9,1248,2,2,-1,2
2013950005633,2,9,0,18,0,0,0,0,0,0,1,1,2,1,7,1364,1,7,-1,3
2013950005647,1,19,0,18,0,1,1,0,0,0,1,1,1,1,6,1870,2,10,-1,3
2013950005647,2,11,0,18,0,2,0,0,0,0,4,1,1,2,7,9360,2,5,-1,1
2013950005648,1,9,0,18,0,0,0,0,1,0,1,1,6,2,7,1896,2,6,-1,1
2013950005649,1,19,0,4,0,0,0,0,0,0,1,1,2,1,4,2198,2,-1,-1,2
2013950005649,2,9,0,4,0,0,0,0,0,0,2,1,2,1,11,998,1,9,-1,1
2013950005650,1,9,0,17,0,0,0,0,7,0,4,1,6,2,4,1299,1,10,-1,1
2013950005668,1,9,0,9,0,8,0,0,0,0,1,1,6,1,8,1242,1,12,-1,1
2013950005669,1,9,0,1,0,1,0,0,0,0,2,1,6,2,7,1868,2,11,-1,3
2013950005669,2,2,0,3,0,1,0,0,0,0,1,1,6,1,4,124,1,1,-1,2
2013950005670,1,9,0,18,0,8,0,0,0,0,1,1,2,2,9,2544,1,13,-1,1
2013950005670,2,19,0,3,0,8,0,0,0,0,2,1,1,1,8,2400,2,9,-1,1
2013950005671,1,9,0,16,0,0,0,0,7,10,1,1,6,2,6,1968,2,8,-1,1
2013950005672,1,9,0,17,0,0,1,0,1,10,1,1,6,1,5,1590,1,9,-1,3
2013950005673,1,9,0,17,0,0,2,0,7,11,3,1,2,1,4,1390,1,14,-1,-1
2013950005675,1,1,0,17,0,0,0,0,0,0,0,1,2,1,6,-1,-1,-1,-1,1
2013950005679,1,9,0,18,0,0,0,0,0,0,1,1,6,2,6,1686,2,8,-1,1
2013950005679,2,9,0,3,0,0,0,0,0,0,2,1,6,2,8,1781,1,10,-1,1
2013950005681,1,11,0,9,0,2,0,0,0,0,0,1,1,1,9,9360,2,6,-1,1
2013950005682,1,9,0,3,0,1,0,0,0,0,0,1,6,1,7,3628,2,6,-1,1
2013950005682,2,1,0,18,0,1,0,0,0,0,0,1,6,2,10,-1,-1,-1,-1,1
2013950005683,1,19,0,7,0,2,0,0,1,0,1,1,6,1,8,1248,2,2,-1,1
2013950005684,1,9,0,1,0,1,0,0,0,0,2,1,6,1,6,1560,2,1,-1,2
2013950005684,2,4,0,18,0,1,0,0,0,0,1,1,6,1,9,124,1,8,-1,2
2013950005705,1,19,0,9,0,8,0,0,0,0,1,1,6,1,5,1399,2,5,-1,1
2013950005714,1,9,0,9,0,0,0,0,0,0,1,1,6,1,8,1598,1,9,-1,1
2013950005714,2,1,0,18,0,0,0,0,0,0,3,1,6,2,6,-1,-1,-1,-1,1
2013950005715,1,9,0,9,0,1,0,0,0,0,1,1,6,2,5,1587,1,8,-1,1
2013950005715,2,19,0,18,0,1,0,0,0,0,3,1,6,1,5,1998,2,12,-1,1
2013950005716,1,1,0,18,0,0,0,0,0,0,1,1,6,1,2,-1,-1,-1,-1,3
2013950005716,2,9,0,18,0,0,0,0,0,0,4,1,6,1,7,-1,-1,-1,-1,3
2013950005717,1,19,0,18,0,0,0,0,0,0,1,1,6,1,9,1686,2,14,-1,1
2013950005717,2,9,0,18,0,0,0,0,0,0,2,1,6,1,8,2191,2,1,-1,-1
2013950005717,3,9,0,18,0,0,0,0,0,0,2,1,1,1,8,1686,2,1,-1,3
2013950005718,1,9,0,18,0,4,0,0,0,0,1,1,6,3,-1,-1,-1,-1,-1,-1
2013950005718,2,1,0,18,0,3,0,0,0,0,2,1,6,1,4,-1,-1,-1,-1,-1
2013950005720,1,9,0,18,0,4,0,0,0,0,1,1,6,2,8,1398,1,2,-1,-1
2013950005720,2,9,0,18,0,4,0,0,0,0,2,1,6,2,8,1199,1,12,-1,1
2013950005721,1,9,0,17,0,0,0,0,0,4,1,1,6,2,4,1396,1,11,-1,1
2013950005728,1,19,0,1,0,1,0,0,0,0,2,1,2,1,7,4116,2,10,-1,1
2013950005728,2,3,0,18,0,1,1,0,0,0,4,1,6,1,8,49,1,8,-1,1
2013950005731,1,19,0,1,0,1,0,0,0,0,0,1,6,3,-1,-1,-1,-1,-1,-1
2013950005731,2,11,0,18,0,1,0,0,0,0,0,1,1,1,7,8300,2,11,-1,1
2013950005741,1,9,0,18,0,0,0,0,0,0,1,1,6,1,9,1328,1,10,-1,1
2013950005742,1,9,0,16,0,0,1,0,7,4,1,1,6,1,8,1995,1,13,-1,3
2013950005743,1,9,0,16,0,0,1,1,7,4,1,1,2,2,8,1840,1,14,-1,2
2013950005744,1,9,0,18,0,0,0,0,0,0,1,1,2,2,7,1995,2,5,-1,1
2013950005744,2,9,0,18,0,0,0,0,0,0,1,1,2,1,7,1995,2,3,-1,1
2013950005744,3,9,0,4,0,0,0,0,0,0,1,1,1,1,5,1598,2,-1,-1,1
2013950005744,4,9,0,4,0,0,0,0,0,0,2,1,2,1,9,1796,1,3,-1,3
2013950005745,1,19,0,18,0,8,0,0,0,0,1,1,6,1,8,1905,2,15,-1,1
2013950005745,2,9,0,9,0,8,0,0,0,0,1,1,6,2,6,998,1,-1,-1,1
2013950005746,1,21,1,11,0,1,0,0,0,0,4,1,1,1,9,11705,2,6,-1,1
2013950005746,2,9,0,18,0,1,0,0,4,6,3,1,2,2,7,998,1,3,-1,2
2013950005757,1,9,0,7,0,8,0,0,4,0,3,1,6,2,10,1997,2,8,-1,1
2013950005757,2,9,0,18,0,8,0,0,6,0,1,1,6,2,5,1595,1,4,-1,1
2013950005759,1,1,0,9,0,8,0,0,0,0,3,1,6,1,7,-1,-1,-1,-1,1
2013950005759,2,3,0,14,0,8,0,0,0,0,1,1,6,1,6,125,1,7,-1,1
2013950005760,1,9,0,13,0,0,0,0,0,0,4,1,6,2,7,2494,1,12,-1,1
2013950005760,2,19,0,6,0,0,0,0,0,0,1,1,6,1,7,1399,2,2,-1,1
2013950005764,1,9,0,3,0,1,0,0,0,0,0,1,6,2,5,1396,1,2,-1,1
2013950005764,2,1,0,15,0,1,0,0,0,0,1,1,6,1,7,-1,-1,-1,-1,-1
2013950005766,1,9,0,11,2,0,0,0,0,0,4,1,1,1,8,-1,-1,-1,-1,1
2013950005766,2,11,0,18,2,0,0,0,0,0,3,1,1,1,7,9360,2,4,-1,1
2013950005769,1,19,0,5,0,0,0,0,0,0,3,2,6,1,7,-1,-1,-1,-1,1
2013950005769,2,4,0,18,0,0,0,0,0,0,1,1,6,2,6,599,1,14,-1,1
2013950005770,1,9,0,18,0,8,0,0,0,0,4,1,6,1,5,2000,2,8,-1,3
2013950005776,1,9,0,18,0,1,1,0,0,0,1,1,2,2,6,1242,1,3,-1,1
2013950005776,2,9,0,4,0,1,0,0,0,0,2,1,2,2,6,1796,1,10,-1,3
2013950005776,3,9,0,10,0,8,0,0,0,0,2,1,2,2,8,1388,1,10,-1,3
2013950005778,1,9,0,18,0,3,0,0,0,0,1,1,6,1,6,1999,1,3,-1,1
2013950005778,2,1,0,18,0,2,0,0,0,0,2,1,2,1,6,-1,-1,-1,-1,1
2013950005785,1,9,0,16,0,0,1,0,1,4,4,1,6,2,4,1198,1,10,-1,3
2013950005786,1,3,0,16,0,0,0,10,7,2,1,1,6,1,4,125,1,6,-1,1
2013950005786,2,19,0,17,0,0,0,0,0,0,1,1,1,1,6,2198,2,5,-1,3
2013950005787,1,9,0,18,0,0,0,0,0,0,1,1,6,2,6,1397,1,4,-1,1
2013950005787,2,9,0,3,0,0,0,0,0,0,2,1,6,2,8,1149,1,6,-1,2
2013950005788,1,9,0,18,0,0,0,0,0,0,1,1,6,2,8,1794,1,6,-1,2
2013950005792,1,9,0,18,0,0,0,0,0,0,1,1,2,1,7,1595,1,11,-1,1
2013950005792,2,9,0,18,0,0,0,0,0,0,2,1,6,2,6,1242,1,2,-1,1
2013950005792,3,9,0,4,0,0,0,0,0,0,2,1,6,2,7,1910,2,7,-1,-1
2013950005795,1,9,0,18,0,0,0,0,7,0,1,1,6,2,10,1199,1,10,-1,2
2013950005795,2,9,0,18,0,0,0,0,1,0,1,1,1,2,7,1595,1,8,-1,1
2013950005796,1,9,0,18,0,0,0,0,0,0,1,1,6,1,9,1896,2,3,-1,1
2013950005796,2,9,0,4,0,0,0,0,0,0,1,1,6,2,7,1390,1,11,-1,1
2013950005797,1,9,0,17,0,0,1,0,7,9,1,1,6,1,7,3799,1,4,-1,3
2013950005807,1,9,0,7,0,1,0,0,0,0,4,1,6,3,-1,-1,-1,-1,-1,-1
2013950005807,2,1,0,18,4,1,0,0,0,0,1,1,6,2,7,-1,-1,-1,-1,1
2013950005808,1,9,0,9,0,8,0,0,0,0,1,1,6,1,8,1910,2,8,-1,2
2013950005808,2,1,0,18,0,1,0,0,0,0,1,1,2,1,7,-1,-1,-1,-1,2
2013950005809,1,8,0,7,0,2,0,0,0,0,2,1,1,1,8,2499,2,2,-1,1
2013950005809,2,1,0,18,0,2,0,0,0,0,1,1,6,1,5,-1,-1,-1,-1,1
2013950005821,1,9,0,18,0,0,0,0,7,4,1,1,1,2,5,1968,2,4,-1,2
2013950005829,1,9,0,17,0,1,0,0,0,0,1,1,6,2,6,1242,1,12,-1,1
2013950005829,2,9,0,16,0,1,0,0,0,0,1,1,6,1,6,1198,1,5,-1,3
2013950005836,1,9,0,18,0,1,0,0,0,0,1,1,2,1,8,1596,1,14,-1,1
2013950005836,2,9,0,10,0,1,0,0,0,0,2,1,2,1,6,1598,1,8,-1,1
2013950005839,1,9,0,18,0,1,0,0,0,0,4,1,6,3,-1,-1,-1,-1,-1,-1
2013950005840,1,9,0,18,0,0,1,0,0,0,1,1,6,1,8,1796,1,13,-1,3
2013950005840,2,9,0,18,0,0,0,0,0,0,2,1,6,1,7,2261,1,6,-1,1
2013950005845,1,11,0,18,0,2,0,0,0,0,1,1,1,1,8,7300,2,9,-1,1
2013950005850,1,9,0,18,0,0,0,4,0,0,1,1,6,1,10,1388,1,10,-1,1
2013950005850,2,9,0,2,0,0,0,0,0,0,2,1,6,3,-1,1968,2,7,-1,-1
2013950005853,1,4,0,9,0,8,2,0,0,0,4,1,6,1,8,1050,1,-1,-1,3
2013950005857,1,9,0,18,0,0,0,0,0,0,1,1,2,1,5,1598,1,3,-1,2
2013950005857,2,9,0,14,0,0,0,0,0,0,1,1,6,1,10,1364,1,1,-1,3
2013950005857,3,21,0,2,0,0,0,0,0,0,0,1,6,1,5,11021,2,16,6,3
2013950005860,1,9,0,18,0,0,0,0,0,0,1,1,6,2,8,1968,2,3,-1,1
2013950005860,2,9,0,7,0,0,0,0,0,0,2,1,1,2,9,1598,1,3,-1,1
2013950005860,3,9,0,18,0,0,0,0,0,0,1,1,6,1,8,3700,1,10,-1,1
2013950005862,1,9,0,9,0,8,0,0,0,0,1,1,2,1,6,1590,1,11,-1,1
2013950005862,2,1,0,18,0,8,0,0,0,0,3,1,2,1,7,-1,-1,-1,-1,2
2013950005867,1,3,0,14,0,0,0,0,0,0,1,1,6,1,7,124,1,1,-1,1
2013950005869,1,9,0,9,0,2,0,0,0,0,3,1,6,1,9,1598,1,1,-1,1
2013950005869,2,1,0,3,0,1,0,0,0,0,4,1,6,1,9,-1,-1,-1,-1,1
2013950005873,1,9,0,18,0,8,0,0,0,0,1,1,6,2,9,1299,1,10,-1,1
2013950005884,1,19,0,9,0,8,0,0,0,0,1,1,1,1,6,1461,2,1,-1,3
2013950005886,1,9,0,7,0,8,0,0,0,0,1,1,6,1,5,1242,1,9,-1,1
2013950005886,2,9,0,10,0,1,0,0,0,0,3,1,6,1,7,1753,2,8,-1,1
2013950005896,1,9,0,18,0,1,0,0,0,0,1,1,6,2,-1,-1,-1,-1,-1,-1
2013950005896,2,1,0,9,0,8,0,0,0,0,3,1,6,2,4,-1,-1,-1,-1,1
2013950005902,1,9,0,18,0,0,0,0,5,6,1,1,6,1,11,1796,1,11,-1,3
2013950005915,1,9,0,9,0,8,0,0,0,0,1,1,6,2,5,1299,1,9,-1,1
2013950005915,2,9,0,18,0,1,0,0,0,0,3,1,3,2,8,1896,2,12,-1,1
2013950005916,1,9,0,9,0,8,0,0,0,0,1,1,6,2,10,1598,1,3,5,1
2013950005916,2,9,0,18,0,1,0,0,7,0,4,1,6,1,11,1598,2,2,-1,3
2013950005917,1,9,0,16,0,0,2,0,0,0,4,1,6,1,11,1596,1,10,-1,3
2013950005918,1,9,0,7,0,8,0,0,0,0,1,1,4,2,7,1339,1,8,-1,1
2013950005918,2,1,0,18,0,4,0,0,0,0,2,1,2,1,6,-1,-1,-1,-1,1
2013950005930,1,9,0,18,0,0,0,0,0,0,1,1,6,1,4,1149,1,8,-1,3
2013950005930,2,9,0,4,0,0,0,0,0,0,2,1,6,2,6,1368,1,-1,-1,1
2013950005931,1,9,0,9,0,8,0,0,0,0,3,1,6,1,11,1598,1,5,-1,3
2013950005931,2,9,0,18,0,1,5,0,1,0,3,1,2,1,6,1328,1,4,-1,2
2013950005932,1,9,0,9,0,8,0,0,0,0,1,1,6,2,7,999,1,-1,-1,3