Accident_Index,Vehicle_Reference,Vehicle_Type,Towing_and_Articulation,Vehicle_Manoeuvre,Vehicle_Location-Restricted_Lane,Junction_Location,Skidding_and_Overturning,Hit_Object_in_Carriageway,Vehicle_Leaving_Carriageway,Hit_Object_off_Carriageway,1st_Point_of_Impact,Was_Vehicle_Left_Hand_Drive?,Journey_Purpose_of_Driver,Sex_of_Driver,Age_Band_of_Driver,Engine_Capacity_(CC),Propulsion_Code,Age_of_Vehicle,Driver_IMD_Decile,Driver_Home_Area_Type
2013950005932,2,9,0,18,0,8,0,0,0,0,1,1,6,2,6,1399,1,5,-1,1
2013950005933,1,11,0,4,0,0,0,0,0,0,4,1,6,1,8,-1,2,14,-1,1
2013950005935,1,9,0,18,0,8,0,0,0,0,0,1,1,1,8,1896,2,6,-1,-1
2013950005936,1,9,0,18,0,1,0,0,0,0,1,1,6,1,6,1799,1,4,-1,1
2013950005937,1,9,0,7,0,2,0,0,0,0,4,1,6,1,5,1995,1,13,-1,1
2013950005938,1,11,0,7,0,2,0,0,0,0,4,1,1,1,8,9360,2,6,-1,1
2013950005939,1,3,0,4,0,4,2,0,0,0,3,1,6,1,4,124,1,11,-1,1
2013950005940,1,11,0,4,0,8,0,0,0,0,0,1,1,1,6,7300,2,-1,-1,1
2013950005941,1,19,0,18,0,0,0,0,0,0,3,1,1,1,7,2464,2,5,-1,1
2013950005945,1,9,0,18,0,0,0,0,0,0,1,1,6,1,10,1364,1,6,-1,1
2013950005950,1,9,0,18,0,1,0,0,0,0,1,1,6,2,5,1360,1,2,-1,3
2013950005950,2,9,0,14,0,1,0,0,0,0,3,1,6,1,9,1149,1,12,-1,3
2013950005950,3,9,0,2,0,1,0,0,0,0,2,1,6,3,-1,1248,1,2,-1,-1
2013950005951,1,9,0,18,0,0,0,0,0,0,0,1,6,1,8,1896,2,13,-1,3
2013950005951,2,1,0,18,0,0,0,0,0,0,1,1,6,1,7,-1,-1,-1,-1,1
2013950005952,1,4,0,5,0,0,0,0,0,0,0,1,6,1,9,1000,1,-1,-1,3
2013950005954,1,19,0,18,0,0,0,0,0,0,4,1,6,3,-1,-1,-1,-1,-1,-1
2013950005954,2,1,0,18,0,0,0,0,0,0,2,1,1,2,8,-1,-1,-1,-1,2
2013950005969,1,9,0,18,0,8,0,0,0,0,1,1,6,1,5,1364,1,6,-1,1
2013950005969,2,9,0,18,0,8,0,0,0,0,3,1,6,1,8,1956,2,1,-1,1
2013950005971,1,1,0,4,0,0,0,0,0,0,1,1,6,1,8,-1,-1,-1,-1,1
2013950005971,2,9,0,5,0,0,0,0,0,0,3,1,1,1,6,1560,2,2,-1,1
2013950005980,1,9,0,13,0,0,0,0,1,1,1,1,2,1,6,1998,2,12,-1,2
2013950005987,1,8,0,18,0,0,0,0,0,0,4,1,1,1,9,1997,2,5,-1,3
2013950006003,1,9,0,14,0,1,0,0,0,0,1,1,6,1,5,1995,2,5,-1,1
2013950006003,2,9,0,4,0,1,0,0,0,0,2,1,3,2,8,1896,2,13,-1,1
2013950006003,3,9,0,4,0,1,0,0,0,0,2,1,1,2,9,1248,2,5,-1,1
2013950006003,4,9,0,4,0,1,0,0,0,0,2,1,3,2,6,1198,1,3,-1,3
2013950006005,1,9,0,18,0,0,0,0,0,0,1,1,2,2,8,1299,1,8,-1,1
2013950006005,2,9,0,4,0,0,0,0,0,0,2,1,6,2,6,1461,2,3,-1,1
2013950006005,3,9,0,4,0,0,0,0,0,0,2,1,6,1,7,-1,-1,-1,-1,1
2013950006006,1,9,0,5,0,8,0,0,1,0,3,1,6,1,11,1596,1,6,-1,3
2013950006006,2,21,0,18,0,8,0,0,0,0,1,1,1,1,8,4580,2,5,-1,1
2013950006007,1,9,0,18,0,4,0,9,7,0,1,1,6,1,6,1390,1,-1,-1,1
2013950006008,1,19,0,7,0,8,0,0,0,0,1,1,1,1,8,2198,2,1,-1,1
2013950006008,2,9,0,18,0,2,0,0,0,0,4,1,2,1,7,2967,2,7,-1,2
2013950006009,1,11,0,18,0,0,0,0,0,0,4,1,1,3,-1,-1,-1,-1,-1,-1
2013950006010,1,19,0,18,0,0,0,0,0,0,1,1,1,1,7,1248,2,3,-1,1
2013950006011,1,11,0,4,0,0,0,0,0,0,0,1,1,1,6,7300,2,-1,-1,1
2013950006017,1,9,0,16,0,0,5,0,7,4,1,1,6,1,4,1390,1,2,-1,3
2013950006020,1,9,0,18,0,0,1,0,7,11,1,1,2,2,6,1242,1,9,-1,3
2013950006023,1,9,0,3,0,1,0,0,0,0,1,1,6,2,7,1386,1,6,-1,1
2013950006023,2,9,0,4,0,1,0,0,0,0,2,1,6,2,7,1598,1,1,-1,1
2013950006032,1,9,0,5,0,1,0,0,0,0,1,1,6,1,11,-1,-1,-1,-1,1
2013950006032,2,1,0,14,0,1,0,0,0,0,2,1,6,2,6,-1,-1,-1,-1,1
2013950006035,1,20,0,17,0,0,0,0,0,0,3,1,1,1,7,7146,2,5,-1,1
2013950006035,2,9,0,16,0,0,0,0,1,0,1,1,2,2,4,998,1,15,-1,1
2013950006035,3,9,0,18,0,0,0,0,0,0,1,1,2,1,4,1242,1,10,-1,3
2013950006037,1,9,0,13,0,1,0,0,0,0,1,1,6,2,6,998,1,14,-1,3
2013950006037,2,1,0,9,0,1,0,0,0,0,2,1,6,1,7,-1,-1,-1,-1,3
2013950006044,1,9,0,9,0,8,0,0,0,0,1,1,6,1,9,1988,1,13,-1,1
2013950006044,2,1,0,18,0,1,0,0,0,0,1,1,6,1,6,-1,-1,-1,-1,1
2013950006045,1,9,0,18,0,0,0,4,0,0,4,1,6,2,11,1596,1,12,-1,3
2013950006045,2,9,0,2,0,0,0,0,0,0,1,1,6,3,-1,2199,2,2,-1,-1
2013950006047,1,9,0,4,0,1,0,0,0,0,1,1,6,1,7,1400,2,6,-1,1
2013950006047,2,9,0,4,0,1,0,0,0,0,2,1,6,2,5,999,1,1,-1,2
2013950006049,1,9,0,4,0,1,0,0,0,0,2,1,2,1,8,1798,1,10,-1,3
2013950006054,1,19,0,18,0,8,0,0,0,0,1,1,1,1,7,2461,2,6,-1,1
2013950006054,2,1,0,18,0,8,0,0,0,0,1,1,2,1,6,-1,-1,-1,-1,1
2013950006055,1,9,0,16,0,0,1,0,7,4,1,1,6,2,7,1598,1,11,-1,2
2013950006057,1,9,0,18,0,0,2,10,8,0,2,1,6,1,5,-1,-1,-1,-1,2
2013950006060,1,9,0,16,9,0,1,0,7,11,4,1,6,1,4,1229,1,3,-1,3
2013950006067,1,9,0,7,9,7,0,0,0,0,1,1,6,1,8,-1,-1,-1,-1,2
2013950006074,1,9,0,18,0,0,0,0,0,0,1,1,6,1,8,5654,1,7,-1,1
2013950006074,2,9,0,4,0,0,0,0,0,0,2,1,2,2,7,1364,1,6,-1,1
2013950006077,1,9,0,16,0,0,1,0,7,4,4,1,6,1,4,1229,1,6,-1,3
2013950006078,1,9,0,18,0,8,0,0,0,0,1,1,6,1,11,1364,1,8,-1,2
2013950006078,2,4,0,18,0,8,0,0,0,0,3,1,2,1,6,125,1,4,-1,-1
2013950006079,1,9,0,5,0,1,0,0,0,0,2,1,6,1,8,1598,1,10,-1,1
2013950006080,1,2,0,18,0,0,0,0,0,0,3,1,1,1,4,49,1,7,-1,1
2013950006080,2,8,0,18,0,0,0,0,0,0,2,1,1,1,-1,-1,-1,-1,-1,-1
2013950006081,1,9,0,9,0,1,0,0,0,0,1,1,6,1,9,1598,1,5,-1,1
2013950006082,1,9,0,12,0,7,0,0,0,0,3,1,6,1,5,1364,1,6,-1,1
2013950006082,2,9,0,18,0,1,0,0,7,0,4,1,6,1,7,2198,1,11,-1,3
2013950006083,1,9,0,18,0,0,0,4,0,0,1,1,6,1,8,996,1,3,-1,3
2013950006083,2,19,0,2,0,0,0,0,0,0,2,1,6,3,-1,1995,2,5,-1,-1
2013950006084,1,9,0,12,0,8,0,0,0,0,1,1,6,1,-1,1598,2,2,-1,-1
2013950006084,2,1,0,18,0,1,0,0,0,0,4,1,6,1,7,-1,-1,-1,-1,1
2013950006096,1,19,0,16,0,0,1,0,0,0,1,1,6,1,5,2500,2,6,-1,3
2013950006096,2,9,0,17,0,0,0,0,1,9,1,1,6,2,10,1199,1,1,-1,3
2013950006097,1,9,0,18,0,0,0,10,0,0,1,1,6,2,5,998,1,2,-1,1
2013950006098,1,11,0,4,2,0,0,0,0,0,0,1,1,1,7,9360,2,4,-1,2
2013950006099,1,9,0,16,0,0,2,0,7,0,1,1,6,1,4,1598,1,11,-1,1
2013950006100,1,9,0,5,0,8,0,0,0,0,1,1,6,1,7,1199,1,10,-1,1
2013950006100,2,9,0,18,0,8,0,0,0,0,4,1,6,1,8,1596,1,10,-1,3
2013950006101,1,9,0,5,0,0,0,0,0,0,3,1,6,1,11,1390,1,8,-1,1
2013950006101,2,9,0,18,0,0,0,0,1,3,4,1,6,2,11,1199,1,13,-1,1
2013950006102,1,9,0,16,0,0,1,0,7,9,4,1,6,1,5,995,1,8,-1,1
2013950006103,1,9,0,9,0,8,0,0,0,0,1,1,6,2,6,1598,2,1,-1,3
2013950006103,2,1,0,18,0,1,0,0,0,0,1,1,6,1,7,-1,-1,-1,-1,1
2013950006105,1,1,0,18,0,1,0,11,0,0,4,1,6,1,5,-1,-1,-1,-1,1
2013950006105,2,11,0,18,0,1,0,0,0,0,3,1,1,1,9,7300,2,7,-1,2
2013950006106,1,9,0,17,0,0,2,0,1,11,1,1,6,1,5,1596,1,12,-1,3
2013950006107,1,9,0,18,0,1,0,4,3,2,1,1,6,1,7,1124,1,12,-1,1
2013950006107,2,9,0,2,0,1,0,0,0,0,1,1,6,3,-1,2499,2,13,-1,-1
2013950006108,1,9,0,9,0,3,0,9,8,0,4,1,6,2,4,1240,1,7,-1,1
2013950006108,2,9,0,18,0,3,0,0,0,0,3,1,6,2,7,1910,2,6,-1,1
2013950006109,1,19,0,4,0,1,0,0,0,0,3,1,1,1,8,6870,2,5,-1,1
2013950006109,2,9,0,3,0,1,0,0,0,0,4,1,6,1,7,1598,1,9,-1,1
2013950006113,1,2,0,4,0,0,1,0,0,0,1,1,2,1,4,101,1,11,-1,3
2013950006113,2,9,0,4,0,0,0,0,0,0,2,1,2,2,9,1896,2,10,-1,3
2013950006130,1,9,0,17,0,0,1,0,0,11,1,1,6,1,5,1598,1,5,-1,3
2013950006138,1,9,0,18,0,0,0,0,0,0,4,1,6,3,-1,-1,-1,-1,-1,-1
2013950006140,1,9,0,18,0,8,0,0,0,0,1,1,6,1,6,1896,2,13,-1,-1
2013950006142,1,19,0,18,0,0,0,0,0,2,1,1,2,1,5,1560,2,2,-1,1
2013950006146,1,9,0,18,0,8,0,0,0,0,1,1,2,1,8,1229,1,7,-1,3
2013950006146,2,1,0,9,0,8,0,0,0,0,4,1,2,2,8,-1,-1,-1,-1,1
2013950006151,1,8,0,7,0,1,0,0,0,0,3,1,6,1,8,2499,2,7,-1,2
2013950006151,2,9,0,10,0,1,0,0,0,0,2,1,6,2,6,1986,2,5,-1,2
2013950006151,3,9,0,10,0,1,0,0,0,0,2,1,6,2,-1,-1,-1,-1,-1,-1
2013950006156,1,9,0,18,0,1,1,0,0,0,1,1,6,1,8,1997,2,12,-1,3
2013950006156,2,9,0,4,0,1,0,0,0,0,1,1,2,2,8,1339,1,7,-1,1
2013950006156,3,9,0,4,0,1,0,0,0,0,1,1,6,1,4,973,1,10,-1,1
2013950006156,4,9,0,3,0,1,0,0,0,0,2,1,6,2,7,1198,1,7,-1,1
2013950006157,1,9,0,13,0,0,2,0,2,11,1,1,6,1,10,2496,1,9,-1,3
2013950006161,1,9,0,18,0,0,0,0,1,0,1,1,6,1,11,1332,1,14,-1,3
2013950006161,2,9,0,3,0,0,0,0,0,0,2,1,6,2,9,2198,2,8,-1,2
2013950006166,1,3,0,17,0,3,0,10,0,0,1,1,6,1,6,125,1,2,-1,3
2013950006167,1,1,0,14,0,1,0,0,0,0,4,1,6,1,6,-1,-1,-1,-1,1
2013950006169,1,1,0,18,0,0,0,0,0,0,4,1,2,2,7,-1,-1,-1,-1,1
2013950006170,1,19,0,1,0,2,0,0,0,0,2,1,1,1,6,2143,2,-1,-1,2
2013950006171,1,21,0,18,0,0,5,0,7,0,3,1,1,1,8,12780,2,7,6,2
2013950006174,1,9,0,18,0,0,0,0,0,0,4,1,6,2,8,1598,1,6,-1,2
2013950006177,1,21,0,18,0,8,0,0,0,0,1,1,1,1,7,12580,2,7,-1,3
2013950006177,2,9,0,18,0,8,0,0,1,0,1,1,6,2,5,1360,1,12,-1,2
2013950006178,1,9,0,4,0,4,0,0,0,0,1,1,6,1,6,1598,1,13,-1,1
2013950006178,2,9,0,3,0,4,0,0,0,0,2,1,2,2,6,1229,1,7,-1,2
2013950006180,1,9,0,9,0,8,0,0,0,0,1,1,6,1,5,1396,1,17,-1,1
2013950006180,2,4,0,18,0,8,0,0,0,0,1,1,6,1,6,125,1,10,-1,1
2013950006187,1,9,0,7,0,4,0,0,0,0,1,1,2,2,7,1799,1,6,-1,1
2013950006187,2,1,0,9,0,8,0,0,0,0,1,1,6,1,7,-1,-1,-1,-1,-1
2013950006188,1,1,0,18,0,1,0,0,0,0,2,1,6,2,5,-1,-1,-1,-1,1
2013950006188,2,11,0,4,0,1,0,0,0,0,1,1,1,1,7,7300,2,8,-1,3
2013950006189,1,19,0,18,0,0,0,0,0,0,1,1,1,1,7,1248,2,4,-1,1
2013950006190,1,9,0,4,0,0,1,0,0,0,1,1,2,2,6,1198,1,3,-1,2
2013950006190,2,9,0,4,0,0,0,0,0,0,2,1,2,1,8,1686,2,3,-1,-1
2013950006190,3,19,0,4,0,0,1,0,0,0,1,1,2,1,9,1598,2,6,-1,1
2013950006191,1,11,0,4,0,1,0,0,0,0,0,1,1,1,9,8300,2,9,-1,2
2013950006192,1,9,0,18,0,0,0,0,0,0,1,1,2,1,7,1590,1,11,-1,1
2013950006192,2,9,0,3,0,0,0,0,0,0,2,1,2,2,8,1686,2,2,-1,3
2013950006194,1,20,0,18,0,0,0,0,7,0,4,1,1,1,6,3920,2,7,2,2
2013950006194,2,9,0,18,0,0,0,0,0,0,1,1,6,1,10,1457,1,13,-1,2
2013950006206,1,9,0,6,0,1,0,0,0,0,3,1,6,1,5,1397,1,3,-1,1
2013950006206,2,9,0,18,0,1,0,0,0,0,1,1,6,2,8,1686,2,2,-1,1
2013950006210,1,9,0,5,0,0,0,0,0,0,3,1,6,1,10,1588,1,12,-1,2
2013950006210,2,11,0,18,0,0,0,0,0,0,1,1,1,1,8,9000,2,14,-1,1
2013950006211,1,9,0,16,0,0,0,0,7,11,1,1,6,2,6,1229,1,6,-1,2
2013950006212,1,9,0,5,0,6,0,0,0,0,4,1,3,2,6,1124,1,9,-1,2
2013950006212,2,19,0,18,0,8,0,0,0,0,1,1,6,1,9,1998,2,10,-1,2
2013950006216,1,8,0,18,0,1,0,0,0,0,3,1,1,1,7,2499,2,2,-1,2
2013950006220,1,8,0,18,0,0,0,0,0,0,1,1,1,1,8,2402,2,7,-1,1
2013950006224,1,9,0,18,0,1,0,0,0,0,3,1,6,1,10,1995,2,1,-1,1
2013950006233,1,9,0,18,0,2,0,0,0,0,3,1,6,2,7,1124,1,6,-1,3
2013950006240,1,19,0,18,0,8,0,0,0,0,1,1,6,1,7,1753,2,1,-1,1
2013950006240,2,9,0,3,0,8,0,0,0,0,2,1,6,2,7,1598,1,9,-1,1
2013950006243,1,9,0,1,0,0,0,0,0,0,2,1,6,1,10,-1,-1,-1,-1,1
2013950006244,1,8,0,18,0,8,0,0,0,0,1,1,1,1,11,2402,2,8,-1,1
2013950006244,2,1,0,8,0,8,0,0,0,0,2,1,6,1,6,-1,-1,-1,-1,1
2013950006245,1,9,0,17,0,0,0,0,7,11,1,1,2,2,6,1495,1,7,-1,3
2013950006246,1,11,0,3,2,0,0,0,0,0,0,1,1,1,8,5883,2,11,-1,1
2013950006247,1,9,0,9,0,8,0,0,0,0,3,1,6,2,10,1997,1,5,-1,3
2013950006247,2,9,0,18,0,8,0,0,0,0,1,1,6,1,7,1596,1,1,-1,3
2013950006248,1,9,0,18,0,0,0,0,0,0,1,1,6,1,7,1598,1,7,-1,1
2013950006248,2,9,0,4,0,0,0,0,0,0,2,1,6,2,6,1248,2,-1,-1,-1
2013950006248,3,9,0,4,0,0,0,0,0,0,2,1,6,2,10,1242,1,2,7,1
2013950006249,1,9,0,18,0,0,0,0,0,0,1,1,6,3,-1,-1,-1,-1,-1,-1
2013950006257,1,9,0,18,0,1,0,0,0,0,1,1,2,1,9,1796,1,6,-1,1
2013950006258,1,9,0,13,0,1,0,0,0,0,0,1,6,1,8,1591,1,1,-1,1
2013950006258,2,1,0,18,0,1,0,10,1,11,1,1,6,1,7,-1,-1,-1,-1,1
2013950006259,1,9,0,9,0,8,0,0,0,0,0,1,6,1,-1,-1,-1,-1,-1,-1
2013950006259,2,1,0,18,0,8,0,0,0,0,0,1,2,1,6,-1,-1,-1,-1,1
2013950006260,1,9,0,5,0,0,0,0,0,0,1,1,6,1,8,1396,1,10,-1,1
2013950006260,2,3,0,18,0,0,1,0,0,0,1,1,2,1,4,49,1,4,-1,1
2013950006264,1,11,0,5,2,0,0,0,0,0,0,1,1,1,7,9360,2,2,-1,1
2013950006278,1,11,0,18,0,1,0,0,0,0,1,1,1,1,8,9360,2,2,-1,-1
2013950006283,1,11,0,4,0,0,0,0,0,10,1,1,1,1,6,4760,2,-1,-1,1
2013950006287,1,20,0,4,0,4,0,0,0,0,1,1,6,1,9,6370,2,6,-1,-1
2013950006287,2,9,0,4,0,4,0,0,0,0,2,1,6,2,5,1598,1,1,-1,1
2013950006289,1,9,0,17,0,0,5,0,1,0,1,1,6,1,7,2148,2,5,-1,3
2013950006290,1,9,0,18,0,0,0,0,0,0,1,1,6,2,11,1390,1,6,-1,3
2013950006290,2,90,0,18,0,0,0,0,0,0,1,1,1,1,8,3387,2,-1,-1,3
2013950006291,1,19,0,8,0,1,0,0,0,0,1,1,1,1,7,2402,2,2,-1,1
2013950006291,2,9,0,7,0,1,0,0,0,0,2,1,6,1,4,1422,2,6,-1,3
2013950006292,1,9,0,16,0,1,2,4,0,0,4,1,2,2,6,1598,1,7,-1,1
2013950006292,2,9,0,2,0,2,0,0,0,0,3,1,6,3,-1,1598,1,-1,-1,-1
2013950006292,3,9,0,2,0,2,0,0,0,0,2,1,6,3,-1,2188,2,9,-1,-1
2013950006309,1,9,0,18,0,1,0,0,0,0,1,1,6,1,-1,-1,-1,-1,-1,-1
2013950006309,2,1,0,3,0,1,0,0,0,0,2,1,6,1,7,-1,-1,-1,-1,1
2013950006310,1,9,0,9,0,1,0,0,0,0,1,1,1,1,6,1461,2,-1,-1,1
2013950006310,2,1,0,18,0,1,0,0,0,0,1,1,6,2,4,-1,-1,-1,-1,1
2013950006311,1,11,0,4,0,1,0,0,0,0,0,1,1,1,8,9360,2,6,-1,1
2013950006313,1,9,0,9,0,8,0,0,0,0,1,1,6,1,7,1956,2,2,-1,1
2013950006313,2,8,0,18,0,8,0,0,0,0,3,1,1,1,8,2499,2,6,-1,-1
2013950006347,1,9,5,18,0,0,0,0,1,0,4,1,1,1,8,2495,2,9,-1,1
2013950006348,1,9,0,4,0,0,0,0,0,0,1,1,6,1,11,1951,2,10,-1,3
2013950006348,2,9,0,4,0,0,0,0,0,0,1,1,1,1,9,1598,1,9,-1,3
2013950006348,3,9,0,3,0,0,0,0,1,1,2,1,6,2,9,996,1,4,-1,2
2013950006349,1,9,0,7,0,8,0,0,0,0,1,1,6,3,-1,-1,-1,-1,-1,-1
2013950006350,1,9,0,5,0,4,0,0,0,0,1,1,6,2,4,998,1,5,-1,2
2013950006350,2,9,0,4,0,4,0,0,0,0,2,1,1,1,8,1686,2,-1,-1,3
2013950006356,1,9,0,17,0,0,5,0,1,10,1,1,6,2,8,1388,1,8,-1,3
2013950006359,1,9,0,7,0,8,0,0,0,0,1,1,6,2,5,1248,2,2,5,1
2013950006359,2,1,0,18,0,8,0,0,0,0,1,1,6,1,6,-1,-1,-1,3,1
2013950006376,1,9,0,9,0,0,0,0,0,0,1,1,6,2,10,1242,1,2,-1,3
2013950006376,2,9,0,2,0,0,0,0,0,0,2,1,6,1,8,1685,2,2,-1,1
2013950006377,1,9,0,4,0,1,0,0,0,0,4,1,6,2,9,1968,2,5,-1,1
2013950006377,2,9,0,3,0,1,0,0,0,0,3,1,6,2,9,1242,1,1,-1,1
2013950006381,1,9,0,18,0,0,0,0,0,0,1,1,6,2,9,1461,2,8,-1,2
2013950006381,2,9,0,18,0,0,0,0,0,0,2,1,6,2,7,1910,2,5,-1,3
2013950006381,3,9,0,18,0,0,0,0,0,0,2,1,6,1,8,4999,1,4,-1,3
2013950006381,4,9,0,18,0,0,0,0,0,0,2,1,6,1,7,1242,1,5,-1,3
2013950006382,1,9,0,17,0,0,0,0,1,2,1,1,6,2,7,1360,1,18,-1,2
2013950006383,1,9,0,3,0,1,0,0,0,0,1,1,6,2,11,1587,1,5,-1,3
2013950006383,2,9,0,3,0,1,0,0,0,0,2,1,6,1,7,1896,2,10,-1,3
2013950006384,1,8,0,18,0,1,0,0,0,0,1,1,1,1,8,2446,2,12,-1,1
2013950006395,1,11,0,18,0,1,0,0,0,0,1,1,1,1,8,-1,2,14,-1,2
2013950006395,2,9,0,3,0,1,0,0,0,0,2,1,6,1,9,1998,2,4,-1,1
2013950006396,1,4,0,17,0,0,1,0,0,0,0,1,6,1,4,600,1,13,-1,1
2013950006397,1,9,0,18,0,0,0,0,0,0,1,1,6,3,-1,-1,-1,-1,-1,-1
2013950006398,1,19,0,18,0,0,0,0,7,11,1,1,1,1,6,1399,2,3,-1,1
2013950006399,1,8,0,11,0,1,0,0,7,2,1,1,1,1,8,2664,2,12,-1,1
2013950006399,2,19,0,18,0,2,0,0,0,0,2,1,1,1,6,1560,2,3,-1,1
2013950006400,1,9,0,18,0,4,0,0,0,0,1,1,6,1,5,2494,1,15,-1,1
2013950006400,2,9,0,18,0,3,0,0,7,1,1,1,2,2,6,1339,1,9,-1,1
2013950006414,1,9,0,18,0,0,0,0,0,0,1,1,6,3,-1,-1,-1,-1,-1,-1
2013950006414,2,9,0,18,0,0,0,0,0,0,3,1,6,2,8,1596,1,6,-1,1
2013950006418,1,9,0,5,0,0,0,0,0,0,3,1,2,2,5,1229,1,2,-1,1
2013950006418,2,9,0,18,0,0,0,0,0,0,4,1,6,1,6,-1,-1,-1,-1,-1
2013950006419,1,9,0,18,0,1,0,0,0,0,1,1,6,1,5,1975,2,16,-1,1
2013950006419,2,9,0,2,0,1,0,0,1,10,1,1,6,3,-1,1598,1,9,-1,-1
2013950006422,1,9,0,18,0,0,0,0,0,0,1,1,6,1,11,998,1,7,-1,1
2013950006422,2,19,0,2,0,0,0,0,0,0,2,1,1,1,5,2198,2,1,-1,3
2013950006429,1,19,0,4,0,1,0,0,0,0,1,1,6,1,6,1598,2,3,-1,1
2013950006429,2,9,0,18,0,1,0,0,0,0,2,1,6,1,7,2967,2,7,-1,1
2013950006431,1,9,0,18,0,0,0,0,0,0,1,1,1,1,5,1590,1,13,-1,1
2013950006431,2,9,0,2,0,0,0,0,0,0,2,1,6,3,-1,-1,-1,-1,-1,-1
2013950006433,1,9,0,7,0,8,0,0,0,0,4,1,6,3,-1,-1,-1,-1,-1,-1
2013950006434,1,9,0,18,0,8,0,0,0,0,1,1,6,1,10,1998,2,11,-1,3
2013950006434,2,11,0,18,0,4,0,0,0,0,1,1,1,1,8,12000,2,5,-1,3
2013950006435,1,9,0,9,0,8,0,0,0,0,0,1,6,2,-1,2688,2,9,-1,-1
2013950006435,2,1,0,18,0,8,0,0,0,0,0,1,6,1,7,-1,-1,-1,-1,1
2013950006440,1,9,0,5,0,1,0,0,0,0,1,1,2,2,8,1400,1,7,-1,1
2013950006440,2,9,0,3,0,1,0,0,0,0,2,1,2,1,8,1968,2,6,-1,1
2013950006442,1,9,0,18,0,8,0,0,0,0,1,1,2,1,7,1461,2,8,-1,-1
2013950006442,2,1,0,18,0,8,0,0,0,0,1,1,6,1,4,-1,-1,-1,-1,1
2013950006445,1,9,0,18,0,0,0,0,7,11,4,1,6,1,4,1360,1,12,-1,2
2013950006446,1,9,0,15,0,0,0,0,0,0,4,1,6,3,-1,-1,-1,-1,-1,-1
2013950006447,1,19,0,9,0,8,0,0,0,0,0,1,6,3,-1,-1,-1,-1,-1,-1
2013950006447,2,9,0,18,0,8,0,0,0,0,0,1,6,1,9,2188,2,14,-1,1
2013950006449,1,19,0,18,0,1,0,0,0,0,1,1,1,1,6,2143,2,-1,-1,1
2013950006449,2,9,0,5,0,1,0,0,0,0,2,1,2,2,9,2435,1,12,-1,1
2013950006450,1,19,0,18,0,8,0,0,0,0,1,1,2,1,7,2402,2,3,-1,3
2013950006450,2,9,0,6,0,1,0,0,0,0,3,1,6,2,8,998,1,10,-1,1
2013950006453,1,1,0,12,4,1,0,0,0,0,0,1,6,2,6,-1,-1,-1,-1,1
2013950006454,1,11,0,4,0,1,0,0,0,0,0,1,1,1,8,9000,2,8,-1,2
2013950006456,1,9,0,5,0,4,0,0,0,0,1,1,6,1,11,3199,1,16,-1,1
2013950006456,2,4,0,17,0,8,0,0,0,0,4,1,6,1,8,647,1,8,-1,1
2013950006476,1,9,0,5,0,1,0,0,0,0,1,1,6,1,10,1560,2,-1,-1,1
2013950006476,2,9,0,18,0,1,0,0,0,0,1,1,6,1,8,1396,1,10,-1,2
2013950006478,1,9,0,9,0,1,0,0,0,0,4,1,2,1,8,1598,2,2,-1,1
2013950006478,2,1,0,18,4,1,0,0,0,0,1,1,6,1,6,-1,-1,-1,-1,1
2013950006479,1,9,0,18,0,2,0,0,0,0,1,1,6,2,4,1997,2,5,-1,1
2013950006479,2,9,0,10,0,1,0,0,0,0,2,1,6,2,9,-1,-1,-1,-1,3
2013950006480,1,9,0,18,0,0,0,0,0,0,1,1,2,2,4,1299,1,11,-1,2
2013950006480,2,9,0,2,0,0,0,0,1,0,2,1,6,3,-1,1199,1,10,-1,-1
2013950006481,1,9,0,9,0,1,0,0,0,0,3,1,6,1,8,2231,2,8,-1,3
2013950006481,2,3,0,16,9,1,0,0,0,0,1,1,2,2,8,108,1,3,-1,1
2013950006482,1,9,0,11,0,0,0,0,0,0,2,1,6,1,8,1968,2,-1,-1,-1
2013950006482,2,9,0,18,0,0,0,0,0,0,3,1,6,2,7,1598,1,13,-1,3
2013950006489,1,9,0,18,0,4,0,0,3,10,1,1,6,1,7,2496,1,11,-1,3
2013950006490,1,9,0,18,0,1,0,0,1,10,1,1,6,1,6,1596,1,4,-1,1
2013950006494,1,9,0,18,0,1,0,0,0,0,4,1,6,1,8,1596,1,-1,-1,1
2013950006499,1,9,0,18,0,0,0,0,0,0,1,1,2,1,9,1597,2,-1,9,2
2013950006499,2,9,0,4,0,0,0,0,0,0,1,1,6,1,9,1984,1,4,-1,1
2013950006500,1,10,0,6,0,0,0,0,0,0,3,1,1,2,8,2198,2,-1,-1,1
2013950006500,2,4,0,18,0,0,0,0,0,0,2,1,2,1,7,498,1,14,-1,1
2013950006501,1,9,0,18,0,0,0,0,0,0,1,1,6,1,6,1598,1,9,-1,1
2013950006501,2,9,0,3,0,0,0,0,0,0,2,1,6,1,8,1781,1,11,-1,-1
2013950006501,3,9,0,3,0,0,0,0,0,0,2,1,6,1,6,1796,1,9,-1,3
2013950006502,1,9,0,18,0,0,0,0,0,0,1,1,2,2,9,1364,1,8,-1,1