Accident_Index,Vehicle_Reference,Vehicle_Type,Towing_and_Articulation,Vehicle_Manoeuvre,Vehicle_Location-Restricted_Lane,Junction_Location,Skidding_and_Overturning,Hit_Object_in_Carriageway,Vehicle_Leaving_Carriageway,Hit_Object_off_Carriageway,1st_Point_of_Impact,Was_Vehicle_Left_Hand_Drive?,Journey_Purpose_of_Driver,Sex_of_Driver,Age_Band_of_Driver,Engine_Capacity_(CC),Propulsion_Code,Age_of_Vehicle,Driver_IMD_Decile,Driver_Home_Area_Type
2013950007057,2,9,0,18,0,1,0,0,0,0,1,1,2,1,5,1368,1,4,-1,1
2013950007057,3,9,0,2,0,2,0,0,0,0,3,1,6,1,8,1995,2,6,-1,1
2013950007060,1,11,0,4,0,0,0,0,0,0,0,1,6,1,7,7300,2,6,-1,-1
2013950007062,1,19,0,11,0,2,0,0,0,0,0,1,6,2,8,-1,-1,-1,-1,2
2013950007062,2,8,0,18,0,2,0,0,0,0,0,1,1,1,9,2143,2,-1,-1,2
2013950007067,1,8,0,9,0,8,0,0,0,0,1,1,1,1,9,2499,2,6,-1,1
2013950007070,1,9,0,5,0,1,0,0,0,0,3,1,6,2,6,1398,1,2,-1,-1
2013950007070,2,11,0,18,0,1,0,0,0,0,4,1,1,1,8,7300,2,7,-1,1
2013950007071,1,9,0,18,0,0,0,0,0,0,3,1,2,2,7,1461,2,8,-1,3
2013950007080,1,9,0,9,0,8,0,0,0,0,1,1,6,2,7,1198,1,8,-1,1
2013950007080,2,9,0,18,0,8,0,0,0,0,0,1,6,1,5,1043,1,18,-1,3
2013950007086,1,9,0,16,0,0,2,0,1,4,3,1,6,1,4,1598,1,6,-1,3
2013950007095,1,9,0,18,0,0,0,0,0,0,3,1,6,1,9,1198,1,1,-1,1
2013950007100,1,9,0,18,0,0,2,0,1,0,2,1,6,1,6,1328,1,10,-1,1
2013950007101,1,9,0,18,2,0,0,4,0,0,4,1,6,2,9,1398,1,2,-1,1
2013950007101,2,9,0,2,2,0,0,0,0,0,1,1,6,3,-1,1995,2,2,-1,-1
2013950007105,1,8,0,5,0,1,0,0,0,0,1,1,6,3,-1,-1,-1,-1,-1,-1
2013950007111,1,11,0,4,0,1,0,0,0,0,1,1,1,2,8,4500,2,2,-1,1
2013950007113,1,9,0,17,0,0,0,0,0,0,1,1,6,1,6,1596,1,10,-1,-1
2013950007121,1,11,0,18,0,0,0,0,0,0,1,1,1,1,7,8268,2,11,-1,1
2013950007123,1,9,0,4,0,0,1,0,1,0,4,1,6,2,4,1598,1,4,-1,3
2013950007132,1,19,0,6,0,0,0,0,0,0,1,1,6,1,10,1995,2,3,-1,1
2013950007132,2,9,0,18,0,0,0,0,0,0,4,1,6,1,6,1229,1,3,-1,-1
2013950007136,1,11,0,5,0,8,0,0,0,0,0,1,1,1,7,9360,2,4,-1,1
2013950007137,1,9,0,18,0,1,0,0,0,0,1,1,6,2,11,973,1,10,-1,1
2013950007139,1,21,1,11,0,0,0,0,0,0,1,1,1,1,8,12419,2,-1,4,2
2013950007139,2,9,0,18,0,0,0,0,1,0,1,1,6,2,6,1560,2,3,-1,1
2013950007146,1,9,0,18,0,0,0,0,0,0,1,1,6,2,8,1999,1,5,-1,1
2013950007146,2,9,0,4,0,0,0,0,0,0,2,1,6,1,7,1998,1,4,-1,1
2013950007146,3,9,0,3,0,0,0,0,0,0,0,1,6,2,10,1598,2,3,-1,3
2013950007147,1,3,0,18,0,1,0,0,0,0,1,1,6,1,5,124,1,11,-1,1
2013950007147,2,9,0,9,0,1,0,0,0,0,3,1,6,1,6,1984,1,6,-1,1
2013950007150,1,1,0,18,0,8,0,0,0,0,4,1,6,1,6,-1,-1,-1,-1,1
2013950007150,2,9,0,18,0,8,0,0,0,0,1,1,6,1,7,1240,1,10,-1,1
2013950007168,1,9,0,9,0,2,0,0,0,0,1,1,6,1,5,2926,2,15,7,3
2013950007169,1,9,0,16,0,1,0,0,0,0,1,1,2,1,9,998,1,6,-1,3
2013950007172,1,11,0,18,2,0,0,0,0,0,0,1,1,1,7,9360,2,4,-1,1
201395D000047,1,19,0,4,0,1,0,0,0,0,1,1,6,1,5,2461,1,12,6,1
201395D000047,2,9,0,8,0,1,0,0,0,0,2,1,6,1,10,1997,2,10,-1,2
201395D000316,1,9,0,18,0,1,2,0,1,4,1,1,6,2,8,1329,1,4,-1,3
201395D000684,1,9,0,18,0,8,0,0,0,0,1,1,6,1,9,1598,1,5,-1,1
201395D000684,2,9,0,7,0,8,0,0,0,0,3,1,6,2,6,1599,1,6,-1,1
201395D000897,1,9,0,18,0,8,0,0,0,0,4,1,6,2,10,1598,1,5,-1,1
201395D000897,2,9,0,18,0,8,0,0,0,0,1,1,6,2,6,1598,1,4,-1,1
2013960000584,1,9,0,18,0,1,1,0,0,0,1,1,6,2,8,1390,1,11,-1,3
2013960000584,2,20,0,13,0,1,0,0,0,0,2,1,1,1,8,-1,-1,-1,-1,1
2013961300015,1,5,0,18,0,8,1,0,0,0,3,1,6,1,7,680,1,5,-1,1
2013961300021,1,9,0,9,0,2,0,0,0,0,1,1,2,2,8,1349,1,3,-1,2
2013961300025,1,11,0,18,0,0,0,0,0,0,1,1,1,1,6,7300,2,5,-1,1
2013961300026,1,9,0,13,0,0,0,0,0,0,1,1,6,1,11,1997,1,11,-1,2
2013961300026,2,1,0,18,0,0,0,0,1,0,2,1,6,1,8,-1,-1,-1,-1,1
2013961300029,1,9,0,18,0,0,0,0,0,0,4,1,6,1,8,1560,2,2,-1,1
2013961300030,1,9,0,18,0,0,0,0,0,0,1,1,6,3,8,-1,-1,-1,-1,-1
2013961300032,1,9,0,14,0,0,0,0,0,0,1,1,6,2,7,1596,1,10,-1,-1
2013961300041,1,9,0,18,0,8,1,10,1,0,1,1,6,2,6,1598,1,7,-1,2
2013961300042,1,19,0,18,0,0,1,4,0,0,4,1,6,1,6,1998,2,9,-1,1
2013961300042,2,9,0,2,0,0,0,0,1,0,3,1,6,1,8,-1,-1,-1,-1,1
2013961300042,3,19,0,4,0,0,0,0,0,0,0,1,6,1,8,1998,2,12,-1,1
2013961300043,1,19,0,18,0,0,5,0,0,0,1,1,2,1,9,1560,2,6,-1,3
2013961300049,1,9,0,18,0,0,0,0,1,1,1,1,6,1,4,1600,1,13,-1,1
2013961300049,2,9,0,3,0,0,0,0,0,0,2,1,6,2,9,1149,1,3,-1,1
2013961300053,1,9,0,16,0,0,0,0,1,9,4,1,6,1,4,1388,1,9,-1,3
2013961300058,1,9,0,9,0,8,0,0,0,0,1,1,1,1,8,2179,2,12,-1,1
2013961300058,2,9,0,18,0,8,0,0,0,0,1,1,1,1,8,1199,1,13,-1,1
2013961300061,1,9,0,3,0,1,0,0,0,0,1,1,2,1,8,-1,-1,-1,-1,1
2013961300061,2,9,0,3,0,4,0,0,0,0,2,1,6,1,5,1598,2,-1,-1,1
2013961300062,1,9,0,9,0,8,0,0,0,0,4,1,6,1,6,1910,2,7,-1,1
2013961300081,1,9,0,18,0,0,0,0,1,4,1,1,6,1,6,1396,1,10,-1,1
2013961300089,1,9,0,16,0,0,2,0,1,10,1,1,6,1,6,1598,1,6,-1,1
2013961300090,1,9,0,18,0,8,0,0,3,11,3,1,6,1,8,-1,-1,-1,-1,1
2013961300090,2,9,0,18,0,8,0,0,0,0,1,1,6,2,10,1591,1,2,-1,-1
2013961300092,1,17,0,17,0,0,5,10,2,0,4,1,1,1,4,-1,-1,-1,-1,1
2013961300097,1,9,0,1,0,8,0,0,0,0,0,1,6,1,11,1397,1,11,-1,1
2013961300099,1,9,0,18,0,0,0,0,0,0,1,1,6,1,6,1799,1,5,-1,1
2013961300100,1,9,0,18,0,0,1,0,7,4,4,1,6,1,5,1199,1,12,-1,1
2013961300100,2,11,0,18,0,0,0,0,0,0,0,1,6,3,8,-1,-1,-1,-1,-1
2013961300103,1,9,0,18,0,0,1,0,2,10,1,1,6,1,6,1299,1,10,-1,1
2013961300107,1,9,0,18,0,0,0,0,0,0,1,1,6,1,7,2996,1,6,-1,3
2013961300107,2,9,0,4,0,0,0,0,0,0,2,1,6,1,7,2184,2,7,-1,1
2013961300107,3,9,0,18,0,0,0,0,0,0,1,1,6,1,10,1560,2,1,-1,1
2013961300119,1,9,0,9,0,8,1,0,0,0,3,1,6,2,9,1598,1,5,-1,1
2013961300119,2,9,0,18,0,1,0,0,0,0,1,1,6,1,8,1586,1,6,-1,1
2013961300125,1,9,0,9,0,8,0,0,0,0,1,1,2,2,6,1598,2,3,-1,1
2013961300125,2,9,0,18,0,8,1,0,1,7,1,1,6,2,8,1360,1,12,-1,1
2013961300132,1,9,0,4,0,3,0,0,0,0,2,1,6,2,6,1597,1,15,-1,1
2013961300132,2,9,0,4,0,3,0,0,0,0,1,1,6,1,7,1598,1,14,-1,1
2013961300138,1,19,0,16,0,0,1,0,0,0,4,1,1,1,9,1753,2,8,-1,1
2013961300141,1,9,0,18,0,2,0,0,0,0,1,1,6,2,7,1896,2,4,-1,3
2013961300141,2,9,0,3,0,2,0,0,0,0,2,1,6,1,7,1997,2,6,-1,1
2013961300141,3,9,0,3,0,2,0,0,0,0,2,1,6,1,8,1798,2,2,-1,3
2013961300152,1,9,0,17,0,0,1,0,0,0,1,1,6,1,7,1560,2,4,-1,1
2013961300152,2,9,0,18,0,0,0,0,0,0,1,1,6,2,6,998,1,8,-1,1
2013961300153,1,21,0,18,0,0,1,0,1,1,1,1,1,1,8,3920,2,9,-1,1
2013961300171,1,21,1,18,0,0,5,0,1,0,4,1,1,1,6,11967,2,5,-1,1
2013961300173,1,11,0,18,0,0,0,0,0,0,1,1,1,1,9,4250,2,8,-1,1
2013961300174,1,19,0,18,0,1,0,0,0,0,1,1,1,1,6,2148,2,7,-1,3
2013961300174,2,9,0,3,0,1,0,0,0,0,2,1,6,2,8,1198,1,7,-1,1
2013961300178,1,9,0,18,0,0,0,12,0,0,1,1,2,1,6,-1,-1,-1,-1,1
2013961300185,1,9,0,18,0,1,0,0,0,0,1,1,6,2,11,2316,1,18,-1,2
2013961300189,1,9,0,13,0,0,1,0,0,0,4,1,2,1,8,1596,1,11,-1,1
2013961300189,2,19,0,18,0,0,5,0,1,10,3,1,1,1,7,2402,2,7,-1,3
2013961300191,1,19,0,18,0,1,0,0,0,0,1,1,2,1,7,1998,2,10,-1,1
2013961300191,2,9,0,3,0,1,0,0,0,0,2,1,6,2,7,998,1,7,-1,3
2013961300194,1,9,0,18,0,1,0,0,0,0,1,1,6,1,4,1242,1,6,-1,-1
2013961300194,2,9,0,3,0,1,0,0,0,0,2,1,6,1,9,2143,2,3,-1,3
2013961300195,1,9,0,17,0,0,0,10,7,0,1,1,6,2,5,998,1,10,-1,1
2013961300209,1,9,0,18,0,0,0,0,0,0,1,1,1,1,5,-1,-1,-1,-1,1
2013961300209,2,8,0,10,0,0,0,0,0,0,2,1,1,1,9,-1,-1,-1,-1,2
2013961300209,3,8,0,10,0,0,0,0,0,0,2,1,1,2,8,1198,1,6,-1,1
2013961300215,1,9,0,16,0,1,1,1,0,0,1,1,2,1,5,-1,-1,-1,-1,1
2013961300215,2,9,0,2,0,1,0,0,7,0,2,1,2,1,9,1796,1,5,-1,1
2013961300220,1,9,0,18,0,8,1,0,3,11,1,1,6,2,11,1360,1,11,-1,3
2013961300229,1,9,0,16,0,0,1,10,1,0,1,1,2,1,5,1242,1,6,-1,1
2013961300236,1,9,0,5,0,8,0,0,0,0,3,1,6,1,7,2184,2,4,-1,1
2013961300236,2,1,0,18,0,8,0,0,0,0,1,1,1,1,7,-1,-1,-1,-1,1
2013961300240,1,9,0,18,0,0,0,0,0,0,3,1,6,2,5,1149,1,4,-1,1
2013961300240,2,9,0,4,0,0,0,0,0,0,3,1,6,2,7,1796,1,6,-1,-1
2013961300243,1,9,0,16,0,0,2,0,7,11,1,1,1,1,5,-1,-1,-1,-1,1
2013961300246,1,9,0,18,0,0,2,0,0,0,4,1,1,1,7,-1,-1,-1,-1,1
2013961300248,1,9,0,18,0,1,0,0,0,0,1,1,6,1,8,1968,2,1,-1,1
2013961300248,2,9,0,3,0,1,0,0,0,0,2,1,2,1,4,1598,2,1,-1,3
2013961300248,3,9,0,3,0,1,0,0,0,0,2,1,2,1,4,1598,1,11,-1,1
2013961300248,4,9,0,10,0,1,0,0,0,0,2,1,6,2,5,1398,1,3,-1,3
2013961300252,1,9,0,18,0,8,0,10,7,1,1,1,2,2,5,1242,1,2,-1,1
2013961300253,1,9,0,18,0,2,1,0,0,0,1,1,6,1,4,1149,1,9,-1,-1
2013961300253,2,8,0,18,0,1,0,0,0,0,3,1,1,1,9,1997,2,2,-1,3
2013961300253,3,8,0,18,0,1,0,0,0,0,1,1,1,1,9,-1,-1,-1,-1,1
2013961300254,1,9,0,7,0,8,0,0,0,0,1,1,6,1,4,973,1,11,-1,1
2013961300254,2,9,0,18,0,8,0,0,0,0,2,1,6,1,4,1229,1,4,-1,2
2013961300260,1,9,4,16,0,0,3,0,4,6,2,1,6,1,6,3000,2,17,-1,1
2013961300269,1,21,1,16,0,0,5,10,4,6,3,1,1,1,8,12900,2,1,-1,1
2013961300271,1,9,0,13,0,0,1,0,1,4,3,1,2,1,7,1398,2,10,-1,1
2013961300272,1,9,0,7,0,8,1,0,0,0,1,1,6,1,10,1870,2,9,-1,3
2013961300272,2,9,0,18,0,1,0,10,7,2,4,1,6,1,9,1582,2,2,-1,2
2013961300276,1,9,0,16,0,0,2,0,7,11,3,1,6,2,6,1598,1,5,-1,3
2013961300287,1,9,0,18,0,0,0,0,0,0,1,1,2,1,4,1398,1,2,-1,1
2013961300287,2,9,0,18,0,0,0,0,0,0,2,1,2,1,8,-1,-1,-1,-1,1
2013961300289,1,19,0,18,0,1,1,0,0,0,1,1,1,1,4,1753,2,6,-1,1
2013961300289,2,9,0,10,0,8,0,0,0,0,2,1,6,2,6,1796,1,5,-1,3
2013961300297,1,9,0,13,0,0,1,0,1,1,1,1,2,1,7,2457,1,6,7,2
2013961300297,2,9,0,18,0,0,0,0,0,0,3,1,6,1,8,1587,1,7,-1,2
2013961300301,1,9,0,18,0,2,0,0,0,0,1,1,6,3,8,-1,-1,-1,-1,-1
2013961300303,1,19,0,18,0,0,1,0,0,0,1,1,2,1,6,1896,2,13,-1,1
2013961300303,2,9,0,4,0,0,0,0,0,0,2,1,1,1,6,1799,1,7,-1,1
2013961300303,3,9,0,5,0,0,0,0,0,0,0,1,6,3,8,-1,-1,-1,-1,-1
2013961300322,1,19,0,18,0,0,0,0,0,0,1,1,2,1,7,1560,2,2,-1,1
2013961300322,2,9,0,2,0,0,0,0,0,0,2,1,6,2,11,1198,1,6,-1,1
2013961300331,1,9,0,18,0,0,0,0,0,0,0,1,6,2,8,1896,2,4,-1,1
2013961300332,1,9,0,1,0,0,0,0,0,0,2,1,6,1,7,1149,1,3,-1,1
2013961300336,1,9,0,18,0,1,0,0,0,0,4,1,6,1,11,1799,1,7,-1,2
2013961300343,1,9,0,9,0,8,0,0,0,0,0,1,6,2,9,1995,2,12,-1,1
2013961300343,2,11,0,16,0,1,0,0,0,0,0,1,1,1,7,7300,2,6,-1,1
2013961300344,1,9,0,18,0,0,0,0,0,0,1,1,6,2,4,1242,1,1,-1,3
2013961300346,1,9,0,18,0,0,1,0,7,11,1,1,6,2,5,2993,2,8,-1,1
2013961300365,1,9,0,18,0,0,0,4,0,0,3,1,6,2,6,998,1,4,-1,2
2013961300365,2,9,0,2,0,0,0,0,0,0,3,1,6,2,6,1796,1,5,-1,1
2013961300365,3,9,0,2,0,0,0,0,0,0,2,1,6,2,10,1999,1,5,-1,1
2013961300370,1,9,0,18,0,8,0,0,0,0,3,1,6,1,5,1242,1,9,-1,2
2013961300370,2,9,0,18,0,8,0,0,0,0,1,1,6,2,8,1997,2,9,-1,1
2013961300372,1,9,0,18,0,1,0,0,0,0,1,1,2,1,7,1997,2,2,-1,-1
2013961300372,2,9,0,3,0,1,0,0,0,0,2,1,6,1,10,1796,1,9,-1,-1
2013961300375,1,9,0,18,0,0,0,0,0,0,1,1,6,1,4,1242,1,12,-1,1
2013961300375,2,9,0,18,0,0,0,0,0,0,2,1,6,2,10,1368,1,9,-1,1
2013961300380,1,19,0,15,0,0,0,0,0,0,3,1,1,1,8,4250,2,8,-1,3
2013961300380,2,9,0,5,0,0,1,10,1,0,4,1,6,1,9,1996,1,17,-1,1
2013961300381,1,9,0,18,0,0,0,0,5,6,1,1,6,2,6,1363,2,10,-1,1
2013961300388,1,9,0,7,0,8,0,0,0,0,1,1,6,2,8,1995,2,2,-1,3
2013961300388,2,9,4,18,0,8,1,10,0,0,4,1,6,2,7,1596,1,5,-1,1
2013961300391,1,9,0,18,0,0,5,4,0,0,1,1,6,1,11,1339,8,2,-1,1
2013961300391,2,9,0,2,0,0,0,0,0,0,2,1,6,1,8,1360,1,3,-1,3
2013961300392,1,9,0,12,0,0,0,0,0,0,3,1,6,1,8,2151,2,13,-1,1
2013961300392,2,9,0,18,0,0,0,0,0,0,4,1,6,2,8,1968,2,-1,-1,3
2013961300405,1,5,0,15,0,0,0,0,0,0,1,1,6,1,8,1084,1,14,-1,2
2013961300405,2,9,0,18,0,0,0,0,0,0,4,1,6,2,8,1998,1,11,-1,1
2013961300405,3,9,0,18,0,0,0,0,0,0,2,1,6,1,5,-1,-1,-1,-1,-1
2013961300409,1,9,0,9,0,8,0,0,0,0,3,1,2,1,5,1199,1,12,-1,1
2013961300409,2,9,0,18,0,8,0,0,0,0,1,1,6,2,7,1396,1,14,-1,1
2013961300411,1,9,0,18,0,8,0,0,0,0,1,1,1,1,9,1968,2,4,-1,1
2013961300411,2,1,0,18,0,8,0,0,0,0,3,1,2,1,8,-1,-1,-1,-1,1
2013961300423,1,9,0,18,0,0,0,0,0,0,1,1,6,1,7,1956,2,2,-1,1
2013961300423,2,9,0,4,0,0,0,0,0,0,2,1,2,1,9,1299,1,10,-1,1
2013961300424,1,9,0,18,0,0,0,0,2,11,1,1,6,1,8,1896,2,10,-1,3
2013961300424,2,21,0,18,0,0,0,0,0,0,1,2,1,1,9,-1,-1,-1,-1,-1
2013961300429,1,9,0,4,0,0,0,10,7,11,1,1,6,1,11,2435,1,10,-1,1
2013961300433,1,9,0,18,0,0,1,0,1,0,1,1,6,1,6,1997,2,11,-1,3
2013961300441,1,9,0,9,0,8,0,0,1,0,3,1,6,2,6,1968,2,4,-1,3
2013961300441,2,9,0,18,0,1,0,0,7,0,4,1,6,2,6,1896,2,7,-1,3
2013961300442,1,9,0,7,0,8,0,0,1,1,1,1,6,1,6,1589,1,13,-1,3
2013961300442,2,9,0,9,0,8,0,0,7,0,1,1,6,1,11,1910,2,5,-1,3
2013961300445,1,19,0,18,0,1,1,0,0,0,1,1,2,1,6,2198,2,4,-1,1
2013961300445,2,9,0,4,0,1,0,0,0,0,2,1,2,1,4,1910,2,7,-1,1
2013961300446,1,9,0,12,0,0,1,0,5,7,3,1,2,2,6,1598,2,3,-1,1
2013961300450,1,19,0,9,0,8,0,0,0,0,4,1,6,1,7,2198,2,1,-1,1
2013961300450,2,9,0,15,0,1,0,0,0,0,1,1,6,1,5,1598,1,9,-1,1
2013961300453,1,9,0,18,0,0,2,0,7,0,3,1,2,2,7,1991,2,9,-1,3
2013961300456,1,9,0,2,0,0,0,0,0,0,3,1,1,1,5,1229,1,8,-1,1
2013961300456,2,1,0,18,0,0,0,4,0,0,4,1,6,2,4,-1,-1,-1,-1,1
2013961300465,1,9,0,17,0,0,1,10,1,11,1,1,2,2,8,1329,1,3,-1,-1
2013961300467,1,19,0,6,0,0,0,0,0,0,0,1,1,1,8,2148,2,4,-1,3
2013961300467,2,3,0,18,0,0,2,10,1,0,4,1,2,1,8,996,1,14,-1,2
2013961300478,1,9,0,16,0,0,2,0,8,11,1,1,6,1,4,1400,1,13,-1,3
2013961300495,1,9,0,18,0,0,0,4,0,0,1,1,6,1,9,1910,2,8,-1,3
2013961300495,2,9,0,2,0,0,0,0,0,0,2,1,6,1,7,2499,2,11,-1,-1
2013961300496,1,9,0,18,0,0,0,0,0,0,1,1,6,1,6,-1,-1,-1,-1,-1
2013961300496,2,9,0,3,0,0,0,0,0,0,2,1,6,1,4,1199,1,12,-1,1
2013961300497,1,9,0,11,0,0,5,0,1,0,0,1,6,1,5,1229,1,8,-1,1
2013961300503,1,9,0,9,0,8,0,0,1,0,3,1,6,2,6,1598,1,3,-1,1
2013961300503,2,9,0,17,0,1,0,0,7,0,1,1,6,1,6,1328,1,10,-1,1
2013961300506,1,9,0,5,0,0,0,0,1,0,3,1,6,2,6,1242,1,4,-1,1
2013961300506,2,11,0,18,0,0,0,0,0,0,1,1,1,2,6,9000,2,14,-1,2
2013961300509,1,9,0,18,0,0,0,0,0,0,1,1,1,1,8,1461,2,4,-1,-1
2013961300509,2,9,0,4,0,0,0,0,0,0,2,1,2,2,8,1398,1,8,-1,3
2013961300510,1,9,0,18,0,0,0,0,2,11,4,1,6,1,9,1796,1,10,-1,-1
2013961300512,1,11,0,18,0,0,1,0,1,11,4,1,3,1,9,9000,2,14,-1,-1
2013961300524,1,9,0,9,0,8,0,0,0,0,3,1,6,1,5,1685,2,1,-1,1
2013961300524,2,9,0,13,0,8,0,0,0,0,1,1,6,1,5,1390,1,11,-1,1
2013961300529,1,19,0,16,0,0,1,0,0,0,1,1,2,1,7,1753,2,5,-1,3
2013961300529,2,9,0,17,0,0,0,0,0,0,1,1,2,2,7,1951,2,9,-1,3
2013961300537,1,9,0,9,0,6,0,0,7,10,4,1,6,2,4,1596,1,11,-1,-1
2013961300537,2,9,0,18,0,8,0,0,7,10,4,1,6,2,4,1360,1,8,-1,1
2013961300541,1,9,0,18,0,0,0,10,1,11,1,1,6,1,8,1497,1,12,-1,1
2013961300542,1,8,0,7,0,2,0,0,0,0,1,1,1,1,8,1598,2,2,-1,2
2013961300542,2,21,0,18,0,1,0,0,0,0,3,1,1,1,8,6370,2,7,-1,3
2013961300544,1,9,0,4,0,0,0,0,0,0,1,1,6,2,10,1323,1,11,-1,1
2013961300546,1,9,0,1,0,0,0,0,0,0,2,1,6,2,6,1242,1,2,-1,1
2013961300546,2,9,0,18,0,0,0,0,0,0,3,1,6,2,6,1590,1,9,-1,3
2013961300549,1,9,0,4,0,0,0,0,0,0,1,1,6,1,8,-1,-1,-1,-1,-1
2013961300549,2,9,0,3,0,0,0,0,0,0,2,1,1,1,8,1753,2,4,-1,1
2013961300549,3,9,0,3,0,0,0,0,0,0,2,1,6,1,6,1587,1,7,-1,1
2013961300549,4,9,0,3,0,0,0,0,0,0,2,1,6,1,6,1995,1,5,-1,1
2013961300572,1,9,0,7,0,8,0,0,0,0,4,1,6,1,7,1560,2,8,-1,1
2013961300572,2,9,0,18,0,8,0,0,0,0,3,1,6,2,4,1149,1,10,-1,1
2013961300573,1,9,0,18,0,0,0,2,2,7,1,1,6,1,6,1560,2,3,-1,1
2013961300574,1,1,0,18,0,0,0,0,0,0,1,1,6,1,3,-1,-1,-1,-1,1
2013961300574,2,9,0,18,0,0,0,0,0,0,4,1,6,1,7,5935,1,9,-1,1
2013961300575,1,9,0,17,0,1,0,0,0,0,1,1,6,1,11,1329,1,1,-1,1
2013961300575,2,9,0,17,0,1,0,0,0,0,2,1,6,1,7,1596,1,12,-1,1
2013961300575,3,9,0,17,0,1,0,0,0,0,2,1,6,1,9,1360,1,4,-1,1
2013961300579,1,9,0,18,0,1,0,0,0,0,1,1,6,2,5,1299,1,11,-1,1
2013961300579,2,9,0,3,0,1,0,0,0,0,2,1,6,2,8,1598,1,5,-1,1
2013961300584,1,9,0,1,0,0,0,0,0,0,2,1,6,2,7,2926,2,10,-1,1
2013961300584,2,9,0,2,0,0,0,0,0,0,1,1,6,2,8,1229,1,8,-1,1
2013961300590,1,9,0,18,0,0,0,0,7,0,1,1,2,1,8,1900,2,13,-1,1
2013961300590,2,9,0,18,0,0,0,0,0,0,1,1,6,1,9,2987,2,-1,-1,1
2013961300592,1,3,0,18,0,0,0,4,0,0,1,1,6,1,6,-1,-1,-1,-1,1
2013961300592,2,9,0,2,0,0,0,0,0,0,4,1,6,1,6,1598,1,6,-1,1
2013961300594,1,9,0,7,0,6,0,0,0,0,1,1,6,1,6,1390,1,8,-1,1
2013961300594,2,9,0,18,0,8,0,0,0,0,4,1,6,2,7,1397,1,3,-1,1
2013961300595,1,9,0,17,0,0,2,10,1,10,1,1,6,2,4,1124,1,12,-1,3
2013961300599,1,9,0,6,0,0,0,0,0,0,3,1,6,2,6,-1,-1,-1,-1,-1
2013961300599,2,5,0,18,0,0,0,0,0,0,1,1,6,1,7,998,1,12,-1,1
2013961300600,1,9,0,5,0,1,0,0,0,0,1,1,6,2,7,1598,1,8,-1,3
2013961300600,2,19,0,3,0,1,0,0,0,0,2,1,6,1,8,2198,2,3,-1,2
2013961300616,1,9,0,18,0,1,0,10,7,0,1,1,6,1,6,1896,2,11,-1,1
2013961300616,2,19,0,9,0,5,0,0,0,0,3,1,6,1,7,1461,2,9,2,1
2013961300617,1,21,1,16,0,4,5,0,1,2,4,1,1,1,9,11705,2,8,-1,1
2013961300621,1,19,0,9,0,8,0,0,0,0,4,1,6,2,4,-1,-1,-1,-1,1
2013961300621,2,9,0,18,0,8,0,0,0,0,1,1,6,1,11,1360,1,6,-1,3
2013961300626,1,5,0,17,0,0,0,0,1,10,3,1,6,1,10,599,1,16,-1,3
2013961300631,1,1,0,18,0,8,0,0,0,0,3,1,6,1,7,-1,-1,-1,-1,-1
2013961300631,2,9,0,18,0,8,0,0,0,0,4,1,6,1,11,1149,1,6,-1,1
2013961300632,1,19,0,13,0,0,0,0,0,0,4,1,1,1,6,2198,2,2,-1,3
2013961300632,2,9,0,18,0,0,5,0,1,0,3,1,6,1,7,1248,2,2,-1,1
2013961300633,1,9,0,18,0,1,0,0,0,0,1,1,1,2,7,1968,2,5,-1,1
2013961300633,2,9,0,9,0,8,0,0,1,9,2,1,6,1,6,-1,-1,-1,-1,1
2013961300639,1,9,0,9,0,2,0,0,0,0,3,1,6,1,6,1796,1,14,-1,1
2013961300653,1,9,0,18,0,0,0,0,0,0,1,1,6,2,8,1149,1,10,-1,1
2013961300655,1,9,0,18,0,0,0,0,0,0,1,1,6,1,4,1242,1,8,-1,1
2013961300659,1,9,0,16,0,0,1,0,1,11,1,1,1,2,4,1248,2,5,-1,1
2013961300660,1,9,0,8,0,1,0,0,0,0,1,1,1,1,5,1590,1,9,-1,1
2013961300660,2,9,0,8,0,2,0,0,0,0,2,1,6,2,5,1242,1,12,-1,2
2013961300665,1,19,0,18,0,0,0,0,0,0,1,1,2,1,9,1870,2,7,-1,1
2013961300674,1,9,0,1,0,5,0,0,0,0,2,1,6,1,7,1124,1,6,-1,1
2013961300682,1,9,0,18,0,2,0,0,0,0,4,1,6,2,6,1349,1,3,-1,-1
2013961300683,1,8,0,5,0,8,0,0,0,0,1,1,1,1,10,1896,2,8,-1,1
2013961300683,2,9,0,6,0,8,0,0,0,0,2,1,6,2,5,1598,1,14,-1,1
2013961300684,1,9,0,18,0,1,0,0,0,0,1,1,6,2,7,1600,1,13,-1,1
2013961300684,2,9,0,3,0,1,0,0,0,0,2,1,6,2,5,1242,1,7,-1,1
2013961300686,1,9,0,18,0,1,0,0,0,0,1,1,6,1,4,1360,1,6,-1,1
2013961300690,1,9,0,18,0,0,0,0,0,0,4,1,6,1,9,2143,2,3,-1,1