Accident_Index,Vehicle_Reference,Vehicle_Type,Towing_and_Articulation,Vehicle_Manoeuvre,Vehicle_Location-Restricted_Lane,Junction_Location,Skidding_and_Overturning,Hit_Object_in_Carriageway,Vehicle_Leaving_Carriageway,Hit_Object_off_Carriageway,1st_Point_of_Impact,Was_Vehicle_Left_Hand_Drive?,Journey_Purpose_of_Driver,Sex_of_Driver,Age_Band_of_Driver,Engine_Capacity_(CC),Propulsion_Code,Age_of_Vehicle,Driver_IMD_Decile,Driver_Home_Area_Type
2013961300693,1,9,0,9,0,8,0,0,0,0,1,1,2,1,7,-1,-1,-1,-1,1
2013961300693,2,9,0,10,0,1,0,0,0,0,1,1,2,1,5,1124,1,15,-1,-1
2013961300694,1,9,0,14,0,0,0,4,0,0,1,1,6,2,9,1329,1,1,-1,3
2013961300694,2,9,0,2,0,0,0,0,0,0,2,1,6,2,10,1390,1,10,-1,1
2013961300696,1,9,0,5,0,1,0,0,0,0,1,1,6,1,9,1339,1,7,-1,1
2013961300696,2,9,0,4,0,1,0,0,0,0,2,1,6,2,10,1598,1,13,-1,1
2013961300716,1,8,0,5,0,0,0,0,0,0,1,1,1,1,8,1560,2,1,-1,1
2013961300728,1,9,0,18,0,4,0,0,0,0,1,1,1,1,8,2199,2,1,-1,-1
2013961300728,2,9,0,3,0,8,0,0,0,0,2,1,2,1,9,1998,1,7,-1,-1
2013961300733,1,9,0,9,0,8,0,0,0,0,1,1,6,3,8,-1,-1,-1,-1,-1
2013961300733,2,9,0,18,0,8,1,0,0,0,4,1,6,2,9,1560,2,3,-1,2
2013961300734,1,9,0,5,0,4,0,0,0,0,3,1,6,2,11,1329,1,1,-1,2
2013961300734,2,1,0,18,0,8,5,0,0,0,4,1,6,2,8,-1,-1,-1,-1,2
2013961300735,1,9,0,18,0,0,1,10,1,1,1,1,6,1,5,1686,2,12,-1,1
2013961300739,1,9,0,16,0,1,0,0,0,0,1,1,6,1,7,1956,2,3,-1,2
2013961300739,2,9,0,3,0,1,0,0,0,0,2,1,2,1,5,998,1,9,-1,1
2013961300739,3,9,0,10,0,1,0,0,0,0,2,1,2,1,6,-1,-1,-1,-1,1
2013961300740,1,9,0,4,0,0,0,0,0,0,3,1,6,1,7,1598,1,6,-1,1
2013961300744,1,-1,0,3,0,0,0,0,0,0,1,1,6,3,-1,-1,-1,-1,-1,-1
2013961300745,1,9,0,18,0,0,0,0,0,0,1,1,6,1,4,1124,1,10,-1,1
2013961300745,2,9,0,4,0,0,0,0,0,0,2,1,6,1,4,1229,1,7,-1,1
2013961300752,1,9,0,13,0,0,0,0,1,11,1,1,6,1,6,1461,2,9,-1,1
2013961300752,2,9,0,18,0,0,1,0,1,4,3,1,6,1,11,1360,1,12,-1,-1
2013961300765,1,9,0,18,0,0,0,0,0,0,1,1,6,1,6,1598,1,3,-1,3
2013961300771,1,9,0,5,0,8,0,0,0,0,3,1,6,2,11,1248,1,1,-1,1
2013961300771,2,9,0,18,0,8,0,0,0,0,1,1,6,2,7,1988,1,10,-1,1
2013961300777,1,9,0,5,0,4,0,0,0,0,3,1,2,1,7,1398,1,11,-1,1
2013961300777,2,1,0,18,0,8,0,0,0,0,1,1,2,1,8,-1,-1,-1,-1,1
2013961300778,1,9,0,-1,0,0,0,0,0,0,1,1,6,1,5,2198,1,12,-1,1
2013961300782,1,9,0,18,0,0,1,10,7,10,3,1,6,1,4,1360,1,10,-1,2
2013961300783,1,9,0,18,0,0,0,0,0,0,2,1,6,2,7,2990,1,17,-1,1
2013961300783,2,9,0,3,0,0,0,0,0,0,2,1,1,1,8,1399,2,4,-1,1
2013961300784,1,9,0,17,0,0,2,0,5,6,1,1,6,1,7,1991,1,15,-1,1
2013961300784,2,9,0,18,0,0,0,0,0,0,3,1,6,2,8,1368,1,4,-1,3
2013961300791,1,9,0,4,0,1,1,0,0,0,1,1,6,3,7,-1,-1,-1,-1,-1
2013961300791,2,9,0,3,0,1,0,0,0,0,2,1,1,1,6,-1,-1,-1,-1,3
2013961300795,1,3,0,4,0,8,0,0,0,0,0,1,6,1,8,125,1,1,-1,1
2013961300799,1,19,0,18,0,0,0,0,0,0,0,1,6,3,8,-1,-1,-1,-1,-1
2013961300799,2,9,0,18,0,0,2,0,7,4,1,1,3,2,7,2993,2,3,-1,1
2013961300800,1,3,0,17,0,0,0,0,0,0,2,1,6,1,7,198,1,8,-1,1
2013961300800,2,9,0,17,0,0,0,0,0,0,2,1,6,1,5,1896,2,7,-1,3
2013961300801,1,9,0,7,0,4,0,0,0,0,3,1,6,2,6,1598,1,8,-1,1
2013961300801,2,1,0,18,0,8,0,0,0,0,4,1,2,1,7,-1,-1,-1,-1,1
2013961300814,1,20,0,18,0,0,0,0,0,0,0,1,6,3,8,-1,-1,-1,-1,-1
2013961300814,2,20,0,18,0,0,0,11,0,0,1,1,1,1,7,-1,-1,-1,-1,1
2013961300815,1,5,0,13,0,1,1,0,0,0,0,1,2,1,5,599,1,4,-1,2
2013961300815,2,17,0,18,0,1,0,0,0,0,0,1,1,1,6,-1,2,6,-1,2
2013961300815,3,9,0,9,0,1,0,0,0,0,0,1,1,2,7,1332,1,14,-1,2
2013961300826,1,9,0,4,0,1,0,0,0,0,1,1,6,2,10,1390,1,8,-1,2
2013961300826,2,9,0,3,0,1,0,0,0,0,2,1,6,2,7,1910,2,6,2,1
2013961300834,1,9,0,18,0,0,2,0,0,0,0,1,6,1,4,1461,2,3,-1,-1
2013961300838,1,9,0,17,0,0,5,0,1,11,1,1,6,1,6,1796,1,10,-1,1
2013961300839,1,9,0,7,0,8,0,10,7,0,1,1,1,1,6,1998,1,8,-1,1
2013961300839,2,9,0,18,0,8,1,0,0,0,4,1,2,2,7,2199,2,-1,-1,2
2013961300844,1,9,0,18,0,8,0,0,0,0,1,1,1,1,7,2199,2,3,-1,1
2013961300844,2,9,0,4,0,8,0,0,0,0,2,1,1,2,6,996,1,2,-1,3
2013961300844,3,9,0,4,0,8,0,0,0,0,2,1,1,2,6,1968,2,5,-1,3
2013961300845,1,1,0,18,0,6,5,0,0,0,1,1,6,1,3,-1,-1,-1,-1,2
2013961300845,2,9,0,18,0,1,0,0,0,0,4,1,6,2,7,1199,1,9,-1,1
2013961300846,1,19,0,5,8,0,0,0,0,0,3,1,1,1,7,1399,2,2,-1,1
2013961300846,2,9,0,18,0,0,1,0,0,0,4,1,6,1,6,-1,-1,-1,-1,-1
2013961300847,1,9,0,16,0,0,1,0,7,0,1,1,6,1,4,998,1,8,-1,1
2013961300847,2,9,0,17,0,0,0,0,0,0,4,1,6,2,6,1600,2,4,-1,1
2013961300853,1,9,0,18,0,0,0,12,7,9,1,1,6,2,5,1598,1,7,-1,-1
2013961300854,1,90,0,18,0,0,0,0,0,0,1,1,6,1,11,2068,2,24,-1,1
2013961300854,2,9,3,4,0,0,0,0,0,0,2,1,6,1,7,3950,7,12,-1,3
2013961300857,1,9,0,7,0,8,0,0,0,0,3,1,6,2,5,1108,1,11,-1,-1
2013961300857,2,11,0,18,0,8,0,0,0,0,1,1,1,1,6,12778,2,2,-1,1
2013961300860,1,19,0,18,0,0,0,0,0,0,4,1,6,3,8,1995,2,3,-1,-1
2013961300860,2,9,0,2,0,0,0,0,0,0,0,1,6,2,6,1399,2,2,-1,1
2013961300862,1,9,0,5,0,0,0,0,0,0,1,1,6,2,6,2198,2,6,-1,1
2013961300864,1,9,0,16,0,0,1,0,0,0,1,1,2,1,4,2495,2,24,-1,3
2013961300864,2,9,0,17,0,0,0,0,0,0,1,1,6,2,8,1796,1,6,-1,-1
2013961300871,1,9,0,1,0,1,0,0,0,0,2,1,4,1,4,1598,2,2,-1,1
2013961300881,1,9,0,9,0,8,0,0,0,0,4,1,6,1,9,2967,2,1,-1,1
2013961300881,2,5,0,18,0,1,5,0,0,0,1,1,6,1,7,690,1,1,-1,3
2013961300881,3,90,0,18,0,8,0,0,0,0,1,1,6,1,9,2999,2,3,-1,-1
2013961300883,1,9,0,18,0,1,0,0,0,0,1,1,6,3,6,-1,-1,-1,-1,-1
2013961300883,2,19,0,4,0,1,0,0,0,0,2,1,1,1,6,1461,2,9,-1,1
2013961300883,3,9,0,4,0,1,0,0,0,0,2,1,6,3,6,-1,-1,-1,-1,-1
2013961300885,1,9,0,7,0,8,0,0,0,0,1,1,6,2,9,-1,-1,-1,-1,-1
2013961300885,2,1,0,18,0,8,0,0,1,0,1,1,6,2,7,-1,-1,-1,-1,1
2013961300887,1,11,0,4,0,2,0,0,0,0,0,1,1,1,7,-1,2,14,-1,1
2013961300898,1,9,0,18,0,0,0,0,0,0,1,1,2,1,7,-1,-1,-1,-1,2
2013961300898,2,9,0,18,0,0,0,0,0,0,2,1,2,1,9,1598,1,4,-1,2
2013961300916,1,5,0,18,0,0,0,0,0,0,4,1,6,1,6,899,1,12,-1,3
2013961300920,1,9,0,18,0,0,0,0,0,0,3,1,6,1,4,1198,1,10,-1,3
2013961300920,2,9,0,18,0,0,0,0,0,0,3,1,6,1,10,1198,1,9,-1,2
2013961300931,1,9,0,7,0,2,0,0,0,0,3,1,6,1,4,1461,2,9,-1,1
2013961300931,2,9,0,18,0,2,0,10,1,0,4,1,6,1,11,1364,2,-1,-1,1
2013961300939,1,9,0,18,0,0,0,0,0,0,1,1,6,2,6,1328,1,4,-1,1
2013961300939,2,9,0,4,0,0,0,0,0,0,2,1,3,2,7,1242,1,1,-1,3
2013961300945,1,9,0,9,0,8,0,0,0,0,1,1,6,1,11,1242,1,7,-1,1
2013961300945,2,5,0,18,0,8,0,0,0,0,3,1,6,1,9,1237,1,2,-1,3
2013961300949,1,9,0,16,0,5,1,10,7,7,1,1,6,1,7,1968,2,9,-1,-1
2013961300952,1,5,0,13,0,0,0,0,0,0,1,1,6,1,7,800,1,-1,-1,-1
2013961300952,2,9,0,16,0,0,0,0,0,0,1,1,6,1,10,1598,1,2,9,2
2013961300954,1,5,0,18,0,0,0,0,0,0,1,1,6,1,8,781,1,13,-1,-1
2013961300954,2,9,4,18,0,0,0,0,0,0,3,1,1,1,6,-1,-1,-1,-1,3
2013961300959,1,9,0,5,0,8,0,0,0,0,1,1,6,2,7,-1,-1,-1,-1,1
2013961300959,2,9,0,9,0,8,0,0,0,0,4,1,1,1,9,-1,-1,-1,-1,1
2013961300960,1,2,0,18,0,0,5,0,7,11,1,1,6,1,7,124,1,7,-1,1
2013961300962,1,9,0,9,0,8,0,0,0,0,1,1,6,2,6,1998,2,8,-1,1
2013961300962,2,9,0,18,0,8,0,0,0,0,3,1,6,2,9,1240,1,8,-1,1
2013961300964,1,9,0,18,0,0,0,0,7,11,1,1,6,1,8,1995,2,11,-1,3
2013961300972,1,9,0,18,0,1,0,0,0,0,1,1,6,3,8,-1,-1,-1,-1,-1
2013961300972,2,1,0,4,0,1,0,0,0,0,2,1,6,1,7,-1,-1,-1,-1,1
2013961300981,1,9,0,18,0,1,0,0,0,0,4,2,2,1,4,1994,1,8,-1,2
2013961300982,1,9,0,9,0,8,0,0,0,0,4,1,6,1,4,1968,2,3,-1,3
2013961300982,2,9,0,18,0,1,0,0,0,0,1,1,6,2,7,1995,2,2,-1,1
2013961300986,1,9,0,16,0,0,0,0,0,0,1,1,6,2,6,1461,2,11,1,1
2013961300986,2,21,1,16,0,0,0,0,0,0,2,1,1,1,8,-1,-1,-1,-1,2
2013961300987,1,9,0,9,0,8,0,0,0,0,1,1,6,2,4,1242,1,12,-1,-1
2013961300987,2,9,0,18,0,8,1,10,1,11,3,1,1,1,6,1560,2,3,-1,1
2013961300992,1,9,0,18,0,8,0,0,0,0,1,1,1,1,4,-1,-1,-1,-1,3
2013961300992,2,9,0,10,0,1,0,0,0,0,2,1,6,2,5,1598,2,1,-1,1
2013961300993,1,9,0,18,0,1,0,0,0,0,1,1,6,1,8,1796,1,5,-1,1
2013961300993,2,9,0,3,0,1,0,0,0,0,2,1,6,2,6,1086,1,10,-1,1
2013961300994,1,9,0,1,0,0,0,0,0,0,2,1,6,2,8,1360,1,8,-1,1
2013961300994,2,1,0,18,9,0,0,0,0,0,4,1,2,1,8,-1,-1,-1,-1,3
2013961300995,1,9,0,18,0,0,0,10,7,2,3,1,3,2,6,1497,1,11,-1,1
2013961301003,1,9,0,18,0,1,0,0,0,0,1,1,2,2,7,1242,1,4,-1,3
2013961301007,1,5,0,17,0,0,0,0,0,0,1,1,6,1,8,-1,-1,-1,-1,-1
2013961301007,2,9,0,16,0,0,0,0,0,0,1,1,6,2,10,1240,1,3,-1,3
2013961301009,1,9,0,17,0,0,5,10,1,0,1,1,6,1,4,1229,1,3,-1,1
2013961301018,1,19,0,18,0,1,0,0,0,0,1,1,1,1,10,1560,2,3,-1,1
2013961301018,2,9,0,3,0,1,0,0,0,0,2,1,6,2,7,1242,1,-1,-1,1
2013961301022,1,11,0,5,0,0,0,0,0,0,3,1,1,1,7,11000,2,15,-1,3
2013961301023,1,5,0,13,0,0,0,0,0,0,1,1,6,1,9,-1,-1,-1,-1,-1
2013961301023,2,5,0,18,0,0,0,0,1,0,1,1,6,1,9,1043,1,1,-1,1
2013961301025,1,19,0,1,0,1,0,0,0,0,2,1,2,1,8,1598,2,5,-1,3
2013961301029,1,5,0,18,0,0,1,0,0,0,1,1,6,1,9,748,1,11,-1,2
2013961301029,2,9,0,18,0,0,0,0,0,0,2,1,6,2,8,1499,2,-1,-1,1
2013961301033,1,9,0,9,0,8,0,0,0,0,3,2,6,1,7,-1,-1,-1,-1,-1
2013961301033,2,5,0,18,0,1,2,10,7,0,1,1,6,1,8,849,1,5,-1,1
2013961301043,1,20,1,17,0,0,5,10,1,3,4,1,1,1,4,-1,-1,-1,-1,2
2013961301045,1,9,0,18,0,0,2,10,5,6,1,1,6,1,6,1199,1,11,-1,1
2013961301050,1,9,0,18,0,0,0,0,0,0,1,1,6,3,7,-1,-1,-1,-1,-1
2013961301051,1,9,0,7,0,8,0,0,0,0,1,1,6,2,8,1597,1,5,-1,1
2013961301051,2,19,0,18,0,8,0,10,7,0,4,1,6,1,9,-1,-1,-1,-1,-1
2013961301052,1,9,0,18,0,1,0,0,0,0,2,1,6,1,4,1242,1,12,-1,1
2013961301052,2,9,0,3,0,1,0,0,0,0,2,1,2,1,6,1796,1,11,-1,1
2013961301053,1,9,0,7,0,8,0,0,1,0,3,1,6,2,11,1390,1,7,-1,3
2013961301053,2,21,0,18,0,8,0,0,0,0,1,1,6,1,7,8970,2,5,-1,1
2013961301053,3,9,0,2,9,1,0,0,0,0,1,1,6,1,10,1560,2,4,-1,1
2013961301057,1,9,0,14,0,0,0,0,0,0,4,1,3,2,6,1794,1,8,-1,1
2013961301057,2,11,0,2,0,0,0,0,0,0,0,1,1,3,8,-1,-1,-1,-1,-1
2013961301060,1,9,0,18,0,0,0,0,0,0,1,1,1,2,7,995,1,4,-1,1
2013961301063,1,9,0,2,0,0,0,0,0,0,3,1,6,2,8,1364,1,7,-1,3
2013961301070,1,9,0,18,0,0,1,0,4,6,1,1,6,1,10,4999,1,11,7,3
2013961301077,1,9,0,9,0,8,0,0,0,0,4,1,6,1,11,1198,1,3,-1,3
2013961301077,2,9,0,18,0,8,0,0,0,0,1,1,6,1,8,1397,1,11,-1,-1
2013961301079,1,9,0,18,0,0,0,0,8,11,3,1,2,1,9,1995,2,4,-1,1
2013961301079,2,9,0,2,0,0,0,0,0,0,3,1,6,2,6,1598,1,6,-1,1
2013961301080,1,9,0,16,0,0,0,10,8,0,1,1,2,1,7,998,1,12,-1,1
2013961301080,2,9,0,17,0,0,0,0,0,0,0,1,6,3,8,-1,-1,-1,-1,-1
2013961301087,1,9,0,16,0,0,1,0,1,0,1,1,6,1,4,1390,1,6,-1,3
2013961301087,2,9,0,17,0,0,0,0,1,0,1,1,6,1,9,1781,1,13,-1,-1
2013961301090,1,5,0,18,0,0,0,0,0,0,1,1,2,1,6,998,1,2,-1,1
2013961301090,2,19,0,18,0,0,0,0,0,0,2,1,6,3,5,-1,-1,-1,-1,-1
2013961301097,1,9,0,18,0,0,0,0,0,0,1,1,2,1,8,1798,1,9,-1,1
2013961301097,2,9,0,18,0,0,0,0,0,0,2,1,2,1,9,1596,1,2,-1,1
2013961301098,1,9,0,16,0,0,5,10,1,0,4,1,2,1,9,-1,-1,-1,-1,3
2013961301104,1,20,0,18,0,1,0,0,0,0,1,1,1,1,8,-1,-1,-1,-1,3
2013961301104,2,9,0,3,0,1,0,0,0,0,2,1,6,2,10,1339,1,1,-1,3
2013961301108,1,9,0,13,0,0,0,0,0,0,1,1,6,1,4,1296,1,6,-1,1
2013961301108,2,9,0,18,0,0,2,0,0,0,2,1,6,2,8,1242,1,11,-1,1
2013961301108,3,9,0,18,0,0,0,0,0,0,0,1,6,1,7,1783,1,13,-1,-1
2013961301109,1,9,0,5,0,2,0,0,0,0,2,1,6,2,6,999,1,2,-1,1
2013961301109,2,9,0,18,0,2,0,0,0,0,2,1,1,2,7,999,1,5,-1,1
2013961301110,1,1,0,18,0,1,0,0,0,0,4,1,6,1,4,-1,-1,-1,-1,-1
2013961301110,2,9,0,8,0,1,0,0,0,0,1,1,2,2,6,1396,1,12,-1,-1
2013961301111,1,9,0,18,0,1,0,0,0,0,1,1,2,1,4,1149,1,1,-1,1
2013961301111,2,9,0,3,0,1,0,0,0,0,2,1,6,2,9,1598,1,-1,-1,1
2013961301112,1,1,0,18,0,8,2,0,0,0,4,1,6,2,4,-1,-1,-1,-1,1
2013961301112,2,9,0,7,0,8,0,0,0,0,1,1,2,2,6,1598,1,10,-1,1
2013961301114,1,9,0,18,0,0,0,0,0,0,4,1,6,2,6,1600,2,3,-1,3
2013961301116,1,5,0,18,0,1,1,0,0,0,1,1,6,1,6,647,1,13,-1,1
2013961301116,2,9,0,3,0,1,0,0,0,0,2,1,3,2,7,1998,2,8,-1,1
2013961301122,1,9,0,1,9,6,0,0,0,0,2,1,6,1,8,2204,2,8,-1,1
2013961301127,1,3,0,4,0,4,2,10,1,2,4,1,6,2,7,125,1,1,-1,1
2013961301130,1,3,0,18,0,8,1,0,0,0,4,1,2,1,6,124,1,4,-1,1
2013961301130,2,9,0,9,0,8,0,0,0,0,3,1,6,1,5,1242,1,10,-1,1
2013961301132,1,5,0,13,0,1,0,0,1,0,4,1,6,1,6,-1,-1,-1,-1,-1
2013961301132,2,17,0,9,0,8,0,0,0,0,3,1,1,1,4,1000,2,17,-1,3
2013961301134,1,9,0,5,9,6,0,0,1,2,1,1,6,1,11,1108,1,12,-1,1
2013961301140,1,9,0,17,0,0,5,10,1,1,1,1,6,2,5,1086,1,7,-1,1
2013961301141,1,9,0,16,0,0,0,10,7,0,0,1,6,1,6,1391,1,13,-1,3
2013961301146,1,4,0,18,0,8,0,0,0,0,3,1,6,2,8,125,1,2,-1,1
2013961301147,1,9,0,18,0,1,0,0,0,0,1,1,6,2,6,1596,1,12,-1,1
2013961301147,2,9,0,3,0,1,0,0,0,0,2,1,1,1,7,1362,1,1,-1,1
2013961301147,3,9,0,10,0,1,0,0,0,0,2,1,6,1,7,2993,2,4,-1,1
2013961301150,1,1,0,18,0,0,0,0,0,0,1,1,6,1,2,-1,-1,-1,-1,1
2013961301150,2,9,0,18,0,0,0,0,0,0,4,1,1,1,5,998,1,4,-1,1
2013961301153,1,9,0,18,0,1,0,0,0,0,1,1,1,2,5,1598,1,6,-1,2
2013961301153,2,9,0,3,0,1,0,0,0,0,2,1,1,1,9,1997,2,8,-1,3
2013961301153,3,19,0,10,0,8,0,0,0,0,2,1,1,1,7,1399,2,3,-1,1
2013961301156,1,1,0,18,0,0,0,0,0,0,1,1,6,1,2,-1,-1,-1,-1,3
2013961301156,2,9,0,18,0,0,0,0,0,0,4,2,6,2,6,1598,1,11,-1,3
2013961301166,1,9,0,18,0,0,0,0,0,0,1,1,6,1,5,1596,1,3,-1,1
2013961301166,2,9,0,3,0,0,0,0,0,0,2,1,6,1,10,1997,1,20,-1,1
2013961301167,1,9,0,4,0,2,0,0,0,0,4,1,2,2,6,1396,1,9,-1,1
2013961301169,1,9,0,9,0,8,0,0,0,0,3,1,6,1,8,1598,1,1,-1,1
2013961301169,2,4,0,18,0,8,1,0,0,0,1,1,6,1,9,123,1,47,-1,-1
2013961301170,1,2,0,18,0,0,0,10,1,0,4,1,6,1,5,49,1,12,-1,1
2013961301172,1,9,0,18,0,1,0,0,0,0,2,1,2,2,5,1229,1,6,-1,1
2013961301172,2,9,0,3,0,1,0,0,0,0,0,1,2,2,6,1499,2,-1,-1,1
2013961301173,1,9,0,18,0,0,0,0,0,0,1,1,6,2,11,1229,1,6,-1,1
2013961301173,2,9,0,18,0,0,0,0,0,0,1,1,6,1,4,1229,1,7,-1,3
2013961301182,1,9,0,18,0,0,0,0,0,0,1,1,1,1,8,1560,2,1,-1,3
2013961301182,2,9,0,18,0,0,0,0,0,0,2,1,2,1,9,1968,2,5,-1,1
2013961301183,1,9,0,16,0,0,2,10,7,10,1,1,6,1,4,1388,1,5,-1,1
2013961301189,1,9,0,1,0,0,0,0,0,0,2,1,6,2,10,-1,-1,-1,-1,1
2013961301189,2,9,0,18,0,0,0,0,0,0,4,1,6,2,9,999,1,10,-1,1
2013961301198,1,21,1,18,0,0,0,0,0,0,1,1,1,1,7,11967,2,2,-1,-1
2013961301198,2,9,0,4,0,0,0,0,0,0,2,1,6,2,8,998,1,8,-1,1
2013961301204,1,1,0,16,0,0,1,0,0,0,0,1,6,2,6,-1,-1,-1,8,1
2013961301209,1,5,0,17,0,0,0,0,1,0,1,1,6,1,6,749,1,3,-1,1
2013961301217,1,9,3,13,0,0,0,0,0,0,0,1,6,1,10,2199,2,1,-1,1
2013961301217,2,1,0,18,0,0,0,0,0,0,3,1,2,1,8,-1,-1,-1,-1,-1
2013961301218,1,1,0,7,0,8,0,0,0,0,1,1,6,1,3,-1,-1,-1,-1,1
2013961301218,2,19,0,18,0,8,0,0,0,0,1,1,1,1,8,2148,2,8,-1,-1
2013961301227,1,9,0,18,0,0,0,0,1,0,1,1,6,2,8,1329,1,1,-1,1
2013961301227,2,9,0,18,0,0,0,0,0,0,1,1,6,1,9,3246,1,11,-1,3
2013961301227,3,9,0,3,0,0,0,0,0,0,2,1,6,2,7,1396,1,2,-1,1
2013961301232,1,1,0,18,0,0,0,0,0,0,1,1,6,1,2,-1,-1,-1,-1,-1
2013961301232,2,9,0,18,0,0,0,0,0,0,1,1,1,1,7,1796,1,1,-1,-1
2013961301234,1,9,0,18,0,0,0,0,0,0,4,1,6,2,4,1560,2,2,-1,3
2013961301237,1,9,0,18,0,8,0,0,0,0,4,1,6,3,8,-1,-1,-1,-1,-1
2013961301237,2,1,0,18,0,8,5,0,0,0,3,1,6,1,8,-1,-1,-1,-1,-1
2013961301239,1,9,0,9,0,8,0,0,0,0,1,1,6,1,9,1399,2,3,-1,1
2013961301239,2,9,0,9,0,8,0,0,0,0,4,1,6,2,7,1968,2,-1,-1,1
2013961301240,1,9,0,16,0,0,0,0,0,0,3,1,6,2,5,1242,1,9,-1,1
2013961301240,2,9,0,17,0,0,0,0,0,0,3,1,6,1,8,1390,1,14,-1,1
2013961301243,1,4,0,17,0,0,2,0,1,3,1,1,6,2,5,400,1,24,-1,1
2013961301246,1,9,0,9,0,8,0,10,1,7,4,1,6,1,4,1390,1,9,-1,3
2013961301246,2,9,0,18,0,8,1,0,0,0,1,1,6,1,5,1597,1,23,-1,1
2013961301247,1,5,0,16,0,0,2,0,7,11,1,1,6,1,6,599,1,8,-1,1
2013961301251,1,9,0,18,0,0,0,0,0,0,1,1,1,2,9,1242,1,1,-1,1
2013961301251,2,1,0,5,0,0,0,0,0,0,2,1,6,1,4,-1,-1,-1,-1,1
2013961301253,1,9,0,5,0,0,0,0,0,0,1,1,6,1,8,1149,1,6,-1,1
2013961301253,2,9,0,2,0,0,0,0,0,0,0,1,6,3,8,-1,-1,-1,-1,-1
2013961301255,1,9,0,9,0,8,0,0,0,0,4,1,6,1,4,1590,1,8,-1,2
2013961301255,2,8,0,18,0,8,0,0,0,0,1,1,6,1,7,1896,2,6,-1,1
2013961301257,1,19,0,18,0,0,0,0,0,0,1,1,1,1,4,2198,2,1,-1,-1
2013961301257,2,9,0,3,0,0,0,0,0,0,2,1,6,1,10,1796,1,6,-1,3
2013961301258,1,9,0,18,0,0,0,0,0,0,1,1,6,1,4,1242,1,7,-1,2
2013961301258,2,9,0,4,0,0,0,0,0,0,2,1,6,1,10,1198,1,1,-1,1
2013961301260,1,5,0,16,0,0,5,0,0,0,1,1,6,1,7,999,1,6,-1,-1
2013961301260,2,9,0,17,0,0,0,0,0,0,1,1,6,2,9,-1,-1,-1,-1,-1
2013961301263,1,1,0,9,0,8,0,0,0,0,1,1,6,1,6,-1,-1,-1,-1,1
2013961301263,2,9,0,9,0,8,0,0,0,0,3,1,1,1,6,1560,2,1,-1,1
2013961301265,1,9,0,14,0,1,0,0,0,0,3,1,6,2,11,1299,1,5,-1,-1
2013961301266,1,9,0,18,0,0,0,10,0,0,1,1,6,2,4,1242,1,11,-1,3
2013961301268,1,3,0,17,0,0,1,0,1,1,1,1,6,1,9,125,1,1,-1,-1
2013961301276,1,9,0,9,0,8,0,0,0,0,1,1,1,2,4,998,1,6,-1,1
2013961301276,2,1,0,4,0,1,0,0,0,0,1,1,2,2,5,-1,-1,-1,-1,1
2013961301277,1,9,0,18,0,0,2,0,8,1,1,1,6,1,5,1332,1,15,-1,1
2013961301288,1,9,0,14,0,1,0,0,0,0,1,1,6,1,10,1995,2,1,-1,1
2013961301288,2,9,0,10,0,8,0,0,0,0,2,1,2,2,8,1242,1,9,-1,1
2013961301288,3,9,0,2,0,1,0,0,0,0,0,1,6,3,8,-1,-1,-1,-1,-1
2013961301291,1,9,0,18,0,8,0,0,0,0,1,1,6,1,8,1796,1,9,-1,1
2013961301291,2,9,0,10,0,1,0,0,0,0,2,1,6,2,6,1599,1,8,-1,1
2013961301293,1,9,0,18,0,0,1,0,0,0,1,1,6,1,5,1364,1,6,-1,1
2013961301293,2,19,0,18,0,0,0,0,0,0,2,1,2,1,5,2461,2,7,-1,1
2013961301293,3,9,0,4,0,0,0,0,0,0,0,1,6,1,7,1396,2,-1,-1,-1
2013961301300,1,9,0,9,0,8,0,10,7,0,1,1,2,1,6,2261,1,7,-1,1
2013961301300,2,9,0,18,0,8,0,0,0,0,4,1,2,2,9,1997,2,3,-1,1
2013961301302,1,9,0,9,0,8,0,0,0,0,1,1,6,2,7,1388,1,10,-1,1
2013961301302,2,1,0,18,0,8,5,10,1,0,3,1,6,2,6,-1,-1,-1,-1,1
2013961301308,1,19,0,1,0,0,0,0,0,0,2,1,2,1,6,2198,2,3,-1,1
2013961301308,2,1,0,4,0,0,0,0,0,0,4,1,6,2,1,-1,-1,-1,-1,1
2013961301309,1,21,0,16,0,0,0,0,0,0,0,1,6,3,7,-1,-1,-1,-1,-1
2013961301309,2,1,0,17,0,0,2,0,0,0,0,1,6,1,4,-1,-1,-1,-1,1
2013961301310,1,5,0,16,0,0,0,0,7,1,1,1,6,1,7,599,1,5,-1,1
2013961301319,1,9,0,18,0,0,0,0,0,0,1,1,6,1,11,1994,2,9,-1,-1
2013961301319,2,21,0,18,0,0,0,0,0,0,1,1,1,1,8,9290,2,2,-1,1
2013961301325,1,9,0,18,0,0,1,0,0,0,1,1,6,2,6,1896,2,11,-1,2
2013961301325,2,21,1,5,0,0,0,0,0,0,2,1,1,1,8,-1,-1,-1,-1,1
2013961301326,1,19,0,18,0,0,0,10,7,11,1,1,2,1,6,1399,2,3,-1,1
2013961301331,1,4,0,18,0,0,1,0,0,0,3,1,6,1,6,398,1,5,-1,2