Accident_Index,Vehicle_Reference,Vehicle_Type,Towing_and_Articulation,Vehicle_Manoeuvre,Vehicle_Location-Restricted_Lane,Junction_Location,Skidding_and_Overturning,Hit_Object_in_Carriageway,Vehicle_Leaving_Carriageway,Hit_Object_off_Carriageway,1st_Point_of_Impact,Was_Vehicle_Left_Hand_Drive?,Journey_Purpose_of_Driver,Sex_of_Driver,Age_Band_of_Driver,Engine_Capacity_(CC),Propulsion_Code,Age_of_Vehicle,Driver_IMD_Decile,Driver_Home_Area_Type
2013961301334,1,9,0,5,0,8,0,0,0,0,3,1,1,1,6,1560,2,-1,-1,3
2013961301336,1,9,0,1,0,0,0,0,0,0,2,1,6,2,7,1349,1,2,-1,2
2013961301336,2,9,0,1,0,0,0,0,0,0,2,1,6,1,6,1796,1,5,-1,2
2013961301340,1,9,0,16,0,0,1,0,0,0,1,1,6,2,6,1149,1,9,-1,1
2013961301340,2,9,0,17,0,0,0,10,1,11,1,1,6,2,4,1598,1,1,-1,1
2013961301341,1,9,0,18,0,3,1,10,1,2,4,1,6,2,4,1598,1,6,-1,-1
2013961301345,1,9,0,18,0,0,0,0,0,0,2,1,6,1,6,1124,1,12,-1,3
2013961301345,2,9,0,4,0,0,0,0,0,0,2,1,6,1,7,1997,2,12,-1,3
2013961301352,1,9,0,17,0,0,1,10,1,11,2,1,2,1,4,1598,1,10,-1,3
2013961301354,1,9,0,18,0,0,0,0,0,0,3,1,6,2,7,1998,2,7,-1,1
2013961301360,1,9,0,18,0,1,0,0,0,0,1,1,6,1,11,1598,1,3,-1,1
2013961301360,2,9,0,3,0,1,0,0,0,0,2,1,2,2,7,-1,-1,-1,-1,1
2013961301376,1,9,0,9,0,8,0,0,0,0,1,1,6,2,6,1396,1,3,-1,1
2013961301376,2,3,0,18,0,8,0,0,0,0,1,1,6,1,4,125,1,1,-1,2
2013961301379,1,9,0,4,0,0,0,0,0,0,1,1,6,2,9,3189,1,8,-1,1
2013961301380,1,9,0,18,0,0,2,0,1,11,1,1,6,2,7,1422,1,7,-1,1
2013961301387,1,5,0,13,0,1,5,0,0,0,0,1,6,1,7,1170,1,2,-1,1
2013961301387,2,11,0,18,0,1,0,0,0,0,1,1,1,1,9,9000,2,9,-1,1
2013961301391,1,9,0,14,0,8,0,0,0,0,1,1,6,1,4,1242,1,6,-1,3
2013961301391,2,1,0,18,0,8,0,0,0,0,1,1,6,1,4,-1,-1,-1,-1,3
2013961301399,1,9,0,9,0,0,0,0,7,11,1,1,6,1,9,1796,1,14,-1,1
2013961301399,2,9,0,13,0,0,0,0,7,11,4,1,6,1,6,1998,1,11,-1,-1
2013961301401,1,9,0,7,0,8,0,0,0,0,3,1,6,1,7,1328,1,7,-1,1
2013961301401,2,9,0,18,0,8,0,0,0,0,1,1,6,2,6,-1,-1,-1,-1,2
2013961301406,1,9,0,9,0,8,0,0,0,0,1,1,6,1,8,1397,1,1,-1,1
2013961301406,2,5,0,10,0,8,0,0,0,0,4,1,6,1,8,660,1,6,-1,-1
2013961301407,1,1,0,17,0,0,1,0,0,0,1,1,6,1,3,-1,-1,-1,-1,-1
2013961301407,2,9,0,16,0,0,0,0,0,0,1,1,6,2,9,-1,-1,-1,-1,3
2013961301409,1,9,0,18,0,1,0,0,0,0,1,1,6,1,8,2204,2,6,-1,3
2013961301409,2,9,0,18,0,1,0,0,0,0,1,1,6,2,6,1368,1,-1,-1,1
2013961301409,3,9,0,9,0,8,0,0,0,0,2,1,6,2,5,1388,1,10,-1,3
2013961301410,1,9,0,5,0,8,0,0,0,0,3,1,6,2,8,1299,1,10,-1,1
2013961301410,2,3,0,18,0,8,1,0,0,0,1,1,6,1,5,124,1,5,-1,-1
2013961301414,1,9,0,4,0,0,0,0,0,0,1,1,6,2,8,1560,2,7,-1,1
2013961301414,2,9,0,3,0,0,0,0,0,0,2,1,6,2,7,2967,2,4,-1,3
2013961301419,1,9,0,1,0,0,0,0,0,0,2,1,6,1,10,-1,-1,-1,-1,1
2013961301420,1,5,0,18,0,0,1,0,0,0,3,1,6,1,8,1552,1,6,-1,1
2013961301420,2,9,0,4,0,0,0,0,0,0,3,1,6,2,5,-1,-1,-1,-1,1
2013961301431,1,9,0,9,0,8,0,0,0,0,4,1,6,2,10,1794,1,7,-1,3
2013961301431,2,9,4,18,0,8,3,0,0,0,1,1,6,1,7,2495,2,11,-1,3
2013961301431,3,9,0,10,0,1,0,0,0,0,1,1,6,2,8,1242,1,4,-1,1
2013961301431,4,9,0,8,0,1,0,0,0,0,3,1,1,1,8,-1,-1,-1,-1,1
2013961301436,1,1,0,4,0,0,0,0,0,0,1,1,6,1,2,-1,-1,-1,-1,2
2013961301436,2,9,0,18,0,0,0,0,0,0,3,1,6,2,5,1900,2,13,-1,2
2013961301438,1,17,4,9,0,8,0,0,0,0,0,1,1,1,7,4485,2,2,-1,1
2013961301438,2,9,0,3,0,1,0,0,0,0,1,1,1,2,8,1596,1,10,-1,-1
2013961301442,1,5,0,16,0,0,1,1,1,0,3,1,6,1,8,944,1,16,-1,3
2013961301442,2,9,0,17,0,0,0,1,0,0,3,1,6,1,8,1997,2,-1,-1,-1
2013961301442,3,9,0,17,0,0,0,1,0,0,3,1,6,2,7,-1,-1,-1,-1,1
2013961301442,4,9,0,17,0,0,0,1,0,0,3,1,6,1,8,1994,2,4,-1,1
2013961301445,1,5,0,18,0,1,1,0,0,0,1,1,6,1,6,1198,1,1,-1,1
2013961301445,2,9,0,7,0,1,0,0,0,0,2,1,1,2,7,998,1,1,-1,1
2013961301446,1,5,0,18,0,0,2,0,2,0,3,1,6,1,9,849,1,16,-1,2
2013961301446,2,5,0,18,0,0,0,0,0,0,4,1,6,1,8,998,1,9,-1,3
2013961301448,1,9,0,9,0,0,0,0,0,0,1,1,6,2,11,995,1,1,-1,2
2013961301448,2,9,0,18,0,0,0,0,0,0,4,1,6,2,8,1364,1,8,-1,3
2013961301449,1,9,0,16,0,0,0,0,0,0,1,1,6,1,5,1587,1,13,-1,3
2013961301449,2,9,0,17,0,0,0,0,0,0,1,1,6,1,8,1896,2,10,-1,-1
2013961301451,1,9,0,18,0,0,0,0,0,0,1,1,6,1,5,1590,1,8,-1,2
2013961301455,1,9,0,18,0,0,1,0,0,0,1,1,2,1,4,1124,1,11,-1,3
2013961301456,1,9,0,9,0,8,0,0,0,0,3,1,6,2,6,1242,1,2,-1,1
2013961301456,2,9,0,18,0,1,0,0,0,0,1,1,6,2,6,1968,2,2,-1,1
2013961301461,1,17,0,4,0,0,0,0,0,0,1,1,1,1,8,-1,-1,-1,-1,2
2013961301461,2,9,0,4,0,0,0,0,0,0,2,1,6,1,8,1197,1,-1,-1,-1
2013961301464,1,9,0,18,0,0,0,0,0,0,3,1,6,1,7,1984,1,8,-1,1
2013961301466,1,17,0,13,0,0,0,0,0,0,2,1,1,1,7,-1,-1,-1,-1,-1
2013961301466,2,1,0,18,0,0,2,10,1,0,3,1,6,2,6,-1,-1,-1,-1,1
2013961301469,1,9,0,18,0,1,0,0,0,0,1,1,6,2,7,1668,1,11,-1,1
2013961301469,2,9,0,10,0,8,0,0,0,0,2,1,6,1,6,1397,1,4,-1,1
2013961301472,1,19,0,16,0,0,5,10,7,11,1,1,2,1,5,2198,2,2,-1,3
2013961301473,1,9,0,16,0,0,0,10,1,0,1,1,6,2,4,1149,1,13,-1,1
2013961301473,2,9,0,17,0,0,0,0,1,0,1,1,6,1,8,1968,2,-1,-1,1
2013961301476,1,9,0,18,0,0,0,0,0,0,4,1,6,2,9,1398,2,1,-1,2
2013961301480,1,9,0,18,0,3,1,10,2,1,1,1,2,1,5,1198,1,3,-1,1
2013961301480,2,9,0,4,0,1,0,0,0,0,1,1,6,2,8,1596,1,7,-1,1
2013961301481,1,9,0,18,0,0,0,0,0,0,1,1,2,1,6,1598,2,3,-1,1
2013961301481,2,9,0,4,0,0,0,0,0,0,2,1,2,2,7,1360,1,5,-1,-1
2013961301484,1,9,0,13,0,0,2,0,7,0,3,1,6,2,7,1598,2,-1,7,1
2013961301484,2,9,0,18,0,0,0,0,0,0,0,1,6,2,5,1242,1,12,-1,1
2013961301484,3,9,0,18,0,0,0,0,0,0,0,1,6,3,8,-1,-1,-1,-1,-1
2013961301485,1,9,0,13,0,0,0,0,0,0,2,1,6,3,8,-1,-1,-1,-1,-1
2013961301485,2,1,0,18,0,0,5,0,0,0,2,1,2,2,4,-1,-1,-1,-1,2
2013961301492,1,2,0,4,0,8,1,0,0,0,3,1,1,1,4,125,1,3,-1,1
2013961301493,1,9,0,16,0,0,0,0,7,9,1,1,1,2,4,1199,1,11,-1,3
2013961301503,1,9,0,17,0,0,1,10,1,0,4,1,6,1,5,1229,1,2,-1,-1
2013961301504,1,4,0,18,0,0,2,0,1,10,1,1,6,1,8,500,1,8,-1,2
2013961301507,1,9,0,9,0,8,0,0,0,0,1,1,6,2,8,2231,2,2,-1,3
2013961301507,2,3,0,15,0,8,0,0,0,0,1,1,6,1,8,748,1,20,-1,1
2013961301508,1,19,0,18,0,1,0,0,0,0,1,1,1,1,6,1248,2,5,-1,-1
2013961301508,2,2,0,3,0,1,0,0,0,0,2,1,2,1,6,600,1,13,-1,-1
2013961301509,1,9,0,17,0,0,0,0,0,0,1,1,6,1,6,1398,1,-1,-1,-1
2013961301509,2,9,0,16,0,0,0,0,0,0,1,1,2,2,7,1229,1,1,-1,1
2013961301512,1,9,0,16,0,0,5,0,1,4,1,1,6,2,4,1360,1,7,-1,1
2013961301513,1,5,0,4,0,1,2,0,0,0,4,1,6,1,5,998,1,21,-1,1
2013961301520,1,9,0,7,0,8,0,0,0,0,3,1,2,1,4,1598,1,2,-1,1
2013961301520,2,9,0,18,0,8,0,0,0,0,4,1,6,2,8,1061,1,9,-1,1
2013961301526,1,8,0,9,0,8,0,0,0,0,1,1,6,1,9,1998,2,5,-1,1
2013961301526,2,1,0,17,0,1,1,0,0,0,2,1,6,1,6,-1,-1,-1,-1,1
2013961301529,1,5,0,18,0,1,2,0,7,0,4,1,6,1,7,748,1,7,-1,-1
2013961301529,2,5,0,18,0,1,2,0,0,0,2,1,6,1,7,749,1,12,-1,1
2013961301537,1,1,0,18,0,8,0,0,0,0,3,1,6,1,2,-1,-1,-1,-1,-1
2013961301537,2,9,0,17,0,8,0,0,0,0,1,1,1,2,5,1596,1,7,-1,1
2013961301539,1,9,0,13,0,0,2,0,1,11,1,1,2,1,6,1998,1,9,-1,1
2013961301550,1,9,0,13,0,1,0,0,0,0,3,1,2,1,5,1988,1,10,-1,1
2013961301550,2,5,0,13,0,8,0,0,0,0,4,1,2,1,9,1290,1,4,-1,3
2013961301551,1,9,0,18,0,0,1,0,0,0,2,1,6,1,6,1989,1,13,-1,2
2013961301551,2,9,0,3,0,0,0,0,0,0,2,1,6,1,4,1229,1,6,-1,3
2013961301552,1,11,0,13,0,0,0,0,0,0,1,1,1,1,9,-1,-1,-1,-1,1
2013961301552,2,22,0,5,0,0,0,0,0,0,1,1,6,1,11,-1,3,1,-1,1
2013961301554,1,9,0,18,0,0,0,0,0,0,1,1,6,1,8,1997,1,13,-1,1
2013961301556,1,1,0,18,0,0,0,0,0,0,3,1,6,1,2,-1,-1,-1,-1,2
2013961301556,2,9,0,18,0,0,0,0,0,0,4,1,6,1,9,1229,1,1,-1,2
2013961301560,1,9,0,18,0,2,0,0,0,0,3,1,6,1,10,1796,1,4,-1,1
2013961301561,1,9,0,18,0,3,1,10,7,2,1,1,6,1,4,1198,1,10,-1,1
2013961301565,1,9,0,18,0,0,5,0,0,0,1,1,6,1,7,1398,2,6,-1,-1
2013961301565,2,9,0,18,0,0,0,0,0,0,1,1,6,2,11,1598,1,10,-1,3
2013961301567,1,11,0,18,0,0,0,0,0,0,1,1,6,1,7,9000,2,14,-1,3
2013961301570,1,17,0,16,0,1,0,0,0,0,3,1,6,1,7,-1,-1,-1,-1,1
2013961301570,2,9,0,17,0,1,1,0,1,11,3,1,2,2,7,1360,1,9,-1,3
2013961301578,1,9,0,18,0,0,0,0,0,0,1,1,6,2,5,1900,2,7,-1,3
2013961301578,2,9,0,18,0,0,0,0,0,0,2,1,2,1,7,2902,2,11,-1,3
2013961301580,1,1,0,18,0,3,0,0,1,0,3,1,2,1,8,-1,-1,-1,-1,1
2013961301580,2,9,0,5,0,3,0,0,0,0,4,1,6,2,8,1598,2,-1,-1,2
2013961301583,1,9,0,16,0,0,1,0,8,11,1,1,2,2,4,1229,1,7,-1,3
2013961301587,1,9,0,16,0,0,0,0,0,0,1,1,1,1,9,2204,2,4,-1,3
2013961301587,2,9,0,17,0,0,0,0,0,0,1,1,6,1,9,2204,2,5,-1,1
2013961301588,1,9,0,16,0,0,5,10,2,0,1,1,6,2,4,1242,1,3,-1,3
2013961301600,1,9,0,7,0,1,0,0,0,0,4,1,6,1,4,1349,1,2,-1,1
2013961301601,1,9,0,18,0,0,0,0,0,0,0,1,6,2,6,1242,1,-1,-1,1
2013961301606,1,9,0,9,0,8,0,0,0,0,4,1,6,1,11,1332,1,16,-1,3
2013961301606,2,1,0,18,0,8,1,0,1,0,1,1,6,2,7,-1,-1,-1,-1,3
2013961301611,1,9,0,5,0,0,0,0,0,0,1,1,6,1,8,1560,2,-1,-1,1
2013961301614,1,1,0,18,0,0,0,0,0,0,1,1,6,1,2,-1,-1,-1,-1,1
2013961301614,2,9,0,18,0,0,0,0,0,0,4,1,6,1,8,1989,1,11,-1,1
2013961301618,1,9,0,18,0,2,0,4,0,0,1,1,6,1,11,998,1,9,-1,1
2013961301618,2,9,0,2,0,1,0,0,0,0,2,1,6,2,7,-1,-1,-1,-1,1
2013961301620,1,9,0,18,0,0,0,0,0,0,1,1,2,2,5,998,1,10,-1,1
2013961301624,1,1,0,18,0,8,0,0,0,0,1,1,6,1,7,-1,-1,-1,-1,1
2013961301624,2,1,0,18,0,8,0,0,0,0,2,1,6,1,10,-1,-1,-1,-1,1
2013961301626,1,9,0,1,0,0,0,0,0,0,2,1,6,1,7,1798,1,6,-1,1
2013961301627,1,9,0,1,0,0,0,0,0,0,2,1,6,1,9,1910,2,8,9,1
2013961301639,1,9,0,5,0,0,0,0,0,0,1,1,2,1,7,1229,1,3,-1,1
2013961301639,2,9,0,3,0,0,0,0,0,0,2,1,6,1,9,-1,-1,-1,-1,1
2013961301639,3,9,0,3,0,0,0,0,0,0,1,1,6,2,5,1242,1,9,-1,1
2013961301646,1,19,0,18,0,0,2,0,1,0,1,1,1,1,7,2151,2,9,-1,-1
2013961301647,1,1,0,18,0,0,0,0,0,0,1,1,6,1,2,-1,-1,-1,-1,1
2013961301647,2,9,0,18,0,0,0,0,0,0,1,1,2,2,8,1360,1,4,-1,2
2013961301650,1,9,0,17,0,0,2,0,4,0,1,1,2,2,6,1398,2,5,-1,1
2013961301651,1,-1,0,9,0,8,0,0,0,0,1,1,6,1,6,-1,-1,-1,-1,1
2013961301651,2,1,0,18,0,1,0,0,0,0,1,1,6,1,6,-1,-1,-1,-1,1
2013961301653,1,9,0,9,0,8,0,0,0,0,3,1,6,2,9,1598,2,2,-1,-1
2013961301653,2,9,0,18,0,1,1,0,0,0,1,1,6,2,6,1390,1,9,-1,1
2013961301659,1,9,0,18,0,1,0,0,0,0,1,1,6,1,4,2000,1,19,-1,1
2013961301659,2,9,0,4,0,1,0,0,0,0,2,1,6,2,7,1560,2,3,-1,1
2013961301660,1,9,0,18,0,0,0,0,0,0,4,1,1,2,6,1596,1,7,-1,1
2013961301661,1,9,0,9,0,8,0,0,0,0,1,1,2,1,6,1242,1,1,-1,-1
2013961301661,2,19,0,18,0,8,0,0,0,0,3,1,1,1,7,2461,2,3,-1,1
2013961301667,1,19,0,2,0,0,0,0,7,11,2,1,1,1,7,2402,2,5,-1,1
2013961301677,1,9,0,1,0,0,0,0,0,0,2,1,1,1,7,999,1,5,-1,3
2013961301679,1,9,0,18,0,1,0,0,0,0,1,1,6,1,8,1199,1,13,-1,1
2013961301679,2,9,0,4,0,1,0,0,0,0,2,1,6,1,5,1598,1,9,-1,1
2013961301683,1,19,0,5,0,0,0,0,0,0,2,1,1,1,8,2998,2,-1,-1,1
2013961301684,1,9,0,18,0,0,0,0,0,0,3,1,6,1,4,1396,1,9,-1,3
2013961301685,1,9,0,9,0,8,0,0,0,0,0,1,6,1,9,1999,1,12,4,1
2013961301685,2,9,0,18,0,8,2,0,1,0,0,1,2,1,6,-1,-1,-1,-1,1
2013961301689,1,9,0,18,0,8,0,0,0,0,4,1,6,1,5,1587,1,10,-1,1
2013961301689,2,9,0,18,0,8,0,0,0,0,1,1,6,1,8,1390,1,8,-1,1
2013961301690,1,9,0,17,0,1,2,0,3,4,1,1,6,1,5,1968,2,-1,-1,1
2013961301693,1,9,0,4,0,0,0,0,0,0,2,1,6,2,8,1242,1,11,-1,1
2013961301693,2,9,0,4,0,0,1,0,0,0,1,1,6,2,4,1386,1,5,-1,3
2013961301695,1,9,0,17,0,0,2,0,1,9,1,1,6,1,7,973,1,13,-1,3
2013961301704,1,20,0,1,0,0,0,0,0,0,2,1,1,1,5,4461,2,2,-1,1
2013961301704,2,9,0,3,0,0,0,0,0,0,1,1,6,2,4,1229,1,6,-1,2
2013961301706,1,5,0,18,0,1,1,0,0,0,1,1,6,1,6,798,1,1,-1,-1
2013961301706,2,19,0,4,0,1,0,0,0,0,2,1,1,1,7,2198,2,-1,-1,1
2013961301708,1,9,0,18,0,2,0,0,0,0,3,1,2,1,8,1598,1,7,-1,1
2013961301719,1,9,0,7,0,8,1,0,1,0,0,1,6,2,7,1149,1,10,-1,1
2013961301726,1,9,0,18,0,0,1,10,1,11,1,1,6,1,5,1998,1,17,-1,1
2013961301729,1,9,0,16,0,0,2,0,0,0,4,1,2,1,6,1598,1,12,-1,1
2013961301730,1,9,0,9,0,2,0,0,0,0,1,1,6,1,9,1999,1,3,-1,2
2013961301730,2,9,0,18,0,1,0,0,0,0,1,1,1,2,8,1598,2,2,-1,-1
2013961301734,1,9,0,18,0,0,1,7,1,2,1,1,6,1,5,1587,1,9,-1,1
2013961301747,1,11,0,4,2,0,0,0,0,0,0,1,1,1,7,11100,2,15,-1,1
2013961301748,1,90,5,18,0,0,0,0,0,0,1,1,6,1,6,-1,-1,-1,-1,-1
2013961301748,2,90,5,18,0,0,5,0,0,0,2,1,6,1,7,-1,-1,-1,-1,-1
2013961301749,1,9,0,7,0,0,0,0,0,0,1,1,6,1,9,1956,2,3,-1,2
2013961301749,2,1,0,15,0,0,0,0,1,0,1,1,6,1,8,-1,-1,-1,-1,1
2013961301756,1,9,0,9,0,2,0,0,0,0,0,1,6,2,5,1598,1,10,-1,1
2013961301756,2,9,0,17,0,1,0,0,0,0,1,1,6,2,4,1199,1,10,-1,1
2013961301756,3,9,0,10,0,1,0,0,0,0,1,1,2,2,9,1597,1,3,-1,3
2013961301757,1,5,0,18,0,0,0,4,1,10,1,1,6,1,6,-1,-1,-1,-1,3
2013961301757,2,9,0,2,0,0,0,0,0,0,2,1,6,3,7,1229,1,3,-1,-1
2013961301758,1,9,0,18,0,1,0,0,0,0,1,1,6,1,8,2970,1,17,-1,1
2013961301758,2,9,0,3,0,1,0,0,0,0,2,1,2,2,8,998,1,10,-1,3
2013961301775,1,1,0,18,0,6,0,0,0,0,3,1,6,1,8,-1,-1,-1,-1,1
2013961301775,2,9,0,18,0,1,0,0,0,0,1,1,6,1,5,1998,1,8,-1,1
2013961301777,1,9,0,9,0,8,0,10,1,1,4,1,6,1,4,1229,1,2,-1,-1
2013961301780,1,9,0,18,0,1,0,0,0,0,1,1,6,1,6,-1,-1,-1,-1,-1
2013961301780,2,9,0,3,0,1,0,0,0,0,2,1,6,2,6,1598,2,-1,-1,1
2013961301781,1,9,0,18,0,0,0,0,0,0,4,1,6,1,10,2400,2,-1,-1,-1
2013961301781,2,1,0,18,0,0,0,0,0,0,3,1,6,1,7,-1,-1,-1,-1,1
2013961301782,1,21,0,5,9,6,0,11,0,0,1,1,1,1,8,6370,2,1,-1,-1
2013961301789,1,9,0,18,0,0,2,0,7,11,1,1,6,2,4,1149,1,9,-1,1
2013961301791,1,8,0,18,0,8,0,0,0,0,3,1,1,1,9,1560,2,1,-1,-1
2013961301791,2,9,0,18,0,8,0,0,0,0,1,1,6,2,6,1398,1,-1,-1,1
2013961301806,1,9,0,18,0,0,0,0,0,0,1,1,1,1,6,1956,2,1,-1,-1
2013961301806,2,9,0,18,0,0,0,0,0,0,2,1,6,1,6,1329,1,-1,-1,1
2013961301808,1,9,0,18,0,1,0,0,0,0,4,1,6,2,10,1753,2,12,-1,-1
2013961301808,2,9,0,18,0,1,0,0,0,0,4,1,6,1,8,1998,1,8,-1,1
2013961301812,1,9,0,17,0,0,5,10,7,0,3,1,6,1,4,1124,1,11,-1,3
2013961301818,1,9,0,18,0,1,0,0,0,0,1,1,6,2,10,1997,2,9,-1,1
2013961301818,2,9,0,3,0,1,0,0,0,0,2,1,6,2,9,996,1,4,-1,1
2013961301819,1,9,0,4,0,1,0,0,0,0,2,1,6,1,5,1299,1,12,-1,1
2013961301819,2,9,0,3,0,1,0,0,0,0,2,1,2,2,7,998,1,6,-1,-1
2013961301822,1,9,0,18,0,1,0,0,0,0,2,1,6,2,7,1242,1,2,-1,1
2013961301822,2,9,0,4,0,1,0,0,0,0,0,1,1,2,8,1461,2,3,-1,3
2013961301823,1,19,0,17,0,0,2,0,8,0,1,1,1,1,7,2198,2,1,-1,1
2013961301827,1,9,0,16,0,0,2,0,1,11,3,1,2,2,7,1149,1,9,-1,1
2013961301833,1,20,0,18,0,1,0,0,7,0,4,1,6,2,6,-1,-1,-1,-1,2
2013961301833,2,9,0,9,0,8,0,0,0,0,3,1,6,2,10,1685,2,-1,-1,2
2013961301836,1,8,0,7,0,2,0,0,0,0,1,1,1,1,9,1896,2,4,-1,1
2013961301838,1,9,0,18,0,0,0,0,0,0,3,1,6,1,8,996,1,3,-1,1
2013961301840,1,19,0,5,0,4,0,0,0,0,3,1,1,1,5,2402,2,2,-1,1
2013961301840,2,3,0,18,0,8,0,0,0,0,1,1,1,2,4,124,1,14,-1,1
2013961301843,1,9,0,18,0,1,0,0,0,0,1,1,6,2,4,1360,1,7,-1,1
2013961301846,1,19,0,18,0,1,0,0,0,0,1,1,1,1,8,2800,2,11,-1,1
2013961301846,2,9,0,4,0,1,0,0,7,1,2,1,2,2,5,1598,1,8,-1,1
2013961301850,1,11,0,18,0,0,0,0,0,0,3,1,6,1,9,8650,2,12,-1,2
2013961301855,1,9,4,18,0,0,1,0,0,0,1,1,6,1,8,1968,2,6,-1,3
2013961301855,2,9,0,18,0,0,1,0,0,0,1,1,2,1,9,2993,2,-1,-1,2
2013961301855,3,9,0,18,0,0,0,0,0,0,2,1,2,2,6,1686,2,6,-1,2
2013961301855,4,9,0,4,0,0,0,0,0,0,2,1,2,2,5,1398,1,7,-1,3
2013961301855,5,9,0,4,0,0,0,0,0,0,2,1,2,1,6,1598,2,2,-1,1
2013961301857,1,9,0,18,0,0,1,0,1,11,1,1,2,1,6,1396,1,10,-1,1
2013961301857,2,9,0,18,0,0,1,0,1,11,2,1,1,1,9,1968,2,-1,-1,3
2013961301859,1,9,0,7,0,3,0,0,0,0,4,1,6,1,7,1339,1,7,-1,-1
2013961301859,2,1,0,18,0,8,0,0,1,0,1,1,2,1,6,-1,-1,-1,-1,1
2013961301863,1,19,0,9,0,8,0,0,0,0,1,1,6,1,11,-1,-1,-1,-1,1
2013961301863,2,5,0,9,0,8,5,0,0,0,1,1,2,1,7,125,1,2,-1,3
2013961301864,1,5,0,18,0,0,0,0,0,0,1,1,2,1,8,696,1,-1,-1,1
2013961301864,2,9,0,4,0,0,0,0,0,0,2,1,2,2,6,1396,1,3,-1,1
2013961301865,1,11,0,18,0,1,0,0,0,0,0,1,1,1,8,7300,2,5,-1,3
2013961301866,1,9,0,17,0,0,2,0,7,0,1,1,6,2,7,1248,2,5,-1,3
2013961301871,1,9,0,18,0,1,0,0,0,0,1,1,6,1,8,1998,2,3,-1,1
2013961301871,2,9,0,3,0,1,0,0,0,0,2,1,6,1,8,1198,1,7,-1,1
2013961301875,1,9,0,13,0,8,1,0,7,0,1,1,6,1,6,1397,1,6,-1,3
2013961301875,2,9,0,9,0,8,1,0,7,0,3,1,6,2,6,1461,2,9,-1,3
2013961301877,1,9,0,11,0,8,0,0,0,0,1,1,6,1,7,1686,2,1,-1,2
2013961301877,2,9,0,7,0,8,0,0,7,0,3,1,1,1,5,1781,1,8,-1,2
2013961301878,1,9,0,18,0,0,0,11,0,0,1,1,2,2,8,1998,1,11,-1,3
2013961301878,2,9,0,18,0,0,0,0,0,0,3,1,6,2,9,1686,2,12,-1,1
2013961301885,1,19,0,18,0,1,0,0,0,0,1,1,1,1,6,1968,2,3,-1,1
2013961301885,2,9,0,3,0,1,0,0,0,0,2,1,6,2,6,1242,1,10,-1,1
2013961301886,1,9,0,18,0,0,1,0,0,0,3,1,6,2,6,1685,2,-1,-1,2
2013961301886,2,9,4,18,0,0,0,0,0,0,3,1,6,1,6,1588,2,20,-1,-1
2013961301891,1,9,0,4,0,0,0,0,1,1,3,1,1,1,7,1598,1,-1,-1,2
2013961301891,2,9,0,13,0,0,0,0,1,11,4,1,6,1,7,3246,1,10,-1,1
2013961301903,1,19,0,18,0,1,0,0,0,0,1,1,1,1,8,1996,2,3,-1,1
2013961301903,2,9,0,3,0,1,0,0,0,0,2,1,6,1,8,1686,2,9,-1,1
2013961301911,1,1,0,5,0,0,0,0,0,0,1,1,6,1,4,-1,-1,-1,-1,-1
2013961301911,2,9,0,18,0,0,0,0,0,0,2,1,6,1,9,1796,1,11,-1,-1
2013961301915,1,9,0,18,0,0,1,0,1,0,4,1,6,2,8,1390,1,8,-1,2
2013961301916,1,1,0,18,9,0,0,0,0,0,1,1,6,1,3,-1,-1,-1,-1,1
2013961301916,2,9,0,18,0,0,0,0,0,0,1,1,6,1,6,1499,1,4,-1,1
2013961301918,1,9,0,18,0,1,0,0,0,0,1,1,6,1,6,-1,-1,-1,-1,3
2013961301918,2,9,0,9,0,1,0,0,0,0,2,1,6,1,6,1910,2,5,-1,3
2013961301919,1,9,0,18,0,1,0,0,0,0,2,1,2,2,7,1896,2,11,-1,-1
2013961301919,2,1,0,18,0,1,1,0,0,0,3,1,6,1,7,-1,-1,-1,-1,3
2013961301919,3,1,0,18,0,1,1,0,0,0,3,1,6,2,7,-1,-1,-1,-1,3
2013961301921,1,9,0,16,0,0,1,0,0,0,3,1,6,1,6,1396,1,10,-1,1
2013961301921,2,9,0,17,0,0,0,0,0,0,1,1,6,1,5,1396,1,14,-1,1
2013961301922,1,9,0,16,0,0,1,10,1,11,1,1,6,1,4,1061,1,8,-1,1
2013961301934,1,9,0,18,0,0,0,0,1,7,1,1,6,2,4,1242,1,2,-1,3
2013961301942,1,9,0,16,0,0,0,0,1,0,3,1,6,2,6,1956,2,3,-1,2
2013961301958,1,19,0,18,0,0,0,0,0,0,1,1,1,1,8,2198,2,1,-1,1
2013961301958,2,17,0,3,0,0,0,0,0,0,2,1,1,1,8,-1,-1,-1,-1,2
2013961301963,1,9,0,18,0,0,1,12,0,0,1,2,6,1,11,1685,2,-1,-1,1
2013961301982,1,4,0,9,0,8,1,0,0,0,0,1,2,2,7,124,1,19,-1,1
2013961301984,1,9,0,18,0,0,0,0,0,0,1,1,6,2,6,1199,1,14,-1,1
2013961301984,2,9,0,4,0,0,0,0,0,0,2,1,6,1,7,1997,2,13,-1,1