Accident_Index,Vehicle_Reference,Vehicle_Type,Towing_and_Articulation,Vehicle_Manoeuvre,Vehicle_Location-Restricted_Lane,Junction_Location,Skidding_and_Overturning,Hit_Object_in_Carriageway,Vehicle_Leaving_Carriageway,Hit_Object_off_Carriageway,1st_Point_of_Impact,Was_Vehicle_Left_Hand_Drive?,Journey_Purpose_of_Driver,Sex_of_Driver,Age_Band_of_Driver,Engine_Capacity_(CC),Propulsion_Code,Age_of_Vehicle,Driver_IMD_Decile,Driver_Home_Area_Type
2013961301989,1,9,0,18,0,0,0,0,0,0,1,1,6,1,7,1753,2,5,-1,2
2013961301989,2,9,0,4,0,0,0,0,0,0,2,1,6,2,7,2184,2,3,-1,-1
2013961301989,3,9,0,18,0,0,0,0,0,0,1,1,6,2,5,1229,1,-1,-1,3
2013961301989,4,9,0,18,0,0,0,0,0,0,1,1,6,2,5,1598,2,-1,-1,1
2013961301989,5,9,0,18,0,0,0,0,0,0,1,1,6,2,4,1328,1,4,-1,1
2013961301998,1,19,0,18,0,0,0,0,0,0,4,1,6,3,7,-1,-1,-1,-1,-1
2013961302007,1,9,0,18,0,0,0,0,0,0,1,1,6,2,9,-1,-1,-1,-1,1
2013961302012,1,19,0,18,0,0,0,0,0,0,4,1,1,1,6,-1,-1,-1,-1,2
2013961302026,1,9,0,18,0,0,1,10,1,4,4,1,6,1,8,1390,1,7,-1,1
2013961302029,1,9,0,9,0,8,0,0,7,10,1,1,6,2,9,1242,1,11,-1,1
2013961302029,2,9,0,18,0,1,0,0,7,0,1,1,6,2,6,1364,1,8,-1,1
2013961302031,1,11,0,5,0,1,0,0,0,0,3,1,6,1,8,9000,2,8,-1,1
2013961302031,2,9,0,14,0,1,0,0,0,0,4,1,6,2,4,1242,1,3,-1,1
2013961302035,1,1,0,18,0,1,0,0,0,0,4,1,2,2,5,-1,-1,-1,-1,1
2013961302035,2,9,0,18,0,2,0,0,0,0,1,1,2,1,5,1149,1,5,-1,3
2013961302038,1,9,0,7,0,4,0,0,0,0,1,1,2,1,7,1596,1,8,-1,1
2013961302038,2,1,0,18,0,8,0,0,0,0,4,1,2,1,8,-1,-1,-1,-1,1
2013961302042,1,9,0,18,0,0,2,0,1,0,1,1,6,1,5,1590,1,9,-1,1
2013961302048,1,19,0,18,0,0,0,0,0,0,1,1,2,1,7,2198,2,6,-1,1
2013961302049,1,9,0,18,0,0,5,0,1,7,1,1,6,1,9,2496,1,10,-1,1
2013961302049,2,9,0,18,0,0,0,0,0,0,0,1,6,3,6,-1,-1,-1,-1,-1
2013961302060,1,9,0,18,0,0,0,0,0,0,1,1,6,1,5,1360,1,16,-1,3
2013961302060,2,9,0,14,0,0,0,0,0,0,1,1,6,2,9,1796,1,11,-1,2
2013961302060,3,9,0,14,0,0,0,0,0,0,1,1,6,1,8,1364,1,7,-1,1
2013961302076,1,9,0,7,0,8,0,0,0,0,1,1,6,2,9,1329,1,3,-1,1
2013961302076,2,1,0,18,0,8,0,0,0,0,4,1,2,1,9,-1,-1,-1,-1,1
2013961302077,1,9,0,18,0,1,0,0,0,0,1,1,2,2,8,1991,2,3,-1,3
2013961302077,2,9,0,10,0,1,0,0,0,0,2,1,6,1,9,1984,1,11,-1,3
2013961302077,3,9,0,10,0,1,0,0,0,0,2,1,6,2,9,1086,1,10,-1,2
2013961302083,1,9,0,18,0,0,5,0,1,4,1,1,6,1,5,1242,1,-1,-1,2
2013961302083,2,9,0,4,0,0,5,0,1,0,2,1,6,2,10,1796,1,3,-1,1
2013961302090,1,9,0,18,0,2,1,0,0,0,1,1,6,1,4,998,1,4,-1,3
2013961302090,2,9,0,18,0,1,0,0,1,0,1,1,6,1,7,1560,2,3,-1,3
2013961302091,1,9,0,18,0,1,0,0,0,0,1,1,6,1,6,1360,1,15,-1,1
2013961302091,2,9,0,4,0,1,0,0,0,0,2,1,6,1,7,1994,1,15,-1,1
2013961302094,1,9,0,18,0,0,0,0,0,0,1,1,2,1,7,1896,2,6,-1,1
2013961302094,2,9,0,3,0,0,0,0,0,0,2,1,6,2,8,1396,1,12,-1,1
2013961302096,1,9,0,17,0,0,0,0,0,0,4,1,2,1,8,1598,1,2,-1,2
2013961302096,2,1,0,17,0,0,0,0,0,0,3,1,6,1,8,-1,-1,-1,-1,3
2013961302100,1,9,0,18,0,0,2,0,7,11,1,1,6,1,6,1242,1,4,-1,3
2013961302104,1,9,0,18,0,0,0,0,0,0,1,1,6,1,8,1868,2,10,-1,1
2013961302104,2,9,0,3,0,0,0,0,0,0,2,1,2,1,8,1598,1,3,-1,1
2013961302104,3,9,0,3,0,0,0,0,0,0,2,1,2,1,9,2179,2,2,-1,3
2013961302108,1,9,0,5,0,4,0,0,0,0,3,1,6,1,6,1497,1,11,-1,1
2013961302108,2,22,0,18,0,8,0,0,0,0,1,1,6,1,8,-1,-1,-1,-1,1
2013961302114,1,9,0,5,0,1,0,0,0,0,1,1,6,1,5,2231,2,5,-1,1
2013961302114,2,90,0,2,0,0,0,0,0,0,0,1,2,3,8,-1,-1,-1,-1,-1
2013961302120,1,9,0,2,0,0,0,0,0,0,1,1,6,2,11,998,1,14,-1,1
2013961302127,1,9,0,1,0,0,0,0,0,0,2,1,6,2,6,1360,1,6,-1,1
2013961302127,2,9,0,2,0,0,0,0,0,0,1,1,3,2,7,1796,1,5,-1,1
2013961302128,1,9,0,18,0,0,0,0,0,0,1,1,6,2,5,998,1,-1,-1,1
2013961302128,2,9,0,4,0,0,0,0,0,0,2,1,6,1,7,1599,1,5,-1,1
2013961302128,3,9,0,14,0,0,0,0,0,0,0,1,1,1,6,1753,2,3,8,3
2013961302128,4,21,1,4,0,0,0,0,0,0,0,1,1,3,8,-1,-1,-1,-1,-1
2013961302132,1,9,0,17,0,0,2,0,0,0,4,1,6,1,4,1149,1,10,-1,1
2013961302132,2,9,0,16,0,0,0,0,0,0,1,1,2,2,8,996,1,3,-1,3
2013961302134,1,9,0,18,0,2,0,0,0,0,1,1,6,3,8,-1,-1,-1,-1,-1
2013961302134,2,1,0,18,0,5,0,0,0,0,2,1,6,2,3,-1,-1,-1,-1,1
2013961302156,1,17,0,5,0,4,0,0,0,0,4,1,2,1,10,-1,-1,-1,-1,3
2013961302156,2,9,0,3,0,1,0,0,0,0,3,1,2,2,6,1598,1,1,-1,3
2013961302164,1,19,0,18,0,0,5,7,0,0,1,1,2,1,6,2198,2,1,-1,1
2013961302171,1,9,0,16,6,0,0,0,2,4,1,1,6,1,6,1339,1,7,-1,1
2013961302172,1,9,0,16,0,0,0,10,7,11,1,1,6,2,8,1124,1,8,-1,1
2013961302177,1,9,0,9,0,8,0,0,0,0,4,1,6,2,10,996,1,1,-1,1
2013961302177,2,9,0,18,0,8,0,0,0,0,3,1,1,2,5,1339,1,4,-1,-1
2013961302178,1,9,0,14,0,0,1,0,0,0,1,1,6,1,4,1497,1,10,-1,1
2013961302178,2,19,0,17,0,0,0,10,1,0,3,1,1,1,8,1968,2,3,-1,1
2013961302178,3,9,0,2,0,0,0,0,0,0,0,1,6,3,8,-1,-1,-1,-1,-1
2013961302188,1,9,0,18,0,8,0,0,0,0,3,1,6,1,7,1349,1,2,-1,1
2013961302188,2,9,0,9,0,8,0,0,0,0,1,1,6,1,5,1994,1,10,-1,1
2013961302189,1,19,0,18,0,0,2,0,1,0,1,1,1,2,6,1560,2,2,-1,3
2013961302190,1,9,0,18,0,0,0,6,8,0,1,1,2,1,8,1398,2,9,-1,1
2013961302191,1,9,0,18,0,0,1,0,2,1,1,1,6,1,7,3200,2,9,-1,3
2013961302195,1,9,0,18,0,0,0,0,0,0,4,1,6,2,6,1587,1,10,-1,3
2013961302195,2,19,0,2,0,0,0,0,0,0,0,1,6,3,8,-1,-1,-1,-1,-1
2013961302199,1,9,0,18,0,1,0,0,0,0,1,1,6,1,7,1199,1,10,-1,1
2013961302199,2,9,0,3,0,1,0,0,0,0,2,1,6,2,8,875,1,1,-1,1
2013961302201,1,9,0,13,0,0,2,10,7,11,1,1,6,1,4,1149,1,10,-1,3
2013961302201,2,9,0,13,0,0,0,0,0,0,0,1,6,1,4,1910,2,7,-1,2
2013961302203,1,9,0,18,0,8,0,0,0,0,1,1,6,1,8,1229,1,4,-1,1
2013961302203,2,9,0,18,0,8,0,10,7,11,4,1,6,2,10,1422,2,9,-1,-1
2013961302208,1,9,0,18,0,0,0,0,0,0,1,1,6,1,4,1124,1,8,-1,3
2013961302208,2,9,0,18,0,0,0,10,1,0,1,1,2,2,5,1108,1,12,-1,3
2013961302213,1,11,0,5,0,1,0,0,0,0,1,1,1,1,7,9000,2,8,-1,3
2013961302213,2,9,0,3,0,1,0,0,0,0,2,1,6,2,6,1399,2,4,-1,1
2013961302214,1,9,0,18,0,0,2,10,0,0,4,1,6,1,4,1242,1,8,-1,3
2013961302219,1,21,0,11,0,2,0,0,0,0,4,1,1,1,6,9186,2,1,-1,1
2013961302219,2,9,0,18,0,2,0,10,1,0,3,1,2,2,8,1364,1,6,-1,1
2013961302220,1,1,0,18,0,0,1,0,0,0,2,1,2,1,4,-1,-1,-1,-1,2
2013961302220,2,9,0,18,0,0,0,0,0,0,1,1,2,2,6,1598,1,8,-1,2
2013961302236,1,19,0,18,0,0,2,7,0,0,4,1,1,1,6,1995,2,4,-1,2
2013961302237,1,9,0,18,0,0,0,0,0,0,1,1,6,1,11,1198,1,-1,-1,1
2013961302237,2,1,0,9,0,0,0,0,0,0,2,1,6,1,2,-1,-1,-1,-1,1
2013961302240,1,9,0,5,0,8,0,0,0,0,2,1,2,2,8,1390,1,3,-1,1
2013961302240,2,1,0,18,0,1,0,0,0,0,2,1,2,2,7,-1,-1,-1,-1,2
2013961302241,1,9,0,18,0,4,0,0,0,0,1,1,2,1,8,1248,2,8,-1,1
2013961302241,2,1,0,18,0,8,0,0,0,0,2,1,2,1,7,-1,-1,-1,-1,1
2013961302244,1,9,0,18,0,0,1,0,2,7,4,1,6,2,8,2143,2,1,-1,3
2013961302245,1,9,0,18,0,0,0,0,0,0,1,1,6,1,10,1299,1,7,-1,2
2013961302245,2,9,0,3,0,0,0,0,0,0,2,1,1,2,6,1560,2,-1,-1,1
2013961302247,1,9,0,18,0,0,1,10,7,7,1,1,6,2,6,2148,2,10,-1,2
2013961302247,2,19,0,18,0,0,1,10,8,7,1,1,6,1,7,-1,-1,-1,-1,-1
2013961302249,1,9,0,18,0,0,0,0,2,6,4,1,2,1,9,1368,1,5,-1,1
2013961302256,1,9,0,9,0,8,0,9,0,0,3,1,6,2,7,2179,2,1,-1,3
2013961302256,2,9,0,8,0,4,0,10,1,0,3,1,6,1,7,1995,1,7,-1,1
2013961302269,1,9,0,1,0,0,0,0,0,0,2,1,6,3,-1,3628,2,6,-1,1
2013961302271,1,9,0,13,0,1,0,0,0,0,4,1,6,3,8,-1,-1,-1,-1,-1
2013961302271,2,9,0,8,0,8,0,0,0,0,2,1,2,2,7,-1,-1,-1,-1,3
2013961302277,1,9,0,18,0,0,0,0,0,0,4,1,6,2,5,995,1,6,-1,1
2013961302289,1,9,0,9,0,8,0,0,0,0,1,1,2,1,7,1686,2,2,-1,2
2013961302289,2,1,0,18,0,1,0,0,0,0,1,1,2,1,7,-1,-1,-1,-1,1
2013961302298,1,9,0,4,0,0,0,0,0,0,1,1,2,1,6,1299,1,10,-1,1
2013961302301,1,9,0,6,0,8,0,10,7,11,3,1,6,1,8,2000,2,9,-1,2
2013961302301,2,9,0,18,0,1,0,10,7,11,1,1,6,2,9,1229,1,4,-1,3
2013961302303,1,9,0,9,0,8,0,10,1,0,1,1,6,2,4,1149,1,3,-1,1
2013961302303,2,9,0,18,0,8,0,0,0,0,1,1,6,1,5,1968,2,5,-1,3
2013961302305,1,9,0,18,0,8,1,10,2,2,1,1,6,2,8,1240,1,8,-1,1
2013961302310,1,9,0,17,0,0,0,0,1,11,1,2,6,1,7,2179,2,10,-1,3
2013961302311,1,9,0,13,0,1,1,0,0,0,3,1,2,1,8,1686,2,8,-1,3
2013961302311,2,17,4,9,0,1,0,0,0,0,3,1,6,1,5,-1,2,2,-1,3
2013961302318,1,9,0,17,0,0,1,0,8,0,2,1,6,1,4,1242,1,11,-1,1
2013961302328,1,9,0,18,0,0,0,0,0,0,1,1,1,1,7,1396,1,8,-1,1
2013961302328,2,9,0,2,0,0,0,0,0,0,2,1,6,1,7,2191,2,-1,-1,1
2013961302328,3,9,0,2,0,0,0,0,0,0,2,1,6,1,7,1242,1,8,-1,1
2013961302328,4,9,0,2,0,0,0,0,0,0,2,1,6,1,8,2401,2,6,-1,1
2013961302334,1,9,0,18,0,0,1,0,7,11,1,1,2,1,5,1364,2,5,-1,1
2013961302337,1,9,0,9,0,8,0,0,0,0,3,1,6,2,7,1360,1,12,-1,1
2013961302337,2,9,0,18,0,8,0,0,0,0,1,1,6,1,11,1598,1,11,-1,1
2013961302338,1,9,0,18,0,1,0,0,0,0,1,1,6,2,7,1124,1,10,-1,1
2013961302338,2,9,0,4,0,1,0,0,0,0,2,1,6,2,7,1598,1,4,-1,1
2013961302345,1,9,0,18,0,0,0,0,0,0,1,1,6,2,9,1896,2,5,-1,3
2013961302351,1,9,0,18,0,0,2,10,1,9,4,1,2,2,6,1149,1,4,-1,3
2013961302355,1,9,0,1,0,0,0,0,0,0,2,1,6,2,5,1390,1,-1,-1,3
2013961302356,1,9,0,5,0,6,0,0,0,0,1,1,6,3,7,-1,-1,-1,-1,-1
2013961302357,1,19,0,4,0,1,0,0,0,0,1,1,1,1,6,2402,2,2,-1,1
2013961302357,2,9,0,3,0,1,0,0,0,0,1,1,1,2,8,998,1,1,-1,1
2013961302357,3,9,0,3,0,1,0,0,0,0,2,1,2,1,8,1399,2,11,-1,1
2013961302362,1,9,0,18,0,0,5,10,7,0,4,1,6,1,7,1598,1,-1,-1,1
2013961302362,2,9,0,2,0,0,0,0,0,0,4,1,6,1,8,1999,1,6,-1,1
2013961302363,1,9,0,9,0,8,0,0,0,0,0,1,6,2,6,1229,1,7,-1,1
2013961302363,2,1,0,18,0,8,0,0,0,0,0,1,6,1,6,-1,-1,-1,-1,1
2013961302378,1,9,0,9,0,8,0,0,0,0,0,1,6,1,7,-1,-1,-1,-1,-1
2013961302378,2,11,0,18,0,1,0,0,0,0,0,1,1,1,6,9000,2,9,-1,-1
2013961302380,1,9,0,18,0,0,2,10,2,0,3,1,6,1,6,1242,1,11,8,1
2013961302384,1,9,0,18,0,2,0,0,0,0,3,1,6,1,8,1598,2,1,-1,1
2013961302387,1,9,0,18,0,0,0,0,0,0,4,1,6,1,7,1398,2,1,-1,1
2013961302392,1,9,0,18,0,0,1,0,0,0,1,1,6,2,9,1422,2,5,-1,1
2013961302392,2,9,0,18,0,0,1,0,0,0,1,1,1,1,9,1995,2,6,-1,1
2013961302392,3,9,0,18,0,0,1,10,7,0,1,1,2,1,8,1598,1,8,-1,1
2013961302392,4,90,0,18,0,0,1,0,0,0,1,1,1,1,7,2999,2,2,-1,-1
2013961302400,1,19,0,18,0,0,0,0,0,0,4,1,6,1,7,2402,2,7,-1,1
2013961302402,1,9,0,18,0,1,0,0,0,0,1,1,6,1,10,1783,1,13,-1,3
2013961302408,1,9,0,18,0,0,0,0,0,0,4,1,1,1,8,-1,-1,-1,-1,3
2013961302416,1,9,0,9,0,8,0,0,0,0,3,1,6,2,6,1596,1,6,-1,1
2013961302416,2,9,0,18,0,1,0,0,0,0,1,1,6,1,5,1796,1,13,-1,2
2013961400021,1,9,0,18,0,0,0,12,0,0,3,1,6,2,8,998,1,1,-1,1
2013961400021,2,9,0,18,0,0,0,0,0,0,3,1,6,1,5,1341,1,9,-1,1
201397AB00101,1,9,0,18,0,1,0,0,0,0,3,1,6,1,5,1398,1,10,-1,1
201397AB00101,2,9,0,18,0,1,0,0,0,0,1,1,6,2,6,1124,1,14,-1,1
201397AB00102,1,9,0,5,0,0,0,0,0,0,3,1,6,2,6,2143,2,1,-1,1
201397AB00107,1,9,0,7,0,1,0,0,0,0,1,1,2,2,8,-1,-1,-1,-1,1
201397AB00107,2,3,0,18,0,8,0,0,0,0,1,1,2,1,4,125,1,11,-1,1
201397AB00110,1,1,0,18,0,0,0,0,0,0,1,1,1,1,6,-1,-1,-1,-1,1
201397AB00110,2,9,0,4,0,0,0,0,0,0,2,1,1,1,6,1343,1,8,-1,1
201397AB00112,1,9,0,1,0,1,0,0,0,0,2,1,6,1,6,1591,1,1,-1,1
201397AB00201,1,11,0,4,0,1,0,0,0,0,1,1,1,1,7,-1,-1,-1,-1,1
201397AB00204,1,11,0,18,2,1,0,0,0,0,1,1,1,1,8,8268,2,11,-1,1
201397AB00207,1,21,0,9,0,0,0,0,0,0,3,1,1,1,7,-1,-1,-1,-1,1
201397AB00207,2,1,0,17,0,0,0,0,0,0,1,1,2,1,6,-1,-1,-1,-1,1
201397AB00212,1,9,0,18,0,0,0,0,0,0,2,1,2,1,7,2499,2,12,-1,-1
201397AB00212,2,8,0,18,0,0,0,0,0,0,0,1,1,1,8,1560,2,2,-1,1
201397AB00302,1,8,0,18,0,2,0,0,0,0,4,1,1,1,8,1997,2,2,-1,1
201397AB00401,1,8,0,9,0,8,0,0,0,0,1,1,1,1,8,1896,2,3,-1,-1
201397AB00402,1,9,0,9,0,8,0,0,0,0,1,1,6,1,6,1368,1,2,-1,1
201397AB00404,1,9,0,18,0,0,0,0,0,0,1,1,6,1,8,-1,-1,-1,-1,1
201397AB00406,1,9,0,5,0,0,0,0,0,0,0,1,6,1,9,1895,1,14,-1,1
201397AB00501,1,9,0,18,9,1,0,0,7,1,3,1,2,2,8,1596,1,8,-1,1
201397AB00502,1,9,0,18,0,8,1,0,0,0,1,1,6,1,5,1149,1,2,-1,1
201397AB00502,2,8,0,18,0,8,0,0,7,2,1,1,1,1,8,2499,2,5,-1,1
201397AB00505,1,9,0,5,0,1,0,0,0,0,1,1,2,2,8,2987,2,3,-1,1
201397AB00505,2,1,0,18,0,1,0,0,0,0,1,1,2,2,9,-1,-1,-1,-1,1
201397AB00507,1,8,0,9,0,1,0,0,0,0,0,1,1,1,7,1910,2,5,-1,1
201397AB00603,1,9,0,18,0,8,0,0,0,0,3,1,6,2,7,1360,1,1,-1,1
201397AB00603,2,9,0,18,0,8,0,0,0,0,1,1,6,1,4,1398,1,2,-1,1
201397AB00603,3,9,0,18,0,1,0,0,0,0,4,1,6,1,8,1956,2,2,-1,1
201397AB00606,1,8,0,11,0,0,0,0,0,0,4,1,6,1,10,2664,2,13,-1,2
201397AB00606,2,2,0,18,0,0,0,0,0,0,3,1,6,2,7,49,1,3,-1,1
201397AB00611,1,9,0,9,0,1,0,0,0,0,1,1,6,1,9,1598,1,5,-1,1
201397AB00611,2,1,0,18,0,1,0,0,0,0,3,1,6,1,5,-1,-1,-1,-1,1
201397AB00705,1,11,0,9,0,6,0,0,0,0,4,1,1,1,7,8268,2,12,-1,1
201397AB00705,2,11,0,2,2,2,0,0,0,0,2,1,1,1,8,8268,2,11,-1,1
201397AB00705,3,11,0,2,2,2,0,0,0,0,2,1,1,1,5,9100,2,14,-1,1
201397AB00708,1,9,0,1,0,0,0,0,0,0,2,1,1,1,9,1596,1,11,-1,1
201397AB00803,1,9,0,18,0,1,0,0,0,0,1,1,2,1,7,1598,1,6,-1,1
201397AB00803,2,1,0,18,0,1,0,0,0,0,4,1,2,1,9,-1,-1,-1,-1,1
201397AB00901,1,11,0,2,0,2,0,0,0,0,0,1,1,1,9,8268,2,12,-1,1
201397AB00903,1,9,0,18,0,0,0,0,0,0,1,1,2,1,6,1198,1,11,-1,1
201397AB00903,2,9,0,18,0,0,0,0,0,0,2,1,6,2,6,1596,1,2,-1,1
201397AB00904,1,8,0,4,0,1,0,0,0,0,1,1,1,1,8,1997,2,2,-1,1
201397AB00906,1,9,0,18,0,8,0,0,0,0,4,1,6,1,7,1242,1,5,-1,-1
201397AB00906,2,9,0,5,0,8,0,0,0,0,1,1,6,1,9,1560,2,3,-1,1
201397AB00910,1,8,0,18,0,0,0,0,0,0,4,1,1,1,7,2402,2,8,-1,1
201397AB01005,1,9,0,2,0,0,0,0,0,0,3,1,6,2,8,1956,2,3,-1,1
201397AB01005,2,1,0,18,0,0,0,0,0,0,1,1,1,1,7,-1,-1,-1,-1,1
201397AB01006,1,11,0,7,0,1,0,0,0,0,1,1,1,1,7,8268,2,12,-1,-1
201397AB01104,1,11,0,5,0,0,0,0,0,0,4,1,1,1,7,7300,2,2,-1,1
201397AB01108,1,9,0,2,0,0,0,0,0,0,4,1,2,1,9,1998,1,10,-1,1
201397AB01108,2,11,0,18,0,0,0,0,0,0,3,1,1,1,8,9000,2,12,-1,2
201397AB01109,1,8,0,5,0,2,0,0,0,0,1,1,1,1,6,1896,2,5,-1,1
201397AB01109,2,1,0,18,0,2,1,0,0,0,2,1,2,2,7,-1,-1,-1,-1,1
201397AB01112,1,9,0,18,0,0,0,0,0,0,1,1,6,1,6,1794,1,11,-1,-1
201397AB01207,1,9,0,2,0,0,0,0,0,0,3,1,1,1,6,1598,2,1,5,1
201397AB01207,2,1,0,18,0,0,0,4,0,0,4,1,6,1,4,-1,-1,-1,-1,1
201397AB01302,1,8,0,9,0,2,0,0,0,0,1,1,6,1,8,1997,2,7,-1,1
201397AB01304,1,8,0,18,0,0,0,0,0,0,1,1,1,1,9,1598,2,2,-1,1
201397AB01305,1,11,0,7,0,8,0,0,0,0,4,1,1,3,7,-1,-1,-1,-1,-1
201397AB01404,1,9,0,9,0,1,0,0,0,0,4,1,6,1,8,1991,2,3,-1,-1
201397AB01408,1,8,0,5,0,0,0,0,0,0,2,1,1,3,6,-1,-1,-1,-1,-1
201397AB01409,1,8,0,7,0,2,0,0,0,0,1,1,6,3,7,-1,-1,-1,-1,-1
201397AB01412,1,8,0,1,0,0,0,0,0,0,1,1,1,1,7,1896,2,5,-1,1
201397AB01507,1,9,0,18,0,8,0,0,0,0,4,1,6,1,6,1910,2,6,-1,1
201397AB01507,2,8,0,18,0,8,0,0,0,0,1,1,1,1,7,1896,2,4,-1,1
201397AB01509,1,11,0,4,0,0,0,0,0,0,1,1,1,1,8,6871,2,7,-1,1
201397AB01509,2,8,0,4,0,0,0,0,0,0,2,1,1,1,7,-1,-1,-1,-1,1
201397AB01512,1,9,0,9,0,1,0,0,0,0,2,1,6,1,8,1598,1,11,-1,1
201397AB01512,2,9,0,18,0,1,0,0,0,0,1,1,6,2,6,1794,1,6,-1,1
201397AB01603,1,9,0,3,0,1,0,0,0,0,2,1,6,3,6,1599,1,9,-1,-1
201397AB01603,2,9,0,18,0,1,0,0,0,0,2,1,6,2,4,1242,1,9,-1,1
201397AB01605,1,9,0,18,0,1,0,0,0,0,1,1,1,1,8,1956,2,3,-1,1
201397AB01605,2,21,0,3,0,1,0,0,0,0,2,1,1,1,7,6370,2,7,-1,-1
201397AB01607,1,11,0,7,0,6,0,0,0,0,3,1,1,1,9,6370,2,6,-1,1
201397AB01607,2,11,0,18,0,2,0,0,0,0,4,1,1,1,8,-1,-1,-1,-1,1
201397AB01609,1,19,0,4,0,1,0,0,0,0,0,1,1,1,5,2402,2,3,-1,2
201397AB01611,1,8,0,1,0,5,0,0,0,0,2,1,6,1,8,-1,-1,-1,-1,-1
201397AB01702,1,8,0,9,0,6,0,0,0,0,1,1,1,1,9,1896,2,9,-1,1
201397AB01705,1,9,0,18,0,0,0,0,0,0,1,1,6,2,6,2926,2,12,-1,1
201397AB01705,2,9,0,5,0,0,0,0,0,0,2,1,6,1,7,1390,1,5,-1,1
201397AB01711,1,9,0,18,0,8,0,0,0,0,1,1,6,2,11,1386,1,7,-1,1
201397AB01712,1,9,0,9,0,8,0,0,0,0,1,1,6,2,8,1598,1,6,-1,1
201397AB01712,2,9,0,18,0,8,0,0,0,0,3,1,6,1,5,1598,1,11,-1,1
201397AB01809,1,9,0,7,0,8,0,0,0,0,4,1,6,3,6,-1,-1,-1,-1,-1
201397AB01809,2,1,0,16,0,8,0,0,0,0,3,1,2,1,5,-1,-1,-1,-1,1
201397AB01810,1,11,0,18,0,0,0,0,0,0,1,1,1,1,9,4250,2,3,-1,1
201397AB01903,1,9,0,18,0,0,0,0,0,0,1,1,6,3,6,-1,-1,-1,-1,-1
201397AB01904,1,8,0,3,0,0,0,0,0,0,3,1,1,1,7,1896,2,8,-1,1
201397AB01910,1,9,0,18,0,1,0,0,0,0,1,1,6,2,6,1461,2,3,-1,1
201397AB01910,2,9,0,3,0,1,0,0,0,0,2,1,2,2,7,1783,1,9,-1,1
201397AB02002,1,9,0,1,0,0,0,0,0,0,2,1,6,2,5,1796,1,2,-1,3
201397AB02007,1,20,0,9,0,5,0,0,0,0,1,1,1,1,6,-1,-1,-1,-1,-1
201397AB02007,2,1,0,18,0,2,0,0,0,0,3,1,6,1,6,-1,-1,-1,-1,-1
201397AB02010,1,8,0,18,0,8,0,0,1,1,4,1,1,1,8,1968,2,3,-1,1
201397AB02010,2,9,0,18,0,8,0,0,0,0,1,1,6,1,8,1364,1,4,-1,1
201397AB02101,1,11,0,18,0,2,1,0,0,0,1,1,1,1,7,-1,-1,-1,-1,1
201397AB02101,2,11,0,4,0,2,0,0,0,0,2,1,1,1,5,11000,2,15,-1,1
201397AB02103,1,8,0,18,2,1,0,0,0,0,4,1,1,1,8,1753,2,7,-1,1
201397AB02104,1,9,0,18,0,0,0,0,0,0,1,1,1,1,4,1149,1,12,-1,-1
201397AB02104,2,9,0,11,0,0,0,0,0,0,2,1,1,1,7,1896,2,3,-1,1
201397AB02106,1,19,0,1,0,0,0,0,0,0,2,1,1,1,10,2143,2,-1,-1,-1
201397AB02108,1,9,0,18,0,8,0,0,0,0,1,1,6,2,8,2000,2,9,-1,1
201397AB02207,1,9,0,9,0,1,0,0,0,0,1,1,6,1,4,1364,1,6,-1,3
201397AB02207,2,9,0,18,0,1,0,0,0,0,1,1,6,2,5,1399,2,5,-1,1
201397AB02208,1,8,0,9,0,8,0,0,0,0,4,1,1,1,9,2499,2,6,-1,1
201397AB02209,1,8,0,18,0,1,0,0,0,0,1,1,1,1,8,1997,2,-1,-1,1
201397AB02209,2,9,0,18,0,1,0,0,0,0,4,1,6,1,6,1598,1,5,-1,1
201397AB02210,1,9,0,18,0,0,0,0,0,0,4,1,6,1,6,-1,-1,-1,-1,-1
201397AB02301,1,9,0,9,0,8,0,0,0,0,1,1,2,2,6,1399,1,5,-1,1
201397AB02306,1,11,0,18,0,1,0,0,0,0,1,1,1,1,7,-1,2,13,-1,1
201397AB02306,2,19,0,18,0,1,0,0,0,0,1,1,1,1,7,2198,2,5,-1,1
201397AB02308,1,11,0,18,0,1,0,0,0,0,1,1,1,1,6,9360,2,6,-1,-1
201397AB02308,2,9,0,3,0,1,0,0,0,0,2,1,6,1,6,1968,2,8,-1,3
201397AB02309,1,9,0,18,0,1,0,0,0,0,1,1,6,1,8,1339,8,2,-1,1
201397AB02309,2,9,0,3,0,1,0,0,0,0,2,1,6,1,6,1995,1,5,-1,1
201397AB02310,1,9,0,18,0,0,1,0,0,0,1,1,6,2,6,1896,2,5,-1,3
201397AB02310,2,9,0,3,0,0,0,0,0,0,2,1,6,1,10,-1,-1,-1,-1,3
201397AB02312,1,9,0,9,0,8,0,0,0,0,1,1,6,1,4,1339,1,3,-1,1
201397AB02312,2,9,0,18,0,1,0,0,0,0,4,1,6,2,6,1339,1,7,-1,1
201397AB02404,1,11,0,9,0,0,0,0,0,0,4,1,1,1,9,8268,2,12,-1,1
201397AB02407,1,9,0,12,0,1,0,0,0,0,0,1,6,3,6,-1,-1,-1,-1,-1
201397AB02407,2,11,0,4,0,1,0,0,0,0,0,1,1,1,6,-1,-1,-1,-1,-1
201397AB02409,1,11,0,12,0,1,0,0,0,0,0,1,1,1,9,7300,2,7,-1,1
201397AB02501,1,9,0,18,0,1,0,4,0,0,1,1,6,2,7,1364,1,6,-1,1