Accident_Index,Vehicle_Reference,Vehicle_Type,Towing_and_Articulation,Vehicle_Manoeuvre,Vehicle_Location-Restricted_Lane,Junction_Location,Skidding_and_Overturning,Hit_Object_in_Carriageway,Vehicle_Leaving_Carriageway,Hit_Object_off_Carriageway,1st_Point_of_Impact,Was_Vehicle_Left_Hand_Drive?,Journey_Purpose_of_Driver,Sex_of_Driver,Age_Band_of_Driver,Engine_Capacity_(CC),Propulsion_Code,Age_of_Vehicle,Driver_IMD_Decile,Driver_Home_Area_Type
201397AD00908,1,90,0,7,0,6,0,0,0,0,3,1,6,3,7,-1,-1,-1,-1,-1
201397AD00910,1,9,0,7,0,8,0,0,0,0,4,1,1,2,5,1968,2,3,-1,3
201397AD00910,2,1,0,8,0,8,0,0,0,0,3,1,1,2,5,-1,-1,-1,-1,1
201397AD01002,1,8,0,18,0,0,0,0,0,0,4,1,1,1,7,-1,-1,-1,-1,-1
201397AD01006,1,11,0,4,2,1,0,0,0,0,4,1,1,1,6,4500,2,3,-1,1
201397AD01009,1,1,0,17,4,1,0,0,0,0,2,1,2,2,7,-1,-1,-1,-1,1
201397AD01009,2,9,0,17,0,1,0,0,0,0,1,1,6,2,7,1461,2,1,-1,-1
201397AD01105,1,9,0,18,0,1,0,0,0,0,1,1,6,2,6,1686,2,1,-1,1
201397AD01105,2,9,0,9,0,5,0,0,0,0,4,1,1,2,5,1798,1,8,-1,1
201397AD01109,1,9,0,3,0,0,0,0,0,0,1,1,6,2,9,1339,1,9,-1,-1
201397AD01111,1,9,0,4,0,0,0,0,0,0,1,1,6,1,7,1399,1,3,-1,1
201397AD01111,2,9,0,4,0,0,0,0,0,0,2,1,6,1,7,1198,1,6,-1,1
201397AD01112,1,9,0,16,0,7,1,0,6,0,1,2,6,2,5,-1,-1,-1,-1,1
201397AD01112,2,9,0,18,0,1,0,0,0,0,1,1,6,1,7,3628,2,4,-1,1
201397AD01210,1,9,0,18,0,1,0,0,0,0,1,1,6,1,7,2671,1,12,-1,-1
201397AD01210,2,9,0,3,0,1,0,0,0,0,2,1,6,2,8,998,1,13,-1,1
201397AD01210,3,9,0,3,0,1,0,0,0,0,2,1,6,1,7,-1,-1,-1,-1,1
201397AD01301,1,9,0,7,0,5,0,0,0,0,0,1,1,2,8,1388,1,4,-1,1
201397AD01301,2,5,0,16,0,5,1,0,0,0,2,1,6,1,8,592,1,22,-1,1
201397AD01312,1,1,0,18,0,2,0,0,0,0,1,1,6,1,7,-1,-1,-1,-1,1
201397AD01312,2,9,0,6,0,2,0,0,0,0,3,1,6,2,9,1995,2,3,-1,1
201397AD01410,1,19,0,18,0,0,0,0,0,0,1,1,1,1,5,1996,2,1,-1,-1
201397AD01503,1,9,0,18,0,0,1,4,0,0,1,1,6,1,6,1242,1,9,-1,1
201397AD01503,2,9,0,2,0,0,0,0,0,0,2,1,6,1,7,1968,2,1,-1,1
201397AD01503,3,9,0,2,0,0,0,0,0,0,2,1,6,3,6,1685,2,1,-1,3
201397AD01506,1,9,0,5,0,1,0,0,0,0,0,1,6,3,7,-1,-1,-1,-1,-1
201397AD01506,2,8,0,4,0,1,0,0,0,0,0,1,6,1,6,2402,2,9,-1,-1
201397AD01509,1,9,0,10,0,1,0,0,0,0,4,1,6,2,8,1870,2,9,-1,1
201397AD01509,2,9,0,18,0,8,0,0,0,0,4,1,6,2,8,1991,2,7,-1,-1
201397AD01510,1,9,0,7,0,1,0,0,0,0,4,1,6,1,10,2179,2,9,-1,1
201397AD01510,2,8,0,18,0,1,0,0,0,0,1,1,1,1,9,1798,1,2,-1,1
201397AD01512,1,9,0,9,0,8,0,0,0,0,1,1,6,2,6,2000,2,4,-1,-1
201397AD01512,2,19,0,18,0,8,0,0,0,10,3,1,6,1,7,2402,2,6,-1,1
201397AD01603,1,9,0,18,0,8,0,0,0,0,1,1,6,1,4,1596,1,8,-1,1
201397AD01603,2,8,0,18,0,8,0,0,0,0,1,1,1,1,8,2664,2,13,-1,1
201397AD01610,1,9,0,16,0,7,0,0,0,0,4,1,1,2,5,2143,2,-1,-1,2
201397AD01704,1,19,0,6,0,1,0,0,0,0,4,1,1,1,7,2198,2,6,-1,1
201397AD01704,2,9,0,18,0,1,0,0,0,0,4,1,1,1,8,1598,2,2,-1,1
201397AD01705,1,19,0,18,0,0,0,0,0,0,4,1,6,3,6,-1,-1,-1,-1,-1
201397AD01709,1,9,0,15,0,1,0,0,0,0,1,1,6,2,6,1396,1,10,-1,1
201397AD01709,2,1,0,5,0,1,5,0,0,0,4,1,4,1,3,-1,-1,-1,-1,1
201397AD01710,1,1,0,18,0,0,0,0,0,0,1,1,6,1,6,-1,-1,-1,-1,1
201397AD01710,2,9,0,9,0,0,0,0,0,0,3,1,6,2,7,1149,1,6,-1,1
201397AD01808,1,9,0,18,0,3,1,0,1,4,3,1,6,1,5,1995,1,5,-1,1
201397AD01905,1,9,0,9,0,5,0,0,0,0,4,1,6,2,7,1995,2,3,-1,-1
201397AD01905,2,1,0,14,0,1,0,0,0,0,1,1,6,1,7,-1,-1,-1,-1,1
201397AD01910,1,9,0,4,0,0,0,0,0,0,4,1,6,1,7,1995,2,3,-1,1
201397AD02002,1,9,0,5,0,0,0,0,0,0,1,1,6,1,8,1198,1,7,-1,1
201397AD02002,2,9,0,18,0,0,0,0,0,0,4,1,6,2,6,2835,2,15,-1,-1
201397AD02003,1,9,0,18,0,1,0,0,0,0,1,1,6,1,6,-1,-1,-1,-1,-1
201397AD02010,1,9,0,9,0,1,0,0,0,0,1,1,1,1,6,1248,1,4,-1,1
201397AD02010,2,9,0,5,0,1,0,0,0,0,3,1,6,2,5,1390,1,4,-1,1
201397AD02102,1,19,0,9,0,8,0,0,0,0,1,1,1,1,6,2402,2,2,-1,-1
201397AD02102,2,8,0,18,0,8,5,0,0,0,4,1,1,1,9,1997,2,5,-1,1
201397AD02104,1,8,0,18,0,0,0,0,0,0,2,1,2,1,6,1896,2,4,-1,1
201397AD02104,2,9,0,18,0,0,0,0,0,0,1,1,1,1,6,1586,1,7,-1,1
201397AD02107,1,9,0,11,0,0,0,0,0,0,4,1,6,1,7,1870,2,6,-1,1
201397AD02107,2,1,0,18,0,0,0,0,0,0,3,1,6,1,6,-1,-1,-1,-1,1
201397AD02203,1,9,0,18,0,0,0,10,0,7,1,1,6,1,4,1368,1,6,-1,1
201397AD02204,1,4,0,5,0,1,0,0,0,0,1,1,6,1,4,599,1,12,-1,1
201397AD02204,2,9,0,9,0,1,0,0,0,0,3,1,6,2,6,1968,2,9,-1,1
201397AD02205,1,9,0,18,0,0,0,0,0,0,1,1,6,1,10,1799,1,6,-1,1
201397AD02205,2,9,0,3,0,0,0,0,0,0,2,1,6,2,8,1242,1,6,-1,1
201397AD02211,1,9,0,16,0,0,1,0,0,4,3,1,6,1,5,2497,1,8,-1,1
201397AD02307,1,9,0,5,0,6,0,0,0,0,3,1,6,1,8,1560,2,-1,-1,-1
201397AD02307,2,1,0,17,4,8,0,0,0,0,1,1,6,1,6,-1,-1,-1,-1,1
201397AD02308,1,8,0,16,9,0,1,0,1,10,1,1,1,1,8,1896,2,4,-1,1
201397AD02408,1,9,0,2,0,1,0,0,0,0,3,1,1,1,5,1248,2,1,-1,1
201397AD02408,2,1,0,14,0,1,0,0,0,0,1,1,6,1,7,-1,-1,-1,-1,1
201397AD02409,1,9,0,15,0,6,0,0,0,0,4,1,6,1,6,1364,1,5,-1,1
201397AD02409,2,9,0,7,0,6,0,0,0,0,3,1,6,2,7,1396,1,9,-1,1
201397AD02410,1,9,0,18,0,0,0,0,0,0,1,1,6,2,6,-1,-1,-1,-1,-1
201397AD02501,1,9,0,4,0,0,1,4,0,0,1,1,6,1,6,-1,-1,-1,-1,3
201397AD02501,2,9,0,10,0,0,0,0,0,0,2,1,1,2,4,1229,1,5,-1,1
201397AD02511,1,9,0,9,0,6,0,0,0,0,1,1,6,1,8,-1,-1,-1,-1,1
201397AD02511,2,3,0,18,0,1,0,0,0,0,1,1,6,1,7,123,1,-1,-1,-1
201397AD02602,1,9,0,18,0,1,0,0,0,0,1,1,6,1,6,-1,-1,-1,-1,3
201397AD02602,2,9,0,18,0,1,0,0,0,0,2,1,6,1,8,1400,1,7,-1,1
201397AD02608,1,1,0,18,0,0,0,0,0,0,1,1,6,1,5,-1,-1,-1,-1,3
201397AD02608,2,9,0,2,0,0,0,0,0,0,3,1,6,3,5,1198,1,-1,-1,1
201397AD02610,1,9,0,7,0,3,0,0,0,0,4,1,6,1,8,1796,1,11,-1,-1
201397AD02610,2,1,0,18,0,5,0,0,0,0,2,1,2,1,6,-1,-1,-1,-1,1
201397AD02612,1,9,0,9,0,8,0,0,0,0,4,1,6,1,6,1242,1,-1,-1,1
201397AD02612,2,9,0,18,0,8,0,0,0,0,1,1,6,1,5,1198,1,9,-1,1
201397AD02708,1,9,0,18,0,1,0,0,0,0,1,1,6,1,6,-1,-1,-1,-1,3
201397AD02708,2,19,0,4,0,1,0,0,0,0,2,1,1,1,6,2198,2,-1,-1,1
201397AD02710,1,9,0,18,0,0,0,0,0,0,1,1,6,2,7,1598,1,1,-1,1
201397AD02808,1,9,0,3,0,0,0,0,0,0,1,1,6,1,6,-1,-1,-1,-1,-1
201397AD02808,2,9,0,18,0,0,0,0,0,0,1,1,6,1,6,2179,2,6,-1,1
201397AD02808,3,1,0,18,0,0,1,0,0,0,1,1,6,1,6,-1,-1,-1,-1,1
201397AD02812,1,9,0,3,0,0,0,0,0,0,4,1,6,2,6,1397,1,10,-1,1
201397AD02903,1,9,0,18,0,2,0,0,0,0,1,1,6,2,7,1600,1,2,-1,1
201397AD02903,2,9,0,17,0,8,0,0,0,0,4,1,6,1,6,1995,1,12,-1,1
201397AD02905,1,9,0,18,0,0,0,0,0,0,1,1,6,1,6,1968,2,-1,-1,1
201397AD02906,1,19,4,18,0,1,0,0,0,0,4,1,1,1,8,2143,2,1,-1,1
201397AD02906,2,1,0,18,0,1,0,0,0,0,3,1,2,1,8,-1,-1,-1,-1,1
201397AD02908,1,9,0,18,0,0,0,0,0,0,2,1,6,1,6,1388,1,11,-1,-1
201397AD02908,2,9,0,18,0,0,0,0,0,0,1,1,3,1,7,1596,1,5,-1,1
201397AD03004,1,9,0,3,0,0,0,0,0,0,1,1,6,1,6,1124,1,11,-1,-1
201397AD03006,1,8,0,18,0,1,0,0,0,0,1,1,1,1,5,1991,2,5,-1,1
201397AD03006,2,9,0,18,0,6,0,0,0,0,2,1,6,2,6,1781,1,12,-1,1
201397AD03010,1,9,0,8,0,8,0,0,0,0,1,1,6,1,6,1598,2,3,-1,1
201397AD03010,2,1,0,18,0,1,0,0,0,0,2,1,6,1,6,-1,-1,-1,-1,1
201397AD03012,1,9,0,9,0,0,0,0,0,0,4,1,6,2,8,1560,2,2,-1,1
201397AD03012,2,1,0,18,0,0,0,0,0,0,1,1,6,2,7,-1,-1,-1,-1,1
201397AD03104,1,9,0,5,0,0,0,0,0,0,1,1,2,1,7,1386,1,5,-1,1
201397AD03104,2,9,0,18,0,0,0,0,0,0,4,1,6,2,9,1299,1,11,-1,1
201397AD03111,1,9,0,9,0,6,0,0,0,0,4,1,6,1,10,1242,1,6,-1,1
201397AD03111,2,9,0,18,0,6,0,0,0,0,1,1,6,1,10,1560,2,3,-1,1
201397AD03209,1,9,0,18,0,1,0,0,0,0,1,1,6,1,6,1995,2,8,-1,1
201397AD03209,2,9,0,5,0,1,0,0,0,0,1,1,6,1,9,1595,1,-1,-1,1
201397AD03209,3,9,0,18,0,1,0,0,0,0,4,1,6,2,9,1560,2,5,-1,3
201397AD03303,1,2,0,18,0,1,0,0,0,0,1,1,6,2,7,124,1,1,-1,1
201397AD03303,2,9,0,9,0,1,0,0,0,0,1,1,6,1,5,1390,1,11,-1,-1
201397AD03401,1,9,0,18,0,0,0,0,0,0,1,1,6,3,6,-1,-1,-1,-1,-1
201397AD03401,2,9,0,3,0,0,0,0,0,0,2,1,6,1,4,1598,1,2,-1,1
201397AD03409,1,9,0,18,0,0,0,0,0,0,1,1,6,1,11,1398,1,12,-1,1
201397AD03504,1,9,0,2,0,0,0,0,0,0,3,1,6,2,6,1598,2,1,-1,-1
201397AD03504,2,1,0,3,0,0,0,0,0,0,4,1,6,1,4,-1,-1,-1,-1,1
201397AD03505,1,9,0,18,0,0,0,0,0,0,4,1,1,2,9,1598,1,-1,-1,1
201397AD03510,1,19,0,18,0,2,1,0,0,0,0,1,1,1,7,2402,2,5,-1,1
201397AD03510,2,11,0,17,0,8,0,0,0,0,3,1,1,1,8,-1,-1,-1,-1,1
201397AD03801,1,9,0,9,0,5,0,0,0,0,1,1,2,1,9,1242,1,3,-1,2
201397AD03810,1,9,0,2,0,1,0,0,0,0,3,1,6,2,8,1149,1,6,-1,1
201397AD03810,2,1,0,18,0,1,0,0,0,0,1,1,2,1,7,-1,-1,-1,-1,1
201397AD03903,1,9,0,18,0,8,0,0,0,0,4,1,2,2,8,1396,1,19,-1,1
201397AD03903,2,9,0,18,0,8,0,0,0,0,3,1,6,2,8,1242,1,-1,-1,1
201397AD03903,3,9,0,18,0,8,0,0,0,0,3,1,6,3,7,-1,-1,-1,-1,-1
201397AD03903,4,9,0,18,0,8,0,0,0,0,3,1,6,3,7,-1,-1,-1,-1,-1
201397AD04001,1,9,0,18,0,0,0,0,0,0,1,1,6,1,7,-1,-1,-1,-1,-1
201397AD04003,1,9,0,1,0,1,0,0,0,0,2,1,2,2,7,1229,1,2,-1,1
201397AD04009,1,9,0,5,0,0,0,0,0,0,3,1,1,1,6,1686,2,-1,-1,1
201397AD04009,2,1,0,18,0,0,0,0,0,0,1,1,6,1,7,-1,-1,-1,-1,-1
201397AD70101,1,8,0,18,0,2,0,0,0,0,1,1,1,1,7,2499,2,5,-1,1
201397AD70104,1,19,0,16,0,7,0,0,0,0,3,1,1,1,7,-1,-1,-1,-1,3
201397AD70104,2,9,0,16,0,7,0,0,0,0,4,1,2,1,7,2993,2,5,-1,1
201397AD70106,1,9,0,18,0,1,0,0,0,0,1,1,6,2,7,-1,-1,-1,-1,1
201397AD70106,2,9,0,10,0,1,0,0,0,0,2,1,6,1,7,1199,1,10,-1,1
201397AD70108,1,9,0,16,0,0,1,0,0,7,1,1,2,2,5,1587,1,8,-1,1
201397AD70109,1,9,0,18,0,1,0,0,0,0,1,1,6,1,8,1995,2,9,-1,-1
201397AD70109,2,1,0,10,0,1,0,0,0,0,2,1,6,1,6,-1,-1,-1,-1,1
201397AD70206,1,9,0,9,0,5,0,0,7,11,1,1,6,2,7,1794,1,4,-1,1
201397AD70310,1,19,0,9,0,5,0,0,0,0,1,1,6,1,6,2198,2,6,-1,1
201397AD70311,1,9,0,5,0,0,0,0,0,0,1,1,6,2,6,1364,1,9,-1,3
201397AD70311,2,5,0,3,0,0,0,0,0,0,2,1,6,1,8,996,1,10,-1,1
201397AD70311,3,9,0,3,0,0,0,0,0,0,2,1,6,1,5,1198,1,3,-1,1
201397AD70311,4,9,0,3,0,0,0,0,0,0,2,1,6,1,8,2400,2,6,-1,-1
201397AD70411,1,1,0,18,0,0,0,0,0,0,1,1,6,1,4,-1,-1,-1,-1,1
201397AE00108,1,9,0,9,0,7,0,0,0,0,1,1,6,2,8,1598,1,7,-1,1
201397AE00108,2,9,0,18,0,1,0,0,0,0,3,1,6,2,6,995,1,8,-1,1
201397AE00206,1,9,0,5,0,8,0,0,0,0,4,1,6,2,8,1997,2,2,-1,3
201397AE00206,2,9,0,18,0,8,0,0,0,0,1,1,2,1,6,1910,2,5,-1,1
201397AE00302,1,9,0,6,0,0,0,10,0,0,3,1,6,1,6,1800,1,13,-1,-1
201397AE00302,2,9,0,14,0,0,0,10,8,7,1,1,3,2,7,1796,1,5,-1,-1
201397AE00305,1,9,0,18,0,1,1,0,0,0,1,1,6,2,7,973,1,15,-1,1
201397AE00305,2,9,0,4,0,1,0,0,0,0,2,1,6,1,7,2698,2,5,-1,1
201397AE00306,1,9,0,18,0,0,0,0,0,0,0,1,6,1,6,1994,2,6,-1,1
201397AE00306,2,9,0,18,0,0,0,0,0,0,0,1,1,2,7,1422,2,4,-1,1
201397AE00307,1,9,0,18,0,1,0,0,1,0,4,1,6,1,11,1598,1,7,-1,1
201397AE00307,2,9,0,16,0,1,0,0,0,0,1,1,6,2,6,1991,2,9,-1,1
201397AE00310,1,9,0,1,9,0,0,0,0,0,4,1,6,1,7,1598,1,1,-1,1
201397AE00401,1,1,0,18,0,8,0,0,0,0,1,1,6,1,6,-1,-1,-1,-1,1
201397AE00401,2,9,0,18,0,8,0,0,0,0,4,1,6,1,8,1364,1,8,-1,1
201397AE00402,1,9,0,5,0,2,0,0,0,0,1,1,6,1,9,1364,1,5,-1,-1
201397AE00405,1,9,0,5,0,6,0,0,0,0,1,1,6,1,8,2793,1,13,-1,1
201397AE00405,2,1,0,18,4,1,2,0,0,0,4,1,2,1,7,-1,-1,-1,-1,1
201397AE00410,1,9,0,18,0,8,0,0,0,0,4,1,2,2,6,1596,1,22,-1,1
201397AE00410,2,19,0,18,0,8,0,0,0,0,1,1,2,1,7,2402,2,2,-1,1
201397AE00506,1,9,0,1,0,8,0,0,0,0,2,1,6,1,6,1598,1,2,-1,1
201397AE00509,1,9,0,1,0,0,0,0,0,0,2,1,6,2,9,1596,1,1,-1,1
201397AE00509,2,1,0,18,0,0,0,0,0,0,1,1,6,1,7,-1,-1,-1,-1,1
201397AE00609,1,9,0,4,0,1,0,0,0,0,1,1,6,1,11,-1,-1,-1,-1,1
201397AE00609,2,9,0,3,0,1,0,0,0,0,2,1,6,2,8,1229,1,4,-1,1
201397AE00704,1,9,0,12,0,1,1,0,0,0,3,1,6,1,5,1686,2,8,-1,1
201397AE00704,2,8,0,6,0,1,0,0,0,0,3,1,1,1,6,1149,1,6,-1,3
201397AE00705,1,19,0,18,0,1,0,0,0,0,1,1,6,3,6,-1,-1,-1,-1,-1
201397AE00705,2,9,0,18,0,1,0,0,0,0,2,1,6,2,6,1598,1,15,-1,1
201397AE00803,1,9,0,9,0,1,0,0,0,0,4,1,6,2,7,1968,2,1,-1,1
201397AE00803,2,9,0,18,0,1,0,0,0,0,1,1,6,1,11,1396,1,14,-1,2
201397AE00806,1,9,0,18,0,1,0,0,0,0,1,1,6,1,5,1364,1,7,-1,-1
201397AE00806,2,9,0,18,0,1,0,0,0,0,2,1,6,2,7,1242,1,4,-1,1
201397AE00807,1,9,0,1,0,0,0,0,0,0,2,1,1,1,6,1598,1,5,-1,2
201397AE00904,1,9,0,18,0,0,0,0,0,0,4,1,3,2,5,1995,2,6,-1,1
201397AE00905,1,8,0,18,0,0,0,0,0,0,4,1,6,2,11,1896,2,9,-1,1
201397AE00907,1,9,0,14,0,0,0,0,0,0,3,1,6,2,7,1229,1,-1,-1,1
201397AE00910,1,90,0,18,0,0,0,0,0,0,4,1,1,1,8,3920,2,10,-1,3
201397AE00911,1,9,0,18,0,6,0,0,0,0,4,1,2,2,6,1598,1,-1,-1,1
201397AE00911,2,9,0,18,0,6,0,0,0,0,1,1,6,1,7,1753,2,6,-1,1
201397AE01001,1,9,0,4,0,1,0,0,0,0,1,1,1,1,10,1598,1,2,-1,1
201397AE01001,2,9,0,3,0,1,0,0,0,0,2,1,2,2,6,1124,1,3,-1,1
201397AE01002,1,9,0,18,0,0,0,0,0,0,1,1,6,2,5,1149,1,8,-1,1
201397AE01002,2,9,0,14,0,0,0,0,0,0,2,1,6,2,8,1896,2,11,-1,1
201397AE01002,3,11,0,2,3,0,0,0,0,0,3,1,6,1,8,-1,2,14,-1,1
201397AE01004,1,9,0,17,0,3,0,0,0,0,4,1,1,2,7,1598,1,11,-1,-1
201397AE01004,2,9,0,9,0,4,0,0,0,0,1,1,1,1,4,1598,1,7,-1,-1
201397AE01010,1,19,0,15,2,0,0,0,0,0,0,1,6,3,7,-1,-1,-1,-1,-1
201397AE01010,2,11,0,18,2,0,0,0,0,0,0,1,1,1,8,6700,2,1,-1,1
201397AE01102,1,9,0,7,0,5,0,0,0,0,0,1,6,3,7,-1,-1,-1,-1,-1
201397AE01102,2,11,0,18,0,8,0,0,0,0,0,1,1,1,8,7300,2,9,-1,1
201397AE01108,1,9,0,18,0,4,0,0,0,0,1,1,6,2,4,1398,1,3,-1,1
201397AE01108,2,9,0,9,0,8,0,0,0,0,4,1,6,2,7,1968,2,1,-1,1
201397AE01203,1,9,0,2,0,0,0,0,0,0,3,1,2,1,7,1998,1,14,-1,1
201397AE01203,2,9,0,18,0,0,0,0,0,0,4,1,2,2,5,1229,1,5,-1,1
201397AE01207,1,1,0,8,0,1,0,0,0,0,1,1,6,2,8,-1,-1,-1,-1,1
201397AE01207,2,2,0,8,0,1,0,0,0,0,2,1,2,1,8,-1,-1,-1,-1,1
201397AE01212,1,9,0,18,0,0,0,0,0,0,1,1,6,1,5,1995,2,2,-1,1
201397AE01212,2,9,0,18,0,0,0,0,0,0,2,1,6,1,9,1956,2,-1,-1,1
201397AE01402,1,9,0,18,0,1,0,0,0,11,3,1,6,1,10,1396,1,11,-1,1
201397AE01402,2,9,0,18,0,1,0,0,0,0,1,1,6,1,6,1598,1,4,-1,1
201397AE01405,1,9,0,5,0,6,0,0,0,0,3,1,6,2,8,998,1,-1,-1,1
201397AE01405,2,1,0,18,4,8,0,0,0,0,1,1,6,1,9,-1,-1,-1,-1,1
201397AE01406,1,1,0,18,0,1,0,0,0,0,1,1,6,1,7,-1,-1,-1,-1,1
201397AE01406,2,9,0,9,0,5,0,0,0,0,1,1,2,1,7,1461,2,2,-1,1
201397AE01407,1,9,0,18,0,0,0,0,0,2,1,1,6,2,8,1997,2,3,-1,1
201397AE01410,1,9,0,18,0,0,0,0,0,0,1,1,2,2,8,1360,1,8,-1,1
201397AE01412,1,9,0,18,0,0,0,0,0,0,1,1,1,1,8,1896,2,6,-1,1
201397AE01412,2,9,0,3,0,0,0,0,4,1,2,1,6,2,6,2993,2,3,-1,1
201397AE01501,1,9,0,9,0,1,0,0,0,0,1,1,6,1,7,1999,1,11,-1,1
201397AE01501,2,9,0,18,0,1,0,0,0,0,1,1,1,1,6,1560,2,7,-1,1
201397AE01506,1,9,0,15,0,0,0,0,0,0,1,1,6,1,5,-1,-1,-1,-1,1
201397AE01507,1,9,0,3,0,6,0,0,0,0,2,1,6,1,6,-1,-1,-1,-1,-1
201397AE01507,2,9,0,3,0,6,0,0,0,0,1,1,2,2,6,1229,1,4,-1,1
201397AE01510,1,9,0,9,0,1,0,0,0,0,1,1,2,1,6,2171,1,9,-1,1
201397AE01510,2,9,0,18,0,1,0,0,0,0,3,1,3,1,6,1560,2,1,-1,1
201397AE01510,3,19,0,3,0,1,0,0,0,0,1,1,1,1,7,2402,2,2,-1,1
201397AE01510,4,19,0,3,0,1,0,0,0,0,1,1,1,1,7,2402,2,2,-1,1
201397AE01511,1,19,0,4,0,1,0,0,0,0,1,1,1,1,7,2402,2,6,1,1
201397AE01511,2,9,0,4,0,1,0,0,0,0,2,1,6,1,6,1968,2,3,-1,1
201397AE01511,3,9,0,4,0,1,0,0,0,0,2,1,6,2,6,1198,1,2,-1,1
201397AE01511,4,9,0,4,0,1,0,0,0,0,2,1,6,2,6,1999,1,7,-1,1
201397AE01512,1,19,0,4,0,0,1,0,0,0,1,1,1,1,8,1998,2,7,-1,1
201397AE01512,2,9,0,4,0,0,0,0,0,0,2,1,1,1,6,1229,1,4,-1,1
201397AE01512,3,9,0,4,0,0,0,0,0,0,2,1,1,2,7,1598,1,2,-1,1
201397AE01608,1,9,0,18,0,1,0,0,0,0,3,1,6,3,6,-1,-1,-1,-1,-1
201397AE01609,1,9,0,18,0,0,0,0,0,0,1,1,2,2,6,1591,1,1,-1,-1
201397AE01609,2,9,0,18,0,0,0,0,0,0,2,1,3,2,7,1598,2,2,-1,1
201397AE01609,3,9,0,18,0,0,0,0,0,0,2,1,2,2,7,1598,1,3,-1,1
201397AE01611,1,9,0,18,0,8,0,0,0,0,1,1,6,2,4,1198,1,5,-1,1
201397AE01611,2,9,0,18,0,8,0,0,0,0,4,1,6,1,5,1149,1,6,-1,1
201397AE01801,1,9,0,18,9,2,1,10,3,11,1,1,6,1,7,1124,1,13,-1,1
201397AE01808,1,8,0,2,2,0,0,0,0,0,0,1,1,1,8,1910,2,4,-1,1
201397AE01905,1,8,0,18,0,0,0,0,0,0,1,1,1,1,8,-1,-1,-1,-1,1
201397AE01910,1,9,0,18,0,0,0,0,0,0,1,1,6,2,6,1363,2,10,-1,1
201397AE01910,2,9,0,18,0,0,0,0,0,0,1,1,6,1,4,1398,1,2,-1,1
201397AE02009,1,9,0,18,0,6,0,0,0,0,1,1,6,2,11,1796,1,7,-1,1
201397AE02009,2,1,0,18,0,1,0,0,0,0,3,1,6,1,9,-1,-1,-1,-1,1
201397AE02012,1,9,0,18,0,0,0,0,0,0,3,1,3,1,9,1997,2,9,-1,1
201397AE02102,1,9,0,5,0,8,0,0,0,0,4,1,6,2,6,1390,1,9,-1,1
201397AE02102,2,9,0,18,0,8,1,0,0,0,1,1,3,1,7,1364,1,6,-1,1
201397AE02109,1,9,0,5,0,1,0,0,0,0,0,1,6,1,7,1796,1,-1,-1,1
201397AE02208,1,8,0,6,0,8,0,0,0,0,1,1,1,1,8,1910,2,3,-1,1
201397AE02208,2,9,0,10,0,8,0,0,0,0,3,1,6,2,7,1397,1,4,-1,1
201397AE02306,1,9,0,18,0,8,0,0,0,0,1,1,6,1,6,-1,-1,-1,-1,-1
201397AE02306,2,9,0,9,0,8,0,0,0,0,4,1,6,1,6,1598,2,-1,-1,1
201397AE02402,1,9,0,4,0,0,0,0,0,0,1,1,6,2,6,3628,2,6,-1,1
201397AE02402,2,9,0,3,0,0,0,0,0,0,2,1,6,2,6,1587,1,10,-1,1
201397AE02410,1,9,0,7,0,1,0,0,0,0,0,1,6,1,6,-1,-1,-1,-1,-1
201397AE02410,2,11,0,18,0,1,0,0,0,0,0,1,1,1,6,5883,2,12,-1,-1
201397AE02510,1,9,0,18,0,0,0,0,0,0,3,1,1,1,7,-1,-1,-1,-1,1
201397AE02605,1,9,0,5,0,0,0,0,0,0,4,1,6,2,7,1398,1,2,-1,1
201397AE02609,1,9,0,3,0,0,0,0,0,0,1,1,6,2,6,1339,1,-1,-1,3
201397AE70107,1,9,0,9,0,8,0,0,0,0,1,1,6,1,9,1956,2,-1,-1,1
201397AE70107,2,9,0,18,0,8,0,0,0,0,2,1,6,1,10,1988,1,17,-1,1
201397AE70112,1,9,0,3,0,1,0,0,0,0,1,1,6,1,8,-1,-1,-1,-1,3
201397AE70112,2,9,0,8,0,1,0,0,0,0,2,1,6,2,5,1242,1,6,-1,3
201397BA00101,1,9,0,11,0,1,0,0,0,0,3,1,2,1,7,1598,2,1,-1,1
201397BA00103,1,9,0,18,0,0,0,0,0,0,0,1,2,1,6,1796,1,8,-1,1
201397BA00203,1,9,0,18,0,1,0,0,0,0,4,1,6,1,5,1598,1,1,-1,1
201397BA00203,2,11,0,18,0,1,0,0,0,0,1,1,1,1,7,8268,2,12,-1,1
201397BA00208,1,9,0,7,0,5,0,0,1,0,0,1,2,2,9,1198,1,6,-1,1
201397BA00208,2,1,0,5,0,1,0,0,0,0,1,1,2,1,6,-1,-1,-1,-1,1
201397BA00209,1,9,0,18,0,8,0,0,0,0,1,1,2,2,7,1398,2,11,-1,1
201397BA00209,2,9,0,18,0,8,0,0,0,0,3,1,2,1,8,-1,-1,-1,-1,-1
201397BA00210,1,9,0,18,0,1,0,0,0,0,1,1,6,1,11,1461,2,6,-1,1
201397BA00210,2,9,0,18,0,1,0,0,0,0,1,1,6,1,7,1398,1,-1,-1,1
201397BA00210,3,9,0,18,0,1,0,0,0,0,4,1,6,1,6,1798,1,2,-1,1
201397BA00211,1,9,0,1,0,0,0,0,0,0,4,1,6,1,7,1461,2,4,-1,1
201397BA00303,1,1,0,14,0,1,0,0,0,0,1,1,6,1,6,-1,-1,-1,-1,-1
201397BA00303,2,9,0,9,0,1,0,0,0,0,1,1,6,2,6,1686,2,-1,-1,-1
201397BA00307,1,9,0,18,0,0,0,0,0,0,4,1,2,2,5,2401,2,7,-1,2
201397BA00406,1,9,0,18,0,1,0,0,0,0,1,1,6,2,10,1360,1,10,-1,1