Accident_Index,Vehicle_Reference,Vehicle_Type,Towing_and_Articulation,Vehicle_Manoeuvre,Vehicle_Location-Restricted_Lane,Junction_Location,Skidding_and_Overturning,Hit_Object_in_Carriageway,Vehicle_Leaving_Carriageway,Hit_Object_off_Carriageway,1st_Point_of_Impact,Was_Vehicle_Left_Hand_Drive?,Journey_Purpose_of_Driver,Sex_of_Driver,Age_Band_of_Driver,Engine_Capacity_(CC),Propulsion_Code,Age_of_Vehicle,Driver_IMD_Decile,Driver_Home_Area_Type
201397BF00805,1,9,0,9,0,8,0,0,0,0,2,1,6,1,5,1149,1,12,-1,3
201397BF00805,2,9,0,18,0,8,0,0,0,0,1,1,6,2,7,998,1,3,-1,1
201397BF00806,1,9,0,18,0,3,0,0,0,0,2,1,6,2,4,-1,-1,-1,-1,-1
201397BF00903,1,9,0,3,0,0,0,0,0,0,1,1,6,2,5,-1,-1,-1,-1,1
201397BF00903,2,9,0,3,0,0,0,0,0,0,2,1,1,1,6,1461,2,2,-1,1
201397BF00909,1,9,0,7,0,1,0,0,0,0,1,1,6,2,6,1796,1,6,-1,1
201397BF00909,2,9,0,8,0,1,0,0,0,0,2,1,6,2,11,998,1,11,-1,1
201397BF00910,1,9,0,9,0,2,0,0,0,0,1,1,6,2,11,1229,1,7,-1,1
201397BF01003,1,9,0,18,0,0,5,0,1,4,1,1,6,1,4,1199,1,10,-1,2
201397BF01011,1,9,0,18,0,0,0,0,0,0,1,1,6,1,5,1595,1,6,-1,1
201397BF01103,1,3,0,14,0,1,0,0,0,0,3,1,2,1,6,125,1,4,-1,1
201397BF01109,1,19,0,6,0,8,0,0,0,0,3,1,6,1,7,1995,2,5,-1,-1
201397BF01109,2,9,0,18,0,8,0,0,0,0,4,1,6,2,9,1349,1,9,-1,1
201397BF01201,1,9,0,3,0,1,0,0,0,0,1,1,6,2,6,1598,1,1,-1,1
201397BF01201,2,9,0,3,0,1,0,0,0,0,2,1,1,1,7,1896,2,12,-1,1
201397BF01202,1,9,0,7,0,2,1,0,0,0,1,1,1,1,5,1968,2,5,-1,1
201397BF01202,2,9,0,3,0,1,0,0,0,0,1,1,6,1,9,2499,1,1,8,3
201397BF01208,1,9,0,3,0,0,2,0,7,0,2,1,6,1,9,1798,1,11,-1,1
201397BF01209,1,9,0,9,0,1,0,0,0,0,3,1,6,1,11,1997,1,11,-1,2
201397BF01209,2,9,0,18,0,1,0,0,0,0,1,1,6,1,9,1587,1,7,-1,1
201397BF01302,1,9,0,16,0,0,1,0,0,0,1,1,6,1,9,1461,2,1,-1,1
201397BF01302,2,9,0,16,0,0,0,0,0,10,1,1,6,2,6,1149,1,9,-1,1
201397BF01306,1,9,0,18,0,0,0,10,2,2,1,1,6,1,7,1149,1,6,-1,3
201397BF01308,1,9,0,1,0,0,0,4,0,0,2,1,6,2,8,1995,1,5,-1,1
201397BF01308,2,9,0,2,0,0,0,0,0,0,3,1,1,2,4,1299,1,9,-1,1
201397BF01309,1,11,0,18,0,0,0,0,0,0,0,1,1,1,5,9360,2,4,-1,1
201397BF01309,2,9,0,18,8,0,0,0,0,0,1,1,6,1,6,1368,1,-1,-1,1
201397BF01402,1,9,0,18,0,0,1,0,0,0,1,1,2,2,6,1968,2,4,-1,1
201397BF01402,2,9,0,18,0,0,0,0,0,0,2,1,2,2,8,1796,1,8,-1,1
201397BF01409,1,9,0,18,0,0,0,0,0,0,1,1,6,1,10,1948,1,16,-1,1
201397BF01409,2,9,0,3,0,0,0,0,0,0,2,1,6,1,8,2494,1,14,-1,1
201397BF01412,1,8,0,9,0,6,0,0,0,0,1,1,1,1,10,1995,2,7,-1,1
201397BF01502,1,9,0,4,0,1,0,0,0,0,1,1,2,1,6,1598,1,4,-1,2
201397BF01502,2,9,0,3,0,1,0,0,0,0,2,1,6,2,6,1598,1,6,-1,1
201397BF01605,1,9,0,9,0,1,0,0,0,0,4,1,3,2,7,2435,1,9,-1,1
201397BF01605,2,9,0,17,0,1,0,0,0,0,1,1,2,2,7,1896,2,13,-1,1
201397BF01705,1,9,0,18,0,1,0,0,0,0,1,1,6,2,8,2993,2,1,-1,1
201397BF01705,2,9,0,18,0,1,0,0,0,0,1,1,6,1,7,1242,1,6,-1,1
201397BF01706,1,9,0,18,0,0,1,4,0,0,1,1,6,2,7,1596,1,12,-1,1
201397BF01706,2,9,0,3,0,0,0,0,0,0,2,1,6,1,5,1242,1,-1,-1,1
201397BF01708,1,9,0,18,0,1,0,0,0,0,1,1,6,1,6,1998,1,5,-1,1
201397BF01708,2,9,0,3,0,4,0,0,0,0,2,1,6,2,9,1598,2,3,-1,1
201397BF01709,1,5,0,17,0,0,1,0,0,0,0,1,6,1,9,1170,1,5,-1,1
201397BF01712,1,8,0,18,0,1,0,0,0,0,3,1,6,1,8,2664,2,15,-1,-1
201397BF01712,2,9,0,2,0,1,0,0,0,0,3,1,6,2,7,1560,2,6,-1,1
201397BF01802,1,9,0,16,0,5,0,0,0,0,1,1,6,1,6,-1,-1,-1,-1,-1
201397BF01808,1,9,0,16,0,4,0,0,0,0,0,1,6,2,5,-1,-1,-1,-1,-1
201397BF01808,2,4,0,9,0,4,1,0,0,0,0,1,6,1,7,125,1,1,-1,1
201397BF01811,1,9,0,18,0,0,5,7,0,0,4,1,6,2,11,796,1,11,-1,1
201397BF01902,1,9,0,7,0,8,0,0,0,0,4,1,6,1,11,1590,1,10,-1,1
201397BF01903,1,9,0,17,0,0,1,10,0,7,1,1,2,2,6,1368,1,6,-1,2
201397BF01907,1,9,0,18,0,8,0,0,0,0,3,1,6,2,8,1798,1,3,-1,1
201397BF01907,2,9,0,18,0,8,0,0,0,0,1,1,6,1,9,1398,1,-1,5,1
201397BF01912,1,9,0,9,0,8,0,0,0,0,4,1,6,1,7,1910,2,3,-1,1
201397BF01912,2,3,0,18,0,8,0,0,0,0,1,1,6,1,5,124,1,2,-1,-1
201397BF02005,1,9,0,2,0,0,0,0,0,0,3,1,6,2,6,1584,1,11,-1,1
201397BF02005,2,9,0,18,0,0,0,0,0,0,4,1,6,1,10,1560,2,3,-1,1
201397BF02006,1,9,0,17,0,0,2,0,7,0,1,1,6,1,4,1149,1,10,-1,1
201397BF02010,1,9,0,9,0,8,0,0,0,0,1,1,6,2,7,1798,1,9,-1,2
201397BF02010,2,9,0,18,0,8,0,0,1,0,1,1,6,2,8,1242,1,2,-1,3
201397BF02106,1,9,0,18,0,1,0,0,0,0,1,1,6,1,8,1598,1,2,-1,1
201397BF02106,2,9,0,4,0,1,0,0,0,0,1,1,6,2,4,1242,1,1,-1,1
201397BF02110,1,9,0,9,0,1,0,0,0,0,1,1,6,1,8,-1,-1,-1,-1,1
201397BF02110,2,9,0,16,0,2,0,0,1,0,1,1,6,2,7,2198,1,11,-1,-1
201397BF02202,1,9,0,9,0,6,0,0,0,0,1,1,1,1,6,1198,1,5,-1,2
201397BF02202,2,9,0,18,0,1,0,0,0,0,3,1,6,1,10,1598,1,14,-1,1
201397BF02207,1,9,0,15,0,0,0,0,0,0,1,1,6,2,10,1149,1,3,-1,1
201397BF02207,2,19,0,2,0,0,0,0,0,0,2,1,6,1,7,2396,2,10,-1,-1
201397BF02208,1,9,0,18,0,0,2,0,7,11,4,1,6,1,4,-1,-1,-1,-1,1
201397BF02208,2,9,0,2,0,0,0,0,0,0,4,1,6,3,7,1339,8,1,-1,1
201397BF02210,1,9,0,9,0,8,0,0,0,0,1,1,6,1,7,1360,1,12,-1,1
201397BF02210,2,9,0,17,0,8,0,0,0,0,1,1,6,2,7,1905,2,16,-1,3
201397BF02211,1,9,0,18,0,1,0,0,0,0,1,1,6,1,9,1598,1,10,-1,1
201397BF02211,2,9,0,4,0,1,0,0,0,0,2,1,6,2,8,1995,2,3,-1,1
201397BF02211,3,9,0,10,0,1,0,0,0,0,2,1,6,2,7,1149,1,10,-1,-1
201397BF02307,1,9,0,5,0,1,0,0,0,0,1,1,6,2,11,1242,1,11,-1,1
201397BF02307,2,9,0,5,0,1,0,0,0,0,1,1,6,2,8,-1,-1,-1,-1,1
201397BF02309,1,9,0,17,0,0,5,0,0,0,4,1,6,2,7,1870,2,12,-1,-1
201397BF02309,2,9,0,17,0,0,0,0,0,0,4,1,6,1,8,3500,1,16,-1,3
201397BF02312,1,9,0,3,0,0,0,0,0,0,0,1,3,2,7,1968,2,6,-1,1
201397BF02405,1,9,5,16,0,0,0,0,0,0,1,1,1,1,6,-1,-1,-1,-1,1
201397BF02405,2,9,0,17,0,0,0,0,0,0,1,1,6,2,7,1995,2,8,-1,1
201397BF02406,1,19,0,18,0,1,0,0,0,0,1,1,6,1,6,2198,2,1,-1,1
201397BF02406,2,9,0,3,0,1,0,0,0,0,2,1,6,1,8,1364,1,6,-1,1
201397BF02407,1,9,0,18,0,8,0,0,3,11,1,1,1,1,8,4367,2,2,-1,3
201397BF02407,2,9,0,9,0,8,0,0,0,0,4,1,2,1,7,1796,1,7,-1,1
201397BF02408,1,19,0,9,0,1,0,0,0,0,1,1,1,1,8,2198,2,3,-1,3
201397BF02408,2,9,0,18,0,1,0,0,1,0,3,1,1,2,7,1398,1,3,-1,1
201397BF02410,1,9,0,3,0,3,0,0,3,11,1,1,6,1,4,1149,1,11,-1,1
201397BF02503,1,9,0,18,0,1,0,0,0,0,1,1,6,2,11,1349,1,1,-1,1
201397BF02503,2,9,0,3,0,1,0,0,0,0,2,1,1,1,6,-1,-1,-1,-1,-1
201397BF02505,1,9,0,7,0,6,0,0,0,0,3,1,6,2,4,1242,1,5,-1,-1
201397BF02505,2,4,0,18,0,1,0,0,0,0,4,1,6,2,8,535,1,20,-1,1
201397BF02509,1,9,0,4,0,0,0,0,0,0,1,1,1,2,5,998,1,7,-1,3
201397BF02509,2,9,0,4,0,0,0,0,0,0,1,1,1,1,8,2435,1,13,-1,1
201397BF02509,3,9,0,4,0,0,0,0,0,0,2,1,6,1,6,1910,2,4,-1,1
201397BF02610,1,19,0,10,0,8,0,0,0,0,1,1,6,1,8,-1,-1,-1,-1,-1
201397BF02610,2,9,0,18,0,8,1,0,0,0,1,1,6,2,6,1242,1,2,-1,1
201397BF02612,1,9,0,18,0,0,0,0,2,11,4,1,6,1,6,1390,1,11,-1,1
201397BF02701,1,9,0,6,0,0,0,0,0,0,3,1,6,1,5,1390,1,8,-1,1
201397BF02701,2,9,0,4,0,0,0,0,0,0,1,1,6,1,7,1796,1,13,-1,1
201397BF02703,1,9,0,17,0,0,1,0,0,0,3,1,6,1,6,1360,1,11,-1,1
201397BF02703,2,9,0,16,0,0,0,0,0,0,1,1,2,1,7,1794,1,11,-1,1
201397BF02705,1,9,0,15,0,0,0,0,0,0,4,1,6,2,11,1242,1,1,-1,2
201397BF02705,2,1,0,9,0,0,0,0,0,0,3,1,6,1,10,-1,-1,-1,-1,1
201397BF02707,1,9,0,4,0,0,0,0,0,0,1,1,6,1,4,1368,1,6,-1,1
201397BF02707,2,9,0,3,0,0,0,0,0,0,2,1,6,1,7,1364,1,6,-1,1
201397BF02710,1,9,0,14,0,0,0,0,0,0,4,1,6,1,7,973,1,12,-1,1
201397BF02803,1,9,0,7,0,6,0,0,0,0,1,1,6,3,6,-1,-1,-1,-1,-1
201397BF02803,2,9,0,18,0,8,0,0,0,0,3,1,6,1,7,1995,1,2,-1,2
201397BF02806,1,9,0,18,0,1,1,0,0,0,1,1,6,2,9,993,1,12,-1,1
201397BF02806,2,9,0,18,0,1,0,0,0,0,2,1,6,2,9,1560,2,3,-1,1
201397BF02810,1,9,0,18,0,1,0,4,0,0,1,1,6,1,10,1598,2,1,-1,1
201397BF02810,2,9,0,9,0,6,0,0,0,0,1,1,2,2,9,998,1,3,-1,3
201397BF02810,3,9,0,2,0,1,0,0,0,0,1,1,6,3,6,1796,1,7,-1,1
201397BF02812,1,9,0,1,0,2,0,0,0,0,1,1,2,1,7,1598,1,4,-1,2
201397BF02902,1,11,0,4,0,0,0,0,0,0,0,1,1,1,6,-1,2,13,-1,3
201397BF02902,2,9,0,9,0,0,0,0,0,0,0,1,2,2,6,1598,1,3,-1,-1
201397BF02903,1,9,0,18,0,0,0,0,0,0,1,1,6,1,6,1905,2,16,-1,1
201397BF02903,2,9,0,18,0,0,0,0,0,0,1,1,6,1,8,1997,2,8,-1,1
201397BF02906,1,9,0,18,0,0,2,0,0,0,1,1,6,1,6,1390,1,8,-1,1
201397BF02906,2,9,0,2,0,0,0,0,0,0,2,1,6,3,6,1582,2,3,-1,1
201397BF03006,1,9,0,5,0,4,0,0,0,0,3,1,6,1,11,1582,2,5,-1,1
201397BF03006,2,3,0,18,0,3,0,0,0,0,1,1,6,1,4,124,1,5,-1,1
201397BF03008,1,9,0,18,0,0,0,0,0,0,4,1,3,1,7,1364,1,4,-1,1
201397BF03112,1,9,0,18,0,8,0,0,0,0,4,1,6,2,7,1360,1,6,-1,2
201397BF03201,1,8,0,5,0,0,0,0,0,0,0,1,6,1,6,-1,-1,-1,-1,-1
201397BF03203,1,9,0,18,0,0,0,0,0,0,1,1,2,1,6,1995,2,-1,-1,1
201397BF03203,2,9,0,18,0,0,0,0,0,0,2,1,6,2,8,1973,1,12,-1,1
201397BF03207,1,21,0,5,0,1,0,0,0,0,0,1,6,1,6,9364,2,9,-1,1
201397BF03208,1,9,0,18,0,0,0,0,0,0,1,1,3,2,5,1149,1,3,-1,1
201397BF03211,1,9,0,18,0,1,0,0,0,0,4,1,6,2,4,899,1,-1,-1,1
201397BF03308,1,9,0,17,0,4,0,0,0,0,3,1,6,2,6,1299,1,5,-1,1
201397BF03308,2,1,0,9,0,3,0,0,0,0,1,1,6,1,9,-1,-1,-1,-1,1
201397BF03402,1,9,0,7,0,0,1,0,7,10,1,1,2,1,5,1360,1,3,-1,1
201397BF03502,1,9,0,18,0,1,0,0,0,0,1,1,6,2,6,1229,1,3,-1,1
201397BF03502,2,9,0,3,0,1,0,0,0,0,2,1,2,2,9,998,1,8,-1,1
201397BF03502,3,9,0,3,0,1,0,0,0,0,2,1,2,1,6,1229,1,4,-1,1
201397BF03505,1,9,0,16,0,0,2,0,7,0,0,1,6,1,5,1149,1,9,-1,1
201397BF03905,1,9,0,3,0,1,0,0,0,0,4,1,6,1,11,1956,2,4,-1,1
201397BF03905,2,9,0,2,0,1,0,0,0,0,3,1,6,3,6,1229,1,2,-1,-1
201397BF03905,3,9,0,2,0,1,0,0,0,0,3,1,6,3,6,998,1,7,-1,-1
201397BF03905,4,9,0,2,0,1,0,0,0,0,1,1,6,3,6,2993,2,6,-1,-1
201397BF04105,1,9,0,18,0,0,0,0,0,0,3,1,2,1,7,1598,1,-1,-1,1
201397BF04209,1,9,0,7,0,1,0,0,0,0,1,1,6,1,8,1686,2,2,-1,1
201397BF04209,2,1,0,18,0,1,0,0,0,0,1,1,6,1,3,-1,-1,-1,-1,3
201397BF04605,1,19,0,4,0,0,0,0,0,0,1,1,2,1,9,1753,2,7,-1,1
201397BF04605,2,19,0,3,0,0,0,0,0,0,2,1,1,1,7,2200,2,6,-1,1
201397BF70106,1,9,0,18,0,6,0,0,0,0,1,1,6,2,8,1997,2,4,-1,2
201397BF70110,1,9,0,18,0,0,0,0,0,0,1,1,3,2,7,1968,2,5,-1,1
201397BF70205,1,9,0,18,0,1,0,0,0,0,1,1,1,1,7,2993,2,-1,-1,1
201397BF70205,2,9,0,18,0,1,0,0,0,0,3,1,1,1,5,1598,1,2,-1,1
201397GA00104,1,21,1,3,0,0,0,0,0,0,3,1,6,1,6,12900,2,2,6,1
201397GA00104,2,9,0,3,0,0,0,0,0,0,4,1,6,1,6,2000,1,4,-1,3
201397GA00105,1,1,0,18,0,1,0,0,0,0,1,1,6,1,6,-1,-1,-1,-1,1
201397GA00105,2,19,0,4,0,6,0,0,0,0,1,1,1,1,10,1686,2,11,-1,1
201397GA00204,1,11,0,12,0,8,0,0,0,0,3,1,1,1,9,7300,2,8,-1,1
201397GA00204,2,9,0,7,0,8,0,0,0,0,1,1,6,2,4,1149,1,9,-1,1
201397GA00301,1,11,0,5,0,0,0,0,0,0,0,1,1,1,8,6700,2,4,-1,1
201397GA00307,1,19,0,18,0,0,0,0,0,0,0,1,6,3,6,-1,-1,-1,-1,-1
201397GA00407,1,19,0,4,0,0,0,0,0,0,3,1,1,1,8,2461,2,4,-1,-1
201397GA00409,1,9,0,5,0,2,0,0,0,0,3,1,6,1,8,1796,1,8,-1,1
201397GA00411,1,9,0,18,0,8,0,0,0,0,1,1,6,1,9,1560,2,4,-1,1
201397GA00411,2,1,0,10,0,1,0,0,0,0,2,1,6,1,6,-1,-1,-1,-1,1
201397GA00412,1,19,0,18,0,0,0,0,0,0,1,2,6,3,6,-1,-1,-1,-1,-1
201397GA00412,2,9,0,18,0,0,0,0,0,0,2,1,3,2,7,1149,1,10,-1,1
201397GA00502,1,9,0,9,0,1,0,0,0,0,0,1,6,3,7,-1,-1,-1,-1,-1
201397GA00502,2,8,0,5,0,1,0,0,0,0,0,1,1,3,6,-1,-1,-1,-1,-1
201397GA00502,3,9,0,5,0,1,0,0,0,0,2,1,2,1,7,1590,1,8,-1,1
201397GA00502,4,9,0,5,0,1,0,0,0,0,1,1,2,1,7,1124,1,8,-1,1
201397GA00508,1,19,0,9,0,6,0,4,1,0,1,1,6,2,5,-1,-1,-1,-1,1
201397GA00508,2,9,0,10,0,1,0,0,0,0,1,1,6,1,8,-1,-1,-1,-1,-1
201397GA00508,3,9,0,2,0,1,0,0,0,0,1,1,6,1,8,1995,2,1,-1,1
201397GA00508,4,9,0,2,0,1,0,0,0,0,1,1,6,1,6,1242,1,1,-1,-1
201397GA00509,1,19,0,13,0,1,0,0,0,0,1,1,6,3,6,-1,-1,-1,-1,-1
201397GA00509,2,1,0,18,0,1,0,0,0,0,2,1,6,1,4,-1,-1,-1,-1,1
201397GA00512,1,9,0,18,0,0,0,0,0,0,1,1,6,1,7,-1,-1,-1,-1,2
201397GA00512,2,1,0,18,0,0,0,0,0,0,2,1,6,2,6,-1,-1,-1,-1,1
201397GA00603,1,9,0,4,0,0,1,0,0,0,1,1,6,2,6,1598,1,9,-1,1
201397GA00603,2,9,0,3,0,0,0,0,0,0,2,1,6,2,10,1984,1,11,-1,1
201397GA00604,1,9,0,1,0,6,0,0,0,0,2,1,6,1,4,1398,1,3,-1,1
201397GA00612,1,9,0,9,0,8,0,0,0,0,4,1,6,3,6,-1,-1,-1,-1,-1
201397GA00612,2,1,0,18,0,8,0,0,0,0,3,1,2,2,7,-1,-1,-1,-1,1
201397GA00701,1,9,0,9,0,2,0,0,0,0,0,1,1,2,9,1461,2,3,-1,1
201397GA00701,2,9,0,18,0,2,0,0,0,0,1,1,2,1,7,1461,2,3,-1,1
201397GA00705,1,9,0,4,0,1,0,0,0,0,0,1,6,1,6,1896,2,5,-1,-1
201397GA00705,2,9,0,4,0,1,0,0,0,0,2,1,6,1,6,1242,1,9,-1,-1
201397GA00706,1,9,0,3,0,0,0,0,0,0,1,1,2,1,7,-1,-1,-1,-1,-1
201397GA00706,2,9,0,3,0,0,0,0,0,0,2,1,2,2,7,1198,1,3,-1,1
201397GA00711,1,11,0,4,0,1,0,0,0,0,1,1,1,1,7,7300,2,9,-1,1
201397GA00711,2,9,0,3,0,1,0,0,0,0,2,1,1,1,6,2148,2,4,-1,1
201397GA00802,1,9,0,18,0,1,0,0,0,0,1,1,6,1,6,2457,1,14,-1,1
201397GA00802,2,9,0,18,0,1,0,0,0,0,2,1,6,2,8,1240,1,8,-1,1
201397GA00810,1,9,0,18,0,0,0,0,0,0,1,1,6,1,8,1951,2,8,-1,1
201397GA00810,2,9,0,3,0,0,0,0,0,0,2,1,2,1,8,1999,1,10,-1,3
201397GA00903,1,9,0,18,0,1,0,0,4,0,1,1,6,1,7,1998,2,10,-1,1
201397GA00903,2,9,0,4,0,1,0,0,0,0,2,1,6,2,6,1596,1,6,-1,1
201397GA00903,3,9,0,12,0,1,0,0,0,0,0,1,6,3,6,2967,2,2,-1,-1
201397GA00909,1,9,0,6,0,0,0,0,0,0,1,1,6,1,6,2143,2,1,-1,-1
201397GA00909,2,9,0,18,0,0,0,0,0,0,1,1,6,1,5,1598,1,7,-1,1
201397GA00911,1,9,0,18,0,0,0,0,0,0,1,1,1,1,8,1896,2,6,-1,1
201397GA00912,1,9,0,18,0,0,0,0,0,0,4,1,6,2,9,2148,2,10,-1,1
201397GA00912,2,9,0,18,0,0,0,0,0,0,3,1,1,2,7,1997,2,5,-1,1
201397GA01002,1,9,0,18,0,1,0,0,0,0,1,1,6,1,6,1390,1,13,-1,1
201397GA01002,2,9,0,4,0,1,0,0,0,0,2,1,6,1,6,1968,2,4,-1,1
201397GA01006,1,9,0,18,0,1,1,0,0,0,1,1,6,1,6,1242,1,3,-1,1
201397GA01006,2,11,0,18,0,1,1,0,0,0,1,1,6,1,8,11000,2,15,-1,1
201397GA01007,1,5,0,18,0,1,0,0,0,0,1,1,2,1,8,1250,1,11,-1,1
201397GA01102,1,9,0,9,0,8,0,0,0,0,1,1,2,1,6,2231,2,5,-1,1
201397GA01103,1,9,0,18,0,1,0,0,0,0,1,1,1,1,8,1896,2,7,-1,1
201397GA01104,1,21,4,18,0,0,0,0,0,0,3,1,1,1,8,4250,2,10,-1,1
201397GA01105,1,9,0,18,0,0,0,0,0,0,4,1,6,1,11,1596,1,1,-1,1
201397GA01106,1,9,0,18,0,0,0,0,0,0,1,1,1,2,10,1598,1,9,-1,-1
201397GA01106,2,9,0,5,0,0,0,0,0,0,2,1,6,1,10,1242,1,9,-1,1
201397GA01106,3,9,0,5,0,0,0,0,0,0,2,1,6,1,6,1242,1,1,-1,-1
201397GA01106,4,9,0,5,0,0,0,0,0,0,2,1,6,1,4,1364,1,7,-1,1
201397GA01106,5,9,0,5,0,0,0,0,0,0,2,1,2,1,5,1390,1,10,-1,1
201397GA01208,1,9,0,5,0,2,0,0,0,0,4,1,6,1,6,1587,1,6,-1,1
201397GA01208,2,9,0,18,0,8,0,0,0,0,3,1,6,1,8,1850,1,11,-1,1
201397GA01301,1,9,0,16,6,8,1,0,1,11,1,1,6,1,6,-1,-1,-1,-1,1
201397GA01302,1,9,0,4,0,0,0,0,0,0,3,1,2,2,7,2987,2,4,-1,3
201397GA01307,1,9,0,11,0,3,0,0,0,0,0,1,6,2,10,2521,1,8,-1,2
201397GA01307,2,8,0,18,0,3,0,0,0,0,0,1,1,1,7,2664,2,12,-1,1
201397GA01308,1,9,0,18,0,4,0,0,0,0,1,1,6,2,6,-1,-1,-1,-1,-1
201397GA01308,2,10,0,18,0,3,0,0,0,0,4,1,6,1,7,-1,-1,-1,-1,1
201397GA01401,1,9,0,14,0,2,0,0,0,0,4,1,6,1,7,1998,1,13,-1,1
201397GA01409,1,9,0,18,0,6,0,0,0,0,4,1,2,2,5,998,1,2,-1,1
201397GA01409,2,1,0,18,0,1,0,0,0,0,1,1,6,1,6,-1,-1,-1,-1,1
201397GA01506,1,9,0,7,0,0,0,0,0,0,4,1,6,2,7,-1,-1,-1,-1,-1
201397GA01506,2,1,0,18,0,0,0,0,0,0,3,1,6,1,5,-1,-1,-1,-1,1
201397GA01508,1,9,0,5,7,2,0,0,0,0,1,1,2,1,6,1360,1,3,-1,1
201397GA01508,2,9,0,5,0,7,0,0,0,0,2,1,1,2,6,1242,1,2,-1,1
201397GA01610,1,9,0,18,0,8,0,0,0,0,1,1,6,1,5,1242,1,11,-1,2
201397GA01610,2,9,0,18,0,8,0,0,1,2,3,1,2,2,9,1360,1,9,-1,1
201397GA01612,1,19,0,5,0,4,0,0,0,0,1,1,6,1,9,1598,2,1,-1,2
201397GA01612,2,1,0,18,0,3,2,0,0,0,2,1,6,1,7,-1,-1,-1,-1,1
201397GA01707,1,9,0,5,0,0,0,0,0,0,3,1,6,2,8,1598,2,-1,-1,1
201397GA01707,2,9,0,18,0,0,0,0,0,0,4,1,6,2,9,1339,1,1,-1,1
201397GA01804,1,9,0,18,0,2,0,0,0,0,1,1,1,2,6,1242,1,4,-1,1
201397GA01804,2,9,0,18,0,2,0,0,0,0,1,1,1,2,6,1329,1,3,-1,1
201397GA01804,3,9,0,18,0,2,0,0,0,0,2,1,1,2,9,1587,1,9,-1,1
201397GA01806,1,3,0,4,0,1,1,0,0,0,0,1,2,2,4,125,1,1,-1,1
201397GA01807,1,9,0,5,0,1,0,0,0,0,1,1,1,1,7,1896,2,5,-1,1
201397GA01807,2,1,0,18,0,1,0,0,0,0,4,1,6,2,6,-1,-1,-1,-1,1
201397GA01809,1,9,0,18,0,1,0,0,0,0,1,1,6,2,7,1995,2,10,-1,-1
201397GA01903,1,9,0,16,0,0,0,0,0,0,4,1,6,3,6,-1,-1,-1,-1,-1
201397GA01906,1,9,0,18,0,1,0,0,0,0,1,1,6,1,7,3239,1,17,-1,1
201397GA01906,2,9,0,18,0,8,0,0,0,0,2,1,2,1,5,1753,2,5,-1,1
201397GA01907,1,19,0,4,0,1,0,0,0,0,1,1,1,1,9,1998,2,8,-1,1
201397GA01907,2,1,0,18,0,8,0,0,0,0,1,1,6,2,9,-1,-1,-1,-1,1
201397GA01908,1,9,0,18,0,0,0,0,0,0,1,1,6,2,6,1461,2,9,-1,1
201397GA01910,1,9,0,2,0,0,0,0,0,0,0,1,6,2,4,1396,1,8,-1,1
201397GA01910,2,9,0,18,0,0,0,0,0,0,3,1,2,2,8,1364,1,3,-1,1
201397GA01910,3,1,0,14,0,0,0,0,0,0,1,1,6,2,8,-1,-1,-1,-1,3
201397GA01912,1,9,0,5,0,0,0,0,0,0,1,1,6,1,9,2995,1,6,-1,1
201397GA01912,2,19,0,1,0,0,0,0,0,0,0,1,1,1,7,2198,2,6,-1,1
201397GA02001,1,9,0,4,0,2,0,0,0,0,3,1,1,1,7,1582,2,4,-1,1
201397GA02011,1,19,0,4,0,1,0,0,0,0,1,1,1,1,8,1997,2,9,-1,-1
201397GA02011,2,9,0,4,0,1,0,0,0,0,2,1,2,2,8,1461,2,7,-1,1
201397GA02011,3,9,0,4,0,1,0,0,0,0,2,1,1,1,7,2171,2,9,-1,-1
201397GA02011,4,9,0,3,0,1,0,0,0,0,2,1,6,2,7,1796,1,10,-1,1
201397GA02101,1,9,0,5,0,4,0,0,0,0,3,1,6,1,6,1493,1,15,-1,1
201397GA02101,2,1,0,18,0,4,5,0,0,0,1,1,6,1,6,-1,-1,-1,-1,-1
201397GA02108,1,9,0,5,0,0,0,0,0,0,3,1,6,3,6,-1,-1,-1,-1,-1
201397GA02301,1,8,0,9,0,1,0,0,0,0,1,1,6,1,6,1910,2,5,-1,1
201397GA02301,2,8,0,9,0,1,0,0,0,0,2,1,1,1,6,1910,2,6,-1,1
201397GA02302,1,9,0,4,0,1,0,0,0,0,1,1,6,1,7,1332,1,15,-1,1
201397GA02302,2,8,0,5,0,1,0,0,0,0,2,1,1,1,8,2499,2,6,-1,1
201397GA02302,3,4,0,4,0,1,0,0,0,0,1,1,6,1,6,125,1,4,-1,1
201397GA02303,1,9,0,18,0,0,0,0,0,0,1,1,1,2,7,1598,2,4,-1,1
201397GA02309,1,8,0,18,0,4,0,0,0,0,1,1,6,1,8,2499,2,6,-1,1
201397GA02309,2,9,0,9,0,3,5,0,0,0,4,1,6,1,9,-1,-1,-1,-1,-1
201397GA02310,1,9,0,18,8,4,0,0,0,0,3,1,2,1,6,1329,1,1,-1,1
201397GA02310,2,19,0,17,0,3,0,0,0,0,1,1,3,1,7,1996,2,-1,-1,1
201397GA02405,1,9,0,18,0,1,0,0,0,0,1,1,2,1,7,1686,2,1,-1,1
201397GA02405,2,9,0,3,0,8,0,0,0,0,3,1,6,2,9,1560,2,-1,-1,1
201397GA02409,1,9,0,4,0,1,0,0,0,0,1,1,1,1,6,2231,2,4,-1,-1
201397GA02409,2,9,0,10,0,1,0,0,0,0,2,1,1,1,7,1896,2,8,-1,1
201397GA02410,1,9,0,1,0,0,0,0,0,0,2,1,6,1,6,1332,1,14,-1,1
201397GA02411,1,11,0,18,0,4,0,0,0,0,1,1,1,1,8,6696,2,-1,-1,1
201397GA02411,2,9,0,9,0,3,0,0,0,0,4,1,6,1,4,1197,1,1,-1,1