Accident_Index,Vehicle_Reference,Vehicle_Type,Towing_and_Articulation,Vehicle_Manoeuvre,Vehicle_Location-Restricted_Lane,Junction_Location,Skidding_and_Overturning,Hit_Object_in_Carriageway,Vehicle_Leaving_Carriageway,Hit_Object_off_Carriageway,1st_Point_of_Impact,Was_Vehicle_Left_Hand_Drive?,Journey_Purpose_of_Driver,Sex_of_Driver,Age_Band_of_Driver,Engine_Capacity_(CC),Propulsion_Code,Age_of_Vehicle,Driver_IMD_Decile,Driver_Home_Area_Type
201397KA02811,1,9,0,18,0,0,0,0,0,0,1,1,6,1,7,1349,1,-1,-1,1
201397KA02811,2,1,0,18,0,0,0,0,0,0,2,1,6,1,6,-1,-1,-1,-1,1
201397KA02812,1,9,0,9,0,3,0,0,0,0,4,1,6,2,9,1086,1,6,-1,1
201397KA02812,2,9,0,9,0,3,0,0,0,0,4,1,6,2,9,1328,1,6,-1,1
201397KA02902,1,9,0,18,0,0,0,0,0,0,1,1,6,2,5,3430,1,23,-1,-1
201397KA02905,1,9,0,18,0,2,0,0,0,0,1,1,6,2,5,1124,1,13,-1,1
201397KA02905,2,5,0,3,0,2,0,0,0,0,2,1,6,1,7,998,1,6,-1,1
201397KA03001,1,19,0,12,0,8,0,0,0,0,3,1,1,1,8,2460,2,6,-1,1
201397KA03001,2,9,0,13,0,8,0,0,0,0,4,1,6,1,9,1798,1,6,-1,1
201397KA03001,3,9,0,3,0,8,0,0,0,0,2,1,2,2,7,1798,1,7,-1,3
201397KA03003,1,9,0,18,0,0,1,0,0,0,4,1,6,1,7,1600,1,17,-1,1
201397KA03007,1,9,0,18,0,2,0,0,0,0,1,1,6,2,8,1997,2,2,8,1
201397KA03104,1,9,0,18,0,1,5,4,0,0,1,1,6,1,7,1199,1,12,-1,1
201397KA03104,2,9,0,2,0,1,0,0,0,0,2,1,6,2,6,2982,2,1,-1,1
201397KA03106,1,9,0,18,0,0,0,0,0,0,3,1,6,1,7,1984,2,1,-1,1
201397KA03106,2,9,0,9,0,0,0,0,0,0,4,1,6,2,9,-1,-1,-1,-1,1
201397KA03110,1,9,0,9,0,1,0,0,0,0,1,1,6,1,8,1389,1,14,-1,-1
201397KA03110,2,1,0,18,0,1,0,0,0,0,3,1,6,2,7,-1,-1,-1,-1,1
201397KA03202,1,11,0,4,0,8,0,0,0,0,2,1,1,1,7,7300,2,10,-1,1
201397KA03202,2,19,0,3,0,8,0,0,0,0,0,1,1,1,8,1753,2,5,-1,1
201397KA03211,1,9,0,16,0,8,0,0,0,0,3,1,6,1,8,1588,1,14,-1,1
201397KA03304,1,9,0,2,0,0,0,0,0,0,1,1,6,1,9,-1,-1,-1,-1,1
201397KA03304,2,9,0,18,0,0,0,0,0,11,1,1,6,2,6,1229,1,3,-1,1
201397KA03405,1,9,0,18,0,0,0,0,0,0,1,1,6,2,5,1679,1,11,-1,1
201397KA03411,1,9,0,7,0,0,0,0,0,0,0,1,6,1,7,1199,1,12,-1,-1
201397KA03411,2,11,0,5,0,0,0,0,0,0,0,1,1,1,6,7300,2,2,-1,1
201397KA03501,1,9,0,18,0,4,0,0,0,0,1,1,6,2,6,1587,1,8,-1,1
201397KA03501,2,9,0,3,0,4,0,0,0,0,2,1,6,1,5,1997,2,-1,-1,2
201397KA03507,1,19,0,18,0,0,0,0,0,0,1,1,1,1,6,2148,2,6,-1,1
201397KA03507,2,9,0,18,0,0,0,0,0,0,2,1,6,2,4,1560,2,3,-1,1
201397KA03507,3,9,0,4,0,0,0,0,0,0,2,1,6,1,9,1349,1,3,-1,1
201397KA03604,1,9,0,3,0,1,0,0,0,0,1,1,6,1,5,1388,1,13,-1,1
201397KA03604,2,9,0,3,0,1,0,0,0,0,2,1,6,1,4,1388,1,13,-1,2
201397KA03607,1,20,0,16,0,4,0,0,0,0,1,1,1,1,8,-1,-1,-1,-1,1
201397KA03607,2,19,0,16,0,4,0,0,0,0,2,1,1,1,4,2402,2,6,-1,1
201397KA03611,1,9,0,18,0,1,0,0,0,0,1,1,3,1,11,1796,1,6,-1,1
201397KA03612,1,8,0,18,0,0,0,0,0,0,1,1,6,1,9,2499,2,4,-1,1
201397KA03812,1,11,0,4,0,0,0,0,0,0,1,1,1,2,7,7300,2,11,-1,-1
201397KA04001,1,8,0,18,0,4,0,0,0,0,1,1,6,1,6,1956,2,2,-1,1
201397KA04001,2,9,0,9,0,3,0,9,0,10,4,1,2,2,6,1229,1,1,-1,1
201397KA04003,1,9,0,4,0,1,0,0,0,0,1,1,1,1,9,1986,2,6,-1,-1
201397KA04003,2,8,0,3,0,1,0,0,0,0,2,1,1,1,9,1896,2,3,-1,1
201397KA04005,1,9,0,18,0,0,0,0,0,0,1,1,6,1,10,1896,2,8,-1,1
201397KA04005,2,9,0,3,0,0,0,0,0,0,2,1,6,1,7,1598,1,8,-1,1
201397KA04007,1,1,0,4,9,1,0,0,0,0,1,1,6,1,6,-1,-1,-1,-1,1
201397KA04007,2,9,0,7,0,6,0,0,0,0,4,1,6,1,6,1988,1,12,-1,1
201397KA04012,1,9,0,9,0,0,0,0,0,0,1,1,6,1,6,-1,-1,-1,-1,-1
201397KA04012,2,9,0,2,0,0,0,0,0,0,2,1,1,2,6,1800,1,15,-1,1
201397KA04112,1,9,0,18,0,0,1,11,7,4,2,1,6,1,7,1149,1,2,-1,1
201397KA04211,1,9,0,10,0,1,0,0,0,0,0,1,6,2,7,1950,2,13,-1,-1
201397KA04211,2,1,0,18,0,1,0,0,0,0,1,1,2,1,8,-1,-1,-1,-1,1
201397KA04212,1,9,0,18,0,1,0,0,0,0,3,1,2,1,5,1587,1,12,-1,1
201397KA04212,2,9,0,18,0,1,0,0,0,0,3,1,6,2,7,1968,2,6,-1,1
201397KA04303,1,9,0,18,0,4,0,0,0,0,1,1,6,1,8,1405,1,9,-1,1
201397KA04303,2,9,0,4,0,4,0,0,0,0,2,1,6,2,6,1388,1,11,-1,2
201397KA04312,1,9,0,18,0,2,1,0,0,0,1,1,2,2,7,1796,1,7,-1,1
201397KA70102,1,9,0,18,0,0,2,0,7,0,4,1,6,1,4,1149,1,1,-1,1
201397KA70102,2,9,0,18,0,0,0,0,0,0,1,1,6,1,10,2143,2,1,-1,-1
201397KA70109,1,9,0,18,0,0,0,0,0,0,1,1,6,1,7,1598,1,3,-1,1
201397KA70109,2,90,0,4,0,0,0,0,0,0,2,1,6,1,8,6692,2,5,-1,2
201397KA70210,1,9,0,18,0,0,0,0,0,0,1,1,2,1,9,1229,1,1,-1,1
201397KA70210,2,9,0,18,0,0,0,0,0,0,2,1,2,1,8,1994,2,10,-1,-1
201397KA70412,1,9,0,4,0,0,0,0,0,0,1,1,6,2,5,-1,-1,-1,-1,1
201397KA70412,2,9,0,4,0,0,0,0,0,0,2,1,6,2,6,-1,-1,-1,-1,1
201397KB00102,1,9,0,18,0,2,0,0,0,0,1,1,6,2,9,1596,1,1,-1,2
201397KB00102,2,9,0,10,0,2,0,0,0,0,2,1,2,1,5,-1,-1,-1,-1,2
201397KB00106,1,9,0,18,0,1,0,0,0,10,3,1,6,1,7,1796,1,12,-1,1
201397KB00106,2,9,0,18,0,8,0,0,0,0,4,1,2,2,10,2199,2,3,-1,-1
201397KB00106,3,9,0,2,0,1,0,0,0,0,4,1,6,2,8,1560,2,3,-1,1
201397KB00106,4,9,0,2,0,1,0,0,0,0,4,1,6,1,7,1781,1,17,-1,2
201397KB00106,5,11,0,2,0,1,0,0,0,0,4,1,1,1,7,-1,-1,-1,-1,1
201397KB00109,1,17,4,4,0,0,4,0,7,11,1,1,1,1,5,6728,2,5,-1,3
201397KB00201,1,9,0,7,0,1,0,0,0,0,3,1,6,2,7,1598,1,3,-1,1
201397KB00201,2,1,0,18,0,1,0,0,0,0,4,1,6,1,8,-1,-1,-1,-1,2
201397KB00202,1,9,0,17,0,0,1,0,0,0,0,1,6,2,7,1242,1,10,-1,2
201397KB00205,1,9,0,17,0,0,1,0,8,3,4,1,2,1,4,1149,1,11,-1,1
201397KB00206,1,9,0,4,0,1,1,0,0,0,1,1,6,2,6,1124,1,9,-1,1
201397KB00209,1,9,0,13,0,0,0,0,7,10,1,1,6,1,4,1596,1,6,-1,3
201397KB00209,2,1,0,9,0,0,0,0,0,0,3,1,6,1,9,-1,-1,-1,-1,3
201397KB00301,1,9,0,10,0,6,0,0,0,0,3,1,2,1,9,2261,1,9,-1,-1
201397KB00301,2,9,0,18,0,8,0,0,0,0,4,1,2,2,9,998,1,7,-1,-1
201397KB00305,1,9,0,18,0,0,0,0,0,0,1,1,6,2,6,1796,1,10,-1,3
201397KB00305,2,9,0,18,0,0,0,12,2,4,2,1,6,1,7,2497,1,11,-1,1
201397KB00307,1,9,0,18,0,6,1,0,0,0,0,1,6,2,10,1332,1,3,-1,1
201397KB00307,2,19,0,18,0,1,1,0,0,0,1,1,2,1,9,1968,2,7,-1,1
201397KB00309,1,9,0,18,0,0,0,0,0,0,1,1,6,3,5,-1,-1,-1,-1,-1
201397KB00309,2,4,0,18,0,0,0,0,0,0,2,1,6,1,8,180,1,35,-1,1
201397KB00312,1,17,0,5,0,0,0,0,0,0,1,1,1,1,6,-1,-1,-1,-1,1
201397KB00312,2,9,0,3,0,0,0,0,0,0,2,1,6,2,5,998,1,3,-1,1
201397KB00402,1,9,0,13,0,0,1,0,0,0,1,1,2,1,5,1390,1,16,-1,1
201397KB00402,2,9,0,18,0,0,0,0,0,0,1,1,2,1,5,1998,1,8,-1,2
201397KB00405,1,9,0,4,0,1,0,0,0,0,1,1,6,3,6,1794,1,9,-1,-1
201397KB00405,2,4,0,3,0,1,0,0,0,0,2,1,6,1,5,125,1,4,-1,1
201397KB00411,1,9,0,18,0,0,0,0,0,0,1,1,6,1,5,1590,1,9,-1,1
201397KB00411,2,9,0,18,0,0,0,0,0,0,2,1,2,2,6,1149,1,6,-1,1
201397KB00412,1,9,0,9,0,1,0,0,0,0,1,1,1,2,9,1399,2,1,-1,1
201397KB00412,2,9,0,18,0,1,0,0,0,0,1,1,6,1,4,1397,1,6,-1,-1
201397KB00503,1,9,0,18,0,8,0,0,0,0,1,1,6,1,10,2199,2,3,-1,1
201397KB00503,2,9,0,17,0,8,0,0,0,0,4,1,1,2,8,1364,1,6,-1,2
201397KB00510,1,9,0,4,0,4,0,0,0,0,1,1,6,1,10,1685,2,2,-1,3
201397KB00510,2,9,0,4,0,4,0,0,0,0,2,1,1,1,6,998,1,4,-1,1
201397KB00602,1,9,0,18,0,0,0,0,0,0,4,1,6,1,9,-1,-1,-1,-1,-1
201397KB00603,1,9,0,17,0,0,0,0,0,0,1,1,1,1,4,1229,1,4,-1,2
201397KB00603,2,9,0,16,0,0,0,0,0,0,1,1,6,1,9,1198,1,3,-1,2
201397KB00606,1,19,0,17,0,0,1,0,1,4,4,1,1,1,9,1248,2,1,-1,1
201397KB00610,1,19,0,18,0,1,0,0,0,0,4,1,6,1,6,1998,2,10,-1,3
201397KB00610,2,9,0,18,0,1,0,0,0,11,3,1,6,2,8,1198,1,7,-1,2
201397KB00612,1,19,0,15,0,0,1,0,0,0,1,1,1,1,8,1560,2,-1,-1,1
201397KB00612,2,11,0,2,0,0,0,0,0,0,2,1,1,1,8,6700,2,5,-1,1
201397KB00704,1,19,0,14,0,0,0,0,0,0,1,1,1,1,8,1598,2,1,-1,3
201397KB00710,1,1,0,18,0,2,0,0,0,0,4,1,6,1,3,-1,-1,-1,-1,-1
201397KB00710,2,9,0,18,0,2,0,0,0,0,1,1,6,2,9,1349,1,4,-1,2
201397KB00712,1,9,0,18,0,0,0,0,0,0,3,1,6,3,6,-1,-1,-1,-1,-1
201397KB00811,1,9,0,18,0,0,1,10,7,11,2,1,1,1,6,1587,1,11,-1,3
201397KB00811,2,9,0,18,0,0,1,10,7,11,1,1,1,1,9,2496,2,12,-1,1
201397KB00812,1,9,0,16,0,0,2,0,0,0,1,1,6,1,5,1390,1,1,-1,-1
201397KB00901,1,9,0,18,0,0,0,10,7,10,2,1,2,1,4,1364,1,4,-1,2
201397KB00911,1,9,0,18,0,0,1,0,1,10,1,1,6,2,9,1242,1,12,-1,-1
201397KB01003,1,9,0,18,0,0,2,0,7,0,1,1,1,1,7,1997,2,1,-1,3
201397KB01101,1,9,0,18,0,0,1,4,0,0,1,1,1,1,5,-1,-1,-1,-1,1
201397KB01101,2,9,0,3,0,0,0,0,0,0,2,1,1,2,8,1368,1,2,-1,2
201397KB01101,3,9,0,3,0,0,0,0,0,0,2,1,1,1,7,1995,2,6,-1,2
201397KB01101,4,9,0,3,0,0,0,4,0,0,2,1,1,1,8,1596,1,4,-1,2
201397KB01108,1,19,0,17,0,0,1,0,1,4,4,1,1,1,8,2148,2,9,-1,1
201397KB01111,1,9,0,18,0,1,1,9,0,0,0,1,6,1,7,-1,-1,-1,-1,1
201397KB01305,1,9,0,18,0,1,0,0,0,0,1,1,1,2,4,1600,1,8,-1,1
201397KB01305,2,9,0,9,0,1,0,0,0,0,2,1,6,1,9,1560,2,3,-1,1
201397KB01307,1,5,0,18,0,2,2,0,0,11,1,1,6,1,8,656,1,-1,-1,1
201397KB01307,2,9,0,17,0,2,0,0,0,0,0,1,6,2,10,1596,1,2,-1,1
201397KB01404,1,9,0,9,0,1,0,0,0,1,3,1,1,1,8,-1,-1,-1,-1,1
201397KB01404,2,11,0,18,0,1,0,0,0,0,1,1,1,1,8,-1,-1,-1,-1,1
201397KB01405,1,9,0,18,0,0,0,0,0,0,2,1,6,1,10,1229,1,3,-1,2
201397KB01405,2,9,0,18,0,0,0,0,0,0,1,1,6,1,5,2521,1,3,-1,-1
201397KB01412,1,9,0,18,0,0,1,0,0,0,1,1,6,2,6,1686,2,10,-1,2
201397KB01412,2,9,0,18,0,0,1,0,0,0,1,1,6,1,6,1588,1,13,-1,1
201397KB01412,3,9,0,18,0,0,0,0,0,0,1,1,1,1,7,1560,2,1,-1,-1
201397KB01501,1,9,0,18,0,0,0,0,1,0,4,1,6,1,5,-1,-1,-1,-1,1
201397KB01501,2,19,0,18,0,0,0,0,0,0,2,1,1,1,7,2287,2,3,-1,1
201397KB01510,1,8,0,9,0,6,0,0,0,0,3,1,2,1,8,1598,2,1,-1,1
201397KB01510,2,1,0,18,0,1,0,0,0,0,1,1,6,1,7,-1,-1,-1,-1,1
201397KB01512,1,9,0,9,0,1,0,0,0,0,1,1,6,2,11,1390,1,9,-1,1
201397KB01512,2,9,0,18,0,1,0,0,0,0,1,1,6,1,10,1905,2,15,-1,-1
201397KB01603,1,9,0,1,0,0,0,0,0,0,2,1,6,2,6,-1,-1,-1,-1,-1
201397KB01611,1,9,0,18,0,4,0,0,0,0,1,1,6,2,10,1398,1,1,-1,-1
201397KB01611,2,3,0,18,0,4,0,0,0,0,4,1,6,1,8,124,1,3,-1,1
201397KB01701,1,9,0,18,0,0,1,0,0,0,1,1,1,1,6,1242,1,10,-1,1
201397KB01701,2,9,0,18,0,0,1,0,0,0,2,1,6,1,6,2902,2,8,-1,2
201397KB01702,1,9,0,17,0,1,0,0,1,2,1,1,6,1,10,1560,2,1,-1,1
201397KB01704,1,9,0,9,0,5,0,0,0,0,1,1,3,1,7,1198,1,6,-1,3
201397KB01704,2,9,0,9,0,5,0,0,0,0,1,1,2,2,7,1998,2,4,-1,2
201397KB01705,1,9,0,18,0,8,0,0,0,0,3,1,6,2,7,1560,2,4,-1,1
201397KB01705,2,9,0,9,0,8,0,0,0,0,1,1,6,1,11,1597,1,16,-1,1
201397KB01707,1,9,0,6,0,0,0,0,0,0,3,1,6,1,8,2143,2,2,-1,2
201397KB01707,2,5,0,14,0,0,0,0,0,0,1,1,6,1,8,1340,1,20,-1,1
201397KB01802,1,9,0,4,0,0,5,4,0,0,1,1,6,1,11,1956,2,4,-1,1
201397KB01802,2,9,0,2,0,0,0,0,0,0,2,1,6,1,7,1986,2,6,-1,1
201397KB01812,1,9,0,18,0,0,2,0,1,11,4,1,2,1,6,1149,1,7,-1,2
201397KB01910,1,9,0,1,0,0,0,0,0,0,2,1,6,1,6,-1,-1,-1,-1,-1
201397KB01912,1,9,0,3,0,0,0,0,0,0,1,1,6,1,7,1686,2,-1,-1,-1
201397KB01912,2,9,0,3,0,0,0,0,0,0,2,1,6,2,7,1995,1,11,-1,1
201397KB02011,1,9,0,18,0,0,0,0,0,0,1,1,6,1,11,1332,1,2,-1,1
201397KB02011,2,9,0,2,0,0,0,0,0,0,0,1,6,1,7,-1,-1,-1,-1,1
201397KB02011,3,19,0,18,0,0,0,0,0,0,3,1,1,1,8,1868,2,10,-1,1
201397KB02112,1,9,0,18,0,0,1,0,1,2,2,1,2,2,6,1149,1,5,-1,1
201397KB02212,1,8,0,18,0,3,0,0,0,0,1,1,1,1,8,-1,-1,-1,-1,1
201397KB02212,2,9,0,16,0,3,0,0,0,0,2,1,6,2,9,1998,1,2,-1,1
201397KB02303,1,9,0,18,0,0,0,4,0,0,1,1,6,2,7,1991,2,5,-1,3
201397KB02303,2,9,0,18,0,0,0,0,0,0,2,1,6,2,8,1596,1,1,-1,-1
201397KB02303,3,9,0,2,0,0,0,0,0,0,3,1,6,1,8,1985,1,13,-1,2
201397KB02403,1,9,0,18,0,1,0,0,0,0,1,1,6,1,9,2874,2,13,-1,1
201397KB02403,2,9,0,11,0,1,0,0,0,0,2,1,6,1,6,1910,2,7,-1,-1
201397KB02512,1,9,0,17,0,0,2,0,0,0,1,1,1,2,9,998,1,8,-1,1
201397KB02603,1,21,1,7,0,1,0,0,0,0,1,1,1,1,7,-1,-1,-1,-1,1
201397KB02603,2,8,0,18,0,6,0,0,0,0,1,1,1,1,8,1560,2,3,-1,1
201397KB02611,1,9,0,18,0,1,0,0,0,0,1,1,1,2,6,1398,2,3,-1,1
201397KB02611,2,9,0,18,0,1,0,0,0,0,2,1,6,2,7,1910,2,6,-1,1
201397KB02911,1,9,0,9,0,0,0,0,0,0,3,1,6,1,10,1390,1,13,-1,2
201397KB02911,2,9,0,18,0,0,0,0,0,0,1,1,2,2,6,1499,2,-1,-1,2
201397KB03111,1,19,0,18,0,0,0,0,0,0,1,1,6,1,4,-1,-1,-1,-1,2
201397KB03611,1,9,0,18,0,1,0,0,0,0,1,1,6,1,9,1149,1,11,-1,1
201397KB03611,2,9,0,18,0,1,0,0,7,0,2,1,6,2,10,998,1,8,-1,1
201397KB40103,1,9,0,18,0,1,0,0,0,0,1,1,6,1,7,2143,2,1,-1,1
201397KB40105,1,9,0,18,0,8,1,0,0,10,1,1,6,2,6,1997,2,3,-1,1
201397KB40105,2,9,0,18,0,8,1,0,3,0,1,1,2,1,8,2993,2,3,-1,1
201397KB40110,1,9,0,18,0,1,1,0,0,0,1,1,6,1,8,2268,2,-1,-1,1
201397KB40110,2,9,0,10,0,5,1,0,0,0,2,1,3,2,6,1995,2,2,-1,1
201397KB40110,3,8,0,18,0,1,1,0,0,0,1,1,1,1,7,1896,2,4,-1,1
201397KB40111,1,9,0,5,0,0,0,0,0,0,4,1,6,1,7,1461,2,7,-1,1
201397KB40203,1,9,0,18,0,1,0,0,0,0,1,1,6,2,6,1794,1,10,-1,1
201397KB40203,2,9,0,3,0,4,0,0,0,0,2,1,6,1,8,1910,2,7,-1,1
201397KB40207,1,9,0,18,0,7,1,10,1,10,1,1,6,2,7,1900,2,15,-1,1
201397KB40212,1,19,0,18,0,0,0,0,0,0,1,1,1,1,5,2402,2,7,-1,1
201397KB40212,2,9,0,4,0,0,0,0,0,0,2,1,6,2,8,1349,1,1,-1,1
201397KB40305,1,9,0,16,0,0,1,0,0,0,1,1,6,1,5,1596,1,4,-1,3
201397KB40305,2,9,0,17,0,0,0,0,1,0,1,1,6,1,7,1968,2,-1,-1,-1
201397KB40404,1,9,0,2,0,0,0,0,0,0,2,1,6,1,7,1598,1,2,-1,1
201397KB40404,2,19,0,2,0,0,0,0,0,0,2,1,6,2,6,2402,2,5,-1,1
201397KB40501,1,9,0,17,0,0,0,0,0,0,1,1,2,2,6,1242,1,3,-1,1
201397KB40502,1,9,0,18,0,0,0,0,0,0,1,1,2,2,5,2521,1,7,-1,1
201397KB40502,2,9,0,4,0,0,0,0,0,0,2,1,2,2,5,1968,2,1,-1,3
201397KB40503,1,9,0,17,0,0,0,0,1,4,1,1,2,2,8,1968,2,7,-1,2
201397KB40507,1,9,0,14,0,0,5,0,0,0,4,1,6,2,4,875,1,3,-1,-1
201397KB40507,2,9,0,4,0,0,0,0,0,0,3,1,6,1,10,1360,1,11,-1,2
201397KB40507,3,9,0,18,0,0,0,0,0,0,3,1,6,2,8,1598,1,12,-1,1
201397KB40601,1,9,0,18,0,8,0,0,1,0,3,1,2,2,8,999,1,3,-1,1
201397KB40601,2,9,0,17,0,8,0,0,1,0,1,1,6,2,4,1242,1,4,-1,1
201397KB40601,3,9,0,3,0,4,0,0,0,0,3,1,6,1,5,-1,-1,-1,-1,1
201397KB40606,1,9,0,18,0,0,0,0,0,0,3,1,6,2,7,1598,1,8,-1,1
201397KB40701,1,19,0,17,0,0,2,0,1,11,1,1,1,1,6,2287,2,5,-1,2
201397KB40708,1,9,0,9,8,0,0,0,0,0,4,1,1,1,6,-1,-1,-1,-1,1
201397KB40708,2,9,0,18,0,0,0,0,0,0,1,1,6,2,7,1587,1,14,-1,1
201397KB40709,1,9,0,5,0,4,0,0,0,0,3,1,6,1,6,1598,1,2,-1,1
201397KB40709,2,9,0,18,0,8,0,0,0,0,1,1,6,2,9,2993,2,4,-1,1
201397KB40812,1,9,0,18,0,1,0,0,0,0,1,1,6,2,4,1248,2,4,-1,1
201397KB40812,2,9,0,9,0,1,0,0,0,0,4,1,6,1,6,1124,1,11,-1,1
201397KB40812,3,9,0,9,0,1,0,0,0,0,1,1,6,2,8,1560,2,2,-1,3
201397KB40905,1,9,0,10,0,1,0,0,0,0,1,1,6,2,5,1242,1,4,-1,1
201397KB40905,2,9,0,10,0,1,0,0,0,0,2,1,3,2,8,1799,1,5,-1,1
201397KB41001,1,1,0,18,0,0,1,0,0,0,0,1,1,2,8,-1,-1,-1,-1,2
201397KB41006,1,9,0,12,0,3,0,0,0,0,0,1,6,1,6,1587,1,10,-1,-1
201397KB41006,2,9,0,12,0,3,0,0,0,0,0,1,6,1,7,-1,-1,-1,-1,1
201397KB41007,1,9,0,9,0,8,0,0,0,0,3,1,6,2,9,1198,1,2,-1,1
201397KB41007,2,9,0,18,0,8,0,0,0,0,1,1,6,2,9,1910,2,6,-1,1
201397KB41008,1,9,0,17,0,3,1,0,0,0,1,1,6,1,5,1242,1,11,-1,1
201397KB41008,2,9,0,3,0,4,0,0,0,0,1,1,6,2,5,1240,1,3,-1,1
201397KB41010,1,9,0,18,0,0,2,0,1,9,1,1,1,2,6,1149,1,9,-1,1
201397KB41104,1,5,0,18,0,0,0,0,0,0,1,1,6,1,8,1130,1,11,-1,3
201397KB41104,2,9,0,3,0,0,0,0,0,0,2,1,6,1,8,-1,-1,-1,-1,1
201397KB41105,1,9,0,16,0,2,0,0,0,0,2,1,6,2,5,996,1,4,-1,2
201397KB41105,2,10,0,18,0,2,0,0,0,0,4,1,6,1,6,-1,-1,-1,-1,1
201397KB41108,1,8,0,9,0,8,0,0,0,1,1,1,6,1,8,1560,2,3,-1,1
201397KB41111,1,9,0,4,0,1,0,0,0,0,1,1,6,2,6,1368,1,6,-1,1
201397KB41111,2,9,0,4,0,2,0,0,0,0,2,1,6,2,8,1248,2,2,-1,-1
201397KB41111,3,19,0,4,0,2,0,0,0,0,2,1,1,1,7,2402,2,2,-1,1
201397KB41203,1,11,0,4,0,1,0,0,0,0,0,1,1,1,8,-1,2,16,-1,-1
201397KB41209,1,9,0,18,0,0,0,0,0,0,1,1,2,2,9,998,1,-1,-1,1
201397KB41209,2,9,0,18,0,0,0,0,1,0,1,1,2,2,6,1598,2,1,-1,1
201397KB41209,3,9,0,18,0,0,0,0,0,0,0,1,2,1,8,-1,-1,-1,-1,2
201397KB41209,4,9,0,18,0,0,0,0,0,0,0,1,2,1,6,1598,1,6,-1,1
201397KB41405,1,1,0,18,0,0,0,0,0,0,1,1,6,1,5,-1,-1,-1,-1,1
201397KB41510,1,9,0,18,0,2,0,0,0,0,1,1,6,1,8,1598,1,-1,-1,1
201397KB41510,2,1,0,18,0,8,0,0,0,0,4,1,6,1,8,-1,-1,-1,-1,1
201397KB41512,1,9,0,3,0,1,0,0,0,0,1,1,6,1,6,1582,2,1,-1,-1
201397KB41512,2,8,0,3,0,1,0,0,0,0,2,1,6,1,8,1996,2,2,-1,1
201397KB41512,3,9,0,10,0,1,0,0,0,0,1,1,6,2,7,1996,2,2,-1,1
201397KB41607,1,9,0,18,0,1,0,0,0,0,3,1,6,1,4,1229,1,6,-1,1
201397KB41607,2,90,0,5,0,3,0,0,0,0,1,1,6,1,4,-1,-1,-1,-1,-1
201397KB41708,1,8,0,1,0,0,0,0,1,2,2,1,6,1,9,1968,2,-1,-1,1
201397KB41801,1,9,0,18,0,4,0,0,0,0,1,1,1,2,7,1796,1,5,-1,1
201397KB41801,2,9,0,18,0,3,0,0,0,0,3,1,1,1,6,1248,2,1,-1,-1
201397KB41802,1,9,0,16,0,0,1,10,1,2,3,1,6,2,5,1198,1,1,-1,1
201397KB41806,1,11,0,13,0,2,0,0,0,0,4,1,1,1,8,12000,2,6,-1,1
201397KB41806,2,1,0,18,0,2,0,0,0,0,3,1,2,1,7,-1,-1,-1,-1,1
201397KB41902,1,9,0,18,0,0,0,0,0,0,1,1,6,2,7,1796,1,6,-1,1
201397KB41902,2,9,0,3,0,0,0,0,0,0,2,1,6,2,7,1360,1,6,-1,1
201397KB42002,1,9,0,9,0,0,0,0,0,0,1,1,2,1,7,1896,2,6,-1,1
201397KB42002,2,9,0,18,0,0,0,0,0,0,1,1,6,1,6,1461,2,2,-1,1
201397KB42009,1,9,0,14,0,1,0,0,0,0,4,1,6,1,6,1796,1,2,-1,1
201397KB42009,2,9,0,18,0,1,1,0,0,0,3,1,1,2,7,1397,1,3,-1,2
201397KB42009,3,11,0,10,0,1,0,0,0,0,3,1,1,1,7,-1,2,14,-1,-1
201397KB42010,1,9,0,18,0,0,0,0,0,0,4,1,6,2,9,1339,1,2,-1,1
201397KB42010,2,9,0,6,0,0,0,0,0,0,3,1,6,2,6,1598,1,1,-1,1
201397KB42101,1,9,0,18,0,0,2,0,1,10,4,1,6,1,6,-1,-1,-1,-1,-1
201397KB42112,1,11,0,12,0,0,0,0,0,0,1,1,1,2,9,-1,-1,-1,-1,-1
201397KB42112,2,9,0,13,0,0,0,0,0,0,4,1,6,1,9,1995,2,2,-1,2
201397KB42201,1,9,0,18,0,1,0,0,0,0,1,1,6,1,9,1796,1,6,-1,2
201397KB42202,1,9,0,8,0,1,0,0,0,0,1,1,6,2,6,1968,2,4,-1,1
201397KB42202,2,9,0,4,0,7,0,0,0,0,2,1,6,1,10,1296,1,5,-1,1
201397KB42209,1,9,0,18,0,8,0,0,0,0,1,1,6,2,5,1598,1,4,-1,1
201397KB42209,2,9,0,18,0,8,0,0,0,0,4,1,6,1,8,2148,2,8,-1,2
201397KB42211,1,9,0,9,0,6,0,0,0,0,1,1,2,1,8,1796,1,11,-1,1
201397KB42211,2,9,0,4,0,1,0,0,0,0,4,1,6,2,7,1364,2,-1,-1,3
201397KB42212,1,9,0,7,0,4,0,0,0,0,1,1,6,1,9,1596,1,13,-1,-1
201397KB42212,2,1,0,18,0,3,0,0,0,0,2,1,3,1,8,-1,-1,-1,-1,1
201397KB42308,1,9,0,18,9,0,1,0,1,11,1,1,6,1,8,-1,-1,-1,-1,1
201397KB42503,1,9,0,18,0,8,0,0,0,0,1,1,6,2,7,1799,1,4,-1,1
201397KB42509,1,9,0,18,0,0,2,10,1,4,3,1,6,1,5,2179,2,1,-1,1
201397KB42509,2,8,0,18,0,0,0,10,1,11,3,1,1,1,9,2664,2,13,-1,1
201397KB42609,1,9,0,18,0,0,0,0,0,0,1,1,6,2,9,1598,1,11,-1,1
201397KB42609,2,9,0,18,0,0,0,0,0,0,1,1,6,1,6,1328,1,13,-1,1
201397KB42910,1,9,0,17,0,0,2,0,1,3,0,1,6,2,6,1997,2,13,-1,3