Accident_Index,Vehicle_Reference,Vehicle_Type,Towing_and_Articulation,Vehicle_Manoeuvre,Vehicle_Location-Restricted_Lane,Junction_Location,Skidding_and_Overturning,Hit_Object_in_Carriageway,Vehicle_Leaving_Carriageway,Hit_Object_off_Carriageway,1st_Point_of_Impact,Was_Vehicle_Left_Hand_Drive?,Journey_Purpose_of_Driver,Sex_of_Driver,Age_Band_of_Driver,Engine_Capacity_(CC),Propulsion_Code,Age_of_Vehicle,Driver_IMD_Decile,Driver_Home_Area_Type
201397QB02211,2,19,0,18,0,0,0,0,0,0,1,1,2,1,9,2198,2,-1,-1,2
201397QB02211,3,9,0,18,0,0,0,0,0,0,0,1,2,1,6,1998,2,8,-1,2
201397QB02304,1,9,0,9,0,2,0,0,0,0,1,1,6,2,5,1242,1,2,-1,-1
201397QB02304,2,9,0,18,0,8,0,10,2,0,4,1,6,2,6,1497,1,11,-1,1
201397QB02305,1,9,0,9,0,8,0,0,0,0,3,1,6,1,8,1229,1,7,-1,1
201397QB02305,2,9,0,18,0,1,0,0,0,0,1,1,6,1,5,1199,1,11,-1,1
201397QB02311,1,3,0,18,0,0,1,0,0,0,1,1,6,1,5,-1,-1,-1,-1,1
201397QB02407,1,9,0,18,0,0,0,0,0,0,1,1,6,1,6,1560,2,4,-1,-1
201397QB02407,2,9,0,18,0,0,0,0,0,0,2,1,6,2,5,1149,1,10,-1,-1
201397QB02504,1,9,0,12,0,8,0,0,0,0,0,1,6,3,6,1368,1,2,-1,-1
201397QB02504,2,9,0,13,0,8,0,0,4,2,1,1,1,1,4,-1,-1,-1,-1,1
201397QB02601,1,9,0,16,0,1,0,0,0,0,1,1,6,1,5,1686,2,8,-1,2
201397QB02601,2,9,0,9,0,1,0,0,0,0,2,1,6,2,11,1870,2,9,-1,3
201397QB02602,1,8,0,5,0,0,0,0,0,0,1,1,1,1,9,-1,-1,-1,-1,1
201397QB02604,1,9,0,1,0,0,0,0,0,0,2,1,6,1,11,1497,1,11,-1,1
201397QB02702,1,9,0,9,0,1,0,0,0,0,1,1,6,1,8,4266,1,13,7,3
201397QB02702,2,9,0,7,0,1,0,0,0,0,1,1,6,1,5,1596,1,7,-1,1
201397QB02705,1,9,0,17,0,0,1,0,1,4,1,1,1,1,6,-1,-1,-1,-1,1
201397QB02710,1,9,0,16,0,0,2,0,1,11,4,1,6,1,8,-1,-1,-1,-1,2
201397QB02712,1,9,0,9,0,5,0,0,0,0,1,1,6,2,10,1598,1,1,-1,1
201397QB02801,1,9,0,5,0,1,0,0,0,0,4,1,6,1,7,1796,1,4,-1,1
201397QB02805,1,9,0,5,0,0,0,0,0,0,4,1,6,1,4,1794,1,8,-1,1
201397QB02807,1,9,0,9,0,8,0,0,0,0,1,1,6,1,11,1360,1,10,-1,-1
201397QB02807,2,9,0,18,0,8,0,0,0,0,3,1,1,2,8,1364,1,4,-1,1
201397QB02902,1,9,0,9,0,2,0,0,0,0,3,1,6,1,7,-1,-1,-1,-1,-1
201397QB02902,2,9,0,18,0,1,0,0,0,0,1,1,6,1,4,1349,1,2,-1,1
201397QB02903,1,9,0,4,0,0,0,0,0,0,2,1,2,2,7,-1,-1,-1,-1,-1
201397QB02903,2,9,0,4,0,0,0,0,0,0,2,1,6,1,8,2993,2,1,-1,-1
201397QB02903,3,9,0,18,0,0,1,0,0,0,1,1,6,2,7,2402,2,4,-1,3
201397QB02906,1,9,0,7,9,0,0,4,0,0,1,1,6,1,8,1796,1,4,-1,1
201397QB02906,2,9,0,2,0,0,0,0,0,0,4,1,6,3,6,1398,1,8,-1,-1
201397QB02906,3,9,0,2,0,0,0,0,0,0,4,1,6,3,6,-1,-1,-1,-1,-1
201397QB02906,4,9,0,2,0,0,0,0,0,0,4,1,6,3,6,2993,2,4,-1,-1
201397QB02912,1,9,0,4,0,0,2,0,1,7,4,1,6,1,5,1398,1,-1,-1,3
201397QB03003,1,9,0,18,0,8,0,0,0,0,1,1,6,2,9,1242,1,4,-1,1
201397QB03003,2,9,0,18,0,8,0,10,0,10,1,1,6,1,6,993,1,11,-1,1
201397QB03006,1,3,0,15,0,0,5,12,1,10,1,1,6,1,7,124,1,11,-1,1
201397QB03006,2,9,0,2,0,0,0,0,0,0,4,1,6,1,7,1796,1,12,-1,1
201397QB03006,3,9,0,2,0,0,0,0,0,0,4,1,6,2,7,1998,2,10,-1,1
201397QB03011,1,9,0,4,0,8,0,0,0,0,1,1,2,2,6,1360,1,6,-1,1
201397QB03011,2,9,0,4,0,8,0,0,0,0,2,1,3,2,7,1560,2,5,-1,1
201397QB03103,1,9,0,18,0,0,0,0,0,0,2,1,2,1,5,1461,2,3,-1,1
201397QB03103,2,9,0,18,0,0,0,0,0,0,0,1,2,1,9,-1,-1,-1,-1,1
201397QB03107,1,9,0,9,0,1,0,0,0,0,1,1,6,1,11,1596,1,6,-1,1
201397QB03107,2,1,0,18,0,1,0,0,0,0,1,1,6,1,9,-1,-1,-1,-1,-1
201397QB03211,1,9,0,9,0,1,0,0,0,0,4,1,6,1,7,-1,-1,-1,-1,-1
201397QB03211,2,9,0,9,0,1,0,10,0,0,3,1,6,2,8,1386,1,2,-1,1
201397QB03301,1,19,0,18,0,1,0,4,0,0,1,1,6,1,8,4461,2,5,-1,-1
201397QB03301,2,9,0,3,0,1,0,0,0,0,2,1,6,2,5,-1,-1,-1,-1,1
201397QB03302,1,9,0,4,0,0,1,0,0,0,1,1,6,1,5,1461,2,8,-1,1
201397QB03302,2,9,0,4,0,0,0,0,0,0,2,1,6,2,4,1248,2,5,-1,3
201397QB03404,1,9,0,5,0,1,0,0,0,0,1,1,2,2,6,1242,1,2,-1,1
201397QB03404,2,9,0,18,0,1,0,0,0,0,4,1,6,2,7,1461,2,4,-1,1
201397QB03408,1,9,0,4,0,0,0,0,0,0,1,1,6,1,11,1910,2,5,-1,1
201397QB03408,2,9,0,4,0,0,0,0,0,0,2,1,6,2,8,2149,2,6,-1,1
201397QB03408,3,9,0,2,0,0,0,0,0,0,3,1,6,2,8,1796,1,5,-1,-1
201397QB03501,1,9,0,18,0,0,0,0,0,0,0,1,1,3,6,-1,-1,-1,-1,2
201397QB03505,1,9,0,4,0,0,0,0,0,0,1,1,1,1,4,-1,-1,-1,2,1
201397QB03505,2,9,0,4,0,0,0,0,0,0,2,1,2,2,9,1388,1,3,-1,3
201397QB03507,1,9,0,10,0,0,0,0,0,0,0,1,6,1,7,1360,1,7,-1,1
201397QB03507,2,9,0,18,0,0,0,0,0,0,0,1,6,2,6,1360,1,2,-1,1
201397QB03611,1,5,0,8,0,1,0,0,0,0,0,1,6,1,8,649,1,3,-1,2
201397QB03612,1,9,0,18,0,4,0,0,0,0,1,1,2,1,9,1598,1,8,-1,1
201397QB03612,2,9,0,18,0,4,0,0,0,0,4,1,2,1,6,1598,1,12,-1,1
201397QB03702,1,9,0,3,0,0,0,0,0,0,1,1,6,1,4,1995,1,10,-1,1
201397QB03702,2,9,0,3,0,0,0,0,0,0,2,1,6,1,6,998,1,10,-1,1
201397QB03703,1,9,0,18,0,1,0,0,0,0,1,1,6,2,4,1149,1,11,-1,3
201397QB03703,2,9,0,18,0,1,0,0,0,0,4,1,6,2,7,1896,2,8,-1,2
201397QB03704,1,9,0,18,0,4,1,0,0,0,1,1,6,1,7,1591,1,2,-1,1
201397QB03704,2,90,0,10,0,3,1,0,2,0,4,1,1,1,8,2800,2,1,-1,-1
201397QB03706,1,9,0,18,0,1,0,0,0,0,1,1,6,3,8,-1,-1,-1,-1,-1
201397QB03706,2,9,0,11,0,1,1,0,8,6,2,1,6,1,6,1968,2,3,-1,1
201397QB03707,1,9,3,1,9,0,0,0,0,11,2,1,6,1,9,2179,2,3,-1,2
201397QB03801,1,19,0,7,0,7,0,0,0,0,4,1,2,1,9,2402,2,10,-1,2
201397QB03801,2,9,0,18,0,8,0,0,0,0,4,1,2,2,6,1242,1,11,-1,1
201397QB03803,1,9,0,18,0,8,0,0,0,0,1,1,6,1,6,1368,1,2,-1,1
201397QB03803,2,9,0,9,0,8,0,0,0,0,3,1,6,2,6,1598,1,6,-1,1
201397QB03806,1,9,0,18,0,2,0,0,0,0,1,1,6,2,4,1242,1,2,-1,1
201397QB03806,2,8,0,4,0,2,0,0,0,0,2,1,6,1,9,1896,2,4,-1,1
201397QB03807,1,9,0,18,0,8,5,0,1,7,1,1,6,1,10,1560,2,1,3,1
201397QB03904,1,9,0,18,0,1,0,0,0,0,3,1,1,2,6,-1,-1,-1,-1,1
201397QB03904,2,9,0,9,0,1,0,0,0,0,4,1,1,2,5,1242,1,8,-1,-1
201397QB04001,1,19,0,4,0,1,0,0,0,0,1,1,6,1,7,2402,2,8,-1,1
201397QB04001,2,9,0,3,0,1,0,0,0,0,2,1,6,2,5,-1,-1,-1,-1,1
201397QB04002,1,9,0,18,0,0,0,0,0,0,0,1,6,2,8,1968,2,2,-1,1
201397QB04002,2,9,0,18,0,0,0,0,0,0,2,1,6,1,7,1396,1,11,-1,1
201397QB04003,1,9,0,18,0,1,0,0,0,0,4,1,6,1,9,-1,-1,-1,-1,3
201397QB04103,1,19,0,1,0,1,0,0,0,0,2,1,6,1,5,2143,2,4,-1,1
201397QB04103,2,9,0,8,0,1,0,0,0,0,3,1,1,1,8,1598,1,9,-1,1
201397QB04201,1,9,0,5,0,1,0,0,0,0,1,1,6,3,6,1396,1,13,-1,-1
201397QB04201,2,9,0,18,0,1,0,0,0,0,4,1,6,2,7,1368,1,3,-1,1
201397QB04205,1,9,0,18,0,2,1,0,0,0,1,1,6,1,6,1497,1,11,-1,1
201397QB04210,1,9,0,16,0,0,1,6,7,11,4,1,1,2,4,1242,1,-1,-1,1
201397QB04301,1,19,0,7,0,6,0,0,0,0,1,1,2,1,6,2151,2,11,-1,1
201397QB04301,2,1,0,18,0,8,0,0,0,0,4,1,2,1,8,-1,-1,-1,-1,1
201397QB04305,1,9,0,18,0,0,0,0,0,0,1,1,6,3,6,-1,-1,-1,-1,-1
201397QB04308,1,9,0,1,8,0,0,0,0,0,1,1,6,2,6,1390,1,9,-1,-1
201397QB04308,2,9,0,2,0,0,0,0,0,0,2,1,1,1,8,-1,-1,-1,-1,-1
201397QB04402,1,9,0,18,0,0,0,0,0,0,1,1,2,2,8,1799,1,5,-1,1
201397QB04402,2,9,0,4,0,0,0,0,0,0,2,1,2,1,8,1968,2,2,-1,1
201397QB04407,1,9,0,5,0,8,0,0,0,0,3,1,6,2,6,1796,1,13,-1,1
201397QB04407,2,9,0,9,0,8,0,0,0,0,3,1,6,2,8,1560,2,2,-1,3
201397QB04411,1,9,0,18,0,0,0,0,0,0,1,1,6,2,5,998,1,7,-1,1
201397QB04411,2,9,0,4,0,0,0,0,0,0,2,1,6,2,8,1968,2,2,-1,3
201397QB04411,3,9,0,4,0,0,0,0,0,0,2,1,6,1,7,1560,2,-1,-1,1
201397QB04505,1,9,0,9,0,8,0,0,0,0,1,1,2,1,8,1587,1,8,-1,1
201397QB04505,2,9,0,18,0,8,0,0,1,10,3,1,3,2,6,1461,2,6,-1,1
201397QB04507,1,19,0,4,0,0,0,0,0,0,0,1,1,1,8,2148,2,9,-1,1
201397QB04507,2,9,0,4,0,0,0,0,0,0,0,1,6,1,6,1686,2,9,-1,1
201397QB04508,1,9,0,16,0,0,1,0,1,10,2,1,6,1,6,1798,1,10,-1,1
201397QB04606,1,19,0,4,0,0,1,0,0,0,1,1,6,1,7,2953,2,9,-1,1
201397QB04606,2,9,0,3,0,0,0,0,0,0,2,1,6,1,9,1796,1,12,-1,1
201397QB04606,3,9,0,3,0,0,0,0,0,0,2,1,2,2,6,1598,1,8,-1,1
201397QB04607,1,9,0,17,0,4,1,10,1,4,4,1,2,2,8,1360,1,7,-1,1
201397QB04804,1,9,0,18,0,0,0,0,0,0,4,1,2,1,7,1364,1,3,-1,1
201397QB04811,1,20,0,18,0,0,0,0,0,0,0,1,6,1,6,5193,2,1,-1,-1
201397QB04811,2,9,0,4,0,0,0,0,0,0,2,1,1,2,5,1229,1,-1,-1,1
201397QB04811,3,9,0,4,0,0,0,0,0,0,2,1,6,3,6,-1,-1,-1,-1,-1
201397QB04911,1,9,0,14,0,0,0,0,0,0,1,1,6,2,6,1199,1,11,-1,-1
201397QB04911,2,9,0,18,0,0,0,0,0,0,1,1,6,2,5,1910,2,5,-1,1
201397QB05002,1,21,0,3,0,1,0,0,0,0,1,1,1,1,7,-1,-1,-1,-1,-1
201397QB05002,2,9,0,4,0,1,0,6,0,0,2,1,1,1,7,1796,1,9,10,1
201397QB05011,1,9,0,16,0,8,0,0,8,11,1,1,6,2,6,1397,1,2,-1,1
201397QB05011,2,9,0,9,0,8,0,0,0,0,3,1,6,1,10,1396,1,2,-1,1
201397QB05102,1,9,0,18,0,0,5,0,1,9,4,1,2,2,7,1328,1,7,-1,1
201397QB05105,1,9,0,4,0,4,0,0,0,0,1,1,6,1,6,1461,2,9,-1,1
201397QB05105,2,9,0,4,0,4,0,0,0,0,2,1,2,1,9,1995,2,2,-1,-1
201397QB05105,3,9,0,3,0,4,0,0,0,0,4,1,2,2,8,1999,1,6,-1,-1
201397QB05107,1,9,0,9,0,0,1,0,1,10,1,1,6,2,6,1339,1,11,-1,1
201397QB05202,1,9,0,18,0,0,0,0,0,0,1,1,6,1,10,1582,2,3,-1,1
201397QB05202,2,9,0,2,0,0,0,0,0,0,3,1,6,1,9,2500,1,45,-1,3
201397QB05204,1,9,0,15,0,0,0,0,0,0,1,1,2,2,8,1328,1,7,-1,1
201397QB05304,1,9,0,18,0,0,0,0,0,0,1,1,6,1,9,1461,2,2,-1,1
201397QB05305,1,9,0,5,0,0,0,0,0,0,1,1,6,2,9,1360,1,2,-1,1
201397QB05305,2,9,0,2,0,0,0,0,0,0,2,1,6,3,6,-1,-1,-1,-1,-1
201397QB05305,3,9,0,2,0,0,0,0,0,0,2,1,6,1,6,1598,1,4,-1,-1
201397QB05401,1,90,0,4,0,0,0,0,0,0,0,1,6,1,7,-1,-1,-1,-1,1
201397QB05401,2,9,0,4,0,0,0,0,0,0,0,1,2,1,8,1796,1,3,-1,1
201397QB05411,1,19,0,7,0,3,0,0,0,0,4,1,6,3,6,-1,-1,-1,-1,-1
201397QB05502,1,9,0,3,0,1,0,0,0,0,1,1,6,1,9,1461,2,4,-1,1
201397QB05502,2,19,0,3,0,1,0,0,0,0,2,1,6,2,8,-1,-1,-1,-1,1
201397QB05604,1,9,0,4,0,0,0,0,0,0,1,1,6,2,5,1149,1,3,-1,1
201397QB05604,2,9,0,3,0,0,0,0,0,0,2,1,6,2,6,1769,1,10,-1,1
201397QB05707,1,1,0,18,0,0,0,0,0,0,1,1,6,1,11,-1,-1,-1,-1,1
201397QB05707,2,9,0,9,0,0,0,0,0,0,1,1,6,1,11,1242,1,5,-1,1
201397QB05903,1,9,0,17,0,0,0,0,0,0,1,1,2,2,7,1560,2,1,-1,1
201397QB70101,1,9,0,12,0,7,0,0,0,0,1,1,6,1,6,-1,-1,-1,-1,1
201397QB70101,2,9,0,3,0,1,0,0,0,0,2,1,6,2,6,1386,1,1,-1,1
201397QB70101,3,19,0,3,0,1,0,0,0,0,2,1,6,1,6,2148,2,5,-1,1
201397QB70110,1,9,0,18,0,0,5,0,1,0,4,1,6,1,6,1248,2,1,-1,1
201397QB70112,1,21,1,4,0,0,0,0,0,0,1,1,1,1,8,12419,2,-1,4,1
201397QB70112,2,19,0,4,0,0,0,0,0,0,2,1,1,1,8,2143,2,-1,1,1
201397QB70112,3,9,0,4,0,0,0,0,0,0,2,1,2,1,6,1229,1,5,-1,1
201397QB70112,4,21,1,4,0,0,0,0,0,0,2,1,1,1,9,12777,2,-1,-1,-1
201397QB70203,1,8,0,18,0,0,1,0,0,0,1,1,6,1,10,-1,-1,-1,-1,-1
201397QB70203,2,8,0,18,0,0,0,0,0,0,2,1,6,2,5,998,1,-1,-1,-1
201397QB70204,1,19,0,18,0,0,5,0,1,7,1,2,1,1,8,-1,-1,-1,-1,-1
201397QB70212,1,21,1,18,0,0,5,0,4,0,3,1,1,1,8,12900,2,7,-1,-1
201397QB70302,1,9,0,18,0,0,0,0,0,0,2,1,6,1,8,-1,-1,-1,-1,1
201397QB70302,2,9,0,18,0,0,0,0,0,0,2,1,1,1,7,1796,1,6,-1,2
201397QB70302,3,9,0,18,0,0,0,0,0,0,2,1,2,2,8,1360,1,3,-1,1
201397QB70302,4,9,0,18,0,0,0,0,0,0,2,1,6,1,6,1995,2,1,-1,-1
201397QB70302,5,9,0,18,0,0,0,0,0,0,2,1,2,1,8,-1,-1,-1,-1,1
201397QB70310,1,21,1,16,0,0,1,0,0,0,3,1,1,1,9,12809,2,-1,-1,1
201397QB70310,2,9,0,18,0,0,0,0,1,11,1,1,6,2,9,1586,1,6,-1,2
201397QB70311,1,9,0,16,0,1,1,0,7,2,4,1,6,1,4,1149,1,10,-1,2
201397QB70409,1,9,0,16,0,0,0,7,0,7,3,1,6,1,4,973,1,11,-1,1
201397QB70409,2,9,0,18,0,0,0,0,0,0,4,1,6,1,7,1968,2,4,-1,1
201397QB70409,3,9,0,18,0,0,0,0,0,0,3,1,6,2,8,1360,1,3,-1,1
201397QB70410,1,9,0,18,0,0,0,0,0,0,1,1,1,1,6,1149,1,5,-1,1
201397QB70410,2,9,0,4,0,0,0,0,0,0,3,1,1,2,8,1595,1,3,-1,1
201397QB70410,3,9,0,3,0,0,0,0,0,0,3,1,1,1,9,2143,2,1,-1,1
201397QB70411,1,19,0,18,0,0,0,0,0,0,1,1,1,1,7,2998,2,5,2,1
201397QB70411,2,21,1,3,0,0,0,0,0,0,2,1,1,1,7,12900,2,1,6,3
201397QB70609,1,9,0,17,0,0,1,0,0,0,4,1,2,1,5,1149,1,8,-1,2
201397QB70609,2,9,0,16,0,0,0,0,0,0,1,1,6,1,6,1582,2,1,-1,1
201397QB70611,1,9,0,4,0,1,0,0,0,0,1,1,6,1,6,1198,1,11,-1,1
201397QB70611,2,9,0,4,0,1,0,0,0,0,2,1,6,1,5,1461,2,-1,-1,1
201397QB70612,1,9,0,16,0,0,0,0,0,0,1,1,1,1,6,-1,-1,-1,-1,1
201397QB70612,2,9,0,3,0,0,0,0,0,0,2,1,2,2,5,1198,1,3,-1,1
201397QB70810,1,21,1,18,0,0,0,0,1,4,1,1,1,1,8,197,1,6,5,2
201397QB70912,1,9,0,12,0,0,1,0,0,0,0,1,6,3,7,-1,-1,-1,-1,-1
201397QB70912,2,21,0,18,0,0,0,0,0,0,1,1,1,1,6,4116,2,8,4,1
201397QB70912,3,19,0,18,0,0,0,0,0,0,2,1,1,1,7,1995,2,-1,1,1
201397QB71209,1,9,0,18,0,1,0,0,0,0,1,1,6,2,7,1598,1,-1,-1,1
201397QB71209,2,9,0,3,0,1,0,0,0,0,2,1,2,2,6,1598,1,7,-1,1
201397QB71209,3,9,0,18,0,1,0,0,0,0,2,1,2,1,7,1999,1,10,-1,1
201397QB71311,1,9,0,18,0,0,0,0,0,0,1,1,6,1,6,1686,2,13,-1,1
201397QB71311,2,9,0,18,0,0,0,0,0,0,1,1,6,2,7,998,1,3,-1,1
201397QB71412,1,9,0,18,0,0,0,0,2,6,2,1,2,1,6,1598,1,8,-1,1
201397QB71412,2,9,0,18,0,0,0,0,4,6,2,1,2,2,6,1248,1,-1,-1,1
201397QB71509,1,9,0,18,0,1,0,0,7,0,1,1,2,1,5,998,1,-1,-1,1
201397QB71509,2,9,0,18,0,1,0,0,0,0,2,1,6,1,10,1794,1,7,-1,1
201397QB71509,3,9,0,18,0,1,0,0,0,0,3,1,6,1,8,1461,2,2,-1,3
201397QC00102,1,21,1,18,0,0,5,0,1,9,1,1,1,1,8,10837,2,1,-1,3
201397QC00105,1,9,0,16,0,0,0,0,7,3,1,1,6,1,10,1596,1,4,-1,3
201397QC00107,1,9,0,18,9,0,0,0,7,11,1,1,6,1,6,1364,1,7,-1,2
201397QC00107,2,9,0,1,0,0,0,0,0,0,3,1,3,3,6,1229,1,1,-1,2
201397QC00112,1,9,0,9,0,5,0,0,0,0,0,1,6,2,5,1149,1,10,-1,1
201397QC00112,2,9,0,18,0,1,0,0,0,0,0,1,6,1,8,1299,1,10,-1,2
201397QC00205,1,9,0,13,0,0,1,0,0,0,3,1,6,1,6,1994,2,11,-1,1
201397QC00205,2,9,0,18,0,0,0,0,1,0,3,1,6,1,8,1968,2,8,-1,3
201397QC00208,1,9,0,16,8,0,5,0,7,11,3,1,6,2,9,998,1,4,-1,1
201397QC00301,1,9,0,18,0,1,0,0,0,0,1,1,6,1,10,1598,2,1,-1,-1
201397QC00301,2,9,0,18,0,8,0,0,0,0,1,1,6,2,6,1896,2,8,-1,-1
201397QC00303,1,9,0,18,0,0,1,0,1,10,1,1,1,2,5,-1,-1,-1,-1,1
201397QC00305,1,9,0,18,0,0,0,0,1,11,1,1,6,1,4,1388,1,10,-1,2
201397QC00306,1,9,0,16,0,0,1,0,1,4,1,1,6,1,6,1997,2,14,-1,-1
201397QC00308,1,9,0,16,0,0,0,0,0,0,0,1,6,3,7,-1,-1,-1,-1,-1
201397QC00308,2,9,0,18,0,0,0,7,1,4,1,1,6,2,7,1198,1,1,-1,1
201397QC00312,1,9,0,9,0,8,0,0,0,0,4,1,6,1,10,1796,1,5,-1,-1
201397QC00312,2,9,0,18,0,1,0,0,0,0,1,1,6,2,8,1600,2,2,-1,3
201397QC00402,1,9,0,11,0,0,2,0,2,7,3,1,6,2,7,-1,-1,-1,3,1
201397QC00502,1,21,1,18,0,0,3,0,4,6,1,1,1,1,9,12580,2,8,-1,1
201397QC00505,1,19,0,11,0,0,0,0,0,7,4,1,1,1,8,-1,-1,-1,2,1
201397QC00505,2,9,0,18,0,0,5,0,0,7,3,1,6,1,9,1299,1,6,-1,3
201397QC00510,1,9,0,16,0,0,0,0,0,0,1,1,2,2,5,996,1,4,-1,3
201397QC00510,2,9,0,17,0,0,0,0,0,0,1,1,6,2,10,996,1,3,-1,3
201397QC00609,1,9,0,13,0,1,5,0,0,0,4,1,6,2,4,1198,1,5,-1,3
201397QC00609,2,17,4,9,0,8,0,0,0,0,3,1,1,1,4,-1,2,4,-1,3
201397QC00612,1,9,0,18,0,1,0,11,0,0,1,1,2,2,9,1390,1,6,-1,2
201397QC00701,1,9,0,18,0,0,1,0,0,6,1,1,6,1,6,-1,-1,-1,-1,-1
201397QC00703,1,9,0,16,0,0,2,0,1,10,1,1,6,2,5,1149,1,5,-1,3
201397QC00707,1,9,0,18,0,0,0,0,0,0,0,1,6,2,6,1229,1,1,-1,3
201397QC00708,1,9,0,16,0,0,5,7,0,6,3,1,6,2,8,-1,-1,-1,3,1
201397QC00711,1,9,0,18,0,1,0,0,0,0,1,1,2,1,7,1242,1,3,-1,1
201397QC00712,1,21,1,18,0,0,5,0,1,11,4,1,1,1,8,12900,2,1,4,1
201397QC00801,1,9,0,16,0,0,1,0,1,3,3,1,6,1,5,1998,2,9,-1,-1
201397QC00804,1,9,0,18,0,1,0,0,0,0,1,1,6,2,8,998,1,13,-1,1
201397QC00804,2,9,0,8,0,1,0,0,0,0,2,1,6,2,4,998,1,6,-1,3
201397QC00805,1,9,0,17,9,0,0,0,1,0,4,1,1,2,7,1398,2,1,-1,1
201397QC00808,1,9,0,4,0,0,0,0,0,0,1,1,6,2,6,995,1,5,-1,3
201397QC00808,2,9,0,10,0,0,0,0,0,0,2,1,6,1,8,1753,2,18,-1,3
201397QC00904,1,9,0,18,0,0,2,0,1,10,4,1,6,1,11,1799,1,7,-1,-1
201397QC00906,1,9,0,7,0,6,0,0,0,0,1,1,6,2,9,1896,2,6,5,1
201397QC00906,2,9,0,18,0,1,0,0,7,11,4,1,6,1,8,1364,1,6,-1,3
201397QC00912,1,9,0,9,0,0,2,0,0,0,0,1,6,1,5,1598,1,8,-1,1
201397QC01001,1,9,0,18,0,1,0,0,0,0,1,1,1,1,6,-1,-1,-1,-1,3
201397QC01001,2,9,0,10,0,1,0,0,0,0,2,1,1,1,8,-1,-1,-1,-1,3
201397QC01001,3,19,0,18,0,8,0,0,0,0,4,1,1,1,9,2143,2,2,-1,3
201397QC01007,1,9,0,13,0,0,0,0,0,0,1,1,2,1,8,1396,1,15,-1,1
201397QC01007,2,9,0,18,0,0,0,0,0,0,1,1,6,1,8,1560,2,8,-1,3
201397QC01010,1,9,0,18,0,0,0,0,0,0,4,1,6,1,4,1200,1,11,-1,3
201397QC01012,1,1,0,18,9,0,0,0,0,0,1,1,6,1,4,-1,-1,-1,-1,2
201397QC01012,2,9,0,18,9,0,0,0,0,0,4,1,6,1,6,1362,1,1,-1,2
201397QC01107,1,20,0,18,0,1,0,0,0,0,1,1,1,1,8,3920,2,8,4,1
201397QC01107,2,19,0,18,0,1,0,0,0,0,2,1,1,1,8,2198,2,4,-1,2
201397QC01107,3,90,1,18,0,1,0,0,0,0,2,2,1,1,6,-1,-1,-1,-1,3
201397QC01204,1,4,0,18,0,0,0,0,0,0,3,1,6,1,8,750,1,8,-1,1
201397QC01209,1,9,0,9,0,8,0,0,0,0,1,1,6,1,11,1598,1,1,-1,3
201397QC01209,2,9,0,18,0,8,0,0,0,0,1,1,1,1,7,1995,2,-1,-1,3
201397QC01210,1,19,0,16,0,0,1,0,0,0,1,1,1,1,8,1870,2,8,-1,-1
201397QC01210,2,21,1,18,0,0,0,0,2,1,1,1,1,1,9,12809,2,1,6,2
201397QC01308,1,19,0,18,0,0,5,0,1,4,1,1,1,1,7,1870,2,11,7,1
201397QC01309,1,9,0,7,0,2,0,0,0,0,0,1,6,1,10,1149,1,11,-1,2
201397QC01309,2,5,0,7,0,2,0,0,0,0,2,1,6,1,8,955,1,9,-1,3
201397QC01310,1,9,0,14,0,0,0,4,0,0,1,1,6,1,11,1108,1,4,-1,3
201397QC01310,2,9,0,2,0,0,0,0,0,0,2,1,6,2,6,1229,1,5,-1,2
201397QC01408,1,9,0,18,0,0,5,0,2,2,1,1,6,1,5,1396,1,16,-1,3
201397QC01411,1,9,0,17,0,0,1,6,2,11,1,1,6,1,4,1596,1,11,-1,3
201397QC01501,1,9,0,13,0,1,0,0,7,0,1,1,6,1,10,1360,1,4,-1,1
201397QC01501,2,21,0,9,0,1,0,0,0,0,3,1,1,1,7,-1,-1,-1,-1,-1
201397QC01503,1,90,0,18,0,0,0,0,0,0,1,1,1,1,8,6370,2,2,-1,1
201397QC01503,2,11,0,4,0,0,0,0,0,0,2,1,1,1,6,-1,2,13,-1,3
201397QC01508,1,9,0,18,0,0,5,0,1,0,4,1,6,2,6,1360,1,13,-1,-1
201397QC01508,2,11,0,18,0,0,0,0,0,0,3,1,6,1,9,6700,2,1,-1,1
201397QC01509,1,19,0,1,9,8,0,6,7,11,1,1,1,1,8,1686,2,7,-1,2
201397QC01601,1,9,0,18,0,0,0,4,0,0,1,1,6,1,11,1796,1,8,-1,2
201397QC01601,2,19,0,2,9,0,0,0,0,0,1,1,6,2,7,2148,2,3,-1,2
201397QC01604,1,9,0,18,0,0,1,0,1,11,1,1,6,2,5,1242,1,6,-1,-1
201397QC01604,2,9,0,18,0,0,1,0,4,7,3,1,6,1,6,1986,2,6,-1,3
201397QC01607,1,9,0,13,0,0,0,0,0,0,3,1,6,1,6,1248,2,6,-1,1
201397QC01607,2,4,0,13,0,0,0,0,7,11,4,1,2,1,8,487,1,17,-1,3
201397QC01608,1,5,0,18,0,0,0,0,0,0,1,1,6,1,9,636,1,7,4,1
201397QC01608,2,9,0,18,0,0,0,0,0,0,1,1,6,1,10,1598,2,3,5,2
201397QC01612,1,21,4,17,0,0,0,0,0,0,3,1,1,1,7,11705,2,6,5,1
201397QC01612,2,19,0,16,0,0,0,0,0,0,3,1,2,1,6,2461,2,2,-1,3
201397QC01702,1,9,0,16,0,0,0,0,0,0,1,1,6,1,5,1587,1,13,-1,3
201397QC01704,1,5,0,9,0,6,0,0,0,0,3,1,2,1,9,-1,-1,-1,-1,3
201397QC01704,2,5,0,18,0,1,0,0,1,0,1,1,2,2,5,-1,-1,-1,-1,3