Accident_Index,Vehicle_Reference,Vehicle_Type,Towing_and_Articulation,Vehicle_Manoeuvre,Vehicle_Location-Restricted_Lane,Junction_Location,Skidding_and_Overturning,Hit_Object_in_Carriageway,Vehicle_Leaving_Carriageway,Hit_Object_off_Carriageway,1st_Point_of_Impact,Was_Vehicle_Left_Hand_Drive?,Journey_Purpose_of_Driver,Sex_of_Driver,Age_Band_of_Driver,Engine_Capacity_(CC),Propulsion_Code,Age_of_Vehicle,Driver_IMD_Decile,Driver_Home_Area_Type
201397UA00104,1,9,0,9,0,6,0,0,0,0,1,1,1,1,7,-1,-1,-1,-1,-1
201397UA00104,2,9,0,18,0,1,0,0,0,0,1,1,1,1,7,1560,2,3,-1,1
201397UA00105,1,9,0,7,0,5,0,0,0,0,1,1,6,1,5,-1,-1,-1,-1,2
201397UA00105,2,1,0,18,0,8,0,0,0,0,2,1,6,1,7,-1,-1,-1,-1,-1
201397UA00206,1,1,0,18,0,0,0,4,0,0,1,1,6,1,9,-1,-1,-1,-1,1
201397UA00206,2,9,0,4,0,0,0,0,0,0,2,1,6,1,6,1332,1,7,-1,1
201397UA00208,1,9,0,16,6,0,2,0,1,9,1,1,6,1,4,1124,1,11,-1,1
201397UA00210,1,90,1,7,0,6,0,0,0,0,3,1,1,1,8,-1,-1,-1,-1,1
201397UA00210,2,9,0,16,0,1,0,0,0,0,1,1,6,2,9,1598,1,11,-1,1
201397UA00211,1,8,0,5,0,0,0,0,0,0,4,1,1,1,8,1796,1,8,-1,2
201397UA00212,1,9,0,17,0,0,1,0,8,11,1,1,1,1,7,1229,1,2,-1,1
201397UA00301,1,5,0,18,0,1,0,0,0,0,2,1,6,1,8,-1,-1,-1,-1,1
201397UA00301,2,9,0,9,0,1,0,0,0,0,1,1,6,1,6,1590,1,10,-1,1
201397UA00305,1,9,0,18,0,0,0,0,0,0,2,1,6,1,5,1368,1,4,-1,1
201397UA00305,2,9,0,18,0,0,0,0,0,0,1,1,6,2,6,1598,1,1,-1,1
201397UA00309,1,9,0,16,0,0,1,0,1,7,1,1,6,2,8,1994,2,10,-1,1
201397UA00404,1,9,0,18,0,0,0,0,0,0,1,1,6,1,4,1896,2,12,-1,2
201397UA00404,2,9,0,4,0,0,0,0,0,0,2,1,6,1,6,1995,2,5,-1,2
201397UA00408,1,9,0,16,0,0,2,0,1,9,4,1,6,2,7,1149,1,12,-1,-1
201397UA00411,1,9,0,18,0,0,1,7,0,3,1,1,2,2,6,1796,1,14,-1,1
201397UA00510,1,9,0,9,0,0,0,0,0,0,4,1,2,2,5,1229,1,6,-1,-1
201397UA00510,2,9,0,5,8,0,0,0,0,0,3,1,6,1,8,1598,1,11,-1,1
201397UA00601,1,9,0,18,0,1,0,0,0,0,1,1,6,1,6,2793,1,17,-1,1
201397UA00601,2,9,0,3,0,1,0,0,0,0,2,1,2,2,9,1796,1,9,-1,1
201397UA00603,1,9,0,2,0,0,0,0,0,0,1,1,6,1,7,1599,1,7,-1,-1
201397UA00604,1,9,0,17,0,0,1,0,1,11,1,1,6,1,9,1997,1,11,-1,-1
201397UA00606,1,9,0,16,0,0,0,0,1,11,1,1,1,1,6,-1,-1,-1,-1,-1
201397UA00704,1,9,0,18,0,1,0,0,0,0,1,1,6,1,9,1587,1,7,-1,1
201397UA00704,2,9,0,3,0,1,0,0,0,0,2,1,1,1,8,1896,2,3,-1,1
201397UA00704,3,9,0,3,0,1,0,0,0,0,2,1,6,2,10,1124,1,17,-1,1
201397UA00704,4,9,0,3,0,1,0,0,0,0,2,1,6,2,6,1299,1,9,-1,1
201397UA00707,1,9,0,16,0,0,1,0,1,11,3,1,2,2,6,1364,1,6,-1,2
201397UA00709,1,9,0,18,0,0,0,0,0,0,3,1,2,1,6,1796,1,5,-1,1
201397UA00712,1,9,0,18,0,0,0,0,0,0,1,1,2,1,7,1997,2,-1,-1,-1
201397UA00803,1,9,0,18,0,6,0,0,0,0,1,1,6,2,5,1796,1,8,-1,1
201397UA00803,2,9,0,18,0,1,0,0,1,0,4,1,6,2,5,796,1,10,-1,1
201397UA00805,1,11,0,5,2,0,0,0,0,0,0,1,1,1,7,9000,2,3,-1,1
201397UA00808,1,9,0,16,0,0,0,0,0,0,1,1,2,2,6,1794,1,9,-1,1
201397UA00810,1,9,0,18,0,0,0,0,0,0,0,1,6,3,8,-1,-1,-1,-1,-1
201397UA00810,2,11,0,18,0,0,0,0,0,0,0,1,1,1,8,4580,2,6,-1,1
201397UA00901,1,9,0,5,0,8,0,0,0,0,1,1,6,1,9,2198,1,8,-1,2
201397UA00901,2,9,0,3,0,8,0,0,0,0,2,1,6,1,7,1995,2,2,-1,2
201397UA01003,1,19,0,18,0,1,0,0,0,0,4,1,6,1,6,2461,2,6,-1,1
201397UA01007,1,9,0,18,0,1,0,0,0,0,1,1,6,2,11,1240,1,9,-1,1
201397UA01007,2,9,0,10,0,8,0,0,0,0,2,1,6,1,7,1398,1,7,-1,1
201397UA01009,1,9,0,8,0,6,0,0,0,0,1,1,2,1,6,1998,1,8,-1,2
201397UA01204,1,9,0,6,0,2,0,0,0,0,3,1,2,2,5,1461,2,6,-1,1
201397UA01204,2,9,0,18,0,2,0,0,0,0,1,1,6,2,6,1598,1,7,-1,3
201397UA01206,1,9,0,13,0,0,1,0,7,9,4,1,6,1,4,1781,1,12,-1,-1
201397UA01206,2,9,0,18,0,0,0,0,0,0,1,1,1,1,8,1968,2,8,-1,-1
201397UA01306,1,9,0,18,0,0,0,0,0,0,4,1,6,2,8,1998,2,9,-1,3
201397UA01306,2,9,0,2,0,0,0,0,0,0,3,1,1,1,7,2494,2,5,-1,3
201397UA01309,1,9,0,9,0,6,0,0,0,0,3,1,6,1,11,1398,1,-1,-1,2
201397UA01309,2,1,0,18,0,8,0,0,0,0,1,1,6,1,8,-1,-1,-1,-1,1
201397UA01401,1,9,0,9,0,2,0,0,0,0,3,1,1,1,5,1896,2,7,-1,1
201397UA01408,1,9,0,18,0,0,0,0,0,0,1,1,6,1,6,1390,1,9,-1,1
201397UA01408,2,9,0,3,0,0,0,0,0,0,2,1,1,1,8,1988,2,5,-1,1
201397UA01412,1,9,0,4,0,1,0,0,0,0,1,1,6,2,6,1299,1,10,-1,1
201397UA01412,2,9,0,4,0,1,0,0,0,0,2,1,6,2,6,1490,1,5,-1,1
201397UA01501,1,9,0,18,0,1,0,0,0,0,1,1,6,1,5,1390,1,12,-1,3
201397UA01501,2,9,0,4,0,1,0,0,0,0,2,1,6,1,9,1998,2,4,-1,-1
201397UA01505,1,9,0,17,0,0,2,0,0,9,3,1,6,1,8,1686,2,9,-1,3
201397UA01508,1,1,0,16,0,1,1,0,0,0,1,1,6,2,3,-1,-1,-1,-1,1
201397UA01508,2,9,0,16,0,1,0,0,0,0,1,1,6,1,9,2179,2,6,-1,-1
201397UA01510,1,1,0,18,0,1,0,0,0,0,1,1,4,1,2,-1,-1,-1,-1,3
201397UA01510,2,19,0,18,0,1,0,0,0,0,3,1,1,1,6,2298,2,-1,-1,3
201397UA01603,1,9,0,16,0,3,0,0,1,0,1,1,2,2,6,2204,2,4,-1,2
201397UA01603,2,9,0,16,0,3,0,0,0,0,1,1,1,1,8,-1,-1,-1,-1,3
201397UA01701,1,9,0,9,0,8,0,0,0,0,1,1,6,1,9,1061,1,8,10,1
201397UA01701,2,9,0,18,0,8,0,0,0,0,1,1,6,2,7,1390,1,12,-1,1
201397UA01801,1,9,0,18,0,0,0,0,0,0,1,1,6,1,8,-1,-1,-1,-1,1
201397UA01801,2,9,0,2,0,0,0,0,0,0,1,1,6,3,7,-1,-1,-1,4,1
201397UA01804,1,9,0,18,0,0,0,0,0,0,1,1,6,1,4,1341,1,10,-1,1
201397UA01804,2,9,0,18,0,0,0,0,0,0,1,1,6,2,6,1799,1,6,-1,1
201397UA01804,3,9,0,18,0,0,0,0,0,0,2,1,6,2,10,1997,1,3,-1,1
201397UA01805,1,9,0,7,0,3,5,0,0,1,1,1,6,1,4,1124,1,10,-1,1
201397UA01809,1,9,0,18,0,4,0,0,0,0,3,1,6,1,10,1968,2,3,-1,3
201397UA01809,2,1,0,18,0,3,0,0,0,0,1,1,6,1,8,-1,-1,-1,-1,1
201397UA01810,1,9,0,5,0,4,0,0,0,0,1,1,1,1,10,1910,2,8,-1,1
201397UA01810,2,2,0,18,0,8,0,0,0,0,1,1,6,2,5,-1,-1,-1,-1,-1
201397UA01904,1,9,0,18,0,0,0,0,0,0,1,1,6,1,5,1199,1,9,-1,-1
201397UA01904,2,9,0,18,0,0,0,0,0,7,1,1,6,2,7,1598,1,7,-1,1
201397UA01905,1,9,0,17,0,1,0,0,0,0,1,1,6,1,8,2204,2,5,-1,1
201397UA02001,1,21,0,17,0,0,1,0,1,10,4,1,1,1,8,-1,-1,-1,-1,-1
201397UA02002,1,9,0,18,0,0,0,0,0,0,2,1,6,2,4,1199,1,10,-1,1
201397UA02002,2,11,0,5,0,0,0,0,0,0,0,1,1,1,7,9000,2,1,-1,1
201397UA02007,1,11,0,5,2,0,0,0,0,0,4,1,6,1,5,-1,-1,-1,-1,-1
201397UA02008,1,9,0,18,0,3,0,0,0,0,4,1,6,2,6,998,1,7,-1,1
201397UA02008,2,1,0,18,0,8,0,0,0,0,3,1,6,1,7,-1,-1,-1,-1,1
201397UA02101,1,9,0,17,0,0,1,0,1,10,1,1,6,1,8,2290,1,13,-1,3
201397UA02107,1,5,0,18,0,6,0,0,0,0,4,1,6,1,8,-1,-1,-1,-1,-1
201397UA02107,2,9,0,18,0,1,0,0,0,0,1,1,6,1,11,998,1,8,-1,1
201397UA02111,1,9,0,16,0,0,0,0,0,0,1,1,2,2,5,1124,1,11,-1,1
201397UA02111,2,21,1,18,0,0,0,0,0,0,3,1,1,2,7,6370,2,4,-1,3
201397UA02202,1,9,0,7,9,1,0,0,7,4,1,1,6,1,5,1588,1,15,-1,1
201397UA02204,1,9,0,18,0,2,0,4,1,0,1,1,6,1,7,998,1,4,-1,3
201397UA02204,2,11,0,2,0,2,0,0,0,0,2,1,1,1,8,9000,2,3,-1,1
201397UA02207,1,9,0,18,0,0,5,0,7,0,4,1,6,1,9,1769,1,9,-1,2
201397UA02209,1,9,0,4,0,0,0,0,0,0,3,1,6,2,8,1240,1,8,-1,1
201397UA02210,1,9,0,1,0,0,0,0,0,0,2,1,6,2,5,998,1,5,-1,-1
201397UA02211,1,9,0,18,0,0,0,0,0,0,1,1,3,2,7,1364,1,7,-1,1
201397UA02304,1,9,0,18,0,8,0,0,0,0,3,1,6,2,7,1199,1,11,-1,1
201397UA02304,2,9,0,18,0,8,0,0,8,10,1,1,6,1,8,1596,1,7,-1,1
201397UA02307,1,9,0,18,0,1,0,0,0,0,1,1,6,2,9,2435,1,12,-1,3
201397UA02307,2,9,0,18,0,8,0,0,0,0,2,1,6,2,6,1461,2,4,-1,1
201397UA02309,1,9,0,18,0,4,5,9,3,0,1,1,6,1,10,1798,2,2,-1,1
201397UA02309,2,9,0,18,0,8,0,0,0,0,2,1,6,1,9,1686,2,2,-1,1
201397UA02311,1,9,0,9,0,5,0,0,0,0,4,1,6,2,4,1229,1,-1,-1,1
201397UA02311,2,1,0,18,0,1,0,0,0,0,1,1,2,2,6,-1,-1,-1,-1,3
201397UA02406,1,9,0,18,0,0,0,0,0,0,3,1,6,1,4,1997,2,10,-1,1
201397UA02409,1,21,0,18,0,0,0,0,0,0,4,1,6,1,5,12130,2,7,-1,2
201397UA02409,2,9,0,2,0,0,0,0,1,0,4,1,6,1,7,3200,2,11,-1,1
201397UA02409,3,9,0,2,0,0,0,0,0,0,3,1,6,3,6,-1,-1,-1,-1,3
201397UA02409,4,9,0,2,0,0,0,0,0,0,3,1,6,1,6,1332,1,16,-1,1
201397UA02409,5,9,0,2,0,0,0,0,0,0,0,1,6,3,7,1968,2,6,-1,1
201397UA02411,1,9,0,9,9,5,0,0,0,0,1,1,6,1,5,1198,1,3,-1,2
201397UA02411,2,9,0,18,0,1,0,0,0,0,1,1,6,2,8,1198,1,-1,-1,1
201397UA02512,1,19,0,7,0,3,0,0,0,0,4,1,6,3,7,-1,-1,-1,-1,-1
201397UA02512,2,10,0,18,0,1,0,0,0,0,0,1,6,1,8,-1,-1,-1,-1,3
201397UA02602,1,9,0,4,0,0,1,0,0,7,1,1,6,1,7,1991,2,6,-1,2
201397UA02602,2,9,0,4,0,0,0,0,0,0,2,1,6,2,9,1198,1,7,-1,1
201397UA02603,1,9,0,17,0,0,1,0,0,11,1,1,6,1,7,-1,-1,-1,-1,-1
201397UA02604,1,9,0,18,0,1,0,0,0,0,3,1,6,1,10,1598,1,3,-1,1
201397UA02604,2,9,0,18,0,8,0,0,0,0,4,1,6,2,5,1388,1,1,-1,1
201397UA02609,1,9,0,18,0,0,5,4,0,0,4,1,6,2,9,1598,2,1,-1,-1
201397UA02609,2,9,0,2,0,0,0,0,0,0,2,1,6,3,7,1360,1,1,-1,1
201397UA02610,1,9,0,16,0,0,2,0,7,11,3,1,6,2,10,1997,2,1,-1,1
201397UA02703,1,9,0,9,0,8,0,0,0,0,4,1,1,1,7,1968,2,5,-1,3
201397UA02804,1,9,0,4,0,5,0,0,0,0,1,1,2,2,4,1598,1,4,-1,-1
201397UA02804,2,9,0,3,0,5,0,0,0,0,2,1,6,1,6,1582,2,6,-1,-1
201397UA02804,3,9,0,3,0,5,0,0,0,0,1,1,6,2,8,1242,1,4,-1,2
201397UA02804,4,9,0,18,0,1,0,0,0,0,2,1,6,1,7,-1,-1,-1,-1,-1
201397UA02812,1,9,0,13,0,1,1,0,0,0,1,1,6,1,8,1341,1,11,-1,3
201397UA02812,2,9,0,18,0,1,0,0,0,0,1,1,2,1,8,1999,1,3,-1,1
201397UA02812,3,9,0,18,0,1,0,0,1,10,3,1,2,1,9,2148,2,9,-1,1
201397UA02901,1,9,0,16,0,0,1,0,0,0,1,1,6,1,5,1998,1,5,-1,1
201397UA02901,2,9,0,17,0,0,2,0,0,0,3,1,6,2,9,-1,-1,-1,-1,1
201397UA02905,1,20,0,1,0,0,0,0,0,0,2,1,6,1,7,-1,-1,-1,-1,1
201397UA02909,1,9,0,16,0,0,1,0,7,0,3,1,6,1,9,1956,2,1,-1,2
201397UA02909,2,19,0,17,0,0,5,0,0,0,1,1,6,1,5,2402,2,7,-1,-1
201397UA02909,3,19,0,17,0,0,2,7,1,10,3,1,6,1,9,1248,2,1,5,1
201397UA02912,1,9,0,18,0,1,0,0,0,0,0,1,6,3,6,-1,-1,-1,-1,-1
201397UA02912,2,11,0,18,2,1,0,0,0,0,0,1,1,1,9,4500,2,-1,-1,1
201397UA03010,1,9,0,18,0,0,0,0,0,0,0,1,6,2,10,1596,1,12,-1,2
201397UA03012,1,9,0,9,0,1,0,0,0,0,3,1,6,2,7,1997,2,2,-1,1
201397UA03012,2,9,0,18,0,1,0,0,0,0,3,1,6,1,11,-1,-1,-1,-1,1
201397UA03101,1,9,0,9,0,8,0,0,0,0,4,1,6,2,4,1229,1,1,-1,1
201397UA03101,2,9,0,18,0,8,0,0,0,0,1,1,6,1,8,-1,-1,-1,-1,1
201397UA03103,1,9,0,18,0,0,0,0,0,0,1,1,2,1,8,-1,-1,-1,-1,2
201397UA03103,2,1,0,18,0,0,0,0,1,0,2,1,2,1,7,-1,-1,-1,-1,3
201397UA03108,1,9,0,16,0,0,1,0,1,0,2,1,6,1,7,2616,1,4,-1,1
201397UA03108,2,9,0,18,0,0,0,0,0,0,1,1,6,1,9,3222,2,10,-1,1
201397UA03108,3,9,0,18,0,0,0,0,0,0,1,1,6,2,7,999,1,-1,-1,-1
201397UA03110,1,9,0,18,0,1,0,0,0,0,1,1,6,1,6,1598,1,11,-1,3
201397UA03211,1,9,0,16,0,0,0,0,0,0,4,1,2,2,7,1389,1,11,-1,2
201397UA03212,1,9,0,18,0,0,0,0,0,0,1,1,1,1,8,1299,1,10,-1,1
201397UA03212,2,9,0,18,0,0,0,0,0,0,2,1,6,1,9,1596,1,6,-1,1
201397UA03212,3,9,0,18,0,0,0,0,0,0,1,1,6,2,8,1461,2,1,-1,1
201397UA03212,4,9,0,18,0,0,0,0,0,0,1,1,6,2,8,1490,1,6,-1,-1
201397UA03212,5,9,0,18,0,0,0,0,0,0,1,1,6,2,8,1242,1,6,-1,1
201397UA03212,6,9,0,18,0,0,0,0,0,0,3,1,1,2,5,1968,2,1,10,2
201397UA03212,7,9,0,18,0,0,0,0,0,0,0,1,1,2,8,1686,2,3,-1,1
201397UA03212,8,9,0,18,0,0,0,0,0,0,4,1,2,1,5,1900,2,8,-1,3
201397UA03306,1,9,0,1,0,0,0,0,0,0,4,1,6,2,6,1796,1,4,-1,1
201397UA03306,2,3,0,18,0,0,0,0,0,0,1,1,6,1,5,124,1,1,-1,1
201397UA03309,1,9,0,7,0,6,0,0,0,0,4,1,2,1,6,-1,-1,-1,-1,1
201397UA03401,1,9,0,18,0,0,0,0,1,9,2,1,6,2,9,1900,2,8,-1,2
201397UA03403,1,9,0,16,0,1,0,0,0,0,1,1,6,1,4,1781,1,14,-1,1
201397UA03405,1,19,0,6,0,8,0,0,0,0,1,1,1,1,7,1998,2,10,-1,1
201397UA03405,2,19,0,7,0,8,0,0,0,0,1,1,6,1,4,2179,2,9,-1,3
201397UA03407,1,1,0,18,0,1,0,0,0,0,2,1,6,1,2,-1,-1,-1,-1,1
201397UA03407,2,9,0,18,0,1,0,0,0,0,1,1,6,2,8,1995,2,5,-1,-1
201397UA03409,1,9,0,18,0,0,1,0,1,11,4,1,1,2,8,1998,1,7,-1,1
201397UA03409,2,1,0,18,0,0,0,0,0,0,3,1,6,1,7,-1,-1,-1,-1,1
201397UA03409,3,1,0,18,0,0,0,0,0,0,2,1,6,1,6,-1,-1,-1,-1,1
201397UA03509,1,9,0,16,0,0,1,10,0,0,3,1,6,1,6,1796,1,10,-1,2
201397UA03601,1,9,0,15,0,0,0,0,0,0,4,1,6,1,11,1995,1,10,-1,1
201397UA03601,2,1,0,18,0,0,0,0,0,0,2,1,6,1,9,-1,-1,-1,-1,1
201397UA03602,1,9,0,5,0,6,0,0,0,0,1,1,6,1,6,1596,1,10,-1,1
201397UA03602,2,9,0,18,0,1,0,0,0,0,4,1,6,1,7,1598,1,12,-1,1
201397UA03603,1,9,0,18,0,0,0,0,0,0,1,1,6,2,5,1229,1,5,-1,1
201397UA03606,1,1,0,18,9,0,0,4,0,0,4,1,6,1,6,-1,-1,-1,-1,1
201397UA03606,2,19,0,2,0,0,0,0,0,0,0,1,6,1,8,1248,2,1,-1,1
201397UA03701,1,9,0,4,0,0,0,0,0,0,1,1,6,1,6,1995,2,2,-1,2
201397UA03701,2,9,0,3,0,0,0,0,0,0,2,1,6,2,10,-1,-1,-1,-1,1
201397UA03702,1,19,0,18,0,1,0,0,0,0,1,1,6,1,8,-1,-1,-1,-1,3
201397UA03702,2,9,0,4,0,1,0,0,0,0,2,1,6,1,8,1794,1,8,-1,1
201397UA03705,1,11,0,18,0,0,0,0,0,0,0,1,1,2,8,4500,2,3,-1,1
201397UA03709,1,9,0,14,0,0,0,0,0,0,3,1,6,1,11,1198,1,6,-1,2
201397UA03709,2,9,0,18,0,0,0,0,0,0,3,1,6,1,11,1586,1,5,-1,2
201397UA03712,1,9,0,18,0,0,0,0,0,0,4,1,6,2,6,1998,2,8,-1,1
201397UA03804,1,9,0,6,0,0,0,0,0,0,0,1,6,1,9,2435,1,13,-1,-1
201397UA03804,2,1,0,18,0,0,0,0,0,0,0,1,6,1,10,-1,-1,-1,-1,1
201397UA03806,1,5,0,16,0,0,0,0,0,9,3,1,6,1,7,599,1,13,-1,1
201397UA03806,2,9,0,17,0,0,0,0,0,0,3,1,6,1,9,1560,2,3,-1,1
201397UA03807,1,9,0,7,0,1,0,0,0,0,1,1,6,1,4,1596,1,8,-1,2
201397UA03807,2,3,0,5,0,2,5,0,0,0,4,1,6,1,4,125,1,6,-1,1
201397UA03809,1,9,0,16,0,0,2,0,7,1,3,1,6,1,9,2982,2,15,9,1
201397UA03811,1,19,0,4,0,1,0,0,0,0,3,1,6,1,8,1248,2,7,-1,1
201397UA03905,1,9,0,17,0,8,0,0,0,0,3,1,6,2,9,1368,1,4,-1,3
201397UA03905,2,5,0,18,0,5,0,0,0,0,2,1,6,1,9,-1,-1,-1,-1,3
201397UA03906,1,9,0,9,8,2,0,0,0,0,3,1,6,1,9,2143,2,2,-1,2
201397UA03906,2,9,0,18,0,1,0,0,0,0,1,1,1,1,7,1242,1,9,-1,2
201397UA03907,1,9,0,18,0,0,0,0,0,11,1,1,6,1,11,1399,2,3,-1,1
201397UA03909,1,9,0,18,0,1,0,0,0,0,1,1,6,1,9,1560,2,2,-1,1
201397UA04001,1,9,0,17,0,0,0,0,1,2,1,1,6,2,10,2204,2,5,-1,1
201397UA04002,1,3,0,5,0,1,0,0,0,0,1,1,6,1,4,102,1,6,-1,1
201397UA04002,2,9,0,4,0,1,0,0,0,0,2,1,6,1,8,1995,2,7,-1,1
201397UA04006,1,9,0,18,0,2,0,0,0,0,4,1,6,2,9,1596,1,1,-1,2
201397UA04007,1,9,0,1,0,1,0,0,0,0,2,1,6,3,6,-1,-1,-1,-1,-1
201397UA04102,1,21,1,18,0,0,0,4,7,10,1,1,1,1,8,10518,2,4,-1,1
201397UA04102,2,9,0,2,6,0,0,0,0,0,4,1,6,3,6,1242,1,8,-1,-1
201397UA04108,1,90,0,18,0,0,0,0,0,0,1,1,6,3,8,-1,-1,-1,-1,-1
201397UA04112,1,9,0,18,0,0,0,0,0,0,1,1,6,1,6,1587,1,11,-1,1
201397UA04204,1,11,0,18,0,0,0,0,0,0,0,1,1,1,6,9000,2,3,-1,1
201397UA04205,1,9,0,17,0,3,1,0,0,0,3,1,6,1,5,998,1,8,-1,1
201397UA04205,2,20,0,4,0,1,0,0,0,0,1,1,1,1,9,9290,2,2,5,1
201397UA04207,1,9,0,18,9,0,0,10,2,2,1,1,1,1,8,1951,2,9,-1,2
201397UA04207,2,9,0,2,0,0,0,0,0,0,1,1,1,1,8,1198,1,5,-1,1
201397UA04212,1,8,0,18,0,0,0,0,0,0,1,1,1,1,10,1910,2,6,-1,1
201397UA04303,1,5,0,4,0,4,2,0,0,0,0,1,6,1,7,-1,-1,-1,-1,1
201397UA04304,1,9,0,16,0,4,0,0,0,0,3,1,6,3,6,1199,1,11,-1,-1
201397UA04304,2,1,0,18,0,3,0,0,0,0,4,1,6,2,6,-1,-1,-1,-1,1
201397UA04310,1,9,0,4,0,0,0,0,0,0,1,1,6,1,5,1596,1,12,-1,1
201397UA04310,2,9,0,3,0,0,0,0,0,0,2,1,6,1,10,1794,1,10,-1,2
201397UA04402,1,9,0,18,0,0,2,0,7,11,1,1,6,1,4,-1,-1,-1,-1,2
201397UA04403,1,9,0,9,0,2,0,0,0,0,1,1,6,1,5,1599,1,13,-1,1
201397UA04403,2,5,0,18,0,1,0,0,0,0,4,1,6,1,8,1198,1,15,-1,1
201397UA04406,1,19,0,18,0,1,0,0,0,0,1,1,1,1,5,2198,2,6,-1,1
201397UA04406,2,9,0,4,0,1,0,0,7,11,2,1,6,1,5,998,1,-1,-1,-1
201397UA04408,1,9,0,4,0,0,1,0,0,0,1,1,6,2,7,1995,2,10,-1,1
201397UA04408,2,19,0,3,0,0,0,0,0,0,2,1,6,1,6,2461,2,10,9,3
201397UA04408,3,9,0,3,0,0,0,0,0,0,2,1,6,1,9,2993,2,3,-1,1
201397UA04412,1,9,0,9,0,0,5,0,1,0,0,1,6,1,6,2400,2,2,-1,1
201397UA04503,1,9,0,10,0,1,0,0,0,0,1,1,6,2,10,998,1,4,-1,1
201397UA04507,1,9,0,16,0,0,1,0,1,11,3,1,6,1,8,602,1,23,-1,2
201397UA04507,2,9,0,17,0,0,0,0,0,0,3,1,6,2,7,1398,2,10,-1,1
201397UA04507,3,9,0,17,0,0,0,0,0,0,3,1,6,1,6,3246,1,9,-1,2
201397UA04509,1,3,0,13,0,2,0,0,0,0,1,1,2,1,6,124,1,-1,-1,1
201397UA04509,2,9,0,9,0,2,0,0,0,0,3,1,6,1,9,1560,2,3,-1,1
201397UA04510,1,9,0,9,0,0,0,0,0,0,4,1,6,2,7,1968,2,-1,-1,3
201397UA04510,2,9,0,18,0,0,0,0,0,0,3,1,1,1,8,-1,-1,-1,-1,3
201397UA04511,1,9,0,18,0,1,0,4,0,0,1,1,6,1,11,1586,1,-1,-1,3
201397UA04511,2,9,0,10,0,1,0,0,0,0,2,1,6,2,8,1598,1,4,-1,2
201397UA04606,1,9,0,9,0,0,0,0,0,0,1,1,6,2,6,1598,1,5,-1,1
201397UA04606,2,5,0,18,0,0,0,0,0,0,0,1,6,1,5,953,1,5,-1,-1
201397UA04606,3,9,0,2,0,0,0,0,0,0,4,1,6,3,6,1985,1,12,-1,-1
201397UA04608,1,8,0,16,0,0,5,0,7,10,1,1,1,1,10,1910,2,8,-1,3
201397UA04612,1,9,0,18,0,0,0,0,0,0,1,1,6,1,10,1388,1,10,-1,1
201397UA04703,1,9,0,10,0,5,2,0,0,0,0,1,6,2,4,1242,1,8,-1,1
201397UA04703,2,8,0,18,0,1,1,0,0,0,4,1,6,1,5,1997,2,3,-1,2
201397UA04708,1,9,0,18,9,0,0,0,1,11,1,1,6,2,9,1461,2,2,-1,-1
201397UA04709,1,9,0,9,0,8,0,0,0,0,4,1,6,1,6,1199,1,11,-1,1
201397UA04709,2,9,0,18,0,1,0,0,0,0,4,1,6,1,6,1396,1,10,-1,1
201397UA04710,1,9,0,17,0,0,0,0,0,0,1,1,6,3,7,-1,-1,-1,-1,-1
201397UA04710,2,2,0,17,0,0,1,0,0,0,2,1,6,1,4,50,1,4,-1,3
201397UA04805,1,9,0,4,0,0,0,0,0,0,0,1,1,2,8,2720,2,6,-1,1
201397UA04805,2,5,0,18,0,0,0,0,0,0,0,1,6,2,6,600,1,14,-1,2
201397UA04805,3,5,0,18,0,0,1,0,0,0,0,1,6,2,6,600,1,15,-1,1
201397UA04806,1,9,0,18,0,0,1,0,7,11,4,1,6,2,7,1997,2,1,-1,1
201397UA04809,1,9,0,16,0,0,2,0,7,11,4,1,1,1,5,1968,2,3,-1,1
201397UA04812,1,9,0,18,0,3,0,0,0,0,1,1,6,1,5,-1,-1,-1,-1,-1
201397UA04812,2,9,0,18,0,4,0,0,0,0,1,1,6,1,6,1360,1,2,-1,1
201397UA04911,1,9,0,4,0,1,0,0,0,0,1,1,6,1,6,1998,2,4,-1,2
201397UA04911,2,9,0,4,0,1,0,0,0,0,2,1,6,1,8,1895,1,14,-1,-1
201397UA04912,1,9,0,18,0,8,0,0,0,0,1,1,6,3,5,-1,-1,-1,-1,-1
201397UA05002,1,9,0,5,0,1,0,0,0,0,1,1,6,2,6,1560,2,2,-1,1
201397UA05002,2,9,0,18,0,1,0,0,0,0,1,1,6,1,7,2156,1,18,-1,1
201397UA05109,1,9,0,4,0,0,0,0,0,0,1,1,6,1,7,1968,2,4,-1,1
201397UA05109,2,9,0,4,0,0,0,0,0,0,0,1,1,2,8,1896,2,7,-1,1
201397UA05202,1,9,0,9,0,6,0,0,0,0,1,1,2,1,4,1396,1,9,-1,1
201397UA05202,2,19,0,18,0,1,0,0,0,0,4,1,1,1,8,2402,2,2,-1,1
201397UA05208,1,9,0,18,0,0,0,0,0,0,3,1,6,2,9,998,1,3,-1,3
201397UA05210,1,9,0,9,0,5,0,0,0,0,1,1,6,1,8,1596,1,12,-1,1
201397UA05210,2,19,0,18,0,1,0,0,0,0,1,1,1,1,9,1461,2,-1,-1,1
201397UA05306,1,9,0,18,0,8,0,0,0,0,3,1,6,2,9,1598,1,7,-1,1
201397UA05306,2,9,0,5,0,1,1,4,0,0,1,1,6,1,7,1299,1,13,10,1
201397UA05306,3,9,0,2,0,1,0,0,0,0,2,1,6,3,6,1598,2,2,-1,-1
201397UA05307,1,9,0,4,0,1,0,0,0,0,1,1,6,1,8,1910,2,5,-1,1
201397UA05307,2,9,0,4,0,1,0,0,0,0,2,1,6,2,5,1398,1,1,-1,1
201397UA05311,1,9,0,4,0,1,0,0,0,0,1,1,2,1,8,1199,2,3,-1,3