Accident_Index,Vehicle_Reference,Vehicle_Type,Towing_and_Articulation,Vehicle_Manoeuvre,Vehicle_Location-Restricted_Lane,Junction_Location,Skidding_and_Overturning,Hit_Object_in_Carriageway,Vehicle_Leaving_Carriageway,Hit_Object_off_Carriageway,1st_Point_of_Impact,Was_Vehicle_Left_Hand_Drive?,Journey_Purpose_of_Driver,Sex_of_Driver,Age_Band_of_Driver,Engine_Capacity_(CC),Propulsion_Code,Age_of_Vehicle,Driver_IMD_Decile,Driver_Home_Area_Type
201397UC40805,1,1,0,18,0,8,0,0,0,0,1,1,2,2,7,-1,-1,-1,-1,3
201397UC40805,2,9,0,18,0,8,0,0,0,0,3,1,2,2,8,1999,1,7,-1,2
201397UC40806,1,9,0,17,0,0,2,0,1,11,1,1,6,1,10,1588,1,11,-1,1
201397UC40808,1,9,0,16,0,0,2,0,1,11,1,1,6,2,7,1596,1,11,-1,2
201397UC40809,1,9,0,18,0,0,2,0,1,9,4,1,6,1,5,1229,1,2,-1,3
201397UC40901,1,9,0,16,0,0,2,0,7,9,3,1,6,1,7,1124,1,13,-1,-1
201397UC41001,1,9,0,9,0,1,0,0,0,0,3,1,6,2,8,1998,1,11,-1,3
201397UC41001,2,9,0,18,0,1,0,0,0,0,3,1,6,2,8,1242,1,10,-1,2
201397UC41002,1,9,0,16,0,0,1,0,0,0,1,1,6,1,6,-1,-1,-1,-1,2
201397UC41002,2,9,0,17,0,0,0,0,0,0,1,1,6,1,8,1995,2,10,-1,3
201397UC41012,1,9,0,18,0,0,1,0,0,0,1,1,6,2,6,1796,1,12,-1,2
201397UC41012,2,9,0,3,0,0,0,0,0,0,2,1,6,1,7,998,1,7,-1,2
201397UC41012,3,9,0,10,0,0,0,0,0,0,2,1,6,2,7,1753,2,4,-1,3
201397UC41102,1,21,1,18,0,0,3,0,7,11,3,1,1,1,8,-1,-1,-1,-1,3
201397UC41104,1,9,0,18,0,0,1,0,0,0,1,1,6,2,5,1360,1,7,-1,3
201397UC41104,2,11,0,16,0,0,0,6,1,10,1,1,1,1,8,4580,2,6,-1,1
201397UC41107,1,9,0,18,0,0,0,0,0,0,1,1,6,2,7,1229,1,1,-1,2
201397UC41107,2,9,0,4,0,0,0,0,0,0,2,1,6,1,7,1399,2,4,-1,2
201397UC41108,1,9,0,18,0,0,0,0,0,0,1,1,1,2,7,1598,2,3,-1,2
201397UC41108,2,9,0,3,0,0,0,0,0,0,2,1,1,1,7,1968,2,4,-1,3
201397UC41108,3,9,0,3,0,0,0,0,0,0,2,1,2,2,6,1248,2,1,-1,3
201397UC41209,1,9,0,17,0,0,0,0,7,10,1,1,6,1,5,1229,1,3,-1,3
201397UC41212,1,9,0,18,0,0,0,0,0,0,3,1,6,1,8,1686,2,11,-1,-1
201397UC41305,1,9,0,18,0,0,1,0,7,9,1,1,6,2,5,1360,1,9,-1,3
201397UC41305,2,9,0,18,0,0,0,0,0,0,4,1,6,2,10,2993,2,3,-1,1
201397UC41402,1,11,0,18,0,1,1,0,1,3,4,1,1,1,8,6871,2,5,-1,3
201397UC41402,2,9,0,18,0,1,1,0,1,0,2,1,2,1,4,1229,1,7,-1,3
201397UC41405,1,9,0,18,9,0,0,0,1,10,1,1,6,1,6,1560,2,3,-1,-1
201397UC41405,2,9,0,2,9,0,0,0,0,0,3,1,6,3,7,1956,2,1,-1,1
201397UC41407,1,9,0,16,0,0,1,0,1,10,1,1,2,1,5,1590,1,12,-1,3
201397UC41407,2,9,0,17,0,0,0,0,1,0,1,1,2,2,7,-1,-1,-1,-1,2
201397UC41502,1,9,0,17,0,0,2,0,7,9,3,1,1,2,7,1124,1,11,-1,3
201397UC41507,1,5,0,17,0,0,1,0,1,9,1,1,6,1,10,1064,1,13,-1,2
201397UC41607,1,9,0,16,0,0,0,0,1,11,1,1,6,2,4,1199,1,9,-1,3
201397UC41609,1,8,0,14,0,0,1,4,0,0,1,1,6,1,4,1242,1,10,-1,2
201397UC41609,2,11,0,2,0,0,0,0,0,0,2,1,1,1,8,2999,2,1,-1,3
201397UC41702,1,9,0,18,0,0,1,0,0,0,1,1,6,1,7,1868,2,12,-1,3
201397UC41702,2,9,0,9,0,0,0,0,7,0,3,1,6,2,4,1360,1,6,-1,1
201397UC41709,1,9,0,16,0,0,5,0,1,11,1,1,6,2,6,1598,1,9,-1,3
201397UC70101,1,19,0,9,0,6,0,0,0,0,1,1,1,1,9,2198,2,3,-1,1
201397UC70101,2,1,0,18,0,8,0,0,0,0,4,1,6,1,10,-1,-1,-1,-1,1
201397UC70103,1,9,0,18,0,0,1,0,7,11,1,1,6,2,8,1360,1,8,-1,-1
201397UD00101,1,9,0,16,0,0,0,0,7,4,1,1,6,1,4,1229,1,7,-1,-1
201397UD00101,2,9,0,18,0,0,0,0,1,10,1,1,6,1,6,1242,1,9,-1,3
201397UD00102,1,9,0,3,0,1,0,0,0,0,1,1,6,1,6,1896,2,12,-1,-1
201397UD00102,2,9,0,18,0,1,0,0,0,0,2,1,6,2,6,2967,2,1,-1,3
201397UD00103,1,9,0,18,0,0,0,0,0,0,0,1,6,2,6,1956,2,1,-1,2
201397UD00108,1,9,0,18,0,0,0,0,0,0,1,1,6,2,7,1198,1,2,-1,3
201397UD00206,1,1,0,18,0,0,1,0,0,0,1,1,6,2,9,-1,-1,-1,-1,1
201397UD00206,2,9,0,18,0,0,1,0,0,0,1,1,6,1,9,1560,2,1,-1,1
201397UD00208,1,9,0,9,0,0,0,0,0,0,1,1,6,2,5,1590,1,9,-1,-1
201397UD00208,2,9,0,9,0,0,0,0,0,0,2,1,1,1,5,-1,-1,-1,-1,1
201397UD00303,1,9,0,7,0,2,0,0,3,11,1,1,6,1,6,998,1,12,7,1
201397UD00303,2,9,0,18,0,8,0,0,7,0,1,1,1,1,4,1596,1,2,-1,-1
201397UD00305,1,9,0,16,0,1,0,0,0,0,1,1,6,1,7,1998,1,7,-1,1
201397UD00305,2,9,0,17,0,2,0,0,0,0,1,1,6,2,10,1560,2,2,-1,2
201397UD00306,1,9,0,9,0,1,0,0,0,0,1,1,6,2,9,1796,1,11,-1,1
201397UD00306,2,5,0,18,0,1,0,0,0,0,1,1,6,1,9,-1,-1,-1,-1,1
201397UD00307,1,9,0,11,0,3,0,0,0,0,4,1,6,1,5,1242,1,5,-1,-1
201397UD00307,2,9,0,18,0,8,0,0,0,0,3,1,6,1,6,2521,1,6,-1,3
201397UD00406,1,5,0,16,0,0,2,0,0,0,2,1,6,1,8,1250,1,11,-1,-1
201397UD00406,2,23,0,16,0,0,0,0,0,0,2,1,6,1,5,-1,-1,-1,-1,1
201397UD00406,3,9,0,18,0,0,0,0,0,0,1,1,6,2,8,1910,2,5,-1,3
201397UD00411,1,1,0,18,0,8,0,0,0,0,1,1,6,2,8,-1,-1,-1,-1,-1
201397UD00411,2,9,0,18,0,8,0,0,0,0,1,1,6,1,11,1364,1,4,-1,1
201397UD00503,1,8,0,9,0,8,0,0,0,0,2,1,1,2,9,-1,-1,-1,-1,1
201397UD00506,1,9,0,14,0,2,0,0,0,0,0,1,6,1,4,973,1,13,-1,1
201397UD00506,2,9,0,2,0,1,0,0,0,0,0,1,6,3,6,1596,1,7,-1,1
201397UD00603,1,9,0,18,0,0,0,0,0,0,1,1,6,1,10,-1,-1,-1,-1,-1
201397UD00608,1,9,0,9,0,0,0,0,0,0,1,1,6,1,10,1490,1,6,-1,1
201397UD00608,2,2,0,18,0,0,0,0,0,0,3,1,6,1,4,-1,-1,-1,-1,3
201397UD00609,1,9,0,10,0,1,0,0,0,0,1,1,6,2,8,1242,1,8,-1,3
201397UD00609,2,9,0,18,0,1,0,0,0,0,2,1,6,2,6,1360,1,2,-1,3
201397UD00612,1,9,0,9,0,6,0,0,0,0,1,1,6,1,10,1598,1,5,-1,1
201397UD00612,2,1,0,18,0,6,0,0,0,0,2,1,6,2,7,-1,-1,-1,-1,-1
201397UD00702,1,90,0,18,0,1,0,0,0,0,1,1,6,2,7,-1,-1,-1,-1,2
201397UD00702,2,9,0,4,0,1,0,0,0,0,2,1,6,2,6,1298,1,10,-1,3
201397UD00709,1,9,0,18,0,0,0,0,0,0,4,1,6,2,9,1582,2,4,-1,1
201397UD00710,1,9,0,18,0,1,0,0,0,10,0,1,6,1,4,1248,2,-1,-1,1
201397UD00711,1,9,0,18,0,0,5,10,1,11,1,1,6,2,4,1242,1,9,-1,-1
201397UD00712,1,9,0,4,0,0,1,0,7,11,1,1,6,1,7,1986,2,5,-1,3
201397UD00712,2,9,0,18,0,0,1,0,1,11,1,1,6,2,5,1798,1,5,-1,3
201397UD00712,3,9,0,4,0,0,1,0,1,9,1,1,6,1,6,1360,1,10,-1,3
201397UD00712,4,9,0,4,0,0,1,0,1,9,1,1,6,2,8,1360,1,6,-1,3
201397UD00712,5,9,0,4,0,0,1,0,7,11,1,1,6,1,6,1599,1,8,-1,3
201397UD00801,1,9,0,9,0,6,0,0,0,0,1,1,6,1,8,998,1,1,-1,3
201397UD00801,2,9,0,9,0,5,0,0,0,0,3,1,6,1,7,-1,-1,-1,-1,1
201397UD00805,1,9,0,16,0,0,0,0,7,4,1,1,6,1,7,2148,2,4,5,1
201397UD00806,1,9,0,18,0,0,0,0,0,0,1,1,6,1,8,1984,1,5,-1,3
201397UD00806,2,9,0,4,0,0,0,0,0,0,2,1,6,2,8,1197,1,2,-1,1
201397UD00806,3,9,0,4,0,0,0,0,0,0,2,1,6,2,6,1896,2,6,-1,1
201397UD00905,1,9,0,4,0,0,0,0,0,0,1,1,6,2,7,1364,1,5,-1,1
201397UD00905,2,9,0,4,0,0,0,0,0,0,2,1,6,1,8,2179,2,2,-1,1
201397UD00907,1,9,0,18,0,8,0,0,0,0,3,1,6,2,6,999,1,4,-1,1
201397UD00907,2,9,0,18,0,8,1,0,0,0,1,1,6,1,10,1968,2,-1,-1,1
201397UD00911,1,9,0,16,0,0,0,4,0,0,1,1,6,2,9,1348,1,5,-1,1
201397UD00911,2,9,0,2,0,0,0,0,0,0,1,1,6,1,9,1991,2,8,-1,1
201397UD01002,1,20,0,4,0,1,0,0,0,0,1,1,1,1,8,-1,-1,-1,-1,1
201397UD01003,1,9,0,17,0,0,2,0,1,11,1,1,2,2,5,1762,1,15,-1,1
201397UD01007,1,9,0,4,0,0,0,0,0,0,1,1,1,2,6,1360,1,7,-1,1
201397UD01007,2,19,0,4,0,0,0,0,0,0,2,1,6,1,8,-1,-1,-1,-1,-1
201397UD01007,3,9,0,4,0,0,0,0,0,0,0,1,6,3,8,-1,-1,-1,-1,-1
201397UD01011,1,9,0,18,0,0,0,0,0,0,1,1,6,1,8,1968,2,-1,-1,2
201397UD01011,2,9,0,18,0,0,0,0,0,0,1,1,6,1,10,-1,-1,-1,-1,1
201397UD01011,3,9,0,18,0,0,0,0,0,0,1,1,6,2,10,1149,1,3,-1,1
201397UD01011,4,9,0,18,0,0,0,0,0,0,1,1,6,1,9,1598,2,1,-1,-1
201397UD01011,5,19,0,18,0,0,0,0,0,0,2,1,1,1,9,1461,2,2,-1,1
201397UD01011,6,9,0,18,0,0,0,0,0,0,1,1,6,2,7,1910,2,8,-1,2
201397UD01102,1,9,0,9,9,0,0,4,6,0,3,1,1,1,7,2497,2,8,-1,1
201397UD01102,2,9,0,2,0,0,0,0,0,0,0,1,6,3,6,1560,2,2,-1,-1
201397UD01102,3,9,0,2,0,0,0,0,0,0,0,1,6,3,6,1598,2,2,-1,-1
201397UD01201,1,11,0,14,0,1,0,0,0,0,0,1,1,1,6,6871,2,5,-1,2
201397UD01202,1,19,0,9,0,8,0,0,0,0,1,1,1,1,8,-1,-1,-1,-1,1
201397UD01207,1,9,0,18,0,1,0,0,0,0,2,1,6,2,4,1390,1,-1,-1,3
201397UD01207,2,9,0,10,0,1,0,0,0,0,2,1,6,2,4,1398,1,10,-1,3
201397UD01302,1,9,0,16,0,0,1,0,0,0,1,1,1,1,8,1753,2,10,-1,1
201397UD01302,2,9,0,17,0,0,0,0,1,0,3,1,6,2,7,1396,1,10,-1,3
201397UD01302,3,90,0,2,0,0,0,0,0,0,1,1,1,1,7,4116,2,10,-1,-1
201397UD01304,1,9,0,17,0,0,0,0,0,0,1,1,1,1,6,1390,1,12,-1,1
201397UD01308,1,9,0,18,0,8,0,0,0,0,3,1,6,1,5,1598,1,3,-1,2
201397UD01308,2,9,0,18,0,8,0,0,0,0,1,1,2,2,6,1598,1,5,-1,1
201397UD01309,1,9,0,18,0,1,0,0,0,0,1,1,6,2,6,1599,1,12,-1,1
201397UD01309,2,9,0,3,0,1,0,0,0,0,2,1,6,2,7,1242,1,-1,-1,2
201397UD01402,1,11,0,4,0,0,0,0,0,5,1,1,1,1,8,-1,-1,-1,-1,2
201397UD01404,1,9,0,18,0,0,5,0,0,0,1,1,6,2,5,973,1,12,-1,1
201397UD01404,2,9,0,2,6,0,0,0,0,0,4,1,6,3,6,1997,2,8,-1,-1
201397UD01404,3,9,0,2,6,0,0,0,7,0,4,1,6,3,6,1339,1,9,-1,-1
201397UD01410,1,9,0,2,0,1,0,8,0,0,3,1,1,1,9,1995,1,3,-1,1
201397UD01410,2,1,0,18,0,7,0,0,0,0,1,1,6,1,9,-1,-1,-1,-1,1
201397UD01507,1,9,0,4,0,0,0,0,0,0,1,1,6,1,8,1997,2,8,-1,1
201397UD01507,2,9,0,4,0,0,0,0,0,0,2,1,6,1,6,1587,1,11,-1,1
201397UD01508,1,19,0,18,0,1,0,0,0,0,1,1,6,1,8,1998,2,10,-1,1
201397UD01508,2,9,0,3,0,1,0,0,0,0,2,1,6,1,6,1598,1,-1,-1,-1
201397UD01509,1,9,0,16,0,3,0,0,0,0,1,1,6,1,9,1590,1,12,-1,-1
201397UD01509,2,1,0,16,0,3,0,0,0,0,2,1,1,2,8,-1,-1,-1,-1,-1
201397UD01604,1,9,0,18,0,8,0,0,0,0,1,1,6,2,9,796,1,10,-1,1
201397UD01604,2,9,0,18,0,8,0,0,0,0,3,1,6,2,5,-1,-1,-1,-1,1
201397UD01606,1,9,0,18,0,4,0,0,0,0,4,1,6,2,8,1995,2,4,-1,3
201397UD01606,2,19,0,18,0,4,0,0,0,0,3,1,1,2,7,1753,2,8,-1,1
201397UD01607,1,9,3,18,0,0,1,8,0,0,1,1,6,1,6,2143,2,4,-1,1
201397UD01607,2,9,0,18,0,0,0,0,0,0,1,1,6,2,10,2179,2,1,-1,3
201397UD01706,1,1,0,18,0,0,0,0,0,0,4,1,6,1,3,-1,-1,-1,-1,1
201397UD01706,2,9,0,18,0,0,0,0,0,0,3,1,1,2,9,1197,1,3,-1,-1
201397UD01707,1,9,0,18,0,2,0,0,0,0,1,1,6,1,11,1398,1,-1,-1,1
201397UD01707,2,9,0,2,0,2,0,0,0,0,1,1,6,1,8,1229,1,6,-1,-1
201397UD01711,1,9,0,2,0,0,0,0,0,0,3,1,6,2,7,1396,1,13,-1,1
201397UD01711,2,8,0,18,0,0,0,0,0,0,4,1,1,1,9,1997,2,2,-1,3
201397UD01712,1,1,0,18,0,0,0,0,0,0,1,1,6,2,7,-1,-1,-1,-1,1
201397UD01712,2,9,0,18,0,0,0,0,0,0,4,1,6,2,11,1242,1,10,-1,-1
201397UD01806,1,9,0,18,0,0,0,0,0,0,1,1,6,1,10,1794,1,5,-1,3
201397UD01806,2,9,0,18,0,0,0,0,7,0,1,1,6,2,10,1242,1,9,-1,1
201397UD01807,1,9,0,18,0,0,0,0,0,0,1,1,6,2,10,1229,1,6,-1,1
201397UD01807,2,9,0,18,0,0,0,0,0,0,1,1,6,2,10,2902,2,8,-1,3
201397UD01808,1,9,0,9,0,5,0,0,0,0,2,1,6,2,8,1998,2,8,-1,1
201397UD01808,2,5,0,18,0,8,1,0,7,4,1,1,6,1,5,1195,1,2,-1,3
201397UD01808,3,9,0,18,0,8,0,0,0,0,1,1,6,1,9,1997,2,1,-1,2
201397UD01809,1,9,0,9,0,1,0,0,0,0,1,1,6,1,7,-1,-1,-1,-1,1
201397UD01809,2,1,0,18,0,1,0,0,0,0,3,1,6,1,9,-1,-1,-1,-1,1
201397UD01907,1,20,0,18,0,1,0,0,0,0,1,1,6,1,9,4462,2,-1,-1,1
201397UD01907,2,9,0,4,0,1,0,0,0,0,2,1,6,2,6,1598,1,2,-1,1
201397UD01907,3,9,0,4,0,1,0,0,0,0,2,1,6,1,6,1248,2,5,-1,3
201397UD01908,1,9,0,9,9,3,1,0,1,7,1,1,6,2,5,1596,1,11,-1,1
201397UD02005,1,9,0,18,0,0,0,0,0,0,1,1,2,2,8,1598,1,-1,-1,3
201397UD02005,2,9,0,7,9,0,1,0,1,11,3,1,2,2,9,1596,1,6,-1,1
201397UD02106,1,9,0,5,0,6,0,0,0,0,0,1,2,1,8,2993,2,1,-1,-1
201397UD02108,1,11,0,9,0,4,1,0,0,0,1,1,1,1,9,-1,-1,-1,-1,1
201397UD02108,2,9,0,7,0,8,1,0,0,0,4,1,6,2,4,1242,1,4,-1,1
201397UD02110,1,9,0,1,0,0,0,0,0,0,2,1,1,1,9,1560,2,5,-1,1
201397UD02208,1,9,0,4,0,0,0,0,0,0,1,1,6,1,6,1997,1,12,-1,3
201397UD02208,2,9,0,4,0,0,0,0,0,0,2,1,6,2,8,998,1,9,-1,3
201397UD02209,1,9,0,4,0,1,0,0,0,0,1,1,1,1,7,1997,2,5,-1,3
201397UD02210,1,9,0,7,0,4,0,0,0,0,1,1,6,1,6,1686,2,13,-1,1
201397UD02210,2,9,0,18,0,4,0,0,1,11,1,1,6,2,7,1368,1,3,-1,1
201397UD02301,1,9,0,7,0,1,0,0,0,0,1,1,6,2,4,-1,-1,-1,-1,1
201397UD02301,2,9,0,18,0,1,0,0,0,0,1,1,6,1,7,1497,1,13,-1,1
201397UD02306,1,9,0,4,0,4,0,0,0,0,1,1,6,1,6,-1,-1,-1,-1,-1
201397UD02306,2,9,0,3,0,4,0,0,0,0,2,1,6,2,8,1296,1,7,-1,1
201397UD02312,1,9,0,5,0,1,0,0,0,0,3,1,1,2,8,1248,2,5,-1,1
201397UD02403,1,19,0,18,9,0,0,0,0,0,1,1,1,1,6,-1,-1,-1,-1,-1
201397UD02404,1,21,0,16,0,0,0,0,0,0,1,1,1,1,8,11705,2,6,-1,1
201397UD02404,2,19,0,16,0,0,0,0,0,0,2,1,1,1,8,1995,2,2,-1,-1
201397UD02404,3,9,0,10,0,0,0,0,0,0,2,1,6,1,9,1560,2,-1,-1,-1
201397UD02506,1,9,0,18,0,0,0,0,7,7,1,1,6,2,4,1397,1,12,-1,1
201397UD02509,1,9,0,18,0,0,0,0,0,0,1,1,6,1,10,1398,1,1,-1,-1
201397UD02512,1,9,0,18,0,4,0,0,0,0,1,1,6,2,11,1461,2,7,-1,3
201397UD02512,2,9,0,18,0,4,0,0,0,0,2,1,1,1,9,1242,1,4,-1,1
201397UD02604,1,9,0,17,0,0,0,0,1,1,1,1,6,2,4,998,1,10,-1,1
201397UD02605,1,5,0,14,0,1,0,0,0,0,4,1,1,1,6,645,1,13,-1,-1
201397UD02605,2,5,0,5,0,6,0,0,0,0,1,1,6,2,5,-1,-1,-1,-1,3
201397UD02606,1,9,0,16,0,0,5,0,7,4,1,1,6,1,10,2148,2,10,-1,3
201397UD02608,1,19,0,18,0,1,0,0,0,0,4,1,6,1,7,2500,2,12,-1,3
201397UD02610,1,9,0,5,0,0,0,0,0,0,3,1,6,2,4,1199,1,10,-1,3
201397UD02610,2,1,0,18,0,0,1,0,0,0,1,1,6,1,4,-1,-1,-1,-1,1
201397UD02704,1,9,0,18,0,8,0,0,0,0,3,1,6,1,11,1360,1,1,-1,1
201397UD02704,2,5,0,18,0,8,0,0,0,0,1,1,6,1,6,-1,-1,-1,-1,2
201397UD02710,1,9,0,16,0,4,0,0,0,0,3,1,6,3,6,-1,-1,-1,-1,-1
201397UD02710,2,9,0,16,0,5,0,0,0,7,3,1,6,1,7,1349,1,7,-1,1
201397UD02807,1,9,0,9,0,6,0,0,1,11,1,1,6,2,10,1588,1,10,-1,1
201397UD02807,2,9,0,18,0,1,0,0,1,11,3,1,6,2,11,1248,1,-1,-1,1
201397UD02808,1,17,0,17,0,0,5,0,0,11,4,1,1,1,7,-1,-1,-1,-1,1
201397UD02812,1,9,0,18,0,0,0,0,0,0,1,1,6,2,6,1598,2,2,3,1
201397UD02812,2,9,0,18,0,0,0,0,0,0,1,1,6,2,9,1995,2,9,-1,1
201397UD02903,1,1,0,18,0,0,0,0,7,0,1,1,6,1,5,-1,-1,-1,-1,1
201397UD02903,2,9,0,18,0,0,0,0,0,0,1,1,6,1,10,1560,2,6,-1,-1
201397UD02910,1,9,0,9,0,4,0,0,0,0,3,1,6,1,10,1598,1,10,-1,-1
201397UD02910,2,9,0,18,0,4,0,0,0,0,1,1,6,2,7,1798,1,8,-1,-1
201397UD03006,1,9,0,17,0,0,0,0,0,0,1,1,6,2,5,998,1,4,-1,1
201397UD03006,2,9,0,18,0,0,0,0,0,0,1,1,6,1,11,1339,8,2,-1,1
201397UD03106,1,9,0,4,0,4,0,0,0,0,1,1,6,1,5,1598,1,8,-1,1
201397UD03106,2,9,0,3,0,4,0,0,0,0,2,1,6,2,7,3498,1,6,-1,3
201397UD03108,1,9,0,18,0,4,1,0,1,2,1,1,2,1,4,1198,1,7,-1,-1
201397UD03110,1,9,0,4,0,1,0,0,0,0,1,1,2,1,8,-1,-1,-1,-1,2
201397UD03110,2,9,0,3,0,2,0,0,0,0,2,1,2,2,6,1124,1,8,-1,3
201397UD03203,1,9,0,5,0,4,0,0,0,0,1,1,6,2,9,2231,2,-1,-1,3
201397UD03203,2,9,0,4,0,4,0,0,0,0,2,1,6,2,8,1328,1,8,-1,3
201397UD03205,1,9,0,13,0,1,0,0,7,0,1,1,6,1,4,998,1,9,-1,3
201397UD03205,2,9,0,9,0,1,0,0,0,0,2,1,6,1,5,1422,2,5,-1,3
201397UD03211,1,9,0,4,0,0,0,0,0,0,2,1,2,2,4,1598,1,7,-1,1
201397UD03211,2,9,0,18,0,0,0,0,0,0,1,1,1,1,7,1560,2,-1,-1,3
201397UD03303,1,9,0,18,0,0,0,0,1,4,2,1,1,1,7,2204,2,6,-1,3
201397UD03303,2,8,0,18,0,0,0,0,4,6,1,1,6,1,6,1560,2,3,-1,3
201397UD03307,1,9,0,18,0,0,0,0,0,0,3,1,6,2,9,1198,1,4,-1,-1
201397UD03307,2,9,0,18,0,0,0,0,0,0,3,1,6,2,6,1596,1,1,-1,1
201397UD03308,1,9,0,12,0,0,0,0,4,7,3,1,6,1,7,1339,1,-1,-1,1
201397UD03308,2,9,0,18,0,0,0,0,4,7,4,1,6,2,7,2987,2,3,-1,1
201397UD03407,1,9,0,17,0,0,2,0,7,1,1,1,6,1,4,-1,-1,-1,-1,3
201397UD03408,1,9,0,18,0,0,0,0,0,0,4,1,6,2,10,1108,1,11,-1,1
201397UD03408,2,9,0,6,0,0,0,0,1,0,3,1,6,1,10,1582,2,1,-1,3
201397UD03501,1,19,0,1,0,2,0,0,0,0,2,1,1,1,8,1399,2,3,-1,-1
201397UD03501,2,9,0,10,0,1,0,0,0,0,1,1,3,2,6,1796,1,6,-1,3
201397UD03502,1,9,0,9,0,5,0,0,0,0,0,1,6,1,11,1295,1,20,-1,1
201397UD03502,2,1,0,18,0,1,0,0,0,0,4,1,6,1,7,-1,-1,-1,-1,1
201397UD03506,1,9,0,4,0,0,0,0,0,0,4,1,1,1,6,1582,2,1,2,1
201397UD03507,1,10,0,18,0,0,0,0,1,4,1,1,1,1,7,2198,2,1,-1,1
201397UD03510,1,9,0,18,0,0,0,0,0,0,1,1,6,1,8,1598,1,6,-1,1
201397UD03510,2,9,0,18,0,0,0,0,0,0,1,1,6,1,7,1910,2,6,-1,1
201397UD03701,1,8,0,5,0,4,0,0,0,0,1,1,1,1,9,1997,2,5,-1,1
201397UD03701,2,1,0,18,0,8,0,0,0,0,3,1,1,1,9,-1,-1,-1,-1,3
201397UD03708,1,9,0,18,0,0,0,0,1,0,1,1,6,1,6,-1,-1,-1,-1,3
201397UD03708,2,11,0,18,0,0,0,0,0,0,1,1,6,1,8,6871,2,4,-1,1
201397UD03710,1,9,0,18,0,0,5,0,1,0,0,1,2,1,8,1598,1,7,-1,2
201397UD03801,1,9,0,17,0,0,5,0,1,0,1,1,2,2,4,-1,-1,-1,-1,-1
201397UD03804,1,9,0,18,0,0,0,0,0,0,1,1,6,2,10,1229,1,3,-1,-1
201397UD03804,2,9,0,4,0,0,0,0,0,0,2,1,6,2,7,1769,1,10,-1,-1
201397UD03806,1,5,0,18,0,4,2,0,7,0,3,1,6,1,7,-1,-1,-1,-1,-1
201397UD03808,1,9,0,9,0,2,0,0,0,0,1,1,1,2,6,1368,1,4,-1,1
201397UD03809,1,19,0,18,0,0,0,0,0,0,1,1,1,1,6,2148,2,6,-1,1
201397UD03810,1,9,0,9,0,5,0,0,0,0,0,1,6,2,4,996,1,1,-1,3
201397UD03810,2,9,0,18,0,1,0,0,0,0,0,1,6,2,7,1896,2,9,-1,2
201397UD03810,3,9,0,2,9,1,0,0,0,0,0,1,6,2,7,1968,2,2,-1,1
201397UD03901,1,9,0,18,0,8,0,0,0,0,4,1,6,1,6,-1,-1,-1,-1,1
201397UD03901,2,9,0,18,0,8,0,0,0,0,3,1,6,1,9,1086,1,7,-1,1
201397UD03902,1,9,0,18,0,0,0,0,0,0,1,1,6,1,8,1587,1,6,-1,2
201397UD03902,2,19,0,4,0,0,0,0,0,0,2,1,1,1,6,-1,-1,-1,-1,1
201397UD03906,1,9,0,7,0,1,0,0,0,0,3,1,6,2,9,1296,1,6,-1,3
201397UD03906,2,9,0,9,0,1,1,0,0,0,3,1,2,1,7,1796,1,2,-1,1
201397UD03907,1,9,0,17,0,2,2,0,1,11,1,1,1,2,9,1360,1,6,-1,3
201397UD03908,1,9,0,4,9,0,0,0,0,11,1,1,6,1,11,1339,8,2,-1,1
201397UD03909,1,9,0,5,0,1,0,0,0,0,4,1,6,1,9,1598,1,10,-1,-1
201397UD04003,1,9,0,5,9,1,0,0,0,0,1,1,6,1,10,3100,2,14,-1,3
201397UD04007,1,9,0,4,0,4,0,0,0,0,1,1,6,1,8,1299,1,11,-1,1
201397UD04007,2,9,0,18,0,1,0,0,0,0,2,1,6,1,9,1229,1,3,-1,1
201397UD04102,1,9,0,18,0,0,0,0,0,0,1,1,6,2,7,1560,2,1,-1,1
201397UD04104,1,9,0,18,0,4,0,0,0,0,1,1,6,1,4,1199,1,9,-1,1
201397UD04104,2,9,0,18,0,4,0,0,0,0,4,1,6,1,6,1796,1,7,-1,1
201397UD04107,1,9,0,18,0,1,0,10,0,0,0,1,6,3,6,-1,-1,-1,-1,-1
201397UD04107,2,9,0,18,0,3,0,0,0,0,4,1,6,1,11,1248,1,1,-1,1
201397UD04108,1,9,0,18,0,0,0,0,1,11,1,1,6,1,8,1998,2,9,-1,1
201397UD04110,1,9,0,7,0,4,0,0,0,0,3,1,1,2,6,998,1,4,-1,3
201397UD04110,2,1,0,18,0,3,0,0,0,0,1,1,1,1,6,-1,-1,-1,-1,1
201397UD04204,1,9,0,18,0,0,0,0,0,0,1,1,6,1,7,1364,1,7,-1,3
201397UD04204,2,9,0,18,0,0,0,0,0,0,1,1,6,1,8,1560,2,6,-1,3
201397UD04208,1,9,0,18,0,0,0,0,0,0,1,1,6,2,4,1124,1,10,-1,1
201397UD04208,2,9,0,18,0,0,0,0,0,0,2,1,1,1,8,1598,2,1,-1,1
201397UD04209,1,9,0,18,0,1,0,0,0,0,1,1,6,2,6,1587,1,10,-1,1
201397UD04212,1,9,0,11,0,0,0,10,0,0,1,1,6,1,6,2720,2,6,-1,3
201397UD04212,2,9,0,18,0,0,1,0,0,0,1,1,6,1,8,1997,2,2,-1,1
201397UD04301,1,9,0,15,0,0,0,0,0,0,1,1,6,1,7,1995,2,5,-1,3
201397UD04306,1,9,0,5,0,0,0,0,0,0,4,1,3,2,6,2993,2,1,-1,1
201397UD04306,2,9,0,5,0,0,0,0,0,0,4,1,6,3,6,-1,-1,-1,-1,-1