Accident_Index,Vehicle_Reference,Vehicle_Type,Towing_and_Articulation,Vehicle_Manoeuvre,Vehicle_Location-Restricted_Lane,Junction_Location,Skidding_and_Overturning,Hit_Object_in_Carriageway,Vehicle_Leaving_Carriageway,Hit_Object_off_Carriageway,1st_Point_of_Impact,Was_Vehicle_Left_Hand_Drive?,Journey_Purpose_of_Driver,Sex_of_Driver,Age_Band_of_Driver,Engine_Capacity_(CC),Propulsion_Code,Age_of_Vehicle,Driver_IMD_Decile,Driver_Home_Area_Type
201397UD04401,1,9,0,18,0,6,0,0,0,0,4,1,6,2,8,1390,1,12,-1,2
201397UD04401,2,9,0,18,0,1,0,0,0,0,1,1,6,2,8,1598,2,1,-1,1
201397UD04501,1,9,0,16,0,0,2,0,7,11,1,1,2,1,6,1995,2,8,-1,3
201397UD04506,1,9,0,7,0,2,0,0,0,0,2,1,1,1,8,-1,-1,-1,-1,1
201397UD04506,2,9,0,3,0,2,0,0,0,0,2,1,2,2,9,-1,-1,-1,-1,2
201397UD04506,3,9,0,3,0,2,0,0,0,0,0,1,3,2,7,1995,2,4,-1,1
201397UD04709,1,9,0,16,0,1,0,0,0,0,4,1,6,1,4,1242,1,10,-1,3
201397UD04802,1,9,0,18,0,0,0,0,0,0,1,1,6,1,10,1870,2,4,-1,3
201397UD04802,2,9,0,10,0,0,0,0,0,0,2,1,2,2,9,1587,1,11,-1,3
201397UD04902,1,9,0,18,0,1,0,0,0,0,1,1,6,2,4,1596,1,4,-1,2
201397UD04902,2,9,0,2,0,1,0,0,0,0,2,1,6,1,4,1229,1,4,-1,1
201397UD04904,1,9,0,9,0,6,0,0,0,0,1,1,2,2,8,1997,1,1,-1,1
201397UD04904,2,19,0,18,0,1,0,0,0,0,1,1,6,1,8,1995,2,6,-1,3
201397UD04904,3,19,0,18,0,1,0,0,0,0,1,1,6,1,8,-1,-1,-1,-1,3
201397UD04909,1,9,0,16,0,4,0,0,0,0,3,1,6,1,11,2290,1,5,-1,1
201397UD04909,2,1,0,18,0,3,0,0,0,0,1,1,2,1,7,-1,-1,-1,-1,1
201397UD05002,1,9,0,5,0,6,0,0,0,0,1,1,2,1,7,1995,2,3,-1,1
201397UD05002,2,5,0,7,0,3,0,0,0,0,4,1,2,1,8,599,1,11,-1,2
201397UD05004,1,9,0,4,0,0,0,0,0,0,1,1,6,1,7,1587,1,19,-1,1
201397UD05004,2,9,0,4,0,0,0,0,0,0,2,1,6,2,9,-1,-1,-1,-1,1
201397UD05004,3,9,0,4,0,0,0,0,0,0,2,1,6,1,8,1390,1,12,-1,3
201397UD05004,4,9,0,4,0,0,0,0,0,0,2,1,6,1,6,-1,-1,-1,-1,-1
201397UD05006,1,4,0,18,0,1,1,0,0,0,1,1,6,1,4,125,1,1,-1,3
201397UD05006,2,9,0,18,0,1,0,0,0,0,1,1,6,2,9,1598,1,11,-1,1
201397UD05012,1,9,0,4,0,2,0,0,0,0,1,1,6,1,6,1242,1,13,-1,3
201397UD05012,2,9,0,4,0,2,0,0,0,0,2,1,6,1,7,1896,2,12,-1,1
201397UD05104,1,9,0,16,0,0,5,0,7,11,3,1,6,2,4,1206,1,4,-1,3
201397UD05112,1,9,0,4,0,1,0,0,0,0,1,1,6,2,5,1400,1,13,-1,1
201397UD05112,2,9,0,3,0,4,0,0,0,0,2,1,6,2,5,1390,1,-1,-1,3
201397UD05212,1,9,0,9,0,6,0,0,0,0,1,1,1,2,8,-1,-1,-1,-1,1
201397UD05212,2,9,0,18,0,2,0,0,0,0,3,1,6,2,6,998,1,2,-1,1
201397UD05304,1,9,0,18,0,2,0,0,0,0,1,1,2,2,4,1796,1,5,-1,1
201397UD05304,2,9,0,18,0,2,0,10,1,0,2,1,6,1,7,2696,2,6,-1,2
201397UD05406,1,9,0,16,0,8,1,0,1,3,1,1,2,2,4,1242,1,9,-1,3
201397UD20101,1,9,0,9,0,6,0,0,0,0,3,1,6,1,11,1360,1,11,-1,2
201397UD20101,2,9,0,17,0,1,0,0,0,0,1,1,6,2,9,998,1,3,-1,2
201397UD20103,1,9,0,17,0,0,1,0,1,9,1,1,1,2,8,-1,-1,-1,-1,3
201397UD20104,1,19,0,18,0,1,0,0,0,0,4,1,6,3,6,-1,-1,-1,-1,-1
201397UD20110,1,9,0,17,0,0,1,0,0,0,1,1,6,1,4,1999,1,9,-1,3
201397UD20110,2,9,0,16,0,0,1,0,0,0,1,1,6,1,8,1242,1,13,-1,1
201397UD20202,1,9,0,13,0,0,2,0,1,11,1,1,6,2,10,1998,1,10,-1,-1
201397UD20207,1,9,0,18,0,0,0,10,1,0,3,1,6,2,11,1061,1,9,-1,-1
201397UD20207,2,1,0,18,0,0,0,0,0,0,0,1,6,1,2,-1,-1,-1,-1,-1
201397UD20209,1,17,0,17,0,0,1,0,0,0,1,1,1,1,9,-1,-1,-1,-1,3
201397UD20209,2,9,0,16,0,0,1,0,0,0,1,1,2,1,4,-1,-1,-1,-1,3
201397UD20211,1,21,0,16,0,0,0,0,0,0,0,1,1,1,6,-1,-1,-1,-1,-1
201397UD20211,2,9,0,18,0,0,0,0,0,0,1,1,6,1,8,-1,-1,-1,-1,-1
201397UD20212,1,9,0,16,0,0,0,0,0,0,3,1,2,1,4,998,1,8,-1,3
201397UD20212,2,19,0,17,0,0,0,0,0,0,1,1,2,1,6,2460,2,8,-1,1
201397UD20303,1,9,0,18,0,2,0,0,0,0,1,1,6,1,11,1339,1,3,-1,2
201397UD20305,1,9,0,3,0,0,1,0,2,4,1,1,6,2,4,1390,1,11,-1,1
201397UD20307,1,5,0,5,0,0,0,0,0,0,0,1,6,1,7,998,1,1,-1,3
201397UD20308,1,9,0,7,8,0,2,0,1,4,3,1,6,2,8,1997,2,11,-1,3
201397UD20309,1,9,0,17,0,0,2,0,7,11,1,1,1,1,7,1896,2,10,-1,1
201397UD20310,1,9,0,16,0,0,0,0,7,9,1,1,6,1,6,999,1,13,-1,3
201397UD20401,1,9,0,7,0,6,0,0,0,0,1,1,6,1,10,-1,-1,-1,-1,2
201397UD20401,2,1,0,18,0,8,5,0,0,0,4,1,6,1,7,-1,-1,-1,-1,2
201397UD20402,1,21,1,17,0,0,5,0,0,0,3,1,1,1,7,-1,-1,-1,-1,-1
201397UD20404,1,5,0,3,0,0,1,0,1,0,1,1,6,1,9,1125,1,4,-1,1
201397UD20404,2,21,0,5,0,0,0,0,0,0,2,1,1,1,9,12419,2,-1,-1,3
201397UD20405,1,9,0,17,0,0,2,10,0,4,1,1,1,1,7,-1,-1,-1,-1,3
201397UD20406,1,19,0,18,0,0,0,0,0,0,0,1,6,3,8,-1,-1,-1,-1,-1
201397UD20408,1,9,0,17,0,0,2,0,0,0,1,1,2,1,10,1229,1,2,-1,-1
201397UD20410,1,9,0,9,0,5,0,0,0,0,0,1,6,3,6,-1,-1,-1,-1,-1
201397UD20410,2,5,0,4,0,1,1,0,0,0,1,1,6,1,7,1450,1,13,-1,3
201397UD20410,3,9,0,3,0,1,0,0,0,0,2,1,6,1,8,1560,2,2,-1,1
201397UD20507,1,9,0,17,6,0,0,0,1,10,1,1,6,1,6,999,1,13,-1,2
201397UD20512,1,9,0,16,0,0,1,0,7,3,1,1,6,2,11,1061,1,7,-1,2
201397UD20608,1,9,0,16,0,0,2,0,7,1,1,1,6,1,7,1598,1,13,-1,1
201397UD20707,1,9,0,9,0,0,1,7,0,7,1,1,1,1,6,2457,1,5,-1,1
201397UD20709,1,9,0,18,0,0,1,0,0,0,1,1,2,1,6,2000,1,18,-1,2
201397UD20709,2,9,0,18,0,0,1,0,1,9,1,1,2,2,8,-1,-1,-1,-1,3
201397UD20805,1,9,0,18,0,0,0,0,7,10,3,1,6,1,10,1560,2,1,-1,3
201397UD20809,1,8,0,18,0,2,0,0,0,0,3,1,1,1,10,1598,2,2,-1,2
201397UD20912,1,9,0,18,0,1,0,0,0,0,3,1,6,1,4,1998,1,14,-1,3
201397UD20912,2,9,0,18,0,8,0,0,6,11,4,1,6,1,7,2835,2,14,-1,-1
201397UD21003,1,9,0,18,0,0,1,4,0,0,1,1,6,1,10,1399,2,1,-1,-1
201397UD21003,2,9,0,2,0,0,0,0,0,0,2,1,1,1,8,-1,-1,-1,-1,1
201397UD21006,1,9,0,18,0,0,1,7,0,7,1,1,6,2,6,1229,1,4,-1,1
201397UD21008,1,9,0,16,0,0,2,0,1,11,1,1,2,2,9,1399,2,10,-1,-1
201397UD21009,1,9,0,18,0,0,0,0,0,0,1,1,1,1,7,-1,-1,-1,-1,1
201397UD21009,2,9,0,18,0,0,0,0,0,0,2,1,6,2,8,1599,1,7,-1,1
201397UD21010,1,9,0,17,0,0,2,0,1,9,4,1,6,1,6,1389,1,11,-1,1
201397UD21012,1,9,0,18,0,0,0,0,0,0,1,1,6,1,6,-1,-1,-1,-1,-1
201397UD21012,2,4,0,18,0,0,1,11,0,0,1,1,1,1,6,125,1,3,-1,1
201397UD21109,1,9,0,18,0,0,0,0,0,0,1,1,6,1,6,1796,1,10,-1,1
201397UD21109,2,9,0,18,0,0,0,0,0,0,2,1,6,1,9,1598,2,-1,-1,1
201397UD21203,1,21,1,17,0,0,3,0,0,11,1,1,1,1,8,-1,-1,-1,-1,-1
201397UD21310,1,9,0,16,0,0,2,0,7,10,4,1,6,1,7,1587,1,6,-1,2
201397UD70101,1,11,0,18,0,0,0,0,0,0,1,1,1,1,7,-1,-1,-1,-1,-1
2013981100113,1,9,0,18,0,0,1,0,1,4,1,1,1,2,5,1199,1,10,-1,2
2013981100313,1,9,0,17,0,0,0,0,0,0,0,1,6,3,-1,-1,-1,-1,-1,-1
2013981100313,2,9,0,17,0,0,2,0,2,0,1,1,6,1,4,-1,-1,-1,-1,2
2013981100413,1,9,0,5,0,0,0,0,0,0,0,1,6,1,11,998,1,4,-1,3
2013981100413,2,11,0,16,0,0,0,0,0,0,0,1,1,1,9,6871,2,14,-1,2
2013981100813,1,9,0,18,0,0,0,12,0,0,1,1,6,2,7,1364,1,6,-1,2
2013981101313,1,9,0,18,0,0,0,11,0,0,4,1,1,1,8,1968,2,2,-1,1
2013981101313,2,1,0,18,0,0,0,0,0,0,3,1,6,1,8,-1,-1,-1,10,1
2013981103413,1,21,1,7,0,3,5,10,1,0,4,1,1,1,7,12777,2,5,-1,3
2013981103513,1,9,0,13,0,0,0,0,0,0,1,1,6,2,9,1388,1,8,-1,1
2013981103513,2,9,0,14,0,0,0,0,0,0,2,1,6,2,7,1686,2,9,-1,3
2013981103513,3,21,0,2,6,0,0,0,0,0,0,1,1,1,9,12000,2,8,-1,1
2013981104213,1,9,0,16,0,0,2,0,1,0,1,1,6,1,7,1360,1,3,-1,-1
2013981104313,1,9,0,18,0,8,0,0,3,0,1,1,6,2,10,1198,1,7,-1,1
2013981104313,2,9,0,18,0,8,0,0,0,0,4,1,6,1,9,1685,2,2,-1,1
2013981104913,1,17,4,16,0,0,4,10,7,0,4,1,1,1,8,6057,2,3,-1,3
2013981105013,1,20,0,13,0,1,0,0,8,9,4,1,1,1,7,-1,-1,-1,-1,1
2013981105013,2,90,0,9,0,5,0,0,0,0,3,1,1,1,9,-1,-1,-1,-1,3
2013981105213,1,9,0,18,0,0,0,0,0,0,4,1,6,2,7,1997,2,9,-1,1
2013981105513,1,9,0,18,0,0,1,0,0,0,4,1,6,2,6,2720,2,7,-1,-1
2013981105513,2,9,0,18,0,0,0,0,1,0,3,1,6,1,7,1587,1,8,-1,2
2013981106013,1,9,0,18,0,0,0,0,0,0,1,1,2,1,6,1997,2,12,-1,3
2013981106013,2,9,0,18,0,0,1,0,0,0,1,1,6,1,10,-1,-1,-1,-1,3
2013981106013,3,9,0,18,0,0,0,0,0,0,2,1,6,2,6,2199,2,2,-1,3
2013981106313,1,9,0,4,0,0,0,0,0,0,1,1,6,1,7,1796,1,11,-1,3
2013981106313,2,9,0,2,0,0,0,0,0,0,2,1,6,2,6,-1,-1,-1,-1,3
2013981106913,1,9,0,18,0,0,0,0,8,11,1,1,6,2,6,1896,2,11,-1,2
2013981107213,1,9,0,9,0,4,0,0,0,0,1,1,2,2,9,998,1,1,-1,1
2013981107213,2,1,0,18,0,8,5,0,0,0,4,1,6,1,8,-1,-1,-1,-1,1
2013981108013,1,5,0,16,0,0,0,0,1,0,3,1,6,1,8,649,1,1,-1,-1
2013981109413,1,9,0,18,0,0,0,0,7,4,1,1,6,1,10,1364,1,8,-1,2
2013981110013,1,11,0,18,0,0,0,0,0,0,4,1,3,1,6,4250,2,7,-1,1
2013981110113,1,9,0,18,0,1,0,0,0,0,1,1,6,2,11,1598,2,1,-1,3
2013981110113,2,9,0,10,0,1,0,0,0,0,2,1,1,1,6,-1,-1,-1,-1,-1
2013981111613,1,5,0,18,0,0,0,0,0,0,0,1,6,3,-1,-1,-1,-1,-1,-1
2013981111613,2,9,0,18,0,0,0,0,1,2,1,1,6,1,6,1753,2,13,3,1
2013981111713,1,9,0,17,0,0,1,0,0,11,3,1,6,1,5,2495,2,16,-1,2
2013981111813,1,9,0,13,0,1,0,0,0,0,0,1,6,1,8,2143,2,1,-1,1
2013981111813,2,5,0,14,0,1,1,0,8,0,4,1,6,1,8,-1,-1,-1,-1,-1
2013981112413,1,9,0,18,0,0,0,0,1,10,1,1,6,1,11,1386,1,6,-1,1
2013981112813,1,9,0,17,0,0,0,0,7,4,1,1,6,1,5,1360,1,10,-1,3
2013981113113,1,10,0,17,0,0,2,0,0,11,4,1,6,1,7,2400,2,8,-1,3
2013981113213,1,9,0,17,0,0,2,0,2,10,4,1,6,1,4,1998,2,11,-1,2
2013981113513,1,9,0,16,0,0,0,0,1,0,1,1,6,1,9,2199,2,1,-1,3
2013981113513,2,20,0,17,0,0,0,0,1,0,1,1,1,1,9,3920,2,7,-1,2
2013981113913,1,9,0,9,0,1,0,0,0,0,1,1,6,1,6,1591,1,3,-1,2
2013981113913,2,5,0,18,0,1,0,0,1,0,1,1,6,1,8,636,1,8,-1,1
2013981114013,1,9,0,18,0,0,0,0,0,0,1,1,6,2,5,1199,1,10,-1,1
2013981114613,1,2,0,9,0,1,0,0,0,0,4,1,6,1,4,-1,-1,-1,-1,3
2013981114613,2,9,0,18,0,1,0,0,0,0,1,1,6,2,4,998,1,13,-1,3
2013981116313,1,9,0,18,0,0,1,0,0,0,1,1,1,1,4,2402,2,6,-1,2
2013981116313,2,21,1,3,0,0,0,0,0,0,2,1,1,1,7,11946,2,2,-1,2
2013981117113,1,21,1,17,0,8,0,0,0,0,4,1,1,3,-1,-1,-1,-1,-1,-1
2013981117813,1,9,0,18,0,8,0,0,1,0,4,1,6,1,7,2993,2,7,-1,3
2013981117813,2,9,0,9,0,1,0,0,0,0,3,1,6,2,8,1998,1,7,-1,3
2013981118113,1,9,0,17,0,0,5,0,1,11,4,1,6,1,5,1596,1,13,-1,1
2013981118213,1,9,0,17,0,2,0,0,0,11,1,1,6,1,5,1598,1,4,-1,1
2013981118413,1,9,0,18,0,0,2,0,1,0,4,1,6,2,4,1242,1,9,-1,3
2013981118713,1,9,0,18,0,0,0,0,0,0,1,1,6,2,4,1398,1,1,-1,3
2013981118713,2,9,0,18,0,0,0,0,0,0,3,1,6,1,10,2143,2,2,-1,2
2013981118813,1,9,0,17,0,2,5,0,1,10,1,1,6,2,6,1794,1,13,-1,1
2013981119213,1,9,0,17,0,1,0,0,0,0,1,1,6,1,10,1896,2,5,5,3
2013981119213,2,9,0,18,0,1,0,0,0,0,3,1,6,1,10,1197,1,1,-1,2
2013981120513,1,-1,0,16,0,0,0,0,0,0,-1,1,6,3,-1,-1,-1,-1,-1,-1
2013981120513,2,3,0,17,0,0,1,0,7,0,1,1,2,1,5,125,1,1,-1,3
2013981120613,1,5,0,16,0,0,2,0,1,0,2,1,6,1,9,1255,1,5,-1,1
2013981120613,2,9,3,17,0,0,0,0,0,0,3,1,6,1,10,2184,2,8,9,3
2013981120613,3,20,0,16,0,0,0,0,0,0,0,1,6,1,9,5861,2,21,-1,3
2013981120713,1,4,0,17,0,0,0,0,1,0,1,1,6,1,9,400,1,22,-1,1
2013981120813,1,9,0,18,0,0,0,4,0,0,1,1,6,2,11,1796,1,4,-1,3
2013981120813,2,17,4,2,0,0,0,0,0,0,2,1,6,3,-1,-1,2,4,-1,-1
2013981121013,1,9,0,9,0,6,0,0,0,0,4,1,6,1,4,1997,2,12,-1,1
2013981121013,2,9,0,18,0,8,0,0,0,0,4,1,6,1,6,1998,1,6,-1,3
2013981121713,1,9,0,18,0,0,5,0,2,10,4,1,6,2,8,1586,1,4,-1,1
2013981122213,1,20,0,10,0,1,0,0,0,0,0,1,1,1,8,3920,2,11,-1,1
2013981122213,2,9,0,18,0,1,0,0,1,0,0,1,6,2,8,1968,2,5,-1,2
2013981122413,1,-1,-1,16,0,0,0,0,0,0,0,1,6,1,-1,-1,-1,-1,-1,-1
2013981122413,2,9,0,9,0,0,1,0,2,10,1,1,6,2,5,1229,1,5,-1,3
2013981122713,1,9,0,18,0,0,0,0,0,1,1,1,6,1,8,1248,1,4,-1,3
2013981122713,2,9,0,3,0,0,0,0,0,0,2,1,2,2,7,1242,1,8,-1,3
2013981123013,1,9,0,16,0,0,1,0,0,0,1,1,6,2,6,1242,1,10,-1,3
2013981123013,2,9,0,17,0,0,5,0,1,9,3,1,2,1,6,1360,1,11,-1,2
2013981123313,1,9,0,16,0,1,0,4,0,0,1,1,2,2,5,1200,1,1,-1,1
2013981123313,2,9,0,3,0,1,0,4,0,0,2,1,6,1,6,1796,1,11,-1,1
2013981123313,3,9,0,10,0,1,0,0,0,0,2,1,2,1,8,2765,2,15,-1,3
2013981123613,1,9,0,18,9,0,5,0,1,11,3,1,6,1,5,1396,1,10,-1,3
2013981124213,1,9,0,18,0,0,0,12,0,0,1,1,2,1,8,1995,2,1,5,3
2013981124913,1,9,0,17,0,0,5,0,0,11,1,1,2,2,5,1349,1,5,-1,2
2013981125013,1,9,0,18,0,0,0,0,0,0,1,1,6,1,6,1199,1,10,-1,2
2013981125013,2,9,0,18,0,0,0,0,0,0,2,1,6,2,6,1753,2,5,-1,2
2013981125613,1,9,0,18,0,0,5,0,1,2,1,1,2,1,4,1590,1,11,-1,1
2013981125913,1,9,0,17,0,0,2,0,7,1,1,1,6,1,11,1597,1,7,-1,3
2013981126813,1,8,0,17,0,0,0,0,1,1,1,1,6,1,10,1998,2,8,-1,2
2013981127013,1,9,0,14,0,0,0,4,0,0,1,1,6,1,6,1242,1,4,2,1
2013981127013,2,9,0,2,0,0,0,4,0,0,2,1,6,3,-1,1598,2,1,-1,3
2013981127013,3,9,0,2,0,0,0,0,0,0,1,1,6,3,-1,1560,2,-1,-1,3
2013981127213,1,9,0,17,0,0,2,0,7,0,4,1,6,1,5,1248,2,2,-1,-1
2013981127413,1,9,0,13,0,0,1,0,0,0,1,1,6,1,9,1339,1,-1,-1,3
2013981127413,2,9,0,18,0,0,1,0,0,0,1,1,6,1,9,2460,2,16,-1,3
2013981127413,3,9,0,18,0,0,0,0,0,0,1,1,6,1,4,1997,2,9,-1,3
2013981127613,1,21,1,17,0,0,5,0,1,9,4,1,1,1,7,-1,-1,-1,-1,-1
2013981127713,1,9,0,17,0,0,2,0,1,0,4,1,2,2,4,998,1,7,-1,3
2013982100213,1,9,0,17,0,0,1,0,7,4,1,1,6,2,7,1997,2,4,-1,2
2013982100313,1,9,0,17,0,0,1,0,1,0,1,1,6,1,5,-1,-1,-1,-1,3
2013982100913,1,9,0,18,0,1,0,0,0,0,1,1,2,1,8,1149,1,10,-1,3
2013982101713,1,9,0,18,0,0,2,0,7,0,1,1,6,2,4,1229,1,5,-1,1
2013982102013,1,9,0,18,0,0,1,0,7,9,3,1,6,2,7,1590,1,10,-1,3
2013982102613,1,9,0,17,0,0,1,0,0,0,1,1,6,2,4,1149,1,2,-1,2
2013982102613,2,19,0,16,0,0,0,0,0,0,3,1,2,1,8,1560,2,1,-1,3
2013982102613,3,19,0,16,0,0,0,0,0,0,1,1,2,1,8,1248,2,7,-1,3
2013982102913,1,5,0,14,0,8,5,0,7,10,4,1,6,1,8,897,1,-1,-1,3
2013982102913,2,9,0,9,7,5,0,0,0,0,3,1,6,1,11,1360,1,6,-1,2
2013982103313,1,9,0,17,0,0,0,0,0,0,1,1,6,1,6,2184,2,8,-1,1
2013982103313,2,9,0,16,0,0,0,0,0,0,1,1,6,1,10,1560,2,4,-1,2
2013982104413,1,9,0,18,0,0,0,0,0,0,1,1,2,1,5,-1,-1,-1,-1,3
2013982104413,2,9,0,18,0,0,0,0,1,0,1,1,1,1,7,2400,2,3,-1,1
2013982104513,1,21,1,17,0,0,0,0,1,0,4,1,1,1,7,10837,2,-1,-1,2
2013982104713,1,9,0,17,0,0,1,0,1,11,1,1,6,1,6,1995,2,5,-1,1
2013982105413,1,19,0,18,0,0,0,0,7,11,1,1,1,1,6,2299,2,1,-1,-1
2013982105813,1,4,0,17,0,0,0,12,0,0,3,1,6,1,11,246,1,77,9,1
2013982106613,1,11,0,18,0,0,0,12,0,0,1,1,1,1,7,3900,2,7,-1,-1
2013982106713,1,1,0,18,0,0,0,0,0,0,4,1,6,1,2,-1,-1,-1,-1,2
2013982106713,2,9,0,18,0,0,0,0,0,0,1,1,6,1,4,1598,1,5,-1,2
2013982106913,1,9,0,17,0,0,0,0,0,0,1,1,6,1,11,1242,1,6,-1,2
2013982106913,2,21,1,17,0,0,1,0,0,1,1,1,1,1,7,-1,-1,-1,-1,-1
2013982106913,3,9,0,18,0,0,0,0,1,0,3,1,6,1,6,2993,2,4,5,1
2013982108513,1,9,0,18,0,0,2,0,0,10,1,1,6,1,7,1796,1,12,-1,1
2013982109113,1,9,0,18,0,0,0,0,0,0,1,1,6,1,6,1240,1,8,-1,2
2013982109213,1,19,0,9,0,5,0,0,0,0,1,1,6,1,6,1968,2,5,-1,2
2013982109213,2,1,0,18,0,8,0,0,0,0,4,1,6,1,3,-1,-1,-1,-1,2
2013982109413,1,9,0,17,0,0,2,0,0,11,1,1,6,1,6,1298,1,10,-1,3
2013982109613,1,21,2,17,9,0,0,0,7,11,1,1,1,1,7,12740,2,2,-1,3
2013982110713,1,9,4,18,0,0,1,0,0,0,1,1,2,1,6,2495,2,8,5,1
2013982110713,2,21,1,13,0,0,1,0,0,0,1,1,1,1,7,12419,2,2,-1,1
2013982110713,3,9,0,13,0,0,0,0,0,0,1,1,6,2,8,1298,1,10,-1,3
2013982110713,4,9,0,12,0,0,0,0,0,0,1,1,6,1,7,1968,2,9,4,1
2013982111113,1,9,0,18,0,0,1,0,1,11,1,1,6,2,4,1999,1,7,-1,2
2013982111513,1,9,0,16,0,0,0,0,0,4,1,1,6,2,9,1198,1,6,-1,3
2013982111813,1,3,0,18,0,1,2,0,0,0,3,1,6,1,4,125,1,4,-1,2
2013982111813,2,9,0,18,0,8,0,0,0,0,0,1,6,2,9,1422,2,5,-1,3
2013982112013,1,9,0,18,0,0,2,0,1,11,1,1,6,2,6,1796,1,10,-1,2
2013982113213,1,9,0,16,0,0,1,0,7,11,1,1,6,1,8,1997,2,13,-1,3
2013982113513,1,21,0,17,0,0,5,0,8,10,3,1,1,1,9,4462,2,-1,-1,1
2013982114213,1,9,0,18,0,0,0,0,0,0,1,1,6,3,-1,-1,-1,-1,-1,-1
2013982114813,1,9,0,18,0,0,1,0,7,4,1,1,2,2,5,1896,2,12,-1,3
2013982115513,1,9,0,3,0,5,0,0,0,0,1,1,6,2,9,1896,2,15,-1,3
2013982115513,2,3,0,18,0,1,1,0,0,0,1,1,2,1,5,125,1,8,-1,3
2013982115713,1,20,0,18,0,0,5,0,0,0,1,1,1,1,7,2402,2,2,-1,1
2013982115713,2,20,0,2,0,0,0,0,0,0,2,1,1,1,8,4461,2,5,-1,1
2013982116313,1,9,0,16,0,0,1,0,1,9,1,1,6,1,9,1997,2,9,1,1
2013982116413,1,9,0,18,0,0,0,0,7,4,1,1,6,2,6,1149,1,11,-1,2
2013982117413,1,9,0,16,0,0,0,0,0,0,1,1,6,1,11,1242,1,5,-1,3
2013982117413,2,19,0,17,0,0,0,0,0,0,1,1,1,1,6,1995,2,-1,-1,2
2013982117413,3,19,0,16,0,0,1,0,0,0,1,1,1,1,4,1560,2,6,-1,3
2013983100213,1,9,0,18,0,6,0,0,0,0,1,1,6,2,6,1422,2,7,-1,1
2013983100213,2,9,0,18,0,8,0,0,0,0,3,1,6,1,8,1956,2,1,-1,1
2013983100513,1,9,0,18,0,0,0,0,0,0,1,1,6,2,8,1242,1,10,-1,2
2013983101813,1,9,0,17,0,8,2,0,1,4,1,1,6,2,4,-1,-1,-1,-1,3
2013983102013,1,9,0,17,0,0,2,0,8,10,1,1,2,2,5,-1,-1,-1,-1,3
2013983102213,1,9,0,17,0,0,1,0,1,10,1,1,6,2,6,1587,1,10,-1,-1
2013983102813,1,19,0,5,0,6,0,0,0,0,3,1,6,1,11,1753,2,11,-1,3
2013983102813,2,9,0,18,0,1,0,0,0,0,1,1,6,2,5,1390,1,6,-1,3
2013983103113,1,9,0,18,0,0,1,0,1,11,3,1,6,1,9,1896,2,15,-1,3
2013983103213,1,9,0,18,0,0,0,0,0,0,4,1,1,1,9,-1,-1,-1,-1,3
2013983104113,1,9,0,6,0,0,0,0,0,0,3,1,1,2,7,1248,2,2,-1,3
2013983104113,2,9,0,18,0,0,0,0,0,0,1,1,6,2,7,1596,1,2,-1,3
2013983104413,1,19,0,9,0,8,0,0,3,0,1,1,1,1,9,2286,2,8,-1,3
2013983104413,2,9,0,13,0,8,0,0,7,0,1,1,6,1,11,1997,2,9,-1,3
2013983104513,1,9,0,17,0,0,1,0,1,11,1,1,1,1,7,1995,2,1,-1,3
2013983104713,1,9,0,18,0,1,0,0,0,0,1,1,6,1,4,1560,2,2,-1,3
2013983105113,1,9,0,18,9,3,0,10,1,2,1,1,6,1,4,1339,1,1,-1,3
2013983106113,1,8,0,9,0,2,0,0,0,0,1,1,1,2,9,1995,2,5,-1,1
2013983106513,1,5,0,18,0,0,1,0,0,0,0,1,6,2,8,645,1,4,-1,1
2013983106613,1,9,0,18,0,0,0,0,0,0,4,1,6,1,8,1598,1,14,-1,1
2013983106613,2,9,0,2,0,0,0,0,0,0,0,1,6,2,5,2720,2,6,-1,1
2013983106713,1,9,0,1,0,0,0,0,0,0,3,1,6,2,5,1598,1,6,-1,1
2013983106713,2,3,0,13,0,0,0,0,0,0,4,1,6,1,5,125,1,8,-1,1
2013983108213,1,1,0,18,0,8,0,0,0,0,2,1,6,1,8,-1,-1,-1,-1,1
2013983108213,2,9,0,18,0,4,0,0,0,0,2,1,6,1,8,-1,-1,-1,-1,3
2013983108913,1,9,0,18,0,8,2,0,7,11,1,1,6,2,8,1956,2,2,-1,3
2013983108913,2,9,0,9,0,8,0,0,0,0,3,1,6,1,9,1396,1,-1,-1,3
2013983109413,1,9,0,18,0,0,0,0,1,0,1,1,6,2,4,2982,2,4,-1,3
2013983109513,1,9,0,7,0,4,0,0,0,0,1,1,6,1,-1,-1,-1,-1,-1,-1
2013983109613,1,9,0,9,0,8,0,0,0,0,4,1,6,1,11,1997,1,14,-1,2
2013983109613,2,9,0,18,0,1,0,0,0,0,1,1,1,1,10,1248,2,6,-1,-1
2013983109813,1,9,0,18,0,0,0,0,0,0,1,1,6,2,5,1870,2,11,3,1
2013983109813,2,9,0,18,0,0,0,0,0,0,2,1,6,1,8,3200,2,13,-1,-1
2013983111213,1,9,0,18,0,0,1,0,0,0,4,1,6,1,5,1997,2,11,-1,1
2013983111213,2,9,0,18,0,0,0,0,0,0,1,1,6,1,8,1598,1,5,-1,1