Accident_Index,Vehicle_Reference,Vehicle_Type,Towing_and_Articulation,Vehicle_Manoeuvre,Vehicle_Location-Restricted_Lane,Junction_Location,Skidding_and_Overturning,Hit_Object_in_Carriageway,Vehicle_Leaving_Carriageway,Hit_Object_off_Carriageway,1st_Point_of_Impact,Was_Vehicle_Left_Hand_Drive?,Journey_Purpose_of_Driver,Sex_of_Driver,Age_Band_of_Driver,Engine_Capacity_(CC),Propulsion_Code,Age_of_Vehicle,Driver_IMD_Decile,Driver_Home_Area_Type
2013983111213,3,9,0,4,0,0,0,0,0,0,3,1,6,1,7,1686,2,2,-1,2
2013983111213,4,9,0,18,0,0,0,0,1,0,1,1,6,1,7,1951,2,9,-1,2
2013983112213,1,9,0,18,0,2,0,0,0,0,1,1,6,1,6,1199,1,12,-1,-1
2013983112213,2,9,0,18,0,2,0,0,0,0,2,1,6,1,8,1995,2,1,-1,1
2013983114513,1,9,0,18,0,1,5,0,1,11,1,1,6,2,9,1343,1,8,4,1
2013983114913,1,9,0,18,0,0,0,0,0,0,1,1,6,1,7,2495,1,12,-1,1
2013983115113,1,9,0,5,0,1,0,0,0,0,1,1,6,1,9,2184,2,9,-1,3
2013983115113,2,20,0,18,0,1,0,0,0,0,0,1,1,1,7,2464,2,4,-1,3
2013983115713,1,9,0,9,0,2,0,0,0,0,1,1,1,1,8,1560,2,1,-1,1
2013983116713,1,2,0,7,0,8,2,0,0,0,4,1,2,1,4,49,1,-1,-1,1
2013983117013,1,9,0,17,0,0,5,0,2,11,1,1,6,1,5,1597,1,6,-1,1
2013983118313,1,11,0,17,0,0,0,0,0,0,1,1,1,2,7,6700,2,1,-1,3
2013983118313,2,9,0,16,0,0,0,0,0,0,1,1,2,1,8,1598,2,2,-1,3
2013983118513,1,9,0,18,0,0,0,0,7,11,1,2,6,1,8,-1,-1,-1,-1,-1
2013983118713,1,9,0,10,0,2,0,4,0,0,3,1,6,1,8,1796,1,6,-1,3
2013983118713,2,5,0,14,0,2,0,0,0,0,4,1,6,1,-1,599,1,22,-1,3
2013983119013,1,19,0,17,0,0,5,0,1,11,1,1,6,1,10,-1,-1,-1,-1,3
2013983119313,1,9,0,5,0,4,0,0,0,0,3,1,6,1,5,-1,-1,-1,-1,3
2013983119313,2,9,0,18,0,3,0,0,0,0,4,1,6,2,6,1398,1,-1,-1,-1
2013983119613,1,9,0,9,0,8,0,0,0,0,1,1,2,2,9,1998,1,8,-1,1
2013983119613,2,9,0,18,0,1,0,0,7,0,1,1,2,1,9,1896,2,4,5,3
2013983120013,1,4,0,18,0,0,0,0,0,0,0,1,6,3,-1,-1,-1,-1,-1,-1
2013983120013,2,9,0,18,0,0,2,0,7,9,1,1,6,2,5,1242,1,14,-1,2
2013983120713,1,5,0,18,0,0,2,0,0,0,1,1,6,1,5,955,1,6,7,3
2013983120713,2,9,0,18,0,0,0,0,0,0,2,1,6,1,8,1560,2,5,-1,-1
2013983121413,1,9,0,18,0,0,0,0,0,0,4,1,6,1,11,1124,1,12,-1,1
2013983121713,1,9,0,9,0,6,0,0,0,0,3,1,6,1,9,1493,2,7,-1,3
2013983121713,2,5,0,16,0,1,5,0,0,0,1,1,6,1,6,1157,1,17,-1,3
2013983121813,1,1,0,9,0,8,0,0,0,0,1,1,6,1,9,-1,-1,-1,-1,1
2013983121813,2,8,0,9,0,8,0,0,0,0,1,1,1,2,10,1598,2,3,-1,1
2013983121913,1,9,0,18,0,0,0,0,7,11,1,1,6,1,11,1796,1,13,9,1
2013983123313,1,9,0,18,0,0,5,0,0,0,0,1,6,1,10,1896,2,13,-1,3
2013983123813,1,19,0,9,0,0,0,0,0,0,3,1,1,1,7,1461,2,5,-1,1
2013983123813,2,9,0,18,0,0,0,0,0,0,1,1,2,1,5,1493,1,14,-1,3
2013983124013,1,9,4,16,0,0,0,0,0,0,0,1,6,3,-1,-1,-1,-1,-1,-1
2013983124013,2,9,0,17,0,0,1,0,7,11,1,1,6,1,4,1149,1,11,-1,1
2013983124413,1,9,0,16,0,0,0,0,7,0,1,1,2,1,6,1598,1,5,-1,3
2013983124413,2,9,0,17,0,0,0,0,1,11,1,1,2,1,9,1248,2,3,-1,3
2013983124613,1,9,0,13,0,0,0,0,7,0,1,1,6,1,4,1229,1,3,-1,1
2013983124613,2,9,0,18,0,0,0,0,0,0,1,1,6,1,9,2401,2,9,-1,2
2013983125113,1,9,0,9,0,8,0,0,0,0,3,1,6,2,11,1124,1,11,-1,3
2013983125113,2,5,0,18,0,1,2,0,0,0,3,1,6,1,7,848,1,3,-1,2
2013983125413,1,9,0,18,0,0,2,0,8,11,1,1,2,2,6,1229,1,4,-1,1
2013983125513,1,5,0,18,0,0,2,0,1,0,3,1,6,1,7,599,1,10,-1,-1
2013983125813,1,9,0,18,0,2,0,0,0,0,3,1,6,1,7,1686,2,3,-1,1
2013983126213,1,9,0,7,0,2,0,0,0,0,0,1,6,2,8,1598,2,1,-1,3
2013983126213,2,21,0,18,0,1,0,0,0,0,2,1,1,1,6,4461,2,3,-1,1
2013983126313,1,5,0,18,0,0,1,0,0,0,1,1,6,1,8,798,1,-1,-1,2
2013983127813,1,9,0,17,0,0,2,0,2,11,1,1,2,2,5,2184,2,10,-1,1
2013983127813,2,17,0,16,0,0,0,0,0,0,1,1,2,1,6,16000,2,-1,-1,1
2013983128013,1,19,0,18,0,0,0,0,0,0,4,1,1,1,8,2198,2,1,-1,1
2013983128213,1,19,4,18,0,1,0,0,0,0,4,1,6,1,10,1968,2,2,-1,-1
2013983129613,1,19,0,17,0,0,1,0,0,0,2,1,6,1,4,1364,2,7,-1,3
2013983129613,2,9,0,18,0,0,0,0,0,0,1,1,6,1,6,1598,1,5,2,1
2013983130013,1,3,0,18,0,0,5,0,0,0,4,1,2,1,7,125,1,1,-1,1
2013983130213,1,9,0,18,0,0,0,0,7,6,1,1,6,1,10,1582,2,3,-1,1
2013983130413,1,90,0,17,0,0,5,0,7,11,4,1,6,1,6,-1,-1,-1,-1,3
2013983130513,1,9,0,18,0,1,0,0,0,0,1,1,2,2,7,1248,1,-1,-1,1
2013983130513,2,19,0,7,0,5,0,0,0,0,4,1,1,1,7,1998,2,10,-1,3
2013983130813,1,9,0,4,0,4,0,0,0,0,1,1,6,1,6,1587,1,16,-1,1
2013983130813,2,9,0,3,0,4,0,0,0,0,2,1,2,2,8,1598,1,3,-1,1
2013983131113,1,5,0,16,0,0,5,0,1,0,1,1,6,1,8,749,1,28,-1,1
2013983131113,2,9,0,17,0,0,0,0,1,0,1,1,6,1,8,1560,2,-1,-1,2
2013983131313,1,9,0,3,0,4,0,0,0,0,3,1,6,2,4,1242,1,1,-1,3
2013983131313,2,21,1,18,0,4,0,0,0,0,4,1,1,1,8,10518,2,4,-1,1
2013983131513,1,9,0,16,0,0,2,0,2,10,4,1,6,1,6,1108,1,11,-1,3
2013983131613,1,9,0,12,0,0,2,0,1,11,1,1,6,1,5,1896,2,11,-1,2
2013983131713,1,9,0,18,0,2,0,0,0,0,1,1,1,1,9,998,1,12,-1,1
2013983131713,2,9,0,3,0,2,0,0,0,0,2,1,6,2,7,1397,1,4,-1,3
2013983132013,1,20,4,18,0,0,0,0,0,0,0,1,6,3,-1,-1,-1,-1,-1,-1
2013983132013,2,9,0,17,0,0,1,0,7,11,3,1,1,1,5,-1,-1,-1,-1,3
2013983132413,1,9,0,18,0,1,0,0,0,0,1,1,6,1,5,1242,1,10,-1,1
2013983132413,2,9,0,5,0,2,0,0,0,0,2,1,6,1,7,1910,2,6,-1,3
2013983132613,1,9,0,13,0,0,0,0,0,0,3,1,6,1,11,1598,1,8,-1,3
2013983132613,2,21,1,13,0,0,0,0,0,0,4,1,1,1,8,11705,2,5,-1,1
2013983132613,3,17,5,17,0,0,0,0,0,0,3,1,1,1,9,6600,2,13,-1,3
2013983132813,1,3,0,3,0,1,0,0,0,0,3,1,2,1,6,125,1,5,-1,1
2013983132913,1,9,0,18,0,2,0,0,1,4,1,1,1,2,5,1995,1,11,-1,3
2013983133013,1,9,0,18,0,4,0,0,0,0,1,1,6,2,8,1968,2,3,-1,1
2013983133013,2,19,0,4,0,4,0,0,0,0,2,1,6,1,10,2402,2,9,-1,3
2013983133913,1,9,0,16,0,0,1,0,2,11,4,1,2,2,7,1796,1,12,-1,1
2013983134213,1,9,0,18,0,0,1,0,1,0,1,1,1,1,10,-1,-1,-1,-1,1
2013983134213,2,9,0,18,0,0,5,0,0,0,1,1,6,2,6,2179,2,1,-1,1
2013983134213,3,9,0,18,0,0,1,0,0,0,3,1,6,1,7,-1,-1,-1,-1,1
2013983134213,4,9,0,18,0,0,0,0,1,0,1,1,1,1,5,-1,-1,-1,8,1
2013983135213,1,9,0,-1,0,8,0,0,0,0,4,1,6,3,-1,-1,-1,-1,-1,-1
2013983135213,2,1,0,18,0,8,0,0,0,0,1,1,6,1,8,-1,-1,-1,-1,1
2013983135313,1,3,0,18,0,0,1,0,0,0,3,1,6,1,7,125,1,4,-1,1
2013983135413,1,9,0,17,0,0,1,0,7,11,1,1,6,1,9,2198,2,7,-1,1
2013983135613,1,9,0,17,0,0,5,0,1,11,1,1,6,2,4,1200,1,11,-1,1
2013983135713,1,9,0,18,0,1,1,0,0,0,1,1,6,1,8,2198,2,8,-1,3
2013983135713,2,9,0,9,0,5,0,0,7,0,2,1,6,1,9,1783,1,10,-1,2
2013983136013,1,21,0,18,0,1,0,0,0,0,1,1,1,1,7,9603,2,14,-1,3
2013983136013,2,9,0,10,0,1,0,0,0,0,2,1,6,2,8,1362,1,-1,-1,3
2013983136213,1,9,0,18,0,0,1,0,0,0,1,1,1,1,6,-1,-1,-1,-1,1
2013983136213,2,9,0,18,0,0,1,0,0,0,1,1,6,2,8,1596,1,6,-1,2
2013983137213,1,9,0,9,0,5,0,0,0,0,4,1,6,2,7,1242,1,4,-1,2
2013983137213,2,9,0,18,0,8,0,0,0,0,1,1,6,1,11,1582,2,3,-1,3
2013983137213,3,9,0,10,0,6,0,0,0,0,3,1,6,1,9,1598,1,1,-1,1
2013983137313,1,9,0,17,0,2,2,0,1,11,1,1,6,1,6,1598,1,14,-1,3
2013983138313,1,19,0,5,0,4,0,0,0,0,1,1,1,1,8,2402,2,5,-1,1
2013983138313,2,9,0,3,0,1,0,0,0,0,2,1,6,2,9,1332,1,4,-1,1
2013983138613,1,9,0,18,0,0,0,0,0,0,4,1,6,1,9,1997,2,-1,-1,3
2013983138613,2,1,0,18,0,0,0,0,1,0,3,1,6,1,9,-1,-1,-1,-1,3
2013983138813,1,9,0,9,0,1,0,0,0,0,1,1,6,1,6,1364,1,5,-1,1
2013983138813,2,9,0,18,0,1,0,0,0,0,1,1,6,1,8,998,1,12,-1,1
2013983139313,1,9,0,1,0,8,0,0,0,0,2,1,6,1,6,1995,2,12,-1,1
2013983139613,1,9,0,11,0,4,0,0,0,0,1,1,6,3,-1,-1,-1,-1,-1,-1
2013983139613,2,4,0,8,0,4,0,0,0,0,1,1,2,1,6,618,1,10,-1,1
2013983140713,1,21,1,18,0,3,0,0,0,0,4,1,1,1,8,10518,2,2,-1,3
2013983141713,1,9,0,16,0,1,0,0,0,0,1,1,6,1,10,1968,2,-1,-1,1
2013983141713,2,20,4,17,0,1,0,0,0,0,1,1,1,1,7,12777,2,5,-1,3
2013983141813,1,9,0,18,0,0,0,0,0,0,1,1,6,2,6,1560,2,8,-1,3
2013983142113,1,21,1,18,0,0,0,0,0,0,4,1,1,1,5,11705,2,6,-1,1
2013983142113,2,2,0,18,0,0,1,0,2,7,2,1,6,1,9,50,1,5,-1,2
2013983142313,1,9,0,10,0,1,0,0,0,0,1,1,6,1,5,1998,1,10,-1,3
2013983143713,1,9,0,18,0,0,0,0,0,0,1,1,2,1,8,2148,2,11,-1,2
2013983145913,1,9,0,18,0,0,0,0,0,0,1,1,6,2,7,1598,1,1,-1,2
2013983145913,2,9,0,18,0,0,0,0,2,10,1,1,6,2,9,1598,2,2,-1,3
2013984100613,1,9,0,17,0,1,2,0,7,1,4,1,6,1,4,1229,1,1,-1,3
2013984101013,1,9,0,18,0,0,0,0,0,0,1,1,6,1,9,1197,1,1,-1,3
2013984101313,1,9,0,18,0,0,0,0,0,0,1,1,6,1,5,1390,1,2,-1,3
2013984101313,2,9,0,18,0,0,0,0,0,0,1,1,6,1,10,1560,2,6,-1,3
2013984101913,1,21,1,9,0,5,0,0,0,0,4,1,6,3,-1,-1,-1,-1,-1,-1
2013984101913,2,9,0,18,0,8,0,0,0,0,4,1,6,2,4,998,1,11,-1,3
2013984102513,1,9,0,18,0,0,2,0,7,11,4,1,6,2,7,1584,1,7,-1,3
2013984102613,1,9,0,18,0,0,0,0,0,0,3,1,6,1,4,1493,1,15,-1,2
2013984102613,2,9,0,18,0,0,0,0,1,0,1,1,6,1,7,1796,1,10,-1,2
2013984103113,1,9,0,13,0,0,5,0,0,0,1,1,6,3,8,1794,1,12,-1,-1
2013984103113,2,9,0,18,0,0,2,0,1,0,2,1,6,2,6,1598,1,9,-1,1
2013984103113,3,9,0,18,0,0,0,0,0,0,0,1,6,2,7,1753,2,12,-1,1
2013984103413,1,21,1,16,0,0,5,0,7,7,1,1,1,1,6,12600,2,10,2,1
2013984104113,1,21,1,18,0,0,3,0,1,10,3,1,1,1,8,-1,-1,-1,6,2
2013984104513,1,-1,-1,-1,0,0,0,0,0,0,-1,1,6,3,-1,-1,-1,-1,-1,-1
2013984104513,2,9,0,13,0,0,1,0,7,9,3,1,6,2,9,1994,1,14,10,1
2013984104713,1,9,0,17,0,0,1,0,8,4,1,1,6,1,5,1595,1,23,-1,2
2013984104913,1,9,0,18,0,6,0,0,0,0,1,1,6,2,8,1968,2,5,-1,3
2013984104913,2,9,0,9,0,5,0,0,0,0,3,1,6,1,10,2993,2,-1,-1,3
2013984105013,1,9,0,18,0,0,0,0,0,0,1,1,1,1,9,1598,2,-1,-1,2
2013984105013,2,9,0,18,0,0,0,0,0,0,2,1,6,1,7,1995,2,9,2,1
2013984106313,1,9,0,4,0,1,0,0,0,1,1,1,6,2,9,1870,2,9,-1,3
2013984106313,2,9,0,18,0,8,0,0,0,0,1,1,1,1,5,-1,-1,-1,-1,1
2013984106813,1,9,0,17,0,0,0,0,7,9,1,1,6,1,6,1796,1,13,-1,3
2013984106913,1,9,0,18,0,0,2,0,1,11,1,1,6,1,4,1242,1,11,-1,1
2013984108013,1,9,0,18,0,1,0,0,0,0,1,1,1,1,9,1968,2,1,-1,3
2013984108013,2,21,0,10,0,1,0,0,0,0,2,1,1,1,8,6692,2,4,-1,1
2013984108213,1,9,0,18,0,0,0,0,1,11,1,1,6,2,7,1796,1,4,-1,3
2013984108813,1,9,0,18,0,0,0,0,1,7,1,1,6,1,5,1198,1,9,-1,3
2013984109613,1,9,0,17,0,0,5,0,7,4,1,1,6,1,6,1679,1,12,-1,3
2013984110813,1,9,0,18,0,0,1,0,1,10,4,1,6,1,6,2793,1,16,2,1
2013984110913,1,9,0,16,0,0,0,0,7,4,2,1,6,1,4,1686,2,5,-1,3
2013984112113,1,9,0,18,0,0,0,0,8,4,1,1,6,1,11,1598,1,3,-1,2
2013984112213,1,9,0,9,0,2,0,0,0,0,3,1,1,1,7,2191,2,-1,-1,3
2013984112213,2,9,0,18,0,1,0,0,0,0,1,1,2,2,8,1398,2,4,-1,3
2013984112313,1,21,1,18,0,0,3,0,1,6,4,1,1,1,8,12882,2,7,-1,3
2013984113413,1,9,3,18,0,0,2,0,0,6,3,1,1,1,10,2982,2,4,-1,1
2013984113413,2,21,1,18,0,0,2,0,5,6,1,1,2,1,8,10837,2,-1,-1,1
2013984113413,3,21,4,18,0,0,0,0,0,0,1,1,1,1,9,10518,2,1,-1,1
2013984113413,4,20,0,18,0,0,0,0,0,0,1,1,1,1,6,-1,-1,-1,2,1
2013984113513,1,9,0,18,0,0,0,0,5,6,1,1,1,1,8,-1,-1,-1,7,1
2013984113513,2,10,0,3,0,0,0,0,0,0,2,1,6,1,6,1998,2,12,4,3
2013984113513,3,9,0,3,0,0,0,0,0,0,2,1,6,1,8,3498,1,7,-1,3
2013984113513,4,9,0,3,0,0,0,0,0,0,2,1,6,1,7,1560,2,1,-1,1
2013984113513,5,9,0,3,0,0,0,0,0,0,2,1,6,1,5,1896,2,7,-1,3
2013984113513,6,9,0,3,0,0,0,0,0,0,2,1,6,1,7,1598,2,1,-1,1
2013984114113,1,19,0,18,0,0,0,0,0,0,1,1,6,1,8,1868,2,7,-1,3
2013984114113,2,9,0,18,0,0,0,0,0,0,2,1,6,1,9,1461,2,6,5,3
2013984114413,1,9,0,16,0,0,2,0,2,9,4,1,6,1,6,1149,1,13,-1,1
2013984114613,1,9,0,9,0,1,0,0,0,0,4,1,6,2,9,1796,1,7,-1,3
2013984114613,2,9,0,18,0,1,0,0,0,0,1,1,6,2,8,1461,2,3,7,3
2013984114713,1,9,0,13,0,0,0,0,2,4,4,1,6,1,4,1753,2,5,-1,1
2013984114713,2,21,0,18,0,0,0,0,0,0,3,1,1,1,9,10518,2,3,-1,3
2013984115113,1,9,0,16,0,0,5,0,0,11,1,1,2,1,6,-1,-1,-1,-1,1
2013984115713,1,9,0,18,0,0,0,0,0,0,1,1,4,1,4,1124,1,10,-1,3
2013984115913,1,5,0,16,0,0,2,0,1,0,4,1,6,1,7,749,1,15,-1,2
2013984116513,1,9,0,17,0,0,2,0,1,4,4,1,6,2,5,1390,1,5,-1,3
2013984117113,1,9,0,16,0,0,0,0,5,6,1,1,1,1,7,2188,2,6,5,1
2013984117313,1,9,0,18,0,0,0,0,7,6,1,1,6,1,5,1998,1,7,-1,1
2013984117413,1,9,0,18,0,1,0,0,0,0,4,1,6,1,10,1396,1,1,-1,-1
2013984117413,2,9,0,18,0,1,0,0,3,0,1,1,6,2,8,1248,1,2,-1,3
2013984117513,1,9,0,18,0,0,2,0,7,7,1,1,6,1,7,1612,1,2,-1,1
2013984117713,1,3,0,18,0,0,0,0,0,0,0,1,6,1,8,-1,-1,-1,-1,-1
2013984117713,2,9,0,18,0,0,0,0,0,0,2,1,6,1,9,1998,2,4,-1,3
2013984117713,3,9,0,18,0,0,0,0,0,0,1,1,6,2,4,973,1,10,9,3
2013984118013,1,9,0,16,0,1,0,0,0,0,1,1,6,2,11,1043,1,23,-1,3
2013984118013,2,19,0,9,0,2,0,0,0,0,3,1,1,1,6,1753,2,7,-1,2
2013984118313,1,9,0,18,0,8,0,0,0,0,1,1,6,1,6,1997,1,9,-1,2
2013984118313,2,9,0,3,0,2,0,0,0,0,2,1,6,1,8,1896,2,12,-1,2
2013984118613,1,9,0,18,0,0,1,0,1,11,1,1,6,1,6,3436,1,3,-1,1
2013984118713,1,9,0,18,0,0,0,0,7,11,1,1,6,2,10,1598,2,2,-1,3
2013984118913,1,9,0,18,0,0,2,0,0,0,3,1,6,2,5,1149,1,8,7,1
2013984119713,1,9,0,13,0,0,1,0,1,4,1,1,6,2,6,1968,2,4,6,1
2013984119813,1,5,0,5,0,6,2,10,1,0,0,1,2,2,7,805,1,10,-1,2
2013984120013,1,5,0,18,0,0,2,10,0,0,1,1,6,1,9,988,1,10,1,1
2013984120513,1,9,0,5,0,8,0,0,0,0,1,1,6,2,8,2143,2,2,-1,-1
2013984120513,2,9,0,18,0,8,0,0,0,0,4,1,6,2,6,1560,2,3,-1,3
2013984120913,1,19,0,1,0,1,0,0,0,0,2,1,1,1,6,1968,2,3,-1,3
2013984120913,2,1,0,18,0,1,0,0,0,0,3,1,6,1,4,-1,-1,-1,-1,2
2013984121013,1,9,0,16,0,0,0,0,0,0,1,1,6,1,5,1196,1,16,-1,2
2013984121113,1,9,0,18,0,0,0,0,0,0,0,1,6,1,-1,-1,-1,-1,-1,-1
2013984121113,2,4,0,18,0,0,1,0,1,0,4,1,1,1,6,125,1,1,-1,1
2013984121213,1,9,0,17,0,0,0,4,1,11,1,1,6,2,11,1598,1,9,-1,2
2013984121213,2,9,0,2,0,0,0,0,0,0,1,1,6,3,-1,3200,2,2,-1,-1
2013984121213,3,9,0,2,0,0,0,0,1,0,2,1,6,3,-1,1242,1,5,-1,-1
2013984121213,4,9,0,2,0,0,0,0,0,0,2,1,6,3,-1,2967,1,8,-1,-1
2013984122113,1,9,0,9,0,6,5,0,0,0,3,1,2,2,5,998,1,10,-1,3
2013984122113,2,9,0,18,0,1,0,0,0,0,1,1,6,2,5,1242,1,-1,-1,1
2013984122613,1,9,0,18,0,0,0,0,0,0,1,1,2,1,9,1198,1,10,-1,1
2013984122613,2,9,0,18,0,0,0,0,0,0,1,1,6,1,5,1995,2,5,-1,3
2013984122713,1,9,0,18,0,0,5,0,5,6,1,1,1,1,7,-1,-1,-1,-1,1
2013984122713,2,21,1,18,0,0,0,0,0,0,2,1,1,1,8,11967,2,1,6,1
2013984122913,1,19,0,18,0,0,0,0,0,0,1,1,1,1,6,2151,2,12,4,1
2013984122913,2,21,1,18,0,0,0,0,0,0,2,1,1,1,7,11705,2,4,2,1
2013984123013,1,9,0,4,0,1,0,0,0,0,1,1,6,1,9,1598,2,1,-1,3
2013984123213,1,5,0,18,0,0,1,0,7,0,1,1,6,1,8,650,1,55,10,1
2013984123313,1,9,0,18,0,0,0,0,0,0,3,1,6,2,9,1956,2,2,3,3
2013984123313,2,17,4,18,0,0,0,0,0,0,3,1,1,1,8,-1,-1,-1,1,1
2013984123313,3,9,0,18,0,0,0,0,1,0,3,1,6,1,10,-1,-1,-1,-1,-1
2013984123313,4,9,0,18,0,0,0,0,1,0,0,1,6,1,8,1968,2,1,-1,-1
2013984123513,1,9,0,18,0,0,0,0,4,10,1,1,6,1,9,-1,-1,-1,-1,1
2013984123613,1,9,0,18,0,8,0,0,0,0,1,1,1,2,8,1242,1,10,-1,2
2013984123613,2,9,0,9,0,2,0,0,0,0,3,1,6,2,4,1198,1,6,-1,2
2013984123913,1,5,0,15,0,0,0,0,0,0,3,1,6,1,6,-1,-1,-1,2,1
2013984123913,2,19,0,4,0,0,0,0,0,0,2,1,1,1,9,1753,2,7,-1,2
2013984124613,1,9,0,9,0,8,0,0,0,0,1,1,6,1,10,1984,2,2,-1,3
2013984124613,2,19,0,18,0,1,0,0,0,0,1,1,6,2,8,1870,2,14,-1,3
2013984124913,1,9,0,12,0,0,0,0,0,0,2,1,6,1,6,1364,1,4,-1,1
2013984124913,2,5,0,13,0,0,1,4,0,0,1,1,6,1,7,937,1,14,-1,3
2013984125013,1,9,0,17,0,8,0,0,0,0,1,1,6,1,7,-1,-1,-1,-1,2
2013984125213,1,9,0,18,0,0,5,0,1,1,1,1,6,1,6,2143,2,2,9,1
2013984126013,1,9,0,9,0,8,0,0,0,0,1,1,6,1,8,1299,1,11,-1,2
2013984126013,2,11,0,18,0,8,0,0,0,0,3,1,6,1,5,4250,2,4,-1,2
2013984126813,1,9,0,18,0,1,0,0,7,10,1,1,6,1,5,1595,1,3,6,1
2013984127013,1,90,0,17,0,0,0,0,1,4,1,1,6,1,10,1584,2,23,7,1
2013984127213,1,9,0,18,0,0,0,0,1,3,1,1,6,1,6,1951,2,12,-1,3
2013984127313,1,5,0,17,0,0,5,0,1,0,4,1,6,1,8,779,1,-1,6,3
2013984128813,1,1,0,9,0,1,0,0,0,0,1,1,6,1,6,-1,-1,-1,-1,3
2013984128813,2,9,0,18,0,1,0,0,0,0,1,1,6,2,8,1997,2,10,-1,3
2013984129613,1,9,0,17,0,0,2,0,7,0,4,1,2,2,8,1461,2,3,-1,3
2013984130113,1,9,0,17,0,0,2,0,1,1,1,1,6,2,6,1299,1,12,-1,3
2013984130213,1,9,0,2,0,0,0,0,0,0,0,1,6,3,-1,1896,2,6,-1,-1
2013984130213,2,9,0,18,0,0,0,8,0,0,3,1,6,1,10,1794,1,8,-1,3
2013984130613,1,9,0,18,0,0,0,0,8,7,1,1,6,1,6,1798,1,5,-1,2
2013984130813,1,5,0,16,0,0,1,0,0,0,1,1,6,1,8,999,1,-1,-1,1
2013984130813,2,9,0,17,0,0,0,0,0,0,1,1,6,1,9,1493,1,32,-1,1
2013984130813,3,5,0,16,0,0,0,0,0,0,1,1,6,1,7,599,1,12,-1,1
2013984130913,1,9,0,18,0,2,0,0,0,0,1,1,6,1,4,1242,1,12,6,3
2013984130913,2,9,0,18,0,8,0,0,7,11,4,1,6,2,10,2495,2,14,-1,3
2013984131113,1,5,0,13,0,0,1,0,0,0,3,1,6,1,9,1250,1,13,-1,-1
2013984131613,1,9,0,1,0,0,0,0,0,0,3,1,6,1,5,1587,1,16,-1,3
2013984132713,1,9,0,18,0,0,0,0,0,0,1,1,1,1,5,1229,1,-1,8,2
2013984132713,2,9,0,18,0,0,1,0,0,0,2,1,6,1,9,1329,1,2,10,2
2013984133213,1,9,0,17,0,0,2,0,1,11,1,1,6,1,5,998,1,10,-1,2
2013984133413,1,9,0,11,0,0,5,6,2,7,1,1,6,1,7,1998,1,9,-1,1
2013984133713,1,9,0,18,0,6,0,0,3,0,1,1,6,1,4,1870,2,2,-1,-1
2013984133713,2,9,0,18,0,1,0,0,1,11,3,1,2,2,8,1398,2,-1,-1,3
2013984134713,1,9,0,18,0,0,1,0,2,7,3,1,2,1,6,1248,2,2,6,1
2013984134813,1,9,0,18,0,0,0,0,2,7,1,1,6,1,8,1896,2,8,3,1
2013984135613,1,9,0,17,0,0,0,0,1,7,1,1,1,1,6,1296,1,7,5,1
2013984136513,1,20,0,18,0,0,0,0,0,0,0,1,1,3,-1,-1,-1,-1,-1,-1
2013984136713,1,9,0,1,0,8,0,0,0,0,2,1,6,1,7,1399,2,5,-1,3
2013984138613,1,21,0,7,0,2,0,0,0,0,1,1,1,1,8,-1,-1,-1,-1,2
2013984138613,2,9,0,7,0,2,0,0,0,0,2,1,6,2,8,1390,1,7,4,1
2013984138913,1,19,0,17,0,0,0,0,1,11,1,1,1,1,8,1560,2,1,-1,3
2013984139013,1,21,1,18,0,0,5,0,0,0,4,1,1,1,9,-1,-1,-1,-1,-1
2013984139913,1,19,0,18,0,0,0,12,0,0,1,1,1,1,7,2402,2,7,2,1
2013984141213,1,9,0,9,0,6,0,0,3,0,3,1,6,1,5,1242,1,9,10,1
2013984141213,2,9,0,18,0,1,0,0,7,0,1,1,6,1,7,2993,2,5,9,1
2013984141313,1,9,0,16,0,0,0,0,5,6,1,1,6,1,4,1998,1,22,-1,2
2013984141713,1,9,0,9,0,1,0,0,0,0,0,1,6,1,11,1686,2,19,-1,3
2013984141713,2,9,0,18,0,1,0,0,0,0,1,1,6,1,6,1560,2,5,-1,3
2013984141713,3,9,0,10,0,1,0,0,0,0,1,1,6,1,4,1598,1,7,-1,3
2013984142113,1,9,0,9,0,6,0,0,0,0,1,1,6,2,5,1242,1,-1,-1,2
2013984142113,2,9,0,18,0,8,0,0,0,0,4,1,6,2,9,1124,1,11,-1,3
2013984142213,1,9,0,9,0,1,0,0,0,0,4,1,6,3,-1,-1,-1,-1,-1,-1
2013984142413,1,9,0,18,0,8,0,0,7,11,1,1,6,1,11,2400,2,3,-1,3
2013984142413,2,9,0,18,0,8,0,0,7,9,2,1,6,1,8,1560,2,7,-1,1
2013984142413,3,21,0,18,0,1,0,0,0,0,0,1,1,1,9,12777,2,5,7,3
2013984142813,1,9,0,18,0,0,1,0,0,6,3,1,6,1,6,1598,2,3,9,1
2013984142813,2,9,0,18,0,0,0,0,0,0,1,1,6,1,7,1870,2,9,2,1